{"skeleton":{"hash":"Gop82j4c5xhCrkfgipJj3oVegYk","spine":"2.1.27","width":425,"height":548.99,"images":"./images/"},"bones":[{"name":"root"},{"name":"baoyanjian","parent":"root"},{"name":"body01_","parent":"root","x":-97.96,"y":148.58},{"name":"body02_","parent":"root","x":89.47,"y":242.93},{"name":"body03_","parent":"root","x":-94.82,"y":254.26},{"name":"body04","parent":"root","x":93.24,"y":123.42},{"name":"dianliu_sword","parent":"root"},{"name":"fire1","parent":"root"},{"name":"fire2","parent":"root"},{"name":"fire3","parent":"root"},{"name":"fire4","parent":"root"},{"name":"fire5","parent":"root"},{"name":"kuosanhuan","parent":"root"},{"name":"kuosanhuan2","parent":"root"},{"name":"maichong1","parent":"root"},{"name":"maichong2","parent":"root"},{"name":"maichong3","parent":"root"},{"name":"maichong4","parent":"root"},{"name":"penshe_lizi","parent":"root"},{"name":"penshe_lizi2","parent":"root"},{"name":"pubu_B","parent":"root"},{"name":"pubu_FL","parent":"root"},{"name":"pubu_FR","parent":"root"},{"name":"ray_glow","parent":"root"},{"name":"ray_line","parent":"root"},{"name":"sheguang","parent":"root"},{"name":"suikuai","parent":"root"},{"name":"sword_","parent":"root","x":-0.88,"y":263.67},{"name":"sword_2","parent":"root","x":-0.88,"y":263.67},{"name":"trans_door","parent":"root","scaleX":1.12,"scaleY":1.12},{"name":"yanjiangkeng","parent":"root"},{"name":"yanjiangkeng_glow","parent":"root"},{"name":"body_glow01","parent":"body01_","x":9.85,"y":21.87},{"name":"body_glow02_","parent":"body02_","x":-8.17,"y":-5.66},{"name":"body_glow03_","parent":"body03_","x":6.91,"y":-3.77},{"name":"body_glow04","parent":"body04","x":-11.62,"y":21.75,"scaleX":-1},{"name":"pifeng01","parent":"body01_","x":-4.08,"y":2.29},{"name":"pifeng02","parent":"body02_","x":-0.77,"y":1.71},{"name":"pifeng03","parent":"body03_","x":1.23,"y":-1.18},{"name":"pifeng04","parent":"body04","x":-0.07,"y":1.81}],"slots":[{"name":"back_ground_","bone":"root","attachment":"back_ground_"},{"name":"yanjiangkeng","bone":"yanjiangkeng","blend":"additive"},{"name":"yanjiangkeng_glow","bone":"yanjiangkeng_glow","blend":"additive"},{"name":"rongyan_mask_","bone":"root","attachment":"rongyan_mask_"},{"name":"rongyan_B_","bone":"root","attachment":"rongyan_B_"},{"name":"pubu_B","bone":"pubu_B","blend":"additive"},{"name":"pifeng02","bone":"pifeng02"},{"name":"pifeng03","bone":"pifeng03"},{"name":"body03_","bone":"body03_","attachment":"body03_"},{"name":"body_glow03_","bone":"body_glow03_","color":"ff7d0764","attachment":"body_glow03_","blend":"additive"},{"name":"body02_","bone":"body02_","attachment":"body02_"},{"name":"maichong2","bone":"maichong2"},{"name":"body_glow02_","bone":"body_glow02_","color":"ff710064","attachment":"body_glow02_","blend":"additive"},{"name":"maichong3","bone":"maichong3"},{"name":"sword_","bone":"sword_","attachment":"sword_"},{"name":"sword_2","bone":"sword_2","blend":"additive"},{"name":"rongyan_F_","bone":"root","attachment":"rongyan_F_"},{"name":"pubu_FL","bone":"pubu_FL","blend":"additive"},{"name":"pubu_FR","bone":"pubu_FR","blend":"additive"},{"name":"longtou_","bone":"root","attachment":"longtou_"},{"name":"fire1","bone":"fire1"},{"name":"fire2","bone":"fire2"},{"name":"jitan03_","bone":"root","attachment":"jitan03_"},{"name":"jitan02_","bone":"root","attachment":"jitan02_"},{"name":"jitan01_","bone":"root","attachment":"jitan01_"},{"name":"fire3","bone":"fire3"},{"name":"fire4","bone":"fire4"},{"name":"fire5","bone":"fire5"},{"name":"maichong1","bone":"maichong1"},{"name":"maichong4","bone":"maichong4"},{"name":"baoyanjian","bone":"baoyanjian","blend":"additive"},{"name":"dianliu_sword","bone":"dianliu_sword","blend":"additive"},{"name":"kuosanhuan","bone":"kuosanhuan","blend":"additive"},{"name":"kuosanhuan2","bone":"kuosanhuan2","blend":"additive"},{"name":"penshe_lizi","bone":"penshe_lizi"},{"name":"penshe_lizi2","bone":"penshe_lizi2","blend":"additive"},{"name":"sheguang","bone":"sheguang","blend":"additive"},{"name":"suikuai","bone":"suikuai"},{"name":"trans_door","bone":"trans_door"},{"name":"body_glow01","bone":"body_glow01","color":"9c4739ff","attachment":"body_glow01_","blend":"additive"},{"name":"body_glow04","bone":"body_glow04","color":"9c4632ff","attachment":"body_glow01_","blend":"additive"},{"name":"body01_","bone":"body01_","attachment":"body01_"},{"name":"body04","bone":"body04","attachment":"body01_"},{"name":"pifeng01","bone":"pifeng01"},{"name":"pifeng04","bone":"pifeng04"},{"name":"ray_glow","bone":"ray_glow","blend":"additive"},{"name":"ray_line","bone":"ray_line","blend":"additive"}],"skins":{"default":{"back_ground_":{"back_ground_":{"x":-0.7,"y":-6.21,"width":425,"height":274}},"baoyanjian":{"baoyanjian_03_":{"width":120,"height":120},"baoyanjian_05_":{"width":120,"height":120},"baoyanjian_07_":{"width":120,"height":120},"baoyanjian_09_":{"width":120,"height":120},"baoyanjian_11_":{"width":120,"height":120},"baoyanjian_13_":{"width":120,"height":120},"baoyanjian_15_":{"width":120,"height":120},"baoyanjian_17_":{"width":120,"height":120},"baoyanjian_19_":{"width":120,"height":120}},"body01_":{"body01_":{"x":6.26,"y":0.69,"width":67,"height":105}},"body02_":{"body02_":{"x":0.32,"y":-3.15,"width":54,"height":102}},"body03_":{"body03_":{"x":-1.87,"y":2.02,"width":55,"height":103}},"body04":{"body01_":{"x":-8.99,"y":-0.32,"scaleX":-1,"width":67,"height":105}},"body_glow01":{"body_glow01_":{"x":-2.63,"y":-14.8,"width":67,"height":94}},"body_glow02_":{"body_glow02_":{"x":4.5,"y":2.5,"width":46,"height":102}},"body_glow03_":{"body_glow03_":{"x":-4.29,"y":5.79,"width":46,"height":103}},"body_glow04":{"body_glow01_":{"x":-2.63,"y":-14.8,"width":67,"height":94}},"dianliu_sword":{"dianliu_sword_00_":{"width":80,"height":128},"dianliu_sword_04_":{"width":80,"height":128},"dianliu_sword_08_":{"width":80,"height":128},"dianliu_sword_12_":{"width":80,"height":128},"dianliu_sword_16_":{"width":80,"height":128},"dianliu_sword_20_":{"width":80,"height":128},"dianliu_sword_24_":{"width":80,"height":128},"dianliu_sword_28_":{"width":80,"height":128},"dianliu_sword_32_":{"width":80,"height":128},"dianliu_sword_36_":{"width":80,"height":128},"dianliu_sword_40_":{"width":80,"height":128},"dianliu_sword_44_":{"width":80,"height":128},"dianliu_sword_48_":{"width":80,"height":128},"dianliu_sword_52_":{"width":80,"height":128},"dianliu_sword_56_":{"width":80,"height":128}},"fire1":{"fire_00_":{"width":60,"height":60},"fire_04_":{"width":60,"height":60},"fire_08_":{"width":60,"height":60},"fire_12_":{"width":60,"height":60},"fire_16_":{"width":60,"height":60},"fire_20_":{"width":60,"height":60},"fire_24_":{"width":60,"height":60},"fire_28_":{"width":60,"height":60},"fire_32_":{"width":60,"height":60},"fire_36_":{"width":60,"height":60},"fire_40_":{"width":60,"height":60},"fire_44_":{"width":60,"height":60},"fire_48_":{"width":60,"height":60},"fire_52_":{"width":60,"height":60},"fire_56_":{"width":60,"height":60}},"fire2":{"fire_00_":{"width":60,"height":60},"fire_04_":{"width":60,"height":60},"fire_08_":{"width":60,"height":60},"fire_12_":{"width":60,"height":60},"fire_16_":{"width":60,"height":60},"fire_20_":{"width":60,"height":60},"fire_24_":{"width":60,"height":60},"fire_28_":{"width":60,"height":60},"fire_32_":{"width":60,"height":60},"fire_36_":{"width":60,"height":60},"fire_40_":{"width":60,"height":60},"fire_44_":{"width":60,"height":60},"fire_48_":{"width":60,"height":60},"fire_52_":{"width":60,"height":60},"fire_56_":{"width":60,"height":60}},"fire3":{"fire_00_":{"width":60,"height":60},"fire_04_":{"width":60,"height":60},"fire_08_":{"width":60,"height":60},"fire_12_":{"width":60,"height":60},"fire_16_":{"width":60,"height":60},"fire_20_":{"width":60,"height":60},"fire_24_":{"width":60,"height":60},"fire_28_":{"width":60,"height":60},"fire_32_":{"width":60,"height":60},"fire_36_":{"width":60,"height":60},"fire_40_":{"width":60,"height":60},"fire_44_":{"width":60,"height":60},"fire_48_":{"width":60,"height":60},"fire_52_":{"width":60,"height":60},"fire_56_":{"width":60,"height":60}},"fire4":{"fire_00_":{"width":60,"height":60},"fire_04_":{"width":60,"height":60},"fire_08_":{"width":60,"height":60},"fire_12_":{"width":60,"height":60},"fire_16_":{"width":60,"height":60},"fire_20_":{"width":60,"height":60},"fire_24_":{"width":60,"height":60},"fire_28_":{"width":60,"height":60},"fire_32_":{"width":60,"height":60},"fire_36_":{"width":60,"height":60},"fire_40_":{"width":60,"height":60},"fire_44_":{"width":60,"height":60},"fire_48_":{"width":60,"height":60},"fire_52_":{"width":60,"height":60},"fire_56_":{"width":60,"height":60}},"fire5":{"fire_00_":{"width":60,"height":60},"fire_04_":{"width":60,"height":60},"fire_08_":{"width":60,"height":60},"fire_12_":{"width":60,"height":60},"fire_16_":{"width":60,"height":60},"fire_20_":{"width":60,"height":60},"fire_24_":{"width":60,"height":60},"fire_28_":{"width":60,"height":60},"fire_32_":{"width":60,"height":60},"fire_36_":{"width":60,"height":60},"fire_40_":{"width":60,"height":60},"fire_44_":{"width":60,"height":60},"fire_48_":{"width":60,"height":60},"fire_52_":{"width":60,"height":60},"fire_56_":{"width":60,"height":60}},"jitan01_":{"jitan01_":{"x":-75.7,"y":-5.71,"width":51,"height":55}},"jitan02_":{"jitan02_":{"x":-83.7,"y":83.28,"width":51,"height":55}},"jitan03_":{"jitan03_":{"x":75.29,"y":74.28,"width":51,"height":55}},"kuosanhuan":{"kuosanhuan_05_":{"width":256,"height":256},"kuosanhuan_06_":{"width":256,"height":256},"kuosanhuan_07_":{"width":256,"height":256},"kuosanhuan_08_":{"width":256,"height":256},"kuosanhuan_09_":{"width":256,"height":256},"kuosanhuan_10_":{"width":256,"height":256},"kuosanhuan_11_":{"width":256,"height":256},"kuosanhuan_12_":{"width":256,"height":256}},"kuosanhuan2":{"kuosanhuan_05_":{"width":256,"height":256},"kuosanhuan_06_":{"width":256,"height":256},"kuosanhuan_07_":{"width":256,"height":256},"kuosanhuan_08_":{"width":256,"height":256},"kuosanhuan_09_":{"width":256,"height":256},"kuosanhuan_10_":{"width":256,"height":256},"kuosanhuan_11_":{"width":256,"height":256},"kuosanhuan_12_":{"width":256,"height":256}},"longtou_":{"longtou_":{"x":80.79,"y":-7.21,"width":190,"height":160}},"maichong1":{"maichong_00_":{"width":200,"height":100},"maichong_02_":{"width":200,"height":100},"maichong_04_":{"width":200,"height":100},"maichong_06_":{"width":200,"height":100},"maichong_08_":{"width":200,"height":100},"maichong_10_":{"width":200,"height":100},"maichong_12_":{"width":200,"height":100},"maichong_14_":{"width":200,"height":100},"maichong_16_":{"width":200,"height":100},"maichong_18_":{"width":200,"height":100},"maichong_20_":{"width":200,"height":100},"maichong_22_":{"width":200,"height":100},"maichong_24_":{"width":200,"height":100},"maichong_26_":{"width":200,"height":100},"maichong_28_":{"width":200,"height":100}},"maichong2":{"maichong_00_":{"width":200,"height":100},"maichong_02_":{"width":200,"height":100},"maichong_04_":{"width":200,"height":100},"maichong_06_":{"width":200,"height":100},"maichong_08_":{"width":200,"height":100},"maichong_10_":{"width":200,"height":100},"maichong_12_":{"width":200,"height":100},"maichong_14_":{"width":200,"height":100},"maichong_16_":{"width":200,"height":100},"maichong_18_":{"width":200,"height":100},"maichong_20_":{"width":200,"height":100},"maichong_22_":{"width":200,"height":100},"maichong_24_":{"width":200,"height":100},"maichong_26_":{"width":200,"height":100},"maichong_28_":{"width":200,"height":100}},"maichong3":{"maichong_00_":{"width":200,"height":100},"maichong_02_":{"width":200,"height":100},"maichong_04_":{"width":200,"height":100},"maichong_06_":{"width":200,"height":100},"maichong_08_":{"width":200,"height":100},"maichong_10_":{"width":200,"height":100},"maichong_12_":{"width":200,"height":100},"maichong_14_":{"width":200,"height":100},"maichong_16_":{"width":200,"height":100},"maichong_18_":{"width":200,"height":100},"maichong_20_":{"width":200,"height":100},"maichong_22_":{"width":200,"height":100},"maichong_24_":{"width":200,"height":100},"maichong_26_":{"width":200,"height":100},"maichong_28_":{"width":200,"height":100}},"maichong4":{"maichong_00_":{"width":200,"height":100},"maichong_02_":{"width":200,"height":100},"maichong_04_":{"width":200,"height":100},"maichong_06_":{"width":200,"height":100},"maichong_08_":{"width":200,"height":100},"maichong_10_":{"width":200,"height":100},"maichong_12_":{"width":200,"height":100},"maichong_14_":{"width":200,"height":100},"maichong_16_":{"width":200,"height":100},"maichong_18_":{"width":200,"height":100},"maichong_20_":{"width":200,"height":100},"maichong_22_":{"width":200,"height":100},"maichong_24_":{"width":200,"height":100},"maichong_26_":{"width":200,"height":100},"maichong_28_":{"width":200,"height":100}},"penshe_lizi":{"penshe_lizi_01_":{"width":240,"height":360},"penshe_lizi_05_":{"width":240,"height":360},"penshe_lizi_09_":{"width":240,"height":360},"penshe_lizi_13_":{"width":240,"height":360},"penshe_lizi_17_":{"width":240,"height":360},"penshe_lizi_21_":{"width":240,"height":360},"penshe_lizi_25_":{"width":240,"height":360},"penshe_lizi_29_":{"width":240,"height":360},"penshe_lizi_33_":{"width":240,"height":360},"penshe_lizi_37_":{"width":240,"height":360},"penshe_lizi_41_":{"width":240,"height":360},"penshe_lizi_45_":{"width":240,"height":360},"penshe_lizi_49_":{"width":240,"height":360},"penshe_lizi_53_":{"width":240,"height":360}},"penshe_lizi2":{"penshe_lizi_01_":{"width":240,"height":360},"penshe_lizi_05_":{"width":240,"height":360},"penshe_lizi_09_":{"width":240,"height":360},"penshe_lizi_13_":{"width":240,"height":360},"penshe_lizi_17_":{"width":240,"height":360},"penshe_lizi_21_":{"width":240,"height":360},"penshe_lizi_25_":{"width":240,"height":360},"penshe_lizi_29_":{"width":240,"height":360},"penshe_lizi_33_":{"width":240,"height":360},"penshe_lizi_37_":{"width":240,"height":360},"penshe_lizi_41_":{"width":240,"height":360},"penshe_lizi_45_":{"width":240,"height":360},"penshe_lizi_49_":{"width":240,"height":360},"penshe_lizi_53_":{"width":240,"height":360}},"pifeng01":{"pifeng01_00_":{"width":88,"height":119},"pifeng01_04_":{"width":88,"height":119},"pifeng01_08_":{"width":88,"height":119},"pifeng01_12_":{"width":88,"height":119},"pifeng01_16_":{"width":88,"height":119},"pifeng01_20_":{"width":88,"height":119},"pifeng01_24_":{"width":88,"height":119},"pifeng01_28_":{"width":88,"height":119},"pifeng01_32_":{"width":88,"height":119},"pifeng01_36_":{"width":88,"height":119}},"pifeng02":{"pifeng02_00_":{"width":80,"height":113},"pifeng02_04_":{"width":80,"height":113},"pifeng02_08_":{"width":80,"height":113},"pifeng02_12_":{"width":80,"height":113},"pifeng02_16_":{"width":80,"height":113},"pifeng02_20_":{"width":80,"height":113},"pifeng02_24_":{"width":80,"height":113},"pifeng02_28_":{"width":80,"height":113},"pifeng02_32_":{"width":80,"height":113},"pifeng02_36_":{"width":80,"height":113}},"pifeng03":{"pifeng02_00_":{"width":80,"height":113},"pifeng02_04_":{"width":80,"height":113},"pifeng02_08_":{"width":80,"height":113},"pifeng02_12_":{"width":80,"height":113},"pifeng02_16_":{"width":80,"height":113},"pifeng02_20_":{"width":80,"height":113},"pifeng02_24_":{"width":80,"height":113},"pifeng02_28_":{"width":80,"height":113},"pifeng02_32_":{"width":80,"height":113},"pifeng02_36_":{"width":80,"height":113}},"pifeng04":{"pifeng01_00_":{"width":88,"height":119},"pifeng01_04_":{"width":88,"height":119},"pifeng01_08_":{"width":88,"height":119},"pifeng01_12_":{"width":88,"height":119},"pifeng01_16_":{"width":88,"height":119},"pifeng01_20_":{"width":88,"height":119},"pifeng01_24_":{"width":88,"height":119},"pifeng01_28_":{"width":88,"height":119},"pifeng01_32_":{"width":88,"height":119},"pifeng01_36_":{"width":88,"height":119}},"pubu_B":{"pubu_B_00_":{"width":160,"height":100},"pubu_B_04_":{"width":160,"height":100},"pubu_B_08_":{"width":160,"height":100},"pubu_B_12_":{"width":160,"height":100},"pubu_B_16_":{"width":160,"height":100},"pubu_B_20_":{"width":160,"height":100},"pubu_B_24_":{"width":160,"height":100},"pubu_B_28_":{"width":160,"height":100},"pubu_B_32_":{"width":160,"height":100},"pubu_B_36_":{"width":160,"height":100},"pubu_B_40_":{"width":160,"height":100},"pubu_B_44_":{"width":160,"height":100},"pubu_B_48_":{"width":160,"height":100},"pubu_B_52_":{"width":160,"height":100},"pubu_B_56_":{"width":160,"height":100}},"pubu_FL":{"pubu_FL_00_":{"width":90,"height":200},"pubu_FL_04_":{"width":90,"height":200},"pubu_FL_08_":{"width":90,"height":200},"pubu_FL_12_":{"width":90,"height":200},"pubu_FL_16_":{"width":90,"height":200},"pubu_FL_20_":{"width":90,"height":200},"pubu_FL_24_":{"width":90,"height":200},"pubu_FL_28_":{"width":90,"height":200},"pubu_FL_32_":{"width":90,"height":200},"pubu_FL_36_":{"width":90,"height":200},"pubu_FL_40_":{"width":90,"height":200},"pubu_FL_44_":{"width":90,"height":200},"pubu_FL_48_":{"width":90,"height":200},"pubu_FL_52_":{"width":90,"height":200},"pubu_FL_56_":{"width":90,"height":200}},"pubu_FR":{"pubu_FR00_":{"width":90,"height":200},"pubu_FR04_":{"width":90,"height":200},"pubu_FR08_":{"width":90,"height":200},"pubu_FR12_":{"width":90,"height":200},"pubu_FR16_":{"width":90,"height":200},"pubu_FR20_":{"width":90,"height":200},"pubu_FR24_":{"width":90,"height":200},"pubu_FR28_":{"width":90,"height":200},"pubu_FR32_":{"width":90,"height":200},"pubu_FR36_":{"width":90,"height":200},"pubu_FR40_":{"width":90,"height":200},"pubu_FR44_":{"width":90,"height":200},"pubu_FR48_":{"width":90,"height":200},"pubu_FR52_":{"width":90,"height":200},"pubu_FR56_":{"width":90,"height":200}},"ray_glow":{"ray_glow_00_":{"width":128,"height":128}},"ray_line":{"ray_line_00_":{"width":100,"height":400}},"rongyan_B_":{"rongyan_B_":{"x":-21.7,"y":165.28,"width":133,"height":99}},"rongyan_F_":{"rongyan_F_":{"x":0.29,"y":83.78,"width":149,"height":202}},"rongyan_mask_":{"rongyan_mask_":{"x":-39.7,"y":28.28,"width":41,"height":67}},"sheguang":{"sheguang_01_":{"width":480,"height":600},"sheguang_03_":{"width":480,"height":600},"sheguang_05_":{"width":480,"height":600},"sheguang_07_":{"width":480,"height":600},"sheguang_09_":{"width":480,"height":600},"sheguang_11_":{"width":480,"height":600},"sheguang_13_":{"width":480,"height":600},"sheguang_15_":{"width":480,"height":600},"sheguang_17_":{"width":480,"height":600},"sheguang_19_":{"width":480,"height":600},"sheguang_21_":{"width":480,"height":600}},"suikuai":{"suikuai_05_":{"width":160,"height":160},"suikuai_09_":{"width":160,"height":160},"suikuai_11_":{"width":160,"height":160},"suikuai_13_":{"width":160,"height":160},"suikuai_15_":{"width":160,"height":160},"suikuai_17_":{"width":160,"height":160},"suikuai_19_":{"width":160,"height":160},"suikuai_21_":{"width":160,"height":160},"suikuai_23_":{"width":160,"height":160},"suikuai_25_":{"width":160,"height":160},"suikuai_27_":{"width":160,"height":160},"suikuai_33_":{"width":160,"height":160},"suikuai_41_":{"width":160,"height":160},"suikuai_49_":{"width":160,"height":160}},"sword_":{"sword_":{"x":-0.32,"y":-58.88,"width":110,"height":402}},"sword_2":{"sword_":{"x":-0.32,"y":-58.88,"width":110,"height":402}},"trans_door":{"trans_door_00_":{"width":378,"height":461},"trans_door_02_":{"width":378,"height":461},"trans_door_04_":{"width":378,"height":461},"trans_door_06_":{"width":378,"height":461},"trans_door_08_":{"width":378,"height":461},"trans_door_10_":{"width":378,"height":461},"trans_door_12_":{"width":378,"height":461},"trans_door_14_":{"width":378,"height":461},"trans_door_16_":{"width":378,"height":461},"trans_door_18_":{"width":378,"height":461},"trans_door_20_":{"width":378,"height":461},"trans_door_22_":{"width":378,"height":461},"trans_door_24_":{"width":378,"height":461},"trans_door_26_":{"width":378,"height":461},"trans_door_28_":{"width":378,"height":461}},"yanjiangkeng":{"yanjiangkeng_00_":{"width":256,"height":200},"yanjiangkeng_02_":{"width":256,"height":200},"yanjiangkeng_04_":{"width":256,"height":200},"yanjiangkeng_06_":{"width":256,"height":200},"yanjiangkeng_08_":{"width":256,"height":200},"yanjiangkeng_10_":{"width":256,"height":200},"yanjiangkeng_12_":{"width":256,"height":200},"yanjiangkeng_14_":{"width":256,"height":200},"yanjiangkeng_16_":{"width":256,"height":200},"yanjiangkeng_18_":{"width":256,"height":200},"yanjiangkeng_20_":{"width":256,"height":200},"yanjiangkeng_22_":{"width":256,"height":200},"yanjiangkeng_24_":{"width":256,"height":200},"yanjiangkeng_26_":{"width":256,"height":200},"yanjiangkeng_28_":{"width":256,"height":200}},"yanjiangkeng_glow":{"yanjiangkeng_glow_00_":{"width":256,"height":200},"yanjiangkeng_glow_02_":{"width":256,"height":200},"yanjiangkeng_glow_04_":{"width":256,"height":200},"yanjiangkeng_glow_06_":{"width":256,"height":200},"yanjiangkeng_glow_08_":{"width":256,"height":200},"yanjiangkeng_glow_10_":{"width":256,"height":200},"yanjiangkeng_glow_12_":{"width":256,"height":200},"yanjiangkeng_glow_14_":{"width":256,"height":200},"yanjiangkeng_glow_16_":{"width":256,"height":200},"yanjiangkeng_glow_18_":{"width":256,"height":200},"yanjiangkeng_glow_20_":{"width":256,"height":200},"yanjiangkeng_glow_22_":{"width":256,"height":200},"yanjiangkeng_glow_24_":{"width":256,"height":200},"yanjiangkeng_glow_26_":{"width":256,"height":200},"yanjiangkeng_glow_28_":{"width":256,"height":200}}}},"animations":{"animation":{"slots":{"baoyanjian":{"attachment":[{"time":8.7,"name":"baoyanjian_03_"},{"time":8.7666,"name":"baoyanjian_05_"},{"time":8.8333,"name":"baoyanjian_07_"},{"time":8.9,"name":"baoyanjian_09_"},{"time":8.9666,"name":"baoyanjian_11_"},{"time":9.0333,"name":"baoyanjian_13_"},{"time":9.1,"name":"baoyanjian_15_"},{"time":9.1666,"name":"baoyanjian_17_"},{"time":9.2333,"name":"baoyanjian_19_"},{"time":9.3,"name":null}]},"body_glow01":{"color":[{"time":0,"color":"9c3f34bd"},{"time":2,"color":"9c4a2ebd"},{"time":2.3666,"color":"9c42213b"},{"time":4.3333,"color":"9c431c3b"},{"time":4.5,"color":"9c3e18ff"},{"time":7.3666,"color":"9c3e15ff"},{"time":7.6333,"color":"9c3b0c70"},{"time":9.9,"color":"9c420d70"},{"time":10.2,"color":"9c3901ff"}]},"body_glow04":{"color":[{"time":0,"color":"9c3f34bd"},{"time":2,"color":"9c4a2ebd"},{"time":2.3666,"color":"9c42213b"},{"time":4.3333,"color":"9c431c3b"},{"time":4.5,"color":"9c3e18ff"},{"time":7.3666,"color":"9c3e15ff"},{"time":7.6333,"color":"9c3b0c70"},{"time":9.9,"color":"9c420d70"},{"time":10.2,"color":"9c3901ff"}]},"body_glow02_":{"color":[{"time":0,"color":"ff710064"},{"time":1.8333,"color":"ff710083"},{"time":2.3333,"color":"ff710034","curve":"stepped"},{"time":4.3333,"color":"ff710034"},{"time":5,"color":"ff710079","curve":"stepped"},{"time":7.3333,"color":"ff710079"},{"time":7.8666,"color":"ff710033","curve":"stepped"},{"time":8.8666,"color":"ff710033"},{"time":9.3333,"color":"ff710064","curve":"stepped"},{"time":9.9666,"color":"ff710064"}]},"body_glow03_":{"color":[{"time":0,"color":"ff7d0764"},{"time":1.8333,"color":"ff7d0783"},{"time":2.3333,"color":"ff7d0734","curve":"stepped"},{"time":4.3333,"color":"ff7d0734"},{"time":5,"color":"ff7d0779","curve":"stepped"},{"time":7.3333,"color":"ff7d0779"},{"time":7.8666,"color":"ff7d0733","curve":"stepped"},{"time":8.8666,"color":"ff7d0733"},{"time":9.3333,"color":"ff7d0764","curve":"stepped"},{"time":9.9666,"color":"ff7d0764"}]},"dianliu_sword":{"attachment":[{"time":0,"name":"dianliu_sword_00_"},{"time":0.0666,"name":"dianliu_sword_04_"},{"time":0.1333,"name":"dianliu_sword_08_"},{"time":0.2,"name":"dianliu_sword_12_"},{"time":0.2666,"name":"dianliu_sword_16_"},{"time":0.3333,"name":"dianliu_sword_20_"},{"time":0.4,"name":"dianliu_sword_24_"},{"time":0.4666,"name":"dianliu_sword_28_"},{"time":0.5333,"name":"dianliu_sword_32_"},{"time":0.6,"name":"dianliu_sword_36_"},{"time":0.6666,"name":"dianliu_sword_40_"},{"time":0.7333,"name":"dianliu_sword_44_"},{"time":0.8,"name":"dianliu_sword_48_"},{"time":0.8666,"name":"dianliu_sword_52_"},{"time":0.9333,"name":"dianliu_sword_56_"},{"time":1,"name":"dianliu_sword_00_"},{"time":1.0666,"name":"dianliu_sword_04_"},{"time":1.1333,"name":"dianliu_sword_08_"},{"time":1.2,"name":"dianliu_sword_12_"},{"time":1.2666,"name":"dianliu_sword_16_"},{"time":1.3333,"name":"dianliu_sword_20_"},{"time":1.4,"name":"dianliu_sword_24_"},{"time":1.4666,"name":"dianliu_sword_28_"},{"time":1.5333,"name":"dianliu_sword_32_"},{"time":1.6,"name":"dianliu_sword_36_"},{"time":1.6666,"name":"dianliu_sword_40_"},{"time":1.7333,"name":"dianliu_sword_44_"},{"time":1.8,"name":"dianliu_sword_48_"},{"time":1.8666,"name":"dianliu_sword_52_"},{"time":1.9333,"name":"dianliu_sword_56_"},{"time":2,"name":null},{"time":10,"name":"dianliu_sword_56_"},{"time":10.0666,"name":"dianliu_sword_00_"},{"time":10.1333,"name":"dianliu_sword_04_"},{"time":10.2,"name":"dianliu_sword_08_"},{"time":10.2666,"name":"dianliu_sword_12_"},{"time":10.3333,"name":"dianliu_sword_16_"},{"time":10.4,"name":"dianliu_sword_20_"},{"time":10.4666,"name":"dianliu_sword_24_"},{"time":10.5333,"name":"dianliu_sword_28_"},{"time":10.6,"name":"dianliu_sword_32_"},{"time":10.6666,"name":"dianliu_sword_36_"},{"time":10.7333,"name":"dianliu_sword_40_"},{"time":10.8,"name":"dianliu_sword_44_"},{"time":10.8666,"name":"dianliu_sword_48_"},{"time":10.9333,"name":"dianliu_sword_52_"},{"time":11,"name":"dianliu_sword_56_"}],"color":[{"time":1.6666,"color":"ffffffff"},{"time":2,"color":"ffffff00","curve":"stepped"},{"time":10.0333,"color":"ffffff00","curve":[0,0.28,0.75,1]},{"time":10.2666,"color":"ffffffff"}]},"fire1":{"attachment":[{"time":0,"name":"fire_00_"},{"time":0.1333,"name":"fire_04_"},{"time":0.2666,"name":"fire_08_"},{"time":0.4,"name":"fire_12_"},{"time":0.5333,"name":"fire_16_"},{"time":0.6666,"name":"fire_20_"},{"time":0.8,"name":"fire_24_"},{"time":0.9333,"name":"fire_28_"},{"time":1.0666,"name":"fire_32_"},{"time":1.2,"name":"fire_36_"},{"time":1.3333,"name":"fire_40_"},{"time":1.4666,"name":"fire_44_"},{"time":1.6,"name":"fire_48_"},{"time":1.7333,"name":"fire_52_"},{"time":1.8666,"name":"fire_56_"},{"time":2,"name":"fire_00_"},{"time":2.1333,"name":"fire_04_"},{"time":2.2666,"name":"fire_08_"},{"time":2.4,"name":"fire_12_"},{"time":2.5333,"name":"fire_16_"},{"time":2.6666,"name":"fire_20_"},{"time":2.8,"name":"fire_24_"},{"time":2.9333,"name":"fire_28_"},{"time":3.0666,"name":"fire_32_"},{"time":3.2,"name":"fire_36_"},{"time":3.3333,"name":"fire_40_"},{"time":3.4666,"name":"fire_44_"},{"time":3.6,"name":"fire_48_"},{"time":3.7333,"name":"fire_52_"},{"time":3.8666,"name":"fire_56_"},{"time":4,"name":"fire_00_"},{"time":4.1333,"name":"fire_04_"},{"time":4.2666,"name":"fire_08_"},{"time":4.4,"name":"fire_12_"},{"time":4.5333,"name":"fire_16_"},{"time":4.6666,"name":"fire_20_"},{"time":4.8,"name":"fire_24_"},{"time":4.9333,"name":"fire_28_"},{"time":5.0666,"name":"fire_32_"},{"time":5.2,"name":"fire_36_"},{"time":5.3333,"name":"fire_40_"},{"time":5.4666,"name":"fire_44_"},{"time":5.6,"name":"fire_48_"},{"time":5.7333,"name":"fire_52_"},{"time":5.8666,"name":"fire_56_"},{"time":6,"name":"fire_00_"},{"time":6.1333,"name":"fire_04_"},{"time":6.2666,"name":"fire_08_"},{"time":6.4,"name":"fire_12_"},{"time":6.5333,"name":"fire_16_"},{"time":6.6666,"name":"fire_20_"},{"time":6.8,"name":"fire_24_"},{"time":6.9333,"name":"fire_28_"},{"time":7.0666,"name":"fire_32_"},{"time":7.2,"name":"fire_36_"},{"time":7.3333,"name":"fire_40_"},{"time":7.4666,"name":"fire_44_"},{"time":7.6,"name":"fire_48_"},{"time":7.7333,"name":"fire_52_"},{"time":7.8666,"name":"fire_56_"},{"time":8,"name":"fire_00_"},{"time":8.1333,"name":"fire_04_"},{"time":8.2666,"name":"fire_08_"},{"time":8.4,"name":"fire_12_"},{"time":8.5333,"name":"fire_16_"},{"time":8.6666,"name":"fire_20_"},{"time":8.8,"name":"fire_24_"},{"time":8.9333,"name":"fire_28_"},{"time":9.0666,"name":"fire_32_"},{"time":9.2,"name":"fire_36_"},{"time":9.3333,"name":"fire_40_"},{"time":9.4666,"name":"fire_44_"},{"time":9.6,"name":"fire_48_"},{"time":9.7333,"name":"fire_52_"},{"time":9.8666,"name":"fire_56_"}]},"fire2":{"attachment":[{"time":0,"name":"fire_00_"},{"time":0.1333,"name":"fire_04_"},{"time":0.2666,"name":"fire_08_"},{"time":0.4,"name":"fire_12_"},{"time":0.5333,"name":"fire_16_"},{"time":0.6666,"name":"fire_20_"},{"time":0.8,"name":"fire_24_"},{"time":0.9333,"name":"fire_28_"},{"time":1.0666,"name":"fire_32_"},{"time":1.2,"name":"fire_36_"},{"time":1.3333,"name":"fire_40_"},{"time":1.4666,"name":"fire_44_"},{"time":1.6,"name":"fire_48_"},{"time":1.7333,"name":"fire_52_"},{"time":1.8666,"name":"fire_56_"},{"time":2,"name":"fire_00_"},{"time":2.1333,"name":"fire_04_"},{"time":2.2666,"name":"fire_08_"},{"time":2.4,"name":"fire_12_"},{"time":2.5333,"name":"fire_16_"},{"time":2.6666,"name":"fire_20_"},{"time":2.8,"name":"fire_24_"},{"time":2.9333,"name":"fire_28_"},{"time":3.0666,"name":"fire_32_"},{"time":3.2,"name":"fire_36_"},{"time":3.3333,"name":"fire_40_"},{"time":3.4666,"name":"fire_44_"},{"time":3.6,"name":"fire_48_"},{"time":3.7333,"name":"fire_52_"},{"time":3.8666,"name":"fire_56_"},{"time":4,"name":"fire_00_"},{"time":4.1333,"name":"fire_04_"},{"time":4.2666,"name":"fire_08_"},{"time":4.4,"name":"fire_12_"},{"time":4.5333,"name":"fire_16_"},{"time":4.6666,"name":"fire_20_"},{"time":4.8,"name":"fire_24_"},{"time":4.9333,"name":"fire_28_"},{"time":5.0666,"name":"fire_32_"},{"time":5.2,"name":"fire_36_"},{"time":5.3333,"name":"fire_40_"},{"time":5.4666,"name":"fire_44_"},{"time":5.6,"name":"fire_48_"},{"time":5.7333,"name":"fire_52_"},{"time":5.8666,"name":"fire_56_"},{"time":6,"name":"fire_00_"},{"time":6.1333,"name":"fire_04_"},{"time":6.2666,"name":"fire_08_"},{"time":6.4,"name":"fire_12_"},{"time":6.5333,"name":"fire_16_"},{"time":6.6666,"name":"fire_20_"},{"time":6.8,"name":"fire_24_"},{"time":6.9333,"name":"fire_28_"},{"time":7.0666,"name":"fire_32_"},{"time":7.2,"name":"fire_36_"},{"time":7.3333,"name":"fire_40_"},{"time":7.4666,"name":"fire_44_"},{"time":7.6,"name":"fire_48_"},{"time":7.7333,"name":"fire_52_"},{"time":7.8666,"name":"fire_56_"},{"time":8,"name":"fire_00_"},{"time":8.1333,"name":"fire_04_"},{"time":8.2666,"name":"fire_08_"},{"time":8.4,"name":"fire_12_"},{"time":8.5333,"name":"fire_16_"},{"time":8.6666,"name":"fire_20_"},{"time":8.8,"name":"fire_24_"},{"time":8.9333,"name":"fire_28_"},{"time":9.0666,"name":"fire_32_"},{"time":9.2,"name":"fire_36_"},{"time":9.3333,"name":"fire_40_"},{"time":9.4666,"name":"fire_44_"},{"time":9.6,"name":"fire_48_"},{"time":9.7333,"name":"fire_52_"},{"time":9.8666,"name":"fire_56_"}]},"fire3":{"attachment":[{"time":0,"name":"fire_00_"},{"time":0.1333,"name":"fire_04_"},{"time":0.2666,"name":"fire_08_"},{"time":0.4,"name":"fire_12_"},{"time":0.5333,"name":"fire_16_"},{"time":0.6666,"name":"fire_20_"},{"time":0.8,"name":"fire_24_"},{"time":0.9333,"name":"fire_28_"},{"time":1.0666,"name":"fire_32_"},{"time":1.2,"name":"fire_36_"},{"time":1.3333,"name":"fire_40_"},{"time":1.4666,"name":"fire_44_"},{"time":1.6,"name":"fire_48_"},{"time":1.7333,"name":"fire_52_"},{"time":1.8666,"name":"fire_56_"},{"time":2,"name":"fire_00_"},{"time":2.1333,"name":"fire_04_"},{"time":2.2666,"name":"fire_08_"},{"time":2.4,"name":"fire_12_"},{"time":2.5333,"name":"fire_16_"},{"time":2.6666,"name":"fire_20_"},{"time":2.8,"name":"fire_24_"},{"time":2.9333,"name":"fire_28_"},{"time":3.0666,"name":"fire_32_"},{"time":3.2,"name":"fire_36_"},{"time":3.3333,"name":"fire_40_"},{"time":3.4666,"name":"fire_44_"},{"time":3.6,"name":"fire_48_"},{"time":3.7333,"name":"fire_52_"},{"time":3.8666,"name":"fire_56_"},{"time":4,"name":"fire_00_"},{"time":4.1333,"name":"fire_04_"},{"time":4.2666,"name":"fire_08_"},{"time":4.4,"name":"fire_12_"},{"time":4.5333,"name":"fire_16_"},{"time":4.6666,"name":"fire_20_"},{"time":4.8,"name":"fire_24_"},{"time":4.9333,"name":"fire_28_"},{"time":5.0666,"name":"fire_32_"},{"time":5.2,"name":"fire_36_"},{"time":5.3333,"name":"fire_40_"},{"time":5.4666,"name":"fire_44_"},{"time":5.6,"name":"fire_48_"},{"time":5.7333,"name":"fire_52_"},{"time":5.8666,"name":"fire_56_"},{"time":6,"name":"fire_00_"},{"time":6.1333,"name":"fire_04_"},{"time":6.2666,"name":"fire_08_"},{"time":6.4,"name":"fire_12_"},{"time":6.5333,"name":"fire_16_"},{"time":6.6666,"name":"fire_20_"},{"time":6.8,"name":"fire_24_"},{"time":6.9333,"name":"fire_28_"},{"time":7.0666,"name":"fire_32_"},{"time":7.2,"name":"fire_36_"},{"time":7.3333,"name":"fire_40_"},{"time":7.4666,"name":"fire_44_"},{"time":7.6,"name":"fire_48_"},{"time":7.7333,"name":"fire_52_"},{"time":7.8666,"name":"fire_56_"},{"time":8,"name":"fire_00_"},{"time":8.1333,"name":"fire_04_"},{"time":8.2666,"name":"fire_08_"},{"time":8.4,"name":"fire_12_"},{"time":8.5333,"name":"fire_16_"},{"time":8.6666,"name":"fire_20_"},{"time":8.8,"name":"fire_24_"},{"time":8.9333,"name":"fire_28_"},{"time":9.0666,"name":"fire_32_"},{"time":9.2,"name":"fire_36_"},{"time":9.3333,"name":"fire_40_"},{"time":9.4666,"name":"fire_44_"},{"time":9.6,"name":"fire_48_"},{"time":9.7333,"name":"fire_52_"},{"time":9.8666,"name":"fire_56_"}]},"fire4":{"attachment":[{"time":0,"name":"fire_00_"},{"time":0.1333,"name":"fire_04_"},{"time":0.2666,"name":"fire_08_"},{"time":0.4,"name":"fire_12_"},{"time":0.5333,"name":"fire_16_"},{"time":0.6666,"name":"fire_20_"},{"time":0.8,"name":"fire_24_"},{"time":0.9333,"name":"fire_28_"},{"time":1.0666,"name":"fire_32_"},{"time":1.2,"name":"fire_36_"},{"time":1.3333,"name":"fire_40_"},{"time":1.4666,"name":"fire_44_"},{"time":1.6,"name":"fire_48_"},{"time":1.7333,"name":"fire_52_"},{"time":1.8666,"name":"fire_56_"},{"time":2,"name":"fire_00_"},{"time":2.1333,"name":"fire_04_"},{"time":2.2666,"name":"fire_08_"},{"time":2.4,"name":"fire_12_"},{"time":2.5333,"name":"fire_16_"},{"time":2.6666,"name":"fire_20_"},{"time":2.8,"name":"fire_24_"},{"time":2.9333,"name":"fire_28_"},{"time":3.0666,"name":"fire_32_"},{"time":3.2,"name":"fire_36_"},{"time":3.3333,"name":"fire_40_"},{"time":3.4666,"name":"fire_44_"},{"time":3.6,"name":"fire_48_"},{"time":3.7333,"name":"fire_52_"},{"time":3.8666,"name":"fire_56_"},{"time":4,"name":"fire_00_"},{"time":4.1333,"name":"fire_04_"},{"time":4.2666,"name":"fire_08_"},{"time":4.4,"name":"fire_12_"},{"time":4.5333,"name":"fire_16_"},{"time":4.6666,"name":"fire_20_"},{"time":4.8,"name":"fire_24_"},{"time":4.9333,"name":"fire_28_"},{"time":5.0666,"name":"fire_32_"},{"time":5.2,"name":"fire_36_"},{"time":5.3333,"name":"fire_40_"},{"time":5.4666,"name":"fire_44_"},{"time":5.6,"name":"fire_48_"},{"time":5.7333,"name":"fire_52_"},{"time":5.8666,"name":"fire_56_"},{"time":6,"name":"fire_00_"},{"time":6.1333,"name":"fire_04_"},{"time":6.2666,"name":"fire_08_"},{"time":6.4,"name":"fire_12_"},{"time":6.5333,"name":"fire_16_"},{"time":6.6666,"name":"fire_20_"},{"time":6.8,"name":"fire_24_"},{"time":6.9333,"name":"fire_28_"},{"time":7.0666,"name":"fire_32_"},{"time":7.2,"name":"fire_36_"},{"time":7.3333,"name":"fire_40_"},{"time":7.4666,"name":"fire_44_"},{"time":7.6,"name":"fire_48_"},{"time":7.7333,"name":"fire_52_"},{"time":7.8666,"name":"fire_56_"},{"time":8,"name":"fire_00_"},{"time":8.1333,"name":"fire_04_"},{"time":8.2666,"name":"fire_08_"},{"time":8.4,"name":"fire_12_"},{"time":8.5333,"name":"fire_16_"},{"time":8.6666,"name":"fire_20_"},{"time":8.8,"name":"fire_24_"},{"time":8.9333,"name":"fire_28_"},{"time":9.0666,"name":"fire_32_"},{"time":9.2,"name":"fire_36_"},{"time":9.3333,"name":"fire_40_"},{"time":9.4666,"name":"fire_44_"},{"time":9.6,"name":"fire_48_"},{"time":9.7333,"name":"fire_52_"},{"time":9.8666,"name":"fire_56_"}]},"fire5":{"attachment":[{"time":0,"name":"fire_00_"},{"time":0.1333,"name":"fire_04_"},{"time":0.2666,"name":"fire_08_"},{"time":0.4,"name":"fire_12_"},{"time":0.5333,"name":"fire_16_"},{"time":0.6666,"name":"fire_20_"},{"time":0.8,"name":"fire_24_"},{"time":0.9333,"name":"fire_28_"},{"time":1.0666,"name":"fire_32_"},{"time":1.2,"name":"fire_36_"},{"time":1.3333,"name":"fire_40_"},{"time":1.4666,"name":"fire_44_"},{"time":1.6,"name":"fire_48_"},{"time":1.7333,"name":"fire_52_"},{"time":1.8666,"name":"fire_56_"},{"time":2,"name":"fire_00_"},{"time":2.1333,"name":"fire_04_"},{"time":2.2666,"name":"fire_08_"},{"time":2.4,"name":"fire_12_"},{"time":2.5333,"name":"fire_16_"},{"time":2.6666,"name":"fire_20_"},{"time":2.8,"name":"fire_24_"},{"time":2.9333,"name":"fire_28_"},{"time":3.0666,"name":"fire_32_"},{"time":3.2,"name":"fire_36_"},{"time":3.3333,"name":"fire_40_"},{"time":3.4666,"name":"fire_44_"},{"time":3.6,"name":"fire_48_"},{"time":3.7333,"name":"fire_52_"},{"time":3.8666,"name":"fire_56_"},{"time":4,"name":"fire_00_"},{"time":4.1333,"name":"fire_04_"},{"time":4.2666,"name":"fire_08_"},{"time":4.4,"name":"fire_12_"},{"time":4.5333,"name":"fire_16_"},{"time":4.6666,"name":"fire_20_"},{"time":4.8,"name":"fire_24_"},{"time":4.9333,"name":"fire_28_"},{"time":5.0666,"name":"fire_32_"},{"time":5.2,"name":"fire_36_"},{"time":5.3333,"name":"fire_40_"},{"time":5.4666,"name":"fire_44_"},{"time":5.6,"name":"fire_48_"},{"time":5.7333,"name":"fire_52_"},{"time":5.8666,"name":"fire_56_"},{"time":6,"name":"fire_00_"},{"time":6.1333,"name":"fire_04_"},{"time":6.2666,"name":"fire_08_"},{"time":6.4,"name":"fire_12_"},{"time":6.5333,"name":"fire_16_"},{"time":6.6666,"name":"fire_20_"},{"time":6.8,"name":"fire_24_"},{"time":6.9333,"name":"fire_28_"},{"time":7.0666,"name":"fire_32_"},{"time":7.2,"name":"fire_36_"},{"time":7.3333,"name":"fire_40_"},{"time":7.4666,"name":"fire_44_"},{"time":7.6,"name":"fire_48_"},{"time":7.7333,"name":"fire_52_"},{"time":7.8666,"name":"fire_56_"},{"time":8,"name":"fire_00_"},{"time":8.1333,"name":"fire_04_"},{"time":8.2666,"name":"fire_08_"},{"time":8.4,"name":"fire_12_"},{"time":8.5333,"name":"fire_16_"},{"time":8.6666,"name":"fire_20_"},{"time":8.8,"name":"fire_24_"},{"time":8.9333,"name":"fire_28_"},{"time":9.0666,"name":"fire_32_"},{"time":9.2,"name":"fire_36_"},{"time":9.3333,"name":"fire_40_"},{"time":9.4666,"name":"fire_44_"},{"time":9.6,"name":"fire_48_"},{"time":9.7333,"name":"fire_52_"},{"time":9.8666,"name":"fire_56_"}]},"kuosanhuan":{"attachment":[{"time":4.4666,"name":"kuosanhuan_05_"},{"time":4.5333,"name":"kuosanhuan_06_"},{"time":4.6,"name":"kuosanhuan_07_"},{"time":4.6666,"name":"kuosanhuan_08_"},{"time":4.7333,"name":"kuosanhuan_09_"},{"time":4.8,"name":"kuosanhuan_10_"},{"time":4.8666,"name":"kuosanhuan_11_"},{"time":4.9333,"name":"kuosanhuan_12_"},{"time":5,"name":null},{"time":6.9333,"name":"kuosanhuan_12_"},{"time":6.9666,"name":"kuosanhuan_11_"},{"time":7,"name":"kuosanhuan_10_"},{"time":7.0333,"name":"kuosanhuan_09_"},{"time":7.0666,"name":"kuosanhuan_08_"},{"time":7.1,"name":"kuosanhuan_07_"},{"time":7.1333,"name":"kuosanhuan_06_"},{"time":7.1666,"name":"kuosanhuan_05_"},{"time":7.2,"name":null}]},"kuosanhuan2":{"attachment":[{"time":4.4666,"name":"kuosanhuan_05_"},{"time":4.5333,"name":"kuosanhuan_06_"},{"time":4.6,"name":"kuosanhuan_07_"},{"time":4.6666,"name":"kuosanhuan_08_"},{"time":4.7333,"name":"kuosanhuan_09_"},{"time":4.8,"name":"kuosanhuan_10_"},{"time":4.8666,"name":"kuosanhuan_11_"},{"time":4.9333,"name":"kuosanhuan_12_"},{"time":5,"name":null}]},"maichong1":{"attachment":[{"time":0,"name":"maichong_00_"},{"time":0.0666,"name":"maichong_02_"},{"time":0.1333,"name":"maichong_04_"},{"time":0.2,"name":"maichong_06_"},{"time":0.2666,"name":"maichong_08_"},{"time":0.3333,"name":"maichong_10_"},{"time":0.4,"name":"maichong_12_"},{"time":0.4666,"name":"maichong_14_"},{"time":0.5333,"name":"maichong_16_"},{"time":0.6,"name":"maichong_18_"},{"time":0.6666,"name":"maichong_20_"},{"time":0.7333,"name":"maichong_22_"},{"time":0.8,"name":"maichong_24_"},{"time":0.8666,"name":"maichong_26_"},{"time":0.9333,"name":"maichong_28_"},{"time":1,"name":"maichong_00_"},{"time":1.0666,"name":"maichong_02_"},{"time":1.1333,"name":"maichong_04_"},{"time":1.2,"name":"maichong_06_"},{"time":1.2666,"name":"maichong_08_"},{"time":1.3333,"name":"maichong_10_"},{"time":1.4,"name":"maichong_12_"},{"time":1.4666,"name":"maichong_14_"},{"time":1.5333,"name":"maichong_16_"},{"time":1.6,"name":"maichong_18_"},{"time":1.6666,"name":"maichong_20_"},{"time":1.7333,"name":"maichong_22_"},{"time":1.8,"name":"maichong_24_"},{"time":1.8666,"name":"maichong_26_"},{"time":1.9333,"name":"maichong_28_"},{"time":2,"name":null},{"time":9.9333,"name":"maichong_26_"},{"time":10,"name":"maichong_28_"},{"time":10.0666,"name":"maichong_00_"},{"time":10.1333,"name":"maichong_02_"},{"time":10.2,"name":"maichong_04_"},{"time":10.2666,"name":"maichong_06_"},{"time":10.3333,"name":"maichong_08_"},{"time":10.4,"name":"maichong_10_"},{"time":10.4666,"name":"maichong_12_"},{"time":10.5333,"name":"maichong_14_"},{"time":10.6,"name":"maichong_16_"},{"time":10.6666,"name":"maichong_18_"},{"time":10.7333,"name":"maichong_20_"},{"time":10.8,"name":"maichong_22_"},{"time":10.8666,"name":"maichong_24_"},{"time":10.9333,"name":"maichong_26_"},{"time":11,"name":"maichong_28_"}],"color":[{"time":1.6666,"color":"ffffffff"},{"time":2,"color":"ffffff00","curve":"stepped"},{"time":9.9333,"color":"ffffff00","curve":[0,0.25,0.75,1]},{"time":10.2666,"color":"ffffffff"}]},"maichong2":{"attachment":[{"time":0,"name":"maichong_10_"},{"time":0.0666,"name":"maichong_12_"},{"time":0.1333,"name":"maichong_14_"},{"time":0.2,"name":"maichong_16_"},{"time":0.2666,"name":"maichong_18_"},{"time":0.3333,"name":"maichong_20_"},{"time":0.4,"name":"maichong_22_"},{"time":0.4666,"name":"maichong_24_"},{"time":0.5333,"name":"maichong_26_"},{"time":0.6,"name":"maichong_28_"},{"time":0.6666,"name":"maichong_00_"},{"time":0.7333,"name":"maichong_02_"},{"time":0.8,"name":"maichong_04_"},{"time":0.8666,"name":"maichong_06_"},{"time":0.9333,"name":"maichong_08_"},{"time":1,"name":"maichong_10_"},{"time":1.0666,"name":"maichong_12_"},{"time":1.1333,"name":"maichong_14_"},{"time":1.2,"name":"maichong_16_"},{"time":1.2666,"name":"maichong_18_"},{"time":1.3333,"name":"maichong_20_"},{"time":1.4,"name":"maichong_22_"},{"time":1.4666,"name":"maichong_24_"},{"time":1.5333,"name":"maichong_26_"},{"time":1.6,"name":"maichong_28_"},{"time":1.6666,"name":"maichong_00_"},{"time":1.7333,"name":"maichong_02_"},{"time":1.8,"name":"maichong_04_"},{"time":1.8666,"name":"maichong_06_"},{"time":1.9333,"name":"maichong_08_"},{"time":2,"name":null},{"time":9.9333,"name":"maichong_06_"},{"time":10,"name":"maichong_08_"},{"time":10.0666,"name":"maichong_10_"},{"time":10.1333,"name":"maichong_12_"},{"time":10.2,"name":"maichong_14_"},{"time":10.2666,"name":"maichong_16_"},{"time":10.3333,"name":"maichong_18_"},{"time":10.4,"name":"maichong_20_"},{"time":10.4666,"name":"maichong_22_"},{"time":10.5333,"name":"maichong_24_"},{"time":10.6,"name":"maichong_26_"},{"time":10.6666,"name":"maichong_28_"},{"time":10.7333,"name":"maichong_00_"},{"time":10.8,"name":"maichong_02_"},{"time":10.8666,"name":"maichong_04_"},{"time":10.9333,"name":"maichong_06_"},{"time":11,"name":"maichong_08_"}],"color":[{"time":1.6666,"color":"ffffffff"},{"time":2,"color":"ffffff00","curve":"stepped"},{"time":9.9333,"color":"ffffff00","curve":[0.006,0.25,0.75,1]},{"time":10.2666,"color":"ffffffff"}]},"maichong3":{"attachment":[{"time":0,"name":"maichong_20_"},{"time":0.0666,"name":"maichong_22_"},{"time":0.1333,"name":"maichong_24_"},{"time":0.2,"name":"maichong_26_"},{"time":0.2666,"name":"maichong_28_"},{"time":0.3333,"name":"maichong_00_"},{"time":0.4,"name":"maichong_02_"},{"time":0.4666,"name":"maichong_04_"},{"time":0.5333,"name":"maichong_06_"},{"time":0.6,"name":"maichong_08_"},{"time":0.6666,"name":"maichong_10_"},{"time":0.7333,"name":"maichong_12_"},{"time":0.8,"name":"maichong_14_"},{"time":0.8666,"name":"maichong_16_"},{"time":0.9333,"name":"maichong_18_"},{"time":1,"name":"maichong_20_"},{"time":1.0666,"name":"maichong_22_"},{"time":1.1333,"name":"maichong_24_"},{"time":1.2,"name":"maichong_26_"},{"time":1.2666,"name":"maichong_28_"},{"time":1.3333,"name":"maichong_00_"},{"time":1.4,"name":"maichong_02_"},{"time":1.4666,"name":"maichong_04_"},{"time":1.5333,"name":"maichong_06_"},{"time":1.6,"name":"maichong_08_"},{"time":1.6666,"name":"maichong_10_"},{"time":1.7333,"name":"maichong_12_"},{"time":1.8,"name":"maichong_14_"},{"time":1.8666,"name":"maichong_16_"},{"time":1.9333,"name":"maichong_18_"},{"time":2,"name":null},{"time":9.9333,"name":"maichong_16_"},{"time":10,"name":"maichong_18_"},{"time":10.0666,"name":"maichong_20_"},{"time":10.1333,"name":"maichong_22_"},{"time":10.2,"name":"maichong_24_"},{"time":10.2666,"name":"maichong_26_"},{"time":10.3333,"name":"maichong_28_"},{"time":10.4,"name":"maichong_00_"},{"time":10.4666,"name":"maichong_02_"},{"time":10.5333,"name":"maichong_04_"},{"time":10.6,"name":"maichong_06_"},{"time":10.6666,"name":"maichong_08_"},{"time":10.7333,"name":"maichong_10_"},{"time":10.8,"name":"maichong_12_"},{"time":10.8666,"name":"maichong_14_"},{"time":10.9333,"name":"maichong_16_"},{"time":11,"name":"maichong_18_"}],"color":[{"time":1.6666,"color":"ffffffff"},{"time":2,"color":"ffffff00","curve":"stepped"},{"time":9.9333,"color":"ffffff00","curve":[0.001,0.26,0.75,1]},{"time":10.2666,"color":"ffffffff"}]},"maichong4":{"attachment":[{"time":0,"name":"maichong_06_"},{"time":0.0666,"name":"maichong_08_"},{"time":0.1333,"name":"maichong_10_"},{"time":0.2,"name":"maichong_12_"},{"time":0.2666,"name":"maichong_14_"},{"time":0.3333,"name":"maichong_16_"},{"time":0.4,"name":"maichong_18_"},{"time":0.4666,"name":"maichong_20_"},{"time":0.5333,"name":"maichong_22_"},{"time":0.6,"name":"maichong_24_"},{"time":0.6666,"name":"maichong_26_"},{"time":0.7333,"name":"maichong_28_"},{"time":0.8,"name":"maichong_00_"},{"time":0.8666,"name":"maichong_02_"},{"time":0.9333,"name":"maichong_04_"},{"time":1,"name":"maichong_06_"},{"time":1.0666,"name":"maichong_08_"},{"time":1.1333,"name":"maichong_10_"},{"time":1.2,"name":"maichong_12_"},{"time":1.2666,"name":"maichong_14_"},{"time":1.3333,"name":"maichong_16_"},{"time":1.4,"name":"maichong_18_"},{"time":1.4666,"name":"maichong_20_"},{"time":1.5333,"name":"maichong_22_"},{"time":1.6,"name":"maichong_24_"},{"time":1.6666,"name":"maichong_26_"},{"time":1.7333,"name":"maichong_28_"},{"time":1.8,"name":"maichong_00_"},{"time":1.8666,"name":"maichong_02_"},{"time":1.9333,"name":"maichong_04_"},{"time":2,"name":null},{"time":9.9333,"name":"maichong_02_"},{"time":10,"name":"maichong_04_"},{"time":10.0666,"name":"maichong_06_"},{"time":10.1333,"name":"maichong_08_"},{"time":10.2,"name":"maichong_10_"},{"time":10.2666,"name":"maichong_12_"},{"time":10.3333,"name":"maichong_14_"},{"time":10.4,"name":"maichong_16_"},{"time":10.4666,"name":"maichong_18_"},{"time":10.5333,"name":"maichong_20_"},{"time":10.6,"name":"maichong_22_"},{"time":10.6666,"name":"maichong_24_"},{"time":10.7333,"name":"maichong_26_"},{"time":10.8,"name":"maichong_28_"},{"time":10.8666,"name":"maichong_00_"},{"time":10.9333,"name":"maichong_02_"},{"time":11,"name":"maichong_04_"}],"color":[{"time":1.6666,"color":"ffffffff"},{"time":2,"color":"ffffff00","curve":"stepped"},{"time":9.9333,"color":"ffffff00","curve":[0,0.37,0.75,1]},{"time":10.2666,"color":"ffffffff"}]},"penshe_lizi":{"attachment":[{"time":1.7333,"name":"penshe_lizi_01_"},{"time":1.8,"name":"penshe_lizi_05_"},{"time":1.8666,"name":"penshe_lizi_09_"},{"time":1.9333,"name":"penshe_lizi_13_"},{"time":2,"name":"penshe_lizi_17_"},{"time":2.0666,"name":"penshe_lizi_21_"},{"time":2.1333,"name":"penshe_lizi_25_"},{"time":2.2,"name":"penshe_lizi_29_"},{"time":2.2666,"name":"penshe_lizi_33_"},{"time":2.3333,"name":"penshe_lizi_37_"},{"time":2.4,"name":"penshe_lizi_41_"},{"time":2.4666,"name":"penshe_lizi_45_"},{"time":2.5333,"name":"penshe_lizi_49_"},{"time":2.6,"name":"penshe_lizi_53_"},{"time":2.6666,"name":null}]},"penshe_lizi2":{"attachment":[{"time":1.7333,"name":"penshe_lizi_01_"},{"time":1.8,"name":"penshe_lizi_05_"},{"time":1.8666,"name":"penshe_lizi_09_"},{"time":1.9333,"name":"penshe_lizi_13_"},{"time":2,"name":"penshe_lizi_17_"},{"time":2.0666,"name":"penshe_lizi_21_"},{"time":2.1333,"name":"penshe_lizi_25_"},{"time":2.2,"name":"penshe_lizi_29_"},{"time":2.2666,"name":"penshe_lizi_33_"},{"time":2.3333,"name":"penshe_lizi_37_"},{"time":2.4,"name":"penshe_lizi_41_"},{"time":2.4666,"name":"penshe_lizi_45_"},{"time":2.5333,"name":"penshe_lizi_49_"},{"time":2.6,"name":"penshe_lizi_53_"},{"time":2.6666,"name":null}]},"pifeng01":{"attachment":[{"time":0,"name":"pifeng01_00_"},{"time":0.0666,"name":"pifeng01_04_"},{"time":0.1333,"name":"pifeng01_08_"},{"time":0.2,"name":"pifeng01_12_"},{"time":0.2666,"name":"pifeng01_16_"},{"time":0.3333,"name":"pifeng01_20_"},{"time":0.4,"name":"pifeng01_24_"},{"time":0.4666,"name":"pifeng01_28_"},{"time":0.5333,"name":"pifeng01_32_"},{"time":0.6,"name":"pifeng01_36_"},{"time":0.6666,"name":"pifeng01_00_"},{"time":0.7333,"name":"pifeng01_04_"},{"time":0.8,"name":"pifeng01_08_"},{"time":0.8666,"name":"pifeng01_12_"},{"time":0.9333,"name":"pifeng01_16_"},{"time":1,"name":"pifeng01_20_"},{"time":1.0666,"name":"pifeng01_24_"},{"time":1.1333,"name":"pifeng01_28_"},{"time":1.2,"name":"pifeng01_32_"},{"time":1.2666,"name":"pifeng01_36_"},{"time":1.3333,"name":"pifeng01_00_"},{"time":1.4,"name":"pifeng01_04_"},{"time":1.4666,"name":"pifeng01_08_"},{"time":1.5333,"name":"pifeng01_12_"},{"time":1.6,"name":"pifeng01_16_"},{"time":1.6666,"name":"pifeng01_20_"},{"time":1.7333,"name":"pifeng01_24_"},{"time":1.8,"name":"pifeng01_28_"},{"time":1.8666,"name":"pifeng01_32_"},{"time":1.9333,"name":"pifeng01_36_"},{"time":2,"name":"pifeng01_00_"},{"time":2.0666,"name":"pifeng01_04_"},{"time":2.1333,"name":"pifeng01_08_"},{"time":2.2,"name":"pifeng01_12_"},{"time":2.2666,"name":"pifeng01_16_"},{"time":2.3333,"name":"pifeng01_20_"},{"time":2.4,"name":"pifeng01_24_"},{"time":2.4666,"name":"pifeng01_28_"},{"time":2.5333,"name":"pifeng01_32_"},{"time":2.6,"name":"pifeng01_36_"},{"time":2.6666,"name":"pifeng01_00_"},{"time":2.7333,"name":"pifeng01_04_"},{"time":2.8,"name":"pifeng01_08_"},{"time":2.8666,"name":"pifeng01_12_"},{"time":2.9333,"name":"pifeng01_16_"},{"time":3,"name":"pifeng01_20_"},{"time":3.0666,"name":"pifeng01_24_"},{"time":3.1333,"name":"pifeng01_28_"},{"time":3.2,"name":"pifeng01_32_"},{"time":3.2666,"name":"pifeng01_36_"},{"time":3.3333,"name":"pifeng01_00_"},{"time":3.4,"name":"pifeng01_04_"},{"time":3.4666,"name":"pifeng01_08_"},{"time":3.5333,"name":"pifeng01_12_"},{"time":3.6,"name":"pifeng01_16_"},{"time":3.6666,"name":"pifeng01_20_"},{"time":3.7333,"name":"pifeng01_24_"},{"time":3.8,"name":"pifeng01_28_"},{"time":3.8666,"name":"pifeng01_32_"},{"time":3.9333,"name":"pifeng01_36_"},{"time":4,"name":"pifeng01_00_"},{"time":4.0666,"name":"pifeng01_04_"},{"time":4.1333,"name":"pifeng01_08_"},{"time":4.2,"name":"pifeng01_12_"},{"time":4.2666,"name":"pifeng01_16_"},{"time":4.3333,"name":"pifeng01_20_"},{"time":4.4,"name":"pifeng01_24_"},{"time":4.4666,"name":"pifeng01_28_"},{"time":4.5333,"name":"pifeng01_32_"},{"time":4.6,"name":"pifeng01_36_"},{"time":4.6666,"name":"pifeng01_00_"},{"time":4.7333,"name":"pifeng01_04_"},{"time":4.8,"name":"pifeng01_08_"},{"time":4.8666,"name":"pifeng01_12_"},{"time":4.9333,"name":"pifeng01_16_"},{"time":5,"name":"pifeng01_20_"},{"time":5.0666,"name":"pifeng01_24_"},{"time":5.1333,"name":"pifeng01_28_"},{"time":5.2,"name":"pifeng01_32_"},{"time":5.2666,"name":"pifeng01_36_"},{"time":5.3333,"name":"pifeng01_00_"},{"time":5.4,"name":"pifeng01_04_"},{"time":5.4666,"name":"pifeng01_08_"},{"time":5.5333,"name":"pifeng01_12_"},{"time":5.6,"name":"pifeng01_16_"},{"time":5.6666,"name":"pifeng01_20_"},{"time":5.7333,"name":"pifeng01_24_"},{"time":5.8,"name":"pifeng01_28_"},{"time":5.8666,"name":"pifeng01_32_"},{"time":5.9333,"name":"pifeng01_36_"},{"time":6,"name":"pifeng01_00_"},{"time":6.0666,"name":"pifeng01_04_"},{"time":6.1333,"name":"pifeng01_08_"},{"time":6.2,"name":"pifeng01_12_"},{"time":6.2666,"name":"pifeng01_16_"},{"time":6.3333,"name":"pifeng01_20_"},{"time":6.4,"name":"pifeng01_24_"},{"time":6.4666,"name":"pifeng01_28_"},{"time":6.5333,"name":"pifeng01_32_"},{"time":6.6,"name":"pifeng01_36_"},{"time":6.6666,"name":"pifeng01_00_"},{"time":6.7333,"name":"pifeng01_04_"},{"time":6.8,"name":"pifeng01_08_"},{"time":6.8666,"name":"pifeng01_12_"},{"time":6.9333,"name":"pifeng01_16_"},{"time":7,"name":"pifeng01_20_"},{"time":7.0666,"name":"pifeng01_24_"},{"time":7.1333,"name":"pifeng01_28_"},{"time":7.2,"name":"pifeng01_32_"},{"time":7.2666,"name":"pifeng01_36_"},{"time":7.3333,"name":"pifeng01_00_"},{"time":7.4,"name":"pifeng01_04_"},{"time":7.4666,"name":"pifeng01_08_"},{"time":7.5333,"name":"pifeng01_12_"},{"time":7.6,"name":"pifeng01_16_"},{"time":7.6666,"name":"pifeng01_20_"},{"time":7.7333,"name":"pifeng01_24_"},{"time":7.8,"name":"pifeng01_28_"},{"time":7.8666,"name":"pifeng01_32_"},{"time":7.9333,"name":"pifeng01_36_"},{"time":8,"name":"pifeng01_00_"},{"time":8.0666,"name":"pifeng01_04_"},{"time":8.1333,"name":"pifeng01_08_"},{"time":8.2,"name":"pifeng01_12_"},{"time":8.2666,"name":"pifeng01_16_"},{"time":8.3333,"name":"pifeng01_20_"},{"time":8.4,"name":"pifeng01_24_"},{"time":8.4666,"name":"pifeng01_28_"},{"time":8.5333,"name":"pifeng01_32_"},{"time":8.6,"name":"pifeng01_36_"},{"time":8.6666,"name":"pifeng01_00_"},{"time":8.7333,"name":"pifeng01_04_"},{"time":8.8,"name":"pifeng01_08_"},{"time":8.8666,"name":"pifeng01_12_"},{"time":8.9333,"name":"pifeng01_16_"},{"time":9,"name":"pifeng01_20_"},{"time":9.0666,"name":"pifeng01_24_"},{"time":9.1333,"name":"pifeng01_28_"},{"time":9.2,"name":"pifeng01_32_"},{"time":9.2666,"name":"pifeng01_36_"},{"time":9.3333,"name":"pifeng01_00_"},{"time":9.4,"name":"pifeng01_04_"},{"time":9.4666,"name":"pifeng01_08_"},{"time":9.5333,"name":"pifeng01_12_"},{"time":9.6,"name":"pifeng01_16_"},{"time":9.6666,"name":"pifeng01_20_"},{"time":9.7333,"name":"pifeng01_24_"},{"time":9.8,"name":"pifeng01_28_"},{"time":9.8666,"name":"pifeng01_32_"},{"time":9.9333,"name":"pifeng01_36_"},{"time":10,"name":"pifeng01_20_"},{"time":10.0666,"name":"pifeng01_24_"},{"time":10.1333,"name":"pifeng01_28_"},{"time":10.2,"name":"pifeng01_32_"},{"time":10.2666,"name":"pifeng01_36_"},{"time":10.3333,"name":"pifeng01_00_"},{"time":10.4,"name":"pifeng01_04_"},{"time":10.4666,"name":"pifeng01_08_"},{"time":10.5333,"name":"pifeng01_12_"},{"time":10.6,"name":"pifeng01_16_"},{"time":10.6666,"name":"pifeng01_20_"},{"time":10.7333,"name":"pifeng01_24_"},{"time":10.8,"name":"pifeng01_28_"},{"time":10.8666,"name":"pifeng01_32_"},{"time":10.9333,"name":"pifeng01_36_"}]},"pifeng02":{"attachment":[{"time":0,"name":"pifeng02_00_"},{"time":0.0666,"name":"pifeng02_04_"},{"time":0.1333,"name":"pifeng02_08_"},{"time":0.2,"name":"pifeng02_12_"},{"time":0.2666,"name":"pifeng02_16_"},{"time":0.3333,"name":"pifeng02_20_"},{"time":0.4,"name":"pifeng02_24_"},{"time":0.4666,"name":"pifeng02_28_"},{"time":0.5333,"name":"pifeng02_32_"},{"time":0.6,"name":"pifeng02_36_"},{"time":0.6666,"name":"pifeng02_00_"},{"time":0.7333,"name":"pifeng02_04_"},{"time":0.8,"name":"pifeng02_08_"},{"time":0.8666,"name":"pifeng02_12_"},{"time":0.9333,"name":"pifeng02_16_"},{"time":1,"name":"pifeng02_20_"},{"time":1.0666,"name":"pifeng02_24_"},{"time":1.1333,"name":"pifeng02_28_"},{"time":1.2,"name":"pifeng02_32_"},{"time":1.2666,"name":"pifeng02_36_"},{"time":1.3333,"name":"pifeng02_00_"},{"time":1.4,"name":"pifeng02_04_"},{"time":1.4666,"name":"pifeng02_08_"},{"time":1.5333,"name":"pifeng02_12_"},{"time":1.6,"name":"pifeng02_16_"},{"time":1.6666,"name":"pifeng02_20_"},{"time":1.7333,"name":"pifeng02_24_"},{"time":1.8,"name":"pifeng02_28_"},{"time":1.8666,"name":"pifeng02_32_"},{"time":1.9333,"name":"pifeng02_36_"},{"time":2,"name":"pifeng02_00_"},{"time":2.0666,"name":"pifeng02_04_"},{"time":2.1333,"name":"pifeng02_08_"},{"time":2.2,"name":"pifeng02_12_"},{"time":2.2666,"name":"pifeng02_16_"},{"time":2.3333,"name":"pifeng02_20_"},{"time":2.4,"name":"pifeng02_24_"},{"time":2.4666,"name":"pifeng02_28_"},{"time":2.5333,"name":"pifeng02_32_"},{"time":2.6,"name":"pifeng02_36_"},{"time":2.6666,"name":"pifeng02_00_"},{"time":2.7333,"name":"pifeng02_04_"},{"time":2.8,"name":"pifeng02_08_"},{"time":2.8666,"name":"pifeng02_12_"},{"time":2.9333,"name":"pifeng02_16_"},{"time":3,"name":"pifeng02_20_"},{"time":3.0666,"name":"pifeng02_24_"},{"time":3.1333,"name":"pifeng02_28_"},{"time":3.2,"name":"pifeng02_32_"},{"time":3.2666,"name":"pifeng02_36_"},{"time":3.3333,"name":"pifeng02_00_"},{"time":3.4,"name":"pifeng02_04_"},{"time":3.4666,"name":"pifeng02_08_"},{"time":3.5333,"name":"pifeng02_12_"},{"time":3.6,"name":"pifeng02_16_"},{"time":3.6666,"name":"pifeng02_20_"},{"time":3.7333,"name":"pifeng02_24_"},{"time":3.8,"name":"pifeng02_28_"},{"time":3.8666,"name":"pifeng02_32_"},{"time":3.9333,"name":"pifeng02_36_"},{"time":4,"name":"pifeng02_00_"},{"time":4.0666,"name":"pifeng02_04_"},{"time":4.1333,"name":"pifeng02_08_"},{"time":4.2,"name":"pifeng02_12_"},{"time":4.2666,"name":"pifeng02_16_"},{"time":4.3333,"name":"pifeng02_20_"},{"time":4.4,"name":"pifeng02_24_"},{"time":4.4666,"name":"pifeng02_28_"},{"time":4.5333,"name":"pifeng02_32_"},{"time":4.6,"name":"pifeng02_36_"},{"time":4.6666,"name":"pifeng02_00_"},{"time":4.7333,"name":"pifeng02_04_"},{"time":4.8,"name":"pifeng02_08_"},{"time":4.8666,"name":"pifeng02_12_"},{"time":4.9333,"name":"pifeng02_16_"},{"time":5,"name":"pifeng02_20_"},{"time":5.0666,"name":"pifeng02_24_"},{"time":5.1333,"name":"pifeng02_28_"},{"time":5.2,"name":"pifeng02_32_"},{"time":5.2666,"name":"pifeng02_36_"},{"time":5.3333,"name":"pifeng02_00_"},{"time":5.4,"name":"pifeng02_04_"},{"time":5.4666,"name":"pifeng02_08_"},{"time":5.5333,"name":"pifeng02_12_"},{"time":5.6,"name":"pifeng02_16_"},{"time":5.6666,"name":"pifeng02_20_"},{"time":5.7333,"name":"pifeng02_24_"},{"time":5.8,"name":"pifeng02_28_"},{"time":5.8666,"name":"pifeng02_32_"},{"time":5.9333,"name":"pifeng02_36_"},{"time":6,"name":"pifeng02_00_"},{"time":6.0666,"name":"pifeng02_04_"},{"time":6.1333,"name":"pifeng02_08_"},{"time":6.2,"name":"pifeng02_12_"},{"time":6.2666,"name":"pifeng02_16_"},{"time":6.3333,"name":"pifeng02_20_"},{"time":6.4,"name":"pifeng02_24_"},{"time":6.4666,"name":"pifeng02_28_"},{"time":6.5333,"name":"pifeng02_32_"},{"time":6.6,"name":"pifeng02_36_"},{"time":6.6666,"name":"pifeng02_00_"},{"time":6.7333,"name":"pifeng02_04_"},{"time":6.8,"name":"pifeng02_08_"},{"time":6.8666,"name":"pifeng02_12_"},{"time":6.9333,"name":"pifeng02_16_"},{"time":7,"name":"pifeng02_20_"},{"time":7.0666,"name":"pifeng02_24_"},{"time":7.1333,"name":"pifeng02_28_"},{"time":7.2,"name":"pifeng02_32_"},{"time":7.2666,"name":"pifeng02_36_"},{"time":7.3333,"name":"pifeng02_00_"},{"time":7.4,"name":"pifeng02_04_"},{"time":7.4666,"name":"pifeng02_08_"},{"time":7.5333,"name":"pifeng02_12_"},{"time":7.6,"name":"pifeng02_16_"},{"time":7.6666,"name":"pifeng02_20_"},{"time":7.7333,"name":"pifeng02_24_"},{"time":7.8,"name":"pifeng02_28_"},{"time":7.8666,"name":"pifeng02_32_"},{"time":7.9333,"name":"pifeng02_36_"},{"time":8,"name":"pifeng02_00_"},{"time":8.0666,"name":"pifeng02_04_"},{"time":8.1333,"name":"pifeng02_08_"},{"time":8.2,"name":"pifeng02_12_"},{"time":8.2666,"name":"pifeng02_16_"},{"time":8.3333,"name":"pifeng02_20_"},{"time":8.4,"name":"pifeng02_24_"},{"time":8.4666,"name":"pifeng02_28_"},{"time":8.5333,"name":"pifeng02_32_"},{"time":8.6,"name":"pifeng02_36_"},{"time":8.6666,"name":"pifeng02_00_"},{"time":8.7333,"name":"pifeng02_04_"},{"time":8.8,"name":"pifeng02_08_"},{"time":8.8666,"name":"pifeng02_12_"},{"time":8.9333,"name":"pifeng02_16_"},{"time":9,"name":"pifeng02_20_"},{"time":9.0666,"name":"pifeng02_24_"},{"time":9.1333,"name":"pifeng02_28_"},{"time":9.2,"name":"pifeng02_32_"},{"time":9.2666,"name":"pifeng02_36_"},{"time":9.3333,"name":"pifeng02_00_"},{"time":9.4,"name":"pifeng02_04_"},{"time":9.4666,"name":"pifeng02_08_"},{"time":9.5333,"name":"pifeng02_12_"},{"time":9.6,"name":"pifeng02_16_"},{"time":9.6666,"name":"pifeng02_20_"},{"time":9.7333,"name":"pifeng02_24_"},{"time":9.8,"name":"pifeng02_28_"},{"time":9.8666,"name":"pifeng02_32_"},{"time":9.9333,"name":"pifeng02_36_"},{"time":10,"name":"pifeng02_20_"},{"time":10.0666,"name":"pifeng02_24_"},{"time":10.1333,"name":"pifeng02_28_"},{"time":10.2,"name":"pifeng02_32_"},{"time":10.2666,"name":"pifeng02_36_"},{"time":10.3333,"name":"pifeng02_00_"},{"time":10.4,"name":"pifeng02_04_"},{"time":10.4666,"name":"pifeng02_08_"},{"time":10.5333,"name":"pifeng02_12_"},{"time":10.6,"name":"pifeng02_16_"},{"time":10.6666,"name":"pifeng02_20_"},{"time":10.7333,"name":"pifeng02_24_"},{"time":10.8,"name":"pifeng02_28_"},{"time":10.8666,"name":"pifeng02_32_"},{"time":10.9333,"name":"pifeng02_36_"}]},"pifeng03":{"attachment":[{"time":0,"name":"pifeng02_00_"},{"time":0.0666,"name":"pifeng02_04_"},{"time":0.1333,"name":"pifeng02_08_"},{"time":0.2,"name":"pifeng02_12_"},{"time":0.2666,"name":"pifeng02_16_"},{"time":0.3333,"name":"pifeng02_20_"},{"time":0.4,"name":"pifeng02_24_"},{"time":0.4666,"name":"pifeng02_28_"},{"time":0.5333,"name":"pifeng02_32_"},{"time":0.6,"name":"pifeng02_36_"},{"time":0.6666,"name":"pifeng02_00_"},{"time":0.7333,"name":"pifeng02_04_"},{"time":0.8,"name":"pifeng02_08_"},{"time":0.8666,"name":"pifeng02_12_"},{"time":0.9333,"name":"pifeng02_16_"},{"time":1,"name":"pifeng02_20_"},{"time":1.0666,"name":"pifeng02_24_"},{"time":1.1333,"name":"pifeng02_28_"},{"time":1.2,"name":"pifeng02_32_"},{"time":1.2666,"name":"pifeng02_36_"},{"time":1.3333,"name":"pifeng02_00_"},{"time":1.4,"name":"pifeng02_04_"},{"time":1.4666,"name":"pifeng02_08_"},{"time":1.5333,"name":"pifeng02_12_"},{"time":1.6,"name":"pifeng02_16_"},{"time":1.6666,"name":"pifeng02_20_"},{"time":1.7333,"name":"pifeng02_24_"},{"time":1.8,"name":"pifeng02_28_"},{"time":1.8666,"name":"pifeng02_32_"},{"time":1.9333,"name":"pifeng02_36_"},{"time":2,"name":"pifeng02_00_"},{"time":2.0666,"name":"pifeng02_04_"},{"time":2.1333,"name":"pifeng02_08_"},{"time":2.2,"name":"pifeng02_12_"},{"time":2.2666,"name":"pifeng02_16_"},{"time":2.3333,"name":"pifeng02_20_"},{"time":2.4,"name":"pifeng02_24_"},{"time":2.4666,"name":"pifeng02_28_"},{"time":2.5333,"name":"pifeng02_32_"},{"time":2.6,"name":"pifeng02_36_"},{"time":2.6666,"name":"pifeng02_00_"},{"time":2.7333,"name":"pifeng02_04_"},{"time":2.8,"name":"pifeng02_08_"},{"time":2.8666,"name":"pifeng02_12_"},{"time":2.9333,"name":"pifeng02_16_"},{"time":3,"name":"pifeng02_20_"},{"time":3.0666,"name":"pifeng02_24_"},{"time":3.1333,"name":"pifeng02_28_"},{"time":3.2,"name":"pifeng02_32_"},{"time":3.2666,"name":"pifeng02_36_"},{"time":3.3333,"name":"pifeng02_00_"},{"time":3.4,"name":"pifeng02_04_"},{"time":3.4666,"name":"pifeng02_08_"},{"time":3.5333,"name":"pifeng02_12_"},{"time":3.6,"name":"pifeng02_16_"},{"time":3.6666,"name":"pifeng02_20_"},{"time":3.7333,"name":"pifeng02_24_"},{"time":3.8,"name":"pifeng02_28_"},{"time":3.8666,"name":"pifeng02_32_"},{"time":3.9333,"name":"pifeng02_36_"},{"time":4,"name":"pifeng02_00_"},{"time":4.0666,"name":"pifeng02_04_"},{"time":4.1333,"name":"pifeng02_08_"},{"time":4.2,"name":"pifeng02_12_"},{"time":4.2666,"name":"pifeng02_16_"},{"time":4.3333,"name":"pifeng02_20_"},{"time":4.4,"name":"pifeng02_24_"},{"time":4.4666,"name":"pifeng02_28_"},{"time":4.5333,"name":"pifeng02_32_"},{"time":4.6,"name":"pifeng02_36_"},{"time":4.6666,"name":"pifeng02_00_"},{"time":4.7333,"name":"pifeng02_04_"},{"time":4.8,"name":"pifeng02_08_"},{"time":4.8666,"name":"pifeng02_12_"},{"time":4.9333,"name":"pifeng02_16_"},{"time":5,"name":"pifeng02_20_"},{"time":5.0666,"name":"pifeng02_24_"},{"time":5.1333,"name":"pifeng02_28_"},{"time":5.2,"name":"pifeng02_32_"},{"time":5.2666,"name":"pifeng02_36_"},{"time":5.3333,"name":"pifeng02_00_"},{"time":5.4,"name":"pifeng02_04_"},{"time":5.4666,"name":"pifeng02_08_"},{"time":5.5333,"name":"pifeng02_12_"},{"time":5.6,"name":"pifeng02_16_"},{"time":5.6666,"name":"pifeng02_20_"},{"time":5.7333,"name":"pifeng02_24_"},{"time":5.8,"name":"pifeng02_28_"},{"time":5.8666,"name":"pifeng02_32_"},{"time":5.9333,"name":"pifeng02_36_"},{"time":6,"name":"pifeng02_00_"},{"time":6.0666,"name":"pifeng02_04_"},{"time":6.1333,"name":"pifeng02_08_"},{"time":6.2,"name":"pifeng02_12_"},{"time":6.2666,"name":"pifeng02_16_"},{"time":6.3333,"name":"pifeng02_20_"},{"time":6.4,"name":"pifeng02_24_"},{"time":6.4666,"name":"pifeng02_28_"},{"time":6.5333,"name":"pifeng02_32_"},{"time":6.6,"name":"pifeng02_36_"},{"time":6.6666,"name":"pifeng02_00_"},{"time":6.7333,"name":"pifeng02_04_"},{"time":6.8,"name":"pifeng02_08_"},{"time":6.8666,"name":"pifeng02_12_"},{"time":6.9333,"name":"pifeng02_16_"},{"time":7,"name":"pifeng02_20_"},{"time":7.0666,"name":"pifeng02_24_"},{"time":7.1333,"name":"pifeng02_28_"},{"time":7.2,"name":"pifeng02_32_"},{"time":7.2666,"name":"pifeng02_36_"},{"time":7.3333,"name":"pifeng02_00_"},{"time":7.4,"name":"pifeng02_04_"},{"time":7.4666,"name":"pifeng02_08_"},{"time":7.5333,"name":"pifeng02_12_"},{"time":7.6,"name":"pifeng02_16_"},{"time":7.6666,"name":"pifeng02_20_"},{"time":7.7333,"name":"pifeng02_24_"},{"time":7.8,"name":"pifeng02_28_"},{"time":7.8666,"name":"pifeng02_32_"},{"time":7.9333,"name":"pifeng02_36_"},{"time":8,"name":"pifeng02_00_"},{"time":8.0666,"name":"pifeng02_04_"},{"time":8.1333,"name":"pifeng02_08_"},{"time":8.2,"name":"pifeng02_12_"},{"time":8.2666,"name":"pifeng02_16_"},{"time":8.3333,"name":"pifeng02_20_"},{"time":8.4,"name":"pifeng02_24_"},{"time":8.4666,"name":"pifeng02_28_"},{"time":8.5333,"name":"pifeng02_32_"},{"time":8.6,"name":"pifeng02_36_"},{"time":8.6666,"name":"pifeng02_00_"},{"time":8.7333,"name":"pifeng02_04_"},{"time":8.8,"name":"pifeng02_08_"},{"time":8.8666,"name":"pifeng02_12_"},{"time":8.9333,"name":"pifeng02_16_"},{"time":9,"name":"pifeng02_20_"},{"time":9.0666,"name":"pifeng02_24_"},{"time":9.1333,"name":"pifeng02_28_"},{"time":9.2,"name":"pifeng02_32_"},{"time":9.2666,"name":"pifeng02_36_"},{"time":9.3333,"name":"pifeng02_00_"},{"time":9.4,"name":"pifeng02_04_"},{"time":9.4666,"name":"pifeng02_08_"},{"time":9.5333,"name":"pifeng02_12_"},{"time":9.6,"name":"pifeng02_16_"},{"time":9.6666,"name":"pifeng02_20_"},{"time":9.7333,"name":"pifeng02_24_"},{"time":9.8,"name":"pifeng02_28_"},{"time":9.8666,"name":"pifeng02_32_"},{"time":9.9333,"name":"pifeng02_36_"},{"time":10,"name":"pifeng02_20_"},{"time":10.0666,"name":"pifeng02_24_"},{"time":10.1333,"name":"pifeng02_28_"},{"time":10.2,"name":"pifeng02_32_"},{"time":10.2666,"name":"pifeng02_36_"},{"time":10.3333,"name":"pifeng02_00_"},{"time":10.4,"name":"pifeng02_04_"},{"time":10.4666,"name":"pifeng02_08_"},{"time":10.5333,"name":"pifeng02_12_"},{"time":10.6,"name":"pifeng02_16_"},{"time":10.6666,"name":"pifeng02_20_"},{"time":10.7333,"name":"pifeng02_24_"},{"time":10.8,"name":"pifeng02_28_"},{"time":10.8666,"name":"pifeng02_32_"},{"time":10.9333,"name":"pifeng02_36_"}]},"pifeng04":{"attachment":[{"time":0,"name":"pifeng01_00_"},{"time":0.0666,"name":"pifeng01_04_"},{"time":0.1333,"name":"pifeng01_08_"},{"time":0.2,"name":"pifeng01_12_"},{"time":0.2666,"name":"pifeng01_16_"},{"time":0.3333,"name":"pifeng01_20_"},{"time":0.4,"name":"pifeng01_24_"},{"time":0.4666,"name":"pifeng01_28_"},{"time":0.5333,"name":"pifeng01_32_"},{"time":0.6,"name":"pifeng01_36_"},{"time":0.6666,"name":"pifeng01_00_"},{"time":0.7333,"name":"pifeng01_04_"},{"time":0.8,"name":"pifeng01_08_"},{"time":0.8666,"name":"pifeng01_12_"},{"time":0.9333,"name":"pifeng01_16_"},{"time":1,"name":"pifeng01_20_"},{"time":1.0666,"name":"pifeng01_24_"},{"time":1.1333,"name":"pifeng01_28_"},{"time":1.2,"name":"pifeng01_32_"},{"time":1.2666,"name":"pifeng01_36_"},{"time":1.3333,"name":"pifeng01_00_"},{"time":1.4,"name":"pifeng01_04_"},{"time":1.4666,"name":"pifeng01_08_"},{"time":1.5333,"name":"pifeng01_12_"},{"time":1.6,"name":"pifeng01_16_"},{"time":1.6666,"name":"pifeng01_20_"},{"time":1.7333,"name":"pifeng01_24_"},{"time":1.8,"name":"pifeng01_28_"},{"time":1.8666,"name":"pifeng01_32_"},{"time":1.9333,"name":"pifeng01_36_"},{"time":2,"name":"pifeng01_00_"},{"time":2.0666,"name":"pifeng01_04_"},{"time":2.1333,"name":"pifeng01_08_"},{"time":2.2,"name":"pifeng01_12_"},{"time":2.2666,"name":"pifeng01_16_"},{"time":2.3333,"name":"pifeng01_20_"},{"time":2.4,"name":"pifeng01_24_"},{"time":2.4666,"name":"pifeng01_28_"},{"time":2.5333,"name":"pifeng01_32_"},{"time":2.6,"name":"pifeng01_36_"},{"time":2.6666,"name":"pifeng01_00_"},{"time":2.7333,"name":"pifeng01_04_"},{"time":2.8,"name":"pifeng01_08_"},{"time":2.8666,"name":"pifeng01_12_"},{"time":2.9333,"name":"pifeng01_16_"},{"time":3,"name":"pifeng01_20_"},{"time":3.0666,"name":"pifeng01_24_"},{"time":3.1333,"name":"pifeng01_28_"},{"time":3.2,"name":"pifeng01_32_"},{"time":3.2666,"name":"pifeng01_36_"},{"time":3.3333,"name":"pifeng01_00_"},{"time":3.4,"name":"pifeng01_04_"},{"time":3.4666,"name":"pifeng01_08_"},{"time":3.5333,"name":"pifeng01_12_"},{"time":3.6,"name":"pifeng01_16_"},{"time":3.6666,"name":"pifeng01_20_"},{"time":3.7333,"name":"pifeng01_24_"},{"time":3.8,"name":"pifeng01_28_"},{"time":3.8666,"name":"pifeng01_32_"},{"time":3.9333,"name":"pifeng01_36_"},{"time":4,"name":"pifeng01_00_"},{"time":4.0666,"name":"pifeng01_04_"},{"time":4.1333,"name":"pifeng01_08_"},{"time":4.2,"name":"pifeng01_12_"},{"time":4.2666,"name":"pifeng01_16_"},{"time":4.3333,"name":"pifeng01_20_"},{"time":4.4,"name":"pifeng01_24_"},{"time":4.4666,"name":"pifeng01_28_"},{"time":4.5333,"name":"pifeng01_32_"},{"time":4.6,"name":"pifeng01_36_"},{"time":4.6666,"name":"pifeng01_00_"},{"time":4.7333,"name":"pifeng01_04_"},{"time":4.8,"name":"pifeng01_08_"},{"time":4.8666,"name":"pifeng01_12_"},{"time":4.9333,"name":"pifeng01_16_"},{"time":5,"name":"pifeng01_20_"},{"time":5.0666,"name":"pifeng01_24_"},{"time":5.1333,"name":"pifeng01_28_"},{"time":5.2,"name":"pifeng01_32_"},{"time":5.2666,"name":"pifeng01_36_"},{"time":5.3333,"name":"pifeng01_00_"},{"time":5.4,"name":"pifeng01_04_"},{"time":5.4666,"name":"pifeng01_08_"},{"time":5.5333,"name":"pifeng01_12_"},{"time":5.6,"name":"pifeng01_16_"},{"time":5.6666,"name":"pifeng01_20_"},{"time":5.7333,"name":"pifeng01_24_"},{"time":5.8,"name":"pifeng01_28_"},{"time":5.8666,"name":"pifeng01_32_"},{"time":5.9333,"name":"pifeng01_36_"},{"time":6,"name":"pifeng01_00_"},{"time":6.0666,"name":"pifeng01_04_"},{"time":6.1333,"name":"pifeng01_08_"},{"time":6.2,"name":"pifeng01_12_"},{"time":6.2666,"name":"pifeng01_16_"},{"time":6.3333,"name":"pifeng01_20_"},{"time":6.4,"name":"pifeng01_24_"},{"time":6.4666,"name":"pifeng01_28_"},{"time":6.5333,"name":"pifeng01_32_"},{"time":6.6,"name":"pifeng01_36_"},{"time":6.6666,"name":"pifeng01_00_"},{"time":6.7333,"name":"pifeng01_04_"},{"time":6.8,"name":"pifeng01_08_"},{"time":6.8666,"name":"pifeng01_12_"},{"time":6.9333,"name":"pifeng01_16_"},{"time":7,"name":"pifeng01_20_"},{"time":7.0666,"name":"pifeng01_24_"},{"time":7.1333,"name":"pifeng01_28_"},{"time":7.2,"name":"pifeng01_32_"},{"time":7.2666,"name":"pifeng01_36_"},{"time":7.3333,"name":"pifeng01_00_"},{"time":7.4,"name":"pifeng01_04_"},{"time":7.4666,"name":"pifeng01_08_"},{"time":7.5333,"name":"pifeng01_12_"},{"time":7.6,"name":"pifeng01_16_"},{"time":7.6666,"name":"pifeng01_20_"},{"time":7.7333,"name":"pifeng01_24_"},{"time":7.8,"name":"pifeng01_28_"},{"time":7.8666,"name":"pifeng01_32_"},{"time":7.9333,"name":"pifeng01_36_"},{"time":8,"name":"pifeng01_00_"},{"time":8.0666,"name":"pifeng01_04_"},{"time":8.1333,"name":"pifeng01_08_"},{"time":8.2,"name":"pifeng01_12_"},{"time":8.2666,"name":"pifeng01_16_"},{"time":8.3333,"name":"pifeng01_20_"},{"time":8.4,"name":"pifeng01_24_"},{"time":8.4666,"name":"pifeng01_28_"},{"time":8.5333,"name":"pifeng01_32_"},{"time":8.6,"name":"pifeng01_36_"},{"time":8.6666,"name":"pifeng01_00_"},{"time":8.7333,"name":"pifeng01_04_"},{"time":8.8,"name":"pifeng01_08_"},{"time":8.8666,"name":"pifeng01_12_"},{"time":8.9333,"name":"pifeng01_16_"},{"time":9,"name":"pifeng01_20_"},{"time":9.0666,"name":"pifeng01_24_"},{"time":9.1333,"name":"pifeng01_28_"},{"time":9.2,"name":"pifeng01_32_"},{"time":9.2666,"name":"pifeng01_36_"},{"time":9.3333,"name":"pifeng01_00_"},{"time":9.4,"name":"pifeng01_04_"},{"time":9.4666,"name":"pifeng01_08_"},{"time":9.5333,"name":"pifeng01_12_"},{"time":9.6,"name":"pifeng01_16_"},{"time":9.6666,"name":"pifeng01_20_"},{"time":9.7333,"name":"pifeng01_24_"},{"time":9.8,"name":"pifeng01_28_"},{"time":9.8666,"name":"pifeng01_32_"},{"time":9.9333,"name":"pifeng01_36_"},{"time":10,"name":"pifeng01_20_"},{"time":10.0666,"name":"pifeng01_24_"},{"time":10.1333,"name":"pifeng01_28_"},{"time":10.2,"name":"pifeng01_32_"},{"time":10.2666,"name":"pifeng01_36_"},{"time":10.3333,"name":"pifeng01_00_"},{"time":10.4,"name":"pifeng01_04_"},{"time":10.4666,"name":"pifeng01_08_"},{"time":10.5333,"name":"pifeng01_12_"},{"time":10.6,"name":"pifeng01_16_"},{"time":10.6666,"name":"pifeng01_20_"},{"time":10.7333,"name":"pifeng01_24_"},{"time":10.8,"name":"pifeng01_28_"},{"time":10.8666,"name":"pifeng01_32_"},{"time":10.9333,"name":"pifeng01_36_"}]},"pubu_B":{"attachment":[{"time":0,"name":"pubu_B_00_"},{"time":0.1333,"name":"pubu_B_04_"},{"time":0.2666,"name":"pubu_B_08_"},{"time":0.4,"name":"pubu_B_12_"},{"time":0.5333,"name":"pubu_B_16_"},{"time":0.6666,"name":"pubu_B_20_"},{"time":0.8,"name":"pubu_B_24_"},{"time":0.9333,"name":"pubu_B_28_"},{"time":1.0666,"name":"pubu_B_32_"},{"time":1.2,"name":"pubu_B_36_"},{"time":1.3333,"name":"pubu_B_40_"},{"time":1.4666,"name":"pubu_B_44_"},{"time":1.6,"name":"pubu_B_48_"},{"time":1.7333,"name":"pubu_B_52_"},{"time":1.8666,"name":"pubu_B_56_"},{"time":2,"name":"pubu_B_00_"},{"time":2.1333,"name":"pubu_B_04_"},{"time":2.2666,"name":"pubu_B_08_"},{"time":2.4,"name":"pubu_B_12_"},{"time":2.5333,"name":"pubu_B_16_"},{"time":2.6666,"name":"pubu_B_20_"},{"time":2.8,"name":"pubu_B_24_"},{"time":2.9333,"name":"pubu_B_28_"},{"time":3.0666,"name":"pubu_B_32_"},{"time":3.2,"name":"pubu_B_36_"},{"time":3.3333,"name":"pubu_B_40_"},{"time":3.4666,"name":"pubu_B_44_"},{"time":3.6,"name":"pubu_B_48_"},{"time":3.7333,"name":"pubu_B_52_"},{"time":3.8666,"name":"pubu_B_56_"},{"time":4,"name":"pubu_B_00_"},{"time":4.1333,"name":"pubu_B_04_"},{"time":4.2666,"name":"pubu_B_08_"},{"time":4.4,"name":"pubu_B_12_"},{"time":4.5333,"name":"pubu_B_16_"},{"time":4.6666,"name":"pubu_B_20_"},{"time":4.8,"name":"pubu_B_24_"},{"time":4.9333,"name":"pubu_B_28_"},{"time":5.0666,"name":"pubu_B_32_"},{"time":5.2,"name":"pubu_B_36_"},{"time":5.3333,"name":"pubu_B_40_"},{"time":5.4666,"name":"pubu_B_44_"},{"time":5.6,"name":"pubu_B_48_"},{"time":5.7333,"name":"pubu_B_52_"},{"time":5.8666,"name":"pubu_B_56_"},{"time":6,"name":"pubu_B_00_"},{"time":6.1333,"name":"pubu_B_04_"},{"time":6.2666,"name":"pubu_B_08_"},{"time":6.4,"name":"pubu_B_12_"},{"time":6.5333,"name":"pubu_B_16_"},{"time":6.6666,"name":"pubu_B_20_"},{"time":6.8,"name":"pubu_B_24_"},{"time":6.9333,"name":"pubu_B_28_"},{"time":7.0666,"name":"pubu_B_32_"},{"time":7.2,"name":"pubu_B_36_"},{"time":7.3333,"name":"pubu_B_40_"},{"time":7.4666,"name":"pubu_B_44_"},{"time":7.6,"name":"pubu_B_48_"},{"time":7.7333,"name":"pubu_B_52_"},{"time":7.8666,"name":"pubu_B_56_"},{"time":8,"name":"pubu_B_00_"},{"time":8.1333,"name":"pubu_B_04_"},{"time":8.2666,"name":"pubu_B_08_"},{"time":8.4,"name":"pubu_B_12_"},{"time":8.5333,"name":"pubu_B_16_"},{"time":8.6666,"name":"pubu_B_20_"},{"time":8.8,"name":"pubu_B_24_"},{"time":8.9333,"name":"pubu_B_28_"},{"time":9.0666,"name":"pubu_B_32_"},{"time":9.2,"name":"pubu_B_36_"},{"time":9.3333,"name":"pubu_B_40_"},{"time":9.4666,"name":"pubu_B_44_"},{"time":9.6,"name":"pubu_B_48_"},{"time":9.7333,"name":"pubu_B_52_"},{"time":9.8666,"name":"pubu_B_56_"}]},"pubu_FL":{"attachment":[{"time":0,"name":"pubu_FL_00_"},{"time":0.1333,"name":"pubu_FL_04_"},{"time":0.2666,"name":"pubu_FL_08_"},{"time":0.4,"name":"pubu_FL_12_"},{"time":0.5333,"name":"pubu_FL_16_"},{"time":0.6666,"name":"pubu_FL_20_"},{"time":0.8,"name":"pubu_FL_24_"},{"time":0.9333,"name":"pubu_FL_28_"},{"time":1.0666,"name":"pubu_FL_32_"},{"time":1.2,"name":"pubu_FL_36_"},{"time":1.3333,"name":"pubu_FL_40_"},{"time":1.4666,"name":"pubu_FL_44_"},{"time":1.6,"name":"pubu_FL_48_"},{"time":1.7333,"name":"pubu_FL_52_"},{"time":1.8666,"name":"pubu_FL_56_"},{"time":2,"name":"pubu_FL_00_"},{"time":2.1333,"name":"pubu_FL_04_"},{"time":2.2666,"name":"pubu_FL_08_"},{"time":2.4,"name":"pubu_FL_12_"},{"time":2.5333,"name":"pubu_FL_16_"},{"time":2.6666,"name":"pubu_FL_20_"},{"time":2.8,"name":"pubu_FL_24_"},{"time":2.9333,"name":"pubu_FL_28_"},{"time":3.0666,"name":"pubu_FL_32_"},{"time":3.2,"name":"pubu_FL_36_"},{"time":3.3333,"name":"pubu_FL_40_"},{"time":3.4666,"name":"pubu_FL_44_"},{"time":3.6,"name":"pubu_FL_48_"},{"time":3.7333,"name":"pubu_FL_52_"},{"time":3.8666,"name":"pubu_FL_56_"},{"time":4,"name":"pubu_FL_00_"},{"time":4.1333,"name":"pubu_FL_04_"},{"time":4.2666,"name":"pubu_FL_08_"},{"time":4.4,"name":"pubu_FL_12_"},{"time":4.5333,"name":"pubu_FL_16_"},{"time":4.6666,"name":"pubu_FL_20_"},{"time":4.8,"name":"pubu_FL_24_"},{"time":4.9333,"name":"pubu_FL_28_"},{"time":5.0666,"name":"pubu_FL_32_"},{"time":5.2,"name":"pubu_FL_36_"},{"time":5.3333,"name":"pubu_FL_40_"},{"time":5.4666,"name":"pubu_FL_44_"},{"time":5.6,"name":"pubu_FL_48_"},{"time":5.7333,"name":"pubu_FL_52_"},{"time":5.8666,"name":"pubu_FL_56_"},{"time":6,"name":"pubu_FL_00_"},{"time":6.1333,"name":"pubu_FL_04_"},{"time":6.2666,"name":"pubu_FL_08_"},{"time":6.4,"name":"pubu_FL_12_"},{"time":6.5333,"name":"pubu_FL_16_"},{"time":6.6666,"name":"pubu_FL_20_"},{"time":6.8,"name":"pubu_FL_24_"},{"time":6.9333,"name":"pubu_FL_28_"},{"time":7.0666,"name":"pubu_FL_32_"},{"time":7.2,"name":"pubu_FL_36_"},{"time":7.3333,"name":"pubu_FL_40_"},{"time":7.4666,"name":"pubu_FL_44_"},{"time":7.6,"name":"pubu_FL_48_"},{"time":7.7333,"name":"pubu_FL_52_"},{"time":7.8666,"name":"pubu_FL_56_"},{"time":8,"name":"pubu_FL_00_"},{"time":8.1333,"name":"pubu_FL_04_"},{"time":8.2666,"name":"pubu_FL_08_"},{"time":8.4,"name":"pubu_FL_12_"},{"time":8.5333,"name":"pubu_FL_16_"},{"time":8.6666,"name":"pubu_FL_20_"},{"time":8.8,"name":"pubu_FL_24_"},{"time":8.9333,"name":"pubu_FL_28_"},{"time":9.0666,"name":"pubu_FL_32_"},{"time":9.2,"name":"pubu_FL_36_"},{"time":9.3333,"name":"pubu_FL_40_"},{"time":9.4666,"name":"pubu_FL_44_"},{"time":9.6,"name":"pubu_FL_48_"},{"time":9.7333,"name":"pubu_FL_52_"},{"time":9.8666,"name":"pubu_FL_56_"}]},"pubu_FR":{"attachment":[{"time":0,"name":"pubu_FR00_"},{"time":0.1333,"name":"pubu_FR04_"},{"time":0.2666,"name":"pubu_FR08_"},{"time":0.4,"name":"pubu_FR12_"},{"time":0.5333,"name":"pubu_FR16_"},{"time":0.6666,"name":"pubu_FR20_"},{"time":0.8,"name":"pubu_FR24_"},{"time":0.9333,"name":"pubu_FR28_"},{"time":1.0666,"name":"pubu_FR32_"},{"time":1.2,"name":"pubu_FR36_"},{"time":1.3333,"name":"pubu_FR40_"},{"time":1.4666,"name":"pubu_FR44_"},{"time":1.6,"name":"pubu_FR48_"},{"time":1.7333,"name":"pubu_FR52_"},{"time":1.8666,"name":"pubu_FR56_"},{"time":2,"name":"pubu_FR00_"},{"time":2.1333,"name":"pubu_FR04_"},{"time":2.2666,"name":"pubu_FR08_"},{"time":2.4,"name":"pubu_FR12_"},{"time":2.5333,"name":"pubu_FR16_"},{"time":2.6666,"name":"pubu_FR20_"},{"time":2.8,"name":"pubu_FR24_"},{"time":2.9333,"name":"pubu_FR28_"},{"time":3.0666,"name":"pubu_FR32_"},{"time":3.2,"name":"pubu_FR36_"},{"time":3.3333,"name":"pubu_FR40_"},{"time":3.4666,"name":"pubu_FR44_"},{"time":3.6,"name":"pubu_FR48_"},{"time":3.7333,"name":"pubu_FR52_"},{"time":3.8666,"name":"pubu_FR56_"},{"time":4,"name":"pubu_FR00_"},{"time":4.1333,"name":"pubu_FR04_"},{"time":4.2666,"name":"pubu_FR08_"},{"time":4.4,"name":"pubu_FR12_"},{"time":4.5333,"name":"pubu_FR16_"},{"time":4.6666,"name":"pubu_FR20_"},{"time":4.8,"name":"pubu_FR24_"},{"time":4.9333,"name":"pubu_FR28_"},{"time":5.0666,"name":"pubu_FR32_"},{"time":5.2,"name":"pubu_FR36_"},{"time":5.3333,"name":"pubu_FR40_"},{"time":5.4666,"name":"pubu_FR44_"},{"time":5.6,"name":"pubu_FR48_"},{"time":5.7333,"name":"pubu_FR52_"},{"time":5.8666,"name":"pubu_FR56_"},{"time":6,"name":"pubu_FR00_"},{"time":6.1333,"name":"pubu_FR04_"},{"time":6.2666,"name":"pubu_FR08_"},{"time":6.4,"name":"pubu_FR12_"},{"time":6.5333,"name":"pubu_FR16_"},{"time":6.6666,"name":"pubu_FR20_"},{"time":6.8,"name":"pubu_FR24_"},{"time":6.9333,"name":"pubu_FR28_"},{"time":7.0666,"name":"pubu_FR32_"},{"time":7.2,"name":"pubu_FR36_"},{"time":7.3333,"name":"pubu_FR40_"},{"time":7.4666,"name":"pubu_FR44_"},{"time":7.6,"name":"pubu_FR48_"},{"time":7.7333,"name":"pubu_FR52_"},{"time":7.8666,"name":"pubu_FR56_"},{"time":8,"name":"pubu_FR00_"},{"time":8.1333,"name":"pubu_FR04_"},{"time":8.2666,"name":"pubu_FR08_"},{"time":8.4,"name":"pubu_FR12_"},{"time":8.5333,"name":"pubu_FR16_"},{"time":8.6666,"name":"pubu_FR20_"},{"time":8.8,"name":"pubu_FR24_"},{"time":8.9333,"name":"pubu_FR28_"},{"time":9.0666,"name":"pubu_FR32_"},{"time":9.2,"name":"pubu_FR36_"},{"time":9.3333,"name":"pubu_FR40_"},{"time":9.4666,"name":"pubu_FR44_"},{"time":9.6,"name":"pubu_FR48_"},{"time":9.7333,"name":"pubu_FR52_"},{"time":9.8666,"name":"pubu_FR56_"}]},"ray_glow":{"attachment":[{"time":4.3333,"name":"ray_glow_00_"}]},"ray_line":{"attachment":[{"time":4.3333,"name":"ray_line_00_"},{"time":7.1666,"name":"ray_line_00_"}]},"sheguang":{"attachment":[{"time":1.7,"name":"sheguang_01_"},{"time":1.7666,"name":"sheguang_03_"},{"time":1.8333,"name":"sheguang_05_"},{"time":1.9,"name":"sheguang_07_"},{"time":1.9666,"name":"sheguang_09_"},{"time":2.0333,"name":"sheguang_11_"},{"time":2.1,"name":"sheguang_13_"},{"time":2.1666,"name":"sheguang_15_"},{"time":2.2333,"name":"sheguang_17_"},{"time":2.3,"name":"sheguang_19_"},{"time":2.3666,"name":"sheguang_21_"},{"time":2.4333,"name":null}]},"suikuai":{"attachment":[{"time":1.7666,"name":"suikuai_05_"},{"time":1.8333,"name":"suikuai_09_"},{"time":1.9,"name":"suikuai_11_"},{"time":1.9666,"name":"suikuai_13_"},{"time":2.0333,"name":"suikuai_15_"},{"time":2.1,"name":"suikuai_17_"},{"time":2.1666,"name":"suikuai_19_"},{"time":2.2333,"name":"suikuai_21_"},{"time":2.3,"name":"suikuai_23_"},{"time":2.3666,"name":"suikuai_25_"},{"time":2.4333,"name":"suikuai_27_"},{"time":2.5,"name":"suikuai_33_"},{"time":2.5666,"name":"suikuai_41_"},{"time":2.6333,"name":"suikuai_49_"},{"time":2.7,"name":null}]},"sword_":{"color":[{"time":4.3333,"color":"ffffffff"},{"time":4.6666,"color":"ffffff00","curve":"stepped"},{"time":7.3333,"color":"ffffff00","curve":[0.25,0,1,0.83]},{"time":7.5666,"color":"ffffffff"}]},"sword_2":{"attachment":[{"time":0,"name":null},{"time":1.2,"name":"sword_"},{"time":4.3333,"name":"sword_"},{"time":7.5666,"name":"sword_"}],"color":[{"time":1.2,"color":"ffffff00","curve":[0.244,0,0.88,0.84]},{"time":1.6666,"color":"ffffffff"},{"time":2.3666,"color":"ffffff00"},{"time":3.3333,"color":"ffffffff","curve":[0.244,0,0.88,0.84]},{"time":4.3,"color":"ffffff00","curve":[0.393,0.39,0.728,0.73]},{"time":4.3333,"color":"ffffffff","curve":[0.25,0,0.915,0.89]},{"time":5,"color":"ffffff00","curve":"stepped"},{"time":7,"color":"ffffff00","curve":[0.25,0,1,0.8]},{"time":7.5666,"color":"ffffffff"},{"time":8,"color":"ffffff00"}]},"trans_door":{"attachment":[{"time":4.3333,"name":"trans_door_00_"},{"time":4.4,"name":"trans_door_02_"},{"time":4.4666,"name":"trans_door_04_"},{"time":4.5333,"name":"trans_door_06_"},{"time":4.6,"name":"trans_door_08_"},{"time":4.6666,"name":"trans_door_10_"},{"time":4.7333,"name":"trans_door_12_"},{"time":4.8,"name":"trans_door_14_"},{"time":4.8666,"name":"trans_door_16_"},{"time":4.9333,"name":"trans_door_18_"},{"time":5,"name":"trans_door_20_"},{"time":5.0666,"name":"trans_door_22_"},{"time":5.1333,"name":"trans_door_24_"},{"time":5.2,"name":"trans_door_26_"},{"time":5.2666,"name":"trans_door_28_"},{"time":5.3333,"name":"trans_door_00_"},{"time":5.4,"name":"trans_door_02_"},{"time":5.4666,"name":"trans_door_04_"},{"time":5.5333,"name":"trans_door_06_"},{"time":5.6,"name":"trans_door_08_"},{"time":5.6666,"name":"trans_door_10_"},{"time":5.7333,"name":"trans_door_12_"},{"time":5.8,"name":"trans_door_14_"},{"time":5.8666,"name":"trans_door_16_"},{"time":5.9333,"name":"trans_door_18_"},{"time":6,"name":"trans_door_20_"},{"time":6.0666,"name":"trans_door_22_"},{"time":6.1333,"name":"trans_door_24_"},{"time":6.2,"name":"trans_door_26_"},{"time":6.2666,"name":"trans_door_28_"},{"time":6.3333,"name":"trans_door_00_"},{"time":6.4,"name":"trans_door_02_"},{"time":6.4666,"name":"trans_door_04_"},{"time":6.5333,"name":"trans_door_06_"},{"time":6.6,"name":"trans_door_08_"},{"time":6.6666,"name":"trans_door_10_"},{"time":6.7333,"name":"trans_door_12_"},{"time":6.8,"name":"trans_door_14_"},{"time":6.8666,"name":"trans_door_16_"},{"time":6.9333,"name":"trans_door_18_"},{"time":7,"name":"trans_door_20_"},{"time":7.0666,"name":"trans_door_22_"},{"time":7.1333,"name":"trans_door_24_"},{"time":7.2,"name":"trans_door_26_"},{"time":7.2666,"name":"trans_door_28_"},{"time":7.3333,"name":null}]},"yanjiangkeng":{"attachment":[{"time":0,"name":"yanjiangkeng_00_"},{"time":0.1333,"name":"yanjiangkeng_02_"},{"time":0.2666,"name":"yanjiangkeng_04_"},{"time":0.4,"name":"yanjiangkeng_06_"},{"time":0.5333,"name":"yanjiangkeng_08_"},{"time":0.6666,"name":"yanjiangkeng_10_"},{"time":0.8,"name":"yanjiangkeng_12_"},{"time":0.9333,"name":"yanjiangkeng_14_"},{"time":1.0666,"name":"yanjiangkeng_16_"},{"time":1.2,"name":"yanjiangkeng_18_"},{"time":1.3333,"name":"yanjiangkeng_20_"},{"time":1.4666,"name":"yanjiangkeng_22_"},{"time":1.6,"name":"yanjiangkeng_24_"},{"time":1.7333,"name":"yanjiangkeng_26_"},{"time":1.8666,"name":"yanjiangkeng_28_"},{"time":2,"name":"yanjiangkeng_00_"},{"time":2.1333,"name":"yanjiangkeng_02_"},{"time":2.2666,"name":"yanjiangkeng_04_"},{"time":2.4,"name":"yanjiangkeng_06_"},{"time":2.5333,"name":"yanjiangkeng_08_"},{"time":2.6666,"name":"yanjiangkeng_10_"},{"time":2.8,"name":"yanjiangkeng_12_"},{"time":2.9333,"name":"yanjiangkeng_14_"},{"time":3.0666,"name":"yanjiangkeng_16_"},{"time":3.2,"name":"yanjiangkeng_18_"},{"time":3.3333,"name":"yanjiangkeng_20_"},{"time":3.4666,"name":"yanjiangkeng_22_"},{"time":3.6,"name":"yanjiangkeng_24_"},{"time":3.7333,"name":"yanjiangkeng_26_"},{"time":3.8666,"name":"yanjiangkeng_28_"},{"time":4,"name":"yanjiangkeng_00_"},{"time":4.1333,"name":"yanjiangkeng_02_"},{"time":4.2666,"name":"yanjiangkeng_04_"},{"time":4.4,"name":"yanjiangkeng_06_"},{"time":4.5333,"name":"yanjiangkeng_08_"},{"time":4.6666,"name":"yanjiangkeng_10_"},{"time":4.8,"name":"yanjiangkeng_12_"},{"time":4.9333,"name":"yanjiangkeng_14_"},{"time":5.0666,"name":"yanjiangkeng_16_"},{"time":5.2,"name":"yanjiangkeng_18_"},{"time":5.3333,"name":"yanjiangkeng_20_"},{"time":5.4666,"name":"yanjiangkeng_22_"},{"time":5.6,"name":"yanjiangkeng_24_"},{"time":5.7333,"name":"yanjiangkeng_26_"},{"time":5.8666,"name":"yanjiangkeng_28_"},{"time":6,"name":"yanjiangkeng_00_"},{"time":6.1333,"name":"yanjiangkeng_02_"},{"time":6.2666,"name":"yanjiangkeng_04_"},{"time":6.4,"name":"yanjiangkeng_06_"},{"time":6.5333,"name":"yanjiangkeng_08_"},{"time":6.6666,"name":"yanjiangkeng_10_"},{"time":6.8,"name":"yanjiangkeng_12_"},{"time":6.9333,"name":"yanjiangkeng_14_"},{"time":7.0666,"name":"yanjiangkeng_16_"},{"time":7.2,"name":"yanjiangkeng_18_"},{"time":7.3333,"name":"yanjiangkeng_20_"},{"time":7.4666,"name":"yanjiangkeng_22_"},{"time":7.6,"name":"yanjiangkeng_24_"},{"time":7.7333,"name":"yanjiangkeng_26_"},{"time":7.8666,"name":"yanjiangkeng_28_"},{"time":8,"name":"yanjiangkeng_00_"},{"time":8.1333,"name":"yanjiangkeng_02_"},{"time":8.2666,"name":"yanjiangkeng_04_"},{"time":8.4,"name":"yanjiangkeng_06_"},{"time":8.5333,"name":"yanjiangkeng_08_"},{"time":8.6666,"name":"yanjiangkeng_10_"},{"time":8.8,"name":"yanjiangkeng_12_"},{"time":8.9333,"name":"yanjiangkeng_14_"},{"time":9.0666,"name":"yanjiangkeng_16_"},{"time":9.2,"name":"yanjiangkeng_18_"},{"time":9.3333,"name":"yanjiangkeng_20_"},{"time":9.4666,"name":"yanjiangkeng_22_"},{"time":9.6,"name":"yanjiangkeng_24_"},{"time":9.7333,"name":"yanjiangkeng_26_"},{"time":9.8666,"name":"yanjiangkeng_28_"}],"color":[{"time":0,"color":"d4deffff"}]},"yanjiangkeng_glow":{"attachment":[{"time":0,"name":"yanjiangkeng_glow_00_"},{"time":0.1333,"name":"yanjiangkeng_glow_02_"},{"time":0.2666,"name":"yanjiangkeng_glow_04_"},{"time":0.4,"name":"yanjiangkeng_glow_06_"},{"time":0.5333,"name":"yanjiangkeng_glow_08_"},{"time":0.6666,"name":"yanjiangkeng_glow_10_"},{"time":0.8,"name":"yanjiangkeng_glow_12_"},{"time":0.9333,"name":"yanjiangkeng_glow_14_"},{"time":1.0666,"name":"yanjiangkeng_glow_16_"},{"time":1.2,"name":"yanjiangkeng_glow_18_"},{"time":1.3333,"name":"yanjiangkeng_glow_20_"},{"time":1.4666,"name":"yanjiangkeng_glow_22_"},{"time":1.6,"name":"yanjiangkeng_glow_24_"},{"time":1.7333,"name":"yanjiangkeng_glow_26_"},{"time":1.8666,"name":"yanjiangkeng_glow_28_"},{"time":2,"name":"yanjiangkeng_glow_00_"},{"time":2.1333,"name":"yanjiangkeng_glow_02_"},{"time":2.2666,"name":"yanjiangkeng_glow_04_"},{"time":2.4,"name":"yanjiangkeng_glow_06_"},{"time":2.5333,"name":"yanjiangkeng_glow_08_"},{"time":2.6666,"name":"yanjiangkeng_glow_10_"},{"time":2.8,"name":"yanjiangkeng_glow_12_"},{"time":2.9333,"name":"yanjiangkeng_glow_14_"},{"time":3.0666,"name":"yanjiangkeng_glow_16_"},{"time":3.2,"name":"yanjiangkeng_glow_18_"},{"time":3.3333,"name":"yanjiangkeng_glow_20_"},{"time":3.4666,"name":"yanjiangkeng_glow_22_"},{"time":3.6,"name":"yanjiangkeng_glow_24_"},{"time":3.7333,"name":"yanjiangkeng_glow_26_"},{"time":3.8666,"name":"yanjiangkeng_glow_28_"},{"time":4,"name":"yanjiangkeng_glow_00_"},{"time":4.1333,"name":"yanjiangkeng_glow_02_"},{"time":4.2666,"name":"yanjiangkeng_glow_04_"},{"time":4.4,"name":"yanjiangkeng_glow_06_"},{"time":4.5333,"name":"yanjiangkeng_glow_08_"},{"time":4.6666,"name":"yanjiangkeng_glow_10_"},{"time":4.8,"name":"yanjiangkeng_glow_12_"},{"time":4.9333,"name":"yanjiangkeng_glow_14_"},{"time":5.0666,"name":"yanjiangkeng_glow_16_"},{"time":5.2,"name":"yanjiangkeng_glow_18_"},{"time":5.3333,"name":"yanjiangkeng_glow_20_"},{"time":5.4666,"name":"yanjiangkeng_glow_22_"},{"time":5.6,"name":"yanjiangkeng_glow_24_"},{"time":5.7333,"name":"yanjiangkeng_glow_26_"},{"time":5.8666,"name":"yanjiangkeng_glow_28_"},{"time":6,"name":"yanjiangkeng_glow_00_"},{"time":6.1333,"name":"yanjiangkeng_glow_02_"},{"time":6.2666,"name":"yanjiangkeng_glow_04_"},{"time":6.4,"name":"yanjiangkeng_glow_06_"},{"time":6.5333,"name":"yanjiangkeng_glow_08_"},{"time":6.6666,"name":"yanjiangkeng_glow_10_"},{"time":6.8,"name":"yanjiangkeng_glow_12_"},{"time":6.9333,"name":"yanjiangkeng_glow_14_"},{"time":7.0666,"name":"yanjiangkeng_glow_16_"},{"time":7.2,"name":"yanjiangkeng_glow_18_"},{"time":7.3333,"name":"yanjiangkeng_glow_20_"},{"time":7.4666,"name":"yanjiangkeng_glow_22_"},{"time":7.6,"name":"yanjiangkeng_glow_24_"},{"time":7.7333,"name":"yanjiangkeng_glow_26_"},{"time":7.8666,"name":"yanjiangkeng_glow_28_"},{"time":8,"name":"yanjiangkeng_glow_00_"},{"time":8.1333,"name":"yanjiangkeng_glow_02_"},{"time":8.2666,"name":"yanjiangkeng_glow_04_"},{"time":8.4,"name":"yanjiangkeng_glow_06_"},{"time":8.5333,"name":"yanjiangkeng_glow_08_"},{"time":8.6666,"name":"yanjiangkeng_glow_10_"},{"time":8.8,"name":"yanjiangkeng_glow_12_"},{"time":8.9333,"name":"yanjiangkeng_glow_14_"},{"time":9.0666,"name":"yanjiangkeng_glow_16_"},{"time":9.2,"name":"yanjiangkeng_glow_18_"},{"time":9.3333,"name":"yanjiangkeng_glow_20_"},{"time":9.4666,"name":"yanjiangkeng_glow_22_"},{"time":9.6,"name":"yanjiangkeng_glow_24_"},{"time":9.7333,"name":"yanjiangkeng_glow_26_"},{"time":9.8666,"name":"yanjiangkeng_glow_28_"}],"color":[{"time":0,"color":"ffcfa3ff"}]}},"bones":{"maichong1":{"rotate":[{"time":0,"angle":37.1,"curve":"stepped"},{"time":1,"angle":37.1,"curve":"stepped"},{"time":10.0666,"angle":37.1}],"translate":[{"time":0,"x":-52.91,"y":205.69,"curve":"stepped"},{"time":1,"x":-52.91,"y":205.69,"curve":"stepped"},{"time":10.0666,"x":-52.91,"y":205.69}]},"maichong2":{"rotate":[{"time":0,"angle":-31.99,"curve":"stepped"},{"time":1,"angle":-31.99,"curve":"stepped"},{"time":10.0666,"angle":-31.99}],"translate":[{"time":0,"x":-46.93,"y":255.24,"curve":"stepped"},{"time":1,"x":-46.93,"y":255.24,"curve":"stepped"},{"time":10.0666,"x":-46.93,"y":255.24}],"scale":[{"time":0,"x":0.807,"y":0.807,"curve":"stepped"},{"time":1,"x":0.807,"y":0.807,"curve":"stepped"},{"time":10.0666,"x":0.807,"y":0.807}]},"maichong3":{"rotate":[{"time":0,"angle":-169.38,"curve":"stepped"},{"time":1,"angle":-169.38,"curve":"stepped"},{"time":10.0666,"angle":-169.38}],"translate":[{"time":0,"x":43.57,"y":247.76,"curve":"stepped"},{"time":1,"x":43.57,"y":247.76,"curve":"stepped"},{"time":10.0666,"x":43.57,"y":247.76}],"scale":[{"time":0,"x":0.703,"y":0.703,"curve":"stepped"},{"time":1,"x":0.703,"y":0.703,"curve":"stepped"},{"time":10.0666,"x":0.703,"y":0.703}]},"maichong4":{"rotate":[{"time":0,"angle":131.91,"curve":"stepped"},{"time":1,"angle":131.91,"curve":"stepped"},{"time":10.0666,"angle":131.91}],"translate":[{"time":0,"x":38.26,"y":194.95,"curve":"stepped"},{"time":1,"x":38.26,"y":194.95,"curve":"stepped"},{"time":10.0666,"x":38.26,"y":194.95}],"scale":[{"time":0,"x":1,"y":1,"curve":"stepped"},{"time":1,"x":1,"y":1,"curve":"stepped"},{"time":10.0666,"x":1,"y":1}]},"dianliu_sword":{"translate":[{"time":0,"x":-0.84,"y":193.57,"curve":"stepped"},{"time":1,"x":-0.84,"y":193.57,"curve":"stepped"},{"time":10.0666,"x":-0.84,"y":193.57}]},"sword_":{"translate":[{"time":0,"x":0,"y":0,"curve":"stepped"},{"time":1.6666,"x":0,"y":0,"curve":[0.25,0,0.988,0.73]},{"time":2,"x":0,"y":177.44,"curve":[0.25,0,0.75,1]},{"time":2.3333,"x":0,"y":156.23,"curve":[0.25,0,0.75,1]},{"time":3.3333,"x":0,"y":177.44,"curve":[0.25,0,0.75,1]},{"time":4.3333,"x":0,"y":156.23,"curve":[0.25,0,0.75,1]},{"time":5,"x":0,"y":177.44,"curve":"stepped"},{"time":7,"x":0,"y":177.44,"curve":[0.25,0,0.75,1]},{"time":7.5666,"x":0,"y":156.23,"curve":[0.25,0,0.75,1]},{"time":8.5666,"x":0,"y":177.44,"curve":[0.25,0,0.75,1]},{"time":8.8666,"x":0,"y":0}]},"sword_2":{"translate":[{"time":0,"x":0,"y":156.23,"curve":[0.25,0,0.75,1]},{"time":1.2,"x":0,"y":0,"curve":"stepped"},{"time":1.6666,"x":0,"y":0,"curve":[0.25,0,0.988,0.73]},{"time":2,"x":0,"y":177.44,"curve":[0.25,0,0.75,1]},{"time":2.3333,"x":0,"y":156.23,"curve":[0.25,0,0.75,1]},{"time":3.3333,"x":0,"y":177.44,"curve":[0.25,0,0.75,1]},{"time":4.3333,"x":0,"y":156.23,"curve":[0.25,0,0.75,1]},{"time":5,"x":0,"y":177.44,"curve":"stepped"},{"time":7,"x":0,"y":177.44,"curve":[0.25,0,0.75,1]},{"time":7.5666,"x":0,"y":156.23}],"scale":[{"time":1.6666,"x":1,"y":1,"curve":"stepped"},{"time":4.3333,"x":1,"y":1,"curve":[0.001,0.19,0.75,1]},{"time":5,"x":1.6,"y":1.4,"curve":"stepped"},{"time":7,"x":1.6,"y":1.4,"curve":[0.25,0,1,0.8]},{"time":7.5666,"x":1,"y":1}]},"ray_glow":{"translate":[{"time":4.3333,"x":0,"y":310.19,"curve":"stepped"},{"time":7.1666,"x":0,"y":310.19}],"scale":[{"time":4.3333,"x":1.311,"y":1.311,"curve":[0.25,0,0.91,0.88]},{"time":4.9,"x":0,"y":0,"curve":"stepped"},{"time":7.1333,"x":0,"y":0},{"time":7.1666,"x":1.311,"y":1.311,"curve":[0.25,0,0.91,0.88]},{"time":7.6,"x":0,"y":0}]},"ray_line":{"translate":[{"time":4.3333,"x":0,"y":310.19,"curve":"stepped"},{"time":7.1666,"x":0,"y":310.19}],"scale":[{"time":4.3333,"x":1.511,"y":2.5,"curve":[0.25,0,0.889,0.86]},{"time":5,"x":0,"y":1.8},{"time":7.1333,"x":0,"y":2.16},{"time":7.1666,"x":1.511,"y":2.5,"curve":[0.25,0,0.889,0.86]},{"time":7.6666,"x":0,"y":1.5}]},"trans_door":{"translate":[{"time":4.3333,"x":0,"y":307.1}],"scale":[{"time":4.3333,"x":0,"y":1,"curve":[0,0.19,0.75,1]},{"time":4.4666,"x":0.9,"y":1,"curve":"stepped"},{"time":7.2,"x":0.9,"y":1,"curve":[0.25,0,0.998,0.8]},{"time":7.3333,"x":0,"y":1}]},"baoyanjian":{"translate":[{"time":8.7,"x":-1.53,"y":153.09}],"scale":[{"time":8.7,"x":1.168,"y":1}]},"penshe_lizi":{"translate":[{"time":1.7333,"x":-3.06,"y":300.07}]},"suikuai":{"translate":[{"time":1.7666,"x":0,"y":188.31}]},"penshe_lizi2":{"translate":[{"time":1.7333,"x":-3.06,"y":300.07}]},"kuosanhuan":{"translate":[{"time":4.4666,"x":0,"y":298.54}],"scale":[{"time":4.4666,"x":1.611,"y":2.228,"curve":"stepped"},{"time":7.2,"x":1.611,"y":2.228},{"time":7.4,"x":0,"y":2.228}]},"kuosanhuan2":{"translate":[{"time":4.4666,"x":0,"y":298.54}],"scale":[{"time":4.4666,"x":1.049,"y":1.451}]},"pifeng01":{"translate":[{"time":0,"x":-14.54,"y":-17.83}]},"pifeng02":{"translate":[{"time":0,"x":35.62,"y":-16.1}]},"pifeng03":{"translate":[{"time":0,"x":-36.44,"y":-6.2}],"scale":[{"time":0,"x":-1,"y":1}]},"pifeng04":{"translate":[{"time":0,"x":17.05,"y":-17.71}],"scale":[{"time":0,"x":-1,"y":1}]},"body04":{"translate":[{"time":0,"x":0,"y":0,"curve":[0.25,0,0.75,1]},{"time":1.4,"x":2.54,"y":-3.93,"curve":[0.25,0,0.75,1]},{"time":2.7666,"x":0,"y":0,"curve":[0.248,0,0.738,0.95]},{"time":4.1666,"x":-0.83,"y":5.13,"curve":[0.341,0.66,0.675,1]},{"time":5.5333,"x":0,"y":0,"curve":[0.25,0,0.75,1]},{"time":6.9333,"x":2.54,"y":-3.93,"curve":[0.25,0,0.75,1]},{"time":8.2666,"x":0,"y":0,"curve":[0.25,0,0.75,1]},{"time":9.6666,"x":-0.84,"y":7.97,"curve":[0.25,0,0.75,1]},{"time":11,"x":0,"y":0}]},"body03_":{"translate":[{"time":0,"x":-5.08,"y":-1.39,"curve":[0.25,0,0.75,1]},{"time":1.3666,"x":0,"y":0,"curve":[0.25,0,0.75,1]},{"time":2.7666,"x":5.08,"y":5.43,"curve":[0.25,0,0.75,1]},{"time":4.1333,"x":0,"y":0,"curve":[0.25,0,0.75,1]},{"time":5.5333,"x":-5.08,"y":-1.39,"curve":[0.25,0,0.75,1]},{"time":6.8666,"x":0,"y":0,"curve":[0.25,0,0.75,1]},{"time":8.2666,"x":5.08,"y":5.43,"curve":[0.248,0,0.738,0.94]},{"time":9.6333,"x":1.6,"y":1.67,"curve":[0.341,0.66,0.675,1]},{"time":11,"x":-5.08,"y":-1.39}]},"body02_":{"translate":[{"time":0,"x":0,"y":0,"curve":[0.25,0,0.75,1]},{"time":1.4,"x":2.54,"y":-3.09,"curve":[0.25,0,0.75,1]},{"time":2.7666,"x":0,"y":0,"curve":[0.25,0,0.75,1]},{"time":4.1666,"x":-1.69,"y":6.28,"curve":[0.25,0,0.75,1]},{"time":5.5333,"x":0,"y":0,"curve":[0.25,0,0.75,1]},{"time":6.9333,"x":2.54,"y":-3.09,"curve":[0.25,0,0.75,1]},{"time":8.2666,"x":0,"y":0,"curve":[0.25,0,0.75,1]},{"time":9.6666,"x":-1.69,"y":6.28,"curve":[0.25,0,0.75,1]},{"time":11,"x":0,"y":0}]},"body01_":{"translate":[{"time":0,"x":-2.54,"y":-5.63,"curve":[0.25,0,0.75,1]},{"time":1.3666,"x":0,"y":0,"curve":[0.25,0,0.75,1]},{"time":2.7666,"x":3.38,"y":5.43,"curve":[0.25,0,0.75,1]},{"time":4.1333,"x":0,"y":0,"curve":[0.25,0,0.75,1]},{"time":5.5333,"x":-2.54,"y":-5.63,"curve":[0.25,0,0.75,1]},{"time":6.8666,"x":0,"y":0,"curve":[0.25,0,0.75,1]},{"time":8.2666,"x":3.38,"y":5.43,"curve":[0.25,0,0.75,1]},{"time":9.6333,"x":0,"y":0,"curve":[0.25,0,0.75,1]},{"time":11,"x":-2.54,"y":-5.63}]},"pubu_FL":{"translate":[{"time":0,"x":-45.68,"y":78.36}]},"pubu_FR":{"translate":[{"time":0,"x":31.08,"y":60.39}]},"pubu_B":{"translate":[{"time":0,"x":-22.22,"y":157.42}]},"yanjiangkeng":{"translate":[{"time":0,"x":7.78,"y":26.26}]},"yanjiangkeng_glow":{"translate":[{"time":0,"x":0.97,"y":37.93}]},"fire1":{"translate":[{"time":0,"x":153.03,"y":8.68}],"scale":[{"time":0,"x":1.195,"y":1.111}]},"fire2":{"translate":[{"time":0,"x":67.03,"y":-33.51}],"scale":[{"time":0,"x":-1.229,"y":1.111}]},"fire3":{"translate":[{"time":0,"x":-72.31,"y":1.83}]},"fire4":{"translate":[{"time":0,"x":-78.46,"y":90.72}],"scale":[{"time":0,"x":0.921,"y":0.921}]},"fire5":{"translate":[{"time":0,"x":74.78,"y":83.36}]},"sheguang":{"translate":[{"time":1.7,"x":-2.6,"y":395.72}]}}}}}