{
"skeleton": { "hash": "swNZ3a2pLgc3sFfBzeHIN0qguRw", "spine": "2.1.27", "width": 726.91, "height": 452.31 },
"bones": [
	{ "name": "root" },
	{ "name": "denglong01", "parent": "root", "x": -299.34, "y": 63.15 },
	{ "name": "denglong1", "parent": "root", "x": 242.44, "y": 19.98, "scaleX": 0.5, "scaleY": 0.5 },
	{ "name": "denglong2", "parent": "root", "x": 276.3, "y": 23.86, "scaleX": 0.8, "scaleY": 0.8 },
	{ "name": "shizi", "parent": "root", "x": 199.56, "y": -19 },
	{ "name": "yun1", "parent": "root", "x": -259.37, "y": -24.27 },
	{ "name": "yun2", "parent": "root", "x": -327.35, "y": -196.79 },
	{ "name": "yun3", "parent": "root", "x": 253.05, "y": -2.34, "scaleX": -1 },
	{ "name": "yun4", "parent": "root", "x": 296.18, "y": -156.58 },
	{ "name": "bone7", "parent": "shizi", "length": 93.23, "x": -22.09, "y": 104.3, "rotation": 24.17 },
	{ "name": "denglong_", "parent": "denglong01", "length": 87.72, "x": -1.46, "y": -8.77, "rotation": -90.45 },
	{ "name": "denglong_4", "parent": "denglong1", "length": 87.72, "x": -1.46, "y": -8.77, "rotation": -90.45 },
	{ "name": "denglong_5", "parent": "denglong2", "length": 87.72, "x": -1.46, "y": -8.77, "rotation": -90.45 },
	{ "name": "bone", "parent": "denglong_", "length": 91.38, "x": 87.72, "y": -0.07, "rotation": 0.9 },
	{ "name": "bone13", "parent": "denglong_4", "length": 91.38, "x": 87.72, "y": -0.07, "rotation": 0.9 },
	{ "name": "bone15", "parent": "denglong_5", "length": 91.38, "x": 87.72, "y": -0.07, "rotation": 0.9 },
	{ "name": "bone8", "parent": "bone7", "length": 71.14, "x": -9.48, "y": -21.11, "rotation": -104.14 },
	{ "name": "bone14", "parent": "bone13", "length": 45.32, "x": 91.38, "y": 0.74, "rotation": -1.36 },
	{ "name": "bone16", "parent": "bone15", "length": 45.32, "x": 91.38, "y": 0.74, "rotation": -1.36 },
	{ "name": "bone2", "parent": "bone", "length": 45.32, "x": 91.38, "y": 0.74, "rotation": -1.36 },
	{ "name": "bone9", "parent": "bone8", "length": 70.51, "x": -28.59, "y": -58.28, "rotation": -22.65 },
	{ "name": "bone10", "parent": "bone9", "length": 68.82, "x": -39.81, "y": 104.42, "rotation": 14.14 },
	{ "name": "bone11", "parent": "bone10", "length": 97.78, "x": -8.68, "y": 36.25, "rotation": 11.56 },
	{ "name": "bone12", "parent": "bone11", "length": 90.67, "x": -40.04, "y": -115.46, "rotation": 167.47 },
	{ "name": "eye", "parent": "bone12", "x": 58.69, "y": 47.24, "rotation": -90.56 },
	{ "name": "eye2", "parent": "bone12", "x": 57.76, "y": -47.19, "scaleX": -1, "rotation": -90.56 }
],
"slots": [
	{ "name": "yun2_2", "bone": "yun4", "attachment": "yun2_" },
	{ "name": "youhoutui_", "bone": "bone11", "attachment": "youhoutui_" },
	{ "name": "zuohoutui_", "bone": "bone10", "attachment": "zuohoutui_" },
	{ "name": "youqiantui_", "bone": "bone8", "attachment": "youqiantui_" },
	{ "name": "zuoqiantui_", "bone": "bone9", "attachment": "zuoqiantui_" },
	{ "name": "shenti_", "bone": "bone7", "attachment": "shenti_" },
	{ "name": "tou_", "bone": "bone12", "attachment": "tou_" },
	{ "name": "zhayan1_", "bone": "eye", "attachment": "zhayan1_" },
	{ "name": "zhayan1_2", "bone": "eye2", "attachment": "zhayan1_" },
	{ "name": "zhayan2_", "bone": "eye", "attachment": "zhayan2_" },
	{ "name": "zhayan2_2", "bone": "eye2", "attachment": "zhayan2_" },
	{ "name": "denglong_", "bone": "denglong_", "attachment": "denglong_" },
	{ "name": "denglong_4", "bone": "denglong_4", "attachment": "denglong_" },
	{ "name": "denglong_5", "bone": "denglong_5", "attachment": "denglong_" },
	{ "name": "yun1_", "bone": "yun1", "attachment": "yun1_" },
	{ "name": "yun1_2", "bone": "yun3", "attachment": "yun1_" },
	{ "name": "yun2_", "bone": "yun2", "attachment": "yun2_" }
],
"skins": {
	"default": {
		"denglong_": {
			"denglong_": {
				"type": "skinnedmesh",
				"uvs": [ 1, 0.28925, 1, 0.43392, 1, 0.49223, 1, 0.56074, 1, 0.70564, 1, 0.82766, 1, 0.86101, 1, 0.91068, 1, 1, 0.45641, 1, 0, 1, 0, 0.9106, 0, 0.86092, 0, 0.82631, 0, 0.70429, 0, 0.56065, 0, 0.49302, 0, 0.43257, 0, 0.29041, 0, 0, 0.49196, 0, 1, 0, 0.46888, 0.28987, 0.45775, 0.43319, 0.45719, 0.56069, 0.45699, 0.7049, 0.45688, 0.82693, 0.45104, 0.86096, 0.45095, 0.91064, 0.45749, 0.49306 ],
				"triangles": [ 28, 11, 12, 27, 28, 12, 27, 6, 7, 28, 27, 7, 10, 11, 28, 9, 28, 7, 10, 28, 9, 9, 7, 8, 14, 15, 24, 25, 14, 24, 25, 24, 3, 4, 25, 3, 13, 14, 25, 26, 13, 25, 26, 25, 4, 26, 4, 5, 27, 12, 13, 26, 27, 13, 26, 5, 6, 27, 26, 6, 29, 24, 16, 29, 2, 3, 24, 15, 16, 24, 29, 3, 20, 21, 0, 22, 19, 20, 22, 20, 0, 18, 19, 22, 23, 17, 18, 22, 23, 18, 22, 0, 1, 23, 22, 1, 23, 1, 2, 23, 29, 17, 29, 16, 17, 29, 23, 2 ],
				"vertices": [ 1, 10, -8.43, 41.34, 1, 1, 10, 41.47, 41.73, 1, 2, 10, 61.59, 41.89, 0.91199, 13, -25.47, 42.36, 0.088, 2, 10, 85.22, 42.08, 0.52799, 13, -1.84, 42.18, 0.472, 1, 13, 48.14, 41.81, 1, 1, 13, 90.23, 41.5, 1, 2, 13, 101.74, 41.41, 0.49599, 19, 9.39999, 40.9, 0.504, 1, 19, 26.54, 41.16999, 1, 1, 19, 57.35, 41.66, 1, 1, 19, 58.01, -0.18, 1, 1, 19, 58.57, -35.32, 1, 1, 19, 27.73, -35.81, 1, 2, 13, 101.13, -35.58, 0.49599, 19, 10.6, -36.08, 0.504, 1, 13, 89.2, -35.49, 1, 1, 13, 47.1, -35.16999, 1, 2, 10, 85.8, -34.91, 0.52799, 13, -2.45, -34.8, 0.472, 2, 10, 62.47, -35.09999, 0.91199, 13, -25.78, -34.63, 0.088, 1, 10, 41.61, -35.25999, 1, 1, 10, -7.42, -35.65, 1, 1, 10, -107.61, -36.43, 1, 1, 10, -107.91, 1.44, 1, 1, 10, -108.21, 40.55, 1, 1, 10, -7.89, 0.45, 1, 1, 10, 41.55, -0.01, 1, 2, 10, 85.54, 0.28, 0.52799, 13, -2.17, 0.39, 0.472, 1, 13, 47.57, 0, 1, 1, 13, 89.67, -0.31, 1, 2, 13, 101.41, -0.85, 0.49599, 19, 10.06, -1.36, 0.504, 1, 19, 27.19, -1.09, 1, 2, 10, 62.2, 0.12, 0.91199, 13, -25.5, 0.58999, 0.088 ],
				"hull": 22
			}
		},
		"denglong_4": {
			"denglong_": {
				"type": "skinnedmesh",
				"uvs": [ 1, 0.28925, 1, 0.43392, 1, 0.49223, 1, 0.56074, 1, 0.70564, 1, 0.82766, 1, 0.86101, 1, 0.91068, 1, 1, 0.45641, 1, 0, 1, 0, 0.9106, 0, 0.86092, 0, 0.82631, 0, 0.70429, 0, 0.56065, 0, 0.49302, 0, 0.43257, 0, 0.29041, 0, 0, 0.49196, 0, 1, 0, 0.46888, 0.28987, 0.45775, 0.43319, 0.45719, 0.56069, 0.45699, 0.7049, 0.45688, 0.82693, 0.45104, 0.86096, 0.45095, 0.91064, 0.45749, 0.49306 ],
				"triangles": [ 28, 11, 12, 27, 28, 12, 27, 6, 7, 28, 27, 7, 10, 11, 28, 9, 28, 7, 10, 28, 9, 9, 7, 8, 14, 15, 24, 25, 14, 24, 25, 24, 3, 4, 25, 3, 13, 14, 25, 26, 13, 25, 26, 25, 4, 26, 4, 5, 27, 12, 13, 26, 27, 13, 26, 5, 6, 27, 26, 6, 29, 24, 16, 29, 2, 3, 24, 15, 16, 24, 29, 3, 20, 21, 0, 22, 19, 20, 22, 20, 0, 18, 19, 22, 23, 17, 18, 22, 23, 18, 22, 0, 1, 23, 22, 1, 23, 1, 2, 23, 29, 17, 29, 16, 17, 29, 23, 2 ],
				"vertices": [ 1, 11, -8.43, 41.34, 1, 1, 11, 41.47, 41.73, 1, 2, 11, 61.59, 41.89, 0.91199, 14, -25.47, 42.36, 0.088, 2, 11, 85.22, 42.08, 0.52799, 14, -1.84, 42.18, 0.472, 1, 14, 48.14, 41.81, 1, 1, 14, 90.23, 41.5, 1, 2, 14, 101.74, 41.41, 0.49599, 17, 9.39999, 40.9, 0.504, 1, 17, 26.54, 41.16999, 1, 1, 17, 57.35, 41.66, 1, 1, 17, 58.01, -0.18, 1, 1, 17, 58.57, -35.32, 1, 1, 17, 27.73, -35.81, 1, 2, 14, 101.13, -35.58, 0.49599, 17, 10.6, -36.08, 0.504, 1, 14, 89.2, -35.49, 1, 1, 14, 47.1, -35.16999, 1, 2, 11, 85.8, -34.91, 0.52799, 14, -2.45, -34.8, 0.472, 2, 11, 62.47, -35.09999, 0.91199, 14, -25.78, -34.63, 0.088, 1, 11, 41.61, -35.25999, 1, 1, 11, -7.42, -35.65, 1, 1, 11, -107.61, -36.43, 1, 1, 11, -107.91, 1.44, 1, 1, 11, -108.21, 40.55, 1, 1, 11, -7.89, 0.45, 1, 1, 11, 41.55, -0.01, 1, 2, 11, 85.54, 0.28, 0.52799, 14, -2.17, 0.39, 0.472, 1, 14, 47.57, 0, 1, 1, 14, 89.67, -0.31, 1, 2, 14, 101.41, -0.85, 0.49599, 17, 10.06, -1.36, 0.504, 1, 17, 27.19, -1.09, 1, 2, 11, 62.2, 0.12, 0.91199, 14, -25.5, 0.58999, 0.088 ],
				"hull": 22
			}
		},
		"denglong_5": {
			"denglong_": {
				"type": "skinnedmesh",
				"uvs": [ 1, 0.28925, 1, 0.43392, 1, 0.49223, 1, 0.56074, 1, 0.70564, 1, 0.82766, 1, 0.86101, 1, 0.91068, 1, 1, 0.45641, 1, 0, 1, 0, 0.9106, 0, 0.86092, 0, 0.82631, 0, 0.70429, 0, 0.56065, 0, 0.49302, 0, 0.43257, 0, 0.29041, 0, 0, 0.49196, 0, 1, 0, 0.46888, 0.28987, 0.45775, 0.43319, 0.45719, 0.56069, 0.45699, 0.7049, 0.45688, 0.82693, 0.45104, 0.86096, 0.45095, 0.91064, 0.45749, 0.49306 ],
				"triangles": [ 28, 11, 12, 27, 28, 12, 27, 6, 7, 28, 27, 7, 10, 11, 28, 9, 28, 7, 10, 28, 9, 9, 7, 8, 14, 15, 24, 25, 14, 24, 25, 24, 3, 4, 25, 3, 13, 14, 25, 26, 13, 25, 26, 25, 4, 26, 4, 5, 27, 12, 13, 26, 27, 13, 26, 5, 6, 27, 26, 6, 29, 24, 16, 29, 2, 3, 24, 15, 16, 24, 29, 3, 20, 21, 0, 22, 19, 20, 22, 20, 0, 18, 19, 22, 23, 17, 18, 22, 23, 18, 22, 0, 1, 23, 22, 1, 23, 1, 2, 23, 29, 17, 29, 16, 17, 29, 23, 2 ],
				"vertices": [ 1, 12, -8.43, 41.34, 1, 1, 12, 41.47, 41.73, 1, 2, 12, 61.59, 41.89, 0.91199, 15, -25.47, 42.36, 0.088, 2, 12, 85.22, 42.08, 0.52799, 15, -1.84, 42.18, 0.472, 1, 15, 48.14, 41.81, 1, 1, 15, 90.23, 41.5, 1, 2, 15, 101.74, 41.41, 0.49599, 18, 9.39999, 40.9, 0.504, 1, 18, 26.54, 41.16999, 1, 1, 18, 57.35, 41.66, 1, 1, 18, 58.01, -0.18, 1, 1, 18, 58.57, -35.32, 1, 1, 18, 27.73, -35.81, 1, 2, 15, 101.13, -35.58, 0.49599, 18, 10.6, -36.08, 0.504, 1, 15, 89.2, -35.49, 1, 1, 15, 47.1, -35.16999, 1, 2, 12, 85.8, -34.91, 0.52799, 15, -2.45, -34.8, 0.472, 2, 12, 62.47, -35.09999, 0.91199, 15, -25.78, -34.63, 0.088, 1, 12, 41.61, -35.25999, 1, 1, 12, -7.42, -35.65, 1, 1, 12, -107.61, -36.43, 1, 1, 12, -107.91, 1.44, 1, 1, 12, -108.21, 40.55, 1, 1, 12, -7.89, 0.45, 1, 1, 12, 41.55, -0.01, 1, 2, 12, 85.54, 0.28, 0.52799, 15, -2.17, 0.39, 0.472, 1, 15, 47.57, 0, 1, 1, 15, 89.67, -0.31, 1, 2, 15, 101.41, -0.85, 0.49599, 18, 10.06, -1.36, 0.504, 1, 18, 27.19, -1.09, 1, 2, 12, 62.2, 0.12, 0.91199, 15, -25.5, 0.58999, 0.088 ],
				"hull": 22
			}
		},
		"shenti_": {
			"shenti_": { "x": 50.08, "y": -10.76, "rotation": -24.17, "width": 140, "height": 118 }
		},
		"tou_": {
			"tou_": { "x": 23.26, "y": 0.38, "rotation": -90.56, "width": 142, "height": 196 }
		},
		"youhoutui_": {
			"youhoutui_": { "x": 63.04, "y": 0.09, "rotation": 76.91, "width": 33, "height": 61 }
		},
		"youqiantui_": {
			"youqiantui_": { "x": 27.74, "y": -4.8, "rotation": 79.97, "width": 54, "height": 106 }
		},
		"yun1_": {
			"yun1_": { "width": 205, "height": 41 }
		},
		"yun1_2": {
			"yun1_": { "width": 205, "height": 41 }
		},
		"yun2_": {
			"yun2_": { "width": 88, "height": 31 }
		},
		"yun2_2": {
			"yun2_": { "width": 88, "height": 31 }
		},
		"zhayan1_": {
			"zhayan1_": { "x": -4.78, "y": 9.53, "width": 46, "height": 31 }
		},
		"zhayan1_2": {
			"zhayan1_": { "x": -4.78, "y": 9.53, "width": 46, "height": 31 }
		},
		"zhayan2_": {
			"zhayan2_": { "x": -2.28, "y": 0.53, "width": 49, "height": 39 }
		},
		"zhayan2_2": {
			"zhayan2_": { "x": -2.28, "y": 0.53, "width": 49, "height": 39 }
		},
		"zuohoutui_": {
			"zuohoutui_": { "x": 56.65, "y": -3.63, "rotation": 88.48, "width": 38, "height": 43 }
		},
		"zuoqiantui_": {
			"zuoqiantui_": { "x": 40.24, "y": -2.81, "rotation": 102.62, "width": 48, "height": 89 }
		}
	}
},
"animations": {
	"denglong": {
		"slots": {
			"shenti_": {
				"attachment": [
					{ "time": 0, "name": null }
				]
			},
			"tou_": {
				"attachment": [
					{ "time": 0, "name": null }
				]
			},
			"youhoutui_": {
				"attachment": [
					{ "time": 0, "name": null }
				]
			},
			"youqiantui_": {
				"attachment": [
					{ "time": 0, "name": null }
				]
			},
			"zhayan1_": {
				"attachment": [
					{ "time": 0, "name": null }
				]
			},
			"zhayan1_2": {
				"attachment": [
					{ "time": 0, "name": null }
				]
			},
			"zhayan2_": {
				"attachment": [
					{ "time": 0, "name": null }
				]
			},
			"zhayan2_2": {
				"attachment": [
					{ "time": 0, "name": null }
				]
			},
			"zuohoutui_": {
				"attachment": [
					{ "time": 0, "name": null }
				]
			},
			"zuoqiantui_": {
				"attachment": [
					{ "time": 0, "name": null }
				]
			}
		},
		"bones": {
			"denglong_": {
				"rotate": [
					{
						"time": 0,
						"angle": 0,
						"curve": [ 0.078, 0.11, 0.75, 1 ]
					},
					{
						"time": 0.6666,
						"angle": -1.29,
						"curve": [ 0.25, 0, 0.75, 1 ]
					},
					{
						"time": 2,
						"angle": 1.74,
						"curve": [ 0.25, 0, 0.958, 0.91 ]
					},
					{ "time": 2.6666, "angle": 0 }
				]
			},
			"bone": {
				"rotate": [
					{
						"time": 0,
						"angle": 1.76,
						"curve": [ 0.25, 0, 0.75, 1 ]
					},
					{
						"time": 1.3333,
						"angle": -3.61,
						"curve": [ 0.25, 0, 0.75, 1 ]
					},
					{ "time": 2.6666, "angle": 1.76 }
				]
			},
			"bone2": {
				"rotate": [
					{
						"time": 0,
						"angle": 0,
						"curve": [ 0.046, 0.08, 0.75, 1 ]
					},
					{
						"time": 0.6666,
						"angle": 4.44,
						"curve": [ 0.25, 0, 0.75, 1 ]
					},
					{
						"time": 2,
						"angle": -4.06,
						"curve": [ 0.25, 0, 0.963, 0.93 ]
					},
					{ "time": 2.6666, "angle": 0 }
				]
			},
			"denglong_5": {
				"rotate": [
					{
						"time": 0,
						"angle": 0,
						"curve": [ 0.057, 0.06, 0.75, 1 ]
					},
					{
						"time": 0.6666,
						"angle": 1.28,
						"curve": [ 0.25, 0, 0.75, 1 ]
					},
					{
						"time": 2,
						"angle": -2.16,
						"curve": [ 0.25, 0, 0.963, 0.92 ]
					},
					{ "time": 2.6666, "angle": 0 }
				]
			},
			"bone15": {
				"rotate": [
					{
						"time": 0,
						"angle": -1.23,
						"curve": [ 0.25, 0, 0.75, 1 ]
					},
					{
						"time": 1.3333,
						"angle": 3.25,
						"curve": [ 0.25, 0, 0.75, 1 ]
					},
					{ "time": 2.6666, "angle": -1.23 }
				]
			},
			"bone16": {
				"rotate": [
					{
						"time": 0,
						"angle": 0,
						"curve": [ 0.046, 0.07, 0.75, 1 ]
					},
					{
						"time": 0.6666,
						"angle": -3.95,
						"curve": [ 0.25, 0, 0.75, 1 ]
					},
					{
						"time": 2,
						"angle": 3.84,
						"curve": [ 0.25, 0, 0.963, 0.92 ]
					},
					{ "time": 2.6666, "angle": 0 }
				]
			},
			"denglong_4": {
				"rotate": [
					{
						"time": 0,
						"angle": 1.14,
						"curve": [ 0.25, 0, 0.75, 1 ]
					},
					{
						"time": 1.3333,
						"angle": -2.18,
						"curve": [ 0.25, 0, 0.75, 1 ]
					},
					{ "time": 2.6666, "angle": 1.14 }
				]
			},
			"bone13": {
				"rotate": [
					{
						"time": 0,
						"angle": 0,
						"curve": [ 0.026, 0.08, 0.75, 1 ]
					},
					{
						"time": 0.6666,
						"angle": 3,
						"curve": [ 0.25, 0, 0.75, 1 ]
					},
					{
						"time": 2,
						"angle": -3.21,
						"curve": [ 0.25, 0, 0.968, 0.9 ]
					},
					{ "time": 2.6666, "angle": 0 }
				]
			},
			"bone14": {
				"rotate": [
					{
						"time": 0,
						"angle": -2.63,
						"curve": [ 0.25, 0, 0.75, 1 ]
					},
					{
						"time": 1.3333,
						"angle": 5.4,
						"curve": [ 0.25, 0, 0.75, 1 ]
					},
					{ "time": 2.6666, "angle": -2.63 }
				]
			},
			"yun1": {
				"translate": [
					{
						"time": 0,
						"x": 0,
						"y": 0,
						"curve": [ 0.041, 0.06, 0.75, 1 ]
					},
					{
						"time": 0.6666,
						"x": 8.99,
						"y": 0,
						"curve": [ 0.25, 0, 0.75, 1 ]
					},
					{
						"time": 2,
						"x": -6.54,
						"y": 0,
						"curve": [ 0.25, 0, 0.968, 0.92 ]
					},
					{ "time": 2.6666, "x": 0, "y": 0 }
				]
			},
			"yun2": {
				"translate": [
					{
						"time": 0,
						"x": 0,
						"y": 0,
						"curve": [ 0.25, 0, 0.75, 1 ]
					},
					{
						"time": 1.3333,
						"x": -6.44,
						"y": 0,
						"curve": [ 0.25, 0, 0.75, 1 ]
					},
					{ "time": 2.6666, "x": 0, "y": 0 }
				]
			},
			"yun3": {
				"translate": [
					{
						"time": 0,
						"x": 0,
						"y": 0,
						"curve": [ 0.046, 0.1, 0.75, 1 ]
					},
					{
						"time": 0.6666,
						"x": -2.59,
						"y": 0,
						"curve": [ 0.25, 0, 0.75, 1 ]
					},
					{
						"time": 2,
						"x": 3.02,
						"y": 0,
						"curve": [ 0.25, 0, 0.968, 0.89 ]
					},
					{ "time": 2.6666, "x": 0, "y": 0 }
				]
			},
			"yun4": {
				"translate": [
					{
						"time": 0,
						"x": 0,
						"y": 0,
						"curve": [ 0.25, 0, 0.75, 1 ]
					},
					{
						"time": 1.3333,
						"x": -5.72,
						"y": 0,
						"curve": [ 0.25, 0, 0.75, 1 ]
					},
					{ "time": 2.6666, "x": 0, "y": 0 }
				]
			}
		}
	},
	"shizi": {
		"slots": {
			"denglong_": {
				"attachment": [
					{ "time": 0, "name": null }
				]
			},
			"denglong_4": {
				"attachment": [
					{ "time": 0, "name": null }
				]
			},
			"denglong_5": {
				"attachment": [
					{ "time": 0, "name": null }
				]
			},
			"yun1_": {
				"attachment": [
					{ "time": 0, "name": null }
				]
			},
			"yun1_2": {
				"attachment": [
					{ "time": 0, "name": null }
				]
			},
			"yun2_": {
				"attachment": [
					{ "time": 0, "name": null }
				]
			},
			"yun2_2": {
				"attachment": [
					{ "time": 0, "name": null }
				]
			},
			"zhayan1_": {
				"attachment": [
					{ "time": 0, "name": null },
					{ "time": 0.5666, "name": null },
					{ "time": 0.6333, "name": "zhayan1_" },
					{ "time": 0.6666, "name": "zhayan1_" },
					{ "time": 0.7333, "name": null },
					{ "time": 0.8, "name": null },
					{ "time": 0.8666, "name": "zhayan1_" },
					{ "time": 0.9, "name": "zhayan1_" },
					{ "time": 0.9666, "name": null },
					{ "time": 1.2333, "name": null },
					{ "time": 2.3666, "name": null },
					{ "time": 2.4333, "name": "zhayan1_" },
					{ "time": 2.4666, "name": "zhayan1_" },
					{ "time": 2.5333, "name": null },
					{ "time": 2.6666, "name": null }
				]
			},
			"zhayan1_2": {
				"attachment": [
					{ "time": 0, "name": null },
					{ "time": 0.6, "name": null },
					{ "time": 0.6666, "name": "zhayan1_" },
					{ "time": 0.7, "name": "zhayan1_" },
					{ "time": 0.7666, "name": null },
					{ "time": 0.8333, "name": null },
					{ "time": 0.9, "name": "zhayan1_" },
					{ "time": 0.9333, "name": "zhayan1_" },
					{ "time": 1, "name": null },
					{ "time": 1.2333, "name": null },
					{ "time": 2.4, "name": null },
					{ "time": 2.4666, "name": "zhayan1_" },
					{ "time": 2.5, "name": "zhayan1_" },
					{ "time": 2.5666, "name": null },
					{ "time": 2.6666, "name": null }
				]
			},
			"zhayan2_": {
				"attachment": [
					{ "time": 0, "name": null },
					{ "time": 0.5666, "name": null },
					{ "time": 0.6333, "name": "zhayan2_" },
					{ "time": 0.6666, "name": "zhayan2_" },
					{ "time": 0.7333, "name": null },
					{ "time": 0.8, "name": null },
					{ "time": 0.8666, "name": "zhayan2_" },
					{ "time": 0.9, "name": "zhayan2_" },
					{ "time": 0.9666, "name": null },
					{ "time": 1.2333, "name": null },
					{ "time": 2.3666, "name": null },
					{ "time": 2.4333, "name": "zhayan2_" },
					{ "time": 2.4666, "name": "zhayan2_" },
					{ "time": 2.5333, "name": null },
					{ "time": 2.6666, "name": null }
				]
			},
			"zhayan2_2": {
				"attachment": [
					{ "time": 0, "name": null },
					{ "time": 0.6, "name": null },
					{ "time": 0.6666, "name": "zhayan2_" },
					{ "time": 0.7, "name": "zhayan2_" },
					{ "time": 0.7666, "name": null },
					{ "time": 0.8333, "name": null },
					{ "time": 0.9, "name": "zhayan2_" },
					{ "time": 0.9333, "name": "zhayan2_" },
					{ "time": 1, "name": null },
					{ "time": 1.2333, "name": null },
					{ "time": 2.4, "name": null },
					{ "time": 2.4666, "name": "zhayan2_" },
					{ "time": 2.5, "name": "zhayan2_" },
					{ "time": 2.5666, "name": null },
					{ "time": 2.6666, "name": null }
				]
			}
		},
		"bones": {
			"bone7": {
				"scale": [
					{ "time": 0, "x": 1, "y": 1 }
				]
			},
			"bone9": {
				"scale": [
					{ "time": 0, "x": 1, "y": 1 }
				]
			},
			"bone10": {
				"scale": [
					{ "time": 0, "x": 1, "y": 1 }
				]
			},
			"bone8": {
				"scale": [
					{ "time": 0, "x": 1, "y": 1 }
				]
			},
			"bone12": {
				"rotate": [
					{
						"time": 0,
						"angle": 0,
						"curve": [ 0.125, 0.14, 0.75, 1 ]
					},
					{ "time": 0.2, "angle": -9.45, "curve": "stepped" },
					{
						"time": 0.2333,
						"angle": -9.45,
						"curve": [ 0.25, 0, 0.75, 1 ]
					},
					{ "time": 0.4333, "angle": 8.77, "curve": "stepped" },
					{
						"time": 0.4666,
						"angle": 8.77,
						"curve": [ 0.25, 0, 0.75, 1 ]
					},
					{ "time": 0.6666, "angle": -6.61, "curve": "stepped" },
					{
						"time": 2,
						"angle": -6.61,
						"curve": [ 0.25, 0, 0.75, 1 ]
					},
					{ "time": 2.3333, "angle": 0, "curve": "stepped" },
					{ "time": 2.6666, "angle": 0, "curve": "stepped" },
					{ "time": 3.3333, "angle": 0 }
				]
			},
			"shizi": {
				"translate": [
					{ "time": 0, "x": -199.56, "y": 19 }
				]
			},
			"root": {
				"translate": [
					{ "time": 0, "x": 0, "y": -1.66 }
				]
			}
		}
	}
}
}