{"skeleton":{"hash":"mGS4sRHkAXw5KTvPk2YF7q8slvk","spine":"3.7.94","width":0,"height":0,"images":"./images/","audio":""},"bones":[{"name":"root"},{"name":"glow_blue","parent":"root","scaleX":2.5,"scaleY":2.5},{"name":"glow_red","parent":"root","scaleX":2.5,"scaleY":2.5},{"name":"fenjie","parent":"root","scaleX":1.25,"scaleY":1.25},{"name":"shengji","parent":"root","scaleX":1.6,"scaleY":2.5}],"slots":[{"name":"glow_blue","bone":"glow_blue","blend":"additive"},{"name":"glow_red","bone":"glow_red","blend":"additive"},{"name":"fenjie","bone":"fenjie","blend":"additive"},{"name":"shengji","bone":"shengji","blend":"additive"}],"skins":{"default":{"fenjie":{"fenjie_02_":{"width":112,"height":112},"fenjie_04_":{"width":112,"height":112},"fenjie_06_":{"width":112,"height":112},"fenjie_08_":{"width":112,"height":112},"fenjie_10_":{"width":112,"height":112},"fenjie_12_":{"width":112,"height":112},"fenjie_14_":{"width":112,"height":112},"fenjie_16_":{"width":112,"height":112},"fenjie_18_":{"width":112,"height":112},"fenjie_20_":{"width":112,"height":112},"fenjie_22_":{"width":112,"height":112},"fenjie_24_":{"width":112,"height":112},"fenjie_26_":{"width":112,"height":112},"fenjie_28_":{"width":112,"height":112},"fenjie_30_":{"width":112,"height":112},"fenjie_32_":{"width":112,"height":112},"fenjie_34_":{"width":112,"height":112},"fenjie_36_":{"width":112,"height":112},"fenjie_38_":{"width":112,"height":112},"fenjie_40_":{"width":112,"height":112}},"glow_blue":{"glow_blue_00_":{"x":0.5,"scaleX":1.25,"scaleY":1.25,"width":125,"height":193}},"glow_red":{"glow_red_00_":{"x":0.5,"scaleX":1.25,"scaleY":1.25,"width":125,"height":193}},"shengji":{"shengji_00_":{"width":240,"height":240},"shengji_02_":{"width":240,"height":240},"shengji_04_":{"width":240,"height":240},"shengji_06_":{"width":240,"height":240},"shengji_08_":{"width":240,"height":240},"shengji_10_":{"width":240,"height":240},"shengji_12_":{"width":240,"height":240},"shengji_14_":{"width":240,"height":240},"shengji_16_":{"width":240,"height":240},"shengji_18_":{"width":240,"height":240},"shengji_20_":{"width":240,"height":240},"shengji_22_":{"width":240,"height":240},"shengji_24_":{"width":240,"height":240},"shengji_26_":{"width":240,"height":240},"shengji_28_":{"width":240,"height":240},"shengji_30_":{"width":240,"height":240},"shengji_32_":{"width":240,"height":240}}}},"animations":{"fenjie":{"slots":{"fenjie":{"attachment":[{"time":0,"name":"fenjie_02_"},{"time":0.0667,"name":"fenjie_04_"},{"time":0.1333,"name":"fenjie_06_"},{"time":0.2,"name":"fenjie_08_"},{"time":0.2667,"name":"fenjie_10_"},{"time":0.3333,"name":"fenjie_12_"},{"time":0.4,"name":"fenjie_14_"},{"time":0.4667,"name":"fenjie_16_"},{"time":0.5333,"name":"fenjie_18_"},{"time":0.6,"name":"fenjie_20_"},{"time":0.6667,"name":"fenjie_22_"},{"time":0.7333,"name":"fenjie_24_"},{"time":0.8,"name":"fenjie_26_"},{"time":0.8667,"name":"fenjie_28_"},{"time":0.9333,"name":"fenjie_30_"},{"time":1,"name":"fenjie_32_"},{"time":1.0667,"name":"fenjie_34_"},{"time":1.1333,"name":"fenjie_36_"},{"time":1.2,"name":"fenjie_38_"},{"time":1.2667,"name":"fenjie_40_"},{"time":1.3333,"name":null}]}}},"shengji_blue":{"slots":{"glow_blue":{"color":[{"time":0,"color":"ffffffff","curve":[0.25,0,0.911,0.87]},{"time":0.6667,"color":"ffffff00"}],"attachment":[{"time":0,"name":"glow_blue_00_"}]},"shengji":{"attachment":[{"time":0,"name":"shengji_00_"},{"time":0.0667,"name":"shengji_02_"},{"time":0.1333,"name":"shengji_04_"},{"time":0.2,"name":"shengji_06_"},{"time":0.2667,"name":"shengji_08_"},{"time":0.3333,"name":"shengji_10_"},{"time":0.4,"name":"shengji_12_"},{"time":0.4667,"name":"shengji_14_"},{"time":0.5333,"name":"shengji_16_"},{"time":0.6,"name":"shengji_18_"},{"time":0.6667,"name":"shengji_20_"},{"time":0.7333,"name":"shengji_22_"},{"time":0.8,"name":"shengji_24_"},{"time":0.8667,"name":"shengji_26_"},{"time":0.9333,"name":"shengji_28_"},{"time":1,"name":"shengji_30_"},{"time":1.0667,"name":"shengji_32_"},{"time":1.1333,"name":null}]}},"bones":{"shengji":{"translate":[{"time":0,"x":1.74,"y":28.43}]}}},"shengji_red":{"slots":{"glow_red":{"color":[{"time":0,"color":"ffffffff","curve":[0.25,0,0.911,0.87]},{"time":0.6667,"color":"ffffff00"}],"attachment":[{"time":0,"name":"glow_red_00_"}]},"shengji":{"attachment":[{"time":0,"name":"shengji_00_"},{"time":0.0667,"name":"shengji_02_"},{"time":0.1333,"name":"shengji_04_"},{"time":0.2,"name":"shengji_06_"},{"time":0.2667,"name":"shengji_08_"},{"time":0.3333,"name":"shengji_10_"},{"time":0.4,"name":"shengji_12_"},{"time":0.4667,"name":"shengji_14_"},{"time":0.5333,"name":"shengji_16_"},{"time":0.6,"name":"shengji_18_"},{"time":0.6667,"name":"shengji_20_"},{"time":0.7333,"name":"shengji_22_"},{"time":0.8,"name":"shengji_24_"},{"time":0.8667,"name":"shengji_26_"},{"time":0.9333,"name":"shengji_28_"},{"time":1,"name":"shengji_30_"},{"time":1.0667,"name":"shengji_32_"},{"time":1.1333,"name":null}]}},"bones":{"shengji":{"translate":[{"time":0,"x":6.96,"y":28.43}]}}}}}