{
"skeleton": { "hash": "AwaFEObQy4RwTLdAkQbSm2gMAmY", "spine": "3.7.94", "width": 0, "height": 0, "images": "./images/", "audio": "" },
"bones": [
	{ "name": "root" },
	{ "name": "qz_gj", "parent": "root" }
],
"slots": [
	{ "name": "qz_gj_00_", "bone": "qz_gj" }
],
"skins": {
	"default": {
		"qz_gj_00_": {
			"qz_gj_00_": { "width": 200, "height": 200 },
			"qz_gj_03_": { "width": 200, "height": 200 },
			"qz_gj_06_": { "width": 200, "height": 200 },
			"qz_gj_09_": { "width": 200, "height": 200 },
			"qz_gj_12_": { "width": 200, "height": 200 },
			"qz_gj_15_": { "width": 200, "height": 200 },
			"qz_gj_18_": { "width": 200, "height": 200 },
			"qz_gj_21_": { "width": 200, "height": 200 },
			"qz_gj_24_": { "width": 200, "height": 200 },
			"qz_gj_27_": { "width": 200, "height": 200 },
			"qz_gj_30_": { "width": 200, "height": 200 },
			"qz_gj_33_": { "width": 200, "height": 200 },
			"qz_gj_36_": { "width": 200, "height": 200 },
			"qz_gj_39_": { "width": 200, "height": 200 },
			"qz_gj_42_": { "width": 200, "height": 200 },
			"qz_gj_45_": { "width": 200, "height": 200 },
			"qz_gj_48_": { "width": 200, "height": 200 },
			"qz_gj_51_": { "width": 200, "height": 200 },
			"qz_gj_54_": { "width": 200, "height": 200 },
			"qz_gj_57_": { "width": 200, "height": 200 }
		}
	}
},
"animations": {
	"animation": {
		"slots": {
			"qz_gj_00_": {
				"attachment": [
					{ "time": 0, "name": "qz_gj_00_" },
					{ "time": 0.1, "name": "qz_gj_03_" },
					{ "time": 0.2, "name": "qz_gj_06_" },
					{ "time": 0.3, "name": "qz_gj_09_" },
					{ "time": 0.4, "name": "qz_gj_12_" },
					{ "time": 0.5, "name": "qz_gj_15_" },
					{ "time": 0.6, "name": "qz_gj_18_" },
					{ "time": 0.7, "name": "qz_gj_21_" },
					{ "time": 0.8, "name": "qz_gj_24_" },
					{ "time": 0.9, "name": "qz_gj_27_" },
					{ "time": 1, "name": "qz_gj_30_" },
					{ "time": 1.1, "name": "qz_gj_33_" },
					{ "time": 1.2, "name": "qz_gj_36_" },
					{ "time": 1.3, "name": "qz_gj_39_" },
					{ "time": 1.4, "name": "qz_gj_42_" },
					{ "time": 1.5, "name": "qz_gj_45_" },
					{ "time": 1.6, "name": "qz_gj_48_" },
					{ "time": 1.7, "name": "qz_gj_51_" },
					{ "time": 1.8, "name": "qz_gj_54_" },
					{ "time": 1.9, "name": "qz_gj_57_" },
					{ "time": 2, "name": null }
				]
			}
		}
	}
}
}