{
"skeleton": { "hash": "LT1Ewfw8TjvgMltoHOeC3djPpaQ", "spine": "3.7.94", "width": 800, "height": 700, "images": "./images/", "audio": "E:/外发/2023/盲盒-圣骑士特效/裁图/shengqishi_gj_group" },
"bones": [
	{ "name": "root" },
	{ "name": "ctr", "parent": "root", "x": -25, "y": 126, "scaleX": 1.25, "scaleY": 1.25 },
	{ "name": "shengqishigj_UL_", "parent": "ctr" },
	{ "name": "shengqishigj_UR_", "parent": "ctr" },
	{ "name": "shengqishigj_DL_", "parent": "ctr" },
	{ "name": "shengqishigj_DR_", "parent": "ctr" }
],
"slots": [
	{ "name": "shengqishigj_UL_", "bone": "shengqishigj_UL_", "attachment": "shengqishigj_UL_000_" },
	{ "name": "shengqishigj_UR_", "bone": "shengqishigj_UR_", "attachment": "shengqishigj_UR_000_" },
	{ "name": "shengqishigj_DL_", "bone": "shengqishigj_DL_", "attachment": "shengqishigj_DL_000_" },
	{ "name": "shengqishigj_DR_", "bone": "shengqishigj_DR_", "attachment": "shengqishigj_DR_000_" }
],
"skins": {
	"default": {
		"shengqishigj_DL_": {
			"shengqishigj_DL_000_": { "x": -111.5, "y": -159.5, "width": 223, "height": 319 },
			"shengqishigj_DL_003_": { "x": -111.5, "y": -159.5, "width": 223, "height": 319 },
			"shengqishigj_DL_006_": { "x": -111.5, "y": -159.5, "width": 223, "height": 319 },
			"shengqishigj_DL_009_": { "x": -111.5, "y": -159.5, "width": 223, "height": 319 },
			"shengqishigj_DL_012_": { "x": -111.5, "y": -159.5, "width": 223, "height": 319 },
			"shengqishigj_DL_015_": { "x": -111.5, "y": -159.5, "width": 223, "height": 319 },
			"shengqishigj_DL_018_": { "x": -111.5, "y": -159.5, "width": 223, "height": 319 },
			"shengqishigj_DL_021_": { "x": -111.5, "y": -159.5, "width": 223, "height": 319 },
			"shengqishigj_DL_024_": { "x": -111.5, "y": -159.5, "width": 223, "height": 319 },
			"shengqishigj_DL_027_": { "x": -111.5, "y": -159.5, "width": 223, "height": 319 },
			"shengqishigj_DL_030_": { "x": -111.5, "y": -159.5, "width": 223, "height": 319 },
			"shengqishigj_DL_033_": { "x": -111.5, "y": -159.5, "width": 223, "height": 319 },
			"shengqishigj_DL_036_": { "x": -111.5, "y": -159.5, "width": 223, "height": 319 },
			"shengqishigj_DL_039_": { "x": -111.5, "y": -159.5, "width": 223, "height": 319 },
			"shengqishigj_DL_042_": { "x": -111.5, "y": -159.5, "width": 223, "height": 319 },
			"shengqishigj_DL_045_": { "x": -111.5, "y": -159.5, "width": 223, "height": 319 },
			"shengqishigj_DL_048_": { "x": -111.5, "y": -159.5, "width": 223, "height": 319 },
			"shengqishigj_DL_051_": { "x": -111.5, "y": -159.5, "width": 223, "height": 319 },
			"shengqishigj_DL_054_": { "x": -111.5, "y": -159.5, "width": 223, "height": 319 },
			"shengqishigj_DL_057_": { "x": -111.5, "y": -159.5, "width": 223, "height": 319 },
			"shengqishigj_DL_060_": { "x": -111.5, "y": -159.5, "width": 223, "height": 319 },
			"shengqishigj_DL_063_": { "x": -111.5, "y": -159.5, "width": 223, "height": 319 },
			"shengqishigj_DL_066_": { "x": -111.5, "y": -159.5, "width": 223, "height": 319 },
			"shengqishigj_DL_069_": { "x": -111.5, "y": -159.5, "width": 223, "height": 319 },
			"shengqishigj_DL_072_": { "x": -111.5, "y": -159.5, "width": 223, "height": 319 },
			"shengqishigj_DL_075_": { "x": -111.5, "y": -159.5, "width": 223, "height": 319 },
			"shengqishigj_DL_078_": { "x": -111.5, "y": -159.5, "width": 223, "height": 319 },
			"shengqishigj_DL_081_": { "x": -111.5, "y": -159.5, "width": 223, "height": 319 },
			"shengqishigj_DL_084_": { "x": -111.5, "y": -159.5, "width": 223, "height": 319 },
			"shengqishigj_DL_087_": { "x": -111.5, "y": -159.5, "width": 223, "height": 319 },
			"shengqishigj_DL_090_": { "x": -111.5, "y": -159.5, "width": 223, "height": 319 },
			"shengqishigj_DL_093_": { "x": -111.5, "y": -159.5, "width": 223, "height": 319 },
			"shengqishigj_DL_096_": { "x": -111.5, "y": -159.5, "width": 223, "height": 319 },
			"shengqishigj_DL_099_": { "x": -111.5, "y": -159.5, "width": 223, "height": 319 }
		},
		"shengqishigj_DR_": {
			"shengqishigj_DR_000_": { "x": 208.5, "y": -159.5, "width": 417, "height": 319 },
			"shengqishigj_DR_003_": { "x": 208.5, "y": -159.5, "width": 417, "height": 319 },
			"shengqishigj_DR_006_": { "x": 208.5, "y": -159.5, "width": 417, "height": 319 },
			"shengqishigj_DR_009_": { "x": 208.5, "y": -159.5, "width": 417, "height": 319 },
			"shengqishigj_DR_012_": { "x": 208.5, "y": -159.5, "width": 417, "height": 319 },
			"shengqishigj_DR_015_": { "x": 208.5, "y": -159.5, "width": 417, "height": 319 },
			"shengqishigj_DR_018_": { "x": 208.5, "y": -159.5, "width": 417, "height": 319 },
			"shengqishigj_DR_021_": { "x": 208.5, "y": -159.5, "width": 417, "height": 319 },
			"shengqishigj_DR_024_": { "x": 208.5, "y": -159.5, "width": 417, "height": 319 },
			"shengqishigj_DR_027_": { "x": 208.5, "y": -159.5, "width": 417, "height": 319 },
			"shengqishigj_DR_030_": { "x": 208.5, "y": -159.5, "width": 417, "height": 319 },
			"shengqishigj_DR_033_": { "x": 208.5, "y": -159.5, "width": 417, "height": 319 },
			"shengqishigj_DR_036_": { "x": 208.5, "y": -159.5, "width": 417, "height": 319 },
			"shengqishigj_DR_039_": { "x": 208.5, "y": -159.5, "width": 417, "height": 319 },
			"shengqishigj_DR_042_": { "x": 208.5, "y": -159.5, "width": 417, "height": 319 },
			"shengqishigj_DR_045_": { "x": 208.5, "y": -159.5, "width": 417, "height": 319 },
			"shengqishigj_DR_048_": { "x": 208.5, "y": -159.5, "width": 417, "height": 319 },
			"shengqishigj_DR_051_": { "x": 208.5, "y": -159.5, "width": 417, "height": 319 },
			"shengqishigj_DR_054_": { "x": 208.5, "y": -159.5, "width": 417, "height": 319 },
			"shengqishigj_DR_057_": { "x": 208.5, "y": -159.5, "width": 417, "height": 319 },
			"shengqishigj_DR_060_": { "x": 208.5, "y": -159.5, "width": 417, "height": 319 },
			"shengqishigj_DR_063_": { "x": 208.5, "y": -159.5, "width": 417, "height": 319 },
			"shengqishigj_DR_066_": { "x": 208.5, "y": -159.5, "width": 417, "height": 319 },
			"shengqishigj_DR_069_": { "x": 208.5, "y": -159.5, "width": 417, "height": 319 },
			"shengqishigj_DR_072_": { "x": 208.5, "y": -159.5, "width": 417, "height": 319 },
			"shengqishigj_DR_075_": { "x": 208.5, "y": -159.5, "width": 417, "height": 319 },
			"shengqishigj_DR_078_": { "x": 208.5, "y": -159.5, "width": 417, "height": 319 },
			"shengqishigj_DR_081_": { "x": 208.5, "y": -159.5, "width": 417, "height": 319 },
			"shengqishigj_DR_084_": { "x": 208.5, "y": -159.5, "width": 417, "height": 319 },
			"shengqishigj_DR_087_": { "x": 208.5, "y": -159.5, "width": 417, "height": 319 },
			"shengqishigj_DR_090_": { "x": 208.5, "y": -159.5, "width": 417, "height": 319 },
			"shengqishigj_DR_093_": { "x": 208.5, "y": -159.5, "width": 417, "height": 319 },
			"shengqishigj_DR_096_": { "x": 208.5, "y": -159.5, "width": 417, "height": 319 },
			"shengqishigj_DR_099_": { "x": 208.5, "y": -159.5, "width": 417, "height": 319 }
		},
		"shengqishigj_UL_": {
			"shengqishigj_UL_000_": { "x": -111.5, "y": 120.5, "width": 223, "height": 241 },
			"shengqishigj_UL_003_": { "x": -111.5, "y": 120.5, "width": 223, "height": 241 },
			"shengqishigj_UL_006_": { "x": -111.5, "y": 120.5, "width": 223, "height": 241 },
			"shengqishigj_UL_009_": { "x": -111.5, "y": 120.5, "width": 223, "height": 241 },
			"shengqishigj_UL_012_": { "x": -111.5, "y": 120.5, "width": 223, "height": 241 },
			"shengqishigj_UL_015_": { "x": -111.5, "y": 120.5, "width": 223, "height": 241 },
			"shengqishigj_UL_018_": { "x": -111.5, "y": 120.5, "width": 223, "height": 241 },
			"shengqishigj_UL_021_": { "x": -111.5, "y": 120.5, "width": 223, "height": 241 },
			"shengqishigj_UL_024_": { "x": -111.5, "y": 120.5, "width": 223, "height": 241 },
			"shengqishigj_UL_027_": { "x": -111.5, "y": 120.5, "width": 223, "height": 241 },
			"shengqishigj_UL_030_": { "x": -111.5, "y": 120.5, "width": 223, "height": 241 },
			"shengqishigj_UL_033_": { "x": -111.5, "y": 120.5, "width": 223, "height": 241 },
			"shengqishigj_UL_036_": { "x": -111.5, "y": 120.5, "width": 223, "height": 241 },
			"shengqishigj_UL_039_": { "x": -111.5, "y": 120.5, "width": 223, "height": 241 },
			"shengqishigj_UL_042_": { "x": -111.5, "y": 120.5, "width": 223, "height": 241 },
			"shengqishigj_UL_045_": { "x": -111.5, "y": 120.5, "width": 223, "height": 241 },
			"shengqishigj_UL_048_": { "x": -111.5, "y": 120.5, "width": 223, "height": 241 },
			"shengqishigj_UL_051_": { "x": -111.5, "y": 120.5, "width": 223, "height": 241 },
			"shengqishigj_UL_054_": { "x": -111.5, "y": 120.5, "width": 223, "height": 241 },
			"shengqishigj_UL_057_": { "x": -111.5, "y": 120.5, "width": 223, "height": 241 },
			"shengqishigj_UL_060_": { "x": -111.5, "y": 120.5, "width": 223, "height": 241 },
			"shengqishigj_UL_063_": { "x": -111.5, "y": 120.5, "width": 223, "height": 241 },
			"shengqishigj_UL_066_": { "x": -111.5, "y": 120.5, "width": 223, "height": 241 },
			"shengqishigj_UL_069_": { "x": -111.5, "y": 120.5, "width": 223, "height": 241 },
			"shengqishigj_UL_072_": { "x": -111.5, "y": 120.5, "width": 223, "height": 241 },
			"shengqishigj_UL_075_": { "x": -111.5, "y": 120.5, "width": 223, "height": 241 },
			"shengqishigj_UL_078_": { "x": -111.5, "y": 120.5, "width": 223, "height": 241 },
			"shengqishigj_UL_081_": { "x": -111.5, "y": 120.5, "width": 223, "height": 241 },
			"shengqishigj_UL_084_": { "x": -111.5, "y": 120.5, "width": 223, "height": 241 },
			"shengqishigj_UL_087_": { "x": -111.5, "y": 120.5, "width": 223, "height": 241 },
			"shengqishigj_UL_090_": { "x": -111.5, "y": 120.5, "width": 223, "height": 241 },
			"shengqishigj_UL_093_": { "x": -111.5, "y": 120.5, "width": 223, "height": 241 },
			"shengqishigj_UL_096_": { "x": -111.5, "y": 120.5, "width": 223, "height": 241 },
			"shengqishigj_UL_099_": { "x": -111.5, "y": 120.5, "width": 223, "height": 241 }
		},
		"shengqishigj_UR_": {
			"shengqishigj_UR_000_": { "x": 208.5, "y": 120.5, "width": 417, "height": 241 },
			"shengqishigj_UR_003_": { "x": 208.5, "y": 120.5, "width": 417, "height": 241 },
			"shengqishigj_UR_006_": { "x": 208.5, "y": 120.5, "width": 417, "height": 241 },
			"shengqishigj_UR_009_": { "x": 208.5, "y": 120.5, "width": 417, "height": 241 },
			"shengqishigj_UR_012_": { "x": 208.5, "y": 120.5, "width": 417, "height": 241 },
			"shengqishigj_UR_015_": { "x": 208.5, "y": 120.5, "width": 417, "height": 241 },
			"shengqishigj_UR_018_": { "x": 208.5, "y": 120.5, "width": 417, "height": 241 },
			"shengqishigj_UR_021_": { "x": 208.5, "y": 120.5, "width": 417, "height": 241 },
			"shengqishigj_UR_024_": { "x": 208.5, "y": 120.5, "width": 417, "height": 241 },
			"shengqishigj_UR_027_": { "x": 208.5, "y": 120.5, "width": 417, "height": 241 },
			"shengqishigj_UR_030_": { "x": 208.5, "y": 120.5, "width": 417, "height": 241 },
			"shengqishigj_UR_033_": { "x": 208.5, "y": 120.5, "width": 417, "height": 241 },
			"shengqishigj_UR_036_": { "x": 208.5, "y": 120.5, "width": 417, "height": 241 },
			"shengqishigj_UR_039_": { "x": 208.5, "y": 120.5, "width": 417, "height": 241 },
			"shengqishigj_UR_042_": { "x": 208.5, "y": 120.5, "width": 417, "height": 241 },
			"shengqishigj_UR_045_": { "x": 208.5, "y": 120.5, "width": 417, "height": 241 },
			"shengqishigj_UR_048_": { "x": 208.5, "y": 120.5, "width": 417, "height": 241 },
			"shengqishigj_UR_051_": { "x": 208.5, "y": 120.5, "width": 417, "height": 241 },
			"shengqishigj_UR_054_": { "x": 208.5, "y": 120.5, "width": 417, "height": 241 },
			"shengqishigj_UR_057_": { "x": 208.5, "y": 120.5, "width": 417, "height": 241 },
			"shengqishigj_UR_060_": { "x": 208.5, "y": 120.5, "width": 417, "height": 241 },
			"shengqishigj_UR_063_": { "x": 208.5, "y": 120.5, "width": 417, "height": 241 },
			"shengqishigj_UR_066_": { "x": 208.5, "y": 120.5, "width": 417, "height": 241 },
			"shengqishigj_UR_069_": { "x": 208.5, "y": 120.5, "width": 417, "height": 241 },
			"shengqishigj_UR_072_": { "x": 208.5, "y": 120.5, "width": 417, "height": 241 },
			"shengqishigj_UR_075_": { "x": 208.5, "y": 120.5, "width": 417, "height": 241 },
			"shengqishigj_UR_078_": { "x": 208.5, "y": 120.5, "width": 417, "height": 241 },
			"shengqishigj_UR_081_": { "x": 208.5, "y": 120.5, "width": 417, "height": 241 },
			"shengqishigj_UR_084_": { "x": 208.5, "y": 120.5, "width": 417, "height": 241 },
			"shengqishigj_UR_087_": { "x": 208.5, "y": 120.5, "width": 417, "height": 241 },
			"shengqishigj_UR_090_": { "x": 208.5, "y": 120.5, "width": 417, "height": 241 },
			"shengqishigj_UR_093_": { "x": 208.5, "y": 120.5, "width": 417, "height": 241 },
			"shengqishigj_UR_096_": { "x": 208.5, "y": 120.5, "width": 417, "height": 241 },
			"shengqishigj_UR_099_": { "x": 208.5, "y": 120.5, "width": 417, "height": 241 }
		}
	}
},
"animations": {
	"animation": {
		"slots": {
			"shengqishigj_DL_": {
				"attachment": [
					{ "time": 0, "name": "shengqishigj_DL_000_" },
					{ "time": 0.1, "name": "shengqishigj_DL_003_" },
					{ "time": 0.2, "name": "shengqishigj_DL_006_" },
					{ "time": 0.3, "name": "shengqishigj_DL_009_" },
					{ "time": 0.4, "name": "shengqishigj_DL_012_" },
					{ "time": 0.5, "name": "shengqishigj_DL_015_" },
					{ "time": 0.6, "name": "shengqishigj_DL_018_" },
					{ "time": 0.7, "name": "shengqishigj_DL_021_" },
					{ "time": 0.8, "name": "shengqishigj_DL_024_" },
					{ "time": 0.9, "name": "shengqishigj_DL_027_" },
					{ "time": 1, "name": "shengqishigj_DL_030_" },
					{ "time": 1.1, "name": "shengqishigj_DL_033_" },
					{ "time": 1.2, "name": "shengqishigj_DL_036_" },
					{ "time": 1.3, "name": "shengqishigj_DL_039_" },
					{ "time": 1.4, "name": "shengqishigj_DL_042_" },
					{ "time": 1.5, "name": "shengqishigj_DL_045_" },
					{ "time": 1.6, "name": "shengqishigj_DL_048_" },
					{ "time": 1.7, "name": "shengqishigj_DL_051_" },
					{ "time": 1.8, "name": "shengqishigj_DL_054_" },
					{ "time": 1.9, "name": "shengqishigj_DL_057_" },
					{ "time": 2, "name": "shengqishigj_DL_060_" },
					{ "time": 2.1, "name": "shengqishigj_DL_063_" },
					{ "time": 2.2, "name": "shengqishigj_DL_066_" },
					{ "time": 2.3, "name": "shengqishigj_DL_069_" },
					{ "time": 2.4, "name": "shengqishigj_DL_072_" },
					{ "time": 2.5, "name": "shengqishigj_DL_075_" },
					{ "time": 2.6, "name": "shengqishigj_DL_078_" },
					{ "time": 2.7, "name": "shengqishigj_DL_081_" },
					{ "time": 2.8, "name": "shengqishigj_DL_084_" },
					{ "time": 2.9, "name": "shengqishigj_DL_087_" },
					{ "time": 3, "name": "shengqishigj_DL_090_" },
					{ "time": 3.1, "name": "shengqishigj_DL_093_" },
					{ "time": 3.2, "name": "shengqishigj_DL_096_" },
					{ "time": 3.3, "name": "shengqishigj_DL_099_" },
					{ "time": 3.4, "name": null }
				]
			},
			"shengqishigj_DR_": {
				"attachment": [
					{ "time": 0, "name": "shengqishigj_DR_000_" },
					{ "time": 0.1, "name": "shengqishigj_DR_003_" },
					{ "time": 0.2, "name": "shengqishigj_DR_006_" },
					{ "time": 0.3, "name": "shengqishigj_DR_009_" },
					{ "time": 0.4, "name": "shengqishigj_DR_012_" },
					{ "time": 0.5, "name": "shengqishigj_DR_015_" },
					{ "time": 0.6, "name": "shengqishigj_DR_018_" },
					{ "time": 0.7, "name": "shengqishigj_DR_021_" },
					{ "time": 0.8, "name": "shengqishigj_DR_024_" },
					{ "time": 0.9, "name": "shengqishigj_DR_027_" },
					{ "time": 1, "name": "shengqishigj_DR_030_" },
					{ "time": 1.1, "name": "shengqishigj_DR_033_" },
					{ "time": 1.2, "name": "shengqishigj_DR_036_" },
					{ "time": 1.3, "name": "shengqishigj_DR_039_" },
					{ "time": 1.4, "name": "shengqishigj_DR_042_" },
					{ "time": 1.5, "name": "shengqishigj_DR_045_" },
					{ "time": 1.6, "name": "shengqishigj_DR_048_" },
					{ "time": 1.7, "name": "shengqishigj_DR_051_" },
					{ "time": 1.8, "name": "shengqishigj_DR_054_" },
					{ "time": 1.9, "name": "shengqishigj_DR_057_" },
					{ "time": 2, "name": "shengqishigj_DR_060_" },
					{ "time": 2.1, "name": "shengqishigj_DR_063_" },
					{ "time": 2.2, "name": "shengqishigj_DR_066_" },
					{ "time": 2.3, "name": "shengqishigj_DR_069_" },
					{ "time": 2.4, "name": "shengqishigj_DR_072_" },
					{ "time": 2.5, "name": "shengqishigj_DR_075_" },
					{ "time": 2.6, "name": "shengqishigj_DR_078_" },
					{ "time": 2.7, "name": "shengqishigj_DR_081_" },
					{ "time": 2.8, "name": "shengqishigj_DR_084_" },
					{ "time": 2.9, "name": "shengqishigj_DR_087_" },
					{ "time": 3, "name": "shengqishigj_DR_090_" },
					{ "time": 3.1, "name": "shengqishigj_DR_093_" },
					{ "time": 3.2, "name": "shengqishigj_DR_096_" },
					{ "time": 3.3, "name": "shengqishigj_DR_099_" },
					{ "time": 3.4, "name": null }
				]
			},
			"shengqishigj_UL_": {
				"attachment": [
					{ "time": 0, "name": "shengqishigj_UL_000_" },
					{ "time": 0.1, "name": "shengqishigj_UL_003_" },
					{ "time": 0.2, "name": "shengqishigj_UL_006_" },
					{ "time": 0.3, "name": "shengqishigj_UL_009_" },
					{ "time": 0.4, "name": "shengqishigj_UL_012_" },
					{ "time": 0.5, "name": "shengqishigj_UL_015_" },
					{ "time": 0.6, "name": "shengqishigj_UL_018_" },
					{ "time": 0.7, "name": "shengqishigj_UL_021_" },
					{ "time": 0.8, "name": "shengqishigj_UL_024_" },
					{ "time": 0.9, "name": "shengqishigj_UL_027_" },
					{ "time": 1, "name": "shengqishigj_UL_030_" },
					{ "time": 1.1, "name": "shengqishigj_UL_033_" },
					{ "time": 1.2, "name": "shengqishigj_UL_036_" },
					{ "time": 1.3, "name": "shengqishigj_UL_039_" },
					{ "time": 1.4, "name": "shengqishigj_UL_042_" },
					{ "time": 1.5, "name": "shengqishigj_UL_045_" },
					{ "time": 1.6, "name": "shengqishigj_UL_048_" },
					{ "time": 1.7, "name": "shengqishigj_UL_051_" },
					{ "time": 1.8, "name": "shengqishigj_UL_054_" },
					{ "time": 1.9, "name": "shengqishigj_UL_057_" },
					{ "time": 2, "name": "shengqishigj_UL_060_" },
					{ "time": 2.1, "name": "shengqishigj_UL_063_" },
					{ "time": 2.2, "name": "shengqishigj_UL_066_" },
					{ "time": 2.3, "name": "shengqishigj_UL_069_" },
					{ "time": 2.4, "name": "shengqishigj_UL_072_" },
					{ "time": 2.5, "name": "shengqishigj_UL_075_" },
					{ "time": 2.6, "name": "shengqishigj_UL_078_" },
					{ "time": 2.7, "name": "shengqishigj_UL_081_" },
					{ "time": 2.8, "name": "shengqishigj_UL_084_" },
					{ "time": 2.9, "name": "shengqishigj_UL_087_" },
					{ "time": 3, "name": "shengqishigj_UL_090_" },
					{ "time": 3.1, "name": "shengqishigj_UL_093_" },
					{ "time": 3.2, "name": "shengqishigj_UL_096_" },
					{ "time": 3.3, "name": "shengqishigj_UL_099_" },
					{ "time": 3.4, "name": null }
				]
			},
			"shengqishigj_UR_": {
				"attachment": [
					{ "time": 0, "name": "shengqishigj_UR_000_" },
					{ "time": 0.1, "name": "shengqishigj_UR_003_" },
					{ "time": 0.2, "name": "shengqishigj_UR_006_" },
					{ "time": 0.3, "name": "shengqishigj_UR_009_" },
					{ "time": 0.4, "name": "shengqishigj_UR_012_" },
					{ "time": 0.5, "name": "shengqishigj_UR_015_" },
					{ "time": 0.6, "name": "shengqishigj_UR_018_" },
					{ "time": 0.7, "name": "shengqishigj_UR_021_" },
					{ "time": 0.8, "name": "shengqishigj_UR_024_" },
					{ "time": 0.9, "name": "shengqishigj_UR_027_" },
					{ "time": 1, "name": "shengqishigj_UR_030_" },
					{ "time": 1.1, "name": "shengqishigj_UR_033_" },
					{ "time": 1.2, "name": "shengqishigj_UR_036_" },
					{ "time": 1.3, "name": "shengqishigj_UR_039_" },
					{ "time": 1.4, "name": "shengqishigj_UR_042_" },
					{ "time": 1.5, "name": "shengqishigj_UR_045_" },
					{ "time": 1.6, "name": "shengqishigj_UR_048_" },
					{ "time": 1.7, "name": "shengqishigj_UR_051_" },
					{ "time": 1.8, "name": "shengqishigj_UR_054_" },
					{ "time": 1.9, "name": "shengqishigj_UR_057_" },
					{ "time": 2, "name": "shengqishigj_UR_060_" },
					{ "time": 2.1, "name": "shengqishigj_UR_063_" },
					{ "time": 2.2, "name": "shengqishigj_UR_066_" },
					{ "time": 2.3, "name": "shengqishigj_UR_069_" },
					{ "time": 2.4, "name": "shengqishigj_UR_072_" },
					{ "time": 2.5, "name": "shengqishigj_UR_075_" },
					{ "time": 2.6, "name": "shengqishigj_UR_078_" },
					{ "time": 2.7, "name": "shengqishigj_UR_081_" },
					{ "time": 2.8, "name": "shengqishigj_UR_084_" },
					{ "time": 2.9, "name": "shengqishigj_UR_087_" },
					{ "time": 3, "name": "shengqishigj_UR_090_" },
					{ "time": 3.1, "name": "shengqishigj_UR_093_" },
					{ "time": 3.2, "name": "shengqishigj_UR_096_" },
					{ "time": 3.3, "name": "shengqishigj_UR_099_" },
					{ "time": 3.4, "name": null }
				]
			}
		},
		"bones": {
			"ctr": {
				"translate": [
					{ "time": 0, "x": 0, "y": 0 }
				]
			}
		}
	}
}
}