{
"skeleton": { "hash": "3VYSGvuWZiEE3csfdQ01g+CznAg", "spine": "3.7.94", "width": 800, "height": 700, "images": "./images/", "audio": "E:/外发/2023/盲盒-圣骑士特效/裁图/shengqishi_djxx_group" },
"bones": [
	{ "name": "root" },
	{ "name": "ctr", "parent": "root", "x": -25, "y": 126, "scaleX": 1.25, "scaleY": 1.25 },
	{ "name": "shengqishidjxx_UL_", "parent": "ctr" },
	{ "name": "shengqishidjxx_UR_", "parent": "ctr" },
	{ "name": "shengqishidjxx_DL_", "parent": "ctr" },
	{ "name": "shengqishidjxx_DR_", "parent": "ctr" }
],
"slots": [
	{ "name": "shengqishidjxx_UL_", "bone": "shengqishidjxx_UL_", "attachment": "shengqishidjxx_UL_000_" },
	{ "name": "shengqishidjxx_UR_", "bone": "shengqishidjxx_UR_", "attachment": "shengqishidjxx_UR_000_" },
	{ "name": "shengqishidjxx_DL_", "bone": "shengqishidjxx_DL_", "attachment": "shengqishidjxx_DL_000_" },
	{ "name": "shengqishidjxx_DR_", "bone": "shengqishidjxx_DR_", "attachment": "shengqishidjxx_DR_000_" }
],
"skins": {
	"default": {
		"shengqishidjxx_DL_": {
			"shengqishidjxx_DL_000_": { "x": -111, "y": -159.5, "width": 222, "height": 319 },
			"shengqishidjxx_DL_003_": { "x": -111, "y": -159.5, "width": 222, "height": 319 },
			"shengqishidjxx_DL_006_": { "x": -111, "y": -159.5, "width": 222, "height": 319 },
			"shengqishidjxx_DL_009_": { "x": -111, "y": -159.5, "width": 222, "height": 319 },
			"shengqishidjxx_DL_012_": { "x": -111, "y": -159.5, "width": 222, "height": 319 },
			"shengqishidjxx_DL_015_": { "x": -111, "y": -159.5, "width": 222, "height": 319 },
			"shengqishidjxx_DL_018_": { "x": -111, "y": -159.5, "width": 222, "height": 319 },
			"shengqishidjxx_DL_021_": { "x": -111, "y": -159.5, "width": 222, "height": 319 },
			"shengqishidjxx_DL_024_": { "x": -111, "y": -159.5, "width": 222, "height": 319 },
			"shengqishidjxx_DL_027_": { "x": -111, "y": -159.5, "width": 222, "height": 319 },
			"shengqishidjxx_DL_030_": { "x": -111, "y": -159.5, "width": 222, "height": 319 },
			"shengqishidjxx_DL_033_": { "x": -111, "y": -159.5, "width": 222, "height": 319 },
			"shengqishidjxx_DL_036_": { "x": -111, "y": -159.5, "width": 222, "height": 319 },
			"shengqishidjxx_DL_039_": { "x": -111, "y": -159.5, "width": 222, "height": 319 },
			"shengqishidjxx_DL_042_": { "x": -111, "y": -159.5, "width": 222, "height": 319 },
			"shengqishidjxx_DL_045_": { "x": -111, "y": -159.5, "width": 222, "height": 319 },
			"shengqishidjxx_DL_048_": { "x": -111, "y": -159.5, "width": 222, "height": 319 },
			"shengqishidjxx_DL_051_": { "x": -111, "y": -159.5, "width": 222, "height": 319 },
			"shengqishidjxx_DL_054_": { "x": -111, "y": -159.5, "width": 222, "height": 319 },
			"shengqishidjxx_DL_057_": { "x": -111, "y": -159.5, "width": 222, "height": 319 },
			"shengqishidjxx_DL_060_": { "x": -111, "y": -159.5, "width": 222, "height": 319 },
			"shengqishidjxx_DL_063_": { "x": -111, "y": -159.5, "width": 222, "height": 319 },
			"shengqishidjxx_DL_066_": { "x": -111, "y": -159.5, "width": 222, "height": 319 },
			"shengqishidjxx_DL_069_": { "x": -111, "y": -159.5, "width": 222, "height": 319 },
			"shengqishidjxx_DL_072_": { "x": -111, "y": -159.5, "width": 222, "height": 319 },
			"shengqishidjxx_DL_075_": { "x": -111, "y": -159.5, "width": 222, "height": 319 },
			"shengqishidjxx_DL_078_": { "x": -111, "y": -159.5, "width": 222, "height": 319 },
			"shengqishidjxx_DL_081_": { "x": -111, "y": -159.5, "width": 222, "height": 319 },
			"shengqishidjxx_DL_084_": { "x": -111, "y": -159.5, "width": 222, "height": 319 },
			"shengqishidjxx_DL_087_": { "x": -111, "y": -159.5, "width": 222, "height": 319 },
			"shengqishidjxx_DL_090_": { "x": -111, "y": -159.5, "width": 222, "height": 319 },
			"shengqishidjxx_DL_093_": { "x": -111, "y": -159.5, "width": 222, "height": 319 },
			"shengqishidjxx_DL_096_": { "x": -111, "y": -159.5, "width": 222, "height": 319 },
			"shengqishidjxx_DL_099_": { "x": -111, "y": -159.5, "width": 222, "height": 319 },
			"shengqishidjxx_DL_102_": { "x": -111, "y": -159.5, "width": 222, "height": 319 },
			"shengqishidjxx_DL_105_": { "x": -111, "y": -159.5, "width": 222, "height": 319 },
			"shengqishidjxx_DL_108_": { "x": -111, "y": -159.5, "width": 222, "height": 319 },
			"shengqishidjxx_DL_111_": { "x": -111, "y": -159.5, "width": 222, "height": 319 },
			"shengqishidjxx_DL_114_": { "x": -111, "y": -159.5, "width": 222, "height": 319 },
			"shengqishidjxx_DL_117_": { "x": -111, "y": -159.5, "width": 222, "height": 319 },
			"shengqishidjxx_DL_120_": { "x": -111, "y": -159.5, "width": 222, "height": 319 },
			"shengqishidjxx_DL_123_": { "x": -111, "y": -159.5, "width": 222, "height": 319 },
			"shengqishidjxx_DL_126_": { "x": -111, "y": -159.5, "width": 222, "height": 319 },
			"shengqishidjxx_DL_129_": { "x": -111, "y": -159.5, "width": 222, "height": 319 },
			"shengqishidjxx_DL_132_": { "x": -111, "y": -159.5, "width": 222, "height": 319 },
			"shengqishidjxx_DL_135_": { "x": -111, "y": -159.5, "width": 222, "height": 319 },
			"shengqishidjxx_DL_138_": { "x": -111, "y": -159.5, "width": 222, "height": 319 },
			"shengqishidjxx_DL_141_": { "x": -111, "y": -159.5, "width": 222, "height": 319 },
			"shengqishidjxx_DL_144_": { "x": -111, "y": -159.5, "width": 222, "height": 319 },
			"shengqishidjxx_DL_147_": { "x": -111, "y": -159.5, "width": 222, "height": 319 },
			"shengqishidjxx_DL_150_": { "x": -111, "y": -159.5, "width": 222, "height": 319 },
			"shengqishidjxx_DL_153_": { "x": -111, "y": -159.5, "width": 222, "height": 319 },
			"shengqishidjxx_DL_156_": { "x": -111, "y": -159.5, "width": 222, "height": 319 },
			"shengqishidjxx_DL_159_": { "x": -111, "y": -159.5, "width": 222, "height": 319 },
			"shengqishidjxx_DL_162_": { "x": -111, "y": -159.5, "width": 222, "height": 319 },
			"shengqishidjxx_DL_163_": { "x": -111, "y": -159.5, "width": 222, "height": 319 }
		},
		"shengqishidjxx_DR_": {
			"shengqishidjxx_DR_000_": { "x": 209, "y": -159.5, "width": 418, "height": 319 },
			"shengqishidjxx_DR_003_": { "x": 209, "y": -159.5, "width": 418, "height": 319 },
			"shengqishidjxx_DR_006_": { "x": 209, "y": -159.5, "width": 418, "height": 319 },
			"shengqishidjxx_DR_009_": { "x": 209, "y": -159.5, "width": 418, "height": 319 },
			"shengqishidjxx_DR_012_": { "x": 209, "y": -159.5, "width": 418, "height": 319 },
			"shengqishidjxx_DR_015_": { "x": 209, "y": -159.5, "width": 418, "height": 319 },
			"shengqishidjxx_DR_018_": { "x": 209, "y": -159.5, "width": 418, "height": 319 },
			"shengqishidjxx_DR_021_": { "x": 209, "y": -159.5, "width": 418, "height": 319 },
			"shengqishidjxx_DR_024_": { "x": 209, "y": -159.5, "width": 418, "height": 319 },
			"shengqishidjxx_DR_027_": { "x": 209, "y": -159.5, "width": 418, "height": 319 },
			"shengqishidjxx_DR_030_": { "x": 209, "y": -159.5, "width": 418, "height": 319 },
			"shengqishidjxx_DR_033_": { "x": 209, "y": -159.5, "width": 418, "height": 319 },
			"shengqishidjxx_DR_036_": { "x": 209, "y": -159.5, "width": 418, "height": 319 },
			"shengqishidjxx_DR_039_": { "x": 209, "y": -159.5, "width": 418, "height": 319 },
			"shengqishidjxx_DR_042_": { "x": 209, "y": -159.5, "width": 418, "height": 319 },
			"shengqishidjxx_DR_045_": { "x": 209, "y": -159.5, "width": 418, "height": 319 },
			"shengqishidjxx_DR_048_": { "x": 209, "y": -159.5, "width": 418, "height": 319 },
			"shengqishidjxx_DR_051_": { "x": 209, "y": -159.5, "width": 418, "height": 319 },
			"shengqishidjxx_DR_054_": { "x": 209, "y": -159.5, "width": 418, "height": 319 },
			"shengqishidjxx_DR_057_": { "x": 209, "y": -159.5, "width": 418, "height": 319 },
			"shengqishidjxx_DR_060_": { "x": 209, "y": -159.5, "width": 418, "height": 319 },
			"shengqishidjxx_DR_063_": { "x": 209, "y": -159.5, "width": 418, "height": 319 },
			"shengqishidjxx_DR_066_": { "x": 209, "y": -159.5, "width": 418, "height": 319 },
			"shengqishidjxx_DR_069_": { "x": 209, "y": -159.5, "width": 418, "height": 319 },
			"shengqishidjxx_DR_072_": { "x": 209, "y": -159.5, "width": 418, "height": 319 },
			"shengqishidjxx_DR_075_": { "x": 209, "y": -159.5, "width": 418, "height": 319 },
			"shengqishidjxx_DR_078_": { "x": 209, "y": -159.5, "width": 418, "height": 319 },
			"shengqishidjxx_DR_081_": { "x": 209, "y": -159.5, "width": 418, "height": 319 },
			"shengqishidjxx_DR_084_": { "x": 209, "y": -159.5, "width": 418, "height": 319 },
			"shengqishidjxx_DR_087_": { "x": 209, "y": -159.5, "width": 418, "height": 319 },
			"shengqishidjxx_DR_090_": { "x": 209, "y": -159.5, "width": 418, "height": 319 },
			"shengqishidjxx_DR_093_": { "x": 209, "y": -159.5, "width": 418, "height": 319 },
			"shengqishidjxx_DR_096_": { "x": 209, "y": -159.5, "width": 418, "height": 319 },
			"shengqishidjxx_DR_099_": { "x": 209, "y": -159.5, "width": 418, "height": 319 },
			"shengqishidjxx_DR_102_": { "x": 209, "y": -159.5, "width": 418, "height": 319 },
			"shengqishidjxx_DR_105_": { "x": 209, "y": -159.5, "width": 418, "height": 319 },
			"shengqishidjxx_DR_108_": { "x": 209, "y": -159.5, "width": 418, "height": 319 },
			"shengqishidjxx_DR_111_": { "x": 209, "y": -159.5, "width": 418, "height": 319 },
			"shengqishidjxx_DR_114_": { "x": 209, "y": -159.5, "width": 418, "height": 319 },
			"shengqishidjxx_DR_117_": { "x": 209, "y": -159.5, "width": 418, "height": 319 },
			"shengqishidjxx_DR_120_": { "x": 209, "y": -159.5, "width": 418, "height": 319 },
			"shengqishidjxx_DR_123_": { "x": 209, "y": -159.5, "width": 418, "height": 319 },
			"shengqishidjxx_DR_126_": { "x": 209, "y": -159.5, "width": 418, "height": 319 },
			"shengqishidjxx_DR_129_": { "x": 209, "y": -159.5, "width": 418, "height": 319 },
			"shengqishidjxx_DR_132_": { "x": 209, "y": -159.5, "width": 418, "height": 319 },
			"shengqishidjxx_DR_135_": { "x": 209, "y": -159.5, "width": 418, "height": 319 },
			"shengqishidjxx_DR_138_": { "x": 209, "y": -159.5, "width": 418, "height": 319 },
			"shengqishidjxx_DR_141_": { "x": 209, "y": -159.5, "width": 418, "height": 319 },
			"shengqishidjxx_DR_144_": { "x": 209, "y": -159.5, "width": 418, "height": 319 },
			"shengqishidjxx_DR_147_": { "x": 209, "y": -159.5, "width": 418, "height": 319 },
			"shengqishidjxx_DR_150_": { "x": 209, "y": -159.5, "width": 418, "height": 319 },
			"shengqishidjxx_DR_153_": { "x": 209, "y": -159.5, "width": 418, "height": 319 },
			"shengqishidjxx_DR_156_": { "x": 209, "y": -159.5, "width": 418, "height": 319 },
			"shengqishidjxx_DR_159_": { "x": 209, "y": -159.5, "width": 418, "height": 319 },
			"shengqishidjxx_DR_162_": { "x": 209, "y": -159.5, "width": 418, "height": 319 },
			"shengqishidjxx_DR_163_": { "x": 209, "y": -159.5, "width": 418, "height": 319 }
		},
		"shengqishidjxx_UL_": {
			"shengqishidjxx_UL_000_": { "x": -111, "y": 120.5, "width": 222, "height": 241 },
			"shengqishidjxx_UL_003_": { "x": -111, "y": 120.5, "width": 222, "height": 241 },
			"shengqishidjxx_UL_006_": { "x": -111, "y": 120.5, "width": 222, "height": 241 },
			"shengqishidjxx_UL_009_": { "x": -111, "y": 120.5, "width": 222, "height": 241 },
			"shengqishidjxx_UL_012_": { "x": -111, "y": 120.5, "width": 222, "height": 241 },
			"shengqishidjxx_UL_015_": { "x": -111, "y": 120.5, "width": 222, "height": 241 },
			"shengqishidjxx_UL_018_": { "x": -111, "y": 120.5, "width": 222, "height": 241 },
			"shengqishidjxx_UL_021_": { "x": -111, "y": 120.5, "width": 222, "height": 241 },
			"shengqishidjxx_UL_024_": { "x": -111, "y": 120.5, "width": 222, "height": 241 },
			"shengqishidjxx_UL_027_": { "x": -111, "y": 120.5, "width": 222, "height": 241 },
			"shengqishidjxx_UL_030_": { "x": -111, "y": 120.5, "width": 222, "height": 241 },
			"shengqishidjxx_UL_033_": { "x": -111, "y": 120.5, "width": 222, "height": 241 },
			"shengqishidjxx_UL_036_": { "x": -111, "y": 120.5, "width": 222, "height": 241 },
			"shengqishidjxx_UL_039_": { "x": -111, "y": 120.5, "width": 222, "height": 241 },
			"shengqishidjxx_UL_042_": { "x": -111, "y": 120.5, "width": 222, "height": 241 },
			"shengqishidjxx_UL_045_": { "x": -111, "y": 120.5, "width": 222, "height": 241 },
			"shengqishidjxx_UL_048_": { "x": -111, "y": 120.5, "width": 222, "height": 241 },
			"shengqishidjxx_UL_051_": { "x": -111, "y": 120.5, "width": 222, "height": 241 },
			"shengqishidjxx_UL_054_": { "x": -111, "y": 120.5, "width": 222, "height": 241 },
			"shengqishidjxx_UL_057_": { "x": -111, "y": 120.5, "width": 222, "height": 241 },
			"shengqishidjxx_UL_060_": { "x": -111, "y": 120.5, "width": 222, "height": 241 },
			"shengqishidjxx_UL_063_": { "x": -111, "y": 120.5, "width": 222, "height": 241 },
			"shengqishidjxx_UL_066_": { "x": -111, "y": 120.5, "width": 222, "height": 241 },
			"shengqishidjxx_UL_069_": { "x": -111, "y": 120.5, "width": 222, "height": 241 },
			"shengqishidjxx_UL_072_": { "x": -111, "y": 120.5, "width": 222, "height": 241 },
			"shengqishidjxx_UL_075_": { "x": -111, "y": 120.5, "width": 222, "height": 241 },
			"shengqishidjxx_UL_078_": { "x": -111, "y": 120.5, "width": 222, "height": 241 },
			"shengqishidjxx_UL_081_": { "x": -111, "y": 120.5, "width": 222, "height": 241 },
			"shengqishidjxx_UL_084_": { "x": -111, "y": 120.5, "width": 222, "height": 241 },
			"shengqishidjxx_UL_087_": { "x": -111, "y": 120.5, "width": 222, "height": 241 },
			"shengqishidjxx_UL_090_": { "x": -111, "y": 120.5, "width": 222, "height": 241 },
			"shengqishidjxx_UL_093_": { "x": -111, "y": 120.5, "width": 222, "height": 241 },
			"shengqishidjxx_UL_096_": { "x": -111, "y": 120.5, "width": 222, "height": 241 },
			"shengqishidjxx_UL_099_": { "x": -111, "y": 120.5, "width": 222, "height": 241 },
			"shengqishidjxx_UL_102_": { "x": -111, "y": 120.5, "width": 222, "height": 241 },
			"shengqishidjxx_UL_105_": { "x": -111, "y": 120.5, "width": 222, "height": 241 },
			"shengqishidjxx_UL_108_": { "x": -111, "y": 120.5, "width": 222, "height": 241 },
			"shengqishidjxx_UL_111_": { "x": -111, "y": 120.5, "width": 222, "height": 241 },
			"shengqishidjxx_UL_114_": { "x": -111, "y": 120.5, "width": 222, "height": 241 },
			"shengqishidjxx_UL_117_": { "x": -111, "y": 120.5, "width": 222, "height": 241 },
			"shengqishidjxx_UL_120_": { "x": -111, "y": 120.5, "width": 222, "height": 241 },
			"shengqishidjxx_UL_123_": { "x": -111, "y": 120.5, "width": 222, "height": 241 },
			"shengqishidjxx_UL_126_": { "x": -111, "y": 120.5, "width": 222, "height": 241 },
			"shengqishidjxx_UL_129_": { "x": -111, "y": 120.5, "width": 222, "height": 241 },
			"shengqishidjxx_UL_132_": { "x": -111, "y": 120.5, "width": 222, "height": 241 },
			"shengqishidjxx_UL_135_": { "x": -111, "y": 120.5, "width": 222, "height": 241 },
			"shengqishidjxx_UL_138_": { "x": -111, "y": 120.5, "width": 222, "height": 241 },
			"shengqishidjxx_UL_141_": { "x": -111, "y": 120.5, "width": 222, "height": 241 },
			"shengqishidjxx_UL_144_": { "x": -111, "y": 120.5, "width": 222, "height": 241 },
			"shengqishidjxx_UL_147_": { "x": -111, "y": 120.5, "width": 222, "height": 241 },
			"shengqishidjxx_UL_150_": { "x": -111, "y": 120.5, "width": 222, "height": 241 },
			"shengqishidjxx_UL_153_": { "x": -111, "y": 120.5, "width": 222, "height": 241 },
			"shengqishidjxx_UL_156_": { "x": -111, "y": 120.5, "width": 222, "height": 241 },
			"shengqishidjxx_UL_159_": { "x": -111, "y": 120.5, "width": 222, "height": 241 },
			"shengqishidjxx_UL_162_": { "x": -111, "y": 120.5, "width": 222, "height": 241 },
			"shengqishidjxx_UL_163_": { "x": -111, "y": 120.5, "width": 222, "height": 241 }
		},
		"shengqishidjxx_UR_": {
			"shengqishidjxx_UR_000_": { "x": 209, "y": 120.5, "width": 418, "height": 241 },
			"shengqishidjxx_UR_003_": { "x": 209, "y": 120.5, "width": 418, "height": 241 },
			"shengqishidjxx_UR_006_": { "x": 209, "y": 120.5, "width": 418, "height": 241 },
			"shengqishidjxx_UR_009_": { "x": 209, "y": 120.5, "width": 418, "height": 241 },
			"shengqishidjxx_UR_012_": { "x": 209, "y": 120.5, "width": 418, "height": 241 },
			"shengqishidjxx_UR_015_": { "x": 209, "y": 120.5, "width": 418, "height": 241 },
			"shengqishidjxx_UR_018_": { "x": 209, "y": 120.5, "width": 418, "height": 241 },
			"shengqishidjxx_UR_021_": { "x": 209, "y": 120.5, "width": 418, "height": 241 },
			"shengqishidjxx_UR_024_": { "x": 209, "y": 120.5, "width": 418, "height": 241 },
			"shengqishidjxx_UR_027_": { "x": 209, "y": 120.5, "width": 418, "height": 241 },
			"shengqishidjxx_UR_030_": { "x": 209, "y": 120.5, "width": 418, "height": 241 },
			"shengqishidjxx_UR_033_": { "x": 209, "y": 120.5, "width": 418, "height": 241 },
			"shengqishidjxx_UR_036_": { "x": 209, "y": 120.5, "width": 418, "height": 241 },
			"shengqishidjxx_UR_039_": { "x": 209, "y": 120.5, "width": 418, "height": 241 },
			"shengqishidjxx_UR_042_": { "x": 209, "y": 120.5, "width": 418, "height": 241 },
			"shengqishidjxx_UR_045_": { "x": 209, "y": 120.5, "width": 418, "height": 241 },
			"shengqishidjxx_UR_048_": { "x": 209, "y": 120.5, "width": 418, "height": 241 },
			"shengqishidjxx_UR_051_": { "x": 209, "y": 120.5, "width": 418, "height": 241 },
			"shengqishidjxx_UR_054_": { "x": 209, "y": 120.5, "width": 418, "height": 241 },
			"shengqishidjxx_UR_057_": { "x": 209, "y": 120.5, "width": 418, "height": 241 },
			"shengqishidjxx_UR_060_": { "x": 209, "y": 120.5, "width": 418, "height": 241 },
			"shengqishidjxx_UR_063_": { "x": 209, "y": 120.5, "width": 418, "height": 241 },
			"shengqishidjxx_UR_066_": { "x": 209, "y": 120.5, "width": 418, "height": 241 },
			"shengqishidjxx_UR_069_": { "x": 209, "y": 120.5, "width": 418, "height": 241 },
			"shengqishidjxx_UR_072_": { "x": 209, "y": 120.5, "width": 418, "height": 241 },
			"shengqishidjxx_UR_075_": { "x": 209, "y": 120.5, "width": 418, "height": 241 },
			"shengqishidjxx_UR_078_": { "x": 209, "y": 120.5, "width": 418, "height": 241 },
			"shengqishidjxx_UR_081_": { "x": 209, "y": 120.5, "width": 418, "height": 241 },
			"shengqishidjxx_UR_084_": { "x": 209, "y": 120.5, "width": 418, "height": 241 },
			"shengqishidjxx_UR_087_": { "x": 209, "y": 120.5, "width": 418, "height": 241 },
			"shengqishidjxx_UR_090_": { "x": 209, "y": 120.5, "width": 418, "height": 241 },
			"shengqishidjxx_UR_093_": { "x": 209, "y": 120.5, "width": 418, "height": 241 },
			"shengqishidjxx_UR_096_": { "x": 209, "y": 120.5, "width": 418, "height": 241 },
			"shengqishidjxx_UR_099_": { "x": 209, "y": 120.5, "width": 418, "height": 241 },
			"shengqishidjxx_UR_102_": { "x": 209, "y": 120.5, "width": 418, "height": 241 },
			"shengqishidjxx_UR_105_": { "x": 209, "y": 120.5, "width": 418, "height": 241 },
			"shengqishidjxx_UR_108_": { "x": 209, "y": 120.5, "width": 418, "height": 241 },
			"shengqishidjxx_UR_111_": { "x": 209, "y": 120.5, "width": 418, "height": 241 },
			"shengqishidjxx_UR_114_": { "x": 209, "y": 120.5, "width": 418, "height": 241 },
			"shengqishidjxx_UR_117_": { "x": 209, "y": 120.5, "width": 418, "height": 241 },
			"shengqishidjxx_UR_120_": { "x": 209, "y": 120.5, "width": 418, "height": 241 },
			"shengqishidjxx_UR_123_": { "x": 209, "y": 120.5, "width": 418, "height": 241 },
			"shengqishidjxx_UR_126_": { "x": 209, "y": 120.5, "width": 418, "height": 241 },
			"shengqishidjxx_UR_129_": { "x": 209, "y": 120.5, "width": 418, "height": 241 },
			"shengqishidjxx_UR_132_": { "x": 209, "y": 120.5, "width": 418, "height": 241 },
			"shengqishidjxx_UR_135_": { "x": 209, "y": 120.5, "width": 418, "height": 241 },
			"shengqishidjxx_UR_138_": { "x": 209, "y": 120.5, "width": 418, "height": 241 },
			"shengqishidjxx_UR_141_": { "x": 209, "y": 120.5, "width": 418, "height": 241 },
			"shengqishidjxx_UR_144_": { "x": 209, "y": 120.5, "width": 418, "height": 241 },
			"shengqishidjxx_UR_147_": { "x": 209, "y": 120.5, "width": 418, "height": 241 },
			"shengqishidjxx_UR_150_": { "x": 209, "y": 120.5, "width": 418, "height": 241 },
			"shengqishidjxx_UR_153_": { "x": 209, "y": 120.5, "width": 418, "height": 241 },
			"shengqishidjxx_UR_156_": { "x": 209, "y": 120.5, "width": 418, "height": 241 },
			"shengqishidjxx_UR_159_": { "x": 209, "y": 120.5, "width": 418, "height": 241 },
			"shengqishidjxx_UR_162_": { "x": 209, "y": 120.5, "width": 418, "height": 241 },
			"shengqishidjxx_UR_163_": { "x": 209, "y": 120.5, "width": 418, "height": 241 }
		}
	}
},
"animations": {
	"animation": {
		"slots": {
			"shengqishidjxx_DL_": {
				"attachment": [
					{ "time": 0, "name": "shengqishidjxx_DL_000_" },
					{ "time": 0.1, "name": "shengqishidjxx_DL_003_" },
					{ "time": 0.2, "name": "shengqishidjxx_DL_006_" },
					{ "time": 0.3, "name": "shengqishidjxx_DL_009_" },
					{ "time": 0.4, "name": "shengqishidjxx_DL_012_" },
					{ "time": 0.5, "name": "shengqishidjxx_DL_015_" },
					{ "time": 0.6, "name": "shengqishidjxx_DL_018_" },
					{ "time": 0.7, "name": "shengqishidjxx_DL_021_" },
					{ "time": 0.8, "name": "shengqishidjxx_DL_024_" },
					{ "time": 0.9, "name": "shengqishidjxx_DL_027_" },
					{ "time": 1, "name": "shengqishidjxx_DL_030_" },
					{ "time": 1.1, "name": "shengqishidjxx_DL_033_" },
					{ "time": 1.2, "name": "shengqishidjxx_DL_036_" },
					{ "time": 1.3, "name": "shengqishidjxx_DL_039_" },
					{ "time": 1.4, "name": "shengqishidjxx_DL_042_" },
					{ "time": 1.5, "name": "shengqishidjxx_DL_045_" },
					{ "time": 1.6, "name": "shengqishidjxx_DL_048_" },
					{ "time": 1.7, "name": "shengqishidjxx_DL_051_" },
					{ "time": 1.8, "name": "shengqishidjxx_DL_054_" },
					{ "time": 1.9, "name": "shengqishidjxx_DL_057_" },
					{ "time": 2, "name": "shengqishidjxx_DL_060_" },
					{ "time": 2.1, "name": "shengqishidjxx_DL_063_" },
					{ "time": 2.2, "name": "shengqishidjxx_DL_066_" },
					{ "time": 2.3, "name": "shengqishidjxx_DL_069_" },
					{ "time": 2.4, "name": "shengqishidjxx_DL_072_" },
					{ "time": 2.5, "name": "shengqishidjxx_DL_075_" },
					{ "time": 2.6, "name": "shengqishidjxx_DL_078_" },
					{ "time": 2.7, "name": "shengqishidjxx_DL_081_" },
					{ "time": 2.8, "name": "shengqishidjxx_DL_084_" },
					{ "time": 2.9, "name": "shengqishidjxx_DL_087_" },
					{ "time": 3, "name": "shengqishidjxx_DL_090_" },
					{ "time": 3.1, "name": "shengqishidjxx_DL_093_" },
					{ "time": 3.2, "name": "shengqishidjxx_DL_096_" },
					{ "time": 3.3, "name": "shengqishidjxx_DL_099_" },
					{ "time": 3.4, "name": "shengqishidjxx_DL_102_" },
					{ "time": 3.5, "name": "shengqishidjxx_DL_105_" },
					{ "time": 3.6, "name": "shengqishidjxx_DL_108_" },
					{ "time": 3.7, "name": "shengqishidjxx_DL_111_" },
					{ "time": 3.8, "name": "shengqishidjxx_DL_114_" },
					{ "time": 3.9, "name": "shengqishidjxx_DL_117_" },
					{ "time": 4, "name": "shengqishidjxx_DL_120_" },
					{ "time": 4.1, "name": "shengqishidjxx_DL_123_" },
					{ "time": 4.2, "name": "shengqishidjxx_DL_126_" },
					{ "time": 4.3, "name": "shengqishidjxx_DL_129_" },
					{ "time": 4.4, "name": "shengqishidjxx_DL_132_" },
					{ "time": 4.5, "name": "shengqishidjxx_DL_135_" },
					{ "time": 4.6, "name": "shengqishidjxx_DL_138_" },
					{ "time": 4.7, "name": "shengqishidjxx_DL_141_" },
					{ "time": 4.8, "name": "shengqishidjxx_DL_144_" },
					{ "time": 4.9, "name": "shengqishidjxx_DL_147_" },
					{ "time": 5, "name": "shengqishidjxx_DL_150_" },
					{ "time": 5.1, "name": "shengqishidjxx_DL_153_" },
					{ "time": 5.2, "name": "shengqishidjxx_DL_156_" },
					{ "time": 5.3, "name": "shengqishidjxx_DL_159_" },
					{ "time": 5.4, "name": "shengqishidjxx_DL_162_" },
					{ "time": 5.5, "name": "shengqishidjxx_DL_163_" },
					{ "time": 5.6, "name": null }
				]
			},
			"shengqishidjxx_DR_": {
				"attachment": [
					{ "time": 0, "name": "shengqishidjxx_DR_000_" },
					{ "time": 0.1, "name": "shengqishidjxx_DR_003_" },
					{ "time": 0.2, "name": "shengqishidjxx_DR_006_" },
					{ "time": 0.3, "name": "shengqishidjxx_DR_009_" },
					{ "time": 0.4, "name": "shengqishidjxx_DR_012_" },
					{ "time": 0.5, "name": "shengqishidjxx_DR_015_" },
					{ "time": 0.6, "name": "shengqishidjxx_DR_018_" },
					{ "time": 0.7, "name": "shengqishidjxx_DR_021_" },
					{ "time": 0.8, "name": "shengqishidjxx_DR_024_" },
					{ "time": 0.9, "name": "shengqishidjxx_DR_027_" },
					{ "time": 1, "name": "shengqishidjxx_DR_030_" },
					{ "time": 1.1, "name": "shengqishidjxx_DR_033_" },
					{ "time": 1.2, "name": "shengqishidjxx_DR_036_" },
					{ "time": 1.3, "name": "shengqishidjxx_DR_039_" },
					{ "time": 1.4, "name": "shengqishidjxx_DR_042_" },
					{ "time": 1.5, "name": "shengqishidjxx_DR_045_" },
					{ "time": 1.6, "name": "shengqishidjxx_DR_048_" },
					{ "time": 1.7, "name": "shengqishidjxx_DR_051_" },
					{ "time": 1.8, "name": "shengqishidjxx_DR_054_" },
					{ "time": 1.9, "name": "shengqishidjxx_DR_057_" },
					{ "time": 2, "name": "shengqishidjxx_DR_060_" },
					{ "time": 2.1, "name": "shengqishidjxx_DR_063_" },
					{ "time": 2.2, "name": "shengqishidjxx_DR_066_" },
					{ "time": 2.3, "name": "shengqishidjxx_DR_069_" },
					{ "time": 2.4, "name": "shengqishidjxx_DR_072_" },
					{ "time": 2.5, "name": "shengqishidjxx_DR_075_" },
					{ "time": 2.6, "name": "shengqishidjxx_DR_078_" },
					{ "time": 2.7, "name": "shengqishidjxx_DR_081_" },
					{ "time": 2.8, "name": "shengqishidjxx_DR_084_" },
					{ "time": 2.9, "name": "shengqishidjxx_DR_087_" },
					{ "time": 3, "name": "shengqishidjxx_DR_090_" },
					{ "time": 3.1, "name": "shengqishidjxx_DR_093_" },
					{ "time": 3.2, "name": "shengqishidjxx_DR_096_" },
					{ "time": 3.3, "name": "shengqishidjxx_DR_099_" },
					{ "time": 3.4, "name": "shengqishidjxx_DR_102_" },
					{ "time": 3.5, "name": "shengqishidjxx_DR_105_" },
					{ "time": 3.6, "name": "shengqishidjxx_DR_108_" },
					{ "time": 3.7, "name": "shengqishidjxx_DR_111_" },
					{ "time": 3.8, "name": "shengqishidjxx_DR_114_" },
					{ "time": 3.9, "name": "shengqishidjxx_DR_117_" },
					{ "time": 4, "name": "shengqishidjxx_DR_120_" },
					{ "time": 4.1, "name": "shengqishidjxx_DR_123_" },
					{ "time": 4.2, "name": "shengqishidjxx_DR_126_" },
					{ "time": 4.3, "name": "shengqishidjxx_DR_129_" },
					{ "time": 4.4, "name": "shengqishidjxx_DR_132_" },
					{ "time": 4.5, "name": "shengqishidjxx_DR_135_" },
					{ "time": 4.6, "name": "shengqishidjxx_DR_138_" },
					{ "time": 4.7, "name": "shengqishidjxx_DR_141_" },
					{ "time": 4.8, "name": "shengqishidjxx_DR_144_" },
					{ "time": 4.9, "name": "shengqishidjxx_DR_147_" },
					{ "time": 5, "name": "shengqishidjxx_DR_150_" },
					{ "time": 5.1, "name": "shengqishidjxx_DR_153_" },
					{ "time": 5.2, "name": "shengqishidjxx_DR_156_" },
					{ "time": 5.3, "name": "shengqishidjxx_DR_159_" },
					{ "time": 5.4, "name": "shengqishidjxx_DR_162_" },
					{ "time": 5.5, "name": "shengqishidjxx_DR_163_" },
					{ "time": 5.6, "name": null }
				]
			},
			"shengqishidjxx_UL_": {
				"attachment": [
					{ "time": 0, "name": "shengqishidjxx_UL_000_" },
					{ "time": 0.1, "name": "shengqishidjxx_UL_003_" },
					{ "time": 0.2, "name": "shengqishidjxx_UL_006_" },
					{ "time": 0.3, "name": "shengqishidjxx_UL_009_" },
					{ "time": 0.4, "name": "shengqishidjxx_UL_012_" },
					{ "time": 0.5, "name": "shengqishidjxx_UL_015_" },
					{ "time": 0.6, "name": "shengqishidjxx_UL_018_" },
					{ "time": 0.7, "name": "shengqishidjxx_UL_021_" },
					{ "time": 0.8, "name": "shengqishidjxx_UL_024_" },
					{ "time": 0.9, "name": "shengqishidjxx_UL_027_" },
					{ "time": 1, "name": "shengqishidjxx_UL_030_" },
					{ "time": 1.1, "name": "shengqishidjxx_UL_033_" },
					{ "time": 1.2, "name": "shengqishidjxx_UL_036_" },
					{ "time": 1.3, "name": "shengqishidjxx_UL_039_" },
					{ "time": 1.4, "name": "shengqishidjxx_UL_042_" },
					{ "time": 1.5, "name": "shengqishidjxx_UL_045_" },
					{ "time": 1.6, "name": "shengqishidjxx_UL_048_" },
					{ "time": 1.7, "name": "shengqishidjxx_UL_051_" },
					{ "time": 1.8, "name": "shengqishidjxx_UL_054_" },
					{ "time": 1.9, "name": "shengqishidjxx_UL_057_" },
					{ "time": 2, "name": "shengqishidjxx_UL_060_" },
					{ "time": 2.1, "name": "shengqishidjxx_UL_063_" },
					{ "time": 2.2, "name": "shengqishidjxx_UL_066_" },
					{ "time": 2.3, "name": "shengqishidjxx_UL_069_" },
					{ "time": 2.4, "name": "shengqishidjxx_UL_072_" },
					{ "time": 2.5, "name": "shengqishidjxx_UL_075_" },
					{ "time": 2.6, "name": "shengqishidjxx_UL_078_" },
					{ "time": 2.7, "name": "shengqishidjxx_UL_081_" },
					{ "time": 2.8, "name": "shengqishidjxx_UL_084_" },
					{ "time": 2.9, "name": "shengqishidjxx_UL_087_" },
					{ "time": 3, "name": "shengqishidjxx_UL_090_" },
					{ "time": 3.1, "name": "shengqishidjxx_UL_093_" },
					{ "time": 3.2, "name": "shengqishidjxx_UL_096_" },
					{ "time": 3.3, "name": "shengqishidjxx_UL_099_" },
					{ "time": 3.4, "name": "shengqishidjxx_UL_102_" },
					{ "time": 3.5, "name": "shengqishidjxx_UL_105_" },
					{ "time": 3.6, "name": "shengqishidjxx_UL_108_" },
					{ "time": 3.7, "name": "shengqishidjxx_UL_111_" },
					{ "time": 3.8, "name": "shengqishidjxx_UL_114_" },
					{ "time": 3.9, "name": "shengqishidjxx_UL_117_" },
					{ "time": 4, "name": "shengqishidjxx_UL_120_" },
					{ "time": 4.1, "name": "shengqishidjxx_UL_123_" },
					{ "time": 4.2, "name": "shengqishidjxx_UL_126_" },
					{ "time": 4.3, "name": "shengqishidjxx_UL_129_" },
					{ "time": 4.4, "name": "shengqishidjxx_UL_132_" },
					{ "time": 4.5, "name": "shengqishidjxx_UL_135_" },
					{ "time": 4.6, "name": "shengqishidjxx_UL_138_" },
					{ "time": 4.7, "name": "shengqishidjxx_UL_141_" },
					{ "time": 4.8, "name": "shengqishidjxx_UL_144_" },
					{ "time": 4.9, "name": "shengqishidjxx_UL_147_" },
					{ "time": 5, "name": "shengqishidjxx_UL_150_" },
					{ "time": 5.1, "name": "shengqishidjxx_UL_153_" },
					{ "time": 5.2, "name": "shengqishidjxx_UL_156_" },
					{ "time": 5.3, "name": "shengqishidjxx_UL_159_" },
					{ "time": 5.4, "name": "shengqishidjxx_UL_162_" },
					{ "time": 5.5, "name": "shengqishidjxx_UL_163_" },
					{ "time": 5.6, "name": null }
				]
			},
			"shengqishidjxx_UR_": {
				"attachment": [
					{ "time": 0, "name": "shengqishidjxx_UR_000_" },
					{ "time": 0.1, "name": "shengqishidjxx_UR_003_" },
					{ "time": 0.2, "name": "shengqishidjxx_UR_006_" },
					{ "time": 0.3, "name": "shengqishidjxx_UR_009_" },
					{ "time": 0.4, "name": "shengqishidjxx_UR_012_" },
					{ "time": 0.5, "name": "shengqishidjxx_UR_015_" },
					{ "time": 0.6, "name": "shengqishidjxx_UR_018_" },
					{ "time": 0.7, "name": "shengqishidjxx_UR_021_" },
					{ "time": 0.8, "name": "shengqishidjxx_UR_024_" },
					{ "time": 0.9, "name": "shengqishidjxx_UR_027_" },
					{ "time": 1, "name": "shengqishidjxx_UR_030_" },
					{ "time": 1.1, "name": "shengqishidjxx_UR_033_" },
					{ "time": 1.2, "name": "shengqishidjxx_UR_036_" },
					{ "time": 1.3, "name": "shengqishidjxx_UR_039_" },
					{ "time": 1.4, "name": "shengqishidjxx_UR_042_" },
					{ "time": 1.5, "name": "shengqishidjxx_UR_045_" },
					{ "time": 1.6, "name": "shengqishidjxx_UR_048_" },
					{ "time": 1.7, "name": "shengqishidjxx_UR_051_" },
					{ "time": 1.8, "name": "shengqishidjxx_UR_054_" },
					{ "time": 1.9, "name": "shengqishidjxx_UR_057_" },
					{ "time": 2, "name": "shengqishidjxx_UR_060_" },
					{ "time": 2.1, "name": "shengqishidjxx_UR_063_" },
					{ "time": 2.2, "name": "shengqishidjxx_UR_066_" },
					{ "time": 2.3, "name": "shengqishidjxx_UR_069_" },
					{ "time": 2.4, "name": "shengqishidjxx_UR_072_" },
					{ "time": 2.5, "name": "shengqishidjxx_UR_075_" },
					{ "time": 2.6, "name": "shengqishidjxx_UR_078_" },
					{ "time": 2.7, "name": "shengqishidjxx_UR_081_" },
					{ "time": 2.8, "name": "shengqishidjxx_UR_084_" },
					{ "time": 2.9, "name": "shengqishidjxx_UR_087_" },
					{ "time": 3, "name": "shengqishidjxx_UR_090_" },
					{ "time": 3.1, "name": "shengqishidjxx_UR_093_" },
					{ "time": 3.2, "name": "shengqishidjxx_UR_096_" },
					{ "time": 3.3, "name": "shengqishidjxx_UR_099_" },
					{ "time": 3.4, "name": "shengqishidjxx_UR_102_" },
					{ "time": 3.5, "name": "shengqishidjxx_UR_105_" },
					{ "time": 3.6, "name": "shengqishidjxx_UR_108_" },
					{ "time": 3.7, "name": "shengqishidjxx_UR_111_" },
					{ "time": 3.8, "name": "shengqishidjxx_UR_114_" },
					{ "time": 3.9, "name": "shengqishidjxx_UR_117_" },
					{ "time": 4, "name": "shengqishidjxx_UR_120_" },
					{ "time": 4.1, "name": "shengqishidjxx_UR_123_" },
					{ "time": 4.2, "name": "shengqishidjxx_UR_126_" },
					{ "time": 4.3, "name": "shengqishidjxx_UR_129_" },
					{ "time": 4.4, "name": "shengqishidjxx_UR_132_" },
					{ "time": 4.5, "name": "shengqishidjxx_UR_135_" },
					{ "time": 4.6, "name": "shengqishidjxx_UR_138_" },
					{ "time": 4.7, "name": "shengqishidjxx_UR_141_" },
					{ "time": 4.8, "name": "shengqishidjxx_UR_144_" },
					{ "time": 4.9, "name": "shengqishidjxx_UR_147_" },
					{ "time": 5, "name": "shengqishidjxx_UR_150_" },
					{ "time": 5.1, "name": "shengqishidjxx_UR_153_" },
					{ "time": 5.2, "name": "shengqishidjxx_UR_156_" },
					{ "time": 5.3, "name": "shengqishidjxx_UR_159_" },
					{ "time": 5.4, "name": "shengqishidjxx_UR_162_" },
					{ "time": 5.5, "name": "shengqishidjxx_UR_163_" },
					{ "time": 5.6, "name": null }
				]
			}
		},
		"bones": {
			"ctr": {
				"translate": [
					{ "time": 0, "x": 0, "y": 0 }
				]
			}
		}
	}
}
}