{
"skeleton": { "hash": "6pyWPBZVpnHubiw5FoOZdpDwmms", "spine": "2.1.27", "width": 42, "height": 41 },
"bones": [
	{ "name": "root" },
	{ "name": "bone", "parent": "root", "length": 34.69, "x": -0.68, "y": 0.93, "rotation": 90.9 },
	{ "name": "bone2", "parent": "bone", "x": 34.69, "y": 0.01 }
],
"slots": [
	{ "name": "nan_gua_", "bone": "root", "attachment": "nan_gua_" }
],
"skins": {
	"default": {
		"nan_gua_": {
			"nan_gua_": {
				"type": "skinnedmesh",
				"uvs": [ 1, 1, 0, 1, 0, 0, 1, 0 ],
				"triangles": [ 1, 2, 3, 1, 3, 0 ],
				"vertices": [ 1, 1, -1.28, -21.89, 1, 1, 1, -0.61, 20.09, 1, 1, 2, 5.69, 19.43, 1, 1, 2, 5.02, -22.56, 1 ],
				"hull": 4
			}
		}
	}
},
"animations": {
	"animation": {
		"slots": {
			"nan_gua_": {
				"color": [
					{ "time": 0, "color": "ffffffff", "curve": "stepped" },
					{ "time": 1.2333, "color": "ffffffff" },
					{ "time": 1.4333, "color": "ffffff00" }
				]
			}
		},
		"bones": {
			"bone": {
				"rotate": [
					{ "time": 0, "angle": 0, "curve": "stepped" },
					{ "time": 0.3333, "angle": 0, "curve": "stepped" },
					{ "time": 0.5666, "angle": 0 }
				],
				"translate": [
					{ "time": 0, "x": -115.04, "y": -6.39 },
					{ "time": 0.2, "x": -112.39, "y": 24.29 },
					{ "time": 0.3333, "x": -106.04, "y": 44.75 },
					{ "time": 0.4333, "x": -103.33, "y": 36.23 },
					{ "time": 0.5666, "x": -90.91, "y": -6.39 },
					{ "time": 0.6333, "x": -89.41, "y": -6.71 },
					{ "time": 0.7666, "x": -84.37, "y": 10.64 },
					{ "time": 0.8666, "x": -80.52, "y": 3.98 },
					{ "time": 1, "x": -76.68, "y": -7.97 }
				],
				"scale": [
					{ "time": 0, "x": -0.001, "y": -0.001 },
					{ "time": 0.2, "x": 0.484, "y": 0.484 },
					{ "time": 0.3333, "x": 1.305, "y": 1.305 },
					{ "time": 0.5666, "x": 1, "y": 1 }
				]
			},
			"bone2": {
				"rotate": [
					{ "time": 0, "angle": 0, "curve": "stepped" },
					{ "time": 0.3333, "angle": 0 }
				],
				"translate": [
					{ "time": 0, "x": 0, "y": 0 },
					{ "time": 0.2, "x": 15.97, "y": -0.25 },
					{ "time": 0.3333, "x": -5.55, "y": 0.08 },
					{ "time": 0.4333, "x": 9.44, "y": 0.22 },
					{ "time": 0.5666, "x": 0.38, "y": 0.32 },
					{ "time": 0.6333, "x": -8.56, "y": 0.42 },
					{ "time": 0.7, "x": -3.11, "y": 0.57 },
					{ "time": 0.8, "x": 5.25, "y": 0.59 },
					{ "time": 0.9, "x": 1.2, "y": 0.42 },
					{ "time": 1.0666, "x": -7.15, "y": 0.4 },
					{ "time": 1.3, "x": -2.19, "y": 0.03 },
					{ "time": 1.5, "x": -3.63, "y": 0.05 }
				],
				"scale": [
					{ "time": 0, "x": 1, "y": 1, "curve": "stepped" },
					{ "time": 0.3333, "x": 1, "y": 1 }
				]
			}
		}
	}
}
}