{
"skeleton": { "hash": "jHK31KGWCJL6d+k/XrUEpAyII04", "spine": "3.4.02", "width": 282.51, "height": 202 },
"bones": [
	{ "name": "root" },
	{ "name": "bone", "parent": "root", "length": 96.83, "rotation": 82.38, "x": 97.29, "y": 11.05 },
	{ "name": "bone2", "parent": "root", "length": 96.83, "rotation": 82.38, "x": -38.85, "y": 13.84 },
	{ "name": "bone3", "parent": "root", "length": 52.31, "rotation": 101.3, "x": -43.12, "y": 54.96 },
	{ "name": "bone4", "parent": "root", "length": 52.01, "rotation": 103.3, "x": 102.03, "y": 66.64 },
	{ "name": "bone5", "parent": "root", "length": 50.29, "rotation": 107.81, "x": -60.07, "y": 26.62 },
	{ "name": "bone6", "parent": "root", "length": 82.21, "rotation": 112.73, "x": -42.87, "y": 79.65 }
],
"slots": [
	{ "name": "birthday_castle19_", "bone": "bone6", "attachment": "birthday_castle19_" },
	{ "name": "birthday_castle18_", "bone": "bone5", "attachment": "birthday_castle18_" },
	{ "name": "birthday_castle12_", "bone": "bone4", "attachment": "birthday_castle12_" },
	{ "name": "birthday_castle010_", "bone": "bone", "attachment": "birthday_castle010_" },
	{ "name": "birthday_castle010_2", "bone": "bone2", "attachment": "birthday_castle010_" },
	{ "name": "birthday_castle04_", "bone": "bone3", "attachment": "birthday_castle04_" },
	{ "name": "birthday_", "bone": "root", "attachment": "birthday_" }
],
"skins": {
	"default": {
		"birthday_": {
			"birthday_": { "x": -13.2, "y": 49.51, "width": 280, "height": 202 }
		},
		"birthday_castle010_": {
			"birthday_castle010_": { "x": 56.12, "y": -7.13, "rotation": -82.38, "width": 35, "height": 99 }
		},
		"birthday_castle010_2": {
			"birthday_castle010_": { "x": 56.12, "y": -7.13, "rotation": -82.38, "width": 35, "height": 99 }
		},
		"birthday_castle04_": {
			"birthday_castle04_": { "x": 19.92, "y": 0.2, "rotation": -101.3, "width": 37, "height": 66 }
		},
		"birthday_castle12_": {
			"birthday_castle12_": { "x": 21.64, "y": 0.85, "rotation": -103.3, "width": 37, "height": 47 }
		},
		"birthday_castle18_": {
			"birthday_castle18_": { "x": 19.5, "y": -3.03, "rotation": -107.81, "width": 38, "height": 48 }
		},
		"birthday_castle19_": {
			"birthday_castle19_": { "x": 24.59, "y": -0.73, "rotation": -83.2, "width": 36, "height": 46 }
		}
	}
},
"animations": {
	"animation": {
		"slots": {
			"birthday_": {
				"attachment": [
					{ "time": 0, "name": "birthday_" },
					{ "time": 3.3333, "name": "birthday_" }
				]
			},
			"birthday_castle010_": {
				"attachment": [
					{ "time": 0, "name": "birthday_castle010_" },
					{ "time": 3.3333, "name": "birthday_castle010_" }
				]
			},
			"birthday_castle010_2": {
				"attachment": [
					{ "time": 0, "name": "birthday_castle010_" },
					{ "time": 3.3333, "name": "birthday_castle010_" }
				]
			},
			"birthday_castle04_": {
				"attachment": [
					{ "time": 0, "name": "birthday_castle04_" },
					{ "time": 3.3333, "name": "birthday_castle04_" }
				]
			},
			"birthday_castle12_": {
				"attachment": [
					{ "time": 0, "name": "birthday_castle12_" },
					{ "time": 3.3333, "name": "birthday_castle12_" }
				]
			},
			"birthday_castle18_": {
				"attachment": [
					{ "time": 0, "name": "birthday_castle18_" },
					{ "time": 3.3333, "name": "birthday_castle18_" }
				]
			},
			"birthday_castle19_": {
				"attachment": [
					{ "time": 0, "name": "birthday_castle19_" },
					{ "time": 3.3333, "name": "birthday_castle19_" }
				]
			}
		},
		"bones": {
			"root": {
				"rotate": [
					{ "time": 0, "angle": 0 }
				],
				"translate": [
					{ "time": 0, "x": 0, "y": 0 }
				],
				"scale": [
					{ "time": 0, "x": 1, "y": 1 }
				]
			},
			"bone6": {
				"rotate": [
					{ "time": 0, "angle": 27.95 },
					{ "time": 1.6666, "angle": -6.41 },
					{ "time": 3.3333, "angle": 27.95 }
				],
				"translate": [
					{ "time": 0, "x": 0, "y": 0, "curve": "stepped" },
					{ "time": 3.3333, "x": 0, "y": 0 }
				],
				"scale": [
					{ "time": 0, "x": 1, "y": 1, "curve": "stepped" },
					{ "time": 3.3333, "x": 1, "y": 1 }
				]
			},
			"bone5": {
				"rotate": [
					{ "time": 0, "angle": 0 },
					{ "time": 1.6666, "angle": -9.66 },
					{ "time": 3.3333, "angle": 0 }
				],
				"translate": [
					{ "time": 0, "x": 0, "y": 0, "curve": "stepped" },
					{ "time": 3.3333, "x": 0, "y": 0 }
				],
				"scale": [
					{ "time": 0, "x": 1, "y": 1, "curve": "stepped" },
					{ "time": 3.3333, "x": 1, "y": 1 }
				]
			},
			"bone3": {
				"rotate": [
					{ "time": 0, "angle": 0 },
					{ "time": 1.6666, "angle": 9.18 },
					{ "time": 3.3333, "angle": 0 }
				],
				"translate": [
					{ "time": 0, "x": 0, "y": 0, "curve": "stepped" },
					{ "time": 3.3333, "x": 0, "y": 0 }
				],
				"scale": [
					{ "time": 0, "x": 1, "y": 1, "curve": "stepped" },
					{ "time": 3.3333, "x": 1, "y": 1 }
				]
			},
			"bone": {
				"rotate": [
					{ "time": 0, "angle": 0 },
					{ "time": 1.6666, "angle": -3.7 },
					{ "time": 3.3333, "angle": 0 }
				],
				"translate": [
					{ "time": 0, "x": 0, "y": 0, "curve": "stepped" },
					{ "time": 3.3333, "x": 0, "y": 0 }
				],
				"scale": [
					{ "time": 0, "x": 1, "y": 1, "curve": "stepped" },
					{ "time": 3.3333, "x": 1, "y": 1 }
				]
			},
			"bone4": {
				"rotate": [
					{ "time": 0, "angle": 0 },
					{ "time": 1.6666, "angle": 8.12 },
					{ "time": 3.3333, "angle": 0 }
				],
				"translate": [
					{ "time": 0, "x": 0, "y": 0, "curve": "stepped" },
					{ "time": 3.3333, "x": 0, "y": 0 }
				],
				"scale": [
					{ "time": 0, "x": 1, "y": 1, "curve": "stepped" },
					{ "time": 3.3333, "x": 1, "y": 1 }
				]
			},
			"bone2": {
				"rotate": [
					{ "time": 0, "angle": 6.12 },
					{ "time": 1.6666, "angle": -5.12 },
					{ "time": 3.3333, "angle": 6.12 }
				],
				"translate": [
					{ "time": 0, "x": 0, "y": 0, "curve": "stepped" },
					{ "time": 3.3333, "x": 0, "y": 0 }
				],
				"scale": [
					{ "time": 0, "x": 1, "y": 1, "curve": "stepped" },
					{ "time": 3.3333, "x": 1, "y": 1 }
				]
			}
		}
	}
}
}