{
"skeleton": { "hash": "3VQBSqAfXrY3Q/QyQVt4veKFGxw", "spine": "3.7.94", "width": 0, "height": 0, "images": "./images/", "audio": "" },
"bones": [
	{ "name": "root" },
	{ "name": "glow_", "parent": "root" },
	{ "name": "ying_glow_lizi", "parent": "root", "scaleX": 2.5, "scaleY": 2.5 },
	{ "name": "ying_glow_", "parent": "root" },
	{ "name": "ying_gj_yu_", "parent": "root", "scaleX": 2.5, "scaleY": 2.5 },
	{ "name": "ying_gj_trail_", "parent": "root", "scaleX": 2.5, "scaleY": 2.5 },
	{ "name": "ying_gj_shadow", "parent": "root", "scaleX": 2.5, "scaleY": 2.5 },
	{ "name": "ying_gj_", "parent": "root", "scaleX": 1.5, "scaleY": 1.5 },
	{ "name": "xuanfeng_", "parent": "root", "scaleX": 2.5, "scaleY": 2.5 },
	{ "name": "smoke", "parent": "root", "scaleX": 2.25, "scaleY": 2.25 },
	{ "name": "ground_", "parent": "root" },
	{ "name": "ying_glow_lizi2", "parent": "root", "scaleX": 2.5, "scaleY": 2.5 }
],
"slots": [
	{ "name": "ground_", "bone": "ground_" },
	{ "name": "ying_gj_shadow", "bone": "ying_gj_shadow" },
	{ "name": "ying_gj_", "bone": "ying_gj_" },
	{ "name": "ying_gj_trail_", "bone": "ying_gj_trail_" },
	{ "name": "ying_gj_yu_", "bone": "ying_gj_yu_" },
	{ "name": "smoke", "bone": "smoke" },
	{ "name": "xuanfeng_", "bone": "xuanfeng_" },
	{ "name": "ying_glow_", "bone": "ying_glow_", "blend": "additive" },
	{ "name": "ying_glow_lizi", "bone": "ying_glow_lizi" },
	{ "name": "ying_glow_lizi2", "bone": "ying_glow_lizi2", "blend": "additive" },
	{ "name": "glow_", "bone": "glow_", "blend": "additive" }
],
"skins": {
	"default": {
		"glow_": {
			"glow_": { "width": 460, "height": 460 }
		},
		"ground_": {
			"ground_": { "x": 0.5, "y": 0.5, "scaleX": 2, "scaleY": 2, "width": 300, "height": 300 }
		},
		"smoke": {
			"smoke_00_": { "width": 294, "height": 294 },
			"smoke_04_": { "width": 294, "height": 294 },
			"smoke_08_": { "width": 294, "height": 294 },
			"smoke_12_": { "width": 294, "height": 294 },
			"smoke_16_": { "width": 294, "height": 294 },
			"smoke_20_": { "width": 294, "height": 294 },
			"smoke_24_": { "width": 294, "height": 294 },
			"smoke_28_": { "width": 294, "height": 294 },
			"smoke_32_": { "width": 294, "height": 294 },
			"smoke_36_": { "width": 294, "height": 294 },
			"smoke_40_": { "width": 294, "height": 294 },
			"smoke_44_": { "width": 294, "height": 294 },
			"smoke_48_": { "width": 294, "height": 294 },
			"smoke_52_": { "width": 294, "height": 294 },
			"smoke_56_": { "width": 294, "height": 294 },
			"smoke_60_": { "width": 294, "height": 294 },
			"smoke_64_": { "width": 294, "height": 294 },
			"smoke_68_": { "width": 294, "height": 294 }
		},
		"xuanfeng_": {
			"xuanfeng_00_": { "x": 0.5, "y": 0.5, "width": 205, "height": 205 },
			"xuanfeng_02_": { "x": 0.5, "y": 0.5, "width": 205, "height": 205 },
			"xuanfeng_04_": { "x": 0.5, "y": 0.5, "width": 205, "height": 205 },
			"xuanfeng_06_": { "x": 0.5, "y": 0.5, "width": 205, "height": 205 },
			"xuanfeng_08_": { "x": 0.5, "y": 0.5, "width": 205, "height": 205 },
			"xuanfeng_10_": { "x": 0.5, "y": 0.5, "width": 205, "height": 205 },
			"xuanfeng_12_": { "x": 0.5, "y": 0.5, "width": 205, "height": 205 },
			"xuanfeng_14_": { "x": 0.5, "y": 0.5, "width": 205, "height": 205 },
			"xuanfeng_16_": { "x": 0.5, "y": 0.5, "width": 205, "height": 205 },
			"xuanfeng_18_": { "x": 0.5, "y": 0.5, "width": 205, "height": 205 },
			"xuanfeng_20_": { "x": 0.5, "y": 0.5, "width": 205, "height": 205 },
			"xuanfeng_22_": { "x": 0.5, "y": 0.5, "width": 205, "height": 205 },
			"xuanfeng_24_": { "x": 0.5, "y": 0.5, "width": 205, "height": 205 }
		},
		"ying_gj_": {
			"ying_gj_00_": { "x": 0.5, "y": 0.5, "width": 771, "height": 771 },
			"ying_gj_03_": { "x": 0.5, "y": 0.5, "width": 771, "height": 771 },
			"ying_gj_06_": { "x": 0.5, "y": 0.5, "width": 771, "height": 771 },
			"ying_gj_09_": { "x": 0.5, "y": 0.5, "width": 771, "height": 771 },
			"ying_gj_12_": { "x": 0.5, "y": 0.5, "width": 771, "height": 771 },
			"ying_gj_15_": { "x": 0.5, "y": 0.5, "width": 771, "height": 771 },
			"ying_gj_18_": { "x": 0.5, "y": 0.5, "width": 771, "height": 771 },
			"ying_gj_21_": { "x": 0.5, "y": 0.5, "width": 771, "height": 771 },
			"ying_gj_24_": { "x": 0.5, "y": 0.5, "width": 771, "height": 771 },
			"ying_gj_27_": { "x": 0.5, "y": 0.5, "width": 771, "height": 771 },
			"ying_gj_30_": { "x": 0.5, "y": 0.5, "width": 771, "height": 771 },
			"ying_gj_33_": { "x": 0.5, "y": 0.5, "width": 771, "height": 771 },
			"ying_gj_36_": { "x": 0.5, "y": 0.5, "width": 771, "height": 771 },
			"ying_gj_39_": { "x": 0.5, "y": 0.5, "width": 771, "height": 771 },
			"ying_gj_42_": { "x": 0.5, "y": 0.5, "width": 771, "height": 771 },
			"ying_gj_45_": { "x": 0.5, "y": 0.5, "width": 771, "height": 771 },
			"ying_gj_48_": { "x": 0.5, "y": 0.5, "width": 771, "height": 771 },
			"ying_gj_51_": { "x": 0.5, "y": 0.5, "width": 771, "height": 771 },
			"ying_gj_54_": { "x": 0.5, "y": 0.5, "width": 771, "height": 771 },
			"ying_gj_57_": { "x": 0.5, "y": 0.5, "width": 771, "height": 771 },
			"ying_gj_60_": { "x": 0.5, "y": 0.5, "width": 771, "height": 771 },
			"ying_gj_63_": { "x": 0.5, "y": 0.5, "width": 771, "height": 771 },
			"ying_gj_66_": { "x": 0.5, "y": 0.5, "width": 771, "height": 771 },
			"ying_gj_69_": { "x": 0.5, "y": 0.5, "width": 771, "height": 771 },
			"ying_gj_72_": { "x": 0.5, "y": 0.5, "width": 771, "height": 771 },
			"ying_gj_75_": { "x": 0.5, "y": 0.5, "width": 771, "height": 771 },
			"ying_gj_78_": { "x": 0.5, "y": 0.5, "width": 771, "height": 771 },
			"ying_gj_81_": { "x": 0.5, "y": 0.5, "width": 771, "height": 771 },
			"ying_gj_84_": { "x": 0.5, "y": 0.5, "width": 771, "height": 771 }
		},
		"ying_gj_shadow": {
			"ying_gj_shadow_00_": { "width": 460, "height": 460 },
			"ying_gj_shadow_03_": { "width": 460, "height": 460 },
			"ying_gj_shadow_06_": { "width": 460, "height": 460 },
			"ying_gj_shadow_09_": { "width": 460, "height": 460 },
			"ying_gj_shadow_12_": { "width": 460, "height": 460 },
			"ying_gj_shadow_15_": { "width": 460, "height": 460 },
			"ying_gj_shadow_18_": { "width": 460, "height": 460 },
			"ying_gj_shadow_21_": { "width": 460, "height": 460 },
			"ying_gj_shadow_24_": { "width": 460, "height": 460 },
			"ying_gj_shadow_27_": { "width": 460, "height": 460 },
			"ying_gj_shadow_30_": { "width": 460, "height": 460 },
			"ying_gj_shadow_33_": { "width": 460, "height": 460 },
			"ying_gj_shadow_36_": { "width": 460, "height": 460 },
			"ying_gj_shadow_39_": { "width": 460, "height": 460 },
			"ying_gj_shadow_42_": { "width": 460, "height": 460 },
			"ying_gj_shadow_45_": { "width": 460, "height": 460 },
			"ying_gj_shadow_48_": { "width": 460, "height": 460 },
			"ying_gj_shadow_51_": { "width": 460, "height": 460 },
			"ying_gj_shadow_54_": { "width": 460, "height": 460 },
			"ying_gj_shadow_57_": { "width": 460, "height": 460 },
			"ying_gj_shadow_60_": { "width": 460, "height": 460 },
			"ying_gj_shadow_63_": { "width": 460, "height": 460 },
			"ying_gj_shadow_66_": { "width": 460, "height": 460 },
			"ying_gj_shadow_69_": { "width": 460, "height": 460 },
			"ying_gj_shadow_72_": { "width": 460, "height": 460 },
			"ying_gj_shadow_75_": { "width": 460, "height": 460 },
			"ying_gj_shadow_78_": { "width": 460, "height": 460 },
			"ying_gj_shadow_81_": { "width": 460, "height": 460 },
			"ying_gj_shadow_84_": { "width": 460, "height": 460 }
		},
		"ying_gj_trail_": {
			"ying_gj_trail_03_": { "width": 460, "height": 460 },
			"ying_gj_trail_06_": { "width": 460, "height": 460 },
			"ying_gj_trail_09_": { "width": 460, "height": 460 },
			"ying_gj_trail_12_": { "width": 460, "height": 460 },
			"ying_gj_trail_15_": { "width": 460, "height": 460 },
			"ying_gj_trail_18_": { "width": 460, "height": 460 },
			"ying_gj_trail_21_": { "width": 460, "height": 460 },
			"ying_gj_trail_24_": { "width": 460, "height": 460 },
			"ying_gj_trail_27_": { "width": 460, "height": 460 },
			"ying_gj_trail_30_": { "width": 460, "height": 460 },
			"ying_gj_trail_33_": { "width": 460, "height": 460 },
			"ying_gj_trail_36_": { "width": 460, "height": 460 },
			"ying_gj_trail_39_": { "width": 460, "height": 460 },
			"ying_gj_trail_42_": { "width": 460, "height": 460 },
			"ying_gj_trail_45_": { "width": 460, "height": 460 },
			"ying_gj_trail_48_": { "width": 460, "height": 460 },
			"ying_gj_trail_51_": { "width": 460, "height": 460 },
			"ying_gj_trail_54_": { "width": 460, "height": 460 },
			"ying_gj_trail_57_": { "width": 460, "height": 460 },
			"ying_gj_trail_60_": { "width": 460, "height": 460 },
			"ying_gj_trail_63_": { "width": 460, "height": 460 },
			"ying_gj_trail_66_": { "width": 460, "height": 460 },
			"ying_gj_trail_69_": { "width": 460, "height": 460 },
			"ying_gj_trail_72_": { "width": 460, "height": 460 },
			"ying_gj_trail_75_": { "width": 460, "height": 460 },
			"ying_gj_trail_78_": { "width": 460, "height": 460 },
			"ying_gj_trail_81_": { "width": 460, "height": 460 },
			"ying_gj_trail_84_": { "width": 460, "height": 460 }
		},
		"ying_gj_yu_": {
			"ying_gj_yu_00_": { "width": 460, "height": 460 },
			"ying_gj_yu_03_": { "width": 460, "height": 460 },
			"ying_gj_yu_06_": { "width": 460, "height": 460 },
			"ying_gj_yu_09_": { "width": 460, "height": 460 },
			"ying_gj_yu_12_": { "width": 460, "height": 460 },
			"ying_gj_yu_15_": { "width": 460, "height": 460 },
			"ying_gj_yu_18_": { "width": 460, "height": 460 },
			"ying_gj_yu_21_": { "width": 460, "height": 460 },
			"ying_gj_yu_24_": { "width": 460, "height": 460 },
			"ying_gj_yu_27_": { "width": 460, "height": 460 },
			"ying_gj_yu_30_": { "width": 460, "height": 460 },
			"ying_gj_yu_33_": { "width": 460, "height": 460 },
			"ying_gj_yu_36_": { "width": 460, "height": 460 },
			"ying_gj_yu_39_": { "width": 460, "height": 460 },
			"ying_gj_yu_42_": { "width": 460, "height": 460 },
			"ying_gj_yu_45_": { "width": 460, "height": 460 },
			"ying_gj_yu_48_": { "width": 460, "height": 460 },
			"ying_gj_yu_51_": { "width": 460, "height": 460 },
			"ying_gj_yu_54_": { "width": 460, "height": 460 },
			"ying_gj_yu_57_": { "width": 460, "height": 460 },
			"ying_gj_yu_60_": { "width": 460, "height": 460 },
			"ying_gj_yu_63_": { "width": 460, "height": 460 },
			"ying_gj_yu_66_": { "width": 460, "height": 460 },
			"ying_gj_yu_69_": { "width": 460, "height": 460 },
			"ying_gj_yu_72_": { "width": 460, "height": 460 },
			"ying_gj_yu_75_": { "width": 460, "height": 460 },
			"ying_gj_yu_78_": { "width": 460, "height": 460 },
			"ying_gj_yu_81_": { "width": 460, "height": 460 },
			"ying_gj_yu_84_": { "width": 460, "height": 460 }
		},
		"ying_glow_": {
			"ying_glow_": { "x": -8.5, "y": -82.5, "scaleX": 1.5, "scaleY": 1.5, "width": 575, "height": 575 }
		},
		"ying_glow_lizi": {
			"ying_glow_lizi_61_": { "width": 460, "height": 460 },
			"ying_glow_lizi_63_": { "width": 460, "height": 460 },
			"ying_glow_lizi_65_": { "width": 460, "height": 460 },
			"ying_glow_lizi_67_": { "width": 460, "height": 460 },
			"ying_glow_lizi_69_": { "width": 460, "height": 460 },
			"ying_glow_lizi_71_": { "width": 460, "height": 460 },
			"ying_glow_lizi_73_": { "width": 460, "height": 460 },
			"ying_glow_lizi_75_": { "width": 460, "height": 460 },
			"ying_glow_lizi_77_": { "width": 460, "height": 460 },
			"ying_glow_lizi_79_": { "width": 460, "height": 460 },
			"ying_glow_lizi_81_": { "width": 460, "height": 460 },
			"ying_glow_lizi_83_": { "width": 460, "height": 460 },
			"ying_glow_lizi_85_": { "width": 460, "height": 460 }
		},
		"ying_glow_lizi2": {
			"ying_glow_lizi_61_": { "width": 460, "height": 460 },
			"ying_glow_lizi_63_": { "width": 460, "height": 460 },
			"ying_glow_lizi_65_": { "width": 460, "height": 460 },
			"ying_glow_lizi_67_": { "width": 460, "height": 460 },
			"ying_glow_lizi_69_": { "width": 460, "height": 460 },
			"ying_glow_lizi_71_": { "width": 460, "height": 460 },
			"ying_glow_lizi_73_": { "width": 460, "height": 460 },
			"ying_glow_lizi_75_": { "width": 460, "height": 460 },
			"ying_glow_lizi_77_": { "width": 460, "height": 460 },
			"ying_glow_lizi_79_": { "width": 460, "height": 460 },
			"ying_glow_lizi_81_": { "width": 460, "height": 460 },
			"ying_glow_lizi_83_": { "width": 460, "height": 460 },
			"ying_glow_lizi_85_": { "width": 460, "height": 460 }
		}
	}
},
"animations": {
	"animation": {
		"slots": {
			"glow_": {
				"attachment": [
					{ "time": 2, "name": "glow_" }
				]
			},
			"ground_": {
				"attachment": [
					{ "time": 0, "name": "ground_" }
				]
			},
			"smoke": {
				"attachment": [
					{ "time": 0, "name": "smoke_00_" },
					{ "time": 0.0667, "name": "smoke_04_" },
					{ "time": 0.1667, "name": "smoke_08_" },
					{ "time": 0.2333, "name": "smoke_12_" },
					{ "time": 0.3333, "name": "smoke_16_" },
					{ "time": 0.4, "name": "smoke_20_" },
					{ "time": 0.5, "name": "smoke_24_" },
					{ "time": 0.5667, "name": "smoke_28_" },
					{ "time": 0.6333, "name": "smoke_32_" },
					{ "time": 0.7333, "name": "smoke_36_" },
					{ "time": 0.8, "name": "smoke_40_" },
					{ "time": 0.9, "name": "smoke_44_" },
					{ "time": 0.9667, "name": "smoke_48_" },
					{ "time": 1.0333, "name": "smoke_52_" },
					{ "time": 1.1333, "name": "smoke_56_" },
					{ "time": 1.2, "name": "smoke_60_" },
					{ "time": 1.3, "name": "smoke_64_" },
					{ "time": 1.3667, "name": "smoke_68_" },
					{ "time": 1.4667, "name": "smoke_00_" },
					{ "time": 1.5333, "name": "smoke_04_" },
					{ "time": 1.6, "name": "smoke_08_" },
					{ "time": 1.7, "name": "smoke_12_" },
					{ "time": 1.7667, "name": "smoke_16_" },
					{ "time": 1.8667, "name": "smoke_20_" },
					{ "time": 1.9333, "name": "smoke_24_" },
					{ "time": 2.0333, "name": "smoke_28_" },
					{ "time": 2.1, "name": "smoke_32_" },
					{ "time": 2.1667, "name": "smoke_36_" },
					{ "time": 2.2667, "name": "smoke_40_" },
					{ "time": 2.3333, "name": "smoke_44_" },
					{ "time": 2.4333, "name": "smoke_48_" },
					{ "time": 2.5, "name": "smoke_52_" },
					{ "time": 2.5667, "name": "smoke_56_" },
					{ "time": 2.6667, "name": "smoke_60_" },
					{ "time": 2.7333, "name": "smoke_64_" },
					{ "time": 2.8333, "name": "smoke_68_" },
					{ "time": 2.9, "name": null }
				]
			},
			"xuanfeng_": {
				"attachment": [
					{ "time": 2.0333, "name": "xuanfeng_00_" },
					{ "time": 2.1, "name": "xuanfeng_02_" },
					{ "time": 2.1667, "name": "xuanfeng_04_" },
					{ "time": 2.2333, "name": "xuanfeng_06_" },
					{ "time": 2.3, "name": "xuanfeng_08_" },
					{ "time": 2.3667, "name": "xuanfeng_10_" },
					{ "time": 2.4333, "name": "xuanfeng_12_" },
					{ "time": 2.5, "name": "xuanfeng_14_" },
					{ "time": 2.5667, "name": "xuanfeng_16_" },
					{ "time": 2.6333, "name": "xuanfeng_18_" },
					{ "time": 2.7, "name": "xuanfeng_20_" },
					{ "time": 2.7667, "name": "xuanfeng_22_" },
					{ "time": 2.8333, "name": "xuanfeng_24_" },
					{ "time": 2.9, "name": null }
				]
			},
			"ying_gj_": {
				"attachment": [
					{ "time": 0, "name": "ying_gj_00_" },
					{ "time": 0.1, "name": "ying_gj_03_" },
					{ "time": 0.2, "name": "ying_gj_06_" },
					{ "time": 0.3, "name": "ying_gj_09_" },
					{ "time": 0.4, "name": "ying_gj_12_" },
					{ "time": 0.5, "name": "ying_gj_15_" },
					{ "time": 0.6, "name": "ying_gj_18_" },
					{ "time": 0.7, "name": "ying_gj_21_" },
					{ "time": 0.8, "name": "ying_gj_24_" },
					{ "time": 0.9, "name": "ying_gj_27_" },
					{ "time": 1, "name": "ying_gj_30_" },
					{ "time": 1.1, "name": "ying_gj_33_" },
					{ "time": 1.2, "name": "ying_gj_36_" },
					{ "time": 1.3, "name": "ying_gj_39_" },
					{ "time": 1.4, "name": "ying_gj_42_" },
					{ "time": 1.5, "name": "ying_gj_45_" },
					{ "time": 1.6, "name": "ying_gj_48_" },
					{ "time": 1.7, "name": "ying_gj_51_" },
					{ "time": 1.8, "name": "ying_gj_54_" },
					{ "time": 1.9, "name": "ying_gj_57_" },
					{ "time": 2, "name": "ying_gj_60_" },
					{ "time": 2.1, "name": "ying_gj_63_" },
					{ "time": 2.2, "name": "ying_gj_66_" },
					{ "time": 2.3, "name": "ying_gj_69_" },
					{ "time": 2.4, "name": "ying_gj_72_" },
					{ "time": 2.5, "name": "ying_gj_75_" },
					{ "time": 2.6, "name": "ying_gj_78_" },
					{ "time": 2.7, "name": "ying_gj_81_" },
					{ "time": 2.8, "name": "ying_gj_84_" },
					{ "time": 2.9, "name": null }
				]
			},
			"ying_gj_shadow": {
				"attachment": [
					{ "time": 0, "name": "ying_gj_shadow_00_" },
					{ "time": 0.1, "name": "ying_gj_shadow_03_" },
					{ "time": 0.2, "name": "ying_gj_shadow_06_" },
					{ "time": 0.3, "name": "ying_gj_shadow_09_" },
					{ "time": 0.4, "name": "ying_gj_shadow_12_" },
					{ "time": 0.5, "name": "ying_gj_shadow_15_" },
					{ "time": 0.6, "name": "ying_gj_shadow_18_" },
					{ "time": 0.7, "name": "ying_gj_shadow_21_" },
					{ "time": 0.8, "name": "ying_gj_shadow_24_" },
					{ "time": 0.9, "name": "ying_gj_shadow_27_" },
					{ "time": 1, "name": "ying_gj_shadow_30_" },
					{ "time": 1.1, "name": "ying_gj_shadow_33_" },
					{ "time": 1.2, "name": "ying_gj_shadow_36_" },
					{ "time": 1.3, "name": "ying_gj_shadow_39_" },
					{ "time": 1.4, "name": "ying_gj_shadow_42_" },
					{ "time": 1.5, "name": "ying_gj_shadow_45_" },
					{ "time": 1.6, "name": "ying_gj_shadow_48_" },
					{ "time": 1.7, "name": "ying_gj_shadow_51_" },
					{ "time": 1.8, "name": "ying_gj_shadow_54_" },
					{ "time": 1.9, "name": "ying_gj_shadow_57_" },
					{ "time": 2, "name": "ying_gj_shadow_60_" },
					{ "time": 2.1, "name": "ying_gj_shadow_63_" },
					{ "time": 2.2, "name": "ying_gj_shadow_66_" },
					{ "time": 2.3, "name": "ying_gj_shadow_69_" },
					{ "time": 2.4, "name": "ying_gj_shadow_72_" },
					{ "time": 2.5, "name": "ying_gj_shadow_75_" },
					{ "time": 2.6, "name": "ying_gj_shadow_78_" },
					{ "time": 2.7, "name": "ying_gj_shadow_81_" },
					{ "time": 2.8, "name": "ying_gj_shadow_84_" },
					{ "time": 2.9, "name": null }
				]
			},
			"ying_gj_trail_": {
				"attachment": [
					{ "time": 0.1, "name": "ying_gj_trail_03_" },
					{ "time": 0.2, "name": "ying_gj_trail_06_" },
					{ "time": 0.3, "name": "ying_gj_trail_09_" },
					{ "time": 0.4, "name": "ying_gj_trail_12_" },
					{ "time": 0.5, "name": "ying_gj_trail_15_" },
					{ "time": 0.6, "name": "ying_gj_trail_18_" },
					{ "time": 0.7, "name": "ying_gj_trail_21_" },
					{ "time": 0.8, "name": "ying_gj_trail_24_" },
					{ "time": 0.9, "name": "ying_gj_trail_27_" },
					{ "time": 1, "name": "ying_gj_trail_30_" },
					{ "time": 1.1, "name": "ying_gj_trail_33_" },
					{ "time": 1.2, "name": "ying_gj_trail_36_" },
					{ "time": 1.3, "name": "ying_gj_trail_39_" },
					{ "time": 1.4, "name": "ying_gj_trail_42_" },
					{ "time": 1.5, "name": "ying_gj_trail_45_" },
					{ "time": 1.6, "name": "ying_gj_trail_48_" },
					{ "time": 1.7, "name": "ying_gj_trail_51_" },
					{ "time": 1.8, "name": "ying_gj_trail_54_" },
					{ "time": 1.9, "name": "ying_gj_trail_57_" },
					{ "time": 2, "name": "ying_gj_trail_60_" },
					{ "time": 2.1, "name": "ying_gj_trail_63_" },
					{ "time": 2.2, "name": "ying_gj_trail_66_" },
					{ "time": 2.3, "name": "ying_gj_trail_69_" },
					{ "time": 2.4, "name": "ying_gj_trail_72_" },
					{ "time": 2.5, "name": "ying_gj_trail_75_" },
					{ "time": 2.6, "name": "ying_gj_trail_78_" },
					{ "time": 2.7, "name": "ying_gj_trail_81_" },
					{ "time": 2.8, "name": "ying_gj_trail_84_" },
					{ "time": 2.9, "name": null }
				]
			},
			"ying_gj_yu_": {
				"attachment": [
					{ "time": 0, "name": "ying_gj_yu_00_" },
					{ "time": 0.1, "name": "ying_gj_yu_03_" },
					{ "time": 0.2, "name": "ying_gj_yu_06_" },
					{ "time": 0.3, "name": "ying_gj_yu_09_" },
					{ "time": 0.4, "name": "ying_gj_yu_12_" },
					{ "time": 0.5, "name": "ying_gj_yu_15_" },
					{ "time": 0.6, "name": "ying_gj_yu_18_" },
					{ "time": 0.7, "name": "ying_gj_yu_21_" },
					{ "time": 0.8, "name": "ying_gj_yu_24_" },
					{ "time": 0.9, "name": "ying_gj_yu_27_" },
					{ "time": 1, "name": "ying_gj_yu_30_" },
					{ "time": 1.1, "name": "ying_gj_yu_33_" },
					{ "time": 1.2, "name": "ying_gj_yu_36_" },
					{ "time": 1.3, "name": "ying_gj_yu_39_" },
					{ "time": 1.4, "name": "ying_gj_yu_42_" },
					{ "time": 1.5, "name": "ying_gj_yu_45_" },
					{ "time": 1.6, "name": "ying_gj_yu_48_" },
					{ "time": 1.7, "name": "ying_gj_yu_51_" },
					{ "time": 1.8, "name": "ying_gj_yu_54_" },
					{ "time": 1.9, "name": "ying_gj_yu_57_" },
					{ "time": 2, "name": "ying_gj_yu_60_" },
					{ "time": 2.1, "name": "ying_gj_yu_63_" },
					{ "time": 2.2, "name": "ying_gj_yu_66_" },
					{ "time": 2.3, "name": "ying_gj_yu_69_" },
					{ "time": 2.4, "name": "ying_gj_yu_72_" },
					{ "time": 2.5, "name": "ying_gj_yu_75_" },
					{ "time": 2.6, "name": "ying_gj_yu_78_" },
					{ "time": 2.7, "name": "ying_gj_yu_81_" },
					{ "time": 2.8, "name": "ying_gj_yu_84_" },
					{ "time": 2.9, "name": null }
				]
			},
			"ying_glow_": {
				"color": [
					{ "time": 0, "color": "ffffffff", "curve": "stepped" },
					{ "time": 2, "color": "ffffffff" },
					{ "time": 2.6667, "color": "ffffff00" }
				],
				"attachment": [
					{ "time": 2, "name": "ying_glow_" }
				]
			},
			"ying_glow_lizi": {
				"attachment": [
					{ "time": 2, "name": "ying_glow_lizi_61_" },
					{ "time": 2.0667, "name": "ying_glow_lizi_63_" },
					{ "time": 2.1333, "name": "ying_glow_lizi_65_" },
					{ "time": 2.2, "name": "ying_glow_lizi_67_" },
					{ "time": 2.2667, "name": "ying_glow_lizi_69_" },
					{ "time": 2.3333, "name": "ying_glow_lizi_71_" },
					{ "time": 2.4, "name": "ying_glow_lizi_73_" },
					{ "time": 2.4667, "name": "ying_glow_lizi_75_" },
					{ "time": 2.5333, "name": "ying_glow_lizi_77_" },
					{ "time": 2.6, "name": "ying_glow_lizi_79_" },
					{ "time": 2.6667, "name": "ying_glow_lizi_81_" },
					{ "time": 2.7333, "name": "ying_glow_lizi_83_" },
					{ "time": 2.8, "name": "ying_glow_lizi_85_" },
					{ "time": 2.8667, "name": null }
				]
			},
			"ying_glow_lizi2": {
				"attachment": [
					{ "time": 2, "name": "ying_glow_lizi_61_" },
					{ "time": 2.0667, "name": "ying_glow_lizi_63_" },
					{ "time": 2.1333, "name": "ying_glow_lizi_65_" },
					{ "time": 2.2, "name": "ying_glow_lizi_67_" },
					{ "time": 2.2667, "name": "ying_glow_lizi_69_" },
					{ "time": 2.3333, "name": "ying_glow_lizi_71_" },
					{ "time": 2.4, "name": "ying_glow_lizi_73_" },
					{ "time": 2.4667, "name": "ying_glow_lizi_75_" },
					{ "time": 2.5333, "name": "ying_glow_lizi_77_" },
					{ "time": 2.6, "name": "ying_glow_lizi_79_" },
					{ "time": 2.6667, "name": "ying_glow_lizi_81_" },
					{ "time": 2.7333, "name": "ying_glow_lizi_83_" },
					{ "time": 2.8, "name": "ying_glow_lizi_85_" },
					{ "time": 2.8667, "name": null }
				]
			}
		},
		"bones": {
			"xuanfeng_": {
				"translate": [
					{ "time": 0, "x": 286.37, "y": -16.25 }
				]
			},
			"glow_": {
				"translate": [
					{ "time": 0, "x": 69.05, "y": 32.5 },
					{ "time": 2, "x": 50.77, "y": 134.05 }
				],
				"scale": [
					{ "time": 0, "x": 2, "y": 2, "curve": "stepped" },
					{
						"time": 2,
						"x": 2,
						"y": 2,
						"curve": [ 0.25, 0, 1, 0.89 ]
					},
					{ "time": 2.3333, "x": 0, "y": 0 }
				]
			},
			"ying_glow_": {
				"translate": [
					{ "time": 0, "x": 56.87, "y": 12.19 },
					{
						"time": 2,
						"x": 30.46,
						"y": 123.89,
						"curve": [ 0, 0.22, 0.75, 1 ]
					},
					{ "time": 2.6667, "x": 257.94, "y": -93.43 }
				],
				"scale": [
					{ "time": 0, "x": 1, "y": 1, "curve": "stepped" },
					{ "time": 2, "x": 1, "y": 1 },
					{ "time": 2.6667, "x": 2, "y": 2 }
				]
			}
		}
	}
}
}