{
"skeleton": { "hash": "chJaDSOiTzh546tTzz4wzpTIxCQ", "spine": "2.1.27", "width": 0, "height": 0 },
"bones": [
	{ "name": "root" },
	{ "name": "fuhuojie_texiao_", "parent": "root", "x": 165.27, "y": 464.86 },
	{ "name": "fuhuojie_texiao_10", "parent": "root", "x": 165.27, "y": 464.86 },
	{ "name": "fuhuojie_texiao_11", "parent": "root", "x": 165.27, "y": 464.86 },
	{ "name": "fuhuojie_texiao_12", "parent": "root", "x": 165.27, "y": 464.86 },
	{ "name": "fuhuojie_texiao_13", "parent": "root", "x": 165.27, "y": 464.86 },
	{ "name": "fuhuojie_texiao_14", "parent": "root", "x": 165.27, "y": 464.86 },
	{ "name": "fuhuojie_texiao_15", "parent": "root", "x": 165.27, "y": 464.86 },
	{ "name": "fuhuojie_texiao_16", "parent": "root", "x": 165.27, "y": 464.86 },
	{ "name": "fuhuojie_texiao_17", "parent": "root", "x": 165.27, "y": 464.86 },
	{ "name": "fuhuojie_texiao_18", "parent": "root", "x": 165.27, "y": 464.86 },
	{ "name": "fuhuojie_texiao_2", "parent": "root", "x": 165.27, "y": 464.86 },
	{ "name": "fuhuojie_texiao_3", "parent": "root", "x": 165.27, "y": 464.86 },
	{ "name": "fuhuojie_texiao_4", "parent": "root", "x": 165.27, "y": 464.86 },
	{ "name": "fuhuojie_texiao_5", "parent": "root", "x": 165.27, "y": 464.86 },
	{ "name": "fuhuojie_texiao_6", "parent": "root", "x": 165.27, "y": 464.86 },
	{ "name": "fuhuojie_texiao_7", "parent": "root", "x": 165.27, "y": 464.86 },
	{ "name": "fuhuojie_texiao_8", "parent": "root", "x": 165.27, "y": 464.86 },
	{ "name": "fuhuojie_texiao_9", "parent": "root", "x": 165.27, "y": 464.86 }
],
"slots": [
	{ "name": "fuhuojie_texiao_", "bone": "fuhuojie_texiao_", "color": "ff851aff", "blend": "additive" },
	{ "name": "fuhuojie_texiao_7", "bone": "fuhuojie_texiao_7", "color": "ff6b30ff", "blend": "additive" },
	{ "name": "fuhuojie_texiao_8", "bone": "fuhuojie_texiao_8", "color": "fff23dff", "blend": "additive" },
	{ "name": "fuhuojie_texiao_2", "bone": "fuhuojie_texiao_2", "color": "fff23dff", "blend": "additive" },
	{ "name": "fuhuojie_texiao_9", "bone": "fuhuojie_texiao_9", "color": "fff23dff", "blend": "additive" },
	{ "name": "fuhuojie_texiao_10", "bone": "fuhuojie_texiao_10", "color": "ff6c24ff", "blend": "additive" },
	{ "name": "fuhuojie_texiao_3", "bone": "fuhuojie_texiao_3", "color": "fff23dff", "blend": "additive" },
	{ "name": "fuhuojie_texiao_11", "bone": "fuhuojie_texiao_11", "color": "fff23dff", "blend": "additive" },
	{ "name": "fuhuojie_texiao_12", "bone": "fuhuojie_texiao_12", "color": "fff23dff", "blend": "additive" },
	{ "name": "fuhuojie_texiao_4", "bone": "fuhuojie_texiao_4", "color": "ff8024ff", "blend": "additive" },
	{ "name": "fuhuojie_texiao_13", "bone": "fuhuojie_texiao_13", "color": "fff23dff", "blend": "additive" },
	{ "name": "fuhuojie_texiao_14", "bone": "fuhuojie_texiao_14", "color": "ff6e2aff", "blend": "additive" },
	{ "name": "fuhuojie_texiao_5", "bone": "fuhuojie_texiao_5", "color": "fff23dff", "blend": "additive" },
	{ "name": "fuhuojie_texiao_15", "bone": "fuhuojie_texiao_15", "color": "fff23dff", "blend": "additive" },
	{ "name": "fuhuojie_texiao_16", "bone": "fuhuojie_texiao_16", "color": "fff23dff", "blend": "additive" },
	{ "name": "fuhuojie_texiao_6", "bone": "fuhuojie_texiao_6", "color": "fff23dff", "blend": "additive" },
	{ "name": "fuhuojie_texiao_17", "bone": "fuhuojie_texiao_17", "color": "ff581eff", "blend": "additive" },
	{ "name": "fuhuojie_texiao_18", "bone": "fuhuojie_texiao_18", "color": "fff23dff", "blend": "additive" },
	{ "name": "fuhuojie_dengguang_30_", "bone": "root", "blend": "additive" },
	{ "name": "fuhuojie_dengguang_30_2", "bone": "root", "blend": "additive" },
	{ "name": "fuhuojie_dengguang_29_", "bone": "root", "blend": "additive" },
	{ "name": "fuhuojie_dengguang_29_2", "bone": "root", "blend": "additive" },
	{ "name": "fuhuojie_dengguang_28_", "bone": "root", "blend": "additive" },
	{ "name": "fuhuojie_dengguang_28_2", "bone": "root", "blend": "additive" },
	{ "name": "fuhuojie_dengguang_27_", "bone": "root", "blend": "additive" },
	{ "name": "fuhuojie_dengguang_27_2", "bone": "root", "blend": "additive" },
	{ "name": "fuhuojie_dengguang_26_", "bone": "root", "blend": "additive" },
	{ "name": "fuhuojie_dengguang_26_2", "bone": "root", "blend": "additive" },
	{ "name": "fuhuojie_dengguang_25_", "bone": "root", "blend": "additive" },
	{ "name": "fuhuojie_dengguang_25_2", "bone": "root", "blend": "additive" },
	{ "name": "fuhuojie_dengguang_24_", "bone": "root", "blend": "additive" },
	{ "name": "fuhuojie_dengguang_24_2", "bone": "root", "blend": "additive" },
	{ "name": "fuhuojie_dengguang_23_", "bone": "root", "blend": "additive" },
	{ "name": "fuhuojie_dengguang_23_2", "bone": "root", "blend": "additive" },
	{ "name": "fuhuojie_dengguang_22_", "bone": "root", "blend": "additive" },
	{ "name": "fuhuojie_dengguang_22_2", "bone": "root", "blend": "additive" },
	{ "name": "fuhuojie_dengguang_21_", "bone": "root", "blend": "additive" },
	{ "name": "fuhuojie_dengguang_21_2", "bone": "root", "blend": "additive" },
	{ "name": "fuhuojie_dengguang_20_", "bone": "root", "blend": "additive" },
	{ "name": "fuhuojie_dengguang_20_2", "bone": "root", "blend": "additive" },
	{ "name": "fuhuojie_dengguang_19_", "bone": "root", "blend": "additive" },
	{ "name": "fuhuojie_dengguang_19_2", "bone": "root", "blend": "additive" },
	{ "name": "fuhuojie_dengguang_18_", "bone": "root", "blend": "additive" },
	{ "name": "fuhuojie_dengguang_18_2", "bone": "root", "blend": "additive" },
	{ "name": "fuhuojie_dengguang_17_", "bone": "root", "blend": "additive" },
	{ "name": "fuhuojie_dengguang_17_2", "bone": "root", "blend": "additive" },
	{ "name": "fuhuojie_dengguang_16_", "bone": "root", "blend": "additive" },
	{ "name": "fuhuojie_dengguang_16_2", "bone": "root", "blend": "additive" },
	{ "name": "fuhuojie_dengguang_15_", "bone": "root", "blend": "additive" },
	{ "name": "fuhuojie_dengguang_15_2", "bone": "root", "blend": "additive" },
	{ "name": "fuhuojie_dengguang_14_", "bone": "root", "blend": "additive" },
	{ "name": "fuhuojie_dengguang_14_2", "bone": "root", "blend": "additive" },
	{ "name": "fuhuojie_dengguang_13_", "bone": "root", "blend": "additive" },
	{ "name": "fuhuojie_dengguang_13_2", "bone": "root", "blend": "additive" },
	{ "name": "fuhuojie_dengguang_12_", "bone": "root", "blend": "additive" },
	{ "name": "fuhuojie_dengguang_12_2", "bone": "root", "blend": "additive" },
	{ "name": "fuhuojie_dengguang_11_", "bone": "root", "blend": "additive" },
	{ "name": "fuhuojie_dengguang_11_2", "bone": "root", "blend": "additive" },
	{ "name": "fuhuojie_dengguang_10_", "bone": "root", "blend": "additive" },
	{ "name": "fuhuojie_dengguang_10_2", "bone": "root", "blend": "additive" },
	{ "name": "fuhuojie_dengguang_9_", "bone": "root", "blend": "additive" },
	{ "name": "fuhuojie_dengguang_9_2", "bone": "root", "blend": "additive" },
	{ "name": "fuhuojie_dengguang_8_", "bone": "root", "blend": "additive" },
	{ "name": "fuhuojie_dengguang_8_2", "bone": "root", "blend": "additive" },
	{ "name": "fuhuojie_dengguang_7_", "bone": "root", "blend": "additive" },
	{ "name": "fuhuojie_dengguang_7_2", "bone": "root", "blend": "additive" },
	{ "name": "fuhuojie_dengguang_6_", "bone": "root", "blend": "additive" },
	{ "name": "fuhuojie_dengguang_6_2", "bone": "root", "blend": "additive" },
	{ "name": "fuhuojie_dengguang_5_", "bone": "root", "blend": "additive" },
	{ "name": "fuhuojie_dengguang_5_2", "bone": "root", "blend": "additive" },
	{ "name": "fuhuojie_dengguang_4_", "bone": "root", "blend": "additive" },
	{ "name": "fuhuojie_dengguang_4_2", "bone": "root", "blend": "additive" },
	{ "name": "fuhuojie_dengguang_3_", "bone": "root", "blend": "additive" },
	{ "name": "fuhuojie_dengguang_3_2", "bone": "root", "blend": "additive" },
	{ "name": "fuhuojie_dengguang_2_", "bone": "root", "blend": "additive" },
	{ "name": "fuhuojie_dengguang_2_2", "bone": "root", "blend": "additive" },
	{ "name": "fuhuojie_dengguang_1_", "bone": "root", "blend": "additive" },
	{ "name": "fuhuojie_dengguang_1_2", "bone": "root", "blend": "additive" },
	{ "name": "fuhuojie_dengguang_0_", "bone": "root", "blend": "additive" },
	{ "name": "fuhuojie_dengguang_0_2", "bone": "root", "blend": "additive" }
],
"skins": {
	"default": {
		"fuhuojie_dengguang_0_": {
			"fuhuojie_dengguang_0_": { "x": 71.21, "y": 360.09, "width": 16, "height": 21 }
		},
		"fuhuojie_dengguang_0_2": {
			"fuhuojie_dengguang_0_": { "x": 71.21, "y": 360.09, "width": 16, "height": 21 }
		},
		"fuhuojie_dengguang_10_": {
			"fuhuojie_dengguang_10_": { "x": -34.78, "y": 175.09, "width": 14, "height": 17 }
		},
		"fuhuojie_dengguang_10_2": {
			"fuhuojie_dengguang_10_": { "x": -34.78, "y": 175.09, "width": 14, "height": 17 }
		},
		"fuhuojie_dengguang_11_": {
			"fuhuojie_dengguang_11_": { "x": -35.28, "y": 154.59, "width": 15, "height": 16 }
		},
		"fuhuojie_dengguang_11_2": {
			"fuhuojie_dengguang_11_": { "x": -35.28, "y": 154.59, "width": 15, "height": 16 }
		},
		"fuhuojie_dengguang_12_": {
			"fuhuojie_dengguang_12_": { "x": 10.71, "y": 172.59, "width": 19, "height": 20 }
		},
		"fuhuojie_dengguang_12_2": {
			"fuhuojie_dengguang_12_": { "x": 10.71, "y": 172.59, "width": 19, "height": 20 }
		},
		"fuhuojie_dengguang_13_": {
			"fuhuojie_dengguang_13_": { "x": 10.71, "y": 151.59, "width": 19, "height": 18 }
		},
		"fuhuojie_dengguang_13_2": {
			"fuhuojie_dengguang_13_": { "x": 10.71, "y": 151.59, "width": 19, "height": 18 }
		},
		"fuhuojie_dengguang_14_": {
			"fuhuojie_dengguang_14_": { "x": 45.21, "y": 187.59, "width": 16, "height": 18 }
		},
		"fuhuojie_dengguang_14_2": {
			"fuhuojie_dengguang_14_": { "x": 45.21, "y": 187.59, "width": 16, "height": 18 }
		},
		"fuhuojie_dengguang_15_": {
			"fuhuojie_dengguang_15_": { "x": 45.21, "y": 165.59, "width": 14, "height": 16 }
		},
		"fuhuojie_dengguang_15_2": {
			"fuhuojie_dengguang_15_": { "x": 45.21, "y": 165.59, "width": 14, "height": 16 }
		},
		"fuhuojie_dengguang_16_": {
			"fuhuojie_dengguang_16_": { "x": 73.21, "y": 202.59, "width": 14, "height": 16 }
		},
		"fuhuojie_dengguang_16_2": {
			"fuhuojie_dengguang_16_": { "x": 73.21, "y": 202.59, "width": 14, "height": 16 }
		},
		"fuhuojie_dengguang_17_": {
			"fuhuojie_dengguang_17_": { "x": 73.21, "y": 182.09, "width": 14, "height": 17 }
		},
		"fuhuojie_dengguang_17_2": {
			"fuhuojie_dengguang_17_": { "x": 73.21, "y": 182.09, "width": 14, "height": 17 }
		},
		"fuhuojie_dengguang_18_": {
			"fuhuojie_dengguang_18_": { "x": 40.21, "y": 240.59, "width": 16, "height": 26 }
		},
		"fuhuojie_dengguang_18_2": {
			"fuhuojie_dengguang_18_": { "x": 40.21, "y": 240.59, "width": 16, "height": 26 }
		},
		"fuhuojie_dengguang_19_": {
			"fuhuojie_dengguang_19_": { "x": 11.71, "y": 268.09, "width": 15, "height": 19 }
		},
		"fuhuojie_dengguang_19_2": {
			"fuhuojie_dengguang_19_": { "x": 11.71, "y": 268.09, "width": 15, "height": 19 }
		},
		"fuhuojie_dengguang_1_": {
			"fuhuojie_dengguang_1_": { "x": -208.28, "y": 252.59, "width": 39, "height": 40 }
		},
		"fuhuojie_dengguang_1_2": {
			"fuhuojie_dengguang_1_": { "x": -208.28, "y": 252.59, "width": 39, "height": 40 }
		},
		"fuhuojie_dengguang_20_": {
			"fuhuojie_dengguang_20_": { "x": 25.71, "y": 274.09, "width": 13, "height": 21 }
		},
		"fuhuojie_dengguang_20_2": {
			"fuhuojie_dengguang_20_": { "x": 25.71, "y": 274.09, "width": 13, "height": 21 }
		},
		"fuhuojie_dengguang_21_": {
			"fuhuojie_dengguang_21_": { "x": 39.21, "y": 278.59, "width": 10, "height": 24 }
		},
		"fuhuojie_dengguang_21_2": {
			"fuhuojie_dengguang_21_": { "x": 39.21, "y": 278.59, "width": 10, "height": 24 }
		},
		"fuhuojie_dengguang_22_": {
			"fuhuojie_dengguang_22_": { "x": 52.71, "y": 284.59, "width": 11, "height": 24 }
		},
		"fuhuojie_dengguang_22_2": {
			"fuhuojie_dengguang_22_": { "x": 52.71, "y": 284.59, "width": 11, "height": 24 }
		},
		"fuhuojie_dengguang_23_": {
			"fuhuojie_dengguang_23_": { "x": 66.71, "y": 291.09, "width": 9, "height": 25 }
		},
		"fuhuojie_dengguang_23_2": {
			"fuhuojie_dengguang_23_": { "x": 66.71, "y": 291.09, "width": 9, "height": 25 }
		},
		"fuhuojie_dengguang_24_": {
			"fuhuojie_dengguang_24_": { "x": 123.71, "y": 225.09, "width": 17, "height": 35 }
		},
		"fuhuojie_dengguang_24_2": {
			"fuhuojie_dengguang_24_": { "x": 123.71, "y": 225.09, "width": 17, "height": 35 }
		},
		"fuhuojie_dengguang_25_": {
			"fuhuojie_dengguang_25_": { "x": 143.71, "y": 220.09, "width": 19, "height": 31 }
		},
		"fuhuojie_dengguang_25_2": {
			"fuhuojie_dengguang_25_": { "x": 143.71, "y": 220.09, "width": 19, "height": 31 }
		},
		"fuhuojie_dengguang_26_": {
			"fuhuojie_dengguang_26_": { "x": 168.71, "y": 223.59, "width": 19, "height": 28 }
		},
		"fuhuojie_dengguang_26_2": {
			"fuhuojie_dengguang_26_": { "x": 168.71, "y": 223.59, "width": 19, "height": 28 }
		},
		"fuhuojie_dengguang_27_": {
			"fuhuojie_dengguang_27_": { "x": -116.78, "y": 109.59, "width": 14, "height": 30 }
		},
		"fuhuojie_dengguang_27_2": {
			"fuhuojie_dengguang_27_": { "x": -116.78, "y": 109.59, "width": 14, "height": 30 }
		},
		"fuhuojie_dengguang_28_": {
			"fuhuojie_dengguang_28_": { "x": -100.28, "y": 101.09, "width": 19, "height": 33 }
		},
		"fuhuojie_dengguang_28_2": {
			"fuhuojie_dengguang_28_": { "x": -100.28, "y": 101.09, "width": 19, "height": 33 }
		},
		"fuhuojie_dengguang_29_": {
			"fuhuojie_dengguang_29_": { "x": -74.28, "y": 99.59, "width": 19, "height": 34 }
		},
		"fuhuojie_dengguang_29_2": {
			"fuhuojie_dengguang_29_": { "x": -74.28, "y": 99.59, "width": 19, "height": 34 }
		},
		"fuhuojie_dengguang_2_": {
			"fuhuojie_dengguang_2_": { "x": -171.78, "y": 245.09, "width": 24, "height": 39 }
		},
		"fuhuojie_dengguang_2_2": {
			"fuhuojie_dengguang_2_": { "x": -171.78, "y": 245.09, "width": 24, "height": 39 }
		},
		"fuhuojie_dengguang_30_": {
			"fuhuojie_dengguang_30_": { "x": -52.78, "y": 107.59, "width": 14, "height": 34 }
		},
		"fuhuojie_dengguang_30_2": {
			"fuhuojie_dengguang_30_": { "x": -52.78, "y": 107.59, "width": 14, "height": 34 }
		},
		"fuhuojie_dengguang_3_": {
			"fuhuojie_dengguang_3_": { "x": -147.28, "y": 254.09, "width": 19, "height": 41 }
		},
		"fuhuojie_dengguang_3_2": {
			"fuhuojie_dengguang_3_": { "x": -147.28, "y": 254.09, "width": 19, "height": 41 }
		},
		"fuhuojie_dengguang_4_": {
			"fuhuojie_dengguang_4_": { "x": 32.71, "y": 326.09, "width": 29, "height": 17 }
		},
		"fuhuojie_dengguang_4_2": {
			"fuhuojie_dengguang_4_": { "x": 32.71, "y": 326.09, "width": 29, "height": 17 }
		},
		"fuhuojie_dengguang_5_": {
			"fuhuojie_dengguang_5_": { "x": -11.28, "y": 315.59, "width": 35, "height": 30 }
		},
		"fuhuojie_dengguang_5_2": {
			"fuhuojie_dengguang_5_": { "x": -11.28, "y": 315.59, "width": 35, "height": 30 }
		},
		"fuhuojie_dengguang_6_": {
			"fuhuojie_dengguang_6_": { "x": -71.28, "y": 272.59, "width": 13, "height": 14 }
		},
		"fuhuojie_dengguang_6_2": {
			"fuhuojie_dengguang_6_": { "x": -71.28, "y": 272.59, "width": 13, "height": 14 }
		},
		"fuhuojie_dengguang_7_": {
			"fuhuojie_dengguang_7_": { "x": -70.78, "y": 240.59, "width": 16, "height": 32 }
		},
		"fuhuojie_dengguang_7_2": {
			"fuhuojie_dengguang_7_": { "x": -70.78, "y": 240.59, "width": 16, "height": 32 }
		},
		"fuhuojie_dengguang_8_": {
			"fuhuojie_dengguang_8_": { "x": -77.28, "y": 196.09, "width": 19, "height": 19 }
		},
		"fuhuojie_dengguang_8_2": {
			"fuhuojie_dengguang_8_": { "x": -77.28, "y": 196.09, "width": 19, "height": 19 }
		},
		"fuhuojie_dengguang_9_": {
			"fuhuojie_dengguang_9_": { "x": -33.78, "y": 229.09, "width": 22, "height": 49 }
		},
		"fuhuojie_dengguang_9_2": {
			"fuhuojie_dengguang_9_": { "x": -33.78, "y": 229.09, "width": 22, "height": 49 }
		},
		"fuhuojie_texiao_": {
			"fuhuojie_texiao_": { "x": -6.55, "y": -1.26, "width": 53, "height": 64 }
		},
		"fuhuojie_texiao_10": {
			"fuhuojie_texiao_": { "x": -6.55, "y": -1.26, "width": 53, "height": 64 }
		},
		"fuhuojie_texiao_11": {
			"fuhuojie_texiao_": { "x": -6.55, "y": -1.26, "width": 53, "height": 64 }
		},
		"fuhuojie_texiao_12": {
			"fuhuojie_texiao_": { "x": -6.55, "y": -1.26, "width": 53, "height": 64 }
		},
		"fuhuojie_texiao_13": {
			"fuhuojie_texiao_": { "x": -6.55, "y": -1.26, "width": 53, "height": 64 }
		},
		"fuhuojie_texiao_14": {
			"fuhuojie_texiao_": { "x": -6.55, "y": -1.26, "width": 53, "height": 64 }
		},
		"fuhuojie_texiao_15": {
			"fuhuojie_texiao_": { "x": -6.55, "y": -1.26, "width": 53, "height": 64 }
		},
		"fuhuojie_texiao_16": {
			"fuhuojie_texiao_": { "x": -6.55, "y": -1.26, "width": 53, "height": 64 }
		},
		"fuhuojie_texiao_17": {
			"fuhuojie_texiao_": { "x": -6.55, "y": -1.26, "width": 53, "height": 64 }
		},
		"fuhuojie_texiao_18": {
			"fuhuojie_texiao_": { "x": -6.55, "y": -1.26, "width": 53, "height": 64 }
		},
		"fuhuojie_texiao_2": {
			"fuhuojie_texiao_": { "x": -6.55, "y": -1.26, "width": 53, "height": 64 }
		},
		"fuhuojie_texiao_3": {
			"fuhuojie_texiao_": { "x": -6.55, "y": -1.26, "width": 53, "height": 64 }
		},
		"fuhuojie_texiao_4": {
			"fuhuojie_texiao_": { "x": -6.55, "y": -1.26, "width": 53, "height": 64 }
		},
		"fuhuojie_texiao_5": {
			"fuhuojie_texiao_": { "x": -6.55, "y": -1.26, "width": 53, "height": 64 }
		},
		"fuhuojie_texiao_6": {
			"fuhuojie_texiao_": { "x": -6.55, "y": -1.26, "width": 53, "height": 64 }
		},
		"fuhuojie_texiao_7": {
			"fuhuojie_texiao_": { "x": -6.55, "y": -1.26, "width": 53, "height": 64 }
		},
		"fuhuojie_texiao_8": {
			"fuhuojie_texiao_": { "x": -6.55, "y": -1.26, "width": 53, "height": 64 }
		},
		"fuhuojie_texiao_9": {
			"fuhuojie_texiao_": { "x": -6.55, "y": -1.26, "width": 53, "height": 64 }
		}
	}
},
"animations": {
	"animation": {
		"slots": {
			"fuhuojie_dengguang_0_": {
				"attachment": [
					{ "time": 0, "name": "fuhuojie_dengguang_0_" },
					{ "time": 2, "name": "fuhuojie_dengguang_0_" }
				],
				"color": [
					{ "time": 0, "color": "ffffffff" },
					{ "time": 1, "color": "ffffff00" },
					{ "time": 2, "color": "ffffffff" }
				]
			},
			"fuhuojie_dengguang_0_2": {
				"attachment": [
					{ "time": 0, "name": "fuhuojie_dengguang_0_" },
					{ "time": 2, "name": "fuhuojie_dengguang_0_" }
				],
				"color": [
					{ "time": 0, "color": "ffffffff" },
					{ "time": 1, "color": "ffffff00" },
					{ "time": 2, "color": "ffffffff" }
				]
			},
			"fuhuojie_dengguang_10_": {
				"attachment": [
					{ "time": 0, "name": "fuhuojie_dengguang_10_" },
					{ "time": 2, "name": "fuhuojie_dengguang_10_" }
				],
				"color": [
					{ "time": 0, "color": "ffffffff" },
					{ "time": 1, "color": "ffffff00" },
					{ "time": 2, "color": "ffffffff" }
				]
			},
			"fuhuojie_dengguang_10_2": {
				"attachment": [
					{ "time": 0, "name": "fuhuojie_dengguang_10_" },
					{ "time": 2, "name": "fuhuojie_dengguang_10_" }
				],
				"color": [
					{ "time": 0, "color": "ffffffff" },
					{ "time": 1, "color": "ffffff00" },
					{ "time": 2, "color": "ffffffff" }
				]
			},
			"fuhuojie_dengguang_11_": {
				"attachment": [
					{ "time": 0, "name": "fuhuojie_dengguang_11_" },
					{ "time": 2, "name": "fuhuojie_dengguang_11_" }
				],
				"color": [
					{ "time": 0, "color": "ffffffff" },
					{ "time": 1, "color": "ffffff00" },
					{ "time": 2, "color": "ffffffff" }
				]
			},
			"fuhuojie_dengguang_11_2": {
				"attachment": [
					{ "time": 0, "name": "fuhuojie_dengguang_11_" },
					{ "time": 2, "name": "fuhuojie_dengguang_11_" }
				],
				"color": [
					{ "time": 0, "color": "ffffffff" },
					{ "time": 1, "color": "ffffff00" },
					{ "time": 2, "color": "ffffffff" }
				]
			},
			"fuhuojie_dengguang_12_": {
				"attachment": [
					{ "time": 0, "name": "fuhuojie_dengguang_12_" },
					{ "time": 2, "name": "fuhuojie_dengguang_12_" }
				],
				"color": [
					{ "time": 0, "color": "ffffffff" },
					{ "time": 1, "color": "ffffff00" },
					{ "time": 2, "color": "ffffffff" }
				]
			},
			"fuhuojie_dengguang_12_2": {
				"attachment": [
					{ "time": 0, "name": "fuhuojie_dengguang_12_" },
					{ "time": 2, "name": "fuhuojie_dengguang_12_" }
				],
				"color": [
					{ "time": 0, "color": "ffffffff" },
					{ "time": 1, "color": "ffffff00" },
					{ "time": 2, "color": "ffffffff" }
				]
			},
			"fuhuojie_dengguang_13_": {
				"attachment": [
					{ "time": 0, "name": "fuhuojie_dengguang_13_" },
					{ "time": 2, "name": "fuhuojie_dengguang_13_" }
				],
				"color": [
					{ "time": 0, "color": "ffffffff" },
					{ "time": 1, "color": "ffffff00" },
					{ "time": 2, "color": "ffffffff" }
				]
			},
			"fuhuojie_dengguang_13_2": {
				"attachment": [
					{ "time": 0, "name": "fuhuojie_dengguang_13_" },
					{ "time": 2, "name": "fuhuojie_dengguang_13_" }
				],
				"color": [
					{ "time": 0, "color": "ffffffff" },
					{ "time": 1, "color": "ffffff00" },
					{ "time": 2, "color": "ffffffff" }
				]
			},
			"fuhuojie_dengguang_14_": {
				"attachment": [
					{ "time": 0, "name": "fuhuojie_dengguang_14_" },
					{ "time": 2, "name": "fuhuojie_dengguang_14_" }
				],
				"color": [
					{ "time": 0, "color": "ffffffff" },
					{ "time": 1, "color": "ffffff00" },
					{ "time": 2, "color": "ffffffff" }
				]
			},
			"fuhuojie_dengguang_14_2": {
				"attachment": [
					{ "time": 0, "name": "fuhuojie_dengguang_14_" },
					{ "time": 2, "name": "fuhuojie_dengguang_14_" }
				],
				"color": [
					{ "time": 0, "color": "ffffffff" },
					{ "time": 1, "color": "ffffff00" },
					{ "time": 2, "color": "ffffffff" }
				]
			},
			"fuhuojie_dengguang_15_": {
				"attachment": [
					{ "time": 0, "name": "fuhuojie_dengguang_15_" },
					{ "time": 2, "name": "fuhuojie_dengguang_15_" }
				],
				"color": [
					{ "time": 0, "color": "ffffffff" },
					{ "time": 1, "color": "ffffff00" },
					{ "time": 2, "color": "ffffffff" }
				]
			},
			"fuhuojie_dengguang_15_2": {
				"attachment": [
					{ "time": 0, "name": "fuhuojie_dengguang_15_" },
					{ "time": 2, "name": "fuhuojie_dengguang_15_" }
				],
				"color": [
					{ "time": 0, "color": "ffffffff" },
					{ "time": 1, "color": "ffffff00" },
					{ "time": 2, "color": "ffffffff" }
				]
			},
			"fuhuojie_dengguang_16_": {
				"attachment": [
					{ "time": 0, "name": "fuhuojie_dengguang_16_" },
					{ "time": 2, "name": "fuhuojie_dengguang_16_" }
				],
				"color": [
					{ "time": 0, "color": "ffffffff" },
					{ "time": 1, "color": "ffffff00" },
					{ "time": 2, "color": "ffffffff" }
				]
			},
			"fuhuojie_dengguang_16_2": {
				"attachment": [
					{ "time": 0, "name": "fuhuojie_dengguang_16_" },
					{ "time": 2, "name": "fuhuojie_dengguang_16_" }
				],
				"color": [
					{ "time": 0, "color": "ffffffff" },
					{ "time": 1, "color": "ffffff00" },
					{ "time": 2, "color": "ffffffff" }
				]
			},
			"fuhuojie_dengguang_17_": {
				"attachment": [
					{ "time": 0, "name": "fuhuojie_dengguang_17_" },
					{ "time": 2, "name": "fuhuojie_dengguang_17_" }
				],
				"color": [
					{ "time": 0, "color": "ffffffff" },
					{ "time": 1, "color": "ffffff00" },
					{ "time": 2, "color": "ffffffff" }
				]
			},
			"fuhuojie_dengguang_17_2": {
				"attachment": [
					{ "time": 0, "name": "fuhuojie_dengguang_17_" },
					{ "time": 2, "name": "fuhuojie_dengguang_17_" }
				],
				"color": [
					{ "time": 0, "color": "ffffffff" },
					{ "time": 1, "color": "ffffff00" },
					{ "time": 2, "color": "ffffffff" }
				]
			},
			"fuhuojie_dengguang_18_": {
				"attachment": [
					{ "time": 0, "name": "fuhuojie_dengguang_18_" },
					{ "time": 2, "name": "fuhuojie_dengguang_18_" }
				],
				"color": [
					{ "time": 0, "color": "ffffffff" },
					{ "time": 1, "color": "ffffff00" },
					{ "time": 2, "color": "ffffffff" }
				]
			},
			"fuhuojie_dengguang_18_2": {
				"attachment": [
					{ "time": 0, "name": "fuhuojie_dengguang_18_" },
					{ "time": 2, "name": "fuhuojie_dengguang_18_" }
				],
				"color": [
					{ "time": 0, "color": "ffffffff" },
					{ "time": 1, "color": "ffffff00" },
					{ "time": 2, "color": "ffffffff" }
				]
			},
			"fuhuojie_dengguang_19_": {
				"attachment": [
					{ "time": 0, "name": "fuhuojie_dengguang_19_" },
					{ "time": 2, "name": "fuhuojie_dengguang_19_" }
				],
				"color": [
					{ "time": 0, "color": "ffffffff" },
					{ "time": 1, "color": "ffffff00" },
					{ "time": 2, "color": "ffffffff" }
				]
			},
			"fuhuojie_dengguang_19_2": {
				"attachment": [
					{ "time": 0, "name": "fuhuojie_dengguang_19_" },
					{ "time": 2, "name": "fuhuojie_dengguang_19_" }
				],
				"color": [
					{ "time": 0, "color": "ffffffff" },
					{ "time": 1, "color": "ffffff00" },
					{ "time": 2, "color": "ffffffff" }
				]
			},
			"fuhuojie_dengguang_1_": {
				"attachment": [
					{ "time": 0, "name": "fuhuojie_dengguang_1_" },
					{ "time": 2, "name": "fuhuojie_dengguang_1_" }
				],
				"color": [
					{ "time": 0, "color": "ffffffff" },
					{ "time": 1, "color": "ffffff00" },
					{ "time": 2, "color": "ffffffff" }
				]
			},
			"fuhuojie_dengguang_1_2": {
				"attachment": [
					{ "time": 0, "name": "fuhuojie_dengguang_1_" },
					{ "time": 2, "name": "fuhuojie_dengguang_1_" }
				],
				"color": [
					{ "time": 0, "color": "ffffffff" },
					{ "time": 1, "color": "ffffff00" },
					{ "time": 2, "color": "ffffffff" }
				]
			},
			"fuhuojie_dengguang_20_": {
				"attachment": [
					{ "time": 0, "name": "fuhuojie_dengguang_20_" },
					{ "time": 2, "name": "fuhuojie_dengguang_20_" }
				],
				"color": [
					{ "time": 0, "color": "ffffffff" },
					{ "time": 1, "color": "ffffff00" },
					{ "time": 2, "color": "ffffffff" }
				]
			},
			"fuhuojie_dengguang_20_2": {
				"attachment": [
					{ "time": 0, "name": "fuhuojie_dengguang_20_" },
					{ "time": 2, "name": "fuhuojie_dengguang_20_" }
				],
				"color": [
					{ "time": 0, "color": "ffffffff" },
					{ "time": 1, "color": "ffffff00" },
					{ "time": 2, "color": "ffffffff" }
				]
			},
			"fuhuojie_dengguang_21_": {
				"attachment": [
					{ "time": 0, "name": "fuhuojie_dengguang_21_" },
					{ "time": 2, "name": "fuhuojie_dengguang_21_" }
				],
				"color": [
					{ "time": 0, "color": "ffffffff" },
					{ "time": 1, "color": "ffffff00" },
					{ "time": 2, "color": "ffffffff" }
				]
			},
			"fuhuojie_dengguang_21_2": {
				"attachment": [
					{ "time": 0, "name": "fuhuojie_dengguang_21_" },
					{ "time": 2, "name": "fuhuojie_dengguang_21_" }
				],
				"color": [
					{ "time": 0, "color": "ffffffff" },
					{ "time": 1, "color": "ffffff00" },
					{ "time": 2, "color": "ffffffff" }
				]
			},
			"fuhuojie_dengguang_22_": {
				"attachment": [
					{ "time": 0, "name": "fuhuojie_dengguang_22_" },
					{ "time": 2, "name": "fuhuojie_dengguang_22_" }
				],
				"color": [
					{ "time": 0, "color": "ffffffff" },
					{ "time": 1, "color": "ffffff00" },
					{ "time": 2, "color": "ffffffff" }
				]
			},
			"fuhuojie_dengguang_22_2": {
				"attachment": [
					{ "time": 0, "name": "fuhuojie_dengguang_22_" },
					{ "time": 2, "name": "fuhuojie_dengguang_22_" }
				],
				"color": [
					{ "time": 0, "color": "ffffffff" },
					{ "time": 1, "color": "ffffff00" },
					{ "time": 2, "color": "ffffffff" }
				]
			},
			"fuhuojie_dengguang_23_": {
				"attachment": [
					{ "time": 0, "name": "fuhuojie_dengguang_23_" },
					{ "time": 2, "name": "fuhuojie_dengguang_23_" }
				],
				"color": [
					{ "time": 0, "color": "ffffffff" },
					{ "time": 1, "color": "ffffff00" },
					{ "time": 2, "color": "ffffffff" }
				]
			},
			"fuhuojie_dengguang_23_2": {
				"attachment": [
					{ "time": 0, "name": "fuhuojie_dengguang_23_" },
					{ "time": 2, "name": "fuhuojie_dengguang_23_" }
				],
				"color": [
					{ "time": 0, "color": "ffffffff" },
					{ "time": 1, "color": "ffffff00" },
					{ "time": 2, "color": "ffffffff" }
				]
			},
			"fuhuojie_dengguang_24_": {
				"attachment": [
					{ "time": 0, "name": "fuhuojie_dengguang_24_" },
					{ "time": 2, "name": "fuhuojie_dengguang_24_" }
				],
				"color": [
					{ "time": 0, "color": "ffffffff" },
					{ "time": 1, "color": "ffffff00" },
					{ "time": 2, "color": "ffffffff" }
				]
			},
			"fuhuojie_dengguang_24_2": {
				"attachment": [
					{ "time": 0, "name": "fuhuojie_dengguang_24_" },
					{ "time": 2, "name": "fuhuojie_dengguang_24_" }
				],
				"color": [
					{ "time": 0, "color": "ffffffff" },
					{ "time": 1, "color": "ffffff00" },
					{ "time": 2, "color": "ffffffff" }
				]
			},
			"fuhuojie_dengguang_25_": {
				"attachment": [
					{ "time": 0, "name": "fuhuojie_dengguang_25_" },
					{ "time": 2, "name": "fuhuojie_dengguang_25_" }
				],
				"color": [
					{ "time": 0, "color": "ffffffff" },
					{ "time": 1, "color": "ffffff00" },
					{ "time": 2, "color": "ffffffff" }
				]
			},
			"fuhuojie_dengguang_25_2": {
				"attachment": [
					{ "time": 0, "name": "fuhuojie_dengguang_25_" },
					{ "time": 2, "name": "fuhuojie_dengguang_25_" }
				],
				"color": [
					{ "time": 0, "color": "ffffffff" },
					{ "time": 1, "color": "ffffff00" },
					{ "time": 2, "color": "ffffffff" }
				]
			},
			"fuhuojie_dengguang_26_": {
				"attachment": [
					{ "time": 0, "name": "fuhuojie_dengguang_26_" },
					{ "time": 2, "name": "fuhuojie_dengguang_26_" }
				],
				"color": [
					{ "time": 0, "color": "ffffffff" },
					{ "time": 1, "color": "ffffff00" },
					{ "time": 2, "color": "ffffffff" }
				]
			},
			"fuhuojie_dengguang_26_2": {
				"attachment": [
					{ "time": 0, "name": "fuhuojie_dengguang_26_" },
					{ "time": 2, "name": "fuhuojie_dengguang_26_" }
				],
				"color": [
					{ "time": 0, "color": "ffffffff" },
					{ "time": 1, "color": "ffffff00" },
					{ "time": 2, "color": "ffffffff" }
				]
			},
			"fuhuojie_dengguang_27_": {
				"attachment": [
					{ "time": 0, "name": "fuhuojie_dengguang_27_" },
					{ "time": 2, "name": "fuhuojie_dengguang_27_" }
				],
				"color": [
					{ "time": 0, "color": "ffffffff" },
					{ "time": 1, "color": "ffffff00" },
					{ "time": 2, "color": "ffffffff" }
				]
			},
			"fuhuojie_dengguang_27_2": {
				"attachment": [
					{ "time": 0, "name": "fuhuojie_dengguang_27_" },
					{ "time": 2, "name": "fuhuojie_dengguang_27_" }
				],
				"color": [
					{ "time": 0, "color": "ffffffff" },
					{ "time": 1, "color": "ffffff00" },
					{ "time": 2, "color": "ffffffff" }
				]
			},
			"fuhuojie_dengguang_28_": {
				"attachment": [
					{ "time": 0, "name": "fuhuojie_dengguang_28_" },
					{ "time": 2, "name": "fuhuojie_dengguang_28_" }
				],
				"color": [
					{ "time": 0, "color": "ffffffff" },
					{ "time": 1, "color": "ffffff00" },
					{ "time": 2, "color": "ffffffff" }
				]
			},
			"fuhuojie_dengguang_28_2": {
				"attachment": [
					{ "time": 0, "name": "fuhuojie_dengguang_28_" },
					{ "time": 2, "name": "fuhuojie_dengguang_28_" }
				],
				"color": [
					{ "time": 0, "color": "ffffffff" },
					{ "time": 1, "color": "ffffff00" },
					{ "time": 2, "color": "ffffffff" }
				]
			},
			"fuhuojie_dengguang_29_": {
				"attachment": [
					{ "time": 0, "name": "fuhuojie_dengguang_29_" },
					{ "time": 2, "name": "fuhuojie_dengguang_29_" }
				],
				"color": [
					{ "time": 0, "color": "ffffffff" },
					{ "time": 1, "color": "ffffff00" },
					{ "time": 2, "color": "ffffffff" }
				]
			},
			"fuhuojie_dengguang_29_2": {
				"attachment": [
					{ "time": 0, "name": "fuhuojie_dengguang_29_" },
					{ "time": 2, "name": "fuhuojie_dengguang_29_" }
				],
				"color": [
					{ "time": 0, "color": "ffffffff" },
					{ "time": 1, "color": "ffffff00" },
					{ "time": 2, "color": "ffffffff" }
				]
			},
			"fuhuojie_dengguang_2_": {
				"attachment": [
					{ "time": 0, "name": "fuhuojie_dengguang_2_" },
					{ "time": 2, "name": "fuhuojie_dengguang_2_" }
				],
				"color": [
					{ "time": 0, "color": "ffffffff" },
					{ "time": 1, "color": "ffffff00" },
					{ "time": 2, "color": "ffffffff" }
				]
			},
			"fuhuojie_dengguang_2_2": {
				"attachment": [
					{ "time": 0, "name": "fuhuojie_dengguang_2_" },
					{ "time": 2, "name": "fuhuojie_dengguang_2_" }
				],
				"color": [
					{ "time": 0, "color": "ffffffff" },
					{ "time": 1, "color": "ffffff00" },
					{ "time": 2, "color": "ffffffff" }
				]
			},
			"fuhuojie_dengguang_30_": {
				"attachment": [
					{ "time": 0, "name": "fuhuojie_dengguang_30_" },
					{ "time": 2, "name": "fuhuojie_dengguang_30_" }
				],
				"color": [
					{ "time": 0, "color": "ffffffff" },
					{ "time": 1, "color": "ffffff00" },
					{ "time": 2, "color": "ffffffff" }
				]
			},
			"fuhuojie_dengguang_30_2": {
				"attachment": [
					{ "time": 0, "name": "fuhuojie_dengguang_30_" },
					{ "time": 2, "name": "fuhuojie_dengguang_30_" }
				],
				"color": [
					{ "time": 0, "color": "ffffffff" },
					{ "time": 1, "color": "ffffff00" },
					{ "time": 2, "color": "ffffffff" }
				]
			},
			"fuhuojie_dengguang_3_": {
				"attachment": [
					{ "time": 0, "name": "fuhuojie_dengguang_3_" },
					{ "time": 2, "name": "fuhuojie_dengguang_3_" }
				],
				"color": [
					{ "time": 0, "color": "ffffffff" },
					{ "time": 1, "color": "ffffff00" },
					{ "time": 2, "color": "ffffffff" }
				]
			},
			"fuhuojie_dengguang_3_2": {
				"attachment": [
					{ "time": 0, "name": "fuhuojie_dengguang_3_" },
					{ "time": 2, "name": "fuhuojie_dengguang_3_" }
				],
				"color": [
					{ "time": 0, "color": "ffffffff" },
					{ "time": 1, "color": "ffffff00" },
					{ "time": 2, "color": "ffffffff" }
				]
			},
			"fuhuojie_dengguang_4_": {
				"attachment": [
					{ "time": 0, "name": "fuhuojie_dengguang_4_" },
					{ "time": 2, "name": "fuhuojie_dengguang_4_" }
				],
				"color": [
					{ "time": 0, "color": "ffffffff" },
					{ "time": 1, "color": "ffffff00" },
					{ "time": 2, "color": "ffffffff" }
				]
			},
			"fuhuojie_dengguang_4_2": {
				"attachment": [
					{ "time": 0, "name": "fuhuojie_dengguang_4_" },
					{ "time": 2, "name": "fuhuojie_dengguang_4_" }
				],
				"color": [
					{ "time": 0, "color": "ffffffff" },
					{ "time": 1, "color": "ffffff00" },
					{ "time": 2, "color": "ffffffff" }
				]
			},
			"fuhuojie_dengguang_5_": {
				"attachment": [
					{ "time": 0, "name": "fuhuojie_dengguang_5_" },
					{ "time": 2, "name": "fuhuojie_dengguang_5_" }
				],
				"color": [
					{ "time": 0, "color": "ffffffff" },
					{ "time": 1, "color": "ffffff00" },
					{ "time": 2, "color": "ffffffff" }
				]
			},
			"fuhuojie_dengguang_5_2": {
				"attachment": [
					{ "time": 0, "name": "fuhuojie_dengguang_5_" },
					{ "time": 2, "name": "fuhuojie_dengguang_5_" }
				],
				"color": [
					{ "time": 0, "color": "ffffffff" },
					{ "time": 1, "color": "ffffff00" },
					{ "time": 2, "color": "ffffffff" }
				]
			},
			"fuhuojie_dengguang_6_": {
				"attachment": [
					{ "time": 0, "name": "fuhuojie_dengguang_6_" },
					{ "time": 2, "name": "fuhuojie_dengguang_6_" }
				],
				"color": [
					{ "time": 0, "color": "ffffffff" },
					{ "time": 1, "color": "ffffff00" },
					{ "time": 2, "color": "ffffffff" }
				]
			},
			"fuhuojie_dengguang_6_2": {
				"attachment": [
					{ "time": 0, "name": "fuhuojie_dengguang_6_" },
					{ "time": 2, "name": "fuhuojie_dengguang_6_" }
				],
				"color": [
					{ "time": 0, "color": "ffffffff" },
					{ "time": 1, "color": "ffffff00" },
					{ "time": 2, "color": "ffffffff" }
				]
			},
			"fuhuojie_dengguang_7_": {
				"attachment": [
					{ "time": 0, "name": "fuhuojie_dengguang_7_" },
					{ "time": 2, "name": "fuhuojie_dengguang_7_" }
				],
				"color": [
					{ "time": 0, "color": "ffffffff" },
					{ "time": 1, "color": "ffffff00" },
					{ "time": 2, "color": "ffffffff" }
				]
			},
			"fuhuojie_dengguang_7_2": {
				"attachment": [
					{ "time": 0, "name": "fuhuojie_dengguang_7_" },
					{ "time": 2, "name": "fuhuojie_dengguang_7_" }
				],
				"color": [
					{ "time": 0, "color": "ffffffff" },
					{ "time": 1, "color": "ffffff00" },
					{ "time": 2, "color": "ffffffff" }
				]
			},
			"fuhuojie_dengguang_8_": {
				"attachment": [
					{ "time": 0, "name": "fuhuojie_dengguang_8_" },
					{ "time": 2, "name": "fuhuojie_dengguang_8_" }
				],
				"color": [
					{ "time": 0, "color": "ffffffff" },
					{ "time": 1, "color": "ffffff00" },
					{ "time": 2, "color": "ffffffff" }
				]
			},
			"fuhuojie_dengguang_8_2": {
				"attachment": [
					{ "time": 0, "name": "fuhuojie_dengguang_8_" },
					{ "time": 2, "name": "fuhuojie_dengguang_8_" }
				],
				"color": [
					{ "time": 0, "color": "ffffffff" },
					{ "time": 1, "color": "ffffff00" },
					{ "time": 2, "color": "ffffffff" }
				]
			},
			"fuhuojie_dengguang_9_": {
				"attachment": [
					{ "time": 0, "name": "fuhuojie_dengguang_9_" },
					{ "time": 2, "name": "fuhuojie_dengguang_9_" }
				],
				"color": [
					{ "time": 0, "color": "ffffffff" },
					{ "time": 1, "color": "ffffff00" },
					{ "time": 2, "color": "ffffffff" }
				]
			},
			"fuhuojie_dengguang_9_2": {
				"attachment": [
					{ "time": 0, "name": "fuhuojie_dengguang_9_" },
					{ "time": 2, "name": "fuhuojie_dengguang_9_" }
				],
				"color": [
					{ "time": 0, "color": "ffffffff" },
					{ "time": 1, "color": "ffffff00" },
					{ "time": 2, "color": "ffffffff" }
				]
			},
			"fuhuojie_texiao_": {
				"attachment": [
					{ "time": 0, "name": "fuhuojie_texiao_" },
					{ "time": 2, "name": "fuhuojie_texiao_" }
				],
				"color": [
					{ "time": 0, "color": "fff23d00" },
					{ "time": 0.3333, "color": "fff23dff" },
					{ "time": 0.6666, "color": "fff23d00" }
				]
			},
			"fuhuojie_texiao_2": {
				"attachment": [
					{ "time": 0, "name": "fuhuojie_texiao_" },
					{ "time": 2, "name": "fuhuojie_texiao_" }
				],
				"color": [
					{ "time": 0, "color": "fff23dff", "curve": "stepped" },
					{ "time": 0.3333, "color": "fff23dff" }
				]
			},
			"fuhuojie_texiao_3": {
				"attachment": [
					{ "time": 0, "name": "fuhuojie_texiao_" },
					{ "time": 2, "name": "fuhuojie_texiao_" }
				],
				"color": [
					{ "time": 0, "color": "fff23d00", "curve": "stepped" },
					{ "time": 0.6666, "color": "fff23d00" },
					{ "time": 1, "color": "fff23dff" },
					{ "time": 1.3333, "color": "fff23d00" }
				]
			},
			"fuhuojie_texiao_4": {
				"attachment": [
					{ "time": 0, "name": "fuhuojie_texiao_" },
					{ "time": 2, "name": "fuhuojie_texiao_" }
				],
				"color": [
					{ "time": 0, "color": "fff23d00", "curve": "stepped" },
					{ "time": 0.2666, "color": "fff23d00", "curve": "stepped" },
					{ "time": 1, "color": "fff23d00", "curve": "stepped" },
					{ "time": 1.2666, "color": "fff23d00" },
					{ "time": 1.3333, "color": "fff23dff" },
					{ "time": 1.6666, "color": "fff23d00", "curve": "stepped" },
					{ "time": 1.9333, "color": "fff23d00" }
				]
			},
			"fuhuojie_texiao_5": {
				"attachment": [
					{ "time": 0, "name": "fuhuojie_texiao_" },
					{ "time": 2, "name": "fuhuojie_texiao_" }
				],
				"color": [
					{ "time": 0, "color": "fff23d00", "curve": "stepped" },
					{ "time": 1.3333, "color": "fff23d00" },
					{ "time": 1.6666, "color": "fff23dff" },
					{ "time": 2, "color": "fff23d00" }
				]
			},
			"fuhuojie_texiao_6": {
				"attachment": [
					{ "time": 0, "name": "fuhuojie_texiao_" },
					{ "time": 2, "name": "fuhuojie_texiao_" }
				],
				"color": [
					{ "time": 0, "color": "fff23d00", "curve": "stepped" },
					{ "time": 1.3333, "color": "fff23d00" },
					{ "time": 1.6666, "color": "fff23dff" },
					{ "time": 2, "color": "fff23d00" }
				]
			},
			"fuhuojie_texiao_7": {
				"attachment": [
					{ "time": 0, "name": "fuhuojie_texiao_" },
					{ "time": 2, "name": "fuhuojie_texiao_" }
				],
				"color": [
					{ "time": 0, "color": "fff23d00" },
					{ "time": 0.3333, "color": "fff23dff" },
					{ "time": 0.6666, "color": "fff23d00" }
				]
			},
			"fuhuojie_texiao_8": {
				"attachment": [
					{ "time": 0, "name": "fuhuojie_texiao_" },
					{ "time": 2, "name": "fuhuojie_texiao_" }
				],
				"color": [
					{ "time": 0, "color": "fff23d00" },
					{ "time": 0.3333, "color": "fff23dff" },
					{ "time": 0.6666, "color": "fff23d00" }
				]
			},
			"fuhuojie_texiao_9": {
				"attachment": [
					{ "time": 0, "name": "fuhuojie_texiao_" },
					{ "time": 2, "name": "fuhuojie_texiao_" }
				],
				"color": [
					{ "time": 0.3333, "color": "fff23dff" }
				]
			},
			"fuhuojie_texiao_10": {
				"attachment": [
					{ "time": 0, "name": "fuhuojie_texiao_" },
					{ "time": 2, "name": "fuhuojie_texiao_" }
				],
				"color": [
					{ "time": 0.3333, "color": "fff23dff" }
				]
			},
			"fuhuojie_texiao_11": {
				"attachment": [
					{ "time": 0, "name": "fuhuojie_texiao_" },
					{ "time": 2, "name": "fuhuojie_texiao_" }
				],
				"color": [
					{ "time": 0, "color": "fff23d00", "curve": "stepped" },
					{ "time": 0.6666, "color": "fff23d00" },
					{ "time": 1, "color": "fff23dff" },
					{ "time": 1.3333, "color": "fff23d00" }
				]
			},
			"fuhuojie_texiao_12": {
				"attachment": [
					{ "time": 0, "name": "fuhuojie_texiao_" },
					{ "time": 2, "name": "fuhuojie_texiao_" }
				],
				"color": [
					{ "time": 0, "color": "fff23d00", "curve": "stepped" },
					{ "time": 0.6666, "color": "fff23d00" },
					{ "time": 1, "color": "fff23dff" },
					{ "time": 1.3333, "color": "fff23d00" }
				]
			},
			"fuhuojie_texiao_13": {
				"attachment": [
					{ "time": 0, "name": "fuhuojie_texiao_" },
					{ "time": 2, "name": "fuhuojie_texiao_" }
				],
				"color": [
					{ "time": 0, "color": "fff23d00", "curve": "stepped" },
					{ "time": 0.2666, "color": "fff23d00", "curve": "stepped" },
					{ "time": 1, "color": "fff23d00", "curve": "stepped" },
					{ "time": 1.2666, "color": "fff23d00" },
					{ "time": 1.3333, "color": "fff23dff" },
					{ "time": 1.6666, "color": "fff23d00", "curve": "stepped" },
					{ "time": 1.9333, "color": "fff23d00" }
				]
			},
			"fuhuojie_texiao_14": {
				"attachment": [
					{ "time": 0, "name": "fuhuojie_texiao_" },
					{ "time": 2, "name": "fuhuojie_texiao_" }
				],
				"color": [
					{ "time": 0, "color": "fff23d00", "curve": "stepped" },
					{ "time": 0.2666, "color": "fff23d00", "curve": "stepped" },
					{ "time": 1, "color": "fff23d00", "curve": "stepped" },
					{ "time": 1.2666, "color": "fff23d00" },
					{ "time": 1.3333, "color": "fff23dff" },
					{ "time": 1.6666, "color": "fff23d00", "curve": "stepped" },
					{ "time": 1.9333, "color": "fff23d00" }
				]
			},
			"fuhuojie_texiao_15": {
				"attachment": [
					{ "time": 0, "name": "fuhuojie_texiao_" },
					{ "time": 2, "name": "fuhuojie_texiao_" }
				],
				"color": [
					{ "time": 0, "color": "fff23d00", "curve": "stepped" },
					{ "time": 1.3333, "color": "fff23d00" },
					{ "time": 1.6666, "color": "fff23dff" },
					{ "time": 2, "color": "fff23d00" }
				]
			},
			"fuhuojie_texiao_16": {
				"attachment": [
					{ "time": 0, "name": "fuhuojie_texiao_" },
					{ "time": 2, "name": "fuhuojie_texiao_" }
				],
				"color": [
					{ "time": 0, "color": "fff23d00", "curve": "stepped" },
					{ "time": 1.3333, "color": "fff23d00" },
					{ "time": 1.6666, "color": "fff23dff" },
					{ "time": 2, "color": "fff23d00" }
				]
			},
			"fuhuojie_texiao_17": {
				"attachment": [
					{ "time": 0, "name": "fuhuojie_texiao_" },
					{ "time": 2, "name": "fuhuojie_texiao_" }
				],
				"color": [
					{ "time": 0, "color": "fff23d00", "curve": "stepped" },
					{ "time": 1.3333, "color": "fff23d00" },
					{ "time": 1.6666, "color": "fff23dff" },
					{ "time": 2, "color": "fff23d00" }
				]
			},
			"fuhuojie_texiao_18": {
				"attachment": [
					{ "time": 0, "name": "fuhuojie_texiao_" },
					{ "time": 2, "name": "fuhuojie_texiao_" }
				],
				"color": [
					{ "time": 0, "color": "fff23d00", "curve": "stepped" },
					{ "time": 1.3333, "color": "fff23d00" },
					{ "time": 1.6666, "color": "fff23dff" },
					{ "time": 2, "color": "fff23d00" }
				]
			}
		},
		"bones": {
			"fuhuojie_texiao_": {
				"rotate": [
					{ "time": 0, "angle": 0 },
					{ "time": 0.6666, "angle": -63.67 }
				],
				"translate": [
					{ "time": 0, "x": -169.56, "y": 10.31, "curve": "stepped" },
					{ "time": 0.6666, "x": -169.56, "y": 10.31 }
				],
				"scale": [
					{ "time": 0, "x": 1, "y": 1, "curve": "stepped" },
					{ "time": 0.6666, "x": 1, "y": 1 }
				]
			},
			"fuhuojie_texiao_2": {
				"rotate": [
					{ "time": 0, "angle": 0, "curve": "stepped" },
					{ "time": 0.3333, "angle": 0 },
					{ "time": 1, "angle": -102.45 }
				],
				"translate": [
					{ "time": 0, "x": -226.2, "y": -114.47 },
					{ "time": 0.3333, "x": -206.5, "y": -136.64, "curve": "stepped" },
					{ "time": 0.6666, "x": -206.5, "y": -136.64, "curve": "stepped" },
					{ "time": 1, "x": -206.5, "y": -136.64 }
				],
				"scale": [
					{ "time": 0, "x": 0, "y": 0, "curve": "stepped" },
					{ "time": 0.3, "x": 0, "y": 0 },
					{ "time": 0.3333, "x": 1, "y": 1, "curve": "stepped" },
					{ "time": 0.6666, "x": 1, "y": 1 },
					{ "time": 1, "x": 0, "y": 0 }
				]
			},
			"fuhuojie_texiao_3": {
				"rotate": [
					{ "time": 0, "angle": 0, "curve": "stepped" },
					{ "time": 0.6666, "angle": 0 },
					{ "time": 1.3333, "angle": -128.85 }
				],
				"translate": [
					{ "time": 0, "x": -232.32, "y": -238.65, "curve": "stepped" },
					{ "time": 0.6666, "x": -232.32, "y": -238.65, "curve": "stepped" },
					{ "time": 1, "x": -232.32, "y": -238.65, "curve": "stepped" },
					{ "time": 1.3333, "x": -232.32, "y": -238.65 }
				],
				"scale": [
					{ "time": 0, "x": 1, "y": 1, "curve": "stepped" },
					{ "time": 0.6666, "x": 1, "y": 1, "curve": "stepped" },
					{ "time": 1, "x": 1, "y": 1, "curve": "stepped" },
					{ "time": 1.3333, "x": 1, "y": 1 }
				]
			},
			"fuhuojie_texiao_4": {
				"rotate": [
					{ "time": 0, "angle": 0, "curve": "stepped" },
					{ "time": 1, "angle": 0 },
					{ "time": 1.6666, "angle": -105.49 }
				],
				"translate": [
					{ "time": 0, "x": -223.51, "y": -332.97, "curve": "stepped" },
					{ "time": 1, "x": -223.51, "y": -332.97 }
				],
				"scale": [
					{ "time": 0, "x": 1, "y": 1, "curve": "stepped" },
					{ "time": 1, "x": 1, "y": 1 }
				]
			},
			"fuhuojie_texiao_5": {
				"rotate": [
					{ "time": 0, "angle": 0, "curve": "stepped" },
					{ "time": 1.3333, "angle": 0 },
					{ "time": 2, "angle": -137.71 }
				],
				"translate": [
					{ "time": 0, "x": -332.84, "y": -130.09, "curve": "stepped" },
					{ "time": 1.3333, "x": -332.84, "y": -130.09, "curve": "stepped" },
					{ "time": 2, "x": -332.84, "y": -130.09 }
				],
				"scale": [
					{ "time": 0, "x": 1, "y": 1, "curve": "stepped" },
					{ "time": 1.3333, "x": 1, "y": 1, "curve": "stepped" },
					{ "time": 2, "x": 1, "y": 1 }
				]
			},
			"fuhuojie_texiao_6": {
				"rotate": [
					{ "time": 0, "angle": 0, "curve": "stepped" },
					{ "time": 1.3333, "angle": 0 },
					{ "time": 2, "angle": -137.71 }
				],
				"translate": [
					{ "time": 0, "x": -12.89, "y": -150.01, "curve": "stepped" },
					{ "time": 1.3333, "x": -12.89, "y": -150.01, "curve": "stepped" },
					{ "time": 2, "x": -12.89, "y": -150.01 }
				],
				"scale": [
					{ "time": 0, "x": 1, "y": 1, "curve": "stepped" },
					{ "time": 1.3333, "x": 1, "y": 1, "curve": "stepped" },
					{ "time": 2, "x": 1, "y": 1 }
				]
			},
			"fuhuojie_texiao_7": {
				"rotate": [
					{ "time": 0, "angle": 0 },
					{ "time": 0.6666, "angle": -63.67 }
				],
				"translate": [
					{ "time": 0, "x": -169.56, "y": 10.31, "curve": "stepped" },
					{ "time": 0.6666, "x": -169.56, "y": 10.31 }
				],
				"scale": [
					{ "time": 0, "x": 1, "y": 1, "curve": "stepped" },
					{ "time": 0.6666, "x": 1, "y": 1 }
				]
			},
			"fuhuojie_texiao_8": {
				"rotate": [
					{ "time": 0, "angle": 0 },
					{ "time": 0.6666, "angle": -63.67 }
				],
				"translate": [
					{ "time": 0, "x": -169.56, "y": 10.31, "curve": "stepped" },
					{ "time": 0.6666, "x": -169.56, "y": 10.31 }
				],
				"scale": [
					{ "time": 0, "x": 1, "y": 1, "curve": "stepped" },
					{ "time": 0.6666, "x": 1, "y": 1 }
				]
			},
			"fuhuojie_texiao_9": {
				"rotate": [
					{ "time": 0, "angle": 0, "curve": "stepped" },
					{ "time": 0.3333, "angle": 0 },
					{ "time": 1, "angle": -102.45 }
				],
				"translate": [
					{ "time": 0, "x": -226.2, "y": -114.47 },
					{ "time": 0.3333, "x": -206.5, "y": -136.64, "curve": "stepped" },
					{ "time": 0.6666, "x": -206.5, "y": -136.64, "curve": "stepped" },
					{ "time": 1, "x": -206.5, "y": -136.64 }
				],
				"scale": [
					{ "time": 0, "x": 0, "y": 0, "curve": "stepped" },
					{ "time": 0.3, "x": 0, "y": 0 },
					{ "time": 0.3333, "x": 1, "y": 1, "curve": "stepped" },
					{ "time": 0.6666, "x": 1, "y": 1 },
					{ "time": 1, "x": 0, "y": 0 }
				]
			},
			"fuhuojie_texiao_10": {
				"rotate": [
					{ "time": 0, "angle": 0, "curve": "stepped" },
					{ "time": 0.3333, "angle": 0 },
					{ "time": 1, "angle": -102.45 }
				],
				"translate": [
					{ "time": 0, "x": -226.2, "y": -114.47 },
					{ "time": 0.3333, "x": -206.5, "y": -136.64, "curve": "stepped" },
					{ "time": 0.6666, "x": -206.5, "y": -136.64, "curve": "stepped" },
					{ "time": 1, "x": -206.5, "y": -136.64 }
				],
				"scale": [
					{ "time": 0, "x": 0, "y": 0, "curve": "stepped" },
					{ "time": 0.3, "x": 0, "y": 0 },
					{ "time": 0.3333, "x": 1, "y": 1, "curve": "stepped" },
					{ "time": 0.6666, "x": 1, "y": 1 },
					{ "time": 1, "x": 0, "y": 0 }
				]
			},
			"fuhuojie_texiao_11": {
				"rotate": [
					{ "time": 0, "angle": 0, "curve": "stepped" },
					{ "time": 0.6666, "angle": 0 },
					{ "time": 1.3333, "angle": -128.85 }
				],
				"translate": [
					{ "time": 0, "x": -232.32, "y": -238.65, "curve": "stepped" },
					{ "time": 0.6666, "x": -232.32, "y": -238.65, "curve": "stepped" },
					{ "time": 1, "x": -232.32, "y": -238.65, "curve": "stepped" },
					{ "time": 1.3333, "x": -232.32, "y": -238.65 }
				],
				"scale": [
					{ "time": 0, "x": 1, "y": 1, "curve": "stepped" },
					{ "time": 0.6666, "x": 1, "y": 1, "curve": "stepped" },
					{ "time": 1, "x": 1, "y": 1, "curve": "stepped" },
					{ "time": 1.3333, "x": 1, "y": 1 }
				]
			},
			"fuhuojie_texiao_12": {
				"rotate": [
					{ "time": 0, "angle": 0, "curve": "stepped" },
					{ "time": 0.6666, "angle": 0 },
					{ "time": 1.3333, "angle": -128.85 }
				],
				"translate": [
					{ "time": 0, "x": -232.32, "y": -238.65, "curve": "stepped" },
					{ "time": 0.6666, "x": -232.32, "y": -238.65, "curve": "stepped" },
					{ "time": 1, "x": -232.32, "y": -238.65, "curve": "stepped" },
					{ "time": 1.3333, "x": -232.32, "y": -238.65 }
				],
				"scale": [
					{ "time": 0, "x": 1, "y": 1, "curve": "stepped" },
					{ "time": 0.6666, "x": 1, "y": 1, "curve": "stepped" },
					{ "time": 1, "x": 1, "y": 1, "curve": "stepped" },
					{ "time": 1.3333, "x": 1, "y": 1 }
				]
			},
			"fuhuojie_texiao_13": {
				"rotate": [
					{ "time": 0, "angle": 0, "curve": "stepped" },
					{ "time": 1, "angle": 0 },
					{ "time": 1.6666, "angle": -105.49 }
				],
				"translate": [
					{ "time": 0, "x": -223.51, "y": -332.97, "curve": "stepped" },
					{ "time": 1, "x": -223.51, "y": -332.97 }
				],
				"scale": [
					{ "time": 0, "x": 1, "y": 1, "curve": "stepped" },
					{ "time": 1, "x": 1, "y": 1 }
				]
			},
			"fuhuojie_texiao_14": {
				"rotate": [
					{ "time": 0, "angle": 0, "curve": "stepped" },
					{ "time": 1, "angle": 0 },
					{ "time": 1.6666, "angle": -105.49 }
				],
				"translate": [
					{ "time": 0, "x": -223.51, "y": -332.97, "curve": "stepped" },
					{ "time": 1, "x": -223.51, "y": -332.97 }
				],
				"scale": [
					{ "time": 0, "x": 1, "y": 1, "curve": "stepped" },
					{ "time": 1, "x": 1, "y": 1 }
				]
			},
			"fuhuojie_texiao_15": {
				"rotate": [
					{ "time": 0, "angle": 0, "curve": "stepped" },
					{ "time": 1.3333, "angle": 0 },
					{ "time": 2, "angle": -137.71 }
				],
				"translate": [
					{ "time": 0, "x": -332.84, "y": -130.09, "curve": "stepped" },
					{ "time": 1.3333, "x": -332.84, "y": -130.09, "curve": "stepped" },
					{ "time": 2, "x": -332.84, "y": -130.09 }
				],
				"scale": [
					{ "time": 0, "x": 1, "y": 1, "curve": "stepped" },
					{ "time": 1.3333, "x": 1, "y": 1, "curve": "stepped" },
					{ "time": 2, "x": 1, "y": 1 }
				]
			},
			"fuhuojie_texiao_16": {
				"rotate": [
					{ "time": 0, "angle": 0, "curve": "stepped" },
					{ "time": 1.3333, "angle": 0 },
					{ "time": 2, "angle": -137.71 }
				],
				"translate": [
					{ "time": 0, "x": -332.84, "y": -130.09, "curve": "stepped" },
					{ "time": 1.3333, "x": -332.84, "y": -130.09, "curve": "stepped" },
					{ "time": 2, "x": -332.84, "y": -130.09 }
				],
				"scale": [
					{ "time": 0, "x": 1, "y": 1, "curve": "stepped" },
					{ "time": 1.3333, "x": 1, "y": 1, "curve": "stepped" },
					{ "time": 2, "x": 1, "y": 1 }
				]
			},
			"fuhuojie_texiao_17": {
				"rotate": [
					{ "time": 0, "angle": 0, "curve": "stepped" },
					{ "time": 1.3333, "angle": 0 },
					{ "time": 2, "angle": -137.71 }
				],
				"translate": [
					{ "time": 0, "x": -12.89, "y": -150.01, "curve": "stepped" },
					{ "time": 1.3333, "x": -12.89, "y": -150.01, "curve": "stepped" },
					{ "time": 2, "x": -12.89, "y": -150.01 }
				],
				"scale": [
					{ "time": 0, "x": 1, "y": 1, "curve": "stepped" },
					{ "time": 1.3333, "x": 1, "y": 1, "curve": "stepped" },
					{ "time": 2, "x": 1, "y": 1 }
				]
			},
			"fuhuojie_texiao_18": {
				"rotate": [
					{ "time": 0, "angle": 0, "curve": "stepped" },
					{ "time": 1.3333, "angle": 0 },
					{ "time": 2, "angle": -137.71 }
				],
				"translate": [
					{ "time": 0, "x": -12.89, "y": -150.01, "curve": "stepped" },
					{ "time": 1.3333, "x": -12.89, "y": -150.01, "curve": "stepped" },
					{ "time": 2, "x": -12.89, "y": -150.01 }
				],
				"scale": [
					{ "time": 0, "x": 1, "y": 1, "curve": "stepped" },
					{ "time": 1.3333, "x": 1, "y": 1, "curve": "stepped" },
					{ "time": 2, "x": 1, "y": 1 }
				]
			}
		}
	}
}
}