{
"skeleton": { "hash": "6mpCKj+hhAIdUblxoB0rZtM891o", "spine": "2.1.27", "width": 0, "height": 0, "images": "" },
"bones": [
	{ "name": "root" },
	{ "name": "bone", "parent": "root", "length": 208.03, "x": 416, "y": 90 }
],
"slots": [
	{ "name": "CDgj_029_", "bone": "bone" },
	{ "name": "CDgj_029_2_", "bone": "bone" },
	{ "name": "CDgj_029_3_", "bone": "bone" },
	{ "name": "CDgj_027_", "bone": "bone" },
	{ "name": "CDgj_027_1_", "bone": "bone" },
	{ "name": "CDgj_027_2_", "bone": "bone" },
	{ "name": "CDgj_025_", "bone": "bone" },
	{ "name": "CDgj_025_1_", "bone": "bone" },
	{ "name": "CDgj_025_2_", "bone": "bone" },
	{ "name": "CDgj_023_", "bone": "bone" },
	{ "name": "CDgj_023_1_", "bone": "bone" },
	{ "name": "CDgj_023_2_", "bone": "bone" },
	{ "name": "CDgj_021_", "bone": "bone" },
	{ "name": "CDgj_021_1_", "bone": "bone" },
	{ "name": "CDgj_021_2_", "bone": "bone" },
	{ "name": "CDgj_019_", "bone": "bone" },
	{ "name": "CDgj_019_1_", "bone": "bone" },
	{ "name": "CDgj_019_2_", "bone": "bone" },
	{ "name": "CDgj_017_", "bone": "bone" },
	{ "name": "CDgj_017_1_", "bone": "bone" },
	{ "name": "CDgj_017_2_", "bone": "bone" },
	{ "name": "CDgj_015_", "bone": "bone" },
	{ "name": "CDgj_015_1_", "bone": "bone" },
	{ "name": "CDgj_015_2_", "bone": "bone" },
	{ "name": "CDgj_013_", "bone": "bone" },
	{ "name": "CDgj_013_1_", "bone": "bone" },
	{ "name": "CDgj_013_2_", "bone": "bone" },
	{ "name": "CDgj_012_", "bone": "bone" },
	{ "name": "CDgj_012_1_", "bone": "bone" },
	{ "name": "CDgj_012_2_", "bone": "bone" },
	{ "name": "CDgj_010_", "bone": "bone" },
	{ "name": "CDgj_010_1_", "bone": "bone" },
	{ "name": "CDgj_010_2_", "bone": "bone" },
	{ "name": "CDgj_009_", "bone": "bone" },
	{ "name": "CDgj_009_1_", "bone": "bone" },
	{ "name": "CDgj_009_2_", "bone": "bone" },
	{ "name": "CDgj_008_", "bone": "bone" },
	{ "name": "CDgj_008_1_", "bone": "bone" },
	{ "name": "CDgj_008_2_", "bone": "bone" },
	{ "name": "CDgj_008_3_", "bone": "bone" },
	{ "name": "CDgj_006_", "bone": "bone" },
	{ "name": "CDgj_006_1_", "bone": "bone" },
	{ "name": "CDgj_006_2_", "bone": "bone" },
	{ "name": "CDgj_005_", "bone": "bone" },
	{ "name": "CDgj_005_1_", "bone": "bone" },
	{ "name": "CDgj_005_2_", "bone": "bone" },
	{ "name": "CDgj_005_3_", "bone": "bone" },
	{ "name": "CDgj_003_", "bone": "bone" },
	{ "name": "CDgj_003_1_", "bone": "bone" },
	{ "name": "CDgj_003_2_", "bone": "bone" },
	{ "name": "CDgj_003_3_", "bone": "bone" },
	{ "name": "CDgj_001_", "bone": "bone" },
	{ "name": "CDgj_001_1_", "bone": "bone" },
	{ "name": "CDgj_001_2_", "bone": "bone" },
	{ "name": "CDgj_001_3_", "bone": "bone" },
	{ "name": "CDdj_029_", "bone": "bone" },
	{ "name": "CDdj_029_1_", "bone": "bone" },
	{ "name": "CDdj_029_2_", "bone": "bone" },
	{ "name": "CDdj_029_3_", "bone": "bone" },
	{ "name": "CDdj_027_", "bone": "bone" },
	{ "name": "CDdj_027_1_", "bone": "bone" },
	{ "name": "CDdj_027_2_", "bone": "bone" },
	{ "name": "CDdj_025_", "bone": "bone" },
	{ "name": "CDdj_025_1_", "bone": "bone" },
	{ "name": "CDdj_025_2_", "bone": "bone" },
	{ "name": "CDdj_023_", "bone": "bone" },
	{ "name": "CDdj_023_1_", "bone": "bone" },
	{ "name": "CDdj_023_2_", "bone": "bone" },
	{ "name": "CDdj_021_", "bone": "bone" },
	{ "name": "CDdj_021_1_", "bone": "bone" },
	{ "name": "CDdj_021_2_", "bone": "bone" },
	{ "name": "CDdj_019_", "bone": "bone" },
	{ "name": "CDdj_019_1_", "bone": "bone" },
	{ "name": "CDdj_019_2_", "bone": "bone" },
	{ "name": "CDdj_017_", "bone": "bone" },
	{ "name": "CDdj_017_1_", "bone": "bone" },
	{ "name": "CDdj_017_2_", "bone": "bone" },
	{ "name": "CDdj_015_", "bone": "bone" },
	{ "name": "CDdj_015_1_", "bone": "bone" },
	{ "name": "CDdj_015_2_", "bone": "bone" },
	{ "name": "CDdj_013_", "bone": "bone" },
	{ "name": "CDdj_013_1_", "bone": "bone" },
	{ "name": "CDdj_013_2_", "bone": "bone" },
	{ "name": "CDdj_011_", "bone": "bone" },
	{ "name": "CDdj_011_1_", "bone": "bone" },
	{ "name": "CDdj_011_2_", "bone": "bone" },
	{ "name": "CDdj_009_", "bone": "bone" },
	{ "name": "CDdj_009_1_", "bone": "bone" },
	{ "name": "CDdj_007_", "bone": "bone" },
	{ "name": "CDdj_007_1_", "bone": "bone" },
	{ "name": "CDdj_007_2_", "bone": "bone" },
	{ "name": "CDdj_007_3_", "bone": "bone" },
	{ "name": "CDdj_005_", "bone": "bone" },
	{ "name": "CDdj_005_1_", "bone": "bone" },
	{ "name": "CDdj_005_2_", "bone": "bone" },
	{ "name": "CDdj_003_", "bone": "bone" },
	{ "name": "CDdj_003_1_", "bone": "bone" },
	{ "name": "CDdj_003_2_", "bone": "bone" },
	{ "name": "CDdj_003_3_", "bone": "bone" },
	{ "name": "CDdj_003_4_", "bone": "bone" },
	{ "name": "CDdj_001_", "bone": "bone" },
	{ "name": "CDdj_001_1_", "bone": "bone" },
	{ "name": "CDdj_001_2_", "bone": "bone" },
	{ "name": "CDdj_001_3_", "bone": "bone" }
],
"skins": {
	"default": {
		"CDdj_001_": {
			"CDdj_001_": { "x": -1, "y": 139, "width": 180, "height": 168 }
		},
		"CDdj_001_1_": {
			"CDdj_001_1_": { "x": -158, "y": 155, "width": 136, "height": 136 }
		},
		"CDdj_001_2_": {
			"CDdj_001_2_": { "x": -85, "y": 294.5, "width": 278, "height": 147 }
		},
		"CDdj_001_3_": {
			"CDdj_001_3_": { "x": 170.49, "y": 126, "width": 167, "height": 156 }
		},
		"CDdj_003_": {
			"CDdj_003_": { "x": 225.99, "y": 115.5, "width": 56, "height": 65 }
		},
		"CDdj_003_1_": {
			"CDdj_003_1_": { "x": 127.99, "y": 133, "width": 140, "height": 170 }
		},
		"CDdj_003_2_": {
			"CDdj_003_2_": { "x": 30.49, "y": 172.5, "width": 59, "height": 235 }
		},
		"CDdj_003_3_": {
			"CDdj_003_3_": { "x": -52.5, "y": 215, "width": 111, "height": 292 }
		},
		"CDdj_003_4_": {
			"CDdj_003_4_": { "x": -166.5, "y": 228.5, "width": 119, "height": 239 }
		},
		"CDdj_005_": {
			"CDdj_005_": { "x": 144.99, "y": 141, "width": 218, "height": 188 }
		},
		"CDdj_005_1_": {
			"CDdj_005_1_": { "x": -36.5, "y": 205.5, "width": 147, "height": 301 }
		},
		"CDdj_005_2_": {
			"CDdj_005_2_": { "x": -187, "y": 215, "width": 156, "height": 214 }
		},
		"CDdj_007_": {
			"CDdj_007_": { "x": 178.99, "y": 126, "width": 150, "height": 158 }
		},
		"CDdj_007_1_": {
			"CDdj_007_1_": { "x": 64.49, "y": 167, "width": 83, "height": 230 }
		},
		"CDdj_007_2_": {
			"CDdj_007_2_": { "x": -39.5, "y": 209, "width": 129, "height": 292 }
		},
		"CDdj_007_3_": {
			"CDdj_007_3_": { "x": -172.5, "y": 214.5, "width": 141, "height": 221 }
		},
		"CDdj_009_": {
			"CDdj_009_": { "x": 153.99, "y": 142, "width": 200, "height": 190 }
		},
		"CDdj_009_1_": {
			"CDdj_009_1_": { "x": -106, "y": 206.5, "width": 324, "height": 313 }
		},
		"CDdj_011_": {
			"CDdj_011_": { "x": 156.99, "y": 142.5, "width": 194, "height": 191 }
		},
		"CDdj_011_1_": {
			"CDdj_011_1_": { "x": -16, "y": 206, "width": 156, "height": 316 }
		},
		"CDdj_011_2_": {
			"CDdj_011_2_": { "x": -169, "y": 204.5, "width": 152, "height": 253 }
		},
		"CDdj_013_": {
			"CDdj_013_": { "x": 171.99, "y": 128, "width": 164, "height": 162 }
		},
		"CDdj_013_1_": {
			"CDdj_013_1_": { "x": 2.99, "y": 213, "width": 178, "height": 332 }
		},
		"CDdj_013_2_": {
			"CDdj_013_2_": { "x": -175.5, "y": 196, "width": 183, "height": 250 }
		},
		"CDdj_015_": {
			"CDdj_015_": { "x": 172.99, "y": 128, "width": 162, "height": 164 }
		},
		"CDdj_015_1_": {
			"CDdj_015_1_": { "x": 13.49, "y": 211.5, "width": 159, "height": 329 }
		},
		"CDdj_015_2_": {
			"CDdj_015_2_": { "x": -147, "y": 203.5, "width": 166, "height": 281 }
		},
		"CDdj_017_": {
			"CDdj_017_": { "x": 170.99, "y": 128, "width": 166, "height": 164 }
		},
		"CDdj_017_1_": {
			"CDdj_017_1_": { "x": 9.99, "y": 213, "width": 160, "height": 334 }
		},
		"CDdj_017_2_": {
			"CDdj_017_2_": { "x": -162, "y": 206.5, "width": 188, "height": 279 }
		},
		"CDdj_019_": {
			"CDdj_019_": { "x": 168.99, "y": 130, "width": 170, "height": 166 }
		},
		"CDdj_019_1_": {
			"CDdj_019_1_": { "x": 4.49, "y": 213, "width": 163, "height": 334 }
		},
		"CDdj_019_2_": {
			"CDdj_019_2_": { "x": -152.5, "y": 198, "width": 155, "height": 258 }
		},
		"CDdj_021_": {
			"CDdj_021_": { "x": 167.99, "y": 130, "width": 172, "height": 166 }
		},
		"CDdj_021_1_": {
			"CDdj_021_1_": { "x": 21.99, "y": 213.5, "width": 124, "height": 333 }
		},
		"CDdj_021_2_": {
			"CDdj_021_2_": { "x": -134, "y": 210.5, "width": 192, "height": 283 }
		},
		"CDdj_023_": {
			"CDdj_023_": { "x": 156.99, "y": 129.5, "width": 194, "height": 165 }
		},
		"CDdj_023_1_": {
			"CDdj_023_1_": { "x": 8.49, "y": 214.5, "width": 107, "height": 331 }
		},
		"CDdj_023_2_": {
			"CDdj_023_2_": { "x": -136, "y": 212.5, "width": 186, "height": 287 }
		},
		"CDdj_025_": {
			"CDdj_025_": { "x": 153.99, "y": 132, "width": 200, "height": 170 }
		},
		"CDdj_025_1_": {
			"CDdj_025_1_": { "x": 3.99, "y": 217, "width": 102, "height": 324 }
		},
		"CDdj_025_2_": {
			"CDdj_025_2_": { "x": -142.5, "y": 214, "width": 195, "height": 288 }
		},
		"CDdj_027_": {
			"CDdj_027_": { "x": 146.99, "y": 136.5, "width": 214, "height": 179 }
		},
		"CDdj_027_1_": {
			"CDdj_027_1_": { "x": -33.5, "y": 216, "width": 151, "height": 322 }
		},
		"CDdj_027_2_": {
			"CDdj_027_2_": { "x": -167.5, "y": 210.5, "width": 119, "height": 231 }
		},
		"CDdj_029_": {
			"CDdj_029_": { "x": 152.49, "y": 133, "width": 203, "height": 170 }
		},
		"CDdj_029_1_": {
			"CDdj_029_1_": { "x": 28.99, "y": 178, "width": 48, "height": 244 }
		},
		"CDdj_029_2_": {
			"CDdj_029_2_": { "x": -55, "y": 228.5, "width": 124, "height": 313 }
		},
		"CDdj_029_3_": {
			"CDdj_029_3_": { "x": -171, "y": 215.5, "width": 110, "height": 213 }
		},
		"CDgj_001_": {
			"CDgj_001_": { "x": 176.49, "y": 126, "width": 155, "height": 156 }
		},
		"CDgj_001_1_": {
			"CDgj_001_1_": { "x": 55.49, "y": 164, "width": 89, "height": 218 }
		},
		"CDgj_001_2_": {
			"CDgj_001_2_": { "x": -55.5, "y": 220, "width": 137, "height": 296 }
		},
		"CDgj_001_3_": {
			"CDgj_001_3_": { "x": -174, "y": 216.5, "width": 104, "height": 215 }
		},
		"CDgj_003_": {
			"CDgj_003_": { "x": 129.49, "y": 137, "width": 249, "height": 178 }
		},
		"CDgj_003_1_": {
			"CDgj_003_1_": { "x": 27.49, "y": 257.5, "width": 45, "height": 65 }
		},
		"CDgj_003_2_": {
			"CDgj_003_2_": { "x": -39.5, "y": 215, "width": 93, "height": 292 }
		},
		"CDgj_003_3_": {
			"CDgj_003_3_": { "x": -155.5, "y": 215, "width": 141, "height": 266 }
		},
		"CDgj_005_": {
			"CDgj_005_": { "x": 182.49, "y": 125.5, "width": 143, "height": 157 }
		},
		"CDgj_005_1_": {
			"CDgj_005_1_": { "x": 62.49, "y": 166.5, "width": 101, "height": 223 }
		},
		"CDgj_005_2_": {
			"CDgj_005_2_": { "x": -47.5, "y": 210.5, "width": 123, "height": 291 }
		},
		"CDgj_005_3_": {
			"CDgj_005_3_": { "x": -186.5, "y": 215, "width": 157, "height": 214 }
		},
		"CDgj_006_": {
			"CDgj_006_": { "x": 150.99, "y": 141, "width": 206, "height": 188 }
		},
		"CDgj_006_1_": {
			"CDgj_006_1_": { "x": -25.5, "y": 204, "width": 151, "height": 302 }
		},
		"CDgj_006_2_": {
			"CDgj_006_2_": { "x": -170.5, "y": 212.5, "width": 143, "height": 225 }
		},
		"CDgj_008_": {
			"CDgj_008_": { "x": 167.49, "y": 134, "width": 173, "height": 174 }
		},
		"CDgj_008_1_": {
			"CDgj_008_1_": { "x": 41.49, "y": 175.5, "width": 83, "height": 249 }
		},
		"CDgj_008_2_": {
			"CDgj_008_2_": { "x": -68, "y": 210.5, "width": 138, "height": 301 }
		},
		"CDgj_008_3_": {
			"CDgj_008_3_": { "x": -189.5, "y": 213, "width": 109, "height": 212 }
		},
		"CDgj_009_": {
			"CDgj_009_": { "x": 44.49, "y": 94.5, "width": 419, "height": 95 }
		},
		"CDgj_009_1_": {
			"CDgj_009_1_": { "x": -26.5, "y": 179, "width": 483, "height": 78 }
		},
		"CDgj_009_2_": {
			"CDgj_009_2_": { "x": -75.5, "y": 290, "width": 315, "height": 146 }
		},
		"CDgj_010_": {
			"CDgj_010_": { "x": 155.99, "y": 142.5, "width": 196, "height": 191 }
		},
		"CDgj_010_1_": {
			"CDgj_010_1_": { "x": -19, "y": 205, "width": 158, "height": 312 }
		},
		"CDgj_010_2_": {
			"CDgj_010_2_": { "x": -173.5, "y": 205, "width": 155, "height": 244 }
		},
		"CDgj_012_": {
			"CDgj_012_": { "x": 173.99, "y": 127.5, "width": 160, "height": 161 }
		},
		"CDgj_012_1_": {
			"CDgj_012_1_": { "x": 1.49, "y": 208, "width": 189, "height": 320 }
		},
		"CDgj_012_2_": {
			"CDgj_012_2_": { "x": -167.5, "y": 198, "width": 153, "height": 242 }
		},
		"CDgj_013_": {
			"CDgj_013_": { "x": 172.99, "y": 128, "width": 162, "height": 162 }
		},
		"CDgj_013_1_": {
			"CDgj_013_1_": { "x": 3.49, "y": 213, "width": 179, "height": 332 }
		},
		"CDgj_013_2_": {
			"CDgj_013_2_": { "x": -176, "y": 196.5, "width": 182, "height": 249 }
		},
		"CDgj_015_": {
			"CDgj_015_": { "x": 175.99, "y": 128, "width": 156, "height": 164 }
		},
		"CDgj_015_1_": {
			"CDgj_015_1_": { "x": -3.5, "y": 211.5, "width": 205, "height": 329 }
		},
		"CDgj_015_2_": {
			"CDgj_015_2_": { "x": -167, "y": 204, "width": 126, "height": 232 }
		},
		"CDgj_017_": {
			"CDgj_017_": { "x": 172.49, "y": 128, "width": 163, "height": 164 }
		},
		"CDgj_017_1_": {
			"CDgj_017_1_": { "x": -0.5, "y": 213, "width": 187, "height": 334 }
		},
		"CDgj_017_2_": {
			"CDgj_017_2_": { "x": -174, "y": 212.5, "width": 164, "height": 267 }
		},
		"CDgj_019_": {
			"CDgj_019_": { "x": 167.99, "y": 130, "width": 172, "height": 166 }
		},
		"CDgj_019_1_": {
			"CDgj_019_1_": { "x": 3.99, "y": 213, "width": 160, "height": 334 }
		},
		"CDgj_019_2_": {
			"CDgj_019_2_": { "x": -152, "y": 198, "width": 156, "height": 258 }
		},
		"CDgj_021_": {
			"CDgj_021_": { "x": 168.49, "y": 130, "width": 171, "height": 166 }
		},
		"CDgj_021_1_": {
			"CDgj_021_1_": { "x": 6.49, "y": 213.5, "width": 157, "height": 333 }
		},
		"CDgj_021_2_": {
			"CDgj_021_2_": { "x": -150.5, "y": 210.5, "width": 159, "height": 283 }
		},
		"CDgj_023_": {
			"CDgj_023_": { "x": 156.99, "y": 129.5, "width": 194, "height": 165 }
		},
		"CDgj_023_1_": {
			"CDgj_023_1_": { "x": 8.49, "y": 214.5, "width": 107, "height": 331 }
		},
		"CDgj_023_2_": {
			"CDgj_023_2_": { "x": -136.5, "y": 212.5, "width": 185, "height": 287 }
		},
		"CDgj_025_": {
			"CDgj_025_": { "x": 151.99, "y": 132.5, "width": 204, "height": 171 }
		},
		"CDgj_025_1_": {
			"CDgj_025_1_": { "x": -0.5, "y": 217, "width": 105, "height": 324 }
		},
		"CDgj_025_2_": {
			"CDgj_025_2_": { "x": -145.5, "y": 214, "width": 189, "height": 288 }
		},
		"CDgj_027_": {
			"CDgj_027_": { "x": 150.99, "y": 133, "width": 206, "height": 172 }
		},
		"CDgj_027_1_": {
			"CDgj_027_1_": { "x": -30, "y": 216, "width": 160, "height": 322 }
		},
		"CDgj_027_2_": {
			"CDgj_027_2_": { "x": -168, "y": 211.5, "width": 118, "height": 229 }
		},
		"CDgj_029_": {
			"CDgj_029_": { "x": 146.49, "y": 137.5, "width": 215, "height": 179 }
		},
		"CDgj_029_2_": {
			"CDgj_029_2_": { "x": -37.5, "y": 220.5, "width": 157, "height": 329 }
		},
		"CDgj_029_3_": {
			"CDgj_029_3_": { "x": -170, "y": 215.5, "width": 112, "height": 213 }
		}
	}
},
"animations": {
	"dj": {
		"slots": {
			"CDdj_001_": {
				"attachment": [
					{ "time": 0, "name": "CDdj_001_" },
					{ "time": 0.1333, "name": null },
					{ "time": 2, "name": "CDdj_001_" }
				]
			},
			"CDdj_001_1_": {
				"attachment": [
					{ "time": 0, "name": "CDdj_001_1_" },
					{ "time": 0.1333, "name": null },
					{ "time": 2, "name": "CDdj_001_1_" }
				]
			},
			"CDdj_001_2_": {
				"attachment": [
					{ "time": 0, "name": "CDdj_001_2_" },
					{ "time": 0.1333, "name": null },
					{ "time": 2, "name": "CDdj_001_2_" }
				]
			},
			"CDdj_001_3_": {
				"attachment": [
					{ "time": 0, "name": "CDdj_001_3_" },
					{ "time": 0.1333, "name": null },
					{ "time": 2, "name": "CDdj_001_3_" }
				]
			},
			"CDdj_003_": {
				"attachment": [
					{ "time": 0.1333, "name": "CDdj_003_" },
					{ "time": 0.2666, "name": null }
				]
			},
			"CDdj_003_1_": {
				"attachment": [
					{ "time": 0.1333, "name": "CDdj_003_1_" },
					{ "time": 0.2666, "name": null }
				]
			},
			"CDdj_003_2_": {
				"attachment": [
					{ "time": 0.1333, "name": "CDdj_003_2_" },
					{ "time": 0.2666, "name": null }
				]
			},
			"CDdj_003_3_": {
				"attachment": [
					{ "time": 0.1333, "name": "CDdj_003_3_" },
					{ "time": 0.2666, "name": null }
				]
			},
			"CDdj_003_4_": {
				"attachment": [
					{ "time": 0.1333, "name": "CDdj_003_4_" },
					{ "time": 0.2666, "name": null }
				]
			},
			"CDdj_005_": {
				"attachment": [
					{ "time": 0.2666, "name": "CDdj_005_" },
					{ "time": 0.4, "name": null }
				]
			},
			"CDdj_005_1_": {
				"attachment": [
					{ "time": 0.2666, "name": "CDdj_005_1_" },
					{ "time": 0.4, "name": null }
				]
			},
			"CDdj_005_2_": {
				"attachment": [
					{ "time": 0.2666, "name": "CDdj_005_2_" },
					{ "time": 0.4, "name": null }
				]
			},
			"CDdj_007_": {
				"attachment": [
					{ "time": 0.4, "name": "CDdj_007_" },
					{ "time": 0.5333, "name": null }
				]
			},
			"CDdj_007_1_": {
				"attachment": [
					{ "time": 0.4, "name": "CDdj_007_1_" },
					{ "time": 0.5333, "name": null }
				]
			},
			"CDdj_007_2_": {
				"attachment": [
					{ "time": 0.4, "name": "CDdj_007_2_" },
					{ "time": 0.5333, "name": null }
				]
			},
			"CDdj_007_3_": {
				"attachment": [
					{ "time": 0.4, "name": "CDdj_007_3_" },
					{ "time": 0.5333, "name": null }
				]
			},
			"CDdj_009_": {
				"attachment": [
					{ "time": 0.5333, "name": "CDdj_009_" },
					{ "time": 0.6666, "name": null }
				]
			},
			"CDdj_009_1_": {
				"attachment": [
					{ "time": 0.5333, "name": "CDdj_009_1_" },
					{ "time": 0.6666, "name": null }
				]
			},
			"CDdj_011_": {
				"attachment": [
					{ "time": 0.6666, "name": "CDdj_011_" },
					{ "time": 0.8, "name": null }
				]
			},
			"CDdj_011_1_": {
				"attachment": [
					{ "time": 0.6666, "name": "CDdj_011_1_" },
					{ "time": 0.8, "name": null }
				]
			},
			"CDdj_011_2_": {
				"attachment": [
					{ "time": 0.6666, "name": "CDdj_011_2_" },
					{ "time": 0.8, "name": null }
				]
			},
			"CDdj_013_": {
				"attachment": [
					{ "time": 0.8, "name": "CDdj_013_" },
					{ "time": 0.9333, "name": null }
				]
			},
			"CDdj_013_1_": {
				"attachment": [
					{ "time": 0.8, "name": "CDdj_013_1_" },
					{ "time": 0.9333, "name": null }
				]
			},
			"CDdj_013_2_": {
				"attachment": [
					{ "time": 0.8, "name": "CDdj_013_2_" },
					{ "time": 0.9333, "name": null }
				]
			},
			"CDdj_015_": {
				"attachment": [
					{ "time": 0.9333, "name": "CDdj_015_" },
					{ "time": 1.0666, "name": null }
				]
			},
			"CDdj_015_1_": {
				"attachment": [
					{ "time": 0.9333, "name": "CDdj_015_1_" },
					{ "time": 1.0666, "name": null }
				]
			},
			"CDdj_015_2_": {
				"attachment": [
					{ "time": 0.9333, "name": "CDdj_015_2_" },
					{ "time": 1.0666, "name": null }
				]
			},
			"CDdj_017_": {
				"attachment": [
					{ "time": 1.0666, "name": "CDdj_017_" },
					{ "time": 1.2, "name": null }
				]
			},
			"CDdj_017_1_": {
				"attachment": [
					{ "time": 1.0666, "name": "CDdj_017_1_" },
					{ "time": 1.2, "name": null }
				]
			},
			"CDdj_017_2_": {
				"attachment": [
					{ "time": 1.0666, "name": "CDdj_017_2_" },
					{ "time": 1.2, "name": null }
				]
			},
			"CDdj_019_": {
				"attachment": [
					{ "time": 1.2, "name": "CDdj_019_" },
					{ "time": 1.3333, "name": null }
				]
			},
			"CDdj_019_1_": {
				"attachment": [
					{ "time": 1.2, "name": "CDdj_019_1_" },
					{ "time": 1.3333, "name": null }
				]
			},
			"CDdj_019_2_": {
				"attachment": [
					{ "time": 1.2, "name": "CDdj_019_2_" },
					{ "time": 1.3333, "name": null }
				]
			},
			"CDdj_021_": {
				"attachment": [
					{ "time": 1.3333, "name": "CDdj_021_" },
					{ "time": 1.4666, "name": null }
				]
			},
			"CDdj_021_1_": {
				"attachment": [
					{ "time": 1.3333, "name": "CDdj_021_1_" },
					{ "time": 1.4666, "name": null }
				]
			},
			"CDdj_021_2_": {
				"attachment": [
					{ "time": 1.3333, "name": "CDdj_021_2_" },
					{ "time": 1.4666, "name": null }
				]
			},
			"CDdj_023_": {
				"attachment": [
					{ "time": 1.4666, "name": "CDdj_023_" },
					{ "time": 1.6, "name": null }
				]
			},
			"CDdj_023_1_": {
				"attachment": [
					{ "time": 1.4666, "name": "CDdj_023_1_" },
					{ "time": 1.6, "name": null }
				]
			},
			"CDdj_023_2_": {
				"attachment": [
					{ "time": 1.4666, "name": "CDdj_023_2_" },
					{ "time": 1.6, "name": null }
				]
			},
			"CDdj_025_": {
				"attachment": [
					{ "time": 1.6, "name": "CDdj_025_" },
					{ "time": 1.7333, "name": null }
				]
			},
			"CDdj_025_1_": {
				"attachment": [
					{ "time": 1.6, "name": "CDdj_025_1_" },
					{ "time": 1.7333, "name": null }
				]
			},
			"CDdj_025_2_": {
				"attachment": [
					{ "time": 1.6, "name": "CDdj_025_2_" },
					{ "time": 1.7333, "name": null }
				]
			},
			"CDdj_027_": {
				"attachment": [
					{ "time": 1.7333, "name": "CDdj_027_" },
					{ "time": 1.8666, "name": null }
				]
			},
			"CDdj_027_1_": {
				"attachment": [
					{ "time": 1.7333, "name": "CDdj_027_1_" },
					{ "time": 1.8666, "name": null }
				]
			},
			"CDdj_027_2_": {
				"attachment": [
					{ "time": 1.7333, "name": "CDdj_027_2_" },
					{ "time": 1.8666, "name": null }
				]
			},
			"CDdj_029_": {
				"attachment": [
					{ "time": 1.8666, "name": "CDdj_029_" },
					{ "time": 2, "name": null }
				]
			},
			"CDdj_029_1_": {
				"attachment": [
					{ "time": 1.8666, "name": "CDdj_029_1_" },
					{ "time": 2, "name": null }
				]
			},
			"CDdj_029_2_": {
				"attachment": [
					{ "time": 1.8666, "name": "CDdj_029_2_" },
					{ "time": 2, "name": null }
				]
			},
			"CDdj_029_3_": {
				"attachment": [
					{ "time": 1.8666, "name": "CDdj_029_3_" },
					{ "time": 2, "name": null }
				]
			}
		},
		"bones": {
			"bone": {
				"translate": [
					{ "time": 0, "x": -411.42, "y": -129.61, "curve": "stepped" },
					{ "time": 2, "x": -411.42, "y": -129.61 }
				]
			}
		}
	},
	"gj": {
		"slots": {
			"CDgj_001_": {
				"attachment": [
					{ "time": 0, "name": "CDgj_001_" },
					{ "time": 0.1, "name": null },
					{ "time": 1.3666, "name": "CDgj_001_" }
				]
			},
			"CDgj_001_1_": {
				"attachment": [
					{ "time": 0, "name": "CDgj_001_1_" },
					{ "time": 0.1, "name": null },
					{ "time": 1.3666, "name": "CDgj_001_1_" }
				]
			},
			"CDgj_001_2_": {
				"attachment": [
					{ "time": 0, "name": "CDgj_001_2_" },
					{ "time": 0.1, "name": null },
					{ "time": 1.3666, "name": "CDgj_001_2_" }
				]
			},
			"CDgj_001_3_": {
				"attachment": [
					{ "time": 0, "name": "CDgj_001_3_" },
					{ "time": 0.1, "name": null },
					{ "time": 1.3666, "name": "CDgj_001_3_" }
				]
			},
			"CDgj_003_": {
				"attachment": [
					{ "time": 0.1, "name": "CDgj_003_" },
					{ "time": 0.2, "name": null }
				]
			},
			"CDgj_003_1_": {
				"attachment": [
					{ "time": 0.1, "name": "CDgj_003_1_" },
					{ "time": 0.2, "name": null }
				]
			},
			"CDgj_003_2_": {
				"attachment": [
					{ "time": 0.1, "name": "CDgj_003_2_" },
					{ "time": 0.2, "name": null }
				]
			},
			"CDgj_003_3_": {
				"attachment": [
					{ "time": 0.1, "name": "CDgj_003_3_" },
					{ "time": 0.2, "name": null }
				]
			},
			"CDgj_005_": {
				"attachment": [
					{ "time": 0.2, "name": "CDgj_005_" },
					{ "time": 0.2666, "name": null }
				]
			},
			"CDgj_005_1_": {
				"attachment": [
					{ "time": 0.2, "name": "CDgj_005_1_" },
					{ "time": 0.2666, "name": null }
				]
			},
			"CDgj_005_2_": {
				"attachment": [
					{ "time": 0.2, "name": "CDgj_005_2_" },
					{ "time": 0.2666, "name": null }
				]
			},
			"CDgj_005_3_": {
				"attachment": [
					{ "time": 0.2, "name": "CDgj_005_3_" },
					{ "time": 0.2666, "name": null }
				]
			},
			"CDgj_006_": {
				"attachment": [
					{ "time": 0.2666, "name": "CDgj_006_" },
					{ "time": 0.3333, "name": null }
				]
			},
			"CDgj_006_1_": {
				"attachment": [
					{ "time": 0.2666, "name": "CDgj_006_1_" },
					{ "time": 0.3333, "name": null }
				]
			},
			"CDgj_006_2_": {
				"attachment": [
					{ "time": 0.2666, "name": "CDgj_006_2_" },
					{ "time": 0.3333, "name": null }
				]
			},
			"CDgj_008_": {
				"attachment": [
					{ "time": 0.3333, "name": "CDgj_008_" },
					{ "time": 0.4333, "name": null }
				]
			},
			"CDgj_008_1_": {
				"attachment": [
					{ "time": 0.3333, "name": "CDgj_008_1_" },
					{ "time": 0.4333, "name": null }
				]
			},
			"CDgj_008_2_": {
				"attachment": [
					{ "time": 0.3333, "name": "CDgj_008_2_" },
					{ "time": 0.4333, "name": null }
				]
			},
			"CDgj_008_3_": {
				"attachment": [
					{ "time": 0.3333, "name": "CDgj_008_3_" },
					{ "time": 0.4333, "name": null }
				]
			},
			"CDgj_009_": {
				"attachment": [
					{ "time": 0.4333, "name": "CDgj_009_" },
					{ "time": 0.5333, "name": null }
				]
			},
			"CDgj_009_1_": {
				"attachment": [
					{ "time": 0.4333, "name": "CDgj_009_1_" },
					{ "time": 0.5333, "name": null }
				]
			},
			"CDgj_009_2_": {
				"attachment": [
					{ "time": 0.4333, "name": "CDgj_009_2_" },
					{ "time": 0.5333, "name": null }
				]
			},
			"CDgj_010_": {
				"attachment": [
					{ "time": 0.5333, "name": "CDgj_010_" },
					{ "time": 0.6, "name": null }
				]
			},
			"CDgj_010_1_": {
				"attachment": [
					{ "time": 0.5333, "name": "CDgj_010_1_" },
					{ "time": 0.6, "name": null }
				]
			},
			"CDgj_010_2_": {
				"attachment": [
					{ "time": 0.5333, "name": "CDgj_010_2_" },
					{ "time": 0.6, "name": null }
				]
			},
			"CDgj_012_": {
				"attachment": [
					{ "time": 0.6, "name": "CDgj_012_" },
					{ "time": 0.7, "name": null }
				]
			},
			"CDgj_012_1_": {
				"attachment": [
					{ "time": 0.6, "name": "CDgj_012_1_" },
					{ "time": 0.7, "name": null }
				]
			},
			"CDgj_012_2_": {
				"attachment": [
					{ "time": 0.6, "name": "CDgj_012_2_" },
					{ "time": 0.7, "name": null }
				]
			},
			"CDgj_013_": {
				"attachment": [
					{ "time": 0.7, "name": "CDgj_013_" },
					{ "time": 0.7666, "name": null }
				]
			},
			"CDgj_013_1_": {
				"attachment": [
					{ "time": 0.7, "name": "CDgj_013_1_" },
					{ "time": 0.7666, "name": null }
				]
			},
			"CDgj_013_2_": {
				"attachment": [
					{ "time": 0.7, "name": "CDgj_013_2_" },
					{ "time": 0.7666, "name": null }
				]
			},
			"CDgj_015_": {
				"attachment": [
					{ "time": 0.7666, "name": "CDgj_015_" },
					{ "time": 0.8666, "name": null }
				]
			},
			"CDgj_015_1_": {
				"attachment": [
					{ "time": 0.7666, "name": "CDgj_015_1_" },
					{ "time": 0.8666, "name": null }
				]
			},
			"CDgj_015_2_": {
				"attachment": [
					{ "time": 0.7666, "name": "CDgj_015_2_" },
					{ "time": 0.8666, "name": null }
				]
			},
			"CDgj_017_": {
				"attachment": [
					{ "time": 0.8666, "name": "CDgj_017_" },
					{ "time": 0.9333, "name": null }
				]
			},
			"CDgj_017_1_": {
				"attachment": [
					{ "time": 0.8666, "name": "CDgj_017_1_" },
					{ "time": 0.9333, "name": null }
				]
			},
			"CDgj_017_2_": {
				"attachment": [
					{ "time": 0.8666, "name": "CDgj_017_2_" },
					{ "time": 0.9333, "name": null }
				]
			},
			"CDgj_019_": {
				"attachment": [
					{ "time": 0.9333, "name": "CDgj_019_" },
					{ "time": 1, "name": null }
				]
			},
			"CDgj_019_1_": {
				"attachment": [
					{ "time": 0.9333, "name": "CDgj_019_1_" },
					{ "time": 1, "name": null }
				]
			},
			"CDgj_019_2_": {
				"attachment": [
					{ "time": 0.9333, "name": "CDgj_019_2_" },
					{ "time": 1, "name": null }
				]
			},
			"CDgj_021_": {
				"attachment": [
					{ "time": 1, "name": "CDgj_021_" },
					{ "time": 1.0666, "name": null }
				]
			},
			"CDgj_021_1_": {
				"attachment": [
					{ "time": 1, "name": "CDgj_021_1_" },
					{ "time": 1.0666, "name": null }
				]
			},
			"CDgj_021_2_": {
				"attachment": [
					{ "time": 1, "name": "CDgj_021_2_" },
					{ "time": 1.0666, "name": null }
				]
			},
			"CDgj_023_": {
				"attachment": [
					{ "time": 1.0666, "name": "CDgj_023_" },
					{ "time": 1.1333, "name": null }
				]
			},
			"CDgj_023_1_": {
				"attachment": [
					{ "time": 1.0666, "name": "CDgj_023_1_" },
					{ "time": 1.1333, "name": null }
				]
			},
			"CDgj_023_2_": {
				"attachment": [
					{ "time": 1.0666, "name": "CDgj_023_2_" },
					{ "time": 1.1333, "name": null }
				]
			},
			"CDgj_025_": {
				"attachment": [
					{ "time": 1.1333, "name": "CDgj_025_" },
					{ "time": 1.2, "name": null }
				]
			},
			"CDgj_025_1_": {
				"attachment": [
					{ "time": 1.1333, "name": "CDgj_025_1_" },
					{ "time": 1.2, "name": null }
				]
			},
			"CDgj_025_2_": {
				"attachment": [
					{ "time": 1.1333, "name": "CDgj_025_2_" },
					{ "time": 1.2, "name": null }
				]
			},
			"CDgj_027_": {
				"attachment": [
					{ "time": 1.2, "name": "CDgj_027_" },
					{ "time": 1.2666, "name": null }
				]
			},
			"CDgj_027_1_": {
				"attachment": [
					{ "time": 1.2, "name": "CDgj_027_1_" },
					{ "time": 1.2666, "name": null }
				]
			},
			"CDgj_027_2_": {
				"attachment": [
					{ "time": 1.2, "name": "CDgj_027_2_" },
					{ "time": 1.2666, "name": null }
				]
			},
			"CDgj_029_": {
				"attachment": [
					{ "time": 1.2666, "name": "CDgj_029_" },
					{ "time": 1.3666, "name": null }
				]
			},
			"CDgj_029_2_": {
				"attachment": [
					{ "time": 1.2666, "name": "CDgj_029_2_" },
					{ "time": 1.3666, "name": null }
				]
			},
			"CDgj_029_3_": {
				"attachment": [
					{ "time": 1.2666, "name": "CDgj_029_3_" },
					{ "time": 1.3666, "name": null }
				]
			}
		},
		"bones": {
			"bone": {
				"translate": [
					{ "time": 0, "x": -411.42, "y": -129.61, "curve": "stepped" },
					{ "time": 1.3666, "x": -411.42, "y": -129.61 }
				]
			}
		}
	}
}
}