{
"skeleton": { "hash": "qwhZJMN9l6U5lPNzoQ/sLUgI+r4", "spine": "2.1.27", "width": 270, "height": 100 },
"bones": [
	{ "name": "root" }
],
"slots": [
	{ "name": "long_00_", "bone": "root", "attachment": "long_00_" },
	{ "name": "long_01_", "bone": "root", "attachment": "long_01_" },
	{ "name": "long_02_", "bone": "root", "attachment": "long_02_" },
	{ "name": "long_03_", "bone": "root", "attachment": "long_03_" },
	{ "name": "long_04_", "bone": "root", "attachment": "long_04_" },
	{ "name": "long_05_", "bone": "root", "attachment": "long_05_" },
	{ "name": "long_06_", "bone": "root", "attachment": "long_06_" },
	{ "name": "long_07_", "bone": "root", "attachment": "long_07_" }
],
"skins": {
	"default": {
		"long_00_": {
			"long_00_": { "x": 0.64, "y": 44.64, "width": 270, "height": 100 }
		},
		"long_01_": {
			"long_01_": { "x": 0.64, "y": 44.64, "width": 270, "height": 100 }
		},
		"long_02_": {
			"long_02_": { "x": 0.64, "y": 44.64, "width": 270, "height": 100 }
		},
		"long_03_": {
			"long_03_": { "x": 0.64, "y": 44.64, "width": 270, "height": 100 }
		},
		"long_04_": {
			"long_04_": { "x": 0.64, "y": 44.64, "width": 270, "height": 100 }
		},
		"long_05_": {
			"long_05_": { "x": 0.64, "y": 44.64, "width": 270, "height": 100 }
		},
		"long_06_": {
			"long_06_": { "x": 0.64, "y": 44.64, "width": 270, "height": 100 }
		},
		"long_07_": {
			"long_07_": { "x": 0.64, "y": 44.64, "width": 270, "height": 100 }
		}
	}
},
"animations": {
	"animation": {
		"slots": {
			"long_00_": {
				"attachment": [
					{ "time": 0, "name": "long_00_" },
					{ "time": 0.1333, "name": null }
				]
			},
			"long_01_": {
				"attachment": [
					{ "time": 0, "name": null },
					{ "time": 0.1333, "name": "long_01_" },
					{ "time": 0.2666, "name": null }
				]
			},
			"long_02_": {
				"attachment": [
					{ "time": 0, "name": null },
					{ "time": 0.1333, "name": null },
					{ "time": 0.2666, "name": "long_02_" },
					{ "time": 0.4, "name": null }
				]
			},
			"long_03_": {
				"attachment": [
					{ "time": 0, "name": null },
					{ "time": 0.2666, "name": null },
					{ "time": 0.4, "name": "long_03_" },
					{ "time": 0.5333, "name": null }
				]
			},
			"long_04_": {
				"attachment": [
					{ "time": 0, "name": null },
					{ "time": 0.4, "name": null },
					{ "time": 0.5333, "name": "long_04_" },
					{ "time": 0.6666, "name": null }
				]
			},
			"long_05_": {
				"attachment": [
					{ "time": 0, "name": null },
					{ "time": 0.5333, "name": null },
					{ "time": 0.6666, "name": "long_05_" },
					{ "time": 0.8, "name": null }
				]
			},
			"long_06_": {
				"attachment": [
					{ "time": 0, "name": null },
					{ "time": 0.6666, "name": null },
					{ "time": 0.8, "name": "long_06_" },
					{ "time": 0.9333, "name": null }
				]
			},
			"long_07_": {
				"attachment": [
					{ "time": 0, "name": null },
					{ "time": 0.8, "name": null },
					{ "time": 0.9333, "name": "long_07_" },
					{ "time": 1.0666, "name": null }
				]
			}
		}
	}
}
}