{
"skeleton": { "hash": "s5dDuo88ZcBfz2g+6hjGl0BysUA", "spine": "3.7.94", "width": 0, "height": 0, "images": "./images/", "audio": "D:/WORK/COK/皮肤特效/城堡皮肤-魔宠猫咪/资源序列图/魔宠猫咪spine/攻击_group/Mgj_A" },
"bones": [
	{ "name": "root" },
	{ "name": "ctr", "parent": "root", "x": -87, "y": 160, "scaleX": 1.25, "scaleY": 1.25 },
	{ "name": "Mgj_UL_", "parent": "ctr" },
	{ "name": "Mgj_UR_", "parent": "ctr" },
	{ "name": "Mgj_DL_", "parent": "ctr" },
	{ "name": "Mgj_DR_", "parent": "ctr" }
],
"slots": [
	{ "name": "Mgj_UL_", "bone": "Mgj_UL_" },
	{ "name": "Mgj_UR_", "bone": "Mgj_UR_" },
	{ "name": "Mgj_DL_", "bone": "Mgj_DL_" },
	{ "name": "Mgj_DR_", "bone": "Mgj_DR_" }
],
"skins": {
	"default": {
		"Mgj_DL_": {
			"Mgj_DL_00202_": { "x": -274.5, "y": -284, "width": 549, "height": 568 },
			"Mgj_DL_00205_": { "x": -274.5, "y": -284, "width": 549, "height": 568 },
			"Mgj_DL_00208_": { "x": -274.5, "y": -284, "width": 549, "height": 568 },
			"Mgj_DL_00211_": { "x": -274.5, "y": -284, "width": 549, "height": 568 },
			"Mgj_DL_00214_": { "x": -274.5, "y": -284, "width": 549, "height": 568 },
			"Mgj_DL_00217_": { "x": -274.5, "y": -284, "width": 549, "height": 568 },
			"Mgj_DL_00220_": { "x": -274.5, "y": -284, "width": 549, "height": 568 },
			"Mgj_DL_00223_": { "x": -274.5, "y": -284, "width": 549, "height": 568 },
			"Mgj_DL_00226_": { "x": -274.5, "y": -284, "width": 549, "height": 568 },
			"Mgj_DL_00229_": { "x": -274.5, "y": -284, "width": 549, "height": 568 },
			"Mgj_DL_00232_": { "x": -274.5, "y": -284, "width": 549, "height": 568 },
			"Mgj_DL_00235_": { "x": -274.5, "y": -284, "width": 549, "height": 568 },
			"Mgj_DL_00238_": { "x": -274.5, "y": -284, "width": 549, "height": 568 },
			"Mgj_DL_00241_": { "x": -274.5, "y": -284, "width": 549, "height": 568 }
		},
		"Mgj_DR_": {
			"Mgj_DR_00202_": { "x": 325.5, "y": -284, "width": 651, "height": 568 },
			"Mgj_DR_00205_": { "x": 325.5, "y": -284, "width": 651, "height": 568 },
			"Mgj_DR_00208_": { "x": 325.5, "y": -284, "width": 651, "height": 568 },
			"Mgj_DR_00211_": { "x": 325.5, "y": -284, "width": 651, "height": 568 },
			"Mgj_DR_00214_": { "x": 325.5, "y": -284, "width": 651, "height": 568 },
			"Mgj_DR_00217_": { "x": 325.5, "y": -284, "width": 651, "height": 568 },
			"Mgj_DR_00220_": { "x": 325.5, "y": -284, "width": 651, "height": 568 },
			"Mgj_DR_00223_": { "x": 325.5, "y": -284, "width": 651, "height": 568 },
			"Mgj_DR_00226_": { "x": 325.5, "y": -284, "width": 651, "height": 568 },
			"Mgj_DR_00229_": { "x": 325.5, "y": -284, "width": 651, "height": 568 },
			"Mgj_DR_00232_": { "x": 325.5, "y": -284, "width": 651, "height": 568 },
			"Mgj_DR_00235_": { "x": 325.5, "y": -284, "width": 651, "height": 568 },
			"Mgj_DR_00238_": { "x": 325.5, "y": -284, "width": 651, "height": 568 },
			"Mgj_DR_00241_": { "x": 325.5, "y": -284, "width": 651, "height": 568 }
		},
		"Mgj_UL_": {
			"Mgj_UL_00202_": { "x": -274.5, "y": 316, "width": 549, "height": 632 },
			"Mgj_UL_00205_": { "x": -274.5, "y": 316, "width": 549, "height": 632 },
			"Mgj_UL_00208_": { "x": -274.5, "y": 316, "width": 549, "height": 632 },
			"Mgj_UL_00211_": { "x": -274.5, "y": 316, "width": 549, "height": 632 },
			"Mgj_UL_00214_": { "x": -274.5, "y": 316, "width": 549, "height": 632 },
			"Mgj_UL_00217_": { "x": -274.5, "y": 316, "width": 549, "height": 632 },
			"Mgj_UL_00220_": { "x": -274.5, "y": 316, "width": 549, "height": 632 },
			"Mgj_UL_00223_": { "x": -274.5, "y": 316, "width": 549, "height": 632 },
			"Mgj_UL_00226_": { "x": -274.5, "y": 316, "width": 549, "height": 632 },
			"Mgj_UL_00229_": { "x": -274.5, "y": 316, "width": 549, "height": 632 },
			"Mgj_UL_00232_": { "x": -274.5, "y": 316, "width": 549, "height": 632 },
			"Mgj_UL_00235_": { "x": -274.5, "y": 316, "width": 549, "height": 632 },
			"Mgj_UL_00238_": { "x": -274.5, "y": 316, "width": 549, "height": 632 },
			"Mgj_UL_00241_": { "x": -274.5, "y": 316, "width": 549, "height": 632 }
		},
		"Mgj_UR_": {
			"Mgj_UR_00202_": { "x": 325.5, "y": 316, "width": 651, "height": 632 },
			"Mgj_UR_00205_": { "x": 325.5, "y": 316, "width": 651, "height": 632 },
			"Mgj_UR_00208_": { "x": 325.5, "y": 316, "width": 651, "height": 632 },
			"Mgj_UR_00211_": { "x": 325.5, "y": 316, "width": 651, "height": 632 },
			"Mgj_UR_00214_": { "x": 325.5, "y": 316, "width": 651, "height": 632 },
			"Mgj_UR_00217_": { "x": 325.5, "y": 316, "width": 651, "height": 632 },
			"Mgj_UR_00220_": { "x": 325.5, "y": 316, "width": 651, "height": 632 },
			"Mgj_UR_00223_": { "x": 325.5, "y": 316, "width": 651, "height": 632 },
			"Mgj_UR_00226_": { "x": 325.5, "y": 316, "width": 651, "height": 632 },
			"Mgj_UR_00229_": { "x": 325.5, "y": 316, "width": 651, "height": 632 },
			"Mgj_UR_00232_": { "x": 325.5, "y": 316, "width": 651, "height": 632 },
			"Mgj_UR_00235_": { "x": 325.5, "y": 316, "width": 651, "height": 632 },
			"Mgj_UR_00238_": { "x": 325.5, "y": 316, "width": 651, "height": 632 },
			"Mgj_UR_00241_": { "x": 325.5, "y": 316, "width": 651, "height": 632 }
		}
	}
},
"animations": {
	"animation": {
		"slots": {
			"Mgj_DL_": {
				"attachment": [
					{ "time": 0, "name": "Mgj_DL_00202_" },
					{ "time": 0.1, "name": "Mgj_DL_00205_" },
					{ "time": 0.2, "name": "Mgj_DL_00208_" },
					{ "time": 0.3, "name": "Mgj_DL_00211_" },
					{ "time": 0.4, "name": "Mgj_DL_00214_" },
					{ "time": 0.5, "name": "Mgj_DL_00217_" },
					{ "time": 0.6, "name": "Mgj_DL_00220_" },
					{ "time": 0.7, "name": "Mgj_DL_00223_" },
					{ "time": 0.8, "name": "Mgj_DL_00226_" },
					{ "time": 0.9, "name": "Mgj_DL_00229_" },
					{ "time": 1, "name": "Mgj_DL_00232_" },
					{ "time": 1.1, "name": "Mgj_DL_00235_" },
					{ "time": 1.2, "name": "Mgj_DL_00238_" },
					{ "time": 1.3, "name": "Mgj_DL_00241_" },
					{ "time": 1.4, "name": null },
					{ "time": 2.8, "name": null }
				]
			},
			"Mgj_DR_": {
				"attachment": [
					{ "time": 0, "name": "Mgj_DR_00202_" },
					{ "time": 0.1, "name": "Mgj_DR_00205_" },
					{ "time": 0.2, "name": "Mgj_DR_00208_" },
					{ "time": 0.3, "name": "Mgj_DR_00211_" },
					{ "time": 0.4, "name": "Mgj_DR_00214_" },
					{ "time": 0.5, "name": "Mgj_DR_00217_" },
					{ "time": 0.6, "name": "Mgj_DR_00220_" },
					{ "time": 0.7, "name": "Mgj_DR_00223_" },
					{ "time": 0.8, "name": "Mgj_DR_00226_" },
					{ "time": 0.9, "name": "Mgj_DR_00229_" },
					{ "time": 1, "name": "Mgj_DR_00232_" },
					{ "time": 1.1, "name": "Mgj_DR_00235_" },
					{ "time": 1.2, "name": "Mgj_DR_00238_" },
					{ "time": 1.3, "name": "Mgj_DR_00241_" },
					{ "time": 1.4, "name": null },
					{ "time": 2.8, "name": null }
				]
			},
			"Mgj_UL_": {
				"attachment": [
					{ "time": 0, "name": "Mgj_UL_00202_" },
					{ "time": 0.1, "name": "Mgj_UL_00205_" },
					{ "time": 0.2, "name": "Mgj_UL_00208_" },
					{ "time": 0.3, "name": "Mgj_UL_00211_" },
					{ "time": 0.4, "name": "Mgj_UL_00214_" },
					{ "time": 0.5, "name": "Mgj_UL_00217_" },
					{ "time": 0.6, "name": "Mgj_UL_00220_" },
					{ "time": 0.7, "name": "Mgj_UL_00223_" },
					{ "time": 0.8, "name": "Mgj_UL_00226_" },
					{ "time": 0.9, "name": "Mgj_UL_00229_" },
					{ "time": 1, "name": "Mgj_UL_00232_" },
					{ "time": 1.1, "name": "Mgj_UL_00235_" },
					{ "time": 1.2, "name": "Mgj_UL_00238_" },
					{ "time": 1.3, "name": "Mgj_UL_00241_" },
					{ "time": 1.4, "name": null },
					{ "time": 2.8, "name": null }
				]
			},
			"Mgj_UR_": {
				"attachment": [
					{ "time": 0, "name": "Mgj_UR_00202_" },
					{ "time": 0.1, "name": "Mgj_UR_00205_" },
					{ "time": 0.2, "name": "Mgj_UR_00208_" },
					{ "time": 0.3, "name": "Mgj_UR_00211_" },
					{ "time": 0.4, "name": "Mgj_UR_00214_" },
					{ "time": 0.5, "name": "Mgj_UR_00217_" },
					{ "time": 0.6, "name": "Mgj_UR_00220_" },
					{ "time": 0.7, "name": "Mgj_UR_00223_" },
					{ "time": 0.8, "name": "Mgj_UR_00226_" },
					{ "time": 0.9, "name": "Mgj_UR_00229_" },
					{ "time": 1, "name": "Mgj_UR_00232_" },
					{ "time": 1.1, "name": "Mgj_UR_00235_" },
					{ "time": 1.2, "name": "Mgj_UR_00238_" },
					{ "time": 1.3, "name": "Mgj_UR_00241_" },
					{ "time": 1.4, "name": null },
					{ "time": 2.8, "name": null }
				]
			}
		},
		"bones": {
			"ctr": {
				"translate": [
					{ "time": 0, "x": 0, "y": 0 }
				]
			}
		}
	}
}
}