{
"skeleton": { "hash": "KaMcB5DWS0ZoW3p8jznn2MWnBK0", "spine": "3.7.94", "width": 0, "height": 0, "images": "../../休闲待机_group/Mxxdj_D/images/", "audio": "D:/WORK/COK/皮肤特效/城堡皮肤-魔宠猫咪/资源序列图/魔宠猫咪spine/休闲待机_group/Mxxdj_D" },
"bones": [
	{ "name": "root" },
	{ "name": "ctr", "parent": "root", "x": -86, "y": 155, "scaleX": 1.25, "scaleY": 1.25 },
	{ "name": "Mxxdj_UL_", "parent": "ctr" },
	{ "name": "Mxxdj_UR_", "parent": "ctr" },
	{ "name": "Mxxdj_DL_", "parent": "ctr" },
	{ "name": "Mxxdj_DR_", "parent": "ctr" }
],
"slots": [
	{ "name": "Mxxdj_UL_", "bone": "Mxxdj_UL_" },
	{ "name": "Mxxdj_UR_", "bone": "Mxxdj_UR_" },
	{ "name": "Mxxdj_DL_", "bone": "Mxxdj_DL_" },
	{ "name": "Mxxdj_DR_", "bone": "Mxxdj_DR_" }
],
"skins": {
	"default": {
		"Mxxdj_DL_": {
			"Mxxdj_DL_00159_": { "x": -275, "y": -282, "width": 550, "height": 564 },
			"Mxxdj_DL_00162_": { "x": -275, "y": -282, "width": 550, "height": 564 },
			"Mxxdj_DL_00165_": { "x": -275, "y": -282, "width": 550, "height": 564 },
			"Mxxdj_DL_00168_": { "x": -275, "y": -282, "width": 550, "height": 564 },
			"Mxxdj_DL_00171_": { "x": -275, "y": -282, "width": 550, "height": 564 },
			"Mxxdj_DL_00174_": { "x": -275, "y": -282, "width": 550, "height": 564 },
			"Mxxdj_DL_00177_": { "x": -275, "y": -282, "width": 550, "height": 564 },
			"Mxxdj_DL_00180_": { "x": -275, "y": -282, "width": 550, "height": 564 },
			"Mxxdj_DL_00183_": { "x": -275, "y": -282, "width": 550, "height": 564 },
			"Mxxdj_DL_00186_": { "x": -275, "y": -282, "width": 550, "height": 564 },
			"Mxxdj_DL_00189_": { "x": -275, "y": -282, "width": 550, "height": 564 },
			"Mxxdj_DL_00192_": { "x": -275, "y": -282, "width": 550, "height": 564 },
			"Mxxdj_DL_00195_": { "x": -275, "y": -282, "width": 550, "height": 564 },
			"Mxxdj_DL_00198_": { "x": -275, "y": -282, "width": 550, "height": 564 },
			"Mxxdj_DL_00201_": { "x": -275, "y": -282, "width": 550, "height": 564 }
		},
		"Mxxdj_DR_": {
			"Mxxdj_DR_00159_": { "x": 325, "y": -282, "width": 650, "height": 564 },
			"Mxxdj_DR_00162_": { "x": 325, "y": -282, "width": 650, "height": 564 },
			"Mxxdj_DR_00165_": { "x": 325, "y": -282, "width": 650, "height": 564 },
			"Mxxdj_DR_00168_": { "x": 325, "y": -282, "width": 650, "height": 564 },
			"Mxxdj_DR_00171_": { "x": 325, "y": -282, "width": 650, "height": 564 },
			"Mxxdj_DR_00174_": { "x": 325, "y": -282, "width": 650, "height": 564 },
			"Mxxdj_DR_00177_": { "x": 325, "y": -282, "width": 650, "height": 564 },
			"Mxxdj_DR_00180_": { "x": 325, "y": -282, "width": 650, "height": 564 },
			"Mxxdj_DR_00183_": { "x": 325, "y": -282, "width": 650, "height": 564 },
			"Mxxdj_DR_00186_": { "x": 325, "y": -282, "width": 650, "height": 564 },
			"Mxxdj_DR_00189_": { "x": 325, "y": -282, "width": 650, "height": 564 },
			"Mxxdj_DR_00192_": { "x": 325, "y": -282, "width": 650, "height": 564 },
			"Mxxdj_DR_00195_": { "x": 325, "y": -282, "width": 650, "height": 564 },
			"Mxxdj_DR_00198_": { "x": 325, "y": -282, "width": 650, "height": 564 },
			"Mxxdj_DR_00201_": { "x": 325, "y": -282, "width": 650, "height": 564 }
		},
		"Mxxdj_UL_": {
			"Mxxdj_UL_00159_": { "x": -275, "y": 318, "width": 550, "height": 636 },
			"Mxxdj_UL_00162_": { "x": -275, "y": 318, "width": 550, "height": 636 },
			"Mxxdj_UL_00165_": { "x": -275, "y": 318, "width": 550, "height": 636 },
			"Mxxdj_UL_00168_": { "x": -275, "y": 318, "width": 550, "height": 636 },
			"Mxxdj_UL_00171_": { "x": -275, "y": 318, "width": 550, "height": 636 },
			"Mxxdj_UL_00174_": { "x": -275, "y": 318, "width": 550, "height": 636 },
			"Mxxdj_UL_00177_": { "x": -275, "y": 318, "width": 550, "height": 636 },
			"Mxxdj_UL_00180_": { "x": -275, "y": 318, "width": 550, "height": 636 },
			"Mxxdj_UL_00183_": { "x": -275, "y": 318, "width": 550, "height": 636 },
			"Mxxdj_UL_00186_": { "x": -275, "y": 318, "width": 550, "height": 636 },
			"Mxxdj_UL_00189_": { "x": -275, "y": 318, "width": 550, "height": 636 },
			"Mxxdj_UL_00192_": { "x": -275, "y": 318, "width": 550, "height": 636 },
			"Mxxdj_UL_00195_": { "x": -275, "y": 318, "width": 550, "height": 636 },
			"Mxxdj_UL_00198_": { "x": -275, "y": 318, "width": 550, "height": 636 },
			"Mxxdj_UL_00201_": { "x": -275, "y": 318, "width": 550, "height": 636 }
		},
		"Mxxdj_UR_": {
			"Mxxdj_UR_00159_": { "x": 325, "y": 318, "width": 650, "height": 636 },
			"Mxxdj_UR_00162_": { "x": 325, "y": 318, "width": 650, "height": 636 },
			"Mxxdj_UR_00165_": { "x": 325, "y": 318, "width": 650, "height": 636 },
			"Mxxdj_UR_00168_": { "x": 325, "y": 318, "width": 650, "height": 636 },
			"Mxxdj_UR_00171_": { "x": 325, "y": 318, "width": 650, "height": 636 },
			"Mxxdj_UR_00174_": { "x": 325, "y": 318, "width": 650, "height": 636 },
			"Mxxdj_UR_00177_": { "x": 325, "y": 318, "width": 650, "height": 636 },
			"Mxxdj_UR_00180_": { "x": 325, "y": 318, "width": 650, "height": 636 },
			"Mxxdj_UR_00183_": { "x": 325, "y": 318, "width": 650, "height": 636 },
			"Mxxdj_UR_00186_": { "x": 325, "y": 318, "width": 650, "height": 636 },
			"Mxxdj_UR_00189_": { "x": 325, "y": 318, "width": 650, "height": 636 },
			"Mxxdj_UR_00192_": { "x": 325, "y": 318, "width": 650, "height": 636 },
			"Mxxdj_UR_00195_": { "x": 325, "y": 318, "width": 650, "height": 636 },
			"Mxxdj_UR_00198_": { "x": 325, "y": 318, "width": 650, "height": 636 },
			"Mxxdj_UR_00201_": { "x": 325, "y": 318, "width": 650, "height": 636 }
		}
	}
},
"animations": {
	"animation": {
		"slots": {
			"Mxxdj_DL_": {
				"attachment": [
					{ "time": 5.3, "name": "Mxxdj_DL_00159_" },
					{ "time": 5.4, "name": "Mxxdj_DL_00162_" },
					{ "time": 5.5, "name": "Mxxdj_DL_00165_" },
					{ "time": 5.6, "name": "Mxxdj_DL_00168_" },
					{ "time": 5.7, "name": "Mxxdj_DL_00171_" },
					{ "time": 5.8, "name": "Mxxdj_DL_00174_" },
					{ "time": 5.9, "name": "Mxxdj_DL_00177_" },
					{ "time": 6, "name": "Mxxdj_DL_00180_" },
					{ "time": 6.1, "name": "Mxxdj_DL_00183_" },
					{ "time": 6.2, "name": "Mxxdj_DL_00186_" },
					{ "time": 6.3, "name": "Mxxdj_DL_00189_" },
					{ "time": 6.4, "name": "Mxxdj_DL_00192_" },
					{ "time": 6.5, "name": "Mxxdj_DL_00195_" },
					{ "time": 6.6, "name": "Mxxdj_DL_00198_" },
					{ "time": 6.7, "name": "Mxxdj_DL_00201_" }
				]
			},
			"Mxxdj_DR_": {
				"attachment": [
					{ "time": 5.3, "name": "Mxxdj_DR_00159_" },
					{ "time": 5.4, "name": "Mxxdj_DR_00162_" },
					{ "time": 5.5, "name": "Mxxdj_DR_00165_" },
					{ "time": 5.6, "name": "Mxxdj_DR_00168_" },
					{ "time": 5.7, "name": "Mxxdj_DR_00171_" },
					{ "time": 5.8, "name": "Mxxdj_DR_00174_" },
					{ "time": 5.9, "name": "Mxxdj_DR_00177_" },
					{ "time": 6, "name": "Mxxdj_DR_00180_" },
					{ "time": 6.1, "name": "Mxxdj_DR_00183_" },
					{ "time": 6.2, "name": "Mxxdj_DR_00186_" },
					{ "time": 6.3, "name": "Mxxdj_DR_00189_" },
					{ "time": 6.4, "name": "Mxxdj_DR_00192_" },
					{ "time": 6.5, "name": "Mxxdj_DR_00195_" },
					{ "time": 6.6, "name": "Mxxdj_DR_00198_" },
					{ "time": 6.7, "name": "Mxxdj_DR_00201_" }
				]
			},
			"Mxxdj_UL_": {
				"attachment": [
					{ "time": 5.3, "name": "Mxxdj_UL_00159_" },
					{ "time": 5.4, "name": "Mxxdj_UL_00162_" },
					{ "time": 5.5, "name": "Mxxdj_UL_00165_" },
					{ "time": 5.6, "name": "Mxxdj_UL_00168_" },
					{ "time": 5.7, "name": "Mxxdj_UL_00171_" },
					{ "time": 5.8, "name": "Mxxdj_UL_00174_" },
					{ "time": 5.9, "name": "Mxxdj_UL_00177_" },
					{ "time": 6, "name": "Mxxdj_UL_00180_" },
					{ "time": 6.1, "name": "Mxxdj_UL_00183_" },
					{ "time": 6.2, "name": "Mxxdj_UL_00186_" },
					{ "time": 6.3, "name": "Mxxdj_UL_00189_" },
					{ "time": 6.4, "name": "Mxxdj_UL_00192_" },
					{ "time": 6.5, "name": "Mxxdj_UL_00195_" },
					{ "time": 6.6, "name": "Mxxdj_UL_00198_" },
					{ "time": 6.7, "name": "Mxxdj_UL_00201_" }
				]
			},
			"Mxxdj_UR_": {
				"attachment": [
					{ "time": 5.3, "name": "Mxxdj_UR_00159_" },
					{ "time": 5.4, "name": "Mxxdj_UR_00162_" },
					{ "time": 5.5, "name": "Mxxdj_UR_00165_" },
					{ "time": 5.6, "name": "Mxxdj_UR_00168_" },
					{ "time": 5.7, "name": "Mxxdj_UR_00171_" },
					{ "time": 5.8, "name": "Mxxdj_UR_00174_" },
					{ "time": 5.9, "name": "Mxxdj_UR_00177_" },
					{ "time": 6, "name": "Mxxdj_UR_00180_" },
					{ "time": 6.1, "name": "Mxxdj_UR_00183_" },
					{ "time": 6.2, "name": "Mxxdj_UR_00186_" },
					{ "time": 6.3, "name": "Mxxdj_UR_00189_" },
					{ "time": 6.4, "name": "Mxxdj_UR_00192_" },
					{ "time": 6.5, "name": "Mxxdj_UR_00195_" },
					{ "time": 6.6, "name": "Mxxdj_UR_00198_" },
					{ "time": 6.7, "name": "Mxxdj_UR_00201_" }
				]
			}
		},
		"bones": {
			"ctr": {
				"translate": [
					{ "time": 0, "x": 0, "y": 0 }
				]
			}
		}
	}
}
}