{
"skeleton": { "hash": "i5Isr9bH5f+EljIPVpAbS+PyvMQ", "spine": "3.7.94", "width": 0, "height": 0, "images": "./images/", "audio": "D:/WORK/COK/皮肤特效/城堡皮肤-魔宠猫咪/资源序列图/魔宠猫咪spine/攻击_group/Mgj_D" },
"bones": [
	{ "name": "root" },
	{ "name": "ctr", "parent": "root", "x": -87, "y": 160, "scaleX": 1.25, "scaleY": 1.25 },
	{ "name": "Mgj_UL_", "parent": "ctr" },
	{ "name": "Mgj_UR_", "parent": "ctr" },
	{ "name": "Mgj_DL_", "parent": "ctr" },
	{ "name": "Mgj_DR_", "parent": "ctr" }
],
"slots": [
	{ "name": "Mgj_UL_", "bone": "Mgj_UL_" },
	{ "name": "Mgj_UR_", "bone": "Mgj_UR_" },
	{ "name": "Mgj_DL_", "bone": "Mgj_DL_" },
	{ "name": "Mgj_DR_", "bone": "Mgj_DR_" }
],
"skins": {
	"default": {
		"Mgj_DL_": {
			"Mgj_DL_00271_": { "x": -274.5, "y": -284, "width": 549, "height": 568 },
			"Mgj_DL_00274_": { "x": -274.5, "y": -284, "width": 549, "height": 568 },
			"Mgj_DL_00277_": { "x": -274.5, "y": -284, "width": 549, "height": 568 },
			"Mgj_DL_00280_": { "x": -274.5, "y": -284, "width": 549, "height": 568 },
			"Mgj_DL_00281_": { "x": -274.5, "y": -284, "width": 549, "height": 568 },
			"Mgj_DL_00282_": { "x": -274.5, "y": -284, "width": 549, "height": 568 }
		},
		"Mgj_DR_": {
			"Mgj_DR_00271_": { "x": 325.5, "y": -284, "width": 651, "height": 568 },
			"Mgj_DR_00274_": { "x": 325.5, "y": -284, "width": 651, "height": 568 },
			"Mgj_DR_00277_": { "x": 325.5, "y": -284, "width": 651, "height": 568 },
			"Mgj_DR_00280_": { "x": 325.5, "y": -284, "width": 651, "height": 568 },
			"Mgj_DR_00281_": { "x": 325.5, "y": -284, "width": 651, "height": 568 },
			"Mgj_DR_00282_": { "x": 325.5, "y": -284, "width": 651, "height": 568 }
		},
		"Mgj_UL_": {
			"Mgj_UL_00271_": { "x": -274.5, "y": 316, "width": 549, "height": 632 },
			"Mgj_UL_00274_": { "x": -274.5, "y": 316, "width": 549, "height": 632 },
			"Mgj_UL_00277_": { "x": -274.5, "y": 316, "width": 549, "height": 632 },
			"Mgj_UL_00280_": { "x": -274.5, "y": 316, "width": 549, "height": 632 },
			"Mgj_UL_00281_": { "x": -274.5, "y": 316, "width": 549, "height": 632 },
			"Mgj_UL_00282_": { "x": -274.5, "y": 316, "width": 549, "height": 632 }
		},
		"Mgj_UR_": {
			"Mgj_UR_00271_": { "x": 325.5, "y": 316, "width": 651, "height": 632 },
			"Mgj_UR_00274_": { "x": 325.5, "y": 316, "width": 651, "height": 632 },
			"Mgj_UR_00277_": { "x": 325.5, "y": 316, "width": 651, "height": 632 },
			"Mgj_UR_00280_": { "x": 325.5, "y": 316, "width": 651, "height": 632 },
			"Mgj_UR_00281_": { "x": 325.5, "y": 316, "width": 651, "height": 632 },
			"Mgj_UR_00282_": { "x": 325.5, "y": 316, "width": 651, "height": 632 }
		}
	}
},
"animations": {
	"animation": {
		"slots": {
			"Mgj_DL_": {
				"attachment": [
					{ "time": 2.3, "name": "Mgj_DL_00271_" },
					{ "time": 2.4, "name": "Mgj_DL_00274_" },
					{ "time": 2.5, "name": "Mgj_DL_00277_" },
					{ "time": 2.6, "name": "Mgj_DL_00280_" },
					{ "time": 2.7, "name": "Mgj_DL_00281_" },
					{ "time": 2.8, "name": "Mgj_DL_00282_" }
				]
			},
			"Mgj_DR_": {
				"attachment": [
					{ "time": 2.3, "name": "Mgj_DR_00271_" },
					{ "time": 2.4, "name": "Mgj_DR_00274_" },
					{ "time": 2.5, "name": "Mgj_DR_00277_" },
					{ "time": 2.6, "name": "Mgj_DR_00280_" },
					{ "time": 2.7, "name": "Mgj_DR_00281_" },
					{ "time": 2.8, "name": "Mgj_DR_00282_" }
				]
			},
			"Mgj_UL_": {
				"attachment": [
					{ "time": 2.3, "name": "Mgj_UL_00271_" },
					{ "time": 2.4, "name": "Mgj_UL_00274_" },
					{ "time": 2.5, "name": "Mgj_UL_00277_" },
					{ "time": 2.6, "name": "Mgj_UL_00280_" },
					{ "time": 2.7, "name": "Mgj_UL_00281_" },
					{ "time": 2.8, "name": "Mgj_UL_00282_" }
				]
			},
			"Mgj_UR_": {
				"attachment": [
					{ "time": 2.3, "name": "Mgj_UR_00271_" },
					{ "time": 2.4, "name": "Mgj_UR_00274_" },
					{ "time": 2.5, "name": "Mgj_UR_00277_" },
					{ "time": 2.6, "name": "Mgj_UR_00280_" },
					{ "time": 2.7, "name": "Mgj_UR_00281_" },
					{ "time": 2.8, "name": "Mgj_UR_00282_" }
				]
			}
		},
		"bones": {
			"ctr": {
				"translate": [
					{ "time": 0, "x": 0, "y": 0 }
				]
			}
		}
	}
}
}