{
"skeleton": { "hash": "FGx5b0tyPnz0cT/av5EyRUYD5sA", "spine": "2.1.27", "width": 0, "height": 0 },
"bones": [
	{ "name": "root" },
	{ "name": "L", "parent": "root", "y": 140 },
	{ "name": "R", "parent": "root", "y": 140, "scaleX": -1 }
],
"slots": [
	{ "name": "wucaicb_0023_04_", "bone": "L" },
	{ "name": "wucaicb_0023_04_2", "bone": "R" },
	{ "name": "wucaicb_0023_03_", "bone": "L" },
	{ "name": "wucaicb_0023_03_2", "bone": "R" },
	{ "name": "wucaicb_0023_02_", "bone": "L" },
	{ "name": "wucaicb_0023_02_2", "bone": "R" },
	{ "name": "wucaicb_0023_01_", "bone": "L" },
	{ "name": "wucaicb_0023_01_2", "bone": "R" },
	{ "name": "wucaicb_0022_03_", "bone": "L" },
	{ "name": "wucaicb_0022_03_2", "bone": "R" },
	{ "name": "wucaicb_0022_02_", "bone": "L" },
	{ "name": "wucaicb_0022_02_2", "bone": "R" },
	{ "name": "wucaicb_0022_01_", "bone": "L" },
	{ "name": "wucaicb_0022_01_2", "bone": "R" },
	{ "name": "wucaicb_0021_03_", "bone": "L" },
	{ "name": "wucaicb_0021_03_2", "bone": "R" },
	{ "name": "wucaicb_0021_02_", "bone": "L" },
	{ "name": "wucaicb_0021_02_2", "bone": "R" },
	{ "name": "wucaicb_0021_01_", "bone": "L" },
	{ "name": "wucaicb_0021_01_2", "bone": "R" },
	{ "name": "wucaicb_0020_03_", "bone": "L" },
	{ "name": "wucaicb_0020_03_2", "bone": "R" },
	{ "name": "wucaicb_0020_02_", "bone": "L" },
	{ "name": "wucaicb_0020_02_2", "bone": "R" },
	{ "name": "wucaicb_0020_01_", "bone": "L" },
	{ "name": "wucaicb_0020_01_2", "bone": "R" },
	{ "name": "wucaicb_0019_04_", "bone": "L" },
	{ "name": "wucaicb_0019_04_2", "bone": "R" },
	{ "name": "wucaicb_0019_03_", "bone": "L" },
	{ "name": "wucaicb_0019_03_2", "bone": "R" },
	{ "name": "wucaicb_0019_02_", "bone": "L" },
	{ "name": "wucaicb_0019_02_2", "bone": "R" },
	{ "name": "wucaicb_0019_01_", "bone": "L" },
	{ "name": "wucaicb_0019_01_2", "bone": "R" },
	{ "name": "wucaicb_0018_03_", "bone": "L" },
	{ "name": "wucaicb_0018_03_2", "bone": "R" },
	{ "name": "wucaicb_0018_02_", "bone": "L" },
	{ "name": "wucaicb_0018_02_2", "bone": "R" },
	{ "name": "wucaicb_0018_01_", "bone": "L" },
	{ "name": "wucaicb_0018_01_2", "bone": "R" },
	{ "name": "wucaicb_0017_03_", "bone": "L" },
	{ "name": "wucaicb_0017_03_2", "bone": "R" },
	{ "name": "wucaicb_0017_02_", "bone": "L" },
	{ "name": "wucaicb_0017_02_2", "bone": "R" },
	{ "name": "wucaicb_0017_01_", "bone": "L" },
	{ "name": "wucaicb_0017_01_2", "bone": "R" },
	{ "name": "wucaicb_0016_03_", "bone": "L" },
	{ "name": "wucaicb_0016_03_2", "bone": "R" },
	{ "name": "wucaicb_0016_02_", "bone": "L" },
	{ "name": "wucaicb_0016_02_2", "bone": "R" },
	{ "name": "wucaicb_0016_01_", "bone": "L" },
	{ "name": "wucaicb_0016_01_2", "bone": "R" },
	{ "name": "wucaicb_0015_03_", "bone": "L" },
	{ "name": "wucaicb_0015_03_2", "bone": "R" },
	{ "name": "wucaicb_0015_02_", "bone": "L" },
	{ "name": "wucaicb_0015_02_2", "bone": "R" },
	{ "name": "wucaicb_0015_01_", "bone": "L" },
	{ "name": "wucaicb_0015_01_2", "bone": "R" },
	{ "name": "wucaicb_0014_03_", "bone": "L" },
	{ "name": "wucaicb_0014_03_2", "bone": "R" },
	{ "name": "wucaicb_0014_02_", "bone": "L" },
	{ "name": "wucaicb_0014_02_2", "bone": "R" },
	{ "name": "wucaicb_0014_01_", "bone": "L" },
	{ "name": "wucaicb_0014_01_2", "bone": "R" },
	{ "name": "wucaicb_0013_03_", "bone": "L" },
	{ "name": "wucaicb_0013_03_2", "bone": "R" },
	{ "name": "wucaicb_0013_02_", "bone": "L" },
	{ "name": "wucaicb_0013_02_2", "bone": "R" },
	{ "name": "wucaicb_0013_01_", "bone": "L" },
	{ "name": "wucaicb_0013_01_2", "bone": "R" },
	{ "name": "wucaicb_0012_03_", "bone": "L" },
	{ "name": "wucaicb_0012_03_2", "bone": "R" },
	{ "name": "wucaicb_0012_02_", "bone": "L" },
	{ "name": "wucaicb_0012_02_2", "bone": "R" },
	{ "name": "wucaicb_0012_01_", "bone": "L" },
	{ "name": "wucaicb_0012_01_2", "bone": "R" },
	{ "name": "wucaicb_0011_03_", "bone": "L" },
	{ "name": "wucaicb_0011_03_2", "bone": "R" },
	{ "name": "wucaicb_0011_02_", "bone": "L" },
	{ "name": "wucaicb_0011_02_2", "bone": "R" },
	{ "name": "wucaicb_0011_01_", "bone": "L" },
	{ "name": "wucaicb_0011_01_2", "bone": "R" },
	{ "name": "wucaicb_0010_02_", "bone": "L" },
	{ "name": "wucaicb_0010_02_2", "bone": "R" },
	{ "name": "wucaicb_0010_01_", "bone": "L" },
	{ "name": "wucaicb_0010_01_2", "bone": "R" },
	{ "name": "wucaicb_0009_02_", "bone": "L" },
	{ "name": "wucaicb_0009_02_2", "bone": "R" },
	{ "name": "wucaicb_0009_01_", "bone": "L" },
	{ "name": "wucaicb_0009_01_2", "bone": "R" },
	{ "name": "wucaicb_0008_02_", "bone": "L" },
	{ "name": "wucaicb_0008_02_2", "bone": "R" },
	{ "name": "wucaicb_0008_01_", "bone": "L" },
	{ "name": "wucaicb_0008_01_2", "bone": "R" },
	{ "name": "wucaicb_0007_02_", "bone": "L" },
	{ "name": "wucaicb_0007_02_2", "bone": "R" },
	{ "name": "wucaicb_0007_01_", "bone": "L" },
	{ "name": "wucaicb_0007_01_2", "bone": "R" },
	{ "name": "wucaicb_0006_03_", "bone": "L" },
	{ "name": "wucaicb_0006_03_2", "bone": "R" },
	{ "name": "wucaicb_0006_02_", "bone": "L" },
	{ "name": "wucaicb_0006_02_2", "bone": "R" },
	{ "name": "wucaicb_0006_01_", "bone": "L" },
	{ "name": "wucaicb_0006_01_2", "bone": "R" },
	{ "name": "wucaicb_0005_03_", "bone": "L" },
	{ "name": "wucaicb_0005_03_2", "bone": "R" },
	{ "name": "wucaicb_0005_02_", "bone": "L" },
	{ "name": "wucaicb_0005_02_2", "bone": "R" },
	{ "name": "wucaicb_0005_01_", "bone": "L" },
	{ "name": "wucaicb_0005_01_2", "bone": "R" },
	{ "name": "wucaicb_0004_04_", "bone": "L" },
	{ "name": "wucaicb_0004_04_2", "bone": "R" },
	{ "name": "wucaicb_0004_03_", "bone": "L" },
	{ "name": "wucaicb_0004_03_2", "bone": "R" },
	{ "name": "wucaicb_0004_02_", "bone": "L" },
	{ "name": "wucaicb_0004_02_2", "bone": "R" },
	{ "name": "wucaicb_0004_01_", "bone": "L" },
	{ "name": "wucaicb_0004_01_2", "bone": "R" },
	{ "name": "wucaicb_0003_03_2", "bone": "R" },
	{ "name": "wucaicb_0003_02_", "bone": "L" },
	{ "name": "wucaicb_0003_02_2", "bone": "R" },
	{ "name": "wucaicb_0003_01_", "bone": "L" },
	{ "name": "wucaicb_0003_01_2", "bone": "R" },
	{ "name": "wucaicb_0002_03_", "bone": "L" },
	{ "name": "wucaicb_0002_03_2", "bone": "R" },
	{ "name": "wucaicb_0002_02_", "bone": "L" },
	{ "name": "wucaicb_0002_02_2", "bone": "R" },
	{ "name": "wucaicb_0002_01_", "bone": "L" },
	{ "name": "wucaicb_0002_01_2", "bone": "R" },
	{ "name": "wucaicb_0001_03_", "bone": "L" },
	{ "name": "wucaicb_0001_03_2", "bone": "R" },
	{ "name": "wucaicb_0001_02_", "bone": "L" },
	{ "name": "wucaicb_0001_02_2", "bone": "R" },
	{ "name": "wucaicb_0001_01_", "bone": "L" },
	{ "name": "wucaicb_0001_01_2", "bone": "R" },
	{ "name": "wucaicb_0000_03_", "bone": "L" },
	{ "name": "wucaicb_0000_03_2", "bone": "R" },
	{ "name": "wucaicb_0000_02_", "bone": "L" },
	{ "name": "wucaicb_0000_02_2", "bone": "R" },
	{ "name": "wucaicb_0000_01_", "bone": "L" },
	{ "name": "wucaicb_0000_01_2", "bone": "R" }
],
"skins": {
	"default": {
		"wucaicb_0000_01_": {
			"wucaicb_0000_01_": { "x": -233.49, "y": 158.49, "width": 425, "height": 197 }
		},
		"wucaicb_0000_01_2": {
			"wucaicb_0000_01_": { "x": -233.49, "y": 158.49, "width": 425, "height": 197 }
		},
		"wucaicb_0000_02_": {
			"wucaicb_0000_02_": { "x": -193.49, "y": -7, "width": 405, "height": 134 }
		},
		"wucaicb_0000_02_2": {
			"wucaicb_0000_02_": { "x": -193.49, "y": -7, "width": 405, "height": 134 }
		},
		"wucaicb_0000_03_": {
			"wucaicb_0000_03_": { "x": -130.99, "y": -136.5, "width": 244, "height": 125 }
		},
		"wucaicb_0000_03_2": {
			"wucaicb_0000_03_": { "x": -130.99, "y": -136.5, "width": 244, "height": 125 }
		},
		"wucaicb_0001_01_": {
			"wucaicb_0001_01_": { "x": -238.99, "y": 157.99, "width": 418, "height": 186 }
		},
		"wucaicb_0001_01_2": {
			"wucaicb_0001_01_": { "x": -238.99, "y": 157.99, "width": 418, "height": 186 }
		},
		"wucaicb_0001_02_": {
			"wucaicb_0001_02_": { "x": -192.99, "y": -9.5, "width": 406, "height": 151 }
		},
		"wucaicb_0001_02_2": {
			"wucaicb_0001_02_": { "x": -192.99, "y": -9.5, "width": 406, "height": 151 }
		},
		"wucaicb_0001_03_": {
			"wucaicb_0001_03_": { "x": -127.49, "y": -146.5, "width": 227, "height": 123 }
		},
		"wucaicb_0001_03_2": {
			"wucaicb_0001_03_": { "x": -127.49, "y": -146.5, "width": 227, "height": 123 }
		},
		"wucaicb_0002_01_": {
			"wucaicb_0002_01_": { "x": -230.99, "y": 144.99, "width": 434, "height": 184 }
		},
		"wucaicb_0002_01_2": {
			"wucaicb_0002_01_": { "x": -230.99, "y": 144.99, "width": 434, "height": 184 }
		},
		"wucaicb_0002_02_": {
			"wucaicb_0002_02_": { "x": -194.49, "y": -33.99, "width": 409, "height": 174 }
		},
		"wucaicb_0002_02_2": {
			"wucaicb_0002_02_": { "x": -194.49, "y": -33.99, "width": 409, "height": 174 }
		},
		"wucaicb_0002_03_": {
			"wucaicb_0002_03_": { "x": -126.49, "y": -164.5, "width": 159, "height": 87 }
		},
		"wucaicb_0002_03_2": {
			"wucaicb_0002_03_": { "x": -126.49, "y": -164.5, "width": 159, "height": 87 }
		},
		"wucaicb_0003_01_": {
			"wucaicb_0003_01_": { "x": -217.49, "y": 109.99, "width": 457, "height": 212 }
		},
		"wucaicb_0003_01_2": {
			"wucaicb_0003_01_": { "x": -217.49, "y": 109.99, "width": 457, "height": 212 }
		},
		"wucaicb_0003_02_": {
			"wucaicb_0003_02_": { "x": -185.99, "y": -65.5, "width": 396, "height": 139 }
		},
		"wucaicb_0003_02_2": {
			"wucaicb_0003_02_": { "x": -185.99, "y": -65.5, "width": 396, "height": 139 }
		},
		"wucaicb_0003_03_2": {
			"wucaicb_0003_03_": { "x": -122.99, "y": -170, "width": 138, "height": 70 }
		},
		"wucaicb_0004_01_": {
			"wucaicb_0004_01_": { "x": -388.49, "y": -124, "width": 25, "height": 26 }
		},
		"wucaicb_0004_01_2": {
			"wucaicb_0004_01_": { "x": -388.49, "y": -124, "width": 25, "height": 26 }
		},
		"wucaicb_0004_02_": {
			"wucaicb_0004_02_": { "x": -213.99, "y": 88.99, "width": 458, "height": 208 }
		},
		"wucaicb_0004_02_2": {
			"wucaicb_0004_02_": { "x": -213.99, "y": 88.99, "width": 458, "height": 208 }
		},
		"wucaicb_0004_03_": {
			"wucaicb_0004_03_": { "x": -193.49, "y": -87, "width": 415, "height": 144 }
		},
		"wucaicb_0004_03_2": {
			"wucaicb_0004_03_": { "x": -193.49, "y": -87, "width": 415, "height": 144 }
		},
		"wucaicb_0004_04_": {
			"wucaicb_0004_04_": { "x": -151.49, "y": -181, "width": 55, "height": 44 }
		},
		"wucaicb_0004_04_2": {
			"wucaicb_0004_04_": { "x": -151.49, "y": -181, "width": 55, "height": 44 }
		},
		"wucaicb_0005_01_": {
			"wucaicb_0005_01_": { "x": -213.49, "y": 41.99, "width": 457, "height": 252 }
		},
		"wucaicb_0005_01_2": {
			"wucaicb_0005_01_": { "x": -213.49, "y": 41.99, "width": 457, "height": 252 }
		},
		"wucaicb_0005_02_": {
			"wucaicb_0005_02_": { "x": -164.49, "y": -123, "width": 315, "height": 78 }
		},
		"wucaicb_0005_02_2": {
			"wucaicb_0005_02_": { "x": -164.49, "y": -123, "width": 315, "height": 78 }
		},
		"wucaicb_0005_03_": {
			"wucaicb_0005_03_": { "x": -138.49, "y": -181, "width": 41, "height": 38 }
		},
		"wucaicb_0005_03_2": {
			"wucaicb_0005_03_": { "x": -138.49, "y": -181, "width": 41, "height": 38 }
		},
		"wucaicb_0006_01_": {
			"wucaicb_0006_01_": { "x": -213.49, "y": 43.99, "width": 457, "height": 218 }
		},
		"wucaicb_0006_01_2": {
			"wucaicb_0006_01_": { "x": -213.49, "y": 43.99, "width": 457, "height": 218 }
		},
		"wucaicb_0006_02_": {
			"wucaicb_0006_02_": { "x": -182.49, "y": -107, "width": 367, "height": 84 }
		},
		"wucaicb_0006_02_2": {
			"wucaicb_0006_02_": { "x": -182.49, "y": -107, "width": 367, "height": 84 }
		},
		"wucaicb_0006_03_": {
			"wucaicb_0006_03_": { "x": -129.49, "y": -170.5, "width": 57, "height": 43 }
		},
		"wucaicb_0006_03_2": {
			"wucaicb_0006_03_": { "x": -129.49, "y": -170.5, "width": 57, "height": 43 }
		},
		"wucaicb_0007_01_": {
			"wucaicb_0007_01_": { "x": -216.49, "y": 35.99, "width": 465, "height": 238 }
		},
		"wucaicb_0007_01_2": {
			"wucaicb_0007_01_": { "x": -216.49, "y": 35.99, "width": 465, "height": 238 }
		},
		"wucaicb_0007_02_": {
			"wucaicb_0007_02_": { "x": -183.99, "y": -132, "width": 350, "height": 98 }
		},
		"wucaicb_0007_02_2": {
			"wucaicb_0007_02_": { "x": -183.99, "y": -132, "width": 350, "height": 98 }
		},
		"wucaicb_0008_01_": {
			"wucaicb_0008_01_": { "x": -371.99, "y": -15.5, "width": 168, "height": 243 }
		},
		"wucaicb_0008_01_2": {
			"wucaicb_0008_01_": { "x": -371.99, "y": -15.5, "width": 168, "height": 243 }
		},
		"wucaicb_0008_02_": {
			"wucaicb_0008_02_": { "x": -135.99, "y": -3.5, "width": 304, "height": 329 }
		},
		"wucaicb_0008_02_2": {
			"wucaicb_0008_02_": { "x": -135.99, "y": -3.5, "width": 304, "height": 329 }
		},
		"wucaicb_0009_01_": {
			"wucaicb_0009_01_": { "x": -390.49, "y": -21, "width": 149, "height": 222 }
		},
		"wucaicb_0009_01_2": {
			"wucaicb_0009_01_": { "x": -390.49, "y": -21, "width": 149, "height": 222 }
		},
		"wucaicb_0009_02_": {
			"wucaicb_0009_02_": { "x": -150.49, "y": 4.49, "width": 331, "height": 325 }
		},
		"wucaicb_0009_02_2": {
			"wucaicb_0009_02_": { "x": -150.49, "y": 4.49, "width": 331, "height": 325 }
		},
		"wucaicb_0010_01_": {
			"wucaicb_0010_01_": { "x": -386.49, "y": -20.5, "width": 145, "height": 221 }
		},
		"wucaicb_0010_01_2": {
			"wucaicb_0010_01_": { "x": -386.49, "y": -20.5, "width": 145, "height": 221 }
		},
		"wucaicb_0010_02_": {
			"wucaicb_0010_02_": { "x": -149.49, "y": 12.99, "width": 329, "height": 328 }
		},
		"wucaicb_0010_02_2": {
			"wucaicb_0010_02_": { "x": -149.49, "y": 12.99, "width": 329, "height": 328 }
		},
		"wucaicb_0011_01_": {
			"wucaicb_0011_01_": { "x": -115.99, "y": 26.49, "width": 262, "height": 337 }
		},
		"wucaicb_0011_01_2": {
			"wucaicb_0011_01_": { "x": -115.99, "y": 26.49, "width": 262, "height": 337 }
		},
		"wucaicb_0011_02_": {
			"wucaicb_0011_02_": { "x": -318.49, "y": 110.49, "width": 143, "height": 139 }
		},
		"wucaicb_0011_02_2": {
			"wucaicb_0011_02_": { "x": -318.49, "y": 110.49, "width": 143, "height": 139 }
		},
		"wucaicb_0011_03_": {
			"wucaicb_0011_03_": { "x": -350.49, "y": -55.5, "width": 207, "height": 193 }
		},
		"wucaicb_0011_03_2": {
			"wucaicb_0011_03_": { "x": -350.49, "y": -55.5, "width": 207, "height": 193 }
		},
		"wucaicb_0012_01_": {
			"wucaicb_0012_01_": { "x": -88.49, "y": 24.49, "width": 205, "height": 341 }
		},
		"wucaicb_0012_01_2": {
			"wucaicb_0012_01_": { "x": -88.49, "y": 24.49, "width": 205, "height": 341 }
		},
		"wucaicb_0012_02_": {
			"wucaicb_0012_02_": { "x": -271.49, "y": 149.49, "width": 161, "height": 139 }
		},
		"wucaicb_0012_02_2": {
			"wucaicb_0012_02_": { "x": -271.49, "y": 149.49, "width": 161, "height": 139 }
		},
		"wucaicb_0012_03_": {
			"wucaicb_0012_03_": { "x": -321.99, "y": -17.5, "width": 262, "height": 195 }
		},
		"wucaicb_0012_03_2": {
			"wucaicb_0012_03_": { "x": -321.99, "y": -17.5, "width": 262, "height": 195 }
		},
		"wucaicb_0013_01_": {
			"wucaicb_0013_01_": { "x": -83.49, "y": 29.49, "width": 193, "height": 347 }
		},
		"wucaicb_0013_01_2": {
			"wucaicb_0013_01_": { "x": -83.49, "y": 29.49, "width": 193, "height": 347 }
		},
		"wucaicb_0013_02_": {
			"wucaicb_0013_02_": { "x": -246.49, "y": 174.99, "width": 133, "height": 120 }
		},
		"wucaicb_0013_02_2": {
			"wucaicb_0013_02_": { "x": -246.49, "y": 174.99, "width": 133, "height": 120 }
		},
		"wucaicb_0013_03_": {
			"wucaicb_0013_03_": { "x": -316.49, "y": 1.99, "width": 273, "height": 226 }
		},
		"wucaicb_0013_03_2": {
			"wucaicb_0013_03_": { "x": -316.49, "y": 1.99, "width": 273, "height": 226 }
		},
		"wucaicb_0014_01_": {
			"wucaicb_0014_01_": { "x": -375.49, "y": 25.49, "width": 139, "height": 219 }
		},
		"wucaicb_0014_01_2": {
			"wucaicb_0014_01_": { "x": -375.49, "y": 25.49, "width": 139, "height": 219 }
		},
		"wucaicb_0014_02_": {
			"wucaicb_0014_02_": { "x": -147.49, "y": 135.99, "width": 317, "height": 208 }
		},
		"wucaicb_0014_02_2": {
			"wucaicb_0014_02_": { "x": -147.49, "y": 135.99, "width": 317, "height": 208 }
		},
		"wucaicb_0014_03_": {
			"wucaicb_0014_03_": { "x": -147.49, "y": -51.49, "width": 317, "height": 167 }
		},
		"wucaicb_0014_03_2": {
			"wucaicb_0014_03_": { "x": -147.49, "y": -51.49, "width": 317, "height": 167 }
		},
		"wucaicb_0015_01_": {
			"wucaicb_0015_01_": { "x": -95.99, "y": 58.49, "width": 212, "height": 367 }
		},
		"wucaicb_0015_01_2": {
			"wucaicb_0015_01_": { "x": -95.99, "y": 58.49, "width": 212, "height": 367 }
		},
		"wucaicb_0015_02_": {
			"wucaicb_0015_02_": { "x": -275.49, "y": 178.99, "width": 147, "height": 104 }
		},
		"wucaicb_0015_02_2": {
			"wucaicb_0015_02_": { "x": -275.49, "y": 178.99, "width": 147, "height": 104 }
		},
		"wucaicb_0015_03_": {
			"wucaicb_0015_03_": { "x": -317.99, "y": 25.49, "width": 232, "height": 203 }
		},
		"wucaicb_0015_03_2": {
			"wucaicb_0015_03_": { "x": -317.99, "y": 25.49, "width": 232, "height": 203 }
		},
		"wucaicb_0016_01_": {
			"wucaicb_0016_01_": { "x": -346.49, "y": 65.49, "width": 157, "height": 243 }
		},
		"wucaicb_0016_01_2": {
			"wucaicb_0016_01_": { "x": -346.49, "y": 65.49, "width": 157, "height": 243 }
		},
		"wucaicb_0016_02_": {
			"wucaicb_0016_02_": { "x": -128.99, "y": 85.49, "width": 278, "height": 313 }
		},
		"wucaicb_0016_02_2": {
			"wucaicb_0016_02_": { "x": -128.99, "y": 85.49, "width": 278, "height": 313 }
		},
		"wucaicb_0016_03_": {
			"wucaicb_0016_03_": { "x": -112.99, "y": -95, "width": 148, "height": 48 }
		},
		"wucaicb_0016_03_2": {
			"wucaicb_0016_03_": { "x": -112.99, "y": -95, "width": 148, "height": 48 }
		},
		"wucaicb_0017_01_": {
			"wucaicb_0017_01_": { "x": -349.99, "y": 80.49, "width": 136, "height": 239 }
		},
		"wucaicb_0017_01_2": {
			"wucaicb_0017_01_": { "x": -349.99, "y": 80.49, "width": 136, "height": 239 }
		},
		"wucaicb_0017_02_": {
			"wucaicb_0017_02_": { "x": -135.99, "y": 82.49, "width": 292, "height": 305 }
		},
		"wucaicb_0017_02_2": {
			"wucaicb_0017_02_": { "x": -135.99, "y": 82.49, "width": 292, "height": 305 }
		},
		"wucaicb_0017_03_": {
			"wucaicb_0017_03_": { "x": -119.49, "y": -96, "width": 155, "height": 52 }
		},
		"wucaicb_0017_03_2": {
			"wucaicb_0017_03_": { "x": -119.49, "y": -96, "width": 155, "height": 52 }
		},
		"wucaicb_0018_01_": {
			"wucaicb_0018_01_": { "x": -370.99, "y": 90.99, "width": 92, "height": 196 }
		},
		"wucaicb_0018_01_2": {
			"wucaicb_0018_01_": { "x": -370.99, "y": 90.99, "width": 92, "height": 196 }
		},
		"wucaicb_0018_02_": {
			"wucaicb_0018_02_": { "x": -157.49, "y": 81.49, "width": 335, "height": 293 }
		},
		"wucaicb_0018_02_2": {
			"wucaicb_0018_02_": { "x": -157.49, "y": 81.49, "width": 335, "height": 293 }
		},
		"wucaicb_0018_03_": {
			"wucaicb_0018_03_": { "x": -123.99, "y": -98.5, "width": 170, "height": 67 }
		},
		"wucaicb_0018_03_2": {
			"wucaicb_0018_03_": { "x": -123.99, "y": -98.5, "width": 170, "height": 67 }
		},
		"wucaicb_0019_01_": {
			"wucaicb_0019_01_": { "x": -368.49, "y": -41.49, "width": 19, "height": 19 }
		},
		"wucaicb_0019_01_2": {
			"wucaicb_0019_01_": { "x": -368.49, "y": -41.49, "width": 19, "height": 19 }
		},
		"wucaicb_0019_02_": {
			"wucaicb_0019_02_": { "x": -361.49, "y": 95.99, "width": 123, "height": 230 }
		},
		"wucaicb_0019_02_2": {
			"wucaicb_0019_02_": { "x": -361.49, "y": 95.99, "width": 123, "height": 230 }
		},
		"wucaicb_0019_03_": {
			"wucaicb_0019_03_": { "x": -144.99, "y": 87.99, "width": 310, "height": 288 }
		},
		"wucaicb_0019_03_2": {
			"wucaicb_0019_03_": { "x": -144.99, "y": 87.99, "width": 310, "height": 288 }
		},
		"wucaicb_0019_04_": {
			"wucaicb_0019_04_": { "x": -120.99, "y": -94.5, "width": 202, "height": 77 }
		},
		"wucaicb_0019_04_2": {
			"wucaicb_0019_04_": { "x": -120.99, "y": -94.5, "width": 202, "height": 77 }
		},
		"wucaicb_0020_01_": {
			"wucaicb_0020_01_": { "x": -337.49, "y": 77.49, "width": 177, "height": 295 }
		},
		"wucaicb_0020_01_2": {
			"wucaicb_0020_01_": { "x": -337.49, "y": 77.49, "width": 177, "height": 295 }
		},
		"wucaicb_0020_02_": {
			"wucaicb_0020_02_": { "x": -118.99, "y": 76.99, "width": 260, "height": 304 }
		},
		"wucaicb_0020_02_2": {
			"wucaicb_0020_02_": { "x": -118.99, "y": 76.99, "width": 260, "height": 304 }
		},
		"wucaicb_0020_03_": {
			"wucaicb_0020_03_": { "x": -131.49, "y": -103.5, "width": 191, "height": 57 }
		},
		"wucaicb_0020_03_2": {
			"wucaicb_0020_03_": { "x": -131.49, "y": -103.5, "width": 191, "height": 57 }
		},
		"wucaicb_0021_01_": {
			"wucaicb_0021_01_": { "x": -329.49, "y": 91.49, "width": 205, "height": 293 }
		},
		"wucaicb_0021_01_2": {
			"wucaicb_0021_01_": { "x": -329.49, "y": 91.49, "width": 205, "height": 293 }
		},
		"wucaicb_0021_02_": {
			"wucaicb_0021_02_": { "x": -108.99, "y": 73.99, "width": 236, "height": 298 }
		},
		"wucaicb_0021_02_2": {
			"wucaicb_0021_02_": { "x": -108.99, "y": 73.99, "width": 236, "height": 298 }
		},
		"wucaicb_0021_03_": {
			"wucaicb_0021_03_": { "x": -130.49, "y": -108, "width": 207, "height": 66 }
		},
		"wucaicb_0021_03_2": {
			"wucaicb_0021_03_": { "x": -130.49, "y": -108, "width": 207, "height": 66 }
		},
		"wucaicb_0022_01_": {
			"wucaicb_0022_01_": { "x": -333.49, "y": 95.49, "width": 207, "height": 311 }
		},
		"wucaicb_0022_01_2": {
			"wucaicb_0022_01_": { "x": -333.49, "y": 95.49, "width": 207, "height": 311 }
		},
		"wucaicb_0022_02_": {
			"wucaicb_0022_02_": { "x": -109.49, "y": 68.49, "width": 241, "height": 311 }
		},
		"wucaicb_0022_02_2": {
			"wucaicb_0022_02_": { "x": -109.49, "y": 68.49, "width": 241, "height": 311 }
		},
		"wucaicb_0022_03_": {
			"wucaicb_0022_03_": { "x": -136.99, "y": -119.5, "width": 200, "height": 65 }
		},
		"wucaicb_0022_03_2": {
			"wucaicb_0022_03_": { "x": -136.99, "y": -119.5, "width": 200, "height": 65 }
		},
		"wucaicb_0023_01_": {
			"wucaicb_0023_01_": { "x": -309.49, "y": -77.5, "width": 37, "height": 37 }
		},
		"wucaicb_0023_01_2": {
			"wucaicb_0023_01_": { "x": -309.49, "y": -77.5, "width": 37, "height": 37 }
		},
		"wucaicb_0023_02_": {
			"wucaicb_0023_02_": { "x": -348.49, "y": 98.49, "width": 185, "height": 319 }
		},
		"wucaicb_0023_02_2": {
			"wucaicb_0023_02_": { "x": -348.49, "y": 98.49, "width": 185, "height": 319 }
		},
		"wucaicb_0023_03_": {
			"wucaicb_0023_03_": { "x": -123.49, "y": 74.99, "width": 265, "height": 320 }
		},
		"wucaicb_0023_03_2": {
			"wucaicb_0023_03_": { "x": -123.49, "y": 74.99, "width": 265, "height": 320 }
		},
		"wucaicb_0023_04_": {
			"wucaicb_0023_04_": { "x": -130.99, "y": -129, "width": 212, "height": 88 }
		},
		"wucaicb_0023_04_2": {
			"wucaicb_0023_04_": { "x": -130.99, "y": -129, "width": 212, "height": 88 }
		}
	}
},
"animations": {
	"animation": {
		"slots": {
			"wucaicb_0000_01_": {
				"attachment": [
					{ "time": 0, "name": "wucaicb_0000_01_" },
					{ "time": 0.0333, "name": "wucaicb_0000_01_" },
					{ "time": 0.0666, "name": null }
				]
			},
			"wucaicb_0000_01_2": {
				"attachment": [
					{ "time": 0, "name": "wucaicb_0000_01_" },
					{ "time": 0.0333, "name": "wucaicb_0000_01_" },
					{ "time": 0.0666, "name": null }
				]
			},
			"wucaicb_0000_02_": {
				"attachment": [
					{ "time": 0, "name": "wucaicb_0000_02_" },
					{ "time": 0.0333, "name": "wucaicb_0000_02_" },
					{ "time": 0.0666, "name": null }
				]
			},
			"wucaicb_0000_02_2": {
				"attachment": [
					{ "time": 0, "name": "wucaicb_0000_02_" },
					{ "time": 0.0333, "name": "wucaicb_0000_02_" },
					{ "time": 0.0666, "name": null }
				]
			},
			"wucaicb_0000_03_": {
				"attachment": [
					{ "time": 0, "name": "wucaicb_0000_03_" },
					{ "time": 0.0333, "name": "wucaicb_0000_03_" },
					{ "time": 0.0666, "name": null }
				]
			},
			"wucaicb_0000_03_2": {
				"attachment": [
					{ "time": 0, "name": "wucaicb_0000_03_" },
					{ "time": 0.0333, "name": "wucaicb_0000_03_" },
					{ "time": 0.0666, "name": null }
				]
			},
			"wucaicb_0001_01_": {
				"attachment": [
					{ "time": 0, "name": null },
					{ "time": 0.0333, "name": null },
					{ "time": 0.0666, "name": "wucaicb_0001_01_" },
					{ "time": 0.1, "name": "wucaicb_0001_01_" },
					{ "time": 0.1333, "name": null }
				]
			},
			"wucaicb_0001_01_2": {
				"attachment": [
					{ "time": 0, "name": null },
					{ "time": 0.0333, "name": null },
					{ "time": 0.0666, "name": "wucaicb_0001_01_" },
					{ "time": 0.1, "name": "wucaicb_0001_01_" },
					{ "time": 0.1333, "name": null }
				]
			},
			"wucaicb_0001_02_": {
				"attachment": [
					{ "time": 0, "name": null },
					{ "time": 0.0333, "name": null },
					{ "time": 0.0666, "name": "wucaicb_0001_02_" },
					{ "time": 0.1, "name": "wucaicb_0001_02_" },
					{ "time": 0.1333, "name": null }
				]
			},
			"wucaicb_0001_02_2": {
				"attachment": [
					{ "time": 0, "name": null },
					{ "time": 0.0333, "name": null },
					{ "time": 0.0666, "name": "wucaicb_0001_02_" },
					{ "time": 0.1, "name": "wucaicb_0001_02_" },
					{ "time": 0.1333, "name": null }
				]
			},
			"wucaicb_0001_03_": {
				"attachment": [
					{ "time": 0, "name": null },
					{ "time": 0.0333, "name": null },
					{ "time": 0.0666, "name": "wucaicb_0001_03_" },
					{ "time": 0.1, "name": "wucaicb_0001_03_" },
					{ "time": 0.1333, "name": null }
				]
			},
			"wucaicb_0001_03_2": {
				"attachment": [
					{ "time": 0, "name": null },
					{ "time": 0.0333, "name": null },
					{ "time": 0.0666, "name": "wucaicb_0001_03_" },
					{ "time": 0.1, "name": "wucaicb_0001_03_" },
					{ "time": 0.1333, "name": null }
				]
			},
			"wucaicb_0002_01_": {
				"attachment": [
					{ "time": 0, "name": null },
					{ "time": 0.1, "name": null },
					{ "time": 0.1333, "name": "wucaicb_0002_01_" },
					{ "time": 0.1666, "name": "wucaicb_0002_01_" },
					{ "time": 0.2, "name": null }
				]
			},
			"wucaicb_0002_01_2": {
				"attachment": [
					{ "time": 0, "name": null },
					{ "time": 0.1, "name": null },
					{ "time": 0.1333, "name": "wucaicb_0002_01_" },
					{ "time": 0.1666, "name": "wucaicb_0002_01_" },
					{ "time": 0.2, "name": null }
				]
			},
			"wucaicb_0002_02_": {
				"attachment": [
					{ "time": 0, "name": null },
					{ "time": 0.1, "name": null },
					{ "time": 0.1333, "name": "wucaicb_0002_02_" },
					{ "time": 0.1666, "name": "wucaicb_0002_02_" },
					{ "time": 0.2, "name": null }
				]
			},
			"wucaicb_0002_02_2": {
				"attachment": [
					{ "time": 0, "name": null },
					{ "time": 0.1, "name": null },
					{ "time": 0.1333, "name": "wucaicb_0002_02_" },
					{ "time": 0.1666, "name": "wucaicb_0002_02_" },
					{ "time": 0.2, "name": null }
				]
			},
			"wucaicb_0002_03_": {
				"attachment": [
					{ "time": 0, "name": null },
					{ "time": 0.1, "name": null },
					{ "time": 0.1333, "name": "wucaicb_0002_03_" },
					{ "time": 0.1666, "name": "wucaicb_0002_03_" },
					{ "time": 0.2, "name": null }
				]
			},
			"wucaicb_0002_03_2": {
				"attachment": [
					{ "time": 0, "name": null },
					{ "time": 0.1, "name": null },
					{ "time": 0.1333, "name": "wucaicb_0002_03_" },
					{ "time": 0.1666, "name": "wucaicb_0002_03_" },
					{ "time": 0.2, "name": null }
				]
			},
			"wucaicb_0003_01_": {
				"attachment": [
					{ "time": 0, "name": null },
					{ "time": 0.1666, "name": null },
					{ "time": 0.2, "name": "wucaicb_0003_01_" },
					{ "time": 0.2333, "name": "wucaicb_0003_01_" },
					{ "time": 0.2666, "name": null }
				]
			},
			"wucaicb_0003_01_2": {
				"attachment": [
					{ "time": 0, "name": null },
					{ "time": 0.1666, "name": null },
					{ "time": 0.2, "name": "wucaicb_0003_01_" },
					{ "time": 0.2333, "name": "wucaicb_0003_01_" },
					{ "time": 0.2666, "name": null }
				]
			},
			"wucaicb_0003_02_": {
				"attachment": [
					{ "time": 0, "name": null },
					{ "time": 0.1666, "name": null },
					{ "time": 0.2, "name": "wucaicb_0003_02_" },
					{ "time": 0.2333, "name": "wucaicb_0003_02_" },
					{ "time": 0.2666, "name": null }
				]
			},
			"wucaicb_0003_02_2": {
				"attachment": [
					{ "time": 0, "name": null },
					{ "time": 0.1666, "name": null },
					{ "time": 0.2, "name": "wucaicb_0003_02_" },
					{ "time": 0.2333, "name": "wucaicb_0003_02_" },
					{ "time": 0.2666, "name": null }
				]
			},
			"wucaicb_0003_03_2": {
				"attachment": [
					{ "time": 0, "name": null },
					{ "time": 0.1666, "name": null },
					{ "time": 0.2, "name": "wucaicb_0003_03_" },
					{ "time": 0.2333, "name": "wucaicb_0003_03_" },
					{ "time": 0.2666, "name": null }
				]
			},
			"wucaicb_0004_01_": {
				"attachment": [
					{ "time": 0, "name": null },
					{ "time": 0.2333, "name": null },
					{ "time": 0.2666, "name": "wucaicb_0004_01_" },
					{ "time": 0.3, "name": "wucaicb_0004_01_" },
					{ "time": 0.3333, "name": null }
				]
			},
			"wucaicb_0004_01_2": {
				"attachment": [
					{ "time": 0, "name": null },
					{ "time": 0.2333, "name": null },
					{ "time": 0.2666, "name": "wucaicb_0004_01_" },
					{ "time": 0.3, "name": "wucaicb_0004_01_" },
					{ "time": 0.3333, "name": null }
				]
			},
			"wucaicb_0004_02_": {
				"attachment": [
					{ "time": 0, "name": null },
					{ "time": 0.2333, "name": null },
					{ "time": 0.2666, "name": "wucaicb_0004_02_" },
					{ "time": 0.3, "name": "wucaicb_0004_02_" },
					{ "time": 0.3333, "name": null }
				]
			},
			"wucaicb_0004_02_2": {
				"attachment": [
					{ "time": 0, "name": null },
					{ "time": 0.2333, "name": null },
					{ "time": 0.2666, "name": "wucaicb_0004_02_" },
					{ "time": 0.3, "name": "wucaicb_0004_02_" },
					{ "time": 0.3333, "name": null }
				]
			},
			"wucaicb_0004_03_": {
				"attachment": [
					{ "time": 0, "name": null },
					{ "time": 0.2333, "name": null },
					{ "time": 0.2666, "name": "wucaicb_0004_03_" },
					{ "time": 0.3, "name": "wucaicb_0004_03_" },
					{ "time": 0.3333, "name": null }
				]
			},
			"wucaicb_0004_03_2": {
				"attachment": [
					{ "time": 0, "name": null },
					{ "time": 0.2333, "name": null },
					{ "time": 0.2666, "name": "wucaicb_0004_03_" },
					{ "time": 0.3, "name": "wucaicb_0004_03_" },
					{ "time": 0.3333, "name": null }
				]
			},
			"wucaicb_0004_04_": {
				"attachment": [
					{ "time": 0, "name": null },
					{ "time": 0.2333, "name": null },
					{ "time": 0.2666, "name": "wucaicb_0004_04_" },
					{ "time": 0.3, "name": "wucaicb_0004_04_" },
					{ "time": 0.3333, "name": null }
				]
			},
			"wucaicb_0004_04_2": {
				"attachment": [
					{ "time": 0, "name": null },
					{ "time": 0.2333, "name": null },
					{ "time": 0.2666, "name": "wucaicb_0004_04_" },
					{ "time": 0.3, "name": "wucaicb_0004_04_" },
					{ "time": 0.3333, "name": null }
				]
			},
			"wucaicb_0005_01_": {
				"attachment": [
					{ "time": 0, "name": null },
					{ "time": 0.3, "name": null },
					{ "time": 0.3333, "name": "wucaicb_0005_01_" },
					{ "time": 0.3666, "name": "wucaicb_0005_01_" },
					{ "time": 0.4, "name": null }
				]
			},
			"wucaicb_0005_01_2": {
				"attachment": [
					{ "time": 0, "name": null },
					{ "time": 0.3, "name": null },
					{ "time": 0.3333, "name": "wucaicb_0005_01_" },
					{ "time": 0.3666, "name": "wucaicb_0005_01_" },
					{ "time": 0.4, "name": null }
				]
			},
			"wucaicb_0005_02_": {
				"attachment": [
					{ "time": 0, "name": null },
					{ "time": 0.3, "name": null },
					{ "time": 0.3333, "name": "wucaicb_0005_02_" },
					{ "time": 0.3666, "name": "wucaicb_0005_02_" },
					{ "time": 0.4, "name": null }
				]
			},
			"wucaicb_0005_02_2": {
				"attachment": [
					{ "time": 0, "name": null },
					{ "time": 0.3, "name": null },
					{ "time": 0.3333, "name": "wucaicb_0005_02_" },
					{ "time": 0.3666, "name": "wucaicb_0005_02_" },
					{ "time": 0.4, "name": null }
				]
			},
			"wucaicb_0005_03_": {
				"attachment": [
					{ "time": 0, "name": null },
					{ "time": 0.3, "name": null },
					{ "time": 0.3333, "name": "wucaicb_0005_03_" },
					{ "time": 0.3666, "name": "wucaicb_0005_03_" },
					{ "time": 0.4, "name": null }
				]
			},
			"wucaicb_0005_03_2": {
				"attachment": [
					{ "time": 0, "name": null },
					{ "time": 0.3, "name": null },
					{ "time": 0.3333, "name": "wucaicb_0005_03_" },
					{ "time": 0.3666, "name": "wucaicb_0005_03_" },
					{ "time": 0.4, "name": null }
				]
			},
			"wucaicb_0006_01_": {
				"attachment": [
					{ "time": 0, "name": null },
					{ "time": 0.3666, "name": null },
					{ "time": 0.4, "name": "wucaicb_0006_01_" },
					{ "time": 0.4333, "name": "wucaicb_0006_01_" },
					{ "time": 0.4666, "name": null }
				]
			},
			"wucaicb_0006_01_2": {
				"attachment": [
					{ "time": 0, "name": null },
					{ "time": 0.3666, "name": null },
					{ "time": 0.4, "name": "wucaicb_0006_01_" },
					{ "time": 0.4333, "name": "wucaicb_0006_01_" },
					{ "time": 0.4666, "name": null }
				]
			},
			"wucaicb_0006_02_": {
				"attachment": [
					{ "time": 0, "name": null },
					{ "time": 0.3666, "name": null },
					{ "time": 0.4, "name": "wucaicb_0006_02_" },
					{ "time": 0.4333, "name": "wucaicb_0006_02_" },
					{ "time": 0.4666, "name": null }
				]
			},
			"wucaicb_0006_02_2": {
				"attachment": [
					{ "time": 0, "name": null },
					{ "time": 0.3666, "name": null },
					{ "time": 0.4, "name": "wucaicb_0006_02_" },
					{ "time": 0.4333, "name": "wucaicb_0006_02_" },
					{ "time": 0.4666, "name": null }
				]
			},
			"wucaicb_0006_03_": {
				"attachment": [
					{ "time": 0, "name": null },
					{ "time": 0.3666, "name": null },
					{ "time": 0.4, "name": "wucaicb_0006_03_" },
					{ "time": 0.4333, "name": "wucaicb_0006_03_" },
					{ "time": 0.4666, "name": null }
				]
			},
			"wucaicb_0006_03_2": {
				"attachment": [
					{ "time": 0, "name": null },
					{ "time": 0.3666, "name": null },
					{ "time": 0.4, "name": "wucaicb_0006_03_" },
					{ "time": 0.4333, "name": "wucaicb_0006_03_" },
					{ "time": 0.4666, "name": null }
				]
			},
			"wucaicb_0007_01_": {
				"attachment": [
					{ "time": 0, "name": null },
					{ "time": 0.4333, "name": null },
					{ "time": 0.4666, "name": "wucaicb_0007_01_" },
					{ "time": 0.5, "name": "wucaicb_0007_01_" },
					{ "time": 0.5333, "name": null }
				]
			},
			"wucaicb_0007_01_2": {
				"attachment": [
					{ "time": 0, "name": null },
					{ "time": 0.4333, "name": null },
					{ "time": 0.4666, "name": "wucaicb_0007_01_" },
					{ "time": 0.5, "name": "wucaicb_0007_01_" },
					{ "time": 0.5333, "name": null }
				]
			},
			"wucaicb_0007_02_": {
				"attachment": [
					{ "time": 0, "name": null },
					{ "time": 0.4333, "name": null },
					{ "time": 0.4666, "name": "wucaicb_0007_02_" },
					{ "time": 0.5, "name": "wucaicb_0007_02_" },
					{ "time": 0.5333, "name": null }
				]
			},
			"wucaicb_0007_02_2": {
				"attachment": [
					{ "time": 0, "name": null },
					{ "time": 0.4333, "name": null },
					{ "time": 0.4666, "name": "wucaicb_0007_02_" },
					{ "time": 0.5, "name": "wucaicb_0007_02_" },
					{ "time": 0.5333, "name": null }
				]
			},
			"wucaicb_0008_01_": {
				"attachment": [
					{ "time": 0, "name": null },
					{ "time": 0.5, "name": null },
					{ "time": 0.5333, "name": "wucaicb_0008_01_" },
					{ "time": 0.5666, "name": "wucaicb_0008_01_" },
					{ "time": 0.6, "name": null }
				]
			},
			"wucaicb_0008_01_2": {
				"attachment": [
					{ "time": 0, "name": null },
					{ "time": 0.5, "name": null },
					{ "time": 0.5333, "name": "wucaicb_0008_01_" },
					{ "time": 0.5666, "name": "wucaicb_0008_01_" },
					{ "time": 0.6, "name": null }
				]
			},
			"wucaicb_0008_02_": {
				"attachment": [
					{ "time": 0, "name": null },
					{ "time": 0.5, "name": null },
					{ "time": 0.5333, "name": "wucaicb_0008_02_" },
					{ "time": 0.5666, "name": "wucaicb_0008_02_" },
					{ "time": 0.6, "name": null }
				]
			},
			"wucaicb_0008_02_2": {
				"attachment": [
					{ "time": 0, "name": null },
					{ "time": 0.5, "name": null },
					{ "time": 0.5333, "name": "wucaicb_0008_02_" },
					{ "time": 0.5666, "name": "wucaicb_0008_02_" },
					{ "time": 0.6, "name": null }
				]
			},
			"wucaicb_0009_01_": {
				"attachment": [
					{ "time": 0, "name": null },
					{ "time": 0.5666, "name": null },
					{ "time": 0.6, "name": "wucaicb_0009_01_" },
					{ "time": 0.6333, "name": "wucaicb_0009_01_" },
					{ "time": 0.6666, "name": null }
				]
			},
			"wucaicb_0009_01_2": {
				"attachment": [
					{ "time": 0, "name": null },
					{ "time": 0.5666, "name": null },
					{ "time": 0.6, "name": "wucaicb_0009_01_" },
					{ "time": 0.6333, "name": "wucaicb_0009_01_" },
					{ "time": 0.6666, "name": null }
				]
			},
			"wucaicb_0009_02_": {
				"attachment": [
					{ "time": 0, "name": null },
					{ "time": 0.5666, "name": null },
					{ "time": 0.6, "name": "wucaicb_0009_02_" },
					{ "time": 0.6333, "name": "wucaicb_0009_02_" },
					{ "time": 0.6666, "name": null }
				]
			},
			"wucaicb_0009_02_2": {
				"attachment": [
					{ "time": 0, "name": null },
					{ "time": 0.5666, "name": null },
					{ "time": 0.6, "name": "wucaicb_0009_02_" },
					{ "time": 0.6333, "name": "wucaicb_0009_02_" },
					{ "time": 0.6666, "name": null }
				]
			},
			"wucaicb_0010_01_": {
				"attachment": [
					{ "time": 0, "name": null },
					{ "time": 0.6333, "name": null },
					{ "time": 0.6666, "name": "wucaicb_0010_01_" },
					{ "time": 0.7, "name": "wucaicb_0010_01_" },
					{ "time": 0.7333, "name": null }
				]
			},
			"wucaicb_0010_01_2": {
				"attachment": [
					{ "time": 0, "name": null },
					{ "time": 0.6333, "name": null },
					{ "time": 0.6666, "name": "wucaicb_0010_01_" },
					{ "time": 0.7, "name": "wucaicb_0010_01_" },
					{ "time": 0.7333, "name": null }
				]
			},
			"wucaicb_0010_02_": {
				"attachment": [
					{ "time": 0, "name": null },
					{ "time": 0.6333, "name": null },
					{ "time": 0.6666, "name": "wucaicb_0010_02_" },
					{ "time": 0.7, "name": "wucaicb_0010_02_" },
					{ "time": 0.7333, "name": null }
				]
			},
			"wucaicb_0010_02_2": {
				"attachment": [
					{ "time": 0, "name": null },
					{ "time": 0.6333, "name": null },
					{ "time": 0.6666, "name": "wucaicb_0010_02_" },
					{ "time": 0.7, "name": "wucaicb_0010_02_" },
					{ "time": 0.7333, "name": null }
				]
			},
			"wucaicb_0011_01_": {
				"attachment": [
					{ "time": 0, "name": null },
					{ "time": 0.7, "name": null },
					{ "time": 0.7333, "name": "wucaicb_0011_01_" },
					{ "time": 0.7666, "name": "wucaicb_0011_01_" },
					{ "time": 0.8, "name": null }
				]
			},
			"wucaicb_0011_01_2": {
				"attachment": [
					{ "time": 0, "name": null },
					{ "time": 0.7, "name": null },
					{ "time": 0.7333, "name": "wucaicb_0011_01_" },
					{ "time": 0.7666, "name": "wucaicb_0011_01_" },
					{ "time": 0.8, "name": null }
				]
			},
			"wucaicb_0011_02_": {
				"attachment": [
					{ "time": 0, "name": null },
					{ "time": 0.7, "name": null },
					{ "time": 0.7333, "name": "wucaicb_0011_02_" },
					{ "time": 0.7666, "name": "wucaicb_0011_02_" },
					{ "time": 0.8, "name": null }
				]
			},
			"wucaicb_0011_02_2": {
				"attachment": [
					{ "time": 0, "name": null },
					{ "time": 0.7, "name": null },
					{ "time": 0.7333, "name": "wucaicb_0011_02_" },
					{ "time": 0.7666, "name": "wucaicb_0011_02_" },
					{ "time": 0.8, "name": null }
				]
			},
			"wucaicb_0011_03_": {
				"attachment": [
					{ "time": 0, "name": null },
					{ "time": 0.7, "name": null },
					{ "time": 0.7333, "name": "wucaicb_0011_03_" },
					{ "time": 0.7666, "name": "wucaicb_0011_03_" },
					{ "time": 0.8, "name": null }
				]
			},
			"wucaicb_0011_03_2": {
				"attachment": [
					{ "time": 0, "name": null },
					{ "time": 0.7, "name": null },
					{ "time": 0.7333, "name": "wucaicb_0011_03_" },
					{ "time": 0.7666, "name": "wucaicb_0011_03_" },
					{ "time": 0.8, "name": null }
				]
			},
			"wucaicb_0012_01_": {
				"attachment": [
					{ "time": 0, "name": null },
					{ "time": 0.7666, "name": null },
					{ "time": 0.8, "name": "wucaicb_0012_01_" },
					{ "time": 0.8333, "name": "wucaicb_0012_01_" },
					{ "time": 0.8666, "name": null }
				]
			},
			"wucaicb_0012_01_2": {
				"attachment": [
					{ "time": 0, "name": null },
					{ "time": 0.7666, "name": null },
					{ "time": 0.8, "name": "wucaicb_0012_01_" },
					{ "time": 0.8333, "name": "wucaicb_0012_01_" },
					{ "time": 0.8666, "name": null }
				]
			},
			"wucaicb_0012_02_": {
				"attachment": [
					{ "time": 0, "name": null },
					{ "time": 0.7666, "name": null },
					{ "time": 0.8, "name": "wucaicb_0012_02_" },
					{ "time": 0.8333, "name": "wucaicb_0012_02_" },
					{ "time": 0.8666, "name": null }
				]
			},
			"wucaicb_0012_02_2": {
				"attachment": [
					{ "time": 0, "name": null },
					{ "time": 0.7666, "name": null },
					{ "time": 0.8, "name": "wucaicb_0012_02_" },
					{ "time": 0.8333, "name": "wucaicb_0012_02_" },
					{ "time": 0.8666, "name": null }
				]
			},
			"wucaicb_0012_03_": {
				"attachment": [
					{ "time": 0, "name": null },
					{ "time": 0.7666, "name": null },
					{ "time": 0.8, "name": "wucaicb_0012_03_" },
					{ "time": 0.8333, "name": "wucaicb_0012_03_" },
					{ "time": 0.8666, "name": null }
				]
			},
			"wucaicb_0012_03_2": {
				"attachment": [
					{ "time": 0, "name": null },
					{ "time": 0.7666, "name": null },
					{ "time": 0.8, "name": "wucaicb_0012_03_" },
					{ "time": 0.8333, "name": "wucaicb_0012_03_" },
					{ "time": 0.8666, "name": null }
				]
			},
			"wucaicb_0013_01_": {
				"attachment": [
					{ "time": 0, "name": null },
					{ "time": 0.8333, "name": null },
					{ "time": 0.8666, "name": "wucaicb_0013_01_" },
					{ "time": 0.9, "name": "wucaicb_0013_01_" },
					{ "time": 0.9333, "name": null }
				]
			},
			"wucaicb_0013_01_2": {
				"attachment": [
					{ "time": 0, "name": null },
					{ "time": 0.8333, "name": null },
					{ "time": 0.8666, "name": "wucaicb_0013_01_" },
					{ "time": 0.9, "name": "wucaicb_0013_01_" },
					{ "time": 0.9333, "name": null }
				]
			},
			"wucaicb_0013_02_": {
				"attachment": [
					{ "time": 0, "name": null },
					{ "time": 0.8333, "name": null },
					{ "time": 0.8666, "name": "wucaicb_0013_02_" },
					{ "time": 0.9, "name": "wucaicb_0013_02_" },
					{ "time": 0.9333, "name": null }
				]
			},
			"wucaicb_0013_02_2": {
				"attachment": [
					{ "time": 0, "name": null },
					{ "time": 0.8333, "name": null },
					{ "time": 0.8666, "name": "wucaicb_0013_02_" },
					{ "time": 0.9, "name": "wucaicb_0013_02_" },
					{ "time": 0.9333, "name": null }
				]
			},
			"wucaicb_0013_03_": {
				"attachment": [
					{ "time": 0, "name": null },
					{ "time": 0.8333, "name": null },
					{ "time": 0.8666, "name": "wucaicb_0013_03_" },
					{ "time": 0.9, "name": "wucaicb_0013_03_" },
					{ "time": 0.9333, "name": null }
				]
			},
			"wucaicb_0013_03_2": {
				"attachment": [
					{ "time": 0, "name": null },
					{ "time": 0.8333, "name": null },
					{ "time": 0.8666, "name": "wucaicb_0013_03_" },
					{ "time": 0.9, "name": "wucaicb_0013_03_" },
					{ "time": 0.9333, "name": null }
				]
			},
			"wucaicb_0014_01_": {
				"attachment": [
					{ "time": 0, "name": null },
					{ "time": 0.9, "name": null },
					{ "time": 0.9333, "name": "wucaicb_0014_01_" },
					{ "time": 0.9666, "name": "wucaicb_0014_01_" },
					{ "time": 1, "name": null }
				]
			},
			"wucaicb_0014_01_2": {
				"attachment": [
					{ "time": 0, "name": null },
					{ "time": 0.9, "name": null },
					{ "time": 0.9333, "name": "wucaicb_0014_01_" },
					{ "time": 0.9666, "name": "wucaicb_0014_01_" },
					{ "time": 1, "name": null }
				]
			},
			"wucaicb_0014_02_": {
				"attachment": [
					{ "time": 0, "name": null },
					{ "time": 0.9, "name": null },
					{ "time": 0.9333, "name": "wucaicb_0014_02_" },
					{ "time": 0.9666, "name": "wucaicb_0014_02_" },
					{ "time": 1, "name": null }
				]
			},
			"wucaicb_0014_02_2": {
				"attachment": [
					{ "time": 0, "name": null },
					{ "time": 0.9, "name": null },
					{ "time": 0.9333, "name": "wucaicb_0014_02_" },
					{ "time": 0.9666, "name": "wucaicb_0014_02_" },
					{ "time": 1, "name": null }
				]
			},
			"wucaicb_0014_03_": {
				"attachment": [
					{ "time": 0, "name": null },
					{ "time": 0.9, "name": null },
					{ "time": 0.9333, "name": "wucaicb_0014_03_" },
					{ "time": 0.9666, "name": "wucaicb_0014_03_" },
					{ "time": 1, "name": null }
				]
			},
			"wucaicb_0014_03_2": {
				"attachment": [
					{ "time": 0, "name": null },
					{ "time": 0.9, "name": null },
					{ "time": 0.9333, "name": "wucaicb_0014_03_" },
					{ "time": 0.9666, "name": "wucaicb_0014_03_" },
					{ "time": 1, "name": null }
				]
			},
			"wucaicb_0015_01_": {
				"attachment": [
					{ "time": 0, "name": null },
					{ "time": 0.9666, "name": null },
					{ "time": 1, "name": "wucaicb_0015_01_" },
					{ "time": 1.0333, "name": "wucaicb_0015_01_" },
					{ "time": 1.0666, "name": null }
				]
			},
			"wucaicb_0015_01_2": {
				"attachment": [
					{ "time": 0, "name": null },
					{ "time": 0.9666, "name": null },
					{ "time": 1, "name": "wucaicb_0015_01_" },
					{ "time": 1.0333, "name": "wucaicb_0015_01_" },
					{ "time": 1.0666, "name": null }
				]
			},
			"wucaicb_0015_02_": {
				"attachment": [
					{ "time": 0, "name": null },
					{ "time": 0.9666, "name": null },
					{ "time": 1, "name": "wucaicb_0015_02_" },
					{ "time": 1.0333, "name": "wucaicb_0015_02_" },
					{ "time": 1.0666, "name": null }
				]
			},
			"wucaicb_0015_02_2": {
				"attachment": [
					{ "time": 0, "name": null },
					{ "time": 0.9666, "name": null },
					{ "time": 1, "name": "wucaicb_0015_02_" },
					{ "time": 1.0333, "name": "wucaicb_0015_02_" },
					{ "time": 1.0666, "name": null }
				]
			},
			"wucaicb_0015_03_": {
				"attachment": [
					{ "time": 0, "name": null },
					{ "time": 0.9666, "name": null },
					{ "time": 1, "name": "wucaicb_0015_03_" },
					{ "time": 1.0333, "name": "wucaicb_0015_03_" },
					{ "time": 1.0666, "name": null }
				]
			},
			"wucaicb_0015_03_2": {
				"attachment": [
					{ "time": 0, "name": null },
					{ "time": 0.9666, "name": null },
					{ "time": 1, "name": "wucaicb_0015_03_" },
					{ "time": 1.0333, "name": "wucaicb_0015_03_" },
					{ "time": 1.0666, "name": null }
				]
			},
			"wucaicb_0016_01_": {
				"attachment": [
					{ "time": 0, "name": null },
					{ "time": 1.0333, "name": null },
					{ "time": 1.0666, "name": "wucaicb_0016_01_" },
					{ "time": 1.1, "name": "wucaicb_0016_01_" },
					{ "time": 1.1333, "name": null }
				]
			},
			"wucaicb_0016_01_2": {
				"attachment": [
					{ "time": 0, "name": null },
					{ "time": 1.0333, "name": null },
					{ "time": 1.0666, "name": "wucaicb_0016_01_" },
					{ "time": 1.1, "name": "wucaicb_0016_01_" },
					{ "time": 1.1333, "name": null }
				]
			},
			"wucaicb_0016_02_": {
				"attachment": [
					{ "time": 0, "name": null },
					{ "time": 1.0333, "name": null },
					{ "time": 1.0666, "name": "wucaicb_0016_02_" },
					{ "time": 1.1, "name": "wucaicb_0016_02_" },
					{ "time": 1.1333, "name": null }
				]
			},
			"wucaicb_0016_02_2": {
				"attachment": [
					{ "time": 0, "name": null },
					{ "time": 1.0333, "name": null },
					{ "time": 1.0666, "name": "wucaicb_0016_02_" },
					{ "time": 1.1, "name": "wucaicb_0016_02_" },
					{ "time": 1.1333, "name": null }
				]
			},
			"wucaicb_0016_03_": {
				"attachment": [
					{ "time": 0, "name": null },
					{ "time": 1.0333, "name": null },
					{ "time": 1.0666, "name": "wucaicb_0016_03_" },
					{ "time": 1.1, "name": "wucaicb_0016_03_" },
					{ "time": 1.1333, "name": null }
				]
			},
			"wucaicb_0016_03_2": {
				"attachment": [
					{ "time": 0, "name": null },
					{ "time": 1.0333, "name": null },
					{ "time": 1.0666, "name": "wucaicb_0016_03_" },
					{ "time": 1.1, "name": "wucaicb_0016_03_" },
					{ "time": 1.1333, "name": null }
				]
			},
			"wucaicb_0017_01_": {
				"attachment": [
					{ "time": 0, "name": null },
					{ "time": 1.1, "name": null },
					{ "time": 1.1333, "name": "wucaicb_0017_01_" },
					{ "time": 1.1666, "name": "wucaicb_0017_01_" },
					{ "time": 1.2, "name": null }
				]
			},
			"wucaicb_0017_01_2": {
				"attachment": [
					{ "time": 0, "name": null },
					{ "time": 1.1, "name": null },
					{ "time": 1.1333, "name": "wucaicb_0017_01_" },
					{ "time": 1.1666, "name": "wucaicb_0017_01_" },
					{ "time": 1.2, "name": null }
				]
			},
			"wucaicb_0017_02_": {
				"attachment": [
					{ "time": 0, "name": null },
					{ "time": 1.1, "name": null },
					{ "time": 1.1333, "name": "wucaicb_0017_02_" },
					{ "time": 1.1666, "name": "wucaicb_0017_02_" },
					{ "time": 1.2, "name": null }
				]
			},
			"wucaicb_0017_02_2": {
				"attachment": [
					{ "time": 0, "name": null },
					{ "time": 1.1, "name": null },
					{ "time": 1.1333, "name": "wucaicb_0017_02_" },
					{ "time": 1.1666, "name": "wucaicb_0017_02_" },
					{ "time": 1.2, "name": null }
				]
			},
			"wucaicb_0017_03_": {
				"attachment": [
					{ "time": 0, "name": null },
					{ "time": 1.1, "name": null },
					{ "time": 1.1333, "name": "wucaicb_0017_03_" },
					{ "time": 1.1666, "name": "wucaicb_0017_03_" },
					{ "time": 1.2, "name": null }
				]
			},
			"wucaicb_0017_03_2": {
				"attachment": [
					{ "time": 0, "name": null },
					{ "time": 1.1, "name": null },
					{ "time": 1.1333, "name": "wucaicb_0017_03_" },
					{ "time": 1.1666, "name": "wucaicb_0017_03_" },
					{ "time": 1.2, "name": null }
				]
			},
			"wucaicb_0018_01_": {
				"attachment": [
					{ "time": 0, "name": null },
					{ "time": 1.1666, "name": null },
					{ "time": 1.2, "name": "wucaicb_0018_01_" },
					{ "time": 1.2333, "name": "wucaicb_0018_01_" },
					{ "time": 1.2666, "name": null }
				]
			},
			"wucaicb_0018_01_2": {
				"attachment": [
					{ "time": 0, "name": null },
					{ "time": 1.1666, "name": null },
					{ "time": 1.2, "name": "wucaicb_0018_01_" },
					{ "time": 1.2333, "name": "wucaicb_0018_01_" },
					{ "time": 1.2666, "name": null }
				]
			},
			"wucaicb_0018_02_": {
				"attachment": [
					{ "time": 0, "name": null },
					{ "time": 1.1666, "name": null },
					{ "time": 1.2, "name": "wucaicb_0018_02_" },
					{ "time": 1.2333, "name": "wucaicb_0018_02_" },
					{ "time": 1.2666, "name": null }
				]
			},
			"wucaicb_0018_02_2": {
				"attachment": [
					{ "time": 0, "name": null },
					{ "time": 1.1666, "name": null },
					{ "time": 1.2, "name": "wucaicb_0018_02_" },
					{ "time": 1.2333, "name": "wucaicb_0018_02_" },
					{ "time": 1.2666, "name": null }
				]
			},
			"wucaicb_0018_03_": {
				"attachment": [
					{ "time": 0, "name": null },
					{ "time": 1.1666, "name": null },
					{ "time": 1.2, "name": "wucaicb_0018_03_" },
					{ "time": 1.2333, "name": "wucaicb_0018_03_" },
					{ "time": 1.2666, "name": null }
				]
			},
			"wucaicb_0018_03_2": {
				"attachment": [
					{ "time": 0, "name": null },
					{ "time": 1.1666, "name": null },
					{ "time": 1.2, "name": "wucaicb_0018_03_" },
					{ "time": 1.2333, "name": "wucaicb_0018_03_" },
					{ "time": 1.2666, "name": null }
				]
			},
			"wucaicb_0019_01_": {
				"attachment": [
					{ "time": 0, "name": null },
					{ "time": 1.2333, "name": null },
					{ "time": 1.2666, "name": "wucaicb_0019_01_" },
					{ "time": 1.3, "name": "wucaicb_0019_01_" },
					{ "time": 1.3333, "name": null }
				]
			},
			"wucaicb_0019_01_2": {
				"attachment": [
					{ "time": 0, "name": null },
					{ "time": 1.2333, "name": null },
					{ "time": 1.2666, "name": "wucaicb_0019_01_" },
					{ "time": 1.3, "name": "wucaicb_0019_01_" },
					{ "time": 1.3333, "name": null }
				]
			},
			"wucaicb_0019_02_": {
				"attachment": [
					{ "time": 0, "name": null },
					{ "time": 1.2333, "name": null },
					{ "time": 1.2666, "name": "wucaicb_0019_02_" },
					{ "time": 1.3, "name": "wucaicb_0019_02_" },
					{ "time": 1.3333, "name": null }
				]
			},
			"wucaicb_0019_02_2": {
				"attachment": [
					{ "time": 0, "name": null },
					{ "time": 1.2333, "name": null },
					{ "time": 1.2666, "name": "wucaicb_0019_02_" },
					{ "time": 1.3, "name": "wucaicb_0019_02_" },
					{ "time": 1.3333, "name": null }
				]
			},
			"wucaicb_0019_03_": {
				"attachment": [
					{ "time": 0, "name": null },
					{ "time": 1.2333, "name": null },
					{ "time": 1.2666, "name": "wucaicb_0019_03_" },
					{ "time": 1.3, "name": "wucaicb_0019_03_" },
					{ "time": 1.3333, "name": null }
				]
			},
			"wucaicb_0019_03_2": {
				"attachment": [
					{ "time": 0, "name": null },
					{ "time": 1.2333, "name": null },
					{ "time": 1.2666, "name": "wucaicb_0019_03_" },
					{ "time": 1.3, "name": "wucaicb_0019_03_" },
					{ "time": 1.3333, "name": null }
				]
			},
			"wucaicb_0019_04_": {
				"attachment": [
					{ "time": 0, "name": null },
					{ "time": 1.2333, "name": null },
					{ "time": 1.2666, "name": "wucaicb_0019_04_" },
					{ "time": 1.3, "name": "wucaicb_0019_04_" },
					{ "time": 1.3333, "name": null }
				]
			},
			"wucaicb_0019_04_2": {
				"attachment": [
					{ "time": 0, "name": null },
					{ "time": 1.2333, "name": null },
					{ "time": 1.2666, "name": "wucaicb_0019_04_" },
					{ "time": 1.3, "name": "wucaicb_0019_04_" },
					{ "time": 1.3333, "name": null }
				]
			},
			"wucaicb_0020_01_": {
				"attachment": [
					{ "time": 0, "name": null },
					{ "time": 1.3, "name": null },
					{ "time": 1.3333, "name": "wucaicb_0020_01_" },
					{ "time": 1.3666, "name": "wucaicb_0020_01_" },
					{ "time": 1.4, "name": null }
				]
			},
			"wucaicb_0020_01_2": {
				"attachment": [
					{ "time": 0, "name": null },
					{ "time": 1.3, "name": null },
					{ "time": 1.3333, "name": "wucaicb_0020_01_" },
					{ "time": 1.3666, "name": "wucaicb_0020_01_" },
					{ "time": 1.4, "name": null }
				]
			},
			"wucaicb_0020_02_": {
				"attachment": [
					{ "time": 0, "name": null },
					{ "time": 1.3, "name": null },
					{ "time": 1.3333, "name": "wucaicb_0020_02_" },
					{ "time": 1.3666, "name": "wucaicb_0020_02_" },
					{ "time": 1.4, "name": null }
				]
			},
			"wucaicb_0020_02_2": {
				"attachment": [
					{ "time": 0, "name": null },
					{ "time": 1.3, "name": null },
					{ "time": 1.3333, "name": "wucaicb_0020_02_" },
					{ "time": 1.3666, "name": "wucaicb_0020_02_" },
					{ "time": 1.4, "name": null }
				]
			},
			"wucaicb_0020_03_": {
				"attachment": [
					{ "time": 0, "name": null },
					{ "time": 1.3, "name": null },
					{ "time": 1.3333, "name": "wucaicb_0020_03_" },
					{ "time": 1.3666, "name": "wucaicb_0020_03_" },
					{ "time": 1.4, "name": null }
				]
			},
			"wucaicb_0020_03_2": {
				"attachment": [
					{ "time": 0, "name": null },
					{ "time": 1.3, "name": null },
					{ "time": 1.3333, "name": "wucaicb_0020_03_" },
					{ "time": 1.3666, "name": "wucaicb_0020_03_" },
					{ "time": 1.4, "name": null }
				]
			},
			"wucaicb_0021_01_": {
				"attachment": [
					{ "time": 0, "name": null },
					{ "time": 1.3666, "name": null },
					{ "time": 1.4, "name": "wucaicb_0021_01_" },
					{ "time": 1.4333, "name": "wucaicb_0021_01_" },
					{ "time": 1.4666, "name": null }
				]
			},
			"wucaicb_0021_01_2": {
				"attachment": [
					{ "time": 0, "name": null },
					{ "time": 1.3666, "name": null },
					{ "time": 1.4, "name": "wucaicb_0021_01_" },
					{ "time": 1.4333, "name": "wucaicb_0021_01_" },
					{ "time": 1.4666, "name": null }
				]
			},
			"wucaicb_0021_02_": {
				"attachment": [
					{ "time": 0, "name": null },
					{ "time": 1.3666, "name": null },
					{ "time": 1.4, "name": "wucaicb_0021_02_" },
					{ "time": 1.4333, "name": "wucaicb_0021_02_" },
					{ "time": 1.4666, "name": null }
				]
			},
			"wucaicb_0021_02_2": {
				"attachment": [
					{ "time": 0, "name": null },
					{ "time": 1.3666, "name": null },
					{ "time": 1.4, "name": "wucaicb_0021_02_" },
					{ "time": 1.4333, "name": "wucaicb_0021_02_" },
					{ "time": 1.4666, "name": null }
				]
			},
			"wucaicb_0021_03_": {
				"attachment": [
					{ "time": 0, "name": null },
					{ "time": 1.3666, "name": null },
					{ "time": 1.4, "name": "wucaicb_0021_03_" },
					{ "time": 1.4333, "name": "wucaicb_0021_03_" },
					{ "time": 1.4666, "name": null }
				]
			},
			"wucaicb_0021_03_2": {
				"attachment": [
					{ "time": 0, "name": null },
					{ "time": 1.3666, "name": null },
					{ "time": 1.4, "name": "wucaicb_0021_03_" },
					{ "time": 1.4333, "name": "wucaicb_0021_03_" },
					{ "time": 1.4666, "name": null }
				]
			},
			"wucaicb_0022_01_": {
				"attachment": [
					{ "time": 0, "name": null },
					{ "time": 1.4333, "name": null },
					{ "time": 1.4666, "name": "wucaicb_0022_01_" },
					{ "time": 1.5, "name": "wucaicb_0022_01_" },
					{ "time": 1.5333, "name": null }
				]
			},
			"wucaicb_0022_01_2": {
				"attachment": [
					{ "time": 0, "name": null },
					{ "time": 1.4333, "name": null },
					{ "time": 1.4666, "name": "wucaicb_0022_01_" },
					{ "time": 1.5, "name": "wucaicb_0022_01_" },
					{ "time": 1.5333, "name": null }
				]
			},
			"wucaicb_0022_02_": {
				"attachment": [
					{ "time": 0, "name": null },
					{ "time": 1.4333, "name": null },
					{ "time": 1.4666, "name": "wucaicb_0022_02_" },
					{ "time": 1.5, "name": "wucaicb_0022_02_" },
					{ "time": 1.5333, "name": null }
				]
			},
			"wucaicb_0022_02_2": {
				"attachment": [
					{ "time": 0, "name": null },
					{ "time": 1.4333, "name": null },
					{ "time": 1.4666, "name": "wucaicb_0022_02_" },
					{ "time": 1.5, "name": "wucaicb_0022_02_" },
					{ "time": 1.5333, "name": null }
				]
			},
			"wucaicb_0022_03_": {
				"attachment": [
					{ "time": 0, "name": null },
					{ "time": 1.4333, "name": null },
					{ "time": 1.4666, "name": "wucaicb_0022_03_" },
					{ "time": 1.5, "name": "wucaicb_0022_03_" },
					{ "time": 1.5333, "name": null }
				]
			},
			"wucaicb_0022_03_2": {
				"attachment": [
					{ "time": 0, "name": null },
					{ "time": 1.4333, "name": null },
					{ "time": 1.4666, "name": "wucaicb_0022_03_" },
					{ "time": 1.5, "name": "wucaicb_0022_03_" },
					{ "time": 1.5333, "name": null }
				]
			},
			"wucaicb_0023_01_": {
				"attachment": [
					{ "time": 0, "name": null },
					{ "time": 1.5, "name": null },
					{ "time": 1.5333, "name": "wucaicb_0023_01_" },
					{ "time": 1.5666, "name": "wucaicb_0023_01_" },
					{ "time": 1.6, "name": null }
				]
			},
			"wucaicb_0023_01_2": {
				"attachment": [
					{ "time": 0, "name": null },
					{ "time": 1.5, "name": null },
					{ "time": 1.5333, "name": "wucaicb_0023_01_" },
					{ "time": 1.5666, "name": "wucaicb_0023_01_" },
					{ "time": 1.6, "name": null }
				]
			},
			"wucaicb_0023_02_": {
				"attachment": [
					{ "time": 0, "name": null },
					{ "time": 1.5, "name": null },
					{ "time": 1.5333, "name": "wucaicb_0023_02_" },
					{ "time": 1.5666, "name": "wucaicb_0023_02_" },
					{ "time": 1.6, "name": null }
				]
			},
			"wucaicb_0023_02_2": {
				"attachment": [
					{ "time": 0, "name": null },
					{ "time": 1.5, "name": null },
					{ "time": 1.5333, "name": "wucaicb_0023_02_" },
					{ "time": 1.5666, "name": "wucaicb_0023_02_" },
					{ "time": 1.6, "name": null }
				]
			},
			"wucaicb_0023_03_": {
				"attachment": [
					{ "time": 0, "name": null },
					{ "time": 1.5, "name": null },
					{ "time": 1.5333, "name": "wucaicb_0023_03_" },
					{ "time": 1.5666, "name": "wucaicb_0023_03_" },
					{ "time": 1.6, "name": null }
				]
			},
			"wucaicb_0023_03_2": {
				"attachment": [
					{ "time": 0, "name": null },
					{ "time": 1.5, "name": null },
					{ "time": 1.5333, "name": "wucaicb_0023_03_" },
					{ "time": 1.5666, "name": "wucaicb_0023_03_" },
					{ "time": 1.6, "name": null }
				]
			},
			"wucaicb_0023_04_": {
				"attachment": [
					{ "time": 0, "name": null },
					{ "time": 1.5, "name": null },
					{ "time": 1.5333, "name": "wucaicb_0023_04_" },
					{ "time": 1.5666, "name": "wucaicb_0023_04_" },
					{ "time": 1.6, "name": null }
				]
			},
			"wucaicb_0023_04_2": {
				"attachment": [
					{ "time": 0, "name": null },
					{ "time": 1.5, "name": null },
					{ "time": 1.5333, "name": "wucaicb_0023_04_" },
					{ "time": 1.5666, "name": "wucaicb_0023_04_" },
					{ "time": 1.6, "name": null }
				]
			}
		},
		"bones": {
			"L": {
				"translate": [
					{ "time": 0, "x": -60, "y": 0 }
				]
			},
			"R": {
				"translate": [
					{ "time": 0, "x": 60, "y": 0 }
				]
			}
		}
	}
}
}