{"skeleton":{"hash":"FKKPPTzWbQt5fyNyNC7M6nIcDbk","spine":"3.7.94","width":370.97,"height":278.46,"images":"./images/","audio":"E:/福利礼盒优化-礼盒打开动效/福利礼盒优化spine/welfaregiftbox10/images"},"bones":[{"name":"root"},{"name":"open","parent":"root","rotation":-0.04,"scaleX":0.81,"scaleY":0.81},{"name":"gai","parent":"open","x":-14.88,"y":125.1},{"name":"he","parent":"open","x":-16.34,"y":-0.47},{"name":"10_sidai_3_","parent":"he","x":-62.55,"y":-37.09},{"name":"10_sidai_4_","parent":"he","x":110.32,"y":-18.72},{"name":"10_sidai_4_2","parent":"10_sidai_4_","length":43.43,"rotation":92.82,"x":0.71,"y":0.71},{"name":"10_sidai_4_3","parent":"10_sidai_4_2","length":48.8,"rotation":-21.51,"x":43.43},{"name":"10_sidai_4_4","parent":"10_sidai_4_3","length":37.55,"rotation":-34,"x":48.8},{"name":"10_sidai_4_5","parent":"10_sidai_4_4","length":39.75,"rotation":-63.87,"x":37.55},{"name":"10_sidai_4_6","parent":"10_sidai_4_5","length":32.13,"rotation":31.64,"x":39.75},{"name":"10_sidai_4_7","parent":"10_sidai_4_6","length":21.44,"rotation":79.21,"x":32.13},{"name":"10_sidai_3_2","parent":"10_sidai_3_","length":49.62,"rotation":78.69,"x":1.58,"y":-0.55},{"name":"10_sidai_3_3","parent":"10_sidai_3_2","length":61.01,"rotation":25.52,"x":49.62},{"name":"10_sidai_3_4","parent":"10_sidai_3_3","length":50.98,"rotation":105.75,"x":61.01},{"name":"10_sidai_3_5","parent":"10_sidai_3_4","length":41.88,"rotation":-5.68,"x":50.98},{"name":"10_sidai_3_6","parent":"10_sidai_3_5","length":49.77,"rotation":-70.49,"x":41.88},{"name":"10_hudie_1_","parent":"gai","length":50.84,"rotation":176.99,"x":0.24,"y":59.63},{"name":"10_hudie_3_","parent":"gai","length":53.24,"rotation":-17.53,"x":16.28,"y":54.29},{"name":"10_hudie_4_","parent":"gai","length":47.17,"rotation":39.47,"x":25.11,"y":60.28},{"name":"10_hudie_5_","parent":"gai","length":46.97,"rotation":133.15,"x":5.84,"y":67.78},{"name":"30_hudie_2_a","parent":"gai","x":-8.89,"y":66.94},{"name":"30_hudie_2_b","parent":"gai","x":19.37,"y":57.38},{"name":"open4","parent":"30_hudie_2_a","length":43.67,"rotation":-167.38,"x":-1.63,"y":4.43},{"name":"open5","parent":"open4","length":31.2,"rotation":26.59,"x":43.67},{"name":"open6","parent":"open5","length":30.01,"rotation":18.79,"x":30.88,"y":-1.39},{"name":"open7","parent":"30_hudie_2_b","length":40.64,"rotation":-17.3,"x":3.18,"y":-3.18},{"name":"open8","parent":"open7","length":36.46,"rotation":-25.58,"x":40.64},{"name":"open9","parent":"open8","length":27.93,"rotation":-17.05,"x":36.46}],"slots":[{"name":"10_he_ying_","bone":"open","attachment":"10_he_ying_"},{"name":"10_he_","bone":"he","attachment":"40_he_"},{"name":"10_sidai_2_","bone":"he","attachment":"40_sidai_2_"},{"name":"10_sidai_1_","bone":"he","attachment":"40_sidai_1_"},{"name":"10_sidai_4_","bone":"10_sidai_4_"},{"name":"10_sidai_3_","bone":"10_sidai_3_"},{"name":"10_he_gai_","bone":"gai","attachment":"40_he_gai_"},{"name":"10_hudie_5_","bone":"10_hudie_5_","attachment":"40_hudie_5_"},{"name":"10_hudie_4_","bone":"10_hudie_4_","attachment":"40_hudie_4_"},{"name":"10_hudie_3_","bone":"10_hudie_3_","attachment":"40_hudie_3_"},{"name":"10_hudie_2_","bone":"gai","attachment":"40_hudie_2_"},{"name":"10_hudie_1_","bone":"10_hudie_1_","attachment":"40_hudie_1_"},{"name":"30_hudie_2_a_","bone":"30_hudie_2_a","attachment":"40_hudie_2_a_"},{"name":"30_hudie_2_b_","bone":"30_hudie_2_b","attachment":"40_hudie_2_b_"}],"skins":{"default":{"10_he_":{"40_he_":{"x":12.79,"y":64.78,"width":282,"height":269}},"10_he_gai_":{"40_he_gai_":{"x":7.83,"y":-7.29,"width":294,"height":159}},"10_he_ying_":{"10_he_ying_":{"x":52.95,"y":23.31,"scaleX":2,"scaleY":2,"width":225,"height":111}},"10_hudie_1_":{"40_hudie_1_":{"x":78.26,"y":14.55,"rotation":-176.99,"width":173,"height":51}},"10_hudie_2_":{"40_hudie_2_":{"x":7.33,"y":63.71,"width":33,"height":34}},"10_hudie_3_":{"40_hudie_3_":{"x":80.97,"y":-13.83,"rotation":17.53,"width":153,"height":92}},"10_hudie_4_":{"40_hudie_4_":{"x":53.09,"y":-15.31,"rotation":-39.47,"width":126,"height":79}},"10_hudie_5_":{"40_hudie_5_":{"x":46.92,"y":13.59,"rotation":226.85,"width":106,"height":76}},"10_sidai_1_":{"40_sidai_1_":{"x":-43.71,"y":43.78,"width":66,"height":189}},"10_sidai_2_":{"40_sidai_2_":{"x":103.79,"y":55.78,"width":45,"height":193}},"10_sidai_3_":{"40_sidai_3_":{"type":"mesh","uvs":[1,0.25726,0.99999,0.53878,0.99999,0.82542,1,1,0.56097,0.99999,0.35505,1,0.21571,1,0,1,0,0.41331,0,0,0.17504,0,0.49649,0.01036,0.64496,0,1,0,0.57327,0.38122,0.42112,0.51394,0.27835,0.53867,0.15673,0.50637,0.17814,0.22366,0.22036,0.3455,0.33949,0.21376,0.84783,0.09103,0.62009,0.56447],"triangles":[16,6,17,6,7,17,7,8,17,16,17,19,17,8,19,8,18,19,18,9,10,18,8,9,19,18,20,18,10,20,5,6,16,5,16,15,15,16,19,19,20,15,15,20,14,20,11,14,14,11,12,20,10,11,15,14,22,22,14,1,1,14,0,14,21,0,14,12,21,21,13,0,21,12,13,4,2,3,15,4,5,4,22,2,4,15,22,22,1,2],"vertices":[2,12,100.61,-53.76,0.07536,13,22.86,-70.48,0.92464,2,12,60.15,-60.96,0.50341,13,-16.76,-59.55,0.49659,2,12,18.95,-68.3,0.93961,13,-57.1,-48.42,0.06039,2,12,-6.15,-72.77,0.99785,13,-81.68,-41.65,0.00215,3,12,-21.85,15.41,0.87723,15,14.06,104.18,0.1067,16,-107.49,8.56,0.01607,3,12,-29.21,56.77,0.45833,15,51.98,86.1,0.38043,16,-77.79,38.27,0.16124,3,12,-34.2,84.75,0.24815,15,77.64,73.87,0.38627,16,-57.69,58.37,0.36558,3,12,-41.91,128.07,0.12511,15,117.36,54.94,0.28901,16,-26.58,89.49,0.58588,2,12,42.42,143.09,0.00189,16,33.99,28.93,0.99811,3,14,97.64,-81.87,0.00371,15,54.53,-76.85,0.00459,16,76.67,-13.74,0.99169,3,14,67.08,-63.39,0.11609,15,22.3,-61.49,0.13447,16,51.42,-38.99,0.74943,4,13,84.92,18.96,0.00129,14,11.76,-28.16,0.95287,15,-36.24,-31.91,0.01996,16,3.99,-84.29,0.02588,2,13,78.33,-10.64,0.50547,14,-14.94,-13.78,0.49453,2,12,137.59,-47.17,5.0E-5,13,59.07,-80.46,0.99995,4,12,67.53,28.78,0.06273,13,28.56,18.25,0.57995,14,26.37,26.27,0.31455,15,-27.08,23.71,0.04277,5,12,43.02,55.94,0.19361,13,18.13,53.33,0.06756,14,62.96,26.79,0.11452,15,9.27,27.85,0.62295,16,-37.14,-21.44,0.00136,4,12,34.35,83.98,0.08025,13,22.4,82.36,0.0024,15,37.12,18.57,0.80366,16,-19.1,1.71,0.11369,3,12,34.65,109.23,0.01649,15,57.48,3.64,0.13332,16,1.78,15.92,0.85019,3,14,83.44,-35.12,0.03805,15,35.78,-31.74,0.1607,16,27.88,-16.35,0.80125,3,14,85.28,-15.45,0.00457,15,35.66,-11.98,0.39798,16,9.21,-9.86,0.59745,3,14,54.53,-19.33,0.35963,15,5.45,-18.88,0.48542,16,5.63,-40.65,0.15495,3,12,119.07,-18.94,0.00143,13,54.51,-47.01,0.99608,14,-43.48,19.01,0.0025,4,12,42.87,14.68,0.61923,13,0.23,16.16,0.27897,14,32.05,54.11,0.04304,15,-24.19,51.97,0.05876],"hull":14,"edges":[14,16,16,18,18,20,20,22,22,24,24,26,0,26,0,2,2,4,4,6,12,14,6,8,8,10,10,12],"width":204,"height":146}},"10_sidai_4_":{"40_sidai_4_":{"type":"mesh","uvs":[1,0.17751,1,1,0.36469,1,0,1,0,0.82111,1.0E-5,0.55557,0,0,0.49513,0,0.72235,1.0E-5,1,0,0.35628,0.81211,0.3689,0.62308,0.38573,0.42055,0.51196,0.29453,0.6971,0.39355,0.88645,0.32604,0.20901,0.1055,0.07015,0.30353],"triangles":[8,9,0,15,8,0,15,14,8,15,0,1,14,15,1,14,1,10,13,7,8,16,7,13,14,13,8,12,13,14,16,6,7,12,16,13,17,6,16,17,16,12,5,6,17,5,17,12,11,5,12,11,12,14,11,4,5,10,4,11,3,4,10,1,2,10,3,10,2,14,10,11],"vertices":[3,6,98.62,-137.27,6.5E-4,10,54.06,5.9,0.04608,11,9.91,-20.44,0.95327,4,6,-31.18,-130.88,0.31234,7,-21.41,-149.12,0.01177,9,140.79,-82.85,0.00568,10,42.55,-123.54,0.67021,4,6,-25.9,-23.65,0.86231,7,-55.83,-47.42,0.0119,9,44.76,-130.86,0.01496,10,-64.39,-114.03,0.11083,1,6,-22.87,37.91,1,2,6,5.36,36.53,0.99965,7,-48.82,20.02,3.5E-4,2,6,47.26,34.46,0.47977,7,-9.07,33.47,0.52023,2,7,74.07,61.61,0.43037,8,-13.5,65.21,0.56963,4,8,53.06,14.5,0.21882,9,-6.18,20.32,0.76796,10,-28.45,41.4,1.0E-5,11,29.32,67.25,0.01321,3,9,28.16,37.49,0.51344,10,9.8,37.99,0.10956,11,33.14,29.04,0.377,1,11,37.81,-17.65,1,4,6,3.82,-23.68,0.83616,7,-28.17,-36.56,0.04814,9,30.21,-104.95,0.02505,10,-63.18,-84.34,0.09065,5,6,33.54,-27.28,0.51065,7,0.81,-29.01,0.33139,8,-23.57,-50.88,0.00934,9,18.76,-77.28,0.0726,10,-58.41,-54.78,0.07602,5,6,65.37,-31.69,0.0572,7,32.03,-21.44,0.61541,8,-1.91,-27.15,0.14906,9,7,-47.38,0.15369,10,-52.75,-23.15,0.02464,5,6,84.21,-53.98,0.01627,7,57.73,-35.26,0.11097,8,27.12,-24.24,0.23128,9,17.17,-20.04,0.63202,10,-29.73,-5.21,0.00946,5,6,67.04,-84.46,0.06309,7,52.94,-69.92,0.05575,8,42.53,-55.65,0.01044,9,52.16,-20.04,0.2441,10,0.05,-23.56,0.62661,4,6,76.13,-116.95,0.02435,7,73.31,-96.81,0.00359,10,32.87,-15.77,0.91496,11,-15.35,-3.68,0.05709,2,7,69.61,22.81,0.22314,8,4.5,30.54,0.77686,3,6,86.45,20.67,1.6E-4,7,32.45,35.01,0.89101,8,-33.13,19.88,0.10883],"hull":10,"edges":[2,0,0,18,16,18,12,14,14,16,10,12,6,8,8,10,2,4,4,6],"width":169,"height":158}},"30_hudie_2_a_":{"40_hudie_2_a_":{"type":"mesh","uvs":[1,1,0.57951,0.99999,0,1,1.0E-5,0.4479,0,0,0.42835,0,0.74956,0,1,0,0.15753,0.21163,0.82513,0.41155,0.71177,0.70234,0.17643,0.8023,0.42205,0.45698,0.71807,0.2298],"triangles":[8,4,5,3,4,8,3,8,12,11,3,12,2,3,11,2,11,1,12,8,5,12,5,13,11,12,10,13,5,6,7,13,6,9,13,7,12,13,9,10,12,9,1,11,10,9,7,0,10,9,0,1,10,0],"vertices":[2,23,8.84,65,0.7919,24,-2.06,73.72,0.2081,3,23,50.28,55.72,0.44139,24,30.85,46.87,0.44619,25,15.51,45.7,0.11242,1,25,46.53,-3.93,1,1,25,13.76,-24.41,1,2,24,31.95,-44.37,0.04807,25,-12.83,-41.03,0.95193,3,23,49.89,-15.92,0.16639,24,-1.57,-17.02,0.68989,25,-35.76,-4.35,0.14372,1,23,18.23,-8.83,1,1,23,-6.45,-3.31,1,2,24,28.99,-22.83,0.09998,25,-8.7,-19.69,0.90002,2,23,17.08,20.95,0.93225,24,-14.41,30.64,0.06775,3,23,32.7,38.31,0.68373,24,7.33,39.17,0.30676,25,-9.24,45.99,0.0095,3,23,86.99,33.33,0.00518,24,53.65,10.42,0.02511,25,25.35,3.84,0.96971,3,23,57.5,15.16,0.09107,24,19.15,7.37,0.90886,25,-8.29,12.07,7.0E-5,2,23,24.85,6.17,0.99028,24,-14.07,13.94,0.00972],"hull":8,"edges":[4,6,6,8,8,10,10,12,12,14,0,2,2,4,14,0],"width":101,"height":70}},"30_hudie_2_b_":{"40_hudie_2_b_":{"type":"mesh","uvs":[0.99999,0.41113,1,1,0.76682,1,0.43551,1,0,1,0,0.53312,0,0,0.54816,0,1,0,0.43551,0.3937,0.19697,0.19328,0.70719,0.71611,0.2036,0.74225,0.79995,0.16714],"triangles":[1,2,11,3,11,2,1,11,0,13,7,8,9,7,13,0,13,8,11,9,13,11,13,0,12,9,11,3,12,11,4,12,3,10,6,7,9,10,7,5,6,10,5,10,9,12,5,9,4,5,12],"vertices":[2,27,41.91,23.29,0.49984,28,-1.62,23.86,0.50016,1,28,35.58,2.33,1,3,26,79.91,-44.79,7.0E-4,27,54.76,-23.44,0.0913,28,24.37,-17.05,0.908,3,26,49.54,-54.24,0.13528,27,31.45,-45.09,0.49858,28,8.43,-44.57,0.36614,3,26,9.62,-66.68,0.43361,27,0.81,-73.53,0.4441,28,-12.52,-80.76,0.12229,3,26,-0.51,-34.14,0.69777,27,-22.38,-48.56,0.25199,28,-42.01,-63.68,0.05023,1,26,-12.08,3.02,1,3,26,38.16,18.67,0.47234,27,-10.3,15.77,0.52765,28,-49.33,1.36,0,2,27,21.49,45.28,0.96872,28,-27.59,38.9,0.03128,3,26,36.38,-11.99,0.39608,27,1.33,-12.65,0.57809,28,-29.87,-22.4,0.02583,3,26,10.17,-4.83,0.97893,27,-25.4,-17.51,0.01883,28,-54.01,-34.88,0.00224,3,26,68.28,-26.7,2.3E-4,27,36.46,-12.15,0.34818,28,3.56,-11.62,0.65159,3,26,22.69,-42.9,0.42698,27,2.33,-46.45,0.44578,28,-19.01,-54.41,0.12724,2,27,15.72,23.27,0.98778,28,-26.66,16.17,0.01222],"hull":9,"edges":[12,14,14,16,6,8,2,0,0,16,2,4,4,6,8,10,10,12],"width":96,"height":73}}}},"animations":{"animation":{"slots":{"10_sidai_1_":{"attachment":[{"time":1.2,"name":null}]},"10_sidai_2_":{"attachment":[{"time":1.2,"name":null}]},"10_sidai_3_":{"attachment":[{"time":1.2,"name":"40_sidai_3_"}]},"10_sidai_4_":{"attachment":[{"time":1.2,"name":"40_sidai_4_"}]}},"bones":{"open":{"rotate":[{"time":0,"angle":0},{"time":0.1,"angle":4.14},{"time":0.2,"angle":-5.6},{"time":0.2667,"angle":5.35},{"time":0.3333,"angle":-4.07},{"time":0.4,"angle":0.61},{"time":0.4667,"angle":-3.11},{"time":0.5333,"angle":2.34},{"time":0.6,"angle":-3.12},{"time":0.6667,"angle":3.15},{"time":0.7333,"angle":0,"curve":"stepped"},{"time":0.9667,"angle":0},{"time":1.0667,"angle":3.18},{"time":1.1667,"angle":0}],"translate":[{"time":0.9667,"x":0,"y":0},{"time":1.0667,"x":-2.66,"y":70.97},{"time":1.1667,"x":0,"y":-15.82},{"time":1.2667,"x":0,"y":0}],"scale":[{"time":0,"x":1,"y":1,"curve":[0.243,0,0.652,0.61]},{"time":0.2667,"x":0.956,"y":0.899,"curve":[0.354,0.41,0.692,0.76]},{"time":0.5,"x":0.899,"y":1.07,"curve":[0.368,0.63,0.706,1]},{"time":0.7333,"x":1,"y":1,"curve":[0.243,0,0.652,0.61]},{"time":0.9667,"x":1.023,"y":0.815,"curve":[0.25,0,0.75,1]},{"time":1.0667,"x":0.955,"y":1.068},{"time":1.1667,"x":0.993,"y":0.843},{"time":1.2667,"x":1,"y":1,"curve":"stepped"},{"time":2.6667,"x":1,"y":1}]},"gai":{"rotate":[{"time":1.1333,"angle":0},{"time":1.2,"angle":-7.91}],"translate":[{"time":1.1333,"x":0,"y":0},{"time":1.2,"x":38.01,"y":139.4,"curve":[0.25,0,0.645,0.86]},{"time":1.3333,"x":28.87,"y":70.16}],"scale":[{"time":1.1333,"x":1,"y":1},{"time":1.2,"x":0.965,"y":0.933}]},"he":{"rotate":[{"time":1.1667,"angle":0},{"time":1.2667,"angle":6.14}],"translate":[{"time":1.1667,"x":0,"y":0,"curve":[0.25,0,0.75,1]},{"time":1.2667,"x":0.54,"y":-5}]},"10_sidai_3_3":{"rotate":[{"time":1.2,"angle":-2.6,"curve":[0.25,0,0.75,1]},{"time":1.4,"angle":0}]},"10_sidai_3_6":{"rotate":[{"time":1.2,"angle":-2.6,"curve":[0.25,0,0.75,1]},{"time":1.6667,"angle":0}]},"10_sidai_3_5":{"rotate":[{"time":1.2,"angle":-2.6,"curve":[0.25,0,0.75,1]},{"time":1.5333,"angle":0}]},"10_sidai_3_4":{"rotate":[{"time":1.2,"angle":-37.6,"curve":[0.25,0,0.75,1]},{"time":1.4667,"angle":0}]},"10_sidai_4_3":{"rotate":[{"time":1.1667,"angle":2.98,"curve":[0.25,0,0.75,1]},{"time":1.4,"angle":0}]},"10_sidai_4_4":{"rotate":[{"time":1.1667,"angle":2.98,"curve":[0.25,0,0.75,1]},{"time":1.5667,"angle":0}]},"10_sidai_4_5":{"rotate":[{"time":1.1667,"angle":32.28,"curve":[0.25,0,0.75,1]},{"time":1.7333,"angle":0}]},"10_sidai_4_6":{"rotate":[{"time":1.1667,"angle":2.98,"curve":[0.25,0,0.75,1]},{"time":1.9,"angle":0}]},"10_sidai_4_7":{"rotate":[{"time":1.1667,"angle":2.98,"curve":[0.25,0,0.75,1]},{"time":2,"angle":0}]},"10_hudie_5_":{"rotate":[{"time":0,"angle":0,"curve":[0.25,0,0.75,1]},{"time":0.3333,"angle":-17.39,"curve":[0.25,0,0.75,1]},{"time":0.6667,"angle":-1.04,"curve":[0.25,0,0.75,1]},{"time":1,"angle":14.87,"curve":[0.25,0,0.75,1]},{"time":1.3333,"angle":-26.92,"curve":[0.25,0,0.75,1]},{"time":1.6667,"angle":0}]},"10_hudie_4_":{"rotate":[{"time":0,"angle":0,"curve":[0.25,0,0.75,1]},{"time":0.3333,"angle":-4.07,"curve":[0.25,0,0.75,1]},{"time":0.6667,"angle":5.82,"curve":[0.25,0,0.75,1]},{"time":1,"angle":-18.28,"curve":[0.25,0,0.75,1]},{"time":1.3333,"angle":15.15,"curve":[0.25,0,0.75,1]},{"time":1.6667,"angle":0}]},"10_hudie_1_":{"rotate":[{"time":0,"angle":0},{"time":0.2333,"angle":4.6},{"time":0.5,"angle":-5.36},{"time":0.9,"angle":6.48},{"time":1.2333,"angle":-10.89},{"time":1.6667,"angle":0}]},"10_hudie_3_":{"rotate":[{"time":0,"angle":0},{"time":0.2333,"angle":-7.48},{"time":0.5,"angle":5.13},{"time":0.9,"angle":-7.1},{"time":1.2333,"angle":10.67},{"time":1.6667,"angle":0}]},"open4":{"rotate":[{"time":0,"angle":0},{"time":0.3333,"angle":-9.62},{"time":0.8333,"angle":0.11},{"time":1.1667,"angle":-11.58},{"time":1.5,"angle":0}],"scale":[{"time":0,"x":1,"y":1},{"time":0.3333,"x":0.938,"y":1},{"time":0.8333,"x":1,"y":1},{"time":1.1667,"x":0.908,"y":1},{"time":1.5,"x":1,"y":1}]},"open6":{"rotate":[{"time":0,"angle":0},{"time":0.3333,"angle":-9.62},{"time":0.8333,"angle":0.11},{"time":1.1667,"angle":-11.58},{"time":1.5,"angle":0}],"scale":[{"time":0,"x":1,"y":1},{"time":0.3333,"x":0.938,"y":1},{"time":0.8333,"x":1,"y":1},{"time":1.1667,"x":0.908,"y":1},{"time":1.5,"x":1,"y":1}]},"open5":{"rotate":[{"time":0,"angle":0},{"time":0.3333,"angle":-9.62},{"time":0.8333,"angle":0.11},{"time":1.1667,"angle":-11.58},{"time":1.5,"angle":0}],"scale":[{"time":0,"x":1,"y":1},{"time":0.3333,"x":0.938,"y":1},{"time":0.8333,"x":1,"y":1},{"time":1.1667,"x":0.908,"y":1},{"time":1.5,"x":1,"y":1}]},"open9":{"rotate":[{"time":0,"angle":0},{"time":0.3333,"angle":8.44},{"time":0.8333,"angle":-10.75},{"time":1.1667,"angle":8.51},{"time":1.5,"angle":0}],"scale":[{"time":0,"x":1,"y":1},{"time":0.3333,"x":0.905,"y":1},{"time":0.8333,"x":1,"y":1},{"time":1.1667,"x":0.908,"y":1},{"time":1.5,"x":1,"y":1}]},"open8":{"rotate":[{"time":0,"angle":0},{"time":0.3333,"angle":8.44},{"time":0.8333,"angle":-10.75},{"time":1.1667,"angle":8.51},{"time":1.5,"angle":0}],"scale":[{"time":0,"x":1,"y":1},{"time":0.3333,"x":0.905,"y":1},{"time":0.8333,"x":1,"y":1},{"time":1.1667,"x":0.908,"y":1},{"time":1.5,"x":1,"y":1}]},"open7":{"rotate":[{"time":0,"angle":0},{"time":0.3333,"angle":8.44},{"time":0.8333,"angle":-10.75},{"time":1.1667,"angle":8.51},{"time":1.5,"angle":0}],"scale":[{"time":0,"x":1,"y":1},{"time":0.3333,"x":0.905,"y":1},{"time":0.8333,"x":1,"y":1},{"time":1.1667,"x":0.908,"y":1},{"time":1.5,"x":1,"y":1}]}}}}}