{
"skeleton": { "hash": "gT10A/Yoeya6eeeCEeHd+sSiICM", "spine": "3.7.94", "width": 0, "height": 0 },
"bones": [
	{ "name": "root" },
	{ "name": "ctr", "parent": "root", "x": -26, "y": 120, "scaleX": 1.25, "scaleY": 1.25 },
	{ "name": "idle_UL_", "parent": "ctr" },
	{ "name": "idle_UR_", "parent": "ctr" },
	{ "name": "idle_DL_", "parent": "ctr" },
	{ "name": "idle_DR_", "parent": "ctr" }
],
"slots": [
	{ "name": "idle_UL_", "bone": "idle_UL_" },
	{ "name": "idle_UR_", "bone": "idle_UR_" },
	{ "name": "idle_DL_", "bone": "idle_DL_" },
	{ "name": "idle_DR_", "bone": "idle_DR_" }
],
"skins": {
	"default": {
		"idle_DL_": {
			"idle_DL_120_": { "x": -129.5, "y": -156.5, "width": 259, "height": 313 },
			"idle_DL_123_": { "x": -129.5, "y": -156.5, "width": 259, "height": 313 },
			"idle_DL_126_": { "x": -129.5, "y": -156.5, "width": 259, "height": 313 },
			"idle_DL_129_": { "x": -129.5, "y": -156.5, "width": 259, "height": 313 },
			"idle_DL_132_": { "x": -129.5, "y": -156.5, "width": 259, "height": 313 },
			"idle_DL_135_": { "x": -129.5, "y": -156.5, "width": 259, "height": 313 },
			"idle_DL_138_": { "x": -129.5, "y": -156.5, "width": 259, "height": 313 },
			"idle_DL_141_": { "x": -129.5, "y": -156.5, "width": 259, "height": 313 },
			"idle_DL_144_": { "x": -129.5, "y": -156.5, "width": 259, "height": 313 },
			"idle_DL_147_": { "x": -129.5, "y": -156.5, "width": 259, "height": 313 },
			"idle_DL_150_": { "x": -129.5, "y": -156.5, "width": 259, "height": 313 },
			"idle_DL_153_": { "x": -129.5, "y": -156.5, "width": 259, "height": 313 },
			"idle_DL_156_": { "x": -129.5, "y": -156.5, "width": 259, "height": 313 },
			"idle_DL_159_": { "x": -129.5, "y": -156.5, "width": 259, "height": 313 },
			"idle_DL_162_": { "x": -129.5, "y": -156.5, "width": 259, "height": 313 },
			"idle_DL_165_": { "x": -129.5, "y": -156.5, "width": 259, "height": 313 },
			"idle_DL_168_": { "x": -129.5, "y": -156.5, "width": 259, "height": 313 },
			"idle_DL_171_": { "x": -129.5, "y": -156.5, "width": 259, "height": 313 },
			"idle_DL_174_": { "x": -129.5, "y": -156.5, "width": 259, "height": 313 },
			"idle_DL_177_": { "x": -129.5, "y": -156.5, "width": 259, "height": 313 },
			"idle_DL_180_": { "x": -129.5, "y": -156.5, "width": 259, "height": 313 },
			"idle_DL_181_": { "x": -129.5, "y": -156.5, "width": 259, "height": 313 }
		},
		"idle_DR_": {
			"idle_DR_120_": { "x": 290.5, "y": -156.5, "width": 581, "height": 313 },
			"idle_DR_123_": { "x": 290.5, "y": -156.5, "width": 581, "height": 313 },
			"idle_DR_126_": { "x": 290.5, "y": -156.5, "width": 581, "height": 313 },
			"idle_DR_129_": { "x": 290.5, "y": -156.5, "width": 581, "height": 313 },
			"idle_DR_132_": { "x": 290.5, "y": -156.5, "width": 581, "height": 313 },
			"idle_DR_135_": { "x": 290.5, "y": -156.5, "width": 581, "height": 313 },
			"idle_DR_138_": { "x": 290.5, "y": -156.5, "width": 581, "height": 313 },
			"idle_DR_141_": { "x": 290.5, "y": -156.5, "width": 581, "height": 313 },
			"idle_DR_144_": { "x": 290.5, "y": -156.5, "width": 581, "height": 313 },
			"idle_DR_147_": { "x": 290.5, "y": -156.5, "width": 581, "height": 313 },
			"idle_DR_150_": { "x": 290.5, "y": -156.5, "width": 581, "height": 313 },
			"idle_DR_153_": { "x": 290.5, "y": -156.5, "width": 581, "height": 313 },
			"idle_DR_156_": { "x": 290.5, "y": -156.5, "width": 581, "height": 313 },
			"idle_DR_159_": { "x": 290.5, "y": -156.5, "width": 581, "height": 313 },
			"idle_DR_162_": { "x": 290.5, "y": -156.5, "width": 581, "height": 313 },
			"idle_DR_165_": { "x": 290.5, "y": -156.5, "width": 581, "height": 313 },
			"idle_DR_168_": { "x": 290.5, "y": -156.5, "width": 581, "height": 313 },
			"idle_DR_171_": { "x": 290.5, "y": -156.5, "width": 581, "height": 313 },
			"idle_DR_174_": { "x": 290.5, "y": -156.5, "width": 581, "height": 313 },
			"idle_DR_177_": { "x": 290.5, "y": -156.5, "width": 581, "height": 313 },
			"idle_DR_180_": { "x": 290.5, "y": -156.5, "width": 581, "height": 313 },
			"idle_DR_181_": { "x": 290.5, "y": -156.5, "width": 581, "height": 313 }
		},
		"idle_UL_": {
			"idle_UL_120_": { "x": -129.5, "y": 163.5, "width": 259, "height": 327 },
			"idle_UL_123_": { "x": -129.5, "y": 163.5, "width": 259, "height": 327 },
			"idle_UL_126_": { "x": -129.5, "y": 163.5, "width": 259, "height": 327 },
			"idle_UL_129_": { "x": -129.5, "y": 163.5, "width": 259, "height": 327 },
			"idle_UL_132_": { "x": -129.5, "y": 163.5, "width": 259, "height": 327 },
			"idle_UL_135_": { "x": -129.5, "y": 163.5, "width": 259, "height": 327 },
			"idle_UL_138_": { "x": -129.5, "y": 163.5, "width": 259, "height": 327 },
			"idle_UL_141_": { "x": -129.5, "y": 163.5, "width": 259, "height": 327 },
			"idle_UL_144_": { "x": -129.5, "y": 163.5, "width": 259, "height": 327 },
			"idle_UL_147_": { "x": -129.5, "y": 163.5, "width": 259, "height": 327 },
			"idle_UL_150_": { "x": -129.5, "y": 163.5, "width": 259, "height": 327 },
			"idle_UL_153_": { "x": -129.5, "y": 163.5, "width": 259, "height": 327 },
			"idle_UL_156_": { "x": -129.5, "y": 163.5, "width": 259, "height": 327 },
			"idle_UL_159_": { "x": -129.5, "y": 163.5, "width": 259, "height": 327 },
			"idle_UL_162_": { "x": -129.5, "y": 163.5, "width": 259, "height": 327 },
			"idle_UL_165_": { "x": -129.5, "y": 163.5, "width": 259, "height": 327 },
			"idle_UL_168_": { "x": -129.5, "y": 163.5, "width": 259, "height": 327 },
			"idle_UL_171_": { "x": -129.5, "y": 163.5, "width": 259, "height": 327 },
			"idle_UL_174_": { "x": -129.5, "y": 163.5, "width": 259, "height": 327 },
			"idle_UL_177_": { "x": -129.5, "y": 163.5, "width": 259, "height": 327 },
			"idle_UL_180_": { "x": -129.5, "y": 163.5, "width": 259, "height": 327 },
			"idle_UL_181_": { "x": -129.5, "y": 163.5, "width": 259, "height": 327 }
		},
		"idle_UR_": {
			"idle_UR_120_": { "x": 290.5, "y": 163.5, "width": 581, "height": 327 },
			"idle_UR_123_": { "x": 290.5, "y": 163.5, "width": 581, "height": 327 },
			"idle_UR_126_": { "x": 290.5, "y": 163.5, "width": 581, "height": 327 },
			"idle_UR_129_": { "x": 290.5, "y": 163.5, "width": 581, "height": 327 },
			"idle_UR_132_": { "x": 290.5, "y": 163.5, "width": 581, "height": 327 },
			"idle_UR_135_": { "x": 290.5, "y": 163.5, "width": 581, "height": 327 },
			"idle_UR_138_": { "x": 290.5, "y": 163.5, "width": 581, "height": 327 },
			"idle_UR_141_": { "x": 290.5, "y": 163.5, "width": 581, "height": 327 },
			"idle_UR_144_": { "x": 290.5, "y": 163.5, "width": 581, "height": 327 },
			"idle_UR_147_": { "x": 290.5, "y": 163.5, "width": 581, "height": 327 },
			"idle_UR_150_": { "x": 290.5, "y": 163.5, "width": 581, "height": 327 },
			"idle_UR_153_": { "x": 290.5, "y": 163.5, "width": 581, "height": 327 },
			"idle_UR_156_": { "x": 290.5, "y": 163.5, "width": 581, "height": 327 },
			"idle_UR_159_": { "x": 290.5, "y": 163.5, "width": 581, "height": 327 },
			"idle_UR_162_": { "x": 290.5, "y": 163.5, "width": 581, "height": 327 },
			"idle_UR_165_": { "x": 290.5, "y": 163.5, "width": 581, "height": 327 },
			"idle_UR_168_": { "x": 290.5, "y": 163.5, "width": 581, "height": 327 },
			"idle_UR_171_": { "x": 290.5, "y": 163.5, "width": 581, "height": 327 },
			"idle_UR_174_": { "x": 290.5, "y": 163.5, "width": 581, "height": 327 },
			"idle_UR_177_": { "x": 290.5, "y": 163.5, "width": 581, "height": 327 },
			"idle_UR_180_": { "x": 290.5, "y": 163.5, "width": 581, "height": 327 },
			"idle_UR_181_": { "x": 290.5, "y": 163.5, "width": 581, "height": 327 }
		}
	}
},
"animations": {
	"animation": {
		"slots": {
			"idle_DL_": {
				"attachment": [
					{ "time": 4, "name": "idle_DL_120_" },
					{ "time": 4.1, "name": "idle_DL_123_" },
					{ "time": 4.2, "name": "idle_DL_126_" },
					{ "time": 4.3, "name": "idle_DL_129_" },
					{ "time": 4.4, "name": "idle_DL_132_" },
					{ "time": 4.5, "name": "idle_DL_135_" },
					{ "time": 4.6, "name": "idle_DL_138_" },
					{ "time": 4.7, "name": "idle_DL_141_" },
					{ "time": 4.8, "name": "idle_DL_144_" },
					{ "time": 4.9, "name": "idle_DL_147_" },
					{ "time": 5, "name": "idle_DL_150_" },
					{ "time": 5.1, "name": "idle_DL_153_" },
					{ "time": 5.2, "name": "idle_DL_156_" },
					{ "time": 5.3, "name": "idle_DL_159_" },
					{ "time": 5.4, "name": "idle_DL_162_" },
					{ "time": 5.5, "name": "idle_DL_165_" },
					{ "time": 5.6, "name": "idle_DL_168_" },
					{ "time": 5.7, "name": "idle_DL_171_" },
					{ "time": 5.8, "name": "idle_DL_174_" },
					{ "time": 5.9, "name": "idle_DL_177_" },
					{ "time": 6, "name": "idle_DL_180_" },
					{ "time": 6.1, "name": "idle_DL_181_" },
					{ "time": 6.2, "name": null }
				]
			},
			"idle_DR_": {
				"attachment": [
					{ "time": 4, "name": "idle_DR_120_" },
					{ "time": 4.1, "name": "idle_DR_123_" },
					{ "time": 4.2, "name": "idle_DR_126_" },
					{ "time": 4.3, "name": "idle_DR_129_" },
					{ "time": 4.4, "name": "idle_DR_132_" },
					{ "time": 4.5, "name": "idle_DR_135_" },
					{ "time": 4.6, "name": "idle_DR_138_" },
					{ "time": 4.7, "name": "idle_DR_141_" },
					{ "time": 4.8, "name": "idle_DR_144_" },
					{ "time": 4.9, "name": "idle_DR_147_" },
					{ "time": 5, "name": "idle_DR_150_" },
					{ "time": 5.1, "name": "idle_DR_153_" },
					{ "time": 5.2, "name": "idle_DR_156_" },
					{ "time": 5.3, "name": "idle_DR_159_" },
					{ "time": 5.4, "name": "idle_DR_162_" },
					{ "time": 5.5, "name": "idle_DR_165_" },
					{ "time": 5.6, "name": "idle_DR_168_" },
					{ "time": 5.7, "name": "idle_DR_171_" },
					{ "time": 5.8, "name": "idle_DR_174_" },
					{ "time": 5.9, "name": "idle_DR_177_" },
					{ "time": 6, "name": "idle_DR_180_" },
					{ "time": 6.1, "name": "idle_DR_181_" },
					{ "time": 6.2, "name": null }
				]
			},
			"idle_UL_": {
				"attachment": [
					{ "time": 4, "name": "idle_UL_120_" },
					{ "time": 4.1, "name": "idle_UL_123_" },
					{ "time": 4.2, "name": "idle_UL_126_" },
					{ "time": 4.3, "name": "idle_UL_129_" },
					{ "time": 4.4, "name": "idle_UL_132_" },
					{ "time": 4.5, "name": "idle_UL_135_" },
					{ "time": 4.6, "name": "idle_UL_138_" },
					{ "time": 4.7, "name": "idle_UL_141_" },
					{ "time": 4.8, "name": "idle_UL_144_" },
					{ "time": 4.9, "name": "idle_UL_147_" },
					{ "time": 5, "name": "idle_UL_150_" },
					{ "time": 5.1, "name": "idle_UL_153_" },
					{ "time": 5.2, "name": "idle_UL_156_" },
					{ "time": 5.3, "name": "idle_UL_159_" },
					{ "time": 5.4, "name": "idle_UL_162_" },
					{ "time": 5.5, "name": "idle_UL_165_" },
					{ "time": 5.6, "name": "idle_UL_168_" },
					{ "time": 5.7, "name": "idle_UL_171_" },
					{ "time": 5.8, "name": "idle_UL_174_" },
					{ "time": 5.9, "name": "idle_UL_177_" },
					{ "time": 6, "name": "idle_UL_180_" },
					{ "time": 6.1, "name": "idle_UL_181_" },
					{ "time": 6.2, "name": null }
				]
			},
			"idle_UR_": {
				"attachment": [
					{ "time": 4, "name": "idle_UR_120_" },
					{ "time": 4.1, "name": "idle_UR_123_" },
					{ "time": 4.2, "name": "idle_UR_126_" },
					{ "time": 4.3, "name": "idle_UR_129_" },
					{ "time": 4.4, "name": "idle_UR_132_" },
					{ "time": 4.5, "name": "idle_UR_135_" },
					{ "time": 4.6, "name": "idle_UR_138_" },
					{ "time": 4.7, "name": "idle_UR_141_" },
					{ "time": 4.8, "name": "idle_UR_144_" },
					{ "time": 4.9, "name": "idle_UR_147_" },
					{ "time": 5, "name": "idle_UR_150_" },
					{ "time": 5.1, "name": "idle_UR_153_" },
					{ "time": 5.2, "name": "idle_UR_156_" },
					{ "time": 5.3, "name": "idle_UR_159_" },
					{ "time": 5.4, "name": "idle_UR_162_" },
					{ "time": 5.5, "name": "idle_UR_165_" },
					{ "time": 5.6, "name": "idle_UR_168_" },
					{ "time": 5.7, "name": "idle_UR_171_" },
					{ "time": 5.8, "name": "idle_UR_174_" },
					{ "time": 5.9, "name": "idle_UR_177_" },
					{ "time": 6, "name": "idle_UR_180_" },
					{ "time": 6.1, "name": "idle_UR_181_" },
					{ "time": 6.2, "name": null }
				]
			}
		},
		"bones": {
			"ctr": {
				"translate": [
					{ "time": 0, "x": 0, "y": 0 }
				]
			}
		}
	}
}
}