{
"skeleton": { "hash": "+I90YRW8wirwxNxZ8TOq/bRiegc", "spine": "2.1.27", "width": 90, "height": 80 },
"bones": [
	{ "name": "root" },
	{ "name": "bone", "parent": "root", "x": 21.6, "y": 77.02 }
],
"slots": [
	{ "name": "hsxqw_beijingi_", "bone": "bone", "attachment": "hsxqw_beijingi_" },
	{ "name": "hsxqw_zi_", "bone": "bone", "attachment": "hsxqw_zi_" }
],
"skins": {
	"default": {
		"hsxqw_beijingi_": {
			"hsxqw_beijingi_": {
				"type": "mesh",
				"uvs": [ 1, 1, 0, 1, 0, 0, 1, 0 ],
				"triangles": [ 1, 2, 3, 1, 3, 0 ],
				"vertices": [ 36.89, -74.01999, -53.1, -74.01999, -53.1, 5.97, 36.89, 5.97 ],
				"hull": 4
			}
		},
		"hsxqw_zi_": {
			"hsxqw_zi_": {
				"type": "mesh",
				"uvs": [ 1, 1, 0, 1, 0, 0, 1, 0 ],
				"triangles": [ 1, 2, 3, 1, 3, 0 ],
				"vertices": [ 35.89, -62.02, -48.1, -62.02, -48.1, -1.02, 35.89, -1.02 ],
				"hull": 4
			}
		}
	}
},
"animations": {
	"animation": {
		"slots": {
			"hsxqw_zi_": {
				"color": [
					{ "time": 0, "color": "ffffffff" },
					{ "time": 0.3333, "color": "ffffff1e" },
					{ "time": 0.6333, "color": "ffffffff" },
					{ "time": 1, "color": "ffffff25" },
					{ "time": 1.3666, "color": "ffffffff" }
				]
			}
		},
		"bones": {
			"root": {
				"translate": [
					{ "time": 0, "x": 0.34, "y": 0 }
				],
				"scale": [
					{ "time": 0, "x": 0.974, "y": 0.974 }
				]
			},
			"bone": {
				"rotate": [
					{ "time": 0, "angle": 3.87, "curve": "stepped" },
					{ "time": 0.6333, "angle": 3.87, "curve": "stepped" },
					{ "time": 1.3666, "angle": 3.87 }
				],
				"translate": [
					{ "time": 0, "x": 0, "y": 0 },
					{ "time": 0.3333, "x": 0, "y": 1.3 },
					{ "time": 0.6333, "x": 0, "y": 0 },
					{ "time": 1, "x": 0, "y": 2.18 },
					{ "time": 1.3666, "x": 0, "y": 0 }
				],
				"scale": [
					{ "time": 0, "x": 1, "y": 1 },
					{ "time": 0.3333, "x": 0.978, "y": 0.978 },
					{ "time": 0.6333, "x": 1.056, "y": 1.056 },
					{ "time": 1, "x": 0.978, "y": 0.978 },
					{ "time": 1.3666, "x": 1, "y": 1 }
				]
			}
		},
		"ffd": {
			"default": {
				"hsxqw_zi_": {
					"hsxqw_zi_": [
						{
							"time": 0,
							"vertices": [ 4.1208, -2.99253, -4.12076, -2.99251, -4.12077, 2.99239, 4.1208, 2.9924 ]
						},
						{
							"time": 0.3333,
							"vertices": [ -2.11301, 1.53425, 2.11292, 1.53428, 2.11291, -1.53459, -2.113, -1.53456 ]
						},
						{
							"time": 0.6333,
							"vertices": [ 4.1208, -2.99253, -4.12076, -2.99251, -4.12077, 2.99239, 4.1208, 2.9924 ]
						},
						{
							"time": 1,
							"vertices": [ -2.11301, 1.53425, 2.11292, 1.53428, 2.11291, -1.53459, -2.113, -1.53456 ]
						},
						{
							"time": 1.3666,
							"vertices": [ 4.1208, -2.99253, -4.12076, -2.99251, -4.12077, 2.99239, 4.1208, 2.9924 ]
						}
					]
				}
			}
		}
	}
}
}