{
"skeleton": { "hash": "px7jYM9qlhNYb9SVoPztS6dPeSM", "spine": "3.7.94", "width": 0, "height": 0, "images": "", "audio": "" },
"bones": [
	{ "name": "root" },
	{ "name": "walk2", "parent": "root" },
	{ "name": "walk3", "parent": "root" },
	{ "name": "walk4", "parent": "root" },
	{ "name": "walk5", "parent": "root" },
	{ "name": "walk6", "parent": "root" },
	{ "name": "yz2", "parent": "walk2" },
	{ "name": "yz3", "parent": "walk3" },
	{ "name": "yz4", "parent": "walk4" },
	{ "name": "yz5", "parent": "walk5" },
	{ "name": "yz6", "parent": "walk6" },
	{ "name": "00", "parent": "walk4" }
],
"slots": [
	{ "name": "root", "bone": "yz2", "color": "ffffff92" },
	{ "name": "root2", "bone": "yz3", "color": "ffffff92" },
	{ "name": "root3", "bone": "yz4", "color": "ffffff92" },
	{ "name": "root4", "bone": "yz5", "color": "ffffff92" },
	{ "name": "root5", "bone": "yz6", "color": "ffffff92" },
	{ "name": "Duo_walk2_000_", "bone": "walk2" },
	{ "name": "Duo_walk2_001_", "bone": "walk2" },
	{ "name": "Duo_walk2_002_", "bone": "walk2" },
	{ "name": "Duo_walk2_003_", "bone": "walk2" },
	{ "name": "Duo_walk2_004_", "bone": "walk2" },
	{ "name": "Duo_walk2_005_", "bone": "walk2" },
	{ "name": "Duo_walk2_006_", "bone": "walk2" },
	{ "name": "Duo_walk2_007_", "bone": "walk2" },
	{ "name": "Duo_walk2_008_", "bone": "walk2" },
	{ "name": "Duo_walk2_009_", "bone": "walk2" },
	{ "name": "Duo_walk2_010_", "bone": "walk2" },
	{ "name": "Duo_walk2_011_", "bone": "walk2" },
	{ "name": "Duo_walk2_012_", "bone": "walk2" },
	{ "name": "Duo_walk2_013_", "bone": "walk2" },
	{ "name": "Duo_walk2_014_", "bone": "walk2" },
	{ "name": "Duo_walk2_015_", "bone": "walk2" },
	{ "name": "Duo_walk2_016_", "bone": "walk2" },
	{ "name": "Duo_walk2_017_", "bone": "walk2" },
	{ "name": "Duo_walk2_018_", "bone": "walk2" },
	{ "name": "Duo_walk2_019_", "bone": "walk2" },
	{ "name": "Duo_walk2_020_", "bone": "walk2" },
	{ "name": "Duo_walk2_021_", "bone": "walk2" },
	{ "name": "Duo_walk2_022_", "bone": "walk2" },
	{ "name": "Duo_walk2_023_", "bone": "walk2" },
	{ "name": "Duo_walk2_024_", "bone": "walk2" },
	{ "name": "Duo_walk2_025_", "bone": "walk2" },
	{ "name": "Duo_walk2_026_", "bone": "walk2" },
	{ "name": "Duo_walk2_027_", "bone": "walk2" },
	{ "name": "Duo_walk2_028_", "bone": "walk2" },
	{ "name": "Duo_walk2_029_", "bone": "walk2" },
	{ "name": "Duo_walk3_000_", "bone": "walk3" },
	{ "name": "Duo_walk3_001_", "bone": "walk3" },
	{ "name": "Duo_walk3_002_", "bone": "walk3" },
	{ "name": "Duo_walk3_003_", "bone": "walk3" },
	{ "name": "Duo_walk3_004_", "bone": "walk3" },
	{ "name": "Duo_walk3_005_", "bone": "walk3" },
	{ "name": "Duo_walk3_006_", "bone": "walk3" },
	{ "name": "Duo_walk3_007_", "bone": "walk3" },
	{ "name": "Duo_walk3_008_", "bone": "walk3" },
	{ "name": "Duo_walk3_009_", "bone": "walk3" },
	{ "name": "Duo_walk3_010_", "bone": "walk3" },
	{ "name": "Duo_walk3_011_", "bone": "walk3" },
	{ "name": "Duo_walk3_012_", "bone": "walk3" },
	{ "name": "Duo_walk3_013_", "bone": "walk3" },
	{ "name": "Duo_walk3_014_", "bone": "walk3" },
	{ "name": "Duo_walk3_015_", "bone": "walk3" },
	{ "name": "Duo_walk3_016_", "bone": "walk3" },
	{ "name": "Duo_walk3_017_", "bone": "walk3" },
	{ "name": "Duo_walk3_018_", "bone": "walk3" },
	{ "name": "Duo_walk3_019_", "bone": "walk3" },
	{ "name": "Duo_walk3_020_", "bone": "walk3" },
	{ "name": "Duo_walk3_021_", "bone": "walk3" },
	{ "name": "Duo_walk3_022_", "bone": "walk3" },
	{ "name": "Duo_walk3_023_", "bone": "walk3" },
	{ "name": "Duo_walk3_024_", "bone": "walk3" },
	{ "name": "Duo_walk3_025_", "bone": "walk3" },
	{ "name": "Duo_walk3_026_", "bone": "walk3" },
	{ "name": "Duo_walk3_027_", "bone": "walk3" },
	{ "name": "Duo_walk3_028_", "bone": "walk3" },
	{ "name": "Duo_walk3_029_", "bone": "walk3" },
	{ "name": "Duo_walk4_000_", "bone": "00" },
	{ "name": "Duo_walk4_001_", "bone": "00" },
	{ "name": "Duo_walk4_002_", "bone": "00" },
	{ "name": "Duo_walk4_003_", "bone": "00" },
	{ "name": "Duo_walk4_004_", "bone": "00" },
	{ "name": "Duo_walk4_005_", "bone": "00" },
	{ "name": "Duo_walk4_006_", "bone": "00" },
	{ "name": "Duo_walk4_007_", "bone": "00" },
	{ "name": "Duo_walk4_008_", "bone": "00" },
	{ "name": "Duo_walk4_009_", "bone": "00" },
	{ "name": "Duo_walk4_010_", "bone": "00" },
	{ "name": "Duo_walk4_011_", "bone": "00" },
	{ "name": "Duo_walk4_012_", "bone": "00" },
	{ "name": "Duo_walk4_013_", "bone": "00" },
	{ "name": "Duo_walk4_014_", "bone": "00" },
	{ "name": "Duo_walk4_015_", "bone": "00" },
	{ "name": "Duo_walk4_016_", "bone": "00" },
	{ "name": "Duo_walk4_017_", "bone": "00" },
	{ "name": "Duo_walk4_018_", "bone": "00" },
	{ "name": "Duo_walk4_019_", "bone": "00" },
	{ "name": "Duo_walk4_020_", "bone": "00" },
	{ "name": "Duo_walk4_021_", "bone": "00" },
	{ "name": "Duo_walk4_022_", "bone": "00" },
	{ "name": "Duo_walk4_023_", "bone": "00" },
	{ "name": "Duo_walk4_024_", "bone": "00" },
	{ "name": "Duo_walk4_025_", "bone": "00" },
	{ "name": "Duo_walk4_026_", "bone": "00" },
	{ "name": "Duo_walk4_027_", "bone": "00" },
	{ "name": "Duo_walk4_028_", "bone": "00" },
	{ "name": "Duo_walk4_029_", "bone": "00" },
	{ "name": "Duo_walk5_000_", "bone": "walk5" },
	{ "name": "Duo_walk5_001_", "bone": "walk5" },
	{ "name": "Duo_walk5_002_", "bone": "walk5" },
	{ "name": "Duo_walk5_003_", "bone": "walk5" },
	{ "name": "Duo_walk5_004_", "bone": "walk5" },
	{ "name": "Duo_walk5_005_", "bone": "walk5" },
	{ "name": "Duo_walk5_006_", "bone": "walk5" },
	{ "name": "Duo_walk5_007_", "bone": "walk5" },
	{ "name": "Duo_walk5_008_", "bone": "walk5" },
	{ "name": "Duo_walk5_009_", "bone": "walk5" },
	{ "name": "Duo_walk5_010_", "bone": "walk5" },
	{ "name": "Duo_walk5_011_", "bone": "walk5" },
	{ "name": "Duo_walk5_012_", "bone": "walk5" },
	{ "name": "Duo_walk5_013_", "bone": "walk5" },
	{ "name": "Duo_walk5_014_", "bone": "walk5" },
	{ "name": "Duo_walk5_015_", "bone": "walk5" },
	{ "name": "Duo_walk5_016_", "bone": "walk5" },
	{ "name": "Duo_walk5_017_", "bone": "walk5" },
	{ "name": "Duo_walk5_018_", "bone": "walk5" },
	{ "name": "Duo_walk5_019_", "bone": "walk5" },
	{ "name": "Duo_walk5_020_", "bone": "walk5" },
	{ "name": "Duo_walk5_021_", "bone": "walk5" },
	{ "name": "Duo_walk5_022_", "bone": "walk5" },
	{ "name": "Duo_walk5_023_", "bone": "walk5" },
	{ "name": "Duo_walk5_024_", "bone": "walk5" },
	{ "name": "Duo_walk5_025_", "bone": "walk5" },
	{ "name": "Duo_walk5_026_", "bone": "walk5" },
	{ "name": "Duo_walk5_027_", "bone": "walk5" },
	{ "name": "Duo_walk5_028_", "bone": "walk5" },
	{ "name": "Duo_walk5_029_", "bone": "walk5" },
	{ "name": "Duo_walk6_000_", "bone": "walk6" },
	{ "name": "Duo_walk6_001_", "bone": "walk6" },
	{ "name": "Duo_walk6_002_", "bone": "walk6" },
	{ "name": "Duo_walk6_003_", "bone": "walk6" },
	{ "name": "Duo_walk6_004_", "bone": "walk6" },
	{ "name": "Duo_walk6_005_", "bone": "walk6" },
	{ "name": "Duo_walk6_006_", "bone": "walk6" },
	{ "name": "Duo_walk6_007_", "bone": "walk6" },
	{ "name": "Duo_walk6_008_", "bone": "walk6" },
	{ "name": "Duo_walk6_009_", "bone": "walk6" },
	{ "name": "Duo_walk6_010_", "bone": "walk6" },
	{ "name": "Duo_walk6_011_", "bone": "walk6" },
	{ "name": "Duo_walk6_012_", "bone": "walk6" },
	{ "name": "Duo_walk6_013_", "bone": "walk6" },
	{ "name": "Duo_walk6_014_", "bone": "walk6" },
	{ "name": "Duo_walk6_015_", "bone": "walk6" },
	{ "name": "Duo_walk6_016_", "bone": "walk6" },
	{ "name": "Duo_walk6_017_", "bone": "walk6" },
	{ "name": "Duo_walk6_018_", "bone": "walk6" },
	{ "name": "Duo_walk6_019_", "bone": "walk6" },
	{ "name": "Duo_walk6_020_", "bone": "walk6" },
	{ "name": "Duo_walk6_021_", "bone": "walk6" },
	{ "name": "Duo_walk6_022_", "bone": "walk6" },
	{ "name": "Duo_walk6_023_", "bone": "walk6" },
	{ "name": "Duo_walk6_024_", "bone": "walk6" },
	{ "name": "Duo_walk6_025_", "bone": "walk6" },
	{ "name": "Duo_walk6_026_", "bone": "walk6" },
	{ "name": "Duo_walk6_027_", "bone": "walk6" },
	{ "name": "Duo_walk6_028_", "bone": "walk6" },
	{ "name": "Duo_walk6_029_", "bone": "walk6" }
],
"skins": {
	"default": {
		"Duo_walk2_000_": {
			"Duo_walk2_000_": { "y": 122, "width": 600, "height": 600 }
		},
		"Duo_walk2_001_": {
			"Duo_walk2_001_": { "y": 122, "width": 600, "height": 600 }
		},
		"Duo_walk2_002_": {
			"Duo_walk2_002_": { "y": 122, "width": 600, "height": 600 }
		},
		"Duo_walk2_003_": {
			"Duo_walk2_003_": { "y": 122, "width": 600, "height": 600 }
		},
		"Duo_walk2_004_": {
			"Duo_walk2_004_": { "y": 122, "width": 600, "height": 600 }
		},
		"Duo_walk2_005_": {
			"Duo_walk2_005_": { "y": 122, "width": 600, "height": 600 }
		},
		"Duo_walk2_006_": {
			"Duo_walk2_006_": { "y": 122, "width": 600, "height": 600 }
		},
		"Duo_walk2_007_": {
			"Duo_walk2_007_": { "y": 122, "width": 600, "height": 600 }
		},
		"Duo_walk2_008_": {
			"Duo_walk2_008_": { "y": 122, "width": 600, "height": 600 }
		},
		"Duo_walk2_009_": {
			"Duo_walk2_009_": { "y": 122, "width": 600, "height": 600 }
		},
		"Duo_walk2_010_": {
			"Duo_walk2_010_": { "y": 122, "width": 600, "height": 600 }
		},
		"Duo_walk2_011_": {
			"Duo_walk2_011_": { "y": 122, "width": 600, "height": 600 }
		},
		"Duo_walk2_012_": {
			"Duo_walk2_012_": { "y": 122, "width": 600, "height": 600 }
		},
		"Duo_walk2_013_": {
			"Duo_walk2_013_": { "y": 122, "width": 600, "height": 600 }
		},
		"Duo_walk2_014_": {
			"Duo_walk2_014_": { "y": 122, "width": 600, "height": 600 }
		},
		"Duo_walk2_015_": {
			"Duo_walk2_015_": { "y": 122, "width": 600, "height": 600 }
		},
		"Duo_walk2_016_": {
			"Duo_walk2_016_": { "y": 122, "width": 600, "height": 600 }
		},
		"Duo_walk2_017_": {
			"Duo_walk2_017_": { "y": 122, "width": 600, "height": 600 }
		},
		"Duo_walk2_018_": {
			"Duo_walk2_018_": { "y": 122, "width": 600, "height": 600 }
		},
		"Duo_walk2_019_": {
			"Duo_walk2_019_": { "y": 122, "width": 600, "height": 600 }
		},
		"Duo_walk2_020_": {
			"Duo_walk2_020_": { "y": 122, "width": 600, "height": 600 }
		},
		"Duo_walk2_021_": {
			"Duo_walk2_021_": { "y": 122, "width": 600, "height": 600 }
		},
		"Duo_walk2_022_": {
			"Duo_walk2_022_": { "y": 122, "width": 600, "height": 600 }
		},
		"Duo_walk2_023_": {
			"Duo_walk2_023_": { "y": 122, "width": 600, "height": 600 }
		},
		"Duo_walk2_024_": {
			"Duo_walk2_024_": { "y": 122, "width": 600, "height": 600 }
		},
		"Duo_walk2_025_": {
			"Duo_walk2_025_": { "y": 122, "width": 600, "height": 600 }
		},
		"Duo_walk2_026_": {
			"Duo_walk2_026_": { "y": 122, "width": 600, "height": 600 }
		},
		"Duo_walk2_027_": {
			"Duo_walk2_027_": { "y": 122, "width": 600, "height": 600 }
		},
		"Duo_walk2_028_": {
			"Duo_walk2_028_": { "y": 122, "width": 600, "height": 600 }
		},
		"Duo_walk2_029_": {
			"Duo_walk2_029_": { "y": 122, "width": 600, "height": 600 }
		},
		"Duo_walk3_000_": {
			"Duo_walk3_000_": { "y": 122, "width": 600, "height": 600 }
		},
		"Duo_walk3_001_": {
			"Duo_walk3_001_": { "y": 122, "width": 600, "height": 600 }
		},
		"Duo_walk3_002_": {
			"Duo_walk3_002_": { "y": 122, "width": 600, "height": 600 }
		},
		"Duo_walk3_003_": {
			"Duo_walk3_003_": { "y": 122, "width": 600, "height": 600 }
		},
		"Duo_walk3_004_": {
			"Duo_walk3_004_": { "y": 122, "width": 600, "height": 600 }
		},
		"Duo_walk3_005_": {
			"Duo_walk3_005_": { "y": 122, "width": 600, "height": 600 }
		},
		"Duo_walk3_006_": {
			"Duo_walk3_006_": { "y": 122, "width": 600, "height": 600 }
		},
		"Duo_walk3_007_": {
			"Duo_walk3_007_": { "y": 122, "width": 600, "height": 600 }
		},
		"Duo_walk3_008_": {
			"Duo_walk3_008_": { "y": 122, "width": 600, "height": 600 }
		},
		"Duo_walk3_009_": {
			"Duo_walk3_009_": { "y": 122, "width": 600, "height": 600 }
		},
		"Duo_walk3_010_": {
			"Duo_walk3_010_": { "y": 122, "width": 600, "height": 600 }
		},
		"Duo_walk3_011_": {
			"Duo_walk3_011_": { "y": 122, "width": 600, "height": 600 }
		},
		"Duo_walk3_012_": {
			"Duo_walk3_012_": { "y": 122, "width": 600, "height": 600 }
		},
		"Duo_walk3_013_": {
			"Duo_walk3_013_": { "y": 122, "width": 600, "height": 600 }
		},
		"Duo_walk3_014_": {
			"Duo_walk3_014_": { "y": 122, "width": 600, "height": 600 }
		},
		"Duo_walk3_015_": {
			"Duo_walk3_015_": { "y": 122, "width": 600, "height": 600 }
		},
		"Duo_walk3_016_": {
			"Duo_walk3_016_": { "y": 122, "width": 600, "height": 600 }
		},
		"Duo_walk3_017_": {
			"Duo_walk3_017_": { "y": 122, "width": 600, "height": 600 }
		},
		"Duo_walk3_018_": {
			"Duo_walk3_018_": { "y": 122, "width": 600, "height": 600 }
		},
		"Duo_walk3_019_": {
			"Duo_walk3_019_": { "y": 122, "width": 600, "height": 600 }
		},
		"Duo_walk3_020_": {
			"Duo_walk3_020_": { "y": 122, "width": 600, "height": 600 }
		},
		"Duo_walk3_021_": {
			"Duo_walk3_021_": { "y": 122, "width": 600, "height": 600 }
		},
		"Duo_walk3_022_": {
			"Duo_walk3_022_": { "y": 122, "width": 600, "height": 600 }
		},
		"Duo_walk3_023_": {
			"Duo_walk3_023_": { "y": 122, "width": 600, "height": 600 }
		},
		"Duo_walk3_024_": {
			"Duo_walk3_024_": { "y": 122, "width": 600, "height": 600 }
		},
		"Duo_walk3_025_": {
			"Duo_walk3_025_": { "y": 122, "width": 600, "height": 600 }
		},
		"Duo_walk3_026_": {
			"Duo_walk3_026_": { "y": 122, "width": 600, "height": 600 }
		},
		"Duo_walk3_027_": {
			"Duo_walk3_027_": { "y": 122, "width": 600, "height": 600 }
		},
		"Duo_walk3_028_": {
			"Duo_walk3_028_": { "y": 122, "width": 600, "height": 600 }
		},
		"Duo_walk3_029_": {
			"Duo_walk3_029_": { "y": 122, "width": 600, "height": 600 }
		},
		"Duo_walk4_000_": {
			"Duo_walk4_000_": { "y": 122, "width": 600, "height": 600 }
		},
		"Duo_walk4_001_": {
			"Duo_walk4_001_": { "y": 122, "width": 600, "height": 600 }
		},
		"Duo_walk4_002_": {
			"Duo_walk4_002_": { "y": 122, "width": 600, "height": 600 }
		},
		"Duo_walk4_003_": {
			"Duo_walk4_003_": { "y": 122, "width": 600, "height": 600 }
		},
		"Duo_walk4_004_": {
			"Duo_walk4_004_": { "y": 122, "width": 600, "height": 600 }
		},
		"Duo_walk4_005_": {
			"Duo_walk4_005_": { "y": 122, "width": 600, "height": 600 }
		},
		"Duo_walk4_006_": {
			"Duo_walk4_006_": { "y": 122, "width": 600, "height": 600 }
		},
		"Duo_walk4_007_": {
			"Duo_walk4_007_": { "y": 122, "width": 600, "height": 600 }
		},
		"Duo_walk4_008_": {
			"Duo_walk4_008_": { "y": 122, "width": 600, "height": 600 }
		},
		"Duo_walk4_009_": {
			"Duo_walk4_009_": { "y": 122, "width": 600, "height": 600 }
		},
		"Duo_walk4_010_": {
			"Duo_walk4_010_": { "y": 122, "width": 600, "height": 600 }
		},
		"Duo_walk4_011_": {
			"Duo_walk4_011_": { "y": 122, "width": 600, "height": 600 }
		},
		"Duo_walk4_012_": {
			"Duo_walk4_012_": { "y": 122, "width": 600, "height": 600 }
		},
		"Duo_walk4_013_": {
			"Duo_walk4_013_": { "y": 122, "width": 600, "height": 600 }
		},
		"Duo_walk4_014_": {
			"Duo_walk4_014_": { "y": 122, "width": 600, "height": 600 }
		},
		"Duo_walk4_015_": {
			"Duo_walk4_015_": { "y": 122, "width": 600, "height": 600 }
		},
		"Duo_walk4_016_": {
			"Duo_walk4_016_": { "y": 122, "width": 600, "height": 600 }
		},
		"Duo_walk4_017_": {
			"Duo_walk4_017_": { "y": 122, "width": 600, "height": 600 }
		},
		"Duo_walk4_018_": {
			"Duo_walk4_018_": { "y": 122, "width": 600, "height": 600 }
		},
		"Duo_walk4_019_": {
			"Duo_walk4_019_": { "y": 122, "width": 600, "height": 600 }
		},
		"Duo_walk4_020_": {
			"Duo_walk4_020_": { "y": 122, "width": 600, "height": 600 }
		},
		"Duo_walk4_021_": {
			"Duo_walk4_021_": { "y": 122, "width": 600, "height": 600 }
		},
		"Duo_walk4_022_": {
			"Duo_walk4_022_": { "y": 122, "width": 600, "height": 600 }
		},
		"Duo_walk4_023_": {
			"Duo_walk4_023_": { "y": 122, "width": 600, "height": 600 }
		},
		"Duo_walk4_024_": {
			"Duo_walk4_024_": { "y": 122, "width": 600, "height": 600 }
		},
		"Duo_walk4_025_": {
			"Duo_walk4_025_": { "y": 122, "width": 600, "height": 600 }
		},
		"Duo_walk4_026_": {
			"Duo_walk4_026_": { "y": 122, "width": 600, "height": 600 }
		},
		"Duo_walk4_027_": {
			"Duo_walk4_027_": { "y": 122, "width": 600, "height": 600 }
		},
		"Duo_walk4_028_": {
			"Duo_walk4_028_": { "y": 122, "width": 600, "height": 600 }
		},
		"Duo_walk4_029_": {
			"Duo_walk4_029_": { "y": 122, "width": 600, "height": 600 }
		},
		"Duo_walk5_000_": {
			"Duo_walk5_000_": { "y": 122, "width": 600, "height": 600 }
		},
		"Duo_walk5_001_": {
			"Duo_walk5_001_": { "y": 122, "width": 600, "height": 600 }
		},
		"Duo_walk5_002_": {
			"Duo_walk5_002_": { "y": 122, "width": 600, "height": 600 }
		},
		"Duo_walk5_003_": {
			"Duo_walk5_003_": { "y": 122, "width": 600, "height": 600 }
		},
		"Duo_walk5_004_": {
			"Duo_walk5_004_": { "y": 122, "width": 600, "height": 600 }
		},
		"Duo_walk5_005_": {
			"Duo_walk5_005_": { "y": 122, "width": 600, "height": 600 }
		},
		"Duo_walk5_006_": {
			"Duo_walk5_006_": { "y": 122, "width": 600, "height": 600 }
		},
		"Duo_walk5_007_": {
			"Duo_walk5_007_": { "y": 122, "width": 600, "height": 600 }
		},
		"Duo_walk5_008_": {
			"Duo_walk5_008_": { "y": 122, "width": 600, "height": 600 }
		},
		"Duo_walk5_009_": {
			"Duo_walk5_009_": { "y": 122, "width": 600, "height": 600 }
		},
		"Duo_walk5_010_": {
			"Duo_walk5_010_": { "y": 122, "width": 600, "height": 600 }
		},
		"Duo_walk5_011_": {
			"Duo_walk5_011_": { "y": 122, "width": 600, "height": 600 }
		},
		"Duo_walk5_012_": {
			"Duo_walk5_012_": { "y": 122, "width": 600, "height": 600 }
		},
		"Duo_walk5_013_": {
			"Duo_walk5_013_": { "y": 122, "width": 600, "height": 600 }
		},
		"Duo_walk5_014_": {
			"Duo_walk5_014_": { "y": 122, "width": 600, "height": 600 }
		},
		"Duo_walk5_015_": {
			"Duo_walk5_015_": { "y": 122, "width": 600, "height": 600 }
		},
		"Duo_walk5_016_": {
			"Duo_walk5_016_": { "y": 122, "width": 600, "height": 600 }
		},
		"Duo_walk5_017_": {
			"Duo_walk5_017_": { "y": 122, "width": 600, "height": 600 }
		},
		"Duo_walk5_018_": {
			"Duo_walk5_018_": { "y": 122, "width": 600, "height": 600 }
		},
		"Duo_walk5_019_": {
			"Duo_walk5_019_": { "y": 122, "width": 600, "height": 600 }
		},
		"Duo_walk5_020_": {
			"Duo_walk5_020_": { "y": 122, "width": 600, "height": 600 }
		},
		"Duo_walk5_021_": {
			"Duo_walk5_021_": { "y": 122, "width": 600, "height": 600 }
		},
		"Duo_walk5_022_": {
			"Duo_walk5_022_": { "y": 122, "width": 600, "height": 600 }
		},
		"Duo_walk5_023_": {
			"Duo_walk5_023_": { "y": 122, "width": 600, "height": 600 }
		},
		"Duo_walk5_024_": {
			"Duo_walk5_024_": { "y": 122, "width": 600, "height": 600 }
		},
		"Duo_walk5_025_": {
			"Duo_walk5_025_": { "y": 122, "width": 600, "height": 600 }
		},
		"Duo_walk5_026_": {
			"Duo_walk5_026_": { "y": 122, "width": 600, "height": 600 }
		},
		"Duo_walk5_027_": {
			"Duo_walk5_027_": { "y": 122, "width": 600, "height": 600 }
		},
		"Duo_walk5_028_": {
			"Duo_walk5_028_": { "y": 122, "width": 600, "height": 600 }
		},
		"Duo_walk5_029_": {
			"Duo_walk5_029_": { "y": 122, "width": 600, "height": 600 }
		},
		"Duo_walk6_000_": {
			"Duo_walk6_000_": { "y": 122, "width": 600, "height": 600 }
		},
		"Duo_walk6_001_": {
			"Duo_walk6_001_": { "y": 122, "width": 600, "height": 600 }
		},
		"Duo_walk6_002_": {
			"Duo_walk6_002_": { "y": 122, "width": 600, "height": 600 }
		},
		"Duo_walk6_003_": {
			"Duo_walk6_003_": { "y": 122, "width": 600, "height": 600 }
		},
		"Duo_walk6_004_": {
			"Duo_walk6_004_": { "y": 122, "width": 600, "height": 600 }
		},
		"Duo_walk6_005_": {
			"Duo_walk6_005_": { "y": 122, "width": 600, "height": 600 }
		},
		"Duo_walk6_006_": {
			"Duo_walk6_006_": { "y": 122, "width": 600, "height": 600 }
		},
		"Duo_walk6_007_": {
			"Duo_walk6_007_": { "y": 122, "width": 600, "height": 600 }
		},
		"Duo_walk6_008_": {
			"Duo_walk6_008_": { "y": 122, "width": 600, "height": 600 }
		},
		"Duo_walk6_009_": {
			"Duo_walk6_009_": { "y": 122, "width": 600, "height": 600 }
		},
		"Duo_walk6_010_": {
			"Duo_walk6_010_": { "y": 122, "width": 600, "height": 600 }
		},
		"Duo_walk6_011_": {
			"Duo_walk6_011_": { "y": 122, "width": 600, "height": 600 }
		},
		"Duo_walk6_012_": {
			"Duo_walk6_012_": { "y": 122, "width": 600, "height": 600 }
		},
		"Duo_walk6_013_": {
			"Duo_walk6_013_": { "y": 122, "width": 600, "height": 600 }
		},
		"Duo_walk6_014_": {
			"Duo_walk6_014_": { "y": 122, "width": 600, "height": 600 }
		},
		"Duo_walk6_015_": {
			"Duo_walk6_015_": { "y": 122, "width": 600, "height": 600 }
		},
		"Duo_walk6_016_": {
			"Duo_walk6_016_": { "y": 122, "width": 600, "height": 600 }
		},
		"Duo_walk6_017_": {
			"Duo_walk6_017_": { "y": 122, "width": 600, "height": 600 }
		},
		"Duo_walk6_018_": {
			"Duo_walk6_018_": { "y": 122, "width": 600, "height": 600 }
		},
		"Duo_walk6_019_": {
			"Duo_walk6_019_": { "y": 122, "width": 600, "height": 600 }
		},
		"Duo_walk6_020_": {
			"Duo_walk6_020_": { "y": 122, "width": 600, "height": 600 }
		},
		"Duo_walk6_021_": {
			"Duo_walk6_021_": { "y": 122, "width": 600, "height": 600 }
		},
		"Duo_walk6_022_": {
			"Duo_walk6_022_": { "y": 122, "width": 600, "height": 600 }
		},
		"Duo_walk6_023_": {
			"Duo_walk6_023_": { "y": 122, "width": 600, "height": 600 }
		},
		"Duo_walk6_024_": {
			"Duo_walk6_024_": { "y": 122, "width": 600, "height": 600 }
		},
		"Duo_walk6_025_": {
			"Duo_walk6_025_": { "y": 122, "width": 600, "height": 600 }
		},
		"Duo_walk6_026_": {
			"Duo_walk6_026_": { "y": 122, "width": 600, "height": 600 }
		},
		"Duo_walk6_027_": {
			"Duo_walk6_027_": { "y": 122, "width": 600, "height": 600 }
		},
		"Duo_walk6_028_": {
			"Duo_walk6_028_": { "y": 122, "width": 600, "height": 600 }
		},
		"Duo_walk6_029_": {
			"Duo_walk6_029_": { "y": 122, "width": 600, "height": 600 }
		},
		"root": {
			"yz_0_": { "x": 0.5, "y": 18.6, "scaleX": 0.7, "scaleY": 0.7, "width": 85, "height": 85 }
		},
		"root2": {
			"yz_0_": { "x": 0.5, "y": 18.6, "scaleX": 0.7, "scaleY": 0.7, "width": 85, "height": 85 }
		},
		"root3": {
			"yz_0_": { "x": 0.5, "y": 18.6, "scaleX": 0.7, "scaleY": 0.7, "width": 85, "height": 85 }
		},
		"root4": {
			"yz_0_": { "x": 0.5, "y": 18.6, "scaleX": 0.7, "scaleY": 0.7, "width": 85, "height": 85 }
		},
		"root5": {
			"yz_0_": { "x": 0.5, "y": 18.6, "scaleX": 0.7, "scaleY": 0.7, "width": 85, "height": 85 }
		}
	}
},
"animations": {
	"walk_0": {
		"slots": {
			"Duo_walk4_000_": {
				"attachment": [
					{ "time": 0, "name": "Duo_walk4_000_" },
					{ "time": 0.0333, "name": null }
				]
			},
			"Duo_walk4_001_": {
				"attachment": [
					{ "time": 0, "name": null },
					{ "time": 0.0333, "name": "Duo_walk4_001_" },
					{ "time": 0.0667, "name": "Duo_walk4_001_" },
					{ "time": 0.1, "name": null }
				]
			},
			"Duo_walk4_002_": {
				"attachment": [
					{ "time": 0, "name": null },
					{ "time": 0.0667, "name": null },
					{ "time": 0.1, "name": "Duo_walk4_002_" },
					{ "time": 0.1333, "name": "Duo_walk4_002_" },
					{ "time": 0.1667, "name": null }
				]
			},
			"Duo_walk4_003_": {
				"attachment": [
					{ "time": 0, "name": null },
					{ "time": 0.1333, "name": null },
					{ "time": 0.1667, "name": "Duo_walk4_003_" },
					{ "time": 0.2, "name": "Duo_walk4_003_" },
					{ "time": 0.2333, "name": null }
				]
			},
			"Duo_walk4_004_": {
				"attachment": [
					{ "time": 0, "name": null },
					{ "time": 0.2, "name": null },
					{ "time": 0.2333, "name": "Duo_walk4_004_" },
					{ "time": 0.2667, "name": "Duo_walk4_004_" },
					{ "time": 0.3, "name": null }
				]
			},
			"Duo_walk4_005_": {
				"attachment": [
					{ "time": 0, "name": null },
					{ "time": 0.2667, "name": null },
					{ "time": 0.3, "name": "Duo_walk4_005_" },
					{ "time": 0.3333, "name": "Duo_walk4_005_" },
					{ "time": 0.3667, "name": null }
				]
			},
			"Duo_walk4_006_": {
				"attachment": [
					{ "time": 0, "name": null },
					{ "time": 0.3333, "name": null },
					{ "time": 0.3667, "name": "Duo_walk4_006_" },
					{ "time": 0.4, "name": "Duo_walk4_006_" },
					{ "time": 0.4333, "name": null }
				]
			},
			"Duo_walk4_007_": {
				"attachment": [
					{ "time": 0, "name": null },
					{ "time": 0.4, "name": null },
					{ "time": 0.4333, "name": "Duo_walk4_007_" },
					{ "time": 0.4667, "name": "Duo_walk4_007_" },
					{ "time": 0.5, "name": null }
				]
			},
			"Duo_walk4_008_": {
				"attachment": [
					{ "time": 0, "name": null },
					{ "time": 0.4667, "name": null },
					{ "time": 0.5, "name": "Duo_walk4_008_" },
					{ "time": 0.5333, "name": "Duo_walk4_008_" },
					{ "time": 0.5667, "name": null }
				]
			},
			"Duo_walk4_009_": {
				"attachment": [
					{ "time": 0, "name": null },
					{ "time": 0.5333, "name": null },
					{ "time": 0.5667, "name": "Duo_walk4_009_" },
					{ "time": 0.6, "name": "Duo_walk4_009_" },
					{ "time": 0.6333, "name": null }
				]
			},
			"Duo_walk4_010_": {
				"attachment": [
					{ "time": 0, "name": null },
					{ "time": 0.6, "name": null },
					{ "time": 0.6333, "name": "Duo_walk4_010_" },
					{ "time": 0.6667, "name": "Duo_walk4_010_" },
					{ "time": 0.7, "name": null }
				]
			},
			"Duo_walk4_011_": {
				"attachment": [
					{ "time": 0, "name": null },
					{ "time": 0.6667, "name": null },
					{ "time": 0.7, "name": "Duo_walk4_011_" },
					{ "time": 0.7333, "name": "Duo_walk4_011_" },
					{ "time": 0.7667, "name": null }
				]
			},
			"Duo_walk4_012_": {
				"attachment": [
					{ "time": 0, "name": null },
					{ "time": 0.7333, "name": null },
					{ "time": 0.7667, "name": "Duo_walk4_012_" },
					{ "time": 0.8, "name": "Duo_walk4_012_" },
					{ "time": 0.8333, "name": null }
				]
			},
			"Duo_walk4_013_": {
				"attachment": [
					{ "time": 0, "name": null },
					{ "time": 0.8, "name": null },
					{ "time": 0.8333, "name": "Duo_walk4_013_" },
					{ "time": 0.8667, "name": "Duo_walk4_013_" },
					{ "time": 0.9, "name": null }
				]
			},
			"Duo_walk4_014_": {
				"attachment": [
					{ "time": 0, "name": null },
					{ "time": 0.8667, "name": null },
					{ "time": 0.9, "name": "Duo_walk4_014_" },
					{ "time": 0.9333, "name": "Duo_walk4_014_" },
					{ "time": 0.9667, "name": null }
				]
			},
			"Duo_walk4_015_": {
				"attachment": [
					{ "time": 0, "name": null },
					{ "time": 0.9333, "name": null },
					{ "time": 0.9667, "name": "Duo_walk4_015_" },
					{ "time": 1, "name": "Duo_walk4_015_" },
					{ "time": 1.0333, "name": null }
				]
			},
			"Duo_walk4_016_": {
				"attachment": [
					{ "time": 0, "name": null },
					{ "time": 1, "name": null },
					{ "time": 1.0333, "name": "Duo_walk4_016_" },
					{ "time": 1.0667, "name": "Duo_walk4_016_" },
					{ "time": 1.1, "name": null }
				]
			},
			"Duo_walk4_017_": {
				"attachment": [
					{ "time": 0, "name": null },
					{ "time": 1.0667, "name": null },
					{ "time": 1.1, "name": "Duo_walk4_017_" },
					{ "time": 1.1333, "name": "Duo_walk4_017_" },
					{ "time": 1.1667, "name": null }
				]
			},
			"Duo_walk4_018_": {
				"attachment": [
					{ "time": 0, "name": null },
					{ "time": 1.1333, "name": null },
					{ "time": 1.1667, "name": "Duo_walk4_018_" },
					{ "time": 1.2, "name": "Duo_walk4_018_" },
					{ "time": 1.2333, "name": null }
				]
			},
			"Duo_walk4_019_": {
				"attachment": [
					{ "time": 0, "name": null },
					{ "time": 1.2, "name": null },
					{ "time": 1.2333, "name": "Duo_walk4_019_" },
					{ "time": 1.2667, "name": "Duo_walk4_019_" },
					{ "time": 1.3, "name": null }
				]
			},
			"Duo_walk4_020_": {
				"attachment": [
					{ "time": 0, "name": null },
					{ "time": 1.2667, "name": null },
					{ "time": 1.3, "name": "Duo_walk4_020_" },
					{ "time": 1.3333, "name": "Duo_walk4_020_" },
					{ "time": 1.3667, "name": null }
				]
			},
			"Duo_walk4_021_": {
				"attachment": [
					{ "time": 0, "name": null },
					{ "time": 1.3333, "name": null },
					{ "time": 1.3667, "name": "Duo_walk4_021_" },
					{ "time": 1.4, "name": "Duo_walk4_021_" },
					{ "time": 1.4333, "name": null }
				]
			},
			"Duo_walk4_022_": {
				"attachment": [
					{ "time": 0, "name": null },
					{ "time": 1.4, "name": null },
					{ "time": 1.4333, "name": "Duo_walk4_022_" },
					{ "time": 1.4667, "name": "Duo_walk4_022_" },
					{ "time": 1.5, "name": null }
				]
			},
			"Duo_walk4_023_": {
				"attachment": [
					{ "time": 0, "name": null },
					{ "time": 1.4667, "name": null },
					{ "time": 1.5, "name": "Duo_walk4_023_" },
					{ "time": 1.5333, "name": "Duo_walk4_023_" },
					{ "time": 1.5667, "name": null }
				]
			},
			"Duo_walk4_024_": {
				"attachment": [
					{ "time": 0, "name": null },
					{ "time": 1.5333, "name": null },
					{ "time": 1.5667, "name": "Duo_walk4_024_" },
					{ "time": 1.6, "name": "Duo_walk4_024_" },
					{ "time": 1.6333, "name": null }
				]
			},
			"Duo_walk4_025_": {
				"attachment": [
					{ "time": 0, "name": null },
					{ "time": 1.6, "name": null },
					{ "time": 1.6333, "name": "Duo_walk4_025_" },
					{ "time": 1.6667, "name": "Duo_walk4_025_" },
					{ "time": 1.7, "name": null }
				]
			},
			"Duo_walk4_026_": {
				"attachment": [
					{ "time": 0, "name": null },
					{ "time": 1.6667, "name": null },
					{ "time": 1.7, "name": "Duo_walk4_026_" },
					{ "time": 1.7333, "name": "Duo_walk4_026_" },
					{ "time": 1.7667, "name": null }
				]
			},
			"Duo_walk4_027_": {
				"attachment": [
					{ "time": 0, "name": null },
					{ "time": 1.7333, "name": null },
					{ "time": 1.7667, "name": "Duo_walk4_027_" },
					{ "time": 1.8, "name": "Duo_walk4_027_" },
					{ "time": 1.8333, "name": null }
				]
			},
			"Duo_walk4_028_": {
				"attachment": [
					{ "time": 0, "name": null },
					{ "time": 1.8, "name": null },
					{ "time": 1.8333, "name": "Duo_walk4_028_" },
					{ "time": 1.8667, "name": "Duo_walk4_028_" },
					{ "time": 1.9, "name": null }
				]
			},
			"Duo_walk4_029_": {
				"attachment": [
					{ "time": 0, "name": null },
					{ "time": 1.8667, "name": null },
					{ "time": 1.9, "name": "Duo_walk4_029_" },
					{ "time": 1.9333, "name": "Duo_walk4_029_" },
					{ "time": 1.9667, "name": null }
				]
			},
			"root3": {
				"attachment": [
					{ "time": 0, "name": "yz_0_" }
				]
			}
		},
		"bones": {
			"walk4": {
				"scale": [
					{ "time": 0, "x": -1, "y": 1 }
				]
			},
			"00": {
				"translate": [
					{ "time": 0, "x": 25, "y": 0 }
				]
			}
		}
	},
	"walk_1": {
		"slots": {
			"Duo_walk2_000_": {
				"attachment": [
					{ "time": 0.0333, "name": null }
				]
			},
			"Duo_walk2_001_": {
				"attachment": [
					{ "time": 0.0333, "name": null }
				]
			},
			"Duo_walk2_002_": {
				"attachment": [
					{ "time": 0.0333, "name": null }
				]
			},
			"Duo_walk2_003_": {
				"attachment": [
					{ "time": 0.0333, "name": null }
				]
			},
			"Duo_walk2_004_": {
				"attachment": [
					{ "time": 0.0333, "name": null }
				]
			},
			"Duo_walk2_005_": {
				"attachment": [
					{ "time": 0.0333, "name": null }
				]
			},
			"Duo_walk2_006_": {
				"attachment": [
					{ "time": 0.0333, "name": null }
				]
			},
			"Duo_walk2_007_": {
				"attachment": [
					{ "time": 0.0333, "name": null }
				]
			},
			"Duo_walk2_008_": {
				"attachment": [
					{ "time": 0.0333, "name": null }
				]
			},
			"Duo_walk2_009_": {
				"attachment": [
					{ "time": 0.0333, "name": null }
				]
			},
			"Duo_walk2_010_": {
				"attachment": [
					{ "time": 0.0333, "name": null }
				]
			},
			"Duo_walk2_011_": {
				"attachment": [
					{ "time": 0.0333, "name": null }
				]
			},
			"Duo_walk2_012_": {
				"attachment": [
					{ "time": 0.0333, "name": null }
				]
			},
			"Duo_walk2_013_": {
				"attachment": [
					{ "time": 0.0333, "name": null }
				]
			},
			"Duo_walk2_014_": {
				"attachment": [
					{ "time": 0.0333, "name": null }
				]
			},
			"Duo_walk2_015_": {
				"attachment": [
					{ "time": 0.0333, "name": null }
				]
			},
			"Duo_walk2_016_": {
				"attachment": [
					{ "time": 0.0333, "name": null }
				]
			},
			"Duo_walk2_017_": {
				"attachment": [
					{ "time": 0.0333, "name": null }
				]
			},
			"Duo_walk2_018_": {
				"attachment": [
					{ "time": 0.0333, "name": null }
				]
			},
			"Duo_walk2_019_": {
				"attachment": [
					{ "time": 0.0333, "name": null }
				]
			},
			"Duo_walk2_020_": {
				"attachment": [
					{ "time": 0.0333, "name": null }
				]
			},
			"Duo_walk2_021_": {
				"attachment": [
					{ "time": 0.0333, "name": null }
				]
			},
			"Duo_walk2_022_": {
				"attachment": [
					{ "time": 0.0333, "name": null }
				]
			},
			"Duo_walk2_023_": {
				"attachment": [
					{ "time": 0.0333, "name": null }
				]
			},
			"Duo_walk2_024_": {
				"attachment": [
					{ "time": 0.0333, "name": null }
				]
			},
			"Duo_walk2_025_": {
				"attachment": [
					{ "time": 0.0333, "name": null }
				]
			},
			"Duo_walk2_026_": {
				"attachment": [
					{ "time": 0.0333, "name": null }
				]
			},
			"Duo_walk2_027_": {
				"attachment": [
					{ "time": 0.0333, "name": null }
				]
			},
			"Duo_walk2_028_": {
				"attachment": [
					{ "time": 0.0333, "name": null }
				]
			},
			"Duo_walk2_029_": {
				"attachment": [
					{ "time": 0.0333, "name": null }
				]
			},
			"Duo_walk3_000_": {
				"attachment": [
					{ "time": 0, "name": "Duo_walk3_000_" },
					{ "time": 0.0333, "name": null }
				]
			},
			"Duo_walk3_001_": {
				"attachment": [
					{ "time": 0, "name": null },
					{ "time": 0.0333, "name": "Duo_walk3_001_" },
					{ "time": 0.0667, "name": "Duo_walk3_001_" },
					{ "time": 0.1, "name": null }
				]
			},
			"Duo_walk3_002_": {
				"attachment": [
					{ "time": 0, "name": null },
					{ "time": 0.0667, "name": null },
					{ "time": 0.1, "name": "Duo_walk3_002_" },
					{ "time": 0.1333, "name": "Duo_walk3_002_" },
					{ "time": 0.1667, "name": null }
				]
			},
			"Duo_walk3_003_": {
				"attachment": [
					{ "time": 0, "name": null },
					{ "time": 0.1333, "name": null },
					{ "time": 0.1667, "name": "Duo_walk3_003_" },
					{ "time": 0.2, "name": "Duo_walk3_003_" },
					{ "time": 0.2333, "name": null }
				]
			},
			"Duo_walk3_004_": {
				"attachment": [
					{ "time": 0, "name": null },
					{ "time": 0.2, "name": null },
					{ "time": 0.2333, "name": "Duo_walk3_004_" },
					{ "time": 0.2667, "name": "Duo_walk3_004_" },
					{ "time": 0.3, "name": null }
				]
			},
			"Duo_walk3_005_": {
				"attachment": [
					{ "time": 0, "name": null },
					{ "time": 0.2667, "name": null },
					{ "time": 0.3, "name": "Duo_walk3_005_" },
					{ "time": 0.3333, "name": "Duo_walk3_005_" },
					{ "time": 0.3667, "name": null }
				]
			},
			"Duo_walk3_006_": {
				"attachment": [
					{ "time": 0, "name": null },
					{ "time": 0.3333, "name": null },
					{ "time": 0.3667, "name": "Duo_walk3_006_" },
					{ "time": 0.4, "name": "Duo_walk3_006_" },
					{ "time": 0.4333, "name": null }
				]
			},
			"Duo_walk3_007_": {
				"attachment": [
					{ "time": 0, "name": null },
					{ "time": 0.4, "name": null },
					{ "time": 0.4333, "name": "Duo_walk3_007_" },
					{ "time": 0.4667, "name": "Duo_walk3_007_" },
					{ "time": 0.5, "name": null }
				]
			},
			"Duo_walk3_008_": {
				"attachment": [
					{ "time": 0, "name": null },
					{ "time": 0.4667, "name": null },
					{ "time": 0.5, "name": "Duo_walk3_008_" },
					{ "time": 0.5333, "name": "Duo_walk3_008_" },
					{ "time": 0.5667, "name": null }
				]
			},
			"Duo_walk3_009_": {
				"attachment": [
					{ "time": 0, "name": null },
					{ "time": 0.5333, "name": null },
					{ "time": 0.5667, "name": "Duo_walk3_009_" },
					{ "time": 0.6, "name": "Duo_walk3_009_" },
					{ "time": 0.6333, "name": null }
				]
			},
			"Duo_walk3_010_": {
				"attachment": [
					{ "time": 0, "name": null },
					{ "time": 0.6, "name": null },
					{ "time": 0.6333, "name": "Duo_walk3_010_" },
					{ "time": 0.6667, "name": "Duo_walk3_010_" },
					{ "time": 0.7, "name": null }
				]
			},
			"Duo_walk3_011_": {
				"attachment": [
					{ "time": 0, "name": null },
					{ "time": 0.6667, "name": null },
					{ "time": 0.7, "name": "Duo_walk3_011_" },
					{ "time": 0.7333, "name": "Duo_walk3_011_" },
					{ "time": 0.7667, "name": null }
				]
			},
			"Duo_walk3_012_": {
				"attachment": [
					{ "time": 0, "name": null },
					{ "time": 0.7333, "name": null },
					{ "time": 0.7667, "name": "Duo_walk3_012_" },
					{ "time": 0.8, "name": "Duo_walk3_012_" },
					{ "time": 0.8333, "name": null }
				]
			},
			"Duo_walk3_013_": {
				"attachment": [
					{ "time": 0, "name": null },
					{ "time": 0.8, "name": null },
					{ "time": 0.8333, "name": "Duo_walk3_013_" },
					{ "time": 0.8667, "name": "Duo_walk3_013_" },
					{ "time": 0.9, "name": null }
				]
			},
			"Duo_walk3_014_": {
				"attachment": [
					{ "time": 0, "name": null },
					{ "time": 0.8667, "name": null },
					{ "time": 0.9, "name": "Duo_walk3_014_" },
					{ "time": 0.9333, "name": "Duo_walk3_014_" },
					{ "time": 0.9667, "name": null }
				]
			},
			"Duo_walk3_015_": {
				"attachment": [
					{ "time": 0, "name": null },
					{ "time": 0.9333, "name": null },
					{ "time": 0.9667, "name": "Duo_walk3_015_" },
					{ "time": 1, "name": "Duo_walk3_015_" },
					{ "time": 1.0333, "name": null }
				]
			},
			"Duo_walk3_016_": {
				"attachment": [
					{ "time": 0, "name": null },
					{ "time": 1, "name": null },
					{ "time": 1.0333, "name": "Duo_walk3_016_" },
					{ "time": 1.0667, "name": "Duo_walk3_016_" },
					{ "time": 1.1, "name": null }
				]
			},
			"Duo_walk3_017_": {
				"attachment": [
					{ "time": 0, "name": null },
					{ "time": 1.0667, "name": null },
					{ "time": 1.1, "name": "Duo_walk3_017_" },
					{ "time": 1.1333, "name": "Duo_walk3_017_" },
					{ "time": 1.1667, "name": null }
				]
			},
			"Duo_walk3_018_": {
				"attachment": [
					{ "time": 0, "name": null },
					{ "time": 1.1333, "name": null },
					{ "time": 1.1667, "name": "Duo_walk3_018_" },
					{ "time": 1.2, "name": "Duo_walk3_018_" },
					{ "time": 1.2333, "name": null }
				]
			},
			"Duo_walk3_019_": {
				"attachment": [
					{ "time": 0, "name": null },
					{ "time": 1.2, "name": null },
					{ "time": 1.2333, "name": "Duo_walk3_019_" },
					{ "time": 1.2667, "name": "Duo_walk3_019_" },
					{ "time": 1.3, "name": null }
				]
			},
			"Duo_walk3_020_": {
				"attachment": [
					{ "time": 0, "name": null },
					{ "time": 1.2667, "name": null },
					{ "time": 1.3, "name": "Duo_walk3_020_" },
					{ "time": 1.3333, "name": "Duo_walk3_020_" },
					{ "time": 1.3667, "name": null }
				]
			},
			"Duo_walk3_021_": {
				"attachment": [
					{ "time": 0, "name": null },
					{ "time": 1.3333, "name": null },
					{ "time": 1.3667, "name": "Duo_walk3_021_" },
					{ "time": 1.4, "name": "Duo_walk3_021_" },
					{ "time": 1.4333, "name": null }
				]
			},
			"Duo_walk3_022_": {
				"attachment": [
					{ "time": 0, "name": null },
					{ "time": 1.4, "name": null },
					{ "time": 1.4333, "name": "Duo_walk3_022_" },
					{ "time": 1.4667, "name": "Duo_walk3_022_" },
					{ "time": 1.5, "name": null }
				]
			},
			"Duo_walk3_023_": {
				"attachment": [
					{ "time": 0, "name": null },
					{ "time": 1.4667, "name": null },
					{ "time": 1.5, "name": "Duo_walk3_023_" },
					{ "time": 1.5333, "name": "Duo_walk3_023_" },
					{ "time": 1.5667, "name": null }
				]
			},
			"Duo_walk3_024_": {
				"attachment": [
					{ "time": 0, "name": null },
					{ "time": 1.5333, "name": null },
					{ "time": 1.5667, "name": "Duo_walk3_024_" },
					{ "time": 1.6, "name": "Duo_walk3_024_" },
					{ "time": 1.6333, "name": null }
				]
			},
			"Duo_walk3_025_": {
				"attachment": [
					{ "time": 0, "name": null },
					{ "time": 1.6, "name": null },
					{ "time": 1.6333, "name": "Duo_walk3_025_" },
					{ "time": 1.6667, "name": "Duo_walk3_025_" },
					{ "time": 1.7, "name": null }
				]
			},
			"Duo_walk3_026_": {
				"attachment": [
					{ "time": 0, "name": null },
					{ "time": 1.6667, "name": null },
					{ "time": 1.7, "name": "Duo_walk3_026_" },
					{ "time": 1.7333, "name": "Duo_walk3_026_" },
					{ "time": 1.7667, "name": null }
				]
			},
			"Duo_walk3_027_": {
				"attachment": [
					{ "time": 0, "name": null },
					{ "time": 1.7333, "name": null },
					{ "time": 1.7667, "name": "Duo_walk3_027_" },
					{ "time": 1.8, "name": "Duo_walk3_027_" },
					{ "time": 1.8333, "name": null }
				]
			},
			"Duo_walk3_028_": {
				"attachment": [
					{ "time": 0, "name": null },
					{ "time": 1.8, "name": null },
					{ "time": 1.8333, "name": "Duo_walk3_028_" },
					{ "time": 1.8667, "name": "Duo_walk3_028_" },
					{ "time": 1.9, "name": null }
				]
			},
			"Duo_walk3_029_": {
				"attachment": [
					{ "time": 0, "name": null },
					{ "time": 1.8667, "name": null },
					{ "time": 1.9, "name": "Duo_walk3_029_" },
					{ "time": 1.9333, "name": "Duo_walk3_029_" },
					{ "time": 1.9667, "name": null }
				]
			},
			"root2": {
				"attachment": [
					{ "time": 0, "name": "yz_0_" }
				]
			}
		},
		"bones": {
			"walk3": {
				"scale": [
					{ "time": 0, "x": -1, "y": 1 }
				]
			}
		}
	},
	"walk_2": {
		"slots": {
			"Duo_walk2_000_": {
				"attachment": [
					{ "time": 0, "name": "Duo_walk2_000_" },
					{ "time": 0.0333, "name": null }
				]
			},
			"Duo_walk2_001_": {
				"attachment": [
					{ "time": 0, "name": null },
					{ "time": 0.0333, "name": "Duo_walk2_001_" },
					{ "time": 0.0667, "name": "Duo_walk2_001_" },
					{ "time": 0.1, "name": null }
				]
			},
			"Duo_walk2_002_": {
				"attachment": [
					{ "time": 0, "name": null },
					{ "time": 0.0667, "name": null },
					{ "time": 0.1, "name": "Duo_walk2_002_" },
					{ "time": 0.1333, "name": "Duo_walk2_002_" },
					{ "time": 0.1667, "name": null }
				]
			},
			"Duo_walk2_003_": {
				"attachment": [
					{ "time": 0, "name": null },
					{ "time": 0.1333, "name": null },
					{ "time": 0.1667, "name": "Duo_walk2_003_" },
					{ "time": 0.2, "name": "Duo_walk2_003_" },
					{ "time": 0.2333, "name": null }
				]
			},
			"Duo_walk2_004_": {
				"attachment": [
					{ "time": 0, "name": null },
					{ "time": 0.2, "name": null },
					{ "time": 0.2333, "name": "Duo_walk2_004_" },
					{ "time": 0.2667, "name": "Duo_walk2_004_" },
					{ "time": 0.3, "name": null }
				]
			},
			"Duo_walk2_005_": {
				"attachment": [
					{ "time": 0, "name": null },
					{ "time": 0.2667, "name": null },
					{ "time": 0.3, "name": "Duo_walk2_005_" },
					{ "time": 0.3333, "name": "Duo_walk2_005_" },
					{ "time": 0.3667, "name": null }
				]
			},
			"Duo_walk2_006_": {
				"attachment": [
					{ "time": 0, "name": null },
					{ "time": 0.3333, "name": null },
					{ "time": 0.3667, "name": "Duo_walk2_006_" },
					{ "time": 0.4, "name": "Duo_walk2_006_" },
					{ "time": 0.4333, "name": null }
				]
			},
			"Duo_walk2_007_": {
				"attachment": [
					{ "time": 0, "name": null },
					{ "time": 0.4, "name": null },
					{ "time": 0.4333, "name": "Duo_walk2_007_" },
					{ "time": 0.4667, "name": "Duo_walk2_007_" },
					{ "time": 0.5, "name": null }
				]
			},
			"Duo_walk2_008_": {
				"attachment": [
					{ "time": 0, "name": null },
					{ "time": 0.4667, "name": null },
					{ "time": 0.5, "name": "Duo_walk2_008_" },
					{ "time": 0.5333, "name": "Duo_walk2_008_" },
					{ "time": 0.5667, "name": null }
				]
			},
			"Duo_walk2_009_": {
				"attachment": [
					{ "time": 0, "name": null },
					{ "time": 0.5333, "name": null },
					{ "time": 0.5667, "name": "Duo_walk2_009_" },
					{ "time": 0.6, "name": "Duo_walk2_009_" },
					{ "time": 0.6333, "name": null }
				]
			},
			"Duo_walk2_010_": {
				"attachment": [
					{ "time": 0, "name": null },
					{ "time": 0.6, "name": null },
					{ "time": 0.6333, "name": "Duo_walk2_010_" },
					{ "time": 0.6667, "name": "Duo_walk2_010_" },
					{ "time": 0.7, "name": null }
				]
			},
			"Duo_walk2_011_": {
				"attachment": [
					{ "time": 0, "name": null },
					{ "time": 0.6667, "name": null },
					{ "time": 0.7, "name": "Duo_walk2_011_" },
					{ "time": 0.7333, "name": "Duo_walk2_011_" },
					{ "time": 0.7667, "name": null }
				]
			},
			"Duo_walk2_012_": {
				"attachment": [
					{ "time": 0, "name": null },
					{ "time": 0.7333, "name": null },
					{ "time": 0.7667, "name": "Duo_walk2_012_" },
					{ "time": 0.8, "name": "Duo_walk2_012_" },
					{ "time": 0.8333, "name": null }
				]
			},
			"Duo_walk2_013_": {
				"attachment": [
					{ "time": 0, "name": null },
					{ "time": 0.8, "name": null },
					{ "time": 0.8333, "name": "Duo_walk2_013_" },
					{ "time": 0.8667, "name": "Duo_walk2_013_" },
					{ "time": 0.9, "name": null }
				]
			},
			"Duo_walk2_014_": {
				"attachment": [
					{ "time": 0, "name": null },
					{ "time": 0.8667, "name": null },
					{ "time": 0.9, "name": "Duo_walk2_014_" },
					{ "time": 0.9333, "name": "Duo_walk2_014_" },
					{ "time": 0.9667, "name": null }
				]
			},
			"Duo_walk2_015_": {
				"attachment": [
					{ "time": 0, "name": null },
					{ "time": 0.9333, "name": null },
					{ "time": 0.9667, "name": "Duo_walk2_015_" },
					{ "time": 1, "name": "Duo_walk2_015_" },
					{ "time": 1.0333, "name": null }
				]
			},
			"Duo_walk2_016_": {
				"attachment": [
					{ "time": 0, "name": null },
					{ "time": 1, "name": null },
					{ "time": 1.0333, "name": "Duo_walk2_016_" },
					{ "time": 1.0667, "name": "Duo_walk2_016_" },
					{ "time": 1.1, "name": null }
				]
			},
			"Duo_walk2_017_": {
				"attachment": [
					{ "time": 0, "name": null },
					{ "time": 1.0667, "name": null },
					{ "time": 1.1, "name": "Duo_walk2_017_" },
					{ "time": 1.1333, "name": "Duo_walk2_017_" },
					{ "time": 1.1667, "name": null }
				]
			},
			"Duo_walk2_018_": {
				"attachment": [
					{ "time": 0, "name": null },
					{ "time": 1.1333, "name": null },
					{ "time": 1.1667, "name": "Duo_walk2_018_" },
					{ "time": 1.2, "name": "Duo_walk2_018_" },
					{ "time": 1.2333, "name": null }
				]
			},
			"Duo_walk2_019_": {
				"attachment": [
					{ "time": 0, "name": null },
					{ "time": 1.2, "name": null },
					{ "time": 1.2333, "name": "Duo_walk2_019_" },
					{ "time": 1.2667, "name": "Duo_walk2_019_" },
					{ "time": 1.3, "name": null }
				]
			},
			"Duo_walk2_020_": {
				"attachment": [
					{ "time": 0, "name": null },
					{ "time": 1.2667, "name": null },
					{ "time": 1.3, "name": "Duo_walk2_020_" },
					{ "time": 1.3333, "name": "Duo_walk2_020_" },
					{ "time": 1.3667, "name": null }
				]
			},
			"Duo_walk2_021_": {
				"attachment": [
					{ "time": 0, "name": null },
					{ "time": 1.3333, "name": null },
					{ "time": 1.3667, "name": "Duo_walk2_021_" },
					{ "time": 1.4, "name": "Duo_walk2_021_" },
					{ "time": 1.4333, "name": null }
				]
			},
			"Duo_walk2_022_": {
				"attachment": [
					{ "time": 0, "name": null },
					{ "time": 1.4, "name": null },
					{ "time": 1.4333, "name": "Duo_walk2_022_" },
					{ "time": 1.4667, "name": "Duo_walk2_022_" },
					{ "time": 1.5, "name": null }
				]
			},
			"Duo_walk2_023_": {
				"attachment": [
					{ "time": 0, "name": null },
					{ "time": 1.4667, "name": null },
					{ "time": 1.5, "name": "Duo_walk2_023_" },
					{ "time": 1.5333, "name": "Duo_walk2_023_" },
					{ "time": 1.5667, "name": null }
				]
			},
			"Duo_walk2_024_": {
				"attachment": [
					{ "time": 0, "name": null },
					{ "time": 1.5333, "name": null },
					{ "time": 1.5667, "name": "Duo_walk2_024_" },
					{ "time": 1.6, "name": "Duo_walk2_024_" },
					{ "time": 1.6333, "name": null }
				]
			},
			"Duo_walk2_025_": {
				"attachment": [
					{ "time": 0, "name": null },
					{ "time": 1.6, "name": null },
					{ "time": 1.6333, "name": "Duo_walk2_025_" },
					{ "time": 1.6667, "name": "Duo_walk2_025_" },
					{ "time": 1.7, "name": null }
				]
			},
			"Duo_walk2_026_": {
				"attachment": [
					{ "time": 0, "name": null },
					{ "time": 1.6667, "name": null },
					{ "time": 1.7, "name": "Duo_walk2_026_" },
					{ "time": 1.7333, "name": "Duo_walk2_026_" },
					{ "time": 1.7667, "name": null }
				]
			},
			"Duo_walk2_027_": {
				"attachment": [
					{ "time": 0, "name": null },
					{ "time": 1.7333, "name": null },
					{ "time": 1.7667, "name": "Duo_walk2_027_" },
					{ "time": 1.8, "name": "Duo_walk2_027_" },
					{ "time": 1.8333, "name": null }
				]
			},
			"Duo_walk2_028_": {
				"attachment": [
					{ "time": 0, "name": null },
					{ "time": 1.8, "name": null },
					{ "time": 1.8333, "name": "Duo_walk2_028_" },
					{ "time": 1.8667, "name": "Duo_walk2_028_" },
					{ "time": 1.9, "name": null }
				]
			},
			"Duo_walk2_029_": {
				"attachment": [
					{ "time": 0, "name": null },
					{ "time": 1.8667, "name": null },
					{ "time": 1.9, "name": "Duo_walk2_029_" },
					{ "time": 1.9333, "name": "Duo_walk2_029_" },
					{ "time": 1.9667, "name": null }
				]
			},
			"root": {
				"color": [
					{ "time": 0, "color": "ffffff86" }
				],
				"attachment": [
					{ "time": 0, "name": "yz_0_" }
				]
			}
		}
	},
	"walk_3": {
		"slots": {
			"Duo_walk2_000_": {
				"attachment": [
					{ "time": 0.0333, "name": null }
				]
			},
			"Duo_walk2_001_": {
				"attachment": [
					{ "time": 0.0333, "name": null }
				]
			},
			"Duo_walk2_002_": {
				"attachment": [
					{ "time": 0.0333, "name": null }
				]
			},
			"Duo_walk2_003_": {
				"attachment": [
					{ "time": 0.0333, "name": null }
				]
			},
			"Duo_walk2_004_": {
				"attachment": [
					{ "time": 0.0333, "name": null }
				]
			},
			"Duo_walk2_005_": {
				"attachment": [
					{ "time": 0.0333, "name": null }
				]
			},
			"Duo_walk2_006_": {
				"attachment": [
					{ "time": 0.0333, "name": null }
				]
			},
			"Duo_walk2_007_": {
				"attachment": [
					{ "time": 0.0333, "name": null }
				]
			},
			"Duo_walk2_008_": {
				"attachment": [
					{ "time": 0.0333, "name": null }
				]
			},
			"Duo_walk2_009_": {
				"attachment": [
					{ "time": 0.0333, "name": null }
				]
			},
			"Duo_walk2_010_": {
				"attachment": [
					{ "time": 0.0333, "name": null }
				]
			},
			"Duo_walk2_011_": {
				"attachment": [
					{ "time": 0.0333, "name": null }
				]
			},
			"Duo_walk2_012_": {
				"attachment": [
					{ "time": 0.0333, "name": null }
				]
			},
			"Duo_walk2_013_": {
				"attachment": [
					{ "time": 0.0333, "name": null }
				]
			},
			"Duo_walk2_014_": {
				"attachment": [
					{ "time": 0.0333, "name": null }
				]
			},
			"Duo_walk2_015_": {
				"attachment": [
					{ "time": 0.0333, "name": null }
				]
			},
			"Duo_walk2_016_": {
				"attachment": [
					{ "time": 0.0333, "name": null }
				]
			},
			"Duo_walk2_017_": {
				"attachment": [
					{ "time": 0.0333, "name": null }
				]
			},
			"Duo_walk2_018_": {
				"attachment": [
					{ "time": 0.0333, "name": null }
				]
			},
			"Duo_walk2_019_": {
				"attachment": [
					{ "time": 0.0333, "name": null }
				]
			},
			"Duo_walk2_020_": {
				"attachment": [
					{ "time": 0.0333, "name": null }
				]
			},
			"Duo_walk2_021_": {
				"attachment": [
					{ "time": 0.0333, "name": null }
				]
			},
			"Duo_walk2_022_": {
				"attachment": [
					{ "time": 0.0333, "name": null }
				]
			},
			"Duo_walk2_023_": {
				"attachment": [
					{ "time": 0.0333, "name": null }
				]
			},
			"Duo_walk2_024_": {
				"attachment": [
					{ "time": 0.0333, "name": null }
				]
			},
			"Duo_walk2_025_": {
				"attachment": [
					{ "time": 0.0333, "name": null }
				]
			},
			"Duo_walk2_026_": {
				"attachment": [
					{ "time": 0.0333, "name": null }
				]
			},
			"Duo_walk2_027_": {
				"attachment": [
					{ "time": 0.0333, "name": null }
				]
			},
			"Duo_walk2_028_": {
				"attachment": [
					{ "time": 0.0333, "name": null }
				]
			},
			"Duo_walk2_029_": {
				"attachment": [
					{ "time": 0.0333, "name": null }
				]
			},
			"Duo_walk3_000_": {
				"attachment": [
					{ "time": 0, "name": "Duo_walk3_000_" },
					{ "time": 0.0333, "name": null }
				]
			},
			"Duo_walk3_001_": {
				"attachment": [
					{ "time": 0, "name": null },
					{ "time": 0.0333, "name": "Duo_walk3_001_" },
					{ "time": 0.0667, "name": "Duo_walk3_001_" },
					{ "time": 0.1, "name": null }
				]
			},
			"Duo_walk3_002_": {
				"attachment": [
					{ "time": 0, "name": null },
					{ "time": 0.0667, "name": null },
					{ "time": 0.1, "name": "Duo_walk3_002_" },
					{ "time": 0.1333, "name": "Duo_walk3_002_" },
					{ "time": 0.1667, "name": null }
				]
			},
			"Duo_walk3_003_": {
				"attachment": [
					{ "time": 0, "name": null },
					{ "time": 0.1333, "name": null },
					{ "time": 0.1667, "name": "Duo_walk3_003_" },
					{ "time": 0.2, "name": "Duo_walk3_003_" },
					{ "time": 0.2333, "name": null }
				]
			},
			"Duo_walk3_004_": {
				"attachment": [
					{ "time": 0, "name": null },
					{ "time": 0.2, "name": null },
					{ "time": 0.2333, "name": "Duo_walk3_004_" },
					{ "time": 0.2667, "name": "Duo_walk3_004_" },
					{ "time": 0.3, "name": null }
				]
			},
			"Duo_walk3_005_": {
				"attachment": [
					{ "time": 0, "name": null },
					{ "time": 0.2667, "name": null },
					{ "time": 0.3, "name": "Duo_walk3_005_" },
					{ "time": 0.3333, "name": "Duo_walk3_005_" },
					{ "time": 0.3667, "name": null }
				]
			},
			"Duo_walk3_006_": {
				"attachment": [
					{ "time": 0, "name": null },
					{ "time": 0.3333, "name": null },
					{ "time": 0.3667, "name": "Duo_walk3_006_" },
					{ "time": 0.4, "name": "Duo_walk3_006_" },
					{ "time": 0.4333, "name": null }
				]
			},
			"Duo_walk3_007_": {
				"attachment": [
					{ "time": 0, "name": null },
					{ "time": 0.4, "name": null },
					{ "time": 0.4333, "name": "Duo_walk3_007_" },
					{ "time": 0.4667, "name": "Duo_walk3_007_" },
					{ "time": 0.5, "name": null }
				]
			},
			"Duo_walk3_008_": {
				"attachment": [
					{ "time": 0, "name": null },
					{ "time": 0.4667, "name": null },
					{ "time": 0.5, "name": "Duo_walk3_008_" },
					{ "time": 0.5333, "name": "Duo_walk3_008_" },
					{ "time": 0.5667, "name": null }
				]
			},
			"Duo_walk3_009_": {
				"attachment": [
					{ "time": 0, "name": null },
					{ "time": 0.5333, "name": null },
					{ "time": 0.5667, "name": "Duo_walk3_009_" },
					{ "time": 0.6, "name": "Duo_walk3_009_" },
					{ "time": 0.6333, "name": null }
				]
			},
			"Duo_walk3_010_": {
				"attachment": [
					{ "time": 0, "name": null },
					{ "time": 0.6, "name": null },
					{ "time": 0.6333, "name": "Duo_walk3_010_" },
					{ "time": 0.6667, "name": "Duo_walk3_010_" },
					{ "time": 0.7, "name": null }
				]
			},
			"Duo_walk3_011_": {
				"attachment": [
					{ "time": 0, "name": null },
					{ "time": 0.6667, "name": null },
					{ "time": 0.7, "name": "Duo_walk3_011_" },
					{ "time": 0.7333, "name": "Duo_walk3_011_" },
					{ "time": 0.7667, "name": null }
				]
			},
			"Duo_walk3_012_": {
				"attachment": [
					{ "time": 0, "name": null },
					{ "time": 0.7333, "name": null },
					{ "time": 0.7667, "name": "Duo_walk3_012_" },
					{ "time": 0.8, "name": "Duo_walk3_012_" },
					{ "time": 0.8333, "name": null }
				]
			},
			"Duo_walk3_013_": {
				"attachment": [
					{ "time": 0, "name": null },
					{ "time": 0.8, "name": null },
					{ "time": 0.8333, "name": "Duo_walk3_013_" },
					{ "time": 0.8667, "name": "Duo_walk3_013_" },
					{ "time": 0.9, "name": null }
				]
			},
			"Duo_walk3_014_": {
				"attachment": [
					{ "time": 0, "name": null },
					{ "time": 0.8667, "name": null },
					{ "time": 0.9, "name": "Duo_walk3_014_" },
					{ "time": 0.9333, "name": "Duo_walk3_014_" },
					{ "time": 0.9667, "name": null }
				]
			},
			"Duo_walk3_015_": {
				"attachment": [
					{ "time": 0, "name": null },
					{ "time": 0.9333, "name": null },
					{ "time": 0.9667, "name": "Duo_walk3_015_" },
					{ "time": 1, "name": "Duo_walk3_015_" },
					{ "time": 1.0333, "name": null }
				]
			},
			"Duo_walk3_016_": {
				"attachment": [
					{ "time": 0, "name": null },
					{ "time": 1, "name": null },
					{ "time": 1.0333, "name": "Duo_walk3_016_" },
					{ "time": 1.0667, "name": "Duo_walk3_016_" },
					{ "time": 1.1, "name": null }
				]
			},
			"Duo_walk3_017_": {
				"attachment": [
					{ "time": 0, "name": null },
					{ "time": 1.0667, "name": null },
					{ "time": 1.1, "name": "Duo_walk3_017_" },
					{ "time": 1.1333, "name": "Duo_walk3_017_" },
					{ "time": 1.1667, "name": null }
				]
			},
			"Duo_walk3_018_": {
				"attachment": [
					{ "time": 0, "name": null },
					{ "time": 1.1333, "name": null },
					{ "time": 1.1667, "name": "Duo_walk3_018_" },
					{ "time": 1.2, "name": "Duo_walk3_018_" },
					{ "time": 1.2333, "name": null }
				]
			},
			"Duo_walk3_019_": {
				"attachment": [
					{ "time": 0, "name": null },
					{ "time": 1.2, "name": null },
					{ "time": 1.2333, "name": "Duo_walk3_019_" },
					{ "time": 1.2667, "name": "Duo_walk3_019_" },
					{ "time": 1.3, "name": null }
				]
			},
			"Duo_walk3_020_": {
				"attachment": [
					{ "time": 0, "name": null },
					{ "time": 1.2667, "name": null },
					{ "time": 1.3, "name": "Duo_walk3_020_" },
					{ "time": 1.3333, "name": "Duo_walk3_020_" },
					{ "time": 1.3667, "name": null }
				]
			},
			"Duo_walk3_021_": {
				"attachment": [
					{ "time": 0, "name": null },
					{ "time": 1.3333, "name": null },
					{ "time": 1.3667, "name": "Duo_walk3_021_" },
					{ "time": 1.4, "name": "Duo_walk3_021_" },
					{ "time": 1.4333, "name": null }
				]
			},
			"Duo_walk3_022_": {
				"attachment": [
					{ "time": 0, "name": null },
					{ "time": 1.4, "name": null },
					{ "time": 1.4333, "name": "Duo_walk3_022_" },
					{ "time": 1.4667, "name": "Duo_walk3_022_" },
					{ "time": 1.5, "name": null }
				]
			},
			"Duo_walk3_023_": {
				"attachment": [
					{ "time": 0, "name": null },
					{ "time": 1.4667, "name": null },
					{ "time": 1.5, "name": "Duo_walk3_023_" },
					{ "time": 1.5333, "name": "Duo_walk3_023_" },
					{ "time": 1.5667, "name": null }
				]
			},
			"Duo_walk3_024_": {
				"attachment": [
					{ "time": 0, "name": null },
					{ "time": 1.5333, "name": null },
					{ "time": 1.5667, "name": "Duo_walk3_024_" },
					{ "time": 1.6, "name": "Duo_walk3_024_" },
					{ "time": 1.6333, "name": null }
				]
			},
			"Duo_walk3_025_": {
				"attachment": [
					{ "time": 0, "name": null },
					{ "time": 1.6, "name": null },
					{ "time": 1.6333, "name": "Duo_walk3_025_" },
					{ "time": 1.6667, "name": "Duo_walk3_025_" },
					{ "time": 1.7, "name": null }
				]
			},
			"Duo_walk3_026_": {
				"attachment": [
					{ "time": 0, "name": null },
					{ "time": 1.6667, "name": null },
					{ "time": 1.7, "name": "Duo_walk3_026_" },
					{ "time": 1.7333, "name": "Duo_walk3_026_" },
					{ "time": 1.7667, "name": null }
				]
			},
			"Duo_walk3_027_": {
				"attachment": [
					{ "time": 0, "name": null },
					{ "time": 1.7333, "name": null },
					{ "time": 1.7667, "name": "Duo_walk3_027_" },
					{ "time": 1.8, "name": "Duo_walk3_027_" },
					{ "time": 1.8333, "name": null }
				]
			},
			"Duo_walk3_028_": {
				"attachment": [
					{ "time": 0, "name": null },
					{ "time": 1.8, "name": null },
					{ "time": 1.8333, "name": "Duo_walk3_028_" },
					{ "time": 1.8667, "name": "Duo_walk3_028_" },
					{ "time": 1.9, "name": null }
				]
			},
			"Duo_walk3_029_": {
				"attachment": [
					{ "time": 0, "name": null },
					{ "time": 1.8667, "name": null },
					{ "time": 1.9, "name": "Duo_walk3_029_" },
					{ "time": 1.9333, "name": "Duo_walk3_029_" },
					{ "time": 1.9667, "name": null }
				]
			},
			"root2": {
				"attachment": [
					{ "time": 0, "name": "yz_0_" }
				]
			}
		}
	},
	"walk_4": {
		"slots": {
			"Duo_walk4_000_": {
				"attachment": [
					{ "time": 0, "name": "Duo_walk4_000_" },
					{ "time": 0.0333, "name": null }
				]
			},
			"Duo_walk4_001_": {
				"attachment": [
					{ "time": 0, "name": null },
					{ "time": 0.0333, "name": "Duo_walk4_001_" },
					{ "time": 0.0667, "name": "Duo_walk4_001_" },
					{ "time": 0.1, "name": null }
				]
			},
			"Duo_walk4_002_": {
				"attachment": [
					{ "time": 0, "name": null },
					{ "time": 0.0667, "name": null },
					{ "time": 0.1, "name": "Duo_walk4_002_" },
					{ "time": 0.1333, "name": "Duo_walk4_002_" },
					{ "time": 0.1667, "name": null }
				]
			},
			"Duo_walk4_003_": {
				"attachment": [
					{ "time": 0, "name": null },
					{ "time": 0.1333, "name": null },
					{ "time": 0.1667, "name": "Duo_walk4_003_" },
					{ "time": 0.2, "name": "Duo_walk4_003_" },
					{ "time": 0.2333, "name": null }
				]
			},
			"Duo_walk4_004_": {
				"attachment": [
					{ "time": 0, "name": null },
					{ "time": 0.2, "name": null },
					{ "time": 0.2333, "name": "Duo_walk4_004_" },
					{ "time": 0.2667, "name": "Duo_walk4_004_" },
					{ "time": 0.3, "name": null }
				]
			},
			"Duo_walk4_005_": {
				"attachment": [
					{ "time": 0, "name": null },
					{ "time": 0.2667, "name": null },
					{ "time": 0.3, "name": "Duo_walk4_005_" },
					{ "time": 0.3333, "name": "Duo_walk4_005_" },
					{ "time": 0.3667, "name": null }
				]
			},
			"Duo_walk4_006_": {
				"attachment": [
					{ "time": 0, "name": null },
					{ "time": 0.3333, "name": null },
					{ "time": 0.3667, "name": "Duo_walk4_006_" },
					{ "time": 0.4, "name": "Duo_walk4_006_" },
					{ "time": 0.4333, "name": null }
				]
			},
			"Duo_walk4_007_": {
				"attachment": [
					{ "time": 0, "name": null },
					{ "time": 0.4, "name": null },
					{ "time": 0.4333, "name": "Duo_walk4_007_" },
					{ "time": 0.4667, "name": "Duo_walk4_007_" },
					{ "time": 0.5, "name": null }
				]
			},
			"Duo_walk4_008_": {
				"attachment": [
					{ "time": 0, "name": null },
					{ "time": 0.4667, "name": null },
					{ "time": 0.5, "name": "Duo_walk4_008_" },
					{ "time": 0.5333, "name": "Duo_walk4_008_" },
					{ "time": 0.5667, "name": null }
				]
			},
			"Duo_walk4_009_": {
				"attachment": [
					{ "time": 0, "name": null },
					{ "time": 0.5333, "name": null },
					{ "time": 0.5667, "name": "Duo_walk4_009_" },
					{ "time": 0.6, "name": "Duo_walk4_009_" },
					{ "time": 0.6333, "name": null }
				]
			},
			"Duo_walk4_010_": {
				"attachment": [
					{ "time": 0, "name": null },
					{ "time": 0.6, "name": null },
					{ "time": 0.6333, "name": "Duo_walk4_010_" },
					{ "time": 0.6667, "name": "Duo_walk4_010_" },
					{ "time": 0.7, "name": null }
				]
			},
			"Duo_walk4_011_": {
				"attachment": [
					{ "time": 0, "name": null },
					{ "time": 0.6667, "name": null },
					{ "time": 0.7, "name": "Duo_walk4_011_" },
					{ "time": 0.7333, "name": "Duo_walk4_011_" },
					{ "time": 0.7667, "name": null }
				]
			},
			"Duo_walk4_012_": {
				"attachment": [
					{ "time": 0, "name": null },
					{ "time": 0.7333, "name": null },
					{ "time": 0.7667, "name": "Duo_walk4_012_" },
					{ "time": 0.8, "name": "Duo_walk4_012_" },
					{ "time": 0.8333, "name": null }
				]
			},
			"Duo_walk4_013_": {
				"attachment": [
					{ "time": 0, "name": null },
					{ "time": 0.8, "name": null },
					{ "time": 0.8333, "name": "Duo_walk4_013_" },
					{ "time": 0.8667, "name": "Duo_walk4_013_" },
					{ "time": 0.9, "name": null }
				]
			},
			"Duo_walk4_014_": {
				"attachment": [
					{ "time": 0, "name": null },
					{ "time": 0.8667, "name": null },
					{ "time": 0.9, "name": "Duo_walk4_014_" },
					{ "time": 0.9333, "name": "Duo_walk4_014_" },
					{ "time": 0.9667, "name": null }
				]
			},
			"Duo_walk4_015_": {
				"attachment": [
					{ "time": 0, "name": null },
					{ "time": 0.9333, "name": null },
					{ "time": 0.9667, "name": "Duo_walk4_015_" },
					{ "time": 1, "name": "Duo_walk4_015_" },
					{ "time": 1.0333, "name": null }
				]
			},
			"Duo_walk4_016_": {
				"attachment": [
					{ "time": 0, "name": null },
					{ "time": 1, "name": null },
					{ "time": 1.0333, "name": "Duo_walk4_016_" },
					{ "time": 1.0667, "name": "Duo_walk4_016_" },
					{ "time": 1.1, "name": null }
				]
			},
			"Duo_walk4_017_": {
				"attachment": [
					{ "time": 0, "name": null },
					{ "time": 1.0667, "name": null },
					{ "time": 1.1, "name": "Duo_walk4_017_" },
					{ "time": 1.1333, "name": "Duo_walk4_017_" },
					{ "time": 1.1667, "name": null }
				]
			},
			"Duo_walk4_018_": {
				"attachment": [
					{ "time": 0, "name": null },
					{ "time": 1.1333, "name": null },
					{ "time": 1.1667, "name": "Duo_walk4_018_" },
					{ "time": 1.2, "name": "Duo_walk4_018_" },
					{ "time": 1.2333, "name": null }
				]
			},
			"Duo_walk4_019_": {
				"attachment": [
					{ "time": 0, "name": null },
					{ "time": 1.2, "name": null },
					{ "time": 1.2333, "name": "Duo_walk4_019_" },
					{ "time": 1.2667, "name": "Duo_walk4_019_" },
					{ "time": 1.3, "name": null }
				]
			},
			"Duo_walk4_020_": {
				"attachment": [
					{ "time": 0, "name": null },
					{ "time": 1.2667, "name": null },
					{ "time": 1.3, "name": "Duo_walk4_020_" },
					{ "time": 1.3333, "name": "Duo_walk4_020_" },
					{ "time": 1.3667, "name": null }
				]
			},
			"Duo_walk4_021_": {
				"attachment": [
					{ "time": 0, "name": null },
					{ "time": 1.3333, "name": null },
					{ "time": 1.3667, "name": "Duo_walk4_021_" },
					{ "time": 1.4, "name": "Duo_walk4_021_" },
					{ "time": 1.4333, "name": null }
				]
			},
			"Duo_walk4_022_": {
				"attachment": [
					{ "time": 0, "name": null },
					{ "time": 1.4, "name": null },
					{ "time": 1.4333, "name": "Duo_walk4_022_" },
					{ "time": 1.4667, "name": "Duo_walk4_022_" },
					{ "time": 1.5, "name": null }
				]
			},
			"Duo_walk4_023_": {
				"attachment": [
					{ "time": 0, "name": null },
					{ "time": 1.4667, "name": null },
					{ "time": 1.5, "name": "Duo_walk4_023_" },
					{ "time": 1.5333, "name": "Duo_walk4_023_" },
					{ "time": 1.5667, "name": null }
				]
			},
			"Duo_walk4_024_": {
				"attachment": [
					{ "time": 0, "name": null },
					{ "time": 1.5333, "name": null },
					{ "time": 1.5667, "name": "Duo_walk4_024_" },
					{ "time": 1.6, "name": "Duo_walk4_024_" },
					{ "time": 1.6333, "name": null }
				]
			},
			"Duo_walk4_025_": {
				"attachment": [
					{ "time": 0, "name": null },
					{ "time": 1.6, "name": null },
					{ "time": 1.6333, "name": "Duo_walk4_025_" },
					{ "time": 1.6667, "name": "Duo_walk4_025_" },
					{ "time": 1.7, "name": null }
				]
			},
			"Duo_walk4_026_": {
				"attachment": [
					{ "time": 0, "name": null },
					{ "time": 1.6667, "name": null },
					{ "time": 1.7, "name": "Duo_walk4_026_" },
					{ "time": 1.7333, "name": "Duo_walk4_026_" },
					{ "time": 1.7667, "name": null }
				]
			},
			"Duo_walk4_027_": {
				"attachment": [
					{ "time": 0, "name": null },
					{ "time": 1.7333, "name": null },
					{ "time": 1.7667, "name": "Duo_walk4_027_" },
					{ "time": 1.8, "name": "Duo_walk4_027_" },
					{ "time": 1.8333, "name": null }
				]
			},
			"Duo_walk4_028_": {
				"attachment": [
					{ "time": 0, "name": null },
					{ "time": 1.8, "name": null },
					{ "time": 1.8333, "name": "Duo_walk4_028_" },
					{ "time": 1.8667, "name": "Duo_walk4_028_" },
					{ "time": 1.9, "name": null }
				]
			},
			"Duo_walk4_029_": {
				"attachment": [
					{ "time": 0, "name": null },
					{ "time": 1.8667, "name": null },
					{ "time": 1.9, "name": "Duo_walk4_029_" },
					{ "time": 1.9333, "name": "Duo_walk4_029_" },
					{ "time": 1.9667, "name": null }
				]
			},
			"root3": {
				"attachment": [
					{ "time": 0, "name": "yz_0_" }
				]
			}
		},
		"bones": {
			"00": {
				"translate": [
					{ "time": 0, "x": 25, "y": 0 }
				]
			}
		}
	},
	"walk_5": {
		"slots": {
			"Duo_walk5_000_": {
				"attachment": [
					{ "time": 0, "name": "Duo_walk5_000_" },
					{ "time": 0.0333, "name": null }
				]
			},
			"Duo_walk5_001_": {
				"attachment": [
					{ "time": 0, "name": null },
					{ "time": 0.0333, "name": "Duo_walk5_001_" },
					{ "time": 0.0667, "name": "Duo_walk5_001_" },
					{ "time": 0.1, "name": null }
				]
			},
			"Duo_walk5_002_": {
				"attachment": [
					{ "time": 0, "name": null },
					{ "time": 0.0667, "name": null },
					{ "time": 0.1, "name": "Duo_walk5_002_" },
					{ "time": 0.1333, "name": "Duo_walk5_002_" },
					{ "time": 0.1667, "name": null }
				]
			},
			"Duo_walk5_003_": {
				"attachment": [
					{ "time": 0, "name": null },
					{ "time": 0.1333, "name": null },
					{ "time": 0.1667, "name": "Duo_walk5_003_" },
					{ "time": 0.2, "name": "Duo_walk5_003_" },
					{ "time": 0.2333, "name": null }
				]
			},
			"Duo_walk5_004_": {
				"attachment": [
					{ "time": 0, "name": null },
					{ "time": 0.2, "name": null },
					{ "time": 0.2333, "name": "Duo_walk5_004_" },
					{ "time": 0.2667, "name": "Duo_walk5_004_" },
					{ "time": 0.3, "name": null }
				]
			},
			"Duo_walk5_005_": {
				"attachment": [
					{ "time": 0, "name": null },
					{ "time": 0.2667, "name": null },
					{ "time": 0.3, "name": "Duo_walk5_005_" },
					{ "time": 0.3333, "name": "Duo_walk5_005_" },
					{ "time": 0.3667, "name": null }
				]
			},
			"Duo_walk5_006_": {
				"attachment": [
					{ "time": 0, "name": null },
					{ "time": 0.3333, "name": null },
					{ "time": 0.3667, "name": "Duo_walk5_006_" },
					{ "time": 0.4, "name": "Duo_walk5_006_" },
					{ "time": 0.4333, "name": null }
				]
			},
			"Duo_walk5_007_": {
				"attachment": [
					{ "time": 0, "name": null },
					{ "time": 0.4, "name": null },
					{ "time": 0.4333, "name": "Duo_walk5_007_" },
					{ "time": 0.4667, "name": "Duo_walk5_007_" },
					{ "time": 0.5, "name": null }
				]
			},
			"Duo_walk5_008_": {
				"attachment": [
					{ "time": 0, "name": null },
					{ "time": 0.4667, "name": null },
					{ "time": 0.5, "name": "Duo_walk5_008_" },
					{ "time": 0.5333, "name": "Duo_walk5_008_" },
					{ "time": 0.5667, "name": null }
				]
			},
			"Duo_walk5_009_": {
				"attachment": [
					{ "time": 0, "name": null },
					{ "time": 0.5333, "name": null },
					{ "time": 0.5667, "name": "Duo_walk5_009_" },
					{ "time": 0.6, "name": "Duo_walk5_009_" },
					{ "time": 0.6333, "name": null }
				]
			},
			"Duo_walk5_010_": {
				"attachment": [
					{ "time": 0, "name": null },
					{ "time": 0.6, "name": null },
					{ "time": 0.6333, "name": "Duo_walk5_010_" },
					{ "time": 0.6667, "name": "Duo_walk5_010_" },
					{ "time": 0.7, "name": null }
				]
			},
			"Duo_walk5_011_": {
				"attachment": [
					{ "time": 0, "name": null },
					{ "time": 0.6667, "name": null },
					{ "time": 0.7, "name": "Duo_walk5_011_" },
					{ "time": 0.7333, "name": "Duo_walk5_011_" },
					{ "time": 0.7667, "name": null }
				]
			},
			"Duo_walk5_012_": {
				"attachment": [
					{ "time": 0, "name": null },
					{ "time": 0.7333, "name": null },
					{ "time": 0.7667, "name": "Duo_walk5_012_" },
					{ "time": 0.8, "name": "Duo_walk5_012_" },
					{ "time": 0.8333, "name": null }
				]
			},
			"Duo_walk5_013_": {
				"attachment": [
					{ "time": 0, "name": null },
					{ "time": 0.8, "name": null },
					{ "time": 0.8333, "name": "Duo_walk5_013_" },
					{ "time": 0.8667, "name": "Duo_walk5_013_" },
					{ "time": 0.9, "name": null }
				]
			},
			"Duo_walk5_014_": {
				"attachment": [
					{ "time": 0, "name": null },
					{ "time": 0.8667, "name": null },
					{ "time": 0.9, "name": "Duo_walk5_014_" },
					{ "time": 0.9333, "name": "Duo_walk5_014_" },
					{ "time": 0.9667, "name": null }
				]
			},
			"Duo_walk5_015_": {
				"attachment": [
					{ "time": 0, "name": null },
					{ "time": 0.9333, "name": null },
					{ "time": 0.9667, "name": "Duo_walk5_015_" },
					{ "time": 1, "name": "Duo_walk5_015_" },
					{ "time": 1.0333, "name": null }
				]
			},
			"Duo_walk5_016_": {
				"attachment": [
					{ "time": 0, "name": null },
					{ "time": 1, "name": null },
					{ "time": 1.0333, "name": "Duo_walk5_016_" },
					{ "time": 1.0667, "name": "Duo_walk5_016_" },
					{ "time": 1.1, "name": null }
				]
			},
			"Duo_walk5_017_": {
				"attachment": [
					{ "time": 0, "name": null },
					{ "time": 1.0667, "name": null },
					{ "time": 1.1, "name": "Duo_walk5_017_" },
					{ "time": 1.1333, "name": "Duo_walk5_017_" },
					{ "time": 1.1667, "name": null }
				]
			},
			"Duo_walk5_018_": {
				"attachment": [
					{ "time": 0, "name": null },
					{ "time": 1.1333, "name": null },
					{ "time": 1.1667, "name": "Duo_walk5_018_" },
					{ "time": 1.2, "name": "Duo_walk5_018_" },
					{ "time": 1.2333, "name": null }
				]
			},
			"Duo_walk5_019_": {
				"attachment": [
					{ "time": 0, "name": null },
					{ "time": 1.2, "name": null },
					{ "time": 1.2333, "name": "Duo_walk5_019_" },
					{ "time": 1.2667, "name": "Duo_walk5_019_" },
					{ "time": 1.3, "name": null }
				]
			},
			"Duo_walk5_020_": {
				"attachment": [
					{ "time": 0, "name": null },
					{ "time": 1.2667, "name": null },
					{ "time": 1.3, "name": "Duo_walk5_020_" },
					{ "time": 1.3333, "name": "Duo_walk5_020_" },
					{ "time": 1.3667, "name": null }
				]
			},
			"Duo_walk5_021_": {
				"attachment": [
					{ "time": 0, "name": null },
					{ "time": 1.3333, "name": null },
					{ "time": 1.3667, "name": "Duo_walk5_021_" },
					{ "time": 1.4, "name": "Duo_walk5_021_" },
					{ "time": 1.4333, "name": null }
				]
			},
			"Duo_walk5_022_": {
				"attachment": [
					{ "time": 0, "name": null },
					{ "time": 1.4, "name": null },
					{ "time": 1.4333, "name": "Duo_walk5_022_" },
					{ "time": 1.4667, "name": "Duo_walk5_022_" },
					{ "time": 1.5, "name": null }
				]
			},
			"Duo_walk5_023_": {
				"attachment": [
					{ "time": 0, "name": null },
					{ "time": 1.4667, "name": null },
					{ "time": 1.5, "name": "Duo_walk5_023_" },
					{ "time": 1.5333, "name": "Duo_walk5_023_" },
					{ "time": 1.5667, "name": null }
				]
			},
			"Duo_walk5_024_": {
				"attachment": [
					{ "time": 0, "name": null },
					{ "time": 1.5333, "name": null },
					{ "time": 1.5667, "name": "Duo_walk5_024_" },
					{ "time": 1.6, "name": "Duo_walk5_024_" },
					{ "time": 1.6333, "name": null }
				]
			},
			"Duo_walk5_025_": {
				"attachment": [
					{ "time": 0, "name": null },
					{ "time": 1.6, "name": null },
					{ "time": 1.6333, "name": "Duo_walk5_025_" },
					{ "time": 1.6667, "name": "Duo_walk5_025_" },
					{ "time": 1.7, "name": null }
				]
			},
			"Duo_walk5_026_": {
				"attachment": [
					{ "time": 0, "name": null },
					{ "time": 1.6667, "name": null },
					{ "time": 1.7, "name": "Duo_walk5_026_" },
					{ "time": 1.7333, "name": "Duo_walk5_026_" },
					{ "time": 1.7667, "name": null }
				]
			},
			"Duo_walk5_027_": {
				"attachment": [
					{ "time": 0, "name": null },
					{ "time": 1.7333, "name": null },
					{ "time": 1.7667, "name": "Duo_walk5_027_" },
					{ "time": 1.8, "name": "Duo_walk5_027_" },
					{ "time": 1.8333, "name": null }
				]
			},
			"Duo_walk5_028_": {
				"attachment": [
					{ "time": 0, "name": null },
					{ "time": 1.8, "name": null },
					{ "time": 1.8333, "name": "Duo_walk5_028_" },
					{ "time": 1.8667, "name": "Duo_walk5_028_" },
					{ "time": 1.9, "name": null }
				]
			},
			"Duo_walk5_029_": {
				"attachment": [
					{ "time": 0, "name": null },
					{ "time": 1.8667, "name": null },
					{ "time": 1.9, "name": "Duo_walk5_029_" },
					{ "time": 1.9333, "name": "Duo_walk5_029_" },
					{ "time": 1.9667, "name": null }
				]
			},
			"root4": {
				"attachment": [
					{ "time": 0, "name": "yz_0_" }
				]
			}
		}
	},
	"walk_6": {
		"slots": {
			"Duo_walk6_000_": {
				"attachment": [
					{ "time": 0, "name": "Duo_walk6_000_" },
					{ "time": 0.0333, "name": null }
				]
			},
			"Duo_walk6_001_": {
				"attachment": [
					{ "time": 0, "name": null },
					{ "time": 0.0333, "name": "Duo_walk6_001_" },
					{ "time": 0.0667, "name": "Duo_walk6_001_" },
					{ "time": 0.1, "name": null }
				]
			},
			"Duo_walk6_002_": {
				"attachment": [
					{ "time": 0, "name": null },
					{ "time": 0.0667, "name": null },
					{ "time": 0.1, "name": "Duo_walk6_002_" },
					{ "time": 0.1333, "name": "Duo_walk6_002_" },
					{ "time": 0.1667, "name": null }
				]
			},
			"Duo_walk6_003_": {
				"attachment": [
					{ "time": 0, "name": null },
					{ "time": 0.1333, "name": null },
					{ "time": 0.1667, "name": "Duo_walk6_003_" },
					{ "time": 0.2, "name": "Duo_walk6_003_" },
					{ "time": 0.2333, "name": null }
				]
			},
			"Duo_walk6_004_": {
				"attachment": [
					{ "time": 0, "name": null },
					{ "time": 0.2, "name": null },
					{ "time": 0.2333, "name": "Duo_walk6_004_" },
					{ "time": 0.2667, "name": "Duo_walk6_004_" },
					{ "time": 0.3, "name": null }
				]
			},
			"Duo_walk6_005_": {
				"attachment": [
					{ "time": 0, "name": null },
					{ "time": 0.2667, "name": null },
					{ "time": 0.3, "name": "Duo_walk6_005_" },
					{ "time": 0.3333, "name": "Duo_walk6_005_" },
					{ "time": 0.3667, "name": null }
				]
			},
			"Duo_walk6_006_": {
				"attachment": [
					{ "time": 0, "name": null },
					{ "time": 0.3333, "name": null },
					{ "time": 0.3667, "name": "Duo_walk6_006_" },
					{ "time": 0.4, "name": "Duo_walk6_006_" },
					{ "time": 0.4333, "name": null }
				]
			},
			"Duo_walk6_007_": {
				"attachment": [
					{ "time": 0, "name": null },
					{ "time": 0.4, "name": null },
					{ "time": 0.4333, "name": "Duo_walk6_007_" },
					{ "time": 0.4667, "name": "Duo_walk6_007_" },
					{ "time": 0.5, "name": null }
				]
			},
			"Duo_walk6_008_": {
				"attachment": [
					{ "time": 0, "name": null },
					{ "time": 0.4667, "name": null },
					{ "time": 0.5, "name": "Duo_walk6_008_" },
					{ "time": 0.5333, "name": "Duo_walk6_008_" },
					{ "time": 0.5667, "name": null }
				]
			},
			"Duo_walk6_009_": {
				"attachment": [
					{ "time": 0, "name": null },
					{ "time": 0.5333, "name": null },
					{ "time": 0.5667, "name": "Duo_walk6_009_" },
					{ "time": 0.6, "name": "Duo_walk6_009_" },
					{ "time": 0.6333, "name": null }
				]
			},
			"Duo_walk6_010_": {
				"attachment": [
					{ "time": 0, "name": null },
					{ "time": 0.6, "name": null },
					{ "time": 0.6333, "name": "Duo_walk6_010_" },
					{ "time": 0.6667, "name": "Duo_walk6_010_" },
					{ "time": 0.7, "name": null }
				]
			},
			"Duo_walk6_011_": {
				"attachment": [
					{ "time": 0, "name": null },
					{ "time": 0.6667, "name": null },
					{ "time": 0.7, "name": "Duo_walk6_011_" },
					{ "time": 0.7333, "name": "Duo_walk6_011_" },
					{ "time": 0.7667, "name": null }
				]
			},
			"Duo_walk6_012_": {
				"attachment": [
					{ "time": 0, "name": null },
					{ "time": 0.7333, "name": null },
					{ "time": 0.7667, "name": "Duo_walk6_012_" },
					{ "time": 0.8, "name": "Duo_walk6_012_" },
					{ "time": 0.8333, "name": null }
				]
			},
			"Duo_walk6_013_": {
				"attachment": [
					{ "time": 0, "name": null },
					{ "time": 0.8, "name": null },
					{ "time": 0.8333, "name": "Duo_walk6_013_" },
					{ "time": 0.8667, "name": "Duo_walk6_013_" },
					{ "time": 0.9, "name": null }
				]
			},
			"Duo_walk6_014_": {
				"attachment": [
					{ "time": 0, "name": null },
					{ "time": 0.8667, "name": null },
					{ "time": 0.9, "name": "Duo_walk6_014_" },
					{ "time": 0.9333, "name": "Duo_walk6_014_" },
					{ "time": 0.9667, "name": null }
				]
			},
			"Duo_walk6_015_": {
				"attachment": [
					{ "time": 0, "name": null },
					{ "time": 0.9333, "name": null },
					{ "time": 0.9667, "name": "Duo_walk6_015_" },
					{ "time": 1, "name": "Duo_walk6_015_" },
					{ "time": 1.0333, "name": null }
				]
			},
			"Duo_walk6_016_": {
				"attachment": [
					{ "time": 0, "name": null },
					{ "time": 1, "name": null },
					{ "time": 1.0333, "name": "Duo_walk6_016_" },
					{ "time": 1.0667, "name": "Duo_walk6_016_" },
					{ "time": 1.1, "name": null }
				]
			},
			"Duo_walk6_017_": {
				"attachment": [
					{ "time": 0, "name": null },
					{ "time": 1.0667, "name": null },
					{ "time": 1.1, "name": "Duo_walk6_017_" },
					{ "time": 1.1333, "name": "Duo_walk6_017_" },
					{ "time": 1.1667, "name": null }
				]
			},
			"Duo_walk6_018_": {
				"attachment": [
					{ "time": 0, "name": null },
					{ "time": 1.1333, "name": null },
					{ "time": 1.1667, "name": "Duo_walk6_018_" },
					{ "time": 1.2, "name": "Duo_walk6_018_" },
					{ "time": 1.2333, "name": null }
				]
			},
			"Duo_walk6_019_": {
				"attachment": [
					{ "time": 0, "name": null },
					{ "time": 1.2, "name": null },
					{ "time": 1.2333, "name": "Duo_walk6_019_" },
					{ "time": 1.2667, "name": "Duo_walk6_019_" },
					{ "time": 1.3, "name": null }
				]
			},
			"Duo_walk6_020_": {
				"attachment": [
					{ "time": 0, "name": null },
					{ "time": 1.2667, "name": null },
					{ "time": 1.3, "name": "Duo_walk6_020_" },
					{ "time": 1.3333, "name": "Duo_walk6_020_" },
					{ "time": 1.3667, "name": null }
				]
			},
			"Duo_walk6_021_": {
				"attachment": [
					{ "time": 0, "name": null },
					{ "time": 1.3333, "name": null },
					{ "time": 1.3667, "name": "Duo_walk6_021_" },
					{ "time": 1.4, "name": "Duo_walk6_021_" },
					{ "time": 1.4333, "name": null }
				]
			},
			"Duo_walk6_022_": {
				"attachment": [
					{ "time": 0, "name": null },
					{ "time": 1.4, "name": null },
					{ "time": 1.4333, "name": "Duo_walk6_022_" },
					{ "time": 1.4667, "name": "Duo_walk6_022_" },
					{ "time": 1.5, "name": null }
				]
			},
			"Duo_walk6_023_": {
				"attachment": [
					{ "time": 0, "name": null },
					{ "time": 1.4667, "name": null },
					{ "time": 1.5, "name": "Duo_walk6_023_" },
					{ "time": 1.5333, "name": "Duo_walk6_023_" },
					{ "time": 1.5667, "name": null }
				]
			},
			"Duo_walk6_024_": {
				"attachment": [
					{ "time": 0, "name": null },
					{ "time": 1.5333, "name": null },
					{ "time": 1.5667, "name": "Duo_walk6_024_" },
					{ "time": 1.6, "name": "Duo_walk6_024_" },
					{ "time": 1.6333, "name": null }
				]
			},
			"Duo_walk6_025_": {
				"attachment": [
					{ "time": 0, "name": null },
					{ "time": 1.6, "name": null },
					{ "time": 1.6333, "name": "Duo_walk6_025_" },
					{ "time": 1.6667, "name": "Duo_walk6_025_" },
					{ "time": 1.7, "name": null }
				]
			},
			"Duo_walk6_026_": {
				"attachment": [
					{ "time": 0, "name": null },
					{ "time": 1.6667, "name": null },
					{ "time": 1.7, "name": "Duo_walk6_026_" },
					{ "time": 1.7333, "name": "Duo_walk6_026_" },
					{ "time": 1.7667, "name": null }
				]
			},
			"Duo_walk6_027_": {
				"attachment": [
					{ "time": 0, "name": null },
					{ "time": 1.7333, "name": null },
					{ "time": 1.7667, "name": "Duo_walk6_027_" },
					{ "time": 1.8, "name": "Duo_walk6_027_" },
					{ "time": 1.8333, "name": null }
				]
			},
			"Duo_walk6_028_": {
				"attachment": [
					{ "time": 0, "name": null },
					{ "time": 1.8, "name": null },
					{ "time": 1.8333, "name": "Duo_walk6_028_" },
					{ "time": 1.8667, "name": "Duo_walk6_028_" },
					{ "time": 1.9, "name": null }
				]
			},
			"Duo_walk6_029_": {
				"attachment": [
					{ "time": 0, "name": null },
					{ "time": 1.8667, "name": null },
					{ "time": 1.9, "name": "Duo_walk6_029_" },
					{ "time": 1.9333, "name": "Duo_walk6_029_" },
					{ "time": 1.9667, "name": null }
				]
			},
			"root5": {
				"attachment": [
					{ "time": 0, "name": "yz_0_" }
				]
			}
		}
	},
	"walk_7": {
		"slots": {
			"Duo_walk5_000_": {
				"attachment": [
					{ "time": 0, "name": "Duo_walk5_000_" },
					{ "time": 0.0333, "name": null }
				]
			},
			"Duo_walk5_001_": {
				"attachment": [
					{ "time": 0, "name": null },
					{ "time": 0.0333, "name": "Duo_walk5_001_" },
					{ "time": 0.0667, "name": "Duo_walk5_001_" },
					{ "time": 0.1, "name": null }
				]
			},
			"Duo_walk5_002_": {
				"attachment": [
					{ "time": 0, "name": null },
					{ "time": 0.0667, "name": null },
					{ "time": 0.1, "name": "Duo_walk5_002_" },
					{ "time": 0.1333, "name": "Duo_walk5_002_" },
					{ "time": 0.1667, "name": null }
				]
			},
			"Duo_walk5_003_": {
				"attachment": [
					{ "time": 0, "name": null },
					{ "time": 0.1333, "name": null },
					{ "time": 0.1667, "name": "Duo_walk5_003_" },
					{ "time": 0.2, "name": "Duo_walk5_003_" },
					{ "time": 0.2333, "name": null }
				]
			},
			"Duo_walk5_004_": {
				"attachment": [
					{ "time": 0, "name": null },
					{ "time": 0.2, "name": null },
					{ "time": 0.2333, "name": "Duo_walk5_004_" },
					{ "time": 0.2667, "name": "Duo_walk5_004_" },
					{ "time": 0.3, "name": null }
				]
			},
			"Duo_walk5_005_": {
				"attachment": [
					{ "time": 0, "name": null },
					{ "time": 0.2667, "name": null },
					{ "time": 0.3, "name": "Duo_walk5_005_" },
					{ "time": 0.3333, "name": "Duo_walk5_005_" },
					{ "time": 0.3667, "name": null }
				]
			},
			"Duo_walk5_006_": {
				"attachment": [
					{ "time": 0, "name": null },
					{ "time": 0.3333, "name": null },
					{ "time": 0.3667, "name": "Duo_walk5_006_" },
					{ "time": 0.4, "name": "Duo_walk5_006_" },
					{ "time": 0.4333, "name": null }
				]
			},
			"Duo_walk5_007_": {
				"attachment": [
					{ "time": 0, "name": null },
					{ "time": 0.4, "name": null },
					{ "time": 0.4333, "name": "Duo_walk5_007_" },
					{ "time": 0.4667, "name": "Duo_walk5_007_" },
					{ "time": 0.5, "name": null }
				]
			},
			"Duo_walk5_008_": {
				"attachment": [
					{ "time": 0, "name": null },
					{ "time": 0.4667, "name": null },
					{ "time": 0.5, "name": "Duo_walk5_008_" },
					{ "time": 0.5333, "name": "Duo_walk5_008_" },
					{ "time": 0.5667, "name": null }
				]
			},
			"Duo_walk5_009_": {
				"attachment": [
					{ "time": 0, "name": null },
					{ "time": 0.5333, "name": null },
					{ "time": 0.5667, "name": "Duo_walk5_009_" },
					{ "time": 0.6, "name": "Duo_walk5_009_" },
					{ "time": 0.6333, "name": null }
				]
			},
			"Duo_walk5_010_": {
				"attachment": [
					{ "time": 0, "name": null },
					{ "time": 0.6, "name": null },
					{ "time": 0.6333, "name": "Duo_walk5_010_" },
					{ "time": 0.6667, "name": "Duo_walk5_010_" },
					{ "time": 0.7, "name": null }
				]
			},
			"Duo_walk5_011_": {
				"attachment": [
					{ "time": 0, "name": null },
					{ "time": 0.6667, "name": null },
					{ "time": 0.7, "name": "Duo_walk5_011_" },
					{ "time": 0.7333, "name": "Duo_walk5_011_" },
					{ "time": 0.7667, "name": null }
				]
			},
			"Duo_walk5_012_": {
				"attachment": [
					{ "time": 0, "name": null },
					{ "time": 0.7333, "name": null },
					{ "time": 0.7667, "name": "Duo_walk5_012_" },
					{ "time": 0.8, "name": "Duo_walk5_012_" },
					{ "time": 0.8333, "name": null }
				]
			},
			"Duo_walk5_013_": {
				"attachment": [
					{ "time": 0, "name": null },
					{ "time": 0.8, "name": null },
					{ "time": 0.8333, "name": "Duo_walk5_013_" },
					{ "time": 0.8667, "name": "Duo_walk5_013_" },
					{ "time": 0.9, "name": null }
				]
			},
			"Duo_walk5_014_": {
				"attachment": [
					{ "time": 0, "name": null },
					{ "time": 0.8667, "name": null },
					{ "time": 0.9, "name": "Duo_walk5_014_" },
					{ "time": 0.9333, "name": "Duo_walk5_014_" },
					{ "time": 0.9667, "name": null }
				]
			},
			"Duo_walk5_015_": {
				"attachment": [
					{ "time": 0, "name": null },
					{ "time": 0.9333, "name": null },
					{ "time": 0.9667, "name": "Duo_walk5_015_" },
					{ "time": 1, "name": "Duo_walk5_015_" },
					{ "time": 1.0333, "name": null }
				]
			},
			"Duo_walk5_016_": {
				"attachment": [
					{ "time": 0, "name": null },
					{ "time": 1, "name": null },
					{ "time": 1.0333, "name": "Duo_walk5_016_" },
					{ "time": 1.0667, "name": "Duo_walk5_016_" },
					{ "time": 1.1, "name": null }
				]
			},
			"Duo_walk5_017_": {
				"attachment": [
					{ "time": 0, "name": null },
					{ "time": 1.0667, "name": null },
					{ "time": 1.1, "name": "Duo_walk5_017_" },
					{ "time": 1.1333, "name": "Duo_walk5_017_" },
					{ "time": 1.1667, "name": null }
				]
			},
			"Duo_walk5_018_": {
				"attachment": [
					{ "time": 0, "name": null },
					{ "time": 1.1333, "name": null },
					{ "time": 1.1667, "name": "Duo_walk5_018_" },
					{ "time": 1.2, "name": "Duo_walk5_018_" },
					{ "time": 1.2333, "name": null }
				]
			},
			"Duo_walk5_019_": {
				"attachment": [
					{ "time": 0, "name": null },
					{ "time": 1.2, "name": null },
					{ "time": 1.2333, "name": "Duo_walk5_019_" },
					{ "time": 1.2667, "name": "Duo_walk5_019_" },
					{ "time": 1.3, "name": null }
				]
			},
			"Duo_walk5_020_": {
				"attachment": [
					{ "time": 0, "name": null },
					{ "time": 1.2667, "name": null },
					{ "time": 1.3, "name": "Duo_walk5_020_" },
					{ "time": 1.3333, "name": "Duo_walk5_020_" },
					{ "time": 1.3667, "name": null }
				]
			},
			"Duo_walk5_021_": {
				"attachment": [
					{ "time": 0, "name": null },
					{ "time": 1.3333, "name": null },
					{ "time": 1.3667, "name": "Duo_walk5_021_" },
					{ "time": 1.4, "name": "Duo_walk5_021_" },
					{ "time": 1.4333, "name": null }
				]
			},
			"Duo_walk5_022_": {
				"attachment": [
					{ "time": 0, "name": null },
					{ "time": 1.4, "name": null },
					{ "time": 1.4333, "name": "Duo_walk5_022_" },
					{ "time": 1.4667, "name": "Duo_walk5_022_" },
					{ "time": 1.5, "name": null }
				]
			},
			"Duo_walk5_023_": {
				"attachment": [
					{ "time": 0, "name": null },
					{ "time": 1.4667, "name": null },
					{ "time": 1.5, "name": "Duo_walk5_023_" },
					{ "time": 1.5333, "name": "Duo_walk5_023_" },
					{ "time": 1.5667, "name": null }
				]
			},
			"Duo_walk5_024_": {
				"attachment": [
					{ "time": 0, "name": null },
					{ "time": 1.5333, "name": null },
					{ "time": 1.5667, "name": "Duo_walk5_024_" },
					{ "time": 1.6, "name": "Duo_walk5_024_" },
					{ "time": 1.6333, "name": null }
				]
			},
			"Duo_walk5_025_": {
				"attachment": [
					{ "time": 0, "name": null },
					{ "time": 1.6, "name": null },
					{ "time": 1.6333, "name": "Duo_walk5_025_" },
					{ "time": 1.6667, "name": "Duo_walk5_025_" },
					{ "time": 1.7, "name": null }
				]
			},
			"Duo_walk5_026_": {
				"attachment": [
					{ "time": 0, "name": null },
					{ "time": 1.6667, "name": null },
					{ "time": 1.7, "name": "Duo_walk5_026_" },
					{ "time": 1.7333, "name": "Duo_walk5_026_" },
					{ "time": 1.7667, "name": null }
				]
			},
			"Duo_walk5_027_": {
				"attachment": [
					{ "time": 0, "name": null },
					{ "time": 1.7333, "name": null },
					{ "time": 1.7667, "name": "Duo_walk5_027_" },
					{ "time": 1.8, "name": "Duo_walk5_027_" },
					{ "time": 1.8333, "name": null }
				]
			},
			"Duo_walk5_028_": {
				"attachment": [
					{ "time": 0, "name": null },
					{ "time": 1.8, "name": null },
					{ "time": 1.8333, "name": "Duo_walk5_028_" },
					{ "time": 1.8667, "name": "Duo_walk5_028_" },
					{ "time": 1.9, "name": null }
				]
			},
			"Duo_walk5_029_": {
				"attachment": [
					{ "time": 0, "name": null },
					{ "time": 1.8667, "name": null },
					{ "time": 1.9, "name": "Duo_walk5_029_" },
					{ "time": 1.9333, "name": "Duo_walk5_029_" },
					{ "time": 1.9667, "name": null }
				]
			},
			"root4": {
				"attachment": [
					{ "time": 0, "name": "yz_0_" }
				]
			}
		},
		"bones": {
			"walk5": {
				"scale": [
					{ "time": 0, "x": -1, "y": 1 }
				]
			}
		}
	}
}
}