{
"skeleton": { "hash": "wuF5T5aB6de5wB8a2PZ4I3RB+ag", "spine": "2.1.27", "width": 405, "height": 239 },
"bones": [
	{ "name": "root" }
],
"slots": [
	{ "name": "neicheng_dengguang_7_", "bone": "root", "attachment": "neicheng_dengguang_7_", "blend": "additive" },
	{ "name": "neicheng_dengguang_6_", "bone": "root", "attachment": "neicheng_dengguang_6_", "blend": "additive" },
	{ "name": "neicheng_dengguang_5_", "bone": "root", "attachment": "neicheng_dengguang_5_", "blend": "additive" },
	{ "name": "neicheng_dengguang_4_", "bone": "root", "attachment": "neicheng_dengguang_4_", "blend": "additive" },
	{ "name": "neicheng_dengguang_3_", "bone": "root", "attachment": "neicheng_dengguang_3_", "blend": "additive" },
	{ "name": "neicheng_dengguang_2_", "bone": "root", "attachment": "neicheng_dengguang_2_", "blend": "additive" },
	{ "name": "neicheng_dengguang_1_", "bone": "root", "attachment": "neicheng_dengguang_1_", "blend": "additive" }
],
"skins": {
	"default": {
		"neicheng_dengguang_1_": {
			"neicheng_dengguang_1_": { "x": 99.5, "y": 299, "width": 25, "height": 34 }
		},
		"neicheng_dengguang_2_": {
			"neicheng_dengguang_2_": { "x": 166.5, "y": 306.5, "width": 9, "height": 35 }
		},
		"neicheng_dengguang_3_": {
			"neicheng_dengguang_3_": { "x": 297, "y": 355, "width": 32, "height": 32 }
		},
		"neicheng_dengguang_4_": {
			"neicheng_dengguang_4_": { "x": 423.5, "y": 278, "width": 7, "height": 30 }
		},
		"neicheng_dengguang_5_": {
			"neicheng_dengguang_5_": { "x": 479, "y": 268, "width": 26, "height": 30 }
		},
		"neicheng_dengguang_6_": {
			"neicheng_dengguang_6_": { "x": 202, "y": 147, "width": 24, "height": 30 }
		},
		"neicheng_dengguang_7_": {
			"neicheng_dengguang_7_": { "x": 259, "y": 155.5, "width": 8, "height": 31 }
		}
	}
},
"animations": {
	"animation": {
		"slots": {
			"neicheng_dengguang_1_": {
				"color": [
					{ "time": 0, "color": "ffffff00" },
					{ "time": 1.3333, "color": "ffffff91" },
					{ "time": 2.6666, "color": "ffffff00" }
				]
			},
			"neicheng_dengguang_2_": {
				"color": [
					{ "time": 0, "color": "ffffff00" },
					{ "time": 1.3333, "color": "ffffff91" },
					{ "time": 2.6666, "color": "ffffff00" }
				]
			},
			"neicheng_dengguang_3_": {
				"color": [
					{ "time": 0, "color": "ffffff00" },
					{ "time": 1.3333, "color": "ffffff91" },
					{ "time": 2.6666, "color": "ffffff00" }
				]
			},
			"neicheng_dengguang_4_": {
				"color": [
					{ "time": 0, "color": "ffffff00" },
					{ "time": 1.3333, "color": "ffffff91" },
					{ "time": 2.6666, "color": "ffffff00" }
				]
			},
			"neicheng_dengguang_5_": {
				"color": [
					{ "time": 0, "color": "ffffff00" },
					{ "time": 1.3333, "color": "ffffff91" },
					{ "time": 2.6666, "color": "ffffff00" }
				]
			},
			"neicheng_dengguang_6_": {
				"color": [
					{ "time": 0, "color": "ffffff00" },
					{ "time": 1.3333, "color": "ffffff91" },
					{ "time": 2.6666, "color": "ffffff00" }
				]
			},
			"neicheng_dengguang_7_": {
				"color": [
					{ "time": 0, "color": "ffffff00" },
					{ "time": 1.3333, "color": "ffffff91" },
					{ "time": 2.6666, "color": "ffffff00" }
				]
			}
		}
	}
}
}