{"skeleton":{"hash":"6T5NOs/ogOCJ58cmSF+6UkJZlN0","spine":"3.7.94","width":264.2,"height":405,"images":"","audio":"E:/圣诞祝福/圣诞祝福spine/images"},"bones":[{"name":"root"},{"name":"shine","parent":"root","rotation":4,"x":3.99,"y":276.58},{"name":"qiu","parent":"root","x":-47.72,"y":79.93,"scaleX":1.707,"scaleY":1.707},{"name":"xx","parent":"root"},{"name":"xx1","parent":"xx","x":-116.62,"y":33.24},{"name":"xx2","parent":"xx","x":131.67,"y":2.25},{"name":"xx3","parent":"xx","x":-85.16,"y":101.02},{"name":"xx4","parent":"xx","x":102.22,"y":121.92},{"name":"beiguang","parent":"root","x":1.19,"y":123.88},{"name":"xx5","parent":"xx","x":-49.75,"y":208.98},{"name":"xx6","parent":"xx","x":51.72,"y":247.54},{"name":"xx7","parent":"xx","x":35.91,"y":-87.94},{"name":"1","parent":"root","scaleX":0.941,"scaleY":0.941},{"name":"shu_shan1","parent":"root","x":2.05,"y":59.89},{"name":"shu_shan2","parent":"root","x":2.05,"y":59.89},{"name":"shu_shan3","parent":"root","x":2.05,"y":59.89}],"slots":[{"name":"guagnqiu_10","bone":"root","color":"ff0000ff","blend":"screen"},{"name":"guagnqiu_9","bone":"beiguang","blend":"additive"},{"name":"guang_","bone":"shine"},{"name":"shu_","bone":"root","attachment":"shu_"},{"name":"xx1","bone":"xx1","blend":"additive"},{"name":"xx5","bone":"xx5","blend":"additive"},{"name":"xx2","bone":"xx2","blend":"additive"},{"name":"xx6","bone":"xx6","blend":"screen"},{"name":"xx3","bone":"xx3","blend":"screen"},{"name":"xx7","bone":"xx7","blend":"additive"},{"name":"xx4","bone":"xx4","blend":"additive"},{"name":"qiuliang_1","bone":"1","blend":"additive"},{"name":"qiuliang_2","bone":"1","blend":"additive"},{"name":"qiuliang_3","bone":"1","blend":"additive"},{"name":"qiuliang_4","bone":"1","blend":"additive"},{"name":"qiuliang_5","bone":"1","blend":"additive"},{"name":"qiuliang_6","bone":"1","blend":"additive"},{"name":"qiuliang_7","bone":"1","blend":"additive"},{"name":"qiuliang_8","bone":"1","blend":"additive"},{"name":"qiuliang_9","bone":"1","blend":"additive"},{"name":"qiuliang_10","bone":"1","blend":"additive"},{"name":"qiuliang_11","bone":"1","blend":"additive"},{"name":"qiuliang_12","bone":"1","blend":"additive"},{"name":"a0_","bone":"shu_shan1","blend":"additive"},{"name":"a1_","bone":"shu_shan2","blend":"additive"},{"name":"a2_","bone":"shu_shan3","blend":"additive"},{"name":"b0_","bone":"shu_shan1","blend":"additive"},{"name":"b1_","bone":"shu_shan2","blend":"additive"},{"name":"b2_","bone":"shu_shan3","blend":"additive"},{"name":"c0_","bone":"shu_shan1","blend":"additive"},{"name":"c1_","bone":"shu_shan2","blend":"additive"},{"name":"c2_","bone":"shu_shan3","blend":"additive"},{"name":"d0_","bone":"shu_shan1","blend":"additive"},{"name":"d1_","bone":"shu_shan2","blend":"additive"},{"name":"d2_","bone":"shu_shan3","blend":"additive"},{"name":"d_1","bone":"root","attachment":"d_"},{"name":"d_2","bone":"root","attachment":"d_"},{"name":"d_3","bone":"root","attachment":"d_"},{"name":"d_4","bone":"root","attachment":"d_"},{"name":"d_5","bone":"root","attachment":"d_"},{"name":"d_6","bone":"root","attachment":"d_"},{"name":"d_7","bone":"root","attachment":"d_"},{"name":"d_8","bone":"root","attachment":"d_"},{"name":"d_9","bone":"root","attachment":"d_"},{"name":"d_10","bone":"root","attachment":"d_"},{"name":"d_11","bone":"root","attachment":"d_"},{"name":"d_12","bone":"root","attachment":"d_"},{"name":"guagnqiu4","bone":"qiu","color":"acff009a","blend":"additive"},{"name":"guagnqiu3","bone":"qiu","color":"acff009a","blend":"additive"},{"name":"guagnqiu2","bone":"qiu","color":"acff009a","blend":"additive"},{"name":"guagnqiu1","bone":"qiu","color":"8aff008d","blend":"additive"},{"name":"guagnqiu0","bone":"qiu","color":"8aff008d","blend":"additive"},{"name":"xx_","bone":"1"}],"skins":{"default":{"a0_":{"a0_":{"width":324,"height":416}},"a1_":{"a1_":{"width":324,"height":416}},"a2_":{"a2_":{"width":324,"height":416}},"b0_":{"b0_":{"width":324,"height":416}},"b1_":{"b1_":{"width":324,"height":416}},"b2_":{"b2_":{"width":324,"height":416}},"c0_":{"c0_":{"width":324,"height":416}},"c1_":{"c1_":{"width":324,"height":416}},"c2_":{"c2_":{"width":324,"height":416}},"d0_":{"d0_":{"width":324,"height":416}},"d1_":{"d1_":{"width":324,"height":416}},"d2_":{"d2_":{"width":324,"height":416}},"d_1":{"d_":{"x":-67.59,"y":-46.14,"scaleX":1.049,"scaleY":1.049,"width":26,"height":26}},"d_10":{"d_":{"x":-11.11,"y":178.67,"scaleX":0.903,"scaleY":0.903,"width":26,"height":26}},"d_11":{"d_":{"x":40.86,"y":206.98,"scaleX":0.787,"scaleY":0.787,"width":26,"height":26}},"d_12":{"d_":{"x":-20.39,"y":223.22,"scaleX":0.807,"scaleY":0.807,"width":26,"height":26}},"d_2":{"d_":{"x":124.61,"y":-41.26,"scaleX":1.054,"scaleY":1.054,"width":26,"height":26}},"d_3":{"d_":{"x":8.79,"y":-21.98,"scaleX":1.054,"scaleY":1.054,"width":26,"height":26}},"d_4":{"d_":{"x":-110.5,"y":-4.26,"scaleX":1.054,"scaleY":1.054,"width":26,"height":26}},"d_5":{"d_":{"x":26.34,"y":34.47,"scaleX":1.054,"scaleY":1.054,"width":26,"height":26}},"d_6":{"d_":{"x":-29.48,"y":63.89,"scaleX":0.935,"scaleY":0.935,"width":26,"height":26}},"d_7":{"d_":{"x":69.77,"y":73.74,"scaleX":1.039,"scaleY":1.039,"width":26,"height":26}},"d_8":{"d_":{"x":-62.9,"y":130.9,"scaleX":0.933,"scaleY":0.933,"width":26,"height":26}},"d_9":{"d_":{"x":61.32,"y":152.9,"scaleX":0.903,"scaleY":0.903,"width":26,"height":26}},"guagnqiu0":{"guagnqiu_":{"x":-8.4,"y":-68.92,"scaleX":1.37,"scaleY":1.37,"width":64,"height":64}},"guagnqiu1":{"guagnqiu_":{"x":96.91,"y":-67.41,"scaleX":1.227,"scaleY":1.227,"width":64,"height":64}},"guagnqiu2":{"guagnqiu_":{"x":10.58,"y":-5.54,"scaleX":1.082,"scaleY":1.082,"width":64,"height":64}},"guagnqiu3":{"guagnqiu_":{"x":64.17,"y":41.32,"scaleX":1.277,"scaleY":1.277,"width":64,"height":64}},"guagnqiu4":{"guagnqiu_":{"x":18.32,"y":81.13,"scaleX":1.277,"scaleY":1.277,"width":64,"height":64}},"guagnqiu_10":{"guagnqiu_":{"x":4.55,"y":279.74,"scaleX":7.559,"scaleY":7.559,"width":64,"height":64}},"guagnqiu_9":{"guagnqiu_":{"x":1.07,"y":-3.72,"scaleX":7.559,"scaleY":7.559,"width":64,"height":64}},"guang_":{"guang_":{"x":0.63,"y":-0.44,"width":109,"height":94}},"qiuliang_1":{"qiuliang_":{"x":-71.24,"y":-48.24,"scaleX":2.016,"scaleY":2.016,"width":22,"height":22}},"qiuliang_10":{"qiuliang_":{"x":-11.91,"y":189.78,"scaleX":1.886,"scaleY":1.886,"width":22,"height":22}},"qiuliang_11":{"qiuliang_":{"x":43.31,"y":219.85,"scaleX":1.693,"scaleY":1.693,"width":22,"height":22}},"qiuliang_12":{"qiuliang_":{"x":-21.77,"y":237.11,"scaleX":1.772,"scaleY":1.772,"width":22,"height":22}},"qiuliang_2":{"qiuliang_":{"x":133,"y":-43.8,"scaleX":2.016,"scaleY":2.016,"width":22,"height":22}},"qiuliang_3":{"qiuliang_":{"x":10.04,"y":-23.14,"scaleX":2.016,"scaleY":2.016,"width":22,"height":22}},"qiuliang_4":{"qiuliang_":{"x":-116.93,"y":-4.6,"scaleX":2.016,"scaleY":2.016,"width":22,"height":22}},"qiuliang_5":{"qiuliang_":{"x":28.71,"y":37.29,"scaleX":2.016,"scaleY":2.016,"width":22,"height":22}},"qiuliang_6":{"qiuliang_":{"x":-31.17,"y":67.85,"scaleX":2.016,"scaleY":2.016,"width":22,"height":22}},"qiuliang_7":{"qiuliang_":{"x":74.81,"y":78,"scaleX":2.016,"scaleY":2.016,"width":22,"height":22}},"qiuliang_8":{"qiuliang_":{"x":-66.35,"y":139.16,"scaleX":1.792,"scaleY":1.792,"width":22,"height":22}},"qiuliang_9":{"qiuliang_":{"x":65.26,"y":162.53,"scaleX":1.864,"scaleY":1.864,"width":22,"height":22}},"shu_":{"shu_":{"x":3.12,"y":96.35,"width":258,"height":405}},"xx1":{"xing_":{"width":64,"height":64}},"xx2":{"xing_":{"width":64,"height":64}},"xx3":{"xing_":{"width":64,"height":64}},"xx4":{"xing_":{"width":64,"height":64}},"xx5":{"xing_":{"width":64,"height":64}},"xx6":{"xing_":{"width":64,"height":64}},"xx7":{"xing_":{"width":64,"height":64}},"xx_":{"xx_":{"x":4.42,"y":295.53,"width":58,"height":57}}}},"animations":{"animation":{"slots":{"a0_":{"color":[{"time":0,"color":"ffffff00","curve":"stepped"},{"time":1.3333,"color":"ffffff00"},{"time":1.7333,"color":"ffffffff"},{"time":2.1,"color":"ffffff00"}],"attachment":[{"time":0,"name":"a0_"}]},"a1_":{"color":[{"time":0,"color":"ffffff00","curve":"stepped"},{"time":1.6667,"color":"ffffff00"},{"time":2,"color":"ffffffff"},{"time":2.3667,"color":"ffffff00"}],"attachment":[{"time":0,"name":"a1_"}]},"a2_":{"color":[{"time":0,"color":"ffffff00","curve":"stepped"},{"time":1.9333,"color":"ffffff00"},{"time":2.3,"color":"ffffffff"},{"time":2.8333,"color":"ffffff00"}],"attachment":[{"time":0,"name":"a2_"}]},"b0_":{"color":[{"time":0,"color":"ffffff00","curve":"stepped"},{"time":1.3333,"color":"ffffff00"},{"time":1.7333,"color":"ffffffff"},{"time":2.1,"color":"ffffff00"}],"attachment":[{"time":0,"name":"b0_"}]},"b1_":{"color":[{"time":0,"color":"ffffff00","curve":"stepped"},{"time":1.6667,"color":"ffffff00"},{"time":2,"color":"ffffffff"},{"time":2.3667,"color":"ffffff00"}],"attachment":[{"time":0,"name":"b1_"}]},"b2_":{"color":[{"time":0,"color":"ffffff00","curve":"stepped"},{"time":1.9333,"color":"ffffff00"},{"time":2.3,"color":"ffffffff"},{"time":2.8333,"color":"ffffff00"}],"attachment":[{"time":0,"name":"b2_"}]},"c0_":{"color":[{"time":0,"color":"ffffff00","curve":"stepped"},{"time":1.3333,"color":"ffffff00"},{"time":1.7333,"color":"ffffffff"},{"time":2.1,"color":"ffffff00"}],"attachment":[{"time":0,"name":"c0_"}]},"c1_":{"color":[{"time":0,"color":"ffffff00","curve":"stepped"},{"time":1.6667,"color":"ffffff00"},{"time":2,"color":"ffffffff"},{"time":2.3667,"color":"ffffff00"}],"attachment":[{"time":0,"name":"c1_"}]},"c2_":{"color":[{"time":0,"color":"ffffff00","curve":"stepped"},{"time":1.9333,"color":"ffffff00"},{"time":2.3,"color":"ffffffff"},{"time":2.8333,"color":"ffffff00"}],"attachment":[{"time":0,"name":"c2_"}]},"d0_":{"color":[{"time":0,"color":"ffffff00","curve":"stepped"},{"time":1.3333,"color":"ffffff00"},{"time":1.7333,"color":"ffffffff"},{"time":2.1,"color":"ffffff00"}],"attachment":[{"time":0,"name":"d0_"}]},"d1_":{"color":[{"time":0,"color":"ffffff00","curve":"stepped"},{"time":1.6667,"color":"ffffff00"},{"time":2,"color":"ffffffff"},{"time":2.3667,"color":"ffffff00"}],"attachment":[{"time":0,"name":"d1_"}]},"d2_":{"color":[{"time":0,"color":"ffffff00","curve":"stepped"},{"time":1.9333,"color":"ffffff00"},{"time":2.3,"color":"ffffffff"},{"time":2.8333,"color":"ffffff00"}],"attachment":[{"time":0,"name":"d2_"}]},"guagnqiu0":{"color":[{"time":0,"color":"8aff0000"},{"time":0.3,"color":"ffde0094"},{"time":0.6667,"color":"ffde0049","curve":"stepped"},{"time":2.5,"color":"ffde0049"},{"time":2.8333,"color":"ffde0000"}],"attachment":[{"time":0,"name":"guagnqiu_"}]},"guagnqiu1":{"color":[{"time":0,"color":"ff8f0000","curve":"stepped"},{"time":0.4,"color":"ff8f0000"},{"time":0.8,"color":"ff8f00c6"},{"time":1.1333,"color":"ff90008c","curve":"stepped"},{"time":2.5,"color":"ff90008c"},{"time":2.8333,"color":"ff900000"}],"attachment":[{"time":0,"name":"guagnqiu_"}]},"guagnqiu2":{"color":[{"time":0,"color":"ff880000","curve":"stepped"},{"time":0.6333,"color":"ff880000"},{"time":1.0333,"color":"ff8800b4"},{"time":1.4,"color":"ff890049","curve":"stepped"},{"time":2.5,"color":"ff890049"},{"time":2.8333,"color":"ff890000"}],"attachment":[{"time":0,"name":"guagnqiu_"}]},"guagnqiu3":{"color":[{"time":0,"color":"ff8f0000","curve":"stepped"},{"time":1.1,"color":"ff8f0000"},{"time":1.5,"color":"ff8f00c6"},{"time":1.8333,"color":"ff8f0037","curve":"stepped"},{"time":2.5,"color":"ff8f0037"},{"time":2.8333,"color":"ff900000"}],"attachment":[{"time":0,"name":"guagnqiu_"}]},"guagnqiu4":{"color":[{"time":0,"color":"ff8f0000","curve":"stepped"},{"time":1.2667,"color":"ff8f0000"},{"time":1.6333,"color":"ff8f0058"},{"time":2,"color":"ff8f0040","curve":"stepped"},{"time":2.5,"color":"ff8f0040"},{"time":2.8333,"color":"ff8f0000"}],"attachment":[{"time":0,"name":"guagnqiu_"}]},"guagnqiu_9":{"color":[{"time":1.5333,"color":"ff8f6b00"},{"time":2.3,"color":"ff8e6bbd"},{"time":2.8333,"color":"ff8f6b00"}],"attachment":[{"time":1.5333,"name":"guagnqiu_"}]},"guagnqiu_10":{"color":[{"time":1.4333,"color":"ff000000"},{"time":2.1,"color":"ff0000a8"},{"time":2.8333,"color":"ff000000"}],"attachment":[{"time":1.4333,"name":"guagnqiu_"}]},"guang_":{"color":[{"time":0,"color":"ffffff00","curve":"stepped"},{"time":1.1,"color":"ffffff00"},{"time":1.5333,"color":"ffffffff","curve":"stepped"},{"time":2.5333,"color":"ffffffff"},{"time":2.8333,"color":"ffffff00"}],"attachment":[{"time":1.1,"name":"guang_"}]},"qiuliang_1":{"color":[{"time":0,"color":"ffffff00","curve":"stepped"},{"time":0.0333,"color":"ffffff00"},{"time":0.2333,"color":"ffffffff","curve":"stepped"},{"time":0.6,"color":"ffffffff"},{"time":1.0333,"color":"ffffff5e"},{"time":1.5333,"color":"ffffffff","curve":"stepped"},{"time":2.5667,"color":"ffffffff"},{"time":2.8333,"color":"ffffff00"}],"attachment":[{"time":0,"name":"qiuliang_"}]},"qiuliang_2":{"color":[{"time":0,"color":"ffffff00","curve":"stepped"},{"time":0.2333,"color":"ffffff00"},{"time":0.4333,"color":"ffffffff","curve":"stepped"},{"time":0.8667,"color":"ffffffff"},{"time":1.3,"color":"ffffff5e"},{"time":1.8,"color":"ffffffff","curve":"stepped"},{"time":2.5667,"color":"ffffffff"},{"time":2.8333,"color":"ffffff00"}],"attachment":[{"time":0,"name":"qiuliang_"}]},"qiuliang_3":{"color":[{"time":0,"color":"ffffff00","curve":"stepped"},{"time":0.3667,"color":"ffffff00"},{"time":0.5667,"color":"ffffffff","curve":"stepped"},{"time":1.3,"color":"ffffffff"},{"time":1.7333,"color":"ffffff5e"},{"time":2.2333,"color":"ffffffff","curve":"stepped"},{"time":2.5667,"color":"ffffffff"},{"time":2.8333,"color":"ffffff00"}],"attachment":[{"time":0,"name":"qiuliang_"}]},"qiuliang_4":{"color":[{"time":0,"color":"ffffff00","curve":"stepped"},{"time":0.5,"color":"ffffff00"},{"time":0.7,"color":"ffffffff","curve":"stepped"},{"time":1.4667,"color":"ffffffff"},{"time":1.9,"color":"ffffff5e"},{"time":2.4,"color":"ffffffff","curve":"stepped"},{"time":2.5667,"color":"ffffffff"},{"time":2.8333,"color":"ffffff00"}],"attachment":[{"time":0,"name":"qiuliang_"}]},"qiuliang_5":{"color":[{"time":0,"color":"ffffff00","curve":"stepped"},{"time":0.6,"color":"ffffff00"},{"time":0.8,"color":"ffffffff","curve":"stepped"},{"time":1.1333,"color":"ffffffff"},{"time":1.5667,"color":"ffffff5e"},{"time":2.0667,"color":"ffffffff","curve":"stepped"},{"time":2.5667,"color":"ffffffff"},{"time":2.8333,"color":"ffffff00"}],"attachment":[{"time":0,"name":"qiuliang_"}]},"qiuliang_6":{"color":[{"time":0,"color":"ffffff00","curve":"stepped"},{"time":0.7,"color":"ffffff00"},{"time":0.9,"color":"ffffffff","curve":"stepped"},{"time":1.4,"color":"ffffffff"},{"time":1.8333,"color":"ffffff5e"},{"time":2.3333,"color":"ffffffff","curve":"stepped"},{"time":2.5667,"color":"ffffffff"},{"time":2.8333,"color":"ffffff00"}],"attachment":[{"time":0,"name":"qiuliang_"}]},"qiuliang_7":{"color":[{"time":0,"color":"ffffff00","curve":"stepped"},{"time":0.8,"color":"ffffff00"},{"time":1,"color":"ffffffff","curve":"stepped"},{"time":1.4333,"color":"ffffffff"},{"time":1.8667,"color":"ffffff5e"},{"time":2.3667,"color":"ffffffff","curve":"stepped"},{"time":2.5667,"color":"ffffffff"},{"time":2.8333,"color":"ffffff00"}],"attachment":[{"time":0,"name":"qiuliang_"}]},"qiuliang_8":{"color":[{"time":0,"color":"ffffff00","curve":"stepped"},{"time":0.9,"color":"ffffff00"},{"time":1.1,"color":"ffffffff","curve":"stepped"},{"time":1.6333,"color":"ffffffff"},{"time":2.0667,"color":"ffffff5e"},{"time":2.5667,"color":"ffffffff"},{"time":2.8333,"color":"ffffff00"}],"attachment":[{"time":0,"name":"qiuliang_"}]},"qiuliang_9":{"color":[{"time":0,"color":"ffffff00","curve":"stepped"},{"time":1,"color":"ffffff00"},{"time":1.2,"color":"ffffffff","curve":"stepped"},{"time":1.4,"color":"ffffffff"},{"time":1.8333,"color":"ffffff5e"},{"time":2.3333,"color":"ffffffff","curve":"stepped"},{"time":2.5667,"color":"ffffffff"},{"time":2.8333,"color":"ffffff00"}],"attachment":[{"time":0,"name":"qiuliang_"}]},"qiuliang_10":{"color":[{"time":0,"color":"ffffff00","curve":"stepped"},{"time":1.0667,"color":"ffffff00"},{"time":1.2667,"color":"ffffffff","curve":"stepped"},{"time":1.6333,"color":"ffffffff"},{"time":2.0667,"color":"ffffff5e"},{"time":2.5667,"color":"ffffffff"},{"time":2.8333,"color":"ffffff00"}],"attachment":[{"time":0,"name":"qiuliang_"}]},"qiuliang_11":{"color":[{"time":0,"color":"ffffff00","curve":"stepped"},{"time":1.1333,"color":"ffffff00"},{"time":1.3333,"color":"ffffffff","curve":"stepped"},{"time":2.5667,"color":"ffffffff"},{"time":2.8333,"color":"ffffff00"}],"attachment":[{"time":0,"name":"qiuliang_"}]},"qiuliang_12":{"color":[{"time":0,"color":"ffffff00","curve":"stepped"},{"time":1.2,"color":"ffffff00"},{"time":1.4,"color":"ffffffff","curve":"stepped"},{"time":1.6667,"color":"ffffffff"},{"time":2.1,"color":"ffffff5e"},{"time":2.5667,"color":"ffffffff"},{"time":2.8333,"color":"ffffff00"}],"attachment":[{"time":0,"name":"qiuliang_"}]},"xx1":{"attachment":[{"time":1.9333,"name":"xing_"}]},"xx2":{"attachment":[{"time":1.2667,"name":"xing_"}]},"xx3":{"attachment":[{"time":1.5,"name":"xing_"}]},"xx4":{"attachment":[{"time":1.7,"name":"xing_"}]},"xx5":{"attachment":[{"time":1.0333,"name":"xing_"}]},"xx6":{"attachment":[{"time":0.6,"name":"xing_"}]},"xx7":{"attachment":[{"time":1.9333,"name":"xing_"}]},"xx_":{"color":[{"time":0,"color":"ffffff00","curve":"stepped"},{"time":1.3,"color":"ffffff00"},{"time":1.5,"color":"ffffffff","curve":"stepped"},{"time":2.5667,"color":"ffffffff"},{"time":2.8333,"color":"ffffff00"}],"attachment":[{"time":1.3,"name":"xx_"}]}},"bones":{"shine":{"scale":[{"time":0,"x":1.5,"y":1.5},{"time":1.1,"x":1,"y":1,"curve":[0.25,0,0.75,1]},{"time":1.7,"x":1.991,"y":1.991,"curve":[0.25,0,0.75,1]},{"time":2.2667,"x":1.579,"y":1.579,"curve":[0.25,0,0.75,1]},{"time":2.8333,"x":1.286,"y":1.286}]},"xx1":{"scale":[{"time":1.9333,"x":0,"y":0},{"time":2.3667,"x":0.776,"y":1},{"time":2.8333,"x":0,"y":0}]},"xx2":{"scale":[{"time":1.2667,"x":0,"y":0},{"time":1.7,"x":1.104,"y":1.257},{"time":2.1667,"x":0,"y":0}]},"xx3":{"scale":[{"time":1.5,"x":0,"y":0},{"time":1.9333,"x":1,"y":1},{"time":2.4,"x":0,"y":0}]},"xx4":{"scale":[{"time":1.7,"x":0,"y":0},{"time":2.1667,"x":0.475,"y":0.432},{"time":2.6333,"x":0,"y":0}]},"beiguang":{"scale":[{"time":1.5333,"x":1.46,"y":1.46},{"time":2.8333,"x":1.674,"y":1.674}]},"xx5":{"scale":[{"time":1.0333,"x":0,"y":0},{"time":1.4667,"x":0.767,"y":0.989},{"time":1.9,"x":0,"y":0}]},"xx6":{"scale":[{"time":0.6,"x":0,"y":0},{"time":1.0333,"x":1.151,"y":1.31},{"time":1.4667,"x":0,"y":0}]},"xx7":{"scale":[{"time":1.9333,"x":0,"y":0},{"time":2.4,"x":0.49,"y":0.49},{"time":2.8333,"x":0,"y":0}]}}}}}