{
"skeleton": { "hash": "oyO7U5I5PT3AM1CIJB+FpvU6wk4", "spine": "3.7.94", "width": 1063.19, "height": 600 },
"bones": [
	{ "name": "root" },
	{ "name": "bone1", "parent": "root", "scaleX": -1.2 },
	{ "name": "bone2", "parent": "root", "scaleX": 1.2 }
],
"slots": [
	{ "name": "a_00_", "bone": "bone1", "attachment": "a_00_" },
	{ "name": "a_00_2", "bone": "bone2", "attachment": "a_00_" },
	{ "name": "b_00_", "bone": "bone1", "attachment": "b_00_" },
	{ "name": "b_00_2", "bone": "bone2", "attachment": "b_00_" },
	{ "name": "c_00_", "bone": "bone1", "attachment": "c_00_" },
	{ "name": "c_00_2", "bone": "bone2", "attachment": "c_00_" },
	{ "name": "d_00_", "bone": "bone1", "attachment": "d_00_" },
	{ "name": "d_00_2", "bone": "bone2", "attachment": "d_00_" }
],
"skins": {
	"default": {
		"a_00_": {
			"a_00_": { "x": 142.98, "y": 339.07, "width": 200, "height": 300 },
			"a_01_": { "x": 142.98, "y": 339.07, "width": 200, "height": 300 },
			"a_02_": { "x": 142.98, "y": 339.07, "width": 200, "height": 300 },
			"a_03_": { "x": 142.98, "y": 339.07, "width": 200, "height": 300 },
			"a_04_": { "x": 142.98, "y": 339.07, "width": 200, "height": 300 },
			"a_05_": { "x": 142.98, "y": 339.07, "width": 200, "height": 300 },
			"a_06_": { "x": 142.98, "y": 339.07, "width": 200, "height": 300 },
			"a_07_": { "x": 142.98, "y": 339.07, "width": 200, "height": 300 },
			"a_08_": { "x": 142.98, "y": 339.07, "width": 200, "height": 300 },
			"a_09_": { "x": 142.98, "y": 339.07, "width": 200, "height": 300 },
			"a_10_": { "x": 142.98, "y": 339.07, "width": 200, "height": 300 },
			"a_11_": { "x": 142.98, "y": 339.07, "width": 200, "height": 300 },
			"a_12_": { "x": 142.98, "y": 339.07, "width": 200, "height": 300 },
			"a_13_": { "x": 142.98, "y": 339.07, "width": 200, "height": 300 },
			"a_14_": { "x": 142.98, "y": 339.07, "width": 200, "height": 300 },
			"a_15_": { "x": 142.98, "y": 339.07, "width": 200, "height": 300 },
			"a_16_": { "x": 142.98, "y": 339.07, "width": 200, "height": 300 },
			"a_17_": { "x": 142.98, "y": 339.07, "width": 200, "height": 300 },
			"a_18_": { "x": 142.98, "y": 339.07, "width": 200, "height": 300 }
		},
		"a_00_2": {
			"a_00_": { "x": 142.98, "y": 339.07, "width": 200, "height": 300 },
			"a_01_": { "x": 142.98, "y": 339.07, "width": 200, "height": 300 },
			"a_02_": { "x": 142.98, "y": 339.07, "width": 200, "height": 300 },
			"a_03_": { "x": 142.98, "y": 339.07, "width": 200, "height": 300 },
			"a_04_": { "x": 142.98, "y": 339.07, "width": 200, "height": 300 },
			"a_05_": { "x": 142.98, "y": 339.07, "width": 200, "height": 300 },
			"a_06_": { "x": 142.98, "y": 339.07, "width": 200, "height": 300 },
			"a_07_": { "x": 142.98, "y": 339.07, "width": 200, "height": 300 },
			"a_08_": { "x": 142.98, "y": 339.07, "width": 200, "height": 300 },
			"a_09_": { "x": 142.98, "y": 339.07, "width": 200, "height": 300 },
			"a_10_": { "x": 142.98, "y": 339.07, "width": 200, "height": 300 },
			"a_11_": { "x": 142.98, "y": 339.07, "width": 200, "height": 300 },
			"a_12_": { "x": 142.98, "y": 339.07, "width": 200, "height": 300 },
			"a_13_": { "x": 142.98, "y": 339.07, "width": 200, "height": 300 },
			"a_14_": { "x": 142.98, "y": 339.07, "width": 200, "height": 300 },
			"a_15_": { "x": 142.98, "y": 339.07, "width": 200, "height": 300 },
			"a_16_": { "x": 142.98, "y": 339.07, "width": 200, "height": 300 },
			"a_17_": { "x": 142.98, "y": 339.07, "width": 200, "height": 300 },
			"a_18_": { "x": 142.98, "y": 339.07, "width": 200, "height": 300 }
		},
		"b_00_": {
			"b_00_": { "x": 342.98, "y": 339.07, "width": 200, "height": 300 },
			"b_01_": { "x": 342.98, "y": 339.07, "width": 200, "height": 300 },
			"b_02_": { "x": 342.98, "y": 339.07, "width": 200, "height": 300 },
			"b_03_": { "x": 342.98, "y": 339.07, "width": 200, "height": 300 },
			"b_04_": { "x": 342.98, "y": 339.07, "width": 200, "height": 300 },
			"b_05_": { "x": 342.98, "y": 339.07, "width": 200, "height": 300 },
			"b_06_": { "x": 342.98, "y": 339.07, "width": 200, "height": 300 },
			"b_07_": { "x": 342.98, "y": 339.07, "width": 200, "height": 300 },
			"b_08_": { "x": 342.98, "y": 339.07, "width": 200, "height": 300 },
			"b_09_": { "x": 342.98, "y": 339.07, "width": 200, "height": 300 },
			"b_10_": { "x": 342.98, "y": 339.07, "width": 200, "height": 300 },
			"b_11_": { "x": 342.98, "y": 339.07, "width": 200, "height": 300 },
			"b_12_": { "x": 342.98, "y": 339.07, "width": 200, "height": 300 },
			"b_13_": { "x": 342.98, "y": 339.07, "width": 200, "height": 300 },
			"b_14_": { "x": 342.98, "y": 339.07, "width": 200, "height": 300 },
			"b_15_": { "x": 342.98, "y": 339.07, "width": 200, "height": 300 },
			"b_16_": { "x": 342.98, "y": 339.07, "width": 200, "height": 300 },
			"b_17_": { "x": 342.98, "y": 339.07, "width": 200, "height": 300 },
			"b_18_": { "x": 342.98, "y": 339.07, "width": 200, "height": 300 }
		},
		"b_00_2": {
			"b_00_": { "x": 342.98, "y": 339.07, "width": 200, "height": 300 },
			"b_01_": { "x": 342.98, "y": 339.07, "width": 200, "height": 300 },
			"b_02_": { "x": 342.98, "y": 339.07, "width": 200, "height": 300 },
			"b_03_": { "x": 342.98, "y": 339.07, "width": 200, "height": 300 },
			"b_04_": { "x": 342.98, "y": 339.07, "width": 200, "height": 300 },
			"b_05_": { "x": 342.98, "y": 339.07, "width": 200, "height": 300 },
			"b_06_": { "x": 342.98, "y": 339.07, "width": 200, "height": 300 },
			"b_07_": { "x": 342.98, "y": 339.07, "width": 200, "height": 300 },
			"b_08_": { "x": 342.98, "y": 339.07, "width": 200, "height": 300 },
			"b_09_": { "x": 342.98, "y": 339.07, "width": 200, "height": 300 },
			"b_10_": { "x": 342.98, "y": 339.07, "width": 200, "height": 300 },
			"b_11_": { "x": 342.98, "y": 339.07, "width": 200, "height": 300 },
			"b_12_": { "x": 342.98, "y": 339.07, "width": 200, "height": 300 },
			"b_13_": { "x": 342.98, "y": 339.07, "width": 200, "height": 300 },
			"b_14_": { "x": 342.98, "y": 339.07, "width": 200, "height": 300 },
			"b_15_": { "x": 342.98, "y": 339.07, "width": 200, "height": 300 },
			"b_16_": { "x": 342.98, "y": 339.07, "width": 200, "height": 300 },
			"b_17_": { "x": 342.98, "y": 339.07, "width": 200, "height": 300 },
			"b_18_": { "x": 342.98, "y": 339.07, "width": 200, "height": 300 }
		},
		"c_00_": {
			"c_00_": { "x": 142.98, "y": 39.07, "width": 200, "height": 300 },
			"c_01_": { "x": 142.98, "y": 39.07, "width": 200, "height": 300 },
			"c_02_": { "x": 142.98, "y": 39.07, "width": 200, "height": 300 },
			"c_03_": { "x": 142.98, "y": 39.07, "width": 200, "height": 300 },
			"c_04_": { "x": 142.98, "y": 39.07, "width": 200, "height": 300 },
			"c_05_": { "x": 142.98, "y": 39.07, "width": 200, "height": 300 },
			"c_06_": { "x": 142.98, "y": 39.07, "width": 200, "height": 300 },
			"c_07_": { "x": 142.98, "y": 39.07, "width": 200, "height": 300 },
			"c_08_": { "x": 142.98, "y": 39.07, "width": 200, "height": 300 },
			"c_09_": { "x": 142.98, "y": 39.07, "width": 200, "height": 300 },
			"c_10_": { "x": 142.98, "y": 39.07, "width": 200, "height": 300 },
			"c_11_": { "x": 142.98, "y": 39.07, "width": 200, "height": 300 },
			"c_12_": { "x": 142.98, "y": 39.07, "width": 200, "height": 300 },
			"c_13_": { "x": 142.98, "y": 39.07, "width": 200, "height": 300 },
			"c_14_": { "x": 142.98, "y": 39.07, "width": 200, "height": 300 },
			"c_15_": { "x": 142.98, "y": 39.07, "width": 200, "height": 300 },
			"c_16_": { "x": 142.98, "y": 39.07, "width": 200, "height": 300 },
			"c_17_": { "x": 142.98, "y": 39.07, "width": 200, "height": 300 },
			"c_18_": { "x": 142.98, "y": 39.07, "width": 200, "height": 300 }
		},
		"c_00_2": {
			"c_00_": { "x": 142.98, "y": 39.07, "width": 200, "height": 300 },
			"c_01_": { "x": 142.98, "y": 39.07, "width": 200, "height": 300 },
			"c_02_": { "x": 142.98, "y": 39.07, "width": 200, "height": 300 },
			"c_03_": { "x": 142.98, "y": 39.07, "width": 200, "height": 300 },
			"c_04_": { "x": 142.98, "y": 39.07, "width": 200, "height": 300 },
			"c_05_": { "x": 142.98, "y": 39.07, "width": 200, "height": 300 },
			"c_06_": { "x": 142.98, "y": 39.07, "width": 200, "height": 300 },
			"c_07_": { "x": 142.98, "y": 39.07, "width": 200, "height": 300 },
			"c_08_": { "x": 142.98, "y": 39.07, "width": 200, "height": 300 },
			"c_09_": { "x": 142.98, "y": 39.07, "width": 200, "height": 300 },
			"c_10_": { "x": 142.98, "y": 39.07, "width": 200, "height": 300 },
			"c_11_": { "x": 142.98, "y": 39.07, "width": 200, "height": 300 },
			"c_12_": { "x": 142.98, "y": 39.07, "width": 200, "height": 300 },
			"c_13_": { "x": 142.98, "y": 39.07, "width": 200, "height": 300 },
			"c_14_": { "x": 142.98, "y": 39.07, "width": 200, "height": 300 },
			"c_15_": { "x": 142.98, "y": 39.07, "width": 200, "height": 300 },
			"c_16_": { "x": 142.98, "y": 39.07, "width": 200, "height": 300 },
			"c_17_": { "x": 142.98, "y": 39.07, "width": 200, "height": 300 },
			"c_18_": { "x": 142.98, "y": 39.07, "width": 200, "height": 300 }
		},
		"d_00_": {
			"d_00_": { "x": 343, "y": 39.09, "width": 200, "height": 300 },
			"d_01_": { "x": 343, "y": 39.09, "width": 200, "height": 300 },
			"d_02_": { "x": 343, "y": 39.09, "width": 200, "height": 300 },
			"d_03_": { "x": 343, "y": 39.09, "width": 200, "height": 300 },
			"d_04_": { "x": 343, "y": 39.09, "width": 200, "height": 300 },
			"d_05_": { "x": 343, "y": 39.09, "width": 200, "height": 300 },
			"d_06_": { "x": 343, "y": 39.09, "width": 200, "height": 300 },
			"d_07_": { "x": 343, "y": 39.09, "width": 200, "height": 300 },
			"d_08_": { "x": 343, "y": 39.09, "width": 200, "height": 300 },
			"d_09_": { "x": 343, "y": 39.09, "width": 200, "height": 300 },
			"d_10_": { "x": 343, "y": 39.09, "width": 200, "height": 300 },
			"d_11_": { "x": 343, "y": 39.09, "width": 200, "height": 300 },
			"d_12_": { "x": 343, "y": 39.09, "width": 200, "height": 300 },
			"d_13_": { "x": 343, "y": 39.09, "width": 200, "height": 300 },
			"d_14_": { "x": 343, "y": 39.09, "width": 200, "height": 300 },
			"d_15_": { "x": 343, "y": 39.09, "width": 200, "height": 300 },
			"d_16_": { "x": 343, "y": 39.09, "width": 200, "height": 300 },
			"d_17_": { "x": 343, "y": 39.09, "width": 200, "height": 300 },
			"d_18_": { "x": 343, "y": 39.09, "width": 200, "height": 300 }
		},
		"d_00_2": {
			"d_00_": { "x": 343, "y": 39.09, "width": 200, "height": 300 },
			"d_01_": { "x": 343, "y": 39.09, "width": 200, "height": 300 },
			"d_02_": { "x": 343, "y": 39.09, "width": 200, "height": 300 },
			"d_03_": { "x": 343, "y": 39.09, "width": 200, "height": 300 },
			"d_04_": { "x": 343, "y": 39.09, "width": 200, "height": 300 },
			"d_05_": { "x": 343, "y": 39.09, "width": 200, "height": 300 },
			"d_06_": { "x": 343, "y": 39.09, "width": 200, "height": 300 },
			"d_07_": { "x": 343, "y": 39.09, "width": 200, "height": 300 },
			"d_08_": { "x": 343, "y": 39.09, "width": 200, "height": 300 },
			"d_09_": { "x": 343, "y": 39.09, "width": 200, "height": 300 },
			"d_10_": { "x": 343, "y": 39.09, "width": 200, "height": 300 },
			"d_11_": { "x": 343, "y": 39.09, "width": 200, "height": 300 },
			"d_12_": { "x": 343, "y": 39.09, "width": 200, "height": 300 },
			"d_13_": { "x": 343, "y": 39.09, "width": 200, "height": 300 },
			"d_14_": { "x": 343, "y": 39.09, "width": 200, "height": 300 },
			"d_15_": { "x": 343, "y": 39.09, "width": 200, "height": 300 },
			"d_16_": { "x": 343, "y": 39.09, "width": 200, "height": 300 },
			"d_17_": { "x": 343, "y": 39.09, "width": 200, "height": 300 },
			"d_18_": { "x": 343, "y": 39.09, "width": 200, "height": 300 }
		}
	}
},
"animations": {
	"animation": {
		"slots": {
			"a_00_": {
				"attachment": [
					{ "time": 0, "name": "a_00_" },
					{ "time": 0.1, "name": "a_01_" },
					{ "time": 0.2, "name": "a_02_" },
					{ "time": 0.3333, "name": "a_03_" },
					{ "time": 0.4333, "name": "a_04_" },
					{ "time": 0.5333, "name": "a_05_" },
					{ "time": 0.6333, "name": "a_06_" },
					{ "time": 0.7667, "name": "a_07_" },
					{ "time": 0.8667, "name": "a_08_" },
					{ "time": 1, "name": "a_09_" },
					{ "time": 1.1, "name": "a_10_" },
					{ "time": 1.2333, "name": "a_11_" },
					{ "time": 1.3333, "name": "a_12_" },
					{ "time": 1.4333, "name": "a_13_" },
					{ "time": 1.5333, "name": "a_14_" },
					{ "time": 1.6333, "name": "a_15_" },
					{ "time": 1.7333, "name": "a_16_" },
					{ "time": 1.8333, "name": "a_17_" },
					{ "time": 1.9333, "name": "a_18_" },
					{ "time": 2.0333, "name": "a_18_" }
				]
			},
			"a_00_2": {
				"attachment": [
					{ "time": 0, "name": "a_00_" },
					{ "time": 0.1, "name": "a_01_" },
					{ "time": 0.2, "name": "a_02_" },
					{ "time": 0.3333, "name": "a_03_" },
					{ "time": 0.4333, "name": "a_04_" },
					{ "time": 0.5333, "name": "a_05_" },
					{ "time": 0.6333, "name": "a_06_" },
					{ "time": 0.7667, "name": "a_07_" },
					{ "time": 0.8667, "name": "a_08_" },
					{ "time": 1, "name": "a_09_" },
					{ "time": 1.1, "name": "a_10_" },
					{ "time": 1.2333, "name": "a_11_" },
					{ "time": 1.3333, "name": "a_12_" },
					{ "time": 1.4333, "name": "a_13_" },
					{ "time": 1.5333, "name": "a_14_" },
					{ "time": 1.6333, "name": "a_15_" },
					{ "time": 1.7333, "name": "a_16_" },
					{ "time": 1.8333, "name": "a_17_" },
					{ "time": 1.9333, "name": "a_18_" },
					{ "time": 2.0333, "name": "a_18_" }
				]
			},
			"b_00_": {
				"attachment": [
					{ "time": 0, "name": "b_00_" },
					{ "time": 0.1, "name": "b_01_" },
					{ "time": 0.2, "name": "b_02_" },
					{ "time": 0.3333, "name": "b_03_" },
					{ "time": 0.4333, "name": "b_04_" },
					{ "time": 0.5333, "name": "b_05_" },
					{ "time": 0.6333, "name": "b_06_" },
					{ "time": 0.7667, "name": "b_07_" },
					{ "time": 0.8667, "name": "b_08_" },
					{ "time": 1, "name": "b_09_" },
					{ "time": 1.1, "name": "b_10_" },
					{ "time": 1.2333, "name": "b_11_" },
					{ "time": 1.3333, "name": "b_12_" },
					{ "time": 1.4333, "name": "b_13_" },
					{ "time": 1.5333, "name": "b_14_" },
					{ "time": 1.6333, "name": "b_15_" },
					{ "time": 1.7333, "name": "b_16_" },
					{ "time": 1.8333, "name": "b_17_" },
					{ "time": 1.9333, "name": "b_18_" },
					{ "time": 2.0333, "name": "b_18_" }
				]
			},
			"b_00_2": {
				"attachment": [
					{ "time": 0, "name": "b_00_" },
					{ "time": 0.1, "name": "b_01_" },
					{ "time": 0.2, "name": "b_02_" },
					{ "time": 0.3333, "name": "b_03_" },
					{ "time": 0.4333, "name": "b_04_" },
					{ "time": 0.5333, "name": "b_05_" },
					{ "time": 0.6333, "name": "b_06_" },
					{ "time": 0.7667, "name": "b_07_" },
					{ "time": 0.8667, "name": "b_08_" },
					{ "time": 1, "name": "b_09_" },
					{ "time": 1.1, "name": "b_10_" },
					{ "time": 1.2333, "name": "b_11_" },
					{ "time": 1.3333, "name": "b_12_" },
					{ "time": 1.4333, "name": "b_13_" },
					{ "time": 1.5333, "name": "b_14_" },
					{ "time": 1.6333, "name": "b_15_" },
					{ "time": 1.7333, "name": "b_16_" },
					{ "time": 1.8333, "name": "b_17_" },
					{ "time": 1.9333, "name": "b_18_" },
					{ "time": 2.0333, "name": "b_18_" }
				]
			},
			"c_00_": {
				"attachment": [
					{ "time": 0, "name": "c_00_" },
					{ "time": 0.1, "name": "c_01_" },
					{ "time": 0.2, "name": "c_02_" },
					{ "time": 0.3333, "name": "c_03_" },
					{ "time": 0.4333, "name": "c_04_" },
					{ "time": 0.5333, "name": "c_05_" },
					{ "time": 0.6333, "name": "c_06_" },
					{ "time": 0.7667, "name": "c_07_" },
					{ "time": 0.8667, "name": "c_08_" },
					{ "time": 1, "name": "c_09_" },
					{ "time": 1.1, "name": "c_10_" },
					{ "time": 1.2333, "name": "c_11_" },
					{ "time": 1.3333, "name": "c_12_" },
					{ "time": 1.4333, "name": "c_13_" },
					{ "time": 1.5333, "name": "c_14_" },
					{ "time": 1.6333, "name": "c_15_" },
					{ "time": 1.7333, "name": "c_16_" },
					{ "time": 1.8333, "name": "c_17_" },
					{ "time": 1.9333, "name": "c_18_" },
					{ "time": 2.0333, "name": "c_18_" }
				]
			},
			"c_00_2": {
				"attachment": [
					{ "time": 0, "name": "c_00_" },
					{ "time": 0.1, "name": "c_01_" },
					{ "time": 0.2, "name": "c_02_" },
					{ "time": 0.3333, "name": "c_03_" },
					{ "time": 0.4333, "name": "c_04_" },
					{ "time": 0.5333, "name": "c_05_" },
					{ "time": 0.6333, "name": "c_06_" },
					{ "time": 0.7667, "name": "c_07_" },
					{ "time": 0.8667, "name": "c_08_" },
					{ "time": 1, "name": "c_09_" },
					{ "time": 1.1, "name": "c_10_" },
					{ "time": 1.2333, "name": "c_11_" },
					{ "time": 1.3333, "name": "c_12_" },
					{ "time": 1.4333, "name": "c_13_" },
					{ "time": 1.5333, "name": "c_14_" },
					{ "time": 1.6333, "name": "c_15_" },
					{ "time": 1.7333, "name": "c_16_" },
					{ "time": 1.8333, "name": "c_17_" },
					{ "time": 1.9333, "name": "c_18_" },
					{ "time": 2.0333, "name": "c_18_" }
				]
			},
			"d_00_": {
				"attachment": [
					{ "time": 0, "name": "d_00_" },
					{ "time": 0.1, "name": "d_01_" },
					{ "time": 0.2, "name": "d_02_" },
					{ "time": 0.3333, "name": "d_03_" },
					{ "time": 0.4333, "name": "d_04_" },
					{ "time": 0.5333, "name": "d_05_" },
					{ "time": 0.6333, "name": "d_06_" },
					{ "time": 0.7667, "name": "d_07_" },
					{ "time": 0.8667, "name": "d_08_" },
					{ "time": 1, "name": "d_09_" },
					{ "time": 1.1, "name": "d_10_" },
					{ "time": 1.2333, "name": "d_11_" },
					{ "time": 1.3333, "name": "d_12_" },
					{ "time": 1.4333, "name": "d_13_" },
					{ "time": 1.5333, "name": "d_14_" },
					{ "time": 1.6333, "name": "d_15_" },
					{ "time": 1.7333, "name": "d_16_" },
					{ "time": 1.8333, "name": "d_17_" },
					{ "time": 1.9333, "name": "d_18_" },
					{ "time": 2.0333, "name": "d_18_" }
				]
			},
			"d_00_2": {
				"attachment": [
					{ "time": 0, "name": "d_00_" },
					{ "time": 0.1, "name": "d_01_" },
					{ "time": 0.2, "name": "d_02_" },
					{ "time": 0.3333, "name": "d_03_" },
					{ "time": 0.4333, "name": "d_04_" },
					{ "time": 0.5333, "name": "d_05_" },
					{ "time": 0.6333, "name": "d_06_" },
					{ "time": 0.7667, "name": "d_07_" },
					{ "time": 0.8667, "name": "d_08_" },
					{ "time": 1, "name": "d_09_" },
					{ "time": 1.1, "name": "d_10_" },
					{ "time": 1.2333, "name": "d_11_" },
					{ "time": 1.3333, "name": "d_12_" },
					{ "time": 1.4333, "name": "d_13_" },
					{ "time": 1.5333, "name": "d_14_" },
					{ "time": 1.6333, "name": "d_15_" },
					{ "time": 1.7333, "name": "d_16_" },
					{ "time": 1.8333, "name": "d_17_" },
					{ "time": 1.9333, "name": "d_18_" },
					{ "time": 2.0333, "name": "d_18_" }
				]
			}
		}
	}
}
}