{"skeleton":{"hash":"ifhjXEkDjhQPbrrLENyC+D5jw8o","spine":"3.7.94","width":364.36,"height":346.84,"images":"","audio":"F:/工作cok/巨型樱花树输出/spine/images"},"bones":[{"name":"root"},{"name":"tx","parent":"root","y":12.3},{"name":"02","parent":"root","length":62.12,"rotation":50.12,"x":5.2,"y":76.01},{"name":"05","parent":"root","length":66.11,"rotation":132.2,"x":-71.86,"y":149.79},{"name":"07","parent":"root","length":51.59,"rotation":89.27,"x":60.7,"y":158.28},{"name":"09","parent":"root","length":66.59,"rotation":-48.18,"x":48.29,"y":64.9},{"name":"00","parent":"root","length":48.48,"rotation":-115.53,"x":-60.1,"y":65.56},{"name":"10","parent":"root","length":52.67,"rotation":72.69,"x":3.89,"y":202.03},{"name":"yun1","parent":"root","x":-49,"y":40.37},{"name":"06","parent":"root","length":22.82,"rotation":136.97,"x":-38.34,"y":193.38},{"name":"06a","parent":"06","length":27.29,"rotation":5.28,"x":21.28,"y":1.49},{"name":"06b","parent":"06a","length":24.35,"rotation":6.78,"x":27.29},{"name":"01","parent":"root","length":21.13,"rotation":103.24,"x":-26.38,"y":94.44},{"name":"01a","parent":"01","length":35.24,"rotation":-1.35,"x":23.9,"y":1.21},{"name":"01b","parent":"01a","length":34.78,"rotation":1.18,"x":35.24},{"name":"08","parent":"root","length":23.41,"rotation":-17.65,"x":71.93,"y":80.07},{"name":"08a","parent":"08","length":31.75,"rotation":-1.94,"x":23.54,"y":-2.09},{"name":"08b","parent":"08a","length":20.9,"rotation":-3.24,"x":31.75},{"name":"08c","parent":"08b","length":31.32,"rotation":-6.22,"x":20.9},{"name":"03","parent":"root","length":19.3,"rotation":-149.93,"x":-59.48,"y":82.62},{"name":"03a","parent":"03","length":28.05,"rotation":2.13,"x":16.9,"y":-0.64},{"name":"03b","parent":"03a","length":24.88,"rotation":-0.19,"x":28.05},{"name":"03c","parent":"03b","length":21.13,"rotation":12.99,"x":24.88},{"name":"yun2","parent":"root","x":-49,"y":40.37},{"name":"04","parent":"root","length":15.2,"rotation":170.54,"x":-50.56,"y":112.38},{"name":"04a","parent":"04","length":29.34,"rotation":2.94,"x":13.97,"y":-2.74},{"name":"04b","parent":"04a","length":36.8,"rotation":1.33,"x":29.34},{"name":"045","parent":"04b","length":27.49,"rotation":5.19,"x":36.8},{"name":"piao1","parent":"root","y":-28.9},{"name":"piao2","parent":"root","x":-56.1,"scaleX":0.8,"scaleY":0.8},{"name":"piao3","parent":"root","x":65.88,"y":229.8},{"name":"piao4","parent":"root","x":165.99,"y":81.2},{"name":"piao5","parent":"root"},{"name":"piao6","parent":"root"},{"name":"guang_","parent":"tx","x":-3.72,"y":123.54}],"slots":[{"name":"shitou_","bone":"tx","attachment":"shitou_"},{"name":"ying1_","bone":"tx","attachment":"ying1_"},{"name":"ying2_","bone":"tx","attachment":"ying2_"},{"name":"ying3_","bone":"tx","attachment":"ying3_"},{"name":"shuiwen_2","bone":"tx","attachment":"shuiwen_"},{"name":"yun_1","bone":"yun1","attachment":"yun_"},{"name":"yun_2","bone":"yun2","attachment":"yun_"},{"name":"guangqiu_3","bone":"tx","color":"ff512eff","blend":"additive"},{"name":"shuishan02_","bone":"tx","blend":"additive"},{"name":"shuishan01_","bone":"tx","blend":"additive"},{"name":"shuishan00_","bone":"tx","blend":"additive"},{"name":"shugan_","bone":"tx","attachment":"shugan_"},{"name":"guangqiu_1","bone":"tx","color":"ff30beff","attachment":"guangqiu_","blend":"additive"},{"name":"guangqiu_2","bone":"tx","color":"ff30beff","blend":"additive"},{"name":"zhi1_","bone":"01","attachment":"zhi1_"},{"name":"zhi2_","bone":"02","attachment":"zhi2_"},{"name":"zhi3_","bone":"03","attachment":"zhi3_"},{"name":"zhi0_","bone":"00","attachment":"zhi0_"},{"name":"zhi4_","bone":"04","attachment":"zhi4_"},{"name":"zhi5_","bone":"05","attachment":"zhi5_"},{"name":"zhi6_","bone":"06","attachment":"zhi6_"},{"name":"zhi7_","bone":"06","attachment":"zhi7_"},{"name":"zhi8_","bone":"08","attachment":"zhi8_"},{"name":"zhi9_","bone":"09","attachment":"zhi9_"},{"name":"hua07_","bone":"07","attachment":"hua07_"},{"name":"hua02_","bone":"02","attachment":"hua02_"},{"name":"hua06_","bone":"06","attachment":"hua06_"},{"name":"hua10_","bone":"10","attachment":"hua10_"},{"name":"hua00_","bone":"00","attachment":"hua00_"},{"name":"hua09_","bone":"09","attachment":"hua09_"},{"name":"hua05_","bone":"05","attachment":"hua05_"},{"name":"hua04_","bone":"04","attachment":"hua04_"},{"name":"hua01_","bone":"01","attachment":"hua01_"},{"name":"hua03_","bone":"03","attachment":"hua03_"},{"name":"hua08_","bone":"08","attachment":"hua08_"},{"name":"shuiwen_1","bone":"tx","attachment":"shuiwen_","blend":"additive"},{"name":"huaban_b_","bone":"piao6"},{"name":"huaban_a_","bone":"piao5"},{"name":"guang_","bone":"guang_","attachment":"guang_","blend":"screen"},{"name":"huab1_0_","bone":"piao1"},{"name":"huab1_0_2","bone":"piao3"},{"name":"huab1_1_","bone":"piao1"},{"name":"huab1_1_2","bone":"piao3"},{"name":"huab1_2_","bone":"piao1"},{"name":"huab1_2_2","bone":"piao3"},{"name":"huab1_3_","bone":"piao1"},{"name":"huab1_3_2","bone":"piao3"},{"name":"huab1_4_","bone":"piao1"},{"name":"huab1_4_2","bone":"piao3"},{"name":"huab1_5_","bone":"piao1"},{"name":"huab1_5_2","bone":"piao3"},{"name":"huab1_6_","bone":"piao1"},{"name":"huab1_6_2","bone":"piao3"},{"name":"huab1_7_","bone":"piao1"},{"name":"huab1_7_2","bone":"piao3"},{"name":"huab2_0_","bone":"piao2","blend":"screen"},{"name":"huab2_0_2","bone":"piao4"},{"name":"huab2_1_","bone":"piao2","blend":"screen"},{"name":"huab2_1_2","bone":"piao4"},{"name":"huab2_2_","bone":"piao2","blend":"screen"},{"name":"huab2_2_2","bone":"piao4"},{"name":"huab2_3_","bone":"piao2","blend":"screen"},{"name":"huab2_3_2","bone":"piao4"},{"name":"huab2_4_","bone":"piao2","blend":"screen"},{"name":"huab2_4_2","bone":"piao4"},{"name":"huab2_5_","bone":"piao2","blend":"screen"},{"name":"huab2_5_2","bone":"piao4"},{"name":"huab2_6_","bone":"piao2","blend":"screen"},{"name":"huab2_6_2","bone":"piao4"},{"name":"huab2_7_","bone":"piao2","blend":"screen"},{"name":"huab2_7_2","bone":"piao4"},{"name":"huab2_8_","bone":"piao2","blend":"screen"},{"name":"huab2_8_2","bone":"piao4"},{"name":"huab2_9_","bone":"piao2","blend":"screen"},{"name":"huab2_9_2","bone":"piao4"},{"name":"fenshan00_","bone":"tx","blend":"additive"},{"name":"fenshan01_","bone":"tx","blend":"additive"},{"name":"fenshan02_","bone":"tx","blend":"additive"}],"skins":{"default":{"fenshan00_":{"fenshan00_":{"x":4.61,"y":124.16,"width":377,"height":299}},"fenshan01_":{"fenshan01_":{"x":4.61,"y":124.16,"width":377,"height":299}},"fenshan02_":{"fenshan02_":{"x":4.61,"y":124.16,"width":377,"height":299}},"guang_":{"guang_":{"x":3.01,"y":-14.81,"width":353,"height":346}},"guangqiu_1":{"guangqiu_":{"x":-90.14,"y":57.22,"scaleX":2.913,"scaleY":2.913,"width":64,"height":64}},"guangqiu_2":{"guangqiu_":{"x":86.76,"y":43.82,"scaleX":2.475,"scaleY":2.475,"width":64,"height":64}},"guangqiu_3":{"guangqiu_":{"x":-0.74,"y":153.82,"scaleX":6.477,"scaleY":6.477,"width":64,"height":64}},"hua00_":{"hua00_":{"x":30.19,"y":-3.19,"rotation":115.53,"width":40,"height":41}},"hua01_":{"hua01_":{"type":"mesh","uvs":[1,1,0.5,1,0,1,0,0.66667,0,0.33333,0,0,0.5,0,1,0,1,0.33333,1,0.66667,0.5,0.66667,0.5,0.33333],"triangles":[4,6,5,11,6,4,3,11,4,11,7,6,8,7,11,10,8,11,10,11,3,2,10,3,1,10,2,9,8,10,1,9,10,0,9,1],"vertices":[2,12,-46.71,-48.99,0.99954,14,-105.69,-49.69,4.6E-4,2,12,-29.07,25.96,0.71877,13,-53.54,23.49,0.28123,3,12,-11.44,100.91,0.10739,13,-37.68,98.84,0.88853,14,-70.87,100.32,0.00408,3,12,43.08,88.09,0.01661,13,17.12,87.3,0.81962,14,-16.32,87.66,0.16377,2,13,71.92,75.77,0.33583,14,38.23,75,0.66417,2,13,126.71,64.23,0.06782,14,92.78,62.33,0.93218,2,12,134.46,-12.52,0.00745,14,75.37,-12.67,0.99255,2,12,116.83,-87.47,0.12343,14,57.95,-87.68,0.87657,3,12,62.31,-74.64,0.34822,13,40.19,-74.93,4.0E-4,14,3.4,-75.02,0.65138,2,12,7.8,-61.82,0.86011,14,-51.14,-62.35,0.13989,1,13,1.25,11.96,1,3,12,79.95,0.31,8.0E-5,13,56.05,0.42,6.0E-5,14,20.82,-0.01,0.99986],"hull":10,"edges":[0,2,2,4,4,6,6,8,8,10,10,12,12,14,14,16,16,18,18,0],"width":154,"height":168}},"hua02_":{"hua02_":{"x":49.62,"y":11.09,"rotation":-50.12,"width":145,"height":156}},"hua03_":{"hua03_":{"type":"mesh","uvs":[1,1,0.66667,1,0.33333,1,0,1,0,0.5,0,0,0.33333,0,0.66667,0,1,0,1,0.5,0.66667,0.5,0.33333,0.5],"triangles":[1,10,2,2,10,11,2,11,3,3,11,4,11,7,6,11,6,4,4,6,5,10,8,7,10,7,11,0,9,1,1,9,10,9,8,10],"vertices":[4,19,29.76,58.37,0.81692,20,15.05,58.49,0.01027,21,-13.19,58.45,0.1724,22,-23.95,65.51,4.0E-4,4,19,64.67,38.16,0.30468,20,49.18,37,0.05099,21,21.01,37.07,0.40434,22,4.57,36.99,0.24,3,19,99.57,17.95,0.00152,21,55.21,15.7,0.00157,22,33.09,8.47,0.99691,2,21,89.42,-5.68,0.02858,22,61.61,-20.05,0.97142,3,20,93.2,-44.48,0.05027,21,65.3,-44.27,0.41385,22,29.44,-52.22,0.53588,3,20,68.96,-82.99,0.15163,21,41.19,-82.85,0.65799,22,-2.74,-84.39,0.19039,3,20,34.83,-61.5,0.3334,21,6.98,-61.47,0.59996,22,-31.26,-55.87,0.06664,3,19,19.07,-40.59,0.00679,20,0.69,-40.01,0.81,21,-27.22,-40.1,0.18321,2,19,-15.83,-20.38,0.54364,20,-33.44,-18.51,0.45636,2,19,6.97,18.99,0.9932,21,-37.31,19.86,0.0068,2,20,24.94,-1.5,0.9684,21,-3.1,-1.51,0.0316,3,20,59.07,-22.99,0.0818,21,31.1,-22.89,0.5922,22,0.92,-23.7,0.326],"hull":10,"edges":[0,2,2,4,4,6,6,8,8,10,10,12,12,14,14,16,16,18,18,0],"width":121,"height":91}},"hua04_":{"hua04_":{"type":"mesh","uvs":[1,1,0.66667,1,0.33333,1,0,1,0,0.5,0,0,0.33333,0,0.66667,0,1,0,1,0.5,0.66667,0.5,0.33333,0.5],"triangles":[2,10,11,11,7,6,2,11,3,3,11,4,11,6,4,4,6,5,1,9,10,9,8,10,10,8,7,1,10,2,10,7,11,0,9,1],"vertices":[3,25,14.33,34.03,0.39788,26,-14.22,34.37,0.59455,27,-47.7,38.85,0.00756,3,25,42.48,37.25,0.08109,26,14,36.94,0.73346,27,-19.37,38.85,0.18545,2,26,42.21,39.5,0.2893,27,8.96,38.85,0.7107,2,26,70.43,42.07,0.02966,27,37.3,38.85,0.97034,1,27,37.3,-0.65,1,2,26,77.58,-36.61,9.6E-4,27,37.3,-40.15,0.99904,3,25,79.6,-38.02,3.3E-4,26,49.37,-39.17,0.20214,27,8.96,-40.15,0.79753,3,25,51.45,-41.24,0.06365,26,21.15,-41.74,0.71443,27,-19.37,-40.15,0.22192,3,25,23.3,-44.46,0.22759,26,-7.07,-44.3,0.76005,27,-47.7,-40.15,0.01236,2,25,18.82,-5.21,0.97122,26,-10.64,-4.97,0.02878,1,26,17.57,-2.4,1,1,27,8.96,-0.65,1],"hull":10,"edges":[0,2,2,4,4,6,6,8,8,10,10,12,12,14,14,16,16,18,18,0],"width":85,"height":79}},"hua05_":{"hua05_":{"x":52.89,"y":-2.55,"rotation":-132.2,"width":63,"height":59}},"hua06_":{"hua06_":{"type":"mesh","uvs":[1,1,0.66667,1,0.33333,1,0,1,0,0.5,0,0,0.33333,0,0.66667,0,1,0,1,0.5,0.66667,0.5,0.33333,0.5],"triangles":[4,6,5,11,6,4,3,11,4,2,11,3,11,7,6,2,10,11,10,7,11,1,10,2,10,8,7,9,8,10,1,9,10,0,9,1],"vertices":[1,9,-17.88,-15.06,1,2,9,5.76,7.01,0.83553,10,-14.94,6.92,0.16447,2,10,10.62,26.71,0.79047,11,-13.39,28.49,0.20953,2,10,36.19,46.5,0.27621,11,14.33,45.13,0.72379,2,10,56.39,20.41,0.02189,11,31.31,16.83,0.97811,1,11,48.29,-11.47,1,3,9,74.43,-19.18,0.10071,10,51.03,-25.48,0.17067,11,20.56,-28.1,0.72862,3,9,50.79,-41.24,0.6264,10,25.46,-45.27,0.27922,11,-7.16,-44.74,0.09438,2,9,27.15,-63.31,0.90093,10,-0.11,-65.06,0.09907,2,9,4.64,-39.18,0.98296,10,-20.31,-38.97,0.01704,3,9,28.27,-17.12,0.80305,10,5.26,-19.18,0.19428,11,-24.14,-16.44,0.00266,1,11,3.59,0.19,1],"hull":10,"edges":[0,2,2,4,4,6,6,8,8,10,10,12,12,14,14,16,16,18,18,0],"width":97,"height":66}},"hua07_":{"hua07_":{"x":18.03,"y":-9.58,"rotation":-89.27,"width":143,"height":106}},"hua08_":{"hua08_":{"type":"mesh","uvs":[1,1,0.66667,1,0.33333,1,0,1,0,0.5,0,0,0.33333,0,0.66667,0,1,0,1,0.5,0.66667,0.5,0.33333,0.5],"triangles":[0,9,1,1,9,10,9,8,10,1,10,2,2,11,3,10,8,7,2,10,11,10,7,11,11,7,6,3,11,4,11,6,4,4,6,5],"vertices":[2,16,103.26,-29.86,6.0E-5,18,54.66,-19.96,0.99994,3,16,60.55,-45.06,0.22427,17,31.3,-43.36,0.14593,18,15.03,-41.98,0.62979,3,16,17.84,-60.26,0.82285,17,-10.48,-60.95,0.11804,18,-24.59,-63.99,0.05911,3,15,-3.87,-76.66,0.02431,16,-24.87,-75.46,0.95394,17,-52.26,-78.54,0.02175,2,15,-23.88,-13.77,0.83555,16,-47,-13.28,0.16445,1,15,-43.89,49.12,1,3,15,-0.69,62.87,0.96694,16,-26.42,64.1,0.00472,18,-88.7,51.4,0.02833,4,15,42.51,76.61,0.70857,16,16.29,79.3,0.08649,17,-19.92,78.3,0.01629,18,-49.07,73.41,0.18865,4,15,85.71,90.36,0.51463,16,59,94.5,0.10425,17,21.86,95.89,0.04303,18,-9.44,95.43,0.33809,4,15,105.72,27.47,0.13432,16,81.13,32.32,0.04198,17,47.47,35.06,0.08643,18,22.61,37.73,0.73727,4,15,62.52,13.72,0.17309,16,38.42,17.12,0.28593,17,5.69,17.47,0.36191,18,-17.02,15.72,0.17907,1,15,19.32,-0.02,1],"hull":10,"edges":[0,2,2,4,4,6,6,8,8,10,10,12,12,14,14,16,16,18,18,0],"width":136,"height":132}},"hua09_":{"hua09_":{"x":47.09,"y":-0.93,"rotation":48.18,"width":66,"height":72}},"hua10_":{"hua10_":{"x":30.96,"y":-3.04,"rotation":-72.69,"width":112,"height":87}},"huab1_0_":{"huab1_0_":{"width":36,"height":32}},"huab1_0_2":{"huab1_0_":{"width":36,"height":32}},"huab1_1_":{"huab1_1_":{"width":36,"height":32}},"huab1_1_2":{"huab1_1_":{"width":36,"height":32}},"huab1_2_":{"huab1_2_":{"width":36,"height":32}},"huab1_2_2":{"huab1_2_":{"width":36,"height":32}},"huab1_3_":{"huab1_3_":{"width":36,"height":32}},"huab1_3_2":{"huab1_3_":{"width":36,"height":32}},"huab1_4_":{"huab1_4_":{"width":36,"height":32}},"huab1_4_2":{"huab1_4_":{"width":36,"height":32}},"huab1_5_":{"huab1_5_":{"width":36,"height":32}},"huab1_5_2":{"huab1_5_":{"width":36,"height":32}},"huab1_6_":{"huab1_6_":{"width":36,"height":32}},"huab1_6_2":{"huab1_6_":{"width":36,"height":32}},"huab1_7_":{"huab1_7_":{"width":36,"height":32}},"huab1_7_2":{"huab1_7_":{"width":36,"height":32}},"huab2_0_":{"huab2_0_":{"width":39,"height":35}},"huab2_0_2":{"huab2_0_":{"width":39,"height":35}},"huab2_1_":{"huab2_1_":{"width":39,"height":35}},"huab2_1_2":{"huab2_1_":{"width":39,"height":35}},"huab2_2_":{"huab2_2_":{"width":39,"height":35}},"huab2_2_2":{"huab2_2_":{"width":39,"height":35}},"huab2_3_":{"huab2_3_":{"width":39,"height":35}},"huab2_3_2":{"huab2_3_":{"width":39,"height":35}},"huab2_4_":{"huab2_4_":{"width":39,"height":35}},"huab2_4_2":{"huab2_4_":{"width":39,"height":35}},"huab2_5_":{"huab2_5_":{"width":39,"height":35}},"huab2_5_2":{"huab2_5_":{"width":39,"height":35}},"huab2_6_":{"huab2_6_":{"width":39,"height":35}},"huab2_6_2":{"huab2_6_":{"width":39,"height":35}},"huab2_7_":{"huab2_7_":{"width":39,"height":35}},"huab2_7_2":{"huab2_7_":{"width":39,"height":35}},"huab2_8_":{"huab2_8_":{"width":39,"height":35}},"huab2_8_2":{"huab2_8_":{"width":39,"height":35}},"huab2_9_":{"huab2_9_":{"width":39,"height":35}},"huab2_9_2":{"huab2_9_":{"width":39,"height":35}},"huaban_a_":{"huaban_a_":{"width":21,"height":15}},"huaban_b_":{"huaban_b_":{"width":17,"height":17}},"shitou_":{"shitou_":{"x":-4,"y":21.89,"width":252,"height":174}},"shugan_":{"shugan_":{"x":23,"y":93.89,"width":170,"height":226}},"shuishan00_":{"shuishan00_":{"y":14.09,"width":146,"height":114}},"shuishan01_":{"shuishan01_":{"y":14.09,"width":146,"height":114}},"shuishan02_":{"shuishan02_":{"y":14.09,"width":146,"height":114}},"shuiwen_1":{"shuiwen_":{"type":"mesh","uvs":[1,1,0,1,0,0,1,0],"triangles":[1,2,3,1,3,0],"vertices":[-51.27,-8.31,29.37,-17.21,26.94,-39.23,-53.7,-30.33],"hull":4,"edges":[0,2,2,4,4,6,0,6],"width":86,"height":22}},"shuiwen_2":{"shuiwen_":{"type":"mesh","uvs":[1,1,0,1,0,0,1,0],"triangles":[1,2,3,1,3,0],"vertices":[52,20.89,-34,20.89,-34,42.89,52,42.89],"hull":4,"edges":[0,2,2,4,4,6,0,6],"width":86,"height":22}},"ying1_":{"ying1_":{"type":"mesh","uvs":[1,1,0,1,0,0,1,0],"triangles":[1,2,3,1,3,0],"vertices":[46,-60.11,-119,-60.11,-119,22.89,46,22.89],"hull":4,"edges":[0,2,2,4,4,6,0,6],"width":165,"height":83}},"ying2_":{"ying2_":{"type":"mesh","uvs":[1,1,0,1,0,0,1,0],"triangles":[1,2,3,1,3,0],"vertices":[-16,-17.11,-175,-17.11,-175,78.89,-16,78.89],"hull":4,"edges":[0,2,2,4,4,6,0,6],"width":159,"height":96}},"ying3_":{"ying3_":{"type":"mesh","uvs":[1,1,0,1,0,0,1,0],"triangles":[1,2,3,1,3,0],"vertices":[162,-17.11,-22,-17.11,-22,86.89,162,86.89],"hull":4,"edges":[0,2,2,4,4,6,0,6],"width":184,"height":104}},"yun_1":{"yun_":{"x":8.51,"y":-3.29,"width":81,"height":54}},"yun_2":{"yun_":{"x":8.51,"y":-3.29,"width":81,"height":54}},"zhi0_":{"zhi0_":{"x":12.51,"y":8.31,"rotation":115.53,"width":44,"height":77}},"zhi1_":{"zhi1_":{"type":"mesh","uvs":[1,1,0.5,1,0,1,0,0.66667,0,0.33333,0,0,0.5,0,1,0,1,0.33333,1,0.66667,0.5,0.66667,0.5,0.33333],"triangles":[4,6,5,11,6,4,3,11,4,11,7,6,8,7,11,10,8,11,10,11,3,2,10,3,1,10,2,9,8,10,1,9,10,0,9,1],"vertices":[1,12,-47.74,-44.64,1,3,12,-30.56,28.37,0.76794,13,-55.09,25.86,0.23166,14,-89.78,27.72,3.9E-4,3,12,-13.38,101.37,0.22539,13,-39.64,99.25,0.71442,14,-72.82,100.77,0.06018,3,12,40.16,88.77,0.07527,13,14.18,87.92,0.64045,14,-19.24,88.34,0.28428,2,13,68,76.59,0.19667,14,34.33,75.9,0.80333,2,13,121.82,65.26,0.00316,14,87.91,63.46,0.99684,2,12,130.05,-9.43,9.0E-4,14,70.95,-9.59,0.9991,3,12,112.88,-82.43,0.07009,13,90.92,-81.52,4.0E-5,14,53.99,-82.65,0.92987,3,12,59.34,-69.83,0.30447,13,37.1,-70.19,0.05279,14,0.41,-70.21,0.64274,3,12,5.8,-57.24,0.88655,13,-16.72,-58.86,0.00848,14,-53.16,-57.78,0.10497,3,12,22.98,15.77,0.20444,13,-1.27,14.53,0.78455,14,-36.2,15.28,0.01101,1,14,17.37,2.84,1],"hull":10,"edges":[0,2,2,4,4,6,6,8,8,10,10,12,12,14,14,16,16,18,18,0],"width":150,"height":165}},"zhi2_":{"zhi2_":{"x":44.82,"y":9.03,"rotation":-50.12,"width":182,"height":206}},"zhi3_":{"zhi3_":{"type":"mesh","uvs":[1,1,0.66667,1,0.33333,1,0,1,0,0.5,0,0,0.33333,0,0.66667,0,1,0,1,0.5,0.66667,0.5,0.33333,0.5],"triangles":[2,11,3,3,11,4,2,10,11,11,6,4,11,7,6,4,6,5,0,9,1,1,9,10,9,8,10,10,8,7,1,10,2,10,7,11],"vertices":[2,19,9.04,56.5,0.95539,21,-33.97,57.28,0.04461,4,19,40.77,38.13,0.63631,20,25.3,37.86,0.08205,21,-2.87,37.85,0.26593,22,-18.53,43.12,0.0157,4,19,72.5,19.76,0.02934,20,56.33,18.32,0.01044,21,28.22,18.42,0.3736,22,7.4,17.19,0.58661,1,22,33.32,-8.73,1,3,20,66.57,-34.22,0.10857,21,38.64,-34.09,0.26831,22,5.75,-36.31,0.62312,3,20,45.79,-67.22,0.31927,21,17.97,-67.16,0.40628,22,-21.83,-63.89,0.27445,3,20,14.77,-47.68,0.59039,21,-13.12,-47.73,0.30725,22,-47.76,-37.96,0.10236,4,19,1.69,-29.37,0.3584,20,-16.26,-28.15,0.60373,21,-44.21,-28.29,0.03598,22,-73.68,-12.03,0.00189,2,19,-30.04,-11,0.99079,20,-47.29,-8.61,0.00921,2,19,-10.5,22.75,0.99779,21,-54.64,24.21,0.00221,2,19,21.23,4.38,0.99444,21,-23.54,4.78,0.00556,3,20,35.55,-14.68,0.22021,21,7.55,-14.66,0.691,22,-20.18,-10.38,0.08878],"hull":10,"edges":[0,2,2,4,4,6,6,8,8,10,10,12,12,14,14,16,16,18,18,0],"width":110,"height":78}},"zhi4_":{"zhi4_":{"type":"mesh","uvs":[1,1,0.75,1,0.5,1,0.25,1,0,1,0,0.5,0,0,0.25,0,0.5,0,0.75,0,1,0,1,0.5,0.75,0.5,0.5,0.5,0.25,0.5],"triangles":[4,14,5,14,7,5,5,7,6,2,13,3,3,13,14,13,8,14,14,8,7,3,14,4,11,10,12,12,10,9,2,12,13,12,9,13,13,9,8,0,11,1,1,11,12,1,12,2],"vertices":[2,24,-22.46,27.87,0.99939,26,-63.38,33.92,6.1E-4,3,24,7.38,32.85,0.88909,26,-33.26,36.66,0.11075,27,-66.45,42.85,1.7E-4,4,24,37.22,37.82,0.36662,25,25.3,39.31,0.02165,26,-3.13,39.4,0.55721,27,-36.2,42.85,0.05452,3,24,67.06,42.79,0.05138,26,27,42.13,0.54568,27,-5.95,42.85,0.40294,3,24,96.9,47.77,4.7E-4,26,57.12,44.87,0.22716,27,24.3,42.85,0.77237,2,26,60.38,9.02,0.01267,27,24.3,6.85,0.98733,2,26,63.64,-26.83,0.00521,27,24.3,-29.15,0.99479,3,25,63.53,-28.79,0.01382,26,33.51,-29.57,0.55059,27,-5.95,-29.15,0.4356,3,25,33.48,-32.22,0.45368,26,3.39,-32.31,0.54138,27,-36.2,-29.15,0.00494,3,24,19.22,-38.17,0.01732,25,3.43,-35.66,0.94932,26,-26.74,-35.05,0.03335,2,24,-10.62,-43.15,0.17945,25,-26.63,-39.09,0.82055,2,24,-16.54,-7.64,0.8218,25,-30.72,-3.32,0.1782,2,24,13.3,-2.66,0.07713,25,-0.66,0.11,0.92287,4,24,43.14,2.31,0.01901,25,29.39,3.55,0.32844,26,0.13,3.54,0.65094,27,-36.2,6.85,0.0016,3,24,72.98,7.28,0.00285,26,30.26,6.28,0.82162,27,-5.95,6.85,0.17552],"hull":12,"edges":[0,2,2,4,4,6,6,8,8,10,10,12,12,14,14,16,16,18,18,20,20,22,22,0],"width":121,"height":72}},"zhi5_":{"zhi5_":{"x":29.39,"y":-6.89,"rotation":-132.2,"width":73,"height":92}},"zhi6_":{"zhi6_":{"type":"mesh","uvs":[1,1,0.5,1,0,1,0,0.66667,0,0.33333,0,0,0.5,0,1,0,1,0.33333,1,0.66667,0.5,0.66667,0.5,0.33333],"triangles":[4,6,5,11,6,4,3,11,4,11,7,6,10,11,3,2,10,3,1,10,2,10,8,11,1,9,10,8,7,11,9,8,10,0,9,1],"vertices":[2,9,-0.29,2.73,0.99401,10,-21.35,3.22,0.00599,3,9,21.28,22.86,0.01077,10,1.97,21.28,0.94033,11,-22.62,24.12,0.0489,2,10,25.3,39.34,0.6478,11,2.67,39.3,0.3522,2,10,38.15,22.73,0.34315,11,13.48,21.29,0.65685,2,10,51.01,6.13,0.0015,11,24.28,3.28,0.9985,2,9,85.83,-3.07,0.00138,11,35.08,-14.73,0.99862,3,9,64.27,-23.2,0.19105,10,40.54,-28.54,0.16608,11,9.79,-29.9,0.64288,3,9,42.7,-43.32,0.54509,10,17.21,-46.6,0.26211,11,-15.51,-45.08,0.1928,3,9,28.37,-27.97,0.70484,10,4.36,-29.99,0.22037,11,-26.31,-27.07,0.07479,3,9,14.04,-12.62,0.99711,10,-8.5,-13.39,0.00284,11,-37.12,-9.07,4.0E-5,2,10,14.83,4.67,0.98568,11,-11.82,6.11,0.01432,3,9,49.94,-7.84,0.12862,10,27.68,-11.93,0.41028,11,-1.02,-11.9,0.4611],"hull":10,"edges":[0,2,2,4,4,6,6,8,8,10,10,12,12,14,14,16,16,18,18,0],"width":59,"height":63}},"zhi7_":{"zhi7_":{"x":9.05,"y":-54.9,"rotation":-136.97,"width":45,"height":63}},"zhi8_":{"zhi8_":{"type":"mesh","uvs":[1,1,0.66667,1,0.33333,1,0,1,0,0.5,0,0,0.33333,0,0.66667,0,1,0,1,0.5,0.66667,0.5,0.33333,0.5],"triangles":[0,9,1,10,8,7,9,8,10,1,9,10,1,10,2,4,6,5,11,6,4,3,11,4,2,11,3,11,7,6,10,7,11,2,10,11],"vertices":[2,15,102.95,-13.29,1.0E-5,18,27.95,-2.77,0.99999,3,16,39.86,-22.71,0.10913,17,9.38,-22.21,0.85171,18,-9.05,-23.33,0.03916,3,15,22.27,-38.96,0.13593,16,-0.03,-36.9,0.78742,17,-29.64,-38.64,0.07664,2,15,-18.08,-51.8,0.55493,16,-39.91,-51.1,0.44507,2,15,-30.51,-12.73,0.89884,16,-53.66,-12.47,0.10116,1,15,-42.94,26.34,1,3,15,-2.6,39.18,0.96167,17,-61.46,36.94,0.03154,18,-85.88,27.79,0.00679,4,15,37.74,52.01,0.52004,16,12.36,54.55,0.03993,17,-22.44,53.36,0.30133,18,-48.88,48.35,0.13871,3,15,78.08,64.85,0.22739,17,16.57,69.79,0.44485,18,-11.87,68.91,0.32776,3,15,90.52,25.78,0.08466,17,32.48,32,0.31852,18,8.04,33.07,0.59682,4,15,50.17,12.94,0.18714,16,26.11,15.92,0.40069,17,-6.53,15.58,0.34503,18,-28.96,12.51,0.06714,3,15,9.83,0.11,0.99995,17,-45.55,-0.85,4.0E-5,18,-65.97,-8.05,1.0E-5],"hull":10,"edges":[0,2,2,4,4,6,6,8,8,10,10,12,12,14,14,16,16,18,18,0],"width":127,"height":82}},"zhi9_":{"zhi9_":{"x":31.56,"y":-1.79,"rotation":48.18,"width":48,"height":66}}}},"animations":{"animation":{"slots":{"fenshan00_":{"color":[{"time":0,"color":"ffffff00"},{"time":0.4667,"color":"ffffffff"},{"time":0.9333,"color":"ffffff00","curve":"stepped"},{"time":1.3667,"color":"ffffff00"},{"time":1.8333,"color":"ffffffff"},{"time":2.3,"color":"ffffff00","curve":"stepped"},{"time":2.7667,"color":"ffffff00"},{"time":3.2333,"color":"ffffffff"},{"time":3.6667,"color":"ffffff00","curve":"stepped"},{"time":4.1667,"color":"ffffff00"},{"time":4.6333,"color":"ffffffff"},{"time":5.0667,"color":"ffffff00"}],"attachment":[{"time":0,"name":"fenshan00_"}]},"fenshan01_":{"color":[{"time":0,"color":"ffffff7f"},{"time":0.2333,"color":"ffffff00","curve":"stepped"},{"time":0.4667,"color":"ffffff00"},{"time":0.9333,"color":"ffffffff"},{"time":1.3667,"color":"ffffff00","curve":"stepped"},{"time":1.8333,"color":"ffffff00"},{"time":2.3,"color":"ffffffff"},{"time":2.7667,"color":"ffffff00","curve":"stepped"},{"time":3.2333,"color":"ffffff00"},{"time":3.7,"color":"ffffffff"},{"time":4.1667,"color":"ffffff00","curve":"stepped"},{"time":4.6333,"color":"ffffff00"},{"time":5.1,"color":"ffffffff"},{"time":5.3333,"color":"ffffff7f"}],"attachment":[{"time":0,"name":"fenshan01_"}]},"fenshan02_":{"color":[{"time":0,"color":"ffffff00","curve":"stepped"},{"time":0.9333,"color":"ffffff00"},{"time":1.3667,"color":"ffffffff"},{"time":1.8333,"color":"ffffff00","curve":"stepped"},{"time":2.3,"color":"ffffff00"},{"time":2.7667,"color":"ffffffff"},{"time":3.2333,"color":"ffffff00","curve":"stepped"},{"time":3.7,"color":"ffffff00"},{"time":4.1667,"color":"ffffffff"},{"time":4.6333,"color":"ffffff00"}],"attachment":[{"time":0,"name":"fenshan02_"}]},"guang_":{"color":[{"time":0,"color":"ffffff00"},{"time":2.6667,"color":"ffffffff"},{"time":5.3333,"color":"ffffff00"}]},"guangqiu_1":{"color":[{"time":0,"color":"ff30beff"},{"time":1.3,"color":"a030ffff"},{"time":2.6667,"color":"ff30bc4b"},{"time":4,"color":"ff308fc9"},{"time":5.3333,"color":"ff30beff"}]},"guangqiu_2":{"color":[{"time":0,"color":"ff30beff"},{"time":1.3,"color":"df30ff63"},{"time":2.6667,"color":"ff30bbff"},{"time":4,"color":"ff308f00"},{"time":5.3333,"color":"ff30beff"}],"attachment":[{"time":0,"name":"guangqiu_"}]},"guangqiu_3":{"color":[{"time":0,"color":"e600ffff"},{"time":2.6667,"color":"e600ff00"},{"time":5.3333,"color":"e600ffff"}],"attachment":[{"time":0,"name":"guangqiu_"}]},"huab1_0_":{"color":[{"time":0,"color":"ffffff00"},{"time":0.9,"color":"ffffff7b"},{"time":1.6667,"color":"ffffff00"}],"attachment":[{"time":0,"name":"huab1_0_"}]},"huab1_1_":{"color":[{"time":0,"color":"ffffff00","curve":"stepped"},{"time":0.4333,"color":"ffffff00"},{"time":1.3,"color":"ffffffff"},{"time":2.1,"color":"ffffff00"}],"attachment":[{"time":0,"name":"huab1_1_"}]},"huab1_2_":{"color":[{"time":0,"color":"ffffff00","curve":"stepped"},{"time":0.9,"color":"ffffff00"},{"time":1.6667,"color":"ffffffff"},{"time":2.5667,"color":"ffffff00"}],"attachment":[{"time":0,"name":"huab1_2_"}]},"huab1_3_":{"color":[{"time":0,"color":"ffffff00","curve":"stepped"},{"time":1.3,"color":"ffffff00"},{"time":2.1,"color":"ffffffff"},{"time":3,"color":"ffffff00"}],"attachment":[{"time":0,"name":"huab1_3_"}]},"huab1_4_":{"color":[{"time":0,"color":"ffffff00","curve":"stepped"},{"time":1.6667,"color":"ffffff00"},{"time":2.5667,"color":"ffffffff"},{"time":3.4,"color":"ffffff00"}],"attachment":[{"time":0,"name":"huab1_4_"}]},"huab1_5_":{"color":[{"time":0,"color":"ffffff00","curve":"stepped"},{"time":2.1,"color":"ffffff00"},{"time":3,"color":"ffffffff"},{"time":3.8667,"color":"ffffff00"}],"attachment":[{"time":0,"name":"huab1_5_"}]},"huab1_6_":{"color":[{"time":0,"color":"ffffff00","curve":"stepped"},{"time":2.5667,"color":"ffffff00"},{"time":3.4,"color":"ffffffff"},{"time":4.2667,"color":"ffffff00"}],"attachment":[{"time":0,"name":"huab1_6_"}]},"huab1_7_":{"color":[{"time":0,"color":"ffffff00","curve":"stepped"},{"time":3,"color":"ffffff00"},{"time":3.8667,"color":"ffffffff"},{"time":4.6667,"color":"ffffff00"}],"attachment":[{"time":0,"name":"huab1_7_"}]},"huab1_0_2":{"color":[{"time":1.3333,"color":"ffffff00"},{"time":1.9667,"color":"ffffff7b"},{"time":2.5333,"color":"ffffff00"}],"attachment":[{"time":1.3333,"name":"huab1_0_"}]},"huab1_1_2":{"color":[{"time":1.3333,"color":"ffffff00","curve":"stepped"},{"time":1.6333,"color":"ffffff00"},{"time":2.2667,"color":"ffffffff"},{"time":2.8333,"color":"ffffff00"}],"attachment":[{"time":1.3333,"name":"huab1_1_"}]},"huab1_2_2":{"color":[{"time":1.3333,"color":"ffffff00","curve":"stepped"},{"time":1.9667,"color":"ffffff00"},{"time":2.5333,"color":"ffffffff"},{"time":3.1667,"color":"ffffff00"}],"attachment":[{"time":1.3333,"name":"huab1_2_"}]},"huab1_3_2":{"color":[{"time":1.3333,"color":"ffffff00","curve":"stepped"},{"time":2.2667,"color":"ffffff00"},{"time":2.8333,"color":"ffffffff"},{"time":3.4667,"color":"ffffff00"}],"attachment":[{"time":1.3333,"name":"huab1_3_"}]},"huab1_4_2":{"color":[{"time":1.3333,"color":"ffffff00","curve":"stepped"},{"time":2.5333,"color":"ffffff00"},{"time":3.1667,"color":"ffffffff"},{"time":3.7667,"color":"ffffff00"}],"attachment":[{"time":1.3333,"name":"huab1_4_"}]},"huab1_5_2":{"color":[{"time":1.3333,"color":"ffffff00","curve":"stepped"},{"time":2.8333,"color":"ffffff00"},{"time":3.4667,"color":"ffffffff"},{"time":4.1,"color":"ffffff00"}],"attachment":[{"time":1.3333,"name":"huab1_5_"}]},"huab1_6_2":{"color":[{"time":1.3333,"color":"ffffff00","curve":"stepped"},{"time":3.1667,"color":"ffffff00"},{"time":3.7667,"color":"ffffffff"},{"time":4.3667,"color":"ffffff00"}],"attachment":[{"time":1.3333,"name":"huab1_6_"}]},"huab1_7_2":{"color":[{"time":1.3333,"color":"ffffff00","curve":"stepped"},{"time":3.4667,"color":"ffffff00"},{"time":4.1,"color":"ffffffff"},{"time":4.6667,"color":"ffffff00"}],"attachment":[{"time":1.3333,"name":"huab1_7_"}]},"huab2_0_":{"color":[{"time":1,"color":"ffffff00"},{"time":1.6667,"color":"ffffffff"},{"time":2.3333,"color":"ffffff00"}],"attachment":[{"time":1,"name":"huab2_0_"}]},"huab2_1_":{"color":[{"time":1,"color":"ffffff00","curve":"stepped"},{"time":1.3333,"color":"ffffff00"},{"time":2,"color":"ffffffff"},{"time":2.6667,"color":"ffffff00"}],"attachment":[{"time":1,"name":"huab2_1_"}]},"huab2_2_":{"color":[{"time":1,"color":"ffffff00","curve":"stepped"},{"time":1.6667,"color":"ffffff00"},{"time":2.3333,"color":"ffffffff"},{"time":3,"color":"ffffff00"}],"attachment":[{"time":1,"name":"huab2_2_"}]},"huab2_3_":{"color":[{"time":1,"color":"ffffff00","curve":"stepped"},{"time":2,"color":"ffffff00"},{"time":2.6667,"color":"ffffffff"},{"time":3.3333,"color":"ffffff00"}],"attachment":[{"time":1,"name":"huab2_3_"}]},"huab2_4_":{"color":[{"time":1,"color":"ffffff00","curve":"stepped"},{"time":2.3333,"color":"ffffff00"},{"time":3,"color":"ffffffff"},{"time":3.6667,"color":"ffffff00"}],"attachment":[{"time":1,"name":"huab2_4_"}]},"huab2_5_":{"color":[{"time":1,"color":"ffffff00","curve":"stepped"},{"time":2.6667,"color":"ffffff00"},{"time":3.3333,"color":"ffffffff"},{"time":4,"color":"ffffff00"}],"attachment":[{"time":1,"name":"huab2_5_"}]},"huab2_6_":{"color":[{"time":1,"color":"ffffff00","curve":"stepped"},{"time":3,"color":"ffffff00"},{"time":3.6667,"color":"ffffffff"},{"time":4.3333,"color":"ffffff00"}],"attachment":[{"time":1,"name":"huab2_6_"}]},"huab2_7_":{"color":[{"time":1,"color":"ffffff00","curve":"stepped"},{"time":3.3333,"color":"ffffff00"},{"time":4,"color":"ffffffff"},{"time":4.6667,"color":"ffffff00"}],"attachment":[{"time":1,"name":"huab2_7_"}]},"huab2_8_":{"color":[{"time":1,"color":"ffffff00","curve":"stepped"},{"time":3.6333,"color":"ffffff00"},{"time":4.3,"color":"ffffffff"},{"time":4.9667,"color":"ffffff00"}],"attachment":[{"time":1,"name":"huab2_8_"}]},"huab2_9_":{"color":[{"time":1,"color":"ffffff00","curve":"stepped"},{"time":4,"color":"ffffff00"},{"time":4.6667,"color":"ffffffff"},{"time":5.3333,"color":"ffffff00"}],"attachment":[{"time":1,"name":"huab2_9_"}]},"huab2_0_2":{"color":[{"time":0,"color":"ffffff00"},{"time":0.8,"color":"ffffffff"},{"time":1.6333,"color":"ffffff00"}],"attachment":[{"time":0,"name":"huab2_0_"}]},"huab2_1_2":{"color":[{"time":0,"color":"ffffff00","curve":"stepped"},{"time":0.4,"color":"ffffff00"},{"time":1.2333,"color":"ffffffff"},{"time":2.0333,"color":"ffffff00"}],"attachment":[{"time":0,"name":"huab2_1_"}]},"huab2_2_2":{"color":[{"time":0,"color":"ffffff00","curve":"stepped"},{"time":0.8,"color":"ffffff00"},{"time":1.6333,"color":"ffffffff"},{"time":2.4333,"color":"ffffff00"}],"attachment":[{"time":0,"name":"huab2_2_"}]},"huab2_3_2":{"color":[{"time":0,"color":"ffffff00","curve":"stepped"},{"time":1.2333,"color":"ffffff00"},{"time":2.0333,"color":"ffffffff"},{"time":2.8333,"color":"ffffff00"}],"attachment":[{"time":0,"name":"huab2_3_"}]},"huab2_4_2":{"color":[{"time":0,"color":"ffffff00","curve":"stepped"},{"time":1.6333,"color":"ffffff00"},{"time":2.4333,"color":"ffffffff"},{"time":3.2333,"color":"ffffff00"}],"attachment":[{"time":0,"name":"huab2_4_"}]},"huab2_5_2":{"color":[{"time":0,"color":"ffffff00","curve":"stepped"},{"time":2.0333,"color":"ffffff00"},{"time":2.8333,"color":"ffffffff"},{"time":3.6333,"color":"ffffff00"}],"attachment":[{"time":0,"name":"huab2_5_"}]},"huab2_6_2":{"color":[{"time":0,"color":"ffffff00","curve":"stepped"},{"time":2.4333,"color":"ffffff00"},{"time":3.2333,"color":"ffffffff"},{"time":4.0333,"color":"ffffff00"}],"attachment":[{"time":0,"name":"huab2_6_"}]},"huab2_7_2":{"color":[{"time":0,"color":"ffffff00","curve":"stepped"},{"time":2.8333,"color":"ffffff00"},{"time":3.6333,"color":"ffffffff"},{"time":4.4667,"color":"ffffff00"}],"attachment":[{"time":0,"name":"huab2_7_"}]},"huab2_8_2":{"color":[{"time":0,"color":"ffffff00","curve":"stepped"},{"time":3.2,"color":"ffffff00"},{"time":4,"color":"ffffffff"},{"time":4.8333,"color":"ffffff00"}],"attachment":[{"time":0,"name":"huab2_8_"}]},"huab2_9_2":{"color":[{"time":0,"color":"ffffff00","curve":"stepped"},{"time":3.6333,"color":"ffffff00"},{"time":4.4667,"color":"ffffffff"},{"time":5.2667,"color":"ffffff00"}],"attachment":[{"time":0,"name":"huab2_9_"}]},"huaban_a_":{"color":[{"time":1.5333,"color":"ffffffff"},{"time":3.4,"color":"ffffff00","curve":"stepped"},{"time":3.6667,"color":"ffffff00"},{"time":5.3333,"color":"ffffffff"}],"attachment":[{"time":0,"name":"huaban_a_"}]},"shuishan00_":{"color":[{"time":0,"color":"ffffff00"},{"time":0.6667,"color":"ffffffff"},{"time":1.3333,"color":"ffffff00","curve":"stepped"},{"time":2,"color":"ffffff00"},{"time":2.6667,"color":"ffffffff"},{"time":3.3333,"color":"ffffff00","curve":"stepped"},{"time":4,"color":"ffffff00"},{"time":4.6667,"color":"ffffffff"},{"time":5.3333,"color":"ffffff00"}],"attachment":[{"time":0,"name":"shuishan00_"}]},"shuishan01_":{"color":[{"time":0,"color":"ffffffff"},{"time":0.6667,"color":"ffffff00"},{"time":1.3333,"color":"ffffffff"},{"time":2,"color":"ffffff00","curve":"stepped"},{"time":2.6667,"color":"ffffff00"},{"time":3.3333,"color":"ffffffff"},{"time":4,"color":"ffffff00","curve":"stepped"},{"time":4.6667,"color":"ffffff00"},{"time":5.3333,"color":"ffffffff"}],"attachment":[{"time":0,"name":"shuishan01_"}]},"shuishan02_":{"color":[{"time":0,"color":"ffffff00","curve":"stepped"},{"time":1.3333,"color":"ffffff00"},{"time":2,"color":"ffffffff"},{"time":2.6667,"color":"ffffff00","curve":"stepped"},{"time":3.3333,"color":"ffffff00"},{"time":4,"color":"ffffffff"},{"time":4.6667,"color":"ffffff00"}],"attachment":[{"time":0,"name":"shuishan02_"}]},"shuiwen_1":{"color":[{"time":0,"color":"19bbff00"},{"time":2.6667,"color":"00c5ffff"},{"time":5.3333,"color":"19bbff00"}]},"shuiwen_2":{"color":[{"time":0,"color":"ffffff00"},{"time":2.6667,"color":"ffffffff"},{"time":5.3333,"color":"ffffff00"}]},"ying1_":{"color":[{"time":0,"color":"ffffffff"},{"time":0.6333,"color":"ffffffd7"},{"time":1.3333,"color":"fffffff5"},{"time":2,"color":"ffffffcb"},{"time":2.6667,"color":"ffffffff"},{"time":3.3,"color":"ffffffd7"},{"time":4,"color":"fffffff5"},{"time":4.6667,"color":"ffffffcb"},{"time":5.3333,"color":"ffffffff"}]},"ying2_":{"color":[{"time":0,"color":"ffffffbb"},{"time":1.3333,"color":"ffffffff"},{"time":2.6667,"color":"ffffffbb"},{"time":4,"color":"ffffffff"},{"time":5.3333,"color":"ffffffbb"}]},"ying3_":{"color":[{"time":0,"color":"ffffff97"},{"time":1.7667,"color":"ffffffff"},{"time":4,"color":"ffffff97"}]},"yun_1":{"color":[{"time":0,"color":"ffffff00"},{"time":5.3333,"color":"ffffffff"}]},"yun_2":{"color":[{"time":0,"color":"ffffffff"},{"time":5.3333,"color":"ffffff00"}]}},"bones":{"00":{"rotate":[{"time":0,"angle":0,"curve":[0.25,0,0.75,1]},{"time":1.5,"angle":-2.37,"curve":[0.25,0,0.75,1]},{"time":2.6667,"angle":0,"curve":[0.25,0,0.75,1]},{"time":4.1667,"angle":-2.37,"curve":[0.25,0,0.75,1]},{"time":5.3333,"angle":0}]},"10":{"rotate":[{"time":0,"angle":0},{"time":1.3333,"angle":1.09},{"time":2.6667,"angle":0},{"time":4,"angle":1.09},{"time":5.3333,"angle":0}]},"09":{"rotate":[{"time":0,"angle":0},{"time":1.3333,"angle":1.69},{"time":2.6667,"angle":0},{"time":4,"angle":1.69},{"time":5.3333,"angle":0}],"translate":[{"time":0,"x":0,"y":0},{"time":1.3,"x":-0.48,"y":-0.48},{"time":2.6667,"x":0,"y":0},{"time":3.9667,"x":-0.48,"y":-0.48},{"time":5.3333,"x":0,"y":0}]},"07":{"rotate":[{"time":0,"angle":0,"curve":[0.129,0.14,0.824,0.91]},{"time":1.3333,"angle":-3.07,"curve":[0.129,0.14,0.824,0.91]},{"time":2.6667,"angle":0,"curve":[0.129,0.14,0.824,0.91]},{"time":4,"angle":-3.07,"curve":[0.129,0.14,0.824,0.91]},{"time":5.3333,"angle":0}],"shear":[{"time":0,"x":0,"y":0,"curve":[0.129,0.14,0.824,0.91]},{"time":1.3333,"x":-2.28,"y":-0.96,"curve":[0.129,0.14,0.824,0.91]},{"time":2.6667,"x":0,"y":0,"curve":[0.129,0.14,0.824,0.91]},{"time":4,"x":-2.28,"y":-0.96,"curve":[0.129,0.14,0.824,0.91]},{"time":5.3333,"x":0,"y":0}]},"05":{"rotate":[{"time":0,"angle":0},{"time":1.3333,"angle":2.64},{"time":2.6667,"angle":0},{"time":4,"angle":2.64},{"time":5.3333,"angle":0}]},"02":{"rotate":[{"time":0,"angle":0},{"time":1.3333,"angle":-0.89},{"time":2.6667,"angle":0},{"time":4,"angle":-0.89},{"time":5.3333,"angle":0}]},"06":{"rotate":[{"time":0,"angle":0,"curve":[0.25,0,0.75,1]},{"time":1.3333,"angle":3.56,"curve":[0.25,0,0.75,1]},{"time":2.6667,"angle":0,"curve":[0.25,0,0.75,1]},{"time":4,"angle":3.56,"curve":[0.25,0,0.75,1]},{"time":5.3333,"angle":0}]},"06a":{"rotate":[{"time":0,"angle":0.17,"curve":[0.379,0.6,0.724,1]},{"time":0.3333,"angle":0},{"time":1.6667,"angle":0.94,"curve":[0.242,0,0.667,0.67]},{"time":2.6667,"angle":0.17}]},"06b":{"rotate":[{"time":0,"angle":0.77,"curve":[0.314,0.27,0.686,0.73]},{"time":0.6667,"angle":0.17,"curve":[0.379,0.6,0.724,1]},{"time":1,"angle":0,"curve":[0.25,0,0.75,1]},{"time":2.3333,"angle":0.94,"curve":[0.276,0,0.621,0.4]},{"time":2.6667,"angle":0.77}]},"08":{"rotate":[{"time":0,"angle":0,"curve":[0.25,0,0.75,1]},{"time":1.3333,"angle":-0.58,"curve":[0.25,0,0.75,1]},{"time":2.6667,"angle":0,"curve":[0.25,0,0.75,1]},{"time":4,"angle":-0.58,"curve":[0.25,0,0.75,1]},{"time":5.3333,"angle":0}],"shear":[{"time":0,"x":0,"y":0},{"time":1.3333,"x":-0.27,"y":-1.71},{"time":2.6667,"x":0,"y":0},{"time":4,"x":-0.27,"y":-1.71},{"time":5.3333,"x":0,"y":0}]},"08a":{"rotate":[{"time":0,"angle":-0.11,"curve":[0.379,0.6,0.724,1]},{"time":0.3333,"angle":0,"curve":[0.25,0,0.75,1]},{"time":1.6667,"angle":-0.58,"curve":[0.242,0,0.667,0.67]},{"time":2.6667,"angle":-0.11}]},"08b":{"rotate":[{"time":0,"angle":-0.29,"curve":[0.375,0.5,0.75,1]},{"time":0.6667,"angle":0,"curve":[0.25,0,0.75,1]},{"time":2,"angle":-0.58,"curve":[0.25,0,0.625,0.5]},{"time":2.6667,"angle":-0.29}]},"08c":{"rotate":[{"time":0,"angle":-0.48,"curve":[0.333,0.33,0.758,1]},{"time":1,"angle":0,"curve":[0.25,0,0.75,1]},{"time":2.3333,"angle":-0.58,"curve":[0.276,0,0.621,0.4]},{"time":2.6667,"angle":-0.48}]},"yun2":{"translate":[{"time":0,"x":22.28,"y":0},{"time":5.3333,"x":52.28,"y":0}]},"yun1":{"translate":[{"time":0,"x":-7.72,"y":0},{"time":5.3333,"x":22.28,"y":0}]},"piao1":{"rotate":[{"time":0,"angle":0},{"time":1.5,"angle":-159.97},{"time":3.0667,"angle":52.54},{"time":4.6667,"angle":-124.12}],"translate":[{"time":0,"x":21.26,"y":123.78},{"time":4.6667,"x":-37.81,"y":0.41}],"scale":[{"time":0,"x":0.602,"y":0.602},{"time":4.6667,"x":0.46,"y":0.46}]},"piao2":{"rotate":[{"time":1,"angle":0},{"time":5.3333,"angle":175.27}],"translate":[{"time":1,"x":-88.04,"y":143.23},{"time":5.3333,"x":-135.34,"y":-5.26}],"scale":[{"time":1,"x":0.84,"y":0.84},{"time":3,"x":1,"y":1},{"time":5.3333,"x":0.682,"y":0.682}]},"piao3":{"rotate":[{"time":1.3333,"angle":0},{"time":4.6667,"angle":-136.74}],"translate":[{"time":1.3333,"x":-2.82,"y":64.91},{"time":4.6667,"x":-42.95,"y":-28.74}],"scale":[{"time":1.3333,"x":0.602,"y":0.602},{"time":2.8,"x":0.696,"y":0.696},{"time":4.6667,"x":0.8,"y":0.8}]},"piao4":{"rotate":[{"time":0,"angle":0},{"time":5.2667,"angle":175.27}],"translate":[{"time":0,"x":-88.04,"y":143.23},{"time":5.2667,"x":-135.34,"y":-5.26}],"scale":[{"time":0,"x":0.84,"y":0.84},{"time":2.4333,"x":0.545,"y":0.545},{"time":5.2667,"x":0.682,"y":0.682}]},"04":{"rotate":[{"time":0,"angle":0,"curve":[0.25,0,0.75,1]},{"time":2.6667,"angle":3.29,"curve":[0.25,0,0.75,1]},{"time":5.3333,"angle":0}]},"045":{"rotate":[{"time":0,"angle":3.08,"curve":[0.364,0.64,0.701,1]},{"time":0.3333,"angle":3.29,"curve":[0.25,0,0.75,1]},{"time":3,"angle":0,"curve":[0.244,0,0.702,0.8]},{"time":5.3333,"angle":3.08}]},"04a":{"rotate":[{"time":0,"angle":1.1,"curve":[0.382,0.56,0.74,1]},{"time":1,"angle":0,"curve":[0.25,0,0.75,1]},{"time":3.6667,"angle":3.29,"curve":[0.244,0,0.641,0.57]},{"time":5.3333,"angle":1.1}]},"04b":{"rotate":[{"time":0,"angle":2.68,"curve":[0.333,0.33,0.758,1]},{"time":2,"angle":0,"curve":[0.25,0,0.75,1]},{"time":4.6667,"angle":3.29,"curve":[0.276,0,0.621,0.4]},{"time":5.3333,"angle":2.68}]},"01":{"rotate":[{"time":0,"angle":0.83,"curve":[0.375,0.5,0.75,1]},{"time":1.3333,"angle":0,"curve":[0.25,0,0.75,1]},{"time":4,"angle":1.66,"curve":[0.25,0,0.625,0.5]},{"time":5.3333,"angle":0.83}],"translate":[{"time":0,"x":0,"y":0,"curve":[0.25,0,0.75,1]},{"time":2.6667,"x":0,"y":-1.29,"curve":[0.25,0,0.75,1]},{"time":5.3333,"x":0,"y":0}]},"01a":{"rotate":[{"time":0,"angle":0.31,"curve":[0.379,0.6,0.724,1]},{"time":0.6667,"angle":0,"curve":[0.25,0,0.75,1]},{"time":3.3333,"angle":1.66,"curve":[0.242,0,0.667,0.67]},{"time":5.3333,"angle":0.31}]},"01b":{"rotate":[{"time":0,"angle":0,"curve":[0.25,0,0.75,1]},{"time":2.6667,"angle":1.66,"curve":[0.25,0,0.75,1]},{"time":5.3333,"angle":0}]},"03":{"rotate":[{"time":0,"angle":1.39,"curve":[0.322,0.29,0.757,1]},{"time":1.0333,"angle":0,"curve":[0.25,0,0.75,1]},{"time":2.3667,"angle":1.67,"curve":[0.25,0,0.75,1]},{"time":3.7,"angle":0,"curve":[0.25,0,0.75,1]},{"time":5.0667,"angle":1.6,"curve":[0.283,0,0.624,0.39]},{"time":5.3333,"angle":1.39}]},"03a":{"rotate":[{"time":0,"angle":0.94,"curve":[0.368,0.47,0.753,1]},{"time":0.7333,"angle":0,"curve":[0.25,0,0.75,1]},{"time":2.0667,"angle":1.67,"curve":[0.25,0,0.75,1]},{"time":3.4,"angle":0,"curve":[0.25,0,0.75,1]},{"time":4.7667,"angle":1.6,"curve":[0.255,0,0.62,0.47]},{"time":5.3333,"angle":0.94}]},"03b":{"rotate":[{"time":0,"angle":0.31,"curve":[0.38,0.6,0.725,1]},{"time":0.3333,"angle":0,"curve":[0.25,0,0.75,1]},{"time":1.6667,"angle":1.67,"curve":[0.25,0,0.75,1]},{"time":3,"angle":0,"curve":[0.25,0,0.75,1]},{"time":4.3667,"angle":1.6,"curve":[0.242,0,0.665,0.66]},{"time":5.3333,"angle":0.31}]},"03c":{"rotate":[{"time":0,"angle":0,"curve":[0.25,0,0.75,1]},{"time":1.3333,"angle":1.67,"curve":[0.25,0,0.75,1]},{"time":2.6667,"angle":0,"curve":[0.25,0,0.75,1]},{"time":4.0333,"angle":1.6,"curve":[0.25,0,0.75,1]},{"time":5.3333,"angle":0}]},"piao5":{"rotate":[{"time":0,"angle":-44,"curve":[0.347,0.38,0.757,1]},{"time":3.4,"angle":-170.69},{"time":3.6667,"angle":0,"curve":[0.267,0,0.618,0.42]},{"time":5.3333,"angle":-44}],"translate":[{"time":0,"x":102.76,"y":79.6,"curve":[0.347,0.38,0.757,1]},{"time":3.4,"x":81.54,"y":-29.65},{"time":3.6667,"x":110.14,"y":117.55,"curve":[0.267,0,0.618,0.42]},{"time":5.3333,"x":102.76,"y":79.6}],"scale":[{"time":0,"x":0.87,"y":0.87,"curve":[0.347,0.38,0.757,1]},{"time":3.4,"x":0.495,"y":0.495},{"time":3.6667,"x":1,"y":1,"curve":[0.267,0,0.618,0.42]},{"time":5.3333,"x":0.87,"y":0.87}]},"guang_":{"rotate":[{"time":0,"angle":0},{"time":5.3333,"angle":-6.03}]}},"deform":{"default":{"shuiwen_1":{"shuiwen_":[{"time":0,"vertices":[2.27998,0.38,0,2.66,1.14003,9.49999,-2.66,9.88]},{"time":5.3333,"vertices":[0.37999,-3.04001,-1.14003,-2.66,0,0,-5.69999,1.89998]}]},"shuiwen_2":{"shuiwen_":[{"time":0,"vertices":[-1.53003,-1.53,-1.53003,-1.53,1.01996,-3.06001,-0.51006,-4.58998]},{"time":5.3333}]},"ying1_":{"ying1_":[{"time":0,"curve":[0.25,0,0.75,1]},{"time":1.3333,"vertices":[3.14398,-0.524,1.57196,0,0,-1.57201],"curve":[0.25,0,0.75,1]},{"time":2.6667,"curve":[0.25,0,0.75,1]},{"time":4,"vertices":[3.14398,-0.524,1.57196,0,0,-1.57201],"curve":[0.25,0,0.75,1]},{"time":5.3333}]},"ying2_":{"ying2_":[{"time":0,"curve":[0.25,0,0.75,1]},{"time":1.3333,"offset":2,"vertices":[2.09598,1.048],"curve":[0.25,0,0.75,1]},{"time":2.6667,"curve":[0.25,0,0.75,1]},{"time":4,"offset":2,"vertices":[2.09598,1.048],"curve":[0.25,0,0.75,1]},{"time":5.3333}]},"ying3_":{"ying3_":[{"time":0,"curve":[0.25,0,0.75,1]},{"time":1.3333,"offset":1,"vertices":[-1.57201],"curve":[0.25,0,0.75,1]},{"time":2.6667,"curve":[0.25,0,0.75,1]},{"time":4,"offset":1,"vertices":[-1.57201],"curve":[0.25,0,0.75,1]},{"time":5.3333}]}}}}}}