{"skeleton":{"hash":"RnWdfZmSPSjBuw/+tqWj7hnmmps","spine":"2.1.27","width":385.2,"height":367.2,"images":"./out - 複製/images/"},"bones":[{"name":"root","scaleX":1.2,"scaleY":1.2}],"slots":[{"name":"fox_c_00001_","bone":"root","attachment":"fox_c_00001_"},{"name":"fox_c_00002_","bone":"root","attachment":"fox_c_00002_"},{"name":"fox_c_00003_","bone":"root","attachment":"fox_c_00003_"},{"name":"fox_c_00004_","bone":"root","attachment":"fox_c_00004_"},{"name":"fox_c_00005_","bone":"root","attachment":"fox_c_00005_"},{"name":"fox_c_00006_","bone":"root","attachment":"fox_c_00006_"},{"name":"fox_c_00007_","bone":"root","attachment":"fox_c_00007_"},{"name":"fox_c_00008_","bone":"root","attachment":"fox_c_00008_"},{"name":"fox_c_00009_","bone":"root","attachment":"fox_c_00009_"},{"name":"fox_c_00010_","bone":"root","attachment":"fox_c_00010_"},{"name":"fox_c_00011_","bone":"root","attachment":"fox_c_00011_"},{"name":"fox_c_00012_","bone":"root","attachment":"fox_c_00012_"},{"name":"fox_c_00013_","bone":"root","attachment":"fox_c_00013_"},{"name":"fox_c_00014_","bone":"root","attachment":"fox_c_00014_"},{"name":"fox_c_00015_","bone":"root","attachment":"fox_c_00015_"},{"name":"fox_c_00016_","bone":"root","attachment":"fox_c_00016_"},{"name":"fox_c_00017_","bone":"root","attachment":"fox_c_00017_"},{"name":"fox_c_00018_","bone":"root","attachment":"fox_c_00018_"},{"name":"fox_c_00019_","bone":"root","attachment":"fox_c_00019_"},{"name":"fox_c_00020_","bone":"root","attachment":"fox_c_00020_"},{"name":"fox_c_00021_","bone":"root","attachment":"fox_c_00021_"},{"name":"fox_c_00022_","bone":"root","attachment":"fox_c_00022_"},{"name":"fox_c_00023_","bone":"root","attachment":"fox_c_00023_"},{"name":"fox_c_00024_","bone":"root","attachment":"fox_c_00024_"},{"name":"fox_c_00025_","bone":"root","attachment":"fox_c_00025_"},{"name":"fox_c_00026_","bone":"root","attachment":"fox_c_00026_"},{"name":"fox_c_00027_","bone":"root","attachment":"fox_c_00027_"},{"name":"fox_c_00028_","bone":"root","attachment":"fox_c_00028_"},{"name":"fox_c_00029_","bone":"root","attachment":"fox_c_00029_"},{"name":"fox_c_00030_","bone":"root","attachment":"fox_c_00030_"},{"name":"fox_b_a00001_","bone":"root","attachment":"fox_b_a00001_"},{"name":"fox_b_a00002_","bone":"root","attachment":"fox_b_a00002_"},{"name":"fox_b_a00003_","bone":"root","attachment":"fox_b_a00003_"},{"name":"fox_b_a00004_","bone":"root","attachment":"fox_b_a00004_"},{"name":"fox_b_a00005_","bone":"root","attachment":"fox_b_a00005_"},{"name":"fox_b_a00006_","bone":"root","attachment":"fox_b_a00006_"},{"name":"fox_b_a00007_","bone":"root","attachment":"fox_b_a00007_"},{"name":"fox_b_a00008_","bone":"root","attachment":"fox_b_a00008_"},{"name":"fox_b_a00009_","bone":"root","attachment":"fox_b_a00009_"},{"name":"fox_b_a00010_","bone":"root","attachment":"fox_b_a00010_"},{"name":"fox_b_a00011_","bone":"root","attachment":"fox_b_a00011_"},{"name":"fox_b_a00012_","bone":"root","attachment":"fox_b_a00012_"},{"name":"fox_b_a00013_","bone":"root","attachment":"fox_b_a00013_"},{"name":"fox_b_a00014_","bone":"root","attachment":"fox_b_a00014_"},{"name":"fox_b_a00015_","bone":"root","attachment":"fox_b_a00015_"},{"name":"fox_b_a00016_","bone":"root","attachment":"fox_b_a00016_"},{"name":"fox_b_a00017_","bone":"root","attachment":"fox_b_a00017_"},{"name":"fox_b_a00018_","bone":"root","attachment":"fox_b_a00018_"},{"name":"fox_b_a00019_","bone":"root","attachment":"fox_b_a00019_"},{"name":"fox_b_a00020_","bone":"root","attachment":"fox_b_a00020_"},{"name":"fox_b_a00021_","bone":"root","attachment":"fox_b_a00021_"},{"name":"fox_b_a00022_","bone":"root","attachment":"fox_b_a00022_"},{"name":"fox_b_a00023_","bone":"root","attachment":"fox_b_a00023_"},{"name":"fox_b_a00024_","bone":"root","attachment":"fox_b_a00024_"},{"name":"fox_b_a00025_","bone":"root","attachment":"fox_b_a00025_"},{"name":"fox_b_a00026_","bone":"root","attachment":"fox_b_a00026_"},{"name":"fox_b_a00027_","bone":"root","attachment":"fox_b_a00027_"},{"name":"fox_b_a00028_","bone":"root","attachment":"fox_b_a00028_"},{"name":"fox_b_a00029_","bone":"root","attachment":"fox_b_a00029_"},{"name":"fox_b_a00030_","bone":"root","attachment":"fox_b_a00030_"},{"name":"fox_b_b00001_","bone":"root","attachment":"fox_b_b00001_"},{"name":"fox_b_b00002_","bone":"root","attachment":"fox_b_b00002_"},{"name":"fox_b_b00003_","bone":"root","attachment":"fox_b_b00003_"},{"name":"fox_b_b00004_","bone":"root","attachment":"fox_b_b00004_"},{"name":"fox_b_b00005_","bone":"root","attachment":"fox_b_b00005_"},{"name":"fox_b_b00006_","bone":"root","attachment":"fox_b_b00006_"},{"name":"fox_b_b00007_","bone":"root","attachment":"fox_b_b00007_"},{"name":"fox_b_b00008_","bone":"root","attachment":"fox_b_b00008_"},{"name":"fox_b_b00009_","bone":"root","attachment":"fox_b_b00009_"},{"name":"fox_b_b00010_","bone":"root","attachment":"fox_b_b00010_"},{"name":"fox_b_b00011_","bone":"root","attachment":"fox_b_b00011_"},{"name":"fox_b_b00012_","bone":"root","attachment":"fox_b_b00012_"},{"name":"fox_b_b00013_","bone":"root","attachment":"fox_b_b00013_"},{"name":"fox_b_b00014_","bone":"root","attachment":"fox_b_b00014_"},{"name":"fox_b_b00015_","bone":"root","attachment":"fox_b_b00015_"},{"name":"fox_b_b00016_","bone":"root","attachment":"fox_b_b00016_"},{"name":"fox_b_b00017_","bone":"root","attachment":"fox_b_b00017_"},{"name":"fox_b_b00018_","bone":"root","attachment":"fox_b_b00018_"},{"name":"fox_b_b00019_","bone":"root","attachment":"fox_b_b00019_"},{"name":"fox_b_b00020_","bone":"root","attachment":"fox_b_b00020_"},{"name":"fox_b_b00021_","bone":"root","attachment":"fox_b_b00021_"},{"name":"fox_b_b00022_","bone":"root","attachment":"fox_b_b00022_"},{"name":"fox_a_00001_","bone":"root","attachment":"fox_a_00001_"},{"name":"fox_a_00001a_","bone":"root","attachment":"fox_a_00001a_"},{"name":"fox_a_00002_","bone":"root","attachment":"fox_a_00002_"},{"name":"fox_a_00002a_","bone":"root","attachment":"fox_a_00002a_"},{"name":"fox_a_00003_","bone":"root","attachment":"fox_a_00003_"},{"name":"fox_a_00003a_","bone":"root","attachment":"fox_a_00003a_"},{"name":"fox_a_00004_","bone":"root","attachment":"fox_a_00004_"},{"name":"fox_a_00004a_","bone":"root","attachment":"fox_a_00004a_"},{"name":"fox_a_00005_","bone":"root","attachment":"fox_a_00005_"},{"name":"fox_a_00005a_","bone":"root","attachment":"fox_a_00005a_"},{"name":"fox_a_00006_","bone":"root","attachment":"fox_a_00006_"},{"name":"fox_a_00006a_","bone":"root","attachment":"fox_a_00006a_"},{"name":"fox_a_00007_","bone":"root","attachment":"fox_a_00007_"},{"name":"fox_a_00007a_","bone":"root","attachment":"fox_a_00007a_"},{"name":"fox_a_00008_","bone":"root","attachment":"fox_a_00008_"},{"name":"fox_a_00008a_","bone":"root","attachment":"fox_a_00008a_"},{"name":"fox_a_00009_","bone":"root","attachment":"fox_a_00009_"},{"name":"fox_a_00009a_","bone":"root","attachment":"fox_a_00009a_"},{"name":"fox_a_00010_","bone":"root","attachment":"fox_a_00010_"},{"name":"fox_a_00010a_","bone":"root","attachment":"fox_a_00010a_"},{"name":"fox_a_00011_","bone":"root","attachment":"fox_a_00011_"},{"name":"fox_a_00011a_","bone":"root","attachment":"fox_a_00011a_"},{"name":"fox_a_00012_","bone":"root","attachment":"fox_a_00012_"},{"name":"fox_a_00012a_","bone":"root","attachment":"fox_a_00012a_"},{"name":"fox_a_00013_","bone":"root","attachment":"fox_a_00013_"},{"name":"fox_a_00013a_","bone":"root","attachment":"fox_a_00013a_"},{"name":"fox_a_00014_","bone":"root","attachment":"fox_a_00014_"},{"name":"fox_a_00014a_","bone":"root","attachment":"fox_a_00014a_"},{"name":"fox_a_00015_","bone":"root","attachment":"fox_a_00015_"},{"name":"fox_a_00015a_","bone":"root","attachment":"fox_a_00015a_"},{"name":"fox_a_00016_","bone":"root","attachment":"fox_a_00016_"},{"name":"fox_a_00017_","bone":"root","attachment":"fox_a_00017_"},{"name":"fox_a_00018_","bone":"root","attachment":"fox_a_00018_"},{"name":"fox_a_00019_","bone":"root","attachment":"fox_a_00019_"},{"name":"fox_a_00020_","bone":"root","attachment":"fox_a_00020_"},{"name":"fox_a_00021_","bone":"root","attachment":"fox_a_00021_"},{"name":"fox_a_00022_","bone":"root","attachment":"fox_a_00022_"},{"name":"fox_a_00023_","bone":"root","attachment":"fox_a_00023_"},{"name":"fox_a_00024_","bone":"root","attachment":"fox_a_00024_"},{"name":"fox_a_00025_","bone":"root","attachment":"fox_a_00025_"},{"name":"fox_a_00026_","bone":"root","attachment":"fox_a_00026_"},{"name":"fox_a_00027_","bone":"root","attachment":"fox_a_00027_"},{"name":"fox_a_00028_","bone":"root","attachment":"fox_a_00028_"},{"name":"fox_a_00029_","bone":"root","attachment":"fox_a_00029_"},{"name":"fox_a_00030_","bone":"root","attachment":"fox_a_00030_"}],"skins":{"default":{"fox_a_00001_":{"fox_a_00001_":{"x":-66,"y":97.25,"width":144,"height":158}},"fox_a_00001a_":{"fox_a_00001a_":{"x":46,"y":84.25,"width":80,"height":134}},"fox_a_00002_":{"fox_a_00002_":{"x":-68,"y":96.75,"width":138,"height":157}},"fox_a_00002a_":{"fox_a_00002a_":{"x":43.5,"y":87.25,"width":85,"height":140}},"fox_a_00003_":{"fox_a_00003_":{"x":-65,"y":96.75,"width":144,"height":157}},"fox_a_00003a_":{"fox_a_00003a_":{"x":46.5,"y":83.25,"width":79,"height":132}},"fox_a_00004_":{"fox_a_00004_":{"x":-69,"y":96.75,"width":136,"height":157}},"fox_a_00004a_":{"fox_a_00004a_":{"x":42.5,"y":87.75,"width":87,"height":141}},"fox_a_00005_":{"fox_a_00005_":{"x":-69,"y":96.75,"width":136,"height":157}},"fox_a_00005a_":{"fox_a_00005a_":{"x":42.5,"y":87.25,"width":87,"height":140}},"fox_a_00006_":{"fox_a_00006_":{"x":-69,"y":96.75,"width":136,"height":157}},"fox_a_00006a_":{"fox_a_00006a_":{"x":42.5,"y":87.25,"width":87,"height":140}},"fox_a_00007_":{"fox_a_00007_":{"x":-70,"y":96.25,"width":134,"height":158}},"fox_a_00007a_":{"fox_a_00007a_":{"x":41.5,"y":88.25,"width":89,"height":142}},"fox_a_00008_":{"fox_a_00008_":{"x":-68.5,"y":96.75,"width":137,"height":157}},"fox_a_00008a_":{"fox_a_00008a_":{"x":43,"y":86.25,"width":86,"height":138}},"fox_a_00009_":{"fox_a_00009_":{"x":-67,"y":96.25,"width":140,"height":158}},"fox_a_00009a_":{"fox_a_00009a_":{"x":44.5,"y":83.25,"width":83,"height":132}},"fox_a_00010_":{"fox_a_00010_":{"x":-64.5,"y":96.25,"width":145,"height":158}},"fox_a_00010a_":{"fox_a_00010a_":{"x":47,"y":80.25,"width":78,"height":124}},"fox_a_00011_":{"fox_a_00011_":{"x":-63.5,"y":96.25,"width":147,"height":158}},"fox_a_00011a_":{"fox_a_00011a_":{"x":47.5,"y":78.25,"width":75,"height":120}},"fox_a_00012_":{"fox_a_00012_":{"x":-64.5,"y":96.25,"width":145,"height":158}},"fox_a_00012a_":{"fox_a_00012a_":{"x":46.5,"y":79.75,"width":77,"height":123}},"fox_a_00013_":{"fox_a_00013_":{"x":-62.5,"y":96.25,"width":149,"height":158}},"fox_a_00013a_":{"fox_a_00013a_":{"x":49,"y":76.75,"width":74,"height":117}},"fox_a_00014_":{"fox_a_00014_":{"x":-61.5,"y":95.75,"width":151,"height":157}},"fox_a_00014a_":{"fox_a_00014a_":{"x":50,"y":75.75,"width":72,"height":117}},"fox_a_00015_":{"fox_a_00015_":{"x":-59,"y":95.75,"width":156,"height":157}},"fox_a_00015a_":{"fox_a_00015a_":{"x":52.5,"y":74.75,"width":67,"height":115}},"fox_a_00016_":{"fox_a_00016_":{"x":-25.5,"y":95.75,"width":223,"height":157}},"fox_a_00017_":{"fox_a_00017_":{"x":-25.5,"y":95.75,"width":223,"height":157}},"fox_a_00018_":{"fox_a_00018_":{"x":-25.5,"y":95.75,"width":223,"height":159}},"fox_a_00019_":{"fox_a_00019_":{"x":-25.5,"y":96.25,"width":223,"height":158}},"fox_a_00020_":{"fox_a_00020_":{"x":-25.5,"y":96.25,"width":223,"height":158}},"fox_a_00021_":{"fox_a_00021_":{"x":-25.5,"y":96.25,"width":223,"height":158}},"fox_a_00022_":{"fox_a_00022_":{"x":-25.5,"y":96.25,"width":223,"height":158}},"fox_a_00023_":{"fox_a_00023_":{"x":-25.5,"y":96.25,"width":223,"height":158}},"fox_a_00024_":{"fox_a_00024_":{"x":-25.5,"y":96.25,"width":223,"height":158}},"fox_a_00025_":{"fox_a_00025_":{"x":-25.5,"y":96.25,"width":223,"height":158}},"fox_a_00026_":{"fox_a_00026_":{"x":-25.5,"y":96.25,"width":223,"height":158}},"fox_a_00027_":{"fox_a_00027_":{"x":-25.5,"y":96.25,"width":223,"height":158}},"fox_a_00028_":{"fox_a_00028_":{"x":-25.5,"y":96.25,"width":223,"height":158}},"fox_a_00029_":{"fox_a_00029_":{"x":-25.5,"y":96.25,"width":223,"height":158}},"fox_a_00030_":{"fox_a_00030_":{"x":-25.5,"y":96.25,"width":223,"height":158}},"fox_b_a00001_":{"fox_b_a00001_":{"x":-6,"y":134.75,"width":140,"height":155}},"fox_b_a00002_":{"fox_b_a00002_":{"x":-5.5,"y":133.75,"width":137,"height":153}},"fox_b_a00003_":{"fox_b_a00003_":{"x":-5.5,"y":132.25,"width":137,"height":152}},"fox_b_a00004_":{"fox_b_a00004_":{"x":-6,"y":130.75,"width":136,"height":151}},"fox_b_a00005_":{"fox_b_a00005_":{"x":-5.5,"y":129.75,"width":137,"height":151}},"fox_b_a00006_":{"fox_b_a00006_":{"x":-6,"y":129.75,"width":138,"height":151}},"fox_b_a00007_":{"fox_b_a00007_":{"x":-5.5,"y":128.25,"width":139,"height":152}},"fox_b_a00008_":{"fox_b_a00008_":{"x":-6,"y":128.75,"width":140,"height":153}},"fox_b_a00009_":{"fox_b_a00009_":{"x":-5.5,"y":127.25,"width":139,"height":154}},"fox_b_a00010_":{"fox_b_a00010_":{"x":-5.5,"y":126.75,"width":137,"height":153}},"fox_b_a00011_":{"fox_b_a00011_":{"x":-5.5,"y":126.75,"width":137,"height":151}},"fox_b_a00012_":{"fox_b_a00012_":{"x":-6,"y":127.25,"width":136,"height":152}},"fox_b_a00013_":{"fox_b_a00013_":{"x":-6,"y":128.75,"width":138,"height":151}},"fox_b_a00014_":{"fox_b_a00014_":{"x":-6,"y":130.25,"width":138,"height":152}},"fox_b_a00015_":{"fox_b_a00015_":{"x":-6,"y":132.75,"width":140,"height":153}},"fox_b_a00016_":{"fox_b_a00016_":{"x":-5.5,"y":134.25,"width":139,"height":154}},"fox_b_a00017_":{"fox_b_a00017_":{"x":-5.5,"y":136.25,"width":137,"height":154}},"fox_b_a00018_":{"fox_b_a00018_":{"x":-5.5,"y":137.25,"width":137,"height":152}},"fox_b_a00019_":{"fox_b_a00019_":{"x":-6,"y":138.25,"width":136,"height":152}},"fox_b_a00020_":{"fox_b_a00020_":{"x":-5.5,"y":139.25,"width":137,"height":152}},"fox_b_a00021_":{"fox_b_a00021_":{"x":-6,"y":140.25,"width":138,"height":152}},"fox_b_a00022_":{"fox_b_a00022_":{"x":-5.5,"y":140.75,"width":139,"height":153}},"fox_b_a00023_":{"fox_b_a00023_":{"x":-6,"y":140.75,"width":140,"height":153}},"fox_b_a00024_":{"fox_b_a00024_":{"x":-5.5,"y":140.75,"width":139,"height":153}},"fox_b_a00025_":{"fox_b_a00025_":{"x":-5.5,"y":139.25,"width":137,"height":152}},"fox_b_a00026_":{"fox_b_a00026_":{"x":-5.5,"y":137.75,"width":137,"height":151}},"fox_b_a00027_":{"fox_b_a00027_":{"x":-6,"y":136.75,"width":136,"height":151}},"fox_b_a00028_":{"fox_b_a00028_":{"x":-6,"y":135.75,"width":138,"height":151}},"fox_b_a00029_":{"fox_b_a00029_":{"x":-6,"y":134.75,"width":138,"height":151}},"fox_b_a00030_":{"fox_b_a00030_":{"x":-6,"y":134.75,"width":140,"height":153}},"fox_b_b00001_":{"fox_b_b00001_":{"x":-5.5,"y":132.75,"width":137,"height":151}},"fox_b_b00002_":{"fox_b_b00002_":{"x":1,"y":129.25,"width":124,"height":146}},"fox_b_b00003_":{"fox_b_b00003_":{"x":5,"y":128.75,"width":116,"height":147}},"fox_b_b00004_":{"fox_b_b00004_":{"x":6.5,"y":131.75,"width":111,"height":153}},"fox_b_b00005_":{"fox_b_b00005_":{"x":6.5,"y":133.75,"width":111,"height":159}},"fox_b_b00006_":{"fox_b_b00006_":{"x":3,"y":134.75,"width":116,"height":161}},"fox_b_b00007_":{"fox_b_b00007_":{"x":-1,"y":133.75,"width":120,"height":159}},"fox_b_b00008_":{"fox_b_b00008_":{"x":-4.5,"y":133.25,"width":123,"height":158}},"fox_b_b00009_":{"fox_b_b00009_":{"x":-7.5,"y":132.25,"width":123,"height":156}},"fox_b_b00010_":{"fox_b_b00010_":{"x":-9,"y":129.75,"width":120,"height":151}},"fox_b_b00011_":{"fox_b_b00011_":{"x":-7,"y":129.75,"width":116,"height":149}},"fox_b_b00012_":{"fox_b_b00012_":{"x":-2,"y":129.25,"width":122,"height":148}},"fox_b_b00013_":{"fox_b_b00013_":{"x":-1,"y":130.25,"width":130,"height":148}},"fox_b_b00014_":{"fox_b_b00014_":{"x":-2,"y":132.75,"width":134,"height":151}},"fox_b_b00015_":{"fox_b_b00015_":{"x":-2.5,"y":134.75,"width":139,"height":153}},"fox_b_b00016_":{"fox_b_b00016_":{"x":-3,"y":136.25,"width":142,"height":156}},"fox_b_b00017_":{"fox_b_b00017_":{"x":-4,"y":138.25,"width":144,"height":158}},"fox_b_b00018_":{"fox_b_b00018_":{"x":-4.5,"y":139.25,"width":145,"height":158}},"fox_b_b00019_":{"fox_b_b00019_":{"x":-5,"y":139.75,"width":144,"height":157}},"fox_b_b00020_":{"fox_b_b00020_":{"x":-5.5,"y":140.25,"width":143,"height":156}},"fox_b_b00021_":{"fox_b_b00021_":{"x":-6.5,"y":141.25,"width":143,"height":156}},"fox_b_b00022_":{"fox_b_b00022_":{"x":-6,"y":141.25,"width":140,"height":154}},"fox_c_00001_":{"fox_c_00001_":{"x":3,"y":151.25,"width":320,"height":306}},"fox_c_00002_":{"fox_c_00002_":{"x":3,"y":151.25,"width":320,"height":306}},"fox_c_00003_":{"fox_c_00003_":{"x":3,"y":151.25,"width":320,"height":306}},"fox_c_00004_":{"fox_c_00004_":{"x":3,"y":151.25,"width":320,"height":306}},"fox_c_00005_":{"fox_c_00005_":{"x":3,"y":151.25,"width":320,"height":306}},"fox_c_00006_":{"fox_c_00006_":{"x":3,"y":151.25,"width":320,"height":306}},"fox_c_00007_":{"fox_c_00007_":{"x":3,"y":151.25,"width":320,"height":306}},"fox_c_00008_":{"fox_c_00008_":{"x":3,"y":151.25,"width":320,"height":306}},"fox_c_00009_":{"fox_c_00009_":{"x":3,"y":151.25,"width":320,"height":306}},"fox_c_00010_":{"fox_c_00010_":{"x":3.5,"y":151.25,"width":321,"height":306}},"fox_c_00011_":{"fox_c_00011_":{"x":3.5,"y":151.25,"width":321,"height":306}},"fox_c_00012_":{"fox_c_00012_":{"x":3.5,"y":151.25,"width":321,"height":306}},"fox_c_00013_":{"fox_c_00013_":{"x":3.5,"y":150.75,"width":321,"height":305}},"fox_c_00014_":{"fox_c_00014_":{"x":3.5,"y":150.75,"width":321,"height":305}},"fox_c_00015_":{"fox_c_00015_":{"x":3.5,"y":150.75,"width":321,"height":305}},"fox_c_00016_":{"fox_c_00016_":{"x":3.5,"y":150.25,"width":321,"height":304}},"fox_c_00017_":{"fox_c_00017_":{"x":3.5,"y":150.75,"width":321,"height":305}},"fox_c_00018_":{"fox_c_00018_":{"x":3.5,"y":150.25,"width":321,"height":304}},"fox_c_00019_":{"fox_c_00019_":{"x":3.5,"y":150.25,"width":321,"height":304}},"fox_c_00020_":{"fox_c_00020_":{"x":3.5,"y":150.25,"width":321,"height":304}},"fox_c_00021_":{"fox_c_00021_":{"x":3.5,"y":150.75,"width":321,"height":305}},"fox_c_00022_":{"fox_c_00022_":{"x":3.5,"y":150.75,"width":321,"height":305}},"fox_c_00023_":{"fox_c_00023_":{"x":3.5,"y":150.75,"width":321,"height":305}},"fox_c_00024_":{"fox_c_00024_":{"x":3.5,"y":150.75,"width":321,"height":305}},"fox_c_00025_":{"fox_c_00025_":{"x":3.5,"y":151.25,"width":321,"height":306}},"fox_c_00026_":{"fox_c_00026_":{"x":3,"y":151.25,"width":320,"height":306}},"fox_c_00027_":{"fox_c_00027_":{"x":3,"y":151.25,"width":320,"height":306}},"fox_c_00028_":{"fox_c_00028_":{"x":3,"y":151.25,"width":320,"height":306}},"fox_c_00029_":{"fox_c_00029_":{"x":3,"y":151.25,"width":320,"height":306}},"fox_c_00030_":{"fox_c_00030_":{"x":3,"y":151.25,"width":320,"height":306}}}},"animations":{"animation":{"slots":{"fox_a_00001_":{"attachment":[{"time":0,"name":"fox_a_00001_"},{"time":0.1333,"name":null},{"time":4,"name":"fox_a_00001_"},{"time":4.1333,"name":null},{"time":8,"name":"fox_a_00001_"}]},"fox_a_00001a_":{"attachment":[{"time":0,"name":"fox_a_00001a_"},{"time":0.1333,"name":null},{"time":4,"name":"fox_a_00001a_"},{"time":4.1333,"name":null},{"time":8,"name":"fox_a_00001a_"}]},"fox_a_00002_":{"attachment":[{"time":0,"name":null},{"time":0.1333,"name":"fox_a_00002_"},{"time":0.2666,"name":null},{"time":4.1333,"name":"fox_a_00002_"},{"time":4.2666,"name":null}]},"fox_a_00002a_":{"attachment":[{"time":0,"name":null},{"time":0.1333,"name":"fox_a_00002a_"},{"time":0.2666,"name":null},{"time":4.1333,"name":"fox_a_00002a_"},{"time":4.2666,"name":null}]},"fox_a_00003_":{"attachment":[{"time":0,"name":null},{"time":0.2666,"name":"fox_a_00003_"},{"time":0.4,"name":null},{"time":4.2666,"name":"fox_a_00003_"},{"time":4.4,"name":null}]},"fox_a_00003a_":{"attachment":[{"time":0,"name":null},{"time":0.2666,"name":"fox_a_00003a_"},{"time":0.4,"name":null},{"time":4.2666,"name":"fox_a_00003a_"},{"time":4.4,"name":null}]},"fox_a_00004_":{"attachment":[{"time":0,"name":null},{"time":0.4,"name":"fox_a_00004_"},{"time":0.5333,"name":null},{"time":4.4,"name":"fox_a_00004_"},{"time":4.5333,"name":null}]},"fox_a_00004a_":{"attachment":[{"time":0,"name":null},{"time":0.4,"name":"fox_a_00004a_"},{"time":0.5333,"name":null},{"time":4.4,"name":"fox_a_00004a_"},{"time":4.5333,"name":null}]},"fox_a_00005_":{"attachment":[{"time":0,"name":null},{"time":0.5333,"name":"fox_a_00005_"},{"time":0.6666,"name":null},{"time":4.5333,"name":"fox_a_00005_"},{"time":4.6666,"name":null}]},"fox_a_00005a_":{"attachment":[{"time":0,"name":null},{"time":0.5333,"name":"fox_a_00005a_"},{"time":0.6666,"name":null},{"time":4.5333,"name":"fox_a_00005a_"},{"time":4.6666,"name":null}]},"fox_a_00006_":{"attachment":[{"time":0,"name":null},{"time":0.6666,"name":"fox_a_00006_"},{"time":0.8,"name":null},{"time":4.6666,"name":"fox_a_00006_"},{"time":4.8,"name":null}]},"fox_a_00006a_":{"attachment":[{"time":0,"name":null},{"time":0.6666,"name":"fox_a_00006a_"},{"time":0.8,"name":null},{"time":4.6666,"name":"fox_a_00006a_"},{"time":4.8,"name":null}]},"fox_a_00007_":{"attachment":[{"time":0,"name":null},{"time":0.8,"name":"fox_a_00007_"},{"time":0.9333,"name":null},{"time":4.8,"name":"fox_a_00007_"},{"time":4.9333,"name":null}]},"fox_a_00007a_":{"attachment":[{"time":0,"name":null},{"time":0.8,"name":"fox_a_00007a_"},{"time":0.9333,"name":null},{"time":4.8,"name":"fox_a_00007a_"},{"time":4.9333,"name":null}]},"fox_a_00008_":{"attachment":[{"time":0,"name":null},{"time":0.9333,"name":"fox_a_00008_"},{"time":1.0666,"name":null},{"time":4.9333,"name":"fox_a_00008_"},{"time":5.0666,"name":null}]},"fox_a_00008a_":{"attachment":[{"time":0,"name":null},{"time":0.9333,"name":"fox_a_00008a_"},{"time":1.0666,"name":null},{"time":4.9333,"name":"fox_a_00008a_"},{"time":5.0666,"name":null}]},"fox_a_00009_":{"attachment":[{"time":0,"name":null},{"time":1.0666,"name":"fox_a_00009_"},{"time":1.2,"name":null},{"time":5.0666,"name":"fox_a_00009_"},{"time":5.2,"name":null}]},"fox_a_00009a_":{"attachment":[{"time":0,"name":null},{"time":1.0666,"name":"fox_a_00009a_"},{"time":1.2,"name":null},{"time":5.0666,"name":"fox_a_00009a_"},{"time":5.2,"name":null}]},"fox_a_00010_":{"attachment":[{"time":0,"name":null},{"time":1.2,"name":"fox_a_00010_"},{"time":1.3333,"name":null},{"time":5.2,"name":"fox_a_00010_"},{"time":5.3333,"name":null}]},"fox_a_00010a_":{"attachment":[{"time":0,"name":null},{"time":1.2,"name":"fox_a_00010a_"},{"time":1.3333,"name":null},{"time":5.2,"name":"fox_a_00010a_"},{"time":5.3333,"name":null}]},"fox_a_00011_":{"attachment":[{"time":0,"name":null},{"time":1.3333,"name":"fox_a_00011_"},{"time":1.4666,"name":null},{"time":5.3333,"name":"fox_a_00011_"},{"time":5.4666,"name":null}]},"fox_a_00011a_":{"attachment":[{"time":0,"name":null},{"time":1.3333,"name":"fox_a_00011a_"},{"time":1.4666,"name":null},{"time":5.3333,"name":"fox_a_00011a_"},{"time":5.4666,"name":null}]},"fox_a_00012_":{"attachment":[{"time":0,"name":null},{"time":1.4666,"name":"fox_a_00012_"},{"time":1.6,"name":null},{"time":5.4666,"name":"fox_a_00012_"},{"time":5.6,"name":null}]},"fox_a_00012a_":{"attachment":[{"time":0,"name":null},{"time":1.4666,"name":"fox_a_00012a_"},{"time":1.6,"name":null},{"time":5.4666,"name":"fox_a_00012a_"},{"time":5.6,"name":null}]},"fox_a_00013_":{"attachment":[{"time":0,"name":null},{"time":1.6,"name":"fox_a_00013_"},{"time":1.7333,"name":null},{"time":5.6,"name":"fox_a_00013_"},{"time":5.7333,"name":null}]},"fox_a_00013a_":{"attachment":[{"time":0,"name":null},{"time":1.6,"name":"fox_a_00013a_"},{"time":1.7333,"name":null},{"time":5.6,"name":"fox_a_00013a_"},{"time":5.7333,"name":null}]},"fox_a_00014_":{"attachment":[{"time":0,"name":null},{"time":1.7333,"name":"fox_a_00014_"},{"time":1.8666,"name":null},{"time":5.7333,"name":"fox_a_00014_"},{"time":5.8666,"name":null}]},"fox_a_00014a_":{"attachment":[{"time":0,"name":null},{"time":1.7333,"name":"fox_a_00014a_"},{"time":1.8666,"name":null},{"time":5.7333,"name":"fox_a_00014a_"},{"time":5.8666,"name":null}]},"fox_a_00015_":{"attachment":[{"time":0,"name":null},{"time":1.8666,"name":"fox_a_00015_"},{"time":2,"name":null},{"time":5.8666,"name":"fox_a_00015_"},{"time":6,"name":null}]},"fox_a_00015a_":{"attachment":[{"time":0,"name":null},{"time":1.8666,"name":"fox_a_00015a_"},{"time":2,"name":null},{"time":5.8666,"name":"fox_a_00015a_"},{"time":6,"name":null}]},"fox_a_00016_":{"attachment":[{"time":0,"name":null},{"time":2,"name":"fox_a_00016_"},{"time":2.1333,"name":null},{"time":6,"name":"fox_a_00016_"},{"time":6.1333,"name":null}]},"fox_a_00017_":{"attachment":[{"time":0,"name":null},{"time":2.1333,"name":"fox_a_00017_"},{"time":2.2666,"name":null},{"time":6.1333,"name":"fox_a_00017_"},{"time":6.2666,"name":null}]},"fox_a_00018_":{"attachment":[{"time":0,"name":null},{"time":2.2666,"name":"fox_a_00018_"},{"time":2.4,"name":null},{"time":6.2666,"name":"fox_a_00018_"},{"time":6.4,"name":null}]},"fox_a_00019_":{"attachment":[{"time":0,"name":null},{"time":2.4,"name":"fox_a_00019_"},{"time":2.5333,"name":null},{"time":6.4,"name":"fox_a_00019_"},{"time":6.5333,"name":null}]},"fox_a_00020_":{"attachment":[{"time":0,"name":null},{"time":2.5333,"name":"fox_a_00020_"},{"time":2.6666,"name":null},{"time":6.5333,"name":"fox_a_00020_"},{"time":6.6666,"name":null}]},"fox_a_00021_":{"attachment":[{"time":0,"name":null},{"time":2.6666,"name":"fox_a_00021_"},{"time":2.8,"name":null},{"time":6.6666,"name":"fox_a_00021_"},{"time":6.8,"name":null}]},"fox_a_00022_":{"attachment":[{"time":0,"name":null},{"time":2.8,"name":"fox_a_00022_"},{"time":2.9333,"name":null},{"time":6.8,"name":"fox_a_00022_"},{"time":6.9333,"name":null}]},"fox_a_00023_":{"attachment":[{"time":0,"name":null},{"time":2.9333,"name":"fox_a_00023_"},{"time":3.0666,"name":null},{"time":6.9333,"name":"fox_a_00023_"},{"time":7.0666,"name":null}]},"fox_a_00024_":{"attachment":[{"time":0,"name":null},{"time":3.0666,"name":"fox_a_00024_"},{"time":3.2,"name":null},{"time":7.0666,"name":"fox_a_00024_"},{"time":7.2,"name":null}]},"fox_a_00025_":{"attachment":[{"time":0,"name":null},{"time":3.2,"name":"fox_a_00025_"},{"time":3.3333,"name":null},{"time":7.2,"name":"fox_a_00025_"},{"time":7.3333,"name":null}]},"fox_a_00026_":{"attachment":[{"time":0,"name":null},{"time":3.3333,"name":"fox_a_00026_"},{"time":3.4666,"name":null},{"time":7.3333,"name":"fox_a_00026_"},{"time":7.4666,"name":null}]},"fox_a_00027_":{"attachment":[{"time":0,"name":null},{"time":3.4666,"name":"fox_a_00027_"},{"time":3.6,"name":null},{"time":7.4666,"name":"fox_a_00027_"},{"time":7.6,"name":null}]},"fox_a_00028_":{"attachment":[{"time":0,"name":null},{"time":3.6,"name":"fox_a_00028_"},{"time":3.7333,"name":null},{"time":7.6,"name":"fox_a_00028_"},{"time":7.7333,"name":null}]},"fox_a_00029_":{"attachment":[{"time":0,"name":null},{"time":3.7333,"name":"fox_a_00029_"},{"time":3.8666,"name":null},{"time":7.7333,"name":"fox_a_00029_"},{"time":7.8666,"name":null}]},"fox_a_00030_":{"attachment":[{"time":0,"name":null},{"time":3.8666,"name":"fox_a_00030_"},{"time":4,"name":null},{"time":7.8666,"name":"fox_a_00030_"},{"time":8,"name":null}]},"fox_b_a00001_":{"attachment":[{"time":0,"name":null},{"time":1.0666,"name":"fox_b_a00001_"},{"time":1.2,"name":null}]},"fox_b_a00002_":{"attachment":[{"time":0,"name":null},{"time":1.2,"name":"fox_b_a00002_"},{"time":1.3333,"name":null}]},"fox_b_a00003_":{"attachment":[{"time":0,"name":null},{"time":1.3333,"name":"fox_b_a00003_"},{"time":1.4666,"name":null}]},"fox_b_a00004_":{"attachment":[{"time":0,"name":null},{"time":1.4666,"name":"fox_b_a00004_"},{"time":1.6,"name":null}]},"fox_b_a00005_":{"attachment":[{"time":0,"name":null},{"time":1.6,"name":"fox_b_a00005_"},{"time":1.7333,"name":null}]},"fox_b_a00006_":{"attachment":[{"time":0,"name":null},{"time":1.7333,"name":"fox_b_a00006_"},{"time":1.8666,"name":null}]},"fox_b_a00007_":{"attachment":[{"time":0,"name":null},{"time":1.8666,"name":"fox_b_a00007_"},{"time":2,"name":null}]},"fox_b_a00008_":{"attachment":[{"time":0,"name":null},{"time":2,"name":"fox_b_a00008_"},{"time":2.1333,"name":null}]},"fox_b_a00009_":{"attachment":[{"time":0,"name":null},{"time":2.1333,"name":"fox_b_a00009_"},{"time":2.2666,"name":null}]},"fox_b_a00010_":{"attachment":[{"time":0,"name":null},{"time":2.2666,"name":"fox_b_a00010_"},{"time":2.4,"name":null}]},"fox_b_a00011_":{"attachment":[{"time":0,"name":null},{"time":2.4,"name":"fox_b_a00011_"},{"time":2.5333,"name":null}]},"fox_b_a00012_":{"attachment":[{"time":0,"name":null},{"time":2.5333,"name":"fox_b_a00012_"},{"time":2.6666,"name":null}]},"fox_b_a00013_":{"attachment":[{"time":0,"name":null},{"time":2.6666,"name":"fox_b_a00013_"},{"time":2.8,"name":null}]},"fox_b_a00014_":{"attachment":[{"time":0,"name":null},{"time":2.8,"name":"fox_b_a00014_"},{"time":2.9333,"name":null}]},"fox_b_a00015_":{"attachment":[{"time":0,"name":null},{"time":2.9333,"name":"fox_b_a00015_"},{"time":3.0666,"name":null}]},"fox_b_a00016_":{"attachment":[{"time":0,"name":null},{"time":3.0666,"name":"fox_b_a00016_"},{"time":3.2,"name":null}]},"fox_b_a00017_":{"attachment":[{"time":0,"name":null},{"time":3.2,"name":"fox_b_a00017_"},{"time":3.3333,"name":null}]},"fox_b_a00018_":{"attachment":[{"time":0,"name":null},{"time":3.3333,"name":"fox_b_a00018_"},{"time":3.4666,"name":null}]},"fox_b_a00019_":{"attachment":[{"time":0,"name":null},{"time":3.4666,"name":"fox_b_a00019_"},{"time":3.6,"name":null}]},"fox_b_a00020_":{"attachment":[{"time":0,"name":null},{"time":3.6,"name":"fox_b_a00020_"},{"time":3.7333,"name":null}]},"fox_b_a00021_":{"attachment":[{"time":0,"name":null},{"time":3.7333,"name":"fox_b_a00021_"},{"time":3.8666,"name":null}]},"fox_b_a00022_":{"attachment":[{"time":0,"name":null},{"time":3.8666,"name":"fox_b_a00022_"},{"time":4,"name":null},{"time":8,"name":"fox_b_a00022_"}]},"fox_b_a00023_":{"attachment":[{"time":0,"name":"fox_b_a00023_"},{"time":0.1333,"name":null},{"time":4,"name":"fox_b_a00023_"},{"time":4.1333,"name":null}]},"fox_b_a00024_":{"attachment":[{"time":0,"name":null},{"time":0.1333,"name":"fox_b_a00024_"},{"time":0.2666,"name":null},{"time":4.1333,"name":"fox_b_a00024_"},{"time":4.2666,"name":null}]},"fox_b_a00025_":{"attachment":[{"time":0,"name":null},{"time":0.2666,"name":"fox_b_a00025_"},{"time":0.4,"name":null},{"time":4.2666,"name":"fox_b_a00025_"},{"time":4.4,"name":null}]},"fox_b_a00026_":{"attachment":[{"time":0,"name":null},{"time":0.4,"name":"fox_b_a00026_"},{"time":0.5333,"name":null},{"time":4.4,"name":"fox_b_a00026_"},{"time":4.5333,"name":null}]},"fox_b_a00027_":{"attachment":[{"time":0,"name":null},{"time":0.5333,"name":"fox_b_a00027_"},{"time":0.6666,"name":null},{"time":4.5333,"name":"fox_b_a00027_"},{"time":4.6666,"name":null}]},"fox_b_a00028_":{"attachment":[{"time":0,"name":null},{"time":0.6666,"name":"fox_b_a00028_"},{"time":0.8,"name":null},{"time":4.6666,"name":"fox_b_a00028_"},{"time":4.8,"name":null}]},"fox_b_a00029_":{"attachment":[{"time":0,"name":null},{"time":0.8,"name":"fox_b_a00029_"},{"time":0.9333,"name":null},{"time":4.8,"name":"fox_b_a00029_"},{"time":4.9333,"name":null}]},"fox_b_a00030_":{"attachment":[{"time":0,"name":null},{"time":0.9333,"name":"fox_b_a00030_"},{"time":1.0666,"name":null},{"time":4.9333,"name":"fox_b_a00030_"},{"time":5.0666,"name":null}]},"fox_b_b00001_":{"attachment":[{"time":0,"name":null},{"time":5.0666,"name":"fox_b_b00001_"},{"time":5.2,"name":null}]},"fox_b_b00002_":{"attachment":[{"time":0,"name":null},{"time":5.2,"name":"fox_b_b00002_"},{"time":5.3333,"name":null}]},"fox_b_b00003_":{"attachment":[{"time":0,"name":null},{"time":5.3333,"name":"fox_b_b00003_"},{"time":5.4666,"name":null}]},"fox_b_b00004_":{"attachment":[{"time":0,"name":null},{"time":5.4666,"name":"fox_b_b00004_"},{"time":5.6,"name":null}]},"fox_b_b00005_":{"attachment":[{"time":0,"name":null},{"time":5.6,"name":"fox_b_b00005_"},{"time":5.7333,"name":null}]},"fox_b_b00006_":{"attachment":[{"time":0,"name":null},{"time":5.7333,"name":"fox_b_b00006_"},{"time":5.8666,"name":null}]},"fox_b_b00007_":{"attachment":[{"time":0,"name":null},{"time":5.8666,"name":"fox_b_b00007_"},{"time":6,"name":null}]},"fox_b_b00008_":{"attachment":[{"time":0,"name":null},{"time":6,"name":"fox_b_b00008_"},{"time":6.1333,"name":null}]},"fox_b_b00009_":{"attachment":[{"time":0,"name":null},{"time":6.1333,"name":"fox_b_b00009_"},{"time":6.2666,"name":null}]},"fox_b_b00010_":{"attachment":[{"time":0,"name":null},{"time":6.2666,"name":"fox_b_b00010_"},{"time":6.4,"name":null}]},"fox_b_b00011_":{"attachment":[{"time":0,"name":null},{"time":6.4,"name":"fox_b_b00011_"},{"time":6.5333,"name":null}]},"fox_b_b00012_":{"attachment":[{"time":0,"name":null},{"time":6.5333,"name":"fox_b_b00012_"},{"time":6.6666,"name":null}]},"fox_b_b00013_":{"attachment":[{"time":0,"name":null},{"time":6.6666,"name":"fox_b_b00013_"},{"time":6.8,"name":null}]},"fox_b_b00014_":{"attachment":[{"time":0,"name":null},{"time":6.8,"name":"fox_b_b00014_"},{"time":6.9333,"name":null}]},"fox_b_b00015_":{"attachment":[{"time":0,"name":null},{"time":6.9333,"name":"fox_b_b00015_"},{"time":7.0666,"name":null}]},"fox_b_b00016_":{"attachment":[{"time":0,"name":null},{"time":7.0666,"name":"fox_b_b00016_"},{"time":7.2,"name":null}]},"fox_b_b00017_":{"attachment":[{"time":0,"name":null},{"time":7.2,"name":"fox_b_b00017_"},{"time":7.3333,"name":null}]},"fox_b_b00018_":{"attachment":[{"time":0,"name":null},{"time":7.3333,"name":"fox_b_b00018_"},{"time":7.4666,"name":null}]},"fox_b_b00019_":{"attachment":[{"time":0,"name":null},{"time":7.4666,"name":"fox_b_b00019_"},{"time":7.6,"name":null}]},"fox_b_b00020_":{"attachment":[{"time":0,"name":null},{"time":7.6,"name":"fox_b_b00020_"},{"time":7.7333,"name":null}]},"fox_b_b00021_":{"attachment":[{"time":0,"name":null},{"time":7.7333,"name":"fox_b_b00021_"},{"time":7.8666,"name":null}]},"fox_b_b00022_":{"attachment":[{"time":0,"name":null},{"time":7.8666,"name":"fox_b_b00022_"},{"time":8,"name":null}]},"fox_c_00001_":{"attachment":[{"time":0,"name":"fox_c_00001_"},{"time":0.1333,"name":null},{"time":4,"name":"fox_c_00001_"},{"time":4.1333,"name":null}]},"fox_c_00002_":{"attachment":[{"time":0,"name":null},{"time":0.1333,"name":"fox_c_00002_"},{"time":0.2666,"name":null},{"time":4.1333,"name":"fox_c_00002_"},{"time":4.2666,"name":null}]},"fox_c_00003_":{"attachment":[{"time":0,"name":null},{"time":0.2666,"name":"fox_c_00003_"},{"time":0.4,"name":null},{"time":4.2666,"name":"fox_c_00003_"},{"time":4.4,"name":null}]},"fox_c_00004_":{"attachment":[{"time":0,"name":null},{"time":0.4,"name":"fox_c_00004_"},{"time":0.5333,"name":null},{"time":4.4,"name":"fox_c_00004_"},{"time":4.5333,"name":null}]},"fox_c_00005_":{"attachment":[{"time":0,"name":null},{"time":0.5333,"name":"fox_c_00005_"},{"time":0.6666,"name":null},{"time":4.5333,"name":"fox_c_00005_"},{"time":4.6666,"name":null}]},"fox_c_00006_":{"attachment":[{"time":0,"name":null},{"time":0.6666,"name":"fox_c_00006_"},{"time":0.8,"name":null},{"time":4.6666,"name":"fox_c_00006_"},{"time":4.8,"name":null}]},"fox_c_00007_":{"attachment":[{"time":0,"name":null},{"time":0.8,"name":"fox_c_00007_"},{"time":0.9333,"name":null},{"time":4.8,"name":"fox_c_00007_"},{"time":4.9333,"name":null}]},"fox_c_00008_":{"attachment":[{"time":0,"name":null},{"time":0.9333,"name":"fox_c_00008_"},{"time":1.0666,"name":null},{"time":4.9333,"name":"fox_c_00008_"},{"time":5.0666,"name":null}]},"fox_c_00009_":{"attachment":[{"time":0,"name":null},{"time":1.0666,"name":"fox_c_00009_"},{"time":1.2,"name":null},{"time":5.0666,"name":"fox_c_00009_"},{"time":5.2,"name":null}]},"fox_c_00010_":{"attachment":[{"time":0,"name":null},{"time":1.2,"name":"fox_c_00010_"},{"time":1.3333,"name":null},{"time":5.2,"name":"fox_c_00010_"},{"time":5.3333,"name":null}]},"fox_c_00011_":{"attachment":[{"time":0,"name":null},{"time":1.3333,"name":"fox_c_00011_"},{"time":1.4666,"name":null},{"time":5.3333,"name":"fox_c_00011_"},{"time":5.4666,"name":null}]},"fox_c_00012_":{"attachment":[{"time":0,"name":null},{"time":1.4666,"name":"fox_c_00012_"},{"time":1.6,"name":null},{"time":5.4666,"name":"fox_c_00012_"},{"time":5.6,"name":null}]},"fox_c_00013_":{"attachment":[{"time":0,"name":null},{"time":1.6,"name":"fox_c_00013_"},{"time":1.7333,"name":null},{"time":5.6,"name":"fox_c_00013_"},{"time":5.7333,"name":null}]},"fox_c_00014_":{"attachment":[{"time":0,"name":null},{"time":1.7333,"name":"fox_c_00014_"},{"time":1.8666,"name":null},{"time":5.7333,"name":"fox_c_00014_"},{"time":5.8666,"name":null}]},"fox_c_00015_":{"attachment":[{"time":0,"name":null},{"time":1.8666,"name":"fox_c_00015_"},{"time":2,"name":null},{"time":5.8666,"name":"fox_c_00015_"},{"time":6,"name":null}]},"fox_c_00016_":{"attachment":[{"time":0,"name":null},{"time":2,"name":"fox_c_00016_"},{"time":2.1333,"name":null},{"time":6,"name":"fox_c_00016_"},{"time":6.1333,"name":null}]},"fox_c_00017_":{"attachment":[{"time":0,"name":null},{"time":2.1333,"name":"fox_c_00017_"},{"time":2.2666,"name":null},{"time":6.1333,"name":"fox_c_00017_"},{"time":6.2666,"name":null}]},"fox_c_00018_":{"attachment":[{"time":0,"name":null},{"time":2.2666,"name":"fox_c_00018_"},{"time":2.4,"name":null},{"time":6.2666,"name":"fox_c_00018_"},{"time":6.4,"name":null}]},"fox_c_00019_":{"attachment":[{"time":0,"name":null},{"time":2.4,"name":"fox_c_00019_"},{"time":2.5333,"name":null},{"time":6.4,"name":"fox_c_00019_"},{"time":6.5333,"name":null}]},"fox_c_00020_":{"attachment":[{"time":0,"name":null},{"time":2.5333,"name":"fox_c_00020_"},{"time":2.6666,"name":null},{"time":6.5333,"name":"fox_c_00020_"},{"time":6.6666,"name":null}]},"fox_c_00021_":{"attachment":[{"time":0,"name":null},{"time":2.6666,"name":"fox_c_00021_"},{"time":2.8,"name":null},{"time":6.6666,"name":"fox_c_00021_"},{"time":6.8,"name":null}]},"fox_c_00022_":{"attachment":[{"time":0,"name":null},{"time":2.8,"name":"fox_c_00022_"},{"time":2.9333,"name":null},{"time":6.8,"name":"fox_c_00022_"},{"time":6.9333,"name":null}]},"fox_c_00023_":{"attachment":[{"time":0,"name":null},{"time":2.9333,"name":"fox_c_00023_"},{"time":3.0666,"name":null},{"time":6.9333,"name":"fox_c_00023_"},{"time":7.0666,"name":null}]},"fox_c_00024_":{"attachment":[{"time":0,"name":null},{"time":3.0666,"name":"fox_c_00024_"},{"time":3.2,"name":null},{"time":7.0666,"name":"fox_c_00024_"},{"time":7.2,"name":null}]},"fox_c_00025_":{"attachment":[{"time":0,"name":null},{"time":3.2,"name":"fox_c_00025_"},{"time":3.3333,"name":null},{"time":7.2,"name":"fox_c_00025_"},{"time":7.3333,"name":null}]},"fox_c_00026_":{"attachment":[{"time":0,"name":null},{"time":3.3333,"name":"fox_c_00026_"},{"time":3.4666,"name":null},{"time":7.3333,"name":"fox_c_00026_"},{"time":7.4666,"name":null}]},"fox_c_00027_":{"attachment":[{"time":0,"name":null},{"time":3.4666,"name":"fox_c_00027_"},{"time":3.6,"name":null},{"time":7.4666,"name":"fox_c_00027_"},{"time":7.6,"name":null}]},"fox_c_00028_":{"attachment":[{"time":0,"name":null},{"time":3.6,"name":"fox_c_00028_"},{"time":3.7333,"name":null},{"time":7.6,"name":"fox_c_00028_"},{"time":7.7333,"name":null}]},"fox_c_00029_":{"attachment":[{"time":0,"name":null},{"time":3.7333,"name":"fox_c_00029_"},{"time":3.8666,"name":null},{"time":7.7333,"name":"fox_c_00029_"},{"time":7.8666,"name":null}]},"fox_c_00030_":{"attachment":[{"time":0,"name":null},{"time":3.8666,"name":"fox_c_00030_"},{"time":4,"name":null},{"time":7.8666,"name":"fox_c_00030_"},{"time":8,"name":null}]}}}}}