{
"skeleton": { "hash": "aDbZEBgB/2ds0MJSyxJ9PSB55d0", "spine": "2.1.27", "width": 0, "height": 0, "images": "" },
"bones": [
	{ "name": "root" },
	{ "name": "bone", "parent": "root", "length": 169.7, "x": 386.34, "y": 34.64 }
],
"slots": [
	{ "name": "HBgj_030_", "bone": "bone" },
	{ "name": "HBgj_030_1_", "bone": "bone" },
	{ "name": "HBgj_030_2_", "bone": "bone" },
	{ "name": "HBgj_030_3_", "bone": "bone" },
	{ "name": "HBgj_030_4_", "bone": "bone" },
	{ "name": "HBgj_029_", "bone": "bone" },
	{ "name": "HBgj_029_1_", "bone": "bone" },
	{ "name": "HBgj_029_2_", "bone": "bone" },
	{ "name": "HBgj_029_3_", "bone": "bone" },
	{ "name": "HBgj_029_4_", "bone": "bone" },
	{ "name": "HBgj_028_", "bone": "bone" },
	{ "name": "HBgj_028_1_", "bone": "bone" },
	{ "name": "HBgj_028_2_", "bone": "bone" },
	{ "name": "HBgj_028_3_", "bone": "bone" },
	{ "name": "HBgj_028_4_", "bone": "bone" },
	{ "name": "HBgj_027_", "bone": "bone" },
	{ "name": "HBgj_027_1_", "bone": "bone" },
	{ "name": "HBgj_027_2_", "bone": "bone" },
	{ "name": "HBgj_027_3_", "bone": "bone" },
	{ "name": "HBgj_027_4_", "bone": "bone" },
	{ "name": "HBgj_026_", "bone": "bone" },
	{ "name": "HBgj_026_1_", "bone": "bone" },
	{ "name": "HBgj_026_2_", "bone": "bone" },
	{ "name": "HBgj_026_3_", "bone": "bone" },
	{ "name": "HBgj_025_", "bone": "bone" },
	{ "name": "HBgj_025_1_", "bone": "bone" },
	{ "name": "HBgj_025_2_", "bone": "bone" },
	{ "name": "HBgj_025_3_", "bone": "bone" },
	{ "name": "HBgj_025_4__", "bone": "bone" },
	{ "name": "HBgj_024_", "bone": "bone" },
	{ "name": "HBgj_024_1_", "bone": "bone" },
	{ "name": "HBgj_024_2_", "bone": "bone" },
	{ "name": "HBgj_024_3_", "bone": "bone" },
	{ "name": "HBgj_024_4_", "bone": "bone" },
	{ "name": "HBgj_023_", "bone": "bone" },
	{ "name": "HBgj_023_1_", "bone": "bone" },
	{ "name": "HBgj_023_2_", "bone": "bone" },
	{ "name": "HBgj_023_3_", "bone": "bone" },
	{ "name": "HBgj_023_4_", "bone": "bone" },
	{ "name": "HBgj_021_", "bone": "bone" },
	{ "name": "HBgj_021_1_", "bone": "bone" },
	{ "name": "HBgj_021_2_", "bone": "bone" },
	{ "name": "HBgj_021_3_", "bone": "bone" },
	{ "name": "HBgj_019_", "bone": "bone" },
	{ "name": "HBgj_019_1_", "bone": "bone" },
	{ "name": "HBgj_019_2_", "bone": "bone" },
	{ "name": "HBgj_019_3_", "bone": "bone" },
	{ "name": "HBgj_017_", "bone": "bone" },
	{ "name": "HBgj_017_1_", "bone": "bone" },
	{ "name": "HBgj_017_2_", "bone": "bone" },
	{ "name": "HBgj_017_3_", "bone": "bone" },
	{ "name": "HBgj_015_", "bone": "bone" },
	{ "name": "HBgj_015_1_", "bone": "bone" },
	{ "name": "HBgj_015_2_", "bone": "bone" },
	{ "name": "HBgj_015_3_", "bone": "bone" },
	{ "name": "HBgj_013_", "bone": "bone" },
	{ "name": "HBgj_013_1_", "bone": "bone" },
	{ "name": "HBgj_013_2_", "bone": "bone" },
	{ "name": "HBgj_013_3_", "bone": "bone" },
	{ "name": "HBgj_013_4_", "bone": "bone" },
	{ "name": "HBgj_012_", "bone": "bone" },
	{ "name": "HBgj_012_1_", "bone": "bone" },
	{ "name": "HBgj_012_2_", "bone": "bone" },
	{ "name": "HBgj_012_3_", "bone": "bone" },
	{ "name": "HBgj_011_", "bone": "bone" },
	{ "name": "HBgj_011_1_", "bone": "bone" },
	{ "name": "HBgj_011_2_", "bone": "bone" },
	{ "name": "HBgj_011_3_", "bone": "bone" },
	{ "name": "HBgj_010_", "bone": "bone" },
	{ "name": "HBgj_010_1_", "bone": "bone" },
	{ "name": "HBgj_010_2_", "bone": "bone" },
	{ "name": "HBgj_010_3_", "bone": "bone" },
	{ "name": "HBgj_010_4_", "bone": "bone" },
	{ "name": "HBgj_008_", "bone": "bone" },
	{ "name": "HBgj_008_1_", "bone": "bone" },
	{ "name": "HBgj_008_2_", "bone": "bone" },
	{ "name": "HBgj_008_3_", "bone": "bone" },
	{ "name": "HBgj_008_4_", "bone": "bone" },
	{ "name": "HBgj_007_", "bone": "bone" },
	{ "name": "HBgj_007_1_", "bone": "bone" },
	{ "name": "HBgj_007_2_", "bone": "bone" },
	{ "name": "HBgj_007_3_", "bone": "bone" },
	{ "name": "HBgj_007_4_", "bone": "bone" },
	{ "name": "HBgj_006_", "bone": "bone" },
	{ "name": "HBgj_006_1_", "bone": "bone" },
	{ "name": "HBgj_006_2_", "bone": "bone" },
	{ "name": "HBgj_006_3_", "bone": "bone" },
	{ "name": "HBgj_006_4_", "bone": "bone" },
	{ "name": "HBgj_005_", "bone": "bone" },
	{ "name": "HBgj_005_1_", "bone": "bone" },
	{ "name": "HBgj_005_2_", "bone": "bone" },
	{ "name": "HBgj_005_3_", "bone": "bone" },
	{ "name": "HBgj_005_4_", "bone": "bone" },
	{ "name": "HBgj_003_", "bone": "bone" },
	{ "name": "HBgj_003_1_", "bone": "bone" },
	{ "name": "HBgj_003_2_", "bone": "bone" },
	{ "name": "HBgj_003_3_", "bone": "bone" },
	{ "name": "HBgj_003_4_", "bone": "bone" },
	{ "name": "HBgj_001_", "bone": "bone" },
	{ "name": "HBgj_001_2_", "bone": "bone" },
	{ "name": "HBgj_001_3_", "bone": "bone" },
	{ "name": "HBgj_001_4_", "bone": "bone" },
	{ "name": "HBgj_001_5_", "bone": "bone" }
],
"skins": {
	"default": {
		"HBgj_001_": {
			"HBgj_001_": { "x": -223.34, "y": 159.35, "width": 204, "height": 192 }
		},
		"HBgj_001_2_": {
			"HBgj_001_2_": { "x": -190.34, "y": 315.85, "width": 138, "height": 121 }
		},
		"HBgj_001_3_": {
			"HBgj_001_3_": { "x": -50.34, "y": 239.35, "width": 142, "height": 414 }
		},
		"HBgj_001_4_": {
			"HBgj_001_4_": { "x": 72.15, "y": 243.85, "width": 103, "height": 345 }
		},
		"HBgj_001_5_": {
			"HBgj_001_5_": { "x": 201.15, "y": 171.35, "width": 155, "height": 216 }
		},
		"HBgj_003_": {
			"HBgj_003_": { "x": -258.84, "y": 212.85, "width": 129, "height": 195 }
		},
		"HBgj_003_1_": {
			"HBgj_003_1_": { "x": -173.84, "y": 244.85, "width": 41, "height": 263 }
		},
		"HBgj_003_2_": {
			"HBgj_003_2_": { "x": -66.34, "y": 238.35, "width": 174, "height": 410 }
		},
		"HBgj_003_3_": {
			"HBgj_003_3_": { "x": 92.65, "y": 241.85, "width": 144, "height": 357 }
		},
		"HBgj_003_4_": {
			"HBgj_003_4_": { "x": 221.65, "y": 151.85, "width": 114, "height": 177 }
		},
		"HBgj_005_": {
			"HBgj_005_": { "x": -260.84, "y": 214.35, "width": 119, "height": 194 }
		},
		"HBgj_005_1_": {
			"HBgj_005_1_": { "x": -175.84, "y": 240.85, "width": 51, "height": 265 }
		},
		"HBgj_005_2_": {
			"HBgj_005_2_": { "x": -98.34, "y": 221.35, "width": 104, "height": 370 }
		},
		"HBgj_005_3_": {
			"HBgj_005_3_": { "x": 45.65, "y": 238.85, "width": 184, "height": 411 }
		},
		"HBgj_005_4_": {
			"HBgj_005_4_": { "x": 208.15, "y": 165.85, "width": 141, "height": 205 }
		},
		"HBgj_006_": {
			"HBgj_006_": { "x": -232.34, "y": 171.35, "width": 170, "height": 150 }
		},
		"HBgj_006_1_": {
			"HBgj_006_1_": { "x": -202.84, "y": 308.35, "width": 111, "height": 124 }
		},
		"HBgj_006_2_": {
			"HBgj_006_2_": { "x": -95.34, "y": 221.35, "width": 104, "height": 366 }
		},
		"HBgj_006_3_": {
			"HBgj_006_3_": { "x": 44.15, "y": 239.35, "width": 175, "height": 412 }
		},
		"HBgj_006_4_": {
			"HBgj_006_4_": { "x": 205.15, "y": 171.35, "width": 147, "height": 216 }
		},
		"HBgj_007_": {
			"HBgj_007_": { "x": -256.34, "y": 215.85, "width": 116, "height": 187 }
		},
		"HBgj_007_1_": {
			"HBgj_007_1_": { "x": -172.34, "y": 236.85, "width": 52, "height": 265 }
		},
		"HBgj_007_2_": {
			"HBgj_007_2_": { "x": -94.34, "y": 221.35, "width": 104, "height": 364 }
		},
		"HBgj_007_3_": {
			"HBgj_007_3_": { "x": 49.65, "y": 239.35, "width": 184, "height": 410 }
		},
		"HBgj_007_4_": {
			"HBgj_007_4_": { "x": 210.15, "y": 165.85, "width": 137, "height": 205 }
		},
		"HBgj_008_": {
			"HBgj_008_": { "x": -227.34, "y": 177.35, "width": 168, "height": 148 }
		},
		"HBgj_008_1_": {
			"HBgj_008_1_": { "x": -199.84, "y": 309.85, "width": 113, "height": 117 }
		},
		"HBgj_008_2_": {
			"HBgj_008_2_": { "x": -91.34, "y": 222.85, "width": 104, "height": 367 }
		},
		"HBgj_008_3_": {
			"HBgj_008_3_": { "x": 57.65, "y": 240.35, "width": 194, "height": 410 }
		},
		"HBgj_008_4_": {
			"HBgj_008_4_": { "x": 216.65, "y": 164.35, "width": 124, "height": 200 }
		},
		"HBgj_010_": {
			"HBgj_010_": { "x": -220.84, "y": 170.85, "width": 169, "height": 149 }
		},
		"HBgj_010_1_": {
			"HBgj_010_1_": { "x": -194.34, "y": 306.85, "width": 116, "height": 123 }
		},
		"HBgj_010_2_": {
			"HBgj_010_2_": { "x": -84.34, "y": 226.35, "width": 104, "height": 380 }
		},
		"HBgj_010_3_": {
			"HBgj_010_3_": { "x": 60.65, "y": 244.85, "width": 186, "height": 419 }
		},
		"HBgj_010_4_": {
			"HBgj_010_4_": { "x": 216.15, "y": 167.85, "width": 125, "height": 209 }
		},
		"HBgj_011_": {
			"HBgj_011_": { "x": -205.84, "y": 147.35, "width": 191, "height": 160 }
		},
		"HBgj_011_1_": {
			"HBgj_011_1_": { "x": -179.84, "y": 298.35, "width": 139, "height": 142 }
		},
		"HBgj_011_2_": {
			"HBgj_011_2_": { "x": 18.15, "y": 245.35, "width": 257, "height": 420 }
		},
		"HBgj_011_3_": {
			"HBgj_011_3_": { "x": 212.65, "y": 173.35, "width": 132, "height": 220 }
		},
		"HBgj_012_": {
			"HBgj_012_": { "x": -248.34, "y": 223.85, "width": 98, "height": 185 }
		},
		"HBgj_012_1_": {
			"HBgj_012_1_": { "x": -152.84, "y": 219.85, "width": 93, "height": 301 }
		},
		"HBgj_012_2_": {
			"HBgj_012_2_": { "x": 21.15, "y": 245.35, "width": 255, "height": 420 }
		},
		"HBgj_012_3_": {
			"HBgj_012_3_": { "x": 213.65, "y": 172.85, "width": 130, "height": 217 }
		},
		"HBgj_013_": {
			"HBgj_013_": { "x": -245.84, "y": 224.85, "width": 95, "height": 187 }
		},
		"HBgj_013_1_": {
			"HBgj_013_1_": { "x": -153.84, "y": 220.85, "width": 89, "height": 297 }
		},
		"HBgj_013_2_": {
			"HBgj_013_2_": { "x": -69.34, "y": 237.85, "width": 80, "height": 399 }
		},
		"HBgj_013_3_": {
			"HBgj_013_3_": { "x": 59.15, "y": 244.35, "width": 177, "height": 416 }
		},
		"HBgj_013_4_": {
			"HBgj_013_4_": { "x": 213.15, "y": 178.35, "width": 131, "height": 228 }
		},
		"HBgj_015_": {
			"HBgj_015_": { "x": -197.34, "y": 160.35, "width": 182, "height": 176 }
		},
		"HBgj_015_1_": {
			"HBgj_015_1_": { "x": -171.84, "y": 306.35, "width": 131, "height": 116 }
		},
		"HBgj_015_2_": {
			"HBgj_015_2_": { "x": 24.15, "y": 250.35, "width": 261, "height": 428 }
		},
		"HBgj_015_3_": {
			"HBgj_015_3_": { "x": 216.65, "y": 172.85, "width": 124, "height": 215 }
		},
		"HBgj_017_": {
			"HBgj_017_": { "x": -211.34, "y": 236.35, "width": 154, "height": 256 }
		},
		"HBgj_017_1_": {
			"HBgj_017_1_": { "x": -78.34, "y": 238.35, "width": 112, "height": 404 }
		},
		"HBgj_017_2_": {
			"HBgj_017_2_": { "x": 64.15, "y": 249.35, "width": 173, "height": 426 }
		},
		"HBgj_017_3_": {
			"HBgj_017_3_": { "x": 214.65, "y": 173.85, "width": 128, "height": 221 }
		},
		"HBgj_019_": {
			"HBgj_019_": { "x": -213.34, "y": 234.35, "width": 160, "height": 256 }
		},
		"HBgj_019_1_": {
			"HBgj_019_1_": { "x": -77.34, "y": 236.35, "width": 112, "height": 400 }
		},
		"HBgj_019_2_": {
			"HBgj_019_2_": { "x": 66.15, "y": 251.85, "width": 175, "height": 429 }
		},
		"HBgj_019_3_": {
			"HBgj_019_3_": { "x": 216.15, "y": 170.35, "width": 125, "height": 214 }
		},
		"HBgj_021_": {
			"HBgj_021_": { "x": -244.34, "y": 222.85, "width": 114, "height": 203 }
		},
		"HBgj_021_1_": {
			"HBgj_021_1_": { "x": -136.84, "y": 232.85, "width": 101, "height": 337 }
		},
		"HBgj_021_2_": {
			"HBgj_021_2_": { "x": 33.15, "y": 251.85, "width": 239, "height": 433 }
		},
		"HBgj_021_3_": {
			"HBgj_021_3_": { "x": 215.65, "y": 166.35, "width": 126, "height": 206 }
		},
		"HBgj_023_": {
			"HBgj_023_": { "x": -250.34, "y": 181.85, "width": 118, "height": 121 }
		},
		"HBgj_023_1_": {
			"HBgj_023_1_": { "x": -215.84, "y": 281.85, "width": 49, "height": 79 }
		},
		"HBgj_023_2_": {
			"HBgj_023_2_": { "x": -140.84, "y": 229.85, "width": 101, "height": 333 }
		},
		"HBgj_023_3_": {
			"HBgj_023_3_": { "x": 26.15, "y": 251.35, "width": 233, "height": 434 }
		},
		"HBgj_023_4_": {
			"HBgj_023_4_": { "x": 210.65, "y": 178.35, "width": 136, "height": 230 }
		},
		"HBgj_024_": {
			"HBgj_024_": { "x": -251.34, "y": 180.85, "width": 120, "height": 119 }
		},
		"HBgj_024_1_": {
			"HBgj_024_1_": { "x": -215.84, "y": 280.35, "width": 49, "height": 80 }
		},
		"HBgj_024_2_": {
			"HBgj_024_2_": { "x": -141.34, "y": 229.35, "width": 100, "height": 332 }
		},
		"HBgj_024_3_": {
			"HBgj_024_3_": { "x": 24.65, "y": 250.85, "width": 232, "height": 433 }
		},
		"HBgj_024_4_": {
			"HBgj_024_4_": { "x": 209.65, "y": 176.35, "width": 138, "height": 226 }
		},
		"HBgj_025_": {
			"HBgj_025_": { "x": -252.34, "y": 177.35, "width": 124, "height": 114 }
		},
		"HBgj_025_1_": {
			"HBgj_025_1_": { "x": -215.84, "y": 276.35, "width": 51, "height": 84 }
		},
		"HBgj_025_2_": {
			"HBgj_025_2_": { "x": -141.34, "y": 227.35, "width": 98, "height": 330 }
		},
		"HBgj_025_3_": {
			"HBgj_025_3_": { "x": 31.65, "y": 249.85, "width": 248, "height": 431 }
		},
		"HBgj_025_4__": {
			"HBgj_025_4__": { "x": 217.15, "y": 160.35, "width": 123, "height": 194 }
		},
		"HBgj_026_": {
			"HBgj_026_": { "x": -254.34, "y": 219.85, "width": 126, "height": 201 }
		},
		"HBgj_026_1_": {
			"HBgj_026_1_": { "x": -139.84, "y": 229.35, "width": 103, "height": 342 }
		},
		"HBgj_026_2_": {
			"HBgj_026_2_": { "x": 28.15, "y": 247.35, "width": 233, "height": 430 }
		},
		"HBgj_026_3_": {
			"HBgj_026_3_": { "x": 211.65, "y": 165.35, "width": 134, "height": 204 }
		},
		"HBgj_027_": {
			"HBgj_027_": { "x": -255.84, "y": 216.85, "width": 129, "height": 199 }
		},
		"HBgj_027_1_": {
			"HBgj_027_1_": { "x": -169.84, "y": 237.85, "width": 43, "height": 253 }
		},
		"HBgj_027_2_": {
			"HBgj_027_2_": { "x": -64.34, "y": 245.85, "width": 168, "height": 429 }
		},
		"HBgj_027_3_": {
			"HBgj_027_3_": { "x": 80.15, "y": 252.35, "width": 121, "height": 370 }
		},
		"HBgj_027_4_": {
			"HBgj_027_4_": { "x": 209.65, "y": 166.35, "width": 138, "height": 206 }
		},
		"HBgj_028_": {
			"HBgj_028_": { "x": -258.34, "y": 214.85, "width": 126, "height": 195 }
		},
		"HBgj_028_1_": {
			"HBgj_028_1_": { "x": -173.34, "y": 239.35, "width": 44, "height": 256 }
		},
		"HBgj_028_2_": {
			"HBgj_028_2_": { "x": -65.84, "y": 244.35, "width": 171, "height": 426 }
		},
		"HBgj_028_3_": {
			"HBgj_028_3_": { "x": 77.65, "y": 253.85, "width": 116, "height": 369 }
		},
		"HBgj_028_4_": {
			"HBgj_028_4_": { "x": 207.15, "y": 167.85, "width": 143, "height": 209 }
		},
		"HBgj_029_": {
			"HBgj_029_": { "x": -260.34, "y": 212.85, "width": 126, "height": 195 }
		},
		"HBgj_029_1_": {
			"HBgj_029_1_": { "x": -177.84, "y": 240.35, "width": 39, "height": 258 }
		},
		"HBgj_029_2_": {
			"HBgj_029_2_": { "x": -69.84, "y": 242.85, "width": 177, "height": 423 }
		},
		"HBgj_029_3_": {
			"HBgj_029_3_": { "x": 84.15, "y": 248.85, "width": 131, "height": 365 }
		},
		"HBgj_029_4_": {
			"HBgj_029_4_": { "x": 214.15, "y": 160.85, "width": 129, "height": 195 }
		},
		"HBgj_030_": {
			"HBgj_030_": { "x": -259.84, "y": 210.85, "width": 129, "height": 193 }
		},
		"HBgj_030_1_": {
			"HBgj_030_1_": { "x": -174.34, "y": 238.35, "width": 42, "height": 268 }
		},
		"HBgj_030_2_": {
			"HBgj_030_2_": { "x": -68.34, "y": 240.85, "width": 170, "height": 417 }
		},
		"HBgj_030_3_": {
			"HBgj_030_3_": { "x": 85.65, "y": 245.35, "width": 138, "height": 362 }
		},
		"HBgj_030_4_": {
			"HBgj_030_4_": { "x": 216.65, "y": 156.85, "width": 124, "height": 187 }
		}
	}
},
"animations": {
	"gj": {
		"slots": {
			"HBgj_001_": {
				"attachment": [
					{ "time": 0, "name": "HBgj_001_" },
					{ "time": 0.1, "name": null },
					{ "time": 1.9333, "name": "HBgj_001_" }
				]
			},
			"HBgj_001_2_": {
				"attachment": [
					{ "time": 0, "name": "HBgj_001_2_" },
					{ "time": 0.1, "name": null },
					{ "time": 1.9333, "name": "HBgj_001_2_" }
				]
			},
			"HBgj_001_3_": {
				"attachment": [
					{ "time": 0, "name": "HBgj_001_3_" },
					{ "time": 0.1, "name": null },
					{ "time": 1.9333, "name": "HBgj_001_3_" }
				]
			},
			"HBgj_001_4_": {
				"attachment": [
					{ "time": 0, "name": "HBgj_001_4_" },
					{ "time": 0.1, "name": null },
					{ "time": 1.9333, "name": "HBgj_001_4_" }
				]
			},
			"HBgj_001_5_": {
				"attachment": [
					{ "time": 0, "name": "HBgj_001_5_" },
					{ "time": 0.1, "name": null },
					{ "time": 1.9333, "name": "HBgj_001_5_" }
				]
			},
			"HBgj_003_": {
				"attachment": [
					{ "time": 0.1, "name": "HBgj_003_" },
					{ "time": 0.2333, "name": null }
				]
			},
			"HBgj_003_1_": {
				"attachment": [
					{ "time": 0.1, "name": "HBgj_003_1_" },
					{ "time": 0.2333, "name": null }
				]
			},
			"HBgj_003_2_": {
				"attachment": [
					{ "time": 0.1, "name": "HBgj_003_2_" },
					{ "time": 0.2333, "name": null }
				]
			},
			"HBgj_003_3_": {
				"attachment": [
					{ "time": 0.1, "name": "HBgj_003_3_" },
					{ "time": 0.2333, "name": null }
				]
			},
			"HBgj_003_4_": {
				"attachment": [
					{ "time": 0.1, "name": "HBgj_003_4_" },
					{ "time": 0.2333, "name": null }
				]
			},
			"HBgj_005_": {
				"attachment": [
					{ "time": 0.2333, "name": "HBgj_005_" },
					{ "time": 0.3333, "name": null }
				]
			},
			"HBgj_005_1_": {
				"attachment": [
					{ "time": 0.2333, "name": "HBgj_005_1_" },
					{ "time": 0.3333, "name": null }
				]
			},
			"HBgj_005_2_": {
				"attachment": [
					{ "time": 0.2333, "name": "HBgj_005_2_" },
					{ "time": 0.3333, "name": null }
				]
			},
			"HBgj_005_3_": {
				"attachment": [
					{ "time": 0.2333, "name": "HBgj_005_3_" },
					{ "time": 0.3333, "name": null }
				]
			},
			"HBgj_005_4_": {
				"attachment": [
					{ "time": 0.2333, "name": "HBgj_005_4_" },
					{ "time": 0.3333, "name": null }
				]
			},
			"HBgj_006_": {
				"attachment": [
					{ "time": 0.3333, "name": "HBgj_006_" },
					{ "time": 0.4, "name": null }
				]
			},
			"HBgj_006_1_": {
				"attachment": [
					{ "time": 0.3333, "name": "HBgj_006_1_" },
					{ "time": 0.4, "name": null }
				]
			},
			"HBgj_006_2_": {
				"attachment": [
					{ "time": 0.3333, "name": "HBgj_006_2_" },
					{ "time": 0.4, "name": null }
				]
			},
			"HBgj_006_3_": {
				"attachment": [
					{ "time": 0.3333, "name": "HBgj_006_3_" },
					{ "time": 0.4, "name": null }
				]
			},
			"HBgj_006_4_": {
				"attachment": [
					{ "time": 0.3333, "name": "HBgj_006_4_" },
					{ "time": 0.4, "name": null }
				]
			},
			"HBgj_007_": {
				"attachment": [
					{ "time": 0.4, "name": "HBgj_007_" },
					{ "time": 0.5, "name": null }
				]
			},
			"HBgj_007_1_": {
				"attachment": [
					{ "time": 0.4, "name": "HBgj_007_1_" },
					{ "time": 0.5, "name": null }
				]
			},
			"HBgj_007_2_": {
				"attachment": [
					{ "time": 0.4, "name": "HBgj_007_2_" },
					{ "time": 0.5, "name": null }
				]
			},
			"HBgj_007_3_": {
				"attachment": [
					{ "time": 0.4, "name": "HBgj_007_3_" },
					{ "time": 0.5, "name": null }
				]
			},
			"HBgj_007_4_": {
				"attachment": [
					{ "time": 0.4, "name": "HBgj_007_4_" },
					{ "time": 0.5, "name": null }
				]
			},
			"HBgj_008_": {
				"attachment": [
					{ "time": 0.5, "name": "HBgj_008_" },
					{ "time": 0.5666, "name": null }
				]
			},
			"HBgj_008_1_": {
				"attachment": [
					{ "time": 0.5, "name": "HBgj_008_1_" },
					{ "time": 0.5666, "name": null }
				]
			},
			"HBgj_008_2_": {
				"attachment": [
					{ "time": 0.5, "name": "HBgj_008_2_" },
					{ "time": 0.5666, "name": null }
				]
			},
			"HBgj_008_3_": {
				"attachment": [
					{ "time": 0.5, "name": "HBgj_008_3_" },
					{ "time": 0.5666, "name": null }
				]
			},
			"HBgj_008_4_": {
				"attachment": [
					{ "time": 0.5, "name": "HBgj_008_4_" },
					{ "time": 0.5666, "name": null }
				]
			},
			"HBgj_010_": {
				"attachment": [
					{ "time": 0.5666, "name": "HBgj_010_" },
					{ "time": 0.6666, "name": null }
				]
			},
			"HBgj_010_1_": {
				"attachment": [
					{ "time": 0.5666, "name": "HBgj_010_1_" },
					{ "time": 0.6666, "name": null }
				]
			},
			"HBgj_010_2_": {
				"attachment": [
					{ "time": 0.5666, "name": "HBgj_010_2_" },
					{ "time": 0.6666, "name": null }
				]
			},
			"HBgj_010_3_": {
				"attachment": [
					{ "time": 0.5666, "name": "HBgj_010_3_" },
					{ "time": 0.6666, "name": null }
				]
			},
			"HBgj_010_4_": {
				"attachment": [
					{ "time": 0.5666, "name": "HBgj_010_4_" },
					{ "time": 0.6666, "name": null }
				]
			},
			"HBgj_011_": {
				"attachment": [
					{ "time": 0.6666, "name": "HBgj_011_" },
					{ "time": 0.7333, "name": null }
				]
			},
			"HBgj_011_1_": {
				"attachment": [
					{ "time": 0.6666, "name": "HBgj_011_1_" },
					{ "time": 0.7333, "name": null }
				]
			},
			"HBgj_011_2_": {
				"attachment": [
					{ "time": 0.6666, "name": "HBgj_011_2_" },
					{ "time": 0.7333, "name": null }
				]
			},
			"HBgj_011_3_": {
				"attachment": [
					{ "time": 0.6666, "name": "HBgj_011_3_" },
					{ "time": 0.7333, "name": null }
				]
			},
			"HBgj_012_": {
				"attachment": [
					{ "time": 0.7333, "name": "HBgj_012_" },
					{ "time": 0.8333, "name": null }
				]
			},
			"HBgj_012_1_": {
				"attachment": [
					{ "time": 0.7333, "name": "HBgj_012_1_" },
					{ "time": 0.8333, "name": null }
				]
			},
			"HBgj_012_2_": {
				"attachment": [
					{ "time": 0.7333, "name": "HBgj_012_2_" },
					{ "time": 0.8333, "name": null }
				]
			},
			"HBgj_012_3_": {
				"attachment": [
					{ "time": 0.7333, "name": "HBgj_012_3_" },
					{ "time": 0.8333, "name": null }
				]
			},
			"HBgj_013_": {
				"attachment": [
					{ "time": 0.8333, "name": "HBgj_013_" },
					{ "time": 0.9333, "name": null }
				]
			},
			"HBgj_013_1_": {
				"attachment": [
					{ "time": 0.8333, "name": "HBgj_013_1_" },
					{ "time": 0.9333, "name": null }
				]
			},
			"HBgj_013_2_": {
				"attachment": [
					{ "time": 0.8333, "name": "HBgj_013_2_" },
					{ "time": 0.9333, "name": null }
				]
			},
			"HBgj_013_3_": {
				"attachment": [
					{ "time": 0.8333, "name": "HBgj_013_3_" },
					{ "time": 0.9333, "name": null }
				]
			},
			"HBgj_013_4_": {
				"attachment": [
					{ "time": 0.8333, "name": "HBgj_013_4_" },
					{ "time": 0.9333, "name": null }
				]
			},
			"HBgj_015_": {
				"attachment": [
					{ "time": 0.9333, "name": "HBgj_015_" },
					{ "time": 1, "name": null }
				]
			},
			"HBgj_015_1_": {
				"attachment": [
					{ "time": 0.9333, "name": "HBgj_015_1_" },
					{ "time": 1, "name": null }
				]
			},
			"HBgj_015_2_": {
				"attachment": [
					{ "time": 0.9333, "name": "HBgj_015_2_" },
					{ "time": 1, "name": null }
				]
			},
			"HBgj_015_3_": {
				"attachment": [
					{ "time": 0.9333, "name": "HBgj_015_3_" },
					{ "time": 1, "name": null }
				]
			},
			"HBgj_017_": {
				"attachment": [
					{ "time": 1, "name": "HBgj_017_" },
					{ "time": 1.1, "name": null }
				]
			},
			"HBgj_017_1_": {
				"attachment": [
					{ "time": 1, "name": "HBgj_017_1_" },
					{ "time": 1.1, "name": null }
				]
			},
			"HBgj_017_2_": {
				"attachment": [
					{ "time": 1, "name": "HBgj_017_2_" },
					{ "time": 1.1, "name": null }
				]
			},
			"HBgj_017_3_": {
				"attachment": [
					{ "time": 1, "name": "HBgj_017_3_" },
					{ "time": 1.1, "name": null }
				]
			},
			"HBgj_019_": {
				"attachment": [
					{ "time": 1.1, "name": "HBgj_019_" },
					{ "time": 1.1666, "name": null }
				]
			},
			"HBgj_019_1_": {
				"attachment": [
					{ "time": 1.1, "name": "HBgj_019_1_" },
					{ "time": 1.1666, "name": null }
				]
			},
			"HBgj_019_2_": {
				"attachment": [
					{ "time": 1.1, "name": "HBgj_019_2_" },
					{ "time": 1.1666, "name": null }
				]
			},
			"HBgj_019_3_": {
				"attachment": [
					{ "time": 1.1, "name": "HBgj_019_3_" },
					{ "time": 1.1666, "name": null }
				]
			},
			"HBgj_021_": {
				"attachment": [
					{ "time": 1.1666, "name": "HBgj_021_" },
					{ "time": 1.2666, "name": null }
				]
			},
			"HBgj_021_1_": {
				"attachment": [
					{ "time": 1.1666, "name": "HBgj_021_1_" },
					{ "time": 1.2666, "name": null }
				]
			},
			"HBgj_021_2_": {
				"attachment": [
					{ "time": 1.1666, "name": "HBgj_021_2_" },
					{ "time": 1.2666, "name": null }
				]
			},
			"HBgj_021_3_": {
				"attachment": [
					{ "time": 1.1666, "name": "HBgj_021_3_" },
					{ "time": 1.2666, "name": null }
				]
			},
			"HBgj_023_": {
				"attachment": [
					{ "time": 1.2666, "name": "HBgj_023_" },
					{ "time": 1.3333, "name": null }
				]
			},
			"HBgj_023_1_": {
				"attachment": [
					{ "time": 1.2666, "name": "HBgj_023_1_" },
					{ "time": 1.3333, "name": null }
				]
			},
			"HBgj_023_2_": {
				"attachment": [
					{ "time": 1.2666, "name": "HBgj_023_2_" },
					{ "time": 1.3333, "name": null }
				]
			},
			"HBgj_023_3_": {
				"attachment": [
					{ "time": 1.2666, "name": "HBgj_023_3_" },
					{ "time": 1.3333, "name": null }
				]
			},
			"HBgj_023_4_": {
				"attachment": [
					{ "time": 1.2666, "name": "HBgj_023_4_" },
					{ "time": 1.3333, "name": null }
				]
			},
			"HBgj_024_": {
				"attachment": [
					{ "time": 1.3333, "name": "HBgj_024_" },
					{ "time": 1.4333, "name": null }
				]
			},
			"HBgj_024_1_": {
				"attachment": [
					{ "time": 1.3333, "name": "HBgj_024_1_" },
					{ "time": 1.4333, "name": null }
				]
			},
			"HBgj_024_2_": {
				"attachment": [
					{ "time": 1.3333, "name": "HBgj_024_2_" },
					{ "time": 1.4333, "name": null }
				]
			},
			"HBgj_024_3_": {
				"attachment": [
					{ "time": 1.3333, "name": "HBgj_024_3_" },
					{ "time": 1.4333, "name": null }
				]
			},
			"HBgj_024_4_": {
				"attachment": [
					{ "time": 1.3333, "name": "HBgj_024_4_" },
					{ "time": 1.4333, "name": null }
				]
			},
			"HBgj_025_": {
				"attachment": [
					{ "time": 1.4333, "name": "HBgj_025_" },
					{ "time": 1.5, "name": null }
				]
			},
			"HBgj_025_1_": {
				"attachment": [
					{ "time": 1.4333, "name": "HBgj_025_1_" },
					{ "time": 1.5, "name": null }
				]
			},
			"HBgj_025_2_": {
				"attachment": [
					{ "time": 1.4333, "name": "HBgj_025_2_" },
					{ "time": 1.5, "name": null }
				]
			},
			"HBgj_025_3_": {
				"attachment": [
					{ "time": 1.4333, "name": "HBgj_025_3_" },
					{ "time": 1.5, "name": null }
				]
			},
			"HBgj_025_4__": {
				"attachment": [
					{ "time": 1.4333, "name": "HBgj_025_4__" },
					{ "time": 1.5, "name": null }
				]
			},
			"HBgj_026_": {
				"attachment": [
					{ "time": 1.5, "name": "HBgj_026_" },
					{ "time": 1.6, "name": null }
				]
			},
			"HBgj_026_1_": {
				"attachment": [
					{ "time": 1.5, "name": "HBgj_026_1_" },
					{ "time": 1.6, "name": null }
				]
			},
			"HBgj_026_2_": {
				"attachment": [
					{ "time": 1.5, "name": "HBgj_026_2_" },
					{ "time": 1.6, "name": null }
				]
			},
			"HBgj_026_3_": {
				"attachment": [
					{ "time": 1.5, "name": "HBgj_026_3_" },
					{ "time": 1.6, "name": null }
				]
			},
			"HBgj_027_": {
				"attachment": [
					{ "time": 1.6, "name": "HBgj_027_" },
					{ "time": 1.7, "name": null }
				]
			},
			"HBgj_027_1_": {
				"attachment": [
					{ "time": 1.6, "name": "HBgj_027_1_" },
					{ "time": 1.7, "name": null }
				]
			},
			"HBgj_027_2_": {
				"attachment": [
					{ "time": 1.6, "name": "HBgj_027_2_" },
					{ "time": 1.7, "name": null }
				]
			},
			"HBgj_027_3_": {
				"attachment": [
					{ "time": 1.6, "name": "HBgj_027_3_" },
					{ "time": 1.7, "name": null }
				]
			},
			"HBgj_027_4_": {
				"attachment": [
					{ "time": 1.6, "name": "HBgj_027_4_" },
					{ "time": 1.7, "name": null }
				]
			},
			"HBgj_028_": {
				"attachment": [
					{ "time": 1.7, "name": "HBgj_028_" },
					{ "time": 1.7666, "name": null }
				]
			},
			"HBgj_028_1_": {
				"attachment": [
					{ "time": 1.7, "name": "HBgj_028_1_" },
					{ "time": 1.7666, "name": null }
				]
			},
			"HBgj_028_2_": {
				"attachment": [
					{ "time": 1.7, "name": "HBgj_028_2_" },
					{ "time": 1.7666, "name": null }
				]
			},
			"HBgj_028_3_": {
				"attachment": [
					{ "time": 1.7, "name": "HBgj_028_3_" },
					{ "time": 1.7666, "name": null }
				]
			},
			"HBgj_028_4_": {
				"attachment": [
					{ "time": 1.7, "name": "HBgj_028_4_" },
					{ "time": 1.7666, "name": null }
				]
			},
			"HBgj_029_": {
				"attachment": [
					{ "time": 1.7666, "name": "HBgj_029_" },
					{ "time": 1.8666, "name": null }
				]
			},
			"HBgj_029_1_": {
				"attachment": [
					{ "time": 1.7666, "name": "HBgj_029_1_" },
					{ "time": 1.8666, "name": null }
				]
			},
			"HBgj_029_2_": {
				"attachment": [
					{ "time": 1.7666, "name": "HBgj_029_2_" },
					{ "time": 1.8666, "name": null }
				]
			},
			"HBgj_029_3_": {
				"attachment": [
					{ "time": 1.7666, "name": "HBgj_029_3_" },
					{ "time": 1.8666, "name": null }
				]
			},
			"HBgj_029_4_": {
				"attachment": [
					{ "time": 1.7666, "name": "HBgj_029_4_" },
					{ "time": 1.8666, "name": null }
				]
			},
			"HBgj_030_": {
				"attachment": [
					{ "time": 1.8666, "name": "HBgj_030_" },
					{ "time": 1.9333, "name": null }
				]
			},
			"HBgj_030_1_": {
				"attachment": [
					{ "time": 1.8666, "name": "HBgj_030_1_" },
					{ "time": 1.9333, "name": null }
				]
			},
			"HBgj_030_2_": {
				"attachment": [
					{ "time": 1.8666, "name": "HBgj_030_2_" },
					{ "time": 1.9333, "name": null }
				]
			},
			"HBgj_030_3_": {
				"attachment": [
					{ "time": 1.8666, "name": "HBgj_030_3_" },
					{ "time": 1.9333, "name": null }
				]
			},
			"HBgj_030_4_": {
				"attachment": [
					{ "time": 1.8666, "name": "HBgj_030_4_" },
					{ "time": 1.9333, "name": null }
				]
			}
		},
		"bones": {
			"bone": {
				"translate": [
					{ "time": 0, "x": -438.26, "y": -127.29 }
				]
			}
		}
	}
}
}