{"skeleton":{"hash":"BCy700klVSN9i0a1Lvgl1LeLkvU","spine":"3.7.94","width":0,"height":0,"images":"./images/","audio":"F:/COK项目/Spine工程/皮肤—独眼巨人高级Spine/高级攻击Spine"},"bones":[{"name":"root"},{"name":"attack_high_shadow","parent":"root","scaleX":4,"scaleY":4},{"name":"gj2_","parent":"root","y":-285,"scaleX":1.39,"scaleY":1.39},{"name":"gj1_","parent":"root","y":285,"scaleX":1.39,"scaleY":1.39},{"name":"dici_f_","parent":"root","scaleX":2,"scaleY":2},{"name":"dici_B_","parent":"root","scaleX":2,"scaleY":2},{"name":"骨骼6","parent":"root"}],"slots":[{"name":"attack_high_shadow_000_","bone":"attack_high_shadow"},{"name":"dici_B_","bone":"dici_B_"},{"name":"gj2_","bone":"gj2_"},{"name":"gj1_","bone":"gj1_"},{"name":"dici_f_","bone":"dici_f_"}],"skins":{"default":{"attack_high_shadow_000_":{"attack_high_shadow_120_":{"x":0.5,"y":0.5,"width":285,"height":285},"attack_high_shadow_123_":{"x":0.5,"y":0.5,"width":285,"height":285},"attack_high_shadow_126_":{"x":0.5,"y":0.5,"width":285,"height":285},"attack_high_shadow_129_":{"x":0.5,"y":0.5,"width":285,"height":285},"attack_high_shadow_132_":{"x":0.5,"y":0.5,"width":285,"height":285},"attack_high_shadow_135_":{"x":0.5,"y":0.5,"width":285,"height":285},"attack_high_shadow_138_":{"x":0.5,"y":0.5,"width":285,"height":285},"attack_high_shadow_141_":{"x":0.5,"y":0.5,"width":285,"height":285},"attack_high_shadow_144_":{"x":0.5,"y":0.5,"width":285,"height":285},"attack_high_shadow_147_":{"x":0.5,"y":0.5,"width":285,"height":285},"attack_high_shadow_150_":{"x":0.5,"y":0.5,"width":285,"height":285},"attack_high_shadow_153_":{"x":0.5,"y":0.5,"width":285,"height":285},"attack_high_shadow_156_":{"x":0.5,"y":0.5,"width":285,"height":285},"attack_high_shadow_159_":{"x":0.5,"y":0.5,"width":285,"height":285}},"dici_B_":{"dici_B_00_":{"width":410,"height":410},"dici_B_02_":{"width":410,"height":410},"dici_B_04_":{"width":410,"height":410},"dici_B_06_":{"width":410,"height":410},"dici_B_08_":{"width":410,"height":410},"dici_B_10_":{"width":410,"height":410},"dici_B_12_":{"width":410,"height":410},"dici_B_14_":{"width":410,"height":410},"dici_B_16_":{"width":410,"height":410},"dici_B_18_":{"width":410,"height":410},"dici_B_20_":{"width":410,"height":410},"dici_B_22_":{"width":410,"height":410},"dici_B_24_":{"width":410,"height":410},"dici_B_26_":{"width":410,"height":410},"dici_B_28_":{"width":410,"height":410},"dici_B_30_":{"width":410,"height":410},"dici_B_32_":{"width":410,"height":410},"dici_B_34_":{"width":410,"height":410},"dici_B_36_":{"width":410,"height":410},"dici_B_38_":{"width":410,"height":410},"dici_B_40_":{"width":410,"height":410},"dici_B_42_":{"width":410,"height":410},"dici_B_44_":{"width":410,"height":410},"dici_B_48_":{"width":410,"height":410},"dici_B_52_":{"width":410,"height":410},"dici_B_56_":{"width":410,"height":410}},"dici_f_":{"dici_f_119_":{"width":456,"height":456},"dici_f_121_":{"width":456,"height":456},"dici_f_123_":{"width":456,"height":456},"dici_f_125_":{"width":456,"height":456},"dici_f_127_":{"width":456,"height":456},"dici_f_129_":{"width":456,"height":456},"dici_f_131_":{"width":456,"height":456},"dici_f_133_":{"width":456,"height":456},"dici_f_135_":{"width":456,"height":456},"dici_f_137_":{"width":456,"height":456},"dici_f_139_":{"width":456,"height":456},"dici_f_141_":{"width":456,"height":456},"dici_f_143_":{"width":456,"height":456},"dici_f_145_":{"width":456,"height":456},"dici_f_147_":{"width":456,"height":456},"dici_f_149_":{"width":456,"height":456},"dici_f_151_":{"width":456,"height":456},"dici_f_153_":{"width":456,"height":456},"dici_f_155_":{"width":456,"height":456},"dici_f_157_":{"width":456,"height":456},"dici_f_159_":{"width":456,"height":456},"dici_f_161_":{"width":456,"height":456},"dici_f_163_":{"width":456,"height":456},"dici_f_165_":{"width":456,"height":456}},"gj1_":{"gj1_40_":{"x":0.5,"width":821,"height":410},"gj1_41_":{"x":0.5,"width":821,"height":410},"gj1_42_":{"x":0.5,"width":821,"height":410},"gj1_43_":{"x":0.5,"width":821,"height":410},"gj1_44_":{"x":0.5,"width":821,"height":410},"gj1_45_":{"x":0.5,"width":821,"height":410},"gj1_46_":{"x":0.5,"width":821,"height":410},"gj1_47_":{"x":0.5,"width":821,"height":410},"gj1_48_":{"x":0.5,"width":821,"height":410},"gj1_49_":{"x":0.5,"width":821,"height":410},"gj1_50_":{"x":0.5,"width":821,"height":410},"gj1_51_":{"x":0.5,"width":821,"height":410},"gj1_52_":{"x":0.5,"width":821,"height":410},"gj1_53_":{"x":0.5,"width":821,"height":410}},"gj2_":{"gj2_40_":{"x":0.5,"width":821,"height":410},"gj2_41_":{"x":0.5,"width":821,"height":410},"gj2_42_":{"x":0.5,"width":821,"height":410},"gj2_43_":{"x":0.5,"width":821,"height":410},"gj2_44_":{"x":0.5,"width":821,"height":410},"gj2_45_":{"x":0.5,"width":821,"height":410},"gj2_46_":{"x":0.5,"width":821,"height":410},"gj2_47_":{"x":0.5,"width":821,"height":410},"gj2_48_":{"x":0.5,"width":821,"height":410},"gj2_49_":{"x":0.5,"width":821,"height":410},"gj2_50_":{"x":0.5,"width":821,"height":410},"gj2_51_":{"x":0.5,"width":821,"height":410},"gj2_52_":{"x":0.5,"width":821,"height":410},"gj2_53_":{"x":0.5,"width":821,"height":410}}}},"animations":{"animation":{"slots":{"attack_high_shadow_000_":{"attachment":[{"time":4,"name":"attack_high_shadow_120_"},{"time":4.1,"name":"attack_high_shadow_123_"},{"time":4.2,"name":"attack_high_shadow_126_"},{"time":4.3,"name":"attack_high_shadow_129_"},{"time":4.4,"name":"attack_high_shadow_132_"},{"time":4.5,"name":"attack_high_shadow_135_"},{"time":4.6,"name":"attack_high_shadow_138_"},{"time":4.7,"name":"attack_high_shadow_141_"},{"time":4.8,"name":"attack_high_shadow_144_"},{"time":4.9,"name":"attack_high_shadow_147_"},{"time":5,"name":"attack_high_shadow_150_"},{"time":5.1,"name":"attack_high_shadow_153_"},{"time":5.2,"name":"attack_high_shadow_156_"},{"time":5.3,"name":"attack_high_shadow_159_"},{"time":5.4,"name":null},{"time":5.8,"name":null},{"time":6.8,"name":null}]},"dici_B_":{"attachment":[{"time":4,"name":"dici_B_00_"},{"time":4.0667,"name":"dici_B_02_"},{"time":4.1333,"name":"dici_B_04_"},{"time":4.2,"name":"dici_B_06_"},{"time":4.2667,"name":"dici_B_08_"},{"time":4.3333,"name":"dici_B_10_"},{"time":4.4,"name":"dici_B_12_"},{"time":4.4667,"name":"dici_B_14_"},{"time":4.5333,"name":"dici_B_16_"},{"time":4.6,"name":"dici_B_18_"},{"time":4.6667,"name":"dici_B_20_"},{"time":4.7333,"name":"dici_B_22_"},{"time":4.8,"name":"dici_B_24_"},{"time":4.8667,"name":"dici_B_26_"},{"time":4.9333,"name":"dici_B_28_"},{"time":5,"name":"dici_B_30_"},{"time":5.0667,"name":"dici_B_32_"},{"time":5.1333,"name":"dici_B_34_"},{"time":5.2,"name":"dici_B_36_"},{"time":5.2667,"name":"dici_B_38_"},{"time":5.3333,"name":"dici_B_40_"},{"time":5.4,"name":"dici_B_42_"},{"time":5.4667,"name":"dici_B_44_"},{"time":5.5333,"name":"dici_B_48_"},{"time":5.6,"name":"dici_B_52_"},{"time":5.6667,"name":"dici_B_56_"},{"time":5.7333,"name":null}]},"dici_f_":{"attachment":[{"time":4,"name":"dici_f_119_"},{"time":4.0667,"name":"dici_f_121_"},{"time":4.1333,"name":"dici_f_123_"},{"time":4.2,"name":"dici_f_125_"},{"time":4.2667,"name":"dici_f_127_"},{"time":4.3333,"name":"dici_f_129_"},{"time":4.4,"name":"dici_f_131_"},{"time":4.4667,"name":"dici_f_133_"},{"time":4.5333,"name":"dici_f_135_"},{"time":4.6,"name":"dici_f_137_"},{"time":4.6667,"name":"dici_f_139_"},{"time":4.7333,"name":"dici_f_141_"},{"time":4.8,"name":"dici_f_143_"},{"time":4.8667,"name":"dici_f_145_"},{"time":4.9333,"name":"dici_f_147_"},{"time":5,"name":"dici_f_149_"},{"time":5.0667,"name":"dici_f_151_"},{"time":5.1333,"name":"dici_f_153_"},{"time":5.2,"name":"dici_f_155_"},{"time":5.2667,"name":"dici_f_157_"},{"time":5.3333,"name":"dici_f_159_"},{"time":5.4,"name":"dici_f_161_"},{"time":5.4667,"name":"dici_f_163_"},{"time":5.5333,"name":"dici_f_165_"},{"time":5.6,"name":null}]},"gj1_":{"attachment":[{"time":4,"name":"gj1_40_"},{"time":4.1,"name":"gj1_41_"},{"time":4.2,"name":"gj1_42_"},{"time":4.3,"name":"gj1_43_"},{"time":4.4,"name":"gj1_44_"},{"time":4.5,"name":"gj1_45_"},{"time":4.6,"name":"gj1_46_"},{"time":4.7,"name":"gj1_47_"},{"time":4.8,"name":"gj1_48_"},{"time":4.9,"name":"gj1_49_"},{"time":5,"name":"gj1_50_"},{"time":5.1,"name":"gj1_51_"},{"time":5.2,"name":"gj1_52_"},{"time":5.3,"name":"gj1_53_"},{"time":5.4,"name":null},{"time":5.8,"name":null},{"time":6.8,"name":null}]},"gj2_":{"attachment":[{"time":4,"name":"gj2_40_"},{"time":4.1,"name":"gj2_41_"},{"time":4.2,"name":"gj2_42_"},{"time":4.3,"name":"gj2_43_"},{"time":4.4,"name":"gj2_44_"},{"time":4.5,"name":"gj2_45_"},{"time":4.6,"name":"gj2_46_"},{"time":4.7,"name":"gj2_47_"},{"time":4.8,"name":"gj2_48_"},{"time":4.9,"name":"gj2_49_"},{"time":5,"name":"gj2_50_"},{"time":5.1,"name":"gj2_51_"},{"time":5.2,"name":"gj2_52_"},{"time":5.3,"name":"gj2_53_"},{"time":5.4,"name":null},{"time":5.8,"name":null},{"time":6.8,"name":null}]}},"bones":{"attack_high_shadow":{"translate":[{"time":0,"x":20,"y":20}]},"gj1_":{"translate":[{"time":0,"x":20,"y":20}]},"gj2_":{"translate":[{"time":0,"x":20,"y":20}]},"dici_f_":{"translate":[{"time":0,"x":58.06,"y":-9.22}]},"dici_B_":{"translate":[{"time":0,"x":330.02,"y":-207.66}]}}}}}