{"skeleton":{"hash":"INQl7hCQeLNLIUiDNLRKppFxk4g","spine":"3.7.94","width":0,"height":0,"images":"./images/","audio":"F:/COK项目/Spine工程/皮肤—独眼巨人高级Spine/高级待机休闲Spine_A段"},"bones":[{"name":"root"},{"name":"idle_high_","parent":"root","scaleX":1.39,"scaleY":1.39},{"name":"xx_high_shadow_","parent":"root","scaleX":4,"scaleY":4},{"name":"xx2_","parent":"root","y":-285,"scaleX":1.39,"scaleY":1.39},{"name":"xx1_","parent":"root","y":285,"scaleX":1.39,"scaleY":1.39},{"name":"idle_high_shadow","parent":"root","scaleX":4,"scaleY":4},{"name":"骨骼6","parent":"root"}],"slots":[{"name":"xx_high_shadow_","bone":"xx_high_shadow_"},{"name":"xx2_","bone":"xx2_"},{"name":"xx1_","bone":"xx1_"},{"name":"idle_high_shadow","bone":"idle_high_shadow"},{"name":"idle_high_00_","bone":"idle_high_"}],"skins":{"default":{"xx1_":{"xx1_18_":{"width":821,"height":410},"xx1_19_":{"width":821,"height":410},"xx1_20_":{"width":821,"height":410},"xx1_21_":{"width":821,"height":410},"xx1_22_":{"width":821,"height":410},"xx1_23_":{"width":821,"height":410},"xx1_24_":{"width":821,"height":410},"xx1_25_":{"width":821,"height":410},"xx1_26_":{"width":821,"height":410},"xx1_27_":{"width":821,"height":410},"xx1_28_":{"width":821,"height":410},"xx1_29_":{"width":821,"height":410},"xx1_30_":{"width":821,"height":410},"xx1_31_":{"width":821,"height":410},"xx1_32_":{"width":821,"height":410},"xx1_33_":{"width":821,"height":410},"xx1_34_":{"width":821,"height":410},"xx1_35_":{"width":821,"height":410},"xx1_36_":{"width":821,"height":410},"xx1_37_":{"width":821,"height":410},"xx1_38_":{"width":821,"height":410},"xx1_39_":{"width":821,"height":410},"xx1_40_":{"width":821,"height":410},"xx1_41_":{"width":821,"height":410},"xx1_42_":{"width":821,"height":410},"xx1_43_":{"width":821,"height":410},"xx1_44_":{"width":821,"height":410},"xx1_45_":{"width":821,"height":410},"xx1_46_":{"width":821,"height":410},"xx1_47_":{"width":821,"height":410},"xx1_48_":{"width":821,"height":410},"xx1_49_":{"width":821,"height":410}},"xx2_":{"xx2_18_":{"width":821,"height":410},"xx2_19_":{"width":821,"height":410},"xx2_20_":{"width":821,"height":410},"xx2_21_":{"width":821,"height":410},"xx2_22_":{"width":821,"height":410},"xx2_23_":{"width":821,"height":410},"xx2_24_":{"width":821,"height":410},"xx2_25_":{"width":821,"height":410},"xx2_26_":{"width":821,"height":410},"xx2_27_":{"width":821,"height":410},"xx2_28_":{"width":821,"height":410},"xx2_29_":{"width":821,"height":410},"xx2_30_":{"width":821,"height":410},"xx2_31_":{"width":821,"height":410},"xx2_32_":{"width":821,"height":410},"xx2_33_":{"width":821,"height":410},"xx2_34_":{"width":821,"height":410},"xx2_35_":{"width":821,"height":410},"xx2_36_":{"width":821,"height":410},"xx2_37_":{"width":821,"height":410},"xx2_38_":{"width":821,"height":410},"xx2_39_":{"width":821,"height":410},"xx2_40_":{"width":821,"height":410},"xx2_41_":{"width":821,"height":410},"xx2_42_":{"width":821,"height":410},"xx2_43_":{"width":821,"height":410},"xx2_44_":{"width":821,"height":410},"xx2_45_":{"width":821,"height":410},"xx2_46_":{"width":821,"height":410},"xx2_47_":{"width":821,"height":410},"xx2_48_":{"width":821,"height":410},"xx2_49_":{"width":821,"height":410}},"xx_high_shadow_":{"xx_high_shadow_54_":{"width":285,"height":285},"xx_high_shadow_57_":{"width":285,"height":285},"xx_high_shadow_60_":{"width":285,"height":285},"xx_high_shadow_63_":{"width":285,"height":285},"xx_high_shadow_66_":{"width":285,"height":285},"xx_high_shadow_69_":{"width":285,"height":285},"xx_high_shadow_72_":{"width":285,"height":285},"xx_high_shadow_75_":{"width":285,"height":285},"xx_high_shadow_78_":{"width":285,"height":285},"xx_high_shadow_81_":{"width":285,"height":285},"xx_high_shadow_84_":{"width":285,"height":285},"xx_high_shadow_87_":{"width":285,"height":285},"xx_high_shadow_90_":{"width":285,"height":285},"xx_high_shadow_93_":{"width":285,"height":285},"xx_high_shadow_96_":{"width":285,"height":285},"xx_high_shadow_99_":{"width":285,"height":285},"xx_high_shadow_102_":{"width":285,"height":285},"xx_high_shadow_105_":{"width":285,"height":285},"xx_high_shadow_108_":{"width":285,"height":285},"xx_high_shadow_111_":{"width":285,"height":285},"xx_high_shadow_114_":{"width":285,"height":285},"xx_high_shadow_117_":{"width":285,"height":285},"xx_high_shadow_120_":{"width":285,"height":285},"xx_high_shadow_123_":{"width":285,"height":285},"xx_high_shadow_126_":{"width":285,"height":285},"xx_high_shadow_129_":{"width":285,"height":285},"xx_high_shadow_132_":{"width":285,"height":285},"xx_high_shadow_135_":{"width":285,"height":285},"xx_high_shadow_138_":{"width":285,"height":285},"xx_high_shadow_141_":{"width":285,"height":285},"xx_high_shadow_144_":{"width":285,"height":285},"xx_high_shadow_147_":{"width":285,"height":285},"xx_high_shadow_150_":{"width":285,"height":285}}}},"animations":{"animation":{"slots":{"idle_high_00_":{"attachment":[{"time":2,"name":null}]},"idle_high_shadow":{"attachment":[{"time":2,"name":null}]},"xx1_":{"attachment":[{"time":3.8333,"name":"xx1_18_"},{"time":3.9333,"name":"xx1_19_"},{"time":4.0333,"name":"xx1_20_"},{"time":4.1333,"name":"xx1_21_"},{"time":4.2333,"name":"xx1_22_"},{"time":4.3333,"name":"xx1_23_"},{"time":4.4333,"name":"xx1_24_"},{"time":4.5333,"name":"xx1_25_"},{"time":4.6333,"name":"xx1_26_"},{"time":4.7333,"name":"xx1_27_"},{"time":4.8333,"name":"xx1_28_"},{"time":4.9333,"name":"xx1_29_"},{"time":5.0333,"name":"xx1_30_"},{"time":5.1333,"name":"xx1_31_"},{"time":5.2333,"name":"xx1_32_"},{"time":5.3333,"name":"xx1_33_"},{"time":5.4333,"name":"xx1_34_"},{"time":5.5333,"name":"xx1_35_"},{"time":5.6333,"name":"xx1_36_"},{"time":5.7333,"name":"xx1_37_"},{"time":5.8333,"name":"xx1_38_"},{"time":5.9333,"name":"xx1_39_"},{"time":6.0333,"name":"xx1_40_"},{"time":6.1333,"name":"xx1_41_"},{"time":6.2333,"name":"xx1_42_"},{"time":6.3333,"name":"xx1_43_"},{"time":6.4333,"name":"xx1_44_"},{"time":6.5333,"name":"xx1_45_"},{"time":6.6333,"name":"xx1_46_"},{"time":6.7333,"name":"xx1_47_"},{"time":6.8333,"name":"xx1_48_"},{"time":6.9333,"name":"xx1_49_"},{"time":7.0333,"name":null}]},"xx2_":{"attachment":[{"time":3.8333,"name":"xx2_18_"},{"time":3.9333,"name":"xx2_19_"},{"time":4.0333,"name":"xx2_20_"},{"time":4.1333,"name":"xx2_21_"},{"time":4.2333,"name":"xx2_22_"},{"time":4.3333,"name":"xx2_23_"},{"time":4.4333,"name":"xx2_24_"},{"time":4.5333,"name":"xx2_25_"},{"time":4.6333,"name":"xx2_26_"},{"time":4.7333,"name":"xx2_27_"},{"time":4.8333,"name":"xx2_28_"},{"time":4.9333,"name":"xx2_29_"},{"time":5.0333,"name":"xx2_30_"},{"time":5.1333,"name":"xx2_31_"},{"time":5.2333,"name":"xx2_32_"},{"time":5.3333,"name":"xx2_33_"},{"time":5.4333,"name":"xx2_34_"},{"time":5.5333,"name":"xx2_35_"},{"time":5.6333,"name":"xx2_36_"},{"time":5.7333,"name":"xx2_37_"},{"time":5.8333,"name":"xx2_38_"},{"time":5.9333,"name":"xx2_39_"},{"time":6.0333,"name":"xx2_40_"},{"time":6.1333,"name":"xx2_41_"},{"time":6.2333,"name":"xx2_42_"},{"time":6.3333,"name":"xx2_43_"},{"time":6.4333,"name":"xx2_44_"},{"time":6.5333,"name":"xx2_45_"},{"time":6.6333,"name":"xx2_46_"},{"time":6.7333,"name":"xx2_47_"},{"time":6.8333,"name":"xx2_48_"},{"time":6.9333,"name":"xx2_49_"},{"time":7.0333,"name":null}]},"xx_high_shadow_":{"attachment":[{"time":3.8333,"name":"xx_high_shadow_54_"},{"time":3.9333,"name":"xx_high_shadow_57_"},{"time":4.0333,"name":"xx_high_shadow_60_"},{"time":4.1333,"name":"xx_high_shadow_63_"},{"time":4.2333,"name":"xx_high_shadow_66_"},{"time":4.3333,"name":"xx_high_shadow_69_"},{"time":4.4333,"name":"xx_high_shadow_72_"},{"time":4.5333,"name":"xx_high_shadow_75_"},{"time":4.6333,"name":"xx_high_shadow_78_"},{"time":4.7333,"name":"xx_high_shadow_81_"},{"time":4.8333,"name":"xx_high_shadow_84_"},{"time":4.9333,"name":"xx_high_shadow_87_"},{"time":5.0333,"name":"xx_high_shadow_90_"},{"time":5.1333,"name":"xx_high_shadow_93_"},{"time":5.2333,"name":"xx_high_shadow_96_"},{"time":5.3333,"name":"xx_high_shadow_99_"},{"time":5.4333,"name":"xx_high_shadow_102_"},{"time":5.5333,"name":"xx_high_shadow_105_"},{"time":5.6333,"name":"xx_high_shadow_108_"},{"time":5.7333,"name":"xx_high_shadow_111_"},{"time":5.8333,"name":"xx_high_shadow_114_"},{"time":5.9333,"name":"xx_high_shadow_117_"},{"time":6.0333,"name":"xx_high_shadow_120_"},{"time":6.1333,"name":"xx_high_shadow_123_"},{"time":6.2333,"name":"xx_high_shadow_126_"},{"time":6.3333,"name":"xx_high_shadow_129_"},{"time":6.4333,"name":"xx_high_shadow_132_"},{"time":6.5333,"name":"xx_high_shadow_135_"},{"time":6.6333,"name":"xx_high_shadow_138_"},{"time":6.7333,"name":"xx_high_shadow_141_"},{"time":6.8333,"name":"xx_high_shadow_144_"},{"time":6.9333,"name":"xx_high_shadow_147_"},{"time":7.0333,"name":null}]}},"bones":{"idle_high_":{"translate":[{"time":0,"x":20,"y":20}]},"xx1_":{"translate":[{"time":0,"x":20,"y":20}]},"xx2_":{"translate":[{"time":0,"x":20,"y":20}]},"xx_high_shadow_":{"translate":[{"time":0,"x":20,"y":20}]},"idle_high_shadow":{"translate":[{"time":0,"x":20,"y":20}]}}}}}