{"skeleton":{"hash":"3jGW1AviaynwPvNLSE4g+dhdEjk","spine":"3.7.94","width":0,"height":0,"images":"./images/","audio":""},"bones":[{"name":"root"},{"name":"dc_idle","parent":"root","scaleX":1.25,"scaleY":1.25}],"slots":[{"name":"dc_idle","bone":"dc_idle"}],"skins":{"default":{"dc_idle":{"dc_idle_000_":{"width":400,"height":400},"dc_idle_003_":{"width":400,"height":400},"dc_idle_006_":{"width":400,"height":400},"dc_idle_009_":{"width":400,"height":400},"dc_idle_012_":{"width":400,"height":400},"dc_idle_015_":{"width":400,"height":400},"dc_idle_018_":{"width":400,"height":400},"dc_idle_021_":{"width":400,"height":400},"dc_idle_024_":{"width":400,"height":400},"dc_idle_027_":{"width":400,"height":400},"dc_idle_030_":{"width":400,"height":400},"dc_idle_033_":{"width":400,"height":400},"dc_idle_036_":{"width":400,"height":400},"dc_idle_039_":{"width":400,"height":400},"dc_idle_042_":{"width":400,"height":400},"dc_idle_045_":{"width":400,"height":400},"dc_idle_048_":{"width":400,"height":400},"dc_idle_051_":{"width":400,"height":400},"dc_idle_054_":{"width":400,"height":400},"dc_idle_057_":{"width":400,"height":400},"dc_idle_060_":{"width":400,"height":400},"dc_idle_063_":{"width":400,"height":400},"dc_idle_066_":{"width":400,"height":400},"dc_idle_069_":{"width":400,"height":400},"dc_idle_072_":{"width":400,"height":400},"dc_idle_075_":{"width":400,"height":400},"dc_idle_078_":{"width":400,"height":400},"dc_idle_081_":{"width":400,"height":400},"dc_idle_084_":{"width":400,"height":400},"dc_idle_087_":{"width":400,"height":400},"dc_idle_090_":{"width":400,"height":400},"dc_idle_093_":{"width":400,"height":400},"dc_idle_096_":{"width":400,"height":400},"dc_idle_099_":{"width":400,"height":400},"dc_idle_102_":{"width":400,"height":400},"dc_idle_105_":{"width":400,"height":400},"dc_idle_108_":{"width":400,"height":400},"dc_idle_111_":{"width":400,"height":400},"dc_idle_114_":{"width":400,"height":400},"dc_idle_117_":{"width":400,"height":400},"dc_idle_120_":{"width":400,"height":400},"dc_idle_123_":{"width":400,"height":400},"dc_idle_126_":{"width":400,"height":400},"dc_idle_129_":{"width":400,"height":400},"dc_idle_132_":{"width":400,"height":400},"dc_idle_135_":{"width":400,"height":400},"dc_idle_138_":{"width":400,"height":400},"dc_idle_141_":{"width":400,"height":400},"dc_idle_144_":{"width":400,"height":400},"dc_idle_147_":{"width":400,"height":400},"dc_idle_150_":{"width":400,"height":400},"dc_idle_153_":{"width":400,"height":400},"dc_idle_156_":{"width":400,"height":400},"dc_idle_159_":{"width":400,"height":400},"dc_idle_162_":{"width":400,"height":400},"dc_idle_165_":{"width":400,"height":400},"dc_idle_168_":{"width":400,"height":400},"dc_idle_171_":{"width":400,"height":400},"dc_idle_174_":{"width":400,"height":400},"dc_idle_177_":{"width":400,"height":400},"dc_idle_180_":{"width":400,"height":400},"dc_idle_183_":{"width":400,"height":400},"dc_idle_186_":{"width":400,"height":400}}}},"animations":{"animation":{"slots":{"dc_idle":{"attachment":[{"time":0,"name":"dc_idle_000_"},{"time":0.1,"name":"dc_idle_003_"},{"time":0.2,"name":"dc_idle_006_"},{"time":0.3,"name":"dc_idle_009_"},{"time":0.4,"name":"dc_idle_012_"},{"time":0.5,"name":"dc_idle_015_"},{"time":0.6,"name":"dc_idle_018_"},{"time":0.7,"name":"dc_idle_021_"},{"time":0.8,"name":"dc_idle_024_"},{"time":0.9,"name":"dc_idle_027_"},{"time":1,"name":"dc_idle_030_"},{"time":1.1,"name":"dc_idle_033_"},{"time":1.2,"name":"dc_idle_036_"},{"time":1.3,"name":"dc_idle_039_"},{"time":1.4,"name":"dc_idle_042_"},{"time":1.5,"name":"dc_idle_045_"},{"time":1.6,"name":"dc_idle_048_"},{"time":1.7,"name":"dc_idle_051_"},{"time":1.8,"name":"dc_idle_054_"},{"time":1.9,"name":"dc_idle_057_"},{"time":2,"name":"dc_idle_060_"},{"time":2.1,"name":"dc_idle_063_"},{"time":2.2,"name":"dc_idle_066_"},{"time":2.3,"name":"dc_idle_069_"},{"time":2.4,"name":"dc_idle_072_"},{"time":2.5,"name":"dc_idle_075_"},{"time":2.6,"name":"dc_idle_078_"},{"time":2.7,"name":"dc_idle_081_"},{"time":2.8,"name":"dc_idle_084_"},{"time":2.9,"name":"dc_idle_087_"},{"time":3,"name":"dc_idle_090_"},{"time":3.1,"name":"dc_idle_093_"},{"time":3.2,"name":"dc_idle_096_"},{"time":3.3,"name":"dc_idle_099_"},{"time":3.4,"name":"dc_idle_102_"},{"time":3.5,"name":"dc_idle_105_"},{"time":3.6,"name":"dc_idle_108_"},{"time":3.7,"name":"dc_idle_111_"},{"time":3.8,"name":"dc_idle_114_"},{"time":3.9,"name":"dc_idle_117_"},{"time":4,"name":"dc_idle_120_"},{"time":4.1,"name":"dc_idle_123_"},{"time":4.2,"name":"dc_idle_126_"},{"time":4.3,"name":"dc_idle_129_"},{"time":4.4,"name":"dc_idle_132_"},{"time":4.5,"name":"dc_idle_135_"},{"time":4.6,"name":"dc_idle_138_"},{"time":4.7,"name":"dc_idle_141_"},{"time":4.8,"name":"dc_idle_144_"},{"time":4.9,"name":"dc_idle_147_"},{"time":5,"name":"dc_idle_150_"},{"time":5.1,"name":"dc_idle_153_"},{"time":5.2,"name":"dc_idle_156_"},{"time":5.3,"name":"dc_idle_159_"},{"time":5.4,"name":"dc_idle_162_"},{"time":5.5,"name":"dc_idle_165_"},{"time":5.6,"name":"dc_idle_168_"},{"time":5.7,"name":"dc_idle_171_"},{"time":5.8,"name":"dc_idle_174_"},{"time":5.9,"name":"dc_idle_177_"},{"time":6,"name":"dc_idle_180_"},{"time":6.1,"name":"dc_idle_183_"},{"time":6.2,"name":"dc_idle_186_"},{"time":6.3,"name":null}]}},"bones":{"dc_idle":{"translate":[{"time":0,"x":0,"y":70}]}}}}}