{
"skeleton": { "hash": "Wz9JnLkWZRxKtMJC01BIDSZ+Y9M", "spine": "3.7.94", "width": 0, "height": 0, "images": "./images/", "audio": "D:/WORK/COK/皮肤特效/小丑国王已调动作/小丑高级spine/小丑高级攻击_group/XCGJgj_A" },
"bones": [
	{ "name": "root" },
	{ "name": "ctr", "parent": "root", "x": 15, "y": 115, "scaleX": 1.25, "scaleY": 1.25 },
	{ "name": "XCGJgj_UL_", "parent": "ctr" },
	{ "name": "XCGJgj_UR_", "parent": "ctr" },
	{ "name": "XCGJgj_DL_", "parent": "ctr" },
	{ "name": "XCGJgj_DR_", "parent": "ctr" }
],
"slots": [
	{ "name": "XCGJgj_UL_", "bone": "XCGJgj_UL_" },
	{ "name": "XCGJgj_UR_", "bone": "XCGJgj_UR_" },
	{ "name": "XCGJgj_DL_", "bone": "XCGJgj_DL_" },
	{ "name": "XCGJgj_DR_", "bone": "XCGJgj_DR_" }
],
"skins": {
	"default": {
		"XCGJgj_DL_": {
			"XCGJgj_DL_00000_": { "x": -158, "y": -227, "width": 316, "height": 454 },
			"XCGJgj_DL_00003_": { "x": -158, "y": -227, "width": 316, "height": 454 },
			"XCGJgj_DL_00006_": { "x": -158, "y": -227, "width": 316, "height": 454 },
			"XCGJgj_DL_00009_": { "x": -158, "y": -227, "width": 316, "height": 454 },
			"XCGJgj_DL_00012_": { "x": -158, "y": -227, "width": 316, "height": 454 },
			"XCGJgj_DL_00015_": { "x": -158, "y": -227, "width": 316, "height": 454 },
			"XCGJgj_DL_00018_": { "x": -158, "y": -227, "width": 316, "height": 454 },
			"XCGJgj_DL_00021_": { "x": -158, "y": -227, "width": 316, "height": 454 },
			"XCGJgj_DL_00024_": { "x": -158, "y": -227, "width": 316, "height": 454 },
			"XCGJgj_DL_00027_": { "x": -158, "y": -227, "width": 316, "height": 454 },
			"XCGJgj_DL_00030_": { "x": -158, "y": -227, "width": 316, "height": 454 },
			"XCGJgj_DL_00033_": { "x": -158, "y": -227, "width": 316, "height": 454 },
			"XCGJgj_DL_00036_": { "x": -158, "y": -227, "width": 316, "height": 454 },
			"XCGJgj_DL_00039_": { "x": -158, "y": -227, "width": 316, "height": 454 },
			"XCGJgj_DL_00042_": { "x": -158, "y": -227, "width": 316, "height": 454 },
			"XCGJgj_DL_00045_": { "x": -158, "y": -227, "width": 316, "height": 454 },
			"XCGJgj_DL_00048_": { "x": -158, "y": -227, "width": 316, "height": 454 },
			"XCGJgj_DL_00051_": { "x": -158, "y": -227, "width": 316, "height": 454 },
			"XCGJgj_DL_00054_": { "x": -158, "y": -227, "width": 316, "height": 454 },
			"XCGJgj_DL_00057_": { "x": -158, "y": -227, "width": 316, "height": 454 },
			"XCGJgj_DL_00060_": { "x": -158, "y": -227, "width": 316, "height": 454 },
			"XCGJgj_DL_00063_": { "x": -158, "y": -227, "width": 316, "height": 454 },
			"XCGJgj_DL_00064_": { "x": -158, "y": -227, "width": 316, "height": 454 },
			"XCGJgj_DL_00065_": { "x": -158, "y": -227, "width": 316, "height": 454 }
		},
		"XCGJgj_DR_": {
			"XCGJgj_DR_00000_": { "x": 242.5, "y": -227, "width": 485, "height": 454 },
			"XCGJgj_DR_00003_": { "x": 242.5, "y": -227, "width": 485, "height": 454 },
			"XCGJgj_DR_00006_": { "x": 242.5, "y": -227, "width": 485, "height": 454 },
			"XCGJgj_DR_00009_": { "x": 242.5, "y": -227, "width": 485, "height": 454 },
			"XCGJgj_DR_00012_": { "x": 242.5, "y": -227, "width": 485, "height": 454 },
			"XCGJgj_DR_00015_": { "x": 242.5, "y": -227, "width": 485, "height": 454 },
			"XCGJgj_DR_00018_": { "x": 242.5, "y": -227, "width": 485, "height": 454 },
			"XCGJgj_DR_00021_": { "x": 242.5, "y": -227, "width": 485, "height": 454 },
			"XCGJgj_DR_00024_": { "x": 242.5, "y": -227, "width": 485, "height": 454 },
			"XCGJgj_DR_00027_": { "x": 242.5, "y": -227, "width": 485, "height": 454 },
			"XCGJgj_DR_00030_": { "x": 242.5, "y": -227, "width": 485, "height": 454 },
			"XCGJgj_DR_00033_": { "x": 242.5, "y": -227, "width": 485, "height": 454 },
			"XCGJgj_DR_00036_": { "x": 242.5, "y": -227, "width": 485, "height": 454 },
			"XCGJgj_DR_00039_": { "x": 242.5, "y": -227, "width": 485, "height": 454 },
			"XCGJgj_DR_00042_": { "x": 242.5, "y": -227, "width": 485, "height": 454 },
			"XCGJgj_DR_00045_": { "x": 242.5, "y": -227, "width": 485, "height": 454 },
			"XCGJgj_DR_00048_": { "x": 242.5, "y": -227, "width": 485, "height": 454 },
			"XCGJgj_DR_00051_": { "x": 242.5, "y": -227, "width": 485, "height": 454 },
			"XCGJgj_DR_00054_": { "x": 242.5, "y": -227, "width": 485, "height": 454 },
			"XCGJgj_DR_00057_": { "x": 242.5, "y": -227, "width": 485, "height": 454 },
			"XCGJgj_DR_00060_": { "x": 242.5, "y": -227, "width": 485, "height": 454 },
			"XCGJgj_DR_00063_": { "x": 242.5, "y": -227, "width": 485, "height": 454 },
			"XCGJgj_DR_00064_": { "x": 242.5, "y": -227, "width": 485, "height": 454 },
			"XCGJgj_DR_00065_": { "x": 242.5, "y": -227, "width": 485, "height": 454 }
		},
		"XCGJgj_UL_": {
			"XCGJgj_UL_00000_": { "x": -158, "y": 154, "width": 316, "height": 308 },
			"XCGJgj_UL_00003_": { "x": -158, "y": 154, "width": 316, "height": 308 },
			"XCGJgj_UL_00006_": { "x": -158, "y": 154, "width": 316, "height": 308 },
			"XCGJgj_UL_00009_": { "x": -158, "y": 154, "width": 316, "height": 308 },
			"XCGJgj_UL_00012_": { "x": -158, "y": 154, "width": 316, "height": 308 },
			"XCGJgj_UL_00015_": { "x": -158, "y": 154, "width": 316, "height": 308 },
			"XCGJgj_UL_00018_": { "x": -158, "y": 154, "width": 316, "height": 308 },
			"XCGJgj_UL_00021_": { "x": -158, "y": 154, "width": 316, "height": 308 },
			"XCGJgj_UL_00024_": { "x": -158, "y": 154, "width": 316, "height": 308 },
			"XCGJgj_UL_00027_": { "x": -158, "y": 154, "width": 316, "height": 308 },
			"XCGJgj_UL_00030_": { "x": -158, "y": 154, "width": 316, "height": 308 },
			"XCGJgj_UL_00033_": { "x": -158, "y": 154, "width": 316, "height": 308 },
			"XCGJgj_UL_00036_": { "x": -158, "y": 154, "width": 316, "height": 308 },
			"XCGJgj_UL_00039_": { "x": -158, "y": 154, "width": 316, "height": 308 },
			"XCGJgj_UL_00042_": { "x": -158, "y": 154, "width": 316, "height": 308 },
			"XCGJgj_UL_00045_": { "x": -158, "y": 154, "width": 316, "height": 308 },
			"XCGJgj_UL_00048_": { "x": -158, "y": 154, "width": 316, "height": 308 },
			"XCGJgj_UL_00051_": { "x": -158, "y": 154, "width": 316, "height": 308 },
			"XCGJgj_UL_00054_": { "x": -158, "y": 154, "width": 316, "height": 308 },
			"XCGJgj_UL_00057_": { "x": -158, "y": 154, "width": 316, "height": 308 },
			"XCGJgj_UL_00060_": { "x": -158, "y": 154, "width": 316, "height": 308 },
			"XCGJgj_UL_00063_": { "x": -158, "y": 154, "width": 316, "height": 308 },
			"XCGJgj_UL_00064_": { "x": -158, "y": 154, "width": 316, "height": 308 },
			"XCGJgj_UL_00065_": { "x": -158, "y": 154, "width": 316, "height": 308 }
		},
		"XCGJgj_UR_": {
			"XCGJgj_UR_00000_": { "x": 242.5, "y": 154, "width": 485, "height": 308 },
			"XCGJgj_UR_00003_": { "x": 242.5, "y": 154, "width": 485, "height": 308 },
			"XCGJgj_UR_00006_": { "x": 242.5, "y": 154, "width": 485, "height": 308 },
			"XCGJgj_UR_00009_": { "x": 242.5, "y": 154, "width": 485, "height": 308 },
			"XCGJgj_UR_00012_": { "x": 242.5, "y": 154, "width": 485, "height": 308 },
			"XCGJgj_UR_00015_": { "x": 242.5, "y": 154, "width": 485, "height": 308 },
			"XCGJgj_UR_00018_": { "x": 242.5, "y": 154, "width": 485, "height": 308 },
			"XCGJgj_UR_00021_": { "x": 242.5, "y": 154, "width": 485, "height": 308 },
			"XCGJgj_UR_00024_": { "x": 242.5, "y": 154, "width": 485, "height": 308 },
			"XCGJgj_UR_00027_": { "x": 242.5, "y": 154, "width": 485, "height": 308 },
			"XCGJgj_UR_00030_": { "x": 242.5, "y": 154, "width": 485, "height": 308 },
			"XCGJgj_UR_00033_": { "x": 242.5, "y": 154, "width": 485, "height": 308 },
			"XCGJgj_UR_00036_": { "x": 242.5, "y": 154, "width": 485, "height": 308 },
			"XCGJgj_UR_00039_": { "x": 242.5, "y": 154, "width": 485, "height": 308 },
			"XCGJgj_UR_00042_": { "x": 242.5, "y": 154, "width": 485, "height": 308 },
			"XCGJgj_UR_00045_": { "x": 242.5, "y": 154, "width": 485, "height": 308 },
			"XCGJgj_UR_00048_": { "x": 242.5, "y": 154, "width": 485, "height": 308 },
			"XCGJgj_UR_00051_": { "x": 242.5, "y": 154, "width": 485, "height": 308 },
			"XCGJgj_UR_00054_": { "x": 242.5, "y": 154, "width": 485, "height": 308 },
			"XCGJgj_UR_00057_": { "x": 242.5, "y": 154, "width": 485, "height": 308 },
			"XCGJgj_UR_00060_": { "x": 242.5, "y": 154, "width": 485, "height": 308 },
			"XCGJgj_UR_00063_": { "x": 242.5, "y": 154, "width": 485, "height": 308 },
			"XCGJgj_UR_00064_": { "x": 242.5, "y": 154, "width": 485, "height": 308 },
			"XCGJgj_UR_00065_": { "x": 242.5, "y": 154, "width": 485, "height": 308 }
		}
	}
},
"animations": {
	"animation": {
		"slots": {
			"XCGJgj_DL_": {
				"attachment": [
					{ "time": 0, "name": "XCGJgj_DL_00000_" },
					{ "time": 0.1, "name": "XCGJgj_DL_00003_" },
					{ "time": 0.2, "name": "XCGJgj_DL_00006_" },
					{ "time": 0.3, "name": "XCGJgj_DL_00009_" },
					{ "time": 0.4, "name": "XCGJgj_DL_00012_" },
					{ "time": 0.5, "name": "XCGJgj_DL_00015_" },
					{ "time": 0.6, "name": "XCGJgj_DL_00018_" },
					{ "time": 0.7, "name": "XCGJgj_DL_00021_" },
					{ "time": 0.8, "name": "XCGJgj_DL_00024_" },
					{ "time": 0.9, "name": "XCGJgj_DL_00027_" },
					{ "time": 1, "name": "XCGJgj_DL_00030_" },
					{ "time": 1.1, "name": "XCGJgj_DL_00033_" },
					{ "time": 1.2, "name": "XCGJgj_DL_00036_" },
					{ "time": 1.3, "name": "XCGJgj_DL_00039_" },
					{ "time": 1.4, "name": "XCGJgj_DL_00042_" },
					{ "time": 1.5, "name": "XCGJgj_DL_00045_" },
					{ "time": 1.6, "name": "XCGJgj_DL_00048_" },
					{ "time": 1.7, "name": "XCGJgj_DL_00051_" },
					{ "time": 1.8, "name": "XCGJgj_DL_00054_" },
					{ "time": 1.9, "name": "XCGJgj_DL_00057_" },
					{ "time": 2, "name": "XCGJgj_DL_00060_" },
					{ "time": 2.1, "name": "XCGJgj_DL_00063_" },
					{ "time": 2.2, "name": "XCGJgj_DL_00064_" },
					{ "time": 2.3, "name": "XCGJgj_DL_00065_" }
				]
			},
			"XCGJgj_DR_": {
				"attachment": [
					{ "time": 0, "name": "XCGJgj_DR_00000_" },
					{ "time": 0.1, "name": "XCGJgj_DR_00003_" },
					{ "time": 0.2, "name": "XCGJgj_DR_00006_" },
					{ "time": 0.3, "name": "XCGJgj_DR_00009_" },
					{ "time": 0.4, "name": "XCGJgj_DR_00012_" },
					{ "time": 0.5, "name": "XCGJgj_DR_00015_" },
					{ "time": 0.6, "name": "XCGJgj_DR_00018_" },
					{ "time": 0.7, "name": "XCGJgj_DR_00021_" },
					{ "time": 0.8, "name": "XCGJgj_DR_00024_" },
					{ "time": 0.9, "name": "XCGJgj_DR_00027_" },
					{ "time": 1, "name": "XCGJgj_DR_00030_" },
					{ "time": 1.1, "name": "XCGJgj_DR_00033_" },
					{ "time": 1.2, "name": "XCGJgj_DR_00036_" },
					{ "time": 1.3, "name": "XCGJgj_DR_00039_" },
					{ "time": 1.4, "name": "XCGJgj_DR_00042_" },
					{ "time": 1.5, "name": "XCGJgj_DR_00045_" },
					{ "time": 1.6, "name": "XCGJgj_DR_00048_" },
					{ "time": 1.7, "name": "XCGJgj_DR_00051_" },
					{ "time": 1.8, "name": "XCGJgj_DR_00054_" },
					{ "time": 1.9, "name": "XCGJgj_DR_00057_" },
					{ "time": 2, "name": "XCGJgj_DR_00060_" },
					{ "time": 2.1, "name": "XCGJgj_DR_00063_" },
					{ "time": 2.2, "name": "XCGJgj_DR_00064_" },
					{ "time": 2.3, "name": "XCGJgj_DR_00065_" }
				]
			},
			"XCGJgj_UL_": {
				"attachment": [
					{ "time": 0, "name": "XCGJgj_UL_00000_" },
					{ "time": 0.1, "name": "XCGJgj_UL_00003_" },
					{ "time": 0.2, "name": "XCGJgj_UL_00006_" },
					{ "time": 0.3, "name": "XCGJgj_UL_00009_" },
					{ "time": 0.4, "name": "XCGJgj_UL_00012_" },
					{ "time": 0.5, "name": "XCGJgj_UL_00015_" },
					{ "time": 0.6, "name": "XCGJgj_UL_00018_" },
					{ "time": 0.7, "name": "XCGJgj_UL_00021_" },
					{ "time": 0.8, "name": "XCGJgj_UL_00024_" },
					{ "time": 0.9, "name": "XCGJgj_UL_00027_" },
					{ "time": 1, "name": "XCGJgj_UL_00030_" },
					{ "time": 1.1, "name": "XCGJgj_UL_00033_" },
					{ "time": 1.2, "name": "XCGJgj_UL_00036_" },
					{ "time": 1.3, "name": "XCGJgj_UL_00039_" },
					{ "time": 1.4, "name": "XCGJgj_UL_00042_" },
					{ "time": 1.5, "name": "XCGJgj_UL_00045_" },
					{ "time": 1.6, "name": "XCGJgj_UL_00048_" },
					{ "time": 1.7, "name": "XCGJgj_UL_00051_" },
					{ "time": 1.8, "name": "XCGJgj_UL_00054_" },
					{ "time": 1.9, "name": "XCGJgj_UL_00057_" },
					{ "time": 2, "name": "XCGJgj_UL_00060_" },
					{ "time": 2.1, "name": "XCGJgj_UL_00063_" },
					{ "time": 2.2, "name": "XCGJgj_UL_00064_" },
					{ "time": 2.3, "name": "XCGJgj_UL_00065_" }
				]
			},
			"XCGJgj_UR_": {
				"attachment": [
					{ "time": 0, "name": "XCGJgj_UR_00000_" },
					{ "time": 0.1, "name": "XCGJgj_UR_00003_" },
					{ "time": 0.2, "name": "XCGJgj_UR_00006_" },
					{ "time": 0.3, "name": "XCGJgj_UR_00009_" },
					{ "time": 0.4, "name": "XCGJgj_UR_00012_" },
					{ "time": 0.5, "name": "XCGJgj_UR_00015_" },
					{ "time": 0.6, "name": "XCGJgj_UR_00018_" },
					{ "time": 0.7, "name": "XCGJgj_UR_00021_" },
					{ "time": 0.8, "name": "XCGJgj_UR_00024_" },
					{ "time": 0.9, "name": "XCGJgj_UR_00027_" },
					{ "time": 1, "name": "XCGJgj_UR_00030_" },
					{ "time": 1.1, "name": "XCGJgj_UR_00033_" },
					{ "time": 1.2, "name": "XCGJgj_UR_00036_" },
					{ "time": 1.3, "name": "XCGJgj_UR_00039_" },
					{ "time": 1.4, "name": "XCGJgj_UR_00042_" },
					{ "time": 1.5, "name": "XCGJgj_UR_00045_" },
					{ "time": 1.6, "name": "XCGJgj_UR_00048_" },
					{ "time": 1.7, "name": "XCGJgj_UR_00051_" },
					{ "time": 1.8, "name": "XCGJgj_UR_00054_" },
					{ "time": 1.9, "name": "XCGJgj_UR_00057_" },
					{ "time": 2, "name": "XCGJgj_UR_00060_" },
					{ "time": 2.1, "name": "XCGJgj_UR_00063_" },
					{ "time": 2.2, "name": "XCGJgj_UR_00064_" },
					{ "time": 2.3, "name": "XCGJgj_UR_00065_" }
				]
			}
		},
		"bones": {
			"ctr": {
				"translate": [
					{ "time": 0, "x": 0, "y": 0 }
				]
			}
		}
	}
}
}