{
"skeleton": { "hash": "5jSzuVL41GUIeQ7tfltcxVL7XkI", "spine": "3.4.02", "width": 86, "height": 83 },
"bones": [
	{ "name": "root" },
	{ "name": "bone", "parent": "root", "x": 18.25, "y": 8.19 },
	{ "name": "yuanzheng07_", "parent": "root", "length": 89.41, "rotation": -133.25, "x": 37.81, "y": 41.95 },
	{ "name": "yuanzheng08_", "parent": "root", "length": 91.3, "rotation": -46.83, "x": -26.71, "y": 45.21 }
],
"slots": [
	{ "name": "yuanzheng08_", "bone": "yuanzheng08_", "attachment": "yuanzheng08_" },
	{ "name": "yuanzheng07_", "bone": "yuanzheng07_", "attachment": "yuanzheng07_" },
	{ "name": "yuanzheng06_", "bone": "bone", "attachment": "yuanzheng06_" },
	{ "name": "yuanzheng05_", "bone": "bone", "attachment": "yuanzheng01_" },
	{ "name": "1", "bone": "bone", "attachment": "yuanzheng05_" }
],
"skins": {
	"default": {
		"1": {
			"yuanzheng02_": { "x": -13.3, "y": 1.21, "width": 58, "height": 28 },
			"yuanzheng03_": { "x": -13.3, "y": 1.21, "width": 58, "height": 28 },
			"yuanzheng04_": { "x": -13.3, "y": 1.21, "width": 58, "height": 28 },
			"yuanzheng05_": { "x": -13.3, "y": 1.21, "width": 58, "height": 28 }
		},
		"yuanzheng05_": {
			"yuanzheng01_": { "x": -13.3, "y": -0.28, "width": 58, "height": 31 }
		},
		"yuanzheng06_": {
			"yuanzheng06_": { "x": -12.8, "y": -6.78, "width": 77, "height": 70 }
		},
		"yuanzheng07_": {
			"yuanzheng07_": { "x": 38.58, "y": 2.84, "rotation": 133.25, "width": 79, "height": 75 }
		},
		"yuanzheng08_": {
			"yuanzheng08_": { "x": 44.58, "y": -1.14, "rotation": 46.83, "width": 72, "height": 75 }
		}
	}
},
"animations": {
	"animation": {
		"slots": {
			"1": {
				"attachment": [
					{ "time": 0, "name": null },
					{ "time": 0.3333, "name": null },
					{ "time": 0.5, "name": "yuanzheng02_" },
					{ "time": 0.6666, "name": "yuanzheng03_" },
					{ "time": 0.8333, "name": "yuanzheng04_" },
					{ "time": 1, "name": "yuanzheng05_" },
					{ "time": 1.1666, "name": "yuanzheng02_" },
					{ "time": 1.3333, "name": "yuanzheng03_" },
					{ "time": 1.5, "name": "yuanzheng04_" },
					{ "time": 1.6666, "name": "yuanzheng05_" },
					{ "time": 1.8333, "name": "yuanzheng02_" },
					{ "time": 2, "name": "yuanzheng03_" },
					{ "time": 2.1666, "name": "yuanzheng04_" },
					{ "time": 2.3333, "name": "yuanzheng05_" },
					{ "time": 2.5, "name": null },
					{ "time": 4, "name": null }
				]
			},
			"yuanzheng05_": {
				"attachment": [
					{ "time": 0, "name": "yuanzheng01_" },
					{ "time": 4, "name": "yuanzheng01_" }
				]
			},
			"yuanzheng06_": {
				"attachment": [
					{ "time": 0, "name": "yuanzheng06_" },
					{ "time": 4, "name": "yuanzheng06_" }
				]
			},
			"yuanzheng07_": {
				"attachment": [
					{ "time": 0, "name": "yuanzheng07_" },
					{ "time": 4, "name": "yuanzheng07_" }
				]
			},
			"yuanzheng08_": {
				"attachment": [
					{ "time": 0, "name": "yuanzheng08_" },
					{ "time": 4, "name": "yuanzheng08_" }
				]
			}
		},
		"bones": {
			"yuanzheng08_": {
				"rotate": [
					{ "time": 0, "angle": 0, "curve": "stepped" },
					{ "time": 0.1, "angle": 0, "curve": "stepped" },
					{ "time": 0.2, "angle": 0, "curve": "stepped" },
					{ "time": 2.5, "angle": 0, "curve": "stepped" },
					{ "time": 4, "angle": 0 }
				],
				"translate": [
					{ "time": 0, "x": -20.97, "y": 20.97, "curve": "stepped" },
					{ "time": 0.1, "x": -20.97, "y": 20.97 },
					{ "time": 0.2, "x": -0.36, "y": 1.1, "curve": "stepped" },
					{ "time": 2.5, "x": -0.36, "y": 1.1, "curve": "stepped" },
					{ "time": 4, "x": -0.36, "y": 1.1 }
				],
				"scale": [
					{ "time": 0, "x": 1, "y": 1, "curve": "stepped" },
					{ "time": 0.1, "x": 1, "y": 1, "curve": "stepped" },
					{ "time": 0.2, "x": 1, "y": 1, "curve": "stepped" },
					{ "time": 2.5, "x": 1, "y": 1, "curve": "stepped" },
					{ "time": 4, "x": 1, "y": 1 }
				]
			},
			"yuanzheng07_": {
				"rotate": [
					{ "time": 0, "angle": 0, "curve": "stepped" },
					{ "time": 0.1, "angle": 0, "curve": "stepped" },
					{ "time": 0.2, "angle": 0, "curve": "stepped" },
					{ "time": 2.5, "angle": 0, "curve": "stepped" },
					{ "time": 4, "angle": 0 }
				],
				"translate": [
					{ "time": 0, "x": 20.97, "y": 23.55 },
					{ "time": 0.1, "x": -1.87, "y": 1.54 },
					{ "time": 0.2, "x": -1.91, "y": 1.44, "curve": "stepped" },
					{ "time": 2.5, "x": -1.91, "y": 1.44, "curve": "stepped" },
					{ "time": 4, "x": -1.91, "y": 1.44 }
				],
				"scale": [
					{ "time": 0, "x": 1, "y": 1, "curve": "stepped" },
					{ "time": 0.1, "x": 1, "y": 1, "curve": "stepped" },
					{ "time": 0.2, "x": 1, "y": 1, "curve": "stepped" },
					{ "time": 2.5, "x": 1, "y": 1, "curve": "stepped" },
					{ "time": 4, "x": 1, "y": 1 }
				]
			},
			"bone": {
				"rotate": [
					{ "time": 0, "angle": 0, "curve": "stepped" },
					{ "time": 0.3333, "angle": 0, "curve": "stepped" },
					{ "time": 4, "angle": 0 }
				],
				"translate": [
					{ "time": 0, "x": 0, "y": 0, "curve": "stepped" },
					{ "time": 0.3333, "x": 0, "y": 0, "curve": "stepped" },
					{ "time": 4, "x": 0, "y": 0 }
				],
				"scale": [
					{ "time": 0, "x": 1, "y": 1, "curve": "stepped" },
					{ "time": 0.3333, "x": 1, "y": 1, "curve": "stepped" },
					{ "time": 4, "x": 1, "y": 1 }
				]
			},
			"root": {
				"rotate": [
					{ "time": 0, "angle": 0, "curve": "stepped" },
					{ "time": 2.5, "angle": 0, "curve": "stepped" },
					{ "time": 4, "angle": 0 }
				],
				"translate": [
					{ "time": 0, "x": 0, "y": 0, "curve": "stepped" },
					{ "time": 2.5, "x": 0, "y": 0, "curve": "stepped" },
					{ "time": 4, "x": 0, "y": 0 }
				],
				"scale": [
					{ "time": 0, "x": 1, "y": 1, "curve": "stepped" },
					{ "time": 2.5, "x": 1, "y": 1, "curve": "stepped" },
					{ "time": 4, "x": 1, "y": 1 }
				]
			}
		}
	}
}
}