{
"skeleton": { "hash": "mARrmp5do3OO4ZOKb+UX3SkU6zM", "spine": "3.7.94", "width": 0, "height": 0, "images": "./images/", "audio": "F:/COK项目/Spine工程/外包皮肤—2个颜色水螳螂Spine/水螳螂—青色/待机休闲青色_group/stl_idle_cyan_B" },
"bones": [
	{ "name": "root" },
	{ "name": "ctr", "parent": "root", "scaleX": 1.25, "scaleY": 1.25 },
	{ "name": "stlidlecyan_UL_", "parent": "ctr" },
	{ "name": "stlidlecyan_UR_", "parent": "ctr" },
	{ "name": "stlidlecyan_DL_", "parent": "ctr" },
	{ "name": "stlidlecyan_DR_", "parent": "ctr" }
],
"slots": [
	{ "name": "stlidlecyan_UL_", "bone": "stlidlecyan_UL_" },
	{ "name": "stlidlecyan_UR_", "bone": "stlidlecyan_UR_" },
	{ "name": "stlidlecyan_DL_", "bone": "stlidlecyan_DL_" },
	{ "name": "stlidlecyan_DR_", "bone": "stlidlecyan_DR_" }
],
"skins": {
	"default": {
		"stlidlecyan_DL_": {
			"stlidlecyan_DL_0072_": { "x": -195.5, "y": -240, "width": 391, "height": 480 },
			"stlidlecyan_DL_0075_": { "x": -195.5, "y": -240, "width": 391, "height": 480 },
			"stlidlecyan_DL_0078_": { "x": -195.5, "y": -240, "width": 391, "height": 480 },
			"stlidlecyan_DL_0081_": { "x": -195.5, "y": -240, "width": 391, "height": 480 },
			"stlidlecyan_DL_0084_": { "x": -195.5, "y": -240, "width": 391, "height": 480 },
			"stlidlecyan_DL_0087_": { "x": -195.5, "y": -240, "width": 391, "height": 480 },
			"stlidlecyan_DL_0090_": { "x": -195.5, "y": -240, "width": 391, "height": 480 },
			"stlidlecyan_DL_0093_": { "x": -195.5, "y": -240, "width": 391, "height": 480 },
			"stlidlecyan_DL_0096_": { "x": -195.5, "y": -240, "width": 391, "height": 480 },
			"stlidlecyan_DL_0099_": { "x": -195.5, "y": -240, "width": 391, "height": 480 },
			"stlidlecyan_DL_0102_": { "x": -195.5, "y": -240, "width": 391, "height": 480 },
			"stlidlecyan_DL_0105_": { "x": -195.5, "y": -240, "width": 391, "height": 480 },
			"stlidlecyan_DL_0108_": { "x": -195.5, "y": -240, "width": 391, "height": 480 },
			"stlidlecyan_DL_0111_": { "x": -195.5, "y": -240, "width": 391, "height": 480 },
			"stlidlecyan_DL_0114_": { "x": -195.5, "y": -240, "width": 391, "height": 480 },
			"stlidlecyan_DL_0117_": { "x": -195.5, "y": -240, "width": 391, "height": 480 },
			"stlidlecyan_DL_0120_": { "x": -195.5, "y": -240, "width": 391, "height": 480 },
			"stlidlecyan_DL_0123_": { "x": -195.5, "y": -240, "width": 391, "height": 480 },
			"stlidlecyan_DL_0126_": { "x": -195.5, "y": -240, "width": 391, "height": 480 },
			"stlidlecyan_DL_0129_": { "x": -195.5, "y": -240, "width": 391, "height": 480 },
			"stlidlecyan_DL_0132_": { "x": -195.5, "y": -240, "width": 391, "height": 480 },
			"stlidlecyan_DL_0135_": { "x": -195.5, "y": -240, "width": 391, "height": 480 },
			"stlidlecyan_DL_0138_": { "x": -195.5, "y": -240, "width": 391, "height": 480 },
			"stlidlecyan_DL_0141_": { "x": -195.5, "y": -240, "width": 391, "height": 480 },
			"stlidlecyan_DL_0144_": { "x": -195.5, "y": -240, "width": 391, "height": 480 },
			"stlidlecyan_DL_0147_": { "x": -195.5, "y": -240, "width": 391, "height": 480 },
			"stlidlecyan_DL_0150_": { "x": -195.5, "y": -240, "width": 391, "height": 480 },
			"stlidlecyan_DL_0151_": { "x": -195.5, "y": -240, "width": 391, "height": 480 }
		},
		"stlidlecyan_DR_": {
			"stlidlecyan_DR_0072_": { "x": 236.5, "y": -240, "width": 473, "height": 480 },
			"stlidlecyan_DR_0075_": { "x": 236.5, "y": -240, "width": 473, "height": 480 },
			"stlidlecyan_DR_0078_": { "x": 236.5, "y": -240, "width": 473, "height": 480 },
			"stlidlecyan_DR_0081_": { "x": 236.5, "y": -240, "width": 473, "height": 480 },
			"stlidlecyan_DR_0084_": { "x": 236.5, "y": -240, "width": 473, "height": 480 },
			"stlidlecyan_DR_0087_": { "x": 236.5, "y": -240, "width": 473, "height": 480 },
			"stlidlecyan_DR_0090_": { "x": 236.5, "y": -240, "width": 473, "height": 480 },
			"stlidlecyan_DR_0093_": { "x": 236.5, "y": -240, "width": 473, "height": 480 },
			"stlidlecyan_DR_0096_": { "x": 236.5, "y": -240, "width": 473, "height": 480 },
			"stlidlecyan_DR_0099_": { "x": 236.5, "y": -240, "width": 473, "height": 480 },
			"stlidlecyan_DR_0102_": { "x": 236.5, "y": -240, "width": 473, "height": 480 },
			"stlidlecyan_DR_0105_": { "x": 236.5, "y": -240, "width": 473, "height": 480 },
			"stlidlecyan_DR_0108_": { "x": 236.5, "y": -240, "width": 473, "height": 480 },
			"stlidlecyan_DR_0111_": { "x": 236.5, "y": -240, "width": 473, "height": 480 },
			"stlidlecyan_DR_0114_": { "x": 236.5, "y": -240, "width": 473, "height": 480 },
			"stlidlecyan_DR_0117_": { "x": 236.5, "y": -240, "width": 473, "height": 480 },
			"stlidlecyan_DR_0120_": { "x": 236.5, "y": -240, "width": 473, "height": 480 },
			"stlidlecyan_DR_0123_": { "x": 236.5, "y": -240, "width": 473, "height": 480 },
			"stlidlecyan_DR_0126_": { "x": 236.5, "y": -240, "width": 473, "height": 480 },
			"stlidlecyan_DR_0129_": { "x": 236.5, "y": -240, "width": 473, "height": 480 },
			"stlidlecyan_DR_0132_": { "x": 236.5, "y": -240, "width": 473, "height": 480 },
			"stlidlecyan_DR_0135_": { "x": 236.5, "y": -240, "width": 473, "height": 480 },
			"stlidlecyan_DR_0138_": { "x": 236.5, "y": -240, "width": 473, "height": 480 },
			"stlidlecyan_DR_0141_": { "x": 236.5, "y": -240, "width": 473, "height": 480 },
			"stlidlecyan_DR_0144_": { "x": 236.5, "y": -240, "width": 473, "height": 480 },
			"stlidlecyan_DR_0147_": { "x": 236.5, "y": -240, "width": 473, "height": 480 },
			"stlidlecyan_DR_0150_": { "x": 236.5, "y": -240, "width": 473, "height": 480 },
			"stlidlecyan_DR_0151_": { "x": 236.5, "y": -240, "width": 473, "height": 480 }
		},
		"stlidlecyan_UL_": {
			"stlidlecyan_UL_0072_": { "x": -195.5, "y": 192, "width": 391, "height": 384 },
			"stlidlecyan_UL_0075_": { "x": -195.5, "y": 192, "width": 391, "height": 384 },
			"stlidlecyan_UL_0078_": { "x": -195.5, "y": 192, "width": 391, "height": 384 },
			"stlidlecyan_UL_0081_": { "x": -195.5, "y": 192, "width": 391, "height": 384 },
			"stlidlecyan_UL_0084_": { "x": -195.5, "y": 192, "width": 391, "height": 384 },
			"stlidlecyan_UL_0087_": { "x": -195.5, "y": 192, "width": 391, "height": 384 },
			"stlidlecyan_UL_0090_": { "x": -195.5, "y": 192, "width": 391, "height": 384 },
			"stlidlecyan_UL_0093_": { "x": -195.5, "y": 192, "width": 391, "height": 384 },
			"stlidlecyan_UL_0096_": { "x": -195.5, "y": 192, "width": 391, "height": 384 },
			"stlidlecyan_UL_0099_": { "x": -195.5, "y": 192, "width": 391, "height": 384 },
			"stlidlecyan_UL_0102_": { "x": -195.5, "y": 192, "width": 391, "height": 384 },
			"stlidlecyan_UL_0105_": { "x": -195.5, "y": 192, "width": 391, "height": 384 },
			"stlidlecyan_UL_0108_": { "x": -195.5, "y": 192, "width": 391, "height": 384 },
			"stlidlecyan_UL_0111_": { "x": -195.5, "y": 192, "width": 391, "height": 384 },
			"stlidlecyan_UL_0114_": { "x": -195.5, "y": 192, "width": 391, "height": 384 },
			"stlidlecyan_UL_0117_": { "x": -195.5, "y": 192, "width": 391, "height": 384 },
			"stlidlecyan_UL_0120_": { "x": -195.5, "y": 192, "width": 391, "height": 384 },
			"stlidlecyan_UL_0123_": { "x": -195.5, "y": 192, "width": 391, "height": 384 },
			"stlidlecyan_UL_0126_": { "x": -195.5, "y": 192, "width": 391, "height": 384 },
			"stlidlecyan_UL_0129_": { "x": -195.5, "y": 192, "width": 391, "height": 384 },
			"stlidlecyan_UL_0132_": { "x": -195.5, "y": 192, "width": 391, "height": 384 },
			"stlidlecyan_UL_0135_": { "x": -195.5, "y": 192, "width": 391, "height": 384 },
			"stlidlecyan_UL_0138_": { "x": -195.5, "y": 192, "width": 391, "height": 384 },
			"stlidlecyan_UL_0141_": { "x": -195.5, "y": 192, "width": 391, "height": 384 },
			"stlidlecyan_UL_0144_": { "x": -195.5, "y": 192, "width": 391, "height": 384 },
			"stlidlecyan_UL_0147_": { "x": -195.5, "y": 192, "width": 391, "height": 384 },
			"stlidlecyan_UL_0150_": { "x": -195.5, "y": 192, "width": 391, "height": 384 },
			"stlidlecyan_UL_0151_": { "x": -195.5, "y": 192, "width": 391, "height": 384 }
		},
		"stlidlecyan_UR_": {
			"stlidlecyan_UR_0072_": { "x": 236.5, "y": 192, "width": 473, "height": 384 },
			"stlidlecyan_UR_0075_": { "x": 236.5, "y": 192, "width": 473, "height": 384 },
			"stlidlecyan_UR_0078_": { "x": 236.5, "y": 192, "width": 473, "height": 384 },
			"stlidlecyan_UR_0081_": { "x": 236.5, "y": 192, "width": 473, "height": 384 },
			"stlidlecyan_UR_0084_": { "x": 236.5, "y": 192, "width": 473, "height": 384 },
			"stlidlecyan_UR_0087_": { "x": 236.5, "y": 192, "width": 473, "height": 384 },
			"stlidlecyan_UR_0090_": { "x": 236.5, "y": 192, "width": 473, "height": 384 },
			"stlidlecyan_UR_0093_": { "x": 236.5, "y": 192, "width": 473, "height": 384 },
			"stlidlecyan_UR_0096_": { "x": 236.5, "y": 192, "width": 473, "height": 384 },
			"stlidlecyan_UR_0099_": { "x": 236.5, "y": 192, "width": 473, "height": 384 },
			"stlidlecyan_UR_0102_": { "x": 236.5, "y": 192, "width": 473, "height": 384 },
			"stlidlecyan_UR_0105_": { "x": 236.5, "y": 192, "width": 473, "height": 384 },
			"stlidlecyan_UR_0108_": { "x": 236.5, "y": 192, "width": 473, "height": 384 },
			"stlidlecyan_UR_0111_": { "x": 236.5, "y": 192, "width": 473, "height": 384 },
			"stlidlecyan_UR_0114_": { "x": 236.5, "y": 192, "width": 473, "height": 384 },
			"stlidlecyan_UR_0117_": { "x": 236.5, "y": 192, "width": 473, "height": 384 },
			"stlidlecyan_UR_0120_": { "x": 236.5, "y": 192, "width": 473, "height": 384 },
			"stlidlecyan_UR_0123_": { "x": 236.5, "y": 192, "width": 473, "height": 384 },
			"stlidlecyan_UR_0126_": { "x": 236.5, "y": 192, "width": 473, "height": 384 },
			"stlidlecyan_UR_0129_": { "x": 236.5, "y": 192, "width": 473, "height": 384 },
			"stlidlecyan_UR_0132_": { "x": 236.5, "y": 192, "width": 473, "height": 384 },
			"stlidlecyan_UR_0135_": { "x": 236.5, "y": 192, "width": 473, "height": 384 },
			"stlidlecyan_UR_0138_": { "x": 236.5, "y": 192, "width": 473, "height": 384 },
			"stlidlecyan_UR_0141_": { "x": 236.5, "y": 192, "width": 473, "height": 384 },
			"stlidlecyan_UR_0144_": { "x": 236.5, "y": 192, "width": 473, "height": 384 },
			"stlidlecyan_UR_0147_": { "x": 236.5, "y": 192, "width": 473, "height": 384 },
			"stlidlecyan_UR_0150_": { "x": 236.5, "y": 192, "width": 473, "height": 384 },
			"stlidlecyan_UR_0151_": { "x": 236.5, "y": 192, "width": 473, "height": 384 }
		}
	}
},
"animations": {
	"animation": {
		"slots": {
			"stlidlecyan_DL_": {
				"attachment": [
					{ "time": 2.4, "name": "stlidlecyan_DL_0072_" },
					{ "time": 2.5, "name": "stlidlecyan_DL_0075_" },
					{ "time": 2.6, "name": "stlidlecyan_DL_0078_" },
					{ "time": 2.7, "name": "stlidlecyan_DL_0081_" },
					{ "time": 2.8, "name": "stlidlecyan_DL_0084_" },
					{ "time": 2.9, "name": "stlidlecyan_DL_0087_" },
					{ "time": 3, "name": "stlidlecyan_DL_0090_" },
					{ "time": 3.1, "name": "stlidlecyan_DL_0093_" },
					{ "time": 3.2, "name": "stlidlecyan_DL_0096_" },
					{ "time": 3.3, "name": "stlidlecyan_DL_0099_" },
					{ "time": 3.4, "name": "stlidlecyan_DL_0102_" },
					{ "time": 3.5, "name": "stlidlecyan_DL_0105_" },
					{ "time": 3.6, "name": "stlidlecyan_DL_0108_" },
					{ "time": 3.7, "name": "stlidlecyan_DL_0111_" },
					{ "time": 3.8, "name": "stlidlecyan_DL_0114_" },
					{ "time": 3.9, "name": "stlidlecyan_DL_0117_" },
					{ "time": 4, "name": "stlidlecyan_DL_0120_" },
					{ "time": 4.1, "name": "stlidlecyan_DL_0123_" },
					{ "time": 4.2, "name": "stlidlecyan_DL_0126_" },
					{ "time": 4.3, "name": "stlidlecyan_DL_0129_" },
					{ "time": 4.4, "name": "stlidlecyan_DL_0132_" },
					{ "time": 4.5, "name": "stlidlecyan_DL_0135_" },
					{ "time": 4.6, "name": "stlidlecyan_DL_0138_" },
					{ "time": 4.7, "name": "stlidlecyan_DL_0141_" },
					{ "time": 4.8, "name": "stlidlecyan_DL_0144_" },
					{ "time": 4.9, "name": "stlidlecyan_DL_0147_" },
					{ "time": 5, "name": "stlidlecyan_DL_0150_" },
					{ "time": 5.1, "name": "stlidlecyan_DL_0151_" }
				]
			},
			"stlidlecyan_DR_": {
				"attachment": [
					{ "time": 2.4, "name": "stlidlecyan_DR_0072_" },
					{ "time": 2.5, "name": "stlidlecyan_DR_0075_" },
					{ "time": 2.6, "name": "stlidlecyan_DR_0078_" },
					{ "time": 2.7, "name": "stlidlecyan_DR_0081_" },
					{ "time": 2.8, "name": "stlidlecyan_DR_0084_" },
					{ "time": 2.9, "name": "stlidlecyan_DR_0087_" },
					{ "time": 3, "name": "stlidlecyan_DR_0090_" },
					{ "time": 3.1, "name": "stlidlecyan_DR_0093_" },
					{ "time": 3.2, "name": "stlidlecyan_DR_0096_" },
					{ "time": 3.3, "name": "stlidlecyan_DR_0099_" },
					{ "time": 3.4, "name": "stlidlecyan_DR_0102_" },
					{ "time": 3.5, "name": "stlidlecyan_DR_0105_" },
					{ "time": 3.6, "name": "stlidlecyan_DR_0108_" },
					{ "time": 3.7, "name": "stlidlecyan_DR_0111_" },
					{ "time": 3.8, "name": "stlidlecyan_DR_0114_" },
					{ "time": 3.9, "name": "stlidlecyan_DR_0117_" },
					{ "time": 4, "name": "stlidlecyan_DR_0120_" },
					{ "time": 4.1, "name": "stlidlecyan_DR_0123_" },
					{ "time": 4.2, "name": "stlidlecyan_DR_0126_" },
					{ "time": 4.3, "name": "stlidlecyan_DR_0129_" },
					{ "time": 4.4, "name": "stlidlecyan_DR_0132_" },
					{ "time": 4.5, "name": "stlidlecyan_DR_0135_" },
					{ "time": 4.6, "name": "stlidlecyan_DR_0138_" },
					{ "time": 4.7, "name": "stlidlecyan_DR_0141_" },
					{ "time": 4.8, "name": "stlidlecyan_DR_0144_" },
					{ "time": 4.9, "name": "stlidlecyan_DR_0147_" },
					{ "time": 5, "name": "stlidlecyan_DR_0150_" },
					{ "time": 5.1, "name": "stlidlecyan_DR_0151_" }
				]
			},
			"stlidlecyan_UL_": {
				"attachment": [
					{ "time": 2.4, "name": "stlidlecyan_UL_0072_" },
					{ "time": 2.5, "name": "stlidlecyan_UL_0075_" },
					{ "time": 2.6, "name": "stlidlecyan_UL_0078_" },
					{ "time": 2.7, "name": "stlidlecyan_UL_0081_" },
					{ "time": 2.8, "name": "stlidlecyan_UL_0084_" },
					{ "time": 2.9, "name": "stlidlecyan_UL_0087_" },
					{ "time": 3, "name": "stlidlecyan_UL_0090_" },
					{ "time": 3.1, "name": "stlidlecyan_UL_0093_" },
					{ "time": 3.2, "name": "stlidlecyan_UL_0096_" },
					{ "time": 3.3, "name": "stlidlecyan_UL_0099_" },
					{ "time": 3.4, "name": "stlidlecyan_UL_0102_" },
					{ "time": 3.5, "name": "stlidlecyan_UL_0105_" },
					{ "time": 3.6, "name": "stlidlecyan_UL_0108_" },
					{ "time": 3.7, "name": "stlidlecyan_UL_0111_" },
					{ "time": 3.8, "name": "stlidlecyan_UL_0114_" },
					{ "time": 3.9, "name": "stlidlecyan_UL_0117_" },
					{ "time": 4, "name": "stlidlecyan_UL_0120_" },
					{ "time": 4.1, "name": "stlidlecyan_UL_0123_" },
					{ "time": 4.2, "name": "stlidlecyan_UL_0126_" },
					{ "time": 4.3, "name": "stlidlecyan_UL_0129_" },
					{ "time": 4.4, "name": "stlidlecyan_UL_0132_" },
					{ "time": 4.5, "name": "stlidlecyan_UL_0135_" },
					{ "time": 4.6, "name": "stlidlecyan_UL_0138_" },
					{ "time": 4.7, "name": "stlidlecyan_UL_0141_" },
					{ "time": 4.8, "name": "stlidlecyan_UL_0144_" },
					{ "time": 4.9, "name": "stlidlecyan_UL_0147_" },
					{ "time": 5, "name": "stlidlecyan_UL_0150_" },
					{ "time": 5.1, "name": "stlidlecyan_UL_0151_" }
				]
			},
			"stlidlecyan_UR_": {
				"attachment": [
					{ "time": 2.4, "name": "stlidlecyan_UR_0072_" },
					{ "time": 2.5, "name": "stlidlecyan_UR_0075_" },
					{ "time": 2.6, "name": "stlidlecyan_UR_0078_" },
					{ "time": 2.7, "name": "stlidlecyan_UR_0081_" },
					{ "time": 2.8, "name": "stlidlecyan_UR_0084_" },
					{ "time": 2.9, "name": "stlidlecyan_UR_0087_" },
					{ "time": 3, "name": "stlidlecyan_UR_0090_" },
					{ "time": 3.1, "name": "stlidlecyan_UR_0093_" },
					{ "time": 3.2, "name": "stlidlecyan_UR_0096_" },
					{ "time": 3.3, "name": "stlidlecyan_UR_0099_" },
					{ "time": 3.4, "name": "stlidlecyan_UR_0102_" },
					{ "time": 3.5, "name": "stlidlecyan_UR_0105_" },
					{ "time": 3.6, "name": "stlidlecyan_UR_0108_" },
					{ "time": 3.7, "name": "stlidlecyan_UR_0111_" },
					{ "time": 3.8, "name": "stlidlecyan_UR_0114_" },
					{ "time": 3.9, "name": "stlidlecyan_UR_0117_" },
					{ "time": 4, "name": "stlidlecyan_UR_0120_" },
					{ "time": 4.1, "name": "stlidlecyan_UR_0123_" },
					{ "time": 4.2, "name": "stlidlecyan_UR_0126_" },
					{ "time": 4.3, "name": "stlidlecyan_UR_0129_" },
					{ "time": 4.4, "name": "stlidlecyan_UR_0132_" },
					{ "time": 4.5, "name": "stlidlecyan_UR_0135_" },
					{ "time": 4.6, "name": "stlidlecyan_UR_0138_" },
					{ "time": 4.7, "name": "stlidlecyan_UR_0141_" },
					{ "time": 4.8, "name": "stlidlecyan_UR_0144_" },
					{ "time": 4.9, "name": "stlidlecyan_UR_0147_" },
					{ "time": 5, "name": "stlidlecyan_UR_0150_" },
					{ "time": 5.1, "name": "stlidlecyan_UR_0151_" }
				]
			}
		},
		"bones": {
			"ctr": {
				"translate": [
					{ "time": 0, "x": -30, "y": 130 }
				]
			}
		}
	}
}
}