{
"skeleton": { "hash": "0A1xJXcBYdgvc2Z3HCgcR4Lv8UQ", "spine": "2.1.27", "width": 384, "height": 549.02 },
"bones": [
	{ "name": "root" },
	{ "name": "bone", "parent": "root", "x": -7.47, "y": 122.63 },
	{ "name": "liusu01", "parent": "bone", "length": 17.11, "x": 57.94, "y": -1.62, "rotation": -71.29 },
	{ "name": "liusu02", "parent": "bone", "length": 23.97, "x": -7.17, "y": -0.65, "rotation": -90 },
	{ "name": "shenti", "parent": "bone", "length": 77.97, "y": 1.83, "rotation": 89.23 },
	{ "name": "shenti6", "parent": "bone", "length": 42.63, "x": 28.56, "y": -5.49, "rotation": -75.85 },
	{ "name": "tui", "parent": "bone", "length": 122.46, "x": -27.3, "y": -0.45, "rotation": -95.84 },
	{ "name": "hudiejie01", "parent": "shenti", "length": 39.11, "x": 71.99, "y": 45.15, "rotation": 135.76 },
	{ "name": "hudiejie02", "parent": "shenti", "length": 45.15, "x": 72.93, "y": 43.78, "rotation": 40.53 },
	{ "name": "liusu1", "parent": "liusu01", "length": 24.6, "x": 17.11, "y": 0.01, "rotation": -5.39 },
	{ "name": "liusu2", "parent": "liusu02", "length": 25.94, "x": 24.29, "y": -0.64, "rotation": 8.94 },
	{ "name": "shangliusu01", "parent": "shenti", "length": 18.76, "x": 71.18, "y": 37.3, "rotation": -151.67 },
	{ "name": "shangliusu02", "parent": "shenti", "length": 21.9, "x": 63.74, "y": 41.81, "rotation": 172.71 },
	{ "name": "shenti2", "parent": "shenti", "length": 147.86, "x": 77.97, "y": 0.03, "rotation": 4.46 },
	{ "name": "shenti7", "parent": "shenti6", "length": 48.18, "x": 40.87, "y": 0.06, "rotation": -0.45 },
	{ "name": "liusu3", "parent": "liusu2", "length": 35.96, "x": 24.88, "y": -0.31, "rotation": 1.8 },
	{ "name": "liusu4", "parent": "liusu1", "length": 39.13, "x": 23.26, "y": -0.17, "rotation": 0.9 },
	{ "name": "shangliusu1", "parent": "shangliusu01", "length": 29.56, "x": 17.54, "y": 0.72, "rotation": -16.65 },
	{ "name": "shangliusu2", "parent": "shangliusu02", "length": 33.3, "x": 19.95, "y": 0.49, "rotation": 3.17 },
	{ "name": "shenti3", "parent": "shenti2", "length": 45.22, "x": 147.56, "y": -0.22, "rotation": -0.54 },
	{ "name": "shenti4", "parent": "shenti2", "length": 56.38, "x": 145.1, "y": -3.17, "rotation": -84.69 },
	{ "name": "shenti5", "parent": "shenti2", "length": 64.16, "x": 144.02, "y": 13.9, "rotation": 85.4 },
	{ "name": "shenti8", "parent": "shenti7", "length": 49.14, "x": 44.25, "y": 0.14, "rotation": 1.35 },
	{ "name": "shenti9", "parent": "shenti2", "x": 89.58, "y": 0.47, "rotation": -0.54 },
	{ "name": "shangliusu3", "parent": "shangliusu2", "length": 45.29, "x": 31.04, "y": -0.59, "rotation": 0.45 },
	{ "name": "shangliusu4", "parent": "shangliusu1", "length": 36.42, "x": 30.19, "y": 0.76, "rotation": -9.82 },
	{ "name": "tou", "parent": "shenti3", "length": 101.7, "x": 45.04, "y": 0.28, "rotation": -15.82 },
	{ "name": "youshou", "parent": "shenti5", "length": 143.59, "x": 64.75, "y": 1, "rotation": 90 },
	{ "name": "zuoshangbi", "parent": "shenti4", "length": 139.87, "x": 59.76, "y": -3, "rotation": -61.83 },
	{ "name": "houfa", "parent": "tou", "length": 29.97, "x": 15.43, "y": -34.19, "rotation": -178.18 },
	{ "name": "liuhai", "parent": "tou", "length": 21.11, "x": 87.14, "y": -9.78, "rotation": -174.55 },
	{ "name": "maoling01", "parent": "youshou", "length": 19.97, "x": 18.86, "y": -14.78, "rotation": -65.45 },
	{ "name": "maoling1", "parent": "youshou", "length": 18.86, "x": 25.11, "y": -6.61, "rotation": -13.29 },
	{ "name": "shangliusu5", "parent": "shangliusu4", "length": 39.18, "x": 35.03, "y": -0.19 },
	{ "name": "tou2", "parent": "tou", "length": 38.55, "x": 53.85, "y": 42.91, "rotation": 157.73 },
	{ "name": "tou3", "parent": "tou", "length": 21.23, "x": 21.53, "y": 44.52, "rotation": -169.73 },
	{ "name": "youfaji", "parent": "tou", "length": 56.5, "x": 112.4, "y": 13.65, "rotation": 119.2 },
	{ "name": "youqianfa", "parent": "tou", "length": 19.65, "x": 84.09, "y": 0.44, "rotation": 132.63 },
	{ "name": "youshou2", "parent": "youshou", "length": 132.73, "x": 142.37, "y": 0.37, "rotation": -17.48 },
	{ "name": "youshou6", "parent": "youshou", "length": 30.41, "x": 42.07, "y": -31.42, "rotation": 8.13 },
	{ "name": "zuofa01", "parent": "tou", "length": 46.19, "x": 66.83, "y": -42.48, "rotation": -160.89 },
	{ "name": "zuofaji", "parent": "tou", "length": 45.42, "x": 113.61, "y": -25.55, "rotation": -133.37 },
	{ "name": "zuoqianfa", "parent": "tou", "length": 22.15, "x": 56.54, "y": -36.31, "rotation": -167.47 },
	{ "name": "zuoshangbi4", "parent": "zuoshangbi", "length": 32.31, "x": 115.78, "y": -36.63, "rotation": -50.95 },
	{ "name": "zuoxiaobi", "parent": "zuoshangbi", "length": 85.31, "x": 139.18, "y": -0.65, "rotation": -62.41 },
	{ "name": "zuoyiling", "parent": "zuoshangbi", "length": 41.83, "x": 66.19, "y": 26.68, "rotation": 163.75 },
	{ "name": "liuhai2", "parent": "liuhai", "length": 27.56, "x": 20.5, "y": 0.24, "rotation": -3.6 },
	{ "name": "tou4", "parent": "tou3", "length": 33.77, "x": 19.95, "y": -0.46, "rotation": 2.25 },
	{ "name": "youqianfa2", "parent": "youqianfa", "length": 25.16, "x": 17.48, "y": -1.22, "rotation": 26.02 },
	{ "name": "youshou3", "parent": "youshou2", "length": 48.26, "x": 135.79, "y": -3.91, "rotation": -25.28 },
	{ "name": "youshou7", "parent": "youshou2", "length": 24.52, "x": 88.44, "y": -17.3, "rotation": -166.32 },
	{ "name": "youyixiu", "parent": "youshou2", "length": 49.46, "x": 52.51, "y": 24.31, "rotation": 14.98 },
	{ "name": "zuoqianfa2", "parent": "zuoqianfa", "length": 26.46, "x": 20.87, "y": -0.38, "rotation": -3.17 },
	{ "name": "zuoshangbi2", "parent": "zuoxiaobi", "length": 33.93, "x": 5.58, "y": 38.09, "rotation": 31.67 },
	{ "name": "zuoshou", "parent": "zuoxiaobi", "length": 30.13, "x": 84.62, "y": 0.05, "rotation": -108.25 },
	{ "name": "zuoxiaobi2", "parent": "zuoxiaobi", "length": 36.04, "x": 62.7, "y": 37.22, "rotation": 31.93 },
	{ "name": "zuoxiaobi5", "parent": "zuoxiaobi", "length": 27.39, "x": 106.11, "y": -3.34, "rotation": 37.52 },
	{ "name": "youqianfa3", "parent": "youqianfa2", "length": 35.46, "x": 24.46, "y": -0.44, "rotation": 17.89 },
	{ "name": "youshou4", "parent": "youshou3", "length": 28.25, "x": 44.95, "y": -3.31, "rotation": 63.61 },
	{ "name": "youyixiu2", "parent": "youyixiu", "length": 48.62, "x": 44.13, "y": -0.98, "rotation": -0.45 },
	{ "name": "zuoqianfa3", "parent": "zuoqianfa2", "length": 32.44, "x": 26.04, "y": -0.2, "rotation": -0.45 },
	{ "name": "zuoshangbi3", "parent": "zuoshangbi2", "length": 41.86, "x": 31.62, "rotation": -2.26 },
	{ "name": "zuoshou2", "parent": "zuoshou", "length": 22.96, "x": 30.2, "y": -0.32, "rotation": 48.67 },
	{ "name": "zuoxiaobi3", "parent": "zuoxiaobi2", "length": 39.78, "x": 35.07, "y": -0.09, "rotation": -0.46 },
	{ "name": "zuoxiaobi6", "parent": "zuoxiaobi5", "length": 34.78, "x": 26.02, "y": -0.2, "rotation": -1.86 },
	{ "name": "youqianfa4", "parent": "youqianfa3", "length": 32.08, "x": 34.58, "y": -1.53, "rotation": 5.39 },
	{ "name": "youshou5", "parent": "youshou4", "length": 21.84, "x": 27.82, "y": 0.13, "rotation": 12.96 },
	{ "name": "youyixiu3", "parent": "youyixiu2", "length": 58.81, "x": 41.39, "y": 0.09, "rotation": -3.15 },
	{ "name": "zuoqianfa4", "parent": "zuoqianfa3", "length": 40.61, "x": 27.76, "y": -0.31, "rotation": -8.94 },
	{ "name": "zuoshangbi5", "parent": "zuoshangbi3", "length": 43.61, "x": 40.39, "y": -0.34, "rotation": 3.15 },
	{ "name": "zuoshou3", "parent": "zuoshou2", "length": 25.36, "x": 22.95, "y": -0.15, "rotation": 33.54 },
	{ "name": "zuoshou4", "parent": "zuoshou2", "length": 24.68, "x": 19.27, "y": -12.54, "rotation": 3.02 },
	{ "name": "zuoxiaobi4", "parent": "zuoxiaobi3", "length": 46.44, "x": 39.18, "y": 0.22, "rotation": -1.35 },
	{ "name": "zuoxiaobi8", "parent": "zuoxiaobi6", "length": 40.14, "x": 33.32, "y": 0.47, "rotation": 0.72 },
	{ "name": "youqianfa5", "parent": "youqianfa4", "length": 38.48, "x": 30.69, "y": 0.01, "rotation": 4.5 },
	{ "name": "youqianfa7", "parent": "youqianfa4", "length": 33.32, "x": 36.5, "y": 10.85, "rotation": 17.07 },
	{ "name": "zuoxiaobi7", "parent": "zuoxiaobi4", "length": 49.91, "x": 45.87, "y": -0.31, "rotation": -1.35 },
	{ "name": "zuoxiaobi9", "parent": "zuoxiaobi8", "length": 52.15, "x": 38.58, "y": -0.2, "rotation": -10.63 },
	{ "name": "youqianfa6", "parent": "youqianfa5", "length": 32.15, "x": 36.61, "y": 0.29, "rotation": 39.31 }
],
"slots": [
	{ "name": "youyixiu_", "bone": "youyixiu3", "attachment": "youyixiu_" },
	{ "name": "youshou_", "bone": "youshou7", "attachment": "youshou_" },
	{ "name": "maoling01_", "bone": "maoling1", "attachment": "maoling01_" },
	{ "name": "houfa_", "bone": "houfa", "attachment": "houfa_" },
	{ "name": "zuoyiling_", "bone": "zuoyiling", "attachment": "zuoyiling_" },
	{ "name": "tui_", "bone": "tui", "attachment": "tui_" },
	{ "name": "shenti_", "bone": "shenti9", "attachment": "shenti_" },
	{ "name": "liusu02_", "bone": "liusu3", "attachment": "liusu02_" },
	{ "name": "shangliusu02_", "bone": "shangliusu3", "attachment": "shangliusu02_" },
	{ "name": "shangliusu01_", "bone": "shangliusu5", "attachment": "shangliusu01_" },
	{ "name": "liusu01_", "bone": "liusu4", "attachment": "liusu01_" },
	{ "name": "hudiejie02_", "bone": "hudiejie02", "attachment": "hudiejie02_" },
	{ "name": "hudiejie01_", "bone": "hudiejie01", "attachment": "hudiejie01_" },
	{ "name": "zuofaji_", "bone": "zuofaji", "attachment": "zuofaji_" },
	{ "name": "youfaji_", "bone": "youfaji", "attachment": "youfaji_" },
	{ "name": "tou_", "bone": "tou4", "attachment": "tou_" },
	{ "name": "liuhai_", "bone": "liuhai2", "attachment": "liuhai_" },
	{ "name": "zuofa01_", "bone": "zuofa01", "attachment": "zuofa01_" },
	{ "name": "zuoqianfa_", "bone": "zuoqianfa4", "attachment": "zuoqianfa_" },
	{ "name": "youqianfa_", "bone": "youqianfa7", "attachment": "youqianfa_" },
	{ "name": "zuoxiaobi_", "bone": "zuoxiaobi9", "attachment": "zuoxiaobi_" },
	{ "name": "zuoshangbi_", "bone": "zuoshangbi5", "attachment": "zuoshangbi_" },
	{ "name": "zuoshou_", "bone": "zuoshou4", "attachment": "zuoshou_" },
	{ "name": "yanpi_", "bone": "root" }
],
"skins": {
	"default": {
		"houfa_": {
			"houfa_": {
				"type": "skinnedmesh",
				"uvs": [ 0.27501, 0.08567, 0.0443, 0.29093, 0.03408, 0.51438, 0.00263, 0.74561, 0, 0.96126, 0.17801, 0.97425, 0.53717, 1, 0.80982, 0.99764, 1, 0.95607, 0.99998, 0.66507, 0.99999, 0.36369, 0.98547, 0.01811, 0.64466, 0, 0.30127, 0.38439, 0.66309, 0.29878, 0.29591, 0.69877, 0.63674, 0.63914 ],
				"triangles": [ 7, 9, 8, 4, 3, 5, 3, 2, 15, 2, 1, 13, 13, 0, 14, 0, 12, 14, 14, 12, 11, 1, 0, 13, 16, 14, 10, 16, 13, 14, 14, 11, 10, 15, 2, 13, 15, 13, 16, 9, 16, 10, 6, 16, 7, 7, 16, 9, 5, 3, 15, 5, 15, 6, 6, 15, 16 ],
				"vertices": [ 1, 26, 38.43999, 28.31, 1, 2, 35, 10.29, -5.65, 0.8, 47, -9.85, -4.8, 0.2, 1, 47, 15.17, -5.87, 1, 2, 19, 17.6, 51.27, 0.19999, 47, 41.08, -9.3, 0.8, 1, 47, 65.23, -9.53, 1, 1, 19, -9.03, 33.23, 1, 1, 19, -14.08, -6.41, 1, 2, 19, -15.47, -36.64, 0.19999, 29, 64.12999, 15.77, 0.8, 2, 19, -11.98, -57.97, 0.19999, 29, 55.59, 35.63, 0.8, 2, 19, 20.56, -59.75, 0.5, 29, 23.58, 29.49, 0.5, 2, 26, 25.74, -57.02, 0.1, 40, 43.58, 0.28, 0.9, 2, 26, 63.15, -46.95, 0.5, 40, 4.94, 3.01, 0.5, 1, 26, 56.82, -9.6, 1, 1, 26, 6.44, 18.12, 1, 1, 26, 24.62, -18.94, 1, 1, 19, 21.06, 18.48, 1, 1, 19, 25.66, -19.65, 1 ],
				"hull": 13
			}
		},
		"hudiejie01_": {
			"hudiejie01_": {
				"type": "skinnedmesh",
				"uvs": [ 0.87149, 0, 0, 0, 0, 0.98314, 0.86296, 0.99548, 1, 0.36612 ],
				"triangles": [ 4, 1, 0, 4, 2, 1, 3, 2, 4 ],
				"vertices": [ 1, 4, 78.86, 49.19, 1, 1, 7, 18.85, -28.63, 1, 1, 7, 51.52, 4.04, 1, 1, 7, 31.18, 25.2, 1, 1, 4, 61.71, 44.59, 1 ],
				"hull": 5
			}
		},
		"hudiejie02_": {
			"hudiejie02_": {
				"type": "skinnedmesh",
				"uvs": [ 0.46527, 1, 0, 0.47868, 0, 0, 0.55227, 0, 1, 0.5774, 1, 1 ],
				"triangles": [ 1, 2, 3, 0, 1, 3, 4, 0, 3, 0, 4, 5 ],
				"vertices": [ 1, 8, 5.06, 17.04, 1, 1, 8, 35.8, 15.68, 1, 1, 8, 53.1, 1.29999, 1, 1, 8, 38.98, -15.68, 1, 1, 8, 6.66, -12.1, 1, 1, 4, 66.01, 38.63, 1 ],
				"hull": 6
			}
		},
		"liuhai_": {
			"liuhai_": {
				"type": "skinnedmesh",
				"uvs": [ 0.92765, 0.20071, 0.99999, 0.6466, 0.99996, 0.99646, 0, 1, 1.0E-5, 0.65341, 0.11713, 0.29607, 0.36241, 0.01424, 0.71563, 0 ],
				"triangles": [ 6, 7, 0, 0, 1, 4, 3, 4, 1, 2, 3, 1, 6, 0, 5, 5, 0, 4 ],
				"vertices": [ 2, 30, 8.74, 10.42, 0.9, 46, -12.37, 9.41, 0.1, 2, 30, 31.44, 15.71, 0.1, 46, 9.95, 16.11, 0.9, 1, 46, 27.81, 19.54, 1, 1, 46, 34.2, -12.83, 1, 2, 30, 35.95, -16.96999, 0.1, 46, 16.5, -16.21999, 0.9, 2, 30, 17.03, -15.48, 0.8, 46, -2.47, -15.92, 0.2, 1, 26, 84.79, -0.66, 1, 1, 26, 88.07, -11.87, 1 ],
				"hull": 8
			}
		},
		"liusu01_": {
			"liusu01_": {
				"type": "skinnedmesh",
				"uvs": [ 0.07243, 0.00955, 0.18339, 0.00679, 0.32756, 0.05497, 0.41034, 0.18631, 0.63516, 0.35189, 0.74516, 0.47439, 0.85712, 0.59909, 0.93563, 0.75017, 1, 0.87402, 0.81886, 0.97621, 0.45573, 1, 0.07243, 0.98174, 0.04897, 0.87509, 0.022, 0.7525, 0.01094, 0.60957, 0, 0.46802, 0.01695, 0.22774 ],
				"triangles": [ 12, 13, 14, 14, 1, 12, 6, 10, 5, 9, 6, 7, 9, 7, 8, 11, 12, 10, 4, 12, 3, 4, 10, 12, 4, 5, 10, 10, 6, 9, 1, 14, 15, 15, 16, 1, 16, 0, 1, 1, 3, 12, 2, 3, 1 ],
				"vertices": [ 1, 1, 55.58, -0.44, 1, 1, 1, 60.69, -0.21, 1, 2, 1, 67.32, -4.25, 0.5, 2, 5.49, 8.03, 0.5, 2, 2, 17.16, 8.1, 0.5, 9, -0.7, 8.05, 0.5, 2, 9, 15.21, 14.91, 0.7, 16, -7.81, 15.21, 0.3, 2, 9, 26.38, 17.46999, 0.40266, 16, 3.39, 17.59, 0.59732, 2, 9, 37.75999, 20.07, 0.1, 16, 14.81, 20.02, 0.9, 2, 9, 50.94, 20.67, 0.04505, 16, 28, 20.4, 0.95494, 1, 16, 38.81, 20.71999, 1, 1, 16, 45.09, 10.54, 1, 1, 16, 42.93, -6.14, 1, 1, 16, 37.11, -22.85, 1, 2, 9, 51.77, -21.43, 0.04652, 16, 28.16, -21.7, 0.95347, 2, 9, 41.46, -20.27, 0.1, 16, 17.87999, -20.37999, 0.9, 2, 9, 29.66, -18, 0.40144, 16, 6.11, -17.92, 0.59855, 2, 9, 17.96999, -15.75, 0.7, 16, -5.53, -15.5, 0.3, 2, 2, 14.66, -10.14999, 0.5, 9, -1.48, -10.35, 0.5 ],
				"hull": 17
			}
		},
		"liusu02_": {
			"liusu02_": {
				"type": "skinnedmesh",
				"uvs": [ 0.15909, 8.9E-4, 0.44709, 0, 0.50109, 0.15497, 0.53709, 0.27257, 0.74409, 0.49964, 1, 0.73889, 0.93309, 0.96191, 0.42009, 1, 0, 1, 0, 0.84462, 0, 0.68212, 0, 0.49003, 0, 0.28473, 0.00609, 0.12254 ],
				"triangles": [ 0, 1, 2, 12, 13, 0, 0, 2, 12, 3, 9, 10, 6, 4, 5, 3, 8, 9, 7, 3, 4, 7, 4, 6, 7, 8, 3, 3, 11, 12, 3, 10, 11, 3, 12, 2 ],
				"vertices": [ 1, 4, -1.73, 13.2, 1, 1, 4, -1.49, 1.39, 1, 2, 3, 13.08, 7.97, 0.7, 4, -15.56, -1.01, 0.3, 2, 3, 23.78, 9.45, 0.5, 10, 1.05999, 10.05, 0.5, 2, 10, 22.79, 15.22, 0.5, 15, -1.59, 15.59, 0.5, 2, 10, 45.93, 22.2, 0.1, 15, 21.75, 21.84, 0.9, 1, 15, 41.16999, 15.35, 1, 1, 15, 40.65, -5.95, 1, 1, 15, 37.43999, -22.87, 1, 2, 10, 49.05, -19.79, 0.14663, 15, 23.55, -20.23, 0.85336, 2, 10, 34.45, -17.49, 0.3, 15, 9.02, -17.46999, 0.7, 3, 3, 43.57, -12.56, 0.24169, 10, 17.18, -14.77, 0.39667, 15, -8.14, -14.21, 0.36162, 2, 3, 24.89, -12.56, 0.5, 10, -1.27, -11.86, 0.5, 2, 3, 10.13, -12.31, 0.7, 4, -12.89, 19.32, 0.3 ],
				"hull": 14
			}
		},
		"maoling01_": {
			"maoling01_": {
				"type": "skinnedmesh",
				"uvs": [ 0.41226, 0, 0, 0.38685, 0.03734, 0.79751, 0.41934, 1, 1, 1, 1, 0.55876, 0.73767, 0.33911, 0.46136, 0.59883 ],
				"triangles": [ 3, 7, 4, 7, 5, 4, 3, 2, 7, 2, 1, 7, 1, 0, 7, 7, 0, 6, 7, 6, 5 ],
				"vertices": [ 1, 27, 9.59, -20.42, 1, 1, 31, 27.87, -5.53, 1, 1, 31, 32.61, 10.31, 1, 2, 31, 16.95999, 26.01, 0.5, 32, 26.75, -6.83, 0.5, 1, 32, 19.06, 23.56, 1, 1, 27, 31.44, 11.65, 1, 1, 27, 22.88, -2.64, 1, 2, 31, 8.45, 12.22, 0.5, 32, 10.63, -8.56, 0.5 ],
				"hull": 7
			}
		},
		"shangliusu01_": {
			"shangliusu01_": {
				"type": "skinnedmesh",
				"uvs": [ 0.10181, 0, 1.0E-5, 0.04303, 0.10727, 0.11705, 0.18144, 0.23452, 0.19511, 0.36598, 0.06527, 0.52234, 0.01989, 0.77296, 0.07211, 1, 1, 1, 0.93311, 0.74837, 0.74177, 0.50983, 0.59144, 0.35556, 0.51249, 0.19366, 0.34438, 0.03001 ],
				"triangles": [ 9, 8, 7, 10, 7, 6, 7, 10, 9, 5, 10, 6, 5, 4, 11, 10, 5, 11, 4, 12, 11, 3, 2, 13, 3, 13, 12, 4, 3, 12, 2, 0, 13, 1, 0, 2 ],
				"vertices": [ 1, 11, 1.17999, 1.92, 1, 1, 11, 3.98, -3.67, 1, 2, 11, 13.51, -4.29, 0.6, 17, -2.41, -5.96, 0.4, 2, 11, 27.04, -8.34, 0.1, 17, 11.7, -5.96, 0.9, 2, 17, 27.03, -8.39999, 0.5, 25, -1.55, -9.57, 0.5, 1, 25, 16.79999, -14.59, 1, 2, 25, 46.34, -16.77, 0.19999, 33, 11.3, -16.58, 0.8, 1, 33, 38.12, -15.2, 1, 1, 33, 38.75, 18.19, 1, 2, 25, 44.05, 16.14, 0.19999, 33, 9.01, 16.33, 0.8, 1, 25, 15.78, 9.78, 1, 2, 17, 28.51, 5.83, 0.5, 25, -2.51, 4.71, 0.5, 2, 11, 28.28, 4.44999, 0.1, 17, 9.22, 6.65, 0.9, 2, 11, 8.35999, 8.02, 0.7, 17, -10.88, 4.35, 0.3 ],
				"hull": 14
			}
		},
		"shangliusu02_": {
			"shangliusu02_": {
				"type": "skinnedmesh",
				"uvs": [ 0.64425, 0, 0.50686, 0.15961, 0.32039, 0.43951, 0, 0.77108, 0, 0.9304, 1, 1, 1, 0.75385, 1, 0.4352, 0.87979, 0.18544, 0.90923, 0.01751 ],
				"triangles": [ 4, 3, 2, 5, 2, 6, 4, 2, 5, 6, 2, 1, 6, 1, 7, 1, 8, 7, 8, 0, 9, 1, 0, 8 ],
				"vertices": [ 1, 12, 6.44, -4.23999, 1, 2, 12, 22.75, -7.9, 0.5, 18, 2.33, -8.53, 0.5, 2, 18, 30.34, -14.19, 0.5, 24, -0.8, -13.59, 0.5, 1, 24, 32.65, -24.82, 1, 1, 24, 48.21, -23.62, 1, 1, 24, 51.7, 19.77, 1, 1, 24, 27.64, 17.91, 1, 2, 18, 27.44, 14.88, 0.5, 24, -3.48, 15.5, 0.5, 2, 12, 23.01, 8.33, 0.5, 18, 3.49, 7.65, 0.5, 1, 12, 6.54, 7.28, 1 ],
				"hull": 10
			}
		},
		"shenti_": {
			"shenti_": {
				"type": "skinnedmesh",
				"uvs": [ 0.27172, 0.80603, 0.31105, 0.8681, 0.35744, 0.93609, 0.42717, 0.99998, 0.59946, 0.99999, 0.80411, 0.99999, 1, 1, 0.99998, 0.934, 0.99316, 0.84557, 0.92172, 0.73447, 0.86343, 0.64267, 0.83939, 0.60595, 0.80376, 0.55154, 0.80469, 0.51116, 0.80542, 0.47918, 0.82491, 0.37732, 0.84543, 0.31175, 0.91908, 0.32304, 0.99119, 0.28981, 0.98036, 0.23775, 0.93214, 0.1705, 0.86295, 0.10572, 0.75383, 0.09376, 0.63077, 0.08968, 0.62748, 0.00749, 0.57933, 0.02958, 0.51326, 0.06425, 0.44113, 0.07629, 0.36748, 0.03148, 0.34179, 0.0753, 0.29646, 0.07313, 0.21795, 0.09704, 0.13235, 0.11843, 0.037, 0.13476, 0, 0.1879, 0.05087, 0.23075, 0.14692, 0.24593, 0.17083, 0.27318, 0.14187, 0.31208, 0.14199, 0.3504, 0.16983, 0.38243, 0.21994, 0.4055, 0.2353, 0.46979, 0.23948, 0.50475, 0.24392, 0.54187, 0.22488, 0.56926, 0.20435, 0.59882, 0.17607, 0.63707, 0.13818, 0.68834, 0.11898, 0.75883, 0.17857, 0.79413, 0.40129, 0.1085, 0.541, 0.10853, 0.28884, 0.12724, 0.40808, 0.15316, 0.5529, 0.14605, 0.67557, 0.13178, 0.18319, 0.15312, 0.29902, 0.17904, 0.45915, 0.19783, 0.62783, 0.18357, 0.76584, 0.16753, 0.12353, 0.19419, 0.23084, 0.22101, 0.34838, 0.24426, 0.5, 0.25054, 0.63972, 0.23181, 0.77433, 0.21576, 0.87655, 0.20774, 0.26147, 0.2755, 0.37902, 0.28446, 0.4814, 0.2951, 0.57648, 0.28189, 0.70955, 0.26755, 0.82228, 0.27399, 0.23388, 0.32823, 0.39399, 0.32497, 0.47933, 0.33431, 0.62907, 0.32316, 0.73449, 0.3283, 0.4215, 0.3887, 0.48627, 0.39881, 0.67881, 0.39041, 0.36696, 0.46131, 0.53222, 0.45866, 0.68519, 0.45009, 0.3819, 0.52572, 0.53379, 0.52909, 0.69323, 0.51953, 0.35942, 0.60241, 0.52931, 0.59974, 0.68994, 0.59594, 0.3197, 0.66663, 0.51943, 0.67328, 0.72018, 0.66815, 0.29844, 0.75294, 0.52886, 0.75824, 0.74928, 0.7491, 0.53882, 0.84491, 0.76424, 0.84102, 0.56881, 0.93289, 0.78171, 0.92243, 0.30674, 0.40731, 0.54499, 0.36833, 0.79191, 0.35797, 0.30305, 0.35983, 0.37934, 0.49648, 0.52976, 0.49582, 0.68678, 0.49239, 0.68409, 0.55949, 0.52707, 0.5643, 0.36742, 0.56288, 0.3434, 0.63478, 0.53245, 0.63804, 0.71228, 0.63888 ],
				"triangles": [ 35, 33, 62, 34, 33, 35, 35, 62, 36, 51, 29, 28, 54, 51, 27, 51, 53, 29, 54, 53, 51, 54, 27, 59, 67, 61, 68, 66, 60, 56, 64, 58, 54, 64, 54, 59, 36, 57, 63, 65, 59, 55, 67, 73, 61, 37, 36, 63, 74, 67, 68, 69, 63, 58, 69, 58, 64, 37, 63, 69, 72, 55, 60, 72, 60, 66, 70, 64, 59, 71, 70, 59, 65, 71, 59, 16, 74, 68, 16, 68, 17, 74, 73, 67, 104, 79, 74, 16, 104, 74, 15, 104, 16, 81, 77, 103, 80, 77, 81, 104, 85, 82, 84, 81, 103, 83, 102, 80, 42, 41, 102, 14, 104, 15, 85, 104, 14, 108, 85, 14, 84, 106, 81, 106, 83, 80, 83, 43, 42, 83, 42, 102, 14, 88, 108, 106, 107, 86, 108, 107, 84, 82, 84, 103, 85, 84, 82, 108, 84, 85, 87, 107, 108, 106, 44, 43, 106, 43, 83, 106, 84, 107, 81, 106, 80, 13, 88, 14, 109, 87, 108, 44, 106, 86, 12, 88, 13, 88, 109, 108, 109, 88, 12, 111, 44, 86, 87, 86, 107, 110, 87, 109, 91, 109, 12, 90, 110, 109, 90, 109, 91, 89, 44, 111, 87, 110, 86, 112, 44, 89, 45, 44, 112, 113, 90, 91, 114, 91, 12, 114, 12, 11, 92, 45, 112, 46, 45, 92, 94, 114, 11, 111, 110, 90, 110, 111, 86, 93, 90, 113, 90, 89, 111, 93, 89, 90, 10, 94, 11, 92, 47, 46, 94, 93, 113, 114, 113, 91, 94, 113, 114, 112, 89, 93, 92, 112, 93, 96, 92, 93, 25, 24, 23, 27, 51, 28, 52, 26, 25, 52, 59, 27, 52, 27, 26, 61, 22, 21, 68, 21, 20, 61, 21, 68, 61, 73, 56, 19, 17, 68, 19, 68, 20, 17, 19, 18, 52, 25, 23, 56, 23, 22, 55, 52, 23, 56, 22, 61, 60, 55, 23, 60, 23, 56, 59, 52, 55, 53, 31, 30, 57, 32, 31, 29, 53, 30, 53, 54, 58, 62, 33, 32, 62, 32, 57, 53, 57, 31, 63, 53, 58, 63, 57, 53, 36, 62, 57, 73, 66, 56, 65, 55, 72, 78, 72, 66, 78, 66, 73, 76, 70, 71, 75, 37, 69, 38, 37, 75, 74, 79, 73, 78, 73, 79, 77, 76, 71, 39, 38, 75, 70, 105, 69, 70, 69, 64, 105, 70, 76, 75, 69, 105, 72, 71, 65, 103, 72, 78, 103, 71, 72, 77, 71, 103, 40, 39, 75, 80, 76, 77, 82, 78, 79, 41, 40, 75, 41, 75, 105, 80, 102, 105, 80, 105, 76, 41, 105, 102, 104, 82, 79, 103, 78, 82, 5, 101, 7, 4, 100, 101, 4, 101, 5, 5, 7, 6, 98, 97, 99, 99, 9, 8, 101, 99, 8, 100, 98, 99, 100, 99, 101, 101, 8, 7, 97, 10, 9, 99, 97, 9, 97, 96, 94, 97, 98, 96, 95, 47, 92, 48, 47, 95, 50, 49, 48, 95, 50, 48, 0, 50, 95, 96, 1, 95, 0, 95, 1, 95, 92, 96, 98, 1, 96, 3, 2, 98, 98, 2, 1, 100, 3, 98, 3, 100, 4, 10, 97, 94, 94, 96, 93 ],
				"vertices": [ 1, 6, 44.16, -16.31, 1, 1, 6, 68.74, -5.26, 1, 1, 6, 95.59, 7.55, 1, 1, 6, 120.25, 25.21, 1, 2, 6, 116.47, 62.23, 0.5, 22, 26.51, -34.45, 0.5, 1, 22, 37.97, 8.24, 1, 1, 22, 48.94, 49.11, 1, 2, 14, 65.58999, 56.82, 0.3, 22, 22.67, 56.15, 0.7, 2, 14, 29.84, 63.99, 0.8, 22, -12.89, 64.17, 0.2, 2, 5, 23.07, 60, 0.8, 14, -18.28, 59.8, 0.2, 2, 6, -35.77, 103.99, 0.612, 4, 23.85, -79.46, 0.388, 3, 6, -50.29, 97.28, 0.21426, 4, 38.9, -74.05, 0.6585, 13, -44.73, -70.8, 0.12723, 2, 4, 61.21, -66.04, 0.73599, 13, -21.86, -64.56, 0.264, 2, 4, 77.85, -66.01, 0.5485, 13, -5.27, -65.83, 0.45149, 2, 4, 91.03, -65.98, 0.39999, 13, 7.86, -66.83999, 0.6, 1, 13, 49.46, -73.73, 1, 1, 13, 76.14, -79.89, 1, 2, 28, 82.29, -15.43, 0.5, 13, 70.47, -95.46, 0.5, 2, 28, 80.79, 5.25, 0.7, 13, 83.14, -111.89, 0.3, 2, 28, 62.27, 16.34, 0.9, 13, 104.69, -110.93, 0.1, 2, 28, 33.89, 24.78, 0.7, 13, 133.01, -102.31, 0.3, 2, 20, 87.01, 7.5, 0.5, 28, 3.59, 28.98, 0.5, 2, 20, 64.49, 16.04999, 0.7, 28, -14.56, 13.17, 0.3, 2, 20, 38.5, 21.85, 0.5, 19, 23.23, -39.04, 0.5, 1, 26, 22.61, -35.65, 1, 1, 26, 11.45, -27.51, 1, 1, 26, -5.61, -16.71999, 1, 1, 26, -13.87, -2.60999, 1, 1, 26, 0.64, 16.95, 1, 1, 19, 32.55, 22.95, 1, 2, 21, 21.19, -36.25, 0.5, 19, 33.98, 32.68, 0.5, 1, 21, 37.99, -26.13, 1, 2, 21, 56.33, -17.03, 0.8, 27, -18.03, 8.41, 0.2, 2, 21, 76.82, -9.97, 0.5, 27, -10.97, -12.06, 0.5, 2, 21, 84.46, 12.04, 0.19999, 27, 11.03, -19.70999, 0.8, 2, 13, 120.46, 89.23, 0.19999, 27, 28.51, -8.43999, 0.8, 1, 13, 112.89, 68.93, 1, 2, 23, 11.15, 64.12999, 0.5, 13, 101.35, 64.5, 0.5, 2, 23, -4.5, 71.25, 0.7, 13, 85.76, 71.76999, 0.3, 2, 23, -20.27, 72.08999, 0.8, 13, 70, 72.76, 0.19999, 2, 23, -33.77, 66.8, 0.7, 13, 56.45, 67.6, 0.3, 2, 23, -43.85, 56.52, 0.5, 13, 46.26, 57.41, 0.5, 1, 13, 19.62, 55.8, 1, 2, 4, 78.78, 56.09, 0.33951, 13, 5.19, 55.82, 0.66048, 2, 4, 63.5, 54.92, 0.7, 13, -10.13, 55.85, 0.3, 2, 4, 52.16, 58.87, 0.84429, 13, -21.13, 60.67, 0.1557, 1, 4, 39.91999, 63.13, 1, 2, 6, -22.98, -43.94, 0.21365, 4, 24.08, 69.01999, 0.78634, 2, 6, -1.13, -49.93, 0.5, 4, 2.85, 76.91, 0.5, 1, 6, 28.17, -51.11, 1, 1, 6, 41.33, -36.82, 1, 1, 19, 18.19, 10.87, 1, 2, 20, 18.14, 17.20999, 0.5, 19, 16.53, -19.26, 0.5, 1, 21, 22.48, -13.93, 1, 2, 13, 147.41, 10.18, 0.5, 19, -0.25, 10.41, 0.5, 1, 20, 18.26, 1.54, 1, 2, 20, 45.35, 3.21, 0.7, 28, -12.29, -9.76, 0.3, 2, 21, 45.13, -2.91, 0.8, 27, -3.91, 19.62, 0.2, 2, 21, 19.94, 7.36, 0.5, 13, 138.28, 34.37, 0.5, 1, 13, 128.33, 0.35, 1, 1, 13, 131.85, -36.37, 1, 2, 28, 11.22, -3.11, 0.5, 13, 136.54, -66.55, 0.5, 2, 21, 57.74, 14.21, 0.5, 27, 13.2, 7.01, 0.5, 1, 13, 121.97, 50.18, 1, 2, 23, 20.95999, 25.19, 0.5, 13, 110.78, 25.46, 0.5, 2, 23, 16.58, -7.37, 0.5, 13, 106.09, -7.05, 0.5, 2, 23, 22.64, -37.91999, 0.5, 13, 111.86, -37.66, 0.5, 1, 13, 116.59, -67.1, 1, 2, 28, 38.87, 5.94, 0.7, 13, 118.47, -89.35, 0.3, 2, 23, 9.13, 44.63, 0.7, 13, 99.14, 45.02, 0.3, 2, 23, 4.06, 19.48, 0.7, 13, 93.83, 19.92, 0.3, 2, 23, -1.52, -2.34999, 0.7, 13, 88.03, -1.86, 0.3, 2, 23, 2.78, -23.15, 0.7, 13, 92.14, -22.7, 0.3, 2, 23, 7.11, -52.18, 0.7, 13, 96.19, -51.77, 0.3, 1, 13, 91.98, -75.9, 1, 2, 23, -12.23, 51.77, 0.9, 13, 77.83999, 52.36, 0.1, 2, 23, -12.78, 17.17, 0.7, 13, 76.96, 17.76, 0.3, 2, 23, -17.62999, -1.02, 0.5, 13, 71.94, -0.38, 0.5, 2, 23, -14.8, -33.57, 0.8, 13, 74.44999, -32.95, 0.19999, 2, 23, -18.16, -56.19, 0.9, 13, 70.87, -55.54, 0.1, 2, 23, -39.32, 12.67, 0.5, 13, 50.38, 13.52, 0.5, 1, 13, 45.32, -0.17, 1, 2, 23, -43.06, -42.78, 0.5, 13, 46.11, -41.89, 0.5, 1, 13, 21.28, 27.19, 1, 1, 13, 20.08, -8.49, 1, 1, 13, 21.48, -41.68999, 1, 2, 4, 70.57, 25.21, 0.6, 13, -5.4, 25.68, 0.4, 2, 4, 69.65, -7.61, 0.6, 13, -8.89, -6.96, 0.4, 2, 4, 74.06, -41.99, 0.56799, 13, -7.17, -41.59, 0.432, 1, 4, 38.91, 29.62, 1, 1, 4, 40.53, -7.05, 1, 1, 4, 42.58, -41.72, 1, 2, 6, -14.02, -11.84, 0.3, 4, 12.34, 37.83, 0.7, 2, 6, -15.68, 31.35, 0.3, 4, 10.2, -5.34, 0.7, 2, 6, -22.19, 74.26999, 0.468, 4, 12.92, -48.67, 0.532, 1, 6, 21.82, -12.79, 1, 2, 6, 18.93, 36.93999, 0.5, 5, 11.86, -24.68, 0.5, 2, 5, 19.82, 22.41, 0.8, 14, -21.22, 22.18, 0.2, 3, 6, 54.23, 42.7, 0.35, 5, 47.02, -31.3, 0.3, 14, 6.4, -31.31, 0.35, 2, 5, 57.34, 16.29999, 0.19999, 14, 16.34, 16.37999, 0.8, 3, 6, 89.64, 52.83, 0.35, 14, 43.16, -33.57, 0.35, 22, -1.89, -33.68, 0.3, 2, 14, 49.83, 12.12, 0.5, 22, 5.85, 11.85, 0.5, 2, 23, -45.62, 37.83, 0.5, 13, 44.32, 38.75, 0.5, 2, 23, -32.4, -14.42, 0.5, 13, 57.04, -13.63, 0.5, 2, 23, -31.05, -67.9, 0.5, 13, 57.87, -67.12999, 0.5, 2, 23, -26.04, 37.56, 0.7, 13, 63.89, 38.29, 0.3, 2, 4, 82.61, 25.93, 0.32822, 13, 6.65, 25.45, 0.67177, 2, 4, 83.33999, -6.54, 0.31667, 13, 4.83, -6.98, 0.68332, 2, 4, 85.23, -40.43999, 0.34479, 13, 4.07, -40.91, 0.6552, 2, 4, 57.58, -40.24, 0.79288, 13, -23.47, -38.56, 0.20711, 2, 4, 55.12, -6.36, 0.79991, 13, -23.27, -4.58, 0.20008, 2, 4, 55.22, 28.12, 0.79425, 13, -20.48, 29.78, 0.20574, 2, 6, -27.59, -8.08, 0.15059, 4, 25.53, 32.9, 0.8494, 2, 6, -30.41, 32.66999, 0.15703, 4, 24.76, -7.94, 0.84296, 3, 6, -34.00999, 71.35, 0.18447, 4, 24.96, -46.79, 0.80684, 13, -56.51, -42.54, 0.00868 ],
				"hull": 51
			}
		},
		"tou_": {
			"tou_": {
				"type": "skinnedmesh",
				"uvs": [ 0.50306, 0, 0.34931, 0.11629, 0.32881, 0.3058, 0.20324, 0.38962, 0.07768, 0.51354, 0, 0.60647, 0.00337, 0.71762, 0.04181, 0.75589, 0.04437, 0.88345, 0.08537, 1, 0.14687, 0.97638, 0.18018, 0.86158, 0.18787, 0.70487, 0.20806, 0.6902, 0.20806, 0.7931, 0.25383, 0.88235, 0.36605, 0.94955, 0.50302, 0.96906, 0.69532, 0.86555, 0.76164, 0.74248, 0.78735, 0.66156, 0.79708, 0.69858, 0.89652, 0.74324, 0.95224, 0.62195, 0.93304, 0.4697, 0.89465, 0.39725, 1, 0.3227, 1, 0.17465, 0.96483, 0.05939, 0.72246, 0.09478, 0.58396, 0, 0.58074, 0.18554, 0.81978, 0.22936, 0.52091, 0.30677, 0.7248, 0.33433, 0.4066, 0.41174, 0.21845, 0.53294, 0.15686, 0.64667, 0.6185, 0.43645, 0.76372, 0.48751, 0.39793, 0.56457, 0.61666, 0.59947, 0.34535, 0.71513, 0.55009, 0.7351, 0.33653, 0.83086, 0.52027, 0.85953 ],
				"triangles": [ 22, 21, 23, 8, 7, 11, 9, 8, 10, 10, 8, 11, 11, 7, 12, 7, 37, 12, 6, 5, 37, 7, 6, 37, 12, 37, 13, 5, 4, 37, 41, 39, 20, 39, 25, 24, 35, 36, 3, 17, 45, 18, 17, 16, 45, 15, 44, 16, 16, 44, 45, 15, 14, 44, 45, 43, 18, 18, 43, 19, 43, 45, 42, 45, 44, 42, 44, 14, 42, 14, 13, 42, 43, 41, 19, 19, 41, 20, 42, 40, 43, 43, 40, 41, 40, 42, 36, 42, 13, 36, 41, 38, 39, 41, 40, 38, 40, 35, 38, 40, 36, 35, 35, 3, 2, 38, 34, 39, 39, 34, 25, 35, 33, 38, 38, 33, 34, 35, 2, 33, 34, 32, 25, 25, 32, 26, 33, 31, 34, 34, 31, 32, 32, 31, 29, 32, 27, 26, 31, 33, 1, 33, 2, 1, 32, 28, 27, 32, 29, 28, 1, 0, 31, 31, 30, 29, 31, 0, 30, 37, 4, 36, 4, 3, 36, 13, 37, 36, 21, 20, 23, 23, 39, 24, 23, 20, 39 ],
				"vertices": [ 1, 26, 152.68, 24.42, 1, 1, 26, 127.94, 39.02, 1, 1, 26, 94.08, 34.09, 1, 1, 26, 75.83, 46.45, 1, 1, 26, 50.54, 57.23, 1, 2, 26, 32.04, 63.26, 0.5, 34, 27.89, -10.56, 0.5, 2, 34, 44.04, 1.25, 0.8, 35, 6.28, -15.29, 0.2, 2, 34, 46.87, 9.22999, 0.5, 35, 12.96, -10.08, 0.5, 2, 35, 35.88, -8.79, 0.1, 47, 15.59, -8.95, 0.9, 1, 47, 36.55, -3.65, 1, 1, 47, 32.28, 4.21, 1, 2, 35, 31.22, 8.39999, 0.1, 47, 11.61, 8.42, 0.9, 2, 34, 28.62, 19.29, 0.5, 35, 3, 8.2, 0.5, 1, 26, 23.19, 33.97, 1, 1, 26, 5.12, 29.9, 1, 1, 26, -9.26, 20.66, 1, 1, 26, -17.9, 3.99, 1, 1, 26, -17.48, -13.88, 1, 1, 26, 6.09, -33.8, 1, 1, 26, 29.57, -37.22, 1, 1, 26, 44.5, -37.23, 1, 2, 26, 38.28, -39.91, 0.5, 40, 26.13, -11.78, 0.5, 1, 40, 35.54, -0.03, 1, 2, 26, 56.09, -56.25, 0.5, 40, 14.65, 9.49, 0.5, 1, 26, 82.29, -47.83, 1, 1, 26, 93.93, -40.18, 1, 1, 26, 109.99, -50.38, 1, 1, 26, 135.98, -44.53, 1, 1, 26, 155.24, -35.58, 1, 1, 26, 142.21, -6.71, 1, 1, 26, 154.96, 14.32, 1, 1, 26, 122.28, 7.38, 1, 1, 26, 121.31, -24.19, 1, 1, 26, 99.31, 10.06, 1, 1, 26, 100.21, -16.48, 1, 1, 26, 77.67, 20.19, 1, 1, 26, 51.09, 38.89, 1, 3, 26, 29.39, 42.08, 0.3, 34, 22.31, 10.03, 0.56, 35, -7.29, 3.79, 0.14, 1, 26, 79.29, -7.24, 1, 1, 26, 74.4, -27.39, 1, 1, 26, 50.59, 15.23, 1, 1, 26, 50.61, -13.46, 1, 1, 26, 22.67, 15.84, 1, 1, 26, 24.92, -10.51, 1, 1, 26, 2.09999, 12.36, 1, 1, 26, 2.23, -11.7, 1 ],
				"hull": 31
			}
		},
		"tui_": {
			"tui_": {
				"type": "skinnedmesh",
				"uvs": [ 1, 1, 0, 1, 0, 0, 1, 0 ],
				"triangles": [ 1, 2, 3, 1, 3, 0 ],
				"vertices": [ 1, 6, 117.93, 47.76, 1, 1, 6, 127.89, -49.72, 1, 1, 6, 24.43, -60.29, 1, 1, 6, 14.47, 37.18999, 1 ],
				"hull": 4
			}
		},
		"yanpi_": {
			"yanpi_": {
				"type": "skinnedmesh",
				"uvs": [ 1, 1, 0, 1, 0, 0, 1, 0 ],
				"triangles": [ 1, 2, 3, 1, 3, 0 ],
				"vertices": [ 1, 26, 26.61, -39.41, 1, 1, 26, 13.89, 17.17, 1, 1, 26, 45.12, 24.18, 1, 1, 26, 57.83, -32.39, 1 ],
				"hull": 4
			}
		},
		"youfaji_": {
			"youfaji_": {
				"type": "skinnedmesh",
				"uvs": [ 0.61518, 0, 0.27223, 0.0857, 0, 0.50194, 0.00479, 0.83905, 0.24706, 1, 0.60259, 0.93881, 0.8071, 0.6705, 1, 0.35402, 0.92667, 0.07194 ],
				"triangles": [ 7, 6, 0, 7, 0, 8, 6, 3, 2, 1, 0, 6, 1, 6, 2, 5, 3, 6, 4, 3, 5 ],
				"vertices": [ 1, 36, 16.65, -33.8, 1, 1, 36, 45.44, -35.64, 1, 1, 36, 75.73, -12.06, 1, 1, 36, 82.54, 12.28, 1, 1, 36, 66.93, 29.5, 1, 1, 36, 37.68, 33.4, 1, 1, 36, 15.88, 18.87999, 1, 1, 36, -6.03, 0.63, 1, 1, 36, -6.29, -21.35, 1 ],
				"hull": 9
			}
		},
		"youqianfa_": {
			"youqianfa_": {
				"type": "skinnedmesh",
				"uvs": [ 1, 0, 0.8499, 0.00809, 0.64749, 0.07153, 0.35653, 0.21591, 0.31436, 0.46309, 0.25533, 0.71028, 0.00653, 0.81966, 0, 0.89622, 0.24268, 0.96184, 0.51256, 1, 0.8246, 0.99466, 0.72851, 0.88997, 0.6981, 0.85684, 0.66446, 0.73066, 0.64328, 0.65122, 0.60111, 0.45216, 0.68966, 0.26403, 0.87942, 0.11528, 1, 0.03216, 0.42951, 0.76774, 0.46067, 0.59755, 0.50449, 0.65911, 0.45664, 0.67392, 0.52511, 0.85109, 0.52362, 0.76281, 0.49551, 0.85457, 0.57303, 0.93128, 0.52384, 0.89394 ],
				"triangles": [ 11, 26, 12, 12, 26, 23, 23, 25, 24, 10, 26, 11, 26, 10, 9, 8, 25, 9, 9, 27, 26, 9, 25, 27, 7, 6, 8, 8, 19, 25, 26, 27, 23, 27, 25, 23, 25, 19, 24, 8, 5, 19, 8, 6, 5, 19, 22, 24, 19, 5, 22, 22, 5, 20, 22, 20, 21, 20, 5, 4, 21, 20, 14, 22, 21, 24, 23, 13, 12, 23, 24, 13, 24, 14, 13, 24, 21, 14, 20, 15, 14, 20, 4, 15, 4, 3, 15, 15, 3, 16, 3, 2, 16, 16, 2, 17, 2, 1, 17, 17, 1, 18, 1, 0, 18 ],
				"vertices": [ 1, 26, 85.74, -1.52, 1, 2, 26, 81.75, 10.34, 0.3, 37, 8.85999, -4.98, 0.7, 2, 37, 28.49, -4.58, 0.19999, 48, 8.42, -7.84, 0.8, 2, 48, 41.08, -14.93, 0.19999, 57, 11.36, -18.89, 0.8, 2, 57, 50.32, -11.27, 0.19999, 65, 14.75, -11.17, 0.8, 1, 74, 23.07, -10.47999, 1, 2, 74, 42.71, -29.11, 0.5, 78, -13.9, -26.61, 0.5, 2, 74, 54.95, -28.32, 0.3, 78, -3.94, -33.75, 0.7, 1, 78, 15.85, -22.61, 1, 1, 78, 33.18999, -7.17, 1, 1, 78, 46.61, 14.99, 1, 2, 75, 44.41, 11.94, 0.6796, 78, 28.22, 17.45, 0.32038, 2, 75, 38.87, 10.02, 0.632, 78, 22.4, 18.23, 0.36799, 2, 75, 18.49, 9.47, 0.79999, 78, 3.96, 26.91, 0.2, 2, 75, 5.67, 9.13, 0.5, 74, 10.18999, 20.5, 0.5, 2, 57, 42.03, 11.1, 0.19999, 65, 8.6, 11.88, 0.8, 2, 48, 31.99, 12.29, 0.19999, 57, 11.08, 9.8, 0.8, 2, 37, 15.31, 11.09, 0.5, 48, 3.45, 12.02, 0.5, 1, 26, 80.72, -2.65, 1, 2, 74, 30.64, 4.88, 0.6, 78, -1.7, 7.33, 0.4, 2, 65, 33.63, 4.76, 0.5, 74, 3.29, 4.5, 0.5, 2, 75, 5.65, -2.45, 0.5, 74, 12.69, 9.18, 0.5, 1, 74, 15.48, 5.49, 1, 2, 75, 36.37, -4.14, 0.38399, 78, 13.79, 6.7, 0.616, 2, 75, 22.31, -2.7, 0.57599, 78, 1.89, 14.3, 0.424, 1, 78, 12.92, 4.34, 1, 1, 78, 26.71, 3.03, 1, 1, 78, 19.48, 2.87, 1 ],
				"hull": 19
			}
		},
		"youshou_": {
			"youshou_": {
				"type": "skinnedmesh",
				"uvs": [ 0.51586, 0.00856, 0.4183, 0.05168, 0.30368, 0.11387, 0.35733, 0.1921, 0.5061, 0.24024, 0.50366, 0.31345, 0.42074, 0.3967, 0.34974, 0.47434, 0.28993, 0.53975, 0.2291, 0.5753, 0.23551, 0.64771, 0.16828, 0.76884, 0, 0.84879, 0, 0.93142, 0.05156, 1, 0.2894, 1, 0.21969, 0.92637, 0.38781, 0.8606, 0.42472, 0.81338, 0.60515, 0.70882, 0.82249, 0.59246, 1, 0.45418, 1, 0.30333, 0.96571, 0.17836, 0.87708, 0.0612, 0.75679, 0.06641, 0.62701, 0.04168, 0.50643, 0.10966, 0.65298, 0.16132, 0.79794, 0.17959, 0.80167, 0.30441, 0.75559, 0.43833, 0.65729, 0.57476, 0.50676, 0.67078, 0.33473, 0.76173, 0.21993, 0.8427, 0.11884, 0.8874, 0.12787, 0.95807, 0.42136, 0.55474, 0.36732, 0.63443, 0.46421, 0.46278, 0.55257, 0.36098, 0.61171, 0.23176 ],
				"triangles": [ 29, 24, 23, 30, 23, 22, 3, 1, 27, 3, 2, 1, 14, 13, 37, 37, 36, 16, 37, 16, 15, 14, 37, 15, 13, 12, 36, 36, 12, 11, 16, 36, 35, 16, 35, 17, 13, 36, 37, 36, 11, 35, 35, 34, 17, 10, 8, 39, 10, 9, 8, 8, 7, 38, 11, 10, 34, 35, 11, 34, 34, 10, 39, 7, 6, 40, 38, 7, 40, 40, 41, 32, 20, 31, 21, 32, 31, 20, 39, 38, 33, 41, 40, 6, 32, 41, 31, 38, 40, 32, 33, 38, 32, 19, 33, 32, 19, 32, 20, 34, 39, 33, 18, 34, 33, 18, 33, 19, 17, 34, 18, 39, 8, 38, 27, 0, 26, 28, 26, 25, 27, 26, 28, 29, 25, 24, 28, 25, 29, 42, 27, 28, 4, 27, 42, 30, 29, 23, 42, 5, 4, 41, 5, 42, 28, 30, 42, 30, 28, 29, 31, 42, 30, 41, 42, 31, 30, 22, 21, 31, 30, 21, 41, 6, 5, 27, 1, 0, 4, 3, 27 ],
				"vertices": [ 1, 27, 10.43999, -17.95999, 1, 2, 27, 25.22, -31.29, 0.5, 39, -16.66, 2.51, 0.5, 2, 27, 46.49, -46.9, 0.3, 39, 2.17, -15.94, 0.7, 1, 39, 29.34, -11.87, 1, 1, 27, 88.76, -18.1, 1, 1, 27, 113.51, -18.04999, 1, 3, 27, 141.82, -29.14, 0.24192, 38, 8.34, -28.32, 0.33407, 50, 80.43, -8.21, 0.424, 2, 38, 36.36, -29.41, 0.328, 50, 53.46, -0.52999, 0.67199, 1, 50, 30.74, 5.93, 1, 2, 38, 74.03, -34.57, 0.2, 50, 18.08, 13.37, 0.8, 2, 38, 96.98, -26, 0.5, 50, -6.23, 10.47, 0.5, 2, 38, 138.78, -21.96, 0.5, 49, 10.39999, -15.04, 0.5, 1, 49, 46.1, -13.3, 1, 1, 49, 66.31, 5.97, 1, 1, 58, 42.04, -16.17, 1, 1, 66, 28.16, 8.67, 1, 1, 58, 26.62, 14.28, 1, 1, 49, 11.77, 28.44, 1, 2, 38, 141.82, 16.6, 0.5, 49, -3.31, 21.13, 0.5, 1, 38, 100.38, 29.26, 1, 1, 38, 53.53, 45.53, 1, 2, 38, 1.39, 54.2, 0.5, 4, 59.49, 38.56, 0.5, 1, 13, 35.46, 36.56, 1, 1, 13, 77.92, 38.58, 1, 1, 13, 118.24, 48.32, 1, 1, 27, 29.47, 15.82, 1, 1, 27, 21.39, -2.33999, 1, 2, 27, 44.63, -18.74, 0.5, 39, 4.32, 12.19, 0.5, 1, 27, 61.77, 1.89, 1, 1, 27, 67.62999, 22.13, 1, 1, 27, 109.81, 23.31, 1, 2, 27, 155.16, 17.6, 0.5, 38, 7.02, 20.27, 0.5, 1, 38, 55.09, 21.85, 1, 1, 38, 92.49, 12.23, 1, 1, 38, 129.2, -0.76, 1, 1, 49, 23.51, 7.38, 1, 1, 49, 44.14, 7.65, 1, 1, 58, 32.34, -1.36, 1, 1, 38, 59.01, -11.4, 1, 2, 38, 86.94, -10.03, 0.5, 50, -0.25, -7.41, 0.5, 1, 38, 27.64, -15.54, 1, 2, 27, 129.46, -11.01, 0.7, 38, -8.88, -14.74, 0.3, 1, 27, 85.66, -3.47, 1 ],
				"hull": 27
			}
		},
		"youyixiu_": {
			"youyixiu_": {
				"type": "skinnedmesh",
				"uvs": [ 0.79293, 0.05107, 1, 0, 1, 0.14873, 0.94792, 0.33047, 1, 0.5285, 1, 0.78349, 0.97962, 1, 0.66965, 1, 0.2998, 1, 0, 1, 0.1272, 0.8079, 0.32446, 0.62886, 0.39016, 0.47987, 0.45126, 0.34132, 0.57261, 0.29597, 0.69078, 0.25181, 0.7401, 0.35489, 0.68022, 0.59631, 0.6626, 0.83774, 0.39842, 0.79162, 0.70429, 0.49635, 0.56562, 0.46825 ],
				"triangles": [ 16, 15, 3, 0, 1, 2, 3, 0, 2, 15, 0, 3, 21, 13, 14, 14, 15, 16, 12, 13, 21, 16, 21, 14, 21, 11, 12, 17, 11, 21, 20, 21, 16, 17, 19, 11, 10, 11, 19, 18, 19, 17, 18, 17, 5, 8, 10, 19, 9, 10, 8, 6, 7, 18, 19, 18, 7, 8, 19, 7, 5, 6, 18, 17, 21, 20, 5, 17, 4, 3, 4, 20, 4, 17, 20, 20, 16, 3 ],
				"vertices": [ 1, 38, 32, 23.54, 1, 1, 38, 14.82, 47.07, 1, 1, 38, 39.38, 55.23, 1, 3, 51, 27.29, 28.17, 0.59519, 59, -17.07, 29.01, 0.39679, 38, 71.58999, 58.58, 0.008, 2, 59, 16.83, 38.29, 0.7, 67, -26.62, 36.8, 0.3, 2, 59, 61.09, 41.27, 0.19999, 67, 17.41, 42.2, 0.8, 1, 67, 55.13, 44.08, 1, 1, 67, 60.2, 2.86, 1, 1, 67, 66.23, -46.33, 1, 1, 67, 71.12999, -86.2, 1, 2, 59, 73.19999, -75.12, 0.19999, 67, 35.88, -73.35, 0.8, 3, 59, 40.34, -50.84, 0.22275, 67, 1.74, -50.91, 0.4, 38, 147.2, -4.32, 0.37724, 1, 38, 119.82, -4.14, 1, 1, 38, 94.36, -3.97, 1, 1, 38, 81.75, 8.96, 1, 1, 38, 69.46, 21.57, 1, 1, 38, 84.4, 33.49, 1, 2, 59, 31.48, -3.66, 0.6, 67, -9.68, -4.29, 0.4, 2, 59, 73.55, -3.19, 0.19999, 67, 32.29, -1.51, 0.8, 2, 59, 67.93, -39.05, 0.19999, 67, 28.64, -37.63, 0.8, 3, 51, 58.03, -2.7, 0.57405, 59, 13.91, -1.61, 0.42027, 38, 109.27, 36.7, 0.00567, 1, 38, 110.49, 17.53, 1 ],
				"hull": 16
			}
		},
		"zuofa01_": {
			"zuofa01_": {
				"type": "skinnedmesh",
				"uvs": [ 0.25701, 0, 0, 0.44093, 0.34223, 1, 1, 0.93229, 1, 0.62519, 0.92401, 0.19142 ],
				"triangles": [ 4, 1, 5, 5, 1, 0, 3, 2, 4, 4, 2, 1 ],
				"vertices": [ 1, 40, -4.65, -1.67, 1, 1, 40, 21.99, -9.34, 1, 1, 40, 57.12, -7.11, 1, 1, 40, 54.28, 5.11, 1, 1, 40, 35.36, 7.25, 1, 1, 40, 8.47999, 8.91, 1 ],
				"hull": 6
			}
		},
		"zuofaji_": {
			"zuofaji_": {
				"type": "skinnedmesh",
				"uvs": [ 0.14402, 0.07006, 1.0E-5, 0.43232, 0.08788, 0.7233, 0.55298, 1, 0.99998, 0.93417, 1, 0.41995, 0.83378, 0.11601, 0.48278, 0 ],
				"triangles": [ 5, 3, 2, 7, 1, 0, 4, 3, 5, 7, 5, 2, 6, 5, 7, 7, 2, 1 ],
				"vertices": [ 1, 41, -6.31, 4.86, 1, 1, 41, 11.67, -15.76, 1, 1, 41, 31.69, -24.05, 1, 1, 41, 61.18, -16.43, 1, 1, 41, 69.43, 4.41, 1, 1, 41, 38.29, 25.38, 1, 1, 41, 15.34, 31.02, 1, 1, 41, -1.28, 21.48, 1 ],
				"hull": 8
			}
		},
		"zuoqianfa_": {
			"zuoqianfa_": {
				"type": "skinnedmesh",
				"uvs": [ 0.7452, 0, 0.57346, 0.20766, 0.55246, 0.33013, 0.53293, 0.44408, 0.49951, 0.52716, 0.453, 0.64276, 0.28639, 0.7314, 0.13169, 0.8137, 0, 1, 0.60695, 1, 0.90844, 0.84886, 0.9542, 0.71428, 0.99998, 0.57959, 0.99054, 0.4672, 0.97982, 0.33954, 0.95363, 0.23806, 0.92737, 0.13633 ],
				"triangles": [ 10, 5, 11, 9, 5, 10, 6, 5, 9, 7, 6, 9, 8, 7, 9, 13, 11, 1, 11, 13, 12, 11, 3, 2, 11, 4, 3, 1, 14, 13, 11, 5, 4, 14, 1, 15, 15, 1, 16, 2, 1, 11, 1, 0, 16 ],
				"vertices": [ 1, 42, 2.88, -1.52, 1, 2, 42, 28.23, -9.53, 0.19999, 52, 7.85, -8.72999, 0.8, 2, 52, 22.83, -8.85, 0.47861, 60, -3.14, -8.67, 0.52138, 2, 52, 36.75999, -8.96, 0.2, 60, 10.78, -8.67, 0.79999, 3, 52, 46.97, -9.93, 0.09559, 60, 21, -9.57, 0.66399, 68, -5.23999, -10.18999, 0.2404, 2, 60, 35.22, -10.83, 0.492, 68, 8.99, -9.22, 0.508, 2, 60, 46.52, -17.93, 0.40043, 68, 21.26, -14.48, 0.59956, 2, 60, 57.02, -24.52, 0.08799, 68, 32.66, -19.37, 0.912, 1, 68, 56.19, -20.4, 1, 2, 60, 78.23, -0.74, 0.08799, 68, 49.91, 7.41, 0.912, 2, 60, 58.9, 12.18, 0.256, 68, 28.81, 17.18, 0.74399, 2, 60, 42.38, 13.24, 0.488, 68, 12.32, 15.67, 0.51199, 2, 60, 25.84, 14.31, 0.70399, 68, -4.17, 14.15, 0.296, 1, 60, 12.19, 12.97, 1, 2, 52, 22.81, 11.26, 0.47599, 60, -3.31, 11.44, 0.524, 3, 42, 31.89, 8.33, 0.21124, 52, 10.52, 9.32, 0.43675, 60, -15.59, 9.39999, 0.352, 2, 42, 19.49, 7.07, 0.5, 52, -1.79, 7.36, 0.5 ],
				"hull": 17
			}
		},
		"zuoshangbi_": {
			"zuoshangbi_": {
				"type": "skinnedmesh",
				"uvs": [ 0, 0.21373, 0.12721, 0.13118, 0.26229, 0.03632, 0.37338, 0, 0.46871, 0.06642, 0.55862, 0.17927, 0.70249, 0.29212, 0.87783, 0.39244, 0.99921, 0.53245, 0.99999, 0.73726, 0.99999, 0.86845, 0.99999, 0.99849, 0.92728, 1, 0.91177, 0.89834, 0.89581, 0.79369, 0.85984, 0.66203, 0.74289, 0.5416, 0.48312, 0.51204, 0.27467, 0.54989, 0.17199, 0.63937, 0.10264, 0.55873, 0.12774, 0.47085, 0.08789, 0.38424, 0.00514, 0.2976, 0.30952, 0.12989, 0.39587, 0.22783, 0.52711, 0.30811, 0.63419, 0.39642, 0.8207, 0.48312, 0.16445, 0.22623, 0.26807, 0.31935, 0.33024, 0.4205 ],
				"triangles": [ 20, 21, 18, 12, 13, 11, 13, 10, 11, 13, 14, 10, 14, 9, 10, 14, 15, 9, 15, 8, 9, 18, 31, 17, 19, 20, 18, 16, 28, 15, 15, 28, 8, 18, 21, 31, 17, 26, 27, 17, 31, 26, 27, 6, 28, 28, 6, 7, 21, 30, 31, 21, 22, 30, 31, 25, 26, 31, 30, 25, 27, 26, 6, 22, 29, 30, 22, 23, 29, 30, 24, 25, 30, 29, 24, 26, 5, 6, 26, 25, 5, 23, 0, 29, 25, 4, 5, 25, 24, 4, 0, 1, 29, 29, 1, 24, 1, 2, 24, 17, 27, 16, 16, 27, 28, 28, 7, 8, 24, 3, 4, 24, 2, 3 ],
				"vertices": [ 2, 28, 48.28, -21.63, 0.5, 13, 95.41, -71.53, 0.5, 2, 28, 40.59, 3.19, 0.8, 13, 115.52, -88, 0.2, 2, 45, 34.93999, 6.01, 0.5, 28, 30.95, 30.68, 0.5, 1, 45, 38.9, -9.64999, 1, 2, 45, 18.95999, -14.17, 0.5, 28, 51.94, 45.59, 0.5, 1, 28, 81.43, 36.66, 1, 1, 28, 114.8, 32.84999, 1, 1, 28, 147.87, 33.95, 1, 2, 53, 2.25, 15.02, 0.5, 44, -0.38, 52.07, 0.5, 2, 53, 54.36, 9.25, 0.19999, 61, 22.35, 10.13, 0.8, 2, 61, 55.85, 7.69, 0.19999, 69, 15.87, 7.18, 0.8, 1, 69, 48.89, 2.95, 1, 1, 69, 48.17, -5.67, 1, 2, 61, 62.72, -3.32, 0.19999, 69, 22.12, -4.19, 0.8, 2, 61, 35.86, -3.27, 0.5, 69, -4.67999, -2.67, 0.5, 2, 53, 33.34999, -5.16, 0.5, 61, 1.93, -5.09, 0.5, 2, 53, 1.16, -15.54, 0.5, 44, 14.73, 25.48, 0.5, 2, 28, 143.89, -21.97, 0.3, 44, 21.07, -5.7, 0.7, 1, 44, 40.41, -24.01, 1, 1, 44, 66.33999, -25.3, 1, 2, 28, 126.05, -65.26999, 0.3, 43, 28.71, -10.07, 0.7, 2, 28, 109.93, -49.3, 0.5, 43, 6.15, -12.52, 0.5, 2, 28, 89.39, -39.68, 0.8, 13, 51.18, -79.15, 0.2, 2, 28, 65.76, -34.12, 0.5, 13, 73.94999, -70.76, 0.5, 1, 28, 53.44, 20.68, 1, 1, 28, 79.62999, 13.71, 1, 1, 28, 105.45, 13.74, 1, 1, 28, 131.16, 10.22999, 1, 2, 28, 162.26, 14.51, 0.3, 44, -2.75, 27.47, 0.7, 2, 28, 62.66, -7.97, 0.8, 13, 90.96, -90.86, 0.2, 1, 28, 89.11, -12.55, 1, 1, 28, 114.22, -22.31, 1 ],
				"hull": 24
			}
		},
		"zuoshou_": {
			"zuoshou_": {
				"type": "skinnedmesh",
				"uvs": [ 0.09643, 0.09052, 0.42625, 0, 0.60844, 0.09973, 0.90057, 0.56007, 1, 0.8639, 1, 1, 0.76236, 0.9928, 0.58017, 0.65214, 0.40112, 0.85469, 0.18752, 0.78564, 0.03361, 0.48642, 0.17147, 0.31933, 0.37152, 0.16811, 0.11461, 0.22057, 0.40384, 0.36511, 0.67554, 0.39466 ],
				"triangles": [ 12, 0, 1, 13, 0, 12, 12, 1, 2, 14, 2, 15, 7, 14, 15, 14, 12, 2, 11, 12, 14, 14, 10, 11, 9, 10, 14, 9, 14, 7, 8, 9, 7, 6, 7, 3, 3, 15, 2, 7, 15, 3, 6, 3, 4, 6, 4, 5 ],
				"vertices": [ 1, 71, 27.11, -3.9, 1, 2, 62, 18.16, -17.70999, 0.5, 71, -1.37, -5.1, 0.5, 2, 54, 40.29, -4.84, 0.5, 62, 3.26, -10.56, 0.5, 1, 44, 80.94999, -2.84, 1, 1, 44, 93.28, 12.31, 1, 1, 44, 100.42, 15.68, 1, 1, 54, -4.86, 23.71, 1, 2, 54, 19.96999, 20.04, 0.5, 62, 8.54, 21.13, 0.5, 2, 70, 18.95999, 25.35, 0.5, 62, 24.76, 31.45, 0.5, 1, 70, 30.63, 10.87, 1, 1, 70, 29.99, -10.85, 1, 1, 70, 14.78, -11.08, 1, 3, 70, -3.96, -7.29, 0.35, 62, 23.68, -8.42, 0.35, 71, 4.61, 3.88, 0.3, 1, 71, 26.66, 3.78, 1, 2, 70, 1.03, 3.33, 0.5, 62, 21.97, 3.19, 0.5, 2, 54, 24.37, 3.63, 0.5, 62, -0.87, 6.98, 0.5 ],
				"hull": 14
			}
		},
		"zuoxiaobi_": {
			"zuoxiaobi_": {
				"type": "skinnedmesh",
				"uvs": [ 0.10244, 0.11528, 0.20314, 0.0372, 0.37768, 0, 0.56901, 0, 0.73348, 0.06914, 0.80732, 0.2182, 0.8476, 0.40631, 0.88788, 0.58909, 0.8736, 0.71874, 0.94592, 0.85558, 1, 1, 0.74273, 1, 0.45381, 0.99673, 0.30109, 1, 0.23506, 1, 0.20924, 0.82728, 0.11029, 0.62712, 0.00703, 0.44742, 0, 0.27001, 0.08017, 0.21087, 0.3682, 0.11272, 0.27759, 0.22848, 0.57206, 0.14665, 0.54563, 0.25442, 0.16811, 0.32827, 0.41727, 0.36021, 0.25494, 0.48395, 0.68909, 0.32827, 0.68154, 0.49194, 0.69286, 0.68354, 0.72227, 0.85309, 0.44882, 0.48944, 0.48733, 0.64469, 0.50848, 0.83699, 0.32263, 0.63296, 0.34054, 0.83448 ],
				"triangles": [ 13, 14, 15, 15, 34, 35, 15, 16, 34, 16, 17, 26, 17, 24, 26, 35, 13, 15, 33, 30, 11, 12, 33, 11, 12, 35, 33, 11, 30, 9, 11, 9, 10, 30, 8, 9, 12, 13, 35, 35, 34, 32, 33, 32, 29, 33, 29, 30, 30, 29, 8, 32, 28, 29, 35, 32, 33, 26, 25, 31, 34, 26, 31, 28, 31, 27, 32, 31, 28, 34, 31, 32, 16, 26, 34, 29, 28, 7, 28, 6, 7, 8, 29, 7, 27, 5, 6, 28, 27, 6, 20, 1, 2, 22, 3, 4, 21, 1, 20, 0, 1, 21, 19, 0, 21, 20, 3, 22, 3, 20, 2, 23, 20, 22, 25, 21, 20, 24, 19, 21, 5, 27, 22, 5, 22, 4, 23, 22, 27, 23, 25, 20, 24, 17, 18, 24, 18, 19, 25, 26, 24, 25, 24, 21, 31, 25, 23, 31, 23, 27 ],
				"vertices": [ 1, 44, 46.48, -36.04, 1, 2, 28, 121.43, -36.68, 0.5, 44, 23.71, -32.41, 0.5, 2, 28, 127.8, -13.25, 0.5, 44, 5.9, -15.91, 0.5, 2, 28, 142.72, 6.41, 0.5, 44, -4.62, 6.4, 0.5, 2, 28, 168.99, 13.12, 0.5, 44, 1.59, 32.79, 0.5, 2, 53, 31.02, 2.97, 0.5, 61, -0.71, 2.94, 0.5, 2, 61, 45.43, 4.79, 0.5, 69, 5.31, 4.85, 0.5, 1, 69, 50.21, 4.33, 1, 3, 69, 81.35, -1.51, 0.408, 72, 30.14, 29.21, 0.41439, 76, -16.42, 29.14, 0.17759, 3, 69, 115.66, 3.49, 0.224, 72, 64.19999, 35.66999, 0.2328, 76, 17.45999, 36.41, 0.54319, 2, 69, 151.5, 5.93, 0.15199, 76, 53.06, 41.21, 0.84799, 1, 76, 51.04, 8.09, 1, 1, 76, 47.96, -29.05, 1, 2, 76, 47.55, -48.77, 0.768, 77, 51.93, 1.96, 0.23199, 1, 77, 51.86, -6.55, 1, 2, 73, 46.36, -11.35, 0.39999, 77, 9.68999, -9.52, 0.6, 2, 64, 29.48, -14.02, 0.6, 73, -4.02, -14.44, 0.4, 2, 44, 125.03, -12.62, 0.19999, 56, 9.35999, -18.87999, 0.8, 2, 44, 86.26, -31.9, 0.5, 54, 29.83, 11.57, 0.5, 1, 44, 68.8, -28.69, 1, 1, 44, 31.3, -5.3, 1, 1, 44, 61.83, -3.83, 1, 1, 44, 27.57, 22.01, 1, 1, 44, 52.81, 30.14, 1, 2, 44, 89.88, -6.22, 0.5, 54, 4.31, 6.95, 0.5, 2, 44, 83.22, 26.17, 0.5, 55, 11.57, -20.23, 0.5, 3, 55, 39.12, -44.54, 0.24, 63, 4.4, -44.41, 0.56, 64, -1.5, 10.63, 0.19999, 3, 44, 61.22, 54.56, 0.3, 61, 24.96, -14.22, 0.4, 55, 7.91, 15.5, 0.3, 3, 69, 23.31, -19.04, 0.4, 55, 47.46, 9.88, 0.18, 63, 12.3, 10.08, 0.42, 2, 63, 58.94, 6.46, 0.19999, 72, 19.61, 6.7, 0.8, 2, 72, 61.15, 6.97, 0.3, 76, 15.1, 7.64, 0.7, 2, 55, 43.36, -19.86, 0.3, 63, 8.43999, -19.69, 0.7, 2, 63, 46.64, -18.86, 0.39999, 72, 7.91, -18.9, 0.6, 2, 72, 54.89, -20.16, 0.39999, 76, 9.49, -19.62999, 0.6, 3, 63, 41.49, -39.66999, 0.3104, 72, 3.25, -39.83, 0.4656, 73, 2.65, 12.15, 0.22399, 3, 72, 52.44, -41.7, 0.2472, 76, 7.55, -41.22, 0.5768, 77, 11.59, 7.39, 0.17599 ],
				"hull": 20
			}
		},
		"zuoyiling_": {
			"zuoyiling_": {
				"type": "skinnedmesh",
				"uvs": [ 1, 0.52358, 1, 1, 0.51044, 1, 0, 1, 0, 0.59839, 0, 0, 0.41944, 0, 1, 0, 0.5106, 0.53841 ],
				"triangles": [ 8, 0, 1, 0, 8, 7, 8, 6, 7, 4, 6, 8, 2, 8, 1, 8, 2, 4, 2, 3, 4, 4, 5, 6 ],
				"vertices": [ 1, 45, 19.86, -5.11, 1, 2, 28, 63.36, 25.93, 0.5, 45, 2.5, 1.51, 0.5, 1, 28, 50.05, 8.35999, 1, 1, 28, 36.18, -9.93999, 1, 1, 28, 23.69, -0.48, 1, 1, 28, 5.09, 13.61, 1, 2, 28, 16.49, 28.66, 0.5, 45, 48.26, 12, 0.5, 1, 45, 38.93, -12.4, 1, 2, 28, 35.71, 19.24, 0.5, 45, 27.18, 15.66, 0.5 ],
				"hull": 8
			}
		}
	}
},
"animations": {
	"dj": {
		"slots": {
			"yanpi_": {
				"attachment": [
					{ "time": 0, "name": "yanpi_" }
				],
				"color": [
					{ "time": 0, "color": "ffffff00" },
					{ "time": 0.1, "color": "fffffffc" },
					{ "time": 0.2666, "color": "ffffff00" }
				]
			}
		},
		"bones": {
			"root": {
				"rotate": [
					{ "time": 0, "angle": 0, "curve": "stepped" },
					{ "time": 2, "angle": 0 }
				],
				"translate": [
					{ "time": 0, "x": 0, "y": 0, "curve": "stepped" },
					{ "time": 2, "x": 0, "y": 0 }
				],
				"scale": [
					{ "time": 0, "x": 1, "y": 1, "curve": "stepped" },
					{ "time": 2, "x": 1, "y": 1 }
				]
			},
			"bone": {
				"rotate": [
					{ "time": 0, "angle": 0, "curve": "stepped" },
					{ "time": 2, "angle": 0 }
				],
				"translate": [
					{
						"time": 0,
						"x": 0,
						"y": 0,
						"curve": [ 0.25, 0, 0.75, 1 ]
					},
					{
						"time": 1,
						"x": 0,
						"y": -1.63,
						"curve": [ 0.25, 0, 0.75, 1 ]
					},
					{ "time": 2, "x": 0, "y": 0 }
				],
				"scale": [
					{ "time": 0, "x": 1, "y": 1, "curve": "stepped" },
					{ "time": 2, "x": 1, "y": 1 }
				]
			},
			"liusu01": {
				"rotate": [
					{
						"time": 0,
						"angle": 0,
						"curve": [ 0.148, 0.19, 0.75, 1 ]
					},
					{
						"time": 0.5,
						"angle": 6.75,
						"curve": [ 0.25, 0, 0.75, 1 ]
					},
					{
						"time": 1.5,
						"angle": -7.24,
						"curve": [ 0.25, 0, 0.843, 0.79 ]
					},
					{ "time": 2, "angle": 0 }
				],
				"translate": [
					{ "time": 0, "x": 0, "y": 0, "curve": "stepped" },
					{ "time": 2, "x": 0, "y": 0 }
				],
				"scale": [
					{ "time": 0, "x": 1, "y": 1, "curve": "stepped" },
					{ "time": 2, "x": 1, "y": 1 }
				]
			},
			"liusu02": {
				"rotate": [
					{
						"time": 0,
						"angle": 0,
						"curve": [ 0.148, 0.19, 0.75, 1 ]
					},
					{
						"time": 0.5,
						"angle": -9.86,
						"curve": [ 0.25, 0, 0.75, 1 ]
					},
					{
						"time": 1.5,
						"angle": 3.96,
						"curve": [ 0.25, 0, 0.843, 0.79 ]
					},
					{ "time": 2, "angle": 0 }
				],
				"translate": [
					{ "time": 0, "x": 0, "y": 0, "curve": "stepped" },
					{ "time": 2, "x": 0, "y": 0 }
				],
				"scale": [
					{ "time": 0, "x": 1, "y": 1, "curve": "stepped" },
					{ "time": 2, "x": 1, "y": 1 }
				]
			},
			"shenti": {
				"rotate": [
					{
						"time": 0,
						"angle": 0,
						"curve": [ 0.543, 0.19, 0.75, 1 ]
					},
					{
						"time": 1,
						"angle": -0.88,
						"curve": [ 0.25, 0, 0.464, 0.79 ]
					},
					{ "time": 2, "angle": 0 }
				],
				"translate": [
					{ "time": 0, "x": 0, "y": 0, "curve": "stepped" },
					{ "time": 2, "x": 0, "y": 0 }
				],
				"scale": [
					{ "time": 0, "x": 1, "y": 1, "curve": "stepped" },
					{ "time": 2, "x": 1, "y": 1 }
				]
			},
			"shenti6": {
				"rotate": [
					{ "time": 0, "angle": 0, "curve": "stepped" },
					{ "time": 2, "angle": 0 }
				],
				"translate": [
					{ "time": 0, "x": 0, "y": 0, "curve": "stepped" },
					{ "time": 2, "x": 0, "y": 0 }
				],
				"scale": [
					{ "time": 0, "x": 1, "y": 1, "curve": "stepped" },
					{ "time": 2, "x": 1, "y": 1 }
				]
			},
			"tui": {
				"rotate": [
					{ "time": 0, "angle": 0, "curve": "stepped" },
					{ "time": 2, "angle": 0 }
				],
				"translate": [
					{ "time": 0, "x": 0, "y": 0, "curve": "stepped" },
					{ "time": 2, "x": 0, "y": 0 }
				],
				"scale": [
					{
						"time": 0,
						"x": 1,
						"y": 1,
						"curve": [ 0.543, 0.19, 0.75, 1 ]
					},
					{
						"time": 1,
						"x": 0.989,
						"y": 1,
						"curve": [ 0.25, 0, 0.464, 0.79 ]
					},
					{ "time": 2, "x": 1, "y": 1 }
				]
			},
			"hudiejie01": {
				"rotate": [
					{
						"time": 0,
						"angle": 0,
						"curve": [ 0.148, 0.19, 0.75, 1 ]
					},
					{
						"time": 0.5,
						"angle": -4.5,
						"curve": [ 0.25, 0, 0.75, 1 ]
					},
					{
						"time": 1.5,
						"angle": 2.34,
						"curve": [ 0.25, 0, 0.843, 0.79 ]
					},
					{ "time": 2, "angle": 0 }
				],
				"translate": [
					{ "time": 0, "x": 0, "y": 0, "curve": "stepped" },
					{ "time": 2, "x": 0, "y": 0 }
				],
				"scale": [
					{ "time": 0, "x": 1, "y": 1, "curve": "stepped" },
					{ "time": 2, "x": 1, "y": 1 }
				]
			},
			"hudiejie02": {
				"rotate": [
					{
						"time": 0,
						"angle": 0,
						"curve": [ 0.148, 0.19, 0.75, 1 ]
					},
					{
						"time": 0.5,
						"angle": -6.24,
						"curve": [ 0.25, 0, 0.75, 1 ]
					},
					{
						"time": 1.5,
						"angle": 4.68,
						"curve": [ 0.25, 0, 0.843, 0.79 ]
					},
					{ "time": 2, "angle": 0 }
				],
				"translate": [
					{ "time": 0, "x": 0, "y": 0, "curve": "stepped" },
					{ "time": 2, "x": 0, "y": 0 }
				],
				"scale": [
					{ "time": 0, "x": 1, "y": 1, "curve": "stepped" },
					{ "time": 2, "x": 1, "y": 1 }
				]
			},
			"liusu1": {
				"rotate": [
					{
						"time": 0,
						"angle": 0,
						"curve": [ 0.539, 0.2, 0.75, 1 ]
					},
					{
						"time": 1,
						"angle": 8.85,
						"curve": [ 0.25, 0, 0.456, 0.79 ]
					},
					{ "time": 2, "angle": 0 }
				],
				"translate": [
					{ "time": 0, "x": 0, "y": 0, "curve": "stepped" },
					{ "time": 2, "x": 0, "y": 0 }
				],
				"scale": [
					{ "time": 0, "x": 1, "y": 1, "curve": "stepped" },
					{ "time": 2, "x": 1, "y": 1 }
				]
			},
			"liusu2": {
				"rotate": [
					{
						"time": 0,
						"angle": 0,
						"curve": [ 0.539, 0.2, 0.75, 1 ]
					},
					{
						"time": 1,
						"angle": -12.95,
						"curve": [ 0.25, 0, 0.456, 0.79 ]
					},
					{ "time": 2, "angle": 0 }
				],
				"translate": [
					{ "time": 0, "x": 0, "y": 0, "curve": "stepped" },
					{ "time": 2, "x": 0, "y": 0 }
				],
				"scale": [
					{ "time": 0, "x": 1, "y": 1, "curve": "stepped" },
					{ "time": 2, "x": 1, "y": 1 }
				]
			},
			"shangliusu01": {
				"rotate": [
					{
						"time": 0,
						"angle": 0,
						"curve": [ 0.539, 0.2, 0.75, 1 ]
					},
					{
						"time": 1,
						"angle": 8.88,
						"curve": [ 0.25, 0, 0.456, 0.79 ]
					},
					{ "time": 2, "angle": 0 }
				],
				"translate": [
					{ "time": 0, "x": 0, "y": 0, "curve": "stepped" },
					{ "time": 2, "x": 0, "y": 0 }
				],
				"scale": [
					{ "time": 0, "x": 1, "y": 1, "curve": "stepped" },
					{ "time": 2, "x": 1, "y": 1 }
				]
			},
			"shangliusu02": {
				"rotate": [
					{
						"time": 0,
						"angle": 0,
						"curve": [ 0.539, 0.2, 0.75, 1 ]
					},
					{
						"time": 1,
						"angle": -5.26,
						"curve": [ 0.25, 0, 0.456, 0.79 ]
					},
					{ "time": 2, "angle": 0 }
				],
				"translate": [
					{ "time": 0, "x": 0, "y": 0, "curve": "stepped" },
					{ "time": 2, "x": 0, "y": 0 }
				],
				"scale": [
					{ "time": 0, "x": 1, "y": 1, "curve": "stepped" },
					{ "time": 2, "x": 1, "y": 1 }
				]
			},
			"shenti2": {
				"rotate": [
					{
						"time": 0,
						"angle": 0,
						"curve": [ 0.543, 0.19, 0.75, 1 ]
					},
					{
						"time": 1,
						"angle": 0.9,
						"curve": [ 0.25, 0, 0.464, 0.79 ]
					},
					{ "time": 2, "angle": 0 }
				],
				"translate": [
					{
						"time": 0,
						"x": 0,
						"y": 0,
						"curve": [ 0.543, 0.19, 0.75, 1 ]
					},
					{
						"time": 1,
						"x": -0.76,
						"y": -0.02,
						"curve": [ 0.25, 0, 0.464, 0.79 ]
					},
					{ "time": 2, "x": 0, "y": 0 }
				],
				"scale": [
					{ "time": 0, "x": 1, "y": 1, "curve": "stepped" },
					{ "time": 2, "x": 1, "y": 1 }
				]
			},
			"shenti7": {
				"rotate": [
					{ "time": 0, "angle": 0, "curve": "stepped" },
					{ "time": 2, "angle": 0 }
				],
				"translate": [
					{ "time": 0, "x": 0, "y": 0, "curve": "stepped" },
					{ "time": 2, "x": 0, "y": 0 }
				],
				"scale": [
					{ "time": 0, "x": 1, "y": 1, "curve": "stepped" },
					{ "time": 2, "x": 1, "y": 1 }
				]
			},
			"liusu3": {
				"rotate": [
					{
						"time": 0,
						"angle": 0,
						"curve": [ 0.148, 0.19, 0.75, 1 ]
					},
					{
						"time": 0.5,
						"angle": 15.64,
						"curve": [ 0.25, 0, 0.75, 1 ]
					},
					{
						"time": 1.5,
						"angle": -10.12,
						"curve": [ 0.25, 0, 0.843, 0.79 ]
					},
					{ "time": 2, "angle": 0 }
				],
				"translate": [
					{ "time": 0, "x": 0, "y": 0, "curve": "stepped" },
					{ "time": 2, "x": 0, "y": 0 }
				],
				"scale": [
					{ "time": 0, "x": 1, "y": 1, "curve": "stepped" },
					{ "time": 2, "x": 1, "y": 1 }
				]
			},
			"liusu4": {
				"rotate": [
					{
						"time": 0,
						"angle": 0,
						"curve": [ 0.148, 0.19, 0.75, 1 ]
					},
					{
						"time": 0.5,
						"angle": -21,
						"curve": [ 0.25, 0, 0.75, 1 ]
					},
					{
						"time": 1.5,
						"angle": 13.6,
						"curve": [ 0.25, 0, 0.843, 0.79 ]
					},
					{ "time": 2, "angle": 0 }
				],
				"translate": [
					{ "time": 0, "x": 0, "y": 0, "curve": "stepped" },
					{ "time": 2, "x": 0, "y": 0 }
				],
				"scale": [
					{ "time": 0, "x": 1, "y": 1, "curve": "stepped" },
					{ "time": 2, "x": 1, "y": 1 }
				]
			},
			"shangliusu1": {
				"rotate": [
					{
						"time": 0,
						"angle": 0,
						"curve": [ 0.148, 0.19, 0.75, 1 ]
					},
					{
						"time": 0.5,
						"angle": -10.77,
						"curve": [ 0.25, 0, 0.75, 1 ]
					},
					{
						"time": 1.5,
						"angle": 6.86,
						"curve": [ 0.25, 0, 0.843, 0.79 ]
					},
					{ "time": 2, "angle": 0 }
				],
				"translate": [
					{ "time": 0, "x": 0, "y": 0, "curve": "stepped" },
					{ "time": 2, "x": 0, "y": 0 }
				],
				"scale": [
					{ "time": 0, "x": 1, "y": 1, "curve": "stepped" },
					{ "time": 2, "x": 1, "y": 1 }
				]
			},
			"shangliusu2": {
				"rotate": [
					{
						"time": 0,
						"angle": 0,
						"curve": [ 0.148, 0.19, 0.75, 1 ]
					},
					{
						"time": 0.5,
						"angle": 8.56,
						"curve": [ 0.25, 0, 0.75, 1 ]
					},
					{
						"time": 1.5,
						"angle": -5.67,
						"curve": [ 0.25, 0, 0.843, 0.79 ]
					},
					{ "time": 2, "angle": 0 }
				],
				"translate": [
					{ "time": 0, "x": 0, "y": 0, "curve": "stepped" },
					{ "time": 2, "x": 0, "y": 0 }
				],
				"scale": [
					{ "time": 0, "x": 1, "y": 1, "curve": "stepped" },
					{ "time": 2, "x": 1, "y": 1 }
				]
			},
			"shenti3": {
				"rotate": [
					{ "time": 0, "angle": 0, "curve": "stepped" },
					{ "time": 2, "angle": 0 }
				],
				"translate": [
					{ "time": 0, "x": 0, "y": 0, "curve": "stepped" },
					{ "time": 2, "x": 0, "y": 0 }
				],
				"scale": [
					{ "time": 0, "x": 1, "y": 1, "curve": "stepped" },
					{ "time": 2, "x": 1, "y": 1 }
				]
			},
			"shenti4": {
				"rotate": [
					{
						"time": 0,
						"angle": 0,
						"curve": [ 0.148, 0.19, 0.75, 1 ]
					},
					{
						"time": 0.5,
						"angle": 0.42,
						"curve": [ 0.25, 0, 0.75, 1 ]
					},
					{
						"time": 1.5,
						"angle": -0.3,
						"curve": [ 0.25, 0, 0.851, 0.8 ]
					},
					{ "time": 2, "angle": 0 }
				],
				"translate": [
					{ "time": 0, "x": 0, "y": 0, "curve": "stepped" },
					{ "time": 2, "x": 0, "y": 0 }
				],
				"scale": [
					{ "time": 0, "x": 1, "y": 1, "curve": "stepped" },
					{ "time": 2, "x": 1, "y": 1 }
				]
			},
			"shenti5": {
				"rotate": [
					{
						"time": 0,
						"angle": 0,
						"curve": [ 0.148, 0.19, 0.75, 1 ]
					},
					{
						"time": 0.5,
						"angle": -0.9,
						"curve": [ 0.25, 0, 0.75, 1 ]
					},
					{
						"time": 1.5,
						"angle": 0.49,
						"curve": [ 0.25, 0, 0.851, 0.8 ]
					},
					{ "time": 2, "angle": 0 }
				],
				"translate": [
					{ "time": 0, "x": 0, "y": 0, "curve": "stepped" },
					{ "time": 2, "x": 0, "y": 0 }
				],
				"scale": [
					{ "time": 0, "x": 1, "y": 1, "curve": "stepped" },
					{ "time": 2, "x": 1, "y": 1 }
				]
			},
			"shenti8": {
				"rotate": [
					{ "time": 0, "angle": 0, "curve": "stepped" },
					{ "time": 2, "angle": 0 }
				],
				"translate": [
					{ "time": 0, "x": 0, "y": 0, "curve": "stepped" },
					{ "time": 2, "x": 0, "y": 0 }
				],
				"scale": [
					{ "time": 0, "x": 1, "y": 1, "curve": "stepped" },
					{ "time": 2, "x": 1, "y": 1 }
				]
			},
			"shenti9": {
				"rotate": [
					{ "time": 0, "angle": 0, "curve": "stepped" },
					{ "time": 2, "angle": 0 }
				],
				"translate": [
					{
						"time": 0,
						"x": 0,
						"y": 0,
						"curve": [ 0.539, 0.2, 0.75, 1 ]
					},
					{
						"time": 0.3333,
						"x": 2.51,
						"y": -0.16,
						"curve": [ 0.25, 0, 0.75, 1 ]
					},
					{
						"time": 1.6666,
						"x": -1.84,
						"y": 0.11,
						"curve": [ 0.25, 0, 0.464, 0.8 ]
					},
					{ "time": 2, "x": 0, "y": 0 }
				],
				"scale": [
					{ "time": 0, "x": 1, "y": 1, "curve": "stepped" },
					{ "time": 2, "x": 1, "y": 1 }
				]
			},
			"shangliusu3": {
				"rotate": [
					{
						"time": 0,
						"angle": 0,
						"curve": [ 0.539, 0.2, 0.75, 1 ]
					},
					{
						"time": 1,
						"angle": 14.71,
						"curve": [ 0.25, 0, 0.456, 0.79 ]
					},
					{ "time": 2, "angle": 0 }
				],
				"translate": [
					{ "time": 0, "x": 0, "y": 0, "curve": "stepped" },
					{ "time": 2, "x": 0, "y": 0 }
				],
				"scale": [
					{ "time": 0, "x": 1, "y": 1, "curve": "stepped" },
					{ "time": 2, "x": 1, "y": 1 }
				]
			},
			"shangliusu4": {
				"rotate": [
					{
						"time": 0,
						"angle": 0,
						"curve": [ 0.539, 0.2, 0.75, 1 ]
					},
					{
						"time": 1,
						"angle": -16.34,
						"curve": [ 0.25, 0, 0.456, 0.79 ]
					},
					{ "time": 2, "angle": 0 }
				],
				"translate": [
					{ "time": 0, "x": 0, "y": 0, "curve": "stepped" },
					{ "time": 2, "x": 0, "y": 0 }
				],
				"scale": [
					{ "time": 0, "x": 1, "y": 1, "curve": "stepped" },
					{ "time": 2, "x": 1, "y": 1 }
				]
			},
			"tou": {
				"rotate": [
					{
						"time": 0,
						"angle": 0,
						"curve": [ 0.543, 0.19, 0.75, 1 ]
					},
					{
						"time": 1,
						"angle": -0.75,
						"curve": [ 0.25, 0, 0.464, 0.79 ]
					},
					{ "time": 2, "angle": 0 }
				],
				"translate": [
					{ "time": 0, "x": 0, "y": 0, "curve": "stepped" },
					{ "time": 2, "x": 0, "y": 0 }
				],
				"scale": [
					{ "time": 0, "x": 1, "y": 1, "curve": "stepped" },
					{ "time": 2, "x": 1, "y": 1 }
				]
			},
			"youshou": {
				"rotate": [
					{
						"time": 0,
						"angle": 0,
						"curve": [ 0.543, 0.19, 0.75, 1 ]
					},
					{
						"time": 1,
						"angle": -0.75,
						"curve": [ 0.25, 0, 0.464, 0.79 ]
					},
					{ "time": 2, "angle": 0 }
				],
				"translate": [
					{ "time": 0, "x": 0, "y": 0, "curve": "stepped" },
					{ "time": 2, "x": 0, "y": 0 }
				],
				"scale": [
					{ "time": 0, "x": 1, "y": 1, "curve": "stepped" },
					{ "time": 2, "x": 1, "y": 1 }
				]
			},
			"zuoshangbi": {
				"rotate": [
					{
						"time": 0,
						"angle": 0,
						"curve": [ 0.543, 0.19, 0.75, 1 ]
					},
					{
						"time": 1,
						"angle": -0.2,
						"curve": [ 0.25, 0, 0.464, 0.79 ]
					},
					{ "time": 2, "angle": 0 }
				],
				"translate": [
					{ "time": 0, "x": 0, "y": 0, "curve": "stepped" },
					{ "time": 2, "x": 0, "y": 0 }
				],
				"scale": [
					{ "time": 0, "x": 1, "y": 1, "curve": "stepped" },
					{ "time": 2, "x": 1, "y": 1 }
				]
			},
			"houfa": {
				"rotate": [
					{
						"time": 0,
						"angle": 0,
						"curve": [ 0.539, 0.2, 0.75, 1 ]
					},
					{
						"time": 1,
						"angle": 14.95,
						"curve": [ 0.25, 0, 0.456, 0.79 ]
					},
					{ "time": 2, "angle": 0 }
				],
				"translate": [
					{ "time": 0, "x": 0, "y": 0, "curve": "stepped" },
					{ "time": 2, "x": 0, "y": 0 }
				],
				"scale": [
					{ "time": 0, "x": 1, "y": 1, "curve": "stepped" },
					{ "time": 2, "x": 1, "y": 1 }
				]
			},
			"liuhai": {
				"rotate": [
					{
						"time": 0,
						"angle": 0,
						"curve": [ 0.539, 0.2, 0.75, 1 ]
					},
					{
						"time": 1,
						"angle": 354.43,
						"curve": [ 0.25, 0, 0.456, 0.79 ]
					},
					{ "time": 2, "angle": 0 }
				],
				"translate": [
					{ "time": 0, "x": 0, "y": 0, "curve": "stepped" },
					{ "time": 2, "x": 0, "y": 0 }
				],
				"scale": [
					{ "time": 0, "x": 1, "y": 1, "curve": "stepped" },
					{ "time": 2, "x": 1, "y": 1 }
				]
			},
			"maoling01": {
				"rotate": [
					{
						"time": 0,
						"angle": 0,
						"curve": [ 0.148, 0.19, 0.75, 1 ]
					},
					{
						"time": 0.5,
						"angle": -5.47,
						"curve": [ 0.25, 0, 0.75, 1 ]
					},
					{
						"time": 1.5,
						"angle": 16.47,
						"curve": [ 0.25, 0, 0.851, 0.8 ]
					},
					{ "time": 2, "angle": 0 }
				],
				"translate": [
					{ "time": 0, "x": 0, "y": 0, "curve": "stepped" },
					{ "time": 2, "x": 0, "y": 0 }
				],
				"scale": [
					{ "time": 0, "x": 1, "y": 1, "curve": "stepped" },
					{ "time": 2, "x": 1, "y": 1 }
				]
			},
			"maoling1": {
				"rotate": [
					{
						"time": 0,
						"angle": 0,
						"curve": [ 0.148, 0.19, 0.75, 1 ]
					},
					{
						"time": 0.5,
						"angle": 10.59,
						"curve": [ 0.25, 0, 0.75, 1 ]
					},
					{
						"time": 1.5,
						"angle": -14.04,
						"curve": [ 0.25, 0, 0.851, 0.8 ]
					},
					{ "time": 2, "angle": 0 }
				],
				"translate": [
					{ "time": 0, "x": 0, "y": 0, "curve": "stepped" },
					{ "time": 2, "x": 0, "y": 0 }
				],
				"scale": [
					{ "time": 0, "x": 1, "y": 1, "curve": "stepped" },
					{ "time": 2, "x": 1, "y": 1 }
				]
			},
			"shangliusu5": {
				"rotate": [
					{
						"time": 0,
						"angle": 0,
						"curve": [ 0.25, 0, 0.75, 1 ]
					},
					{
						"time": 0.5,
						"angle": 18.69,
						"curve": [ 0.25, 0, 0.75, 1 ]
					},
					{
						"time": 1.5,
						"angle": -22.17,
						"curve": [ 0.25, 0, 0.75, 1 ]
					},
					{ "time": 2, "angle": 0 }
				],
				"translate": [
					{ "time": 0, "x": 0, "y": 0, "curve": "stepped" },
					{ "time": 2, "x": 0, "y": 0 }
				],
				"scale": [
					{ "time": 0, "x": 1, "y": 1, "curve": "stepped" },
					{ "time": 2, "x": 1, "y": 1 }
				]
			},
			"tou2": {
				"rotate": [
					{
						"time": 0,
						"angle": 0,
						"curve": [ 0.148, 0.19, 0.75, 1 ]
					},
					{
						"time": 0.5,
						"angle": 0.59,
						"curve": [ 0.25, 0, 0.75, 1 ]
					},
					{
						"time": 1.5,
						"angle": -7.27,
						"curve": [ 0.25, 0, 0.851, 0.8 ]
					},
					{ "time": 2, "angle": 0 }
				],
				"translate": [
					{ "time": 0, "x": 0, "y": 0, "curve": "stepped" },
					{ "time": 2, "x": 0, "y": 0 }
				],
				"scale": [
					{ "time": 0, "x": 1, "y": 1, "curve": "stepped" },
					{ "time": 2, "x": 1, "y": 1 }
				]
			},
			"tou3": {
				"rotate": [
					{
						"time": 0,
						"angle": 0,
						"curve": [ 0.539, 0.2, 0.75, 1 ]
					},
					{
						"time": 1,
						"angle": 348.64,
						"curve": [ 0.25, 0, 0.456, 0.79 ]
					},
					{ "time": 2, "angle": 0 }
				],
				"translate": [
					{ "time": 0, "x": 0, "y": 0, "curve": "stepped" },
					{ "time": 2, "x": 0, "y": 0 }
				],
				"scale": [
					{ "time": 0, "x": 1, "y": 1, "curve": "stepped" },
					{ "time": 2, "x": 1, "y": 1 }
				]
			},
			"youfaji": {
				"rotate": [
					{
						"time": 0,
						"angle": 0,
						"curve": [ 0.148, 0.19, 0.75, 1 ]
					},
					{
						"time": 0.5,
						"angle": -1.75,
						"curve": [ 0.25, 0, 0.75, 1 ]
					},
					{
						"time": 1.5,
						"angle": 0.95,
						"curve": [ 0.25, 0, 0.851, 0.8 ]
					},
					{ "time": 2, "angle": 0 }
				],
				"translate": [
					{ "time": 0, "x": 0, "y": 0, "curve": "stepped" },
					{ "time": 2, "x": 0, "y": 0 }
				],
				"scale": [
					{ "time": 0, "x": 1, "y": 1, "curve": "stepped" },
					{ "time": 2, "x": 1, "y": 1 }
				]
			},
			"youqianfa": {
				"rotate": [
					{
						"time": 0,
						"angle": 0,
						"curve": [ 0.148, 0.19, 0.75, 1 ]
					},
					{
						"time": 0.5,
						"angle": -6.83,
						"curve": [ 0.25, 0, 0.75, 1 ]
					},
					{
						"time": 1.5,
						"angle": 4.01,
						"curve": [ 0.25, 0, 0.851, 0.8 ]
					},
					{ "time": 2, "angle": 0 }
				],
				"translate": [
					{ "time": 0, "x": 0, "y": 0, "curve": "stepped" },
					{ "time": 2, "x": 0, "y": 0 }
				],
				"scale": [
					{ "time": 0, "x": 1, "y": 1, "curve": "stepped" },
					{ "time": 2, "x": 1, "y": 1 }
				]
			},
			"youshou2": {
				"rotate": [
					{
						"time": 0,
						"angle": 0,
						"curve": [ 0.148, 0.19, 0.75, 1 ]
					},
					{
						"time": 0.5,
						"angle": 0.95,
						"curve": [ 0.25, 0, 0.75, 1 ]
					},
					{
						"time": 1.5,
						"angle": 0.75,
						"curve": [ 0.25, 0, 0.851, 0.8 ]
					},
					{ "time": 2, "angle": 0 }
				],
				"translate": [
					{ "time": 0, "x": 0, "y": 0, "curve": "stepped" },
					{ "time": 2, "x": 0, "y": 0 }
				],
				"scale": [
					{ "time": 0, "x": 1, "y": 1, "curve": "stepped" },
					{ "time": 2, "x": 1, "y": 1 }
				]
			},
			"youshou6": {
				"rotate": [
					{
						"time": 0,
						"angle": 0,
						"curve": [ 0.539, 0.2, 0.75, 1 ]
					},
					{
						"time": 1,
						"angle": -21.91,
						"curve": [ 0.25, 0, 0.464, 0.8 ]
					},
					{ "time": 2, "angle": 0 }
				],
				"translate": [
					{ "time": 0, "x": 0, "y": 0, "curve": "stepped" },
					{ "time": 2, "x": 0, "y": 0 }
				],
				"scale": [
					{ "time": 0, "x": 1, "y": 1, "curve": "stepped" },
					{ "time": 2, "x": 1, "y": 1 }
				]
			},
			"zuofa01": {
				"rotate": [
					{
						"time": 0,
						"angle": 0,
						"curve": [ 0.148, 0.19, 0.75, 1 ]
					},
					{
						"time": 0.5,
						"angle": -0.1,
						"curve": [ 0.25, 0, 0.75, 1 ]
					},
					{
						"time": 1.5,
						"angle": 5.09,
						"curve": [ 0.25, 0, 0.851, 0.8 ]
					},
					{ "time": 2, "angle": 0 }
				],
				"translate": [
					{ "time": 0, "x": 0, "y": 0, "curve": "stepped" },
					{ "time": 2, "x": 0, "y": 0 }
				],
				"scale": [
					{ "time": 0, "x": 1, "y": 1, "curve": "stepped" },
					{ "time": 2, "x": 1, "y": 1 }
				]
			},
			"zuofaji": {
				"rotate": [
					{
						"time": 0,
						"angle": 0,
						"curve": [ 0.148, 0.19, 0.75, 1 ]
					},
					{
						"time": 0.5,
						"angle": 1.33,
						"curve": [ 0.25, 0, 0.75, 1 ]
					},
					{
						"time": 1.5,
						"angle": -3.28,
						"curve": [ 0.25, 0, 0.851, 0.8 ]
					},
					{ "time": 2, "angle": 0 }
				],
				"translate": [
					{ "time": 0, "x": 0, "y": 0, "curve": "stepped" },
					{ "time": 2, "x": 0, "y": 0 }
				],
				"scale": [
					{ "time": 0, "x": 1, "y": 1, "curve": "stepped" },
					{ "time": 2, "x": 1, "y": 1 }
				]
			},
			"zuoqianfa": {
				"rotate": [
					{
						"time": 0,
						"angle": 0,
						"curve": [ 0.148, 0.19, 0.75, 1 ]
					},
					{
						"time": 0.5,
						"angle": 6.31,
						"curve": [ 0.25, 0, 0.75, 1 ]
					},
					{
						"time": 1.5,
						"angle": -7.92,
						"curve": [ 0.25, 0, 0.851, 0.8 ]
					},
					{ "time": 2, "angle": 0 }
				],
				"translate": [
					{ "time": 0, "x": 0, "y": 0, "curve": "stepped" },
					{ "time": 2, "x": 0, "y": 0 }
				],
				"scale": [
					{ "time": 0, "x": 1, "y": 1, "curve": "stepped" },
					{ "time": 2, "x": 1, "y": 1 }
				]
			},
			"zuoshangbi2": {
				"rotate": [
					{
						"time": 0,
						"angle": 0,
						"curve": [ 0.539, 0.2, 0.75, 1 ]
					},
					{
						"time": 1,
						"angle": 8.76,
						"curve": [ 0.25, 0, 0.456, 0.79 ]
					},
					{ "time": 2, "angle": 0 }
				],
				"translate": [
					{ "time": 0, "x": 0, "y": 0, "curve": "stepped" },
					{ "time": 2, "x": 0, "y": 0 }
				],
				"scale": [
					{ "time": 0, "x": 1, "y": 1, "curve": "stepped" },
					{ "time": 2, "x": 1, "y": 1 }
				]
			},
			"zuoshangbi4": {
				"rotate": [
					{
						"time": 0,
						"angle": 0,
						"curve": [ 0.539, 0.2, 0.75, 1 ]
					},
					{
						"time": 1,
						"angle": -10.54,
						"curve": [ 0.25, 0, 0.456, 0.79 ]
					},
					{ "time": 2, "angle": 0 }
				],
				"translate": [
					{ "time": 0, "x": 0, "y": 0, "curve": "stepped" },
					{ "time": 2, "x": 0, "y": 0 }
				],
				"scale": [
					{ "time": 0, "x": 1, "y": 1, "curve": "stepped" },
					{ "time": 2, "x": 1, "y": 1 }
				]
			},
			"zuoxiaobi": {
				"rotate": [
					{
						"time": 0,
						"angle": 0,
						"curve": [ 0.148, 0.19, 0.75, 1 ]
					},
					{
						"time": 0.5,
						"angle": -1.29,
						"curve": [ 0.25, 0, 0.75, 1 ]
					},
					{
						"time": 1.5,
						"angle": 0.64,
						"curve": [ 0.25, 0, 0.851, 0.8 ]
					},
					{ "time": 2, "angle": 0 }
				],
				"translate": [
					{ "time": 0, "x": 0, "y": 0, "curve": "stepped" },
					{ "time": 2, "x": 0, "y": 0 }
				],
				"scale": [
					{ "time": 0, "x": 1, "y": 1, "curve": "stepped" },
					{ "time": 2, "x": 1, "y": 1 }
				]
			},
			"zuoyiling": {
				"rotate": [
					{
						"time": 0,
						"angle": 0,
						"curve": [ 0.148, 0.19, 0.75, 1 ]
					},
					{
						"time": 0.5,
						"angle": 6.89,
						"curve": [ 0.25, 0, 0.75, 1 ]
					},
					{
						"time": 1.5,
						"angle": -9.23,
						"curve": [ 0.25, 0, 0.851, 0.8 ]
					},
					{ "time": 2, "angle": 0 }
				],
				"translate": [
					{ "time": 0, "x": 0, "y": 0, "curve": "stepped" },
					{ "time": 2, "x": 0, "y": 0 }
				],
				"scale": [
					{ "time": 0, "x": 1, "y": 1, "curve": "stepped" },
					{ "time": 2, "x": 1, "y": 1 }
				]
			},
			"liuhai2": {
				"rotate": [
					{
						"time": 0,
						"angle": 0,
						"curve": [ 0.148, 0.19, 0.75, 1 ]
					},
					{
						"time": 0.5,
						"angle": 10.32,
						"curve": [ 0.25, 0, 0.75, 1 ]
					},
					{
						"time": 1.5,
						"angle": -13.52,
						"curve": [ 0.25, 0, 0.851, 0.8 ]
					},
					{ "time": 2, "angle": 0 }
				],
				"translate": [
					{ "time": 0, "x": 0, "y": 0, "curve": "stepped" },
					{ "time": 2, "x": 0, "y": 0 }
				],
				"scale": [
					{ "time": 0, "x": 1, "y": 1, "curve": "stepped" },
					{ "time": 2, "x": 1, "y": 1 }
				]
			},
			"tou4": {
				"rotate": [
					{
						"time": 0,
						"angle": 0,
						"curve": [ 0.148, 0.19, 0.75, 1 ]
					},
					{
						"time": 0.5,
						"angle": 13.9,
						"curve": [ 0.25, 0, 0.75, 1 ]
					},
					{
						"time": 1.5,
						"angle": -9.27,
						"curve": [ 0.25, 0, 0.851, 0.8 ]
					},
					{ "time": 2, "angle": 0 }
				],
				"translate": [
					{ "time": 0, "x": 0, "y": 0, "curve": "stepped" },
					{ "time": 2, "x": 0, "y": 0 }
				],
				"scale": [
					{ "time": 0, "x": 1, "y": 1, "curve": "stepped" },
					{ "time": 2, "x": 1, "y": 1 }
				]
			},
			"youqianfa2": {
				"rotate": [
					{
						"time": 0,
						"angle": 0,
						"curve": [ 0.539, 0.2, 0.75, 1 ]
					},
					{
						"time": 1,
						"angle": -6.23,
						"curve": [ 0.25, 0, 0.456, 0.79 ]
					},
					{ "time": 2, "angle": 0 }
				],
				"translate": [
					{ "time": 0, "x": 0, "y": 0, "curve": "stepped" },
					{ "time": 2, "x": 0, "y": 0 }
				],
				"scale": [
					{ "time": 0, "x": 1, "y": 1, "curve": "stepped" },
					{ "time": 2, "x": 1, "y": 1 }
				]
			},
			"youshou3": {
				"rotate": [
					{
						"time": 0,
						"angle": 0,
						"curve": [ 0.543, 0.19, 0.75, 1 ]
					},
					{
						"time": 1,
						"angle": -1.86,
						"curve": [ 0.25, 0, 0.464, 0.79 ]
					},
					{ "time": 2, "angle": 0 }
				],
				"translate": [
					{ "time": 0, "x": 0, "y": 0, "curve": "stepped" },
					{ "time": 2, "x": 0, "y": 0 }
				],
				"scale": [
					{ "time": 0, "x": 1, "y": 1, "curve": "stepped" },
					{ "time": 2, "x": 1, "y": 1 }
				]
			},
			"youshou7": {
				"rotate": [
					{
						"time": 0,
						"angle": 0,
						"curve": [ 0.539, 0.2, 0.75, 1 ]
					},
					{
						"time": 1,
						"angle": 11.55,
						"curve": [ 0.25, 0, 0.456, 0.79 ]
					},
					{ "time": 2, "angle": 0 }
				],
				"translate": [
					{ "time": 0, "x": 0, "y": 0, "curve": "stepped" },
					{ "time": 2, "x": 0, "y": 0 }
				],
				"scale": [
					{ "time": 0, "x": 1, "y": 1, "curve": "stepped" },
					{ "time": 2, "x": 1, "y": 1 }
				]
			},
			"youyixiu": {
				"rotate": [
					{
						"time": 0,
						"angle": 0,
						"curve": [ 0.539, 0.2, 0.75, 1 ]
					},
					{
						"time": 1,
						"angle": -5.27,
						"curve": [ 0.25, 0, 0.456, 0.79 ]
					},
					{ "time": 2, "angle": 0 }
				],
				"translate": [
					{ "time": 0, "x": 0, "y": 0, "curve": "stepped" },
					{ "time": 2, "x": 0, "y": 0 }
				],
				"scale": [
					{ "time": 0, "x": 1, "y": 1, "curve": "stepped" },
					{ "time": 2, "x": 1, "y": 1 }
				]
			},
			"zuoqianfa2": {
				"rotate": [
					{
						"time": 0,
						"angle": 0,
						"curve": [ 0.539, 0.2, 0.75, 1 ]
					},
					{
						"time": 1,
						"angle": 14.83,
						"curve": [ 0.25, 0, 0.456, 0.79 ]
					},
					{ "time": 2, "angle": 0 }
				],
				"translate": [
					{ "time": 0, "x": 0, "y": 0, "curve": "stepped" },
					{ "time": 2, "x": 0, "y": 0 }
				],
				"scale": [
					{ "time": 0, "x": 1, "y": 1, "curve": "stepped" },
					{ "time": 2, "x": 1, "y": 1 }
				]
			},
			"zuoshangbi3": {
				"rotate": [
					{
						"time": 0,
						"angle": 0,
						"curve": [ 0.148, 0.19, 0.75, 1 ]
					},
					{
						"time": 0.5,
						"angle": -13.8,
						"curve": [ 0.25, 0, 0.75, 1 ]
					},
					{
						"time": 1.5,
						"angle": 12.75,
						"curve": [ 0.25, 0, 0.843, 0.79 ]
					},
					{ "time": 2, "angle": 0 }
				],
				"translate": [
					{ "time": 0, "x": 0, "y": 0, "curve": "stepped" },
					{ "time": 2, "x": 0, "y": 0 }
				],
				"scale": [
					{ "time": 0, "x": 1, "y": 1, "curve": "stepped" },
					{ "time": 2, "x": 1, "y": 1 }
				]
			},
			"zuoshou": {
				"rotate": [
					{
						"time": 0,
						"angle": 0,
						"curve": [ 0.543, 0.19, 0.75, 1 ]
					},
					{
						"time": 1,
						"angle": -1.33,
						"curve": [ 0.25, 0, 0.464, 0.79 ]
					},
					{ "time": 2, "angle": 0 }
				],
				"translate": [
					{ "time": 0, "x": 0, "y": 0, "curve": "stepped" },
					{ "time": 2, "x": 0, "y": 0 }
				],
				"scale": [
					{ "time": 0, "x": 1, "y": 1, "curve": "stepped" },
					{ "time": 2, "x": 1, "y": 1 }
				]
			},
			"zuoxiaobi2": {
				"rotate": [
					{
						"time": 0,
						"angle": 0,
						"curve": [ 0.148, 0.19, 0.75, 1 ]
					},
					{
						"time": 0.5,
						"angle": -6.64,
						"curve": [ 0.25, 0, 0.75, 1 ]
					},
					{
						"time": 1.5,
						"angle": 10.57,
						"curve": [ 0.25, 0, 0.843, 0.79 ]
					},
					{ "time": 2, "angle": 0 }
				],
				"translate": [
					{ "time": 0, "x": 0, "y": 0, "curve": "stepped" },
					{ "time": 2, "x": 0, "y": 0 }
				],
				"scale": [
					{ "time": 0, "x": 1, "y": 1, "curve": "stepped" },
					{ "time": 2, "x": 1, "y": 1 }
				]
			},
			"zuoxiaobi5": {
				"rotate": [
					{
						"time": 0,
						"angle": 0,
						"curve": [ 0.148, 0.19, 0.75, 1 ]
					},
					{
						"time": 0.5,
						"angle": 9.95,
						"curve": [ 0.25, 0, 0.75, 1 ]
					},
					{
						"time": 1.5,
						"angle": -7.61,
						"curve": [ 0.25, 0, 0.843, 0.79 ]
					},
					{ "time": 2, "angle": 0 }
				],
				"translate": [
					{ "time": 0, "x": 0, "y": 0, "curve": "stepped" },
					{ "time": 2, "x": 0, "y": 0 }
				],
				"scale": [
					{ "time": 0, "x": 1, "y": 1, "curve": "stepped" },
					{ "time": 2, "x": 1, "y": 1 }
				]
			},
			"youqianfa3": {
				"rotate": [
					{
						"time": 0,
						"angle": 0,
						"curve": [ 0.148, 0.19, 0.75, 1 ]
					},
					{
						"time": 0.5,
						"angle": 13.64,
						"curve": [ 0.25, 0, 0.75, 1 ]
					},
					{
						"time": 1.5,
						"angle": -14.85,
						"curve": [ 0.25, 0, 0.851, 0.8 ]
					},
					{ "time": 2, "angle": 0 }
				],
				"translate": [
					{ "time": 0, "x": 0, "y": 0, "curve": "stepped" },
					{ "time": 2, "x": 0, "y": 0 }
				],
				"scale": [
					{ "time": 0, "x": 1, "y": 1, "curve": "stepped" },
					{ "time": 2, "x": 1, "y": 1 }
				]
			},
			"youshou4": {
				"rotate": [
					{ "time": 0, "angle": 0, "curve": "stepped" },
					{ "time": 2, "angle": 0 }
				],
				"translate": [
					{ "time": 0, "x": 0, "y": 0, "curve": "stepped" },
					{ "time": 2, "x": 0, "y": 0 }
				],
				"scale": [
					{ "time": 0, "x": 1, "y": 1, "curve": "stepped" },
					{ "time": 2, "x": 1, "y": 1 }
				]
			},
			"youyixiu2": {
				"rotate": [
					{
						"time": 0,
						"angle": 0,
						"curve": [ 0.148, 0.19, 0.75, 1 ]
					},
					{
						"time": 0.5,
						"angle": 6.71,
						"curve": [ 0.25, 0, 0.75, 1 ]
					},
					{
						"time": 1.5,
						"angle": -5.77,
						"curve": [ 0.25, 0, 0.843, 0.79 ]
					},
					{ "time": 2, "angle": 0 }
				],
				"translate": [
					{ "time": 0, "x": 0, "y": 0, "curve": "stepped" },
					{ "time": 2, "x": 0, "y": 0 }
				],
				"scale": [
					{ "time": 0, "x": 1, "y": 1, "curve": "stepped" },
					{ "time": 2, "x": 1, "y": 1 }
				]
			},
			"zuoqianfa3": {
				"rotate": [
					{
						"time": 0,
						"angle": 0,
						"curve": [ 0.148, 0.19, 0.75, 1 ]
					},
					{
						"time": 0.5,
						"angle": -20.01,
						"curve": [ 0.25, 0, 0.75, 1 ]
					},
					{
						"time": 1.5,
						"angle": 17.35,
						"curve": [ 0.25, 0, 0.851, 0.8 ]
					},
					{ "time": 2, "angle": 0 }
				],
				"translate": [
					{ "time": 0, "x": 0, "y": 0, "curve": "stepped" },
					{ "time": 2, "x": 0, "y": 0 }
				],
				"scale": [
					{ "time": 0, "x": 1, "y": 1, "curve": "stepped" },
					{ "time": 2, "x": 1, "y": 1 }
				]
			},
			"zuoshangbi5": {
				"rotate": [
					{
						"time": 0,
						"angle": 0,
						"curve": [ 0.539, 0.2, 0.75, 1 ]
					},
					{
						"time": 1,
						"angle": -18.17,
						"curve": [ 0.25, 0, 0.456, 0.79 ]
					},
					{ "time": 2, "angle": 0 }
				],
				"translate": [
					{ "time": 0, "x": 0, "y": 0, "curve": "stepped" },
					{ "time": 2, "x": 0, "y": 0 }
				],
				"scale": [
					{ "time": 0, "x": 1, "y": 1, "curve": "stepped" },
					{ "time": 2, "x": 1, "y": 1 }
				]
			},
			"zuoshou2": {
				"rotate": [
					{
						"time": 0,
						"angle": 0,
						"curve": [ 0.148, 0.19, 0.75, 1 ]
					},
					{
						"time": 0.5,
						"angle": 2.55,
						"curve": [ 0.25, 0, 0.75, 1 ]
					},
					{
						"time": 1.5,
						"angle": -2.02,
						"curve": [ 0.25, 0, 0.851, 0.8 ]
					},
					{ "time": 2, "angle": 0 }
				],
				"translate": [
					{ "time": 0, "x": 0, "y": 0, "curve": "stepped" },
					{ "time": 2, "x": 0, "y": 0 }
				],
				"scale": [
					{ "time": 0, "x": 1, "y": 1, "curve": "stepped" },
					{ "time": 2, "x": 1, "y": 1 }
				]
			},
			"zuoxiaobi3": {
				"rotate": [
					{
						"time": 0,
						"angle": 0,
						"curve": [ 0.539, 0.2, 0.75, 1 ]
					},
					{
						"time": 1,
						"angle": 2.13,
						"curve": [ 0.25, 0, 0.456, 0.79 ]
					},
					{ "time": 2, "angle": 0 }
				],
				"translate": [
					{ "time": 0, "x": 0, "y": 0, "curve": "stepped" },
					{ "time": 2, "x": 0, "y": 0 }
				],
				"scale": [
					{ "time": 0, "x": 1, "y": 1, "curve": "stepped" },
					{ "time": 2, "x": 1, "y": 1 }
				]
			},
			"zuoxiaobi6": {
				"rotate": [
					{
						"time": 0,
						"angle": 0,
						"curve": [ 0.539, 0.2, 0.75, 1 ]
					},
					{
						"time": 1,
						"angle": 12.11,
						"curve": [ 0.25, 0, 0.456, 0.79 ]
					},
					{ "time": 2, "angle": 0 }
				],
				"translate": [
					{ "time": 0, "x": 0, "y": 0, "curve": "stepped" },
					{ "time": 2, "x": 0, "y": 0 }
				],
				"scale": [
					{ "time": 0, "x": 1, "y": 1, "curve": "stepped" },
					{ "time": 2, "x": 1, "y": 1 }
				]
			},
			"youqianfa4": {
				"rotate": [
					{
						"time": 0,
						"angle": 0,
						"curve": [ 0.539, 0.2, 0.75, 1 ]
					},
					{
						"time": 1,
						"angle": 26.32,
						"curve": [ 0.25, 0, 0.456, 0.79 ]
					},
					{ "time": 2, "angle": 0 }
				],
				"translate": [
					{ "time": 0, "x": 0, "y": 0, "curve": "stepped" },
					{ "time": 2, "x": 0, "y": 0 }
				],
				"scale": [
					{ "time": 0, "x": 1, "y": 1, "curve": "stepped" },
					{ "time": 2, "x": 1, "y": 1 }
				]
			},
			"youshou5": {
				"rotate": [
					{
						"time": 0,
						"angle": 0,
						"curve": [ 0.543, 0.19, 0.75, 1 ]
					},
					{
						"time": 1,
						"angle": -9.59,
						"curve": [ 0.25, 0, 0.464, 0.79 ]
					},
					{ "time": 2, "angle": 0 }
				],
				"translate": [
					{ "time": 0, "x": 0, "y": 0, "curve": "stepped" },
					{ "time": 2, "x": 0, "y": 0 }
				],
				"scale": [
					{ "time": 0, "x": 1, "y": 1, "curve": "stepped" },
					{ "time": 2, "x": 1, "y": 1 }
				]
			},
			"youyixiu3": {
				"rotate": [
					{
						"time": 0,
						"angle": 0,
						"curve": [ 0.539, 0.2, 0.75, 1 ]
					},
					{
						"time": 1,
						"angle": 9.84,
						"curve": [ 0.25, 0, 0.456, 0.79 ]
					},
					{ "time": 2, "angle": 0 }
				],
				"translate": [
					{ "time": 0, "x": 0, "y": 0, "curve": "stepped" },
					{ "time": 2, "x": 0, "y": 0 }
				],
				"scale": [
					{ "time": 0, "x": 1.1, "y": 1, "curve": "stepped" },
					{ "time": 2, "x": 1.1, "y": 1 }
				]
			},
			"zuoqianfa4": {
				"rotate": [
					{
						"time": 0,
						"angle": 0,
						"curve": [ 0.539, 0.2, 0.75, 1 ]
					},
					{
						"time": 1,
						"angle": -37.23,
						"curve": [ 0.25, 0, 0.456, 0.79 ]
					},
					{ "time": 2, "angle": 0 }
				],
				"translate": [
					{ "time": 0, "x": 0, "y": 0, "curve": "stepped" },
					{ "time": 2, "x": 0, "y": 0 }
				],
				"scale": [
					{ "time": 0, "x": 1, "y": 1, "curve": "stepped" },
					{ "time": 2, "x": 1, "y": 1 }
				]
			},
			"zuoshou3": {
				"rotate": [
					{
						"time": 0,
						"angle": 0,
						"curve": [ 0.543, 0.19, 0.75, 1 ]
					},
					{
						"time": 1,
						"angle": -2.45,
						"curve": [ 0.25, 0, 0.464, 0.79 ]
					},
					{ "time": 2, "angle": 0 }
				],
				"translate": [
					{ "time": 0, "x": 0, "y": 0, "curve": "stepped" },
					{ "time": 2, "x": 0, "y": 0 }
				],
				"scale": [
					{ "time": 0, "x": 1, "y": 1, "curve": "stepped" },
					{ "time": 2, "x": 1, "y": 1 }
				]
			},
			"zuoshou4": {
				"rotate": [
					{
						"time": 0,
						"angle": 0,
						"curve": [ 0.543, 0.19, 0.75, 1 ]
					},
					{
						"time": 1,
						"angle": -12.46,
						"curve": [ 0.25, 0, 0.464, 0.79 ]
					},
					{ "time": 2, "angle": 0 }
				],
				"translate": [
					{ "time": 0, "x": 0, "y": 0, "curve": "stepped" },
					{ "time": 2, "x": 0, "y": 0 }
				],
				"scale": [
					{ "time": 0, "x": 1, "y": 1, "curve": "stepped" },
					{ "time": 2, "x": 1, "y": 1 }
				]
			},
			"zuoxiaobi4": {
				"rotate": [
					{
						"time": 0,
						"angle": 0,
						"curve": [ 0.148, 0.19, 0.75, 1 ]
					},
					{
						"time": 0.5,
						"angle": 15.14,
						"curve": [ 0.25, 0, 0.75, 1 ]
					},
					{
						"time": 1.5,
						"angle": -12.51,
						"curve": [ 0.25, 0, 0.843, 0.79 ]
					},
					{ "time": 2, "angle": 0 }
				],
				"translate": [
					{ "time": 0, "x": 0, "y": 0, "curve": "stepped" },
					{ "time": 2, "x": 0, "y": 0 }
				],
				"scale": [
					{ "time": 0, "x": 1.1, "y": 1, "curve": "stepped" },
					{ "time": 2, "x": 1.1, "y": 1 }
				]
			},
			"zuoxiaobi8": {
				"rotate": [
					{
						"time": 0,
						"angle": 0,
						"curve": [ 0.148, 0.19, 0.75, 1 ]
					},
					{
						"time": 0.5,
						"angle": -24.07,
						"curve": [ 0.25, 0, 0.75, 1 ]
					},
					{
						"time": 1.5,
						"angle": 13.2,
						"curve": [ 0.25, 0, 0.843, 0.79 ]
					},
					{ "time": 2, "angle": 0 }
				],
				"translate": [
					{ "time": 0, "x": 0, "y": 0, "curve": "stepped" },
					{ "time": 2, "x": 0, "y": 0 }
				],
				"scale": [
					{ "time": 0, "x": 1.1, "y": 1, "curve": "stepped" },
					{ "time": 2, "x": 1.1, "y": 1 }
				]
			},
			"youqianfa5": {
				"rotate": [
					{
						"time": 0,
						"angle": 0,
						"curve": [ 0.148, 0.19, 0.75, 1 ]
					},
					{
						"time": 0.5,
						"angle": -20.28,
						"curve": [ 0.25, 0, 0.75, 1 ]
					},
					{
						"time": 1.5,
						"angle": 19.64,
						"curve": [ 0.25, 0, 0.851, 0.8 ]
					},
					{ "time": 2, "angle": 0 }
				],
				"translate": [
					{ "time": 0, "x": 0, "y": 0, "curve": "stepped" },
					{ "time": 2, "x": 0, "y": 0 }
				],
				"scale": [
					{ "time": 0, "x": 1, "y": 1, "curve": "stepped" },
					{ "time": 2, "x": 1, "y": 1 }
				]
			},
			"youqianfa7": {
				"rotate": [
					{
						"time": 0,
						"angle": 0,
						"curve": [ 0.539, 0.2, 0.75, 1 ]
					},
					{
						"time": 1,
						"angle": -0.43,
						"curve": [ 0.25, 0, 0.456, 0.79 ]
					},
					{ "time": 2, "angle": 0 }
				],
				"translate": [
					{ "time": 0, "x": 0, "y": 0, "curve": "stepped" },
					{ "time": 2, "x": 0, "y": 0 }
				],
				"scale": [
					{ "time": 0, "x": 1, "y": 1, "curve": "stepped" },
					{ "time": 2, "x": 1, "y": 1 }
				]
			},
			"zuoxiaobi7": {
				"rotate": [
					{
						"time": 0,
						"angle": 0,
						"curve": [ 0.539, 0.2, 0.75, 1 ]
					},
					{
						"time": 1,
						"angle": -18.49,
						"curve": [ 0.25, 0, 0.456, 0.79 ]
					},
					{ "time": 2, "angle": 0 }
				],
				"translate": [
					{ "time": 0, "x": 0, "y": 0, "curve": "stepped" },
					{ "time": 2, "x": 0, "y": 0 }
				],
				"scale": [
					{ "time": 0, "x": 1.1, "y": 1, "curve": "stepped" },
					{ "time": 2, "x": 1.1, "y": 1 }
				]
			},
			"zuoxiaobi9": {
				"rotate": [
					{
						"time": 0,
						"angle": 0,
						"curve": [ 0.539, 0.2, 0.75, 1 ]
					},
					{
						"time": 1,
						"angle": -18.58,
						"curve": [ 0.25, 0, 0.456, 0.79 ]
					},
					{ "time": 2, "angle": 0 }
				],
				"translate": [
					{ "time": 0, "x": 0, "y": 0, "curve": "stepped" },
					{ "time": 2, "x": 0, "y": 0 }
				],
				"scale": [
					{ "time": 0, "x": 1.1, "y": 1, "curve": "stepped" },
					{ "time": 2, "x": 1.1, "y": 1 }
				]
			},
			"youqianfa6": {
				"rotate": [
					{
						"time": 0,
						"angle": 0,
						"curve": [ 0.539, 0.2, 0.75, 1 ]
					},
					{
						"time": 1,
						"angle": -19.03,
						"curve": [ 0.25, 0, 0.456, 0.79 ]
					},
					{ "time": 2, "angle": 0 }
				],
				"translate": [
					{ "time": 0, "x": 0, "y": 0, "curve": "stepped" },
					{ "time": 2, "x": 0, "y": 0 }
				],
				"scale": [
					{ "time": 0, "x": 1, "y": 1, "curve": "stepped" },
					{ "time": 2, "x": 1, "y": 1 }
				]
			}
		}
	}
}
}