{
"skeleton": { "hash": "zUYkPNe43Ri1ybyemnWkp+1Yxts", "spine": "2.1.27", "width": 462, "height": 337 },
"bones": [
	{ "name": "root", "y": 0.69 },
	{ "name": "bone", "parent": "root", "x": 2.18, "y": 41.68 }
],
"slots": [
	{ "name": "lALOEJsby80BUc0Bzg_462_337_", "bone": "bone", "attachment": "lALOEJsby80BUc0Bzg_462_337_" }
],
"skins": {
	"default": {
		"lALOEJsby80BUc0Bzg_462_337_": {
			"lALOEJsby80BUc0Bzg_462_337_": { "y": 10.39, "width": 462, "height": 337 }
		}
	}
},
"animations": {
	"taiwanlibao01": {
		"slots": {
			"lALOEJsby80BUc0Bzg_462_337_": {
				"attachment": [
					{ "time": 0, "name": "lALOEJsby80BUc0Bzg_462_337_" },
					{ "time": 0.0666, "name": "lALOEJsby80BUc0Bzg_462_337_" }
				]
			}
		},
		"bones": {
			"bone": {
				"rotate": [
					{ "time": 0, "angle": 0, "curve": "stepped" },
					{ "time": 0.0666, "angle": 0 }
				],
				"translate": [
					{ "time": 0, "x": 0, "y": 0, "curve": "stepped" },
					{ "time": 0.0666, "x": 0, "y": 0 }
				],
				"scale": [
					{ "time": 0, "x": 1, "y": 1, "curve": "stepped" },
					{ "time": 0.0666, "x": 1, "y": 1 }
				]
			}
		}
	}
}
}