{"skeleton":{"hash":"GYdHQs4CQl37fSctRfh+9NijVe0","spine":"3.7.94","width":0,"height":0,"images":"./images/","audio":"D:/COK项目/Spine工程/皮肤—低级炎魔Spine/低级炎魔待机休闲Spine—B段"},"bones":[{"name":"root"},{"name":"ctrl","parent":"root","scaleX":1.2,"scaleY":1.2},{"name":"low_idle_LD","parent":"ctrl"},{"name":"low_idle_RU","parent":"ctrl"},{"name":"low_idle_RD","parent":"ctrl"},{"name":"low_idle_LU","parent":"ctrl"}],"slots":[{"name":"low_idle_RU","bone":"low_idle_RU"},{"name":"low_idle_RD","bone":"low_idle_RD"},{"name":"low_idle_LU","bone":"low_idle_LU"},{"name":"low_idle_LD","bone":"low_idle_LD"}],"skins":{"default":{"low_idle_LD":{"low_idle_LD_081_":{"width":400,"height":400},"low_idle_LD_084_":{"width":400,"height":400},"low_idle_LD_087_":{"width":400,"height":400},"low_idle_LD_090_":{"width":400,"height":400},"low_idle_LD_093_":{"width":400,"height":400},"low_idle_LD_096_":{"width":400,"height":400},"low_idle_LD_099_":{"width":400,"height":400},"low_idle_LD_102_":{"width":400,"height":400},"low_idle_LD_105_":{"width":400,"height":400},"low_idle_LD_108_":{"width":400,"height":400},"low_idle_LD_111_":{"width":400,"height":400},"low_idle_LD_114_":{"width":400,"height":400},"low_idle_LD_117_":{"width":400,"height":400},"low_idle_LD_120_":{"width":400,"height":400},"low_idle_LD_123_":{"width":400,"height":400},"low_idle_LD_126_":{"width":400,"height":400},"low_idle_LD_129_":{"width":400,"height":400},"low_idle_LD_132_":{"width":400,"height":400},"low_idle_LD_135_":{"width":400,"height":400},"low_idle_LD_138_":{"width":400,"height":400},"low_idle_LD_141_":{"width":400,"height":400},"low_idle_LD_144_":{"width":400,"height":400},"low_idle_LD_147_":{"width":400,"height":400},"low_idle_LD_150_":{"width":400,"height":400},"low_idle_LD_153_":{"width":400,"height":400},"low_idle_LD_156_":{"width":400,"height":400},"low_idle_LD_159_":{"width":400,"height":400}},"low_idle_LU":{"low_idle_LU_081_":{"width":400,"height":400},"low_idle_LU_084_":{"width":400,"height":400},"low_idle_LU_087_":{"width":400,"height":400},"low_idle_LU_090_":{"width":400,"height":400},"low_idle_LU_093_":{"width":400,"height":400},"low_idle_LU_096_":{"width":400,"height":400},"low_idle_LU_099_":{"width":400,"height":400},"low_idle_LU_102_":{"width":400,"height":400},"low_idle_LU_105_":{"width":400,"height":400},"low_idle_LU_108_":{"width":400,"height":400},"low_idle_LU_111_":{"width":400,"height":400},"low_idle_LU_114_":{"width":400,"height":400},"low_idle_LU_117_":{"width":400,"height":400},"low_idle_LU_120_":{"width":400,"height":400},"low_idle_LU_123_":{"width":400,"height":400},"low_idle_LU_126_":{"width":400,"height":400},"low_idle_LU_129_":{"width":400,"height":400},"low_idle_LU_132_":{"width":400,"height":400},"low_idle_LU_135_":{"width":400,"height":400},"low_idle_LU_138_":{"width":400,"height":400},"low_idle_LU_141_":{"width":400,"height":400},"low_idle_LU_144_":{"width":400,"height":400},"low_idle_LU_147_":{"width":400,"height":400},"low_idle_LU_150_":{"width":400,"height":400},"low_idle_LU_153_":{"width":400,"height":400},"low_idle_LU_156_":{"width":400,"height":400},"low_idle_LU_159_":{"width":400,"height":400}},"low_idle_RD":{"low_idle_RD_081_":{"width":400,"height":400},"low_idle_RD_084_":{"width":400,"height":400},"low_idle_RD_087_":{"width":400,"height":400},"low_idle_RD_090_":{"width":400,"height":400},"low_idle_RD_093_":{"width":400,"height":400},"low_idle_RD_096_":{"width":400,"height":400},"low_idle_RD_099_":{"width":400,"height":400},"low_idle_RD_102_":{"width":400,"height":400},"low_idle_RD_105_":{"width":400,"height":400},"low_idle_RD_108_":{"width":400,"height":400},"low_idle_RD_111_":{"width":400,"height":400},"low_idle_RD_114_":{"width":400,"height":400},"low_idle_RD_117_":{"width":400,"height":400},"low_idle_RD_120_":{"width":400,"height":400},"low_idle_RD_123_":{"width":400,"height":400},"low_idle_RD_126_":{"width":400,"height":400},"low_idle_RD_129_":{"width":400,"height":400},"low_idle_RD_132_":{"width":400,"height":400},"low_idle_RD_135_":{"width":400,"height":400},"low_idle_RD_138_":{"width":400,"height":400},"low_idle_RD_141_":{"width":400,"height":400},"low_idle_RD_144_":{"width":400,"height":400},"low_idle_RD_147_":{"width":400,"height":400},"low_idle_RD_150_":{"width":400,"height":400},"low_idle_RD_153_":{"width":400,"height":400},"low_idle_RD_156_":{"width":400,"height":400},"low_idle_RD_159_":{"width":400,"height":400}},"low_idle_RU":{"low_idle_RU_081_":{"width":400,"height":400},"low_idle_RU_084_":{"width":400,"height":400},"low_idle_RU_087_":{"width":400,"height":400},"low_idle_RU_090_":{"width":400,"height":400},"low_idle_RU_093_":{"width":400,"height":400},"low_idle_RU_096_":{"width":400,"height":400},"low_idle_RU_099_":{"width":400,"height":400},"low_idle_RU_102_":{"width":400,"height":400},"low_idle_RU_105_":{"width":400,"height":400},"low_idle_RU_108_":{"width":400,"height":400},"low_idle_RU_111_":{"width":400,"height":400},"low_idle_RU_114_":{"width":400,"height":400},"low_idle_RU_117_":{"width":400,"height":400},"low_idle_RU_120_":{"width":400,"height":400},"low_idle_RU_123_":{"width":400,"height":400},"low_idle_RU_126_":{"width":400,"height":400},"low_idle_RU_129_":{"width":400,"height":400},"low_idle_RU_132_":{"width":400,"height":400},"low_idle_RU_135_":{"width":400,"height":400},"low_idle_RU_138_":{"width":400,"height":400},"low_idle_RU_141_":{"width":400,"height":400},"low_idle_RU_144_":{"width":400,"height":400},"low_idle_RU_147_":{"width":400,"height":400},"low_idle_RU_150_":{"width":400,"height":400},"low_idle_RU_153_":{"width":400,"height":400},"low_idle_RU_156_":{"width":400,"height":400},"low_idle_RU_159_":{"width":400,"height":400}}}},"animations":{"animation":{"slots":{"low_idle_LD":{"attachment":[{"time":2.7,"name":"low_idle_LD_081_"},{"time":2.8,"name":"low_idle_LD_084_"},{"time":2.9,"name":"low_idle_LD_087_"},{"time":3,"name":"low_idle_LD_090_"},{"time":3.1,"name":"low_idle_LD_093_"},{"time":3.2,"name":"low_idle_LD_096_"},{"time":3.3,"name":"low_idle_LD_099_"},{"time":3.4,"name":"low_idle_LD_102_"},{"time":3.5,"name":"low_idle_LD_105_"},{"time":3.6,"name":"low_idle_LD_108_"},{"time":3.7,"name":"low_idle_LD_111_"},{"time":3.8,"name":"low_idle_LD_114_"},{"time":3.9,"name":"low_idle_LD_117_"},{"time":4,"name":"low_idle_LD_120_"},{"time":4.1,"name":"low_idle_LD_123_"},{"time":4.2,"name":"low_idle_LD_126_"},{"time":4.3,"name":"low_idle_LD_129_"},{"time":4.4,"name":"low_idle_LD_132_"},{"time":4.5,"name":"low_idle_LD_135_"},{"time":4.6,"name":"low_idle_LD_138_"},{"time":4.7,"name":"low_idle_LD_141_"},{"time":4.8,"name":"low_idle_LD_144_"},{"time":4.9,"name":"low_idle_LD_147_"},{"time":5,"name":"low_idle_LD_150_"},{"time":5.1,"name":"low_idle_LD_153_"},{"time":5.2,"name":"low_idle_LD_156_"},{"time":5.3,"name":"low_idle_LD_159_"},{"time":5.4,"name":null}]},"low_idle_LU":{"attachment":[{"time":2.7,"name":"low_idle_LU_081_"},{"time":2.8,"name":"low_idle_LU_084_"},{"time":2.9,"name":"low_idle_LU_087_"},{"time":3,"name":"low_idle_LU_090_"},{"time":3.1,"name":"low_idle_LU_093_"},{"time":3.2,"name":"low_idle_LU_096_"},{"time":3.3,"name":"low_idle_LU_099_"},{"time":3.4,"name":"low_idle_LU_102_"},{"time":3.5,"name":"low_idle_LU_105_"},{"time":3.6,"name":"low_idle_LU_108_"},{"time":3.7,"name":"low_idle_LU_111_"},{"time":3.8,"name":"low_idle_LU_114_"},{"time":3.9,"name":"low_idle_LU_117_"},{"time":4,"name":"low_idle_LU_120_"},{"time":4.1,"name":"low_idle_LU_123_"},{"time":4.2,"name":"low_idle_LU_126_"},{"time":4.3,"name":"low_idle_LU_129_"},{"time":4.4,"name":"low_idle_LU_132_"},{"time":4.5,"name":"low_idle_LU_135_"},{"time":4.6,"name":"low_idle_LU_138_"},{"time":4.7,"name":"low_idle_LU_141_"},{"time":4.8,"name":"low_idle_LU_144_"},{"time":4.9,"name":"low_idle_LU_147_"},{"time":5,"name":"low_idle_LU_150_"},{"time":5.1,"name":"low_idle_LU_153_"},{"time":5.2,"name":"low_idle_LU_156_"},{"time":5.3,"name":"low_idle_LU_159_"},{"time":5.4,"name":null}]},"low_idle_RD":{"attachment":[{"time":2.7,"name":"low_idle_RD_081_"},{"time":2.8,"name":"low_idle_RD_084_"},{"time":2.9,"name":"low_idle_RD_087_"},{"time":3,"name":"low_idle_RD_090_"},{"time":3.1,"name":"low_idle_RD_093_"},{"time":3.2,"name":"low_idle_RD_096_"},{"time":3.3,"name":"low_idle_RD_099_"},{"time":3.4,"name":"low_idle_RD_102_"},{"time":3.5,"name":"low_idle_RD_105_"},{"time":3.6,"name":"low_idle_RD_108_"},{"time":3.7,"name":"low_idle_RD_111_"},{"time":3.8,"name":"low_idle_RD_114_"},{"time":3.9,"name":"low_idle_RD_117_"},{"time":4,"name":"low_idle_RD_120_"},{"time":4.1,"name":"low_idle_RD_123_"},{"time":4.2,"name":"low_idle_RD_126_"},{"time":4.3,"name":"low_idle_RD_129_"},{"time":4.4,"name":"low_idle_RD_132_"},{"time":4.5,"name":"low_idle_RD_135_"},{"time":4.6,"name":"low_idle_RD_138_"},{"time":4.7,"name":"low_idle_RD_141_"},{"time":4.8,"name":"low_idle_RD_144_"},{"time":4.9,"name":"low_idle_RD_147_"},{"time":5,"name":"low_idle_RD_150_"},{"time":5.1,"name":"low_idle_RD_153_"},{"time":5.2,"name":"low_idle_RD_156_"},{"time":5.3,"name":"low_idle_RD_159_"},{"time":5.4,"name":null}]},"low_idle_RU":{"attachment":[{"time":2.7,"name":"low_idle_RU_081_"},{"time":2.8,"name":"low_idle_RU_084_"},{"time":2.9,"name":"low_idle_RU_087_"},{"time":3,"name":"low_idle_RU_090_"},{"time":3.1,"name":"low_idle_RU_093_"},{"time":3.2,"name":"low_idle_RU_096_"},{"time":3.3,"name":"low_idle_RU_099_"},{"time":3.4,"name":"low_idle_RU_102_"},{"time":3.5,"name":"low_idle_RU_105_"},{"time":3.6,"name":"low_idle_RU_108_"},{"time":3.7,"name":"low_idle_RU_111_"},{"time":3.8,"name":"low_idle_RU_114_"},{"time":3.9,"name":"low_idle_RU_117_"},{"time":4,"name":"low_idle_RU_120_"},{"time":4.1,"name":"low_idle_RU_123_"},{"time":4.2,"name":"low_idle_RU_126_"},{"time":4.3,"name":"low_idle_RU_129_"},{"time":4.4,"name":"low_idle_RU_132_"},{"time":4.5,"name":"low_idle_RU_135_"},{"time":4.6,"name":"low_idle_RU_138_"},{"time":4.7,"name":"low_idle_RU_141_"},{"time":4.8,"name":"low_idle_RU_144_"},{"time":4.9,"name":"low_idle_RU_147_"},{"time":5,"name":"low_idle_RU_150_"},{"time":5.1,"name":"low_idle_RU_153_"},{"time":5.2,"name":"low_idle_RU_156_"},{"time":5.3,"name":"low_idle_RU_159_"},{"time":5.4,"name":null}]}},"bones":{"low_idle_RU":{"translate":[{"time":0,"x":200,"y":200}]},"low_idle_RD":{"translate":[{"time":0,"x":200,"y":-200}]},"low_idle_LU":{"translate":[{"time":0,"x":-200,"y":200}]},"low_idle_LD":{"translate":[{"time":0,"x":-200,"y":-200}]},"ctrl":{"translate":[{"time":0,"x":0,"y":100}]}}}}}