{
"skeleton": { "hash": "VkPBHY/JrAjSqCPpB3wZU/YS3Fk", "spine": "3.7.94", "width": 0, "height": 0 },
"bones": [
	{ "name": "root" },
	{ "name": "bone", "parent": "root", "scaleX": 1.35, "scaleY": 1.35 },
	{ "name": "a", "parent": "bone", "x": 42.4 },
	{ "name": "b1", "parent": "bone", "x": -317.18, "y": 359.63 },
	{ "name": "b2", "parent": "bone", "x": -77.53, "y": 359.82 },
	{ "name": "b8", "parent": "bone", "x": -316.33, "y": 117.28 }
],
"slots": [
	{ "name": "a_00_", "bone": "a" },
	{ "name": "b1_00_", "bone": "b1" },
	{ "name": "b2_00_", "bone": "b2" },
	{ "name": "b8_00_", "bone": "b8" }
],
"skins": {
	"default": {
		"a_00_": {
			"a_28_": { "width": 240, "height": 240 },
			"a_29_": { "width": 240, "height": 240 },
			"a_30_": { "width": 240, "height": 240 },
			"a_31_": { "width": 240, "height": 240 },
			"a_32_": { "width": 240, "height": 240 },
			"a_33_": { "width": 240, "height": 240 },
			"a_34_": { "width": 240, "height": 240 },
			"a_35_": { "width": 240, "height": 240 },
			"a_36_": { "width": 240, "height": 240 },
			"a_37_": { "width": 240, "height": 240 },
			"a_38_": { "width": 240, "height": 240 },
			"a_39_": { "width": 240, "height": 240 },
			"a_40_": { "width": 240, "height": 240 },
			"a_41_": { "width": 240, "height": 240 },
			"a_42_": { "width": 240, "height": 240 },
			"a_43_": { "width": 240, "height": 240 },
			"a_44_": { "width": 240, "height": 240 },
			"a_45_": { "width": 240, "height": 240 },
			"a_46_": { "width": 240, "height": 240 },
			"a_47_": { "width": 240, "height": 240 }
		},
		"b1_00_": {
			"b1_28_": { "x": 119.58, "y": -119.64, "width": 240, "height": 240 },
			"b1_29_": { "x": 119.58, "y": -119.64, "width": 240, "height": 240 },
			"b1_30_": { "x": 119.58, "y": -119.64, "width": 240, "height": 240 },
			"b1_31_": { "x": 119.58, "y": -119.64, "width": 240, "height": 240 },
			"b1_32_": { "x": 119.58, "y": -119.64, "width": 240, "height": 240 },
			"b1_33_": { "x": 119.58, "y": -119.64, "width": 240, "height": 240 },
			"b1_34_": { "x": 119.58, "y": -119.64, "width": 240, "height": 240 },
			"b1_35_": { "x": 119.58, "y": -119.64, "width": 240, "height": 240 },
			"b1_36_": { "x": 119.58, "y": -119.64, "width": 240, "height": 240 },
			"b1_37_": { "x": 119.58, "y": -119.64, "width": 240, "height": 240 },
			"b1_38_": { "x": 119.58, "y": -119.64, "width": 240, "height": 240 },
			"b1_39_": { "x": 119.58, "y": -119.64, "width": 240, "height": 240 },
			"b1_40_": { "x": 119.58, "y": -119.64, "width": 240, "height": 240 },
			"b1_41_": { "x": 119.58, "y": -119.64, "width": 240, "height": 240 },
			"b1_42_": { "x": 119.58, "y": -119.64, "width": 240, "height": 240 },
			"b1_43_": { "x": 119.58, "y": -119.64, "width": 240, "height": 240 },
			"b1_44_": { "x": 119.58, "y": -119.64, "width": 240, "height": 240 },
			"b1_45_": { "x": 119.58, "y": -119.64, "width": 240, "height": 240 },
			"b1_46_": { "x": 119.58, "y": -119.64, "width": 240, "height": 240 },
			"b1_47_": { "x": 119.58, "y": -119.64, "width": 240, "height": 240 }
		},
		"b2_00_": {
			"b2_28_": { "x": 119.95, "y": -119.84, "width": 240, "height": 240 },
			"b2_29_": { "x": 119.95, "y": -119.84, "width": 240, "height": 240 },
			"b2_30_": { "x": 119.95, "y": -119.84, "width": 240, "height": 240 },
			"b2_31_": { "x": 119.95, "y": -119.84, "width": 240, "height": 240 },
			"b2_32_": { "x": 119.95, "y": -119.84, "width": 240, "height": 240 },
			"b2_33_": { "x": 119.95, "y": -119.84, "width": 240, "height": 240 },
			"b2_34_": { "x": 119.95, "y": -119.84, "width": 240, "height": 240 },
			"b2_35_": { "x": 119.95, "y": -119.84, "width": 240, "height": 240 },
			"b2_36_": { "x": 119.95, "y": -119.84, "width": 240, "height": 240 },
			"b2_37_": { "x": 119.95, "y": -119.84, "width": 240, "height": 240 },
			"b2_38_": { "x": 119.95, "y": -119.84, "width": 240, "height": 240 },
			"b2_39_": { "x": 119.95, "y": -119.84, "width": 240, "height": 240 },
			"b2_40_": { "x": 119.95, "y": -119.84, "width": 240, "height": 240 },
			"b2_41_": { "x": 119.95, "y": -119.84, "width": 240, "height": 240 },
			"b2_42_": { "x": 119.95, "y": -119.84, "width": 240, "height": 240 },
			"b2_43_": { "x": 119.95, "y": -119.84, "width": 240, "height": 240 },
			"b2_44_": { "x": 119.95, "y": -119.84, "width": 240, "height": 240 },
			"b2_45_": { "x": 119.95, "y": -119.84, "width": 240, "height": 240 },
			"b2_46_": { "x": 119.95, "y": -119.84, "width": 240, "height": 240 },
			"b2_47_": { "x": 119.95, "y": -119.84, "width": 240, "height": 240 }
		},
		"b8_00_": {
			"b8_28_": { "x": 118.73, "y": -117.29, "width": 240, "height": 240 },
			"b8_29_": { "x": 118.73, "y": -117.29, "width": 240, "height": 240 },
			"b8_30_": { "x": 118.73, "y": -117.29, "width": 240, "height": 240 },
			"b8_31_": { "x": 118.73, "y": -117.29, "width": 240, "height": 240 },
			"b8_32_": { "x": 118.73, "y": -117.29, "width": 240, "height": 240 },
			"b8_33_": { "x": 118.73, "y": -117.29, "width": 240, "height": 240 },
			"b8_34_": { "x": 118.73, "y": -117.29, "width": 240, "height": 240 },
			"b8_35_": { "x": 118.73, "y": -117.29, "width": 240, "height": 240 },
			"b8_36_": { "x": 118.73, "y": -117.29, "width": 240, "height": 240 },
			"b8_37_": { "x": 118.73, "y": -117.29, "width": 240, "height": 240 },
			"b8_38_": { "x": 118.73, "y": -117.29, "width": 240, "height": 240 },
			"b8_39_": { "x": 118.73, "y": -117.29, "width": 240, "height": 240 },
			"b8_40_": { "x": 118.73, "y": -117.29, "width": 240, "height": 240 },
			"b8_41_": { "x": 118.73, "y": -117.29, "width": 240, "height": 240 },
			"b8_42_": { "x": 118.73, "y": -117.29, "width": 240, "height": 240 },
			"b8_43_": { "x": 118.73, "y": -117.29, "width": 240, "height": 240 },
			"b8_44_": { "x": 118.73, "y": -117.29, "width": 240, "height": 240 },
			"b8_45_": { "x": 118.73, "y": -117.29, "width": 240, "height": 240 },
			"b8_46_": { "x": 118.73, "y": -117.29, "width": 240, "height": 240 },
			"b8_47_": { "x": 118.73, "y": -117.29, "width": 240, "height": 240 }
		}
	}
},
"animations": {
	"animation": {
		"slots": {
			"a_00_": {
				"attachment": [
					{ "time": 0, "name": null },
					{ "time": 5.1, "name": "a_28_" },
					{ "time": 5.2, "name": "a_29_" },
					{ "time": 5.3333, "name": "a_30_" },
					{ "time": 5.4333, "name": "a_31_" },
					{ "time": 5.5333, "name": "a_32_" },
					{ "time": 5.6667, "name": "a_33_" },
					{ "time": 5.7667, "name": "a_34_" },
					{ "time": 5.8667, "name": "a_35_" },
					{ "time": 5.9667, "name": "a_36_" },
					{ "time": 6.1, "name": "a_37_" },
					{ "time": 6.2, "name": "a_37_" },
					{ "time": 6.3, "name": "a_38_" },
					{ "time": 6.4, "name": "a_39_" },
					{ "time": 6.5, "name": "a_40_" },
					{ "time": 6.6, "name": "a_41_" },
					{ "time": 6.7, "name": "a_42_" },
					{ "time": 6.8, "name": "a_43_" },
					{ "time": 6.9, "name": "a_44_" },
					{ "time": 7, "name": "a_45_" },
					{ "time": 7.1, "name": "a_46_" },
					{ "time": 7.2, "name": "a_47_" }
				]
			},
			"b1_00_": {
				"attachment": [
					{ "time": 0, "name": null },
					{ "time": 5.1, "name": "b1_28_" },
					{ "time": 5.2, "name": "b1_29_" },
					{ "time": 5.3333, "name": "b1_30_" },
					{ "time": 5.4333, "name": "b1_31_" },
					{ "time": 5.5333, "name": "b1_32_" },
					{ "time": 5.6667, "name": "b1_33_" },
					{ "time": 5.7667, "name": "b1_34_" },
					{ "time": 5.8667, "name": "b1_35_" },
					{ "time": 5.9667, "name": "b1_36_" },
					{ "time": 6.1, "name": "b1_37_" },
					{ "time": 6.2, "name": "b1_37_" },
					{ "time": 6.3, "name": "b1_38_" },
					{ "time": 6.4, "name": "b1_39_" },
					{ "time": 6.5, "name": "b1_40_" },
					{ "time": 6.6, "name": "b1_41_" },
					{ "time": 6.7, "name": "b1_42_" },
					{ "time": 6.8, "name": "b1_43_" },
					{ "time": 6.9, "name": "b1_44_" },
					{ "time": 7, "name": "b1_45_" },
					{ "time": 7.1, "name": "b1_46_" },
					{ "time": 7.2, "name": "b1_47_" }
				]
			},
			"b2_00_": {
				"attachment": [
					{ "time": 0, "name": null },
					{ "time": 5.1, "name": "b2_28_" },
					{ "time": 5.2, "name": "b2_29_" },
					{ "time": 5.3333, "name": "b2_30_" },
					{ "time": 5.4333, "name": "b2_31_" },
					{ "time": 5.5333, "name": "b2_32_" },
					{ "time": 5.6667, "name": "b2_33_" },
					{ "time": 5.7667, "name": "b2_34_" },
					{ "time": 5.8667, "name": "b2_35_" },
					{ "time": 5.9667, "name": "b2_36_" },
					{ "time": 6.1, "name": "b2_37_" },
					{ "time": 6.2, "name": "b2_37_" },
					{ "time": 6.3, "name": "b2_38_" },
					{ "time": 6.4, "name": "b2_39_" },
					{ "time": 6.5, "name": "b2_40_" },
					{ "time": 6.6, "name": "b2_41_" },
					{ "time": 6.7, "name": "b2_42_" },
					{ "time": 6.8, "name": "b2_43_" },
					{ "time": 6.9, "name": "b2_44_" },
					{ "time": 7, "name": "b2_45_" },
					{ "time": 7.1, "name": "b2_46_" },
					{ "time": 7.2, "name": "b2_47_" }
				]
			},
			"b8_00_": {
				"attachment": [
					{ "time": 0, "name": null },
					{ "time": 5.1, "name": "b8_28_" },
					{ "time": 5.2, "name": "b8_29_" },
					{ "time": 5.3333, "name": "b8_30_" },
					{ "time": 5.4333, "name": "b8_31_" },
					{ "time": 5.5333, "name": "b8_32_" },
					{ "time": 5.6667, "name": "b8_33_" },
					{ "time": 5.7667, "name": "b8_34_" },
					{ "time": 5.8667, "name": "b8_35_" },
					{ "time": 5.9667, "name": "b8_36_" },
					{ "time": 6.1, "name": "b8_37_" },
					{ "time": 6.2, "name": "b8_37_" },
					{ "time": 6.3, "name": "b8_38_" },
					{ "time": 6.4, "name": "b8_39_" },
					{ "time": 6.5, "name": "b8_40_" },
					{ "time": 6.6, "name": "b8_41_" },
					{ "time": 6.7, "name": "b8_42_" },
					{ "time": 6.8, "name": "b8_43_" },
					{ "time": 6.9, "name": "b8_44_" },
					{ "time": 7, "name": "b8_45_" },
					{ "time": 7.1, "name": "b8_46_" },
					{ "time": 7.2, "name": "b8_47_" }
				]
			}
		}
	}
}
}