{
"skeleton": { "hash": "mpq4DuzNhScqLQ9TNrqjGXylOMM", "spine": "3.7.94", "width": 0, "height": 0 },
"bones": [
	{ "name": "root" },
	{ "name": "bone", "parent": "root", "scaleX": 1.35, "scaleY": 1.35 },
	{ "name": "a", "parent": "bone", "x": 42.4 },
	{ "name": "b1", "parent": "bone", "x": -317.18, "y": 359.63 },
	{ "name": "b2", "parent": "bone", "x": -77.53, "y": 359.82 },
	{ "name": "b3", "parent": "bone", "x": 164.97, "y": 353.17 },
	{ "name": "b4", "parent": "bone", "x": 166.89, "y": 115.01 },
	{ "name": "b8", "parent": "bone", "x": -316.33, "y": 117.28 }
],
"slots": [
	{ "name": "a_00_", "bone": "a" },
	{ "name": "b1_00_", "bone": "b1" },
	{ "name": "b2_00_", "bone": "b2" },
	{ "name": "b3_00_", "bone": "b3" },
	{ "name": "b4_00_", "bone": "b4" },
	{ "name": "b8_00_", "bone": "b8" }
],
"skins": {
	"default": {
		"a_00_": {
			"a_16_": { "width": 240, "height": 240 },
			"a_17_": { "width": 240, "height": 240 },
			"a_18_": { "width": 240, "height": 240 },
			"a_19_": { "width": 240, "height": 240 },
			"a_20_": { "width": 240, "height": 240 },
			"a_21_": { "width": 240, "height": 240 },
			"a_22_": { "width": 240, "height": 240 },
			"a_23_": { "width": 240, "height": 240 },
			"a_24_": { "width": 240, "height": 240 },
			"a_25_": { "width": 240, "height": 240 },
			"a_26_": { "width": 240, "height": 240 }
		},
		"b1_00_": {
			"b1_16_": { "x": 119.58, "y": -119.64, "width": 240, "height": 240 },
			"b1_17_": { "x": 119.58, "y": -119.64, "width": 240, "height": 240 },
			"b1_18_": { "x": 119.58, "y": -119.64, "width": 240, "height": 240 },
			"b1_19_": { "x": 119.58, "y": -119.64, "width": 240, "height": 240 },
			"b1_20_": { "x": 119.58, "y": -119.64, "width": 240, "height": 240 },
			"b1_21_": { "x": 119.58, "y": -119.64, "width": 240, "height": 240 },
			"b1_22_": { "x": 119.58, "y": -119.64, "width": 240, "height": 240 },
			"b1_23_": { "x": 119.58, "y": -119.64, "width": 240, "height": 240 },
			"b1_24_": { "x": 119.58, "y": -119.64, "width": 240, "height": 240 },
			"b1_25_": { "x": 119.58, "y": -119.64, "width": 240, "height": 240 },
			"b1_26_": { "x": 119.58, "y": -119.64, "width": 240, "height": 240 }
		},
		"b2_00_": {
			"b2_16_": { "x": 119.95, "y": -119.84, "width": 240, "height": 240 },
			"b2_17_": { "x": 119.95, "y": -119.84, "width": 240, "height": 240 },
			"b2_18_": { "x": 119.95, "y": -119.84, "width": 240, "height": 240 },
			"b2_19_": { "x": 119.95, "y": -119.84, "width": 240, "height": 240 },
			"b2_20_": { "x": 119.95, "y": -119.84, "width": 240, "height": 240 },
			"b2_21_": { "x": 119.95, "y": -119.84, "width": 240, "height": 240 },
			"b2_22_": { "x": 119.95, "y": -119.84, "width": 240, "height": 240 },
			"b2_23_": { "x": 119.95, "y": -119.84, "width": 240, "height": 240 },
			"b2_24_": { "x": 119.95, "y": -119.84, "width": 240, "height": 240 },
			"b2_25_": { "x": 119.95, "y": -119.84, "width": 240, "height": 240 },
			"b2_26_": { "x": 119.95, "y": -119.84, "width": 240, "height": 240 }
		},
		"b3_00_": {
			"b3_16_": { "x": 117.43, "y": -113.17, "width": 240, "height": 240 },
			"b3_17_": { "x": 117.43, "y": -113.17, "width": 240, "height": 240 },
			"b3_18_": { "x": 117.43, "y": -113.17, "width": 240, "height": 240 },
			"b3_19_": { "x": 117.43, "y": -113.17, "width": 240, "height": 240 },
			"b3_20_": { "x": 117.43, "y": -113.17, "width": 240, "height": 240 },
			"b3_21_": { "x": 117.43, "y": -113.17, "width": 240, "height": 240 },
			"b3_22_": { "x": 117.43, "y": -113.17, "width": 240, "height": 240 },
			"b3_23_": { "x": 117.43, "y": -113.17, "width": 240, "height": 240 },
			"b3_24_": { "x": 117.43, "y": -113.17, "width": 240, "height": 240 },
			"b3_25_": { "x": 117.43, "y": -113.17, "width": 240, "height": 240 },
			"b3_26_": { "x": 117.43, "y": -113.17, "width": 240, "height": 240 }
		},
		"b4_00_": {
			"b4_16_": { "x": 115.51, "y": -115.02, "width": 240, "height": 240 },
			"b4_17_": { "x": 115.51, "y": -115.02, "width": 240, "height": 240 },
			"b4_18_": { "x": 115.51, "y": -115.02, "width": 240, "height": 240 },
			"b4_19_": { "x": 115.51, "y": -115.02, "width": 240, "height": 240 },
			"b4_20_": { "x": 115.51, "y": -115.02, "width": 240, "height": 240 },
			"b4_21_": { "x": 115.51, "y": -115.02, "width": 240, "height": 240 },
			"b4_22_": { "x": 115.51, "y": -115.02, "width": 240, "height": 240 },
			"b4_23_": { "x": 115.51, "y": -115.02, "width": 240, "height": 240 },
			"b4_24_": { "x": 115.51, "y": -115.02, "width": 240, "height": 240 },
			"b4_25_": { "x": 115.51, "y": -115.02, "width": 240, "height": 240 },
			"b4_26_": { "x": 115.51, "y": -115.02, "width": 240, "height": 240 }
		},
		"b8_00_": {
			"b8_16_": { "x": 118.73, "y": -117.29, "width": 240, "height": 240 },
			"b8_17_": { "x": 118.73, "y": -117.29, "width": 240, "height": 240 },
			"b8_18_": { "x": 118.73, "y": -117.29, "width": 240, "height": 240 },
			"b8_19_": { "x": 118.73, "y": -117.29, "width": 240, "height": 240 },
			"b8_20_": { "x": 118.73, "y": -117.29, "width": 240, "height": 240 },
			"b8_21_": { "x": 118.73, "y": -117.29, "width": 240, "height": 240 },
			"b8_22_": { "x": 118.73, "y": -117.29, "width": 240, "height": 240 },
			"b8_23_": { "x": 118.73, "y": -117.29, "width": 240, "height": 240 },
			"b8_24_": { "x": 118.73, "y": -117.29, "width": 240, "height": 240 },
			"b8_25_": { "x": 118.73, "y": -117.29, "width": 240, "height": 240 },
			"b8_26_": { "x": 118.73, "y": -117.29, "width": 240, "height": 240 }
		}
	}
},
"animations": {
	"animation": {
		"slots": {
			"a_00_": {
				"attachment": [
					{ "time": 0, "name": null },
					{ "time": 1.7333, "name": "a_16_" },
					{ "time": 1.8, "name": "a_17_" },
					{ "time": 1.8667, "name": "a_18_" },
					{ "time": 1.9333, "name": "a_19_" },
					{ "time": 2, "name": "a_20_" },
					{ "time": 2.0667, "name": "a_21_" },
					{ "time": 2.1667, "name": "a_22_" },
					{ "time": 2.2333, "name": "a_23_" },
					{ "time": 2.3333, "name": "a_24_" },
					{ "time": 2.4, "name": "a_25_" },
					{ "time": 2.5, "name": "a_26_" },
					{ "time": 2.6, "name": "a_26_" }
				]
			},
			"b1_00_": {
				"attachment": [
					{ "time": 0, "name": null },
					{ "time": 1.7333, "name": "b1_16_" },
					{ "time": 1.8, "name": "b1_17_" },
					{ "time": 1.8667, "name": "b1_18_" },
					{ "time": 1.9333, "name": "b1_19_" },
					{ "time": 2, "name": "b1_20_" },
					{ "time": 2.0667, "name": "b1_21_" },
					{ "time": 2.1667, "name": "b1_22_" },
					{ "time": 2.2333, "name": "b1_23_" },
					{ "time": 2.3333, "name": "b1_24_" },
					{ "time": 2.4, "name": "b1_25_" },
					{ "time": 2.5, "name": "b1_26_" },
					{ "time": 2.6, "name": "b1_26_" }
				]
			},
			"b2_00_": {
				"attachment": [
					{ "time": 0, "name": null },
					{ "time": 1.7333, "name": "b2_16_" },
					{ "time": 1.8, "name": "b2_17_" },
					{ "time": 1.8667, "name": "b2_18_" },
					{ "time": 1.9333, "name": "b2_19_" },
					{ "time": 2, "name": "b2_20_" },
					{ "time": 2.0667, "name": "b2_21_" },
					{ "time": 2.1667, "name": "b2_22_" },
					{ "time": 2.2333, "name": "b2_23_" },
					{ "time": 2.3333, "name": "b2_24_" },
					{ "time": 2.4, "name": "b2_25_" },
					{ "time": 2.5, "name": "b2_26_" },
					{ "time": 2.6, "name": "b2_26_" }
				]
			},
			"b3_00_": {
				"attachment": [
					{ "time": 0, "name": null },
					{ "time": 1.7333, "name": "b3_16_" },
					{ "time": 1.8, "name": "b3_17_" },
					{ "time": 1.8667, "name": "b3_18_" },
					{ "time": 1.9333, "name": "b3_19_" },
					{ "time": 2, "name": "b3_20_" },
					{ "time": 2.0667, "name": "b3_21_" },
					{ "time": 2.1667, "name": "b3_22_" },
					{ "time": 2.2333, "name": "b3_23_" },
					{ "time": 2.3333, "name": "b3_24_" },
					{ "time": 2.4, "name": "b3_25_" },
					{ "time": 2.5, "name": "b3_26_" },
					{ "time": 2.6, "name": "b3_26_" }
				]
			},
			"b4_00_": {
				"attachment": [
					{ "time": 0, "name": null },
					{ "time": 1.7333, "name": "b4_16_" },
					{ "time": 1.8, "name": "b4_17_" },
					{ "time": 1.8667, "name": "b4_18_" },
					{ "time": 1.9333, "name": "b4_19_" },
					{ "time": 2, "name": "b4_20_" },
					{ "time": 2.0667, "name": "b4_21_" },
					{ "time": 2.1667, "name": "b4_22_" },
					{ "time": 2.2333, "name": "b4_23_" },
					{ "time": 2.3333, "name": "b4_24_" },
					{ "time": 2.4, "name": "b4_25_" },
					{ "time": 2.5, "name": "b4_26_" },
					{ "time": 2.6, "name": "b4_26_" }
				]
			},
			"b8_00_": {
				"attachment": [
					{ "time": 0, "name": null },
					{ "time": 1.7333, "name": "b8_16_" },
					{ "time": 1.8, "name": "b8_17_" },
					{ "time": 1.8667, "name": "b8_18_" },
					{ "time": 1.9333, "name": "b8_19_" },
					{ "time": 2, "name": "b8_20_" },
					{ "time": 2.0667, "name": "b8_21_" },
					{ "time": 2.1667, "name": "b8_22_" },
					{ "time": 2.2333, "name": "b8_23_" },
					{ "time": 2.3333, "name": "b8_24_" },
					{ "time": 2.4, "name": "b8_25_" },
					{ "time": 2.5, "name": "b8_26_" },
					{ "time": 2.6, "name": "b8_26_" }
				]
			}
		}
	}
}
}