{
"skeleton": { "hash": "hXKbFnY+LPS2Ln29dWa0Gns73kM", "spine": "2.1.27", "width": 699, "height": 632 },
"bones": [
	{ "name": "root" },
	{ "name": "pic_02_", "parent": "root", "length": 270.28, "x": 190.42, "y": 208.45, "rotation": 70.89 },
	{ "name": "pic_04_", "parent": "root", "length": 116.91, "x": -242.95, "y": 265.3, "rotation": 98.5 },
	{ "name": "pic_05_", "parent": "root", "length": 94.35, "x": -230.84, "y": 175.83, "rotation": 113.03 },
	{ "name": "pic_07_", "parent": "root", "length": 117.53, "x": -256, "y": 338.93, "rotation": 100.26 },
	{ "name": "pic_09_", "parent": "root", "length": 87.53, "x": -242.95, "y": 232.68, "rotation": 108.29 },
	{ "name": "pic_10_", "parent": "root", "length": 67.78, "x": -110.61, "y": 284.87, "rotation": 71.7 },
	{ "name": "pic_14_", "parent": "root", "length": 94.59, "x": 143.82, "y": 469.41, "rotation": 84.55 },
	{ "name": "pic_15_", "parent": "root", "length": 94.5, "x": 163.39, "y": 285.8, "rotation": 85.04 },
	{ "name": "pic_17_", "parent": "root", "length": 92.86, "x": -119, "y": 493.64, "rotation": 100.26 },
	{ "name": "pic_18_", "parent": "root", "length": 95.28, "x": 301.32, "y": 289.53, "rotation": 86.39 },
	{ "name": "pic_19_", "parent": "root", "length": 109.04, "x": 142.88, "y": 358.5, "rotation": 71.7 },
	{ "name": "pic_20_", "parent": "root", "length": 119.2, "x": -128.32, "y": 382.73, "rotation": 99.9 },
	{ "name": "pic_21_", "parent": "root", "length": 118.36, "x": -211.27, "y": 349.18, "rotation": 89.54 },
	{ "name": "pic_22_", "parent": "root", "length": 116.52, "x": -130.18, "y": 314.69, "rotation": 82.81 },
	{ "name": "pic_23_", "parent": "root", "length": 119.38, "x": 105.6, "y": 435.85, "rotation": 91.8 },
	{ "name": "pic_24_", "parent": "root", "length": 118.39, "x": -78.92, "y": 433.06, "rotation": 90.9 },
	{ "name": "pic_25_", "parent": "root", "length": 116.5, "x": -21.14, "y": 492.71, "rotation": 89.54 },
	{ "name": "pic_26_", "parent": "root", "length": 115.62, "x": -114.34, "y": 365.02, "rotation": 88.19 },
	{ "name": "pic_27_", "parent": "root", "length": 117.83, "x": 227.7, "y": 237.34, "rotation": 81.49 },
	{ "name": "pic_28_", "parent": "root", "length": 114.96, "x": 214.65, "y": 385.53, "rotation": 78.77 }
],
"slots": [
	{ "name": "pic_28_", "bone": "pic_28_", "attachment": "pic_28_" },
	{ "name": "pic_27_", "bone": "pic_27_", "attachment": "pic_27_" },
	{ "name": "pic_26_", "bone": "pic_26_", "attachment": "pic_26_" },
	{ "name": "pic_25_", "bone": "pic_25_", "attachment": "pic_25_" },
	{ "name": "pic_24_", "bone": "pic_24_", "attachment": "pic_24_" },
	{ "name": "pic_23_", "bone": "pic_23_", "attachment": "pic_23_" },
	{ "name": "pic_22_", "bone": "pic_22_", "attachment": "pic_22_" },
	{ "name": "pic_21_", "bone": "pic_21_", "attachment": "pic_21_" },
	{ "name": "pic_20_", "bone": "pic_20_", "attachment": "pic_20_" },
	{ "name": "pic_19_", "bone": "pic_19_", "attachment": "pic_19_" },
	{ "name": "pic_18_", "bone": "pic_18_", "attachment": "pic_18_" },
	{ "name": "pic_17_", "bone": "pic_17_", "attachment": "pic_17_" },
	{ "name": "pic_16_", "bone": "root", "attachment": "pic_16_" },
	{ "name": "pic_15_", "bone": "pic_15_", "attachment": "pic_15_" },
	{ "name": "pic_14_", "bone": "pic_14_", "attachment": "pic_14_" },
	{ "name": "pic_13_", "bone": "root", "attachment": "pic_13_" },
	{ "name": "pic_12_", "bone": "root", "attachment": "pic_12_" },
	{ "name": "pic_11_", "bone": "root", "attachment": "pic_11_" },
	{ "name": "pic_10_", "bone": "pic_10_", "attachment": "pic_10_" },
	{ "name": "pic_09_", "bone": "pic_09_", "attachment": "pic_09_" },
	{ "name": "pic_08_", "bone": "root", "attachment": "pic_08_" },
	{ "name": "pic_07_", "bone": "pic_07_", "attachment": "pic_07_" },
	{ "name": "pic_06_", "bone": "root", "attachment": "pic_06_" },
	{ "name": "pic_05_", "bone": "pic_05_", "attachment": "pic_05_" },
	{ "name": "pic_04_", "bone": "pic_04_", "attachment": "pic_04_" },
	{ "name": "pic_03_", "bone": "root", "attachment": "pic_03_" },
	{ "name": "pic_02_", "bone": "pic_02_", "attachment": "pic_02_" },
	{ "name": "pic_01_", "bone": "root", "attachment": "pic_01_" }
],
"skins": {
	"default": {
		"pic_01_": {
			"pic_01_": { "x": 57.08, "y": 316.46, "width": 545, "height": 454 }
		},
		"pic_02_": {
			"pic_02_": { "x": 138.88, "y": -12.91, "rotation": -70.89, "width": 135, "height": 262 }
		},
		"pic_03_": {
			"pic_03_": { "x": -6.41, "y": 102.96, "width": 624, "height": 215 }
		},
		"pic_04_": {
			"pic_04_": { "x": 58.07, "y": 1.87, "rotation": -98.5, "width": 94, "height": 120 }
		},
		"pic_05_": {
			"pic_05_": { "x": 49.51, "y": 2.38, "rotation": -113.03, "width": 74, "height": 92 }
		},
		"pic_06_": {
			"pic_06_": { "x": 28.08, "y": 208.46, "width": 603, "height": 376 }
		},
		"pic_07_": {
			"pic_07_": { "x": 59.04, "y": 0.38, "rotation": -100.26, "width": 95, "height": 119 }
		},
		"pic_08_": {
			"pic_08_": { "x": 28.08, "y": 208.46, "width": 603, "height": 376 }
		},
		"pic_09_": {
			"pic_09_": { "x": 45.3, "y": 3.93, "rotation": -108.29, "width": 71, "height": 86 }
		},
		"pic_10_": {
			"pic_10_": { "x": 34.92, "y": -3.41, "rotation": -71.7, "width": 56, "height": 71 }
		},
		"pic_11_": {
			"pic_11_": { "x": 6.58, "y": 336.46, "width": 642, "height": 582 }
		},
		"pic_12_": {
			"pic_12_": { "x": -26.91, "y": 363.96, "width": 275, "height": 207 }
		},
		"pic_13_": {
			"pic_13_": { "x": 27.58, "y": 246.96, "width": 602, "height": 501 }
		},
		"pic_14_": {
			"pic_14_": { "x": 47.02, "y": -2.81, "rotation": -84.55, "width": 77, "height": 97 }
		},
		"pic_15_": {
			"pic_15_": { "x": 46.55, "y": -2.68, "rotation": -85.04, "width": 77, "height": 97 }
		},
		"pic_16_": {
			"pic_16_": { "x": 322.58, "y": 186.96, "width": 116, "height": 49 }
		},
		"pic_17_": {
			"pic_17_": { "x": 45.1, "y": 0.37, "rotation": -100.26, "width": 74, "height": 93 }
		},
		"pic_18_": {
			"pic_18_": { "x": 47.69, "y": -2.75, "rotation": -86.39, "width": 77, "height": 97 }
		},
		"pic_19_": {
			"pic_19_": { "x": 56.29, "y": -4.76, "rotation": -71.7, "width": 87, "height": 110 }
		},
		"pic_20_": {
			"pic_20_": { "x": 60.39, "y": -1.31, "rotation": -99.9, "width": 94, "height": 120 }
		},
		"pic_21_": {
			"pic_21_": { "x": 58.78, "y": -0.39, "rotation": -89.54, "width": 92, "height": 119 }
		},
		"pic_22_": {
			"pic_22_": { "x": 56.85, "y": -5.21, "rotation": -82.81, "width": 93, "height": 120 }
		},
		"pic_23_": {
			"pic_23_": { "x": 59.6, "y": -0.86, "rotation": -91.8, "width": 94, "height": 122 }
		},
		"pic_24_": {
			"pic_24_": { "x": 58.43, "y": 1.55, "rotation": -90.9, "width": 94, "height": 122 }
		},
		"pic_25_": {
			"pic_25_": { "x": 57.76, "y": -1.27, "rotation": -89.54, "width": 92, "height": 118 }
		},
		"pic_26_": {
			"pic_26_": { "x": 55.46, "y": -0.17, "rotation": -88.19, "width": 92, "height": 118 }
		},
		"pic_27_": {
			"pic_27_": { "x": 58.59, "y": -2.23, "rotation": -81.49, "width": 94, "height": 121 }
		},
		"pic_28_": {
			"pic_28_": { "x": 57.86, "y": -1.7, "rotation": -78.77, "width": 94, "height": 121 }
		}
	}
},
"animations": {
	"animation": {
		"bones": {
			"pic_28_": {
				"rotate": [
					{
						"time": 0,
						"angle": 0,
						"curve": [ 0.25, 0, 0.75, 1 ]
					},
					{
						"time": 1.7333,
						"angle": 12.11,
						"curve": [ 0.25, 0, 0.75, 1 ]
					},
					{ "time": 3.6666, "angle": 0 }
				]
			},
			"pic_27_": {
				"rotate": [
					{
						"time": 0,
						"angle": 0,
						"curve": [ 0.25, 0, 0.75, 1 ]
					},
					{
						"time": 1,
						"angle": -7.14,
						"curve": [ 0.25, 0, 0.75, 1 ]
					},
					{
						"time": 2.4333,
						"angle": 4.54,
						"curve": [ 0.25, 0, 0.75, 1 ]
					},
					{ "time": 3.6666, "angle": 0 }
				]
			},
			"pic_26_": {
				"rotate": [
					{
						"time": 0,
						"angle": 0,
						"curve": [ 0.25, 0, 0.75, 1 ]
					},
					{
						"time": 2,
						"angle": -10.07,
						"curve": [ 0.25, 0, 0.75, 1 ]
					},
					{ "time": 3.6666, "angle": 0 }
				]
			},
			"pic_25_": {
				"rotate": [
					{
						"time": 0,
						"angle": 0,
						"curve": [ 0.25, 0, 0.75, 1 ]
					},
					{
						"time": 1.8333,
						"angle": -10.42,
						"curve": [ 0.25, 0, 0.75, 1 ]
					},
					{ "time": 3.6666, "angle": 0 }
				]
			},
			"pic_24_": {
				"rotate": [
					{
						"time": 0,
						"angle": 0,
						"curve": [ 0.25, 0, 0.75, 1 ]
					},
					{
						"time": 1.8333,
						"angle": 6.18,
						"curve": [ 0.25, 0, 0.75, 1 ]
					},
					{ "time": 3.6666, "angle": 0 }
				]
			},
			"pic_23_": {
				"rotate": [
					{
						"time": 0,
						"angle": 0,
						"curve": [ 0.25, 0, 0.75, 1 ]
					},
					{
						"time": 1.8666,
						"angle": 6.27,
						"curve": [ 0.25, 0, 0.75, 1 ]
					},
					{ "time": 3.6666, "angle": 0 }
				]
			},
			"pic_22_": {
				"rotate": [
					{
						"time": 0,
						"angle": 0,
						"curve": [ 0.25, 0, 0.75, 1 ]
					},
					{
						"time": 1.8333,
						"angle": 21.27,
						"curve": [ 0.25, 0, 0.75, 1 ]
					},
					{ "time": 3.6666, "angle": 0 }
				]
			},
			"pic_21_": {
				"rotate": [
					{
						"time": 0,
						"angle": 0,
						"curve": [ 0.25, 0, 0.75, 1 ]
					},
					{
						"time": 1.3333,
						"angle": 7.42,
						"curve": [ 0.242, 0, 0.658, 0.63 ]
					},
					{
						"time": 2.9666,
						"angle": -2.06,
						"curve": [ 0.25, 0, 0.75, 1 ]
					},
					{ "time": 3.6666, "angle": 0 }
				]
			},
			"pic_20_": {
				"rotate": [
					{
						"time": 0,
						"angle": 0,
						"curve": [ 0.25, 0, 0.75, 1 ]
					},
					{
						"time": 1.8333,
						"angle": -11.96,
						"curve": [ 0.25, 0, 0.75, 1 ]
					},
					{ "time": 3.6666, "angle": 0 }
				]
			},
			"pic_19_": {
				"rotate": [
					{
						"time": 0,
						"angle": 0,
						"curve": [ 0.25, 0, 0.75, 1 ]
					},
					{
						"time": 2,
						"angle": 15.36,
						"curve": [ 0.25, 0, 0.75, 1 ]
					},
					{ "time": 3.6666, "angle": 0 }
				]
			},
			"pic_18_": {
				"rotate": [
					{
						"time": 0,
						"angle": 0,
						"curve": [ 0.25, 0, 0.75, 1 ]
					},
					{
						"time": 1.6666,
						"angle": -8.13,
						"curve": [ 0.25, 0, 0.75, 1 ]
					},
					{ "time": 3.3333, "angle": 0 }
				]
			},
			"pic_17_": {
				"rotate": [
					{
						"time": 0,
						"angle": 0,
						"curve": [ 0.25, 0, 0.75, 1 ]
					},
					{
						"time": 2.1333,
						"angle": -14.86,
						"curve": [ 0.25, 0, 0.75, 1 ]
					},
					{ "time": 3.6666, "angle": 0 }
				]
			},
			"pic_15_": {
				"rotate": [
					{
						"time": 0,
						"angle": 0,
						"curve": [ 0.25, 0, 0.75, 1 ]
					},
					{
						"time": 1.6666,
						"angle": 9.56,
						"curve": [ 0.25, 0, 0.75, 1 ]
					},
					{ "time": 3.3333, "angle": 0 }
				]
			},
			"pic_14_": {
				"rotate": [
					{
						"time": 0,
						"angle": 0,
						"curve": [ 0.25, 0, 0.75, 1 ]
					},
					{
						"time": 1.8333,
						"angle": -10.26,
						"curve": [ 0.25, 0, 0.75, 1 ]
					},
					{ "time": 3.6666, "angle": 0 }
				]
			},
			"pic_10_": {
				"rotate": [
					{
						"time": 0,
						"angle": 0,
						"curve": [ 0.25, 0, 0.75, 1 ]
					},
					{
						"time": 1.8333,
						"angle": 26.03,
						"curve": [ 0.25, 0, 0.75, 1 ]
					},
					{ "time": 3.6666, "angle": 0 }
				]
			},
			"pic_09_": {
				"rotate": [
					{
						"time": 0,
						"angle": 0,
						"curve": [ 0.25, 0, 0.75, 1 ]
					},
					{
						"time": 1.8666,
						"angle": 17.46,
						"curve": [ 0.247, 0, 0.729, 0.91 ]
					},
					{ "time": 3.6666, "angle": 0 }
				]
			},
			"pic_07_": {
				"rotate": [
					{
						"time": 0,
						"angle": 0,
						"curve": [ 0.25, 0, 0.75, 1 ]
					},
					{
						"time": 1.2333,
						"angle": -10.41,
						"curve": [ 0.25, 0, 0.75, 1 ]
					},
					{
						"time": 2.8666,
						"angle": 3.43,
						"curve": [ 0.25, 0, 0.75, 1 ]
					},
					{ "time": 3.6666, "angle": 0 }
				]
			},
			"pic_05_": {
				"rotate": [
					{
						"time": 0,
						"angle": 0,
						"curve": [ 0.25, 0, 0.75, 1 ]
					},
					{
						"time": 1.6666,
						"angle": 10.82,
						"curve": [ 0.25, 0, 0.75, 1 ]
					},
					{ "time": 3.3333, "angle": 0 }
				]
			},
			"pic_04_": {
				"rotate": [
					{
						"time": 0,
						"angle": 0,
						"curve": [ 0.25, 0, 0.75, 1 ]
					},
					{
						"time": 1.8,
						"angle": -21.42,
						"curve": [ 0.25, 0, 0.75, 1 ]
					},
					{ "time": 3.6666, "angle": 0 }
				]
			},
			"pic_02_": {
				"rotate": [
					{
						"time": 0,
						"angle": 0,
						"curve": [ 0.25, 0, 0.75, 1 ]
					},
					{
						"time": 1.6666,
						"angle": -4.62,
						"curve": [ 0.25, 0, 0.75, 1 ]
					},
					{ "time": 3.6666, "angle": 0 }
				]
			}
		}
	}
}
}