{
"skeleton": { "hash": "XEMWfLGHjAgIS4Mn/xuGwyqSbU0", "spine": "3.7.94", "width": 1170.45, "height": 674 },
"bones": [
	{ "name": "root" },
	{ "name": "1", "parent": "root", "x": -117.17, "y": 164.84 },
	{ "name": "2", "parent": "root", "x": 115.41, "y": 164.84, "scaleX": -1 }
],
"slots": [
	{ "name": "a_00_", "bone": "1", "attachment": "a_12_" },
	{ "name": "a_00_2", "bone": "2", "attachment": "a_12_" },
	{ "name": "b_00_", "bone": "1", "attachment": "b_12_" },
	{ "name": "b_00_2", "bone": "2", "attachment": "b_12_" },
	{ "name": "c_00_", "bone": "1", "attachment": "c_12_" },
	{ "name": "c_00_2", "bone": "2", "attachment": "c_12_" }
],
"skins": {
	"default": {
		"a_00_": {
			"a_00_": { "x": -179.94, "y": 307.37, "width": 578, "height": 130 },
			"a_08_": { "x": -179.94, "y": 307.37, "width": 578, "height": 130 },
			"a_09_": { "x": -179.94, "y": 307.37, "width": 578, "height": 130 },
			"a_10_": { "x": -179.94, "y": 307.37, "width": 578, "height": 130 },
			"a_11_": { "x": -179.94, "y": 307.37, "width": 578, "height": 130 },
			"a_12_": { "x": -179.94, "y": 307.37, "width": 578, "height": 130 },
			"a_13_": { "x": -179.94, "y": 307.37, "width": 578, "height": 130 },
			"a_14_": { "x": -179.94, "y": 307.37, "width": 578, "height": 130 },
			"a_15_": { "x": -179.94, "y": 307.37, "width": 578, "height": 130 },
			"a_16_": { "x": -179.94, "y": 307.37, "width": 578, "height": 130 },
			"a_17_": { "x": -179.94, "y": 307.37, "width": 578, "height": 130 },
			"a_18_": { "x": -179.94, "y": 307.37, "width": 578, "height": 130 },
			"a_19_": { "x": -179.94, "y": 307.37, "width": 578, "height": 130 },
			"a_20_": { "x": -179.94, "y": 307.37, "width": 578, "height": 130 },
			"a_21_": { "x": -179.94, "y": 307.37, "width": 578, "height": 130 }
		},
		"a_00_2": {
			"a_00_": { "x": -179.94, "y": 307.37, "width": 578, "height": 130 },
			"a_08_": { "x": -179.94, "y": 307.37, "width": 578, "height": 130 },
			"a_09_": { "x": -179.94, "y": 307.37, "width": 578, "height": 130 },
			"a_10_": { "x": -179.94, "y": 307.37, "width": 578, "height": 130 },
			"a_11_": { "x": -179.94, "y": 307.37, "width": 578, "height": 130 },
			"a_12_": { "x": -179.94, "y": 307.37, "width": 578, "height": 130 },
			"a_13_": { "x": -179.94, "y": 307.37, "width": 578, "height": 130 },
			"a_14_": { "x": -179.94, "y": 307.37, "width": 578, "height": 130 },
			"a_15_": { "x": -179.94, "y": 307.37, "width": 578, "height": 130 },
			"a_16_": { "x": -179.94, "y": 307.37, "width": 578, "height": 130 },
			"a_17_": { "x": -179.94, "y": 307.37, "width": 578, "height": 130 },
			"a_18_": { "x": -179.94, "y": 307.37, "width": 578, "height": 130 },
			"a_19_": { "x": -179.94, "y": 307.37, "width": 578, "height": 130 },
			"a_20_": { "x": -179.94, "y": 307.37, "width": 578, "height": 130 },
			"a_21_": { "x": -179.94, "y": 307.37, "width": 578, "height": 130 }
		},
		"b_00_": {
			"b_00_": { "x": -267.89, "y": -29.63, "width": 400, "height": 544 },
			"b_01_": { "x": -267.89, "y": -29.63, "width": 400, "height": 544 },
			"b_02_": { "x": -267.89, "y": -29.63, "width": 400, "height": 544 },
			"b_03_": { "x": -267.89, "y": -29.63, "width": 400, "height": 544 },
			"b_04_": { "x": -267.89, "y": -29.63, "width": 400, "height": 544 },
			"b_05_": { "x": -267.89, "y": -29.63, "width": 400, "height": 544 },
			"b_06_": { "x": -267.89, "y": -29.63, "width": 400, "height": 544 },
			"b_07_": { "x": -267.89, "y": -29.63, "width": 400, "height": 544 },
			"b_08_": { "x": -267.89, "y": -29.63, "width": 400, "height": 544 },
			"b_09_": { "x": -267.89, "y": -29.63, "width": 400, "height": 544 },
			"b_10_": { "x": -267.89, "y": -29.63, "width": 400, "height": 544 },
			"b_11_": { "x": -267.89, "y": -29.63, "width": 400, "height": 544 },
			"b_12_": { "x": -267.89, "y": -29.63, "width": 400, "height": 544 },
			"b_13_": { "x": -267.89, "y": -29.63, "width": 400, "height": 544 },
			"b_14_": { "x": -267.89, "y": -29.63, "width": 400, "height": 544 },
			"b_15_": { "x": -267.89, "y": -29.63, "width": 400, "height": 544 },
			"b_16_": { "x": -267.89, "y": -29.63, "width": 400, "height": 544 },
			"b_17_": { "x": -267.89, "y": -29.63, "width": 400, "height": 544 },
			"b_18_": { "x": -267.89, "y": -29.63, "width": 400, "height": 544 },
			"b_19_": { "x": -267.89, "y": -29.63, "width": 400, "height": 544 },
			"b_20_": { "x": -267.89, "y": -29.63, "width": 400, "height": 544 },
			"b_21_": { "x": -267.89, "y": -29.63, "width": 400, "height": 544 }
		},
		"b_00_2": {
			"b_00_": { "x": -267.89, "y": -29.63, "width": 400, "height": 544 },
			"b_01_": { "x": -267.89, "y": -29.63, "width": 400, "height": 544 },
			"b_02_": { "x": -267.89, "y": -29.63, "width": 400, "height": 544 },
			"b_03_": { "x": -267.89, "y": -29.63, "width": 400, "height": 544 },
			"b_04_": { "x": -267.89, "y": -29.63, "width": 400, "height": 544 },
			"b_05_": { "x": -267.89, "y": -29.63, "width": 400, "height": 544 },
			"b_06_": { "x": -267.89, "y": -29.63, "width": 400, "height": 544 },
			"b_07_": { "x": -267.89, "y": -29.63, "width": 400, "height": 544 },
			"b_08_": { "x": -267.89, "y": -29.63, "width": 400, "height": 544 },
			"b_09_": { "x": -267.89, "y": -29.63, "width": 400, "height": 544 },
			"b_10_": { "x": -267.89, "y": -29.63, "width": 400, "height": 544 },
			"b_11_": { "x": -267.89, "y": -29.63, "width": 400, "height": 544 },
			"b_12_": { "x": -267.89, "y": -29.63, "width": 400, "height": 544 },
			"b_13_": { "x": -267.89, "y": -29.63, "width": 400, "height": 544 },
			"b_14_": { "x": -267.89, "y": -29.63, "width": 400, "height": 544 },
			"b_15_": { "x": -267.89, "y": -29.63, "width": 400, "height": 544 },
			"b_16_": { "x": -267.89, "y": -29.63, "width": 400, "height": 544 },
			"b_17_": { "x": -267.89, "y": -29.63, "width": 400, "height": 544 },
			"b_18_": { "x": -267.89, "y": -29.63, "width": 400, "height": 544 },
			"b_19_": { "x": -267.89, "y": -29.63, "width": 400, "height": 544 },
			"b_20_": { "x": -267.89, "y": -29.63, "width": 400, "height": 544 },
			"b_21_": { "x": -267.89, "y": -29.63, "width": 400, "height": 544 }
		},
		"c_00_": {
			"c_00_": { "x": 21.11, "y": -29.59, "width": 178, "height": 544 },
			"c_01_": { "x": 21.11, "y": -29.59, "width": 178, "height": 544 },
			"c_02_": { "x": 21.11, "y": -29.59, "width": 178, "height": 544 },
			"c_03_": { "x": 21.11, "y": -29.59, "width": 178, "height": 544 },
			"c_04_": { "x": 21.11, "y": -29.59, "width": 178, "height": 544 },
			"c_05_": { "x": 21.11, "y": -29.59, "width": 178, "height": 544 },
			"c_06_": { "x": 21.11, "y": -29.59, "width": 178, "height": 544 },
			"c_07_": { "x": 21.11, "y": -29.59, "width": 178, "height": 544 },
			"c_08_": { "x": 21.11, "y": -29.59, "width": 178, "height": 544 },
			"c_09_": { "x": 21.11, "y": -29.59, "width": 178, "height": 544 },
			"c_10_": { "x": 21.11, "y": -29.59, "width": 178, "height": 544 },
			"c_11_": { "x": 21.11, "y": -29.59, "width": 178, "height": 544 },
			"c_12_": { "x": 21.11, "y": -29.59, "width": 178, "height": 544 },
			"c_13_": { "x": 21.11, "y": -29.59, "width": 178, "height": 544 },
			"c_14_": { "x": 21.11, "y": -29.59, "width": 178, "height": 544 },
			"c_15_": { "x": 21.11, "y": -29.59, "width": 178, "height": 544 },
			"c_16_": { "x": 21.11, "y": -29.59, "width": 178, "height": 544 },
			"c_17_": { "x": 21.11, "y": -29.59, "width": 178, "height": 544 },
			"c_18_": { "x": 21.11, "y": -29.59, "width": 178, "height": 544 },
			"c_19_": { "x": 21.11, "y": -29.59, "width": 178, "height": 544 },
			"c_20_": { "x": 21.11, "y": -29.59, "width": 178, "height": 544 },
			"c_21_": { "x": 21.11, "y": -29.59, "width": 178, "height": 544 }
		},
		"c_00_2": {
			"c_00_": { "x": 21.11, "y": -29.59, "width": 178, "height": 544 },
			"c_01_": { "x": 21.11, "y": -29.59, "width": 178, "height": 544 },
			"c_02_": { "x": 21.11, "y": -29.59, "width": 178, "height": 544 },
			"c_03_": { "x": 21.11, "y": -29.59, "width": 178, "height": 544 },
			"c_04_": { "x": 21.11, "y": -29.59, "width": 178, "height": 544 },
			"c_05_": { "x": 21.11, "y": -29.59, "width": 178, "height": 544 },
			"c_06_": { "x": 21.11, "y": -29.59, "width": 178, "height": 544 },
			"c_07_": { "x": 21.11, "y": -29.59, "width": 178, "height": 544 },
			"c_08_": { "x": 21.11, "y": -29.59, "width": 178, "height": 544 },
			"c_09_": { "x": 21.11, "y": -29.59, "width": 178, "height": 544 },
			"c_10_": { "x": 21.11, "y": -29.59, "width": 178, "height": 544 },
			"c_11_": { "x": 21.11, "y": -29.59, "width": 178, "height": 544 },
			"c_12_": { "x": 21.11, "y": -29.59, "width": 178, "height": 544 },
			"c_13_": { "x": 21.11, "y": -29.59, "width": 178, "height": 544 },
			"c_14_": { "x": 21.11, "y": -29.59, "width": 178, "height": 544 },
			"c_15_": { "x": 21.11, "y": -29.59, "width": 178, "height": 544 },
			"c_16_": { "x": 21.11, "y": -29.59, "width": 178, "height": 544 },
			"c_17_": { "x": 21.11, "y": -29.59, "width": 178, "height": 544 },
			"c_18_": { "x": 21.11, "y": -29.59, "width": 178, "height": 544 },
			"c_19_": { "x": 21.11, "y": -29.59, "width": 178, "height": 544 },
			"c_20_": { "x": 21.11, "y": -29.59, "width": 178, "height": 544 },
			"c_21_": { "x": 21.11, "y": -29.59, "width": 178, "height": 544 }
		}
	}
},
"animations": {
	"animation": {
		"slots": {
			"a_00_": {
				"attachment": [
					{ "time": 0, "name": "a_00_" },
					{ "time": 0.1, "name": null },
					{ "time": 0.6333, "name": null },
					{ "time": 0.7333, "name": "a_08_" },
					{ "time": 0.8, "name": "a_09_" },
					{ "time": 0.9, "name": "a_10_" },
					{ "time": 1, "name": "a_11_" },
					{ "time": 1.1, "name": "a_12_" },
					{ "time": 1.1667, "name": "a_13_" },
					{ "time": 1.2667, "name": "a_14_" },
					{ "time": 1.3667, "name": "a_15_" },
					{ "time": 1.4333, "name": "a_16_" },
					{ "time": 1.5333, "name": "a_17_" },
					{ "time": 1.6333, "name": "a_18_" },
					{ "time": 1.7, "name": "a_19_" },
					{ "time": 1.8, "name": "a_20_" },
					{ "time": 1.9, "name": "a_21_" },
					{ "time": 2, "name": "a_00_" }
				]
			},
			"a_00_2": {
				"attachment": [
					{ "time": 0, "name": "a_00_" },
					{ "time": 0.1, "name": null },
					{ "time": 0.6333, "name": null },
					{ "time": 0.7333, "name": "a_08_" },
					{ "time": 0.8, "name": "a_09_" },
					{ "time": 0.9, "name": "a_10_" },
					{ "time": 1, "name": "a_11_" },
					{ "time": 1.1, "name": "a_12_" },
					{ "time": 1.1667, "name": "a_13_" },
					{ "time": 1.2667, "name": "a_14_" },
					{ "time": 1.3667, "name": "a_15_" },
					{ "time": 1.4333, "name": "a_16_" },
					{ "time": 1.5333, "name": "a_17_" },
					{ "time": 1.6333, "name": "a_18_" },
					{ "time": 1.7, "name": "a_19_" },
					{ "time": 1.8, "name": "a_20_" },
					{ "time": 1.9, "name": "a_21_" },
					{ "time": 2, "name": "a_00_" }
				]
			},
			"b_00_": {
				"attachment": [
					{ "time": 0, "name": "b_00_" },
					{ "time": 0.1, "name": "b_01_" },
					{ "time": 0.1667, "name": "b_02_" },
					{ "time": 0.2667, "name": "b_03_" },
					{ "time": 0.3667, "name": "b_04_" },
					{ "time": 0.4667, "name": "b_05_" },
					{ "time": 0.5333, "name": "b_06_" },
					{ "time": 0.6333, "name": "b_07_" },
					{ "time": 0.7333, "name": "b_08_" },
					{ "time": 0.8, "name": "b_09_" },
					{ "time": 0.9, "name": "b_10_" },
					{ "time": 1, "name": "b_11_" },
					{ "time": 1.1, "name": "b_12_" },
					{ "time": 1.1667, "name": "b_13_" },
					{ "time": 1.2667, "name": "b_14_" },
					{ "time": 1.3667, "name": "b_15_" },
					{ "time": 1.4333, "name": "b_16_" },
					{ "time": 1.5333, "name": "b_17_" },
					{ "time": 1.6333, "name": "b_18_" },
					{ "time": 1.7, "name": "b_19_" },
					{ "time": 1.8, "name": "b_20_" },
					{ "time": 1.9, "name": "b_21_" },
					{ "time": 2, "name": "b_00_" }
				]
			},
			"b_00_2": {
				"attachment": [
					{ "time": 0, "name": "b_00_" },
					{ "time": 0.1, "name": "b_01_" },
					{ "time": 0.1667, "name": "b_02_" },
					{ "time": 0.2667, "name": "b_03_" },
					{ "time": 0.3667, "name": "b_04_" },
					{ "time": 0.4667, "name": "b_05_" },
					{ "time": 0.5333, "name": "b_06_" },
					{ "time": 0.6333, "name": "b_07_" },
					{ "time": 0.7333, "name": "b_08_" },
					{ "time": 0.8, "name": "b_09_" },
					{ "time": 0.9, "name": "b_10_" },
					{ "time": 1, "name": "b_11_" },
					{ "time": 1.1, "name": "b_12_" },
					{ "time": 1.1667, "name": "b_13_" },
					{ "time": 1.2667, "name": "b_14_" },
					{ "time": 1.3667, "name": "b_15_" },
					{ "time": 1.4333, "name": "b_16_" },
					{ "time": 1.5333, "name": "b_17_" },
					{ "time": 1.6333, "name": "b_18_" },
					{ "time": 1.7, "name": "b_19_" },
					{ "time": 1.8, "name": "b_20_" },
					{ "time": 1.9, "name": "b_21_" },
					{ "time": 2, "name": "b_00_" }
				]
			},
			"c_00_": {
				"attachment": [
					{ "time": 0, "name": "c_00_" },
					{ "time": 0.1, "name": "c_01_" },
					{ "time": 0.1667, "name": "c_02_" },
					{ "time": 0.2667, "name": "c_03_" },
					{ "time": 0.3667, "name": "c_04_" },
					{ "time": 0.4667, "name": "c_05_" },
					{ "time": 0.5333, "name": "c_06_" },
					{ "time": 0.6333, "name": "c_07_" },
					{ "time": 0.7333, "name": "c_08_" },
					{ "time": 0.8, "name": "c_09_" },
					{ "time": 0.9, "name": "c_10_" },
					{ "time": 1, "name": "c_11_" },
					{ "time": 1.1, "name": "c_12_" },
					{ "time": 1.1667, "name": "c_13_" },
					{ "time": 1.2667, "name": "c_14_" },
					{ "time": 1.3667, "name": "c_15_" },
					{ "time": 1.4333, "name": "c_16_" },
					{ "time": 1.5333, "name": "c_17_" },
					{ "time": 1.6333, "name": "c_18_" },
					{ "time": 1.7, "name": "c_19_" },
					{ "time": 1.8, "name": "c_20_" },
					{ "time": 1.9, "name": "c_21_" },
					{ "time": 2, "name": "c_00_" }
				]
			},
			"c_00_2": {
				"attachment": [
					{ "time": 0, "name": "c_00_" },
					{ "time": 0.1, "name": "c_01_" },
					{ "time": 0.1667, "name": "c_02_" },
					{ "time": 0.2667, "name": "c_03_" },
					{ "time": 0.3667, "name": "c_04_" },
					{ "time": 0.4667, "name": "c_05_" },
					{ "time": 0.5333, "name": "c_06_" },
					{ "time": 0.6333, "name": "c_07_" },
					{ "time": 0.7333, "name": "c_08_" },
					{ "time": 0.8, "name": "c_09_" },
					{ "time": 0.9, "name": "c_10_" },
					{ "time": 1, "name": "c_11_" },
					{ "time": 1.1, "name": "c_12_" },
					{ "time": 1.1667, "name": "c_13_" },
					{ "time": 1.2667, "name": "c_14_" },
					{ "time": 1.3667, "name": "c_15_" },
					{ "time": 1.4333, "name": "c_16_" },
					{ "time": 1.5333, "name": "c_17_" },
					{ "time": 1.6333, "name": "c_18_" },
					{ "time": 1.7, "name": "c_19_" },
					{ "time": 1.8, "name": "c_20_" },
					{ "time": 1.9, "name": "c_21_" },
					{ "time": 2, "name": "c_00_" }
				]
			}
		}
	}
}
}