{
"skeleton": { "hash": "yopusFlTORyCZ8w6+sIIZqo70YM", "spine": "3.7.94", "width": 294, "height": 140, "images": "./images/", "audio": "F:/COK项目/Spine工程/ICON—巨龙冠亚季军铭牌/巨龙铭牌—季军/images" },
"bones": [
	{ "name": "root" },
	{ "name": "fire01", "parent": "root", "x": -14.12, "y": 27.72, "scaleX": 2, "scaleY": 2 },
	{ "name": "lg_", "parent": "root", "x": -14.12, "y": 27.72, "scaleX": 2, "scaleY": 2 },
	{ "name": "kuang_glow_", "parent": "root", "x": -14.12, "y": 27.72 },
	{ "name": "fire02", "parent": "root", "x": -14.12, "y": 27.72, "scaleX": 2, "scaleY": 2 }
],
"slots": [
	{ "name": "fire02", "bone": "fire02" },
	{ "name": "pai_", "bone": "root", "attachment": "pai_" },
	{ "name": "wangguan_", "bone": "root", "attachment": "wangguan_" },
	{ "name": "fire01_", "bone": "root", "attachment": "fire01_" },
	{ "name": "huohua03_", "bone": "root", "attachment": "huohua03_" },
	{ "name": "huohua02_", "bone": "root", "attachment": "huohua02_" },
	{ "name": "huohua01_", "bone": "root", "attachment": "huohua01_" },
	{ "name": "fire01", "bone": "fire01" },
	{ "name": "kuang_glow_", "bone": "kuang_glow_", "attachment": "kuang_glow_", "blend": "additive" },
	{ "name": "star_", "bone": "root", "attachment": "star_", "blend": "additive" },
	{ "name": "lg_", "bone": "lg_", "blend": "additive" }
],
"skins": {
	"default": {
		"fire01": {
			"fire01_00_": { "width": 147, "height": 70 },
			"fire01_02_": { "width": 147, "height": 70 },
			"fire01_04_": { "width": 147, "height": 70 },
			"fire01_06_": { "width": 147, "height": 70 },
			"fire01_08_": { "width": 147, "height": 70 },
			"fire01_10_": { "width": 147, "height": 70 },
			"fire01_12_": { "width": 147, "height": 70 },
			"fire01_14_": { "width": 147, "height": 70 },
			"fire01_16_": { "width": 147, "height": 70 },
			"fire01_18_": { "width": 147, "height": 70 },
			"fire01_20_": { "width": 147, "height": 70 },
			"fire01_22_": { "width": 147, "height": 70 },
			"fire01_24_": { "width": 147, "height": 70 },
			"fire01_26_": { "width": 147, "height": 70 },
			"fire01_28_": { "width": 147, "height": 70 },
			"fire01_30_": { "width": 147, "height": 70 },
			"fire01_32_": { "width": 147, "height": 70 },
			"fire01_34_": { "width": 147, "height": 70 },
			"fire01_36_": { "width": 147, "height": 70 },
			"fire01_38_": { "width": 147, "height": 70 },
			"fire01_40_": { "width": 147, "height": 70 },
			"fire01_42_": { "width": 147, "height": 70 },
			"fire01_44_": { "width": 147, "height": 70 },
			"fire01_46_": { "width": 147, "height": 70 },
			"fire01_48_": { "width": 147, "height": 70 },
			"fire01_50_": { "width": 147, "height": 70 },
			"fire01_52_": { "width": 147, "height": 70 },
			"fire01_54_": { "width": 147, "height": 70 },
			"fire01_56_": { "width": 147, "height": 70 },
			"fire01_58_": { "width": 147, "height": 70 }
		},
		"fire01_": {
			"fire01_": { "x": -87.64, "y": 14.02, "width": 88, "height": 83 }
		},
		"fire02": {
			"fire02_00_": { "width": 147, "height": 70 },
			"fire02_02_": { "width": 147, "height": 70 },
			"fire02_04_": { "width": 147, "height": 70 },
			"fire02_06_": { "width": 147, "height": 70 },
			"fire02_08_": { "width": 147, "height": 70 },
			"fire02_10_": { "width": 147, "height": 70 },
			"fire02_12_": { "width": 147, "height": 70 },
			"fire02_14_": { "width": 147, "height": 70 },
			"fire02_16_": { "width": 147, "height": 70 },
			"fire02_18_": { "width": 147, "height": 70 },
			"fire02_20_": { "width": 147, "height": 70 },
			"fire02_22_": { "width": 147, "height": 70 },
			"fire02_24_": { "width": 147, "height": 70 },
			"fire02_26_": { "width": 147, "height": 70 },
			"fire02_28_": { "width": 147, "height": 70 },
			"fire02_30_": { "width": 147, "height": 70 },
			"fire02_32_": { "width": 147, "height": 70 },
			"fire02_34_": { "width": 147, "height": 70 },
			"fire02_36_": { "width": 147, "height": 70 },
			"fire02_38_": { "width": 147, "height": 70 },
			"fire02_40_": { "width": 147, "height": 70 },
			"fire02_42_": { "width": 147, "height": 70 },
			"fire02_44_": { "width": 147, "height": 70 },
			"fire02_46_": { "width": 147, "height": 70 },
			"fire02_48_": { "width": 147, "height": 70 },
			"fire02_50_": { "width": 147, "height": 70 },
			"fire02_52_": { "width": 147, "height": 70 },
			"fire02_54_": { "width": 147, "height": 70 },
			"fire02_56_": { "width": 147, "height": 70 },
			"fire02_58_": { "width": 147, "height": 70 }
		},
		"huohua01_": {
			"huohua01_": { "x": -58.15, "y": 33.03, "width": 32, "height": 26 }
		},
		"huohua02_": {
			"huohua02_": { "x": -90.1, "y": 24.49, "width": 55, "height": 44 }
		},
		"huohua03_": {
			"huohua03_": { "x": -88.13, "y": 5.5, "width": 34, "height": 18 }
		},
		"kuang_glow_": {
			"kuang_glow_": { "width": 294, "height": 140 }
		},
		"lg_": {
			"lg_00_": { "width": 147, "height": 70 },
			"lg_02_": { "width": 147, "height": 70 },
			"lg_04_": { "width": 147, "height": 70 },
			"lg_06_": { "width": 147, "height": 70 },
			"lg_08_": { "width": 147, "height": 70 },
			"lg_10_": { "width": 147, "height": 70 },
			"lg_12_": { "width": 147, "height": 70 },
			"lg_14_": { "width": 147, "height": 70 },
			"lg_16_": { "width": 147, "height": 70 },
			"lg_18_": { "width": 147, "height": 70 },
			"lg_20_": { "width": 147, "height": 70 },
			"lg_22_": { "width": 147, "height": 70 },
			"lg_24_": { "width": 147, "height": 70 },
			"lg_26_": { "width": 147, "height": 70 },
			"lg_28_": { "width": 147, "height": 70 },
			"lg_30_": { "width": 147, "height": 70 },
			"lg_32_": { "width": 147, "height": 70 },
			"lg_34_": { "width": 147, "height": 70 },
			"lg_36_": { "width": 147, "height": 70 },
			"lg_38_": { "width": 147, "height": 70 },
			"lg_40_": { "width": 147, "height": 70 },
			"lg_42_": { "width": 147, "height": 70 },
			"lg_44_": { "width": 147, "height": 70 },
			"lg_46_": { "width": 147, "height": 70 },
			"lg_48_": { "width": 147, "height": 70 }
		},
		"pai_": {
			"pai_": { "x": -18.73, "y": 24.04, "width": 221, "height": 118 }
		},
		"star_": {
			"star_": { "x": -30.23, "y": 42.99, "width": 71, "height": 41 }
		},
		"wangguan_": {
			"wangguan_": { "x": 90.31, "y": 13.25, "width": 52, "height": 52 }
		}
	}
},
"animations": {
	"animation": {
		"slots": {
			"fire01": {
				"attachment": [
					{ "time": 0, "name": "fire01_00_" },
					{ "time": 0.0667, "name": "fire01_02_" },
					{ "time": 0.1333, "name": "fire01_04_" },
					{ "time": 0.2, "name": "fire01_06_" },
					{ "time": 0.2667, "name": "fire01_08_" },
					{ "time": 0.3333, "name": "fire01_10_" },
					{ "time": 0.4, "name": "fire01_12_" },
					{ "time": 0.4667, "name": "fire01_14_" },
					{ "time": 0.5333, "name": "fire01_16_" },
					{ "time": 0.6, "name": "fire01_18_" },
					{ "time": 0.6667, "name": "fire01_20_" },
					{ "time": 0.7333, "name": "fire01_22_" },
					{ "time": 0.8, "name": "fire01_24_" },
					{ "time": 0.8667, "name": "fire01_26_" },
					{ "time": 0.9333, "name": "fire01_28_" },
					{ "time": 1, "name": "fire01_30_" },
					{ "time": 1.0667, "name": "fire01_32_" },
					{ "time": 1.1333, "name": "fire01_34_" },
					{ "time": 1.2, "name": "fire01_36_" },
					{ "time": 1.2667, "name": "fire01_38_" },
					{ "time": 1.3333, "name": "fire01_40_" },
					{ "time": 1.4, "name": "fire01_42_" },
					{ "time": 1.4667, "name": "fire01_44_" },
					{ "time": 1.5333, "name": "fire01_46_" },
					{ "time": 1.6, "name": "fire01_48_" },
					{ "time": 1.6667, "name": "fire01_50_" },
					{ "time": 1.7333, "name": "fire01_52_" },
					{ "time": 1.8, "name": "fire01_54_" },
					{ "time": 1.8667, "name": "fire01_56_" },
					{ "time": 1.9333, "name": "fire01_58_" },
					{ "time": 2, "name": null }
				]
			},
			"fire02": {
				"attachment": [
					{ "time": 0, "name": "fire02_00_" },
					{ "time": 0.0667, "name": "fire02_02_" },
					{ "time": 0.1333, "name": "fire02_04_" },
					{ "time": 0.2, "name": "fire02_06_" },
					{ "time": 0.2667, "name": "fire02_08_" },
					{ "time": 0.3333, "name": "fire02_10_" },
					{ "time": 0.4, "name": "fire02_12_" },
					{ "time": 0.4667, "name": "fire02_14_" },
					{ "time": 0.5333, "name": "fire02_16_" },
					{ "time": 0.6, "name": "fire02_18_" },
					{ "time": 0.6667, "name": "fire02_20_" },
					{ "time": 0.7333, "name": "fire02_22_" },
					{ "time": 0.8, "name": "fire02_24_" },
					{ "time": 0.8667, "name": "fire02_26_" },
					{ "time": 0.9333, "name": "fire02_28_" },
					{ "time": 1, "name": "fire02_30_" },
					{ "time": 1.0667, "name": "fire02_32_" },
					{ "time": 1.1333, "name": "fire02_34_" },
					{ "time": 1.2, "name": "fire02_36_" },
					{ "time": 1.2667, "name": "fire02_38_" },
					{ "time": 1.3333, "name": "fire02_40_" },
					{ "time": 1.4, "name": "fire02_42_" },
					{ "time": 1.4667, "name": "fire02_44_" },
					{ "time": 1.5333, "name": "fire02_46_" },
					{ "time": 1.6, "name": "fire02_48_" },
					{ "time": 1.6667, "name": "fire02_50_" },
					{ "time": 1.7333, "name": "fire02_52_" },
					{ "time": 1.8, "name": "fire02_54_" },
					{ "time": 1.8667, "name": "fire02_56_" },
					{ "time": 1.9333, "name": "fire02_58_" },
					{ "time": 2, "name": null }
				]
			},
			"kuang_glow_": {
				"color": [
					{
						"time": 0,
						"color": "ffffff00",
						"curve": [ 0.25, 0, 0.75, 1 ]
					},
					{
						"time": 1,
						"color": "ffffffc9",
						"curve": [ 0.25, 0, 0.75, 1 ]
					},
					{ "time": 2, "color": "ffffff00" }
				]
			},
			"lg_": {
				"attachment": [
					{ "time": 0, "name": "lg_00_" },
					{ "time": 0.0667, "name": "lg_02_" },
					{ "time": 0.1333, "name": "lg_04_" },
					{ "time": 0.2, "name": "lg_06_" },
					{ "time": 0.2667, "name": "lg_08_" },
					{ "time": 0.3333, "name": "lg_10_" },
					{ "time": 0.4, "name": "lg_12_" },
					{ "time": 0.4667, "name": "lg_14_" },
					{ "time": 0.5333, "name": "lg_16_" },
					{ "time": 0.6, "name": "lg_18_" },
					{ "time": 0.6667, "name": "lg_20_" },
					{ "time": 0.7333, "name": "lg_22_" },
					{ "time": 0.8, "name": "lg_24_" },
					{ "time": 0.8667, "name": "lg_26_" },
					{ "time": 0.9333, "name": "lg_28_" },
					{ "time": 1, "name": "lg_30_" },
					{ "time": 1.0667, "name": "lg_32_" },
					{ "time": 1.1333, "name": "lg_34_" },
					{ "time": 1.2, "name": "lg_36_" },
					{ "time": 1.2667, "name": "lg_38_" },
					{ "time": 1.3333, "name": "lg_40_" },
					{ "time": 1.4, "name": "lg_42_" },
					{ "time": 1.4667, "name": "lg_44_" },
					{ "time": 1.5333, "name": "lg_46_" },
					{ "time": 1.6, "name": "lg_48_" },
					{ "time": 1.6667, "name": null }
				]
			},
			"star_": {
				"color": [
					{ "time": 0, "color": "ffffffff" },
					{ "time": 0.0667, "color": "ffffff00" },
					{ "time": 0.1333, "color": "ffffffff" },
					{ "time": 0.2, "color": "ffffff96" },
					{ "time": 0.2667, "color": "ffffff2f" },
					{ "time": 0.3, "color": "ffffffff" },
					{ "time": 0.4, "color": "ffffffd4" },
					{ "time": 0.4667, "color": "ffffff00" },
					{ "time": 0.5333, "color": "ffffffff" },
					{ "time": 0.6333, "color": "ffffff00" },
					{ "time": 0.7, "color": "ffffffe5" },
					{ "time": 0.7333, "color": "ffffff70" },
					{ "time": 0.8333, "color": "ffffffff" },
					{ "time": 0.9, "color": "ffffff00" },
					{ "time": 1, "color": "ffffffad" },
					{ "time": 1.0667, "color": "ffffffff" },
					{ "time": 1.1333, "color": "ffffff00" },
					{ "time": 1.2333, "color": "ffffffff" },
					{ "time": 1.3667, "color": "ffffffab" },
					{ "time": 1.4333, "color": "ffffff00" },
					{ "time": 1.5, "color": "ffffffff" },
					{ "time": 1.6, "color": "ffffffc6" },
					{ "time": 1.6333, "color": "ffffff66" },
					{ "time": 1.6667, "color": "ffffffff" },
					{ "time": 1.7333, "color": "ffffffb8" },
					{ "time": 1.8333, "color": "ffffffff" },
					{ "time": 1.9333, "color": "ffffff03" },
					{ "time": 2, "color": "ffffffff" }
				]
			}
		},
		"bones": {
			"kuang_glow_": {
				"translate": [
					{ "time": 0, "x": -1.84, "y": -1.1 }
				]
			},
			"fire01": {
				"translate": [
					{ "time": 0, "x": -19.01, "y": 0 }
				]
			},
			"lg_": {
				"translate": [
					{ "time": 0, "x": 41.4, "y": 0 }
				]
			}
		}
	}
}
}