{
"skeleton": { "hash": "F1v09emMC3QjVAhHpGiPLHriOf0", "spine": "3.7.94", "width": 1080, "height": 825.6 },
"bones": [
	{ "name": "root" },
	{ "name": "ctr", "parent": "root", "x": -4.79, "y": 82.22, "scaleX": 1.2, "scaleY": 1.2 },
	{ "name": "bidle_UL_", "parent": "ctr", "x": -57, "y": 81 },
	{ "name": "bidle_UR_", "parent": "ctr", "x": -57, "y": 81 },
	{ "name": "bidle_DL_", "parent": "ctr", "x": -57, "y": 81 },
	{ "name": "bidle_DR_", "parent": "ctr", "x": -57, "y": 81 }
],
"slots": [
	{ "name": "bidle_UL_", "bone": "bidle_UL_", "attachment": "bidle_UL_00_" },
	{ "name": "bidle_UR_", "bone": "bidle_UR_", "attachment": "bidle_UR_00_" },
	{ "name": "bidle_DL_", "bone": "bidle_DL_", "attachment": "bidle_DL_00_" },
	{ "name": "bidle_DR_", "bone": "bidle_DR_", "attachment": "bidle_DR_00_" }
],
"skins": {
	"default": {
		"bidle_DL_": {
			"bidle_DL_00_": { "x": -129.5, "y": -172, "width": 259, "height": 344 },
			"bidle_DL_01_": { "x": -129.5, "y": -172, "width": 259, "height": 344 },
			"bidle_DL_02_": { "x": -129.5, "y": -172, "width": 259, "height": 344 },
			"bidle_DL_03_": { "x": -129.5, "y": -172, "width": 259, "height": 344 },
			"bidle_DL_04_": { "x": -129.5, "y": -172, "width": 259, "height": 344 },
			"bidle_DL_05_": { "x": -129.5, "y": -172, "width": 259, "height": 344 },
			"bidle_DL_06_": { "x": -129.5, "y": -172, "width": 259, "height": 344 },
			"bidle_DL_07_": { "x": -129.5, "y": -172, "width": 259, "height": 344 },
			"bidle_DL_08_": { "x": -129.5, "y": -172, "width": 259, "height": 344 },
			"bidle_DL_09_": { "x": -129.5, "y": -172, "width": 259, "height": 344 },
			"bidle_DL_10_": { "x": -129.5, "y": -172, "width": 259, "height": 344 },
			"bidle_DL_11_": { "x": -129.5, "y": -172, "width": 259, "height": 344 },
			"bidle_DL_12_": { "x": -129.5, "y": -172, "width": 259, "height": 344 },
			"bidle_DL_13_": { "x": -129.5, "y": -172, "width": 259, "height": 344 },
			"bidle_DL_14_": { "x": -129.5, "y": -172, "width": 259, "height": 344 },
			"bidle_DL_15_": { "x": -129.5, "y": -172, "width": 259, "height": 344 },
			"bidle_DL_16_": { "x": -129.5, "y": -172, "width": 259, "height": 344 },
			"bidle_DL_17_": { "x": -129.5, "y": -172, "width": 259, "height": 344 },
			"bidle_DL_18_": { "x": -129.5, "y": -172, "width": 259, "height": 344 },
			"bidle_DL_19_": { "x": -129.5, "y": -172, "width": 259, "height": 344 }
		},
		"bidle_DR_": {
			"bidle_DR_00_": { "x": 320.5, "y": -172, "width": 641, "height": 344 },
			"bidle_DR_01_": { "x": 320.5, "y": -172, "width": 641, "height": 344 },
			"bidle_DR_02_": { "x": 320.5, "y": -172, "width": 641, "height": 344 },
			"bidle_DR_03_": { "x": 320.5, "y": -172, "width": 641, "height": 344 },
			"bidle_DR_04_": { "x": 320.5, "y": -172, "width": 641, "height": 344 },
			"bidle_DR_05_": { "x": 320.5, "y": -172, "width": 641, "height": 344 },
			"bidle_DR_06_": { "x": 320.5, "y": -172, "width": 641, "height": 344 },
			"bidle_DR_07_": { "x": 320.5, "y": -172, "width": 641, "height": 344 },
			"bidle_DR_08_": { "x": 320.5, "y": -172, "width": 641, "height": 344 },
			"bidle_DR_09_": { "x": 320.5, "y": -172, "width": 641, "height": 344 },
			"bidle_DR_10_": { "x": 320.5, "y": -172, "width": 641, "height": 344 },
			"bidle_DR_11_": { "x": 320.5, "y": -172, "width": 641, "height": 344 },
			"bidle_DR_12_": { "x": 320.5, "y": -172, "width": 641, "height": 344 },
			"bidle_DR_13_": { "x": 320.5, "y": -172, "width": 641, "height": 344 },
			"bidle_DR_14_": { "x": 320.5, "y": -172, "width": 641, "height": 344 },
			"bidle_DR_15_": { "x": 320.5, "y": -172, "width": 641, "height": 344 },
			"bidle_DR_16_": { "x": 320.5, "y": -172, "width": 641, "height": 344 },
			"bidle_DR_17_": { "x": 320.5, "y": -172, "width": 641, "height": 344 },
			"bidle_DR_18_": { "x": 320.5, "y": -172, "width": 641, "height": 344 },
			"bidle_DR_19_": { "x": 320.5, "y": -172, "width": 641, "height": 344 }
		},
		"bidle_UL_": {
			"bidle_UL_00_": { "x": -129.5, "y": 172, "width": 259, "height": 344 },
			"bidle_UL_01_": { "x": -129.5, "y": 172, "width": 259, "height": 344 },
			"bidle_UL_02_": { "x": -129.5, "y": 172, "width": 259, "height": 344 },
			"bidle_UL_03_": { "x": -129.5, "y": 172, "width": 259, "height": 344 },
			"bidle_UL_04_": { "x": -129.5, "y": 172, "width": 259, "height": 344 },
			"bidle_UL_05_": { "x": -129.5, "y": 172, "width": 259, "height": 344 },
			"bidle_UL_06_": { "x": -129.5, "y": 172, "width": 259, "height": 344 },
			"bidle_UL_07_": { "x": -129.5, "y": 172, "width": 259, "height": 344 },
			"bidle_UL_08_": { "x": -129.5, "y": 172, "width": 259, "height": 344 },
			"bidle_UL_09_": { "x": -129.5, "y": 172, "width": 259, "height": 344 },
			"bidle_UL_10_": { "x": -129.5, "y": 172, "width": 259, "height": 344 },
			"bidle_UL_11_": { "x": -129.5, "y": 172, "width": 259, "height": 344 },
			"bidle_UL_12_": { "x": -129.5, "y": 172, "width": 259, "height": 344 },
			"bidle_UL_13_": { "x": -129.5, "y": 172, "width": 259, "height": 344 },
			"bidle_UL_14_": { "x": -129.5, "y": 172, "width": 259, "height": 344 },
			"bidle_UL_15_": { "x": -129.5, "y": 172, "width": 259, "height": 344 },
			"bidle_UL_16_": { "x": -129.5, "y": 172, "width": 259, "height": 344 },
			"bidle_UL_17_": { "x": -129.5, "y": 172, "width": 259, "height": 344 },
			"bidle_UL_18_": { "x": -129.5, "y": 172, "width": 259, "height": 344 },
			"bidle_UL_19_": { "x": -129.5, "y": 172, "width": 259, "height": 344 }
		},
		"bidle_UR_": {
			"bidle_UR_00_": { "x": 320.5, "y": 172, "width": 641, "height": 344 },
			"bidle_UR_01_": { "x": 320.5, "y": 172, "width": 641, "height": 344 },
			"bidle_UR_02_": { "x": 320.5, "y": 172, "width": 641, "height": 344 },
			"bidle_UR_03_": { "x": 320.5, "y": 172, "width": 641, "height": 344 },
			"bidle_UR_04_": { "x": 320.5, "y": 172, "width": 641, "height": 344 },
			"bidle_UR_05_": { "x": 320.5, "y": 172, "width": 641, "height": 344 },
			"bidle_UR_06_": { "x": 320.5, "y": 172, "width": 641, "height": 344 },
			"bidle_UR_07_": { "x": 320.5, "y": 172, "width": 641, "height": 344 },
			"bidle_UR_08_": { "x": 320.5, "y": 172, "width": 641, "height": 344 },
			"bidle_UR_09_": { "x": 320.5, "y": 172, "width": 641, "height": 344 },
			"bidle_UR_10_": { "x": 320.5, "y": 172, "width": 641, "height": 344 },
			"bidle_UR_11_": { "x": 320.5, "y": 172, "width": 641, "height": 344 },
			"bidle_UR_12_": { "x": 320.5, "y": 172, "width": 641, "height": 344 },
			"bidle_UR_13_": { "x": 320.5, "y": 172, "width": 641, "height": 344 },
			"bidle_UR_14_": { "x": 320.5, "y": 172, "width": 641, "height": 344 },
			"bidle_UR_15_": { "x": 320.5, "y": 172, "width": 641, "height": 344 },
			"bidle_UR_16_": { "x": 320.5, "y": 172, "width": 641, "height": 344 },
			"bidle_UR_17_": { "x": 320.5, "y": 172, "width": 641, "height": 344 },
			"bidle_UR_18_": { "x": 320.5, "y": 172, "width": 641, "height": 344 },
			"bidle_UR_19_": { "x": 320.5, "y": 172, "width": 641, "height": 344 }
		}
	}
},
"animations": {
	"animation": {
		"slots": {
			"bidle_DL_": {
				"attachment": [
					{ "time": 0, "name": "bidle_DL_00_" },
					{ "time": 0.1, "name": "bidle_DL_01_" },
					{ "time": 0.2, "name": "bidle_DL_02_" },
					{ "time": 0.3, "name": "bidle_DL_03_" },
					{ "time": 0.4333, "name": "bidle_DL_04_" },
					{ "time": 0.5333, "name": "bidle_DL_05_" },
					{ "time": 0.6333, "name": "bidle_DL_06_" },
					{ "time": 0.7333, "name": "bidle_DL_07_" },
					{ "time": 0.8333, "name": "bidle_DL_08_" },
					{ "time": 0.9333, "name": "bidle_DL_09_" },
					{ "time": 1.0667, "name": "bidle_DL_10_" },
					{ "time": 1.1667, "name": "bidle_DL_11_" },
					{ "time": 1.2667, "name": "bidle_DL_12_" },
					{ "time": 1.3667, "name": "bidle_DL_13_" },
					{ "time": 1.4667, "name": "bidle_DL_14_" },
					{ "time": 1.5667, "name": "bidle_DL_15_" },
					{ "time": 1.6667, "name": "bidle_DL_16_" },
					{ "time": 1.8, "name": "bidle_DL_17_" },
					{ "time": 1.9, "name": "bidle_DL_18_" },
					{ "time": 2, "name": "bidle_DL_19_" },
					{ "time": 2.1, "name": null }
				]
			},
			"bidle_DR_": {
				"attachment": [
					{ "time": 0, "name": "bidle_DR_00_" },
					{ "time": 0.1, "name": "bidle_DR_01_" },
					{ "time": 0.2, "name": "bidle_DR_02_" },
					{ "time": 0.3, "name": "bidle_DR_03_" },
					{ "time": 0.4333, "name": "bidle_DR_04_" },
					{ "time": 0.5333, "name": "bidle_DR_05_" },
					{ "time": 0.6333, "name": "bidle_DR_06_" },
					{ "time": 0.7333, "name": "bidle_DR_07_" },
					{ "time": 0.8333, "name": "bidle_DR_08_" },
					{ "time": 0.9333, "name": "bidle_DR_09_" },
					{ "time": 1.0667, "name": "bidle_DR_10_" },
					{ "time": 1.1667, "name": "bidle_DR_11_" },
					{ "time": 1.2667, "name": "bidle_DR_12_" },
					{ "time": 1.3667, "name": "bidle_DR_13_" },
					{ "time": 1.4667, "name": "bidle_DR_14_" },
					{ "time": 1.5667, "name": "bidle_DR_15_" },
					{ "time": 1.6667, "name": "bidle_DR_16_" },
					{ "time": 1.8, "name": "bidle_DR_17_" },
					{ "time": 1.9, "name": "bidle_DR_18_" },
					{ "time": 2, "name": "bidle_DR_19_" },
					{ "time": 2.1, "name": null }
				]
			},
			"bidle_UL_": {
				"attachment": [
					{ "time": 0, "name": "bidle_UL_00_" },
					{ "time": 0.1, "name": "bidle_UL_01_" },
					{ "time": 0.2, "name": "bidle_UL_02_" },
					{ "time": 0.3, "name": "bidle_UL_03_" },
					{ "time": 0.4333, "name": "bidle_UL_04_" },
					{ "time": 0.5333, "name": "bidle_UL_05_" },
					{ "time": 0.6333, "name": "bidle_UL_06_" },
					{ "time": 0.7333, "name": "bidle_UL_07_" },
					{ "time": 0.8333, "name": "bidle_UL_08_" },
					{ "time": 0.9333, "name": "bidle_UL_09_" },
					{ "time": 1.0667, "name": "bidle_UL_10_" },
					{ "time": 1.1667, "name": "bidle_UL_11_" },
					{ "time": 1.2667, "name": "bidle_UL_12_" },
					{ "time": 1.3667, "name": "bidle_UL_13_" },
					{ "time": 1.4667, "name": "bidle_UL_14_" },
					{ "time": 1.5667, "name": "bidle_UL_15_" },
					{ "time": 1.6667, "name": "bidle_UL_16_" },
					{ "time": 1.8, "name": "bidle_UL_17_" },
					{ "time": 1.9, "name": "bidle_UL_18_" },
					{ "time": 2, "name": "bidle_UL_19_" },
					{ "time": 2.1, "name": null }
				]
			},
			"bidle_UR_": {
				"attachment": [
					{ "time": 0, "name": "bidle_UR_00_" },
					{ "time": 0.1, "name": "bidle_UR_01_" },
					{ "time": 0.2, "name": "bidle_UR_02_" },
					{ "time": 0.3, "name": "bidle_UR_03_" },
					{ "time": 0.4333, "name": "bidle_UR_04_" },
					{ "time": 0.5333, "name": "bidle_UR_05_" },
					{ "time": 0.6333, "name": "bidle_UR_06_" },
					{ "time": 0.7333, "name": "bidle_UR_07_" },
					{ "time": 0.8333, "name": "bidle_UR_08_" },
					{ "time": 0.9333, "name": "bidle_UR_09_" },
					{ "time": 1.0667, "name": "bidle_UR_10_" },
					{ "time": 1.1667, "name": "bidle_UR_11_" },
					{ "time": 1.2667, "name": "bidle_UR_12_" },
					{ "time": 1.3667, "name": "bidle_UR_13_" },
					{ "time": 1.4667, "name": "bidle_UR_14_" },
					{ "time": 1.5667, "name": "bidle_UR_15_" },
					{ "time": 1.6667, "name": "bidle_UR_16_" },
					{ "time": 1.8, "name": "bidle_UR_17_" },
					{ "time": 1.9, "name": "bidle_UR_18_" },
					{ "time": 2, "name": "bidle_UR_19_" },
					{ "time": 2.1, "name": null }
				]
			}
		},
		"bones": {
			"ctr": {
				"translate": [
					{ "time": 0, "x": 0, "y": 0 }
				]
			}
		}
	}
}
}