{
"skeleton": { "hash": "wgq2YYx3TZtWcKuIWUpyZlTgaak", "spine": "3.7.94", "width": 257, "height": 294, "images": "", "audio": "D:/work/项目备份/cok/2020/万圣节输出/images" },
"bones": [
	{ "name": "root" },
	{ "name": "bone", "parent": "root", "length": 227.64, "x": 2.04, "y": -11.46 },
	{ "name": "bone2", "parent": "bone", "length": 15.68, "rotation": 1.47, "x": 11.52, "y": 168.71 },
	{ "name": "bone3", "parent": "bone", "length": 19.11, "rotation": 22.25, "x": 65.62, "y": 58.37 },
	{ "name": "bone4", "parent": "bone", "length": 13.2, "rotation": 5.83, "x": 2.6, "y": 101.67 },
	{ "name": "bone5", "parent": "bone", "length": 18.27, "rotation": 94.21, "x": -44.88, "y": 65.54 },
	{ "name": "bone6", "parent": "bone", "length": 8.98, "rotation": 90.56, "x": 7.31, "y": 227.5 },
	{ "name": "bone7", "parent": "bone6", "length": 8.34, "rotation": -52.85, "x": 0.86, "y": -2.47 },
	{ "name": "bone8", "parent": "bone7", "length": 9.3, "rotation": -8.24, "x": 8.54, "y": -0.04 },
	{ "name": "bone9", "parent": "bone6", "length": 9.99, "rotation": 77.24, "x": 0.2, "y": 2.81 },
	{ "name": "bone10", "parent": "bone9", "length": 11.63, "rotation": 15.24, "x": 9.99 },
	{ "name": "bone11", "parent": "bone", "length": 18.88, "rotation": 90.73, "x": -70.1, "y": 102.38 },
	{ "name": "bone12", "parent": "bone", "length": 32.5, "rotation": 71.57, "x": -49.06, "y": 120.04 },
	{ "name": "bone13", "parent": "bone", "length": 32.79, "rotation": 120.68, "x": -53.84, "y": 126.48 },
	{ "name": "bone14", "parent": "bone", "length": 27.61, "rotation": 110.79, "x": -78.7, "y": 104.49 },
	{ "name": "bone15", "parent": "bone", "length": 22.63, "rotation": 91.53, "x": -27.35, "y": 190.64 },
	{ "name": "bone16", "parent": "bone", "length": 8.4, "rotation": 98.85, "x": -8.83, "y": 263.04 },
	{ "name": "bone17", "parent": "bone16", "length": 8.79, "rotation": -61.72, "x": 1.27, "y": -2.88 },
	{ "name": "bone18", "parent": "bone17", "length": 6.92, "rotation": -17.33, "x": 8.82, "y": -0.06 },
	{ "name": "bone19", "parent": "bone18", "length": 7.59, "rotation": -24.84, "x": 6.92 },
	{ "name": "bone20", "parent": "bone16", "length": 7.41, "rotation": 57.49, "x": 0.92, "y": 3.42 },
	{ "name": "bone21", "parent": "bone20", "length": 7.17, "rotation": 11.25, "x": 7.51, "y": 0.04 },
	{ "name": "bone22", "parent": "bone21", "length": 8.71, "rotation": 30.91, "x": 7.24, "y": 0.02 },
	{ "name": "bone23", "parent": "bone", "length": 5.66, "rotation": 94.97, "x": -47.82, "y": 238.54 },
	{ "name": "bone24", "parent": "bone23", "length": 7.78, "rotation": 130.6, "x": 0.39, "y": 2.37 },
	{ "name": "bone25", "parent": "bone24", "length": 6.53, "rotation": 18.72, "x": 7.63, "y": -0.15 },
	{ "name": "bone26", "parent": "bone25", "length": 7.19, "rotation": 3.42, "x": 5.99, "y": -0.14 },
	{ "name": "bone27", "parent": "bone23", "length": 7.32, "rotation": -128.42, "x": 1.24, "y": -0.44 },
	{ "name": "bone28", "parent": "bone27", "length": 6.48, "rotation": -14.27, "x": 7.35, "y": 0.15 },
	{ "name": "bone29", "parent": "bone28", "length": 8.11, "rotation": -6.02, "x": 6.48 },
	{ "name": "bone30", "parent": "bone", "length": 7.44, "rotation": 107.9, "x": -85.53, "y": 244.01 },
	{ "name": "bone31", "parent": "bone30", "length": 5.95, "rotation": -59.6, "x": 1.02, "y": -3.01 },
	{ "name": "bone32", "parent": "bone31", "length": 6.99, "rotation": 22.58, "x": 6.05, "y": 0.09 },
	{ "name": "bone33", "parent": "bone32", "length": 7.32, "rotation": 11.87, "x": 6.99 },
	{ "name": "bone34", "parent": "bone30", "length": 7.96, "rotation": 42.98, "x": 0.12, "y": 2.51 },
	{ "name": "bone35", "parent": "bone34", "length": 7.32, "rotation": 2.71, "x": 7.96 },
	{ "name": "bone36", "parent": "bone35", "length": 9, "rotation": -3.16, "x": 7.32 },
	{ "name": "bone37", "parent": "bone", "length": 14.05, "rotation": 92.96, "x": 57.8, "y": 105.86 }
],
"slots": [
	{ "name": "ng_20_", "bone": "bone15", "attachment": "ng_20_" },
	{ "name": "ng24_", "bone": "bone30", "attachment": "ng24_" },
	{ "name": "ng24_1_", "bone": "bone34", "attachment": "ng24_1_" },
	{ "name": "ng24_2_", "bone": "bone31", "attachment": "ng24_2_" },
	{ "name": "ng23_", "bone": "bone23", "attachment": "ng23_" },
	{ "name": "ng23_1_", "bone": "bone24", "attachment": "ng23_1_" },
	{ "name": "ng23_2_", "bone": "bone27", "attachment": "ng23_2_" },
	{ "name": "ng22_3_", "bone": "bone16", "attachment": "ng22_3_" },
	{ "name": "ng22_2_", "bone": "bone17", "attachment": "ng22_2_" },
	{ "name": "ng22_1_", "bone": "bone20", "attachment": "ng22_1_" },
	{ "name": "ng_21_", "bone": "bone6", "attachment": "ng_21_" },
	{ "name": "ng21_1_", "bone": "bone7", "attachment": "ng21_1_" },
	{ "name": "ng21_2_", "bone": "bone9", "attachment": "ng21_2_" },
	{ "name": "ng_19_", "bone": "bone13", "attachment": "ng_19_" },
	{ "name": "ng_18_", "bone": "bone12", "attachment": "ng_18_" },
	{ "name": "ng_17_", "bone": "bone14", "attachment": "ng_17_" },
	{ "name": "ng_16_", "bone": "bone", "attachment": "ng_16_" },
	{ "name": "ng_15_", "bone": "bone5", "attachment": "ng_15_" },
	{ "name": "ng_14_2", "bone": "bone4", "attachment": "ng_14_" },
	{ "name": "ng_13_", "bone": "bone", "attachment": "ng_13_" },
	{ "name": "ng_12_", "bone": "bone4", "attachment": "ng_12_" },
	{ "name": "ng_11_", "bone": "bone37", "attachment": "ng_11_" },
	{ "name": "ng_10_", "bone": "bone37", "attachment": "ng_10_" },
	{ "name": "ng_9_", "bone": "bone11", "attachment": "ng_9_" },
	{ "name": "ng_8_2", "bone": "bone5", "attachment": "ng_8_" },
	{ "name": "ng_8_", "bone": "bone5" },
	{ "name": "ng_7_2", "bone": "bone4", "attachment": "ng_7_" },
	{ "name": "ng_6_2", "bone": "bone3", "attachment": "ng_6_" },
	{ "name": "ng_6_", "bone": "bone3" },
	{ "name": "ng_5_2", "bone": "bone3", "attachment": "ng_5_" },
	{ "name": "ng_5_", "bone": "bone3" },
	{ "name": "ng_4_2", "bone": "bone3", "attachment": "ng_4_" },
	{ "name": "ng_4_", "bone": "bone3" },
	{ "name": "ng_3_2", "bone": "bone2", "attachment": "ng_3_" },
	{ "name": "ng_3_", "bone": "bone2" },
	{ "name": "ng_2_2", "bone": "bone2", "attachment": "ng_2_" },
	{ "name": "ng_2_", "bone": "bone2" },
	{ "name": "ng_1_2", "bone": "bone2", "attachment": "ng_1_" },
	{ "name": "ng_1_", "bone": "bone2" }
],
"skins": {
	"default": {
		"ng21_1_": {
			"ng21_1_": {
				"type": "mesh",
				"uvs": [ 1, 0.21681, 1, 1, 0.32821, 1, 0.22512, 1, 0.13308, 1, 0, 1, 0, 0.37881, 0, 0, 0.29507, 0, 0.42394, 0, 0.54544, 0, 0.7148, 0, 0.85471, 0, 1, 0, 0.0889, 0.23301, 0.04227, 0.30948, 0.21407, 0.10746, 0.42394, 0.77165, 0.28998, 0.87748, 0.5528, 0.6299, 0.61908, 0.4193, 0.53, 0.57417, 0.66326, 0.3626, 0.77739, 0.28565, 0.89153, 0.22896 ],
				"triangles": [ 14, 17, 18, 2, 18, 17, 3, 18, 2, 15, 18, 3, 4, 5, 6, 6, 7, 15, 3, 6, 15, 6, 3, 4, 2, 17, 1, 15, 14, 18, 17, 19, 1, 19, 20, 1, 1, 20, 23, 20, 22, 23, 1, 23, 0, 23, 24, 0, 17, 21, 19, 19, 21, 20, 21, 8, 20, 20, 8, 9, 20, 9, 22, 22, 9, 10, 23, 10, 11, 23, 22, 10, 24, 11, 12, 24, 23, 11, 0, 24, 13, 24, 12, 13, 16, 7, 8, 15, 7, 14, 14, 7, 16, 16, 17, 14, 17, 16, 21, 21, 16, 8 ],
				"vertices": [ 1, 8, 14.36, -4.9, 1, 2, 7, 12.46, -19.33, 0.03225, 8, 6.65, -18.53, 0.96775, 3, 7, 0.77, -10.29, 0.00307, 8, -6.22, -11.26, 0.04493, 6, -6.88, -9.3, 0.952, 3, 7, -1.02, -8.91, 0.08857, 8, -8.19, -10.15, 0.13, 6, -6.86, -7.04, 0.78143, 2, 7, -2.63, -7.67, 0.144, 6, -6.84, -5.01, 0.856, 1, 6, -6.81, -2.08, 1, 1, 6, 5.61, -2.21, 1, 2, 7, 7.29, 9.94, 0.9712, 8, -2.66, 9.7, 0.0288, 2, 7, 12.43, 5.97, 0.44, 8, 2.99, 6.51, 0.56, 2, 7, 14.67, 4.24, 0.368, 8, 5.46, 5.11, 0.632, 2, 7, 16.79, 2.6, 0.192, 8, 7.79, 3.8, 0.808, 2, 7, 19.73, 0.32, 0.05601, 8, 11.03, 1.96, 0.94399, 1, 8, 13.71, 0.45, 1, 1, 8, 16.49, -1.12, 1, 2, 7, 5.99, 5.06, 0.744, 6, 8.51, -4.19, 0.256, 2, 7, 4.24, 4.48, 0.464, 6, 6.99, -3.15, 0.536, 3, 7, 9.7, 5.36, 0.48, 8, 0.38, 5.51, 0.4, 6, 10.99, -6.97, 0.12, 3, 7, 5.23, -7.97, 0.32682, 8, -2.14, -8.32, 0.2635, 6, -2.34, -11.45, 0.40968, 3, 7, 1.6, -7.84, 0.13852, 8, -5.74, -8.72, 0.12167, 6, -4.42, -8.49, 0.73981, 2, 7, 9.21, -7.46, 0.17783, 8, 1.73, -7.25, 0.82217, 2, 7, 12.94, -5.02, 0.352, 8, 5.07, -4.3, 0.648, 2, 7, 9.49, -6.27, 0.584, 8, 1.84, -6.03, 0.416, 2, 7, 14.4, -4.72, 0.2, 8, 6.47, -3.79, 0.8, 2, 7, 17.33, -5.04, 0.056, 8, 9.42, -3.69, 0.944, 1, 8, 12.16, -3.94, 1 ],
				"hull": 14,
				"edges": [ 10, 12, 12, 14, 2, 4, 8, 10, 12, 8, 4, 6, 6, 8, 12, 30, 30, 28, 6, 30, 28, 32, 32, 34, 4, 36, 36, 28, 34, 36, 36, 6, 34, 38, 14, 16, 16, 32, 16, 18, 18, 40, 16, 42, 42, 38, 40, 42, 40, 44, 42, 34, 18, 20, 44, 20, 20, 22, 22, 46, 46, 44, 46, 48, 22, 24, 24, 26, 48, 24, 2, 0, 0, 26, 48, 0 ],
				"width": 22,
				"height": 20
			}
		},
		"ng21_2_": {
			"ng21_2_": {
				"type": "mesh",
				"uvs": [ 1, 0.25519, 1, 1, 0.95682, 1, 0.88642, 1, 0.78082, 1, 0.64003, 1, 0, 1, 0, 0.88018, 0, 0.49019, 0, 0, 0.57622, 0, 0.73242, 0, 1, 0, 0.33643, 0.12019, 0.38043, 0.81019, 0.20223, 0.71518, 0.14723, 0.26019, 0.06357, 0.39088, 0.0862, 0.80985, 0.45974, 0.05838, 0.50838, 0.90374, 0.24918, 0.18475, 0.29151, 0.76278, 0.88202, 0.17019, 0.94097, 0.21266 ],
				"triangles": [ 14, 13, 19, 5, 19, 10, 14, 20, 6, 6, 18, 14, 22, 18, 15, 18, 22, 14, 6, 7, 18, 7, 8, 18, 15, 18, 17, 15, 21, 22, 14, 22, 21, 18, 8, 17, 17, 16, 15, 15, 16, 21, 8, 9, 17, 17, 9, 16, 16, 9, 21, 21, 9, 13, 13, 9, 19, 19, 9, 10, 5, 6, 20, 19, 5, 20, 14, 19, 20, 14, 21, 13, 10, 11, 5, 1, 2, 0, 0, 2, 24, 24, 2, 3, 23, 24, 3, 23, 3, 4, 24, 12, 0, 24, 23, 12, 23, 11, 12, 23, 4, 11, 11, 4, 5 ],
				"vertices": [ 2, 9, 0.93, -4.12, 0.56, 6, 4.43, 2.81, 0.44, 2, 9, -0.81, 3.88, 0.56, 6, -3.76, 2.89, 0.44, 3, 9, 0.25, 4.11, 0.62399, 6, -3.75, 3.97, 0.37599, 10, -8.32, 6.53, 1.0E-5, 3, 9, 1.97, 4.48, 0.68748, 6, -3.74, 5.73, 0.2, 10, -6.56, 6.44, 0.11252, 2, 9, 4.55, 5.04, 0.704, 10, -3.93, 6.3, 0.296, 2, 9, 7.99, 5.79, 0.48, 10, -0.41, 6.11, 0.52, 1, 10, 15.57, 5.26, 1, 1, 10, 15.5, 3.95, 1, 1, 10, 15.27, -0.34, 1, 1, 10, 14.98, -5.72, 1, 2, 9, 11.87, -4.63, 0.48, 10, 0.6, -4.96, 0.52, 2, 9, 8.06, -5.45, 0.704, 10, -3.3, -4.75, 0.296, 1, 9, 1.52, -6.87, 1, 2, 9, 17.45, -2.07, 0.096, 10, 6.65, -3.96, 0.904, 2, 9, 14.78, 5.12, 0.096, 10, 5.96, 3.68, 0.904, 1, 10, 10.35, 2.4, 1, 1, 10, 11.46, -2.67, 1, 1, 10, 13.62, -1.34, 1, 1, 10, 13.3, 3.29, 1, 2, 9, 14.58, -3.38, 0.28, 10, 3.54, -4.47, 0.72, 2, 9, 11.43, 5.45, 0.28, 10, 2.82, 4.88, 0.72, 2, 9, 19.44, -0.91, 0.024, 10, 8.87, -3.36, 0.976, 2, 9, 17.06, 5.08, 0.024, 10, 8.15, 3.04, 0.976, 2, 9, 4.01, -4.41, 0.86231, 10, -6.94, -2.69, 0.13769, 2, 9, 2.47, -4.27, 0.816, 6, 4.91, 4.28, 0.184 ],
				"hull": 13,
				"edges": [ 18, 20, 10, 12, 20, 10, 26, 28, 30, 32, 16, 18, 12, 14, 14, 16, 16, 34, 34, 32, 14, 36, 36, 30, 34, 36, 20, 38, 38, 26, 10, 40, 40, 28, 38, 40, 26, 42, 42, 32, 28, 44, 44, 30, 42, 44, 20, 22, 22, 24, 8, 10, 22, 8, 22, 46, 2, 0, 0, 24, 6, 8, 46, 6, 0, 48, 48, 46, 2, 4, 4, 6, 48, 4 ],
				"width": 25,
				"height": 11
			}
		},
		"ng22_1_": {
			"ng22_1_": {
				"type": "mesh",
				"uvs": [ 1, 0.54032, 1, 1, 0.92005, 1, 0.85563, 1, 0.76286, 1, 0.66236, 0.9397, 0.35229, 0.9223, 0.22945, 1, 0, 1, 0, 0.68102, 0, 0, 0.4124, 0, 0.54898, 0, 1, 0, 0.68555, 0.09813, 0.90102, 0.4016, 0.96278, 0.48816, 0.80008, 0.26012, 0.57732, 0.86192, 0.29644, 0.17854, 0.46671, 0.88982, 0.16502, 0.34604, 0.2184, 0.88784, 0.06969, 0.53956, 0.09464, 0.9514 ],
				"triangles": [ 19, 10, 11, 21, 10, 19, 23, 10, 21, 23, 9, 10, 23, 21, 22, 22, 21, 6, 24, 9, 23, 20, 19, 11, 21, 19, 6, 19, 20, 6, 22, 24, 23, 8, 9, 24, 7, 22, 6, 24, 22, 7, 8, 24, 7, 18, 12, 14, 5, 18, 14, 20, 11, 18, 18, 11, 12, 20, 18, 5, 6, 20, 5, 14, 12, 13, 17, 14, 13, 15, 17, 13, 16, 15, 13, 0, 16, 13, 17, 5, 14, 17, 4, 5, 17, 15, 4, 4, 15, 3, 15, 16, 3, 16, 2, 3, 0, 2, 16, 2, 0, 1 ],
				"vertices": [ 1, 20, 1.32, -2.57, 1, 1, 20, -0.53, 1.64, 1, 2, 20, 1.38, 2.48, 0.98455, 21, -5.54, 3.59, 0.01545, 2, 20, 2.91, 3.15, 0.9017, 21, -3.9, 3.95, 0.0983, 2, 20, 5.12, 4.12, 0.57981, 21, -1.55, 4.46, 0.42019, 2, 20, 7.76, 4.62, 0.12508, 21, 1.13, 4.44, 0.87492, 2, 21, 9.05, 6, 0.22247, 22, 4.63, 4.2, 0.77753, 2, 21, 12, 7.44, 0.01555, 22, 7.9, 3.93, 0.98445, 1, 22, 13.56, 2.03, 1, 1, 22, 12.55, -0.99, 1, 1, 22, 10.39, -7.45, 1, 3, 20, 17.48, -1.38, 6.2E-4, 21, 9.5, -3.34, 0.1711, 22, 0.22, -4.05, 0.82828, 3, 20, 14.23, -2.81, 0.07019, 21, 6.03, -4.11, 0.8402, 22, -3.15, -2.92, 0.08961, 1, 20, 3.49, -7.51, 1, 2, 20, 10.58, -3.33, 0.45263, 21, 2.35, -3.91, 0.54737, 1, 20, 4.23, -2.8, 1, 1, 20, 2.41, -2.66, 1, 2, 20, 7.2, -3.05, 0.96299, 21, -0.9, -2.97, 0.03701, 3, 20, 10.09, 4.79, 0.00316, 21, 3.46, 4.15, 0.97976, 22, -1.11, 5.49, 0.01708, 1, 22, 3.64, -3.31, 1, 2, 21, 6.21, 5.04, 0.72375, 22, 1.7, 4.84, 0.27625, 1, 22, 7.42, -2.81, 1, 2, 21, 12.52, 6.41, 0.01077, 22, 7.82, 2.77, 0.98923, 1, 22, 10.38, -1.76, 1, 1, 22, 11.07, 2.35, 1 ],
				"hull": 14,
				"edges": [ 2, 0, 0, 26, 28, 10, 30, 6, 0, 32, 32, 30, 2, 4, 4, 6, 32, 4, 28, 34, 34, 30, 6, 8, 8, 10, 34, 8, 24, 26, 28, 24, 24, 36, 36, 10, 10, 12, 12, 38, 20, 22, 22, 24, 38, 22, 12, 40, 40, 36, 22, 40, 38, 42, 12, 14, 14, 16, 14, 44, 44, 42, 44, 12, 16, 18, 18, 20, 18, 46, 46, 42, 16, 48, 48, 44, 46, 48 ],
				"width": 26,
				"height": 10
			}
		},
		"ng22_2_": {
			"ng22_2_": {
				"type": "mesh",
				"uvs": [ 0.99999, 0.18949, 1, 1, 0.05, 1, 0, 1, 0, 0.60487, 0, 0, 0.3, 0, 0.425, 0, 0.50577, 0, 0.64231, 0, 0.76153, 0, 1, 0, 0.05769, 0.5241, 0.11731, 0.84333, 0.02478, 0.57018, 0.07844, 0.9338, 0.20962, 0.82409, 0.12116, 0.33949, 0.20577, 0.14334, 0.325, 0.72409, 0.41539, 0.62409, 0.48731, 0.53794, 0.56538, 0.43564, 0.66923, 0.4164, 0.77884, 0.39718, 0.95384, 0.40487, 0.87884, 0.09334, 0.86538, 0.41252 ],
				"triangles": [ 14, 15, 4, 3, 4, 2, 2, 4, 15, 1, 16, 19, 1, 23, 27, 27, 23, 24, 23, 1, 21, 21, 22, 23, 27, 25, 1, 0, 1, 25, 22, 9, 23, 22, 8, 9, 24, 9, 10, 24, 23, 9, 25, 27, 0, 26, 0, 27, 27, 24, 26, 24, 10, 26, 0, 26, 11, 26, 10, 11, 19, 20, 1, 20, 21, 1, 18, 20, 19, 21, 6, 7, 7, 22, 21, 21, 20, 6, 7, 8, 22, 14, 4, 5, 15, 13, 16, 12, 16, 13, 17, 19, 16, 12, 13, 14, 12, 14, 5, 12, 17, 16, 19, 17, 18, 20, 18, 6, 12, 5, 17, 17, 5, 18, 18, 5, 6, 2, 15, 16, 13, 15, 14, 1, 2, 16 ],
				"vertices": [ 1, 19, 12.03, 0.94, 1, 2, 18, 14.66, -14.11, 0.05334, 19, 12.96, -9.55, 0.94666, 4, 17, -1.08, -2.99, 0.33804, 18, -8.57, -5.74, 0.00595, 19, -11.65, -11.72, 1.0E-5, 16, -1.87, -3.35, 0.656, 1, 16, -1.67, -2.06, 1, 1, 16, 3.4, -2.85, 1, 1, 17, 5.73, 8.16, 1, 2, 17, 11.95, 3.45, 0.64984, 18, 1.95, 4.29, 0.35016, 3, 17, 14.54, 1.49, 0.11394, 18, 5, 3.19, 0.87656, 19, -3.08, 2.09, 0.00949, 3, 17, 16.22, 0.22, 0.0123, 18, 6.98, 2.48, 0.68843, 19, -0.98, 2.27, 0.29927, 2, 18, 10.32, 1.27, 0.0024, 19, 2.55, 2.58, 0.9976, 1, 19, 5.64, 2.86, 1, 1, 19, 11.82, 3.4, 1, 2, 17, 2.82, 1.82, 0.77601, 16, 4.21, -4.5, 0.22399, 4, 17, 1.55, -2.42, 0.73211, 18, -6.24, -4.42, 0.05094, 19, -10.09, -9.53, 9.5E-4, 16, -0.13, -5.39, 0.216, 2, 17, 1.77, 1.86, 0.54399, 16, 3.75, -3.56, 0.45601, 4, 17, 0.03, -2.75, 0.61726, 18, -7.59, -5.18, 0.02257, 19, -10.99, -10.79, 1.7E-4, 16, -1.13, -4.21, 0.36, 4, 17, 3.61, -3.67, 0.66431, 18, -3.89, -4.99, 0.23607, 19, -7.72, -9.07, 0.01162, 16, -0.25, -7.8, 0.088, 2, 17, 5.58, 2.74, 0.888, 16, 6.33, -6.5, 0.112, 2, 17, 8.87, 3.44, 0.98737, 18, -0.99, 3.37, 0.01263, 3, 17, 6.79, -4.45, 0.28554, 18, -0.63, -4.79, 0.65713, 19, -4.84, -7.52, 0.05733, 3, 17, 9.45, -4.83, 0.03956, 18, 2.02, -4.36, 0.83181, 19, -2.61, -6.02, 0.12863, 3, 17, 11.61, -5.06, 0.00132, 18, 4.16, -3.94, 0.75333, 19, -0.85, -4.74, 0.24535, 2, 18, 6.52, -3.38, 0.45577, 19, 1.06, -3.23, 0.54423, 2, 18, 9.14, -4.06, 0.1311, 19, 3.72, -2.75, 0.8689, 2, 18, 11.91, -4.79, 0.03288, 19, 6.54, -2.25, 0.96712, 2, 18, 16.16, -6.42, 0.00521, 19, 11.08, -1.95, 0.99479, 1, 19, 8.78, 1.91, 1, 2, 18, 13.96, -5.74, 0.01482, 19, 8.8, -2.25, 0.98518 ],
				"hull": 12,
				"edges": [ 6, 8, 8, 10, 24, 26, 2, 4, 4, 6, 4, 8, 8, 28, 28, 24, 4, 30, 30, 26, 28, 30, 26, 32, 32, 34, 34, 24, 34, 36, 36, 38, 38, 32, 38, 40, 10, 12, 40, 12, 12, 36, 12, 14, 14, 42, 42, 40, 42, 44, 14, 16, 44, 16, 44, 46, 16, 18, 46, 18, 18, 20, 20, 22, 20, 48, 48, 46, 2, 0, 0, 22, 50, 0, 48, 54, 54, 50, 52, 54, 20, 52, 52, 0 ],
				"width": 26,
				"height": 13
			}
		},
		"ng22_3_": {
			"ng22_3_": { "x": 1.76, "y": 0.44, "rotation": -98.85, "width": 10, "height": 12 }
		},
		"ng23_": {
			"ng23_": { "x": 0.69, "y": 0.15, "rotation": -94.97, "width": 9, "height": 11 }
		},
		"ng23_1_": {
			"ng23_1_": {
				"type": "mesh",
				"uvs": [ 1, 0.15661, 1, 1, 0.25068, 1, 0, 1, 0, 0.88876, 0, 0, 0.86259, 0, 1, 0, 0.52897, 0.12727, 0.82927, 0.40658, 0.77297, 0.54143, 0.34597, 0.31027, 0.69421, 0.71731, 0.21253, 0.515, 0.09132, 0.72816, 0.455, 0.86978, 0.92012, 0.26337, 0.70117, 0.05346 ],
				"triangles": [ 16, 6, 0, 6, 7, 0, 16, 0, 1, 2, 15, 1, 14, 15, 2, 14, 2, 4, 4, 2, 3, 14, 4, 5, 14, 13, 15, 14, 5, 13, 10, 9, 1, 15, 12, 1, 12, 10, 1, 15, 13, 12, 13, 11, 12, 12, 11, 10, 10, 11, 9, 9, 11, 8, 13, 5, 11, 11, 5, 8, 9, 16, 1, 8, 17, 9, 9, 17, 16, 17, 6, 16, 8, 5, 17, 17, 5, 6 ],
				"vertices": [ 1, 23, -1.65, 1.86, 1, 3, 24, 12.38, 13.09, 0.14588, 25, 8.75, 11.02, 0.75991, 26, 3.42, 10.97, 0.09421, 3, 24, 19.2, 6.14, 0.00458, 25, 12.98, 2.24, 0.08053, 26, 7.11, 1.96, 0.91489, 1, 26, 8.35, -1.06, 1, 1, 26, 6.39, -1.86, 1, 3, 24, 7.92, -9.49, 0.02297, 25, -2.73, -8.94, 0.9063, 26, -9.23, -8.26, 0.07073, 2, 24, 0.06, -1.48, 0.768, 23, 1.47, 3.38, 0.232, 1, 23, 1.31, 1.6, 1, 3, 24, 4.83, -2.89, 0.59568, 25, -3.53, -1.69, 0.39862, 26, -9.6, -0.98, 0.0057, 3, 24, 5.88, 3.62, 0.71599, 25, -0.44, 4.13, 0.11601, 23, -6.19, 4.48, 0.168, 2, 24, 8.23, 4.89, 0.50043, 25, 2.18, 4.58, 0.49957, 3, 24, 8.98, -2.15, 9.6E-4, 25, 0.63, -2.33, 0.92434, 26, -5.48, -1.86, 0.0747, 3, 24, 11.33, 6.49, 0.19238, 25, 5.64, 5.11, 0.75547, 26, -0.04, 5.26, 0.05215, 2, 25, 4.89, -2.2, 0.3603, 26, -1.22, -1.99, 0.6397, 1, 26, 3.12, -1.92, 1, 3, 24, 15.57, 6.3, 0.03702, 25, 9.6, 3.56, 0.43161, 26, 3.82, 3.48, 0.53137, 3, 24, 3.11, 2.55, 0.47778, 25, -3.41, 4.01, 0.00222, 23, -3.58, 3.07, 0.52, 2, 24, 2.26, -2.27, 0.89679, 25, -5.77, -0.28, 0.10321 ],
				"hull": 8,
				"edges": [ 16, 18, 18, 20, 20, 22, 22, 16, 20, 24, 24, 26, 26, 22, 6, 8, 8, 10, 2, 4, 4, 6, 8, 28, 28, 26, 4, 30, 30, 24, 28, 30, 8, 4, 0, 14, 32, 0, 34, 32, 12, 14, 34, 12, 34, 16, 10, 12, 32, 18, 0, 2, 12, 0 ],
				"width": 13,
				"height": 19
			}
		},
		"ng23_2_": {
			"ng23_2_": {
				"type": "mesh",
				"uvs": [ 1, 0.92765, 1, 1, 0.69724, 1, 0, 1, 0, 0.2863, 0, 0.09806, 0, 0, 0.08037, 0, 0.15004, 0, 1, 0, 0.35129, 0.10485, 0.12287, 0.37689, 0.25433, 0.5318, 0.52746, 0.24827, 0.71497, 0.48415, 0.37723, 0.69505, 0.83786, 0.66295, 0.53787, 0.87765 ],
				"triangles": [ 8, 5, 7, 3, 4, 11, 11, 4, 8, 5, 6, 7, 8, 4, 5, 11, 8, 10, 3, 11, 12, 3, 12, 15, 12, 13, 14, 13, 11, 10, 13, 12, 11, 14, 13, 9, 13, 10, 9, 10, 8, 9, 2, 0, 1, 3, 17, 2, 3, 15, 17, 0, 2, 16, 2, 17, 16, 16, 9, 0, 17, 14, 16, 17, 15, 14, 15, 12, 14, 16, 14, 9 ],
				"vertices": [ 1, 29, 10.13, 1.73, 1, 1, 29, 11.12, 1, 1, 3, 29, 8.26, -2.91, 0.9858, 28, 14.39, -3.76, 0.0074, 27, 20.37, -7.04, 0.00681, 3, 29, 1.66, -11.9, 0.46782, 28, 6.88, -12.01, 0.29726, 27, 11.06, -13.19, 0.23491, 1, 23, -3.88, -1.96, 1, 1, 23, -0.69, -2.24, 1, 1, 23, 0.97, -2.38, 1, 2, 27, 2.76, 1.71, 0.448, 23, 0.86, -3.66, 0.552, 3, 28, -4.08, 1.2, 0.13348, 27, 3.69, 2.32, 0.49053, 23, 0.76, -4.77, 0.376, 2, 29, -2.59, 11.05, 0.27042, 28, 5.07, 11.26, 0.72958, 2, 28, -0.59, 2.38, 0.464, 27, 7.36, 2.61, 0.536, 4, 29, -5.72, -4.05, 0.00403, 28, 0.37, -3.43, 0.05154, 27, 6.86, -3.26, 0.69117, 23, -5.58, -3.78, 0.25326, 3, 29, -2.35, -3.91, 0.12936, 28, 3.73, -3.65, 0.57243, 27, 10.07, -4.3, 0.29822, 2, 29, -3.65, 2.46, 0.0373, 28, 3.11, 2.83, 0.9627, 2, 29, 1.35, 2.51, 0.7969, 28, 8.09, 2.35, 0.2031, 3, 29, 1.05, -3.97, 0.55595, 28, 7.11, -4.06, 0.33325, 27, 13.24, -5.53, 0.1108, 2, 29, 4.97, 2.3, 0.98918, 28, 11.66, 1.76, 0.01082, 3, 29, 5.07, -3.73, 0.90371, 28, 11.13, -4.24, 0.06126, 27, 17.09, -6.71, 0.03503 ],
				"hull": 10,
				"edges": [ 16, 18, 16, 20, 20, 22, 6, 8, 22, 8, 8, 16, 12, 14, 14, 16, 8, 10, 10, 12, 14, 10, 22, 24, 24, 26, 26, 20, 26, 28, 28, 30, 30, 24, 28, 32, 2, 0, 0, 18, 32, 0, 32, 34, 34, 30, 2, 4, 4, 6, 34, 4 ],
				"width": 16,
				"height": 17
			}
		},
		"ng24_": {
			"ng24_": { "x": 1.6, "y": 1.06, "rotation": -107.9, "width": 11, "height": 13 }
		},
		"ng24_1_": {
			"ng24_1_": {
				"type": "mesh",
				"uvs": [ 1, 0.73837, 1, 1, 0.90747, 1, 0, 1, 0, 0.18838, 0, 0, 0.16929, 0, 1, 0, 0.77051, 0.44607, 0.60964, 0.74607, 0.88768, 0.59532, 0.77492, 0.88699, 0.62051, 0.173, 0.4053, 0.64992, 0.21059, 0.44992, 0.33885, 0.07684 ],
				"triangles": [ 13, 14, 12, 15, 6, 7, 4, 5, 6, 15, 4, 6, 14, 4, 15, 12, 14, 15, 3, 4, 14, 3, 14, 13, 3, 13, 9, 13, 12, 8, 9, 13, 8, 8, 12, 7, 0, 10, 7, 12, 15, 7, 2, 0, 1, 2, 11, 0, 10, 8, 7, 9, 8, 10, 11, 9, 10, 11, 10, 0, 9, 11, 3, 2, 3, 11 ],
				"vertices": [ 1, 30, 1.66, 1.57, 1, 1, 30, -1.57, 2.61, 1, 1, 34, 0.7, 2.26, 1, 2, 35, 11.55, 11.89, 0.09947, 36, 3.57, 12.1, 0.90053, 1, 36, 8.77, 2.93, 1, 1, 36, 9.98, 0.8, 1, 1, 36, 6.59, -1.12, 1, 2, 30, 10.8, -1.38, 0.95068, 35, -3.27, -9.98, 0.04932, 2, 34, 6.95, -2.49, 0.568, 35, -1.12, -2.44, 0.432, 2, 34, 8.29, 2.71, 0.568, 35, 0.46, 2.7, 0.432, 2, 34, 3.65, -2.11, 0.752, 35, -4.4, -1.9, 0.248, 2, 34, 4.08, 2.46, 0.752, 35, -3.76, 2.64, 0.248, 4, 34, 11.69, -3.92, 0.1721, 30, 11.34, 7.61, 0.13699, 35, 3.55, -4.09, 0.62232, 36, -3.54, -4.29, 0.06858, 3, 34, 13, 3.91, 0.18364, 35, 5.22, 3.67, 0.55376, 36, -2.3, 3.54, 0.2626, 2, 35, 10.39, 3.33, 0.03507, 36, 2.88, 3.49, 0.96493, 3, 30, 14.52, 13.39, 0.00212, 35, 9.91, -2.33, 0.02424, 36, 2.71, -2.18, 0.97364 ],
				"hull": 8,
				"edges": [ 2, 0, 0, 14, 16, 18, 2, 4, 4, 6, 4, 0, 0, 20, 20, 16, 4, 22, 22, 18, 20, 22, 16, 24, 24, 26, 26, 18, 26, 28, 28, 30, 30, 24, 10, 12, 12, 14, 30, 12, 6, 8, 8, 10, 28, 8 ],
				"width": 23,
				"height": 13
			}
		},
		"ng24_2_": {
			"ng24_2_": {
				"type": "mesh",
				"uvs": [ 1, 0.0857, 0.98636, 0.21396, 1, 1, 0.12795, 0.98522, 0, 1, 0, 0.79439, 0, 0, 0.67795, 0, 1, 0, 0.46523, 0.86482, 0.15251, 0.65265, 0.67795, 0.7383, 0.2416, 0.53613, 0.28705, 0.40091, 0.83977, 0.59308, 0.91886, 0.38352, 0.45069, 0.25091, 0.58705, 0.11613, 0.28303, 0.93526, 0.04555, 0.72842 ],
				"triangles": [ 7, 8, 0, 17, 6, 7, 1, 7, 0, 17, 7, 1, 16, 6, 17, 15, 17, 1, 16, 17, 15, 13, 6, 16, 14, 16, 15, 15, 1, 2, 12, 6, 13, 19, 6, 10, 9, 12, 11, 11, 13, 14, 10, 6, 12, 12, 13, 11, 10, 12, 9, 13, 16, 14, 4, 5, 3, 19, 5, 6, 14, 15, 2, 18, 10, 9, 11, 14, 2, 9, 11, 2, 18, 9, 2, 19, 10, 18, 3, 18, 2, 18, 3, 19, 3, 5, 19 ],
				"vertices": [ 1, 33, 8.13, -3.2, 1, 2, 32, 12.76, -2.28, 0.09601, 33, 5.18, -3.42, 0.90399, 1, 31, 5.31, -9.26, 1, 1, 31, -0.81, -1.87, 1, 1, 30, -0.9, -1.81, 1, 2, 31, 1.53, 2.1, 0.392, 30, 3.6, -3.26, 0.608, 2, 32, 13.86, 9.58, 0.00697, 33, 8.7, 7.96, 0.99303, 1, 33, 9.64, 0.57, 1, 1, 33, 10.09, -2.95, 1, 2, 31, 3.72, -2.8, 0.776, 32, -3.26, -1.77, 0.224, 3, 31, 5.08, 3.02, 0.29824, 32, 0.23, 3.08, 0.69022, 33, -5.98, 4.4, 0.01154, 2, 31, 7.45, -2.61, 0.57183, 32, 0.26, -3.03, 0.42817, 3, 31, 7.73, 4.07, 0.01451, 32, 3.08, 3.03, 0.8, 33, -3.2, 3.77, 0.18549, 2, 32, 6.18, 3.58, 0.56205, 33, -0.05, 3.67, 0.43795, 3, 31, 11.13, -1.71, 0.19958, 32, 4, -3.61, 0.78669, 33, -3.67, -2.92, 0.01373, 3, 31, 15.31, 0.84, 0.01534, 32, 8.83, -2.86, 0.1848, 33, 1.22, -3.18, 0.79987, 2, 32, 10.03, 3.01, 0.19417, 33, 3.6, 2.32, 0.80583, 2, 32, 13.45, 2.61, 0.09648, 33, 6.86, 1.22, 0.90352, 2, 31, 1.18, -2.38, 0.65386, 30, -0.44, -5.23, 0.34614, 4, 31, 2.99, 2.74, 0.37212, 30, 4.89, -4.21, 0.448, 32, -1.81, 3.62, 0.17951, 33, -7.86, 5.35, 3.7E-4 ],
				"hull": 9,
				"edges": [ 4, 6, 6, 8, 18, 20, 8, 10, 10, 12, 18, 22, 22, 24, 24, 20, 24, 26, 26, 28, 28, 22, 28, 30, 30, 32, 32, 26, 32, 34, 4, 2, 34, 2, 2, 30, 2, 0, 0, 16, 12, 14, 14, 16, 34, 14, 10, 6, 6, 36, 36, 18, 10, 38, 38, 20, 36, 38 ],
				"width": 11,
				"height": 23
			}
		},
		"ng_10_": {
			"ng_10_": { "x": 0.34, "y": -0.18, "rotation": -92.96, "width": 21, "height": 7 }
		},
		"ng_11_": {
			"ng_11_": { "x": -5.68, "y": -0.37, "rotation": -92.96, "width": 24, "height": 7 }
		},
		"ng_12_": {
			"ng_12_": { "x": -0.38, "y": 22.19, "rotation": -5.83, "width": 9, "height": 16 }
		},
		"ng_13_": {
			"ng_13_": { "x": 53.96, "y": 83.71, "width": 5, "height": 6 }
		},
		"ng_14_2": {
			"ng_14_": { "x": 0.5, "y": -8.56, "rotation": -5.83, "width": 43, "height": 19 }
		},
		"ng_15_": {
			"ng_15_": { "x": -4.52, "y": -16.06, "rotation": -94.21, "width": 20, "height": 13 }
		},
		"ng_16_": {
			"ng_16_": { "x": -7.54, "y": 110.21, "width": 244, "height": 205 }
		},
		"ng_17_": {
			"ng_17_": { "x": 35, "y": 8.47, "rotation": -110.79, "width": 73, "height": 87 }
		},
		"ng_18_": {
			"ng_18_": { "x": 43.17, "y": 3.82, "rotation": -71.57, "width": 101, "height": 145 }
		},
		"ng_19_": {
			"ng_19_": { "x": 43.74, "y": -10.02, "rotation": -120.68, "width": 118, "height": 171 }
		},
		"ng_1_2": {
			"ng_1_": { "x": -0.78, "y": 11.02, "rotation": -1.47, "width": 36, "height": 10 }
		},
		"ng_20_": {
			"ng_20_": { "x": -0.86, "y": 2.71, "rotation": -91.53, "width": 225, "height": 224 }
		},
		"ng_21_": {
			"ng_21_": { "x": 1.22, "y": 0.84, "rotation": -90.56, "width": 10, "height": 16 }
		},
		"ng_2_2": {
			"ng_2_": { "x": -0.55, "y": 0.51, "rotation": -1.47, "width": 7, "height": 7 }
		},
		"ng_3_2": {
			"ng_3_": { "x": -2.35, "y": -11.44, "rotation": -1.47, "width": 48, "height": 15 }
		},
		"ng_4_2": {
			"ng_4_": { "x": -5.53, "y": 8.03, "rotation": -22.25, "width": 22, "height": 12 }
		},
		"ng_5_2": {
			"ng_5_": { "x": -3.91, "y": 1.42, "rotation": -22.25, "width": 4, "height": 7 }
		},
		"ng_6_2": {
			"ng_6_": { "x": -9.25, "y": -5.04, "rotation": -22.25, "width": 29, "height": 15 }
		},
		"ng_7_2": {
			"ng_7_": { "x": 1.78, "y": -15.73, "rotation": -5.83, "width": 11, "height": 19 }
		},
		"ng_8_2": {
			"ng_8_": { "x": -1.52, "y": 4.28, "rotation": -94.21, "width": 5, "height": 12 }
		},
		"ng_9_": {
			"ng_9_": { "x": -2.69, "y": -1.03, "rotation": -90.73, "width": 11, "height": 20 }
		}
	}
},
"animations": {
	"dj": {
		"slots": {
			"ng_9_": {
				"color": [
					{ "time": 0, "color": "ffffff8d" },
					{ "time": 0.5, "color": "ffffffff" },
					{ "time": 1.5, "color": "ffffff16" },
					{ "time": 2, "color": "ffffff8d" }
				]
			},
			"ng_10_": {
				"color": [
					{
						"time": 0,
						"color": "ffffffff",
						"curve": [ 0.25, 0, 0.75, 1 ]
					},
					{
						"time": 1,
						"color": "ffffff00",
						"curve": [ 0.25, 0, 0.75, 1 ]
					},
					{ "time": 2, "color": "ffffffff" }
				]
			},
			"ng_11_": {
				"color": [
					{
						"time": 0,
						"color": "ffffffff",
						"curve": [ 0.25, 0, 0.75, 1 ]
					},
					{
						"time": 1,
						"color": "ffffff00",
						"curve": [ 0.25, 0, 0.75, 1 ]
					},
					{ "time": 2, "color": "ffffffff" }
				]
			},
			"ng_12_": {
				"color": [
					{ "time": 0, "color": "ffffffff" },
					{ "time": 1, "color": "ffffff9f" },
					{ "time": 2, "color": "ffffffff" }
				]
			},
			"ng_20_": {
				"color": [
					{
						"time": 0,
						"color": "ffffffe6",
						"curve": [ 0.25, 0, 0.75, 1 ]
					},
					{
						"time": 1,
						"color": "ffffffff",
						"curve": [ 0.25, 0, 0.75, 1 ]
					},
					{ "time": 2, "color": "ffffffe6" }
				]
			},
			"ng_14_2": {
				"color": [
					{
						"time": 0,
						"color": "ffffffc5",
						"curve": [ 0.25, 0, 0.75, 1 ]
					},
					{
						"time": 0.3333,
						"color": "ffffff42",
						"curve": [ 0.25, 0, 0.75, 1 ]
					},
					{
						"time": 0.8333,
						"color": "ffffffe7",
						"curve": [ 0.25, 0, 0.75, 1 ]
					},
					{
						"time": 1.3333,
						"color": "ffffff87",
						"curve": [ 0.25, 0, 0.75, 1 ]
					},
					{
						"time": 1.6667,
						"color": "ffffffff",
						"curve": [ 0.25, 0, 0.75, 1 ]
					},
					{ "time": 2, "color": "ffffffc5" }
				]
			},
			"ng_1_2": {
				"color": [
					{
						"time": 0,
						"color": "ffffff00",
						"curve": [ 0.25, 0, 0.75, 1 ]
					},
					{
						"time": 1,
						"color": "ffffffff",
						"curve": [ 0.25, 0, 0.75, 1 ]
					},
					{ "time": 2, "color": "ffffff00" }
				]
			},
			"ng_2_2": {
				"color": [
					{
						"time": 0,
						"color": "ffffff00",
						"curve": [ 0.25, 0, 0.75, 1 ]
					},
					{
						"time": 1,
						"color": "ffffffff",
						"curve": [ 0.25, 0, 0.75, 1 ]
					},
					{ "time": 2, "color": "ffffff00" }
				]
			},
			"ng_3_2": {
				"color": [
					{
						"time": 0,
						"color": "ffffff00",
						"curve": [ 0.25, 0, 0.75, 1 ]
					},
					{
						"time": 1,
						"color": "ffffffff",
						"curve": [ 0.25, 0, 0.75, 1 ]
					},
					{ "time": 2, "color": "ffffff00" }
				]
			},
			"ng_4_2": {
				"color": [
					{
						"time": 0,
						"color": "ffffff78",
						"curve": [ 0.25, 0, 0.75, 1 ]
					},
					{
						"time": 0.5,
						"color": "ffffffff",
						"curve": [ 0.25, 0, 0.75, 1 ]
					},
					{
						"time": 1.5,
						"color": "ffffff00",
						"curve": [ 0.25, 0, 0.75, 1 ]
					},
					{ "time": 2, "color": "ffffff78" }
				]
			},
			"ng_5_2": {
				"color": [
					{
						"time": 0,
						"color": "ffffff78",
						"curve": [ 0.25, 0, 0.75, 1 ]
					},
					{
						"time": 0.5,
						"color": "ffffffff",
						"curve": [ 0.25, 0, 0.75, 1 ]
					},
					{
						"time": 1.5,
						"color": "ffffff00",
						"curve": [ 0.25, 0, 0.75, 1 ]
					},
					{ "time": 2, "color": "ffffff78" }
				]
			},
			"ng_6_2": {
				"color": [
					{
						"time": 0,
						"color": "ffffff78",
						"curve": [ 0.25, 0, 0.75, 1 ]
					},
					{
						"time": 0.5,
						"color": "ffffffff",
						"curve": [ 0.25, 0, 0.75, 1 ]
					},
					{
						"time": 1.5,
						"color": "ffffff00",
						"curve": [ 0.25, 0, 0.75, 1 ]
					},
					{ "time": 2, "color": "ffffff78" }
				]
			},
			"ng_7_2": {
				"color": [
					{
						"time": 0,
						"color": "ffffffc5",
						"curve": [ 0.25, 0, 0.75, 1 ]
					},
					{
						"time": 0.3333,
						"color": "ffffff42",
						"curve": [ 0.25, 0, 0.75, 1 ]
					},
					{
						"time": 0.8333,
						"color": "ffffffe7",
						"curve": [ 0.25, 0, 0.75, 1 ]
					},
					{
						"time": 1.3333,
						"color": "ffffff87",
						"curve": [ 0.25, 0, 0.75, 1 ]
					},
					{
						"time": 1.6667,
						"color": "ffffffff",
						"curve": [ 0.25, 0, 0.75, 1 ]
					},
					{ "time": 2, "color": "ffffffc5" }
				]
			}
		},
		"bones": {
			"bone9": {
				"rotate": [
					{
						"time": 0,
						"angle": 0,
						"curve": [ 0.25, 0, 0.75, 1 ]
					},
					{
						"time": 0.5,
						"angle": 66.07,
						"curve": [ 0.25, 0, 0.75, 1 ]
					},
					{
						"time": 1,
						"angle": 0,
						"curve": [ 0.25, 0, 0.75, 1 ]
					},
					{
						"time": 1.5,
						"angle": 66.07,
						"curve": [ 0.25, 0, 0.75, 1 ]
					},
					{ "time": 2, "angle": 0 }
				]
			},
			"bone10": {
				"rotate": [
					{
						"time": 0,
						"angle": 0,
						"curve": [ 0.208, 0.28, 0.75, 1 ]
					},
					{
						"time": 0.2333,
						"angle": -41.99,
						"curve": [ 0.25, 0, 0.75, 1 ]
					},
					{
						"time": 0.7333,
						"angle": 25.61,
						"curve": [ 0.25, 0, 0.825, 0.77 ]
					},
					{
						"time": 1,
						"angle": 0,
						"curve": [ 0.208, 0.28, 0.75, 1 ]
					},
					{
						"time": 1.2333,
						"angle": -41.99,
						"curve": [ 0.25, 0, 0.75, 1 ]
					},
					{
						"time": 1.7333,
						"angle": 25.61,
						"curve": [ 0.25, 0, 0.825, 0.77 ]
					},
					{ "time": 2, "angle": 0 }
				]
			},
			"bone7": {
				"rotate": [
					{
						"time": 0,
						"angle": 0,
						"curve": [ 0.25, 0, 0.75, 1 ]
					},
					{
						"time": 0.5,
						"angle": -64.03,
						"curve": [ 0.25, 0, 0.75, 1 ]
					},
					{
						"time": 1,
						"angle": 0,
						"curve": [ 0.25, 0, 0.75, 1 ]
					},
					{
						"time": 1.5,
						"angle": -64.03,
						"curve": [ 0.25, 0, 0.75, 1 ]
					},
					{ "time": 2, "angle": 0 }
				]
			},
			"bone8": {
				"rotate": [
					{
						"time": 0,
						"angle": 0,
						"curve": [ 0.208, 0.28, 0.75, 1 ]
					},
					{
						"time": 0.2333,
						"angle": 44.46,
						"curve": [ 0.25, 0, 0.75, 1 ]
					},
					{
						"time": 0.7333,
						"angle": -39.99,
						"curve": [ 0.25, 0, 0.825, 0.77 ]
					},
					{
						"time": 1,
						"angle": 0,
						"curve": [ 0.208, 0.28, 0.75, 1 ]
					},
					{
						"time": 1.2333,
						"angle": 44.46,
						"curve": [ 0.25, 0, 0.75, 1 ]
					},
					{
						"time": 1.7333,
						"angle": -39.99,
						"curve": [ 0.25, 0, 0.825, 0.77 ]
					},
					{ "time": 2, "angle": 0 }
				]
			},
			"bone6": {
				"rotate": [
					{ "time": 0, "angle": 0 },
					{ "time": 0.5, "angle": 8.07 },
					{ "time": 1.5, "angle": -10.11 },
					{ "time": 2, "angle": 0 }
				],
				"translate": [
					{
						"time": 0,
						"x": 0,
						"y": 0,
						"curve": [ 0.25, 0, 0.75, 1 ]
					},
					{
						"time": 0.5,
						"x": 0,
						"y": 5.07,
						"curve": [ 0.25, 0, 0.75, 1 ]
					},
					{
						"time": 1,
						"x": 0,
						"y": 0,
						"curve": [ 0.25, 0, 0.75, 1 ]
					},
					{
						"time": 1.5,
						"x": 0,
						"y": 5.07,
						"curve": [ 0.25, 0, 0.75, 1 ]
					},
					{ "time": 2, "x": 0, "y": 0 }
				],
				"scale": [
					{ "time": 0, "x": 1, "y": 1 },
					{ "time": 1, "x": 0.898, "y": 0.898 },
					{ "time": 2, "x": 1, "y": 1 }
				]
			},
			"bone16": {
				"rotate": [
					{
						"time": 0,
						"angle": 0,
						"curve": [ 0.25, 0, 0.75, 1 ]
					},
					{
						"time": 0.5,
						"angle": -4.34,
						"curve": [ 0.25, 0, 0.75, 1 ]
					},
					{
						"time": 1.5,
						"angle": 2.68,
						"curve": [ 0.25, 0, 0.75, 1 ]
					},
					{ "time": 2, "angle": 0 }
				],
				"translate": [
					{
						"time": 0,
						"x": 0,
						"y": 0,
						"curve": [ 0.25, 0, 0.75, 1 ]
					},
					{
						"time": 1,
						"x": 0,
						"y": -6.29,
						"curve": [ 0.25, 0, 0.75, 1 ]
					},
					{ "time": 2, "x": 0, "y": 0 }
				],
				"scale": [
					{ "time": 0, "x": 1, "y": 1 },
					{ "time": 1, "x": 0.819, "y": 0.819 },
					{ "time": 1.7333, "x": 0.948, "y": 0.948 },
					{ "time": 2, "x": 1, "y": 1 }
				]
			},
			"bone20": {
				"rotate": [
					{
						"time": 0,
						"angle": 31.95,
						"curve": [ 0.208, 0.28, 0.75, 1 ]
					},
					{
						"time": 0.2667,
						"angle": -9.31,
						"curve": [ 0.25, 0, 0.75, 1 ]
					},
					{
						"time": 0.7333,
						"angle": 70.46,
						"curve": [ 0.25, 0, 0.799, 0.74 ]
					},
					{
						"time": 1,
						"angle": 31.95,
						"curve": [ 0.208, 0.28, 0.75, 1 ]
					},
					{
						"time": 1.2667,
						"angle": -9.31,
						"curve": [ 0.25, 0, 0.75, 1 ]
					},
					{
						"time": 1.7333,
						"angle": 70.46,
						"curve": [ 0.25, 0, 0.799, 0.74 ]
					},
					{ "time": 2, "angle": 31.95 }
				]
			},
			"bone21": {
				"rotate": [
					{
						"time": 0,
						"angle": 21.52,
						"curve": [ 0.25, 0, 0.75, 1 ]
					},
					{ "time": 0.5, "angle": -29.11 },
					{
						"time": 1,
						"angle": 21.52,
						"curve": [ 0.25, 0, 0.75, 1 ]
					},
					{ "time": 1.5, "angle": -29.11 },
					{ "time": 2, "angle": 21.52 }
				]
			},
			"bone22": {
				"rotate": [
					{
						"time": 0,
						"angle": 21.52,
						"curve": [ 0.25, 0, 0.75, 1 ]
					},
					{
						"time": 0.5,
						"angle": -40.83,
						"curve": [ 0.25, 0, 0.75, 1 ]
					},
					{
						"time": 1,
						"angle": 21.52,
						"curve": [ 0.25, 0, 0.75, 1 ]
					},
					{
						"time": 1.5,
						"angle": -44.79,
						"curve": [ 0.25, 0, 0.75, 1 ]
					},
					{ "time": 2, "angle": 21.52 }
				]
			},
			"bone17": {
				"rotate": [
					{
						"time": 0,
						"angle": -25.36,
						"curve": [ 0.178, 0.24, 0.75, 1 ]
					},
					{
						"time": 0.2667,
						"angle": 9.81,
						"curve": [ 0.25, 0, 0.75, 1 ]
					},
					{
						"time": 0.7333,
						"angle": -71.34,
						"curve": [ 0.25, 0, 0.831, 0.75 ]
					},
					{
						"time": 1,
						"angle": -25.36,
						"curve": [ 0.178, 0.24, 0.75, 1 ]
					},
					{
						"time": 1.2667,
						"angle": 9.81,
						"curve": [ 0.25, 0, 0.75, 1 ]
					},
					{
						"time": 1.7333,
						"angle": -70.18,
						"curve": [ 0.25, 0, 0.831, 0.75 ]
					},
					{ "time": 2, "angle": -25.36 }
				]
			},
			"bone18": {
				"rotate": [
					{
						"time": 0,
						"angle": -15.17,
						"curve": [ 0.25, 0, 0.75, 1 ]
					},
					{
						"time": 0.5,
						"angle": 52.42,
						"curve": [ 0.25, 0, 0.75, 1 ]
					},
					{
						"time": 1,
						"angle": -15.17,
						"curve": [ 0.25, 0, 0.75, 1 ]
					},
					{
						"time": 1.5,
						"angle": 52.42,
						"curve": [ 0.25, 0, 0.75, 1 ]
					},
					{ "time": 2, "angle": -15.17 }
				]
			},
			"bone19": {
				"rotate": [
					{ "time": 0, "angle": -19.83 },
					{ "time": 0.5, "angle": 44.52 },
					{ "time": 1, "angle": -19.83 },
					{ "time": 1.5, "angle": 44.52 },
					{ "time": 2, "angle": -19.83 }
				]
			},
			"bone23": {
				"translate": [
					{
						"time": 0,
						"x": 0,
						"y": 0,
						"curve": [ 0.25, 0, 0.75, 1 ]
					},
					{
						"time": 0.5,
						"x": -0.41,
						"y": 5.76,
						"curve": [ 0.25, 0, 0.75, 1 ]
					},
					{
						"time": 1,
						"x": 0,
						"y": -1.89,
						"curve": [ 0.25, 0, 0.75, 1 ]
					},
					{
						"time": 1.5,
						"x": -0.41,
						"y": 6.84,
						"curve": [ 0.25, 0, 0.75, 1 ]
					},
					{ "time": 2, "x": 0, "y": 0 }
				],
				"scale": [
					{ "time": 0, "x": 0.822, "y": 0.822 },
					{ "time": 1, "x": 0.935, "y": 0.935 },
					{ "time": 2, "x": 0.822, "y": 0.822 }
				]
			},
			"bone24": {
				"rotate": [
					{
						"time": 0,
						"angle": 0,
						"curve": [ 0.25, 0, 0.75, 1 ]
					},
					{
						"time": 0.5,
						"angle": -73.54,
						"curve": [ 0.25, 0, 0.75, 1 ]
					},
					{
						"time": 1,
						"angle": 0,
						"curve": [ 0.25, 0, 0.75, 1 ]
					},
					{
						"time": 1.5,
						"angle": -73.54,
						"curve": [ 0.25, 0, 0.75, 1 ]
					},
					{ "time": 2, "angle": 0 }
				]
			},
			"bone27": {
				"rotate": [
					{
						"time": 0,
						"angle": 0,
						"curve": [ 0.25, 0, 0.75, 1 ]
					},
					{
						"time": 0.5,
						"angle": 72.87,
						"curve": [ 0.25, 0, 0.75, 1 ]
					},
					{
						"time": 1,
						"angle": 0,
						"curve": [ 0.25, 0, 0.75, 1 ]
					},
					{
						"time": 1.5,
						"angle": 72.87,
						"curve": [ 0.25, 0, 0.75, 1 ]
					},
					{ "time": 2, "angle": 0 }
				],
				"translate": [
					{
						"time": 0,
						"x": 0,
						"y": 0,
						"curve": [ 0.25, 0, 0.75, 1 ]
					},
					{
						"time": 0.5,
						"x": -2.22,
						"y": -0.18,
						"curve": [ 0.25, 0, 0.75, 1 ]
					},
					{
						"time": 1,
						"x": 0,
						"y": 0,
						"curve": [ 0.25, 0, 0.75, 1 ]
					},
					{
						"time": 1.5,
						"x": -2.22,
						"y": -0.18,
						"curve": [ 0.25, 0, 0.75, 1 ]
					},
					{ "time": 2, "x": 0, "y": 0 }
				]
			},
			"bone25": {
				"rotate": [
					{
						"time": 0,
						"angle": -20.29,
						"curve": [ 0.191, 0.28, 0.75, 1 ]
					},
					{
						"time": 0.2333,
						"angle": 23.89,
						"curve": [ 0.25, 0, 0.75, 1 ]
					},
					{
						"time": 0.7333,
						"angle": -52.66,
						"curve": [ 0.25, 0, 0.815, 0.75 ]
					},
					{
						"time": 1,
						"angle": -20.29,
						"curve": [ 0.191, 0.28, 0.75, 1 ]
					},
					{
						"time": 1.2333,
						"angle": 23.89,
						"curve": [ 0.25, 0, 0.75, 1 ]
					},
					{
						"time": 1.7333,
						"angle": -44.91,
						"curve": [ 0.25, 0, 0.815, 0.75 ]
					},
					{ "time": 2, "angle": -20.29 }
				]
			},
			"bone26": {
				"rotate": [
					{
						"time": 0,
						"angle": -23.13,
						"curve": [ 0.25, 0, 0.75, 1 ]
					},
					{
						"time": 0.5,
						"angle": 33.73,
						"curve": [ 0.25, 0, 0.75, 1 ]
					},
					{
						"time": 1,
						"angle": -23.13,
						"curve": [ 0.25, 0, 0.75, 1 ]
					},
					{
						"time": 1.5,
						"angle": 33.73,
						"curve": [ 0.25, 0, 0.75, 1 ]
					},
					{ "time": 2, "angle": -24.08 }
				]
			},
			"bone28": {
				"rotate": [
					{
						"time": 0,
						"angle": 0,
						"curve": [ 0.25, 0, 0.75, 1 ]
					},
					{
						"time": 0.2333,
						"angle": -31.87,
						"curve": [ 0.25, 0, 0.75, 1 ]
					},
					{
						"time": 0.7333,
						"angle": 52.65,
						"curve": [ 0.25, 0, 0.75, 1 ]
					},
					{
						"time": 1,
						"angle": 0,
						"curve": [ 0.25, 0, 0.75, 1 ]
					},
					{
						"time": 1.2333,
						"angle": -31.87,
						"curve": [ 0.25, 0, 0.75, 1 ]
					},
					{
						"time": 1.7333,
						"angle": 52.65,
						"curve": [ 0.25, 0, 0.75, 1 ]
					},
					{ "time": 2, "angle": 0 }
				]
			},
			"bone29": {
				"rotate": [
					{
						"time": 0,
						"angle": 35.35,
						"curve": [ 0.25, 0, 0.75, 1 ]
					},
					{
						"time": 0.5,
						"angle": -29.51,
						"curve": [ 0.25, 0, 0.75, 1 ]
					},
					{
						"time": 1,
						"angle": 35.35,
						"curve": [ 0.25, 0, 0.75, 1 ]
					},
					{
						"time": 1.5,
						"angle": -29.51,
						"curve": [ 0.25, 0, 0.75, 1 ]
					},
					{ "time": 2, "angle": 35.35 }
				]
			},
			"bone34": {
				"rotate": [
					{
						"time": 0,
						"angle": 21.96,
						"curve": [ 0.25, 0, 0.75, 1 ]
					},
					{
						"time": 0.5,
						"angle": 77.89,
						"curve": [ 0.25, 0, 0.75, 1 ]
					},
					{
						"time": 1,
						"angle": 21.96,
						"curve": [ 0.25, 0, 0.75, 1 ]
					},
					{
						"time": 1.5,
						"angle": 77.89,
						"curve": [ 0.25, 0, 0.75, 1 ]
					},
					{ "time": 2, "angle": 21.96 }
				]
			},
			"bone35": {
				"rotate": [
					{
						"time": 0,
						"angle": 0,
						"curve": [ 0.204, 0.28, 0.75, 1 ]
					},
					{
						"time": 0.2667,
						"angle": -33.47,
						"curve": [ 0.25, 0, 0.75, 1 ]
					},
					{
						"time": 0.7333,
						"angle": 33.26,
						"curve": [ 0.25, 0, 0.792, 0.71 ]
					},
					{
						"time": 1,
						"angle": 0,
						"curve": [ 0.185, 0.26, 0.75, 1 ]
					},
					{
						"time": 1.2667,
						"angle": -33.47,
						"curve": [ 0.25, 0, 0.75, 1 ]
					},
					{
						"time": 1.7333,
						"angle": 33.26,
						"curve": [ 0.25, 0, 0.812, 0.75 ]
					},
					{ "time": 2, "angle": 0 }
				]
			},
			"bone36": {
				"rotate": [
					{
						"time": 0,
						"angle": 30.5,
						"curve": [ 0.25, 0, 0.75, 1 ]
					},
					{
						"time": 0.5,
						"angle": -24.62,
						"curve": [ 0.25, 0, 0.75, 1 ]
					},
					{
						"time": 1,
						"angle": 30.5,
						"curve": [ 0.25, 0, 0.75, 1 ]
					},
					{
						"time": 1.5,
						"angle": -24.62,
						"curve": [ 0.25, 0, 0.75, 1 ]
					},
					{ "time": 2, "angle": 30.5 }
				]
			},
			"bone31": {
				"rotate": [
					{
						"time": 0,
						"angle": 2.82,
						"curve": [ 0.25, 0, 0.75, 1 ]
					},
					{
						"time": 0.5,
						"angle": -54.21,
						"curve": [ 0.25, 0, 0.75, 1 ]
					},
					{
						"time": 1,
						"angle": 2.82,
						"curve": [ 0.25, 0, 0.75, 1 ]
					},
					{
						"time": 1.5,
						"angle": -54.21,
						"curve": [ 0.25, 0, 0.75, 1 ]
					},
					{ "time": 2, "angle": 2.82 }
				],
				"translate": [
					{ "time": 0, "x": -0.48, "y": 0.2 },
					{ "time": 0.5, "x": -1.16, "y": 0.6 },
					{ "time": 1, "x": -0.48, "y": 0.2 },
					{ "time": 1.5, "x": -1.16, "y": 0.6 },
					{ "time": 2, "x": -0.39, "y": 0.17 }
				]
			},
			"bone32": {
				"rotate": [
					{
						"time": 0,
						"angle": -26.53,
						"curve": [ 0.185, 0.27, 0.75, 1 ]
					},
					{
						"time": 0.2667,
						"angle": 15.13,
						"curve": [ 0.25, 0, 0.75, 1 ]
					},
					{
						"time": 0.7333,
						"angle": -57.52,
						"curve": [ 0.25, 0, 0.822, 0.75 ]
					},
					{
						"time": 1,
						"angle": -26.53,
						"curve": [ 0.185, 0.27, 0.75, 1 ]
					},
					{
						"time": 1.2667,
						"angle": 15.13,
						"curve": [ 0.25, 0, 0.75, 1 ]
					},
					{
						"time": 1.7333,
						"angle": -57.52,
						"curve": [ 0.25, 0, 0.822, 0.75 ]
					},
					{ "time": 2, "angle": -26.53 }
				]
			},
			"bone33": {
				"rotate": [
					{
						"time": 0,
						"angle": -33.25,
						"curve": [ 0.25, 0, 0.75, 1 ]
					},
					{
						"time": 0.5,
						"angle": 13.72,
						"curve": [ 0.25, 0, 0.75, 1 ]
					},
					{
						"time": 1,
						"angle": -33.25,
						"curve": [ 0.25, 0, 0.75, 1 ]
					},
					{
						"time": 1.5,
						"angle": 13.72,
						"curve": [ 0.25, 0, 0.75, 1 ]
					},
					{ "time": 2, "angle": -41.43 }
				]
			},
			"bone30": {
				"translate": [
					{
						"time": 0,
						"x": 0,
						"y": 0,
						"curve": [ 0.188, 0.28, 0.75, 1 ]
					},
					{
						"time": 0.5,
						"x": -1.2,
						"y": 2.58,
						"curve": [ 0.25, 0, 0.75, 1 ]
					},
					{
						"time": 1.5,
						"x": 0.8,
						"y": -3.1,
						"curve": [ 0.25, 0, 0.802, 0.69 ]
					},
					{ "time": 2, "x": 0, "y": 0 }
				],
				"scale": [
					{
						"time": 0,
						"x": 1,
						"y": 1,
						"curve": [ 0.25, 0, 0.75, 1 ]
					},
					{
						"time": 1,
						"x": 0.778,
						"y": 0.778,
						"curve": [ 0.25, 0, 0.75, 1 ]
					},
					{ "time": 2, "x": 1, "y": 1 }
				]
			},
			"bone15": {
				"translate": [
					{
						"time": 0,
						"x": 0,
						"y": 0,
						"curve": [ 0.25, 0, 0.75, 1 ]
					},
					{
						"time": 1,
						"x": 0,
						"y": 0.8,
						"curve": [ 0.25, 0, 0.75, 1 ]
					},
					{ "time": 2, "x": 0, "y": 0 }
				]
			},
			"bone13": {
				"rotate": [
					{
						"time": 0,
						"angle": 0,
						"curve": [ 0.25, 0, 0.75, 1 ]
					},
					{
						"time": 1,
						"angle": -1.13,
						"curve": [ 0.25, 0, 0.75, 1 ]
					},
					{ "time": 2, "angle": 0 }
				]
			},
			"bone12": {
				"rotate": [
					{
						"time": 0,
						"angle": 0,
						"curve": [ 0.25, 0, 0.75, 1 ]
					},
					{
						"time": 1,
						"angle": 2.16,
						"curve": [ 0.25, 0, 0.75, 1 ]
					},
					{ "time": 2, "angle": 0 }
				]
			},
			"bone14": {
				"rotate": [
					{
						"time": 0,
						"angle": 0,
						"curve": [ 0.198, 0.28, 0.75, 1 ]
					},
					{
						"time": 0.5,
						"angle": -1.72,
						"curve": [ 0.25, 0, 0.75, 1 ]
					},
					{
						"time": 1.5,
						"angle": 0.97,
						"curve": [ 0.25, 0, 0.812, 0.75 ]
					},
					{ "time": 2, "angle": 0 }
				]
			}
		},
		"drawOrder": [
			{
				"time": 0,
				"offsets": [
					{ "slot": "ng24_2_", "offset": -2 }
				]
			}
		]
	}
}
}