{"skeleton":{"hash":"dFV4LWztrXLA3Gb3+67pcoscMpM","spine":"3.7.94","width":1000.01,"height":625.34,"images":"./images/","audio":""},"bones":[{"name":"root"},{"name":"bone3","parent":"root","x":111.99,"y":-78.24,"scaleX":1.25,"scaleY":1.25}],"slots":[{"name":"gj_1_00_","bone":"bone3"},{"name":"gj_2_00_","bone":"bone3","attachment":"gj_2_00_"},{"name":"gj_3_00_","bone":"bone3","attachment":"gj_3_00_"}],"skins":{"default":{"gj_1_00_":{"gj_1_00_":{"x":-33.74,"y":400.01,"width":800,"height":300},"gj_1_01_":{"x":-33.74,"y":400.01,"width":800,"height":300},"gj_1_02_":{"x":-33.74,"y":400.01,"width":800,"height":300},"gj_1_03_":{"x":-33.74,"y":400.01,"width":800,"height":300},"gj_1_04_":{"x":-33.74,"y":400.01,"width":800,"height":300},"gj_1_05_":{"x":-33.74,"y":400.01,"width":800,"height":300},"gj_1_06_":{"x":-33.74,"y":400.01,"width":800,"height":300},"gj_1_07_":{"x":-33.74,"y":400.01,"width":800,"height":300},"gj_1_08_":{"x":-33.74,"y":400.01,"width":800,"height":300},"gj_1_09_":{"x":-33.74,"y":400.01,"width":800,"height":300},"gj_1_10_":{"x":-33.74,"y":400.01,"width":800,"height":300},"gj_1_11_":{"x":-33.74,"y":400.01,"scaleX":2,"scaleY":2,"width":400,"height":150},"gj_1_12_":{"x":-33.74,"y":400.01,"scaleX":2,"scaleY":2,"width":400,"height":150},"gj_1_13_":{"x":-33.74,"y":400.01,"scaleX":2,"scaleY":2,"width":400,"height":150},"gj_1_14_":{"x":-33.74,"y":400.01,"scaleX":2,"scaleY":2,"width":800,"height":300},"gj_1_15_":{"x":-33.74,"y":400.01,"width":800,"height":300},"gj_1_16_":{"x":-33.74,"y":400.01,"width":800,"height":300},"gj_1_17_":{"x":-33.74,"y":400.01,"width":800,"height":300}},"gj_2_00_":{"gj_2_00_":{"x":-233.93,"width":400,"height":500},"gj_2_01_":{"x":-233.93,"width":400,"height":500},"gj_2_02_":{"x":-233.93,"width":400,"height":500},"gj_2_03_":{"x":-233.93,"width":400,"height":500},"gj_2_04_":{"x":-233.93,"width":400,"height":500},"gj_2_05_":{"x":-233.93,"width":400,"height":500},"gj_2_06_":{"x":-233.93,"width":400,"height":500},"gj_2_07_":{"x":-233.93,"width":400,"height":500},"gj_2_08_":{"x":-233.93,"width":400,"height":500},"gj_2_09_":{"x":-233.93,"width":400,"height":500},"gj_2_10_":{"x":-233.93,"width":400,"height":500},"gj_2_11_":{"x":-233.93,"width":400,"height":500},"gj_2_12_":{"x":-233.93,"width":400,"height":500},"gj_2_13_":{"x":-233.93,"width":400,"height":500},"gj_2_14_":{"x":-233.93,"width":400,"height":500},"gj_2_15_":{"x":-233.93,"width":400,"height":500},"gj_2_16_":{"x":-233.93,"width":400,"height":500},"gj_2_17_":{"x":-233.93,"width":400,"height":500}},"gj_3_00_":{"gj_3_00_":{"x":166.08,"y":0.28,"width":400,"height":500},"gj_3_01_":{"x":166.08,"y":0.28,"width":400,"height":500},"gj_3_02_":{"x":166.08,"y":0.28,"width":400,"height":500},"gj_3_03_":{"x":166.08,"y":0.28,"width":400,"height":500},"gj_3_04_":{"x":166.08,"y":0.28,"width":400,"height":500},"gj_3_05_":{"x":166.08,"y":0.28,"width":400,"height":500},"gj_3_06_":{"x":166.08,"y":0.28,"width":400,"height":500},"gj_3_07_":{"x":166.08,"y":0.28,"width":400,"height":500},"gj_3_08_":{"x":166.08,"y":0.28,"width":400,"height":500},"gj_3_09_":{"x":166.08,"y":0.28,"width":400,"height":500},"gj_3_10_":{"x":166.08,"y":0.28,"width":400,"height":500},"gj_3_11_":{"x":166.08,"y":0.28,"width":400,"height":500},"gj_3_12_":{"x":166.08,"y":0.28,"width":400,"height":500},"gj_3_13_":{"x":166.08,"y":0.28,"width":400,"height":500},"gj_3_14_":{"x":166.08,"y":0.28,"width":400,"height":500},"gj_3_15_":{"x":166.08,"y":0.28,"width":400,"height":500},"gj_3_16_":{"x":166.08,"y":0.28,"scaleX":2,"scaleY":2,"width":200,"height":250},"gj_3_17_":{"x":166.08,"y":0.28,"scaleX":2,"scaleY":2,"width":200,"height":250}}}},"animations":{"animation":{"slots":{"gj_1_00_":{"attachment":[{"time":0,"name":"gj_1_00_"},{"time":0.1,"name":"gj_1_01_"},{"time":0.2333,"name":"gj_1_02_"},{"time":0.3333,"name":"gj_1_03_"},{"time":0.4333,"name":"gj_1_04_"},{"time":0.5333,"name":"gj_1_05_"},{"time":0.6667,"name":"gj_1_06_"},{"time":0.7667,"name":"gj_1_07_"},{"time":0.8667,"name":"gj_1_08_"},{"time":1,"name":"gj_1_09_"},{"time":1.1,"name":"gj_1_10_"},{"time":1.2,"name":"gj_1_11_"},{"time":1.3,"name":"gj_1_12_"},{"time":1.4333,"name":"gj_1_13_"},{"time":1.5333,"name":"gj_1_14_"},{"time":1.6333,"name":"gj_1_15_"},{"time":1.7333,"name":"gj_1_16_"},{"time":1.8667,"name":"gj_1_17_"}]},"gj_2_00_":{"attachment":[{"time":0.1,"name":"gj_2_01_"},{"time":0.2333,"name":"gj_2_02_"},{"time":0.3333,"name":"gj_2_03_"},{"time":0.4333,"name":"gj_2_04_"},{"time":0.5333,"name":"gj_2_05_"},{"time":0.6667,"name":"gj_2_06_"},{"time":0.7667,"name":"gj_2_07_"},{"time":0.8667,"name":"gj_2_08_"},{"time":1,"name":"gj_2_09_"},{"time":1.1,"name":"gj_2_10_"},{"time":1.2,"name":"gj_2_11_"},{"time":1.3,"name":"gj_2_12_"},{"time":1.4333,"name":"gj_2_13_"},{"time":1.5333,"name":"gj_2_14_"},{"time":1.6333,"name":"gj_2_15_"},{"time":1.7333,"name":"gj_2_16_"},{"time":1.8667,"name":"gj_2_17_"}]},"gj_3_00_":{"attachment":[{"time":0.1,"name":"gj_3_01_"},{"time":0.2333,"name":"gj_3_02_"},{"time":0.3333,"name":"gj_3_03_"},{"time":0.4333,"name":"gj_3_04_"},{"time":0.5333,"name":"gj_3_05_"},{"time":0.6667,"name":"gj_3_06_"},{"time":0.7667,"name":"gj_3_07_"},{"time":0.8667,"name":"gj_3_08_"},{"time":1,"name":"gj_3_09_"},{"time":1.1,"name":"gj_3_10_"},{"time":1.2,"name":"gj_3_11_"},{"time":1.3,"name":"gj_3_12_"},{"time":1.4333,"name":"gj_3_13_"},{"time":1.5333,"name":"gj_3_14_"},{"time":1.6333,"name":"gj_3_15_"},{"time":1.7333,"name":"gj_3_16_"},{"time":1.8667,"name":"gj_3_17_"},{"time":2,"name":"gj_3_17_"}]}}}}}