{"skeleton":{"hash":"zzs3DOx28h4DeMMwkbWvlVXGEUI","spine":"3.7.94","width":374,"height":456.19,"images":"./images/","audio":"E:/列王纷争项目/场景/6周年城堡皮肤/输出/images"},"bones":[{"name":"root"},{"name":"cb","parent":"root"},{"name":"xx","parent":"root","x":-29.68,"y":456},{"name":"qiqiu","parent":"root","x":91.23,"y":183.58},{"name":"qz2","parent":"root","x":-1.28,"y":392.88},{"name":"qz1","parent":"root","x":-16.72,"y":267.38},{"name":"qz3","parent":"root","x":49.89,"y":330},{"name":"qz4","parent":"root","x":-103.6,"y":296.34},{"name":"qz5","parent":"root","x":-57.93,"y":361.13},{"name":"tx_xing","parent":"root","x":-29.35,"y":465.56},{"name":"tx_shanshuo","parent":"root","x":-100.96,"y":230.11},{"name":"guang","parent":"root","x":-21.28,"y":198.63}],"slots":[{"name":"guang1_","bone":"guang"},{"name":"guang2_","bone":"guang"},{"name":"dg_0003_","bone":"cb","attachment":"dg_0003_"},{"name":"dg_0004_","bone":"cb","attachment":"dg_0004_"},{"name":"dg_0001_","bone":"cb","attachment":"dg_0001_"},{"name":"dg_0002_","bone":"cb","attachment":"dg_0002_"},{"name":"qz_2","bone":"qz2","attachment":"qz_0010_"},{"name":"qz_3","bone":"qz1","attachment":"qz_0008_"},{"name":"qz_4","bone":"qz3","attachment":"qz_0010_"},{"name":"qz_5","bone":"qz4","attachment":"qz_0016_"},{"name":"qz_6","bone":"qz5","attachment":"qz_0008_"},{"name":"xx_0000_","bone":"xx","attachment":"xx_0000_"},{"name":"qq_0098_","bone":"qiqiu"},{"name":"qq_0096_","bone":"qiqiu"},{"name":"qq_0094_","bone":"qiqiu"},{"name":"qq_0092_","bone":"qiqiu"},{"name":"qq_0090_","bone":"qiqiu"},{"name":"qq_0088_","bone":"qiqiu"},{"name":"qq_0086_","bone":"qiqiu"},{"name":"qq_0084_","bone":"qiqiu"},{"name":"qq_0082_","bone":"qiqiu"},{"name":"qq_0080_","bone":"qiqiu"},{"name":"qq_0078_","bone":"qiqiu"},{"name":"qq_0076_","bone":"qiqiu"},{"name":"qq_0074_","bone":"qiqiu"},{"name":"qq_0072_","bone":"qiqiu"},{"name":"qq_0070_","bone":"qiqiu"},{"name":"qq_0068_","bone":"qiqiu"},{"name":"qq_0066_","bone":"qiqiu"},{"name":"qq_0064_","bone":"qiqiu"},{"name":"qq_0062_","bone":"qiqiu"},{"name":"qq_0060_","bone":"qiqiu"},{"name":"qq_0058_","bone":"qiqiu"},{"name":"qq_0056_","bone":"qiqiu"},{"name":"qq_0054_","bone":"qiqiu"},{"name":"qq_0052_","bone":"qiqiu"},{"name":"qq_0050_","bone":"qiqiu"},{"name":"qq_0048_","bone":"qiqiu"},{"name":"qq_0046_","bone":"qiqiu"},{"name":"qq_0044_","bone":"qiqiu"},{"name":"qq_0042_","bone":"qiqiu"},{"name":"qq_0040_","bone":"qiqiu"},{"name":"qq_0038_","bone":"qiqiu"},{"name":"qq_0036_","bone":"qiqiu"},{"name":"qq_0034_","bone":"qiqiu"},{"name":"qq_0032_","bone":"qiqiu"},{"name":"qq_0030_","bone":"qiqiu"},{"name":"qq_0028_","bone":"qiqiu"},{"name":"qq_0026_","bone":"qiqiu"},{"name":"qq_0024_","bone":"qiqiu"},{"name":"qq_0022_","bone":"qiqiu"},{"name":"qq_0020_","bone":"qiqiu"},{"name":"qq_0018_","bone":"qiqiu"},{"name":"qq_0016_","bone":"qiqiu"},{"name":"qq_0014_","bone":"qiqiu"},{"name":"qq_0012_","bone":"qiqiu"},{"name":"qq_0010_","bone":"qiqiu"},{"name":"qq_0008_","bone":"qiqiu"},{"name":"qq_0006_","bone":"qiqiu"},{"name":"qq_0004_","bone":"qiqiu"},{"name":"qq_0002_","bone":"qiqiu"},{"name":"qq_0000_","bone":"qiqiu"},{"name":"shan_00_","bone":"tx_xing","blend":"additive"},{"name":"a_00_","bone":"tx_shanshuo","blend":"additive"},{"name":"a_01_","bone":"tx_shanshuo","blend":"additive"},{"name":"a_02_","bone":"tx_shanshuo","blend":"additive"},{"name":"a_03_","bone":"tx_shanshuo","blend":"additive"},{"name":"b_00_","bone":"tx_shanshuo","blend":"additive"},{"name":"b_01_","bone":"tx_shanshuo","blend":"additive"},{"name":"b_02_","bone":"tx_shanshuo","blend":"additive"},{"name":"b_03_","bone":"tx_shanshuo","blend":"additive"}],"skins":{"default":{"a_00_":{"a_00_":{"x":78.18,"y":117.93,"width":345,"height":235}},"a_01_":{"a_01_":{"x":78.18,"y":117.93,"width":345,"height":235}},"a_02_":{"a_02_":{"x":78.18,"y":117.93,"width":345,"height":235}},"a_03_":{"a_03_":{"x":78.18,"y":117.93,"width":345,"height":235}},"b_00_":{"b_00_":{"x":78.19,"y":-117.07,"width":345,"height":235}},"b_01_":{"b_01_":{"x":78.19,"y":-117.07,"width":345,"height":235}},"b_02_":{"b_02_":{"x":78.19,"y":-117.07,"width":345,"height":235}},"b_03_":{"b_03_":{"x":78.19,"y":-117.07,"width":345,"height":235}},"dg_0001_":{"dg_0001_":{"x":-72.57,"y":328.69,"width":128,"height":278}},"dg_0002_":{"dg_0002_":{"x":40.43,"y":298.19,"width":98,"height":217}},"dg_0003_":{"dg_0003_":{"x":65.93,"y":103.69,"width":149,"height":172}},"dg_0004_":{"dg_0004_":{"x":-121.07,"y":112.69,"width":225,"height":154}},"guang1_":{"guang1_":{"x":2.68,"y":159.36,"width":345,"height":237}},"guang2_":{"guang2_":{"x":2.68,"y":-77.67,"width":345,"height":237}},"qq_0000_":{"qq_0000_":{"x":3.37,"y":26.98,"width":27,"height":49}},"qq_0002_":{"qq_0002_":{"x":2.87,"y":26.98,"width":28,"height":49}},"qq_0004_":{"qq_0004_":{"x":2.37,"y":26.98,"width":29,"height":49}},"qq_0006_":{"qq_0006_":{"x":2.37,"y":26.98,"width":29,"height":49}},"qq_0008_":{"qq_0008_":{"x":1.87,"y":26.98,"width":30,"height":49}},"qq_0010_":{"qq_0010_":{"x":1.37,"y":26.98,"width":31,"height":49}},"qq_0012_":{"qq_0012_":{"x":0.87,"y":26.98,"width":32,"height":49}},"qq_0014_":{"qq_0014_":{"x":0.87,"y":26.98,"width":32,"height":49}},"qq_0016_":{"qq_0016_":{"x":0.37,"y":26.98,"width":33,"height":49}},"qq_0018_":{"qq_0018_":{"x":0.37,"y":26.48,"width":33,"height":48}},"qq_0020_":{"qq_0020_":{"x":-0.13,"y":26.48,"width":34,"height":48}},"qq_0022_":{"qq_0022_":{"x":0.37,"y":26.48,"width":35,"height":48}},"qq_0024_":{"qq_0024_":{"x":0.37,"y":25.98,"width":35,"height":47}},"qq_0026_":{"qq_0026_":{"x":0.37,"y":25.98,"width":35,"height":47}},"qq_0028_":{"qq_0028_":{"x":0.87,"y":25.98,"width":36,"height":47}},"qq_0030_":{"qq_0030_":{"x":0.87,"y":25.48,"width":36,"height":46}},"qq_0032_":{"qq_0032_":{"x":1.87,"y":25.48,"width":36,"height":46}},"qq_0034_":{"qq_0034_":{"x":2.37,"y":25.48,"width":37,"height":46}},"qq_0036_":{"qq_0036_":{"x":2.87,"y":25.48,"width":36,"height":46}},"qq_0038_":{"qq_0038_":{"x":3.37,"y":25.48,"width":35,"height":46}},"qq_0040_":{"qq_0040_":{"x":3.37,"y":25.48,"width":33,"height":46}},"qq_0042_":{"qq_0042_":{"x":2.87,"y":25.48,"width":30,"height":46}},"qq_0044_":{"qq_0044_":{"x":1.87,"y":25.48,"width":26,"height":46}},"qq_0046_":{"qq_0046_":{"x":1.87,"y":25.48,"width":22,"height":46}},"qq_0048_":{"qq_0048_":{"x":2.87,"y":25.98,"width":22,"height":47}},"qq_0050_":{"qq_0050_":{"x":2.87,"y":25.98,"width":24,"height":47}},"qq_0052_":{"qq_0052_":{"x":3.37,"y":26.48,"width":25,"height":48}},"qq_0054_":{"qq_0054_":{"x":3.87,"y":26.48,"width":26,"height":48}},"qq_0056_":{"qq_0056_":{"x":3.87,"y":26.98,"width":26,"height":49}},"qq_0058_":{"qq_0058_":{"x":4.37,"y":26.98,"width":27,"height":49}},"qq_0060_":{"qq_0060_":{"x":4.87,"y":20.98,"width":28,"height":63}},"qq_0062_":{"qq_0062_":{"x":4.87,"y":27.48,"width":28,"height":50}},"qq_0064_":{"qq_0064_":{"x":4.87,"y":27.48,"width":28,"height":50}},"qq_0066_":{"qq_0066_":{"x":5.37,"y":27.48,"width":29,"height":50}},"qq_0068_":{"qq_0068_":{"x":5.37,"y":27.48,"width":29,"height":50}},"qq_0070_":{"qq_0070_":{"x":5.87,"y":27.48,"width":30,"height":50}},"qq_0072_":{"qq_0072_":{"x":6.37,"y":27.48,"width":31,"height":50}},"qq_0074_":{"qq_0074_":{"x":6.87,"y":26.98,"width":32,"height":49}},"qq_0076_":{"qq_0076_":{"x":7.87,"y":26.48,"width":32,"height":48}},"qq_0078_":{"qq_0078_":{"x":8.37,"y":25.98,"width":33,"height":47}},"qq_0080_":{"qq_0080_":{"x":9.37,"y":25.48,"width":33,"height":46}},"qq_0082_":{"qq_0082_":{"x":9.37,"y":24.98,"width":31,"height":45}},"qq_0084_":{"qq_0084_":{"x":9.37,"y":24.48,"width":29,"height":44}},"qq_0086_":{"qq_0086_":{"x":9.37,"y":23.98,"width":27,"height":43}},"qq_0088_":{"qq_0088_":{"x":7.87,"y":23.98,"width":24,"height":43}},"qq_0090_":{"qq_0090_":{"x":6.37,"y":23.98,"width":23,"height":43}},"qq_0092_":{"qq_0092_":{"x":4.37,"y":24.48,"width":25,"height":44}},"qq_0094_":{"qq_0094_":{"x":3.37,"y":24.98,"width":27,"height":45}},"qq_0096_":{"qq_0096_":{"x":2.87,"y":25.48,"width":28,"height":46}},"qq_0098_":{"qq_0098_":{"x":2.87,"y":26.48,"width":28,"height":48}},"qz_2":{"qz_0000_":{"x":-1.54,"y":10.06,"width":20,"height":13},"qz_0002_":{"x":-1.04,"y":11.56,"width":19,"height":12},"qz_0004_":{"x":-1.04,"y":11.06,"width":19,"height":13},"qz_0006_":{"x":-0.54,"y":10.56,"width":18,"height":14},"qz_0008_":{"x":-1.04,"y":11.06,"width":19,"height":13},"qz_0010_":{"x":-1.54,"y":11.06,"width":20,"height":13},"qz_0012_":{"x":-0.04,"y":10.06,"width":17,"height":13},"qz_0014_":{"x":-0.54,"y":10.56,"width":18,"height":12},"qz_0016_":{"x":-1.54,"y":10.56,"width":20,"height":14},"qz_0018_":{"x":-0.54,"y":10.56,"width":18,"height":14},"qz_0020_":{"x":-1.04,"y":10.56,"width":19,"height":12},"qz_0022_":{"x":-0.04,"y":10.06,"width":17,"height":13},"qz_0024_":{"x":-0.04,"y":10.56,"width":17,"height":12},"qz_0026_":{"x":-1.04,"y":9.56,"width":19,"height":14},"qz_0028_":{"x":-0.54,"y":10.56,"width":18,"height":14},"qz_0030_":{"x":-1.04,"y":10.56,"width":19,"height":12},"qz_0032_":{"x":-0.04,"y":10.06,"width":17,"height":13},"qz_0034_":{"x":-0.04,"y":10.56,"width":17,"height":12},"qz_0036_":{"x":-0.54,"y":9.56,"width":18,"height":14},"qz_0038_":{"x":-0.54,"y":10.56,"width":18,"height":14},"qz_0040_":{"x":-1.04,"y":10.56,"width":19,"height":12},"qz_0042_":{"x":-0.04,"y":10.06,"width":17,"height":13},"qz_0044_":{"x":-0.04,"y":10.56,"width":17,"height":12},"qz_0046_":{"x":-0.54,"y":9.56,"width":18,"height":14},"qz_0048_":{"x":-0.54,"y":10.56,"width":18,"height":14},"qz_0050_":{"x":-1.04,"y":10.56,"width":19,"height":12},"qz_0052_":{"x":-0.04,"y":10.06,"width":17,"height":13},"qz_0054_":{"x":-0.04,"y":10.56,"width":17,"height":12},"qz_0056_":{"x":-0.54,"y":9.56,"width":18,"height":14},"qz_0058_":{"x":-0.54,"y":10.56,"width":18,"height":14},"qz_0060_":{"x":-1.04,"y":10.56,"width":19,"height":12},"qz_0062_":{"x":-0.04,"y":10.06,"width":17,"height":13},"qz_0064_":{"x":-0.04,"y":10.56,"width":17,"height":12},"qz_0066_":{"x":-0.54,"y":9.56,"width":18,"height":14},"qz_0068_":{"x":-0.54,"y":10.56,"width":18,"height":14},"qz_0070_":{"x":-1.04,"y":10.56,"width":19,"height":12},"qz_0072_":{"x":-0.04,"y":10.06,"width":17,"height":13},"qz_0074_":{"x":-0.04,"y":10.06,"width":17,"height":13},"qz_0076_":{"x":-1.04,"y":9.56,"width":19,"height":14},"qz_0078_":{"x":-0.54,"y":10.56,"width":18,"height":14},"qz_0080_":{"x":-1.54,"y":10.56,"width":20,"height":12},"qz_0082_":{"x":-0.04,"y":10.06,"width":17,"height":13},"qz_0084_":{"x":-0.04,"y":10.06,"width":17,"height":13},"qz_0086_":{"x":-1.04,"y":9.56,"width":19,"height":14},"qz_0088_":{"x":-1.04,"y":10.06,"width":19,"height":13},"qz_0090_":{"x":-1.54,"y":10.06,"width":20,"height":13},"qz_0092_":{"x":-0.04,"y":10.06,"width":17,"height":13},"qz_0094_":{"x":-0.04,"y":9.56,"width":17,"height":12},"qz_0096_":{"x":-1.04,"y":10.06,"width":19,"height":13},"qz_0098_":{"x":-1.04,"y":11.06,"width":19,"height":13}},"qz_3":{"qz_0000_":{"x":-1.54,"y":10.06,"width":20,"height":13},"qz_0002_":{"x":-1.04,"y":11.56,"width":19,"height":12},"qz_0004_":{"x":-1.04,"y":11.06,"width":19,"height":13},"qz_0006_":{"x":-0.54,"y":10.56,"width":18,"height":14},"qz_0008_":{"x":-1.04,"y":11.06,"width":19,"height":13},"qz_0010_":{"x":-1.54,"y":11.06,"width":20,"height":13},"qz_0012_":{"x":-0.04,"y":10.06,"width":17,"height":13},"qz_0014_":{"x":-0.54,"y":10.56,"width":18,"height":12},"qz_0016_":{"x":-1.54,"y":10.56,"width":20,"height":14},"qz_0018_":{"x":-0.54,"y":10.56,"width":18,"height":14},"qz_0020_":{"x":-1.04,"y":10.56,"width":19,"height":12},"qz_0022_":{"x":-0.04,"y":10.06,"width":17,"height":13},"qz_0024_":{"x":-0.04,"y":10.56,"width":17,"height":12},"qz_0026_":{"x":-1.04,"y":9.56,"width":19,"height":14},"qz_0028_":{"x":-0.54,"y":10.56,"width":18,"height":14},"qz_0030_":{"x":-1.04,"y":10.56,"width":19,"height":12},"qz_0032_":{"x":-0.04,"y":10.06,"width":17,"height":13},"qz_0034_":{"x":-0.04,"y":10.56,"width":17,"height":12},"qz_0036_":{"x":-0.54,"y":9.56,"width":18,"height":14},"qz_0038_":{"x":-0.54,"y":10.56,"width":18,"height":14},"qz_0040_":{"x":-1.04,"y":10.56,"width":19,"height":12},"qz_0042_":{"x":-0.04,"y":10.06,"width":17,"height":13},"qz_0044_":{"x":-0.04,"y":10.56,"width":17,"height":12},"qz_0046_":{"x":-0.54,"y":9.56,"width":18,"height":14},"qz_0048_":{"x":-0.54,"y":10.56,"width":18,"height":14},"qz_0050_":{"x":-1.04,"y":10.56,"width":19,"height":12},"qz_0052_":{"x":-0.04,"y":10.06,"width":17,"height":13},"qz_0054_":{"x":-0.04,"y":10.56,"width":17,"height":12},"qz_0056_":{"x":-0.54,"y":9.56,"width":18,"height":14},"qz_0058_":{"x":-0.54,"y":10.56,"width":18,"height":14},"qz_0060_":{"x":-1.04,"y":10.56,"width":19,"height":12},"qz_0062_":{"x":-0.04,"y":10.06,"width":17,"height":13},"qz_0064_":{"x":-0.04,"y":10.56,"width":17,"height":12},"qz_0066_":{"x":-0.54,"y":9.56,"width":18,"height":14},"qz_0068_":{"x":-0.54,"y":10.56,"width":18,"height":14},"qz_0070_":{"x":-1.04,"y":10.56,"width":19,"height":12},"qz_0072_":{"x":-0.04,"y":10.06,"width":17,"height":13},"qz_0074_":{"x":-0.04,"y":10.06,"width":17,"height":13},"qz_0076_":{"x":-1.04,"y":9.56,"width":19,"height":14},"qz_0078_":{"x":-0.54,"y":10.56,"width":18,"height":14},"qz_0080_":{"x":-1.54,"y":10.56,"width":20,"height":12},"qz_0082_":{"x":-0.04,"y":10.06,"width":17,"height":13},"qz_0084_":{"x":-0.04,"y":10.06,"width":17,"height":13},"qz_0086_":{"x":-1.04,"y":9.56,"width":19,"height":14},"qz_0088_":{"x":-1.04,"y":10.06,"width":19,"height":13},"qz_0090_":{"x":-1.54,"y":10.06,"width":20,"height":13},"qz_0092_":{"x":-0.04,"y":10.06,"width":17,"height":13},"qz_0094_":{"x":-0.04,"y":9.56,"width":17,"height":12},"qz_0096_":{"x":-1.04,"y":10.06,"width":19,"height":13},"qz_0098_":{"x":-1.04,"y":11.06,"width":19,"height":13}},"qz_4":{"qz_0000_":{"x":-1.54,"y":10.06,"width":20,"height":13},"qz_0002_":{"x":-1.04,"y":11.56,"width":19,"height":12},"qz_0004_":{"x":-1.04,"y":11.06,"width":19,"height":13},"qz_0006_":{"x":-0.54,"y":10.56,"width":18,"height":14},"qz_0008_":{"x":-1.04,"y":11.06,"width":19,"height":13},"qz_0010_":{"x":-1.54,"y":11.06,"width":20,"height":13},"qz_0012_":{"x":-0.04,"y":10.06,"width":17,"height":13},"qz_0014_":{"x":-0.54,"y":10.56,"width":18,"height":12},"qz_0016_":{"x":-1.54,"y":10.56,"width":20,"height":14},"qz_0018_":{"x":-0.54,"y":10.56,"width":18,"height":14},"qz_0020_":{"x":-1.04,"y":10.56,"width":19,"height":12},"qz_0022_":{"x":-0.04,"y":10.06,"width":17,"height":13},"qz_0024_":{"x":-0.04,"y":10.56,"width":17,"height":12},"qz_0026_":{"x":-1.04,"y":9.56,"width":19,"height":14},"qz_0028_":{"x":-0.54,"y":10.56,"width":18,"height":14},"qz_0030_":{"x":-1.04,"y":10.56,"width":19,"height":12},"qz_0032_":{"x":-0.04,"y":10.06,"width":17,"height":13},"qz_0034_":{"x":-0.04,"y":10.56,"width":17,"height":12},"qz_0036_":{"x":-0.54,"y":9.56,"width":18,"height":14},"qz_0038_":{"x":-0.54,"y":10.56,"width":18,"height":14},"qz_0040_":{"x":-1.04,"y":10.56,"width":19,"height":12},"qz_0042_":{"x":-0.04,"y":10.06,"width":17,"height":13},"qz_0044_":{"x":-0.04,"y":10.56,"width":17,"height":12},"qz_0046_":{"x":-0.54,"y":9.56,"width":18,"height":14},"qz_0048_":{"x":-0.54,"y":10.56,"width":18,"height":14},"qz_0050_":{"x":-1.04,"y":10.56,"width":19,"height":12},"qz_0052_":{"x":-0.04,"y":10.06,"width":17,"height":13},"qz_0054_":{"x":-0.04,"y":10.56,"width":17,"height":12},"qz_0056_":{"x":-0.54,"y":9.56,"width":18,"height":14},"qz_0058_":{"x":-0.54,"y":10.56,"width":18,"height":14},"qz_0060_":{"x":-1.04,"y":10.56,"width":19,"height":12},"qz_0062_":{"x":-0.04,"y":10.06,"width":17,"height":13},"qz_0064_":{"x":-0.04,"y":10.56,"width":17,"height":12},"qz_0066_":{"x":-0.54,"y":9.56,"width":18,"height":14},"qz_0068_":{"x":-0.54,"y":10.56,"width":18,"height":14},"qz_0070_":{"x":-1.04,"y":10.56,"width":19,"height":12},"qz_0072_":{"x":-0.04,"y":10.06,"width":17,"height":13},"qz_0074_":{"x":-0.04,"y":10.06,"width":17,"height":13},"qz_0076_":{"x":-1.04,"y":9.56,"width":19,"height":14},"qz_0078_":{"x":-0.54,"y":10.56,"width":18,"height":14},"qz_0080_":{"x":-1.54,"y":10.56,"width":20,"height":12},"qz_0082_":{"x":-0.04,"y":10.06,"width":17,"height":13},"qz_0084_":{"x":-0.04,"y":10.06,"width":17,"height":13},"qz_0086_":{"x":-1.04,"y":9.56,"width":19,"height":14},"qz_0088_":{"x":-1.04,"y":10.06,"width":19,"height":13},"qz_0090_":{"x":-1.54,"y":10.06,"width":20,"height":13},"qz_0092_":{"x":-0.04,"y":10.06,"width":17,"height":13},"qz_0094_":{"x":-0.04,"y":9.56,"width":17,"height":12},"qz_0096_":{"x":-1.04,"y":10.06,"width":19,"height":13},"qz_0098_":{"x":-1.04,"y":11.06,"width":19,"height":13}},"qz_5":{"qz_0000_":{"x":-1.54,"y":10.06,"width":20,"height":13},"qz_0002_":{"x":-1.04,"y":11.56,"width":19,"height":12},"qz_0004_":{"x":-1.04,"y":11.06,"width":19,"height":13},"qz_0006_":{"x":-0.54,"y":10.56,"width":18,"height":14},"qz_0008_":{"x":-1.04,"y":11.06,"width":19,"height":13},"qz_0010_":{"x":-1.54,"y":11.06,"width":20,"height":13},"qz_0012_":{"x":-0.04,"y":10.06,"width":17,"height":13},"qz_0014_":{"x":-0.54,"y":10.56,"width":18,"height":12},"qz_0016_":{"x":-1.54,"y":10.56,"width":20,"height":14},"qz_0018_":{"x":-0.54,"y":10.56,"width":18,"height":14},"qz_0020_":{"x":-1.04,"y":10.56,"width":19,"height":12},"qz_0022_":{"x":-0.04,"y":10.06,"width":17,"height":13},"qz_0024_":{"x":-0.04,"y":10.56,"width":17,"height":12},"qz_0026_":{"x":-1.04,"y":9.56,"width":19,"height":14},"qz_0028_":{"x":-0.54,"y":10.56,"width":18,"height":14},"qz_0030_":{"x":-1.04,"y":10.56,"width":19,"height":12},"qz_0032_":{"x":-0.04,"y":10.06,"width":17,"height":13},"qz_0034_":{"x":-0.04,"y":10.56,"width":17,"height":12},"qz_0036_":{"x":-0.54,"y":9.56,"width":18,"height":14},"qz_0038_":{"x":-0.54,"y":10.56,"width":18,"height":14},"qz_0040_":{"x":-1.04,"y":10.56,"width":19,"height":12},"qz_0042_":{"x":-0.04,"y":10.06,"width":17,"height":13},"qz_0044_":{"x":-0.04,"y":10.56,"width":17,"height":12},"qz_0046_":{"x":-0.54,"y":9.56,"width":18,"height":14},"qz_0048_":{"x":-0.54,"y":10.56,"width":18,"height":14},"qz_0050_":{"x":-1.04,"y":10.56,"width":19,"height":12},"qz_0052_":{"x":-0.04,"y":10.06,"width":17,"height":13},"qz_0054_":{"x":-0.04,"y":10.56,"width":17,"height":12},"qz_0056_":{"x":-0.54,"y":9.56,"width":18,"height":14},"qz_0058_":{"x":-0.54,"y":10.56,"width":18,"height":14},"qz_0060_":{"x":-1.04,"y":10.56,"width":19,"height":12},"qz_0062_":{"x":-0.04,"y":10.06,"width":17,"height":13},"qz_0064_":{"x":-0.04,"y":10.56,"width":17,"height":12},"qz_0066_":{"x":-0.54,"y":9.56,"width":18,"height":14},"qz_0068_":{"x":-0.54,"y":10.56,"width":18,"height":14},"qz_0070_":{"x":-1.04,"y":10.56,"width":19,"height":12},"qz_0072_":{"x":-0.04,"y":10.06,"width":17,"height":13},"qz_0074_":{"x":-0.04,"y":10.06,"width":17,"height":13},"qz_0076_":{"x":-1.04,"y":9.56,"width":19,"height":14},"qz_0078_":{"x":-0.54,"y":10.56,"width":18,"height":14},"qz_0080_":{"x":-1.54,"y":10.56,"width":20,"height":12},"qz_0082_":{"x":-0.04,"y":10.06,"width":17,"height":13},"qz_0084_":{"x":-0.04,"y":10.06,"width":17,"height":13},"qz_0086_":{"x":-1.04,"y":9.56,"width":19,"height":14},"qz_0088_":{"x":-1.04,"y":10.06,"width":19,"height":13},"qz_0090_":{"x":-1.54,"y":10.06,"width":20,"height":13},"qz_0092_":{"x":-0.04,"y":10.06,"width":17,"height":13},"qz_0094_":{"x":-0.04,"y":9.56,"width":17,"height":12},"qz_0096_":{"x":-1.04,"y":10.06,"width":19,"height":13},"qz_0098_":{"x":-1.04,"y":11.06,"width":19,"height":13}},"qz_6":{"qz_0000_":{"x":-1.54,"y":10.06,"width":20,"height":13},"qz_0002_":{"x":-1.04,"y":11.56,"width":19,"height":12},"qz_0004_":{"x":-1.04,"y":11.06,"width":19,"height":13},"qz_0006_":{"x":-0.54,"y":10.56,"width":18,"height":14},"qz_0008_":{"x":-1.04,"y":11.06,"width":19,"height":13},"qz_0010_":{"x":-1.54,"y":11.06,"width":20,"height":13},"qz_0012_":{"x":-0.04,"y":10.06,"width":17,"height":13},"qz_0014_":{"x":-0.54,"y":10.56,"width":18,"height":12},"qz_0016_":{"x":-1.54,"y":10.56,"width":20,"height":14},"qz_0018_":{"x":-0.54,"y":10.56,"width":18,"height":14},"qz_0020_":{"x":-1.04,"y":10.56,"width":19,"height":12},"qz_0022_":{"x":-0.04,"y":10.06,"width":17,"height":13},"qz_0024_":{"x":-0.04,"y":10.56,"width":17,"height":12},"qz_0026_":{"x":-1.04,"y":9.56,"width":19,"height":14},"qz_0028_":{"x":-0.54,"y":10.56,"width":18,"height":14},"qz_0030_":{"x":-1.04,"y":10.56,"width":19,"height":12},"qz_0032_":{"x":-0.04,"y":10.06,"width":17,"height":13},"qz_0034_":{"x":-0.04,"y":10.56,"width":17,"height":12},"qz_0036_":{"x":-0.54,"y":9.56,"width":18,"height":14},"qz_0038_":{"x":-0.54,"y":10.56,"width":18,"height":14},"qz_0040_":{"x":-1.04,"y":10.56,"width":19,"height":12},"qz_0042_":{"x":-0.04,"y":10.06,"width":17,"height":13},"qz_0044_":{"x":-0.04,"y":10.56,"width":17,"height":12},"qz_0046_":{"x":-0.54,"y":9.56,"width":18,"height":14},"qz_0048_":{"x":-0.54,"y":10.56,"width":18,"height":14},"qz_0050_":{"x":-1.04,"y":10.56,"width":19,"height":12},"qz_0052_":{"x":-0.04,"y":10.06,"width":17,"height":13},"qz_0054_":{"x":-0.04,"y":10.56,"width":17,"height":12},"qz_0056_":{"x":-0.54,"y":9.56,"width":18,"height":14},"qz_0058_":{"x":-0.54,"y":10.56,"width":18,"height":14},"qz_0060_":{"x":-1.04,"y":10.56,"width":19,"height":12},"qz_0062_":{"x":-0.04,"y":10.06,"width":17,"height":13},"qz_0064_":{"x":-0.04,"y":10.56,"width":17,"height":12},"qz_0066_":{"x":-0.54,"y":9.56,"width":18,"height":14},"qz_0068_":{"x":-0.54,"y":10.56,"width":18,"height":14},"qz_0070_":{"x":-1.04,"y":10.56,"width":19,"height":12},"qz_0072_":{"x":-0.04,"y":10.06,"width":17,"height":13},"qz_0074_":{"x":-0.04,"y":10.06,"width":17,"height":13},"qz_0076_":{"x":-1.04,"y":9.56,"width":19,"height":14},"qz_0078_":{"x":-0.54,"y":10.56,"width":18,"height":14},"qz_0080_":{"x":-1.54,"y":10.56,"width":20,"height":12},"qz_0082_":{"x":-0.04,"y":10.06,"width":17,"height":13},"qz_0084_":{"x":-0.04,"y":10.06,"width":17,"height":13},"qz_0086_":{"x":-1.04,"y":9.56,"width":19,"height":14},"qz_0088_":{"x":-1.04,"y":10.06,"width":19,"height":13},"qz_0090_":{"x":-1.54,"y":10.06,"width":20,"height":13},"qz_0092_":{"x":-0.04,"y":10.06,"width":17,"height":13},"qz_0094_":{"x":-0.04,"y":9.56,"width":17,"height":12},"qz_0096_":{"x":-1.04,"y":10.06,"width":19,"height":13},"qz_0098_":{"x":-1.04,"y":11.06,"width":19,"height":13}},"shan_00_":{"shan_00_":{"width":166,"height":132},"shan_01_":{"width":166,"height":132},"shan_02_":{"width":166,"height":132},"shan_03_":{"width":166,"height":132},"shan_04_":{"width":166,"height":132},"shan_05_":{"width":166,"height":132},"shan_06_":{"width":166,"height":132},"shan_07_":{"width":166,"height":132},"shan_08_":{"width":166,"height":132},"shan_09_":{"width":166,"height":132}},"xx_0000_":{"xx_0000_":{"x":1.05,"y":9.38,"width":14,"height":17},"xx_0002_":{"x":0.55,"y":9.38,"width":9,"height":17},"xx_0004_":{"x":0.55,"y":9.38,"width":11,"height":17},"xx_0006_":{"x":1.05,"y":9.88,"width":16,"height":16},"xx_0008_":{"x":0.55,"y":9.88,"width":17,"height":16},"xx_0010_":{"x":1.05,"y":9.38,"width":14,"height":17}}}},"animations":{"animation":{"slots":{"a_00_":{"color":[{"time":0,"color":"ffffffff"},{"time":0.3,"color":"ffffff00","curve":"stepped"},{"time":0.9,"color":"ffffff00"},{"time":1.2,"color":"ffffffff"},{"time":1.5,"color":"ffffff00","curve":"stepped"},{"time":3.0333,"color":"ffffff00"},{"time":3.3333,"color":"ffffffff"}],"attachment":[{"time":0,"name":"a_00_"}]},"a_01_":{"color":[{"time":0,"color":"ffffff00"},{"time":0.3,"color":"ffffffff"},{"time":0.6,"color":"ffffff00","curve":"stepped"},{"time":1.2,"color":"ffffff00"},{"time":1.5,"color":"ffffffff"},{"time":1.8333,"color":"ffffff00","curve":"stepped"},{"time":2.1333,"color":"ffffff00"},{"time":2.4333,"color":"ffffffff"},{"time":2.7333,"color":"ffffff00"}],"attachment":[{"time":0,"name":"a_01_"}]},"a_02_":{"color":[{"time":0,"color":"ffffff00","curve":"stepped"},{"time":0.3,"color":"ffffff00"},{"time":0.6,"color":"ffffffff"},{"time":0.9,"color":"ffffff00","curve":"stepped"},{"time":1.5,"color":"ffffff00"},{"time":1.8333,"color":"ffffffff"},{"time":2.1333,"color":"ffffff00","curve":"stepped"},{"time":2.4333,"color":"ffffff00"},{"time":2.7333,"color":"ffffffff"},{"time":3.0333,"color":"ffffff00"}],"attachment":[{"time":0,"name":"a_02_"}]},"a_03_":{"color":[{"time":0,"color":"ffffff00","curve":"stepped"},{"time":0.6,"color":"ffffff00"},{"time":0.9,"color":"ffffffff"},{"time":1.2,"color":"ffffff00","curve":"stepped"},{"time":1.8333,"color":"ffffff00"},{"time":2.1333,"color":"ffffffff"},{"time":2.4333,"color":"ffffff00","curve":"stepped"},{"time":2.7333,"color":"ffffff00"},{"time":3.0333,"color":"ffffffff"},{"time":3.3333,"color":"ffffff00"}],"attachment":[{"time":0,"name":"a_03_"}]},"b_00_":{"color":[{"time":0,"color":"ffffffff"},{"time":0.3,"color":"ffffff00","curve":"stepped"},{"time":0.9,"color":"ffffff00"},{"time":1.2,"color":"ffffffff"},{"time":1.5,"color":"ffffff00","curve":"stepped"},{"time":3.0333,"color":"ffffff00"},{"time":3.3333,"color":"ffffffff"}],"attachment":[{"time":0,"name":"b_00_"}]},"b_01_":{"color":[{"time":0,"color":"ffffff00"},{"time":0.3,"color":"ffffffff"},{"time":0.6,"color":"ffffff00","curve":"stepped"},{"time":1.2,"color":"ffffff00"},{"time":1.5,"color":"ffffffff"},{"time":1.8333,"color":"ffffff00","curve":"stepped"},{"time":2.1333,"color":"ffffff00"},{"time":2.4333,"color":"ffffffff"},{"time":2.7333,"color":"ffffff00"}],"attachment":[{"time":0,"name":"b_01_"}]},"b_02_":{"color":[{"time":0,"color":"ffffff00","curve":"stepped"},{"time":0.3,"color":"ffffff00"},{"time":0.6,"color":"ffffffff"},{"time":0.9,"color":"ffffff00","curve":"stepped"},{"time":1.5,"color":"ffffff00"},{"time":1.8333,"color":"ffffffff"},{"time":2.1333,"color":"ffffff00","curve":"stepped"},{"time":2.4333,"color":"ffffff00"},{"time":2.7333,"color":"ffffffff"},{"time":3.0333,"color":"ffffff00"}],"attachment":[{"time":0,"name":"b_02_"}]},"b_03_":{"color":[{"time":0,"color":"ffffff00","curve":"stepped"},{"time":0.6,"color":"ffffff00"},{"time":0.9,"color":"ffffffff"},{"time":1.2,"color":"ffffff00","curve":"stepped"},{"time":1.8333,"color":"ffffff00"},{"time":2.1333,"color":"ffffffff"},{"time":2.4333,"color":"ffffff00","curve":"stepped"},{"time":2.7333,"color":"ffffff00"},{"time":3.0333,"color":"ffffffff"},{"time":3.3333,"color":"ffffff00"}],"attachment":[{"time":0,"name":"b_03_"}]},"guang1_":{"color":[{"time":0,"color":"ffffffff"},{"time":0.5667,"color":"ffffff00"},{"time":1.1,"color":"ffffffff"},{"time":1.6667,"color":"ffffff00"},{"time":2.2,"color":"ffffffff"},{"time":2.7667,"color":"ffffff00"},{"time":3.3333,"color":"ffffffff"}],"attachment":[{"time":0,"name":"guang1_"}]},"guang2_":{"color":[{"time":0,"color":"ffffffff"},{"time":0.5667,"color":"ffffff00"},{"time":1.1,"color":"ffffffff"},{"time":1.6667,"color":"ffffff00"},{"time":2.2,"color":"ffffffff"},{"time":2.7667,"color":"ffffff00"},{"time":3.3333,"color":"ffffffff"}],"attachment":[{"time":0,"name":"guang2_"}]},"qq_0000_":{"attachment":[{"time":0,"name":"qq_0000_"},{"time":0.0667,"name":null},{"time":3.3333,"name":"qq_0000_"}]},"qq_0002_":{"attachment":[{"time":0.0667,"name":"qq_0002_"},{"time":0.1333,"name":null}]},"qq_0004_":{"attachment":[{"time":0.1333,"name":"qq_0004_"},{"time":0.2,"name":null}]},"qq_0006_":{"attachment":[{"time":0.2,"name":"qq_0006_"},{"time":0.2667,"name":null}]},"qq_0008_":{"attachment":[{"time":0.2667,"name":"qq_0008_"},{"time":0.3333,"name":null}]},"qq_0010_":{"attachment":[{"time":0.3333,"name":"qq_0010_"},{"time":0.4,"name":null}]},"qq_0012_":{"attachment":[{"time":0.4,"name":"qq_0012_"},{"time":0.4667,"name":null}]},"qq_0014_":{"attachment":[{"time":0.4667,"name":"qq_0014_"},{"time":0.5333,"name":null}]},"qq_0016_":{"attachment":[{"time":0.5333,"name":"qq_0016_"},{"time":0.6,"name":null}]},"qq_0018_":{"attachment":[{"time":0.6,"name":"qq_0018_"},{"time":0.6667,"name":null}]},"qq_0020_":{"attachment":[{"time":0.6667,"name":"qq_0020_"},{"time":0.7333,"name":null}]},"qq_0022_":{"attachment":[{"time":0.7333,"name":"qq_0022_"},{"time":0.8,"name":null}]},"qq_0024_":{"attachment":[{"time":0.8,"name":"qq_0024_"},{"time":0.8667,"name":null}]},"qq_0026_":{"attachment":[{"time":0.8667,"name":"qq_0026_"},{"time":0.9333,"name":null}]},"qq_0028_":{"attachment":[{"time":0.9333,"name":"qq_0028_"},{"time":1,"name":null}]},"qq_0030_":{"attachment":[{"time":1,"name":"qq_0030_"},{"time":1.0667,"name":null}]},"qq_0032_":{"attachment":[{"time":1.0667,"name":"qq_0032_"},{"time":1.1333,"name":null}]},"qq_0034_":{"attachment":[{"time":1.1333,"name":"qq_0034_"},{"time":1.2,"name":null}]},"qq_0036_":{"attachment":[{"time":1.2,"name":"qq_0036_"},{"time":1.2667,"name":null}]},"qq_0038_":{"attachment":[{"time":1.2667,"name":"qq_0038_"},{"time":1.3333,"name":null}]},"qq_0040_":{"attachment":[{"time":1.3333,"name":"qq_0040_"},{"time":1.4,"name":null}]},"qq_0042_":{"attachment":[{"time":1.4,"name":"qq_0042_"},{"time":1.4667,"name":null}]},"qq_0044_":{"attachment":[{"time":1.4667,"name":"qq_0044_"},{"time":1.5333,"name":null}]},"qq_0046_":{"attachment":[{"time":1.5333,"name":"qq_0046_"},{"time":1.6,"name":null}]},"qq_0048_":{"attachment":[{"time":1.6,"name":"qq_0048_"},{"time":1.6667,"name":null}]},"qq_0050_":{"attachment":[{"time":1.6667,"name":"qq_0050_"},{"time":1.7333,"name":null}]},"qq_0052_":{"attachment":[{"time":1.7333,"name":"qq_0052_"},{"time":1.8,"name":null}]},"qq_0054_":{"attachment":[{"time":1.8,"name":"qq_0054_"},{"time":1.8667,"name":null}]},"qq_0056_":{"attachment":[{"time":1.8667,"name":"qq_0056_"},{"time":1.9333,"name":null}]},"qq_0058_":{"attachment":[{"time":1.9333,"name":"qq_0058_"},{"time":2,"name":null}]},"qq_0060_":{"attachment":[{"time":2,"name":"qq_0060_"},{"time":2.0667,"name":null}]},"qq_0062_":{"attachment":[{"time":2.0667,"name":"qq_0062_"},{"time":2.1333,"name":null}]},"qq_0064_":{"attachment":[{"time":2.1333,"name":"qq_0064_"},{"time":2.2,"name":null}]},"qq_0066_":{"attachment":[{"time":2.2,"name":"qq_0066_"},{"time":2.2667,"name":null}]},"qq_0068_":{"attachment":[{"time":2.2667,"name":"qq_0068_"},{"time":2.3333,"name":null}]},"qq_0070_":{"attachment":[{"time":2.3333,"name":"qq_0070_"},{"time":2.4,"name":null}]},"qq_0072_":{"attachment":[{"time":2.4,"name":"qq_0072_"},{"time":2.4667,"name":null}]},"qq_0074_":{"attachment":[{"time":2.4667,"name":"qq_0074_"},{"time":2.5333,"name":null}]},"qq_0076_":{"attachment":[{"time":2.5333,"name":"qq_0076_"},{"time":2.6,"name":null}]},"qq_0078_":{"attachment":[{"time":2.6,"name":"qq_0078_"},{"time":2.6667,"name":null}]},"qq_0080_":{"attachment":[{"time":2.6667,"name":"qq_0080_"},{"time":2.7333,"name":null}]},"qq_0082_":{"attachment":[{"time":2.7333,"name":"qq_0082_"},{"time":2.8,"name":null}]},"qq_0084_":{"attachment":[{"time":2.8,"name":"qq_0084_"},{"time":2.8667,"name":null}]},"qq_0086_":{"attachment":[{"time":2.8667,"name":"qq_0086_"},{"time":2.9333,"name":null}]},"qq_0088_":{"attachment":[{"time":2.9333,"name":"qq_0088_"},{"time":3,"name":null}]},"qq_0090_":{"attachment":[{"time":3,"name":"qq_0090_"},{"time":3.0667,"name":null}]},"qq_0092_":{"attachment":[{"time":3.0667,"name":"qq_0092_"},{"time":3.1333,"name":null}]},"qq_0094_":{"attachment":[{"time":3.1333,"name":"qq_0094_"},{"time":3.2,"name":null}]},"qq_0096_":{"attachment":[{"time":3.2,"name":"qq_0096_"},{"time":3.2667,"name":null}]},"qq_0098_":{"attachment":[{"time":3.2667,"name":"qq_0098_"},{"time":3.3333,"name":null}]},"qz_2":{"attachment":[{"time":0.0667,"name":"qz_0012_"},{"time":0.1333,"name":"qz_0014_"},{"time":0.2,"name":"qz_0016_"},{"time":0.2667,"name":"qz_0018_"},{"time":0.3333,"name":"qz_0020_"},{"time":0.4,"name":"qz_0022_"},{"time":0.4667,"name":"qz_0024_"},{"time":0.5333,"name":"qz_0026_"},{"time":0.6,"name":"qz_0028_"},{"time":0.6667,"name":"qz_0030_"},{"time":0.7333,"name":"qz_0032_"},{"time":0.8,"name":"qz_0034_"},{"time":0.8667,"name":"qz_0036_"},{"time":0.9333,"name":"qz_0038_"},{"time":1,"name":"qz_0040_"},{"time":1.0667,"name":"qz_0042_"},{"time":1.1333,"name":"qz_0044_"},{"time":1.2,"name":"qz_0046_"},{"time":1.2667,"name":"qz_0048_"},{"time":1.3333,"name":"qz_0050_"},{"time":1.4,"name":"qz_0052_"},{"time":1.4667,"name":"qz_0054_"},{"time":1.5333,"name":"qz_0056_"},{"time":1.6,"name":"qz_0058_"},{"time":1.6667,"name":"qz_0060_"},{"time":1.7333,"name":"qz_0062_"},{"time":1.8,"name":"qz_0064_"},{"time":1.8667,"name":"qz_0066_"},{"time":1.9333,"name":"qz_0068_"},{"time":2,"name":"qz_0070_"},{"time":2.0667,"name":"qz_0072_"},{"time":2.1333,"name":"qz_0074_"},{"time":2.2,"name":"qz_0076_"},{"time":2.2667,"name":"qz_0078_"},{"time":2.3333,"name":"qz_0080_"},{"time":2.4,"name":"qz_0082_"},{"time":2.4667,"name":"qz_0084_"},{"time":2.5333,"name":"qz_0086_"},{"time":2.6,"name":"qz_0088_"},{"time":2.6667,"name":"qz_0090_"},{"time":2.7333,"name":"qz_0092_"},{"time":2.8,"name":"qz_0094_"},{"time":2.8667,"name":"qz_0096_"},{"time":2.9333,"name":"qz_0098_"},{"time":3,"name":"qz_0000_"},{"time":3.0667,"name":"qz_0002_"},{"time":3.1333,"name":"qz_0004_"},{"time":3.2,"name":"qz_0006_"},{"time":3.2667,"name":"qz_0008_"},{"time":3.3333,"name":"qz_0010_"}]},"qz_3":{"attachment":[{"time":0,"name":"qz_0000_"},{"time":0.0667,"name":"qz_0002_"},{"time":0.1333,"name":"qz_0004_"},{"time":0.2,"name":"qz_0006_"},{"time":0.2667,"name":"qz_0008_"},{"time":0.3333,"name":"qz_0010_"},{"time":0.4,"name":"qz_0012_"},{"time":0.4667,"name":"qz_0014_"},{"time":0.5333,"name":"qz_0016_"},{"time":0.6,"name":"qz_0018_"},{"time":0.6667,"name":"qz_0020_"},{"time":0.7333,"name":"qz_0022_"},{"time":0.8,"name":"qz_0024_"},{"time":0.8667,"name":"qz_0026_"},{"time":0.9333,"name":"qz_0028_"},{"time":1,"name":"qz_0030_"},{"time":1.0667,"name":"qz_0032_"},{"time":1.1333,"name":"qz_0034_"},{"time":1.2,"name":"qz_0036_"},{"time":1.2667,"name":"qz_0038_"},{"time":1.3333,"name":"qz_0040_"},{"time":1.4,"name":"qz_0042_"},{"time":1.4667,"name":"qz_0044_"},{"time":1.5333,"name":"qz_0046_"},{"time":1.6,"name":"qz_0048_"},{"time":1.6667,"name":"qz_0050_"},{"time":1.7333,"name":"qz_0052_"},{"time":1.8,"name":"qz_0054_"},{"time":1.8667,"name":"qz_0056_"},{"time":1.9333,"name":"qz_0058_"},{"time":2,"name":"qz_0060_"},{"time":2.0667,"name":"qz_0062_"},{"time":2.1333,"name":"qz_0064_"},{"time":2.2,"name":"qz_0066_"},{"time":2.2667,"name":"qz_0068_"},{"time":2.3333,"name":"qz_0070_"},{"time":2.4,"name":"qz_0072_"},{"time":2.4667,"name":"qz_0074_"},{"time":2.5333,"name":"qz_0076_"},{"time":2.6,"name":"qz_0078_"},{"time":2.6667,"name":"qz_0080_"},{"time":2.7333,"name":"qz_0082_"},{"time":2.8,"name":"qz_0084_"},{"time":2.8667,"name":"qz_0086_"},{"time":2.9333,"name":"qz_0088_"},{"time":3,"name":"qz_0090_"},{"time":3.0667,"name":"qz_0092_"},{"time":3.1333,"name":"qz_0094_"},{"time":3.2,"name":"qz_0096_"},{"time":3.2667,"name":"qz_0098_"},{"time":3.3333,"name":"qz_0000_"}]},"qz_4":{"attachment":[{"time":0,"name":"qz_0020_"},{"time":0.0667,"name":"qz_0022_"},{"time":0.1333,"name":"qz_0024_"},{"time":0.2,"name":"qz_0026_"},{"time":0.2667,"name":"qz_0028_"},{"time":0.3333,"name":"qz_0030_"},{"time":0.4,"name":"qz_0032_"},{"time":0.4667,"name":"qz_0034_"},{"time":0.5333,"name":"qz_0036_"},{"time":0.6,"name":"qz_0038_"},{"time":0.6667,"name":"qz_0040_"},{"time":0.7333,"name":"qz_0042_"},{"time":0.8,"name":"qz_0044_"},{"time":0.8667,"name":"qz_0046_"},{"time":0.9333,"name":"qz_0048_"},{"time":1,"name":"qz_0050_"},{"time":1.0667,"name":"qz_0052_"},{"time":1.1333,"name":"qz_0054_"},{"time":1.2,"name":"qz_0056_"},{"time":1.2667,"name":"qz_0058_"},{"time":1.3333,"name":"qz_0060_"},{"time":1.4,"name":"qz_0062_"},{"time":1.4667,"name":"qz_0064_"},{"time":1.5333,"name":"qz_0066_"},{"time":1.6,"name":"qz_0068_"},{"time":1.6667,"name":"qz_0070_"},{"time":1.7333,"name":"qz_0072_"},{"time":1.8,"name":"qz_0074_"},{"time":1.8667,"name":"qz_0076_"},{"time":1.9333,"name":"qz_0078_"},{"time":2,"name":"qz_0080_"},{"time":2.0667,"name":"qz_0082_"},{"time":2.1333,"name":"qz_0084_"},{"time":2.2,"name":"qz_0086_"},{"time":2.2667,"name":"qz_0088_"},{"time":2.3333,"name":"qz_0090_"},{"time":2.4,"name":"qz_0092_"},{"time":2.4667,"name":"qz_0094_"},{"time":2.5333,"name":"qz_0096_"},{"time":2.6,"name":"qz_0098_"},{"time":2.6667,"name":"qz_0000_"},{"time":2.7333,"name":"qz_0002_"},{"time":2.8,"name":"qz_0004_"},{"time":2.8667,"name":"qz_0006_"},{"time":2.9333,"name":"qz_0008_"},{"time":3,"name":"qz_0010_"},{"time":3.0667,"name":"qz_0012_"},{"time":3.1333,"name":"qz_0014_"},{"time":3.2,"name":"qz_0016_"},{"time":3.2667,"name":"qz_0018_"},{"time":3.3333,"name":"qz_0020_"}]},"qz_5":{"attachment":[{"time":0,"name":"qz_0030_"},{"time":0.0667,"name":"qz_0032_"},{"time":0.1333,"name":"qz_0034_"},{"time":0.2,"name":"qz_0036_"},{"time":0.2667,"name":"qz_0038_"},{"time":0.3333,"name":"qz_0040_"},{"time":0.4,"name":"qz_0042_"},{"time":0.4667,"name":"qz_0044_"},{"time":0.5333,"name":"qz_0046_"},{"time":0.6,"name":"qz_0048_"},{"time":0.6667,"name":"qz_0050_"},{"time":0.7333,"name":"qz_0052_"},{"time":0.8,"name":"qz_0054_"},{"time":0.8667,"name":"qz_0056_"},{"time":0.9333,"name":"qz_0058_"},{"time":1,"name":"qz_0060_"},{"time":1.0667,"name":"qz_0062_"},{"time":1.1333,"name":"qz_0064_"},{"time":1.2,"name":"qz_0066_"},{"time":1.2667,"name":"qz_0068_"},{"time":1.3333,"name":"qz_0070_"},{"time":1.4,"name":"qz_0072_"},{"time":1.4667,"name":"qz_0074_"},{"time":1.5333,"name":"qz_0076_"},{"time":1.6,"name":"qz_0078_"},{"time":1.6667,"name":"qz_0080_"},{"time":1.7333,"name":"qz_0082_"},{"time":1.8,"name":"qz_0084_"},{"time":1.8667,"name":"qz_0086_"},{"time":1.9333,"name":"qz_0088_"},{"time":2,"name":"qz_0090_"},{"time":2.0667,"name":"qz_0092_"},{"time":2.1333,"name":"qz_0094_"},{"time":2.2,"name":"qz_0096_"},{"time":2.2667,"name":"qz_0098_"},{"time":2.3333,"name":"qz_0000_"},{"time":2.4,"name":"qz_0002_"},{"time":2.4667,"name":"qz_0004_"},{"time":2.5333,"name":"qz_0006_"},{"time":2.6,"name":"qz_0008_"},{"time":2.6667,"name":"qz_0010_"},{"time":2.7333,"name":"qz_0012_"},{"time":2.8,"name":"qz_0014_"},{"time":2.8667,"name":"qz_0016_"},{"time":2.9333,"name":"qz_0018_"},{"time":3,"name":"qz_0020_"},{"time":3.0667,"name":"qz_0022_"},{"time":3.1333,"name":"qz_0024_"},{"time":3.2,"name":"qz_0026_"},{"time":3.2667,"name":"qz_0028_"},{"time":3.3333,"name":"qz_0030_"}]},"qz_6":{"attachment":[{"time":0,"name":"qz_0040_"},{"time":0.0667,"name":"qz_0042_"},{"time":0.1333,"name":"qz_0044_"},{"time":0.2,"name":"qz_0046_"},{"time":0.2667,"name":"qz_0048_"},{"time":0.3333,"name":"qz_0050_"},{"time":0.4,"name":"qz_0052_"},{"time":0.4667,"name":"qz_0054_"},{"time":0.5333,"name":"qz_0056_"},{"time":0.6,"name":"qz_0058_"},{"time":0.6667,"name":"qz_0060_"},{"time":0.7333,"name":"qz_0062_"},{"time":0.8,"name":"qz_0064_"},{"time":0.8667,"name":"qz_0066_"},{"time":0.9333,"name":"qz_0068_"},{"time":1,"name":"qz_0070_"},{"time":1.0667,"name":"qz_0072_"},{"time":1.1333,"name":"qz_0074_"},{"time":1.2,"name":"qz_0076_"},{"time":1.2667,"name":"qz_0078_"},{"time":1.3333,"name":"qz_0080_"},{"time":1.4,"name":"qz_0082_"},{"time":1.4667,"name":"qz_0084_"},{"time":1.5333,"name":"qz_0086_"},{"time":1.6,"name":"qz_0088_"},{"time":1.6667,"name":"qz_0090_"},{"time":1.7333,"name":"qz_0092_"},{"time":1.8,"name":"qz_0094_"},{"time":1.8667,"name":"qz_0096_"},{"time":1.9333,"name":"qz_0098_"},{"time":2,"name":"qz_0000_"},{"time":2.0667,"name":"qz_0002_"},{"time":2.1333,"name":"qz_0004_"},{"time":2.2,"name":"qz_0006_"},{"time":2.2667,"name":"qz_0008_"},{"time":2.3333,"name":"qz_0010_"},{"time":2.4,"name":"qz_0012_"},{"time":2.4667,"name":"qz_0014_"},{"time":2.5333,"name":"qz_0016_"},{"time":2.6,"name":"qz_0018_"},{"time":2.6667,"name":"qz_0020_"},{"time":2.7333,"name":"qz_0022_"},{"time":2.8,"name":"qz_0024_"},{"time":2.8667,"name":"qz_0026_"},{"time":2.9333,"name":"qz_0028_"},{"time":3,"name":"qz_0030_"},{"time":3.0667,"name":"qz_0032_"},{"time":3.1333,"name":"qz_0034_"},{"time":3.2,"name":"qz_0036_"},{"time":3.2667,"name":"qz_0038_"},{"time":3.3333,"name":"qz_0040_"}]},"shan_00_":{"attachment":[{"time":0,"name":"shan_00_"},{"time":0.0667,"name":"shan_01_"},{"time":0.1333,"name":"shan_02_"},{"time":0.2,"name":"shan_03_"},{"time":0.2667,"name":"shan_04_"},{"time":0.3333,"name":"shan_05_"},{"time":0.4,"name":"shan_06_"},{"time":0.4667,"name":"shan_07_"},{"time":0.5333,"name":"shan_08_"},{"time":0.6,"name":"shan_09_"},{"time":0.6667,"name":"shan_00_"},{"time":0.7333,"name":"shan_01_"},{"time":0.8,"name":"shan_02_"},{"time":0.8667,"name":"shan_03_"},{"time":0.9333,"name":"shan_04_"},{"time":1,"name":"shan_05_"},{"time":1.0667,"name":"shan_06_"},{"time":1.1333,"name":"shan_07_"},{"time":1.2,"name":"shan_08_"},{"time":1.2667,"name":"shan_09_"},{"time":1.3333,"name":"shan_00_"},{"time":1.4,"name":"shan_01_"},{"time":1.4667,"name":"shan_02_"},{"time":1.5333,"name":"shan_03_"},{"time":1.6,"name":"shan_04_"},{"time":1.6667,"name":"shan_05_"},{"time":1.7333,"name":"shan_06_"},{"time":1.8,"name":"shan_07_"},{"time":1.8667,"name":"shan_08_"},{"time":1.9333,"name":"shan_09_"},{"time":2,"name":"shan_00_"},{"time":2.0667,"name":"shan_01_"},{"time":2.1333,"name":"shan_02_"},{"time":2.2,"name":"shan_03_"},{"time":2.2667,"name":"shan_04_"},{"time":2.3333,"name":"shan_05_"},{"time":2.4,"name":"shan_06_"},{"time":2.4667,"name":"shan_07_"},{"time":2.5333,"name":"shan_08_"},{"time":2.6,"name":"shan_09_"},{"time":2.6667,"name":"shan_00_"},{"time":2.7333,"name":"shan_01_"},{"time":2.8,"name":"shan_02_"},{"time":2.8667,"name":"shan_03_"},{"time":2.9333,"name":"shan_04_"},{"time":3,"name":"shan_05_"},{"time":3.0667,"name":"shan_06_"},{"time":3.1333,"name":"shan_07_"},{"time":3.2,"name":"shan_08_"},{"time":3.2667,"name":"shan_09_"},{"time":3.3333,"name":"shan_00_"}]},"xx_0000_":{"attachment":[{"time":0.0667,"name":"xx_0002_"},{"time":0.1333,"name":"xx_0004_"},{"time":0.2,"name":"xx_0006_"},{"time":0.3,"name":"xx_0008_"},{"time":0.3667,"name":"xx_0010_"},{"time":0.4333,"name":"xx_0000_"},{"time":0.5,"name":"xx_0002_"},{"time":0.5667,"name":"xx_0004_"},{"time":0.6333,"name":"xx_0006_"},{"time":0.7,"name":"xx_0008_"},{"time":0.7667,"name":"xx_0010_"},{"time":0.8667,"name":"xx_0000_"},{"time":0.9333,"name":"xx_0002_"},{"time":1,"name":"xx_0004_"},{"time":1.0667,"name":"xx_0006_"},{"time":1.1333,"name":"xx_0008_"},{"time":1.2,"name":"xx_0010_"},{"time":1.2667,"name":"xx_0000_"},{"time":1.3333,"name":"xx_0002_"},{"time":1.4333,"name":"xx_0004_"},{"time":1.5,"name":"xx_0006_"},{"time":1.5667,"name":"xx_0008_"},{"time":1.6333,"name":"xx_0010_"},{"time":1.7,"name":"xx_0000_"},{"time":1.7667,"name":"xx_0002_"},{"time":1.8333,"name":"xx_0004_"},{"time":1.9,"name":"xx_0006_"},{"time":2,"name":"xx_0008_"},{"time":2.0667,"name":"xx_0010_"},{"time":2.1333,"name":"xx_0000_"},{"time":2.2,"name":"xx_0002_"},{"time":2.2667,"name":"xx_0004_"},{"time":2.3333,"name":"xx_0006_"},{"time":2.4,"name":"xx_0008_"},{"time":2.4667,"name":"xx_0010_"},{"time":2.5667,"name":"xx_0000_"},{"time":2.6333,"name":"xx_0002_"},{"time":2.7,"name":"xx_0004_"},{"time":2.7667,"name":"xx_0006_"},{"time":2.8333,"name":"xx_0008_"},{"time":2.9,"name":"xx_0010_"},{"time":2.9667,"name":"xx_0000_"},{"time":3.0333,"name":"xx_0002_"},{"time":3.1333,"name":"xx_0004_"},{"time":3.2,"name":"xx_0006_"},{"time":3.2667,"name":"xx_0008_"},{"time":3.3333,"name":"xx_0010_"}]}}}}}