{
"skeleton": { "hash": "rTMsJJGb7sPyi599+y0MTM0Ylcc", "spine": "3.7.94", "width": 0, "height": 0, "images": "./images/", "audio": "F:/COK项目/Spine工程/巨龙城堡冠亚季军Spine/亚军皮肤合成_group/亚军城堡_Spine" },
"bones": [
	{ "name": "root" },
	{ "name": "ctr", "parent": "root", "scaleX": 1.25, "scaleY": 1.25 },
	{ "name": "jlcbyj_UL_", "parent": "ctr" },
	{ "name": "jlcbyj_UR_", "parent": "ctr" },
	{ "name": "jlcbyj_DL_", "parent": "ctr" },
	{ "name": "jlcbyj_DR_", "parent": "ctr" },
	{ "name": "long_", "parent": "ctr" }
],
"slots": [
	{ "name": "jlcbyj_UL_", "bone": "jlcbyj_UL_" },
	{ "name": "jlcbyj_UR_", "bone": "jlcbyj_UR_" },
	{ "name": "jlcbyj_DL_", "bone": "jlcbyj_DL_" },
	{ "name": "jlcbyj_DR_", "bone": "jlcbyj_DR_" },
	{ "name": "long_", "bone": "long_" }
],
"skins": {
	"default": {
		"jlcbyj_DL_": {
			"jlcbyj_DL_00_": { "x": -105, "y": -105, "width": 210, "height": 210 },
			"jlcbyj_DL_03_": { "x": -105, "y": -105, "width": 210, "height": 210 },
			"jlcbyj_DL_06_": { "x": -105, "y": -105, "width": 210, "height": 210 },
			"jlcbyj_DL_09_": { "x": -105, "y": -105, "width": 210, "height": 210 },
			"jlcbyj_DL_12_": { "x": -105, "y": -105, "width": 210, "height": 210 },
			"jlcbyj_DL_15_": { "x": -105, "y": -105, "width": 210, "height": 210 },
			"jlcbyj_DL_18_": { "x": -105, "y": -105, "width": 210, "height": 210 },
			"jlcbyj_DL_21_": { "x": -105, "y": -105, "width": 210, "height": 210 },
			"jlcbyj_DL_24_": { "x": -105, "y": -105, "width": 210, "height": 210 },
			"jlcbyj_DL_27_": { "x": -105, "y": -105, "width": 210, "height": 210 },
			"jlcbyj_DL_30_": { "x": -105, "y": -105, "width": 210, "height": 210 },
			"jlcbyj_DL_33_": { "x": -105, "y": -105, "width": 210, "height": 210 },
			"jlcbyj_DL_36_": { "x": -105, "y": -105, "width": 210, "height": 210 },
			"jlcbyj_DL_39_": { "x": -105, "y": -105, "width": 210, "height": 210 },
			"jlcbyj_DL_42_": { "x": -105, "y": -105, "width": 210, "height": 210 },
			"jlcbyj_DL_45_": { "x": -105, "y": -105, "width": 210, "height": 210 },
			"jlcbyj_DL_48_": { "x": -105, "y": -105, "width": 210, "height": 210 },
			"jlcbyj_DL_51_": { "x": -105, "y": -105, "width": 210, "height": 210 },
			"jlcbyj_DL_54_": { "x": -105, "y": -105, "width": 210, "height": 210 },
			"jlcbyj_DL_57_": { "x": -105, "y": -105, "width": 210, "height": 210 },
			"jlcbyj_DL_58_": { "x": -105, "y": -105, "width": 210, "height": 210 }
		},
		"jlcbyj_DR_": {
			"jlcbyj_DR_00_": { "x": 105, "y": -105, "width": 210, "height": 210 },
			"jlcbyj_DR_03_": { "x": 105, "y": -105, "width": 210, "height": 210 },
			"jlcbyj_DR_06_": { "x": 105, "y": -105, "width": 210, "height": 210 },
			"jlcbyj_DR_09_": { "x": 105, "y": -105, "width": 210, "height": 210 },
			"jlcbyj_DR_12_": { "x": 105, "y": -105, "width": 210, "height": 210 },
			"jlcbyj_DR_15_": { "x": 105, "y": -105, "width": 210, "height": 210 },
			"jlcbyj_DR_18_": { "x": 105, "y": -105, "width": 210, "height": 210 },
			"jlcbyj_DR_21_": { "x": 105, "y": -105, "width": 210, "height": 210 },
			"jlcbyj_DR_24_": { "x": 105, "y": -105, "width": 210, "height": 210 },
			"jlcbyj_DR_27_": { "x": 105, "y": -105, "width": 210, "height": 210 },
			"jlcbyj_DR_30_": { "x": 105, "y": -105, "width": 210, "height": 210 },
			"jlcbyj_DR_33_": { "x": 105, "y": -105, "width": 210, "height": 210 },
			"jlcbyj_DR_36_": { "x": 105, "y": -105, "width": 210, "height": 210 },
			"jlcbyj_DR_39_": { "x": 105, "y": -105, "width": 210, "height": 210 },
			"jlcbyj_DR_42_": { "x": 105, "y": -105, "width": 210, "height": 210 },
			"jlcbyj_DR_45_": { "x": 105, "y": -105, "width": 210, "height": 210 },
			"jlcbyj_DR_48_": { "x": 105, "y": -105, "width": 210, "height": 210 },
			"jlcbyj_DR_51_": { "x": 105, "y": -105, "width": 210, "height": 210 },
			"jlcbyj_DR_54_": { "x": 105, "y": -105, "width": 210, "height": 210 },
			"jlcbyj_DR_57_": { "x": 105, "y": -105, "width": 210, "height": 210 },
			"jlcbyj_DR_58_": { "x": 105, "y": -105, "width": 210, "height": 210 }
		},
		"jlcbyj_UL_": {
			"jlcbyj_UL_00_": { "x": -105, "y": 105, "width": 210, "height": 210 },
			"jlcbyj_UL_03_": { "x": -105, "y": 105, "width": 210, "height": 210 },
			"jlcbyj_UL_06_": { "x": -105, "y": 105, "width": 210, "height": 210 },
			"jlcbyj_UL_09_": { "x": -105, "y": 105, "width": 210, "height": 210 },
			"jlcbyj_UL_12_": { "x": -105, "y": 105, "width": 210, "height": 210 },
			"jlcbyj_UL_15_": { "x": -105, "y": 105, "width": 210, "height": 210 },
			"jlcbyj_UL_18_": { "x": -105, "y": 105, "width": 210, "height": 210 },
			"jlcbyj_UL_21_": { "x": -105, "y": 105, "width": 210, "height": 210 },
			"jlcbyj_UL_24_": { "x": -105, "y": 105, "width": 210, "height": 210 },
			"jlcbyj_UL_27_": { "x": -105, "y": 105, "width": 210, "height": 210 },
			"jlcbyj_UL_30_": { "x": -105, "y": 105, "width": 210, "height": 210 },
			"jlcbyj_UL_33_": { "x": -105, "y": 105, "width": 210, "height": 210 },
			"jlcbyj_UL_36_": { "x": -105, "y": 105, "width": 210, "height": 210 },
			"jlcbyj_UL_39_": { "x": -105, "y": 105, "width": 210, "height": 210 },
			"jlcbyj_UL_42_": { "x": -105, "y": 105, "width": 210, "height": 210 },
			"jlcbyj_UL_45_": { "x": -105, "y": 105, "width": 210, "height": 210 },
			"jlcbyj_UL_48_": { "x": -105, "y": 105, "width": 210, "height": 210 },
			"jlcbyj_UL_51_": { "x": -105, "y": 105, "width": 210, "height": 210 },
			"jlcbyj_UL_54_": { "x": -105, "y": 105, "width": 210, "height": 210 },
			"jlcbyj_UL_57_": { "x": -105, "y": 105, "width": 210, "height": 210 },
			"jlcbyj_UL_58_": { "x": -105, "y": 105, "width": 210, "height": 210 }
		},
		"jlcbyj_UR_": {
			"jlcbyj_UR_00_": { "x": 105, "y": 105, "width": 210, "height": 210 },
			"jlcbyj_UR_03_": { "x": 105, "y": 105, "width": 210, "height": 210 },
			"jlcbyj_UR_06_": { "x": 105, "y": 105, "width": 210, "height": 210 },
			"jlcbyj_UR_09_": { "x": 105, "y": 105, "width": 210, "height": 210 },
			"jlcbyj_UR_12_": { "x": 105, "y": 105, "width": 210, "height": 210 },
			"jlcbyj_UR_15_": { "x": 105, "y": 105, "width": 210, "height": 210 },
			"jlcbyj_UR_18_": { "x": 105, "y": 105, "width": 210, "height": 210 },
			"jlcbyj_UR_21_": { "x": 105, "y": 105, "width": 210, "height": 210 },
			"jlcbyj_UR_24_": { "x": 105, "y": 105, "width": 210, "height": 210 },
			"jlcbyj_UR_27_": { "x": 105, "y": 105, "width": 210, "height": 210 },
			"jlcbyj_UR_30_": { "x": 105, "y": 105, "width": 210, "height": 210 },
			"jlcbyj_UR_33_": { "x": 105, "y": 105, "width": 210, "height": 210 },
			"jlcbyj_UR_36_": { "x": 105, "y": 105, "width": 210, "height": 210 },
			"jlcbyj_UR_39_": { "x": 105, "y": 105, "width": 210, "height": 210 },
			"jlcbyj_UR_42_": { "x": 105, "y": 105, "width": 210, "height": 210 },
			"jlcbyj_UR_45_": { "x": 105, "y": 105, "width": 210, "height": 210 },
			"jlcbyj_UR_48_": { "x": 105, "y": 105, "width": 210, "height": 210 },
			"jlcbyj_UR_51_": { "x": 105, "y": 105, "width": 210, "height": 210 },
			"jlcbyj_UR_54_": { "x": 105, "y": 105, "width": 210, "height": 210 },
			"jlcbyj_UR_57_": { "x": 105, "y": 105, "width": 210, "height": 210 },
			"jlcbyj_UR_58_": { "x": 105, "y": 105, "width": 210, "height": 210 }
		},
		"long_": {
			"long_00_": { "width": 500, "height": 420 },
			"long_03_": { "width": 500, "height": 420 },
			"long_06_": { "width": 500, "height": 420 },
			"long_09_": { "width": 500, "height": 420 },
			"long_12_": { "width": 500, "height": 420 },
			"long_15_": { "width": 500, "height": 420 },
			"long_18_": { "width": 500, "height": 420 },
			"long_21_": { "width": 500, "height": 420 },
			"long_24_": { "width": 500, "height": 420 },
			"long_27_": { "width": 500, "height": 420 },
			"long_30_": { "width": 500, "height": 420 },
			"long_33_": { "width": 500, "height": 420 },
			"long_36_": { "width": 500, "height": 420 },
			"long_39_": { "width": 500, "height": 420 },
			"long_42_": { "width": 500, "height": 420 },
			"long_45_": { "width": 500, "height": 420 },
			"long_48_": { "width": 500, "height": 420 },
			"long_51_": { "width": 500, "height": 420 },
			"long_54_": { "width": 500, "height": 420 },
			"long_57_": { "width": 500, "height": 420 },
			"long_60_": { "width": 500, "height": 420 },
			"long_63_": { "width": 500, "height": 420 },
			"long_66_": { "width": 500, "height": 420 },
			"long_69_": { "width": 500, "height": 420 },
			"long_72_": { "width": 500, "height": 420 },
			"long_75_": { "width": 500, "height": 420 },
			"long_78_": { "width": 500, "height": 420 },
			"long_81_": { "width": 500, "height": 420 },
			"long_84_": { "width": 500, "height": 420 },
			"long_87_": { "width": 500, "height": 420 },
			"long_90_": { "width": 500, "height": 420 },
			"long_93_": { "width": 500, "height": 420 },
			"long_96_": { "width": 500, "height": 420 },
			"long_99_": { "width": 500, "height": 420 },
			"long_102_": { "width": 500, "height": 420 },
			"long_105_": { "width": 500, "height": 420 },
			"long_108_": { "width": 500, "height": 420 },
			"long_111_": { "width": 500, "height": 420 },
			"long_114_": { "width": 500, "height": 420 },
			"long_117_": { "width": 500, "height": 420 }
		}
	}
},
"animations": {
	"animation": {
		"slots": {
			"jlcbyj_DL_": {
				"attachment": [
					{ "time": 0, "name": "jlcbyj_DL_00_" },
					{ "time": 0.1, "name": "jlcbyj_DL_03_" },
					{ "time": 0.2, "name": "jlcbyj_DL_06_" },
					{ "time": 0.3, "name": "jlcbyj_DL_09_" },
					{ "time": 0.4, "name": "jlcbyj_DL_12_" },
					{ "time": 0.5, "name": "jlcbyj_DL_15_" },
					{ "time": 0.6, "name": "jlcbyj_DL_18_" },
					{ "time": 0.7, "name": "jlcbyj_DL_21_" },
					{ "time": 0.8, "name": "jlcbyj_DL_24_" },
					{ "time": 0.9, "name": "jlcbyj_DL_27_" },
					{ "time": 1, "name": "jlcbyj_DL_30_" },
					{ "time": 1.1, "name": "jlcbyj_DL_33_" },
					{ "time": 1.2, "name": "jlcbyj_DL_36_" },
					{ "time": 1.3, "name": "jlcbyj_DL_39_" },
					{ "time": 1.4, "name": "jlcbyj_DL_42_" },
					{ "time": 1.5, "name": "jlcbyj_DL_45_" },
					{ "time": 1.6, "name": "jlcbyj_DL_48_" },
					{ "time": 1.7, "name": "jlcbyj_DL_51_" },
					{ "time": 1.8, "name": "jlcbyj_DL_54_" },
					{ "time": 1.9, "name": "jlcbyj_DL_57_" },
					{ "time": 2, "name": "jlcbyj_DL_00_" },
					{ "time": 2.1, "name": "jlcbyj_DL_03_" },
					{ "time": 2.2, "name": "jlcbyj_DL_06_" },
					{ "time": 2.3, "name": "jlcbyj_DL_09_" },
					{ "time": 2.4, "name": "jlcbyj_DL_12_" },
					{ "time": 2.5, "name": "jlcbyj_DL_15_" },
					{ "time": 2.6, "name": "jlcbyj_DL_18_" },
					{ "time": 2.7, "name": "jlcbyj_DL_21_" },
					{ "time": 2.8, "name": "jlcbyj_DL_24_" },
					{ "time": 2.9, "name": "jlcbyj_DL_27_" },
					{ "time": 3, "name": "jlcbyj_DL_30_" },
					{ "time": 3.1, "name": "jlcbyj_DL_33_" },
					{ "time": 3.2, "name": "jlcbyj_DL_36_" },
					{ "time": 3.3, "name": "jlcbyj_DL_39_" },
					{ "time": 3.4, "name": "jlcbyj_DL_42_" },
					{ "time": 3.5, "name": "jlcbyj_DL_45_" },
					{ "time": 3.6, "name": "jlcbyj_DL_48_" },
					{ "time": 3.7, "name": "jlcbyj_DL_51_" },
					{ "time": 3.8, "name": "jlcbyj_DL_54_" },
					{ "time": 3.9, "name": "jlcbyj_DL_57_" },
					{ "time": 4, "name": "jlcbyj_DL_58_" }
				]
			},
			"jlcbyj_DR_": {
				"attachment": [
					{ "time": 0, "name": "jlcbyj_DR_00_" },
					{ "time": 0.1, "name": "jlcbyj_DR_03_" },
					{ "time": 0.2, "name": "jlcbyj_DR_06_" },
					{ "time": 0.3, "name": "jlcbyj_DR_09_" },
					{ "time": 0.4, "name": "jlcbyj_DR_12_" },
					{ "time": 0.5, "name": "jlcbyj_DR_15_" },
					{ "time": 0.6, "name": "jlcbyj_DR_18_" },
					{ "time": 0.7, "name": "jlcbyj_DR_21_" },
					{ "time": 0.8, "name": "jlcbyj_DR_24_" },
					{ "time": 0.9, "name": "jlcbyj_DR_27_" },
					{ "time": 1, "name": "jlcbyj_DR_30_" },
					{ "time": 1.1, "name": "jlcbyj_DR_33_" },
					{ "time": 1.2, "name": "jlcbyj_DR_36_" },
					{ "time": 1.3, "name": "jlcbyj_DR_39_" },
					{ "time": 1.4, "name": "jlcbyj_DR_42_" },
					{ "time": 1.5, "name": "jlcbyj_DR_45_" },
					{ "time": 1.6, "name": "jlcbyj_DR_48_" },
					{ "time": 1.7, "name": "jlcbyj_DR_51_" },
					{ "time": 1.8, "name": "jlcbyj_DR_54_" },
					{ "time": 1.9, "name": "jlcbyj_DR_57_" },
					{ "time": 2, "name": "jlcbyj_DR_00_" },
					{ "time": 2.1, "name": "jlcbyj_DR_03_" },
					{ "time": 2.2, "name": "jlcbyj_DR_06_" },
					{ "time": 2.3, "name": "jlcbyj_DR_09_" },
					{ "time": 2.4, "name": "jlcbyj_DR_12_" },
					{ "time": 2.5, "name": "jlcbyj_DR_15_" },
					{ "time": 2.6, "name": "jlcbyj_DR_18_" },
					{ "time": 2.7, "name": "jlcbyj_DR_21_" },
					{ "time": 2.8, "name": "jlcbyj_DR_24_" },
					{ "time": 2.9, "name": "jlcbyj_DR_27_" },
					{ "time": 3, "name": "jlcbyj_DR_30_" },
					{ "time": 3.1, "name": "jlcbyj_DR_33_" },
					{ "time": 3.2, "name": "jlcbyj_DR_36_" },
					{ "time": 3.3, "name": "jlcbyj_DR_39_" },
					{ "time": 3.4, "name": "jlcbyj_DR_42_" },
					{ "time": 3.5, "name": "jlcbyj_DR_45_" },
					{ "time": 3.6, "name": "jlcbyj_DR_48_" },
					{ "time": 3.7, "name": "jlcbyj_DR_51_" },
					{ "time": 3.8, "name": "jlcbyj_DR_54_" },
					{ "time": 3.9, "name": "jlcbyj_DR_57_" },
					{ "time": 4, "name": "jlcbyj_DR_58_" }
				]
			},
			"jlcbyj_UL_": {
				"attachment": [
					{ "time": 0, "name": "jlcbyj_UL_00_" },
					{ "time": 0.1, "name": "jlcbyj_UL_03_" },
					{ "time": 0.2, "name": "jlcbyj_UL_06_" },
					{ "time": 0.3, "name": "jlcbyj_UL_09_" },
					{ "time": 0.4, "name": "jlcbyj_UL_12_" },
					{ "time": 0.5, "name": "jlcbyj_UL_15_" },
					{ "time": 0.6, "name": "jlcbyj_UL_18_" },
					{ "time": 0.7, "name": "jlcbyj_UL_21_" },
					{ "time": 0.8, "name": "jlcbyj_UL_24_" },
					{ "time": 0.9, "name": "jlcbyj_UL_27_" },
					{ "time": 1, "name": "jlcbyj_UL_30_" },
					{ "time": 1.1, "name": "jlcbyj_UL_33_" },
					{ "time": 1.2, "name": "jlcbyj_UL_36_" },
					{ "time": 1.3, "name": "jlcbyj_UL_39_" },
					{ "time": 1.4, "name": "jlcbyj_UL_42_" },
					{ "time": 1.5, "name": "jlcbyj_UL_45_" },
					{ "time": 1.6, "name": "jlcbyj_UL_48_" },
					{ "time": 1.7, "name": "jlcbyj_UL_51_" },
					{ "time": 1.8, "name": "jlcbyj_UL_54_" },
					{ "time": 1.9, "name": "jlcbyj_UL_57_" },
					{ "time": 2, "name": "jlcbyj_UL_00_" },
					{ "time": 2.1, "name": "jlcbyj_UL_03_" },
					{ "time": 2.2, "name": "jlcbyj_UL_06_" },
					{ "time": 2.3, "name": "jlcbyj_UL_09_" },
					{ "time": 2.4, "name": "jlcbyj_UL_12_" },
					{ "time": 2.5, "name": "jlcbyj_UL_15_" },
					{ "time": 2.6, "name": "jlcbyj_UL_18_" },
					{ "time": 2.7, "name": "jlcbyj_UL_21_" },
					{ "time": 2.8, "name": "jlcbyj_UL_24_" },
					{ "time": 2.9, "name": "jlcbyj_UL_27_" },
					{ "time": 3, "name": "jlcbyj_UL_30_" },
					{ "time": 3.1, "name": "jlcbyj_UL_33_" },
					{ "time": 3.2, "name": "jlcbyj_UL_36_" },
					{ "time": 3.3, "name": "jlcbyj_UL_39_" },
					{ "time": 3.4, "name": "jlcbyj_UL_42_" },
					{ "time": 3.5, "name": "jlcbyj_UL_45_" },
					{ "time": 3.6, "name": "jlcbyj_UL_48_" },
					{ "time": 3.7, "name": "jlcbyj_UL_51_" },
					{ "time": 3.8, "name": "jlcbyj_UL_54_" },
					{ "time": 3.9, "name": "jlcbyj_UL_57_" },
					{ "time": 4, "name": "jlcbyj_UL_58_" }
				]
			},
			"jlcbyj_UR_": {
				"attachment": [
					{ "time": 0, "name": "jlcbyj_UR_00_" },
					{ "time": 0.1, "name": "jlcbyj_UR_03_" },
					{ "time": 0.2, "name": "jlcbyj_UR_06_" },
					{ "time": 0.3, "name": "jlcbyj_UR_09_" },
					{ "time": 0.4, "name": "jlcbyj_UR_12_" },
					{ "time": 0.5, "name": "jlcbyj_UR_15_" },
					{ "time": 0.6, "name": "jlcbyj_UR_18_" },
					{ "time": 0.7, "name": "jlcbyj_UR_21_" },
					{ "time": 0.8, "name": "jlcbyj_UR_24_" },
					{ "time": 0.9, "name": "jlcbyj_UR_27_" },
					{ "time": 1, "name": "jlcbyj_UR_30_" },
					{ "time": 1.1, "name": "jlcbyj_UR_33_" },
					{ "time": 1.2, "name": "jlcbyj_UR_36_" },
					{ "time": 1.3, "name": "jlcbyj_UR_39_" },
					{ "time": 1.4, "name": "jlcbyj_UR_42_" },
					{ "time": 1.5, "name": "jlcbyj_UR_45_" },
					{ "time": 1.6, "name": "jlcbyj_UR_48_" },
					{ "time": 1.7, "name": "jlcbyj_UR_51_" },
					{ "time": 1.8, "name": "jlcbyj_UR_54_" },
					{ "time": 1.9, "name": "jlcbyj_UR_57_" },
					{ "time": 2, "name": "jlcbyj_UR_00_" },
					{ "time": 2.1, "name": "jlcbyj_UR_03_" },
					{ "time": 2.2, "name": "jlcbyj_UR_06_" },
					{ "time": 2.3, "name": "jlcbyj_UR_09_" },
					{ "time": 2.4, "name": "jlcbyj_UR_12_" },
					{ "time": 2.5, "name": "jlcbyj_UR_15_" },
					{ "time": 2.6, "name": "jlcbyj_UR_18_" },
					{ "time": 2.7, "name": "jlcbyj_UR_21_" },
					{ "time": 2.8, "name": "jlcbyj_UR_24_" },
					{ "time": 2.9, "name": "jlcbyj_UR_27_" },
					{ "time": 3, "name": "jlcbyj_UR_30_" },
					{ "time": 3.1, "name": "jlcbyj_UR_33_" },
					{ "time": 3.2, "name": "jlcbyj_UR_36_" },
					{ "time": 3.3, "name": "jlcbyj_UR_39_" },
					{ "time": 3.4, "name": "jlcbyj_UR_42_" },
					{ "time": 3.5, "name": "jlcbyj_UR_45_" },
					{ "time": 3.6, "name": "jlcbyj_UR_48_" },
					{ "time": 3.7, "name": "jlcbyj_UR_51_" },
					{ "time": 3.8, "name": "jlcbyj_UR_54_" },
					{ "time": 3.9, "name": "jlcbyj_UR_57_" },
					{ "time": 4, "name": "jlcbyj_UR_58_" }
				]
			},
			"long_": {
				"attachment": [
					{ "time": 0, "name": "long_00_" },
					{ "time": 0.1, "name": "long_03_" },
					{ "time": 0.2, "name": "long_06_" },
					{ "time": 0.3, "name": "long_09_" },
					{ "time": 0.4, "name": "long_12_" },
					{ "time": 0.5, "name": "long_15_" },
					{ "time": 0.6, "name": "long_18_" },
					{ "time": 0.7, "name": "long_21_" },
					{ "time": 0.8, "name": "long_24_" },
					{ "time": 0.9, "name": "long_27_" },
					{ "time": 1, "name": "long_30_" },
					{ "time": 1.1, "name": "long_33_" },
					{ "time": 1.2, "name": "long_36_" },
					{ "time": 1.3, "name": "long_39_" },
					{ "time": 1.4, "name": "long_42_" },
					{ "time": 1.5, "name": "long_45_" },
					{ "time": 1.6, "name": "long_48_" },
					{ "time": 1.7, "name": "long_51_" },
					{ "time": 1.8, "name": "long_54_" },
					{ "time": 1.9, "name": "long_57_" },
					{ "time": 2, "name": "long_60_" },
					{ "time": 2.1, "name": "long_63_" },
					{ "time": 2.2, "name": "long_66_" },
					{ "time": 2.3, "name": "long_69_" },
					{ "time": 2.4, "name": "long_72_" },
					{ "time": 2.5, "name": "long_75_" },
					{ "time": 2.6, "name": "long_78_" },
					{ "time": 2.7, "name": "long_81_" },
					{ "time": 2.8, "name": "long_84_" },
					{ "time": 2.9, "name": "long_87_" },
					{ "time": 3, "name": "long_90_" },
					{ "time": 3.1, "name": "long_93_" },
					{ "time": 3.2, "name": "long_96_" },
					{ "time": 3.3, "name": "long_99_" },
					{ "time": 3.4, "name": "long_102_" },
					{ "time": 3.5, "name": "long_105_" },
					{ "time": 3.6, "name": "long_108_" },
					{ "time": 3.7, "name": "long_111_" },
					{ "time": 3.8, "name": "long_114_" },
					{ "time": 3.9, "name": "long_117_" },
					{ "time": 4, "name": null }
				]
			}
		},
		"bones": {
			"ctr": {
				"translate": [
					{ "time": 0, "x": 0, "y": 0 }
				]
			}
		}
	}
}
}