{
"skeleton": { "hash": "sAnubZS0IBs+Q5/AGJhS5VhKeG8", "spine": "2.1.27", "width": 0, "height": 0 },
"bones": [
	{ "name": "root" },
	{ "name": "bone", "parent": "root", "length": 129.01 }
],
"slots": [
	{ "name": "HUOYANGUANGHUAN_1_000_", "bone": "bone" }
],
"skins": {
	"default": {
		"HUOYANGUANGHUAN_1_000_": {
			"HUOYANGUANGHUAN_1_000_": { "width": 280, "height": 160 },
			"HUOYANGUANGHUAN_1_001_": { "width": 280, "height": 160 },
			"HUOYANGUANGHUAN_1_002_": { "width": 280, "height": 160 },
			"HUOYANGUANGHUAN_1_003_": { "width": 280, "height": 160 },
			"HUOYANGUANGHUAN_1_004_": { "width": 280, "height": 160 },
			"HUOYANGUANGHUAN_1_005_": { "width": 280, "height": 160 },
			"HUOYANGUANGHUAN_1_006_": { "width": 280, "height": 160 },
			"HUOYANGUANGHUAN_1_007_": { "width": 280, "height": 160 },
			"HUOYANGUANGHUAN_1_008_": { "width": 280, "height": 160 },
			"HUOYANGUANGHUAN_1_009_": { "width": 280, "height": 160 },
			"HUOYANGUANGHUAN_1_010_": { "width": 280, "height": 160 },
			"HUOYANGUANGHUAN_1_011_": { "width": 280, "height": 160 },
			"HUOYANGUANGHUAN_1_012_": { "width": 280, "height": 160 },
			"HUOYANGUANGHUAN_1_013_": { "width": 280, "height": 160 },
			"HUOYANGUANGHUAN_1_014_": { "width": 280, "height": 160 },
			"HUOYANGUANGHUAN_1_015_": { "width": 280, "height": 160 },
			"HUOYANGUANGHUAN_1_016_": { "width": 280, "height": 160 },
			"HUOYANGUANGHUAN_1_017_": { "width": 280, "height": 160 },
			"HUOYANGUANGHUAN_1_018_": { "width": 280, "height": 160 },
			"HUOYANGUANGHUAN_1_019_": { "width": 280, "height": 160 },
			"HUOYANGUANGHUAN_1_020_": { "width": 280, "height": 160 },
			"HUOYANGUANGHUAN_1_021_": { "width": 280, "height": 160 },
			"HUOYANGUANGHUAN_1_022_": { "width": 280, "height": 160 },
			"HUOYANGUANGHUAN_1_023_": { "width": 280, "height": 160 },
			"HUOYANGUANGHUAN_1_024_": { "width": 280, "height": 160 },
			"HUOYANGUANGHUAN_1_025_": { "width": 280, "height": 160 },
			"HUOYANGUANGHUAN_1_026_": { "width": 280, "height": 160 },
			"HUOYANGUANGHUAN_1_027_": { "width": 280, "height": 160 },
			"HUOYANGUANGHUAN_1_028_": { "width": 280, "height": 160 },
			"HUOYANGUANGHUAN_1_029_": { "width": 280, "height": 160 },
			"HUOYANGUANGHUAN_1_030_": { "width": 280, "height": 160 },
			"HUOYANGUANGHUAN_1_031_": { "width": 280, "height": 160 },
			"HUOYANGUANGHUAN_1_032_": { "width": 280, "height": 160 },
			"HUOYANGUANGHUAN_1_033_": { "width": 280, "height": 160 },
			"HUOYANGUANGHUAN_1_034_": { "width": 280, "height": 160 },
			"HUOYANGUANGHUAN_1_035_": { "width": 280, "height": 160 },
			"HUOYANGUANGHUAN_1_036_": { "width": 280, "height": 160 },
			"HUOYANGUANGHUAN_1_037_": { "width": 280, "height": 160 },
			"HUOYANGUANGHUAN_1_038_": { "width": 280, "height": 160 },
			"HUOYANGUANGHUAN_1_039_": { "width": 280, "height": 160 },
			"HUOYANGUANGHUAN_1_040_": { "width": 280, "height": 160 },
			"HUOYANGUANGHUAN_1_041_": { "width": 280, "height": 160 },
			"HUOYANGUANGHUAN_1_042_": { "width": 280, "height": 160 },
			"HUOYANGUANGHUAN_1_043_": { "width": 280, "height": 160 },
			"HUOYANGUANGHUAN_1_044_": { "width": 280, "height": 160 },
			"HUOYANGUANGHUAN_1_045_": { "width": 280, "height": 160 },
			"HUOYANGUANGHUAN_1_046_": { "width": 280, "height": 160 },
			"HUOYANGUANGHUAN_1_047_": { "width": 280, "height": 160 },
			"HUOYANGUANGHUAN_1_048_": { "width": 280, "height": 160 },
			"HUOYANGUANGHUAN_1_049_": { "width": 280, "height": 160 }
		}
	}
},
"animations": {
	"dj": {
		"slots": {
			"HUOYANGUANGHUAN_1_000_": {
				"attachment": [
					{ "time": 0, "name": "HUOYANGUANGHUAN_1_000_" },
					{ "time": 0.0333, "name": "HUOYANGUANGHUAN_1_001_" },
					{ "time": 0.0666, "name": "HUOYANGUANGHUAN_1_002_" },
					{ "time": 0.1, "name": "HUOYANGUANGHUAN_1_003_" },
					{ "time": 0.1333, "name": "HUOYANGUANGHUAN_1_004_" },
					{ "time": 0.1666, "name": "HUOYANGUANGHUAN_1_005_" },
					{ "time": 0.2, "name": "HUOYANGUANGHUAN_1_006_" },
					{ "time": 0.2333, "name": "HUOYANGUANGHUAN_1_007_" },
					{ "time": 0.2666, "name": "HUOYANGUANGHUAN_1_008_" },
					{ "time": 0.3, "name": "HUOYANGUANGHUAN_1_009_" },
					{ "time": 0.3333, "name": "HUOYANGUANGHUAN_1_010_" },
					{ "time": 0.3666, "name": "HUOYANGUANGHUAN_1_011_" },
					{ "time": 0.4, "name": "HUOYANGUANGHUAN_1_012_" },
					{ "time": 0.4333, "name": "HUOYANGUANGHUAN_1_013_" },
					{ "time": 0.4666, "name": "HUOYANGUANGHUAN_1_014_" },
					{ "time": 0.5, "name": "HUOYANGUANGHUAN_1_015_" },
					{ "time": 0.5333, "name": "HUOYANGUANGHUAN_1_016_" },
					{ "time": 0.5666, "name": "HUOYANGUANGHUAN_1_017_" },
					{ "time": 0.6, "name": "HUOYANGUANGHUAN_1_018_" },
					{ "time": 0.6333, "name": "HUOYANGUANGHUAN_1_019_" },
					{ "time": 0.6666, "name": "HUOYANGUANGHUAN_1_020_" },
					{ "time": 0.7, "name": "HUOYANGUANGHUAN_1_021_" },
					{ "time": 0.7333, "name": "HUOYANGUANGHUAN_1_022_" },
					{ "time": 0.7666, "name": "HUOYANGUANGHUAN_1_023_" },
					{ "time": 0.8, "name": "HUOYANGUANGHUAN_1_024_" },
					{ "time": 0.8333, "name": "HUOYANGUANGHUAN_1_025_" },
					{ "time": 0.8666, "name": "HUOYANGUANGHUAN_1_026_" },
					{ "time": 0.9, "name": "HUOYANGUANGHUAN_1_027_" },
					{ "time": 0.9333, "name": "HUOYANGUANGHUAN_1_028_" },
					{ "time": 0.9666, "name": "HUOYANGUANGHUAN_1_029_" },
					{ "time": 1, "name": "HUOYANGUANGHUAN_1_030_" },
					{ "time": 1.0333, "name": "HUOYANGUANGHUAN_1_031_" },
					{ "time": 1.0666, "name": "HUOYANGUANGHUAN_1_032_" },
					{ "time": 1.1, "name": "HUOYANGUANGHUAN_1_033_" },
					{ "time": 1.1333, "name": "HUOYANGUANGHUAN_1_034_" },
					{ "time": 1.1666, "name": "HUOYANGUANGHUAN_1_035_" },
					{ "time": 1.2, "name": "HUOYANGUANGHUAN_1_036_" },
					{ "time": 1.2333, "name": "HUOYANGUANGHUAN_1_037_" },
					{ "time": 1.2666, "name": "HUOYANGUANGHUAN_1_038_" },
					{ "time": 1.3, "name": "HUOYANGUANGHUAN_1_039_" },
					{ "time": 1.3333, "name": "HUOYANGUANGHUAN_1_040_" },
					{ "time": 1.3666, "name": "HUOYANGUANGHUAN_1_041_" },
					{ "time": 1.4, "name": "HUOYANGUANGHUAN_1_042_" },
					{ "time": 1.4333, "name": "HUOYANGUANGHUAN_1_043_" },
					{ "time": 1.4666, "name": "HUOYANGUANGHUAN_1_044_" },
					{ "time": 1.5, "name": "HUOYANGUANGHUAN_1_045_" },
					{ "time": 1.5333, "name": "HUOYANGUANGHUAN_1_046_" },
					{ "time": 1.5666, "name": "HUOYANGUANGHUAN_1_047_" },
					{ "time": 1.6, "name": "HUOYANGUANGHUAN_1_048_" },
					{ "time": 1.6333, "name": "HUOYANGUANGHUAN_1_049_" },
					{ "time": 1.6666, "name": "HUOYANGUANGHUAN_1_000_" }
				]
			}
		},
		"bones": {
			"bone": {
				"rotate": [
					{ "time": 0, "angle": 0, "curve": "stepped" },
					{ "time": 1.6666, "angle": 0 }
				],
				"translate": [
					{ "time": 0, "x": 0, "y": 0, "curve": "stepped" },
					{ "time": 1.6666, "x": 0, "y": 0 }
				],
				"scale": [
					{ "time": 0, "x": 2, "y": 2, "curve": "stepped" },
					{ "time": 1.6666, "x": 2, "y": 2 }
				]
			}
		}
	}
}
}