{"skeleton":{"hash":"SmGb58Be7449odSrN/w4LRrxER4","spine":"3.7.94","width":270,"height":100,"images":"./images/","audio":""},"bones":[{"name":"root"},{"name":"bone","parent":"root"},{"name":"bone2","parent":"root"},{"name":"beiguang","parent":"root","x":-78.1,"y":-4.46},{"name":"yun_1","parent":"bone2","x":-59.15,"y":-35.25},{"name":"yun_2","parent":"bone2","x":-40.59,"y":-5.39},{"name":"yun_3","parent":"bone2","x":71.59,"y":-4.58},{"name":"huo","parent":"root"},{"name":"sg1","parent":"root"},{"name":"sg2","parent":"root"},{"name":"diandian","parent":"root"},{"name":"kuijiashan","parent":"root"}],"slots":[{"name":"yun_3_","bone":"yun_3","attachment":"yun_3_"},{"name":"yun_2_","bone":"yun_2","attachment":"yun_2_"},{"name":"di_","bone":"bone2","attachment":"di_"},{"name":"huo_00","bone":"huo","blend":"additive"},{"name":"huo_01","bone":"huo","blend":"additive"},{"name":"huo_02","bone":"huo","blend":"additive"},{"name":"huo_03","bone":"huo","blend":"additive"},{"name":"huo_04","bone":"huo","blend":"additive"},{"name":"huo_05","bone":"huo","blend":"additive"},{"name":"sg_03_","bone":"sg1","blend":"additive"},{"name":"sg_05_","bone":"sg2","blend":"additive"},{"name":"sg_06_","bone":"sg2","blend":"additive"},{"name":"mohu_","bone":"root","blend":"additive"},{"name":"beiguang_","bone":"beiguang","color":"ffd700ff","blend":"screen"},{"name":"ren_","bone":"bone2","attachment":"ren_"},{"name":"ren_sg_00_","bone":"bone","blend":"additive"},{"name":"ren_sg_01_","bone":"bone","blend":"additive"},{"name":"ren_sg_03_","bone":"bone","blend":"additive"},{"name":"ren_sg_04_","bone":"bone","blend":"additive"},{"name":"ren_sg_05_","bone":"bone","blend":"additive"},{"name":"ren_sg_06_","bone":"bone","blend":"additive"},{"name":"ren_sg_07_","bone":"bone","blend":"additive"},{"name":"ren_sg_08_","bone":"bone","blend":"additive"},{"name":"ren_sg_09_","bone":"bone","blend":"additive"},{"name":"ren_sg_02_","bone":"bone","blend":"additive"},{"name":"kuijiashan_00_","bone":"kuijiashan","blend":"additive"},{"name":"yun_1_","bone":"yun_1","attachment":"yun_1_"},{"name":"dian_00_","bone":"diandian","blend":"screen"},{"name":"dian_01_","bone":"diandian","blend":"screen"},{"name":"dian_02_","bone":"diandian","blend":"screen"},{"name":"dian_03_","bone":"diandian","blend":"screen"},{"name":"dian_04_","bone":"diandian","blend":"screen"},{"name":"dian_05_","bone":"diandian","blend":"screen"},{"name":"dian_06_","bone":"diandian","blend":"screen"},{"name":"dian_07_","bone":"diandian","blend":"screen"},{"name":"dian_08_","bone":"diandian","blend":"screen"},{"name":"dian_09_","bone":"diandian","blend":"screen"},{"name":"kuijiashan_01_","bone":"kuijiashan","blend":"additive"},{"name":"kuijiashan_02_","bone":"kuijiashan","blend":"additive"},{"name":"lian_","bone":"root"}],"skins":{"default":{"beiguang_":{"beiguang_":{"x":7.42,"y":-1.45,"width":185,"height":183}},"di_":{"di_":{"width":270,"height":100}},"dian_00_":{"dian_00_":{"x":-12.6,"y":-23.4,"width":60,"height":116}},"dian_01_":{"dian_01_":{"x":-12.6,"y":-23.4,"width":60,"height":116}},"dian_02_":{"dian_02_":{"x":-12.6,"y":-23.4,"width":60,"height":116}},"dian_03_":{"dian_03_":{"x":-12.6,"y":-23.4,"width":60,"height":116}},"dian_04_":{"dian_04_":{"x":-12.6,"y":-23.4,"width":60,"height":116}},"dian_05_":{"dian_05_":{"x":-12.6,"y":-23.4,"width":60,"height":116}},"dian_06_":{"dian_06_":{"x":-12.6,"y":-23.4,"width":60,"height":116}},"dian_07_":{"dian_07_":{"x":-12.6,"y":-23.4,"width":60,"height":116}},"dian_08_":{"dian_08_":{"x":-12.6,"y":-23.4,"width":60,"height":116}},"dian_09_":{"dian_09_":{"x":-12.6,"y":-23.4,"width":60,"height":116}},"huo_00":{"huo_00_":{"x":23.4,"y":-18.56,"width":223,"height":55}},"huo_01":{"huo_01_":{"x":23.4,"y":-18.56,"width":223,"height":55}},"huo_02":{"huo_02_":{"x":23.4,"y":-18.56,"width":223,"height":55}},"huo_03":{"huo_03_":{"x":23.4,"y":-18.56,"width":223,"height":55}},"huo_04":{"huo_04_":{"x":23.4,"y":-18.56,"width":223,"height":55}},"huo_05":{"huo_05_":{"x":23.4,"y":-18.56,"width":223,"height":55}},"kuijiashan_00_":{"kuijiashan_00_":{"x":-68,"width":160,"height":140}},"kuijiashan_01_":{"kuijiashan_01_":{"x":-68,"width":160,"height":140}},"kuijiashan_02_":{"kuijiashan_02_":{"x":-68,"width":160,"height":140}},"lian_":{"lian_":{"x":-77.98,"y":10.54,"width":34,"height":45}},"mohu_":{"mohu_":{"x":-67.09,"y":0.74,"width":148,"height":108}},"ren_":{"ren_":{"width":270,"height":100}},"ren_sg_00_":{"ren_sg_00_":{"x":-68,"y":10.1,"width":190,"height":190}},"ren_sg_01_":{"ren_sg_01_":{"x":-68,"y":10.1,"width":190,"height":190}},"ren_sg_02_":{"ren_sg_02_":{"x":-68,"y":10.1,"width":190,"height":190}},"ren_sg_03_":{"ren_sg_03_":{"x":-68,"y":10.1,"width":190,"height":190}},"ren_sg_04_":{"ren_sg_04_":{"x":-68,"y":10.1,"width":190,"height":190}},"ren_sg_05_":{"ren_sg_05_":{"x":-68,"y":10.1,"width":190,"height":190}},"ren_sg_06_":{"ren_sg_06_":{"x":-68,"y":10.1,"width":190,"height":190}},"ren_sg_07_":{"ren_sg_07_":{"x":-68,"y":10.1,"width":190,"height":190}},"ren_sg_08_":{"ren_sg_08_":{"x":-68,"y":10.1,"width":190,"height":190}},"ren_sg_09_":{"ren_sg_09_":{"x":-68,"y":10.1,"width":190,"height":190}},"sg_03_":{"sg_01_":{"x":7.1,"y":-17.26,"width":256,"height":62}},"sg_05_":{"sg_05_":{"x":7.1,"y":-17.26,"width":256,"height":62}},"sg_06_":{"sg_06_":{"x":7.1,"y":-17.26,"width":256,"height":62}},"yun_1_":{"yun_1_":{"x":59.15,"y":35.25,"width":270,"height":100}},"yun_2_":{"yun_2_":{"x":40.59,"y":5.39,"width":270,"height":100}},"yun_3_":{"yun_3_":{"x":-71.59,"y":4.58,"width":270,"height":100}}}},"animations":{"animation":{"slots":{"beiguang_":{"attachment":[{"time":0,"name":"beiguang_"}]},"dian_00_":{"color":[{"time":0,"color":"ffffffff"},{"time":0.1667,"color":"ffffff00","curve":"stepped"},{"time":3.1,"color":"ffffff00"},{"time":3.3333,"color":"ffffffff"}],"attachment":[{"time":0,"name":"dian_00_"}]},"dian_01_":{"color":[{"time":0,"color":"ffffff00"},{"time":0.1667,"color":"ffffffff"},{"time":0.4,"color":"ffffff00","curve":"stepped"},{"time":1.7667,"color":"ffffff00"},{"time":1.9333,"color":"ffffffff"},{"time":2.1333,"color":"ffffff00"}],"attachment":[{"time":0,"name":"dian_01_"}]},"dian_02_":{"color":[{"time":0,"color":"ffffff00","curve":"stepped"},{"time":0.1667,"color":"ffffff00"},{"time":0.4,"color":"ffffffff"},{"time":0.5667,"color":"ffffff00","curve":"stepped"},{"time":1.9333,"color":"ffffff00"},{"time":2.1333,"color":"ffffffff"},{"time":2.3333,"color":"ffffff00"}],"attachment":[{"time":0,"name":"dian_02_"}]},"dian_03_":{"color":[{"time":0,"color":"ffffff00","curve":"stepped"},{"time":0.4,"color":"ffffff00"},{"time":0.5667,"color":"ffffffff"},{"time":0.7667,"color":"ffffff00","curve":"stepped"},{"time":2.1333,"color":"ffffff00"},{"time":2.3333,"color":"ffffffff"},{"time":2.5333,"color":"ffffff00"}],"attachment":[{"time":0,"name":"dian_03_"}]},"dian_04_":{"color":[{"time":0,"color":"ffffff00","curve":"stepped"},{"time":0.5667,"color":"ffffff00"},{"time":0.7667,"color":"ffffffff"},{"time":1,"color":"ffffff00","curve":"stepped"},{"time":2.3333,"color":"ffffff00"},{"time":2.5333,"color":"ffffffff"},{"time":2.7333,"color":"ffffff00"}],"attachment":[{"time":0,"name":"dian_04_"}]},"dian_05_":{"color":[{"time":0,"color":"ffffff00","curve":"stepped"},{"time":0.7667,"color":"ffffff00"},{"time":1,"color":"ffffffff"},{"time":1.1667,"color":"ffffff00","curve":"stepped"},{"time":2.5333,"color":"ffffff00"},{"time":2.7333,"color":"ffffffff"},{"time":2.9333,"color":"ffffff00"}],"attachment":[{"time":0,"name":"dian_05_"}]},"dian_06_":{"color":[{"time":0,"color":"ffffff00","curve":"stepped"},{"time":1,"color":"ffffff00"},{"time":1.1667,"color":"ffffffff"},{"time":1.3667,"color":"ffffff00","curve":"stepped"},{"time":2.7333,"color":"ffffff00"},{"time":2.9333,"color":"ffffffff"},{"time":3.1333,"color":"ffffff00"}],"attachment":[{"time":0,"name":"dian_06_"}]},"dian_07_":{"color":[{"time":0,"color":"ffffff00","curve":"stepped"},{"time":1.1667,"color":"ffffff00"},{"time":1.3667,"color":"ffffffff"},{"time":1.5667,"color":"ffffff00","curve":"stepped"},{"time":2.9333,"color":"ffffff00"},{"time":3.1333,"color":"ffffffff"},{"time":3.3333,"color":"ffffff00"}],"attachment":[{"time":0,"name":"dian_07_"}]},"dian_08_":{"color":[{"time":0,"color":"ffffff00","curve":"stepped"},{"time":1.3667,"color":"ffffff00"},{"time":1.5667,"color":"ffffffff"},{"time":1.7667,"color":"ffffff00"}],"attachment":[{"time":0,"name":"dian_08_"}]},"dian_09_":{"color":[{"time":0,"color":"ffffff00","curve":"stepped"},{"time":1.5667,"color":"ffffff00"},{"time":1.7667,"color":"ffffffff"},{"time":1.9333,"color":"ffffff00"}],"attachment":[{"time":0,"name":"dian_09_"}]},"huo_00":{"color":[{"time":0,"color":"ffffffff"},{"time":0.6333,"color":"ffffff00","curve":"stepped"},{"time":2.7333,"color":"ffffff00"},{"time":3.3333,"color":"ffffffff"}],"attachment":[{"time":0,"name":"huo_00_"}]},"huo_01":{"color":[{"time":0,"color":"ffffff66"},{"time":0.3667,"color":"ffffffff"},{"time":1,"color":"ffffff00","curve":"stepped"},{"time":1.6,"color":"ffffff00"},{"time":2.2333,"color":"ffffffff"},{"time":2.8333,"color":"ffffff00"}],"attachment":[{"time":0,"name":"huo_01_"}]},"huo_02":{"color":[{"time":0,"color":"ffffff00","curve":"stepped"},{"time":0.1333,"color":"ffffff00"},{"time":0.7333,"color":"ffffffff"},{"time":1.3667,"color":"ffffff00","curve":"stepped"},{"time":1.9667,"color":"ffffff00"},{"time":2.6,"color":"ffffffff"},{"time":3.2,"color":"ffffff00"}],"attachment":[{"time":0,"name":"huo_02_"}]},"huo_03":{"color":[{"time":0,"color":"ffffff65"},{"time":0.2333,"color":"ffffff00","curve":"stepped"},{"time":0.5,"color":"ffffff00"},{"time":1.1,"color":"ffffffff"},{"time":1.7333,"color":"ffffff00","curve":"stepped"},{"time":2.3333,"color":"ffffff00"},{"time":2.9667,"color":"ffffffff"},{"time":3.3333,"color":"ffffff65"}],"attachment":[{"time":0,"name":"huo_03_"}]},"huo_04":{"color":[{"time":0,"color":"ffffff00","curve":"stepped"},{"time":0.8667,"color":"ffffff00"},{"time":1.5,"color":"ffffffff"},{"time":2.1,"color":"ffffff00"}],"attachment":[{"time":0,"name":"huo_04_"}]},"huo_05":{"color":[{"time":0,"color":"ffffff00","curve":"stepped"},{"time":1.2333,"color":"ffffff00"},{"time":1.8667,"color":"ffffffff"},{"time":2.4667,"color":"ffffff00"}],"attachment":[{"time":0,"name":"huo_05_"}]},"kuijiashan_00_":{"color":[{"time":0,"color":"ffa400ff"},{"time":0.5667,"color":"ffa40000","curve":"stepped"},{"time":0.7,"color":"ffa40000"},{"time":1.1667,"color":"ffa400ff"},{"time":1.6,"color":"ffa40000","curve":"stepped"},{"time":1.7333,"color":"ffa40000"},{"time":2.2,"color":"ffa400ff"},{"time":2.6333,"color":"ffa40000","curve":"stepped"},{"time":2.8333,"color":"ffa40000"},{"time":3.3333,"color":"ffa400ff"}],"attachment":[{"time":0,"name":"kuijiashan_00_"}]},"kuijiashan_01_":{"color":[{"time":0,"color":"ffa40000"},{"time":0.4667,"color":"ffa400ff"},{"time":0.9,"color":"ffa40000","curve":"stepped"},{"time":1.0667,"color":"ffa40000"},{"time":1.5333,"color":"ffa400ff"},{"time":1.9667,"color":"ffa40000","curve":"stepped"},{"time":2.0667,"color":"ffa40000"},{"time":2.5667,"color":"ffa400ff"},{"time":2.9667,"color":"ffa40000"}],"attachment":[{"time":0,"name":"kuijiashan_01_"}]},"kuijiashan_02_":{"color":[{"time":0,"color":"ffa40000","curve":"stepped"},{"time":0.3667,"color":"ffa40000"},{"time":0.8333,"color":"ffa400ff"},{"time":1.2667,"color":"ffa40000","curve":"stepped"},{"time":1.4,"color":"ffa40000"},{"time":1.9,"color":"ffa400ff"},{"time":2.3333,"color":"ffa40000","curve":"stepped"},{"time":2.4333,"color":"ffa40000"},{"time":2.9,"color":"ffa400ff"},{"time":3.3333,"color":"ffa40000"}],"attachment":[{"time":0,"name":"kuijiashan_02_"}]},"lian_":{"color":[{"time":0.3333,"color":"ffffff00"},{"time":0.6,"color":"ffffffff","curve":"stepped"},{"time":0.9,"color":"ffffffff"},{"time":1.2333,"color":"ffffff00"}],"attachment":[{"time":0.3333,"name":"lian_"}]},"mohu_":{"attachment":[{"time":0,"name":"mohu_"}]},"ren_sg_00_":{"color":[{"time":0,"color":"ffffff00"},{"time":0.2333,"color":"ffffffff"},{"time":0.5,"color":"ffffff00"}],"attachment":[{"time":0,"name":"ren_sg_00_"}]},"ren_sg_01_":{"color":[{"time":0,"color":"ffffff00","curve":"stepped"},{"time":0.1667,"color":"ffffff00"},{"time":0.4,"color":"ffffffff"},{"time":0.6667,"color":"ffffff00"}],"attachment":[{"time":0,"name":"ren_sg_01_"}]},"ren_sg_02_":{"color":[{"time":0,"color":"ffffff00","curve":"stepped"},{"time":0.3333,"color":"ffffff00"},{"time":0.5667,"color":"ffffffff"},{"time":0.8333,"color":"ffffff00"}],"attachment":[{"time":0,"name":"ren_sg_02_"}]},"ren_sg_03_":{"color":[{"time":0,"color":"ffffff00","curve":"stepped"},{"time":0.5,"color":"ffffff00"},{"time":0.7333,"color":"ffffffff"},{"time":1,"color":"ffffff00"}],"attachment":[{"time":0,"name":"ren_sg_03_"}]},"ren_sg_04_":{"color":[{"time":0,"color":"ffffff00","curve":"stepped"},{"time":0.6667,"color":"ffffff00"},{"time":0.9,"color":"ffffffff"},{"time":1.1333,"color":"ffffff00"}],"attachment":[{"time":0,"name":"ren_sg_04_"}]},"ren_sg_05_":{"color":[{"time":0,"color":"ffffff00","curve":"stepped"},{"time":0.8333,"color":"ffffff00"},{"time":1.0667,"color":"ffffffff"},{"time":1.3,"color":"ffffff00"}],"attachment":[{"time":0,"name":"ren_sg_05_"}]},"ren_sg_06_":{"color":[{"time":0,"color":"ffffff00","curve":"stepped"},{"time":1,"color":"ffffff00"},{"time":1.2333,"color":"ffffffff"},{"time":1.4667,"color":"ffffff00"}],"attachment":[{"time":0,"name":"ren_sg_06_"}]},"ren_sg_07_":{"color":[{"time":0,"color":"ffffff00","curve":"stepped"},{"time":1.1667,"color":"ffffff00"},{"time":1.4,"color":"ffffffff"},{"time":1.6333,"color":"ffffff00"}],"attachment":[{"time":0,"name":"ren_sg_07_"}]},"ren_sg_08_":{"color":[{"time":0,"color":"ffffff00","curve":"stepped"},{"time":1.3333,"color":"ffffff00"},{"time":1.5667,"color":"ffffffff"},{"time":1.8,"color":"ffffff00"}],"attachment":[{"time":0,"name":"ren_sg_08_"}]},"ren_sg_09_":{"color":[{"time":0,"color":"ffffff00","curve":"stepped"},{"time":1.5,"color":"ffffff00"},{"time":1.7333,"color":"ffffffff"},{"time":1.9667,"color":"ffffff00"}],"attachment":[{"time":0,"name":"ren_sg_09_"}]},"sg_03_":{"color":[{"time":1.1,"color":"ffffff00"},{"time":1.3667,"color":"ffffffff","curve":"stepped"},{"time":1.8,"color":"ffffffff"},{"time":2.1333,"color":"ffffff00"}],"attachment":[{"time":1.1,"name":"sg_01_"}]},"sg_05_":{"color":[{"time":0.6,"color":"ffffff00","curve":"stepped"},{"time":1.4667,"color":"ffffff00"},{"time":2,"color":"ffffffff"},{"time":2.5,"color":"ffffff00"}],"attachment":[{"time":0.6,"name":"sg_05_"}]},"sg_06_":{"color":[{"time":0.6,"color":"ffffff00","curve":"stepped"},{"time":1.8667,"color":"ffffff00"},{"time":2.3333,"color":"ffffffff"},{"time":2.8333,"color":"ffffff00"}],"attachment":[{"time":0.6,"name":"sg_06_"}]}},"bones":{"beiguang":{"scale":[{"time":0,"x":1,"y":1,"curve":[0.25,0,0.75,1]},{"time":0.8333,"x":0.863,"y":0.863,"curve":[0.25,0,0.75,1]},{"time":1.6667,"x":1,"y":1,"curve":[0.25,0,0.75,1]},{"time":2.5,"x":0.863,"y":0.863,"curve":[0.25,0,0.75,1]},{"time":3.3333,"x":1,"y":1}]},"yun_1":{"translate":[{"time":0,"x":0,"y":0,"curve":[0.25,0,0.75,1]},{"time":1.6667,"x":0,"y":2.42,"curve":[0.25,0,0.75,1]},{"time":3.3333,"x":0,"y":0}]},"yun_2":{"translate":[{"time":0,"x":0,"y":0,"curve":[0.25,0,0.75,1]},{"time":1.6667,"x":0,"y":4.03,"curve":[0.25,0,0.75,1]},{"time":3.3333,"x":0,"y":0}]},"yun_3":{"translate":[{"time":0,"x":0,"y":0,"curve":[0.25,0,0.75,1]},{"time":1.6667,"x":0,"y":-2.42,"curve":[0.25,0,0.75,1]},{"time":3.3333,"x":0,"y":0}]},"sg1":{"translate":[{"time":1.1,"x":-30.38,"y":0},{"time":2.1333,"x":127.16,"y":0}]}}}}}