{
"skeleton": { "hash": "aJcJU8pi8ux31RV+l9bvvUBViCk", "spine": "3.7.94", "width": 0, "height": 0, "images": "./images/", "audio": "D:/WORK/COK/皮肤特效/翅膀—水晶圣母4月份累消翅膀/水晶翅膀spine/image_group/sjcb_A" },
"bones": [
	{ "name": "root" },
	{ "name": "ctr", "parent": "root", "x": 254.29, "y": 100.96, "scaleX": 1.25, "scaleY": 1.25 },
	{ "name": "sjcb_UL_", "parent": "ctr" },
	{ "name": "sjcb_UR_", "parent": "ctr" },
	{ "name": "sjcb_DL_", "parent": "ctr" },
	{ "name": "sjcb_DR_", "parent": "ctr" },
	{ "name": "ctr2", "parent": "root", "x": -251.05, "y": 100.96, "scaleX": -1.25, "scaleY": 1.25 },
	{ "name": "sjcb_UL_2", "parent": "ctr2" },
	{ "name": "sjcb_UR_2", "parent": "ctr2" },
	{ "name": "sjcb_DL_2", "parent": "ctr2" },
	{ "name": "sjcb_DR_2", "parent": "ctr2" }
],
"slots": [
	{ "name": "sjcb_UL_", "bone": "sjcb_UL_" },
	{ "name": "sjcb_UL_2", "bone": "sjcb_UL_2" },
	{ "name": "sjcb_UR_", "bone": "sjcb_UR_" },
	{ "name": "sjcb_UR_2", "bone": "sjcb_UR_2" },
	{ "name": "sjcb_DL_", "bone": "sjcb_DL_" },
	{ "name": "sjcb_DL_2", "bone": "sjcb_DL_2" },
	{ "name": "sjcb_DR_", "bone": "sjcb_DR_" },
	{ "name": "sjcb_DR_2", "bone": "sjcb_DR_2" }
],
"skins": {
	"default": {
		"sjcb_DL_": {
			"sjcb_DL_00000_": { "x": -295.5, "y": -210, "width": 591, "height": 420 },
			"sjcb_DL_00003_": { "x": -295.5, "y": -210, "width": 591, "height": 420 },
			"sjcb_DL_00006_": { "x": -295.5, "y": -210, "width": 591, "height": 420 },
			"sjcb_DL_00009_": { "x": -295.5, "y": -210, "width": 591, "height": 420 },
			"sjcb_DL_00012_": { "x": -295.5, "y": -210, "width": 591, "height": 420 },
			"sjcb_DL_00015_": { "x": -295.5, "y": -210, "width": 591, "height": 420 },
			"sjcb_DL_00018_": { "x": -295.5, "y": -210, "width": 591, "height": 420 },
			"sjcb_DL_00021_": { "x": -295.5, "y": -210, "width": 591, "height": 420 },
			"sjcb_DL_00024_": { "x": -295.5, "y": -210, "width": 591, "height": 420 },
			"sjcb_DL_00027_": { "x": -295.5, "y": -210, "width": 591, "height": 420 },
			"sjcb_DL_00030_": { "x": -295.5, "y": -210, "width": 591, "height": 420 },
			"sjcb_DL_00033_": { "x": -295.5, "y": -210, "width": 591, "height": 420 },
			"sjcb_DL_00036_": { "x": -295.5, "y": -210, "width": 591, "height": 420 },
			"sjcb_DL_00039_": { "x": -295.5, "y": -210, "width": 591, "height": 420 },
			"sjcb_DL_00042_": { "x": -295.5, "y": -210, "width": 591, "height": 420 },
			"sjcb_DL_00045_": { "x": -295.5, "y": -210, "width": 591, "height": 420 },
			"sjcb_DL_00048_": { "x": -295.5, "y": -210, "width": 591, "height": 420 },
			"sjcb_DL_00051_": { "x": -295.5, "y": -210, "width": 591, "height": 420 },
			"sjcb_DL_00054_": { "x": -295.5, "y": -210, "width": 591, "height": 420 },
			"sjcb_DL_00057_": { "x": -295.5, "y": -210, "width": 591, "height": 420 },
			"sjcb_DL_00060_": { "x": -295.5, "y": -210, "width": 591, "height": 420 }
		},
		"sjcb_DL_2": {
			"sjcb_DL_00000_": { "x": -295.5, "y": -210, "width": 591, "height": 420 },
			"sjcb_DL_00003_": { "x": -295.5, "y": -210, "width": 591, "height": 420 },
			"sjcb_DL_00006_": { "x": -295.5, "y": -210, "width": 591, "height": 420 },
			"sjcb_DL_00009_": { "x": -295.5, "y": -210, "width": 591, "height": 420 },
			"sjcb_DL_00012_": { "x": -295.5, "y": -210, "width": 591, "height": 420 },
			"sjcb_DL_00015_": { "x": -295.5, "y": -210, "width": 591, "height": 420 },
			"sjcb_DL_00018_": { "x": -295.5, "y": -210, "width": 591, "height": 420 },
			"sjcb_DL_00021_": { "x": -295.5, "y": -210, "width": 591, "height": 420 },
			"sjcb_DL_00024_": { "x": -295.5, "y": -210, "width": 591, "height": 420 },
			"sjcb_DL_00027_": { "x": -295.5, "y": -210, "width": 591, "height": 420 },
			"sjcb_DL_00030_": { "x": -295.5, "y": -210, "width": 591, "height": 420 },
			"sjcb_DL_00033_": { "x": -295.5, "y": -210, "width": 591, "height": 420 },
			"sjcb_DL_00036_": { "x": -295.5, "y": -210, "width": 591, "height": 420 },
			"sjcb_DL_00039_": { "x": -295.5, "y": -210, "width": 591, "height": 420 },
			"sjcb_DL_00042_": { "x": -295.5, "y": -210, "width": 591, "height": 420 },
			"sjcb_DL_00045_": { "x": -295.5, "y": -210, "width": 591, "height": 420 },
			"sjcb_DL_00048_": { "x": -295.5, "y": -210, "width": 591, "height": 420 },
			"sjcb_DL_00051_": { "x": -295.5, "y": -210, "width": 591, "height": 420 },
			"sjcb_DL_00054_": { "x": -295.5, "y": -210, "width": 591, "height": 420 },
			"sjcb_DL_00057_": { "x": -295.5, "y": -210, "width": 591, "height": 420 },
			"sjcb_DL_00060_": { "x": -295.5, "y": -210, "width": 591, "height": 420 }
		},
		"sjcb_DR_": {
			"sjcb_DR_00000_": { "x": 317, "y": -210, "width": 634, "height": 420 },
			"sjcb_DR_00003_": { "x": 317, "y": -210, "width": 634, "height": 420 },
			"sjcb_DR_00006_": { "x": 317, "y": -210, "width": 634, "height": 420 },
			"sjcb_DR_00009_": { "x": 317, "y": -210, "width": 634, "height": 420 },
			"sjcb_DR_00012_": { "x": 317, "y": -210, "width": 634, "height": 420 },
			"sjcb_DR_00015_": { "x": 317, "y": -210, "width": 634, "height": 420 },
			"sjcb_DR_00018_": { "x": 317, "y": -210, "width": 634, "height": 420 },
			"sjcb_DR_00021_": { "x": 317, "y": -210, "width": 634, "height": 420 },
			"sjcb_DR_00024_": { "x": 317, "y": -210, "width": 634, "height": 420 },
			"sjcb_DR_00027_": { "x": 317, "y": -210, "width": 634, "height": 420 },
			"sjcb_DR_00030_": { "x": 317, "y": -210, "width": 634, "height": 420 },
			"sjcb_DR_00033_": { "x": 317, "y": -210, "width": 634, "height": 420 },
			"sjcb_DR_00036_": { "x": 317, "y": -210, "width": 634, "height": 420 },
			"sjcb_DR_00039_": { "x": 317, "y": -210, "width": 634, "height": 420 },
			"sjcb_DR_00042_": { "x": 317, "y": -210, "width": 634, "height": 420 },
			"sjcb_DR_00045_": { "x": 317, "y": -210, "width": 634, "height": 420 },
			"sjcb_DR_00048_": { "x": 317, "y": -210, "width": 634, "height": 420 },
			"sjcb_DR_00051_": { "x": 317, "y": -210, "width": 634, "height": 420 },
			"sjcb_DR_00054_": { "x": 317, "y": -210, "width": 634, "height": 420 },
			"sjcb_DR_00057_": { "x": 317, "y": -210, "width": 634, "height": 420 },
			"sjcb_DR_00060_": { "x": 317, "y": -210, "width": 634, "height": 420 }
		},
		"sjcb_DR_2": {
			"sjcb_DR_00000_": { "x": 317, "y": -210, "width": 634, "height": 420 },
			"sjcb_DR_00003_": { "x": 317, "y": -210, "width": 634, "height": 420 },
			"sjcb_DR_00006_": { "x": 317, "y": -210, "width": 634, "height": 420 },
			"sjcb_DR_00009_": { "x": 317, "y": -210, "width": 634, "height": 420 },
			"sjcb_DR_00012_": { "x": 317, "y": -210, "width": 634, "height": 420 },
			"sjcb_DR_00015_": { "x": 317, "y": -210, "width": 634, "height": 420 },
			"sjcb_DR_00018_": { "x": 317, "y": -210, "width": 634, "height": 420 },
			"sjcb_DR_00021_": { "x": 317, "y": -210, "width": 634, "height": 420 },
			"sjcb_DR_00024_": { "x": 317, "y": -210, "width": 634, "height": 420 },
			"sjcb_DR_00027_": { "x": 317, "y": -210, "width": 634, "height": 420 },
			"sjcb_DR_00030_": { "x": 317, "y": -210, "width": 634, "height": 420 },
			"sjcb_DR_00033_": { "x": 317, "y": -210, "width": 634, "height": 420 },
			"sjcb_DR_00036_": { "x": 317, "y": -210, "width": 634, "height": 420 },
			"sjcb_DR_00039_": { "x": 317, "y": -210, "width": 634, "height": 420 },
			"sjcb_DR_00042_": { "x": 317, "y": -210, "width": 634, "height": 420 },
			"sjcb_DR_00045_": { "x": 317, "y": -210, "width": 634, "height": 420 },
			"sjcb_DR_00048_": { "x": 317, "y": -210, "width": 634, "height": 420 },
			"sjcb_DR_00051_": { "x": 317, "y": -210, "width": 634, "height": 420 },
			"sjcb_DR_00054_": { "x": 317, "y": -210, "width": 634, "height": 420 },
			"sjcb_DR_00057_": { "x": 317, "y": -210, "width": 634, "height": 420 },
			"sjcb_DR_00060_": { "x": 317, "y": -210, "width": 634, "height": 420 }
		},
		"sjcb_UL_": {
			"sjcb_UL_00000_": { "x": -295.5, "y": 199, "width": 591, "height": 398 },
			"sjcb_UL_00003_": { "x": -295.5, "y": 199, "width": 591, "height": 398 },
			"sjcb_UL_00006_": { "x": -295.5, "y": 199, "width": 591, "height": 398 },
			"sjcb_UL_00009_": { "x": -295.5, "y": 199, "width": 591, "height": 398 },
			"sjcb_UL_00012_": { "x": -295.5, "y": 199, "width": 591, "height": 398 },
			"sjcb_UL_00015_": { "x": -295.5, "y": 199, "width": 591, "height": 398 },
			"sjcb_UL_00018_": { "x": -295.5, "y": 199, "width": 591, "height": 398 },
			"sjcb_UL_00021_": { "x": -295.5, "y": 199, "width": 591, "height": 398 },
			"sjcb_UL_00024_": { "x": -295.5, "y": 199, "width": 591, "height": 398 },
			"sjcb_UL_00027_": { "x": -295.5, "y": 199, "width": 591, "height": 398 },
			"sjcb_UL_00030_": { "x": -295.5, "y": 199, "width": 591, "height": 398 },
			"sjcb_UL_00033_": { "x": -295.5, "y": 199, "width": 591, "height": 398 },
			"sjcb_UL_00036_": { "x": -295.5, "y": 199, "width": 591, "height": 398 },
			"sjcb_UL_00039_": { "x": -295.5, "y": 199, "width": 591, "height": 398 },
			"sjcb_UL_00042_": { "x": -295.5, "y": 199, "width": 591, "height": 398 },
			"sjcb_UL_00045_": { "x": -295.5, "y": 199, "width": 591, "height": 398 },
			"sjcb_UL_00048_": { "x": -295.5, "y": 199, "width": 591, "height": 398 },
			"sjcb_UL_00051_": { "x": -295.5, "y": 199, "width": 591, "height": 398 },
			"sjcb_UL_00054_": { "x": -295.5, "y": 199, "width": 591, "height": 398 },
			"sjcb_UL_00057_": { "x": -295.5, "y": 199, "width": 591, "height": 398 },
			"sjcb_UL_00060_": { "x": -295.5, "y": 199, "width": 591, "height": 398 }
		},
		"sjcb_UL_2": {
			"sjcb_UL_00000_": { "x": -295.5, "y": 199, "width": 591, "height": 398 },
			"sjcb_UL_00003_": { "x": -295.5, "y": 199, "width": 591, "height": 398 },
			"sjcb_UL_00006_": { "x": -295.5, "y": 199, "width": 591, "height": 398 },
			"sjcb_UL_00009_": { "x": -295.5, "y": 199, "width": 591, "height": 398 },
			"sjcb_UL_00012_": { "x": -295.5, "y": 199, "width": 591, "height": 398 },
			"sjcb_UL_00015_": { "x": -295.5, "y": 199, "width": 591, "height": 398 },
			"sjcb_UL_00018_": { "x": -295.5, "y": 199, "width": 591, "height": 398 },
			"sjcb_UL_00021_": { "x": -295.5, "y": 199, "width": 591, "height": 398 },
			"sjcb_UL_00024_": { "x": -295.5, "y": 199, "width": 591, "height": 398 },
			"sjcb_UL_00027_": { "x": -295.5, "y": 199, "width": 591, "height": 398 },
			"sjcb_UL_00030_": { "x": -295.5, "y": 199, "width": 591, "height": 398 },
			"sjcb_UL_00033_": { "x": -295.5, "y": 199, "width": 591, "height": 398 },
			"sjcb_UL_00036_": { "x": -295.5, "y": 199, "width": 591, "height": 398 },
			"sjcb_UL_00039_": { "x": -295.5, "y": 199, "width": 591, "height": 398 },
			"sjcb_UL_00042_": { "x": -295.5, "y": 199, "width": 591, "height": 398 },
			"sjcb_UL_00045_": { "x": -295.5, "y": 199, "width": 591, "height": 398 },
			"sjcb_UL_00048_": { "x": -295.5, "y": 199, "width": 591, "height": 398 },
			"sjcb_UL_00051_": { "x": -295.5, "y": 199, "width": 591, "height": 398 },
			"sjcb_UL_00054_": { "x": -295.5, "y": 199, "width": 591, "height": 398 },
			"sjcb_UL_00057_": { "x": -295.5, "y": 199, "width": 591, "height": 398 },
			"sjcb_UL_00060_": { "x": -295.5, "y": 199, "width": 591, "height": 398 }
		},
		"sjcb_UR_": {
			"sjcb_UR_00000_": { "x": 317, "y": 199, "width": 634, "height": 398 },
			"sjcb_UR_00003_": { "x": 317, "y": 199, "width": 634, "height": 398 },
			"sjcb_UR_00006_": { "x": 317, "y": 199, "width": 634, "height": 398 },
			"sjcb_UR_00009_": { "x": 317, "y": 199, "width": 634, "height": 398 },
			"sjcb_UR_00012_": { "x": 317, "y": 199, "width": 634, "height": 398 },
			"sjcb_UR_00015_": { "x": 317, "y": 199, "width": 634, "height": 398 },
			"sjcb_UR_00018_": { "x": 317, "y": 199, "width": 634, "height": 398 },
			"sjcb_UR_00021_": { "x": 317, "y": 199, "width": 634, "height": 398 },
			"sjcb_UR_00024_": { "x": 317, "y": 199, "width": 634, "height": 398 },
			"sjcb_UR_00027_": { "x": 317, "y": 199, "width": 634, "height": 398 },
			"sjcb_UR_00030_": { "x": 317, "y": 199, "width": 634, "height": 398 },
			"sjcb_UR_00033_": { "x": 317, "y": 199, "width": 634, "height": 398 },
			"sjcb_UR_00036_": { "x": 317, "y": 199, "width": 634, "height": 398 },
			"sjcb_UR_00039_": { "x": 317, "y": 199, "width": 634, "height": 398 },
			"sjcb_UR_00042_": { "x": 317, "y": 199, "width": 634, "height": 398 },
			"sjcb_UR_00045_": { "x": 317, "y": 199, "width": 634, "height": 398 },
			"sjcb_UR_00048_": { "x": 317, "y": 199, "width": 634, "height": 398 },
			"sjcb_UR_00051_": { "x": 317, "y": 199, "width": 634, "height": 398 },
			"sjcb_UR_00054_": { "x": 317, "y": 199, "width": 634, "height": 398 },
			"sjcb_UR_00057_": { "x": 317, "y": 199, "width": 634, "height": 398 },
			"sjcb_UR_00060_": { "x": 317, "y": 199, "width": 634, "height": 398 }
		},
		"sjcb_UR_2": {
			"sjcb_UR_00000_": { "x": 317, "y": 199, "width": 634, "height": 398 },
			"sjcb_UR_00003_": { "x": 317, "y": 199, "width": 634, "height": 398 },
			"sjcb_UR_00006_": { "x": 317, "y": 199, "width": 634, "height": 398 },
			"sjcb_UR_00009_": { "x": 317, "y": 199, "width": 634, "height": 398 },
			"sjcb_UR_00012_": { "x": 317, "y": 199, "width": 634, "height": 398 },
			"sjcb_UR_00015_": { "x": 317, "y": 199, "width": 634, "height": 398 },
			"sjcb_UR_00018_": { "x": 317, "y": 199, "width": 634, "height": 398 },
			"sjcb_UR_00021_": { "x": 317, "y": 199, "width": 634, "height": 398 },
			"sjcb_UR_00024_": { "x": 317, "y": 199, "width": 634, "height": 398 },
			"sjcb_UR_00027_": { "x": 317, "y": 199, "width": 634, "height": 398 },
			"sjcb_UR_00030_": { "x": 317, "y": 199, "width": 634, "height": 398 },
			"sjcb_UR_00033_": { "x": 317, "y": 199, "width": 634, "height": 398 },
			"sjcb_UR_00036_": { "x": 317, "y": 199, "width": 634, "height": 398 },
			"sjcb_UR_00039_": { "x": 317, "y": 199, "width": 634, "height": 398 },
			"sjcb_UR_00042_": { "x": 317, "y": 199, "width": 634, "height": 398 },
			"sjcb_UR_00045_": { "x": 317, "y": 199, "width": 634, "height": 398 },
			"sjcb_UR_00048_": { "x": 317, "y": 199, "width": 634, "height": 398 },
			"sjcb_UR_00051_": { "x": 317, "y": 199, "width": 634, "height": 398 },
			"sjcb_UR_00054_": { "x": 317, "y": 199, "width": 634, "height": 398 },
			"sjcb_UR_00057_": { "x": 317, "y": 199, "width": 634, "height": 398 },
			"sjcb_UR_00060_": { "x": 317, "y": 199, "width": 634, "height": 398 }
		}
	}
},
"animations": {
	"animation": {
		"slots": {
			"sjcb_DL_": {
				"attachment": [
					{ "time": 0, "name": "sjcb_DL_00000_" },
					{ "time": 0.1, "name": "sjcb_DL_00003_" },
					{ "time": 0.2, "name": "sjcb_DL_00006_" },
					{ "time": 0.3, "name": "sjcb_DL_00009_" },
					{ "time": 0.4, "name": "sjcb_DL_00012_" },
					{ "time": 0.5, "name": "sjcb_DL_00015_" },
					{ "time": 0.6, "name": "sjcb_DL_00018_" },
					{ "time": 0.7, "name": "sjcb_DL_00021_" },
					{ "time": 0.8, "name": "sjcb_DL_00024_" },
					{ "time": 0.9, "name": "sjcb_DL_00027_" },
					{ "time": 1, "name": "sjcb_DL_00030_" },
					{ "time": 1.1, "name": "sjcb_DL_00033_" },
					{ "time": 1.2, "name": "sjcb_DL_00036_" },
					{ "time": 1.3, "name": "sjcb_DL_00039_" },
					{ "time": 1.4, "name": "sjcb_DL_00042_" },
					{ "time": 1.5, "name": "sjcb_DL_00045_" },
					{ "time": 1.6, "name": "sjcb_DL_00048_" },
					{ "time": 1.7, "name": "sjcb_DL_00051_" },
					{ "time": 1.8, "name": "sjcb_DL_00054_" },
					{ "time": 1.9, "name": "sjcb_DL_00057_" },
					{ "time": 2, "name": "sjcb_DL_00060_" }
				]
			},
			"sjcb_DL_2": {
				"attachment": [
					{ "time": 0, "name": "sjcb_DL_00000_" },
					{ "time": 0.1, "name": "sjcb_DL_00003_" },
					{ "time": 0.2, "name": "sjcb_DL_00006_" },
					{ "time": 0.3, "name": "sjcb_DL_00009_" },
					{ "time": 0.4, "name": "sjcb_DL_00012_" },
					{ "time": 0.5, "name": "sjcb_DL_00015_" },
					{ "time": 0.6, "name": "sjcb_DL_00018_" },
					{ "time": 0.7, "name": "sjcb_DL_00021_" },
					{ "time": 0.8, "name": "sjcb_DL_00024_" },
					{ "time": 0.9, "name": "sjcb_DL_00027_" },
					{ "time": 1, "name": "sjcb_DL_00030_" },
					{ "time": 1.1, "name": "sjcb_DL_00033_" },
					{ "time": 1.2, "name": "sjcb_DL_00036_" },
					{ "time": 1.3, "name": "sjcb_DL_00039_" },
					{ "time": 1.4, "name": "sjcb_DL_00042_" },
					{ "time": 1.5, "name": "sjcb_DL_00045_" },
					{ "time": 1.6, "name": "sjcb_DL_00048_" },
					{ "time": 1.7, "name": "sjcb_DL_00051_" },
					{ "time": 1.8, "name": "sjcb_DL_00054_" },
					{ "time": 1.9, "name": "sjcb_DL_00057_" },
					{ "time": 2, "name": "sjcb_DL_00060_" }
				]
			},
			"sjcb_DR_": {
				"attachment": [
					{ "time": 0, "name": "sjcb_DR_00000_" },
					{ "time": 0.1, "name": "sjcb_DR_00003_" },
					{ "time": 0.2, "name": "sjcb_DR_00006_" },
					{ "time": 0.3, "name": "sjcb_DR_00009_" },
					{ "time": 0.4, "name": "sjcb_DR_00012_" },
					{ "time": 0.5, "name": "sjcb_DR_00015_" },
					{ "time": 0.6, "name": "sjcb_DR_00018_" },
					{ "time": 0.7, "name": "sjcb_DR_00021_" },
					{ "time": 0.8, "name": "sjcb_DR_00024_" },
					{ "time": 0.9, "name": "sjcb_DR_00027_" },
					{ "time": 1, "name": "sjcb_DR_00030_" },
					{ "time": 1.1, "name": "sjcb_DR_00033_" },
					{ "time": 1.2, "name": "sjcb_DR_00036_" },
					{ "time": 1.3, "name": "sjcb_DR_00039_" },
					{ "time": 1.4, "name": "sjcb_DR_00042_" },
					{ "time": 1.5, "name": "sjcb_DR_00045_" },
					{ "time": 1.6, "name": "sjcb_DR_00048_" },
					{ "time": 1.7, "name": "sjcb_DR_00051_" },
					{ "time": 1.8, "name": "sjcb_DR_00054_" },
					{ "time": 1.9, "name": "sjcb_DR_00057_" },
					{ "time": 2, "name": "sjcb_DR_00060_" }
				]
			},
			"sjcb_DR_2": {
				"attachment": [
					{ "time": 0, "name": "sjcb_DR_00000_" },
					{ "time": 0.1, "name": "sjcb_DR_00003_" },
					{ "time": 0.2, "name": "sjcb_DR_00006_" },
					{ "time": 0.3, "name": "sjcb_DR_00009_" },
					{ "time": 0.4, "name": "sjcb_DR_00012_" },
					{ "time": 0.5, "name": "sjcb_DR_00015_" },
					{ "time": 0.6, "name": "sjcb_DR_00018_" },
					{ "time": 0.7, "name": "sjcb_DR_00021_" },
					{ "time": 0.8, "name": "sjcb_DR_00024_" },
					{ "time": 0.9, "name": "sjcb_DR_00027_" },
					{ "time": 1, "name": "sjcb_DR_00030_" },
					{ "time": 1.1, "name": "sjcb_DR_00033_" },
					{ "time": 1.2, "name": "sjcb_DR_00036_" },
					{ "time": 1.3, "name": "sjcb_DR_00039_" },
					{ "time": 1.4, "name": "sjcb_DR_00042_" },
					{ "time": 1.5, "name": "sjcb_DR_00045_" },
					{ "time": 1.6, "name": "sjcb_DR_00048_" },
					{ "time": 1.7, "name": "sjcb_DR_00051_" },
					{ "time": 1.8, "name": "sjcb_DR_00054_" },
					{ "time": 1.9, "name": "sjcb_DR_00057_" },
					{ "time": 2, "name": "sjcb_DR_00060_" }
				]
			},
			"sjcb_UL_": {
				"attachment": [
					{ "time": 0, "name": "sjcb_UL_00000_" },
					{ "time": 0.1, "name": "sjcb_UL_00003_" },
					{ "time": 0.2, "name": "sjcb_UL_00006_" },
					{ "time": 0.3, "name": "sjcb_UL_00009_" },
					{ "time": 0.4, "name": "sjcb_UL_00012_" },
					{ "time": 0.5, "name": "sjcb_UL_00015_" },
					{ "time": 0.6, "name": "sjcb_UL_00018_" },
					{ "time": 0.7, "name": "sjcb_UL_00021_" },
					{ "time": 0.8, "name": "sjcb_UL_00024_" },
					{ "time": 0.9, "name": "sjcb_UL_00027_" },
					{ "time": 1, "name": "sjcb_UL_00030_" },
					{ "time": 1.1, "name": "sjcb_UL_00033_" },
					{ "time": 1.2, "name": "sjcb_UL_00036_" },
					{ "time": 1.3, "name": "sjcb_UL_00039_" },
					{ "time": 1.4, "name": "sjcb_UL_00042_" },
					{ "time": 1.5, "name": "sjcb_UL_00045_" },
					{ "time": 1.6, "name": "sjcb_UL_00048_" },
					{ "time": 1.7, "name": "sjcb_UL_00051_" },
					{ "time": 1.8, "name": "sjcb_UL_00054_" },
					{ "time": 1.9, "name": "sjcb_UL_00057_" },
					{ "time": 2, "name": "sjcb_UL_00060_" }
				]
			},
			"sjcb_UL_2": {
				"attachment": [
					{ "time": 0, "name": "sjcb_UL_00000_" },
					{ "time": 0.1, "name": "sjcb_UL_00003_" },
					{ "time": 0.2, "name": "sjcb_UL_00006_" },
					{ "time": 0.3, "name": "sjcb_UL_00009_" },
					{ "time": 0.4, "name": "sjcb_UL_00012_" },
					{ "time": 0.5, "name": "sjcb_UL_00015_" },
					{ "time": 0.6, "name": "sjcb_UL_00018_" },
					{ "time": 0.7, "name": "sjcb_UL_00021_" },
					{ "time": 0.8, "name": "sjcb_UL_00024_" },
					{ "time": 0.9, "name": "sjcb_UL_00027_" },
					{ "time": 1, "name": "sjcb_UL_00030_" },
					{ "time": 1.1, "name": "sjcb_UL_00033_" },
					{ "time": 1.2, "name": "sjcb_UL_00036_" },
					{ "time": 1.3, "name": "sjcb_UL_00039_" },
					{ "time": 1.4, "name": "sjcb_UL_00042_" },
					{ "time": 1.5, "name": "sjcb_UL_00045_" },
					{ "time": 1.6, "name": "sjcb_UL_00048_" },
					{ "time": 1.7, "name": "sjcb_UL_00051_" },
					{ "time": 1.8, "name": "sjcb_UL_00054_" },
					{ "time": 1.9, "name": "sjcb_UL_00057_" },
					{ "time": 2, "name": "sjcb_UL_00060_" }
				]
			},
			"sjcb_UR_": {
				"attachment": [
					{ "time": 0, "name": "sjcb_UR_00000_" },
					{ "time": 0.1, "name": "sjcb_UR_00003_" },
					{ "time": 0.2, "name": "sjcb_UR_00006_" },
					{ "time": 0.3, "name": "sjcb_UR_00009_" },
					{ "time": 0.4, "name": "sjcb_UR_00012_" },
					{ "time": 0.5, "name": "sjcb_UR_00015_" },
					{ "time": 0.6, "name": "sjcb_UR_00018_" },
					{ "time": 0.7, "name": "sjcb_UR_00021_" },
					{ "time": 0.8, "name": "sjcb_UR_00024_" },
					{ "time": 0.9, "name": "sjcb_UR_00027_" },
					{ "time": 1, "name": "sjcb_UR_00030_" },
					{ "time": 1.1, "name": "sjcb_UR_00033_" },
					{ "time": 1.2, "name": "sjcb_UR_00036_" },
					{ "time": 1.3, "name": "sjcb_UR_00039_" },
					{ "time": 1.4, "name": "sjcb_UR_00042_" },
					{ "time": 1.5, "name": "sjcb_UR_00045_" },
					{ "time": 1.6, "name": "sjcb_UR_00048_" },
					{ "time": 1.7, "name": "sjcb_UR_00051_" },
					{ "time": 1.8, "name": "sjcb_UR_00054_" },
					{ "time": 1.9, "name": "sjcb_UR_00057_" },
					{ "time": 2, "name": "sjcb_UR_00060_" }
				]
			},
			"sjcb_UR_2": {
				"attachment": [
					{ "time": 0, "name": "sjcb_UR_00000_" },
					{ "time": 0.1, "name": "sjcb_UR_00003_" },
					{ "time": 0.2, "name": "sjcb_UR_00006_" },
					{ "time": 0.3, "name": "sjcb_UR_00009_" },
					{ "time": 0.4, "name": "sjcb_UR_00012_" },
					{ "time": 0.5, "name": "sjcb_UR_00015_" },
					{ "time": 0.6, "name": "sjcb_UR_00018_" },
					{ "time": 0.7, "name": "sjcb_UR_00021_" },
					{ "time": 0.8, "name": "sjcb_UR_00024_" },
					{ "time": 0.9, "name": "sjcb_UR_00027_" },
					{ "time": 1, "name": "sjcb_UR_00030_" },
					{ "time": 1.1, "name": "sjcb_UR_00033_" },
					{ "time": 1.2, "name": "sjcb_UR_00036_" },
					{ "time": 1.3, "name": "sjcb_UR_00039_" },
					{ "time": 1.4, "name": "sjcb_UR_00042_" },
					{ "time": 1.5, "name": "sjcb_UR_00045_" },
					{ "time": 1.6, "name": "sjcb_UR_00048_" },
					{ "time": 1.7, "name": "sjcb_UR_00051_" },
					{ "time": 1.8, "name": "sjcb_UR_00054_" },
					{ "time": 1.9, "name": "sjcb_UR_00057_" },
					{ "time": 2, "name": "sjcb_UR_00060_" }
				]
			}
		},
		"bones": {
			"ctr": {
				"translate": [
					{ "time": 0, "x": 0, "y": 0 }
				]
			},
			"ctr2": {
				"translate": [
					{ "time": 0, "x": 0, "y": 0 }
				]
			}
		}
	}
}
}