{
"skeleton": { "hash": "hSC5SoTRVmHjxEvscMiEI2ON+gg", "spine": "2.1.27", "width": 0, "height": 0 },
"bones": [
	{ "name": "root" }
],
"slots": [
	{ "name": "deguopifu_diji_", "bone": "root" }
],
"skins": {
	"default": {
		"deguopifu_diji_": {
			"deguopifu_diji_": { "x": -10, "y": 98, "width": 278, "height": 196 }
		}
	}
},
"animations": {
	"animation": {
		"slots": {
			"deguopifu_diji_": {
				"attachment": [
					{ "time": 0, "name": "deguopifu_diji_" }
				]
			}
		},
		"bones": {
			"root": {
				"rotate": [
					{ "time": 0, "angle": 0, "curve": "stepped" },
					{ "time": 0.1666, "angle": 0 }
				],
				"translate": [
					{ "time": 0, "x": 0, "y": 0, "curve": "stepped" },
					{ "time": 0.1666, "x": 0, "y": 0 }
				],
				"scale": [
					{ "time": 0, "x": 1, "y": 1, "curve": "stepped" },
					{ "time": 0.1666, "x": 1, "y": 1 }
				]
			}
		}
	}
}
}