{
"skeleton": { "hash": "tGXX1PCj1mAXF++o0GUHdd1F/WU", "spine": "2.1.27", "width": 0, "height": 0 },
"bones": [
	{ "name": "root" },
	{ "name": "bone", "parent": "root", "y": 190, "scaleX": 1.43, "scaleY": 1.43 },
	{ "name": "bone2", "parent": "root", "y": 190, "scaleX": -1.43, "scaleY": 1.43 }
],
"slots": [
	{ "name": "BHchibang_086_", "bone": "bone" },
	{ "name": "BHchibang_086_2", "bone": "bone2" },
	{ "name": "BHchibang_085_", "bone": "bone" },
	{ "name": "BHchibang_085_2", "bone": "bone2" },
	{ "name": "BHchibang_084_", "bone": "bone" },
	{ "name": "BHchibang_084_2", "bone": "bone2" },
	{ "name": "BHchibang_083_", "bone": "bone" },
	{ "name": "BHchibang_083_2", "bone": "bone2" },
	{ "name": "BHchibang_082_", "bone": "bone" },
	{ "name": "BHchibang_082_2", "bone": "bone2" },
	{ "name": "BHchibang_081_", "bone": "bone" },
	{ "name": "BHchibang_081_2", "bone": "bone2" },
	{ "name": "BHchibang_080_", "bone": "bone" },
	{ "name": "BHchibang_080_2", "bone": "bone2" },
	{ "name": "BHchibang_079_", "bone": "bone" },
	{ "name": "BHchibang_079_2", "bone": "bone2" },
	{ "name": "BHchibang_078_", "bone": "bone" },
	{ "name": "BHchibang_078_2", "bone": "bone2" },
	{ "name": "BHchibang_077_", "bone": "bone" },
	{ "name": "BHchibang_077_2", "bone": "bone2" },
	{ "name": "BHchibang_076_", "bone": "bone" },
	{ "name": "BHchibang_076_2", "bone": "bone2" },
	{ "name": "BHchibang_075_", "bone": "bone" },
	{ "name": "BHchibang_075_2", "bone": "bone2" },
	{ "name": "BHchibang_074_", "bone": "bone" },
	{ "name": "BHchibang_074_2", "bone": "bone2" },
	{ "name": "BHchibang_073_", "bone": "bone" },
	{ "name": "BHchibang_073_2", "bone": "bone2" },
	{ "name": "BHchibang_072_", "bone": "bone" },
	{ "name": "BHchibang_072_2", "bone": "bone2" },
	{ "name": "BHchibang_071_", "bone": "bone" },
	{ "name": "BHchibang_071_2", "bone": "bone2" },
	{ "name": "BHchibang_070_", "bone": "bone" },
	{ "name": "BHchibang_070_2", "bone": "bone2" },
	{ "name": "BHchibang_069_", "bone": "bone" },
	{ "name": "BHchibang_069_2", "bone": "bone2" },
	{ "name": "BHchibang_068_", "bone": "bone" },
	{ "name": "BHchibang_068_2", "bone": "bone2" },
	{ "name": "BHchibang_067_", "bone": "bone" },
	{ "name": "BHchibang_067_2", "bone": "bone2" },
	{ "name": "BHchibang_066_", "bone": "bone" },
	{ "name": "BHchibang_066_2", "bone": "bone2" },
	{ "name": "BHchibang_065_", "bone": "bone" },
	{ "name": "BHchibang_065_2", "bone": "bone2" },
	{ "name": "BHchibang_064_", "bone": "bone" },
	{ "name": "BHchibang_064_2", "bone": "bone2" },
	{ "name": "BHchibang_063_", "bone": "bone" },
	{ "name": "BHchibang_063_2", "bone": "bone2" },
	{ "name": "BHchibang_062_", "bone": "bone" },
	{ "name": "BHchibang_062_2", "bone": "bone2" },
	{ "name": "BHchibang_061_", "bone": "bone" },
	{ "name": "BHchibang_061_2", "bone": "bone2" },
	{ "name": "BHchibang_060_", "bone": "bone" },
	{ "name": "BHchibang_060_2", "bone": "bone2" },
	{ "name": "BHchibang_059_", "bone": "bone" },
	{ "name": "BHchibang_059_2", "bone": "bone2" },
	{ "name": "BHchibang_058_", "bone": "bone" },
	{ "name": "BHchibang_058_2", "bone": "bone2" },
	{ "name": "BHchibang_057_", "bone": "bone" },
	{ "name": "BHchibang_057_2", "bone": "bone2" },
	{ "name": "BHchibang_056_", "bone": "bone" },
	{ "name": "BHchibang_056_2", "bone": "bone2" },
	{ "name": "BHchibang_055_", "bone": "bone" },
	{ "name": "BHchibang_055_2", "bone": "bone2" },
	{ "name": "BHchibang_054_", "bone": "bone" },
	{ "name": "BHchibang_054_2", "bone": "bone2" },
	{ "name": "BHchibang_053_", "bone": "bone" },
	{ "name": "BHchibang_053_2", "bone": "bone2" },
	{ "name": "BHchibang_052_", "bone": "bone" },
	{ "name": "BHchibang_052_2", "bone": "bone2" },
	{ "name": "BHchibang_051_", "bone": "bone" },
	{ "name": "BHchibang_051_2", "bone": "bone2" },
	{ "name": "BHchibang_050_", "bone": "bone" },
	{ "name": "BHchibang_050_2", "bone": "bone2" },
	{ "name": "BHchibang_049_", "bone": "bone" },
	{ "name": "BHchibang_049_2", "bone": "bone2" },
	{ "name": "BHchibang_048_", "bone": "bone" },
	{ "name": "BHchibang_048_2", "bone": "bone2" },
	{ "name": "BHchibang_047_", "bone": "bone" },
	{ "name": "BHchibang_047_2", "bone": "bone2" },
	{ "name": "BHchibang_046_", "bone": "bone" },
	{ "name": "BHchibang_046_2", "bone": "bone2" },
	{ "name": "BHchibang_045_", "bone": "bone" },
	{ "name": "BHchibang_045_2", "bone": "bone2" },
	{ "name": "BHchibang_044_", "bone": "bone" },
	{ "name": "BHchibang_044_2", "bone": "bone2" },
	{ "name": "BHchibang_043_", "bone": "bone" },
	{ "name": "BHchibang_043_2", "bone": "bone2" }
],
"skins": {
	"default": {
		"BHchibang_043_": {
			"BHchibang_043_": { "x": -167.5, "y": 22.5, "width": 223, "height": 341 }
		},
		"BHchibang_043_2": {
			"BHchibang_043_": { "x": -167.5, "y": 22.5, "width": 223, "height": 341 }
		},
		"BHchibang_044_": {
			"BHchibang_044_": { "x": -170, "y": 32, "width": 226, "height": 348 }
		},
		"BHchibang_044_2": {
			"BHchibang_044_": { "x": -170, "y": 32, "width": 226, "height": 348 }
		},
		"BHchibang_045_": {
			"BHchibang_045_": { "x": -172, "y": 38.5, "width": 228, "height": 359 }
		},
		"BHchibang_045_2": {
			"BHchibang_045_": { "x": -172, "y": 38.5, "width": 228, "height": 359 }
		},
		"BHchibang_046_": {
			"BHchibang_046_": { "x": -165, "y": 38.5, "width": 246, "height": 365 }
		},
		"BHchibang_046_2": {
			"BHchibang_046_": { "x": -165, "y": 38.5, "width": 246, "height": 365 }
		},
		"BHchibang_047_": {
			"BHchibang_047_": { "x": -166, "y": 32, "width": 240, "height": 362 }
		},
		"BHchibang_047_2": {
			"BHchibang_047_": { "x": -166, "y": 32, "width": 240, "height": 362 }
		},
		"BHchibang_048_": {
			"BHchibang_048_": { "x": -170.5, "y": 23, "width": 239, "height": 360 }
		},
		"BHchibang_048_2": {
			"BHchibang_048_": { "x": -170.5, "y": 23, "width": 239, "height": 360 }
		},
		"BHchibang_049_": {
			"BHchibang_049_": { "x": -162, "y": 17, "width": 222, "height": 364 }
		},
		"BHchibang_049_2": {
			"BHchibang_049_": { "x": -162, "y": 17, "width": 222, "height": 364 }
		},
		"BHchibang_050_": {
			"BHchibang_050_": { "x": -153, "y": 13, "width": 204, "height": 366 }
		},
		"BHchibang_050_2": {
			"BHchibang_050_": { "x": -153, "y": 13, "width": 204, "height": 366 }
		},
		"BHchibang_051_": {
			"BHchibang_051_": { "x": -153, "y": 10, "width": 196, "height": 362 }
		},
		"BHchibang_051_2": {
			"BHchibang_051_": { "x": -153, "y": 10, "width": 196, "height": 362 }
		},
		"BHchibang_052_": {
			"BHchibang_052_": { "x": -151, "y": 7.5, "width": 188, "height": 355 }
		},
		"BHchibang_052_2": {
			"BHchibang_052_": { "x": -151, "y": 7.5, "width": 188, "height": 355 }
		},
		"BHchibang_053_": {
			"BHchibang_053_": { "x": -151.5, "y": 1.5, "width": 187, "height": 341 }
		},
		"BHchibang_053_2": {
			"BHchibang_053_": { "x": -151.5, "y": 1.5, "width": 187, "height": 341 }
		},
		"BHchibang_054_": {
			"BHchibang_054_": { "x": -157.5, "y": -6.5, "width": 195, "height": 327 }
		},
		"BHchibang_054_2": {
			"BHchibang_054_": { "x": -157.5, "y": -6.5, "width": 195, "height": 327 }
		},
		"BHchibang_055_": {
			"BHchibang_055_": { "x": -169, "y": -13, "width": 222, "height": 320 }
		},
		"BHchibang_055_2": {
			"BHchibang_055_": { "x": -169, "y": -13, "width": 222, "height": 320 }
		},
		"BHchibang_056_": {
			"BHchibang_056_": { "x": -176, "y": -18, "width": 232, "height": 316 }
		},
		"BHchibang_056_2": {
			"BHchibang_056_": { "x": -176, "y": -18, "width": 232, "height": 316 }
		},
		"BHchibang_057_": {
			"BHchibang_057_": { "x": -177, "y": -16, "width": 224, "height": 322 }
		},
		"BHchibang_057_2": {
			"BHchibang_057_": { "x": -177, "y": -16, "width": 224, "height": 322 }
		},
		"BHchibang_058_": {
			"BHchibang_058_": { "x": -176, "y": -6, "width": 222, "height": 338 }
		},
		"BHchibang_058_2": {
			"BHchibang_058_": { "x": -176, "y": -6, "width": 222, "height": 338 }
		},
		"BHchibang_059_": {
			"BHchibang_059_": { "x": -167.5, "y": -0.5, "width": 225, "height": 337 }
		},
		"BHchibang_059_2": {
			"BHchibang_059_": { "x": -167.5, "y": -0.5, "width": 225, "height": 337 }
		},
		"BHchibang_060_": {
			"BHchibang_060_": { "x": -151, "y": 3, "width": 234, "height": 330 }
		},
		"BHchibang_060_2": {
			"BHchibang_060_": { "x": -151, "y": 3, "width": 234, "height": 330 }
		},
		"BHchibang_061_": {
			"BHchibang_061_": { "x": -131.5, "y": 6, "width": 259, "height": 324 }
		},
		"BHchibang_061_2": {
			"BHchibang_061_": { "x": -131.5, "y": 6, "width": 259, "height": 324 }
		},
		"BHchibang_062_": {
			"BHchibang_062_": { "x": -116.5, "y": -1, "width": 257, "height": 292 }
		},
		"BHchibang_062_2": {
			"BHchibang_062_": { "x": -116.5, "y": -1, "width": 257, "height": 292 }
		},
		"BHchibang_063_": {
			"BHchibang_063_": { "x": -109, "y": 0.5, "width": 260, "height": 321 }
		},
		"BHchibang_063_2": {
			"BHchibang_063_": { "x": -109, "y": 0.5, "width": 260, "height": 321 }
		},
		"BHchibang_064_": {
			"BHchibang_064_": { "x": -120, "y": 6.5, "width": 274, "height": 347 }
		},
		"BHchibang_064_2": {
			"BHchibang_064_": { "x": -120, "y": 6.5, "width": 274, "height": 347 }
		},
		"BHchibang_065_": {
			"BHchibang_065_": { "x": -129, "y": 9, "width": 282, "height": 354 }
		},
		"BHchibang_065_2": {
			"BHchibang_065_": { "x": -129, "y": 9, "width": 282, "height": 354 }
		},
		"BHchibang_066_": {
			"BHchibang_066_": { "x": -148, "y": 12, "width": 222, "height": 358 }
		},
		"BHchibang_066_2": {
			"BHchibang_066_": { "x": -148, "y": 12, "width": 222, "height": 358 }
		},
		"BHchibang_067_": {
			"BHchibang_067_": { "x": -151.5, "y": 10, "width": 225, "height": 358 }
		},
		"BHchibang_067_2": {
			"BHchibang_067_": { "x": -151.5, "y": 10, "width": 225, "height": 358 }
		},
		"BHchibang_068_": {
			"BHchibang_068_": { "x": -154.5, "y": 5, "width": 229, "height": 358 }
		},
		"BHchibang_068_2": {
			"BHchibang_068_": { "x": -154.5, "y": 5, "width": 229, "height": 358 }
		},
		"BHchibang_069_": {
			"BHchibang_069_": { "x": -159.5, "y": -0.5, "width": 235, "height": 357 }
		},
		"BHchibang_069_2": {
			"BHchibang_069_": { "x": -159.5, "y": -0.5, "width": 235, "height": 357 }
		},
		"BHchibang_070_": {
			"BHchibang_070_": { "x": -164.5, "y": -5.5, "width": 241, "height": 355 }
		},
		"BHchibang_070_2": {
			"BHchibang_070_": { "x": -164.5, "y": -5.5, "width": 241, "height": 355 }
		},
		"BHchibang_071_": {
			"BHchibang_071_": { "x": -168.5, "y": -9.5, "width": 245, "height": 353 }
		},
		"BHchibang_071_2": {
			"BHchibang_071_": { "x": -168.5, "y": -9.5, "width": 245, "height": 353 }
		},
		"BHchibang_072_": {
			"BHchibang_072_": { "x": -171.5, "y": -12, "width": 249, "height": 348 }
		},
		"BHchibang_072_2": {
			"BHchibang_072_": { "x": -171.5, "y": -12, "width": 249, "height": 348 }
		},
		"BHchibang_073_": {
			"BHchibang_073_": { "x": -172, "y": -12, "width": 258, "height": 346 }
		},
		"BHchibang_073_2": {
			"BHchibang_073_": { "x": -172, "y": -12, "width": 258, "height": 346 }
		},
		"BHchibang_074_": {
			"BHchibang_074_": { "x": -175.5, "y": -9, "width": 259, "height": 344 }
		},
		"BHchibang_074_2": {
			"BHchibang_074_": { "x": -175.5, "y": -9, "width": 259, "height": 344 }
		},
		"BHchibang_075_": {
			"BHchibang_075_": { "x": -178, "y": -5, "width": 264, "height": 342 }
		},
		"BHchibang_075_2": {
			"BHchibang_075_": { "x": -178, "y": -5, "width": 264, "height": 342 }
		},
		"BHchibang_076_": {
			"BHchibang_076_": { "x": -178.5, "y": 2.5, "width": 269, "height": 343 }
		},
		"BHchibang_076_2": {
			"BHchibang_076_": { "x": -178.5, "y": 2.5, "width": 269, "height": 343 }
		},
		"BHchibang_077_": {
			"BHchibang_077_": { "x": -177, "y": 12.5, "width": 268, "height": 345 }
		},
		"BHchibang_077_2": {
			"BHchibang_077_": { "x": -177, "y": 12.5, "width": 268, "height": 345 }
		},
		"BHchibang_078_": {
			"BHchibang_078_": { "x": -173.5, "y": 23, "width": 263, "height": 350 }
		},
		"BHchibang_078_2": {
			"BHchibang_078_": { "x": -173.5, "y": 23, "width": 263, "height": 350 }
		},
		"BHchibang_079_": {
			"BHchibang_079_": { "x": -165.5, "y": 33, "width": 255, "height": 354 }
		},
		"BHchibang_079_2": {
			"BHchibang_079_": { "x": -165.5, "y": 33, "width": 255, "height": 354 }
		},
		"BHchibang_080_": {
			"BHchibang_080_": { "x": -158.5, "y": 37, "width": 245, "height": 362 }
		},
		"BHchibang_080_2": {
			"BHchibang_080_": { "x": -158.5, "y": 37, "width": 245, "height": 362 }
		},
		"BHchibang_081_": {
			"BHchibang_081_": { "x": -151.5, "y": 36.5, "width": 237, "height": 369 }
		},
		"BHchibang_081_2": {
			"BHchibang_081_": { "x": -151.5, "y": 36.5, "width": 237, "height": 369 }
		},
		"BHchibang_082_": {
			"BHchibang_082_": { "x": -152.5, "y": 34, "width": 243, "height": 374 }
		},
		"BHchibang_082_2": {
			"BHchibang_082_": { "x": -152.5, "y": 34, "width": 243, "height": 374 }
		},
		"BHchibang_083_": {
			"BHchibang_083_": { "x": -145.5, "y": 29, "width": 231, "height": 374 }
		},
		"BHchibang_083_2": {
			"BHchibang_083_": { "x": -145.5, "y": 29, "width": 231, "height": 374 }
		},
		"BHchibang_084_": {
			"BHchibang_084_": { "x": -144, "y": 22, "width": 224, "height": 374 }
		},
		"BHchibang_084_2": {
			"BHchibang_084_": { "x": -144, "y": 22, "width": 224, "height": 374 }
		},
		"BHchibang_085_": {
			"BHchibang_085_": { "x": -144, "y": 15, "width": 214, "height": 368 }
		},
		"BHchibang_085_2": {
			"BHchibang_085_": { "x": -144, "y": 15, "width": 214, "height": 368 }
		},
		"BHchibang_086_": {
			"BHchibang_086_": { "x": -149, "y": 8.5, "width": 216, "height": 361 }
		},
		"BHchibang_086_2": {
			"BHchibang_086_": { "x": -149, "y": 8.5, "width": 216, "height": 361 }
		}
	}
},
"animations": {
	"animation": {
		"slots": {
			"BHchibang_043_": {
				"attachment": [
					{ "time": 0, "name": null },
					{ "time": 5.6666, "name": "BHchibang_043_" },
					{ "time": 5.7333, "name": "BHchibang_043_" },
					{ "time": 5.8, "name": null }
				]
			},
			"BHchibang_043_2": {
				"attachment": [
					{ "time": 0, "name": null },
					{ "time": 5.6666, "name": "BHchibang_043_" },
					{ "time": 5.7333, "name": "BHchibang_043_" },
					{ "time": 5.8, "name": null }
				]
			},
			"BHchibang_044_": {
				"attachment": [
					{ "time": 0, "name": null },
					{ "time": 5.7333, "name": null },
					{ "time": 5.8, "name": "BHchibang_044_" },
					{ "time": 5.8666, "name": "BHchibang_044_" },
					{ "time": 5.9333, "name": null }
				]
			},
			"BHchibang_044_2": {
				"attachment": [
					{ "time": 0, "name": null },
					{ "time": 5.7333, "name": null },
					{ "time": 5.8, "name": "BHchibang_044_" },
					{ "time": 5.8666, "name": "BHchibang_044_" },
					{ "time": 5.9333, "name": null }
				]
			},
			"BHchibang_045_": {
				"attachment": [
					{ "time": 0, "name": null },
					{ "time": 5.8666, "name": null },
					{ "time": 5.9333, "name": "BHchibang_045_" },
					{ "time": 6, "name": "BHchibang_045_" },
					{ "time": 6.0666, "name": null }
				]
			},
			"BHchibang_045_2": {
				"attachment": [
					{ "time": 0, "name": null },
					{ "time": 5.8666, "name": null },
					{ "time": 5.9333, "name": "BHchibang_045_" },
					{ "time": 6, "name": "BHchibang_045_" },
					{ "time": 6.0666, "name": null }
				]
			},
			"BHchibang_046_": {
				"attachment": [
					{ "time": 0, "name": null },
					{ "time": 6, "name": null },
					{ "time": 6.0666, "name": "BHchibang_046_" },
					{ "time": 6.1333, "name": "BHchibang_046_" },
					{ "time": 6.1666, "name": null }
				]
			},
			"BHchibang_046_2": {
				"attachment": [
					{ "time": 0, "name": null },
					{ "time": 6, "name": null },
					{ "time": 6.0666, "name": "BHchibang_046_" },
					{ "time": 6.1333, "name": "BHchibang_046_" },
					{ "time": 6.1666, "name": null }
				]
			},
			"BHchibang_047_": {
				"attachment": [
					{ "time": 0, "name": null },
					{ "time": 6.1333, "name": null },
					{ "time": 6.1666, "name": "BHchibang_047_" },
					{ "time": 6.2333, "name": "BHchibang_047_" },
					{ "time": 6.3, "name": null }
				]
			},
			"BHchibang_047_2": {
				"attachment": [
					{ "time": 0, "name": null },
					{ "time": 6.1333, "name": null },
					{ "time": 6.1666, "name": "BHchibang_047_" },
					{ "time": 6.2333, "name": "BHchibang_047_" },
					{ "time": 6.3, "name": null }
				]
			},
			"BHchibang_048_": {
				"attachment": [
					{ "time": 0, "name": null },
					{ "time": 6.2333, "name": null },
					{ "time": 6.3, "name": "BHchibang_048_" },
					{ "time": 6.3666, "name": "BHchibang_048_" },
					{ "time": 6.4333, "name": null }
				]
			},
			"BHchibang_048_2": {
				"attachment": [
					{ "time": 0, "name": null },
					{ "time": 6.2333, "name": null },
					{ "time": 6.3, "name": "BHchibang_048_" },
					{ "time": 6.3666, "name": "BHchibang_048_" },
					{ "time": 6.4333, "name": null }
				]
			},
			"BHchibang_049_": {
				"attachment": [
					{ "time": 0, "name": null },
					{ "time": 6.3666, "name": null },
					{ "time": 6.4333, "name": "BHchibang_049_" },
					{ "time": 6.5, "name": "BHchibang_049_" },
					{ "time": 6.5666, "name": null }
				]
			},
			"BHchibang_049_2": {
				"attachment": [
					{ "time": 0, "name": null },
					{ "time": 6.3666, "name": null },
					{ "time": 6.4333, "name": "BHchibang_049_" },
					{ "time": 6.5, "name": "BHchibang_049_" },
					{ "time": 6.5666, "name": null }
				]
			},
			"BHchibang_050_": {
				"attachment": [
					{ "time": 0, "name": null },
					{ "time": 6.5, "name": null },
					{ "time": 6.5666, "name": "BHchibang_050_" },
					{ "time": 6.6333, "name": "BHchibang_050_" },
					{ "time": 6.7, "name": null }
				]
			},
			"BHchibang_050_2": {
				"attachment": [
					{ "time": 0, "name": null },
					{ "time": 6.5, "name": null },
					{ "time": 6.5666, "name": "BHchibang_050_" },
					{ "time": 6.6333, "name": "BHchibang_050_" },
					{ "time": 6.7, "name": null }
				]
			},
			"BHchibang_051_": {
				"attachment": [
					{ "time": 0, "name": null },
					{ "time": 6.6333, "name": null },
					{ "time": 6.7, "name": "BHchibang_051_" },
					{ "time": 6.7666, "name": "BHchibang_051_" },
					{ "time": 6.8333, "name": null }
				]
			},
			"BHchibang_051_2": {
				"attachment": [
					{ "time": 0, "name": null },
					{ "time": 6.6333, "name": null },
					{ "time": 6.7, "name": "BHchibang_051_" },
					{ "time": 6.7666, "name": "BHchibang_051_" },
					{ "time": 6.8333, "name": null }
				]
			},
			"BHchibang_052_": {
				"attachment": [
					{ "time": 0, "name": null },
					{ "time": 6.7666, "name": null },
					{ "time": 6.8333, "name": "BHchibang_052_" },
					{ "time": 6.9, "name": "BHchibang_052_" },
					{ "time": 6.9666, "name": null }
				]
			},
			"BHchibang_052_2": {
				"attachment": [
					{ "time": 0, "name": null },
					{ "time": 6.7666, "name": null },
					{ "time": 6.8333, "name": "BHchibang_052_" },
					{ "time": 6.9, "name": "BHchibang_052_" },
					{ "time": 6.9666, "name": null }
				]
			},
			"BHchibang_053_": {
				"attachment": [
					{ "time": 0, "name": null },
					{ "time": 6.9, "name": null },
					{ "time": 6.9666, "name": "BHchibang_053_" },
					{ "time": 7.0333, "name": "BHchibang_053_" },
					{ "time": 7.0666, "name": null }
				]
			},
			"BHchibang_053_2": {
				"attachment": [
					{ "time": 0, "name": null },
					{ "time": 6.9, "name": null },
					{ "time": 6.9666, "name": "BHchibang_053_" },
					{ "time": 7.0333, "name": "BHchibang_053_" },
					{ "time": 7.0666, "name": null }
				]
			},
			"BHchibang_054_": {
				"attachment": [
					{ "time": 0, "name": null },
					{ "time": 7.0333, "name": null },
					{ "time": 7.0666, "name": "BHchibang_054_" },
					{ "time": 7.1333, "name": "BHchibang_054_" },
					{ "time": 7.2, "name": null }
				]
			},
			"BHchibang_054_2": {
				"attachment": [
					{ "time": 0, "name": null },
					{ "time": 7.0333, "name": null },
					{ "time": 7.0666, "name": "BHchibang_054_" },
					{ "time": 7.1333, "name": "BHchibang_054_" },
					{ "time": 7.2, "name": null }
				]
			},
			"BHchibang_055_": {
				"attachment": [
					{ "time": 0, "name": null },
					{ "time": 7.1333, "name": null },
					{ "time": 7.2, "name": "BHchibang_055_" },
					{ "time": 7.2666, "name": "BHchibang_055_" },
					{ "time": 7.3333, "name": null }
				]
			},
			"BHchibang_055_2": {
				"attachment": [
					{ "time": 0, "name": null },
					{ "time": 7.1333, "name": null },
					{ "time": 7.2, "name": "BHchibang_055_" },
					{ "time": 7.2666, "name": "BHchibang_055_" },
					{ "time": 7.3333, "name": null }
				]
			},
			"BHchibang_056_": {
				"attachment": [
					{ "time": 0, "name": null },
					{ "time": 7.2666, "name": null },
					{ "time": 7.3333, "name": "BHchibang_056_" },
					{ "time": 7.4, "name": "BHchibang_056_" },
					{ "time": 7.4666, "name": null }
				]
			},
			"BHchibang_056_2": {
				"attachment": [
					{ "time": 0, "name": null },
					{ "time": 7.2666, "name": null },
					{ "time": 7.3333, "name": "BHchibang_056_" },
					{ "time": 7.4, "name": "BHchibang_056_" },
					{ "time": 7.4666, "name": null }
				]
			},
			"BHchibang_057_": {
				"attachment": [
					{ "time": 0, "name": null },
					{ "time": 7.4, "name": null },
					{ "time": 7.4666, "name": "BHchibang_057_" },
					{ "time": 7.5333, "name": "BHchibang_057_" },
					{ "time": 7.6, "name": null }
				]
			},
			"BHchibang_057_2": {
				"attachment": [
					{ "time": 0, "name": null },
					{ "time": 7.4, "name": null },
					{ "time": 7.4666, "name": "BHchibang_057_" },
					{ "time": 7.5333, "name": "BHchibang_057_" },
					{ "time": 7.6, "name": null }
				]
			},
			"BHchibang_058_": {
				"attachment": [
					{ "time": 0, "name": null },
					{ "time": 7.5333, "name": null },
					{ "time": 7.6, "name": "BHchibang_058_" },
					{ "time": 7.6666, "name": "BHchibang_058_" },
					{ "time": 7.7333, "name": null }
				]
			},
			"BHchibang_058_2": {
				"attachment": [
					{ "time": 0, "name": null },
					{ "time": 7.5333, "name": null },
					{ "time": 7.6, "name": "BHchibang_058_" },
					{ "time": 7.6666, "name": "BHchibang_058_" },
					{ "time": 7.7333, "name": null }
				]
			},
			"BHchibang_059_": {
				"attachment": [
					{ "time": 0, "name": null },
					{ "time": 7.6666, "name": null },
					{ "time": 7.7333, "name": "BHchibang_059_" },
					{ "time": 7.8, "name": "BHchibang_059_" },
					{ "time": 7.8666, "name": null }
				]
			},
			"BHchibang_059_2": {
				"attachment": [
					{ "time": 0, "name": null },
					{ "time": 7.6666, "name": null },
					{ "time": 7.7333, "name": "BHchibang_059_" },
					{ "time": 7.8, "name": "BHchibang_059_" },
					{ "time": 7.8666, "name": null }
				]
			},
			"BHchibang_060_": {
				"attachment": [
					{ "time": 0, "name": null },
					{ "time": 7.8, "name": null },
					{ "time": 7.8666, "name": "BHchibang_060_" },
					{ "time": 7.9333, "name": "BHchibang_060_" },
					{ "time": 7.9666, "name": null }
				]
			},
			"BHchibang_060_2": {
				"attachment": [
					{ "time": 0, "name": null },
					{ "time": 7.8, "name": null },
					{ "time": 7.8666, "name": "BHchibang_060_" },
					{ "time": 7.9333, "name": "BHchibang_060_" },
					{ "time": 7.9666, "name": null }
				]
			},
			"BHchibang_061_": {
				"attachment": [
					{ "time": 0, "name": null },
					{ "time": 7.9333, "name": null },
					{ "time": 7.9666, "name": "BHchibang_061_" },
					{ "time": 8.0333, "name": "BHchibang_061_" },
					{ "time": 8.1, "name": null }
				]
			},
			"BHchibang_061_2": {
				"attachment": [
					{ "time": 0, "name": null },
					{ "time": 7.9333, "name": null },
					{ "time": 7.9666, "name": "BHchibang_061_" },
					{ "time": 8.0333, "name": "BHchibang_061_" },
					{ "time": 8.1, "name": null }
				]
			},
			"BHchibang_062_": {
				"attachment": [
					{ "time": 0, "name": null },
					{ "time": 8.0333, "name": null },
					{ "time": 8.1, "name": "BHchibang_062_" },
					{ "time": 8.1666, "name": "BHchibang_062_" },
					{ "time": 8.2333, "name": null }
				]
			},
			"BHchibang_062_2": {
				"attachment": [
					{ "time": 0, "name": null },
					{ "time": 8.0333, "name": null },
					{ "time": 8.1, "name": "BHchibang_062_" },
					{ "time": 8.1666, "name": "BHchibang_062_" },
					{ "time": 8.2333, "name": null }
				]
			},
			"BHchibang_063_": {
				"attachment": [
					{ "time": 0, "name": null },
					{ "time": 8.1666, "name": null },
					{ "time": 8.2333, "name": "BHchibang_063_" },
					{ "time": 8.3, "name": "BHchibang_063_" },
					{ "time": 8.3666, "name": null }
				]
			},
			"BHchibang_063_2": {
				"attachment": [
					{ "time": 0, "name": null },
					{ "time": 8.1666, "name": null },
					{ "time": 8.2333, "name": "BHchibang_063_" },
					{ "time": 8.3, "name": "BHchibang_063_" },
					{ "time": 8.3666, "name": null }
				]
			},
			"BHchibang_064_": {
				"attachment": [
					{ "time": 0, "name": null },
					{ "time": 8.3, "name": null },
					{ "time": 8.3666, "name": "BHchibang_064_" },
					{ "time": 8.4333, "name": "BHchibang_064_" },
					{ "time": 8.5, "name": null }
				]
			},
			"BHchibang_064_2": {
				"attachment": [
					{ "time": 0, "name": null },
					{ "time": 8.3, "name": null },
					{ "time": 8.3666, "name": "BHchibang_064_" },
					{ "time": 8.4333, "name": "BHchibang_064_" },
					{ "time": 8.5, "name": null }
				]
			},
			"BHchibang_065_": {
				"attachment": [
					{ "time": 0, "name": null },
					{ "time": 8.4333, "name": null },
					{ "time": 8.5, "name": "BHchibang_065_" },
					{ "time": 8.5666, "name": "BHchibang_065_" },
					{ "time": 8.6333, "name": null }
				]
			},
			"BHchibang_065_2": {
				"attachment": [
					{ "time": 0, "name": null },
					{ "time": 8.4333, "name": null },
					{ "time": 8.5, "name": "BHchibang_065_" },
					{ "time": 8.5666, "name": "BHchibang_065_" },
					{ "time": 8.6333, "name": null }
				]
			},
			"BHchibang_066_": {
				"attachment": [
					{ "time": 0, "name": null },
					{ "time": 8.5666, "name": null },
					{ "time": 8.6333, "name": "BHchibang_066_" },
					{ "time": 8.7, "name": "BHchibang_066_" },
					{ "time": 8.7666, "name": null }
				]
			},
			"BHchibang_066_2": {
				"attachment": [
					{ "time": 0, "name": null },
					{ "time": 8.5666, "name": null },
					{ "time": 8.6333, "name": "BHchibang_066_" },
					{ "time": 8.7, "name": "BHchibang_066_" },
					{ "time": 8.7666, "name": null }
				]
			},
			"BHchibang_067_": {
				"attachment": [
					{ "time": 0, "name": null },
					{ "time": 8.7, "name": null },
					{ "time": 8.7666, "name": "BHchibang_067_" },
					{ "time": 8.8333, "name": "BHchibang_067_" },
					{ "time": 8.9, "name": null }
				]
			},
			"BHchibang_067_2": {
				"attachment": [
					{ "time": 0, "name": null },
					{ "time": 8.7, "name": null },
					{ "time": 8.7666, "name": "BHchibang_067_" },
					{ "time": 8.8333, "name": "BHchibang_067_" },
					{ "time": 8.9, "name": null }
				]
			},
			"BHchibang_068_": {
				"attachment": [
					{ "time": 0, "name": null },
					{ "time": 8.8333, "name": null },
					{ "time": 8.9, "name": "BHchibang_068_" },
					{ "time": 8.9333, "name": "BHchibang_068_" },
					{ "time": 9, "name": null }
				]
			},
			"BHchibang_068_2": {
				"attachment": [
					{ "time": 0, "name": null },
					{ "time": 8.8333, "name": null },
					{ "time": 8.9, "name": "BHchibang_068_" },
					{ "time": 8.9333, "name": "BHchibang_068_" },
					{ "time": 9, "name": null }
				]
			},
			"BHchibang_069_": {
				"attachment": [
					{ "time": 0, "name": null },
					{ "time": 8.9333, "name": null },
					{ "time": 9, "name": "BHchibang_069_" },
					{ "time": 9.0666, "name": "BHchibang_069_" },
					{ "time": 9.1333, "name": null }
				]
			},
			"BHchibang_069_2": {
				"attachment": [
					{ "time": 0, "name": null },
					{ "time": 8.9333, "name": null },
					{ "time": 9, "name": "BHchibang_069_" },
					{ "time": 9.0666, "name": "BHchibang_069_" },
					{ "time": 9.1333, "name": null }
				]
			},
			"BHchibang_070_": {
				"attachment": [
					{ "time": 0, "name": null },
					{ "time": 9.0666, "name": null },
					{ "time": 9.1333, "name": "BHchibang_070_" },
					{ "time": 9.2, "name": "BHchibang_070_" },
					{ "time": 9.2666, "name": null }
				]
			},
			"BHchibang_070_2": {
				"attachment": [
					{ "time": 0, "name": null },
					{ "time": 9.0666, "name": null },
					{ "time": 9.1333, "name": "BHchibang_070_" },
					{ "time": 9.2, "name": "BHchibang_070_" },
					{ "time": 9.2666, "name": null }
				]
			},
			"BHchibang_071_": {
				"attachment": [
					{ "time": 0, "name": null },
					{ "time": 9.2, "name": null },
					{ "time": 9.2666, "name": "BHchibang_071_" },
					{ "time": 9.3333, "name": "BHchibang_071_" },
					{ "time": 9.4, "name": null }
				]
			},
			"BHchibang_071_2": {
				"attachment": [
					{ "time": 0, "name": null },
					{ "time": 9.2, "name": null },
					{ "time": 9.2666, "name": "BHchibang_071_" },
					{ "time": 9.3333, "name": "BHchibang_071_" },
					{ "time": 9.4, "name": null }
				]
			},
			"BHchibang_072_": {
				"attachment": [
					{ "time": 0, "name": null },
					{ "time": 9.3333, "name": null },
					{ "time": 9.4, "name": "BHchibang_072_" },
					{ "time": 9.4666, "name": "BHchibang_072_" },
					{ "time": 9.5333, "name": null }
				]
			},
			"BHchibang_072_2": {
				"attachment": [
					{ "time": 0, "name": null },
					{ "time": 9.3333, "name": null },
					{ "time": 9.4, "name": "BHchibang_072_" },
					{ "time": 9.4666, "name": "BHchibang_072_" },
					{ "time": 9.5333, "name": null }
				]
			},
			"BHchibang_073_": {
				"attachment": [
					{ "time": 0, "name": null },
					{ "time": 9.4666, "name": null },
					{ "time": 9.5333, "name": "BHchibang_073_" },
					{ "time": 9.6, "name": "BHchibang_073_" },
					{ "time": 9.6666, "name": null }
				]
			},
			"BHchibang_073_2": {
				"attachment": [
					{ "time": 0, "name": null },
					{ "time": 9.4666, "name": null },
					{ "time": 9.5333, "name": "BHchibang_073_" },
					{ "time": 9.6, "name": "BHchibang_073_" },
					{ "time": 9.6666, "name": null }
				]
			},
			"BHchibang_074_": {
				"attachment": [
					{ "time": 0, "name": null },
					{ "time": 9.6, "name": null },
					{ "time": 9.6666, "name": "BHchibang_074_" },
					{ "time": 9.7333, "name": "BHchibang_074_" },
					{ "time": 9.8, "name": null }
				]
			},
			"BHchibang_074_2": {
				"attachment": [
					{ "time": 0, "name": null },
					{ "time": 9.6, "name": null },
					{ "time": 9.6666, "name": "BHchibang_074_" },
					{ "time": 9.7333, "name": "BHchibang_074_" },
					{ "time": 9.8, "name": null }
				]
			},
			"BHchibang_075_": {
				"attachment": [
					{ "time": 0, "name": null },
					{ "time": 9.7333, "name": null },
					{ "time": 9.8, "name": "BHchibang_075_" },
					{ "time": 9.8333, "name": "BHchibang_075_" },
					{ "time": 9.9, "name": null }
				]
			},
			"BHchibang_075_2": {
				"attachment": [
					{ "time": 0, "name": null },
					{ "time": 9.7333, "name": null },
					{ "time": 9.8, "name": "BHchibang_075_" },
					{ "time": 9.8333, "name": "BHchibang_075_" },
					{ "time": 9.9, "name": null }
				]
			},
			"BHchibang_076_": {
				"attachment": [
					{ "time": 0, "name": null },
					{ "time": 9.8333, "name": null },
					{ "time": 9.9, "name": "BHchibang_076_" },
					{ "time": 9.9666, "name": "BHchibang_076_" },
					{ "time": 10.0333, "name": null }
				]
			},
			"BHchibang_076_2": {
				"attachment": [
					{ "time": 0, "name": null },
					{ "time": 9.8333, "name": null },
					{ "time": 9.9, "name": "BHchibang_076_" },
					{ "time": 9.9666, "name": "BHchibang_076_" },
					{ "time": 10.0333, "name": null }
				]
			},
			"BHchibang_077_": {
				"attachment": [
					{ "time": 0, "name": null },
					{ "time": 9.9666, "name": null },
					{ "time": 10.0333, "name": "BHchibang_077_" },
					{ "time": 10.1, "name": "BHchibang_077_" },
					{ "time": 10.1666, "name": null }
				]
			},
			"BHchibang_077_2": {
				"attachment": [
					{ "time": 0, "name": null },
					{ "time": 9.9666, "name": null },
					{ "time": 10.0333, "name": "BHchibang_077_" },
					{ "time": 10.1, "name": "BHchibang_077_" },
					{ "time": 10.1666, "name": null }
				]
			},
			"BHchibang_078_": {
				"attachment": [
					{ "time": 0, "name": null },
					{ "time": 10.1, "name": null },
					{ "time": 10.1666, "name": "BHchibang_078_" },
					{ "time": 10.2333, "name": "BHchibang_078_" },
					{ "time": 10.3, "name": null }
				]
			},
			"BHchibang_078_2": {
				"attachment": [
					{ "time": 0, "name": null },
					{ "time": 10.1, "name": null },
					{ "time": 10.1666, "name": "BHchibang_078_" },
					{ "time": 10.2333, "name": "BHchibang_078_" },
					{ "time": 10.3, "name": null }
				]
			},
			"BHchibang_079_": {
				"attachment": [
					{ "time": 0, "name": null },
					{ "time": 10.2333, "name": null },
					{ "time": 10.3, "name": "BHchibang_079_" },
					{ "time": 10.3666, "name": "BHchibang_079_" },
					{ "time": 10.4333, "name": null }
				]
			},
			"BHchibang_079_2": {
				"attachment": [
					{ "time": 0, "name": null },
					{ "time": 10.2333, "name": null },
					{ "time": 10.3, "name": "BHchibang_079_" },
					{ "time": 10.3666, "name": "BHchibang_079_" },
					{ "time": 10.4333, "name": null }
				]
			},
			"BHchibang_080_": {
				"attachment": [
					{ "time": 0, "name": null },
					{ "time": 10.3666, "name": null },
					{ "time": 10.4333, "name": "BHchibang_080_" },
					{ "time": 10.5, "name": "BHchibang_080_" },
					{ "time": 10.5666, "name": null }
				]
			},
			"BHchibang_080_2": {
				"attachment": [
					{ "time": 0, "name": null },
					{ "time": 10.3666, "name": null },
					{ "time": 10.4333, "name": "BHchibang_080_" },
					{ "time": 10.5, "name": "BHchibang_080_" },
					{ "time": 10.5666, "name": null }
				]
			},
			"BHchibang_081_": {
				"attachment": [
					{ "time": 0, "name": null },
					{ "time": 10.5, "name": null },
					{ "time": 10.5666, "name": "BHchibang_081_" },
					{ "time": 10.6333, "name": "BHchibang_081_" },
					{ "time": 10.7, "name": null }
				]
			},
			"BHchibang_081_2": {
				"attachment": [
					{ "time": 0, "name": null },
					{ "time": 10.5, "name": null },
					{ "time": 10.5666, "name": "BHchibang_081_" },
					{ "time": 10.6333, "name": "BHchibang_081_" },
					{ "time": 10.7, "name": null }
				]
			},
			"BHchibang_082_": {
				"attachment": [
					{ "time": 0, "name": null },
					{ "time": 10.6333, "name": null },
					{ "time": 10.7, "name": "BHchibang_082_" },
					{ "time": 10.7333, "name": "BHchibang_082_" },
					{ "time": 10.8, "name": null }
				]
			},
			"BHchibang_082_2": {
				"attachment": [
					{ "time": 0, "name": null },
					{ "time": 10.6333, "name": null },
					{ "time": 10.7, "name": "BHchibang_082_" },
					{ "time": 10.7333, "name": "BHchibang_082_" },
					{ "time": 10.8, "name": null }
				]
			},
			"BHchibang_083_": {
				"attachment": [
					{ "time": 0, "name": null },
					{ "time": 10.7333, "name": null },
					{ "time": 10.8, "name": "BHchibang_083_" },
					{ "time": 10.8666, "name": "BHchibang_083_" },
					{ "time": 10.9333, "name": null }
				]
			},
			"BHchibang_083_2": {
				"attachment": [
					{ "time": 0, "name": null },
					{ "time": 10.7333, "name": null },
					{ "time": 10.8, "name": "BHchibang_083_" },
					{ "time": 10.8666, "name": "BHchibang_083_" },
					{ "time": 10.9333, "name": null }
				]
			},
			"BHchibang_084_": {
				"attachment": [
					{ "time": 0, "name": null },
					{ "time": 10.8666, "name": null },
					{ "time": 10.9333, "name": "BHchibang_084_" },
					{ "time": 11, "name": "BHchibang_084_" },
					{ "time": 11.0666, "name": null }
				]
			},
			"BHchibang_084_2": {
				"attachment": [
					{ "time": 0, "name": null },
					{ "time": 10.8666, "name": null },
					{ "time": 10.9333, "name": "BHchibang_084_" },
					{ "time": 11, "name": "BHchibang_084_" },
					{ "time": 11.0666, "name": null }
				]
			},
			"BHchibang_085_": {
				"attachment": [
					{ "time": 0, "name": null },
					{ "time": 11, "name": null },
					{ "time": 11.0666, "name": "BHchibang_085_" },
					{ "time": 11.1333, "name": "BHchibang_085_" },
					{ "time": 11.2, "name": null }
				]
			},
			"BHchibang_085_2": {
				"attachment": [
					{ "time": 0, "name": null },
					{ "time": 11, "name": null },
					{ "time": 11.0666, "name": "BHchibang_085_" },
					{ "time": 11.1333, "name": "BHchibang_085_" },
					{ "time": 11.2, "name": null }
				]
			},
			"BHchibang_086_": {
				"attachment": [
					{ "time": 0, "name": null },
					{ "time": 11.1333, "name": null },
					{ "time": 11.2, "name": "BHchibang_086_" },
					{ "time": 11.2666, "name": "BHchibang_086_" },
					{ "time": 11.3333, "name": null }
				]
			},
			"BHchibang_086_2": {
				"attachment": [
					{ "time": 0, "name": null },
					{ "time": 11.1333, "name": null },
					{ "time": 11.2, "name": "BHchibang_086_" },
					{ "time": 11.2666, "name": "BHchibang_086_" },
					{ "time": 11.3333, "name": null }
				]
			}
		}
	}
}
}