{
"skeleton": { "hash": "B0/MIN978GTWfxb7t4NE34WXHe4", "spine": "2.1.27", "width": 456.98, "height": 609.99 },
"bones": [
	{ "name": "root" },
	{ "name": "bone", "parent": "root", "length": 97.95, "x": 296.05, "y": 45.11, "rotation": -90 },
	{ "name": "bone2", "parent": "bone", "x": -156.83, "y": -26.32 },
	{ "name": "bone26", "parent": "bone2", "length": 36.34, "x": 54.93, "y": -70.07, "rotation": 12.96 },
	{ "name": "bone27", "parent": "bone2", "length": 45.03, "x": 55.15, "y": -13.61, "rotation": -1.8 },
	{ "name": "bone3", "parent": "bone2", "length": 77.27, "x": -6.49, "y": -3.7, "rotation": 157.34 },
	{ "name": "bone4", "parent": "bone3", "length": 116.69, "x": 79.75, "y": -0.13, "rotation": 14.98 },
	{ "name": "bone11", "parent": "bone4", "length": 60.16, "x": 148.94, "y": -3.57, "rotation": -19.91 },
	{ "name": "bone15", "parent": "bone4", "length": 49.76, "x": 150.53, "y": -43.84, "rotation": -42.65 },
	{ "name": "bone16", "parent": "bone4", "length": 51.05, "x": 149.12, "y": -70.96, "rotation": -43.84 },
	{ "name": "bone17", "parent": "bone4", "length": 38.03, "x": 146.94, "y": -58.91, "rotation": -134.31 },
	{ "name": "bone34", "parent": "bone4", "length": 76.09, "x": 121.25, "y": -59.64, "rotation": -156.29 },
	{ "name": "bone39", "parent": "bone4", "length": 68.13, "x": 52.57, "y": -51.85, "rotation": -171.04 },
	{ "name": "bone5", "parent": "bone4", "length": 46.67, "x": 167.87, "y": 16.79, "rotation": 20.3 },
	{ "name": "bone6", "parent": "bone4", "length": 155.36, "x": 97.6, "y": 22.28, "rotation": 122.84 },
	{ "name": "bone12", "parent": "bone11", "length": 48.67, "x": 3.19, "y": -16.99, "rotation": -118.35 },
	{ "name": "bone18", "parent": "bone17", "length": 43.85, "x": 39.45, "y": -1.91, "rotation": -25.28 },
	{ "name": "bone19", "parent": "bone5", "length": 16, "x": 72.12, "y": -7.71, "rotation": -121.88 },
	{ "name": "bone22", "parent": "bone5", "length": 7.4, "x": 100.32, "y": 35.11, "rotation": -53.49 },
	{ "name": "bone28", "parent": "bone6", "length": 28.54, "x": 69.11, "y": 38, "rotation": 81.49 },
	{ "name": "bone31", "parent": "bone6", "length": 27.15, "x": 24.75, "y": 40.76, "rotation": 80.84 },
	{ "name": "bone35", "parent": "bone34", "length": 74.78, "x": 80.98, "y": -0.92, "rotation": -5.89 },
	{ "name": "bone40", "parent": "bone39", "length": 63.03, "x": 68.98, "y": 0.1, "rotation": 2.25 },
	{ "name": "bone43", "parent": "bone6", "length": 21.6, "x": -16.49, "y": 47, "rotation": 76.7 },
	{ "name": "bone46", "parent": "bone6", "length": 33.05, "x": 161.16, "y": -18.98, "rotation": -136.62 },
	{ "name": "bone47", "parent": "bone5", "length": 11.14, "x": 20.42, "y": 49.65, "rotation": 147.47 },
	{ "name": "bone7", "parent": "bone6", "length": 73.63, "x": 173.86, "y": -29.22, "rotation": -81.05 },
	{ "name": "bone13", "parent": "bone12", "length": 38.24, "x": 57.23, "y": -3.97, "rotation": -17.48 },
	{ "name": "bone20", "parent": "bone19", "length": 14.51, "x": 18.06, "y": 0.34, "rotation": 21.48 },
	{ "name": "bone23", "parent": "bone22", "length": 17.76, "x": 9.93, "y": -1.09, "rotation": -54.56 },
	{ "name": "bone29", "parent": "bone28", "length": 22.43, "x": 28.42, "y": -0.52, "rotation": 4.05 },
	{ "name": "bone32", "parent": "bone31", "length": 20.22, "x": 27.15, "y": -0.12, "rotation": -3.56 },
	{ "name": "bone36", "parent": "bone35", "length": 78.29, "x": 75.84, "y": -0.19, "rotation": 1.35 },
	{ "name": "bone41", "parent": "bone40", "length": 58.33, "x": 64.8, "y": 0.12, "rotation": 3.69 },
	{ "name": "bone44", "parent": "bone43", "length": 20.09, "x": 23.01, "y": -0.42, "rotation": -0.45 },
	{ "name": "bone8", "parent": "bone7", "length": 34.5, "x": 80.13, "y": -1.95, "rotation": -40.11 },
	{ "name": "bone14", "parent": "bone13", "length": 46.89, "x": 43.96, "y": -1.07, "rotation": -12.09 },
	{ "name": "bone21", "parent": "bone20", "length": 15.18, "x": 15.71, "y": 0.27, "rotation": -16.12 },
	{ "name": "bone24", "parent": "bone23", "length": 16.14, "x": 18.03, "y": 0.16, "rotation": 11.41 },
	{ "name": "bone30", "parent": "bone29", "length": 22.89, "x": 23.56, "y": -0.3, "rotation": 2.72 },
	{ "name": "bone33", "parent": "bone32", "length": 22.04, "x": 20.22, "y": -0.14, "rotation": 2.56 },
	{ "name": "bone37", "parent": "bone36", "length": 67.93, "x": 80.61, "y": -0.42, "rotation": 12.52 },
	{ "name": "bone42", "parent": "bone41", "length": 75.97, "x": 58.8, "y": -0.08, "rotation": 6.73 },
	{ "name": "bone45", "parent": "bone44", "length": 25.38, "x": 20.56, "y": -0.23, "rotation": -1.35 },
	{ "name": "bone9", "parent": "bone8", "length": 66.9, "x": 12.27, "y": -65.17, "rotation": -140.96 },
	{ "name": "bone10", "parent": "bone9", "length": 39.85, "x": -5.47, "y": 1.54, "rotation": 172.21 },
	{ "name": "bone25", "parent": "bone24", "length": 15.62, "x": 16.41, "y": 0.29, "rotation": 29.89 },
	{ "name": "bone38", "parent": "bone37", "length": 45.47, "x": 65.91, "y": -0.19, "rotation": 7.62 }
],
"slots": [
	{ "name": "23_2", "bone": "bone39", "attachment": "23_" },
	{ "name": "22_2", "bone": "bone27", "attachment": "22_" },
	{ "name": "21_2", "bone": "bone3", "attachment": "21_" },
	{ "name": "20_", "bone": "root", "attachment": "20_" },
	{ "name": "19_2", "bone": "bone26", "attachment": "19_" },
	{ "name": "18_", "bone": "root", "attachment": "18_" },
	{ "name": "17_2", "bone": "bone9", "attachment": "17_" },
	{ "name": "bone8", "bone": "bone8", "attachment": "16_" },
	{ "name": "16_3", "bone": "bone10" },
	{ "name": "16_2", "bone": "bone8" },
	{ "name": "15_2", "bone": "bone7", "attachment": "15_" },
	{ "name": "14_2", "bone": "bone34", "attachment": "14_" },
	{ "name": "13_2", "bone": "bone47", "attachment": "13_" },
	{ "name": "12_2", "bone": "bone5", "attachment": "12_" },
	{ "name": "12_3", "bone": "bone5" },
	{ "name": "bone7", "bone": "bone5", "attachment": "11_" },
	{ "name": "10_2", "bone": "bone22", "attachment": "10_" },
	{ "name": "bone5", "bone": "bone5", "attachment": "9_" },
	{ "name": "8_2", "bone": "bone19", "attachment": "8_" },
	{ "name": "7_2", "bone": "bone16", "attachment": "7_" },
	{ "name": "6_2", "bone": "bone15", "attachment": "6_" },
	{ "name": "5_2", "bone": "bone11", "attachment": "5_" },
	{ "name": "bone6", "bone": "bone6", "attachment": "4_" },
	{ "name": "3_2", "bone": "bone31", "attachment": "3_" },
	{ "name": "2_2", "bone": "bone46", "attachment": "2_" },
	{ "name": "1_2", "bone": "bone6", "attachment": "1_" }
],
"skins": {
	"default": {
		"10_2": {
			"10_": {
				"type": "skinnedmesh",
				"uvs": [ 1, 1, 0.12941, 1, 0, 1, 0, 0.88446, 0, 0.5983, 0, 0, 1, 0, 0.13901, 0.9074, 0.19502, 0.83048, 0.35342, 0.77773, 0.42942, 0.77926, 0.50384, 0.78222, 0.62543, 0.74613, 0.69423, 0.70994, 0.75904, 0.64962, 0.88625, 0.5154, 0.95827, 0.3193, 0.93587, 0.23934, 0.81506, 0.36452, 0.72385, 0.46707, 0.66865, 0.48516, 0.61745, 0.51833, 0.47825, 0.47605, 0.41425, 0.47452, 0.34385, 0.45338, 0.25459, 0.33589, 0.13379, 0.30417, 0.03378, 0.43086, 0.24634, 0.79512, 0.3022, 0.7837, 0.5457, 0.49654, 0.5629, 0.7739, 0.94527, 0.27288, 0.85075, 0.44015, 0.73906, 0.54598, 0.68127, 0.59602, 0.62137, 0.6302, 0.55519, 0.64959, 0.49018, 0.65624, 0.42339, 0.65808, 0.34898, 0.62707, 0.28339, 0.60683, 0.20509, 0.61518, 0.12866, 0.66601, 0.0786, 0.77307, 0.0494, 0.94181, 0.76732, 0.4182, 0.81998, 0.58532, 0.79391, 0.49401, 0.87141, 0.30613, 0.90146, 0.35041, 0.92506, 0.40972 ],
				"triangles": [ 0, 1, 11, 6, 0, 16, 27, 4, 5, 25, 5, 6, 11, 1, 7, 1, 45, 7, 45, 3, 44, 2, 45, 1, 2, 3, 45, 7, 45, 44, 3, 4, 44, 7, 44, 8, 44, 4, 43, 28, 8, 43, 43, 8, 44, 42, 43, 27, 43, 4, 27, 28, 43, 42, 26, 42, 27, 27, 5, 26, 29, 8, 28, 7, 8, 10, 10, 39, 38, 39, 23, 22, 8, 9, 10, 9, 40, 39, 40, 24, 23, 23, 24, 25, 29, 40, 9, 41, 24, 40, 8, 29, 9, 28, 42, 41, 25, 42, 26, 28, 41, 29, 42, 25, 41, 29, 41, 40, 41, 25, 24, 5, 25, 26, 9, 39, 10, 40, 23, 39, 25, 22, 23, 7, 10, 11, 11, 10, 38, 39, 22, 38, 18, 22, 25, 13, 14, 0, 36, 35, 13, 21, 20, 35, 20, 30, 46, 31, 12, 0, 21, 30, 20, 37, 36, 12, 37, 21, 36, 31, 11, 38, 38, 22, 30, 38, 37, 31, 38, 30, 37, 11, 31, 0, 31, 37, 12, 37, 30, 21, 22, 46, 30, 12, 36, 13, 36, 21, 35, 12, 13, 0, 13, 35, 14, 35, 34, 14, 35, 20, 34, 20, 19, 34, 19, 20, 46, 49, 25, 6, 18, 46, 22, 14, 47, 0, 47, 15, 0, 15, 51, 0, 51, 16, 0, 16, 32, 6, 17, 49, 6, 32, 17, 6, 14, 34, 47, 34, 48, 47, 47, 48, 15, 34, 19, 48, 48, 33, 15, 15, 33, 51, 19, 46, 48, 48, 46, 33, 46, 18, 33, 33, 50, 51, 33, 18, 50, 51, 50, 16, 18, 49, 50, 18, 25, 49, 16, 50, 32, 50, 49, 32, 49, 17, 32 ],
				"vertices": [ 2, 46, 6.36, -22, 0.008, 13, 80.62, -21.59, 0.99199, 1, 13, 93.19, 34.45, 1, 1, 13, 95.05, 42.79, 1, 1, 13, 99, 41.9, 1, 2, 18, 1.32, 9.52, 0.496, 13, 108.77, 39.71, 0.50399, 2, 46, -26.58, 45.02, 0.008, 13, 129.2, 35.13, 0.99199, 2, 46, 26.87, 6.34, 0.008, 13, 114.76, -29.25, 0.99199, 2, 18, -0.85, -4.48, 0.496, 13, 96.21, 33.12, 0.50399, 2, 18, 3.6, -5.52, 0.87199, 13, 98.03, 28.93, 0.128, 2, 29, 10.16, -4.9, 0.91999, 18, 11.83, -12.21, 0.08, 2, 38, -3.73, -3.99, 0.16799, 29, 15.16, -4.48, 0.832, 2, 38, 1.13, -4.6, 0.5, 29, 20.06, -4.12, 0.5, 2, 46, -8.43999, -0.32, 0.11199, 38, 9.24, -4.19, 0.888, 2, 46, -4.02, -1.95, 0.24799, 38, 13.89, -3.4, 0.752, 2, 46, 0.67, -2.75, 0.5, 38, 18.36, -1.75, 0.5, 2, 46, 10.22, -3.86, 0.88, 38, 27.2, 2.04, 0.11999, 1, 46, 18.09, -1.09, 1, 1, 46, 18.54, 2.03, 1, 2, 46, 9.51, 3.16, 0.88, 38, 23.08, 7.78, 0.11999, 2, 46, 2.53, 3.78, 0.5, 38, 16.71999, 4.84, 0.5, 2, 46, -0.78, 5.4, 0.24799, 38, 13.03, 4.59, 0.752, 2, 46, -4.19999, 6.44, 0.11199, 38, 9.55, 3.79, 0.888, 2, 38, 0.57, 6.22, 0.5, 29, 17.37, 6.38, 0.5, 2, 38, -3.61, 6.71, 0.16799, 29, 13.16, 6.03, 0.832, 2, 29, 8.46, 6.33, 0.91999, 18, 20, -4.31, 0.08, 2, 29, 2.21, 9.87, 0.82399, 18, 19.26, 2.83, 0.176, 2, 29, -5.82, 10.22, 0.5, 18, 14.88, 9.58, 0.5, 2, 18, 7.21, 11.67, 0.87199, 13, 114, 36.25, 0.128, 2, 29, 3.18, -6.17, 0.5, 18, 6.75, -7.27, 0.5, 2, 29, 6.82, -5.42, 0.82399, 18, 9.46, -9.79, 0.176, 2, 38, 4.92, 5.04, 0.832, 29, 21.87, 6.08, 0.16799, 2, 38, 5.04, -4.71999, 0.832, 29, 23.91, -3.46, 0.16799, 1, 46, 18.35, 0.72, 1, 2, 46, 9.87, -0.36, 0.88, 38, 25.15, 4.9, 0.11999, 2, 46, 1.73, 0.95, 0.5, 38, 17.43, 1.99, 0.5, 2, 46, -2.38, 1.77, 0.24799, 38, 13.45, 0.64, 0.752, 2, 46, -6.28, 3.12, 0.11199, 38, 9.39999, -0.12, 0.888, 2, 38, 4.98, -0.34, 0.832, 29, 22.99, 0.81, 0.16799, 2, 38, 0.69, -0.12, 0.5, 29, 18.75, 0.17, 0.5, 2, 38, -3.69, 0.26, 0.16799, 29, 14.36, -0.3, 0.832, 2, 29, 9.37, 0.31, 0.91999, 18, 15.63, -8.54, 0.08, 2, 29, 5, 0.61, 0.82399, 18, 13.33, -4.8, 0.176, 2, 29, -0.11, -0.16, 0.5, 18, 9.72999, -1.09, 0.5, 2, 18, 5.08, 1.55, 0.87199, 13, 104.6, 31.94, 0.128, 2, 18, 0.09, 1.6, 0.496, 13, 101.67, 35.99, 0.50399, 1, 13, 96.33, 39.16, 1, 2, 46, 5.86, 3.48, 0.744, 38, 19.75, 6.24, 0.25599, 2, 46, 5.23999, -3.28, 0.744, 38, 22.6, 0.06, 0.25599, 2, 46, 5.72, 0.31, 0.744, 38, 21.22, 3.42, 0.25599, 1, 46, 13.72, 2.63, 1, 1, 46, 14.42, 0.22, 1, 1, 46, 14.46, -2.36999, 1 ],
				"hull": 7
			}
		},
		"12_2": {
			"12_": { "x": 53.71, "y": -22.73, "rotation": -102.64, "width": 194, "height": 158 }
		},
		"12_3": {
			"12-2_": { "x": 53.71, "y": -22.73, "rotation": -102.64, "width": 194, "height": 158 }
		},
		"13_2": {
			"13_": { "x": 5.37, "y": -4.06, "rotation": 109.88, "width": 38, "height": 38 }
		},
		"14_2": {
			"14_": {
				"type": "skinnedmesh",
				"uvs": [ 0.99999, 0.79831, 1, 1, 0.93278, 1, 0.40227, 1, 0, 1, 0, 0.15793, 0, 0.09818, 0, 0.04785, 0, 0, 0.14321, 0, 0.21, 0, 0.30981, 0, 0.45142, 0, 0.99999, 0, 0.25428, 0.12648, 0.49585, 0.10945, 0.31476, 0.20803, 0.03921, 0.25543, 0.5157, 0.19677, 0.55632, 0.29433, 0.35327, 0.30203, 0.06913, 0.34114, 0.10625, 0.4855, 0.41261, 0.44271, 0.58907, 0.4207, 0.629, 0.47595, 0.4352, 0.51272, 0.13327, 0.54983, 0.18339, 0.70835, 0.51503, 0.67958, 0.77455, 0.59752, 0.87415, 0.66024, 0.60831, 0.76426, 0.24468, 0.81086, 0.34304, 0.96846, 0.74479, 0.90405, 0.95607, 0.75233, 0.69071, 0.8372, 0.30123, 0.90386, 0.22923, 0.05493, 0.47206, 0.05085, 0.38147, 0.3729, 0.08367, 0.42432, 0.5805, 0.36176, 0.47635, 0.58813, 0.16509, 0.62645, 0.684, 0.53536 ],
				"triangles": [ 7, 8, 9, 39, 9, 10, 6, 7, 9, 40, 11, 12, 39, 10, 11, 4, 33, 38, 2, 0, 1, 3, 35, 2, 2, 35, 0, 3, 34, 35, 34, 37, 35, 35, 36, 0, 34, 38, 37, 35, 37, 36, 4, 34, 3, 4, 38, 34, 36, 13, 0, 38, 32, 37, 37, 31, 36, 38, 33, 32, 37, 32, 31, 33, 29, 32, 33, 28, 29, 32, 30, 31, 32, 29, 30, 31, 30, 13, 36, 31, 13, 4, 28, 33, 28, 44, 29, 29, 46, 30, 13, 46, 43, 28, 45, 44, 29, 44, 46, 45, 26, 44, 45, 27, 26, 44, 25, 46, 44, 26, 25, 27, 23, 26, 27, 22, 23, 26, 24, 25, 26, 23, 24, 43, 46, 25, 4, 27, 45, 4, 22, 27, 30, 46, 13, 4, 45, 28, 22, 41, 23, 23, 43, 24, 4, 42, 22, 43, 19, 13, 21, 16, 20, 21, 17, 16, 20, 18, 19, 20, 16, 18, 42, 17, 21, 42, 21, 20, 41, 20, 19, 42, 20, 41, 41, 19, 43, 22, 42, 41, 23, 41, 43, 25, 24, 43, 42, 4, 17, 17, 14, 16, 16, 15, 18, 4, 5, 17, 17, 5, 14, 16, 14, 15, 18, 15, 13, 5, 39, 14, 5, 6, 39, 14, 40, 15, 14, 39, 40, 15, 40, 13, 39, 6, 9, 40, 39, 11, 40, 12, 13, 19, 18, 13 ],
				"vertices": [ 2, 41, 72.19, 53.86, 0.184, 47, 13.4, 52.75, 0.81599, 1, 47, 71.6, 16.86, 1, 1, 47, 65.96, 7.71, 1, 1, 47, 21.41, -64.54, 1, 1, 47, -12.37, -119.33, 1, 2, 11, 47.91, -46.13, 0.85599, 21, -28.25, -48.36, 0.14399, 1, 11, 28.44, -40.54, 1, 1, 6, 95.83, -31.67, 1, 1, 6, 111.9, -29.51, 1, 1, 6, 114.96, -52.21, 1, 1, 6, 116.38, -62.8, 1, 1, 6, 118.51, -78.62999, 1, 1, 6, 121.53, -101.08, 1, 1, 11, 40.63, 122.42, 1, 2, 11, 48.9, -4.08, 0.85599, 21, -31.58, -6.43, 0.14399, 2, 11, 54.02, 34.65, 0.85599, 21, -30.46, 32.62, 0.14399, 2, 11, 78.14, -2.41, 0.472, 21, -2.67, -1.77, 0.52799, 2, 11, 81.41, -49.23, 0.472, 21, 5.38, -48, 0.52799, 2, 11, 83.35, 29.53, 0.472, 21, -0.76, 30.54, 0.52799, 2, 11, 116.93, 26.64, 0.11199, 21, 32.93, 31.11, 0.888, 2, 11, 110.47, -5.29, 0.11199, 21, 29.78, -1.32, 0.888, 2, 11, 110.66, -52.65, 0.11199, 21, 34.82, -48.4, 0.888, 2, 21, 84.04, -51.17, 0.49599, 32, 6.98, -51.16, 0.504, 2, 21, 78.39, -0.37, 0.49599, 32, 2.54, -0.24, 0.504, 2, 21, 76.01999, 28.73, 0.49599, 32, 0.85, 28.91, 0.504, 3, 21, 95.58, 31.72, 0.22419, 32, 20.48, 31.43, 0.6798, 41, -51.78, 44.15, 0.09599, 3, 21, 102.39, -0.99, 0.22419, 32, 26.52, -1.43, 0.6798, 41, -53.02, 10.75, 0.09599, 3, 21, 106.27, -50.75, 0.22419, 32, 29.21, -51.27, 0.6798, 41, -61.21, -38.49, 0.09599, 2, 32, 83.46, -54.13, 0.488, 41, -8.85999, -53.05, 0.51199, 2, 32, 84.49, -0.19, 0.52, 41, 3.83, -0.61, 0.47999, 2, 32, 65.51, 46.04, 0.52, 41, -4.65, 48.64, 0.47999, 3, 32, 89.52, 57.41, 0.04492, 41, 21.24, 54.53, 0.90625, 47, -37.00999, 60.17, 0.04881, 3, 32, 115.6, 8.7, 0.04492, 41, 36.13, 1.32, 0.90625, 47, -29.31, 5.46, 0.04881, 3, 32, 119.47, -51.45, 0.19724, 41, 26.87, -58.24, 0.75377, 47, -46.4, -52.35, 0.04897, 2, 41, 82.07, -65.62, 0.184, 47, 7.33, -67, 0.81599, 2, 41, 88.31, 1.97, 0.184, 47, 22.48, -0.82, 0.81599, 3, 32, 122.73, 64.03, 0.03999, 41, 55.1, 53.79, 0.4608, 47, -3.55, 54.95, 0.49919, 3, 32, 142.45, 16.69, 0.03999, 41, 64.08, 3.3, 0.4608, 47, -1.34, 3.7, 0.49919, 3, 32, 152.17, -48.87, 0.03999, 41, 59.35, -62.82, 0.4608, 47, -14.81, -61.2, 0.49919, 1, 11, 24.48, -1.24, 1, 1, 11, 33.88, 36.48, 1, 2, 21, 54.22, -1.11, 0.856, 32, -21.64, -0.4, 0.14399, 2, 21, 62.99, -51.08, 0.856, 32, -14.06, -50.56, 0.14399, 2, 21, 56.11, 30.9, 0.856, 32, -18.99, 31.55, 0.14399, 2, 32, 52.88, -0.07, 0.888, 41, -26.99, 6.35, 0.11199, 2, 32, 55.68, -51.46, 0.61599, 41, -35.41, -44.41, 0.384, 2, 32, 41.97, 36.04, 0.888, 41, -29.8, 43.98, 0.11199 ],
				"hull": 14
			}
		},
		"15_2": {
			"15_": {
				"type": "mesh",
				"uvs": [ 1, 0.50197, 1, 0.65582, 1, 1, 0.62693, 1, 0.40829, 1, 0, 1, 0, 0.28625, 0, 0.18516, 0, 0, 0.29196, 0, 0.39383, 0, 1, 0, 0.08573, 0.05333, 0.56522, 0.0403, 0.70551, 0.25034, 0.83838, 0.32829, 0.44108, 0.25048, 0.59967, 0.43221, 0.90029, 0.78324, 0.34655, 0.63213, 0.18676, 0.35985, 0.07566, 0.3654, 0.04325, 0.62472, 0.09537, 0.74561, 0.25139, 0.79717, 0.13892, 0.20997, 0.34725, 0.10368, 0.61201, 0.11176, 0.76503, 0.60792, 0.51953, 0.7952 ],
				"triangles": [ 13, 10, 11, 12, 8, 9, 26, 9, 10, 27, 13, 11, 26, 10, 13, 27, 26, 13, 7, 8, 12, 25, 12, 9, 25, 9, 26, 7, 12, 25, 14, 27, 11, 16, 26, 27, 16, 27, 14, 6, 7, 25, 15, 14, 11, 16, 20, 25, 16, 25, 26, 21, 6, 25, 20, 21, 25, 17, 16, 14, 17, 14, 15, 15, 11, 0, 28, 17, 15, 28, 15, 0, 22, 6, 21, 22, 21, 20, 19, 20, 16, 19, 16, 17, 22, 20, 19, 28, 0, 1, 23, 22, 19, 18, 28, 1, 29, 19, 17, 29, 17, 28, 24, 23, 19, 24, 19, 29, 22, 5, 6, 5, 22, 23, 4, 24, 29, 5, 23, 24, 4, 5, 24, 18, 3, 29, 18, 29, 28, 4, 29, 3, 18, 1, 2, 3, 18, 2 ],
				"vertices": [ 7.18, -38.68999, -6.06, -29.72, -35.68999, -9.64999, -16.45, 18.76, -5.17, 35.41, 15.89, 66.51999, 77.35, 24.89, 86.05, 18.99, 102, 8.18999, 86.93, -14.04, 81.68, -21.8, 50.4, -67.97, 92.98, 4.77, 69.36, -32.5, 44.04, -30.94, 30.47, -36.50999, 57.67, -10.79, 33.84, -12.27, -11.89, -14.69, 29.68, 18.66, 61.37, 14.95, 66.62999, 23.74, 45.97, 41.33, 32.87, 44.41, 20.37999, 35.54, 76.75, 9.85, 75.15, -12.2, 60.8, -31.9, 10.18, -14.62, 6.72, 15 ],
				"hull": 12
			}
		},
		"17_2": {
			"17_": { "x": 36.64, "y": -5.08, "rotation": 56.94, "width": 87, "height": 93 }
		},
		"18_": {
			"18_": {
				"type": "skinnedmesh",
				"uvs": [ 1, 0.29513, 1, 1, 0.22312, 1, 0, 1, 0, 0.68859, 0, 0, 0.77876, 0, 1, 0, 0.21973, 0.52213, 0.47383, 0.34557, 0.6805, 0.11353, 0.87362, 0.42124, 0.65001, 0.61293, 0.38574, 0.85001 ],
				"triangles": [ 8, 5, 9, 8, 9, 12, 4, 5, 8, 13, 8, 12, 4, 8, 13, 2, 3, 4, 13, 2, 4, 13, 12, 1, 2, 13, 1, 9, 5, 10, 12, 11, 1, 6, 7, 0, 10, 6, 0, 11, 10, 0, 10, 5, 6, 9, 10, 11, 11, 0, 1, 12, 9, 11 ],
				"vertices": [ 1, 2, 31.23, -5.72, 1, 1, 3, 22.24, 60.92, 1, 1, 3, 10.57, 10.18999, 1, 1, 3, 7.22, -4.37, 1, 1, 3, -6.43, -1.23, 1, 1, 3, -36.63, 5.71, 1, 1, 2, 17.95, -20.54, 1, 1, 2, 17.95, -5.72, 1, 2, 2, 41.43999, -57.99, 0.11999, 3, -10.43, 14.79, 0.88, 2, 2, 33.5, -40.97, 0.51999, 3, -14.36, 33.16999, 0.48, 2, 2, 23.05, -27.12, 0.91199, 3, -21.43, 49, 0.088, 2, 2, 36.9, -14.18, 0.91199, 3, -5.04, 58.51, 0.088, 2, 2, 45.53, -29.17, 0.51999, 3, 0, 41.97, 0.48, 2, 2, 56.2, -46.87, 0.11999, 3, 6.43, 22.32, 0.88 ],
				"hull": 8
			}
		},
		"19_2": {
			"19_": { "x": 39.53, "y": -13.34, "rotation": 77.03, "width": 55, "height": 135 }
		},
		"1_2": {
			"1_": {
				"type": "mesh",
				"uvs": [ 0.99999, 0.23204, 1, 0.44467, 1, 1, 0.16845, 1, 0.06809, 1, 0, 1, 0, 0.62997, 0, 0.37785, 0, 0, 0.45923, 0, 0.71655, 0, 1, 0, 0.89925, 0.08624, 0.89925, 0.75451, 0.60075, 0.91246, 0.03979, 0.82437, 0.08611, 0.3657, 0.14272, 0.25634, 0.25594, 0.07105, 0.46952, 0.63908, 0.74228, 0.42645, 0.37174, 0.38696, 0.57245, 0.20774, 0.1645, 0.54826, 0.22594, 0.75163, 0.26101, 0.98125 ],
				"triangles": [ 18, 8, 9, 12, 10, 11, 22, 9, 10, 18, 9, 22, 0, 12, 11, 17, 8, 18, 17, 7, 8, 16, 7, 17, 21, 18, 22, 17, 18, 21, 16, 17, 21, 12, 22, 10, 20, 12, 0, 20, 22, 12, 21, 22, 20, 20, 0, 1, 23, 16, 21, 23, 6, 7, 23, 7, 16, 19, 21, 20, 23, 21, 19, 24, 23, 19, 6, 23, 24, 13, 20, 1, 19, 20, 13, 15, 6, 24, 14, 19, 13, 14, 25, 24, 14, 24, 19, 3, 15, 24, 5, 6, 15, 4, 5, 15, 15, 3, 4, 24, 25, 3, 13, 1, 2, 14, 13, 2, 25, 14, 2, 3, 25, 2 ],
				"vertices": [ -58.3, 8.16, -46.26, 33.75, -14.83, 100.58, 103.3, 45.02, 117.56, 38.31, 127.23, 33.75999, 106.28, -10.76, 92.01, -41.11, 70.62, -86.58, 5.38, -55.89, -31.17, -38.7, -71.44, -19.76, -52.24, -16.11, -14.41, 64.31, 36.93, 63.37, 111.64, 15.28, 79.08999, -36.82, 64.86, -46.19, 38.28, -60.93, 40.09999, 21.7, -10.68, 14.34, 39.71, -15.17, 1.04999, -23.32, 78.29, -9.6, 81.07, 18.96999, 89.09, 48.95 ],
				"hull": 12
			}
		},
		"20_": {
			"20_": {
				"type": "skinnedmesh",
				"uvs": [ 1, 0.7235, 1, 0.82228, 1, 0.90048, 1, 1, 0, 1, 0, 0.5815, 0, 0.52593, 0, 0, 0.28789, 0, 0.50878, 0, 0.76911, 0, 1, 0, 0.22478, 0.13285, 0.82433, 0.12669, 0.15378, 0.26457, 0.80066, 0.26045, 0.76122, 0.40657, 0.15378, 0.4148, 0.15378, 0.50535, 0.14589, 0.59384, 0.848, 0.58973, 0.80419, 0.49726, 0.13011, 0.72967, 0.30367, 0.83051, 0.22101, 0.78248 ],
				"triangles": [ 16, 15, 21, 14, 17, 6, 14, 12, 15, 13, 10, 11, 9, 10, 13, 12, 7, 8, 12, 8, 9, 12, 9, 13, 15, 12, 13, 14, 7, 12, 13, 11, 15, 16, 14, 15, 14, 6, 7, 17, 14, 16, 11, 21, 15, 18, 16, 21, 18, 6, 17, 19, 5, 6, 0, 20, 21, 18, 19, 6, 19, 18, 21, 19, 21, 20, 0, 21, 11, 22, 5, 19, 22, 19, 20, 22, 20, 0, 24, 22, 0, 24, 0, 1, 23, 24, 1, 23, 1, 2, 4, 5, 22, 4, 22, 24, 23, 2, 3, 4, 24, 23, 4, 23, 3, 18, 17, 16 ],
				"vertices": [ 2, 3, -25.39, 10.31, 0.896, 2, 27.87, -65.72, 0.10399, 1, 3, -18.75, 8.78, 1, 1, 3, -13.49, 7.57, 1, 1, 3, -6.8, 6.03, 1, 1, 3, -10.83, -11.5, 1, 2, 3, -38.98, -5.03, 0.808, 2, 18.07, -83.72, 0.19199, 2, 3, -42.72, -4.17, 0.63199, 2, 14.24, -83.72, 0.368, 1, 2, -22.04, -83.72, 1, 1, 2, -22.04, -78.53, 1, 1, 2, -22.04, -74.56, 1, 1, 2, -22.04, -69.87, 1, 1, 2, -22.04, -65.72, 1, 1, 2, -12.88, -79.67, 1, 1, 2, -13.3, -68.87999, 1, 2, 3, -59.67, 2.56, 0.16799, 2, -3.79, -80.94999, 0.832, 2, 3, -57.34, 13.97, 0.16799, 2, -4.07, -69.3, 0.832, 2, 3, -47.67, 11.02, 0.47199, 2, 6, -70.01, 0.528, 2, 3, -49.57, 0.24, 0.47199, 2, 6.57, -80.94999, 0.528, 2, 3, -43.48, -1.15, 0.63199, 2, 12.82, -80.94999, 0.368, 2, 3, -37.56, -2.66, 0.808, 2, 18.92, -81.08999, 0.19199, 2, 3, -35, 9.71, 0.808, 2, 18.64, -68.44999, 0.19199, 2, 3, -41.4, 10.37, 0.63199, 2, 12.26, -69.24, 0.368, 2, 3, -28.49, -5.04, 0.896, 2, 28.29, -81.37, 0.10399, 1, 3, -21.01, -3.55, 1, 1, 3, -24.57, -4.26, 1 ],
				"hull": 12
			}
		},
		"21_2": {
			"21_": {
				"type": "skinnedmesh",
				"uvs": [ 1, 0.09173, 1, 0.26275, 1, 0.46737, 1, 1, 0, 1, 0, 0.73933, 0, 0, 0.62346, 0, 0.71308, 0, 0.83183, 0, 1, 0, 0.17758, 0.33296, 0.62567, 0.43223, 0.24705, 0.16805, 0.65929, 0.26579, 0.37476, 0.04895, 0.70635, 0.10546, 0.57412, 0.57882, 0.90123, 0.60021, 0.86762, 0.68114, 0.52258, 0.70861, 0.14619, 0.56506, 0.16121, 0.45397, 0.90793, 0.91497, 0.78021, 0.9394, 0.58082, 0.90885, 0.18425, 0.87982, 0.05879, 0.82026, 0.44111, 0.89862 ],
				"triangles": [ 4, 24, 3, 4, 26, 28, 4, 28, 25, 4, 25, 24, 24, 23, 3, 3, 18, 2, 4, 27, 26, 4, 5, 27, 23, 24, 19, 24, 25, 19, 23, 19, 3, 18, 3, 19, 28, 20, 25, 25, 20, 19, 28, 26, 20, 20, 26, 21, 26, 27, 21, 27, 5, 21, 21, 5, 22, 20, 17, 19, 20, 21, 17, 19, 17, 18, 17, 12, 18, 18, 12, 2, 21, 22, 17, 17, 22, 12, 22, 5, 6, 22, 11, 12, 14, 1, 2, 12, 13, 14, 11, 6, 13, 13, 15, 14, 14, 16, 1, 14, 15, 16, 16, 0, 1, 13, 6, 15, 16, 9, 0, 16, 8, 9, 15, 7, 16, 16, 7, 8, 9, 10, 0, 15, 6, 7, 11, 13, 12, 12, 14, 2, 22, 6, 11 ],
				"vertices": [ 1, 6, 121.65, -70.55, 1, 2, 6, 64.69999, -78.21, 0.83999, 5, 162.48, -58.95, 0.16, 2, 6, -3.42, -87.37, 0.48799, 5, 99.04, -85.41, 0.512, 1, 5, -66.08999, -154.31, 1, 1, 5, -154.25, 56.99, 1, 1, 5, -73.43, 90.71, 1, 1, 6, 121.67, 160.48, 1, 1, 6, 140.7, 19, 1, 1, 6, 143.43, -1.33, 1, 1, 6, 147.06, -28.28, 1, 1, 6, 152.19, -66.44, 1, 2, 6, 16.21999, 105.27, 0.48799, 5, 68.21, 105.75, 0.512, 2, 6, -3.14, -0.85, 0.48799, 5, 76.93, -1.77, 0.512, 2, 6, 73.25, 96.89, 0.83999, 5, 125.46, 112.4, 0.16, 2, 6, 53.29, -1.03, 0.83999, 5, 131.5, 12.65, 0.16, 1, 6, 116.81, 73.24, 1, 1, 6, 108.11, -4.53, 1, 2, 6, -53.52, 4.27, 0.184, 5, 26.94, -9.84, 0.81599, 2, 6, -50.66, -70.91, 0.184, 5, 49.14, -81.73, 0.81599, 1, 5, 21.09, -85.09, 1, 1, 5, -17.84, -15.73, 1, 1, 5, -6.51, 82.36, 1, 2, 6, -24.56, 103.56, 0.184, 5, 29.25, 93.56, 0.81599, 1, 5, -47.85, -123.86, 1, 1, 5, -66.68, -100.03, 1, 1, 5, -74.79, -53.94, 1, 1, 5, -100.75, 33.59999, 1, 1, 5, -93.34, 67.82, 1, 1, 5, -83.93, -23.1, 1 ],
				"hull": 11
			}
		},
		"22_2": {
			"22_": { "x": 20.22, "y": 2.52, "rotation": 91.8, "width": 218, "height": 143 }
		},
		"23_2": {
			"23_": {
				"type": "skinnedmesh",
				"uvs": [ 1, 0.87382, 1, 0.93084, 1, 1, 0, 1, 0, 0.85853, 0, 0.51645, 0, 0.37462, 0.05712, 0.25642, 0, 0, 1, 0, 0.47827, 0.0242, 0.66264, 0.07565, 0.68861, 0.23556, 0.74833, 0.38574, 0.83142, 0.55956, 0.91192, 0.72782, 0.73794, 0.96421, 0.32766, 0.02698, 0.22899, 0.13406, 0.02645, 0.69862, 0.50084, 0.78674, 0.46529, 0.62361, 0.41351, 0.44422, 0.38605, 0.29666, 0.05911, 0.85005, 0.13433, 0.99348 ],
				"triangles": [ 16, 1, 2, 1, 16, 0, 16, 15, 0, 15, 9, 0, 22, 12, 13, 13, 12, 9, 15, 14, 9, 21, 13, 14, 14, 13, 9, 12, 10, 11, 23, 17, 10, 12, 11, 9, 11, 10, 9, 17, 8, 10, 10, 8, 9, 3, 25, 2, 25, 16, 2, 3, 24, 25, 3, 4, 24, 25, 20, 16, 25, 24, 20, 16, 20, 15, 4, 19, 24, 4, 5, 19, 24, 21, 20, 20, 14, 15, 24, 19, 21, 20, 21, 14, 19, 22, 21, 19, 5, 22, 21, 22, 13, 5, 6, 22, 6, 23, 22, 22, 23, 12, 12, 23, 10, 18, 17, 23, 23, 7, 18, 23, 6, 7, 7, 8, 18, 18, 8, 17 ],
				"vertices": [ 3, 6, -185.61, -190.58, 0, 42, 83.11, 74.78, 0.04687, 47, 31.34, -5.3, 0.95313, 3, 6, -204.71, -193.15, 0, 42, 101.81, 70.12, 0.1204, 47, 47.75, -15.42, 0.87959, 3, 6, -227.87, -196.27, 0, 42, 124.49, 64.47, 0.17781, 47, 67.65, -27.69, 0.82218, 5, 6, -251.99, -16.87999, 0.01504, 12, 295.44, -81.87999, 6.0E-5, 22, 223.04, -90.86, 7.0E-5, 33, 152.05, -100.99, 0.19393, 42, 80.74, -111.17, 0.79087, 5, 6, -204.6, -10.51, 0.02631, 12, 247.63, -80.81, 8.0E-5, 22, 175.31, -87.9, 0.01357, 33, 104.61, -94.96, 0.2464, 42, 34.34, -99.61, 0.71363, 4, 6, -90.01, 4.89, 0.2428, 22, 59.91, -80.75, 0.42295, 33, -10.08, -80.39, 0.14805, 42, -77.85, -71.66, 0.18618, 4, 6, -42.5, 11.27, 0.61915, 22, 12.06, -77.78, 0.30052, 33, -57.64, -74.35, 0.02536, 42, -124.37, -60.07, 0.05493, 4, 6, -1.53, 6.35, 0.99249, 22, -27.16, -64.99, 0.00579, 33, -95.97, -59.06, 1.9E-4, 42, -160.64, -40.38, 0.00151, 1, 6, 82.98, 28.15, 1, 4, 11, 49.76, 78.19, 0.99699, 32, -113.18, 78.4, 0.00218, 21, -39.16999, 75.49, 8.1E-4, 47, -220.09, 149.73, 0, 3, 12, -32.34999, 12.05, 0.09778, 11, 31.54, -14.83, 0.90005, 21, -47.74, -18.9, 0.00215, 1, 11, 57.47, 12.44, 1, 1, 21, 29.28, 5.99, 1, 2, 32, 5.49, 7.76, 0.5, 21, 81.16, 7.69, 0.5, 1, 32, 66.07, 10.78, 1, 1, 41, 46.11, 4.23999, 1, 3, 42, 101.29, 21.37, 0.56732, 41, 106.27, -57.06, 0.00223, 47, 32.45, -61.72, 0.43043, 4, 12, -32.02, -15.21, 0.09155, 11, 24.92, -41.29, 0.91411, 32, -128.52, -42.67, -0.00641, 21, -51.61, -45.9, 7.4E-4, 4, 6, 43.6, -18.95999, 0.55106, 12, 3.75, -33.88, 0.44671, 22, -66.51999, -31.38, 0.00217, 32, -96.61, -67.39, 2.0E-5, 5, 6, -150.4, -8.05, 0.0734, 12, 193.7, -74.81, 1.2E-4, 22, 121.66, -79.78, 0.10068, 33, 51.59, -83.4, 0.3244, 42, -16.95, -81.9, 0.50137, 1, 42, 32.71, -5.77, 1, 1, 33, 36.45, -1.41, 1, 1, 22, 40.18, -4.53, 1, 1, 12, 59.34, -6.69, 1, 5, 6, -200.34, -20.73, 0.02631, 12, 245.01, -70.05, 8.0E-5, 22, 173.12, -77.05, 0.01357, 33, 103.12, -83.99, 0.2464, 42, 34.15, -88.53, 0.71363, 4, 6, -246.57, -40.68999, 0.01435, 12, 293.78, -57.52, 6.0E-5, 33, 152.93, -76.58999, 0.18747, 42, 84.48, -87.04, 0.7981 ],
				"hull": 10
			}
		},
		"2_2": {
			"2_": {
				"type": "mesh",
				"uvs": [ 1, 0.88798, 1, 1, 0.97823, 0.95306, 0, 1, 0, 0.54846, 0, 0.29642, 0, 0, 0.26568, 0.02151, 0.46863, 0, 0.88388, 0, 0.92469, 0, 1, 0, 0.59824, 0.09072, 0.71346, 0.04443, 0.88397, 0.30716, 0.85505, 0.56908, 0.91025, 0.73625, 0.58298, 0.91912, 0.29356, 0.9262, 0.22616, 0.76964, 0.07015, 0.69762, 0.09755, 0.12771, 0.35957, 0.48815, 0.57311, 0.52923, 0.62897, 0.7333, 0.79322, 0.93622, 0.76684, 0.743, 0.20611, 0.27706, 0.35776, 0.14201, 0.4775, 0.2488, 0.63406, 0.29149 ],
				"triangles": [ 13, 8, 9, 12, 8, 13, 21, 6, 7, 28, 7, 8, 12, 28, 8, 29, 28, 12, 28, 27, 21, 28, 21, 7, 30, 12, 13, 29, 12, 30, 5, 6, 21, 5, 21, 27, 14, 9, 10, 13, 9, 14, 30, 13, 14, 29, 27, 28, 22, 27, 29, 23, 29, 30, 22, 29, 23, 4, 5, 27, 20, 4, 27, 15, 30, 14, 23, 30, 15, 22, 20, 27, 24, 23, 15, 11, 16, 14, 15, 14, 16, 26, 24, 15, 16, 26, 15, 19, 20, 22, 11, 14, 10, 0, 16, 11, 22, 23, 24, 19, 24, 18, 22, 24, 19, 17, 18, 24, 25, 26, 16, 25, 16, 0, 17, 24, 26, 25, 17, 26, 2, 25, 0, 3, 4, 20, 3, 20, 19, 3, 19, 18, 3, 18, 17, 3, 17, 25, 3, 25, 2, 2, 0, 1 ],
				"vertices": [ -25.08, -77.68, -36.75999, -82.26, -32.82, -77.91, -80.61, 29.41, -33.54, 47.89, -7.27, 58.2, 23.62, 70.33999, 33.03, 39.78, 44.17, 18, 62.38, -28.37, 64.17, -32.93, 67.47, -41.34, 40.4, -0.18, 50.27, -11.15, 30.37, -40.95, 1.8, -48.44, -13.2, -61.45, -46.61, -32.38, -60.04, -0.35, -46.68, 13.58, -46.01, 33.95, 14.59, 54.21, -11.49, 10.2, -6.4, -15.32, -25.23, -29.91, -39.18, -56.56, -20.19, -45.71, 3.78, 35.98, 24.51, 24.57, 18.62, 6.82, 21.04, -12.4 ],
				"hull": 12
			}
		},
		"3_2": {
			"3_": {
				"type": "skinnedmesh",
				"uvs": [ 1, 0.26611, 1, 0.41044, 1, 0.61461, 1, 1, 0.67478, 1, 0.47937, 1, 0.21047, 1, 0, 1, 0.01719, 0.4122, 0, 0, 0.92335, 0, 1, 0, 0.23861, 0.31363, 0.50594, 0.2133, 0.75764, 0.10946, 0.80767, 0.35939, 0.11355, 0.68678, 0.16045, 0.85751, 0.38713, 0.75366, 0.61538, 0.62693, 0.83268, 0.509, 0.57046, 0.4703, 0.32477, 0.58516, 0.44028, 0.91911, 0.65915, 0.7959, 0.86708, 0.68502, 0.0505, 0.50711, 0.27053, 0.4142, 0.52757, 0.29944, 0.77591, 0.20071, 0.95427, 0.10735 ],
				"triangles": [ 7, 8, 26, 26, 8, 27, 8, 12, 27, 27, 12, 28, 8, 9, 12, 12, 13, 28, 12, 9, 13, 28, 13, 29, 30, 11, 0, 13, 14, 29, 13, 9, 14, 29, 14, 30, 14, 10, 30, 14, 9, 10, 30, 10, 11, 27, 28, 21, 7, 17, 6, 17, 18, 23, 18, 19, 24, 19, 20, 25, 20, 1, 2, 3, 24, 25, 25, 2, 3, 5, 24, 4, 3, 4, 24, 6, 23, 5, 5, 23, 24, 6, 17, 23, 23, 18, 24, 24, 19, 25, 25, 20, 2, 17, 16, 18, 16, 22, 18, 18, 22, 19, 22, 21, 19, 19, 21, 20, 21, 15, 20, 20, 15, 1, 15, 0, 1, 16, 26, 22, 22, 27, 21, 21, 28, 15, 15, 29, 0, 7, 16, 17, 7, 26, 16, 26, 27, 22, 29, 30, 0, 28, 29, 15 ],
				"vertices": [ 2, 20, 17.26, 73.36, 0.50399, 31, -14.42, 72.74, 0.496, 2, 31, 5.72, 68.28, 0.50399, 40, -11.44, 69, 0.496, 1, 40, 16.75, 61.44, 1, 1, 40, 69.98, 47.16, 1, 1, 40, 56.41, -3.4, 1, 1, 40, 48.26, -33.79, 1, 1, 40, 37.04, -75.6, 1, 1, 20, 73.67, -110.34, 1, 1, 14, 107.14, 21.05, 1, 1, 14, 84.56, -33.46, 1, 1, 14, -49.96, 29.81, 1, 1, 14, -61.12, 35.06, 1, 1, 14, 68.87999, 23.47, 1, 1, 14, 23.83, 28.8, 1, 1, 14, -19.15, 32.61, 1, 2, 20, 21.53, 39.91999, 0.50399, 31, -8.08, 39.62, 0.496, 2, 20, 35.66999, -80.41, 0.50399, 31, 13.49, -79.58999, 0.496, 2, 31, 38.96, -77.49, 0.50399, 40, 15.27, -78.1, 0.496, 2, 31, 32.34, -38.65, 0.50399, 40, 10.39, -39.00999, 0.496, 2, 31, 22.58, 1.13, 0.50399, 40, 2.41, 1.16999, 0.496, 2, 31, 13.66, 38.93999, 0.50399, 40, -4.8, 39.33, 0.496, 2, 20, 26.23, -1.15, 0.46399, 31, -0.85, -1.08, 0.536, 2, 20, 31.09, -43.71, 0.50399, 31, 6.64, -43.25, 0.496, 1, 40, 35.46, -36.87, 1, 1, 40, 27.57, 1.72, 1, 1, 40, 20.93, 38.16, 1, 2, 20, 8.17, -83.07, 0.384, 14, 108.07, 35.61, 0.61599, 2, 20, 5.19, -45.35, 0.384, 14, 70.36, 38.66999, 0.61599, 2, 20, 0.84, -1.04999, 0.384, 14, 25.92, 41.43, 0.61599, 2, 20, -1.68, 41.27, 0.384, 14, -16.26, 45.67, 0.61599, 2, 20, -6.58, 72.56, 0.384, 14, -47.93, 45.82, 0.61599 ],
				"hull": 12
			}
		},
		"5_2": {
			"5_": {
				"type": "skinnedmesh",
				"uvs": [ 1, 0.71336, 1, 0.87957, 1, 1, 0.85355, 1, 0.78489, 1, 0, 1, 0, 0.33658, 0, 0.19995, 0, 0, 0.35827, 0, 0.56578, 0, 1, 0, 0.52796, 0.326, 0.74153, 0.06679, 0.88585, 0.17245, 0.57475, 0.42174, 0.61677, 0.62317, 0.9671, 0.43023, 0.9783, 0.63166, 0.67701, 0.77108, 0.72464, 0.90349, 0.33595, 0.29858, 0.45357, 0.29628, 0.20389, 0.05895, 0.22245, 0.31829, 0.07811, 0.36053, 0.06692, 0.13657 ],
				"triangles": [ 17, 11, 0, 17, 0, 18, 19, 16, 18, 16, 15, 17, 16, 17, 18, 5, 16, 19, 3, 1, 2, 1, 3, 20, 3, 4, 20, 1, 20, 0, 20, 19, 0, 19, 18, 0, 5, 20, 4, 20, 5, 19, 14, 12, 13, 14, 15, 12, 15, 14, 17, 16, 21, 15, 17, 14, 11, 5, 25, 16, 25, 24, 16, 24, 21, 16, 15, 21, 22, 22, 12, 15, 5, 6, 25, 26, 24, 25, 25, 6, 7, 13, 12, 10, 25, 7, 26, 21, 24, 23, 24, 26, 23, 22, 21, 9, 21, 23, 9, 12, 22, 10, 22, 9, 10, 7, 8, 26, 14, 13, 11, 26, 8, 23, 13, 10, 11, 23, 8, 9 ],
				"vertices": [ 2, 36, 4, 34.72, 0.848, 27, 55.15, 32.03, 0.15199, 1, 36, 35.65, 32.23, 1, 1, 36, 58.58, 30.43, 1, 1, 36, 56.37, 2.41, 1, 1, 36, 55.34, -10.72, 1, 1, 7, -182.12, 17.96999, 1, 1, 7, -69.81, 76.61, 1, 1, 7, -46.68, 88.69, 1, 1, 7, -12.83, 106.36, 1, 1, 7, 18.99, 45.39, 1, 1, 7, 37.43, 10.08, 1, 1, 7, 76.01, -63.8, 1, 2, 7, -21.11, -12.29, 0.704, 15, 7.41, -23.62, 0.29599, 2, 7, 41.74, -25.72, 0.704, 15, -10.62, 38.07, 0.29599, 1, 15, 21.61, 49.72, 1, 1, 15, 27.59, -26.42, 1, 2, 36, -18.92, -37.27, 0.104, 27, 17.65, -33.56, 0.89599, 2, 36, -50.39, 32.66, 0.104, 27, 1.52, 41.41, 0.89599, 2, 36, -11.87, 31.79, 0.49599, 27, 39, 32.49, 0.504, 2, 36, 10.14, -27.95, 0.49599, 27, 48.02, -30.54, 0.504, 2, 36, 36.07, -20.81, 0.848, 27, 74.87, -28.99, 0.15199, 1, 7, -33.53, 22.8, 1, 1, 7, -22.69, 2.98, 1, 1, 7, -4.69999, 66.44999, 1, 1, 7, -46.95, 40.37, 1, 1, 7, -66.92, 61.2, 1, 1, 7, -30, 82.9, 1 ],
				"hull": 12
			}
		},
		"6_2": {
			"6_": {
				"type": "skinnedmesh",
				"uvs": [ 1, 0.6374, 1, 0.77576, 1, 0.88374, 1, 1, 0.87795, 1, 0.8332, 1, 0, 1, 0, 0, 0.41566, 0, 0.61559, 0, 1, 0, 0.58119, 0.39853, 0.83187, 0.186, 0.86915, 0.28556, 0.61847, 0.47109, 0.6632, 0.58753, 0.93476, 0.40875, 0.96607, 0.52772, 0.73629, 0.66096, 0.79446, 0.73859, 0.81085, 0.84152, 0.73343, 0.06135, 0.47976, 0.31944, 0.37384, 0.25698, 0.30971, 0.15235 ],
				"triangles": [ 20, 15, 18, 20, 6, 15, 10, 0, 17, 18, 19, 20, 19, 18, 0, 18, 17, 0, 5, 6, 20, 4, 2, 3, 2, 4, 20, 4, 5, 20, 20, 1, 2, 20, 19, 1, 19, 0, 1, 13, 11, 12, 17, 16, 10, 14, 13, 16, 14, 11, 13, 6, 14, 15, 18, 15, 17, 15, 16, 17, 15, 14, 16, 16, 13, 10, 14, 22, 11, 14, 6, 22, 6, 23, 22, 23, 7, 24, 23, 6, 7, 12, 11, 21, 11, 22, 21, 22, 9, 21, 22, 23, 9, 13, 12, 10, 23, 8, 9, 23, 24, 8, 12, 21, 10, 24, 7, 8, 21, 9, 10 ],
				"vertices": [ 2, 10, 64.94, 16.70999, 0.248, 16, 15.08, 27.73, 0.75199, 2, 10, 83.25, 2.4, 0.05599, 16, 37.75, 22.61, 0.944, 1, 16, 55.44, 18.62, 1, 1, 16, 74.49, 14.32, 1, 1, 16, 69.39, -8.29, 1, 1, 16, 67.51, -16.58, 1, 1, 8, -162.68, -4.54, 1, 1, 8, -55.48, 124.76, 1, 1, 8, 5.3, 74.37, 1, 1, 8, 34.53, 50.13, 1, 1, 8, 90.75, 3.53, 1, 2, 8, -13.21, 2.77, 0.71999, 10, -15.68, -21.25, 0.28, 2, 8, 46.23, -0.13, 0.71999, 10, -14.47, 38.25999, 0.28, 1, 10, 3.06, 33.53, 1, 1, 10, -1.71, -23.18, 1, 2, 10, 18.93, -28.53, 0.91999, 16, -7.17, -32.83, 0.08, 2, 10, 27.04, 30.61, 0.91999, 16, -25.11, 24.1, 0.08, 2, 10, 46.45, 22.98, 0.51999, 16, -4.3, 25.5, 0.48, 2, 10, 37.2, -25.19, 0.51999, 16, 7.91, -22, 0.48, 2, 10, 54.28, -24.51, 0.248, 16, 23.06, -14.09, 0.75199, 2, 10, 69.82, -32.71, 0.05599, 16, 40.61, -14.86, 0.944, 2, 8, 45.19, 27.91, 0.89599, 10, -42.49, 36.41999, 0.104, 2, 8, -19.56, 25.29, 0.89599, 10, -38.00999, -28.25, 0.104, 1, 8, -28.36, 46.21, 1, 1, 8, -26.52, 67.51, 1 ],
				"hull": 11
			}
		},
		"7_2": {
			"7_": {
				"type": "skinnedmesh",
				"uvs": [ 0.99998, 0.46778, 0.99999, 0.62718, 1, 1, 0.89288, 1, 0.7201, 0.99826, 0, 1, 0, 0.07486, 0, 0, 0.20673, 0, 0.54997, 0, 1, 0, 0.26677, 0.32861, 0.60284, 0.62628, 0.76251, 0.73993, 0.73393, 0.13353, 0.9179, 0.25065, 0.42692, 0.47534, 0.11454, 0.17633, 0.75859, 0.88006, 0.9241, 0.89131 ],
				"triangles": [ 6, 7, 8, 14, 9, 10, 17, 6, 8, 17, 8, 9, 15, 14, 10, 11, 17, 9, 11, 9, 14, 0, 15, 10, 16, 11, 14, 16, 14, 15, 12, 16, 15, 12, 15, 0, 13, 12, 0, 1, 13, 0, 18, 12, 13, 19, 13, 1, 18, 13, 19, 4, 12, 18, 5, 6, 17, 5, 17, 11, 5, 11, 16, 5, 16, 12, 5, 12, 4, 3, 18, 19, 4, 18, 3, 19, 1, 2, 3, 19, 2 ],
				"vertices": [ 1, 9, 29.54, -41.47, 1, 1, 9, 16.45, -57.94, 1, 1, 9, -14.15, -96.47, 1, 1, 9, -21.78, -90.4, 1, 1, 9, -33.93999, -80.44, 1, 1, 9, -85.38, -39.86, 1, 1, 9, -9.42, 55.72, 1, 1, 9, -3.27, 63.45, 1, 1, 9, 11.44, 51.75, 1, 1, 9, 35.89, 32.32, 1, 1, 9, 67.94999, 6.85, 1, 1, 9, -11.25, 14.4, 1, 1, 9, -11.75, -35.37, 1, 1, 9, -9.71, -56.15, 1, 1, 9, 38.03, 8.10999, 1, 1, 9, 41.52, -14.39, 1, 1, 9, -11.89, -9.82, 1, 1, 9, -9.59, 38.75, 1, 1, 9, -21.49, -70.41, 1, 1, 9, -10.63, -80.94, 1 ],
				"hull": 11
			}
		},
		"8_2": {
			"8_": {
				"type": "skinnedmesh",
				"uvs": [ 1, 0.67798, 1, 0.84395, 1, 1, 0.57894, 0.99999, 0.46111, 1, 0.36492, 1, 0.25421, 0.95043, 0, 1, 0, 0.30985, 0, 0, 0.1271, 0, 0.20325, 0, 0.32786, 0, 1, 0, 0.03486, 0.48056, 0.17037, 0.75179, 0.09406, 0.59905, 0.39988, 0.18199, 0.60385, 0.46814, 0.52603, 0.4238, 0.7499, 0.41981, 0.74533, 0.89437, 0.9317, 0.50907, 0.89837, 0.86225, 0.83787, 0.42012, 0.82783, 0.87705, 0.6756, 0.46308, 0.66868, 0.93554, 0.08664, 0.21078, 0.14672, 0.31017, 0.23994, 0.41967, 0.32373, 0.53278, 0.47997, 0.7287, 0.58235, 0.73074, 0.6686, 0.70202, 0.74535, 0.66878, 0.8325, 0.66447, 0.91284, 0.70884, 0.46098, 0.32792, 0.41299, 0.64265 ],
				"triangles": [ 13, 20, 17, 30, 29, 12, 15, 16, 30, 28, 9, 10, 8, 9, 28, 11, 28, 10, 14, 8, 28, 11, 29, 28, 29, 14, 28, 16, 14, 29, 30, 16, 29, 7, 8, 14, 7, 14, 16, 7, 16, 15, 12, 29, 11, 7, 15, 6, 17, 12, 13, 20, 38, 17, 32, 4, 5, 32, 39, 19, 19, 39, 38, 32, 5, 39, 38, 31, 17, 31, 39, 6, 12, 17, 30, 31, 15, 30, 17, 31, 30, 6, 15, 31, 39, 31, 38, 6, 39, 5, 35, 26, 20, 21, 34, 35, 26, 19, 20, 18, 19, 26, 34, 18, 26, 34, 26, 35, 18, 32, 19, 18, 33, 32, 34, 33, 18, 34, 27, 33, 21, 27, 34, 3, 32, 33, 3, 33, 27, 3, 4, 32, 3, 27, 2, 19, 38, 20, 36, 20, 24, 36, 24, 22, 36, 35, 20, 37, 36, 22, 0, 37, 22, 37, 0, 1, 37, 25, 36, 23, 37, 1, 25, 35, 36, 23, 25, 37, 25, 21, 35, 23, 1, 2, 25, 23, 2, 21, 25, 2, 24, 20, 13, 22, 24, 13, 22, 13, 0, 27, 21, 2 ],
				"vertices": [ 1, 37, 15.41, 3.62, 1, 1, 37, 16.24, 0.24, 1, 1, 37, 17.03, -2.93, 1, 2, 28, 5.17, -6.25, 0.816, 17, 25.17, -3.59, 0.18399, 2, 28, -2.11999, -5.97, 0.512, 17, 18.27, -5.99, 0.48799, 2, 28, -8.07, -5.74, 0.344, 17, 12.64, -7.96, 0.65599, 2, 28, -14.89, -4.42999, 0.208, 17, 5.82, -9.24, 0.79199, 1, 13, 63.63, 7.82, 1, 1, 13, 77.76999, 4.65, 1, 1, 13, 84.12, 3.23, 1, 1, 13, 82.4, -4.44999, 1, 2, 17, -3.73, 8.56, 0.136, 13, 81.37, -9.06, 0.86399, 2, 17, 3.55, 11.1, 0.52, 13, 79.68, -16.59, 0.47999, 1, 13, 70.57, -57.26, 1, 1, 13, 73.8, 3.33, 1, 2, 17, -0.45, -7.01, 0.52, 13, 66.41, -3.62, 0.47999, 1, 13, 70.57, 0.29, 1, 2, 28, -5.23999, 11.33, 0.208, 17, 9.03, 8.97, 0.79199, 2, 28, 7.15, 4.83, 0.816, 17, 22.95, 7.46, 0.18399, 2, 28, 2.36999, 5.95, 0.512, 17, 18.09, 6.75, 0.48799, 2, 37, -0.94, 5.17, 0.496, 28, 16.24, 5.5, 0.50399, 2, 37, 1.16999, -4.57, 0.496, 28, 15.57, -4.44, 0.50399, 2, 37, 10.45, 6.05, 0.96799, 28, 27.43, 3.18, 0.032, 2, 37, 10.22, -1.64, 0.96799, 28, 25.07, -4.14, 0.032, 2, 37, 4.35, 6.47, 0.888, 28, 21.69, 5.28, 0.11199, 2, 37, 6.05, -2.99, 0.888, 28, 20.69, -4.28, 0.11199, 2, 37, -5.19, 3.18, 0.15199, 28, 11.6, 4.77, 0.84799, 2, 37, -3.23, -6.54, 0.15199, 28, 10.78, -5.12, 0.84799, 1, 13, 78.62999, -1.04, 1, 2, 17, -4.89, 1.25, 0.136, 13, 75.78, -4.21, 0.86399, 2, 17, 1.30999, 0.99, 0.52, 13, 72.26999, -9.35, 0.47999, 2, 28, -10.24, 4.15, 0.208, 17, 7, 0.46, 0.79199, 2, 28, -0.73, -0.32, 0.512, 17, 17.5, -0.23, 0.48799, 2, 28, 5.6, -0.61, 0.816, 17, 23.51, 1.81, 0.18399, 2, 37, -4.41, -1.78, 0.15199, 28, 10.97, -0.22, 0.84799, 2, 37, 0.03, 0.02, 0.496, 28, 15.75, 0.28, 0.50399, 2, 37, 5.26, 1.41, 0.888, 28, 21.15, 0.16, 0.11199, 2, 37, 10.32, 1.7, 0.96799, 28, 26.09, -0.95, 0.032, 2, 28, -1.57, 8.12, 0.344, 17, 13.61, 7.32, 0.65599, 2, 28, -4.8, 1.63, 0.344, 17, 12.98, 0.1, 0.65599 ],
				"hull": 14
			}
		},
		"bone5": {
			"9_": { "x": 65.09, "y": -26.82, "rotation": -102.64, "width": 67, "height": 48 }
		},
		"bone6": {
			"4_": { "x": 107.86, "y": 11.37, "rotation": 154.81, "width": 56, "height": 89 }
		},
		"bone7": {
			"11_": { "x": 102.79, "y": 4.16, "rotation": -102.64, "width": 56, "height": 22 }
		},
		"bone8": {
			"16_": { "x": 128.49, "y": -190.47, "rotation": -84.01, "width": 457, "height": 261 }
		}
	}
},
"animations": {
	"dj": {
		"slots": {
			"12_3": {
				"attachment": [
					{ "time": 1.6333, "name": null },
					{ "time": 1.6666, "name": "12-2_" },
					{ "time": 1.8, "name": null }
				],
				"color": [
					{ "time": 1.6333, "color": "ffffffff", "curve": "stepped" },
					{ "time": 1.6666, "color": "ffffffff", "curve": "stepped" },
					{ "time": 1.7333, "color": "ffffffff", "curve": "stepped" },
					{
						"time": 1.7666,
						"color": "ffffffd5",
						"curve": [ 0.25, 0, 0.75, 1 ]
					},
					{ "time": 1.8, "color": "ffffffff" }
				]
			}
		},
		"bones": {
			"bone2": {
				"rotate": [
					{ "time": 0, "angle": 0, "curve": "stepped" },
					{ "time": 2.6666, "angle": 0 }
				],
				"translate": [
					{ "time": 0, "x": 0, "y": 0, "curve": "stepped" },
					{ "time": 2.6666, "x": 0, "y": 0 }
				],
				"scale": [
					{ "time": 0, "x": 1, "y": 1, "curve": "stepped" },
					{ "time": 2.6666, "x": 1, "y": 1 }
				]
			},
			"bone3": {
				"rotate": [
					{
						"time": 0,
						"angle": 0,
						"curve": [ 0.25, 0, 0.75, 1 ]
					},
					{
						"time": 1.3333,
						"angle": 1.32,
						"curve": [ 0.25, 0, 0.75, 1 ]
					},
					{ "time": 2.6666, "angle": 0 }
				],
				"translate": [
					{
						"time": 0,
						"x": 0,
						"y": 0,
						"curve": [ 0.148, 0.23, 0.75, 1 ]
					},
					{
						"time": 0.6666,
						"x": -1.24,
						"y": 0,
						"curve": [ 0.25, 0, 0.75, 1 ]
					},
					{
						"time": 2,
						"x": 1.3,
						"y": 0,
						"curve": [ 0.25, 0, 0.872, 0.79 ]
					},
					{ "time": 2.6666, "x": 0, "y": 0 }
				],
				"scale": [
					{ "time": 0, "x": 1, "y": 1, "curve": "stepped" },
					{ "time": 2.6666, "x": 1, "y": 1 }
				]
			},
			"bone4": {
				"rotate": [
					{
						"time": 0,
						"angle": 0,
						"curve": [ 0.25, 0, 0.75, 1 ]
					},
					{
						"time": 1.3333,
						"angle": -2.82,
						"curve": [ 0.25, 0, 0.75, 1 ]
					},
					{ "time": 2.6666, "angle": 0 }
				],
				"translate": [
					{
						"time": 0,
						"x": 0,
						"y": 0,
						"curve": [ 0.25, 0, 0.75, 1 ]
					},
					{
						"time": 1.3333,
						"x": 3.34,
						"y": 1.39,
						"curve": [ 0.25, 0, 0.75, 1 ]
					},
					{ "time": 2.6666, "x": 0, "y": 0 }
				],
				"scale": [
					{
						"time": 0,
						"x": 1,
						"y": 1,
						"curve": [ 0.25, 0, 0.625, 0.5 ]
					},
					{
						"time": 1.3333,
						"x": 1.01,
						"y": 1.011,
						"curve": [ 0.25, 0, 0.75, 1 ]
					},
					{ "time": 2.6666, "x": 1, "y": 1 }
				]
			},
			"bone6": {
				"rotate": [
					{
						"time": 0,
						"angle": 0,
						"curve": [ 0.162, 0.2, 0.75, 1 ]
					},
					{
						"time": 0.6666,
						"angle": 3.14,
						"curve": [ 0.25, 0, 0.75, 1 ]
					},
					{
						"time": 2,
						"angle": -1.17,
						"curve": [ 0.25, 0, 0.872, 0.82 ]
					},
					{ "time": 2.6666, "angle": 0 }
				],
				"translate": [
					{ "time": 0, "x": 0, "y": 0, "curve": "stepped" },
					{ "time": 2.6666, "x": 0, "y": 0 }
				],
				"scale": [
					{ "time": 0, "x": 1, "y": 1, "curve": "stepped" },
					{ "time": 1.3333, "x": 1, "y": 1, "curve": "stepped" },
					{ "time": 2.6666, "x": 1, "y": 1 }
				]
			},
			"bone7": {
				"rotate": [
					{
						"time": 0,
						"angle": -1.31,
						"curve": [ 0.25, 0, 0.75, 1 ]
					},
					{
						"time": 1.3333,
						"angle": 2.23,
						"curve": [ 0.25, 0, 0.75, 1 ]
					},
					{ "time": 2.6666, "angle": -1.31 }
				],
				"translate": [
					{ "time": 0, "x": 0, "y": 0, "curve": "stepped" },
					{ "time": 2.6666, "x": 0, "y": 0 }
				],
				"scale": [
					{ "time": 0, "x": 1, "y": 1, "curve": "stepped" },
					{ "time": 2.6666, "x": 1, "y": 1 }
				]
			},
			"bone34": {
				"rotate": [
					{
						"time": 0,
						"angle": 0,
						"curve": [ 0.221, 0.38, 0.75, 1 ]
					},
					{
						"time": 0.6666,
						"angle": 10.13,
						"curve": [ 0.25, 0, 0.75, 1 ]
					},
					{
						"time": 2,
						"angle": -10.53,
						"curve": [ 0.323, 0, 0.834, 0.75 ]
					},
					{ "time": 2.6666, "angle": 0 }
				],
				"translate": [
					{ "time": 0, "x": 0, "y": 0, "curve": "stepped" },
					{ "time": 2.6666, "x": 0, "y": 0 }
				],
				"scale": [
					{ "time": 0, "x": 1, "y": 1, "curve": "stepped" },
					{ "time": 2.6666, "x": 1, "y": 1 }
				]
			},
			"bone35": {
				"rotate": [
					{
						"time": 0,
						"angle": -4.39,
						"curve": [ 0.25, 0, 0.75, 1 ]
					},
					{
						"time": 1.3333,
						"angle": 17.29,
						"curve": [ 0.25, 0, 0.75, 1 ]
					},
					{ "time": 2.6666, "angle": -4.39 }
				],
				"translate": [
					{
						"time": 0,
						"x": 0,
						"y": 0,
						"curve": [ 0.25, 0, 0.75, 1 ]
					},
					{
						"time": 1.3333,
						"x": 10.36,
						"y": 1.97,
						"curve": [ 0.25, 0, 0.75, 1 ]
					},
					{ "time": 2.6666, "x": 0, "y": 0 }
				],
				"scale": [
					{ "time": 0, "x": 1, "y": 1, "curve": "stepped" },
					{ "time": 2.6666, "x": 1, "y": 1 }
				]
			},
			"bone36": {
				"rotate": [
					{
						"time": 0,
						"angle": 4.35,
						"curve": [ 0.19, 0.31, 0.75, 1 ]
					},
					{
						"time": 0.6666,
						"angle": -15.74,
						"curve": [ 0.25, 0, 0.75, 1 ]
					},
					{
						"time": 2,
						"angle": 17.96,
						"curve": [ 0.25, 0, 0.869, 0.74 ]
					},
					{ "time": 2.6666, "angle": 4.35 }
				],
				"translate": [
					{
						"time": 0,
						"x": 0,
						"y": 0,
						"curve": [ 0.214, 0.27, 0.75, 1 ]
					},
					{
						"time": 0.6666,
						"x": -12.57,
						"y": 1.56,
						"curve": [ 0.243, 0, 0.648, 0.6 ]
					},
					{
						"time": 2,
						"x": 6.34,
						"y": 3.35,
						"curve": [ 0.25, 0, 0.883, 0.77 ]
					},
					{ "time": 2.6666, "x": 0, "y": 0 }
				],
				"scale": [
					{ "time": 0, "x": 1, "y": 1, "curve": "stepped" },
					{ "time": 2.6666, "x": 1, "y": 1 }
				]
			},
			"bone37": {
				"rotate": [
					{
						"time": 0,
						"angle": 1.09,
						"curve": [ 0.141, 0.29, 0.75, 1 ]
					},
					{
						"time": 1,
						"angle": -24.89,
						"curve": [ 0.242, 0, 0.721, 1 ]
					},
					{
						"time": 2.2,
						"angle": 8.72,
						"curve": [ 0.25, 0, 0.837, 0.77 ]
					},
					{ "time": 2.6666, "angle": 1.09 }
				],
				"translate": [
					{
						"time": 0,
						"x": 2.34,
						"y": 0.99,
						"curve": [ 0.25, 0, 0.75, 1 ]
					},
					{
						"time": 1.3333,
						"x": -13.08,
						"y": 0.66,
						"curve": [ 0.25, 0, 0.75, 1 ]
					},
					{ "time": 2.6666, "x": 2.34, "y": 0.99 }
				],
				"scale": [
					{ "time": 0, "x": 1, "y": 1, "curve": "stepped" },
					{ "time": 2.6666, "x": 1, "y": 1 }
				]
			},
			"bone38": {
				"rotate": [
					{
						"time": 0,
						"angle": 5.85,
						"curve": [ 0.25, 0, 0.75, 1 ]
					},
					{
						"time": 1,
						"angle": -19.21,
						"curve": [ 0.25, 0, 0.75, 1 ]
					},
					{
						"time": 2,
						"angle": 6.54,
						"curve": [ 0.25, 0, 0.75, 1 ]
					},
					{ "time": 2.6666, "angle": 5.85 }
				],
				"translate": [
					{ "time": 0, "x": 0, "y": 0, "curve": "stepped" },
					{ "time": 2.6666, "x": 0, "y": 0 }
				],
				"scale": [
					{ "time": 0, "x": 1, "y": 1, "curve": "stepped" },
					{ "time": 2.6666, "x": 1, "y": 1 }
				]
			},
			"bone39": {
				"rotate": [
					{
						"time": 0,
						"angle": 0,
						"curve": [ 0.25, 0, 0.625, 0.5 ]
					},
					{
						"time": 1.3333,
						"angle": 4.28,
						"curve": [ 0.375, 0.5, 0.75, 1 ]
					},
					{ "time": 2.6666, "angle": 0 }
				],
				"translate": [
					{ "time": 0, "x": 0, "y": 0, "curve": "stepped" },
					{ "time": 2.6666, "x": 0, "y": 0 }
				],
				"scale": [
					{ "time": 0, "x": 1, "y": 1, "curve": "stepped" },
					{ "time": 2.6666, "x": 1, "y": 1 }
				]
			},
			"bone11": {
				"rotate": [
					{
						"time": 0,
						"angle": 0,
						"curve": [ 0.25, 0, 0.75, 1 ]
					},
					{
						"time": 1.3333,
						"angle": -0.91,
						"curve": [ 0.25, 0, 0.75, 1 ]
					},
					{ "time": 2.6666, "angle": 0 }
				],
				"translate": [
					{ "time": 0, "x": 0, "y": 0, "curve": "stepped" },
					{ "time": 2.6666, "x": 0, "y": 0 }
				],
				"scale": [
					{
						"time": 0,
						"x": 1,
						"y": 1,
						"curve": [ 0.25, 0, 0.75, 1 ]
					},
					{
						"time": 1.3333,
						"x": 1.025,
						"y": 0.952,
						"curve": [ 0.25, 0, 0.75, 1 ]
					},
					{ "time": 2.6666, "x": 1, "y": 1 }
				]
			},
			"bone15": {
				"rotate": [
					{
						"time": 0,
						"angle": 0,
						"curve": [ 0.25, 0, 0.75, 1 ]
					},
					{
						"time": 1.3333,
						"angle": 3.51,
						"curve": [ 0.25, 0, 0.75, 1 ]
					},
					{ "time": 2.6666, "angle": 0 }
				],
				"translate": [
					{
						"time": 0,
						"x": 0,
						"y": 0,
						"curve": [ 0.25, 0, 0.75, 1 ]
					},
					{
						"time": 1.3333,
						"x": -1.54,
						"y": 1.11,
						"curve": [ 0.25, 0, 0.75, 1 ]
					},
					{ "time": 2.6666, "x": 0, "y": 0 }
				],
				"scale": [
					{
						"time": 0,
						"x": 1,
						"y": 1,
						"curve": [ 0.25, 0, 0.75, 1 ]
					},
					{
						"time": 1.3333,
						"x": 0.982,
						"y": 1,
						"curve": [ 0.25, 0, 0.75, 1 ]
					},
					{ "time": 2.6666, "x": 1, "y": 1 }
				]
			},
			"bone16": {
				"rotate": [
					{
						"time": 0,
						"angle": 0,
						"curve": [ 0.25, 0, 0.865, 0.76 ]
					},
					{
						"time": 1.6666,
						"angle": 2.08,
						"curve": [ 0.393, 0, 0.718, 0.74 ]
					},
					{ "time": 2.6666, "angle": 0 }
				],
				"translate": [
					{ "time": 0, "x": 0, "y": 0, "curve": "stepped" },
					{ "time": 2.6666, "x": 0, "y": 0 }
				],
				"scale": [
					{ "time": 0, "x": 1, "y": 1, "curve": "stepped" },
					{ "time": 2.6666, "x": 1, "y": 1 }
				]
			},
			"bone31": {
				"rotate": [
					{
						"time": 0,
						"angle": 0,
						"curve": [ 0.25, 0, 0.75, 1 ]
					},
					{
						"time": 1.3333,
						"angle": -5.99,
						"curve": [ 0.25, 0, 0.75, 1 ]
					},
					{ "time": 2.6666, "angle": 0 }
				],
				"translate": [
					{ "time": 0, "x": 0, "y": 0, "curve": "stepped" },
					{ "time": 2.6666, "x": 0, "y": 0 }
				],
				"scale": [
					{
						"time": 0,
						"x": 1,
						"y": 1,
						"curve": [ 0.25, 0, 0.75, 1 ]
					},
					{
						"time": 1.3333,
						"x": 1,
						"y": 0.923,
						"curve": [ 0.25, 0, 0.75, 1 ]
					},
					{ "time": 2.6666, "x": 1, "y": 1 }
				]
			},
			"bone32": {
				"rotate": [
					{
						"time": 0,
						"angle": 0,
						"curve": [ 0.19, 0.29, 0.75, 1 ]
					},
					{
						"time": 0.6666,
						"angle": 9.24,
						"curve": [ 0.25, 0, 0.75, 1 ]
					},
					{
						"time": 2,
						"angle": -5.64,
						"curve": [ 0.25, 0, 0.823, 0.75 ]
					},
					{ "time": 2.6666, "angle": 0 }
				],
				"translate": [
					{ "time": 0, "x": 0, "y": 0, "curve": "stepped" },
					{ "time": 2.6666, "x": 0, "y": 0 }
				],
				"scale": [
					{ "time": 0, "x": 1, "y": 1, "curve": "stepped" },
					{ "time": 2.6666, "x": 1, "y": 1 }
				]
			},
			"bone22": {
				"rotate": [
					{
						"time": 0,
						"angle": 0,
						"curve": [ 0.186, 0.3, 0.75, 1 ]
					},
					{
						"time": 0.3333,
						"angle": 9.76,
						"curve": [ 0.25, 0, 0.75, 1 ]
					},
					{
						"time": 1,
						"angle": -14.57,
						"curve": [ 0.25, 0, 0.876, 0.78 ]
					},
					{
						"time": 1.3333,
						"angle": 0,
						"curve": [ 0.186, 0.3, 0.75, 1 ]
					},
					{
						"time": 1.6666,
						"angle": 9.76,
						"curve": [ 0.25, 0, 0.75, 1 ]
					},
					{
						"time": 2.3333,
						"angle": -14.57,
						"curve": [ 0.25, 0, 0.876, 0.78 ]
					},
					{ "time": 2.6666, "angle": 0 }
				],
				"translate": [
					{ "time": 0, "x": 0, "y": 0, "curve": "stepped" },
					{ "time": 1.3333, "x": 0, "y": 0, "curve": "stepped" },
					{ "time": 2.6666, "x": 0, "y": 0 }
				],
				"scale": [
					{ "time": 0, "x": 1, "y": 1, "curve": "stepped" },
					{ "time": 1.3333, "x": 1, "y": 1, "curve": "stepped" },
					{ "time": 2.6666, "x": 1, "y": 1 }
				]
			},
			"bone23": {
				"rotate": [
					{
						"time": 0,
						"angle": 0,
						"curve": [ 0.25, 0, 0.75, 1 ]
					},
					{
						"time": 0.6666,
						"angle": 21.53,
						"curve": [ 0.25, 0, 0.75, 1 ]
					},
					{
						"time": 1.3333,
						"angle": 0,
						"curve": [ 0.25, 0, 0.75, 1 ]
					},
					{
						"time": 2,
						"angle": 21.53,
						"curve": [ 0.25, 0, 0.75, 1 ]
					},
					{ "time": 2.6666, "angle": 0 }
				],
				"translate": [
					{ "time": 0, "x": 0, "y": 0, "curve": "stepped" },
					{ "time": 1.3333, "x": 0, "y": 0, "curve": "stepped" },
					{ "time": 2.6666, "x": 0, "y": 0 }
				],
				"scale": [
					{ "time": 0, "x": 1, "y": 1, "curve": "stepped" },
					{ "time": 1.3333, "x": 1, "y": 1, "curve": "stepped" },
					{ "time": 2.6666, "x": 1, "y": 1 }
				]
			},
			"bone24": {
				"rotate": [
					{
						"time": 0,
						"angle": 0,
						"curve": [ 0.165, 0.22, 0.75, 1 ]
					},
					{
						"time": 0.3333,
						"angle": -16.27,
						"curve": [ 0.25, 0, 0.75, 1 ]
					},
					{
						"time": 1,
						"angle": 13.04,
						"curve": [ 0.25, 0, 0.855, 0.78 ]
					},
					{
						"time": 1.3333,
						"angle": 0,
						"curve": [ 0.165, 0.22, 0.75, 1 ]
					},
					{
						"time": 1.6666,
						"angle": -14.59,
						"curve": [ 0.25, 0, 0.75, 1 ]
					},
					{
						"time": 2.3333,
						"angle": 13.04,
						"curve": [ 0.25, 0, 0.855, 0.78 ]
					},
					{ "time": 2.6666, "angle": 0 }
				],
				"translate": [
					{ "time": 0, "x": 0, "y": 0, "curve": "stepped" },
					{ "time": 1.3333, "x": 0, "y": 0, "curve": "stepped" },
					{ "time": 2.6666, "x": 0, "y": 0 }
				],
				"scale": [
					{ "time": 0, "x": 1, "y": 1, "curve": "stepped" },
					{ "time": 1.3333, "x": 1, "y": 1, "curve": "stepped" },
					{ "time": 2.6666, "x": 1, "y": 1 }
				]
			},
			"bone25": {
				"rotate": [
					{
						"time": 0,
						"angle": 0,
						"curve": [ 0.172, 0.13, 0.75, 1 ]
					},
					{
						"time": 0.3333,
						"angle": -10.91,
						"curve": [ 0.25, 0, 0.75, 1 ]
					},
					{
						"time": 1,
						"angle": 4.51,
						"curve": [ 0.25, 0, 0.75, 1 ]
					},
					{
						"time": 1.3333,
						"angle": 0,
						"curve": [ 0.25, 0, 0.75, 1 ]
					},
					{
						"time": 1.6666,
						"angle": -10.91,
						"curve": [ 0.25, 0, 0.75, 1 ]
					},
					{
						"time": 2.3333,
						"angle": 4.51,
						"curve": [ 0.148, 0.25, 0.75, 1 ]
					},
					{ "time": 2.6666, "angle": 0 }
				],
				"translate": [
					{ "time": 0, "x": 0, "y": 0, "curve": "stepped" },
					{ "time": 1.3333, "x": 0, "y": 0, "curve": "stepped" },
					{ "time": 2.6666, "x": 0, "y": 0 }
				],
				"scale": [
					{ "time": 0, "x": 1, "y": 1, "curve": "stepped" },
					{ "time": 1.3333, "x": 1, "y": 1, "curve": "stepped" },
					{ "time": 2.6666, "x": 1, "y": 1 }
				]
			},
			"bone19": {
				"rotate": [
					{
						"time": 0,
						"angle": 0,
						"curve": [ 0.25, 0, 0.75, 1 ]
					},
					{
						"time": 0.6666,
						"angle": 15.96,
						"curve": [ 0.25, 0, 0.75, 1 ]
					},
					{
						"time": 1.3333,
						"angle": 0,
						"curve": [ 0.25, 0, 0.75, 1 ]
					},
					{
						"time": 2,
						"angle": 14.9,
						"curve": [ 0.25, 0, 0.75, 1 ]
					},
					{ "time": 2.6666, "angle": 0 }
				],
				"translate": [
					{ "time": 0, "x": 0, "y": 0, "curve": "stepped" },
					{ "time": 1.3333, "x": 0, "y": 0, "curve": "stepped" },
					{ "time": 2.6666, "x": 0, "y": 0 }
				],
				"scale": [
					{ "time": 0, "x": 1, "y": 1, "curve": "stepped" },
					{ "time": 1.3333, "x": 1, "y": 1, "curve": "stepped" },
					{ "time": 2.6666, "x": 1, "y": 1 }
				]
			},
			"bone20": {
				"rotate": [
					{
						"time": 0,
						"angle": 0,
						"curve": [ 0.204, 0.29, 0.75, 1 ]
					},
					{
						"time": 0.3333,
						"angle": -12.84,
						"curve": [ 0.25, 0, 0.75, 1 ]
					},
					{
						"time": 1,
						"angle": 3.59,
						"curve": [ 0.25, 0, 0.851, 0.79 ]
					},
					{
						"time": 1.3333,
						"angle": 0,
						"curve": [ 0.204, 0.29, 0.75, 1 ]
					},
					{
						"time": 1.6666,
						"angle": -12.84,
						"curve": [ 0.25, 0, 0.75, 1 ]
					},
					{
						"time": 2.3333,
						"angle": 3.59,
						"curve": [ 0.25, 0, 0.851, 0.79 ]
					},
					{ "time": 2.6666, "angle": 0 }
				],
				"translate": [
					{
						"time": 0,
						"x": 0,
						"y": 0,
						"curve": [ 0.25, 0, 0.75, 1 ]
					},
					{
						"time": 0.6666,
						"x": 2.08,
						"y": 0.63,
						"curve": [ 0.25, 0, 0.75, 1 ]
					},
					{
						"time": 1.3333,
						"x": 0,
						"y": 0,
						"curve": [ 0.25, 0, 0.75, 1 ]
					},
					{
						"time": 2,
						"x": 2.08,
						"y": 0.63,
						"curve": [ 0.25, 0, 0.75, 1 ]
					},
					{ "time": 2.6666, "x": 0, "y": 0 }
				],
				"scale": [
					{
						"time": 0,
						"x": 1,
						"y": 1,
						"curve": [ 0.25, 0, 0.75, 1 ]
					},
					{
						"time": 0.6666,
						"x": 1,
						"y": 1.425,
						"curve": [ 0.25, 0, 0.75, 1 ]
					},
					{
						"time": 1.3333,
						"x": 1,
						"y": 1,
						"curve": [ 0.25, 0, 0.75, 1 ]
					},
					{
						"time": 2,
						"x": 1,
						"y": 1.206,
						"curve": [ 0.25, 0, 0.75, 1 ]
					},
					{ "time": 2.6666, "x": 1, "y": 1 }
				]
			},
			"bone5": {
				"rotate": [
					{
						"time": 0,
						"angle": 0,
						"curve": [ 0.186, 0.25, 0.75, 1 ]
					},
					{
						"time": 0.6666,
						"angle": 2.27,
						"curve": [ 0.25, 0, 0.75, 1 ]
					},
					{
						"time": 2,
						"angle": -1.21,
						"curve": [ 0.25, 0, 0.844, 0.75 ]
					},
					{ "time": 2.6666, "angle": 0 }
				],
				"translate": [
					{ "time": 0, "x": 0, "y": 0 },
					{ "time": 1.3333, "x": -2.25, "y": -0.95 },
					{ "time": 2.6666, "x": 0, "y": 0 }
				],
				"scale": [
					{ "time": 0, "x": 1, "y": 1, "curve": "stepped" },
					{ "time": 2.6666, "x": 1, "y": 1 }
				]
			},
			"bone21": {
				"rotate": [
					{
						"time": 0,
						"angle": 0,
						"curve": [ 0.25, 0, 0.75, 1 ]
					},
					{
						"time": 0.6666,
						"angle": -23.41,
						"curve": [ 0.25, 0, 0.75, 1 ]
					},
					{
						"time": 1.3333,
						"angle": 0,
						"curve": [ 0.25, 0, 0.75, 1 ]
					},
					{
						"time": 2,
						"angle": -22.28,
						"curve": [ 0.25, 0, 0.75, 1 ]
					},
					{ "time": 2.6666, "angle": 0 }
				],
				"translate": [
					{ "time": 0, "x": 0, "y": 0, "curve": "stepped" },
					{ "time": 1.3333, "x": 0, "y": 0, "curve": "stepped" },
					{ "time": 2.6666, "x": 0, "y": 0 }
				],
				"scale": [
					{ "time": 0, "x": 1, "y": 1, "curve": "stepped" },
					{ "time": 1.3333, "x": 1, "y": 1, "curve": "stepped" },
					{ "time": 2.6666, "x": 1, "y": 1 }
				]
			},
			"bone47": {
				"rotate": [
					{
						"time": 0,
						"angle": 0,
						"curve": [ 0.25, 0, 0.75, 1 ]
					},
					{
						"time": 1.3333,
						"angle": 8.12,
						"curve": [ 0.25, 0, 0.75, 1 ]
					},
					{ "time": 2.6666, "angle": 0 }
				],
				"translate": [
					{ "time": 0, "x": 0, "y": 0, "curve": "stepped" },
					{ "time": 1.3333, "x": 0, "y": 0, "curve": "stepped" },
					{ "time": 2.6666, "x": 0, "y": 0 }
				],
				"scale": [
					{ "time": 0, "x": 1, "y": 1 },
					{ "time": 1.3333, "x": 0.883, "y": 1 },
					{ "time": 2.6666, "x": 1, "y": 1 }
				]
			},
			"bone33": {
				"rotate": [
					{
						"time": 0,
						"angle": 0,
						"curve": [ 0.249, 0, 0.626, 0.5 ]
					},
					{
						"time": 1.3666,
						"angle": 4.86,
						"curve": [ 0.376, 0.5, 0.749, 1 ]
					},
					{ "time": 2.6666, "angle": 0 }
				],
				"translate": [
					{ "time": 0, "x": 0, "y": 0, "curve": "stepped" },
					{ "time": 2.6666, "x": 0, "y": 0 }
				],
				"scale": [
					{
						"time": 0,
						"x": 1,
						"y": 0.97,
						"curve": [ 0.249, 0, 0.626, 0.5 ]
					},
					{
						"time": 1.3666,
						"x": 1,
						"y": 0.923,
						"curve": [ 0.376, 0.5, 0.749, 1 ]
					},
					{ "time": 2.6666, "x": 1, "y": 0.97 }
				]
			},
			"bone26": {
				"rotate": [
					{
						"time": 0,
						"angle": 0,
						"curve": [ 0.19, 0.26, 0.75, 1 ]
					},
					{
						"time": 0.6666,
						"angle": -3.2,
						"curve": [ 0.25, 0, 0.75, 1 ]
					},
					{
						"time": 2,
						"angle": 4.84,
						"curve": [ 0.25, 0, 0.75, 1 ]
					},
					{ "time": 2.6666, "angle": 0 }
				],
				"translate": [
					{
						"time": 0,
						"x": 0,
						"y": 0,
						"curve": [ 0.25, 0, 0.75, 1 ]
					},
					{
						"time": 1.3333,
						"x": 3.39,
						"y": 5.73,
						"curve": [ 0.25, 0, 0.75, 1 ]
					},
					{ "time": 2.6666, "x": 0, "y": 0 }
				],
				"scale": [
					{
						"time": 0,
						"x": 1,
						"y": 1,
						"curve": [ 0.25, 0, 0.75, 1 ]
					},
					{
						"time": 1.3333,
						"x": 0.971,
						"y": 0.99,
						"curve": [ 0.25, 0, 0.75, 1 ]
					},
					{ "time": 2.6666, "x": 1, "y": 1 }
				]
			},
			"bone12": {
				"rotate": [
					{
						"time": 0,
						"angle": 0,
						"curve": [ 0.25, 0, 0.75, 1 ]
					},
					{
						"time": 1.3333,
						"angle": -1.26,
						"curve": [ 0.25, 0, 0.75, 1 ]
					},
					{ "time": 2.6666, "angle": 0 }
				],
				"translate": [
					{ "time": 0, "x": 0, "y": 0, "curve": "stepped" },
					{ "time": 2.6666, "x": 0, "y": 0 }
				],
				"scale": [
					{ "time": 0, "x": 1, "y": 1, "curve": "stepped" },
					{ "time": 2.6666, "x": 1, "y": 1 }
				]
			},
			"bone13": {
				"rotate": [
					{
						"time": 0,
						"angle": 0,
						"curve": [ 0.165, 0.23, 0.75, 1 ]
					},
					{
						"time": 0.6666,
						"angle": 3.28,
						"curve": [ 0.25, 0, 0.75, 1 ]
					},
					{
						"time": 2,
						"angle": -3.51,
						"curve": [ 0.25, 0, 0.886, 0.81 ]
					},
					{ "time": 2.6666, "angle": 0 }
				],
				"translate": [
					{ "time": 0, "x": 0, "y": 0, "curve": "stepped" },
					{ "time": 2.6666, "x": 0, "y": 0 }
				],
				"scale": [
					{
						"time": 0,
						"x": 1,
						"y": 1,
						"curve": [ 0.25, 0, 0.75, 1 ]
					},
					{
						"time": 1.3333,
						"x": 1,
						"y": 1.109,
						"curve": [ 0.25, 0, 0.75, 1 ]
					},
					{ "time": 2.6666, "x": 1, "y": 1 }
				]
			},
			"bone14": {
				"rotate": [
					{
						"time": 0,
						"angle": 0,
						"curve": [ 0.25, 0, 0.75, 1 ]
					},
					{
						"time": 1.3333,
						"angle": 2.45,
						"curve": [ 0.25, 0, 0.75, 1 ]
					},
					{ "time": 2.6666, "angle": 0 }
				],
				"translate": [
					{ "time": 0, "x": 0, "y": 0, "curve": "stepped" },
					{ "time": 2.6666, "x": 0, "y": 0 }
				],
				"scale": [
					{ "time": 0, "x": 1, "y": 1, "curve": "stepped" },
					{ "time": 2.6666, "x": 1, "y": 1 }
				]
			},
			"bone8": {
				"rotate": [
					{
						"time": 0,
						"angle": 0,
						"curve": [ 0.172, 0.23, 0.75, 1 ]
					},
					{
						"time": 0.6666,
						"angle": -4.16,
						"curve": [ 0.25, 0, 0.75, 1 ]
					},
					{
						"time": 2,
						"angle": 2.83,
						"curve": [ 0.25, 0, 0.851, 0.78 ]
					},
					{ "time": 2.6666, "angle": 0 }
				],
				"translate": [
					{ "time": 0, "x": 0, "y": 0, "curve": "stepped" },
					{ "time": 2.6666, "x": 0, "y": 0 }
				],
				"scale": [
					{
						"time": 0,
						"x": 1,
						"y": 1,
						"curve": [ 0.25, 0, 0.75, 1 ]
					},
					{
						"time": 1.3333,
						"x": 0.978,
						"y": 0.967,
						"curve": [ 0.25, 0, 0.75, 1 ]
					},
					{ "time": 2.6666, "x": 1, "y": 1 }
				]
			},
			"bone9": {
				"rotate": [
					{
						"time": 0,
						"angle": 0,
						"curve": [ 0.25, 0, 0.75, 1 ]
					},
					{
						"time": 1.3333,
						"angle": 0.67,
						"curve": [ 0.25, 0, 0.75, 1 ]
					},
					{ "time": 2.6666, "angle": 0 }
				],
				"translate": [
					{ "time": 0, "x": 0, "y": 0, "curve": "stepped" },
					{ "time": 2.6666, "x": 0, "y": 0 }
				],
				"scale": [
					{ "time": 0, "x": 1, "y": 1 },
					{ "time": 1.3333, "x": 0.842, "y": 0.98 },
					{ "time": 2.6666, "x": 1, "y": 1 }
				]
			},
			"bone17": {
				"rotate": [
					{
						"time": 0,
						"angle": 0,
						"curve": [ 0.25, 0, 0.75, 1 ]
					},
					{
						"time": 1.3333,
						"angle": -5.79,
						"curve": [ 0.25, 0, 0.75, 1 ]
					},
					{ "time": 2.6666, "angle": 0 }
				],
				"translate": [
					{
						"time": 0,
						"x": 0,
						"y": 0,
						"curve": [ 0.25, 0, 0.75, 1 ]
					},
					{
						"time": 1.3333,
						"x": -0.72,
						"y": -1,
						"curve": [ 0.25, 0, 0.75, 1 ]
					},
					{ "time": 2.6666, "x": 0, "y": 0 }
				],
				"scale": [
					{ "time": 0, "x": 1, "y": 1, "curve": "stepped" },
					{ "time": 2.6666, "x": 1, "y": 1 }
				]
			},
			"bone18": {
				"rotate": [
					{
						"time": 0,
						"angle": 0,
						"curve": [ 0.183, 0.25, 0.75, 1 ]
					},
					{
						"time": 0.6666,
						"angle": 3.87,
						"curve": [ 0.25, 0, 0.75, 1 ]
					},
					{
						"time": 2,
						"angle": -3.13,
						"curve": [ 0.25, 0, 0.858, 0.79 ]
					},
					{ "time": 2.6666, "angle": 0 }
				],
				"translate": [
					{ "time": 0, "x": 0, "y": 0, "curve": "stepped" },
					{ "time": 2.6666, "x": 0, "y": 0 }
				],
				"scale": [
					{
						"time": 0,
						"x": 1,
						"y": 1,
						"curve": [ 0.25, 0, 0.75, 1 ]
					},
					{
						"time": 1.3333,
						"x": 1,
						"y": 1.129,
						"curve": [ 0.25, 0, 0.75, 1 ]
					},
					{ "time": 2.6666, "x": 1, "y": 1 }
				]
			},
			"bone": {
				"translate": [
					{ "time": 0, "x": -274.37, "y": -54.92 }
				]
			},
			"bone27": {
				"rotate": [
					{
						"time": 0,
						"angle": 0,
						"curve": [ 0.25, 0, 0.75, 1 ]
					},
					{
						"time": 1.3333,
						"angle": 2.15,
						"curve": [ 0.25, 0, 0.75, 1 ]
					},
					{ "time": 2.6666, "angle": 0 }
				],
				"translate": [
					{
						"time": 0,
						"x": 0,
						"y": 0,
						"curve": [ 0.25, 0, 0.75, 1 ]
					},
					{
						"time": 1.3333,
						"x": -1.42,
						"y": 0.04,
						"curve": [ 0.25, 0, 0.75, 1 ]
					},
					{ "time": 2.6666, "x": 0, "y": 0 }
				],
				"scale": [
					{ "time": 0, "x": 1, "y": 1, "curve": "stepped" },
					{ "time": 2.6666, "x": 1, "y": 1 }
				]
			}
		},
		"ffd": {
			"default": {
				"15_2": {
					"15_": [
						{
							"time": 0,
							"offset": 10,
							"vertices": [ -1.34935, 0.58209 ],
							"curve": [ 0.25, 0, 0.75, 1 ]
						},
						{
							"time": 1.3333,
							"vertices": [ -1.30502, 2.80728, 0, 0, 0, 0, 0, 0, 0, 0, -1.34935, 0.58209, 0, 0, 0, 0, 0, 0, 0.48065, -0.92642, 0.24031, -0.46313, 0, 0, 1.3733, -1.28652, -0.13279, 0.84002, -0.28784, 3.18292, -0.70799, 3.11645, -0.05157, -2.84793, 1.4763, -1.93869, 0, 0, 0.27624, -1.74844, -1.99914, -3.31243, -0.12008, -1.3554, -1.20422, -5.39422, -2.06451, 1.50051, 0.28149, -1.78192, -0.30638, -3.51092, -0.34332, -2.05886, 0.26501, 2.40945 ],
							"curve": [ 0.25, 0, 0.75, 1 ]
						},
						{
							"time": 2.6666,
							"offset": 10,
							"vertices": [ -1.34935, 0.58209 ]
						}
					]
				},
				"1_2": {
					"1_": [
						{
							"time": 0,
							"offset": 16,
							"vertices": [ 1.07336, 2.28181 ],
							"curve": [ 0.25, 0, 0.75, 1 ]
						},
						{
							"time": 1.3333,
							"vertices": [ -1.10544, -3.16327, 0, 0, 0, 0, 1.51023, -2.34713, 1.46618, -1.12754, 0, 0, 0.83345, -6.48166, 0.02056, 5.36635, 1.07336, 2.28181, 0, 0, 0, 0, 0, 0, 0.1078, -2.99087, 1.96431, -3.75022, -1.13335, -2.38618, 2.36822, -4.55033, 0.38609, 1.92161, -2.18613, 4.13278, -1.33529, 3.45293, 1.5733, -6.82704, 2.83217, -6.69937, 2.64124, -3.34443, 3.09629, -3.93896, 1.83235, -3.38216, 1.06186, -5.57903, -0.82357, -2.52264 ],
							"curve": [ 0.25, 0, 0.75, 1 ]
						},
						{
							"time": 2.6666,
							"offset": 16,
							"vertices": [ 1.07336, 2.28181 ]
						}
					]
				},
				"2_2": {
					"2_": [
						{
							"time": 0,
							"offset": 6,
							"vertices": [ -0.14837, -0.341 ],
							"curve": [ 0.25, 0, 0.75, 1 ]
						},
						{
							"time": 1.3333,
							"vertices": [ 2.60742, 0.47509, 0, 0, 2.02722, 0.51945, -0.14837, -0.341, 4.44299, -1.22246, 2.35388, -2.04692, 0, 0, 1.05886, -3.56949, -2.8954, -1.87432, -2.74536, -2.1507, -3.22769, -2.33866, 0, 0, -1.64245, -0.09932, -0.86718, -0.60813, 5.42346, 3.31645, 6.33914, 3.87257, 3.41735, 2.68285, 2.94616, 0.33686, 7.24588, 3.40498, 4.18898, 1.87107, 4.20094, -1.01769, 3.86038, -2.70924, 4.40921, 2.54151, 5.23561, 2.04465, 3.21911, 3.88615, 1.88369, 0.19329, 3.13223, 2.32722, 2.89602, -2.10231, 1.79156, -0.92382, 0.53399, -0.60292, 2.84378, -0.56523 ],
							"curve": [ 0.25, 0, 0.75, 1 ]
						},
						{
							"time": 2.6666,
							"offset": 6,
							"vertices": [ -0.14837, -0.341 ]
						}
					]
				}
			}
		}
	}
}
}