{"skeleton":{"hash":"luq9R8YBsm3IUKTxKucdvvQ8o80","spine":"2.1.27","width":407,"height":394,"images":"./../09061053/images/"},"bones":[{"name":"root"}],"slots":[{"name":"gold_hydra_00001_","bone":"root"},{"name":"gold_hydra_00001a_","bone":"root"},{"name":"gold_hydra_00001b_","bone":"root"},{"name":"gold_hydra_00002_","bone":"root"},{"name":"gold_hydra_00002a_","bone":"root"},{"name":"gold_hydra_00002b_","bone":"root"},{"name":"gold_hydra_00003_","bone":"root"},{"name":"gold_hydra_00003a_","bone":"root"},{"name":"gold_hydra_00003b_","bone":"root"},{"name":"gold_hydra_00004_","bone":"root"},{"name":"gold_hydra_00004a_","bone":"root"},{"name":"gold_hydra_00005_","bone":"root"},{"name":"gold_hydra_00005a_","bone":"root"},{"name":"gold_hydra_00006_","bone":"root"},{"name":"gold_hydra_00006a_","bone":"root"},{"name":"gold_hydra_00006b_","bone":"root"},{"name":"gold_hydra_00007_","bone":"root"},{"name":"gold_hydra_00007a_","bone":"root"},{"name":"gold_hydra_00007b_","bone":"root"},{"name":"gold_hydra_00008_","bone":"root"},{"name":"gold_hydra_00008a_","bone":"root"},{"name":"gold_hydra_00008b_","bone":"root"},{"name":"gold_hydra_00009_","bone":"root"},{"name":"gold_hydra_00009a_","bone":"root"},{"name":"gold_hydra_00009b_","bone":"root"},{"name":"gold_hydra_00010_","bone":"root"},{"name":"gold_hydra_00010a_","bone":"root"},{"name":"gold_hydra_00010b_","bone":"root"},{"name":"gold_hydra_00011_","bone":"root"},{"name":"gold_hydra_00011a_","bone":"root"},{"name":"gold_hydra_00011b_","bone":"root"},{"name":"gold_hydra_00012_","bone":"root"},{"name":"gold_hydra_00012a_","bone":"root"},{"name":"gold_hydra_00012b_","bone":"root"},{"name":"gold_hydra_00013_","bone":"root"},{"name":"gold_hydra_00013a_","bone":"root"},{"name":"gold_hydra_00013b_","bone":"root"},{"name":"gold_hydra_00014_","bone":"root"},{"name":"gold_hydra_00014a_","bone":"root"},{"name":"gold_hydra_00014b_","bone":"root"},{"name":"gold_hydra_00015_","bone":"root"},{"name":"gold_hydra_00015a_","bone":"root"},{"name":"gold_hydra_00016_","bone":"root"},{"name":"gold_hydra_00016a_","bone":"root"},{"name":"gold_hydra_00017_","bone":"root"},{"name":"gold_hydra_00017a_","bone":"root"},{"name":"gold_hydra_00017b_","bone":"root"},{"name":"gold_hydra_00018_","bone":"root"},{"name":"gold_hydra_00018a_","bone":"root"},{"name":"gold_hydra_00018b_","bone":"root"},{"name":"gold_hydra_00019_","bone":"root"},{"name":"gold_hydra_00019a_","bone":"root"},{"name":"gold_hydra_00020_","bone":"root"},{"name":"gold_hydra_00020a_","bone":"root"},{"name":"gold_hydra_00020b_","bone":"root"},{"name":"gold_hydra_00021_","bone":"root"},{"name":"gold_hydra_00021a_","bone":"root"},{"name":"gold_hydra_00021b_","bone":"root"},{"name":"gold_hydra_00022_","bone":"root"},{"name":"gold_hydra_00022a_","bone":"root"},{"name":"gold_hydra_00022b_","bone":"root"},{"name":"gold_hydra_00023_","bone":"root"},{"name":"gold_hydra_00023a_","bone":"root"},{"name":"gold_hydra_00023b_","bone":"root"},{"name":"gold_hydra_00024_","bone":"root"},{"name":"gold_hydra_00024a_","bone":"root"},{"name":"gold_hydra_00024b_","bone":"root"},{"name":"gold_hydra_00025_","bone":"root"},{"name":"gold_hydra_00025a_","bone":"root"},{"name":"gold_hydra_00025b_","bone":"root"},{"name":"gold_hydra_00025c_","bone":"root"},{"name":"gold_hydra_00026_","bone":"root"},{"name":"gold_hydra_00026a_","bone":"root"},{"name":"gold_hydra_00026b_","bone":"root"},{"name":"gold_hydra_00026c_","bone":"root"},{"name":"gold_hydra_00027_","bone":"root"},{"name":"gold_hydra_00027a_","bone":"root"},{"name":"gold_hydra_00027b_","bone":"root"},{"name":"gold_hydra_00027c_","bone":"root"},{"name":"gold_hydra_00028_","bone":"root"},{"name":"gold_hydra_00028a_","bone":"root"},{"name":"gold_hydra_00028b_","bone":"root"},{"name":"gold_hydra_00028c_","bone":"root"},{"name":"gold_hydra_00029_","bone":"root"},{"name":"gold_hydra_00029a_","bone":"root"},{"name":"gold_hydra_00029b_","bone":"root"},{"name":"gold_hydra_00029c_","bone":"root"},{"name":"gold_hydra_00030_","bone":"root"},{"name":"gold_hydra_00030a_","bone":"root"},{"name":"gold_hydra_00030b_","bone":"root"},{"name":"gold_hydra_00030c_","bone":"root"},{"name":"gold_hydra_00031_","bone":"root"},{"name":"gold_hydra_00031a_","bone":"root"},{"name":"gold_hydra_00031b_","bone":"root"},{"name":"gold_hydra_00031c_","bone":"root"},{"name":"gold_hydra_00032_","bone":"root"},{"name":"gold_hydra_00032a_","bone":"root"},{"name":"gold_hydra_00032b_","bone":"root"},{"name":"gold_hydra_00033_","bone":"root","attachment":"gold_hydra_00033_"},{"name":"gold_hydra_00033a_","bone":"root","attachment":"gold_hydra_00033a_"}],"skins":{"default":{"gold_hydra_00001_":{"gold_hydra_00001_":{"x":44.98,"y":146.97,"width":405,"height":232}},"gold_hydra_00001a_":{"gold_hydra_00001a_":{"x":-54.91,"y":118.43,"width":169,"height":289}},"gold_hydra_00001b_":{"gold_hydra_00001b_":{"x":96.67,"y":309,"width":248,"height":92}},"gold_hydra_00002_":{"gold_hydra_00002_":{"x":137.88,"y":147.74,"width":210,"height":238}},"gold_hydra_00002a_":{"gold_hydra_00002a_":{"x":-56.11,"y":116.42,"width":178,"height":303}},"gold_hydra_00002b_":{"gold_hydra_00002b_":{"x":93.88,"y":316.74,"width":262,"height":100}},"gold_hydra_00003_":{"gold_hydra_00003_":{"x":127.88,"y":145.24,"width":248,"height":239}},"gold_hydra_00003a_":{"gold_hydra_00003a_":{"x":-72.11,"y":111.74,"width":152,"height":306}},"gold_hydra_00003b_":{"gold_hydra_00003b_":{"x":83.88,"y":315.74,"width":266,"height":102}},"gold_hydra_00004_":{"gold_hydra_00004_":{"x":83.88,"y":187.24,"width":334,"height":349}},"gold_hydra_00004a_":{"gold_hydra_00004a_":{"x":-102.42,"y":123.74,"width":109,"height":286}},"gold_hydra_00005_":{"gold_hydra_00005_":{"x":93.88,"y":180.74,"width":306,"height":296}},"gold_hydra_00005a_":{"gold_hydra_00005a_":{"x":-126.61,"y":149.74,"width":135,"height":220}},"gold_hydra_00006_":{"gold_hydra_00006_":{"x":50.38,"y":179.74,"width":395,"height":314}},"gold_hydra_00006a_":{"gold_hydra_00006a_":{"x":34.38,"y":315.74,"width":211,"height":62}},"gold_hydra_00006b_":{"gold_hydra_00006b_":{"x":-133.61,"y":187.24,"width":153,"height":195}},"gold_hydra_00007_":{"gold_hydra_00007_":{"x":24.88,"y":167.24,"width":438,"height":313}},"gold_hydra_00007a_":{"gold_hydra_00007a_":{"x":-137.11,"y":205.74,"width":110,"height":186}},"gold_hydra_00007b_":{"gold_hydra_00007b_":{"x":2.88,"y":340.24,"width":148,"height":83}},"gold_hydra_00008_":{"gold_hydra_00008_":{"x":80.38,"y":150.74,"width":325,"height":284}},"gold_hydra_00008a_":{"gold_hydra_00008a_":{"x":-125.11,"y":213.24,"width":116,"height":219}},"gold_hydra_00008b_":{"gold_hydra_00008b_":{"x":-42.11,"y":341.24,"width":196,"height":97}},"gold_hydra_00009_":{"gold_hydra_00009_":{"x":92.38,"y":152.24,"width":305,"height":287}},"gold_hydra_00009a_":{"gold_hydra_00009a_":{"x":-125.61,"y":195.74,"width":131,"height":200}},"gold_hydra_00009b_":{"gold_hydra_00009b_":{"x":-33.11,"y":345.24,"width":176,"height":99}},"gold_hydra_00010_":{"gold_hydra_00010_":{"x":52.88,"y":156.74,"width":402,"height":298}},"gold_hydra_00010a_":{"gold_hydra_00010a_":{"x":-42.11,"y":352.24,"width":160,"height":93}},"gold_hydra_00010b_":{"gold_hydra_00010b_":{"x":-172.11,"y":227.74,"width":48,"height":192}},"gold_hydra_00011_":{"gold_hydra_00011_":{"x":95.88,"y":157.24,"width":318,"height":301}},"gold_hydra_00011a_":{"gold_hydra_00011a_":{"x":-2.61,"y":348.24,"width":121,"height":81}},"gold_hydra_00011b_":{"gold_hydra_00011b_":{"x":-125.61,"y":214.74,"width":125,"height":280}},"gold_hydra_00012_":{"gold_hydra_00012_":{"x":31.88,"y":156.24,"width":456,"height":289}},"gold_hydra_00012a_":{"gold_hydra_00012a_":{"x":-113.61,"y":171.74,"width":145,"height":188}},"gold_hydra_00012b_":{"gold_hydra_00012b_":{"x":39.88,"y":328.24,"width":148,"height":55}},"gold_hydra_00013_":{"gold_hydra_00013_":{"x":123.38,"y":178.74,"width":267,"height":324}},"gold_hydra_00013a_":{"gold_hydra_00013a_":{"x":-101.61,"y":180.24,"width":183,"height":241}},"gold_hydra_00013b_":{"gold_hydra_00013b_":{"x":-55.61,"y":263.74,"width":45,"height":22}},"gold_hydra_00014_":{"gold_hydra_00014_":{"x":115.88,"y":185.24,"width":276,"height":333}},"gold_hydra_00014a_":{"gold_hydra_00014a_":{"x":-103.11,"y":160.74,"width":162,"height":286}},"gold_hydra_00014b_":{"gold_hydra_00014b_":{"x":-65.11,"y":272.74,"width":42,"height":20}},"gold_hydra_00015_":{"gold_hydra_00015_":{"x":121.38,"y":183.24,"width":251,"height":331}},"gold_hydra_00015a_":{"gold_hydra_00015a_":{"x":-82.11,"y":110.24,"width":156,"height":283}},"gold_hydra_00016_":{"gold_hydra_00016_":{"x":36.38,"y":191.24,"width":419,"height":353}},"gold_hydra_00016a_":{"gold_hydra_00016a_":{"x":-78.61,"y":126.24,"width":161,"height":329}},"gold_hydra_00017_":{"gold_hydra_00017_":{"x":123.88,"y":130.24,"width":224,"height":221}},"gold_hydra_00017a_":{"gold_hydra_00017a_":{"x":-72.11,"y":107.74,"width":168,"height":266}},"gold_hydra_00017b_":{"gold_hydra_00017b_":{"x":89.88,"y":296.74,"width":258,"height":112}},"gold_hydra_00018_":{"gold_hydra_00018_":{"x":105.88,"y":140.74,"width":232,"height":196}},"gold_hydra_00018a_":{"gold_hydra_00018a_":{"x":-85.11,"y":112.74,"width":150,"height":252}},"gold_hydra_00018b_":{"gold_hydra_00018b_":{"x":71.88,"y":301.74,"width":266,"height":126}},"gold_hydra_00019_":{"gold_hydra_00019_":{"x":73.38,"y":196.24,"width":261,"height":353}},"gold_hydra_00019a_":{"gold_hydra_00019a_":{"x":-114.11,"y":159.24,"width":114,"height":231}},"gold_hydra_00020_":{"gold_hydra_00020_":{"x":55.88,"y":139.24,"width":276,"height":241}},"gold_hydra_00020a_":{"gold_hydra_00020a_":{"x":-142.61,"y":166.74,"width":121,"height":186}},"gold_hydra_00020b_":{"gold_hydra_00020b_":{"x":28.38,"y":318.74,"width":259,"height":118}},"gold_hydra_00021_":{"gold_hydra_00021_":{"x":37.88,"y":144.24,"width":322,"height":253}},"gold_hydra_00021a_":{"gold_hydra_00021a_":{"x":-169.61,"y":197.74,"width":93,"height":146}},"gold_hydra_00021b_":{"gold_hydra_00021b_":{"x":34.38,"y":326.24,"width":261,"height":111}},"gold_hydra_00022_":{"gold_hydra_00022_":{"x":50.88,"y":133.24,"width":300,"height":245}},"gold_hydra_00022a_":{"gold_hydra_00022a_":{"x":-140.61,"y":181.74,"width":83,"height":148}},"gold_hydra_00022b_":{"gold_hydra_00022b_":{"x":-17.61,"y":314.24,"width":365,"height":117}},"gold_hydra_00023_":{"gold_hydra_00023_":{"x":62.38,"y":198.74,"width":305,"height":360}},"gold_hydra_00023a_":{"gold_hydra_00023a_":{"x":-149.11,"y":211.74,"width":118,"height":256}},"gold_hydra_00023b_":{"gold_hydra_00023b_":{"x":99.88,"y":-25.75,"width":184,"height":89}},"gold_hydra_00024_":{"gold_hydra_00024_":{"x":-16.61,"y":203.24,"width":345,"height":351}},"gold_hydra_00024a_":{"gold_hydra_00024a_":{"x":217.38,"y":83.24,"width":123,"height":111}},"gold_hydra_00024b_":{"gold_hydra_00024b_":{"x":125.88,"y":-22.75,"width":244,"height":101}},"gold_hydra_00025_":{"gold_hydra_00025_":{"x":32.88,"y":191.24,"width":310,"height":347}},"gold_hydra_00025a_":{"gold_hydra_00025a_":{"x":-156.11,"y":220.24,"width":68,"height":127}},"gold_hydra_00025b_":{"gold_hydra_00025b_":{"x":90.88,"y":-29.25,"width":194,"height":94}},"gold_hydra_00025c_":{"gold_hydra_00025c_":{"x":249.38,"y":32.24,"width":123,"height":159}},"gold_hydra_00026_":{"gold_hydra_00026_":{"x":20.88,"y":188.24,"width":308,"height":317}},"gold_hydra_00026a_":{"gold_hydra_00026a_":{"x":-165.11,"y":226.24,"width":64,"height":137}},"gold_hydra_00026b_":{"gold_hydra_00026b_":{"x":234.88,"y":99.74,"width":120,"height":140}},"gold_hydra_00026c_":{"gold_hydra_00026c_":{"x":155.38,"y":-20.25,"width":321,"height":100}},"gold_hydra_00027_":{"gold_hydra_00027_":{"x":-22.11,"y":203.74,"width":372,"height":306}},"gold_hydra_00027a_":{"gold_hydra_00027a_":{"x":-173.11,"y":227.24,"width":50,"height":211}},"gold_hydra_00027b_":{"gold_hydra_00027b_":{"x":222.88,"y":107.24,"width":118,"height":113}},"gold_hydra_00027c_":{"gold_hydra_00027c_":{"x":150.88,"y":-8.25,"width":312,"height":118}},"gold_hydra_00028_":{"gold_hydra_00028_":{"x":61.88,"y":215.24,"width":218,"height":321}},"gold_hydra_00028a_":{"gold_hydra_00028a_":{"x":-124.61,"y":198.74,"width":155,"height":288}},"gold_hydra_00028b_":{"gold_hydra_00028b_":{"x":228.38,"y":106.74,"width":115,"height":104}},"gold_hydra_00028c_":{"gold_hydra_00028c_":{"x":146.38,"y":-9.75,"width":319,"height":129}},"gold_hydra_00029_":{"gold_hydra_00029_":{"x":28.38,"y":233.24,"width":307,"height":329}},"gold_hydra_00029a_":{"gold_hydra_00029a_":{"x":-174.11,"y":256.24,"width":98,"height":177}},"gold_hydra_00029b_":{"gold_hydra_00029b_":{"x":229.88,"y":113.74,"width":96,"height":90}},"gold_hydra_00029c_":{"gold_hydra_00029c_":{"x":146.88,"y":-2.75,"width":324,"height":143}},"gold_hydra_00030_":{"gold_hydra_00030_":{"x":40.38,"y":208.24,"width":333,"height":255}},"gold_hydra_00030a_":{"gold_hydra_00030a_":{"x":-18.61,"y":373.24,"width":141,"height":75}},"gold_hydra_00030b_":{"gold_hydra_00030b_":{"x":-168.11,"y":267.74,"width":84,"height":142}},"gold_hydra_00030c_":{"gold_hydra_00030c_":{"x":144.38,"y":10.74,"width":335,"height":140}},"gold_hydra_00031_":{"gold_hydra_00031_":{"x":56.88,"y":224.24,"width":372,"height":239}},"gold_hydra_00031a_":{"gold_hydra_00031a_":{"x":37.88,"y":358.24,"width":168,"height":73}},"gold_hydra_00031b_":{"gold_hydra_00031b_":{"x":-162.61,"y":261.74,"width":67,"height":144}},"gold_hydra_00031c_":{"gold_hydra_00031c_":{"x":60.88,"y":28.24,"width":478,"height":153}},"gold_hydra_00032_":{"gold_hydra_00032_":{"x":111.88,"y":236.74,"width":272,"height":264}},"gold_hydra_00032a_":{"gold_hydra_00032a_":{"x":-104.11,"y":190.74,"width":160,"height":172}},"gold_hydra_00032b_":{"gold_hydra_00032b_":{"x":146.88,"y":32.24,"width":300,"height":145}},"gold_hydra_00033_":{"gold_hydra_00033_":{"x":123.38,"y":192.24,"width":251,"height":345}},"gold_hydra_00033a_":{"gold_hydra_00033a_":{"x":-80.11,"y":127.74,"width":156,"height":314}}}},"animations":{"animation":{"slots":{"gold_hydra_00001_":{"attachment":[{"time":0,"name":"gold_hydra_00001_"},{"time":0.1333,"name":null}]},"gold_hydra_00001a_":{"attachment":[{"time":0,"name":"gold_hydra_00001a_"},{"time":0.1333,"name":null}]},"gold_hydra_00001b_":{"attachment":[{"time":0,"name":"gold_hydra_00001b_"},{"time":0.1333,"name":null}]},"gold_hydra_00002_":{"attachment":[{"time":0,"name":null},{"time":0.1333,"name":"gold_hydra_00002_"},{"time":0.2666,"name":null}]},"gold_hydra_00002a_":{"attachment":[{"time":0,"name":null},{"time":0.1333,"name":"gold_hydra_00002a_"},{"time":0.2666,"name":null}]},"gold_hydra_00002b_":{"attachment":[{"time":0,"name":null},{"time":0.1333,"name":"gold_hydra_00002b_"},{"time":0.2666,"name":null}]},"gold_hydra_00003_":{"attachment":[{"time":0,"name":null},{"time":0.2666,"name":"gold_hydra_00003_"},{"time":0.4,"name":null}]},"gold_hydra_00003a_":{"attachment":[{"time":0,"name":null},{"time":0.2666,"name":"gold_hydra_00003a_"},{"time":0.4,"name":null}]},"gold_hydra_00003b_":{"attachment":[{"time":0,"name":null},{"time":0.2666,"name":"gold_hydra_00003b_"},{"time":0.4,"name":null}]},"gold_hydra_00004_":{"attachment":[{"time":0,"name":null},{"time":0.4,"name":"gold_hydra_00004_"},{"time":0.5333,"name":null}]},"gold_hydra_00004a_":{"attachment":[{"time":0,"name":null},{"time":0.4,"name":"gold_hydra_00004a_"},{"time":0.5333,"name":null}]},"gold_hydra_00005_":{"attachment":[{"time":0,"name":null},{"time":0.5333,"name":"gold_hydra_00005_"},{"time":0.6666,"name":null}]},"gold_hydra_00005a_":{"attachment":[{"time":0,"name":null},{"time":0.5333,"name":"gold_hydra_00005a_"},{"time":0.6666,"name":null}]},"gold_hydra_00006_":{"attachment":[{"time":0,"name":null},{"time":0.6666,"name":"gold_hydra_00006_"},{"time":0.8,"name":null}]},"gold_hydra_00006a_":{"attachment":[{"time":0,"name":null},{"time":0.6666,"name":"gold_hydra_00006a_"},{"time":0.8,"name":null}]},"gold_hydra_00006b_":{"attachment":[{"time":0,"name":null},{"time":0.6666,"name":"gold_hydra_00006b_"},{"time":0.8,"name":null}]},"gold_hydra_00007_":{"attachment":[{"time":0,"name":null},{"time":0.8,"name":"gold_hydra_00007_"},{"time":0.9333,"name":null}]},"gold_hydra_00007a_":{"attachment":[{"time":0,"name":null},{"time":0.8,"name":"gold_hydra_00007a_"},{"time":0.9333,"name":null}]},"gold_hydra_00007b_":{"attachment":[{"time":0,"name":null},{"time":0.8,"name":"gold_hydra_00007b_"},{"time":0.9333,"name":null}]},"gold_hydra_00008_":{"attachment":[{"time":0,"name":null},{"time":0.9333,"name":"gold_hydra_00008_"},{"time":1.0666,"name":null}]},"gold_hydra_00008a_":{"attachment":[{"time":0,"name":null},{"time":0.9333,"name":"gold_hydra_00008a_"},{"time":1.0666,"name":null}]},"gold_hydra_00008b_":{"attachment":[{"time":0,"name":null},{"time":0.9333,"name":"gold_hydra_00008b_"},{"time":1.0666,"name":null}]},"gold_hydra_00009_":{"attachment":[{"time":0,"name":null},{"time":1.0666,"name":"gold_hydra_00009_"},{"time":1.2,"name":null}]},"gold_hydra_00009a_":{"attachment":[{"time":0,"name":null},{"time":1.0666,"name":"gold_hydra_00009a_"},{"time":1.2,"name":null}]},"gold_hydra_00009b_":{"attachment":[{"time":0,"name":null},{"time":1.0666,"name":"gold_hydra_00009b_"},{"time":1.2,"name":null}]},"gold_hydra_00010_":{"attachment":[{"time":0,"name":null},{"time":1.2,"name":"gold_hydra_00010_"},{"time":1.3333,"name":null}]},"gold_hydra_00010a_":{"attachment":[{"time":0,"name":null},{"time":1.2,"name":"gold_hydra_00010a_"},{"time":1.3333,"name":null}]},"gold_hydra_00010b_":{"attachment":[{"time":0,"name":null},{"time":1.2,"name":"gold_hydra_00010b_"},{"time":1.3333,"name":null}]},"gold_hydra_00011_":{"attachment":[{"time":0,"name":null},{"time":1.3333,"name":"gold_hydra_00011_"},{"time":1.4666,"name":null}]},"gold_hydra_00011a_":{"attachment":[{"time":0,"name":null},{"time":1.3333,"name":"gold_hydra_00011a_"},{"time":1.4666,"name":null}]},"gold_hydra_00011b_":{"attachment":[{"time":0,"name":null},{"time":1.3333,"name":"gold_hydra_00011b_"},{"time":1.4666,"name":null}]},"gold_hydra_00012_":{"attachment":[{"time":0,"name":null},{"time":1.4666,"name":"gold_hydra_00012_"},{"time":1.6,"name":null}]},"gold_hydra_00012a_":{"attachment":[{"time":0,"name":null},{"time":1.4666,"name":"gold_hydra_00012a_"},{"time":1.6,"name":null}]},"gold_hydra_00012b_":{"attachment":[{"time":0,"name":null},{"time":1.4666,"name":"gold_hydra_00012b_"},{"time":1.6,"name":null}]},"gold_hydra_00013_":{"attachment":[{"time":0,"name":null},{"time":1.6,"name":"gold_hydra_00013_"},{"time":1.7333,"name":null}]},"gold_hydra_00013a_":{"attachment":[{"time":0,"name":null},{"time":1.6,"name":"gold_hydra_00013a_"},{"time":1.7333,"name":null}]},"gold_hydra_00013b_":{"attachment":[{"time":0,"name":null},{"time":1.6,"name":"gold_hydra_00013b_"},{"time":1.7333,"name":null}]},"gold_hydra_00014_":{"attachment":[{"time":0,"name":null},{"time":1.7333,"name":"gold_hydra_00014_"},{"time":1.8666,"name":null}]},"gold_hydra_00014a_":{"attachment":[{"time":0,"name":null},{"time":1.7333,"name":"gold_hydra_00014a_"},{"time":1.8666,"name":null}]},"gold_hydra_00014b_":{"attachment":[{"time":0,"name":null},{"time":1.7333,"name":"gold_hydra_00014b_"},{"time":1.8666,"name":null}]},"gold_hydra_00015_":{"attachment":[{"time":0,"name":null},{"time":1.8666,"name":"gold_hydra_00015_"},{"time":2,"name":null}]},"gold_hydra_00015a_":{"attachment":[{"time":0,"name":null},{"time":1.8666,"name":"gold_hydra_00015a_"},{"time":2,"name":null}]},"gold_hydra_00016_":{"attachment":[{"time":0,"name":null},{"time":2,"name":"gold_hydra_00016_"},{"time":2.1333,"name":null}]},"gold_hydra_00016a_":{"attachment":[{"time":0,"name":null},{"time":2,"name":"gold_hydra_00016a_"},{"time":2.1333,"name":null}]},"gold_hydra_00017_":{"attachment":[{"time":0,"name":null},{"time":2.1333,"name":"gold_hydra_00017_"},{"time":2.2666,"name":null}]},"gold_hydra_00017a_":{"attachment":[{"time":0,"name":null},{"time":2.1333,"name":"gold_hydra_00017a_"},{"time":2.2666,"name":null}]},"gold_hydra_00017b_":{"attachment":[{"time":0,"name":null},{"time":2.1333,"name":"gold_hydra_00017b_"},{"time":2.2666,"name":null}]},"gold_hydra_00018_":{"attachment":[{"time":0,"name":null},{"time":2.2666,"name":"gold_hydra_00018_"},{"time":2.4,"name":null}]},"gold_hydra_00018a_":{"attachment":[{"time":0,"name":null},{"time":2.2666,"name":"gold_hydra_00018a_"},{"time":2.4,"name":null}]},"gold_hydra_00018b_":{"attachment":[{"time":0,"name":null},{"time":2.2666,"name":"gold_hydra_00018b_"},{"time":2.4,"name":null}]},"gold_hydra_00019_":{"attachment":[{"time":0,"name":null},{"time":2.4,"name":"gold_hydra_00019_"},{"time":2.5333,"name":null}]},"gold_hydra_00019a_":{"attachment":[{"time":0,"name":null},{"time":2.4,"name":"gold_hydra_00019a_"},{"time":2.5333,"name":null}]},"gold_hydra_00020_":{"attachment":[{"time":0,"name":null},{"time":2.5333,"name":"gold_hydra_00020_"},{"time":2.6666,"name":null}]},"gold_hydra_00020a_":{"attachment":[{"time":0,"name":null},{"time":2.5333,"name":"gold_hydra_00020a_"},{"time":2.6666,"name":null}]},"gold_hydra_00020b_":{"attachment":[{"time":0,"name":null},{"time":2.5333,"name":"gold_hydra_00020b_"},{"time":2.6666,"name":null}]},"gold_hydra_00021_":{"attachment":[{"time":0,"name":null},{"time":2.6666,"name":"gold_hydra_00021_"},{"time":2.8,"name":null}]},"gold_hydra_00021a_":{"attachment":[{"time":0,"name":null},{"time":2.6666,"name":"gold_hydra_00021a_"},{"time":2.8,"name":null}]},"gold_hydra_00021b_":{"attachment":[{"time":0,"name":null},{"time":2.6666,"name":"gold_hydra_00021b_"},{"time":2.8,"name":null}]},"gold_hydra_00022_":{"attachment":[{"time":0,"name":null},{"time":2.8,"name":"gold_hydra_00022_"},{"time":2.9333,"name":null}]},"gold_hydra_00022a_":{"attachment":[{"time":0,"name":null},{"time":2.8,"name":"gold_hydra_00022a_"},{"time":2.9333,"name":null}]},"gold_hydra_00022b_":{"attachment":[{"time":0,"name":null},{"time":2.8,"name":"gold_hydra_00022b_"},{"time":2.9333,"name":null}]},"gold_hydra_00023_":{"attachment":[{"time":0,"name":null},{"time":2.9333,"name":"gold_hydra_00023_"},{"time":3.0666,"name":null}]},"gold_hydra_00023a_":{"attachment":[{"time":0,"name":null},{"time":2.9333,"name":"gold_hydra_00023a_"},{"time":3.0666,"name":null}]},"gold_hydra_00023b_":{"attachment":[{"time":0,"name":null},{"time":2.9333,"name":"gold_hydra_00023b_"},{"time":3.0666,"name":null}]},"gold_hydra_00024_":{"attachment":[{"time":0,"name":null},{"time":3.0666,"name":"gold_hydra_00024_"},{"time":3.2,"name":null}]},"gold_hydra_00024a_":{"attachment":[{"time":0,"name":null},{"time":3.0666,"name":"gold_hydra_00024a_"},{"time":3.2,"name":null}]},"gold_hydra_00024b_":{"attachment":[{"time":0,"name":null},{"time":3.0666,"name":"gold_hydra_00024b_"},{"time":3.2,"name":null}]},"gold_hydra_00025_":{"attachment":[{"time":0,"name":null},{"time":3.2,"name":"gold_hydra_00025_"},{"time":3.3333,"name":null}]},"gold_hydra_00025a_":{"attachment":[{"time":0,"name":null},{"time":3.2,"name":"gold_hydra_00025a_"},{"time":3.3333,"name":null}]},"gold_hydra_00025b_":{"attachment":[{"time":0,"name":null},{"time":3.2,"name":"gold_hydra_00025b_"},{"time":3.3333,"name":null}]},"gold_hydra_00025c_":{"attachment":[{"time":0,"name":null},{"time":3.2,"name":"gold_hydra_00025c_"},{"time":3.3333,"name":null}]},"gold_hydra_00026_":{"attachment":[{"time":0,"name":null},{"time":3.3333,"name":"gold_hydra_00026_"},{"time":3.4666,"name":null}]},"gold_hydra_00026a_":{"attachment":[{"time":0,"name":null},{"time":3.3333,"name":"gold_hydra_00026a_"},{"time":3.4666,"name":null}]},"gold_hydra_00026b_":{"attachment":[{"time":0,"name":null},{"time":3.3333,"name":"gold_hydra_00026b_"},{"time":3.4666,"name":null}]},"gold_hydra_00026c_":{"attachment":[{"time":0,"name":null},{"time":3.3333,"name":"gold_hydra_00026c_"},{"time":3.4666,"name":null}]},"gold_hydra_00027_":{"attachment":[{"time":0,"name":null},{"time":3.4666,"name":"gold_hydra_00027_"},{"time":3.6,"name":null}]},"gold_hydra_00027a_":{"attachment":[{"time":0,"name":null},{"time":3.4666,"name":"gold_hydra_00027a_"},{"time":3.6,"name":null}]},"gold_hydra_00027b_":{"attachment":[{"time":0,"name":null},{"time":3.4666,"name":"gold_hydra_00027b_"},{"time":3.6,"name":null}]},"gold_hydra_00027c_":{"attachment":[{"time":0,"name":null},{"time":3.4666,"name":"gold_hydra_00027c_"},{"time":3.6,"name":null}]},"gold_hydra_00028_":{"attachment":[{"time":0,"name":null},{"time":3.6,"name":"gold_hydra_00028_"},{"time":3.7333,"name":null}]},"gold_hydra_00028a_":{"attachment":[{"time":0,"name":null},{"time":3.6,"name":"gold_hydra_00028a_"},{"time":3.7333,"name":null}]},"gold_hydra_00028b_":{"attachment":[{"time":0,"name":null},{"time":3.6,"name":"gold_hydra_00028b_"},{"time":3.7333,"name":null}]},"gold_hydra_00028c_":{"attachment":[{"time":0,"name":null},{"time":3.6,"name":"gold_hydra_00028c_"},{"time":3.7333,"name":null}]},"gold_hydra_00029_":{"attachment":[{"time":0,"name":null},{"time":3.7333,"name":"gold_hydra_00029_"},{"time":3.8666,"name":null}]},"gold_hydra_00029a_":{"attachment":[{"time":0,"name":null},{"time":3.7333,"name":"gold_hydra_00029a_"},{"time":3.8666,"name":null}]},"gold_hydra_00029b_":{"attachment":[{"time":0,"name":null},{"time":3.7333,"name":"gold_hydra_00029b_"},{"time":3.8666,"name":null}]},"gold_hydra_00029c_":{"attachment":[{"time":0,"name":null},{"time":3.7333,"name":"gold_hydra_00029c_"},{"time":3.8666,"name":null}]},"gold_hydra_00030_":{"attachment":[{"time":0,"name":null},{"time":3.8666,"name":"gold_hydra_00030_"},{"time":4,"name":null}]},"gold_hydra_00030a_":{"attachment":[{"time":0,"name":null},{"time":3.8666,"name":"gold_hydra_00030a_"},{"time":4,"name":null}]},"gold_hydra_00030b_":{"attachment":[{"time":0,"name":null},{"time":3.8666,"name":"gold_hydra_00030b_"},{"time":4,"name":null}]},"gold_hydra_00030c_":{"attachment":[{"time":0,"name":null},{"time":3.8666,"name":"gold_hydra_00030c_"},{"time":4,"name":null}]},"gold_hydra_00031_":{"attachment":[{"time":0,"name":null},{"time":4,"name":"gold_hydra_00031_"},{"time":4.1333,"name":null}]},"gold_hydra_00031a_":{"attachment":[{"time":0,"name":null},{"time":4,"name":"gold_hydra_00031a_"},{"time":4.1333,"name":null}]},"gold_hydra_00031b_":{"attachment":[{"time":0,"name":null},{"time":4,"name":"gold_hydra_00031b_"},{"time":4.1333,"name":null}]},"gold_hydra_00031c_":{"attachment":[{"time":0,"name":null},{"time":4,"name":"gold_hydra_00031c_"},{"time":4.1333,"name":null}]},"gold_hydra_00032_":{"attachment":[{"time":0,"name":null},{"time":4.1333,"name":"gold_hydra_00032_"},{"time":4.2666,"name":null}]},"gold_hydra_00032a_":{"attachment":[{"time":0,"name":null},{"time":4.1333,"name":"gold_hydra_00032a_"},{"time":4.2666,"name":null}]},"gold_hydra_00032b_":{"attachment":[{"time":0,"name":null},{"time":4.1333,"name":"gold_hydra_00032b_"},{"time":4.2666,"name":null}]},"gold_hydra_00033_":{"attachment":[{"time":0,"name":null},{"time":4.2666,"name":"gold_hydra_00033_"}]},"gold_hydra_00033a_":{"attachment":[{"time":0,"name":null},{"time":4.2666,"name":"gold_hydra_00033a_"}]}}}}}