{
"skeleton": { "hash": "EC8D+/x1E8y6wsndkJsUPLFjteo", "spine": "2.1.27", "width": 90, "height": 83.87 },
"bones": [
	{ "name": "root" },
	{ "name": "guang", "parent": "root" },
	{ "name": "guang_1", "parent": "root" },
	{ "name": "guang_10", "parent": "root" },
	{ "name": "guang_11", "parent": "root" },
	{ "name": "guang_12", "parent": "root" },
	{ "name": "guang_13", "parent": "root" },
	{ "name": "guang_14", "parent": "root" },
	{ "name": "guang_15", "parent": "root" },
	{ "name": "guang_16", "parent": "root" },
	{ "name": "guang_17", "parent": "root" },
	{ "name": "guang_18", "parent": "root" },
	{ "name": "guang_2", "parent": "root" },
	{ "name": "guang_3", "parent": "root" },
	{ "name": "guang_4", "parent": "root" },
	{ "name": "guang_5", "parent": "root" },
	{ "name": "guang_6", "parent": "root" },
	{ "name": "guang_7", "parent": "root" },
	{ "name": "guang_8", "parent": "root" },
	{ "name": "guang_9", "parent": "root" }
],
"slots": [
	{ "name": "cheng_bao_", "bone": "root", "attachment": "cheng_bao_" },
	{ "name": "guang_2", "bone": "guang_1", "attachment": "guang_2" },
	{ "name": "guang_3", "bone": "guang_2", "attachment": "guang_2" },
	{ "name": "guang_4", "bone": "guang_3", "attachment": "guang_2" },
	{ "name": "guang_5", "bone": "guang_4", "attachment": "guang_2" },
	{ "name": "guang_6", "bone": "guang_5", "attachment": "guang_2" },
	{ "name": "guang_7", "bone": "guang_6", "attachment": "guang_2" },
	{ "name": "guang_8", "bone": "guang_7", "attachment": "guang_2" },
	{ "name": "guang_9", "bone": "guang_8", "attachment": "guang_2" },
	{ "name": "guang_10", "bone": "guang_9", "attachment": "guang_2" },
	{ "name": "guang_11", "bone": "guang_10", "attachment": "guang_2" },
	{ "name": "guang_12", "bone": "guang_11", "attachment": "guang_2" },
	{ "name": "guang_13", "bone": "guang_12", "attachment": "guang_2" },
	{ "name": "guang_14", "bone": "guang_13", "attachment": "guang_2" },
	{ "name": "guang_15", "bone": "guang_14", "attachment": "guang_2" },
	{ "name": "guang_16", "bone": "guang_15", "attachment": "guang_2" },
	{ "name": "guang_17", "bone": "guang_16", "attachment": "guang_2" },
	{ "name": "guang_18", "bone": "guang_17", "attachment": "guang_2" },
	{ "name": "guang_19", "bone": "guang_18", "attachment": "guang_2" },
	{ "name": "guang", "bone": "guang", "attachment": "guang_" },
	{ "name": "guang_", "bone": "root" }
],
"skins": {
	"default": {
		"cheng_bao_": {
			"cheng_bao_": { "x": -0.09, "y": 42.5, "width": 90, "height": 73 }
		},
		"guang": {
			"guang_": {
				"type": "mesh",
				"uvs": [ 1, 1, 0, 1, 0, 0, 1, 0 ],
				"triangles": [ 1, 2, 3, 1, 3, 0 ],
				"vertices": [ 38.56, 68.69999, 32.23, 68.69999, 32.23, 74.29, 38.56, 74.29 ],
				"hull": 4
			}
		},
		"guang_10": {
			"guang_2": {
				"type": "mesh",
				"path": "guang_",
				"uvs": [ 1, 1, 0, 1, 0, 0, 1, 0 ],
				"triangles": [ 1, 2, 3, 1, 3, 0 ],
				"vertices": [ 26.01, 71.64, 20.83, 71.64, 20.83, 76.21, 26.01, 76.21 ],
				"hull": 4
			}
		},
		"guang_11": {
			"guang_2": {
				"type": "mesh",
				"path": "guang_",
				"uvs": [ 1, 1, 0, 1, 0, 0, 1, 0 ],
				"triangles": [ 1, 2, 3, 1, 3, 0 ],
				"vertices": [ 25.42, 72.16, 21.43, 72.16, 21.43, 75.69, 25.42, 75.69 ],
				"hull": 4
			}
		},
		"guang_12": {
			"guang_2": {
				"type": "mesh",
				"path": "guang_",
				"uvs": [ 1, 1, 0, 1, 0, 0, 1, 0 ],
				"triangles": [ 1, 2, 3, 1, 3, 0 ],
				"vertices": [ 26.17, 71.51, 20.68, 71.51, 20.68, 76.35, 26.17, 76.35 ],
				"hull": 4
			}
		},
		"guang_13": {
			"guang_2": {
				"type": "mesh",
				"path": "guang_",
				"uvs": [ 1, 1, 0, 1, 0, 0, 1, 0 ],
				"triangles": [ 1, 2, 3, 1, 3, 0 ],
				"vertices": [ 25.51, 72.08999, 21.34, 72.08999, 21.34, 75.76999, 25.51, 75.76999 ],
				"hull": 4
			}
		},
		"guang_14": {
			"guang_2": {
				"type": "mesh",
				"path": "guang_",
				"uvs": [ 1, 1, 0, 1, 0, 0, 1, 0 ],
				"triangles": [ 1, 2, 3, 1, 3, 0 ],
				"vertices": [ 25.4, 72.18, 21.45, 72.18, 21.45, 75.67, 25.4, 75.67 ],
				"hull": 4
			}
		},
		"guang_15": {
			"guang_2": {
				"type": "mesh",
				"path": "guang_",
				"uvs": [ 1, 1, 0, 1, 0, 0, 1, 0 ],
				"triangles": [ 1, 2, 3, 1, 3, 0 ],
				"vertices": [ 25.37, 72.21, 21.48, 72.21, 21.48, 75.64, 25.37, 75.64 ],
				"hull": 4
			}
		},
		"guang_16": {
			"guang_2": {
				"type": "mesh",
				"path": "guang_",
				"uvs": [ 1, 1, 0, 1, 0, 0, 1, 0 ],
				"triangles": [ 1, 2, 3, 1, 3, 0 ],
				"vertices": [ 25.73, 71.89, 21.11, 71.89, 21.11, 75.96, 25.73, 75.96 ],
				"hull": 4
			}
		},
		"guang_17": {
			"guang_2": {
				"type": "mesh",
				"path": "guang_",
				"uvs": [ 1, 1, 0, 1, 0, 0, 1, 0 ],
				"triangles": [ 1, 2, 3, 1, 3, 0 ],
				"vertices": [ 25.49, 72.1, 21.35, 72.1, 21.35, 75.75, 25.49, 75.75 ],
				"hull": 4
			}
		},
		"guang_18": {
			"guang_2": {
				"type": "mesh",
				"path": "guang_",
				"uvs": [ 1, 1, 0, 1, 0, 0, 1, 0 ],
				"triangles": [ 1, 2, 3, 1, 3, 0 ],
				"vertices": [ 25.48, 72.11, 21.36, 72.11, 21.36, 75.74, 25.48, 75.74 ],
				"hull": 4
			}
		},
		"guang_19": {
			"guang_2": {
				"type": "mesh",
				"path": "guang_",
				"uvs": [ 1, 1, 0, 1, 0, 0, 1, 0 ],
				"triangles": [ 1, 2, 3, 1, 3, 0 ],
				"vertices": [ 25.73, 71.89, 21.11, 71.89, 21.11, 75.96, 25.73, 75.96 ],
				"hull": 4
			}
		},
		"guang_2": {
			"guang_2": {
				"type": "mesh",
				"path": "guang_",
				"uvs": [ 1, 1, 0, 1, 0, 0, 1, 0 ],
				"triangles": [ 1, 2, 3, 1, 3, 0 ],
				"vertices": [ -25.68, 69.46, -30.3, 69.46, -30.3, 73.53, -25.68, 73.53 ],
				"hull": 4
			}
		},
		"guang_3": {
			"guang_2": {
				"type": "mesh",
				"path": "guang_",
				"uvs": [ 1, 1, 0, 1, 0, 0, 1, 0 ],
				"triangles": [ 1, 2, 3, 1, 3, 0 ],
				"vertices": [ 8.33, 84.16, 1.86, 84.16, 1.86, 89.87, 8.33, 89.87 ],
				"hull": 4
			}
		},
		"guang_4": {
			"guang_2": {
				"type": "mesh",
				"path": "guang_",
				"uvs": [ 1, 1, 0, 1, 0, 0, 1, 0 ],
				"triangles": [ 1, 2, 3, 1, 3, 0 ],
				"vertices": [ -7.92, 77.87, -12.54, 77.87, -12.54, 81.94999, -7.92, 81.94999 ],
				"hull": 4
			}
		},
		"guang_5": {
			"guang_2": {
				"type": "mesh",
				"path": "guang_",
				"uvs": [ 1, 1, 0, 1, 0, 0, 1, 0 ],
				"triangles": [ 1, 2, 3, 1, 3, 0 ],
				"vertices": [ 26.25, 84.52, 20.59, 84.52, 20.59, 89.51, 26.25, 89.51 ],
				"hull": 4
			}
		},
		"guang_6": {
			"guang_2": {
				"type": "mesh",
				"path": "guang_",
				"uvs": [ 1, 1, 0, 1, 0, 0, 1, 0 ],
				"triangles": [ 1, 2, 3, 1, 3, 0 ],
				"vertices": [ 25.73, 71.89, 21.11, 71.89, 21.11, 75.96, 25.73, 75.96 ],
				"hull": 4
			}
		},
		"guang_7": {
			"guang_2": {
				"type": "mesh",
				"path": "guang_",
				"uvs": [ 1, 1, 0, 1, 0, 0, 1, 0 ],
				"triangles": [ 1, 2, 3, 1, 3, 0 ],
				"vertices": [ 25.49, 72.1, 21.35, 72.1, 21.35, 75.75, 25.49, 75.75 ],
				"hull": 4
			}
		},
		"guang_8": {
			"guang_2": {
				"type": "mesh",
				"path": "guang_",
				"uvs": [ 1, 1, 0, 1, 0, 0, 1, 0 ],
				"triangles": [ 1, 2, 3, 1, 3, 0 ],
				"vertices": [ 25.73, 71.89, 21.11, 71.89, 21.11, 75.96, 25.73, 75.96 ],
				"hull": 4
			}
		},
		"guang_9": {
			"guang_2": {
				"type": "mesh",
				"path": "guang_",
				"uvs": [ 1, 1, 0, 1, 0, 0, 1, 0 ],
				"triangles": [ 1, 2, 3, 1, 3, 0 ],
				"vertices": [ 25.45, 72.14, 21.4, 72.14, 21.4, 75.71, 25.45, 75.71 ],
				"hull": 4
			}
		}
	}
},
"animations": {
	"animation": {
		"slots": {
			"cheng_bao_": {
				"attachment": [
					{ "time": 0, "name": "cheng_bao_" }
				]
			},
			"guang": {
				"color": [
					{ "time": 1.8333, "color": "ffffffff" },
					{ "time": 2, "color": "ffffff00" }
				]
			},
			"guang_2": {
				"color": [
					{ "time": 1.2666, "color": "ffffffff" },
					{ "time": 1.4666, "color": "ffffff00", "curve": "stepped" },
					{ "time": 1.5666, "color": "ffffff00" },
					{ "time": 1.7333, "color": "ffffffff" }
				]
			},
			"guang_3": {
				"color": [
					{ "time": 0.7, "color": "ffffffff" },
					{ "time": 0.9, "color": "ffffff00", "curve": "stepped" },
					{ "time": 1.1, "color": "ffffff00" },
					{ "time": 1.2666, "color": "ffffffff" }
				]
			},
			"guang_4": {
				"color": [
					{ "time": 0.9666, "color": "ffffffff" },
					{ "time": 1.1333, "color": "ffffff00", "curve": "stepped" },
					{ "time": 1.3, "color": "ffffff00" },
					{ "time": 1.4666, "color": "ffffffff" }
				]
			},
			"guang_5": {
				"color": [
					{ "time": 0.4666, "color": "ffffffff" },
					{ "time": 0.6333, "color": "ffffff00", "curve": "stepped" },
					{ "time": 0.8666, "color": "ffffff00" },
					{ "time": 1.0333, "color": "ffffffff" }
				]
			},
			"guang_6": {
				"color": [
					{ "time": 1.1333, "color": "ffffffff" },
					{ "time": 1.2666, "color": "ffffff00", "curve": "stepped" },
					{ "time": 1.4, "color": "ffffff00" },
					{ "time": 1.5333, "color": "ffffffff" }
				]
			},
			"guang_7": {
				"color": [
					{ "time": 1.5, "color": "ffffffff" },
					{ "time": 1.7, "color": "ffffff00", "curve": "stepped" },
					{ "time": 1.8666, "color": "ffffff00" },
					{ "time": 2, "color": "ffffffff" }
				]
			},
			"guang_8": {
				"color": [
					{ "time": 1.2333, "color": "ffffffff" },
					{ "time": 1.4, "color": "ffffff00", "curve": "stepped" },
					{ "time": 1.5333, "color": "ffffff00" },
					{ "time": 1.7, "color": "ffffffff" }
				]
			},
			"guang_9": {
				"color": [
					{ "time": 1.4, "color": "ffffffff" },
					{ "time": 1.5666, "color": "ffffff00", "curve": "stepped" },
					{ "time": 1.7, "color": "ffffff00" },
					{ "time": 1.8333, "color": "ffffffff" }
				]
			},
			"guang_10": {
				"color": [
					{ "time": 0.9, "color": "ffffffff" },
					{ "time": 1.0666, "color": "ffffff00", "curve": "stepped" },
					{ "time": 1.2333, "color": "ffffff00" },
					{ "time": 1.4, "color": "ffffffff" }
				]
			},
			"guang_11": {
				"color": [
					{ "time": 1.0333, "color": "ffffffff" },
					{ "time": 1.2, "color": "ffffff00", "curve": "stepped" },
					{ "time": 1.3666, "color": "ffffff00" },
					{ "time": 1.5333, "color": "ffffffff" }
				]
			},
			"guang_12": {
				"color": [
					{ "time": 1.3, "color": "ffffffff" },
					{ "time": 1.4333, "color": "ffffff00", "curve": "stepped" },
					{ "time": 1.5666, "color": "ffffff00" },
					{ "time": 1.7333, "color": "ffffffff" }
				]
			},
			"guang_13": {
				"color": [
					{ "time": 1.0333, "color": "ffffffff" },
					{ "time": 1.1666, "color": "ffffff00", "curve": "stepped" },
					{ "time": 1.3, "color": "ffffff00" },
					{ "time": 1.4333, "color": "ffffffff" }
				]
			},
			"guang_14": {
				"color": [
					{ "time": 0.1666, "color": "ffffffff" },
					{ "time": 0.2666, "color": "ffffff00", "curve": "stepped" },
					{ "time": 0.3666, "color": "ffffff00" },
					{ "time": 0.5, "color": "ffffffff" }
				]
			},
			"guang_15": {
				"color": [
					{ "time": 0.5333, "color": "ffffffff" },
					{ "time": 0.6666, "color": "ffffff00", "curve": "stepped" },
					{ "time": 0.8, "color": "ffffff00" },
					{ "time": 0.9333, "color": "ffffffff" }
				]
			},
			"guang_16": {
				"color": [
					{ "time": 0.3333, "color": "ffffffff" },
					{ "time": 0.4666, "color": "ffffff00", "curve": "stepped" },
					{ "time": 0.6, "color": "ffffff00" },
					{ "time": 0.7333, "color": "ffffffff" }
				]
			},
			"guang_17": {
				"color": [
					{ "time": 0.5333, "color": "ffffffff" },
					{ "time": 0.6666, "color": "ffffff00", "curve": "stepped" },
					{ "time": 0.8, "color": "ffffff00" },
					{ "time": 0.9333, "color": "ffffffff" }
				]
			},
			"guang_18": {
				"color": [
					{ "time": 0.1, "color": "ffffffff" },
					{ "time": 0.2, "color": "ffffff00", "curve": "stepped" },
					{ "time": 0.3333, "color": "ffffff00" },
					{ "time": 0.4666, "color": "ffffffff" }
				]
			},
			"guang_19": {
				"color": [
					{ "time": 0.1666, "color": "ffffffff" },
					{ "time": 0.2666, "color": "ffffff00", "curve": "stepped" },
					{ "time": 0.4, "color": "ffffff00" },
					{ "time": 0.5333, "color": "ffffffff" }
				]
			}
		},
		"ffd": {
			"default": {
				"guang": {
					"guang_": [
						{
							"time": 0,
							"vertices": [ -12.52023, 23.56192, -12.52023, 23.56192, -12.52023, 23.56192, -12.52023, 23.56192 ]
						},
						{
							"time": 1.8333,
							"vertices": [ -20.48423, -67.76141, -20.48423, -67.76141, -20.48423, -67.76141, -20.48423, -67.76141 ]
						},
						{
							"time": 2,
							"vertices": [ -22.04957, -76.06353, -22.04957, -76.06353, -22.04957, -76.06353, -22.04957, -76.06353 ]
						}
					]
				},
				"guang_2": {
					"guang_2": [
						{
							"time": 0,
							"vertices": [ -9.78852, 5.46334, -9.78852, 5.46334, -9.78852, 5.46334, -9.78852, 5.46334 ]
						},
						{
							"time": 1.4666,
							"vertices": [ -20.6485, -69.04334, -20.6485, -69.04334, -20.6485, -69.04334, -20.6485, -69.04334 ]
						},
						{
							"time": 1.5666,
							"vertices": [ -6.98846, 29.21935, -6.98846, 29.21935, -6.98846, 29.21935, -6.98846, 29.21935 ]
						},
						{
							"time": 2,
							"vertices": [ -9.78852, 5.46334, -9.78852, 5.46334, -9.78852, 5.46334, -9.78852, 5.46334 ]
						}
					]
				},
				"guang_3": {
					"guang_2": [
						{
							"time": 0,
							"vertices": [ -18.89418, -45.30044, -18.89418, -45.30044, -18.89418, -45.30044, -18.89418, -45.30044 ]
						},
						{
							"time": 0.9,
							"vertices": [ -18.89418, -96.63982, -18.89418, -96.63982, -18.89418, -96.63982, -18.89418, -96.63982 ]
						},
						{
							"time": 0.9333,
							"vertices": [ -18.89418, 10.80745, -18.89418, 10.80745, -18.89418, 10.80745, -18.89418, 10.80745 ]
						},
						{
							"time": 2,
							"vertices": [ -18.89418, -45.30044, -18.89418, -45.30044, -18.89418, -45.30044, -18.89418, -45.30044 ]
						}
					]
				},
				"guang_4": {
					"guang_2": [
						{
							"time": 0,
							"vertices": [ -15.93483, -26.17865, -15.93483, -26.17865, -15.93483, -26.17865, -15.93483, -26.17865 ]
						},
						{
							"time": 1.1333,
							"vertices": [ -29.18979, -82.35635, -29.18979, -82.35635, -29.18979, -82.35635, -29.18979, -82.35635 ]
						},
						{
							"time": 1.1666,
							"vertices": [ -2.01131, 9.69617, -2.01131, 9.69617, -2.01131, 9.69617, -2.01131, 9.69617 ]
						},
						{
							"time": 2,
							"vertices": [ -15.93483, -26.17865, -15.93483, -26.17865, -15.93483, -26.17865, -15.93483, -26.17865 ]
						}
					]
				},
				"guang_5": {
					"guang_2": [
						{
							"time": 0,
							"vertices": [ 13.51203, -48.25978, 13.51203, -48.25978, 13.51203, -48.25978, 13.51203, -48.25978 ]
						},
						{
							"time": 0.6333,
							"vertices": [ 23.11988, -85.06587, 23.11988, -85.06587, 23.11988, -85.06587, 23.11988, -85.06587 ]
						},
						{
							"time": 0.6666,
							"vertices": [ 2.46524, 19.03659, 2.46524, 19.03659, 2.46524, 19.03659, 2.46524, 19.03659 ]
						},
						{
							"time": 2,
							"vertices": [ 13.51203, -48.25978, 13.51203, -48.25978, 13.51203, -48.25978, 13.51203, -48.25978 ]
						}
					]
				},
				"guang_6": {
					"guang_2": [
						{
							"time": 0,
							"vertices": [ -4.57876, 0.57295, -4.57876, 0.57295, -4.57876, 0.57295, -4.57876, 0.57295 ]
						},
						{
							"time": 1.2666,
							"vertices": [ -6.98874, -71.83419, -6.98874, -71.83419, -6.98874, -71.83419, -6.98874, -71.83419 ]
						},
						{
							"time": 1.3,
							"vertices": [ -4.09674, 32.5093, -4.09674, 32.5093, -4.09674, 32.5093, -4.09674, 32.5093 ]
						},
						{
							"time": 2,
							"vertices": [ -4.57876, 0.57295, -4.57876, 0.57295, -4.57876, 0.57295, -4.57876, 0.57295 ]
						}
					]
				},
				"guang_7": {
					"guang_2": [
						{
							"time": 0,
							"vertices": [ -43.47934, 20.94293, -43.47934, 20.94293, -43.47934, 20.94293, -43.47934, 20.94293 ]
						},
						{
							"time": 0.5666,
							"vertices": [ -45.16634, -5.56216, -45.16634, -5.56216, -45.16634, -5.56216, -45.16634, -5.56216 ]
						},
						{
							"time": 1.7,
							"vertices": [ -49.98632, -75.20131, -49.98632, -75.20131, -49.98632, -75.20131, -49.98632, -75.20131 ]
						},
						{
							"time": 1.7333,
							"vertices": [ -42.03333, 30.29362, -42.03333, 30.29362, -42.03333, 30.29362, -42.03333, 30.29362 ]
						},
						{
							"time": 2,
							"vertices": [ -43.47934, 20.94293, -43.47934, 20.94293, -43.47934, 20.94293, -43.47934, 20.94293 ]
						}
					]
				},
				"guang_8": {
					"guang_2": [
						{
							"time": 0,
							"vertices": [ 21.85349, 7.96741, 21.85349, 7.96741, 21.85349, 7.96741, 21.85349, 7.96741 ]
						},
						{
							"time": 0.5,
							"vertices": [ 18.41064, -16.75202, 18.41064, -16.75202, 18.41064, -16.75202, 18.41064, -16.75202 ]
						},
						{
							"time": 1.4,
							"vertices": [ 13.17752, -69.29639, 13.17752, -69.29639, 13.17752, -69.29639, 13.17752, -69.29639 ]
						},
						{
							"time": 1.4333,
							"vertices": [ 25.04002, 30.22709, 25.04002, 30.22709, 25.04002, 30.22709, 25.04002, 30.22709 ]
						},
						{
							"time": 2,
							"vertices": [ 21.85349, 7.96741, 21.85349, 7.96741, 21.85349, 7.96741, 21.85349, 7.96741 ]
						}
					]
				},
				"guang_9": {
					"guang_2": [
						{
							"time": 0,
							"vertices": [ -21.39821, 12.06494, -21.39821, 12.06494, -21.39821, 12.06494, -21.39821, 12.06494 ]
						},
						{
							"time": 1.5666,
							"vertices": [ -21.39821, -79.22265, -21.39821, -79.22265, -21.39821, -79.22265, -21.39821, -79.22265 ]
						},
						{
							"time": 1.6,
							"vertices": [ -21.39821, 29.47737, -21.39821, 29.47737, -21.39821, 29.47737, -21.39821, 29.47737 ]
						},
						{
							"time": 2,
							"vertices": [ -21.39821, 12.06494, -21.39821, 12.06494, -21.39821, 12.06494, -21.39821, 12.06494 ]
						}
					]
				},
				"guang_10": {
					"guang_2": [
						{
							"time": 0,
							"vertices": [ 6.82922, -18.43886, 6.82922, -18.43886, 6.82922, -18.43886, 6.82922, -18.43886 ]
						},
						{
							"time": 0.7,
							"vertices": [ 4.61358, -47.14864, 4.61358, -47.14864, 4.61358, -47.14864, 4.61358, -47.14864 ]
						},
						{
							"time": 1.0333,
							"vertices": [ 2.49123, -66.8679, 2.49123, -66.8679, 2.49123, -66.8679, 2.49123, -66.8679 ]
						},
						{
							"time": 1.0666,
							"vertices": [ 11.24983, 16.50864, 11.24983, 16.50864, 11.24983, 16.50864, 11.24983, 16.50864 ]
						},
						{
							"time": 2,
							"vertices": [ 6.82922, -18.43886, 6.82922, -18.43886, 6.82922, -18.43886, 6.82922, -18.43886 ]
						}
					]
				},
				"guang_11": {
					"guang_2": [
						{
							"time": 0,
							"vertices": [ -14.56898, -24.81282, -14.56898, -24.81282, -14.56898, -24.81282, -14.56898, -24.81282 ]
						},
						{
							"time": 1.2,
							"vertices": [ -24.93194, -82.92767, -24.93194, -82.92767, -24.93194, -82.92767, -24.93194, -82.92767 ]
						},
						{
							"time": 1.2333,
							"vertices": [ -5.06557, 10.81184, -5.06557, 10.81184, -5.06557, 10.81184, -5.06557, 10.81184 ]
						},
						{
							"time": 2,
							"vertices": [ -14.56898, -24.81282, -14.56898, -24.81282, -14.56898, -24.81282, -14.56898, -24.81282 ]
						}
					]
				},
				"guang_12": {
					"guang_2": [
						{
							"time": 0,
							"vertices": [ 21.80114, -8.65035, 21.80114, -8.65035, 21.80114, -8.65035, 21.80114, -8.65035 ]
						},
						{
							"time": 1.4333,
							"vertices": [ 26.68539, -70.63952, 26.68539, -70.63952, 26.68539, -70.63952, 26.68539, -70.63952 ]
						},
						{
							"time": 1.4666,
							"vertices": [ 19.84905, 14.90603, 19.84905, 14.90603, 19.84905, 14.90603, 19.84905, 14.90603 ]
						},
						{
							"time": 2,
							"vertices": [ 21.80114, -8.65035, 21.80114, -8.65035, 21.80114, -8.65035, 21.80114, -8.65035 ]
						}
					]
				},
				"guang_13": {
					"guang_2": [
						{
							"time": 0,
							"vertices": [ -33.46316, -9.78854, -33.46316, -9.78854, -33.46316, -9.78854, -33.46316, -9.78854 ]
						},
						{
							"time": 1.1666,
							"vertices": [ -39.24713, -66.26223, -39.24713, -66.26223, -39.24713, -66.26223, -39.24713, -66.26223 ]
						},
						{
							"time": 1.2,
							"vertices": [ -29.82888, 25.94451, -29.82888, 25.94451, -29.82888, 25.94451, -29.82888, 25.94451 ]
						},
						{
							"time": 2,
							"vertices": [ -33.46316, -9.78854, -33.46316, -9.78854, -33.46316, -9.78854, -33.46316, -9.78854 ]
						}
					]
				},
				"guang_14": {
					"guang_2": [
						{
							"time": 0,
							"vertices": [ -16.39013, -66.2434, -16.39013, -66.2434, -16.39013, -66.2434, -16.39013, -66.2434 ]
						},
						{
							"time": 0.2666,
							"vertices": [ -16.39013, -81.01771, -16.39013, -81.01771, -16.39013, -81.01771, -16.39013, -81.01771 ]
						},
						{
							"time": 0.3,
							"vertices": [ -16.39013, 21.3839, -16.39013, 21.3839, -16.39013, 21.3839, -16.39013, 21.3839 ]
						},
						{
							"time": 2,
							"vertices": [ -16.39013, -66.2434, -16.39013, -66.2434, -16.39013, -66.2434, -16.39013, -66.2434 ]
						}
					]
				},
				"guang_15": {
					"guang_2": [
						{
							"time": 0,
							"vertices": [ -62.37349, -36.42247, -62.37349, -36.42247, -62.37349, -36.42247, -62.37349, -36.42247 ]
						},
						{
							"time": 0.6666,
							"vertices": [ -61.5155, -65.63624, -61.5155, -65.63624, -61.5155, -65.63624, -61.5155, -65.63624 ]
						},
						{
							"time": 0.7,
							"vertices": [ -62.15402, 11.07642, -62.15402, 11.07642, -62.15402, 11.07642, -62.15402, 11.07642 ]
						},
						{
							"time": 2,
							"vertices": [ -62.37349, -36.42247, -62.37349, -36.42247, -62.37349, -36.42247, -62.37349, -36.42247 ]
						}
					]
				},
				"guang_16": {
					"guang_2": [
						{
							"time": 0,
							"offset": 1,
							"vertices": [ -52.12967, 0, -52.12967, 0, -52.12967, 0, -52.12967 ]
						},
						{
							"time": 0.4666,
							"vertices": [ -0.57199, -76.96194, -0.57199, -76.96194, -0.57199, -76.96194, -0.57199, -76.96194 ]
						},
						{
							"time": 0.5,
							"vertices": [ 2.57401, 22.0089, 2.57401, 22.0089, 2.57401, 22.0089, 2.57401, 22.0089 ]
						},
						{
							"time": 2,
							"offset": 1,
							"vertices": [ -52.12967, 0, -52.12967, 0, -52.12967, 0, -52.12967 ]
						}
					]
				},
				"guang_17": {
					"guang_2": [
						{
							"time": 0,
							"vertices": [ -32.5526, -50.99147, -32.5526, -50.99147, -32.5526, -50.99147, -32.5526, -50.99147 ]
						},
						{
							"time": 0.6666,
							"vertices": [ -31.12261, -80.84207, -31.12261, -80.84207, -31.12261, -80.84207, -31.12261, -80.84207 ]
						},
						{
							"time": 0.7,
							"vertices": [ -35.1591, 12.71855, -35.1591, 12.71855, -35.1591, 12.71855, -35.1591, 12.71855 ]
						},
						{
							"time": 2,
							"vertices": [ -32.5526, -50.99147, -32.5526, -50.99147, -32.5526, -50.99147, -32.5526, -50.99147 ]
						}
					]
				},
				"guang_18": {
					"guang_2": [
						{
							"time": 0,
							"vertices": [ 17.17236, -62.37349, 17.17236, -62.37349, 17.17236, -62.37349, 17.17236, -62.37349 ]
						},
						{
							"time": 0.2,
							"vertices": [ 18.03035, -73.99647, 18.03035, -73.99647, 18.03035, -73.99647, 18.03035, -73.99647 ]
						},
						{
							"time": 0.2333,
							"vertices": [ 6.35204, 18.73214, 6.35204, 18.73214, 6.35204, 18.73214, 6.35204, 18.73214 ]
						},
						{
							"time": 2,
							"vertices": [ 17.17236, -62.37349, 17.17236, -62.37349, 17.17236, -62.37349, 17.17236, -62.37349 ]
						}
					]
				},
				"guang_19": {
					"guang_2": [
						{
							"time": 0,
							"vertices": [ -52.12968, -61.00767, -52.12968, -61.00767, -52.12968, -61.00767, -52.12968, -61.00767 ]
						},
						{
							"time": 0.2666,
							"vertices": [ -52.98768, -75.07496, -52.98768, -75.07496, -52.98768, -75.07496, -52.98768, -75.07496 ]
						},
						{
							"time": 0.3,
							"vertices": [ -46.98169, 14.48017, -46.98169, 14.48017, -46.98169, 14.48017, -46.98169, 14.48017 ]
						},
						{
							"time": 2,
							"vertices": [ -52.12968, -61.00767, -52.12968, -61.00767, -52.12968, -61.00767, -52.12968, -61.00767 ]
						}
					]
				}
			}
		}
	}
}
}