{
"skeleton": { "hash": "JW9piU/R1XIkdM1GsbSIpa/pZkw", "spine": "2.1.27", "width": 0, "height": 0 },
"bones": [
	{ "name": "root", "scaleX": 1.2, "scaleY": 1.2 },
	{ "name": "01", "parent": "root", "y": -100 }
],
"slots": [
	{ "name": "xi", "bone": "01" }
],
"skins": {
	"default": {
		"xi": {
			"ctkxi_000_": { "y": 100, "width": 275, "height": 353 },
			"ctkxi_002_": { "y": 100, "width": 275, "height": 353 },
			"ctkxi_004_": { "y": 100, "width": 275, "height": 353 },
			"ctkxi_006_": { "y": 100, "width": 275, "height": 353 },
			"ctkxi_008_": { "y": 100, "width": 275, "height": 353 },
			"ctkxi_010_": { "y": 100, "width": 275, "height": 353 },
			"ctkxi_012_": { "y": 100, "width": 275, "height": 353 },
			"ctkxi_014_": { "y": 100, "width": 275, "height": 353 },
			"ctkxi_016_": { "y": 100, "width": 275, "height": 353 },
			"ctkxi_018_": { "y": 100, "width": 275, "height": 353 },
			"ctkxi_019_": { "y": 100, "width": 275, "height": 353 },
			"ctkxi_020_": { "y": 100, "width": 275, "height": 353 },
			"ctkxi_021_": { "y": 100, "width": 275, "height": 353 },
			"ctkxi_022_": { "y": 100, "width": 275, "height": 353 },
			"ctkxi_023_": { "y": 100, "width": 275, "height": 353 },
			"ctkxi_024_": { "y": 100, "width": 275, "height": 353 },
			"ctkxi_025_": { "y": 100, "width": 275, "height": 353 },
			"ctkxi_026_": { "y": 100, "width": 275, "height": 353 },
			"ctkxi_027_": { "y": 100, "width": 275, "height": 353 },
			"ctkxi_028_": { "y": 100, "width": 275, "height": 353 },
			"ctkxi_029_": { "y": 100, "width": 275, "height": 353 },
			"ctkxi_030_": { "y": 100, "width": 275, "height": 353 },
			"ctkxi_031_": { "y": 100, "width": 275, "height": 353 },
			"ctkxi_032_": { "y": 100, "width": 275, "height": 353 },
			"ctkxi_033_": { "y": 100, "width": 275, "height": 353 },
			"ctkxi_034_": { "y": 100, "width": 275, "height": 353 },
			"ctkxi_035_": { "y": 100, "width": 275, "height": 353 },
			"ctkxi_036_": { "y": 100, "width": 275, "height": 353 },
			"ctkxi_037_": { "y": 100, "width": 275, "height": 353 },
			"ctkxi_038_": { "y": 100, "width": 275, "height": 353 },
			"ctkxi_039_": { "y": 100, "width": 275, "height": 353 },
			"ctkxi_040_": { "y": 100, "width": 275, "height": 353 },
			"ctkxi_041_": { "y": 100, "width": 275, "height": 353 },
			"ctkxi_043_": { "y": 100, "width": 275, "height": 353 },
			"ctkxi_045_": { "y": 100, "width": 275, "height": 353 },
			"ctkxi_047_": { "y": 100, "width": 275, "height": 353 },
			"ctkxi_049_": { "y": 100, "width": 275, "height": 353 },
			"ctkxi_051_": { "y": 100, "width": 275, "height": 353 }
		}
	}
},
"animations": {
	"dj2": {
		"slots": {
			"xi": {
				"attachment": [
					{ "time": 0, "name": null },
					{ "time": 5.0333, "name": "ctkxi_000_" },
					{ "time": 5.1333, "name": "ctkxi_002_" },
					{ "time": 5.2333, "name": "ctkxi_004_" },
					{ "time": 5.3666, "name": "ctkxi_006_" },
					{ "time": 5.5333, "name": "ctkxi_008_" },
					{ "time": 5.7, "name": "ctkxi_010_" },
					{ "time": 5.8666, "name": "ctkxi_012_" },
					{ "time": 6.0666, "name": "ctkxi_014_" },
					{ "time": 6.2333, "name": "ctkxi_016_" },
					{ "time": 6.4, "name": "ctkxi_018_" },
					{ "time": 6.5333, "name": "ctkxi_019_" },
					{ "time": 6.7, "name": "ctkxi_020_" },
					{ "time": 6.8666, "name": "ctkxi_021_" },
					{ "time": 7.0333, "name": "ctkxi_022_" },
					{ "time": 7.1666, "name": "ctkxi_023_" },
					{ "time": 7.3333, "name": "ctkxi_024_" },
					{ "time": 7.5, "name": "ctkxi_025_" },
					{ "time": 7.6333, "name": "ctkxi_026_" },
					{ "time": 7.8, "name": "ctkxi_027_" },
					{ "time": 7.9666, "name": "ctkxi_028_" },
					{ "time": 8.1333, "name": "ctkxi_029_" },
					{ "time": 8.2666, "name": "ctkxi_030_" },
					{ "time": 8.4333, "name": "ctkxi_031_" },
					{ "time": 8.6, "name": "ctkxi_032_" },
					{ "time": 8.7666, "name": "ctkxi_033_" },
					{ "time": 8.9, "name": "ctkxi_034_" },
					{ "time": 9.0666, "name": "ctkxi_035_" },
					{ "time": 9.2333, "name": "ctkxi_036_" },
					{ "time": 9.4, "name": "ctkxi_037_" },
					{ "time": 9.5333, "name": "ctkxi_038_" },
					{ "time": 9.7, "name": "ctkxi_039_" },
					{ "time": 9.8666, "name": "ctkxi_040_" },
					{ "time": 10.1, "name": "ctkxi_041_" },
					{ "time": 10.3333, "name": "ctkxi_043_" },
					{ "time": 10.5666, "name": "ctkxi_045_" },
					{ "time": 10.8, "name": "ctkxi_047_" },
					{ "time": 10.9333, "name": "ctkxi_049_" },
					{ "time": 11.2, "name": "ctkxi_051_" },
					{ "time": 11.4, "name": "ctkxi_000_" }
				]
			}
		},
		"bones": {
			"01": {
				"rotate": [
					{ "time": 0, "angle": 0 }
				],
				"translate": [
					{ "time": 0, "x": 0, "y": 160, "curve": "stepped" },
					{ "time": 5.0333, "x": 0, "y": 160, "curve": "stepped" },
					{ "time": 11.4, "x": 0, "y": 160 }
				],
				"scale": [
					{ "time": 0, "x": 1, "y": 1, "curve": "stepped" },
					{ "time": 5.0333, "x": 1, "y": 1, "curve": "stepped" },
					{ "time": 11.4, "x": 1, "y": 1 }
				]
			},
			"root": {
				"rotate": [
					{ "time": 0, "angle": 0 }
				],
				"translate": [
					{ "time": 0, "x": 0, "y": 0 }
				],
				"scale": [
					{ "time": 0, "x": 1, "y": 1 }
				]
			}
		}
	}
}
}