{
"skeleton": { "hash": "Ami4YAmjmq7hwii2WCcyXq/89kA", "spine": "2.1.27", "width": 992.58, "height": 568.29 },
"bones": [
	{ "name": "root" },
	{ "name": "bone", "parent": "root", "length": 540, "x": -46.34, "y": 4, "rotation": 90 },
	{ "name": "bone2", "parent": "root", "length": 540, "x": 52.23, "y": -0.29, "scaleY": -1, "rotation": 90 }
],
"slots": [
	{ "name": "ar_00025_2_", "bone": "bone", "attachment": "ar_00025_2_" },
	{ "name": "ar_00025_2_2", "bone": "bone2", "attachment": "ar_00025_2_" },
	{ "name": "ar_00025_1_", "bone": "bone", "attachment": "ar_00025_1_" },
	{ "name": "ar_00025_1_2", "bone": "bone2", "attachment": "ar_00025_1_" },
	{ "name": "ar_00024_2_", "bone": "bone", "attachment": "ar_00024_2_" },
	{ "name": "ar_00024_2_2", "bone": "bone2", "attachment": "ar_00024_2_" },
	{ "name": "ar_00024_1_", "bone": "bone", "attachment": "ar_00024_1_" },
	{ "name": "ar_00024_1_2", "bone": "bone2", "attachment": "ar_00024_1_" },
	{ "name": "ar_00023_2_", "bone": "bone", "attachment": "ar_00023_2_" },
	{ "name": "ar_00023_2_2", "bone": "bone2", "attachment": "ar_00023_2_" },
	{ "name": "ar_00023_1_", "bone": "bone", "attachment": "ar_00023_1_" },
	{ "name": "ar_00023_1_2", "bone": "bone2", "attachment": "ar_00023_1_" },
	{ "name": "ar_00022_2_", "bone": "bone", "attachment": "ar_00022_2_" },
	{ "name": "ar_00022_2_2", "bone": "bone2", "attachment": "ar_00022_2_" },
	{ "name": "ar_00022_1_", "bone": "bone", "attachment": "ar_00022_1_" },
	{ "name": "ar_00022_1_2", "bone": "bone2", "attachment": "ar_00022_1_" },
	{ "name": "ar_00021_2_", "bone": "bone", "attachment": "ar_00021_2_" },
	{ "name": "ar_00021_2_2", "bone": "bone2", "attachment": "ar_00021_2_" },
	{ "name": "ar_00021_1_", "bone": "bone", "attachment": "ar_00021_1_" },
	{ "name": "ar_00021_1_2", "bone": "bone2", "attachment": "ar_00021_1_" },
	{ "name": "ar_00020_2", "bone": "bone", "attachment": "ar_00020_2_" },
	{ "name": "ar_00020_3", "bone": "bone2", "attachment": "ar_00020_2_" },
	{ "name": "ar_00020_1_", "bone": "bone", "attachment": "ar_00020_1_" },
	{ "name": "ar_00020_1_2", "bone": "bone2", "attachment": "ar_00020_1_" },
	{ "name": "ar_00019_2_", "bone": "bone", "attachment": "ar_00019_2_" },
	{ "name": "ar_00019_2_2", "bone": "bone2", "attachment": "ar_00019_2_" },
	{ "name": "ar_00019_1_", "bone": "bone", "attachment": "ar_00019_1_" },
	{ "name": "ar_00019_1_2", "bone": "bone2", "attachment": "ar_00019_1_" },
	{ "name": "ar_00018_2_", "bone": "bone", "attachment": "ar_00018_2_" },
	{ "name": "ar_00018_2_2", "bone": "bone2", "attachment": "ar_00018_2_" },
	{ "name": "ar_00018_1_", "bone": "bone", "attachment": "ar_00018_1_" },
	{ "name": "ar_00018_1_2", "bone": "bone2", "attachment": "ar_00018_1_" },
	{ "name": "ar_00017_2_", "bone": "bone", "attachment": "ar_00017_2_" },
	{ "name": "ar_00017_2_2", "bone": "bone2", "attachment": "ar_00017_2_" },
	{ "name": "ar_00017_1_", "bone": "bone", "attachment": "ar_00017_1_" },
	{ "name": "ar_00017_1_2", "bone": "bone2", "attachment": "ar_00017_1_" },
	{ "name": "ar_00016_2_", "bone": "bone", "attachment": "ar_00016_2_" },
	{ "name": "ar_00016_2_2", "bone": "bone2", "attachment": "ar_00016_2_" },
	{ "name": "ar_00016_1_", "bone": "bone", "attachment": "ar_00016_1_" },
	{ "name": "ar_00016_1_2", "bone": "bone2", "attachment": "ar_00016_1_" },
	{ "name": "ar_00015_2_", "bone": "bone", "attachment": "ar_00015_2_" },
	{ "name": "ar_00015_2_2", "bone": "bone2", "attachment": "ar_00015_2_" },
	{ "name": "ar_00015_1_", "bone": "bone", "attachment": "ar_00015_1_" },
	{ "name": "ar_00015_1_2", "bone": "bone2", "attachment": "ar_00015_1_" },
	{ "name": "ar_00014_2_", "bone": "bone", "attachment": "ar_00014_2_" },
	{ "name": "ar_00014_2_2", "bone": "bone2", "attachment": "ar_00014_2_" },
	{ "name": "ar_00014_1_", "bone": "bone", "attachment": "ar_00014_1_" },
	{ "name": "ar_00014_1_2", "bone": "bone2", "attachment": "ar_00014_1_" },
	{ "name": "ar_00013_2_", "bone": "bone", "attachment": "ar_00013_2_" },
	{ "name": "ar_00013_2_2", "bone": "bone2", "attachment": "ar_00013_2_" },
	{ "name": "ar_00013_1_", "bone": "bone", "attachment": "ar_00013_1_" },
	{ "name": "ar_00013_1_2", "bone": "bone2", "attachment": "ar_00013_1_" },
	{ "name": "ar_00012_2_", "bone": "bone", "attachment": "ar_00012_2_" },
	{ "name": "ar_00012_2_2", "bone": "bone2", "attachment": "ar_00012_2_" },
	{ "name": "ar_00012_1_", "bone": "bone", "attachment": "ar_00012_1_" },
	{ "name": "ar_00012_1_2", "bone": "bone2", "attachment": "ar_00012_1_" },
	{ "name": "ar_00011_2_", "bone": "bone", "attachment": "ar_00011_2_" },
	{ "name": "ar_00011_2_2", "bone": "bone2", "attachment": "ar_00011_2_" },
	{ "name": "ar_00011_1_", "bone": "bone", "attachment": "ar_00011_1_" },
	{ "name": "ar_00011_1_2", "bone": "bone2", "attachment": "ar_00011_1_" },
	{ "name": "ar_00010_2_", "bone": "bone", "attachment": "ar_00010_2_" },
	{ "name": "ar_00010_2_2", "bone": "bone2", "attachment": "ar_00010_2_" },
	{ "name": "ar_00010_1_", "bone": "bone", "attachment": "ar_00010_1_" },
	{ "name": "ar_00010_1_2", "bone": "bone2", "attachment": "ar_00010_1_" },
	{ "name": "ar_00009_2_", "bone": "bone", "attachment": "ar_00009_2_" },
	{ "name": "ar_00009_2_2", "bone": "bone2", "attachment": "ar_00009_2_" },
	{ "name": "ar_00009_1_", "bone": "bone", "attachment": "ar_00009_1_" },
	{ "name": "ar_00009_1_2", "bone": "bone2", "attachment": "ar_00009_1_" },
	{ "name": "ar_00008_2_", "bone": "bone", "attachment": "ar_00008_2_" },
	{ "name": "ar_00008_2_2", "bone": "bone2", "attachment": "ar_00008_2_" },
	{ "name": "ar_00008_1_", "bone": "bone", "attachment": "ar_00008_1_" },
	{ "name": "ar_00008_1_2", "bone": "bone2", "attachment": "ar_00008_1_" },
	{ "name": "ar_00007_2_", "bone": "bone", "attachment": "ar_00007_2_" },
	{ "name": "ar_00007_2_2", "bone": "bone2", "attachment": "ar_00007_2_" },
	{ "name": "ar_00007_1_", "bone": "bone", "attachment": "ar_00007_1_" },
	{ "name": "ar_00007_1_2", "bone": "bone2", "attachment": "ar_00007_1_" },
	{ "name": "ar_00006_2_", "bone": "bone", "attachment": "ar_00006_2_" },
	{ "name": "ar_00006_2_2", "bone": "bone2", "attachment": "ar_00006_2_" },
	{ "name": "ar_00006_1_", "bone": "bone", "attachment": "ar_00006_1_" },
	{ "name": "ar_00006_1_2", "bone": "bone2", "attachment": "ar_00006_1_" },
	{ "name": "ar_00005_2_", "bone": "bone", "attachment": "ar_00005_2_" },
	{ "name": "ar_00005_2_2", "bone": "bone2", "attachment": "ar_00005_2_" },
	{ "name": "ar_00005_1_", "bone": "bone", "attachment": "ar_00005_1_" },
	{ "name": "ar_00005_1_2", "bone": "bone2", "attachment": "ar_00005_1_" },
	{ "name": "ar_00004_2_", "bone": "bone", "attachment": "ar_00004_2_" },
	{ "name": "ar_00004_2_2", "bone": "bone2", "attachment": "ar_00004_2_" },
	{ "name": "ar_00004_1_", "bone": "bone", "attachment": "ar_00004_1_" },
	{ "name": "ar_00004_1_2", "bone": "bone2", "attachment": "ar_00004_1_" },
	{ "name": "ar_00003_2_", "bone": "bone", "attachment": "ar_00003_2_" },
	{ "name": "ar_00003_2_2", "bone": "bone2", "attachment": "ar_00003_2_" },
	{ "name": "ar_00003_1_", "bone": "bone", "attachment": "ar_00003_1_" },
	{ "name": "ar_00003_1_2", "bone": "bone2", "attachment": "ar_00003_1_" },
	{ "name": "ar_00002_2_", "bone": "bone", "attachment": "ar_00002_2_" },
	{ "name": "ar_00002_2_2", "bone": "bone2", "attachment": "ar_00002_2_" },
	{ "name": "ar_00002_1_", "bone": "bone", "attachment": "ar_00002_1_" },
	{ "name": "ar_00002_1_2", "bone": "bone2", "attachment": "ar_00002_1_" },
	{ "name": "ar_00001_2_", "bone": "bone", "attachment": "ar_00001_2_" },
	{ "name": "ar_00001_2_2", "bone": "bone2", "attachment": "ar_00001_2_" },
	{ "name": "ar_00001_1_", "bone": "bone", "attachment": "ar_00001_1_" },
	{ "name": "ar_00001_1_2", "bone": "bone2", "attachment": "ar_00001_1_" }
],
"skins": {
	"default": {
		"ar_00001_1_": {
			"ar_00001_1_": { "x": 382, "y": 243.99, "rotation": -90, "width": 344, "height": 244 }
		},
		"ar_00001_1_2": {
			"ar_00001_1_": { "x": 382, "y": 243.99, "rotation": -90, "width": 344, "height": 244 }
		},
		"ar_00001_2_": {
			"ar_00001_2_": { "x": 131, "y": 207.49, "rotation": -90, "width": 319, "height": 258 }
		},
		"ar_00001_2_2": {
			"ar_00001_2_": { "x": 131, "y": 207.49, "rotation": -90, "width": 319, "height": 258 }
		},
		"ar_00002_1_": {
			"ar_00002_1_": { "x": 381.5, "y": 244.99, "rotation": -90, "width": 352, "height": 255 }
		},
		"ar_00002_1_2": {
			"ar_00002_1_": { "x": 381.5, "y": 244.99, "rotation": -90, "width": 352, "height": 255 }
		},
		"ar_00002_2_": {
			"ar_00002_2_": { "x": 127.5, "y": 205.49, "rotation": -90, "width": 315, "height": 253 }
		},
		"ar_00002_2_2": {
			"ar_00002_2_": { "x": 127.5, "y": 205.49, "rotation": -90, "width": 315, "height": 253 }
		},
		"ar_00003_1_": {
			"ar_00003_1_": { "x": 382, "y": 245.99, "rotation": -90, "width": 360, "height": 260 }
		},
		"ar_00003_1_2": {
			"ar_00003_1_": { "x": 382, "y": 245.99, "rotation": -90, "width": 360, "height": 260 }
		},
		"ar_00003_2_": {
			"ar_00003_2_": { "x": 128, "y": 208.49, "rotation": -90, "width": 305, "height": 248 }
		},
		"ar_00003_2_2": {
			"ar_00003_2_": { "x": 128, "y": 208.49, "rotation": -90, "width": 305, "height": 248 }
		},
		"ar_00004_1_": {
			"ar_00004_1_": { "x": 374, "y": 245.49, "rotation": -90, "width": 371, "height": 268 }
		},
		"ar_00004_1_2": {
			"ar_00004_1_": { "x": 374, "y": 245.49, "rotation": -90, "width": 371, "height": 268 }
		},
		"ar_00004_2_": {
			"ar_00004_2_": { "x": 130.5, "y": 202.49, "rotation": -90, "width": 285, "height": 219 }
		},
		"ar_00004_2_2": {
			"ar_00004_2_": { "x": 130.5, "y": 202.49, "rotation": -90, "width": 285, "height": 219 }
		},
		"ar_00005_1_": {
			"ar_00005_1_": { "x": 363, "y": 245.99, "rotation": -90, "width": 374, "height": 268 }
		},
		"ar_00005_1_2": {
			"ar_00005_1_": { "x": 363, "y": 245.99, "rotation": -90, "width": 374, "height": 268 }
		},
		"ar_00005_2_": {
			"ar_00005_2_": { "x": 129, "y": 199.99, "rotation": -90, "width": 278, "height": 200 }
		},
		"ar_00005_2_2": {
			"ar_00005_2_": { "x": 129, "y": 199.99, "rotation": -90, "width": 278, "height": 200 }
		},
		"ar_00006_1_": {
			"ar_00006_1_": { "x": 361, "y": 245.99, "rotation": -90, "width": 378, "height": 272 }
		},
		"ar_00006_1_2": {
			"ar_00006_1_": { "x": 361, "y": 245.99, "rotation": -90, "width": 378, "height": 272 }
		},
		"ar_00006_2_": {
			"ar_00006_2_": { "x": 133.5, "y": 195.49, "rotation": -90, "width": 277, "height": 183 }
		},
		"ar_00006_2_2": {
			"ar_00006_2_": { "x": 133.5, "y": 195.49, "rotation": -90, "width": 277, "height": 183 }
		},
		"ar_00007_1_": {
			"ar_00007_1_": { "x": 363, "y": 247.49, "rotation": -90, "width": 377, "height": 278 }
		},
		"ar_00007_1_2": {
			"ar_00007_1_": { "x": 363, "y": 247.49, "rotation": -90, "width": 377, "height": 278 }
		},
		"ar_00007_2_": {
			"ar_00007_2_": { "x": 141.5, "y": 190.99, "rotation": -90, "width": 272, "height": 165 }
		},
		"ar_00007_2_2": {
			"ar_00007_2_": { "x": 141.5, "y": 190.99, "rotation": -90, "width": 272, "height": 165 }
		},
		"ar_00008_1_": {
			"ar_00008_1_": { "x": 391, "y": 246.49, "rotation": -90, "width": 381, "height": 252 }
		},
		"ar_00008_1_2": {
			"ar_00008_1_": { "x": 391, "y": 246.49, "rotation": -90, "width": 381, "height": 252 }
		},
		"ar_00008_2_": {
			"ar_00008_2_": { "x": 162.5, "y": 213.49, "rotation": -90, "width": 311, "height": 205 }
		},
		"ar_00008_2_2": {
			"ar_00008_2_": { "x": 162.5, "y": 213.49, "rotation": -90, "width": 311, "height": 205 }
		},
		"ar_00009_1_": {
			"ar_00009_1_": { "x": 411, "y": 253.99, "rotation": -90, "width": 378, "height": 240 }
		},
		"ar_00009_1_2": {
			"ar_00009_1_": { "x": 411, "y": 253.99, "rotation": -90, "width": 378, "height": 240 }
		},
		"ar_00009_2_": {
			"ar_00009_2_": { "x": 180, "y": 217.49, "rotation": -90, "width": 317, "height": 222 }
		},
		"ar_00009_2_2": {
			"ar_00009_2_": { "x": 180, "y": 217.49, "rotation": -90, "width": 317, "height": 222 }
		},
		"ar_00010_1_": {
			"ar_00010_1_": { "x": 421.5, "y": 253.49, "rotation": -90, "width": 375, "height": 239 }
		},
		"ar_00010_1_2": {
			"ar_00010_1_": { "x": 421.5, "y": 253.49, "rotation": -90, "width": 375, "height": 239 }
		},
		"ar_00010_2_": {
			"ar_00010_2_": { "x": 176, "y": 205.99, "rotation": -90, "width": 312, "height": 252 }
		},
		"ar_00010_2_2": {
			"ar_00010_2_": { "x": 176, "y": 205.99, "rotation": -90, "width": 312, "height": 252 }
		},
		"ar_00011_1_": {
			"ar_00011_1_": { "x": 423.5, "y": 253.99, "rotation": -90, "width": 380, "height": 243 }
		},
		"ar_00011_1_2": {
			"ar_00011_1_": { "x": 423.5, "y": 253.99, "rotation": -90, "width": 380, "height": 243 }
		},
		"ar_00011_2_": {
			"ar_00011_2_": { "x": 171, "y": 205.49, "rotation": -90, "width": 319, "height": 262 }
		},
		"ar_00011_2_2": {
			"ar_00011_2_": { "x": 171, "y": 205.49, "rotation": -90, "width": 319, "height": 262 }
		},
		"ar_00012_1_": {
			"ar_00012_1_": { "x": 434.5, "y": 255.99, "rotation": -90, "width": 380, "height": 245 }
		},
		"ar_00012_1_2": {
			"ar_00012_1_": { "x": 434.5, "y": 255.99, "rotation": -90, "width": 380, "height": 245 }
		},
		"ar_00012_2_": {
			"ar_00012_2_": { "x": 182.5, "y": 207.99, "rotation": -90, "width": 322, "height": 259 }
		},
		"ar_00012_2_2": {
			"ar_00012_2_": { "x": 182.5, "y": 207.99, "rotation": -90, "width": 322, "height": 259 }
		},
		"ar_00013_1_": {
			"ar_00013_1_": { "x": 430, "y": 253.99, "rotation": -90, "width": 386, "height": 270 }
		},
		"ar_00013_1_2": {
			"ar_00013_1_": { "x": 430, "y": 253.99, "rotation": -90, "width": 386, "height": 270 }
		},
		"ar_00013_2_": {
			"ar_00013_2_": { "x": 197.5, "y": 190.49, "rotation": -90, "width": 289, "height": 195 }
		},
		"ar_00013_2_2": {
			"ar_00013_2_": { "x": 197.5, "y": 190.49, "rotation": -90, "width": 289, "height": 195 }
		},
		"ar_00014_1_": {
			"ar_00014_1_": { "x": 431.5, "y": 253.49, "rotation": -90, "width": 381, "height": 261 }
		},
		"ar_00014_1_2": {
			"ar_00014_1_": { "x": 431.5, "y": 253.49, "rotation": -90, "width": 381, "height": 261 }
		},
		"ar_00014_2_": {
			"ar_00014_2_": { "x": 199, "y": 190.99, "rotation": -90, "width": 292, "height": 204 }
		},
		"ar_00014_2_2": {
			"ar_00014_2_": { "x": 199, "y": 190.99, "rotation": -90, "width": 292, "height": 204 }
		},
		"ar_00015_1_": {
			"ar_00015_1_": { "x": 428, "y": 250.49, "rotation": -90, "width": 381, "height": 252 }
		},
		"ar_00015_1_2": {
			"ar_00015_1_": { "x": 428, "y": 250.49, "rotation": -90, "width": 381, "height": 252 }
		},
		"ar_00015_2_": {
			"ar_00015_2_": { "x": 179, "y": 197.99, "rotation": -90, "width": 284, "height": 246 }
		},
		"ar_00015_2_2": {
			"ar_00015_2_": { "x": 179, "y": 197.99, "rotation": -90, "width": 284, "height": 246 }
		},
		"ar_00016_1_": {
			"ar_00016_1_": { "x": 428, "y": 252.49, "rotation": -90, "width": 371, "height": 250 }
		},
		"ar_00016_1_2": {
			"ar_00016_1_": { "x": 428, "y": 252.49, "rotation": -90, "width": 371, "height": 250 }
		},
		"ar_00016_2_": {
			"ar_00016_2_": { "x": 200, "y": 196.99, "rotation": -90, "width": 298, "height": 206 }
		},
		"ar_00016_2_2": {
			"ar_00016_2_": { "x": 200, "y": 196.99, "rotation": -90, "width": 298, "height": 206 }
		},
		"ar_00017_1_": {
			"ar_00017_1_": { "x": 427.5, "y": 253.49, "rotation": -90, "width": 363, "height": 239 }
		},
		"ar_00017_1_2": {
			"ar_00017_1_": { "x": 427.5, "y": 253.49, "rotation": -90, "width": 363, "height": 239 }
		},
		"ar_00017_2_": {
			"ar_00017_2_": { "x": 201.5, "y": 198.49, "rotation": -90, "width": 299, "height": 213 }
		},
		"ar_00017_2_2": {
			"ar_00017_2_": { "x": 201.5, "y": 198.49, "rotation": -90, "width": 299, "height": 213 }
		},
		"ar_00018_1_": {
			"ar_00018_1_": { "x": 419, "y": 252.49, "rotation": -90, "width": 361, "height": 238 }
		},
		"ar_00018_1_2": {
			"ar_00018_1_": { "x": 419, "y": 252.49, "rotation": -90, "width": 361, "height": 238 }
		},
		"ar_00018_2_": {
			"ar_00018_2_": { "x": 199.5, "y": 203.99, "rotation": -90, "width": 288, "height": 201 }
		},
		"ar_00018_2_2": {
			"ar_00018_2_": { "x": 199.5, "y": 203.99, "rotation": -90, "width": 288, "height": 201 }
		},
		"ar_00019_1_": {
			"ar_00019_1_": { "x": 405, "y": 246.99, "rotation": -90, "width": 366, "height": 266 }
		},
		"ar_00019_1_2": {
			"ar_00019_1_": { "x": 405, "y": 246.99, "rotation": -90, "width": 366, "height": 266 }
		},
		"ar_00019_2_": {
			"ar_00019_2_": { "x": 178.5, "y": 193.49, "rotation": -90, "width": 277, "height": 187 }
		},
		"ar_00019_2_2": {
			"ar_00019_2_": { "x": 178.5, "y": 193.49, "rotation": -90, "width": 277, "height": 187 }
		},
		"ar_00020_1_": {
			"ar_00020_1_": { "x": 414, "y": 249.49, "rotation": -90, "width": 353, "height": 250 }
		},
		"ar_00020_1_2": {
			"ar_00020_1_": { "x": 414, "y": 249.49, "rotation": -90, "width": 353, "height": 250 }
		},
		"ar_00020_2": {
			"ar_00020_2_": { "x": 164.5, "y": 204.49, "rotation": -90, "width": 281, "height": 249 }
		},
		"ar_00020_3": {
			"ar_00020_2_": { "x": 164.5, "y": 204.49, "rotation": -90, "width": 281, "height": 249 }
		},
		"ar_00021_1_": {
			"ar_00021_1_": { "x": 398.5, "y": 243.49, "rotation": -90, "width": 357, "height": 279 }
		},
		"ar_00021_1_2": {
			"ar_00021_1_": { "x": 398.5, "y": 243.49, "rotation": -90, "width": 357, "height": 279 }
		},
		"ar_00021_2_": {
			"ar_00021_2_": { "x": 156, "y": 184.99, "rotation": -90, "width": 266, "height": 206 }
		},
		"ar_00021_2_2": {
			"ar_00021_2_": { "x": 156, "y": 184.99, "rotation": -90, "width": 266, "height": 206 }
		},
		"ar_00022_1_": {
			"ar_00022_1_": { "x": 396, "y": 242.99, "rotation": -90, "width": 352, "height": 276 }
		},
		"ar_00022_1_2": {
			"ar_00022_1_": { "x": 396, "y": 242.99, "rotation": -90, "width": 352, "height": 276 }
		},
		"ar_00022_2_": {
			"ar_00022_2_": { "x": 157.5, "y": 193.99, "rotation": -90, "width": 260, "height": 201 }
		},
		"ar_00022_2_2": {
			"ar_00022_2_": { "x": 157.5, "y": 193.99, "rotation": -90, "width": 260, "height": 201 }
		},
		"ar_00023_1_": {
			"ar_00023_1_": { "x": 402.5, "y": 244.99, "rotation": -90, "width": 338, "height": 247 }
		},
		"ar_00023_1_2": {
			"ar_00023_1_": { "x": 402.5, "y": 244.99, "rotation": -90, "width": 338, "height": 247 }
		},
		"ar_00023_2_": {
			"ar_00023_2_": { "x": 155.5, "y": 206.49, "rotation": -90, "width": 285, "height": 247 }
		},
		"ar_00023_2_2": {
			"ar_00023_2_": { "x": 155.5, "y": 206.49, "rotation": -90, "width": 285, "height": 247 }
		},
		"ar_00024_1_": {
			"ar_00024_1_": { "x": 388.5, "y": 248.99, "rotation": -90, "width": 352, "height": 255 }
		},
		"ar_00024_1_2": {
			"ar_00024_1_": { "x": 388.5, "y": 248.99, "rotation": -90, "width": 352, "height": 255 }
		},
		"ar_00024_2_": {
			"ar_00024_2_": { "x": 156, "y": 197.99, "rotation": -90, "width": 306, "height": 210 }
		},
		"ar_00024_2_2": {
			"ar_00024_2_": { "x": 156, "y": 197.99, "rotation": -90, "width": 306, "height": 210 }
		},
		"ar_00025_1_": {
			"ar_00025_1_": { "x": 378.5, "y": 239.49, "rotation": -90, "width": 347, "height": 273 }
		},
		"ar_00025_1_2": {
			"ar_00025_1_": { "x": 378.5, "y": 239.49, "rotation": -90, "width": 347, "height": 273 }
		},
		"ar_00025_2_": {
			"ar_00025_2_": { "x": 127.5, "y": 207.99, "rotation": -90, "width": 292, "height": 229 }
		},
		"ar_00025_2_2": {
			"ar_00025_2_": { "x": 127.5, "y": 207.99, "rotation": -90, "width": 292, "height": 229 }
		}
	}
},
"animations": {
	"dj": {
		"slots": {
			"ar_00001_1_": {
				"attachment": [
					{ "time": 0, "name": "ar_00001_1_" },
					{ "time": 0.0666, "name": null }
				]
			},
			"ar_00001_1_2": {
				"attachment": [
					{ "time": 0, "name": "ar_00001_1_" },
					{ "time": 0.0666, "name": null }
				]
			},
			"ar_00001_2_": {
				"attachment": [
					{ "time": 0, "name": "ar_00001_2_" },
					{ "time": 0.0666, "name": null }
				]
			},
			"ar_00001_2_2": {
				"attachment": [
					{ "time": 0, "name": "ar_00001_2_" },
					{ "time": 0.0666, "name": null }
				]
			},
			"ar_00002_1_": {
				"attachment": [
					{ "time": 0, "name": null },
					{ "time": 0.0666, "name": "ar_00002_1_" },
					{ "time": 0.1333, "name": null }
				]
			},
			"ar_00002_1_2": {
				"attachment": [
					{ "time": 0, "name": null },
					{ "time": 0.0666, "name": "ar_00002_1_" },
					{ "time": 0.1333, "name": null }
				]
			},
			"ar_00002_2_": {
				"attachment": [
					{ "time": 0, "name": null },
					{ "time": 0.0666, "name": "ar_00002_2_" },
					{ "time": 0.1333, "name": null }
				]
			},
			"ar_00002_2_2": {
				"attachment": [
					{ "time": 0, "name": null },
					{ "time": 0.0666, "name": "ar_00002_2_" },
					{ "time": 0.1333, "name": null }
				]
			},
			"ar_00003_1_": {
				"attachment": [
					{ "time": 0, "name": null },
					{ "time": 0.1333, "name": "ar_00003_1_" },
					{ "time": 0.2, "name": null }
				]
			},
			"ar_00003_1_2": {
				"attachment": [
					{ "time": 0, "name": null },
					{ "time": 0.1333, "name": "ar_00003_1_" },
					{ "time": 0.2, "name": null }
				]
			},
			"ar_00003_2_": {
				"attachment": [
					{ "time": 0, "name": null },
					{ "time": 0.1333, "name": "ar_00003_2_" },
					{ "time": 0.2, "name": null }
				]
			},
			"ar_00003_2_2": {
				"attachment": [
					{ "time": 0, "name": null },
					{ "time": 0.1333, "name": "ar_00003_2_" },
					{ "time": 0.2, "name": null }
				]
			},
			"ar_00004_1_": {
				"attachment": [
					{ "time": 0, "name": null },
					{ "time": 0.2, "name": "ar_00004_1_" },
					{ "time": 0.2666, "name": null }
				]
			},
			"ar_00004_1_2": {
				"attachment": [
					{ "time": 0, "name": null },
					{ "time": 0.2, "name": "ar_00004_1_" },
					{ "time": 0.2666, "name": null }
				]
			},
			"ar_00004_2_": {
				"attachment": [
					{ "time": 0, "name": null },
					{ "time": 0.2, "name": "ar_00004_2_" },
					{ "time": 0.2666, "name": null }
				]
			},
			"ar_00004_2_2": {
				"attachment": [
					{ "time": 0, "name": null },
					{ "time": 0.2, "name": "ar_00004_2_" },
					{ "time": 0.2666, "name": null }
				]
			},
			"ar_00005_1_": {
				"attachment": [
					{ "time": 0, "name": null },
					{ "time": 0.2666, "name": "ar_00005_1_" },
					{ "time": 0.3333, "name": null }
				]
			},
			"ar_00005_1_2": {
				"attachment": [
					{ "time": 0, "name": null },
					{ "time": 0.2666, "name": "ar_00005_1_" },
					{ "time": 0.3333, "name": null }
				]
			},
			"ar_00005_2_": {
				"attachment": [
					{ "time": 0, "name": null },
					{ "time": 0.2666, "name": "ar_00005_2_" },
					{ "time": 0.3333, "name": null }
				]
			},
			"ar_00005_2_2": {
				"attachment": [
					{ "time": 0, "name": null },
					{ "time": 0.2666, "name": "ar_00005_2_" },
					{ "time": 0.3333, "name": null }
				]
			},
			"ar_00006_1_": {
				"attachment": [
					{ "time": 0, "name": null },
					{ "time": 0.3333, "name": "ar_00006_1_" },
					{ "time": 0.4, "name": null }
				]
			},
			"ar_00006_1_2": {
				"attachment": [
					{ "time": 0, "name": null },
					{ "time": 0.3333, "name": "ar_00006_1_" },
					{ "time": 0.4, "name": null }
				]
			},
			"ar_00006_2_": {
				"attachment": [
					{ "time": 0, "name": null },
					{ "time": 0.3333, "name": "ar_00006_2_" },
					{ "time": 0.4, "name": null }
				]
			},
			"ar_00006_2_2": {
				"attachment": [
					{ "time": 0, "name": null },
					{ "time": 0.3333, "name": "ar_00006_2_" },
					{ "time": 0.4, "name": null }
				]
			},
			"ar_00007_1_": {
				"attachment": [
					{ "time": 0, "name": null },
					{ "time": 0.4, "name": "ar_00007_1_" },
					{ "time": 0.4666, "name": null }
				]
			},
			"ar_00007_1_2": {
				"attachment": [
					{ "time": 0, "name": null },
					{ "time": 0.4, "name": "ar_00007_1_" },
					{ "time": 0.4666, "name": null }
				]
			},
			"ar_00007_2_": {
				"attachment": [
					{ "time": 0, "name": null },
					{ "time": 0.4, "name": "ar_00007_2_" },
					{ "time": 0.4666, "name": null }
				]
			},
			"ar_00007_2_2": {
				"attachment": [
					{ "time": 0, "name": null },
					{ "time": 0.4, "name": "ar_00007_2_" },
					{ "time": 0.4666, "name": null }
				]
			},
			"ar_00008_1_": {
				"attachment": [
					{ "time": 0, "name": null },
					{ "time": 0.4666, "name": "ar_00008_1_" },
					{ "time": 0.5333, "name": null }
				]
			},
			"ar_00008_1_2": {
				"attachment": [
					{ "time": 0, "name": null },
					{ "time": 0.4666, "name": "ar_00008_1_" },
					{ "time": 0.5333, "name": null }
				]
			},
			"ar_00008_2_": {
				"attachment": [
					{ "time": 0, "name": null },
					{ "time": 0.4666, "name": "ar_00008_2_" },
					{ "time": 0.5333, "name": null }
				]
			},
			"ar_00008_2_2": {
				"attachment": [
					{ "time": 0, "name": null },
					{ "time": 0.4666, "name": "ar_00008_2_" },
					{ "time": 0.5333, "name": null }
				]
			},
			"ar_00009_1_": {
				"attachment": [
					{ "time": 0, "name": null },
					{ "time": 0.5333, "name": "ar_00009_1_" },
					{ "time": 0.6, "name": null }
				]
			},
			"ar_00009_1_2": {
				"attachment": [
					{ "time": 0, "name": null },
					{ "time": 0.5333, "name": "ar_00009_1_" },
					{ "time": 0.6, "name": null }
				]
			},
			"ar_00009_2_": {
				"attachment": [
					{ "time": 0, "name": null },
					{ "time": 0.5333, "name": "ar_00009_2_" },
					{ "time": 0.6, "name": null }
				]
			},
			"ar_00009_2_2": {
				"attachment": [
					{ "time": 0, "name": null },
					{ "time": 0.5333, "name": "ar_00009_2_" },
					{ "time": 0.6, "name": null }
				]
			},
			"ar_00010_1_": {
				"attachment": [
					{ "time": 0, "name": null },
					{ "time": 0.6, "name": "ar_00010_1_" },
					{ "time": 0.6666, "name": null }
				]
			},
			"ar_00010_1_2": {
				"attachment": [
					{ "time": 0, "name": null },
					{ "time": 0.6, "name": "ar_00010_1_" },
					{ "time": 0.6666, "name": null }
				]
			},
			"ar_00010_2_": {
				"attachment": [
					{ "time": 0, "name": null },
					{ "time": 0.6, "name": "ar_00010_2_" },
					{ "time": 0.6666, "name": null }
				]
			},
			"ar_00010_2_2": {
				"attachment": [
					{ "time": 0, "name": null },
					{ "time": 0.6, "name": "ar_00010_2_" },
					{ "time": 0.6666, "name": null }
				]
			},
			"ar_00011_1_": {
				"attachment": [
					{ "time": 0, "name": null },
					{ "time": 0.6666, "name": "ar_00011_1_" },
					{ "time": 0.7333, "name": null }
				]
			},
			"ar_00011_1_2": {
				"attachment": [
					{ "time": 0, "name": null },
					{ "time": 0.6666, "name": "ar_00011_1_" },
					{ "time": 0.7333, "name": null }
				]
			},
			"ar_00011_2_": {
				"attachment": [
					{ "time": 0, "name": null },
					{ "time": 0.6666, "name": "ar_00011_2_" },
					{ "time": 0.7333, "name": null }
				]
			},
			"ar_00011_2_2": {
				"attachment": [
					{ "time": 0, "name": null },
					{ "time": 0.6666, "name": "ar_00011_2_" },
					{ "time": 0.7333, "name": null }
				]
			},
			"ar_00012_1_": {
				"attachment": [
					{ "time": 0, "name": null },
					{ "time": 0.7333, "name": "ar_00012_1_" },
					{ "time": 0.8, "name": null }
				]
			},
			"ar_00012_1_2": {
				"attachment": [
					{ "time": 0, "name": null },
					{ "time": 0.7333, "name": "ar_00012_1_" },
					{ "time": 0.8, "name": null }
				]
			},
			"ar_00012_2_": {
				"attachment": [
					{ "time": 0, "name": null },
					{ "time": 0.7333, "name": "ar_00012_2_" },
					{ "time": 0.8, "name": null }
				]
			},
			"ar_00012_2_2": {
				"attachment": [
					{ "time": 0, "name": null },
					{ "time": 0.7333, "name": "ar_00012_2_" },
					{ "time": 0.8, "name": null }
				]
			},
			"ar_00013_1_": {
				"attachment": [
					{ "time": 0, "name": null },
					{ "time": 0.8, "name": "ar_00013_1_" },
					{ "time": 0.8666, "name": null }
				]
			},
			"ar_00013_1_2": {
				"attachment": [
					{ "time": 0, "name": null },
					{ "time": 0.8, "name": "ar_00013_1_" },
					{ "time": 0.8666, "name": null }
				]
			},
			"ar_00013_2_": {
				"attachment": [
					{ "time": 0, "name": null },
					{ "time": 0.8, "name": "ar_00013_2_" },
					{ "time": 0.8666, "name": null }
				]
			},
			"ar_00013_2_2": {
				"attachment": [
					{ "time": 0, "name": null },
					{ "time": 0.8, "name": "ar_00013_2_" },
					{ "time": 0.8666, "name": null }
				]
			},
			"ar_00014_1_": {
				"attachment": [
					{ "time": 0, "name": null },
					{ "time": 0.8666, "name": "ar_00014_1_" },
					{ "time": 0.9333, "name": null }
				]
			},
			"ar_00014_1_2": {
				"attachment": [
					{ "time": 0, "name": null },
					{ "time": 0.8666, "name": "ar_00014_1_" },
					{ "time": 0.9333, "name": null }
				]
			},
			"ar_00014_2_": {
				"attachment": [
					{ "time": 0, "name": null },
					{ "time": 0.8666, "name": "ar_00014_2_" },
					{ "time": 0.9333, "name": null }
				]
			},
			"ar_00014_2_2": {
				"attachment": [
					{ "time": 0, "name": null },
					{ "time": 0.8666, "name": "ar_00014_2_" },
					{ "time": 0.9333, "name": null }
				]
			},
			"ar_00015_1_": {
				"attachment": [
					{ "time": 0, "name": null },
					{ "time": 0.9333, "name": "ar_00015_1_" },
					{ "time": 1, "name": null }
				]
			},
			"ar_00015_1_2": {
				"attachment": [
					{ "time": 0, "name": null },
					{ "time": 0.9333, "name": "ar_00015_1_" },
					{ "time": 1, "name": null }
				]
			},
			"ar_00015_2_": {
				"attachment": [
					{ "time": 0, "name": null },
					{ "time": 0.9333, "name": "ar_00015_2_" },
					{ "time": 1, "name": null }
				]
			},
			"ar_00015_2_2": {
				"attachment": [
					{ "time": 0, "name": null },
					{ "time": 0.9333, "name": "ar_00015_2_" },
					{ "time": 1, "name": null }
				]
			},
			"ar_00016_1_": {
				"attachment": [
					{ "time": 0, "name": null },
					{ "time": 1, "name": "ar_00016_1_" },
					{ "time": 1.0666, "name": null }
				]
			},
			"ar_00016_1_2": {
				"attachment": [
					{ "time": 0, "name": null },
					{ "time": 1, "name": "ar_00016_1_" },
					{ "time": 1.0666, "name": null }
				]
			},
			"ar_00016_2_": {
				"attachment": [
					{ "time": 0, "name": null },
					{ "time": 1, "name": "ar_00016_2_" },
					{ "time": 1.0666, "name": null }
				]
			},
			"ar_00016_2_2": {
				"attachment": [
					{ "time": 0, "name": null },
					{ "time": 1, "name": "ar_00016_2_" },
					{ "time": 1.0666, "name": null }
				]
			},
			"ar_00017_1_": {
				"attachment": [
					{ "time": 0, "name": null },
					{ "time": 1.0666, "name": "ar_00017_1_" },
					{ "time": 1.1333, "name": null }
				]
			},
			"ar_00017_1_2": {
				"attachment": [
					{ "time": 0, "name": null },
					{ "time": 1.0666, "name": "ar_00017_1_" },
					{ "time": 1.1333, "name": null }
				]
			},
			"ar_00017_2_": {
				"attachment": [
					{ "time": 0, "name": null },
					{ "time": 1.0666, "name": "ar_00017_2_" },
					{ "time": 1.1333, "name": null }
				]
			},
			"ar_00017_2_2": {
				"attachment": [
					{ "time": 0, "name": null },
					{ "time": 1.0666, "name": "ar_00017_2_" },
					{ "time": 1.1333, "name": null }
				]
			},
			"ar_00018_1_": {
				"attachment": [
					{ "time": 0, "name": null },
					{ "time": 1.1333, "name": "ar_00018_1_" },
					{ "time": 1.2, "name": null }
				]
			},
			"ar_00018_1_2": {
				"attachment": [
					{ "time": 0, "name": null },
					{ "time": 1.1333, "name": "ar_00018_1_" },
					{ "time": 1.2, "name": null }
				]
			},
			"ar_00018_2_": {
				"attachment": [
					{ "time": 0, "name": null },
					{ "time": 1.1333, "name": "ar_00018_2_" },
					{ "time": 1.2, "name": null }
				]
			},
			"ar_00018_2_2": {
				"attachment": [
					{ "time": 0, "name": null },
					{ "time": 1.1333, "name": "ar_00018_2_" },
					{ "time": 1.2, "name": null }
				]
			},
			"ar_00019_1_": {
				"attachment": [
					{ "time": 0, "name": null },
					{ "time": 1.2, "name": "ar_00019_1_" },
					{ "time": 1.2666, "name": null }
				]
			},
			"ar_00019_1_2": {
				"attachment": [
					{ "time": 0, "name": null },
					{ "time": 1.2, "name": "ar_00019_1_" },
					{ "time": 1.2666, "name": null }
				]
			},
			"ar_00019_2_": {
				"attachment": [
					{ "time": 0, "name": null },
					{ "time": 1.2, "name": "ar_00019_2_" },
					{ "time": 1.2666, "name": null }
				]
			},
			"ar_00019_2_2": {
				"attachment": [
					{ "time": 0, "name": null },
					{ "time": 1.2, "name": "ar_00019_2_" },
					{ "time": 1.2666, "name": null }
				]
			},
			"ar_00020_2": {
				"attachment": [
					{ "time": 0, "name": null },
					{ "time": 1.2666, "name": "ar_00020_2_" },
					{ "time": 1.3333, "name": null }
				]
			},
			"ar_00020_3": {
				"attachment": [
					{ "time": 0, "name": null },
					{ "time": 1.2666, "name": "ar_00020_2_" },
					{ "time": 1.3333, "name": null }
				]
			},
			"ar_00020_1_": {
				"attachment": [
					{ "time": 0, "name": null },
					{ "time": 1.2666, "name": "ar_00020_1_" },
					{ "time": 1.3333, "name": null }
				]
			},
			"ar_00020_1_2": {
				"attachment": [
					{ "time": 0, "name": null },
					{ "time": 1.2666, "name": "ar_00020_1_" },
					{ "time": 1.3333, "name": null }
				]
			},
			"ar_00021_1_": {
				"attachment": [
					{ "time": 0, "name": null },
					{ "time": 1.3333, "name": "ar_00021_1_" },
					{ "time": 1.4, "name": null }
				]
			},
			"ar_00021_1_2": {
				"attachment": [
					{ "time": 0, "name": null },
					{ "time": 1.3333, "name": "ar_00021_1_" },
					{ "time": 1.4, "name": null }
				]
			},
			"ar_00021_2_": {
				"attachment": [
					{ "time": 0, "name": null },
					{ "time": 1.3333, "name": "ar_00021_2_" },
					{ "time": 1.4, "name": null }
				]
			},
			"ar_00021_2_2": {
				"attachment": [
					{ "time": 0, "name": null },
					{ "time": 1.3333, "name": "ar_00021_2_" },
					{ "time": 1.4, "name": null }
				]
			},
			"ar_00022_1_": {
				"attachment": [
					{ "time": 0, "name": null },
					{ "time": 1.4, "name": "ar_00022_1_" },
					{ "time": 1.4666, "name": null }
				]
			},
			"ar_00022_1_2": {
				"attachment": [
					{ "time": 0, "name": null },
					{ "time": 1.4, "name": "ar_00022_1_" },
					{ "time": 1.4666, "name": null }
				]
			},
			"ar_00022_2_": {
				"attachment": [
					{ "time": 0, "name": null },
					{ "time": 1.4, "name": "ar_00022_2_" },
					{ "time": 1.4666, "name": null }
				]
			},
			"ar_00022_2_2": {
				"attachment": [
					{ "time": 0, "name": null },
					{ "time": 1.4, "name": "ar_00022_2_" },
					{ "time": 1.4666, "name": null }
				]
			},
			"ar_00023_1_": {
				"attachment": [
					{ "time": 0, "name": null },
					{ "time": 1.4666, "name": "ar_00023_1_" },
					{ "time": 1.5333, "name": null }
				]
			},
			"ar_00023_1_2": {
				"attachment": [
					{ "time": 0, "name": null },
					{ "time": 1.4666, "name": "ar_00023_1_" },
					{ "time": 1.5333, "name": null }
				]
			},
			"ar_00023_2_": {
				"attachment": [
					{ "time": 0, "name": null },
					{ "time": 1.4666, "name": "ar_00023_2_" },
					{ "time": 1.5333, "name": null }
				]
			},
			"ar_00023_2_2": {
				"attachment": [
					{ "time": 0, "name": null },
					{ "time": 1.4666, "name": "ar_00023_2_" },
					{ "time": 1.5333, "name": null }
				]
			},
			"ar_00024_1_": {
				"attachment": [
					{ "time": 0, "name": null },
					{ "time": 1.5333, "name": "ar_00024_1_" },
					{ "time": 1.6, "name": null }
				]
			},
			"ar_00024_1_2": {
				"attachment": [
					{ "time": 0, "name": null },
					{ "time": 1.5333, "name": "ar_00024_1_" },
					{ "time": 1.6, "name": null }
				]
			},
			"ar_00024_2_": {
				"attachment": [
					{ "time": 0, "name": null },
					{ "time": 1.5333, "name": "ar_00024_2_" },
					{ "time": 1.6, "name": null }
				]
			},
			"ar_00024_2_2": {
				"attachment": [
					{ "time": 0, "name": null },
					{ "time": 1.5333, "name": "ar_00024_2_" },
					{ "time": 1.6, "name": null }
				]
			},
			"ar_00025_1_": {
				"attachment": [
					{ "time": 0, "name": null },
					{ "time": 1.6, "name": "ar_00025_1_" }
				]
			},
			"ar_00025_1_2": {
				"attachment": [
					{ "time": 0, "name": null },
					{ "time": 1.6, "name": "ar_00025_1_" }
				]
			},
			"ar_00025_2_": {
				"attachment": [
					{ "time": 0, "name": null },
					{ "time": 1.6, "name": "ar_00025_2_" }
				]
			},
			"ar_00025_2_2": {
				"attachment": [
					{ "time": 0, "name": null },
					{ "time": 1.6, "name": "ar_00025_2_" }
				]
			}
		},
		"bones": {
			"bone": {
				"translate": [
					{ "time": 0, "x": 6.34, "y": -56.7 }
				]
			},
			"bone2": {
				"translate": [
					{ "time": 0, "x": -12.23, "y": -52.41 }
				],
				"scale": [
					{ "time": 0, "x": 1, "y": 1 }
				]
			}
		}
	}
}
}