{
"skeleton": { "hash": "op8MAvQy/vduRwpoHgtcnm9Gw/8", "spine": "2.1.27", "width": 350, "height": 350 },
"bones": [
	{ "name": "root" },
	{ "name": "bone", "parent": "root", "x": -1.25, "y": 8 }
],
"slots": [
	{ "name": "huolong_000_", "bone": "bone", "attachment": "huolong_009_" }
],
"skins": {
	"default": {
		"huolong_000_": {
			"huolong_000_": { "x": 1.25, "y": 93.28, "width": 350, "height": 350 },
			"huolong_001_": { "x": 1.25, "y": 93.28, "width": 350, "height": 350 },
			"huolong_002_": { "x": 1.25, "y": 93.28, "width": 350, "height": 350 },
			"huolong_003_": { "x": 1.25, "y": 93.28, "width": 350, "height": 350 },
			"huolong_004_": { "x": 1.25, "y": 93.28, "width": 350, "height": 350 },
			"huolong_005_": { "x": 1.25, "y": 93.28, "width": 350, "height": 350 },
			"huolong_006_": { "x": 1.25, "y": 93.28, "width": 350, "height": 350 },
			"huolong_007_": { "x": 1.25, "y": 93.28, "width": 350, "height": 350 },
			"huolong_008_": { "x": 1.25, "y": 93.28, "width": 350, "height": 350 },
			"huolong_009_": { "x": 1.25, "y": 93.28, "width": 350, "height": 350 }
		}
	}
},
"animations": {
	"animation": {
		"slots": {
			"huolong_000_": {
				"attachment": [
					{ "time": 0, "name": "huolong_000_" },
					{ "time": 0.1, "name": "huolong_001_" },
					{ "time": 0.2, "name": "huolong_002_" },
					{ "time": 0.3, "name": "huolong_003_" },
					{ "time": 0.4, "name": "huolong_004_" },
					{ "time": 0.5, "name": "huolong_005_" },
					{ "time": 0.6, "name": "huolong_006_" },
					{ "time": 0.7, "name": "huolong_007_" },
					{ "time": 0.8, "name": "huolong_008_" },
					{ "time": 0.9, "name": "huolong_009_" },
					{ "time": 1, "name": "huolong_000_" }
				]
			}
		},
		"bones": {
			"bone": {
				"rotate": [
					{ "time": 0, "angle": 0 }
				],
				"translate": [
					{ "time": 0, "x": 1.25, "y": -8 }
				],
				"scale": [
					{ "time": 0, "x": 1, "y": 1 }
				]
			}
		}
	}
}
}