{
"skeleton": { "hash": "+I9BMHJhsW/IdrZ2ty3RSiAVH2I", "spine": "2.1.27", "width": 0, "height": 0, "images": "" },
"bones": [
	{ "name": "root" },
	{ "name": "bone", "parent": "root", "length": 85.18, "x": 208.74, "rotation": 270 },
	{ "name": "bone2", "parent": "root", "length": 150.29, "y": -50, "rotation": -90.45 }
],
"slots": [
	{ "name": "yz_0_", "bone": "bone2" },
	{ "name": "bingD_6_028_", "bone": "bone" },
	{ "name": "bingD_6_028_1_", "bone": "bone" },
	{ "name": "bingD_6_028_2_", "bone": "bone" },
	{ "name": "bingD_6_024_", "bone": "bone" },
	{ "name": "bingD_6_024_1_", "bone": "bone" },
	{ "name": "bingD_6_024_2_", "bone": "bone" },
	{ "name": "bingD_6_024_3_", "bone": "bone" },
	{ "name": "bingD_6_024_4_", "bone": "bone" },
	{ "name": "bingD_6_022_", "bone": "bone" },
	{ "name": "bingD_6_022_1_", "bone": "bone" },
	{ "name": "bingD_6_022_2_", "bone": "bone" },
	{ "name": "bingD_6_022_3_", "bone": "bone" },
	{ "name": "bingD_6_022_4_", "bone": "bone" },
	{ "name": "bingD_6_018_", "bone": "bone" },
	{ "name": "bingD_6_018_1_", "bone": "bone" },
	{ "name": "bingD_6_018_2_", "bone": "bone" },
	{ "name": "bingD_6_018_3_", "bone": "bone" },
	{ "name": "bingD_6_014_", "bone": "bone" },
	{ "name": "bingD_6_014_1_", "bone": "bone" },
	{ "name": "bingD_6_014_2_", "bone": "bone" },
	{ "name": "bingD_6_014_3_", "bone": "bone" },
	{ "name": "bingD_6_012_", "bone": "bone" },
	{ "name": "bingD_6_012_1_", "bone": "bone" },
	{ "name": "bingD_6_012_2_", "bone": "bone" },
	{ "name": "bingD_6_010_", "bone": "bone" },
	{ "name": "bingD_6_010_1_", "bone": "bone" },
	{ "name": "bingD_6_010_2_", "bone": "bone" },
	{ "name": "bingD_6_006_", "bone": "bone" },
	{ "name": "bingD_6_006_1_", "bone": "bone" },
	{ "name": "bingD_6_006_2_", "bone": "bone" },
	{ "name": "bingD_6_006_3_", "bone": "bone" },
	{ "name": "bingD_6_004_", "bone": "bone" },
	{ "name": "bingD_6_002_", "bone": "bone" },
	{ "name": "bingD_6_000_", "bone": "bone" },
	{ "name": "bingD_5_028_", "bone": "bone" },
	{ "name": "bingD_5_028_1_", "bone": "bone" },
	{ "name": "bingD_5_028_2_", "bone": "bone" },
	{ "name": "bingD_5_028_3_", "bone": "bone" },
	{ "name": "bingD_5_028_4_", "bone": "bone" },
	{ "name": "bingD_5_028_5_", "bone": "bone" },
	{ "name": "bingD_5_024_", "bone": "bone" },
	{ "name": "bingD_5_024_1_", "bone": "bone" },
	{ "name": "bingD_5_024_2_", "bone": "bone" },
	{ "name": "bingD_5_024_3_", "bone": "bone" },
	{ "name": "bingD_5_024_4_", "bone": "bone" },
	{ "name": "bingD_5_024_5_", "bone": "bone" },
	{ "name": "bingD_5_022_", "bone": "bone" },
	{ "name": "bingD_5_022_1_", "bone": "bone" },
	{ "name": "bingD_5_022_2_", "bone": "bone" },
	{ "name": "bingD_5_022_3_", "bone": "bone" },
	{ "name": "bingD_5_022_4_", "bone": "bone" },
	{ "name": "bingD_5_022_5_", "bone": "bone" },
	{ "name": "bingD_5_022_6_", "bone": "bone" },
	{ "name": "bingD_5_022_7_", "bone": "bone" },
	{ "name": "bingD_5_022_8_", "bone": "bone" },
	{ "name": "bingD_5_018_", "bone": "bone" },
	{ "name": "bingD_5_014_", "bone": "bone" },
	{ "name": "bingD_5_012_", "bone": "bone" },
	{ "name": "bingD_5_010_", "bone": "bone" },
	{ "name": "bingD_5_006_", "bone": "bone" },
	{ "name": "bingD_5_004_", "bone": "bone" },
	{ "name": "bingD_5_002_", "bone": "bone" },
	{ "name": "bingD_5_000_", "bone": "bone" },
	{ "name": "bingD_5_000_1_", "bone": "bone" },
	{ "name": "bingD_5_000_2_", "bone": "bone" },
	{ "name": "bingD_5_000_3_", "bone": "bone" },
	{ "name": "bingD_5_000_4_", "bone": "bone" },
	{ "name": "bingD_4_028_", "bone": "bone" },
	{ "name": "bingD_4_028_5_", "bone": "bone" },
	{ "name": "bingD_4_028_1_", "bone": "bone" },
	{ "name": "bingD_4_028_2_", "bone": "bone" },
	{ "name": "bingD_4_028_3_", "bone": "bone" },
	{ "name": "bingD_4_028_4_", "bone": "bone" },
	{ "name": "bingD_4_024_", "bone": "bone" },
	{ "name": "bingD_4_024_1_", "bone": "bone" },
	{ "name": "bingD_4_024_2_", "bone": "bone" },
	{ "name": "bingD_4_024_3_", "bone": "bone" },
	{ "name": "bingD_4_022_", "bone": "bone" },
	{ "name": "bingD_4_022_1_", "bone": "bone" },
	{ "name": "bingD_4_018_", "bone": "bone" },
	{ "name": "bingD_4_018_1_", "bone": "bone" },
	{ "name": "bingD_4_014_", "bone": "bone" },
	{ "name": "bingD_4_012_", "bone": "bone" },
	{ "name": "bingD_4_010_", "bone": "bone" },
	{ "name": "bingD_4_006_", "bone": "bone" },
	{ "name": "bingD_4_004_", "bone": "bone" },
	{ "name": "bingD_4_002_", "bone": "bone" },
	{ "name": "bingD_4_000_", "bone": "bone" },
	{ "name": "bingD_3_028_", "bone": "bone" },
	{ "name": "bingD_3_024_", "bone": "bone" },
	{ "name": "bingD_3_022_", "bone": "bone" },
	{ "name": "bingD_3_018_", "bone": "bone" },
	{ "name": "bingD_3_018_1_", "bone": "bone" },
	{ "name": "bingD_3_018_2_", "bone": "bone" },
	{ "name": "bingD_3_018_3_", "bone": "bone" },
	{ "name": "bingD_3_018_4_", "bone": "bone" },
	{ "name": "bingD_3_018_5_", "bone": "bone" },
	{ "name": "bingD_3_014_", "bone": "bone" },
	{ "name": "bingD_3_014_1_", "bone": "bone" },
	{ "name": "bingD_3_014_2_", "bone": "bone" },
	{ "name": "bingD_3_014_3_", "bone": "bone" },
	{ "name": "bingD_3_012_", "bone": "bone" },
	{ "name": "bingD_3_012_1_", "bone": "bone" },
	{ "name": "bingD_3_012_2_", "bone": "bone" },
	{ "name": "bingD_3_012_3_", "bone": "bone" },
	{ "name": "bingD_3_010_", "bone": "bone" },
	{ "name": "bingD_3_010_1_", "bone": "bone" },
	{ "name": "bingD_3_010_2_", "bone": "bone" },
	{ "name": "bingD_3_010_3_", "bone": "bone" },
	{ "name": "bingD_3_006_", "bone": "bone" },
	{ "name": "bingD_3_006_1_", "bone": "bone" },
	{ "name": "bingD_3_006_2_", "bone": "bone" },
	{ "name": "bingD_3_006_3_", "bone": "bone" },
	{ "name": "bingD_3_006_4_", "bone": "bone" },
	{ "name": "bingD_3_004_", "bone": "bone" },
	{ "name": "bingD_3_004_1_", "bone": "bone" },
	{ "name": "bingD_3_004_2_", "bone": "bone" },
	{ "name": "bingD_3_002_", "bone": "bone" },
	{ "name": "bingD_3_002_1_", "bone": "bone" },
	{ "name": "bingD_3_002_2_", "bone": "bone" },
	{ "name": "bingD_3_002_3_", "bone": "bone" },
	{ "name": "bingD_3_000_", "bone": "bone" },
	{ "name": "bingD_3_000_1_", "bone": "bone" },
	{ "name": "bingD_3_000_2_", "bone": "bone" },
	{ "name": "bingD_3_000_3_", "bone": "bone" },
	{ "name": "bingD_2_028_", "bone": "bone" },
	{ "name": "bingD_2_028_1_", "bone": "bone" },
	{ "name": "bingD_2_028_2_", "bone": "bone" },
	{ "name": "bingD_2_024_", "bone": "bone" },
	{ "name": "bingD_2_024_1_", "bone": "bone" },
	{ "name": "bingD_2_024_2_", "bone": "bone" },
	{ "name": "bingD_2_022_", "bone": "bone" },
	{ "name": "bingD_2_022_1_", "bone": "bone" },
	{ "name": "bingD_2_022_2_", "bone": "bone" },
	{ "name": "bingD_2_018_", "bone": "bone" },
	{ "name": "bingD_2_018_1_", "bone": "bone" },
	{ "name": "bingD_2_018_2_", "bone": "bone" },
	{ "name": "bingD_2_014_", "bone": "bone" },
	{ "name": "bingD_2_014_1_", "bone": "bone" },
	{ "name": "bingD_2_014_2_", "bone": "bone" },
	{ "name": "bingD_2_014_3_", "bone": "bone" },
	{ "name": "bingD_2_012_", "bone": "bone" },
	{ "name": "bingD_2_012_1_", "bone": "bone" },
	{ "name": "bingD_2_012_2_", "bone": "bone" },
	{ "name": "bingD_2_010_", "bone": "bone" },
	{ "name": "bingD_2_010_1_", "bone": "bone" },
	{ "name": "bingD_2_010_2_", "bone": "bone" },
	{ "name": "bingD_2_010_3_", "bone": "bone" },
	{ "name": "bingD_2_006_", "bone": "bone" },
	{ "name": "bingD_2_006_1_", "bone": "bone" },
	{ "name": "bingD_2_006_2_", "bone": "bone" },
	{ "name": "bingD_2_006_3_", "bone": "bone" },
	{ "name": "bingD_2_006_4_", "bone": "bone" },
	{ "name": "bingD_2_004_", "bone": "bone" },
	{ "name": "bingD_2_004_1_", "bone": "bone" },
	{ "name": "bingD_2_004_2_", "bone": "bone" },
	{ "name": "bingD_2_004_3_", "bone": "bone" },
	{ "name": "bingD_2_004_4_", "bone": "bone" },
	{ "name": "bingD_2_002_", "bone": "bone" },
	{ "name": "bingD_2_002_3_", "bone": "bone" },
	{ "name": "bingD_2_002_2_", "bone": "bone" },
	{ "name": "bingD_2_002_1_", "bone": "bone" },
	{ "name": "bingD_2_000_", "bone": "bone" },
	{ "name": "bingD_2_000_2_", "bone": "bone" },
	{ "name": "bingD_2_000_1_", "bone": "bone" }
],
"skins": {
	"default": {
		"bingD_2_000_": {
			"bingD_2_000_": { "x": -168.5, "y": 3.25, "rotation": 90, "width": 76, "height": 153 }
		},
		"bingD_2_000_1_": {
			"bingD_2_000_1_": { "x": -154, "y": -101.74, "rotation": 90, "width": 134, "height": 138 }
		},
		"bingD_2_000_2_": {
			"bingD_2_000_2_": { "x": -152, "y": 105.25, "rotation": 90, "width": 128, "height": 146 }
		},
		"bingD_2_002_": {
			"bingD_2_002_": { "x": -103.5, "y": 134.25, "rotation": 90, "width": 42, "height": 63 }
		},
		"bingD_2_002_1_": {
			"bingD_2_002_1_": { "x": -153.5, "y": -98.74, "rotation": 90, "width": 126, "height": 147 }
		},
		"bingD_2_002_2_": {
			"bingD_2_002_2_": { "x": -162, "y": 4.75, "rotation": 90, "width": 81, "height": 144 }
		},
		"bingD_2_002_3_": {
			"bingD_2_002_3_": { "x": -172.5, "y": 97.25, "rotation": 90, "width": 104, "height": 83 }
		},
		"bingD_2_004_": {
			"bingD_2_004_": { "x": -160.5, "y": -0.24, "rotation": 90, "width": 79, "height": 145 }
		},
		"bingD_2_004_1_": {
			"bingD_2_004_1_": { "x": -182.5, "y": 71.75, "rotation": 90, "width": 65, "height": 57 }
		},
		"bingD_2_004_2_": {
			"bingD_2_004_2_": { "x": -140, "y": 129.75, "rotation": 90, "width": 51, "height": 124 }
		},
		"bingD_2_004_3_": {
			"bingD_2_004_3_": { "x": -194, "y": -62.74, "rotation": 90, "width": 56, "height": 62 }
		},
		"bingD_2_004_4_": {
			"bingD_2_004_4_": { "x": -145.5, "y": -126.74, "rotation": 90, "width": 72, "height": 101 }
		},
		"bingD_2_006_": {
			"bingD_2_006_": { "x": -166, "y": 133.25, "rotation": 90, "width": 32, "height": 126 }
		},
		"bingD_2_006_1_": {
			"bingD_2_006_1_": { "x": -196, "y": 80.75, "rotation": 90, "width": 83, "height": 86 }
		},
		"bingD_2_006_2_": {
			"bingD_2_006_2_": { "x": -158.5, "y": 2.25, "rotation": 90, "width": 74, "height": 145 }
		},
		"bingD_2_006_3_": {
			"bingD_2_006_3_": { "x": -190.5, "y": -68.74, "rotation": 90, "width": 68, "height": 55 }
		},
		"bingD_2_006_4_": {
			"bingD_2_006_4_": { "x": -169.5, "y": -135.74, "rotation": 90, "width": 66, "height": 111 }
		},
		"bingD_2_010_": {
			"bingD_2_010_": { "x": -122, "y": 1.75, "rotation": 90, "width": 61, "height": 78 }
		},
		"bingD_2_010_1_": {
			"bingD_2_010_1_": { "x": -194, "y": 2.25, "rotation": 90, "width": 114, "height": 76 }
		},
		"bingD_2_010_2_": {
			"bingD_2_010_2_": { "x": -209, "y": 99.25, "rotation": 90, "width": 80, "height": 130 }
		},
		"bingD_2_010_3_": {
			"bingD_2_010_3_": { "x": -218, "y": -96.24, "rotation": 90, "width": 83, "height": 132 }
		},
		"bingD_2_012_": {
			"bingD_2_012_": { "x": -214, "y": 84.75, "rotation": 90, "width": 109, "height": 146 }
		},
		"bingD_2_012_1_": {
			"bingD_2_012_1_": { "x": -156.5, "y": -3.74, "rotation": 90, "width": 84, "height": 149 }
		},
		"bingD_2_012_2_": {
			"bingD_2_012_2_": { "x": -224.5, "y": -91.74, "rotation": 90, "width": 92, "height": 133 }
		},
		"bingD_2_014_": {
			"bingD_2_014_": { "x": -157, "y": 6.75, "rotation": 90, "width": 69, "height": 152 }
		},
		"bingD_2_014_1_": {
			"bingD_2_014_1_": { "x": -161, "y": -37.74, "rotation": 90, "width": 38, "height": 92 }
		},
		"bingD_2_014_2_": {
			"bingD_2_014_2_": { "x": -214, "y": 86.25, "rotation": 90, "width": 96, "height": 136 }
		},
		"bingD_2_014_3_": {
			"bingD_2_014_3_": { "x": -217.5, "y": -95.24, "rotation": 90, "width": 77, "height": 131 }
		},
		"bingD_2_018_": {
			"bingD_2_018_": { "x": -206, "y": 92.25, "rotation": 90, "width": 110, "height": 160 }
		},
		"bingD_2_018_1_": {
			"bingD_2_018_1_": { "x": -161, "y": 8.25, "rotation": 90, "width": 58, "height": 156 }
		},
		"bingD_2_018_2_": {
			"bingD_2_018_2_": { "x": -205.5, "y": -76.24, "rotation": 90, "width": 111, "height": 177 }
		},
		"bingD_2_022_": {
			"bingD_2_022_": { "x": -172.5, "y": 100.75, "rotation": 90, "width": 127, "height": 173 }
		},
		"bingD_2_022_1_": {
			"bingD_2_022_1_": { "x": -164, "y": 4.25, "rotation": 90, "width": 68, "height": 156 }
		},
		"bingD_2_022_2_": {
			"bingD_2_022_2_": { "x": -177.5, "y": -88.24, "rotation": 90, "width": 117, "height": 151 }
		},
		"bingD_2_024_": {
			"bingD_2_024_": { "x": -164, "y": 96.25, "rotation": 90, "width": 122, "height": 192 }
		},
		"bingD_2_024_1_": {
			"bingD_2_024_1_": { "x": -164.5, "y": 7.75, "rotation": 90, "width": 65, "height": 155 }
		},
		"bingD_2_024_2_": {
			"bingD_2_024_2_": { "x": -166.5, "y": -88.24, "rotation": 90, "width": 127, "height": 155 }
		},
		"bingD_2_028_": {
			"bingD_2_028_": { "x": -160.5, "y": 93.75, "rotation": 90, "width": 145, "height": 185 }
		},
		"bingD_2_028_1_": {
			"bingD_2_028_1_": { "x": -165, "y": 7.25, "rotation": 90, "width": 52, "height": 148 }
		},
		"bingD_2_028_2_": {
			"bingD_2_028_2_": { "x": -153, "y": -89.24, "rotation": 90, "width": 141, "height": 156 }
		},
		"bingD_3_000_": {
			"bingD_3_000_": { "x": -167.5, "y": 115.75, "rotation": 90, "width": 65, "height": 67 }
		},
		"bingD_3_000_1_": {
			"bingD_3_000_1_": { "x": -169.5, "y": 45.75, "rotation": 90, "width": 87, "height": 139 }
		},
		"bingD_3_000_2_": {
			"bingD_3_000_2_": { "x": -141.5, "y": -28.74, "rotation": 90, "width": 62, "height": 193 }
		},
		"bingD_3_000_3_": {
			"bingD_3_000_3_": { "x": -129, "y": -98.74, "rotation": 90, "width": 78, "height": 174 }
		},
		"bingD_3_002_": {
			"bingD_3_002_": { "x": -165, "y": 43.25, "rotation": 90, "width": 160, "height": 134 }
		},
		"bingD_3_002_1_": {
			"bingD_3_002_1_": { "x": -170, "y": 119.75, "rotation": 90, "width": 51, "height": 86 }
		},
		"bingD_3_002_2_": {
			"bingD_3_002_2_": { "x": -122, "y": -62.74, "rotation": 90, "width": 72, "height": 198 }
		},
		"bingD_3_002_3_": {
			"bingD_3_002_3_": { "x": -145, "y": -123.24, "rotation": 90, "width": 49, "height": 106 }
		},
		"bingD_3_004_": {
			"bingD_3_004_": { "x": -194.5, "y": 106.75, "rotation": 90, "width": 45, "height": 125 }
		},
		"bingD_3_004_1_": {
			"bingD_3_004_1_": { "x": -170, "y": 20.25, "rotation": 90, "width": 144, "height": 148 }
		},
		"bingD_3_004_2_": {
			"bingD_3_004_2_": { "x": -131.5, "y": -101.24, "rotation": 90, "width": 99, "height": 155 }
		},
		"bingD_3_006_": {
			"bingD_3_006_": { "x": -122.5, "y": 34.25, "rotation": 90, "width": 104, "height": 55 }
		},
		"bingD_3_006_1_": {
			"bingD_3_006_1_": { "x": -179, "y": 11.75, "rotation": 90, "width": 131, "height": 58 }
		},
		"bingD_3_006_2_": {
			"bingD_3_006_2_": { "x": -246, "y": 47.75, "rotation": 90, "width": 89, "height": 76 }
		},
		"bingD_3_006_3_": {
			"bingD_3_006_3_": { "x": -221.5, "y": 109.25, "rotation": 90, "width": 34, "height": 113 }
		},
		"bingD_3_006_4_": {
			"bingD_3_006_4_": { "x": -137.5, "y": -105.74, "rotation": 90, "width": 104, "height": 137 }
		},
		"bingD_3_010_": {
			"bingD_3_010_": { "x": -142.5, "y": 30.25, "rotation": 90, "width": 106, "height": 101 }
		},
		"bingD_3_010_1_": {
			"bingD_3_010_1_": { "x": -248.5, "y": 45.25, "rotation": 90, "width": 132, "height": 129 }
		},
		"bingD_3_010_2_": {
			"bingD_3_010_2_": { "x": -200.5, "y": -45.74, "rotation": 90, "width": 50, "height": 89 }
		},
		"bingD_3_010_3_": {
			"bingD_3_010_3_": { "x": -165.5, "y": -109.24, "rotation": 90, "width": 77, "height": 141 }
		},
		"bingD_3_012_": {
			"bingD_3_012_": { "x": -138.5, "y": 31.75, "rotation": 90, "width": 101, "height": 95 }
		},
		"bingD_3_012_1_": {
			"bingD_3_012_1_": { "x": -248.5, "y": 43.25, "rotation": 90, "width": 124, "height": 139 }
		},
		"bingD_3_012_2_": {
			"bingD_3_012_2_": { "x": -201, "y": -43.24, "rotation": 90, "width": 49, "height": 94 }
		},
		"bingD_3_012_3_": {
			"bingD_3_012_3_": { "x": -173, "y": -108.24, "rotation": 90, "width": 81, "height": 152 }
		},
		"bingD_3_014_": {
			"bingD_3_014_": { "x": -136.5, "y": 28.75, "rotation": 90, "width": 103, "height": 93 }
		},
		"bingD_3_014_1_": {
			"bingD_3_014_1_": { "x": -245.5, "y": 41.25, "rotation": 90, "width": 116, "height": 139 }
		},
		"bingD_3_014_2_": {
			"bingD_3_014_2_": { "x": -193, "y": -53.74, "rotation": 90, "width": 62, "height": 112 }
		},
		"bingD_3_014_3_": {
			"bingD_3_014_3_": { "x": -166, "y": -119.24, "rotation": 90, "width": 69, "height": 132 }
		},
		"bingD_3_018_": {
			"bingD_3_018_": { "x": -123, "y": 21.75, "rotation": 90, "width": 115, "height": 66 }
		},
		"bingD_3_018_1_": {
			"bingD_3_018_1_": { "x": -180.5, "y": 42.75, "rotation": 90, "width": 157, "height": 49 }
		},
		"bingD_3_018_2_": {
			"bingD_3_018_2_": { "x": -238.5, "y": 52.25, "rotation": 90, "width": 162, "height": 67 }
		},
		"bingD_3_018_3_": {
			"bingD_3_018_3_": { "x": -296.5, "y": 72.25, "rotation": 90, "width": 58, "height": 49 }
		},
		"bingD_3_018_4_": {
			"bingD_3_018_4_": { "x": -176.5, "y": -68.74, "rotation": 90, "width": 66, "height": 141 }
		},
		"bingD_3_018_5_": {
			"bingD_3_018_5_": { "x": -163.5, "y": -135.74, "rotation": 90, "width": 68, "height": 103 }
		},
		"bingD_3_022_": {
			"bingD_3_022_": { "x": -168.5, "y": -6.24, "rotation": 90, "width": 303, "height": 209 }
		},
		"bingD_3_024_": {
			"bingD_3_024_": { "x": -155, "y": -0.24, "rotation": 90, "width": 285, "height": 214 }
		},
		"bingD_3_028_": {
			"bingD_3_028_": { "x": -144.5, "y": 8.25, "rotation": 90, "width": 268, "height": 209 }
		},
		"bingD_4_000_": {
			"bingD_4_000_": { "x": -128, "y": -13.74, "rotation": 90, "width": 234, "height": 210 }
		},
		"bingD_4_002_": {
			"bingD_4_002_": { "x": -134.5, "y": -13.74, "rotation": 90, "width": 236, "height": 247 }
		},
		"bingD_4_004_": {
			"bingD_4_004_": { "x": -167, "y": -13.24, "rotation": 90, "width": 239, "height": 246 }
		},
		"bingD_4_006_": {
			"bingD_4_006_": { "x": -175, "y": -14.24, "rotation": 90, "width": 241, "height": 262 }
		},
		"bingD_4_010_": {
			"bingD_4_010_": { "x": -187, "y": -16.24, "rotation": 90, "width": 241, "height": 278 }
		},
		"bingD_4_012_": {
			"bingD_4_012_": { "x": -189, "y": -17.74, "rotation": 90, "width": 240, "height": 282 }
		},
		"bingD_4_014_": {
			"bingD_4_014_": { "x": -184, "y": -18.24, "rotation": 90, "width": 239, "height": 274 }
		},
		"bingD_4_018_": {
			"bingD_4_018_": { "x": -123, "y": -19.24, "rotation": 90, "width": 237, "height": 128 }
		},
		"bingD_4_018_1_": {
			"bingD_4_018_1_": { "x": -250, "y": -0.24, "rotation": 90, "width": 201, "height": 140 }
		},
		"bingD_4_022_": {
			"bingD_4_022_": { "x": -120, "y": -20.24, "rotation": 90, "width": 239, "height": 126 }
		},
		"bingD_4_022_1_": {
			"bingD_4_022_1_": { "x": -239.5, "y": -10.24, "rotation": 90, "width": 221, "height": 113 }
		},
		"bingD_4_024_": {
			"bingD_4_024_": { "x": -141, "y": -87.74, "rotation": 90, "width": 108, "height": 70 }
		},
		"bingD_4_024_1_": {
			"bingD_4_024_1_": { "x": -121, "y": -13.24, "rotation": 90, "width": 41, "height": 116 }
		},
		"bingD_4_024_2_": {
			"bingD_4_024_2_": { "x": -207, "y": -53.74, "rotation": 90, "width": 122, "height": 56 }
		},
		"bingD_4_024_3_": {
			"bingD_4_024_3_": { "x": -165, "y": 53.75, "rotation": 90, "width": 93, "height": 236 }
		},
		"bingD_4_028_": {
			"bingD_4_028_": { "x": -125.5, "y": -78.74, "rotation": 90, "width": 96, "height": 71 }
		},
		"bingD_4_028_1_": {
			"bingD_4_028_1_": { "x": -118.5, "y": -13.24, "rotation": 90, "width": 39, "height": 115 }
		},
		"bingD_4_028_2_": {
			"bingD_4_028_2_": { "x": -202.5, "y": -47.74, "rotation": 90, "width": 108, "height": 53 }
		},
		"bingD_4_028_3_": {
			"bingD_4_028_3_": { "x": -148, "y": 21.25, "rotation": 90, "width": 30, "height": 232 }
		},
		"bingD_4_028_4_": {
			"bingD_4_028_4_": { "x": -126, "y": 69.25, "rotation": 90, "width": 66, "height": 174 }
		},
		"bingD_4_028_5_": {
			"bingD_4_028_5_": { "x": -151.5, "y": -109.74, "rotation": 90, "width": 40, "height": 39 }
		},
		"bingD_5_000_": {
			"bingD_5_000_": { "x": -115.5, "y": -43.74, "rotation": 90, "width": 104, "height": 59 }
		},
		"bingD_5_000_1_": {
			"bingD_5_000_1_": { "x": -191, "y": -66.24, "rotation": 90, "width": 149, "height": 92 }
		},
		"bingD_5_000_2_": {
			"bingD_5_000_2_": { "x": -155.5, "y": 48.25, "rotation": 90, "width": 80, "height": 163 }
		},
		"bingD_5_000_3_": {
			"bingD_5_000_3_": { "x": -122.5, "y": 101.25, "rotation": 90, "width": 26, "height": 101 }
		},
		"bingD_5_000_4_": {
			"bingD_5_000_4_": { "x": -103, "y": 133.25, "rotation": 90, "width": 38, "height": 86 }
		},
		"bingD_5_002_": {
			"bingD_5_002_": { "x": -154.5, "y": 6.25, "rotation": 90, "width": 290, "height": 207 }
		},
		"bingD_5_004_": {
			"bingD_5_004_": { "x": -165, "y": 2.75, "rotation": 90, "width": 281, "height": 232 }
		},
		"bingD_5_006_": {
			"bingD_5_006_": { "x": -164.5, "y": -9.74, "rotation": 90, "width": 276, "height": 253 }
		},
		"bingD_5_010_": {
			"bingD_5_010_": { "x": -173, "y": -9.24, "rotation": 90, "width": 223, "height": 276 }
		},
		"bingD_5_012_": {
			"bingD_5_012_": { "x": -175.5, "y": -13.74, "rotation": 90, "width": 220, "height": 273 }
		},
		"bingD_5_014_": {
			"bingD_5_014_": { "x": -172.5, "y": -15.24, "rotation": 90, "width": 223, "height": 271 }
		},
		"bingD_5_018_": {
			"bingD_5_018_": { "x": -167, "y": -7.74, "rotation": 90, "width": 242, "height": 246 }
		},
		"bingD_5_022_": {
			"bingD_5_022_": { "x": -202.5, "y": -85.24, "rotation": 90, "width": 53, "height": 31 }
		},
		"bingD_5_022_1_": {
			"bingD_5_022_1_": { "x": -172, "y": -94.24, "rotation": 90, "width": 71, "height": 30 }
		},
		"bingD_5_022_2_": {
			"bingD_5_022_2_": { "x": -244.5, "y": -78.74, "rotation": 90, "width": 28, "height": 61 }
		},
		"bingD_5_022_3_": {
			"bingD_5_022_3_": { "x": -187.5, "y": -18.74, "rotation": 90, "width": 80, "height": 65 }
		},
		"bingD_5_022_4_": {
			"bingD_5_022_4_": { "x": -194, "y": 52.25, "rotation": 90, "width": 62, "height": 78 }
		},
		"bingD_5_022_5_": {
			"bingD_5_022_5_": { "x": -142, "y": 25.25, "rotation": 90, "width": 128, "height": 26 }
		},
		"bingD_5_022_6_": {
			"bingD_5_022_6_": { "x": -110.5, "y": -7.24, "rotation": 90, "width": 193, "height": 37 }
		},
		"bingD_5_022_7_": {
			"bingD_5_022_7_": { "x": -83.5, "y": -33.24, "rotation": 90, "width": 31, "height": 17 }
		},
		"bingD_5_022_8_": {
			"bingD_5_022_8_": { "x": -118.5, "y": 107.75, "rotation": 90, "width": 37, "height": 57 }
		},
		"bingD_5_024_": {
			"bingD_5_024_": { "x": -220, "y": 54.75, "rotation": 90, "width": 57, "height": 30 }
		},
		"bingD_5_024_1_": {
			"bingD_5_024_1_": { "x": -233.5, "y": -80.74, "rotation": 90, "width": 30, "height": 57 }
		},
		"bingD_5_024_2_": {
			"bingD_5_024_2_": { "x": -181, "y": -18.24, "rotation": 90, "width": 199, "height": 48 }
		},
		"bingD_5_024_3_": {
			"bingD_5_024_3_": { "x": -145, "y": 26.25, "rotation": 90, "width": 124, "height": 24 }
		},
		"bingD_5_024_4_": {
			"bingD_5_024_4_": { "x": -104, "y": -6.74, "rotation": 90, "width": 190, "height": 58 }
		},
		"bingD_5_024_5_": {
			"bingD_5_024_5_": { "x": -116.5, "y": 109.25, "rotation": 90, "width": 42, "height": 69 }
		},
		"bingD_5_028_": {
			"bingD_5_028_": { "x": -180, "y": -83.74, "rotation": 90, "width": 94, "height": 50 }
		},
		"bingD_5_028_1_": {
			"bingD_5_028_1_": { "x": -145.5, "y": -70.74, "rotation": 90, "width": 16, "height": 19 }
		},
		"bingD_5_028_2_": {
			"bingD_5_028_2_": { "x": -220, "y": -86.74, "rotation": 90, "width": 26, "height": 48 }
		},
		"bingD_5_028_3_": {
			"bingD_5_028_3_": { "x": -105.5, "y": -71.74, "rotation": 90, "width": 52, "height": 31 }
		},
		"bingD_5_028_4_": {
			"bingD_5_028_4_": { "x": -161, "y": 21.25, "rotation": 90, "width": 134, "height": 152 }
		},
		"bingD_5_028_5_": {
			"bingD_5_028_5_": { "x": -116.5, "y": 116.75, "rotation": 90, "width": 57, "height": 107 }
		},
		"bingD_6_000_": {
			"bingD_6_000_": { "x": -156.5, "y": 4.25, "rotation": 90, "width": 338, "height": 179 }
		},
		"bingD_6_002_": {
			"bingD_6_002_": { "x": -155, "y": 8.25, "rotation": 90, "width": 318, "height": 180 }
		},
		"bingD_6_004_": {
			"bingD_6_004_": { "x": -153.5, "y": 8.25, "rotation": 90, "width": 318, "height": 183 }
		},
		"bingD_6_006_": {
			"bingD_6_006_": { "x": -100, "y": 91.25, "rotation": 90, "width": 120, "height": 78 }
		},
		"bingD_6_006_1_": {
			"bingD_6_006_1_": { "x": -191, "y": 101.25, "rotation": 90, "width": 146, "height": 108 }
		},
		"bingD_6_006_2_": {
			"bingD_6_006_2_": { "x": -152.5, "y": -6.24, "rotation": 90, "width": 69, "height": 185 }
		},
		"bingD_6_006_3_": {
			"bingD_6_006_3_": { "x": -161, "y": -92.74, "rotation": 90, "width": 104, "height": 176 }
		},
		"bingD_6_010_": {
			"bingD_6_010_": { "x": -175, "y": 97.25, "rotation": 90, "width": 92, "height": 212 }
		},
		"bingD_6_010_1_": {
			"bingD_6_010_1_": { "x": -161, "y": 8.25, "rotation": 90, "width": 86, "height": 206 }
		},
		"bingD_6_010_2_": {
			"bingD_6_010_2_": { "x": -166.5, "y": -83.74, "rotation": 90, "width": 98, "height": 235 }
		},
		"bingD_6_012_": {
			"bingD_6_012_": { "x": -177, "y": 92.75, "rotation": 90, "width": 99, "height": 206 }
		},
		"bingD_6_012_1_": {
			"bingD_6_012_1_": { "x": -150.5, "y": 5.25, "rotation": 90, "width": 80, "height": 181 }
		},
		"bingD_6_012_2_": {
			"bingD_6_012_2_": { "x": -172, "y": -83.74, "rotation": 90, "width": 98, "height": 220 }
		},
		"bingD_6_014_": {
			"bingD_6_014_": { "x": -210, "y": 95.25, "rotation": 90, "width": 90, "height": 108 }
		},
		"bingD_6_014_1_": {
			"bingD_6_014_1_": { "x": -117.5, "y": 103.75, "rotation": 90, "width": 75, "height": 87 }
		},
		"bingD_6_014_2_": {
			"bingD_6_014_2_": { "x": -151, "y": 8.75, "rotation": 90, "width": 83, "height": 178 }
		},
		"bingD_6_014_3_": {
			"bingD_6_014_3_": { "x": -173, "y": -80.74, "rotation": 90, "width": 96, "height": 194 }
		},
		"bingD_6_018_": {
			"bingD_6_018_": { "x": -121, "y": 83.25, "rotation": 90, "width": 106, "height": 94 }
		},
		"bingD_6_018_1_": {
			"bingD_6_018_1_": { "x": -116, "y": 2.75, "rotation": 90, "width": 65, "height": 98 }
		},
		"bingD_6_018_2_": {
			"bingD_6_018_2_": { "x": -128.5, "y": -61.74, "rotation": 90, "width": 64, "height": 73 }
		},
		"bingD_6_018_3_": {
			"bingD_6_018_3_": { "x": -205, "y": -2.74, "rotation": 90, "width": 278, "height": 80 }
		},
		"bingD_6_022_": {
			"bingD_6_022_": { "x": -157.5, "y": 5.25, "rotation": 90, "width": 72, "height": 171 }
		},
		"bingD_6_022_1_": {
			"bingD_6_022_1_": { "x": -137, "y": 64.75, "rotation": 90, "width": 59, "height": 106 }
		},
		"bingD_6_022_2_": {
			"bingD_6_022_2_": { "x": -178, "y": 123.25, "rotation": 90, "width": 58, "height": 72 }
		},
		"bingD_6_022_3_": {
			"bingD_6_022_3_": { "x": -149.5, "y": -76.24, "rotation": 90, "width": 91, "height": 77 }
		},
		"bingD_6_022_4_": {
			"bingD_6_022_4_": { "x": -176.5, "y": -140.74, "rotation": 90, "width": 38, "height": 91 }
		},
		"bingD_6_024_": {
			"bingD_6_024_": { "x": -158.5, "y": 5.25, "rotation": 90, "width": 64, "height": 171 }
		},
		"bingD_6_024_1_": {
			"bingD_6_024_1_": { "x": -138.5, "y": 50.75, "rotation": 90, "width": 41, "height": 119 }
		},
		"bingD_6_024_2_": {
			"bingD_6_024_2_": { "x": -158.5, "y": 114.25, "rotation": 90, "width": 86, "height": 73 }
		},
		"bingD_6_024_3_": {
			"bingD_6_024_3_": { "x": -160, "y": -71.24, "rotation": 90, "width": 89, "height": 70 }
		},
		"bingD_6_024_4_": {
			"bingD_6_024_4_": { "x": -154.5, "y": -133.74, "rotation": 90, "width": 36, "height": 101 }
		},
		"bingD_6_028_": {
			"bingD_6_028_": { "x": -158.5, "y": 1.25, "rotation": 90, "width": 60, "height": 175 }
		},
		"bingD_6_028_1_": {
			"bingD_6_028_1_": { "x": -145.5, "y": 96.25, "rotation": 90, "width": 136, "height": 125 }
		},
		"bingD_6_028_2_": {
			"bingD_6_028_2_": { "x": -147.5, "y": -92.24, "rotation": 90, "width": 139, "height": 119 }
		},
		"yz_0_": {
			"yz_0_": { "rotation": 90.45, "width": 85, "height": 85 }
		}
	}
},
"animations": {
	"walk_0": {
		"slots": {
			"bingD_4_000_": {
				"attachment": [
					{ "time": 0, "name": "bingD_4_000_" },
					{ "time": 0.1333, "name": null },
					{ "time": 1.5, "name": "bingD_4_000_" }
				]
			},
			"bingD_4_002_": {
				"attachment": [
					{ "time": 0.1333, "name": "bingD_4_002_" },
					{ "time": 0.2666, "name": null }
				]
			},
			"bingD_4_004_": {
				"attachment": [
					{ "time": 0.2666, "name": "bingD_4_004_" },
					{ "time": 0.4, "name": null }
				]
			},
			"bingD_4_006_": {
				"attachment": [
					{ "time": 0.4, "name": "bingD_4_006_" },
					{ "time": 0.5333, "name": null }
				]
			},
			"bingD_4_010_": {
				"attachment": [
					{ "time": 0.5333, "name": "bingD_4_010_" },
					{ "time": 0.6666, "name": null }
				]
			},
			"bingD_4_012_": {
				"attachment": [
					{ "time": 0.6666, "name": "bingD_4_012_" },
					{ "time": 0.8333, "name": null }
				]
			},
			"bingD_4_014_": {
				"attachment": [
					{ "time": 0.8333, "name": "bingD_4_014_" },
					{ "time": 0.9666, "name": null }
				]
			},
			"bingD_4_018_": {
				"attachment": [
					{ "time": 0.9666, "name": "bingD_4_018_" },
					{ "time": 1.1, "name": null }
				]
			},
			"bingD_4_018_1_": {
				"attachment": [
					{ "time": 0.9666, "name": "bingD_4_018_1_" },
					{ "time": 1.1, "name": null }
				]
			},
			"bingD_4_022_": {
				"attachment": [
					{ "time": 1.1, "name": "bingD_4_022_" },
					{ "time": 1.2333, "name": null }
				]
			},
			"bingD_4_022_1_": {
				"attachment": [
					{ "time": 1.1, "name": "bingD_4_022_1_" },
					{ "time": 1.2333, "name": null }
				]
			},
			"bingD_4_024_": {
				"attachment": [
					{ "time": 1.2333, "name": "bingD_4_024_" },
					{ "time": 1.3666, "name": null }
				]
			},
			"bingD_4_024_1_": {
				"attachment": [
					{ "time": 1.2333, "name": "bingD_4_024_1_" },
					{ "time": 1.3666, "name": null }
				]
			},
			"bingD_4_024_2_": {
				"attachment": [
					{ "time": 1.2333, "name": "bingD_4_024_2_" },
					{ "time": 1.3666, "name": null }
				]
			},
			"bingD_4_024_3_": {
				"attachment": [
					{ "time": 1.2333, "name": "bingD_4_024_3_" },
					{ "time": 1.3666, "name": null }
				]
			},
			"bingD_4_028_": {
				"attachment": [
					{ "time": 1.3666, "name": "bingD_4_028_" },
					{ "time": 1.5, "name": null }
				]
			},
			"bingD_4_028_1_": {
				"attachment": [
					{ "time": 1.3666, "name": "bingD_4_028_1_" },
					{ "time": 1.5, "name": null }
				]
			},
			"bingD_4_028_2_": {
				"attachment": [
					{ "time": 1.3666, "name": "bingD_4_028_2_" },
					{ "time": 1.5, "name": null }
				]
			},
			"bingD_4_028_3_": {
				"attachment": [
					{ "time": 1.3666, "name": "bingD_4_028_3_" },
					{ "time": 1.5, "name": null }
				]
			},
			"bingD_4_028_4_": {
				"attachment": [
					{ "time": 1.3666, "name": "bingD_4_028_4_" },
					{ "time": 1.5, "name": null }
				]
			},
			"bingD_4_028_5_": {
				"attachment": [
					{ "time": 1.3666, "name": "bingD_4_028_5_" },
					{ "time": 1.5, "name": null }
				]
			},
			"yz_0_": {
				"attachment": [
					{ "time": 0, "name": "yz_0_" }
				]
			}
		},
		"bones": {
			"bone": {
				"translate": [
					{ "time": 0, "x": -208.74, "y": -90 }
				],
				"scale": [
					{ "time": 0, "x": 1, "y": -1 }
				]
			},
			"bone2": {
				"translate": [
					{ "time": 0, "x": -7.06, "y": 59.14 }
				]
			}
		}
	},
	"walk_1": {
		"slots": {
			"bingD_3_000_": {
				"attachment": [
					{ "time": 0, "name": "bingD_3_000_" },
					{ "time": 0.1333, "name": null },
					{ "time": 1.5, "name": "bingD_3_000_" }
				]
			},
			"bingD_3_000_1_": {
				"attachment": [
					{ "time": 0, "name": "bingD_3_000_1_" },
					{ "time": 0.1333, "name": null },
					{ "time": 1.5, "name": "bingD_3_000_1_" }
				]
			},
			"bingD_3_000_2_": {
				"attachment": [
					{ "time": 0, "name": "bingD_3_000_2_" },
					{ "time": 0.1333, "name": null },
					{ "time": 1.5, "name": "bingD_3_000_2_" }
				]
			},
			"bingD_3_000_3_": {
				"attachment": [
					{ "time": 0, "name": "bingD_3_000_3_" },
					{ "time": 0.1333, "name": null },
					{ "time": 1.5, "name": "bingD_3_000_3_" }
				]
			},
			"bingD_3_002_": {
				"attachment": [
					{ "time": 0.1333, "name": "bingD_3_002_" },
					{ "time": 0.2666, "name": null }
				]
			},
			"bingD_3_002_1_": {
				"attachment": [
					{ "time": 0.1333, "name": "bingD_3_002_1_" },
					{ "time": 0.2666, "name": null }
				]
			},
			"bingD_3_002_2_": {
				"attachment": [
					{ "time": 0.1333, "name": "bingD_3_002_2_" },
					{ "time": 0.2666, "name": null }
				]
			},
			"bingD_3_002_3_": {
				"attachment": [
					{ "time": 0.1333, "name": "bingD_3_002_3_" },
					{ "time": 0.2666, "name": null }
				]
			},
			"bingD_3_004_": {
				"attachment": [
					{ "time": 0.2666, "name": "bingD_3_004_" },
					{ "time": 0.4, "name": null }
				]
			},
			"bingD_3_004_1_": {
				"attachment": [
					{ "time": 0.2666, "name": "bingD_3_004_1_" },
					{ "time": 0.4, "name": null }
				]
			},
			"bingD_3_004_2_": {
				"attachment": [
					{ "time": 0.2666, "name": "bingD_3_004_2_" },
					{ "time": 0.4, "name": null }
				]
			},
			"bingD_3_006_": {
				"attachment": [
					{ "time": 0.4, "name": "bingD_3_006_" },
					{ "time": 0.5333, "name": null }
				]
			},
			"bingD_3_006_1_": {
				"attachment": [
					{ "time": 0.4, "name": "bingD_3_006_1_" },
					{ "time": 0.5333, "name": null }
				]
			},
			"bingD_3_006_2_": {
				"attachment": [
					{ "time": 0.4, "name": "bingD_3_006_2_" },
					{ "time": 0.5333, "name": null }
				]
			},
			"bingD_3_006_3_": {
				"attachment": [
					{ "time": 0.4, "name": "bingD_3_006_3_" },
					{ "time": 0.5333, "name": null }
				]
			},
			"bingD_3_006_4_": {
				"attachment": [
					{ "time": 0.4, "name": "bingD_3_006_4_" },
					{ "time": 0.5333, "name": null }
				]
			},
			"bingD_3_010_": {
				"attachment": [
					{ "time": 0.5333, "name": "bingD_3_010_" },
					{ "time": 0.6666, "name": null }
				]
			},
			"bingD_3_010_1_": {
				"attachment": [
					{ "time": 0.5333, "name": "bingD_3_010_1_" },
					{ "time": 0.6666, "name": null }
				]
			},
			"bingD_3_010_2_": {
				"attachment": [
					{ "time": 0.5333, "name": "bingD_3_010_2_" },
					{ "time": 0.6666, "name": null }
				]
			},
			"bingD_3_010_3_": {
				"attachment": [
					{ "time": 0.5333, "name": "bingD_3_010_3_" },
					{ "time": 0.6666, "name": null }
				]
			},
			"bingD_3_012_": {
				"attachment": [
					{ "time": 0.6666, "name": "bingD_3_012_" },
					{ "time": 0.8, "name": null }
				]
			},
			"bingD_3_012_1_": {
				"attachment": [
					{ "time": 0.6666, "name": "bingD_3_012_1_" },
					{ "time": 0.8, "name": null }
				]
			},
			"bingD_3_012_2_": {
				"attachment": [
					{ "time": 0.6666, "name": "bingD_3_012_2_" },
					{ "time": 0.8, "name": null }
				]
			},
			"bingD_3_012_3_": {
				"attachment": [
					{ "time": 0.6666, "name": "bingD_3_012_3_" },
					{ "time": 0.8, "name": null }
				]
			},
			"bingD_3_014_": {
				"attachment": [
					{ "time": 0.8, "name": "bingD_3_014_" },
					{ "time": 0.9666, "name": null }
				]
			},
			"bingD_3_014_1_": {
				"attachment": [
					{ "time": 0.8, "name": "bingD_3_014_1_" },
					{ "time": 0.9666, "name": null }
				]
			},
			"bingD_3_014_2_": {
				"attachment": [
					{ "time": 0.8, "name": "bingD_3_014_2_" },
					{ "time": 0.9666, "name": null }
				]
			},
			"bingD_3_014_3_": {
				"attachment": [
					{ "time": 0.8, "name": "bingD_3_014_3_" },
					{ "time": 0.9666, "name": null }
				]
			},
			"bingD_3_018_": {
				"attachment": [
					{ "time": 0.9666, "name": "bingD_3_018_" },
					{ "time": 1.1, "name": null }
				]
			},
			"bingD_3_018_1_": {
				"attachment": [
					{ "time": 0.9666, "name": "bingD_3_018_1_" },
					{ "time": 1.1, "name": null }
				]
			},
			"bingD_3_018_2_": {
				"attachment": [
					{ "time": 0.9666, "name": "bingD_3_018_2_" },
					{ "time": 1.1, "name": null }
				]
			},
			"bingD_3_018_3_": {
				"attachment": [
					{ "time": 0.9666, "name": "bingD_3_018_3_" },
					{ "time": 1.1, "name": null }
				]
			},
			"bingD_3_018_4_": {
				"attachment": [
					{ "time": 0.9666, "name": "bingD_3_018_4_" },
					{ "time": 1.1, "name": null }
				]
			},
			"bingD_3_018_5_": {
				"attachment": [
					{ "time": 0.9666, "name": "bingD_3_018_5_" },
					{ "time": 1.1, "name": null }
				]
			},
			"bingD_3_022_": {
				"attachment": [
					{ "time": 1.1, "name": "bingD_3_022_" },
					{ "time": 1.2333, "name": null }
				]
			},
			"bingD_3_024_": {
				"attachment": [
					{ "time": 1.2333, "name": "bingD_3_024_" },
					{ "time": 1.3666, "name": null }
				]
			},
			"bingD_3_028_": {
				"attachment": [
					{ "time": 1.3666, "name": "bingD_3_028_" },
					{ "time": 1.5, "name": null }
				]
			},
			"yz_0_": {
				"attachment": [
					{ "time": 0, "name": "yz_0_" }
				]
			}
		},
		"bones": {
			"bone": {
				"translate": [
					{ "time": 0, "x": -208.74, "y": -90 }
				],
				"scale": [
					{ "time": 0, "x": 1, "y": -1 }
				]
			},
			"bone2": {
				"translate": [
					{ "time": 0, "x": -10.24, "y": 54.14 }
				]
			}
		}
	},
	"walk_2": {
		"slots": {
			"bingD_2_000_": {
				"attachment": [
					{ "time": 0, "name": "bingD_2_000_" },
					{ "time": 0.1333, "name": null },
					{ "time": 1.5, "name": "bingD_2_000_" }
				]
			},
			"bingD_2_000_1_": {
				"attachment": [
					{ "time": 0, "name": "bingD_2_000_1_" },
					{ "time": 0.1333, "name": null },
					{ "time": 1.5, "name": "bingD_2_000_1_" }
				]
			},
			"bingD_2_000_2_": {
				"attachment": [
					{ "time": 0, "name": "bingD_2_000_2_" },
					{ "time": 0.1333, "name": null },
					{ "time": 1.5, "name": "bingD_2_000_2_" }
				]
			},
			"bingD_2_002_": {
				"attachment": [
					{ "time": 0.1333, "name": "bingD_2_002_" },
					{ "time": 0.2666, "name": null }
				]
			},
			"bingD_2_002_1_": {
				"attachment": [
					{ "time": 0.1333, "name": "bingD_2_002_1_" },
					{ "time": 0.2666, "name": null }
				]
			},
			"bingD_2_002_2_": {
				"attachment": [
					{ "time": 0.1333, "name": "bingD_2_002_2_" },
					{ "time": 0.2666, "name": null }
				]
			},
			"bingD_2_002_3_": {
				"attachment": [
					{ "time": 0.1333, "name": "bingD_2_002_3_" },
					{ "time": 0.2666, "name": null }
				]
			},
			"bingD_2_004_": {
				"attachment": [
					{ "time": 0.2666, "name": "bingD_2_004_" },
					{ "time": 0.4, "name": null }
				]
			},
			"bingD_2_004_1_": {
				"attachment": [
					{ "time": 0.2666, "name": "bingD_2_004_1_" },
					{ "time": 0.4, "name": null }
				]
			},
			"bingD_2_004_2_": {
				"attachment": [
					{ "time": 0.2666, "name": "bingD_2_004_2_" },
					{ "time": 0.4, "name": null }
				]
			},
			"bingD_2_004_3_": {
				"attachment": [
					{ "time": 0.2666, "name": "bingD_2_004_3_" },
					{ "time": 0.4, "name": null }
				]
			},
			"bingD_2_004_4_": {
				"attachment": [
					{ "time": 0.2666, "name": "bingD_2_004_4_" },
					{ "time": 0.4, "name": null }
				]
			},
			"bingD_2_006_": {
				"attachment": [
					{ "time": 0.4, "name": "bingD_2_006_" },
					{ "time": 0.5333, "name": null }
				]
			},
			"bingD_2_006_1_": {
				"attachment": [
					{ "time": 0.4, "name": "bingD_2_006_1_" },
					{ "time": 0.5333, "name": null }
				]
			},
			"bingD_2_006_2_": {
				"attachment": [
					{ "time": 0.4, "name": "bingD_2_006_2_" },
					{ "time": 0.5333, "name": null }
				]
			},
			"bingD_2_006_3_": {
				"attachment": [
					{ "time": 0.4, "name": "bingD_2_006_3_" },
					{ "time": 0.5333, "name": null }
				]
			},
			"bingD_2_006_4_": {
				"attachment": [
					{ "time": 0.4, "name": "bingD_2_006_4_" },
					{ "time": 0.5333, "name": null }
				]
			},
			"bingD_2_010_": {
				"attachment": [
					{ "time": 0.5333, "name": "bingD_2_010_" },
					{ "time": 0.6666, "name": null }
				]
			},
			"bingD_2_010_1_": {
				"attachment": [
					{ "time": 0.5333, "name": "bingD_2_010_1_" },
					{ "time": 0.6666, "name": null }
				]
			},
			"bingD_2_010_2_": {
				"attachment": [
					{ "time": 0.5333, "name": "bingD_2_010_2_" },
					{ "time": 0.6666, "name": null }
				]
			},
			"bingD_2_010_3_": {
				"attachment": [
					{ "time": 0.5333, "name": "bingD_2_010_3_" },
					{ "time": 0.6666, "name": null }
				]
			},
			"bingD_2_012_": {
				"attachment": [
					{ "time": 0.6666, "name": "bingD_2_012_" },
					{ "time": 0.8, "name": null }
				]
			},
			"bingD_2_012_1_": {
				"attachment": [
					{ "time": 0.6666, "name": "bingD_2_012_1_" },
					{ "time": 0.8, "name": null }
				]
			},
			"bingD_2_012_2_": {
				"attachment": [
					{ "time": 0.6666, "name": "bingD_2_012_2_" },
					{ "time": 0.8, "name": null }
				]
			},
			"bingD_2_014_": {
				"attachment": [
					{ "time": 0.8, "name": "bingD_2_014_" },
					{ "time": 0.9666, "name": null }
				]
			},
			"bingD_2_014_1_": {
				"attachment": [
					{ "time": 0.8, "name": "bingD_2_014_1_" },
					{ "time": 0.9666, "name": null }
				]
			},
			"bingD_2_014_2_": {
				"attachment": [
					{ "time": 0.8, "name": "bingD_2_014_2_" },
					{ "time": 0.9666, "name": null }
				]
			},
			"bingD_2_014_3_": {
				"attachment": [
					{ "time": 0.8, "name": "bingD_2_014_3_" },
					{ "time": 0.9666, "name": null }
				]
			},
			"bingD_2_018_": {
				"attachment": [
					{ "time": 0.9666, "name": "bingD_2_018_" },
					{ "time": 1.1, "name": null }
				]
			},
			"bingD_2_018_1_": {
				"attachment": [
					{ "time": 0.9666, "name": "bingD_2_018_1_" },
					{ "time": 1.1, "name": null }
				]
			},
			"bingD_2_018_2_": {
				"attachment": [
					{ "time": 0.9666, "name": "bingD_2_018_2_" },
					{ "time": 1.1, "name": null }
				]
			},
			"bingD_2_022_": {
				"attachment": [
					{ "time": 1.1, "name": "bingD_2_022_" },
					{ "time": 1.2333, "name": null }
				]
			},
			"bingD_2_022_1_": {
				"attachment": [
					{ "time": 1.1, "name": "bingD_2_022_1_" },
					{ "time": 1.2333, "name": null }
				]
			},
			"bingD_2_022_2_": {
				"attachment": [
					{ "time": 1.1, "name": "bingD_2_022_2_" },
					{ "time": 1.2333, "name": null }
				]
			},
			"bingD_2_024_": {
				"attachment": [
					{ "time": 1.2333, "name": "bingD_2_024_" },
					{ "time": 1.3666, "name": null }
				]
			},
			"bingD_2_024_1_": {
				"attachment": [
					{ "time": 1.2333, "name": "bingD_2_024_1_" },
					{ "time": 1.3666, "name": null }
				]
			},
			"bingD_2_024_2_": {
				"attachment": [
					{ "time": 1.2333, "name": "bingD_2_024_2_" },
					{ "time": 1.3666, "name": null }
				]
			},
			"bingD_2_028_": {
				"attachment": [
					{ "time": 1.3666, "name": "bingD_2_028_" },
					{ "time": 1.5, "name": null }
				]
			},
			"bingD_2_028_1_": {
				"attachment": [
					{ "time": 1.3666, "name": "bingD_2_028_1_" },
					{ "time": 1.5, "name": null }
				]
			},
			"bingD_2_028_2_": {
				"attachment": [
					{ "time": 1.3666, "name": "bingD_2_028_2_" },
					{ "time": 1.5, "name": null }
				]
			},
			"yz_0_": {
				"attachment": [
					{ "time": 0, "name": "yz_0_" }
				]
			}
		},
		"bones": {
			"bone": {
				"rotate": [
					{ "time": 0, "angle": 0, "curve": "stepped" },
					{ "time": 1.5, "angle": 0 }
				],
				"translate": [
					{ "time": 0, "x": -208.74, "y": -90 }
				],
				"scale": [
					{ "time": 0, "x": 1, "y": 1, "curve": "stepped" },
					{ "time": 1.5, "x": 1, "y": 1 }
				]
			},
			"bone2": {
				"translate": [
					{ "time": 0, "x": 6.55, "y": 52.33 }
				]
			}
		}
	},
	"walk_3": {
		"slots": {
			"bingD_3_000_": {
				"attachment": [
					{ "time": 0, "name": "bingD_3_000_" },
					{ "time": 0.1333, "name": null },
					{ "time": 1.5, "name": "bingD_3_000_" }
				]
			},
			"bingD_3_000_1_": {
				"attachment": [
					{ "time": 0, "name": "bingD_3_000_1_" },
					{ "time": 0.1333, "name": null },
					{ "time": 1.5, "name": "bingD_3_000_1_" }
				]
			},
			"bingD_3_000_2_": {
				"attachment": [
					{ "time": 0, "name": "bingD_3_000_2_" },
					{ "time": 0.1333, "name": null },
					{ "time": 1.5, "name": "bingD_3_000_2_" }
				]
			},
			"bingD_3_000_3_": {
				"attachment": [
					{ "time": 0, "name": "bingD_3_000_3_" },
					{ "time": 0.1333, "name": null },
					{ "time": 1.5, "name": "bingD_3_000_3_" }
				]
			},
			"bingD_3_002_": {
				"attachment": [
					{ "time": 0.1333, "name": "bingD_3_002_" },
					{ "time": 0.2666, "name": null }
				]
			},
			"bingD_3_002_1_": {
				"attachment": [
					{ "time": 0.1333, "name": "bingD_3_002_1_" },
					{ "time": 0.2666, "name": null }
				]
			},
			"bingD_3_002_2_": {
				"attachment": [
					{ "time": 0.1333, "name": "bingD_3_002_2_" },
					{ "time": 0.2666, "name": null }
				]
			},
			"bingD_3_002_3_": {
				"attachment": [
					{ "time": 0.1333, "name": "bingD_3_002_3_" },
					{ "time": 0.2666, "name": null }
				]
			},
			"bingD_3_004_": {
				"attachment": [
					{ "time": 0.2666, "name": "bingD_3_004_" },
					{ "time": 0.4, "name": null }
				]
			},
			"bingD_3_004_1_": {
				"attachment": [
					{ "time": 0.2666, "name": "bingD_3_004_1_" },
					{ "time": 0.4, "name": null }
				]
			},
			"bingD_3_004_2_": {
				"attachment": [
					{ "time": 0.2666, "name": "bingD_3_004_2_" },
					{ "time": 0.4, "name": null }
				]
			},
			"bingD_3_006_": {
				"attachment": [
					{ "time": 0.4, "name": "bingD_3_006_" },
					{ "time": 0.5333, "name": null }
				]
			},
			"bingD_3_006_1_": {
				"attachment": [
					{ "time": 0.4, "name": "bingD_3_006_1_" },
					{ "time": 0.5333, "name": null }
				]
			},
			"bingD_3_006_2_": {
				"attachment": [
					{ "time": 0.4, "name": "bingD_3_006_2_" },
					{ "time": 0.5333, "name": null }
				]
			},
			"bingD_3_006_3_": {
				"attachment": [
					{ "time": 0.4, "name": "bingD_3_006_3_" },
					{ "time": 0.5333, "name": null }
				]
			},
			"bingD_3_006_4_": {
				"attachment": [
					{ "time": 0.4, "name": "bingD_3_006_4_" },
					{ "time": 0.5333, "name": null }
				]
			},
			"bingD_3_010_": {
				"attachment": [
					{ "time": 0.5333, "name": "bingD_3_010_" },
					{ "time": 0.6666, "name": null }
				]
			},
			"bingD_3_010_1_": {
				"attachment": [
					{ "time": 0.5333, "name": "bingD_3_010_1_" },
					{ "time": 0.6666, "name": null }
				]
			},
			"bingD_3_010_2_": {
				"attachment": [
					{ "time": 0.5333, "name": "bingD_3_010_2_" },
					{ "time": 0.6666, "name": null }
				]
			},
			"bingD_3_010_3_": {
				"attachment": [
					{ "time": 0.5333, "name": "bingD_3_010_3_" },
					{ "time": 0.6666, "name": null }
				]
			},
			"bingD_3_012_": {
				"attachment": [
					{ "time": 0.6666, "name": "bingD_3_012_" },
					{ "time": 0.8, "name": null }
				]
			},
			"bingD_3_012_1_": {
				"attachment": [
					{ "time": 0.6666, "name": "bingD_3_012_1_" },
					{ "time": 0.8, "name": null }
				]
			},
			"bingD_3_012_2_": {
				"attachment": [
					{ "time": 0.6666, "name": "bingD_3_012_2_" },
					{ "time": 0.8, "name": null }
				]
			},
			"bingD_3_012_3_": {
				"attachment": [
					{ "time": 0.6666, "name": "bingD_3_012_3_" },
					{ "time": 0.8, "name": null }
				]
			},
			"bingD_3_014_": {
				"attachment": [
					{ "time": 0.8, "name": "bingD_3_014_" },
					{ "time": 0.9666, "name": null }
				]
			},
			"bingD_3_014_1_": {
				"attachment": [
					{ "time": 0.8, "name": "bingD_3_014_1_" },
					{ "time": 0.9666, "name": null }
				]
			},
			"bingD_3_014_2_": {
				"attachment": [
					{ "time": 0.8, "name": "bingD_3_014_2_" },
					{ "time": 0.9666, "name": null }
				]
			},
			"bingD_3_014_3_": {
				"attachment": [
					{ "time": 0.8, "name": "bingD_3_014_3_" },
					{ "time": 0.9666, "name": null }
				]
			},
			"bingD_3_018_": {
				"attachment": [
					{ "time": 0.9666, "name": "bingD_3_018_" },
					{ "time": 1.1, "name": null }
				]
			},
			"bingD_3_018_1_": {
				"attachment": [
					{ "time": 0.9666, "name": "bingD_3_018_1_" },
					{ "time": 1.1, "name": null }
				]
			},
			"bingD_3_018_2_": {
				"attachment": [
					{ "time": 0.9666, "name": "bingD_3_018_2_" },
					{ "time": 1.1, "name": null }
				]
			},
			"bingD_3_018_3_": {
				"attachment": [
					{ "time": 0.9666, "name": "bingD_3_018_3_" },
					{ "time": 1.1, "name": null }
				]
			},
			"bingD_3_018_4_": {
				"attachment": [
					{ "time": 0.9666, "name": "bingD_3_018_4_" },
					{ "time": 1.1, "name": null }
				]
			},
			"bingD_3_018_5_": {
				"attachment": [
					{ "time": 0.9666, "name": "bingD_3_018_5_" },
					{ "time": 1.1, "name": null }
				]
			},
			"bingD_3_022_": {
				"attachment": [
					{ "time": 1.1, "name": "bingD_3_022_" },
					{ "time": 1.2333, "name": null }
				]
			},
			"bingD_3_024_": {
				"attachment": [
					{ "time": 1.2333, "name": "bingD_3_024_" },
					{ "time": 1.3666, "name": null }
				]
			},
			"bingD_3_028_": {
				"attachment": [
					{ "time": 1.3666, "name": "bingD_3_028_" },
					{ "time": 1.5, "name": null }
				]
			},
			"yz_0_": {
				"attachment": [
					{ "time": 0, "name": "yz_0_" }
				]
			}
		},
		"bones": {
			"bone": {
				"translate": [
					{ "time": 0, "x": -208.74, "y": -90 }
				]
			},
			"bone2": {
				"translate": [
					{ "time": 0, "x": 7.91, "y": 61.86 }
				]
			}
		}
	},
	"walk_4": {
		"slots": {
			"bingD_4_000_": {
				"attachment": [
					{ "time": 0, "name": "bingD_4_000_" },
					{ "time": 0.1333, "name": null },
					{ "time": 1.5, "name": "bingD_4_000_" }
				]
			},
			"bingD_4_002_": {
				"attachment": [
					{ "time": 0.1333, "name": "bingD_4_002_" },
					{ "time": 0.2666, "name": null }
				]
			},
			"bingD_4_004_": {
				"attachment": [
					{ "time": 0.2666, "name": "bingD_4_004_" },
					{ "time": 0.4, "name": null }
				]
			},
			"bingD_4_006_": {
				"attachment": [
					{ "time": 0.4, "name": "bingD_4_006_" },
					{ "time": 0.5333, "name": null }
				]
			},
			"bingD_4_010_": {
				"attachment": [
					{ "time": 0.5333, "name": "bingD_4_010_" },
					{ "time": 0.6666, "name": null }
				]
			},
			"bingD_4_012_": {
				"attachment": [
					{ "time": 0.6666, "name": "bingD_4_012_" },
					{ "time": 0.8333, "name": null }
				]
			},
			"bingD_4_014_": {
				"attachment": [
					{ "time": 0.8333, "name": "bingD_4_014_" },
					{ "time": 0.9666, "name": null }
				]
			},
			"bingD_4_018_": {
				"attachment": [
					{ "time": 0.9666, "name": "bingD_4_018_" },
					{ "time": 1.1, "name": null }
				]
			},
			"bingD_4_018_1_": {
				"attachment": [
					{ "time": 0.9666, "name": "bingD_4_018_1_" },
					{ "time": 1.1, "name": null }
				]
			},
			"bingD_4_022_": {
				"attachment": [
					{ "time": 1.1, "name": "bingD_4_022_" },
					{ "time": 1.2333, "name": null }
				]
			},
			"bingD_4_022_1_": {
				"attachment": [
					{ "time": 1.1, "name": "bingD_4_022_1_" },
					{ "time": 1.2333, "name": null }
				]
			},
			"bingD_4_024_": {
				"attachment": [
					{ "time": 1.2333, "name": "bingD_4_024_" },
					{ "time": 1.3666, "name": null }
				]
			},
			"bingD_4_024_1_": {
				"attachment": [
					{ "time": 1.2333, "name": "bingD_4_024_1_" },
					{ "time": 1.3666, "name": null }
				]
			},
			"bingD_4_024_2_": {
				"attachment": [
					{ "time": 1.2333, "name": "bingD_4_024_2_" },
					{ "time": 1.3666, "name": null }
				]
			},
			"bingD_4_024_3_": {
				"attachment": [
					{ "time": 1.2333, "name": "bingD_4_024_3_" },
					{ "time": 1.3666, "name": null }
				]
			},
			"bingD_4_028_": {
				"attachment": [
					{ "time": 1.3666, "name": "bingD_4_028_" },
					{ "time": 1.5, "name": null }
				]
			},
			"bingD_4_028_1_": {
				"attachment": [
					{ "time": 1.3666, "name": "bingD_4_028_1_" },
					{ "time": 1.5, "name": null }
				]
			},
			"bingD_4_028_2_": {
				"attachment": [
					{ "time": 1.3666, "name": "bingD_4_028_2_" },
					{ "time": 1.5, "name": null }
				]
			},
			"bingD_4_028_3_": {
				"attachment": [
					{ "time": 1.3666, "name": "bingD_4_028_3_" },
					{ "time": 1.5, "name": null }
				]
			},
			"bingD_4_028_4_": {
				"attachment": [
					{ "time": 1.3666, "name": "bingD_4_028_4_" },
					{ "time": 1.5, "name": null }
				]
			},
			"bingD_4_028_5_": {
				"attachment": [
					{ "time": 1.3666, "name": "bingD_4_028_5_" },
					{ "time": 1.5, "name": null }
				]
			},
			"yz_0_": {
				"attachment": [
					{ "time": 0, "name": "yz_0_" }
				]
			}
		},
		"bones": {
			"bone": {
				"translate": [
					{ "time": 0, "x": -208.74, "y": -90 }
				]
			},
			"bone2": {
				"translate": [
					{ "time": 0, "x": 12.45, "y": 65.04 }
				]
			}
		}
	},
	"walk_5": {
		"slots": {
			"bingD_5_000_": {
				"attachment": [
					{ "time": 0, "name": "bingD_5_000_" },
					{ "time": 0.1333, "name": null },
					{ "time": 1.5, "name": "bingD_5_000_" }
				]
			},
			"bingD_5_000_1_": {
				"attachment": [
					{ "time": 0, "name": "bingD_5_000_1_" },
					{ "time": 0.1333, "name": null },
					{ "time": 1.5, "name": "bingD_5_000_1_" }
				]
			},
			"bingD_5_000_2_": {
				"attachment": [
					{ "time": 0, "name": "bingD_5_000_2_" },
					{ "time": 0.1333, "name": null },
					{ "time": 1.5, "name": "bingD_5_000_2_" }
				]
			},
			"bingD_5_000_3_": {
				"attachment": [
					{ "time": 0, "name": "bingD_5_000_3_" },
					{ "time": 0.1333, "name": null },
					{ "time": 1.5, "name": "bingD_5_000_3_" }
				]
			},
			"bingD_5_000_4_": {
				"attachment": [
					{ "time": 0, "name": "bingD_5_000_4_" },
					{ "time": 0.1333, "name": null },
					{ "time": 1.5, "name": "bingD_5_000_4_" }
				]
			},
			"bingD_5_002_": {
				"attachment": [
					{ "time": 0.1333, "name": "bingD_5_002_" },
					{ "time": 0.2666, "name": null }
				]
			},
			"bingD_5_004_": {
				"attachment": [
					{ "time": 0.2666, "name": "bingD_5_004_" },
					{ "time": 0.4, "name": null }
				]
			},
			"bingD_5_006_": {
				"attachment": [
					{ "time": 0.4, "name": "bingD_5_006_" },
					{ "time": 0.5666, "name": null }
				]
			},
			"bingD_5_010_": {
				"attachment": [
					{ "time": 0.5666, "name": "bingD_5_010_" },
					{ "time": 0.7, "name": null }
				]
			},
			"bingD_5_012_": {
				"attachment": [
					{ "time": 0.7, "name": "bingD_5_012_" },
					{ "time": 0.8333, "name": null }
				]
			},
			"bingD_5_014_": {
				"attachment": [
					{ "time": 0.8333, "name": "bingD_5_014_" },
					{ "time": 0.9666, "name": null }
				]
			},
			"bingD_5_018_": {
				"attachment": [
					{ "time": 0.9666, "name": "bingD_5_018_" },
					{ "time": 1.1, "name": null }
				]
			},
			"bingD_5_022_": {
				"attachment": [
					{ "time": 1.1, "name": "bingD_5_022_" },
					{ "time": 1.2333, "name": null },
					{ "time": 1.3666, "name": null }
				]
			},
			"bingD_5_022_1_": {
				"attachment": [
					{ "time": 1.1, "name": "bingD_5_022_1_" },
					{ "time": 1.2333, "name": null },
					{ "time": 1.3666, "name": null }
				]
			},
			"bingD_5_022_2_": {
				"attachment": [
					{ "time": 1.1, "name": "bingD_5_022_2_" },
					{ "time": 1.2333, "name": null },
					{ "time": 1.3666, "name": null }
				]
			},
			"bingD_5_022_3_": {
				"attachment": [
					{ "time": 1.1, "name": "bingD_5_022_3_" },
					{ "time": 1.2333, "name": null },
					{ "time": 1.3666, "name": null }
				]
			},
			"bingD_5_022_4_": {
				"attachment": [
					{ "time": 1.1, "name": "bingD_5_022_4_" },
					{ "time": 1.2333, "name": null },
					{ "time": 1.3666, "name": null }
				]
			},
			"bingD_5_022_5_": {
				"attachment": [
					{ "time": 1.1, "name": "bingD_5_022_5_" },
					{ "time": 1.2333, "name": null },
					{ "time": 1.3666, "name": null }
				]
			},
			"bingD_5_022_6_": {
				"attachment": [
					{ "time": 1.1, "name": "bingD_5_022_6_" },
					{ "time": 1.2333, "name": null },
					{ "time": 1.3666, "name": null }
				]
			},
			"bingD_5_022_7_": {
				"attachment": [
					{ "time": 1.1, "name": "bingD_5_022_7_" },
					{ "time": 1.2333, "name": null },
					{ "time": 1.3666, "name": null }
				]
			},
			"bingD_5_022_8_": {
				"attachment": [
					{ "time": 1.1, "name": "bingD_5_022_8_" },
					{ "time": 1.2333, "name": null },
					{ "time": 1.3666, "name": null }
				]
			},
			"bingD_5_024_": {
				"attachment": [
					{ "time": 1.2333, "name": "bingD_5_024_" },
					{ "time": 1.3666, "name": null },
					{ "time": 1.5, "name": null }
				]
			},
			"bingD_5_024_1_": {
				"attachment": [
					{ "time": 1.2333, "name": "bingD_5_024_1_" },
					{ "time": 1.3666, "name": null },
					{ "time": 1.5, "name": null }
				]
			},
			"bingD_5_024_2_": {
				"attachment": [
					{ "time": 1.2333, "name": "bingD_5_024_2_" },
					{ "time": 1.3666, "name": null },
					{ "time": 1.5, "name": null }
				]
			},
			"bingD_5_024_3_": {
				"attachment": [
					{ "time": 1.2333, "name": "bingD_5_024_3_" },
					{ "time": 1.3666, "name": null },
					{ "time": 1.5, "name": null }
				]
			},
			"bingD_5_024_4_": {
				"attachment": [
					{ "time": 1.2333, "name": "bingD_5_024_4_" },
					{ "time": 1.3666, "name": null },
					{ "time": 1.5, "name": null }
				]
			},
			"bingD_5_024_5_": {
				"attachment": [
					{ "time": 1.2333, "name": "bingD_5_024_5_" },
					{ "time": 1.3666, "name": null },
					{ "time": 1.5, "name": null }
				]
			},
			"bingD_5_028_": {
				"attachment": [
					{ "time": 1.3666, "name": "bingD_5_028_" },
					{ "time": 1.5, "name": null }
				]
			},
			"bingD_5_028_1_": {
				"attachment": [
					{ "time": 1.3666, "name": "bingD_5_028_1_" },
					{ "time": 1.5, "name": null }
				]
			},
			"bingD_5_028_2_": {
				"attachment": [
					{ "time": 1.3666, "name": "bingD_5_028_2_" },
					{ "time": 1.5, "name": null }
				]
			},
			"bingD_5_028_3_": {
				"attachment": [
					{ "time": 1.3666, "name": "bingD_5_028_3_" },
					{ "time": 1.5, "name": null }
				]
			},
			"bingD_5_028_4_": {
				"attachment": [
					{ "time": 1.3666, "name": "bingD_5_028_4_" },
					{ "time": 1.5, "name": null }
				]
			},
			"bingD_5_028_5_": {
				"attachment": [
					{ "time": 1.3666, "name": "bingD_5_028_5_" },
					{ "time": 1.5, "name": null }
				]
			},
			"yz_0_": {
				"attachment": [
					{ "time": 0, "name": "yz_0_" }
				]
			}
		},
		"bones": {
			"bone": {
				"translate": [
					{ "time": 0, "x": -208.74, "y": -90 }
				]
			},
			"bone2": {
				"translate": [
					{ "time": 0, "x": 8.37, "y": 66.4 }
				]
			}
		}
	},
	"walk_6": {
		"slots": {
			"bingD_6_000_": {
				"attachment": [
					{ "time": 0, "name": "bingD_6_000_" },
					{ "time": 0.1333, "name": null },
					{ "time": 1.5, "name": "bingD_6_000_" }
				]
			},
			"bingD_6_002_": {
				"attachment": [
					{ "time": 0.1333, "name": "bingD_6_002_" },
					{ "time": 0.2666, "name": null }
				]
			},
			"bingD_6_004_": {
				"attachment": [
					{ "time": 0.2666, "name": "bingD_6_004_" },
					{ "time": 0.4, "name": null }
				]
			},
			"bingD_6_006_": {
				"attachment": [
					{ "time": 0.4, "name": "bingD_6_006_" },
					{ "time": 0.5333, "name": null }
				]
			},
			"bingD_6_006_1_": {
				"attachment": [
					{ "time": 0.4, "name": "bingD_6_006_1_" },
					{ "time": 0.5333, "name": null }
				]
			},
			"bingD_6_006_2_": {
				"attachment": [
					{ "time": 0.4, "name": "bingD_6_006_2_" },
					{ "time": 0.5333, "name": null }
				]
			},
			"bingD_6_006_3_": {
				"attachment": [
					{ "time": 0.4, "name": "bingD_6_006_3_" },
					{ "time": 0.5333, "name": null }
				]
			},
			"bingD_6_010_": {
				"attachment": [
					{ "time": 0.5333, "name": "bingD_6_010_" },
					{ "time": 0.7, "name": null }
				]
			},
			"bingD_6_010_1_": {
				"attachment": [
					{ "time": 0.5333, "name": "bingD_6_010_1_" },
					{ "time": 0.7, "name": null }
				]
			},
			"bingD_6_010_2_": {
				"attachment": [
					{ "time": 0.5333, "name": "bingD_6_010_2_" },
					{ "time": 0.7, "name": null }
				]
			},
			"bingD_6_012_": {
				"attachment": [
					{ "time": 0.7, "name": "bingD_6_012_" },
					{ "time": 0.8333, "name": null }
				]
			},
			"bingD_6_012_1_": {
				"attachment": [
					{ "time": 0.7, "name": "bingD_6_012_1_" },
					{ "time": 0.8333, "name": null }
				]
			},
			"bingD_6_012_2_": {
				"attachment": [
					{ "time": 0.7, "name": "bingD_6_012_2_" },
					{ "time": 0.8333, "name": null }
				]
			},
			"bingD_6_014_": {
				"attachment": [
					{ "time": 0.8333, "name": "bingD_6_014_" },
					{ "time": 0.9666, "name": null }
				]
			},
			"bingD_6_014_1_": {
				"attachment": [
					{ "time": 0.8333, "name": "bingD_6_014_1_" },
					{ "time": 0.9666, "name": null }
				]
			},
			"bingD_6_014_2_": {
				"attachment": [
					{ "time": 0.8333, "name": "bingD_6_014_2_" },
					{ "time": 0.9666, "name": null }
				]
			},
			"bingD_6_014_3_": {
				"attachment": [
					{ "time": 0.8333, "name": "bingD_6_014_3_" },
					{ "time": 0.9666, "name": null }
				]
			},
			"bingD_6_018_": {
				"attachment": [
					{ "time": 0.9666, "name": "bingD_6_018_" },
					{ "time": 1.1, "name": null }
				]
			},
			"bingD_6_018_1_": {
				"attachment": [
					{ "time": 0.9666, "name": "bingD_6_018_1_" },
					{ "time": 1.1, "name": null }
				]
			},
			"bingD_6_018_2_": {
				"attachment": [
					{ "time": 0.9666, "name": "bingD_6_018_2_" },
					{ "time": 1.1, "name": null }
				]
			},
			"bingD_6_018_3_": {
				"attachment": [
					{ "time": 0.9666, "name": "bingD_6_018_3_" },
					{ "time": 1.1, "name": null }
				]
			},
			"bingD_6_022_": {
				"attachment": [
					{ "time": 1.1, "name": "bingD_6_022_" },
					{ "time": 1.2333, "name": null }
				]
			},
			"bingD_6_022_1_": {
				"attachment": [
					{ "time": 1.1, "name": "bingD_6_022_1_" },
					{ "time": 1.2333, "name": null }
				]
			},
			"bingD_6_022_2_": {
				"attachment": [
					{ "time": 1.1, "name": "bingD_6_022_2_" },
					{ "time": 1.2333, "name": null }
				]
			},
			"bingD_6_022_3_": {
				"attachment": [
					{ "time": 1.1, "name": "bingD_6_022_3_" },
					{ "time": 1.2333, "name": null }
				]
			},
			"bingD_6_022_4_": {
				"attachment": [
					{ "time": 1.1, "name": "bingD_6_022_4_" },
					{ "time": 1.2333, "name": null }
				]
			},
			"bingD_6_024_": {
				"attachment": [
					{ "time": 1.2333, "name": "bingD_6_024_" },
					{ "time": 1.3666, "name": null }
				]
			},
			"bingD_6_024_1_": {
				"attachment": [
					{ "time": 1.2333, "name": "bingD_6_024_1_" },
					{ "time": 1.3666, "name": null }
				]
			},
			"bingD_6_024_2_": {
				"attachment": [
					{ "time": 1.2333, "name": "bingD_6_024_2_" },
					{ "time": 1.3666, "name": null }
				]
			},
			"bingD_6_024_3_": {
				"attachment": [
					{ "time": 1.2333, "name": "bingD_6_024_3_" },
					{ "time": 1.3666, "name": null }
				]
			},
			"bingD_6_024_4_": {
				"attachment": [
					{ "time": 1.2333, "name": "bingD_6_024_4_" },
					{ "time": 1.3666, "name": null }
				]
			},
			"bingD_6_028_": {
				"attachment": [
					{ "time": 1.3666, "name": "bingD_6_028_" },
					{ "time": 1.5, "name": null }
				]
			},
			"bingD_6_028_1_": {
				"attachment": [
					{ "time": 1.3666, "name": "bingD_6_028_1_" },
					{ "time": 1.5, "name": null }
				]
			},
			"bingD_6_028_2_": {
				"attachment": [
					{ "time": 1.3666, "name": "bingD_6_028_2_" },
					{ "time": 1.5, "name": null }
				]
			},
			"yz_0_": {
				"attachment": [
					{ "time": 0, "name": "yz_0_" }
				]
			}
		},
		"bones": {
			"bone": {
				"translate": [
					{ "time": 0, "x": -208.74, "y": -90 }
				]
			},
			"bone2": {
				"translate": [
					{ "time": 0, "x": 5.19, "y": 79.11 }
				]
			}
		}
	},
	"walk_7": {
		"slots": {
			"bingD_5_000_": {
				"attachment": [
					{ "time": 0, "name": "bingD_5_000_" },
					{ "time": 0.1333, "name": null },
					{ "time": 1.5, "name": "bingD_5_000_" }
				]
			},
			"bingD_5_000_1_": {
				"attachment": [
					{ "time": 0, "name": "bingD_5_000_1_" },
					{ "time": 0.1333, "name": null },
					{ "time": 1.5, "name": "bingD_5_000_1_" }
				]
			},
			"bingD_5_000_2_": {
				"attachment": [
					{ "time": 0, "name": "bingD_5_000_2_" },
					{ "time": 0.1333, "name": null },
					{ "time": 1.5, "name": "bingD_5_000_2_" }
				]
			},
			"bingD_5_000_3_": {
				"attachment": [
					{ "time": 0, "name": "bingD_5_000_3_" },
					{ "time": 0.1333, "name": null },
					{ "time": 1.5, "name": "bingD_5_000_3_" }
				]
			},
			"bingD_5_000_4_": {
				"attachment": [
					{ "time": 0, "name": "bingD_5_000_4_" },
					{ "time": 0.1333, "name": null },
					{ "time": 1.5, "name": "bingD_5_000_4_" }
				]
			},
			"bingD_5_002_": {
				"attachment": [
					{ "time": 0.1333, "name": "bingD_5_002_" },
					{ "time": 0.2666, "name": null }
				]
			},
			"bingD_5_004_": {
				"attachment": [
					{ "time": 0.2666, "name": "bingD_5_004_" },
					{ "time": 0.4, "name": null }
				]
			},
			"bingD_5_006_": {
				"attachment": [
					{ "time": 0.4, "name": "bingD_5_006_" },
					{ "time": 0.5666, "name": null }
				]
			},
			"bingD_5_010_": {
				"attachment": [
					{ "time": 0.5666, "name": "bingD_5_010_" },
					{ "time": 0.7, "name": null }
				]
			},
			"bingD_5_012_": {
				"attachment": [
					{ "time": 0.7, "name": "bingD_5_012_" },
					{ "time": 0.8333, "name": null }
				]
			},
			"bingD_5_014_": {
				"attachment": [
					{ "time": 0.8333, "name": "bingD_5_014_" },
					{ "time": 0.9666, "name": null }
				]
			},
			"bingD_5_018_": {
				"attachment": [
					{ "time": 0.9666, "name": "bingD_5_018_" },
					{ "time": 1.1, "name": null }
				]
			},
			"bingD_5_022_": {
				"attachment": [
					{ "time": 1.1, "name": "bingD_5_022_" },
					{ "time": 1.2333, "name": null },
					{ "time": 1.3666, "name": null }
				]
			},
			"bingD_5_022_1_": {
				"attachment": [
					{ "time": 1.1, "name": "bingD_5_022_1_" },
					{ "time": 1.2333, "name": null },
					{ "time": 1.3666, "name": null }
				]
			},
			"bingD_5_022_2_": {
				"attachment": [
					{ "time": 1.1, "name": "bingD_5_022_2_" },
					{ "time": 1.2333, "name": null },
					{ "time": 1.3666, "name": null }
				]
			},
			"bingD_5_022_3_": {
				"attachment": [
					{ "time": 1.1, "name": "bingD_5_022_3_" },
					{ "time": 1.2333, "name": null },
					{ "time": 1.3666, "name": null }
				]
			},
			"bingD_5_022_4_": {
				"attachment": [
					{ "time": 1.1, "name": "bingD_5_022_4_" },
					{ "time": 1.2333, "name": null },
					{ "time": 1.3666, "name": null }
				]
			},
			"bingD_5_022_5_": {
				"attachment": [
					{ "time": 1.1, "name": "bingD_5_022_5_" },
					{ "time": 1.2333, "name": null },
					{ "time": 1.3666, "name": null }
				]
			},
			"bingD_5_022_6_": {
				"attachment": [
					{ "time": 1.1, "name": "bingD_5_022_6_" },
					{ "time": 1.2333, "name": null },
					{ "time": 1.3666, "name": null }
				]
			},
			"bingD_5_022_7_": {
				"attachment": [
					{ "time": 1.1, "name": "bingD_5_022_7_" },
					{ "time": 1.2333, "name": null },
					{ "time": 1.3666, "name": null }
				]
			},
			"bingD_5_022_8_": {
				"attachment": [
					{ "time": 1.1, "name": "bingD_5_022_8_" },
					{ "time": 1.2333, "name": null },
					{ "time": 1.3666, "name": null }
				]
			},
			"bingD_5_024_": {
				"attachment": [
					{ "time": 1.2333, "name": "bingD_5_024_" },
					{ "time": 1.3666, "name": null },
					{ "time": 1.5, "name": null }
				]
			},
			"bingD_5_024_1_": {
				"attachment": [
					{ "time": 1.2333, "name": "bingD_5_024_1_" },
					{ "time": 1.3666, "name": null },
					{ "time": 1.5, "name": null }
				]
			},
			"bingD_5_024_2_": {
				"attachment": [
					{ "time": 1.2333, "name": "bingD_5_024_2_" },
					{ "time": 1.3666, "name": null },
					{ "time": 1.5, "name": null }
				]
			},
			"bingD_5_024_3_": {
				"attachment": [
					{ "time": 1.2333, "name": "bingD_5_024_3_" },
					{ "time": 1.3666, "name": null },
					{ "time": 1.5, "name": null }
				]
			},
			"bingD_5_024_4_": {
				"attachment": [
					{ "time": 1.2333, "name": "bingD_5_024_4_" },
					{ "time": 1.3666, "name": null },
					{ "time": 1.5, "name": null }
				]
			},
			"bingD_5_024_5_": {
				"attachment": [
					{ "time": 1.2333, "name": "bingD_5_024_5_" },
					{ "time": 1.3666, "name": null },
					{ "time": 1.5, "name": null }
				]
			},
			"bingD_5_028_": {
				"attachment": [
					{ "time": 1.3666, "name": "bingD_5_028_" },
					{ "time": 1.5, "name": null }
				]
			},
			"bingD_5_028_1_": {
				"attachment": [
					{ "time": 1.3666, "name": "bingD_5_028_1_" },
					{ "time": 1.5, "name": null }
				]
			},
			"bingD_5_028_2_": {
				"attachment": [
					{ "time": 1.3666, "name": "bingD_5_028_2_" },
					{ "time": 1.5, "name": null }
				]
			},
			"bingD_5_028_3_": {
				"attachment": [
					{ "time": 1.3666, "name": "bingD_5_028_3_" },
					{ "time": 1.5, "name": null }
				]
			},
			"bingD_5_028_4_": {
				"attachment": [
					{ "time": 1.3666, "name": "bingD_5_028_4_" },
					{ "time": 1.5, "name": null }
				]
			},
			"bingD_5_028_5_": {
				"attachment": [
					{ "time": 1.3666, "name": "bingD_5_028_5_" },
					{ "time": 1.5, "name": null }
				]
			},
			"yz_0_": {
				"attachment": [
					{ "time": 0, "name": "yz_0_" }
				]
			}
		},
		"bones": {
			"bone": {
				"translate": [
					{ "time": 0, "x": -208.74, "y": -90 }
				],
				"scale": [
					{ "time": 0, "x": 1, "y": -1 }
				]
			},
			"bone2": {
				"translate": [
					{ "time": 0, "x": 1.56, "y": 59.14 }
				]
			}
		}
	}
}
}