{
"skeleton": { "hash": "pNXnCmpHJWu8p0hPQhtofakY4Ac", "spine": "2.1.27", "width": 0, "height": 0 },
"bones": [
	{ "name": "root" },
	{ "name": "bone", "parent": "root", "x": 0.17, "y": 0.94 }
],
"slots": [
	{ "name": "Scws_dj_0_0_0_", "bone": "root" },
	{ "name": "Scws_dj_0_0_1_", "bone": "root" },
	{ "name": "Scws_dj_0_0_2_", "bone": "root" },
	{ "name": "Scws_dj_0_0_3_", "bone": "root" },
	{ "name": "Scws_dj_0_0_4_", "bone": "root" },
	{ "name": "Scws_dj_0_1_4_", "bone": "root" },
	{ "name": "Scws_dj_0_1_3_", "bone": "root" },
	{ "name": "Scws_dj_0_1_2_", "bone": "root" },
	{ "name": "Scws_dj_0_1_1_", "bone": "root" },
	{ "name": "Scws_dj_0_1_0_", "bone": "root" },
	{ "name": "Scws_dj_0_2_6_", "bone": "root" },
	{ "name": "Scws_dj_0_2_5_", "bone": "root" },
	{ "name": "Scws_dj_0_2_4_", "bone": "root" },
	{ "name": "Scws_dj_0_2_3_", "bone": "root" },
	{ "name": "Scws_dj_0_2_2_", "bone": "root" },
	{ "name": "Scws_dj_0_2_1_", "bone": "root" },
	{ "name": "Scws_dj_0_2_0_", "bone": "root" },
	{ "name": "Scws_dj_0_3_0_", "bone": "root" },
	{ "name": "Scws_dj_0_3_1_", "bone": "root" },
	{ "name": "Scws_dj_0_3_2_", "bone": "root" },
	{ "name": "Scws_dj_0_3_3_", "bone": "root" },
	{ "name": "Scws_dj_0_3_4_", "bone": "root" },
	{ "name": "Scws_dj_0_4_5_", "bone": "root" },
	{ "name": "Scws_dj_0_4_4_", "bone": "root" },
	{ "name": "Scws_dj_0_4_3_", "bone": "root" },
	{ "name": "Scws_dj_0_4_2_", "bone": "root" },
	{ "name": "Scws_dj_0_4_1_", "bone": "root" },
	{ "name": "Scws_dj_0_4_0_", "bone": "root" },
	{ "name": "Scws_dj_0_5_5_", "bone": "root" },
	{ "name": "Scws_dj_0_5_4_", "bone": "root" },
	{ "name": "Scws_dj_0_5_3_", "bone": "root" },
	{ "name": "Scws_dj_0_5_2_", "bone": "root" },
	{ "name": "Scws_dj_0_5_1_", "bone": "root" },
	{ "name": "Scws_dj_0_5_0_", "bone": "root" },
	{ "name": "Scws_dj_0_6_5_", "bone": "root" },
	{ "name": "Scws_dj_0_6_4_", "bone": "root" },
	{ "name": "Scws_dj_0_6_3_", "bone": "root" },
	{ "name": "Scws_dj_0_6_2_", "bone": "root" },
	{ "name": "Scws_dj_0_6_1_", "bone": "root" },
	{ "name": "Scws_dj_0_6_0_", "bone": "root" },
	{ "name": "Scws_gj_0_1_7_", "bone": "root" },
	{ "name": "Scws_gj_0_1_6_", "bone": "root" },
	{ "name": "Scws_gj_0_1_5_", "bone": "root" },
	{ "name": "Scws_gj_0_1_4_", "bone": "root" },
	{ "name": "Scws_gj_0_1_3_", "bone": "root" },
	{ "name": "Scws_gj_0_1_2_", "bone": "root" },
	{ "name": "Scws_gj_0_1_1_", "bone": "root" },
	{ "name": "Scws_gj_0_1_0_", "bone": "root" },
	{ "name": "Scws_gj_0_2_5_", "bone": "root" },
	{ "name": "Scws_gj_0_2_4_", "bone": "root" },
	{ "name": "Scws_gj_0_2_3_", "bone": "root" },
	{ "name": "Scws_gj_0_2_2_", "bone": "root" },
	{ "name": "Scws_gj_0_2_1_", "bone": "root" },
	{ "name": "Scws_gj_0_2_0_", "bone": "root" },
	{ "name": "Scws_gj_0_3_7_", "bone": "root" },
	{ "name": "Scws_gj_0_3_6_", "bone": "root" },
	{ "name": "Scws_gj_0_3_5_", "bone": "root" },
	{ "name": "Scws_gj_0_3_4_", "bone": "root" },
	{ "name": "Scws_gj_0_3_3_", "bone": "root" },
	{ "name": "Scws_gj_0_3_2_", "bone": "root" },
	{ "name": "Scws_gj_0_3_1_", "bone": "root" },
	{ "name": "Scws_gj_0_3_0_", "bone": "root" },
	{ "name": "Scws_gj_0_4_7_", "bone": "root" },
	{ "name": "Scws_gj_0_4_6_", "bone": "root" },
	{ "name": "Scws_gj_0_4_5_", "bone": "root" },
	{ "name": "Scws_gj_0_4_4_", "bone": "root" },
	{ "name": "Scws_gj_0_4_3_", "bone": "root" },
	{ "name": "Scws_gj_0_4_2_", "bone": "root" },
	{ "name": "Scws_gj_0_4_1_", "bone": "root" },
	{ "name": "Scws_gj_0_4_0_", "bone": "root" },
	{ "name": "Scws_gj_0_5_7_", "bone": "root" },
	{ "name": "Scws_gj_0_5_6_", "bone": "root" },
	{ "name": "Scws_gj_0_5_5_", "bone": "root" },
	{ "name": "Scws_gj_0_5_4_", "bone": "root" },
	{ "name": "Scws_gj_0_5_3_", "bone": "root" },
	{ "name": "Scws_gj_0_5_2_", "bone": "root" },
	{ "name": "Scws_gj_0_5_1_", "bone": "root" },
	{ "name": "Scws_gj_0_5_0_", "bone": "root" },
	{ "name": "Scws_gj_0_6_7_", "bone": "root" },
	{ "name": "Scws_gj_0_6_6_", "bone": "root" },
	{ "name": "Scws_gj_0_6_5_", "bone": "root" },
	{ "name": "Scws_gj_0_6_4_", "bone": "root" },
	{ "name": "Scws_gj_0_6_3_", "bone": "root" },
	{ "name": "Scws_gj_0_6_2_", "bone": "root" },
	{ "name": "Scws_gj_0_6_1_", "bone": "root" },
	{ "name": "Scws_gj_0_6_0_", "bone": "root" },
	{ "name": "Scws_gj_0_7_7_", "bone": "root" },
	{ "name": "Scws_gj_0_7_6_", "bone": "root" },
	{ "name": "Scws_gj_0_7_5_", "bone": "root" },
	{ "name": "Scws_gj_0_7_4_", "bone": "root" },
	{ "name": "Scws_gj_0_7_3_", "bone": "root" },
	{ "name": "Scws_gj_0_7_2_", "bone": "root" },
	{ "name": "Scws_gj_0_7_1_", "bone": "root" },
	{ "name": "Scws_gj_0_7_0_", "bone": "root" },
	{ "name": "Scws_gj_0_8_8_", "bone": "root" },
	{ "name": "Scws_gj_0_8_7_", "bone": "root" },
	{ "name": "Scws_gj_0_8_6_", "bone": "root" },
	{ "name": "Scws_gj_0_8_5_", "bone": "root" },
	{ "name": "Scws_gj_0_8_4_", "bone": "root" },
	{ "name": "Scws_gj_0_8_3_", "bone": "root" },
	{ "name": "Scws_gj_0_8_2_", "bone": "root" },
	{ "name": "Scws_gj_0_8_1_", "bone": "root" },
	{ "name": "Scws_gj_0_8_0_", "bone": "root" },
	{ "name": "Scws_gj_0_9_7_", "bone": "root" },
	{ "name": "Scws_gj_0_9_6_", "bone": "root" },
	{ "name": "Scws_gj_0_9_5_", "bone": "root" },
	{ "name": "Scws_gj_0_9_4_", "bone": "root" },
	{ "name": "Scws_gj_0_9_3_", "bone": "root" },
	{ "name": "Scws_gj_0_9_2_", "bone": "root" },
	{ "name": "Scws_gj_0_9_1_", "bone": "root" },
	{ "name": "Scws_gj_0_9_0_", "bone": "root" },
	{ "name": "Scws_tx_0_0_", "bone": "bone" }
],
"skins": {
	"default": {
		"Scws_dj_0_0_0_": {
			"Scws_dj_0_0_0_": { "x": 144.43, "y": 52.82, "width": 94, "height": 45 }
		},
		"Scws_dj_0_0_1_": {
			"Scws_dj_0_0_1_": { "x": -64.56, "y": -14.17, "width": 102, "height": 25 }
		},
		"Scws_dj_0_0_2_": {
			"Scws_dj_0_0_2_": { "x": -3.56, "y": 60.32, "width": 202, "height": 124 }
		},
		"Scws_dj_0_0_3_": {
			"Scws_dj_0_0_3_": { "x": 43.43, "y": 150.82, "width": 78, "height": 57 }
		},
		"Scws_dj_0_0_4_": {
			"Scws_dj_0_0_4_": { "x": -29.06, "y": 158.32, "width": 67, "height": 72 }
		},
		"Scws_dj_0_1_0_": {
			"Scws_dj_0_1_0_": { "x": -6.06, "y": 60.32, "width": 197, "height": 124 }
		},
		"Scws_dj_0_1_1_": {
			"Scws_dj_0_1_1_": { "x": -62.06, "y": -14.67, "width": 111, "height": 26 }
		},
		"Scws_dj_0_1_2_": {
			"Scws_dj_0_1_2_": { "x": -29.06, "y": 157.32, "width": 67, "height": 70 }
		},
		"Scws_dj_0_1_3_": {
			"Scws_dj_0_1_3_": { "x": 43.43, "y": 151.32, "width": 78, "height": 58 }
		},
		"Scws_dj_0_1_4_": {
			"Scws_dj_0_1_4_": { "x": 140.43, "y": 42.32, "width": 98, "height": 42 }
		},
		"Scws_dj_0_2_0_": {
			"Scws_dj_0_2_0_": { "x": -27.06, "y": 169.32, "width": 57, "height": 50 }
		},
		"Scws_dj_0_2_1_": {
			"Scws_dj_0_2_1_": { "x": 32.93, "y": 163.32, "width": 63, "height": 38 }
		},
		"Scws_dj_0_2_2_": {
			"Scws_dj_0_2_2_": { "x": 0.93, "y": 63.32, "width": 181, "height": 162 }
		},
		"Scws_dj_0_2_3_": {
			"Scws_dj_0_2_3_": { "x": -97.56, "y": 60.82, "width": 16, "height": 37 }
		},
		"Scws_dj_0_2_4_": {
			"Scws_dj_0_2_4_": { "x": -104.06, "y": -10.67, "width": 29, "height": 22 }
		},
		"Scws_dj_0_2_5_": {
			"Scws_dj_0_2_5_": { "x": 139.93, "y": 37.82, "width": 97, "height": 39 }
		},
		"Scws_dj_0_2_6_": {
			"Scws_dj_0_2_6_": { "x": -27.56, "y": -22.67, "width": 14, "height": 10 }
		},
		"Scws_dj_0_3_0_": {
			"Scws_dj_0_3_0_": { "x": -58.06, "y": -10.67, "width": 123, "height": 28 }
		},
		"Scws_dj_0_3_1_": {
			"Scws_dj_0_3_1_": { "x": 143.43, "y": 41.32, "width": 92, "height": 38 }
		},
		"Scws_dj_0_3_2_": {
			"Scws_dj_0_3_2_": { "x": -4.06, "y": 64.32, "width": 203, "height": 122 }
		},
		"Scws_dj_0_3_3_": {
			"Scws_dj_0_3_3_": { "x": 43.93, "y": 155.32, "width": 79, "height": 60 }
		},
		"Scws_dj_0_3_4_": {
			"Scws_dj_0_3_4_": { "x": -32.06, "y": 159.82, "width": 73, "height": 69 }
		},
		"Scws_dj_0_4_0_": {
			"Scws_dj_0_4_0_": { "x": 4.93, "y": 60.82, "width": 187, "height": 167 }
		},
		"Scws_dj_0_4_1_": {
			"Scws_dj_0_4_1_": { "x": -97.06, "y": 64.82, "width": 17, "height": 37 }
		},
		"Scws_dj_0_4_2_": {
			"Scws_dj_0_4_2_": { "x": -102.56, "y": -6.67, "width": 28, "height": 22 }
		},
		"Scws_dj_0_4_3_": {
			"Scws_dj_0_4_3_": { "x": 144.93, "y": 46.82, "width": 93, "height": 39 }
		},
		"Scws_dj_0_4_4_": {
			"Scws_dj_0_4_4_": { "x": -29.06, "y": 168.32, "width": 61, "height": 48 }
		},
		"Scws_dj_0_4_5_": {
			"Scws_dj_0_4_5_": { "x": 32.43, "y": 165.82, "width": 62, "height": 43 }
		},
		"Scws_dj_0_5_0_": {
			"Scws_dj_0_5_0_": { "x": 5.43, "y": 62.82, "width": 186, "height": 167 }
		},
		"Scws_dj_0_5_1_": {
			"Scws_dj_0_5_1_": { "x": -27.56, "y": 169.32, "width": 60, "height": 46 }
		},
		"Scws_dj_0_5_2_": {
			"Scws_dj_0_5_2_": { "x": 33.43, "y": 165.82, "width": 62, "height": 39 }
		},
		"Scws_dj_0_5_3_": {
			"Scws_dj_0_5_3_": { "x": -96.06, "y": 64.82, "width": 17, "height": 37 }
		},
		"Scws_dj_0_5_4_": {
			"Scws_dj_0_5_4_": { "x": -102.06, "y": -7.67, "width": 29, "height": 22 }
		},
		"Scws_dj_0_5_5_": {
			"Scws_dj_0_5_5_": { "x": 145.93, "y": 50.32, "width": 95, "height": 40 }
		},
		"Scws_dj_0_6_0_": {
			"Scws_dj_0_6_0_": { "x": -24.56, "y": 168.32, "width": 60, "height": 48 }
		},
		"Scws_dj_0_6_1_": {
			"Scws_dj_0_6_1_": { "x": 35.43, "y": 163.32, "width": 60, "height": 38 }
		},
		"Scws_dj_0_6_2_": {
			"Scws_dj_0_6_2_": { "x": 3.93, "y": 71.32, "width": 181, "height": 146 }
		},
		"Scws_dj_0_6_3_": {
			"Scws_dj_0_6_3_": { "x": -65.06, "y": -11.67, "width": 101, "height": 22 }
		},
		"Scws_dj_0_6_4_": {
			"Scws_dj_0_6_4_": { "x": 143.93, "y": 50.82, "width": 99, "height": 43 }
		},
		"Scws_dj_0_6_5_": {
			"Scws_dj_0_6_5_": { "x": -95.56, "y": 61.82, "width": 18, "height": 37 }
		},
		"Scws_gj_0_1_0_": {
			"Scws_gj_0_1_0_": { "x": 6.93, "y": 115.32, "width": 103, "height": 170 }
		},
		"Scws_gj_0_1_1_": {
			"Scws_gj_0_1_1_": { "x": 50.43, "y": 21.82, "width": 14, "height": 17 }
		},
		"Scws_gj_0_1_2_": {
			"Scws_gj_0_1_2_": { "x": 91.43, "y": 101.82, "width": 66, "height": 19 }
		},
		"Scws_gj_0_1_3_": {
			"Scws_gj_0_1_3_": { "x": 78.93, "y": 136.32, "width": 41, "height": 50 }
		},
		"Scws_gj_0_1_4_": {
			"Scws_gj_0_1_4_": { "x": 83.43, "y": 53.32, "width": 50, "height": 78 }
		},
		"Scws_gj_0_1_5_": {
			"Scws_gj_0_1_5_": { "x": 131.43, "y": 62.32, "width": 46, "height": 60 }
		},
		"Scws_gj_0_1_6_": {
			"Scws_gj_0_1_6_": { "x": 5.93, "y": 214.82, "width": 43, "height": 29 }
		},
		"Scws_gj_0_1_7_": {
			"Scws_gj_0_1_7_": { "x": -18.56, "y": 250.82, "width": 46, "height": 43 }
		},
		"Scws_gj_0_2_0_": {
			"Scws_gj_0_2_0_": { "x": 6.93, "y": 147.82, "width": 165, "height": 111 }
		},
		"Scws_gj_0_2_1_": {
			"Scws_gj_0_2_1_": { "x": -22.06, "y": 62.82, "width": 105, "height": 59 }
		},
		"Scws_gj_0_2_2_": {
			"Scws_gj_0_2_2_": { "x": -46.06, "y": 12.32, "width": 57, "height": 42 }
		},
		"Scws_gj_0_2_3_": {
			"Scws_gj_0_2_3_": { "x": -94.56, "y": 124.32, "width": 38, "height": 64 }
		},
		"Scws_gj_0_2_4_": {
			"Scws_gj_0_2_4_": { "x": -96.06, "y": 69.82, "width": 43, "height": 45 }
		},
		"Scws_gj_0_2_5_": {
			"Scws_gj_0_2_5_": { "x": -150.06, "y": 131.32, "width": 73, "height": 30 }
		},
		"Scws_gj_0_3_0_": {
			"Scws_gj_0_3_0_": { "x": 96.93, "y": 157.82, "width": 77, "height": 75 }
		},
		"Scws_gj_0_3_1_": {
			"Scws_gj_0_3_1_": { "x": 153.93, "y": 134.82, "width": 37, "height": 29 }
		},
		"Scws_gj_0_3_2_": {
			"Scws_gj_0_3_2_": { "x": 84.93, "y": 101.32, "width": 53, "height": 38 }
		},
		"Scws_gj_0_3_3_": {
			"Scws_gj_0_3_3_": { "x": 7.93, "y": 67.82, "width": 101, "height": 105 }
		},
		"Scws_gj_0_3_4_": {
			"Scws_gj_0_3_4_": { "x": 11.43, "y": 160.32, "width": 94, "height": 80 }
		},
		"Scws_gj_0_3_5_": {
			"Scws_gj_0_3_5_": { "x": -47.56, "y": 165.32, "width": 24, "height": 42 }
		},
		"Scws_gj_0_3_6_": {
			"Scws_gj_0_3_6_": { "x": -10.06, "y": 222.82, "width": 99, "height": 45 }
		},
		"Scws_gj_0_3_7_": {
			"Scws_gj_0_3_7_": { "x": -96.06, "y": 244.32, "width": 73, "height": 48 }
		},
		"Scws_gj_0_4_0_": {
			"Scws_gj_0_4_0_": { "x": 59.43, "y": 82.82, "width": 92, "height": 123 }
		},
		"Scws_gj_0_4_1_": {
			"Scws_gj_0_4_1_": { "x": 67.93, "y": 7.32, "width": 67, "height": 28 }
		},
		"Scws_gj_0_4_2_": {
			"Scws_gj_0_4_2_": { "x": -19.06, "y": 103.82, "width": 65, "height": 167 }
		},
		"Scws_gj_0_4_3_": {
			"Scws_gj_0_4_3_": { "x": -88.06, "y": 105.82, "width": 73, "height": 83 }
		},
		"Scws_gj_0_4_4_": {
			"Scws_gj_0_4_4_": { "x": -146.56, "y": 90.82, "width": 44, "height": 55 }
		},
		"Scws_gj_0_4_5_": {
			"Scws_gj_0_4_5_": { "x": -161.56, "y": 41.82, "width": 66, "height": 43 }
		},
		"Scws_gj_0_4_6_": {
			"Scws_gj_0_4_6_": { "x": -182.56, "y": -4.67, "width": 48, "height": 50 }
		},
		"Scws_gj_0_4_7_": {
			"Scws_gj_0_4_7_": { "x": -212.56, "y": -76.17, "width": 60, "height": 93 }
		},
		"Scws_gj_0_5_0_": {
			"Scws_gj_0_5_0_": { "x": 18.43, "y": 81.82, "width": 140, "height": 129 }
		},
		"Scws_gj_0_5_1_": {
			"Scws_gj_0_5_1_": { "x": 41.43, "y": -2.17, "width": 76, "height": 39 }
		},
		"Scws_gj_0_5_2_": {
			"Scws_gj_0_5_2_": { "x": -8.56, "y": 165.82, "width": 46, "height": 39 }
		},
		"Scws_gj_0_5_3_": {
			"Scws_gj_0_5_3_": { "x": -77.56, "y": 103.82, "width": 52, "height": 83 }
		},
		"Scws_gj_0_5_4_": {
			"Scws_gj_0_5_4_": { "x": -106.56, "y": 45.82, "width": 36, "height": 33 }
		},
		"Scws_gj_0_5_5_": {
			"Scws_gj_0_5_5_": { "x": -142.56, "y": 23.32, "width": 36, "height": 32 }
		},
		"Scws_gj_0_5_6_": {
			"Scws_gj_0_5_6_": { "x": -175.56, "y": -10.67, "width": 50, "height": 36 }
		},
		"Scws_gj_0_5_7_": {
			"Scws_gj_0_5_7_": { "x": -203.56, "y": -37.17, "width": 24, "height": 17 }
		},
		"Scws_gj_0_6_0_": {
			"Scws_gj_0_6_0_": { "x": 49.43, "y": 60.32, "width": 90, "height": 164 }
		},
		"Scws_gj_0_6_1_": {
			"Scws_gj_0_6_1_": { "x": 13.93, "y": 155.32, "width": 19, "height": 26 }
		},
		"Scws_gj_0_6_2_": {
			"Scws_gj_0_6_2_": { "x": -12.06, "y": 165.32, "width": 33, "height": 46 }
		},
		"Scws_gj_0_6_3_": {
			"Scws_gj_0_6_3_": { "x": -21.56, "y": 80.82, "width": 52, "height": 123 }
		},
		"Scws_gj_0_6_4_": {
			"Scws_gj_0_6_4_": { "x": -80.06, "y": 95.82, "width": 65, "height": 85 }
		},
		"Scws_gj_0_6_5_": {
			"Scws_gj_0_6_5_": { "x": -110.06, "y": 37.32, "width": 43, "height": 32 }
		},
		"Scws_gj_0_6_6_": {
			"Scws_gj_0_6_6_": { "x": -145.06, "y": -4.17, "width": 59, "height": 51 }
		},
		"Scws_gj_0_6_7_": {
			"Scws_gj_0_6_7_": { "x": -181.06, "y": -47.17, "width": 39, "height": 35 }
		},
		"Scws_gj_0_7_0_": {
			"Scws_gj_0_7_0_": { "x": 51.93, "y": 95.32, "width": 95, "height": 148 }
		},
		"Scws_gj_0_7_1_": {
			"Scws_gj_0_7_1_": { "x": 58.93, "y": 1.82, "width": 75, "height": 39 }
		},
		"Scws_gj_0_7_2_": {
			"Scws_gj_0_7_2_": { "x": -19.56, "y": 105.82, "width": 48, "height": 173 }
		},
		"Scws_gj_0_7_3_": {
			"Scws_gj_0_7_3_": { "x": -83.56, "y": 86.82, "width": 80, "height": 91 }
		},
		"Scws_gj_0_7_4_": {
			"Scws_gj_0_7_4_": { "x": -139.56, "y": 37.82, "width": 32, "height": 33 }
		},
		"Scws_gj_0_7_5_": {
			"Scws_gj_0_7_5_": { "x": -179.56, "y": -4.17, "width": 62, "height": 51 }
		},
		"Scws_gj_0_7_6_": {
			"Scws_gj_0_7_6_": { "x": -241.56, "y": -61.67, "width": 74, "height": 64 }
		},
		"Scws_gj_0_7_7_": {
			"Scws_gj_0_7_7_": { "x": -89.56, "y": 49.32, "width": 378, "height": 288 }
		},
		"Scws_gj_0_8_0_": {
			"Scws_gj_0_8_0_": { "x": -18.06, "y": 165.82, "width": 45, "height": 59 }
		},
		"Scws_gj_0_8_1_": {
			"Scws_gj_0_8_1_": { "x": 44.93, "y": 150.82, "width": 81, "height": 29 }
		},
		"Scws_gj_0_8_2_": {
			"Scws_gj_0_8_2_": { "x": 25.43, "y": 78.82, "width": 158, "height": 115 }
		},
		"Scws_gj_0_8_3_": {
			"Scws_gj_0_8_3_": { "x": -89.06, "y": 102.82, "width": 71, "height": 67 }
		},
		"Scws_gj_0_8_4_": {
			"Scws_gj_0_8_4_": { "x": -107.56, "y": 45.32, "width": 72, "height": 48 }
		},
		"Scws_gj_0_8_5_": {
			"Scws_gj_0_8_5_": { "x": -149.06, "y": -4.17, "width": 61, "height": 51 }
		},
		"Scws_gj_0_8_6_": {
			"Scws_gj_0_8_6_": { "x": -196.06, "y": -59.17, "width": 55, "height": 59 }
		},
		"Scws_gj_0_8_7_": {
			"Scws_gj_0_8_7_": { "x": -239.06, "y": -118.17, "width": 49, "height": 59 }
		},
		"Scws_gj_0_8_8_": {
			"Scws_gj_0_8_8_": { "x": 66.43, "y": 3.82, "width": 70, "height": 35 }
		},
		"Scws_gj_0_9_0_": {
			"Scws_gj_0_9_0_": { "x": -31.06, "y": 161.32, "width": 71, "height": 68 }
		},
		"Scws_gj_0_9_1_": {
			"Scws_gj_0_9_1_": { "x": 42.43, "y": 149.82, "width": 76, "height": 45 }
		},
		"Scws_gj_0_9_2_": {
			"Scws_gj_0_9_2_": { "x": -5.06, "y": 74.32, "width": 215, "height": 106 }
		},
		"Scws_gj_0_9_3_": {
			"Scws_gj_0_9_3_": { "x": -116.56, "y": 24.82, "width": 8, "height": 7 }
		},
		"Scws_gj_0_9_4_": {
			"Scws_gj_0_9_4_": { "x": -83.56, "y": -9.67, "width": 74, "height": 62 }
		},
		"Scws_gj_0_9_5_": {
			"Scws_gj_0_9_5_": { "x": -21.06, "y": -30.17, "width": 51, "height": 59 }
		},
		"Scws_gj_0_9_6_": {
			"Scws_gj_0_9_6_": { "x": 39.93, "y": -60.17, "width": 71, "height": 59 }
		},
		"Scws_gj_0_9_7_": {
			"Scws_gj_0_9_7_": { "x": 64.43, "y": 4.82, "width": 66, "height": 33 }
		},
		"Scws_tx_0_0_": {
			"Scws_tx_0_0_": { "width": 150, "height": 180 },
			"Scws_tx_0_10_": { "width": 150, "height": 180 },
			"Scws_tx_0_11_": { "width": 150, "height": 180 },
			"Scws_tx_0_12_": { "width": 150, "height": 180 },
			"Scws_tx_0_13_": { "width": 150, "height": 180 },
			"Scws_tx_0_14_": { "width": 150, "height": 180 },
			"Scws_tx_0_15_": { "width": 150, "height": 180 },
			"Scws_tx_0_16_": { "width": 150, "height": 180 },
			"Scws_tx_0_17_": { "width": 150, "height": 180 },
			"Scws_tx_0_1_": { "width": 150, "height": 180 },
			"Scws_tx_0_2_": { "width": 150, "height": 180 },
			"Scws_tx_0_3_": { "width": 150, "height": 180 },
			"Scws_tx_0_4_": { "width": 150, "height": 180 },
			"Scws_tx_0_5_": { "width": 150, "height": 180 },
			"Scws_tx_0_6_": { "width": 150, "height": 180 },
			"Scws_tx_0_7_": { "width": 150, "height": 180 },
			"Scws_tx_0_8_": { "width": 150, "height": 180 },
			"Scws_tx_0_9_": { "width": 150, "height": 180 }
		}
	}
},
"animations": {
	"dj": {
		"slots": {
			"Scws_dj_0_0_0_": {
				"attachment": [
					{ "time": 0, "name": "Scws_dj_0_0_0_" },
					{ "time": 0.1666, "name": null },
					{ "time": 1.1333, "name": "Scws_dj_0_0_0_" }
				]
			},
			"Scws_dj_0_0_1_": {
				"attachment": [
					{ "time": 0, "name": "Scws_dj_0_0_1_" },
					{ "time": 0.1666, "name": null },
					{ "time": 1.1333, "name": "Scws_dj_0_0_1_" }
				]
			},
			"Scws_dj_0_0_2_": {
				"attachment": [
					{ "time": 0, "name": "Scws_dj_0_0_2_" },
					{ "time": 0.1666, "name": null },
					{ "time": 1.1333, "name": "Scws_dj_0_0_2_" }
				]
			},
			"Scws_dj_0_0_3_": {
				"attachment": [
					{ "time": 0, "name": "Scws_dj_0_0_3_" },
					{ "time": 0.1666, "name": null },
					{ "time": 1.1333, "name": "Scws_dj_0_0_3_" }
				]
			},
			"Scws_dj_0_0_4_": {
				"attachment": [
					{ "time": 0, "name": "Scws_dj_0_0_4_" },
					{ "time": 0.1666, "name": null },
					{ "time": 1.1333, "name": "Scws_dj_0_0_4_" }
				]
			},
			"Scws_dj_0_1_0_": {
				"attachment": [
					{ "time": 0, "name": null },
					{ "time": 0.1666, "name": "Scws_dj_0_1_0_" },
					{ "time": 0.3333, "name": null },
					{ "time": 1.1333, "name": null }
				]
			},
			"Scws_dj_0_1_1_": {
				"attachment": [
					{ "time": 0, "name": null },
					{ "time": 0.1666, "name": "Scws_dj_0_1_1_" },
					{ "time": 0.3333, "name": null },
					{ "time": 1.1333, "name": null }
				]
			},
			"Scws_dj_0_1_2_": {
				"attachment": [
					{ "time": 0, "name": null },
					{ "time": 0.1666, "name": "Scws_dj_0_1_2_" },
					{ "time": 0.3333, "name": null },
					{ "time": 1.1333, "name": null }
				]
			},
			"Scws_dj_0_1_3_": {
				"attachment": [
					{ "time": 0, "name": null },
					{ "time": 0.1666, "name": "Scws_dj_0_1_3_" },
					{ "time": 0.3333, "name": null },
					{ "time": 1.1333, "name": null }
				]
			},
			"Scws_dj_0_1_4_": {
				"attachment": [
					{ "time": 0, "name": null },
					{ "time": 0.1666, "name": "Scws_dj_0_1_4_" },
					{ "time": 0.3333, "name": null },
					{ "time": 1.1333, "name": null }
				]
			},
			"Scws_dj_0_2_0_": {
				"attachment": [
					{ "time": 0, "name": null },
					{ "time": 0.3333, "name": "Scws_dj_0_2_0_" },
					{ "time": 0.4666, "name": null },
					{ "time": 1.1333, "name": null }
				]
			},
			"Scws_dj_0_2_1_": {
				"attachment": [
					{ "time": 0, "name": null },
					{ "time": 0.3333, "name": "Scws_dj_0_2_1_" },
					{ "time": 0.4666, "name": null },
					{ "time": 1.1333, "name": null }
				]
			},
			"Scws_dj_0_2_2_": {
				"attachment": [
					{ "time": 0, "name": null },
					{ "time": 0.3333, "name": "Scws_dj_0_2_2_" },
					{ "time": 0.4666, "name": null },
					{ "time": 1.1333, "name": null }
				]
			},
			"Scws_dj_0_2_3_": {
				"attachment": [
					{ "time": 0, "name": null },
					{ "time": 0.3333, "name": "Scws_dj_0_2_3_" },
					{ "time": 0.4666, "name": null },
					{ "time": 1.1333, "name": null }
				]
			},
			"Scws_dj_0_2_4_": {
				"attachment": [
					{ "time": 0, "name": null },
					{ "time": 0.3333, "name": "Scws_dj_0_2_4_" },
					{ "time": 0.4666, "name": null },
					{ "time": 1.1333, "name": null }
				]
			},
			"Scws_dj_0_2_5_": {
				"attachment": [
					{ "time": 0, "name": null },
					{ "time": 0.3333, "name": "Scws_dj_0_2_5_" },
					{ "time": 0.4666, "name": null },
					{ "time": 1.1333, "name": null }
				]
			},
			"Scws_dj_0_2_6_": {
				"attachment": [
					{ "time": 0, "name": null },
					{ "time": 0.3333, "name": "Scws_dj_0_2_6_" },
					{ "time": 0.4666, "name": null },
					{ "time": 1.1333, "name": null }
				]
			},
			"Scws_dj_0_3_0_": {
				"attachment": [
					{ "time": 0, "name": null },
					{ "time": 0.4666, "name": "Scws_dj_0_3_0_" },
					{ "time": 0.6333, "name": null },
					{ "time": 1.1333, "name": null }
				]
			},
			"Scws_dj_0_3_1_": {
				"attachment": [
					{ "time": 0, "name": null },
					{ "time": 0.4666, "name": "Scws_dj_0_3_1_" },
					{ "time": 0.6333, "name": null },
					{ "time": 1.1333, "name": null }
				]
			},
			"Scws_dj_0_3_2_": {
				"attachment": [
					{ "time": 0, "name": null },
					{ "time": 0.4666, "name": "Scws_dj_0_3_2_" },
					{ "time": 0.6333, "name": null },
					{ "time": 1.1333, "name": null }
				]
			},
			"Scws_dj_0_3_3_": {
				"attachment": [
					{ "time": 0, "name": null },
					{ "time": 0.4666, "name": "Scws_dj_0_3_3_" },
					{ "time": 0.6333, "name": null },
					{ "time": 1.1333, "name": null }
				]
			},
			"Scws_dj_0_3_4_": {
				"attachment": [
					{ "time": 0, "name": null },
					{ "time": 0.4666, "name": "Scws_dj_0_3_4_" },
					{ "time": 0.6333, "name": null },
					{ "time": 1.1333, "name": null }
				]
			},
			"Scws_dj_0_4_0_": {
				"attachment": [
					{ "time": 0, "name": null },
					{ "time": 0.6333, "name": "Scws_dj_0_4_0_" },
					{ "time": 0.8, "name": null },
					{ "time": 1.1333, "name": null }
				]
			},
			"Scws_dj_0_4_1_": {
				"attachment": [
					{ "time": 0, "name": null },
					{ "time": 0.6333, "name": "Scws_dj_0_4_1_" },
					{ "time": 0.8, "name": null },
					{ "time": 1.1333, "name": null }
				]
			},
			"Scws_dj_0_4_2_": {
				"attachment": [
					{ "time": 0, "name": null },
					{ "time": 0.6333, "name": "Scws_dj_0_4_2_" },
					{ "time": 0.8, "name": null },
					{ "time": 1.1333, "name": null }
				]
			},
			"Scws_dj_0_4_3_": {
				"attachment": [
					{ "time": 0, "name": null },
					{ "time": 0.6333, "name": "Scws_dj_0_4_3_" },
					{ "time": 0.8, "name": null },
					{ "time": 1.1333, "name": null }
				]
			},
			"Scws_dj_0_4_4_": {
				"attachment": [
					{ "time": 0, "name": null },
					{ "time": 0.6333, "name": "Scws_dj_0_4_4_" },
					{ "time": 0.8, "name": null },
					{ "time": 1.1333, "name": null }
				]
			},
			"Scws_dj_0_4_5_": {
				"attachment": [
					{ "time": 0, "name": null },
					{ "time": 0.6333, "name": "Scws_dj_0_4_5_" },
					{ "time": 0.8, "name": null },
					{ "time": 1.1333, "name": null }
				]
			},
			"Scws_dj_0_5_0_": {
				"attachment": [
					{ "time": 0, "name": null },
					{ "time": 0.8, "name": "Scws_dj_0_5_0_" },
					{ "time": 0.9666, "name": null },
					{ "time": 1.1333, "name": null }
				]
			},
			"Scws_dj_0_5_1_": {
				"attachment": [
					{ "time": 0, "name": null },
					{ "time": 0.8, "name": "Scws_dj_0_5_1_" },
					{ "time": 0.9666, "name": null },
					{ "time": 1.1333, "name": null }
				]
			},
			"Scws_dj_0_5_2_": {
				"attachment": [
					{ "time": 0, "name": null },
					{ "time": 0.8, "name": "Scws_dj_0_5_2_" },
					{ "time": 0.9666, "name": null },
					{ "time": 1.1333, "name": null }
				]
			},
			"Scws_dj_0_5_3_": {
				"attachment": [
					{ "time": 0, "name": null },
					{ "time": 0.8, "name": "Scws_dj_0_5_3_" },
					{ "time": 0.9666, "name": null },
					{ "time": 1.1333, "name": null }
				]
			},
			"Scws_dj_0_5_4_": {
				"attachment": [
					{ "time": 0, "name": null },
					{ "time": 0.8, "name": "Scws_dj_0_5_4_" },
					{ "time": 0.9666, "name": null },
					{ "time": 1.1333, "name": null }
				]
			},
			"Scws_dj_0_5_5_": {
				"attachment": [
					{ "time": 0, "name": null },
					{ "time": 0.8, "name": "Scws_dj_0_5_5_" },
					{ "time": 0.9666, "name": null },
					{ "time": 1.1333, "name": null }
				]
			},
			"Scws_dj_0_6_0_": {
				"attachment": [
					{ "time": 0, "name": null },
					{ "time": 0.9666, "name": "Scws_dj_0_6_0_" },
					{ "time": 1.1333, "name": null }
				]
			},
			"Scws_dj_0_6_1_": {
				"attachment": [
					{ "time": 0, "name": null },
					{ "time": 0.9666, "name": "Scws_dj_0_6_1_" },
					{ "time": 1.1333, "name": null }
				]
			},
			"Scws_dj_0_6_2_": {
				"attachment": [
					{ "time": 0, "name": null },
					{ "time": 0.9666, "name": "Scws_dj_0_6_2_" },
					{ "time": 1.1333, "name": null }
				]
			},
			"Scws_dj_0_6_3_": {
				"attachment": [
					{ "time": 0, "name": null },
					{ "time": 0.9666, "name": "Scws_dj_0_6_3_" },
					{ "time": 1.1333, "name": null }
				]
			},
			"Scws_dj_0_6_4_": {
				"attachment": [
					{ "time": 0, "name": null },
					{ "time": 0.9666, "name": "Scws_dj_0_6_4_" },
					{ "time": 1.1333, "name": null }
				]
			},
			"Scws_dj_0_6_5_": {
				"attachment": [
					{ "time": 0, "name": null },
					{ "time": 0.9666, "name": "Scws_dj_0_6_5_" },
					{ "time": 1.1333, "name": null }
				]
			},
			"Scws_gj_0_1_0_": {
				"attachment": [
					{ "time": 0, "name": null },
					{ "time": 1.1333, "name": null }
				]
			},
			"Scws_gj_0_1_1_": {
				"attachment": [
					{ "time": 0, "name": null },
					{ "time": 1.1333, "name": null }
				]
			},
			"Scws_gj_0_1_2_": {
				"attachment": [
					{ "time": 0, "name": null },
					{ "time": 1.1333, "name": null }
				]
			},
			"Scws_gj_0_1_3_": {
				"attachment": [
					{ "time": 0, "name": null },
					{ "time": 1.1333, "name": null }
				]
			},
			"Scws_gj_0_1_4_": {
				"attachment": [
					{ "time": 0, "name": null },
					{ "time": 1.1333, "name": null }
				]
			},
			"Scws_gj_0_1_5_": {
				"attachment": [
					{ "time": 0, "name": null },
					{ "time": 1.1333, "name": null }
				]
			},
			"Scws_gj_0_1_6_": {
				"attachment": [
					{ "time": 0, "name": null },
					{ "time": 1.1333, "name": null }
				]
			},
			"Scws_gj_0_1_7_": {
				"attachment": [
					{ "time": 0, "name": null },
					{ "time": 1.1333, "name": null }
				]
			},
			"Scws_gj_0_2_0_": {
				"attachment": [
					{ "time": 0, "name": null },
					{ "time": 1.1333, "name": null }
				]
			},
			"Scws_gj_0_2_1_": {
				"attachment": [
					{ "time": 0, "name": null },
					{ "time": 1.1333, "name": null }
				]
			},
			"Scws_gj_0_2_2_": {
				"attachment": [
					{ "time": 0, "name": null },
					{ "time": 1.1333, "name": null }
				]
			},
			"Scws_gj_0_2_3_": {
				"attachment": [
					{ "time": 0, "name": null },
					{ "time": 1.1333, "name": null }
				]
			},
			"Scws_gj_0_2_4_": {
				"attachment": [
					{ "time": 0, "name": null },
					{ "time": 1.1333, "name": null }
				]
			},
			"Scws_gj_0_2_5_": {
				"attachment": [
					{ "time": 0, "name": null },
					{ "time": 1.1333, "name": null }
				]
			},
			"Scws_gj_0_3_0_": {
				"attachment": [
					{ "time": 0, "name": null },
					{ "time": 1.1333, "name": null }
				]
			},
			"Scws_gj_0_3_1_": {
				"attachment": [
					{ "time": 0, "name": null },
					{ "time": 1.1333, "name": null }
				]
			},
			"Scws_gj_0_3_2_": {
				"attachment": [
					{ "time": 0, "name": null },
					{ "time": 1.1333, "name": null }
				]
			},
			"Scws_gj_0_3_3_": {
				"attachment": [
					{ "time": 0, "name": null },
					{ "time": 1.1333, "name": null }
				]
			},
			"Scws_gj_0_3_4_": {
				"attachment": [
					{ "time": 0, "name": null },
					{ "time": 1.1333, "name": null }
				]
			},
			"Scws_gj_0_3_5_": {
				"attachment": [
					{ "time": 0, "name": null },
					{ "time": 1.1333, "name": null }
				]
			},
			"Scws_gj_0_3_6_": {
				"attachment": [
					{ "time": 0, "name": null },
					{ "time": 1.1333, "name": null }
				]
			},
			"Scws_gj_0_3_7_": {
				"attachment": [
					{ "time": 0, "name": null },
					{ "time": 1.1333, "name": null }
				]
			},
			"Scws_gj_0_4_0_": {
				"attachment": [
					{ "time": 0, "name": null },
					{ "time": 1.1333, "name": null }
				]
			},
			"Scws_gj_0_4_1_": {
				"attachment": [
					{ "time": 0, "name": null },
					{ "time": 1.1333, "name": null }
				]
			},
			"Scws_gj_0_4_2_": {
				"attachment": [
					{ "time": 0, "name": null },
					{ "time": 1.1333, "name": null }
				]
			},
			"Scws_gj_0_4_3_": {
				"attachment": [
					{ "time": 0, "name": null },
					{ "time": 1.1333, "name": null }
				]
			},
			"Scws_gj_0_4_4_": {
				"attachment": [
					{ "time": 0, "name": null },
					{ "time": 1.1333, "name": null }
				]
			},
			"Scws_gj_0_4_5_": {
				"attachment": [
					{ "time": 0, "name": null },
					{ "time": 1.1333, "name": null }
				]
			},
			"Scws_gj_0_4_6_": {
				"attachment": [
					{ "time": 0, "name": null },
					{ "time": 1.1333, "name": null }
				]
			},
			"Scws_gj_0_4_7_": {
				"attachment": [
					{ "time": 0, "name": null },
					{ "time": 1.1333, "name": null }
				]
			},
			"Scws_gj_0_5_7_": {
				"attachment": [
					{ "time": 0, "name": null },
					{ "time": 1.1333, "name": null }
				]
			},
			"Scws_gj_0_5_0_": {
				"attachment": [
					{ "time": 0, "name": null },
					{ "time": 1.1333, "name": null }
				]
			},
			"Scws_gj_0_5_1_": {
				"attachment": [
					{ "time": 0, "name": null },
					{ "time": 1.1333, "name": null }
				]
			},
			"Scws_gj_0_5_2_": {
				"attachment": [
					{ "time": 0, "name": null },
					{ "time": 1.1333, "name": null }
				]
			},
			"Scws_gj_0_5_3_": {
				"attachment": [
					{ "time": 0, "name": null },
					{ "time": 1.1333, "name": null }
				]
			},
			"Scws_gj_0_5_4_": {
				"attachment": [
					{ "time": 0, "name": null },
					{ "time": 1.1333, "name": null }
				]
			},
			"Scws_gj_0_5_5_": {
				"attachment": [
					{ "time": 0, "name": null },
					{ "time": 1.1333, "name": null }
				]
			},
			"Scws_gj_0_5_6_": {
				"attachment": [
					{ "time": 0, "name": null },
					{ "time": 1.1333, "name": null }
				]
			},
			"Scws_gj_0_6_0_": {
				"attachment": [
					{ "time": 0, "name": null },
					{ "time": 1.1333, "name": null }
				]
			},
			"Scws_gj_0_6_1_": {
				"attachment": [
					{ "time": 0, "name": null },
					{ "time": 1.1333, "name": null }
				]
			},
			"Scws_gj_0_6_2_": {
				"attachment": [
					{ "time": 0, "name": null },
					{ "time": 1.1333, "name": null }
				]
			},
			"Scws_gj_0_6_3_": {
				"attachment": [
					{ "time": 0, "name": null },
					{ "time": 1.1333, "name": null }
				]
			},
			"Scws_gj_0_6_4_": {
				"attachment": [
					{ "time": 0, "name": null },
					{ "time": 1.1333, "name": null }
				]
			},
			"Scws_gj_0_6_5_": {
				"attachment": [
					{ "time": 0, "name": null },
					{ "time": 1.1333, "name": null }
				]
			},
			"Scws_gj_0_6_6_": {
				"attachment": [
					{ "time": 0, "name": null },
					{ "time": 1.1333, "name": null }
				]
			},
			"Scws_gj_0_6_7_": {
				"attachment": [
					{ "time": 0, "name": null },
					{ "time": 1.1333, "name": null }
				]
			},
			"Scws_gj_0_7_0_": {
				"attachment": [
					{ "time": 0, "name": null },
					{ "time": 1.1333, "name": null }
				]
			},
			"Scws_gj_0_7_1_": {
				"attachment": [
					{ "time": 0, "name": null },
					{ "time": 1.1333, "name": null }
				]
			},
			"Scws_gj_0_7_2_": {
				"attachment": [
					{ "time": 0, "name": null },
					{ "time": 1.1333, "name": null }
				]
			},
			"Scws_gj_0_7_3_": {
				"attachment": [
					{ "time": 0, "name": null },
					{ "time": 1.1333, "name": null }
				]
			},
			"Scws_gj_0_7_4_": {
				"attachment": [
					{ "time": 0, "name": null },
					{ "time": 1.1333, "name": null }
				]
			},
			"Scws_gj_0_7_5_": {
				"attachment": [
					{ "time": 0, "name": null },
					{ "time": 1.1333, "name": null }
				]
			},
			"Scws_gj_0_7_6_": {
				"attachment": [
					{ "time": 0, "name": null },
					{ "time": 1.1333, "name": null }
				]
			},
			"Scws_gj_0_7_7_": {
				"attachment": [
					{ "time": 0, "name": null },
					{ "time": 1.1333, "name": null }
				]
			},
			"Scws_gj_0_8_0_": {
				"attachment": [
					{ "time": 0, "name": null },
					{ "time": 1.1333, "name": null }
				]
			},
			"Scws_gj_0_8_1_": {
				"attachment": [
					{ "time": 0, "name": null },
					{ "time": 1.1333, "name": null }
				]
			},
			"Scws_gj_0_8_2_": {
				"attachment": [
					{ "time": 0, "name": null },
					{ "time": 1.1333, "name": null }
				]
			},
			"Scws_gj_0_8_3_": {
				"attachment": [
					{ "time": 0, "name": null },
					{ "time": 1.1333, "name": null }
				]
			},
			"Scws_gj_0_8_4_": {
				"attachment": [
					{ "time": 0, "name": null },
					{ "time": 1.1333, "name": null }
				]
			},
			"Scws_gj_0_8_5_": {
				"attachment": [
					{ "time": 0, "name": null },
					{ "time": 1.1333, "name": null }
				]
			},
			"Scws_gj_0_8_6_": {
				"attachment": [
					{ "time": 0, "name": null },
					{ "time": 1.1333, "name": null }
				]
			},
			"Scws_gj_0_8_7_": {
				"attachment": [
					{ "time": 0, "name": null },
					{ "time": 1.1333, "name": null }
				]
			},
			"Scws_gj_0_8_8_": {
				"attachment": [
					{ "time": 0, "name": null },
					{ "time": 1.1333, "name": null }
				]
			},
			"Scws_gj_0_9_0_": {
				"attachment": [
					{ "time": 0, "name": null },
					{ "time": 1.1333, "name": null }
				]
			},
			"Scws_gj_0_9_1_": {
				"attachment": [
					{ "time": 0, "name": null },
					{ "time": 1.1333, "name": null }
				]
			},
			"Scws_gj_0_9_2_": {
				"attachment": [
					{ "time": 0, "name": null },
					{ "time": 1.1333, "name": null }
				]
			},
			"Scws_gj_0_9_3_": {
				"attachment": [
					{ "time": 0, "name": null },
					{ "time": 1.1333, "name": null }
				]
			},
			"Scws_gj_0_9_4_": {
				"attachment": [
					{ "time": 0, "name": null },
					{ "time": 1.1333, "name": null }
				]
			},
			"Scws_gj_0_9_5_": {
				"attachment": [
					{ "time": 0, "name": null },
					{ "time": 1.1333, "name": null }
				]
			},
			"Scws_gj_0_9_6_": {
				"attachment": [
					{ "time": 0, "name": null },
					{ "time": 1.1333, "name": null }
				]
			},
			"Scws_gj_0_9_7_": {
				"attachment": [
					{ "time": 0, "name": null },
					{ "time": 1.1333, "name": null }
				]
			},
			"Scws_tx_0_0_": {
				"attachment": [
					{ "time": 0, "name": "Scws_tx_0_0_" },
					{ "time": 0.0666, "name": "Scws_tx_0_1_" },
					{ "time": 0.1333, "name": "Scws_tx_0_2_" },
					{ "time": 0.2, "name": "Scws_tx_0_3_" },
					{ "time": 0.2666, "name": "Scws_tx_0_4_" },
					{ "time": 0.3333, "name": "Scws_tx_0_5_" },
					{ "time": 0.4, "name": "Scws_tx_0_6_" },
					{ "time": 0.4666, "name": "Scws_tx_0_7_" },
					{ "time": 0.5333, "name": "Scws_tx_0_8_" },
					{ "time": 0.6, "name": "Scws_tx_0_9_" },
					{ "time": 0.6666, "name": "Scws_tx_0_10_" },
					{ "time": 0.7333, "name": "Scws_tx_0_11_" },
					{ "time": 0.8, "name": "Scws_tx_0_12_" },
					{ "time": 0.8666, "name": "Scws_tx_0_13_" },
					{ "time": 0.9333, "name": "Scws_tx_0_14_" },
					{ "time": 1, "name": "Scws_tx_0_15_" },
					{ "time": 1.0666, "name": "Scws_tx_0_16_" },
					{ "time": 1.1333, "name": "Scws_tx_0_17_" }
				]
			}
		},
		"bones": {
			"bone": {
				"translate": [
					{ "time": 0, "x": -10.36, "y": 33.86 }
				]
			}
		},
		"drawOrder": [
			{
				"time": 0,
				"offsets": [
					{ "slot": "Scws_tx_0_0_", "offset": -111 }
				]
			}
		]
	},
	"gj": {
		"slots": {
			"Scws_dj_0_0_0_": {
				"attachment": [
					{ "time": 0, "name": "Scws_dj_0_0_0_" },
					{ "time": 0.1, "name": null },
					{ "time": 1.1333, "name": "Scws_dj_0_0_0_" }
				]
			},
			"Scws_dj_0_0_1_": {
				"attachment": [
					{ "time": 0, "name": "Scws_dj_0_0_1_" },
					{ "time": 0.1, "name": null },
					{ "time": 1.1333, "name": "Scws_dj_0_0_1_" }
				]
			},
			"Scws_dj_0_0_2_": {
				"attachment": [
					{ "time": 0, "name": "Scws_dj_0_0_2_" },
					{ "time": 0.1, "name": null },
					{ "time": 1.1333, "name": "Scws_dj_0_0_2_" }
				]
			},
			"Scws_dj_0_0_3_": {
				"attachment": [
					{ "time": 0, "name": "Scws_dj_0_0_3_" },
					{ "time": 0.1, "name": null },
					{ "time": 1.1333, "name": "Scws_dj_0_0_3_" }
				]
			},
			"Scws_dj_0_0_4_": {
				"attachment": [
					{ "time": 0, "name": "Scws_dj_0_0_4_" },
					{ "time": 0.1, "name": null },
					{ "time": 1.1333, "name": "Scws_dj_0_0_4_" }
				]
			},
			"Scws_dj_0_1_0_": {
				"attachment": [
					{ "time": 0, "name": null },
					{ "time": 1.1333, "name": null }
				]
			},
			"Scws_dj_0_1_1_": {
				"attachment": [
					{ "time": 0, "name": null },
					{ "time": 1.1333, "name": null }
				]
			},
			"Scws_dj_0_1_2_": {
				"attachment": [
					{ "time": 0, "name": null },
					{ "time": 1.1333, "name": null }
				]
			},
			"Scws_dj_0_1_3_": {
				"attachment": [
					{ "time": 0, "name": null },
					{ "time": 1.1333, "name": null }
				]
			},
			"Scws_dj_0_1_4_": {
				"attachment": [
					{ "time": 0, "name": null },
					{ "time": 1.1333, "name": null }
				]
			},
			"Scws_dj_0_2_0_": {
				"attachment": [
					{ "time": 0, "name": null },
					{ "time": 1.1333, "name": null }
				]
			},
			"Scws_dj_0_2_1_": {
				"attachment": [
					{ "time": 0, "name": null },
					{ "time": 1.1333, "name": null }
				]
			},
			"Scws_dj_0_2_2_": {
				"attachment": [
					{ "time": 0, "name": null },
					{ "time": 1.1333, "name": null }
				]
			},
			"Scws_dj_0_2_3_": {
				"attachment": [
					{ "time": 0, "name": null },
					{ "time": 1.1333, "name": null }
				]
			},
			"Scws_dj_0_2_4_": {
				"attachment": [
					{ "time": 0, "name": null },
					{ "time": 1.1333, "name": null }
				]
			},
			"Scws_dj_0_2_5_": {
				"attachment": [
					{ "time": 0, "name": null },
					{ "time": 1.1333, "name": null }
				]
			},
			"Scws_dj_0_2_6_": {
				"attachment": [
					{ "time": 0, "name": null },
					{ "time": 1.1333, "name": null }
				]
			},
			"Scws_dj_0_3_0_": {
				"attachment": [
					{ "time": 0, "name": null },
					{ "time": 1.1333, "name": null }
				]
			},
			"Scws_dj_0_3_1_": {
				"attachment": [
					{ "time": 0, "name": null },
					{ "time": 1.1333, "name": null }
				]
			},
			"Scws_dj_0_3_2_": {
				"attachment": [
					{ "time": 0, "name": null },
					{ "time": 1.1333, "name": null }
				]
			},
			"Scws_dj_0_3_3_": {
				"attachment": [
					{ "time": 0, "name": null },
					{ "time": 1.1333, "name": null }
				]
			},
			"Scws_dj_0_3_4_": {
				"attachment": [
					{ "time": 0, "name": null },
					{ "time": 1.1333, "name": null }
				]
			},
			"Scws_dj_0_4_0_": {
				"attachment": [
					{ "time": 0, "name": null },
					{ "time": 1.1333, "name": null }
				]
			},
			"Scws_dj_0_4_1_": {
				"attachment": [
					{ "time": 0, "name": null },
					{ "time": 1.1333, "name": null }
				]
			},
			"Scws_dj_0_4_2_": {
				"attachment": [
					{ "time": 0, "name": null },
					{ "time": 1.1333, "name": null }
				]
			},
			"Scws_dj_0_4_3_": {
				"attachment": [
					{ "time": 0, "name": null },
					{ "time": 1.1333, "name": null }
				]
			},
			"Scws_dj_0_4_4_": {
				"attachment": [
					{ "time": 0, "name": null },
					{ "time": 1.1333, "name": null }
				]
			},
			"Scws_dj_0_4_5_": {
				"attachment": [
					{ "time": 0, "name": null },
					{ "time": 1.1333, "name": null }
				]
			},
			"Scws_dj_0_5_0_": {
				"attachment": [
					{ "time": 0, "name": null },
					{ "time": 1.1333, "name": null }
				]
			},
			"Scws_dj_0_5_1_": {
				"attachment": [
					{ "time": 0, "name": null },
					{ "time": 1.1333, "name": null }
				]
			},
			"Scws_dj_0_5_2_": {
				"attachment": [
					{ "time": 0, "name": null },
					{ "time": 1.1333, "name": null }
				]
			},
			"Scws_dj_0_5_3_": {
				"attachment": [
					{ "time": 0, "name": null },
					{ "time": 1.1333, "name": null }
				]
			},
			"Scws_dj_0_5_4_": {
				"attachment": [
					{ "time": 0, "name": null },
					{ "time": 1.1333, "name": null }
				]
			},
			"Scws_dj_0_5_5_": {
				"attachment": [
					{ "time": 0, "name": null },
					{ "time": 1.1333, "name": null }
				]
			},
			"Scws_dj_0_6_0_": {
				"attachment": [
					{ "time": 0, "name": null },
					{ "time": 1.1333, "name": null }
				]
			},
			"Scws_dj_0_6_1_": {
				"attachment": [
					{ "time": 0, "name": null },
					{ "time": 1.1333, "name": null }
				]
			},
			"Scws_dj_0_6_2_": {
				"attachment": [
					{ "time": 0, "name": null },
					{ "time": 1.1333, "name": null }
				]
			},
			"Scws_dj_0_6_3_": {
				"attachment": [
					{ "time": 0, "name": null },
					{ "time": 1.1333, "name": null }
				]
			},
			"Scws_dj_0_6_4_": {
				"attachment": [
					{ "time": 0, "name": null },
					{ "time": 1.1333, "name": null }
				]
			},
			"Scws_dj_0_6_5_": {
				"attachment": [
					{ "time": 0, "name": null },
					{ "time": 1.1333, "name": null }
				]
			},
			"Scws_gj_0_1_0_": {
				"attachment": [
					{ "time": 0, "name": null },
					{ "time": 0.1, "name": "Scws_gj_0_1_0_" },
					{ "time": 0.2333, "name": null },
					{ "time": 1.1333, "name": null }
				]
			},
			"Scws_gj_0_1_1_": {
				"attachment": [
					{ "time": 0, "name": null },
					{ "time": 0.1, "name": "Scws_gj_0_1_1_" },
					{ "time": 0.2333, "name": null },
					{ "time": 1.1333, "name": null }
				]
			},
			"Scws_gj_0_1_2_": {
				"attachment": [
					{ "time": 0, "name": null },
					{ "time": 0.1, "name": "Scws_gj_0_1_2_" },
					{ "time": 0.2333, "name": null },
					{ "time": 1.1333, "name": null }
				]
			},
			"Scws_gj_0_1_3_": {
				"attachment": [
					{ "time": 0, "name": null },
					{ "time": 0.1, "name": "Scws_gj_0_1_3_" },
					{ "time": 0.2333, "name": null },
					{ "time": 1.1333, "name": null }
				]
			},
			"Scws_gj_0_1_4_": {
				"attachment": [
					{ "time": 0, "name": null },
					{ "time": 0.1, "name": "Scws_gj_0_1_4_" },
					{ "time": 0.2333, "name": null },
					{ "time": 1.1333, "name": null }
				]
			},
			"Scws_gj_0_1_5_": {
				"attachment": [
					{ "time": 0, "name": null },
					{ "time": 0.1, "name": "Scws_gj_0_1_5_" },
					{ "time": 0.2333, "name": null },
					{ "time": 1.1333, "name": null }
				]
			},
			"Scws_gj_0_1_6_": {
				"attachment": [
					{ "time": 0, "name": null },
					{ "time": 0.1, "name": "Scws_gj_0_1_6_" },
					{ "time": 0.2333, "name": null },
					{ "time": 1.1333, "name": null }
				]
			},
			"Scws_gj_0_1_7_": {
				"attachment": [
					{ "time": 0, "name": null },
					{ "time": 0.1, "name": "Scws_gj_0_1_7_" },
					{ "time": 0.2333, "name": null },
					{ "time": 1.1333, "name": null }
				]
			},
			"Scws_gj_0_2_0_": {
				"attachment": [
					{ "time": 0, "name": null },
					{ "time": 0.2333, "name": "Scws_gj_0_2_0_" },
					{ "time": 0.4, "name": null },
					{ "time": 1.1333, "name": null }
				]
			},
			"Scws_gj_0_2_1_": {
				"attachment": [
					{ "time": 0, "name": null },
					{ "time": 0.2333, "name": "Scws_gj_0_2_1_" },
					{ "time": 0.4, "name": null },
					{ "time": 1.1333, "name": null }
				]
			},
			"Scws_gj_0_2_2_": {
				"attachment": [
					{ "time": 0, "name": null },
					{ "time": 0.2333, "name": "Scws_gj_0_2_2_" },
					{ "time": 0.4, "name": null },
					{ "time": 1.1333, "name": null }
				]
			},
			"Scws_gj_0_2_3_": {
				"attachment": [
					{ "time": 0, "name": null },
					{ "time": 0.2333, "name": "Scws_gj_0_2_3_" },
					{ "time": 0.4, "name": null },
					{ "time": 1.1333, "name": null }
				]
			},
			"Scws_gj_0_2_4_": {
				"attachment": [
					{ "time": 0, "name": null },
					{ "time": 0.2333, "name": "Scws_gj_0_2_4_" },
					{ "time": 0.4, "name": null },
					{ "time": 1.1333, "name": null }
				]
			},
			"Scws_gj_0_2_5_": {
				"attachment": [
					{ "time": 0, "name": null },
					{ "time": 0.2333, "name": "Scws_gj_0_2_5_" },
					{ "time": 0.4, "name": null },
					{ "time": 1.1333, "name": null }
				]
			},
			"Scws_gj_0_3_0_": {
				"attachment": [
					{ "time": 0, "name": null },
					{ "time": 0.4, "name": "Scws_gj_0_3_0_" },
					{ "time": 0.5, "name": null },
					{ "time": 1.1333, "name": null }
				]
			},
			"Scws_gj_0_3_1_": {
				"attachment": [
					{ "time": 0, "name": null },
					{ "time": 0.4, "name": "Scws_gj_0_3_1_" },
					{ "time": 0.5, "name": null },
					{ "time": 1.1333, "name": null }
				]
			},
			"Scws_gj_0_3_2_": {
				"attachment": [
					{ "time": 0, "name": null },
					{ "time": 0.4, "name": "Scws_gj_0_3_2_" },
					{ "time": 0.5, "name": null },
					{ "time": 1.1333, "name": null }
				]
			},
			"Scws_gj_0_3_3_": {
				"attachment": [
					{ "time": 0, "name": null },
					{ "time": 0.4, "name": "Scws_gj_0_3_3_" },
					{ "time": 0.5, "name": null },
					{ "time": 1.1333, "name": null }
				]
			},
			"Scws_gj_0_3_4_": {
				"attachment": [
					{ "time": 0, "name": null },
					{ "time": 0.4, "name": "Scws_gj_0_3_4_" },
					{ "time": 0.5, "name": null },
					{ "time": 1.1333, "name": null }
				]
			},
			"Scws_gj_0_3_5_": {
				"attachment": [
					{ "time": 0, "name": null },
					{ "time": 0.4, "name": "Scws_gj_0_3_5_" },
					{ "time": 0.5, "name": null },
					{ "time": 1.1333, "name": null }
				]
			},
			"Scws_gj_0_3_6_": {
				"attachment": [
					{ "time": 0, "name": null },
					{ "time": 0.4, "name": "Scws_gj_0_3_6_" },
					{ "time": 0.5, "name": null },
					{ "time": 1.1333, "name": null }
				]
			},
			"Scws_gj_0_3_7_": {
				"attachment": [
					{ "time": 0, "name": null },
					{ "time": 0.4, "name": "Scws_gj_0_3_7_" },
					{ "time": 0.5, "name": null },
					{ "time": 1.1333, "name": null }
				]
			},
			"Scws_gj_0_4_0_": {
				"attachment": [
					{ "time": 0, "name": null },
					{ "time": 0.5, "name": "Scws_gj_0_4_0_" },
					{ "time": 0.6333, "name": null },
					{ "time": 1.1333, "name": null }
				]
			},
			"Scws_gj_0_4_1_": {
				"attachment": [
					{ "time": 0, "name": null },
					{ "time": 0.5, "name": "Scws_gj_0_4_1_" },
					{ "time": 0.6333, "name": null },
					{ "time": 1.1333, "name": null }
				]
			},
			"Scws_gj_0_4_2_": {
				"attachment": [
					{ "time": 0, "name": null },
					{ "time": 0.5, "name": "Scws_gj_0_4_2_" },
					{ "time": 0.6333, "name": null },
					{ "time": 1.1333, "name": null }
				]
			},
			"Scws_gj_0_4_3_": {
				"attachment": [
					{ "time": 0, "name": null },
					{ "time": 0.5, "name": "Scws_gj_0_4_3_" },
					{ "time": 0.6333, "name": null },
					{ "time": 1.1333, "name": null }
				]
			},
			"Scws_gj_0_4_4_": {
				"attachment": [
					{ "time": 0, "name": null },
					{ "time": 0.5, "name": "Scws_gj_0_4_4_" },
					{ "time": 0.6333, "name": null },
					{ "time": 1.1333, "name": null }
				]
			},
			"Scws_gj_0_4_5_": {
				"attachment": [
					{ "time": 0, "name": null },
					{ "time": 0.5, "name": "Scws_gj_0_4_5_" },
					{ "time": 0.6333, "name": null },
					{ "time": 1.1333, "name": null }
				]
			},
			"Scws_gj_0_4_6_": {
				"attachment": [
					{ "time": 0, "name": null },
					{ "time": 0.5, "name": "Scws_gj_0_4_6_" },
					{ "time": 0.6333, "name": null },
					{ "time": 1.1333, "name": null }
				]
			},
			"Scws_gj_0_4_7_": {
				"attachment": [
					{ "time": 0, "name": null },
					{ "time": 0.5, "name": "Scws_gj_0_4_7_" },
					{ "time": 0.6333, "name": null },
					{ "time": 1.1333, "name": null }
				]
			},
			"Scws_gj_0_5_7_": {
				"attachment": [
					{ "time": 0, "name": null },
					{ "time": 0.6333, "name": "Scws_gj_0_5_7_" },
					{ "time": 0.7333, "name": null },
					{ "time": 1.1333, "name": null }
				]
			},
			"Scws_gj_0_5_0_": {
				"attachment": [
					{ "time": 0, "name": null },
					{ "time": 0.6333, "name": "Scws_gj_0_5_0_" },
					{ "time": 0.7333, "name": null },
					{ "time": 1.1333, "name": null }
				]
			},
			"Scws_gj_0_5_1_": {
				"attachment": [
					{ "time": 0, "name": null },
					{ "time": 0.6333, "name": "Scws_gj_0_5_1_" },
					{ "time": 0.7333, "name": null },
					{ "time": 1.1333, "name": null }
				]
			},
			"Scws_gj_0_5_2_": {
				"attachment": [
					{ "time": 0, "name": null },
					{ "time": 0.6333, "name": "Scws_gj_0_5_2_" },
					{ "time": 0.7333, "name": null },
					{ "time": 1.1333, "name": null }
				]
			},
			"Scws_gj_0_5_3_": {
				"attachment": [
					{ "time": 0, "name": null },
					{ "time": 0.6333, "name": "Scws_gj_0_5_3_" },
					{ "time": 0.7333, "name": null },
					{ "time": 1.1333, "name": null }
				]
			},
			"Scws_gj_0_5_4_": {
				"attachment": [
					{ "time": 0, "name": null },
					{ "time": 0.6333, "name": "Scws_gj_0_5_4_" },
					{ "time": 0.7333, "name": null },
					{ "time": 1.1333, "name": null }
				]
			},
			"Scws_gj_0_5_5_": {
				"attachment": [
					{ "time": 0, "name": null },
					{ "time": 0.6333, "name": "Scws_gj_0_5_5_" },
					{ "time": 0.7333, "name": null },
					{ "time": 1.1333, "name": null }
				]
			},
			"Scws_gj_0_5_6_": {
				"attachment": [
					{ "time": 0, "name": null },
					{ "time": 0.6333, "name": "Scws_gj_0_5_6_" },
					{ "time": 0.7333, "name": null },
					{ "time": 1.1333, "name": null }
				]
			},
			"Scws_gj_0_6_0_": {
				"attachment": [
					{ "time": 0, "name": null },
					{ "time": 0.7333, "name": "Scws_gj_0_6_0_" },
					{ "time": 0.8666, "name": null },
					{ "time": 1.1333, "name": null }
				]
			},
			"Scws_gj_0_6_1_": {
				"attachment": [
					{ "time": 0, "name": null },
					{ "time": 0.7333, "name": "Scws_gj_0_6_1_" },
					{ "time": 0.8666, "name": null },
					{ "time": 1.1333, "name": null }
				]
			},
			"Scws_gj_0_6_2_": {
				"attachment": [
					{ "time": 0, "name": null },
					{ "time": 0.7333, "name": "Scws_gj_0_6_2_" },
					{ "time": 0.8666, "name": null },
					{ "time": 1.1333, "name": null }
				]
			},
			"Scws_gj_0_6_3_": {
				"attachment": [
					{ "time": 0, "name": null },
					{ "time": 0.7333, "name": "Scws_gj_0_6_3_" },
					{ "time": 0.8666, "name": null },
					{ "time": 1.1333, "name": null }
				]
			},
			"Scws_gj_0_6_4_": {
				"attachment": [
					{ "time": 0, "name": null },
					{ "time": 0.7333, "name": "Scws_gj_0_6_4_" },
					{ "time": 0.8666, "name": null },
					{ "time": 1.1333, "name": null }
				]
			},
			"Scws_gj_0_6_5_": {
				"attachment": [
					{ "time": 0, "name": null },
					{ "time": 0.7333, "name": "Scws_gj_0_6_5_" },
					{ "time": 0.8666, "name": null },
					{ "time": 1.1333, "name": null }
				]
			},
			"Scws_gj_0_6_6_": {
				"attachment": [
					{ "time": 0, "name": null },
					{ "time": 0.7333, "name": "Scws_gj_0_6_6_" },
					{ "time": 0.8666, "name": null },
					{ "time": 1.1333, "name": null }
				]
			},
			"Scws_gj_0_6_7_": {
				"attachment": [
					{ "time": 0, "name": null },
					{ "time": 0.7333, "name": "Scws_gj_0_6_7_" },
					{ "time": 0.8666, "name": null },
					{ "time": 1.1333, "name": null }
				]
			},
			"Scws_gj_0_7_0_": {
				"attachment": [
					{ "time": 0, "name": null },
					{ "time": 0.8666, "name": "Scws_gj_0_7_0_" },
					{ "time": 0.9666, "name": null },
					{ "time": 1.1333, "name": null }
				]
			},
			"Scws_gj_0_7_1_": {
				"attachment": [
					{ "time": 0, "name": null },
					{ "time": 0.8666, "name": "Scws_gj_0_7_1_" },
					{ "time": 0.9666, "name": null },
					{ "time": 1.1333, "name": null }
				]
			},
			"Scws_gj_0_7_2_": {
				"attachment": [
					{ "time": 0, "name": null },
					{ "time": 0.8666, "name": "Scws_gj_0_7_2_" },
					{ "time": 0.9666, "name": null },
					{ "time": 1.1333, "name": null }
				]
			},
			"Scws_gj_0_7_3_": {
				"attachment": [
					{ "time": 0, "name": null },
					{ "time": 0.8666, "name": "Scws_gj_0_7_3_" },
					{ "time": 0.9666, "name": null },
					{ "time": 1.1333, "name": null }
				]
			},
			"Scws_gj_0_7_4_": {
				"attachment": [
					{ "time": 0, "name": null },
					{ "time": 0.8666, "name": "Scws_gj_0_7_4_" },
					{ "time": 0.9666, "name": null },
					{ "time": 1.1333, "name": null }
				]
			},
			"Scws_gj_0_7_5_": {
				"attachment": [
					{ "time": 0, "name": null },
					{ "time": 0.8666, "name": "Scws_gj_0_7_5_" },
					{ "time": 0.9666, "name": null },
					{ "time": 1.1333, "name": null }
				]
			},
			"Scws_gj_0_7_6_": {
				"attachment": [
					{ "time": 0, "name": null },
					{ "time": 0.8666, "name": "Scws_gj_0_7_6_" },
					{ "time": 0.9666, "name": null },
					{ "time": 1.1333, "name": null }
				]
			},
			"Scws_gj_0_7_7_": {
				"attachment": [
					{ "time": 0, "name": null },
					{ "time": 0.8666, "name": "Scws_gj_0_7_7_" },
					{ "time": 0.9666, "name": null },
					{ "time": 1.1333, "name": null }
				]
			},
			"Scws_gj_0_8_0_": {
				"attachment": [
					{ "time": 0, "name": null },
					{ "time": 0.9666, "name": "Scws_gj_0_8_0_" },
					{ "time": 1.1333, "name": null }
				]
			},
			"Scws_gj_0_8_1_": {
				"attachment": [
					{ "time": 0, "name": null },
					{ "time": 0.9666, "name": "Scws_gj_0_8_1_" },
					{ "time": 1.1333, "name": null }
				]
			},
			"Scws_gj_0_8_2_": {
				"attachment": [
					{ "time": 0, "name": null },
					{ "time": 0.9666, "name": "Scws_gj_0_8_2_" },
					{ "time": 1.1333, "name": null }
				]
			},
			"Scws_gj_0_8_3_": {
				"attachment": [
					{ "time": 0, "name": null },
					{ "time": 0.9666, "name": "Scws_gj_0_8_3_" },
					{ "time": 1.1333, "name": null }
				]
			},
			"Scws_gj_0_8_4_": {
				"attachment": [
					{ "time": 0, "name": null },
					{ "time": 0.9666, "name": "Scws_gj_0_8_4_" },
					{ "time": 1.1333, "name": null }
				]
			},
			"Scws_gj_0_8_5_": {
				"attachment": [
					{ "time": 0, "name": null },
					{ "time": 0.9666, "name": "Scws_gj_0_8_5_" },
					{ "time": 1.1333, "name": null }
				]
			},
			"Scws_gj_0_8_6_": {
				"attachment": [
					{ "time": 0, "name": null },
					{ "time": 0.9666, "name": "Scws_gj_0_8_6_" },
					{ "time": 1.1333, "name": null }
				]
			},
			"Scws_gj_0_8_7_": {
				"attachment": [
					{ "time": 0, "name": null },
					{ "time": 0.9666, "name": "Scws_gj_0_8_7_" },
					{ "time": 1.1333, "name": null }
				]
			},
			"Scws_gj_0_8_8_": {
				"attachment": [
					{ "time": 0, "name": null },
					{ "time": 0.9666, "name": "Scws_gj_0_8_8_" },
					{ "time": 1.1333, "name": null }
				]
			},
			"Scws_gj_0_9_0_": {
				"attachment": [
					{ "time": 0, "name": null },
					{ "time": 1.1333, "name": null }
				]
			},
			"Scws_gj_0_9_1_": {
				"attachment": [
					{ "time": 0, "name": null },
					{ "time": 1.1333, "name": null }
				]
			},
			"Scws_gj_0_9_2_": {
				"attachment": [
					{ "time": 0, "name": null },
					{ "time": 1.1333, "name": null }
				]
			},
			"Scws_gj_0_9_3_": {
				"attachment": [
					{ "time": 0, "name": null },
					{ "time": 1.1333, "name": null }
				]
			},
			"Scws_gj_0_9_4_": {
				"attachment": [
					{ "time": 0, "name": null },
					{ "time": 1.1333, "name": null }
				]
			},
			"Scws_gj_0_9_5_": {
				"attachment": [
					{ "time": 0, "name": null },
					{ "time": 1.1333, "name": null }
				]
			},
			"Scws_gj_0_9_6_": {
				"attachment": [
					{ "time": 0, "name": null },
					{ "time": 1.1333, "name": null }
				]
			},
			"Scws_gj_0_9_7_": {
				"attachment": [
					{ "time": 0, "name": null },
					{ "time": 1.1333, "name": null }
				]
			},
			"Scws_tx_0_0_": {
				"attachment": [
					{ "time": 0, "name": "Scws_tx_0_0_" },
					{ "time": 0.0666, "name": "Scws_tx_0_1_" },
					{ "time": 0.1333, "name": "Scws_tx_0_2_" },
					{ "time": 0.2, "name": "Scws_tx_0_3_" },
					{ "time": 0.2666, "name": "Scws_tx_0_4_" },
					{ "time": 0.3333, "name": "Scws_tx_0_5_" },
					{ "time": 0.4, "name": "Scws_tx_0_6_" },
					{ "time": 0.4666, "name": "Scws_tx_0_7_" },
					{ "time": 0.5333, "name": "Scws_tx_0_8_" },
					{ "time": 0.6, "name": "Scws_tx_0_9_" },
					{ "time": 0.6666, "name": "Scws_tx_0_10_" },
					{ "time": 0.7333, "name": "Scws_tx_0_11_" },
					{ "time": 0.8, "name": "Scws_tx_0_12_" },
					{ "time": 0.8666, "name": "Scws_tx_0_13_" },
					{ "time": 0.9333, "name": "Scws_tx_0_14_" },
					{ "time": 1, "name": "Scws_tx_0_15_" },
					{ "time": 1.0666, "name": "Scws_tx_0_16_" },
					{ "time": 1.1333, "name": "Scws_tx_0_17_" }
				]
			}
		},
		"bones": {
			"bone": {
				"translate": [
					{ "time": 0, "x": -10.36, "y": 33.86 }
				]
			}
		},
		"drawOrder": [
			{
				"time": 0,
				"offsets": [
					{ "slot": "Scws_tx_0_0_", "offset": -111 }
				]
			}
		]
	}
}
}