{
"skeleton": { "hash": "Lt2aoIHFGA5n4Uzej3wSlKbHDXo", "spine": "2.1.27", "width": 0, "height": 0 },
"bones": [
	{ "name": "root" },
	{ "name": "bone", "parent": "root" },
	{ "name": "bone2", "parent": "root" },
	{ "name": "bone3", "parent": "root" },
	{ "name": "bone5", "parent": "root" },
	{ "name": "hanguopifu_shuye_1_", "parent": "root", "x": -205.94, "y": 195.48 },
	{ "name": "hanguopifu_shuye_2_", "parent": "root", "x": -161.53, "y": 186.5 },
	{ "name": "hanguopifu_shuye_3_", "parent": "root", "x": -189.97, "y": 169.53 },
	{ "name": "hanguopifu_shuye_4_", "parent": "root", "x": -231.39, "y": 162.55 },
	{ "name": "hanguopifu_shuye_5_", "parent": "root", "x": -182.98, "y": 224.42 },
	{ "name": "hanguopifu_shuye_6_", "parent": "root", "x": 145.47, "y": 321.87 },
	{ "name": "hanguopifu_shuye_7_", "parent": "root", "x": 143.56, "y": 295.16 },
	{ "name": "hanguopifu_shuye_8_", "parent": "root", "x": 104.13, "y": 333.32 },
	{ "name": "hanguopifu_shuye_9_", "parent": "root", "x": 128.29, "y": 357.49 }
],
"slots": [
	{ "name": "hanguopifu_shu_2_", "bone": "root" },
	{ "name": "hanguopifu_shuye_9_", "bone": "hanguopifu_shuye_9_" },
	{ "name": "hanguopifu_shuye_8_", "bone": "hanguopifu_shuye_8_" },
	{ "name": "hanguopifu_shuye_7_", "bone": "hanguopifu_shuye_7_" },
	{ "name": "hanguopifu_shuye_6_", "bone": "hanguopifu_shuye_6_" },
	{ "name": "hanguopifu_gu_1_", "bone": "root" },
	{ "name": "hanguopifu_chengbao_9_", "bone": "root" },
	{ "name": "hanguopifu_chengbao_8_", "bone": "root" },
	{ "name": "hanguopifu_chengbao_7_", "bone": "root" },
	{ "name": "hanguopifu_chengbao_6_", "bone": "root" },
	{ "name": "hanguopifu_chengbao_5_", "bone": "root" },
	{ "name": "hanguopifu_chengbao_4_", "bone": "root" },
	{ "name": "hanguopifu_chengbao_3_", "bone": "root" },
	{ "name": "hanguopifu_chengbao_2_", "bone": "root" },
	{ "name": "hanguopifu_chengbao_1_", "bone": "root" },
	{ "name": "hanguopifu_gu_", "bone": "root" },
	{ "name": "hanguopifu_shu_", "bone": "root" },
	{ "name": "hanguopifu_shuye_5_", "bone": "hanguopifu_shuye_5_" },
	{ "name": "hanguopifu_shuye_4_", "bone": "hanguopifu_shuye_4_" },
	{ "name": "hanguopifu_shuye_3_", "bone": "hanguopifu_shuye_3_" },
	{ "name": "hanguopifu_shuye_2_", "bone": "hanguopifu_shuye_2_" },
	{ "name": "hanguopifu_shuye_1_", "bone": "hanguopifu_shuye_1_" },
	{ "name": "hanguopifu_chengbao_yunduo_0_", "bone": "bone" },
	{ "name": "hanguopifu_chengbao_yunduo_1_", "bone": "bone2" },
	{ "name": "hanguopifu_chengbao_yunduo_2_", "bone": "bone3" },
	{ "name": "hanguopifu_chengbao_yunduo_4_", "bone": "bone5" }
],
"skins": {
	"default": {
		"hanguopifu_chengbao_1_": {
			"hanguopifu_chengbao_1_": { "x": 18.89, "y": 211.65, "width": 212, "height": 436 }
		},
		"hanguopifu_chengbao_2_": {
			"hanguopifu_chengbao_2_": { "x": 141.89, "y": 318.15, "width": 36, "height": 33 }
		},
		"hanguopifu_chengbao_3_": {
			"hanguopifu_chengbao_3_": { "x": 155.39, "y": 253.65, "width": 63, "height": 52 }
		},
		"hanguopifu_chengbao_4_": {
			"hanguopifu_chengbao_4_": { "x": 170.39, "y": 197.15, "width": 93, "height": 61 }
		},
		"hanguopifu_chengbao_5_": {
			"hanguopifu_chengbao_5_": { "x": 189.39, "y": 113.15, "width": 131, "height": 107 }
		},
		"hanguopifu_chengbao_6_": {
			"hanguopifu_chengbao_6_": { "x": -106.6, "y": 304.15, "width": 39, "height": 37 }
		},
		"hanguopifu_chengbao_7_": {
			"hanguopifu_chengbao_7_": { "x": -136.1, "y": 217.15, "width": 98, "height": 101 }
		},
		"hanguopifu_chengbao_8_": {
			"hanguopifu_chengbao_8_": { "x": -136.1, "y": 93.15, "width": 98, "height": 147 }
		},
		"hanguopifu_chengbao_9_": {
			"hanguopifu_chengbao_9_": { "x": -237.6, "y": 105.15, "width": 105, "height": 123 }
		},
		"hanguopifu_chengbao_yunduo_0_": {
			"hanguopifu_chengbao_yunduo_0_": { "width": 188, "height": 171 }
		},
		"hanguopifu_chengbao_yunduo_1_": {
			"hanguopifu_chengbao_yunduo_1_": { "width": 125, "height": 100 }
		},
		"hanguopifu_chengbao_yunduo_2_": {
			"hanguopifu_chengbao_yunduo_2_": { "width": 183, "height": 92 }
		},
		"hanguopifu_chengbao_yunduo_4_": {
			"hanguopifu_chengbao_yunduo_4_": { "width": 217, "height": 129 }
		},
		"hanguopifu_gu_": {
			"hanguopifu_gu_": { "x": -74.6, "y": 16.15, "width": 89, "height": 95 }
		},
		"hanguopifu_gu_1_": {
			"hanguopifu_gu_1_": { "x": 228.39, "y": 170.65, "width": 89, "height": 96 }
		},
		"hanguopifu_shu_": {
			"hanguopifu_shu_": { "x": -210.1, "y": 136.15, "width": 162, "height": 241 }
		},
		"hanguopifu_shu_2_": {
			"hanguopifu_shu_2_": { "x": 67.39, "y": 278.15, "width": 217, "height": 211 }
		},
		"hanguopifu_shuye_1_": {
			"hanguopifu_shuye_1_": { "x": 2.33, "y": 0.17, "width": 37, "height": 34 }
		},
		"hanguopifu_shuye_2_": {
			"hanguopifu_shuye_2_": { "x": -2.57, "y": -3.84, "width": 38, "height": 48 }
		},
		"hanguopifu_shuye_3_": {
			"hanguopifu_shuye_3_": { "x": 1.36, "y": -0.88, "width": 35, "height": 26 }
		},
		"hanguopifu_shuye_4_": {
			"hanguopifu_shuye_4_": { "x": 4.78, "y": -4.89, "width": 47, "height": 52 }
		},
		"hanguopifu_shuye_5_": {
			"hanguopifu_shuye_5_": { "x": -1.11, "y": -1.77, "width": 52, "height": 32 }
		},
		"hanguopifu_shuye_6_": {
			"hanguopifu_shuye_6_": { "x": -2.07, "y": -3.22, "width": 47, "height": 42 }
		},
		"hanguopifu_shuye_7_": {
			"hanguopifu_shuye_7_": { "x": 0.83, "y": 0.49, "width": 39, "height": 38 }
		},
		"hanguopifu_shuye_8_": {
			"hanguopifu_shuye_8_": { "x": 4.26, "y": 0.33, "width": 57, "height": 42 }
		},
		"hanguopifu_shuye_9_": {
			"hanguopifu_shuye_9_": { "x": 3.59, "y": 0.16, "width": 36, "height": 28 }
		}
	}
},
"animations": {
	"animation": {
		"slots": {
			"hanguopifu_chengbao_1_": {
				"attachment": [
					{ "time": 0, "name": "hanguopifu_chengbao_1_" },
					{ "time": 9.3333, "name": "hanguopifu_chengbao_1_" }
				]
			},
			"hanguopifu_chengbao_2_": {
				"attachment": [
					{ "time": 0, "name": "hanguopifu_chengbao_2_" },
					{ "time": 9.3333, "name": "hanguopifu_chengbao_2_" }
				]
			},
			"hanguopifu_chengbao_3_": {
				"attachment": [
					{ "time": 0, "name": "hanguopifu_chengbao_3_" },
					{ "time": 9.3333, "name": "hanguopifu_chengbao_3_" }
				]
			},
			"hanguopifu_chengbao_4_": {
				"attachment": [
					{ "time": 0, "name": "hanguopifu_chengbao_4_" },
					{ "time": 9.3333, "name": "hanguopifu_chengbao_4_" }
				]
			},
			"hanguopifu_chengbao_5_": {
				"attachment": [
					{ "time": 0, "name": "hanguopifu_chengbao_5_" },
					{ "time": 9.3333, "name": "hanguopifu_chengbao_5_" }
				]
			},
			"hanguopifu_chengbao_6_": {
				"attachment": [
					{ "time": 0, "name": "hanguopifu_chengbao_6_" },
					{ "time": 9.3333, "name": "hanguopifu_chengbao_6_" }
				]
			},
			"hanguopifu_chengbao_7_": {
				"attachment": [
					{ "time": 0, "name": "hanguopifu_chengbao_7_" },
					{ "time": 9.3333, "name": "hanguopifu_chengbao_7_" }
				]
			},
			"hanguopifu_chengbao_8_": {
				"attachment": [
					{ "time": 0, "name": "hanguopifu_chengbao_8_" },
					{ "time": 9.3333, "name": "hanguopifu_chengbao_8_" }
				]
			},
			"hanguopifu_chengbao_9_": {
				"attachment": [
					{ "time": 0, "name": "hanguopifu_chengbao_9_" },
					{ "time": 9.3333, "name": "hanguopifu_chengbao_9_" }
				]
			},
			"hanguopifu_chengbao_yunduo_0_": {
				"attachment": [
					{ "time": 0, "name": "hanguopifu_chengbao_yunduo_0_" },
					{ "time": 0.6666, "name": "hanguopifu_chengbao_yunduo_0_" },
					{ "time": 9.3333, "name": "hanguopifu_chengbao_yunduo_0_" }
				],
				"color": [
					{ "time": 0, "color": "ffffff00", "curve": "stepped" },
					{ "time": 0.6666, "color": "ffffff00" },
					{ "time": 3.3, "color": "ffffffff", "curve": "stepped" },
					{ "time": 7.5333, "color": "ffffffff" },
					{ "time": 8.7666, "color": "ffffff00" }
				]
			},
			"hanguopifu_chengbao_yunduo_1_": {
				"attachment": [
					{ "time": 0, "name": "hanguopifu_chengbao_yunduo_1_" },
					{ "time": 9.3333, "name": "hanguopifu_chengbao_yunduo_1_" }
				],
				"color": [
					{ "time": 0, "color": "ffffffff" }
				]
			},
			"hanguopifu_chengbao_yunduo_2_": {
				"attachment": [
					{ "time": 0, "name": "hanguopifu_chengbao_yunduo_2_" },
					{ "time": 9.3333, "name": "hanguopifu_chengbao_yunduo_2_" }
				],
				"color": [
					{ "time": 0, "color": "ffffff00", "curve": "stepped" },
					{ "time": 4.5, "color": "ffffff00" },
					{ "time": 5.8333, "color": "ffffffff", "curve": "stepped" },
					{ "time": 8.3666, "color": "ffffffff" },
					{ "time": 9.3333, "color": "ffffff00" }
				]
			},
			"hanguopifu_chengbao_yunduo_4_": {
				"attachment": [
					{ "time": 0, "name": "hanguopifu_chengbao_yunduo_4_" },
					{ "time": 9.3333, "name": "hanguopifu_chengbao_yunduo_4_" }
				],
				"color": [
					{ "time": 0, "color": "ffffff00" },
					{ "time": 1.2, "color": "ffffffff", "curve": "stepped" },
					{ "time": 4.5666, "color": "ffffffff" },
					{ "time": 6.6666, "color": "ffffff00" }
				]
			},
			"hanguopifu_gu_": {
				"attachment": [
					{ "time": 0, "name": "hanguopifu_gu_" },
					{ "time": 9.3333, "name": "hanguopifu_gu_" }
				]
			},
			"hanguopifu_gu_1_": {
				"attachment": [
					{ "time": 0, "name": "hanguopifu_gu_1_" },
					{ "time": 9.3333, "name": "hanguopifu_gu_1_" }
				]
			},
			"hanguopifu_shu_": {
				"attachment": [
					{ "time": 0, "name": "hanguopifu_shu_" },
					{ "time": 9.3333, "name": "hanguopifu_shu_" }
				]
			},
			"hanguopifu_shu_2_": {
				"attachment": [
					{ "time": 0, "name": "hanguopifu_shu_2_" },
					{ "time": 9.3333, "name": "hanguopifu_shu_2_" }
				]
			},
			"hanguopifu_shuye_1_": {
				"attachment": [
					{ "time": 0, "name": "hanguopifu_shuye_1_" },
					{ "time": 3.7, "name": "hanguopifu_shuye_1_" },
					{ "time": 9.3333, "name": "hanguopifu_shuye_1_" }
				]
			},
			"hanguopifu_shuye_2_": {
				"attachment": [
					{ "time": 0, "name": "hanguopifu_shuye_2_" },
					{ "time": 2.5666, "name": "hanguopifu_shuye_2_" },
					{ "time": 3.7, "name": "hanguopifu_shuye_2_" },
					{ "time": 9.3333, "name": "hanguopifu_shuye_2_" }
				]
			},
			"hanguopifu_shuye_3_": {
				"attachment": [
					{ "time": 0, "name": "hanguopifu_shuye_3_" },
					{ "time": 3.7, "name": "hanguopifu_shuye_3_" },
					{ "time": 9.3333, "name": "hanguopifu_shuye_3_" }
				]
			},
			"hanguopifu_shuye_4_": {
				"attachment": [
					{ "time": 0, "name": "hanguopifu_shuye_4_" },
					{ "time": 3.7, "name": "hanguopifu_shuye_4_" },
					{ "time": 9.3333, "name": "hanguopifu_shuye_4_" }
				]
			},
			"hanguopifu_shuye_5_": {
				"attachment": [
					{ "time": 0, "name": "hanguopifu_shuye_5_" },
					{ "time": 3.7, "name": "hanguopifu_shuye_5_" },
					{ "time": 9.3333, "name": "hanguopifu_shuye_5_" }
				]
			},
			"hanguopifu_shuye_6_": {
				"attachment": [
					{ "time": 0, "name": "hanguopifu_shuye_6_" },
					{ "time": 2.4333, "name": "hanguopifu_shuye_6_" },
					{ "time": 3.7, "name": "hanguopifu_shuye_6_" },
					{ "time": 9.3333, "name": "hanguopifu_shuye_6_" }
				]
			},
			"hanguopifu_shuye_7_": {
				"attachment": [
					{ "time": 0, "name": "hanguopifu_shuye_7_" },
					{ "time": 9.3333, "name": "hanguopifu_shuye_7_" }
				]
			},
			"hanguopifu_shuye_8_": {
				"attachment": [
					{ "time": 0, "name": "hanguopifu_shuye_8_" },
					{ "time": 9.3333, "name": "hanguopifu_shuye_8_" }
				]
			},
			"hanguopifu_shuye_9_": {
				"attachment": [
					{ "time": 0, "name": "hanguopifu_shuye_9_" },
					{ "time": 3.7, "name": "hanguopifu_shuye_9_" },
					{ "time": 9.3333, "name": "hanguopifu_shuye_9_" }
				]
			}
		},
		"bones": {
			"hanguopifu_shuye_6_": {
				"rotate": [
					{ "time": 0, "angle": 0 },
					{ "time": 2.4333, "angle": 7.53 },
					{ "time": 3.7, "angle": 0 }
				],
				"translate": [
					{ "time": 0, "x": 2.1, "y": 0 },
					{ "time": 2.4333, "x": -1.73, "y": 0 },
					{ "time": 3.7, "x": 2.1, "y": 0 }
				],
				"scale": [
					{ "time": 0, "x": 1.158, "y": 1.158 },
					{ "time": 2.4333, "x": 1.156, "y": 1.156 },
					{ "time": 3.7, "x": 1.158, "y": 1.158 }
				]
			},
			"hanguopifu_shuye_7_": {
				"rotate": [
					{ "time": 0, "angle": 0 }
				],
				"translate": [
					{ "time": 0, "x": 0, "y": 0 }
				],
				"scale": [
					{ "time": 0, "x": 1, "y": 1 }
				]
			},
			"hanguopifu_shuye_9_": {
				"rotate": [
					{ "time": 0, "angle": 0 },
					{ "time": 2.4333, "angle": -6.3 },
					{ "time": 3.7, "angle": 0 }
				],
				"translate": [
					{ "time": 0, "x": 0, "y": 0 },
					{ "time": 2.4333, "x": 0.52, "y": 0 },
					{ "time": 3.7, "x": 0, "y": 0 }
				],
				"scale": [
					{ "time": 0, "x": 1, "y": 1 },
					{ "time": 2.4333, "x": 1.154, "y": 1.154 },
					{ "time": 3.7, "x": 1, "y": 1 }
				]
			},
			"hanguopifu_shuye_5_": {
				"rotate": [
					{ "time": 0, "angle": 0 },
					{ "time": 2.4333, "angle": -7.05 },
					{ "time": 3.7, "angle": 0 }
				],
				"translate": [
					{ "time": 0, "x": -4.97, "y": 0 },
					{ "time": 2.4333, "x": -2.98, "y": -0.3 },
					{ "time": 3.7, "x": -4.97, "y": 0 }
				],
				"scale": [
					{ "time": 0, "x": 1, "y": 1 },
					{ "time": 2.4333, "x": 1.035, "y": 1.035 },
					{ "time": 3.7, "x": 1, "y": 1 }
				]
			},
			"hanguopifu_shuye_1_": {
				"rotate": [
					{ "time": 0, "angle": 8.2 },
					{ "time": 2.4333, "angle": 14.63 },
					{ "time": 3.7, "angle": 8.2 }
				],
				"translate": [
					{ "time": 0, "x": -1.28, "y": 4.15 },
					{ "time": 2.4333, "x": -2.49, "y": 3.75 },
					{ "time": 3.7, "x": -1.28, "y": 4.15 }
				],
				"scale": [
					{ "time": 0, "x": 1.113, "y": 1.113 },
					{ "time": 2.4333, "x": 1.093, "y": 1.093 },
					{ "time": 3.7, "x": 1.113, "y": 1.113 }
				]
			},
			"hanguopifu_shuye_2_": {
				"rotate": [
					{ "time": 0, "angle": 0 },
					{ "time": 2.5666, "angle": 1.5 },
					{ "time": 3.7, "angle": 0 }
				],
				"translate": [
					{ "time": 0, "x": -4.46, "y": 0 },
					{ "time": 2.5666, "x": -3.1, "y": 0 },
					{ "time": 3.7, "x": -4.46, "y": 0 }
				],
				"scale": [
					{ "time": 0, "x": 0.928, "y": 0.928 },
					{ "time": 2.5666, "x": 0.978, "y": 0.978 },
					{ "time": 3.7, "x": 0.928, "y": 0.928 }
				]
			},
			"hanguopifu_shuye_3_": {
				"rotate": [
					{ "time": 0, "angle": 0, "curve": "stepped" },
					{ "time": 2.4333, "angle": 0, "curve": "stepped" },
					{ "time": 3.7, "angle": 0 }
				],
				"translate": [
					{ "time": 0, "x": 0, "y": 0, "curve": "stepped" },
					{ "time": 2.4333, "x": 0, "y": 0, "curve": "stepped" },
					{ "time": 3.7, "x": 0, "y": 0 }
				],
				"scale": [
					{ "time": 0, "x": 1.312, "y": 1.312 },
					{ "time": 2.4333, "x": 1.405, "y": 1.405 },
					{ "time": 3.7, "x": 1.312, "y": 1.312 }
				]
			},
			"hanguopifu_shuye_4_": {
				"rotate": [
					{ "time": 0, "angle": 6.62 },
					{ "time": 2.4333, "angle": -2.91 },
					{ "time": 3.7, "angle": 6.62 }
				],
				"translate": [
					{
						"time": 0,
						"x": -4.42,
						"y": -1.31,
						"curve": [ 0.261, 0, 0.617, 0.44 ]
					},
					{
						"time": 2.4333,
						"x": -2.23,
						"y": -0.88,
						"curve": [ 0.357, 0.42, 0.755, 1 ]
					},
					{ "time": 3.7, "x": -4.42, "y": -1.31 }
				],
				"scale": [
					{ "time": 0, "x": 1, "y": 1 },
					{ "time": 2.4333, "x": 1.032, "y": 1.032 },
					{ "time": 3.7, "x": 1, "y": 1 }
				]
			},
			"bone": {
				"rotate": [
					{ "time": 0, "angle": 0, "curve": "stepped" },
					{ "time": 0.6666, "angle": 0, "curve": "stepped" },
					{ "time": 5.8666, "angle": 0 }
				],
				"translate": [
					{ "time": 0, "x": -74.75, "y": 385.43, "curve": "stepped" },
					{
						"time": 0.6666,
						"x": -74.75,
						"y": 385.43,
						"curve": [ 0.254, 0, 0.62, 0.47 ]
					},
					{ "time": 8.7666, "x": -130.08, "y": 402.28 }
				],
				"scale": [
					{ "time": 0, "x": 1, "y": 1, "curve": "stepped" },
					{ "time": 0.6666, "x": 1, "y": 1 },
					{ "time": 3.3, "x": 1.3, "y": 1.3, "curve": "stepped" },
					{ "time": 5.8666, "x": 1.3, "y": 1.3 }
				]
			},
			"bone2": {
				"rotate": [
					{ "time": 0, "angle": 0, "curve": "stepped" },
					{ "time": 5.3333, "angle": 0, "curve": "stepped" },
					{ "time": 9.3333, "angle": 0 }
				],
				"translate": [
					{
						"time": 0,
						"x": 112.12,
						"y": 344.55,
						"curve": [ 0.324, 0, 0.657, 0.33 ]
					},
					{
						"time": 2.8,
						"x": 118.14,
						"y": 350.57,
						"curve": [ 0.325, 0.23, 0.659, 0.56 ]
					},
					{ "time": 5.3333, "x": 112.12, "y": 344.55 },
					{ "time": 7.3333, "x": 109.72, "y": 340.95 },
					{ "time": 9.3333, "x": 112.12, "y": 344.55 }
				],
				"scale": [
					{ "time": 0, "x": 1, "y": 1, "curve": "stepped" },
					{ "time": 5.3333, "x": 1, "y": 1, "curve": "stepped" },
					{ "time": 9.3333, "x": 1, "y": 1 }
				]
			},
			"bone3": {
				"rotate": [
					{ "time": 0, "angle": 0, "curve": "stepped" },
					{ "time": 4.5, "angle": 0 }
				],
				"translate": [
					{ "time": 0, "x": 18.78, "y": 230.7, "curve": "stepped" },
					{ "time": 4.5, "x": 18.78, "y": 230.7 },
					{ "time": 9.3333, "x": -55.22, "y": 230.7 }
				],
				"scale": [
					{ "time": 0, "x": 1, "y": 1, "curve": "stepped" },
					{ "time": 4.5, "x": 1, "y": 1 },
					{ "time": 9.3333, "x": 1.258, "y": 1.258 }
				]
			},
			"bone5": {
				"rotate": [
					{ "time": 0, "angle": 0 }
				],
				"translate": [
					{ "time": 0, "x": 174.03, "y": 244.11 },
					{ "time": 6.6666, "x": 82.64, "y": 244.11 }
				],
				"scale": [
					{ "time": 0, "x": 1, "y": 1 },
					{ "time": 4.5666, "x": 1.167, "y": 1.167 }
				]
			}
		}
	}
}
}