{
"skeleton": { "hash": "UEy/VulAFyGgqpG+hQBzzn0C94A", "spine": "2.1.27", "width": 270, "height": 100 },
"bones": [
	{ "name": "root" }
],
"slots": [
	{ "name": "Google_1_", "bone": "root", "attachment": "Google_1_" },
	{ "name": "Google_2_", "bone": "root", "attachment": "Google_2_" },
	{ "name": "Google_3_", "bone": "root", "attachment": "Google_3_" },
	{ "name": "Google_4_", "bone": "root", "attachment": "Google_4_" },
	{ "name": "Google_5_", "bone": "root", "attachment": "Google_5_" },
	{ "name": "Google_6_", "bone": "root", "attachment": "Google_6_" },
	{ "name": "Google_7_", "bone": "root", "attachment": "Google_7_" },
	{ "name": "Google_8_", "bone": "root", "attachment": "Google_8_" }
],
"skins": {
	"default": {
		"Google_1_": {
			"Google_1_": { "y": 48.7, "width": 270, "height": 100 }
		},
		"Google_2_": {
			"Google_2_": { "y": 48.7, "width": 270, "height": 100 }
		},
		"Google_3_": {
			"Google_3_": { "y": 48.7, "width": 270, "height": 100 }
		},
		"Google_4_": {
			"Google_4_": { "y": 48.7, "width": 270, "height": 100 }
		},
		"Google_5_": {
			"Google_5_": { "y": 48.7, "width": 270, "height": 100 }
		},
		"Google_6_": {
			"Google_6_": { "y": 48.7, "width": 270, "height": 100 }
		},
		"Google_7_": {
			"Google_7_": { "y": 48.7, "width": 270, "height": 100 }
		},
		"Google_8_": {
			"Google_8_": { "y": 48.7, "width": 270, "height": 100 }
		}
	}
},
"animations": {
	"animation": {
		"slots": {
			"Google_1_": {
				"attachment": [
					{ "time": 0, "name": "Google_1_" },
					{ "time": 0.1333, "name": null }
				]
			},
			"Google_2_": {
				"attachment": [
					{ "time": 0, "name": null },
					{ "time": 0.1333, "name": "Google_2_" },
					{ "time": 0.2666, "name": null }
				]
			},
			"Google_3_": {
				"attachment": [
					{ "time": 0, "name": null },
					{ "time": 0.1333, "name": null },
					{ "time": 0.2666, "name": "Google_3_" },
					{ "time": 0.3666, "name": null }
				]
			},
			"Google_4_": {
				"attachment": [
					{ "time": 0, "name": null },
					{ "time": 0.2666, "name": null },
					{ "time": 0.3666, "name": "Google_4_" },
					{ "time": 0.5, "name": null }
				]
			},
			"Google_5_": {
				"attachment": [
					{ "time": 0, "name": null },
					{ "time": 0.3666, "name": null },
					{ "time": 0.5, "name": "Google_5_" },
					{ "time": 0.6333, "name": null }
				]
			},
			"Google_6_": {
				"attachment": [
					{ "time": 0, "name": null },
					{ "time": 0.5, "name": null },
					{ "time": 0.6333, "name": "Google_6_" },
					{ "time": 0.7666, "name": null }
				]
			},
			"Google_7_": {
				"attachment": [
					{ "time": 0, "name": null },
					{ "time": 0.6333, "name": null },
					{ "time": 0.7666, "name": "Google_7_" },
					{ "time": 0.8666, "name": null }
				]
			},
			"Google_8_": {
				"attachment": [
					{ "time": 0, "name": null },
					{ "time": 0.7666, "name": null },
					{ "time": 0.8666, "name": "Google_8_" },
					{ "time": 1, "name": null }
				]
			}
		}
	}
}
}