{
"skeleton": { "hash": "tfvGDRfp/2OZ/0CXSgGagMl4B4Q", "spine": "3.7.94", "width": 1113.6, "height": 1113.6, "images": "./images/", "audio": "E:/22年2月黄金宝箱_烈焰女王/ae/导出/3/bing_gj_group" },
"bones": [
	{ "name": "root" },
	{ "name": "ctr", "parent": "root", "x": 103.2, "y": 28.51, "scaleX": 1.16, "scaleY": 1.16 },
	{ "name": "binggj_UL_", "parent": "ctr" },
	{ "name": "binggj_UR_", "parent": "ctr" },
	{ "name": "binggj_DL_", "parent": "ctr" },
	{ "name": "binggj_DR_", "parent": "ctr" }
],
"slots": [
	{ "name": "binggj_UL_", "bone": "binggj_UL_", "attachment": "binggj_UL_27_" },
	{ "name": "binggj_UR_", "bone": "binggj_UR_", "attachment": "binggj_UR_27_" },
	{ "name": "binggj_DL_", "bone": "binggj_DL_", "attachment": "binggj_DL_27_" },
	{ "name": "binggj_DR_", "bone": "binggj_DR_", "attachment": "binggj_DR_27_" }
],
"skins": {
	"default": {
		"binggj_DL_": {
			"binggj_DL_00_": { "x": -243.5, "y": -200, "width": 487, "height": 400 },
			"binggj_DL_01_": { "x": -243.5, "y": -200, "width": 487, "height": 400 },
			"binggj_DL_02_": { "x": -243.5, "y": -200, "width": 487, "height": 400 },
			"binggj_DL_03_": { "x": -243.5, "y": -200, "width": 487, "height": 400 },
			"binggj_DL_04_": { "x": -243.5, "y": -200, "width": 487, "height": 400 },
			"binggj_DL_05_": { "x": -243.5, "y": -200, "width": 487, "height": 400 },
			"binggj_DL_06_": { "x": -243.5, "y": -200, "width": 487, "height": 400 },
			"binggj_DL_07_": { "x": -243.5, "y": -200, "width": 487, "height": 400 },
			"binggj_DL_08_": { "x": -243.5, "y": -200, "width": 487, "height": 400 },
			"binggj_DL_09_": { "x": -243.5, "y": -200, "width": 487, "height": 400 },
			"binggj_DL_10_": { "x": -243.5, "y": -200, "width": 487, "height": 400 },
			"binggj_DL_11_": { "x": -243.5, "y": -200, "width": 487, "height": 400 },
			"binggj_DL_12_": { "x": -243.5, "y": -200, "width": 487, "height": 400 },
			"binggj_DL_13_": { "x": -243.5, "y": -200, "width": 487, "height": 400 },
			"binggj_DL_14_": { "x": -243.5, "y": -200, "width": 487, "height": 400 },
			"binggj_DL_15_": { "x": -243.5, "y": -200, "width": 487, "height": 400 },
			"binggj_DL_16_": { "x": -243.5, "y": -200, "width": 487, "height": 400 },
			"binggj_DL_17_": { "x": -243.5, "y": -200, "width": 487, "height": 400 },
			"binggj_DL_18_": { "x": -243.5, "y": -200, "width": 487, "height": 400 },
			"binggj_DL_19_": { "x": -243.5, "y": -200, "width": 487, "height": 400 },
			"binggj_DL_20_": { "x": -243.5, "y": -200, "width": 487, "height": 400 },
			"binggj_DL_21_": { "x": -243.5, "y": -200, "width": 487, "height": 400 },
			"binggj_DL_22_": { "x": -243.5, "y": -200, "width": 487, "height": 400 },
			"binggj_DL_23_": { "x": -243.5, "y": -200, "width": 487, "height": 400 },
			"binggj_DL_24_": { "x": -243.5, "y": -200, "width": 487, "height": 400 },
			"binggj_DL_25_": { "x": -243.5, "y": -200, "width": 487, "height": 400 },
			"binggj_DL_26_": { "x": -243.5, "y": -200, "width": 487, "height": 400 },
			"binggj_DL_27_": { "x": -243.5, "y": -200, "width": 487, "height": 400 }
		},
		"binggj_DR_": {
			"binggj_DR_00_": { "x": 236.5, "y": -200, "width": 473, "height": 400 },
			"binggj_DR_01_": { "x": 236.5, "y": -200, "width": 473, "height": 400 },
			"binggj_DR_02_": { "x": 236.5, "y": -200, "width": 473, "height": 400 },
			"binggj_DR_03_": { "x": 236.5, "y": -200, "width": 473, "height": 400 },
			"binggj_DR_04_": { "x": 236.5, "y": -200, "width": 473, "height": 400 },
			"binggj_DR_05_": { "x": 236.5, "y": -200, "width": 473, "height": 400 },
			"binggj_DR_06_": { "x": 236.5, "y": -200, "width": 473, "height": 400 },
			"binggj_DR_07_": { "x": 236.5, "y": -200, "width": 473, "height": 400 },
			"binggj_DR_08_": { "x": 236.5, "y": -200, "width": 473, "height": 400 },
			"binggj_DR_09_": { "x": 236.5, "y": -200, "width": 473, "height": 400 },
			"binggj_DR_10_": { "x": 236.5, "y": -200, "width": 473, "height": 400 },
			"binggj_DR_11_": { "x": 236.5, "y": -200, "width": 473, "height": 400 },
			"binggj_DR_12_": { "x": 236.5, "y": -200, "width": 473, "height": 400 },
			"binggj_DR_13_": { "x": 236.5, "y": -200, "width": 473, "height": 400 },
			"binggj_DR_14_": { "x": 236.5, "y": -200, "width": 473, "height": 400 },
			"binggj_DR_15_": { "x": 236.5, "y": -200, "width": 473, "height": 400 },
			"binggj_DR_16_": { "x": 236.5, "y": -200, "width": 473, "height": 400 },
			"binggj_DR_17_": { "x": 236.5, "y": -200, "width": 473, "height": 400 },
			"binggj_DR_18_": { "x": 236.5, "y": -200, "width": 473, "height": 400 },
			"binggj_DR_19_": { "x": 236.5, "y": -200, "width": 473, "height": 400 },
			"binggj_DR_20_": { "x": 236.5, "y": -200, "width": 473, "height": 400 },
			"binggj_DR_21_": { "x": 236.5, "y": -200, "width": 473, "height": 400 },
			"binggj_DR_22_": { "x": 236.5, "y": -200, "width": 473, "height": 400 },
			"binggj_DR_23_": { "x": 236.5, "y": -200, "width": 473, "height": 400 },
			"binggj_DR_24_": { "x": 236.5, "y": -200, "width": 473, "height": 400 },
			"binggj_DR_25_": { "x": 236.5, "y": -200, "width": 473, "height": 400 },
			"binggj_DR_26_": { "x": 236.5, "y": -200, "width": 473, "height": 400 },
			"binggj_DR_27_": { "x": 236.5, "y": -200, "width": 473, "height": 400 }
		},
		"binggj_UL_": {
			"binggj_UL_00_": { "x": -243.5, "y": 280, "width": 487, "height": 560 },
			"binggj_UL_01_": { "x": -243.5, "y": 280, "width": 487, "height": 560 },
			"binggj_UL_02_": { "x": -243.5, "y": 280, "width": 487, "height": 560 },
			"binggj_UL_03_": { "x": -243.5, "y": 280, "width": 487, "height": 560 },
			"binggj_UL_04_": { "x": -243.5, "y": 280, "width": 487, "height": 560 },
			"binggj_UL_05_": { "x": -243.5, "y": 280, "width": 487, "height": 560 },
			"binggj_UL_06_": { "x": -243.5, "y": 280, "width": 487, "height": 560 },
			"binggj_UL_07_": { "x": -243.5, "y": 280, "width": 487, "height": 560 },
			"binggj_UL_08_": { "x": -243.5, "y": 280, "width": 487, "height": 560 },
			"binggj_UL_09_": { "x": -243.5, "y": 280, "width": 487, "height": 560 },
			"binggj_UL_10_": { "x": -243.5, "y": 280, "width": 487, "height": 560 },
			"binggj_UL_11_": { "x": -243.5, "y": 280, "width": 487, "height": 560 },
			"binggj_UL_12_": { "x": -243.5, "y": 280, "width": 487, "height": 560 },
			"binggj_UL_13_": { "x": -243.5, "y": 280, "width": 487, "height": 560 },
			"binggj_UL_14_": { "x": -243.5, "y": 280, "width": 487, "height": 560 },
			"binggj_UL_15_": { "x": -243.5, "y": 280, "width": 487, "height": 560 },
			"binggj_UL_16_": { "x": -243.5, "y": 280, "width": 487, "height": 560 },
			"binggj_UL_17_": { "x": -243.5, "y": 280, "width": 487, "height": 560 },
			"binggj_UL_18_": { "x": -243.5, "y": 280, "width": 487, "height": 560 },
			"binggj_UL_19_": { "x": -243.5, "y": 280, "width": 487, "height": 560 },
			"binggj_UL_20_": { "x": -243.5, "y": 280, "width": 487, "height": 560 },
			"binggj_UL_21_": { "x": -243.5, "y": 280, "width": 487, "height": 560 },
			"binggj_UL_22_": { "x": -243.5, "y": 280, "width": 487, "height": 560 },
			"binggj_UL_23_": { "x": -243.5, "y": 280, "width": 487, "height": 560 },
			"binggj_UL_24_": { "x": -243.5, "y": 280, "width": 487, "height": 560 },
			"binggj_UL_25_": { "x": -243.5, "y": 280, "width": 487, "height": 560 },
			"binggj_UL_26_": { "x": -243.5, "y": 280, "width": 487, "height": 560 },
			"binggj_UL_27_": { "x": -243.5, "y": 280, "width": 487, "height": 560 }
		},
		"binggj_UR_": {
			"binggj_UR_00_": { "x": 236.5, "y": 280, "width": 473, "height": 560 },
			"binggj_UR_01_": { "x": 236.5, "y": 280, "width": 473, "height": 560 },
			"binggj_UR_02_": { "x": 236.5, "y": 280, "width": 473, "height": 560 },
			"binggj_UR_03_": { "x": 236.5, "y": 280, "width": 473, "height": 560 },
			"binggj_UR_04_": { "x": 236.5, "y": 280, "width": 473, "height": 560 },
			"binggj_UR_05_": { "x": 236.5, "y": 280, "width": 473, "height": 560 },
			"binggj_UR_06_": { "x": 236.5, "y": 280, "width": 473, "height": 560 },
			"binggj_UR_07_": { "x": 236.5, "y": 280, "width": 473, "height": 560 },
			"binggj_UR_08_": { "x": 236.5, "y": 280, "width": 473, "height": 560 },
			"binggj_UR_09_": { "x": 236.5, "y": 280, "width": 473, "height": 560 },
			"binggj_UR_10_": { "x": 236.5, "y": 280, "width": 473, "height": 560 },
			"binggj_UR_11_": { "x": 236.5, "y": 280, "width": 473, "height": 560 },
			"binggj_UR_12_": { "x": 236.5, "y": 280, "width": 473, "height": 560 },
			"binggj_UR_13_": { "x": 236.5, "y": 280, "width": 473, "height": 560 },
			"binggj_UR_14_": { "x": 236.5, "y": 280, "width": 473, "height": 560 },
			"binggj_UR_15_": { "x": 236.5, "y": 280, "width": 473, "height": 560 },
			"binggj_UR_16_": { "x": 236.5, "y": 280, "width": 473, "height": 560 },
			"binggj_UR_17_": { "x": 236.5, "y": 280, "width": 473, "height": 560 },
			"binggj_UR_18_": { "x": 236.5, "y": 280, "width": 473, "height": 560 },
			"binggj_UR_19_": { "x": 236.5, "y": 280, "width": 473, "height": 560 },
			"binggj_UR_20_": { "x": 236.5, "y": 280, "width": 473, "height": 560 },
			"binggj_UR_21_": { "x": 236.5, "y": 280, "width": 473, "height": 560 },
			"binggj_UR_22_": { "x": 236.5, "y": 280, "width": 473, "height": 560 },
			"binggj_UR_23_": { "x": 236.5, "y": 280, "width": 473, "height": 560 },
			"binggj_UR_24_": { "x": 236.5, "y": 280, "width": 473, "height": 560 },
			"binggj_UR_25_": { "x": 236.5, "y": 280, "width": 473, "height": 560 },
			"binggj_UR_26_": { "x": 236.5, "y": 280, "width": 473, "height": 560 },
			"binggj_UR_27_": { "x": 236.5, "y": 280, "width": 473, "height": 560 }
		}
	}
},
"animations": {
	"animation": {
		"slots": {
			"binggj_DL_": {
				"attachment": [
					{ "time": 0, "name": "binggj_DL_00_" },
					{ "time": 0.1, "name": "binggj_DL_01_" },
					{ "time": 0.2333, "name": "binggj_DL_02_" },
					{ "time": 0.3333, "name": "binggj_DL_03_" },
					{ "time": 0.4333, "name": "binggj_DL_04_" },
					{ "time": 0.5333, "name": "binggj_DL_05_" },
					{ "time": 0.6667, "name": "binggj_DL_06_" },
					{ "time": 0.7667, "name": "binggj_DL_07_" },
					{ "time": 0.8667, "name": "binggj_DL_08_" },
					{ "time": 0.9667, "name": "binggj_DL_09_" },
					{ "time": 1.1, "name": "binggj_DL_10_" },
					{ "time": 1.2, "name": "binggj_DL_11_" },
					{ "time": 1.3, "name": "binggj_DL_12_" },
					{ "time": 1.4, "name": "binggj_DL_13_" },
					{ "time": 1.5333, "name": "binggj_DL_14_" },
					{ "time": 1.6333, "name": "binggj_DL_15_" },
					{ "time": 1.7333, "name": "binggj_DL_16_" },
					{ "time": 1.8333, "name": "binggj_DL_17_" },
					{ "time": 1.9667, "name": "binggj_DL_18_" },
					{ "time": 2.0667, "name": "binggj_DL_19_" },
					{ "time": 2.1667, "name": "binggj_DL_20_" },
					{ "time": 2.2667, "name": "binggj_DL_21_" },
					{ "time": 2.4, "name": "binggj_DL_22_" },
					{ "time": 2.5, "name": "binggj_DL_23_" },
					{ "time": 2.6, "name": "binggj_DL_24_" },
					{ "time": 2.7, "name": "binggj_DL_25_" },
					{ "time": 2.8333, "name": "binggj_DL_26_" },
					{ "time": 2.9333, "name": "binggj_DL_27_" },
					{ "time": 3.0333, "name": null }
				]
			},
			"binggj_DR_": {
				"attachment": [
					{ "time": 0, "name": "binggj_DR_00_" },
					{ "time": 0.1, "name": "binggj_DR_01_" },
					{ "time": 0.2333, "name": "binggj_DR_02_" },
					{ "time": 0.3333, "name": "binggj_DR_03_" },
					{ "time": 0.4333, "name": "binggj_DR_04_" },
					{ "time": 0.5333, "name": "binggj_DR_05_" },
					{ "time": 0.6667, "name": "binggj_DR_06_" },
					{ "time": 0.7667, "name": "binggj_DR_07_" },
					{ "time": 0.8667, "name": "binggj_DR_08_" },
					{ "time": 0.9667, "name": "binggj_DR_09_" },
					{ "time": 1.1, "name": "binggj_DR_10_" },
					{ "time": 1.2, "name": "binggj_DR_11_" },
					{ "time": 1.3, "name": "binggj_DR_12_" },
					{ "time": 1.4, "name": "binggj_DR_13_" },
					{ "time": 1.5333, "name": "binggj_DR_14_" },
					{ "time": 1.6333, "name": "binggj_DR_15_" },
					{ "time": 1.7333, "name": "binggj_DR_16_" },
					{ "time": 1.8333, "name": "binggj_DR_17_" },
					{ "time": 1.9667, "name": "binggj_DR_18_" },
					{ "time": 2.0667, "name": "binggj_DR_19_" },
					{ "time": 2.1667, "name": "binggj_DR_20_" },
					{ "time": 2.2667, "name": "binggj_DR_21_" },
					{ "time": 2.4, "name": "binggj_DR_22_" },
					{ "time": 2.5, "name": "binggj_DR_23_" },
					{ "time": 2.6, "name": "binggj_DR_24_" },
					{ "time": 2.7, "name": "binggj_DR_25_" },
					{ "time": 2.8333, "name": "binggj_DR_26_" },
					{ "time": 2.9333, "name": "binggj_DR_27_" },
					{ "time": 3.0333, "name": null }
				]
			},
			"binggj_UL_": {
				"attachment": [
					{ "time": 0, "name": "binggj_UL_00_" },
					{ "time": 0.1, "name": "binggj_UL_01_" },
					{ "time": 0.2333, "name": "binggj_UL_02_" },
					{ "time": 0.3333, "name": "binggj_UL_03_" },
					{ "time": 0.4333, "name": "binggj_UL_04_" },
					{ "time": 0.5333, "name": "binggj_UL_05_" },
					{ "time": 0.6667, "name": "binggj_UL_06_" },
					{ "time": 0.7667, "name": "binggj_UL_07_" },
					{ "time": 0.8667, "name": "binggj_UL_08_" },
					{ "time": 0.9667, "name": "binggj_UL_09_" },
					{ "time": 1.1, "name": "binggj_UL_10_" },
					{ "time": 1.2, "name": "binggj_UL_11_" },
					{ "time": 1.3, "name": "binggj_UL_12_" },
					{ "time": 1.4, "name": "binggj_UL_13_" },
					{ "time": 1.5333, "name": "binggj_UL_14_" },
					{ "time": 1.6333, "name": "binggj_UL_15_" },
					{ "time": 1.7333, "name": "binggj_UL_16_" },
					{ "time": 1.8333, "name": "binggj_UL_17_" },
					{ "time": 1.9667, "name": "binggj_UL_18_" },
					{ "time": 2.0667, "name": "binggj_UL_19_" },
					{ "time": 2.1667, "name": "binggj_UL_20_" },
					{ "time": 2.2667, "name": "binggj_UL_21_" },
					{ "time": 2.4, "name": "binggj_UL_22_" },
					{ "time": 2.5, "name": "binggj_UL_23_" },
					{ "time": 2.6, "name": "binggj_UL_24_" },
					{ "time": 2.7, "name": "binggj_UL_25_" },
					{ "time": 2.8333, "name": "binggj_UL_26_" },
					{ "time": 2.9333, "name": "binggj_UL_27_" },
					{ "time": 3.0333, "name": null }
				]
			},
			"binggj_UR_": {
				"attachment": [
					{ "time": 0, "name": "binggj_UR_00_" },
					{ "time": 0.1, "name": "binggj_UR_01_" },
					{ "time": 0.2333, "name": "binggj_UR_02_" },
					{ "time": 0.3333, "name": "binggj_UR_03_" },
					{ "time": 0.4333, "name": "binggj_UR_04_" },
					{ "time": 0.5333, "name": "binggj_UR_05_" },
					{ "time": 0.6667, "name": "binggj_UR_06_" },
					{ "time": 0.7667, "name": "binggj_UR_07_" },
					{ "time": 0.8667, "name": "binggj_UR_08_" },
					{ "time": 0.9667, "name": "binggj_UR_09_" },
					{ "time": 1.1, "name": "binggj_UR_10_" },
					{ "time": 1.2, "name": "binggj_UR_11_" },
					{ "time": 1.3, "name": "binggj_UR_12_" },
					{ "time": 1.4, "name": "binggj_UR_13_" },
					{ "time": 1.5333, "name": "binggj_UR_14_" },
					{ "time": 1.6333, "name": "binggj_UR_15_" },
					{ "time": 1.7333, "name": "binggj_UR_16_" },
					{ "time": 1.8333, "name": "binggj_UR_17_" },
					{ "time": 1.9667, "name": "binggj_UR_18_" },
					{ "time": 2.0667, "name": "binggj_UR_19_" },
					{ "time": 2.1667, "name": "binggj_UR_20_" },
					{ "time": 2.2667, "name": "binggj_UR_21_" },
					{ "time": 2.4, "name": "binggj_UR_22_" },
					{ "time": 2.5, "name": "binggj_UR_23_" },
					{ "time": 2.6, "name": "binggj_UR_24_" },
					{ "time": 2.7, "name": "binggj_UR_25_" },
					{ "time": 2.8333, "name": "binggj_UR_26_" },
					{ "time": 2.9333, "name": "binggj_UR_27_" },
					{ "time": 3.0333, "name": null }
				]
			}
		}
	}
}
}