{
"skeleton": { "hash": "y9Z8y/DZisuYoGAQZtHD0UMt5ms", "spine": "3.7.94", "width": 345, "height": 345, "images": "", "audio": "" },
"bones": [
	{ "name": "root" },
	{ "name": "chuan", "parent": "root", "x": -4, "y": 25 }
],
"slots": [
	{ "name": "1", "bone": "chuan", "attachment": "1_" }
],
"skins": {
	"default": {
		"1": {
			"1_": { "x": 0.5, "y": 0.5, "width": 345, "height": 345 }
		}
	}
},
"animations": {
	"dj": {
		"bones": {
			"chuan": {
				"rotate": [
					{
						"time": 0,
						"angle": 0,
						"curve": [ 0, 0.04, 0.77, 1 ]
					},
					{
						"time": 0.6333,
						"angle": -0.97,
						"curve": [ 0, 0.04, 0.77, 1 ]
					},
					{
						"time": 2.5,
						"angle": 3.17,
						"curve": [ 0, 0.04, 0.77, 1 ]
					},
					{ "time": 3.1333, "angle": 0 }
				],
				"translate": [
					{
						"time": 0,
						"x": 0,
						"y": 0,
						"curve": [ 0.033, 0.13, 0.75, 1 ]
					},
					{
						"time": 1.7,
						"x": 0,
						"y": -6,
						"curve": [ 0.033, 0.13, 0.75, 1 ]
					},
					{ "time": 3.1333, "x": 0, "y": 0 }
				],
				"scale": [
					{ "time": 0, "x": 1, "y": 1 }
				]
			}
		}
	}
}
}