{
"skeleton": { "hash": "9Fzhe53vwcw+CvRD3tQdAcn/Jjo", "spine": "3.7.94", "width": 350, "height": 350, "images": "", "audio": "D:/WORK/COK/皮肤特效/水元素/水元素1格/image_group/sys1g_A" },
"bones": [
	{ "name": "root" },
	{ "name": "ctr", "parent": "root", "x": -12.69, "y": 44.84, "scaleX": 1.25, "scaleY": 1.25 },
	{ "name": "sys1g_UL_", "parent": "ctr" },
	{ "name": "sys1g_UR_", "parent": "ctr" },
	{ "name": "sys1g_DL_", "parent": "ctr" },
	{ "name": "sys1g_DR_", "parent": "ctr" }
],
"slots": [
	{ "name": "sys1g_UL_", "bone": "sys1g_UL_", "attachment": "sys1g_UL_sysdj0_" },
	{ "name": "sys1g_UR_", "bone": "sys1g_UR_", "attachment": "sys1g_UR_sysdj0_" },
	{ "name": "sys1g_DL_", "bone": "sys1g_DL_", "attachment": "sys1g_DL_sysdj0_" },
	{ "name": "sys1g_DR_", "bone": "sys1g_DR_", "attachment": "sys1g_DR_sysdj0_" }
],
"skins": {
	"default": {
		"sys1g_DL_": {
			"sys1g_DL_sysdj0_": { "x": -72.5, "y": -65, "width": 145, "height": 130 },
			"sys1g_DL_sysdj3_": { "x": -72.5, "y": -65, "width": 145, "height": 130 },
			"sys1g_DL_sysdj6_": { "x": -72.5, "y": -65, "width": 145, "height": 130 },
			"sys1g_DL_sysdj9_": { "x": -72.5, "y": -65, "width": 145, "height": 130 },
			"sys1g_DL_sysdj12_": { "x": -72.5, "y": -65, "width": 145, "height": 130 },
			"sys1g_DL_sysdj15_": { "x": -72.5, "y": -65, "width": 145, "height": 130 },
			"sys1g_DL_sysdj18_": { "x": -72.5, "y": -65, "width": 145, "height": 130 },
			"sys1g_DL_sysdj21_": { "x": -72.5, "y": -65, "width": 145, "height": 130 },
			"sys1g_DL_sysdj24_": { "x": -72.5, "y": -65, "width": 145, "height": 130 },
			"sys1g_DL_sysdj27_": { "x": -72.5, "y": -65, "width": 145, "height": 130 },
			"sys1g_DL_sysdj30_": { "x": -72.5, "y": -65, "width": 145, "height": 130 },
			"sys1g_DL_sysdj33_": { "x": -72.5, "y": -65, "width": 145, "height": 130 },
			"sys1g_DL_sysdj36_": { "x": -72.5, "y": -65, "width": 145, "height": 130 },
			"sys1g_DL_sysdj39_": { "x": -72.5, "y": -65, "width": 145, "height": 130 },
			"sys1g_DL_sysdj42_": { "x": -72.5, "y": -65, "width": 145, "height": 130 },
			"sys1g_DL_sysdj45_": { "x": -72.5, "y": -65, "width": 145, "height": 130 },
			"sys1g_DL_sysdj48_": { "x": -72.5, "y": -65, "width": 145, "height": 130 },
			"sys1g_DL_sysdj51_": { "x": -72.5, "y": -65, "width": 145, "height": 130 },
			"sys1g_DL_sysdj54_": { "x": -72.5, "y": -65, "width": 145, "height": 130 },
			"sys1g_DL_sysdj57_": { "x": -72.5, "y": -65, "width": 145, "height": 130 },
			"sys1g_DL_sysdj60_": { "x": -72.5, "y": -65, "width": 145, "height": 130 },
			"sys1g_DL_sysdj63_": { "x": -72.5, "y": -65, "width": 145, "height": 130 },
			"sys1g_DL_sysdj66_": { "x": -72.5, "y": -65, "width": 145, "height": 130 },
			"sys1g_DL_sysdj69_": { "x": -72.5, "y": -65, "width": 145, "height": 130 },
			"sys1g_DL_sysdj72_": { "x": -72.5, "y": -65, "width": 145, "height": 130 },
			"sys1g_DL_sysdj75_": { "x": -72.5, "y": -65, "width": 145, "height": 130 },
			"sys1g_DL_sysdj78_": { "x": -72.5, "y": -65, "width": 145, "height": 130 },
			"sys1g_DL_sysdj81_": { "x": -72.5, "y": -65, "width": 145, "height": 130 },
			"sys1g_DL_sysdj84_": { "x": -72.5, "y": -65, "width": 145, "height": 130 },
			"sys1g_DL_sysdj87_": { "x": -72.5, "y": -65, "width": 145, "height": 130 },
			"sys1g_DL_sysdj90_": { "x": -72.5, "y": -65, "width": 145, "height": 130 },
			"sys1g_DL_sysdj93_": { "x": -72.5, "y": -65, "width": 145, "height": 130 },
			"sys1g_DL_sysdj96_": { "x": -72.5, "y": -65, "width": 145, "height": 130 },
			"sys1g_DL_sysdj99_": { "x": -72.5, "y": -65, "width": 145, "height": 130 },
			"sys1g_DL_sysdj102_": { "x": -72.5, "y": -65, "width": 145, "height": 130 },
			"sys1g_DL_sysdj105_": { "x": -72.5, "y": -65, "width": 145, "height": 130 },
			"sys1g_DL_sysdj108_": { "x": -72.5, "y": -65, "width": 145, "height": 130 },
			"sys1g_DL_sysdj111_": { "x": -72.5, "y": -65, "width": 145, "height": 130 },
			"sys1g_DL_sysdj114_": { "x": -72.5, "y": -65, "width": 145, "height": 130 },
			"sys1g_DL_sysdj117_": { "x": -72.5, "y": -65, "width": 145, "height": 130 },
			"sys1g_DL_sysdj120_": { "x": -72.5, "y": -65, "width": 145, "height": 130 },
			"sys1g_DL_sysdj123_": { "x": -72.5, "y": -65, "width": 145, "height": 130 },
			"sys1g_DL_sysdj126_": { "x": -72.5, "y": -65, "width": 145, "height": 130 },
			"sys1g_DL_sysdj129_": { "x": -72.5, "y": -65, "width": 145, "height": 130 },
			"sys1g_DL_sysdj132_": { "x": -72.5, "y": -65, "width": 145, "height": 130 },
			"sys1g_DL_sysdj135_": { "x": -72.5, "y": -65, "width": 145, "height": 130 },
			"sys1g_DL_sysdj138_": { "x": -72.5, "y": -65, "width": 145, "height": 130 },
			"sys1g_DL_sysdj141_": { "x": -72.5, "y": -65, "width": 145, "height": 130 },
			"sys1g_DL_sysdj144_": { "x": -72.5, "y": -65, "width": 145, "height": 130 },
			"sys1g_DL_sysdj147_": { "x": -72.5, "y": -65, "width": 145, "height": 130 },
			"sys1g_DL_sysdj150_": { "x": -72.5, "y": -65, "width": 145, "height": 130 },
			"sys1g_DL_sysdj153_": { "x": -72.5, "y": -65, "width": 145, "height": 130 },
			"sys1g_DL_sysdj156_": { "x": -72.5, "y": -65, "width": 145, "height": 130 },
			"sys1g_DL_sysdj159_": { "x": -72.5, "y": -65, "width": 145, "height": 130 },
			"sys1g_DL_sysdj162_": { "x": -72.5, "y": -65, "width": 145, "height": 130 },
			"sys1g_DL_sysdj165_": { "x": -72.5, "y": -65, "width": 145, "height": 130 },
			"sys1g_DL_sysdj168_": { "x": -72.5, "y": -65, "width": 145, "height": 130 },
			"sys1g_DL_sysdj171_": { "x": -72.5, "y": -65, "width": 145, "height": 130 },
			"sys1g_DL_sysdj174_": { "x": -72.5, "y": -65, "width": 145, "height": 130 },
			"sys1g_DL_sysdj177_": { "x": -72.5, "y": -65, "width": 145, "height": 130 },
			"sys1g_DL_sysdj180_": { "x": -72.5, "y": -65, "width": 145, "height": 130 },
			"sys1g_DL_sysdj183_": { "x": -72.5, "y": -65, "width": 145, "height": 130 },
			"sys1g_DL_sysdj186_": { "x": -72.5, "y": -65, "width": 145, "height": 130 },
			"sys1g_DL_sysdj189_": { "x": -72.5, "y": -65, "width": 145, "height": 130 },
			"sys1g_DL_sysdj192_": { "x": -72.5, "y": -65, "width": 145, "height": 130 },
			"sys1g_DL_sysdj195_": { "x": -72.5, "y": -65, "width": 145, "height": 130 },
			"sys1g_DL_sysdj198_": { "x": -72.5, "y": -65, "width": 145, "height": 130 },
			"sys1g_DL_sysdj201_": { "x": -72.5, "y": -65, "width": 145, "height": 130 },
			"sys1g_DL_sysdj204_": { "x": -72.5, "y": -65, "width": 145, "height": 130 },
			"sys1g_DL_sysdj207_": { "x": -72.5, "y": -65, "width": 145, "height": 130 },
			"sys1g_DL_sysdj210_": { "x": -72.5, "y": -65, "width": 145, "height": 130 },
			"sys1g_DL_sysdj213_": { "x": -72.5, "y": -65, "width": 145, "height": 130 }
		},
		"sys1g_DR_": {
			"sys1g_DR_sysdj0_": { "x": 67.5, "y": -65, "width": 135, "height": 130 },
			"sys1g_DR_sysdj3_": { "x": 67.5, "y": -65, "width": 135, "height": 130 },
			"sys1g_DR_sysdj6_": { "x": 67.5, "y": -65, "width": 135, "height": 130 },
			"sys1g_DR_sysdj9_": { "x": 67.5, "y": -65, "width": 135, "height": 130 },
			"sys1g_DR_sysdj12_": { "x": 67.5, "y": -65, "width": 135, "height": 130 },
			"sys1g_DR_sysdj15_": { "x": 67.5, "y": -65, "width": 135, "height": 130 },
			"sys1g_DR_sysdj18_": { "x": 67.5, "y": -65, "width": 135, "height": 130 },
			"sys1g_DR_sysdj21_": { "x": 67.5, "y": -65, "width": 135, "height": 130 },
			"sys1g_DR_sysdj24_": { "x": 67.5, "y": -65, "width": 135, "height": 130 },
			"sys1g_DR_sysdj27_": { "x": 67.5, "y": -65, "width": 135, "height": 130 },
			"sys1g_DR_sysdj30_": { "x": 67.5, "y": -65, "width": 135, "height": 130 },
			"sys1g_DR_sysdj33_": { "x": 67.5, "y": -65, "width": 135, "height": 130 },
			"sys1g_DR_sysdj36_": { "x": 67.5, "y": -65, "width": 135, "height": 130 },
			"sys1g_DR_sysdj39_": { "x": 67.5, "y": -65, "width": 135, "height": 130 },
			"sys1g_DR_sysdj42_": { "x": 67.5, "y": -65, "width": 135, "height": 130 },
			"sys1g_DR_sysdj45_": { "x": 67.5, "y": -65, "width": 135, "height": 130 },
			"sys1g_DR_sysdj48_": { "x": 67.5, "y": -65, "width": 135, "height": 130 },
			"sys1g_DR_sysdj51_": { "x": 67.5, "y": -65, "width": 135, "height": 130 },
			"sys1g_DR_sysdj54_": { "x": 67.5, "y": -65, "width": 135, "height": 130 },
			"sys1g_DR_sysdj57_": { "x": 67.5, "y": -65, "width": 135, "height": 130 },
			"sys1g_DR_sysdj60_": { "x": 67.5, "y": -65, "width": 135, "height": 130 },
			"sys1g_DR_sysdj63_": { "x": 67.5, "y": -65, "width": 135, "height": 130 },
			"sys1g_DR_sysdj66_": { "x": 67.5, "y": -65, "width": 135, "height": 130 },
			"sys1g_DR_sysdj69_": { "x": 67.5, "y": -65, "width": 135, "height": 130 },
			"sys1g_DR_sysdj72_": { "x": 67.5, "y": -65, "width": 135, "height": 130 },
			"sys1g_DR_sysdj75_": { "x": 67.5, "y": -65, "width": 135, "height": 130 },
			"sys1g_DR_sysdj78_": { "x": 67.5, "y": -65, "width": 135, "height": 130 },
			"sys1g_DR_sysdj81_": { "x": 67.5, "y": -65, "width": 135, "height": 130 },
			"sys1g_DR_sysdj84_": { "x": 67.5, "y": -65, "width": 135, "height": 130 },
			"sys1g_DR_sysdj87_": { "x": 67.5, "y": -65, "width": 135, "height": 130 },
			"sys1g_DR_sysdj90_": { "x": 67.5, "y": -65, "width": 135, "height": 130 },
			"sys1g_DR_sysdj93_": { "x": 67.5, "y": -65, "width": 135, "height": 130 },
			"sys1g_DR_sysdj96_": { "x": 67.5, "y": -65, "width": 135, "height": 130 },
			"sys1g_DR_sysdj99_": { "x": 67.5, "y": -65, "width": 135, "height": 130 },
			"sys1g_DR_sysdj102_": { "x": 67.5, "y": -65, "width": 135, "height": 130 },
			"sys1g_DR_sysdj105_": { "x": 67.5, "y": -65, "width": 135, "height": 130 },
			"sys1g_DR_sysdj108_": { "x": 67.5, "y": -65, "width": 135, "height": 130 },
			"sys1g_DR_sysdj111_": { "x": 67.5, "y": -65, "width": 135, "height": 130 },
			"sys1g_DR_sysdj114_": { "x": 67.5, "y": -65, "width": 135, "height": 130 },
			"sys1g_DR_sysdj117_": { "x": 67.5, "y": -65, "width": 135, "height": 130 },
			"sys1g_DR_sysdj120_": { "x": 67.5, "y": -65, "width": 135, "height": 130 },
			"sys1g_DR_sysdj123_": { "x": 67.5, "y": -65, "width": 135, "height": 130 },
			"sys1g_DR_sysdj126_": { "x": 67.5, "y": -65, "width": 135, "height": 130 },
			"sys1g_DR_sysdj129_": { "x": 67.5, "y": -65, "width": 135, "height": 130 },
			"sys1g_DR_sysdj132_": { "x": 67.5, "y": -65, "width": 135, "height": 130 },
			"sys1g_DR_sysdj135_": { "x": 67.5, "y": -65, "width": 135, "height": 130 },
			"sys1g_DR_sysdj138_": { "x": 67.5, "y": -65, "width": 135, "height": 130 },
			"sys1g_DR_sysdj141_": { "x": 67.5, "y": -65, "width": 135, "height": 130 },
			"sys1g_DR_sysdj144_": { "x": 67.5, "y": -65, "width": 135, "height": 130 },
			"sys1g_DR_sysdj147_": { "x": 67.5, "y": -65, "width": 135, "height": 130 },
			"sys1g_DR_sysdj150_": { "x": 67.5, "y": -65, "width": 135, "height": 130 },
			"sys1g_DR_sysdj153_": { "x": 67.5, "y": -65, "width": 135, "height": 130 },
			"sys1g_DR_sysdj156_": { "x": 67.5, "y": -65, "width": 135, "height": 130 },
			"sys1g_DR_sysdj159_": { "x": 67.5, "y": -65, "width": 135, "height": 130 },
			"sys1g_DR_sysdj162_": { "x": 67.5, "y": -65, "width": 135, "height": 130 },
			"sys1g_DR_sysdj165_": { "x": 67.5, "y": -65, "width": 135, "height": 130 },
			"sys1g_DR_sysdj168_": { "x": 67.5, "y": -65, "width": 135, "height": 130 },
			"sys1g_DR_sysdj171_": { "x": 67.5, "y": -65, "width": 135, "height": 130 },
			"sys1g_DR_sysdj174_": { "x": 67.5, "y": -65, "width": 135, "height": 130 },
			"sys1g_DR_sysdj177_": { "x": 67.5, "y": -65, "width": 135, "height": 130 },
			"sys1g_DR_sysdj180_": { "x": 67.5, "y": -65, "width": 135, "height": 130 },
			"sys1g_DR_sysdj183_": { "x": 67.5, "y": -65, "width": 135, "height": 130 },
			"sys1g_DR_sysdj186_": { "x": 67.5, "y": -65, "width": 135, "height": 130 },
			"sys1g_DR_sysdj189_": { "x": 67.5, "y": -65, "width": 135, "height": 130 },
			"sys1g_DR_sysdj192_": { "x": 67.5, "y": -65, "width": 135, "height": 130 },
			"sys1g_DR_sysdj195_": { "x": 67.5, "y": -65, "width": 135, "height": 130 },
			"sys1g_DR_sysdj198_": { "x": 67.5, "y": -65, "width": 135, "height": 130 },
			"sys1g_DR_sysdj201_": { "x": 67.5, "y": -65, "width": 135, "height": 130 },
			"sys1g_DR_sysdj204_": { "x": 67.5, "y": -65, "width": 135, "height": 130 },
			"sys1g_DR_sysdj207_": { "x": 67.5, "y": -65, "width": 135, "height": 130 },
			"sys1g_DR_sysdj210_": { "x": 67.5, "y": -65, "width": 135, "height": 130 },
			"sys1g_DR_sysdj213_": { "x": 67.5, "y": -65, "width": 135, "height": 130 }
		},
		"sys1g_UL_": {
			"sys1g_UL_sysdj0_": { "x": -72.5, "y": 75, "width": 145, "height": 150 },
			"sys1g_UL_sysdj3_": { "x": -72.5, "y": 75, "width": 145, "height": 150 },
			"sys1g_UL_sysdj6_": { "x": -72.5, "y": 75, "width": 145, "height": 150 },
			"sys1g_UL_sysdj9_": { "x": -72.5, "y": 75, "width": 145, "height": 150 },
			"sys1g_UL_sysdj12_": { "x": -72.5, "y": 75, "width": 145, "height": 150 },
			"sys1g_UL_sysdj15_": { "x": -72.5, "y": 75, "width": 145, "height": 150 },
			"sys1g_UL_sysdj18_": { "x": -72.5, "y": 75, "width": 145, "height": 150 },
			"sys1g_UL_sysdj21_": { "x": -72.5, "y": 75, "width": 145, "height": 150 },
			"sys1g_UL_sysdj24_": { "x": -72.5, "y": 75, "width": 145, "height": 150 },
			"sys1g_UL_sysdj27_": { "x": -72.5, "y": 75, "width": 145, "height": 150 },
			"sys1g_UL_sysdj30_": { "x": -72.5, "y": 75, "width": 145, "height": 150 },
			"sys1g_UL_sysdj33_": { "x": -72.5, "y": 75, "width": 145, "height": 150 },
			"sys1g_UL_sysdj36_": { "x": -72.5, "y": 75, "width": 145, "height": 150 },
			"sys1g_UL_sysdj39_": { "x": -72.5, "y": 75, "width": 145, "height": 150 },
			"sys1g_UL_sysdj42_": { "x": -72.5, "y": 75, "width": 145, "height": 150 },
			"sys1g_UL_sysdj45_": { "x": -72.5, "y": 75, "width": 145, "height": 150 },
			"sys1g_UL_sysdj48_": { "x": -72.5, "y": 75, "width": 145, "height": 150 },
			"sys1g_UL_sysdj51_": { "x": -72.5, "y": 75, "width": 145, "height": 150 },
			"sys1g_UL_sysdj54_": { "x": -72.5, "y": 75, "width": 145, "height": 150 },
			"sys1g_UL_sysdj57_": { "x": -72.5, "y": 75, "width": 145, "height": 150 },
			"sys1g_UL_sysdj60_": { "x": -72.5, "y": 75, "width": 145, "height": 150 },
			"sys1g_UL_sysdj63_": { "x": -72.5, "y": 75, "width": 145, "height": 150 },
			"sys1g_UL_sysdj66_": { "x": -72.5, "y": 75, "width": 145, "height": 150 },
			"sys1g_UL_sysdj69_": { "x": -72.5, "y": 75, "width": 145, "height": 150 },
			"sys1g_UL_sysdj72_": { "x": -72.5, "y": 75, "width": 145, "height": 150 },
			"sys1g_UL_sysdj75_": { "x": -72.5, "y": 75, "width": 145, "height": 150 },
			"sys1g_UL_sysdj78_": { "x": -72.5, "y": 75, "width": 145, "height": 150 },
			"sys1g_UL_sysdj81_": { "x": -72.5, "y": 75, "width": 145, "height": 150 },
			"sys1g_UL_sysdj84_": { "x": -72.5, "y": 75, "width": 145, "height": 150 },
			"sys1g_UL_sysdj87_": { "x": -72.5, "y": 75, "width": 145, "height": 150 },
			"sys1g_UL_sysdj90_": { "x": -72.5, "y": 75, "width": 145, "height": 150 },
			"sys1g_UL_sysdj93_": { "x": -72.5, "y": 75, "width": 145, "height": 150 },
			"sys1g_UL_sysdj96_": { "x": -72.5, "y": 75, "width": 145, "height": 150 },
			"sys1g_UL_sysdj99_": { "x": -72.5, "y": 75, "width": 145, "height": 150 },
			"sys1g_UL_sysdj102_": { "x": -72.5, "y": 75, "width": 145, "height": 150 },
			"sys1g_UL_sysdj105_": { "x": -72.5, "y": 75, "width": 145, "height": 150 },
			"sys1g_UL_sysdj108_": { "x": -72.5, "y": 75, "width": 145, "height": 150 },
			"sys1g_UL_sysdj111_": { "x": -72.5, "y": 75, "width": 145, "height": 150 },
			"sys1g_UL_sysdj114_": { "x": -72.5, "y": 75, "width": 145, "height": 150 },
			"sys1g_UL_sysdj117_": { "x": -72.5, "y": 75, "width": 145, "height": 150 },
			"sys1g_UL_sysdj120_": { "x": -72.5, "y": 75, "width": 145, "height": 150 },
			"sys1g_UL_sysdj123_": { "x": -72.5, "y": 75, "width": 145, "height": 150 },
			"sys1g_UL_sysdj126_": { "x": -72.5, "y": 75, "width": 145, "height": 150 },
			"sys1g_UL_sysdj129_": { "x": -72.5, "y": 75, "width": 145, "height": 150 },
			"sys1g_UL_sysdj132_": { "x": -72.5, "y": 75, "width": 145, "height": 150 },
			"sys1g_UL_sysdj135_": { "x": -72.5, "y": 75, "width": 145, "height": 150 },
			"sys1g_UL_sysdj138_": { "x": -72.5, "y": 75, "width": 145, "height": 150 },
			"sys1g_UL_sysdj141_": { "x": -72.5, "y": 75, "width": 145, "height": 150 },
			"sys1g_UL_sysdj144_": { "x": -72.5, "y": 75, "width": 145, "height": 150 },
			"sys1g_UL_sysdj147_": { "x": -72.5, "y": 75, "width": 145, "height": 150 },
			"sys1g_UL_sysdj150_": { "x": -72.5, "y": 75, "width": 145, "height": 150 },
			"sys1g_UL_sysdj153_": { "x": -72.5, "y": 75, "width": 145, "height": 150 },
			"sys1g_UL_sysdj156_": { "x": -72.5, "y": 75, "width": 145, "height": 150 },
			"sys1g_UL_sysdj159_": { "x": -72.5, "y": 75, "width": 145, "height": 150 },
			"sys1g_UL_sysdj162_": { "x": -72.5, "y": 75, "width": 145, "height": 150 },
			"sys1g_UL_sysdj165_": { "x": -72.5, "y": 75, "width": 145, "height": 150 },
			"sys1g_UL_sysdj168_": { "x": -72.5, "y": 75, "width": 145, "height": 150 },
			"sys1g_UL_sysdj171_": { "x": -72.5, "y": 75, "width": 145, "height": 150 },
			"sys1g_UL_sysdj174_": { "x": -72.5, "y": 75, "width": 145, "height": 150 },
			"sys1g_UL_sysdj177_": { "x": -72.5, "y": 75, "width": 145, "height": 150 },
			"sys1g_UL_sysdj180_": { "x": -72.5, "y": 75, "width": 145, "height": 150 },
			"sys1g_UL_sysdj183_": { "x": -72.5, "y": 75, "width": 145, "height": 150 },
			"sys1g_UL_sysdj186_": { "x": -72.5, "y": 75, "width": 145, "height": 150 },
			"sys1g_UL_sysdj189_": { "x": -72.5, "y": 75, "width": 145, "height": 150 },
			"sys1g_UL_sysdj192_": { "x": -72.5, "y": 75, "width": 145, "height": 150 },
			"sys1g_UL_sysdj195_": { "x": -72.5, "y": 75, "width": 145, "height": 150 },
			"sys1g_UL_sysdj198_": { "x": -72.5, "y": 75, "width": 145, "height": 150 },
			"sys1g_UL_sysdj201_": { "x": -72.5, "y": 75, "width": 145, "height": 150 },
			"sys1g_UL_sysdj204_": { "x": -72.5, "y": 75, "width": 145, "height": 150 },
			"sys1g_UL_sysdj207_": { "x": -72.5, "y": 75, "width": 145, "height": 150 },
			"sys1g_UL_sysdj210_": { "x": -72.5, "y": 75, "width": 145, "height": 150 },
			"sys1g_UL_sysdj213_": { "x": -72.5, "y": 75, "width": 145, "height": 150 }
		},
		"sys1g_UR_": {
			"sys1g_UR_sysdj0_": { "x": 67.5, "y": 75, "width": 135, "height": 150 },
			"sys1g_UR_sysdj3_": { "x": 67.5, "y": 75, "width": 135, "height": 150 },
			"sys1g_UR_sysdj6_": { "x": 67.5, "y": 75, "width": 135, "height": 150 },
			"sys1g_UR_sysdj9_": { "x": 67.5, "y": 75, "width": 135, "height": 150 },
			"sys1g_UR_sysdj12_": { "x": 67.5, "y": 75, "width": 135, "height": 150 },
			"sys1g_UR_sysdj15_": { "x": 67.5, "y": 75, "width": 135, "height": 150 },
			"sys1g_UR_sysdj18_": { "x": 67.5, "y": 75, "width": 135, "height": 150 },
			"sys1g_UR_sysdj21_": { "x": 67.5, "y": 75, "width": 135, "height": 150 },
			"sys1g_UR_sysdj24_": { "x": 67.5, "y": 75, "width": 135, "height": 150 },
			"sys1g_UR_sysdj27_": { "x": 67.5, "y": 75, "width": 135, "height": 150 },
			"sys1g_UR_sysdj30_": { "x": 67.5, "y": 75, "width": 135, "height": 150 },
			"sys1g_UR_sysdj33_": { "x": 67.5, "y": 75, "width": 135, "height": 150 },
			"sys1g_UR_sysdj36_": { "x": 67.5, "y": 75, "width": 135, "height": 150 },
			"sys1g_UR_sysdj39_": { "x": 67.5, "y": 75, "width": 135, "height": 150 },
			"sys1g_UR_sysdj42_": { "x": 67.5, "y": 75, "width": 135, "height": 150 },
			"sys1g_UR_sysdj45_": { "x": 67.5, "y": 75, "width": 135, "height": 150 },
			"sys1g_UR_sysdj48_": { "x": 67.5, "y": 75, "width": 135, "height": 150 },
			"sys1g_UR_sysdj51_": { "x": 67.5, "y": 75, "width": 135, "height": 150 },
			"sys1g_UR_sysdj54_": { "x": 67.5, "y": 75, "width": 135, "height": 150 },
			"sys1g_UR_sysdj57_": { "x": 67.5, "y": 75, "width": 135, "height": 150 },
			"sys1g_UR_sysdj60_": { "x": 67.5, "y": 75, "width": 135, "height": 150 },
			"sys1g_UR_sysdj63_": { "x": 67.5, "y": 75, "width": 135, "height": 150 },
			"sys1g_UR_sysdj66_": { "x": 67.5, "y": 75, "width": 135, "height": 150 },
			"sys1g_UR_sysdj69_": { "x": 67.5, "y": 75, "width": 135, "height": 150 },
			"sys1g_UR_sysdj72_": { "x": 67.5, "y": 75, "width": 135, "height": 150 },
			"sys1g_UR_sysdj75_": { "x": 67.5, "y": 75, "width": 135, "height": 150 },
			"sys1g_UR_sysdj78_": { "x": 67.5, "y": 75, "width": 135, "height": 150 },
			"sys1g_UR_sysdj81_": { "x": 67.5, "y": 75, "width": 135, "height": 150 },
			"sys1g_UR_sysdj84_": { "x": 67.5, "y": 75, "width": 135, "height": 150 },
			"sys1g_UR_sysdj87_": { "x": 67.5, "y": 75, "width": 135, "height": 150 },
			"sys1g_UR_sysdj90_": { "x": 67.5, "y": 75, "width": 135, "height": 150 },
			"sys1g_UR_sysdj93_": { "x": 67.5, "y": 75, "width": 135, "height": 150 },
			"sys1g_UR_sysdj96_": { "x": 67.5, "y": 75, "width": 135, "height": 150 },
			"sys1g_UR_sysdj99_": { "x": 67.5, "y": 75, "width": 135, "height": 150 },
			"sys1g_UR_sysdj102_": { "x": 67.5, "y": 75, "width": 135, "height": 150 },
			"sys1g_UR_sysdj105_": { "x": 67.5, "y": 75, "width": 135, "height": 150 },
			"sys1g_UR_sysdj108_": { "x": 67.5, "y": 75, "width": 135, "height": 150 },
			"sys1g_UR_sysdj111_": { "x": 67.5, "y": 75, "width": 135, "height": 150 },
			"sys1g_UR_sysdj114_": { "x": 67.5, "y": 75, "width": 135, "height": 150 },
			"sys1g_UR_sysdj117_": { "x": 67.5, "y": 75, "width": 135, "height": 150 },
			"sys1g_UR_sysdj120_": { "x": 67.5, "y": 75, "width": 135, "height": 150 },
			"sys1g_UR_sysdj123_": { "x": 67.5, "y": 75, "width": 135, "height": 150 },
			"sys1g_UR_sysdj126_": { "x": 67.5, "y": 75, "width": 135, "height": 150 },
			"sys1g_UR_sysdj129_": { "x": 67.5, "y": 75, "width": 135, "height": 150 },
			"sys1g_UR_sysdj132_": { "x": 67.5, "y": 75, "width": 135, "height": 150 },
			"sys1g_UR_sysdj135_": { "x": 67.5, "y": 75, "width": 135, "height": 150 },
			"sys1g_UR_sysdj138_": { "x": 67.5, "y": 75, "width": 135, "height": 150 },
			"sys1g_UR_sysdj141_": { "x": 67.5, "y": 75, "width": 135, "height": 150 },
			"sys1g_UR_sysdj144_": { "x": 67.5, "y": 75, "width": 135, "height": 150 },
			"sys1g_UR_sysdj147_": { "x": 67.5, "y": 75, "width": 135, "height": 150 },
			"sys1g_UR_sysdj150_": { "x": 67.5, "y": 75, "width": 135, "height": 150 },
			"sys1g_UR_sysdj153_": { "x": 67.5, "y": 75, "width": 135, "height": 150 },
			"sys1g_UR_sysdj156_": { "x": 67.5, "y": 75, "width": 135, "height": 150 },
			"sys1g_UR_sysdj159_": { "x": 67.5, "y": 75, "width": 135, "height": 150 },
			"sys1g_UR_sysdj162_": { "x": 67.5, "y": 75, "width": 135, "height": 150 },
			"sys1g_UR_sysdj165_": { "x": 67.5, "y": 75, "width": 135, "height": 150 },
			"sys1g_UR_sysdj168_": { "x": 67.5, "y": 75, "width": 135, "height": 150 },
			"sys1g_UR_sysdj171_": { "x": 67.5, "y": 75, "width": 135, "height": 150 },
			"sys1g_UR_sysdj174_": { "x": 67.5, "y": 75, "width": 135, "height": 150 },
			"sys1g_UR_sysdj177_": { "x": 67.5, "y": 75, "width": 135, "height": 150 },
			"sys1g_UR_sysdj180_": { "x": 67.5, "y": 75, "width": 135, "height": 150 },
			"sys1g_UR_sysdj183_": { "x": 67.5, "y": 75, "width": 135, "height": 150 },
			"sys1g_UR_sysdj186_": { "x": 67.5, "y": 75, "width": 135, "height": 150 },
			"sys1g_UR_sysdj189_": { "x": 67.5, "y": 75, "width": 135, "height": 150 },
			"sys1g_UR_sysdj192_": { "x": 67.5, "y": 75, "width": 135, "height": 150 },
			"sys1g_UR_sysdj195_": { "x": 67.5, "y": 75, "width": 135, "height": 150 },
			"sys1g_UR_sysdj198_": { "x": 67.5, "y": 75, "width": 135, "height": 150 },
			"sys1g_UR_sysdj201_": { "x": 67.5, "y": 75, "width": 135, "height": 150 },
			"sys1g_UR_sysdj204_": { "x": 67.5, "y": 75, "width": 135, "height": 150 },
			"sys1g_UR_sysdj207_": { "x": 67.5, "y": 75, "width": 135, "height": 150 },
			"sys1g_UR_sysdj210_": { "x": 67.5, "y": 75, "width": 135, "height": 150 },
			"sys1g_UR_sysdj213_": { "x": 67.5, "y": 75, "width": 135, "height": 150 }
		}
	}
},
"animations": {
	"dj": {
		"slots": {
			"sys1g_DL_": {
				"attachment": [
					{ "time": 0, "name": "sys1g_DL_sysdj0_" },
					{ "time": 0.1, "name": "sys1g_DL_sysdj3_" },
					{ "time": 0.2, "name": "sys1g_DL_sysdj6_" },
					{ "time": 0.3, "name": "sys1g_DL_sysdj9_" },
					{ "time": 0.4, "name": "sys1g_DL_sysdj12_" },
					{ "time": 0.5, "name": "sys1g_DL_sysdj15_" },
					{ "time": 0.6, "name": "sys1g_DL_sysdj18_" },
					{ "time": 0.7, "name": "sys1g_DL_sysdj21_" },
					{ "time": 0.8, "name": "sys1g_DL_sysdj24_" },
					{ "time": 0.9, "name": "sys1g_DL_sysdj27_" },
					{ "time": 1, "name": "sys1g_DL_sysdj30_" },
					{ "time": 1.1, "name": "sys1g_DL_sysdj33_" },
					{ "time": 1.2, "name": "sys1g_DL_sysdj36_" },
					{ "time": 1.3, "name": "sys1g_DL_sysdj39_" },
					{ "time": 1.4, "name": "sys1g_DL_sysdj42_" },
					{ "time": 1.5, "name": "sys1g_DL_sysdj45_" },
					{ "time": 1.6, "name": "sys1g_DL_sysdj48_" },
					{ "time": 1.7, "name": "sys1g_DL_sysdj51_" },
					{ "time": 1.8, "name": "sys1g_DL_sysdj54_" },
					{ "time": 1.9, "name": "sys1g_DL_sysdj57_" },
					{ "time": 2, "name": "sys1g_DL_sysdj60_" },
					{ "time": 2.1, "name": "sys1g_DL_sysdj63_" },
					{ "time": 2.2, "name": "sys1g_DL_sysdj66_" },
					{ "time": 2.3, "name": "sys1g_DL_sysdj69_" },
					{ "time": 2.4, "name": "sys1g_DL_sysdj72_" },
					{ "time": 2.5, "name": "sys1g_DL_sysdj75_" },
					{ "time": 2.6, "name": "sys1g_DL_sysdj78_" },
					{ "time": 2.7, "name": "sys1g_DL_sysdj81_" },
					{ "time": 2.8, "name": "sys1g_DL_sysdj84_" },
					{ "time": 2.9, "name": "sys1g_DL_sysdj87_" },
					{ "time": 3, "name": "sys1g_DL_sysdj90_" },
					{ "time": 3.1, "name": "sys1g_DL_sysdj93_" },
					{ "time": 3.2, "name": "sys1g_DL_sysdj96_" },
					{ "time": 3.3, "name": "sys1g_DL_sysdj99_" },
					{ "time": 3.4, "name": "sys1g_DL_sysdj102_" },
					{ "time": 3.5, "name": "sys1g_DL_sysdj105_" },
					{ "time": 3.6, "name": "sys1g_DL_sysdj108_" },
					{ "time": 3.7, "name": "sys1g_DL_sysdj111_" },
					{ "time": 3.8, "name": "sys1g_DL_sysdj114_" },
					{ "time": 3.9, "name": "sys1g_DL_sysdj117_" },
					{ "time": 4, "name": "sys1g_DL_sysdj120_" },
					{ "time": 4.1, "name": "sys1g_DL_sysdj123_" },
					{ "time": 4.2, "name": "sys1g_DL_sysdj126_" },
					{ "time": 4.3, "name": "sys1g_DL_sysdj129_" },
					{ "time": 4.4, "name": "sys1g_DL_sysdj132_" },
					{ "time": 4.5, "name": "sys1g_DL_sysdj135_" },
					{ "time": 4.6, "name": "sys1g_DL_sysdj138_" },
					{ "time": 4.7, "name": "sys1g_DL_sysdj141_" },
					{ "time": 4.8, "name": "sys1g_DL_sysdj144_" },
					{ "time": 4.9, "name": "sys1g_DL_sysdj147_" },
					{ "time": 5, "name": "sys1g_DL_sysdj150_" },
					{ "time": 5.1, "name": "sys1g_DL_sysdj153_" },
					{ "time": 5.2, "name": "sys1g_DL_sysdj156_" },
					{ "time": 5.3, "name": "sys1g_DL_sysdj159_" },
					{ "time": 5.4, "name": "sys1g_DL_sysdj162_" },
					{ "time": 5.5, "name": "sys1g_DL_sysdj165_" },
					{ "time": 5.6, "name": "sys1g_DL_sysdj168_" },
					{ "time": 5.7, "name": "sys1g_DL_sysdj171_" },
					{ "time": 5.8, "name": "sys1g_DL_sysdj174_" },
					{ "time": 5.9, "name": "sys1g_DL_sysdj177_" },
					{ "time": 6, "name": "sys1g_DL_sysdj180_" },
					{ "time": 6.1, "name": "sys1g_DL_sysdj183_" },
					{ "time": 6.2, "name": "sys1g_DL_sysdj186_" },
					{ "time": 6.3, "name": "sys1g_DL_sysdj189_" },
					{ "time": 6.4, "name": "sys1g_DL_sysdj192_" },
					{ "time": 6.5, "name": "sys1g_DL_sysdj195_" },
					{ "time": 6.6, "name": "sys1g_DL_sysdj198_" },
					{ "time": 6.7, "name": "sys1g_DL_sysdj201_" },
					{ "time": 6.8, "name": "sys1g_DL_sysdj204_" },
					{ "time": 6.9, "name": "sys1g_DL_sysdj207_" },
					{ "time": 7, "name": "sys1g_DL_sysdj210_" },
					{ "time": 7.1, "name": "sys1g_DL_sysdj213_" }
				]
			},
			"sys1g_DR_": {
				"attachment": [
					{ "time": 0, "name": "sys1g_DR_sysdj0_" },
					{ "time": 0.1, "name": "sys1g_DR_sysdj3_" },
					{ "time": 0.2, "name": "sys1g_DR_sysdj6_" },
					{ "time": 0.3, "name": "sys1g_DR_sysdj9_" },
					{ "time": 0.4, "name": "sys1g_DR_sysdj12_" },
					{ "time": 0.5, "name": "sys1g_DR_sysdj15_" },
					{ "time": 0.6, "name": "sys1g_DR_sysdj18_" },
					{ "time": 0.7, "name": "sys1g_DR_sysdj21_" },
					{ "time": 0.8, "name": "sys1g_DR_sysdj24_" },
					{ "time": 0.9, "name": "sys1g_DR_sysdj27_" },
					{ "time": 1, "name": "sys1g_DR_sysdj30_" },
					{ "time": 1.1, "name": "sys1g_DR_sysdj33_" },
					{ "time": 1.2, "name": "sys1g_DR_sysdj36_" },
					{ "time": 1.3, "name": "sys1g_DR_sysdj39_" },
					{ "time": 1.4, "name": "sys1g_DR_sysdj42_" },
					{ "time": 1.5, "name": "sys1g_DR_sysdj45_" },
					{ "time": 1.6, "name": "sys1g_DR_sysdj48_" },
					{ "time": 1.7, "name": "sys1g_DR_sysdj51_" },
					{ "time": 1.8, "name": "sys1g_DR_sysdj54_" },
					{ "time": 1.9, "name": "sys1g_DR_sysdj57_" },
					{ "time": 2, "name": "sys1g_DR_sysdj60_" },
					{ "time": 2.1, "name": "sys1g_DR_sysdj63_" },
					{ "time": 2.2, "name": "sys1g_DR_sysdj66_" },
					{ "time": 2.3, "name": "sys1g_DR_sysdj69_" },
					{ "time": 2.4, "name": "sys1g_DR_sysdj72_" },
					{ "time": 2.5, "name": "sys1g_DR_sysdj75_" },
					{ "time": 2.6, "name": "sys1g_DR_sysdj78_" },
					{ "time": 2.7, "name": "sys1g_DR_sysdj81_" },
					{ "time": 2.8, "name": "sys1g_DR_sysdj84_" },
					{ "time": 2.9, "name": "sys1g_DR_sysdj87_" },
					{ "time": 3, "name": "sys1g_DR_sysdj90_" },
					{ "time": 3.1, "name": "sys1g_DR_sysdj93_" },
					{ "time": 3.2, "name": "sys1g_DR_sysdj96_" },
					{ "time": 3.3, "name": "sys1g_DR_sysdj99_" },
					{ "time": 3.4, "name": "sys1g_DR_sysdj102_" },
					{ "time": 3.5, "name": "sys1g_DR_sysdj105_" },
					{ "time": 3.6, "name": "sys1g_DR_sysdj108_" },
					{ "time": 3.7, "name": "sys1g_DR_sysdj111_" },
					{ "time": 3.8, "name": "sys1g_DR_sysdj114_" },
					{ "time": 3.9, "name": "sys1g_DR_sysdj117_" },
					{ "time": 4, "name": "sys1g_DR_sysdj120_" },
					{ "time": 4.1, "name": "sys1g_DR_sysdj123_" },
					{ "time": 4.2, "name": "sys1g_DR_sysdj126_" },
					{ "time": 4.3, "name": "sys1g_DR_sysdj129_" },
					{ "time": 4.4, "name": "sys1g_DR_sysdj132_" },
					{ "time": 4.5, "name": "sys1g_DR_sysdj135_" },
					{ "time": 4.6, "name": "sys1g_DR_sysdj138_" },
					{ "time": 4.7, "name": "sys1g_DR_sysdj141_" },
					{ "time": 4.8, "name": "sys1g_DR_sysdj144_" },
					{ "time": 4.9, "name": "sys1g_DR_sysdj147_" },
					{ "time": 5, "name": "sys1g_DR_sysdj150_" },
					{ "time": 5.1, "name": "sys1g_DR_sysdj153_" },
					{ "time": 5.2, "name": "sys1g_DR_sysdj156_" },
					{ "time": 5.3, "name": "sys1g_DR_sysdj159_" },
					{ "time": 5.4, "name": "sys1g_DR_sysdj162_" },
					{ "time": 5.5, "name": "sys1g_DR_sysdj165_" },
					{ "time": 5.6, "name": "sys1g_DR_sysdj168_" },
					{ "time": 5.7, "name": "sys1g_DR_sysdj171_" },
					{ "time": 5.8, "name": "sys1g_DR_sysdj174_" },
					{ "time": 5.9, "name": "sys1g_DR_sysdj177_" },
					{ "time": 6, "name": "sys1g_DR_sysdj180_" },
					{ "time": 6.1, "name": "sys1g_DR_sysdj183_" },
					{ "time": 6.2, "name": "sys1g_DR_sysdj186_" },
					{ "time": 6.3, "name": "sys1g_DR_sysdj189_" },
					{ "time": 6.4, "name": "sys1g_DR_sysdj192_" },
					{ "time": 6.5, "name": "sys1g_DR_sysdj195_" },
					{ "time": 6.6, "name": "sys1g_DR_sysdj198_" },
					{ "time": 6.7, "name": "sys1g_DR_sysdj201_" },
					{ "time": 6.8, "name": "sys1g_DR_sysdj204_" },
					{ "time": 6.9, "name": "sys1g_DR_sysdj207_" },
					{ "time": 7, "name": "sys1g_DR_sysdj210_" },
					{ "time": 7.1, "name": "sys1g_DR_sysdj213_" }
				]
			},
			"sys1g_UL_": {
				"attachment": [
					{ "time": 0, "name": "sys1g_UL_sysdj0_" },
					{ "time": 0.1, "name": "sys1g_UL_sysdj3_" },
					{ "time": 0.2, "name": "sys1g_UL_sysdj6_" },
					{ "time": 0.3, "name": "sys1g_UL_sysdj9_" },
					{ "time": 0.4, "name": "sys1g_UL_sysdj12_" },
					{ "time": 0.5, "name": "sys1g_UL_sysdj15_" },
					{ "time": 0.6, "name": "sys1g_UL_sysdj18_" },
					{ "time": 0.7, "name": "sys1g_UL_sysdj21_" },
					{ "time": 0.8, "name": "sys1g_UL_sysdj24_" },
					{ "time": 0.9, "name": "sys1g_UL_sysdj27_" },
					{ "time": 1, "name": "sys1g_UL_sysdj30_" },
					{ "time": 1.1, "name": "sys1g_UL_sysdj33_" },
					{ "time": 1.2, "name": "sys1g_UL_sysdj36_" },
					{ "time": 1.3, "name": "sys1g_UL_sysdj39_" },
					{ "time": 1.4, "name": "sys1g_UL_sysdj42_" },
					{ "time": 1.5, "name": "sys1g_UL_sysdj45_" },
					{ "time": 1.6, "name": "sys1g_UL_sysdj48_" },
					{ "time": 1.7, "name": "sys1g_UL_sysdj51_" },
					{ "time": 1.8, "name": "sys1g_UL_sysdj54_" },
					{ "time": 1.9, "name": "sys1g_UL_sysdj57_" },
					{ "time": 2, "name": "sys1g_UL_sysdj60_" },
					{ "time": 2.1, "name": "sys1g_UL_sysdj63_" },
					{ "time": 2.2, "name": "sys1g_UL_sysdj66_" },
					{ "time": 2.3, "name": "sys1g_UL_sysdj69_" },
					{ "time": 2.4, "name": "sys1g_UL_sysdj72_" },
					{ "time": 2.5, "name": "sys1g_UL_sysdj75_" },
					{ "time": 2.6, "name": "sys1g_UL_sysdj78_" },
					{ "time": 2.7, "name": "sys1g_UL_sysdj81_" },
					{ "time": 2.8, "name": "sys1g_UL_sysdj84_" },
					{ "time": 2.9, "name": "sys1g_UL_sysdj87_" },
					{ "time": 3, "name": "sys1g_UL_sysdj90_" },
					{ "time": 3.1, "name": "sys1g_UL_sysdj93_" },
					{ "time": 3.2, "name": "sys1g_UL_sysdj96_" },
					{ "time": 3.3, "name": "sys1g_UL_sysdj99_" },
					{ "time": 3.4, "name": "sys1g_UL_sysdj102_" },
					{ "time": 3.5, "name": "sys1g_UL_sysdj105_" },
					{ "time": 3.6, "name": "sys1g_UL_sysdj108_" },
					{ "time": 3.7, "name": "sys1g_UL_sysdj111_" },
					{ "time": 3.8, "name": "sys1g_UL_sysdj114_" },
					{ "time": 3.9, "name": "sys1g_UL_sysdj117_" },
					{ "time": 4, "name": "sys1g_UL_sysdj120_" },
					{ "time": 4.1, "name": "sys1g_UL_sysdj123_" },
					{ "time": 4.2, "name": "sys1g_UL_sysdj126_" },
					{ "time": 4.3, "name": "sys1g_UL_sysdj129_" },
					{ "time": 4.4, "name": "sys1g_UL_sysdj132_" },
					{ "time": 4.5, "name": "sys1g_UL_sysdj135_" },
					{ "time": 4.6, "name": "sys1g_UL_sysdj138_" },
					{ "time": 4.7, "name": "sys1g_UL_sysdj141_" },
					{ "time": 4.8, "name": "sys1g_UL_sysdj144_" },
					{ "time": 4.9, "name": "sys1g_UL_sysdj147_" },
					{ "time": 5, "name": "sys1g_UL_sysdj150_" },
					{ "time": 5.1, "name": "sys1g_UL_sysdj153_" },
					{ "time": 5.2, "name": "sys1g_UL_sysdj156_" },
					{ "time": 5.3, "name": "sys1g_UL_sysdj159_" },
					{ "time": 5.4, "name": "sys1g_UL_sysdj162_" },
					{ "time": 5.5, "name": "sys1g_UL_sysdj165_" },
					{ "time": 5.6, "name": "sys1g_UL_sysdj168_" },
					{ "time": 5.7, "name": "sys1g_UL_sysdj171_" },
					{ "time": 5.8, "name": "sys1g_UL_sysdj174_" },
					{ "time": 5.9, "name": "sys1g_UL_sysdj177_" },
					{ "time": 6, "name": "sys1g_UL_sysdj180_" },
					{ "time": 6.1, "name": "sys1g_UL_sysdj183_" },
					{ "time": 6.2, "name": "sys1g_UL_sysdj186_" },
					{ "time": 6.3, "name": "sys1g_UL_sysdj189_" },
					{ "time": 6.4, "name": "sys1g_UL_sysdj192_" },
					{ "time": 6.5, "name": "sys1g_UL_sysdj195_" },
					{ "time": 6.6, "name": "sys1g_UL_sysdj198_" },
					{ "time": 6.7, "name": "sys1g_UL_sysdj201_" },
					{ "time": 6.8, "name": "sys1g_UL_sysdj204_" },
					{ "time": 6.9, "name": "sys1g_UL_sysdj207_" },
					{ "time": 7, "name": "sys1g_UL_sysdj210_" },
					{ "time": 7.1, "name": "sys1g_UL_sysdj213_" }
				]
			},
			"sys1g_UR_": {
				"attachment": [
					{ "time": 0, "name": "sys1g_UR_sysdj0_" },
					{ "time": 0.1, "name": "sys1g_UR_sysdj3_" },
					{ "time": 0.2, "name": "sys1g_UR_sysdj6_" },
					{ "time": 0.3, "name": "sys1g_UR_sysdj9_" },
					{ "time": 0.4, "name": "sys1g_UR_sysdj12_" },
					{ "time": 0.5, "name": "sys1g_UR_sysdj15_" },
					{ "time": 0.6, "name": "sys1g_UR_sysdj18_" },
					{ "time": 0.7, "name": "sys1g_UR_sysdj21_" },
					{ "time": 0.8, "name": "sys1g_UR_sysdj24_" },
					{ "time": 0.9, "name": "sys1g_UR_sysdj27_" },
					{ "time": 1, "name": "sys1g_UR_sysdj30_" },
					{ "time": 1.1, "name": "sys1g_UR_sysdj33_" },
					{ "time": 1.2, "name": "sys1g_UR_sysdj36_" },
					{ "time": 1.3, "name": "sys1g_UR_sysdj39_" },
					{ "time": 1.4, "name": "sys1g_UR_sysdj42_" },
					{ "time": 1.5, "name": "sys1g_UR_sysdj45_" },
					{ "time": 1.6, "name": "sys1g_UR_sysdj48_" },
					{ "time": 1.7, "name": "sys1g_UR_sysdj51_" },
					{ "time": 1.8, "name": "sys1g_UR_sysdj54_" },
					{ "time": 1.9, "name": "sys1g_UR_sysdj57_" },
					{ "time": 2, "name": "sys1g_UR_sysdj60_" },
					{ "time": 2.1, "name": "sys1g_UR_sysdj63_" },
					{ "time": 2.2, "name": "sys1g_UR_sysdj66_" },
					{ "time": 2.3, "name": "sys1g_UR_sysdj69_" },
					{ "time": 2.4, "name": "sys1g_UR_sysdj72_" },
					{ "time": 2.5, "name": "sys1g_UR_sysdj75_" },
					{ "time": 2.6, "name": "sys1g_UR_sysdj78_" },
					{ "time": 2.7, "name": "sys1g_UR_sysdj81_" },
					{ "time": 2.8, "name": "sys1g_UR_sysdj84_" },
					{ "time": 2.9, "name": "sys1g_UR_sysdj87_" },
					{ "time": 3, "name": "sys1g_UR_sysdj90_" },
					{ "time": 3.1, "name": "sys1g_UR_sysdj93_" },
					{ "time": 3.2, "name": "sys1g_UR_sysdj96_" },
					{ "time": 3.3, "name": "sys1g_UR_sysdj99_" },
					{ "time": 3.4, "name": "sys1g_UR_sysdj102_" },
					{ "time": 3.5, "name": "sys1g_UR_sysdj105_" },
					{ "time": 3.6, "name": "sys1g_UR_sysdj108_" },
					{ "time": 3.7, "name": "sys1g_UR_sysdj111_" },
					{ "time": 3.8, "name": "sys1g_UR_sysdj114_" },
					{ "time": 3.9, "name": "sys1g_UR_sysdj117_" },
					{ "time": 4, "name": "sys1g_UR_sysdj120_" },
					{ "time": 4.1, "name": "sys1g_UR_sysdj123_" },
					{ "time": 4.2, "name": "sys1g_UR_sysdj126_" },
					{ "time": 4.3, "name": "sys1g_UR_sysdj129_" },
					{ "time": 4.4, "name": "sys1g_UR_sysdj132_" },
					{ "time": 4.5, "name": "sys1g_UR_sysdj135_" },
					{ "time": 4.6, "name": "sys1g_UR_sysdj138_" },
					{ "time": 4.7, "name": "sys1g_UR_sysdj141_" },
					{ "time": 4.8, "name": "sys1g_UR_sysdj144_" },
					{ "time": 4.9, "name": "sys1g_UR_sysdj147_" },
					{ "time": 5, "name": "sys1g_UR_sysdj150_" },
					{ "time": 5.1, "name": "sys1g_UR_sysdj153_" },
					{ "time": 5.2, "name": "sys1g_UR_sysdj156_" },
					{ "time": 5.3, "name": "sys1g_UR_sysdj159_" },
					{ "time": 5.4, "name": "sys1g_UR_sysdj162_" },
					{ "time": 5.5, "name": "sys1g_UR_sysdj165_" },
					{ "time": 5.6, "name": "sys1g_UR_sysdj168_" },
					{ "time": 5.7, "name": "sys1g_UR_sysdj171_" },
					{ "time": 5.8, "name": "sys1g_UR_sysdj174_" },
					{ "time": 5.9, "name": "sys1g_UR_sysdj177_" },
					{ "time": 6, "name": "sys1g_UR_sysdj180_" },
					{ "time": 6.1, "name": "sys1g_UR_sysdj183_" },
					{ "time": 6.2, "name": "sys1g_UR_sysdj186_" },
					{ "time": 6.3, "name": "sys1g_UR_sysdj189_" },
					{ "time": 6.4, "name": "sys1g_UR_sysdj192_" },
					{ "time": 6.5, "name": "sys1g_UR_sysdj195_" },
					{ "time": 6.6, "name": "sys1g_UR_sysdj198_" },
					{ "time": 6.7, "name": "sys1g_UR_sysdj201_" },
					{ "time": 6.8, "name": "sys1g_UR_sysdj204_" },
					{ "time": 6.9, "name": "sys1g_UR_sysdj207_" },
					{ "time": 7, "name": "sys1g_UR_sysdj210_" },
					{ "time": 7.1, "name": "sys1g_UR_sysdj213_" }
				]
			}
		},
		"bones": {
			"ctr": {
				"translate": [
					{ "time": 0, "x": 0, "y": 0 }
				]
			}
		}
	}
}
}