{"skeleton":{"hash":"nVVdUHzKqsGuGSGzrqFIDK/lEGY","spine":"3.7.94","width":0,"height":0,"images":"./images/","audio":""},"bones":[{"name":"root","scaleX":1.013,"scaleY":1.013},{"name":"tx","parent":"root"},{"name":"guangzhu_1","parent":"tx","x":-1.49},{"name":"guangzhu_2","parent":"tx"},{"name":"xian_1","parent":"tx","x":-14.77,"y":20},{"name":"xian_2","parent":"tx","y":20},{"name":"quanlan","parent":"tx"},{"name":"kuang1","parent":"root","color":"47d2ffff"},{"name":"kuang2_guang","parent":"root","color":"ffd236ff"},{"name":"kuang_ban1","parent":"root","color":"ff9d47ff"},{"name":"kuang_ban2","parent":"root","color":"ff9d47ff"},{"name":"kuang2","parent":"root","color":"47d2ffff"},{"name":"xian_3","parent":"tx","x":1.86,"y":69.33},{"name":"baopansj_xian_2","parent":"tx","x":5.02,"y":45.61}],"slots":[{"name":"guangzhulan_1","bone":"guangzhu_1"},{"name":"kuang1","bone":"kuang1","blend":"additive"},{"name":"kuang2","bone":"kuang2"},{"name":"kuang_guang_","bone":"kuang2_guang"},{"name":"guangzhulan_2","bone":"guangzhu_2","blend":"additive"},{"name":"guangzhulan_4","bone":"xian_1","blend":"additive"},{"name":"guangzhulan_5","bone":"xian_2","blend":"additive"},{"name":"quanlan","bone":"quanlan","blend":"additive"},{"name":"kuang_ban2","bone":"kuang_ban2","blend":"additive"},{"name":"kuang_ban1","bone":"kuang_ban1","blend":"additive"},{"name":"baopansj_xian_1_1","bone":"xian_3","blend":"additive"},{"name":"baopansj_xian_3_","bone":"baopansj_xian_2","blend":"additive"}],"skins":{"default":{"baopansj_xian_1_1":{"baopansj_xian_":{"width":89,"height":240}},"baopansj_xian_3_":{"baopansj_xian_":{"x":-1.58,"y":11.86,"width":89,"height":240}},"guangzhulan_1":{"guangzhulan_":{"y":94.82,"scaleX":0.638,"scaleY":1.301,"width":38,"height":135}},"guangzhulan_2":{"guangzhulan_":{"y":59.42,"scaleX":1.012,"scaleY":1.241,"width":38,"height":135}},"guangzhulan_4":{"baopansj_xian_":{"y":39.42,"scaleX":1.012,"scaleY":1.241,"width":89,"height":240}},"guangzhulan_5":{"baopansj_xian_":{"y":39.42,"scaleX":1.012,"scaleY":1.241,"width":89,"height":240}},"kuang1":{"kuang_":{"x":-1.11,"y":-1.7,"width":128,"height":78}},"kuang2":{"kuang_":{"x":-1.11,"y":-1.7,"width":128,"height":78}},"kuang_ban1":{"kuang_ban_":{"x":-1.11,"y":-1.7,"width":117,"height":88}},"kuang_ban2":{"kuang_ban_":{"x":-1.11,"y":-1.7,"width":117,"height":88}},"kuang_guang_":{"kuang_guang_":{"x":-1.11,"y":72.02,"width":135,"height":207}},"quanlan":{"diguanghui_":{"x":-0.26,"y":-6.3,"width":134,"height":54}}}},"animations":{"animation":{"slots":{"baopansj_xian_3_":{"color":[{"time":0.1,"color":"ffc55300"},{"time":0.3,"color":"ffc653ff","curve":"stepped"},{"time":0.7333,"color":"ffc653ff"},{"time":1.1667,"color":"ffc55300"}],"attachment":[{"time":0.1,"name":"baopansj_xian_"}]},"baopansj_xian_1_1":{"color":[{"time":0.6667,"color":"ffddaa00"},{"time":0.8333,"color":"ffddaaff","curve":"stepped"},{"time":1,"color":"ffddaaff"},{"time":1.4,"color":"ffddaa00"}],"attachment":[{"time":0.6667,"name":"baopansj_xian_"}]},"guangzhulan_1":{"color":[{"time":0.1333,"color":"fff59200"},{"time":0.3,"color":"ffda38c5"},{"time":1.5,"color":"ff9f0d00"}],"attachment":[{"time":0.1333,"name":"guangzhulan_"}]},"guangzhulan_2":{"color":[{"time":0.1333,"color":"ffd36b15"},{"time":0.4333,"color":"ffd46c36"},{"time":1.1667,"color":"ffd36b37"},{"time":1.4333,"color":"ffd26b00"}],"attachment":[{"time":0.1333,"name":"guangzhulan_"}]},"guangzhulan_4":{"color":[{"time":0.1667,"color":"ffcf7300"},{"time":0.6667,"color":"ffdd54ff"},{"time":1.1667,"color":"ffcf7300"}],"attachment":[{"time":0.1667,"name":"baopansj_xian_"}]},"guangzhulan_5":{"color":[{"time":0.3333,"color":"ffd45d00"},{"time":0.6333,"color":"ffe35eff"},{"time":1.3333,"color":"ffe35d00"}],"attachment":[{"time":0.3333,"name":"baopansj_xian_"}]},"kuang1":{"color":[{"time":0,"color":"ffbb5d4f"},{"time":0.0667,"color":"ffffff97"},{"time":0.2667,"color":"ffe27484"},{"time":0.5,"color":"ffffff00"},{"time":0.5667,"color":"ffd09eff"},{"time":0.6667,"color":"ffba4bff"},{"time":0.9,"color":"ffe27484"},{"time":1.1667,"color":"ffffff00"}],"attachment":[{"time":0,"name":"kuang_"}]},"kuang2":{"color":[{"time":0.6,"color":"ffffffff"},{"time":0.7667,"color":"ffffff00"}],"attachment":[{"time":0.2333,"name":"kuang_"}]},"kuang_ban1":{"color":[{"time":0.1667,"color":"fffc8500"},{"time":0.4667,"color":"ffffffff"},{"time":1.0333,"color":"ffffff00"}],"attachment":[{"time":0.1667,"name":"kuang_ban_"}]},"kuang_ban2":{"color":[{"time":0.3,"color":"ffffffff"},{"time":1.3333,"color":"ffffff00"}],"attachment":[{"time":0.3,"name":"kuang_ban_"}]},"kuang_guang_":{"color":[{"time":0,"color":"ffffff00","curve":"stepped"},{"time":0.3333,"color":"ffffff00"},{"time":0.7333,"color":"fffffff2","curve":"stepped"},{"time":1.0333,"color":"fffffff2"},{"time":1.5,"color":"ffffff00"}],"attachment":[{"time":0.3333,"name":"kuang_guang_"}]},"quanlan":{"color":[{"time":0,"color":"ffffff00"},{"time":0.1333,"color":"ffb964ff"},{"time":1.1667,"color":"ffb94f00"}]}},"bones":{"guangzhu_1":{"scale":[{"time":0.1333,"x":4.523,"y":0.614,"curve":[0.068,0.23,0.672,0.91]},{"time":1.5,"x":4.023,"y":0.971}]},"guangzhu_2":{"scale":[{"time":0.7333,"x":1,"y":1},{"time":1.4333,"x":1,"y":0.775}]},"xian_1":{"translate":[{"time":0.1667,"x":-12.31,"y":2.18},{"time":1.1667,"x":-12.31,"y":105.24}],"scale":[{"time":0.1667,"x":-0.233,"y":0.528}]},"xian_2":{"translate":[{"time":0.3333,"x":14.35,"y":-27.15},{"time":1.3333,"x":14.35,"y":100.69}],"scale":[{"time":0.3333,"x":0.13,"y":0.843}]},"quanlan":{"scale":[{"time":0,"x":0.72,"y":0.72},{"time":1.1667,"x":0.802,"y":0.802}]},"kuang1":{"scale":[{"time":0,"x":1,"y":1,"curve":[0.25,0,0.75,1]},{"time":0.5,"x":1.445,"y":1.445},{"time":0.5667,"x":1,"y":1},{"time":1.1667,"x":1.445,"y":1.445}]},"kuang_ban1":{"translate":[{"time":0.1667,"x":0,"y":22.38,"curve":[0.25,0,0.75,1]},{"time":1.0333,"x":0,"y":78.24}]},"kuang_ban2":{"translate":[{"time":0.3,"x":0,"y":9.98},{"time":1.3333,"x":0,"y":52.91}]},"kuang2":{"scale":[{"time":0.2333,"x":1.01,"y":1.01},{"time":0.7667,"x":1.445,"y":1.445}]},"xian_3":{"translate":[{"time":0.6667,"x":35.2,"y":-30.87},{"time":1.4,"x":35.2,"y":52.54}],"scale":[{"time":0.6667,"x":0.188,"y":0.603}]},"baopansj_xian_2":{"translate":[{"time":0.1,"x":-7.31,"y":-17.54},{"time":1.1667,"x":-7.31,"y":72.18}]}}}}}