{
"skeleton": { "hash": "/8le5OLZh2KsZ+PWe12NmLu40Gk", "spine": "3.7.94", "width": 0, "height": 0, "images": "./images/", "audio": "" },
"bones": [
	{ "name": "root" },
	{ "name": "Golden_wing", "parent": "root", "scaleX": 1.25, "scaleY": 1.25 },
	{ "name": "Golden_wing2", "parent": "root", "scaleX": -1.25, "scaleY": 1.25 }
],
"slots": [
	{ "name": "Golden_wing_00_", "bone": "Golden_wing" },
	{ "name": "Golden_wing_00_2", "bone": "Golden_wing2" }
],
"skins": {
	"default": {
		"Golden_wing_00_": {
			"Golden_wing_00_": { "width": 640, "height": 640 },
			"Golden_wing_03_": { "width": 640, "height": 640 },
			"Golden_wing_06_": { "width": 640, "height": 640 },
			"Golden_wing_09_": { "width": 640, "height": 640 },
			"Golden_wing_12_": { "width": 640, "height": 640 },
			"Golden_wing_15_": { "width": 640, "height": 640 },
			"Golden_wing_18_": { "width": 640, "height": 640 },
			"Golden_wing_21_": { "width": 640, "height": 640 },
			"Golden_wing_24_": { "width": 640, "height": 640 },
			"Golden_wing_27_": { "width": 640, "height": 640 },
			"Golden_wing_30_": { "width": 640, "height": 640 },
			"Golden_wing_33_": { "width": 640, "height": 640 },
			"Golden_wing_36_": { "width": 640, "height": 640 },
			"Golden_wing_39_": { "width": 640, "height": 640 },
			"Golden_wing_42_": { "width": 640, "height": 640 },
			"Golden_wing_45_": { "width": 640, "height": 640 },
			"Golden_wing_48_": { "width": 640, "height": 640 }
		},
		"Golden_wing_00_2": {
			"Golden_wing_00_": { "width": 640, "height": 640 },
			"Golden_wing_03_": { "width": 640, "height": 640 },
			"Golden_wing_06_": { "width": 640, "height": 640 },
			"Golden_wing_09_": { "width": 640, "height": 640 },
			"Golden_wing_12_": { "width": 640, "height": 640 },
			"Golden_wing_15_": { "width": 640, "height": 640 },
			"Golden_wing_18_": { "width": 640, "height": 640 },
			"Golden_wing_21_": { "width": 640, "height": 640 },
			"Golden_wing_24_": { "width": 640, "height": 640 },
			"Golden_wing_27_": { "width": 640, "height": 640 },
			"Golden_wing_30_": { "width": 640, "height": 640 },
			"Golden_wing_33_": { "width": 640, "height": 640 },
			"Golden_wing_36_": { "width": 640, "height": 640 },
			"Golden_wing_39_": { "width": 640, "height": 640 },
			"Golden_wing_42_": { "width": 640, "height": 640 },
			"Golden_wing_45_": { "width": 640, "height": 640 },
			"Golden_wing_48_": { "width": 640, "height": 640 }
		}
	}
},
"animations": {
	"animation": {
		"slots": {
			"Golden_wing_00_": {
				"attachment": [
					{ "time": 0, "name": "Golden_wing_00_" },
					{ "time": 0.1, "name": "Golden_wing_03_" },
					{ "time": 0.2, "name": "Golden_wing_06_" },
					{ "time": 0.3, "name": "Golden_wing_09_" },
					{ "time": 0.4, "name": "Golden_wing_12_" },
					{ "time": 0.5, "name": "Golden_wing_15_" },
					{ "time": 0.6, "name": "Golden_wing_18_" },
					{ "time": 0.7, "name": "Golden_wing_21_" },
					{ "time": 0.8, "name": "Golden_wing_24_" },
					{ "time": 0.9, "name": "Golden_wing_27_" },
					{ "time": 1, "name": "Golden_wing_30_" },
					{ "time": 1.1, "name": "Golden_wing_33_" },
					{ "time": 1.2, "name": "Golden_wing_36_" },
					{ "time": 1.3, "name": "Golden_wing_39_" },
					{ "time": 1.4, "name": "Golden_wing_42_" },
					{ "time": 1.5, "name": "Golden_wing_45_" },
					{ "time": 1.6, "name": "Golden_wing_48_" },
					{ "time": 1.7, "name": null }
				]
			},
			"Golden_wing_00_2": {
				"attachment": [
					{ "time": 0, "name": "Golden_wing_00_" },
					{ "time": 0.1, "name": "Golden_wing_03_" },
					{ "time": 0.2, "name": "Golden_wing_06_" },
					{ "time": 0.3, "name": "Golden_wing_09_" },
					{ "time": 0.4, "name": "Golden_wing_12_" },
					{ "time": 0.5, "name": "Golden_wing_15_" },
					{ "time": 0.6, "name": "Golden_wing_18_" },
					{ "time": 0.7, "name": "Golden_wing_21_" },
					{ "time": 0.8, "name": "Golden_wing_24_" },
					{ "time": 0.9, "name": "Golden_wing_27_" },
					{ "time": 1, "name": "Golden_wing_30_" },
					{ "time": 1.1, "name": "Golden_wing_33_" },
					{ "time": 1.2, "name": "Golden_wing_36_" },
					{ "time": 1.3, "name": "Golden_wing_39_" },
					{ "time": 1.4, "name": "Golden_wing_42_" },
					{ "time": 1.5, "name": "Golden_wing_45_" },
					{ "time": 1.6, "name": "Golden_wing_48_" },
					{ "time": 1.7, "name": null }
				]
			}
		},
		"bones": {
			"Golden_wing": {
				"translate": [
					{ "time": 0, "x": -200, "y": 150 }
				]
			},
			"Golden_wing2": {
				"translate": [
					{ "time": 0, "x": 200, "y": 150 }
				]
			}
		}
	}
}
}