{"skeleton":{"hash":"ljkQAtfMewnpwiT3tX4YgsUxUwA","spine":"2.1.27","width":414,"height":352},"bones":[{"name":"root"},{"name":"bone","parent":"root","length":132.76,"y":-171.3}],"slots":[{"name":"albb_000_","bone":"bone","attachment":"albb_000_"}],"skins":{"default":{"albb_000_":{"albb_000_":{"y":171.3,"width":414,"height":352},"albb_002_":{"y":171.3,"width":414,"height":352},"albb_004_":{"y":171.3,"width":414,"height":352},"albb_006_":{"y":171.3,"width":414,"height":352},"albb_008_":{"y":171.3,"width":414,"height":352},"albb_010_":{"y":171.3,"width":414,"height":352},"albb_012_":{"y":171.3,"width":414,"height":352},"albb_014_":{"y":171.3,"width":414,"height":352},"albb_016_":{"y":171.3,"width":414,"height":352},"albb_018_":{"y":171.3,"width":414,"height":352},"albb_020_":{"y":171.3,"width":414,"height":352},"albb_022_":{"y":171.3,"width":414,"height":352},"albb_024_":{"y":171.3,"width":414,"height":352},"albb_026_":{"y":171.3,"width":414,"height":352},"albb_028_":{"y":171.3,"width":414,"height":352}}}},"animations":{"dj":{"slots":{"albb_000_":{"attachment":[{"time":0,"name":"albb_000_"},{"time":0.1666,"name":"albb_002_"},{"time":0.3666,"name":"albb_004_"},{"time":0.5333,"name":"albb_006_"},{"time":0.7,"name":"albb_008_"},{"time":0.9,"name":"albb_010_"},{"time":1.0666,"name":"albb_012_"},{"time":1.2333,"name":"albb_014_"},{"time":1.4,"name":"albb_016_"},{"time":1.6,"name":"albb_018_"},{"time":1.7666,"name":"albb_020_"},{"time":1.9333,"name":"albb_022_"},{"time":2.1333,"name":"albb_024_"},{"time":2.3,"name":"albb_026_"},{"time":2.4666,"name":"albb_028_"},{"time":2.6666,"name":"albb_000_"}]}},"bones":{"bone":{"translate":[{"time":0,"x":0,"y":160.21}]}}}}}