{"skeleton":{"hash":"jw8W6xYqCZVthRPJt2GUSMT1Whc","spine":"3.7.94","width":0,"height":0,"images":"./images/","audio":"H:/COK项目/Spine工程/盲盒—运动系列Spine/盲盒—红衣拳击Spine/红色攻击_group/mh_qj_red_attack_A"},"bones":[{"name":"root"},{"name":"ctr","parent":"root","scaleX":1.25,"scaleY":1.25},{"name":"mhqjredattack_UL_","parent":"ctr"},{"name":"mhqjredattack_UR_","parent":"ctr"},{"name":"mhqjredattack_DL_","parent":"ctr"},{"name":"mhqjredattack_DR_","parent":"ctr"}],"slots":[{"name":"mhqjredattack_UL_","bone":"mhqjredattack_UL_"},{"name":"mhqjredattack_UR_","bone":"mhqjredattack_UR_"},{"name":"mhqjredattack_DL_","bone":"mhqjredattack_DL_"},{"name":"mhqjredattack_DR_","bone":"mhqjredattack_DR_"}],"skins":{"default":{"mhqjredattack_DL_":{"mhqjredattack_DL_000_":{"x":-301,"y":-323.5,"width":602,"height":647},"mhqjredattack_DL_003_":{"x":-301,"y":-323.5,"width":602,"height":647},"mhqjredattack_DL_006_":{"x":-301,"y":-323.5,"width":602,"height":647},"mhqjredattack_DL_009_":{"x":-301,"y":-323.5,"width":602,"height":647},"mhqjredattack_DL_012_":{"x":-301,"y":-323.5,"width":602,"height":647},"mhqjredattack_DL_015_":{"x":-301,"y":-323.5,"width":602,"height":647},"mhqjredattack_DL_018_":{"x":-301,"y":-323.5,"width":602,"height":647},"mhqjredattack_DL_021_":{"x":-301,"y":-323.5,"width":602,"height":647},"mhqjredattack_DL_024_":{"x":-301,"y":-323.5,"width":602,"height":647},"mhqjredattack_DL_027_":{"x":-301,"y":-323.5,"width":602,"height":647},"mhqjredattack_DL_030_":{"x":-301,"y":-323.5,"width":602,"height":647},"mhqjredattack_DL_033_":{"x":-301,"y":-323.5,"width":602,"height":647},"mhqjredattack_DL_036_":{"x":-301,"y":-323.5,"width":602,"height":647},"mhqjredattack_DL_039_":{"x":-301,"y":-323.5,"width":602,"height":647},"mhqjredattack_DL_042_":{"x":-301,"y":-323.5,"width":602,"height":647},"mhqjredattack_DL_045_":{"x":-301,"y":-323.5,"width":602,"height":647},"mhqjredattack_DL_048_":{"x":-301,"y":-323.5,"width":602,"height":647},"mhqjredattack_DL_051_":{"x":-301,"y":-323.5,"width":602,"height":647},"mhqjredattack_DL_054_":{"x":-301,"y":-323.5,"width":602,"height":647},"mhqjredattack_DL_057_":{"x":-301,"y":-323.5,"width":602,"height":647}},"mhqjredattack_DR_":{"mhqjredattack_DR_000_":{"x":339,"y":-323.5,"width":678,"height":647},"mhqjredattack_DR_003_":{"x":339,"y":-323.5,"width":678,"height":647},"mhqjredattack_DR_006_":{"x":339,"y":-323.5,"width":678,"height":647},"mhqjredattack_DR_009_":{"x":339,"y":-323.5,"width":678,"height":647},"mhqjredattack_DR_012_":{"x":339,"y":-323.5,"width":678,"height":647},"mhqjredattack_DR_015_":{"x":339,"y":-323.5,"width":678,"height":647},"mhqjredattack_DR_018_":{"x":339,"y":-323.5,"width":678,"height":647},"mhqjredattack_DR_021_":{"x":339,"y":-323.5,"width":678,"height":647},"mhqjredattack_DR_024_":{"x":339,"y":-323.5,"width":678,"height":647},"mhqjredattack_DR_027_":{"x":339,"y":-323.5,"width":678,"height":647},"mhqjredattack_DR_030_":{"x":339,"y":-323.5,"width":678,"height":647},"mhqjredattack_DR_033_":{"x":339,"y":-323.5,"width":678,"height":647},"mhqjredattack_DR_036_":{"x":339,"y":-323.5,"width":678,"height":647},"mhqjredattack_DR_039_":{"x":339,"y":-323.5,"width":678,"height":647},"mhqjredattack_DR_042_":{"x":339,"y":-323.5,"width":678,"height":647},"mhqjredattack_DR_045_":{"x":339,"y":-323.5,"width":678,"height":647},"mhqjredattack_DR_048_":{"x":339,"y":-323.5,"width":678,"height":647},"mhqjredattack_DR_051_":{"x":339,"y":-323.5,"width":678,"height":647},"mhqjredattack_DR_054_":{"x":339,"y":-323.5,"width":678,"height":647},"mhqjredattack_DR_057_":{"x":339,"y":-323.5,"width":678,"height":647}},"mhqjredattack_UL_":{"mhqjredattack_UL_000_":{"x":-301,"y":316.5,"width":602,"height":633},"mhqjredattack_UL_003_":{"x":-301,"y":316.5,"width":602,"height":633},"mhqjredattack_UL_006_":{"x":-301,"y":316.5,"width":602,"height":633},"mhqjredattack_UL_009_":{"x":-301,"y":316.5,"width":602,"height":633},"mhqjredattack_UL_012_":{"x":-301,"y":316.5,"width":602,"height":633},"mhqjredattack_UL_015_":{"x":-301,"y":316.5,"width":602,"height":633},"mhqjredattack_UL_018_":{"x":-301,"y":316.5,"width":602,"height":633},"mhqjredattack_UL_021_":{"x":-301,"y":316.5,"width":602,"height":633},"mhqjredattack_UL_024_":{"x":-301,"y":316.5,"width":602,"height":633},"mhqjredattack_UL_027_":{"x":-301,"y":316.5,"width":602,"height":633},"mhqjredattack_UL_030_":{"x":-301,"y":316.5,"width":602,"height":633},"mhqjredattack_UL_033_":{"x":-301,"y":316.5,"width":602,"height":633},"mhqjredattack_UL_036_":{"x":-301,"y":316.5,"width":602,"height":633},"mhqjredattack_UL_039_":{"x":-301,"y":316.5,"width":602,"height":633},"mhqjredattack_UL_042_":{"x":-301,"y":316.5,"width":602,"height":633},"mhqjredattack_UL_045_":{"x":-301,"y":316.5,"width":602,"height":633},"mhqjredattack_UL_048_":{"x":-301,"y":316.5,"width":602,"height":633},"mhqjredattack_UL_051_":{"x":-301,"y":316.5,"width":602,"height":633},"mhqjredattack_UL_054_":{"x":-301,"y":316.5,"width":602,"height":633},"mhqjredattack_UL_057_":{"x":-301,"y":316.5,"width":602,"height":633}},"mhqjredattack_UR_":{"mhqjredattack_UR_000_":{"x":339,"y":316.5,"width":678,"height":633},"mhqjredattack_UR_003_":{"x":339,"y":316.5,"width":678,"height":633},"mhqjredattack_UR_006_":{"x":339,"y":316.5,"width":678,"height":633},"mhqjredattack_UR_009_":{"x":339,"y":316.5,"width":678,"height":633},"mhqjredattack_UR_012_":{"x":339,"y":316.5,"width":678,"height":633},"mhqjredattack_UR_015_":{"x":339,"y":316.5,"width":678,"height":633},"mhqjredattack_UR_018_":{"x":339,"y":316.5,"width":678,"height":633},"mhqjredattack_UR_021_":{"x":339,"y":316.5,"width":678,"height":633},"mhqjredattack_UR_024_":{"x":339,"y":316.5,"width":678,"height":633},"mhqjredattack_UR_027_":{"x":339,"y":316.5,"width":678,"height":633},"mhqjredattack_UR_030_":{"x":339,"y":316.5,"width":678,"height":633},"mhqjredattack_UR_033_":{"x":339,"y":316.5,"width":678,"height":633},"mhqjredattack_UR_036_":{"x":339,"y":316.5,"width":678,"height":633},"mhqjredattack_UR_039_":{"x":339,"y":316.5,"width":678,"height":633},"mhqjredattack_UR_042_":{"x":339,"y":316.5,"width":678,"height":633},"mhqjredattack_UR_045_":{"x":339,"y":316.5,"width":678,"height":633},"mhqjredattack_UR_048_":{"x":339,"y":316.5,"width":678,"height":633},"mhqjredattack_UR_051_":{"x":339,"y":316.5,"width":678,"height":633},"mhqjredattack_UR_054_":{"x":339,"y":316.5,"width":678,"height":633},"mhqjredattack_UR_057_":{"x":339,"y":316.5,"width":678,"height":633}}}},"animations":{"animation":{"slots":{"mhqjredattack_DL_":{"attachment":[{"time":0,"name":"mhqjredattack_DL_000_"},{"time":0.1,"name":"mhqjredattack_DL_003_"},{"time":0.2,"name":"mhqjredattack_DL_006_"},{"time":0.3,"name":"mhqjredattack_DL_009_"},{"time":0.4,"name":"mhqjredattack_DL_012_"},{"time":0.5,"name":"mhqjredattack_DL_015_"},{"time":0.6,"name":"mhqjredattack_DL_018_"},{"time":0.7,"name":"mhqjredattack_DL_021_"},{"time":0.8,"name":"mhqjredattack_DL_024_"},{"time":0.9,"name":"mhqjredattack_DL_027_"},{"time":1,"name":"mhqjredattack_DL_030_"},{"time":1.1,"name":"mhqjredattack_DL_033_"},{"time":1.2,"name":"mhqjredattack_DL_036_"},{"time":1.3,"name":"mhqjredattack_DL_039_"},{"time":1.4,"name":"mhqjredattack_DL_042_"},{"time":1.5,"name":"mhqjredattack_DL_045_"},{"time":1.6,"name":"mhqjredattack_DL_048_"},{"time":1.7,"name":"mhqjredattack_DL_051_"},{"time":1.8,"name":"mhqjredattack_DL_054_"},{"time":1.9,"name":"mhqjredattack_DL_057_"}]},"mhqjredattack_DR_":{"attachment":[{"time":0,"name":"mhqjredattack_DR_000_"},{"time":0.1,"name":"mhqjredattack_DR_003_"},{"time":0.2,"name":"mhqjredattack_DR_006_"},{"time":0.3,"name":"mhqjredattack_DR_009_"},{"time":0.4,"name":"mhqjredattack_DR_012_"},{"time":0.5,"name":"mhqjredattack_DR_015_"},{"time":0.6,"name":"mhqjredattack_DR_018_"},{"time":0.7,"name":"mhqjredattack_DR_021_"},{"time":0.8,"name":"mhqjredattack_DR_024_"},{"time":0.9,"name":"mhqjredattack_DR_027_"},{"time":1,"name":"mhqjredattack_DR_030_"},{"time":1.1,"name":"mhqjredattack_DR_033_"},{"time":1.2,"name":"mhqjredattack_DR_036_"},{"time":1.3,"name":"mhqjredattack_DR_039_"},{"time":1.4,"name":"mhqjredattack_DR_042_"},{"time":1.5,"name":"mhqjredattack_DR_045_"},{"time":1.6,"name":"mhqjredattack_DR_048_"},{"time":1.7,"name":"mhqjredattack_DR_051_"},{"time":1.8,"name":"mhqjredattack_DR_054_"},{"time":1.9,"name":"mhqjredattack_DR_057_"}]},"mhqjredattack_UL_":{"attachment":[{"time":0,"name":"mhqjredattack_UL_000_"},{"time":0.1,"name":"mhqjredattack_UL_003_"},{"time":0.2,"name":"mhqjredattack_UL_006_"},{"time":0.3,"name":"mhqjredattack_UL_009_"},{"time":0.4,"name":"mhqjredattack_UL_012_"},{"time":0.5,"name":"mhqjredattack_UL_015_"},{"time":0.6,"name":"mhqjredattack_UL_018_"},{"time":0.7,"name":"mhqjredattack_UL_021_"},{"time":0.8,"name":"mhqjredattack_UL_024_"},{"time":0.9,"name":"mhqjredattack_UL_027_"},{"time":1,"name":"mhqjredattack_UL_030_"},{"time":1.1,"name":"mhqjredattack_UL_033_"},{"time":1.2,"name":"mhqjredattack_UL_036_"},{"time":1.3,"name":"mhqjredattack_UL_039_"},{"time":1.4,"name":"mhqjredattack_UL_042_"},{"time":1.5,"name":"mhqjredattack_UL_045_"},{"time":1.6,"name":"mhqjredattack_UL_048_"},{"time":1.7,"name":"mhqjredattack_UL_051_"},{"time":1.8,"name":"mhqjredattack_UL_054_"},{"time":1.9,"name":"mhqjredattack_UL_057_"}]},"mhqjredattack_UR_":{"attachment":[{"time":0,"name":"mhqjredattack_UR_000_"},{"time":0.1,"name":"mhqjredattack_UR_003_"},{"time":0.2,"name":"mhqjredattack_UR_006_"},{"time":0.3,"name":"mhqjredattack_UR_009_"},{"time":0.4,"name":"mhqjredattack_UR_012_"},{"time":0.5,"name":"mhqjredattack_UR_015_"},{"time":0.6,"name":"mhqjredattack_UR_018_"},{"time":0.7,"name":"mhqjredattack_UR_021_"},{"time":0.8,"name":"mhqjredattack_UR_024_"},{"time":0.9,"name":"mhqjredattack_UR_027_"},{"time":1,"name":"mhqjredattack_UR_030_"},{"time":1.1,"name":"mhqjredattack_UR_033_"},{"time":1.2,"name":"mhqjredattack_UR_036_"},{"time":1.3,"name":"mhqjredattack_UR_039_"},{"time":1.4,"name":"mhqjredattack_UR_042_"},{"time":1.5,"name":"mhqjredattack_UR_045_"},{"time":1.6,"name":"mhqjredattack_UR_048_"},{"time":1.7,"name":"mhqjredattack_UR_051_"},{"time":1.8,"name":"mhqjredattack_UR_054_"},{"time":1.9,"name":"mhqjredattack_UR_057_"}]}},"bones":{"ctr":{"translate":[{"time":0,"x":-45,"y":115}]}}}}}