{
"skeleton": { "hash": "iuFoTezupy1OQXnHM/E1gCNBT2A", "spine": "3.7.94", "width": 0, "height": 0 },
"bones": [
	{ "name": "root" },
	{ "name": "ctr", "parent": "root", "x": -16, "y": 140, "scaleX": 1.25, "scaleY": 1.25 },
	{ "name": "djxx_UL_", "parent": "ctr" },
	{ "name": "djxx_UR_", "parent": "ctr" },
	{ "name": "djxx_DL_", "parent": "ctr" },
	{ "name": "djxx_DR_", "parent": "ctr" }
],
"slots": [
	{ "name": "djxx_UL_", "bone": "djxx_UL_" },
	{ "name": "djxx_UR_", "bone": "djxx_UR_" },
	{ "name": "djxx_DL_", "bone": "djxx_DL_" },
	{ "name": "djxx_DR_", "bone": "djxx_DR_" }
],
"skins": {
	"default": {
		"djxx_DL_": {
			"djxx_DL_105_": { "x": -90, "y": -224.5, "width": 180, "height": 449 },
			"djxx_DL_108_": { "x": -90, "y": -224.5, "width": 180, "height": 449 },
			"djxx_DL_111_": { "x": -90, "y": -224.5, "width": 180, "height": 449 },
			"djxx_DL_114_": { "x": -90, "y": -224.5, "width": 180, "height": 449 },
			"djxx_DL_117_": { "x": -90, "y": -224.5, "width": 180, "height": 449 },
			"djxx_DL_120_": { "x": -90, "y": -224.5, "width": 180, "height": 449 },
			"djxx_DL_123_": { "x": -90, "y": -224.5, "width": 180, "height": 449 },
			"djxx_DL_126_": { "x": -90, "y": -224.5, "width": 180, "height": 449 },
			"djxx_DL_129_": { "x": -90, "y": -224.5, "width": 180, "height": 449 },
			"djxx_DL_132_": { "x": -90, "y": -224.5, "width": 180, "height": 449 },
			"djxx_DL_135_": { "x": -90, "y": -224.5, "width": 180, "height": 449 },
			"djxx_DL_138_": { "x": -90, "y": -224.5, "width": 180, "height": 449 },
			"djxx_DL_141_": { "x": -90, "y": -224.5, "width": 180, "height": 449 },
			"djxx_DL_144_": { "x": -90, "y": -224.5, "width": 180, "height": 449 },
			"djxx_DL_147_": { "x": -90, "y": -224.5, "width": 180, "height": 449 },
			"djxx_DL_150_": { "x": -90, "y": -224.5, "width": 180, "height": 449 },
			"djxx_DL_153_": { "x": -90, "y": -224.5, "width": 180, "height": 449 },
			"djxx_DL_156_": { "x": -90, "y": -224.5, "width": 180, "height": 449 },
			"djxx_DL_159_": { "x": -90, "y": -224.5, "width": 180, "height": 449 },
			"djxx_DL_162_": { "x": -90, "y": -224.5, "width": 180, "height": 449 },
			"djxx_DL_165_": { "x": -90, "y": -224.5, "width": 180, "height": 449 },
			"djxx_DL_168_": { "x": -90, "y": -224.5, "width": 180, "height": 449 },
			"djxx_DL_171_": { "x": -90, "y": -224.5, "width": 180, "height": 449 },
			"djxx_DL_174_": { "x": -90, "y": -224.5, "width": 180, "height": 449 },
			"djxx_DL_177_": { "x": -90, "y": -224.5, "width": 180, "height": 449 },
			"djxx_DL_180_": { "x": -90, "y": -224.5, "width": 180, "height": 449 },
			"djxx_DL_183_": { "x": -90, "y": -224.5, "width": 180, "height": 449 },
			"djxx_DL_186_": { "x": -90, "y": -224.5, "width": 180, "height": 449 },
			"djxx_DL_189_": { "x": -90, "y": -224.5, "width": 180, "height": 449 },
			"djxx_DL_192_": { "x": -90, "y": -224.5, "width": 180, "height": 449 },
			"djxx_DL_195_": { "x": -90, "y": -224.5, "width": 180, "height": 449 },
			"djxx_DL_198_": { "x": -90, "y": -224.5, "width": 180, "height": 449 },
			"djxx_DL_201_": { "x": -90, "y": -224.5, "width": 180, "height": 449 },
			"djxx_DL_202_": { "x": -90, "y": -224.5, "width": 180, "height": 449 },
			"djxx_DL_203_": { "x": -90, "y": -224.5, "width": 180, "height": 449 }
		},
		"djxx_DR_": {
			"djxx_DR_105_": { "x": 150, "y": -224.5, "width": 300, "height": 449 },
			"djxx_DR_108_": { "x": 150, "y": -224.5, "width": 300, "height": 449 },
			"djxx_DR_111_": { "x": 150, "y": -224.5, "width": 300, "height": 449 },
			"djxx_DR_114_": { "x": 150, "y": -224.5, "width": 300, "height": 449 },
			"djxx_DR_117_": { "x": 150, "y": -224.5, "width": 300, "height": 449 },
			"djxx_DR_120_": { "x": 150, "y": -224.5, "width": 300, "height": 449 },
			"djxx_DR_123_": { "x": 150, "y": -224.5, "width": 300, "height": 449 },
			"djxx_DR_126_": { "x": 150, "y": -224.5, "width": 300, "height": 449 },
			"djxx_DR_129_": { "x": 150, "y": -224.5, "width": 300, "height": 449 },
			"djxx_DR_132_": { "x": 150, "y": -224.5, "width": 300, "height": 449 },
			"djxx_DR_135_": { "x": 150, "y": -224.5, "width": 300, "height": 449 },
			"djxx_DR_138_": { "x": 150, "y": -224.5, "width": 300, "height": 449 },
			"djxx_DR_141_": { "x": 150, "y": -224.5, "width": 300, "height": 449 },
			"djxx_DR_144_": { "x": 150, "y": -224.5, "width": 300, "height": 449 },
			"djxx_DR_147_": { "x": 150, "y": -224.5, "width": 300, "height": 449 },
			"djxx_DR_150_": { "x": 150, "y": -224.5, "width": 300, "height": 449 },
			"djxx_DR_153_": { "x": 150, "y": -224.5, "width": 300, "height": 449 },
			"djxx_DR_156_": { "x": 150, "y": -224.5, "width": 300, "height": 449 },
			"djxx_DR_159_": { "x": 150, "y": -224.5, "width": 300, "height": 449 },
			"djxx_DR_162_": { "x": 150, "y": -224.5, "width": 300, "height": 449 },
			"djxx_DR_165_": { "x": 150, "y": -224.5, "width": 300, "height": 449 },
			"djxx_DR_168_": { "x": 150, "y": -224.5, "width": 300, "height": 449 },
			"djxx_DR_171_": { "x": 150, "y": -224.5, "width": 300, "height": 449 },
			"djxx_DR_174_": { "x": 150, "y": -224.5, "width": 300, "height": 449 },
			"djxx_DR_177_": { "x": 150, "y": -224.5, "width": 300, "height": 449 },
			"djxx_DR_180_": { "x": 150, "y": -224.5, "width": 300, "height": 449 },
			"djxx_DR_183_": { "x": 150, "y": -224.5, "width": 300, "height": 449 },
			"djxx_DR_186_": { "x": 150, "y": -224.5, "width": 300, "height": 449 },
			"djxx_DR_189_": { "x": 150, "y": -224.5, "width": 300, "height": 449 },
			"djxx_DR_192_": { "x": 150, "y": -224.5, "width": 300, "height": 449 },
			"djxx_DR_195_": { "x": 150, "y": -224.5, "width": 300, "height": 449 },
			"djxx_DR_198_": { "x": 150, "y": -224.5, "width": 300, "height": 449 },
			"djxx_DR_201_": { "x": 150, "y": -224.5, "width": 300, "height": 449 },
			"djxx_DR_202_": { "x": 150, "y": -224.5, "width": 300, "height": 449 },
			"djxx_DR_203_": { "x": 150, "y": -224.5, "width": 300, "height": 449 }
		},
		"djxx_UL_": {
			"djxx_UL_105_": { "x": -90, "y": 95.5, "width": 180, "height": 191 },
			"djxx_UL_108_": { "x": -90, "y": 95.5, "width": 180, "height": 191 },
			"djxx_UL_111_": { "x": -90, "y": 95.5, "width": 180, "height": 191 },
			"djxx_UL_114_": { "x": -90, "y": 95.5, "width": 180, "height": 191 },
			"djxx_UL_117_": { "x": -90, "y": 95.5, "width": 180, "height": 191 },
			"djxx_UL_120_": { "x": -90, "y": 95.5, "width": 180, "height": 191 },
			"djxx_UL_123_": { "x": -90, "y": 95.5, "width": 180, "height": 191 },
			"djxx_UL_126_": { "x": -90, "y": 95.5, "width": 180, "height": 191 },
			"djxx_UL_129_": { "x": -90, "y": 95.5, "width": 180, "height": 191 },
			"djxx_UL_132_": { "x": -90, "y": 95.5, "width": 180, "height": 191 },
			"djxx_UL_135_": { "x": -90, "y": 95.5, "width": 180, "height": 191 },
			"djxx_UL_138_": { "x": -90, "y": 95.5, "width": 180, "height": 191 },
			"djxx_UL_141_": { "x": -90, "y": 95.5, "width": 180, "height": 191 },
			"djxx_UL_144_": { "x": -90, "y": 95.5, "width": 180, "height": 191 },
			"djxx_UL_147_": { "x": -90, "y": 95.5, "width": 180, "height": 191 },
			"djxx_UL_150_": { "x": -90, "y": 95.5, "width": 180, "height": 191 },
			"djxx_UL_153_": { "x": -90, "y": 95.5, "width": 180, "height": 191 },
			"djxx_UL_156_": { "x": -90, "y": 95.5, "width": 180, "height": 191 },
			"djxx_UL_159_": { "x": -90, "y": 95.5, "width": 180, "height": 191 },
			"djxx_UL_162_": { "x": -90, "y": 95.5, "width": 180, "height": 191 },
			"djxx_UL_165_": { "x": -90, "y": 95.5, "width": 180, "height": 191 },
			"djxx_UL_168_": { "x": -90, "y": 95.5, "width": 180, "height": 191 },
			"djxx_UL_171_": { "x": -90, "y": 95.5, "width": 180, "height": 191 },
			"djxx_UL_174_": { "x": -90, "y": 95.5, "width": 180, "height": 191 },
			"djxx_UL_177_": { "x": -90, "y": 95.5, "width": 180, "height": 191 },
			"djxx_UL_180_": { "x": -90, "y": 95.5, "width": 180, "height": 191 },
			"djxx_UL_183_": { "x": -90, "y": 95.5, "width": 180, "height": 191 },
			"djxx_UL_186_": { "x": -90, "y": 95.5, "width": 180, "height": 191 },
			"djxx_UL_189_": { "x": -90, "y": 95.5, "width": 180, "height": 191 },
			"djxx_UL_192_": { "x": -90, "y": 95.5, "width": 180, "height": 191 },
			"djxx_UL_195_": { "x": -90, "y": 95.5, "width": 180, "height": 191 },
			"djxx_UL_198_": { "x": -90, "y": 95.5, "width": 180, "height": 191 },
			"djxx_UL_201_": { "x": -90, "y": 95.5, "width": 180, "height": 191 },
			"djxx_UL_202_": { "x": -90, "y": 95.5, "width": 180, "height": 191 },
			"djxx_UL_203_": { "x": -90, "y": 95.5, "width": 180, "height": 191 }
		},
		"djxx_UR_": {
			"djxx_UR_105_": { "x": 150, "y": 95.5, "width": 300, "height": 191 },
			"djxx_UR_108_": { "x": 150, "y": 95.5, "width": 300, "height": 191 },
			"djxx_UR_111_": { "x": 150, "y": 95.5, "width": 300, "height": 191 },
			"djxx_UR_114_": { "x": 150, "y": 95.5, "width": 300, "height": 191 },
			"djxx_UR_117_": { "x": 150, "y": 95.5, "width": 300, "height": 191 },
			"djxx_UR_120_": { "x": 150, "y": 95.5, "width": 300, "height": 191 },
			"djxx_UR_123_": { "x": 150, "y": 95.5, "width": 300, "height": 191 },
			"djxx_UR_126_": { "x": 150, "y": 95.5, "width": 300, "height": 191 },
			"djxx_UR_129_": { "x": 150, "y": 95.5, "width": 300, "height": 191 },
			"djxx_UR_132_": { "x": 150, "y": 95.5, "width": 300, "height": 191 },
			"djxx_UR_135_": { "x": 150, "y": 95.5, "width": 300, "height": 191 },
			"djxx_UR_138_": { "x": 150, "y": 95.5, "width": 300, "height": 191 },
			"djxx_UR_141_": { "x": 150, "y": 95.5, "width": 300, "height": 191 },
			"djxx_UR_144_": { "x": 150, "y": 95.5, "width": 300, "height": 191 },
			"djxx_UR_147_": { "x": 150, "y": 95.5, "width": 300, "height": 191 },
			"djxx_UR_150_": { "x": 150, "y": 95.5, "width": 300, "height": 191 },
			"djxx_UR_153_": { "x": 150, "y": 95.5, "width": 300, "height": 191 },
			"djxx_UR_156_": { "x": 150, "y": 95.5, "width": 300, "height": 191 },
			"djxx_UR_159_": { "x": 150, "y": 95.5, "width": 300, "height": 191 },
			"djxx_UR_162_": { "x": 150, "y": 95.5, "width": 300, "height": 191 },
			"djxx_UR_165_": { "x": 150, "y": 95.5, "width": 300, "height": 191 },
			"djxx_UR_168_": { "x": 150, "y": 95.5, "width": 300, "height": 191 },
			"djxx_UR_171_": { "x": 150, "y": 95.5, "width": 300, "height": 191 },
			"djxx_UR_174_": { "x": 150, "y": 95.5, "width": 300, "height": 191 },
			"djxx_UR_177_": { "x": 150, "y": 95.5, "width": 300, "height": 191 },
			"djxx_UR_180_": { "x": 150, "y": 95.5, "width": 300, "height": 191 },
			"djxx_UR_183_": { "x": 150, "y": 95.5, "width": 300, "height": 191 },
			"djxx_UR_186_": { "x": 150, "y": 95.5, "width": 300, "height": 191 },
			"djxx_UR_189_": { "x": 150, "y": 95.5, "width": 300, "height": 191 },
			"djxx_UR_192_": { "x": 150, "y": 95.5, "width": 300, "height": 191 },
			"djxx_UR_195_": { "x": 150, "y": 95.5, "width": 300, "height": 191 },
			"djxx_UR_198_": { "x": 150, "y": 95.5, "width": 300, "height": 191 },
			"djxx_UR_201_": { "x": 150, "y": 95.5, "width": 300, "height": 191 },
			"djxx_UR_202_": { "x": 150, "y": 95.5, "width": 300, "height": 191 },
			"djxx_UR_203_": { "x": 150, "y": 95.5, "width": 300, "height": 191 }
		}
	}
},
"animations": {
	"animation": {
		"slots": {
			"djxx_DL_": {
				"attachment": [
					{ "time": 0, "name": null },
					{ "time": 3.5, "name": "djxx_DL_105_" },
					{ "time": 3.6, "name": "djxx_DL_108_" },
					{ "time": 3.7, "name": "djxx_DL_111_" },
					{ "time": 3.8, "name": "djxx_DL_114_" },
					{ "time": 3.9, "name": "djxx_DL_117_" },
					{ "time": 4, "name": "djxx_DL_120_" },
					{ "time": 4.1, "name": "djxx_DL_123_" },
					{ "time": 4.2, "name": "djxx_DL_126_" },
					{ "time": 4.3, "name": "djxx_DL_129_" },
					{ "time": 4.4, "name": "djxx_DL_132_" },
					{ "time": 4.5, "name": "djxx_DL_135_" },
					{ "time": 4.6, "name": "djxx_DL_138_" },
					{ "time": 4.7, "name": "djxx_DL_141_" },
					{ "time": 4.8, "name": "djxx_DL_144_" },
					{ "time": 4.9, "name": "djxx_DL_147_" },
					{ "time": 5, "name": "djxx_DL_150_" },
					{ "time": 5.1, "name": "djxx_DL_153_" },
					{ "time": 5.2, "name": "djxx_DL_156_" },
					{ "time": 5.3, "name": "djxx_DL_159_" },
					{ "time": 5.4, "name": "djxx_DL_162_" },
					{ "time": 5.5, "name": "djxx_DL_165_" },
					{ "time": 5.6, "name": "djxx_DL_168_" },
					{ "time": 5.7, "name": "djxx_DL_171_" },
					{ "time": 5.8, "name": "djxx_DL_174_" },
					{ "time": 5.9, "name": "djxx_DL_177_" },
					{ "time": 6, "name": "djxx_DL_180_" },
					{ "time": 6.1, "name": "djxx_DL_183_" },
					{ "time": 6.2, "name": "djxx_DL_186_" },
					{ "time": 6.3, "name": "djxx_DL_189_" },
					{ "time": 6.4, "name": "djxx_DL_192_" },
					{ "time": 6.5, "name": "djxx_DL_195_" },
					{ "time": 6.6, "name": "djxx_DL_198_" },
					{ "time": 6.7, "name": "djxx_DL_201_" },
					{ "time": 6.8, "name": "djxx_DL_202_" },
					{ "time": 6.9, "name": "djxx_DL_203_" },
					{ "time": 7, "name": null }
				]
			},
			"djxx_DR_": {
				"attachment": [
					{ "time": 0, "name": null },
					{ "time": 3.5, "name": "djxx_DR_105_" },
					{ "time": 3.6, "name": "djxx_DR_108_" },
					{ "time": 3.7, "name": "djxx_DR_111_" },
					{ "time": 3.8, "name": "djxx_DR_114_" },
					{ "time": 3.9, "name": "djxx_DR_117_" },
					{ "time": 4, "name": "djxx_DR_120_" },
					{ "time": 4.1, "name": "djxx_DR_123_" },
					{ "time": 4.2, "name": "djxx_DR_126_" },
					{ "time": 4.3, "name": "djxx_DR_129_" },
					{ "time": 4.4, "name": "djxx_DR_132_" },
					{ "time": 4.5, "name": "djxx_DR_135_" },
					{ "time": 4.6, "name": "djxx_DR_138_" },
					{ "time": 4.7, "name": "djxx_DR_141_" },
					{ "time": 4.8, "name": "djxx_DR_144_" },
					{ "time": 4.9, "name": "djxx_DR_147_" },
					{ "time": 5, "name": "djxx_DR_150_" },
					{ "time": 5.1, "name": "djxx_DR_153_" },
					{ "time": 5.2, "name": "djxx_DR_156_" },
					{ "time": 5.3, "name": "djxx_DR_159_" },
					{ "time": 5.4, "name": "djxx_DR_162_" },
					{ "time": 5.5, "name": "djxx_DR_165_" },
					{ "time": 5.6, "name": "djxx_DR_168_" },
					{ "time": 5.7, "name": "djxx_DR_171_" },
					{ "time": 5.8, "name": "djxx_DR_174_" },
					{ "time": 5.9, "name": "djxx_DR_177_" },
					{ "time": 6, "name": "djxx_DR_180_" },
					{ "time": 6.1, "name": "djxx_DR_183_" },
					{ "time": 6.2, "name": "djxx_DR_186_" },
					{ "time": 6.3, "name": "djxx_DR_189_" },
					{ "time": 6.4, "name": "djxx_DR_192_" },
					{ "time": 6.5, "name": "djxx_DR_195_" },
					{ "time": 6.6, "name": "djxx_DR_198_" },
					{ "time": 6.7, "name": "djxx_DR_201_" },
					{ "time": 6.8, "name": "djxx_DR_202_" },
					{ "time": 6.9, "name": "djxx_DR_203_" },
					{ "time": 7, "name": null }
				]
			},
			"djxx_UL_": {
				"attachment": [
					{ "time": 0, "name": null },
					{ "time": 3.5, "name": "djxx_UL_105_" },
					{ "time": 3.6, "name": "djxx_UL_108_" },
					{ "time": 3.7, "name": "djxx_UL_111_" },
					{ "time": 3.8, "name": "djxx_UL_114_" },
					{ "time": 3.9, "name": "djxx_UL_117_" },
					{ "time": 4, "name": "djxx_UL_120_" },
					{ "time": 4.1, "name": "djxx_UL_123_" },
					{ "time": 4.2, "name": "djxx_UL_126_" },
					{ "time": 4.3, "name": "djxx_UL_129_" },
					{ "time": 4.4, "name": "djxx_UL_132_" },
					{ "time": 4.5, "name": "djxx_UL_135_" },
					{ "time": 4.6, "name": "djxx_UL_138_" },
					{ "time": 4.7, "name": "djxx_UL_141_" },
					{ "time": 4.8, "name": "djxx_UL_144_" },
					{ "time": 4.9, "name": "djxx_UL_147_" },
					{ "time": 5, "name": "djxx_UL_150_" },
					{ "time": 5.1, "name": "djxx_UL_153_" },
					{ "time": 5.2, "name": "djxx_UL_156_" },
					{ "time": 5.3, "name": "djxx_UL_159_" },
					{ "time": 5.4, "name": "djxx_UL_162_" },
					{ "time": 5.5, "name": "djxx_UL_165_" },
					{ "time": 5.6, "name": "djxx_UL_168_" },
					{ "time": 5.7, "name": "djxx_UL_171_" },
					{ "time": 5.8, "name": "djxx_UL_174_" },
					{ "time": 5.9, "name": "djxx_UL_177_" },
					{ "time": 6, "name": "djxx_UL_180_" },
					{ "time": 6.1, "name": "djxx_UL_183_" },
					{ "time": 6.2, "name": "djxx_UL_186_" },
					{ "time": 6.3, "name": "djxx_UL_189_" },
					{ "time": 6.4, "name": "djxx_UL_192_" },
					{ "time": 6.5, "name": "djxx_UL_195_" },
					{ "time": 6.6, "name": "djxx_UL_198_" },
					{ "time": 6.7, "name": "djxx_UL_201_" },
					{ "time": 6.8, "name": "djxx_UL_202_" },
					{ "time": 6.9, "name": "djxx_UL_203_" },
					{ "time": 7, "name": null }
				]
			},
			"djxx_UR_": {
				"attachment": [
					{ "time": 0, "name": null },
					{ "time": 3.5, "name": "djxx_UR_105_" },
					{ "time": 3.6, "name": "djxx_UR_108_" },
					{ "time": 3.7, "name": "djxx_UR_111_" },
					{ "time": 3.8, "name": "djxx_UR_114_" },
					{ "time": 3.9, "name": "djxx_UR_117_" },
					{ "time": 4, "name": "djxx_UR_120_" },
					{ "time": 4.1, "name": "djxx_UR_123_" },
					{ "time": 4.2, "name": "djxx_UR_126_" },
					{ "time": 4.3, "name": "djxx_UR_129_" },
					{ "time": 4.4, "name": "djxx_UR_132_" },
					{ "time": 4.5, "name": "djxx_UR_135_" },
					{ "time": 4.6, "name": "djxx_UR_138_" },
					{ "time": 4.7, "name": "djxx_UR_141_" },
					{ "time": 4.8, "name": "djxx_UR_144_" },
					{ "time": 4.9, "name": "djxx_UR_147_" },
					{ "time": 5, "name": "djxx_UR_150_" },
					{ "time": 5.1, "name": "djxx_UR_153_" },
					{ "time": 5.2, "name": "djxx_UR_156_" },
					{ "time": 5.3, "name": "djxx_UR_159_" },
					{ "time": 5.4, "name": "djxx_UR_162_" },
					{ "time": 5.5, "name": "djxx_UR_165_" },
					{ "time": 5.6, "name": "djxx_UR_168_" },
					{ "time": 5.7, "name": "djxx_UR_171_" },
					{ "time": 5.8, "name": "djxx_UR_174_" },
					{ "time": 5.9, "name": "djxx_UR_177_" },
					{ "time": 6, "name": "djxx_UR_180_" },
					{ "time": 6.1, "name": "djxx_UR_183_" },
					{ "time": 6.2, "name": "djxx_UR_186_" },
					{ "time": 6.3, "name": "djxx_UR_189_" },
					{ "time": 6.4, "name": "djxx_UR_192_" },
					{ "time": 6.5, "name": "djxx_UR_195_" },
					{ "time": 6.6, "name": "djxx_UR_198_" },
					{ "time": 6.7, "name": "djxx_UR_201_" },
					{ "time": 6.8, "name": "djxx_UR_202_" },
					{ "time": 6.9, "name": "djxx_UR_203_" },
					{ "time": 7, "name": null }
				]
			}
		}
	}
}
}