{
"skeleton": { "hash": "WKT6hFV/RGSEIou0at4UE56raPg", "spine": "2.1.27", "width": 0, "height": 0 },
"bones": [
	{ "name": "root" },
	{ "name": "bone", "parent": "root", "length": 238.11, "x": -0.27, "y": 0.13, "rotation": 90.45 },
	{ "name": "hua2_", "parent": "bone", "length": 140.55, "x": 178.96, "y": -58.16, "rotation": -92.25 },
	{ "name": "hua5_", "parent": "bone", "length": 77.72, "x": 196.03, "y": -27.99, "rotation": 70.89 },
	{ "name": "hua6_", "parent": "bone", "length": 82.42, "x": 260.38, "y": 20.07, "rotation": 93.15 },
	{ "name": "hua7_", "parent": "bone", "length": 104.22, "x": 228.4, "y": -131.66, "rotation": -97.18 },
	{ "name": "bone2", "parent": "hua6_", "length": 75.49, "x": 82.42, "y": 0.09, "rotation": 8.94 },
	{ "name": "bone3", "parent": "hua5_", "length": 78.86, "x": 77.72, "y": -0.14, "rotation": 32.52 }
],
"slots": [
	{ "name": "hua1_", "bone": "root" },
	{ "name": "hua2_", "bone": "hua2_" },
	{ "name": "hua3_", "bone": "root" },
	{ "name": "hua4_", "bone": "root" },
	{ "name": "hua5_", "bone": "hua5_" },
	{ "name": "hua6_", "bone": "hua6_" },
	{ "name": "hua7_", "bone": "hua7_" },
	{ "name": "hua8_", "bone": "root" },
	{ "name": "hua9_", "bone": "root" },
	{ "name": "hua10_", "bone": "root" },
	{ "name": "hua11_", "bone": "root" }
],
"skins": {
	"default": {
		"hua10_": {
			"hua10_": { "x": -20, "y": 252.99, "width": 172, "height": 54 }
		},
		"hua11_": {
			"hua11_": { "x": 12.99, "y": 179.49, "width": 354, "height": 213 }
		},
		"hua1_": {
			"hua1_": { "x": 24.49, "y": 191.49, "width": 367, "height": 189 }
		},
		"hua2_": {
			"hua2_": { "x": 63.57, "y": -1.06, "rotation": 1.8, "width": 164, "height": 117 }
		},
		"hua3_": {
			"hua3_": { "x": -1.5, "y": 211.49, "width": 365, "height": 149 }
		},
		"hua4_": {
			"hua4_": { "x": 31.49, "y": 233.49, "width": 421, "height": 105 }
		},
		"hua5_": {
			"hua5_": {
				"type": "skinnedmesh",
				"uvs": [ 1, 0.50782, 1, 1, 0.82998, 1, 0.66283, 1, 0.50925, 1, 0.34211, 1, 0.16368, 1, 0, 1, 0, 0.49508, 0, 0, 0.16383, 0, 0.33548, 0, 0.50713, 0, 0.65847, 0, 0.83013, 0, 1, 0, 0.50817, 0.48956, 0.65881, 0.49515, 0.83015, 0.50151, 0.33757, 0.49142, 0.16367, 0.49331 ],
				"triangles": [ 16, 19, 11, 5, 19, 16, 16, 11, 12, 5, 16, 4, 20, 9, 10, 10, 11, 19, 20, 10, 19, 8, 9, 20, 6, 7, 8, 5, 6, 20, 6, 8, 20, 5, 20, 19, 18, 14, 15, 0, 2, 18, 18, 15, 0, 2, 0, 1, 17, 13, 14, 17, 14, 18, 18, 3, 17, 2, 3, 18, 16, 13, 17, 3, 4, 17, 16, 12, 13, 4, 16, 17 ],
				"vertices": [ 1, 1, 208.55, -40.91, 1, 1, 1, 175.58, -40.66, 1, 2, 3, 9.35, 24.65, 0.49599, 1, 175.8, -11.08, 0.504, 2, 3, 36.9, 33.97, 0.49599, 1, 176.02, 17.99, 0.504, 2, 3, 62.21, 42.53, 0.528, 7, 9.88, 44.31, 0.472, 1, 7, 38.11, 37.34999, 1, 1, 7, 68.26, 29.92, 1, 1, 7, 95.91, 23.1, 1, 1, 7, 87.81, -9.74, 1, 1, 7, 79.87, -41.93999, 1, 1, 7, 52.19, -35.12, 1, 1, 7, 23.19, -27.97, 1, 2, 3, 84.03, -20.81, 0.528, 7, -5.8, -20.81, 0.472, 2, 3, 59.09, -29.25, 0.49599, 1, 243.02, 18.25, 0.504, 2, 3, 30.79, -38.82, 0.49599, 1, 242.8, -11.61, 0.504, 1, 1, 242.58, -41.16, 1, 2, 3, 73.35, 10.18999, 0.528, 7, 1.87, 11.07, 0.472, 2, 3, 48.4, 2.15, 0.49599, 1, 209.84, 18.44, 0.504, 2, 3, 20.02, -6.99, 0.49599, 1, 209.2, -11.36, 0.504, 1, 7, 30.72, 4.08, 1, 1, 7, 60.13, -3.03, 1 ],
				"hull": 16
			}
		},
		"hua6_": {
			"hua6_": {
				"type": "skinnedmesh",
				"uvs": [ 1, 0.49108, 1, 1, 0.79896, 1, 0.63822, 1, 0.49485, 1, 0.3037, 1, 0.13861, 1, 0, 1, 0, 0.47086, 0, 0, 0.13861, 0, 0.30804, 0, 0.49485, 0, 0.64256, 0, 0.79462, 0, 1, 0, 0.13861, 0.4776, 0.30599, 0.47186, 0.49485, 0.47086, 0.64046, 0.4838, 0.79675, 0.49008 ],
				"triangles": [ 4, 17, 18, 18, 11, 12, 6, 16, 5, 5, 16, 17, 6, 7, 16, 7, 8, 16, 17, 16, 10, 16, 8, 10, 17, 10, 11, 8, 9, 10, 5, 17, 4, 17, 11, 18, 2, 0, 1, 0, 2, 20, 2, 3, 20, 20, 3, 19, 3, 4, 19, 4, 18, 19, 20, 15, 0, 20, 19, 14, 19, 13, 14, 20, 14, 15, 19, 18, 13, 13, 18, 12 ],
				"vertices": [ 1, 4, -5.63, 12.22, 1, 1, 4, -3.77, 41.66999, 1, 1, 4, 32.33, 39.39, 1, 1, 4, 61.21, 37.57, 1, 2, 4, 86.96, 35.93999, 0.51999, 6, 10.06, 34.7, 0.48, 1, 6, 43.64, 27.22, 1, 1, 6, 72.65, 20.76, 1, 1, 6, 97, 15.34, 1, 1, 6, 90.33, -14.61, 1, 1, 6, 84.39, -41.25999, 1, 1, 6, 60.04, -35.84, 1, 1, 6, 30.27, -29.21, 1, 2, 4, 83.3, -21.93, 0.51999, 6, -2.54, -21.9, 0.48, 1, 4, 56.77, -20.26, 1, 1, 4, 29.45, -18.53, 1, 1, 4, -7.43, -16.2, 1, 1, 6, 66.06, -8.8, 1, 1, 6, 36.58, -2.58, 1, 2, 4, 85.03, 5.31, 0.51999, 6, 3.39, 4.75, 0.48, 1, 4, 58.92, 7.71, 1, 1, 4, 30.86, 9.85, 1 ],
				"hull": 16
			}
		},
		"hua7_": {
			"hua7_": { "x": 50.82, "y": -0.63, "rotation": 6.72, "width": 124, "height": 68 }
		},
		"hua8_": {
			"hua8_": { "x": 7.99, "y": 135.99, "width": 406, "height": 286 }
		},
		"hua9_": {
			"hua9_": { "x": 94.99, "y": 69.49, "width": 198, "height": 93 }
		}
	}
},
"animations": {
	"diji": {
		"slots": {
			"hua10_": {
				"attachment": [
					{ "time": 0, "name": null }
				]
			},
			"hua11_": {
				"attachment": [
					{ "time": 0, "name": "hua11_" }
				]
			},
			"hua1_": {
				"attachment": [
					{ "time": 0, "name": null }
				]
			},
			"hua2_": {
				"attachment": [
					{ "time": 0, "name": null }
				]
			},
			"hua3_": {
				"attachment": [
					{ "time": 0, "name": null }
				]
			},
			"hua4_": {
				"attachment": [
					{ "time": 0, "name": null }
				]
			},
			"hua5_": {
				"attachment": [
					{ "time": 0, "name": null }
				]
			},
			"hua6_": {
				"attachment": [
					{ "time": 0, "name": null }
				]
			},
			"hua7_": {
				"attachment": [
					{ "time": 0, "name": null }
				]
			},
			"hua8_": {
				"attachment": [
					{ "time": 0, "name": "hua8_" }
				]
			},
			"hua9_": {
				"attachment": [
					{ "time": 0, "name": null }
				]
			}
		}
	},
	"gaoji_daiji": {
		"slots": {
			"hua10_": {
				"attachment": [
					{ "time": 0, "name": "hua10_" }
				]
			},
			"hua11_": {
				"attachment": [
					{ "time": 0, "name": null }
				]
			},
			"hua1_": {
				"attachment": [
					{ "time": 0, "name": "hua1_" }
				]
			},
			"hua2_": {
				"attachment": [
					{ "time": 0, "name": "hua2_" }
				]
			},
			"hua3_": {
				"attachment": [
					{ "time": 0, "name": "hua3_" }
				]
			},
			"hua4_": {
				"attachment": [
					{ "time": 0, "name": "hua4_" }
				]
			},
			"hua5_": {
				"attachment": [
					{ "time": 0, "name": "hua5_" }
				]
			},
			"hua6_": {
				"attachment": [
					{ "time": 0, "name": "hua6_" }
				]
			},
			"hua7_": {
				"attachment": [
					{ "time": 0, "name": "hua7_" }
				]
			},
			"hua8_": {
				"attachment": [
					{ "time": 0, "name": "hua8_" }
				]
			},
			"hua9_": {
				"attachment": [
					{ "time": 0, "name": "hua9_" }
				]
			}
		},
		"bones": {
			"hua6_": {
				"rotate": [
					{ "time": 0, "angle": 0 },
					{ "time": 1, "angle": -1.74 },
					{ "time": 2, "angle": 0 }
				]
			},
			"hua5_": {
				"rotate": [
					{
						"time": 0,
						"angle": 0,
						"curve": [ 0.25, 0, 0.75, 1 ]
					},
					{
						"time": 1,
						"angle": 2.55,
						"curve": [ 0.25, 0, 0.75, 1 ]
					},
					{ "time": 2, "angle": 0 }
				]
			},
			"hua2_": {
				"rotate": [
					{
						"time": 0,
						"angle": 0,
						"curve": [ 0.25, 0, 0.75, 1 ]
					},
					{
						"time": 1,
						"angle": -1.32,
						"curve": [ 0.25, 0, 0.75, 1 ]
					},
					{ "time": 2, "angle": 0 }
				]
			},
			"hua7_": {
				"rotate": [
					{
						"time": 0,
						"angle": 0,
						"curve": [ 0.083, 0.08, 0.75, 1 ]
					},
					{
						"time": 0.5333,
						"angle": 2.75,
						"curve": [ 0.25, 0, 0.75, 1 ]
					},
					{
						"time": 1.4666,
						"angle": -2.12,
						"curve": [ 0.25, 0, 0.942, 0.87 ]
					},
					{ "time": 2, "angle": 0 }
				]
			},
			"bone2": {
				"rotate": [
					{
						"time": 0,
						"angle": 0,
						"curve": [ 0.041, 0.07, 0.75, 1 ]
					},
					{
						"time": 0.4666,
						"angle": 4.02,
						"curve": [ 0.25, 0, 0.75, 1 ]
					},
					{
						"time": 1.4666,
						"angle": -3.19,
						"curve": [ 0.25, 0, 0.963, 0.88 ]
					},
					{ "time": 2, "angle": 0 }
				]
			},
			"bone3": {
				"rotate": [
					{
						"time": 0,
						"angle": 0,
						"curve": [ 0.052, 0.1, 0.75, 1 ]
					},
					{
						"time": 0.4666,
						"angle": -2.77,
						"curve": [ 0.25, 0, 0.75, 1 ]
					},
					{
						"time": 1.5,
						"angle": 2.56,
						"curve": [ 0.25, 0, 0.963, 0.88 ]
					},
					{ "time": 2, "angle": 0 }
				]
			}
		}
	},
	"gaoji_dianji": {
		"slots": {
			"hua10_": {
				"attachment": [
					{ "time": 0, "name": "hua10_" }
				]
			},
			"hua11_": {
				"attachment": [
					{ "time": 0, "name": null }
				]
			},
			"hua1_": {
				"attachment": [
					{ "time": 0, "name": "hua1_" }
				]
			},
			"hua2_": {
				"attachment": [
					{ "time": 0, "name": "hua2_" }
				]
			},
			"hua3_": {
				"attachment": [
					{ "time": 0, "name": "hua3_" }
				]
			},
			"hua4_": {
				"attachment": [
					{ "time": 0, "name": "hua4_" }
				]
			},
			"hua5_": {
				"attachment": [
					{ "time": 0, "name": "hua5_" }
				]
			},
			"hua6_": {
				"attachment": [
					{ "time": 0, "name": "hua6_" }
				]
			},
			"hua7_": {
				"attachment": [
					{ "time": 0, "name": "hua7_" }
				]
			},
			"hua8_": {
				"attachment": [
					{ "time": 0, "name": "hua8_" }
				]
			},
			"hua9_": {
				"attachment": [
					{ "time": 0, "name": "hua9_" }
				]
			}
		},
		"bones": {
			"hua6_": {
				"rotate": [
					{ "time": 0, "angle": 0 },
					{ "time": 0.3333, "angle": -1.74 },
					{ "time": 0.6666, "angle": 0 }
				]
			},
			"hua5_": {
				"rotate": [
					{
						"time": 0,
						"angle": 0,
						"curve": [ 0.036, 0.09, 0.75, 1 ]
					},
					{
						"time": 0.1666,
						"angle": 1.8,
						"curve": [ 0.25, 0, 0.75, 1 ]
					},
					{
						"time": 0.5,
						"angle": -1.37,
						"curve": [ 0.25, 0, 0.927, 0.88 ]
					},
					{ "time": 0.6666, "angle": 0 }
				]
			},
			"hua2_": {
				"rotate": [
					{
						"time": 0,
						"angle": 0,
						"curve": [ 0.25, 0, 0.75, 1 ]
					},
					{
						"time": 0.3333,
						"angle": -1.32,
						"curve": [ 0.25, 0, 0.75, 1 ]
					},
					{ "time": 0.6666, "angle": 0 }
				]
			},
			"hua7_": {
				"rotate": [
					{
						"time": 0,
						"angle": 0,
						"curve": [ 0.083, 0.08, 0.75, 1 ]
					},
					{
						"time": 0.1666,
						"angle": 1.53,
						"curve": [ 0.25, 0, 0.75, 1 ]
					},
					{
						"time": 0.5,
						"angle": -0.83,
						"curve": [ 0.25, 0, 0.942, 0.87 ]
					},
					{ "time": 0.6666, "angle": 0 }
				]
			},
			"bone2": {
				"rotate": [
					{
						"time": 0,
						"angle": 0,
						"curve": [ 0.041, 0.07, 0.75, 1 ]
					},
					{
						"time": 0.1666,
						"angle": 4.02,
						"curve": [ 0.25, 0, 0.75, 1 ]
					},
					{
						"time": 0.5,
						"angle": -3.19,
						"curve": [ 0.25, 0, 0.963, 0.88 ]
					},
					{ "time": 0.6666, "angle": 0 }
				]
			},
			"bone3": {
				"rotate": [
					{ "time": 0, "angle": 0, "curve": "stepped" },
					{ "time": 0.6666, "angle": 0 }
				]
			}
		}
	}
}
}