{
"skeleton": { "hash": "wmxdSWapukPT13dBd0080xBJmE0", "spine": "2.1.27", "width": 238, "height": 288 },
"bones": [
	{ "name": "root" },
	{ "name": "bone", "parent": "root", "length": 67.41, "y": -38.08 },
	{ "name": "bone2", "parent": "root", "length": 51.6, "y": -120, "rotation": -90 },
	{ "name": "bone3", "parent": "root", "length": 150.07, "rotation": 180 },
	{ "name": "bone4", "parent": "root", "length": 103.36, "x": -1.8, "y": -1.04, "rotation": -127.08 },
	{ "name": "bone5", "parent": "root", "length": 134.15, "x": 0.79, "y": -1.56, "rotation": -35.53 }
],
"slots": [
	{ "name": "kbx_000_", "bone": "bone", "attachment": "kbx_000_" },
	{ "name": "kbxd_10000_", "bone": "bone2" },
	{ "name": "Bxk_10000_2", "bone": "bone3" },
	{ "name": "baoxiang_021_", "bone": "bone4" },
	{ "name": "huikan_017_", "bone": "bone5" }
],
"skins": {
	"default": {
		"Bxk_10000_2": {
			"Bxk_10000_": { "rotation": -180, "width": 640, "height": 480 },
			"Bxk_10001_": { "rotation": -180, "width": 640, "height": 480 },
			"Bxk_10002_": { "rotation": -180, "width": 640, "height": 480 },
			"Bxk_10003_": { "rotation": -180, "width": 640, "height": 480 },
			"Bxk_10004_": { "rotation": -180, "width": 640, "height": 480 },
			"Bxk_10005_": { "rotation": -180, "width": 640, "height": 480 },
			"Bxk_10006_": { "rotation": -180, "width": 640, "height": 480 },
			"Bxk_10007_": { "rotation": -180, "width": 640, "height": 480 },
			"Bxk_10008_": { "rotation": -180, "width": 640, "height": 480 },
			"Bxk_10009_": { "rotation": -180, "width": 640, "height": 480 },
			"Bxk_10010_": { "rotation": -180, "width": 640, "height": 480 },
			"Bxk_10011_": { "rotation": -180, "width": 640, "height": 480 },
			"Bxk_10012_": { "rotation": -180, "width": 640, "height": 480 },
			"Bxk_10013_": { "rotation": -180, "width": 640, "height": 480 },
			"Bxk_10014_": { "rotation": -180, "width": 640, "height": 480 },
			"Bxk_10015_": { "rotation": -180, "width": 640, "height": 480 },
			"Bxk_10016_": { "rotation": -180, "width": 640, "height": 480 },
			"Bxk_10017_": { "rotation": -180, "width": 640, "height": 480 },
			"Bxk_10018_": { "rotation": -180, "width": 640, "height": 480 },
			"Bxk_10019_": { "rotation": -180, "width": 640, "height": 480 },
			"Bxk_10020_": { "rotation": -180, "width": 640, "height": 480 }
		},
		"baoxiang_021_": {
			"baoxiang_021_": { "x": -41.62, "y": -38.6, "rotation": 127.08, "width": 600, "height": 300 },
			"baoxiang_022_": { "x": -41.62, "y": -38.6, "rotation": 127.08, "width": 600, "height": 300 },
			"baoxiang_023_": { "x": -41.62, "y": -38.6, "rotation": 127.08, "width": 600, "height": 300 },
			"baoxiang_024_": { "x": -41.62, "y": -38.6, "rotation": 127.08, "width": 600, "height": 300 },
			"baoxiang_025_": { "x": -41.62, "y": -38.6, "rotation": 127.08, "width": 600, "height": 300 },
			"baoxiang_026_": { "x": -41.62, "y": -38.6, "rotation": 127.08, "width": 600, "height": 300 },
			"baoxiang_027_": { "x": -41.62, "y": -38.6, "rotation": 127.08, "width": 600, "height": 300 },
			"baoxiang_028_": { "x": -41.62, "y": -38.6, "rotation": 127.08, "width": 600, "height": 300 },
			"baoxiang_029_": { "x": -41.62, "y": -38.6, "rotation": 127.08, "width": 600, "height": 300 },
			"baoxiang_030_": { "x": -41.62, "y": -38.6, "rotation": 127.08, "width": 600, "height": 300 },
			"baoxiang_031_": { "x": -41.62, "y": -38.6, "rotation": 127.08, "width": 600, "height": 300 },
			"baoxiang_032_": { "x": -41.62, "y": -38.6, "rotation": 127.08, "width": 600, "height": 300 },
			"baoxiang_033_": { "x": -41.62, "y": -38.6, "rotation": 127.08, "width": 600, "height": 300 },
			"baoxiang_034_": { "x": -41.62, "y": -38.6, "rotation": 127.08, "width": 600, "height": 300 },
			"baoxiang_035_": { "x": -41.62, "y": -38.6, "rotation": 127.08, "width": 600, "height": 300 }
		},
		"huikan_017_": {
			"huikan_017_": { "x": -1.55, "y": 0.8, "rotation": 35.53, "width": 600, "height": 300 },
			"huikan_018_": { "x": -1.55, "y": 0.8, "rotation": 35.53, "width": 600, "height": 300 },
			"huikan_019_": { "x": -1.55, "y": 0.8, "rotation": 35.53, "width": 600, "height": 300 },
			"huikan_020_": { "x": -1.55, "y": 0.8, "rotation": 35.53, "width": 600, "height": 300 },
			"huikan_021_": { "x": -1.55, "y": 0.8, "rotation": 35.53, "width": 600, "height": 300 },
			"huikan_022_": { "x": -1.55, "y": 0.8, "rotation": 35.53, "width": 600, "height": 300 },
			"huikan_023_": { "x": -1.55, "y": 0.8, "rotation": 35.53, "width": 600, "height": 300 },
			"huikan_024_": { "x": -1.55, "y": 0.8, "rotation": 35.53, "width": 600, "height": 300 }
		},
		"kbx_000_": {
			"kbx_000_": { "y": 38.08, "width": 238, "height": 288 },
			"kbx_002_": { "y": 38.08, "width": 238, "height": 288 },
			"kbx_004_": { "y": 38.08, "width": 238, "height": 288 },
			"kbx_006_": { "y": 38.08, "width": 238, "height": 288 },
			"kbx_008_": { "y": 38.08, "width": 238, "height": 288 },
			"kbx_010_": { "y": 38.08, "width": 238, "height": 288 },
			"kbx_012_": { "y": 38.08, "width": 238, "height": 288 },
			"kbx_014_": { "y": 38.08, "width": 238, "height": 288 },
			"kbx_016_": { "y": 38.08, "width": 238, "height": 288 },
			"kbx_018_": { "y": 38.08, "width": 238, "height": 288 },
			"kbx_020_": { "y": 38.08, "width": 238, "height": 288 },
			"kbx_022_": { "y": 38.08, "width": 238, "height": 288 },
			"kbx_024_": { "y": 38.08, "width": 238, "height": 288 },
			"kbx_026_": { "y": 38.08, "width": 238, "height": 288 },
			"kbx_028_": { "y": 38.08, "width": 238, "height": 288 },
			"kbx_030_": { "y": 38.08, "width": 238, "height": 288 },
			"kbx_032_": { "y": 38.08, "width": 238, "height": 288 },
			"kbx_034_": { "y": 38.08, "width": 238, "height": 288 },
			"kbx_036_": { "y": 38.08, "width": 238, "height": 288 },
			"kbx_038_": { "y": 38.08, "width": 238, "height": 288 },
			"kbx_040_": { "y": 38.08, "width": 238, "height": 288 }
		},
		"kbxd_10000_": {
			"kbxd_10000_": { "x": -120, "rotation": 90, "width": 232, "height": 274 },
			"kbxd_10004_": { "x": -120, "rotation": 90, "width": 232, "height": 274 },
			"kbxd_10008_": { "x": -120, "rotation": 90, "width": 232, "height": 274 },
			"kbxd_10012_": { "x": -120, "rotation": 90, "width": 232, "height": 274 },
			"kbxd_10016_": { "x": -120, "rotation": 90, "width": 232, "height": 274 },
			"kbxd_10020_": { "x": -120, "rotation": 90, "width": 232, "height": 274 },
			"kbxd_10024_": { "x": -120, "rotation": 90, "width": 232, "height": 274 },
			"kbxd_10028_": { "x": -120, "rotation": 90, "width": 232, "height": 274 },
			"kbxd_10032_": { "x": -120, "rotation": 90, "width": 232, "height": 274 },
			"kbxd_10036_": { "x": -120, "rotation": 90, "width": 232, "height": 274 },
			"kbxd_10040_": { "x": -120, "rotation": 90, "width": 232, "height": 274 },
			"kbxd_10044_": { "x": -120, "rotation": 90, "width": 232, "height": 274 },
			"kbxd_10048_": { "x": -120, "rotation": 90, "width": 232, "height": 274 },
			"kbxd_10052_": { "x": -120, "rotation": 90, "width": 232, "height": 274 },
			"kbxd_10056_": { "x": -120, "rotation": 90, "width": 232, "height": 274 }
		}
	}
},
"animations": {
	"dj": {
		"slots": {
			"Bxk_10000_2": {
				"attachment": [
					{ "time": 0, "name": "Bxk_10000_" },
					{ "time": 1.6666, "name": "Bxk_10000_" }
				]
			},
			"kbx_000_": {
				"attachment": [
					{ "time": 0, "name": null }
				]
			},
			"kbxd_10000_": {
				"attachment": [
					{ "time": 0, "name": "kbxd_10000_" },
					{ "time": 0.1, "name": "kbxd_10004_" },
					{ "time": 0.2333, "name": "kbxd_10008_" },
					{ "time": 0.3333, "name": "kbxd_10012_" },
					{ "time": 0.4333, "name": "kbxd_10016_" },
					{ "time": 0.5666, "name": "kbxd_10020_" },
					{ "time": 0.6666, "name": "kbxd_10024_" },
					{ "time": 0.7666, "name": "kbxd_10028_" },
					{ "time": 0.9, "name": "kbxd_10032_" },
					{ "time": 1, "name": "kbxd_10036_" },
					{ "time": 1.1, "name": "kbxd_10040_" },
					{ "time": 1.2, "name": "kbxd_10044_" },
					{ "time": 1.3333, "name": "kbxd_10048_" },
					{ "time": 1.4333, "name": "kbxd_10052_" },
					{ "time": 1.5333, "name": "kbxd_10056_" },
					{ "time": 1.6666, "name": "kbxd_10000_" }
				]
			}
		},
		"bones": {
			"bone": {
				"translate": [
					{ "time": 0, "x": 12.63, "y": 93.46 }
				]
			},
			"bone2": {
				"translate": [
					{ "time": 0, "x": 3.3, "y": 92.32 }
				],
				"scale": [
					{ "time": 0, "x": 1.016, "y": 1.016 }
				]
			},
			"bone3": {
				"rotate": [
					{ "time": 0.5, "angle": 0, "curve": "stepped" },
					{ "time": 0.7666, "angle": 0 },
					{ "time": 0.8333, "angle": -3.6 },
					{ "time": 0.9, "angle": -356.4 },
					{ "time": 0.9666, "angle": -3.32 },
					{ "time": 1.0333, "angle": 0, "curve": "stepped" },
					{ "time": 1.3333, "angle": 0 }
				],
				"translate": [
					{ "time": 0, "x": 136.84, "y": 59.57, "curve": "stepped" },
					{ "time": 0.5, "x": 136.84, "y": 59.57, "curve": "stepped" },
					{ "time": 0.7666, "x": 136.84, "y": 59.57, "curve": "stepped" },
					{ "time": 0.9666, "x": 136.84, "y": 59.57, "curve": "stepped" },
					{ "time": 1.0333, "x": 136.84, "y": 59.57, "curve": "stepped" },
					{ "time": 1.3333, "x": 136.84, "y": 59.57, "curve": "stepped" },
					{ "time": 1.6666, "x": 136.84, "y": 59.57 }
				],
				"scale": [
					{ "time": 0.5, "x": 1, "y": 1, "curve": "stepped" },
					{ "time": 0.7666, "x": 1, "y": 1, "curve": "stepped" },
					{ "time": 0.9666, "x": 1, "y": 1, "curve": "stepped" },
					{ "time": 1.0333, "x": 1, "y": 1, "curve": "stepped" },
					{ "time": 1.3333, "x": 1, "y": 1 }
				]
			}
		}
	},
	"gj": {
		"slots": {
			"Bxk_10000_2": {
				"attachment": [
					{ "time": 0, "name": "Bxk_10000_" },
					{ "time": 0.7333, "name": "Bxk_10000_" },
					{ "time": 0.7666, "name": "Bxk_10001_" },
					{ "time": 0.8, "name": "Bxk_10002_" },
					{ "time": 0.8666, "name": "Bxk_10004_" },
					{ "time": 0.9333, "name": "Bxk_10006_" },
					{ "time": 1, "name": "Bxk_10008_" },
					{ "time": 1.0666, "name": "Bxk_10010_" },
					{ "time": 1.1333, "name": "Bxk_10012_" },
					{ "time": 1.2, "name": "Bxk_10013_" },
					{ "time": 1.7333, "name": "Bxk_10013_" },
					{ "time": 1.7666, "name": "Bxk_10014_" },
					{ "time": 1.8, "name": "Bxk_10016_" },
					{ "time": 1.8333, "name": "Bxk_10018_" },
					{ "time": 1.8666, "name": "Bxk_10000_" }
				]
			},
			"baoxiang_021_": {
				"attachment": [
					{ "time": 0.8, "name": "baoxiang_021_" },
					{ "time": 0.8666, "name": "baoxiang_022_" },
					{ "time": 0.9333, "name": "baoxiang_023_" },
					{ "time": 1, "name": "baoxiang_024_" },
					{ "time": 1.0666, "name": "baoxiang_025_" },
					{ "time": 1.1333, "name": "baoxiang_026_" },
					{ "time": 1.2, "name": "baoxiang_027_" },
					{ "time": 1.2666, "name": "baoxiang_028_" },
					{ "time": 1.3333, "name": "baoxiang_029_" },
					{ "time": 1.4, "name": "baoxiang_030_" },
					{ "time": 1.4666, "name": "baoxiang_031_" },
					{ "time": 1.5333, "name": "baoxiang_032_" },
					{ "time": 1.6, "name": "baoxiang_033_" },
					{ "time": 1.6666, "name": "baoxiang_034_" },
					{ "time": 1.7333, "name": "baoxiang_035_" }
				]
			},
			"huikan_017_": {
				"attachment": [
					{ "time": 0.6333, "name": "huikan_017_" },
					{ "time": 0.6666, "name": "huikan_018_" },
					{ "time": 0.7333, "name": "huikan_019_" },
					{ "time": 0.7666, "name": "huikan_020_" },
					{ "time": 0.8, "name": "huikan_021_" },
					{ "time": 0.8333, "name": "huikan_022_" },
					{ "time": 0.8666, "name": "huikan_023_" },
					{ "time": 0.9, "name": "huikan_024_" },
					{ "time": 0.9333, "name": null }
				]
			},
			"kbx_000_": {
				"attachment": [
					{ "time": 0, "name": "kbx_000_" },
					{ "time": 0.0666, "name": "kbx_002_" },
					{ "time": 0.1333, "name": "kbx_004_" },
					{ "time": 0.2, "name": "kbx_006_" },
					{ "time": 0.2666, "name": "kbx_008_" },
					{ "time": 0.3333, "name": "kbx_010_" },
					{ "time": 0.4, "name": "kbx_012_" },
					{ "time": 0.4666, "name": "kbx_014_" },
					{ "time": 0.5333, "name": "kbx_016_" },
					{ "time": 0.6, "name": "kbx_018_" },
					{ "time": 0.6666, "name": "kbx_020_" },
					{ "time": 0.7333, "name": "kbx_022_" },
					{ "time": 0.8666, "name": "kbx_026_" },
					{ "time": 1, "name": "kbx_030_" },
					{ "time": 1.0666, "name": "kbx_032_" },
					{ "time": 1.1333, "name": "kbx_034_" },
					{ "time": 1.2, "name": "kbx_036_" },
					{ "time": 1.2666, "name": "kbx_038_" },
					{ "time": 1.3333, "name": "kbx_040_" },
					{ "time": 1.8666, "name": "kbx_000_" }
				]
			}
		},
		"bones": {
			"bone": {
				"translate": [
					{ "time": 0, "x": 12.63, "y": 93.46, "curve": "stepped" },
					{ "time": 1.8666, "x": 12.63, "y": 93.46 }
				]
			},
			"bone3": {
				"translate": [
					{ "time": 0, "x": 136.84, "y": 59.57 }
				]
			},
			"bone4": {
				"rotate": [
					{ "time": 0, "angle": 0 },
					{ "time": 0.8, "angle": 1.7, "curve": "stepped" },
					{ "time": 0.8666, "angle": 0.4, "curve": "stepped" },
					{ "time": 0.9333, "angle": -1.36, "curve": "stepped" },
					{ "time": 1, "angle": 2.65, "curve": "stepped" },
					{ "time": 1.0666, "angle": 2.65, "curve": "stepped" },
					{ "time": 1.1333, "angle": 1.72, "curve": "stepped" },
					{ "time": 1.2, "angle": 0.06, "curve": "stepped" },
					{ "time": 1.4, "angle": 0.08, "curve": "stepped" },
					{ "time": 1.6, "angle": -0.05, "curve": "stepped" },
					{ "time": 1.6666, "angle": 0.02, "curve": "stepped" },
					{ "time": 1.7333, "angle": -0.03 }
				],
				"translate": [
					{ "time": 0, "x": 138.25, "y": 21.21 },
					{ "time": 0.8, "x": 137.38, "y": 24.75, "curve": "stepped" },
					{ "time": 0.8666, "x": 139.54, "y": 29.17, "curve": "stepped" },
					{ "time": 0.9333, "x": 138.8, "y": 23.14, "curve": "stepped" },
					{ "time": 1, "x": 140.84, "y": 23.99, "curve": "stepped" },
					{ "time": 1.0666, "x": 138.91, "y": 23.99, "curve": "stepped" },
					{ "time": 1.1333, "x": 139.11, "y": 28.74, "curve": "stepped" },
					{ "time": 1.2, "x": 138.91, "y": 34.36, "curve": "stepped" },
					{ "time": 1.2666, "x": 138.52, "y": 33.68, "curve": "stepped" },
					{ "time": 1.3333, "x": 138.61, "y": 32.62, "curve": "stepped" },
					{ "time": 1.4, "x": 139.11, "y": 31.12, "curve": "stepped" },
					{ "time": 1.6, "x": 139.11, "y": 31.07, "curve": "stepped" },
					{ "time": 1.6666, "x": 139.11, "y": 31.07, "curve": "stepped" },
					{ "time": 1.7333, "x": 139.11, "y": 30.9 }
				],
				"scale": [
					{ "time": 0, "x": 1, "y": 1 }
				]
			},
			"bone5": {
				"translate": [
					{ "time": 0.6333, "x": 135.04, "y": 85.63, "curve": "stepped" },
					{ "time": 0.6666, "x": 135.04, "y": 85.63 }
				]
			},
			"root": {
				"rotate": [
					{ "time": 0, "angle": 0, "curve": "stepped" },
					{ "time": 1.8666, "angle": 0 }
				],
				"translate": [
					{ "time": 0, "x": 0, "y": 0, "curve": "stepped" },
					{ "time": 1.8666, "x": 0, "y": 0 }
				],
				"scale": [
					{ "time": 0, "x": 1, "y": 1, "curve": "stepped" },
					{ "time": 1.8666, "x": 1, "y": 1 }
				]
			}
		}
	}
}
}