{
"skeleton": { "hash": "WlSVoRpjDIAuAsXB9VCxvLJzy4Q", "spine": "2.1.27", "width": 90.34, "height": 73.67 },
"bones": [
	{ "name": "root", "scaleX": 0.573, "scaleY": 0.573 },
	{ "name": "bone", "parent": "root", "length": 34.86, "y": 65.55, "scaleX": 1.445, "scaleY": 1.445, "rotation": 90 },
	{ "name": "bone2", "parent": "root", "x": -0.55, "y": 42, "scaleX": 0.965, "scaleY": 0.965 }
],
"slots": [
	{ "name": "z_01_", "bone": "root", "attachment": "z_01_", "blend": "additive" },
	{ "name": "qx_01_", "bone": "root", "attachment": "qx_01_" },
	{ "name": "jb_01_", "bone": "root", "attachment": "jb_01_" },
	{ "name": "jb_01_2", "bone": "root", "attachment": "jb_01_" },
	{ "name": "jb_01_3", "bone": "root", "attachment": "jb_01_" },
	{ "name": "jb_01_4", "bone": "root", "attachment": "jb_01_" },
	{ "name": "jb_01_5", "bone": "root", "attachment": "jb_01_" }
],
"skins": {
	"default": {
		"jb_01_": {
			"jb_01_": {
				"type": "skinnedmesh",
				"uvs": [ 1, 1, 0, 1, 0, 0, 1, 0 ],
				"triangles": [ 1, 2, 3, 1, 3, 0 ],
				"vertices": [ 1, 0, 8.35, 5.88, 1, 1, 0, -17.78, 5.88, 1, 1, 0, -17.78, 32.81, 1, 1, 0, 8.35, 32.81, 1 ],
				"hull": 4
			}
		},
		"jb_01_2": {
			"jb_01_": {
				"type": "skinnedmesh",
				"uvs": [ 1, 1, 0, 1, 0, 0, 1, 0 ],
				"triangles": [ 1, 2, 3, 1, 3, 0 ],
				"vertices": [ 1, 0, 49.97, 1.48, 1, 1, 0, 23.83, 1.48, 1, 1, 0, 23.83, 28.42, 1, 1, 0, 49.97, 28.42, 1 ],
				"hull": 4
			}
		},
		"jb_01_3": {
			"jb_01_": {
				"type": "skinnedmesh",
				"uvs": [ 1, 1, 0, 1, 0, 0, 1, 0 ],
				"triangles": [ 1, 2, 3, 1, 3, 0 ],
				"vertices": [ 1, 0, -28.36, 4.71, 1, 1, 0, -54.5, 4.71, 1, 1, 0, -54.5, 31.64, 1, 1, 0, -28.36, 31.64, 1 ],
				"hull": 4
			}
		},
		"jb_01_4": {
			"jb_01_": {
				"type": "skinnedmesh",
				"uvs": [ 1, 1, 0, 1, 0, 0, 1, 0 ],
				"triangles": [ 1, 2, 3, 1, 3, 0 ],
				"vertices": [ 1, 0, 29.28, -2.2, 1, 1, 0, 3.13, -2.2, 1, 1, 0, 3.13, 24.73, 1, 1, 0, 29.28, 24.73, 1 ],
				"hull": 4
			}
		},
		"jb_01_5": {
			"jb_01_": {
				"type": "skinnedmesh",
				"uvs": [ 1, 1, 0, 1, 0, 0, 1, 0 ],
				"triangles": [ 1, 2, 3, 1, 3, 0 ],
				"vertices": [ 1, 0, -10.38, -3.58, 1, 1, 0, -36.52, -3.58, 1, 1, 0, -36.52, 23.35, 1, 1, 0, -10.38, 23.35, 1 ],
				"hull": 4
			}
		},
		"qx_01_": {
			"qx_01_": {
				"type": "skinnedmesh",
				"uvs": [ 1, 1, 0, 1, 0, 0, 1, 0 ],
				"triangles": [ 1, 2, 3, 1, 3, 0 ],
				"vertices": [ 1, 1, -41.4, -42.79, 1, 1, 1, -41.4, 46.72, 1, 1, 1, 18.01, 46.72, 1, 1, 1, 18.01, -42.79, 1 ],
				"hull": 4
			}
		},
		"z_01_": {
			"z_01_": {
				"type": "skinnedmesh",
				"uvs": [ 1, 1, 0, 1, 0, 0, 1, 0 ],
				"triangles": [ 1, 2, 3, 1, 3, 0 ],
				"vertices": [ 1, 2, 83.42, -59.75, 1, 1, 2, -79.76, -59.75, 1, 1, 2, -79.76, 73.33, 1, 1, 2, 83.42, 73.33, 1 ],
				"hull": 4
			}
		}
	}
},
"animations": {
	"animation": {
		"slots": {
			"z_01_": {
				"color": [
					{ "time": 0, "color": "ffffffff", "curve": "stepped" },
					{ "time": 0.2333, "color": "ffffffff", "curve": "stepped" },
					{ "time": 0.4666, "color": "ffffffff" },
					{ "time": 0.6, "color": "ffffff00" }
				]
			}
		},
		"bones": {
			"bone": {
				"rotate": [
					{ "time": 0, "angle": 0, "curve": "stepped" },
					{ "time": 0.0666, "angle": 0, "curve": "stepped" },
					{ "time": 0.1, "angle": 0, "curve": "stepped" },
					{ "time": 0.2666, "angle": 0, "curve": "stepped" },
					{ "time": 0.5, "angle": 0, "curve": "stepped" },
					{ "time": 1.3333, "angle": 0 }
				],
				"translate": [
					{ "time": 0, "x": 0, "y": 133.2, "curve": "stepped" },
					{ "time": 0.0666, "x": 0, "y": 133.2, "curve": "stepped" },
					{ "time": 0.1, "x": 0, "y": 133.2 },
					{ "time": 0.2666, "x": 0, "y": -0.83, "curve": "stepped" },
					{ "time": 0.5, "x": 0, "y": -0.83, "curve": "stepped" },
					{ "time": 1.3333, "x": 0, "y": -0.83 }
				],
				"scale": [
					{ "time": 0, "x": 0, "y": 0, "curve": "stepped" },
					{ "time": 0.0666, "x": 0, "y": 0 },
					{ "time": 0.1, "x": 1, "y": 1, "curve": "stepped" },
					{ "time": 0.2666, "x": 1, "y": 1 },
					{ "time": 0.3, "x": 1.4, "y": 1.4 },
					{ "time": 0.5, "x": 1, "y": 1, "curve": "stepped" },
					{ "time": 1.3333, "x": 1, "y": 1 }
				]
			},
			"bone2": {
				"rotate": [
					{ "time": 0, "angle": 0, "curve": "stepped" },
					{ "time": 0.2333, "angle": 0, "curve": "stepped" },
					{ "time": 0.3333, "angle": 0, "curve": "stepped" },
					{ "time": 0.6, "angle": 0 }
				],
				"translate": [
					{ "time": 0, "x": 0, "y": 0, "curve": "stepped" },
					{ "time": 0.2333, "x": 0, "y": 0 },
					{ "time": 0.3333, "x": -2.37, "y": -0.47, "curve": "stepped" },
					{ "time": 0.6, "x": -2.37, "y": -0.47 }
				],
				"scale": [
					{ "time": 0, "x": 0, "y": 0, "curve": "stepped" },
					{ "time": 0.2333, "x": 0, "y": 0 },
					{ "time": 0.3333, "x": 1, "y": 1 },
					{ "time": 0.6, "x": 1.2, "y": 1.2 }
				]
			},
			"root": {
				"translate": [
					{ "time": 0, "x": 13.38, "y": 2.94 }
				],
				"scale": [
					{ "time": 0, "x": 1.366, "y": 1.366 }
				]
			}
		}
	}
}
}