{
"skeleton": { "hash": "TGsefx9cBPcGtiLeY+FHh7ckYk0", "spine": "3.7.94", "width": 0, "height": 0, "images": "./images/", "audio": "F:/COK项目/Spine工程/黄金宝箱—胡子船长Spine/低级待机休闲Spine" },
"bones": [
	{ "name": "root" },
	{ "name": "ctr", "parent": "root", "scaleX": 1.25, "scaleY": 1.25 },
	{ "name": "idle_DL", "parent": "ctr" },
	{ "name": "idle_UR", "parent": "ctr" },
	{ "name": "idle_UL", "parent": "ctr" },
	{ "name": "idle_DR", "parent": "ctr" }
],
"slots": [
	{ "name": "idle_UR", "bone": "idle_UR" },
	{ "name": "idle_UL", "bone": "idle_UL" },
	{ "name": "idle_DR", "bone": "idle_DR" },
	{ "name": "idle_DL", "bone": "idle_DL" }
],
"skins": {
	"default": {
		"idle_DL": {
			"idle_DL_96_": { "width": 500, "height": 500 },
			"idle_DL_99_": { "width": 500, "height": 500 },
			"idle_DL_102_": { "width": 500, "height": 500 },
			"idle_DL_105_": { "width": 500, "height": 500 },
			"idle_DL_108_": { "width": 500, "height": 500 },
			"idle_DL_111_": { "width": 500, "height": 500 },
			"idle_DL_114_": { "width": 500, "height": 500 },
			"idle_DL_117_": { "width": 500, "height": 500 },
			"idle_DL_120_": { "width": 500, "height": 500 },
			"idle_DL_123_": { "width": 500, "height": 500 },
			"idle_DL_126_": { "width": 500, "height": 500 },
			"idle_DL_129_": { "width": 500, "height": 500 },
			"idle_DL_132_": { "width": 500, "height": 500 },
			"idle_DL_135_": { "width": 500, "height": 500 },
			"idle_DL_138_": { "width": 500, "height": 500 },
			"idle_DL_141_": { "width": 500, "height": 500 },
			"idle_DL_144_": { "width": 500, "height": 500 },
			"idle_DL_147_": { "width": 500, "height": 500 },
			"idle_DL_150_": { "width": 500, "height": 500 },
			"idle_DL_153_": { "width": 500, "height": 500 },
			"idle_DL_156_": { "width": 500, "height": 500 },
			"idle_DL_159_": { "width": 500, "height": 500 }
		},
		"idle_DR": {
			"idle_DR_96_": { "width": 500, "height": 500 },
			"idle_DR_99_": { "width": 500, "height": 500 },
			"idle_DR_102_": { "width": 500, "height": 500 },
			"idle_DR_105_": { "width": 500, "height": 500 },
			"idle_DR_108_": { "width": 500, "height": 500 },
			"idle_DR_111_": { "width": 500, "height": 500 },
			"idle_DR_114_": { "width": 500, "height": 500 },
			"idle_DR_117_": { "width": 500, "height": 500 },
			"idle_DR_120_": { "width": 500, "height": 500 },
			"idle_DR_123_": { "width": 500, "height": 500 },
			"idle_DR_126_": { "width": 500, "height": 500 },
			"idle_DR_129_": { "width": 500, "height": 500 },
			"idle_DR_132_": { "width": 500, "height": 500 },
			"idle_DR_135_": { "width": 500, "height": 500 },
			"idle_DR_138_": { "width": 500, "height": 500 },
			"idle_DR_141_": { "width": 500, "height": 500 },
			"idle_DR_144_": { "width": 500, "height": 500 },
			"idle_DR_147_": { "width": 500, "height": 500 },
			"idle_DR_150_": { "width": 500, "height": 500 },
			"idle_DR_153_": { "width": 500, "height": 500 },
			"idle_DR_156_": { "width": 500, "height": 500 },
			"idle_DR_159_": { "width": 500, "height": 500 }
		},
		"idle_UL": {
			"idle_UL_96_": { "width": 500, "height": 500 },
			"idle_UL_99_": { "width": 500, "height": 500 },
			"idle_UL_102_": { "width": 500, "height": 500 },
			"idle_UL_105_": { "width": 500, "height": 500 },
			"idle_UL_108_": { "width": 500, "height": 500 },
			"idle_UL_111_": { "width": 500, "height": 500 },
			"idle_UL_114_": { "width": 500, "height": 500 },
			"idle_UL_117_": { "width": 500, "height": 500 },
			"idle_UL_120_": { "width": 500, "height": 500 },
			"idle_UL_123_": { "width": 500, "height": 500 },
			"idle_UL_126_": { "width": 500, "height": 500 },
			"idle_UL_129_": { "width": 500, "height": 500 },
			"idle_UL_132_": { "width": 500, "height": 500 },
			"idle_UL_135_": { "width": 500, "height": 500 },
			"idle_UL_138_": { "width": 500, "height": 500 },
			"idle_UL_141_": { "width": 500, "height": 500 },
			"idle_UL_144_": { "width": 500, "height": 500 },
			"idle_UL_147_": { "width": 500, "height": 500 },
			"idle_UL_150_": { "width": 500, "height": 500 },
			"idle_UL_153_": { "width": 500, "height": 500 },
			"idle_UL_156_": { "width": 500, "height": 500 },
			"idle_UL_159_": { "width": 500, "height": 500 }
		},
		"idle_UR": {
			"idle_UR_96_": { "width": 500, "height": 500 },
			"idle_UR_99_": { "width": 500, "height": 500 },
			"idle_UR_102_": { "width": 500, "height": 500 },
			"idle_UR_105_": { "width": 500, "height": 500 },
			"idle_UR_108_": { "width": 500, "height": 500 },
			"idle_UR_111_": { "width": 500, "height": 500 },
			"idle_UR_114_": { "width": 500, "height": 500 },
			"idle_UR_117_": { "width": 500, "height": 500 },
			"idle_UR_120_": { "width": 500, "height": 500 },
			"idle_UR_123_": { "width": 500, "height": 500 },
			"idle_UR_126_": { "width": 500, "height": 500 },
			"idle_UR_129_": { "width": 500, "height": 500 },
			"idle_UR_132_": { "width": 500, "height": 500 },
			"idle_UR_135_": { "width": 500, "height": 500 },
			"idle_UR_138_": { "width": 500, "height": 500 },
			"idle_UR_141_": { "width": 500, "height": 500 },
			"idle_UR_144_": { "width": 500, "height": 500 },
			"idle_UR_147_": { "width": 500, "height": 500 },
			"idle_UR_150_": { "width": 500, "height": 500 },
			"idle_UR_153_": { "width": 500, "height": 500 },
			"idle_UR_156_": { "width": 500, "height": 500 },
			"idle_UR_159_": { "width": 500, "height": 500 }
		}
	}
},
"animations": {
	"animation": {
		"slots": {
			"idle_DL": {
				"attachment": [
					{ "time": 3.2, "name": "idle_DL_96_" },
					{ "time": 3.3, "name": "idle_DL_99_" },
					{ "time": 3.4, "name": "idle_DL_102_" },
					{ "time": 3.5, "name": "idle_DL_105_" },
					{ "time": 3.6, "name": "idle_DL_108_" },
					{ "time": 3.7, "name": "idle_DL_111_" },
					{ "time": 3.8, "name": "idle_DL_114_" },
					{ "time": 3.9, "name": "idle_DL_117_" },
					{ "time": 4, "name": "idle_DL_120_" },
					{ "time": 4.1, "name": "idle_DL_123_" },
					{ "time": 4.2, "name": "idle_DL_126_" },
					{ "time": 4.3, "name": "idle_DL_129_" },
					{ "time": 4.4, "name": "idle_DL_132_" },
					{ "time": 4.5, "name": "idle_DL_135_" },
					{ "time": 4.6, "name": "idle_DL_138_" },
					{ "time": 4.7, "name": "idle_DL_141_" },
					{ "time": 4.8, "name": "idle_DL_144_" },
					{ "time": 4.9, "name": "idle_DL_147_" },
					{ "time": 5, "name": "idle_DL_150_" },
					{ "time": 5.1, "name": "idle_DL_153_" },
					{ "time": 5.2, "name": "idle_DL_156_" },
					{ "time": 5.3, "name": "idle_DL_159_" },
					{ "time": 5.4, "name": null }
				]
			},
			"idle_DR": {
				"attachment": [
					{ "time": 3.2, "name": "idle_DR_96_" },
					{ "time": 3.3, "name": "idle_DR_99_" },
					{ "time": 3.4, "name": "idle_DR_102_" },
					{ "time": 3.5, "name": "idle_DR_105_" },
					{ "time": 3.6, "name": "idle_DR_108_" },
					{ "time": 3.7, "name": "idle_DR_111_" },
					{ "time": 3.8, "name": "idle_DR_114_" },
					{ "time": 3.9, "name": "idle_DR_117_" },
					{ "time": 4, "name": "idle_DR_120_" },
					{ "time": 4.1, "name": "idle_DR_123_" },
					{ "time": 4.2, "name": "idle_DR_126_" },
					{ "time": 4.3, "name": "idle_DR_129_" },
					{ "time": 4.4, "name": "idle_DR_132_" },
					{ "time": 4.5, "name": "idle_DR_135_" },
					{ "time": 4.6, "name": "idle_DR_138_" },
					{ "time": 4.7, "name": "idle_DR_141_" },
					{ "time": 4.8, "name": "idle_DR_144_" },
					{ "time": 4.9, "name": "idle_DR_147_" },
					{ "time": 5, "name": "idle_DR_150_" },
					{ "time": 5.1, "name": "idle_DR_153_" },
					{ "time": 5.2, "name": "idle_DR_156_" },
					{ "time": 5.3, "name": "idle_DR_159_" },
					{ "time": 5.4, "name": null }
				]
			},
			"idle_UL": {
				"attachment": [
					{ "time": 3.2, "name": "idle_UL_96_" },
					{ "time": 3.3, "name": "idle_UL_99_" },
					{ "time": 3.4, "name": "idle_UL_102_" },
					{ "time": 3.5, "name": "idle_UL_105_" },
					{ "time": 3.6, "name": "idle_UL_108_" },
					{ "time": 3.7, "name": "idle_UL_111_" },
					{ "time": 3.8, "name": "idle_UL_114_" },
					{ "time": 3.9, "name": "idle_UL_117_" },
					{ "time": 4, "name": "idle_UL_120_" },
					{ "time": 4.1, "name": "idle_UL_123_" },
					{ "time": 4.2, "name": "idle_UL_126_" },
					{ "time": 4.3, "name": "idle_UL_129_" },
					{ "time": 4.4, "name": "idle_UL_132_" },
					{ "time": 4.5, "name": "idle_UL_135_" },
					{ "time": 4.6, "name": "idle_UL_138_" },
					{ "time": 4.7, "name": "idle_UL_141_" },
					{ "time": 4.8, "name": "idle_UL_144_" },
					{ "time": 4.9, "name": "idle_UL_147_" },
					{ "time": 5, "name": "idle_UL_150_" },
					{ "time": 5.1, "name": "idle_UL_153_" },
					{ "time": 5.2, "name": "idle_UL_156_" },
					{ "time": 5.3, "name": "idle_UL_159_" },
					{ "time": 5.4, "name": null }
				]
			},
			"idle_UR": {
				"attachment": [
					{ "time": 3.2, "name": "idle_UR_96_" },
					{ "time": 3.3, "name": "idle_UR_99_" },
					{ "time": 3.4, "name": "idle_UR_102_" },
					{ "time": 3.5, "name": "idle_UR_105_" },
					{ "time": 3.6, "name": "idle_UR_108_" },
					{ "time": 3.7, "name": "idle_UR_111_" },
					{ "time": 3.8, "name": "idle_UR_114_" },
					{ "time": 3.9, "name": "idle_UR_117_" },
					{ "time": 4, "name": "idle_UR_120_" },
					{ "time": 4.1, "name": "idle_UR_123_" },
					{ "time": 4.2, "name": "idle_UR_126_" },
					{ "time": 4.3, "name": "idle_UR_129_" },
					{ "time": 4.4, "name": "idle_UR_132_" },
					{ "time": 4.5, "name": "idle_UR_135_" },
					{ "time": 4.6, "name": "idle_UR_138_" },
					{ "time": 4.7, "name": "idle_UR_141_" },
					{ "time": 4.8, "name": "idle_UR_144_" },
					{ "time": 4.9, "name": "idle_UR_147_" },
					{ "time": 5, "name": "idle_UR_150_" },
					{ "time": 5.1, "name": "idle_UR_153_" },
					{ "time": 5.2, "name": "idle_UR_156_" },
					{ "time": 5.3, "name": "idle_UR_159_" },
					{ "time": 5.4, "name": null }
				]
			}
		},
		"bones": {
			"idle_DL": {
				"translate": [
					{ "time": 0, "x": -250, "y": -250 }
				]
			},
			"idle_DR": {
				"translate": [
					{ "time": 0, "x": 250, "y": -250 }
				]
			},
			"idle_UL": {
				"translate": [
					{ "time": 0, "x": -250, "y": 250 }
				]
			},
			"idle_UR": {
				"translate": [
					{ "time": 0, "x": 250, "y": 250 }
				]
			},
			"ctr": {
				"translate": [
					{ "time": 0, "x": 31.08, "y": -2.1 }
				]
			}
		}
	}
}
}