{
"skeleton": { "hash": "FGUqDxGmmtB1dpP/oZ9JetHHdAw", "spine": "2.1.27", "width": 0, "height": 0 },
"bones": [
	{ "name": "root" },
	{ "name": "fazhen", "parent": "root", "scaleX": 2, "scaleY": 2 },
	{ "name": "sishen", "parent": "root" }
],
"slots": [
	{ "name": "Sishen_fazhen_000_", "bone": "fazhen" },
	{ "name": "Sishen_fazhen_001_", "bone": "fazhen" },
	{ "name": "Sishen_fazhen_002_", "bone": "fazhen" },
	{ "name": "Sishen_fazhen_003_", "bone": "fazhen" },
	{ "name": "Sishen_fazhen_004_", "bone": "fazhen" },
	{ "name": "Sishen_fazhen_005_", "bone": "fazhen" },
	{ "name": "Sishen_fazhen_006_", "bone": "fazhen" },
	{ "name": "Sishen_fazhen_007_", "bone": "fazhen" },
	{ "name": "Sishen_fazhen_008_", "bone": "fazhen" },
	{ "name": "Sishen_fazhen_009_", "bone": "fazhen" },
	{ "name": "Sishen_fazhen_010_", "bone": "fazhen" },
	{ "name": "Sishen_fazhen_011_", "bone": "fazhen" },
	{ "name": "Sishen_fazhen_012_", "bone": "fazhen" },
	{ "name": "Sishen_fazhen_013_", "bone": "fazhen" },
	{ "name": "Sishen_fazhen_014_", "bone": "fazhen" },
	{ "name": "Sishen_fazhen_015_", "bone": "fazhen" },
	{ "name": "Sishen_fazhen_016_", "bone": "fazhen" },
	{ "name": "Sishen_fazhen_017_", "bone": "fazhen" },
	{ "name": "Sishen_fazhen_018_", "bone": "fazhen" },
	{ "name": "Sishen_fazhen_019_", "bone": "fazhen" },
	{ "name": "Sishen_gj_038_03_", "bone": "sishen" },
	{ "name": "Sishen_gj_038_02_", "bone": "sishen" },
	{ "name": "Sishen_gj_038_01_", "bone": "sishen" },
	{ "name": "Sishen_gj_036_03_", "bone": "sishen" },
	{ "name": "Sishen_gj_036_02_", "bone": "sishen" },
	{ "name": "Sishen_gj_036_01_", "bone": "sishen" },
	{ "name": "Sishen_gj_034_02_", "bone": "sishen" },
	{ "name": "Sishen_gj_034_01_", "bone": "sishen" },
	{ "name": "Sishen_gj_032_03_", "bone": "sishen" },
	{ "name": "Sishen_gj_032_02_", "bone": "sishen" },
	{ "name": "Sishen_gj_032_01_", "bone": "sishen" },
	{ "name": "Sishen_gj_031_01_", "bone": "sishen" },
	{ "name": "Sishen_gj_029_03_", "bone": "sishen" },
	{ "name": "Sishen_gj_029_02_", "bone": "sishen" },
	{ "name": "Sishen_gj_029_01_", "bone": "sishen" },
	{ "name": "Sishen_gj_027_02_", "bone": "sishen" },
	{ "name": "Sishen_gj_027_01_", "bone": "sishen" },
	{ "name": "Sishen_gj_025_02_", "bone": "sishen" },
	{ "name": "Sishen_gj_025_01_", "bone": "sishen" },
	{ "name": "Sishen_gj_023_02_", "bone": "sishen" },
	{ "name": "Sishen_gj_023_01_", "bone": "sishen" },
	{ "name": "Sishen_gj_022_02_", "bone": "sishen" },
	{ "name": "Sishen_gj_022_01_", "bone": "sishen" },
	{ "name": "Sishen_gj_021_02_", "bone": "sishen" },
	{ "name": "Sishen_gj_021_01_", "bone": "sishen" },
	{ "name": "Sishen_gj_020_03_", "bone": "sishen" },
	{ "name": "Sishen_gj_020_02_", "bone": "sishen" },
	{ "name": "Sishen_gj_020_01_", "bone": "sishen" },
	{ "name": "Sishen_gj_019_02_", "bone": "sishen" },
	{ "name": "Sishen_gj_019_01_", "bone": "sishen" },
	{ "name": "Sishen_gj_018_02_", "bone": "sishen" },
	{ "name": "Sishen_gj_018_01_", "bone": "sishen" },
	{ "name": "Sishen_gj_017_03_", "bone": "sishen" },
	{ "name": "Sishen_gj_017_02_", "bone": "sishen" },
	{ "name": "Sishen_gj_017_01_", "bone": "sishen" },
	{ "name": "Sishen_gj_016_02_", "bone": "sishen" },
	{ "name": "Sishen_gj_016_01_", "bone": "sishen" },
	{ "name": "Sishen_gj_015_05_", "bone": "sishen" },
	{ "name": "Sishen_gj_015_04_", "bone": "sishen" },
	{ "name": "Sishen_gj_015_03_", "bone": "sishen" },
	{ "name": "Sishen_gj_015_02_", "bone": "sishen" },
	{ "name": "Sishen_gj_015_01_", "bone": "sishen" },
	{ "name": "Sishen_gj_014_05_", "bone": "sishen" },
	{ "name": "Sishen_gj_014_04_", "bone": "sishen" },
	{ "name": "Sishen_gj_014_03_", "bone": "sishen" },
	{ "name": "Sishen_gj_014_02_", "bone": "sishen" },
	{ "name": "Sishen_gj_014_01_", "bone": "sishen" },
	{ "name": "Sishen_gj_013_08_", "bone": "sishen" },
	{ "name": "Sishen_gj_013_07_", "bone": "sishen" },
	{ "name": "Sishen_gj_013_06_", "bone": "sishen" },
	{ "name": "Sishen_gj_013_05_", "bone": "sishen" },
	{ "name": "Sishen_gj_013_04_", "bone": "sishen" },
	{ "name": "Sishen_gj_013_03_", "bone": "sishen" },
	{ "name": "Sishen_gj_013_02_", "bone": "sishen" },
	{ "name": "Sishen_gj_013_01_", "bone": "sishen" },
	{ "name": "Sishen_gj_012_04_", "bone": "sishen" },
	{ "name": "Sishen_gj_012_03_", "bone": "sishen" },
	{ "name": "Sishen_gj_012_02_", "bone": "sishen" },
	{ "name": "Sishen_gj_012_01_", "bone": "sishen" },
	{ "name": "Sishen_gj_011_03_", "bone": "sishen" },
	{ "name": "Sishen_gj_011_02_", "bone": "sishen" },
	{ "name": "Sishen_gj_011_01_", "bone": "sishen" },
	{ "name": "Sishen_gj_010_04_", "bone": "sishen" },
	{ "name": "Sishen_gj_010_03_", "bone": "sishen" },
	{ "name": "Sishen_gj_010_02_", "bone": "sishen" },
	{ "name": "Sishen_gj_010_01_", "bone": "sishen" },
	{ "name": "Sishen_gj_009_06_", "bone": "sishen" },
	{ "name": "Sishen_gj_009_05_", "bone": "sishen" },
	{ "name": "Sishen_gj_009_04_", "bone": "sishen" },
	{ "name": "Sishen_gj_009_03_", "bone": "sishen" },
	{ "name": "Sishen_gj_009_02_", "bone": "sishen" },
	{ "name": "Sishen_gj_009_01_", "bone": "sishen" },
	{ "name": "Sishen_gj_008_08_", "bone": "sishen" },
	{ "name": "Sishen_gj_008_07_", "bone": "sishen" },
	{ "name": "Sishen_gj_008_06_", "bone": "sishen" },
	{ "name": "Sishen_gj_008_05_", "bone": "sishen" },
	{ "name": "Sishen_gj_008_04_", "bone": "sishen" },
	{ "name": "Sishen_gj_008_03_", "bone": "sishen" },
	{ "name": "Sishen_gj_008_02_", "bone": "sishen" },
	{ "name": "Sishen_gj_008_01_", "bone": "sishen" },
	{ "name": "Sishen_gj_007_08_", "bone": "sishen" },
	{ "name": "Sishen_gj_007_07_", "bone": "sishen" },
	{ "name": "Sishen_gj_007_06_", "bone": "sishen" },
	{ "name": "Sishen_gj_007_05_", "bone": "sishen" },
	{ "name": "Sishen_gj_007_04_", "bone": "sishen" },
	{ "name": "Sishen_gj_007_03_", "bone": "sishen" },
	{ "name": "Sishen_gj_007_02_", "bone": "sishen" },
	{ "name": "Sishen_gj_007_01_", "bone": "sishen" },
	{ "name": "Sishen_gj_006_06_", "bone": "sishen" },
	{ "name": "Sishen_gj_006_05_", "bone": "sishen" },
	{ "name": "Sishen_gj_006_04_", "bone": "sishen" },
	{ "name": "Sishen_gj_006_03_", "bone": "sishen" },
	{ "name": "Sishen_gj_006_02_", "bone": "sishen" },
	{ "name": "Sishen_gj_006_01_", "bone": "sishen" },
	{ "name": "Sishen_gj_004_04_", "bone": "sishen" },
	{ "name": "Sishen_gj_004_03_", "bone": "sishen" },
	{ "name": "Sishen_gj_004_02_", "bone": "sishen" },
	{ "name": "Sishen_gj_004_01_", "bone": "sishen" },
	{ "name": "Sishen_gj_002_03_", "bone": "sishen" },
	{ "name": "Sishen_gj_002_02_", "bone": "sishen" },
	{ "name": "Sishen_gj_002_01_", "bone": "sishen" },
	{ "name": "Sishen_gj_000_03_", "bone": "sishen" },
	{ "name": "Sishen_gj_000_02_", "bone": "sishen" },
	{ "name": "Sishen_gj_000_01_", "bone": "sishen" }
],
"skins": {
	"default": {
		"Sishen_fazhen_000_": {
			"Sishen_fazhen_000_": { "width": 174, "height": 138 }
		},
		"Sishen_fazhen_001_": {
			"Sishen_fazhen_001_": { "width": 174, "height": 138 }
		},
		"Sishen_fazhen_002_": {
			"Sishen_fazhen_002_": { "width": 174, "height": 138 }
		},
		"Sishen_fazhen_003_": {
			"Sishen_fazhen_003_": { "width": 174, "height": 138 }
		},
		"Sishen_fazhen_004_": {
			"Sishen_fazhen_004_": { "width": 174, "height": 138 }
		},
		"Sishen_fazhen_005_": {
			"Sishen_fazhen_005_": { "width": 174, "height": 138 }
		},
		"Sishen_fazhen_006_": {
			"Sishen_fazhen_006_": { "width": 174, "height": 138 }
		},
		"Sishen_fazhen_007_": {
			"Sishen_fazhen_007_": { "width": 174, "height": 138 }
		},
		"Sishen_fazhen_008_": {
			"Sishen_fazhen_008_": { "width": 174, "height": 138 }
		},
		"Sishen_fazhen_009_": {
			"Sishen_fazhen_009_": { "width": 174, "height": 138 }
		},
		"Sishen_fazhen_010_": {
			"Sishen_fazhen_010_": { "width": 174, "height": 138 }
		},
		"Sishen_fazhen_011_": {
			"Sishen_fazhen_011_": { "width": 174, "height": 138 }
		},
		"Sishen_fazhen_012_": {
			"Sishen_fazhen_012_": { "width": 174, "height": 138 }
		},
		"Sishen_fazhen_013_": {
			"Sishen_fazhen_013_": { "width": 174, "height": 138 }
		},
		"Sishen_fazhen_014_": {
			"Sishen_fazhen_014_": { "width": 174, "height": 138 }
		},
		"Sishen_fazhen_015_": {
			"Sishen_fazhen_015_": { "width": 174, "height": 138 }
		},
		"Sishen_fazhen_016_": {
			"Sishen_fazhen_016_": { "width": 174, "height": 138 }
		},
		"Sishen_fazhen_017_": {
			"Sishen_fazhen_017_": { "width": 174, "height": 138 }
		},
		"Sishen_fazhen_018_": {
			"Sishen_fazhen_018_": { "width": 174, "height": 138 }
		},
		"Sishen_fazhen_019_": {
			"Sishen_fazhen_019_": { "width": 174, "height": 138 }
		},
		"Sishen_gj_000_01_": {
			"Sishen_gj_000_01_": { "x": 116.35, "y": 156.63, "width": 99, "height": 34 }
		},
		"Sishen_gj_000_02_": {
			"Sishen_gj_000_02_": { "x": -56.14, "y": 170.13, "width": 268, "height": 161 }
		},
		"Sishen_gj_000_03_": {
			"Sishen_gj_000_03_": { "x": -8.14, "y": 39.13, "width": 190, "height": 115 }
		},
		"Sishen_gj_002_01_": {
			"Sishen_gj_002_01_": { "x": 131.35, "y": 122.13, "width": 105, "height": 31 }
		},
		"Sishen_gj_002_02_": {
			"Sishen_gj_002_02_": { "x": -40.64, "y": 163.13, "width": 255, "height": 171 }
		},
		"Sishen_gj_002_03_": {
			"Sishen_gj_002_03_": { "x": -6.14, "y": 31.13, "width": 180, "height": 97 }
		},
		"Sishen_gj_004_01_": {
			"Sishen_gj_004_01_": { "x": 121.35, "y": 87.13, "width": 103, "height": 47 }
		},
		"Sishen_gj_004_02_": {
			"Sishen_gj_004_02_": { "x": -34.14, "y": 177.63, "width": 274, "height": 188 }
		},
		"Sishen_gj_004_03_": {
			"Sishen_gj_004_03_": { "x": -0.64, "y": 32.63, "width": 165, "height": 106 }
		},
		"Sishen_gj_004_04_": {
			"Sishen_gj_004_04_": { "x": 105.35, "y": 17.63, "width": 17, "height": 18 }
		},
		"Sishen_gj_006_01_": {
			"Sishen_gj_006_01_": { "x": 16.35, "y": 195.13, "width": 287, "height": 171 }
		},
		"Sishen_gj_006_02_": {
			"Sishen_gj_006_02_": { "x": -171.14, "y": 27.13, "width": 60, "height": 131 }
		},
		"Sishen_gj_006_03_": {
			"Sishen_gj_006_03_": { "x": 14.35, "y": 48.63, "width": 201, "height": 126 }
		},
		"Sishen_gj_006_04_": {
			"Sishen_gj_006_04_": { "x": 179.85, "y": 53.13, "width": 134, "height": 49 }
		},
		"Sishen_gj_006_05_": {
			"Sishen_gj_006_05_": { "x": 237.35, "y": 175.63, "width": 83, "height": 22 }
		},
		"Sishen_gj_006_06_": {
			"Sishen_gj_006_06_": { "x": 296.35, "y": 212.13, "width": 65, "height": 61 }
		},
		"Sishen_gj_007_01_": {
			"Sishen_gj_007_01_": { "x": -160.64, "y": 296.13, "width": 115, "height": 59 }
		},
		"Sishen_gj_007_02_": {
			"Sishen_gj_007_02_": { "x": 40.35, "y": 213.13, "width": 307, "height": 193 }
		},
		"Sishen_gj_007_03_": {
			"Sishen_gj_007_03_": { "x": 246.85, "y": 181.63, "width": 110, "height": 62 }
		},
		"Sishen_gj_007_04_": {
			"Sishen_gj_007_04_": { "x": 13.35, "y": 52.13, "width": 221, "height": 133 }
		},
		"Sishen_gj_007_05_": {
			"Sishen_gj_007_05_": { "x": 176.85, "y": 48.63, "width": 110, "height": 50 }
		},
		"Sishen_gj_007_06_": {
			"Sishen_gj_007_06_": { "x": -188.14, "y": 168.13, "width": 154, "height": 77 }
		},
		"Sishen_gj_007_07_": {
			"Sishen_gj_007_07_": { "x": -149.14, "y": 51.13, "width": 116, "height": 161 }
		},
		"Sishen_gj_007_08_": {
			"Sishen_gj_007_08_": { "x": -269.64, "y": 97.63, "width": 129, "height": 78 }
		},
		"Sishen_gj_008_01_": {
			"Sishen_gj_008_01_": { "x": 68.85, "y": 228.13, "width": 294, "height": 205 }
		},
		"Sishen_gj_008_02_": {
			"Sishen_gj_008_02_": { "x": 253.35, "y": 180.63, "width": 79, "height": 52 }
		},
		"Sishen_gj_008_03_": {
			"Sishen_gj_008_03_": { "x": 29.85, "y": 56.63, "width": 212, "height": 142 }
		},
		"Sishen_gj_008_04_": {
			"Sishen_gj_008_04_": { "x": 177.85, "y": 49.13, "width": 88, "height": 45 }
		},
		"Sishen_gj_008_05_": {
			"Sishen_gj_008_05_": { "x": -148.64, "y": 295.13, "width": 157, "height": 77 }
		},
		"Sishen_gj_008_06_": {
			"Sishen_gj_008_06_": { "x": -167.14, "y": 179.63, "width": 182, "height": 54 }
		},
		"Sishen_gj_008_07_": {
			"Sishen_gj_008_07_": { "x": -250.14, "y": 111.13, "width": 132, "height": 107 }
		},
		"Sishen_gj_008_08_": {
			"Sishen_gj_008_08_": { "x": -136.14, "y": 68.13, "width": 124, "height": 173 }
		},
		"Sishen_gj_009_01_": {
			"Sishen_gj_009_01_": { "x": 65.85, "y": 248.13, "width": 330, "height": 227 }
		},
		"Sishen_gj_009_02_": {
			"Sishen_gj_009_02_": { "x": 22.85, "y": 65.13, "width": 256, "height": 161 }
		},
		"Sishen_gj_009_03_": {
			"Sishen_gj_009_03_": { "x": -149.64, "y": 291.13, "width": 105, "height": 75 }
		},
		"Sishen_gj_009_04_": {
			"Sishen_gj_009_04_": { "x": -178.64, "y": 171.13, "width": 163, "height": 63 }
		},
		"Sishen_gj_009_05_": {
			"Sishen_gj_009_05_": { "x": -257.64, "y": 101.13, "width": 83, "height": 99 }
		},
		"Sishen_gj_009_06_": {
			"Sishen_gj_009_06_": { "x": -151.14, "y": 60.13, "width": 96, "height": 163 }
		},
		"Sishen_gj_010_01_": {
			"Sishen_gj_010_01_": { "x": 30.85, "y": 329.13, "width": 110, "height": 103 }
		},
		"Sishen_gj_010_02_": {
			"Sishen_gj_010_02_": { "x": 18.85, "y": 197.63, "width": 412, "height": 248 }
		},
		"Sishen_gj_010_03_": {
			"Sishen_gj_010_03_": { "x": 18.85, "y": 25.13, "width": 410, "height": 101 }
		},
		"Sishen_gj_010_04_": {
			"Sishen_gj_010_04_": { "x": -229.14, "y": 142.63, "width": 88, "height": 102 }
		},
		"Sishen_gj_011_01_": {
			"Sishen_gj_011_01_": { "x": 42.85, "y": 330.63, "width": 132, "height": 86 }
		},
		"Sishen_gj_011_02_": {
			"Sishen_gj_011_02_": { "x": 10.85, "y": 201.13, "width": 422, "height": 285 }
		},
		"Sishen_gj_011_03_": {
			"Sishen_gj_011_03_": { "x": 8.35, "y": 18.63, "width": 245, "height": 84 }
		},
		"Sishen_gj_012_01_": {
			"Sishen_gj_012_01_": { "x": 9.35, "y": 218.13, "width": 245, "height": 303 }
		},
		"Sishen_gj_012_02_": {
			"Sishen_gj_012_02_": { "x": 175.85, "y": 194.13, "width": 92, "height": 193 }
		},
		"Sishen_gj_012_03_": {
			"Sishen_gj_012_03_": { "x": 10.35, "y": 24.63, "width": 181, "height": 88 }
		},
		"Sishen_gj_012_04_": {
			"Sishen_gj_012_04_": { "x": -139.64, "y": 144.63, "width": 57, "height": 68 }
		},
		"Sishen_gj_013_01_": {
			"Sishen_gj_013_01_": { "x": 173.35, "y": 344.63, "width": 67, "height": 124 }
		},
		"Sishen_gj_013_02_": {
			"Sishen_gj_013_02_": { "x": 59.85, "y": 307.13, "width": 120, "height": 107 }
		},
		"Sishen_gj_013_03_": {
			"Sishen_gj_013_03_": { "x": -181.64, "y": 316.63, "width": 129, "height": 50 }
		},
		"Sishen_gj_013_04_": {
			"Sishen_gj_013_04_": { "x": -233.64, "y": 178.63, "width": 133, "height": 60 }
		},
		"Sishen_gj_013_05_": {
			"Sishen_gj_013_05_": { "x": -12.64, "y": 154.63, "width": 215, "height": 352 }
		},
		"Sishen_gj_013_06_": {
			"Sishen_gj_013_06_": { "x": -148.64, "y": 164.13, "width": 61, "height": 79 }
		},
		"Sishen_gj_013_07_": {
			"Sishen_gj_013_07_": { "x": 171.35, "y": 158.63, "width": 157, "height": 274 }
		},
		"Sishen_gj_013_08_": {
			"Sishen_gj_013_08_": { "x": 289.85, "y": 259.13, "width": 98, "height": 113 }
		},
		"Sishen_gj_014_01_": {
			"Sishen_gj_014_01_": { "x": 172.35, "y": 341.63, "width": 69, "height": 126 }
		},
		"Sishen_gj_014_02_": {
			"Sishen_gj_014_02_": { "x": 271.35, "y": 245.63, "width": 127, "height": 124 }
		},
		"Sishen_gj_014_03_": {
			"Sishen_gj_014_03_": { "x": 62.85, "y": 170.63, "width": 324, "height": 370 }
		},
		"Sishen_gj_014_04_": {
			"Sishen_gj_014_04_": { "x": -164.64, "y": 301.63, "width": 135, "height": 72 }
		},
		"Sishen_gj_014_05_": {
			"Sishen_gj_014_05_": { "x": -198.64, "y": 168.63, "width": 203, "height": 108 }
		},
		"Sishen_gj_015_01_": {
			"Sishen_gj_015_01_": { "x": 119.35, "y": 176.13, "width": 201, "height": 339 }
		},
		"Sishen_gj_015_02_": {
			"Sishen_gj_015_02_": { "x": 263.35, "y": 237.63, "width": 91, "height": 142 }
		},
		"Sishen_gj_015_03_": {
			"Sishen_gj_015_03_": { "x": -53.14, "y": 143.63, "width": 150, "height": 326 }
		},
		"Sishen_gj_015_04_": {
			"Sishen_gj_015_04_": { "x": -170.14, "y": 304.13, "width": 94, "height": 33 }
		},
		"Sishen_gj_015_05_": {
			"Sishen_gj_015_05_": { "x": -205.64, "y": 167.13, "width": 159, "height": 91 }
		},
		"Sishen_gj_016_01_": {
			"Sishen_gj_016_01_": { "x": 123.35, "y": 160.63, "width": 217, "height": 366 }
		},
		"Sishen_gj_016_02_": {
			"Sishen_gj_016_02_": { "x": -88.14, "y": 157.63, "width": 218, "height": 372 }
		},
		"Sishen_gj_017_01_": {
			"Sishen_gj_017_01_": { "x": 185.35, "y": 152.13, "width": 157, "height": 227 }
		},
		"Sishen_gj_017_02_": {
			"Sishen_gj_017_02_": { "x": -24.64, "y": 194.63, "width": 285, "height": 288 }
		},
		"Sishen_gj_017_03_": {
			"Sishen_gj_017_03_": { "x": -17.14, "y": 0.13, "width": 266, "height": 105 }
		},
		"Sishen_gj_018_01_": {
			"Sishen_gj_018_01_": { "x": 67.85, "y": -2.36, "width": 418, "height": 178 }
		},
		"Sishen_gj_018_02_": {
			"Sishen_gj_018_02_": { "x": 12.85, "y": 197.63, "width": 388, "height": 242 }
		},
		"Sishen_gj_019_01_": {
			"Sishen_gj_019_01_": { "x": 248.85, "y": 64.13, "width": 234, "height": 353 }
		},
		"Sishen_gj_019_02_": {
			"Sishen_gj_019_02_": { "x": -14.14, "y": 115.63, "width": 298, "height": 398 }
		},
		"Sishen_gj_020_01_": {
			"Sishen_gj_020_01_": { "x": 83.35, "y": 17.13, "width": 473, "height": 205 }
		},
		"Sishen_gj_020_02_": {
			"Sishen_gj_020_02_": { "x": 116.35, "y": 201.13, "width": 373, "height": 167 }
		},
		"Sishen_gj_020_03_": {
			"Sishen_gj_020_03_": { "x": -135.14, "y": 180.13, "width": 84, "height": 159 }
		},
		"Sishen_gj_021_01_": {
			"Sishen_gj_021_01_": { "x": 84.35, "y": 3.13, "width": 439, "height": 185 }
		},
		"Sishen_gj_021_02_": {
			"Sishen_gj_021_02_": { "x": 117.85, "y": 187.63, "width": 364, "height": 188 }
		},
		"Sishen_gj_022_01_": {
			"Sishen_gj_022_01_": { "x": 210.85, "y": 132.63, "width": 152, "height": 272 }
		},
		"Sishen_gj_022_02_": {
			"Sishen_gj_022_02_": { "x": 23.85, "y": 106.13, "width": 254, "height": 367 }
		},
		"Sishen_gj_023_01_": {
			"Sishen_gj_023_01_": { "x": 223.85, "y": 126.63, "width": 96, "height": 210 }
		},
		"Sishen_gj_023_02_": {
			"Sishen_gj_023_02_": { "x": 24.35, "y": 97.63, "width": 299, "height": 354 }
		},
		"Sishen_gj_025_01_": {
			"Sishen_gj_025_01_": { "x": 18.35, "y": 179.13, "width": 211, "height": 171 }
		},
		"Sishen_gj_025_02_": {
			"Sishen_gj_025_02_": { "x": 19.35, "y": 31.63, "width": 289, "height": 140 }
		},
		"Sishen_gj_027_01_": {
			"Sishen_gj_027_01_": { "x": 31.35, "y": 184.13, "width": 287, "height": 129 }
		},
		"Sishen_gj_027_02_": {
			"Sishen_gj_027_02_": { "x": 10.35, "y": 45.63, "width": 259, "height": 152 }
		},
		"Sishen_gj_029_01_": {
			"Sishen_gj_029_01_": { "x": -91.14, "y": 227.13, "width": 84, "height": 55 }
		},
		"Sishen_gj_029_02_": {
			"Sishen_gj_029_02_": { "x": 147.85, "y": 155.13, "width": 124, "height": 131 }
		},
		"Sishen_gj_029_03_": {
			"Sishen_gj_029_03_": { "x": -3.64, "y": 126.13, "width": 253, "height": 285 }
		},
		"Sishen_gj_031_01_": {
			"Sishen_gj_031_01_": { "x": -20.14, "y": 146.63, "width": 326, "height": 338 }
		},
		"Sishen_gj_032_01_": {
			"Sishen_gj_032_01_": { "x": 17.85, "y": 143.13, "width": 204, "height": 329 }
		},
		"Sishen_gj_032_02_": {
			"Sishen_gj_032_02_": { "x": 128.85, "y": 154.13, "width": 22, "height": 37 }
		},
		"Sishen_gj_032_03_": {
			"Sishen_gj_032_03_": { "x": -134.14, "y": 145.63, "width": 104, "height": 144 }
		},
		"Sishen_gj_034_01_": {
			"Sishen_gj_034_01_": { "x": 14.35, "y": 138.63, "width": 199, "height": 314 }
		},
		"Sishen_gj_034_02_": {
			"Sishen_gj_034_02_": { "x": -134.14, "y": 158.63, "width": 102, "height": 140 }
		},
		"Sishen_gj_036_01_": {
			"Sishen_gj_036_01_": { "x": -52.14, "y": 156.63, "width": 260, "height": 238 }
		},
		"Sishen_gj_036_02_": {
			"Sishen_gj_036_02_": { "x": 111.85, "y": 202.63, "width": 72, "height": 68 }
		},
		"Sishen_gj_036_03_": {
			"Sishen_gj_036_03_": { "x": -0.64, "y": 11.13, "width": 155, "height": 57 }
		},
		"Sishen_gj_038_01_": {
			"Sishen_gj_038_01_": { "x": 120.35, "y": 164.13, "width": 103, "height": 47 }
		},
		"Sishen_gj_038_02_": {
			"Sishen_gj_038_02_": { "x": -51.14, "y": 172.63, "width": 274, "height": 168 }
		},
		"Sishen_gj_038_03_": {
			"Sishen_gj_038_03_": { "x": -14.64, "y": 40.13, "width": 205, "height": 117 }
		}
	}
},
"animations": {
	"animation": {
		"slots": {
			"Sishen_fazhen_000_": {
				"attachment": [
					{ "time": 0, "name": "Sishen_fazhen_000_" },
					{ "time": 0.0333, "name": "Sishen_fazhen_000_" },
					{ "time": 0.1, "name": null },
					{ "time": 2, "name": "Sishen_fazhen_000_" },
					{ "time": 2.0333, "name": "Sishen_fazhen_000_" },
					{ "time": 2.1, "name": null }
				]
			},
			"Sishen_fazhen_001_": {
				"attachment": [
					{ "time": 0, "name": null },
					{ "time": 0.0333, "name": null },
					{ "time": 0.1, "name": "Sishen_fazhen_001_" },
					{ "time": 0.1333, "name": "Sishen_fazhen_001_" },
					{ "time": 0.2, "name": null },
					{ "time": 2, "name": null },
					{ "time": 2.0333, "name": null },
					{ "time": 2.1, "name": "Sishen_fazhen_001_" },
					{ "time": 2.1333, "name": "Sishen_fazhen_001_" },
					{ "time": 2.2, "name": null }
				]
			},
			"Sishen_fazhen_002_": {
				"attachment": [
					{ "time": 0, "name": null },
					{ "time": 0.1333, "name": null },
					{ "time": 0.2, "name": "Sishen_fazhen_002_" },
					{ "time": 0.2333, "name": "Sishen_fazhen_002_" },
					{ "time": 0.3, "name": null },
					{ "time": 2, "name": null },
					{ "time": 2.1333, "name": null },
					{ "time": 2.2, "name": "Sishen_fazhen_002_" },
					{ "time": 2.2666, "name": null }
				]
			},
			"Sishen_fazhen_003_": {
				"attachment": [
					{ "time": 0, "name": null },
					{ "time": 0.2333, "name": null },
					{ "time": 0.3, "name": "Sishen_fazhen_003_" },
					{ "time": 0.3333, "name": "Sishen_fazhen_003_" },
					{ "time": 0.4, "name": null },
					{ "time": 2, "name": null },
					{ "time": 2.2, "name": null },
					{ "time": 2.2666, "name": "Sishen_fazhen_003_" },
					{ "time": 2.3, "name": "Sishen_fazhen_003_" },
					{ "time": 2.3666, "name": null }
				]
			},
			"Sishen_fazhen_004_": {
				"attachment": [
					{ "time": 0, "name": null },
					{ "time": 0.3333, "name": null },
					{ "time": 0.4, "name": "Sishen_fazhen_004_" },
					{ "time": 0.4333, "name": "Sishen_fazhen_004_" },
					{ "time": 0.5, "name": null },
					{ "time": 2, "name": null },
					{ "time": 2.3, "name": null },
					{ "time": 2.3666, "name": "Sishen_fazhen_004_" },
					{ "time": 2.4, "name": "Sishen_fazhen_004_" },
					{ "time": 2.4666, "name": null }
				]
			},
			"Sishen_fazhen_005_": {
				"attachment": [
					{ "time": 0, "name": null },
					{ "time": 0.4333, "name": null },
					{ "time": 0.5, "name": "Sishen_fazhen_005_" },
					{ "time": 0.5333, "name": "Sishen_fazhen_005_" },
					{ "time": 0.6, "name": null },
					{ "time": 2, "name": null },
					{ "time": 2.4, "name": null },
					{ "time": 2.4666, "name": "Sishen_fazhen_005_" },
					{ "time": 2.5, "name": "Sishen_fazhen_005_" },
					{ "time": 2.5666, "name": null }
				]
			},
			"Sishen_fazhen_006_": {
				"attachment": [
					{ "time": 0, "name": null },
					{ "time": 0.5333, "name": null },
					{ "time": 0.6, "name": "Sishen_fazhen_006_" },
					{ "time": 0.6333, "name": "Sishen_fazhen_006_" },
					{ "time": 0.7, "name": null },
					{ "time": 2, "name": null },
					{ "time": 2.5, "name": null },
					{ "time": 2.5666, "name": "Sishen_fazhen_006_" },
					{ "time": 2.6333, "name": null }
				]
			},
			"Sishen_fazhen_007_": {
				"attachment": [
					{ "time": 0, "name": null },
					{ "time": 0.6333, "name": null },
					{ "time": 0.7, "name": "Sishen_fazhen_007_" },
					{ "time": 0.7333, "name": "Sishen_fazhen_007_" },
					{ "time": 0.8, "name": null },
					{ "time": 2, "name": null },
					{ "time": 2.5666, "name": null },
					{ "time": 2.6333, "name": "Sishen_fazhen_007_" },
					{ "time": 2.6666, "name": "Sishen_fazhen_007_" },
					{ "time": 2.7333, "name": null }
				]
			},
			"Sishen_fazhen_008_": {
				"attachment": [
					{ "time": 0, "name": null },
					{ "time": 0.7333, "name": null },
					{ "time": 0.8, "name": "Sishen_fazhen_008_" },
					{ "time": 0.8333, "name": "Sishen_fazhen_008_" },
					{ "time": 0.9, "name": null },
					{ "time": 2, "name": null },
					{ "time": 2.6666, "name": null },
					{ "time": 2.7333, "name": "Sishen_fazhen_008_" },
					{ "time": 2.7666, "name": "Sishen_fazhen_008_" },
					{ "time": 2.8333, "name": null }
				]
			},
			"Sishen_fazhen_009_": {
				"attachment": [
					{ "time": 0, "name": null },
					{ "time": 0.8333, "name": null },
					{ "time": 0.9, "name": "Sishen_fazhen_009_" },
					{ "time": 0.9333, "name": "Sishen_fazhen_009_" },
					{ "time": 1, "name": null },
					{ "time": 2, "name": null },
					{ "time": 2.7666, "name": null },
					{ "time": 2.8333, "name": "Sishen_fazhen_009_" },
					{ "time": 2.8666, "name": "Sishen_fazhen_009_" },
					{ "time": 2.9333, "name": null }
				]
			},
			"Sishen_fazhen_010_": {
				"attachment": [
					{ "time": 0, "name": null },
					{ "time": 0.9333, "name": null },
					{ "time": 1, "name": "Sishen_fazhen_010_" },
					{ "time": 1.0333, "name": "Sishen_fazhen_010_" },
					{ "time": 1.1, "name": null },
					{ "time": 2, "name": null },
					{ "time": 2.8666, "name": null },
					{ "time": 2.9333, "name": "Sishen_fazhen_010_" },
					{ "time": 2.9666, "name": "Sishen_fazhen_010_" },
					{ "time": 3, "name": null }
				]
			},
			"Sishen_fazhen_011_": {
				"attachment": [
					{ "time": 0, "name": null },
					{ "time": 1.0333, "name": null },
					{ "time": 1.1, "name": "Sishen_fazhen_011_" },
					{ "time": 1.1333, "name": "Sishen_fazhen_011_" },
					{ "time": 1.2, "name": null },
					{ "time": 2, "name": null },
					{ "time": 2.9666, "name": null },
					{ "time": 3, "name": "Sishen_fazhen_011_" },
					{ "time": 3.0333, "name": "Sishen_fazhen_011_" },
					{ "time": 3.1, "name": null }
				]
			},
			"Sishen_fazhen_012_": {
				"attachment": [
					{ "time": 0, "name": null },
					{ "time": 1.1333, "name": null },
					{ "time": 1.2, "name": "Sishen_fazhen_012_" },
					{ "time": 1.2333, "name": "Sishen_fazhen_012_" },
					{ "time": 1.3, "name": null },
					{ "time": 2, "name": null },
					{ "time": 3.0333, "name": null },
					{ "time": 3.1, "name": "Sishen_fazhen_012_" },
					{ "time": 3.1333, "name": "Sishen_fazhen_012_" },
					{ "time": 3.2, "name": null }
				]
			},
			"Sishen_fazhen_013_": {
				"attachment": [
					{ "time": 0, "name": null },
					{ "time": 1.2333, "name": null },
					{ "time": 1.3, "name": "Sishen_fazhen_013_" },
					{ "time": 1.3333, "name": "Sishen_fazhen_013_" },
					{ "time": 1.4, "name": null },
					{ "time": 2, "name": null },
					{ "time": 3.1333, "name": null },
					{ "time": 3.2, "name": "Sishen_fazhen_013_" },
					{ "time": 3.2333, "name": "Sishen_fazhen_013_" },
					{ "time": 3.3, "name": null }
				]
			},
			"Sishen_fazhen_014_": {
				"attachment": [
					{ "time": 0, "name": null },
					{ "time": 1.3333, "name": null },
					{ "time": 1.4, "name": "Sishen_fazhen_014_" },
					{ "time": 1.4333, "name": "Sishen_fazhen_014_" },
					{ "time": 1.5, "name": null },
					{ "time": 2, "name": null },
					{ "time": 3.2333, "name": null },
					{ "time": 3.3, "name": "Sishen_fazhen_014_" },
					{ "time": 3.3333, "name": "Sishen_fazhen_014_" },
					{ "time": 3.3666, "name": null }
				]
			},
			"Sishen_fazhen_015_": {
				"attachment": [
					{ "time": 0, "name": null },
					{ "time": 1.4333, "name": null },
					{ "time": 1.5, "name": "Sishen_fazhen_015_" },
					{ "time": 1.5333, "name": "Sishen_fazhen_015_" },
					{ "time": 1.6, "name": null },
					{ "time": 2, "name": null },
					{ "time": 3.3333, "name": null },
					{ "time": 3.3666, "name": "Sishen_fazhen_015_" },
					{ "time": 3.4, "name": "Sishen_fazhen_015_" },
					{ "time": 3.4666, "name": null }
				]
			},
			"Sishen_fazhen_016_": {
				"attachment": [
					{ "time": 0, "name": null },
					{ "time": 1.5333, "name": null },
					{ "time": 1.6, "name": "Sishen_fazhen_016_" },
					{ "time": 1.6333, "name": "Sishen_fazhen_016_" },
					{ "time": 1.7, "name": null },
					{ "time": 2, "name": null },
					{ "time": 3.4, "name": null },
					{ "time": 3.4666, "name": "Sishen_fazhen_016_" },
					{ "time": 3.5, "name": "Sishen_fazhen_016_" },
					{ "time": 3.5666, "name": null }
				]
			},
			"Sishen_fazhen_017_": {
				"attachment": [
					{ "time": 0, "name": null },
					{ "time": 1.6333, "name": null },
					{ "time": 1.7, "name": "Sishen_fazhen_017_" },
					{ "time": 1.7333, "name": "Sishen_fazhen_017_" },
					{ "time": 1.8, "name": null },
					{ "time": 2, "name": null },
					{ "time": 3.5, "name": null },
					{ "time": 3.5666, "name": "Sishen_fazhen_017_" },
					{ "time": 3.6, "name": "Sishen_fazhen_017_" },
					{ "time": 3.6666, "name": null }
				]
			},
			"Sishen_fazhen_018_": {
				"attachment": [
					{ "time": 0, "name": null },
					{ "time": 1.7333, "name": null },
					{ "time": 1.8, "name": "Sishen_fazhen_018_" },
					{ "time": 1.8333, "name": "Sishen_fazhen_018_" },
					{ "time": 1.9, "name": null },
					{ "time": 2, "name": null },
					{ "time": 3.6, "name": null },
					{ "time": 3.6666, "name": "Sishen_fazhen_018_" },
					{ "time": 3.7, "name": "Sishen_fazhen_018_" },
					{ "time": 3.7333, "name": null }
				]
			},
			"Sishen_fazhen_019_": {
				"attachment": [
					{ "time": 0, "name": null },
					{ "time": 1.8333, "name": null },
					{ "time": 1.9, "name": "Sishen_fazhen_019_" },
					{ "time": 1.9333, "name": "Sishen_fazhen_019_" },
					{ "time": 2, "name": null },
					{ "time": 3.7, "name": null },
					{ "time": 3.7333, "name": "Sishen_fazhen_019_" },
					{ "time": 3.7666, "name": "Sishen_fazhen_019_" },
					{ "time": 3.8333, "name": null }
				]
			},
			"Sishen_gj_000_01_": {
				"attachment": [
					{ "time": 0, "name": "Sishen_gj_000_01_" },
					{ "time": 0.0666, "name": "Sishen_gj_000_01_" },
					{ "time": 0.1333, "name": null }
				]
			},
			"Sishen_gj_000_02_": {
				"attachment": [
					{ "time": 0, "name": "Sishen_gj_000_02_" },
					{ "time": 0.0666, "name": "Sishen_gj_000_02_" },
					{ "time": 0.1333, "name": null }
				]
			},
			"Sishen_gj_000_03_": {
				"attachment": [
					{ "time": 0, "name": "Sishen_gj_000_03_" },
					{ "time": 0.0666, "name": "Sishen_gj_000_03_" },
					{ "time": 0.1333, "name": null }
				]
			},
			"Sishen_gj_002_01_": {
				"attachment": [
					{ "time": 0, "name": null },
					{ "time": 0.0666, "name": null },
					{ "time": 0.1333, "name": "Sishen_gj_002_01_" },
					{ "time": 0.2, "name": "Sishen_gj_002_01_" },
					{ "time": 0.2666, "name": null }
				]
			},
			"Sishen_gj_002_02_": {
				"attachment": [
					{ "time": 0, "name": null },
					{ "time": 0.0666, "name": null },
					{ "time": 0.1333, "name": "Sishen_gj_002_02_" },
					{ "time": 0.2, "name": "Sishen_gj_002_02_" },
					{ "time": 0.2666, "name": null }
				]
			},
			"Sishen_gj_002_03_": {
				"attachment": [
					{ "time": 0, "name": null },
					{ "time": 0.0666, "name": null },
					{ "time": 0.1333, "name": "Sishen_gj_002_03_" },
					{ "time": 0.2, "name": "Sishen_gj_002_03_" },
					{ "time": 0.2666, "name": null }
				]
			},
			"Sishen_gj_004_01_": {
				"attachment": [
					{ "time": 0, "name": null },
					{ "time": 0.2, "name": null },
					{ "time": 0.2666, "name": "Sishen_gj_004_01_" },
					{ "time": 0.3333, "name": "Sishen_gj_004_01_" },
					{ "time": 0.4, "name": null }
				]
			},
			"Sishen_gj_004_02_": {
				"attachment": [
					{ "time": 0, "name": null },
					{ "time": 0.2, "name": null },
					{ "time": 0.2666, "name": "Sishen_gj_004_02_" },
					{ "time": 0.3333, "name": "Sishen_gj_004_02_" },
					{ "time": 0.4, "name": null }
				]
			},
			"Sishen_gj_004_03_": {
				"attachment": [
					{ "time": 0, "name": null },
					{ "time": 0.2, "name": null },
					{ "time": 0.2666, "name": "Sishen_gj_004_03_" },
					{ "time": 0.3333, "name": "Sishen_gj_004_03_" },
					{ "time": 0.4, "name": null }
				]
			},
			"Sishen_gj_004_04_": {
				"attachment": [
					{ "time": 0, "name": null },
					{ "time": 0.2, "name": null },
					{ "time": 0.2666, "name": "Sishen_gj_004_04_" },
					{ "time": 0.3333, "name": "Sishen_gj_004_04_" },
					{ "time": 0.4, "name": null }
				]
			},
			"Sishen_gj_006_01_": {
				"attachment": [
					{ "time": 0, "name": null },
					{ "time": 0.3333, "name": null },
					{ "time": 0.4, "name": "Sishen_gj_006_01_" },
					{ "time": 0.4666, "name": "Sishen_gj_006_01_" },
					{ "time": 0.5333, "name": null }
				]
			},
			"Sishen_gj_006_02_": {
				"attachment": [
					{ "time": 0, "name": null },
					{ "time": 0.3333, "name": null },
					{ "time": 0.4, "name": "Sishen_gj_006_02_" },
					{ "time": 0.4666, "name": "Sishen_gj_006_02_" },
					{ "time": 0.5333, "name": null }
				]
			},
			"Sishen_gj_006_03_": {
				"attachment": [
					{ "time": 0, "name": null },
					{ "time": 0.3333, "name": null },
					{ "time": 0.4, "name": "Sishen_gj_006_03_" },
					{ "time": 0.4666, "name": "Sishen_gj_006_03_" },
					{ "time": 0.5333, "name": null }
				]
			},
			"Sishen_gj_006_04_": {
				"attachment": [
					{ "time": 0, "name": null },
					{ "time": 0.3333, "name": null },
					{ "time": 0.4, "name": "Sishen_gj_006_04_" },
					{ "time": 0.4666, "name": "Sishen_gj_006_04_" },
					{ "time": 0.5333, "name": null }
				]
			},
			"Sishen_gj_006_05_": {
				"attachment": [
					{ "time": 0, "name": null },
					{ "time": 0.3333, "name": null },
					{ "time": 0.4, "name": "Sishen_gj_006_05_" },
					{ "time": 0.4666, "name": "Sishen_gj_006_05_" },
					{ "time": 0.5333, "name": null }
				]
			},
			"Sishen_gj_006_06_": {
				"attachment": [
					{ "time": 0, "name": null },
					{ "time": 0.3333, "name": null },
					{ "time": 0.4, "name": "Sishen_gj_006_06_" },
					{ "time": 0.4666, "name": "Sishen_gj_006_06_" },
					{ "time": 0.5333, "name": null }
				]
			},
			"Sishen_gj_007_01_": {
				"attachment": [
					{ "time": 0, "name": null },
					{ "time": 0.4666, "name": null },
					{ "time": 0.5333, "name": "Sishen_gj_007_01_" },
					{ "time": 0.6, "name": "Sishen_gj_007_01_" },
					{ "time": 0.6666, "name": null }
				]
			},
			"Sishen_gj_007_02_": {
				"attachment": [
					{ "time": 0, "name": null },
					{ "time": 0.4666, "name": null },
					{ "time": 0.5333, "name": "Sishen_gj_007_02_" },
					{ "time": 0.6, "name": "Sishen_gj_007_02_" },
					{ "time": 0.6666, "name": null }
				]
			},
			"Sishen_gj_007_03_": {
				"attachment": [
					{ "time": 0, "name": null },
					{ "time": 0.4666, "name": null },
					{ "time": 0.5333, "name": "Sishen_gj_007_03_" },
					{ "time": 0.6, "name": "Sishen_gj_007_03_" },
					{ "time": 0.6666, "name": null }
				]
			},
			"Sishen_gj_007_04_": {
				"attachment": [
					{ "time": 0, "name": null },
					{ "time": 0.4666, "name": null },
					{ "time": 0.5333, "name": "Sishen_gj_007_04_" },
					{ "time": 0.6, "name": "Sishen_gj_007_04_" },
					{ "time": 0.6666, "name": null }
				]
			},
			"Sishen_gj_007_05_": {
				"attachment": [
					{ "time": 0, "name": null },
					{ "time": 0.4666, "name": null },
					{ "time": 0.5333, "name": "Sishen_gj_007_05_" },
					{ "time": 0.6, "name": "Sishen_gj_007_05_" },
					{ "time": 0.6666, "name": null }
				]
			},
			"Sishen_gj_007_06_": {
				"attachment": [
					{ "time": 0, "name": null },
					{ "time": 0.4666, "name": null },
					{ "time": 0.5333, "name": "Sishen_gj_007_06_" },
					{ "time": 0.6, "name": "Sishen_gj_007_06_" },
					{ "time": 0.6666, "name": null }
				]
			},
			"Sishen_gj_007_07_": {
				"attachment": [
					{ "time": 0, "name": null },
					{ "time": 0.4666, "name": null },
					{ "time": 0.5333, "name": "Sishen_gj_007_07_" },
					{ "time": 0.6, "name": "Sishen_gj_007_07_" },
					{ "time": 0.6666, "name": null }
				]
			},
			"Sishen_gj_007_08_": {
				"attachment": [
					{ "time": 0, "name": null },
					{ "time": 0.4666, "name": null },
					{ "time": 0.5333, "name": "Sishen_gj_007_08_" },
					{ "time": 0.6, "name": "Sishen_gj_007_08_" },
					{ "time": 0.6666, "name": null }
				]
			},
			"Sishen_gj_008_01_": {
				"attachment": [
					{ "time": 0, "name": null },
					{ "time": 0.6, "name": null },
					{ "time": 0.6666, "name": "Sishen_gj_008_01_" },
					{ "time": 0.7333, "name": "Sishen_gj_008_01_" },
					{ "time": 0.8, "name": null }
				]
			},
			"Sishen_gj_008_02_": {
				"attachment": [
					{ "time": 0, "name": null },
					{ "time": 0.6, "name": null },
					{ "time": 0.6666, "name": "Sishen_gj_008_02_" },
					{ "time": 0.7333, "name": "Sishen_gj_008_02_" },
					{ "time": 0.8, "name": null }
				]
			},
			"Sishen_gj_008_03_": {
				"attachment": [
					{ "time": 0, "name": null },
					{ "time": 0.6, "name": null },
					{ "time": 0.6666, "name": "Sishen_gj_008_03_" },
					{ "time": 0.7333, "name": "Sishen_gj_008_03_" },
					{ "time": 0.8, "name": null }
				]
			},
			"Sishen_gj_008_04_": {
				"attachment": [
					{ "time": 0, "name": null },
					{ "time": 0.6, "name": null },
					{ "time": 0.6666, "name": "Sishen_gj_008_04_" },
					{ "time": 0.7333, "name": "Sishen_gj_008_04_" },
					{ "time": 0.8, "name": null }
				]
			},
			"Sishen_gj_008_05_": {
				"attachment": [
					{ "time": 0, "name": null },
					{ "time": 0.6, "name": null },
					{ "time": 0.6666, "name": "Sishen_gj_008_05_" },
					{ "time": 0.7333, "name": "Sishen_gj_008_05_" },
					{ "time": 0.8, "name": null }
				]
			},
			"Sishen_gj_008_06_": {
				"attachment": [
					{ "time": 0, "name": null },
					{ "time": 0.6, "name": null },
					{ "time": 0.6666, "name": "Sishen_gj_008_06_" },
					{ "time": 0.7333, "name": "Sishen_gj_008_06_" },
					{ "time": 0.8, "name": null }
				]
			},
			"Sishen_gj_008_07_": {
				"attachment": [
					{ "time": 0, "name": null },
					{ "time": 0.6, "name": null },
					{ "time": 0.6666, "name": "Sishen_gj_008_07_" },
					{ "time": 0.7333, "name": "Sishen_gj_008_07_" },
					{ "time": 0.8, "name": null }
				]
			},
			"Sishen_gj_008_08_": {
				"attachment": [
					{ "time": 0, "name": null },
					{ "time": 0.6, "name": null },
					{ "time": 0.6666, "name": "Sishen_gj_008_08_" },
					{ "time": 0.7333, "name": "Sishen_gj_008_08_" },
					{ "time": 0.8, "name": null }
				]
			},
			"Sishen_gj_009_01_": {
				"attachment": [
					{ "time": 0, "name": null },
					{ "time": 0.7333, "name": null },
					{ "time": 0.8, "name": "Sishen_gj_009_01_" },
					{ "time": 0.8666, "name": "Sishen_gj_009_01_" },
					{ "time": 0.9333, "name": null }
				]
			},
			"Sishen_gj_009_02_": {
				"attachment": [
					{ "time": 0, "name": null },
					{ "time": 0.7333, "name": null },
					{ "time": 0.8, "name": "Sishen_gj_009_02_" },
					{ "time": 0.8666, "name": "Sishen_gj_009_02_" },
					{ "time": 0.9333, "name": null }
				]
			},
			"Sishen_gj_009_03_": {
				"attachment": [
					{ "time": 0, "name": null },
					{ "time": 0.7333, "name": null },
					{ "time": 0.8, "name": "Sishen_gj_009_03_" },
					{ "time": 0.8666, "name": "Sishen_gj_009_03_" },
					{ "time": 0.9333, "name": null }
				]
			},
			"Sishen_gj_009_04_": {
				"attachment": [
					{ "time": 0, "name": null },
					{ "time": 0.7333, "name": null },
					{ "time": 0.8, "name": "Sishen_gj_009_04_" },
					{ "time": 0.8666, "name": "Sishen_gj_009_04_" },
					{ "time": 0.9333, "name": null }
				]
			},
			"Sishen_gj_009_05_": {
				"attachment": [
					{ "time": 0, "name": null },
					{ "time": 0.7333, "name": null },
					{ "time": 0.8, "name": "Sishen_gj_009_05_" },
					{ "time": 0.8666, "name": "Sishen_gj_009_05_" },
					{ "time": 0.9333, "name": null }
				]
			},
			"Sishen_gj_009_06_": {
				"attachment": [
					{ "time": 0, "name": null },
					{ "time": 0.7333, "name": null },
					{ "time": 0.8, "name": "Sishen_gj_009_06_" },
					{ "time": 0.8666, "name": "Sishen_gj_009_06_" },
					{ "time": 0.9333, "name": null }
				]
			},
			"Sishen_gj_010_01_": {
				"attachment": [
					{ "time": 0, "name": null },
					{ "time": 0.8666, "name": null },
					{ "time": 0.9333, "name": "Sishen_gj_010_01_" },
					{ "time": 1, "name": "Sishen_gj_010_01_" },
					{ "time": 1.0666, "name": null }
				]
			},
			"Sishen_gj_010_02_": {
				"attachment": [
					{ "time": 0, "name": null },
					{ "time": 0.8666, "name": null },
					{ "time": 0.9333, "name": "Sishen_gj_010_02_" },
					{ "time": 1, "name": "Sishen_gj_010_02_" },
					{ "time": 1.0666, "name": null }
				]
			},
			"Sishen_gj_010_03_": {
				"attachment": [
					{ "time": 0, "name": null },
					{ "time": 0.8666, "name": null },
					{ "time": 0.9333, "name": "Sishen_gj_010_03_" },
					{ "time": 1, "name": "Sishen_gj_010_03_" },
					{ "time": 1.0666, "name": null }
				]
			},
			"Sishen_gj_010_04_": {
				"attachment": [
					{ "time": 0, "name": null },
					{ "time": 0.8666, "name": null },
					{ "time": 0.9333, "name": "Sishen_gj_010_04_" },
					{ "time": 1, "name": "Sishen_gj_010_04_" },
					{ "time": 1.0666, "name": null }
				]
			},
			"Sishen_gj_011_01_": {
				"attachment": [
					{ "time": 0, "name": null },
					{ "time": 1, "name": null },
					{ "time": 1.0666, "name": "Sishen_gj_011_01_" },
					{ "time": 1.1333, "name": "Sishen_gj_011_01_" },
					{ "time": 1.2, "name": null }
				]
			},
			"Sishen_gj_011_02_": {
				"attachment": [
					{ "time": 0, "name": null },
					{ "time": 1, "name": null },
					{ "time": 1.0666, "name": "Sishen_gj_011_02_" },
					{ "time": 1.1333, "name": "Sishen_gj_011_02_" },
					{ "time": 1.2, "name": null }
				]
			},
			"Sishen_gj_011_03_": {
				"attachment": [
					{ "time": 0, "name": null },
					{ "time": 1, "name": null },
					{ "time": 1.0666, "name": "Sishen_gj_011_03_" },
					{ "time": 1.1333, "name": "Sishen_gj_011_03_" },
					{ "time": 1.2, "name": null }
				]
			},
			"Sishen_gj_012_01_": {
				"attachment": [
					{ "time": 0, "name": null },
					{ "time": 1.1333, "name": null },
					{ "time": 1.2, "name": "Sishen_gj_012_01_" },
					{ "time": 1.2666, "name": "Sishen_gj_012_01_" },
					{ "time": 1.3333, "name": null }
				]
			},
			"Sishen_gj_012_02_": {
				"attachment": [
					{ "time": 0, "name": null },
					{ "time": 1.1333, "name": null },
					{ "time": 1.2, "name": "Sishen_gj_012_02_" },
					{ "time": 1.2666, "name": "Sishen_gj_012_02_" },
					{ "time": 1.3333, "name": null }
				]
			},
			"Sishen_gj_012_03_": {
				"attachment": [
					{ "time": 0, "name": null },
					{ "time": 1.1333, "name": null },
					{ "time": 1.2, "name": "Sishen_gj_012_03_" },
					{ "time": 1.2666, "name": "Sishen_gj_012_03_" },
					{ "time": 1.3333, "name": null }
				]
			},
			"Sishen_gj_012_04_": {
				"attachment": [
					{ "time": 0, "name": null },
					{ "time": 1.1333, "name": null },
					{ "time": 1.2, "name": "Sishen_gj_012_04_" },
					{ "time": 1.2666, "name": "Sishen_gj_012_04_" },
					{ "time": 1.3333, "name": null }
				]
			},
			"Sishen_gj_013_01_": {
				"attachment": [
					{ "time": 0, "name": null },
					{ "time": 1.2666, "name": null },
					{ "time": 1.3333, "name": "Sishen_gj_013_01_" },
					{ "time": 1.4, "name": "Sishen_gj_013_01_" },
					{ "time": 1.4666, "name": null }
				]
			},
			"Sishen_gj_013_02_": {
				"attachment": [
					{ "time": 0, "name": null },
					{ "time": 1.2666, "name": null },
					{ "time": 1.3333, "name": "Sishen_gj_013_02_" },
					{ "time": 1.4, "name": "Sishen_gj_013_02_" },
					{ "time": 1.4666, "name": null }
				]
			},
			"Sishen_gj_013_03_": {
				"attachment": [
					{ "time": 0, "name": null },
					{ "time": 1.2666, "name": null },
					{ "time": 1.3333, "name": "Sishen_gj_013_03_" },
					{ "time": 1.4, "name": "Sishen_gj_013_03_" },
					{ "time": 1.4666, "name": null }
				]
			},
			"Sishen_gj_013_04_": {
				"attachment": [
					{ "time": 0, "name": null },
					{ "time": 1.2666, "name": null },
					{ "time": 1.3333, "name": "Sishen_gj_013_04_" },
					{ "time": 1.4, "name": "Sishen_gj_013_04_" },
					{ "time": 1.4666, "name": null }
				]
			},
			"Sishen_gj_013_05_": {
				"attachment": [
					{ "time": 0, "name": null },
					{ "time": 1.2666, "name": null },
					{ "time": 1.3333, "name": "Sishen_gj_013_05_" },
					{ "time": 1.4, "name": "Sishen_gj_013_05_" },
					{ "time": 1.4666, "name": null }
				]
			},
			"Sishen_gj_013_06_": {
				"attachment": [
					{ "time": 0, "name": null },
					{ "time": 1.2666, "name": null },
					{ "time": 1.3333, "name": "Sishen_gj_013_06_" },
					{ "time": 1.4, "name": "Sishen_gj_013_06_" },
					{ "time": 1.4666, "name": null }
				]
			},
			"Sishen_gj_013_07_": {
				"attachment": [
					{ "time": 0, "name": null },
					{ "time": 1.2666, "name": null },
					{ "time": 1.3333, "name": "Sishen_gj_013_07_" },
					{ "time": 1.4, "name": "Sishen_gj_013_07_" },
					{ "time": 1.4666, "name": null }
				]
			},
			"Sishen_gj_013_08_": {
				"attachment": [
					{ "time": 0, "name": null },
					{ "time": 1.2666, "name": null },
					{ "time": 1.3333, "name": "Sishen_gj_013_08_" },
					{ "time": 1.4, "name": "Sishen_gj_013_08_" },
					{ "time": 1.4666, "name": null }
				]
			},
			"Sishen_gj_014_01_": {
				"attachment": [
					{ "time": 0, "name": null },
					{ "time": 1.4, "name": null },
					{ "time": 1.4666, "name": "Sishen_gj_014_01_" },
					{ "time": 1.5333, "name": "Sishen_gj_014_01_" },
					{ "time": 1.6, "name": null }
				]
			},
			"Sishen_gj_014_02_": {
				"attachment": [
					{ "time": 0, "name": null },
					{ "time": 1.4, "name": null },
					{ "time": 1.4666, "name": "Sishen_gj_014_02_" },
					{ "time": 1.5333, "name": "Sishen_gj_014_02_" },
					{ "time": 1.6, "name": null }
				]
			},
			"Sishen_gj_014_03_": {
				"attachment": [
					{ "time": 0, "name": null },
					{ "time": 1.4, "name": null },
					{ "time": 1.4666, "name": "Sishen_gj_014_03_" },
					{ "time": 1.5333, "name": "Sishen_gj_014_03_" },
					{ "time": 1.6, "name": null }
				]
			},
			"Sishen_gj_014_04_": {
				"attachment": [
					{ "time": 0, "name": null },
					{ "time": 1.4, "name": null },
					{ "time": 1.4666, "name": "Sishen_gj_014_04_" },
					{ "time": 1.5333, "name": "Sishen_gj_014_04_" },
					{ "time": 1.6, "name": null }
				]
			},
			"Sishen_gj_014_05_": {
				"attachment": [
					{ "time": 0, "name": null },
					{ "time": 1.4, "name": null },
					{ "time": 1.4666, "name": "Sishen_gj_014_05_" },
					{ "time": 1.5333, "name": "Sishen_gj_014_05_" },
					{ "time": 1.6, "name": null }
				]
			},
			"Sishen_gj_015_01_": {
				"attachment": [
					{ "time": 0, "name": null },
					{ "time": 1.5333, "name": null },
					{ "time": 1.6, "name": "Sishen_gj_015_01_" },
					{ "time": 1.6666, "name": "Sishen_gj_015_01_" },
					{ "time": 1.7333, "name": null }
				]
			},
			"Sishen_gj_015_02_": {
				"attachment": [
					{ "time": 0, "name": null },
					{ "time": 1.5333, "name": null },
					{ "time": 1.6, "name": "Sishen_gj_015_02_" },
					{ "time": 1.6666, "name": "Sishen_gj_015_02_" },
					{ "time": 1.7333, "name": null }
				]
			},
			"Sishen_gj_015_03_": {
				"attachment": [
					{ "time": 0, "name": null },
					{ "time": 1.5333, "name": null },
					{ "time": 1.6, "name": "Sishen_gj_015_03_" },
					{ "time": 1.6666, "name": "Sishen_gj_015_03_" },
					{ "time": 1.7333, "name": null }
				]
			},
			"Sishen_gj_015_04_": {
				"attachment": [
					{ "time": 0, "name": null },
					{ "time": 1.5333, "name": null },
					{ "time": 1.6, "name": "Sishen_gj_015_04_" },
					{ "time": 1.6666, "name": "Sishen_gj_015_04_" },
					{ "time": 1.7333, "name": null }
				]
			},
			"Sishen_gj_015_05_": {
				"attachment": [
					{ "time": 0, "name": null },
					{ "time": 1.5333, "name": null },
					{ "time": 1.6, "name": "Sishen_gj_015_05_" },
					{ "time": 1.6666, "name": "Sishen_gj_015_05_" },
					{ "time": 1.7333, "name": null }
				]
			},
			"Sishen_gj_016_01_": {
				"attachment": [
					{ "time": 0, "name": null },
					{ "time": 1.6666, "name": null },
					{ "time": 1.7333, "name": "Sishen_gj_016_01_" },
					{ "time": 1.8, "name": "Sishen_gj_016_01_" },
					{ "time": 1.8666, "name": null }
				]
			},
			"Sishen_gj_016_02_": {
				"attachment": [
					{ "time": 0, "name": null },
					{ "time": 1.6666, "name": null },
					{ "time": 1.7333, "name": "Sishen_gj_016_02_" },
					{ "time": 1.8, "name": "Sishen_gj_016_02_" },
					{ "time": 1.8666, "name": null }
				]
			},
			"Sishen_gj_017_01_": {
				"attachment": [
					{ "time": 0, "name": null },
					{ "time": 1.8, "name": null },
					{ "time": 1.8666, "name": "Sishen_gj_017_01_" },
					{ "time": 1.9333, "name": "Sishen_gj_017_01_" },
					{ "time": 2, "name": null }
				]
			},
			"Sishen_gj_017_02_": {
				"attachment": [
					{ "time": 0, "name": null },
					{ "time": 1.8, "name": null },
					{ "time": 1.8666, "name": "Sishen_gj_017_02_" },
					{ "time": 1.9333, "name": "Sishen_gj_017_02_" },
					{ "time": 2, "name": null }
				]
			},
			"Sishen_gj_017_03_": {
				"attachment": [
					{ "time": 0, "name": null },
					{ "time": 1.8, "name": null },
					{ "time": 1.8666, "name": "Sishen_gj_017_03_" },
					{ "time": 1.9333, "name": "Sishen_gj_017_03_" },
					{ "time": 2, "name": null }
				]
			},
			"Sishen_gj_018_01_": {
				"attachment": [
					{ "time": 0, "name": null },
					{ "time": 1.9333, "name": null },
					{ "time": 2, "name": "Sishen_gj_018_01_" },
					{ "time": 2.0666, "name": "Sishen_gj_018_01_" },
					{ "time": 2.1, "name": null }
				]
			},
			"Sishen_gj_018_02_": {
				"attachment": [
					{ "time": 0, "name": null },
					{ "time": 1.9333, "name": null },
					{ "time": 2, "name": "Sishen_gj_018_02_" },
					{ "time": 2.0666, "name": "Sishen_gj_018_02_" },
					{ "time": 2.1, "name": null }
				]
			},
			"Sishen_gj_019_01_": {
				"attachment": [
					{ "time": 0, "name": null },
					{ "time": 2.0666, "name": null },
					{ "time": 2.1, "name": "Sishen_gj_019_01_" },
					{ "time": 2.1666, "name": "Sishen_gj_019_01_" },
					{ "time": 2.2333, "name": null }
				]
			},
			"Sishen_gj_019_02_": {
				"attachment": [
					{ "time": 0, "name": null },
					{ "time": 2.0666, "name": null },
					{ "time": 2.1, "name": "Sishen_gj_019_02_" },
					{ "time": 2.1666, "name": "Sishen_gj_019_02_" },
					{ "time": 2.2333, "name": null }
				]
			},
			"Sishen_gj_020_01_": {
				"attachment": [
					{ "time": 0, "name": null },
					{ "time": 2.1666, "name": null },
					{ "time": 2.2333, "name": "Sishen_gj_020_01_" },
					{ "time": 2.3, "name": "Sishen_gj_020_01_" },
					{ "time": 2.3666, "name": null }
				]
			},
			"Sishen_gj_020_02_": {
				"attachment": [
					{ "time": 0, "name": null },
					{ "time": 2.1666, "name": null },
					{ "time": 2.2333, "name": "Sishen_gj_020_02_" },
					{ "time": 2.3, "name": "Sishen_gj_020_02_" },
					{ "time": 2.3666, "name": null }
				]
			},
			"Sishen_gj_020_03_": {
				"attachment": [
					{ "time": 0, "name": null },
					{ "time": 2.1666, "name": null },
					{ "time": 2.2333, "name": "Sishen_gj_020_03_" },
					{ "time": 2.3, "name": "Sishen_gj_020_03_" },
					{ "time": 2.3666, "name": null }
				]
			},
			"Sishen_gj_021_01_": {
				"attachment": [
					{ "time": 0, "name": null },
					{ "time": 2.3, "name": null },
					{ "time": 2.3666, "name": "Sishen_gj_021_01_" },
					{ "time": 2.4333, "name": "Sishen_gj_021_01_" },
					{ "time": 2.5, "name": null }
				]
			},
			"Sishen_gj_021_02_": {
				"attachment": [
					{ "time": 0, "name": null },
					{ "time": 2.3, "name": null },
					{ "time": 2.3666, "name": "Sishen_gj_021_02_" },
					{ "time": 2.4333, "name": "Sishen_gj_021_02_" },
					{ "time": 2.5, "name": null }
				]
			},
			"Sishen_gj_022_01_": {
				"attachment": [
					{ "time": 0, "name": null },
					{ "time": 2.4333, "name": null },
					{ "time": 2.5, "name": "Sishen_gj_022_01_" },
					{ "time": 2.5666, "name": "Sishen_gj_022_01_" },
					{ "time": 2.6333, "name": null }
				]
			},
			"Sishen_gj_022_02_": {
				"attachment": [
					{ "time": 0, "name": null },
					{ "time": 2.4333, "name": null },
					{ "time": 2.5, "name": "Sishen_gj_022_02_" },
					{ "time": 2.5666, "name": "Sishen_gj_022_02_" },
					{ "time": 2.6333, "name": null }
				]
			},
			"Sishen_gj_023_01_": {
				"attachment": [
					{ "time": 0, "name": null },
					{ "time": 2.5666, "name": null },
					{ "time": 2.6333, "name": "Sishen_gj_023_01_" },
					{ "time": 2.7, "name": "Sishen_gj_023_01_" },
					{ "time": 2.7666, "name": null }
				]
			},
			"Sishen_gj_023_02_": {
				"attachment": [
					{ "time": 0, "name": null },
					{ "time": 2.5666, "name": null },
					{ "time": 2.6333, "name": "Sishen_gj_023_02_" },
					{ "time": 2.7, "name": "Sishen_gj_023_02_" },
					{ "time": 2.7666, "name": null }
				]
			},
			"Sishen_gj_025_01_": {
				"attachment": [
					{ "time": 0, "name": null },
					{ "time": 2.7, "name": null },
					{ "time": 2.7666, "name": "Sishen_gj_025_01_" },
					{ "time": 2.8333, "name": "Sishen_gj_025_01_" },
					{ "time": 2.9, "name": null }
				]
			},
			"Sishen_gj_025_02_": {
				"attachment": [
					{ "time": 0, "name": null },
					{ "time": 2.7, "name": null },
					{ "time": 2.7666, "name": "Sishen_gj_025_02_" },
					{ "time": 2.8333, "name": "Sishen_gj_025_02_" },
					{ "time": 2.9, "name": null }
				]
			},
			"Sishen_gj_027_01_": {
				"attachment": [
					{ "time": 0, "name": null },
					{ "time": 2.8333, "name": null },
					{ "time": 2.9, "name": "Sishen_gj_027_01_" },
					{ "time": 2.9666, "name": "Sishen_gj_027_01_" },
					{ "time": 3.0333, "name": null }
				]
			},
			"Sishen_gj_027_02_": {
				"attachment": [
					{ "time": 0, "name": null },
					{ "time": 2.8333, "name": null },
					{ "time": 2.9, "name": "Sishen_gj_027_02_" },
					{ "time": 2.9666, "name": "Sishen_gj_027_02_" },
					{ "time": 3.0333, "name": null }
				]
			},
			"Sishen_gj_029_01_": {
				"attachment": [
					{ "time": 0, "name": null },
					{ "time": 2.9666, "name": null },
					{ "time": 3.0333, "name": "Sishen_gj_029_01_" },
					{ "time": 3.1, "name": "Sishen_gj_029_01_" },
					{ "time": 3.1666, "name": null }
				]
			},
			"Sishen_gj_029_02_": {
				"attachment": [
					{ "time": 0, "name": null },
					{ "time": 2.9666, "name": null },
					{ "time": 3.0333, "name": "Sishen_gj_029_02_" },
					{ "time": 3.1, "name": "Sishen_gj_029_02_" },
					{ "time": 3.1666, "name": null }
				]
			},
			"Sishen_gj_029_03_": {
				"attachment": [
					{ "time": 0, "name": null },
					{ "time": 2.9666, "name": null },
					{ "time": 3.0333, "name": "Sishen_gj_029_03_" },
					{ "time": 3.1, "name": "Sishen_gj_029_03_" },
					{ "time": 3.1666, "name": null }
				]
			},
			"Sishen_gj_031_01_": {
				"attachment": [
					{ "time": 0, "name": null },
					{ "time": 3.1, "name": null },
					{ "time": 3.1666, "name": "Sishen_gj_031_01_" },
					{ "time": 3.2333, "name": "Sishen_gj_031_01_" },
					{ "time": 3.3, "name": null }
				]
			},
			"Sishen_gj_032_01_": {
				"attachment": [
					{ "time": 0, "name": null },
					{ "time": 3.2333, "name": null },
					{ "time": 3.3, "name": "Sishen_gj_032_01_" },
					{ "time": 3.3666, "name": "Sishen_gj_032_01_" },
					{ "time": 3.4333, "name": null }
				]
			},
			"Sishen_gj_032_02_": {
				"attachment": [
					{ "time": 0, "name": null },
					{ "time": 3.2333, "name": null },
					{ "time": 3.3, "name": "Sishen_gj_032_02_" },
					{ "time": 3.3666, "name": "Sishen_gj_032_02_" },
					{ "time": 3.4333, "name": null }
				]
			},
			"Sishen_gj_032_03_": {
				"attachment": [
					{ "time": 0, "name": null },
					{ "time": 3.2333, "name": null },
					{ "time": 3.3, "name": "Sishen_gj_032_03_" },
					{ "time": 3.3666, "name": "Sishen_gj_032_03_" },
					{ "time": 3.4333, "name": null }
				]
			},
			"Sishen_gj_034_01_": {
				"attachment": [
					{ "time": 0, "name": null },
					{ "time": 3.3666, "name": null },
					{ "time": 3.4333, "name": "Sishen_gj_034_01_" },
					{ "time": 3.5, "name": "Sishen_gj_034_01_" },
					{ "time": 3.5666, "name": null }
				]
			},
			"Sishen_gj_034_02_": {
				"attachment": [
					{ "time": 0, "name": null },
					{ "time": 3.3666, "name": null },
					{ "time": 3.4333, "name": "Sishen_gj_034_02_" },
					{ "time": 3.5, "name": "Sishen_gj_034_02_" },
					{ "time": 3.5666, "name": null }
				]
			},
			"Sishen_gj_036_01_": {
				"attachment": [
					{ "time": 0, "name": null },
					{ "time": 3.5, "name": null },
					{ "time": 3.5666, "name": "Sishen_gj_036_01_" },
					{ "time": 3.6333, "name": "Sishen_gj_036_01_" },
					{ "time": 3.7, "name": null }
				]
			},
			"Sishen_gj_036_02_": {
				"attachment": [
					{ "time": 0, "name": null },
					{ "time": 3.5, "name": null },
					{ "time": 3.5666, "name": "Sishen_gj_036_02_" },
					{ "time": 3.6333, "name": "Sishen_gj_036_02_" },
					{ "time": 3.7, "name": null }
				]
			},
			"Sishen_gj_036_03_": {
				"attachment": [
					{ "time": 0, "name": null },
					{ "time": 3.5, "name": null },
					{ "time": 3.5666, "name": "Sishen_gj_036_03_" },
					{ "time": 3.6333, "name": "Sishen_gj_036_03_" },
					{ "time": 3.7, "name": null }
				]
			},
			"Sishen_gj_038_01_": {
				"attachment": [
					{ "time": 0, "name": null },
					{ "time": 3.6333, "name": null },
					{ "time": 3.7, "name": "Sishen_gj_038_01_" },
					{ "time": 3.7666, "name": "Sishen_gj_038_01_" },
					{ "time": 3.8333, "name": null }
				]
			},
			"Sishen_gj_038_02_": {
				"attachment": [
					{ "time": 0, "name": null },
					{ "time": 3.6333, "name": null },
					{ "time": 3.7, "name": "Sishen_gj_038_02_" },
					{ "time": 3.7666, "name": "Sishen_gj_038_02_" },
					{ "time": 3.8333, "name": null }
				]
			},
			"Sishen_gj_038_03_": {
				"attachment": [
					{ "time": 0, "name": null },
					{ "time": 3.6333, "name": null },
					{ "time": 3.7, "name": "Sishen_gj_038_03_" },
					{ "time": 3.7666, "name": "Sishen_gj_038_03_" },
					{ "time": 3.8333, "name": null }
				]
			}
		}
	}
}
}