{
"skeleton": { "hash": "6vpIe6mi8uQi6lCRRcOGp9kHNAU", "spine": "2.1.27", "width": 300, "height": 300 },
"bones": [
	{ "name": "root" },
	{ "name": "bone", "parent": "root", "x": 83.25, "y": -87.6 }
],
"slots": [
	{ "name": "logohg_010_", "bone": "bone", "attachment": "logohg_010_" }
],
"skins": {
	"default": {
		"logohg_010_": {
			"logohg_010_": { "x": -83.25, "y": 87.6, "width": 300, "height": 300 },
			"logohg_011_": { "x": -83.25, "y": 87.6, "width": 300, "height": 300 },
			"logohg_012_": { "x": -83.25, "y": 87.6, "width": 300, "height": 300 },
			"logohg_013_": { "x": -83.25, "y": 87.6, "width": 300, "height": 300 },
			"logohg_014_": { "x": -83.25, "y": 87.6, "width": 300, "height": 300 },
			"logohg_015_": { "x": -83.25, "y": 87.6, "width": 300, "height": 300 },
			"logohg_016_": { "x": -83.25, "y": 87.6, "width": 300, "height": 300 },
			"logohg_01_": { "x": -83.25, "y": 87.6, "width": 300, "height": 300 },
			"logohg_02_": { "x": -83.25, "y": 87.6, "width": 300, "height": 300 },
			"logohg_03_": { "x": -83.25, "y": 87.6, "width": 300, "height": 300 },
			"logohg_04_": { "x": -83.25, "y": 87.6, "width": 300, "height": 300 },
			"logohg_05_": { "x": -83.25, "y": 87.6, "width": 300, "height": 300 },
			"logohg_06_": { "x": -83.25, "y": 87.6, "width": 300, "height": 300 },
			"logohg_07_": { "x": -83.25, "y": 87.6, "width": 300, "height": 300 },
			"logohg_08_": { "x": -83.25, "y": 87.6, "width": 300, "height": 300 },
			"logohg_09_": { "x": -83.25, "y": 87.6, "width": 300, "height": 300 }
		}
	}
},
"animations": {
	"dj": {
		"slots": {
			"logohg_010_": {
				"attachment": [
					{ "time": 0, "name": "logohg_010_" },
					{ "time": 0.1, "name": "logohg_011_" },
					{ "time": 0.1666, "name": "logohg_012_" },
					{ "time": 0.2666, "name": "logohg_013_" },
					{ "time": 0.3666, "name": "logohg_014_" },
					{ "time": 0.4333, "name": "logohg_015_" },
					{ "time": 0.5333, "name": "logohg_016_" },
					{ "time": 0.6333, "name": "logohg_01_" },
					{ "time": 0.7, "name": "logohg_02_" },
					{ "time": 0.8, "name": "logohg_03_" },
					{ "time": 0.8666, "name": "logohg_04_" },
					{ "time": 0.9666, "name": "logohg_05_" },
					{ "time": 1.0666, "name": "logohg_06_" },
					{ "time": 1.1333, "name": "logohg_07_" },
					{ "time": 1.2333, "name": "logohg_08_" },
					{ "time": 1.3333, "name": "logohg_09_" }
				]
			}
		},
		"bones": {
			"bone": {
				"translate": [
					{ "time": 0, "x": -95.09, "y": 89.68, "curve": "stepped" },
					{ "time": 1.3333, "x": -95.09, "y": 89.68 }
				]
			}
		}
	}
}
}