{
"skeleton": { "hash": "SNdYKY5JrcE+g0xe/PL0RfbMjMw", "spine": "2.1.27", "width": 123, "height": 117 },
"bones": [
	{ "name": "root" }
],
"slots": [
	{ "name": "K_shadow_", "bone": "root", "attachment": "K_shadow_" },
	{ "name": "K_xj_zq_0015_", "bone": "root" },
	{ "name": "K_xj_zq_0014_", "bone": "root" },
	{ "name": "K_xj_zq_0013_", "bone": "root" },
	{ "name": "K_xj_zq_0012_", "bone": "root" },
	{ "name": "K_xj_zq_0011_", "bone": "root" },
	{ "name": "K_xj_zq_0010_", "bone": "root" },
	{ "name": "K_xj_zq_0009_", "bone": "root" },
	{ "name": "K_xj_zq_0008_", "bone": "root" },
	{ "name": "K_xj_zq_0007_", "bone": "root" },
	{ "name": "K_xj_zq_0006_", "bone": "root" },
	{ "name": "K_xj_zq_0005_", "bone": "root" },
	{ "name": "K_xj_zq_0004_", "bone": "root" },
	{ "name": "K_xj_zq_0003_", "bone": "root" },
	{ "name": "K_xj_zq_0002_", "bone": "root" },
	{ "name": "K_xj_zq_0001_", "bone": "root" },
	{ "name": "K_xj_zq_0000_", "bone": "root" },
	{ "name": "K_xj_zh_0015_", "bone": "root" },
	{ "name": "K_xj_zh_0014_", "bone": "root" },
	{ "name": "K_xj_zh_0013_", "bone": "root" },
	{ "name": "K_xj_zh_0012_", "bone": "root" },
	{ "name": "K_xj_zh_0011_", "bone": "root" },
	{ "name": "K_xj_zh_0010_", "bone": "root" },
	{ "name": "K_xj_zh_0009_", "bone": "root" },
	{ "name": "K_xj_zh_0008_", "bone": "root" },
	{ "name": "K_xj_zh_0007_", "bone": "root" },
	{ "name": "K_xj_zh_0006_", "bone": "root" },
	{ "name": "K_xj_zh_0005_", "bone": "root" },
	{ "name": "K_xj_zh_0004_", "bone": "root" },
	{ "name": "K_xj_zh_0003_", "bone": "root" },
	{ "name": "K_xj_zh_0002_", "bone": "root" },
	{ "name": "K_xj_zh_0001_", "bone": "root" },
	{ "name": "K_xj_zh_0000_", "bone": "root" },
	{ "name": "K_xj_zc_0015_", "bone": "root" },
	{ "name": "K_xj_zc_0014_", "bone": "root" },
	{ "name": "K_xj_zc_0013_", "bone": "root" },
	{ "name": "K_xj_zc_0012_", "bone": "root" },
	{ "name": "K_xj_zc_0011_", "bone": "root" },
	{ "name": "K_xj_zc_0010_", "bone": "root" },
	{ "name": "K_xj_zc_0009_", "bone": "root" },
	{ "name": "K_xj_zc_0008_", "bone": "root" },
	{ "name": "K_xj_zc_0007_", "bone": "root" },
	{ "name": "K_xj_zc_0006_", "bone": "root" },
	{ "name": "K_xj_zc_0005_", "bone": "root" },
	{ "name": "K_xj_zc_0004_", "bone": "root" },
	{ "name": "K_xj_zc_0003_", "bone": "root" },
	{ "name": "K_xj_zc_0002_", "bone": "root" },
	{ "name": "K_xj_zc_0001_", "bone": "root" },
	{ "name": "K_xj_zc_0000_", "bone": "root" },
	{ "name": "K_xj_xq_0015_", "bone": "root" },
	{ "name": "K_xj_xq_0014_", "bone": "root" },
	{ "name": "K_xj_xq_0013_", "bone": "root" },
	{ "name": "K_xj_xq_0012_", "bone": "root" },
	{ "name": "K_xj_xq_0011_", "bone": "root" },
	{ "name": "K_xj_xq_0010_", "bone": "root" },
	{ "name": "K_xj_xq_0009_", "bone": "root" },
	{ "name": "K_xj_xq_0008_", "bone": "root" },
	{ "name": "K_xj_xq_0007_", "bone": "root" },
	{ "name": "K_xj_xq_0006_", "bone": "root" },
	{ "name": "K_xj_xq_0005_", "bone": "root" },
	{ "name": "K_xj_xq_0004_", "bone": "root" },
	{ "name": "K_xj_xq_0003_", "bone": "root" },
	{ "name": "K_xj_xq_0002_", "bone": "root" },
	{ "name": "K_xj_xq_0001_", "bone": "root" },
	{ "name": "K_xj_xq_0000_", "bone": "root" },
	{ "name": "K_xj_xh_0015_", "bone": "root" },
	{ "name": "K_xj_xh_0014_", "bone": "root" },
	{ "name": "K_xj_xh_0013_", "bone": "root" },
	{ "name": "K_xj_xh_0012_", "bone": "root" },
	{ "name": "K_xj_xh_0011_", "bone": "root" },
	{ "name": "K_xj_xh_0010_", "bone": "root" },
	{ "name": "K_xj_xh_0009_", "bone": "root" },
	{ "name": "K_xj_xh_0008_", "bone": "root" },
	{ "name": "K_xj_xh_0007_", "bone": "root" },
	{ "name": "K_xj_xh_0006_", "bone": "root" },
	{ "name": "K_xj_xh_0005_", "bone": "root" },
	{ "name": "K_xj_xh_0004_", "bone": "root" },
	{ "name": "K_xj_xh_0003_", "bone": "root" },
	{ "name": "K_xj_xh_0002_", "bone": "root" },
	{ "name": "K_xj_xh_0001_", "bone": "root" },
	{ "name": "K_xj_xh_0000_", "bone": "root" }
],
"skins": {
	"default": {
		"K_shadow_": {
			"K_shadow_": { "x": -0.01, "y": 0.31, "width": 123, "height": 117 }
		},
		"K_xj_xh_0000_": {
			"K_xj_xh_0000_": { "x": -0.01, "y": 57.81, "width": 79, "height": 144 }
		},
		"K_xj_xh_0001_": {
			"K_xj_xh_0001_": { "x": -3.51, "y": 57.31, "width": 76, "height": 145 }
		},
		"K_xj_xh_0002_": {
			"K_xj_xh_0002_": { "x": -4.51, "y": 57.81, "width": 78, "height": 144 }
		},
		"K_xj_xh_0003_": {
			"K_xj_xh_0003_": { "x": -3.01, "y": 57.81, "width": 77, "height": 142 }
		},
		"K_xj_xh_0004_": {
			"K_xj_xh_0004_": { "x": 0.48, "y": 56.31, "width": 72, "height": 145 }
		},
		"K_xj_xh_0005_": {
			"K_xj_xh_0005_": { "x": 4.98, "y": 55.31, "width": 65, "height": 147 }
		},
		"K_xj_xh_0006_": {
			"K_xj_xh_0006_": { "x": 5.98, "y": 53.81, "width": 63, "height": 148 }
		},
		"K_xj_xh_0007_": {
			"K_xj_xh_0007_": { "x": 4.48, "y": 52.81, "width": 64, "height": 150 }
		},
		"K_xj_xh_0008_": {
			"K_xj_xh_0008_": { "x": 1.48, "y": 52.81, "width": 68, "height": 152 }
		},
		"K_xj_xh_0009_": {
			"K_xj_xh_0009_": { "x": -0.01, "y": 52.81, "width": 69, "height": 154 }
		},
		"K_xj_xh_0010_": {
			"K_xj_xh_0010_": { "x": -0.51, "y": 53.31, "width": 70, "height": 153 }
		},
		"K_xj_xh_0011_": {
			"K_xj_xh_0011_": { "x": 2.48, "y": 54.31, "width": 64, "height": 153 }
		},
		"K_xj_xh_0012_": {
			"K_xj_xh_0012_": { "x": 2.48, "y": 55.81, "width": 62, "height": 150 }
		},
		"K_xj_xh_0013_": {
			"K_xj_xh_0013_": { "x": 1.98, "y": 58.31, "width": 61, "height": 145 }
		},
		"K_xj_xh_0014_": {
			"K_xj_xh_0014_": { "x": 1.48, "y": 57.81, "width": 62, "height": 146 }
		},
		"K_xj_xh_0015_": {
			"K_xj_xh_0015_": { "x": -1.51, "y": 57.81, "width": 66, "height": 146 }
		},
		"K_xj_xq_0000_": {
			"K_xj_xq_0000_": { "x": 4.98, "y": 45.31, "width": 63, "height": 137 }
		},
		"K_xj_xq_0001_": {
			"K_xj_xq_0001_": { "x": 2.48, "y": 45.31, "width": 66, "height": 137 }
		},
		"K_xj_xq_0002_": {
			"K_xj_xq_0002_": { "x": 0.98, "y": 44.81, "width": 67, "height": 136 }
		},
		"K_xj_xq_0003_": {
			"K_xj_xq_0003_": { "x": 1.98, "y": 46.31, "width": 63, "height": 133 }
		},
		"K_xj_xq_0004_": {
			"K_xj_xq_0004_": { "x": 1.48, "y": 47.81, "width": 62, "height": 130 }
		},
		"K_xj_xq_0005_": {
			"K_xj_xq_0005_": { "x": 0.98, "y": 49.31, "width": 61, "height": 127 }
		},
		"K_xj_xq_0006_": {
			"K_xj_xq_0006_": { "x": 0.48, "y": 49.81, "width": 60, "height": 124 }
		},
		"K_xj_xq_0007_": {
			"K_xj_xq_0007_": { "x": -1.01, "y": 49.31, "width": 65, "height": 127 }
		},
		"K_xj_xq_0008_": {
			"K_xj_xq_0008_": { "x": 0.98, "y": 49.31, "width": 77, "height": 127 }
		},
		"K_xj_xq_0009_": {
			"K_xj_xq_0009_": { "x": -2.51, "y": 49.31, "width": 78, "height": 129 }
		},
		"K_xj_xq_0010_": {
			"K_xj_xq_0010_": { "x": -4.51, "y": 48.81, "width": 76, "height": 130 }
		},
		"K_xj_xq_0011_": {
			"K_xj_xq_0011_": { "x": -2.51, "y": 50.81, "width": 74, "height": 128 }
		},
		"K_xj_xq_0012_": {
			"K_xj_xq_0012_": { "x": 0.48, "y": 52.31, "width": 70, "height": 125 }
		},
		"K_xj_xq_0013_": {
			"K_xj_xq_0013_": { "x": 4.48, "y": 50.31, "width": 64, "height": 129 }
		},
		"K_xj_xq_0014_": {
			"K_xj_xq_0014_": { "x": 4.48, "y": 48.31, "width": 64, "height": 133 }
		},
		"K_xj_xq_0015_": {
			"K_xj_xq_0015_": { "x": 4.48, "y": 45.31, "width": 64, "height": 137 }
		},
		"K_xj_zc_0000_": {
			"K_xj_zc_0000_": { "x": 0.98, "y": 55.31, "width": 89, "height": 135 }
		},
		"K_xj_zc_0001_": {
			"K_xj_zc_0001_": { "x": -2.01, "y": 53.81, "width": 93, "height": 136 }
		},
		"K_xj_zc_0002_": {
			"K_xj_zc_0002_": { "x": -3.01, "y": 52.31, "width": 95, "height": 137 }
		},
		"K_xj_zc_0003_": {
			"K_xj_zc_0003_": { "x": -1.01, "y": 52.31, "width": 91, "height": 137 }
		},
		"K_xj_zc_0004_": {
			"K_xj_zc_0004_": { "x": 3.98, "y": 52.31, "width": 81, "height": 137 }
		},
		"K_xj_zc_0005_": {
			"K_xj_zc_0005_": { "x": 8.98, "y": 51.81, "width": 71, "height": 136 }
		},
		"K_xj_zc_0006_": {
			"K_xj_zc_0006_": { "x": 5.48, "y": 51.81, "width": 78, "height": 136 }
		},
		"K_xj_zc_0007_": {
			"K_xj_zc_0007_": { "x": 1.48, "y": 51.81, "width": 84, "height": 136 }
		},
		"K_xj_zc_0008_": {
			"K_xj_zc_0008_": { "x": -2.01, "y": 52.31, "width": 91, "height": 137 }
		},
		"K_xj_zc_0009_": {
			"K_xj_zc_0009_": { "x": -3.51, "y": 52.81, "width": 96, "height": 138 }
		},
		"K_xj_zc_0010_": {
			"K_xj_zc_0010_": { "x": -4.01, "y": 53.31, "width": 97, "height": 137 }
		},
		"K_xj_zc_0011_": {
			"K_xj_zc_0011_": { "x": -1.01, "y": 53.31, "width": 91, "height": 137 }
		},
		"K_xj_zc_0012_": {
			"K_xj_zc_0012_": { "x": 3.48, "y": 53.31, "width": 82, "height": 139 }
		},
		"K_xj_zc_0013_": {
			"K_xj_zc_0013_": { "x": 9.48, "y": 53.31, "width": 70, "height": 139 }
		},
		"K_xj_zc_0014_": {
			"K_xj_zc_0014_": { "x": 6.48, "y": 53.31, "width": 76, "height": 139 }
		},
		"K_xj_zc_0015_": {
			"K_xj_zc_0015_": { "x": 2.98, "y": 53.81, "width": 83, "height": 138 }
		},
		"K_xj_zh_0000_": {
			"K_xj_zh_0000_": { "x": -2.01, "y": 55.81, "width": 57, "height": 154 }
		},
		"K_xj_zh_0001_": {
			"K_xj_zh_0001_": { "x": -1.01, "y": 55.31, "width": 57, "height": 155 }
		},
		"K_xj_zh_0002_": {
			"K_xj_zh_0002_": { "x": -0.01, "y": 55.31, "width": 55, "height": 155 }
		},
		"K_xj_zh_0003_": {
			"K_xj_zh_0003_": { "x": 0.48, "y": 56.81, "width": 54, "height": 152 }
		},
		"K_xj_zh_0004_": {
			"K_xj_zh_0004_": { "x": 1.48, "y": 58.31, "width": 54, "height": 149 }
		},
		"K_xj_zh_0005_": {
			"K_xj_zh_0005_": { "x": 1.48, "y": 56.81, "width": 54, "height": 152 }
		},
		"K_xj_zh_0006_": {
			"K_xj_zh_0006_": { "x": 0.98, "y": 55.31, "width": 53, "height": 155 }
		},
		"K_xj_zh_0007_": {
			"K_xj_zh_0007_": { "x": 0.98, "y": 53.81, "width": 53, "height": 158 }
		},
		"K_xj_zh_0008_": {
			"K_xj_zh_0008_": { "x": 0.48, "y": 54.31, "width": 54, "height": 157 }
		},
		"K_xj_zh_0009_": {
			"K_xj_zh_0009_": { "x": 0.48, "y": 55.31, "width": 54, "height": 157 }
		},
		"K_xj_zh_0010_": {
			"K_xj_zh_0010_": { "x": 0.48, "y": 55.31, "width": 54, "height": 157 }
		},
		"K_xj_zh_0011_": {
			"K_xj_zh_0011_": { "x": 0.98, "y": 56.81, "width": 55, "height": 154 }
		},
		"K_xj_zh_0012_": {
			"K_xj_zh_0012_": { "x": 0.98, "y": 59.81, "width": 55, "height": 150 }
		},
		"K_xj_zh_0013_": {
			"K_xj_zh_0013_": { "x": 0.48, "y": 57.81, "width": 56, "height": 152 }
		},
		"K_xj_zh_0014_": {
			"K_xj_zh_0014_": { "x": -0.51, "y": 56.31, "width": 56, "height": 155 }
		},
		"K_xj_zh_0015_": {
			"K_xj_zh_0015_": { "x": -1.01, "y": 55.31, "width": 57, "height": 155 }
		},
		"K_xj_zq_0000_": {
			"K_xj_zq_0000_": { "x": -0.01, "y": 42.31, "width": 57, "height": 135 }
		},
		"K_xj_zq_0001_": {
			"K_xj_zq_0001_": { "x": -0.01, "y": 42.81, "width": 57, "height": 134 }
		},
		"K_xj_zq_0002_": {
			"K_xj_zq_0002_": { "x": -1.51, "y": 43.81, "width": 56, "height": 132 }
		},
		"K_xj_zq_0003_": {
			"K_xj_zq_0003_": { "x": -2.01, "y": 45.81, "width": 55, "height": 128 }
		},
		"K_xj_zq_0004_": {
			"K_xj_zq_0004_": { "x": -2.51, "y": 47.81, "width": 54, "height": 124 }
		},
		"K_xj_zq_0005_": {
			"K_xj_zq_0005_": { "x": -2.51, "y": 49.31, "width": 54, "height": 121 }
		},
		"K_xj_zq_0006_": {
			"K_xj_zq_0006_": { "x": -2.01, "y": 46.81, "width": 53, "height": 126 }
		},
		"K_xj_zq_0007_": {
			"K_xj_zq_0007_": { "x": -2.01, "y": 43.81, "width": 53, "height": 132 }
		},
		"K_xj_zq_0008_": {
			"K_xj_zq_0008_": { "x": -1.51, "y": 43.81, "width": 54, "height": 134 }
		},
		"K_xj_zq_0009_": {
			"K_xj_zq_0009_": { "x": -1.51, "y": 43.81, "width": 54, "height": 134 }
		},
		"K_xj_zq_0010_": {
			"K_xj_zq_0010_": { "x": -2.01, "y": 43.81, "width": 55, "height": 134 }
		},
		"K_xj_zq_0011_": {
			"K_xj_zq_0011_": { "x": -2.01, "y": 45.81, "width": 55, "height": 130 }
		},
		"K_xj_zq_0012_": {
			"K_xj_zq_0012_": { "x": -2.01, "y": 47.81, "width": 55, "height": 126 }
		},
		"K_xj_zq_0013_": {
			"K_xj_zq_0013_": { "x": -1.51, "y": 49.81, "width": 56, "height": 122 }
		},
		"K_xj_zq_0014_": {
			"K_xj_zq_0014_": { "x": -1.01, "y": 47.31, "width": 57, "height": 127 }
		},
		"K_xj_zq_0015_": {
			"K_xj_zq_0015_": { "x": -0.01, "y": 43.81, "width": 57, "height": 132 }
		}
	}
},
"animations": {
	"walk_0": {
		"slots": {
			"K_xj_zc_0000_": {
				"attachment": [
					{ "time": 0, "name": "K_xj_zc_0000_" },
					{ "time": 0.0666, "name": null },
					{ "time": 1, "name": null }
				]
			},
			"K_xj_zc_0001_": {
				"attachment": [
					{ "time": 0, "name": null },
					{ "time": 0.0666, "name": "K_xj_zc_0001_" },
					{ "time": 0.1333, "name": null },
					{ "time": 1, "name": null }
				]
			},
			"K_xj_zc_0002_": {
				"attachment": [
					{ "time": 0, "name": null },
					{ "time": 0.1333, "name": "K_xj_zc_0002_" },
					{ "time": 0.2, "name": null },
					{ "time": 1, "name": null }
				]
			},
			"K_xj_zc_0003_": {
				"attachment": [
					{ "time": 0, "name": null },
					{ "time": 0.2, "name": "K_xj_zc_0003_" },
					{ "time": 0.2666, "name": null },
					{ "time": 1, "name": null }
				]
			},
			"K_xj_zc_0004_": {
				"attachment": [
					{ "time": 0, "name": null },
					{ "time": 0.2666, "name": "K_xj_zc_0004_" },
					{ "time": 0.3333, "name": null },
					{ "time": 1, "name": null }
				]
			},
			"K_xj_zc_0005_": {
				"attachment": [
					{ "time": 0, "name": null },
					{ "time": 0.3333, "name": "K_xj_zc_0005_" },
					{ "time": 0.4, "name": null },
					{ "time": 1, "name": null }
				]
			},
			"K_xj_zc_0006_": {
				"attachment": [
					{ "time": 0, "name": null },
					{ "time": 0.4, "name": "K_xj_zc_0006_" },
					{ "time": 0.4666, "name": null },
					{ "time": 1, "name": null }
				]
			},
			"K_xj_zc_0007_": {
				"attachment": [
					{ "time": 0, "name": null },
					{ "time": 0.4666, "name": "K_xj_zc_0007_" },
					{ "time": 0.5333, "name": null },
					{ "time": 1, "name": null }
				]
			},
			"K_xj_zc_0008_": {
				"attachment": [
					{ "time": 0, "name": null },
					{ "time": 0.5333, "name": "K_xj_zc_0008_" },
					{ "time": 0.6, "name": null },
					{ "time": 1, "name": null }
				]
			},
			"K_xj_zc_0009_": {
				"attachment": [
					{ "time": 0, "name": null },
					{ "time": 0.6, "name": "K_xj_zc_0009_" },
					{ "time": 0.6666, "name": null },
					{ "time": 1, "name": null }
				]
			},
			"K_xj_zc_0010_": {
				"attachment": [
					{ "time": 0, "name": null },
					{ "time": 0.6666, "name": "K_xj_zc_0010_" },
					{ "time": 0.7333, "name": null },
					{ "time": 1, "name": null }
				]
			},
			"K_xj_zc_0011_": {
				"attachment": [
					{ "time": 0, "name": null },
					{ "time": 0.7333, "name": "K_xj_zc_0011_" },
					{ "time": 0.8, "name": null },
					{ "time": 1, "name": null }
				]
			},
			"K_xj_zc_0012_": {
				"attachment": [
					{ "time": 0, "name": null },
					{ "time": 0.8, "name": "K_xj_zc_0012_" },
					{ "time": 0.8666, "name": null },
					{ "time": 1, "name": null }
				]
			},
			"K_xj_zc_0013_": {
				"attachment": [
					{ "time": 0, "name": null },
					{ "time": 0.8666, "name": "K_xj_zc_0013_" },
					{ "time": 0.9333, "name": null },
					{ "time": 1, "name": null }
				]
			},
			"K_xj_zc_0014_": {
				"attachment": [
					{ "time": 0, "name": null },
					{ "time": 0.9333, "name": "K_xj_zc_0014_" },
					{ "time": 1, "name": null }
				]
			},
			"K_xj_zc_0015_": {
				"attachment": [
					{ "time": 0, "name": null },
					{ "time": 1, "name": "K_xj_zc_0015_" }
				]
			}
		},
		"bones": {
			"root": {
				"scale": [
					{ "time": 0, "x": -1, "y": 1 }
				]
			}
		}
	},
	"walk_1": {
		"slots": {
			"K_xj_xq_0000_": {
				"attachment": [
					{ "time": 0, "name": "K_xj_xq_0000_" },
					{ "time": 0.0666, "name": null },
					{ "time": 1, "name": null }
				]
			},
			"K_xj_xq_0001_": {
				"attachment": [
					{ "time": 0, "name": null },
					{ "time": 0.0666, "name": "K_xj_xq_0001_" },
					{ "time": 0.1333, "name": null },
					{ "time": 1, "name": null }
				]
			},
			"K_xj_xq_0002_": {
				"attachment": [
					{ "time": 0, "name": null },
					{ "time": 0.1333, "name": "K_xj_xq_0002_" },
					{ "time": 0.2, "name": null },
					{ "time": 1, "name": null }
				]
			},
			"K_xj_xq_0003_": {
				"attachment": [
					{ "time": 0, "name": null },
					{ "time": 0.2, "name": "K_xj_xq_0003_" },
					{ "time": 0.2666, "name": null },
					{ "time": 1, "name": null }
				]
			},
			"K_xj_xq_0004_": {
				"attachment": [
					{ "time": 0, "name": null },
					{ "time": 0.2666, "name": "K_xj_xq_0004_" },
					{ "time": 0.3333, "name": null },
					{ "time": 1, "name": null }
				]
			},
			"K_xj_xq_0005_": {
				"attachment": [
					{ "time": 0, "name": null },
					{ "time": 0.3333, "name": "K_xj_xq_0005_" },
					{ "time": 0.4, "name": null },
					{ "time": 1, "name": null }
				]
			},
			"K_xj_xq_0006_": {
				"attachment": [
					{ "time": 0, "name": null },
					{ "time": 0.4, "name": "K_xj_xq_0006_" },
					{ "time": 0.4666, "name": null },
					{ "time": 1, "name": null }
				]
			},
			"K_xj_xq_0007_": {
				"attachment": [
					{ "time": 0, "name": null },
					{ "time": 0.4666, "name": "K_xj_xq_0007_" },
					{ "time": 0.5333, "name": null },
					{ "time": 1, "name": null }
				]
			},
			"K_xj_xq_0008_": {
				"attachment": [
					{ "time": 0, "name": null },
					{ "time": 0.5333, "name": "K_xj_xq_0008_" },
					{ "time": 0.6, "name": null },
					{ "time": 1, "name": null }
				]
			},
			"K_xj_xq_0009_": {
				"attachment": [
					{ "time": 0, "name": null },
					{ "time": 0.6, "name": "K_xj_xq_0009_" },
					{ "time": 0.6666, "name": null },
					{ "time": 1, "name": null }
				]
			},
			"K_xj_xq_0010_": {
				"attachment": [
					{ "time": 0, "name": null },
					{ "time": 0.6666, "name": "K_xj_xq_0010_" },
					{ "time": 0.7333, "name": null },
					{ "time": 1, "name": null }
				]
			},
			"K_xj_xq_0011_": {
				"attachment": [
					{ "time": 0, "name": null },
					{ "time": 0.7333, "name": "K_xj_xq_0011_" },
					{ "time": 0.8, "name": null },
					{ "time": 1, "name": null }
				]
			},
			"K_xj_xq_0012_": {
				"attachment": [
					{ "time": 0, "name": null },
					{ "time": 0.8, "name": "K_xj_xq_0012_" },
					{ "time": 0.8666, "name": null },
					{ "time": 1, "name": null }
				]
			},
			"K_xj_xq_0013_": {
				"attachment": [
					{ "time": 0, "name": null },
					{ "time": 0.8666, "name": "K_xj_xq_0013_" },
					{ "time": 0.9333, "name": null },
					{ "time": 1, "name": null }
				]
			},
			"K_xj_xq_0014_": {
				"attachment": [
					{ "time": 0, "name": null },
					{ "time": 0.9333, "name": "K_xj_xq_0014_" },
					{ "time": 1, "name": null }
				]
			},
			"K_xj_xq_0015_": {
				"attachment": [
					{ "time": 0, "name": null },
					{ "time": 1, "name": "K_xj_xq_0015_" }
				]
			}
		},
		"bones": {
			"root": {
				"scale": [
					{ "time": 0, "x": -1, "y": 1 }
				]
			}
		}
	},
	"walk_2": {
		"slots": {
			"K_xj_zq_0000_": {
				"attachment": [
					{ "time": 0, "name": "K_xj_zq_0000_" },
					{ "time": 0.0666, "name": null },
					{ "time": 1, "name": null }
				]
			},
			"K_xj_zq_0001_": {
				"attachment": [
					{ "time": 0, "name": null },
					{ "time": 0.0666, "name": "K_xj_zq_0001_" },
					{ "time": 0.1333, "name": null },
					{ "time": 1, "name": null }
				]
			},
			"K_xj_zq_0002_": {
				"attachment": [
					{ "time": 0, "name": null },
					{ "time": 0.1333, "name": "K_xj_zq_0002_" },
					{ "time": 0.2, "name": null },
					{ "time": 1, "name": null }
				]
			},
			"K_xj_zq_0003_": {
				"attachment": [
					{ "time": 0, "name": null },
					{ "time": 0.2, "name": "K_xj_zq_0003_" },
					{ "time": 0.2666, "name": null },
					{ "time": 1, "name": null }
				]
			},
			"K_xj_zq_0004_": {
				"attachment": [
					{ "time": 0, "name": null },
					{ "time": 0.2666, "name": "K_xj_zq_0004_" },
					{ "time": 0.3333, "name": null },
					{ "time": 1, "name": null }
				]
			},
			"K_xj_zq_0005_": {
				"attachment": [
					{ "time": 0, "name": null },
					{ "time": 0.3333, "name": "K_xj_zq_0005_" },
					{ "time": 0.4, "name": null },
					{ "time": 1, "name": null }
				]
			},
			"K_xj_zq_0006_": {
				"attachment": [
					{ "time": 0, "name": null },
					{ "time": 0.4, "name": "K_xj_zq_0006_" },
					{ "time": 0.4666, "name": null },
					{ "time": 1, "name": null }
				]
			},
			"K_xj_zq_0007_": {
				"attachment": [
					{ "time": 0, "name": null },
					{ "time": 0.4666, "name": "K_xj_zq_0007_" },
					{ "time": 0.5333, "name": null },
					{ "time": 1, "name": null }
				]
			},
			"K_xj_zq_0008_": {
				"attachment": [
					{ "time": 0, "name": null },
					{ "time": 0.5333, "name": "K_xj_zq_0008_" },
					{ "time": 0.6, "name": null },
					{ "time": 1, "name": null }
				]
			},
			"K_xj_zq_0009_": {
				"attachment": [
					{ "time": 0, "name": null },
					{ "time": 0.6, "name": "K_xj_zq_0009_" },
					{ "time": 0.6666, "name": null },
					{ "time": 1, "name": null }
				]
			},
			"K_xj_zq_0010_": {
				"attachment": [
					{ "time": 0, "name": null },
					{ "time": 0.6666, "name": "K_xj_zq_0010_" },
					{ "time": 0.7333, "name": null },
					{ "time": 1, "name": null }
				]
			},
			"K_xj_zq_0011_": {
				"attachment": [
					{ "time": 0, "name": null },
					{ "time": 0.7333, "name": "K_xj_zq_0011_" },
					{ "time": 0.8, "name": null },
					{ "time": 1, "name": null }
				]
			},
			"K_xj_zq_0012_": {
				"attachment": [
					{ "time": 0, "name": null },
					{ "time": 0.8, "name": "K_xj_zq_0012_" },
					{ "time": 0.8666, "name": null },
					{ "time": 1, "name": null }
				]
			},
			"K_xj_zq_0013_": {
				"attachment": [
					{ "time": 0, "name": null },
					{ "time": 0.8666, "name": "K_xj_zq_0013_" },
					{ "time": 0.9333, "name": null },
					{ "time": 1, "name": null }
				]
			},
			"K_xj_zq_0014_": {
				"attachment": [
					{ "time": 0, "name": null },
					{ "time": 0.9333, "name": "K_xj_zq_0014_" },
					{ "time": 1, "name": null }
				]
			},
			"K_xj_zq_0015_": {
				"attachment": [
					{ "time": 0, "name": null },
					{ "time": 1, "name": "K_xj_zq_0015_" }
				]
			}
		}
	},
	"walk_3": {
		"slots": {
			"K_xj_xq_0000_": {
				"attachment": [
					{ "time": 0, "name": "K_xj_xq_0000_" },
					{ "time": 0.0666, "name": null },
					{ "time": 1, "name": null }
				]
			},
			"K_xj_xq_0001_": {
				"attachment": [
					{ "time": 0, "name": null },
					{ "time": 0.0666, "name": "K_xj_xq_0001_" },
					{ "time": 0.1333, "name": null },
					{ "time": 1, "name": null }
				]
			},
			"K_xj_xq_0002_": {
				"attachment": [
					{ "time": 0, "name": null },
					{ "time": 0.1333, "name": "K_xj_xq_0002_" },
					{ "time": 0.2, "name": null },
					{ "time": 1, "name": null }
				]
			},
			"K_xj_xq_0003_": {
				"attachment": [
					{ "time": 0, "name": null },
					{ "time": 0.2, "name": "K_xj_xq_0003_" },
					{ "time": 0.2666, "name": null },
					{ "time": 1, "name": null }
				]
			},
			"K_xj_xq_0004_": {
				"attachment": [
					{ "time": 0, "name": null },
					{ "time": 0.2666, "name": "K_xj_xq_0004_" },
					{ "time": 0.3333, "name": null },
					{ "time": 1, "name": null }
				]
			},
			"K_xj_xq_0005_": {
				"attachment": [
					{ "time": 0, "name": null },
					{ "time": 0.3333, "name": "K_xj_xq_0005_" },
					{ "time": 0.4, "name": null },
					{ "time": 1, "name": null }
				]
			},
			"K_xj_xq_0006_": {
				"attachment": [
					{ "time": 0, "name": null },
					{ "time": 0.4, "name": "K_xj_xq_0006_" },
					{ "time": 0.4666, "name": null },
					{ "time": 1, "name": null }
				]
			},
			"K_xj_xq_0007_": {
				"attachment": [
					{ "time": 0, "name": null },
					{ "time": 0.4666, "name": "K_xj_xq_0007_" },
					{ "time": 0.5333, "name": null },
					{ "time": 1, "name": null }
				]
			},
			"K_xj_xq_0008_": {
				"attachment": [
					{ "time": 0, "name": null },
					{ "time": 0.5333, "name": "K_xj_xq_0008_" },
					{ "time": 0.6, "name": null },
					{ "time": 1, "name": null }
				]
			},
			"K_xj_xq_0009_": {
				"attachment": [
					{ "time": 0, "name": null },
					{ "time": 0.6, "name": "K_xj_xq_0009_" },
					{ "time": 0.6666, "name": null },
					{ "time": 1, "name": null }
				]
			},
			"K_xj_xq_0010_": {
				"attachment": [
					{ "time": 0, "name": null },
					{ "time": 0.6666, "name": "K_xj_xq_0010_" },
					{ "time": 0.7333, "name": null },
					{ "time": 1, "name": null }
				]
			},
			"K_xj_xq_0011_": {
				"attachment": [
					{ "time": 0, "name": null },
					{ "time": 0.7333, "name": "K_xj_xq_0011_" },
					{ "time": 0.8, "name": null },
					{ "time": 1, "name": null }
				]
			},
			"K_xj_xq_0012_": {
				"attachment": [
					{ "time": 0, "name": null },
					{ "time": 0.8, "name": "K_xj_xq_0012_" },
					{ "time": 0.8666, "name": null },
					{ "time": 1, "name": null }
				]
			},
			"K_xj_xq_0013_": {
				"attachment": [
					{ "time": 0, "name": null },
					{ "time": 0.8666, "name": "K_xj_xq_0013_" },
					{ "time": 0.9333, "name": null },
					{ "time": 1, "name": null }
				]
			},
			"K_xj_xq_0014_": {
				"attachment": [
					{ "time": 0, "name": null },
					{ "time": 0.9333, "name": "K_xj_xq_0014_" },
					{ "time": 1, "name": null }
				]
			},
			"K_xj_xq_0015_": {
				"attachment": [
					{ "time": 0, "name": null },
					{ "time": 1, "name": "K_xj_xq_0015_" }
				]
			}
		}
	},
	"walk_4": {
		"slots": {
			"K_xj_zc_0000_": {
				"attachment": [
					{ "time": 0, "name": "K_xj_zc_0000_" },
					{ "time": 0.0666, "name": null },
					{ "time": 1, "name": null }
				]
			},
			"K_xj_zc_0001_": {
				"attachment": [
					{ "time": 0, "name": null },
					{ "time": 0.0666, "name": "K_xj_zc_0001_" },
					{ "time": 0.1333, "name": null },
					{ "time": 1, "name": null }
				]
			},
			"K_xj_zc_0002_": {
				"attachment": [
					{ "time": 0, "name": null },
					{ "time": 0.1333, "name": "K_xj_zc_0002_" },
					{ "time": 0.2, "name": null },
					{ "time": 1, "name": null }
				]
			},
			"K_xj_zc_0003_": {
				"attachment": [
					{ "time": 0, "name": null },
					{ "time": 0.2, "name": "K_xj_zc_0003_" },
					{ "time": 0.2666, "name": null },
					{ "time": 1, "name": null }
				]
			},
			"K_xj_zc_0004_": {
				"attachment": [
					{ "time": 0, "name": null },
					{ "time": 0.2666, "name": "K_xj_zc_0004_" },
					{ "time": 0.3333, "name": null },
					{ "time": 1, "name": null }
				]
			},
			"K_xj_zc_0005_": {
				"attachment": [
					{ "time": 0, "name": null },
					{ "time": 0.3333, "name": "K_xj_zc_0005_" },
					{ "time": 0.4, "name": null },
					{ "time": 1, "name": null }
				]
			},
			"K_xj_zc_0006_": {
				"attachment": [
					{ "time": 0, "name": null },
					{ "time": 0.4, "name": "K_xj_zc_0006_" },
					{ "time": 0.4666, "name": null },
					{ "time": 1, "name": null }
				]
			},
			"K_xj_zc_0007_": {
				"attachment": [
					{ "time": 0, "name": null },
					{ "time": 0.4666, "name": "K_xj_zc_0007_" },
					{ "time": 0.5333, "name": null },
					{ "time": 1, "name": null }
				]
			},
			"K_xj_zc_0008_": {
				"attachment": [
					{ "time": 0, "name": null },
					{ "time": 0.5333, "name": "K_xj_zc_0008_" },
					{ "time": 0.6, "name": null },
					{ "time": 1, "name": null }
				]
			},
			"K_xj_zc_0009_": {
				"attachment": [
					{ "time": 0, "name": null },
					{ "time": 0.6, "name": "K_xj_zc_0009_" },
					{ "time": 0.6666, "name": null },
					{ "time": 1, "name": null }
				]
			},
			"K_xj_zc_0010_": {
				"attachment": [
					{ "time": 0, "name": null },
					{ "time": 0.6666, "name": "K_xj_zc_0010_" },
					{ "time": 0.7333, "name": null },
					{ "time": 1, "name": null }
				]
			},
			"K_xj_zc_0011_": {
				"attachment": [
					{ "time": 0, "name": null },
					{ "time": 0.7333, "name": "K_xj_zc_0011_" },
					{ "time": 0.8, "name": null },
					{ "time": 1, "name": null }
				]
			},
			"K_xj_zc_0012_": {
				"attachment": [
					{ "time": 0, "name": null },
					{ "time": 0.8, "name": "K_xj_zc_0012_" },
					{ "time": 0.8666, "name": null },
					{ "time": 1, "name": null }
				]
			},
			"K_xj_zc_0013_": {
				"attachment": [
					{ "time": 0, "name": null },
					{ "time": 0.8666, "name": "K_xj_zc_0013_" },
					{ "time": 0.9333, "name": null },
					{ "time": 1, "name": null }
				]
			},
			"K_xj_zc_0014_": {
				"attachment": [
					{ "time": 0, "name": null },
					{ "time": 0.9333, "name": "K_xj_zc_0014_" },
					{ "time": 1, "name": null }
				]
			},
			"K_xj_zc_0015_": {
				"attachment": [
					{ "time": 0, "name": null },
					{ "time": 1, "name": "K_xj_zc_0015_" }
				]
			}
		}
	},
	"walk_5": {
		"slots": {
			"K_xj_xh_0000_": {
				"attachment": [
					{ "time": 0, "name": "K_xj_xh_0000_" },
					{ "time": 0.0666, "name": null },
					{ "time": 1, "name": null }
				]
			},
			"K_xj_xh_0001_": {
				"attachment": [
					{ "time": 0, "name": null },
					{ "time": 0.0666, "name": "K_xj_xh_0001_" },
					{ "time": 0.1333, "name": null },
					{ "time": 1, "name": null }
				]
			},
			"K_xj_xh_0002_": {
				"attachment": [
					{ "time": 0, "name": null },
					{ "time": 0.1333, "name": "K_xj_xh_0002_" },
					{ "time": 0.2, "name": null },
					{ "time": 1, "name": null }
				]
			},
			"K_xj_xh_0003_": {
				"attachment": [
					{ "time": 0, "name": null },
					{ "time": 0.2, "name": "K_xj_xh_0003_" },
					{ "time": 0.2666, "name": null },
					{ "time": 1, "name": null }
				]
			},
			"K_xj_xh_0004_": {
				"attachment": [
					{ "time": 0, "name": null },
					{ "time": 0.2666, "name": "K_xj_xh_0004_" },
					{ "time": 0.3333, "name": null },
					{ "time": 1, "name": null }
				]
			},
			"K_xj_xh_0005_": {
				"attachment": [
					{ "time": 0, "name": null },
					{ "time": 0.3333, "name": "K_xj_xh_0005_" },
					{ "time": 0.4, "name": null },
					{ "time": 1, "name": null }
				]
			},
			"K_xj_xh_0006_": {
				"attachment": [
					{ "time": 0, "name": null },
					{ "time": 0.4, "name": "K_xj_xh_0006_" },
					{ "time": 0.4666, "name": null },
					{ "time": 1, "name": null }
				]
			},
			"K_xj_xh_0007_": {
				"attachment": [
					{ "time": 0, "name": null },
					{ "time": 0.4666, "name": "K_xj_xh_0007_" },
					{ "time": 0.5333, "name": null },
					{ "time": 1, "name": null }
				]
			},
			"K_xj_xh_0008_": {
				"attachment": [
					{ "time": 0, "name": null },
					{ "time": 0.5333, "name": "K_xj_xh_0008_" },
					{ "time": 0.6, "name": null },
					{ "time": 1, "name": null }
				]
			},
			"K_xj_xh_0009_": {
				"attachment": [
					{ "time": 0, "name": null },
					{ "time": 0.6, "name": "K_xj_xh_0009_" },
					{ "time": 0.6666, "name": null },
					{ "time": 1, "name": null }
				]
			},
			"K_xj_xh_0010_": {
				"attachment": [
					{ "time": 0, "name": null },
					{ "time": 0.6666, "name": "K_xj_xh_0010_" },
					{ "time": 0.7333, "name": null },
					{ "time": 1, "name": null }
				]
			},
			"K_xj_xh_0011_": {
				"attachment": [
					{ "time": 0, "name": null },
					{ "time": 0.7333, "name": "K_xj_xh_0011_" },
					{ "time": 0.8, "name": null },
					{ "time": 1, "name": null }
				]
			},
			"K_xj_xh_0012_": {
				"attachment": [
					{ "time": 0, "name": null },
					{ "time": 0.8, "name": "K_xj_xh_0012_" },
					{ "time": 0.8666, "name": null },
					{ "time": 1, "name": null }
				]
			},
			"K_xj_xh_0013_": {
				"attachment": [
					{ "time": 0, "name": null },
					{ "time": 0.8666, "name": "K_xj_xh_0013_" },
					{ "time": 0.9333, "name": null },
					{ "time": 1, "name": null }
				]
			},
			"K_xj_xh_0014_": {
				"attachment": [
					{ "time": 0, "name": null },
					{ "time": 0.9333, "name": "K_xj_xh_0014_" },
					{ "time": 1, "name": null }
				]
			},
			"K_xj_xh_0015_": {
				"attachment": [
					{ "time": 0, "name": null },
					{ "time": 1, "name": "K_xj_xh_0015_" }
				]
			}
		}
	},
	"walk_6": {
		"slots": {
			"K_xj_zh_0000_": {
				"attachment": [
					{ "time": 0, "name": "K_xj_zh_0000_" },
					{ "time": 0.0666, "name": null },
					{ "time": 1, "name": null }
				]
			},
			"K_xj_zh_0001_": {
				"attachment": [
					{ "time": 0, "name": null },
					{ "time": 0.0666, "name": "K_xj_zh_0001_" },
					{ "time": 0.1333, "name": null },
					{ "time": 1, "name": null }
				]
			},
			"K_xj_zh_0002_": {
				"attachment": [
					{ "time": 0, "name": null },
					{ "time": 0.1333, "name": "K_xj_zh_0002_" },
					{ "time": 0.2, "name": null },
					{ "time": 1, "name": null }
				]
			},
			"K_xj_zh_0003_": {
				"attachment": [
					{ "time": 0, "name": null },
					{ "time": 0.2, "name": "K_xj_zh_0003_" },
					{ "time": 0.2666, "name": null },
					{ "time": 1, "name": null }
				]
			},
			"K_xj_zh_0004_": {
				"attachment": [
					{ "time": 0, "name": null },
					{ "time": 0.2666, "name": "K_xj_zh_0004_" },
					{ "time": 0.3333, "name": null },
					{ "time": 1, "name": null }
				]
			},
			"K_xj_zh_0005_": {
				"attachment": [
					{ "time": 0, "name": null },
					{ "time": 0.3333, "name": "K_xj_zh_0005_" },
					{ "time": 0.4, "name": null },
					{ "time": 1, "name": null }
				]
			},
			"K_xj_zh_0006_": {
				"attachment": [
					{ "time": 0, "name": null },
					{ "time": 0.4, "name": "K_xj_zh_0006_" },
					{ "time": 0.4666, "name": null },
					{ "time": 1, "name": null }
				]
			},
			"K_xj_zh_0007_": {
				"attachment": [
					{ "time": 0, "name": null },
					{ "time": 0.4666, "name": "K_xj_zh_0007_" },
					{ "time": 0.5333, "name": null },
					{ "time": 1, "name": null }
				]
			},
			"K_xj_zh_0008_": {
				"attachment": [
					{ "time": 0, "name": null },
					{ "time": 0.5333, "name": "K_xj_zh_0008_" },
					{ "time": 0.6, "name": null },
					{ "time": 1, "name": null }
				]
			},
			"K_xj_zh_0009_": {
				"attachment": [
					{ "time": 0, "name": null },
					{ "time": 0.6, "name": "K_xj_zh_0009_" },
					{ "time": 0.6666, "name": null },
					{ "time": 1, "name": null }
				]
			},
			"K_xj_zh_0010_": {
				"attachment": [
					{ "time": 0, "name": null },
					{ "time": 0.6666, "name": "K_xj_zh_0010_" },
					{ "time": 0.7333, "name": null },
					{ "time": 1, "name": null }
				]
			},
			"K_xj_zh_0011_": {
				"attachment": [
					{ "time": 0, "name": null },
					{ "time": 0.7333, "name": "K_xj_zh_0011_" },
					{ "time": 0.8, "name": null },
					{ "time": 1, "name": null }
				]
			},
			"K_xj_zh_0012_": {
				"attachment": [
					{ "time": 0, "name": null },
					{ "time": 0.8, "name": "K_xj_zh_0012_" },
					{ "time": 0.8666, "name": null },
					{ "time": 1, "name": null }
				]
			},
			"K_xj_zh_0013_": {
				"attachment": [
					{ "time": 0, "name": null },
					{ "time": 0.8666, "name": "K_xj_zh_0013_" },
					{ "time": 0.9333, "name": null },
					{ "time": 1, "name": null }
				]
			},
			"K_xj_zh_0014_": {
				"attachment": [
					{ "time": 0, "name": null },
					{ "time": 0.9333, "name": "K_xj_zh_0014_" },
					{ "time": 1, "name": null }
				]
			},
			"K_xj_zh_0015_": {
				"attachment": [
					{ "time": 0, "name": null },
					{ "time": 1, "name": "K_xj_zh_0015_" }
				]
			}
		}
	},
	"walk_7": {
		"slots": {
			"K_xj_xh_0000_": {
				"attachment": [
					{ "time": 0, "name": "K_xj_xh_0000_" },
					{ "time": 0.0666, "name": null },
					{ "time": 1, "name": null }
				]
			},
			"K_xj_xh_0001_": {
				"attachment": [
					{ "time": 0, "name": null },
					{ "time": 0.0666, "name": "K_xj_xh_0001_" },
					{ "time": 0.1333, "name": null },
					{ "time": 1, "name": null }
				]
			},
			"K_xj_xh_0002_": {
				"attachment": [
					{ "time": 0, "name": null },
					{ "time": 0.1333, "name": "K_xj_xh_0002_" },
					{ "time": 0.2, "name": null },
					{ "time": 1, "name": null }
				]
			},
			"K_xj_xh_0003_": {
				"attachment": [
					{ "time": 0, "name": null },
					{ "time": 0.2, "name": "K_xj_xh_0003_" },
					{ "time": 0.2666, "name": null },
					{ "time": 1, "name": null }
				]
			},
			"K_xj_xh_0004_": {
				"attachment": [
					{ "time": 0, "name": null },
					{ "time": 0.2666, "name": "K_xj_xh_0004_" },
					{ "time": 0.3333, "name": null },
					{ "time": 1, "name": null }
				]
			},
			"K_xj_xh_0005_": {
				"attachment": [
					{ "time": 0, "name": null },
					{ "time": 0.3333, "name": "K_xj_xh_0005_" },
					{ "time": 0.4, "name": null },
					{ "time": 1, "name": null }
				]
			},
			"K_xj_xh_0006_": {
				"attachment": [
					{ "time": 0, "name": null },
					{ "time": 0.4, "name": "K_xj_xh_0006_" },
					{ "time": 0.4666, "name": null },
					{ "time": 1, "name": null }
				]
			},
			"K_xj_xh_0007_": {
				"attachment": [
					{ "time": 0, "name": null },
					{ "time": 0.4666, "name": "K_xj_xh_0007_" },
					{ "time": 0.5333, "name": null },
					{ "time": 1, "name": null }
				]
			},
			"K_xj_xh_0008_": {
				"attachment": [
					{ "time": 0, "name": null },
					{ "time": 0.5333, "name": "K_xj_xh_0008_" },
					{ "time": 0.6, "name": null },
					{ "time": 1, "name": null }
				]
			},
			"K_xj_xh_0009_": {
				"attachment": [
					{ "time": 0, "name": null },
					{ "time": 0.6, "name": "K_xj_xh_0009_" },
					{ "time": 0.6666, "name": null },
					{ "time": 1, "name": null }
				]
			},
			"K_xj_xh_0010_": {
				"attachment": [
					{ "time": 0, "name": null },
					{ "time": 0.6666, "name": "K_xj_xh_0010_" },
					{ "time": 0.7333, "name": null },
					{ "time": 1, "name": null }
				]
			},
			"K_xj_xh_0011_": {
				"attachment": [
					{ "time": 0, "name": null },
					{ "time": 0.7333, "name": "K_xj_xh_0011_" },
					{ "time": 0.8, "name": null },
					{ "time": 1, "name": null }
				]
			},
			"K_xj_xh_0012_": {
				"attachment": [
					{ "time": 0, "name": null },
					{ "time": 0.8, "name": "K_xj_xh_0012_" },
					{ "time": 0.8666, "name": null },
					{ "time": 1, "name": null }
				]
			},
			"K_xj_xh_0013_": {
				"attachment": [
					{ "time": 0, "name": null },
					{ "time": 0.8666, "name": "K_xj_xh_0013_" },
					{ "time": 0.9333, "name": null },
					{ "time": 1, "name": null }
				]
			},
			"K_xj_xh_0014_": {
				"attachment": [
					{ "time": 0, "name": null },
					{ "time": 0.9333, "name": "K_xj_xh_0014_" },
					{ "time": 1, "name": null }
				]
			},
			"K_xj_xh_0015_": {
				"attachment": [
					{ "time": 0, "name": null },
					{ "time": 1, "name": "K_xj_xh_0015_" }
				]
			}
		},
		"bones": {
			"root": {
				"scale": [
					{ "time": 0, "x": -1, "y": 1 }
				]
			}
		}
	}
}
}