{
"skeleton": { "hash": "nMCb7SIOgUnv7Z5xHzrY6e9yoIM", "spine": "3.7.94", "width": 145, "height": 145, "images": "./images/", "audio": "" },
"bones": [
	{ "name": "root" }
],
"slots": [
	{ "name": "tangguo", "bone": "root", "attachment": "tangguo_" }
],
"skins": {
	"default": {
		"tangguo": {
			"tangguo_": { "x": -2.5, "y": 34.5, "width": 145, "height": 145 }
		}
	}
},
"animations": {
	"dj": {
		"slots": {
			"tangguo": {
				"attachment": [
					{ "time": 0, "name": "tangguo_" }
				]
			}
		}
	}
}
}