{
"skeleton": { "hash": "f58Quo9bwodpvaBdWLSBCLOqxC0", "spine": "3.7.94", "width": 266.92, "height": 87.02 },
"bones": [
	{ "name": "root" },
	{ "name": "bone2", "parent": "root", "x": -89.09, "y": 15.1 },
	{ "name": "nengliqiu_1", "parent": "bone2", "rotation": 90, "x": 0.63, "y": -30.32, "scaleX": 0.595 },
	{
		"name": "nengliqiu_2",
		"parent": "bone2",
		"rotation": -46.69,
		"x": 22.66,
		"y": -7.89,
		"scaleX": 0.798,
		"scaleY": 0.798
	},
	{
		"name": "nengliqiu_3",
		"parent": "bone2",
		"rotation": -51.19,
		"x": -34.93,
		"y": 19.35,
		"scaleX": 0.798,
		"scaleY": 0.798
	},
	{ "name": "star_1", "parent": "root", "x": -112.34, "y": 57.35 },
	{ "name": "star_2", "parent": "root", "x": -67.78, "y": 50.24 },
	{ "name": "star_3", "parent": "root", "x": -137.46, "y": 12.32 },
	{ "name": "star_4", "parent": "root", "x": -110.44, "y": -14.22 },
	{ "name": "star_5", "parent": "root", "x": -57.25, "y": 8.09 },
	{ "name": "star_6", "parent": "root", "x": -128.73, "y": 26.74 },
	{ "name": "sg", "parent": "root" },
	{ "name": "ying", "parent": "root", "x": -88.7, "y": -12.99 },
	{ "name": "z", "parent": "bone2", "x": 89.09, "y": -15.1 },
	{
		"name": "nengliqiu_4",
		"parent": "root",
		"rotation": -129.62,
		"x": 31.75,
		"y": 30.24,
		"scaleX": 0.798,
		"scaleY": 0.798
	},
	{
		"name": "nengliqiu_5",
		"parent": "root",
		"rotation": -90.09,
		"x": -28.94,
		"y": -11.48,
		"scaleX": 0.615,
		"scaleY": 0.798
	},
	{ "name": "ss", "parent": "bone2", "x": 89.09, "y": -15.1 },
	{ "name": "star_7", "parent": "root", "x": -125.62, "y": 33.45 }
],
"slots": [
	{ "name": "di_", "bone": "root", "attachment": "di_" },
	{ "name": "zi_", "bone": "root", "blend": "additive" },
	{ "name": "zuanshi_1", "bone": "bone2", "attachment": "zuanshi_" },
	{ "name": "zuanshi_2", "bone": "bone2", "color": "eaf2ffff", "attachment": "zuanshi_" },
	{ "name": "nengliqiu_1", "bone": "nengliqiu_1", "blend": "screen" },
	{ "name": "nengliqiu_2", "bone": "nengliqiu_2", "color": "ffffff89", "blend": "additive" },
	{ "name": "nengliqiu_3", "bone": "nengliqiu_3", "blend": "screen" },
	{ "name": "nengliqiu_4", "bone": "nengliqiu_4", "color": "0051ffff", "blend": "additive" },
	{ "name": "nengliqiu_5", "bone": "nengliqiu_5", "blend": "additive" },
	{ "name": "star_1", "bone": "star_1", "blend": "additive" },
	{ "name": "star_7", "bone": "star_7", "blend": "screen" },
	{ "name": "star_2", "bone": "star_2", "blend": "additive" },
	{ "name": "star_3", "bone": "star_3", "blend": "additive" },
	{ "name": "star_4", "bone": "star_4", "blend": "additive" },
	{ "name": "star_5", "bone": "star_5", "blend": "additive" },
	{ "name": "star_6", "bone": "star_6", "blend": "screen" },
	{ "name": "sg0_", "bone": "sg", "blend": "additive" },
	{ "name": "sg1_", "bone": "sg", "blend": "additive" },
	{ "name": "sg2_", "bone": "sg", "blend": "additive" },
	{ "name": "sg3_", "bone": "sg", "blend": "additive" },
	{ "name": "sg4_", "bone": "sg", "blend": "additive" },
	{ "name": "sg5_", "bone": "sg", "blend": "additive" },
	{ "name": "sg6_", "bone": "sg", "blend": "additive" },
	{ "name": "ying0_", "bone": "ying", "blend": "additive" },
	{ "name": "ying1_", "bone": "ying", "blend": "additive" },
	{ "name": "ying2_", "bone": "ying", "blend": "additive" },
	{ "name": "ying3_", "bone": "ying", "blend": "additive" },
	{ "name": "ying4_", "bone": "ying", "blend": "additive" },
	{ "name": "ying5_", "bone": "ying", "blend": "additive" },
	{ "name": "ying6_", "bone": "ying", "blend": "additive" },
	{ "name": "ying7_", "bone": "ying", "blend": "additive" },
	{ "name": "ying8_", "bone": "ying", "blend": "additive" },
	{ "name": "ying9_", "bone": "ying", "blend": "additive" },
	{ "name": "z00_", "bone": "z", "blend": "screen" },
	{ "name": "z01_", "bone": "z", "blend": "screen" },
	{ "name": "z02_", "bone": "z", "blend": "screen" },
	{ "name": "z03_", "bone": "z", "blend": "screen" },
	{ "name": "z04_", "bone": "z", "blend": "screen" },
	{ "name": "z05_", "bone": "z", "blend": "screen" },
	{ "name": "z06_", "bone": "z", "blend": "screen" },
	{ "name": "z07_", "bone": "z", "blend": "screen" },
	{ "name": "z08_", "bone": "z", "blend": "screen" },
	{ "name": "z09_", "bone": "z", "blend": "screen" },
	{ "name": "z10_", "bone": "z", "blend": "screen" },
	{ "name": "z11_", "bone": "z", "blend": "screen" },
	{ "name": "z12_", "bone": "z", "blend": "screen" },
	{ "name": "z13_", "bone": "z", "blend": "screen" },
	{ "name": "z14_", "bone": "z", "blend": "screen" },
	{ "name": "z15_", "bone": "z", "blend": "screen" },
	{ "name": "z16_", "bone": "z", "blend": "screen" },
	{ "name": "z17_", "bone": "z", "blend": "screen" },
	{ "name": "ss00_", "bone": "ss", "blend": "additive" },
	{ "name": "ss01_", "bone": "ss", "blend": "additive" },
	{ "name": "ss02_", "bone": "ss", "blend": "additive" },
	{ "name": "ss03_", "bone": "ss", "blend": "additive" },
	{ "name": "ss04_", "bone": "ss", "blend": "additive" },
	{ "name": "ss05_", "bone": "ss", "blend": "additive" },
	{ "name": "ss06_", "bone": "ss", "blend": "additive" },
	{ "name": "ss07_", "bone": "ss", "blend": "additive" },
	{ "name": "ss08_", "bone": "ss", "blend": "additive" },
	{ "name": "ss09_", "bone": "ss", "blend": "additive" }
],
"skins": {
	"default": {
		"di_": {
			"di_": { "x": 18.46, "y": 20.02, "width": 221, "height": 86 }
		},
		"nengliqiu_1": {
			"nengliqiu_": {
				"x": 0.51,
				"y": 2.07,
				"scaleX": 0.864,
				"scaleY": 0.864,
				"rotation": 1.75,
				"width": 109,
				"height": 109
			}
		},
		"nengliqiu_2": {
			"nengliqiu_": { "x": -1.17, "y": 1.45, "rotation": -2.18, "width": 109, "height": 109 }
		},
		"nengliqiu_3": {
			"nengliqiu_": { "rotation": -2.18, "width": 109, "height": 109 }
		},
		"nengliqiu_4": {
			"nengliqiu_": { "x": -0.79, "y": 7.57, "scaleX": 0.688, "rotation": 26.58, "width": 109, "height": 109 }
		},
		"nengliqiu_5": {
			"nengliqiu_": { "x": -2.22, "y": -0.24, "scaleX": 0.688, "rotation": -5.8, "width": 109, "height": 109 }
		},
		"sg0_": {
			"sg0_": { "x": 18.86, "y": 11.89, "width": 245, "height": 123 }
		},
		"sg1_": {
			"sg1_": { "x": 18.86, "y": 11.89, "width": 245, "height": 123 }
		},
		"sg2_": {
			"sg2_": { "x": 18.86, "y": 11.89, "width": 245, "height": 123 }
		},
		"sg3_": {
			"sg3_": { "x": 18.86, "y": 11.89, "width": 245, "height": 123 }
		},
		"sg4_": {
			"sg4_": { "x": 18.86, "y": 11.89, "width": 245, "height": 123 }
		},
		"sg5_": {
			"sg5_": { "x": 18.86, "y": 11.89, "width": 245, "height": 123 }
		},
		"sg6_": {
			"sg6_": { "x": 18.86, "y": 11.89, "width": 245, "height": 123 }
		},
		"ss00_": {
			"ss00_": { "x": -89.3, "y": 14.43, "width": 102, "height": 74 }
		},
		"ss01_": {
			"ss01_": { "x": -89.3, "y": 14.43, "width": 102, "height": 74 }
		},
		"ss02_": {
			"ss02_": { "x": -89.3, "y": 14.43, "width": 102, "height": 74 }
		},
		"ss03_": {
			"ss03_": { "x": -89.3, "y": 14.43, "width": 102, "height": 74 }
		},
		"ss04_": {
			"ss04_": { "x": -89.3, "y": 14.43, "width": 102, "height": 74 }
		},
		"ss05_": {
			"ss05_": { "x": -89.3, "y": 14.43, "width": 102, "height": 74 }
		},
		"ss06_": {
			"ss06_": { "x": -89.3, "y": 14.43, "width": 102, "height": 74 }
		},
		"ss07_": {
			"ss07_": { "x": -89.3, "y": 14.43, "width": 102, "height": 74 }
		},
		"ss08_": {
			"ss08_": { "x": -89.3, "y": 14.43, "width": 102, "height": 74 }
		},
		"ss09_": {
			"ss09_": { "x": -89.3, "y": 14.43, "width": 102, "height": 74 }
		},
		"star_1": {
			"star_": { "width": 43, "height": 53 }
		},
		"star_2": {
			"star_": { "width": 43, "height": 53 }
		},
		"star_3": {
			"star_": { "width": 43, "height": 53 }
		},
		"star_4": {
			"star_": { "width": 43, "height": 53 }
		},
		"star_5": {
			"xx_": { "width": 32, "height": 32 }
		},
		"star_6": {
			"xx_": { "width": 32, "height": 32 }
		},
		"star_7": {
			"star_": { "width": 43, "height": 53 }
		},
		"ying0_": {
			"ying0_": { "x": -3.96, "y": -11.3, "width": 105, "height": 40 }
		},
		"ying1_": {
			"ying1_": { "x": -3.96, "y": -11.3, "width": 105, "height": 40 }
		},
		"ying2_": {
			"ying2_": { "x": -3.96, "y": -11.3, "width": 105, "height": 40 }
		},
		"ying3_": {
			"ying3_": { "x": -3.96, "y": -11.3, "width": 105, "height": 40 }
		},
		"ying4_": {
			"ying4_": { "x": -3.96, "y": -11.3, "width": 105, "height": 40 }
		},
		"ying5_": {
			"ying5_": { "x": -3.96, "y": -11.3, "width": 105, "height": 40 }
		},
		"ying6_": {
			"ying6_": { "x": -3.96, "y": -11.3, "width": 105, "height": 40 }
		},
		"ying7_": {
			"ying7_": { "x": -3.96, "y": -11.3, "width": 105, "height": 40 }
		},
		"ying8_": {
			"ying8_": { "x": -3.96, "y": -11.3, "width": 105, "height": 40 }
		},
		"ying9_": {
			"ying9_": { "x": -3.96, "y": -11.3, "width": 105, "height": 40 }
		},
		"z00_": {
			"z00_": { "x": -89.97, "y": 13.39, "width": 99, "height": 70 }
		},
		"z01_": {
			"z01_": { "x": -89.97, "y": 13.39, "width": 99, "height": 70 }
		},
		"z02_": {
			"z02_": { "x": -89.97, "y": 13.39, "width": 99, "height": 70 }
		},
		"z03_": {
			"z03_": { "x": -89.97, "y": 13.39, "width": 99, "height": 70 }
		},
		"z04_": {
			"z04_": { "x": -89.97, "y": 13.39, "width": 99, "height": 70 }
		},
		"z05_": {
			"z05_": { "x": -89.97, "y": 13.39, "width": 99, "height": 70 }
		},
		"z06_": {
			"z06_": { "x": -89.97, "y": 13.39, "width": 99, "height": 70 }
		},
		"z07_": {
			"z07_": { "x": -89.97, "y": 13.39, "width": 99, "height": 70 }
		},
		"z08_": {
			"z08_": { "x": -89.97, "y": 13.39, "width": 99, "height": 70 }
		},
		"z09_": {
			"z09_": { "x": -89.97, "y": 13.39, "width": 99, "height": 70 }
		},
		"z10_": {
			"z10_": { "x": -89.97, "y": 13.39, "width": 99, "height": 70 }
		},
		"z11_": {
			"z11_": { "x": -89.97, "y": 13.39, "width": 99, "height": 70 }
		},
		"z12_": {
			"z12_": { "x": -89.97, "y": 13.39, "width": 99, "height": 70 }
		},
		"z13_": {
			"z13_": { "x": -89.97, "y": 13.39, "width": 99, "height": 70 }
		},
		"z14_": {
			"z14_": { "x": -89.97, "y": 13.39, "width": 99, "height": 70 }
		},
		"z15_": {
			"z15_": { "x": -89.97, "y": 13.39, "width": 99, "height": 70 }
		},
		"z16_": {
			"z16_": { "x": -89.97, "y": 13.39, "width": 99, "height": 70 }
		},
		"z17_": {
			"z17_": { "x": -89.97, "y": 13.39, "width": 99, "height": 70 }
		},
		"zi_": {
			"zi_": { "x": 12.73, "y": 41.4, "width": 87, "height": 41 }
		},
		"zuanshi_1": {
			"zuanshi_": {
				"type": "mesh",
				"uvs": [ 1, 1, 0, 1, 0, 0, 1, 0, 0.41403, 0.31568, 0.57117, 0.32344, 0.71958, 0.31956, 0.82725, 0.3118, 0.9141, 0.31896, 0.48678, 0.90544, 0.06192, 0.31568, 0.14922, 0.31568, 0.27435, 0.32344, 0.25398, 0.12944, 0.53916, 0.12944, 0.7186, 0.60989, 0.61482, 0.57564, 0.53334, 0.54848, 0.43731, 0.55236, 0.35459, 0.55961, 0.25851, 0.60064, 0.3677, 0.11953, 0.67392, 0.11284, 0.89489, 0.30558, 0.64961, 0.11294, 0.79073, 0.20254, 0.83892, 0.38351, 0.85632, 0.41599, 0.78324, 0.51575, 0.75714, 0.50415, 0.67884, 0.60159, 0.65274, 0.69671, 0.6249, 0.67815, 0.81108, 0.26055, 0.7467, 0.20719, 0.69276, 0.15847 ],
				"triangles": [ 3, 24, 2, 22, 24, 3, 21, 2, 24, 14, 21, 24, 13, 2, 21, 25, 35, 22, 3, 25, 22, 34, 35, 25, 23, 33, 25, 3, 23, 25, 7, 33, 23, 10, 2, 13, 11, 10, 13, 4, 21, 14, 8, 23, 3, 6, 35, 34, 34, 25, 33, 6, 34, 33, 12, 13, 21, 12, 21, 4, 11, 13, 12, 35, 5, 14, 4, 14, 5, 24, 22, 35, 35, 14, 24, 5, 35, 6, 26, 7, 23, 8, 27, 26, 8, 26, 23, 6, 26, 29, 7, 6, 33, 26, 6, 7, 29, 26, 27, 28, 29, 27, 17, 4, 5, 18, 4, 17, 19, 12, 4, 19, 4, 18, 29, 16, 5, 29, 5, 6, 17, 5, 16, 20, 11, 12, 20, 12, 19, 30, 16, 29, 15, 30, 29, 15, 29, 28, 32, 16, 30, 31, 32, 30, 31, 30, 15, 32, 9, 18, 17, 32, 18, 32, 17, 16, 9, 32, 31, 10, 1, 2, 20, 1, 10, 20, 10, 11, 8, 3, 0, 27, 8, 0, 28, 27, 0, 15, 28, 0, 31, 15, 0, 9, 31, 0, 19, 18, 9, 20, 19, 9, 1, 20, 9, 1, 9, 0 ],
				"vertices": [ 51.13, -39.1, -48.87, -39.1, -48.87, 35.9, 51.13, 35.9, -7.47, 12.22, 8.25, 11.64, 23.09, 11.93, 33.85, 12.51, 42.54, 11.97, -0.19, -32.01, -42.68, 12.22, -33.95, 12.22, -21.44, 11.64, -23.47, 26.19, 5.04, 26.19, 22.99, -9.85, 12.61, -7.28, 4.46, -5.24, -5.14, -5.53, -13.41, -6.07, -23.02, -9.15, -12.1, 26.93, 18.52, 27.43, 40.62, 12.98, 16.09, 27.43, 30.2, 20.71, 35.02, 7.13, 36.76, 4.7, 29.45, -2.79, 26.84, -1.92, 19.01, -9.22, 16.4, -16.36, 13.62, -14.97, 32.24, 16.35, 25.8, 20.36, 20.4, 24.01 ],
				"hull": 4
			}
		},
		"zuanshi_2": {
			"zuanshi_": { "x": 1.13, "y": -1.6, "width": 100, "height": 75 }
		}
	}
},
"animations": {
	"animation": {
		"slots": {
			"nengliqiu_1": {
				"color": [
					{ "time": 0, "color": "ffffff00" },
					{ "time": 0.6667, "color": "ffffffff" },
					{ "time": 1.5, "color": "ffffff00" }
				],
				"attachment": [
					{ "time": 0, "name": "nengliqiu_" }
				]
			},
			"nengliqiu_2": {
				"color": [
					{ "time": 0.3667, "color": "8c00ff00" },
					{ "time": 1, "color": "8d00ffdd" },
					{ "time": 1.8333, "color": "8c00ff00" }
				],
				"attachment": [
					{ "time": 0.3667, "name": "nengliqiu_" }
				]
			},
			"nengliqiu_3": {
				"color": [
					{ "time": 0.6, "color": "b1beff00" },
					{ "time": 1.4667, "color": "c2ccffa1" },
					{ "time": 2.3333, "color": "b1beff00" }
				],
				"attachment": [
					{ "time": 0.6, "name": "nengliqiu_" }
				]
			},
			"nengliqiu_4": {
				"color": [
					{ "time": 0, "color": "0051ff00" },
					{ "time": 0.5, "color": "0051ffff", "curve": "stepped" },
					{ "time": 1, "color": "0051ffff" },
					{ "time": 1.6667, "color": "0051ff00" }
				],
				"attachment": [
					{ "time": 0, "name": "nengliqiu_" }
				]
			},
			"nengliqiu_5": {
				"color": [
					{ "time": 0.6667, "color": "5b8fff00" },
					{ "time": 1.5, "color": "d7e3ff6d" },
					{ "time": 2.3333, "color": "5b8fff00" }
				],
				"attachment": [
					{ "time": 0.6667, "name": "nengliqiu_" }
				]
			},
			"sg0_": {
				"color": [
					{ "time": 0, "color": "ffffffff" },
					{ "time": 0.1667, "color": "ffffff00", "curve": "stepped" },
					{ "time": 1, "color": "ffffff00" },
					{ "time": 1.1667, "color": "ffffffff" },
					{ "time": 1.3333, "color": "ffffff00", "curve": "stepped" },
					{ "time": 2.1667, "color": "ffffff00" },
					{ "time": 2.3333, "color": "ffffffff" }
				],
				"attachment": [
					{ "time": 0, "name": "sg0_" }
				]
			},
			"sg1_": {
				"color": [
					{ "time": 0, "color": "ffffff00" },
					{ "time": 0.1667, "color": "ffffffff" },
					{ "time": 0.3333, "color": "ffffff00", "curve": "stepped" },
					{ "time": 1.1667, "color": "ffffff00" },
					{ "time": 1.3333, "color": "ffffffff" },
					{ "time": 1.5, "color": "ffffff00" }
				],
				"attachment": [
					{ "time": 0, "name": "sg1_" }
				]
			},
			"sg2_": {
				"color": [
					{ "time": 0, "color": "ffffff00", "curve": "stepped" },
					{ "time": 0.1667, "color": "ffffff00" },
					{ "time": 0.3333, "color": "ffffffff" },
					{ "time": 0.5, "color": "ffffff00", "curve": "stepped" },
					{ "time": 1.3333, "color": "ffffff00" },
					{ "time": 1.5, "color": "ffffffff" },
					{ "time": 1.6667, "color": "ffffff00" }
				],
				"attachment": [
					{ "time": 0, "name": "sg2_" }
				]
			},
			"sg3_": {
				"color": [
					{ "time": 0, "color": "ffffff00", "curve": "stepped" },
					{ "time": 0.3333, "color": "ffffff00" },
					{ "time": 0.5, "color": "ffffffff" },
					{ "time": 0.6667, "color": "ffffff00", "curve": "stepped" },
					{ "time": 1.5, "color": "ffffff00" },
					{ "time": 1.6667, "color": "ffffffff" },
					{ "time": 1.8333, "color": "ffffff00" }
				],
				"attachment": [
					{ "time": 0, "name": "sg3_" }
				]
			},
			"sg4_": {
				"color": [
					{ "time": 0, "color": "ffffff00", "curve": "stepped" },
					{ "time": 0.5, "color": "ffffff00" },
					{ "time": 0.6667, "color": "ffffffff" },
					{ "time": 0.8333, "color": "ffffff00", "curve": "stepped" },
					{ "time": 1.6667, "color": "ffffff00" },
					{ "time": 1.8333, "color": "ffffffff" },
					{ "time": 2, "color": "ffffff00" }
				],
				"attachment": [
					{ "time": 0, "name": "sg4_" }
				]
			},
			"sg5_": {
				"color": [
					{ "time": 0, "color": "ffffff00", "curve": "stepped" },
					{ "time": 0.6667, "color": "ffffff00" },
					{ "time": 0.8333, "color": "ffffffff" },
					{ "time": 1, "color": "ffffff00", "curve": "stepped" },
					{ "time": 1.8333, "color": "ffffff00" },
					{ "time": 2, "color": "ffffffff" },
					{ "time": 2.1667, "color": "ffffff00" }
				],
				"attachment": [
					{ "time": 0, "name": "sg5_" }
				]
			},
			"sg6_": {
				"color": [
					{ "time": 0, "color": "ffffff00", "curve": "stepped" },
					{ "time": 0.8333, "color": "ffffff00" },
					{ "time": 1, "color": "ffffffff" },
					{ "time": 1.1667, "color": "ffffff00", "curve": "stepped" },
					{ "time": 2, "color": "ffffff00" },
					{ "time": 2.1667, "color": "ffffffff" },
					{ "time": 2.3333, "color": "ffffff00" }
				],
				"attachment": [
					{ "time": 0, "name": "sg6_" }
				]
			},
			"ss00_": {
				"color": [
					{ "time": 0, "color": "ffffff00" },
					{ "time": 0.1667, "color": "ffffffff" },
					{ "time": 0.3333, "color": "ffffff00" }
				],
				"attachment": [
					{ "time": 0, "name": "ss00_" }
				]
			},
			"ss01_": {
				"color": [
					{ "time": 0, "color": "ffffff00", "curve": "stepped" },
					{ "time": 0.1667, "color": "ffffff00" },
					{ "time": 0.3333, "color": "ffffff5b" },
					{ "time": 0.5, "color": "ffffff00" }
				],
				"attachment": [
					{ "time": 0, "name": "ss01_" }
				]
			},
			"ss02_": {
				"color": [
					{ "time": 0, "color": "ffffff00", "curve": "stepped" },
					{ "time": 0.3333, "color": "ffffff00" },
					{ "time": 0.5, "color": "ffffff8e" },
					{ "time": 0.6667, "color": "ffffff00" }
				],
				"attachment": [
					{ "time": 0, "name": "ss02_" }
				]
			},
			"ss03_": {
				"color": [
					{ "time": 0, "color": "ffffff00", "curve": "stepped" },
					{ "time": 0.5, "color": "ffffff00" },
					{ "time": 0.6667, "color": "ffffff33" },
					{ "time": 0.8333, "color": "ffffff00" }
				],
				"attachment": [
					{ "time": 0, "name": "ss03_" }
				]
			},
			"ss04_": {
				"color": [
					{ "time": 0, "color": "ffffff00", "curve": "stepped" },
					{ "time": 0.6667, "color": "ffffff00" },
					{ "time": 0.8333, "color": "ffffff46" },
					{ "time": 1, "color": "ffffff00" }
				],
				"attachment": [
					{ "time": 0, "name": "ss04_" }
				]
			},
			"ss05_": {
				"color": [
					{ "time": 0, "color": "ffffff00", "curve": "stepped" },
					{ "time": 0.8333, "color": "ffffff00" },
					{ "time": 1, "color": "ffffff2c" },
					{ "time": 1.1667, "color": "ffffff00" }
				],
				"attachment": [
					{ "time": 0, "name": "ss05_" }
				]
			},
			"ss06_": {
				"color": [
					{ "time": 0, "color": "ffffff00", "curve": "stepped" },
					{ "time": 1, "color": "ffffff00" },
					{ "time": 1.1667, "color": "ffffff39" },
					{ "time": 1.3333, "color": "ffffff00" }
				],
				"attachment": [
					{ "time": 0, "name": "ss06_" }
				]
			},
			"ss07_": {
				"color": [
					{ "time": 0, "color": "ffffff00", "curve": "stepped" },
					{ "time": 1.1667, "color": "ffffff00" },
					{ "time": 1.3333, "color": "ffffff70" },
					{ "time": 1.5, "color": "ffffff00" }
				],
				"attachment": [
					{ "time": 0, "name": "ss07_" }
				]
			},
			"ss08_": {
				"color": [
					{ "time": 0, "color": "ffffff00", "curve": "stepped" },
					{ "time": 1.3333, "color": "ffffff00" },
					{ "time": 1.5, "color": "ffffffff" },
					{ "time": 1.6667, "color": "ffffff00" }
				],
				"attachment": [
					{ "time": 0, "name": "ss08_" }
				]
			},
			"ss09_": {
				"color": [
					{ "time": 0, "color": "ffffff00", "curve": "stepped" },
					{ "time": 1.5, "color": "ffffff00" },
					{ "time": 1.6667, "color": "ffffffff" },
					{ "time": 1.8333, "color": "ffffff00" }
				],
				"attachment": [
					{ "time": 0, "name": "ss09_" }
				]
			},
			"star_1": {
				"attachment": [
					{ "time": 0, "name": "star_" }
				]
			},
			"star_2": {
				"attachment": [
					{ "time": 0.3333, "name": "star_" }
				]
			},
			"star_3": {
				"attachment": [
					{ "time": 0.5, "name": "star_" }
				]
			},
			"star_4": {
				"attachment": [
					{ "time": 1, "name": "star_" }
				]
			},
			"star_5": {
				"attachment": [
					{ "time": 1.3333, "name": "xx_" }
				]
			},
			"star_6": {
				"attachment": [
					{ "time": 0, "name": "xx_" }
				]
			},
			"star_7": {
				"attachment": [
					{ "time": 0.9333, "name": "star_" }
				]
			},
			"ying0_": {
				"color": [
					{ "time": 0, "color": "ffffffff" },
					{ "time": 0.2333, "color": "ffffff00", "curve": "stepped" },
					{ "time": 2.1, "color": "ffffff00" },
					{ "time": 2.3333, "color": "ffffffff" }
				],
				"attachment": [
					{ "time": 0, "name": "ying0_" }
				]
			},
			"ying1_": {
				"color": [
					{ "time": 0, "color": "ffffff00" },
					{ "time": 0.2333, "color": "ffffffff" },
					{ "time": 0.4667, "color": "ffffff00" }
				],
				"attachment": [
					{ "time": 0, "name": "ying1_" }
				]
			},
			"ying2_": {
				"color": [
					{ "time": 0, "color": "ffffff00", "curve": "stepped" },
					{ "time": 0.2333, "color": "ffffff00" },
					{ "time": 0.4667, "color": "ffffffff" },
					{ "time": 0.7, "color": "ffffff00" }
				],
				"attachment": [
					{ "time": 0, "name": "ying2_" }
				]
			},
			"ying3_": {
				"color": [
					{ "time": 0, "color": "ffffff00", "curve": "stepped" },
					{ "time": 0.4667, "color": "ffffff00" },
					{ "time": 0.7, "color": "ffffffff" },
					{ "time": 0.9333, "color": "ffffff00" }
				],
				"attachment": [
					{ "time": 0, "name": "ying3_" }
				]
			},
			"ying4_": {
				"color": [
					{ "time": 0, "color": "ffffff00", "curve": "stepped" },
					{ "time": 0.7, "color": "ffffff00" },
					{ "time": 0.9333, "color": "ffffffff" },
					{ "time": 1.1667, "color": "ffffff00" }
				],
				"attachment": [
					{ "time": 0, "name": "ying4_" }
				]
			},
			"ying5_": {
				"color": [
					{ "time": 0, "color": "ffffff00", "curve": "stepped" },
					{ "time": 0.9333, "color": "ffffff00" },
					{ "time": 1.1667, "color": "ffffffff" },
					{ "time": 1.4, "color": "ffffff00" }
				],
				"attachment": [
					{ "time": 0, "name": "ying5_" }
				]
			},
			"ying6_": {
				"color": [
					{ "time": 0, "color": "ffffff00", "curve": "stepped" },
					{ "time": 1.1667, "color": "ffffff00" },
					{ "time": 1.4, "color": "ffffffff" },
					{ "time": 1.6333, "color": "ffffff00" }
				],
				"attachment": [
					{ "time": 0, "name": "ying6_" }
				]
			},
			"ying7_": {
				"color": [
					{ "time": 0, "color": "ffffff00", "curve": "stepped" },
					{ "time": 1.4, "color": "ffffff00" },
					{ "time": 1.6333, "color": "ffffffff" },
					{ "time": 1.8667, "color": "ffffff00" }
				],
				"attachment": [
					{ "time": 0, "name": "ying7_" }
				]
			},
			"ying8_": {
				"color": [
					{ "time": 0, "color": "ffffff00", "curve": "stepped" },
					{ "time": 1.6333, "color": "ffffff00" },
					{ "time": 1.8667, "color": "ffffffff" },
					{ "time": 2.1, "color": "ffffff00" }
				],
				"attachment": [
					{ "time": 0, "name": "ying8_" }
				]
			},
			"ying9_": {
				"color": [
					{ "time": 0, "color": "ffffff00", "curve": "stepped" },
					{ "time": 1.8667, "color": "ffffff00" },
					{ "time": 2.1, "color": "ffffffff" },
					{ "time": 2.3333, "color": "ffffff00" }
				],
				"attachment": [
					{ "time": 0, "name": "ying9_" }
				]
			},
			"z00_": {
				"color": [
					{ "time": 0, "color": "ffffffff" },
					{ "time": 0.1333, "color": "ffffff00", "curve": "stepped" },
					{ "time": 2.2, "color": "ffffff00" },
					{ "time": 2.3333, "color": "ffffffff" }
				],
				"attachment": [
					{ "time": 0, "name": "z00_" }
				]
			},
			"z01_": {
				"color": [
					{ "time": 0, "color": "ffffff00" },
					{ "time": 0.1333, "color": "ffffffff" },
					{ "time": 0.2667, "color": "ffffff00" }
				],
				"attachment": [
					{ "time": 0, "name": "z01_" }
				]
			},
			"z02_": {
				"color": [
					{ "time": 0, "color": "ffffff00", "curve": "stepped" },
					{ "time": 0.1333, "color": "ffffff00" },
					{ "time": 0.2667, "color": "ffffffff" },
					{ "time": 0.4, "color": "ffffff00" }
				],
				"attachment": [
					{ "time": 0, "name": "z02_" }
				]
			},
			"z03_": {
				"color": [
					{ "time": 0, "color": "ffffff00", "curve": "stepped" },
					{ "time": 0.2667, "color": "ffffff00" },
					{ "time": 0.4, "color": "ffffffff" },
					{ "time": 0.5333, "color": "ffffff00" }
				],
				"attachment": [
					{ "time": 0, "name": "z03_" }
				]
			},
			"z04_": {
				"color": [
					{ "time": 0, "color": "ffffff00", "curve": "stepped" },
					{ "time": 0.4, "color": "ffffff00" },
					{ "time": 0.5333, "color": "ffffffff" },
					{ "time": 0.6333, "color": "ffffff00" }
				],
				"attachment": [
					{ "time": 0, "name": "z04_" }
				]
			},
			"z05_": {
				"color": [
					{ "time": 0, "color": "ffffff00", "curve": "stepped" },
					{ "time": 0.5333, "color": "ffffff00" },
					{ "time": 0.6333, "color": "ffffffff" },
					{ "time": 0.7667, "color": "ffffff00" }
				],
				"attachment": [
					{ "time": 0, "name": "z05_" }
				]
			},
			"z06_": {
				"color": [
					{ "time": 0, "color": "ffffff00", "curve": "stepped" },
					{ "time": 0.6333, "color": "ffffff00" },
					{ "time": 0.7667, "color": "ffffffff" },
					{ "time": 0.9, "color": "ffffff00" }
				],
				"attachment": [
					{ "time": 0, "name": "z06_" }
				]
			},
			"z07_": {
				"color": [
					{ "time": 0, "color": "ffffff00", "curve": "stepped" },
					{ "time": 0.7667, "color": "ffffff00" },
					{ "time": 0.9, "color": "ffffffff" },
					{ "time": 1.0333, "color": "ffffff00" }
				],
				"attachment": [
					{ "time": 0, "name": "z07_" }
				]
			},
			"z08_": {
				"color": [
					{ "time": 0, "color": "ffffff00", "curve": "stepped" },
					{ "time": 0.9, "color": "ffffff00" },
					{ "time": 1.0333, "color": "ffffffff" },
					{ "time": 1.1667, "color": "ffffff00" }
				],
				"attachment": [
					{ "time": 0, "name": "z08_" }
				]
			},
			"z09_": {
				"color": [
					{ "time": 0, "color": "ffffff00", "curve": "stepped" },
					{ "time": 1.0333, "color": "ffffff00" },
					{ "time": 1.1667, "color": "ffffffff" },
					{ "time": 1.3, "color": "ffffff00" }
				],
				"attachment": [
					{ "time": 0, "name": "z09_" }
				]
			},
			"z10_": {
				"color": [
					{ "time": 0, "color": "ffffff00", "curve": "stepped" },
					{ "time": 1.1667, "color": "ffffff00" },
					{ "time": 1.3, "color": "ffffffff" },
					{ "time": 1.4333, "color": "ffffff00" }
				],
				"attachment": [
					{ "time": 0, "name": "z10_" }
				]
			},
			"z11_": {
				"color": [
					{ "time": 0, "color": "ffffff00", "curve": "stepped" },
					{ "time": 1.3, "color": "ffffff00" },
					{ "time": 1.4333, "color": "ffffffff" },
					{ "time": 1.5667, "color": "ffffff00" }
				],
				"attachment": [
					{ "time": 0, "name": "z11_" }
				]
			},
			"z12_": {
				"color": [
					{ "time": 0, "color": "ffffff00", "curve": "stepped" },
					{ "time": 1.4333, "color": "ffffff00" },
					{ "time": 1.5667, "color": "ffffffff" },
					{ "time": 1.7, "color": "ffffff00" }
				],
				"attachment": [
					{ "time": 0, "name": "z12_" }
				]
			},
			"z13_": {
				"color": [
					{ "time": 0, "color": "ffffff00", "curve": "stepped" },
					{ "time": 1.5667, "color": "ffffff00" },
					{ "time": 1.7, "color": "ffffffff" },
					{ "time": 1.8333, "color": "ffffff00" }
				],
				"attachment": [
					{ "time": 0, "name": "z13_" }
				]
			},
			"z14_": {
				"color": [
					{ "time": 0, "color": "ffffff00", "curve": "stepped" },
					{ "time": 1.7, "color": "ffffff00" },
					{ "time": 1.8333, "color": "ffffffff" },
					{ "time": 1.9333, "color": "ffffff00" }
				],
				"attachment": [
					{ "time": 0, "name": "z14_" }
				]
			},
			"z15_": {
				"color": [
					{ "time": 0, "color": "ffffff00", "curve": "stepped" },
					{ "time": 1.8333, "color": "ffffff00" },
					{ "time": 1.9333, "color": "ffffffff" },
					{ "time": 2.0667, "color": "ffffff00" }
				],
				"attachment": [
					{ "time": 0, "name": "z15_" }
				]
			},
			"z16_": {
				"color": [
					{ "time": 0, "color": "ffffff00", "curve": "stepped" },
					{ "time": 1.9333, "color": "ffffff00" },
					{ "time": 2.0667, "color": "ffffffff" },
					{ "time": 2.2, "color": "ffffff00" }
				],
				"attachment": [
					{ "time": 0, "name": "z16_" }
				]
			},
			"z17_": {
				"color": [
					{ "time": 0, "color": "ffffff00", "curve": "stepped" },
					{ "time": 2.0667, "color": "ffffff00" },
					{ "time": 2.2, "color": "ffffffff" },
					{ "time": 2.3333, "color": "ffffff00" }
				],
				"attachment": [
					{ "time": 0, "name": "z17_" }
				]
			},
			"zi_": {
				"color": [
					{ "time": 0, "color": "8300ff00" },
					{ "time": 0.5, "color": "8300ffff" },
					{ "time": 1, "color": "8300ff00", "curve": "stepped" },
					{ "time": 1.1667, "color": "8300ff00" },
					{ "time": 1.6667, "color": "8300ffff" },
					{ "time": 2.1667, "color": "8300ff00" }
				],
				"attachment": [
					{ "time": 0, "name": "zi_" }
				]
			},
			"zuanshi_1": {
				"color": [
					{ "time": 0, "color": "ffffff00" },
					{ "time": 1.1667, "color": "ffffffff" },
					{ "time": 2.3333, "color": "ffffff00" }
				]
			},
			"zuanshi_2": {
				"color": [
					{ "time": 0, "color": "ffffffff" },
					{ "time": 1.1667, "color": "ffffff00" },
					{ "time": 2.3333, "color": "ffffffff" }
				]
			}
		},
		"bones": {
			"nengliqiu_2": {
				"translate": [
					{ "time": 0.3667, "x": -2.41, "y": -2.58 },
					{ "time": 1.8333, "x": 7.11, "y": 7.48 }
				],
				"scale": [
					{ "time": 0.3667, "x": 1, "y": 1 },
					{ "time": 1.8333, "x": 1.335, "y": 1 }
				]
			},
			"star_1": {
				"scale": [
					{ "time": 0, "x": 0, "y": 0 },
					{ "time": 0.5, "x": 0.53, "y": 0.53 },
					{ "time": 1, "x": 0, "y": 0 }
				]
			},
			"star_2": {
				"scale": [
					{ "time": 0.3333, "x": 0, "y": 0 },
					{ "time": 0.8333, "x": 0.392, "y": 0.341 },
					{ "time": 1.3333, "x": 0, "y": 0 }
				]
			},
			"star_3": {
				"scale": [
					{ "time": 0.5, "x": 0, "y": 0 },
					{ "time": 1, "x": 0.575, "y": 0.575 },
					{ "time": 1.5, "x": 0, "y": 0 }
				]
			},
			"star_4": {
				"scale": [
					{ "time": 1, "x": 0, "y": 0 },
					{ "time": 1.5, "x": 0.451, "y": 0.451 },
					{ "time": 2, "x": 0, "y": 0 }
				]
			},
			"star_5": {
				"scale": [
					{ "time": 1.3333, "x": 0, "y": 0 },
					{ "time": 1.8333, "x": 1, "y": 1 },
					{ "time": 2.3333, "x": 0, "y": 0 }
				]
			},
			"star_6": {
				"scale": [
					{ "time": 0, "x": 1, "y": 1 },
					{ "time": 0.5, "x": 0, "y": 0, "curve": "stepped" },
					{ "time": 1.8333, "x": 0, "y": 0 },
					{ "time": 2.3333, "x": 1, "y": 1 }
				]
			},
			"nengliqiu_4": {
				"rotate": [
					{ "time": 0, "angle": 25.96 },
					{ "time": 1.6667, "angle": 28.45 }
				],
				"translate": [
					{ "time": 0, "x": 27.37, "y": -6.65 },
					{ "time": 1.6667, "x": -15.86, "y": 4.94 }
				]
			},
			"nengliqiu_5": {
				"translate": [
					{ "time": 0.6667, "x": 0, "y": 0 },
					{ "time": 2.3333, "x": -23.57, "y": 0.04 }
				]
			},
			"bone2": {
				"translate": [
					{ "time": 0, "x": 0, "y": 4.53 },
					{ "time": 1.1667, "x": 0, "y": 0 },
					{ "time": 2.3333, "x": 0, "y": 4.53 }
				]
			},
			"star_7": {
				"scale": [
					{ "time": 0.9333, "x": 0, "y": 0 },
					{ "time": 1.4667, "x": 1.093, "y": 1.093 },
					{ "time": 2.1667, "x": 0, "y": 0 }
				]
			}
		},
		"deform": {
			"default": {
				"zuanshi_1": {
					"zuanshi_": [
						{ "time": 0 },
						{
							"time": 2.3333,
							"offset": 8,
							"vertices": [ -12.35399, 0, -14.44198, 0, -13.74599, -0.34799, -8.35199, 0, 0, 0, 0, 0, 0, 0, -10.09199, 0, -10.61398, 0, 0, 0, -16.00798, 0, 0, 0, -6.612, 1.39199, -9.048, 0, -7.30798, 0, -5.74199, 0, 0, 0, -11.30999, 0, 0, 0, 0, 0, -10.09199, 0, 0, 0, -10.09199, 0, 0, 0, 0, 0, -8.00399, 0, -5.046, 0, 0, 0, -3.30598, 0, -11.83199, 0, -11.65798, 0, -10.61398 ]
						}
					]
				}
			}
		}
	}
}
}