{
"skeleton": { "hash": "51W2+YTl21S2MvHYt+2IUFVvALE", "spine": "3.7.94", "width": 1649.99, "height": 900.01 },
"bones": [
	{ "name": "root" },
	{ "name": "bone", "parent": "root", "x": 136, "y": 38, "scaleX": 1.25, "scaleY": 1.25 },
	{ "name": "a", "parent": "bone" },
	{ "name": "b1", "parent": "bone", "x": -359.58, "y": 359.63 },
	{ "name": "b2", "parent": "bone", "x": -119.93, "y": 359.82 },
	{ "name": "b3", "parent": "bone", "x": 122.57, "y": 353.17 },
	{ "name": "b4", "parent": "bone", "x": 124.49, "y": 115.01 },
	{ "name": "b5", "parent": "bone", "x": 121.59, "y": -121.3 },
	{ "name": "b6", "parent": "bone", "x": -118.7, "y": -123.72 },
	{ "name": "b7", "parent": "bone", "x": -359.44, "y": -120.46 },
	{ "name": "b8", "parent": "bone", "x": -358.73, "y": 117.28 },
	{ "name": "c07", "parent": "bone", "x": 362.25, "y": 117.38 },
	{ "name": "c08", "parent": "bone", "x": 361.53, "y": -123.14 },
	{ "name": "c14", "parent": "bone", "x": -594.92, "y": -127.69 },
	{ "name": "c15", "parent": "bone", "x": -599.59, "y": 119.44 },
	{ "name": "c16", "parent": "bone", "x": -599.78, "y": 359.7 }
],
"slots": [
	{ "name": "a_00_", "bone": "a", "attachment": "a_01_" },
	{ "name": "b1_00_", "bone": "b1", "attachment": "b1_01_" },
	{ "name": "b2_00_", "bone": "b2", "attachment": "b2_01_" },
	{ "name": "b3_00_", "bone": "b3", "attachment": "b3_01_" },
	{ "name": "b4_00_", "bone": "b4", "attachment": "b4_01_" },
	{ "name": "b5_00_", "bone": "b5", "attachment": "b5_01_" },
	{ "name": "b7_00_", "bone": "b7", "attachment": "b7_01_" },
	{ "name": "b6_00_", "bone": "b6" },
	{ "name": "b8_00_", "bone": "b8", "attachment": "b8_01_" },
	{ "name": "c07_00_", "bone": "c07", "attachment": "c07_01_" },
	{ "name": "c08_00_", "bone": "c08", "attachment": "c08_01_" },
	{ "name": "c14_00_", "bone": "c14", "attachment": "c14_01_" },
	{ "name": "c15_00_", "bone": "c15", "attachment": "c15_01_" },
	{ "name": "c16_00_", "bone": "c16", "attachment": "c16_01_" }
],
"skins": {
	"default": {
		"a_00_": {
			"a_01_": { "width": 240, "height": 240 },
			"a_02_": { "width": 240, "height": 240 },
			"a_03_": { "width": 240, "height": 240 },
			"a_04_": { "width": 240, "height": 240 },
			"a_05_": { "width": 240, "height": 240 },
			"a_06_": { "width": 240, "height": 240 },
			"a_07_": { "width": 240, "height": 240 },
			"a_08_": { "width": 240, "height": 240 },
			"a_09_": { "width": 240, "height": 240 },
			"a_10_": { "width": 240, "height": 240 },
			"a_11_": { "width": 240, "height": 240 },
			"a_12_": { "width": 240, "height": 240 }
		},
		"b1_00_": {
			"b1_01_": { "x": 119.58, "y": -119.64, "width": 240, "height": 240 },
			"b1_02_": { "x": 119.58, "y": -119.64, "width": 240, "height": 240 },
			"b1_03_": { "x": 119.58, "y": -119.64, "width": 240, "height": 240 },
			"b1_04_": { "x": 119.58, "y": -119.64, "width": 240, "height": 240 },
			"b1_05_": { "x": 119.58, "y": -119.64, "width": 240, "height": 240 },
			"b1_06_": { "x": 119.58, "y": -119.64, "width": 240, "height": 240 },
			"b1_07_": { "x": 119.58, "y": -119.64, "width": 240, "height": 240 },
			"b1_08_": { "x": 119.58, "y": -119.64, "width": 240, "height": 240 },
			"b1_09_": { "x": 119.58, "y": -119.64, "width": 240, "height": 240 },
			"b1_10_": { "x": 119.58, "y": -119.64, "width": 240, "height": 240 },
			"b1_11_": { "x": 119.58, "y": -119.64, "width": 240, "height": 240 },
			"b1_12_": { "x": 119.58, "y": -119.64, "width": 240, "height": 240 }
		},
		"b2_00_": {
			"b2_01_": { "x": 119.95, "y": -119.84, "width": 240, "height": 240 },
			"b2_02_": { "x": 119.95, "y": -119.84, "width": 240, "height": 240 },
			"b2_03_": { "x": 119.95, "y": -119.84, "width": 240, "height": 240 },
			"b2_04_": { "x": 119.95, "y": -119.84, "width": 240, "height": 240 },
			"b2_05_": { "x": 119.95, "y": -119.84, "width": 240, "height": 240 },
			"b2_06_": { "x": 119.95, "y": -119.84, "width": 240, "height": 240 },
			"b2_07_": { "x": 119.95, "y": -119.84, "width": 240, "height": 240 },
			"b2_08_": { "x": 119.95, "y": -119.84, "width": 240, "height": 240 },
			"b2_09_": { "x": 119.95, "y": -119.84, "width": 240, "height": 240 },
			"b2_10_": { "x": 119.95, "y": -119.84, "width": 240, "height": 240 },
			"b2_11_": { "x": 119.95, "y": -119.84, "width": 240, "height": 240 },
			"b2_12_": { "x": 119.95, "y": -119.84, "width": 240, "height": 240 }
		},
		"b3_00_": {
			"b3_01_": { "x": 117.43, "y": -113.17, "width": 240, "height": 240 },
			"b3_02_": { "x": 117.43, "y": -113.17, "width": 240, "height": 240 },
			"b3_03_": { "x": 117.43, "y": -113.17, "width": 240, "height": 240 },
			"b3_04_": { "x": 117.43, "y": -113.17, "width": 240, "height": 240 },
			"b3_05_": { "x": 117.43, "y": -113.17, "width": 240, "height": 240 },
			"b3_06_": { "x": 117.43, "y": -113.17, "scaleX": 2, "scaleY": 2, "width": 120, "height": 120 },
			"b3_07_": { "x": 117.43, "y": -113.17, "scaleX": 2, "scaleY": 2, "width": 120, "height": 120 },
			"b3_08_": { "x": 117.43, "y": -113.17, "scaleX": 2, "scaleY": 2, "width": 120, "height": 120 },
			"b3_09_": { "x": 117.43, "y": -113.17, "scaleX": 2, "scaleY": 2, "width": 120, "height": 120 },
			"b3_10_": { "x": 117.43, "y": -113.17, "width": 240, "height": 240 },
			"b3_11_": { "x": 117.43, "y": -113.17, "width": 240, "height": 240 },
			"b3_12_": { "x": 117.43, "y": -113.17, "width": 240, "height": 240 }
		},
		"b4_00_": {
			"b4_01_": { "x": 115.51, "y": -115.02, "width": 240, "height": 240 },
			"b4_02_": { "x": 115.51, "y": -115.02, "width": 240, "height": 240 },
			"b4_03_": { "x": 115.51, "y": -115.02, "width": 240, "height": 240 },
			"b4_04_": { "x": 115.51, "y": -115.02, "width": 240, "height": 240 },
			"b4_05_": { "x": 115.51, "y": -115.02, "width": 240, "height": 240 },
			"b4_06_": { "x": 115.51, "y": -115.02, "width": 240, "height": 240 },
			"b4_07_": { "x": 115.51, "y": -115.02, "width": 240, "height": 240 },
			"b4_08_": { "x": 115.51, "y": -115.02, "width": 240, "height": 240 },
			"b4_09_": { "x": 115.51, "y": -115.02, "width": 240, "height": 240 },
			"b4_10_": { "x": 115.51, "y": -115.02, "width": 240, "height": 240 },
			"b4_11_": { "x": 115.51, "y": -115.02, "width": 240, "height": 240 },
			"b4_12_": { "x": 115.51, "y": -115.02, "width": 240, "height": 240 }
		},
		"b5_00_": {
			"b5_01_": { "x": 118.41, "y": -118.7, "width": 240, "height": 240 },
			"b5_02_": { "x": 118.41, "y": -118.7, "width": 240, "height": 240 },
			"b5_03_": { "x": 118.41, "y": -118.7, "width": 240, "height": 240 },
			"b5_04_": { "x": 118.41, "y": -118.7, "width": 240, "height": 240 },
			"b5_05_": { "x": 118.41, "y": -118.7, "width": 240, "height": 240 },
			"b5_06_": { "x": 118.41, "y": -118.7, "width": 240, "height": 240 },
			"b5_07_": { "x": 118.41, "y": -118.7, "width": 240, "height": 240 },
			"b5_08_": { "x": 118.41, "y": -118.7, "width": 240, "height": 240 },
			"b5_09_": { "x": 118.41, "y": -118.7, "width": 240, "height": 240 },
			"b5_10_": { "x": 118.41, "y": -118.7, "width": 240, "height": 240 },
			"b5_11_": { "x": 118.41, "y": -118.7, "width": 240, "height": 240 },
			"b5_12_": { "x": 118.41, "y": -118.7, "width": 240, "height": 240 }
		},
		"b6_00_": {
			"b6_01_": { "x": 118.69, "y": -116.28, "width": 240, "height": 240 },
			"b6_02_": { "x": 118.69, "y": -116.28, "width": 240, "height": 240 },
			"b6_03_": { "x": 118.69, "y": -116.28, "width": 240, "height": 240 },
			"b6_04_": { "x": 118.69, "y": -116.28, "width": 240, "height": 240 },
			"b6_05_": { "x": 118.69, "y": -116.28, "width": 240, "height": 240 },
			"b6_06_": { "x": 118.69, "y": -116.28, "width": 240, "height": 240 },
			"b6_07_": { "x": 118.69, "y": -116.28, "width": 240, "height": 240 },
			"b6_08_": { "x": 118.69, "y": -116.28, "width": 240, "height": 240 },
			"b6_09_": { "x": 118.69, "y": -116.28, "width": 240, "height": 240 },
			"b6_10_": { "x": 118.69, "y": -116.28, "width": 240, "height": 240 },
			"b6_11_": { "x": 118.69, "y": -116.28, "width": 240, "height": 240 },
			"b6_12_": { "x": 118.69, "y": -116.28, "width": 240, "height": 240 }
		},
		"b7_00_": {
			"b7_01_": { "x": 119.44, "y": -119.55, "width": 240, "height": 240 },
			"b7_02_": { "x": 119.44, "y": -119.55, "width": 240, "height": 240 },
			"b7_03_": { "x": 119.44, "y": -119.55, "width": 240, "height": 240 },
			"b7_04_": { "x": 119.44, "y": -119.55, "width": 240, "height": 240 },
			"b7_05_": { "x": 119.44, "y": -119.55, "width": 240, "height": 240 },
			"b7_06_": { "x": 119.44, "y": -119.55, "width": 240, "height": 240 },
			"b7_07_": { "x": 119.44, "y": -119.55, "width": 240, "height": 240 },
			"b7_08_": { "x": 119.44, "y": -119.55, "width": 240, "height": 240 },
			"b7_09_": { "x": 119.44, "y": -119.55, "width": 240, "height": 240 },
			"b7_10_": { "x": 119.44, "y": -119.55, "width": 240, "height": 240 },
			"b7_11_": { "x": 119.44, "y": -119.55, "width": 240, "height": 240 },
			"b7_12_": { "x": 119.44, "y": -119.55, "width": 240, "height": 240 }
		},
		"b8_00_": {
			"b8_01_": { "x": 118.73, "y": -117.29, "width": 240, "height": 240 },
			"b8_02_": { "x": 118.73, "y": -117.29, "width": 240, "height": 240 },
			"b8_03_": { "x": 118.73, "y": -117.29, "width": 240, "height": 240 },
			"b8_04_": { "x": 118.73, "y": -117.29, "width": 240, "height": 240 },
			"b8_05_": { "x": 118.73, "y": -117.29, "width": 240, "height": 240 },
			"b8_06_": { "x": 118.73, "y": -117.29, "width": 240, "height": 240 },
			"b8_07_": { "x": 118.73, "y": -117.29, "width": 240, "height": 240 },
			"b8_08_": { "x": 118.73, "y": -117.29, "width": 240, "height": 240 },
			"b8_09_": { "x": 118.73, "y": -117.29, "width": 240, "height": 240 },
			"b8_10_": { "x": 118.73, "y": -117.29, "width": 240, "height": 240 },
			"b8_11_": { "x": 118.73, "y": -117.29, "width": 240, "height": 240 },
			"b8_12_": { "x": 118.73, "y": -117.29, "width": 240, "height": 240 }
		},
		"c07_00_": {
			"c07_01_": { "x": 117.74, "y": -117.39, "width": 240, "height": 240 },
			"c07_02_": { "x": 117.74, "y": -117.39, "width": 240, "height": 240 },
			"c07_03_": { "x": 117.74, "y": -117.39, "width": 240, "height": 240 },
			"c07_04_": { "x": 117.74, "y": -117.39, "width": 240, "height": 240 },
			"c07_05_": { "x": 117.74, "y": -117.39, "width": 240, "height": 240 },
			"c07_06_": { "x": 117.74, "y": -117.39, "width": 240, "height": 240 },
			"c07_07_": { "x": 117.74, "y": -117.39, "scaleX": 2, "scaleY": 2, "width": 120, "height": 120 },
			"c07_08_": { "x": 117.74, "y": -117.39, "scaleX": 2, "scaleY": 2, "width": 120, "height": 120 },
			"c07_09_": { "x": 117.74, "y": -117.39, "scaleX": 2, "scaleY": 2, "width": 120, "height": 120 },
			"c07_10_": { "x": 117.74, "y": -117.39, "scaleX": 2, "scaleY": 2, "width": 120, "height": 120 },
			"c07_11_": { "x": 117.74, "y": -117.39, "width": 240, "height": 240 },
			"c07_12_": { "x": 117.74, "y": -117.39, "width": 240, "height": 240 }
		},
		"c08_00_": {
			"c08_01_": { "x": 118.46, "y": -116.86, "width": 240, "height": 240 },
			"c08_02_": { "x": 118.46, "y": -116.86, "width": 240, "height": 240 },
			"c08_03_": { "x": 118.46, "y": -116.86, "width": 240, "height": 240 },
			"c08_04_": { "x": 118.46, "y": -116.86, "width": 240, "height": 240 },
			"c08_05_": { "x": 118.46, "y": -116.86, "width": 240, "height": 240 },
			"c08_06_": { "x": 118.46, "y": -116.86, "width": 240, "height": 240 },
			"c08_07_": { "x": 118.46, "y": -116.86, "width": 240, "height": 240 },
			"c08_08_": { "x": 118.46, "y": -116.86, "width": 240, "height": 240 },
			"c08_09_": { "x": 118.46, "y": -116.86, "width": 240, "height": 240 },
			"c08_10_": { "x": 118.46, "y": -116.86, "width": 240, "height": 240 },
			"c08_11_": { "x": 118.46, "y": -116.86, "width": 240, "height": 240 },
			"c08_12_": { "x": 118.46, "y": -116.86, "width": 240, "height": 240 }
		},
		"c14_00_": {
			"c14_01_": { "x": 114.93, "y": -112.32, "width": 240, "height": 240 },
			"c14_02_": { "x": 114.93, "y": -112.32, "width": 240, "height": 240 },
			"c14_03_": { "x": 114.93, "y": -112.32, "width": 240, "height": 240 },
			"c14_04_": { "x": 114.93, "y": -112.32, "width": 240, "height": 240 },
			"c14_05_": { "x": 114.93, "y": -112.32, "width": 240, "height": 240 },
			"c14_06_": { "x": 114.93, "y": -112.32, "width": 240, "height": 240 },
			"c14_07_": { "x": 114.93, "y": -112.32, "width": 240, "height": 240 },
			"c14_08_": { "x": 114.93, "y": -112.32, "width": 240, "height": 240 },
			"c14_09_": { "x": 114.93, "y": -112.32, "width": 240, "height": 240 },
			"c14_10_": { "x": 114.93, "y": -112.32, "width": 240, "height": 240 },
			"c14_11_": { "x": 114.93, "y": -112.32, "width": 240, "height": 240 },
			"c14_12_": { "x": 114.93, "y": -112.32, "width": 240, "height": 240 }
		},
		"c15_00_": {
			"c15_01_": { "x": 119.59, "y": -119.44, "scaleX": 2, "scaleY": 2, "width": 240, "height": 240 },
			"c15_02_": { "x": 119.59, "y": -119.44, "width": 240, "height": 240 },
			"c15_03_": { "x": 119.59, "y": -119.44, "width": 240, "height": 240 },
			"c15_04_": { "x": 119.59, "y": -119.44, "width": 240, "height": 240 },
			"c15_05_": { "x": 119.59, "y": -119.44, "scaleX": 2, "scaleY": 2, "width": 120, "height": 120 },
			"c15_06_": { "x": 119.59, "y": -119.44, "scaleX": 2, "scaleY": 2, "width": 120, "height": 120 },
			"c15_07_": { "x": 119.59, "y": -119.44, "scaleX": 2, "scaleY": 2, "width": 120, "height": 120 },
			"c15_08_": { "x": 119.59, "y": -119.44, "scaleX": 2, "scaleY": 2, "width": 120, "height": 120 },
			"c15_09_": { "x": 119.59, "y": -119.44, "scaleX": 2, "scaleY": 2, "width": 120, "height": 120 },
			"c15_10_": { "x": 119.59, "y": -119.44, "width": 240, "height": 240 },
			"c15_11_": { "x": 119.59, "y": -119.44, "width": 240, "height": 240 },
			"c15_12_": { "x": 119.59, "y": -119.44, "width": 240, "height": 240 }
		},
		"c16_00_": {
			"c16_01_": { "x": 119.78, "y": -119.7, "width": 240, "height": 240 },
			"c16_02_": { "x": 119.78, "y": -119.7, "width": 240, "height": 240 },
			"c16_03_": { "x": 119.78, "y": -119.7, "width": 240, "height": 240 },
			"c16_04_": { "x": 119.78, "y": -119.7, "width": 240, "height": 240 },
			"c16_05_": { "x": 119.78, "y": -119.7, "width": 120, "height": 120 },
			"c16_06_": { "x": 119.78, "y": -119.7, "scaleX": 2, "scaleY": 2, "width": 120, "height": 120 },
			"c16_07_": { "x": 119.78, "y": -119.7, "scaleX": 2, "scaleY": 2, "width": 120, "height": 120 },
			"c16_08_": { "x": 119.78, "y": -119.7, "scaleX": 2, "scaleY": 2, "width": 120, "height": 120 },
			"c16_09_": { "x": 119.78, "y": -119.7, "scaleX": 2, "scaleY": 2, "width": 120, "height": 120 },
			"c16_10_": { "x": 119.78, "y": -119.7, "width": 240, "height": 240 },
			"c16_11_": { "x": 119.78, "y": -119.7, "width": 240, "height": 240 },
			"c16_12_": { "x": 119.78, "y": -119.7, "width": 240, "height": 240 }
		}
	}
},
"animations": {
	"animation": {
		"slots": {
			"a_00_": {
				"attachment": [
					{ "time": 0, "name": "a_01_" },
					{ "time": 0.1333, "name": "a_02_" },
					{ "time": 0.2333, "name": "a_03_" },
					{ "time": 0.3333, "name": "a_04_" },
					{ "time": 0.4333, "name": "a_05_" },
					{ "time": 0.5667, "name": "a_06_" },
					{ "time": 0.6667, "name": "a_07_" },
					{ "time": 0.7667, "name": "a_08_" },
					{ "time": 0.9, "name": "a_09_" },
					{ "time": 1, "name": "a_10_" },
					{ "time": 1.1, "name": "a_11_" },
					{ "time": 1.2, "name": "a_12_" },
					{ "time": 1.3, "name": "a_12_" }
				]
			},
			"b1_00_": {
				"attachment": [
					{ "time": 0, "name": "b1_01_" },
					{ "time": 0.1333, "name": "b1_02_" },
					{ "time": 0.2333, "name": "b1_03_" },
					{ "time": 0.3333, "name": "b1_04_" },
					{ "time": 0.4333, "name": "b1_05_" },
					{ "time": 0.5667, "name": "b1_06_" },
					{ "time": 0.6667, "name": "b1_07_" },
					{ "time": 0.7667, "name": "b1_08_" },
					{ "time": 0.9, "name": "b1_09_" },
					{ "time": 1, "name": "b1_10_" },
					{ "time": 1.1, "name": "b1_11_" },
					{ "time": 1.2, "name": "b1_12_" },
					{ "time": 1.3, "name": "b1_12_" }
				]
			},
			"b2_00_": {
				"attachment": [
					{ "time": 0, "name": "b2_01_" },
					{ "time": 0.1333, "name": "b2_02_" },
					{ "time": 0.2333, "name": "b2_03_" },
					{ "time": 0.3333, "name": "b2_04_" },
					{ "time": 0.4333, "name": "b2_05_" },
					{ "time": 0.5667, "name": "b2_06_" },
					{ "time": 0.6667, "name": "b2_07_" },
					{ "time": 0.7667, "name": "b2_08_" },
					{ "time": 0.9, "name": "b2_09_" },
					{ "time": 1, "name": "b2_10_" },
					{ "time": 1.1, "name": "b2_11_" },
					{ "time": 1.2, "name": "b2_12_" },
					{ "time": 1.3, "name": "b2_12_" }
				]
			},
			"b3_00_": {
				"attachment": [
					{ "time": 0, "name": "b3_01_" },
					{ "time": 0.1333, "name": "b3_02_" },
					{ "time": 0.2333, "name": "b3_03_" },
					{ "time": 0.3333, "name": "b3_04_" },
					{ "time": 0.4333, "name": "b3_05_" },
					{ "time": 0.5667, "name": "b3_06_" },
					{ "time": 0.6667, "name": "b3_07_" },
					{ "time": 0.7667, "name": "b3_08_" },
					{ "time": 0.9, "name": "b3_09_" },
					{ "time": 1, "name": "b3_10_" },
					{ "time": 1.1, "name": "b3_11_" },
					{ "time": 1.2, "name": "b3_12_" },
					{ "time": 1.3, "name": "b3_12_" }
				]
			},
			"b4_00_": {
				"attachment": [
					{ "time": 0, "name": "b4_01_" },
					{ "time": 0.1333, "name": "b4_02_" },
					{ "time": 0.2333, "name": "b4_03_" },
					{ "time": 0.3333, "name": "b4_04_" },
					{ "time": 0.4333, "name": "b4_05_" },
					{ "time": 0.5667, "name": "b4_06_" },
					{ "time": 0.6667, "name": "b4_07_" },
					{ "time": 0.7667, "name": "b4_08_" },
					{ "time": 0.9, "name": "b4_09_" },
					{ "time": 1, "name": "b4_10_" },
					{ "time": 1.1, "name": "b4_11_" },
					{ "time": 1.2, "name": "b4_12_" },
					{ "time": 1.3, "name": "b4_12_" }
				]
			},
			"b5_00_": {
				"attachment": [
					{ "time": 0, "name": "b5_01_" },
					{ "time": 0.1333, "name": "b5_02_" },
					{ "time": 0.2333, "name": "b5_03_" },
					{ "time": 0.3333, "name": "b5_04_" },
					{ "time": 0.4333, "name": "b5_05_" },
					{ "time": 0.5667, "name": "b5_06_" },
					{ "time": 0.6667, "name": "b5_07_" },
					{ "time": 0.7667, "name": "b5_08_" },
					{ "time": 0.9, "name": "b5_09_" },
					{ "time": 1, "name": "b5_10_" },
					{ "time": 1.1, "name": "b5_11_" },
					{ "time": 1.2, "name": "b5_12_" },
					{ "time": 1.3, "name": "b5_12_" }
				]
			},
			"b6_00_": {
				"attachment": [
					{ "time": 0, "name": "b6_01_" },
					{ "time": 0.1333, "name": "b6_02_" },
					{ "time": 0.2333, "name": "b6_03_" },
					{ "time": 0.3333, "name": "b6_04_" },
					{ "time": 0.4333, "name": "b6_05_" },
					{ "time": 0.5667, "name": "b6_06_" },
					{ "time": 0.6667, "name": "b6_07_" },
					{ "time": 0.7667, "name": "b6_08_" },
					{ "time": 0.9, "name": "b6_09_" },
					{ "time": 1, "name": "b6_10_" },
					{ "time": 1.1, "name": "b6_11_" },
					{ "time": 1.2, "name": "b6_12_" },
					{ "time": 1.3, "name": "b6_12_" }
				]
			},
			"b7_00_": {
				"attachment": [
					{ "time": 0, "name": "b7_01_" },
					{ "time": 0.1333, "name": "b7_02_" },
					{ "time": 0.2333, "name": "b7_03_" },
					{ "time": 0.3333, "name": "b7_04_" },
					{ "time": 0.4333, "name": "b7_05_" },
					{ "time": 0.5667, "name": "b7_06_" },
					{ "time": 0.6667, "name": "b7_07_" },
					{ "time": 0.7667, "name": "b7_08_" },
					{ "time": 0.9, "name": "b7_09_" },
					{ "time": 1, "name": "b7_10_" },
					{ "time": 1.1, "name": "b7_11_" },
					{ "time": 1.2, "name": "b7_12_" },
					{ "time": 1.3, "name": "b7_12_" }
				]
			},
			"b8_00_": {
				"attachment": [
					{ "time": 0, "name": "b8_01_" },
					{ "time": 0.1333, "name": "b8_02_" },
					{ "time": 0.2333, "name": "b8_03_" },
					{ "time": 0.3333, "name": "b8_04_" },
					{ "time": 0.4333, "name": "b8_05_" },
					{ "time": 0.5667, "name": "b8_06_" },
					{ "time": 0.6667, "name": "b8_07_" },
					{ "time": 0.7667, "name": "b8_08_" },
					{ "time": 0.9, "name": "b8_09_" },
					{ "time": 1, "name": "b8_10_" },
					{ "time": 1.1, "name": "b8_11_" },
					{ "time": 1.2, "name": "b8_12_" },
					{ "time": 1.3, "name": "b8_12_" }
				]
			},
			"c07_00_": {
				"attachment": [
					{ "time": 0, "name": "c07_01_" },
					{ "time": 0.1333, "name": "c07_02_" },
					{ "time": 0.2333, "name": "c07_03_" },
					{ "time": 0.3333, "name": "c07_04_" },
					{ "time": 0.4333, "name": "c07_05_" },
					{ "time": 0.5667, "name": "c07_06_" },
					{ "time": 0.6667, "name": "c07_07_" },
					{ "time": 0.7667, "name": "c07_08_" },
					{ "time": 0.9, "name": "c07_09_" },
					{ "time": 1, "name": "c07_10_" },
					{ "time": 1.1, "name": "c07_11_" },
					{ "time": 1.2, "name": "c07_12_" },
					{ "time": 1.3, "name": "c07_12_" }
				]
			},
			"c08_00_": {
				"attachment": [
					{ "time": 0, "name": "c08_01_" },
					{ "time": 0.1333, "name": "c08_02_" },
					{ "time": 0.2333, "name": "c08_03_" },
					{ "time": 0.3333, "name": "c08_04_" },
					{ "time": 0.4333, "name": "c08_05_" },
					{ "time": 0.5667, "name": "c08_06_" },
					{ "time": 0.6667, "name": "c08_07_" },
					{ "time": 0.7667, "name": "c08_08_" },
					{ "time": 0.9, "name": "c08_09_" },
					{ "time": 1, "name": "c08_10_" },
					{ "time": 1.1, "name": "c08_11_" },
					{ "time": 1.2, "name": "c08_12_" },
					{ "time": 1.3, "name": "c08_12_" }
				]
			},
			"c14_00_": {
				"attachment": [
					{ "time": 0, "name": "c14_01_" },
					{ "time": 0.1333, "name": "c14_02_" },
					{ "time": 0.2333, "name": "c14_03_" },
					{ "time": 0.3333, "name": "c14_04_" },
					{ "time": 0.4333, "name": "c14_05_" },
					{ "time": 0.5667, "name": "c14_06_" },
					{ "time": 0.6667, "name": "c14_07_" },
					{ "time": 0.7667, "name": "c14_08_" },
					{ "time": 0.9, "name": "c14_09_" },
					{ "time": 1, "name": "c14_10_" },
					{ "time": 1.1, "name": "c14_11_" },
					{ "time": 1.2, "name": "c14_12_" },
					{ "time": 1.3, "name": "c14_12_" }
				]
			},
			"c15_00_": {
				"attachment": [
					{ "time": 0, "name": "c15_01_" },
					{ "time": 0.1333, "name": "c15_02_" },
					{ "time": 0.2333, "name": "c15_03_" },
					{ "time": 0.3333, "name": "c15_04_" },
					{ "time": 0.4333, "name": "c15_05_" },
					{ "time": 0.5667, "name": "c15_06_" },
					{ "time": 0.6667, "name": "c15_07_" },
					{ "time": 0.7667, "name": "c15_08_" },
					{ "time": 0.9, "name": "c15_09_" },
					{ "time": 1, "name": "c15_10_" },
					{ "time": 1.1, "name": "c15_11_" },
					{ "time": 1.2, "name": "c15_12_" },
					{ "time": 1.3, "name": "c15_12_" }
				]
			},
			"c16_00_": {
				"attachment": [
					{ "time": 0, "name": "c16_01_" },
					{ "time": 0.1333, "name": "c16_02_" },
					{ "time": 0.2333, "name": "c16_03_" },
					{ "time": 0.3333, "name": "c16_04_" },
					{ "time": 0.4333, "name": "c16_05_" },
					{ "time": 0.5667, "name": "c16_06_" },
					{ "time": 0.6667, "name": "c16_07_" },
					{ "time": 0.7667, "name": "c16_08_" },
					{ "time": 0.9, "name": "c16_09_" },
					{ "time": 1, "name": "c16_10_" },
					{ "time": 1.1, "name": "c16_11_" },
					{ "time": 1.2, "name": "c16_12_" },
					{ "time": 1.3, "name": "c16_12_" }
				]
			}
		}
	}
}
}