{
"skeleton": { "hash": "3B2RvpOFDT6y0Xc0gKeHBgyFmQo", "spine": "3.7.94", "width": 1080, "height": 1747.92, "images": "./images/", "audio": "" },
"bones": [
	{ "name": "root", "x": -12.89 },
	{ "name": "Body02_", "parent": "root", "length": 455.32, "rotation": 87.12, "x": -12.14, "y": 16.88 },
	{ "name": "Body01_", "parent": "Body02_", "length": 259.2, "rotation": -7.63, "x": 453.95, "y": -3.12 },
	{ "name": "Head01_", "parent": "Body01_", "length": 153.22, "rotation": 5.37, "x": 255.64, "y": 2.44 },
	{ "name": "L_kuijia_", "parent": "Body01_", "length": 86.46, "rotation": -121.21, "x": 237.79, "y": -13.32 },
	{ "name": "L_Dabi_", "parent": "L_kuijia_", "length": 169.61, "rotation": -44.14, "x": 86.18, "y": -4.92 },
	{ "name": "L_Xiaobi_", "parent": "L_Dabi_", "length": 148.61, "rotation": 31.8, "x": 180.55, "y": 6.2 },
	{ "name": "L_Hand_", "parent": "L_Xiaobi_", "length": 86.59, "rotation": -1.6, "x": 152.46, "y": -0.63 },
	{ "name": "R_kuijia_", "parent": "Body01_", "length": 168.63, "rotation": 87.69, "x": 249.93, "y": 49.78 },
	{ "name": "R_xiaobi_", "parent": "R_kuijia_", "length": 128.06, "rotation": -37.57, "x": 177.83, "y": 5.58 },
	{ "name": "piaoda03_", "parent": "root", "length": 111.33, "rotation": -18.89, "x": 54.82, "y": 467.78 },
	{ "name": "piaoda03_2", "parent": "piaoda03_", "length": 115.87, "rotation": 25.76, "x": 111.33 },
	{ "name": "piaoda03_3", "parent": "piaoda03_2", "length": 94.46, "rotation": 97.57, "x": 115.87 },
	{ "name": "piaoda03_4", "parent": "piaoda03_3", "length": 96.79, "rotation": 46.42, "x": 94.46 },
	{ "name": "piaoda02_", "parent": "root", "length": 175.43, "rotation": 154.24, "x": -47.74, "y": 516.29 },
	{ "name": "piaoda02_2", "parent": "piaoda02_", "length": 161.49, "rotation": -13.67, "x": 175.43 },
	{ "name": "piaoda02_3", "parent": "piaoda02_2", "length": 179.35, "rotation": -14.06, "x": 161.49 },
	{ "name": "piaoda02_4", "parent": "piaoda02_3", "length": 162.82, "rotation": -48.3, "x": 179.35 },
	{ "name": "Hair08_", "parent": "Head01_", "length": 49.24, "rotation": 80.16, "x": 71.18, "y": 42.11 },
	{ "name": "Hair08_2", "parent": "Hair08_", "length": 62.49, "rotation": 10.68, "x": 49.24 },
	{ "name": "Hair08_3", "parent": "Hair08_2", "length": 38.4, "rotation": 47.18, "x": 62.49 },
	{ "name": "Hair08_4", "parent": "Hair08_3", "length": 41.07, "rotation": 13.43, "x": 38.4 },
	{ "name": "Hair04_", "parent": "Head01_", "length": 63.6, "rotation": -64.51, "x": 92.46, "y": -29.97 },
	{ "name": "Hair04_2", "parent": "Hair04_", "length": 57.42, "rotation": 21.34, "x": 63.6 },
	{ "name": "Hair04_3", "parent": "Hair04_2", "length": 57.29, "rotation": 59.1, "x": 57.42 },
	{ "name": "Hair02_", "parent": "Head01_", "length": 71.88, "rotation": 78.9, "x": 110.3, "y": 40.92 },
	{ "name": "Hair02_2", "parent": "Hair02_", "length": 58.82, "rotation": -31.53, "x": 71.88 },
	{ "name": "Hair02_3", "parent": "Hair02_2", "length": 57.83, "rotation": 57.78, "x": 58.82 },
	{ "name": "Hair03_", "parent": "Head01_", "length": 57.61, "rotation": -27.99, "x": 128.16, "y": 6.88 },
	{ "name": "Hair03_2", "parent": "Hair03_", "length": 53.08, "rotation": 37.48, "x": 57.61 },
	{ "name": "Hair03_3", "parent": "Hair03_2", "length": 62.05, "rotation": 60.75, "x": 53.08 },
	{ "name": "Hair03_4", "parent": "Hair03_3", "length": 85.28, "rotation": -56.97, "x": 62.05 },
	{ "name": "Hair07_", "parent": "Head01_", "length": 80.27, "rotation": -32.4, "x": 105.14, "y": -28.83 },
	{ "name": "Hair07_2", "parent": "Hair07_", "length": 65.98, "rotation": 47.48, "x": 80.27 },
	{ "name": "piaoda01_", "parent": "root", "x": 275.35, "y": 487.54 },
	{ "name": "piaoda01_2", "parent": "root", "x": 419.12, "y": 589.42 },
	{ "name": "piaoda01_3", "parent": "root", "x": 464.4, "y": 782.99 },
	{ "name": "piaoda01_4", "parent": "root", "x": 351.2, "y": 975.43 },
	{ "name": "piaoda01_5", "parent": "root", "x": 131.59, "y": 1075.04 },
	{ "name": "Head01_5", "parent": "Head01_", "length": 59.28, "rotation": 18.94, "x": 141.14, "y": 13.66 },
	{ "name": "Head01_6", "parent": "Head01_5", "length": 67.33, "rotation": 54.64, "x": 59.28 },
	{ "name": "Head01_7", "parent": "Head01_6", "length": 68.28, "rotation": -39.22, "x": 67.33 },
	{ "name": "Hair01_", "parent": "Head01_", "length": 30.79, "rotation": 97.53, "x": 70.42, "y": -51.72 },
	{ "name": "Hair01_2", "parent": "Hair01_", "length": 33.92, "rotation": -24.59, "x": 30.79 },
	{ "name": "Body02_2", "parent": "Body02_", "length": 236.73, "rotation": -117.37, "x": 427.28, "y": -15.62 },
	{ "name": "piaodai04_", "parent": "Body02_2", "length": 185.18, "rotation": 20.19, "x": 233.17, "y": -4.05 },
	{ "name": "target2", "parent": "root", "x": -248.85, "y": 867.54, "color": "ff3f00ff" },
	{ "name": "R_hand_", "parent": "R_xiaobi_", "length": 866.35, "rotation": 151.93, "x": 196.8, "y": -7.95 },
	{ "name": "target1", "parent": "root", "x": -132.27, "y": 71.14, "color": "ff3f00ff" },
	{ "name": "ray_light_", "parent": "root", "x": -84.64, "y": 419.51 },
	{
		"name": "wuqi_glow_",
		"parent": "R_hand_",
		"rotation": 78.12,
		"x": 506.21,
		"y": -22.35,
		"scaleX": 2,
		"scaleY": 2
	},
	{ "name": "smoke_", "parent": "root", "x": 12.89, "scaleX": 4, "scaleY": 4 },
	{ "name": "suipian_", "parent": "root", "x": 12.89, "scaleX": 5.5, "scaleY": 5.5 },
	{ "name": "fazhen", "parent": "root", "x": 12.89, "scaleX": 3.6, "scaleY": 3.6 },
	{ "name": "fazhen_M", "parent": "fazhen" },
	{ "name": "fazhen_in", "parent": "fazhen" },
	{ "name": "fazhen_out", "parent": "fazhen" }
],
"slots": [
	{ "name": "fazhen_M", "bone": "fazhen_M", "attachment": "fazhen_M_000_" },
	{ "name": "fazhen_in", "bone": "fazhen_in", "attachment": "fazhen_in_000_" },
	{ "name": "fazhen_out", "bone": "fazhen_out", "attachment": "fazhen_out_000_" },
	{ "name": "piaodai04_", "bone": "piaodai04_", "attachment": "piaodai04_" },
	{ "name": "piaoda03_", "bone": "piaoda03_", "attachment": "piaoda03_" },
	{ "name": "piaoda02_", "bone": "piaoda02_", "attachment": "piaoda02_" },
	{ "name": "piaoda01_", "bone": "piaoda01_", "attachment": "piaoda01_" },
	{ "name": "L_Hand_", "bone": "L_Hand_", "attachment": "L_Hand_" },
	{ "name": "L_Xiaobi_", "bone": "L_Xiaobi_", "attachment": "L_Xiaobi_" },
	{ "name": "L_Dabi_", "bone": "L_Dabi_", "attachment": "L_Dabi_" },
	{ "name": "Body02_", "bone": "Body02_", "attachment": "Body02_" },
	{ "name": "Body01_", "bone": "Body01_", "attachment": "Body01_" },
	{ "name": "Hair08_", "bone": "Hair08_", "attachment": "Hair08_" },
	{ "name": "Head01_", "bone": "Head01_", "attachment": "Head01_" },
	{ "name": "Hair07_", "bone": "Hair07_", "attachment": "Hair07_" },
	{ "name": "Hair06_", "bone": "Head01_", "attachment": "Hair06_" },
	{ "name": "Hair05_", "bone": "Head01_", "attachment": "Hair05_" },
	{ "name": "Hair04_", "bone": "Hair04_", "attachment": "Hair04_" },
	{ "name": "Hair03_", "bone": "Hair03_", "attachment": "Hair03_" },
	{ "name": "Hair02_", "bone": "Hair02_", "attachment": "Hair02_" },
	{ "name": "Hair01_", "bone": "Hair01_", "attachment": "Hair01_" },
	{ "name": "R_kuijia_", "bone": "R_kuijia_", "attachment": "R_kuijia_" },
	{ "name": "R_xiaobi_", "bone": "R_xiaobi_", "attachment": "R_xiaobi_" },
	{ "name": "R_hand_", "bone": "R_hand_", "attachment": "R_hand_" },
	{ "name": "R_tui_", "bone": "Body02_", "attachment": "R_tui_" },
	{ "name": "L_kuijia_", "bone": "L_kuijia_", "attachment": "L_kuijia_" },
	{ "name": "Wuqi_", "bone": "R_hand_", "attachment": "Wuqi_" },
	{ "name": "smoke_", "bone": "smoke_", "blend": "screen" },
	{ "name": "wuqi_glow_", "bone": "wuqi_glow_", "attachment": "wuqi_glow_", "blend": "screen" },
	{ "name": "TX03_", "bone": "root", "attachment": "TX03_" },
	{ "name": "TX02_", "bone": "root", "attachment": "TX02_" },
	{ "name": "ray_light_", "bone": "ray_light_", "attachment": "ray_light_", "blend": "screen" },
	{ "name": "TX01_", "bone": "root", "attachment": "TX01_" },
	{ "name": "suipian_", "bone": "suipian_", "blend": "additive" }
],
"ik": [
	{
		"name": "target",
		"order": 0,
		"bones": [ "R_xiaobi_" ],
		"target": "target2"
	},
	{
		"name": "target1",
		"order": 1,
		"bones": [ "R_hand_" ],
		"target": "target1"
	}
],
"skins": {
	"default": {
		"Body01_": {
			"Body01_": { "x": 167.98, "y": 6.76, "rotation": -79.48, "width": 383, "height": 381 }
		},
		"Body02_": {
			"Body02_": {
				"x": 327.93,
				"y": 2.04,
				"scaleX": 2,
				"scaleY": 2,
				"rotation": -87.12,
				"width": 463,
				"height": 341
			}
		},
		"Hair01_": {
			"Hair01_": {
				"type": "mesh",
				"uvs": [ 1, 0.53381, 1, 1, 0.86095, 1, 0.71722, 1, 0.53465, 1, 0.37149, 1, 0.18115, 1, 0, 1, 0, 0.48532, 0, 0, 0.18503, 0, 0.35595, 0, 0.53465, 0, 0.71722, 0, 0.86095, 0, 1, 0, 0.53465, 0.52168, 0.7174, 0.52644, 0.85714, 0.53008, 0.3638, 0.51006, 0.18055, 0.4976 ],
				"triangles": [ 5, 16, 4, 6, 19, 5, 5, 19, 16, 7, 20, 6, 6, 20, 19, 7, 8, 20, 19, 12, 16, 19, 20, 11, 20, 10, 11, 19, 11, 12, 20, 8, 10, 8, 9, 10, 2, 0, 1, 0, 2, 18, 2, 3, 18, 18, 3, 17, 3, 4, 17, 0, 18, 15, 18, 14, 15, 18, 17, 14, 16, 13, 17, 17, 13, 14, 4, 16, 17, 16, 12, 13 ],
				"vertices": [ 1, 42, -5.44, -0.03, 1, 1, 42, -4.96, 11.61, 1, 1, 42, 5.88, 11.16, 1, 1, 42, 17.08, 10.69, 1, 2, 42, 31.31, 10.1, 0.504, 43, -3.74, 9.4, 0.496, 1, 43, 8.05, 14.21, 1, 1, 43, 21.79, 19.82, 1, 1, 43, 34.87, 25.16, 1, 1, 43, 39.74, 13.24, 1, 1, 43, 44.32, 2.01, 1, 1, 43, 30.96, -3.44, 1, 1, 43, 18.62, -8.48, 1, 2, 42, 30.27, -14.88, 0.504, 43, 5.71, -13.75, 0.496, 1, 42, 16.04, -14.29, 1, 1, 42, 4.84, -13.82, 1, 1, 42, -6, -13.37, 1, 2, 42, 30.81, -1.85, 0.504, 43, 0.78, -1.67, 0.496, 1, 42, 16.57, -1.14, 1, 1, 42, 5.69, -0.59, 1, 1, 43, 13.23, 3.09, 1, 1, 43, 26.58, 8.21, 1 ],
				"hull": 16,
				"edges": [ 14, 16, 16, 18, 8, 32, 32, 24, 2, 0, 0, 30, 24, 26, 34, 32, 26, 34, 6, 8, 34, 6, 26, 28, 28, 30, 0, 36, 36, 34, 28, 36, 2, 4, 4, 6, 36, 4, 22, 24, 38, 32, 22, 38, 8, 10, 38, 10, 18, 20, 20, 22, 16, 40, 40, 38, 20, 40, 10, 12, 12, 14, 40, 12 ],
				"width": 78,
				"height": 25
			}
		},
		"Hair02_": {
			"Hair02_": {
				"type": "mesh",
				"uvs": [ 1, 0.54149, 1, 0.71037, 1, 0.82036, 1, 0.915, 1, 1, 0.95311, 1, 0.89511, 1, 0.80819, 1, 0.69519, 1, 0.56698, 1, 0, 1, 0, 0.80844, 0, 0.70381, 0, 0.59499, 0, 0, 0.36022, 0, 0.55198, 0, 0.74374, 0, 1, 0, 0.27361, 0.56779, 0.40834, 0.66614, 0.50179, 0.8189, 0.64086, 0.86912, 0.84296, 0.91934, 0.24971, 0.7352, 0.32794, 0.78751, 0.38009, 0.89842, 0.26057, 0.66405, 0.3714, 0.7352, 0.44746, 0.86075, 0.6213, 0.94236, 0.73228, 0.89184, 0.7115, 0.97018, 0.16642, 0.57845, 0.16982, 0.6779, 0.17556, 0.75695, 0.07249, 0.58779, 0.07708, 0.69205, 0.09451, 0.78072, 0.5628, 0.84093, 0.52246, 0.89596, 0.46574, 0.94497, 0.35043, 0.20044, 0.37587, 0.3606, 0.49132, 0.50758, 0.66742, 0.59425, 0.79852, 0.63571, 0.86897, 0.75065, 0.8944, 0.89196, 0.62633, 0.33046, 0.78091, 0.41336, 0.91006, 0.47366, 0.51089, 0.21363, 0.51089, 0.34553, 0.55589, 0.4209, 0.72025, 0.50946, 0.85136, 0.56222, 0.94137, 0.65266, 0.67255, 0.20488, 0.35589, 0.08863, 0.53154, 0.10626, 0.70691, 0.10599, 0.5858, 0.55408, 0.6447, 0.46875, 0.69982, 0.36987, 0.88177, 0.82175, 0.97259, 0.74197, 0.92671, 0.95142 ],
				"triangles": [ 48, 2, 3, 67, 23, 48, 7, 23, 6, 5, 67, 3, 6, 67, 5, 5, 3, 4, 67, 48, 3, 6, 23, 67, 7, 31, 23, 18, 61, 17, 59, 14, 15, 42, 14, 59, 50, 58, 61, 49, 52, 58, 53, 52, 49, 54, 53, 49, 44, 53, 54, 44, 43, 53, 60, 15, 16, 59, 15, 60, 52, 42, 59, 60, 52, 59, 52, 43, 42, 19, 43, 44, 61, 16, 17, 60, 16, 61, 58, 60, 61, 52, 60, 58, 53, 43, 52, 43, 33, 42, 50, 61, 18, 14, 42, 36, 22, 45, 46, 56, 50, 51, 46, 55, 56, 55, 50, 56, 45, 55, 46, 50, 64, 58, 63, 49, 64, 55, 64, 50, 63, 64, 55, 62, 54, 63, 45, 63, 55, 62, 63, 45, 51, 50, 18, 21, 62, 45, 49, 58, 64, 54, 49, 63, 44, 54, 62, 62, 20, 44, 47, 31, 46, 48, 23, 65, 0, 51, 18, 57, 56, 0, 47, 46, 57, 65, 31, 47, 66, 1, 2, 65, 66, 2, 48, 65, 2, 57, 0, 1, 66, 57, 1, 47, 57, 66, 65, 47, 66, 56, 51, 0, 46, 56, 57, 35, 24, 25, 34, 33, 27, 35, 34, 24, 43, 19, 33, 27, 33, 19, 24, 34, 27, 33, 36, 42, 36, 13, 14, 36, 33, 34, 37, 36, 34, 13, 36, 37, 12, 13, 37, 37, 34, 35, 38, 37, 35, 38, 11, 12, 38, 12, 37, 10, 11, 38, 10, 38, 35, 26, 10, 35, 29, 28, 21, 26, 25, 29, 20, 19, 44, 27, 19, 20, 28, 27, 20, 24, 27, 28, 25, 24, 28, 28, 20, 21, 25, 28, 29, 26, 35, 25, 21, 20, 62, 39, 21, 45, 22, 39, 45, 31, 22, 46, 40, 21, 39, 29, 21, 40, 30, 39, 22, 40, 39, 30, 41, 29, 40, 26, 29, 41, 31, 30, 22, 32, 30, 31, 9, 40, 30, 41, 40, 9, 10, 41, 9, 8, 30, 32, 9, 30, 8, 32, 31, 7, 8, 32, 7, 10, 26, 41, 23, 31, 65 ],
				"vertices": [ 1, 39, 54.98, -29.16, 1, 1, 39, 19.56, -20.46, 1, 2, 39, -3.52, -14.8, 0.504, 3, 142.61, -1.48, 0.496, 1, 3, 122.25, -3.31, 1, 1, 3, 103.97, -4.96, 1, 1, 3, 103.09, 4.76, 1, 1, 3, 102.01, 16.77, 1, 1, 3, 100.39, 34.78, 1, 1, 25, 14.63, 15.11, 1, 1, 25, 40.23, 22.57, 1, 1, 27, 66.38, 63.5, 1, 1, 27, 59.19, 22.75, 1, 1, 27, 55.26, 0.5, 1, 1, 27, 51.18, -22.65, 1, 1, 41, 139.55, 54.89, 1, 1, 41, 102.98, -10.5, 1, 1, 41, 83.51, -45.31, 1, 1, 41, 64.04, -80.12, 1, 1, 41, 38.02, -126.64, 1, 2, 26, 71.36, -14.87, 0.496, 27, -5.89, -18.55, 0.504, 1, 26, 36.8, -21.35, 1, 2, 25, 64.19, -11.19, 0.496, 26, -0.7, -13.56, 0.504, 1, 25, 33.39, -8.87, 1, 1, 3, 118.39, 29.14, 1, 2, 26, 47.93, 13.11, 0.496, 27, 5.29, 16.2, 0.504, 1, 26, 28.63, 8.66, 1, 2, 25, 83.69, 12.38, 0.496, 26, 3.6, 16.73, 0.504, 2, 26, 57.79, 1.11, 0.496, 27, 0.39, 1.46, 0.504, 1, 26, 30.92, -5.63, 1, 2, 25, 72.51, 0.65, 0.496, 26, 0.2, 0.88, 0.504, 1, 25, 32.87, 7.46, 1, 1, 25, 13.76, -9.47, 1, 1, 25, 13.17, 7.98, 1, 1, 27, 16.47, -20.15, 1, 1, 27, 19.5, 1.12, 1, 1, 27, 21.29, 18.15, 1, 1, 27, 36.06, -21.56, 1, 1, 27, 39.03, 0.78, 1, 1, 27, 38.79, 20.27, 1, 1, 25, 50.68, -10.17, 1, 1, 25, 55.41, 3.58, 1, 1, 25, 63.78, 17.05, 1, 1, 41, 66.18, 12.41, 1, 1, 41, 33.41, 24.68, 1, 2, 40, 74.82, 18.7, 0.504, 41, -6.02, 19.22, 0.496, 1, 40, 33.87, 22.65, 1, 2, 39, 45.22, 16.39, 0.496, 40, 5.22, 20.95, 0.504, 1, 39, 17.61, 8.08, 1, 2, 39, -13.3, 10.22, 0.504, 3, 125.24, 19.01, 0.496, 2, 40, 62.76, -27.2, 0.504, 41, 13.66, -23.96, 0.496, 1, 40, 26.28, -22.36, 1, 2, 39, 73.67, -14.49, 0.496, 40, -3.49, -20.12, 0.504, 1, 41, 47.41, -15.32, 1, 1, 41, 22.54, -1.42, 1, 2, 40, 69.21, -3.65, 0.504, 41, 3.76, -1.64, 0.496, 1, 40, 30.39, 1.58, 1, 2, 39, 58.01, 1.93, 0.496, 40, 0.84, 2.15, 0.504, 1, 39, 34.57, -11.59, 1, 1, 41, 32.64, -45.59, 1, 1, 41, 86.71, -0.37, 1, 1, 41, 65.55, -30.39, 1, 1, 41, 47.79, -62.26, 1, 1, 40, 52.85, 20.82, 1, 1, 40, 48.23, -0.83, 1, 1, 40, 45.42, -24.9, 1, 1, 39, 2.06, 9.16, 1, 1, 39, 14.29, -13.3, 1, 1, 3, 113.05, 11.17, 1 ],
				"hull": 19,
				"edges": [ 26, 28, 38, 40, 40, 42, 46, 12, 20, 22, 48, 50, 50, 52, 18, 20, 22, 24, 24, 26, 54, 56, 56, 58, 12, 14, 38, 54, 54, 48, 40, 56, 56, 50, 42, 58, 58, 52, 44, 60, 60, 18, 44, 62, 62, 46, 14, 64, 64, 60, 62, 64, 14, 16, 16, 18, 64, 16, 46, 14, 66, 38, 68, 54, 66, 68, 70, 48, 68, 70, 26, 72, 72, 66, 24, 74, 74, 68, 72, 74, 22, 76, 76, 70, 74, 76, 42, 78, 78, 44, 58, 80, 80, 60, 78, 80, 18, 82, 82, 52, 80, 82, 28, 30, 84, 86, 86, 88, 90, 92, 92, 94, 8, 10, 10, 12, 34, 36, 100, 102, 0, 36, 102, 0, 30, 32, 32, 34, 104, 106, 106, 108, 110, 112, 112, 114, 86, 106, 106, 98, 88, 108, 108, 98, 84, 104, 116, 98, 104, 116, 30, 118, 118, 84, 32, 120, 120, 104, 118, 120, 34, 122, 122, 116, 120, 122, 90, 110, 110, 100, 92, 112, 112, 102, 94, 114, 114, 0, 96, 4, 88, 124, 124, 90, 108, 126, 126, 110, 124, 126, 98, 128, 128, 100, 126, 128, 94, 130, 130, 96, 4, 132, 132, 114, 130, 132, 0, 2, 2, 4, 132, 2, 10, 134, 134, 96, 4, 6, 6, 8, 134, 6 ],
				"width": 208,
				"height": 216
			}
		},
		"Hair03_": {
			"Hair03_": {
				"type": "mesh",
				"uvs": [ 1, 0.53946, 1, 0.71464, 1, 0.82928, 1, 1, 0.70256, 1, 0.52033, 1, 0.3442, 1, 0, 1, 0, 0.46398, 0, 0.38272, 0, 0.30763, 0, 0.21301, 0, 0.13641, 0, 0.06432, 0, 0, 0.18825, 0, 0.48122, 0, 1, 0, 0.60067, 0.71909, 0.43906, 0.82627, 0.79039, 0.92136, 0.56203, 0.62701, 0.20367, 0.55003, 0.34772, 0.14095, 0.31258, 0.28737, 0.3688, 0.43379, 0.78336, 0.48965, 0.61471, 0.87835, 0.82095, 0.76871, 0.81745, 0.6005, 0.66364, 0.55845, 0.29661, 0.48335, 0.13931, 0.14092, 0.09037, 0.30462, 0.81995, 0.72063, 0.38094, 0.58811, 0.47708, 0.52027, 0.56054, 0.45963, 0.21051, 0.40874, 0.34779, 0.37908, 0.11804, 0.21207, 0.33072, 0.21178, 0.1641, 0.06952, 0.40664, 0.07874, 0.15219, 0.3582, 0.33021, 0.33327, 0.52215, 0.77116, 0.70945, 0.82799, 0.89821, 0.874, 0.39017, 0.91581, 0.55878, 0.95044 ],
				"triangles": [ 6, 7, 49, 49, 19, 50, 5, 50, 4, 6, 49, 5, 5, 49, 50, 50, 27, 4, 22, 49, 7, 4, 20, 3, 7, 8, 22, 22, 8, 38, 17, 26, 16, 31, 38, 39, 8, 44, 38, 8, 9, 44, 43, 37, 41, 43, 16, 37, 38, 45, 39, 38, 44, 45, 9, 33, 44, 9, 10, 33, 39, 45, 37, 41, 37, 45, 43, 41, 23, 44, 24, 45, 44, 33, 24, 45, 24, 41, 10, 11, 33, 33, 40, 24, 33, 11, 40, 24, 40, 41, 11, 12, 40, 40, 32, 41, 40, 12, 32, 41, 32, 23, 32, 42, 23, 23, 42, 43, 42, 32, 13, 32, 12, 13, 42, 15, 43, 43, 15, 16, 15, 42, 14, 42, 13, 14, 22, 38, 31, 31, 39, 25, 29, 26, 0, 21, 30, 29, 37, 25, 39, 19, 22, 35, 35, 36, 21, 21, 36, 30, 30, 26, 29, 22, 31, 35, 35, 31, 36, 36, 37, 30, 30, 37, 26, 26, 17, 0, 31, 25, 36, 36, 25, 37, 26, 37, 16, 46, 35, 21, 28, 1, 2, 28, 34, 1, 18, 29, 34, 34, 29, 1, 18, 21, 29, 29, 0, 1, 18, 34, 28, 19, 49, 22, 20, 48, 3, 48, 2, 3, 4, 27, 20, 50, 19, 27, 27, 47, 20, 20, 47, 48, 19, 46, 27, 27, 46, 47, 47, 28, 48, 48, 28, 2, 46, 18, 47, 19, 35, 46, 47, 18, 28, 46, 21, 18 ],
				"vertices": [ 2, 29, 60.87, -26.81, 0.536, 30, -19.59, -19.89, 0.464, 4, 28, 83.65, -9.43, 0.0092, 29, 14.93, -23.32, 0.9903, 30, -38.99, 21.9, 5.0E-4, 31, -73.44, -72.77, 0, 2, 28, 58.4, -25.91, 0.496, 29, -15.14, -21.04, 0.504, 1, 3, 122.85, -47.43, 1, 1, 3, 119.84, -13.96, 1, 1, 3, 117.99, 6.55, 1, 1, 3, 116.21, 26.37, 1, 1, 3, 112.72, 65.11, 1, 4, 28, 77.08, 121.23, 0.00765, 29, 89.22, 84.36, 9.9E-4, 30, 91.26, 9.69, 0.11945, 31, 7.8, 29.77, 0.87191, 1, 31, 28.96, 26.75, 1, 1, 31, 48.51, 23.95, 1, 1, 31, 73.14, 20.43, 1, 1, 31, 93.09, 17.59, 1, 1, 31, 111.86, 14.9, 1, 1, 31, 128.6, 12.51, 1, 2, 30, 123.35, -109.95, 0.00745, 31, 125.59, -8.55, 0.99255, 2, 30, 93.33, -123.89, 0.06849, 31, 120.91, -41.32, 0.93151, 2, 30, 40.15, -148.58, 0.17767, 31, 112.62, -99.35, 0.82233, 2, 28, 58, 27.72, 0.504, 29, 17.18, 21.76, 0.496, 1, 28, 24.41, 27.6, 1, 1, 28, 25.17, -19.31, 1, 2, 29, 41.66, 24.28, 0.504, 30, 15.6, 21.83, 0.496, 2, 30, 60.86, 20.52, 0.512, 31, -17.86, 10.19, 0.488, 2, 30, 91.4, -83.92, 0.0388, 31, 86.35, -21.14, 0.9612, 2, 30, 78.78, -47.32, 0.04339, 31, 48.79, -11.77, 0.95661, 2, 30, 56.8, -15.06, 0.512, 31, 9.77, -12.61, 0.488, 2, 29, 75.78, -3.4, 0.168, 30, 8.13, -21.47, 0.832, 1, 28, 23.79, 3.5, 1, 2, 28, 60.68, -0.26, 0.504, 29, 2.28, -2.07, 0.496, 2, 29, 46.42, -5.03, 0.536, 30, -7.64, 3.35, 0.464, 2, 29, 58.77, 11.46, 0.168, 30, 12.78, 0.64, 0.832, 2, 30, 58.71, 0.19, 0.512, 31, -1.98, -2.69, 0.488, 1, 31, 89.69, 2.17, 1, 1, 31, 47.85, 13.73, 1, 2, 29, 14.9, -2.92, 1, 31, -72.12, -52.41, 0, 1, 30, 38.47, 21.17, 1, 1, 30, 36.13, 0.41, 1, 1, 30, 34.29, -18.02, 1, 1, 31, 18.82, 4.17, 1, 2, 30, 65.02, -27.11, 0.14581, 31, 24.35, -12.29, 0.85419, 1, 31, 71.5, 7.2, 1, 2, 30, 85.3, -66.21, 0.04041, 31, 68.18, -16.61, 0.95959, 2, 30, 118.13, -92.22, 0.00434, 31, 107.88, -3.26, 0.99566, 2, 30, 92.25, -101.56, 0.05151, 31, 101.6, -30.05, 0.94849, 1, 31, 32.91, 8.81, 1, 2, 30, 71.89, -37.2, 0.07304, 31, 36.56, -12.03, 0.92696, 1, 28, 41.68, 27.66, 1, 1, 28, 40.74, 1.77, 1, 1, 28, 42.26, -22.71, 1, 1, 3, 138.73, 23.18, 1, 1, 3, 131.37, 3.39, 1 ],
				"hull": 18,
				"edges": [ 12, 14, 6, 8, 8, 40, 6, 4, 36, 42, 14, 16, 44, 16, 32, 34, 0, 34, 52, 0, 8, 10, 10, 12, 58, 60, 28, 30, 30, 32, 66, 48, 66, 20, 24, 64, 64, 46, 50, 62, 62, 44, 52, 60, 60, 42, 42, 58, 58, 0, 36, 56, 56, 4, 38, 54, 54, 40, 56, 68, 68, 58, 36, 68, 0, 2, 2, 4, 68, 2, 42, 70, 70, 44, 60, 72, 72, 62, 70, 72, 50, 74, 74, 52, 72, 74, 62, 76, 16, 76, 78, 50, 76, 78, 20, 22, 22, 24, 64, 80, 80, 66, 22, 80, 46, 82, 82, 48, 80, 82, 24, 26, 26, 28, 30, 84, 84, 64, 26, 84, 32, 86, 86, 46, 84, 86, 16, 18, 18, 20, 66, 88, 88, 76, 18, 88, 48, 90, 90, 78, 88, 90, 36, 92, 92, 38, 54, 94, 94, 56, 92, 94, 4, 96, 96, 40, 94, 96, 12, 98, 98, 38, 10, 100, 100, 54, 98, 100, 100, 8 ],
				"width": 113,
				"height": 263
			}
		},
		"Hair04_": {
			"Hair04_": {
				"type": "mesh",
				"uvs": [ 1, 0.31264, 1, 0.51182, 1, 1, 0.29346, 1, 0, 1, 0, 0.75166, 0, 0, 0.48543, 0, 0.7265, 0, 1, 0, 0.26668, 0.7354, 0.51668, 0.6419, 0.69971, 0.51589, 0.69971, 0.36548, 0.61043, 0.18255, 0.39614, 0.92646, 0.63721, 0.8167, 0.8515, 0.67849, 0.33811, 0.8289, 0.56578, 0.72727, 0.75775, 0.60532, 0.88721, 0.46304, 0.82471, 0.12564, 0.86401, 0.3378 ],
				"triangles": [ 11, 14, 13, 13, 23, 21, 21, 0, 1, 22, 8, 9, 14, 7, 8, 14, 8, 22, 22, 9, 0, 23, 22, 0, 13, 14, 22, 23, 13, 22, 21, 23, 0, 7, 14, 6, 14, 10, 6, 19, 11, 20, 16, 19, 20, 12, 13, 21, 20, 12, 21, 11, 13, 12, 11, 12, 20, 17, 20, 21, 17, 21, 1, 16, 20, 17, 17, 1, 2, 16, 17, 2, 15, 16, 2, 15, 19, 16, 11, 10, 14, 5, 6, 10, 18, 10, 11, 18, 11, 19, 15, 18, 19, 4, 5, 10, 4, 10, 18, 3, 4, 18, 3, 18, 15, 3, 15, 2 ],
				"vertices": [ 2, 23, 73.04, 6.1, 0.136, 24, 13.26, -10.27, 0.864, 2, 23, 56.75, -12.19, 0.48, 24, -10.81, -5.68, 0.52, 2, 22, 100.02, -47, 0.00236, 23, 16.81, -57.03, 0.99764, 1, 22, 25.82, -19.49, 1, 1, 22, -5, -8.06, 1, 1, 22, 5.62, 20.58, 1, 1, 24, 71.99, 92.56, 1, 1, 24, 61.82, 39.15, 1, 1, 24, 56.77, 12.63, 1, 1, 24, 51.03, -17.46, 1, 1, 22, 34.32, 12.07, 1, 2, 22, 64.57, 13.12, 0.488, 23, 5.68, 11.86, 0.512, 2, 23, 31.3, 9.8, 0.872, 24, -5.01, 27.45, 0.128, 2, 23, 43.6, 23.62, 0.48, 24, 13.17, 23.99, 0.52, 1, 24, 37.14, 29.6, 1, 1, 22, 39.75, -15.01, 1, 2, 22, 69.76, -11.74, 0.488, 23, 1.46, -13.17, 0.512, 2, 23, 30.69, -16.44, 0.872, 24, -27.83, 14.49, 0.128, 1, 22, 37.82, -1.5, 1, 2, 22, 66.08, 1.36, 0.488, 23, 2.81, 0.36, 0.512, 2, 23, 28.84, -2.74, 0.872, 24, -17.03, 23.12, 0.128, 2, 23, 51.31, 0.69, 0.48, 24, -2.55, 5.6, 0.52, 1, 24, 39.53, 4.71, 1, 2, 23, 59.61, 13.92, 0.136, 24, 13.07, 5.27, 0.864 ],
				"hull": 10,
				"edges": [ 8, 10, 10, 12, 10, 20, 20, 22, 22, 24, 24, 26, 26, 28, 12, 14, 28, 14, 4, 6, 6, 8, 6, 30, 30, 32, 32, 34, 4, 2, 34, 2, 8, 36, 36, 38, 38, 40, 40, 42, 14, 16, 16, 18, 44, 16, 20, 36, 36, 30, 22, 38, 38, 32, 24, 40, 40, 34, 26, 42, 42, 2, 42, 46, 46, 44, 26, 46, 2, 0, 0, 18, 46, 0, 28, 44, 44, 18 ],
				"width": 112,
				"height": 123
			}
		},
		"Hair05_": {
			"Hair05_": { "x": 180.84, "y": 50.16, "rotation": -84.86, "width": 218, "height": 139 }
		},
		"Hair06_": {
			"Hair06_": { "x": 102.32, "y": 69.19, "rotation": -84.86, "width": 86, "height": 82 }
		},
		"Hair07_": {
			"Hair07_": {
				"type": "mesh",
				"uvs": [ 1, 0.5411, 1, 0.65104, 1, 0.77871, 1, 1, 0.49173, 1, 0, 1, 0, 0.86382, 0, 0.74324, 0, 0, 1, 0, 0.46373, 0.50918, 0.37573, 0.65104, 0.14773, 0.72551, 0.66773, 0.53755, 0.20373, 0.21306, 0.39173, 0.34782, 0.27173, 0.11731, 0.63973, 0.11199, 0.87173, 0.25739, 0.93973, 0.40811, 0.75173, 0.92943, 0.54373, 0.3159, 0.49896, 0.11402, 0.72772, 0.28753, 0.86773, 0.54465, 0.54773, 0.69537, 0.79173, 0.74679, 0.24373, 0.81772, 0.38373, 0.92766, 0.27394, 0.68429, 0.39851, 0.75542, 0.58773, 0.83722, 0.4241, 0.57306, 0.61239, 0.61033, 0.8314, 0.64126, 0.43602, 0.44708, 0.61053, 0.43531, 0.80241, 0.4247, 0.29802, 0.28065, 0.44866, 0.2465, 0.62631, 0.21062, 0.75651, 0.18518, 0.35931, 0.18125, 0.53579, 0.14195 ],
				"triangles": [ 13, 37, 24, 24, 19, 0, 9, 22, 8, 17, 22, 9, 16, 8, 22, 43, 22, 17, 42, 16, 22, 42, 22, 43, 41, 17, 9, 40, 43, 17, 40, 17, 41, 14, 8, 16, 14, 16, 42, 39, 42, 43, 39, 43, 40, 18, 41, 9, 38, 14, 42, 38, 42, 39, 23, 40, 41, 23, 41, 18, 21, 39, 40, 21, 40, 23, 15, 38, 39, 15, 39, 21, 19, 18, 9, 37, 23, 18, 37, 18, 19, 36, 21, 23, 36, 23, 37, 35, 15, 21, 35, 21, 36, 0, 19, 9, 10, 35, 36, 13, 36, 37, 24, 37, 19, 35, 38, 15, 35, 32, 38, 38, 12, 14, 14, 7, 8, 10, 36, 13, 32, 35, 10, 33, 10, 13, 32, 10, 33, 34, 13, 24, 33, 13, 34, 38, 32, 29, 24, 0, 1, 34, 24, 1, 11, 29, 32, 25, 32, 33, 11, 32, 25, 29, 12, 38, 12, 7, 14, 26, 33, 34, 25, 33, 26, 30, 11, 25, 29, 11, 30, 34, 1, 2, 26, 34, 2, 27, 12, 29, 27, 29, 30, 31, 25, 26, 30, 25, 31, 6, 7, 12, 6, 12, 27, 28, 27, 30, 28, 30, 31, 20, 31, 26, 20, 26, 2, 5, 6, 27, 5, 27, 28, 4, 28, 31, 5, 28, 4, 4, 31, 20, 20, 2, 3, 4, 20, 3 ],
				"vertices": [ 2, 32, 91.09, -18.43, 0.496, 33, -6.27, -20.43, 0.504, 2, 32, 74.18, -31.43, 0.888, 33, -27.28, -16.75, 0.112, 1, 32, 54.54, -46.52, 1, 1, 32, 20.5, -72.68, 1, 1, 32, -6.14, -38.02, 1, 1, 32, -31.9, -4.48, 1, 1, 32, -10.95, 11.61, 1, 1, 32, 7.59, 25.87, 1, 1, 33, 111.97, 46.16, 1, 1, 33, 97.12, -38.55, 1, 2, 32, 67.9, 21.91, 0.496, 33, 7.79, 23.93, 0.504, 1, 32, 41.47, 11.14, 1, 1, 32, 18.06, 17.89, 1, 2, 32, 74.22, 4.65, 0.496, 33, -0.66, 7.6, 0.504, 1, 33, 68.23, 36.03, 1, 1, 33, 39.69, 24.62, 1, 1, 33, 85.52, 27.07, 1, 1, 33, 81.07, -4.28, 1, 1, 33, 49.84, -19.07, 1, 2, 32, 108.39, 1.4, 0.12, 33, 20.03, -19.78, 0.88, 1, 32, 18.34, -47.4, 1, 1, 33, 43.53, 10.68, 1, 1, 33, 82.77, 7.71, 1, 1, 33, 46.22, -5.86, 1, 2, 32, 83.61, -9.83, 0.496, 33, -4.99, -9.11, 0.504, 1, 32, 43.66, -5.83, 1, 1, 32, 48.54, -28.54, 1, 1, 32, 8.91, 0.44, 1, 1, 32, -0.67, -22.1, 1, 1, 32, 31.02, 14.15, 1, 1, 32, 26.6, -2.75, 1, 1, 32, 23.93, -25.32, 1, 2, 32, 56, 17.06, 0.888, 33, -3.83, 29.42, 0.112, 2, 32, 60.13, -0.18, 0.888, 33, -13.75, 14.72, 0.112, 2, 32, 66.85, -18.77, 0.888, 33, -22.91, -2.79, 0.112, 2, 32, 76, 31.14, 0.12, 33, 20.07, 24.19, 0.88, 2, 32, 86.96, 20.63, 0.12, 33, 19.72, 9.02, 0.88, 2, 32, 98.64, 8.8, 0.12, 33, 18.9, -7.59, 0.88, 1, 33, 53.92, 30.31, 1, 1, 33, 58.21, 16.41, 1, 1, 33, 62.43, 0.16, 1, 1, 33, 65.35, -11.72, 1, 1, 33, 72, 21.79, 1, 1, 33, 76.89, 5.52, 1 ],
				"hull": 10,
				"edges": [ 16, 18, 14, 16, 24, 14, 20, 26, 0, 18, 28, 32, 36, 38, 38, 0, 6, 8, 8, 10, 8, 40, 32, 44, 44, 34, 26, 48, 48, 0, 10, 12, 12, 14, 54, 12, 56, 10, 24, 54, 54, 56, 56, 8, 22, 50, 50, 52, 52, 4, 4, 6, 4, 40, 22, 58, 58, 24, 50, 60, 60, 54, 58, 60, 52, 62, 62, 56, 60, 62, 62, 40, 20, 64, 64, 22, 26, 66, 66, 50, 64, 66, 48, 68, 68, 52, 66, 68, 0, 2, 2, 4, 68, 2, 20, 70, 70, 30, 26, 72, 72, 42, 70, 72, 46, 74, 74, 48, 72, 74, 74, 38, 30, 42, 42, 46, 46, 36, 28, 76, 76, 30, 78, 42, 76, 78, 80, 46, 78, 80, 34, 82, 82, 36, 80, 82, 32, 84, 84, 78, 28, 84, 44, 86, 86, 80, 84, 86, 86, 34 ],
				"width": 86,
				"height": 194
			}
		},
		"Hair08_": {
			"Hair08_": {
				"type": "mesh",
				"uvs": [ 1, 0.13129, 1, 0.43644, 1, 0.66863, 1, 1, 0.13643, 1, 0, 1, 0, 0.67526, 0, 0, 0.24791, 0, 0.39005, 0, 0.55727, 0, 0.70498, 0, 1, 0, 0.85826, 0.12465, 0.06676, 0.3701, 0.22561, 0.69516, 0.34267, 0.39664, 0.64924, 0.48288, 0.82482, 0.68853, 0.06118, 0.84774, 0.15315, 0.53595, 0.28693, 0.23079, 0.69104, 0.2706, 0.8499, 0.41654, 0.41992, 0.20645, 0.44227, 0.42466, 0.54612, 0.2308, 0.54429, 0.45336 ],
				"triangles": [ 18, 4, 15, 5, 19, 4, 4, 19, 15, 5, 6, 19, 19, 6, 20, 15, 19, 20, 6, 14, 20, 14, 6, 7, 8, 21, 14, 15, 20, 16, 20, 14, 21, 8, 14, 7, 16, 20, 21, 25, 15, 16, 21, 8, 9, 17, 27, 22, 15, 27, 17, 27, 15, 25, 27, 26, 22, 27, 25, 26, 16, 24, 25, 25, 24, 26, 16, 21, 24, 11, 26, 10, 26, 24, 10, 21, 9, 24, 24, 9, 10, 22, 26, 11, 3, 4, 18, 18, 15, 17, 18, 2, 3, 18, 23, 2, 18, 17, 23, 23, 1, 2, 23, 17, 22, 23, 0, 1, 23, 13, 0, 23, 22, 13, 22, 11, 13, 13, 12, 0, 13, 11, 12 ],
				"vertices": [ 1, 18, -2.8, -23.65, 1, 1, 18, -8.4, -2.72, 1, 1, 18, -12.66, 13.21, 1, 1, 18, -18.74, 35.93, 1, 1, 21, 25.17, 17.86, 1, 1, 21, 37.96, -1.33, 1, 1, 21, 18.78, -14.12, 1, 1, 20, 27.32, -44.5, 1, 2, 19, 71.92, -13.35, 0.488, 20, -3.38, -15.99, 0.512, 1, 19, 47.97, -15.15, 1, 1, 19, 19.79, -17.27, 1, 2, 18, 47.78, -19.76, 0.56, 19, -5.1, -19.15, 0.44, 1, 18, -0.39, -32.65, 1, 1, 18, 20.46, -17.91, 1, 2, 20, 36.93, -17.57, 0.504, 21, -5.51, -16.75, 0.496, 2, 20, 32.97, 17.61, 0.504, 21, -1.2, 18.39, 0.496, 2, 19, 53.84, 13.53, 0.488, 20, 4.05, 15.54, 0.512, 2, 18, 48.01, 15.79, 0.56, 19, 1.72, 15.75, 0.44, 1, 18, 15.57, 22.23, 1, 1, 21, 23.23, 1.28, 1, 2, 20, 34.25, 0.99, 0.504, 21, -3.81, 1.93, 0.496, 2, 19, 64.12, 2.49, 0.488, 20, 2.94, 0.5, 0.512, 2, 18, 45.08, -0.59, 0.56, 19, -4.2, 0.19, 0.44, 1, 18, 16.47, 2.48, 1, 1, 19, 41.83, -0.92, 1, 1, 19, 36.9, 14.25, 1, 1, 19, 20.44, -0.79, 1, 1, 19, 19.56, 14.99, 1 ],
				"hull": 13,
				"edges": [ 22, 24, 22, 26, 0, 24, 26, 0, 14, 16, 16, 28, 10, 12, 12, 14, 28, 12, 6, 8, 8, 10, 30, 8, 30, 32, 34, 36, 4, 6, 36, 4, 10, 38, 38, 40, 40, 42, 44, 46, 0, 2, 2, 4, 46, 2, 12, 38, 38, 8, 28, 40, 40, 30, 16, 42, 42, 32, 16, 18, 42, 48, 18, 48, 32, 50, 48, 50, 48, 52, 52, 44, 18, 20, 20, 22, 20, 52, 34, 54, 54, 50, 52, 54, 26, 46, 46, 36 ],
				"width": 169,
				"height": 71
			}
		},
		"Head01_": {
			"Head01_": { "x": 175.58, "y": -8.55, "rotation": -84.86, "width": 144, "height": 328 }
		},
		"L_Dabi_": {
			"L_Dabi_": { "x": 144.05, "y": -17.44, "rotation": 85.87, "width": 106, "height": 139 }
		},
		"L_Hand_": {
			"L_Hand_": { "x": 41.9, "y": 11.76, "rotation": 55.67, "width": 137, "height": 118 }
		},
		"L_Xiaobi_": {
			"L_Xiaobi_": { "x": 106.75, "y": 4.5, "rotation": 54.07, "width": 289, "height": 300 }
		},
		"L_kuijia_": {
			"L_kuijia_": { "x": 116.75, "y": 72.68, "rotation": 41.73, "width": 229, "height": 356 }
		},
		"R_hand_": {
			"R_hand_": { "x": 11.19, "y": 6.72, "rotation": 78.46, "width": 88, "height": 108 }
		},
		"R_kuijia_": {
			"R_kuijia_": { "x": 103.29, "y": 6.51, "rotation": -167.18, "width": 240, "height": 213 }
		},
		"R_tui_": {
			"R_tui_": {
				"x": 288.39,
				"y": 51.61,
				"scaleX": 1.25,
				"scaleY": 1.25,
				"rotation": -87.12,
				"width": 210,
				"height": 492
			}
		},
		"R_xiaobi_": {
			"R_xiaobi_": { "x": 104.9, "y": 25.5, "rotation": -129.61, "width": 198, "height": 295 }
		},
		"TX01_": {
			"TX01_": { "x": -157.69, "y": 193, "scaleX": 2, "scaleY": 2, "width": 170, "height": 129 }
		},
		"TX02_": {
			"TX02_": { "x": -199.19, "y": 281, "scaleX": 2, "scaleY": 2, "width": 244, "height": 200 }
		},
		"TX03_": {
			"TX03_": { "x": -166.19, "y": 232.5, "scaleX": 2, "scaleY": 2, "width": 212, "height": 146 }
		},
		"Wuqi_": {
			"Wuqi_": {
				"x": 294.44,
				"y": -5.37,
				"scaleX": 1.25,
				"scaleY": 1.25,
				"rotation": 78.52,
				"width": 217,
				"height": 922
			}
		},
		"fazhen_M": {
			"fazhen_M_000_": { "width": 300, "height": 300 }
		},
		"fazhen_in": {
			"fazhen_in_000_": { "width": 300, "height": 300 }
		},
		"fazhen_out": {
			"fazhen_out_000_": { "width": 300, "height": 300 }
		},
		"piaoda01_": {
			"piaoda01_": {
				"type": "mesh",
				"uvs": [ 1, 0.33795, 1, 0.41661, 1, 0.50491, 1, 0.57074, 1, 0.63656, 1, 0.71844, 1, 0.79389, 1, 1, 0.74144, 1, 0.60047, 1, 0.46472, 1, 0, 1, 0, 0.06984, 0, 0, 0.16377, 0, 1, 0, 0.35383, 0.17052, 0.77799, 0.25607, 0.22976, 0.22717, 0.72317, 0.34437, 0.92419, 0.46156, 0.9529, 0.63656, 0.8537, 0.81476, 0.60569, 0.93356, 0.29503, 0.85008, 0.19844, 0.85329, 0.22715, 0.92554, 0.29242, 0.19667, 0.75189, 0.30263, 0.93724, 0.87577, 0.9529, 0.77463, 0.89286, 0.85329, 0.60308, 0.97531, 0.27181, 0.87542, 0.38173, 0.87338, 0.36302, 0.90292, 0.32081, 0.95489, 0.49419, 0.9036, 0.46883, 0.93483, 0.42881, 0.98874, 0.66819, 0.90363, 0.6842, 0.94115, 0.74532, 0.86668, 0.77197, 0.9042, 0.81506, 0.95329, 0.8033, 0.83891, 0.83597, 0.87725, 0.88463, 0.90915, 0.89088, 0.74797, 0.91762, 0.69994, 0.97369, 0.71369, 0.94265, 0.5741, 0.93167, 0.50719, 0.85078, 0.41877, 0.90749, 0.37411, 0.94924, 0.31923, 0.78217, 0.37876, 0.82507, 0.33625, 0.86285, 0.28736, 0.0669, 0.04499, 0.06263, 0.11272, 0.12956, 0.08714, 0.22224, 0.05246, 0.11619, 0.1494, 0.18681, 0.12564, 0.2725, 0.09755, 0.16895, 0.18553, 0.2419, 0.16269, 0.31444, 0.13518, 0.33188, 0.25143, 0.40285, 0.22213, 0.44529, 0.18897, 0.43328, 0.27551, 0.48982, 0.24219, 0.53007, 0.20607, 0.52559, 0.29744, 0.57622, 0.26212, 0.61794, 0.22379, 0.62508, 0.32107, 0.65605, 0.28052, 0.68776, 0.23787 ],
				"triangles": [ 34, 24, 75, 11, 26, 36, 25, 11, 63, 33, 24, 35, 26, 33, 36, 11, 25, 26, 59, 13, 14, 24, 25, 69, 33, 25, 24, 26, 25, 33, 35, 24, 34, 36, 33, 35, 11, 36, 39, 62, 14, 15, 12, 13, 59, 61, 59, 14, 61, 14, 62, 65, 62, 15, 60, 12, 59, 60, 59, 61, 64, 61, 62, 64, 62, 65, 71, 68, 65, 63, 60, 61, 63, 61, 64, 67, 64, 65, 67, 65, 68, 71, 16, 68, 66, 63, 64, 66, 64, 67, 27, 67, 68, 27, 68, 16, 27, 16, 70, 18, 66, 67, 18, 67, 27, 18, 27, 69, 25, 66, 18, 11, 12, 60, 11, 60, 63, 25, 63, 66, 15, 74, 65, 71, 65, 74, 69, 25, 18, 70, 16, 71, 69, 27, 70, 73, 71, 74, 70, 71, 73, 72, 70, 73, 69, 70, 72, 24, 69, 72, 1, 54, 0, 20, 54, 1, 77, 74, 15, 80, 77, 15, 17, 80, 15, 79, 77, 80, 76, 77, 79, 58, 17, 15, 28, 80, 17, 79, 80, 28, 55, 58, 15, 78, 76, 79, 75, 76, 78, 57, 17, 58, 28, 17, 57, 19, 79, 28, 78, 79, 19, 57, 58, 54, 56, 28, 57, 19, 28, 56, 56, 57, 53, 75, 78, 34, 56, 78, 19, 56, 42, 78, 72, 73, 75, 76, 74, 77, 73, 74, 76, 75, 73, 76, 24, 72, 75, 49, 56, 53, 54, 58, 55, 53, 57, 54, 53, 54, 20, 55, 15, 0, 54, 55, 0, 50, 21, 4, 49, 51, 21, 20, 1, 2, 52, 20, 2, 51, 52, 2, 3, 51, 2, 21, 51, 3, 53, 51, 49, 52, 53, 20, 51, 53, 52, 21, 3, 4, 49, 21, 50, 50, 4, 5, 48, 49, 30, 30, 5, 6, 56, 49, 48, 48, 45, 56, 22, 45, 48, 30, 22, 48, 31, 22, 30, 42, 56, 45, 29, 31, 30, 29, 30, 6, 46, 45, 22, 46, 22, 31, 43, 42, 45, 43, 45, 46, 47, 46, 31, 47, 31, 29, 44, 43, 46, 44, 46, 47, 29, 6, 7, 47, 29, 7, 44, 47, 7, 8, 44, 7, 30, 49, 50, 30, 50, 5, 78, 37, 34, 42, 37, 78, 23, 37, 40, 38, 34, 37, 35, 34, 38, 32, 37, 23, 32, 23, 41, 38, 37, 32, 39, 35, 38, 36, 35, 39, 10, 39, 38, 10, 38, 32, 10, 11, 39, 9, 10, 32, 9, 32, 41, 40, 37, 42, 23, 40, 41, 8, 9, 41, 41, 40, 42, 8, 41, 43, 41, 42, 43, 8, 43, 44 ],
				"vertices": [ 2, 36, 0.91, 170.62, 0.232, 37, 114.11, -21.82, 0.768, 2, 36, 0.91, 112.8, 0.504, 37, 114.11, -79.64, 0.496, 2, 36, 0.91, 47.9, 0.88, 37, 114.11, -144.54, 0.12, 1, 36, 0.91, -0.48, 1, 2, 35, 46.19, 144.71, 0.152, 36, 0.91, -48.86, 0.848, 2, 35, 46.19, 84.53, 0.48, 36, 0.91, -109.04, 0.52, 2, 35, 46.19, 29.07, 0.584, 36, 0.91, -164.5, 0.416, 2, 34, 189.95, -20.54, 0.13379, 35, 46.19, -122.42, 0.86621, 2, 34, 73.09, -20.54, 0.816, 35, -70.68, -122.42, 0.184, 1, 34, 9.37, -20.54, 1, 2, 34, -51.99, -20.54, 0.912, 0, 223.36, 467, 0.088, 1, 0, 13.31, 467, 1, 2, 38, -118.28, 75.63, 0.896, 0, 13.31, 1150.67, 0.104, 1, 0, 13.31, 1202, 1, 1, 0, 87.33, 1202, 1, 2, 37, 114.11, 226.57, 0.88623, 38, 333.72, 126.96, 0.11377, 1, 38, 41.65, 1.62, 1, 1, 37, 13.76, 38.36, 1, 1, 38, -14.43, -40.01, 1, 1, 37, -11.02, -26.54, 1, 2, 36, -33.36, 79.76, 0.504, 37, 79.84, -112.68, 0.496, 2, 35, 24.9, 144.71, 0.152, 36, -20.38, -48.86, 0.848, 2, 35, -19.94, 13.73, 0.96, 36, -65.22, -179.84, 0.04, 1, 34, 11.73, 28.29, 1, 1, 0, 146.66, 577.19, 1, 1, 0, 103, 574.83, 1, 1, 0, 115.98, 521.73, 1, 1, 38, 13.89, -17.59, 1, 1, 37, 1.96, 4.14, 1, 2, 35, 17.82, -31.11, 0.96, 36, -27.46, -224.68, 0.04, 2, 35, 24.9, 43.23, 0.584, 36, -20.38, -150.34, 0.416, 2, 35, -2.24, -14.59, 0.96, 36, -47.52, -208.16, 0.04, 1, 34, 10.55, -2.39, 1, 1, 0, 136.17, 558.57, 1, 2, 34, -89.5, 72.53, 0.496, 0, 185.85, 560.06, 0.504, 2, 34, -97.96, 50.82, 0.496, 0, 177.39, 538.35, 0.504, 2, 34, -117.04, 12.62, 0.496, 0, 158.31, 500.15, 0.504, 2, 34, -38.67, 50.32, 0.832, 0, 236.68, 537.85, 0.168, 2, 34, -50.13, 27.37, 0.832, 0, 225.22, 514.9, 0.168, 2, 34, -68.22, -12.26, 0.832, 0, 207.13, 475.27, 0.168, 2, 34, 39.98, 50.3, 0.816, 35, -103.79, -51.58, 0.184, 2, 34, 47.21, 22.72, 0.816, 35, -96.55, -79.16, 0.184, 2, 34, 74.84, 77.45, 0.488, 35, -68.92, -24.43, 0.512, 2, 34, 86.88, 49.88, 0.488, 35, -56.88, -52, 0.512, 2, 34, 106.36, 13.8, 0.488, 35, -37.4, -88.08, 0.512, 2, 34, 101.05, 97.87, 0.24, 35, -42.72, -4.01, 0.76, 2, 34, 115.81, 69.69, 0.24, 35, -27.95, -32.19, 0.76, 2, 34, 137.81, 46.24, 0.24, 35, -5.96, -55.64, 0.76, 2, 35, -3.13, 62.82, 0.584, 36, -48.41, -130.75, 0.416, 2, 35, 8.95, 98.13, 0.48, 36, -36.32, -95.45, 0.52, 2, 35, 34.3, 88.03, 0.48, 36, -10.98, -105.55, 0.52, 1, 36, -25.01, -2.95, 1, 2, 36, -29.97, 46.23, 0.88, 37, 83.23, -146.21, 0.12, 2, 36, -66.53, 111.22, 0.208, 37, 46.67, -81.22, 0.792, 2, 36, -40.9, 144.04, 0.208, 37, 72.3, -48.4, 0.792, 2, 36, -22.03, 184.38, 0.208, 37, 91.17, -8.06, 0.792, 1, 37, 15.65, -51.82, 1, 1, 37, 35.04, -20.57, 1, 1, 37, 52.12, 15.36, 1, 2, 38, -88.04, 93.89, 0.896, 0, 43.55, 1168.93, 0.104, 1, 38, -89.97, 44.1, 1, 1, 38, -59.72, 62.91, 1, 1, 38, -17.83, 88.4, 1, 1, 38, -65.77, 17.15, 1, 1, 38, -33.84, 34.61, 1, 1, 38, 4.89, 55.26, 1, 1, 38, -41.92, -9.41, 1, 1, 38, -8.94, 7.38, 1, 1, 38, 23.85, 27.6, 1, 2, 37, -187.88, 41.77, 0.12, 38, 31.73, -57.84, 0.88, 2, 37, -155.8, 63.3, 0.12, 38, 63.81, -36.31, 0.88, 2, 37, -136.62, 87.68, 0.12, 38, 82.99, -11.93, 0.88, 2, 37, -142.05, 24.07, 0.504, 38, 77.56, -75.54, 0.496, 2, 37, -116.49, 48.56, 0.504, 38, 103.12, -51.05, 0.496, 2, 37, -98.3, 75.11, 0.504, 38, 121.31, -24.5, 0.496, 2, 37, -100.32, 7.96, 0.768, 38, 119.29, -91.66, 0.232, 2, 37, -77.44, 33.92, 0.768, 38, 142.17, -65.7, 0.232, 2, 37, -58.58, 62.09, 0.768, 38, 161.03, -37.53, 0.232, 2, 37, -55.35, -9.41, 0.888, 38, 164.25, -109.03, 0.112, 2, 37, -41.36, 20.39, 0.888, 38, 178.25, -79.23, 0.112, 2, 37, -27.02, 51.74, 0.888, 38, 192.59, -47.88, 0.112 ],
				"hull": 16,
				"edges": [ 26, 28, 28, 30, 0, 30, 22, 24, 24, 26, 48, 50, 50, 52, 20, 22, 0, 2, 12, 14, 12, 58, 14, 16, 42, 8, 60, 62, 46, 64, 16, 18, 18, 20, 64, 18, 50, 66, 48, 66, 66, 52, 68, 48, 70, 66, 68, 70, 72, 52, 70, 72, 46, 74, 74, 68, 64, 76, 76, 70, 74, 76, 20, 78, 78, 72, 76, 78, 80, 46, 82, 64, 80, 82, 82, 16, 84, 80, 86, 82, 84, 86, 16, 88, 86, 88, 44, 90, 90, 84, 62, 92, 92, 86, 90, 92, 58, 94, 94, 88, 92, 94, 44, 62, 62, 58, 96, 44, 96, 60, 60, 12, 42, 98, 98, 96, 8, 100, 100, 60, 98, 100, 8, 10, 10, 12, 100, 10, 102, 42, 6, 8, 102, 6, 40, 104, 104, 102, 2, 4, 4, 6, 104, 4, 40, 2, 106, 40, 2, 108, 106, 108, 0, 110, 108, 110, 38, 112, 112, 106, 56, 114, 114, 108, 112, 114, 34, 116, 116, 110, 114, 116, 38, 56, 56, 34, 36, 54, 54, 32, 26, 118, 24, 118, 118, 28, 24, 120, 122, 118, 120, 122, 28, 124, 122, 124, 126, 120, 128, 122, 126, 128, 130, 124, 128, 130, 36, 132, 132, 126, 54, 134, 134, 128, 132, 134, 32, 136, 136, 130, 134, 136, 36, 138, 54, 140, 138, 140, 32, 142, 140, 142, 144, 138, 146, 140, 144, 146, 148, 142, 146, 148, 150, 144, 152, 146, 150, 152, 154, 148, 152, 154, 38, 156, 156, 150, 56, 158, 158, 152, 156, 158, 34, 160, 160, 154, 158, 160 ],
				"width": 226,
				"height": 368
			}
		},
		"piaoda02_": {
			"piaoda02_": {
				"type": "mesh",
				"uvs": [ 1, 0.92154, 1, 1, 0.88683, 1, 0.79665, 1, 0.6936, 1, 0, 1, 0, 0.49776, 0, 0.35278, 0, 0.21449, 0, 0.15426, 0, 0, 0.15771, 0, 0.24788, 0, 1, 0, 0.21954, 0.12304, 0.11906, 0.19664, 0.08042, 0.31709, 0.28911, 0.54683, 0.59054, 0.7721, 0.77604, 0.87693, 0.46172, 0.86132, 0.0392, 0.08735, 0.21439, 0.6182, 0.53386, 0.8234, 0.74513, 0.94385, 0.09625, 0.26774, 0.1371, 0.65835, 0.08618, 0.45947, 0.16897, 0.41458, 0.07365, 0.58403, 0.15839, 0.54886, 0.24331, 0.49641, 0.22138, 0.71105, 0.29378, 0.66919, 0.37377, 0.6101, 0.30727, 0.76475, 0.37493, 0.72132, 0.44335, 0.66209, 0.38835, 0.81544, 0.45689, 0.77396, 0.51842, 0.7182, 0.54578, 0.91159, 0.60662, 0.86488, 0.66291, 0.813, 0.61764, 0.95457, 0.67942, 0.90639, 0.72443, 0.84777, 0.84999, 0.89166, 0.81904, 0.96013, 0.92508, 0.90662, 0.89774, 0.97747 ],
				"triangles": [ 21, 10, 11, 14, 11, 12, 21, 11, 14, 9, 10, 21, 15, 21, 14, 9, 21, 15, 8, 9, 15, 25, 8, 15, 16, 8, 25, 28, 15, 14, 25, 15, 28, 13, 14, 12, 13, 34, 14, 7, 8, 16, 16, 25, 28, 22, 31, 17, 27, 16, 28, 7, 16, 27, 28, 14, 31, 6, 7, 27, 30, 27, 28, 30, 28, 31, 29, 6, 27, 29, 27, 30, 22, 30, 31, 26, 29, 30, 5, 6, 29, 17, 31, 14, 26, 30, 22, 5, 29, 26, 22, 17, 33, 26, 22, 32, 14, 34, 17, 37, 34, 13, 33, 17, 34, 32, 22, 33, 40, 37, 13, 36, 34, 37, 33, 34, 36, 35, 33, 36, 32, 33, 35, 18, 40, 13, 39, 37, 40, 36, 37, 39, 38, 36, 39, 35, 36, 38, 39, 40, 23, 38, 39, 20, 5, 26, 32, 5, 35, 38, 5, 32, 35, 20, 5, 38, 20, 39, 23, 23, 40, 18, 5, 20, 41, 20, 23, 41, 43, 18, 13, 46, 43, 13, 42, 18, 43, 23, 18, 42, 47, 19, 46, 13, 47, 46, 49, 47, 13, 45, 43, 46, 42, 43, 45, 13, 0, 49, 41, 23, 42, 24, 46, 19, 45, 46, 24, 44, 42, 45, 41, 42, 44, 48, 19, 47, 24, 19, 48, 50, 47, 49, 48, 47, 50, 4, 45, 24, 44, 45, 4, 44, 5, 41, 5, 44, 4, 3, 24, 48, 4, 24, 3, 2, 48, 50, 3, 48, 2, 50, 49, 0, 1, 50, 0, 2, 50, 1 ],
				"vertices": [ 1, 14, -17.63, -37.22, 1, 1, 14, -34.64, -1.96, 1, 1, 14, 9.39, 19.29, 1, 1, 14, 44.48, 36.21, 1, 1, 14, 84.58, 55.56, 1, 2, 15, 130.03, 222.81, 0.85273, 16, -84.63, 208.5, 0.14727, 2, 16, 116.79, 59.37, 0.904, 17, -85.94, -7.22, 0.096, 2, 16, 174.93, 16.32, 0.504, 17, -15.12, 7.56, 0.496, 2, 16, 230.39, -24.74, 0.056, 17, 52.43, 21.65, 0.944, 1, 17, 81.84, 27.79, 1, 1, 17, 157.2, 43.52, 1, 1, 17, 171.12, -23.18, 1, 1, 17, 179.07, -61.31, 1, 4, 14, 182.19, -451.39, 0.16082, 15, 113.26, -437, 0.31427, 16, 59.35, -435.63, 0.0851, 17, 245.45, -379.37, 0.43981, 1, 17, 116.47, -61.87, 1, 1, 17, 71.65, -26.88, 1, 2, 16, 168.57, -22.2, 0.504, 17, 9.41, -22.81, 0.496, 2, 15, 177.18, -31.18, 0.48, 16, 22.79, -26.44, 0.52, 2, 14, 174.09, -27.52, 0.528, 15, 5.2, -27.06, 0.472, 1, 14, 79.18, -15.23, 1, 2, 14, 204.87, 36.76, 0.528, 15, 19.91, 42.68, 0.472, 1, 17, 117.99, 18.04, 1, 2, 15, 179.49, 16.83, 0.48, 16, 13.37, 20.69, 0.52, 2, 14, 185.02, 6.18, 0.528, 15, 7.86, 8.27, 0.472, 1, 14, 76.7, 20.65, 1, 2, 16, 184.29, -42.35, 0.056, 17, 34.91, -24.48, 0.944, 2, 15, 192.56, 53.51, 0.48, 16, 17.14, 59.45, 0.52, 2, 16, 109.99, 18.08, 0.904, 17, -59.64, -39.77, 0.096, 2, 16, 106.71, -24, 0.904, 17, -30.4, -70.2, 0.096, 2, 15, 237.28, 42.27, 0.096, 16, 63.26, 59.41, 0.904, 2, 15, 220.15, 5.47, 0.096, 16, 55.58, 19.55, 0.904, 2, 15, 208.44, -38.05, 0.096, 16, 54.78, -25.51, 0.904, 2, 15, 147.73, 50.7, 0.912, 16, -25.66, 45.84, 0.088, 2, 15, 136.84, 14.7, 0.912, 16, -27.48, 8.27, 0.088, 2, 15, 128.88, -30.02, 0.912, 16, -24.35, -37.05, 0.088, 1, 15, 102.06, 47.83, 1, 1, 15, 93.24, 12.53, 1, 1, 15, 89.18, -29.07, 1, 2, 14, 243.36, 29.92, 0.064, 15, 58.93, 45.12, 0.936, 2, 14, 225.69, -1.59, 0.064, 15, 49.21, 10.33, 0.936, 2, 14, 213.84, -38.2, 0.064, 15, 46.35, -28.04, 0.936, 2, 14, 161.26, 43.58, 0.92, 15, -24.07, 38.99, 0.08, 2, 14, 147.72, 11.16, 0.92, 15, -29.57, 4.29, 0.08, 2, 14, 137.07, -22.72, 0.92, 15, -31.91, -31.15, 0.08, 1, 14, 123.98, 49.4, 1, 1, 14, 110.39, 16.15, 1, 1, 14, 105.59, -18.65, 1, 1, 14, 47.22, -22.49, 1, 1, 14, 44.42, 14.09, 1, 1, 14, 14.76, -29.86, 1, 1, 14, 10.03, 7.11, 1 ],
				"hull": 14,
				"edges": [ 24, 26, 24, 28, 28, 30, 2, 0, 0, 26, 8, 10, 32, 14, 20, 22, 22, 24, 22, 42, 18, 20, 42, 18, 22, 28, 20, 42, 42, 30, 14, 16, 16, 18, 30, 50, 50, 32, 16, 50, 10, 12, 12, 14, 14, 54, 12, 54, 32, 56, 54, 56, 12, 58, 58, 52, 44, 60, 60, 54, 58, 60, 34, 62, 62, 56, 60, 62, 52, 44, 44, 34, 64, 52, 44, 66, 64, 66, 34, 68, 66, 68, 70, 64, 72, 66, 70, 72, 74, 68, 72, 74, 40, 76, 76, 70, 46, 78, 78, 72, 76, 78, 36, 80, 80, 74, 78, 80, 40, 46, 46, 36, 82, 40, 46, 84, 82, 84, 36, 86, 84, 86, 8, 88, 88, 82, 48, 90, 90, 84, 88, 90, 38, 92, 92, 86, 90, 92, 8, 48, 48, 38, 94, 38, 96, 48, 94, 96, 6, 8, 96, 6, 0, 98, 98, 94, 2, 100, 100, 96, 98, 100, 2, 4, 4, 6, 100, 4 ],
				"width": 216,
				"height": 250
			}
		},
		"piaoda03_": {
			"piaoda03_": {
				"type": "mesh",
				"uvs": [ 1, 0.67418, 1, 1, 0.85282, 1, 0.64711, 1, 0.52509, 1, 0.41003, 1, 0.25314, 1, 0.1102, 1, 0, 1, 0, 0.72385, 0, 0.52518, 0, 0, 0.43444, 0, 1, 0, 0.42747, 0.74041, 0.73428, 0.77352, 0.69244, 0.45895, 0.41003, 0.19406, 0.81098, 0.23269, 0.42049, 0.91701, 0.78657, 0.88941, 0.89117, 0.72937, 0.42271, 0.09322, 0.74822, 0.3541, 0.56311, 0.07951, 0.53823, 0.1858, 0.50159, 0.27994, 0.69328, 0.15995, 0.65081, 0.27603, 0.60452, 0.37648, 0.71145, 0.60191, 0.82757, 0.56242, 0.9141, 0.47354, 0.6334, 0.76263, 0.64726, 0.89991, 0.51935, 0.75033, 0.52618, 0.90904, 0.31392, 0.68324, 0.28108, 0.85297, 0.18051, 0.61607, 0.14312, 0.7896, 0.06064, 0.55571 ],
				"triangles": [ 23, 28, 18, 37, 26, 29, 39, 17, 26, 29, 28, 23, 29, 26, 28, 26, 25, 28, 26, 17, 25, 28, 27, 18, 28, 25, 27, 17, 22, 25, 17, 11, 22, 25, 24, 27, 25, 22, 24, 27, 24, 13, 22, 12, 24, 22, 11, 12, 24, 12, 13, 18, 27, 13, 16, 35, 29, 16, 29, 23, 21, 30, 31, 16, 30, 35, 31, 32, 0, 32, 13, 0, 30, 16, 31, 32, 31, 23, 31, 16, 23, 23, 18, 32, 32, 18, 13, 21, 31, 0, 21, 15, 30, 19, 14, 35, 29, 35, 14, 2, 3, 20, 3, 34, 20, 2, 20, 21, 4, 36, 3, 3, 36, 34, 4, 19, 36, 19, 35, 36, 36, 33, 34, 36, 35, 33, 34, 15, 20, 34, 33, 15, 20, 15, 21, 33, 30, 15, 33, 35, 30, 5, 19, 4, 2, 0, 1, 2, 21, 0, 5, 6, 19, 6, 38, 19, 6, 7, 38, 7, 40, 38, 7, 8, 40, 8, 9, 40, 19, 38, 14, 38, 37, 14, 38, 40, 37, 40, 39, 37, 40, 9, 39, 14, 37, 29, 9, 41, 39, 9, 10, 41, 37, 39, 26, 39, 41, 17, 41, 10, 17, 10, 11, 17 ],
				"vertices": [ 2, 11, 173.58, 26.61, 0.504, 12, 18.77, -60.71, 0.496, 2, 11, 166.29, -33.88, 0.20314, 12, -40.23, -45.51, 0.79686, 2, 11, 123.04, -28.67, 0.888, 12, -29.36, -3.33, 0.112, 1, 11, 62.59, -21.38, 1, 2, 10, 142.81, -3.75, 0.104, 11, 26.73, -17.06, 0.896, 2, 10, 110.59, -14.78, 0.504, 11, -7.09, -12.99, 0.496, 2, 10, 66.65, -29.81, 0.888, 11, -53.19, -7.43, 0.112, 1, 10, 26.62, -43.51, 1, 1, 10, -4.24, -54.06, 1, 1, 10, -20.96, -5.2, 1, 1, 10, -32.99, 29.95, 1, 1, 10, -64.77, 122.87, 1, 1, 13, 111.45, -15.64, 1, 2, 12, 140.86, -92.16, 0.50566, 13, -34.78, -97.14, 0.49434, 2, 10, 99.76, 32.82, 0.504, 11, 3.84, 34.59, 0.496, 2, 11, 93.27, 17.58, 0.504, 12, 20.4, 20.09, 0.496, 2, 12, 80.46, 17.41, 0.496, 13, 2.96, 22.15, 0.504, 1, 13, 100.09, 19.57, 1, 2, 12, 112.68, -27.12, 0.496, 13, -7.09, -31.9, 0.504, 2, 10, 108.5, 0.91, 0.504, 11, -2.16, 2.05, 0.496, 2, 11, 106.04, -5.79, 0.888, 12, -4.44, 10.5, 0.112, 2, 11, 140.36, 20.22, 0.504, 12, 16.82, -26.94, 0.496, 1, 13, 105.99, 1.28, 1, 2, 12, 95.33, -3.47, 0.496, 13, -1.92, -3.02, 0.504, 1, 13, 70.94, -21.19, 1, 1, 13, 67.7, -0.25, 1, 1, 13, 68.6, 20.41, 1, 1, 13, 29.96, -26.81, 1, 1, 13, 30.37, -1.73, 1, 1, 13, 33.2, 21.35, 1, 2, 12, 53.17, 18.63, 0.92, 13, -14.97, 42.76, 0.08, 2, 12, 51.74, -16.5, 0.92, 13, -41.4, 19.57, 0.08, 2, 12, 61.45, -45.45, 0.92, 13, -55.68, -7.42, 0.08, 1, 11, 63.86, 23.17, 1, 1, 11, 64.87, -2.81, 1, 2, 10, 126.09, 39.87, 0.104, 11, 30.62, 29.49, 0.896, 2, 10, 137.61, 12.44, 0.104, 11, 29.08, -0.21, 0.896, 2, 10, 64.5, 32.06, 0.888, 11, -28.25, 49.22, 0.112, 2, 10, 65.58, -1.12, 0.888, 11, -41.69, 18.87, 0.112, 1, 10, 23.07, 31.16, 1, 1, 10, 23.1, -3.12, 1, 1, 10, -14.16, 30.36, 1 ],
				"hull": 14,
				"edges": [ 20, 22, 22, 24, 24, 26, 2, 0, 0, 26, 2, 4, 0, 4, 16, 18, 18, 20, 40, 42, 24, 44, 44, 34, 24, 48, 44, 50, 48, 50, 52, 34, 50, 52, 36, 54, 54, 48, 46, 56, 56, 50, 54, 56, 32, 58, 58, 52, 56, 58, 36, 46, 46, 32, 30, 60, 60, 32, 42, 62, 62, 46, 60, 62, 0, 64, 64, 36, 62, 64, 30, 42, 42, 0, 30, 40, 40, 4, 66, 30, 68, 40, 66, 68, 4, 6, 68, 6, 28, 70, 70, 66, 38, 72, 72, 68, 70, 72, 6, 8, 72, 8, 28, 38, 8, 10, 38, 10, 74, 28, 76, 38, 74, 76, 10, 12, 76, 12, 78, 74, 18, 80, 80, 76, 78, 80, 12, 14, 14, 16, 80, 14, 20, 82, 82, 78, 82, 18 ],
				"width": 148,
				"height": 94
			}
		},
		"piaodai04_": {
			"piaodai04_": {
				"x": 72.46,
				"y": -36.25,
				"scaleX": 2,
				"scaleY": 2,
				"rotation": 10.07,
				"width": 176,
				"height": 162
			}
		},
		"ray_light_": {
			"ray_light_": { "x": 0.5, "y": 0.5, "scaleX": 2, "scaleY": 2, "width": 377, "height": 419 }
		},
		"smoke_": {
			"smoke_000_": { "x": 0.5, "width": 231, "height": 300 },
			"smoke_002_": { "x": 0.5, "width": 231, "height": 300 },
			"smoke_004_": { "x": 0.5, "width": 231, "height": 300 },
			"smoke_006_": { "x": 0.5, "width": 231, "height": 300 },
			"smoke_008_": { "x": 0.5, "width": 231, "height": 300 },
			"smoke_010_": { "x": 0.5, "width": 231, "height": 300 },
			"smoke_012_": { "x": 0.5, "width": 231, "height": 300 },
			"smoke_014_": { "x": 0.5, "width": 231, "height": 300 },
			"smoke_016_": { "x": 0.5, "width": 231, "height": 300 },
			"smoke_018_": { "x": 0.5, "width": 231, "height": 300 },
			"smoke_020_": { "x": 0.5, "width": 231, "height": 300 },
			"smoke_022_": { "x": 0.5, "width": 231, "height": 300 },
			"smoke_024_": { "x": 0.5, "width": 231, "height": 300 },
			"smoke_026_": { "x": 0.5, "width": 231, "height": 300 },
			"smoke_028_": { "x": 0.5, "width": 231, "height": 300 },
			"smoke_030_": { "x": 0.5, "width": 231, "height": 300 },
			"smoke_032_": { "x": 0.5, "width": 231, "height": 300 },
			"smoke_034_": { "x": 0.5, "width": 231, "height": 300 },
			"smoke_036_": { "x": 0.5, "width": 231, "height": 300 },
			"smoke_038_": { "x": 0.5, "width": 231, "height": 300 },
			"smoke_040_": { "x": 0.5, "width": 231, "height": 300 }
		},
		"suipian_": {
			"suipian_000_": { "x": 2, "width": 185, "height": 240 },
			"suipian_002_": { "x": 0.5, "width": 185, "height": 240 },
			"suipian_004_": { "x": 0.5, "width": 185, "height": 240 },
			"suipian_006_": { "x": 0.5, "width": 185, "height": 240 },
			"suipian_008_": { "x": 0.5, "width": 185, "height": 240 },
			"suipian_010_": { "x": 0.5, "width": 185, "height": 240 },
			"suipian_012_": { "x": 0.5, "width": 185, "height": 240 },
			"suipian_014_": { "x": 0.5, "width": 185, "height": 240 },
			"suipian_016_": { "x": 0.5, "width": 185, "height": 240 },
			"suipian_018_": { "x": 0.5, "width": 185, "height": 240 },
			"suipian_020_": { "x": 0.5, "width": 185, "height": 240 },
			"suipian_022_": { "x": 0.5, "width": 185, "height": 240 },
			"suipian_024_": { "x": 0.5, "width": 185, "height": 240 },
			"suipian_026_": { "x": 0.5, "width": 185, "height": 240 },
			"suipian_028_": { "x": 0.5, "width": 185, "height": 240 },
			"suipian_030_": { "x": 0.5, "width": 185, "height": 240 },
			"suipian_032_": { "x": 0.5, "width": 185, "height": 240 },
			"suipian_034_": { "x": 0.5, "width": 185, "height": 240 },
			"suipian_036_": { "x": 0.5, "width": 185, "height": 240 },
			"suipian_038_": { "x": 0.5, "width": 185, "height": 240 },
			"suipian_040_": { "x": 0.5, "width": 185, "height": 240 }
		},
		"wuqi_glow_": {
			"wuqi_glow_": { "y": 0.5, "width": 230, "height": 437 }
		}
	}
},
"animations": {
	"animation": {
		"slots": {
			"ray_light_": {
				"color": [
					{
						"time": 0,
						"color": "ffffff64",
						"curve": [ 0.25, 0, 0.75, 1 ]
					},
					{
						"time": 1.3333,
						"color": "ffffffff",
						"curve": [ 0.25, 0, 0.75, 1 ]
					},
					{
						"time": 2.6667,
						"color": "ffffff64",
						"curve": [ 0.25, 0, 0.75, 1 ]
					},
					{
						"time": 4,
						"color": "ffffffff",
						"curve": [ 0.25, 0, 0.75, 1 ]
					},
					{ "time": 5.3333, "color": "ffffff64" }
				]
			},
			"smoke_": {
				"attachment": [
					{ "time": 0, "name": "smoke_000_" },
					{ "time": 0.0667, "name": "smoke_002_" },
					{ "time": 0.1333, "name": "smoke_004_" },
					{ "time": 0.2, "name": "smoke_006_" },
					{ "time": 0.2667, "name": "smoke_008_" },
					{ "time": 0.3333, "name": "smoke_010_" },
					{ "time": 0.4, "name": "smoke_012_" },
					{ "time": 0.4667, "name": "smoke_014_" },
					{ "time": 0.5333, "name": "smoke_016_" },
					{ "time": 0.6, "name": "smoke_018_" },
					{ "time": 0.6667, "name": "smoke_020_" },
					{ "time": 0.7333, "name": "smoke_022_" },
					{ "time": 0.7667, "name": "smoke_024_" },
					{ "time": 0.8333, "name": "smoke_026_" },
					{ "time": 0.9, "name": "smoke_028_" },
					{ "time": 0.9667, "name": "smoke_030_" },
					{ "time": 1.0333, "name": "smoke_032_" },
					{ "time": 1.1, "name": "smoke_034_" },
					{ "time": 1.1667, "name": "smoke_036_" },
					{ "time": 1.2333, "name": "smoke_038_" },
					{ "time": 1.3, "name": "smoke_040_" },
					{ "time": 1.3667, "name": "smoke_000_" },
					{ "time": 1.4333, "name": "smoke_002_" },
					{ "time": 1.5, "name": "smoke_004_" },
					{ "time": 1.5667, "name": "smoke_006_" },
					{ "time": 1.6333, "name": "smoke_008_" },
					{ "time": 1.7, "name": "smoke_010_" },
					{ "time": 1.7667, "name": "smoke_012_" },
					{ "time": 1.8333, "name": "smoke_014_" },
					{ "time": 1.9, "name": "smoke_016_" },
					{ "time": 1.9667, "name": "smoke_018_" },
					{ "time": 2.0333, "name": "smoke_020_" },
					{ "time": 2.1, "name": "smoke_022_" },
					{ "time": 2.1667, "name": "smoke_024_" },
					{ "time": 2.2, "name": "smoke_026_" },
					{ "time": 2.2667, "name": "smoke_028_" },
					{ "time": 2.3333, "name": "smoke_030_" },
					{ "time": 2.4, "name": "smoke_032_" },
					{ "time": 2.4667, "name": "smoke_034_" },
					{ "time": 2.5333, "name": "smoke_036_" },
					{ "time": 2.6, "name": "smoke_038_" },
					{ "time": 2.6667, "name": "smoke_000_" },
					{ "time": 2.7333, "name": "smoke_002_" },
					{ "time": 2.8, "name": "smoke_004_" },
					{ "time": 2.8667, "name": "smoke_006_" },
					{ "time": 2.9333, "name": "smoke_008_" },
					{ "time": 3, "name": "smoke_010_" },
					{ "time": 3.0667, "name": "smoke_012_" },
					{ "time": 3.1333, "name": "smoke_014_" },
					{ "time": 3.2, "name": "smoke_016_" },
					{ "time": 3.2667, "name": "smoke_018_" },
					{ "time": 3.3333, "name": "smoke_020_" },
					{ "time": 3.4, "name": "smoke_022_" },
					{ "time": 3.4333, "name": "smoke_024_" },
					{ "time": 3.5, "name": "smoke_026_" },
					{ "time": 3.5667, "name": "smoke_028_" },
					{ "time": 3.6333, "name": "smoke_030_" },
					{ "time": 3.7, "name": "smoke_032_" },
					{ "time": 3.7667, "name": "smoke_034_" },
					{ "time": 3.8333, "name": "smoke_036_" },
					{ "time": 3.9, "name": "smoke_038_" },
					{ "time": 3.9667, "name": "smoke_040_" },
					{ "time": 4.0333, "name": "smoke_000_" },
					{ "time": 4.1, "name": "smoke_002_" },
					{ "time": 4.1667, "name": "smoke_004_" },
					{ "time": 4.2333, "name": "smoke_006_" },
					{ "time": 4.3, "name": "smoke_008_" },
					{ "time": 4.3667, "name": "smoke_010_" },
					{ "time": 4.4333, "name": "smoke_012_" },
					{ "time": 4.5, "name": "smoke_014_" },
					{ "time": 4.5667, "name": "smoke_016_" },
					{ "time": 4.6333, "name": "smoke_018_" },
					{ "time": 4.7, "name": "smoke_020_" },
					{ "time": 4.7667, "name": "smoke_022_" },
					{ "time": 4.8333, "name": "smoke_024_" },
					{ "time": 4.8667, "name": "smoke_026_" },
					{ "time": 4.9333, "name": "smoke_028_" },
					{ "time": 5, "name": "smoke_030_" },
					{ "time": 5.0667, "name": "smoke_032_" },
					{ "time": 5.1333, "name": "smoke_034_" },
					{ "time": 5.2, "name": "smoke_036_" },
					{ "time": 5.2667, "name": "smoke_038_" },
					{ "time": 5.3333, "name": "smoke_040_" }
				]
			},
			"suipian_": {
				"attachment": [
					{ "time": 0, "name": "suipian_000_" },
					{ "time": 0.1333, "name": "suipian_002_" },
					{ "time": 0.2667, "name": "suipian_004_" },
					{ "time": 0.4, "name": "suipian_006_" },
					{ "time": 0.5333, "name": "suipian_008_" },
					{ "time": 0.6667, "name": "suipian_010_" },
					{ "time": 0.8, "name": "suipian_012_" },
					{ "time": 0.9333, "name": "suipian_014_" },
					{ "time": 1.0667, "name": "suipian_016_" },
					{ "time": 1.2, "name": "suipian_018_" },
					{ "time": 1.3333, "name": "suipian_020_" },
					{ "time": 1.4667, "name": "suipian_022_" },
					{ "time": 1.6, "name": "suipian_024_" },
					{ "time": 1.7333, "name": "suipian_026_" },
					{ "time": 1.8667, "name": "suipian_028_" },
					{ "time": 2, "name": "suipian_030_" },
					{ "time": 2.1333, "name": "suipian_032_" },
					{ "time": 2.2667, "name": "suipian_034_" },
					{ "time": 2.4, "name": "suipian_036_" },
					{ "time": 2.5333, "name": "suipian_038_" },
					{ "time": 2.6667, "name": "suipian_000_" },
					{ "time": 2.8, "name": "suipian_002_" },
					{ "time": 2.9333, "name": "suipian_004_" },
					{ "time": 3.0667, "name": "suipian_006_" },
					{ "time": 3.2, "name": "suipian_008_" },
					{ "time": 3.3333, "name": "suipian_010_" },
					{ "time": 3.4667, "name": "suipian_012_" },
					{ "time": 3.6, "name": "suipian_014_" },
					{ "time": 3.7333, "name": "suipian_016_" },
					{ "time": 3.8667, "name": "suipian_018_" },
					{ "time": 4, "name": "suipian_020_" },
					{ "time": 4.1333, "name": "suipian_022_" },
					{ "time": 4.2667, "name": "suipian_024_" },
					{ "time": 4.4, "name": "suipian_026_" },
					{ "time": 4.5333, "name": "suipian_028_" },
					{ "time": 4.6667, "name": "suipian_030_" },
					{ "time": 4.8, "name": "suipian_032_" },
					{ "time": 4.9333, "name": "suipian_034_" },
					{ "time": 5.0667, "name": "suipian_036_" },
					{ "time": 5.2, "name": "suipian_038_" },
					{ "time": 5.3333, "name": "suipian_040_" }
				]
			},
			"wuqi_glow_": {
				"color": [
					{
						"time": 0,
						"color": "ffffff64",
						"curve": [ 0.25, 0, 0.75, 1 ]
					},
					{
						"time": 1.3333,
						"color": "ffffffff",
						"curve": [ 0.25, 0, 0.75, 1 ]
					},
					{
						"time": 2.6667,
						"color": "ffffff64",
						"curve": [ 0.25, 0, 0.75, 1 ]
					},
					{
						"time": 4,
						"color": "ffffffff",
						"curve": [ 0.25, 0, 0.75, 1 ]
					},
					{ "time": 5.3333, "color": "ffffff64" }
				]
			}
		},
		"bones": {
			"Body02_": {
				"scale": [
					{
						"time": 0,
						"x": 1,
						"y": 1,
						"curve": [ 0.25, 0, 0.75, 1 ]
					},
					{
						"time": 1.3333,
						"x": 1.02,
						"y": 1,
						"curve": [ 0.25, 0, 0.75, 1 ]
					},
					{
						"time": 2.6667,
						"x": 1,
						"y": 1,
						"curve": [ 0.25, 0, 0.75, 1 ]
					},
					{
						"time": 4,
						"x": 1.02,
						"y": 1,
						"curve": [ 0.25, 0, 0.75, 1 ]
					},
					{ "time": 5.3333, "x": 1, "y": 1 }
				]
			},
			"Body01_": {
				"rotate": [
					{
						"time": 0,
						"angle": 0,
						"curve": [ 0.077, 0.1, 0.75, 1 ]
					},
					{
						"time": 0.6667,
						"angle": -0.67,
						"curve": [ 0.25, 0, 0.75, 1 ]
					},
					{
						"time": 2,
						"angle": 0.75,
						"curve": [ 0.25, 0, 0.923, 0.9 ]
					},
					{
						"time": 2.6667,
						"angle": 0,
						"curve": [ 0.077, 0.1, 0.75, 1 ]
					},
					{
						"time": 3.3333,
						"angle": -0.67,
						"curve": [ 0.25, 0, 0.75, 1 ]
					},
					{
						"time": 4.6667,
						"angle": 0.75,
						"curve": [ 0.25, 0, 0.923, 0.9 ]
					},
					{ "time": 5.3333, "angle": 0 }
				]
			},
			"Head01_": {
				"rotate": [
					{
						"time": 0,
						"angle": 1.61,
						"curve": [ 0.25, 0, 0.75, 1 ]
					},
					{
						"time": 1.3333,
						"angle": -0.61,
						"curve": [ 0.25, 0, 0.75, 1 ]
					},
					{
						"time": 2.6667,
						"angle": 1.61,
						"curve": [ 0.25, 0, 0.75, 1 ]
					},
					{
						"time": 4,
						"angle": -0.61,
						"curve": [ 0.25, 0, 0.75, 1 ]
					},
					{ "time": 5.3333, "angle": 1.61 }
				]
			},
			"L_kuijia_": {
				"rotate": [
					{
						"time": 0,
						"angle": 1.75,
						"curve": [ 0.25, 0, 0.75, 1 ]
					},
					{
						"time": 1.3333,
						"angle": 3.78,
						"curve": [ 0.25, 0, 0.75, 1 ]
					},
					{
						"time": 2.6667,
						"angle": 1.75,
						"curve": [ 0.25, 0, 0.75, 1 ]
					},
					{
						"time": 4,
						"angle": 3.78,
						"curve": [ 0.25, 0, 0.75, 1 ]
					},
					{ "time": 5.3333, "angle": 1.75 }
				]
			},
			"L_Dabi_": {
				"rotate": [
					{
						"time": 0,
						"angle": 0,
						"curve": [ 0.063, 0.08, 0.75, 1 ]
					},
					{
						"time": 0.6667,
						"angle": -2.49,
						"curve": [ 0.25, 0, 0.75, 1 ]
					},
					{
						"time": 2,
						"angle": 2.42,
						"curve": [ 0.25, 0, 0.947, 0.91 ]
					},
					{
						"time": 2.6667,
						"angle": 0,
						"curve": [ 0.063, 0.08, 0.75, 1 ]
					},
					{
						"time": 3.3333,
						"angle": -2.49,
						"curve": [ 0.25, 0, 0.75, 1 ]
					},
					{
						"time": 4.6667,
						"angle": 2.42,
						"curve": [ 0.25, 0, 0.947, 0.91 ]
					},
					{ "time": 5.3333, "angle": 0 }
				]
			},
			"L_Xiaobi_": {
				"rotate": [
					{
						"time": 0,
						"angle": 5.72,
						"curve": [ 0.25, 0, 0.75, 1 ]
					},
					{
						"time": 1.3333,
						"angle": -3.81,
						"curve": [ 0.25, 0, 0.75, 1 ]
					},
					{
						"time": 2.6667,
						"angle": 5.72,
						"curve": [ 0.25, 0, 0.75, 1 ]
					},
					{
						"time": 4,
						"angle": -3.81,
						"curve": [ 0.25, 0, 0.75, 1 ]
					},
					{ "time": 5.3333, "angle": 5.72 }
				]
			},
			"piaoda03_": {
				"rotate": [
					{
						"time": 0,
						"angle": 0,
						"curve": [ 0.25, 0, 0.75, 1 ]
					},
					{
						"time": 1.3333,
						"angle": 13.55,
						"curve": [ 0.25, 0, 0.75, 1 ]
					},
					{
						"time": 2.6667,
						"angle": 0,
						"curve": [ 0.25, 0, 0.75, 1 ]
					},
					{
						"time": 4,
						"angle": 13.55,
						"curve": [ 0.25, 0, 0.75, 1 ]
					},
					{ "time": 5.3333, "angle": 0 }
				]
			},
			"piaoda03_2": {
				"rotate": [
					{
						"time": 0,
						"angle": -9.71,
						"curve": [ 0.063, 0.09, 0.75, 1 ]
					},
					{
						"time": 0.6667,
						"angle": -30.76,
						"curve": [ 0.25, 0, 0.75, 1 ]
					},
					{
						"time": 2,
						"angle": -1.61,
						"curve": [ 0.25, 0, 0.933, 0.92 ]
					},
					{
						"time": 2.6667,
						"angle": -9.71,
						"curve": [ 0.063, 0.09, 0.75, 1 ]
					},
					{
						"time": 3.3333,
						"angle": -30.76,
						"curve": [ 0.25, 0, 0.75, 1 ]
					},
					{
						"time": 4.6667,
						"angle": -1.61,
						"curve": [ 0.25, 0, 0.933, 0.92 ]
					},
					{ "time": 5.3333, "angle": -9.71 }
				]
			},
			"piaoda03_3": {
				"rotate": [
					{
						"time": 0,
						"angle": 16.79,
						"curve": [ 0.25, 0, 0.75, 1 ]
					},
					{
						"time": 1.3333,
						"angle": -19.02,
						"curve": [ 0.25, 0, 0.75, 1 ]
					},
					{
						"time": 2.6667,
						"angle": 16.79,
						"curve": [ 0.25, 0, 0.75, 1 ]
					},
					{
						"time": 4,
						"angle": -19.02,
						"curve": [ 0.25, 0, 0.75, 1 ]
					},
					{ "time": 5.3333, "angle": 16.79 }
				]
			},
			"piaoda03_4": {
				"rotate": [
					{
						"time": 0,
						"angle": 0,
						"curve": [ 0.082, 0.12, 0.75, 1 ]
					},
					{
						"time": 0.6667,
						"angle": 21.42,
						"curve": [ 0.25, 0, 0.75, 1 ]
					},
					{
						"time": 2,
						"angle": -17.31,
						"curve": [ 0.25, 0, 0.937, 0.89 ]
					},
					{
						"time": 2.6667,
						"angle": 0,
						"curve": [ 0.082, 0.12, 0.75, 1 ]
					},
					{
						"time": 3.3333,
						"angle": 21.42,
						"curve": [ 0.25, 0, 0.75, 1 ]
					},
					{
						"time": 4.6667,
						"angle": -17.31,
						"curve": [ 0.25, 0, 0.937, 0.89 ]
					},
					{ "time": 5.3333, "angle": 0 }
				]
			},
			"Hair01_": {
				"rotate": [
					{
						"time": 0,
						"angle": 0,
						"curve": [ 0.25, 0, 0.75, 1 ]
					},
					{
						"time": 1.3333,
						"angle": 23.82,
						"curve": [ 0.25, 0, 0.75, 1 ]
					},
					{
						"time": 2.6667,
						"angle": 0,
						"curve": [ 0.25, 0, 0.75, 1 ]
					},
					{
						"time": 4,
						"angle": 23.82,
						"curve": [ 0.25, 0, 0.75, 1 ]
					},
					{ "time": 5.3333, "angle": 0 }
				]
			},
			"Hair01_2": {
				"rotate": [
					{
						"time": 0,
						"angle": 0,
						"curve": [ 0.067, 0.11, 0.75, 1 ]
					},
					{
						"time": 0.6667,
						"angle": -19,
						"curve": [ 0.25, 0, 0.75, 1 ]
					},
					{
						"time": 2,
						"angle": 17.94,
						"curve": [ 0.25, 0, 0.971, 0.91 ]
					},
					{
						"time": 2.6667,
						"angle": 0,
						"curve": [ 0.067, 0.11, 0.75, 1 ]
					},
					{
						"time": 3.3333,
						"angle": -19,
						"curve": [ 0.25, 0, 0.75, 1 ]
					},
					{
						"time": 4.6667,
						"angle": 17.94,
						"curve": [ 0.25, 0, 0.971, 0.91 ]
					},
					{ "time": 5.3333, "angle": 0 }
				]
			},
			"Hair04_": {
				"rotate": [
					{
						"time": 0,
						"angle": 0,
						"curve": [ 0.25, 0, 0.75, 1 ]
					},
					{
						"time": 1.3333,
						"angle": -15.36,
						"curve": [ 0.25, 0, 0.75, 1 ]
					},
					{
						"time": 2.6667,
						"angle": 0,
						"curve": [ 0.25, 0, 0.75, 1 ]
					},
					{
						"time": 4,
						"angle": -15.36,
						"curve": [ 0.25, 0, 0.75, 1 ]
					},
					{ "time": 5.3333, "angle": 0 }
				]
			},
			"Hair04_2": {
				"rotate": [
					{
						"time": 0,
						"angle": 0,
						"curve": [ 0.091, 0.11, 0.75, 1 ]
					},
					{
						"time": 0.6667,
						"angle": 17.96,
						"curve": [ 0.25, 0, 0.75, 1 ]
					},
					{
						"time": 2,
						"angle": -15.8,
						"curve": [ 0.25, 0, 0.947, 0.9 ]
					},
					{
						"time": 2.6667,
						"angle": 0,
						"curve": [ 0.091, 0.11, 0.75, 1 ]
					},
					{
						"time": 3.3333,
						"angle": 17.96,
						"curve": [ 0.25, 0, 0.75, 1 ]
					},
					{
						"time": 4.6667,
						"angle": -15.8,
						"curve": [ 0.25, 0, 0.947, 0.9 ]
					},
					{ "time": 5.3333, "angle": 0 }
				]
			},
			"Hair04_3": {
				"rotate": [
					{
						"time": 0,
						"angle": 0,
						"curve": [ 0.25, 0, 0.75, 1 ]
					},
					{
						"time": 1.3333,
						"angle": 17.34,
						"curve": [ 0.25, 0, 0.75, 1 ]
					},
					{
						"time": 2.6667,
						"angle": 0,
						"curve": [ 0.25, 0, 0.75, 1 ]
					},
					{
						"time": 4,
						"angle": 17.34,
						"curve": [ 0.25, 0, 0.75, 1 ]
					},
					{ "time": 5.3333, "angle": 0 }
				]
			},
			"Hair08_": {
				"rotate": [
					{
						"time": 0,
						"angle": -4.47,
						"curve": [ 0.25, 0, 0.75, 1 ]
					},
					{
						"time": 1.3333,
						"angle": -10.93,
						"curve": [ 0.25, 0, 0.75, 1 ]
					},
					{
						"time": 2.6667,
						"angle": -4.47,
						"curve": [ 0.25, 0, 0.75, 1 ]
					},
					{
						"time": 4,
						"angle": -10.93,
						"curve": [ 0.25, 0, 0.75, 1 ]
					},
					{ "time": 5.3333, "angle": -4.47 }
				]
			},
			"Hair08_2": {
				"rotate": [
					{
						"time": 0,
						"angle": 13.91,
						"curve": [ 0.048, 0.09, 0.75, 1 ]
					},
					{
						"time": 0.6667,
						"angle": 40.31,
						"curve": [ 0.25, 0, 0.75, 1 ]
					},
					{
						"time": 2,
						"angle": -22.21,
						"curve": [ 0.25, 0, 0.947, 0.91 ]
					},
					{
						"time": 2.6667,
						"angle": 13.91,
						"curve": [ 0.048, 0.09, 0.75, 1 ]
					},
					{
						"time": 3.3333,
						"angle": 40.31,
						"curve": [ 0.25, 0, 0.75, 1 ]
					},
					{
						"time": 4.6667,
						"angle": -22.21,
						"curve": [ 0.25, 0, 0.947, 0.91 ]
					},
					{ "time": 5.3333, "angle": 13.91 }
				]
			},
			"Hair08_3": {
				"rotate": [
					{
						"time": 0,
						"angle": -21.16,
						"curve": [ 0.25, 0, 0.75, 1 ]
					},
					{
						"time": 1.3333,
						"angle": 14.62,
						"curve": [ 0.25, 0, 0.75, 1 ]
					},
					{
						"time": 2.6667,
						"angle": -21.16,
						"curve": [ 0.25, 0, 0.75, 1 ]
					},
					{
						"time": 4,
						"angle": 14.62,
						"curve": [ 0.25, 0, 0.75, 1 ]
					},
					{ "time": 5.3333, "angle": -21.16 }
				]
			},
			"Hair02_": {
				"rotate": [
					{
						"time": 0,
						"angle": -10.18,
						"curve": [ 0.25, 0, 0.75, 1 ]
					},
					{
						"time": 1.3333,
						"angle": 5.84,
						"curve": [ 0.25, 0, 0.75, 1 ]
					},
					{
						"time": 2.6667,
						"angle": -10.18,
						"curve": [ 0.25, 0, 0.75, 1 ]
					},
					{
						"time": 4,
						"angle": 5.84,
						"curve": [ 0.25, 0, 0.75, 1 ]
					},
					{ "time": 5.3333, "angle": -10.18 }
				]
			},
			"Hair02_2": {
				"rotate": [
					{
						"time": 0,
						"angle": 0,
						"curve": [ 0.039, 0.08, 0.75, 1 ]
					},
					{
						"time": 0.6667,
						"angle": -10.55,
						"curve": [ 0.25, 0, 0.75, 1 ]
					},
					{
						"time": 2,
						"angle": 26.41,
						"curve": [ 0.25, 0, 0.961, 0.92 ]
					},
					{
						"time": 2.6667,
						"angle": 0,
						"curve": [ 0.039, 0.08, 0.75, 1 ]
					},
					{
						"time": 3.3333,
						"angle": -10.55,
						"curve": [ 0.25, 0, 0.75, 1 ]
					},
					{
						"time": 4.6667,
						"angle": 26.41,
						"curve": [ 0.25, 0, 0.961, 0.92 ]
					},
					{ "time": 5.3333, "angle": 0 }
				]
			},
			"Hair02_3": {
				"rotate": [
					{
						"time": 0,
						"angle": 41.03,
						"curve": [ 0.25, 0, 0.75, 1 ]
					},
					{
						"time": 1.3333,
						"angle": -10.46,
						"curve": [ 0.25, 0, 0.75, 1 ]
					},
					{
						"time": 2.6667,
						"angle": 41.03,
						"curve": [ 0.25, 0, 0.75, 1 ]
					},
					{
						"time": 4,
						"angle": -10.46,
						"curve": [ 0.25, 0, 0.75, 1 ]
					},
					{ "time": 5.3333, "angle": 41.03 }
				]
			},
			"Head01_5": {
				"rotate": [
					{
						"time": 0,
						"angle": 6.96,
						"curve": [ 0.077, 0.07, 0.75, 1 ]
					},
					{
						"time": 0.6667,
						"angle": 1.28,
						"curve": [ 0.25, 0, 0.75, 1 ]
					},
					{
						"time": 2,
						"angle": 14.1,
						"curve": [ 0.25, 0, 0.947, 0.92 ]
					},
					{
						"time": 2.6667,
						"angle": 6.96,
						"curve": [ 0.077, 0.07, 0.75, 1 ]
					},
					{
						"time": 3.3333,
						"angle": 1.28,
						"curve": [ 0.25, 0, 0.75, 1 ]
					},
					{
						"time": 4.6667,
						"angle": 14.1,
						"curve": [ 0.25, 0, 0.947, 0.92 ]
					},
					{ "time": 5.3333, "angle": 6.96 }
				]
			},
			"Hair07_": {
				"rotate": [
					{
						"time": 0,
						"angle": -1.66,
						"curve": [ 0.067, 0.1, 0.75, 1 ]
					},
					{
						"time": 0.6667,
						"angle": 11.98,
						"curve": [ 0.25, 0, 0.75, 1 ]
					},
					{
						"time": 2,
						"angle": -12.59,
						"curve": [ 0.25, 0, 0.928, 0.9 ]
					},
					{
						"time": 2.6667,
						"angle": -1.66,
						"curve": [ 0.067, 0.1, 0.75, 1 ]
					},
					{
						"time": 3.3333,
						"angle": 11.98,
						"curve": [ 0.25, 0, 0.75, 1 ]
					},
					{
						"time": 4.6667,
						"angle": -12.59,
						"curve": [ 0.25, 0, 0.928, 0.9 ]
					},
					{ "time": 5.3333, "angle": -1.66 }
				]
			},
			"Hair07_2": {
				"rotate": [
					{
						"time": 0,
						"angle": -14.57,
						"curve": [ 0.25, 0, 0.75, 1 ]
					},
					{
						"time": 1.3,
						"angle": 22.67,
						"curve": [ 0.25, 0, 0.75, 1 ]
					},
					{
						"time": 2.6667,
						"angle": -14.57,
						"curve": [ 0.25, 0, 0.75, 1 ]
					},
					{
						"time": 3.9667,
						"angle": 22.67,
						"curve": [ 0.25, 0, 0.75, 1 ]
					},
					{ "time": 5.3333, "angle": -14.57 }
				]
			},
			"Hair03_": {
				"rotate": [
					{
						"time": 0,
						"angle": 0,
						"curve": [ 0.25, 0, 0.75, 1 ]
					},
					{
						"time": 1.3333,
						"angle": 15.15,
						"curve": [ 0.25, 0, 0.75, 1 ]
					},
					{
						"time": 2.6667,
						"angle": 0,
						"curve": [ 0.25, 0, 0.75, 1 ]
					},
					{
						"time": 4,
						"angle": 15.15,
						"curve": [ 0.25, 0, 0.75, 1 ]
					},
					{ "time": 5.3333, "angle": 0 }
				]
			},
			"Hair03_2": {
				"rotate": [
					{
						"time": 0,
						"angle": -2.5,
						"curve": [ 0.053, 0.08, 0.75, 1 ]
					},
					{
						"time": 0.6667,
						"angle": -25.6,
						"curve": [ 0.25, 0, 0.75, 1 ]
					},
					{
						"time": 2,
						"angle": 16.35,
						"curve": [ 0.25, 0, 0.966, 0.91 ]
					},
					{
						"time": 2.6667,
						"angle": -2.5,
						"curve": [ 0.053, 0.08, 0.75, 1 ]
					},
					{
						"time": 3.3333,
						"angle": -25.6,
						"curve": [ 0.25, 0, 0.75, 1 ]
					},
					{
						"time": 4.6667,
						"angle": 16.35,
						"curve": [ 0.25, 0, 0.966, 0.91 ]
					},
					{ "time": 5.3333, "angle": -2.5 }
				]
			},
			"Hair03_3": {
				"rotate": [
					{
						"time": 0,
						"angle": 9.84,
						"curve": [ 0.25, 0, 0.75, 1 ]
					},
					{
						"time": 1.3333,
						"angle": -29.34,
						"curve": [ 0.25, 0, 0.75, 1 ]
					},
					{
						"time": 2.6667,
						"angle": 9.84,
						"curve": [ 0.25, 0, 0.75, 1 ]
					},
					{
						"time": 4,
						"angle": -29.34,
						"curve": [ 0.25, 0, 0.75, 1 ]
					},
					{ "time": 5.3333, "angle": 9.84 }
				]
			},
			"Hair03_4": {
				"rotate": [
					{
						"time": 0,
						"angle": 19.86,
						"curve": [ 0.058, 0.08, 0.75, 1 ]
					},
					{
						"time": 0.6667,
						"angle": 38.73,
						"curve": [ 0.25, 0, 0.75, 1 ]
					},
					{
						"time": 2,
						"angle": -23.07,
						"curve": [ 0.25, 0, 0.947, 0.91 ]
					},
					{
						"time": 2.6667,
						"angle": 19.86,
						"curve": [ 0.058, 0.08, 0.75, 1 ]
					},
					{
						"time": 3.3333,
						"angle": 38.73,
						"curve": [ 0.25, 0, 0.75, 1 ]
					},
					{
						"time": 4.6667,
						"angle": -23.07,
						"curve": [ 0.25, 0, 0.947, 0.91 ]
					},
					{ "time": 5.3333, "angle": 19.86 }
				]
			},
			"Head01_6": {
				"rotate": [
					{
						"time": 0,
						"angle": 3.94,
						"curve": [ 0.25, 0, 0.75, 1 ]
					},
					{
						"time": 1.3333,
						"angle": -25.43,
						"curve": [ 0.25, 0, 0.75, 1 ]
					},
					{
						"time": 2.6667,
						"angle": 3.94,
						"curve": [ 0.25, 0, 0.75, 1 ]
					},
					{
						"time": 4,
						"angle": -25.43,
						"curve": [ 0.25, 0, 0.75, 1 ]
					},
					{ "time": 5.3333, "angle": 3.94 }
				]
			},
			"Head01_7": {
				"rotate": [
					{
						"time": 0,
						"angle": 0,
						"curve": [ 0.063, 0.1, 0.75, 1 ]
					},
					{
						"time": 0.6667,
						"angle": 32.15,
						"curve": [ 0.25, 0, 0.75, 1 ]
					},
					{
						"time": 2,
						"angle": -26.76,
						"curve": [ 0.25, 0, 0.942, 0.91 ]
					},
					{
						"time": 2.6667,
						"angle": 0,
						"curve": [ 0.063, 0.1, 0.75, 1 ]
					},
					{
						"time": 3.3333,
						"angle": 32.15,
						"curve": [ 0.25, 0, 0.75, 1 ]
					},
					{
						"time": 4.6667,
						"angle": -26.76,
						"curve": [ 0.25, 0, 0.942, 0.91 ]
					},
					{ "time": 5.3333, "angle": 0 }
				]
			},
			"Body02_2": {
				"rotate": [
					{
						"time": 0,
						"angle": 0,
						"curve": [ 0.25, 0, 0.75, 1 ]
					},
					{
						"time": 1.3333,
						"angle": -8.81,
						"curve": [ 0.25, 0, 0.75, 1 ]
					},
					{
						"time": 2.6667,
						"angle": 0,
						"curve": [ 0.25, 0, 0.75, 1 ]
					},
					{
						"time": 4,
						"angle": -8.81,
						"curve": [ 0.25, 0, 0.75, 1 ]
					},
					{ "time": 5.3333, "angle": 0 }
				]
			},
			"piaodai04_": {
				"rotate": [
					{
						"time": 0,
						"angle": 0,
						"curve": [ 0.053, 0.09, 0.75, 1 ]
					},
					{
						"time": 0.6667,
						"angle": 15.6,
						"curve": [ 0.25, 0, 0.75, 1 ]
					},
					{
						"time": 2,
						"angle": -17.26,
						"curve": [ 0.25, 0, 0.952, 0.9 ]
					},
					{
						"time": 2.6667,
						"angle": 0,
						"curve": [ 0.053, 0.09, 0.75, 1 ]
					},
					{
						"time": 3.3333,
						"angle": 15.6,
						"curve": [ 0.25, 0, 0.75, 1 ]
					},
					{
						"time": 4.6667,
						"angle": -17.26,
						"curve": [ 0.25, 0, 0.952, 0.9 ]
					},
					{ "time": 5.3333, "angle": 0 }
				],
				"scale": [
					{ "time": 0, "x": 1.2, "y": 1, "curve": "stepped" },
					{ "time": 2.6667, "x": 1.2, "y": 1 }
				]
			},
			"piaoda01_": {
				"translate": [
					{
						"time": 0,
						"x": 0,
						"y": 0,
						"curve": [ 0.077, 0.13, 0.75, 1 ]
					},
					{
						"time": 0.6667,
						"x": 0,
						"y": 29.63,
						"curve": [ 0.25, 0, 0.75, 1 ]
					},
					{
						"time": 2,
						"x": 0,
						"y": -55.93,
						"curve": [ 0.25, 0, 0.947, 0.91 ]
					},
					{
						"time": 2.6667,
						"x": 0,
						"y": 0,
						"curve": [ 0.077, 0.13, 0.75, 1 ]
					},
					{
						"time": 3.3333,
						"x": 0,
						"y": 29.63,
						"curve": [ 0.25, 0, 0.75, 1 ]
					},
					{
						"time": 4.6667,
						"x": 0,
						"y": -55.93,
						"curve": [ 0.25, 0, 0.947, 0.91 ]
					},
					{ "time": 5.3333, "x": 0, "y": 0 }
				]
			},
			"piaoda01_3": {
				"translate": [
					{
						"time": 0,
						"x": 0,
						"y": 0,
						"curve": [ 0.25, 0, 0.75, 1 ]
					},
					{
						"time": 1.3333,
						"x": 35.6,
						"y": 0,
						"curve": [ 0.25, 0, 0.75, 1 ]
					},
					{
						"time": 2.6667,
						"x": 0,
						"y": 0,
						"curve": [ 0.25, 0, 0.75, 1 ]
					},
					{
						"time": 4,
						"x": 35.6,
						"y": 0,
						"curve": [ 0.25, 0, 0.75, 1 ]
					},
					{ "time": 5.3333, "x": 0, "y": 0 }
				]
			},
			"piaoda01_2": {
				"translate": [
					{
						"time": 0,
						"x": 0,
						"y": 0,
						"curve": [ 0.25, 0, 0.75, 1 ]
					},
					{
						"time": 1.3333,
						"x": 49.64,
						"y": -52.12,
						"curve": [ 0.25, 0, 0.75, 1 ]
					},
					{
						"time": 2.6667,
						"x": 0,
						"y": 0,
						"curve": [ 0.25, 0, 0.75, 1 ]
					},
					{
						"time": 4,
						"x": 49.64,
						"y": -52.12,
						"curve": [ 0.25, 0, 0.75, 1 ]
					},
					{ "time": 5.3333, "x": 0, "y": 0 }
				]
			},
			"piaoda01_4": {
				"translate": [
					{
						"time": 0,
						"x": 0,
						"y": 0,
						"curve": [ 0.058, 0.09, 0.75, 1 ]
					},
					{
						"time": 0.6667,
						"x": 0,
						"y": -45.5,
						"curve": [ 0.25, 0, 0.75, 1 ]
					},
					{
						"time": 2,
						"x": 0,
						"y": 56.88,
						"curve": [ 0.25, 0, 0.957, 0.91 ]
					},
					{
						"time": 2.6667,
						"x": 0,
						"y": 0,
						"curve": [ 0.058, 0.09, 0.75, 1 ]
					},
					{
						"time": 3.3333,
						"x": 0,
						"y": -45.5,
						"curve": [ 0.25, 0, 0.75, 1 ]
					},
					{
						"time": 4.6667,
						"x": 0,
						"y": 56.88,
						"curve": [ 0.25, 0, 0.957, 0.91 ]
					},
					{ "time": 5.3333, "x": 0, "y": 0 }
				]
			},
			"piaoda01_5": {
				"translate": [
					{
						"time": 0,
						"x": 0,
						"y": 0,
						"curve": [ 0.25, 0, 0.75, 1 ]
					},
					{
						"time": 1.3333,
						"x": 0,
						"y": -37.92,
						"curve": [ 0.25, 0, 0.75, 1 ]
					},
					{
						"time": 2.6667,
						"x": 0,
						"y": 0,
						"curve": [ 0.25, 0, 0.75, 1 ]
					},
					{
						"time": 4,
						"x": 0,
						"y": -37.92,
						"curve": [ 0.25, 0, 0.75, 1 ]
					},
					{ "time": 5.3333, "x": 0, "y": 0 }
				]
			},
			"piaoda02_": {
				"rotate": [
					{
						"time": 0,
						"angle": -6.51,
						"curve": [ 0.25, 0, 0.75, 1 ]
					},
					{
						"time": 1.3333,
						"angle": 12.96,
						"curve": [ 0.25, 0, 0.75, 1 ]
					},
					{
						"time": 2.6667,
						"angle": -6.51,
						"curve": [ 0.25, 0, 0.75, 1 ]
					},
					{
						"time": 4,
						"angle": 12.96,
						"curve": [ 0.25, 0, 0.75, 1 ]
					},
					{ "time": 5.3333, "angle": -6.51 }
				]
			},
			"piaoda02_2": {
				"rotate": [
					{
						"time": 0,
						"angle": 20.78,
						"curve": [ 0.034, 0.06, 0.75, 1 ]
					},
					{
						"time": 0.6667,
						"angle": -6.28,
						"curve": [ 0.25, 0, 0.75, 1 ]
					},
					{
						"time": 2,
						"angle": 35.61,
						"curve": [ 0.25, 0, 0.966, 0.9 ]
					},
					{
						"time": 2.6667,
						"angle": 20.78,
						"curve": [ 0.034, 0.06, 0.75, 1 ]
					},
					{
						"time": 3.3333,
						"angle": -6.28,
						"curve": [ 0.25, 0, 0.75, 1 ]
					},
					{
						"time": 4.6667,
						"angle": 35.61,
						"curve": [ 0.25, 0, 0.966, 0.9 ]
					},
					{ "time": 5.3333, "angle": 20.78 }
				]
			},
			"piaoda02_3": {
				"rotate": [
					{
						"time": 0,
						"angle": 19.49,
						"curve": [ 0.25, 0, 0.75, 1 ]
					},
					{
						"time": 1.3333,
						"angle": -55.75,
						"curve": [ 0.25, 0, 0.75, 1 ]
					},
					{
						"time": 2.6667,
						"angle": 19.49,
						"curve": [ 0.25, 0, 0.75, 1 ]
					},
					{
						"time": 4,
						"angle": -55.75,
						"curve": [ 0.25, 0, 0.75, 1 ]
					},
					{ "time": 5.3333, "angle": 19.49 }
				]
			},
			"piaoda02_4": {
				"rotate": [
					{
						"time": 0,
						"angle": 0,
						"curve": [ 0.058, 0.1, 0.75, 1 ]
					},
					{
						"time": 0.6667,
						"angle": 49.85,
						"curve": [ 0.25, 0, 0.75, 1 ]
					},
					{
						"time": 2,
						"angle": -46.01,
						"curve": [ 0.25, 0, 0.952, 0.9 ]
					},
					{
						"time": 2.6667,
						"angle": 0,
						"curve": [ 0.058, 0.1, 0.75, 1 ]
					},
					{
						"time": 3.3333,
						"angle": 49.85,
						"curve": [ 0.25, 0, 0.75, 1 ]
					},
					{
						"time": 4.6667,
						"angle": -46.01,
						"curve": [ 0.25, 0, 0.952, 0.9 ]
					},
					{ "time": 5.3333, "angle": 0 }
				]
			},
			"suipian_": {
				"translate": [
					{ "time": 0, "x": -26.8, "y": 619.08, "curve": "stepped" },
					{ "time": 2.6667, "x": -26.8, "y": 619.08 }
				]
			},
			"smoke_": {
				"translate": [
					{ "time": 0, "x": -262.64, "y": 503.84, "curve": "stepped" },
					{ "time": 2.6667, "x": -262.64, "y": 503.84 }
				]
			},
			"fazhen": {
				"translate": [
					{ "time": 0, "x": 48.88, "y": 850.35 }
				]
			},
			"fazhen_out": {
				"rotate": [
					{ "time": 0, "angle": 0 },
					{ "time": 1.7333, "angle": 120 },
					{ "time": 3.5333, "angle": -120 },
					{ "time": 5.3333, "angle": 0 }
				]
			},
			"fazhen_M": {
				"rotate": [
					{ "time": 0, "angle": 0 },
					{ "time": 1.7667, "angle": -120 },
					{ "time": 3.5, "angle": 120 },
					{ "time": 5.3333, "angle": 0 }
				]
			},
			"fazhen_in": {
				"rotate": [
					{ "time": 0, "angle": 0 },
					{ "time": 1.7333, "angle": 120 },
					{ "time": 3.5333, "angle": -120 },
					{ "time": 5.3333, "angle": 0 }
				]
			}
		}
	}
}
}