{
"skeleton": { "hash": "qhXFfyfR08tCTisSX+tfS3NLW+s", "spine": "3.7.94", "width": 966.71, "height": 1238.13, "images": "./images/", "audio": "F:/COK项目/Spine工程/觉醒骑士spine" },
"bones": [
	{ "name": "root", "x": -12.07, "y": 2.41, "scaleX": 1.38, "scaleY": 1.38 },
	{ "name": "BJ", "parent": "root" },
	{ "name": "Body", "parent": "root" },
	{ "name": "L_leg_", "parent": "Body", "length": 280.38, "rotation": 92.55, "x": -2.02, "y": 5.15 },
	{ "name": "Body01_", "parent": "L_leg_", "length": 154.33, "rotation": -4.66, "x": 266.88, "y": 2.87 },
	{ "name": "Body01_2", "parent": "Body01_", "length": 119.12, "rotation": 3.74, "x": 154.33 },
	{ "name": "Head_", "parent": "Body01_2", "length": 155.86, "rotation": -6.23, "x": 114.62, "y": 1.26 },
	{ "name": "Body01_3", "parent": "Body01_2", "length": 73.16, "rotation": -97.28, "x": 86.46, "y": -11.66 },
	{ "name": "L_dabi_", "parent": "Body01_3", "length": 122.72, "rotation": -57.62, "x": 70.85, "y": -1.03 },
	{ "name": "L_xiaobi_", "parent": "L_dabi_", "length": 44.81, "rotation": 64.29, "x": 121.65, "y": 1.43 },
	{ "name": "L_hand_", "parent": "L_xiaobi_", "length": 41.58, "rotation": 18.78, "x": 39.97, "y": -2.31 },
	{ "name": "L_hand_2", "parent": "Body01_2", "length": 89.17, "rotation": 97.66, "x": 89.38, "y": 6.67 },
	{ "name": "R_dabi_", "parent": "L_hand_2", "length": 149.81, "rotation": 71.8, "x": 82.32, "y": 2.74 },
	{ "name": "R_xiaobi_", "parent": "R_dabi_", "length": 138.49, "rotation": -0.06, "x": 165.94, "y": -4.76 },
	{ "name": "R_xiaobi_2", "parent": "R_xiaobi_", "length": 85.88, "rotation": 18.08, "x": 137.83, "y": -0.91 },
	{ "name": "Hair02_", "parent": "Head_", "length": 50.89, "rotation": -171.96, "x": 74.89, "y": 35.43 },
	{ "name": "Hair02_2", "parent": "Hair02_", "length": 35.32, "rotation": 24.45, "x": 50.89 },
	{ "name": "Hair01_", "parent": "Head_", "length": 35.65, "rotation": -163.52, "x": 77.45, "y": -42.34 },
	{ "name": "Hair01_2", "parent": "Hair01_", "length": 40.41, "rotation": -13.62, "x": 35.65 },
	{ "name": "Hair01_3", "parent": "Hair01_2", "length": 35.27, "rotation": -36.92, "x": 40.41 },
	{ "name": "L_maoling_", "parent": "Body01_2", "length": 62.49, "rotation": -33.64, "x": 182.56, "y": -37.51 },
	{ "name": "R_maoling_", "parent": "Body01_2", "length": 56.45, "rotation": 66.15, "x": 169.49, "y": 20.3 },
	{ "name": "R_maoling_2", "parent": "Body01_2", "length": 48.72, "rotation": 92.7, "x": 126.17, "y": 76.02 },
	{ "name": "R_maoling_3", "parent": "R_maoling_2", "length": 47.98, "rotation": 36.94, "x": 48.72 },
	{ "name": "L_piaodai_", "parent": "BJ", "x": 277.31, "y": 622.54 },
	{ "name": "L_piaodai_2", "parent": "BJ", "x": 171.87, "y": 472.53 },
	{ "name": "R_piaodai_", "parent": "BJ", "x": -300.98, "y": 629.06 },
	{ "name": "R_piaodai_2", "parent": "BJ", "x": -191.19, "y": 472.53 },
	{ "name": "wuqi_", "parent": "L_hand_", "length": 420.86, "rotation": -100.68, "x": 21.64, "y": 19.54 },
	{ "name": "R_pifeng_", "parent": "Body01_2", "length": 135.06, "rotation": 167.05, "x": 41.43, "y": 79.78 },
	{ "name": "R_pifeng_2", "parent": "R_pifeng_", "length": 119.03, "rotation": 3.75, "x": 135.06 },
	{ "name": "R_pifeng_3", "parent": "R_pifeng_2", "length": 126.35, "rotation": -0.11, "x": 119.03 },
	{ "name": "R_pifeng_4", "parent": "R_pifeng_3", "length": 107.91, "rotation": -3.27, "x": 126.35 },
	{ "name": "Peishi02_", "parent": "Body01_2", "length": 57.02, "rotation": -177.4, "x": 74.65, "y": -72.62 },
	{ "name": "Peishi02_2", "parent": "Peishi02_", "length": 57.02, "x": 56.94, "y": -1.05 },
	{ "name": "Peishi02_3", "parent": "Peishi02_2", "length": 62.21, "rotation": -1.33, "x": 58.07, "y": -0.08 },
	{ "name": "Body01_4", "parent": "Body01_2", "length": 37.65, "rotation": -63.16, "x": 134.47, "y": -75.61 },
	{ "name": "Body01_5", "parent": "Body01_4", "length": 48.86, "rotation": -15.87, "x": 37.92, "y": 0.49 },
	{ "name": "Body01_6", "parent": "Body01_2", "length": 59.97, "rotation": -103.47, "x": 86.56, "y": -99.83 },
	{ "name": "L_pifeng_", "parent": "Body01_2", "length": 128.48, "rotation": -165.06, "x": 14.98, "y": -73.61 },
	{ "name": "L_pifeng_2", "parent": "L_pifeng_", "length": 113.9, "rotation": 0.21, "x": 128.48 },
	{ "name": "L_pifeng_3", "parent": "L_pifeng_2", "length": 128.22, "rotation": -0.61, "x": 113.9 },
	{ "name": "L_pifeng_4", "parent": "L_pifeng_3", "length": 102.88, "rotation": 3.58, "x": 128.22 },
	{ "name": "Piaodai01_", "parent": "Body01_", "length": 89.57, "rotation": -164.47, "x": 18.24, "y": 20.56 },
	{ "name": "Piaodai01_2", "parent": "Piaodai01_", "length": 102.54, "rotation": -3.41, "x": 89.57 },
	{ "name": "Piaodai01_3", "parent": "Piaodai01_2", "length": 95.55, "rotation": -4.06, "x": 102.54 },
	{ "name": "target2", "parent": "root", "x": 105.05, "y": 396.57, "color": "ff3f00ff" },
	{
		"name": "baoshi_",
		"parent": "Head_",
		"rotation": -85.41,
		"x": 127.84,
		"y": -0.63,
		"scaleX": 2,
		"scaleY": 2
	},
	{
		"name": "body_glow_",
		"parent": "Body01_",
		"rotation": -87.89,
		"x": 130.81,
		"y": -11.96,
		"scaleX": 4,
		"scaleY": 4
	},
	{ "name": "fire_F_", "parent": "root", "y": -12.99, "scaleX": 6, "scaleY": 6 },
	{ "name": "fire_B_", "parent": "root", "scaleX": 8.8, "scaleY": 8.8 },
	{
		"name": "fire_wuqi_",
		"parent": "wuqi_",
		"rotation": 88.91,
		"x": 131.71,
		"y": 1.63,
		"scaleX": 2,
		"scaleY": 2
	},
	{ "name": "huohua", "parent": "root", "y": 390.9, "scaleX": 3.536, "scaleY": 3.727 },
	{
		"name": "lg_D",
		"parent": "wuqi_",
		"rotation": 89.93,
		"x": 299.69,
		"y": -4.22,
		"scaleX": 2,
		"scaleY": 2
	},
	{
		"name": "lg_UP",
		"parent": "wuqi_",
		"rotation": 89.2,
		"x": 147.22,
		"y": -1.22,
		"scaleX": 2,
		"scaleY": 2
	},
	{
		"name": "star",
		"parent": "Head_",
		"rotation": -85.41,
		"x": 131.77,
		"y": 1.08,
		"scaleX": 2,
		"scaleY": 2
	},
	{
		"name": "body_glow_2",
		"parent": "Body01_",
		"rotation": -87.89,
		"x": 130.81,
		"y": -11.96,
		"scaleX": 4,
		"scaleY": 4
	},
	{ "name": "BJ2", "parent": "BJ", "x": -21.07, "y": 402.84, "scaleX": 1.095, "scaleY": 1.1 }
],
"slots": [
	{ "name": "Beijing_", "bone": "BJ2", "attachment": "Beijing_" },
	{ "name": "fire_B_", "bone": "fire_B_" },
	{ "name": "body_glow_2", "bone": "body_glow_2", "blend": "additive" },
	{ "name": "R_piaodai_", "bone": "R_piaodai_", "attachment": "R_piaodai_" },
	{ "name": "L_piaodai_", "bone": "L_piaodai_", "attachment": "L_piaodai_" },
	{ "name": "L_maoling_", "bone": "L_maoling_", "attachment": "L_maoling_" },
	{ "name": "R_maoling_", "bone": "R_maoling_", "attachment": "R_maoling_" },
	{ "name": "L_pifeng_", "bone": "L_pifeng_", "attachment": "L_pifeng_" },
	{ "name": "R_pifeng_", "bone": "R_pifeng_", "attachment": "R_pifeng_" },
	{ "name": "R_xiaobi_", "bone": "R_xiaobi_", "attachment": "R_xiaobi_" },
	{ "name": "R_dabi_", "bone": "R_dabi_", "attachment": "R_dabi_" },
	{ "name": "L_leg_", "bone": "L_leg_", "attachment": "L_leg_" },
	{ "name": "R_leg_", "bone": "L_leg_", "attachment": "R_leg_" },
	{ "name": "Body01_", "bone": "Body01_", "attachment": "Body01_" },
	{ "name": "L_hutun_", "bone": "L_leg_", "attachment": "L_hutun_" },
	{ "name": "Head_", "bone": "Head_", "attachment": "Head_" },
	{ "name": "R_hutun_", "bone": "L_leg_", "attachment": "R_hutun_" },
	{ "name": "Piaodai01_", "bone": "Piaodai01_", "attachment": "Piaodai01_" },
	{ "name": "R_pifeng01_", "bone": "R_pifeng_", "attachment": "R_pifeng01_" },
	{ "name": "R_jianjia_", "bone": "L_hand_2", "attachment": "R_jianjia_" },
	{ "name": "Hair02_", "bone": "Hair02_", "attachment": "Hair02_" },
	{ "name": "Hair01_", "bone": "Hair01_", "attachment": "Hair01_" },
	{ "name": "L_dabi_", "bone": "L_dabi_", "attachment": "L_dabi_" },
	{ "name": "L_pifeng01_", "bone": "L_dabi_", "attachment": "L_pifeng01_" },
	{ "name": "L_jianjia_", "bone": "Body01_3", "attachment": "L_jianjia_" },
	{ "name": "Peishi02_", "bone": "Peishi02_", "attachment": "Peishi02_" },
	{ "name": "Peishi01_", "bone": "Body01_2", "attachment": "Peishi01_" },
	{ "name": "wuqi_", "bone": "wuqi_", "attachment": "wuqi_" },
	{ "name": "L_xiaobi_", "bone": "L_xiaobi_", "attachment": "L_xiaobi_" },
	{ "name": "L_hand_", "bone": "L_hand_", "attachment": "L_hand_" },
	{ "name": "body_glow_", "bone": "body_glow_", "blend": "additive" },
	{ "name": "baoshi_", "bone": "baoshi_", "blend": "additive" },
	{ "name": "fire_wuqi_", "bone": "fire_wuqi_", "blend": "additive" },
	{ "name": "lg_D", "bone": "lg_D", "blend": "additive" },
	{ "name": "lg_UP", "bone": "lg_UP", "blend": "additive" },
	{ "name": "star", "bone": "star", "blend": "additive" },
	{ "name": "huohua", "bone": "huohua" },
	{ "name": "fire_F_", "bone": "fire_F_" }
],
"ik": [
	{
		"name": "target",
		"order": 0,
		"bones": [ "L_dabi_" ],
		"target": "target2"
	}
],
"skins": {
	"default": {
		"Beijing_": {
			"Beijing_": { "x": 21.07, "y": 5.16, "scaleX": 8, "scaleY": 8, "width": 80, "height": 102 }
		},
		"Body01_": {
			"Body01_": {
				"type": "mesh",
				"uvs": [ 1, 0.70467, 1, 0.84935, 1, 1, 0, 1, 0, 0.78559, 0, 0.69486, 0, 0.354, 0, 0, 0.14215, 0, 0.27558, 0, 0.46213, 0, 0.64488, 0, 1, 0, 0.11988, 0.32947, 0.33942, 0.34909, 0.45079, 0.3025, 0.60351, 0.3589, 0.81033, 0.37852, 0.11351, 0.45699, 0.2376, 0.87142, 0.47306, 0.87877, 0.63533, 0.88123, 0.85806, 0.86651, 0.07533, 0.09897, 0.06897, 0.20932, 0.76579, 0.06709, 0.83579, 0.28779, 0.33258, 0.46818, 0.45954, 0.47018, 0.60204, 0.47018, 0.84312, 0.47378, 0.70913, 0.36892, 0.70877, 0.47177, 0.23672, 0.09677, 0.40254, 0.13671, 0.45424, 0.21041, 0.51913, 0.1407, 0.64349, 0.11275, 0.78599, 0.19861, 0.22635, 0.21858, 0.63572, 0.22856, 0.07652, 0.53452, 0.3099, 0.56448, 0.46284, 0.56995, 0.61012, 0.57, 0.74533, 0.56842, 0.91187, 0.55762, 0.03708, 0.61717, 0.28614, 0.66535, 0.46661, 0.68385, 0.61906, 0.68039, 0.78456, 0.67217, 0.96242, 0.64196, 0.26168, 0.7692, 0.46984, 0.78153, 0.62688, 0.77686, 0.81774, 0.7599, 0.2246, 0.33883, 0.20533, 0.46168, 0.1739, 0.54702, 0.13555, 0.63622, 0.10916, 0.72587, 0.09946, 0.82152 ],
				"triangles": [ 3, 4, 62, 2, 3, 20, 20, 21, 2, 21, 22, 2, 22, 1, 2, 20, 55, 21, 21, 56, 22, 22, 56, 1, 3, 19, 20, 3, 62, 19, 19, 53, 20, 19, 62, 53, 62, 4, 61, 17, 31, 26, 14, 57, 39, 6, 24, 13, 57, 13, 39, 16, 40, 31, 35, 15, 14, 16, 15, 35, 31, 38, 26, 12, 46, 26, 31, 40, 38, 40, 16, 35, 6, 7, 24, 13, 24, 39, 35, 14, 39, 26, 38, 12, 35, 36, 40, 40, 37, 38, 40, 36, 37, 39, 34, 35, 39, 33, 34, 39, 24, 33, 36, 35, 10, 24, 23, 33, 24, 7, 23, 37, 25, 38, 38, 25, 12, 11, 37, 36, 33, 9, 34, 10, 35, 34, 34, 9, 10, 37, 11, 25, 11, 36, 10, 23, 8, 33, 23, 7, 8, 33, 8, 9, 25, 11, 12, 53, 54, 20, 54, 50, 55, 55, 51, 56, 54, 49, 50, 62, 61, 53, 4, 5, 61, 53, 48, 54, 48, 49, 54, 61, 60, 53, 53, 60, 48, 5, 47, 61, 61, 47, 60, 5, 6, 47, 48, 42, 49, 42, 43, 49, 49, 44, 50, 49, 43, 44, 50, 44, 45, 60, 59, 48, 48, 59, 42, 47, 41, 60, 60, 41, 59, 47, 6, 41, 43, 29, 44, 44, 32, 45, 44, 29, 32, 42, 27, 43, 27, 28, 43, 43, 28, 29, 45, 30, 46, 45, 32, 30, 59, 58, 42, 42, 58, 27, 41, 18, 59, 59, 18, 58, 41, 6, 18, 32, 17, 30, 17, 26, 30, 46, 30, 26, 32, 31, 17, 32, 29, 31, 29, 16, 31, 29, 28, 16, 27, 14, 28, 14, 15, 28, 28, 15, 16, 58, 57, 27, 27, 57, 14, 57, 58, 13, 58, 18, 13, 18, 6, 13, 52, 46, 12, 55, 50, 51, 56, 52, 0, 56, 51, 52, 50, 45, 51, 51, 46, 52, 51, 45, 46, 12, 0, 52, 21, 55, 56, 20, 54, 55, 56, 0, 1 ],
				"vertices": [ 1, 4, 34.04, -134.12, 1, 1, 3, 244.54, -131.55, 1, 1, 3, 197.28, -129.45, 1, 1, 3, 208.05, 112.31, 1, 1, 3, 275.31, 109.32, 1, 1, 4, 28.23, 107.83, 1, 2, 4, 135.19, 111.76, 0.488, 5, -11.81, 112.77, 0.512, 1, 5, 99.3, 109.6, 1, 1, 5, 98.32, 75.21, 1, 1, 5, 97.4, 42.93, 1, 1, 5, 96.11, -2.19, 1, 1, 5, 94.85, -46.4, 1, 1, 5, 92.39, -132.31, 1, 2, 4, 143.95, 83.05, 0.488, 5, -4.94, 83.55, 0.512, 2, 4, 139.74, 29.73, 0.488, 5, -12.61, 30.62, 0.512, 2, 4, 155.35, 3.34, 0.488, 5, 1.24, 3.26, 0.512, 2, 4, 139.01, -34.25, 0.488, 5, -17.52, -33.18, 0.512, 3, 4, 134.7, -84.49, 0.49891, 5, -25.11, -83.03, 0.35566, 3, 394.28, -92.27, 0.14542, 2, 4, 103.88, 83.12, 0.92, 5, -44.92, 86.23, 0.08, 1, 3, 245.83, 53.07, 1, 1, 3, 240.98, -3.75, 1, 1, 3, 238.47, -42.94, 1, 1, 3, 240.68, -97, 1, 1, 5, 67.72, 92.26, 1, 2, 4, 181.2, 96.75, 0.064, 5, 33.13, 94.79, 0.936, 1, 5, 72.95, -75.05, 1, 2, 4, 163.39, -89.6, 0.064, 5, 3.2, -90, 0.936, 2, 4, 102.31, 30.01, 0.92, 5, -49.94, 33.34, 0.08, 2, 4, 102.82, -0.71, 0.92, 5, -51.45, 2.65, 0.08, 2, 4, 104.08, -35.18, 0.92, 5, -52.43, -31.82, 0.08, 2, 4, 105.1, -93.52, 0.92, 5, -55.23, -90.11, 0.08, 2, 4, 136.81, -59.91, 0.488, 5, -21.39, -58.63, 0.512, 2, 4, 104.53, -61.01, 0.92, 5, -53.67, -57.63, 0.08, 1, 5, 67.29, 53.2, 1, 1, 5, 53.61, 13.45, 1, 2, 4, 184.28, 3.56, 0.064, 5, 30.12, 1.6, 0.936, 1, 5, 51.55, -14.72, 1, 1, 5, 59.47, -45.05, 1, 2, 4, 190.93, -76.53, 0.064, 5, 31.53, -78.76, 0.936, 2, 4, 179.69, 58.58, 0.064, 5, 29.13, 56.8, 0.936, 2, 4, 180.2, -40.53, 0.064, 5, 23.17, -42.14, 0.936, 1, 4, 79.22, 91.17, 1, 1, 4, 71.89, 34.39, 1, 1, 4, 71.54, -2.66, 1, 1, 4, 72.83, -38.28, 1, 1, 4, 74.53, -70.96, 1, 1, 4, 79.4, -111.11, 1, 1, 4, 52.94, 99.76, 1, 1, 4, 40.03, 38.97, 1, 1, 4, 35.83, -4.89, 1, 1, 4, 38.27, -41.72, 1, 1, 4, 42.32, -81.65, 1, 1, 4, 53.38, -124.31, 1, 1, 4, 7.23, 43.69, 1, 1, 4, 5.21, -6.8, 1, 1, 4, 8.07, -44.72, 1, 1, 4, 15.09, -90.68, 1, 2, 4, 141.94, 57.62, 0.488, 5, -8.6, 58.3, 0.512, 2, 4, 103.22, 60.86, 0.92, 5, -47.03, 64.07, 0.08, 1, 4, 76.16, 67.48, 1, 1, 4, 47.83, 75.72, 1, 1, 4, 19.47, 81.07, 1, 1, 3, 262.97, 85.78, 1 ],
				"hull": 13,
				"edges": [ 4, 6, 12, 14, 12, 26, 28, 30, 30, 32, 0, 24, 26, 36, 10, 12, 6, 8, 8, 10, 38, 40, 40, 42, 42, 44, 0, 2, 2, 4, 44, 2, 14, 16, 16, 46, 46, 48, 48, 26, 22, 24, 22, 50, 52, 34, 54, 56, 56, 58, 34, 60, 30, 56, 28, 54, 32, 58, 32, 62, 62, 34, 58, 64, 64, 60, 62, 64, 20, 22, 66, 46, 66, 68, 20, 70, 70, 30, 68, 70, 70, 72, 72, 74, 74, 76, 50, 76, 76, 52, 70, 28, 70, 32, 66, 48, 66, 78, 78, 68, 78, 28, 78, 70, 78, 48, 78, 26, 70, 80, 80, 32, 72, 80, 74, 80, 80, 76, 80, 62, 52, 62, 16, 18, 18, 20, 18, 66, 20, 68, 20, 72, 22, 74, 82, 36, 84, 54, 86, 56, 84, 86, 88, 58, 86, 88, 90, 64, 88, 90, 92, 60, 90, 92, 10, 94, 94, 82, 96, 84, 98, 86, 96, 98, 100, 88, 98, 100, 102, 90, 100, 102, 0, 104, 104, 92, 102, 104, 38, 106, 106, 96, 40, 108, 108, 98, 106, 108, 42, 110, 110, 100, 108, 110, 44, 112, 112, 102, 110, 112, 112, 0, 26, 114, 114, 28, 36, 116, 116, 54, 114, 116, 82, 118, 118, 84, 116, 118, 94, 120, 120, 96, 118, 120, 10, 122, 122, 106, 120, 122, 8, 124, 124, 38, 122, 124, 124, 6, 38, 6, 44, 4 ],
				"width": 242,
				"height": 314
			}
		},
		"Hair01_": {
			"Hair01_": {
				"type": "mesh",
				"uvs": [ 1, 0.30737, 1, 0.44267, 1, 0.6541, 1, 0.82042, 1, 1, 0.81647, 1, 0.52871, 1, 0, 1, 0, 0.92472, 0, 0, 0.45023, 0, 0.63989, 0, 0.84263, 0, 1, 0, 0.69221, 0.37784, 0.63335, 0.64846, 0.40445, 0.76967, 0.20825, 0.87398, 0.86879, 0.34683, 0.84263, 0.66819, 0.34559, 0.93317, 0.55377, 0.82219, 0.5359, 0.13377, 0.71565, 0.11479, 0.88838, 0.08936, 0.61741, 0.26105, 0.79727, 0.23847, 0.94663, 0.20312, 0.6663, 0.49695, 0.85844, 0.47402, 0.82955, 0.83169, 0.59838, 0.96102 ],
				"triangles": [ 22, 9, 10, 22, 10, 11, 23, 11, 12, 24, 12, 13, 15, 16, 28, 5, 3, 4, 5, 30, 3, 6, 31, 5, 5, 31, 30, 7, 20, 6, 6, 20, 31, 7, 17, 20, 7, 8, 17, 20, 21, 31, 31, 21, 30, 20, 16, 21, 20, 17, 16, 17, 8, 9, 17, 9, 16, 30, 19, 3, 30, 21, 19, 21, 16, 15, 21, 15, 19, 19, 2, 3, 15, 28, 19, 19, 29, 2, 19, 28, 29, 29, 1, 2, 28, 14, 29, 29, 18, 1, 29, 14, 18, 18, 0, 1, 28, 16, 25, 28, 25, 14, 22, 16, 9, 16, 22, 25, 14, 26, 18, 14, 25, 26, 18, 27, 0, 18, 26, 27, 27, 13, 0, 25, 23, 26, 25, 22, 23, 26, 24, 27, 26, 23, 24, 27, 24, 13, 22, 11, 23, 23, 12, 24 ],
				"vertices": [ 2, 17, 32.67, 10.23, 0.52, 18, -5.3, 9.24, 0.48, 3, 17, 48.03, 7, 0.088, 18, 10.39, 9.72, 0.83175, 19, -29.84, -10.27, 0.08026, 2, 18, 34.9, 10.46, 0.488, 19, -10.69, 5.05, 0.512, 2, 18, 54.19, 11.05, 0.104, 19, 4.38, 17.11, 0.896, 1, 19, 20.64, 30.12, 1, 1, 19, 26.38, 22.95, 1, 1, 19, 35.36, 11.72, 1, 1, 19, 51.88, -8.92, 1, 1, 19, 45.06, -14.38, 1, 1, 6, 80.55, -8.73, 1, 1, 6, 82.36, -31.17, 1, 1, 6, 83.12, -40.62, 1, 1, 6, 83.93, -50.73, 1, 1, 6, 84.56, -58.57, 1, 2, 17, 37.5, -6.51, 0.52, 18, 3.34, -5.89, 0.48, 2, 18, 34.8, -7.88, 0.488, 19, 0.25, -9.67, 0.512, 2, 18, 49.2, -18.9, 0.104, 19, 18.38, -9.82, 0.896, 1, 19, 33.96, -9.92, 1, 2, 17, 35.8, 2.87, 0.52, 18, -0.53, 2.83, 0.48, 2, 18, 36.77, 2.65, 0.488, 19, -4.5, -0.07, 0.512, 1, 19, 35.03, -0.27, 1, 2, 18, 55.07, -11.25, 0.104, 19, 18.47, -0.19, 0.896, 1, 17, 8.19, -8.33, 1, 1, 17, 7.89, 0.92, 1, 1, 17, 6.78, 9.98, 1, 2, 17, 23.48, -7.38, 0.928, 18, -10.09, -10.04, 0.072, 2, 17, 22.77, 1.96, 0.928, 18, -12.98, -1.13, 0.072, 2, 17, 20.29, 10.11, 0.928, 18, -17.31, 6.21, 0.072, 3, 17, 50.76, -10.62, 0.088, 18, 17.19, -6.77, 0.83175, 19, -14.5, -19.36, 0.08026, 3, 17, 50.13, -0.68, 0.088, 18, 14.24, 2.75, 0.83175, 19, -22.58, -13.52, 0.08026, 2, 18, 55.75, 2.57, 0.104, 19, 10.72, 11.27, 0.896, 1, 19, 29.66, 11.62, 1 ],
				"hull": 14,
				"edges": [ 24, 26, 0, 26, 18, 20, 30, 32, 32, 34, 14, 16, 16, 18, 34, 16, 20, 22, 22, 24, 40, 14, 38, 42, 42, 40, 32, 42, 20, 44, 22, 46, 44, 46, 48, 24, 46, 48, 28, 50, 50, 44, 36, 52, 52, 46, 50, 52, 0, 54, 54, 48, 52, 54, 28, 36, 36, 0, 28, 56, 56, 30, 36, 58, 58, 38, 56, 58, 0, 2, 58, 2, 30, 38, 2, 4, 38, 4, 42, 60, 4, 6, 6, 8, 60, 6, 38, 60, 12, 14, 34, 40, 12, 62, 62, 60, 40, 62, 8, 10, 10, 12, 6, 10 ],
				"width": 50,
				"height": 116
			}
		},
		"Hair02_": {
			"Hair02_": {
				"type": "mesh",
				"uvs": [ 1, 0.72938, 1, 0.84654, 1, 1, 0.59679, 1, 0, 1, 0, 0.80484, 0, 0.59642, 0, 0.38441, 0, 0.15443, 0, 0, 0.20329, 0, 0.53029, 0, 1, 0, 0.6492, 0.53174, 0.29247, 0.57486, 0.22684, 0.15177, 0.56167, 0.1403, 0.26188, 0.37765, 0.6073, 0.34437, 0.58036, 0.74785, 0.90216, 0.67425, 0.82179, 0.89292, 0.22606, 0.78264, 0.45383, 0.94087 ],
				"triangles": [ 16, 11, 12, 15, 10, 11, 8, 9, 10, 20, 0, 1, 21, 20, 1, 19, 13, 20, 22, 14, 19, 5, 6, 22, 23, 22, 19, 23, 19, 21, 4, 5, 22, 4, 22, 23, 3, 23, 21, 4, 23, 3, 3, 21, 2, 22, 6, 14, 19, 14, 13, 21, 19, 20, 21, 1, 2, 0, 20, 12, 20, 13, 18, 15, 11, 16, 8, 10, 15, 18, 16, 12, 17, 15, 16, 17, 16, 18, 7, 8, 15, 7, 15, 17, 14, 17, 18, 14, 18, 13, 6, 7, 17, 6, 17, 14, 12, 20, 18 ],
				"vertices": [ 1, 16, 26.07, 18.34, 1, 1, 16, 35.5, 13.35, 1, 1, 16, 47.84, 6.82, 1, 1, 16, 41.61, -4.94, 1, 1, 16, 32.4, -22.35, 1, 2, 15, 71.9, -5.87, 0.152, 16, 16.7, -14.04, 0.848, 2, 15, 52.97, -4.73, 0.472, 16, -0.06, -5.16, 0.528, 2, 15, 33.71, -3.57, 0.872, 16, -17.11, 3.86, 0.128, 1, 15, 12.82, -2.31, 1, 1, 6, 75.88, 37.04, 1, 1, 6, 76.41, 30.36, 1, 1, 6, 77.28, 19.6, 1, 1, 6, 78.52, 4.15, 1, 2, 15, 48.38, 17.01, 0.472, 16, 4.76, 16.52, 0.528, 2, 15, 51.59, 5.03, 0.472, 16, 2.72, 4.29, 0.528, 1, 15, 13.03, 5.18, 1, 1, 15, 12.65, 16.27, 1, 2, 15, 33.62, 5.1, 0.872, 16, -13.61, 11.79, 0.128, 2, 15, 31.28, 16.66, 0.872, 16, -10.96, 23.28, 0.128, 2, 15, 67.88, 13.56, 0.152, 16, 21.08, 5.32, 0.848, 2, 15, 61.83, 24.57, 0.152, 16, 20.13, 17.83, 0.848, 1, 16, 36.47, 6.18, 1, 2, 15, 70.33, 1.7, 0.152, 16, 18.41, -6.5, 0.848, 1, 16, 34.65, -6.59, 1 ],
				"hull": 13,
				"edges": [ 22, 24, 0, 24, 18, 20, 20, 22, 16, 18, 20, 30, 16, 30, 22, 32, 30, 32, 14, 16, 28, 34, 34, 30, 14, 34, 26, 36, 36, 32, 34, 36, 12, 14, 12, 28, 28, 26, 8, 10, 10, 12, 38, 28, 0, 40, 40, 26, 38, 40, 4, 42, 42, 38, 0, 2, 2, 4, 42, 2, 10, 44, 44, 38, 12, 44, 8, 46, 46, 42, 44, 46, 4, 6, 6, 8, 46, 6 ],
				"width": 33,
				"height": 91
			}
		},
		"Head_": {
			"Head_": { "x": 47.55, "y": -34.96, "rotation": -85.41, "width": 393, "height": 334 }
		},
		"L_dabi_": {
			"L_dabi_": { "x": 77.5, "y": 2.43, "rotation": 63.27, "width": 86, "height": 143 }
		},
		"L_hand_": {
			"L_hand_": { "x": 19.14, "y": 1.32, "rotation": -11.09, "width": 45, "height": 68 }
		},
		"L_hutun_": {
			"L_hutun_": { "x": 226.57, "y": -101.22, "rotation": -92.55, "width": 59, "height": 270 }
		},
		"L_jianjia_": {
			"L_jianjia_": { "x": 132.44, "y": 52.17, "rotation": 5.65, "width": 171, "height": 113 }
		},
		"L_leg_": {
			"L_leg_": { "x": 153.64, "y": 48.17, "rotation": -92.55, "width": 351, "height": 313 }
		},
		"L_maoling_": {
			"L_maoling_": {
				"type": "mesh",
				"uvs": [ 1, 0.35691, 1, 0.52965, 1, 0.69542, 1, 0.82699, 1, 1, 0, 1, 0, 0, 0.22827, 0, 0.53368, 0, 1, 0, 0.75245, 0.10156, 0.17629, 0.12864, 0.16762, 0.32789, 0.33441, 0.35304, 0.65498, 0.64515, 0.70913, 0.7883, 0.77411, 0.90243, 0.41455, 0.19248, 0.59161, 0.29448, 0.74053, 0.42556, 0.8506, 0.5894, 0.9024, 0.7359, 0.94222, 0.86155, 0.20478, 0.05814, 0.46859, 0.10365, 0.65852, 0.20196, 0.47942, 0.4313, 0.60024, 0.52579, 0.9326, 0.27991, 0.8328, 0.35559, 0.94476, 0.55174, 0.17167, 0.23483, 0.37161, 0.27849, 0.53265, 0.36638, 0.66525, 0.47934, 0.74124, 0.62057, 0.7976, 0.76431, 0.84955, 0.88409 ],
				"triangles": [ 31, 6, 11, 32, 31, 11, 33, 32, 17, 12, 6, 31, 13, 12, 31, 32, 13, 31, 26, 13, 32, 34, 33, 18, 33, 26, 32, 27, 26, 33, 34, 27, 33, 35, 34, 19, 14, 27, 34, 35, 14, 34, 36, 35, 20, 15, 14, 35, 15, 35, 36, 37, 36, 21, 16, 15, 36, 16, 36, 37, 5, 6, 12, 37, 22, 4, 16, 37, 4, 26, 27, 14, 26, 12, 13, 26, 14, 12, 14, 5, 12, 15, 5, 14, 5, 15, 16, 5, 16, 4, 19, 34, 18, 1, 30, 0, 30, 20, 29, 30, 1, 2, 20, 30, 2, 21, 20, 2, 36, 20, 21, 21, 2, 3, 22, 21, 3, 37, 21, 22, 22, 3, 4, 20, 35, 19, 28, 29, 10, 29, 28, 0, 0, 30, 29, 19, 18, 25, 29, 25, 10, 29, 19, 25, 28, 10, 9, 28, 9, 0, 20, 19, 29, 10, 8, 9, 18, 24, 25, 23, 6, 7, 24, 7, 8, 23, 7, 24, 11, 6, 23, 17, 23, 24, 11, 23, 17, 24, 8, 25, 17, 32, 11, 17, 24, 18, 18, 33, 17, 25, 8, 10 ],
				"vertices": [ 1, 37, 75.05, -7, 1, 1, 38, 75.39, 41.5, 1, 1, 38, 85.25, -5.56, 1, 1, 38, 93.07, -42.9, 1, 1, 5, -26.99, -178.92, 1, 1, 5, -19.59, 79.98, 1, 1, 5, 270.29, 71.7, 1, 1, 20, 43.87, 89.38, 1, 1, 20, 85.79, 22.3, 1, 1, 37, 97.63, 94.01, 1, 2, 20, 90.85, -41.36, 0.496, 37, 28.64, 79.25, 0.504, 1, 20, 5.1, 81.02, 1, 1, 5, 174, 31.02, 1, 1, 5, 165.48, -11.96, 1, 3, 36, -10.21, -57.65, 0.0136, 38, -5.21, -9.61, 0.92487, 5, 78.43, -92.53, 0.06153, 1, 5, 36.53, -105.36, 1, 1, 5, 2.96, -121.24, 1, 1, 20, 22.11, 18.88, 1, 3, 20, 21.33, -35.68, 0.336, 36, 23.85, 39.57, 0.34528, 37, -24.22, 33.74, 0.31872, 2, 36, 39.63, -12.23, 0.496, 37, 5.13, -11.77, 0.504, 1, 38, 41.07, 16.6, 1, 1, 38, 62.91, -22.23, 1, 1, 38, 80.48, -55.78, 1, 1, 20, 26.35, 85.6, 1, 1, 20, 51.37, 20.67, 1, 2, 20, 53.27, -36.16, 0.496, 37, -1.46, 56.14, 0.504, 1, 5, 141.72, -48.85, 1, 1, 5, 113.43, -79.35, 1, 1, 37, 62.89, 18.59, 1, 1, 37, 32.88, 2.81, 1, 1, 38, 62.7, 32.29, 1, 1, 5, 200.95, 29.2, 1, 1, 5, 186.81, -22.21, 1, 1, 5, 160.14, -63.17, 1, 1, 5, 126.42, -96.56, 1, 1, 5, 84.92, -115.07, 1, 1, 5, 42.83, -128.47, 1, 1, 5, 7.72, -140.92, 1 ],
				"hull": 10,
				"edges": [ 8, 10, 10, 12, 16, 18, 16, 20, 0, 18, 12, 14, 14, 16, 24, 26, 28, 30, 30, 32, 6, 8, 22, 34, 34, 36, 36, 38, 38, 40, 40, 42, 6, 44, 42, 44, 14, 46, 46, 22, 46, 48, 48, 50, 16, 48, 48, 34, 20, 50, 50, 36, 26, 52, 52, 54, 54, 28, 0, 56, 0, 2, 2, 4, 4, 6, 42, 4, 38, 58, 58, 56, 50, 58, 2, 60, 60, 40, 58, 60, 60, 4, 22, 62, 62, 24, 26, 64, 64, 34, 62, 64, 36, 66, 66, 52, 64, 66, 38, 68, 68, 54, 66, 68, 28, 70, 70, 40, 68, 70, 30, 72, 72, 42, 70, 72, 32, 74, 74, 44, 72, 74, 20, 56 ],
				"width": 259,
				"height": 290
			}
		},
		"L_piaodai_": {
			"L_piaodai_": {
				"type": "mesh",
				"uvs": [ 1, 0.13987, 1, 0.37733, 1, 1, 0.55845, 1, 0.29158, 1, 0, 1, 0, 0, 0.9562, 0, 1, 0, 0.92027, 0.20319, 0.86638, 0.40371, 0.77914, 0.60687, 0.62774, 0.75727, 0.48404, 0.84434, 0.31467, 0.88391, 0.9562, 0.47759, 0.85868, 0.68075, 0.70472, 0.85753, 0.95876, 0.2929, 0.91514, 0.44329, 0.82019, 0.6359, 0.6611, 0.81267, 0.5174, 0.92085, 0.39106, 0.86606, 0.41214, 0.95774, 0.55364, 0.80216, 0.59065, 0.86571, 0.63181, 0.92855, 0.70326, 0.68224, 0.73655, 0.72883, 0.77618, 0.77548, 0.82112, 0.50912, 0.8706, 0.53365, 0.91056, 0.57268 ],
				"triangles": [ 24, 22, 3, 24, 13, 22, 4, 24, 3, 4, 5, 14, 24, 23, 13, 14, 6, 23, 4, 14, 24, 14, 23, 24, 13, 23, 25, 25, 23, 6, 21, 29, 30, 12, 28, 29, 3, 27, 2, 27, 17, 2, 17, 21, 30, 21, 12, 29, 12, 25, 28, 3, 22, 27, 22, 26, 27, 17, 26, 21, 17, 27, 26, 22, 13, 26, 13, 25, 26, 26, 25, 21, 25, 12, 21, 17, 30, 2, 28, 25, 6, 30, 29, 16, 20, 29, 28, 16, 33, 2, 33, 15, 2, 31, 6, 10, 29, 20, 16, 20, 28, 11, 11, 28, 31, 16, 20, 33, 20, 32, 33, 20, 11, 32, 11, 31, 32, 33, 32, 15, 32, 19, 15, 32, 31, 19, 31, 10, 19, 15, 19, 1, 19, 10, 18, 10, 9, 18, 30, 16, 2, 31, 28, 6, 10, 6, 9, 1, 19, 18, 15, 1, 2, 18, 0, 1, 5, 6, 14, 9, 7, 0, 9, 6, 7, 7, 8, 0, 18, 9, 0 ],
				"vertices": [ 1, 1, 319.52, 738.45, 1, 1, 1, 319.52, 645.84, 1, 1, 1, 319.52, 403, 1, 2, 25, -29.41, -69.53, 0.488, 5, -27.24, -152.84, 0.512, 1, 5, -24.19, -45.86, 1, 1, 1, -81.48, 403, 1, 1, 1, -81.48, 793, 1, 1, 1, 301.96, 793, 1, 1, 1, 319.52, 793, 1, 2, 1, 287.55, 713.76, 0.496, 24, 10.24, 91.22, 0.504, 1, 24, -11.37, 13.01, 1, 2, 24, -46.35, -66.22, 0.824, 25, 59.09, 83.79, 0.176, 2, 24, -107.06, -124.87, 0.112, 25, -1.63, 25.13, 0.888, 2, 25, -59.25, -8.82, 0.488, 5, 34.29, -124.74, 0.512, 1, 5, 20.8, -56.41, 1, 1, 24, 24.65, -15.8, 1, 2, 24, -14.45, -95.03, 0.824, 25, 90.98, 54.97, 0.176, 2, 24, -76.19, -163.97, 0.112, 25, 29.24, -13.97, 0.888, 2, 1, 302.99, 678.77, 0.496, 24, 25.68, 56.23, 0.504, 1, 24, 8.18, -2.42, 1, 2, 24, -29.89, -77.54, 0.824, 25, 75.55, 72.47, 0.176, 2, 24, -93.69, -146.48, 0.112, 25, 11.75, 3.52, 0.888, 2, 25, -45.87, -38.66, 0.488, 5, 4.08, -137.26, 0.512, 1, 5, 26.89, -87.23, 1, 1, 5, -9.1, -94.66, 1, 2, 25, -31.34, 7.62, 0.92, 5, 49.93, -153.11, 0.08, 2, 25, -16.5, -17.16, 0.92, 5, 24.74, -167.24, 0.08, 2, 25, 0.01, -41.67, 0.92, 5, -0.23, -183.04, 0.08, 2, 24, -76.78, -95.61, 0.472, 25, 28.66, 54.39, 0.528, 2, 24, -63.43, -113.78, 0.472, 25, 42.01, 36.22, 0.528, 2, 24, -47.54, -131.98, 0.472, 25, 57.9, 18.03, 0.528, 2, 24, -29.52, -28.1, 0.952, 25, 75.92, 121.91, 0.048, 2, 24, -9.68, -37.66, 0.952, 25, 95.76, 112.34, 0.048, 2, 24, 6.35, -52.88, 0.952, 25, 111.79, 97.12, 0.048 ],
				"hull": 9,
				"edges": [ 10, 12, 12, 14, 14, 16, 14, 18, 18, 20, 8, 10, 28, 8, 4, 2, 2, 30, 4, 6, 6, 8, 2, 0, 0, 16, 0, 36, 36, 38, 26, 44, 44, 6, 24, 42, 42, 34, 22, 40, 40, 32, 20, 38, 38, 30, 18, 36, 36, 2, 26, 46, 46, 28, 8, 48, 48, 44, 46, 48, 24, 50, 50, 26, 42, 52, 52, 44, 50, 52, 6, 54, 54, 34, 52, 54, 22, 56, 56, 24, 40, 58, 58, 42, 56, 58, 32, 60, 60, 34, 58, 60, 20, 62, 62, 22, 38, 64, 64, 40, 62, 64, 30, 66, 66, 32, 64, 66 ],
				"width": 401,
				"height": 390
			}
		},
		"L_pifeng01_": {
			"L_pifeng01_": { "x": 48.29, "y": 31.14, "rotation": 63.27, "width": 79, "height": 141 }
		},
		"L_pifeng_": {
			"L_pifeng_": {
				"type": "mesh",
				"uvs": [ 1, 0.70631, 1, 0.83686, 1, 1, 0.92194, 1, 0.68424, 1, 0.54648, 1, 0.37901, 1, 0.20344, 1, 0, 1, 0, 0.93126, 0, 0.83485, 0, 0.74447, 0, 0.65609, 0, 0.58981, 0, 0, 0.10349, 0, 0.21964, 0, 0.32229, 0, 0.43574, 0, 0.54918, 0, 0.5897, 0, 1, 0, 0.78418, 0.45725, 0.91384, 0.634, 0.20344, 0.48939, 0.19903, 0.32877, 0.43033, 0.2805, 0.66795, 0.22331, 0.50867, 0.51951, 0.5978, 0.76656, 0.24665, 0.57977, 0.33039, 0.83485, 0.0917, 0.54454, 0.131, 0.09465, 0.34319, 0.05426, 0.16132, 0.199, 0.38037, 0.1508, 0.62062, 0.08823, 0.47964, 0.43096, 0.73245, 0.35313, 0.20107, 0.4033, 0.45237, 0.34773, 0.70027, 0.28836, 0.24192, 0.07354, 0.27725, 0.17349, 0.31713, 0.30412, 0.33548, 0.37358, 0.36367, 0.45549, 0.38934, 0.54696, 0.48165, 0.79669, 0.44368, 0.02779, 0.48623, 0.12323, 0.54266, 0.25346, 0.5702, 0.31951, 0.60239, 0.39317, 0.63625, 0.49068, 0.75987, 0.70832, 0.27709, 0.67248, 0.42288, 0.63769, 0.53981, 0.60584, 0.67917, 0.56623, 0.82362, 0.51101, 0.30353, 0.75302, 0.45258, 0.71803, 0.56737, 0.6822, 0.7225, 0.64252, 0.87688, 0.58362, 0.11015, 0.61976, 0.13227, 0.7099, 0.15282, 0.79368, 0.17493, 0.88382, 0.19587, 0.96918, 0.35682, 0.92464, 0.51295, 0.89483, 0.63611, 0.87001, 0.81726, 0.8116, 0.53607, 0.96735, 0.66433, 0.94623, 0.86376, 0.89529, 0.17948, 0.26148, 0.2972, 0.23883, 0.40393, 0.21196, 0.51285, 0.18466, 0.6436, 0.15383 ],
				"triangles": [ 0, 23, 66, 66, 21, 0, 75, 56, 23, 75, 23, 0, 75, 0, 1, 74, 29, 56, 74, 56, 75, 73, 49, 29, 73, 29, 74, 78, 75, 1, 72, 31, 49, 72, 49, 73, 70, 31, 72, 77, 74, 75, 77, 75, 78, 76, 73, 74, 76, 74, 77, 71, 70, 72, 9, 70, 71, 7, 71, 72, 8, 71, 7, 6, 72, 73, 6, 73, 76, 7, 72, 6, 5, 76, 77, 6, 76, 5, 4, 77, 78, 5, 77, 4, 3, 78, 1, 4, 78, 3, 3, 1, 2, 61, 22, 21, 60, 55, 22, 60, 22, 61, 66, 61, 21, 59, 28, 55, 59, 55, 60, 58, 48, 28, 58, 28, 59, 65, 60, 61, 65, 61, 66, 57, 30, 48, 57, 48, 58, 64, 59, 60, 64, 60, 65, 56, 65, 66, 56, 66, 23, 68, 67, 30, 68, 30, 57, 12, 67, 68, 63, 58, 59, 63, 59, 64, 62, 57, 58, 62, 58, 63, 29, 64, 65, 29, 65, 56, 69, 68, 57, 69, 57, 62, 11, 68, 69, 49, 63, 64, 49, 64, 29, 31, 62, 63, 31, 63, 49, 31, 70, 69, 31, 69, 62, 10, 69, 70, 42, 27, 21, 53, 52, 27, 53, 27, 42, 41, 26, 52, 41, 52, 53, 39, 42, 21, 46, 45, 26, 46, 26, 41, 54, 53, 42, 54, 42, 39, 46, 40, 25, 46, 25, 45, 38, 41, 53, 38, 53, 54, 47, 46, 41, 47, 41, 38, 22, 39, 21, 47, 24, 40, 47, 40, 46, 55, 54, 39, 55, 39, 22, 28, 38, 54, 28, 54, 55, 32, 79, 25, 32, 25, 40, 32, 40, 24, 48, 47, 38, 48, 38, 28, 30, 24, 47, 30, 47, 48, 32, 24, 30, 13, 79, 32, 67, 32, 30, 13, 32, 67, 34, 18, 50, 43, 17, 34, 33, 16, 43, 51, 50, 19, 37, 51, 19, 36, 34, 50, 36, 50, 51, 83, 37, 21, 44, 43, 34, 44, 34, 36, 82, 51, 37, 82, 37, 83, 35, 33, 43, 35, 43, 44, 81, 36, 51, 81, 51, 82, 27, 83, 21, 80, 44, 36, 80, 36, 81, 52, 82, 83, 52, 83, 27, 79, 35, 44, 79, 44, 80, 26, 81, 82, 26, 82, 52, 45, 80, 81, 45, 81, 26, 25, 79, 80, 25, 80, 45, 35, 14, 33, 79, 13, 35, 11, 12, 68, 9, 10, 70, 12, 13, 67, 50, 18, 19, 34, 17, 18, 43, 16, 17, 37, 20, 21, 33, 15, 16, 37, 19, 20, 33, 14, 15, 13, 14, 35, 10, 11, 69, 8, 9, 71 ],
				"vertices": [ 1, 42, 4.56, 160.07, 1, 1, 42, 62.07, 139.41, 1, 1, 42, 133.92, 113.6, 1, 1, 42, 124.73, 88.03, 1, 1, 42, 96.77, 10.18, 1, 1, 42, 80.56, -34.93, 1, 1, 42, 60.86, -89.78, 1, 1, 42, 40.2, -147.28, 1, 1, 5, -425.2, 29.54, 1, 1, 5, -393.04, 28.62, 1, 1, 5, -347.94, 27.34, 1, 1, 5, -305.66, 26.13, 1, 1, 5, -264.32, 24.95, 1, 1, 5, -233.31, 24.06, 1, 1, 5, 42.61, 16.18, 1, 1, 5, 41.58, -19.82, 1, 1, 5, 40.43, -60.23, 1, 1, 5, 39.41, -95.93, 1, 1, 5, 38.28, -135.4, 1, 1, 5, 37.15, -174.86, 1, 1, 5, 36.75, -188.96, 1, 1, 5, 32.67, -331.68, 1, 2, 40, 105.08, 120.48, 0.488, 41, -10.1, 120.38, 0.512, 2, 41, 81.91, 140.67, 0.488, 42, -37.42, 143.29, 0.512, 2, 40, 61.1, -77.35, 0.856, 41, -51.96, -77.91, 0.144, 2, 39, 117.39, -57.14, 0.48, 40, -11.31, -57.1, 0.52, 2, 39, 118.7, 26.45, 0.48, 40, -9.68, 26.49, 0.52, 2, 39, 116.65, 113.34, 0.48, 40, -11.42, 113.38, 0.52, 2, 40, 105.28, 20.27, 0.488, 41, -8.83, 20.18, 0.512, 2, 41, 110.86, 17.76, 0.488, 42, -16.22, 18.81, 0.512, 2, 40, 105.94, -75.17, 0.488, 41, -7.15, -75.25, 0.512, 2, 41, 115.63, -80.52, 0.488, 42, -17.6, -79.58, 0.512, 1, 40, 74.58, -122.03, 1, 1, 39, 5.62, -48.57, 1, 1, 39, 8.57, 27.59, 1, 2, 39, 55.43, -52.39, 0.928, 40, -73.24, -52.12, 0.072, 2, 39, 55.57, 27.11, 0.928, 40, -72.81, 27.37, 0.072, 2, 39, 51.36, 115.59, 0.928, 40, -76.7, 115.87, 0.072, 2, 40, 62.69, 22.57, 0.856, 41, -51.44, 22.02, 0.144, 2, 40, 53.23, 117.32, 0.856, 41, -61.91, 116.67, 0.144, 2, 39, 151.02, -66.41, 0.096, 40, 22.29, -66.5, 0.904, 2, 39, 151.05, 24.82, 0.096, 40, 22.66, 24.74, 0.904, 2, 39, 149.03, 115.43, 0.096, 40, 20.98, 115.36, 0.904, 1, 39, 7.16, -8.76, 1, 2, 39, 55.5, -10.32, 0.928, 40, -73.01, -10.05, 0.072, 2, 39, 118.06, -14.46, 0.48, 40, -10.48, -14.42, 0.52, 2, 39, 151.03, -17.61, 0.096, 40, 22.49, -17.7, 0.904, 2, 40, 62.02, -19.38, 0.856, 41, -51.66, -19.94, 0.144, 2, 40, 105.58, -23.19, 0.488, 41, -8.06, -23.28, 0.512, 2, 41, 113.14, -24.99, 0.488, 42, -16.61, -24, 0.512, 1, 39, 6.68, 64.65, 1, 2, 39, 53.71, 66.09, 0.928, 40, -74.52, 66.37, 0.072, 2, 39, 117.73, 67.53, 0.48, 40, -10.5, 67.56, 0.52, 2, 39, 150.09, 67.89, 0.096, 40, 21.86, 67.81, 0.904, 2, 40, 58.1, 68.58, 0.856, 41, -56.53, 67.97, 0.144, 2, 40, 105.19, 66.68, 0.488, 41, -9.42, 66.58, 0.512, 2, 41, 100.39, 79.52, 0.488, 42, -22.8, 81.1, 0.512, 2, 40, 150.54, -77.56, 0.096, 41, 37.47, -77.16, 0.904, 2, 40, 149.61, -24.29, 0.096, 41, 35.97, -23.9, 0.904, 2, 40, 147.09, 18.98, 0.096, 41, 32.99, 19.33, 0.904, 2, 40, 143.35, 70.76, 0.096, 41, 28.7, 71.07, 0.904, 2, 40, 133.13, 126.35, 0.096, 41, 17.88, 126.55, 0.904, 2, 41, 76.24, -78.83, 0.864, 42, -56.8, -75.43, 0.136, 2, 41, 74.96, -24.45, 0.864, 42, -54.68, -21.07, 0.136, 2, 41, 69.99, 18.59, 0.864, 42, -56.95, 22.19, 0.136, 2, 41, 67.19, 75.61, 0.864, 42, -56.18, 79.27, 0.136, 2, 41, 55.68, 134.89, 0.864, 42, -63.96, 139.16, 0.136, 2, 40, 110.14, -126.05, 0.488, 41, -2.41, -126.08, 0.512, 2, 40, 152.75, -130.87, 0.096, 41, 40.25, -130.45, 0.904, 1, 41, 79.9, -134.5, 1, 2, 41, 122.56, -138.86, 0.488, 42, -14.32, -138.24, 0.512, 1, 42, 25.74, -144.88, 1, 1, 42, 25.06, -85.12, 1, 1, 42, 30.3, -29.28, 1, 1, 42, 33.85, 14.99, 1, 1, 42, 29.44, 83.56, 1, 1, 42, 64.96, -33.18, 1, 1, 42, 70.74, 12.17, 1, 1, 42, 71.77, 85.55, 1, 2, 39, 85.26, -54.68, 0.74963, 40, -43.42, -54.52, 0.25037, 2, 39, 86.79, -12.39, 0.73992, 40, -41.74, -12.24, 0.26008, 2, 39, 85.34, 26.8, 0.75477, 40, -43.04, 26.96, 0.24523, 2, 39, 83.91, 66.77, 0.75473, 40, -44.33, 66.93, 0.24527, 2, 39, 83.06, 114.5, 0.74747, 40, -45, 114.66, 0.25253 ],
				"hull": 22,
				"edges": [ 40, 42, 0, 42, 46, 0, 28, 30, 26, 28, 48, 60, 26, 64, 64, 48, 12, 14, 14, 16, 30, 66, 34, 68, 38, 40, 70, 66, 72, 68, 40, 74, 76, 56, 44, 78, 48, 80, 80, 50, 52, 82, 82, 76, 54, 84, 84, 78, 30, 32, 32, 34, 66, 86, 86, 68, 32, 86, 70, 88, 88, 72, 86, 88, 50, 90, 90, 52, 80, 92, 92, 82, 90, 92, 48, 94, 94, 76, 92, 94, 56, 96, 96, 60, 94, 96, 8, 10, 10, 12, 34, 36, 36, 38, 38, 100, 100, 68, 36, 100, 72, 102, 102, 74, 100, 102, 52, 104, 104, 54, 82, 106, 106, 84, 104, 106, 76, 108, 108, 78, 106, 108, 44, 110, 110, 56, 108, 110, 4, 6, 6, 8, 62, 98, 98, 58, 58, 112, 112, 46, 60, 114, 96, 116, 114, 116, 56, 118, 116, 118, 110, 120, 118, 120, 44, 122, 120, 122, 62, 124, 124, 114, 98, 126, 126, 116, 124, 126, 58, 128, 128, 118, 126, 128, 112, 130, 130, 120, 128, 130, 46, 132, 132, 122, 130, 132, 134, 64, 60, 134, 24, 26, 134, 24, 136, 134, 114, 136, 22, 24, 136, 22, 138, 136, 124, 138, 20, 22, 138, 20, 140, 138, 62, 140, 16, 18, 18, 20, 140, 18, 14, 142, 142, 140, 12, 144, 144, 62, 142, 144, 146, 98, 144, 146, 148, 58, 146, 148, 150, 112, 148, 150, 150, 0, 10, 152, 152, 146, 12, 152, 8, 154, 154, 148, 152, 154, 6, 156, 156, 150, 154, 156, 0, 2, 2, 4, 156, 2, 50, 158, 158, 70, 88, 160, 160, 90, 158, 160, 52, 162, 162, 72, 160, 162, 102, 164, 164, 104, 162, 164, 54, 166, 166, 74, 164, 166 ],
				"width": 348,
				"height": 468
			}
		},
		"L_xiaobi_": {
			"L_xiaobi_": { "x": 26.64, "y": -22.1, "rotation": -1.02, "width": 86, "height": 76 }
		},
		"Peishi01_": {
			"Peishi01_": { "x": 67.44, "y": -77.57, "rotation": -91.64, "width": 58, "height": 79 }
		},
		"Peishi02_": {
			"Peishi02_": {
				"type": "mesh",
				"uvs": [ 1, 0.09378, 1, 0.21874, 1, 0.34105, 1, 0.47665, 1, 0.62023, 1, 0.7585, 1, 0.88878, 1, 1, 0.52161, 1, 0, 1, 0, 0.88878, 0, 0.75052, 0, 0.61757, 0, 0.47665, 0, 0.33839, 0, 0.21343, 0, 0.08846, 0, 0, 0.46868, 0, 1, 0, 0.48218, 0.33967, 0.48323, 0.61886, 0.4827, 0.47666, 0.47717, 0.21343, 0.4722, 0.08858, 0.49651, 0.75067, 0.5104, 0.88861 ],
				"triangles": [ 11, 21, 25, 25, 4, 5, 26, 25, 5, 10, 11, 25, 10, 25, 26, 26, 5, 6, 9, 10, 26, 8, 26, 6, 9, 26, 8, 8, 6, 7, 11, 12, 21, 25, 21, 4, 3, 22, 2, 13, 20, 22, 12, 13, 22, 21, 22, 3, 12, 22, 21, 13, 14, 20, 22, 20, 2, 21, 3, 4, 16, 18, 24, 24, 19, 0, 15, 16, 24, 23, 24, 0, 15, 24, 23, 23, 0, 1, 14, 15, 23, 20, 23, 1, 14, 23, 20, 20, 1, 2, 16, 17, 18, 24, 18, 19 ],
				"vertices": [ 1, 33, 8.61, 26.59, 1, 1, 33, 35.28, 24.61, 1, 2, 33, 61.39, 22.68, 0.496, 34, 4.45, 23.73, 0.504, 1, 34, 33.39, 21.59, 1, 2, 34, 64.03, 19.32, 0.504, 35, 5.51, 19.53, 0.496, 1, 35, 35.06, 18.02, 1, 1, 35, 62.9, 16.61, 1, 1, 35, 86.68, 15.4, 1, 1, 35, 85.63, -5.14, 1, 1, 35, 84.49, -27.54, 1, 1, 35, 60.72, -26.34, 1, 1, 35, 31.17, -24.83, 1, 2, 34, 60.28, -23.52, 0.504, 35, 2.76, -23.39, 0.496, 1, 34, 30.21, -21.3, 1, 2, 33, 57.64, -20.16, 0.496, 34, 0.7, -19.11, 0.504, 1, 33, 30.97, -18.19, 1, 1, 33, 4.3, -16.21, 1, 1, 5, 88.54, -57.17, 1, 1, 5, 87.96, -77.31, 1, 1, 5, 87.31, -100.15, 1, 2, 33, 59.45, 0.5, 0.496, 34, 2.51, 1.55, 0.504, 2, 34, 62.09, -2.82, 0.504, 35, 4.09, -2.65, 0.496, 1, 34, 31.74, -0.6, 1, 1, 33, 32.49, 2.28, 1, 1, 33, 5.83, 4.04, 1, 1, 35, 32.29, -3.51, 1, 1, 35, 61.8, -4.42, 1 ],
				"hull": 20,
				"edges": [ 34, 36, 36, 38, 4, 40, 40, 28, 8, 42, 42, 24, 14, 16, 16, 18, 24, 26, 26, 28, 40, 44, 44, 42, 26, 44, 4, 6, 6, 8, 44, 6, 28, 30, 46, 40, 30, 46, 4, 2, 46, 2, 30, 32, 32, 34, 36, 48, 48, 46, 32, 48, 2, 0, 0, 38, 48, 0, 22, 24, 50, 42, 22, 50, 8, 10, 50, 10, 18, 20, 20, 22, 16, 52, 52, 50, 20, 52, 10, 12, 12, 14, 52, 12 ],
				"width": 43,
				"height": 214
			}
		},
		"Piaodai01_": {
			"Piaodai01_": {
				"type": "mesh",
				"uvs": [ 1, 0.11203, 1, 0.28803, 1, 0.45509, 1, 0.63407, 1, 0.77428, 1, 0.91449, 1, 1, 0.83238, 1, 0.53805, 1, 0, 1, 0, 0.83692, 0, 0.69672, 0, 0.53861, 0, 0.35963, 0, 0.20749, 0, 0, 0.40221, 0, 0.82484, 0, 1, 0, 0.50786, 0.33576, 0.6739, 0.66092, 0.19125, 0.35064, 0.38921, 0.67604, 0.10873, 0.19934, 0.45529, 0.16868, 0.89934, 0.12251, 0.29399, 0.51952, 0.58781, 0.49233, 0.44514, 0.79777, 0.72957, 0.78004, 0.51521, 0.9503, 0.79987, 0.93044 ],
				"triangles": [ 25, 17, 18, 24, 16, 17, 23, 15, 16, 4, 29, 3, 28, 20, 29, 10, 22, 28, 31, 29, 4, 5, 31, 4, 30, 28, 29, 30, 29, 31, 9, 10, 28, 9, 28, 30, 8, 30, 31, 9, 30, 8, 7, 31, 5, 8, 31, 7, 7, 5, 6, 29, 20, 3, 28, 22, 20, 10, 11, 22, 27, 19, 1, 2, 27, 1, 26, 21, 19, 26, 19, 27, 12, 13, 21, 12, 21, 26, 20, 27, 2, 22, 26, 27, 11, 12, 26, 3, 20, 2, 22, 27, 20, 11, 26, 22, 0, 25, 18, 24, 17, 25, 23, 16, 24, 14, 15, 23, 25, 0, 1, 19, 24, 25, 19, 25, 1, 21, 23, 24, 21, 24, 19, 13, 14, 23, 13, 23, 21 ],
				"vertices": [ 1, 43, 40.08, 69.77, 1, 2, 43, 90.75, 57.67, 0.472, 44, -2.25, 57.64, 0.528, 1, 44, 46.45, 49.05, 1, 2, 44, 98.62, 39.84, 0.496, 45, -6.73, 39.46, 0.504, 1, 45, 34.55, 35.16, 1, 1, 45, 75.82, 30.86, 1, 1, 45, 101, 28.24, 1, 1, 45, 98.97, 8.74, 1, 1, 45, 95.4, -25.52, 1, 1, 45, 88.88, -88.13, 1, 1, 45, 40.87, -83.13, 1, 2, 44, 96.55, -78.6, 0.496, 45, -0.41, -78.83, 0.504, 1, 44, 50.46, -70.47, 1, 2, 43, 84.21, -61.05, 0.472, 44, -1.71, -61.26, 0.528, 1, 43, 40.41, -50.6, 1, 1, 4, 27.14, 60.75, 1, 1, 4, 28.87, 13.73, 1, 1, 4, 30.69, -35.69, 1, 1, 4, 31.44, -56.17, 1, 2, 43, 91.13, -1.61, 0.472, 44, 1.66, -1.52, 0.528, 2, 44, 99.82, 0.89, 0.496, 45, -2.78, 0.69, 0.504, 2, 43, 86.82, -38.67, 0.472, 44, -0.44, -38.76, 0.528, 2, 44, 98.44, -32.69, 0.496, 45, -1.78, -32.9, 0.504, 1, 43, 41.01, -37.66, 1, 1, 43, 41.6, 3.88, 1, 1, 43, 40.36, 57.59, 1, 1, 44, 50.87, -35.61, 1, 1, 44, 48.92, -0.36, 1, 1, 45, 34.74, -30.13, 1, 1, 45, 32.96, 3.52, 1, 1, 45, 80.49, -26.65, 1, 1, 45, 78.1, 7.09, 1 ],
				"hull": 19,
				"edges": [ 38, 2, 40, 6, 26, 42, 42, 38, 22, 44, 44, 40, 16, 18, 34, 36, 30, 32, 32, 34, 12, 14, 14, 16, 26, 28, 28, 30, 30, 46, 46, 42, 28, 46, 32, 48, 48, 38, 46, 48, 2, 50, 50, 34, 48, 50, 2, 0, 0, 36, 50, 0, 22, 24, 24, 26, 42, 52, 52, 44, 24, 52, 38, 54, 54, 40, 52, 54, 2, 4, 4, 6, 54, 4, 18, 20, 20, 22, 56, 44, 20, 56, 58, 40, 56, 58, 6, 8, 58, 8, 16, 60, 60, 56, 18, 60, 14, 62, 62, 58, 60, 62, 8, 10, 10, 12, 62, 10 ],
				"width": 117,
				"height": 296
			}
		},
		"R_dabi_": {
			"R_dabi_": { "x": 97.33, "y": 8.81, "rotation": 98.91, "width": 98, "height": 175 }
		},
		"R_hutun_": {
			"R_hutun_": { "x": 212.4, "y": 75.08, "rotation": -92.55, "width": 86, "height": 204 }
		},
		"R_jianjia_": {
			"R_jianjia_": { "x": 105.91, "y": -38.08, "rotation": 170.71, "width": 189, "height": 139 }
		},
		"R_leg_": {
			"R_leg_": { "x": 137.86, "y": 53.38, "rotation": -92.55, "width": 132, "height": 281 }
		},
		"R_maoling_": {
			"R_maoling_": {
				"type": "mesh",
				"uvs": [ 1, 0.09433, 1, 0.22109, 1, 1, 0.21175, 1, 0.11755, 1, 0, 1, 0, 0.8912, 0, 0.68252, 0, 0.47827, 0, 0, 0.43476, 0, 0.56193, 0, 0.71143, 0, 0.80972, 0, 1, 0, 0.28527, 0.8912, 0.41359, 0.80064, 0.70837, 0.4022, 0.1188, 0.38771, 0.25728, 0.18623, 0.41794, 0.25023, 0.19929, 0.29415, 0.88651, 0.26517, 0.36188, 0.34685, 0.53568, 0.42883, 0.62519, 0.50185, 0.27498, 0.46103, 0.56398, 0.6469, 0.19088, 0.60157, 0.08436, 0.73624, 0.43701, 0.5606, 0.32643, 0.70177, 0.32233, 0.06866, 0.49026, 0.14566, 0.5906, 0.33388, 0.67456, 0.24405, 0.77696, 0.13282, 0.90188, 0.09433, 0.63156, 0.03658, 0.77696, 0.3296, 0.04668, 0.94041, 0.21994, 0.81941, 0.15376, 0.77881, 0.24805, 0.64382, 0.35092, 0.5077, 0.43186, 0.37986, 0.50834, 0.29403, 0.58573, 0.19662, 0.70623, 0.08601, 0.09561, 0.54003, 0.18823, 0.4203, 0.27153, 0.31757, 0.33411, 0.21683, 0.40382, 0.10602, 0.51828, 0.01552 ],
				"triangles": [ 48, 12, 13, 47, 38, 48, 48, 38, 12, 45, 20, 46, 47, 33, 38, 20, 33, 46, 46, 33, 47, 52, 53, 20, 20, 53, 33, 19, 32, 52, 52, 32, 53, 23, 52, 20, 51, 19, 52, 19, 9, 32, 33, 53, 54, 53, 32, 10, 51, 52, 23, 21, 19, 51, 21, 9, 19, 50, 21, 51, 23, 20, 45, 33, 54, 38, 53, 10, 54, 32, 9, 10, 54, 11, 38, 38, 11, 12, 54, 10, 11, 6, 7, 29, 41, 40, 42, 31, 41, 43, 6, 29, 42, 41, 42, 43, 42, 28, 43, 42, 29, 28, 7, 8, 49, 8, 9, 18, 50, 51, 26, 28, 50, 26, 49, 50, 28, 49, 18, 50, 49, 8, 18, 50, 18, 21, 29, 49, 28, 29, 7, 49, 43, 28, 44, 28, 26, 44, 44, 45, 30, 44, 26, 23, 44, 23, 45, 26, 51, 23, 31, 43, 44, 45, 46, 24, 46, 47, 34, 2, 3, 16, 3, 15, 16, 16, 27, 2, 27, 25, 2, 25, 17, 2, 17, 39, 2, 39, 22, 2, 22, 1, 2, 15, 3, 41, 5, 40, 4, 3, 4, 41, 41, 4, 40, 5, 6, 40, 40, 6, 42, 16, 15, 31, 15, 41, 31, 27, 31, 30, 27, 16, 31, 31, 44, 30, 27, 30, 25, 30, 24, 25, 30, 45, 24, 17, 25, 34, 25, 24, 34, 24, 46, 34, 34, 35, 17, 17, 35, 39, 18, 9, 21, 34, 47, 35, 22, 39, 36, 39, 35, 36, 22, 37, 1, 22, 36, 37, 35, 48, 36, 35, 47, 48, 37, 0, 1, 36, 13, 37, 36, 48, 13, 37, 14, 0, 37, 13, 14 ],
				"vertices": [ 1, 1, -0.48, 620.02, 1, 1, 1, -0.48, 597.2, 1, 1, 1, -0.48, 457, 1, 1, 1, -148.67, 457, 1, 1, 1, -166.38, 457, 1, 1, 1, -188.48, 457, 1, 1, 1, -188.48, 476.58, 1, 1, 23, 58.09, -8.42, 1, 1, 23, 33.84, -36.06, 1, 1, 1, -188.48, 637, 1, 1, 21, 81.28, -12.49, 1, 1, 21, 59.14, -21.53, 1, 1, 21, 33.13, -32.15, 1, 1, 1, -36.25, 637, 1, 1, 1, -0.48, 637, 1, 1, 1, -134.85, 476.58, 1, 1, 1, -110.72, 492.88, 1, 1, 1, -55.3, 564.6, 1, 1, 23, 6.3, -33.58, 1, 2, 22, 45.23, -57.25, 0.16, 21, 99.49, 31.16, 0.84, 2, 22, 15.98, -43.48, 0.16, 21, 67.17, 30.41, 0.84, 2, 22, 57.57, -38.7, 0.488, 21, 102.24, 53.27, 0.512, 1, 1, -21.81, 589.27, 1, 2, 22, 27.8, -26.93, 0.488, 21, 70.35, 50.49, 0.512, 1, 1, -87.77, 559.81, 1, 1, 1, -70.94, 546.67, 1, 2, 22, 45.65, -7.67, 0.536, 23, -7.06, -4.29, 0.464, 1, 1, -82.45, 520.56, 1, 1, 23, 21.5, 4.3, 1, 1, 23, 52.55, 9.31, 1, 1, 1, -106.32, 536.09, 1, 1, 1, -127.11, 510.68, 1, 1, 21, 96.17, 6.95, 1, 1, 21, 61.71, 7.84, 1, 1, 1, -77.44, 576.9, 1, 1, 1, -61.66, 593.07, 1, 1, 1, -42.41, 613.09, 1, 1, 1, -18.92, 620.02, 1, 1, 21, 44.54, -20.38, 1, 1, 1, -42.41, 577.67, 1, 1, 1, -179.7, 467.73, 1, 1, 23, 43.26, 37.37, 1, 1, 23, 47.79, 23.67, 1, 1, 23, 18.44, 17.1, 1, 1, 22, 32.05, 1.78, 1, 2, 22, 15.13, -20.01, 0.488, 21, 55.93, 51.02, 0.512, 3, 1, -92.91, 584.07, 0.42458, 22, -0.37, -34.33, 0.144, 21, 48.46, 31.28, 0.43142, 2, 1, -78.36, 601.61, 0.496, 21, 41.62, 9.55, 0.504, 2, 1, -55.71, 621.52, 0.472, 21, 28.18, -17.45, 0.528, 1, 23, 27.66, -15.84, 1, 1, 23, 0.36, -20.56, 1, 2, 22, 44.34, -33.47, 0.488, 21, 88.07, 52.03, 0.512, 2, 22, 31.24, -50.66, 0.16, 21, 84.04, 30.8, 0.84, 1, 21, 79.45, 7.38, 1, 1, 21, 65.69, -15.84, 1 ],
				"hull": 15,
				"edges": [ 16, 18, 10, 12, 30, 32, 4, 2, 36, 16, 38, 42, 42, 36, 18, 20, 2, 44, 50, 34, 48, 50, 54, 50, 54, 32, 52, 56, 56, 58, 58, 12, 48, 60, 60, 62, 38, 64, 64, 20, 66, 40, 40, 46, 46, 52, 68, 34, 68, 48, 68, 70, 70, 72, 72, 74, 2, 0, 0, 28, 74, 0, 66, 76, 76, 24, 24, 26, 26, 28, 26, 74, 74, 2, 72, 44, 34, 78, 78, 44, 70, 78, 80, 12, 10, 80, 8, 10, 82, 8, 62, 82, 58, 84, 84, 82, 80, 84, 56, 86, 86, 62, 84, 86, 52, 88, 88, 60, 86, 88, 46, 90, 90, 48, 88, 90, 40, 92, 92, 68, 90, 92, 66, 94, 94, 70, 92, 94, 72, 96, 96, 76, 94, 96, 96, 26, 12, 14, 14, 16, 58, 14, 16, 98, 98, 56, 14, 98, 36, 100, 100, 52, 98, 100, 42, 102, 102, 46, 100, 102, 38, 104, 104, 40, 102, 104, 64, 106, 106, 66, 104, 106, 20, 108, 108, 76, 106, 108, 20, 22, 22, 24, 108, 22, 4, 6, 6, 8, 30, 6 ],
				"width": 188,
				"height": 180
			}
		},
		"R_piaodai_": {
			"R_piaodai_": {
				"type": "mesh",
				"uvs": [ 1, 0.8811, 1, 1, 0.77154, 1, 0, 1, 0, 0.56096, 0, 0.37575, 0, 0, 0.07512, 0, 1, 0, 0.12274, 0.17966, 0.18226, 0.35772, 0.31619, 0.54297, 0.4769, 0.68686, 0.64952, 0.80376, 0.81916, 0.89189, 0.12571, 0.67067, 0.31916, 0.80196, 0.51857, 0.90808, 0.07408, 0.46454, 0.221, 0.607, 0.41234, 0.74741, 0.60025, 0.8589, 0.80183, 0.94356, 0.72823, 0.84465, 0.69064, 0.89686, 0.64403, 0.95367, 0.41426, 0.85257, 0.50795, 0.80414, 0.56147, 0.74413, 0.39091, 0.60987, 0.30716, 0.67023, 0.22067, 0.73512, 0.24609, 0.44602, 0.14404, 0.53238, 0.06413, 0.61692 ],
				"triangles": [ 23, 8, 0, 2, 3, 25, 14, 23, 0, 22, 23, 14, 2, 24, 22, 14, 0, 1, 22, 14, 1, 2, 22, 1, 24, 23, 22, 25, 24, 2, 24, 13, 23, 25, 21, 24, 26, 20, 27, 20, 29, 12, 16, 30, 20, 28, 12, 8, 13, 28, 8, 20, 12, 27, 16, 20, 26, 21, 28, 13, 27, 28, 21, 21, 13, 24, 17, 27, 21, 26, 27, 17, 17, 21, 25, 3, 16, 26, 3, 26, 17, 27, 12, 28, 3, 17, 25, 23, 13, 8, 19, 33, 32, 11, 19, 32, 29, 11, 8, 15, 34, 33, 30, 19, 11, 30, 11, 29, 19, 15, 33, 31, 15, 19, 31, 19, 30, 3, 15, 31, 30, 29, 20, 31, 30, 16, 12, 29, 8, 3, 31, 16, 18, 10, 32, 18, 5, 10, 9, 7, 8, 10, 9, 8, 9, 5, 6, 9, 6, 7, 5, 9, 10, 4, 5, 18, 3, 4, 34, 32, 10, 8, 4, 18, 33, 34, 4, 33, 33, 18, 32, 11, 32, 8, 3, 34, 15 ],
				"vertices": [ 1, 5, 23.34, 56.74, 1, 1, 5, -26.22, 58.16, 1, 1, 5, -24.57, 115.71, 1, 1, 1, -320.48, 398, 1, 1, 1, -320.48, 581.08, 1, 1, 1, -320.48, 658.31, 1, 1, 1, -320.48, 815, 1, 1, 1, -301.55, 815, 1, 1, 1, -68.48, 815, 1, 1, 1, -289.55, 740.08, 1, 2, 1, -274.55, 665.83, 0.816, 26, 26.43, 36.77, 0.184, 2, 26, 60.18, -40.48, 0.816, 27, -49.61, 116.05, 0.184, 2, 26, 100.68, -100.48, 0.392, 27, -9.11, 56.05, 0.608, 3, 1, -156.8, 479.83, 0.24, 26, 144.18, -149.23, 0.0304, 27, 34.39, 7.3, 0.7296, 1, 5, 20.15, 102.42, 1, 2, 26, 12.18, -93.73, 0.816, 27, -97.61, 62.8, 0.184, 2, 26, 60.93, -148.48, 0.392, 27, -48.86, 8.05, 0.608, 3, 1, -189.8, 436.33, 0.24, 26, 111.18, -192.73, 0.0304, 27, 1.39, -36.2, 0.7296, 2, 1, -301.81, 621.29, 0.816, 26, -0.83, -7.77, 0.184, 2, 26, 36.19, -67.18, 0.816, 27, -73.6, 89.35, 0.184, 2, 26, 84.41, -125.73, 0.392, 27, -25.38, 30.8, 0.608, 3, 1, -169.21, 456.84, 0.24, 26, 131.76, -172.22, 0.0304, 27, 21.97, -15.7, 0.7296, 1, 5, -1.27, 107.4, 1, 2, 27, 54.22, -9.75, 0.512, 5, 40.49, 124.77, 0.488, 2, 27, 44.75, -31.52, 0.512, 5, 19, 134.86, 0.488, 2, 27, 33.01, -55.21, 0.512, 5, -4.34, 147.28, 0.488, 2, 26, 84.89, -169.58, 0.25799, 27, -24.9, -13.05, 0.74201, 2, 26, 108.5, -149.39, 0.24418, 27, -1.29, 7.14, 0.75582, 2, 26, 121.99, -124.36, 0.25235, 27, 12.2, 32.16, 0.74765, 2, 26, 79.01, -68.38, 0.696, 27, -30.78, 88.15, 0.304, 2, 26, 57.9, -93.55, 0.696, 27, -51.89, 62.98, 0.304, 2, 26, 36.11, -120.6, 0.696, 27, -73.68, 35.92, 0.304, 2, 1, -258.46, 629.01, 0.512, 26, 42.51, -0.05, 0.488, 2, 1, -284.18, 593, 0.512, 26, 16.8, -36.06, 0.488, 2, 1, -304.32, 557.74, 0.512, 26, -3.34, -71.32, 0.488 ],
				"hull": 9,
				"edges": [ 12, 14, 14, 16, 14, 18, 18, 20, 2, 0, 0, 16, 28, 0, 6, 8, 2, 4, 4, 6, 8, 10, 10, 12, 10, 36, 44, 2, 20, 36, 36, 8, 18, 10, 22, 38, 38, 30, 24, 40, 40, 32, 26, 42, 42, 34, 28, 44, 44, 4, 26, 46, 46, 28, 42, 48, 48, 44, 46, 48, 4, 50, 50, 34, 48, 50, 32, 52, 52, 34, 40, 54, 54, 42, 52, 54, 24, 56, 56, 26, 54, 56, 22, 58, 58, 24, 38, 60, 60, 40, 58, 60, 30, 62, 62, 32, 60, 62, 20, 64, 64, 22, 36, 66, 66, 38, 64, 66, 8, 68, 68, 30, 66, 68 ],
				"width": 252,
				"height": 417
			}
		},
		"R_pifeng01_": {
			"R_pifeng01_": {
				"type": "mesh",
				"uvs": [ 1, 0.18316, 1, 0.26062, 1, 1, 0, 1, 0, 0, 0.13451, 0, 0.31233, 0, 0.44761, 0, 0.5966, 0, 1, 0, 0.47352, 0.1377, 0.44145, 0.28339, 0.36815, 0.42225, 0.28569, 0.59753, 0.35441, 0.64989, 0.41855, 0.61574, 0.55598, 0.4655, 0.73923, 0.35623, 0.64303, 0.15819, 0.8217, 0.22648, 0.91839, 0.29055, 0.524, 0.30358, 0.44597, 0.44017, 0.6433, 0.33276, 0.50646, 0.4541, 0.3677, 0.60639, 0.33487, 0.60284, 0.45692, 0.21311, 0.57941, 0.23589, 0.72841, 0.28206, 0.81235, 0.32942, 0.40522, 0.35202, 0.48751, 0.36744, 0.57453, 0.39375, 0.63824, 0.41645, 0.34276, 0.47621, 0.41148, 0.49066, 0.45954, 0.50559, 0.50189, 0.52464, 0.31574, 0.53366, 0.37343, 0.54638, 0.41325, 0.55639, 0.45529, 0.57558, 0.75929, 0.05297, 0.93054, 0.16614, 0.5349, 0.06903, 0.69306, 0.1129, 0.8793, 0.19455, 0.97512, 0.26975, 0.40652, 0.0469, 0.36292, 0.09278, 0.28711, 0.02631, 0.26329, 0.05231 ],
				"triangles": [ 17, 30, 2, 34, 17, 2, 29, 18, 19, 30, 29, 19, 28, 18, 29, 21, 27, 28, 23, 28, 29, 21, 28, 23, 23, 29, 17, 33, 21, 23, 34, 33, 23, 34, 23, 17, 16, 24, 33, 16, 33, 34, 38, 24, 16, 42, 37, 38, 15, 41, 42, 38, 16, 34, 2, 38, 34, 42, 38, 2, 15, 42, 2, 27, 10, 28, 28, 10, 18, 30, 19, 20, 17, 29, 30, 30, 20, 2, 27, 50, 10, 38, 37, 24, 42, 41, 37, 25, 41, 15, 14, 25, 15, 32, 11, 21, 31, 50, 11, 39, 35, 40, 26, 39, 40, 22, 31, 32, 12, 31, 22, 31, 12, 52, 36, 12, 22, 35, 12, 36, 12, 35, 5, 13, 26, 14, 3, 14, 2, 4, 13, 3, 3, 13, 14, 14, 15, 2, 31, 11, 32, 22, 32, 24, 36, 22, 37, 40, 35, 36, 13, 39, 26, 14, 26, 25, 35, 39, 5, 5, 39, 13, 40, 36, 41, 25, 26, 40, 32, 21, 33, 11, 27, 21, 37, 22, 24, 41, 36, 37, 25, 40, 41, 24, 32, 33, 48, 1, 2, 51, 5, 6, 49, 6, 7, 51, 6, 49, 52, 5, 51, 43, 8, 9, 45, 7, 8, 49, 7, 45, 50, 51, 49, 52, 51, 50, 46, 8, 43, 45, 8, 46, 10, 49, 45, 50, 49, 10, 18, 45, 46, 10, 45, 18, 44, 43, 9, 44, 9, 0, 47, 43, 44, 46, 43, 47, 19, 46, 47, 18, 46, 19, 48, 44, 0, 31, 52, 50, 52, 12, 5, 5, 13, 4, 47, 44, 48, 1, 48, 0, 20, 47, 48, 19, 47, 20, 20, 48, 2, 11, 50, 27 ],
				"vertices": [ 1, 11, 44.5, 17.04, 1, 1, 11, 48.53, 41.65, 1, 1, 29, 226.41, 76.43, 1, 2, 29, 257.79, -80.46, 0.65539, 12, 286.39, -76.94, 0.34461, 1, 11, 192.88, -67.01, 1, 1, 11, 171.64, -63.53, 1, 1, 11, 143.56, -58.94, 1, 1, 11, 122.2, -55.44, 1, 1, 11, 98.68, -51.59, 1, 1, 11, 34.98, -41.17, 1, 2, 11, 125.27, -11.01, 0.488, 12, 0.35, -45.1, 0.512, 1, 29, 17.67, -56.46, 1, 1, 29, 63.81, -59.19, 1, 1, 29, 121.74, -61.06, 1, 1, 29, 136.12, -46.97, 1, 3, 11, 158.81, 139.48, 0.00619, 29, 123.33, -39.06, 0.04979, 12, 153.78, -29.95, 0.94402, 2, 11, 129.3, 95.28, 0.01268, 12, 102.58, -15.71, 0.98732, 1, 12, 63.28, 7.8, 1, 2, 11, 99.57, -0.12, 0.488, 12, 2.67, -17.28, 0.512, 2, 11, 74.91, 26.19, 0.488, 12, 19.96, 14.37, 0.512, 2, 11, 62.97, 49.05, 0.488, 12, 37.95, 32.85, 0.512, 1, 29, 21.45, -42.23, 1, 1, 29, 67.03, -45.85, 1, 1, 12, 58.2, -8.53, 1, 1, 29, 69.53, -35.48, 1, 1, 29, 121.97, -47.63, 1, 1, 29, 121.88, -53.01, 1, 1, 12, 24.75, -43.96, 1, 1, 12, 28.96, -23.46, 1, 1, 12, 39.95, 2.39, 1, 1, 12, 52.94, 18.02, 1, 1, 29, 40.48, -57.81, 1, 1, 29, 42.76, -43.92, 1, 2, 11, 122.64, 72.96, 0.0282, 12, 79.3, -16.36, 0.9718, 2, 11, 113.76, 81.82, 0.00395, 12, 84.94, -5.16, 0.99605, 1, 29, 81.65, -59.76, 1, 1, 29, 84.05, -48.07, 1, 1, 29, 87.26, -39.59, 1, 2, 11, 140.91, 112.68, 0.01112, 12, 122.74, -21.32, 0.98888, 1, 29, 100.63, -60.38, 1, 1, 29, 102.84, -50.52, 1, 1, 29, 104.75, -43.64, 1, 3, 11, 150.92, 127.66, 0.0085, 29, 109.49, -35.83, 0.00137, 12, 140.1, -26.14, 0.99013, 1, 11, 75.74, -30.56, 1, 1, 11, 54.59, 9.83, 1, 1, 11, 112.01, -31.25, 1, 1, 11, 89.32, -13.22, 1, 1, 11, 64.16, 17.54, 1, 1, 11, 52.94, 43.91, 1, 1, 11, 131.13, -41.6, 1, 1, 11, 140.4, -28.15, 1, 1, 11, 148.91, -51.23, 1, 1, 11, 154.03, -43.58, 1 ],
				"hull": 10,
				"edges": [ 4, 6, 6, 8, 8, 10, 26, 28, 28, 30, 4, 2, 20, 36, 36, 38, 38, 40, 22, 42, 24, 44, 34, 46, 46, 42, 32, 48, 48, 44, 26, 52, 52, 50, 50, 30, 52, 28, 50, 28, 20, 54, 54, 22, 36, 56, 56, 42, 54, 56, 38, 58, 58, 46, 56, 58, 34, 60, 60, 40, 58, 60, 22, 62, 62, 24, 42, 64, 64, 44, 62, 64, 46, 66, 66, 48, 64, 66, 32, 68, 68, 34, 66, 68, 24, 70, 44, 72, 70, 72, 48, 74, 72, 74, 76, 32, 74, 76, 26, 78, 78, 70, 52, 80, 80, 72, 78, 80, 50, 82, 82, 74, 80, 82, 30, 84, 84, 76, 82, 84, 16, 18, 16, 86, 86, 88, 2, 0, 0, 18, 88, 0, 16, 90, 90, 20, 36, 92, 92, 86, 90, 92, 38, 94, 94, 88, 92, 94, 2, 96, 96, 40, 94, 96, 14, 16, 98, 90, 14, 98, 100, 20, 98, 100, 10, 12, 12, 14, 10, 102, 102, 98, 12, 102, 10, 104, 104, 100, 102, 104, 28, 6, 30, 4 ],
				"width": 160,
				"height": 322
			}
		},
		"R_pifeng_": {
			"R_pifeng_": {
				"type": "mesh",
				"uvs": [ 1, 0.11167, 1, 0.20587, 1, 0.30809, 1, 0.40028, 1, 0.49047, 1, 0.58668, 1, 0.68489, 1, 0.77107, 1, 0.83721, 1, 0.91337, 1, 1, 0.76861, 1, 0.51701, 1, 0.24794, 1, 0, 1, 0, 0.86126, 0, 0.82519, 0, 0, 0.55545, 0, 0.69523, 0, 0.82801, 0, 0.93634, 0, 1, 0, 0.46809, 0.24796, 0.30036, 0.50651, 0.10117, 0.71696, 0.74764, 0.28804, 0.67426, 0.55862, 0.62184, 0.79713, 0.60293, 0.26729, 0.49485, 0.53361, 0.3823, 0.76024, 0.8745, 0.29812, 0.83061, 0.57209, 0.7919, 0.81515, 0.5004, 0.15625, 0.63484, 0.1749, 0.77397, 0.19369, 0.89442, 0.2021, 0.53271, 0.06455, 0.66598, 0.08469, 0.80101, 0.09676, 0.91372, 0.10907, 0.41574, 0.32865, 0.56853, 0.35206, 0.72404, 0.37506, 0.86029, 0.38683, 0.35996, 0.41463, 0.53165, 0.44293, 0.69819, 0.47038, 0.8448, 0.48353, 0.2196, 0.59183, 0.44585, 0.63228, 0.65139, 0.6627, 0.81418, 0.67524, 0.15731, 0.65764, 0.40969, 0.70508, 0.63507, 0.73694, 0.8014, 0.75547, 0.0468, 0.77512, 0.34291, 0.83053, 0.58739, 0.86379, 0.78313, 0.88478, 0.29045, 0.92414, 0.53637, 0.96254 ],
				"triangles": [ 61, 31, 28, 59, 25, 60, 12, 64, 11, 64, 61, 11, 11, 62, 9, 11, 61, 62, 13, 63, 12, 12, 63, 64, 63, 13, 15, 13, 14, 15, 63, 60, 64, 64, 60, 61, 15, 59, 63, 63, 59, 60, 61, 28, 62, 60, 31, 61, 15, 16, 59, 59, 16, 17, 62, 28, 34, 62, 34, 8, 60, 25, 31, 25, 59, 17, 51, 17, 24, 53, 30, 27, 51, 24, 52, 34, 58, 7, 28, 57, 34, 34, 57, 58, 31, 56, 28, 28, 56, 57, 58, 54, 7, 25, 55, 31, 31, 55, 56, 57, 53, 58, 58, 53, 54, 56, 52, 57, 57, 52, 53, 25, 17, 55, 55, 51, 56, 56, 51, 52, 54, 33, 6, 53, 27, 54, 52, 30, 53, 55, 17, 51, 54, 27, 33, 52, 24, 30, 33, 50, 5, 33, 49, 50, 27, 48, 49, 24, 47, 30, 30, 47, 48, 24, 17, 47, 50, 46, 4, 49, 45, 50, 50, 45, 46, 48, 44, 49, 49, 44, 45, 47, 43, 48, 48, 43, 44, 47, 17, 43, 46, 32, 2, 45, 26, 46, 46, 26, 32, 44, 29, 45, 45, 29, 26, 43, 23, 44, 44, 23, 29, 43, 17, 23, 27, 49, 33, 30, 48, 27, 32, 38, 2, 26, 37, 32, 32, 37, 38, 29, 36, 26, 26, 36, 37, 23, 35, 29, 29, 35, 36, 23, 17, 35, 38, 42, 1, 37, 41, 38, 38, 41, 42, 36, 40, 37, 37, 40, 41, 35, 39, 36, 36, 39, 40, 35, 17, 39, 41, 20, 42, 40, 19, 41, 39, 18, 40, 11, 9, 10, 54, 6, 7, 46, 3, 4, 42, 0, 1, 39, 17, 18, 21, 22, 0, 42, 20, 21, 41, 19, 20, 40, 18, 19, 38, 1, 2, 42, 21, 0, 50, 4, 5, 3, 46, 2, 8, 34, 7, 33, 5, 6, 9, 62, 8 ],
				"vertices": [ 1, 5, -8.08, 40.63, 1, 1, 5, -52.25, 41.9, 1, 1, 5, -100.17, 43.27, 1, 1, 5, -143.39, 44.5, 1, 1, 5, -185.67, 45.71, 1, 1, 5, -230.77, 47, 1, 1, 5, -276.81, 48.31, 1, 1, 5, -317.22, 49.47, 1, 1, 5, -348.22, 50.35, 1, 1, 5, -383.93, 51.37, 1, 1, 5, -424.54, 52.53, 1, 1, 32, 80.66, 53.56, 1, 1, 32, 93.49, -12.89, 1, 1, 32, 107.22, -83.95, 1, 1, 32, 119.87, -149.44, 1, 1, 32, 55.99, -161.78, 1, 1, 32, 39.37, -164.99, 1, 1, 5, 51.95, 308.03, 1, 1, 5, 47.68, 158.67, 1, 1, 5, 46.61, 121.09, 1, 1, 5, 45.59, 85.38, 1, 1, 5, 44.76, 56.26, 1, 1, 5, 44.27, 39.14, 1, 3, 29, 130.22, -78.53, 0.56537, 30, -9.97, -78.04, 0.41761, 31, -128.85, -78.29, 0.01702, 2, 30, 116.17, -106.83, 0.504, 31, -2.65, -106.83, 0.496, 2, 31, 102.32, -146.76, 0.512, 32, -15.63, -147.89, 0.488, 2, 29, 133.91, -1.1, 0.59597, 30, -1.22, -1.02, 0.40403, 2, 30, 127.17, -3.9, 0.504, 31, 8.15, -3.89, 0.496, 2, 31, 120.89, -2.94, 0.512, 32, -5.27, -3.25, 0.488, 3, 29, 132, -41.18, 0.57039, 30, -5.75, -40.89, 0.42668, 31, -124.7, -41.13, 0.00293, 2, 30, 121.89, -53.29, 0.504, 31, 2.97, -53.28, 0.496, 2, 31, 112.35, -69.11, 0.512, 32, -10.04, -69.79, 0.488, 2, 29, 131.85, 33.29, 0.5266, 30, -1.03, 33.43, 0.4734, 2, 30, 127.9, 38.62, 0.504, 31, 8.8, 38.63, 0.496, 2, 31, 123.17, 43.52, 0.512, 32, -5.65, 43.27, 0.488, 2, 29, 86.34, -78.44, 0.904, 30, -53.75, -75.08, 0.096, 2, 29, 87.83, -41.26, 0.904, 30, -49.84, -38.08, 0.096, 2, 29, 89.13, -2.84, 0.904, 30, -46.02, 0.18, 0.096, 2, 29, 86.64, 29.71, 0.904, 30, -46.37, 32.82, 0.096, 1, 29, 42.47, -78.35, 1, 1, 29, 44.7, -41.35, 1, 1, 29, 43.13, -4.62, 1, 1, 29, 42.84, 26.24, 1, 2, 29, 170.1, -84.91, 0.096, 30, 29.4, -87.03, 0.904, 2, 29, 172.8, -42.46, 0.096, 30, 34.88, -44.84, 0.904, 2, 29, 175.17, 0.68, 0.096, 30, 40.07, -1.95, 0.904, 2, 29, 173.4, 37.7, 0.096, 30, 40.72, 35.11, 0.904, 2, 30, 71.35, -96.6, 0.888, 31, -47.49, -96.69, 0.112, 2, 30, 78.43, -49.07, 0.888, 31, -40.5, -49.15, 0.112, 2, 30, 85.3, -2.97, 0.888, 31, -33.72, -3.03, 0.112, 2, 30, 86.23, 36.94, 0.888, 31, -32.87, 36.88, 0.112, 2, 30, 158.69, -123.1, 0.08, 31, 39.91, -123.02, 0.92, 2, 30, 169.5, -60.27, 0.08, 31, 50.59, -60.17, 0.92, 2, 30, 176.37, -3.59, 0.08, 31, 57.35, -3.47, 0.92, 2, 30, 176.44, 40.6, 0.08, 31, 57.34, 40.71, 0.92, 2, 31, 72.73, -135.51, 0.896, 32, -45.8, -138.34, 0.104, 2, 31, 85.73, -65.26, 0.896, 32, -36.83, -67.47, 0.104, 2, 31, 92.45, -3.18, 0.896, 32, -33.66, -5.11, 0.104, 2, 31, 95.09, 42.32, 0.896, 32, -33.62, 40.47, 0.104, 2, 31, 131.3, -157.62, 0.128, 32, 13.93, -157.08, 0.872, 2, 31, 146.43, -75.21, 0.128, 32, 24.34, -73.94, 0.872, 2, 31, 153.12, -7.95, 0.128, 32, 27.18, -6.41, 0.872, 2, 31, 155.85, 45.54, 0.128, 32, 26.86, 47.15, 0.872, 1, 32, 70.12, -79.47, 1, 1, 32, 75.26, -11.11, 1 ],
				"hull": 23,
				"edges": [ 34, 36, 32, 34, 36, 38, 38, 40, 46, 58, 58, 52, 48, 60, 60, 54, 50, 62, 62, 56, 24, 26, 26, 28, 40, 42, 42, 44, 4, 64, 64, 52, 10, 66, 66, 54, 16, 68, 68, 56, 20, 22, 22, 24, 70, 46, 72, 58, 70, 72, 74, 52, 72, 74, 76, 64, 74, 76, 4, 2, 76, 2, 36, 78, 78, 70, 38, 80, 80, 72, 78, 80, 40, 82, 82, 74, 80, 82, 42, 84, 84, 76, 82, 84, 2, 0, 0, 44, 84, 0, 46, 86, 58, 88, 86, 88, 52, 90, 88, 90, 64, 92, 90, 92, 4, 6, 92, 6, 48, 94, 94, 86, 60, 96, 96, 88, 94, 96, 54, 98, 98, 90, 96, 98, 66, 100, 100, 92, 98, 100, 6, 8, 8, 10, 100, 8, 48, 102, 60, 104, 102, 104, 54, 106, 104, 106, 66, 108, 106, 108, 10, 12, 108, 12, 50, 110, 110, 102, 62, 112, 112, 104, 110, 112, 56, 114, 114, 106, 112, 114, 68, 116, 116, 108, 114, 116, 12, 14, 14, 16, 116, 14, 32, 118, 118, 50, 120, 62, 118, 120, 122, 56, 120, 122, 22, 124, 124, 68, 122, 124, 16, 18, 18, 20, 124, 18, 28, 30, 30, 32, 26, 126, 126, 120, 30, 126, 24, 128, 128, 122, 126, 128, 128, 22 ],
				"width": 269,
				"height": 469
			}
		},
		"R_xiaobi_": {
			"R_xiaobi_": {
				"type": "mesh",
				"uvs": [ 1, 0.13324, 1, 0.2583, 1, 0.37483, 1, 0.49705, 1, 0.55937, 1, 0.62495, 1, 0.70917, 1, 0.7756, 1, 0.88929, 1, 1, 0, 1, 0, 0.91203, 0, 0.76139, 0, 0.68941, 0, 0.6079, 0, 0.55443, 0, 0.49705, 0, 0.38052, 0, 0.2583, 0, 0.13608, 0, 0, 0.54783, 0, 1, 0, 0.61209, 0.62495, 0.56155, 0.13345, 0.57433, 0.25779, 0.58689, 0.37992, 0.59887, 0.49645, 0.52641, 0.78128, 0.70848, 0.90634, 0.5644, 0.71195, 0.60536, 0.55957 ],
				"triangles": [ 23, 30, 14, 30, 23, 6, 30, 13, 14, 28, 12, 13, 30, 6, 7, 30, 28, 13, 28, 30, 7, 29, 28, 7, 8, 29, 7, 11, 12, 28, 11, 28, 29, 10, 11, 29, 29, 8, 9, 10, 29, 9, 23, 5, 6, 24, 21, 22, 0, 24, 22, 19, 20, 21, 19, 21, 24, 25, 24, 0, 18, 19, 24, 18, 24, 25, 25, 0, 1, 26, 25, 1, 2, 26, 1, 17, 18, 25, 17, 25, 26, 27, 26, 2, 16, 17, 26, 16, 26, 27, 27, 2, 3, 15, 16, 27, 31, 27, 3, 4, 31, 3, 15, 27, 31, 14, 15, 31, 23, 31, 4, 14, 31, 23, 23, 4, 5 ],
				"vertices": [ 1, 13, 7.47, 32.6, 1, 1, 13, 39.59, 37.67, 1, 1, 13, 69.52, 42.39, 1, 1, 13, 100.91, 47.35, 1, 2, 13, 116.91, 49.88, 0.888, 14, -4.12, 54.78, 0.112, 2, 13, 133.75, 52.53, 0.528, 14, 12.72, 52.07, 0.472, 2, 13, 155.38, 55.95, 0.104, 14, 34.34, 48.61, 0.896, 1, 14, 51.39, 45.87, 1, 1, 14, 80.58, 41.19, 1, 1, 14, 109, 36.63, 1, 1, 14, 98.07, -31.5, 1, 1, 14, 75.49, -27.87, 1, 1, 14, 36.82, -21.67, 1, 2, 13, 161.07, -13.01, 0.104, 14, 18.34, -18.71, 0.896, 2, 13, 140.14, -16.31, 0.528, 14, -2.59, -15.35, 0.472, 2, 13, 126.4, -18.48, 0.888, 14, -16.32, -13.15, 0.112, 1, 13, 111.67, -20.81, 1, 1, 13, 81.74, -25.53, 1, 1, 13, 50.35, -30.49, 1, 1, 13, 18.96, -35.44, 1, 1, 13, -15.98, -40.96, 1, 1, 13, -21.88, -3.63, 1, 1, 13, -26.75, 27.19, 1, 2, 13, 137.93, 26.1, 0.528, 14, 8.48, 25.65, 0.472, 1, 13, 12.24, 2.72, 1, 1, 13, 44.04, 8.63, 1, 1, 13, 75.27, 14.44, 1, 1, 13, 105.07, 19.98, 1, 1, 14, 47.67, 13.37, 1, 1, 14, 81.77, 20.63, 1, 2, 13, 160.78, 26.37, 0.104, 14, 30.29, 18.82, 0.896, 2, 13, 121.21, 22.99, 0.888, 14, -8.38, 27.88, 0.112 ],
				"hull": 23,
				"edges": [ 18, 20, 28, 46, 46, 10, 40, 42, 42, 44, 38, 40, 42, 48, 38, 48, 0, 44, 48, 0, 36, 38, 50, 48, 36, 50, 0, 2, 50, 2, 34, 36, 52, 50, 34, 52, 2, 4, 52, 4, 32, 34, 54, 52, 32, 54, 4, 6, 54, 6, 56, 58, 58, 18, 24, 56, 56, 14, 14, 16, 16, 18, 58, 16, 20, 22, 22, 24, 58, 22, 24, 26, 26, 28, 46, 60, 60, 56, 26, 60, 10, 12, 12, 14, 60, 12, 28, 30, 30, 32, 46, 62, 62, 54, 30, 62, 6, 8, 8, 10, 62, 8 ],
				"width": 69,
				"height": 260
			}
		},
		"baoshi_": {
			"baoshi_10_": { "width": 32, "height": 32 },
			"baoshi_12_": { "width": 32, "height": 32 },
			"baoshi_14_": { "width": 32, "height": 32 },
			"baoshi_16_": { "width": 32, "height": 32 },
			"baoshi_18_": { "width": 32, "height": 32 },
			"baoshi_20_": { "width": 32, "height": 32 },
			"baoshi_22_": { "width": 32, "height": 32 },
			"baoshi_24_": { "width": 32, "height": 32 },
			"baoshi_26_": { "x": 0.65, "y": 0.22, "width": 32, "height": 32 },
			"baoshi_28_": { "width": 32, "height": 32 },
			"baoshi_30_": { "width": 32, "height": 32 },
			"baoshi_32_": { "width": 32, "height": 32 },
			"baoshi_34_": { "width": 32, "height": 32 },
			"baoshi_36_": { "width": 32, "height": 32 },
			"baoshi_38_": { "width": 32, "height": 32 },
			"baoshi_40_": { "width": 32, "height": 32 }
		},
		"body_glow_": {
			"body_glow_": { "width": 160, "height": 204 }
		},
		"body_glow_2": {
			"body_glow_": { "width": 160, "height": 204 }
		},
		"fire_B_": {
			"fire_B_00_": { "width": 80, "height": 102 },
			"fire_B_02_": { "width": 80, "height": 102 },
			"fire_B_04_": { "width": 80, "height": 102 },
			"fire_B_06_": { "width": 80, "height": 102 },
			"fire_B_08_": { "width": 80, "height": 102 },
			"fire_B_10_": { "width": 80, "height": 102 },
			"fire_B_12_": { "width": 80, "height": 102 },
			"fire_B_14_": { "width": 80, "height": 102 },
			"fire_B_16_": { "width": 80, "height": 102 },
			"fire_B_18_": { "width": 80, "height": 102 },
			"fire_B_20_": { "width": 80, "height": 102 },
			"fire_B_22_": { "width": 80, "height": 102 },
			"fire_B_24_": { "width": 80, "height": 102 },
			"fire_B_26_": { "width": 80, "height": 102 },
			"fire_B_28_": { "width": 80, "height": 102 },
			"fire_B_30_": { "width": 80, "height": 102 },
			"fire_B_32_": { "width": 80, "height": 102 },
			"fire_B_34_": { "width": 80, "height": 102 },
			"fire_B_36_": { "width": 80, "height": 102 },
			"fire_B_38_": { "width": 80, "height": 102 },
			"fire_B_40_": { "width": 80, "height": 102 }
		},
		"fire_F_": {
			"fire_F_00_": { "y": 0.5, "width": 102, "height": 60 },
			"fire_F_02_": { "y": 0.5, "width": 102, "height": 60 },
			"fire_F_04_": { "y": 0.5, "width": 102, "height": 60 },
			"fire_F_06_": { "y": 0.5, "width": 102, "height": 60 },
			"fire_F_08_": { "y": 0.5, "width": 102, "height": 60 },
			"fire_F_10_": { "y": 0.5, "width": 102, "height": 60 },
			"fire_F_12_": { "y": 0.5, "width": 102, "height": 60 },
			"fire_F_14_": { "y": 0.5, "width": 102, "height": 60 },
			"fire_F_16_": { "y": 0.5, "width": 102, "height": 60 },
			"fire_F_18_": { "y": 0.5, "width": 102, "height": 60 },
			"fire_F_20_": { "y": 0.5, "width": 102, "height": 60 },
			"fire_F_22_": { "y": 0.5, "width": 102, "height": 60 },
			"fire_F_24_": { "y": 0.5, "width": 102, "height": 60 },
			"fire_F_26_": { "y": 0.5, "width": 102, "height": 60 },
			"fire_F_28_": { "y": 0.5, "width": 102, "height": 60 },
			"fire_F_30_": { "y": 0.5, "width": 102, "height": 60 },
			"fire_F_32_": { "y": 0.5, "width": 102, "height": 60 },
			"fire_F_34_": { "y": 0.5, "width": 102, "height": 60 },
			"fire_F_36_": { "y": 0.5, "width": 102, "height": 60 },
			"fire_F_38_": { "y": 0.5, "width": 102, "height": 60 },
			"fire_F_40_": { "y": 0.5, "width": 102, "height": 60 }
		},
		"fire_wuqi_": {
			"fire_wuqi_00_": { "width": 130, "height": 150 },
			"fire_wuqi_01_": { "width": 130, "height": 150 },
			"fire_wuqi_02_": { "width": 130, "height": 150 },
			"fire_wuqi_03_": { "width": 130, "height": 150 },
			"fire_wuqi_04_": { "width": 130, "height": 150 },
			"fire_wuqi_05_": { "width": 130, "height": 150 },
			"fire_wuqi_06_": { "width": 130, "height": 150 },
			"fire_wuqi_07_": { "width": 130, "height": 150 },
			"fire_wuqi_08_": { "width": 130, "height": 150 },
			"fire_wuqi_09_": { "width": 130, "height": 150 },
			"fire_wuqi_10_": { "width": 130, "height": 150 },
			"fire_wuqi_11_": { "width": 130, "height": 150 },
			"fire_wuqi_12_": { "width": 130, "height": 150 },
			"fire_wuqi_13_": { "width": 130, "height": 150 },
			"fire_wuqi_14_": { "width": 130, "height": 150 },
			"fire_wuqi_15_": { "width": 130, "height": 150 },
			"fire_wuqi_16_": { "width": 130, "height": 150 },
			"fire_wuqi_17_": { "width": 130, "height": 150 },
			"fire_wuqi_18_": { "width": 130, "height": 150 },
			"fire_wuqi_19_": { "width": 130, "height": 150 },
			"fire_wuqi_20_": { "width": 130, "height": 150 },
			"fire_wuqi_21_": { "width": 130, "height": 150 },
			"fire_wuqi_22_": { "width": 130, "height": 150 },
			"fire_wuqi_23_": { "width": 130, "height": 150 },
			"fire_wuqi_24_": { "width": 130, "height": 150 },
			"fire_wuqi_25_": { "width": 130, "height": 150 },
			"fire_wuqi_26_": { "width": 130, "height": 150 }
		},
		"huohua": {
			"huohua_00_": { "width": 180, "height": 250 },
			"huohua_03_": { "width": 180, "height": 250 },
			"huohua_06_": { "width": 180, "height": 250 },
			"huohua_09_": { "width": 180, "height": 250 },
			"huohua_12_": { "width": 180, "height": 250 },
			"huohua_15_": { "width": 180, "height": 250 },
			"huohua_18_": { "width": 180, "height": 250 },
			"huohua_21_": { "width": 180, "height": 250 },
			"huohua_24_": { "width": 180, "height": 250 },
			"huohua_27_": { "width": 180, "height": 250 },
			"huohua_30_": { "width": 180, "height": 250 },
			"huohua_33_": { "width": 180, "height": 250 },
			"huohua_36_": { "width": 180, "height": 250 },
			"huohua_39_": { "width": 180, "height": 250 },
			"huohua_42_": { "width": 180, "height": 250 },
			"huohua_45_": { "width": 180, "height": 250 },
			"huohua_48_": { "width": 180, "height": 250 },
			"huohua_51_": { "width": 180, "height": 250 },
			"huohua_54_": { "width": 180, "height": 250 },
			"huohua_57_": { "width": 180, "height": 250 },
			"huohua_60_": { "width": 180, "height": 250 },
			"huohua_63_": { "width": 180, "height": 250 },
			"huohua_66_": { "width": 180, "height": 250 },
			"huohua_69_": { "width": 180, "height": 250 },
			"huohua_72_": { "width": 180, "height": 250 },
			"huohua_75_": { "width": 180, "height": 250 },
			"huohua_78_": { "width": 180, "height": 250 }
		},
		"lg_D": {
			"lg_D_02_": { "width": 180, "height": 240 },
			"lg_D_04_": { "width": 180, "height": 240 },
			"lg_D_06_": { "width": 180, "height": 240 },
			"lg_D_08_": { "width": 180, "height": 240 },
			"lg_D_10_": { "width": 180, "height": 240 },
			"lg_D_12_": { "width": 180, "height": 240 },
			"lg_D_14_": { "width": 180, "height": 240 },
			"lg_D_16_": { "width": 180, "height": 240 },
			"lg_D_18_": { "width": 180, "height": 240 },
			"lg_D_20_": { "width": 180, "height": 240 },
			"lg_D_22_": { "width": 180, "height": 240 },
			"lg_D_24_": { "width": 180, "height": 240 },
			"lg_D_26_": { "width": 180, "height": 240 },
			"lg_D_28_": { "width": 180, "height": 240 },
			"lg_D_30_": { "width": 180, "height": 240 },
			"lg_D_32_": { "width": 180, "height": 240 },
			"lg_D_34_": { "width": 180, "height": 240 },
			"lg_D_36_": { "width": 180, "height": 240 },
			"lg_D_38_": { "width": 180, "height": 240 },
			"lg_D_40_": { "width": 180, "height": 240 },
			"lg_D_42_": { "width": 180, "height": 240 },
			"lg_D_44_": { "width": 180, "height": 240 },
			"lg_D_46_": { "width": 180, "height": 240 },
			"lg_D_48_": { "width": 180, "height": 240 },
			"lg_D_50_": { "width": 180, "height": 240 },
			"lg_D_52_": { "width": 180, "height": 240 },
			"lg_D_54_": { "width": 180, "height": 240 },
			"lg_D_56_": { "width": 180, "height": 240 },
			"lg_D_58_": { "width": 180, "height": 240 }
		},
		"lg_UP": {
			"lg_UP_01_": { "x": 0.5, "width": 165, "height": 90 },
			"lg_UP_03_": { "x": 0.5, "width": 165, "height": 90 },
			"lg_UP_05_": { "x": 0.5, "width": 165, "height": 90 },
			"lg_UP_07_": { "x": 0.5, "width": 165, "height": 90 },
			"lg_UP_09_": { "x": 0.5, "width": 165, "height": 90 },
			"lg_UP_11_": { "x": 0.5, "width": 165, "height": 90 },
			"lg_UP_13_": { "x": 0.5, "width": 165, "height": 90 },
			"lg_UP_15_": { "x": 0.5, "width": 165, "height": 90 },
			"lg_UP_17_": { "x": 0.5, "width": 165, "height": 90 },
			"lg_UP_19_": { "x": 0.5, "width": 165, "height": 90 },
			"lg_UP_21_": { "x": 0.5, "width": 165, "height": 90 },
			"lg_UP_23_": { "x": 0.5, "width": 165, "height": 90 },
			"lg_UP_25_": { "x": 0.5, "width": 165, "height": 90 },
			"lg_UP_27_": { "x": 0.5, "width": 165, "height": 90 },
			"lg_UP_29_": { "x": 0.5, "width": 165, "height": 90 },
			"lg_UP_31_": { "x": 0.25, "rotation": -0.29, "width": 165, "height": 90 },
			"lg_UP_33_": { "x": 0.25, "rotation": -0.29, "width": 165, "height": 90 },
			"lg_UP_35_": { "x": 0.25, "rotation": -0.29, "width": 165, "height": 90 },
			"lg_UP_37_": { "x": 0.25, "rotation": -0.29, "width": 165, "height": 90 },
			"lg_UP_39_": { "x": 0.25, "rotation": -0.29, "width": 165, "height": 90 },
			"lg_UP_41_": { "x": 0.25, "rotation": -0.29, "width": 165, "height": 90 },
			"lg_UP_43_": { "x": 0.25, "rotation": -0.29, "width": 165, "height": 90 },
			"lg_UP_45_": { "x": 0.25, "rotation": -0.29, "width": 165, "height": 90 },
			"lg_UP_47_": { "x": 0.25, "rotation": -0.29, "width": 165, "height": 90 },
			"lg_UP_49_": { "x": 0.25, "rotation": -0.29, "width": 165, "height": 90 },
			"lg_UP_51_": { "x": 0.25, "rotation": -0.29, "width": 165, "height": 90 },
			"lg_UP_53_": { "x": 0.25, "rotation": -0.29, "width": 165, "height": 90 },
			"lg_UP_55_": { "x": 0.25, "rotation": -0.29, "width": 165, "height": 90 },
			"lg_UP_57_": { "x": 0.25, "rotation": -0.29, "width": 165, "height": 90 },
			"lg_UP_59_": { "x": 0.25, "rotation": -0.29, "width": 165, "height": 90 }
		},
		"star": {
			"star_23_": { "x": 0.5, "width": 93, "height": 64 },
			"star_25_": { "x": 0.5, "width": 93, "height": 64 },
			"star_27_": { "x": 0.5, "width": 93, "height": 64 },
			"star_29_": { "x": 0.5, "width": 93, "height": 64 },
			"star_31_": { "x": 0.5, "width": 93, "height": 64 },
			"star_33_": { "x": 0.5, "width": 93, "height": 64 },
			"star_35_": { "x": 0.5, "width": 93, "height": 64 },
			"star_37_": { "x": 0.5, "width": 93, "height": 64 },
			"star_39_": { "x": 0.5, "width": 93, "height": 64 },
			"star_41_": { "x": 0.5, "width": 93, "height": 64 },
			"star_43_": { "x": 0.5, "width": 93, "height": 64 },
			"star_45_": { "x": 0.5, "width": 93, "height": 64 },
			"star_47_": { "x": 0.5, "width": 93, "height": 64 },
			"star_49_": { "x": 0.5, "width": 93, "height": 64 },
			"star_51_": { "x": 0.5, "width": 93, "height": 64 },
			"star_53_": { "x": 0.5, "width": 93, "height": 64 },
			"star_55_": { "x": 0.5, "width": 93, "height": 64 },
			"star_57_": { "x": 0.5, "width": 93, "height": 64 },
			"star_59_": { "x": 0.5, "width": 93, "height": 64 }
		},
		"wuqi_": {
			"wuqi_": {
				"type": "mesh",
				"uvs": [ 1, 1, 0, 1, 0, 0, 1, 0 ],
				"triangles": [ 1, 2, 3, 1, 3, 0 ],
				"vertices": [ 419.34, 133.51, 417.33, -142.48, -91.65, -138.78, -89.65, 137.21 ],
				"hull": 4,
				"edges": [ 0, 2, 2, 4, 4, 6, 0, 6 ],
				"width": 276,
				"height": 509
			}
		}
	}
},
"animations": {
	"animation": {
		"slots": {
			"Beijing_": {
				"attachment": [
					{ "time": 0, "name": "Beijing_" }
				]
			},
			"baoshi_": {
				"attachment": [
					{ "time": 0.3333, "name": "baoshi_10_" },
					{ "time": 0.4, "name": "baoshi_12_" },
					{ "time": 0.4667, "name": "baoshi_14_" },
					{ "time": 0.5333, "name": "baoshi_16_" },
					{ "time": 0.6, "name": "baoshi_18_" },
					{ "time": 0.6667, "name": "baoshi_20_" },
					{ "time": 0.7333, "name": "baoshi_22_" },
					{ "time": 0.8, "name": "baoshi_24_" },
					{ "time": 0.8667, "name": "baoshi_26_" },
					{ "time": 0.9333, "name": "baoshi_28_" },
					{ "time": 1, "name": "baoshi_30_" },
					{ "time": 1.0667, "name": "baoshi_32_" },
					{ "time": 1.1333, "name": "baoshi_34_" },
					{ "time": 1.2, "name": "baoshi_36_" },
					{ "time": 1.2667, "name": "baoshi_38_" },
					{ "time": 1.3333, "name": "baoshi_40_" },
					{ "time": 1.4, "name": null }
				]
			},
			"body_glow_": {
				"color": [
					{
						"time": 0,
						"color": "ffffff64",
						"curve": [ 0.25, 0, 0.75, 1 ]
					},
					{
						"time": 1.3333,
						"color": "ffffff00",
						"curve": [ 0.25, 0, 0.75, 1 ]
					},
					{ "time": 2.6667, "color": "ffffff64" }
				],
				"attachment": [
					{ "time": 0, "name": "body_glow_" }
				]
			},
			"body_glow_2": {
				"color": [
					{ "time": 0, "color": "3308e0ee" }
				],
				"attachment": [
					{ "time": 0, "name": "body_glow_" }
				]
			},
			"fire_B_": {
				"attachment": [
					{ "time": 0, "name": "fire_B_00_" },
					{ "time": 0.1333, "name": "fire_B_02_" },
					{ "time": 0.2667, "name": "fire_B_04_" },
					{ "time": 0.4, "name": "fire_B_06_" },
					{ "time": 0.5333, "name": "fire_B_08_" },
					{ "time": 0.6667, "name": "fire_B_10_" },
					{ "time": 0.8, "name": "fire_B_12_" },
					{ "time": 0.9333, "name": "fire_B_14_" },
					{ "time": 1.0667, "name": "fire_B_16_" },
					{ "time": 1.2, "name": "fire_B_18_" },
					{ "time": 1.3333, "name": "fire_B_20_" },
					{ "time": 1.4667, "name": "fire_B_22_" },
					{ "time": 1.6, "name": "fire_B_24_" },
					{ "time": 1.7333, "name": "fire_B_26_" },
					{ "time": 1.8667, "name": "fire_B_28_" },
					{ "time": 2, "name": "fire_B_30_" },
					{ "time": 2.1333, "name": "fire_B_32_" },
					{ "time": 2.2667, "name": "fire_B_34_" },
					{ "time": 2.4, "name": "fire_B_36_" },
					{ "time": 2.5333, "name": "fire_B_38_" },
					{ "time": 2.6667, "name": "fire_B_40_" }
				]
			},
			"fire_F_": {
				"attachment": [
					{ "time": 0, "name": "fire_F_00_" },
					{ "time": 0.0667, "name": "fire_F_02_" },
					{ "time": 0.1333, "name": "fire_F_04_" },
					{ "time": 0.2, "name": "fire_F_06_" },
					{ "time": 0.2667, "name": "fire_F_08_" },
					{ "time": 0.3333, "name": "fire_F_10_" },
					{ "time": 0.4, "name": "fire_F_12_" },
					{ "time": 0.4667, "name": "fire_F_14_" },
					{ "time": 0.5333, "name": "fire_F_16_" },
					{ "time": 0.6, "name": "fire_F_18_" },
					{ "time": 0.6667, "name": "fire_F_20_" },
					{ "time": 0.7333, "name": "fire_F_22_" },
					{ "time": 0.8, "name": "fire_F_24_" },
					{ "time": 0.8667, "name": "fire_F_26_" },
					{ "time": 0.9333, "name": "fire_F_28_" },
					{ "time": 1, "name": "fire_F_30_" },
					{ "time": 1.0667, "name": "fire_F_32_" },
					{ "time": 1.1333, "name": "fire_F_34_" },
					{ "time": 1.2, "name": "fire_F_36_" },
					{ "time": 1.2667, "name": "fire_F_38_" },
					{ "time": 1.3333, "name": "fire_F_00_" },
					{ "time": 1.4, "name": "fire_F_02_" },
					{ "time": 1.4667, "name": "fire_F_04_" },
					{ "time": 1.5333, "name": "fire_F_06_" },
					{ "time": 1.6, "name": "fire_F_08_" },
					{ "time": 1.6667, "name": "fire_F_10_" },
					{ "time": 1.7333, "name": "fire_F_12_" },
					{ "time": 1.8, "name": "fire_F_14_" },
					{ "time": 1.8667, "name": "fire_F_16_" },
					{ "time": 1.9333, "name": "fire_F_18_" },
					{ "time": 2, "name": "fire_F_20_" },
					{ "time": 2.0667, "name": "fire_F_22_" },
					{ "time": 2.1333, "name": "fire_F_24_" },
					{ "time": 2.2, "name": "fire_F_26_" },
					{ "time": 2.2667, "name": "fire_F_28_" },
					{ "time": 2.3333, "name": "fire_F_30_" },
					{ "time": 2.4, "name": "fire_F_32_" },
					{ "time": 2.4667, "name": "fire_F_34_" },
					{ "time": 2.5333, "name": "fire_F_36_" },
					{ "time": 2.6, "name": "fire_F_38_" },
					{ "time": 2.6667, "name": "fire_F_40_" }
				]
			},
			"fire_wuqi_": {
				"attachment": [
					{ "time": 0, "name": "fire_wuqi_00_" },
					{ "time": 0.0333, "name": "fire_wuqi_01_" },
					{ "time": 0.0667, "name": "fire_wuqi_02_" },
					{ "time": 0.1, "name": "fire_wuqi_03_" },
					{ "time": 0.1333, "name": "fire_wuqi_04_" },
					{ "time": 0.1667, "name": "fire_wuqi_05_" },
					{ "time": 0.2, "name": "fire_wuqi_06_" },
					{ "time": 0.2333, "name": "fire_wuqi_07_" },
					{ "time": 0.2667, "name": "fire_wuqi_08_" },
					{ "time": 0.3, "name": "fire_wuqi_09_" },
					{ "time": 0.3333, "name": "fire_wuqi_10_" },
					{ "time": 0.3667, "name": "fire_wuqi_11_" },
					{ "time": 0.4, "name": "fire_wuqi_12_" },
					{ "time": 0.4333, "name": "fire_wuqi_13_" },
					{ "time": 0.4667, "name": "fire_wuqi_14_" },
					{ "time": 0.5, "name": "fire_wuqi_15_" },
					{ "time": 0.5333, "name": "fire_wuqi_16_" },
					{ "time": 0.5667, "name": "fire_wuqi_17_" },
					{ "time": 0.6, "name": "fire_wuqi_18_" },
					{ "time": 0.6333, "name": "fire_wuqi_19_" },
					{ "time": 0.6667, "name": "fire_wuqi_20_" },
					{ "time": 0.7, "name": "fire_wuqi_21_" },
					{ "time": 0.7333, "name": "fire_wuqi_22_" },
					{ "time": 0.7667, "name": "fire_wuqi_23_" },
					{ "time": 0.8, "name": "fire_wuqi_24_" },
					{ "time": 0.8333, "name": "fire_wuqi_25_" },
					{ "time": 0.8667, "name": "fire_wuqi_26_" },
					{ "time": 0.9, "name": "fire_wuqi_00_" },
					{ "time": 0.9333, "name": "fire_wuqi_01_" },
					{ "time": 0.9667, "name": "fire_wuqi_02_" },
					{ "time": 1, "name": "fire_wuqi_03_" },
					{ "time": 1.0333, "name": "fire_wuqi_04_" },
					{ "time": 1.0667, "name": "fire_wuqi_05_" },
					{ "time": 1.1, "name": "fire_wuqi_06_" },
					{ "time": 1.1333, "name": "fire_wuqi_07_" },
					{ "time": 1.1667, "name": "fire_wuqi_08_" },
					{ "time": 1.2, "name": "fire_wuqi_09_" },
					{ "time": 1.2333, "name": "fire_wuqi_10_" },
					{ "time": 1.2667, "name": "fire_wuqi_11_" },
					{ "time": 1.3, "name": "fire_wuqi_12_" },
					{ "time": 1.3333, "name": "fire_wuqi_13_" },
					{ "time": 1.3667, "name": "fire_wuqi_14_" },
					{ "time": 1.4, "name": "fire_wuqi_15_" },
					{ "time": 1.4333, "name": "fire_wuqi_16_" },
					{ "time": 1.4667, "name": "fire_wuqi_17_" },
					{ "time": 1.5, "name": "fire_wuqi_18_" },
					{ "time": 1.5333, "name": "fire_wuqi_19_" },
					{ "time": 1.5667, "name": "fire_wuqi_20_" },
					{ "time": 1.6, "name": "fire_wuqi_21_" },
					{ "time": 1.6333, "name": "fire_wuqi_22_" },
					{ "time": 1.6667, "name": "fire_wuqi_23_" },
					{ "time": 1.7, "name": "fire_wuqi_24_" },
					{ "time": 1.7333, "name": "fire_wuqi_25_" },
					{ "time": 1.7667, "name": "fire_wuqi_26_" },
					{ "time": 1.8, "name": "fire_wuqi_00_" },
					{ "time": 1.8333, "name": "fire_wuqi_01_" },
					{ "time": 1.8667, "name": "fire_wuqi_02_" },
					{ "time": 1.9, "name": "fire_wuqi_03_" },
					{ "time": 1.9333, "name": "fire_wuqi_04_" },
					{ "time": 1.9667, "name": "fire_wuqi_05_" },
					{ "time": 2, "name": "fire_wuqi_06_" },
					{ "time": 2.0333, "name": "fire_wuqi_07_" },
					{ "time": 2.0667, "name": "fire_wuqi_08_" },
					{ "time": 2.1, "name": "fire_wuqi_09_" },
					{ "time": 2.1333, "name": "fire_wuqi_10_" },
					{ "time": 2.1667, "name": "fire_wuqi_11_" },
					{ "time": 2.2, "name": "fire_wuqi_12_" },
					{ "time": 2.2333, "name": "fire_wuqi_13_" },
					{ "time": 2.2667, "name": "fire_wuqi_14_" },
					{ "time": 2.3, "name": "fire_wuqi_15_" },
					{ "time": 2.3333, "name": "fire_wuqi_16_" },
					{ "time": 2.3667, "name": "fire_wuqi_17_" },
					{ "time": 2.4, "name": "fire_wuqi_18_" },
					{ "time": 2.4333, "name": "fire_wuqi_19_" },
					{ "time": 2.4667, "name": "fire_wuqi_20_" },
					{ "time": 2.5, "name": "fire_wuqi_21_" },
					{ "time": 2.5333, "name": "fire_wuqi_22_" },
					{ "time": 2.5667, "name": "fire_wuqi_23_" },
					{ "time": 2.6, "name": "fire_wuqi_24_" },
					{ "time": 2.6333, "name": "fire_wuqi_25_" },
					{ "time": 2.6667, "name": "fire_wuqi_26_" }
				]
			},
			"huohua": {
				"attachment": [
					{ "time": 0, "name": "huohua_00_" },
					{ "time": 0.1, "name": "huohua_03_" },
					{ "time": 0.2, "name": "huohua_06_" },
					{ "time": 0.3, "name": "huohua_09_" },
					{ "time": 0.4, "name": "huohua_12_" },
					{ "time": 0.5, "name": "huohua_15_" },
					{ "time": 0.6, "name": "huohua_18_" },
					{ "time": 0.7333, "name": "huohua_21_" },
					{ "time": 0.8333, "name": "huohua_24_" },
					{ "time": 0.9333, "name": "huohua_27_" },
					{ "time": 1.0333, "name": "huohua_30_" },
					{ "time": 1.1333, "name": "huohua_33_" },
					{ "time": 1.2333, "name": "huohua_36_" },
					{ "time": 1.3333, "name": "huohua_39_" },
					{ "time": 1.4333, "name": "huohua_42_" },
					{ "time": 1.5333, "name": "huohua_45_" },
					{ "time": 1.6333, "name": "huohua_48_" },
					{ "time": 1.7333, "name": "huohua_51_" },
					{ "time": 1.8333, "name": "huohua_54_" },
					{ "time": 1.9333, "name": "huohua_57_" },
					{ "time": 2.0333, "name": "huohua_60_" },
					{ "time": 2.1667, "name": "huohua_63_" },
					{ "time": 2.2667, "name": "huohua_66_" },
					{ "time": 2.3667, "name": "huohua_69_" },
					{ "time": 2.4667, "name": "huohua_72_" },
					{ "time": 2.5667, "name": "huohua_75_" },
					{ "time": 2.6667, "name": "huohua_78_" }
				]
			},
			"lg_D": {
				"attachment": [
					{ "time": 0.0667, "name": "lg_D_02_" },
					{ "time": 0.1333, "name": "lg_D_04_" },
					{ "time": 0.2, "name": "lg_D_06_" },
					{ "time": 0.2667, "name": "lg_D_08_" },
					{ "time": 0.3333, "name": "lg_D_10_" },
					{ "time": 0.4, "name": "lg_D_12_" },
					{ "time": 0.4667, "name": "lg_D_14_" },
					{ "time": 0.5333, "name": "lg_D_16_" },
					{ "time": 0.6, "name": "lg_D_18_" },
					{ "time": 0.6667, "name": "lg_D_20_" },
					{ "time": 0.7333, "name": "lg_D_22_" },
					{ "time": 0.8, "name": "lg_D_24_" },
					{ "time": 0.8667, "name": "lg_D_26_" },
					{ "time": 0.9333, "name": "lg_D_28_" },
					{ "time": 1, "name": "lg_D_30_" },
					{ "time": 1.0667, "name": "lg_D_32_" },
					{ "time": 1.1333, "name": "lg_D_34_" },
					{ "time": 1.2, "name": "lg_D_36_" },
					{ "time": 1.2667, "name": "lg_D_38_" },
					{ "time": 1.3333, "name": "lg_D_40_" },
					{ "time": 1.4, "name": "lg_D_42_" },
					{ "time": 1.4667, "name": "lg_D_44_" },
					{ "time": 1.5333, "name": "lg_D_46_" },
					{ "time": 1.6, "name": "lg_D_48_" },
					{ "time": 1.6667, "name": "lg_D_50_" },
					{ "time": 1.7333, "name": "lg_D_52_" },
					{ "time": 1.8, "name": "lg_D_54_" },
					{ "time": 1.8667, "name": "lg_D_56_" },
					{ "time": 1.9333, "name": "lg_D_58_" },
					{ "time": 2, "name": null }
				]
			},
			"lg_UP": {
				"attachment": [
					{ "time": 0.0333, "name": "lg_UP_01_" },
					{ "time": 0.1, "name": "lg_UP_03_" },
					{ "time": 0.1667, "name": "lg_UP_05_" },
					{ "time": 0.2333, "name": "lg_UP_07_" },
					{ "time": 0.3, "name": "lg_UP_09_" },
					{ "time": 0.3667, "name": "lg_UP_11_" },
					{ "time": 0.4333, "name": "lg_UP_13_" },
					{ "time": 0.5, "name": "lg_UP_15_" },
					{ "time": 0.5667, "name": "lg_UP_17_" },
					{ "time": 0.6333, "name": "lg_UP_19_" },
					{ "time": 0.7, "name": "lg_UP_21_" },
					{ "time": 0.7667, "name": "lg_UP_23_" },
					{ "time": 0.8333, "name": "lg_UP_25_" },
					{ "time": 0.9, "name": "lg_UP_27_" },
					{ "time": 0.9667, "name": "lg_UP_29_" },
					{ "time": 1.0333, "name": "lg_UP_31_" },
					{ "time": 1.1, "name": "lg_UP_33_" },
					{ "time": 1.1667, "name": "lg_UP_35_" },
					{ "time": 1.2333, "name": "lg_UP_37_" },
					{ "time": 1.3, "name": "lg_UP_39_" },
					{ "time": 1.3667, "name": "lg_UP_41_" },
					{ "time": 1.4333, "name": "lg_UP_43_" },
					{ "time": 1.5, "name": "lg_UP_45_" },
					{ "time": 1.5667, "name": "lg_UP_47_" },
					{ "time": 1.6333, "name": "lg_UP_49_" },
					{ "time": 1.7, "name": "lg_UP_51_" },
					{ "time": 1.7667, "name": "lg_UP_53_" },
					{ "time": 1.8333, "name": "lg_UP_55_" },
					{ "time": 1.9, "name": "lg_UP_57_" },
					{ "time": 1.9667, "name": "lg_UP_59_" },
					{ "time": 2.0333, "name": null }
				]
			},
			"star": {
				"attachment": [
					{ "time": 0.7667, "name": "star_23_" },
					{ "time": 0.8333, "name": "star_25_" },
					{ "time": 0.9, "name": "star_27_" },
					{ "time": 0.9667, "name": "star_29_" },
					{ "time": 1.0333, "name": "star_31_" },
					{ "time": 1.1, "name": "star_33_" },
					{ "time": 1.1667, "name": "star_35_" },
					{ "time": 1.2333, "name": "star_37_" },
					{ "time": 1.3, "name": "star_39_" },
					{ "time": 1.3667, "name": "star_41_" },
					{ "time": 1.4333, "name": "star_43_" },
					{ "time": 1.5, "name": "star_45_" },
					{ "time": 1.5667, "name": "star_47_" },
					{ "time": 1.6333, "name": "star_49_" },
					{ "time": 1.7, "name": "star_51_" },
					{ "time": 1.7667, "name": "star_53_" },
					{ "time": 1.8333, "name": "star_55_" },
					{ "time": 1.9, "name": "star_57_" },
					{ "time": 1.9667, "name": "star_59_" },
					{ "time": 2.0333, "name": null }
				]
			}
		},
		"bones": {
			"L_leg_": {
				"scale": [
					{
						"time": 0,
						"x": 1,
						"y": 1,
						"curve": [ 0.25, 0, 0.75, 1 ]
					},
					{
						"time": 1.3333,
						"x": 1.01,
						"y": 1,
						"curve": [ 0.25, 0, 0.75, 1 ]
					},
					{ "time": 2.6667, "x": 1, "y": 1 }
				]
			},
			"Body01_": {
				"rotate": [
					{
						"time": 0,
						"angle": 0,
						"curve": [ 0.25, 0, 0.75, 1 ]
					},
					{
						"time": 1.3333,
						"angle": 1.24,
						"curve": [ 0.25, 0, 0.75, 1 ]
					},
					{ "time": 2.6667, "angle": 0 }
				],
				"scale": [
					{
						"time": 0,
						"x": 1,
						"y": 1,
						"curve": [ 0.25, 0, 0.75, 1 ]
					},
					{
						"time": 1.3333,
						"x": 1.02,
						"y": 1,
						"curve": [ 0.25, 0, 0.75, 1 ]
					},
					{ "time": 2.6667, "x": 1, "y": 1 }
				]
			},
			"Body01_2": {
				"rotate": [
					{
						"time": 0,
						"angle": -0.94,
						"curve": [ 0.066, 0.09, 0.75, 1 ]
					},
					{
						"time": 0.6667,
						"angle": -2.45,
						"curve": [ 0.25, 0, 0.75, 1 ]
					},
					{
						"time": 2,
						"angle": 0,
						"curve": [ 0.25, 0, 0.947, 0.89 ]
					},
					{ "time": 2.6667, "angle": -0.94 }
				],
				"scale": [
					{ "time": 0, "x": 1, "y": 1, "curve": "stepped" },
					{ "time": 2.6667, "x": 1, "y": 1 }
				]
			},
			"Head_": {
				"rotate": [
					{
						"time": 0,
						"angle": 3.98,
						"curve": [ 0.25, 0, 0.75, 1 ]
					},
					{
						"time": 1.3333,
						"angle": 1.86,
						"curve": [ 0.25, 0, 0.75, 1 ]
					},
					{ "time": 2.6667, "angle": 3.98 }
				],
				"scale": [
					{ "time": 0, "x": 1, "y": 1 },
					{ "time": 1.3333, "x": 0.971, "y": 1 },
					{ "time": 2.6667, "x": 1, "y": 1 }
				]
			},
			"R_dabi_": {
				"rotate": [
					{
						"time": 0,
						"angle": -1.3,
						"curve": [ 0.25, 0, 0.75, 1 ]
					},
					{
						"time": 1.3333,
						"angle": 1.01,
						"curve": [ 0.25, 0, 0.75, 1 ]
					},
					{ "time": 2.6667, "angle": -1.3 }
				]
			},
			"R_xiaobi_": {
				"rotate": [
					{
						"time": 0,
						"angle": 5.41,
						"curve": [ 0.079, 0.12, 0.75, 1 ]
					},
					{
						"time": 0.6667,
						"angle": 2.1,
						"curve": [ 0.25, 0, 0.75, 1 ]
					},
					{
						"time": 2,
						"angle": 7.49,
						"curve": [ 0.25, 0, 0.947, 0.88 ]
					},
					{ "time": 2.6667, "angle": 5.41 }
				]
			},
			"R_xiaobi_2": {
				"rotate": [
					{
						"time": 0,
						"angle": 0,
						"curve": [ 0.25, 0, 0.75, 1 ]
					},
					{
						"time": 1.3333,
						"angle": -14.52,
						"curve": [ 0.25, 0, 0.75, 1 ]
					},
					{ "time": 2.6667, "angle": 0 }
				]
			},
			"L_dabi_": {
				"rotate": [
					{
						"time": 0,
						"angle": 0,
						"curve": [ 0.25, 0, 0.75, 1 ]
					},
					{
						"time": 1.3333,
						"angle": -3.51,
						"curve": [ 0.25, 0, 0.75, 1 ]
					},
					{ "time": 2.6667, "angle": 0 }
				]
			},
			"L_hand_": {
				"rotate": [
					{
						"time": 0,
						"angle": 0.7,
						"curve": [ 0.25, 0, 0.75, 1 ]
					},
					{
						"time": 1.3333,
						"angle": -1.42,
						"curve": [ 0.25, 0, 0.75, 1 ]
					},
					{ "time": 2.6667, "angle": 0.7 }
				]
			},
			"Hair02_": {
				"rotate": [
					{
						"time": 0,
						"angle": 0,
						"curve": [ 0.25, 0, 0.75, 1 ]
					},
					{
						"time": 1.3333,
						"angle": -12.85,
						"curve": [ 0.25, 0, 0.75, 1 ]
					},
					{ "time": 2.6667, "angle": 0 }
				]
			},
			"Hair02_2": {
				"rotate": [
					{
						"time": 0,
						"angle": 0,
						"curve": [ 0.07, 0.11, 0.75, 1 ]
					},
					{
						"time": 0.6667,
						"angle": 9.6,
						"curve": [ 0.25, 0, 0.75, 1 ]
					},
					{
						"time": 2,
						"angle": -6.19,
						"curve": [ 0.25, 0, 0.967, 0.92 ]
					},
					{ "time": 2.6667, "angle": 0 }
				]
			},
			"Hair01_": {
				"rotate": [
					{
						"time": 0,
						"angle": 0,
						"curve": [ 0.083, 0.12, 0.75, 1 ]
					},
					{
						"time": 0.6667,
						"angle": 6.86,
						"curve": [ 0.25, 0, 0.75, 1 ]
					},
					{
						"time": 2,
						"angle": -7.7,
						"curve": [ 0.25, 0, 0.938, 0.88 ]
					},
					{ "time": 2.6667, "angle": 0 }
				]
			},
			"Hair01_2": {
				"rotate": [
					{
						"time": 0,
						"angle": -8.29,
						"curve": [ 0.25, 0, 0.75, 1 ]
					},
					{
						"time": 1.3333,
						"angle": 10.51,
						"curve": [ 0.25, 0, 0.75, 1 ]
					},
					{ "time": 2.6667, "angle": -8.29 }
				]
			},
			"Hair01_3": {
				"rotate": [
					{
						"time": 0,
						"angle": 0,
						"curve": [ 0.087, 0.11, 0.75, 1 ]
					},
					{
						"time": 0.6667,
						"angle": -11.01,
						"curve": [ 0.25, 0, 0.75, 1 ]
					},
					{
						"time": 2,
						"angle": 19.45,
						"curve": [ 0.25, 0, 0.93, 0.9 ]
					},
					{ "time": 2.6667, "angle": 0 }
				]
			},
			"R_maoling_2": {
				"rotate": [
					{
						"time": 0,
						"angle": -7.15,
						"curve": [ 0.25, 0, 0.75, 1 ]
					},
					{
						"time": 1.3333,
						"angle": 10.51,
						"curve": [ 0.25, 0, 0.75, 1 ]
					},
					{ "time": 2.6667, "angle": -7.15 }
				]
			},
			"R_maoling_3": {
				"rotate": [
					{
						"time": 0,
						"angle": 0,
						"curve": [ 0.074, 0.11, 0.75, 1 ]
					},
					{
						"time": 0.6667,
						"angle": -20.04,
						"curve": [ 0.25, 0, 0.75, 1 ]
					},
					{
						"time": 2,
						"angle": 1.3,
						"curve": [ 0.25, 0, 0.942, 0.9 ]
					},
					{ "time": 2.6667, "angle": 0 }
				]
			},
			"R_maoling_": {
				"rotate": [
					{
						"time": 0,
						"angle": 9.27,
						"curve": [ 0.25, 0, 0.75, 1 ]
					},
					{
						"time": 1.3333,
						"angle": -0.94,
						"curve": [ 0.25, 0, 0.75, 1 ]
					},
					{ "time": 2.6667, "angle": 9.27 }
				]
			},
			"Body01_6": {
				"rotate": [
					{
						"time": 0,
						"angle": 0,
						"curve": [ 0.25, 0, 0.75, 1 ]
					},
					{
						"time": 1.3333,
						"angle": -15.72,
						"curve": [ 0.25, 0, 0.75, 1 ]
					},
					{ "time": 2.6667, "angle": 0 }
				]
			},
			"Body01_4": {
				"rotate": [
					{
						"time": 0,
						"angle": 7.8,
						"curve": [ 0.25, 0, 0.75, 1 ]
					},
					{
						"time": 1.3333,
						"angle": -14.68,
						"curve": [ 0.25, 0, 0.75, 1 ]
					},
					{ "time": 2.6667, "angle": 7.8 }
				]
			},
			"Body01_5": {
				"rotate": [
					{
						"time": 0,
						"angle": 0,
						"curve": [ 0.058, 0.09, 0.75, 1 ]
					},
					{
						"time": 0.6667,
						"angle": 22.66,
						"curve": [ 0.25, 0, 0.75, 1 ]
					},
					{
						"time": 2,
						"angle": -10.65,
						"curve": [ 0.25, 0, 0.938, 0.85 ]
					},
					{ "time": 2.6667, "angle": 0 }
				]
			},
			"L_maoling_": {
				"rotate": [
					{
						"time": 0,
						"angle": 0,
						"curve": [ 0.053, 0.07, 0.75, 1 ]
					},
					{
						"time": 0.6667,
						"angle": 12.62,
						"curve": [ 0.25, 0, 0.75, 1 ]
					},
					{
						"time": 2,
						"angle": -11.08,
						"curve": [ 0.25, 0, 0.947, 0.92 ]
					},
					{ "time": 2.6667, "angle": 0 }
				]
			},
			"Peishi02_": {
				"rotate": [
					{
						"time": 0,
						"angle": 3.21,
						"curve": [ 0.25, 0, 0.75, 1 ]
					},
					{
						"time": 1.3333,
						"angle": -7.26,
						"curve": [ 0.25, 0, 0.75, 1 ]
					},
					{ "time": 2.6667, "angle": 3.21 }
				]
			},
			"Peishi02_2": {
				"rotate": [
					{
						"time": 0,
						"angle": 0,
						"curve": [ 0.091, 0.15, 0.75, 1 ]
					},
					{
						"time": 0.6667,
						"angle": 9.31,
						"curve": [ 0.25, 0, 0.75, 1 ]
					},
					{
						"time": 2,
						"angle": -7.23,
						"curve": [ 0.25, 0, 0.959, 0.9 ]
					},
					{ "time": 2.6667, "angle": 0 }
				]
			},
			"Peishi02_3": {
				"rotate": [
					{
						"time": 0,
						"angle": -12.06,
						"curve": [ 0.25, 0, 0.75, 1 ]
					},
					{
						"time": 1.3333,
						"angle": 13.48,
						"curve": [ 0.25, 0, 0.75, 1 ]
					},
					{ "time": 2.6667, "angle": -12.06 }
				]
			},
			"Piaodai01_": {
				"rotate": [
					{
						"time": 0,
						"angle": -1.7,
						"curve": [ 0.25, 0, 0.75, 1 ]
					},
					{
						"time": 1.3333,
						"angle": 3.35,
						"curve": [ 0.25, 0, 0.75, 1 ]
					},
					{ "time": 2.6667, "angle": -1.7 }
				]
			},
			"Piaodai01_2": {
				"rotate": [
					{
						"time": 0,
						"angle": 0,
						"curve": [ 0.049, 0.08, 0.75, 1 ]
					},
					{
						"time": 0.6667,
						"angle": -8.3,
						"curve": [ 0.25, 0, 0.75, 1 ]
					},
					{
						"time": 2,
						"angle": 5.66,
						"curve": [ 0.25, 0, 0.934, 0.89 ]
					},
					{ "time": 2.6667, "angle": 0 }
				]
			},
			"Piaodai01_3": {
				"rotate": [
					{
						"time": 0,
						"angle": 0,
						"curve": [ 0.25, 0, 0.75, 1 ]
					},
					{
						"time": 1.3333,
						"angle": -15.7,
						"curve": [ 0.25, 0, 0.75, 1 ]
					},
					{ "time": 2.6667, "angle": 0 }
				]
			},
			"R_piaodai_2": {
				"translate": [
					{
						"time": 0,
						"x": 0,
						"y": 12.94,
						"curve": [ 0.25, 0, 0.75, 1 ]
					},
					{
						"time": 1.3333,
						"x": 0,
						"y": -18.08,
						"curve": [ 0.25, 0, 0.75, 1 ]
					},
					{ "time": 2.6667, "x": 0, "y": 12.94 }
				]
			},
			"L_piaodai_2": {
				"translate": [
					{
						"time": 0,
						"x": 0,
						"y": 0,
						"curve": [ 0.091, 0.12, 0.75, 1 ]
					},
					{
						"time": 0.6667,
						"x": 0,
						"y": -25.06,
						"curve": [ 0.25, 0, 0.75, 1 ]
					},
					{
						"time": 2,
						"x": 0,
						"y": 31.03,
						"curve": [ 0.25, 0, 0.926, 0.87 ]
					},
					{ "time": 2.6667, "x": 0, "y": 0 }
				]
			},
			"L_piaodai_": {
				"translate": [
					{
						"time": 0,
						"x": 0,
						"y": 0,
						"curve": [ 0.25, 0, 0.75, 1 ]
					},
					{
						"time": 1.3333,
						"x": 0.54,
						"y": -36.63,
						"curve": [ 0.25, 0, 0.75, 1 ]
					},
					{ "time": 2.6667, "x": 0, "y": 0 }
				]
			},
			"R_piaodai_": {
				"translate": [
					{
						"time": 0,
						"x": 0,
						"y": -19.57,
						"curve": [ 0.25, 0, 0.75, 1 ]
					},
					{
						"time": 1.3333,
						"x": 0,
						"y": 8.39,
						"curve": [ 0.25, 0, 0.75, 1 ]
					},
					{ "time": 2.6667, "x": 0, "y": -19.57 }
				]
			},
			"R_pifeng_": {
				"rotate": [
					{
						"time": 0,
						"angle": 2,
						"curve": [ 0.25, 0, 0.75, 1 ]
					},
					{
						"time": 1.3333,
						"angle": -4.97,
						"curve": [ 0.25, 0, 0.75, 1 ]
					},
					{ "time": 2.6667, "angle": 2 }
				]
			},
			"R_pifeng_2": {
				"rotate": [
					{
						"time": 0,
						"angle": 0,
						"curve": [ 0.053, 0.09, 0.75, 1 ]
					},
					{
						"time": 0.6667,
						"angle": 8.06,
						"curve": [ 0.25, 0, 0.75, 1 ]
					},
					{
						"time": 2,
						"angle": -9.34,
						"curve": [ 0.25, 0, 0.93, 0.87 ]
					},
					{ "time": 2.6667, "angle": 0 }
				]
			},
			"R_pifeng_3": {
				"rotate": [
					{
						"time": 0,
						"angle": -11.7,
						"curve": [ 0.25, 0, 0.75, 1 ]
					},
					{
						"time": 1.3333,
						"angle": 14.02,
						"curve": [ 0.25, 0, 0.75, 1 ]
					},
					{ "time": 2.6667, "angle": -11.7 }
				]
			},
			"R_pifeng_4": {
				"rotate": [
					{
						"time": 0,
						"angle": 0,
						"curve": [ 0.053, 0.09, 0.75, 1 ]
					},
					{
						"time": 0.6667,
						"angle": -12.92,
						"curve": [ 0.25, 0, 0.75, 1 ]
					},
					{
						"time": 2,
						"angle": 19.15,
						"curve": [ 0.25, 0, 0.955, 0.91 ]
					},
					{ "time": 2.6667, "angle": 0 }
				]
			},
			"L_pifeng_": {
				"rotate": [
					{
						"time": 0,
						"angle": -1.9,
						"curve": [ 0.25, 0, 0.75, 1 ]
					},
					{
						"time": 1.3333,
						"angle": 4.73,
						"curve": [ 0.25, 0, 0.75, 1 ]
					},
					{ "time": 2.6667, "angle": -1.9 }
				]
			},
			"L_pifeng_2": {
				"rotate": [
					{
						"time": 0,
						"angle": 0,
						"curve": [ 0.079, 0.12, 0.75, 1 ]
					},
					{
						"time": 0.6667,
						"angle": -8.81,
						"curve": [ 0.25, 0, 0.75, 1 ]
					},
					{
						"time": 2,
						"angle": 6.76,
						"curve": [ 0.25, 0, 0.93, 0.88 ]
					},
					{ "time": 2.6667, "angle": 0 }
				]
			},
			"L_pifeng_3": {
				"rotate": [
					{
						"time": 0,
						"angle": 8.71,
						"curve": [ 0.25, 0, 0.75, 1 ]
					},
					{
						"time": 1.3333,
						"angle": -16.94,
						"curve": [ 0.25, 0, 0.75, 1 ]
					},
					{ "time": 2.6667, "angle": 8.71 }
				]
			},
			"L_pifeng_4": {
				"rotate": [
					{
						"time": 0,
						"angle": 0,
						"curve": [ 0.053, 0.1, 0.75, 1 ]
					},
					{
						"time": 0.6667,
						"angle": 18.58,
						"curve": [ 0.25, 0, 0.75, 1 ]
					},
					{
						"time": 2,
						"angle": -12.5,
						"curve": [ 0.25, 0, 0.947, 0.89 ]
					},
					{ "time": 2.6667, "angle": 0 }
				]
			},
			"Body01_3": {
				"rotate": [
					{
						"time": 0,
						"angle": 2.55,
						"curve": [ 0.25, 0, 0.75, 1 ]
					},
					{
						"time": 1.3333,
						"angle": 0,
						"curve": [ 0.25, 0, 0.75, 1 ]
					},
					{ "time": 2.6667, "angle": 2.55 }
				]
			},
			"L_hand_2": {
				"rotate": [
					{
						"time": 0,
						"angle": 0,
						"curve": [ 0.25, 0, 0.75, 1 ]
					},
					{
						"time": 1.3333,
						"angle": 1.65,
						"curve": [ 0.25, 0, 0.75, 1 ]
					},
					{ "time": 2.6667, "angle": 0 }
				]
			},
			"fire_B_": {
				"translate": [
					{ "time": 0, "x": 0, "y": 409.99 }
				]
			},
			"fire_F_": {
				"translate": [
					{ "time": 0, "x": -28.09, "y": 101.17 }
				],
				"scale": [
					{ "time": 0, "x": -1.068, "y": 1 }
				]
			}
		}
	}
}
}