{
"skeleton": { "hash": "327FZoNRDvg3odOjZJrHsXVI8ME", "spine": "3.7.94", "width": 0, "height": 0 },
"bones": [
	{ "name": "root" },
	{ "name": "ctr", "parent": "root", "scaleX": 1.25, "scaleY": 1.25 },
	{ "name": "digj_UL_", "parent": "ctr", "x": -91, "y": 93 },
	{ "name": "digj_UR_", "parent": "ctr", "x": -91, "y": 93 },
	{ "name": "digj_DL_", "parent": "ctr", "x": -91, "y": 93 },
	{ "name": "digj_DR_", "parent": "ctr", "x": -91, "y": 93 }
],
"slots": [
	{ "name": "digj_UL_", "bone": "digj_UL_" },
	{ "name": "digj_UR_", "bone": "digj_UR_" },
	{ "name": "digj_DL_", "bone": "digj_DL_" },
	{ "name": "digj_DR_", "bone": "digj_DR_" }
],
"skins": {
	"default": {
		"digj_DL_": {
			"digj_DL_000_": { "x": -101, "y": -186, "width": 202, "height": 372 },
			"digj_DL_003_": { "x": -101, "y": -186, "width": 202, "height": 372 },
			"digj_DL_006_": { "x": -101, "y": -186, "width": 202, "height": 372 },
			"digj_DL_009_": { "x": -101, "y": -186, "width": 202, "height": 372 },
			"digj_DL_012_": { "x": -101, "y": -186, "width": 202, "height": 372 },
			"digj_DL_015_": { "x": -101, "y": -186, "width": 202, "height": 372 },
			"digj_DL_018_": { "x": -101, "y": -186, "width": 202, "height": 372 },
			"digj_DL_021_": { "x": -101, "y": -186, "width": 202, "height": 372 },
			"digj_DL_024_": { "x": -101, "y": -186, "width": 202, "height": 372 },
			"digj_DL_027_": { "x": -101, "y": -186, "width": 202, "height": 372 },
			"digj_DL_030_": { "x": -101, "y": -186, "width": 202, "height": 372 },
			"digj_DL_033_": { "x": -101, "y": -186, "width": 202, "height": 372 },
			"digj_DL_036_": { "x": -101, "y": -186, "width": 202, "height": 372 },
			"digj_DL_039_": { "x": -101, "y": -186, "width": 202, "height": 372 },
			"digj_DL_042_": { "x": -101, "y": -186, "width": 202, "height": 372 },
			"digj_DL_045_": { "x": -101, "y": -186, "width": 202, "height": 372 },
			"digj_DL_048_": { "x": -101, "y": -186, "width": 202, "height": 372 }
		},
		"digj_DR_": {
			"digj_DR_000_": { "x": 349, "y": -186, "width": 698, "height": 372 },
			"digj_DR_003_": { "x": 349, "y": -186, "width": 698, "height": 372 },
			"digj_DR_006_": { "x": 349, "y": -186, "width": 698, "height": 372 },
			"digj_DR_009_": { "x": 349, "y": -186, "width": 698, "height": 372 },
			"digj_DR_012_": { "x": 349, "y": -186, "width": 698, "height": 372 },
			"digj_DR_015_": { "x": 349, "y": -186, "width": 698, "height": 372 },
			"digj_DR_018_": { "x": 349, "y": -186, "width": 698, "height": 372 },
			"digj_DR_021_": { "x": 349, "y": -186, "width": 698, "height": 372 },
			"digj_DR_024_": { "x": 349, "y": -186, "width": 698, "height": 372 },
			"digj_DR_027_": { "x": 349, "y": -186, "width": 698, "height": 372 },
			"digj_DR_030_": { "x": 349, "y": -186, "width": 698, "height": 372 },
			"digj_DR_033_": { "x": 349, "y": -186, "width": 698, "height": 372 },
			"digj_DR_036_": { "x": 349, "y": -186, "width": 698, "height": 372 },
			"digj_DR_039_": { "x": 349, "y": -186, "width": 698, "height": 372 },
			"digj_DR_042_": { "x": 349, "y": -186, "width": 698, "height": 372 },
			"digj_DR_045_": { "x": 349, "y": -186, "width": 698, "height": 372 },
			"digj_DR_048_": { "x": 349, "y": -186, "width": 698, "height": 372 }
		},
		"digj_UL_": {
			"digj_UL_000_": { "x": -101, "y": 94, "width": 202, "height": 188 },
			"digj_UL_003_": { "x": -101, "y": 94, "width": 202, "height": 188 },
			"digj_UL_006_": { "x": -101, "y": 94, "width": 202, "height": 188 },
			"digj_UL_009_": { "x": -101, "y": 94, "width": 202, "height": 188 },
			"digj_UL_012_": { "x": -101, "y": 94, "width": 202, "height": 188 },
			"digj_UL_015_": { "x": -101, "y": 94, "width": 202, "height": 188 },
			"digj_UL_018_": { "x": -101, "y": 94, "width": 202, "height": 188 },
			"digj_UL_021_": { "x": -101, "y": 94, "width": 202, "height": 188 },
			"digj_UL_024_": { "x": -101, "y": 94, "width": 202, "height": 188 },
			"digj_UL_027_": { "x": -101, "y": 94, "width": 202, "height": 188 },
			"digj_UL_030_": { "x": -101, "y": 94, "width": 202, "height": 188 },
			"digj_UL_033_": { "x": -101, "y": 94, "width": 202, "height": 188 },
			"digj_UL_036_": { "x": -101, "y": 94, "width": 202, "height": 188 },
			"digj_UL_039_": { "x": -101, "y": 94, "width": 202, "height": 188 },
			"digj_UL_042_": { "x": -101, "y": 94, "width": 202, "height": 188 },
			"digj_UL_045_": { "x": -101, "y": 94, "width": 202, "height": 188 },
			"digj_UL_048_": { "x": -101, "y": 94, "width": 202, "height": 188 }
		},
		"digj_UR_": {
			"digj_UR_000_": { "x": 349, "y": 94, "width": 698, "height": 188 },
			"digj_UR_003_": { "x": 349, "y": 94, "width": 698, "height": 188 },
			"digj_UR_006_": { "x": 349, "y": 94, "width": 698, "height": 188 },
			"digj_UR_009_": { "x": 349, "y": 94, "width": 698, "height": 188 },
			"digj_UR_012_": { "x": 349, "y": 94, "width": 698, "height": 188 },
			"digj_UR_015_": { "x": 349, "y": 94, "width": 698, "height": 188 },
			"digj_UR_018_": { "x": 349, "y": 94, "width": 698, "height": 188 },
			"digj_UR_021_": { "x": 349, "y": 94, "width": 698, "height": 188 },
			"digj_UR_024_": { "x": 349, "y": 94, "width": 698, "height": 188 },
			"digj_UR_027_": { "x": 349, "y": 94, "width": 698, "height": 188 },
			"digj_UR_030_": { "x": 349, "y": 94, "width": 698, "height": 188 },
			"digj_UR_033_": { "x": 349, "y": 94, "width": 698, "height": 188 },
			"digj_UR_036_": { "x": 349, "y": 94, "width": 698, "height": 188 },
			"digj_UR_039_": { "x": 349, "y": 94, "width": 698, "height": 188 },
			"digj_UR_042_": { "x": 349, "y": 94, "width": 698, "height": 188 },
			"digj_UR_045_": { "x": 349, "y": 94, "width": 698, "height": 188 },
			"digj_UR_048_": { "x": 349, "y": 94, "width": 698, "height": 188 }
		}
	}
},
"animations": {
	"animation": {
		"slots": {
			"digj_DL_": {
				"attachment": [
					{ "time": 0, "name": "digj_DL_000_" },
					{ "time": 0.1, "name": "digj_DL_003_" },
					{ "time": 0.2, "name": "digj_DL_006_" },
					{ "time": 0.3, "name": "digj_DL_009_" },
					{ "time": 0.4, "name": "digj_DL_012_" },
					{ "time": 0.5, "name": "digj_DL_015_" },
					{ "time": 0.6, "name": "digj_DL_018_" },
					{ "time": 0.7, "name": "digj_DL_021_" },
					{ "time": 0.8, "name": "digj_DL_024_" },
					{ "time": 0.9, "name": "digj_DL_027_" },
					{ "time": 1, "name": "digj_DL_030_" },
					{ "time": 1.1, "name": "digj_DL_033_" },
					{ "time": 1.2, "name": "digj_DL_036_" },
					{ "time": 1.3, "name": "digj_DL_039_" },
					{ "time": 1.4, "name": "digj_DL_042_" },
					{ "time": 1.5, "name": "digj_DL_045_" },
					{ "time": 1.6, "name": "digj_DL_048_" },
					{ "time": 1.7, "name": null }
				]
			},
			"digj_DR_": {
				"attachment": [
					{ "time": 0, "name": "digj_DR_000_" },
					{ "time": 0.1, "name": "digj_DR_003_" },
					{ "time": 0.2, "name": "digj_DR_006_" },
					{ "time": 0.3, "name": "digj_DR_009_" },
					{ "time": 0.4, "name": "digj_DR_012_" },
					{ "time": 0.5, "name": "digj_DR_015_" },
					{ "time": 0.6, "name": "digj_DR_018_" },
					{ "time": 0.7, "name": "digj_DR_021_" },
					{ "time": 0.8, "name": "digj_DR_024_" },
					{ "time": 0.9, "name": "digj_DR_027_" },
					{ "time": 1, "name": "digj_DR_030_" },
					{ "time": 1.1, "name": "digj_DR_033_" },
					{ "time": 1.2, "name": "digj_DR_036_" },
					{ "time": 1.3, "name": "digj_DR_039_" },
					{ "time": 1.4, "name": "digj_DR_042_" },
					{ "time": 1.5, "name": "digj_DR_045_" },
					{ "time": 1.6, "name": "digj_DR_048_" },
					{ "time": 1.7, "name": null }
				]
			},
			"digj_UL_": {
				"attachment": [
					{ "time": 0, "name": "digj_UL_000_" },
					{ "time": 0.1, "name": "digj_UL_003_" },
					{ "time": 0.2, "name": "digj_UL_006_" },
					{ "time": 0.3, "name": "digj_UL_009_" },
					{ "time": 0.4, "name": "digj_UL_012_" },
					{ "time": 0.5, "name": "digj_UL_015_" },
					{ "time": 0.6, "name": "digj_UL_018_" },
					{ "time": 0.7, "name": "digj_UL_021_" },
					{ "time": 0.8, "name": "digj_UL_024_" },
					{ "time": 0.9, "name": "digj_UL_027_" },
					{ "time": 1, "name": "digj_UL_030_" },
					{ "time": 1.1, "name": "digj_UL_033_" },
					{ "time": 1.2, "name": "digj_UL_036_" },
					{ "time": 1.3, "name": "digj_UL_039_" },
					{ "time": 1.4, "name": "digj_UL_042_" },
					{ "time": 1.5, "name": "digj_UL_045_" },
					{ "time": 1.6, "name": "digj_UL_048_" },
					{ "time": 1.7, "name": null }
				]
			},
			"digj_UR_": {
				"attachment": [
					{ "time": 0, "name": "digj_UR_000_" },
					{ "time": 0.1, "name": "digj_UR_003_" },
					{ "time": 0.2, "name": "digj_UR_006_" },
					{ "time": 0.3, "name": "digj_UR_009_" },
					{ "time": 0.4, "name": "digj_UR_012_" },
					{ "time": 0.5, "name": "digj_UR_015_" },
					{ "time": 0.6, "name": "digj_UR_018_" },
					{ "time": 0.7, "name": "digj_UR_021_" },
					{ "time": 0.8, "name": "digj_UR_024_" },
					{ "time": 0.9, "name": "digj_UR_027_" },
					{ "time": 1, "name": "digj_UR_030_" },
					{ "time": 1.1, "name": "digj_UR_033_" },
					{ "time": 1.2, "name": "digj_UR_036_" },
					{ "time": 1.3, "name": "digj_UR_039_" },
					{ "time": 1.4, "name": "digj_UR_042_" },
					{ "time": 1.5, "name": "digj_UR_045_" },
					{ "time": 1.6, "name": "digj_UR_048_" },
					{ "time": 1.7, "name": null }
				]
			}
		}
	}
}
}