{
"skeleton": { "hash": "moJ0tnosZp1sBc7+qwVbuvhlOAk", "spine": "2.1.27", "width": 360.5, "height": 428.5 },
"bones": [
	{ "name": "root" },
	{ "name": "bone", "parent": "root", "length": 109.51, "x": 290, "rotation": 270 },
	{ "name": "bone2", "parent": "root", "length": 130.11, "rotation": 270 }
],
"slots": [
	{ "name": "cksd_yingzi_0_2", "bone": "bone2", "attachment": "cksd_yingzi_0_" },
	{ "name": "nkX_112_", "bone": "bone" },
	{ "name": "nkX_112_1_", "bone": "bone" },
	{ "name": "nkX_108_", "bone": "bone" },
	{ "name": "nkX_100_", "bone": "bone" },
	{ "name": "nkX_096_", "bone": "bone" },
	{ "name": "nkX_092_", "bone": "bone" },
	{ "name": "nkX_092_1_", "bone": "bone" },
	{ "name": "nkX_092_2_", "bone": "bone" },
	{ "name": "nkX_084_", "bone": "bone" },
	{ "name": "nkX_084_1_", "bone": "bone" },
	{ "name": "nkX_084_2_", "bone": "bone" },
	{ "name": "nkX_076_", "bone": "bone" },
	{ "name": "nkX_072_", "bone": "bone" },
	{ "name": "nkX_064_", "bone": "bone" },
	{ "name": "nkX_064_1_", "bone": "bone" },
	{ "name": "nkX_064_2_", "bone": "bone" },
	{ "name": "nkX_060_", "bone": "bone" },
	{ "name": "nkX_060_1_", "bone": "bone" },
	{ "name": "nkX_056_", "bone": "bone" },
	{ "name": "nkX_056_1_", "bone": "bone" },
	{ "name": "nkX_048_", "bone": "bone" },
	{ "name": "nkX_048_1_", "bone": "bone" },
	{ "name": "nkX_040_", "bone": "bone" },
	{ "name": "nkX_040_1_", "bone": "bone" },
	{ "name": "nkX_036_", "bone": "bone" },
	{ "name": "nkX_032_", "bone": "bone" },
	{ "name": "nkX_032_1_", "bone": "bone" },
	{ "name": "nkX_028_", "bone": "bone" },
	{ "name": "nkX_028_1_", "bone": "bone" },
	{ "name": "nkX_024_", "bone": "bone" },
	{ "name": "nkX_020_", "bone": "bone" },
	{ "name": "nkX_016_", "bone": "bone" },
	{ "name": "nkX_008_", "bone": "bone" },
	{ "name": "nkX_008_1_", "bone": "bone" },
	{ "name": "nkX_008_2__", "bone": "bone" },
	{ "name": "nkX_008_3_", "bone": "bone" },
	{ "name": "nkX_000_", "bone": "bone" },
	{ "name": "nkG_038_", "bone": "bone" },
	{ "name": "nkG_034_", "bone": "bone" },
	{ "name": "nkG_030_", "bone": "bone" },
	{ "name": "nkG_030_1_", "bone": "bone" },
	{ "name": "nkG_024_", "bone": "bone" },
	{ "name": "nkG_024_1_", "bone": "bone" },
	{ "name": "nkG_024_2_", "bone": "bone" },
	{ "name": "nkG_024_3_", "bone": "bone" },
	{ "name": "nkG_022_", "bone": "bone" },
	{ "name": "nkG_022_1_", "bone": "bone" },
	{ "name": "nkG_022_2_", "bone": "bone" },
	{ "name": "nkG_022_3_", "bone": "bone" },
	{ "name": "nkG_022_4_", "bone": "bone" },
	{ "name": "nkG_020_", "bone": "bone" },
	{ "name": "nkG_020_1_", "bone": "bone" },
	{ "name": "nkG_020_2_", "bone": "bone" },
	{ "name": "nkG_019_", "bone": "bone" },
	{ "name": "nkG_019_1_", "bone": "bone" },
	{ "name": "nkG_019_2_", "bone": "bone" },
	{ "name": "nkG_018_", "bone": "bone" },
	{ "name": "nkG_018_2_", "bone": "bone" },
	{ "name": "nkG_016_", "bone": "bone" },
	{ "name": "nkG_016_1_", "bone": "bone" },
	{ "name": "nkG_016_2_", "bone": "bone" },
	{ "name": "nkG_016_3_", "bone": "bone" },
	{ "name": "nkG_014_", "bone": "bone" },
	{ "name": "nkG_014_2_", "bone": "bone" },
	{ "name": "nkG_014_1_", "bone": "bone" },
	{ "name": "nkG_012_", "bone": "bone" },
	{ "name": "nkG_012_1_", "bone": "bone" },
	{ "name": "nkG_012_2_", "bone": "bone" },
	{ "name": "nkG_012_3_", "bone": "bone" },
	{ "name": "nkG_008_", "bone": "bone" },
	{ "name": "nkG_008_2_", "bone": "bone" },
	{ "name": "nkG_008_1_", "bone": "bone" },
	{ "name": "nkG_004_", "bone": "bone" },
	{ "name": "nkG_004_1_", "bone": "bone" },
	{ "name": "nkG_004_2_", "bone": "bone" },
	{ "name": "nkG_004_3_", "bone": "bone" },
	{ "name": "nkG_000_", "bone": "bone" },
	{ "name": "nkG_000_1_", "bone": "bone" },
	{ "name": "nkG_000_2_", "bone": "bone" },
	{ "name": "nkD_028_", "bone": "bone" },
	{ "name": "nkD_028_1_", "bone": "bone" },
	{ "name": "nkD_028_2_", "bone": "bone" },
	{ "name": "nkD_028_3_", "bone": "bone" },
	{ "name": "nkD_028_4_", "bone": "bone" },
	{ "name": "nkD_024_", "bone": "bone" },
	{ "name": "nkD_024_1_", "bone": "bone" },
	{ "name": "nkD_024_2_", "bone": "bone" },
	{ "name": "nkD_024_3_", "bone": "bone" },
	{ "name": "nkD_020_", "bone": "bone" },
	{ "name": "nkD_020_1_", "bone": "bone" },
	{ "name": "nkD_020_2_", "bone": "bone" },
	{ "name": "nkD_020_3_", "bone": "bone" },
	{ "name": "nkD_016_", "bone": "bone" },
	{ "name": "nkD_016_1_", "bone": "bone" },
	{ "name": "nkD_016_2_", "bone": "bone" },
	{ "name": "nkD_016_3_", "bone": "bone" },
	{ "name": "nkD_012_", "bone": "bone" },
	{ "name": "nkD_012_1_", "bone": "bone" },
	{ "name": "nkD_008_", "bone": "bone" },
	{ "name": "nkD_008_1_", "bone": "bone" },
	{ "name": "nkD_004_", "bone": "bone" },
	{ "name": "nkD_004_1_", "bone": "bone" },
	{ "name": "nkD_000_", "bone": "bone", "attachment": "nkD_000_" },
	{ "name": "nkD_000_1_", "bone": "bone", "attachment": "nkD_000_1_" },
	{ "name": "cksd_yingzi_0_", "bone": "root" }
],
"skins": {
	"default": {
		"cksd_yingzi_0_2": {
			"cksd_yingzi_0_": { "rotation": 90, "width": 85, "height": 85 }
		},
		"nkD_000_": {
			"nkD_000_": { "x": -151.5, "y": -17, "rotation": 90, "width": 90, "height": 201 }
		},
		"nkD_000_1_": {
			"nkD_000_1_": { "x": -311, "y": -68.5, "rotation": 90, "width": 177, "height": 150 }
		},
		"nkD_004_": {
			"nkD_004_": { "x": -150.5, "y": -16.5, "rotation": 90, "width": 87, "height": 199 }
		},
		"nkD_004_1_": {
			"nkD_004_1_": { "x": -320.5, "y": -85.5, "rotation": 90, "width": 143, "height": 159 }
		},
		"nkD_008_": {
			"nkD_008_": { "x": -149.5, "y": -16.5, "rotation": 90, "width": 87, "height": 197 }
		},
		"nkD_008_1_": {
			"nkD_008_1_": { "x": -313, "y": -73.5, "rotation": 90, "width": 153, "height": 142 }
		},
		"nkD_012_": {
			"nkD_012_": { "x": -150.5, "y": -17, "rotation": 90, "width": 86, "height": 199 }
		},
		"nkD_012_1_": {
			"nkD_012_1_": { "x": -283, "y": -53.5, "rotation": 90, "width": 193, "height": 128 }
		},
		"nkD_016_": {
			"nkD_016_": { "x": -152, "y": -18.5, "rotation": 90, "width": 87, "height": 202 }
		},
		"nkD_016_1_": {
			"nkD_016_1_": { "x": -268.5, "y": -62.5, "rotation": 90, "width": 73, "height": 47 }
		},
		"nkD_016_2_": {
			"nkD_016_2_": { "x": -274.5, "y": 12, "rotation": 90, "width": 78, "height": 29 }
		},
		"nkD_016_3_": {
			"nkD_016_3_": { "x": -208.5, "y": -101, "rotation": 90, "width": 54, "height": 87 }
		},
		"nkD_020_": {
			"nkD_020_": { "x": -147.5, "y": -21.5, "rotation": 90, "width": 93, "height": 193 }
		},
		"nkD_020_1_": {
			"nkD_020_1_": { "x": -203, "y": -88.5, "rotation": 90, "width": 43, "height": 80 }
		},
		"nkD_020_2_": {
			"nkD_020_2_": { "x": -267, "y": -5.5, "rotation": 90, "width": 43, "height": 46 }
		},
		"nkD_020_3_": {
			"nkD_020_3_": { "x": -267, "y": -63, "rotation": 90, "width": 72, "height": 48 }
		},
		"nkD_024_": {
			"nkD_024_": { "x": -152, "y": -22, "rotation": 90, "width": 96, "height": 202 }
		},
		"nkD_024_1_": {
			"nkD_024_1_": { "x": -207.5, "y": -93, "rotation": 90, "width": 50, "height": 67 }
		},
		"nkD_024_2_": {
			"nkD_024_2_": { "x": -268.5, "y": -55.5, "rotation": 90, "width": 93, "height": 61 }
		},
		"nkD_024_3_": {
			"nkD_024_3_": { "x": -269.5, "y": 9, "rotation": 90, "width": 38, "height": 59 }
		},
		"nkD_028_": {
			"nkD_028_": { "x": -151.5, "y": -19, "rotation": 90, "width": 92, "height": 201 }
		},
		"nkD_028_1_": {
			"nkD_028_1_": { "x": -263, "y": -69, "rotation": 90, "width": 68, "height": 50 }
		},
		"nkD_028_2_": {
			"nkD_028_2_": { "x": -308.5, "y": -24.5, "rotation": 90, "width": 55, "height": 57 }
		},
		"nkD_028_3_": {
			"nkD_028_3_": { "x": -236.5, "y": -118, "rotation": 90, "width": 48, "height": 51 }
		},
		"nkD_028_4_": {
			"nkD_028_4_": { "x": -334.5, "y": 19.5, "rotation": 90, "width": 65, "height": 15 }
		},
		"nkG_000_": {
			"nkG_000_": { "x": -151.5, "y": -16.5, "rotation": 90, "width": 89, "height": 201 }
		},
		"nkG_000_1_": {
			"nkG_000_1_": { "x": -260, "y": -96.5, "rotation": 90, "width": 121, "height": 48 }
		},
		"nkG_000_2_": {
			"nkG_000_2_": { "x": -332.5, "y": -16.5, "rotation": 90, "width": 73, "height": 107 }
		},
		"nkG_004_": {
			"nkG_004_": { "x": -151.5, "y": -12.5, "rotation": 90, "width": 115, "height": 201 }
		},
		"nkG_004_1_": {
			"nkG_004_1_": { "x": -255.5, "y": -52, "rotation": 90, "width": 38, "height": 29 }
		},
		"nkG_004_2_": {
			"nkG_004_2_": { "x": -324, "y": -28.5, "rotation": 90, "width": 55, "height": 108 }
		},
		"nkG_004_3_": {
			"nkG_004_3_": { "x": -268.5, "y": -106, "rotation": 90, "width": 70, "height": 63 }
		},
		"nkG_008_": {
			"nkG_008_": { "x": -155.5, "y": -4, "rotation": 90, "width": 94, "height": 209 }
		},
		"nkG_008_1_": {
			"nkG_008_1_": { "x": -313.5, "y": -6, "rotation": 90, "width": 82, "height": 73 }
		},
		"nkG_008_2_": {
			"nkG_008_2_": { "x": -253, "y": -91.5, "rotation": 90, "width": 117, "height": 70 }
		},
		"nkG_012_": {
			"nkG_012_": { "x": -155, "y": -14.5, "rotation": 90, "width": 127, "height": 216 }
		},
		"nkG_012_1_": {
			"nkG_012_1_": { "x": -211, "y": -113.5, "rotation": 90, "width": 39, "height": 74 }
		},
		"nkG_012_2_": {
			"nkG_012_2_": { "x": -273, "y": -84, "rotation": 90, "width": 60, "height": 64 }
		},
		"nkG_012_3_": {
			"nkG_012_3_": { "x": -283.5, "y": -19.5, "rotation": 90, "width": 101, "height": 45 }
		},
		"nkG_014_": {
			"nkG_014_": { "x": -152.5, "y": -0.5, "rotation": 90, "width": 145, "height": 215 }
		},
		"nkG_014_1_": {
			"nkG_014_1_": { "x": -284, "y": -42.5, "rotation": 90, "width": 141, "height": 70 }
		},
		"nkG_014_2_": {
			"nkG_014_2_": { "x": -221.5, "y": -94, "rotation": 90, "width": 44, "height": 67 }
		},
		"nkG_016_": {
			"nkG_016_": { "x": -145, "y": 3.5, "rotation": 90, "width": 135, "height": 208 }
		},
		"nkG_016_1_": {
			"nkG_016_1_": { "x": -292, "y": -73, "rotation": 90, "width": 82, "height": 76 }
		},
		"nkG_016_2_": {
			"nkG_016_2_": { "x": -301.5, "y": -4.5, "rotation": 90, "width": 63, "height": 57 }
		},
		"nkG_016_3_": {
			"nkG_016_3_": { "x": -232, "y": -99, "rotation": 90, "width": 50, "height": 60 }
		},
		"nkG_018_": {
			"nkG_018_": { "x": -145, "y": -33.5, "rotation": 90, "width": 295, "height": 282 }
		},
		"nkG_018_2_": {
			"nkG_018_2_": { "x": -305.5, "y": -14.5, "rotation": 90, "width": 159, "height": 39 }
		},
		"nkG_019_": {
			"nkG_019_": { "x": -138.5, "y": 17, "rotation": 90, "width": 394, "height": 277 }
		},
		"nkG_019_1_": {
			"nkG_019_1_": { "x": -305, "y": -46.5, "rotation": 90, "width": 65, "height": 56 }
		},
		"nkG_019_2_": {
			"nkG_019_2_": { "x": -305, "y": 15, "rotation": 90, "width": 58, "height": 56 }
		},
		"nkG_020_": {
			"nkG_020_": { "x": -126.5, "y": 21, "rotation": 90, "width": 386, "height": 253 }
		},
		"nkG_020_1_": {
			"nkG_020_1_": { "x": -247.5, "y": -73, "rotation": 90, "width": 174, "height": 67 }
		},
		"nkG_020_2_": {
			"nkG_020_2_": { "x": -316.5, "y": -14, "rotation": 90, "width": 86, "height": 87 }
		},
		"nkG_022_": {
			"nkG_022_": { "x": -125.5, "y": 58, "rotation": 90, "width": 312, "height": 231 }
		},
		"nkG_022_1_": {
			"nkG_022_1_": { "x": -157, "y": -100.5, "rotation": 90, "width": 87, "height": 82 }
		},
		"nkG_022_2_": {
			"nkG_022_2_": { "x": -238, "y": -74, "rotation": 90, "width": 80, "height": 90 }
		},
		"nkG_022_3_": {
			"nkG_022_3_": { "x": -269, "y": -125.5, "rotation": 90, "width": 95, "height": 42 }
		},
		"nkG_022_4_": {
			"nkG_022_4_": { "x": -336.5, "y": -36, "rotation": 90, "width": 50, "height": 119 }
		},
		"nkG_024_": {
			"nkG_024_": { "x": -150, "y": 39.5, "rotation": 90, "width": 349, "height": 248 }
		},
		"nkG_024_1_": {
			"nkG_024_1_": { "x": -257.5, "y": -72, "rotation": 90, "width": 52, "height": 67 }
		},
		"nkG_024_2_": {
			"nkG_024_2_": { "x": -289.5, "y": -130.5, "rotation": 90, "width": 77, "height": 75 }
		},
		"nkG_024_3_": {
			"nkG_024_3_": { "x": -342.5, "y": -50, "rotation": 90, "width": 26, "height": 117 }
		},
		"nkG_030_": {
			"nkG_030_": { "x": -141, "y": -22, "rotation": 90, "width": 122, "height": 200 }
		},
		"nkG_030_1_": {
			"nkG_030_1_": { "x": -282, "y": -67, "rotation": 90, "width": 192, "height": 128 }
		},
		"nkG_034_": {
			"nkG_034_": { "x": -168.5, "y": -27.5, "rotation": 90, "width": 151, "height": 251 }
		},
		"nkG_038_": {
			"nkG_038_": { "x": -177.5, "y": -40.5, "rotation": 90, "width": 155, "height": 261 }
		},
		"nkX_000_": {
			"nkX_000_": { "x": -218.5, "y": -64.5, "rotation": 90, "width": 185, "height": 335 }
		},
		"nkX_008_": {
			"nkX_008_": { "x": -176.5, "y": -12, "rotation": 90, "width": 88, "height": 203 }
		},
		"nkX_008_1_": {
			"nkX_008_1_": { "x": -272.5, "y": -69, "rotation": 90, "width": 92, "height": 65 }
		},
		"nkX_008_2__": {
			"nkX_008_2__": { "x": -259, "y": -139, "rotation": 90, "width": 54, "height": 52 }
		},
		"nkX_008_3_": {
			"nkX_008_3_": { "x": -337, "y": -18, "rotation": 90, "width": 24, "height": 78 }
		},
		"nkX_016_": {
			"nkX_016_": { "x": -193, "y": -42, "rotation": 90, "width": 178, "height": 206 }
		},
		"nkX_020_": {
			"nkX_020_": { "x": -188, "y": -36, "rotation": 90, "width": 132, "height": 196 }
		},
		"nkX_024_": {
			"nkX_024_": { "x": -189, "y": -19, "rotation": 90, "width": 140, "height": 198 }
		},
		"nkX_028_": {
			"nkX_028_": { "x": -191.5, "y": -20.5, "rotation": 90, "width": 127, "height": 203 }
		},
		"nkX_028_1_": {
			"nkX_028_1_": { "x": -296.5, "y": 47, "rotation": 90, "width": 70, "height": 43 }
		},
		"nkX_032_": {
			"nkX_032_": { "x": -190, "y": -18.5, "rotation": 90, "width": 113, "height": 200 }
		},
		"nkX_032_1_": {
			"nkX_032_1_": { "x": -310, "y": 38.5, "rotation": 90, "width": 41, "height": 106 }
		},
		"nkX_036_": {
			"nkX_036_": { "x": -220, "y": 3, "rotation": 90, "width": 124, "height": 260 }
		},
		"nkX_040_": {
			"nkX_040_": { "x": -191.5, "y": -9.5, "rotation": 90, "width": 103, "height": 203 }
		},
		"nkX_040_1_": {
			"nkX_040_1_": { "x": -288, "y": 68, "rotation": 90, "width": 74, "height": 78 }
		},
		"nkX_048_": {
			"nkX_048_": { "x": -191, "y": -6.5, "rotation": 90, "width": 99, "height": 202 }
		},
		"nkX_048_1_": {
			"nkX_048_1_": { "x": -221, "y": 65.5, "rotation": 90, "width": 47, "height": 68 }
		},
		"nkX_056_": {
			"nkX_056_": { "x": -188.5, "y": -25.5, "rotation": 90, "width": 125, "height": 197 }
		},
		"nkX_056_1_": {
			"nkX_056_1_": { "x": -287, "y": 52.5, "rotation": 90, "width": 79, "height": 38 }
		},
		"nkX_060_": {
			"nkX_060_": { "x": -188.5, "y": -43.5, "rotation": 90, "width": 157, "height": 197 }
		},
		"nkX_060_1_": {
			"nkX_060_1_": { "x": -323, "y": 16.5, "rotation": 90, "width": 49, "height": 86 }
		},
		"nkX_064_": {
			"nkX_064_": { "x": -188.5, "y": -17, "rotation": 90, "width": 118, "height": 197 }
		},
		"nkX_064_1_": {
			"nkX_064_1_": { "x": -254.5, "y": -101, "rotation": 90, "width": 58, "height": 63 }
		},
		"nkX_064_2_": {
			"nkX_064_2_": { "x": -325, "y": -12.5, "rotation": 90, "width": 33, "height": 86 }
		},
		"nkX_072_": {
			"nkX_072_": { "x": -199, "y": -31.5, "rotation": 90, "width": 199, "height": 218 }
		},
		"nkX_076_": {
			"nkX_076_": { "x": -196.5, "y": -26, "rotation": 90, "width": 186, "height": 211 }
		},
		"nkX_084_": {
			"nkX_084_": { "x": -188.5, "y": -22, "rotation": 90, "width": 148, "height": 197 }
		},
		"nkX_084_1_": {
			"nkX_084_1_": { "x": -308, "y": -10, "rotation": 90, "width": 94, "height": 44 }
		},
		"nkX_084_2_": {
			"nkX_084_2_": { "x": -246, "y": -120.5, "rotation": 90, "width": 55, "height": 80 }
		},
		"nkX_092_": {
			"nkX_092_": { "x": -190, "y": -26.5, "rotation": 90, "width": 109, "height": 200 }
		},
		"nkX_092_1_": {
			"nkX_092_1_": { "x": -269.5, "y": -117.5, "rotation": 90, "width": 75, "height": 71 }
		},
		"nkX_092_2_": {
			"nkX_092_2_": { "x": -332.5, "y": -31, "rotation": 90, "width": 30, "height": 87 }
		},
		"nkX_096_": {
			"nkX_096_": { "x": -229, "y": -65, "rotation": 90, "width": 180, "height": 278 }
		},
		"nkX_100_": {
			"nkX_100_": { "x": -200, "y": -34.5, "rotation": 90, "width": 181, "height": 240 }
		},
		"nkX_108_": {
			"nkX_108_": { "x": -175.5, "y": -35.5, "rotation": 90, "width": 141, "height": 247 }
		},
		"nkX_112_": {
			"nkX_112_": { "x": -169, "y": -55, "rotation": 90, "width": 160, "height": 236 }
		},
		"nkX_112_1_": {
			"nkX_112_1_": { "x": -308.5, "y": 1.5, "rotation": 90, "width": 101, "height": 51 }
		}
	}
},
"animations": {
	"dj": {
		"slots": {
			"nkD_000_": {
				"attachment": [
					{ "time": 0, "name": "nkD_000_" },
					{ "time": 0.1333, "name": null },
					{ "time": 1.0333, "name": "nkD_000_" },
					{ "time": 1.2, "name": null },
					{ "time": 1.9, "name": null },
					{ "time": 2.0333, "name": null },
					{ "time": 4.0333, "name": "nkD_000_" },
					{ "time": 4.1666, "name": null },
					{ "time": 5.0666, "name": "nkD_000_" },
					{ "time": 5.2, "name": null },
					{ "time": 6.1, "name": "nkD_000_" }
				]
			},
			"nkD_000_1_": {
				"attachment": [
					{ "time": 0, "name": "nkD_000_1_" },
					{ "time": 0.1333, "name": null },
					{ "time": 1.0333, "name": "nkD_000_1_" },
					{ "time": 1.2, "name": null },
					{ "time": 1.9, "name": null },
					{ "time": 2.0333, "name": null },
					{ "time": 4.0333, "name": "nkD_000_1_" },
					{ "time": 4.1666, "name": null },
					{ "time": 5.0666, "name": "nkD_000_1_" },
					{ "time": 5.2, "name": null },
					{ "time": 6.1, "name": "nkD_000_1_" }
				]
			},
			"nkD_004_": {
				"attachment": [
					{ "time": 0.1333, "name": "nkD_004_" },
					{ "time": 0.2666, "name": null },
					{ "time": 4.1666, "name": "nkD_004_" },
					{ "time": 4.3, "name": null },
					{ "time": 5.2, "name": "nkD_004_" },
					{ "time": 5.3333, "name": null }
				]
			},
			"nkD_004_1_": {
				"attachment": [
					{ "time": 0.1333, "name": "nkD_004_1_" },
					{ "time": 0.2666, "name": null },
					{ "time": 4.1666, "name": "nkD_004_1_" },
					{ "time": 4.3, "name": null },
					{ "time": 5.2, "name": "nkD_004_1_" },
					{ "time": 5.3333, "name": null }
				]
			},
			"nkD_008_": {
				"attachment": [
					{ "time": 0.2666, "name": "nkD_008_" },
					{ "time": 0.4, "name": null },
					{ "time": 4.3, "name": "nkD_008_" },
					{ "time": 4.4333, "name": null },
					{ "time": 5.3333, "name": "nkD_008_" },
					{ "time": 5.4666, "name": null }
				]
			},
			"nkD_008_1_": {
				"attachment": [
					{ "time": 0.2666, "name": "nkD_008_1_" },
					{ "time": 0.4, "name": null },
					{ "time": 4.3, "name": "nkD_008_1_" },
					{ "time": 4.4333, "name": null },
					{ "time": 5.3333, "name": "nkD_008_1_" },
					{ "time": 5.4666, "name": null }
				]
			},
			"nkD_012_": {
				"attachment": [
					{ "time": 0.4, "name": "nkD_012_" },
					{ "time": 0.5333, "name": null },
					{ "time": 4.4333, "name": "nkD_012_" },
					{ "time": 4.5666, "name": null },
					{ "time": 5.4666, "name": "nkD_012_" },
					{ "time": 5.6, "name": null }
				]
			},
			"nkD_012_1_": {
				"attachment": [
					{ "time": 0.4, "name": "nkD_012_1_" },
					{ "time": 0.5333, "name": null },
					{ "time": 4.4333, "name": "nkD_012_1_" },
					{ "time": 4.5666, "name": null },
					{ "time": 5.4666, "name": "nkD_012_1_" },
					{ "time": 5.6, "name": null }
				]
			},
			"nkD_016_": {
				"attachment": [
					{ "time": 0.5333, "name": "nkD_016_" },
					{ "time": 0.6333, "name": null },
					{ "time": 4.5666, "name": "nkD_016_" },
					{ "time": 4.6666, "name": null },
					{ "time": 5.6, "name": "nkD_016_" },
					{ "time": 5.7, "name": null }
				]
			},
			"nkD_016_1_": {
				"attachment": [
					{ "time": 0.5333, "name": "nkD_016_1_" },
					{ "time": 0.6333, "name": null },
					{ "time": 4.5666, "name": "nkD_016_1_" },
					{ "time": 4.6666, "name": null },
					{ "time": 5.6, "name": "nkD_016_1_" },
					{ "time": 5.7, "name": null }
				]
			},
			"nkD_016_2_": {
				"attachment": [
					{ "time": 0.5333, "name": "nkD_016_2_" },
					{ "time": 0.6333, "name": null },
					{ "time": 4.5666, "name": "nkD_016_2_" },
					{ "time": 4.6666, "name": null },
					{ "time": 5.6, "name": "nkD_016_2_" },
					{ "time": 5.7, "name": null }
				]
			},
			"nkD_016_3_": {
				"attachment": [
					{ "time": 0.5333, "name": "nkD_016_3_" },
					{ "time": 0.6333, "name": null },
					{ "time": 4.5666, "name": "nkD_016_3_" },
					{ "time": 4.6666, "name": null },
					{ "time": 5.6, "name": "nkD_016_3_" },
					{ "time": 5.7, "name": null }
				]
			},
			"nkD_020_": {
				"attachment": [
					{ "time": 0.6333, "name": "nkD_020_" },
					{ "time": 0.7666, "name": null },
					{ "time": 4.6666, "name": "nkD_020_" },
					{ "time": 4.8, "name": null },
					{ "time": 5.7, "name": "nkD_020_" },
					{ "time": 5.8333, "name": null }
				]
			},
			"nkD_020_1_": {
				"attachment": [
					{ "time": 0.6333, "name": "nkD_020_1_" },
					{ "time": 0.7666, "name": null },
					{ "time": 4.6666, "name": "nkD_020_1_" },
					{ "time": 4.8, "name": null },
					{ "time": 5.7, "name": "nkD_020_1_" },
					{ "time": 5.8333, "name": null }
				]
			},
			"nkD_020_2_": {
				"attachment": [
					{ "time": 0.6333, "name": "nkD_020_2_" },
					{ "time": 0.7666, "name": null },
					{ "time": 4.6666, "name": "nkD_020_2_" },
					{ "time": 4.8, "name": null },
					{ "time": 5.7, "name": "nkD_020_2_" },
					{ "time": 5.8333, "name": null }
				]
			},
			"nkD_020_3_": {
				"attachment": [
					{ "time": 0.6333, "name": "nkD_020_3_" },
					{ "time": 0.7666, "name": null },
					{ "time": 4.6666, "name": "nkD_020_3_" },
					{ "time": 4.8, "name": null },
					{ "time": 5.7, "name": "nkD_020_3_" },
					{ "time": 5.8333, "name": null }
				]
			},
			"nkD_024_": {
				"attachment": [
					{ "time": 0.7666, "name": "nkD_024_" },
					{ "time": 0.9, "name": null },
					{ "time": 4.8, "name": "nkD_024_" },
					{ "time": 4.9333, "name": null },
					{ "time": 5.8333, "name": "nkD_024_" },
					{ "time": 5.9666, "name": null }
				]
			},
			"nkD_024_1_": {
				"attachment": [
					{ "time": 0.7666, "name": "nkD_024_1_" },
					{ "time": 0.9, "name": null },
					{ "time": 4.8, "name": "nkD_024_1_" },
					{ "time": 4.9333, "name": null },
					{ "time": 5.8333, "name": "nkD_024_1_" },
					{ "time": 5.9666, "name": null }
				]
			},
			"nkD_024_2_": {
				"attachment": [
					{ "time": 0.7666, "name": "nkD_024_2_" },
					{ "time": 0.9, "name": null },
					{ "time": 4.8, "name": "nkD_024_2_" },
					{ "time": 4.9333, "name": null },
					{ "time": 5.8333, "name": "nkD_024_2_" },
					{ "time": 5.9666, "name": null }
				]
			},
			"nkD_024_3_": {
				"attachment": [
					{ "time": 0.7666, "name": "nkD_024_3_" },
					{ "time": 0.9, "name": null },
					{ "time": 4.8, "name": "nkD_024_3_" },
					{ "time": 4.9333, "name": null },
					{ "time": 5.8333, "name": "nkD_024_3_" },
					{ "time": 5.9666, "name": null }
				]
			},
			"nkD_028_": {
				"attachment": [
					{ "time": 0.9, "name": "nkD_028_" },
					{ "time": 1.0333, "name": null },
					{ "time": 4.9333, "name": "nkD_028_" },
					{ "time": 5.0666, "name": null },
					{ "time": 5.9666, "name": "nkD_028_" },
					{ "time": 6.1, "name": null }
				]
			},
			"nkD_028_1_": {
				"attachment": [
					{ "time": 0.9, "name": "nkD_028_1_" },
					{ "time": 1.0333, "name": null },
					{ "time": 4.9333, "name": "nkD_028_1_" },
					{ "time": 5.0666, "name": null },
					{ "time": 5.9666, "name": "nkD_028_1_" },
					{ "time": 6.1, "name": null }
				]
			},
			"nkD_028_2_": {
				"attachment": [
					{ "time": 0.9, "name": "nkD_028_2_" },
					{ "time": 1.0333, "name": null },
					{ "time": 4.9333, "name": "nkD_028_2_" },
					{ "time": 5.0666, "name": null },
					{ "time": 5.9666, "name": "nkD_028_2_" },
					{ "time": 6.1, "name": null }
				]
			},
			"nkD_028_3_": {
				"attachment": [
					{ "time": 0.9, "name": "nkD_028_3_" },
					{ "time": 1.0333, "name": null },
					{ "time": 4.9333, "name": "nkD_028_3_" },
					{ "time": 5.0666, "name": null },
					{ "time": 5.9666, "name": "nkD_028_3_" },
					{ "time": 6.1, "name": null }
				]
			},
			"nkD_028_4_": {
				"attachment": [
					{ "time": 0.9, "name": "nkD_028_4_" },
					{ "time": 1.0333, "name": null },
					{ "time": 4.9333, "name": "nkD_028_4_" },
					{ "time": 5.0666, "name": null },
					{ "time": 5.9666, "name": "nkD_028_4_" },
					{ "time": 6.1, "name": null }
				]
			},
			"nkX_008_": {
				"attachment": [
					{ "time": 1.2, "name": "nkX_008_" },
					{ "time": 1.3666, "name": null }
				]
			},
			"nkX_008_1_": {
				"attachment": [
					{ "time": 1.2, "name": "nkX_008_1_" },
					{ "time": 1.3666, "name": null }
				]
			},
			"nkX_008_2__": {
				"attachment": [
					{ "time": 1.2, "name": "nkX_008_2__" },
					{ "time": 1.3666, "name": null }
				]
			},
			"nkX_008_3_": {
				"attachment": [
					{ "time": 1.2, "name": "nkX_008_3_" },
					{ "time": 1.3666, "name": null }
				]
			},
			"nkX_016_": {
				"attachment": [
					{ "time": 1.3666, "name": "nkX_016_" },
					{ "time": 1.5, "name": null }
				]
			},
			"nkX_020_": {
				"attachment": [
					{ "time": 1.5, "name": "nkX_020_" },
					{ "time": 1.6333, "name": null }
				]
			},
			"nkX_024_": {
				"attachment": [
					{ "time": 1.6333, "name": "nkX_024_" },
					{ "time": 1.7666, "name": null }
				]
			},
			"nkX_028_": {
				"attachment": [
					{ "time": 1.7666, "name": "nkX_028_" },
					{ "time": 1.9, "name": null }
				]
			},
			"nkX_028_1_": {
				"attachment": [
					{ "time": 1.7666, "name": "nkX_028_1_" },
					{ "time": 1.9, "name": null }
				]
			},
			"nkX_032_": {
				"attachment": [
					{ "time": 1.9, "name": "nkX_032_" },
					{ "time": 2.0333, "name": null }
				]
			},
			"nkX_032_1_": {
				"attachment": [
					{ "time": 1.9, "name": "nkX_032_1_" },
					{ "time": 2.0333, "name": null }
				]
			},
			"nkX_036_": {
				"attachment": [
					{ "time": 2.0333, "name": "nkX_036_" },
					{ "time": 2.1666, "name": null }
				]
			},
			"nkX_040_": {
				"attachment": [
					{ "time": 2.1666, "name": "nkX_040_" },
					{ "time": 2.3333, "name": null }
				]
			},
			"nkX_040_1_": {
				"attachment": [
					{ "time": 2.1666, "name": "nkX_040_1_" },
					{ "time": 2.3333, "name": null },
					{ "time": 2.5, "name": null }
				]
			},
			"nkX_048_": {
				"attachment": [
					{ "time": 2.3333, "name": "nkX_048_" },
					{ "time": 2.5, "name": null }
				]
			},
			"nkX_048_1_": {
				"attachment": [
					{ "time": 2.3333, "name": "nkX_048_1_" },
					{ "time": 2.5, "name": null }
				]
			},
			"nkX_056_": {
				"attachment": [
					{ "time": 2.5, "name": "nkX_056_" },
					{ "time": 2.6333, "name": null }
				]
			},
			"nkX_056_1_": {
				"attachment": [
					{ "time": 2.5, "name": "nkX_056_1_" },
					{ "time": 2.6333, "name": null }
				]
			},
			"nkX_060_": {
				"attachment": [
					{ "time": 2.6333, "name": "nkX_060_" },
					{ "time": 2.7666, "name": null }
				]
			},
			"nkX_060_1_": {
				"attachment": [
					{ "time": 2.6333, "name": "nkX_060_1_" },
					{ "time": 2.7666, "name": null }
				]
			},
			"nkX_064_": {
				"attachment": [
					{ "time": 2.7666, "name": "nkX_064_" },
					{ "time": 2.9333, "name": null }
				]
			},
			"nkX_064_1_": {
				"attachment": [
					{ "time": 2.7666, "name": "nkX_064_1_" },
					{ "time": 2.9333, "name": null }
				]
			},
			"nkX_064_2_": {
				"attachment": [
					{ "time": 2.7666, "name": "nkX_064_2_" },
					{ "time": 2.9333, "name": null }
				]
			},
			"nkX_072_": {
				"attachment": [
					{ "time": 2.9333, "name": "nkX_072_" },
					{ "time": 3.0666, "name": null }
				]
			},
			"nkX_076_": {
				"attachment": [
					{ "time": 3.0666, "name": "nkX_076_" },
					{ "time": 3.2333, "name": null }
				]
			},
			"nkX_084_": {
				"attachment": [
					{ "time": 3.2333, "name": "nkX_084_" },
					{ "time": 3.4, "name": null }
				]
			},
			"nkX_084_1_": {
				"attachment": [
					{ "time": 3.2333, "name": "nkX_084_1_" },
					{ "time": 3.4, "name": null }
				]
			},
			"nkX_084_2_": {
				"attachment": [
					{ "time": 3.2333, "name": "nkX_084_2_" },
					{ "time": 3.4, "name": null }
				]
			},
			"nkX_092_": {
				"attachment": [
					{ "time": 3.4, "name": "nkX_092_" },
					{ "time": 3.5333, "name": null }
				]
			},
			"nkX_092_1_": {
				"attachment": [
					{ "time": 3.4, "name": "nkX_092_1_" },
					{ "time": 3.5333, "name": null }
				]
			},
			"nkX_092_2_": {
				"attachment": [
					{ "time": 3.4, "name": "nkX_092_2_" },
					{ "time": 3.5333, "name": null }
				]
			},
			"nkX_096_": {
				"attachment": [
					{ "time": 3.5333, "name": "nkX_096_" },
					{ "time": 3.6666, "name": null }
				]
			},
			"nkX_100_": {
				"attachment": [
					{ "time": 3.6666, "name": "nkX_100_" },
					{ "time": 3.8, "name": null }
				]
			},
			"nkX_108_": {
				"attachment": [
					{ "time": 3.8, "name": "nkX_108_" },
					{ "time": 3.9333, "name": null }
				]
			},
			"nkX_112_": {
				"attachment": [
					{ "time": 3.9333, "name": "nkX_112_" },
					{ "time": 4.0333, "name": null }
				]
			},
			"nkX_112_1_": {
				"attachment": [
					{ "time": 3.9333, "name": "nkX_112_1_" },
					{ "time": 4.0333, "name": null }
				]
			}
		},
		"bones": {
			"bone": {
				"rotate": [
					{ "time": 0, "angle": 0, "curve": "stepped" },
					{ "time": 1.0333, "angle": 0, "curve": "stepped" },
					{ "time": 4.0333, "angle": 0, "curve": "stepped" },
					{ "time": 5.0666, "angle": 0, "curve": "stepped" },
					{ "time": 6.1, "angle": 0 }
				],
				"translate": [
					{ "time": 0, "x": -271.31, "y": -53.02, "curve": "stepped" },
					{ "time": 1.0333, "x": -271.31, "y": -53.02, "curve": "stepped" },
					{ "time": 4.0333, "x": -271.31, "y": -53.02, "curve": "stepped" },
					{ "time": 5.0666, "x": -271.31, "y": -53.02, "curve": "stepped" },
					{ "time": 6.1, "x": -271.31, "y": -53.02 }
				],
				"scale": [
					{ "time": 0, "x": 1, "y": 1, "curve": "stepped" },
					{ "time": 1.0333, "x": 1, "y": 1, "curve": "stepped" },
					{ "time": 4.0333, "x": 1, "y": 1, "curve": "stepped" },
					{ "time": 5.0666, "x": 1, "y": 1, "curve": "stepped" },
					{ "time": 6.1, "x": 1, "y": 1 }
				]
			},
			"bone2": {
				"rotate": [
					{ "time": 0, "angle": -410.1 }
				],
				"translate": [
					{ "time": 0, "x": 3.4, "y": 52.8 }
				],
				"scale": [
					{ "time": 0, "x": 1.013, "y": 1.438 }
				]
			}
		}
	},
	"gj": {
		"slots": {
			"nkD_000_": {
				"attachment": [
					{ "time": 0, "name": "nkD_000_" },
					{ "time": 0.1333, "name": null },
					{ "time": 1.3, "name": "nkD_000_" }
				]
			},
			"nkD_000_1_": {
				"attachment": [
					{ "time": 0, "name": "nkD_000_1_" },
					{ "time": 0.1333, "name": null },
					{ "time": 1.3, "name": "nkD_000_1_" }
				]
			},
			"nkG_004_": {
				"attachment": [
					{ "time": 0.1333, "name": "nkG_004_" },
					{ "time": 0.2666, "name": null }
				]
			},
			"nkG_004_1_": {
				"attachment": [
					{ "time": 0.1333, "name": "nkG_004_1_" },
					{ "time": 0.2666, "name": null }
				]
			},
			"nkG_004_2_": {
				"attachment": [
					{ "time": 0.1333, "name": "nkG_004_2_" },
					{ "time": 0.2666, "name": null }
				]
			},
			"nkG_004_3_": {
				"attachment": [
					{ "time": 0.1333, "name": "nkG_004_3_" },
					{ "time": 0.2666, "name": null }
				]
			},
			"nkG_008_": {
				"attachment": [
					{ "time": 0.2666, "name": "nkG_008_" },
					{ "time": 0.4, "name": null }
				]
			},
			"nkG_008_1_": {
				"attachment": [
					{ "time": 0.2666, "name": "nkG_008_1_" },
					{ "time": 0.4, "name": null }
				]
			},
			"nkG_008_2_": {
				"attachment": [
					{ "time": 0.2666, "name": "nkG_008_2_" },
					{ "time": 0.4, "name": null }
				]
			},
			"nkG_012_": {
				"attachment": [
					{ "time": 0.4, "name": "nkG_012_" },
					{ "time": 0.5, "name": null }
				]
			},
			"nkG_012_1_": {
				"attachment": [
					{ "time": 0.4, "name": "nkG_012_1_" },
					{ "time": 0.5, "name": null }
				]
			},
			"nkG_012_2_": {
				"attachment": [
					{ "time": 0.4, "name": "nkG_012_2_" },
					{ "time": 0.5, "name": null }
				]
			},
			"nkG_012_3_": {
				"attachment": [
					{ "time": 0.4, "name": "nkG_012_3_" },
					{ "time": 0.5, "name": null }
				]
			},
			"nkG_014_": {
				"attachment": [
					{ "time": 0.5, "name": "nkG_014_" },
					{ "time": 0.6, "name": null }
				]
			},
			"nkG_014_1_": {
				"attachment": [
					{ "time": 0.5, "name": "nkG_014_1_" },
					{ "time": 0.6, "name": null }
				]
			},
			"nkG_014_2_": {
				"attachment": [
					{ "time": 0.5, "name": "nkG_014_2_" },
					{ "time": 0.6, "name": null }
				]
			},
			"nkG_016_": {
				"attachment": [
					{ "time": 0.6, "name": "nkG_016_" },
					{ "time": 0.6666, "name": null }
				]
			},
			"nkG_016_1_": {
				"attachment": [
					{ "time": 0.6, "name": "nkG_016_1_" },
					{ "time": 0.6666, "name": null }
				]
			},
			"nkG_016_2_": {
				"attachment": [
					{ "time": 0.6, "name": "nkG_016_2_" },
					{ "time": 0.6666, "name": null }
				]
			},
			"nkG_016_3_": {
				"attachment": [
					{ "time": 0.6, "name": "nkG_016_3_" },
					{ "time": 0.6666, "name": null }
				]
			},
			"nkG_018_": {
				"attachment": [
					{ "time": 0.6666, "name": "nkG_018_" },
					{ "time": 0.7, "name": null }
				]
			},
			"nkG_018_2_": {
				"attachment": [
					{ "time": 0.6666, "name": "nkG_018_2_" },
					{ "time": 0.7, "name": null }
				]
			},
			"nkG_019_": {
				"attachment": [
					{ "time": 0.7, "name": "nkG_019_" },
					{ "time": 0.7333, "name": null }
				]
			},
			"nkG_019_1_": {
				"attachment": [
					{ "time": 0.7, "name": "nkG_019_1_" },
					{ "time": 0.7333, "name": null }
				]
			},
			"nkG_019_2_": {
				"attachment": [
					{ "time": 0.7, "name": "nkG_019_2_" },
					{ "time": 0.7333, "name": null }
				]
			},
			"nkG_020_": {
				"attachment": [
					{ "time": 0.7333, "name": "nkG_020_" },
					{ "time": 0.8, "name": null }
				]
			},
			"nkG_020_1_": {
				"attachment": [
					{ "time": 0.7333, "name": "nkG_020_1_" },
					{ "time": 0.8, "name": null }
				]
			},
			"nkG_020_2_": {
				"attachment": [
					{ "time": 0.7333, "name": "nkG_020_2_" },
					{ "time": 0.8, "name": null }
				]
			},
			"nkG_022_": {
				"attachment": [
					{ "time": 0.8, "name": "nkG_022_" },
					{ "time": 0.8666, "name": null }
				]
			},
			"nkG_022_1_": {
				"attachment": [
					{ "time": 0.8, "name": "nkG_022_1_" },
					{ "time": 0.8666, "name": null }
				]
			},
			"nkG_022_2_": {
				"attachment": [
					{ "time": 0.8, "name": "nkG_022_2_" },
					{ "time": 0.8666, "name": null }
				]
			},
			"nkG_022_3_": {
				"attachment": [
					{ "time": 0.8, "name": "nkG_022_3_" },
					{ "time": 0.8666, "name": null }
				]
			},
			"nkG_022_4_": {
				"attachment": [
					{ "time": 0.8, "name": "nkG_022_4_" },
					{ "time": 0.8666, "name": null }
				]
			},
			"nkG_024_": {
				"attachment": [
					{ "time": 0.8666, "name": "nkG_024_" },
					{ "time": 0.9666, "name": null }
				]
			},
			"nkG_024_1_": {
				"attachment": [
					{ "time": 0.8666, "name": "nkG_024_1_" },
					{ "time": 0.9666, "name": null }
				]
			},
			"nkG_024_2_": {
				"attachment": [
					{ "time": 0.8666, "name": "nkG_024_2_" },
					{ "time": 0.9666, "name": null }
				]
			},
			"nkG_024_3_": {
				"attachment": [
					{ "time": 0.8666, "name": "nkG_024_3_" },
					{ "time": 0.9666, "name": null }
				]
			},
			"nkG_030_": {
				"attachment": [
					{ "time": 0.9666, "name": "nkG_030_" },
					{ "time": 1.1, "name": null }
				]
			},
			"nkG_030_1_": {
				"attachment": [
					{ "time": 0.9666, "name": "nkG_030_1_" },
					{ "time": 1.1, "name": null }
				]
			},
			"nkG_034_": {
				"attachment": [
					{ "time": 1.1, "name": "nkG_034_" },
					{ "time": 1.2, "name": null }
				]
			},
			"nkG_038_": {
				"attachment": [
					{ "time": 1.2, "name": "nkG_038_" },
					{ "time": 1.3, "name": null }
				]
			}
		},
		"bones": {
			"bone": {
				"rotate": [
					{ "time": 0, "angle": 0 }
				],
				"translate": [
					{ "time": 0, "x": -271.31, "y": -53.02 }
				],
				"scale": [
					{ "time": 0, "x": 1, "y": 1 }
				]
			},
			"bone2": {
				"rotate": [
					{ "time": 0, "angle": -410.1 }
				],
				"translate": [
					{ "time": 0, "x": 3.4, "y": 52.8 }
				],
				"scale": [
					{ "time": 0, "x": 1.013, "y": 1.438 }
				]
			}
		}
	}
}
}