{"skeleton":{"hash":"cW0StnLI8RWlZgJW+JctYStQO+M","spine":"3.7.94","width":300,"height":337.5,"images":"","audio":""},"bones":[{"name":"root"},{"name":"ren","parent":"root","x":-4,"y":111},{"name":"ying","parent":"root","x":-55,"y":27,"scaleX":2,"scaleY":2}],"slots":[{"name":"ying_00_","bone":"ying","attachment":"ying_00_"},{"name":"dj_00_","bone":"ren","attachment":"dj_00_"}],"skins":{"default":{"dj_00_":{"dj_00_":{"width":160,"height":317},"dj_01_":{"width":160,"height":317},"dj_02_":{"width":160,"height":317},"dj_03_":{"width":160,"height":317},"dj_04_":{"width":160,"height":317},"dj_05_":{"width":160,"height":317},"dj_06_":{"width":160,"height":317},"dj_07_":{"width":160,"height":317},"dj_08_":{"width":160,"height":317},"dj_09_":{"width":160,"height":317},"dj_10_":{"width":160,"height":317},"dj_11_":{"width":160,"height":317},"dj_12_":{"width":160,"height":317},"dj_13_":{"width":160,"height":317},"dj_14_":{"width":160,"height":317},"dj_15_":{"width":160,"height":317},"dj_16_":{"width":160,"height":317},"dj_17_":{"width":160,"height":317},"dj_18_":{"width":160,"height":317},"dj_19_":{"width":160,"height":317}},"ying_00_":{"ying_00_":{"width":150,"height":95},"ying_01_":{"width":150,"height":95},"ying_02_":{"width":150,"height":95},"ying_03_":{"width":150,"height":95},"ying_04_":{"width":150,"height":95},"ying_05_":{"width":150,"height":95},"ying_06_":{"width":150,"height":95},"ying_07_":{"width":150,"height":95},"ying_08_":{"width":150,"height":95},"ying_09_":{"width":150,"height":95},"ying_10_":{"width":150,"height":95},"ying_11_":{"width":150,"height":95},"ying_12_":{"width":150,"height":95},"ying_13_":{"width":150,"height":95},"ying_14_":{"width":150,"height":95},"ying_15_":{"width":150,"height":95},"ying_16_":{"width":150,"height":95},"ying_17_":{"width":150,"height":95},"ying_18_":{"width":150,"height":95},"ying_19_":{"width":150,"height":95},"ying_20_":{"width":150,"height":95}}}},"animations":{"b_dj":{"slots":{"dj_00_":{"attachment":[{"time":0,"name":"dj_00_"},{"time":0.1,"name":"dj_01_"},{"time":0.1667,"name":"dj_02_"},{"time":0.2667,"name":"dj_03_"},{"time":0.3667,"name":"dj_04_"},{"time":0.4333,"name":"dj_05_"},{"time":0.5333,"name":"dj_06_"},{"time":0.6,"name":"dj_07_"},{"time":0.7,"name":"dj_08_"},{"time":0.8,"name":"dj_09_"},{"time":0.8667,"name":"dj_10_"},{"time":0.9667,"name":"dj_11_"},{"time":1.0667,"name":"dj_12_"},{"time":1.1333,"name":"dj_13_"},{"time":1.2333,"name":"dj_14_"},{"time":1.3,"name":"dj_15_"},{"time":1.4,"name":"dj_16_"},{"time":1.5,"name":"dj_17_"},{"time":1.5667,"name":"dj_18_"},{"time":1.6667,"name":"dj_19_"},{"time":1.7667,"name":"dj_00_"}]},"ying_00_":{"attachment":[{"time":0,"name":"ying_00_"},{"time":0.1,"name":"ying_01_"},{"time":0.1667,"name":"ying_02_"},{"time":0.2667,"name":"ying_03_"},{"time":0.3667,"name":"ying_04_"},{"time":0.4333,"name":"ying_05_"},{"time":0.5333,"name":"ying_06_"},{"time":0.6,"name":"ying_07_"},{"time":0.7,"name":"ying_08_"},{"time":0.8,"name":"ying_09_"},{"time":0.8667,"name":"ying_10_"},{"time":0.9667,"name":"ying_11_"},{"time":1.0667,"name":"ying_12_"},{"time":1.1333,"name":"ying_13_"},{"time":1.2333,"name":"ying_14_"},{"time":1.3,"name":"ying_15_"},{"time":1.4,"name":"ying_16_"},{"time":1.5,"name":"ying_17_"},{"time":1.5667,"name":"ying_18_"},{"time":1.6667,"name":"ying_19_"},{"time":1.7667,"name":"ying_00_"}]}}}}}