{
"skeleton": { "hash": "pZRVKqtBaNeh+pD9UuDV5mqFQrk", "spine": "3.7.94", "width": 644, "height": 746.51 },
"bones": [
	{ "name": "root" },
	{ "name": "bone1", "parent": "root", "y": 346.1 },
	{ "name": "djxx", "parent": "bone1", "scaleX": 1.2, "scaleY": 1.2 },
	{
		"name": "huan_",
		"parent": "root",
		"rotation": -5.94,
		"x": -18.58,
		"y": 458.29,
		"scaleX": 1.634,
		"scaleY": 1.651,
		"shearX": 23.08,
		"shearY": 2.92
	},
	{ "name": "huan", "parent": "huan_", "x": -4.01, "y": 5.83 },
	{
		"name": "he1",
		"parent": "root",
		"rotation": -16.12,
		"x": 85.07,
		"y": 82,
		"shearX": -5.86,
		"shearY": -5.66
	},
	{ "name": "wu", "parent": "root", "x": 1.67, "y": 148.36 },
	{ "name": "wu_a", "parent": "wu", "scaleX": 2, "scaleY": 2 },
	{ "name": "wu_b", "parent": "wu", "scaleX": 2, "scaleY": 2 },
	{ "name": "he2", "parent": "root", "rotation": -24.85, "x": -25.63, "y": 62.52 },
	{ "name": "he3", "parent": "root", "rotation": -15.58, "x": -177.33, "y": 165.02 },
	{
		"name": "he4",
		"parent": "root",
		"rotation": -16,
		"x": 117.75,
		"y": 184.48,
		"scaleX": 0.85,
		"scaleY": 0.85
	}
],
"slots": [
	{ "name": "wu_00_2", "bone": "wu_b", "attachment": "yun_00_" },
	{ "name": "wu_01_2", "bone": "wu_b" },
	{ "name": "wu_02_2", "bone": "wu_b" },
	{ "name": "wu_03_2", "bone": "wu_b" },
	{ "name": "wu_04_2", "bone": "wu_b" },
	{ "name": "wu_05_2", "bone": "wu_b" },
	{ "name": "wu_06_2", "bone": "wu_b" },
	{ "name": "wu_07_2", "bone": "wu_b" },
	{ "name": "wu_08_2", "bone": "wu_b" },
	{ "name": "wu_09_2", "bone": "wu_b" },
	{ "name": "shan_", "bone": "root", "attachment": "shan_" },
	{ "name": "yy_", "bone": "root", "attachment": "yy_" },
	{ "name": "he00_4", "bone": "he4", "color": "ffffff00", "attachment": "he00_" },
	{ "name": "daiji", "bone": "djxx", "attachment": "daiji00_" },
	{ "name": "xx", "bone": "djxx" },
	{ "name": "huan_00_2", "bone": "huan", "attachment": "huan_00_" },
	{ "name": "huan_01_2", "bone": "huan" },
	{ "name": "huan_02_2", "bone": "huan" },
	{ "name": "huan_03_2", "bone": "huan" },
	{ "name": "huan_04_2", "bone": "huan" },
	{ "name": "huan_05_2", "bone": "huan" },
	{ "name": "huan_06_2", "bone": "huan" },
	{ "name": "huan_07_2", "bone": "huan" },
	{ "name": "huan_08_2", "bone": "huan" },
	{ "name": "huan_09_2", "bone": "huan" },
	{ "name": "huan_10_2", "bone": "huan" },
	{ "name": "huan_11_2", "bone": "huan" },
	{ "name": "huan_12_2", "bone": "huan" },
	{ "name": "huan_13_2", "bone": "huan" },
	{ "name": "huan_14_2", "bone": "huan" },
	{ "name": "wu_00_", "bone": "wu_a", "attachment": "wu_00_" },
	{ "name": "wu_01_", "bone": "wu_a" },
	{ "name": "wu_02_", "bone": "wu_a" },
	{ "name": "wu_03_", "bone": "wu_a" },
	{ "name": "wu_04_", "bone": "wu_a" },
	{ "name": "wu_05_", "bone": "wu_a" },
	{ "name": "wu_06_", "bone": "wu_a" },
	{ "name": "wu_07_", "bone": "wu_a" },
	{ "name": "wu_08_", "bone": "wu_a" },
	{ "name": "wu_09_", "bone": "wu_a" },
	{ "name": "he00_", "bone": "he1", "attachment": "he00_" },
	{ "name": "he00_3", "bone": "he3", "attachment": "he00_" },
	{ "name": "he00_2", "bone": "he2", "attachment": "he00_" }
],
"skins": {
	"default": {
		"daiji": {
			"daiji00_": { "width": 515, "height": 357 }
		},
		"he00_": {
			"he00_": { "rotation": 31.78, "width": 30, "height": 35 },
			"he01_": { "rotation": 31.78, "width": 30, "height": 35 },
			"he02_": { "rotation": 31.78, "width": 30, "height": 35 },
			"he03_": { "rotation": 31.78, "width": 30, "height": 35 },
			"he04_": { "rotation": 31.78, "width": 30, "height": 35 },
			"he05_": { "rotation": 31.78, "width": 30, "height": 35 },
			"he06_": { "rotation": 31.78, "width": 30, "height": 35 },
			"he07_": { "rotation": 31.78, "width": 30, "height": 35 },
			"he08_": { "rotation": 31.78, "width": 30, "height": 35 },
			"he09_": { "rotation": 31.78, "width": 30, "height": 35 }
		},
		"he00_2": {
			"he00_": { "rotation": 35.31, "width": 30, "height": 35 },
			"he01_": { "rotation": 35.31, "width": 30, "height": 35 },
			"he02_": { "rotation": 35.31, "width": 30, "height": 35 },
			"he03_": { "rotation": 35.31, "width": 30, "height": 35 },
			"he04_": { "rotation": 35.31, "width": 30, "height": 35 },
			"he05_": { "rotation": 35.31, "width": 30, "height": 35 },
			"he06_": { "rotation": 35.31, "width": 30, "height": 35 },
			"he07_": { "rotation": 35.31, "width": 30, "height": 35 },
			"he08_": { "rotation": 35.31, "width": 30, "height": 35 },
			"he09_": { "rotation": 35.31, "width": 30, "height": 35 }
		},
		"he00_3": {
			"he00_": { "rotation": 32.71, "width": 30, "height": 35 },
			"he01_": { "rotation": 32.71, "width": 30, "height": 35 },
			"he02_": { "rotation": 32.71, "width": 30, "height": 35 },
			"he03_": { "rotation": 32.71, "width": 30, "height": 35 },
			"he04_": { "rotation": 32.71, "width": 30, "height": 35 },
			"he05_": { "rotation": 32.71, "width": 30, "height": 35 },
			"he06_": { "rotation": 32.71, "width": 30, "height": 35 },
			"he07_": { "rotation": 32.71, "width": 30, "height": 35 },
			"he08_": { "rotation": 32.71, "width": 30, "height": 35 },
			"he09_": { "rotation": 32.71, "width": 30, "height": 35 }
		},
		"he00_4": {
			"he00_": { "rotation": 33.13, "width": 30, "height": 35 },
			"he01_": { "rotation": 33.13, "width": 30, "height": 35 },
			"he02_": { "rotation": 33.13, "width": 30, "height": 35 },
			"he03_": { "rotation": 33.13, "width": 30, "height": 35 },
			"he04_": { "rotation": 33.13, "width": 30, "height": 35 },
			"he05_": { "rotation": 33.13, "width": 30, "height": 35 },
			"he06_": { "rotation": 33.13, "width": 30, "height": 35 },
			"he07_": { "rotation": 33.13, "width": 30, "height": 35 },
			"he08_": { "rotation": 33.13, "width": 30, "height": 35 },
			"he09_": { "rotation": 33.13, "width": 30, "height": 35 }
		},
		"huan_00_2": {
			"huan_00_": { "x": 0.04, "y": 5.47, "rotation": -17.14, "width": 130, "height": 126 }
		},
		"huan_01_2": {
			"huan_01_": { "x": 0.04, "y": 5.47, "rotation": -17.14, "width": 130, "height": 126 }
		},
		"huan_02_2": {
			"huan_02_": { "x": 0.04, "y": 5.47, "rotation": -17.14, "width": 130, "height": 126 }
		},
		"huan_03_2": {
			"huan_03_": { "x": 0.04, "y": 5.47, "rotation": -17.14, "width": 130, "height": 126 }
		},
		"huan_04_2": {
			"huan_04_": { "x": 0.04, "y": 5.47, "rotation": -17.14, "width": 130, "height": 126 }
		},
		"huan_05_2": {
			"huan_05_": { "x": 0.04, "y": 5.47, "rotation": -17.14, "width": 130, "height": 126 }
		},
		"huan_06_2": {
			"huan_06_": { "x": 0.04, "y": 5.47, "rotation": -17.14, "width": 130, "height": 126 }
		},
		"huan_07_2": {
			"huan_07_": { "x": 0.04, "y": 5.47, "rotation": -17.14, "width": 130, "height": 126 }
		},
		"huan_08_2": {
			"huan_08_": { "x": 0.04, "y": 5.47, "rotation": -17.14, "width": 130, "height": 126 }
		},
		"huan_09_2": {
			"huan_09_": { "x": 0.04, "y": 5.47, "rotation": -17.14, "width": 130, "height": 126 }
		},
		"huan_10_2": {
			"huan_10_": { "x": 0.04, "y": 5.47, "rotation": -17.14, "width": 130, "height": 126 }
		},
		"huan_11_2": {
			"huan_11_": { "x": 0.04, "y": 5.47, "rotation": -17.14, "width": 130, "height": 126 }
		},
		"huan_12_2": {
			"huan_12_": { "x": 0.04, "y": 5.47, "rotation": -17.14, "width": 130, "height": 126 }
		},
		"huan_13_2": {
			"huan_13_": { "x": 0.04, "y": 5.47, "rotation": -17.14, "width": 130, "height": 126 }
		},
		"huan_14_2": {
			"huan_14_": { "x": 0.04, "y": 5.47, "rotation": -17.14, "width": 130, "height": 126 }
		},
		"shan_": {
			"shan_": { "x": -17.13, "y": 152, "scaleX": 1.25, "scaleY": 1.25, "width": 331, "height": 318 }
		},
		"wu_00_": {
			"wu_00_": { "width": 322, "height": 310 }
		},
		"wu_00_2": {
			"yun_00_": { "width": 322, "height": 310 }
		},
		"wu_01_": {
			"wu_01_": { "width": 322, "height": 310 }
		},
		"wu_01_2": {
			"yun_01_": { "width": 322, "height": 310 }
		},
		"wu_02_": {
			"wu_02_": { "width": 322, "height": 310 }
		},
		"wu_02_2": {
			"yun_02_": { "width": 322, "height": 310 }
		},
		"wu_03_": {
			"wu_03_": { "width": 322, "height": 310 }
		},
		"wu_03_2": {
			"yun_03_": { "width": 322, "height": 310 }
		},
		"wu_04_": {
			"wu_04_": { "width": 322, "height": 310 }
		},
		"wu_04_2": {
			"yun_04_": { "width": 322, "height": 310 }
		},
		"wu_05_": {
			"wu_05_": { "width": 322, "height": 310 }
		},
		"wu_05_2": {
			"yun_05_": { "width": 322, "height": 310 }
		},
		"wu_06_": {
			"wu_06_": { "width": 322, "height": 310 }
		},
		"wu_06_2": {
			"yun_06_": { "width": 322, "height": 310 }
		},
		"wu_07_": {
			"wu_07_": { "width": 322, "height": 310 }
		},
		"wu_07_2": {
			"yun_07_": { "width": 322, "height": 310 }
		},
		"wu_08_": {
			"wu_08_": { "width": 322, "height": 310 }
		},
		"wu_08_2": {
			"yun_08_": { "width": 322, "height": 310 }
		},
		"wu_09_": {
			"wu_09_": { "width": 322, "height": 310 }
		},
		"wu_09_2": {
			"yun_09_": { "width": 322, "height": 310 }
		},
		"xx": {
			"xx_00_": { "width": 515, "height": 357 },
			"xx_01_": { "width": 515, "height": 357 },
			"xx_02_": { "width": 515, "height": 357 },
			"xx_03_": { "width": 515, "height": 357 },
			"xx_04_": { "width": 515, "height": 357 },
			"xx_05_": { "width": 515, "height": 357 },
			"xx_06_": { "width": 515, "height": 357 },
			"xx_07_": { "width": 515, "height": 357 },
			"xx_08_": { "width": 515, "height": 357 },
			"xx_09_": { "width": 515, "height": 357 },
			"xx_10_": { "width": 515, "height": 357 },
			"xx_11_": { "width": 515, "height": 357 },
			"xx_12_": { "width": 515, "height": 357 },
			"xx_13_": { "width": 515, "height": 357 },
			"xx_14_": { "width": 515, "height": 357 },
			"xx_15_": { "width": 515, "height": 357 },
			"xx_16_": { "width": 515, "height": 357 },
			"xx_17_": { "width": 515, "height": 357 },
			"xx_18_": { "width": 515, "height": 357 },
			"xx_19_": { "width": 515, "height": 357 },
			"xx_20_": { "width": 515, "height": 357 },
			"xx_21_": { "width": 515, "height": 357 }
		},
		"yy_": {
			"yy_": {
				"type": "mesh",
				"uvs": [ 1, 1, 0, 1, 0, 0, 1, 0 ],
				"triangles": [ 1, 2, 3, 1, 3, 0 ],
				"vertices": [ 148.37, 210.89, -132.03, 223.88, -98.99, 334.41, 143.58, 338.24 ],
				"hull": 4
			}
		}
	}
},
"animations": {
	"b": {
		"slots": {
			"daiji": {
				"color": [
					{ "time": 2, "color": "ffffffff" }
				],
				"attachment": [
					{ "time": 0, "name": null },
					{ "time": 2, "name": null },
					{ "time": 2.0333, "name": null },
					{ "time": 3.9, "name": null },
					{ "time": 4, "name": "daiji00_" }
				]
			},
			"he00_": {
				"color": [
					{ "time": 2, "color": "ffffffff", "curve": "stepped" },
					{ "time": 3.3333, "color": "ffffffff" },
					{ "time": 4, "color": "ffffff00" }
				],
				"attachment": [
					{ "time": 0, "name": null },
					{ "time": 2, "name": null },
					{ "time": 2.0333, "name": "he06_" },
					{ "time": 2.1, "name": "he07_" },
					{ "time": 2.2, "name": "he08_" },
					{ "time": 2.2667, "name": "he09_" },
					{ "time": 2.3333, "name": "he00_" },
					{ "time": 2.4333, "name": "he01_" },
					{ "time": 2.5, "name": "he02_" },
					{ "time": 2.5667, "name": "he03_" },
					{ "time": 2.6667, "name": "he04_" },
					{ "time": 2.7333, "name": "he05_" },
					{ "time": 2.8, "name": "he06_" },
					{ "time": 2.9, "name": "he07_" },
					{ "time": 2.9667, "name": "he08_" },
					{ "time": 3.0333, "name": "he09_" },
					{ "time": 3.1333, "name": "he00_" },
					{ "time": 3.2, "name": "he00_" },
					{ "time": 3.3, "name": "he01_" },
					{ "time": 3.3667, "name": "he02_" },
					{ "time": 3.4333, "name": "he03_" },
					{ "time": 3.5333, "name": "he04_" },
					{ "time": 3.6, "name": "he05_" },
					{ "time": 3.6667, "name": "he06_" },
					{ "time": 3.7667, "name": "he07_" },
					{ "time": 3.8333, "name": "he08_" },
					{ "time": 3.9, "name": "he09_" },
					{ "time": 4, "name": "he00_" }
				]
			},
			"he00_2": {
				"color": [
					{ "time": 2, "color": "ffffff48" },
					{ "time": 2.6667, "color": "ffffffff", "curve": "stepped" },
					{ "time": 3.3333, "color": "ffffffff" },
					{ "time": 4, "color": "ffffff00" }
				],
				"attachment": [
					{ "time": 0, "name": null },
					{ "time": 2, "name": null },
					{ "time": 2.0667, "name": "he01_" },
					{ "time": 2.1333, "name": "he02_" },
					{ "time": 2.2, "name": "he03_" },
					{ "time": 2.3, "name": "he04_" },
					{ "time": 2.3667, "name": "he05_" },
					{ "time": 2.4333, "name": "he06_" },
					{ "time": 2.5333, "name": "he07_" },
					{ "time": 2.6, "name": "he08_" },
					{ "time": 2.6667, "name": "he09_" },
					{ "time": 2.7667, "name": "he00_" },
					{ "time": 2.8333, "name": "he00_" },
					{ "time": 2.9333, "name": "he01_" },
					{ "time": 3, "name": "he02_" },
					{ "time": 3.0667, "name": "he03_" },
					{ "time": 3.1667, "name": "he04_" },
					{ "time": 3.2333, "name": "he05_" },
					{ "time": 3.3, "name": "he06_" },
					{ "time": 3.3667, "name": "he07_" },
					{ "time": 3.4333, "name": "he08_" },
					{ "time": 3.5, "name": "he09_" },
					{ "time": 3.6, "name": "he00_" },
					{ "time": 3.7, "name": "he01_" },
					{ "time": 3.8, "name": "he02_" },
					{ "time": 3.9, "name": "he03_" },
					{ "time": 4, "name": "he04_" }
				]
			},
			"he00_3": {
				"color": [
					{ "time": 2, "color": "ffffffff", "curve": "stepped" },
					{ "time": 3.3, "color": "ffffffff" },
					{ "time": 4, "color": "ffffff00" }
				],
				"attachment": [
					{ "time": 0, "name": null },
					{ "time": 2, "name": null },
					{ "time": 2.0333, "name": "he06_" },
					{ "time": 2.1, "name": "he07_" },
					{ "time": 2.2, "name": "he08_" },
					{ "time": 2.2667, "name": "he09_" },
					{ "time": 2.3333, "name": "he00_" },
					{ "time": 2.4333, "name": "he01_" },
					{ "time": 2.5, "name": "he02_" },
					{ "time": 2.5667, "name": "he03_" },
					{ "time": 2.6667, "name": "he04_" },
					{ "time": 2.7333, "name": "he05_" },
					{ "time": 2.8, "name": "he06_" },
					{ "time": 2.9, "name": "he07_" },
					{ "time": 2.9667, "name": "he08_" },
					{ "time": 3.0333, "name": "he09_" },
					{ "time": 3.1333, "name": "he00_" },
					{ "time": 3.2, "name": "he00_" },
					{ "time": 3.3, "name": "he01_" },
					{ "time": 3.3667, "name": "he02_" },
					{ "time": 3.4333, "name": "he03_" },
					{ "time": 3.5333, "name": "he04_" },
					{ "time": 3.6, "name": "he05_" },
					{ "time": 3.6667, "name": "he06_" },
					{ "time": 3.7667, "name": "he07_" },
					{ "time": 3.8333, "name": "he08_" },
					{ "time": 3.9, "name": "he09_" },
					{ "time": 4, "name": "he00_" }
				]
			},
			"he00_4": {
				"color": [
					{ "time": 2, "color": "a1afabff", "curve": "stepped" },
					{ "time": 3.1, "color": "a1afabff" },
					{ "time": 4, "color": "a1afab00" }
				],
				"attachment": [
					{ "time": 0, "name": null },
					{ "time": 2, "name": "he05_" },
					{ "time": 2.0333, "name": "he05_" },
					{ "time": 2.1, "name": "he07_" },
					{ "time": 2.2, "name": "he08_" },
					{ "time": 2.2667, "name": "he09_" },
					{ "time": 2.3333, "name": "he00_" },
					{ "time": 2.4333, "name": "he01_" },
					{ "time": 2.5, "name": "he02_" },
					{ "time": 2.5667, "name": "he03_" },
					{ "time": 2.6667, "name": "he04_" },
					{ "time": 2.7333, "name": "he05_" },
					{ "time": 2.8, "name": "he06_" },
					{ "time": 2.9, "name": "he07_" },
					{ "time": 2.9667, "name": "he08_" },
					{ "time": 3.0333, "name": "he09_" },
					{ "time": 3.1333, "name": "he00_" },
					{ "time": 3.2, "name": "he00_" },
					{ "time": 3.3, "name": "he01_" },
					{ "time": 3.3667, "name": "he02_" },
					{ "time": 3.4333, "name": "he03_" },
					{ "time": 3.5333, "name": "he04_" },
					{ "time": 3.6, "name": "he05_" },
					{ "time": 3.6667, "name": "he06_" },
					{ "time": 3.7667, "name": "he07_" },
					{ "time": 3.8333, "name": "he08_" },
					{ "time": 3.9, "name": "he09_" },
					{ "time": 4, "name": "he00_" }
				]
			},
			"huan_00_2": {
				"color": [
					{ "time": 2, "color": "ffffffbf" },
					{ "time": 2.2, "color": "ffffff00", "curve": "stepped" },
					{ "time": 3.6, "color": "ffffff00" },
					{ "time": 3.9, "color": "ffffffff", "curve": "stepped" },
					{ "time": 4, "color": "ffffffff" }
				],
				"attachment": [
					{ "time": 0, "name": null },
					{ "time": 2, "name": null },
					{ "time": 2.0333, "name": "huan_00_" },
					{ "time": 4, "name": "huan_00_" }
				]
			},
			"huan_01_2": {
				"color": [
					{ "time": 2, "color": "ffffffbf" },
					{ "time": 2.0667, "color": "ffffffff" },
					{ "time": 2.3333, "color": "ffffff00", "curve": "stepped" },
					{ "time": 3.7333, "color": "ffffff00" },
					{ "time": 4, "color": "ffffff7f" }
				],
				"attachment": [
					{ "time": 2, "name": null },
					{ "time": 2.0333, "name": "huan_01_" },
					{ "time": 4, "name": "huan_01_" }
				]
			},
			"huan_02_2": {
				"color": [
					{ "time": 2, "color": "ffffff3f" },
					{ "time": 2.2, "color": "ffffffff" },
					{ "time": 2.4667, "color": "ffffff00", "curve": "stepped" },
					{ "time": 3.8667, "color": "ffffff00", "curve": "stepped" },
					{ "time": 4, "color": "ffffff00" }
				],
				"attachment": [
					{ "time": 2, "name": null },
					{ "time": 2.0333, "name": "huan_02_" },
					{ "time": 4, "name": "huan_02_" }
				]
			},
			"huan_03_2": {
				"color": [
					{ "time": 2, "color": "ffffff00", "curve": "stepped" },
					{ "time": 2.0667, "color": "ffffff00" },
					{ "time": 2.3333, "color": "ffffffff" },
					{ "time": 2.6, "color": "ffffff00", "curve": "stepped" },
					{ "time": 4, "color": "ffffff00" }
				],
				"attachment": [
					{ "time": 2, "name": null },
					{ "time": 2.0333, "name": "huan_03_" },
					{ "time": 4, "name": "huan_03_" }
				]
			},
			"huan_04_2": {
				"color": [
					{ "time": 2, "color": "ffffff00", "curve": "stepped" },
					{ "time": 2.2, "color": "ffffff00" },
					{ "time": 2.4667, "color": "ffffffff" },
					{ "time": 2.7, "color": "ffffff00", "curve": "stepped" },
					{ "time": 4, "color": "ffffff00" }
				],
				"attachment": [
					{ "time": 2, "name": null },
					{ "time": 2.0333, "name": "huan_04_" },
					{ "time": 4, "name": "huan_04_" }
				]
			},
			"huan_05_2": {
				"color": [
					{ "time": 2, "color": "ffffff00", "curve": "stepped" },
					{ "time": 2.3333, "color": "ffffff00" },
					{ "time": 2.6, "color": "ffffffff" },
					{ "time": 2.8667, "color": "ffffff00", "curve": "stepped" },
					{ "time": 4, "color": "ffffff00" }
				],
				"attachment": [
					{ "time": 2, "name": null },
					{ "time": 2.0333, "name": "huan_05_" },
					{ "time": 4, "name": "huan_05_" }
				]
			},
			"huan_06_2": {
				"color": [
					{ "time": 2, "color": "ffffff00", "curve": "stepped" },
					{ "time": 2.4667, "color": "ffffff00" },
					{ "time": 2.7, "color": "ffffffff" },
					{ "time": 3, "color": "ffffff00", "curve": "stepped" },
					{ "time": 4, "color": "ffffff00" }
				],
				"attachment": [
					{ "time": 2, "name": null },
					{ "time": 2.0333, "name": "huan_06_" },
					{ "time": 4, "name": "huan_06_" }
				]
			},
			"huan_07_2": {
				"color": [
					{ "time": 2, "color": "ffffff00", "curve": "stepped" },
					{ "time": 2.6, "color": "ffffff00" },
					{ "time": 2.8667, "color": "ffffffff" },
					{ "time": 3.1333, "color": "ffffff00", "curve": "stepped" },
					{ "time": 4, "color": "ffffff00" }
				],
				"attachment": [
					{ "time": 2, "name": null },
					{ "time": 2.0333, "name": "huan_07_" },
					{ "time": 4, "name": "huan_07_" }
				]
			},
			"huan_08_2": {
				"color": [
					{ "time": 2, "color": "ffffff00", "curve": "stepped" },
					{ "time": 2.7, "color": "ffffff00" },
					{ "time": 3, "color": "ffffffff" },
					{ "time": 3.2333, "color": "ffffff00", "curve": "stepped" },
					{ "time": 4, "color": "ffffff00" }
				],
				"attachment": [
					{ "time": 2, "name": null },
					{ "time": 2.0333, "name": "huan_08_" },
					{ "time": 4, "name": "huan_08_" }
				]
			},
			"huan_09_2": {
				"color": [
					{ "time": 2, "color": "ffffff00", "curve": "stepped" },
					{ "time": 2.8667, "color": "ffffff00" },
					{ "time": 3.1333, "color": "ffffffff" },
					{ "time": 3.3667, "color": "ffffff00", "curve": "stepped" },
					{ "time": 4, "color": "ffffff00" }
				],
				"attachment": [
					{ "time": 2, "name": null },
					{ "time": 2.0333, "name": "huan_09_" },
					{ "time": 4, "name": "huan_09_" }
				]
			},
			"huan_10_2": {
				"color": [
					{ "time": 2, "color": "ffffff00", "curve": "stepped" },
					{ "time": 3, "color": "ffffff00" },
					{ "time": 3.2333, "color": "ffffffff" },
					{ "time": 3.5333, "color": "ffffff00", "curve": "stepped" },
					{ "time": 4, "color": "ffffff00" }
				],
				"attachment": [
					{ "time": 2, "name": null },
					{ "time": 2.0333, "name": "huan_10_" },
					{ "time": 4, "name": "huan_10_" }
				]
			},
			"huan_11_2": {
				"color": [
					{ "time": 2, "color": "ffffff00", "curve": "stepped" },
					{ "time": 3.1333, "color": "ffffff00" },
					{ "time": 3.3667, "color": "ffffffff" },
					{ "time": 3.6667, "color": "ffffff00", "curve": "stepped" },
					{ "time": 4, "color": "ffffff00" }
				],
				"attachment": [
					{ "time": 2, "name": null },
					{ "time": 2.0333, "name": "huan_11_" },
					{ "time": 4, "name": "huan_11_" }
				]
			},
			"huan_12_2": {
				"color": [
					{ "time": 2, "color": "ffffff00", "curve": "stepped" },
					{ "time": 3.2333, "color": "ffffff00" },
					{ "time": 3.5333, "color": "ffffffff" },
					{ "time": 3.7667, "color": "ffffff00", "curve": "stepped" },
					{ "time": 4, "color": "ffffff00" }
				],
				"attachment": [
					{ "time": 2, "name": null },
					{ "time": 2.0333, "name": "huan_12_" },
					{ "time": 4, "name": "huan_12_" }
				]
			},
			"huan_13_2": {
				"color": [
					{ "time": 2, "color": "ffffff00", "curve": "stepped" },
					{ "time": 3.3667, "color": "ffffff00" },
					{ "time": 3.6667, "color": "ffffffff" },
					{ "time": 3.9, "color": "ffffff00", "curve": "stepped" },
					{ "time": 4, "color": "ffffff00" }
				],
				"attachment": [
					{ "time": 2, "name": null },
					{ "time": 2.0333, "name": "huan_13_" },
					{ "time": 4, "name": "huan_13_" }
				]
			},
			"huan_14_2": {
				"color": [
					{ "time": 2, "color": "ffffff5f" },
					{ "time": 2.1, "color": "ffffff00", "curve": "stepped" },
					{ "time": 3.5333, "color": "ffffff00" },
					{ "time": 3.7667, "color": "ffffffff" },
					{ "time": 4, "color": "ffffff00" }
				],
				"attachment": [
					{ "time": 2, "name": null },
					{ "time": 2.0333, "name": "huan_14_" },
					{ "time": 4, "name": "huan_14_" }
				]
			},
			"shan_": {
				"attachment": [
					{ "time": 0, "name": null },
					{ "time": 2, "name": null },
					{ "time": 2.0333, "name": "shan_" }
				]
			},
			"wu_00_": {
				"color": [
					{ "time": 2, "color": "ffffffeb" },
					{ "time": 2.4, "color": "ffffff00", "curve": "stepped" },
					{ "time": 3.5667, "color": "ffffff00" },
					{ "time": 4, "color": "ffffffff" }
				],
				"attachment": [
					{ "time": 0, "name": null },
					{ "time": 2, "name": null },
					{ "time": 2.0333, "name": "wu_00_" },
					{ "time": 4, "name": "wu_00_" }
				]
			},
			"wu_01_": {
				"color": [
					{ "time": 2, "color": "ffffff91" },
					{ "time": 2.2, "color": "ffffffff" },
					{ "time": 2.5667, "color": "ffffff00", "curve": "stepped" },
					{ "time": 3.8, "color": "ffffff00" },
					{ "time": 4, "color": "ffffffff" }
				],
				"attachment": [
					{ "time": 2, "name": null },
					{ "time": 2.0333, "name": "wu_01_" },
					{ "time": 4, "name": "wu_01_" }
				]
			},
			"wu_02_": {
				"color": [
					{ "time": 2, "color": "ffffff13" },
					{ "time": 2.4, "color": "ffffffff" },
					{ "time": 2.7667, "color": "ffffff00", "curve": "stepped" },
					{ "time": 4, "color": "ffffff00" }
				],
				"attachment": [
					{ "time": 2, "name": null },
					{ "time": 2.0333, "name": "wu_02_" },
					{ "time": 4, "name": "wu_02_" }
				]
			},
			"wu_03_": {
				"color": [
					{ "time": 2, "color": "ffffff00", "curve": "stepped" },
					{ "time": 2.2, "color": "ffffff00" },
					{ "time": 2.5667, "color": "ffffffff" },
					{ "time": 3, "color": "ffffff00", "curve": "stepped" },
					{ "time": 4, "color": "ffffff00" }
				],
				"attachment": [
					{ "time": 2, "name": null },
					{ "time": 2.0333, "name": "wu_03_" },
					{ "time": 4, "name": "wu_03_" }
				]
			},
			"wu_04_": {
				"color": [
					{ "time": 2, "color": "ffffff00", "curve": "stepped" },
					{ "time": 2.4, "color": "ffffff00" },
					{ "time": 2.7667, "color": "ffffffff" },
					{ "time": 3.2, "color": "ffffff00", "curve": "stepped" },
					{ "time": 4, "color": "ffffff00" }
				],
				"attachment": [
					{ "time": 2, "name": null },
					{ "time": 2.0333, "name": "wu_04_" },
					{ "time": 4, "name": "wu_04_" }
				]
			},
			"wu_05_": {
				"color": [
					{ "time": 2, "color": "ffffff00", "curve": "stepped" },
					{ "time": 2.5667, "color": "ffffff00" },
					{ "time": 3, "color": "ffffffff" },
					{ "time": 3.3667, "color": "ffffff00", "curve": "stepped" },
					{ "time": 4, "color": "ffffff00" }
				],
				"attachment": [
					{ "time": 2, "name": null },
					{ "time": 2.0333, "name": "wu_05_" },
					{ "time": 4, "name": "wu_05_" }
				]
			},
			"wu_06_": {
				"color": [
					{ "time": 2, "color": "ffffff00", "curve": "stepped" },
					{ "time": 2.7667, "color": "ffffff00" },
					{ "time": 3.2, "color": "ffffffff" },
					{ "time": 3.5667, "color": "ffffff00", "curve": "stepped" },
					{ "time": 4, "color": "ffffff00" }
				],
				"attachment": [
					{ "time": 2, "name": null },
					{ "time": 2.0333, "name": "wu_06_" },
					{ "time": 4, "name": "wu_06_" }
				]
			},
			"wu_07_": {
				"color": [
					{ "time": 2, "color": "ffffff00", "curve": "stepped" },
					{ "time": 3, "color": "ffffff00" },
					{ "time": 3.3667, "color": "ffffffff" },
					{ "time": 3.8, "color": "ffffff00", "curve": "stepped" },
					{ "time": 4, "color": "ffffff00" }
				],
				"attachment": [
					{ "time": 2, "name": null },
					{ "time": 2.0333, "name": "wu_07_" },
					{ "time": 4, "name": "wu_07_" }
				]
			},
			"wu_08_": {
				"color": [
					{ "time": 2, "color": "ffffff00", "curve": "stepped" },
					{ "time": 3.2, "color": "ffffff00" },
					{ "time": 3.5667, "color": "ffffffff" },
					{ "time": 4, "color": "ffffff00" }
				],
				"attachment": [
					{ "time": 2, "name": null },
					{ "time": 2.0333, "name": "wu_08_" },
					{ "time": 4, "name": "wu_08_" }
				]
			},
			"wu_09_": {
				"color": [
					{ "time": 2, "color": "ffffff75" },
					{ "time": 2.2, "color": "ffffff00", "curve": "stepped" },
					{ "time": 3.3667, "color": "ffffff00" },
					{ "time": 3.8, "color": "ffffffff" },
					{ "time": 4, "color": "ffffff00" }
				],
				"attachment": [
					{ "time": 2, "name": null },
					{ "time": 2.0333, "name": "wu_09_" },
					{ "time": 4, "name": "wu_09_" }
				]
			},
			"wu_00_2": {
				"color": [
					{ "time": 2, "color": "ffffffff" },
					{ "time": 2.4, "color": "ffffff00", "curve": "stepped" },
					{ "time": 3.6, "color": "ffffff00" },
					{ "time": 4, "color": "ffffffff" }
				],
				"attachment": [
					{ "time": 0, "name": null },
					{ "time": 2, "name": null },
					{ "time": 2.0333, "name": "yun_00_" },
					{ "time": 4, "name": "yun_00_" }
				]
			},
			"wu_01_2": {
				"color": [
					{ "time": 2, "color": "ffffff7f" },
					{ "time": 2.2, "color": "ffffffff" },
					{ "time": 2.6, "color": "ffffff00", "curve": "stepped" },
					{ "time": 3.8333, "color": "ffffff00" },
					{ "time": 4, "color": "ffffff7f" }
				],
				"attachment": [
					{ "time": 2, "name": null },
					{ "time": 2.0333, "name": "yun_01_" },
					{ "time": 4, "name": "yun_01_" }
				]
			},
			"wu_02_2": {
				"color": [
					{ "time": 2, "color": "ffffff00" },
					{ "time": 2.4, "color": "ffffffff" },
					{ "time": 2.8, "color": "ffffff00", "curve": "stepped" },
					{ "time": 4, "color": "ffffff00" }
				],
				"attachment": [
					{ "time": 2, "name": null },
					{ "time": 2.0333, "name": "yun_02_" },
					{ "time": 4, "name": "yun_02_" }
				]
			},
			"wu_03_2": {
				"color": [
					{ "time": 2, "color": "ffffff00", "curve": "stepped" },
					{ "time": 2.2, "color": "ffffff00" },
					{ "time": 2.6, "color": "ffffffff" },
					{ "time": 3, "color": "ffffff00", "curve": "stepped" },
					{ "time": 4, "color": "ffffff00" }
				],
				"attachment": [
					{ "time": 2, "name": null },
					{ "time": 2.0333, "name": "yun_03_" },
					{ "time": 4, "name": "yun_03_" }
				]
			},
			"wu_04_2": {
				"color": [
					{ "time": 2, "color": "ffffff00", "curve": "stepped" },
					{ "time": 2.4, "color": "ffffff00" },
					{ "time": 2.8, "color": "ffffffff" },
					{ "time": 3.2, "color": "ffffff00", "curve": "stepped" },
					{ "time": 4, "color": "ffffff00" }
				],
				"attachment": [
					{ "time": 2, "name": null },
					{ "time": 2.0333, "name": "yun_04_" },
					{ "time": 4, "name": "yun_04_" }
				]
			},
			"wu_05_2": {
				"color": [
					{ "time": 2, "color": "ffffff00", "curve": "stepped" },
					{ "time": 2.6, "color": "ffffff00" },
					{ "time": 3, "color": "ffffffff" },
					{ "time": 3.4, "color": "ffffff00", "curve": "stepped" },
					{ "time": 4, "color": "ffffff00" }
				],
				"attachment": [
					{ "time": 2, "name": null },
					{ "time": 2.0333, "name": "yun_05_" },
					{ "time": 4, "name": "yun_05_" }
				]
			},
			"wu_06_2": {
				"color": [
					{ "time": 2, "color": "ffffff00", "curve": "stepped" },
					{ "time": 2.8, "color": "ffffff00" },
					{ "time": 3.2, "color": "ffffffff" },
					{ "time": 3.6, "color": "ffffff00", "curve": "stepped" },
					{ "time": 4, "color": "ffffff00" }
				],
				"attachment": [
					{ "time": 2, "name": null },
					{ "time": 2.0333, "name": "yun_06_" },
					{ "time": 4, "name": "yun_06_" }
				]
			},
			"wu_07_2": {
				"color": [
					{ "time": 2, "color": "ffffff00", "curve": "stepped" },
					{ "time": 3, "color": "ffffff00" },
					{ "time": 3.4, "color": "ffffffff" },
					{ "time": 3.8, "color": "ffffff00", "curve": "stepped" },
					{ "time": 4, "color": "ffffff00" }
				],
				"attachment": [
					{ "time": 2, "name": null },
					{ "time": 2.0333, "name": "yun_07_" },
					{ "time": 4, "name": "yun_07_" }
				]
			},
			"wu_08_2": {
				"color": [
					{ "time": 2, "color": "ffffff00", "curve": "stepped" },
					{ "time": 3.2, "color": "ffffff00" },
					{ "time": 3.6, "color": "ffffffff" },
					{ "time": 4, "color": "ffffff00" }
				],
				"attachment": [
					{ "time": 2, "name": null },
					{ "time": 2.0333, "name": "yun_08_" },
					{ "time": 4, "name": "yun_08_" }
				]
			},
			"wu_09_2": {
				"color": [
					{ "time": 2, "color": "ffffff73" },
					{ "time": 2.2, "color": "ffffff00", "curve": "stepped" },
					{ "time": 3.4, "color": "ffffff00" },
					{ "time": 3.8, "color": "ffffffff" },
					{ "time": 4, "color": "ffffff00" }
				],
				"attachment": [
					{ "time": 2, "name": null },
					{ "time": 2.0333, "name": "yun_09_" },
					{ "time": 4, "name": "yun_09_" }
				]
			},
			"xx": {
				"color": [
					{ "time": 2, "color": "ffffffff" }
				],
				"attachment": [
					{ "time": 2, "name": null },
					{ "time": 2.0333, "name": "xx_00_" },
					{ "time": 2.1333, "name": "xx_01_" },
					{ "time": 2.2333, "name": "xx_02_" },
					{ "time": 2.3, "name": "xx_03_" },
					{ "time": 2.4, "name": "xx_04_" },
					{ "time": 2.5, "name": "xx_05_" },
					{ "time": 2.5667, "name": "xx_06_" },
					{ "time": 2.6667, "name": "xx_07_" },
					{ "time": 2.7667, "name": "xx_08_" },
					{ "time": 2.8333, "name": "xx_09_" },
					{ "time": 2.9333, "name": "xx_10_" },
					{ "time": 3.0333, "name": "xx_11_" },
					{ "time": 3.1, "name": "xx_12_" },
					{ "time": 3.2, "name": "xx_13_" },
					{ "time": 3.3, "name": "xx_14_" },
					{ "time": 3.3667, "name": "xx_15_" },
					{ "time": 3.4667, "name": "xx_16_" },
					{ "time": 3.5667, "name": "xx_17_" },
					{ "time": 3.6333, "name": "xx_18_" },
					{ "time": 3.7333, "name": "xx_19_" },
					{ "time": 3.8333, "name": "xx_20_" },
					{ "time": 3.9, "name": "xx_21_" },
					{ "time": 4, "name": null }
				]
			},
			"yy_": {
				"attachment": [
					{ "time": 0, "name": null },
					{ "time": 2, "name": null },
					{ "time": 2.0333, "name": "yy_" }
				]
			}
		},
		"bones": {
			"huan": {
				"rotate": [
					{
						"time": 2,
						"angle": 16.6,
						"curve": [ 0.25, 0, 0.75, 1 ]
					},
					{ "time": 4, "angle": 0 }
				]
			},
			"huan_": {
				"translate": [
					{
						"time": 2,
						"x": 0,
						"y": 1.89,
						"curve": [ 0.381, 0.55, 0.742, 1 ]
					},
					{
						"time": 2.6667,
						"x": 0,
						"y": 7.14,
						"curve": [ 0.25, 0, 0.75, 1 ]
					},
					{ "time": 4, "x": 0, "y": 0 }
				]
			},
			"he1": {
				"translate": [
					{ "time": 2, "x": 14.3, "y": -7.91 },
					{ "time": 3.9667, "x": 28.37, "y": -15.69 },
					{ "time": 4, "x": 0, "y": 0 }
				]
			},
			"he2": {
				"translate": [
					{ "time": 2, "x": 14.65, "y": -3.26 },
					{ "time": 3.9667, "x": 29.06, "y": -6.46 },
					{ "time": 4, "x": 0, "y": 0 }
				]
			},
			"he3": {
				"translate": [
					{ "time": 2, "x": 11.09, "y": -3.09 },
					{ "time": 3.9667, "x": 21.99, "y": -6.13 },
					{ "time": 4, "x": 0, "y": 0 }
				]
			},
			"he4": {
				"translate": [
					{ "time": 2, "x": 11.85, "y": -3.4 },
					{ "time": 3.9667, "x": 23.51, "y": -6.74 },
					{ "time": 4, "x": 0, "y": 0 }
				]
			},
			"root": {
				"translate": [
					{ "time": 0, "x": 0, "y": 0, "curve": "stepped" },
					{ "time": 4, "x": 0, "y": 0 }
				]
			}
		}
	}
}
}