{"skeleton":{"hash":"UsbVDjWc/wgZoMIA3xtItAcEgyc","spine":"2.1.27","width":0,"height":0,"images":"./images/"},"bones":[{"name":"root"},{"name":"bone","parent":"root","scaleX":1.8,"scaleY":1.56}],"slots":[{"name":"shui_guanghuan","bone":"bone"}],"skins":{"default":{"shui_guanghuan":{"shui_guanghuan_00_":{"width":270,"height":270},"shui_guanghuan_02_":{"width":270,"height":270},"shui_guanghuan_04_":{"width":270,"height":270},"shui_guanghuan_06_":{"width":270,"height":270},"shui_guanghuan_08_":{"width":270,"height":270},"shui_guanghuan_10_":{"width":270,"height":270},"shui_guanghuan_12_":{"width":270,"height":270},"shui_guanghuan_14_":{"width":270,"height":270},"shui_guanghuan_16_":{"width":270,"height":270},"shui_guanghuan_18_":{"width":270,"height":270},"shui_guanghuan_20_":{"width":270,"height":270},"shui_guanghuan_22_":{"width":270,"height":270},"shui_guanghuan_24_":{"width":270,"height":270},"shui_guanghuan_26_":{"width":270,"height":270},"shui_guanghuan_28_":{"width":270,"height":270}}}},"animations":{"animation":{"slots":{"shui_guanghuan":{"attachment":[{"time":0,"name":"shui_guanghuan_00_"},{"time":0.1333,"name":"shui_guanghuan_02_"},{"time":0.2666,"name":"shui_guanghuan_04_"},{"time":0.4,"name":"shui_guanghuan_06_"},{"time":0.5333,"name":"shui_guanghuan_08_"},{"time":0.6666,"name":"shui_guanghuan_10_"},{"time":0.8,"name":"shui_guanghuan_12_"},{"time":0.9333,"name":"shui_guanghuan_14_"},{"time":1.0666,"name":"shui_guanghuan_16_"},{"time":1.2,"name":"shui_guanghuan_18_"},{"time":1.3333,"name":"shui_guanghuan_20_"},{"time":1.4666,"name":"shui_guanghuan_22_"},{"time":1.6,"name":"shui_guanghuan_24_"},{"time":1.7333,"name":"shui_guanghuan_26_"},{"time":1.8666,"name":"shui_guanghuan_28_"},{"time":2,"name":null}]}}}}}