{
"skeleton": { "hash": "061geNiDAs7q9Xd/8RX6F9mpTpA", "spine": "3.7.94", "width": 0, "height": 0 },
"bones": [
	{ "name": "root" },
	{ "name": "bone", "parent": "root", "scaleX": 1.25, "scaleY": 1.25 },
	{ "name": "a", "parent": "bone", "x": 32.41, "y": 83.88 },
	{ "name": "b1", "parent": "bone", "x": -90.47, "y": 211.47 },
	{ "name": "b2", "parent": "bone", "x": -73.03, "y": 204.23 },
	{ "name": "b3", "parent": "bone", "x": 154.99, "y": 339.61 },
	{ "name": "b4", "parent": "bone", "x": 156.9, "y": 83.88 },
	{ "name": "b5", "parent": "bone", "x": 153.98, "y": -37.41 },
	{ "name": "b6", "parent": "bone", "x": 32.41, "y": -39.83 },
	{ "name": "b7", "parent": "bone", "x": -111.82, "y": -39.54 },
	{ "name": "b8", "parent": "bone", "x": -90.21, "y": 83.88 },
	{ "name": "c1", "parent": "bone", "x": -448.1, "y": 564.03 },
	{ "name": "c2", "parent": "bone", "x": -207.02, "y": 564.03 },
	{ "name": "c3", "parent": "bone", "x": 32.41, "y": 564.03 },
	{ "name": "c4", "parent": "bone", "x": 271.84, "y": 564.03 },
	{ "name": "c5", "parent": "bone", "x": 512.66, "y": 561.04 },
	{ "name": "c6", "parent": "bone", "x": 512.66, "y": 320.79 },
	{ "name": "c7", "parent": "bone", "x": 512.66, "y": 80.89 },
	{ "name": "c8", "parent": "bone", "x": 512.66, "y": -155.71 },
	{ "name": "c9", "parent": "bone", "x": 512.66, "y": -397.88 },
	{ "name": "c10", "parent": "bone", "x": 273.5, "y": -396.78 },
	{ "name": "c11", "parent": "bone", "x": 32.41, "y": -396.73 },
	{ "name": "c12", "parent": "bone", "x": -207.88, "y": -396.73 },
	{ "name": "c13", "parent": "bone", "x": -448.1, "y": -397.88 },
	{ "name": "c14", "parent": "bone", "x": -448.1, "y": -154.29 },
	{ "name": "c15", "parent": "bone", "x": -331.24, "y": 83.88 },
	{ "name": "c16", "parent": "bone", "x": -448.1, "y": 323.79 }
],
"slots": [
	{ "name": "a_00_", "bone": "a" },
	{ "name": "b1_00_", "bone": "b1" },
	{ "name": "b2_00_", "bone": "b2" },
	{ "name": "b3_00_", "bone": "b3" },
	{ "name": "b4_00_", "bone": "b4" },
	{ "name": "b5_00_", "bone": "b5" },
	{ "name": "b6_00_", "bone": "b6" },
	{ "name": "b7_00_", "bone": "b7" },
	{ "name": "b8_00_", "bone": "b8" },
	{ "name": "c01_00_", "bone": "c1" },
	{ "name": "c02_00_", "bone": "c2" },
	{ "name": "c03_00_", "bone": "c3" },
	{ "name": "c04_00_", "bone": "c4" },
	{ "name": "c05_00_", "bone": "c5" },
	{ "name": "c06_00_", "bone": "c6" },
	{ "name": "c07_00_", "bone": "c7" },
	{ "name": "c08_00_", "bone": "c8" },
	{ "name": "c09_00_", "bone": "c9" },
	{ "name": "c10_00_", "bone": "c10" },
	{ "name": "c11_00_", "bone": "c11" },
	{ "name": "c12_00_", "bone": "c12" },
	{ "name": "c13_00_", "bone": "c13" },
	{ "name": "c14_00_", "bone": "c14" },
	{ "name": "c15_00_", "bone": "c15" },
	{ "name": "c16_00_", "bone": "c16" }
],
"skins": {
	"default": {
		"a_00_": {
			"a_18_": { "width": 240, "height": 240 },
			"a_19_": { "width": 240, "height": 240 },
			"a_20_": { "width": 240, "height": 240 },
			"a_21_": { "width": 240, "height": 240 },
			"a_22_": { "width": 240, "height": 240 },
			"a_23_": { "width": 240, "height": 240 },
			"a_24_": { "width": 240, "height": 240 },
			"a_25_": { "width": 240, "height": 240 },
			"a_26_": { "width": 240, "height": 240 },
			"a_27_": { "width": 240, "height": 240 },
			"a_28_": { "width": 240, "height": 240 }
		},
		"b1_00_": {
			"b1_18_": { "x": -117.11, "y": 112.4, "width": 240, "height": 240 },
			"b1_19_": { "x": -117.11, "y": 112.4, "width": 240, "height": 240 },
			"b1_20_": { "x": -117.11, "y": 112.4, "width": 240, "height": 240 },
			"b1_21_": { "x": -117.11, "y": 112.4, "width": 240, "height": 240 },
			"b1_22_": { "x": -117.11, "y": 112.4, "width": 240, "height": 240 },
			"b1_23_": { "x": -117.11, "y": 112.4, "width": 240, "height": 240 },
			"b1_24_": { "x": -117.11, "y": 112.4, "width": 240, "height": 240 },
			"b1_25_": { "x": -117.11, "y": 112.4, "width": 240, "height": 240 },
			"b1_26_": { "x": -117.11, "y": 112.4, "width": 240, "height": 240 },
			"b1_27_": { "x": -117.11, "y": 112.4, "width": 240, "height": 240 },
			"b1_28_": { "x": -117.11, "y": 112.4, "width": 240, "height": 240 }
		},
		"b2_00_": {
			"b2_18_": { "x": 105.44, "y": 119.64, "width": 240, "height": 240 },
			"b2_19_": { "x": 105.44, "y": 119.64, "width": 240, "height": 240 },
			"b2_20_": { "x": 105.44, "y": 119.64, "width": 240, "height": 240 },
			"b2_21_": { "x": 105.44, "y": 119.64, "width": 240, "height": 240 },
			"b2_22_": { "x": 105.44, "y": 119.64, "width": 240, "height": 240 },
			"b2_23_": { "x": 105.44, "y": 119.64, "width": 240, "height": 240 },
			"b2_24_": { "x": 105.44, "y": 119.64, "width": 240, "height": 240 },
			"b2_25_": { "x": 105.44, "y": 119.64, "width": 240, "height": 240 },
			"b2_26_": { "x": 105.44, "y": 119.64, "width": 240, "height": 240 },
			"b2_27_": { "x": 105.44, "y": 119.64, "width": 240, "height": 240 },
			"b2_28_": { "x": 105.44, "y": 119.64, "width": 240, "height": 240 }
		},
		"b3_00_": {
			"b3_18_": { "x": 117.43, "y": -15.75, "width": 240, "height": 240 },
			"b3_19_": { "x": 117.43, "y": -15.75, "width": 240, "height": 240 },
			"b3_20_": { "x": 117.43, "y": -15.75, "width": 240, "height": 240 },
			"b3_21_": { "x": 117.43, "y": -15.75, "width": 240, "height": 240 },
			"b3_22_": { "x": 117.43, "y": -15.75, "width": 240, "height": 240 },
			"b3_23_": { "x": 117.43, "y": -15.75, "width": 240, "height": 240 },
			"b3_24_": { "x": 117.43, "y": -15.75, "width": 240, "height": 240 },
			"b3_25_": { "x": 117.43, "y": -15.75, "width": 240, "height": 240 },
			"b3_26_": { "x": 117.43, "y": -15.75, "width": 240, "height": 240 },
			"b3_27_": { "x": 117.43, "y": -15.75, "width": 240, "height": 240 },
			"b3_28_": { "x": 117.43, "y": -15.75, "width": 240, "height": 240 }
		},
		"b4_00_": {
			"b4_18_": { "x": 115.51, "width": 240, "height": 240 },
			"b4_19_": { "x": 115.51, "width": 240, "height": 240 },
			"b4_20_": { "x": 115.51, "width": 240, "height": 240 },
			"b4_21_": { "x": 115.51, "width": 240, "height": 240 },
			"b4_22_": { "x": 115.51, "width": 240, "height": 240 },
			"b4_23_": { "x": 115.51, "width": 240, "height": 240 },
			"b4_24_": { "x": 115.51, "width": 240, "height": 240 },
			"b4_25_": { "x": 115.51, "width": 240, "height": 240 },
			"b4_26_": { "x": 115.51, "width": 240, "height": 240 },
			"b4_27_": { "x": 115.51, "width": 240, "height": 240 },
			"b4_28_": { "x": 115.51, "width": 240, "height": 240 }
		},
		"b5_00_": {
			"b5_18_": { "x": 118.41, "y": -118.7, "width": 240, "height": 240 },
			"b5_19_": { "x": 118.41, "y": -118.7, "width": 240, "height": 240 },
			"b5_20_": { "x": 118.41, "y": -118.7, "width": 240, "height": 240 },
			"b5_21_": { "x": 118.41, "y": -118.7, "width": 240, "height": 240 },
			"b5_22_": { "x": 118.41, "y": -118.7, "width": 240, "height": 240 },
			"b5_23_": { "x": 118.41, "y": -118.7, "width": 240, "height": 240 },
			"b5_24_": { "x": 118.41, "y": -118.7, "width": 240, "height": 240 },
			"b5_25_": { "x": 118.41, "y": -118.7, "width": 240, "height": 240 },
			"b5_26_": { "x": 118.41, "y": -118.7, "width": 240, "height": 240 },
			"b5_27_": { "x": 118.41, "y": -118.7, "width": 240, "height": 240 },
			"b5_28_": { "x": 118.41, "y": -118.7, "width": 240, "height": 240 }
		},
		"b6_00_": {
			"b6_18_": { "y": -116.28, "width": 240, "height": 240 },
			"b6_19_": { "y": -116.28, "width": 240, "height": 240 },
			"b6_20_": { "y": -116.28, "width": 240, "height": 240 },
			"b6_21_": { "y": -116.28, "width": 240, "height": 240 },
			"b6_22_": { "y": -116.28, "width": 240, "height": 240 },
			"b6_23_": { "y": -116.28, "width": 240, "height": 240 },
			"b6_24_": { "y": -116.28, "width": 240, "height": 240 },
			"b6_25_": { "y": -116.28, "width": 240, "height": 240 },
			"b6_26_": { "y": -116.28, "width": 240, "height": 240 },
			"b6_27_": { "y": -116.28, "width": 240, "height": 240 },
			"b6_28_": { "y": -116.28, "width": 240, "height": 240 }
		},
		"b7_00_": {
			"b7_18_": { "x": -95.78, "y": -116.59, "width": 240, "height": 240 },
			"b7_19_": { "x": -95.78, "y": -116.59, "width": 240, "height": 240 },
			"b7_20_": { "x": -95.78, "y": -116.59, "width": 240, "height": 240 },
			"b7_21_": { "x": -95.78, "y": -116.59, "width": 240, "height": 240 },
			"b7_22_": { "x": -95.78, "y": -116.59, "width": 240, "height": 240 },
			"b7_23_": { "x": -95.78, "y": -116.59, "width": 240, "height": 240 },
			"b7_24_": { "x": -95.78, "y": -116.59, "width": 240, "height": 240 },
			"b7_25_": { "x": -95.78, "y": -116.59, "width": 240, "height": 240 },
			"b7_26_": { "x": -95.78, "y": -116.59, "width": 240, "height": 240 },
			"b7_27_": { "x": -95.78, "y": -116.59, "width": 240, "height": 240 },
			"b7_28_": { "x": -95.78, "y": -116.59, "width": 240, "height": 240 }
		},
		"b8_00_": {
			"b8_18_": { "x": -117.37, "width": 240, "height": 240 },
			"b8_19_": { "x": -117.37, "width": 240, "height": 240 },
			"b8_20_": { "x": -117.37, "width": 240, "height": 240 },
			"b8_21_": { "x": -117.37, "width": 240, "height": 240 },
			"b8_22_": { "x": -117.37, "width": 240, "height": 240 },
			"b8_23_": { "x": -117.37, "width": 240, "height": 240 },
			"b8_24_": { "x": -117.37, "width": 240, "height": 240 },
			"b8_25_": { "x": -117.37, "width": 240, "height": 240 },
			"b8_26_": { "x": -117.37, "width": 240, "height": 240 },
			"b8_27_": { "x": -117.37, "width": 240, "height": 240 },
			"b8_28_": { "x": -117.37, "width": 240, "height": 240 }
		},
		"c01_00_": {
			"c01_18_": { "width": 240, "height": 240 },
			"c01_19_": { "width": 240, "height": 240 },
			"c01_20_": { "width": 240, "height": 240 },
			"c01_21_": { "width": 240, "height": 240 },
			"c01_22_": { "width": 240, "height": 240 },
			"c01_23_": { "width": 240, "height": 240 },
			"c01_24_": { "width": 240, "height": 240 },
			"c01_25_": { "width": 240, "height": 240 },
			"c01_26_": { "width": 240, "height": 240 },
			"c01_27_": { "width": 240, "height": 240 },
			"c01_28_": { "width": 240, "height": 240 }
		},
		"c02_00_": {
			"c02_18_": { "width": 240, "height": 240 },
			"c02_19_": { "width": 240, "height": 240 },
			"c02_20_": { "width": 240, "height": 240 },
			"c02_21_": { "width": 240, "height": 240 },
			"c02_22_": { "width": 240, "height": 240 },
			"c02_23_": { "width": 240, "height": 240 },
			"c02_24_": { "width": 240, "height": 240 },
			"c02_25_": { "width": 240, "height": 240 },
			"c02_26_": { "width": 240, "height": 240 },
			"c02_27_": { "width": 240, "height": 240 },
			"c02_28_": { "width": 240, "height": 240 }
		},
		"c03_00_": {
			"c03_18_": { "width": 240, "height": 240 },
			"c03_19_": { "width": 240, "height": 240 },
			"c03_20_": { "width": 240, "height": 240 },
			"c03_21_": { "width": 240, "height": 240 },
			"c03_22_": { "width": 240, "height": 240 },
			"c03_23_": { "width": 240, "height": 240 },
			"c03_24_": { "width": 240, "height": 240 },
			"c03_25_": { "width": 240, "height": 240 },
			"c03_26_": { "width": 240, "height": 240 },
			"c03_27_": { "width": 240, "height": 240 },
			"c03_28_": { "width": 240, "height": 240 }
		},
		"c04_00_": {
			"c04_18_": { "width": 240, "height": 240 },
			"c04_19_": { "width": 240, "height": 240 },
			"c04_20_": { "width": 240, "height": 240 },
			"c04_21_": { "width": 240, "height": 240 },
			"c04_22_": { "width": 240, "height": 240 },
			"c04_23_": { "width": 240, "height": 240 },
			"c04_24_": { "width": 240, "height": 240 },
			"c04_25_": { "width": 240, "height": 240 },
			"c04_26_": { "width": 240, "height": 240 },
			"c04_27_": { "width": 240, "height": 240 },
			"c04_28_": { "width": 240, "height": 240 }
		},
		"c05_00_": {
			"c05_18_": { "width": 240, "height": 240 },
			"c05_19_": { "width": 240, "height": 240 },
			"c05_20_": { "width": 240, "height": 240 },
			"c05_21_": { "width": 240, "height": 240 },
			"c05_22_": { "width": 240, "height": 240 },
			"c05_23_": { "width": 240, "height": 240 },
			"c05_24_": { "width": 240, "height": 240 },
			"c05_25_": { "width": 240, "height": 240 },
			"c05_26_": { "width": 240, "height": 240 },
			"c05_27_": { "width": 240, "height": 240 },
			"c05_28_": { "width": 240, "height": 240 }
		},
		"c06_00_": {
			"c06_18_": { "width": 240, "height": 240 },
			"c06_19_": { "width": 240, "height": 240 },
			"c06_20_": { "width": 240, "height": 240 },
			"c06_21_": { "width": 240, "height": 240 },
			"c06_22_": { "width": 240, "height": 240 },
			"c06_23_": { "width": 240, "height": 240 },
			"c06_24_": { "width": 240, "height": 240 },
			"c06_25_": { "width": 240, "height": 240 },
			"c06_26_": { "width": 240, "height": 240 },
			"c06_27_": { "width": 240, "height": 240 },
			"c06_28_": { "width": 240, "height": 240 }
		},
		"c07_00_": {
			"c07_18_": { "width": 240, "height": 240 },
			"c07_19_": { "width": 240, "height": 240 },
			"c07_20_": { "width": 240, "height": 240 },
			"c07_21_": { "width": 240, "height": 240 },
			"c07_22_": { "width": 240, "height": 240 },
			"c07_23_": { "width": 240, "height": 240 },
			"c07_24_": { "width": 240, "height": 240 },
			"c07_25_": { "width": 240, "height": 240 },
			"c07_26_": { "width": 240, "height": 240 },
			"c07_27_": { "width": 240, "height": 240 },
			"c07_28_": { "width": 240, "height": 240 }
		},
		"c08_00_": {
			"c08_18_": { "width": 240, "height": 240 },
			"c08_19_": { "width": 240, "height": 240 },
			"c08_20_": { "width": 240, "height": 240 },
			"c08_21_": { "width": 240, "height": 240 },
			"c08_22_": { "width": 240, "height": 240 },
			"c08_23_": { "width": 240, "height": 240 },
			"c08_24_": { "width": 240, "height": 240 },
			"c08_25_": { "width": 240, "height": 240 },
			"c08_26_": { "width": 240, "height": 240 },
			"c08_27_": { "width": 240, "height": 240 },
			"c08_28_": { "width": 240, "height": 240 }
		},
		"c09_00_": {
			"c09_18_": { "width": 240, "height": 240 },
			"c09_19_": { "width": 240, "height": 240 },
			"c09_20_": { "width": 240, "height": 240 },
			"c09_21_": { "width": 240, "height": 240 },
			"c09_22_": { "width": 240, "height": 240 },
			"c09_23_": { "width": 240, "height": 240 },
			"c09_24_": { "width": 240, "height": 240 },
			"c09_25_": { "width": 240, "height": 240 },
			"c09_26_": { "width": 240, "height": 240 },
			"c09_27_": { "width": 240, "height": 240 },
			"c09_28_": { "width": 240, "height": 240 }
		},
		"c10_00_": {
			"c10_18_": { "width": 240, "height": 240 },
			"c10_19_": { "width": 240, "height": 240 },
			"c10_20_": { "width": 240, "height": 240 },
			"c10_21_": { "width": 240, "height": 240 },
			"c10_22_": { "width": 240, "height": 240 },
			"c10_23_": { "width": 240, "height": 240 },
			"c10_24_": { "width": 240, "height": 240 },
			"c10_25_": { "width": 240, "height": 240 },
			"c10_26_": { "width": 240, "height": 240 },
			"c10_27_": { "width": 240, "height": 240 },
			"c10_28_": { "width": 240, "height": 240 }
		},
		"c11_00_": {
			"c11_18_": { "width": 240, "height": 240 },
			"c11_19_": { "width": 240, "height": 240 },
			"c11_20_": { "width": 240, "height": 240 },
			"c11_21_": { "width": 240, "height": 240 },
			"c11_22_": { "width": 240, "height": 240 },
			"c11_23_": { "width": 240, "height": 240 },
			"c11_24_": { "width": 240, "height": 240 },
			"c11_25_": { "width": 240, "height": 240 },
			"c11_26_": { "width": 240, "height": 240 },
			"c11_27_": { "width": 240, "height": 240 },
			"c11_28_": { "width": 240, "height": 240 }
		},
		"c12_00_": {
			"c12_18_": { "width": 240, "height": 240 },
			"c12_19_": { "width": 240, "height": 240 },
			"c12_20_": { "width": 240, "height": 240 },
			"c12_21_": { "width": 240, "height": 240 },
			"c12_22_": { "width": 240, "height": 240 },
			"c12_23_": { "width": 240, "height": 240 },
			"c12_24_": { "width": 240, "height": 240 },
			"c12_25_": { "width": 240, "height": 240 },
			"c12_26_": { "width": 240, "height": 240 },
			"c12_27_": { "width": 240, "height": 240 },
			"c12_28_": { "width": 240, "height": 240 }
		},
		"c13_00_": {
			"c13_18_": { "width": 240, "height": 240 },
			"c13_19_": { "width": 240, "height": 240 },
			"c13_20_": { "width": 240, "height": 240 },
			"c13_21_": { "width": 240, "height": 240 },
			"c13_22_": { "width": 240, "height": 240 },
			"c13_23_": { "width": 240, "height": 240 },
			"c13_24_": { "width": 240, "height": 240 },
			"c13_25_": { "width": 240, "height": 240 },
			"c13_26_": { "width": 240, "height": 240 },
			"c13_27_": { "width": 240, "height": 240 },
			"c13_28_": { "width": 240, "height": 240 }
		},
		"c14_00_": {
			"c14_18_": { "width": 240, "height": 240 },
			"c14_19_": { "width": 240, "height": 240 },
			"c14_20_": { "width": 240, "height": 240 },
			"c14_21_": { "width": 240, "height": 240 },
			"c14_22_": { "width": 240, "height": 240 },
			"c14_23_": { "width": 240, "height": 240 },
			"c14_24_": { "width": 240, "height": 240 },
			"c14_25_": { "width": 240, "height": 240 },
			"c14_26_": { "width": 240, "height": 240 },
			"c14_27_": { "width": 240, "height": 240 },
			"c14_28_": { "width": 240, "height": 240 }
		},
		"c15_00_": {
			"c15_18_": { "x": -116.34, "width": 240, "height": 240 },
			"c15_19_": { "x": -116.34, "width": 240, "height": 240 },
			"c15_20_": { "x": -116.34, "width": 240, "height": 240 },
			"c15_21_": { "x": -116.34, "width": 240, "height": 240 },
			"c15_22_": { "x": -116.34, "width": 240, "height": 240 },
			"c15_23_": { "x": -116.34, "width": 240, "height": 240 },
			"c15_24_": { "x": -116.34, "width": 240, "height": 240 },
			"c15_25_": { "x": -116.34, "width": 240, "height": 240 },
			"c15_26_": { "x": -116.34, "width": 240, "height": 240 },
			"c15_27_": { "x": -116.34, "width": 240, "height": 240 },
			"c15_28_": { "x": -116.34, "width": 240, "height": 240 }
		},
		"c16_00_": {
			"c16_18_": { "width": 240, "height": 240 },
			"c16_19_": { "width": 240, "height": 240 },
			"c16_20_": { "width": 240, "height": 240 },
			"c16_21_": { "width": 240, "height": 240 },
			"c16_22_": { "width": 240, "height": 240 },
			"c16_23_": { "width": 240, "height": 240 },
			"c16_24_": { "width": 240, "height": 240 },
			"c16_25_": { "width": 240, "height": 240 },
			"c16_26_": { "width": 240, "height": 240 },
			"c16_27_": { "width": 240, "height": 240 },
			"c16_28_": { "width": 240, "height": 240 }
		}
	}
},
"animations": {
	"animation": {
		"slots": {
			"a_00_": {
				"attachment": [
					{ "time": 0, "name": null },
					{ "time": 3.9333, "name": "a_18_" },
					{ "time": 4.0333, "name": "a_19_" },
					{ "time": 4.1667, "name": "a_20_" },
					{ "time": 4.2667, "name": "a_21_" },
					{ "time": 4.3667, "name": "a_22_" },
					{ "time": 4.5, "name": "a_23_" },
					{ "time": 4.6, "name": "a_24_" },
					{ "time": 4.7, "name": "a_25_" },
					{ "time": 4.8, "name": "a_26_" },
					{ "time": 4.9333, "name": "a_27_" },
					{ "time": 5.0333, "name": "a_28_" },
					{ "time": 5.1333, "name": null },
					{ "time": 6.1333, "name": null }
				]
			},
			"b1_00_": {
				"attachment": [
					{ "time": 0, "name": null },
					{ "time": 3.9333, "name": "b1_18_" },
					{ "time": 4.0333, "name": "b1_19_" },
					{ "time": 4.1667, "name": "b1_20_" },
					{ "time": 4.2667, "name": "b1_21_" },
					{ "time": 4.3667, "name": "b1_22_" },
					{ "time": 4.5, "name": "b1_23_" },
					{ "time": 4.6, "name": "b1_24_" },
					{ "time": 4.7, "name": "b1_25_" },
					{ "time": 4.8, "name": "b1_26_" },
					{ "time": 4.9333, "name": "b1_27_" },
					{ "time": 5.0333, "name": "b1_28_" },
					{ "time": 5.1333, "name": null },
					{ "time": 6.1333, "name": null }
				]
			},
			"b2_00_": {
				"attachment": [
					{ "time": 0, "name": null },
					{ "time": 3.9333, "name": "b2_18_" },
					{ "time": 4.0333, "name": "b2_19_" },
					{ "time": 4.1667, "name": "b2_20_" },
					{ "time": 4.2667, "name": "b2_21_" },
					{ "time": 4.3667, "name": "b2_22_" },
					{ "time": 4.5, "name": "b2_23_" },
					{ "time": 4.6, "name": "b2_24_" },
					{ "time": 4.7, "name": "b2_25_" },
					{ "time": 4.8, "name": "b2_26_" },
					{ "time": 4.9333, "name": "b2_27_" },
					{ "time": 5.0333, "name": "b2_28_" },
					{ "time": 5.1333, "name": null },
					{ "time": 6.1333, "name": null }
				]
			},
			"b3_00_": {
				"attachment": [
					{ "time": 0, "name": null },
					{ "time": 3.9333, "name": "b3_18_" },
					{ "time": 4.0333, "name": "b3_19_" },
					{ "time": 4.1667, "name": "b3_20_" },
					{ "time": 4.2667, "name": "b3_21_" },
					{ "time": 4.3667, "name": "b3_22_" },
					{ "time": 4.5, "name": "b3_23_" },
					{ "time": 4.6, "name": "b3_24_" },
					{ "time": 4.7, "name": "b3_25_" },
					{ "time": 4.8, "name": "b3_26_" },
					{ "time": 4.9333, "name": "b3_27_" },
					{ "time": 5.0333, "name": "b3_28_" },
					{ "time": 5.1333, "name": null },
					{ "time": 6.1333, "name": null }
				]
			},
			"b4_00_": {
				"attachment": [
					{ "time": 0, "name": null },
					{ "time": 3.9333, "name": "b4_18_" },
					{ "time": 4.0333, "name": "b4_19_" },
					{ "time": 4.1667, "name": "b4_20_" },
					{ "time": 4.2667, "name": "b4_21_" },
					{ "time": 4.3667, "name": "b4_22_" },
					{ "time": 4.5, "name": "b4_23_" },
					{ "time": 4.6, "name": "b4_24_" },
					{ "time": 4.7, "name": "b4_25_" },
					{ "time": 4.8, "name": "b4_26_" },
					{ "time": 4.9333, "name": "b4_27_" },
					{ "time": 5.0333, "name": "b4_28_" },
					{ "time": 5.1333, "name": null },
					{ "time": 6.1333, "name": null }
				]
			},
			"b5_00_": {
				"attachment": [
					{ "time": 0, "name": null },
					{ "time": 3.9333, "name": "b5_18_" },
					{ "time": 4.0333, "name": "b5_19_" },
					{ "time": 4.1667, "name": "b5_20_" },
					{ "time": 4.2667, "name": "b5_21_" },
					{ "time": 4.3667, "name": "b5_22_" },
					{ "time": 4.5, "name": "b5_23_" },
					{ "time": 4.6, "name": "b5_24_" },
					{ "time": 4.7, "name": "b5_25_" },
					{ "time": 4.8, "name": "b5_26_" },
					{ "time": 4.9333, "name": "b5_27_" },
					{ "time": 5.0333, "name": "b5_28_" },
					{ "time": 5.1333, "name": null },
					{ "time": 6.1333, "name": null }
				]
			},
			"b6_00_": {
				"attachment": [
					{ "time": 0, "name": null },
					{ "time": 3.9333, "name": "b6_18_" },
					{ "time": 4.0333, "name": "b6_19_" },
					{ "time": 4.1667, "name": "b6_20_" },
					{ "time": 4.2667, "name": "b6_21_" },
					{ "time": 4.3667, "name": "b6_22_" },
					{ "time": 4.5, "name": "b6_23_" },
					{ "time": 4.6, "name": "b6_24_" },
					{ "time": 4.7, "name": "b6_25_" },
					{ "time": 4.8, "name": "b6_26_" },
					{ "time": 4.9333, "name": "b6_27_" },
					{ "time": 5.0333, "name": "b6_28_" },
					{ "time": 5.1333, "name": null },
					{ "time": 6.1333, "name": null }
				]
			},
			"b7_00_": {
				"attachment": [
					{ "time": 0, "name": null },
					{ "time": 3.9333, "name": "b7_18_" },
					{ "time": 4.0333, "name": "b7_19_" },
					{ "time": 4.1667, "name": "b7_20_" },
					{ "time": 4.2667, "name": "b7_21_" },
					{ "time": 4.3667, "name": "b7_22_" },
					{ "time": 4.5, "name": "b7_23_" },
					{ "time": 4.6, "name": "b7_24_" },
					{ "time": 4.7, "name": "b7_25_" },
					{ "time": 4.8, "name": "b7_26_" },
					{ "time": 4.9333, "name": "b7_27_" },
					{ "time": 5.0333, "name": "b7_28_" },
					{ "time": 5.1333, "name": null },
					{ "time": 6.1333, "name": null }
				]
			},
			"b8_00_": {
				"attachment": [
					{ "time": 0, "name": null },
					{ "time": 3.9333, "name": "b8_18_" },
					{ "time": 4.0333, "name": "b8_19_" },
					{ "time": 4.1667, "name": "b8_20_" },
					{ "time": 4.2667, "name": "b8_21_" },
					{ "time": 4.3667, "name": "b8_22_" },
					{ "time": 4.5, "name": "b8_23_" },
					{ "time": 4.6, "name": "b8_24_" },
					{ "time": 4.7, "name": "b8_25_" },
					{ "time": 4.8, "name": "b8_26_" },
					{ "time": 4.9333, "name": "b8_27_" },
					{ "time": 5.0333, "name": "b8_28_" },
					{ "time": 5.1333, "name": null },
					{ "time": 6.1333, "name": null }
				]
			},
			"c01_00_": {
				"attachment": [
					{ "time": 0, "name": null },
					{ "time": 3.9333, "name": "c01_18_" },
					{ "time": 4.0333, "name": "c01_19_" },
					{ "time": 4.1667, "name": "c01_20_" },
					{ "time": 4.2667, "name": "c01_21_" },
					{ "time": 4.3667, "name": "c01_22_" },
					{ "time": 4.5, "name": "c01_23_" },
					{ "time": 4.6, "name": "c01_24_" },
					{ "time": 4.7, "name": "c01_25_" },
					{ "time": 4.8, "name": "c01_26_" },
					{ "time": 4.9333, "name": "c01_27_" },
					{ "time": 5.0333, "name": "c01_28_" },
					{ "time": 5.1333, "name": null },
					{ "time": 6.1333, "name": null }
				]
			},
			"c02_00_": {
				"attachment": [
					{ "time": 0, "name": null },
					{ "time": 3.9333, "name": "c02_18_" },
					{ "time": 4.0333, "name": "c02_19_" },
					{ "time": 4.1667, "name": "c02_20_" },
					{ "time": 4.2667, "name": "c02_21_" },
					{ "time": 4.3667, "name": "c02_22_" },
					{ "time": 4.5, "name": "c02_23_" },
					{ "time": 4.6, "name": "c02_24_" },
					{ "time": 4.7, "name": "c02_25_" },
					{ "time": 4.8, "name": "c02_26_" },
					{ "time": 4.9333, "name": "c02_27_" },
					{ "time": 5.0333, "name": "c02_28_" },
					{ "time": 5.1333, "name": null },
					{ "time": 6.1333, "name": null }
				]
			},
			"c03_00_": {
				"attachment": [
					{ "time": 0, "name": null },
					{ "time": 3.9333, "name": "c03_18_" },
					{ "time": 4.0333, "name": "c03_19_" },
					{ "time": 4.1667, "name": "c03_20_" },
					{ "time": 4.2667, "name": "c03_21_" },
					{ "time": 4.3667, "name": "c03_22_" },
					{ "time": 4.5, "name": "c03_23_" },
					{ "time": 4.6, "name": "c03_24_" },
					{ "time": 4.7, "name": "c03_25_" },
					{ "time": 4.8, "name": "c03_26_" },
					{ "time": 4.9333, "name": "c03_27_" },
					{ "time": 5.0333, "name": "c03_28_" },
					{ "time": 5.1333, "name": null },
					{ "time": 6.1333, "name": null }
				]
			},
			"c04_00_": {
				"attachment": [
					{ "time": 0, "name": null },
					{ "time": 3.9333, "name": "c04_18_" },
					{ "time": 4.0333, "name": "c04_19_" },
					{ "time": 4.1667, "name": "c04_20_" },
					{ "time": 4.2667, "name": "c04_21_" },
					{ "time": 4.3667, "name": "c04_22_" },
					{ "time": 4.5, "name": "c04_23_" },
					{ "time": 4.6, "name": "c04_24_" },
					{ "time": 4.7, "name": "c04_25_" },
					{ "time": 4.8, "name": "c04_26_" },
					{ "time": 4.9333, "name": "c04_27_" },
					{ "time": 5.0333, "name": "c04_28_" },
					{ "time": 5.1333, "name": null },
					{ "time": 6.1333, "name": null }
				]
			},
			"c05_00_": {
				"attachment": [
					{ "time": 0, "name": null },
					{ "time": 3.9333, "name": "c05_18_" },
					{ "time": 4.0333, "name": "c05_19_" },
					{ "time": 4.1667, "name": "c05_20_" },
					{ "time": 4.2667, "name": "c05_21_" },
					{ "time": 4.3667, "name": "c05_22_" },
					{ "time": 4.5, "name": "c05_23_" },
					{ "time": 4.6, "name": "c05_24_" },
					{ "time": 4.7, "name": "c05_25_" },
					{ "time": 4.8, "name": "c05_26_" },
					{ "time": 4.9333, "name": "c05_27_" },
					{ "time": 5.0333, "name": "c05_28_" },
					{ "time": 5.1333, "name": null },
					{ "time": 6.1333, "name": null }
				]
			},
			"c06_00_": {
				"attachment": [
					{ "time": 0, "name": null },
					{ "time": 3.9333, "name": "c06_18_" },
					{ "time": 4.0333, "name": "c06_19_" },
					{ "time": 4.1667, "name": "c06_20_" },
					{ "time": 4.2667, "name": "c06_21_" },
					{ "time": 4.3667, "name": "c06_22_" },
					{ "time": 4.5, "name": "c06_23_" },
					{ "time": 4.6, "name": "c06_24_" },
					{ "time": 4.7, "name": "c06_25_" },
					{ "time": 4.8, "name": "c06_26_" },
					{ "time": 4.9333, "name": "c06_27_" },
					{ "time": 5.0333, "name": "c06_28_" },
					{ "time": 5.1333, "name": null },
					{ "time": 6.1333, "name": null }
				]
			},
			"c07_00_": {
				"attachment": [
					{ "time": 0, "name": null },
					{ "time": 3.9333, "name": "c07_18_" },
					{ "time": 4.0333, "name": "c07_19_" },
					{ "time": 4.1667, "name": "c07_20_" },
					{ "time": 4.2667, "name": "c07_21_" },
					{ "time": 4.3667, "name": "c07_22_" },
					{ "time": 4.5, "name": "c07_23_" },
					{ "time": 4.6, "name": "c07_24_" },
					{ "time": 4.7, "name": "c07_25_" },
					{ "time": 4.8, "name": "c07_26_" },
					{ "time": 4.9333, "name": "c07_27_" },
					{ "time": 5.0333, "name": "c07_28_" },
					{ "time": 5.1333, "name": null },
					{ "time": 6.1333, "name": null }
				]
			},
			"c08_00_": {
				"attachment": [
					{ "time": 0, "name": null },
					{ "time": 3.9333, "name": "c08_18_" },
					{ "time": 4.0333, "name": "c08_19_" },
					{ "time": 4.1667, "name": "c08_20_" },
					{ "time": 4.2667, "name": "c08_21_" },
					{ "time": 4.3667, "name": "c08_22_" },
					{ "time": 4.5, "name": "c08_23_" },
					{ "time": 4.6, "name": "c08_24_" },
					{ "time": 4.7, "name": "c08_25_" },
					{ "time": 4.8, "name": "c08_26_" },
					{ "time": 4.9333, "name": "c08_27_" },
					{ "time": 5.0333, "name": "c08_28_" },
					{ "time": 5.1333, "name": null },
					{ "time": 6.1333, "name": null }
				]
			},
			"c09_00_": {
				"attachment": [
					{ "time": 0, "name": null },
					{ "time": 3.9333, "name": "c09_18_" },
					{ "time": 4.0333, "name": "c09_19_" },
					{ "time": 4.1667, "name": "c09_20_" },
					{ "time": 4.2667, "name": "c09_21_" },
					{ "time": 4.3667, "name": "c09_22_" },
					{ "time": 4.5, "name": "c09_23_" },
					{ "time": 4.6, "name": "c09_24_" },
					{ "time": 4.7, "name": "c09_25_" },
					{ "time": 4.8, "name": "c09_26_" },
					{ "time": 4.9333, "name": "c09_27_" },
					{ "time": 5.0333, "name": "c09_28_" },
					{ "time": 5.1333, "name": null },
					{ "time": 6.1333, "name": null }
				]
			},
			"c10_00_": {
				"attachment": [
					{ "time": 0, "name": null },
					{ "time": 3.9333, "name": "c10_18_" },
					{ "time": 4.0333, "name": "c10_19_" },
					{ "time": 4.1667, "name": "c10_20_" },
					{ "time": 4.2667, "name": "c10_21_" },
					{ "time": 4.3667, "name": "c10_22_" },
					{ "time": 4.5, "name": "c10_23_" },
					{ "time": 4.6, "name": "c10_24_" },
					{ "time": 4.7, "name": "c10_25_" },
					{ "time": 4.8, "name": "c10_26_" },
					{ "time": 4.9333, "name": "c10_27_" },
					{ "time": 5.0333, "name": "c10_28_" },
					{ "time": 5.1333, "name": null },
					{ "time": 6.1333, "name": null }
				]
			},
			"c11_00_": {
				"attachment": [
					{ "time": 0, "name": null },
					{ "time": 3.9333, "name": "c11_18_" },
					{ "time": 4.0333, "name": "c11_19_" },
					{ "time": 4.1667, "name": "c11_20_" },
					{ "time": 4.2667, "name": "c11_21_" },
					{ "time": 4.3667, "name": "c11_22_" },
					{ "time": 4.5, "name": "c11_23_" },
					{ "time": 4.6, "name": "c11_24_" },
					{ "time": 4.7, "name": "c11_25_" },
					{ "time": 4.8, "name": "c11_26_" },
					{ "time": 4.9333, "name": "c11_27_" },
					{ "time": 5.0333, "name": "c11_28_" },
					{ "time": 5.1333, "name": null },
					{ "time": 6.1333, "name": null }
				]
			},
			"c12_00_": {
				"attachment": [
					{ "time": 0, "name": null },
					{ "time": 3.9333, "name": "c12_18_" },
					{ "time": 4.0333, "name": "c12_19_" },
					{ "time": 4.1667, "name": "c12_20_" },
					{ "time": 4.2667, "name": "c12_21_" },
					{ "time": 4.3667, "name": "c12_22_" },
					{ "time": 4.5, "name": "c12_23_" },
					{ "time": 4.6, "name": "c12_24_" },
					{ "time": 4.7, "name": "c12_25_" },
					{ "time": 4.8, "name": "c12_26_" },
					{ "time": 4.9333, "name": "c12_27_" },
					{ "time": 5.0333, "name": "c12_28_" },
					{ "time": 5.1333, "name": null },
					{ "time": 6.1333, "name": null }
				]
			},
			"c13_00_": {
				"attachment": [
					{ "time": 0, "name": null },
					{ "time": 3.9333, "name": "c13_18_" },
					{ "time": 4.0333, "name": "c13_19_" },
					{ "time": 4.1667, "name": "c13_20_" },
					{ "time": 4.2667, "name": "c13_21_" },
					{ "time": 4.3667, "name": "c13_22_" },
					{ "time": 4.5, "name": "c13_23_" },
					{ "time": 4.6, "name": "c13_24_" },
					{ "time": 4.7, "name": "c13_25_" },
					{ "time": 4.8, "name": "c13_26_" },
					{ "time": 4.9333, "name": "c13_27_" },
					{ "time": 5.0333, "name": "c13_28_" },
					{ "time": 5.1333, "name": null },
					{ "time": 6.1333, "name": null }
				]
			},
			"c14_00_": {
				"attachment": [
					{ "time": 0, "name": null },
					{ "time": 3.9333, "name": "c14_18_" },
					{ "time": 4.0333, "name": "c14_19_" },
					{ "time": 4.1667, "name": "c14_20_" },
					{ "time": 4.2667, "name": "c14_21_" },
					{ "time": 4.3667, "name": "c14_22_" },
					{ "time": 4.5, "name": "c14_23_" },
					{ "time": 4.6, "name": "c14_24_" },
					{ "time": 4.7, "name": "c14_25_" },
					{ "time": 4.8, "name": "c14_26_" },
					{ "time": 4.9333, "name": "c14_27_" },
					{ "time": 5.0333, "name": "c14_28_" },
					{ "time": 5.1333, "name": null },
					{ "time": 6.1333, "name": null }
				]
			},
			"c15_00_": {
				"attachment": [
					{ "time": 0, "name": null },
					{ "time": 3.9333, "name": "c15_18_" },
					{ "time": 4.0333, "name": "c15_19_" },
					{ "time": 4.1667, "name": "c15_20_" },
					{ "time": 4.2667, "name": "c15_21_" },
					{ "time": 4.3667, "name": "c15_22_" },
					{ "time": 4.5, "name": "c15_23_" },
					{ "time": 4.6, "name": "c15_24_" },
					{ "time": 4.7, "name": "c15_25_" },
					{ "time": 4.8, "name": "c15_26_" },
					{ "time": 4.9333, "name": "c15_27_" },
					{ "time": 5.0333, "name": "c15_28_" },
					{ "time": 5.1333, "name": null },
					{ "time": 6.1333, "name": null }
				]
			},
			"c16_00_": {
				"attachment": [
					{ "time": 0, "name": null },
					{ "time": 3.9333, "name": "c16_18_" },
					{ "time": 4.0333, "name": "c16_19_" },
					{ "time": 4.1667, "name": "c16_20_" },
					{ "time": 4.2667, "name": "c16_21_" },
					{ "time": 4.3667, "name": "c16_22_" },
					{ "time": 4.5, "name": "c16_23_" },
					{ "time": 4.6, "name": "c16_24_" },
					{ "time": 4.7, "name": "c16_25_" },
					{ "time": 4.8, "name": "c16_26_" },
					{ "time": 4.9333, "name": "c16_27_" },
					{ "time": 5.0333, "name": "c16_28_" },
					{ "time": 5.1333, "name": null },
					{ "time": 6.1333, "name": null }
				]
			}
		}
	}
}
}