{"skeleton":{"hash":"GxsSfHG+U1+6KDtkZnMLIOQNXlQ","spine":"3.7.94","width":0,"height":0,"images":"./images/","audio":"H:/COK项目/Spine工程/盲盒—运动系列Spine/盲盒—蓝色举重Spine/蓝色举重攻击_Spine/juzhong_attack_Blue_A"},"bones":[{"name":"root"},{"name":"ctr","parent":"root","scaleX":1.25,"scaleY":1.25},{"name":"juzhongattackBlue_UL_","parent":"ctr"},{"name":"juzhongattackBlue_UR_","parent":"ctr"},{"name":"juzhongattackBlue_DL_","parent":"ctr"},{"name":"juzhongattackBlue_DR_","parent":"ctr"}],"slots":[{"name":"juzhongattackBlue_UL_","bone":"juzhongattackBlue_UL_"},{"name":"juzhongattackBlue_UR_","bone":"juzhongattackBlue_UR_"},{"name":"juzhongattackBlue_DL_","bone":"juzhongattackBlue_DL_"},{"name":"juzhongattackBlue_DR_","bone":"juzhongattackBlue_DR_"}],"skins":{"default":{"juzhongattackBlue_DL_":{"juzhongattackBlue_DL_000_":{"x":-246.5,"y":-212,"width":493,"height":424},"juzhongattackBlue_DL_003_":{"x":-246.5,"y":-212,"width":493,"height":424},"juzhongattackBlue_DL_006_":{"x":-246.5,"y":-212,"width":493,"height":424},"juzhongattackBlue_DL_009_":{"x":-246.5,"y":-212,"width":493,"height":424},"juzhongattackBlue_DL_012_":{"x":-246.5,"y":-212,"width":493,"height":424},"juzhongattackBlue_DL_015_":{"x":-246.5,"y":-212,"width":493,"height":424},"juzhongattackBlue_DL_018_":{"x":-246.5,"y":-212,"width":493,"height":424},"juzhongattackBlue_DL_021_":{"x":-246.5,"y":-212,"width":493,"height":424},"juzhongattackBlue_DL_024_":{"x":-246.5,"y":-212,"width":493,"height":424},"juzhongattackBlue_DL_027_":{"x":-246.5,"y":-212,"width":493,"height":424},"juzhongattackBlue_DL_030_":{"x":-246.5,"y":-212,"width":493,"height":424},"juzhongattackBlue_DL_033_":{"x":-246.5,"y":-212,"width":493,"height":424},"juzhongattackBlue_DL_036_":{"x":-246.5,"y":-212,"width":493,"height":424},"juzhongattackBlue_DL_039_":{"x":-246.5,"y":-212,"width":493,"height":424},"juzhongattackBlue_DL_042_":{"x":-246.5,"y":-212,"width":493,"height":424},"juzhongattackBlue_DL_045_":{"x":-246.5,"y":-212,"width":493,"height":424},"juzhongattackBlue_DL_048_":{"x":-246.5,"y":-212,"width":493,"height":424},"juzhongattackBlue_DL_051_":{"x":-246.5,"y":-212,"width":493,"height":424},"juzhongattackBlue_DL_054_":{"x":-246.5,"y":-212,"width":493,"height":424},"juzhongattackBlue_DL_057_":{"x":-246.5,"y":-212,"width":493,"height":424},"juzhongattackBlue_DL_060_":{"x":-246.5,"y":-212,"width":493,"height":424},"juzhongattackBlue_DL_063_":{"x":-246.5,"y":-212,"width":493,"height":424},"juzhongattackBlue_DL_066_":{"x":-246.5,"y":-212,"width":493,"height":424},"juzhongattackBlue_DL_069_":{"x":-246.5,"y":-212,"width":493,"height":424},"juzhongattackBlue_DL_072_":{"x":-246.5,"y":-212,"width":493,"height":424},"juzhongattackBlue_DL_075_":{"x":-246.5,"y":-212,"width":493,"height":424},"juzhongattackBlue_DL_078_":{"x":-246.5,"y":-212,"width":493,"height":424},"juzhongattackBlue_DL_081_":{"x":-246.5,"y":-212,"width":493,"height":424},"juzhongattackBlue_DL_084_":{"x":-246.5,"y":-212,"width":493,"height":424},"juzhongattackBlue_DL_087_":{"x":-246.5,"y":-212,"width":493,"height":424},"juzhongattackBlue_DL_090_":{"x":-246.5,"y":-212,"width":493,"height":424},"juzhongattackBlue_DL_093_":{"x":-246.5,"y":-212,"width":493,"height":424},"juzhongattackBlue_DL_096_":{"x":-246.5,"y":-212,"width":493,"height":424},"juzhongattackBlue_DL_099_":{"x":-246.5,"y":-212,"width":493,"height":424},"juzhongattackBlue_DL_100_":{"x":-246.5,"y":-212,"width":493,"height":424}},"juzhongattackBlue_DR_":{"juzhongattackBlue_DR_000_":{"x":273.5,"y":-212,"width":547,"height":424},"juzhongattackBlue_DR_003_":{"x":273.5,"y":-212,"width":547,"height":424},"juzhongattackBlue_DR_006_":{"x":273.5,"y":-212,"width":547,"height":424},"juzhongattackBlue_DR_009_":{"x":273.5,"y":-212,"width":547,"height":424},"juzhongattackBlue_DR_012_":{"x":273.5,"y":-212,"width":547,"height":424},"juzhongattackBlue_DR_015_":{"x":273.5,"y":-212,"width":547,"height":424},"juzhongattackBlue_DR_018_":{"x":273.5,"y":-212,"width":547,"height":424},"juzhongattackBlue_DR_021_":{"x":273.5,"y":-212,"width":547,"height":424},"juzhongattackBlue_DR_024_":{"x":273.5,"y":-212,"width":547,"height":424},"juzhongattackBlue_DR_027_":{"x":273.5,"y":-212,"width":547,"height":424},"juzhongattackBlue_DR_030_":{"x":273.5,"y":-212,"width":547,"height":424},"juzhongattackBlue_DR_033_":{"x":273.5,"y":-212,"width":547,"height":424},"juzhongattackBlue_DR_036_":{"x":273.5,"y":-212,"width":547,"height":424},"juzhongattackBlue_DR_039_":{"x":273.5,"y":-212,"width":547,"height":424},"juzhongattackBlue_DR_042_":{"x":273.5,"y":-212,"width":547,"height":424},"juzhongattackBlue_DR_045_":{"x":273.5,"y":-212,"width":547,"height":424},"juzhongattackBlue_DR_048_":{"x":273.5,"y":-212,"width":547,"height":424},"juzhongattackBlue_DR_051_":{"x":273.5,"y":-212,"width":547,"height":424},"juzhongattackBlue_DR_054_":{"x":273.5,"y":-212,"width":547,"height":424},"juzhongattackBlue_DR_057_":{"x":273.5,"y":-212,"width":547,"height":424},"juzhongattackBlue_DR_060_":{"x":273.5,"y":-212,"width":547,"height":424},"juzhongattackBlue_DR_063_":{"x":273.5,"y":-212,"width":547,"height":424},"juzhongattackBlue_DR_066_":{"x":273.5,"y":-212,"width":547,"height":424},"juzhongattackBlue_DR_069_":{"x":273.5,"y":-212,"width":547,"height":424},"juzhongattackBlue_DR_072_":{"x":273.5,"y":-212,"width":547,"height":424},"juzhongattackBlue_DR_075_":{"x":273.5,"y":-212,"width":547,"height":424},"juzhongattackBlue_DR_078_":{"x":273.5,"y":-212,"width":547,"height":424},"juzhongattackBlue_DR_081_":{"x":273.5,"y":-212,"width":547,"height":424},"juzhongattackBlue_DR_084_":{"x":273.5,"y":-212,"width":547,"height":424},"juzhongattackBlue_DR_087_":{"x":273.5,"y":-212,"width":547,"height":424},"juzhongattackBlue_DR_090_":{"x":273.5,"y":-212,"width":547,"height":424},"juzhongattackBlue_DR_093_":{"x":273.5,"y":-212,"width":547,"height":424},"juzhongattackBlue_DR_096_":{"x":273.5,"y":-212,"width":547,"height":424},"juzhongattackBlue_DR_099_":{"x":273.5,"y":-212,"width":547,"height":424},"juzhongattackBlue_DR_100_":{"x":273.5,"y":-212,"width":547,"height":424}},"juzhongattackBlue_UL_":{"juzhongattackBlue_UL_000_":{"x":-246.5,"y":188,"width":493,"height":376},"juzhongattackBlue_UL_003_":{"x":-246.5,"y":188,"width":493,"height":376},"juzhongattackBlue_UL_006_":{"x":-246.5,"y":188,"width":493,"height":376},"juzhongattackBlue_UL_009_":{"x":-246.5,"y":188,"width":493,"height":376},"juzhongattackBlue_UL_012_":{"x":-246.5,"y":188,"width":493,"height":376},"juzhongattackBlue_UL_015_":{"x":-246.5,"y":188,"width":493,"height":376},"juzhongattackBlue_UL_018_":{"x":-246.5,"y":188,"width":493,"height":376},"juzhongattackBlue_UL_021_":{"x":-246.5,"y":188,"width":493,"height":376},"juzhongattackBlue_UL_024_":{"x":-246.5,"y":188,"width":493,"height":376},"juzhongattackBlue_UL_027_":{"x":-246.5,"y":188,"width":493,"height":376},"juzhongattackBlue_UL_030_":{"x":-246.5,"y":188,"width":493,"height":376},"juzhongattackBlue_UL_033_":{"x":-246.5,"y":188,"width":493,"height":376},"juzhongattackBlue_UL_036_":{"x":-246.5,"y":188,"width":493,"height":376},"juzhongattackBlue_UL_039_":{"x":-246.5,"y":188,"width":493,"height":376},"juzhongattackBlue_UL_042_":{"x":-246.5,"y":188,"width":493,"height":376},"juzhongattackBlue_UL_045_":{"x":-246.5,"y":188,"width":493,"height":376},"juzhongattackBlue_UL_048_":{"x":-246.5,"y":188,"width":493,"height":376},"juzhongattackBlue_UL_051_":{"x":-246.5,"y":188,"width":493,"height":376},"juzhongattackBlue_UL_054_":{"x":-246.5,"y":188,"width":493,"height":376},"juzhongattackBlue_UL_057_":{"x":-246.5,"y":188,"width":493,"height":376},"juzhongattackBlue_UL_060_":{"x":-246.5,"y":188,"width":493,"height":376},"juzhongattackBlue_UL_063_":{"x":-246.5,"y":188,"width":493,"height":376},"juzhongattackBlue_UL_066_":{"x":-246.5,"y":188,"width":493,"height":376},"juzhongattackBlue_UL_069_":{"x":-246.5,"y":188,"width":493,"height":376},"juzhongattackBlue_UL_072_":{"x":-246.5,"y":188,"width":493,"height":376},"juzhongattackBlue_UL_075_":{"x":-246.5,"y":188,"width":493,"height":376},"juzhongattackBlue_UL_078_":{"x":-246.5,"y":188,"width":493,"height":376},"juzhongattackBlue_UL_081_":{"x":-246.5,"y":188,"width":493,"height":376},"juzhongattackBlue_UL_084_":{"x":-246.5,"y":188,"width":493,"height":376},"juzhongattackBlue_UL_087_":{"x":-246.5,"y":188,"width":493,"height":376},"juzhongattackBlue_UL_090_":{"x":-246.5,"y":188,"width":493,"height":376},"juzhongattackBlue_UL_093_":{"x":-246.5,"y":188,"width":493,"height":376},"juzhongattackBlue_UL_096_":{"x":-246.5,"y":188,"width":493,"height":376},"juzhongattackBlue_UL_099_":{"x":-246.5,"y":188,"width":493,"height":376},"juzhongattackBlue_UL_100_":{"x":-246.5,"y":188,"width":493,"height":376}},"juzhongattackBlue_UR_":{"juzhongattackBlue_UR_000_":{"x":273.5,"y":188,"width":547,"height":376},"juzhongattackBlue_UR_003_":{"x":273.5,"y":188,"width":547,"height":376},"juzhongattackBlue_UR_006_":{"x":273.5,"y":188,"width":547,"height":376},"juzhongattackBlue_UR_009_":{"x":273.5,"y":188,"width":547,"height":376},"juzhongattackBlue_UR_012_":{"x":273.5,"y":188,"width":547,"height":376},"juzhongattackBlue_UR_015_":{"x":273.5,"y":188,"width":547,"height":376},"juzhongattackBlue_UR_018_":{"x":273.5,"y":188,"width":547,"height":376},"juzhongattackBlue_UR_021_":{"x":273.5,"y":188,"width":547,"height":376},"juzhongattackBlue_UR_024_":{"x":273.5,"y":188,"width":547,"height":376},"juzhongattackBlue_UR_027_":{"x":273.5,"y":188,"width":547,"height":376},"juzhongattackBlue_UR_030_":{"x":273.5,"y":188,"width":547,"height":376},"juzhongattackBlue_UR_033_":{"x":273.5,"y":188,"width":547,"height":376},"juzhongattackBlue_UR_036_":{"x":273.5,"y":188,"width":547,"height":376},"juzhongattackBlue_UR_039_":{"x":273.5,"y":188,"width":547,"height":376},"juzhongattackBlue_UR_042_":{"x":273.5,"y":188,"width":547,"height":376},"juzhongattackBlue_UR_045_":{"x":273.5,"y":188,"width":547,"height":376},"juzhongattackBlue_UR_048_":{"x":273.5,"y":188,"width":547,"height":376},"juzhongattackBlue_UR_051_":{"x":273.5,"y":188,"width":547,"height":376},"juzhongattackBlue_UR_054_":{"x":273.5,"y":188,"width":547,"height":376},"juzhongattackBlue_UR_057_":{"x":273.5,"y":188,"width":547,"height":376},"juzhongattackBlue_UR_060_":{"x":273.5,"y":188,"width":547,"height":376},"juzhongattackBlue_UR_063_":{"x":273.5,"y":188,"width":547,"height":376},"juzhongattackBlue_UR_066_":{"x":273.5,"y":188,"width":547,"height":376},"juzhongattackBlue_UR_069_":{"x":273.5,"y":188,"width":547,"height":376},"juzhongattackBlue_UR_072_":{"x":273.5,"y":188,"width":547,"height":376},"juzhongattackBlue_UR_075_":{"x":273.5,"y":188,"width":547,"height":376},"juzhongattackBlue_UR_078_":{"x":273.5,"y":188,"width":547,"height":376},"juzhongattackBlue_UR_081_":{"x":273.5,"y":188,"width":547,"height":376},"juzhongattackBlue_UR_084_":{"x":273.5,"y":188,"width":547,"height":376},"juzhongattackBlue_UR_087_":{"x":273.5,"y":188,"width":547,"height":376},"juzhongattackBlue_UR_090_":{"x":273.5,"y":188,"width":547,"height":376},"juzhongattackBlue_UR_093_":{"x":273.5,"y":188,"width":547,"height":376},"juzhongattackBlue_UR_096_":{"x":273.5,"y":188,"width":547,"height":376},"juzhongattackBlue_UR_099_":{"x":273.5,"y":188,"width":547,"height":376},"juzhongattackBlue_UR_100_":{"x":273.5,"y":188,"width":547,"height":376}}}},"animations":{"animation":{"slots":{"juzhongattackBlue_DL_":{"attachment":[{"time":0,"name":"juzhongattackBlue_DL_000_"},{"time":0.1,"name":"juzhongattackBlue_DL_003_"},{"time":0.2,"name":"juzhongattackBlue_DL_006_"},{"time":0.3,"name":"juzhongattackBlue_DL_009_"},{"time":0.4,"name":"juzhongattackBlue_DL_012_"},{"time":0.5,"name":"juzhongattackBlue_DL_015_"},{"time":0.6,"name":"juzhongattackBlue_DL_018_"},{"time":0.7,"name":"juzhongattackBlue_DL_021_"},{"time":0.8,"name":"juzhongattackBlue_DL_024_"},{"time":0.9,"name":"juzhongattackBlue_DL_027_"},{"time":1,"name":"juzhongattackBlue_DL_030_"},{"time":1.1,"name":"juzhongattackBlue_DL_033_"},{"time":1.2,"name":"juzhongattackBlue_DL_036_"},{"time":1.3,"name":"juzhongattackBlue_DL_039_"},{"time":1.4,"name":"juzhongattackBlue_DL_042_"},{"time":1.5,"name":"juzhongattackBlue_DL_045_"},{"time":1.6,"name":"juzhongattackBlue_DL_048_"},{"time":1.7,"name":"juzhongattackBlue_DL_051_"},{"time":1.8,"name":"juzhongattackBlue_DL_054_"},{"time":1.9,"name":"juzhongattackBlue_DL_057_"},{"time":2,"name":"juzhongattackBlue_DL_060_"},{"time":2.1,"name":"juzhongattackBlue_DL_063_"},{"time":2.2,"name":"juzhongattackBlue_DL_066_"},{"time":2.3,"name":"juzhongattackBlue_DL_069_"},{"time":2.4,"name":"juzhongattackBlue_DL_072_"},{"time":2.5,"name":"juzhongattackBlue_DL_075_"},{"time":2.6,"name":"juzhongattackBlue_DL_078_"},{"time":2.7,"name":"juzhongattackBlue_DL_081_"},{"time":2.8,"name":"juzhongattackBlue_DL_084_"},{"time":2.9,"name":"juzhongattackBlue_DL_087_"},{"time":3,"name":"juzhongattackBlue_DL_090_"},{"time":3.1,"name":"juzhongattackBlue_DL_093_"},{"time":3.2,"name":"juzhongattackBlue_DL_096_"},{"time":3.3,"name":"juzhongattackBlue_DL_099_"},{"time":3.4,"name":"juzhongattackBlue_DL_100_"}]},"juzhongattackBlue_DR_":{"attachment":[{"time":0,"name":"juzhongattackBlue_DR_000_"},{"time":0.1,"name":"juzhongattackBlue_DR_003_"},{"time":0.2,"name":"juzhongattackBlue_DR_006_"},{"time":0.3,"name":"juzhongattackBlue_DR_009_"},{"time":0.4,"name":"juzhongattackBlue_DR_012_"},{"time":0.5,"name":"juzhongattackBlue_DR_015_"},{"time":0.6,"name":"juzhongattackBlue_DR_018_"},{"time":0.7,"name":"juzhongattackBlue_DR_021_"},{"time":0.8,"name":"juzhongattackBlue_DR_024_"},{"time":0.9,"name":"juzhongattackBlue_DR_027_"},{"time":1,"name":"juzhongattackBlue_DR_030_"},{"time":1.1,"name":"juzhongattackBlue_DR_033_"},{"time":1.2,"name":"juzhongattackBlue_DR_036_"},{"time":1.3,"name":"juzhongattackBlue_DR_039_"},{"time":1.4,"name":"juzhongattackBlue_DR_042_"},{"time":1.5,"name":"juzhongattackBlue_DR_045_"},{"time":1.6,"name":"juzhongattackBlue_DR_048_"},{"time":1.7,"name":"juzhongattackBlue_DR_051_"},{"time":1.8,"name":"juzhongattackBlue_DR_054_"},{"time":1.9,"name":"juzhongattackBlue_DR_057_"},{"time":2,"name":"juzhongattackBlue_DR_060_"},{"time":2.1,"name":"juzhongattackBlue_DR_063_"},{"time":2.2,"name":"juzhongattackBlue_DR_066_"},{"time":2.3,"name":"juzhongattackBlue_DR_069_"},{"time":2.4,"name":"juzhongattackBlue_DR_072_"},{"time":2.5,"name":"juzhongattackBlue_DR_075_"},{"time":2.6,"name":"juzhongattackBlue_DR_078_"},{"time":2.7,"name":"juzhongattackBlue_DR_081_"},{"time":2.8,"name":"juzhongattackBlue_DR_084_"},{"time":2.9,"name":"juzhongattackBlue_DR_087_"},{"time":3,"name":"juzhongattackBlue_DR_090_"},{"time":3.1,"name":"juzhongattackBlue_DR_093_"},{"time":3.2,"name":"juzhongattackBlue_DR_096_"},{"time":3.3,"name":"juzhongattackBlue_DR_099_"},{"time":3.4,"name":"juzhongattackBlue_DR_100_"}]},"juzhongattackBlue_UL_":{"attachment":[{"time":0,"name":"juzhongattackBlue_UL_000_"},{"time":0.1,"name":"juzhongattackBlue_UL_003_"},{"time":0.2,"name":"juzhongattackBlue_UL_006_"},{"time":0.3,"name":"juzhongattackBlue_UL_009_"},{"time":0.4,"name":"juzhongattackBlue_UL_012_"},{"time":0.5,"name":"juzhongattackBlue_UL_015_"},{"time":0.6,"name":"juzhongattackBlue_UL_018_"},{"time":0.7,"name":"juzhongattackBlue_UL_021_"},{"time":0.8,"name":"juzhongattackBlue_UL_024_"},{"time":0.9,"name":"juzhongattackBlue_UL_027_"},{"time":1,"name":"juzhongattackBlue_UL_030_"},{"time":1.1,"name":"juzhongattackBlue_UL_033_"},{"time":1.2,"name":"juzhongattackBlue_UL_036_"},{"time":1.3,"name":"juzhongattackBlue_UL_039_"},{"time":1.4,"name":"juzhongattackBlue_UL_042_"},{"time":1.5,"name":"juzhongattackBlue_UL_045_"},{"time":1.6,"name":"juzhongattackBlue_UL_048_"},{"time":1.7,"name":"juzhongattackBlue_UL_051_"},{"time":1.8,"name":"juzhongattackBlue_UL_054_"},{"time":1.9,"name":"juzhongattackBlue_UL_057_"},{"time":2,"name":"juzhongattackBlue_UL_060_"},{"time":2.1,"name":"juzhongattackBlue_UL_063_"},{"time":2.2,"name":"juzhongattackBlue_UL_066_"},{"time":2.3,"name":"juzhongattackBlue_UL_069_"},{"time":2.4,"name":"juzhongattackBlue_UL_072_"},{"time":2.5,"name":"juzhongattackBlue_UL_075_"},{"time":2.6,"name":"juzhongattackBlue_UL_078_"},{"time":2.7,"name":"juzhongattackBlue_UL_081_"},{"time":2.8,"name":"juzhongattackBlue_UL_084_"},{"time":2.9,"name":"juzhongattackBlue_UL_087_"},{"time":3,"name":"juzhongattackBlue_UL_090_"},{"time":3.1,"name":"juzhongattackBlue_UL_093_"},{"time":3.2,"name":"juzhongattackBlue_UL_096_"},{"time":3.3,"name":"juzhongattackBlue_UL_099_"},{"time":3.4,"name":"juzhongattackBlue_UL_100_"}]},"juzhongattackBlue_UR_":{"attachment":[{"time":0,"name":"juzhongattackBlue_UR_000_"},{"time":0.1,"name":"juzhongattackBlue_UR_003_"},{"time":0.2,"name":"juzhongattackBlue_UR_006_"},{"time":0.3,"name":"juzhongattackBlue_UR_009_"},{"time":0.4,"name":"juzhongattackBlue_UR_012_"},{"time":0.5,"name":"juzhongattackBlue_UR_015_"},{"time":0.6,"name":"juzhongattackBlue_UR_018_"},{"time":0.7,"name":"juzhongattackBlue_UR_021_"},{"time":0.8,"name":"juzhongattackBlue_UR_024_"},{"time":0.9,"name":"juzhongattackBlue_UR_027_"},{"time":1,"name":"juzhongattackBlue_UR_030_"},{"time":1.1,"name":"juzhongattackBlue_UR_033_"},{"time":1.2,"name":"juzhongattackBlue_UR_036_"},{"time":1.3,"name":"juzhongattackBlue_UR_039_"},{"time":1.4,"name":"juzhongattackBlue_UR_042_"},{"time":1.5,"name":"juzhongattackBlue_UR_045_"},{"time":1.6,"name":"juzhongattackBlue_UR_048_"},{"time":1.7,"name":"juzhongattackBlue_UR_051_"},{"time":1.8,"name":"juzhongattackBlue_UR_054_"},{"time":1.9,"name":"juzhongattackBlue_UR_057_"},{"time":2,"name":"juzhongattackBlue_UR_060_"},{"time":2.1,"name":"juzhongattackBlue_UR_063_"},{"time":2.2,"name":"juzhongattackBlue_UR_066_"},{"time":2.3,"name":"juzhongattackBlue_UR_069_"},{"time":2.4,"name":"juzhongattackBlue_UR_072_"},{"time":2.5,"name":"juzhongattackBlue_UR_075_"},{"time":2.6,"name":"juzhongattackBlue_UR_078_"},{"time":2.7,"name":"juzhongattackBlue_UR_081_"},{"time":2.8,"name":"juzhongattackBlue_UR_084_"},{"time":2.9,"name":"juzhongattackBlue_UR_087_"},{"time":3,"name":"juzhongattackBlue_UR_090_"},{"time":3.1,"name":"juzhongattackBlue_UR_093_"},{"time":3.2,"name":"juzhongattackBlue_UR_096_"},{"time":3.3,"name":"juzhongattackBlue_UR_099_"},{"time":3.4,"name":"juzhongattackBlue_UR_100_"}]}},"bones":{"ctr":{"translate":[{"time":0,"x":0,"y":65.03}]}}}}}