{"skeleton":{"hash":"PQk+5RmrYbICW8sSWmHhwyVApBM","spine":"3.7.94","width":0,"height":0,"images":"./images/","audio":"H:/COK项目/Spine工程/盲盒—运动系列Spine/盲盒—蓝色举重Spine/蓝色举重待机休闲_Spine/juzhong_idle_Blue_B"},"bones":[{"name":"root"},{"name":"ctr","parent":"root","scaleX":1.25,"scaleY":1.25},{"name":"juzhongidleBlue_UL_","parent":"ctr"},{"name":"juzhongidleBlue_UR_","parent":"ctr"},{"name":"juzhongidleBlue_DL_","parent":"ctr"},{"name":"juzhongidleBlue_DR_","parent":"ctr"}],"slots":[{"name":"juzhongidleBlue_UL_","bone":"juzhongidleBlue_UL_"},{"name":"juzhongidleBlue_UR_","bone":"juzhongidleBlue_UR_"},{"name":"juzhongidleBlue_DL_","bone":"juzhongidleBlue_DL_"},{"name":"juzhongidleBlue_DR_","bone":"juzhongidleBlue_DR_"}],"skins":{"default":{"juzhongidleBlue_DL_":{"juzhongidleBlue_DL_123_":{"x":-246.5,"y":-212,"width":493,"height":424},"juzhongidleBlue_DL_126_":{"x":-246.5,"y":-212,"width":493,"height":424},"juzhongidleBlue_DL_129_":{"x":-246.5,"y":-212,"width":493,"height":424},"juzhongidleBlue_DL_132_":{"x":-246.5,"y":-212,"width":493,"height":424},"juzhongidleBlue_DL_135_":{"x":-246.5,"y":-212,"width":493,"height":424},"juzhongidleBlue_DL_138_":{"x":-246.5,"y":-212,"width":493,"height":424},"juzhongidleBlue_DL_141_":{"x":-246.5,"y":-212,"width":493,"height":424},"juzhongidleBlue_DL_144_":{"x":-246.5,"y":-212,"width":493,"height":424},"juzhongidleBlue_DL_147_":{"x":-246.5,"y":-212,"width":493,"height":424},"juzhongidleBlue_DL_150_":{"x":-246.5,"y":-212,"width":493,"height":424},"juzhongidleBlue_DL_153_":{"x":-246.5,"y":-212,"width":493,"height":424},"juzhongidleBlue_DL_156_":{"x":-246.5,"y":-212,"width":493,"height":424},"juzhongidleBlue_DL_159_":{"x":-246.5,"y":-212,"width":493,"height":424},"juzhongidleBlue_DL_162_":{"x":-246.5,"y":-212,"width":493,"height":424},"juzhongidleBlue_DL_165_":{"x":-246.5,"y":-212,"width":493,"height":424},"juzhongidleBlue_DL_168_":{"x":-246.5,"y":-212,"width":493,"height":424},"juzhongidleBlue_DL_171_":{"x":-246.5,"y":-212,"width":493,"height":424},"juzhongidleBlue_DL_174_":{"x":-246.5,"y":-212,"width":493,"height":424},"juzhongidleBlue_DL_177_":{"x":-246.5,"y":-212,"width":493,"height":424},"juzhongidleBlue_DL_180_":{"x":-246.5,"y":-212,"width":493,"height":424},"juzhongidleBlue_DL_183_":{"x":-246.5,"y":-212,"width":493,"height":424},"juzhongidleBlue_DL_186_":{"x":-246.5,"y":-212,"width":493,"height":424},"juzhongidleBlue_DL_189_":{"x":-246.5,"y":-212,"width":493,"height":424},"juzhongidleBlue_DL_192_":{"x":-246.5,"y":-212,"width":493,"height":424},"juzhongidleBlue_DL_195_":{"x":-246.5,"y":-212,"width":493,"height":424},"juzhongidleBlue_DL_198_":{"x":-246.5,"y":-212,"width":493,"height":424},"juzhongidleBlue_DL_201_":{"x":-246.5,"y":-212,"width":493,"height":424},"juzhongidleBlue_DL_204_":{"x":-246.5,"y":-212,"width":493,"height":424},"juzhongidleBlue_DL_207_":{"x":-246.5,"y":-212,"width":493,"height":424},"juzhongidleBlue_DL_208_":{"x":-246.5,"y":-212,"width":493,"height":424},"juzhongidleBlue_DL_209_":{"x":-246.5,"y":-212,"width":493,"height":424}},"juzhongidleBlue_DR_":{"juzhongidleBlue_DR_123_":{"x":273.5,"y":-212,"width":547,"height":424},"juzhongidleBlue_DR_126_":{"x":273.5,"y":-212,"width":547,"height":424},"juzhongidleBlue_DR_129_":{"x":273.5,"y":-212,"width":547,"height":424},"juzhongidleBlue_DR_132_":{"x":273.5,"y":-212,"width":547,"height":424},"juzhongidleBlue_DR_135_":{"x":273.5,"y":-212,"width":547,"height":424},"juzhongidleBlue_DR_138_":{"x":273.5,"y":-212,"width":547,"height":424},"juzhongidleBlue_DR_141_":{"x":273.5,"y":-212,"width":547,"height":424},"juzhongidleBlue_DR_144_":{"x":273.5,"y":-212,"width":547,"height":424},"juzhongidleBlue_DR_147_":{"x":273.5,"y":-212,"width":547,"height":424},"juzhongidleBlue_DR_150_":{"x":273.5,"y":-212,"width":547,"height":424},"juzhongidleBlue_DR_153_":{"x":273.5,"y":-212,"width":547,"height":424},"juzhongidleBlue_DR_156_":{"x":273.5,"y":-212,"width":547,"height":424},"juzhongidleBlue_DR_159_":{"x":273.5,"y":-212,"width":547,"height":424},"juzhongidleBlue_DR_162_":{"x":273.5,"y":-212,"width":547,"height":424},"juzhongidleBlue_DR_165_":{"x":273.5,"y":-212,"width":547,"height":424},"juzhongidleBlue_DR_168_":{"x":273.5,"y":-212,"width":547,"height":424},"juzhongidleBlue_DR_171_":{"x":273.5,"y":-212,"width":547,"height":424},"juzhongidleBlue_DR_174_":{"x":273.5,"y":-212,"width":547,"height":424},"juzhongidleBlue_DR_177_":{"x":273.5,"y":-212,"width":547,"height":424},"juzhongidleBlue_DR_180_":{"x":273.5,"y":-212,"width":547,"height":424},"juzhongidleBlue_DR_183_":{"x":273.5,"y":-212,"width":547,"height":424},"juzhongidleBlue_DR_186_":{"x":273.5,"y":-212,"width":547,"height":424},"juzhongidleBlue_DR_189_":{"x":273.5,"y":-212,"width":547,"height":424},"juzhongidleBlue_DR_192_":{"x":273.5,"y":-212,"width":547,"height":424},"juzhongidleBlue_DR_195_":{"x":273.5,"y":-212,"width":547,"height":424},"juzhongidleBlue_DR_198_":{"x":273.5,"y":-212,"width":547,"height":424},"juzhongidleBlue_DR_201_":{"x":273.5,"y":-212,"width":547,"height":424},"juzhongidleBlue_DR_204_":{"x":273.5,"y":-212,"width":547,"height":424},"juzhongidleBlue_DR_207_":{"x":273.5,"y":-212,"width":547,"height":424},"juzhongidleBlue_DR_208_":{"x":273.5,"y":-212,"width":547,"height":424},"juzhongidleBlue_DR_209_":{"x":273.5,"y":-212,"width":547,"height":424}},"juzhongidleBlue_UL_":{"juzhongidleBlue_UL_123_":{"x":-246.5,"y":188,"width":493,"height":376},"juzhongidleBlue_UL_126_":{"x":-246.5,"y":188,"width":493,"height":376},"juzhongidleBlue_UL_129_":{"x":-246.5,"y":188,"width":493,"height":376},"juzhongidleBlue_UL_132_":{"x":-246.5,"y":188,"width":493,"height":376},"juzhongidleBlue_UL_135_":{"x":-246.5,"y":188,"width":493,"height":376},"juzhongidleBlue_UL_138_":{"x":-246.5,"y":188,"width":493,"height":376},"juzhongidleBlue_UL_141_":{"x":-246.5,"y":188,"width":493,"height":376},"juzhongidleBlue_UL_144_":{"x":-246.5,"y":188,"width":493,"height":376},"juzhongidleBlue_UL_147_":{"x":-246.5,"y":188,"width":493,"height":376},"juzhongidleBlue_UL_150_":{"x":-246.5,"y":188,"width":493,"height":376},"juzhongidleBlue_UL_153_":{"x":-246.5,"y":188,"width":493,"height":376},"juzhongidleBlue_UL_156_":{"x":-246.5,"y":188,"width":493,"height":376},"juzhongidleBlue_UL_159_":{"x":-246.5,"y":188,"width":493,"height":376},"juzhongidleBlue_UL_162_":{"x":-246.5,"y":188,"width":493,"height":376},"juzhongidleBlue_UL_165_":{"x":-246.5,"y":188,"width":493,"height":376},"juzhongidleBlue_UL_168_":{"x":-246.5,"y":188,"width":493,"height":376},"juzhongidleBlue_UL_171_":{"x":-246.5,"y":188,"width":493,"height":376},"juzhongidleBlue_UL_174_":{"x":-246.5,"y":188,"width":493,"height":376},"juzhongidleBlue_UL_177_":{"x":-246.5,"y":188,"width":493,"height":376},"juzhongidleBlue_UL_180_":{"x":-246.5,"y":188,"width":493,"height":376},"juzhongidleBlue_UL_183_":{"x":-246.5,"y":188,"width":493,"height":376},"juzhongidleBlue_UL_186_":{"x":-246.5,"y":188,"width":493,"height":376},"juzhongidleBlue_UL_189_":{"x":-246.5,"y":188,"width":493,"height":376},"juzhongidleBlue_UL_192_":{"x":-246.5,"y":188,"width":493,"height":376},"juzhongidleBlue_UL_195_":{"x":-246.5,"y":188,"width":493,"height":376},"juzhongidleBlue_UL_198_":{"x":-246.5,"y":188,"width":493,"height":376},"juzhongidleBlue_UL_201_":{"x":-246.5,"y":188,"width":493,"height":376},"juzhongidleBlue_UL_204_":{"x":-246.5,"y":188,"width":493,"height":376},"juzhongidleBlue_UL_207_":{"x":-246.5,"y":188,"width":493,"height":376},"juzhongidleBlue_UL_208_":{"x":-246.5,"y":188,"width":493,"height":376},"juzhongidleBlue_UL_209_":{"x":-246.5,"y":188,"width":493,"height":376}},"juzhongidleBlue_UR_":{"juzhongidleBlue_UR_123_":{"x":273.5,"y":188,"width":547,"height":376},"juzhongidleBlue_UR_126_":{"x":273.5,"y":188,"width":547,"height":376},"juzhongidleBlue_UR_129_":{"x":273.5,"y":188,"width":547,"height":376},"juzhongidleBlue_UR_132_":{"x":273.5,"y":188,"width":547,"height":376},"juzhongidleBlue_UR_135_":{"x":273.5,"y":188,"width":547,"height":376},"juzhongidleBlue_UR_138_":{"x":273.5,"y":188,"width":547,"height":376},"juzhongidleBlue_UR_141_":{"x":273.5,"y":188,"width":547,"height":376},"juzhongidleBlue_UR_144_":{"x":273.5,"y":188,"width":547,"height":376},"juzhongidleBlue_UR_147_":{"x":273.5,"y":188,"width":547,"height":376},"juzhongidleBlue_UR_150_":{"x":273.5,"y":188,"width":547,"height":376},"juzhongidleBlue_UR_153_":{"x":273.5,"y":188,"width":547,"height":376},"juzhongidleBlue_UR_156_":{"x":273.5,"y":188,"width":547,"height":376},"juzhongidleBlue_UR_159_":{"x":273.5,"y":188,"width":547,"height":376},"juzhongidleBlue_UR_162_":{"x":273.5,"y":188,"width":547,"height":376},"juzhongidleBlue_UR_165_":{"x":273.5,"y":188,"width":547,"height":376},"juzhongidleBlue_UR_168_":{"x":273.5,"y":188,"width":547,"height":376},"juzhongidleBlue_UR_171_":{"x":273.5,"y":188,"width":547,"height":376},"juzhongidleBlue_UR_174_":{"x":273.5,"y":188,"width":547,"height":376},"juzhongidleBlue_UR_177_":{"x":273.5,"y":188,"width":547,"height":376},"juzhongidleBlue_UR_180_":{"x":273.5,"y":188,"width":547,"height":376},"juzhongidleBlue_UR_183_":{"x":273.5,"y":188,"width":547,"height":376},"juzhongidleBlue_UR_186_":{"x":273.5,"y":188,"width":547,"height":376},"juzhongidleBlue_UR_189_":{"x":273.5,"y":188,"width":547,"height":376},"juzhongidleBlue_UR_192_":{"x":273.5,"y":188,"width":547,"height":376},"juzhongidleBlue_UR_195_":{"x":273.5,"y":188,"width":547,"height":376},"juzhongidleBlue_UR_198_":{"x":273.5,"y":188,"width":547,"height":376},"juzhongidleBlue_UR_201_":{"x":273.5,"y":188,"width":547,"height":376},"juzhongidleBlue_UR_204_":{"x":273.5,"y":188,"width":547,"height":376},"juzhongidleBlue_UR_207_":{"x":273.5,"y":188,"width":547,"height":376},"juzhongidleBlue_UR_208_":{"x":273.5,"y":188,"width":547,"height":376},"juzhongidleBlue_UR_209_":{"x":273.5,"y":188,"width":547,"height":376}}}},"animations":{"animation":{"slots":{"juzhongidleBlue_DL_":{"attachment":[{"time":4.1,"name":"juzhongidleBlue_DL_123_"},{"time":4.2,"name":"juzhongidleBlue_DL_126_"},{"time":4.3,"name":"juzhongidleBlue_DL_129_"},{"time":4.4,"name":"juzhongidleBlue_DL_132_"},{"time":4.5,"name":"juzhongidleBlue_DL_135_"},{"time":4.6,"name":"juzhongidleBlue_DL_138_"},{"time":4.7,"name":"juzhongidleBlue_DL_141_"},{"time":4.8,"name":"juzhongidleBlue_DL_144_"},{"time":4.9,"name":"juzhongidleBlue_DL_147_"},{"time":5,"name":"juzhongidleBlue_DL_150_"},{"time":5.1,"name":"juzhongidleBlue_DL_153_"},{"time":5.2,"name":"juzhongidleBlue_DL_156_"},{"time":5.3,"name":"juzhongidleBlue_DL_159_"},{"time":5.4,"name":"juzhongidleBlue_DL_162_"},{"time":5.5,"name":"juzhongidleBlue_DL_165_"},{"time":5.6,"name":"juzhongidleBlue_DL_168_"},{"time":5.7,"name":"juzhongidleBlue_DL_171_"},{"time":5.8,"name":"juzhongidleBlue_DL_174_"},{"time":5.9,"name":"juzhongidleBlue_DL_177_"},{"time":6,"name":"juzhongidleBlue_DL_180_"},{"time":6.1,"name":"juzhongidleBlue_DL_183_"},{"time":6.2,"name":"juzhongidleBlue_DL_186_"},{"time":6.3,"name":"juzhongidleBlue_DL_189_"},{"time":6.4,"name":"juzhongidleBlue_DL_192_"},{"time":6.5,"name":"juzhongidleBlue_DL_195_"},{"time":6.6,"name":"juzhongidleBlue_DL_198_"},{"time":6.7,"name":"juzhongidleBlue_DL_201_"},{"time":6.8,"name":"juzhongidleBlue_DL_204_"},{"time":6.9,"name":"juzhongidleBlue_DL_207_"},{"time":7,"name":"juzhongidleBlue_DL_208_"},{"time":7.1,"name":"juzhongidleBlue_DL_209_"}]},"juzhongidleBlue_DR_":{"attachment":[{"time":4.1,"name":"juzhongidleBlue_DR_123_"},{"time":4.2,"name":"juzhongidleBlue_DR_126_"},{"time":4.3,"name":"juzhongidleBlue_DR_129_"},{"time":4.4,"name":"juzhongidleBlue_DR_132_"},{"time":4.5,"name":"juzhongidleBlue_DR_135_"},{"time":4.6,"name":"juzhongidleBlue_DR_138_"},{"time":4.7,"name":"juzhongidleBlue_DR_141_"},{"time":4.8,"name":"juzhongidleBlue_DR_144_"},{"time":4.9,"name":"juzhongidleBlue_DR_147_"},{"time":5,"name":"juzhongidleBlue_DR_150_"},{"time":5.1,"name":"juzhongidleBlue_DR_153_"},{"time":5.2,"name":"juzhongidleBlue_DR_156_"},{"time":5.3,"name":"juzhongidleBlue_DR_159_"},{"time":5.4,"name":"juzhongidleBlue_DR_162_"},{"time":5.5,"name":"juzhongidleBlue_DR_165_"},{"time":5.6,"name":"juzhongidleBlue_DR_168_"},{"time":5.7,"name":"juzhongidleBlue_DR_171_"},{"time":5.8,"name":"juzhongidleBlue_DR_174_"},{"time":5.9,"name":"juzhongidleBlue_DR_177_"},{"time":6,"name":"juzhongidleBlue_DR_180_"},{"time":6.1,"name":"juzhongidleBlue_DR_183_"},{"time":6.2,"name":"juzhongidleBlue_DR_186_"},{"time":6.3,"name":"juzhongidleBlue_DR_189_"},{"time":6.4,"name":"juzhongidleBlue_DR_192_"},{"time":6.5,"name":"juzhongidleBlue_DR_195_"},{"time":6.6,"name":"juzhongidleBlue_DR_198_"},{"time":6.7,"name":"juzhongidleBlue_DR_201_"},{"time":6.8,"name":"juzhongidleBlue_DR_204_"},{"time":6.9,"name":"juzhongidleBlue_DR_207_"},{"time":7,"name":"juzhongidleBlue_DR_208_"},{"time":7.1,"name":"juzhongidleBlue_DR_209_"}]},"juzhongidleBlue_UL_":{"attachment":[{"time":4.1,"name":"juzhongidleBlue_UL_123_"},{"time":4.2,"name":"juzhongidleBlue_UL_126_"},{"time":4.3,"name":"juzhongidleBlue_UL_129_"},{"time":4.4,"name":"juzhongidleBlue_UL_132_"},{"time":4.5,"name":"juzhongidleBlue_UL_135_"},{"time":4.6,"name":"juzhongidleBlue_UL_138_"},{"time":4.7,"name":"juzhongidleBlue_UL_141_"},{"time":4.8,"name":"juzhongidleBlue_UL_144_"},{"time":4.9,"name":"juzhongidleBlue_UL_147_"},{"time":5,"name":"juzhongidleBlue_UL_150_"},{"time":5.1,"name":"juzhongidleBlue_UL_153_"},{"time":5.2,"name":"juzhongidleBlue_UL_156_"},{"time":5.3,"name":"juzhongidleBlue_UL_159_"},{"time":5.4,"name":"juzhongidleBlue_UL_162_"},{"time":5.5,"name":"juzhongidleBlue_UL_165_"},{"time":5.6,"name":"juzhongidleBlue_UL_168_"},{"time":5.7,"name":"juzhongidleBlue_UL_171_"},{"time":5.8,"name":"juzhongidleBlue_UL_174_"},{"time":5.9,"name":"juzhongidleBlue_UL_177_"},{"time":6,"name":"juzhongidleBlue_UL_180_"},{"time":6.1,"name":"juzhongidleBlue_UL_183_"},{"time":6.2,"name":"juzhongidleBlue_UL_186_"},{"time":6.3,"name":"juzhongidleBlue_UL_189_"},{"time":6.4,"name":"juzhongidleBlue_UL_192_"},{"time":6.5,"name":"juzhongidleBlue_UL_195_"},{"time":6.6,"name":"juzhongidleBlue_UL_198_"},{"time":6.7,"name":"juzhongidleBlue_UL_201_"},{"time":6.8,"name":"juzhongidleBlue_UL_204_"},{"time":6.9,"name":"juzhongidleBlue_UL_207_"},{"time":7,"name":"juzhongidleBlue_UL_208_"},{"time":7.1,"name":"juzhongidleBlue_UL_209_"}]},"juzhongidleBlue_UR_":{"attachment":[{"time":4.1,"name":"juzhongidleBlue_UR_123_"},{"time":4.2,"name":"juzhongidleBlue_UR_126_"},{"time":4.3,"name":"juzhongidleBlue_UR_129_"},{"time":4.4,"name":"juzhongidleBlue_UR_132_"},{"time":4.5,"name":"juzhongidleBlue_UR_135_"},{"time":4.6,"name":"juzhongidleBlue_UR_138_"},{"time":4.7,"name":"juzhongidleBlue_UR_141_"},{"time":4.8,"name":"juzhongidleBlue_UR_144_"},{"time":4.9,"name":"juzhongidleBlue_UR_147_"},{"time":5,"name":"juzhongidleBlue_UR_150_"},{"time":5.1,"name":"juzhongidleBlue_UR_153_"},{"time":5.2,"name":"juzhongidleBlue_UR_156_"},{"time":5.3,"name":"juzhongidleBlue_UR_159_"},{"time":5.4,"name":"juzhongidleBlue_UR_162_"},{"time":5.5,"name":"juzhongidleBlue_UR_165_"},{"time":5.6,"name":"juzhongidleBlue_UR_168_"},{"time":5.7,"name":"juzhongidleBlue_UR_171_"},{"time":5.8,"name":"juzhongidleBlue_UR_174_"},{"time":5.9,"name":"juzhongidleBlue_UR_177_"},{"time":6,"name":"juzhongidleBlue_UR_180_"},{"time":6.1,"name":"juzhongidleBlue_UR_183_"},{"time":6.2,"name":"juzhongidleBlue_UR_186_"},{"time":6.3,"name":"juzhongidleBlue_UR_189_"},{"time":6.4,"name":"juzhongidleBlue_UR_192_"},{"time":6.5,"name":"juzhongidleBlue_UR_195_"},{"time":6.6,"name":"juzhongidleBlue_UR_198_"},{"time":6.7,"name":"juzhongidleBlue_UR_201_"},{"time":6.8,"name":"juzhongidleBlue_UR_204_"},{"time":6.9,"name":"juzhongidleBlue_UR_207_"},{"time":7,"name":"juzhongidleBlue_UR_208_"},{"time":7.1,"name":"juzhongidleBlue_UR_209_"}]}},"bones":{"ctr":{"translate":[{"time":0,"x":0,"y":66}]}}}}}