{
"skeleton": { "hash": "PvSdMWRDHt7bokWMqSk66DBeJtk", "spine": "3.7.94", "width": 0, "height": 0, "images": "./images/", "audio": "D:/WORK/COK/皮肤特效/精灵王/精灵王低级SPINE/低级攻击_group/JLWDJgj_A" },
"bones": [
	{ "name": "root" },
	{ "name": "ctr", "parent": "root", "x": -65, "y": 151, "scaleX": 1.25, "scaleY": 1.25 },
	{ "name": "JLWDJgj_UL_", "parent": "ctr" },
	{ "name": "JLWDJgj_UR_", "parent": "ctr" },
	{ "name": "JLWDJgj_DL_", "parent": "ctr" },
	{ "name": "JLWDJgj_DR_", "parent": "ctr" }
],
"slots": [
	{ "name": "JLWDJgj_UL_", "bone": "JLWDJgj_UL_" },
	{ "name": "JLWDJgj_UR_", "bone": "JLWDJgj_UR_" },
	{ "name": "JLWDJgj_DL_", "bone": "JLWDJgj_DL_" },
	{ "name": "JLWDJgj_DR_", "bone": "JLWDJgj_DR_" }
],
"skins": {
	"default": {
		"JLWDJgj_DL_": {
			"JLWDJgj_DL_00160_": { "x": -293, "y": -363, "width": 586, "height": 726 },
			"JLWDJgj_DL_00163_": { "x": -293, "y": -363, "width": 586, "height": 726 },
			"JLWDJgj_DL_00166_": { "x": -293, "y": -363, "width": 586, "height": 726 },
			"JLWDJgj_DL_00169_": { "x": -293, "y": -363, "width": 586, "height": 726 },
			"JLWDJgj_DL_00172_": { "x": -293, "y": -363, "width": 586, "height": 726 },
			"JLWDJgj_DL_00175_": { "x": -293, "y": -363, "width": 586, "height": 726 },
			"JLWDJgj_DL_00178_": { "x": -293, "y": -363, "width": 586, "height": 726 },
			"JLWDJgj_DL_00181_": { "x": -293, "y": -363, "width": 586, "height": 726 },
			"JLWDJgj_DL_00184_": { "x": -293, "y": -363, "width": 586, "height": 726 },
			"JLWDJgj_DL_00187_": { "x": -293, "y": -363, "width": 586, "height": 726 },
			"JLWDJgj_DL_00190_": { "x": -293, "y": -363, "width": 586, "height": 726 },
			"JLWDJgj_DL_00193_": { "x": -293, "y": -363, "width": 586, "height": 726 },
			"JLWDJgj_DL_00196_": { "x": -293, "y": -363, "width": 586, "height": 726 },
			"JLWDJgj_DL_00199_": { "x": -293, "y": -363, "width": 586, "height": 726 },
			"JLWDJgj_DL_00202_": { "x": -293, "y": -363, "width": 586, "height": 726 },
			"JLWDJgj_DL_00205_": { "x": -293, "y": -363, "width": 586, "height": 726 },
			"JLWDJgj_DL_00208_": { "x": -293, "y": -363, "width": 586, "height": 726 },
			"JLWDJgj_DL_00211_": { "x": -293, "y": -363, "width": 586, "height": 726 }
		},
		"JLWDJgj_DR_": {
			"JLWDJgj_DR_00160_": { "x": 392.5, "y": -363, "width": 785, "height": 726 },
			"JLWDJgj_DR_00163_": { "x": 392.5, "y": -363, "width": 785, "height": 726 },
			"JLWDJgj_DR_00166_": { "x": 392.5, "y": -363, "width": 785, "height": 726 },
			"JLWDJgj_DR_00169_": { "x": 392.5, "y": -363, "width": 785, "height": 726 },
			"JLWDJgj_DR_00172_": { "x": 392.5, "y": -363, "width": 785, "height": 726 },
			"JLWDJgj_DR_00175_": { "x": 392.5, "y": -363, "width": 785, "height": 726 },
			"JLWDJgj_DR_00178_": { "x": 392.5, "y": -363, "width": 785, "height": 726 },
			"JLWDJgj_DR_00181_": { "x": 392.5, "y": -363, "width": 785, "height": 726 },
			"JLWDJgj_DR_00184_": { "x": 392.5, "y": -363, "width": 785, "height": 726 },
			"JLWDJgj_DR_00187_": { "x": 392.5, "y": -363, "width": 785, "height": 726 },
			"JLWDJgj_DR_00190_": { "x": 392.5, "y": -363, "width": 785, "height": 726 },
			"JLWDJgj_DR_00193_": { "x": 392.5, "y": -363, "width": 785, "height": 726 },
			"JLWDJgj_DR_00196_": { "x": 392.5, "y": -363, "width": 785, "height": 726 },
			"JLWDJgj_DR_00199_": { "x": 392.5, "y": -363, "width": 785, "height": 726 },
			"JLWDJgj_DR_00202_": { "x": 392.5, "y": -363, "width": 785, "height": 726 },
			"JLWDJgj_DR_00205_": { "x": 392.5, "y": -363, "width": 785, "height": 726 },
			"JLWDJgj_DR_00208_": { "x": 392.5, "y": -363, "width": 785, "height": 726 },
			"JLWDJgj_DR_00211_": { "x": 392.5, "y": -363, "width": 785, "height": 726 }
		},
		"JLWDJgj_UL_": {
			"JLWDJgj_UL_00160_": { "x": -293, "y": 375, "width": 586, "height": 750 },
			"JLWDJgj_UL_00163_": { "x": -293, "y": 375, "width": 586, "height": 750 },
			"JLWDJgj_UL_00166_": { "x": -293, "y": 375, "width": 586, "height": 750 },
			"JLWDJgj_UL_00169_": { "x": -293, "y": 375, "width": 586, "height": 750 },
			"JLWDJgj_UL_00172_": { "x": -293, "y": 375, "width": 586, "height": 750 },
			"JLWDJgj_UL_00175_": { "x": -293, "y": 375, "width": 586, "height": 750 },
			"JLWDJgj_UL_00178_": { "x": -293, "y": 375, "width": 586, "height": 750 },
			"JLWDJgj_UL_00181_": { "x": -293, "y": 375, "width": 586, "height": 750 },
			"JLWDJgj_UL_00184_": { "x": -293, "y": 375, "width": 586, "height": 750 },
			"JLWDJgj_UL_00187_": { "x": -293, "y": 375, "width": 586, "height": 750 },
			"JLWDJgj_UL_00190_": { "x": -293, "y": 375, "width": 586, "height": 750 },
			"JLWDJgj_UL_00193_": { "x": -293, "y": 375, "width": 586, "height": 750 },
			"JLWDJgj_UL_00196_": { "x": -293, "y": 375, "width": 586, "height": 750 },
			"JLWDJgj_UL_00199_": { "x": -293, "y": 375, "width": 586, "height": 750 },
			"JLWDJgj_UL_00202_": { "x": -293, "y": 375, "width": 586, "height": 750 },
			"JLWDJgj_UL_00205_": { "x": -293, "y": 375, "width": 586, "height": 750 },
			"JLWDJgj_UL_00208_": { "x": -293, "y": 375, "width": 586, "height": 750 },
			"JLWDJgj_UL_00211_": { "x": -293, "y": 375, "width": 586, "height": 750 }
		},
		"JLWDJgj_UR_": {
			"JLWDJgj_UR_00160_": { "x": 392.5, "y": 375, "width": 785, "height": 750 },
			"JLWDJgj_UR_00163_": { "x": 392.5, "y": 375, "width": 785, "height": 750 },
			"JLWDJgj_UR_00166_": { "x": 392.5, "y": 375, "width": 785, "height": 750 },
			"JLWDJgj_UR_00169_": { "x": 392.5, "y": 375, "width": 785, "height": 750 },
			"JLWDJgj_UR_00172_": { "x": 392.5, "y": 375, "width": 785, "height": 750 },
			"JLWDJgj_UR_00175_": { "x": 392.5, "y": 375, "width": 785, "height": 750 },
			"JLWDJgj_UR_00178_": { "x": 392.5, "y": 375, "width": 785, "height": 750 },
			"JLWDJgj_UR_00181_": { "x": 392.5, "y": 375, "width": 785, "height": 750 },
			"JLWDJgj_UR_00184_": { "x": 392.5, "y": 375, "width": 785, "height": 750 },
			"JLWDJgj_UR_00187_": { "x": 392.5, "y": 375, "width": 785, "height": 750 },
			"JLWDJgj_UR_00190_": { "x": 392.5, "y": 375, "width": 785, "height": 750 },
			"JLWDJgj_UR_00193_": { "x": 392.5, "y": 375, "width": 785, "height": 750 },
			"JLWDJgj_UR_00196_": { "x": 392.5, "y": 375, "width": 785, "height": 750 },
			"JLWDJgj_UR_00199_": { "x": 392.5, "y": 375, "width": 785, "height": 750 },
			"JLWDJgj_UR_00202_": { "x": 392.5, "y": 375, "width": 785, "height": 750 },
			"JLWDJgj_UR_00205_": { "x": 392.5, "y": 375, "width": 785, "height": 750 },
			"JLWDJgj_UR_00208_": { "x": 392.5, "y": 375, "width": 785, "height": 750 },
			"JLWDJgj_UR_00211_": { "x": 392.5, "y": 375, "width": 785, "height": 750 }
		}
	}
},
"animations": {
	"animation": {
		"slots": {
			"JLWDJgj_DL_": {
				"attachment": [
					{ "time": 0, "name": "JLWDJgj_DL_00160_" },
					{ "time": 0.1, "name": "JLWDJgj_DL_00163_" },
					{ "time": 0.2, "name": "JLWDJgj_DL_00166_" },
					{ "time": 0.3, "name": "JLWDJgj_DL_00169_" },
					{ "time": 0.4, "name": "JLWDJgj_DL_00172_" },
					{ "time": 0.5, "name": "JLWDJgj_DL_00175_" },
					{ "time": 0.6, "name": "JLWDJgj_DL_00178_" },
					{ "time": 0.7, "name": "JLWDJgj_DL_00181_" },
					{ "time": 0.8, "name": "JLWDJgj_DL_00184_" },
					{ "time": 0.9, "name": "JLWDJgj_DL_00187_" },
					{ "time": 1, "name": "JLWDJgj_DL_00190_" },
					{ "time": 1.1, "name": "JLWDJgj_DL_00193_" },
					{ "time": 1.2, "name": "JLWDJgj_DL_00196_" },
					{ "time": 1.3, "name": "JLWDJgj_DL_00199_" },
					{ "time": 1.4, "name": "JLWDJgj_DL_00202_" },
					{ "time": 1.5, "name": "JLWDJgj_DL_00205_" },
					{ "time": 1.6, "name": "JLWDJgj_DL_00208_" },
					{ "time": 1.7, "name": "JLWDJgj_DL_00211_" },
					{ "time": 1.8, "name": null },
					{ "time": 3, "name": null }
				]
			},
			"JLWDJgj_DR_": {
				"attachment": [
					{ "time": 0, "name": "JLWDJgj_DR_00160_" },
					{ "time": 0.1, "name": "JLWDJgj_DR_00163_" },
					{ "time": 0.2, "name": "JLWDJgj_DR_00166_" },
					{ "time": 0.3, "name": "JLWDJgj_DR_00169_" },
					{ "time": 0.4, "name": "JLWDJgj_DR_00172_" },
					{ "time": 0.5, "name": "JLWDJgj_DR_00175_" },
					{ "time": 0.6, "name": "JLWDJgj_DR_00178_" },
					{ "time": 0.7, "name": "JLWDJgj_DR_00181_" },
					{ "time": 0.8, "name": "JLWDJgj_DR_00184_" },
					{ "time": 0.9, "name": "JLWDJgj_DR_00187_" },
					{ "time": 1, "name": "JLWDJgj_DR_00190_" },
					{ "time": 1.1, "name": "JLWDJgj_DR_00193_" },
					{ "time": 1.2, "name": "JLWDJgj_DR_00196_" },
					{ "time": 1.3, "name": "JLWDJgj_DR_00199_" },
					{ "time": 1.4, "name": "JLWDJgj_DR_00202_" },
					{ "time": 1.5, "name": "JLWDJgj_DR_00205_" },
					{ "time": 1.6, "name": "JLWDJgj_DR_00208_" },
					{ "time": 1.7, "name": "JLWDJgj_DR_00211_" },
					{ "time": 1.8, "name": null },
					{ "time": 3, "name": null }
				]
			},
			"JLWDJgj_UL_": {
				"attachment": [
					{ "time": 0, "name": "JLWDJgj_UL_00160_" },
					{ "time": 0.1, "name": "JLWDJgj_UL_00163_" },
					{ "time": 0.2, "name": "JLWDJgj_UL_00166_" },
					{ "time": 0.3, "name": "JLWDJgj_UL_00169_" },
					{ "time": 0.4, "name": "JLWDJgj_UL_00172_" },
					{ "time": 0.5, "name": "JLWDJgj_UL_00175_" },
					{ "time": 0.6, "name": "JLWDJgj_UL_00178_" },
					{ "time": 0.7, "name": "JLWDJgj_UL_00181_" },
					{ "time": 0.8, "name": "JLWDJgj_UL_00184_" },
					{ "time": 0.9, "name": "JLWDJgj_UL_00187_" },
					{ "time": 1, "name": "JLWDJgj_UL_00190_" },
					{ "time": 1.1, "name": "JLWDJgj_UL_00193_" },
					{ "time": 1.2, "name": "JLWDJgj_UL_00196_" },
					{ "time": 1.3, "name": "JLWDJgj_UL_00199_" },
					{ "time": 1.4, "name": "JLWDJgj_UL_00202_" },
					{ "time": 1.5, "name": "JLWDJgj_UL_00205_" },
					{ "time": 1.6, "name": "JLWDJgj_UL_00208_" },
					{ "time": 1.7, "name": "JLWDJgj_UL_00211_" },
					{ "time": 1.8, "name": null },
					{ "time": 3, "name": null }
				]
			},
			"JLWDJgj_UR_": {
				"attachment": [
					{ "time": 0, "name": "JLWDJgj_UR_00160_" },
					{ "time": 0.1, "name": "JLWDJgj_UR_00163_" },
					{ "time": 0.2, "name": "JLWDJgj_UR_00166_" },
					{ "time": 0.3, "name": "JLWDJgj_UR_00169_" },
					{ "time": 0.4, "name": "JLWDJgj_UR_00172_" },
					{ "time": 0.5, "name": "JLWDJgj_UR_00175_" },
					{ "time": 0.6, "name": "JLWDJgj_UR_00178_" },
					{ "time": 0.7, "name": "JLWDJgj_UR_00181_" },
					{ "time": 0.8, "name": "JLWDJgj_UR_00184_" },
					{ "time": 0.9, "name": "JLWDJgj_UR_00187_" },
					{ "time": 1, "name": "JLWDJgj_UR_00190_" },
					{ "time": 1.1, "name": "JLWDJgj_UR_00193_" },
					{ "time": 1.2, "name": "JLWDJgj_UR_00196_" },
					{ "time": 1.3, "name": "JLWDJgj_UR_00199_" },
					{ "time": 1.4, "name": "JLWDJgj_UR_00202_" },
					{ "time": 1.5, "name": "JLWDJgj_UR_00205_" },
					{ "time": 1.6, "name": "JLWDJgj_UR_00208_" },
					{ "time": 1.7, "name": "JLWDJgj_UR_00211_" },
					{ "time": 1.8, "name": null },
					{ "time": 3, "name": null }
				]
			}
		},
		"bones": {
			"ctr": {
				"translate": [
					{ "time": 0, "x": 0, "y": 0 }
				]
			}
		}
	}
}
}