{
"skeleton": { "hash": "oqmioFQG6Lx67e+cNylf4zy5b08", "spine": "3.7.94", "width": 0, "height": 0, "images": "./images/", "audio": "F:/COK项目/Spine工程/翅膀—布甲灵蝶Spine/布甲灵蝶Spine" },
"bones": [
	{ "name": "root" },
	{ "name": "ctr", "parent": "root", "scaleX": 1.25, "scaleY": 1.25 },
	{ "name": "wingsbjld_UL_", "parent": "ctr" },
	{ "name": "wingsbjld_UR_", "parent": "ctr" },
	{ "name": "wingsbjld_DL_", "parent": "ctr" },
	{ "name": "wingsbjld_DR_", "parent": "ctr" },
	{ "name": "ctr2", "parent": "root", "scaleX": -1.25, "scaleY": 1.25 },
	{ "name": "wingsbjld_UL_2", "parent": "ctr2" },
	{ "name": "wingsbjld_UR_2", "parent": "ctr2" },
	{ "name": "wingsbjld_DL_2", "parent": "ctr2" },
	{ "name": "wingsbjld_DR_2", "parent": "ctr2" }
],
"slots": [
	{ "name": "wingsbjld_UL_", "bone": "wingsbjld_UL_" },
	{ "name": "wingsbjld_UL_2", "bone": "wingsbjld_UL_2" },
	{ "name": "wingsbjld_UR_", "bone": "wingsbjld_UR_" },
	{ "name": "wingsbjld_UR_2", "bone": "wingsbjld_UR_2" },
	{ "name": "wingsbjld_DL_", "bone": "wingsbjld_DL_" },
	{ "name": "wingsbjld_DL_2", "bone": "wingsbjld_DL_2" },
	{ "name": "wingsbjld_DR_", "bone": "wingsbjld_DR_" },
	{ "name": "wingsbjld_DR_2", "bone": "wingsbjld_DR_2" }
],
"skins": {
	"default": {
		"wingsbjld_DL_": {
			"wingsbjld_DL_00000_": { "x": -171.5, "y": -179.5, "width": 343, "height": 359 },
			"wingsbjld_DL_00003_": { "x": -171.5, "y": -179.5, "width": 343, "height": 359 },
			"wingsbjld_DL_00006_": { "x": -171.5, "y": -179.5, "width": 343, "height": 359 },
			"wingsbjld_DL_00009_": { "x": -171.5, "y": -179.5, "width": 343, "height": 359 },
			"wingsbjld_DL_00012_": { "x": -171.5, "y": -179.5, "width": 343, "height": 359 },
			"wingsbjld_DL_00015_": { "x": -171.5, "y": -179.5, "width": 343, "height": 359 },
			"wingsbjld_DL_00018_": { "x": -171.5, "y": -179.5, "width": 343, "height": 359 },
			"wingsbjld_DL_00021_": { "x": -171.5, "y": -179.5, "width": 343, "height": 359 },
			"wingsbjld_DL_00024_": { "x": -171.5, "y": -179.5, "width": 343, "height": 359 },
			"wingsbjld_DL_00027_": { "x": -171.5, "y": -179.5, "width": 343, "height": 359 },
			"wingsbjld_DL_00030_": { "x": -171.5, "y": -179.5, "width": 343, "height": 359 },
			"wingsbjld_DL_00033_": { "x": -171.5, "y": -179.5, "width": 343, "height": 359 },
			"wingsbjld_DL_00036_": { "x": -171.5, "y": -179.5, "width": 343, "height": 359 },
			"wingsbjld_DL_00039_": { "x": -171.5, "y": -179.5, "width": 343, "height": 359 },
			"wingsbjld_DL_00042_": { "x": -171.5, "y": -179.5, "width": 343, "height": 359 },
			"wingsbjld_DL_00045_": { "x": -171.5, "y": -179.5, "width": 343, "height": 359 },
			"wingsbjld_DL_00048_": { "x": -171.5, "y": -179.5, "width": 343, "height": 359 },
			"wingsbjld_DL_00051_": { "x": -171.5, "y": -179.5, "width": 343, "height": 359 },
			"wingsbjld_DL_00054_": { "x": -171.5, "y": -179.5, "width": 343, "height": 359 },
			"wingsbjld_DL_00057_": { "x": -171.5, "y": -179.5, "width": 343, "height": 359 },
			"wingsbjld_DL_00060_": { "x": -171.5, "y": -179.5, "width": 343, "height": 359 },
			"wingsbjld_DL_00063_": { "x": -171.5, "y": -179.5, "width": 343, "height": 359 },
			"wingsbjld_DL_00066_": { "x": -171.5, "y": -179.5, "width": 343, "height": 359 },
			"wingsbjld_DL_00069_": { "x": -171.5, "y": -179.5, "width": 343, "height": 359 },
			"wingsbjld_DL_00072_": { "x": -171.5, "y": -179.5, "width": 343, "height": 359 },
			"wingsbjld_DL_00075_": { "x": -171.5, "y": -179.5, "width": 343, "height": 359 },
			"wingsbjld_DL_00078_": { "x": -171.5, "y": -179.5, "width": 343, "height": 359 },
			"wingsbjld_DL_00079_": { "x": -171.5, "y": -179.5, "width": 343, "height": 359 }
		},
		"wingsbjld_DL_2": {
			"wingsbjld_DL_00000_": { "x": -171.5, "y": -179.5, "width": 343, "height": 359 },
			"wingsbjld_DL_00003_": { "x": -171.5, "y": -179.5, "width": 343, "height": 359 },
			"wingsbjld_DL_00006_": { "x": -171.5, "y": -179.5, "width": 343, "height": 359 },
			"wingsbjld_DL_00009_": { "x": -171.5, "y": -179.5, "width": 343, "height": 359 },
			"wingsbjld_DL_00012_": { "x": -171.5, "y": -179.5, "width": 343, "height": 359 },
			"wingsbjld_DL_00015_": { "x": -171.5, "y": -179.5, "width": 343, "height": 359 },
			"wingsbjld_DL_00018_": { "x": -171.5, "y": -179.5, "width": 343, "height": 359 },
			"wingsbjld_DL_00021_": { "x": -171.5, "y": -179.5, "width": 343, "height": 359 },
			"wingsbjld_DL_00024_": { "x": -171.5, "y": -179.5, "width": 343, "height": 359 },
			"wingsbjld_DL_00027_": { "x": -171.5, "y": -179.5, "width": 343, "height": 359 },
			"wingsbjld_DL_00030_": { "x": -171.5, "y": -179.5, "width": 343, "height": 359 },
			"wingsbjld_DL_00033_": { "x": -171.5, "y": -179.5, "width": 343, "height": 359 },
			"wingsbjld_DL_00036_": { "x": -171.5, "y": -179.5, "width": 343, "height": 359 },
			"wingsbjld_DL_00039_": { "x": -171.5, "y": -179.5, "width": 343, "height": 359 },
			"wingsbjld_DL_00042_": { "x": -171.5, "y": -179.5, "width": 343, "height": 359 },
			"wingsbjld_DL_00045_": { "x": -171.5, "y": -179.5, "width": 343, "height": 359 },
			"wingsbjld_DL_00048_": { "x": -171.5, "y": -179.5, "width": 343, "height": 359 },
			"wingsbjld_DL_00051_": { "x": -171.5, "y": -179.5, "width": 343, "height": 359 },
			"wingsbjld_DL_00054_": { "x": -171.5, "y": -179.5, "width": 343, "height": 359 },
			"wingsbjld_DL_00057_": { "x": -171.5, "y": -179.5, "width": 343, "height": 359 },
			"wingsbjld_DL_00060_": { "x": -171.5, "y": -179.5, "width": 343, "height": 359 },
			"wingsbjld_DL_00063_": { "x": -171.5, "y": -179.5, "width": 343, "height": 359 },
			"wingsbjld_DL_00066_": { "x": -171.5, "y": -179.5, "width": 343, "height": 359 },
			"wingsbjld_DL_00069_": { "x": -171.5, "y": -179.5, "width": 343, "height": 359 },
			"wingsbjld_DL_00072_": { "x": -171.5, "y": -179.5, "width": 343, "height": 359 },
			"wingsbjld_DL_00075_": { "x": -171.5, "y": -179.5, "width": 343, "height": 359 },
			"wingsbjld_DL_00078_": { "x": -171.5, "y": -179.5, "width": 343, "height": 359 },
			"wingsbjld_DL_00079_": { "x": -171.5, "y": -179.5, "width": 343, "height": 359 }
		},
		"wingsbjld_DR_": {
			"wingsbjld_DR_00000_": { "x": 180.5, "y": -179.5, "width": 361, "height": 359 },
			"wingsbjld_DR_00003_": { "x": 180.5, "y": -179.5, "width": 361, "height": 359 },
			"wingsbjld_DR_00006_": { "x": 180.5, "y": -179.5, "width": 361, "height": 359 },
			"wingsbjld_DR_00009_": { "x": 180.5, "y": -179.5, "width": 361, "height": 359 },
			"wingsbjld_DR_00012_": { "x": 180.5, "y": -179.5, "width": 361, "height": 359 },
			"wingsbjld_DR_00015_": { "x": 180.5, "y": -179.5, "width": 361, "height": 359 },
			"wingsbjld_DR_00018_": { "x": 180.5, "y": -179.5, "width": 361, "height": 359 },
			"wingsbjld_DR_00021_": { "x": 180.5, "y": -179.5, "width": 361, "height": 359 },
			"wingsbjld_DR_00024_": { "x": 180.5, "y": -179.5, "width": 361, "height": 359 },
			"wingsbjld_DR_00027_": { "x": 180.5, "y": -179.5, "width": 361, "height": 359 },
			"wingsbjld_DR_00030_": { "x": 180.5, "y": -179.5, "width": 361, "height": 359 },
			"wingsbjld_DR_00033_": { "x": 180.5, "y": -179.5, "width": 361, "height": 359 },
			"wingsbjld_DR_00036_": { "x": 180.5, "y": -179.5, "width": 361, "height": 359 },
			"wingsbjld_DR_00039_": { "x": 180.5, "y": -179.5, "width": 361, "height": 359 },
			"wingsbjld_DR_00042_": { "x": 180.5, "y": -179.5, "width": 361, "height": 359 },
			"wingsbjld_DR_00045_": { "x": 180.5, "y": -179.5, "width": 361, "height": 359 },
			"wingsbjld_DR_00048_": { "x": 180.5, "y": -179.5, "width": 361, "height": 359 },
			"wingsbjld_DR_00051_": { "x": 180.5, "y": -179.5, "width": 361, "height": 359 },
			"wingsbjld_DR_00054_": { "x": 180.5, "y": -179.5, "width": 361, "height": 359 },
			"wingsbjld_DR_00057_": { "x": 180.5, "y": -179.5, "width": 361, "height": 359 },
			"wingsbjld_DR_00060_": { "x": 180.5, "y": -179.5, "width": 361, "height": 359 },
			"wingsbjld_DR_00063_": { "x": 180.5, "y": -179.5, "width": 361, "height": 359 },
			"wingsbjld_DR_00066_": { "x": 180.5, "y": -179.5, "width": 361, "height": 359 },
			"wingsbjld_DR_00069_": { "x": 180.5, "y": -179.5, "width": 361, "height": 359 },
			"wingsbjld_DR_00072_": { "x": 180.5, "y": -179.5, "width": 361, "height": 359 },
			"wingsbjld_DR_00075_": { "x": 180.5, "y": -179.5, "width": 361, "height": 359 },
			"wingsbjld_DR_00078_": { "x": 180.5, "y": -179.5, "width": 361, "height": 359 },
			"wingsbjld_DR_00079_": { "x": 180.5, "y": -179.5, "width": 361, "height": 359 }
		},
		"wingsbjld_DR_2": {
			"wingsbjld_DR_00000_": { "x": 180.5, "y": -179.5, "width": 361, "height": 359 },
			"wingsbjld_DR_00003_": { "x": 180.5, "y": -179.5, "width": 361, "height": 359 },
			"wingsbjld_DR_00006_": { "x": 180.5, "y": -179.5, "width": 361, "height": 359 },
			"wingsbjld_DR_00009_": { "x": 180.5, "y": -179.5, "width": 361, "height": 359 },
			"wingsbjld_DR_00012_": { "x": 180.5, "y": -179.5, "width": 361, "height": 359 },
			"wingsbjld_DR_00015_": { "x": 180.5, "y": -179.5, "width": 361, "height": 359 },
			"wingsbjld_DR_00018_": { "x": 180.5, "y": -179.5, "width": 361, "height": 359 },
			"wingsbjld_DR_00021_": { "x": 180.5, "y": -179.5, "width": 361, "height": 359 },
			"wingsbjld_DR_00024_": { "x": 180.5, "y": -179.5, "width": 361, "height": 359 },
			"wingsbjld_DR_00027_": { "x": 180.5, "y": -179.5, "width": 361, "height": 359 },
			"wingsbjld_DR_00030_": { "x": 180.5, "y": -179.5, "width": 361, "height": 359 },
			"wingsbjld_DR_00033_": { "x": 180.5, "y": -179.5, "width": 361, "height": 359 },
			"wingsbjld_DR_00036_": { "x": 180.5, "y": -179.5, "width": 361, "height": 359 },
			"wingsbjld_DR_00039_": { "x": 180.5, "y": -179.5, "width": 361, "height": 359 },
			"wingsbjld_DR_00042_": { "x": 180.5, "y": -179.5, "width": 361, "height": 359 },
			"wingsbjld_DR_00045_": { "x": 180.5, "y": -179.5, "width": 361, "height": 359 },
			"wingsbjld_DR_00048_": { "x": 180.5, "y": -179.5, "width": 361, "height": 359 },
			"wingsbjld_DR_00051_": { "x": 180.5, "y": -179.5, "width": 361, "height": 359 },
			"wingsbjld_DR_00054_": { "x": 180.5, "y": -179.5, "width": 361, "height": 359 },
			"wingsbjld_DR_00057_": { "x": 180.5, "y": -179.5, "width": 361, "height": 359 },
			"wingsbjld_DR_00060_": { "x": 180.5, "y": -179.5, "width": 361, "height": 359 },
			"wingsbjld_DR_00063_": { "x": 180.5, "y": -179.5, "width": 361, "height": 359 },
			"wingsbjld_DR_00066_": { "x": 180.5, "y": -179.5, "width": 361, "height": 359 },
			"wingsbjld_DR_00069_": { "x": 180.5, "y": -179.5, "width": 361, "height": 359 },
			"wingsbjld_DR_00072_": { "x": 180.5, "y": -179.5, "width": 361, "height": 359 },
			"wingsbjld_DR_00075_": { "x": 180.5, "y": -179.5, "width": 361, "height": 359 },
			"wingsbjld_DR_00078_": { "x": 180.5, "y": -179.5, "width": 361, "height": 359 },
			"wingsbjld_DR_00079_": { "x": 180.5, "y": -179.5, "width": 361, "height": 359 }
		},
		"wingsbjld_UL_": {
			"wingsbjld_UL_00000_": { "x": -171.5, "y": 172.5, "width": 343, "height": 345 },
			"wingsbjld_UL_00003_": { "x": -171.5, "y": 172.5, "width": 343, "height": 345 },
			"wingsbjld_UL_00006_": { "x": -171.5, "y": 172.5, "width": 343, "height": 345 },
			"wingsbjld_UL_00009_": { "x": -171.5, "y": 172.5, "width": 343, "height": 345 },
			"wingsbjld_UL_00012_": { "x": -171.5, "y": 172.5, "width": 343, "height": 345 },
			"wingsbjld_UL_00015_": { "x": -171.5, "y": 172.5, "width": 343, "height": 345 },
			"wingsbjld_UL_00018_": { "x": -171.5, "y": 172.5, "width": 343, "height": 345 },
			"wingsbjld_UL_00021_": { "x": -171.5, "y": 172.5, "width": 343, "height": 345 },
			"wingsbjld_UL_00024_": { "x": -171.5, "y": 172.5, "width": 343, "height": 345 },
			"wingsbjld_UL_00027_": { "x": -171.5, "y": 172.5, "width": 343, "height": 345 },
			"wingsbjld_UL_00030_": { "x": -171.5, "y": 172.5, "width": 343, "height": 345 },
			"wingsbjld_UL_00033_": { "x": -171.5, "y": 172.5, "width": 343, "height": 345 },
			"wingsbjld_UL_00036_": { "x": -171.5, "y": 172.5, "width": 343, "height": 345 },
			"wingsbjld_UL_00039_": { "x": -171.5, "y": 172.5, "width": 343, "height": 345 },
			"wingsbjld_UL_00042_": { "x": -171.5, "y": 172.5, "width": 343, "height": 345 },
			"wingsbjld_UL_00045_": { "x": -171.5, "y": 172.5, "width": 343, "height": 345 },
			"wingsbjld_UL_00048_": { "x": -171.5, "y": 172.5, "width": 343, "height": 345 },
			"wingsbjld_UL_00051_": { "x": -171.5, "y": 172.5, "width": 343, "height": 345 },
			"wingsbjld_UL_00054_": { "x": -171.5, "y": 172.5, "width": 343, "height": 345 },
			"wingsbjld_UL_00057_": { "x": -171.5, "y": 172.5, "width": 343, "height": 345 },
			"wingsbjld_UL_00060_": { "x": -171.5, "y": 172.5, "width": 343, "height": 345 },
			"wingsbjld_UL_00063_": { "x": -171.5, "y": 172.5, "width": 343, "height": 345 },
			"wingsbjld_UL_00066_": { "x": -171.5, "y": 172.5, "width": 343, "height": 345 },
			"wingsbjld_UL_00069_": { "x": -171.5, "y": 172.5, "width": 343, "height": 345 },
			"wingsbjld_UL_00072_": { "x": -171.5, "y": 172.5, "width": 343, "height": 345 },
			"wingsbjld_UL_00075_": { "x": -171.5, "y": 172.5, "width": 343, "height": 345 },
			"wingsbjld_UL_00078_": { "x": -171.5, "y": 172.5, "width": 343, "height": 345 },
			"wingsbjld_UL_00079_": { "x": -171.5, "y": 172.5, "width": 343, "height": 345 }
		},
		"wingsbjld_UL_2": {
			"wingsbjld_UL_00000_": { "x": -171.5, "y": 172.5, "width": 343, "height": 345 },
			"wingsbjld_UL_00003_": { "x": -171.5, "y": 172.5, "width": 343, "height": 345 },
			"wingsbjld_UL_00006_": { "x": -171.5, "y": 172.5, "width": 343, "height": 345 },
			"wingsbjld_UL_00009_": { "x": -171.5, "y": 172.5, "width": 343, "height": 345 },
			"wingsbjld_UL_00012_": { "x": -171.5, "y": 172.5, "width": 343, "height": 345 },
			"wingsbjld_UL_00015_": { "x": -171.5, "y": 172.5, "width": 343, "height": 345 },
			"wingsbjld_UL_00018_": { "x": -171.5, "y": 172.5, "width": 343, "height": 345 },
			"wingsbjld_UL_00021_": { "x": -171.5, "y": 172.5, "width": 343, "height": 345 },
			"wingsbjld_UL_00024_": { "x": -171.5, "y": 172.5, "width": 343, "height": 345 },
			"wingsbjld_UL_00027_": { "x": -171.5, "y": 172.5, "width": 343, "height": 345 },
			"wingsbjld_UL_00030_": { "x": -171.5, "y": 172.5, "width": 343, "height": 345 },
			"wingsbjld_UL_00033_": { "x": -171.5, "y": 172.5, "width": 343, "height": 345 },
			"wingsbjld_UL_00036_": { "x": -171.5, "y": 172.5, "width": 343, "height": 345 },
			"wingsbjld_UL_00039_": { "x": -171.5, "y": 172.5, "width": 343, "height": 345 },
			"wingsbjld_UL_00042_": { "x": -171.5, "y": 172.5, "width": 343, "height": 345 },
			"wingsbjld_UL_00045_": { "x": -171.5, "y": 172.5, "width": 343, "height": 345 },
			"wingsbjld_UL_00048_": { "x": -171.5, "y": 172.5, "width": 343, "height": 345 },
			"wingsbjld_UL_00051_": { "x": -171.5, "y": 172.5, "width": 343, "height": 345 },
			"wingsbjld_UL_00054_": { "x": -171.5, "y": 172.5, "width": 343, "height": 345 },
			"wingsbjld_UL_00057_": { "x": -171.5, "y": 172.5, "width": 343, "height": 345 },
			"wingsbjld_UL_00060_": { "x": -171.5, "y": 172.5, "width": 343, "height": 345 },
			"wingsbjld_UL_00063_": { "x": -171.5, "y": 172.5, "width": 343, "height": 345 },
			"wingsbjld_UL_00066_": { "x": -171.5, "y": 172.5, "width": 343, "height": 345 },
			"wingsbjld_UL_00069_": { "x": -171.5, "y": 172.5, "width": 343, "height": 345 },
			"wingsbjld_UL_00072_": { "x": -171.5, "y": 172.5, "width": 343, "height": 345 },
			"wingsbjld_UL_00075_": { "x": -171.5, "y": 172.5, "width": 343, "height": 345 },
			"wingsbjld_UL_00078_": { "x": -171.5, "y": 172.5, "width": 343, "height": 345 },
			"wingsbjld_UL_00079_": { "x": -171.5, "y": 172.5, "width": 343, "height": 345 }
		},
		"wingsbjld_UR_": {
			"wingsbjld_UR_00000_": { "x": 180.5, "y": 172.5, "width": 361, "height": 345 },
			"wingsbjld_UR_00003_": { "x": 180.5, "y": 172.5, "width": 361, "height": 345 },
			"wingsbjld_UR_00006_": { "x": 180.5, "y": 172.5, "width": 361, "height": 345 },
			"wingsbjld_UR_00009_": { "x": 180.5, "y": 172.5, "width": 361, "height": 345 },
			"wingsbjld_UR_00012_": { "x": 180.5, "y": 172.5, "width": 361, "height": 345 },
			"wingsbjld_UR_00015_": { "x": 180.5, "y": 172.5, "width": 361, "height": 345 },
			"wingsbjld_UR_00018_": { "x": 180.5, "y": 172.5, "width": 361, "height": 345 },
			"wingsbjld_UR_00021_": { "x": 180.5, "y": 172.5, "width": 361, "height": 345 },
			"wingsbjld_UR_00024_": { "x": 180.5, "y": 172.5, "width": 361, "height": 345 },
			"wingsbjld_UR_00027_": { "x": 180.5, "y": 172.5, "width": 361, "height": 345 },
			"wingsbjld_UR_00030_": { "x": 180.5, "y": 172.5, "width": 361, "height": 345 },
			"wingsbjld_UR_00033_": { "x": 180.5, "y": 172.5, "width": 361, "height": 345 },
			"wingsbjld_UR_00036_": { "x": 180.5, "y": 172.5, "width": 361, "height": 345 },
			"wingsbjld_UR_00039_": { "x": 180.5, "y": 172.5, "width": 361, "height": 345 },
			"wingsbjld_UR_00042_": { "x": 180.5, "y": 172.5, "width": 361, "height": 345 },
			"wingsbjld_UR_00045_": { "x": 180.5, "y": 172.5, "width": 361, "height": 345 },
			"wingsbjld_UR_00048_": { "x": 180.5, "y": 172.5, "width": 361, "height": 345 },
			"wingsbjld_UR_00051_": { "x": 180.5, "y": 172.5, "width": 361, "height": 345 },
			"wingsbjld_UR_00054_": { "x": 180.5, "y": 172.5, "width": 361, "height": 345 },
			"wingsbjld_UR_00057_": { "x": 180.5, "y": 172.5, "width": 361, "height": 345 },
			"wingsbjld_UR_00060_": { "x": 180.5, "y": 172.5, "width": 361, "height": 345 },
			"wingsbjld_UR_00063_": { "x": 180.5, "y": 172.5, "width": 361, "height": 345 },
			"wingsbjld_UR_00066_": { "x": 180.5, "y": 172.5, "width": 361, "height": 345 },
			"wingsbjld_UR_00069_": { "x": 180.5, "y": 172.5, "width": 361, "height": 345 },
			"wingsbjld_UR_00072_": { "x": 180.5, "y": 172.5, "width": 361, "height": 345 },
			"wingsbjld_UR_00075_": { "x": 180.5, "y": 172.5, "width": 361, "height": 345 },
			"wingsbjld_UR_00078_": { "x": 180.5, "y": 172.5, "width": 361, "height": 345 },
			"wingsbjld_UR_00079_": { "x": 180.5, "y": 172.5, "width": 361, "height": 345 }
		},
		"wingsbjld_UR_2": {
			"wingsbjld_UR_00000_": { "x": 180.5, "y": 172.5, "width": 361, "height": 345 },
			"wingsbjld_UR_00003_": { "x": 180.5, "y": 172.5, "width": 361, "height": 345 },
			"wingsbjld_UR_00006_": { "x": 180.5, "y": 172.5, "width": 361, "height": 345 },
			"wingsbjld_UR_00009_": { "x": 180.5, "y": 172.5, "width": 361, "height": 345 },
			"wingsbjld_UR_00012_": { "x": 180.5, "y": 172.5, "width": 361, "height": 345 },
			"wingsbjld_UR_00015_": { "x": 180.5, "y": 172.5, "width": 361, "height": 345 },
			"wingsbjld_UR_00018_": { "x": 180.5, "y": 172.5, "width": 361, "height": 345 },
			"wingsbjld_UR_00021_": { "x": 180.5, "y": 172.5, "width": 361, "height": 345 },
			"wingsbjld_UR_00024_": { "x": 180.5, "y": 172.5, "width": 361, "height": 345 },
			"wingsbjld_UR_00027_": { "x": 180.5, "y": 172.5, "width": 361, "height": 345 },
			"wingsbjld_UR_00030_": { "x": 180.5, "y": 172.5, "width": 361, "height": 345 },
			"wingsbjld_UR_00033_": { "x": 180.5, "y": 172.5, "width": 361, "height": 345 },
			"wingsbjld_UR_00036_": { "x": 180.5, "y": 172.5, "width": 361, "height": 345 },
			"wingsbjld_UR_00039_": { "x": 180.5, "y": 172.5, "width": 361, "height": 345 },
			"wingsbjld_UR_00042_": { "x": 180.5, "y": 172.5, "width": 361, "height": 345 },
			"wingsbjld_UR_00045_": { "x": 180.5, "y": 172.5, "width": 361, "height": 345 },
			"wingsbjld_UR_00048_": { "x": 180.5, "y": 172.5, "width": 361, "height": 345 },
			"wingsbjld_UR_00051_": { "x": 180.5, "y": 172.5, "width": 361, "height": 345 },
			"wingsbjld_UR_00054_": { "x": 180.5, "y": 172.5, "width": 361, "height": 345 },
			"wingsbjld_UR_00057_": { "x": 180.5, "y": 172.5, "width": 361, "height": 345 },
			"wingsbjld_UR_00060_": { "x": 180.5, "y": 172.5, "width": 361, "height": 345 },
			"wingsbjld_UR_00063_": { "x": 180.5, "y": 172.5, "width": 361, "height": 345 },
			"wingsbjld_UR_00066_": { "x": 180.5, "y": 172.5, "width": 361, "height": 345 },
			"wingsbjld_UR_00069_": { "x": 180.5, "y": 172.5, "width": 361, "height": 345 },
			"wingsbjld_UR_00072_": { "x": 180.5, "y": 172.5, "width": 361, "height": 345 },
			"wingsbjld_UR_00075_": { "x": 180.5, "y": 172.5, "width": 361, "height": 345 },
			"wingsbjld_UR_00078_": { "x": 180.5, "y": 172.5, "width": 361, "height": 345 },
			"wingsbjld_UR_00079_": { "x": 180.5, "y": 172.5, "width": 361, "height": 345 }
		}
	}
},
"animations": {
	"animation": {
		"slots": {
			"wingsbjld_DL_": {
				"attachment": [
					{ "time": 0, "name": "wingsbjld_DL_00000_" },
					{ "time": 0.1, "name": "wingsbjld_DL_00003_" },
					{ "time": 0.2, "name": "wingsbjld_DL_00006_" },
					{ "time": 0.3, "name": "wingsbjld_DL_00009_" },
					{ "time": 0.4, "name": "wingsbjld_DL_00012_" },
					{ "time": 0.5, "name": "wingsbjld_DL_00015_" },
					{ "time": 0.6, "name": "wingsbjld_DL_00018_" },
					{ "time": 0.7, "name": "wingsbjld_DL_00021_" },
					{ "time": 0.8, "name": "wingsbjld_DL_00024_" },
					{ "time": 0.9, "name": "wingsbjld_DL_00027_" },
					{ "time": 1, "name": "wingsbjld_DL_00030_" },
					{ "time": 1.1, "name": "wingsbjld_DL_00033_" },
					{ "time": 1.2, "name": "wingsbjld_DL_00036_" },
					{ "time": 1.3, "name": "wingsbjld_DL_00039_" },
					{ "time": 1.4, "name": "wingsbjld_DL_00042_" },
					{ "time": 1.5, "name": "wingsbjld_DL_00045_" },
					{ "time": 1.6, "name": "wingsbjld_DL_00048_" },
					{ "time": 1.7, "name": "wingsbjld_DL_00051_" },
					{ "time": 1.8, "name": "wingsbjld_DL_00054_" },
					{ "time": 1.9, "name": "wingsbjld_DL_00057_" },
					{ "time": 2, "name": "wingsbjld_DL_00060_" },
					{ "time": 2.1, "name": "wingsbjld_DL_00063_" },
					{ "time": 2.2, "name": "wingsbjld_DL_00066_" },
					{ "time": 2.3, "name": "wingsbjld_DL_00069_" },
					{ "time": 2.4, "name": "wingsbjld_DL_00072_" },
					{ "time": 2.5, "name": "wingsbjld_DL_00075_" },
					{ "time": 2.6, "name": "wingsbjld_DL_00078_" }
				]
			},
			"wingsbjld_DL_2": {
				"attachment": [
					{ "time": 0, "name": "wingsbjld_DL_00000_" },
					{ "time": 0.1, "name": "wingsbjld_DL_00003_" },
					{ "time": 0.2, "name": "wingsbjld_DL_00006_" },
					{ "time": 0.3, "name": "wingsbjld_DL_00009_" },
					{ "time": 0.4, "name": "wingsbjld_DL_00012_" },
					{ "time": 0.5, "name": "wingsbjld_DL_00015_" },
					{ "time": 0.6, "name": "wingsbjld_DL_00018_" },
					{ "time": 0.7, "name": "wingsbjld_DL_00021_" },
					{ "time": 0.8, "name": "wingsbjld_DL_00024_" },
					{ "time": 0.9, "name": "wingsbjld_DL_00027_" },
					{ "time": 1, "name": "wingsbjld_DL_00030_" },
					{ "time": 1.1, "name": "wingsbjld_DL_00033_" },
					{ "time": 1.2, "name": "wingsbjld_DL_00036_" },
					{ "time": 1.3, "name": "wingsbjld_DL_00039_" },
					{ "time": 1.4, "name": "wingsbjld_DL_00042_" },
					{ "time": 1.5, "name": "wingsbjld_DL_00045_" },
					{ "time": 1.6, "name": "wingsbjld_DL_00048_" },
					{ "time": 1.7, "name": "wingsbjld_DL_00051_" },
					{ "time": 1.8, "name": "wingsbjld_DL_00054_" },
					{ "time": 1.9, "name": "wingsbjld_DL_00057_" },
					{ "time": 2, "name": "wingsbjld_DL_00060_" },
					{ "time": 2.1, "name": "wingsbjld_DL_00063_" },
					{ "time": 2.2, "name": "wingsbjld_DL_00066_" },
					{ "time": 2.3, "name": "wingsbjld_DL_00069_" },
					{ "time": 2.4, "name": "wingsbjld_DL_00072_" },
					{ "time": 2.5, "name": "wingsbjld_DL_00075_" },
					{ "time": 2.6, "name": "wingsbjld_DL_00078_" }
				]
			},
			"wingsbjld_DR_": {
				"attachment": [
					{ "time": 0, "name": "wingsbjld_DR_00000_" },
					{ "time": 0.1, "name": "wingsbjld_DR_00003_" },
					{ "time": 0.2, "name": "wingsbjld_DR_00006_" },
					{ "time": 0.3, "name": "wingsbjld_DR_00009_" },
					{ "time": 0.4, "name": "wingsbjld_DR_00012_" },
					{ "time": 0.5, "name": "wingsbjld_DR_00015_" },
					{ "time": 0.6, "name": "wingsbjld_DR_00018_" },
					{ "time": 0.7, "name": "wingsbjld_DR_00021_" },
					{ "time": 0.8, "name": "wingsbjld_DR_00024_" },
					{ "time": 0.9, "name": "wingsbjld_DR_00027_" },
					{ "time": 1, "name": "wingsbjld_DR_00030_" },
					{ "time": 1.1, "name": "wingsbjld_DR_00033_" },
					{ "time": 1.2, "name": "wingsbjld_DR_00036_" },
					{ "time": 1.3, "name": "wingsbjld_DR_00039_" },
					{ "time": 1.4, "name": "wingsbjld_DR_00042_" },
					{ "time": 1.5, "name": "wingsbjld_DR_00045_" },
					{ "time": 1.6, "name": "wingsbjld_DR_00048_" },
					{ "time": 1.7, "name": "wingsbjld_DR_00051_" },
					{ "time": 1.8, "name": "wingsbjld_DR_00054_" },
					{ "time": 1.9, "name": "wingsbjld_DR_00057_" },
					{ "time": 2, "name": "wingsbjld_DR_00060_" },
					{ "time": 2.1, "name": "wingsbjld_DR_00063_" },
					{ "time": 2.2, "name": "wingsbjld_DR_00066_" },
					{ "time": 2.3, "name": "wingsbjld_DR_00069_" },
					{ "time": 2.4, "name": "wingsbjld_DR_00072_" },
					{ "time": 2.5, "name": "wingsbjld_DR_00075_" },
					{ "time": 2.6, "name": "wingsbjld_DR_00078_" }
				]
			},
			"wingsbjld_DR_2": {
				"attachment": [
					{ "time": 0, "name": "wingsbjld_DR_00000_" },
					{ "time": 0.1, "name": "wingsbjld_DR_00003_" },
					{ "time": 0.2, "name": "wingsbjld_DR_00006_" },
					{ "time": 0.3, "name": "wingsbjld_DR_00009_" },
					{ "time": 0.4, "name": "wingsbjld_DR_00012_" },
					{ "time": 0.5, "name": "wingsbjld_DR_00015_" },
					{ "time": 0.6, "name": "wingsbjld_DR_00018_" },
					{ "time": 0.7, "name": "wingsbjld_DR_00021_" },
					{ "time": 0.8, "name": "wingsbjld_DR_00024_" },
					{ "time": 0.9, "name": "wingsbjld_DR_00027_" },
					{ "time": 1, "name": "wingsbjld_DR_00030_" },
					{ "time": 1.1, "name": "wingsbjld_DR_00033_" },
					{ "time": 1.2, "name": "wingsbjld_DR_00036_" },
					{ "time": 1.3, "name": "wingsbjld_DR_00039_" },
					{ "time": 1.4, "name": "wingsbjld_DR_00042_" },
					{ "time": 1.5, "name": "wingsbjld_DR_00045_" },
					{ "time": 1.6, "name": "wingsbjld_DR_00048_" },
					{ "time": 1.7, "name": "wingsbjld_DR_00051_" },
					{ "time": 1.8, "name": "wingsbjld_DR_00054_" },
					{ "time": 1.9, "name": "wingsbjld_DR_00057_" },
					{ "time": 2, "name": "wingsbjld_DR_00060_" },
					{ "time": 2.1, "name": "wingsbjld_DR_00063_" },
					{ "time": 2.2, "name": "wingsbjld_DR_00066_" },
					{ "time": 2.3, "name": "wingsbjld_DR_00069_" },
					{ "time": 2.4, "name": "wingsbjld_DR_00072_" },
					{ "time": 2.5, "name": "wingsbjld_DR_00075_" },
					{ "time": 2.6, "name": "wingsbjld_DR_00078_" }
				]
			},
			"wingsbjld_UL_": {
				"attachment": [
					{ "time": 0, "name": "wingsbjld_UL_00000_" },
					{ "time": 0.1, "name": "wingsbjld_UL_00003_" },
					{ "time": 0.2, "name": "wingsbjld_UL_00006_" },
					{ "time": 0.3, "name": "wingsbjld_UL_00009_" },
					{ "time": 0.4, "name": "wingsbjld_UL_00012_" },
					{ "time": 0.5, "name": "wingsbjld_UL_00015_" },
					{ "time": 0.6, "name": "wingsbjld_UL_00018_" },
					{ "time": 0.7, "name": "wingsbjld_UL_00021_" },
					{ "time": 0.8, "name": "wingsbjld_UL_00024_" },
					{ "time": 0.9, "name": "wingsbjld_UL_00027_" },
					{ "time": 1, "name": "wingsbjld_UL_00030_" },
					{ "time": 1.1, "name": "wingsbjld_UL_00033_" },
					{ "time": 1.2, "name": "wingsbjld_UL_00036_" },
					{ "time": 1.3, "name": "wingsbjld_UL_00039_" },
					{ "time": 1.4, "name": "wingsbjld_UL_00042_" },
					{ "time": 1.5, "name": "wingsbjld_UL_00045_" },
					{ "time": 1.6, "name": "wingsbjld_UL_00048_" },
					{ "time": 1.7, "name": "wingsbjld_UL_00051_" },
					{ "time": 1.8, "name": "wingsbjld_UL_00054_" },
					{ "time": 1.9, "name": "wingsbjld_UL_00057_" },
					{ "time": 2, "name": "wingsbjld_UL_00060_" },
					{ "time": 2.1, "name": "wingsbjld_UL_00063_" },
					{ "time": 2.2, "name": "wingsbjld_UL_00066_" },
					{ "time": 2.3, "name": "wingsbjld_UL_00069_" },
					{ "time": 2.4, "name": "wingsbjld_UL_00072_" },
					{ "time": 2.5, "name": "wingsbjld_UL_00075_" },
					{ "time": 2.6, "name": "wingsbjld_UL_00078_" }
				]
			},
			"wingsbjld_UL_2": {
				"attachment": [
					{ "time": 0, "name": "wingsbjld_UL_00000_" },
					{ "time": 0.1, "name": "wingsbjld_UL_00003_" },
					{ "time": 0.2, "name": "wingsbjld_UL_00006_" },
					{ "time": 0.3, "name": "wingsbjld_UL_00009_" },
					{ "time": 0.4, "name": "wingsbjld_UL_00012_" },
					{ "time": 0.5, "name": "wingsbjld_UL_00015_" },
					{ "time": 0.6, "name": "wingsbjld_UL_00018_" },
					{ "time": 0.7, "name": "wingsbjld_UL_00021_" },
					{ "time": 0.8, "name": "wingsbjld_UL_00024_" },
					{ "time": 0.9, "name": "wingsbjld_UL_00027_" },
					{ "time": 1, "name": "wingsbjld_UL_00030_" },
					{ "time": 1.1, "name": "wingsbjld_UL_00033_" },
					{ "time": 1.2, "name": "wingsbjld_UL_00036_" },
					{ "time": 1.3, "name": "wingsbjld_UL_00039_" },
					{ "time": 1.4, "name": "wingsbjld_UL_00042_" },
					{ "time": 1.5, "name": "wingsbjld_UL_00045_" },
					{ "time": 1.6, "name": "wingsbjld_UL_00048_" },
					{ "time": 1.7, "name": "wingsbjld_UL_00051_" },
					{ "time": 1.8, "name": "wingsbjld_UL_00054_" },
					{ "time": 1.9, "name": "wingsbjld_UL_00057_" },
					{ "time": 2, "name": "wingsbjld_UL_00060_" },
					{ "time": 2.1, "name": "wingsbjld_UL_00063_" },
					{ "time": 2.2, "name": "wingsbjld_UL_00066_" },
					{ "time": 2.3, "name": "wingsbjld_UL_00069_" },
					{ "time": 2.4, "name": "wingsbjld_UL_00072_" },
					{ "time": 2.5, "name": "wingsbjld_UL_00075_" },
					{ "time": 2.6, "name": "wingsbjld_UL_00078_" }
				]
			},
			"wingsbjld_UR_": {
				"attachment": [
					{ "time": 0, "name": "wingsbjld_UR_00000_" },
					{ "time": 0.1, "name": "wingsbjld_UR_00003_" },
					{ "time": 0.2, "name": "wingsbjld_UR_00006_" },
					{ "time": 0.3, "name": "wingsbjld_UR_00009_" },
					{ "time": 0.4, "name": "wingsbjld_UR_00012_" },
					{ "time": 0.5, "name": "wingsbjld_UR_00015_" },
					{ "time": 0.6, "name": "wingsbjld_UR_00018_" },
					{ "time": 0.7, "name": "wingsbjld_UR_00021_" },
					{ "time": 0.8, "name": "wingsbjld_UR_00024_" },
					{ "time": 0.9, "name": "wingsbjld_UR_00027_" },
					{ "time": 1, "name": "wingsbjld_UR_00030_" },
					{ "time": 1.1, "name": "wingsbjld_UR_00033_" },
					{ "time": 1.2, "name": "wingsbjld_UR_00036_" },
					{ "time": 1.3, "name": "wingsbjld_UR_00039_" },
					{ "time": 1.4, "name": "wingsbjld_UR_00042_" },
					{ "time": 1.5, "name": "wingsbjld_UR_00045_" },
					{ "time": 1.6, "name": "wingsbjld_UR_00048_" },
					{ "time": 1.7, "name": "wingsbjld_UR_00051_" },
					{ "time": 1.8, "name": "wingsbjld_UR_00054_" },
					{ "time": 1.9, "name": "wingsbjld_UR_00057_" },
					{ "time": 2, "name": "wingsbjld_UR_00060_" },
					{ "time": 2.1, "name": "wingsbjld_UR_00063_" },
					{ "time": 2.2, "name": "wingsbjld_UR_00066_" },
					{ "time": 2.3, "name": "wingsbjld_UR_00069_" },
					{ "time": 2.4, "name": "wingsbjld_UR_00072_" },
					{ "time": 2.5, "name": "wingsbjld_UR_00075_" },
					{ "time": 2.6, "name": "wingsbjld_UR_00078_" }
				]
			},
			"wingsbjld_UR_2": {
				"attachment": [
					{ "time": 0, "name": "wingsbjld_UR_00000_" },
					{ "time": 0.1, "name": "wingsbjld_UR_00003_" },
					{ "time": 0.2, "name": "wingsbjld_UR_00006_" },
					{ "time": 0.3, "name": "wingsbjld_UR_00009_" },
					{ "time": 0.4, "name": "wingsbjld_UR_00012_" },
					{ "time": 0.5, "name": "wingsbjld_UR_00015_" },
					{ "time": 0.6, "name": "wingsbjld_UR_00018_" },
					{ "time": 0.7, "name": "wingsbjld_UR_00021_" },
					{ "time": 0.8, "name": "wingsbjld_UR_00024_" },
					{ "time": 0.9, "name": "wingsbjld_UR_00027_" },
					{ "time": 1, "name": "wingsbjld_UR_00030_" },
					{ "time": 1.1, "name": "wingsbjld_UR_00033_" },
					{ "time": 1.2, "name": "wingsbjld_UR_00036_" },
					{ "time": 1.3, "name": "wingsbjld_UR_00039_" },
					{ "time": 1.4, "name": "wingsbjld_UR_00042_" },
					{ "time": 1.5, "name": "wingsbjld_UR_00045_" },
					{ "time": 1.6, "name": "wingsbjld_UR_00048_" },
					{ "time": 1.7, "name": "wingsbjld_UR_00051_" },
					{ "time": 1.8, "name": "wingsbjld_UR_00054_" },
					{ "time": 1.9, "name": "wingsbjld_UR_00057_" },
					{ "time": 2, "name": "wingsbjld_UR_00060_" },
					{ "time": 2.1, "name": "wingsbjld_UR_00063_" },
					{ "time": 2.2, "name": "wingsbjld_UR_00066_" },
					{ "time": 2.3, "name": "wingsbjld_UR_00069_" },
					{ "time": 2.4, "name": "wingsbjld_UR_00072_" },
					{ "time": 2.5, "name": "wingsbjld_UR_00075_" },
					{ "time": 2.6, "name": "wingsbjld_UR_00078_" }
				]
			}
		},
		"bones": {
			"ctr": {
				"translate": [
					{ "time": 0, "x": -255, "y": 180 }
				]
			},
			"ctr2": {
				"translate": [
					{ "time": 0, "x": 255, "y": 180 }
				]
			}
		}
	}
}
}