{"skeleton":{"hash":"n2q+pafRb0G4s3G2q/TpotPk5wo","spine":"3.7.94","width":0,"height":0},"bones":[{"name":"root"},{"name":"L","parent":"root","x":-20,"y":245},{"name":"R","parent":"root","x":20,"y":245,"scaleX":-1}],"slots":[{"name":"LHcb_0080_02_","bone":"L"},{"name":"LHcb_0080_02_2","bone":"R"},{"name":"LHcb_0080_01_","bone":"L"},{"name":"LHcb_0080_01_2","bone":"R"},{"name":"LHcb_0078_02_","bone":"L"},{"name":"LHcb_0078_02_2","bone":"R"},{"name":"LHcb_0078_01_","bone":"L"},{"name":"LHcb_0078_01_2","bone":"R"},{"name":"LHcb_0076_02_","bone":"L"},{"name":"LHcb_0076_02_2","bone":"R"},{"name":"LHcb_0076_01_","bone":"L"},{"name":"LHcb_0076_01_2","bone":"R"},{"name":"LHcb_0074_02_","bone":"L"},{"name":"LHcb_0074_02_2","bone":"R"},{"name":"LHcb_0074_01_","bone":"L"},{"name":"LHcb_0074_01_2","bone":"R"},{"name":"LHcb_0072_02_","bone":"L"},{"name":"LHcb_0072_02_2","bone":"R"},{"name":"LHcb_0072_01_","bone":"L"},{"name":"LHcb_0072_01_2","bone":"R"},{"name":"LHcb_0070_03_","bone":"L"},{"name":"LHcb_0070_03_2","bone":"R"},{"name":"LHcb_0070_01_","bone":"L"},{"name":"LHcb_0070_01_2","bone":"R"},{"name":"LHcb_0068_03_","bone":"L"},{"name":"LHcb_0068_03_2","bone":"R"},{"name":"LHcb_0068_02_","bone":"L"},{"name":"LHcb_0068_02_2","bone":"R"},{"name":"LHcb_0068_01_","bone":"L"},{"name":"LHcb_0068_01_2","bone":"R"},{"name":"LHcb_0066_03_","bone":"L"},{"name":"LHcb_0066_03_2","bone":"R"},{"name":"LHcb_0066_02_","bone":"L"},{"name":"LHcb_0066_02_2","bone":"R"},{"name":"LHcb_0066_01_","bone":"L"},{"name":"LHcb_0066_01_2","bone":"R"},{"name":"LHcb_0064_03_","bone":"L"},{"name":"LHcb_0064_03_2","bone":"R"},{"name":"LHcb_0064_02_","bone":"L"},{"name":"LHcb_0064_02_2","bone":"R"},{"name":"LHcb_0064_01_","bone":"L"},{"name":"LHcb_0064_01_2","bone":"R"},{"name":"LHcb_0062_04_","bone":"L"},{"name":"LHcb_0062_04_2","bone":"R"},{"name":"LHcb_0062_03_","bone":"L"},{"name":"LHcb_0062_03_2","bone":"R"},{"name":"LHcb_0062_02_","bone":"L"},{"name":"LHcb_0062_02_2","bone":"R"},{"name":"LHcb_0062_01_","bone":"L"},{"name":"LHcb_0062_01_2","bone":"R"},{"name":"LHcb_0060_03_","bone":"L"},{"name":"LHcb_0060_03_2","bone":"R"},{"name":"LHcb_0060_02_","bone":"L"},{"name":"LHcb_0060_02_2","bone":"R"},{"name":"LHcb_0060_01_","bone":"L"},{"name":"LHcb_0060_01_2","bone":"R"},{"name":"LHcb_0058_04_","bone":"L"},{"name":"LHcb_0058_04_2","bone":"R"},{"name":"LHcb_0058_03_","bone":"L"},{"name":"LHcb_0058_03_2","bone":"R"},{"name":"LHcb_0058_02_","bone":"L"},{"name":"LHcb_0058_02_2","bone":"R"},{"name":"LHcb_0058_01_","bone":"L"},{"name":"LHcb_0058_01_2","bone":"R"},{"name":"LHcb_0056_02_","bone":"L"},{"name":"LHcb_0056_02_2","bone":"R"},{"name":"LHcb_0056_01_","bone":"L"},{"name":"LHcb_0056_01_2","bone":"R"},{"name":"LHcb_0054_03_","bone":"L"},{"name":"LHcb_0054_03_2","bone":"R"},{"name":"LHcb_0054_02_","bone":"L"},{"name":"LHcb_0054_02_2","bone":"R"},{"name":"LHcb_0054_01_","bone":"L"},{"name":"LHcb_0054_01_2","bone":"R"},{"name":"LHcb_0052_03_","bone":"L"},{"name":"LHcb_0052_03_2","bone":"R"},{"name":"LHcb_0052_02_","bone":"L"},{"name":"LHcb_0052_02_2","bone":"R"},{"name":"LHcb_0052_01_","bone":"L"},{"name":"LHcb_0052_01_2","bone":"R"},{"name":"LHcb_0050_03_","bone":"L"},{"name":"LHcb_0050_03_2","bone":"R"},{"name":"LHcb_0050_02_","bone":"L"},{"name":"LHcb_0050_02_2","bone":"R"},{"name":"LHcb_0050_01_","bone":"L"},{"name":"LHcb_0050_01_2","bone":"R"},{"name":"LHcb_0048_03_","bone":"L"},{"name":"LHcb_0048_03_2","bone":"R"},{"name":"LHcb_0048_02_","bone":"L"},{"name":"LHcb_0048_02_2","bone":"R"},{"name":"LHcb_0048_01_","bone":"L"},{"name":"LHcb_0048_01_2","bone":"R"},{"name":"LHcb_0046_02_","bone":"L"},{"name":"LHcb_0046_02_2","bone":"R"},{"name":"LHcb_0046_01_","bone":"L"},{"name":"LHcb_0046_01_2","bone":"R"},{"name":"LHcb_0044_02_","bone":"L"},{"name":"LHcb_0044_02_2","bone":"R"},{"name":"LHcb_0044_01_","bone":"L"},{"name":"LHcb_0044_01_2","bone":"R"},{"name":"LHcb_0042_02_","bone":"L"},{"name":"LHcb_0042_02_2","bone":"R"},{"name":"LHcb_0042_01_","bone":"L"},{"name":"LHcb_0042_01_2","bone":"R"},{"name":"LHcb_0040_02_","bone":"L"},{"name":"LHcb_0040_02_2","bone":"R"},{"name":"LHcb_0040_01_","bone":"L"},{"name":"LHcb_0040_01_2","bone":"R"},{"name":"LHcb_0038_02_","bone":"L"},{"name":"LHcb_0038_02_2","bone":"R"},{"name":"LHcb_0038_01_","bone":"L"},{"name":"LHcb_0038_01_2","bone":"R"},{"name":"LHcb_0036_02_","bone":"L"},{"name":"LHcb_0036_02_2","bone":"R"},{"name":"LHcb_0036_01_","bone":"L"},{"name":"LHcb_0036_01_2","bone":"R"},{"name":"LHcb_0034_02_","bone":"L"},{"name":"LHcb_0034_02_2","bone":"R"},{"name":"LHcb_0034_01_","bone":"L"},{"name":"LHcb_0034_01_2","bone":"R"},{"name":"LHcb_0032_02_","bone":"L"},{"name":"LHcb_0032_02_2","bone":"R"},{"name":"LHcb_0032_01_","bone":"L"},{"name":"LHcb_0032_01_2","bone":"R"},{"name":"LHcb_0030_02_","bone":"L"},{"name":"LHcb_0030_02_2","bone":"R"},{"name":"LHcb_0030_01_","bone":"L"},{"name":"LHcb_0030_01_2","bone":"R"},{"name":"LHcb_0028_02_","bone":"L"},{"name":"LHcb_0028_02_2","bone":"R"},{"name":"LHcb_0028_01_","bone":"L"},{"name":"LHcb_0028_01_2","bone":"R"},{"name":"LHcb_0026_02_","bone":"L"},{"name":"LHcb_0026_02_2","bone":"R"},{"name":"LHcb_0026_01_","bone":"L"},{"name":"LHcb_0026_01_2","bone":"R"},{"name":"LHcb_0024_02_","bone":"L"},{"name":"LHcb_0024_02_2","bone":"R"},{"name":"LHcb_0024_01_","bone":"L"},{"name":"LHcb_0024_01_2","bone":"R"},{"name":"LHcb_0022_02_","bone":"L"},{"name":"LHcb_0022_02_2","bone":"R"},{"name":"LHcb_0022_01_","bone":"L"},{"name":"LHcb_0022_01_2","bone":"R"},{"name":"LHcb_0020_02_","bone":"L"},{"name":"LHcb_0020_02_2","bone":"R"},{"name":"LHcb_0020_01_","bone":"L"},{"name":"LHcb_0020_01_2","bone":"R"},{"name":"LHcb_0018_02_","bone":"L"},{"name":"LHcb_0018_02_2","bone":"R"},{"name":"LHcb_0018_01_","bone":"L"},{"name":"LHcb_0018_01_2","bone":"R"},{"name":"LHcb_0016_02_","bone":"L"},{"name":"LHcb_0016_02_2","bone":"R"},{"name":"LHcb_0016_01_","bone":"L"},{"name":"LHcb_0016_01_2","bone":"R"},{"name":"LHcb_0014_02_","bone":"L"},{"name":"LHcb_0014_02_2","bone":"R"},{"name":"LHcb_0014_01_","bone":"L"},{"name":"LHcb_0014_01_2","bone":"R"},{"name":"LHcb_0012_02_","bone":"L"},{"name":"LHcb_0012_02_2","bone":"R"},{"name":"LHcb_0012_01_","bone":"L"},{"name":"LHcb_0012_01_2","bone":"R"},{"name":"LHcb_0010_02_","bone":"L"},{"name":"LHcb_0010_02_2","bone":"R"},{"name":"LHcb_0010_01_","bone":"L"},{"name":"LHcb_0010_01_2","bone":"R"},{"name":"LHcb_0008_02_","bone":"L"},{"name":"LHcb_0008_02_2","bone":"R"},{"name":"LHcb_0008_01_","bone":"L"},{"name":"LHcb_0008_01_2","bone":"R"},{"name":"LHcb_0006_02_","bone":"L"},{"name":"LHcb_0006_02_2","bone":"R"},{"name":"LHcb_0006_01_","bone":"L"},{"name":"LHcb_0006_01_2","bone":"R"},{"name":"LHcb_0004_02_","bone":"L"},{"name":"LHcb_0004_02_2","bone":"R"},{"name":"LHcb_0004_01_","bone":"L"},{"name":"LHcb_0004_01_2","bone":"R"},{"name":"LHcb_0002_02_","bone":"L"},{"name":"LHcb_0002_02_2","bone":"R"},{"name":"LHcb_0002_01_","bone":"L"},{"name":"LHcb_0002_01_2","bone":"R"},{"name":"LHcb_0000_02_","bone":"L"},{"name":"LHcb_0000_02_2","bone":"R"},{"name":"LHcb_0000_01_","bone":"L"},{"name":"LHcb_0000_01_2","bone":"R"}],"skins":{"default":{"LHcb_0000_01_":{"LHcb_0000_01_":{"x":-205.3,"y":92,"width":312,"height":236}},"LHcb_0000_01_2":{"LHcb_0000_01_":{"x":-205.3,"y":92,"width":312,"height":236}},"LHcb_0000_02_":{"LHcb_0000_02_":{"x":-194.3,"y":-119,"width":292,"height":186}},"LHcb_0000_02_2":{"LHcb_0000_02_":{"x":-194.3,"y":-119,"width":292,"height":186}},"LHcb_0002_01_":{"LHcb_0002_01_":{"x":-197.8,"y":85,"width":293,"height":226}},"LHcb_0002_01_2":{"LHcb_0002_01_":{"x":-197.8,"y":85,"width":293,"height":226}},"LHcb_0002_02_":{"LHcb_0002_02_":{"x":-190.8,"y":-120.5,"width":283,"height":185}},"LHcb_0002_02_2":{"LHcb_0002_02_":{"x":-190.8,"y":-120.5,"width":283,"height":185}},"LHcb_0004_01_":{"LHcb_0004_01_":{"x":-190.8,"y":65.5,"width":281,"height":229}},"LHcb_0004_01_2":{"LHcb_0004_01_":{"x":-190.8,"y":65.5,"width":281,"height":229}},"LHcb_0004_02_":{"LHcb_0004_02_":{"x":-187.3,"y":-132,"width":274,"height":166}},"LHcb_0004_02_2":{"LHcb_0004_02_":{"x":-187.3,"y":-132,"width":274,"height":166}},"LHcb_0006_01_":{"LHcb_0006_01_":{"x":-183.3,"y":61.5,"width":264,"height":213}},"LHcb_0006_01_2":{"LHcb_0006_01_":{"x":-183.3,"y":61.5,"width":264,"height":213}},"LHcb_0006_02_":{"LHcb_0006_02_":{"x":-189.3,"y":-129,"width":276,"height":168}},"LHcb_0006_02_2":{"LHcb_0006_02_":{"x":-189.3,"y":-129,"width":276,"height":168}},"LHcb_0008_01_":{"LHcb_0008_01_":{"x":-193.8,"y":62.5,"width":285,"height":229}},"LHcb_0008_01_2":{"LHcb_0008_01_":{"x":-193.8,"y":62.5,"width":285,"height":229}},"LHcb_0008_02_":{"LHcb_0008_02_":{"x":-194.3,"y":-132,"width":284,"height":160}},"LHcb_0008_02_2":{"LHcb_0008_02_":{"x":-194.3,"y":-132,"width":284,"height":160}},"LHcb_0010_01_":{"LHcb_0010_01_":{"x":-198.3,"y":57.5,"width":294,"height":221}},"LHcb_0010_01_2":{"LHcb_0010_01_":{"x":-198.3,"y":57.5,"width":294,"height":221}},"LHcb_0010_02_":{"LHcb_0010_02_":{"x":-201.8,"y":-133,"width":297,"height":160}},"LHcb_0010_02_2":{"LHcb_0010_02_":{"x":-201.8,"y":-133,"width":297,"height":160}},"LHcb_0012_01_":{"LHcb_0012_01_":{"x":-208.3,"y":66,"width":314,"height":234}},"LHcb_0012_01_2":{"LHcb_0012_01_":{"x":-208.3,"y":66,"width":314,"height":234}},"LHcb_0012_02_":{"LHcb_0012_02_":{"x":-207.8,"y":-131,"width":305,"height":160}},"LHcb_0012_02_2":{"LHcb_0012_02_":{"x":-207.8,"y":-131,"width":305,"height":160}},"LHcb_0014_01_":{"LHcb_0014_01_":{"x":-219.3,"y":61.5,"width":336,"height":237}},"LHcb_0014_01_2":{"LHcb_0014_01_":{"x":-219.3,"y":61.5,"width":336,"height":237}},"LHcb_0014_02_":{"LHcb_0014_02_":{"x":-211.8,"y":-129.5,"width":307,"height":145}},"LHcb_0014_02_2":{"LHcb_0014_02_":{"x":-211.8,"y":-129.5,"width":307,"height":145}},"LHcb_0016_01_":{"LHcb_0016_01_":{"x":-230.3,"y":61.5,"width":362,"height":247}},"LHcb_0016_01_2":{"LHcb_0016_01_":{"x":-230.3,"y":61.5,"width":362,"height":247}},"LHcb_0016_02_":{"LHcb_0016_02_":{"x":-210.8,"y":-127,"width":305,"height":130}},"LHcb_0016_02_2":{"LHcb_0016_02_":{"x":-210.8,"y":-127,"width":305,"height":130}},"LHcb_0018_01_":{"LHcb_0018_01_":{"x":-239.8,"y":44,"width":387,"height":306}},"LHcb_0018_01_2":{"LHcb_0018_01_":{"x":-239.8,"y":44,"width":387,"height":306}},"LHcb_0018_02_":{"LHcb_0018_02_":{"x":-179.8,"y":-147.5,"width":201,"height":77}},"LHcb_0018_02_2":{"LHcb_0018_02_":{"x":-179.8,"y":-147.5,"width":201,"height":77}},"LHcb_0020_01_":{"LHcb_0020_01_":{"x":-243.3,"y":57.5,"width":398,"height":301}},"LHcb_0020_01_2":{"LHcb_0020_01_":{"x":-243.3,"y":57.5,"width":398,"height":301}},"LHcb_0020_02_":{"LHcb_0020_02_":{"x":-173.3,"y":-143,"width":230,"height":100}},"LHcb_0020_02_2":{"LHcb_0020_02_":{"x":-173.3,"y":-143,"width":230,"height":100}},"LHcb_0022_01_":{"LHcb_0022_01_":{"x":-236.3,"y":68,"width":390,"height":286}},"LHcb_0022_01_2":{"LHcb_0022_01_":{"x":-236.3,"y":68,"width":390,"height":286}},"LHcb_0022_02_":{"LHcb_0022_02_":{"x":-183.3,"y":-137.5,"width":268,"height":125}},"LHcb_0022_02_2":{"LHcb_0022_02_":{"x":-183.3,"y":-137.5,"width":268,"height":125}},"LHcb_0024_01_":{"LHcb_0024_01_":{"x":-223.8,"y":59.5,"width":365,"height":307}},"LHcb_0024_01_2":{"LHcb_0024_01_":{"x":-223.8,"y":59.5,"width":365,"height":307}},"LHcb_0024_02_":{"LHcb_0024_02_":{"x":-174.3,"y":-149,"width":242,"height":110}},"LHcb_0024_02_2":{"LHcb_0024_02_":{"x":-174.3,"y":-149,"width":242,"height":110}},"LHcb_0026_01_":{"LHcb_0026_01_":{"x":-215.8,"y":52.5,"width":345,"height":321}},"LHcb_0026_01_2":{"LHcb_0026_01_":{"x":-215.8,"y":52.5,"width":345,"height":321}},"LHcb_0026_02_":{"LHcb_0026_02_":{"x":-175.3,"y":-156,"width":236,"height":96}},"LHcb_0026_02_2":{"LHcb_0026_02_":{"x":-175.3,"y":-156,"width":236,"height":96}},"LHcb_0028_01_":{"LHcb_0028_01_":{"x":-211.3,"y":48,"width":330,"height":320}},"LHcb_0028_01_2":{"LHcb_0028_01_":{"x":-211.3,"y":48,"width":330,"height":320}},"LHcb_0028_02_":{"LHcb_0028_02_":{"x":-170.8,"y":-162.5,"width":225,"height":101}},"LHcb_0028_02_2":{"LHcb_0028_02_":{"x":-170.8,"y":-162.5,"width":225,"height":101}},"LHcb_0030_01_":{"LHcb_0030_01_":{"x":-205.8,"y":39,"width":315,"height":318}},"LHcb_0030_01_2":{"LHcb_0030_01_":{"x":-205.8,"y":39,"width":315,"height":318}},"LHcb_0030_02_":{"LHcb_0030_02_":{"x":-166.3,"y":-170,"width":208,"height":100}},"LHcb_0030_02_2":{"LHcb_0030_02_":{"x":-166.3,"y":-170,"width":208,"height":100}},"LHcb_0032_01_":{"LHcb_0032_01_":{"x":-204.8,"y":36.5,"width":311,"height":333}},"LHcb_0032_01_2":{"LHcb_0032_01_":{"x":-204.8,"y":36.5,"width":311,"height":333}},"LHcb_0032_02_":{"LHcb_0032_02_":{"x":-161.3,"y":-173.5,"width":182,"height":87}},"LHcb_0032_02_2":{"LHcb_0032_02_":{"x":-161.3,"y":-173.5,"width":182,"height":87}},"LHcb_0034_01_":{"LHcb_0034_01_":{"x":-210.8,"y":30.5,"width":323,"height":313}},"LHcb_0034_01_2":{"LHcb_0034_01_":{"x":-210.8,"y":30.5,"width":323,"height":313}},"LHcb_0034_02_":{"LHcb_0034_02_":{"x":-167.3,"y":-171.5,"width":198,"height":91}},"LHcb_0034_02_2":{"LHcb_0034_02_":{"x":-167.3,"y":-171.5,"width":198,"height":91}},"LHcb_0036_01_":{"LHcb_0036_01_":{"x":-216.8,"y":37.5,"width":331,"height":309}},"LHcb_0036_01_2":{"LHcb_0036_01_":{"x":-216.8,"y":37.5,"width":331,"height":309}},"LHcb_0036_02_":{"LHcb_0036_02_":{"x":-177.8,"y":-168.5,"width":231,"height":103}},"LHcb_0036_02_2":{"LHcb_0036_02_":{"x":-177.8,"y":-168.5,"width":231,"height":103}},"LHcb_0038_01_":{"LHcb_0038_01_":{"x":-216.8,"y":44.5,"width":327,"height":291}},"LHcb_0038_01_2":{"LHcb_0038_01_":{"x":-216.8,"y":44.5,"width":327,"height":291}},"LHcb_0038_02_":{"LHcb_0038_02_":{"x":-191.3,"y":-162,"width":262,"height":122}},"LHcb_0038_02_2":{"LHcb_0038_02_":{"x":-191.3,"y":-162,"width":262,"height":122}},"LHcb_0040_01_":{"LHcb_0040_01_":{"x":-219.3,"y":22.5,"width":322,"height":309}},"LHcb_0040_01_2":{"LHcb_0040_01_":{"x":-219.3,"y":22.5,"width":322,"height":309}},"LHcb_0040_02_":{"LHcb_0040_02_":{"x":-172.8,"y":-175.5,"width":183,"height":87}},"LHcb_0040_02_2":{"LHcb_0040_02_":{"x":-172.8,"y":-175.5,"width":183,"height":87}},"LHcb_0042_01_":{"LHcb_0042_01_":{"x":-228.8,"y":48.5,"width":333,"height":243}},"LHcb_0042_01_2":{"LHcb_0042_01_":{"x":-228.8,"y":48.5,"width":333,"height":243}},"LHcb_0042_02_":{"LHcb_0042_02_":{"x":-205.3,"y":-144,"width":278,"height":142}},"LHcb_0042_02_2":{"LHcb_0042_02_":{"x":-205.3,"y":-144,"width":278,"height":142}},"LHcb_0044_01_":{"LHcb_0044_01_":{"x":-231.8,"y":40.5,"width":337,"height":295}},"LHcb_0044_01_2":{"LHcb_0044_01_":{"x":-231.8,"y":40.5,"width":337,"height":295}},"LHcb_0044_02_":{"LHcb_0044_02_":{"x":-179.3,"y":-161.5,"width":196,"height":109}},"LHcb_0044_02_2":{"LHcb_0044_02_":{"x":-179.3,"y":-161.5,"width":196,"height":109}},"LHcb_0046_01_":{"LHcb_0046_01_":{"x":-222.8,"y":67.5,"width":323,"height":281}},"LHcb_0046_01_2":{"LHcb_0046_01_":{"x":-222.8,"y":67.5,"width":323,"height":281}},"LHcb_0046_02_":{"LHcb_0046_02_":{"x":-194.3,"y":-143,"width":240,"height":140}},"LHcb_0046_02_2":{"LHcb_0046_02_":{"x":-194.3,"y":-143,"width":240,"height":140}},"LHcb_0048_01_":{"LHcb_0048_01_":{"x":-168.3,"y":161,"width":170,"height":92}},"LHcb_0048_01_2":{"LHcb_0048_01_":{"x":-168.3,"y":161,"width":170,"height":92}},"LHcb_0048_02_":{"LHcb_0048_02_":{"x":-216.8,"y":9.5,"width":319,"height":215}},"LHcb_0048_02_2":{"LHcb_0048_02_":{"x":-216.8,"y":9.5,"width":319,"height":215}},"LHcb_0048_03_":{"LHcb_0048_03_":{"x":-170.3,"y":-152.5,"width":176,"height":109}},"LHcb_0048_03_2":{"LHcb_0048_03_":{"x":-170.3,"y":-152.5,"width":176,"height":109}},"LHcb_0050_01_":{"LHcb_0050_01_":{"x":-154.8,"y":164,"width":165,"height":90}},"LHcb_0050_01_2":{"LHcb_0050_01_":{"x":-154.8,"y":164,"width":165,"height":90}},"LHcb_0050_02_":{"LHcb_0050_02_":{"x":-202.3,"y":20.5,"width":300,"height":223}},"LHcb_0050_02_2":{"LHcb_0050_02_":{"x":-202.3,"y":20.5,"width":300,"height":223}},"LHcb_0050_03_":{"LHcb_0050_03_":{"x":-166.3,"y":-146,"width":170,"height":110}},"LHcb_0050_03_2":{"LHcb_0050_03_":{"x":-166.3,"y":-146,"width":170,"height":110}},"LHcb_0052_01_":{"LHcb_0052_01_":{"x":-135.3,"y":170.5,"width":146,"height":95}},"LHcb_0052_01_2":{"LHcb_0052_01_":{"x":-135.3,"y":170.5,"width":146,"height":95}},"LHcb_0052_02_":{"LHcb_0052_02_":{"x":-193.3,"y":30.5,"width":294,"height":231}},"LHcb_0052_02_2":{"LHcb_0052_02_":{"x":-193.3,"y":30.5,"width":294,"height":231}},"LHcb_0052_03_":{"LHcb_0052_03_":{"x":-162.8,"y":-140.5,"width":169,"height":111}},"LHcb_0052_03_2":{"LHcb_0052_03_":{"x":-162.8,"y":-140.5,"width":169,"height":111}},"LHcb_0054_01_":{"LHcb_0054_01_":{"x":-122.8,"y":179,"width":115,"height":90}},"LHcb_0054_01_2":{"LHcb_0054_01_":{"x":-122.8,"y":179,"width":115,"height":90}},"LHcb_0054_02_":{"LHcb_0054_02_":{"x":-185.3,"y":27,"width":288,"height":220}},"LHcb_0054_02_2":{"LHcb_0054_02_":{"x":-185.3,"y":27,"width":288,"height":220}},"LHcb_0054_03_":{"LHcb_0054_03_":{"x":-160.8,"y":-136,"width":173,"height":106}},"LHcb_0054_03_2":{"LHcb_0054_03_":{"x":-160.8,"y":-136,"width":173,"height":106}},"LHcb_0056_01_":{"LHcb_0056_01_":{"x":-150.8,"y":143.5,"width":209,"height":139}},"LHcb_0056_01_2":{"LHcb_0056_01_":{"x":-150.8,"y":143.5,"width":209,"height":139}},"LHcb_0056_02_":{"LHcb_0056_02_":{"x":-183.3,"y":-55.5,"width":290,"height":259}},"LHcb_0056_02_2":{"LHcb_0056_02_":{"x":-183.3,"y":-55.5,"width":290,"height":259}},"LHcb_0058_01_":{"LHcb_0058_01_":{"x":-233.3,"y":88.5,"width":344,"height":179}},"LHcb_0058_01_2":{"LHcb_0058_01_":{"x":-233.3,"y":88.5,"width":344,"height":179}},"LHcb_0058_02_":{"LHcb_0058_02_":{"x":-230.8,"y":-71.5,"width":347,"height":141}},"LHcb_0058_02_2":{"LHcb_0058_02_":{"x":-230.8,"y":-71.5,"width":347,"height":141}},"LHcb_0058_03_":{"LHcb_0058_03_":{"x":-225.3,"y":-166,"width":236,"height":48}},"LHcb_0058_03_2":{"LHcb_0058_03_":{"x":-225.3,"y":-166,"width":236,"height":48}},"LHcb_0058_04_":{"LHcb_0058_04_":{"x":-320.3,"y":-212.5,"width":112,"height":45}},"LHcb_0058_04_2":{"LHcb_0058_04_":{"x":-320.3,"y":-212.5,"width":112,"height":45}},"LHcb_0060_01_":{"LHcb_0060_01_":{"x":-241.8,"y":101.5,"width":353,"height":203}},"LHcb_0060_01_2":{"LHcb_0060_01_":{"x":-241.8,"y":101.5,"width":353,"height":203}},"LHcb_0060_02_":{"LHcb_0060_02_":{"x":-239.3,"y":-74,"width":360,"height":148}},"LHcb_0060_02_2":{"LHcb_0060_02_":{"x":-239.3,"y":-74,"width":360,"height":148}},"LHcb_0060_03_":{"LHcb_0060_03_":{"x":-231.3,"y":-189.5,"width":266,"height":83}},"LHcb_0060_03_2":{"LHcb_0060_03_":{"x":-231.3,"y":-189.5,"width":266,"height":83}},"LHcb_0062_01_":{"LHcb_0062_01_":{"x":-231.3,"y":-59.5,"width":342,"height":183}},"LHcb_0062_01_2":{"LHcb_0062_01_":{"x":-231.3,"y":-59.5,"width":342,"height":183}},"LHcb_0062_02_":{"LHcb_0062_02_":{"x":-240.8,"y":-191,"width":281,"height":80}},"LHcb_0062_02_2":{"LHcb_0062_02_":{"x":-240.8,"y":-191,"width":281,"height":80}},"LHcb_0062_03_":{"LHcb_0062_03_":{"x":-229.3,"y":123,"width":306,"height":182}},"LHcb_0062_03_2":{"LHcb_0062_03_":{"x":-229.3,"y":123,"width":306,"height":182}},"LHcb_0062_04_":{"LHcb_0062_04_":{"x":-415.8,"y":138,"width":67,"height":14}},"LHcb_0062_04_2":{"LHcb_0062_04_":{"x":-415.8,"y":138,"width":67,"height":14}},"LHcb_0064_01_":{"LHcb_0064_01_":{"x":-250.8,"y":107,"width":365,"height":200}},"LHcb_0064_01_2":{"LHcb_0064_01_":{"x":-250.8,"y":107,"width":365,"height":200}},"LHcb_0064_02_":{"LHcb_0064_02_":{"x":-235.3,"y":-53.5,"width":348,"height":121}},"LHcb_0064_02_2":{"LHcb_0064_02_":{"x":-235.3,"y":-53.5,"width":348,"height":121}},"LHcb_0064_03_":{"LHcb_0064_03_":{"x":-223.3,"y":-173.5,"width":286,"height":119}},"LHcb_0064_03_2":{"LHcb_0064_03_":{"x":-223.3,"y":-173.5,"width":286,"height":119}},"LHcb_0066_01_":{"LHcb_0066_01_":{"x":-243.8,"y":104,"width":355,"height":206}},"LHcb_0066_01_2":{"LHcb_0066_01_":{"x":-243.8,"y":104,"width":355,"height":206}},"LHcb_0066_02_":{"LHcb_0066_02_":{"x":-229.3,"y":-59,"width":336,"height":120}},"LHcb_0066_02_2":{"LHcb_0066_02_":{"x":-229.3,"y":-59,"width":336,"height":120}},"LHcb_0066_03_":{"LHcb_0066_03_":{"x":-222.3,"y":-170.5,"width":282,"height":103}},"LHcb_0066_03_2":{"LHcb_0066_03_":{"x":-222.3,"y":-170.5,"width":282,"height":103}},"LHcb_0068_01_":{"LHcb_0068_01_":{"x":-208.3,"y":-122.5,"width":294,"height":175}},"LHcb_0068_01_2":{"LHcb_0068_01_":{"x":-208.3,"y":-122.5,"width":294,"height":175}},"LHcb_0068_02_":{"LHcb_0068_02_":{"x":-198.3,"y":86.5,"width":272,"height":243}},"LHcb_0068_02_2":{"LHcb_0068_02_":{"x":-198.3,"y":86.5,"width":272,"height":243}},"LHcb_0068_03_":{"LHcb_0068_03_":{"x":-358.8,"y":46.5,"width":49,"height":25}},"LHcb_0068_03_2":{"LHcb_0068_03_":{"x":-358.8,"y":46.5,"width":49,"height":25}},"LHcb_0070_01_":{"LHcb_0070_01_":{"x":-174.8,"y":87,"width":227,"height":250}},"LHcb_0070_01_2":{"LHcb_0070_01_":{"x":-174.8,"y":87,"width":227,"height":250}},"LHcb_0070_03_":{"LHcb_0070_03_":{"x":-151.8,"y":-125,"width":183,"height":174}},"LHcb_0070_03_2":{"LHcb_0070_03_":{"x":-151.8,"y":-125,"width":183,"height":174}},"LHcb_0072_01_":{"LHcb_0072_01_":{"x":-150.3,"y":102,"width":190,"height":240}},"LHcb_0072_01_2":{"LHcb_0072_01_":{"x":-150.3,"y":102,"width":190,"height":240}},"LHcb_0072_02_":{"LHcb_0072_02_":{"x":-151.8,"y":-116,"width":187,"height":196}},"LHcb_0072_02_2":{"LHcb_0072_02_":{"x":-151.8,"y":-116,"width":187,"height":196}},"LHcb_0074_01_":{"LHcb_0074_01_":{"x":-147.3,"y":78,"width":198,"height":254}},"LHcb_0074_01_2":{"LHcb_0074_01_":{"x":-147.3,"y":78,"width":198,"height":254}},"LHcb_0074_02_":{"LHcb_0074_02_":{"x":-153.8,"y":-135,"width":189,"height":172}},"LHcb_0074_02_2":{"LHcb_0074_02_":{"x":-153.8,"y":-135,"width":189,"height":172}},"LHcb_0076_01_":{"LHcb_0076_01_":{"x":-181.8,"y":84,"width":239,"height":236}},"LHcb_0076_01_2":{"LHcb_0076_01_":{"x":-181.8,"y":84,"width":239,"height":236}},"LHcb_0076_02_":{"LHcb_0076_02_":{"x":-169.3,"y":-126,"width":216,"height":184}},"LHcb_0076_02_2":{"LHcb_0076_02_":{"x":-169.3,"y":-126,"width":216,"height":184}},"LHcb_0078_01_":{"LHcb_0078_01_":{"x":-193.3,"y":76,"width":262,"height":240}},"LHcb_0078_01_2":{"LHcb_0078_01_":{"x":-193.3,"y":76,"width":262,"height":240}},"LHcb_0078_02_":{"LHcb_0078_02_":{"x":-185.8,"y":-126,"width":247,"height":164}},"LHcb_0078_02_2":{"LHcb_0078_02_":{"x":-185.8,"y":-126,"width":247,"height":164}},"LHcb_0080_01_":{"LHcb_0080_01_":{"x":-205.3,"y":81.5,"width":286,"height":253}},"LHcb_0080_01_2":{"LHcb_0080_01_":{"x":-205.3,"y":81.5,"width":286,"height":253}},"LHcb_0080_02_":{"LHcb_0080_02_":{"x":-196.8,"y":-124,"width":265,"height":158}},"LHcb_0080_02_2":{"LHcb_0080_02_":{"x":-196.8,"y":-124,"width":265,"height":158}}}},"animations":{"animation":{"slots":{"LHcb_0000_01_":{"attachment":[{"time":0,"name":"LHcb_0000_01_"},{"time":0.1333,"name":null}]},"LHcb_0000_02_":{"attachment":[{"time":0,"name":"LHcb_0000_02_"},{"time":0.1333,"name":null}]},"LHcb_0000_01_2":{"attachment":[{"time":0,"name":"LHcb_0000_01_"},{"time":0.1333,"name":null}]},"LHcb_0000_02_2":{"attachment":[{"time":0,"name":"LHcb_0000_02_"},{"time":0.1333,"name":null}]},"LHcb_0002_01_":{"attachment":[{"time":0.1333,"name":"LHcb_0002_01_"},{"time":0.2333,"name":null}]},"LHcb_0002_02_":{"attachment":[{"time":0.1333,"name":"LHcb_0002_02_"},{"time":0.2333,"name":null}]},"LHcb_0002_01_2":{"attachment":[{"time":0.1333,"name":"LHcb_0002_01_"},{"time":0.2333,"name":null}]},"LHcb_0002_02_2":{"attachment":[{"time":0.1333,"name":"LHcb_0002_02_"},{"time":0.2333,"name":null}]},"LHcb_0004_01_":{"attachment":[{"time":0.2333,"name":"LHcb_0004_01_"},{"time":0.3667,"name":null}]},"LHcb_0004_02_":{"attachment":[{"time":0.2333,"name":"LHcb_0004_02_"},{"time":0.3667,"name":null}]},"LHcb_0004_01_2":{"attachment":[{"time":0.2333,"name":"LHcb_0004_01_"},{"time":0.3667,"name":null}]},"LHcb_0004_02_2":{"attachment":[{"time":0.2333,"name":"LHcb_0004_02_"},{"time":0.3667,"name":null}]},"LHcb_0006_01_":{"attachment":[{"time":0.3667,"name":"LHcb_0006_01_"},{"time":0.5,"name":null}]},"LHcb_0006_02_":{"attachment":[{"time":0.3667,"name":"LHcb_0006_02_"},{"time":0.5,"name":null}]},"LHcb_0006_01_2":{"attachment":[{"time":0.3667,"name":"LHcb_0006_01_"},{"time":0.5,"name":null}]},"LHcb_0006_02_2":{"attachment":[{"time":0.3667,"name":"LHcb_0006_02_"},{"time":0.5,"name":null}]},"LHcb_0008_01_":{"attachment":[{"time":0.5,"name":"LHcb_0008_01_"},{"time":0.6333,"name":null}]},"LHcb_0008_02_":{"attachment":[{"time":0.5,"name":"LHcb_0008_02_"},{"time":0.6333,"name":null}]},"LHcb_0008_01_2":{"attachment":[{"time":0.5,"name":"LHcb_0008_01_"},{"time":0.6333,"name":null}]},"LHcb_0008_02_2":{"attachment":[{"time":0.5,"name":"LHcb_0008_02_"},{"time":0.6333,"name":null}]},"LHcb_0010_01_":{"attachment":[{"time":0.6333,"name":"LHcb_0010_01_"},{"time":0.7333,"name":null}]},"LHcb_0010_02_":{"attachment":[{"time":0.6333,"name":"LHcb_0010_02_"},{"time":0.7333,"name":null}]},"LHcb_0010_01_2":{"attachment":[{"time":0.6333,"name":"LHcb_0010_01_"},{"time":0.7333,"name":null}]},"LHcb_0010_02_2":{"attachment":[{"time":0.6333,"name":"LHcb_0010_02_"},{"time":0.7333,"name":null}]},"LHcb_0012_01_":{"attachment":[{"time":0.7333,"name":"LHcb_0012_01_"},{"time":0.8667,"name":null}]},"LHcb_0012_02_":{"attachment":[{"time":0.7333,"name":"LHcb_0012_02_"},{"time":0.8667,"name":null}]},"LHcb_0012_01_2":{"attachment":[{"time":0.7333,"name":"LHcb_0012_01_"},{"time":0.8667,"name":null}]},"LHcb_0012_02_2":{"attachment":[{"time":0.7333,"name":"LHcb_0012_02_"},{"time":0.8667,"name":null}]},"LHcb_0014_01_":{"attachment":[{"time":0.8667,"name":"LHcb_0014_01_"},{"time":1,"name":null}]},"LHcb_0014_02_":{"attachment":[{"time":0.8667,"name":"LHcb_0014_02_"},{"time":1,"name":null}]},"LHcb_0014_01_2":{"attachment":[{"time":0.8667,"name":"LHcb_0014_01_"},{"time":1,"name":null}]},"LHcb_0014_02_2":{"attachment":[{"time":0.8667,"name":"LHcb_0014_02_"},{"time":1,"name":null}]},"LHcb_0016_01_":{"attachment":[{"time":1,"name":"LHcb_0016_01_"},{"time":1.1,"name":null}]},"LHcb_0016_02_":{"attachment":[{"time":1,"name":"LHcb_0016_02_"},{"time":1.1,"name":null}]},"LHcb_0016_01_2":{"attachment":[{"time":1,"name":"LHcb_0016_01_"},{"time":1.1,"name":null}]},"LHcb_0016_02_2":{"attachment":[{"time":1,"name":"LHcb_0016_02_"},{"time":1.1,"name":null}]},"LHcb_0018_01_":{"attachment":[{"time":1.1,"name":"LHcb_0018_01_"},{"time":1.2333,"name":null}]},"LHcb_0018_02_":{"attachment":[{"time":1.1,"name":"LHcb_0018_02_"},{"time":1.2333,"name":null}]},"LHcb_0018_01_2":{"attachment":[{"time":1.1,"name":"LHcb_0018_01_"},{"time":1.2333,"name":null}]},"LHcb_0018_02_2":{"attachment":[{"time":1.1,"name":"LHcb_0018_02_"},{"time":1.2333,"name":null}]},"LHcb_0020_01_":{"attachment":[{"time":1.2333,"name":"LHcb_0020_01_"},{"time":1.3667,"name":null}]},"LHcb_0020_02_":{"attachment":[{"time":1.2333,"name":"LHcb_0020_02_"},{"time":1.3667,"name":null}]},"LHcb_0020_01_2":{"attachment":[{"time":1.2333,"name":"LHcb_0020_01_"},{"time":1.3667,"name":null}]},"LHcb_0020_02_2":{"attachment":[{"time":1.2333,"name":"LHcb_0020_02_"},{"time":1.3667,"name":null}]},"LHcb_0022_01_":{"attachment":[{"time":1.3667,"name":"LHcb_0022_01_"},{"time":1.4667,"name":null}]},"LHcb_0022_02_":{"attachment":[{"time":1.3667,"name":"LHcb_0022_02_"},{"time":1.4667,"name":null}]},"LHcb_0022_01_2":{"attachment":[{"time":1.3667,"name":"LHcb_0022_01_"},{"time":1.4667,"name":null}]},"LHcb_0022_02_2":{"attachment":[{"time":1.3667,"name":"LHcb_0022_02_"},{"time":1.4667,"name":null}]},"LHcb_0024_01_":{"attachment":[{"time":1.4667,"name":"LHcb_0024_01_"},{"time":1.6,"name":null}]},"LHcb_0024_02_":{"attachment":[{"time":1.4667,"name":"LHcb_0024_02_"},{"time":1.6,"name":null}]},"LHcb_0024_01_2":{"attachment":[{"time":1.4667,"name":"LHcb_0024_01_"},{"time":1.6,"name":null}]},"LHcb_0024_02_2":{"attachment":[{"time":1.4667,"name":"LHcb_0024_02_"},{"time":1.6,"name":null}]},"LHcb_0026_01_":{"attachment":[{"time":1.6,"name":"LHcb_0026_01_"},{"time":1.7333,"name":null}]},"LHcb_0026_02_":{"attachment":[{"time":1.6,"name":"LHcb_0026_02_"},{"time":1.7333,"name":null}]},"LHcb_0026_01_2":{"attachment":[{"time":1.6,"name":"LHcb_0026_01_"},{"time":1.7333,"name":null}]},"LHcb_0026_02_2":{"attachment":[{"time":1.6,"name":"LHcb_0026_02_"},{"time":1.7333,"name":null}]},"LHcb_0028_01_":{"attachment":[{"time":1.7333,"name":"LHcb_0028_01_"},{"time":1.8667,"name":null}]},"LHcb_0028_02_":{"attachment":[{"time":1.7333,"name":"LHcb_0028_02_"},{"time":1.8667,"name":null}]},"LHcb_0028_01_2":{"attachment":[{"time":1.7333,"name":"LHcb_0028_01_"},{"time":1.8667,"name":null}]},"LHcb_0028_02_2":{"attachment":[{"time":1.7333,"name":"LHcb_0028_02_"},{"time":1.8667,"name":null}]},"LHcb_0030_01_":{"attachment":[{"time":1.8667,"name":"LHcb_0030_01_"},{"time":1.9667,"name":null}]},"LHcb_0030_02_":{"attachment":[{"time":1.8667,"name":"LHcb_0030_02_"},{"time":1.9667,"name":null}]},"LHcb_0030_01_2":{"attachment":[{"time":1.8667,"name":"LHcb_0030_01_"},{"time":1.9667,"name":null}]},"LHcb_0030_02_2":{"attachment":[{"time":1.8667,"name":"LHcb_0030_02_"},{"time":1.9667,"name":null}]},"LHcb_0032_01_":{"attachment":[{"time":1.9667,"name":"LHcb_0032_01_"},{"time":2.1,"name":null}]},"LHcb_0032_02_":{"attachment":[{"time":1.9667,"name":"LHcb_0032_02_"},{"time":2.1,"name":null}]},"LHcb_0032_01_2":{"attachment":[{"time":1.9667,"name":"LHcb_0032_01_"},{"time":2.1,"name":null}]},"LHcb_0032_02_2":{"attachment":[{"time":1.9667,"name":"LHcb_0032_02_"},{"time":2.1,"name":null}]},"LHcb_0034_01_":{"attachment":[{"time":2.1,"name":"LHcb_0034_01_"},{"time":2.2333,"name":null}]},"LHcb_0034_02_":{"attachment":[{"time":2.1,"name":"LHcb_0034_02_"},{"time":2.2333,"name":null}]},"LHcb_0034_01_2":{"attachment":[{"time":2.1,"name":"LHcb_0034_01_"},{"time":2.2333,"name":null}]},"LHcb_0034_02_2":{"attachment":[{"time":2.1,"name":"LHcb_0034_02_"},{"time":2.2333,"name":null}]},"LHcb_0036_01_":{"attachment":[{"time":2.2333,"name":"LHcb_0036_01_"},{"time":2.3333,"name":null}]},"LHcb_0036_02_":{"attachment":[{"time":2.2333,"name":"LHcb_0036_02_"},{"time":2.3333,"name":null}]},"LHcb_0036_01_2":{"attachment":[{"time":2.2333,"name":"LHcb_0036_01_"},{"time":2.3333,"name":null}]},"LHcb_0036_02_2":{"attachment":[{"time":2.2333,"name":"LHcb_0036_02_"},{"time":2.3333,"name":null}]},"LHcb_0038_01_":{"attachment":[{"time":2.3333,"name":"LHcb_0038_01_"},{"time":2.4667,"name":null}]},"LHcb_0038_02_":{"attachment":[{"time":2.3333,"name":"LHcb_0038_02_"},{"time":2.4667,"name":null}]},"LHcb_0038_01_2":{"attachment":[{"time":2.3333,"name":"LHcb_0038_01_"},{"time":2.4667,"name":null}]},"LHcb_0038_02_2":{"attachment":[{"time":2.3333,"name":"LHcb_0038_02_"},{"time":2.4667,"name":null}]},"LHcb_0040_01_":{"attachment":[{"time":2.4667,"name":"LHcb_0040_01_"},{"time":2.6,"name":null}]},"LHcb_0040_02_":{"attachment":[{"time":2.4667,"name":"LHcb_0040_02_"},{"time":2.6,"name":null}]},"LHcb_0040_01_2":{"attachment":[{"time":2.4667,"name":"LHcb_0040_01_"},{"time":2.6,"name":null}]},"LHcb_0040_02_2":{"attachment":[{"time":2.4667,"name":"LHcb_0040_02_"},{"time":2.6,"name":null}]},"LHcb_0042_01_":{"attachment":[{"time":2.6,"name":"LHcb_0042_01_"},{"time":2.7,"name":null}]},"LHcb_0042_02_":{"attachment":[{"time":2.6,"name":"LHcb_0042_02_"},{"time":2.7,"name":null}]},"LHcb_0042_01_2":{"attachment":[{"time":2.6,"name":"LHcb_0042_01_"},{"time":2.7,"name":null}]},"LHcb_0042_02_2":{"attachment":[{"time":2.6,"name":"LHcb_0042_02_"},{"time":2.7,"name":null}]},"LHcb_0044_01_":{"attachment":[{"time":2.7,"name":"LHcb_0044_01_"},{"time":2.8333,"name":null}]},"LHcb_0044_02_":{"attachment":[{"time":2.7,"name":"LHcb_0044_02_"},{"time":2.8333,"name":null}]},"LHcb_0044_01_2":{"attachment":[{"time":2.7,"name":"LHcb_0044_01_"},{"time":2.8333,"name":null}]},"LHcb_0044_02_2":{"attachment":[{"time":2.7,"name":"LHcb_0044_02_"},{"time":2.8333,"name":null}]},"LHcb_0046_01_":{"attachment":[{"time":2.8333,"name":"LHcb_0046_01_"},{"time":2.9667,"name":null}]},"LHcb_0046_02_":{"attachment":[{"time":2.8333,"name":"LHcb_0046_02_"},{"time":2.9667,"name":null}]},"LHcb_0046_01_2":{"attachment":[{"time":2.8333,"name":"LHcb_0046_01_"},{"time":2.9667,"name":null}]},"LHcb_0046_02_2":{"attachment":[{"time":2.8333,"name":"LHcb_0046_02_"},{"time":2.9667,"name":null}]},"LHcb_0048_01_":{"attachment":[{"time":2.9667,"name":"LHcb_0048_01_"},{"time":3.1,"name":null}]},"LHcb_0048_02_":{"attachment":[{"time":2.9667,"name":"LHcb_0048_02_"},{"time":3.1,"name":null}]},"LHcb_0048_03_":{"attachment":[{"time":2.9667,"name":"LHcb_0048_03_"},{"time":3.1,"name":null}]},"LHcb_0048_01_2":{"attachment":[{"time":2.9667,"name":"LHcb_0048_01_"},{"time":3.1,"name":null}]},"LHcb_0048_02_2":{"attachment":[{"time":2.9667,"name":"LHcb_0048_02_"},{"time":3.1,"name":null}]},"LHcb_0048_03_2":{"attachment":[{"time":2.9667,"name":"LHcb_0048_03_"},{"time":3.1,"name":null}]},"LHcb_0050_01_":{"attachment":[{"time":3.1,"name":"LHcb_0050_01_"},{"time":3.2,"name":null}]},"LHcb_0050_02_":{"attachment":[{"time":3.1,"name":"LHcb_0050_02_"},{"time":3.2,"name":null}]},"LHcb_0050_03_":{"attachment":[{"time":3.1,"name":"LHcb_0050_03_"},{"time":3.2,"name":null}]},"LHcb_0050_01_2":{"attachment":[{"time":3.1,"name":"LHcb_0050_01_"},{"time":3.2,"name":null}]},"LHcb_0050_02_2":{"attachment":[{"time":3.1,"name":"LHcb_0050_02_"},{"time":3.2,"name":null}]},"LHcb_0050_03_2":{"attachment":[{"time":3.1,"name":"LHcb_0050_03_"},{"time":3.2,"name":null}]},"LHcb_0052_01_":{"attachment":[{"time":3.2,"name":"LHcb_0052_01_"},{"time":3.3333,"name":null}]},"LHcb_0052_02_":{"attachment":[{"time":3.2,"name":"LHcb_0052_02_"},{"time":3.3333,"name":null}]},"LHcb_0052_03_":{"attachment":[{"time":3.2,"name":"LHcb_0052_03_"},{"time":3.3333,"name":null}]},"LHcb_0052_01_2":{"attachment":[{"time":3.2,"name":"LHcb_0052_01_"},{"time":3.3333,"name":null}]},"LHcb_0052_02_2":{"attachment":[{"time":3.2,"name":"LHcb_0052_02_"},{"time":3.3333,"name":null}]},"LHcb_0052_03_2":{"attachment":[{"time":3.2,"name":"LHcb_0052_03_"},{"time":3.3333,"name":null}]},"LHcb_0054_01_":{"attachment":[{"time":3.3333,"name":"LHcb_0054_01_"},{"time":3.4667,"name":null}]},"LHcb_0054_02_":{"attachment":[{"time":3.3333,"name":"LHcb_0054_02_"},{"time":3.4667,"name":null}]},"LHcb_0054_03_":{"attachment":[{"time":3.3333,"name":"LHcb_0054_03_"},{"time":3.4667,"name":null}]},"LHcb_0054_01_2":{"attachment":[{"time":3.3333,"name":"LHcb_0054_01_"},{"time":3.4667,"name":null}]},"LHcb_0054_02_2":{"attachment":[{"time":3.3333,"name":"LHcb_0054_02_"},{"time":3.4667,"name":null}]},"LHcb_0054_03_2":{"attachment":[{"time":3.3333,"name":"LHcb_0054_03_"},{"time":3.4667,"name":null}]},"LHcb_0056_01_":{"attachment":[{"time":3.4667,"name":"LHcb_0056_01_"},{"time":3.5667,"name":null}]},"LHcb_0056_02_":{"attachment":[{"time":3.4667,"name":"LHcb_0056_02_"},{"time":3.5667,"name":null}]},"LHcb_0056_01_2":{"attachment":[{"time":3.4667,"name":"LHcb_0056_01_"},{"time":3.5667,"name":null}]},"LHcb_0056_02_2":{"attachment":[{"time":3.4667,"name":"LHcb_0056_02_"},{"time":3.5667,"name":null}]},"LHcb_0058_01_":{"attachment":[{"time":3.5667,"name":"LHcb_0058_01_"},{"time":3.7,"name":null}]},"LHcb_0058_02_":{"attachment":[{"time":3.5667,"name":"LHcb_0058_02_"},{"time":3.7,"name":null}]},"LHcb_0058_03_":{"attachment":[{"time":3.5667,"name":"LHcb_0058_03_"},{"time":3.7,"name":null}]},"LHcb_0058_04_":{"attachment":[{"time":3.5667,"name":"LHcb_0058_04_"},{"time":3.7,"name":null}]},"LHcb_0058_01_2":{"attachment":[{"time":3.5667,"name":"LHcb_0058_01_"},{"time":3.7,"name":null}]},"LHcb_0058_02_2":{"attachment":[{"time":3.5667,"name":"LHcb_0058_02_"},{"time":3.7,"name":null}]},"LHcb_0058_03_2":{"attachment":[{"time":3.5667,"name":"LHcb_0058_03_"},{"time":3.7,"name":null}]},"LHcb_0058_04_2":{"attachment":[{"time":3.5667,"name":"LHcb_0058_04_"},{"time":3.7,"name":null}]},"LHcb_0060_01_":{"attachment":[{"time":3.7,"name":"LHcb_0060_01_"},{"time":3.8333,"name":null}]},"LHcb_0060_02_":{"attachment":[{"time":3.7,"name":"LHcb_0060_02_"},{"time":3.8333,"name":null}]},"LHcb_0060_03_":{"attachment":[{"time":3.7,"name":"LHcb_0060_03_"},{"time":3.8333,"name":null}]},"LHcb_0060_01_2":{"attachment":[{"time":3.7,"name":"LHcb_0060_01_"},{"time":3.8333,"name":null}]},"LHcb_0060_02_2":{"attachment":[{"time":3.7,"name":"LHcb_0060_02_"},{"time":3.8333,"name":null}]},"LHcb_0060_03_2":{"attachment":[{"time":3.7,"name":"LHcb_0060_03_"},{"time":3.8333,"name":null}]},"LHcb_0062_01_":{"attachment":[{"time":3.8333,"name":"LHcb_0062_01_"},{"time":3.9667,"name":null}]},"LHcb_0062_02_":{"attachment":[{"time":3.8333,"name":"LHcb_0062_02_"},{"time":3.9667,"name":null}]},"LHcb_0062_03_":{"attachment":[{"time":3.8333,"name":"LHcb_0062_03_"},{"time":3.9667,"name":null}]},"LHcb_0062_04_":{"attachment":[{"time":3.8333,"name":"LHcb_0062_04_"},{"time":3.9667,"name":null}]},"LHcb_0062_01_2":{"attachment":[{"time":3.8333,"name":"LHcb_0062_01_"},{"time":3.9667,"name":null}]},"LHcb_0062_02_2":{"attachment":[{"time":3.8333,"name":"LHcb_0062_02_"},{"time":3.9667,"name":null}]},"LHcb_0062_03_2":{"attachment":[{"time":3.8333,"name":"LHcb_0062_03_"},{"time":3.9667,"name":null}]},"LHcb_0062_04_2":{"attachment":[{"time":3.8333,"name":"LHcb_0062_04_"},{"time":3.9667,"name":null}]},"LHcb_0064_01_":{"attachment":[{"time":3.9667,"name":"LHcb_0064_01_"},{"time":4.0667,"name":null}]},"LHcb_0064_02_":{"attachment":[{"time":3.9667,"name":"LHcb_0064_02_"},{"time":4.0667,"name":null}]},"LHcb_0064_03_":{"attachment":[{"time":3.9667,"name":"LHcb_0064_03_"},{"time":4.0667,"name":null}]},"LHcb_0064_01_2":{"attachment":[{"time":3.9667,"name":"LHcb_0064_01_"},{"time":4.0667,"name":null}]},"LHcb_0064_02_2":{"attachment":[{"time":3.9667,"name":"LHcb_0064_02_"},{"time":4.0667,"name":null}]},"LHcb_0064_03_2":{"attachment":[{"time":3.9667,"name":"LHcb_0064_03_"},{"time":4.0667,"name":null}]},"LHcb_0066_01_":{"attachment":[{"time":4.0667,"name":"LHcb_0066_01_"},{"time":4.2,"name":null}]},"LHcb_0066_02_":{"attachment":[{"time":4.0667,"name":"LHcb_0066_02_"},{"time":4.2,"name":null}]},"LHcb_0066_03_":{"attachment":[{"time":4.0667,"name":"LHcb_0066_03_"},{"time":4.2,"name":null}]},"LHcb_0066_01_2":{"attachment":[{"time":4.0667,"name":"LHcb_0066_01_"},{"time":4.2,"name":null}]},"LHcb_0066_02_2":{"attachment":[{"time":4.0667,"name":"LHcb_0066_02_"},{"time":4.2,"name":null}]},"LHcb_0066_03_2":{"attachment":[{"time":4.0667,"name":"LHcb_0066_03_"},{"time":4.2,"name":null}]},"LHcb_0068_01_":{"attachment":[{"time":4.2,"name":"LHcb_0068_01_"},{"time":4.3333,"name":null}]},"LHcb_0068_02_":{"attachment":[{"time":4.2,"name":"LHcb_0068_02_"},{"time":4.3333,"name":null}]},"LHcb_0068_03_":{"attachment":[{"time":4.2,"name":"LHcb_0068_03_"},{"time":4.3333,"name":null}]},"LHcb_0068_01_2":{"attachment":[{"time":4.2,"name":"LHcb_0068_01_"},{"time":4.3333,"name":null}]},"LHcb_0068_02_2":{"attachment":[{"time":4.2,"name":"LHcb_0068_02_"},{"time":4.3333,"name":null}]},"LHcb_0068_03_2":{"attachment":[{"time":4.2,"name":"LHcb_0068_03_"},{"time":4.3333,"name":null}]},"LHcb_0070_01_":{"attachment":[{"time":4.3333,"name":"LHcb_0070_01_"},{"time":4.4333,"name":null}]},"LHcb_0070_03_":{"attachment":[{"time":4.3333,"name":"LHcb_0070_03_"},{"time":4.4333,"name":null}]},"LHcb_0070_01_2":{"attachment":[{"time":4.3333,"name":"LHcb_0070_01_"},{"time":4.4333,"name":null}]},"LHcb_0070_03_2":{"attachment":[{"time":4.3333,"name":"LHcb_0070_03_"},{"time":4.4333,"name":null}]},"LHcb_0072_01_":{"attachment":[{"time":4.4333,"name":"LHcb_0072_01_"},{"time":4.5667,"name":null}]},"LHcb_0072_02_":{"attachment":[{"time":4.4333,"name":"LHcb_0072_02_"},{"time":4.5667,"name":null}]},"LHcb_0072_01_2":{"attachment":[{"time":4.4333,"name":"LHcb_0072_01_"},{"time":4.5667,"name":null}]},"LHcb_0072_02_2":{"attachment":[{"time":4.4333,"name":"LHcb_0072_02_"},{"time":4.5667,"name":null}]},"LHcb_0074_01_":{"attachment":[{"time":4.5667,"name":"LHcb_0074_01_"},{"time":4.7,"name":null}]},"LHcb_0074_02_":{"attachment":[{"time":4.5667,"name":"LHcb_0074_02_"},{"time":4.7,"name":null}]},"LHcb_0074_01_2":{"attachment":[{"time":4.5667,"name":"LHcb_0074_01_"},{"time":4.7,"name":null}]},"LHcb_0074_02_2":{"attachment":[{"time":4.5667,"name":"LHcb_0074_02_"},{"time":4.7,"name":null}]},"LHcb_0076_01_":{"attachment":[{"time":4.7,"name":"LHcb_0076_01_"},{"time":4.8,"name":null}]},"LHcb_0076_02_":{"attachment":[{"time":4.7,"name":"LHcb_0076_02_"},{"time":4.8,"name":null}]},"LHcb_0076_01_2":{"attachment":[{"time":4.7,"name":"LHcb_0076_01_"},{"time":4.8,"name":null}]},"LHcb_0076_02_2":{"attachment":[{"time":4.7,"name":"LHcb_0076_02_"},{"time":4.8,"name":null}]},"LHcb_0078_01_":{"attachment":[{"time":4.8,"name":"LHcb_0078_01_"},{"time":4.9333,"name":null}]},"LHcb_0078_02_":{"attachment":[{"time":4.8,"name":"LHcb_0078_02_"},{"time":4.9333,"name":null}]},"LHcb_0078_01_2":{"attachment":[{"time":4.8,"name":"LHcb_0078_01_"},{"time":4.9333,"name":null}]},"LHcb_0078_02_2":{"attachment":[{"time":4.8,"name":"LHcb_0078_02_"},{"time":4.9333,"name":null}]},"LHcb_0080_01_":{"attachment":[{"time":4.9333,"name":"LHcb_0080_01_"},{"time":5.0667,"name":null}]},"LHcb_0080_02_":{"attachment":[{"time":4.9333,"name":"LHcb_0080_02_"},{"time":5.0667,"name":null}]},"LHcb_0080_01_2":{"attachment":[{"time":4.9333,"name":"LHcb_0080_01_"},{"time":5.0667,"name":null}]},"LHcb_0080_02_2":{"attachment":[{"time":4.9333,"name":"LHcb_0080_02_"},{"time":5.0667,"name":null},{"time":10,"name":null}]}}}}}