{
"skeleton": { "hash": "tJ9+P7WG0IDgU3jWB9a4Oy1VZwU", "spine": "3.7.94", "width": 0, "height": 0, "images": "./images/", "audio": "F:/COK项目/Spine工程/城堡皮肤—4个麒麟Spine/蓝麒麟Spine/蓝麒麟待机休闲Spine/skin_ql_Blue_idle_B" },
"bones": [
	{ "name": "root" },
	{ "name": "ctr", "parent": "root", "scaleX": 1.25, "scaleY": 1.25 },
	{ "name": "skinqlBlueidle_UL_", "parent": "ctr" },
	{ "name": "skinqlBlueidle_UR_", "parent": "ctr" },
	{ "name": "skinqlBlueidle_DL_", "parent": "ctr" },
	{ "name": "skinqlBlueidle_DR_", "parent": "ctr" }
],
"slots": [
	{ "name": "skinqlBlueidle_UL_", "bone": "skinqlBlueidle_UL_" },
	{ "name": "skinqlBlueidle_UR_", "bone": "skinqlBlueidle_UR_" },
	{ "name": "skinqlBlueidle_DL_", "bone": "skinqlBlueidle_DL_" },
	{ "name": "skinqlBlueidle_DR_", "bone": "skinqlBlueidle_DR_" }
],
"skins": {
	"default": {
		"skinqlBlueidle_DL_": {
			"skinqlBlueidle_DL_0096_": { "x": -176, "y": -226, "width": 352, "height": 452 },
			"skinqlBlueidle_DL_0099_": { "x": -176, "y": -226, "width": 352, "height": 452 },
			"skinqlBlueidle_DL_0102_": { "x": -176, "y": -226, "width": 352, "height": 452 },
			"skinqlBlueidle_DL_0105_": { "x": -176, "y": -226, "width": 352, "height": 452 },
			"skinqlBlueidle_DL_0108_": { "x": -176, "y": -226, "width": 352, "height": 452 },
			"skinqlBlueidle_DL_0111_": { "x": -176, "y": -226, "width": 352, "height": 452 },
			"skinqlBlueidle_DL_0114_": { "x": -176, "y": -226, "width": 352, "height": 452 },
			"skinqlBlueidle_DL_0117_": { "x": -176, "y": -226, "width": 352, "height": 452 },
			"skinqlBlueidle_DL_0120_": { "x": -176, "y": -226, "width": 352, "height": 452 },
			"skinqlBlueidle_DL_0123_": { "x": -176, "y": -226, "width": 352, "height": 452 },
			"skinqlBlueidle_DL_0126_": { "x": -176, "y": -226, "width": 352, "height": 452 },
			"skinqlBlueidle_DL_0129_": { "x": -176, "y": -226, "width": 352, "height": 452 },
			"skinqlBlueidle_DL_0132_": { "x": -176, "y": -226, "width": 352, "height": 452 },
			"skinqlBlueidle_DL_0135_": { "x": -176, "y": -226, "width": 352, "height": 452 },
			"skinqlBlueidle_DL_0138_": { "x": -176, "y": -226, "width": 352, "height": 452 },
			"skinqlBlueidle_DL_0141_": { "x": -176, "y": -226, "width": 352, "height": 452 },
			"skinqlBlueidle_DL_0144_": { "x": -176, "y": -226, "width": 352, "height": 452 },
			"skinqlBlueidle_DL_0147_": { "x": -176, "y": -226, "width": 352, "height": 452 },
			"skinqlBlueidle_DL_0150_": { "x": -176, "y": -226, "width": 352, "height": 452 },
			"skinqlBlueidle_DL_0153_": { "x": -176, "y": -226, "width": 352, "height": 452 },
			"skinqlBlueidle_DL_0156_": { "x": -176, "y": -226, "width": 352, "height": 452 },
			"skinqlBlueidle_DL_0159_": { "x": -176, "y": -226, "width": 352, "height": 452 },
			"skinqlBlueidle_DL_0162_": { "x": -176, "y": -226, "width": 352, "height": 452 },
			"skinqlBlueidle_DL_0165_": { "x": -176, "y": -226, "width": 352, "height": 452 },
			"skinqlBlueidle_DL_0168_": { "x": -176, "y": -226, "width": 352, "height": 452 },
			"skinqlBlueidle_DL_0171_": { "x": -176, "y": -226, "width": 352, "height": 452 },
			"skinqlBlueidle_DL_0174_": { "x": -176, "y": -226, "width": 352, "height": 452 },
			"skinqlBlueidle_DL_0177_": { "x": -176, "y": -226, "width": 352, "height": 452 },
			"skinqlBlueidle_DL_0180_": { "x": -176, "y": -226, "width": 352, "height": 452 },
			"skinqlBlueidle_DL_0183_": { "x": -176, "y": -226, "width": 352, "height": 452 },
			"skinqlBlueidle_DL_0186_": { "x": -176, "y": -226, "width": 352, "height": 452 }
		},
		"skinqlBlueidle_DR_": {
			"skinqlBlueidle_DR_0096_": { "x": 224, "y": -226, "width": 448, "height": 452 },
			"skinqlBlueidle_DR_0099_": { "x": 224, "y": -226, "width": 448, "height": 452 },
			"skinqlBlueidle_DR_0102_": { "x": 224, "y": -226, "width": 448, "height": 452 },
			"skinqlBlueidle_DR_0105_": { "x": 224, "y": -226, "width": 448, "height": 452 },
			"skinqlBlueidle_DR_0108_": { "x": 224, "y": -226, "width": 448, "height": 452 },
			"skinqlBlueidle_DR_0111_": { "x": 224, "y": -226, "width": 448, "height": 452 },
			"skinqlBlueidle_DR_0114_": { "x": 224, "y": -226, "width": 448, "height": 452 },
			"skinqlBlueidle_DR_0117_": { "x": 224, "y": -226, "width": 448, "height": 452 },
			"skinqlBlueidle_DR_0120_": { "x": 224, "y": -226, "width": 448, "height": 452 },
			"skinqlBlueidle_DR_0123_": { "x": 224, "y": -226, "width": 448, "height": 452 },
			"skinqlBlueidle_DR_0126_": { "x": 224, "y": -226, "width": 448, "height": 452 },
			"skinqlBlueidle_DR_0129_": { "x": 224, "y": -226, "width": 448, "height": 452 },
			"skinqlBlueidle_DR_0132_": { "x": 224, "y": -226, "width": 448, "height": 452 },
			"skinqlBlueidle_DR_0135_": { "x": 224, "y": -226, "width": 448, "height": 452 },
			"skinqlBlueidle_DR_0138_": { "x": 224, "y": -226, "width": 448, "height": 452 },
			"skinqlBlueidle_DR_0141_": { "x": 224, "y": -226, "width": 448, "height": 452 },
			"skinqlBlueidle_DR_0144_": { "x": 224, "y": -226, "width": 448, "height": 452 },
			"skinqlBlueidle_DR_0147_": { "x": 224, "y": -226, "width": 448, "height": 452 },
			"skinqlBlueidle_DR_0150_": { "x": 224, "y": -226, "width": 448, "height": 452 },
			"skinqlBlueidle_DR_0153_": { "x": 224, "y": -226, "width": 448, "height": 452 },
			"skinqlBlueidle_DR_0156_": { "x": 224, "y": -226, "width": 448, "height": 452 },
			"skinqlBlueidle_DR_0159_": { "x": 224, "y": -226, "width": 448, "height": 452 },
			"skinqlBlueidle_DR_0162_": { "x": 224, "y": -226, "width": 448, "height": 452 },
			"skinqlBlueidle_DR_0165_": { "x": 224, "y": -226, "width": 448, "height": 452 },
			"skinqlBlueidle_DR_0168_": { "x": 224, "y": -226, "width": 448, "height": 452 },
			"skinqlBlueidle_DR_0171_": { "x": 224, "y": -226, "width": 448, "height": 452 },
			"skinqlBlueidle_DR_0174_": { "x": 224, "y": -226, "width": 448, "height": 452 },
			"skinqlBlueidle_DR_0177_": { "x": 224, "y": -226, "width": 448, "height": 452 },
			"skinqlBlueidle_DR_0180_": { "x": 224, "y": -226, "width": 448, "height": 452 },
			"skinqlBlueidle_DR_0183_": { "x": 224, "y": -226, "width": 448, "height": 452 },
			"skinqlBlueidle_DR_0186_": { "x": 224, "y": -226, "width": 448, "height": 452 }
		},
		"skinqlBlueidle_UL_": {
			"skinqlBlueidle_UL_0096_": { "x": -176, "y": 174, "width": 352, "height": 348 },
			"skinqlBlueidle_UL_0099_": { "x": -176, "y": 174, "width": 352, "height": 348 },
			"skinqlBlueidle_UL_0102_": { "x": -176, "y": 174, "width": 352, "height": 348 },
			"skinqlBlueidle_UL_0105_": { "x": -176, "y": 174, "width": 352, "height": 348 },
			"skinqlBlueidle_UL_0108_": { "x": -176, "y": 174, "width": 352, "height": 348 },
			"skinqlBlueidle_UL_0111_": { "x": -176, "y": 174, "width": 352, "height": 348 },
			"skinqlBlueidle_UL_0114_": { "x": -176, "y": 174, "width": 352, "height": 348 },
			"skinqlBlueidle_UL_0117_": { "x": -176, "y": 174, "width": 352, "height": 348 },
			"skinqlBlueidle_UL_0120_": { "x": -176, "y": 174, "width": 352, "height": 348 },
			"skinqlBlueidle_UL_0123_": { "x": -176, "y": 174, "width": 352, "height": 348 },
			"skinqlBlueidle_UL_0126_": { "x": -176, "y": 174, "width": 352, "height": 348 },
			"skinqlBlueidle_UL_0129_": { "x": -176, "y": 174, "width": 352, "height": 348 },
			"skinqlBlueidle_UL_0132_": { "x": -176, "y": 174, "width": 352, "height": 348 },
			"skinqlBlueidle_UL_0135_": { "x": -176, "y": 174, "width": 352, "height": 348 },
			"skinqlBlueidle_UL_0138_": { "x": -176, "y": 174, "width": 352, "height": 348 },
			"skinqlBlueidle_UL_0141_": { "x": -176, "y": 174, "width": 352, "height": 348 },
			"skinqlBlueidle_UL_0144_": { "x": -176, "y": 174, "width": 352, "height": 348 },
			"skinqlBlueidle_UL_0147_": { "x": -176, "y": 174, "width": 352, "height": 348 },
			"skinqlBlueidle_UL_0150_": { "x": -176, "y": 174, "width": 352, "height": 348 },
			"skinqlBlueidle_UL_0153_": { "x": -176, "y": 174, "width": 352, "height": 348 },
			"skinqlBlueidle_UL_0156_": { "x": -176, "y": 174, "width": 352, "height": 348 },
			"skinqlBlueidle_UL_0159_": { "x": -176, "y": 174, "width": 352, "height": 348 },
			"skinqlBlueidle_UL_0162_": { "x": -176, "y": 174, "width": 352, "height": 348 },
			"skinqlBlueidle_UL_0165_": { "x": -176, "y": 174, "width": 352, "height": 348 },
			"skinqlBlueidle_UL_0168_": { "x": -176, "y": 174, "width": 352, "height": 348 },
			"skinqlBlueidle_UL_0171_": { "x": -176, "y": 174, "width": 352, "height": 348 },
			"skinqlBlueidle_UL_0174_": { "x": -176, "y": 174, "width": 352, "height": 348 },
			"skinqlBlueidle_UL_0177_": { "x": -176, "y": 174, "width": 352, "height": 348 },
			"skinqlBlueidle_UL_0180_": { "x": -176, "y": 174, "width": 352, "height": 348 },
			"skinqlBlueidle_UL_0183_": { "x": -176, "y": 174, "width": 352, "height": 348 },
			"skinqlBlueidle_UL_0186_": { "x": -176, "y": 174, "width": 352, "height": 348 }
		},
		"skinqlBlueidle_UR_": {
			"skinqlBlueidle_UR_0096_": { "x": 224, "y": 174, "width": 448, "height": 348 },
			"skinqlBlueidle_UR_0099_": { "x": 224, "y": 174, "width": 448, "height": 348 },
			"skinqlBlueidle_UR_0102_": { "x": 224, "y": 174, "width": 448, "height": 348 },
			"skinqlBlueidle_UR_0105_": { "x": 224, "y": 174, "width": 448, "height": 348 },
			"skinqlBlueidle_UR_0108_": { "x": 224, "y": 174, "width": 448, "height": 348 },
			"skinqlBlueidle_UR_0111_": { "x": 224, "y": 174, "width": 448, "height": 348 },
			"skinqlBlueidle_UR_0114_": { "x": 224, "y": 174, "width": 448, "height": 348 },
			"skinqlBlueidle_UR_0117_": { "x": 224, "y": 174, "width": 448, "height": 348 },
			"skinqlBlueidle_UR_0120_": { "x": 224, "y": 174, "width": 448, "height": 348 },
			"skinqlBlueidle_UR_0123_": { "x": 224, "y": 174, "width": 448, "height": 348 },
			"skinqlBlueidle_UR_0126_": { "x": 224, "y": 174, "width": 448, "height": 348 },
			"skinqlBlueidle_UR_0129_": { "x": 224, "y": 174, "width": 448, "height": 348 },
			"skinqlBlueidle_UR_0132_": { "x": 224, "y": 174, "width": 448, "height": 348 },
			"skinqlBlueidle_UR_0135_": { "x": 224, "y": 174, "width": 448, "height": 348 },
			"skinqlBlueidle_UR_0138_": { "x": 224, "y": 174, "width": 448, "height": 348 },
			"skinqlBlueidle_UR_0141_": { "x": 224, "y": 174, "width": 448, "height": 348 },
			"skinqlBlueidle_UR_0144_": { "x": 224, "y": 174, "width": 448, "height": 348 },
			"skinqlBlueidle_UR_0147_": { "x": 224, "y": 174, "width": 448, "height": 348 },
			"skinqlBlueidle_UR_0150_": { "x": 224, "y": 174, "width": 448, "height": 348 },
			"skinqlBlueidle_UR_0153_": { "x": 224, "y": 174, "width": 448, "height": 348 },
			"skinqlBlueidle_UR_0156_": { "x": 224, "y": 174, "width": 448, "height": 348 },
			"skinqlBlueidle_UR_0159_": { "x": 224, "y": 174, "width": 448, "height": 348 },
			"skinqlBlueidle_UR_0162_": { "x": 224, "y": 174, "width": 448, "height": 348 },
			"skinqlBlueidle_UR_0165_": { "x": 224, "y": 174, "width": 448, "height": 348 },
			"skinqlBlueidle_UR_0168_": { "x": 224, "y": 174, "width": 448, "height": 348 },
			"skinqlBlueidle_UR_0171_": { "x": 224, "y": 174, "width": 448, "height": 348 },
			"skinqlBlueidle_UR_0174_": { "x": 224, "y": 174, "width": 448, "height": 348 },
			"skinqlBlueidle_UR_0177_": { "x": 224, "y": 174, "width": 448, "height": 348 },
			"skinqlBlueidle_UR_0180_": { "x": 224, "y": 174, "width": 448, "height": 348 },
			"skinqlBlueidle_UR_0183_": { "x": 224, "y": 174, "width": 448, "height": 348 },
			"skinqlBlueidle_UR_0186_": { "x": 224, "y": 174, "width": 448, "height": 348 }
		}
	}
},
"animations": {
	"animation": {
		"slots": {
			"skinqlBlueidle_DL_": {
				"attachment": [
					{ "time": 3.2, "name": "skinqlBlueidle_DL_0096_" },
					{ "time": 3.3, "name": "skinqlBlueidle_DL_0099_" },
					{ "time": 3.4, "name": "skinqlBlueidle_DL_0102_" },
					{ "time": 3.5, "name": "skinqlBlueidle_DL_0105_" },
					{ "time": 3.6, "name": "skinqlBlueidle_DL_0108_" },
					{ "time": 3.7, "name": "skinqlBlueidle_DL_0111_" },
					{ "time": 3.8, "name": "skinqlBlueidle_DL_0114_" },
					{ "time": 3.9, "name": "skinqlBlueidle_DL_0117_" },
					{ "time": 4, "name": "skinqlBlueidle_DL_0120_" },
					{ "time": 4.1, "name": "skinqlBlueidle_DL_0123_" },
					{ "time": 4.2, "name": "skinqlBlueidle_DL_0126_" },
					{ "time": 4.3, "name": "skinqlBlueidle_DL_0129_" },
					{ "time": 4.4, "name": "skinqlBlueidle_DL_0132_" },
					{ "time": 4.5, "name": "skinqlBlueidle_DL_0135_" },
					{ "time": 4.6, "name": "skinqlBlueidle_DL_0138_" },
					{ "time": 4.7, "name": "skinqlBlueidle_DL_0141_" },
					{ "time": 4.8, "name": "skinqlBlueidle_DL_0144_" },
					{ "time": 4.9, "name": "skinqlBlueidle_DL_0147_" },
					{ "time": 5, "name": "skinqlBlueidle_DL_0150_" },
					{ "time": 5.1, "name": "skinqlBlueidle_DL_0153_" },
					{ "time": 5.2, "name": "skinqlBlueidle_DL_0156_" },
					{ "time": 5.3, "name": "skinqlBlueidle_DL_0159_" },
					{ "time": 5.4, "name": "skinqlBlueidle_DL_0162_" },
					{ "time": 5.5, "name": "skinqlBlueidle_DL_0165_" },
					{ "time": 5.6, "name": "skinqlBlueidle_DL_0168_" },
					{ "time": 5.7, "name": "skinqlBlueidle_DL_0171_" },
					{ "time": 5.8, "name": "skinqlBlueidle_DL_0174_" },
					{ "time": 5.9, "name": "skinqlBlueidle_DL_0177_" },
					{ "time": 6, "name": "skinqlBlueidle_DL_0180_" },
					{ "time": 6.1, "name": "skinqlBlueidle_DL_0183_" },
					{ "time": 6.2, "name": "skinqlBlueidle_DL_0186_" }
				]
			},
			"skinqlBlueidle_DR_": {
				"attachment": [
					{ "time": 3.2, "name": "skinqlBlueidle_DR_0096_" },
					{ "time": 3.3, "name": "skinqlBlueidle_DR_0099_" },
					{ "time": 3.4, "name": "skinqlBlueidle_DR_0102_" },
					{ "time": 3.5, "name": "skinqlBlueidle_DR_0105_" },
					{ "time": 3.6, "name": "skinqlBlueidle_DR_0108_" },
					{ "time": 3.7, "name": "skinqlBlueidle_DR_0111_" },
					{ "time": 3.8, "name": "skinqlBlueidle_DR_0114_" },
					{ "time": 3.9, "name": "skinqlBlueidle_DR_0117_" },
					{ "time": 4, "name": "skinqlBlueidle_DR_0120_" },
					{ "time": 4.1, "name": "skinqlBlueidle_DR_0123_" },
					{ "time": 4.2, "name": "skinqlBlueidle_DR_0126_" },
					{ "time": 4.3, "name": "skinqlBlueidle_DR_0129_" },
					{ "time": 4.4, "name": "skinqlBlueidle_DR_0132_" },
					{ "time": 4.5, "name": "skinqlBlueidle_DR_0135_" },
					{ "time": 4.6, "name": "skinqlBlueidle_DR_0138_" },
					{ "time": 4.7, "name": "skinqlBlueidle_DR_0141_" },
					{ "time": 4.8, "name": "skinqlBlueidle_DR_0144_" },
					{ "time": 4.9, "name": "skinqlBlueidle_DR_0147_" },
					{ "time": 5, "name": "skinqlBlueidle_DR_0150_" },
					{ "time": 5.1, "name": "skinqlBlueidle_DR_0153_" },
					{ "time": 5.2, "name": "skinqlBlueidle_DR_0156_" },
					{ "time": 5.3, "name": "skinqlBlueidle_DR_0159_" },
					{ "time": 5.4, "name": "skinqlBlueidle_DR_0162_" },
					{ "time": 5.5, "name": "skinqlBlueidle_DR_0165_" },
					{ "time": 5.6, "name": "skinqlBlueidle_DR_0168_" },
					{ "time": 5.7, "name": "skinqlBlueidle_DR_0171_" },
					{ "time": 5.8, "name": "skinqlBlueidle_DR_0174_" },
					{ "time": 5.9, "name": "skinqlBlueidle_DR_0177_" },
					{ "time": 6, "name": "skinqlBlueidle_DR_0180_" },
					{ "time": 6.1, "name": "skinqlBlueidle_DR_0183_" },
					{ "time": 6.2, "name": "skinqlBlueidle_DR_0186_" }
				]
			},
			"skinqlBlueidle_UL_": {
				"attachment": [
					{ "time": 3.2, "name": "skinqlBlueidle_UL_0096_" },
					{ "time": 3.3, "name": "skinqlBlueidle_UL_0099_" },
					{ "time": 3.4, "name": "skinqlBlueidle_UL_0102_" },
					{ "time": 3.5, "name": "skinqlBlueidle_UL_0105_" },
					{ "time": 3.6, "name": "skinqlBlueidle_UL_0108_" },
					{ "time": 3.7, "name": "skinqlBlueidle_UL_0111_" },
					{ "time": 3.8, "name": "skinqlBlueidle_UL_0114_" },
					{ "time": 3.9, "name": "skinqlBlueidle_UL_0117_" },
					{ "time": 4, "name": "skinqlBlueidle_UL_0120_" },
					{ "time": 4.1, "name": "skinqlBlueidle_UL_0123_" },
					{ "time": 4.2, "name": "skinqlBlueidle_UL_0126_" },
					{ "time": 4.3, "name": "skinqlBlueidle_UL_0129_" },
					{ "time": 4.4, "name": "skinqlBlueidle_UL_0132_" },
					{ "time": 4.5, "name": "skinqlBlueidle_UL_0135_" },
					{ "time": 4.6, "name": "skinqlBlueidle_UL_0138_" },
					{ "time": 4.7, "name": "skinqlBlueidle_UL_0141_" },
					{ "time": 4.8, "name": "skinqlBlueidle_UL_0144_" },
					{ "time": 4.9, "name": "skinqlBlueidle_UL_0147_" },
					{ "time": 5, "name": "skinqlBlueidle_UL_0150_" },
					{ "time": 5.1, "name": "skinqlBlueidle_UL_0153_" },
					{ "time": 5.2, "name": "skinqlBlueidle_UL_0156_" },
					{ "time": 5.3, "name": "skinqlBlueidle_UL_0159_" },
					{ "time": 5.4, "name": "skinqlBlueidle_UL_0162_" },
					{ "time": 5.5, "name": "skinqlBlueidle_UL_0165_" },
					{ "time": 5.6, "name": "skinqlBlueidle_UL_0168_" },
					{ "time": 5.7, "name": "skinqlBlueidle_UL_0171_" },
					{ "time": 5.8, "name": "skinqlBlueidle_UL_0174_" },
					{ "time": 5.9, "name": "skinqlBlueidle_UL_0177_" },
					{ "time": 6, "name": "skinqlBlueidle_UL_0180_" },
					{ "time": 6.1, "name": "skinqlBlueidle_UL_0183_" },
					{ "time": 6.2, "name": "skinqlBlueidle_UL_0186_" }
				]
			},
			"skinqlBlueidle_UR_": {
				"attachment": [
					{ "time": 3.2, "name": "skinqlBlueidle_UR_0096_" },
					{ "time": 3.3, "name": "skinqlBlueidle_UR_0099_" },
					{ "time": 3.4, "name": "skinqlBlueidle_UR_0102_" },
					{ "time": 3.5, "name": "skinqlBlueidle_UR_0105_" },
					{ "time": 3.6, "name": "skinqlBlueidle_UR_0108_" },
					{ "time": 3.7, "name": "skinqlBlueidle_UR_0111_" },
					{ "time": 3.8, "name": "skinqlBlueidle_UR_0114_" },
					{ "time": 3.9, "name": "skinqlBlueidle_UR_0117_" },
					{ "time": 4, "name": "skinqlBlueidle_UR_0120_" },
					{ "time": 4.1, "name": "skinqlBlueidle_UR_0123_" },
					{ "time": 4.2, "name": "skinqlBlueidle_UR_0126_" },
					{ "time": 4.3, "name": "skinqlBlueidle_UR_0129_" },
					{ "time": 4.4, "name": "skinqlBlueidle_UR_0132_" },
					{ "time": 4.5, "name": "skinqlBlueidle_UR_0135_" },
					{ "time": 4.6, "name": "skinqlBlueidle_UR_0138_" },
					{ "time": 4.7, "name": "skinqlBlueidle_UR_0141_" },
					{ "time": 4.8, "name": "skinqlBlueidle_UR_0144_" },
					{ "time": 4.9, "name": "skinqlBlueidle_UR_0147_" },
					{ "time": 5, "name": "skinqlBlueidle_UR_0150_" },
					{ "time": 5.1, "name": "skinqlBlueidle_UR_0153_" },
					{ "time": 5.2, "name": "skinqlBlueidle_UR_0156_" },
					{ "time": 5.3, "name": "skinqlBlueidle_UR_0159_" },
					{ "time": 5.4, "name": "skinqlBlueidle_UR_0162_" },
					{ "time": 5.5, "name": "skinqlBlueidle_UR_0165_" },
					{ "time": 5.6, "name": "skinqlBlueidle_UR_0168_" },
					{ "time": 5.7, "name": "skinqlBlueidle_UR_0171_" },
					{ "time": 5.8, "name": "skinqlBlueidle_UR_0174_" },
					{ "time": 5.9, "name": "skinqlBlueidle_UR_0177_" },
					{ "time": 6, "name": "skinqlBlueidle_UR_0180_" },
					{ "time": 6.1, "name": "skinqlBlueidle_UR_0183_" },
					{ "time": 6.2, "name": "skinqlBlueidle_UR_0186_" }
				]
			}
		},
		"bones": {
			"ctr": {
				"translate": [
					{ "time": 0, "x": -80, "y": 110 }
				]
			}
		}
	}
}
}