{
"skeleton": { "hash": "1BPMeJhVAHMRx+nn6ouvuR9bsJM", "spine": "3.7.94", "width": 0, "height": 0, "images": "./images/", "audio": "F:/COK项目/Spine工程/城堡皮肤—4个麒麟Spine/蓝麒麟Spine/蓝麒麟攻击Spine/skin_ql_Blue_attack_A" },
"bones": [
	{ "name": "root" },
	{ "name": "ctr", "parent": "root", "scaleX": 1.25, "scaleY": 1.25 },
	{ "name": "skinqlBlueattack_UL_", "parent": "ctr" },
	{ "name": "skinqlBlueattack_UR_", "parent": "ctr" },
	{ "name": "skinqlBlueattack_DL_", "parent": "ctr" },
	{ "name": "skinqlBlueattack_DR_", "parent": "ctr" }
],
"slots": [
	{ "name": "skinqlBlueattack_UL_", "bone": "skinqlBlueattack_UL_" },
	{ "name": "skinqlBlueattack_UR_", "bone": "skinqlBlueattack_UR_" },
	{ "name": "skinqlBlueattack_DL_", "bone": "skinqlBlueattack_DL_" },
	{ "name": "skinqlBlueattack_DR_", "bone": "skinqlBlueattack_DR_" }
],
"skins": {
	"default": {
		"skinqlBlueattack_DL_": {
			"skinqlBlueattack_DL_0000_": { "x": -176, "y": -226, "width": 352, "height": 452 },
			"skinqlBlueattack_DL_0003_": { "x": -176, "y": -226, "width": 352, "height": 452 },
			"skinqlBlueattack_DL_0006_": { "x": -176, "y": -226, "width": 352, "height": 452 },
			"skinqlBlueattack_DL_0009_": { "x": -176, "y": -226, "width": 352, "height": 452 },
			"skinqlBlueattack_DL_0012_": { "x": -176, "y": -226, "width": 352, "height": 452 },
			"skinqlBlueattack_DL_0015_": { "x": -176, "y": -226, "width": 352, "height": 452 },
			"skinqlBlueattack_DL_0018_": { "x": -176, "y": -226, "width": 352, "height": 452 },
			"skinqlBlueattack_DL_0021_": { "x": -176, "y": -226, "width": 352, "height": 452 },
			"skinqlBlueattack_DL_0024_": { "x": -176, "y": -226, "width": 352, "height": 452 },
			"skinqlBlueattack_DL_0027_": { "x": -176, "y": -226, "width": 352, "height": 452 },
			"skinqlBlueattack_DL_0030_": { "x": -176, "y": -226, "width": 352, "height": 452 },
			"skinqlBlueattack_DL_0033_": { "x": -176, "y": -226, "width": 352, "height": 452 },
			"skinqlBlueattack_DL_0036_": { "x": -176, "y": -226, "width": 352, "height": 452 },
			"skinqlBlueattack_DL_0039_": { "x": -176, "y": -226, "width": 352, "height": 452 },
			"skinqlBlueattack_DL_0042_": { "x": -176, "y": -226, "width": 352, "height": 452 },
			"skinqlBlueattack_DL_0045_": { "x": -176, "y": -226, "width": 352, "height": 452 },
			"skinqlBlueattack_DL_0048_": { "x": -176, "y": -226, "width": 352, "height": 452 },
			"skinqlBlueattack_DL_0051_": { "x": -176, "y": -226, "width": 352, "height": 452 },
			"skinqlBlueattack_DL_0054_": { "x": -176, "y": -226, "width": 352, "height": 452 },
			"skinqlBlueattack_DL_0057_": { "x": -176, "y": -226, "width": 352, "height": 452 },
			"skinqlBlueattack_DL_0060_": { "x": -176, "y": -226, "width": 352, "height": 452 }
		},
		"skinqlBlueattack_DR_": {
			"skinqlBlueattack_DR_0000_": { "x": 224, "y": -226, "width": 448, "height": 452 },
			"skinqlBlueattack_DR_0003_": { "x": 224, "y": -226, "width": 448, "height": 452 },
			"skinqlBlueattack_DR_0006_": { "x": 224, "y": -226, "width": 448, "height": 452 },
			"skinqlBlueattack_DR_0009_": { "x": 224, "y": -226, "width": 448, "height": 452 },
			"skinqlBlueattack_DR_0012_": { "x": 224, "y": -226, "width": 448, "height": 452 },
			"skinqlBlueattack_DR_0015_": { "x": 224, "y": -226, "width": 448, "height": 452 },
			"skinqlBlueattack_DR_0018_": { "x": 224, "y": -226, "width": 448, "height": 452 },
			"skinqlBlueattack_DR_0021_": { "x": 224, "y": -226, "width": 448, "height": 452 },
			"skinqlBlueattack_DR_0024_": { "x": 224, "y": -226, "width": 448, "height": 452 },
			"skinqlBlueattack_DR_0027_": { "x": 224, "y": -226, "width": 448, "height": 452 },
			"skinqlBlueattack_DR_0030_": { "x": 224, "y": -226, "width": 448, "height": 452 },
			"skinqlBlueattack_DR_0033_": { "x": 224, "y": -226, "width": 448, "height": 452 },
			"skinqlBlueattack_DR_0036_": { "x": 224, "y": -226, "width": 448, "height": 452 },
			"skinqlBlueattack_DR_0039_": { "x": 224, "y": -226, "width": 448, "height": 452 },
			"skinqlBlueattack_DR_0042_": { "x": 224, "y": -226, "width": 448, "height": 452 },
			"skinqlBlueattack_DR_0045_": { "x": 224, "y": -226, "width": 448, "height": 452 },
			"skinqlBlueattack_DR_0048_": { "x": 224, "y": -226, "width": 448, "height": 452 },
			"skinqlBlueattack_DR_0051_": { "x": 224, "y": -226, "width": 448, "height": 452 },
			"skinqlBlueattack_DR_0054_": { "x": 224, "y": -226, "width": 448, "height": 452 },
			"skinqlBlueattack_DR_0057_": { "x": 224, "y": -226, "width": 448, "height": 452 },
			"skinqlBlueattack_DR_0060_": { "x": 224, "y": -226, "width": 448, "height": 452 }
		},
		"skinqlBlueattack_UL_": {
			"skinqlBlueattack_UL_0000_": { "x": -176, "y": 174, "width": 352, "height": 348 },
			"skinqlBlueattack_UL_0003_": { "x": -176, "y": 174, "width": 352, "height": 348 },
			"skinqlBlueattack_UL_0006_": { "x": -176, "y": 174, "width": 352, "height": 348 },
			"skinqlBlueattack_UL_0009_": { "x": -176, "y": 174, "width": 352, "height": 348 },
			"skinqlBlueattack_UL_0012_": { "x": -176, "y": 174, "width": 352, "height": 348 },
			"skinqlBlueattack_UL_0015_": { "x": -176, "y": 174, "width": 352, "height": 348 },
			"skinqlBlueattack_UL_0018_": { "x": -176, "y": 174, "width": 352, "height": 348 },
			"skinqlBlueattack_UL_0021_": { "x": -176, "y": 174, "width": 352, "height": 348 },
			"skinqlBlueattack_UL_0024_": { "x": -176, "y": 174, "width": 352, "height": 348 },
			"skinqlBlueattack_UL_0027_": { "x": -176, "y": 174, "width": 352, "height": 348 },
			"skinqlBlueattack_UL_0030_": { "x": -176, "y": 174, "width": 352, "height": 348 },
			"skinqlBlueattack_UL_0033_": { "x": -176, "y": 174, "width": 352, "height": 348 },
			"skinqlBlueattack_UL_0036_": { "x": -176, "y": 174, "width": 352, "height": 348 },
			"skinqlBlueattack_UL_0039_": { "x": -176, "y": 174, "width": 352, "height": 348 },
			"skinqlBlueattack_UL_0042_": { "x": -176, "y": 174, "width": 352, "height": 348 },
			"skinqlBlueattack_UL_0045_": { "x": -176, "y": 174, "width": 352, "height": 348 },
			"skinqlBlueattack_UL_0048_": { "x": -176, "y": 174, "width": 352, "height": 348 },
			"skinqlBlueattack_UL_0051_": { "x": -176, "y": 174, "width": 352, "height": 348 },
			"skinqlBlueattack_UL_0054_": { "x": -176, "y": 174, "width": 352, "height": 348 },
			"skinqlBlueattack_UL_0057_": { "x": -176, "y": 174, "width": 352, "height": 348 },
			"skinqlBlueattack_UL_0060_": { "x": -176, "y": 174, "width": 352, "height": 348 }
		},
		"skinqlBlueattack_UR_": {
			"skinqlBlueattack_UR_0000_": { "x": 224, "y": 174, "width": 448, "height": 348 },
			"skinqlBlueattack_UR_0003_": { "x": 224, "y": 174, "width": 448, "height": 348 },
			"skinqlBlueattack_UR_0006_": { "x": 224, "y": 174, "width": 448, "height": 348 },
			"skinqlBlueattack_UR_0009_": { "x": 224, "y": 174, "width": 448, "height": 348 },
			"skinqlBlueattack_UR_0012_": { "x": 224, "y": 174, "width": 448, "height": 348 },
			"skinqlBlueattack_UR_0015_": { "x": 224, "y": 174, "width": 448, "height": 348 },
			"skinqlBlueattack_UR_0018_": { "x": 224, "y": 174, "width": 448, "height": 348 },
			"skinqlBlueattack_UR_0021_": { "x": 224, "y": 174, "width": 448, "height": 348 },
			"skinqlBlueattack_UR_0024_": { "x": 224, "y": 174, "width": 448, "height": 348 },
			"skinqlBlueattack_UR_0027_": { "x": 224, "y": 174, "width": 448, "height": 348 },
			"skinqlBlueattack_UR_0030_": { "x": 224, "y": 174, "width": 448, "height": 348 },
			"skinqlBlueattack_UR_0033_": { "x": 224, "y": 174, "width": 448, "height": 348 },
			"skinqlBlueattack_UR_0036_": { "x": 224, "y": 174, "width": 448, "height": 348 },
			"skinqlBlueattack_UR_0039_": { "x": 224, "y": 174, "width": 448, "height": 348 },
			"skinqlBlueattack_UR_0042_": { "x": 224, "y": 174, "width": 448, "height": 348 },
			"skinqlBlueattack_UR_0045_": { "x": 224, "y": 174, "width": 448, "height": 348 },
			"skinqlBlueattack_UR_0048_": { "x": 224, "y": 174, "width": 448, "height": 348 },
			"skinqlBlueattack_UR_0051_": { "x": 224, "y": 174, "width": 448, "height": 348 },
			"skinqlBlueattack_UR_0054_": { "x": 224, "y": 174, "width": 448, "height": 348 },
			"skinqlBlueattack_UR_0057_": { "x": 224, "y": 174, "width": 448, "height": 348 },
			"skinqlBlueattack_UR_0060_": { "x": 224, "y": 174, "width": 448, "height": 348 }
		}
	}
},
"animations": {
	"animation": {
		"slots": {
			"skinqlBlueattack_DL_": {
				"attachment": [
					{ "time": 0, "name": "skinqlBlueattack_DL_0000_" },
					{ "time": 0.1, "name": "skinqlBlueattack_DL_0003_" },
					{ "time": 0.2, "name": "skinqlBlueattack_DL_0006_" },
					{ "time": 0.3, "name": "skinqlBlueattack_DL_0009_" },
					{ "time": 0.4, "name": "skinqlBlueattack_DL_0012_" },
					{ "time": 0.5, "name": "skinqlBlueattack_DL_0015_" },
					{ "time": 0.6, "name": "skinqlBlueattack_DL_0018_" },
					{ "time": 0.7, "name": "skinqlBlueattack_DL_0021_" },
					{ "time": 0.8, "name": "skinqlBlueattack_DL_0024_" },
					{ "time": 0.9, "name": "skinqlBlueattack_DL_0027_" },
					{ "time": 1, "name": "skinqlBlueattack_DL_0030_" },
					{ "time": 1.1, "name": "skinqlBlueattack_DL_0033_" },
					{ "time": 1.2, "name": "skinqlBlueattack_DL_0036_" },
					{ "time": 1.3, "name": "skinqlBlueattack_DL_0039_" },
					{ "time": 1.4, "name": "skinqlBlueattack_DL_0042_" },
					{ "time": 1.5, "name": "skinqlBlueattack_DL_0045_" },
					{ "time": 1.6, "name": "skinqlBlueattack_DL_0048_" },
					{ "time": 1.7, "name": "skinqlBlueattack_DL_0051_" },
					{ "time": 1.8, "name": "skinqlBlueattack_DL_0054_" },
					{ "time": 1.9, "name": "skinqlBlueattack_DL_0057_" },
					{ "time": 2, "name": "skinqlBlueattack_DL_0060_" }
				]
			},
			"skinqlBlueattack_DR_": {
				"attachment": [
					{ "time": 0, "name": "skinqlBlueattack_DR_0000_" },
					{ "time": 0.1, "name": "skinqlBlueattack_DR_0003_" },
					{ "time": 0.2, "name": "skinqlBlueattack_DR_0006_" },
					{ "time": 0.3, "name": "skinqlBlueattack_DR_0009_" },
					{ "time": 0.4, "name": "skinqlBlueattack_DR_0012_" },
					{ "time": 0.5, "name": "skinqlBlueattack_DR_0015_" },
					{ "time": 0.6, "name": "skinqlBlueattack_DR_0018_" },
					{ "time": 0.7, "name": "skinqlBlueattack_DR_0021_" },
					{ "time": 0.8, "name": "skinqlBlueattack_DR_0024_" },
					{ "time": 0.9, "name": "skinqlBlueattack_DR_0027_" },
					{ "time": 1, "name": "skinqlBlueattack_DR_0030_" },
					{ "time": 1.1, "name": "skinqlBlueattack_DR_0033_" },
					{ "time": 1.2, "name": "skinqlBlueattack_DR_0036_" },
					{ "time": 1.3, "name": "skinqlBlueattack_DR_0039_" },
					{ "time": 1.4, "name": "skinqlBlueattack_DR_0042_" },
					{ "time": 1.5, "name": "skinqlBlueattack_DR_0045_" },
					{ "time": 1.6, "name": "skinqlBlueattack_DR_0048_" },
					{ "time": 1.7, "name": "skinqlBlueattack_DR_0051_" },
					{ "time": 1.8, "name": "skinqlBlueattack_DR_0054_" },
					{ "time": 1.9, "name": "skinqlBlueattack_DR_0057_" },
					{ "time": 2, "name": "skinqlBlueattack_DR_0060_" }
				]
			},
			"skinqlBlueattack_UL_": {
				"attachment": [
					{ "time": 0, "name": "skinqlBlueattack_UL_0000_" },
					{ "time": 0.1, "name": "skinqlBlueattack_UL_0003_" },
					{ "time": 0.2, "name": "skinqlBlueattack_UL_0006_" },
					{ "time": 0.3, "name": "skinqlBlueattack_UL_0009_" },
					{ "time": 0.4, "name": "skinqlBlueattack_UL_0012_" },
					{ "time": 0.5, "name": "skinqlBlueattack_UL_0015_" },
					{ "time": 0.6, "name": "skinqlBlueattack_UL_0018_" },
					{ "time": 0.7, "name": "skinqlBlueattack_UL_0021_" },
					{ "time": 0.8, "name": "skinqlBlueattack_UL_0024_" },
					{ "time": 0.9, "name": "skinqlBlueattack_UL_0027_" },
					{ "time": 1, "name": "skinqlBlueattack_UL_0030_" },
					{ "time": 1.1, "name": "skinqlBlueattack_UL_0033_" },
					{ "time": 1.2, "name": "skinqlBlueattack_UL_0036_" },
					{ "time": 1.3, "name": "skinqlBlueattack_UL_0039_" },
					{ "time": 1.4, "name": "skinqlBlueattack_UL_0042_" },
					{ "time": 1.5, "name": "skinqlBlueattack_UL_0045_" },
					{ "time": 1.6, "name": "skinqlBlueattack_UL_0048_" },
					{ "time": 1.7, "name": "skinqlBlueattack_UL_0051_" },
					{ "time": 1.8, "name": "skinqlBlueattack_UL_0054_" },
					{ "time": 1.9, "name": "skinqlBlueattack_UL_0057_" },
					{ "time": 2, "name": "skinqlBlueattack_UL_0060_" }
				]
			},
			"skinqlBlueattack_UR_": {
				"attachment": [
					{ "time": 0, "name": "skinqlBlueattack_UR_0000_" },
					{ "time": 0.1, "name": "skinqlBlueattack_UR_0003_" },
					{ "time": 0.2, "name": "skinqlBlueattack_UR_0006_" },
					{ "time": 0.3, "name": "skinqlBlueattack_UR_0009_" },
					{ "time": 0.4, "name": "skinqlBlueattack_UR_0012_" },
					{ "time": 0.5, "name": "skinqlBlueattack_UR_0015_" },
					{ "time": 0.6, "name": "skinqlBlueattack_UR_0018_" },
					{ "time": 0.7, "name": "skinqlBlueattack_UR_0021_" },
					{ "time": 0.8, "name": "skinqlBlueattack_UR_0024_" },
					{ "time": 0.9, "name": "skinqlBlueattack_UR_0027_" },
					{ "time": 1, "name": "skinqlBlueattack_UR_0030_" },
					{ "time": 1.1, "name": "skinqlBlueattack_UR_0033_" },
					{ "time": 1.2, "name": "skinqlBlueattack_UR_0036_" },
					{ "time": 1.3, "name": "skinqlBlueattack_UR_0039_" },
					{ "time": 1.4, "name": "skinqlBlueattack_UR_0042_" },
					{ "time": 1.5, "name": "skinqlBlueattack_UR_0045_" },
					{ "time": 1.6, "name": "skinqlBlueattack_UR_0048_" },
					{ "time": 1.7, "name": "skinqlBlueattack_UR_0051_" },
					{ "time": 1.8, "name": "skinqlBlueattack_UR_0054_" },
					{ "time": 1.9, "name": "skinqlBlueattack_UR_0057_" },
					{ "time": 2, "name": "skinqlBlueattack_UR_0060_" }
				]
			}
		},
		"bones": {
			"ctr": {
				"translate": [
					{ "time": 0, "x": -80, "y": 110 }
				]
			}
		}
	}
}
}