{"skeleton":{"hash":"kZM5dYlYAUlYV8wIZTYAtc9ZAbY","spine":"3.7.94","width":0,"height":0,"images":"./images/","audio":"D:/COK项目/Spine工程/皮肤—冥河使者高级"},"bones":[{"name":"root"},{"name":"smoke_L_attack","parent":"root","scaleX":2.5,"scaleY":2.5},{"name":"shadow_L_attack","parent":"root","scaleX":5,"scaleY":5},{"name":"low_attack","parent":"root","scaleX":1.25,"scaleY":1.25}],"slots":[{"name":"shadow_L_attack","bone":"shadow_L_attack"},{"name":"low_attack","bone":"low_attack"},{"name":"smoke_L_attack","bone":"smoke_L_attack"}],"skins":{"default":{"low_attack":{"low_attack_000_":{"width":960,"height":960},"low_attack_003_":{"width":960,"height":960},"low_attack_006_":{"width":960,"height":960},"low_attack_009_":{"width":960,"height":960},"low_attack_012_":{"width":960,"height":960},"low_attack_015_":{"width":960,"height":960},"low_attack_018_":{"width":960,"height":960},"low_attack_021_":{"width":960,"height":960},"low_attack_024_":{"width":960,"height":960},"low_attack_027_":{"width":960,"height":960},"low_attack_030_":{"width":960,"height":960},"low_attack_033_":{"width":960,"height":960},"low_attack_036_":{"width":960,"height":960},"low_attack_039_":{"width":960,"height":960},"low_attack_042_":{"width":960,"height":960},"low_attack_045_":{"width":960,"height":960},"low_attack_048_":{"width":960,"height":960},"low_attack_051_":{"width":960,"height":960},"low_attack_054_":{"width":960,"height":960},"low_attack_057_":{"width":960,"height":960},"low_attack_060_":{"width":960,"height":960},"low_attack_063_":{"width":960,"height":960},"low_attack_066_":{"width":960,"height":960},"low_attack_069_":{"width":960,"height":960},"low_attack_072_":{"width":960,"height":960},"low_attack_075_":{"width":960,"height":960},"low_attack_078_":{"width":960,"height":960},"low_attack_081_":{"width":960,"height":960},"low_attack_084_":{"width":960,"height":960},"low_attack_087_":{"width":960,"height":960},"low_attack_090_":{"width":960,"height":960},"low_attack_093_":{"width":960,"height":960},"low_attack_096_":{"width":960,"height":960},"low_attack_099_":{"width":960,"height":960}},"shadow_L_attack":{"shadow_L_attack_000_":{"width":240,"height":240},"shadow_L_attack_003_":{"width":240,"height":240},"shadow_L_attack_006_":{"width":240,"height":240},"shadow_L_attack_009_":{"width":240,"height":240},"shadow_L_attack_012_":{"width":240,"height":240},"shadow_L_attack_015_":{"width":240,"height":240},"shadow_L_attack_018_":{"width":240,"height":240},"shadow_L_attack_021_":{"width":240,"height":240},"shadow_L_attack_024_":{"width":240,"height":240},"shadow_L_attack_027_":{"width":240,"height":240},"shadow_L_attack_030_":{"width":240,"height":240},"shadow_L_attack_033_":{"width":240,"height":240},"shadow_L_attack_036_":{"width":240,"height":240},"shadow_L_attack_039_":{"width":240,"height":240},"shadow_L_attack_042_":{"width":240,"height":240},"shadow_L_attack_045_":{"width":240,"height":240},"shadow_L_attack_048_":{"width":240,"height":240},"shadow_L_attack_051_":{"width":240,"height":240},"shadow_L_attack_054_":{"width":240,"height":240},"shadow_L_attack_057_":{"width":240,"height":240},"shadow_L_attack_060_":{"width":240,"height":240},"shadow_L_attack_063_":{"width":240,"height":240},"shadow_L_attack_066_":{"width":240,"height":240},"shadow_L_attack_069_":{"width":240,"height":240},"shadow_L_attack_072_":{"width":240,"height":240},"shadow_L_attack_075_":{"width":240,"height":240},"shadow_L_attack_078_":{"width":240,"height":240},"shadow_L_attack_081_":{"width":240,"height":240},"shadow_L_attack_084_":{"width":240,"height":240},"shadow_L_attack_087_":{"width":240,"height":240},"shadow_L_attack_090_":{"width":240,"height":240},"shadow_L_attack_093_":{"width":240,"height":240},"shadow_L_attack_096_":{"width":240,"height":240},"shadow_L_attack_099_":{"width":240,"height":240}},"smoke_L_attack":{"smoke_L_attack_000_":{"width":480,"height":480},"smoke_L_attack_002_":{"width":480,"height":480},"smoke_L_attack_004_":{"width":480,"height":480},"smoke_L_attack_006_":{"width":480,"height":480},"smoke_L_attack_008_":{"width":480,"height":480},"smoke_L_attack_010_":{"width":480,"height":480},"smoke_L_attack_012_":{"width":480,"height":480},"smoke_L_attack_014_":{"width":480,"height":480},"smoke_L_attack_016_":{"width":480,"height":480},"smoke_L_attack_018_":{"width":480,"height":480},"smoke_L_attack_020_":{"width":480,"height":480},"smoke_L_attack_022_":{"width":480,"height":480},"smoke_L_attack_024_":{"width":480,"height":480},"smoke_L_attack_026_":{"width":480,"height":480},"smoke_L_attack_028_":{"width":480,"height":480},"smoke_L_attack_030_":{"width":480,"height":480},"smoke_L_attack_032_":{"width":480,"height":480},"smoke_L_attack_034_":{"width":480,"height":480},"smoke_L_attack_036_":{"width":480,"height":480},"smoke_L_attack_038_":{"width":480,"height":480},"smoke_L_attack_040_":{"width":480,"height":480},"smoke_L_attack_042_":{"width":480,"height":480},"smoke_L_attack_044_":{"width":480,"height":480},"smoke_L_attack_046_":{"width":480,"height":480},"smoke_L_attack_048_":{"width":480,"height":480},"smoke_L_attack_050_":{"width":480,"height":480},"smoke_L_attack_052_":{"width":480,"height":480},"smoke_L_attack_054_":{"width":480,"height":480},"smoke_L_attack_056_":{"width":480,"height":480},"smoke_L_attack_058_":{"width":480,"height":480},"smoke_L_attack_060_":{"width":480,"height":480},"smoke_L_attack_062_":{"width":480,"height":480},"smoke_L_attack_064_":{"width":480,"height":480},"smoke_L_attack_066_":{"width":480,"height":480},"smoke_L_attack_068_":{"width":480,"height":480},"smoke_L_attack_070_":{"width":480,"height":480},"smoke_L_attack_072_":{"width":480,"height":480},"smoke_L_attack_074_":{"width":480,"height":480},"smoke_L_attack_076_":{"width":480,"height":480},"smoke_L_attack_078_":{"width":480,"height":480},"smoke_L_attack_080_":{"width":480,"height":480},"smoke_L_attack_082_":{"width":480,"height":480},"smoke_L_attack_084_":{"width":480,"height":480},"smoke_L_attack_086_":{"width":480,"height":480},"smoke_L_attack_088_":{"width":480,"height":480},"smoke_L_attack_090_":{"width":480,"height":480},"smoke_L_attack_092_":{"width":480,"height":480},"smoke_L_attack_094_":{"width":480,"height":480},"smoke_L_attack_096_":{"width":480,"height":480},"smoke_L_attack_098_":{"width":480,"height":480},"smoke_L_attack_100_":{"width":480,"height":480}}}},"animations":{"animation":{"slots":{"low_attack":{"attachment":[{"time":0,"name":"low_attack_000_"},{"time":0.1,"name":"low_attack_003_"},{"time":0.2,"name":"low_attack_006_"},{"time":0.3,"name":"low_attack_009_"},{"time":0.4,"name":"low_attack_012_"},{"time":0.5,"name":"low_attack_015_"},{"time":0.6,"name":"low_attack_018_"},{"time":0.7,"name":"low_attack_021_"},{"time":0.8,"name":"low_attack_024_"},{"time":0.9,"name":"low_attack_027_"},{"time":1,"name":"low_attack_030_"},{"time":1.1,"name":"low_attack_033_"},{"time":1.2,"name":"low_attack_036_"},{"time":1.3,"name":"low_attack_039_"},{"time":1.4,"name":"low_attack_042_"},{"time":1.5,"name":"low_attack_045_"},{"time":1.6,"name":"low_attack_048_"},{"time":1.7,"name":"low_attack_051_"},{"time":1.8,"name":"low_attack_054_"},{"time":1.9,"name":"low_attack_057_"},{"time":2,"name":"low_attack_060_"},{"time":2.1,"name":"low_attack_063_"},{"time":2.2,"name":"low_attack_066_"},{"time":2.3,"name":"low_attack_069_"},{"time":2.4,"name":"low_attack_072_"},{"time":2.5,"name":"low_attack_075_"},{"time":2.6,"name":"low_attack_078_"},{"time":2.7,"name":"low_attack_081_"},{"time":2.8,"name":"low_attack_084_"},{"time":2.9,"name":"low_attack_087_"},{"time":3,"name":"low_attack_090_"},{"time":3.1,"name":"low_attack_093_"},{"time":3.2,"name":"low_attack_096_"},{"time":3.3,"name":"low_attack_099_"},{"time":3.4,"name":null}]},"shadow_L_attack":{"attachment":[{"time":0,"name":"shadow_L_attack_000_"},{"time":0.1,"name":"shadow_L_attack_003_"},{"time":0.2,"name":"shadow_L_attack_006_"},{"time":0.3,"name":"shadow_L_attack_009_"},{"time":0.4,"name":"shadow_L_attack_012_"},{"time":0.5,"name":"shadow_L_attack_015_"},{"time":0.6,"name":"shadow_L_attack_018_"},{"time":0.7,"name":"shadow_L_attack_021_"},{"time":0.8,"name":"shadow_L_attack_024_"},{"time":0.9,"name":"shadow_L_attack_027_"},{"time":1,"name":"shadow_L_attack_030_"},{"time":1.1,"name":"shadow_L_attack_033_"},{"time":1.2,"name":"shadow_L_attack_036_"},{"time":1.3,"name":"shadow_L_attack_039_"},{"time":1.4,"name":"shadow_L_attack_042_"},{"time":1.5,"name":"shadow_L_attack_045_"},{"time":1.6,"name":"shadow_L_attack_048_"},{"time":1.7,"name":"shadow_L_attack_051_"},{"time":1.8,"name":"shadow_L_attack_054_"},{"time":1.9,"name":"shadow_L_attack_057_"},{"time":2,"name":"shadow_L_attack_060_"},{"time":2.1,"name":"shadow_L_attack_063_"},{"time":2.2,"name":"shadow_L_attack_066_"},{"time":2.3,"name":"shadow_L_attack_069_"},{"time":2.4,"name":"shadow_L_attack_072_"},{"time":2.5,"name":"shadow_L_attack_075_"},{"time":2.6,"name":"shadow_L_attack_078_"},{"time":2.7,"name":"shadow_L_attack_081_"},{"time":2.8,"name":"shadow_L_attack_084_"},{"time":2.9,"name":"shadow_L_attack_087_"},{"time":3,"name":"shadow_L_attack_090_"},{"time":3.1,"name":"shadow_L_attack_093_"},{"time":3.2,"name":"shadow_L_attack_096_"},{"time":3.3,"name":"shadow_L_attack_099_"},{"time":3.4,"name":null}]},"smoke_L_attack":{"attachment":[{"time":0,"name":"smoke_L_attack_000_"},{"time":0.0667,"name":"smoke_L_attack_002_"},{"time":0.1333,"name":"smoke_L_attack_004_"},{"time":0.2,"name":"smoke_L_attack_006_"},{"time":0.2667,"name":"smoke_L_attack_008_"},{"time":0.3333,"name":"smoke_L_attack_010_"},{"time":0.4,"name":"smoke_L_attack_012_"},{"time":0.4667,"name":"smoke_L_attack_014_"},{"time":0.5333,"name":"smoke_L_attack_016_"},{"time":0.6,"name":"smoke_L_attack_018_"},{"time":0.6667,"name":"smoke_L_attack_020_"},{"time":0.7333,"name":"smoke_L_attack_022_"},{"time":0.8,"name":"smoke_L_attack_024_"},{"time":0.8667,"name":"smoke_L_attack_026_"},{"time":0.9333,"name":"smoke_L_attack_028_"},{"time":1,"name":"smoke_L_attack_030_"},{"time":1.0667,"name":"smoke_L_attack_032_"},{"time":1.1333,"name":"smoke_L_attack_034_"},{"time":1.2,"name":"smoke_L_attack_036_"},{"time":1.2667,"name":"smoke_L_attack_038_"},{"time":1.3333,"name":"smoke_L_attack_040_"},{"time":1.4,"name":"smoke_L_attack_042_"},{"time":1.4667,"name":"smoke_L_attack_044_"},{"time":1.5333,"name":"smoke_L_attack_046_"},{"time":1.6,"name":"smoke_L_attack_048_"},{"time":1.6667,"name":"smoke_L_attack_050_"},{"time":1.7333,"name":"smoke_L_attack_052_"},{"time":1.8,"name":"smoke_L_attack_054_"},{"time":1.8667,"name":"smoke_L_attack_056_"},{"time":1.9333,"name":"smoke_L_attack_058_"},{"time":2,"name":"smoke_L_attack_060_"},{"time":2.0667,"name":"smoke_L_attack_062_"},{"time":2.1333,"name":"smoke_L_attack_064_"},{"time":2.2,"name":"smoke_L_attack_066_"},{"time":2.2667,"name":"smoke_L_attack_068_"},{"time":2.3333,"name":"smoke_L_attack_070_"},{"time":2.4,"name":"smoke_L_attack_072_"},{"time":2.4667,"name":"smoke_L_attack_074_"},{"time":2.5333,"name":"smoke_L_attack_076_"},{"time":2.6,"name":"smoke_L_attack_078_"},{"time":2.6667,"name":"smoke_L_attack_080_"},{"time":2.7333,"name":"smoke_L_attack_082_"},{"time":2.8,"name":"smoke_L_attack_084_"},{"time":2.8667,"name":"smoke_L_attack_086_"},{"time":2.9333,"name":"smoke_L_attack_088_"},{"time":3,"name":"smoke_L_attack_090_"},{"time":3.0667,"name":"smoke_L_attack_092_"},{"time":3.1333,"name":"smoke_L_attack_094_"},{"time":3.2,"name":"smoke_L_attack_096_"},{"time":3.2667,"name":"smoke_L_attack_098_"},{"time":3.3333,"name":"smoke_L_attack_100_"},{"time":3.4,"name":null}]}},"bones":{"low_attack":{"translate":[{"time":0,"x":30,"y":0}]},"shadow_L_attack":{"translate":[{"time":0,"x":30,"y":0}]},"smoke_L_attack":{"translate":[{"time":0,"x":30,"y":0}]}}}}}