{
"skeleton": { "hash": "rTDEgpI7Ms0pQ5eAOIgAM71UHto", "spine": "3.7.94", "width": 600, "height": 600.01 },
"bones": [
	{ "name": "root" },
	{ "name": "bone", "parent": "root", "x": 52, "y": 230, "scaleX": 1.25, "scaleY": 1.25 },
	{ "name": "a", "parent": "bone" },
	{ "name": "b6", "parent": "bone", "x": -118.7, "y": -123.72 },
	{ "name": "b7", "parent": "bone", "x": -359.44, "y": -120.46 },
	{ "name": "b8", "parent": "bone", "x": -358.73, "y": 117.28 }
],
"slots": [
	{ "name": "a_00_", "bone": "a", "attachment": "a_00_" },
	{ "name": "b7_00_", "bone": "b7", "attachment": "b7_00_" },
	{ "name": "b6_00_", "bone": "b6", "attachment": "b6_00_" },
	{ "name": "b8_00_", "bone": "b8", "attachment": "b8_00_" }
],
"skins": {
	"default": {
		"a_00_": {
			"a_00_": { "width": 240, "height": 240 },
			"a_01_": { "width": 240, "height": 240 },
			"a_02_": { "width": 240, "height": 240 },
			"a_03_": { "width": 240, "height": 240 },
			"a_04_": { "width": 240, "height": 240 },
			"a_05_": { "width": 240, "height": 240 },
			"a_06_": { "width": 240, "height": 240 },
			"a_07_": { "width": 240, "height": 240 },
			"a_08_": { "width": 240, "height": 240 },
			"a_09_": { "width": 240, "height": 240 },
			"a_10_": { "width": 240, "height": 240 },
			"a_11_": { "width": 240, "height": 240 },
			"a_12_": { "width": 240, "height": 240 },
			"a_13_": { "width": 240, "height": 240 },
			"a_14_": { "width": 240, "height": 240 },
			"a_15_": { "width": 240, "height": 240 },
			"a_16_": { "width": 240, "height": 240 },
			"a_17_": { "width": 240, "height": 240 },
			"a_18_": { "width": 240, "height": 240 },
			"a_19_": { "width": 240, "height": 240 },
			"a_20_": { "width": 240, "height": 240 },
			"a_21_": { "width": 240, "height": 240 },
			"a_22_": { "width": 240, "height": 240 },
			"a_23_": { "width": 240, "height": 240 },
			"a_24_": { "width": 240, "height": 240 }
		},
		"b6_00_": {
			"b6_00_": { "x": 118.69, "y": -116.28, "width": 240, "height": 240 },
			"b6_01_": { "x": 118.69, "y": -116.28, "width": 240, "height": 240 },
			"b6_02_": { "x": 118.69, "y": -116.28, "width": 240, "height": 240 },
			"b6_03_": { "x": 118.69, "y": -116.28, "width": 240, "height": 240 },
			"b6_04_": { "x": 118.69, "y": -116.28, "width": 240, "height": 240 },
			"b6_05_": { "x": 118.69, "y": -116.28, "width": 240, "height": 240 },
			"b6_06_": { "x": 118.69, "y": -116.28, "width": 240, "height": 240 },
			"b6_07_": { "x": 118.69, "y": -116.28, "width": 240, "height": 240 },
			"b6_08_": { "x": 118.69, "y": -116.28, "width": 240, "height": 240 },
			"b6_09_": { "x": 118.69, "y": -116.28, "width": 240, "height": 240 },
			"b6_10_": { "x": 118.69, "y": -116.28, "width": 240, "height": 240 },
			"b6_11_": { "x": 118.69, "y": -116.28, "width": 240, "height": 240 },
			"b6_12_": { "x": 118.69, "y": -116.28, "width": 240, "height": 240 },
			"b6_13_": { "x": 118.69, "y": -116.28, "width": 240, "height": 240 },
			"b6_14_": { "x": 118.69, "y": -116.28, "width": 240, "height": 240 },
			"b6_15_": { "x": 118.69, "y": -116.28, "width": 240, "height": 240 },
			"b6_16_": { "x": 118.69, "y": -116.28, "width": 240, "height": 240 },
			"b6_17_": { "x": 118.69, "y": -116.28, "width": 240, "height": 240 },
			"b6_18_": { "x": 118.69, "y": -116.28, "width": 240, "height": 240 },
			"b6_19_": { "x": 118.69, "y": -116.28, "width": 240, "height": 240 },
			"b6_20_": { "x": 118.69, "y": -116.28, "width": 240, "height": 240 },
			"b6_21_": { "x": 118.69, "y": -116.28, "width": 240, "height": 240 },
			"b6_22_": { "x": 118.69, "y": -116.28, "width": 240, "height": 240 },
			"b6_23_": { "x": 118.69, "y": -116.28, "width": 240, "height": 240 },
			"b6_24_": { "x": 118.69, "y": -116.28, "width": 240, "height": 240 }
		},
		"b7_00_": {
			"b7_00_": { "x": 119.44, "y": -119.55, "width": 240, "height": 240 },
			"b7_01_": { "x": 119.44, "y": -119.55, "width": 240, "height": 240 },
			"b7_02_": { "x": 119.44, "y": -119.55, "width": 240, "height": 240 },
			"b7_03_": { "x": 119.44, "y": -119.55, "width": 240, "height": 240 },
			"b7_04_": { "x": 119.44, "y": -119.55, "width": 240, "height": 240 },
			"b7_05_": { "x": 119.44, "y": -119.55, "width": 240, "height": 240 },
			"b7_06_": { "x": 119.44, "y": -119.55, "width": 240, "height": 240 },
			"b7_07_": { "x": 119.44, "y": -119.55, "width": 240, "height": 240 },
			"b7_08_": { "x": 119.44, "y": -119.55, "width": 240, "height": 240 },
			"b7_09_": { "x": 119.44, "y": -119.55, "width": 240, "height": 240 },
			"b7_10_": { "x": 119.44, "y": -119.55, "width": 240, "height": 240 },
			"b7_11_": { "x": 119.44, "y": -119.55, "width": 240, "height": 240 },
			"b7_12_": { "x": 119.44, "y": -119.55, "width": 240, "height": 240 },
			"b7_13_": { "x": 119.44, "y": -119.55, "width": 240, "height": 240 },
			"b7_14_": { "x": 119.44, "y": -119.55, "width": 240, "height": 240 },
			"b7_15_": { "x": 119.44, "y": -119.55, "width": 240, "height": 240 },
			"b7_16_": { "x": 119.44, "y": -119.55, "width": 240, "height": 240 },
			"b7_17_": { "x": 119.44, "y": -119.55, "width": 240, "height": 240 },
			"b7_18_": { "x": 119.44, "y": -119.55, "width": 240, "height": 240 },
			"b7_19_": { "x": 119.44, "y": -119.55, "width": 240, "height": 240 },
			"b7_20_": { "x": 119.44, "y": -119.55, "width": 240, "height": 240 },
			"b7_21_": { "x": 119.44, "y": -119.55, "width": 240, "height": 240 },
			"b7_22_": { "x": 119.44, "y": -119.55, "width": 240, "height": 240 },
			"b7_23_": { "x": 119.44, "y": -119.55, "width": 240, "height": 240 },
			"b7_24_": { "x": 119.44, "y": -119.55, "width": 240, "height": 240 }
		},
		"b8_00_": {
			"b8_00_": { "x": 118.73, "y": -117.29, "width": 240, "height": 240 },
			"b8_01_": { "x": 118.73, "y": -117.29, "width": 240, "height": 240 },
			"b8_02_": { "x": 118.73, "y": -117.29, "width": 240, "height": 240 },
			"b8_03_": { "x": 118.73, "y": -117.29, "width": 240, "height": 240 },
			"b8_04_": { "x": 118.73, "y": -117.29, "width": 240, "height": 240 },
			"b8_05_": { "x": 118.73, "y": -117.29, "width": 240, "height": 240 },
			"b8_06_": { "x": 118.73, "y": -117.29, "width": 240, "height": 240 },
			"b8_07_": { "x": 118.73, "y": -117.29, "width": 240, "height": 240 },
			"b8_08_": { "x": 118.73, "y": -117.29, "width": 240, "height": 240 },
			"b8_09_": { "x": 118.73, "y": -117.29, "width": 240, "height": 240 },
			"b8_10_": { "x": 118.73, "y": -117.29, "width": 240, "height": 240 },
			"b8_11_": { "x": 118.73, "y": -117.29, "width": 240, "height": 240 },
			"b8_12_": { "x": 118.73, "y": -117.29, "width": 240, "height": 240 },
			"b8_13_": { "x": 118.73, "y": -117.29, "width": 240, "height": 240 },
			"b8_14_": { "x": 118.73, "y": -117.29, "width": 240, "height": 240 },
			"b8_15_": { "x": 118.73, "y": -117.29, "width": 240, "height": 240 },
			"b8_16_": { "x": 118.73, "y": -117.29, "width": 240, "height": 240 },
			"b8_17_": { "x": 118.73, "y": -117.29, "width": 240, "height": 240 },
			"b8_18_": { "x": 118.73, "y": -117.29, "width": 240, "height": 240 },
			"b8_19_": { "x": 118.73, "y": -117.29, "width": 240, "height": 240 },
			"b8_20_": { "x": 118.73, "y": -117.29, "width": 240, "height": 240 },
			"b8_21_": { "x": 118.73, "y": -117.29, "width": 240, "height": 240 },
			"b8_22_": { "x": 118.73, "y": -117.29, "width": 240, "height": 240 },
			"b8_23_": { "x": 118.73, "y": -117.29, "width": 240, "height": 240 },
			"b8_24_": { "x": 118.73, "y": -117.29, "width": 240, "height": 240 }
		}
	}
},
"animations": {
	"animation": {
		"slots": {
			"a_00_": {
				"attachment": [
					{ "time": 0, "name": "a_00_" },
					{ "time": 0.1, "name": "a_01_" },
					{ "time": 0.2333, "name": "a_02_" },
					{ "time": 0.3333, "name": "a_03_" },
					{ "time": 0.4333, "name": "a_04_" },
					{ "time": 0.5333, "name": "a_05_" },
					{ "time": 0.6667, "name": "a_06_" },
					{ "time": 0.7667, "name": "a_07_" },
					{ "time": 0.8667, "name": "a_08_" },
					{ "time": 1, "name": "a_09_" },
					{ "time": 1.1, "name": "a_10_" },
					{ "time": 1.2, "name": "a_11_" },
					{ "time": 1.3, "name": "a_12_" },
					{ "time": 1.4333, "name": "a_13_" },
					{ "time": 1.5333, "name": "a_14_" },
					{ "time": 1.6333, "name": "a_00_" },
					{ "time": 1.7333, "name": "a_01_" },
					{ "time": 1.8667, "name": "a_02_" },
					{ "time": 1.9667, "name": "a_03_" },
					{ "time": 2.0667, "name": "a_04_" },
					{ "time": 2.1667, "name": "a_05_" },
					{ "time": 2.3, "name": "a_06_" },
					{ "time": 2.4, "name": "a_07_" },
					{ "time": 2.5, "name": "a_08_" },
					{ "time": 2.6333, "name": "a_09_" },
					{ "time": 2.7333, "name": "a_10_" },
					{ "time": 2.8333, "name": "a_11_" },
					{ "time": 2.9333, "name": "a_12_" },
					{ "time": 3.0667, "name": "a_13_" },
					{ "time": 3.1667, "name": "a_14_" },
					{ "time": 3.2667, "name": "a_15_" },
					{ "time": 3.4, "name": "a_16_" },
					{ "time": 3.5, "name": "a_17_" },
					{ "time": 3.6333, "name": "a_18_" },
					{ "time": 3.7667, "name": "a_19_" },
					{ "time": 3.9, "name": "a_20_" },
					{ "time": 4, "name": "a_21_" },
					{ "time": 4.1, "name": "a_22_" },
					{ "time": 4.2333, "name": "a_23_" },
					{ "time": 4.3333, "name": "a_24_" },
					{ "time": 4.4333, "name": null },
					{ "time": 6.6667, "name": null }
				]
			},
			"b6_00_": {
				"attachment": [
					{ "time": 0, "name": "b6_00_" },
					{ "time": 0.1, "name": "b6_01_" },
					{ "time": 0.2333, "name": "b6_02_" },
					{ "time": 0.3333, "name": "b6_03_" },
					{ "time": 0.4333, "name": "b6_04_" },
					{ "time": 0.5333, "name": "b6_05_" },
					{ "time": 0.6667, "name": "b6_06_" },
					{ "time": 0.7667, "name": "b6_07_" },
					{ "time": 0.8667, "name": "b6_08_" },
					{ "time": 1, "name": "b6_09_" },
					{ "time": 1.1, "name": "b6_10_" },
					{ "time": 1.2, "name": "b6_11_" },
					{ "time": 1.3, "name": "b6_12_" },
					{ "time": 1.4333, "name": "b6_13_" },
					{ "time": 1.5333, "name": "b6_14_" },
					{ "time": 1.6333, "name": "b6_00_" },
					{ "time": 1.7333, "name": "b6_01_" },
					{ "time": 1.8667, "name": "b6_02_" },
					{ "time": 1.9667, "name": "b6_03_" },
					{ "time": 2.0667, "name": "b6_04_" },
					{ "time": 2.1667, "name": "b6_05_" },
					{ "time": 2.3, "name": "b6_06_" },
					{ "time": 2.4, "name": "b6_07_" },
					{ "time": 2.5, "name": "b6_08_" },
					{ "time": 2.6333, "name": "b6_09_" },
					{ "time": 2.7333, "name": "b6_10_" },
					{ "time": 2.8333, "name": "b6_11_" },
					{ "time": 2.9333, "name": "b6_12_" },
					{ "time": 3.0667, "name": "b6_13_" },
					{ "time": 3.1667, "name": "b6_14_" },
					{ "time": 3.2667, "name": "b6_15_" },
					{ "time": 3.4, "name": "b6_16_" },
					{ "time": 3.5, "name": "b6_17_" },
					{ "time": 3.6333, "name": "b6_18_" },
					{ "time": 3.7667, "name": "b6_19_" },
					{ "time": 3.9, "name": "b6_20_" },
					{ "time": 4, "name": "b6_21_" },
					{ "time": 4.1, "name": "b6_22_" },
					{ "time": 4.2333, "name": "b6_23_" },
					{ "time": 4.3333, "name": "b6_24_" },
					{ "time": 4.4333, "name": null },
					{ "time": 6.6667, "name": null }
				]
			},
			"b7_00_": {
				"attachment": [
					{ "time": 0, "name": "b7_00_" },
					{ "time": 0.1, "name": "b7_01_" },
					{ "time": 0.2333, "name": "b7_02_" },
					{ "time": 0.3333, "name": "b7_03_" },
					{ "time": 0.4333, "name": "b7_04_" },
					{ "time": 0.5333, "name": "b7_05_" },
					{ "time": 0.6667, "name": "b7_06_" },
					{ "time": 0.7667, "name": "b7_07_" },
					{ "time": 0.8667, "name": "b7_08_" },
					{ "time": 1, "name": "b7_09_" },
					{ "time": 1.1, "name": "b7_10_" },
					{ "time": 1.2, "name": "b7_11_" },
					{ "time": 1.3, "name": "b7_12_" },
					{ "time": 1.4333, "name": "b7_13_" },
					{ "time": 1.5333, "name": "b7_14_" },
					{ "time": 1.6333, "name": "b7_00_" },
					{ "time": 1.7333, "name": "b7_01_" },
					{ "time": 1.8667, "name": "b7_02_" },
					{ "time": 1.9667, "name": "b7_03_" },
					{ "time": 2.0667, "name": "b7_04_" },
					{ "time": 2.1667, "name": "b7_05_" },
					{ "time": 2.3, "name": "b7_06_" },
					{ "time": 2.4, "name": "b7_07_" },
					{ "time": 2.5, "name": "b7_08_" },
					{ "time": 2.6333, "name": "b7_09_" },
					{ "time": 2.7333, "name": "b7_10_" },
					{ "time": 2.8333, "name": "b7_11_" },
					{ "time": 2.9333, "name": "b7_12_" },
					{ "time": 3.0667, "name": "b7_13_" },
					{ "time": 3.1667, "name": "b7_14_" },
					{ "time": 3.2667, "name": "b7_15_" },
					{ "time": 3.4, "name": "b7_16_" },
					{ "time": 3.5, "name": "b7_17_" },
					{ "time": 3.6333, "name": "b7_18_" },
					{ "time": 3.7667, "name": "b7_19_" },
					{ "time": 3.9, "name": "b7_20_" },
					{ "time": 4, "name": "b7_21_" },
					{ "time": 4.1, "name": "b7_22_" },
					{ "time": 4.2333, "name": "b7_23_" },
					{ "time": 4.3333, "name": "b7_24_" },
					{ "time": 4.4333, "name": null },
					{ "time": 6.6667, "name": null }
				]
			},
			"b8_00_": {
				"attachment": [
					{ "time": 0, "name": "b8_00_" },
					{ "time": 0.1, "name": "b8_01_" },
					{ "time": 0.2333, "name": "b8_02_" },
					{ "time": 0.3333, "name": "b8_03_" },
					{ "time": 0.4333, "name": "b8_04_" },
					{ "time": 0.5333, "name": "b8_05_" },
					{ "time": 0.6667, "name": "b8_06_" },
					{ "time": 0.7667, "name": "b8_07_" },
					{ "time": 0.8667, "name": "b8_08_" },
					{ "time": 1, "name": "b8_09_" },
					{ "time": 1.1, "name": "b8_10_" },
					{ "time": 1.2, "name": "b8_11_" },
					{ "time": 1.3, "name": "b8_12_" },
					{ "time": 1.4333, "name": "b8_13_" },
					{ "time": 1.5333, "name": "b8_14_" },
					{ "time": 1.6333, "name": "b8_00_" },
					{ "time": 1.7333, "name": "b8_01_" },
					{ "time": 1.8667, "name": "b8_02_" },
					{ "time": 1.9667, "name": "b8_03_" },
					{ "time": 2.0667, "name": "b8_04_" },
					{ "time": 2.1667, "name": "b8_05_" },
					{ "time": 2.3, "name": "b8_06_" },
					{ "time": 2.4, "name": "b8_07_" },
					{ "time": 2.5, "name": "b8_08_" },
					{ "time": 2.6333, "name": "b8_09_" },
					{ "time": 2.7333, "name": "b8_10_" },
					{ "time": 2.8333, "name": "b8_11_" },
					{ "time": 2.9333, "name": "b8_12_" },
					{ "time": 3.0667, "name": "b8_13_" },
					{ "time": 3.1667, "name": "b8_14_" },
					{ "time": 3.2667, "name": "b8_15_" },
					{ "time": 3.4, "name": "b8_16_" },
					{ "time": 3.5, "name": "b8_17_" },
					{ "time": 3.6333, "name": "b8_18_" },
					{ "time": 3.7667, "name": "b8_19_" },
					{ "time": 3.9, "name": "b8_20_" },
					{ "time": 4, "name": "b8_21_" },
					{ "time": 4.1, "name": "b8_22_" },
					{ "time": 4.2333, "name": "b8_23_" },
					{ "time": 4.3333, "name": "b8_24_" },
					{ "time": 4.4333, "name": null },
					{ "time": 6.6667, "name": null }
				]
			}
		}
	}
}
}