{
"skeleton": { "hash": "rhpIcCf/In3zYoCN3XbbnmBhwfM", "spine": "3.7.94", "width": 0, "height": 0 },
"bones": [
	{ "name": "root" },
	{ "name": "bone", "parent": "root", "x": 52, "y": 230, "scaleX": 1.25, "scaleY": 1.25 },
	{ "name": "a", "parent": "bone" },
	{ "name": "b6", "parent": "bone", "x": -118.7, "y": -123.72 },
	{ "name": "b7", "parent": "bone", "x": -359.44, "y": -120.46 },
	{ "name": "b8", "parent": "bone", "x": -358.73, "y": 117.28 }
],
"slots": [
	{ "name": "a_00_", "bone": "a" },
	{ "name": "b7_00_", "bone": "b7" },
	{ "name": "b6_00_", "bone": "b6" },
	{ "name": "b8_00_", "bone": "b8" }
],
"skins": {
	"default": {
		"a_00_": {
			"a_25_": { "width": 240, "height": 240 },
			"a_26_": { "width": 240, "height": 240 },
			"a_27_": { "width": 240, "height": 240 },
			"a_28_": { "width": 240, "height": 240 },
			"a_29_": { "width": 240, "height": 240 },
			"a_30_": { "width": 240, "height": 240 },
			"a_31_": { "width": 240, "height": 240 },
			"a_32_": { "width": 240, "height": 240 },
			"a_33_": { "width": 240, "height": 240 },
			"a_34_": { "width": 240, "height": 240 },
			"a_35_": { "width": 240, "height": 240 },
			"a_36_": { "width": 240, "height": 240 },
			"a_37_": { "width": 240, "height": 240 },
			"a_38_": { "width": 240, "height": 240 },
			"a_39_": { "width": 240, "height": 240 },
			"a_40_": { "width": 240, "height": 240 },
			"a_41_": { "width": 240, "height": 240 },
			"a_42_": { "width": 240, "height": 240 },
			"a_43_": { "width": 240, "height": 240 },
			"a_44_": { "width": 240, "height": 240 },
			"a_45_": { "width": 240, "height": 240 }
		},
		"b6_00_": {
			"b6_25_": { "x": 118.69, "y": -116.28, "width": 240, "height": 240 },
			"b6_26_": { "x": 118.69, "y": -116.28, "width": 240, "height": 240 },
			"b6_27_": { "x": 118.69, "y": -116.28, "width": 240, "height": 240 },
			"b6_28_": { "x": 118.69, "y": -116.28, "width": 240, "height": 240 },
			"b6_29_": { "x": 118.69, "y": -116.28, "width": 240, "height": 240 },
			"b6_30_": { "x": 118.69, "y": -116.28, "width": 240, "height": 240 },
			"b6_31_": { "x": 118.69, "y": -116.28, "width": 240, "height": 240 },
			"b6_32_": { "x": 118.69, "y": -116.28, "width": 240, "height": 240 },
			"b6_33_": { "x": 118.69, "y": -116.28, "width": 240, "height": 240 },
			"b6_34_": { "x": 118.69, "y": -116.28, "width": 240, "height": 240 },
			"b6_35_": { "x": 118.69, "y": -116.28, "width": 240, "height": 240 },
			"b6_36_": { "x": 118.69, "y": -116.28, "width": 240, "height": 240 },
			"b6_37_": { "x": 118.69, "y": -116.28, "width": 240, "height": 240 },
			"b6_38_": { "x": 118.69, "y": -116.28, "width": 240, "height": 240 },
			"b6_39_": { "x": 118.69, "y": -116.28, "width": 240, "height": 240 },
			"b6_40_": { "x": 118.69, "y": -116.28, "width": 240, "height": 240 },
			"b6_41_": { "x": 118.69, "y": -116.28, "width": 240, "height": 240 },
			"b6_42_": { "x": 118.69, "y": -116.28, "width": 240, "height": 240 },
			"b6_43_": { "x": 118.69, "y": -116.28, "width": 240, "height": 240 },
			"b6_44_": { "x": 118.69, "y": -116.28, "width": 240, "height": 240 },
			"b6_45_": { "x": 118.69, "y": -116.28, "width": 240, "height": 240 }
		},
		"b7_00_": {
			"b7_25_": { "x": 119.44, "y": -119.55, "width": 240, "height": 240 },
			"b7_26_": { "x": 119.44, "y": -119.55, "width": 240, "height": 240 },
			"b7_27_": { "x": 119.44, "y": -119.55, "width": 240, "height": 240 },
			"b7_28_": { "x": 119.44, "y": -119.55, "width": 240, "height": 240 },
			"b7_29_": { "x": 119.44, "y": -119.55, "width": 240, "height": 240 },
			"b7_30_": { "x": 119.44, "y": -119.55, "width": 240, "height": 240 },
			"b7_31_": { "x": 119.44, "y": -119.55, "width": 240, "height": 240 },
			"b7_32_": { "x": 119.44, "y": -119.55, "width": 240, "height": 240 },
			"b7_33_": { "x": 119.44, "y": -119.55, "width": 240, "height": 240 },
			"b7_34_": { "x": 119.44, "y": -119.55, "width": 240, "height": 240 },
			"b7_35_": { "x": 119.44, "y": -119.55, "width": 240, "height": 240 },
			"b7_36_": { "x": 119.44, "y": -119.55, "width": 240, "height": 240 },
			"b7_37_": { "x": 119.44, "y": -119.55, "width": 240, "height": 240 },
			"b7_38_": { "x": 119.44, "y": -119.55, "width": 240, "height": 240 },
			"b7_39_": { "x": 119.44, "y": -119.55, "width": 240, "height": 240 },
			"b7_40_": { "x": 119.44, "y": -119.55, "width": 240, "height": 240 },
			"b7_41_": { "x": 119.44, "y": -119.55, "width": 240, "height": 240 },
			"b7_42_": { "x": 119.44, "y": -119.55, "width": 240, "height": 240 },
			"b7_43_": { "x": 119.44, "y": -119.55, "width": 240, "height": 240 },
			"b7_44_": { "x": 119.44, "y": -119.55, "width": 240, "height": 240 },
			"b7_45_": { "x": 119.44, "y": -119.55, "width": 240, "height": 240 }
		},
		"b8_00_": {
			"b8_25_": { "x": 118.73, "y": -117.29, "width": 240, "height": 240 },
			"b8_26_": { "x": 118.73, "y": -117.29, "width": 240, "height": 240 },
			"b8_27_": { "x": 118.73, "y": -117.29, "width": 240, "height": 240 },
			"b8_28_": { "x": 118.73, "y": -117.29, "width": 240, "height": 240 },
			"b8_29_": { "x": 118.73, "y": -117.29, "width": 240, "height": 240 },
			"b8_30_": { "x": 118.73, "y": -117.29, "width": 240, "height": 240 },
			"b8_31_": { "x": 118.73, "y": -117.29, "width": 240, "height": 240 },
			"b8_32_": { "x": 118.73, "y": -117.29, "width": 240, "height": 240 },
			"b8_33_": { "x": 118.73, "y": -117.29, "width": 240, "height": 240 },
			"b8_34_": { "x": 118.73, "y": -117.29, "width": 240, "height": 240 },
			"b8_35_": { "x": 118.73, "y": -117.29, "width": 240, "height": 240 },
			"b8_36_": { "x": 118.73, "y": -117.29, "width": 240, "height": 240 },
			"b8_37_": { "x": 118.73, "y": -117.29, "width": 240, "height": 240 },
			"b8_38_": { "x": 118.73, "y": -117.29, "width": 240, "height": 240 },
			"b8_39_": { "x": 118.73, "y": -117.29, "width": 240, "height": 240 },
			"b8_40_": { "x": 118.73, "y": -117.29, "width": 240, "height": 240 },
			"b8_41_": { "x": 118.73, "y": -117.29, "width": 240, "height": 240 },
			"b8_42_": { "x": 118.73, "y": -117.29, "width": 240, "height": 240 },
			"b8_43_": { "x": 118.73, "y": -117.29, "width": 240, "height": 240 },
			"b8_44_": { "x": 118.73, "y": -117.29, "width": 240, "height": 240 },
			"b8_45_": { "x": 118.73, "y": -117.29, "width": 240, "height": 240 }
		}
	}
},
"animations": {
	"animation": {
		"slots": {
			"a_00_": {
				"attachment": [
					{ "time": 0, "name": null },
					{ "time": 4.4333, "name": "a_25_" },
					{ "time": 4.5333, "name": "a_26_" },
					{ "time": 4.6667, "name": "a_27_" },
					{ "time": 4.7667, "name": "a_28_" },
					{ "time": 4.8667, "name": "a_29_" },
					{ "time": 5, "name": "a_30_" },
					{ "time": 5.1, "name": "a_31_" },
					{ "time": 5.2, "name": "a_32_" },
					{ "time": 5.3333, "name": "a_33_" },
					{ "time": 5.4333, "name": "a_34_" },
					{ "time": 5.5333, "name": "a_35_" },
					{ "time": 5.6333, "name": "a_36_" },
					{ "time": 5.7667, "name": "a_37_" },
					{ "time": 5.8667, "name": "a_37_" },
					{ "time": 5.9667, "name": "a_38_" },
					{ "time": 6.0667, "name": "a_39_" },
					{ "time": 6.1667, "name": "a_40_" },
					{ "time": 6.2667, "name": "a_41_" },
					{ "time": 6.3667, "name": "a_42_" },
					{ "time": 6.4667, "name": "a_43_" },
					{ "time": 6.5667, "name": "a_44_" },
					{ "time": 6.6667, "name": "a_45_" }
				]
			},
			"b6_00_": {
				"attachment": [
					{ "time": 0, "name": null },
					{ "time": 4.4333, "name": "b6_25_" },
					{ "time": 4.5333, "name": "b6_26_" },
					{ "time": 4.6667, "name": "b6_27_" },
					{ "time": 4.7667, "name": "b6_28_" },
					{ "time": 4.8667, "name": "b6_29_" },
					{ "time": 5, "name": "b6_30_" },
					{ "time": 5.1, "name": "b6_31_" },
					{ "time": 5.2, "name": "b6_32_" },
					{ "time": 5.3333, "name": "b6_33_" },
					{ "time": 5.4333, "name": "b6_34_" },
					{ "time": 5.5333, "name": "b6_35_" },
					{ "time": 5.6333, "name": "b6_36_" },
					{ "time": 5.7667, "name": "b6_37_" },
					{ "time": 5.8667, "name": "b6_37_" },
					{ "time": 5.9667, "name": "b6_38_" },
					{ "time": 6.0667, "name": "b6_39_" },
					{ "time": 6.1667, "name": "b6_40_" },
					{ "time": 6.2667, "name": "b6_41_" },
					{ "time": 6.3667, "name": "b6_42_" },
					{ "time": 6.4667, "name": "b6_43_" },
					{ "time": 6.5667, "name": "b6_44_" },
					{ "time": 6.6667, "name": "b6_45_" }
				]
			},
			"b7_00_": {
				"attachment": [
					{ "time": 0, "name": null },
					{ "time": 4.4333, "name": "b7_25_" },
					{ "time": 4.5333, "name": "b7_26_" },
					{ "time": 4.6667, "name": "b7_27_" },
					{ "time": 4.7667, "name": "b7_28_" },
					{ "time": 4.8667, "name": "b7_29_" },
					{ "time": 5, "name": "b7_30_" },
					{ "time": 5.1, "name": "b7_31_" },
					{ "time": 5.2, "name": "b7_32_" },
					{ "time": 5.3333, "name": "b7_33_" },
					{ "time": 5.4333, "name": "b7_34_" },
					{ "time": 5.5333, "name": "b7_35_" },
					{ "time": 5.6333, "name": "b7_36_" },
					{ "time": 5.7667, "name": "b7_37_" },
					{ "time": 5.8667, "name": "b7_37_" },
					{ "time": 5.9667, "name": "b7_38_" },
					{ "time": 6.0667, "name": "b7_39_" },
					{ "time": 6.1667, "name": "b7_40_" },
					{ "time": 6.2667, "name": "b7_41_" },
					{ "time": 6.3667, "name": "b7_42_" },
					{ "time": 6.4667, "name": "b7_43_" },
					{ "time": 6.5667, "name": "b7_44_" },
					{ "time": 6.6667, "name": "b7_45_" }
				]
			},
			"b8_00_": {
				"attachment": [
					{ "time": 0, "name": null },
					{ "time": 4.4333, "name": "b8_25_" },
					{ "time": 4.5333, "name": "b8_26_" },
					{ "time": 4.6667, "name": "b8_27_" },
					{ "time": 4.7667, "name": "b8_28_" },
					{ "time": 4.8667, "name": "b8_29_" },
					{ "time": 5, "name": "b8_30_" },
					{ "time": 5.1, "name": "b8_31_" },
					{ "time": 5.2, "name": "b8_32_" },
					{ "time": 5.3333, "name": "b8_33_" },
					{ "time": 5.4333, "name": "b8_34_" },
					{ "time": 5.5333, "name": "b8_35_" },
					{ "time": 5.6333, "name": "b8_36_" },
					{ "time": 5.7667, "name": "b8_37_" },
					{ "time": 5.8667, "name": "b8_37_" },
					{ "time": 5.9667, "name": "b8_38_" },
					{ "time": 6.0667, "name": "b8_39_" },
					{ "time": 6.1667, "name": "b8_40_" },
					{ "time": 6.2667, "name": "b8_41_" },
					{ "time": 6.3667, "name": "b8_42_" },
					{ "time": 6.4667, "name": "b8_43_" },
					{ "time": 6.5667, "name": "b8_44_" },
					{ "time": 6.6667, "name": "b8_45_" }
				]
			}
		}
	}
}
}