{
"skeleton": { "hash": "RS3fh5lRFq7AK5LgdEx5r8nO4Rs", "spine": "3.7.94", "width": 0, "height": 0 },
"bones": [
	{ "name": "root" },
	{ "name": "L", "parent": "root", "y": 310.06, "scaleX": 1.25, "scaleY": 1.25 },
	{ "name": "R", "parent": "root", "y": 310.06, "scaleX": -1.25, "scaleY": 1.25 }
],
"slots": [
	{ "name": "Hcb_0080_03_", "bone": "L" },
	{ "name": "Hcb_0080_03_2", "bone": "R" },
	{ "name": "Hcb_0080_02_", "bone": "L" },
	{ "name": "Hcb_0080_02_2", "bone": "R" },
	{ "name": "Hcb_0080_01_", "bone": "L" },
	{ "name": "Hcb_0080_01_2", "bone": "R" },
	{ "name": "Hcb_0078_03_", "bone": "L" },
	{ "name": "Hcb_0078_03_2", "bone": "R" },
	{ "name": "Hcb_0078_02_", "bone": "L" },
	{ "name": "Hcb_0078_02_2", "bone": "R" },
	{ "name": "Hcb_0078_01_", "bone": "L" },
	{ "name": "Hcb_0078_01_2", "bone": "R" },
	{ "name": "Hcb_0076_03_", "bone": "L" },
	{ "name": "Hcb_0076_03_2", "bone": "R" },
	{ "name": "Hcb_0076_02_", "bone": "L" },
	{ "name": "Hcb_0076_02_2", "bone": "R" },
	{ "name": "Hcb_0076_01_", "bone": "L" },
	{ "name": "Hcb_0076_01_2", "bone": "R" },
	{ "name": "Hcb_0074_02_", "bone": "L" },
	{ "name": "Hcb_0074_02_2", "bone": "R" },
	{ "name": "Hcb_0074_01_", "bone": "L" },
	{ "name": "Hcb_0074_01_2", "bone": "R" },
	{ "name": "Hcb_0072_04_", "bone": "L" },
	{ "name": "Hcb_0072_04_2", "bone": "R" },
	{ "name": "Hcb_0072_03_", "bone": "L" },
	{ "name": "Hcb_0072_03_2", "bone": "R" },
	{ "name": "Hcb_0072_02_", "bone": "L" },
	{ "name": "Hcb_0072_02_2", "bone": "R" },
	{ "name": "Hcb_0072_01_", "bone": "L" },
	{ "name": "Hcb_0072_01_2", "bone": "R" },
	{ "name": "Hcb_0070_04_", "bone": "L" },
	{ "name": "Hcb_0070_04_2", "bone": "R" },
	{ "name": "Hcb_0070_03_", "bone": "L" },
	{ "name": "Hcb_0070_03_2", "bone": "R" },
	{ "name": "Hcb_0070_02_", "bone": "L" },
	{ "name": "Hcb_0070_02_2", "bone": "R" },
	{ "name": "Hcb_0070_01_", "bone": "L" },
	{ "name": "Hcb_0070_01_2", "bone": "R" },
	{ "name": "Hcb_0068_04_", "bone": "L" },
	{ "name": "Hcb_0068_04_2", "bone": "R" },
	{ "name": "Hcb_0068_03_", "bone": "L" },
	{ "name": "Hcb_0068_03_2", "bone": "R" },
	{ "name": "Hcb_0068_02_", "bone": "L" },
	{ "name": "Hcb_0068_02_2", "bone": "R" },
	{ "name": "Hcb_0068_01_", "bone": "L" },
	{ "name": "Hcb_0068_01_2", "bone": "R" },
	{ "name": "Hcb_0066_04_", "bone": "L" },
	{ "name": "Hcb_0066_04_2", "bone": "R" },
	{ "name": "Hcb_0066_03_", "bone": "L" },
	{ "name": "Hcb_0066_03_2", "bone": "R" },
	{ "name": "Hcb_0066_02_", "bone": "L" },
	{ "name": "Hcb_0066_02_2", "bone": "R" },
	{ "name": "Hcb_0066_01_", "bone": "L" },
	{ "name": "Hcb_0066_01_2", "bone": "R" },
	{ "name": "Hcb_0064_03_", "bone": "L" },
	{ "name": "Hcb_0064_03_2", "bone": "R" },
	{ "name": "Hcb_0064_02_", "bone": "L" },
	{ "name": "Hcb_0064_02_2", "bone": "R" },
	{ "name": "Hcb_0064_01_", "bone": "L" },
	{ "name": "Hcb_0064_01_2", "bone": "R" },
	{ "name": "Hcb_0062_02_", "bone": "L" },
	{ "name": "Hcb_0062_02_2", "bone": "R" },
	{ "name": "Hcb_0062_01_", "bone": "L" },
	{ "name": "Hcb_0062_01_2", "bone": "R" },
	{ "name": "Hcb_0060_02_", "bone": "L" },
	{ "name": "Hcb_0060_02_2", "bone": "R" },
	{ "name": "Hcb_0060_01_", "bone": "L" },
	{ "name": "Hcb_0060_01_2", "bone": "R" },
	{ "name": "Hcb_0058_02_", "bone": "L" },
	{ "name": "Hcb_0058_02_2", "bone": "R" },
	{ "name": "Hcb_0058_01_", "bone": "L" },
	{ "name": "Hcb_0058_01_2", "bone": "R" },
	{ "name": "Hcb_0056_03_", "bone": "L" },
	{ "name": "Hcb_0056_03_2", "bone": "R" },
	{ "name": "Hcb_0056_02_", "bone": "L" },
	{ "name": "Hcb_0056_02_2", "bone": "R" },
	{ "name": "Hcb_0056_01_", "bone": "L" },
	{ "name": "Hcb_0056_01_2", "bone": "R" },
	{ "name": "Hcb_0054_03_", "bone": "L" },
	{ "name": "Hcb_0054_03_2", "bone": "R" },
	{ "name": "Hcb_0054_02_", "bone": "L" },
	{ "name": "Hcb_0054_02_2", "bone": "R" },
	{ "name": "Hcb_0054_01_", "bone": "L" },
	{ "name": "Hcb_0054_01_2", "bone": "R" },
	{ "name": "Hcb_0052_03_", "bone": "L" },
	{ "name": "Hcb_0052_03_2", "bone": "R" },
	{ "name": "Hcb_0052_02_", "bone": "L" },
	{ "name": "Hcb_0052_02_2", "bone": "R" },
	{ "name": "Hcb_0052_01_", "bone": "L" },
	{ "name": "Hcb_0052_01_2", "bone": "R" },
	{ "name": "Hcb_0050_03_", "bone": "L" },
	{ "name": "Hcb_0050_03_2", "bone": "R" },
	{ "name": "Hcb_0050_02_", "bone": "L" },
	{ "name": "Hcb_0050_02_2", "bone": "R" },
	{ "name": "Hcb_0050_01_", "bone": "L" },
	{ "name": "Hcb_0050_01_2", "bone": "R" },
	{ "name": "Hcb_0048_03_", "bone": "L" },
	{ "name": "Hcb_0048_03_2", "bone": "R" },
	{ "name": "Hcb_0048_02_", "bone": "L" },
	{ "name": "Hcb_0048_02_2", "bone": "R" },
	{ "name": "Hcb_0048_01_", "bone": "L" },
	{ "name": "Hcb_0048_01_2", "bone": "R" },
	{ "name": "Hcb_0046_03_", "bone": "L" },
	{ "name": "Hcb_0046_03_2", "bone": "R" },
	{ "name": "Hcb_0046_02_", "bone": "L" },
	{ "name": "Hcb_0046_02_2", "bone": "R" },
	{ "name": "Hcb_0046_01_", "bone": "L" },
	{ "name": "Hcb_0046_01_2", "bone": "R" },
	{ "name": "Hcb_0044_03_", "bone": "L" },
	{ "name": "Hcb_0044_03_2", "bone": "R" },
	{ "name": "Hcb_0044_02_", "bone": "L" },
	{ "name": "Hcb_0044_02_2", "bone": "R" },
	{ "name": "Hcb_0044_01_", "bone": "L" },
	{ "name": "Hcb_0044_01_2", "bone": "R" },
	{ "name": "Hcb_0042_03_", "bone": "L" },
	{ "name": "Hcb_0042_03_2", "bone": "R" },
	{ "name": "Hcb_0042_02_", "bone": "L" },
	{ "name": "Hcb_0042_02_2", "bone": "R" },
	{ "name": "Hcb_0042_01_", "bone": "L" },
	{ "name": "Hcb_0042_01_2", "bone": "R" },
	{ "name": "Hcb_0040_03_", "bone": "L" },
	{ "name": "Hcb_0040_03_2", "bone": "R" },
	{ "name": "Hcb_0040_02_", "bone": "L" },
	{ "name": "Hcb_0040_02_2", "bone": "R" },
	{ "name": "Hcb_0040_01_", "bone": "L" },
	{ "name": "Hcb_0040_01_2", "bone": "R" },
	{ "name": "Hcb_0038_03_", "bone": "L" },
	{ "name": "Hcb_0038_03_2", "bone": "R" },
	{ "name": "Hcb_0038_02_", "bone": "L" },
	{ "name": "Hcb_0038_02_2", "bone": "R" },
	{ "name": "Hcb_0038_01_", "bone": "L" },
	{ "name": "Hcb_0038_01_2", "bone": "R" },
	{ "name": "Hcb_0036_03_", "bone": "L" },
	{ "name": "Hcb_0036_03_2", "bone": "R" },
	{ "name": "Hcb_0036_02_", "bone": "L" },
	{ "name": "Hcb_0036_02_2", "bone": "R" },
	{ "name": "Hcb_0036_01_", "bone": "L" },
	{ "name": "Hcb_0036_01_2", "bone": "R" },
	{ "name": "Hcb_0034_03_", "bone": "L" },
	{ "name": "Hcb_0034_03_2", "bone": "R" },
	{ "name": "Hcb_0034_02_", "bone": "L" },
	{ "name": "Hcb_0034_02_2", "bone": "R" },
	{ "name": "Hcb_0034_01_", "bone": "L" },
	{ "name": "Hcb_0034_01_2", "bone": "R" },
	{ "name": "Hcb_0032_03_", "bone": "L" },
	{ "name": "Hcb_0032_03_2", "bone": "R" },
	{ "name": "Hcb_0032_02_", "bone": "L" },
	{ "name": "Hcb_0032_02_2", "bone": "R" },
	{ "name": "Hcb_0032_01_", "bone": "L" },
	{ "name": "Hcb_0032_01_2", "bone": "R" },
	{ "name": "Hcb_0030_02_", "bone": "L" },
	{ "name": "Hcb_0030_02_2", "bone": "R" },
	{ "name": "Hcb_0030_01_", "bone": "L" },
	{ "name": "Hcb_0030_01_2", "bone": "R" },
	{ "name": "Hcb_0028_03_", "bone": "L" },
	{ "name": "Hcb_0028_03_2", "bone": "R" },
	{ "name": "Hcb_0028_02_", "bone": "L" },
	{ "name": "Hcb_0028_02_2", "bone": "R" },
	{ "name": "Hcb_0028_01_", "bone": "L" },
	{ "name": "Hcb_0028_01_2", "bone": "R" },
	{ "name": "Hcb_0026_03_", "bone": "L" },
	{ "name": "Hcb_0026_03_2", "bone": "R" },
	{ "name": "Hcb_0026_02_", "bone": "L" },
	{ "name": "Hcb_0026_02_2", "bone": "R" },
	{ "name": "Hcb_0026_01_", "bone": "L" },
	{ "name": "Hcb_0026_01_2", "bone": "R" },
	{ "name": "Hcb_0024_03_", "bone": "L" },
	{ "name": "Hcb_0024_03_2", "bone": "R" },
	{ "name": "Hcb_0024_02_", "bone": "L" },
	{ "name": "Hcb_0024_02_2", "bone": "R" },
	{ "name": "Hcb_0024_01_", "bone": "L" },
	{ "name": "Hcb_0024_01_2", "bone": "R" },
	{ "name": "Hcb_0022_03_", "bone": "L" },
	{ "name": "Hcb_0022_03_2", "bone": "R" },
	{ "name": "Hcb_0022_02_", "bone": "L" },
	{ "name": "Hcb_0022_02_2", "bone": "R" },
	{ "name": "Hcb_0022_01_", "bone": "L" },
	{ "name": "Hcb_0022_01_2", "bone": "R" },
	{ "name": "Hcb_0020_03_", "bone": "L" },
	{ "name": "Hcb_0020_03_2", "bone": "R" },
	{ "name": "Hcb_0020_02_", "bone": "L" },
	{ "name": "Hcb_0020_02_2", "bone": "R" },
	{ "name": "Hcb_0020_01_", "bone": "L" },
	{ "name": "Hcb_0020_01_2", "bone": "R" },
	{ "name": "Hcb_0018_03_", "bone": "L" },
	{ "name": "Hcb_0018_03_2", "bone": "R" },
	{ "name": "Hcb_0018_02_", "bone": "L" },
	{ "name": "Hcb_0018_02_2", "bone": "R" },
	{ "name": "Hcb_0018_01_", "bone": "L" },
	{ "name": "Hcb_0018_01_2", "bone": "R" },
	{ "name": "Hcb_0016_03_", "bone": "L" },
	{ "name": "Hcb_0016_03_2", "bone": "R" },
	{ "name": "Hcb_0016_02_", "bone": "L" },
	{ "name": "Hcb_0016_02_2", "bone": "R" },
	{ "name": "Hcb_0016_01_", "bone": "L" },
	{ "name": "Hcb_0016_01_2", "bone": "R" },
	{ "name": "Hcb_0014_03_", "bone": "L" },
	{ "name": "Hcb_0014_03_2", "bone": "R" },
	{ "name": "Hcb_0014_02_", "bone": "L" },
	{ "name": "Hcb_0014_02_2", "bone": "R" },
	{ "name": "Hcb_0014_01_", "bone": "L" },
	{ "name": "Hcb_0014_01_2", "bone": "R" },
	{ "name": "Hcb_0012_03_", "bone": "L" },
	{ "name": "Hcb_0012_03_2", "bone": "R" },
	{ "name": "Hcb_0012_02_", "bone": "L" },
	{ "name": "Hcb_0012_02_2", "bone": "R" },
	{ "name": "Hcb_0012_01_", "bone": "L" },
	{ "name": "Hcb_0012_01_2", "bone": "R" },
	{ "name": "Hcb_0010_03_", "bone": "L" },
	{ "name": "Hcb_0010_03_2", "bone": "R" },
	{ "name": "Hcb_0010_02_", "bone": "L" },
	{ "name": "Hcb_0010_02_2", "bone": "R" },
	{ "name": "Hcb_0010_01_", "bone": "L" },
	{ "name": "Hcb_0010_01_2", "bone": "R" },
	{ "name": "Hcb_0008_02_", "bone": "L" },
	{ "name": "Hcb_0008_02_2", "bone": "R" },
	{ "name": "Hcb_0008_01_", "bone": "L" },
	{ "name": "Hcb_0008_01_2", "bone": "R" },
	{ "name": "Hcb_0006_02_", "bone": "L" },
	{ "name": "Hcb_0006_02_2", "bone": "R" },
	{ "name": "Hcb_0006_01_", "bone": "L" },
	{ "name": "Hcb_0006_01_2", "bone": "R" },
	{ "name": "Hcb_0004_02_", "bone": "L" },
	{ "name": "Hcb_0004_02_2", "bone": "R" },
	{ "name": "Hcb_0004_01_", "bone": "L" },
	{ "name": "Hcb_0004_01_2", "bone": "R" },
	{ "name": "Hcb_0002_02_", "bone": "L" },
	{ "name": "Hcb_0002_02_2", "bone": "R" },
	{ "name": "Hcb_0002_01_", "bone": "L" },
	{ "name": "Hcb_0002_01_2", "bone": "R" },
	{ "name": "Hcb_0000_02_", "bone": "L" },
	{ "name": "Hcb_0000_02_2", "bone": "R" },
	{ "name": "Hcb_0000_01_", "bone": "L" },
	{ "name": "Hcb_0000_01_2", "bone": "R" }
],
"skins": {
	"default": {
		"Hcb_0000_01_": {
			"Hcb_0000_01_": { "x": -132.61, "y": 141.96, "width": 232, "height": 175 }
		},
		"Hcb_0000_01_2": {
			"Hcb_0000_01_": { "x": -132.61, "y": 141.96, "width": 232, "height": 175 }
		},
		"Hcb_0000_02_": {
			"Hcb_0000_02_": { "x": -114.61, "y": -27.04, "width": 234, "height": 165 }
		},
		"Hcb_0000_02_2": {
			"Hcb_0000_02_": { "x": -114.61, "y": -27.04, "width": 234, "height": 165 }
		},
		"Hcb_0002_01_": {
			"Hcb_0002_01_": { "x": -129.11, "y": 141.46, "width": 225, "height": 176 }
		},
		"Hcb_0002_01_2": {
			"Hcb_0002_01_": { "x": -129.11, "y": 141.46, "width": 225, "height": 176 }
		},
		"Hcb_0002_02_": {
			"Hcb_0002_02_": { "x": -111.11, "y": -27.04, "width": 225, "height": 163 }
		},
		"Hcb_0002_02_2": {
			"Hcb_0002_02_": { "x": -111.11, "y": -27.04, "width": 225, "height": 163 }
		},
		"Hcb_0004_01_": {
			"Hcb_0004_01_": { "x": -132.61, "y": 138.96, "width": 224, "height": 159 }
		},
		"Hcb_0004_01_2": {
			"Hcb_0004_01_": { "x": -132.61, "y": 138.96, "width": 224, "height": 159 }
		},
		"Hcb_0004_02_": {
			"Hcb_0004_02_": { "x": -108.61, "y": -24.04, "width": 216, "height": 169 }
		},
		"Hcb_0004_02_2": {
			"Hcb_0004_02_": { "x": -108.61, "y": -24.04, "width": 216, "height": 169 }
		},
		"Hcb_0006_01_": {
			"Hcb_0006_01_": { "x": -122.61, "y": 133.46, "width": 204, "height": 140 }
		},
		"Hcb_0006_01_2": {
			"Hcb_0006_01_": { "x": -122.61, "y": 133.46, "width": 204, "height": 140 }
		},
		"Hcb_0006_02_": {
			"Hcb_0006_02_": { "x": -110.61, "y": -22.54, "width": 220, "height": 174 }
		},
		"Hcb_0006_02_2": {
			"Hcb_0006_02_": { "x": -110.61, "y": -22.54, "width": 220, "height": 174 }
		},
		"Hcb_0008_01_": {
			"Hcb_0008_01_": { "x": -135.61, "y": 134.96, "width": 230, "height": 135 }
		},
		"Hcb_0008_01_2": {
			"Hcb_0008_01_": { "x": -135.61, "y": 134.96, "width": 230, "height": 135 }
		},
		"Hcb_0008_02_": {
			"Hcb_0008_02_": { "x": -121.11, "y": -21.04, "width": 241, "height": 179 }
		},
		"Hcb_0008_02_2": {
			"Hcb_0008_02_": { "x": -121.11, "y": -21.04, "width": 241, "height": 179 }
		},
		"Hcb_0010_01_": {
			"Hcb_0010_01_": { "x": -133.61, "y": 137.96, "width": 220, "height": 127 }
		},
		"Hcb_0010_01_2": {
			"Hcb_0010_01_": { "x": -133.61, "y": 137.96, "width": 220, "height": 127 }
		},
		"Hcb_0010_02_": {
			"Hcb_0010_02_": { "x": -132.61, "y": 22.96, "width": 264, "height": 105 }
		},
		"Hcb_0010_02_2": {
			"Hcb_0010_02_": { "x": -132.61, "y": 22.96, "width": 264, "height": 105 }
		},
		"Hcb_0010_03_": {
			"Hcb_0010_03_": { "x": -91.61, "y": -68.54, "width": 128, "height": 80 }
		},
		"Hcb_0010_03_2": {
			"Hcb_0010_03_": { "x": -91.61, "y": -68.54, "width": 128, "height": 80 }
		},
		"Hcb_0012_01_": {
			"Hcb_0012_01_": { "x": -144.11, "y": 141.46, "width": 247, "height": 128 }
		},
		"Hcb_0012_01_2": {
			"Hcb_0012_01_": { "x": -144.11, "y": 141.46, "width": 247, "height": 128 }
		},
		"Hcb_0012_02_": {
			"Hcb_0012_02_": { "x": -132.61, "y": 26.46, "width": 264, "height": 104 }
		},
		"Hcb_0012_02_2": {
			"Hcb_0012_02_": { "x": -132.61, "y": 26.46, "width": 264, "height": 104 }
		},
		"Hcb_0012_03_": {
			"Hcb_0012_03_": { "x": -95.61, "y": -64.04, "width": 130, "height": 79 }
		},
		"Hcb_0012_03_2": {
			"Hcb_0012_03_": { "x": -95.61, "y": -64.04, "width": 130, "height": 79 }
		},
		"Hcb_0014_01_": {
			"Hcb_0014_01_": { "x": -147.61, "y": 147.46, "width": 250, "height": 122 }
		},
		"Hcb_0014_01_2": {
			"Hcb_0014_01_": { "x": -147.61, "y": 147.46, "width": 250, "height": 122 }
		},
		"Hcb_0014_02_": {
			"Hcb_0014_02_": { "x": -146.61, "y": 28.46, "width": 292, "height": 118 }
		},
		"Hcb_0014_02_2": {
			"Hcb_0014_02_": { "x": -146.61, "y": 28.46, "width": 292, "height": 118 }
		},
		"Hcb_0014_03_": {
			"Hcb_0014_03_": { "x": -114.61, "y": -63.04, "width": 126, "height": 67 }
		},
		"Hcb_0014_03_2": {
			"Hcb_0014_03_": { "x": -114.61, "y": -63.04, "width": 126, "height": 67 }
		},
		"Hcb_0016_01_": {
			"Hcb_0016_01_": { "x": -170.11, "y": 181.96, "width": 181, "height": 69 }
		},
		"Hcb_0016_01_2": {
			"Hcb_0016_01_": { "x": -170.11, "y": 181.96, "width": 181, "height": 69 }
		},
		"Hcb_0016_02_": {
			"Hcb_0016_02_": { "x": -152.61, "y": 71.46, "width": 304, "height": 160 }
		},
		"Hcb_0016_02_2": {
			"Hcb_0016_02_": { "x": -152.61, "y": 71.46, "width": 304, "height": 160 }
		},
		"Hcb_0016_03_": {
			"Hcb_0016_03_": { "x": -95.11, "y": -48.04, "width": 159, "height": 81 }
		},
		"Hcb_0016_03_2": {
			"Hcb_0016_03_": { "x": -95.11, "y": -48.04, "width": 159, "height": 81 }
		},
		"Hcb_0018_01_": {
			"Hcb_0018_01_": { "x": -163.11, "y": 184.46, "width": 193, "height": 86 }
		},
		"Hcb_0018_01_2": {
			"Hcb_0018_01_": { "x": -163.11, "y": 184.46, "width": 193, "height": 86 }
		},
		"Hcb_0018_02_": {
			"Hcb_0018_02_": { "x": -157.61, "y": 75.46, "width": 322, "height": 138 }
		},
		"Hcb_0018_02_2": {
			"Hcb_0018_02_": { "x": -157.61, "y": 75.46, "width": 322, "height": 138 }
		},
		"Hcb_0018_03_": {
			"Hcb_0018_03_": { "x": -92.11, "y": -38.54, "width": 175, "height": 92 }
		},
		"Hcb_0018_03_2": {
			"Hcb_0018_03_": { "x": -92.11, "y": -38.54, "width": 175, "height": 92 }
		},
		"Hcb_0020_01_": {
			"Hcb_0020_01_": { "x": -156.11, "y": 195.46, "width": 161, "height": 80 }
		},
		"Hcb_0020_01_2": {
			"Hcb_0020_01_": { "x": -156.11, "y": 195.46, "width": 161, "height": 80 }
		},
		"Hcb_0020_02_": {
			"Hcb_0020_02_": { "x": -159.61, "y": 76.46, "width": 332, "height": 166 }
		},
		"Hcb_0020_02_2": {
			"Hcb_0020_02_": { "x": -159.61, "y": 76.46, "width": 332, "height": 166 }
		},
		"Hcb_0020_03_": {
			"Hcb_0020_03_": { "x": -94.11, "y": -48.54, "width": 179, "height": 86 }
		},
		"Hcb_0020_03_2": {
			"Hcb_0020_03_": { "x": -94.11, "y": -48.54, "width": 179, "height": 86 }
		},
		"Hcb_0022_01_": {
			"Hcb_0022_01_": { "x": -186.61, "y": 209.46, "width": 116, "height": 60 }
		},
		"Hcb_0022_01_2": {
			"Hcb_0022_01_": { "x": -186.61, "y": 209.46, "width": 116, "height": 60 }
		},
		"Hcb_0022_02_": {
			"Hcb_0022_02_": { "x": -159.61, "y": 91.46, "width": 336, "height": 184 }
		},
		"Hcb_0022_02_2": {
			"Hcb_0022_02_": { "x": -159.61, "y": 91.46, "width": 336, "height": 184 }
		},
		"Hcb_0022_03_": {
			"Hcb_0022_03_": { "x": -95.11, "y": -48.54, "width": 189, "height": 98 }
		},
		"Hcb_0022_03_2": {
			"Hcb_0022_03_": { "x": -95.11, "y": -48.54, "width": 189, "height": 98 }
		},
		"Hcb_0024_01_": {
			"Hcb_0024_01_": { "x": -152.61, "y": 157.46, "width": 282, "height": 168 }
		},
		"Hcb_0024_01_2": {
			"Hcb_0024_01_": { "x": -152.61, "y": 157.46, "width": 282, "height": 168 }
		},
		"Hcb_0024_02_": {
			"Hcb_0024_02_": { "x": -122.11, "y": 34.96, "width": 261, "height": 79 }
		},
		"Hcb_0024_02_2": {
			"Hcb_0024_02_": { "x": -122.11, "y": 34.96, "width": 261, "height": 79 }
		},
		"Hcb_0024_03_": {
			"Hcb_0024_03_": { "x": -95.11, "y": -53.54, "width": 189, "height": 98 }
		},
		"Hcb_0024_03_2": {
			"Hcb_0024_03_": { "x": -95.11, "y": -53.54, "width": 189, "height": 98 }
		},
		"Hcb_0026_01_": {
			"Hcb_0026_01_": { "x": -203.11, "y": 203.46, "width": 173, "height": 80 }
		},
		"Hcb_0026_01_2": {
			"Hcb_0026_01_": { "x": -203.11, "y": 203.46, "width": 173, "height": 80 }
		},
		"Hcb_0026_02_": {
			"Hcb_0026_02_": { "x": -132.11, "y": 81.96, "width": 277, "height": 179 }
		},
		"Hcb_0026_02_2": {
			"Hcb_0026_02_": { "x": -132.11, "y": 81.96, "width": 277, "height": 179 }
		},
		"Hcb_0026_03_": {
			"Hcb_0026_03_": { "x": -94.11, "y": -56.54, "width": 187, "height": 100 }
		},
		"Hcb_0026_03_2": {
			"Hcb_0026_03_": { "x": -94.11, "y": -56.54, "width": 187, "height": 100 }
		},
		"Hcb_0028_01_": {
			"Hcb_0028_01_": { "x": -195.61, "y": 198.96, "width": 174, "height": 97 }
		},
		"Hcb_0028_01_2": {
			"Hcb_0028_01_": { "x": -195.61, "y": 198.96, "width": 174, "height": 97 }
		},
		"Hcb_0028_02_": {
			"Hcb_0028_02_": { "x": -132.61, "y": 74.96, "width": 272, "height": 185 }
		},
		"Hcb_0028_02_2": {
			"Hcb_0028_02_": { "x": -132.61, "y": 74.96, "width": 272, "height": 185 }
		},
		"Hcb_0028_03_": {
			"Hcb_0028_03_": { "x": -91.61, "y": -62.54, "width": 176, "height": 92 }
		},
		"Hcb_0028_03_2": {
			"Hcb_0028_03_": { "x": -91.61, "y": -62.54, "width": 176, "height": 92 }
		},
		"Hcb_0030_01_": {
			"Hcb_0030_01_": { "x": -144.11, "y": 141.96, "width": 255, "height": 177 }
		},
		"Hcb_0030_01_2": {
			"Hcb_0030_01_": { "x": -144.11, "y": 141.96, "width": 255, "height": 177 }
		},
		"Hcb_0030_02_": {
			"Hcb_0030_02_": { "x": -123.11, "y": -27.54, "width": 251, "height": 164 }
		},
		"Hcb_0030_02_2": {
			"Hcb_0030_02_": { "x": -123.11, "y": -27.54, "width": 251, "height": 164 }
		},
		"Hcb_0032_01_": {
			"Hcb_0032_01_": { "x": -168.11, "y": 173.46, "width": 195, "height": 100 }
		},
		"Hcb_0032_01_2": {
			"Hcb_0032_01_": { "x": -168.11, "y": 173.46, "width": 195, "height": 100 }
		},
		"Hcb_0032_02_": {
			"Hcb_0032_02_": { "x": -127.11, "y": 45.46, "width": 255, "height": 158 }
		},
		"Hcb_0032_02_2": {
			"Hcb_0032_02_": { "x": -127.11, "y": 45.46, "width": 255, "height": 158 }
		},
		"Hcb_0032_03_": {
			"Hcb_0032_03_": { "x": -88.61, "y": -70.54, "width": 154, "height": 76 }
		},
		"Hcb_0032_03_2": {
			"Hcb_0032_03_": { "x": -88.61, "y": -70.54, "width": 154, "height": 76 }
		},
		"Hcb_0034_01_": {
			"Hcb_0034_01_": { "x": -168.61, "y": 170.96, "width": 184, "height": 93 }
		},
		"Hcb_0034_01_2": {
			"Hcb_0034_01_": { "x": -168.61, "y": 170.96, "width": 184, "height": 93 }
		},
		"Hcb_0034_02_": {
			"Hcb_0034_02_": { "x": -122.11, "y": 41.46, "width": 245, "height": 168 }
		},
		"Hcb_0034_02_2": {
			"Hcb_0034_02_": { "x": -122.11, "y": 41.46, "width": 245, "height": 168 }
		},
		"Hcb_0034_03_": {
			"Hcb_0034_03_": { "x": -79.61, "y": -79.04, "width": 118, "height": 75 }
		},
		"Hcb_0034_03_2": {
			"Hcb_0034_03_": { "x": -79.61, "y": -79.04, "width": 118, "height": 75 }
		},
		"Hcb_0036_01_": {
			"Hcb_0036_01_": { "x": -202.61, "y": 169.96, "width": 142, "height": 87 }
		},
		"Hcb_0036_01_2": {
			"Hcb_0036_01_": { "x": -202.61, "y": 169.96, "width": 142, "height": 87 }
		},
		"Hcb_0036_02_": {
			"Hcb_0036_02_": { "x": -73.61, "y": 20.46, "width": 146, "height": 278 }
		},
		"Hcb_0036_02_2": {
			"Hcb_0036_02_": { "x": -73.61, "y": 20.46, "width": 146, "height": 278 }
		},
		"Hcb_0036_03_": {
			"Hcb_0036_03_": { "x": -210.11, "y": 41.46, "width": 129, "height": 172 }
		},
		"Hcb_0036_03_2": {
			"Hcb_0036_03_": { "x": -210.11, "y": 41.46, "width": 129, "height": 172 }
		},
		"Hcb_0038_01_": {
			"Hcb_0038_01_": { "x": -186.61, "y": 168.46, "width": 108, "height": 80 }
		},
		"Hcb_0038_01_2": {
			"Hcb_0038_01_": { "x": -186.61, "y": 168.46, "width": 108, "height": 80 }
		},
		"Hcb_0038_02_": {
			"Hcb_0038_02_": { "x": -76.61, "y": 20.96, "width": 150, "height": 277 }
		},
		"Hcb_0038_02_2": {
			"Hcb_0038_02_": { "x": -76.61, "y": 20.96, "width": 150, "height": 277 }
		},
		"Hcb_0038_03_": {
			"Hcb_0038_03_": { "x": -209.11, "y": 45.46, "width": 117, "height": 188 }
		},
		"Hcb_0038_03_2": {
			"Hcb_0038_03_": { "x": -209.11, "y": 45.46, "width": 117, "height": 188 }
		},
		"Hcb_0040_01_": {
			"Hcb_0040_01_": { "x": -163.61, "y": 161.46, "width": 202, "height": 82 }
		},
		"Hcb_0040_01_2": {
			"Hcb_0040_01_": { "x": -163.61, "y": 161.46, "width": 202, "height": 82 }
		},
		"Hcb_0040_02_": {
			"Hcb_0040_02_": { "x": -138.11, "y": 47.46, "width": 263, "height": 148 }
		},
		"Hcb_0040_02_2": {
			"Hcb_0040_02_": { "x": -138.11, "y": 47.46, "width": 263, "height": 148 }
		},
		"Hcb_0040_03_": {
			"Hcb_0040_03_": { "x": -90.61, "y": -70.04, "width": 150, "height": 89 }
		},
		"Hcb_0040_03_2": {
			"Hcb_0040_03_": { "x": -90.61, "y": -70.04, "width": 150, "height": 89 }
		},
		"Hcb_0042_01_": {
			"Hcb_0042_01_": { "x": -148.11, "y": 162.96, "width": 175, "height": 89 }
		},
		"Hcb_0042_01_2": {
			"Hcb_0042_01_": { "x": -148.11, "y": 162.96, "width": 175, "height": 89 }
		},
		"Hcb_0042_02_": {
			"Hcb_0042_02_": { "x": -147.11, "y": 51.46, "width": 273, "height": 136 }
		},
		"Hcb_0042_02_2": {
			"Hcb_0042_02_": { "x": -147.11, "y": 51.46, "width": 273, "height": 136 }
		},
		"Hcb_0042_03_": {
			"Hcb_0042_03_": { "x": -96.11, "y": -64.54, "width": 157, "height": 96 }
		},
		"Hcb_0042_03_2": {
			"Hcb_0042_03_": { "x": -96.11, "y": -64.54, "width": 157, "height": 96 }
		},
		"Hcb_0044_01_": {
			"Hcb_0044_01_": { "x": -150.11, "y": 175.46, "width": 181, "height": 96 }
		},
		"Hcb_0044_01_2": {
			"Hcb_0044_01_": { "x": -150.11, "y": 175.46, "width": 181, "height": 96 }
		},
		"Hcb_0044_02_": {
			"Hcb_0044_02_": { "x": -158.11, "y": 60.46, "width": 283, "height": 134 }
		},
		"Hcb_0044_02_2": {
			"Hcb_0044_02_": { "x": -158.11, "y": 60.46, "width": 283, "height": 134 }
		},
		"Hcb_0044_03_": {
			"Hcb_0044_03_": { "x": -97.61, "y": -57.54, "width": 152, "height": 104 }
		},
		"Hcb_0044_03_2": {
			"Hcb_0044_03_": { "x": -97.61, "y": -57.54, "width": 152, "height": 104 }
		},
		"Hcb_0046_01_": {
			"Hcb_0046_01_": { "x": -115.11, "y": 179.96, "width": 133, "height": 95 }
		},
		"Hcb_0046_01_2": {
			"Hcb_0046_01_": { "x": -115.11, "y": 179.96, "width": 133, "height": 95 }
		},
		"Hcb_0046_02_": {
			"Hcb_0046_02_": { "x": -152.11, "y": 66.46, "width": 269, "height": 136 }
		},
		"Hcb_0046_02_2": {
			"Hcb_0046_02_": { "x": -152.11, "y": 66.46, "width": 269, "height": 136 }
		},
		"Hcb_0046_03_": {
			"Hcb_0046_03_": { "x": -106.61, "y": -53.54, "width": 166, "height": 106 }
		},
		"Hcb_0046_03_2": {
			"Hcb_0046_03_": { "x": -106.61, "y": -53.54, "width": 166, "height": 106 }
		},
		"Hcb_0048_01_": {
			"Hcb_0048_01_": { "x": -98.11, "y": 189.46, "width": 115, "height": 94 }
		},
		"Hcb_0048_01_2": {
			"Hcb_0048_01_": { "x": -98.11, "y": 189.46, "width": 115, "height": 94 }
		},
		"Hcb_0048_02_": {
			"Hcb_0048_02_": { "x": -138.61, "y": 75.96, "width": 244, "height": 149 }
		},
		"Hcb_0048_02_2": {
			"Hcb_0048_02_": { "x": -138.61, "y": 75.96, "width": 244, "height": 149 }
		},
		"Hcb_0048_03_": {
			"Hcb_0048_03_": { "x": -92.61, "y": -49.04, "width": 138, "height": 103 }
		},
		"Hcb_0048_03_2": {
			"Hcb_0048_03_": { "x": -92.61, "y": -49.04, "width": 138, "height": 103 }
		},
		"Hcb_0050_01_": {
			"Hcb_0050_01_": { "x": -89.61, "y": 193.96, "width": 114, "height": 93 }
		},
		"Hcb_0050_01_2": {
			"Hcb_0050_01_": { "x": -89.61, "y": 193.96, "width": 114, "height": 93 }
		},
		"Hcb_0050_02_": {
			"Hcb_0050_02_": { "x": -128.61, "y": 87.46, "width": 226, "height": 160 }
		},
		"Hcb_0050_02_2": {
			"Hcb_0050_02_": { "x": -128.61, "y": 87.46, "width": 226, "height": 160 }
		},
		"Hcb_0050_03_": {
			"Hcb_0050_03_": { "x": -97.11, "y": -42.54, "width": 149, "height": 102 }
		},
		"Hcb_0050_03_2": {
			"Hcb_0050_03_": { "x": -97.11, "y": -42.54, "width": 149, "height": 102 }
		},
		"Hcb_0052_01_": {
			"Hcb_0052_01_": { "x": -69.61, "y": 194.46, "width": 96, "height": 98 }
		},
		"Hcb_0052_01_2": {
			"Hcb_0052_01_": { "x": -69.61, "y": 194.46, "width": 96, "height": 98 }
		},
		"Hcb_0052_02_": {
			"Hcb_0052_02_": { "x": -123.61, "y": 84.96, "width": 226, "height": 175 }
		},
		"Hcb_0052_02_2": {
			"Hcb_0052_02_": { "x": -123.61, "y": 84.96, "width": 226, "height": 175 }
		},
		"Hcb_0052_03_": {
			"Hcb_0052_03_": { "x": -84.61, "y": -46.04, "width": 122, "height": 89 }
		},
		"Hcb_0052_03_2": {
			"Hcb_0052_03_": { "x": -84.61, "y": -46.04, "width": 122, "height": 89 }
		},
		"Hcb_0054_01_": {
			"Hcb_0054_01_": { "x": -66.11, "y": 194.96, "width": 103, "height": 95 }
		},
		"Hcb_0054_01_2": {
			"Hcb_0054_01_": { "x": -66.11, "y": 194.96, "width": 103, "height": 95 }
		},
		"Hcb_0054_02_": {
			"Hcb_0054_02_": { "x": -115.11, "y": 91.46, "width": 219, "height": 162 }
		},
		"Hcb_0054_02_2": {
			"Hcb_0054_02_": { "x": -115.11, "y": 91.46, "width": 219, "height": 162 }
		},
		"Hcb_0054_03_": {
			"Hcb_0054_03_": { "x": -81.11, "y": -37.54, "width": 129, "height": 98 }
		},
		"Hcb_0054_03_2": {
			"Hcb_0054_03_": { "x": -81.11, "y": -37.54, "width": 129, "height": 98 }
		},
		"Hcb_0056_01_": {
			"Hcb_0056_01_": { "x": -111.11, "y": 54.96, "width": 219, "height": 117 }
		},
		"Hcb_0056_01_2": {
			"Hcb_0056_01_": { "x": -111.11, "y": 54.96, "width": 219, "height": 117 }
		},
		"Hcb_0056_02_": {
			"Hcb_0056_02_": { "x": -84.61, "y": -43.04, "width": 136, "height": 81 }
		},
		"Hcb_0056_02_2": {
			"Hcb_0056_02_": { "x": -84.61, "y": -43.04, "width": 136, "height": 81 }
		},
		"Hcb_0056_03_": {
			"Hcb_0056_03_": { "x": -90.11, "y": 172.46, "width": 173, "height": 120 }
		},
		"Hcb_0056_03_2": {
			"Hcb_0056_03_": { "x": -90.11, "y": 172.46, "width": 173, "height": 120 }
		},
		"Hcb_0058_01_": {
			"Hcb_0058_01_": { "x": -167.61, "y": 231.46, "width": 390, "height": 326 }
		},
		"Hcb_0058_01_2": {
			"Hcb_0058_01_": { "x": -167.61, "y": 231.46, "width": 390, "height": 326 }
		},
		"Hcb_0058_02_": {
			"Hcb_0058_02_": { "x": -170.11, "y": -93.04, "width": 367, "height": 325 }
		},
		"Hcb_0058_02_2": {
			"Hcb_0058_02_": { "x": -170.11, "y": -93.04, "width": 367, "height": 325 }
		},
		"Hcb_0060_01_": {
			"Hcb_0060_01_": { "x": -156.61, "y": 192.46, "width": 408, "height": 362 }
		},
		"Hcb_0060_01_2": {
			"Hcb_0060_01_": { "x": -156.61, "y": 192.46, "width": 408, "height": 362 }
		},
		"Hcb_0060_02_": {
			"Hcb_0060_02_": { "x": -169.61, "y": -126.54, "width": 390, "height": 276 }
		},
		"Hcb_0060_02_2": {
			"Hcb_0060_02_": { "x": -169.61, "y": -126.54, "width": 390, "height": 276 }
		},
		"Hcb_0062_01_": {
			"Hcb_0062_01_": { "x": -152.11, "y": 168.46, "width": 403, "height": 314 }
		},
		"Hcb_0062_01_2": {
			"Hcb_0062_01_": { "x": -152.11, "y": 168.46, "width": 403, "height": 314 }
		},
		"Hcb_0062_02_": {
			"Hcb_0062_02_": { "x": -177.11, "y": -131.54, "width": 411, "height": 286 }
		},
		"Hcb_0062_02_2": {
			"Hcb_0062_02_": { "x": -177.11, "y": -131.54, "width": 411, "height": 286 }
		},
		"Hcb_0064_01_": {
			"Hcb_0064_01_": { "x": -174.61, "y": 162.96, "width": 342, "height": 171 }
		},
		"Hcb_0064_01_2": {
			"Hcb_0064_01_": { "x": -174.61, "y": 162.96, "width": 342, "height": 171 }
		},
		"Hcb_0064_02_": {
			"Hcb_0064_02_": { "x": -156.11, "y": 2.96, "width": 321, "height": 151 }
		},
		"Hcb_0064_02_2": {
			"Hcb_0064_02_": { "x": -156.11, "y": 2.96, "width": 321, "height": 151 }
		},
		"Hcb_0064_03_": {
			"Hcb_0064_03_": { "x": -153.61, "y": -128.04, "width": 248, "height": 113 }
		},
		"Hcb_0064_03_2": {
			"Hcb_0064_03_": { "x": -153.61, "y": -128.04, "width": 248, "height": 113 }
		},
		"Hcb_0066_01_": {
			"Hcb_0066_01_": { "x": -165.11, "y": 158.46, "width": 327, "height": 170 }
		},
		"Hcb_0066_01_2": {
			"Hcb_0066_01_": { "x": -165.11, "y": 158.46, "width": 327, "height": 170 }
		},
		"Hcb_0066_02_": {
			"Hcb_0066_02_": { "x": -150.61, "y": 10.46, "width": 310, "height": 128 }
		},
		"Hcb_0066_02_2": {
			"Hcb_0066_02_": { "x": -150.61, "y": 10.46, "width": 310, "height": 128 }
		},
		"Hcb_0066_03_": {
			"Hcb_0066_03_": { "x": -148.61, "y": -97.54, "width": 256, "height": 90 }
		},
		"Hcb_0066_03_2": {
			"Hcb_0066_03_": { "x": -148.61, "y": -97.54, "width": 256, "height": 90 }
		},
		"Hcb_0066_04_": {
			"Hcb_0066_04_": { "x": -109.11, "y": -163.04, "width": 75, "height": 43 }
		},
		"Hcb_0066_04_2": {
			"Hcb_0066_04_": { "x": -109.11, "y": -163.04, "width": 75, "height": 43 }
		},
		"Hcb_0068_01_": {
			"Hcb_0068_01_": { "x": -148.11, "y": 160.96, "width": 295, "height": 181 }
		},
		"Hcb_0068_01_2": {
			"Hcb_0068_01_": { "x": -148.11, "y": 160.96, "width": 295, "height": 181 }
		},
		"Hcb_0068_02_": {
			"Hcb_0068_02_": { "x": -129.11, "y": 2.46, "width": 267, "height": 138 }
		},
		"Hcb_0068_02_2": {
			"Hcb_0068_02_": { "x": -129.11, "y": 2.46, "width": 267, "height": 138 }
		},
		"Hcb_0068_03_": {
			"Hcb_0068_03_": { "x": -137.61, "y": -101.04, "width": 222, "height": 71 }
		},
		"Hcb_0068_03_2": {
			"Hcb_0068_03_": { "x": -137.61, "y": -101.04, "width": 222, "height": 71 }
		},
		"Hcb_0068_04_": {
			"Hcb_0068_04_": { "x": -110.61, "y": -160.04, "width": 62, "height": 49 }
		},
		"Hcb_0068_04_2": {
			"Hcb_0068_04_": { "x": -110.61, "y": -160.04, "width": 62, "height": 49 }
		},
		"Hcb_0070_01_": {
			"Hcb_0070_01_": { "x": -119.61, "y": 59.96, "width": 248, "height": 185 }
		},
		"Hcb_0070_01_2": {
			"Hcb_0070_01_": { "x": -119.61, "y": 59.96, "width": 248, "height": 185 }
		},
		"Hcb_0070_02_": {
			"Hcb_0070_02_": { "x": -97.11, "y": -81.54, "width": 183, "height": 100 }
		},
		"Hcb_0070_02_2": {
			"Hcb_0070_02_": { "x": -97.11, "y": -81.54, "width": 183, "height": 100 }
		},
		"Hcb_0070_03_": {
			"Hcb_0070_03_": { "x": -111.61, "y": -160.54, "width": 36, "height": 48 }
		},
		"Hcb_0070_03_2": {
			"Hcb_0070_03_": { "x": -111.61, "y": -160.54, "width": 36, "height": 48 }
		},
		"Hcb_0070_04_": {
			"Hcb_0070_04_": { "x": -105.11, "y": 200.46, "width": 177, "height": 98 }
		},
		"Hcb_0070_04_2": {
			"Hcb_0070_04_": { "x": -105.11, "y": 200.46, "width": 177, "height": 98 }
		},
		"Hcb_0072_01_": {
			"Hcb_0072_01_": { "x": -99.11, "y": 202.46, "width": 169, "height": 104 }
		},
		"Hcb_0072_01_2": {
			"Hcb_0072_01_": { "x": -99.11, "y": 202.46, "width": 169, "height": 104 }
		},
		"Hcb_0072_02_": {
			"Hcb_0072_02_": { "x": -112.61, "y": 59.96, "width": 244, "height": 185 }
		},
		"Hcb_0072_02_2": {
			"Hcb_0072_02_": { "x": -112.61, "y": 59.96, "width": 244, "height": 185 }
		},
		"Hcb_0072_03_": {
			"Hcb_0072_03_": { "x": -86.61, "y": -82.04, "width": 164, "height": 101 }
		},
		"Hcb_0072_03_2": {
			"Hcb_0072_03_": { "x": -86.61, "y": -82.04, "width": 164, "height": 101 }
		},
		"Hcb_0072_04_": {
			"Hcb_0072_04_": { "x": -109.11, "y": -157.54, "width": 29, "height": 52 }
		},
		"Hcb_0072_04_2": {
			"Hcb_0072_04_": { "x": -109.11, "y": -157.54, "width": 29, "height": 52 }
		},
		"Hcb_0074_01_": {
			"Hcb_0074_01_": { "x": -102.61, "y": 115.96, "width": 236, "height": 257 }
		},
		"Hcb_0074_01_2": {
			"Hcb_0074_01_": { "x": -102.61, "y": 115.96, "width": 236, "height": 257 }
		},
		"Hcb_0074_02_": {
			"Hcb_0074_02_": { "x": -86.11, "y": -95.04, "width": 171, "height": 167 }
		},
		"Hcb_0074_02_2": {
			"Hcb_0074_02_": { "x": -86.11, "y": -95.04, "width": 171, "height": 167 }
		},
		"Hcb_0076_01_": {
			"Hcb_0076_01_": { "x": -126.61, "y": 124.46, "width": 262, "height": 214 }
		},
		"Hcb_0076_01_2": {
			"Hcb_0076_01_": { "x": -126.61, "y": 124.46, "width": 262, "height": 214 }
		},
		"Hcb_0076_02_": {
			"Hcb_0076_02_": { "x": -115.11, "y": -49.04, "width": 237, "height": 135 }
		},
		"Hcb_0076_02_2": {
			"Hcb_0076_02_": { "x": -115.11, "y": -49.04, "width": 237, "height": 135 }
		},
		"Hcb_0076_03_": {
			"Hcb_0076_03_": { "x": -102.11, "y": -147.54, "width": 81, "height": 64 }
		},
		"Hcb_0076_03_2": {
			"Hcb_0076_03_": { "x": -102.11, "y": -147.54, "width": 81, "height": 64 }
		},
		"Hcb_0078_01_": {
			"Hcb_0078_01_": { "x": -147.11, "y": 184.46, "width": 203, "height": 98 }
		},
		"Hcb_0078_01_2": {
			"Hcb_0078_01_": { "x": -147.11, "y": 184.46, "width": 203, "height": 98 }
		},
		"Hcb_0078_02_": {
			"Hcb_0078_02_": { "x": -149.61, "y": 49.96, "width": 306, "height": 171 }
		},
		"Hcb_0078_02_2": {
			"Hcb_0078_02_": { "x": -149.61, "y": 49.96, "width": 306, "height": 171 }
		},
		"Hcb_0078_03_": {
			"Hcb_0078_03_": { "x": -104.61, "y": -107.54, "width": 182, "height": 146 }
		},
		"Hcb_0078_03_2": {
			"Hcb_0078_03_": { "x": -104.61, "y": -107.54, "width": 182, "height": 146 }
		},
		"Hcb_0080_01_": {
			"Hcb_0080_01_": { "x": -159.61, "y": 191.96, "width": 208, "height": 97 }
		},
		"Hcb_0080_01_2": {
			"Hcb_0080_01_": { "x": -159.61, "y": 191.96, "width": 208, "height": 97 }
		},
		"Hcb_0080_02_": {
			"Hcb_0080_02_": { "x": -162.61, "y": 55.46, "width": 336, "height": 178 }
		},
		"Hcb_0080_02_2": {
			"Hcb_0080_02_": { "x": -162.61, "y": 55.46, "width": 336, "height": 178 }
		},
		"Hcb_0080_03_": {
			"Hcb_0080_03_": { "x": -113.11, "y": -107.04, "width": 187, "height": 149 }
		},
		"Hcb_0080_03_2": {
			"Hcb_0080_03_": { "x": -113.11, "y": -107.04, "width": 187, "height": 149 }
		}
	}
},
"animations": {
	"animation": {
		"slots": {
			"Hcb_0000_01_": {
				"attachment": [
					{ "time": 0, "name": "Hcb_0000_01_" },
					{ "time": 0.1, "name": null },
					{ "time": 9.3333, "name": "Hcb_0000_01_" }
				]
			},
			"Hcb_0000_02_": {
				"attachment": [
					{ "time": 0, "name": "Hcb_0000_02_" },
					{ "time": 0.1, "name": null },
					{ "time": 9.3333, "name": "Hcb_0000_02_" }
				]
			},
			"Hcb_0000_01_2": {
				"attachment": [
					{ "time": 0, "name": "Hcb_0000_01_" },
					{ "time": 0.1, "name": null },
					{ "time": 9.3333, "name": "Hcb_0000_01_" }
				]
			},
			"Hcb_0000_02_2": {
				"attachment": [
					{ "time": 0, "name": "Hcb_0000_02_" },
					{ "time": 0.1, "name": null },
					{ "time": 9.3333, "name": "Hcb_0000_02_" }
				]
			},
			"Hcb_0002_01_": {
				"attachment": [
					{ "time": 0.1, "name": "Hcb_0002_01_" },
					{ "time": 0.2333, "name": null }
				]
			},
			"Hcb_0002_02_": {
				"attachment": [
					{ "time": 0.1, "name": "Hcb_0002_02_" },
					{ "time": 0.2333, "name": null }
				]
			},
			"Hcb_0002_01_2": {
				"attachment": [
					{ "time": 0.1, "name": "Hcb_0002_01_" },
					{ "time": 0.2333, "name": null }
				]
			},
			"Hcb_0002_02_2": {
				"attachment": [
					{ "time": 0.1, "name": "Hcb_0002_02_" },
					{ "time": 0.2333, "name": null }
				]
			},
			"Hcb_0004_01_": {
				"attachment": [
					{ "time": 0.2333, "name": "Hcb_0004_01_" },
					{ "time": 0.3333, "name": null }
				]
			},
			"Hcb_0004_02_": {
				"attachment": [
					{ "time": 0.2333, "name": "Hcb_0004_02_" },
					{ "time": 0.3333, "name": null }
				]
			},
			"Hcb_0004_01_2": {
				"attachment": [
					{ "time": 0.2333, "name": "Hcb_0004_01_" },
					{ "time": 0.3333, "name": null }
				]
			},
			"Hcb_0004_02_2": {
				"attachment": [
					{ "time": 0.2333, "name": "Hcb_0004_02_" },
					{ "time": 0.3333, "name": null }
				]
			},
			"Hcb_0006_01_": {
				"attachment": [
					{ "time": 0.3333, "name": "Hcb_0006_01_" },
					{ "time": 0.4667, "name": null }
				]
			},
			"Hcb_0006_02_": {
				"attachment": [
					{ "time": 0.3333, "name": "Hcb_0006_02_" },
					{ "time": 0.4667, "name": null }
				]
			},
			"Hcb_0006_01_2": {
				"attachment": [
					{ "time": 0.3333, "name": "Hcb_0006_01_" },
					{ "time": 0.4667, "name": null }
				]
			},
			"Hcb_0006_02_2": {
				"attachment": [
					{ "time": 0.3333, "name": "Hcb_0006_02_" },
					{ "time": 0.4667, "name": null }
				]
			},
			"Hcb_0008_01_": {
				"attachment": [
					{ "time": 0.4667, "name": "Hcb_0008_01_" },
					{ "time": 0.5667, "name": null }
				]
			},
			"Hcb_0008_02_": {
				"attachment": [
					{ "time": 0.4667, "name": "Hcb_0008_02_" },
					{ "time": 0.5667, "name": null }
				]
			},
			"Hcb_0008_01_2": {
				"attachment": [
					{ "time": 0.4667, "name": "Hcb_0008_01_" },
					{ "time": 0.5667, "name": null }
				]
			},
			"Hcb_0008_02_2": {
				"attachment": [
					{ "time": 0.4667, "name": "Hcb_0008_02_" },
					{ "time": 0.5667, "name": null }
				]
			},
			"Hcb_0010_01_": {
				"attachment": [
					{ "time": 0.5667, "name": "Hcb_0010_01_" },
					{ "time": 0.7, "name": null }
				]
			},
			"Hcb_0010_02_": {
				"attachment": [
					{ "time": 0.5667, "name": "Hcb_0010_02_" },
					{ "time": 0.7, "name": null }
				]
			},
			"Hcb_0010_03_": {
				"attachment": [
					{ "time": 0.5667, "name": "Hcb_0010_03_" },
					{ "time": 0.7, "name": null }
				]
			},
			"Hcb_0010_01_2": {
				"attachment": [
					{ "time": 0.5667, "name": "Hcb_0010_01_" },
					{ "time": 0.7, "name": null }
				]
			},
			"Hcb_0010_02_2": {
				"attachment": [
					{ "time": 0.5667, "name": "Hcb_0010_02_" },
					{ "time": 0.7, "name": null }
				]
			},
			"Hcb_0010_03_2": {
				"attachment": [
					{ "time": 0.5667, "name": "Hcb_0010_03_" },
					{ "time": 0.7, "name": null }
				]
			},
			"Hcb_0012_01_": {
				"attachment": [
					{ "time": 0.7, "name": "Hcb_0012_01_" },
					{ "time": 0.8, "name": null }
				]
			},
			"Hcb_0012_02_": {
				"attachment": [
					{ "time": 0.7, "name": "Hcb_0012_02_" },
					{ "time": 0.8, "name": null }
				]
			},
			"Hcb_0012_03_": {
				"attachment": [
					{ "time": 0.7, "name": "Hcb_0012_03_" },
					{ "time": 0.8, "name": null }
				]
			},
			"Hcb_0012_01_2": {
				"attachment": [
					{ "time": 0.7, "name": "Hcb_0012_01_" },
					{ "time": 0.8, "name": null }
				]
			},
			"Hcb_0012_02_2": {
				"attachment": [
					{ "time": 0.7, "name": "Hcb_0012_02_" },
					{ "time": 0.8, "name": null }
				]
			},
			"Hcb_0012_03_2": {
				"attachment": [
					{ "time": 0.7, "name": "Hcb_0012_03_" },
					{ "time": 0.8, "name": null }
				]
			},
			"Hcb_0014_01_": {
				"attachment": [
					{ "time": 0.8, "name": "Hcb_0014_01_" },
					{ "time": 0.9333, "name": null }
				]
			},
			"Hcb_0014_02_": {
				"attachment": [
					{ "time": 0.8, "name": "Hcb_0014_02_" },
					{ "time": 0.9333, "name": null }
				]
			},
			"Hcb_0014_03_": {
				"attachment": [
					{ "time": 0.8, "name": "Hcb_0014_03_" },
					{ "time": 0.9333, "name": null }
				]
			},
			"Hcb_0014_01_2": {
				"attachment": [
					{ "time": 0.8, "name": "Hcb_0014_01_" },
					{ "time": 0.9333, "name": null }
				]
			},
			"Hcb_0014_02_2": {
				"attachment": [
					{ "time": 0.8, "name": "Hcb_0014_02_" },
					{ "time": 0.9333, "name": null }
				]
			},
			"Hcb_0014_03_2": {
				"attachment": [
					{ "time": 0.8, "name": "Hcb_0014_03_" },
					{ "time": 0.9333, "name": null }
				]
			},
			"Hcb_0016_01_": {
				"attachment": [
					{ "time": 0.9333, "name": "Hcb_0016_01_" },
					{ "time": 1.0333, "name": null }
				]
			},
			"Hcb_0016_02_": {
				"attachment": [
					{ "time": 0.9333, "name": "Hcb_0016_02_" },
					{ "time": 1.0333, "name": null }
				]
			},
			"Hcb_0016_03_": {
				"attachment": [
					{ "time": 0.9333, "name": "Hcb_0016_03_" },
					{ "time": 1.0333, "name": null }
				]
			},
			"Hcb_0016_01_2": {
				"attachment": [
					{ "time": 0.9333, "name": "Hcb_0016_01_" },
					{ "time": 1.0333, "name": null }
				]
			},
			"Hcb_0016_02_2": {
				"attachment": [
					{ "time": 0.9333, "name": "Hcb_0016_02_" },
					{ "time": 1.0333, "name": null }
				]
			},
			"Hcb_0016_03_2": {
				"attachment": [
					{ "time": 0.9333, "name": "Hcb_0016_03_" },
					{ "time": 1.0333, "name": null }
				]
			},
			"Hcb_0018_01_": {
				"attachment": [
					{ "time": 1.0333, "name": "Hcb_0018_01_" },
					{ "time": 1.1667, "name": null }
				]
			},
			"Hcb_0018_02_": {
				"attachment": [
					{ "time": 1.0333, "name": "Hcb_0018_02_" },
					{ "time": 1.1667, "name": null }
				]
			},
			"Hcb_0018_03_": {
				"attachment": [
					{ "time": 1.0333, "name": "Hcb_0018_03_" },
					{ "time": 1.1667, "name": null }
				]
			},
			"Hcb_0018_01_2": {
				"attachment": [
					{ "time": 1.0333, "name": "Hcb_0018_01_" },
					{ "time": 1.1667, "name": null }
				]
			},
			"Hcb_0018_02_2": {
				"attachment": [
					{ "time": 1.0333, "name": "Hcb_0018_02_" },
					{ "time": 1.1667, "name": null }
				]
			},
			"Hcb_0018_03_2": {
				"attachment": [
					{ "time": 1.0333, "name": "Hcb_0018_03_" },
					{ "time": 1.1667, "name": null }
				]
			},
			"Hcb_0020_01_": {
				"attachment": [
					{ "time": 1.1667, "name": "Hcb_0020_01_" },
					{ "time": 1.2667, "name": null }
				]
			},
			"Hcb_0020_02_": {
				"attachment": [
					{ "time": 1.1667, "name": "Hcb_0020_02_" },
					{ "time": 1.2667, "name": null }
				]
			},
			"Hcb_0020_03_": {
				"attachment": [
					{ "time": 1.1667, "name": "Hcb_0020_03_" },
					{ "time": 1.2667, "name": null }
				]
			},
			"Hcb_0020_01_2": {
				"attachment": [
					{ "time": 1.1667, "name": "Hcb_0020_01_" },
					{ "time": 1.2667, "name": null }
				]
			},
			"Hcb_0020_02_2": {
				"attachment": [
					{ "time": 1.1667, "name": "Hcb_0020_02_" },
					{ "time": 1.2667, "name": null }
				]
			},
			"Hcb_0020_03_2": {
				"attachment": [
					{ "time": 1.1667, "name": "Hcb_0020_03_" },
					{ "time": 1.2667, "name": null }
				]
			},
			"Hcb_0022_01_": {
				"attachment": [
					{ "time": 1.2667, "name": "Hcb_0022_01_" },
					{ "time": 1.4, "name": null }
				]
			},
			"Hcb_0022_02_": {
				"attachment": [
					{ "time": 1.2667, "name": "Hcb_0022_02_" },
					{ "time": 1.4, "name": null }
				]
			},
			"Hcb_0022_03_": {
				"attachment": [
					{ "time": 1.2667, "name": "Hcb_0022_03_" },
					{ "time": 1.4, "name": null }
				]
			},
			"Hcb_0022_01_2": {
				"attachment": [
					{ "time": 1.2667, "name": "Hcb_0022_01_" },
					{ "time": 1.4, "name": null }
				]
			},
			"Hcb_0022_02_2": {
				"attachment": [
					{ "time": 1.2667, "name": "Hcb_0022_02_" },
					{ "time": 1.4, "name": null }
				]
			},
			"Hcb_0022_03_2": {
				"attachment": [
					{ "time": 1.2667, "name": "Hcb_0022_03_" },
					{ "time": 1.4, "name": null }
				]
			},
			"Hcb_0024_01_": {
				"attachment": [
					{ "time": 1.4, "name": "Hcb_0024_01_" },
					{ "time": 1.5, "name": null }
				]
			},
			"Hcb_0024_02_": {
				"attachment": [
					{ "time": 1.4, "name": "Hcb_0024_02_" },
					{ "time": 1.5, "name": null }
				]
			},
			"Hcb_0024_03_": {
				"attachment": [
					{ "time": 1.4, "name": "Hcb_0024_03_" },
					{ "time": 1.5, "name": null }
				]
			},
			"Hcb_0024_01_2": {
				"attachment": [
					{ "time": 1.4, "name": "Hcb_0024_01_" },
					{ "time": 1.5, "name": null }
				]
			},
			"Hcb_0024_02_2": {
				"attachment": [
					{ "time": 1.4, "name": "Hcb_0024_02_" },
					{ "time": 1.5, "name": null }
				]
			},
			"Hcb_0024_03_2": {
				"attachment": [
					{ "time": 1.4, "name": "Hcb_0024_03_" },
					{ "time": 1.5, "name": null }
				]
			},
			"Hcb_0026_01_": {
				"attachment": [
					{ "time": 1.5, "name": "Hcb_0026_01_" },
					{ "time": 1.6, "name": null }
				]
			},
			"Hcb_0026_02_": {
				"attachment": [
					{ "time": 1.5, "name": "Hcb_0026_02_" },
					{ "time": 1.6, "name": null }
				]
			},
			"Hcb_0026_03_": {
				"attachment": [
					{ "time": 1.5, "name": "Hcb_0026_03_" },
					{ "time": 1.6, "name": null }
				]
			},
			"Hcb_0026_01_2": {
				"attachment": [
					{ "time": 1.5, "name": "Hcb_0026_01_" },
					{ "time": 1.6, "name": null }
				]
			},
			"Hcb_0026_02_2": {
				"attachment": [
					{ "time": 1.5, "name": "Hcb_0026_02_" },
					{ "time": 1.6, "name": null }
				]
			},
			"Hcb_0026_03_2": {
				"attachment": [
					{ "time": 1.5, "name": "Hcb_0026_03_" },
					{ "time": 1.6, "name": null }
				]
			},
			"Hcb_0028_01_": {
				"attachment": [
					{ "time": 1.6, "name": "Hcb_0028_01_" },
					{ "time": 1.7333, "name": null }
				]
			},
			"Hcb_0028_02_": {
				"attachment": [
					{ "time": 1.6, "name": "Hcb_0028_02_" },
					{ "time": 1.7333, "name": null }
				]
			},
			"Hcb_0028_03_": {
				"attachment": [
					{ "time": 1.6, "name": "Hcb_0028_03_" },
					{ "time": 1.7333, "name": null }
				]
			},
			"Hcb_0028_01_2": {
				"attachment": [
					{ "time": 1.6, "name": "Hcb_0028_01_" },
					{ "time": 1.7333, "name": null }
				]
			},
			"Hcb_0028_02_2": {
				"attachment": [
					{ "time": 1.6, "name": "Hcb_0028_02_" },
					{ "time": 1.7333, "name": null }
				]
			},
			"Hcb_0028_03_2": {
				"attachment": [
					{ "time": 1.6, "name": "Hcb_0028_03_" },
					{ "time": 1.7333, "name": null }
				]
			},
			"Hcb_0030_01_": {
				"attachment": [
					{ "time": 1.7333, "name": "Hcb_0030_01_" },
					{ "time": 1.8333, "name": null }
				]
			},
			"Hcb_0030_02_": {
				"attachment": [
					{ "time": 1.7333, "name": "Hcb_0030_02_" },
					{ "time": 1.8333, "name": null }
				]
			},
			"Hcb_0030_01_2": {
				"attachment": [
					{ "time": 1.7333, "name": "Hcb_0030_01_" },
					{ "time": 1.8333, "name": null }
				]
			},
			"Hcb_0030_02_2": {
				"attachment": [
					{ "time": 1.7333, "name": "Hcb_0030_02_" },
					{ "time": 1.8333, "name": null }
				]
			},
			"Hcb_0032_01_": {
				"attachment": [
					{ "time": 1.8333, "name": "Hcb_0032_01_" },
					{ "time": 1.9667, "name": null }
				]
			},
			"Hcb_0032_02_": {
				"attachment": [
					{ "time": 1.8333, "name": "Hcb_0032_02_" },
					{ "time": 1.9667, "name": null }
				]
			},
			"Hcb_0032_03_": {
				"attachment": [
					{ "time": 1.8333, "name": "Hcb_0032_03_" },
					{ "time": 1.9667, "name": null }
				]
			},
			"Hcb_0032_01_2": {
				"attachment": [
					{ "time": 1.8333, "name": "Hcb_0032_01_" },
					{ "time": 1.9667, "name": null }
				]
			},
			"Hcb_0032_02_2": {
				"attachment": [
					{ "time": 1.8333, "name": "Hcb_0032_02_" },
					{ "time": 1.9667, "name": null }
				]
			},
			"Hcb_0032_03_2": {
				"attachment": [
					{ "time": 1.8333, "name": "Hcb_0032_03_" },
					{ "time": 1.9667, "name": null }
				]
			},
			"Hcb_0034_01_": {
				"attachment": [
					{ "time": 1.9667, "name": "Hcb_0034_01_" },
					{ "time": 2.0667, "name": null }
				]
			},
			"Hcb_0034_02_": {
				"attachment": [
					{ "time": 1.9667, "name": "Hcb_0034_02_" },
					{ "time": 2.0667, "name": null }
				]
			},
			"Hcb_0034_03_": {
				"attachment": [
					{ "time": 1.9667, "name": "Hcb_0034_03_" },
					{ "time": 2.0667, "name": null }
				]
			},
			"Hcb_0034_01_2": {
				"attachment": [
					{ "time": 1.9667, "name": "Hcb_0034_01_" },
					{ "time": 2.0667, "name": null }
				]
			},
			"Hcb_0034_02_2": {
				"attachment": [
					{ "time": 1.9667, "name": "Hcb_0034_02_" },
					{ "time": 2.0667, "name": null }
				]
			},
			"Hcb_0034_03_2": {
				"attachment": [
					{ "time": 1.9667, "name": "Hcb_0034_03_" },
					{ "time": 2.0667, "name": null }
				]
			},
			"Hcb_0036_01_": {
				"attachment": [
					{ "time": 2.0667, "name": "Hcb_0036_01_" },
					{ "time": 2.2, "name": null }
				]
			},
			"Hcb_0036_02_": {
				"attachment": [
					{ "time": 2.0667, "name": "Hcb_0036_02_" },
					{ "time": 2.2, "name": null }
				]
			},
			"Hcb_0036_03_": {
				"attachment": [
					{ "time": 2.0667, "name": "Hcb_0036_03_" },
					{ "time": 2.2, "name": null }
				]
			},
			"Hcb_0036_01_2": {
				"attachment": [
					{ "time": 2.0667, "name": "Hcb_0036_01_" },
					{ "time": 2.2, "name": null }
				]
			},
			"Hcb_0036_02_2": {
				"attachment": [
					{ "time": 2.0667, "name": "Hcb_0036_02_" },
					{ "time": 2.2, "name": null }
				]
			},
			"Hcb_0036_03_2": {
				"attachment": [
					{ "time": 2.0667, "name": "Hcb_0036_03_" },
					{ "time": 2.2, "name": null }
				]
			},
			"Hcb_0038_01_": {
				"attachment": [
					{ "time": 2.2, "name": "Hcb_0038_01_" },
					{ "time": 2.3, "name": null }
				]
			},
			"Hcb_0038_02_": {
				"attachment": [
					{ "time": 2.2, "name": "Hcb_0038_02_" },
					{ "time": 2.3, "name": null }
				]
			},
			"Hcb_0038_03_": {
				"attachment": [
					{ "time": 2.2, "name": "Hcb_0038_03_" },
					{ "time": 2.3, "name": null }
				]
			},
			"Hcb_0038_01_2": {
				"attachment": [
					{ "time": 2.2, "name": "Hcb_0038_01_" },
					{ "time": 2.3, "name": null }
				]
			},
			"Hcb_0038_02_2": {
				"attachment": [
					{ "time": 2.2, "name": "Hcb_0038_02_" },
					{ "time": 2.3, "name": null }
				]
			},
			"Hcb_0038_03_2": {
				"attachment": [
					{ "time": 2.2, "name": "Hcb_0038_03_" },
					{ "time": 2.3, "name": null }
				]
			},
			"Hcb_0040_01_": {
				"attachment": [
					{ "time": 2.3, "name": "Hcb_0040_01_" },
					{ "time": 2.4333, "name": null }
				]
			},
			"Hcb_0040_02_": {
				"attachment": [
					{ "time": 2.3, "name": "Hcb_0040_02_" },
					{ "time": 2.4333, "name": null }
				]
			},
			"Hcb_0040_03_": {
				"attachment": [
					{ "time": 2.3, "name": "Hcb_0040_03_" },
					{ "time": 2.4333, "name": null }
				]
			},
			"Hcb_0040_01_2": {
				"attachment": [
					{ "time": 2.3, "name": "Hcb_0040_01_" },
					{ "time": 2.4333, "name": null }
				]
			},
			"Hcb_0040_02_2": {
				"attachment": [
					{ "time": 2.3, "name": "Hcb_0040_02_" },
					{ "time": 2.4333, "name": null }
				]
			},
			"Hcb_0040_03_2": {
				"attachment": [
					{ "time": 2.3, "name": "Hcb_0040_03_" },
					{ "time": 2.4333, "name": null }
				]
			},
			"Hcb_0042_01_": {
				"attachment": [
					{ "time": 2.4333, "name": "Hcb_0042_01_" },
					{ "time": 2.5333, "name": null }
				]
			},
			"Hcb_0042_02_": {
				"attachment": [
					{ "time": 2.4333, "name": "Hcb_0042_02_" },
					{ "time": 2.5333, "name": null }
				]
			},
			"Hcb_0042_03_": {
				"attachment": [
					{ "time": 2.4333, "name": "Hcb_0042_03_" },
					{ "time": 2.5333, "name": null }
				]
			},
			"Hcb_0042_01_2": {
				"attachment": [
					{ "time": 2.4333, "name": "Hcb_0042_01_" },
					{ "time": 2.5333, "name": null }
				]
			},
			"Hcb_0042_02_2": {
				"attachment": [
					{ "time": 2.4333, "name": "Hcb_0042_02_" },
					{ "time": 2.5333, "name": null }
				]
			},
			"Hcb_0042_03_2": {
				"attachment": [
					{ "time": 2.4333, "name": "Hcb_0042_03_" },
					{ "time": 2.5333, "name": null }
				]
			},
			"Hcb_0044_01_": {
				"attachment": [
					{ "time": 2.5333, "name": "Hcb_0044_01_" },
					{ "time": 2.6667, "name": null }
				]
			},
			"Hcb_0044_02_": {
				"attachment": [
					{ "time": 2.5333, "name": "Hcb_0044_02_" },
					{ "time": 2.6667, "name": null }
				]
			},
			"Hcb_0044_03_": {
				"attachment": [
					{ "time": 2.5333, "name": "Hcb_0044_03_" },
					{ "time": 2.6667, "name": null }
				]
			},
			"Hcb_0044_01_2": {
				"attachment": [
					{ "time": 2.5333, "name": "Hcb_0044_01_" },
					{ "time": 2.6667, "name": null }
				]
			},
			"Hcb_0044_02_2": {
				"attachment": [
					{ "time": 2.5333, "name": "Hcb_0044_02_" },
					{ "time": 2.6667, "name": null }
				]
			},
			"Hcb_0044_03_2": {
				"attachment": [
					{ "time": 2.5333, "name": "Hcb_0044_03_" },
					{ "time": 2.6667, "name": null }
				]
			},
			"Hcb_0046_01_": {
				"attachment": [
					{ "time": 2.6667, "name": "Hcb_0046_01_" },
					{ "time": 2.7667, "name": null }
				]
			},
			"Hcb_0046_02_": {
				"attachment": [
					{ "time": 2.6667, "name": "Hcb_0046_02_" },
					{ "time": 2.7667, "name": null }
				]
			},
			"Hcb_0046_03_": {
				"attachment": [
					{ "time": 2.6667, "name": "Hcb_0046_03_" },
					{ "time": 2.7667, "name": null }
				]
			},
			"Hcb_0046_01_2": {
				"attachment": [
					{ "time": 2.6667, "name": "Hcb_0046_01_" },
					{ "time": 2.7667, "name": null }
				]
			},
			"Hcb_0046_02_2": {
				"attachment": [
					{ "time": 2.6667, "name": "Hcb_0046_02_" },
					{ "time": 2.7667, "name": null }
				]
			},
			"Hcb_0046_03_2": {
				"attachment": [
					{ "time": 2.6667, "name": "Hcb_0046_03_" },
					{ "time": 2.7667, "name": null }
				]
			},
			"Hcb_0048_01_": {
				"attachment": [
					{ "time": 2.7667, "name": "Hcb_0048_01_" },
					{ "time": 2.8667, "name": null }
				]
			},
			"Hcb_0048_02_": {
				"attachment": [
					{ "time": 2.7667, "name": "Hcb_0048_02_" },
					{ "time": 2.8667, "name": null }
				]
			},
			"Hcb_0048_03_": {
				"attachment": [
					{ "time": 2.7667, "name": "Hcb_0048_03_" },
					{ "time": 2.8667, "name": null }
				]
			},
			"Hcb_0048_01_2": {
				"attachment": [
					{ "time": 2.7667, "name": "Hcb_0048_01_" },
					{ "time": 2.8667, "name": null }
				]
			},
			"Hcb_0048_02_2": {
				"attachment": [
					{ "time": 2.7667, "name": "Hcb_0048_02_" },
					{ "time": 2.8667, "name": null }
				]
			},
			"Hcb_0048_03_2": {
				"attachment": [
					{ "time": 2.7667, "name": "Hcb_0048_03_" },
					{ "time": 2.8667, "name": null }
				]
			},
			"Hcb_0050_01_": {
				"attachment": [
					{ "time": 2.8667, "name": "Hcb_0050_01_" },
					{ "time": 3, "name": null }
				]
			},
			"Hcb_0050_02_": {
				"attachment": [
					{ "time": 2.8667, "name": "Hcb_0050_02_" },
					{ "time": 3, "name": null }
				]
			},
			"Hcb_0050_03_": {
				"attachment": [
					{ "time": 2.8667, "name": "Hcb_0050_03_" },
					{ "time": 3, "name": null }
				]
			},
			"Hcb_0050_01_2": {
				"attachment": [
					{ "time": 2.8667, "name": "Hcb_0050_01_" },
					{ "time": 3, "name": null }
				]
			},
			"Hcb_0050_02_2": {
				"attachment": [
					{ "time": 2.8667, "name": "Hcb_0050_02_" },
					{ "time": 3, "name": null }
				]
			},
			"Hcb_0050_03_2": {
				"attachment": [
					{ "time": 2.8667, "name": "Hcb_0050_03_" },
					{ "time": 3, "name": null }
				]
			},
			"Hcb_0052_01_": {
				"attachment": [
					{ "time": 3, "name": "Hcb_0052_01_" },
					{ "time": 3.1, "name": null }
				]
			},
			"Hcb_0052_02_": {
				"attachment": [
					{ "time": 3, "name": "Hcb_0052_02_" },
					{ "time": 3.1, "name": null }
				]
			},
			"Hcb_0052_03_": {
				"attachment": [
					{ "time": 3, "name": "Hcb_0052_03_" },
					{ "time": 3.1, "name": null }
				]
			},
			"Hcb_0052_01_2": {
				"attachment": [
					{ "time": 3, "name": "Hcb_0052_01_" },
					{ "time": 3.1, "name": null }
				]
			},
			"Hcb_0052_02_2": {
				"attachment": [
					{ "time": 3, "name": "Hcb_0052_02_" },
					{ "time": 3.1, "name": null }
				]
			},
			"Hcb_0052_03_2": {
				"attachment": [
					{ "time": 3, "name": "Hcb_0052_03_" },
					{ "time": 3.1, "name": null }
				]
			},
			"Hcb_0054_01_": {
				"attachment": [
					{ "time": 3.1, "name": "Hcb_0054_01_" },
					{ "time": 3.2333, "name": null }
				]
			},
			"Hcb_0054_02_": {
				"attachment": [
					{ "time": 3.1, "name": "Hcb_0054_02_" },
					{ "time": 3.2333, "name": null }
				]
			},
			"Hcb_0054_03_": {
				"attachment": [
					{ "time": 3.1, "name": "Hcb_0054_03_" },
					{ "time": 3.2333, "name": null }
				]
			},
			"Hcb_0054_01_2": {
				"attachment": [
					{ "time": 3.1, "name": "Hcb_0054_01_" },
					{ "time": 3.2333, "name": null }
				]
			},
			"Hcb_0054_02_2": {
				"attachment": [
					{ "time": 3.1, "name": "Hcb_0054_02_" },
					{ "time": 3.2333, "name": null }
				]
			},
			"Hcb_0054_03_2": {
				"attachment": [
					{ "time": 3.1, "name": "Hcb_0054_03_" },
					{ "time": 3.2333, "name": null }
				]
			},
			"Hcb_0056_01_": {
				"attachment": [
					{ "time": 3.2333, "name": "Hcb_0056_01_" },
					{ "time": 3.3333, "name": null }
				]
			},
			"Hcb_0056_02_": {
				"attachment": [
					{ "time": 3.2333, "name": "Hcb_0056_02_" },
					{ "time": 3.3333, "name": null }
				]
			},
			"Hcb_0056_03_": {
				"attachment": [
					{ "time": 3.2333, "name": "Hcb_0056_03_" },
					{ "time": 3.3333, "name": null }
				]
			},
			"Hcb_0056_01_2": {
				"attachment": [
					{ "time": 3.2333, "name": "Hcb_0056_01_" },
					{ "time": 3.3333, "name": null }
				]
			},
			"Hcb_0056_02_2": {
				"attachment": [
					{ "time": 3.2333, "name": "Hcb_0056_02_" },
					{ "time": 3.3333, "name": null }
				]
			},
			"Hcb_0056_03_2": {
				"attachment": [
					{ "time": 3.2333, "name": "Hcb_0056_03_" },
					{ "time": 3.3333, "name": null }
				]
			},
			"Hcb_0058_01_": {
				"attachment": [
					{ "time": 3.3333, "name": "Hcb_0058_01_" },
					{ "time": 3.4667, "name": null }
				]
			},
			"Hcb_0058_02_": {
				"attachment": [
					{ "time": 3.3333, "name": "Hcb_0058_02_" },
					{ "time": 3.4667, "name": null }
				]
			},
			"Hcb_0058_01_2": {
				"attachment": [
					{ "time": 3.3333, "name": "Hcb_0058_01_" },
					{ "time": 3.4667, "name": null }
				]
			},
			"Hcb_0058_02_2": {
				"attachment": [
					{ "time": 3.3333, "name": "Hcb_0058_02_" },
					{ "time": 3.4667, "name": null }
				]
			},
			"Hcb_0060_01_": {
				"attachment": [
					{ "time": 3.4667, "name": "Hcb_0060_01_" },
					{ "time": 3.5667, "name": null }
				]
			},
			"Hcb_0060_02_": {
				"attachment": [
					{ "time": 3.4667, "name": "Hcb_0060_02_" },
					{ "time": 3.5667, "name": null }
				]
			},
			"Hcb_0060_01_2": {
				"attachment": [
					{ "time": 3.4667, "name": "Hcb_0060_01_" },
					{ "time": 3.5667, "name": null }
				]
			},
			"Hcb_0060_02_2": {
				"attachment": [
					{ "time": 3.4667, "name": "Hcb_0060_02_" },
					{ "time": 3.5667, "name": null }
				]
			},
			"Hcb_0062_01_": {
				"attachment": [
					{ "time": 3.5667, "name": "Hcb_0062_01_" },
					{ "time": 3.7, "name": null }
				]
			},
			"Hcb_0062_02_": {
				"attachment": [
					{ "time": 3.5667, "name": "Hcb_0062_02_" },
					{ "time": 3.7, "name": null }
				]
			},
			"Hcb_0062_01_2": {
				"attachment": [
					{ "time": 3.5667, "name": "Hcb_0062_01_" },
					{ "time": 3.7, "name": null }
				]
			},
			"Hcb_0062_02_2": {
				"attachment": [
					{ "time": 3.5667, "name": "Hcb_0062_02_" },
					{ "time": 3.7, "name": null }
				]
			},
			"Hcb_0064_01_": {
				"attachment": [
					{ "time": 3.7, "name": "Hcb_0064_01_" },
					{ "time": 3.8, "name": null }
				]
			},
			"Hcb_0064_02_": {
				"attachment": [
					{ "time": 3.7, "name": "Hcb_0064_02_" },
					{ "time": 3.8, "name": null }
				]
			},
			"Hcb_0064_03_": {
				"attachment": [
					{ "time": 3.7, "name": "Hcb_0064_03_" },
					{ "time": 3.8, "name": null }
				]
			},
			"Hcb_0064_01_2": {
				"attachment": [
					{ "time": 3.7, "name": "Hcb_0064_01_" },
					{ "time": 3.8, "name": null }
				]
			},
			"Hcb_0064_02_2": {
				"attachment": [
					{ "time": 3.7, "name": "Hcb_0064_02_" },
					{ "time": 3.8, "name": null }
				]
			},
			"Hcb_0064_03_2": {
				"attachment": [
					{ "time": 3.7, "name": "Hcb_0064_03_" },
					{ "time": 3.8, "name": null }
				]
			},
			"Hcb_0066_01_": {
				"attachment": [
					{ "time": 3.8, "name": "Hcb_0066_01_" },
					{ "time": 3.9333, "name": null }
				]
			},
			"Hcb_0066_02_": {
				"attachment": [
					{ "time": 3.8, "name": "Hcb_0066_02_" },
					{ "time": 3.9333, "name": null }
				]
			},
			"Hcb_0066_03_": {
				"attachment": [
					{ "time": 3.8, "name": "Hcb_0066_03_" },
					{ "time": 3.9333, "name": null }
				]
			},
			"Hcb_0066_04_": {
				"attachment": [
					{ "time": 3.8, "name": "Hcb_0066_04_" },
					{ "time": 3.9333, "name": null }
				]
			},
			"Hcb_0066_01_2": {
				"attachment": [
					{ "time": 3.8, "name": "Hcb_0066_01_" },
					{ "time": 3.9333, "name": null }
				]
			},
			"Hcb_0066_02_2": {
				"attachment": [
					{ "time": 3.8, "name": "Hcb_0066_02_" },
					{ "time": 3.9333, "name": null }
				]
			},
			"Hcb_0066_03_2": {
				"attachment": [
					{ "time": 3.8, "name": "Hcb_0066_03_" },
					{ "time": 3.9333, "name": null }
				]
			},
			"Hcb_0066_04_2": {
				"attachment": [
					{ "time": 3.8, "name": "Hcb_0066_04_" },
					{ "time": 3.9333, "name": null }
				]
			},
			"Hcb_0068_01_": {
				"attachment": [
					{ "time": 3.9333, "name": "Hcb_0068_01_" },
					{ "time": 4.0333, "name": null }
				]
			},
			"Hcb_0068_02_": {
				"attachment": [
					{ "time": 3.9333, "name": "Hcb_0068_02_" },
					{ "time": 4.0333, "name": null }
				]
			},
			"Hcb_0068_03_": {
				"attachment": [
					{ "time": 3.9333, "name": "Hcb_0068_03_" },
					{ "time": 4.0333, "name": null }
				]
			},
			"Hcb_0068_04_": {
				"attachment": [
					{ "time": 3.9333, "name": "Hcb_0068_04_" },
					{ "time": 4.0333, "name": null }
				]
			},
			"Hcb_0068_01_2": {
				"attachment": [
					{ "time": 3.9333, "name": "Hcb_0068_01_" },
					{ "time": 4.0333, "name": null }
				]
			},
			"Hcb_0068_02_2": {
				"attachment": [
					{ "time": 3.9333, "name": "Hcb_0068_02_" },
					{ "time": 4.0333, "name": null }
				]
			},
			"Hcb_0068_03_2": {
				"attachment": [
					{ "time": 3.9333, "name": "Hcb_0068_03_" },
					{ "time": 4.0333, "name": null }
				]
			},
			"Hcb_0068_04_2": {
				"attachment": [
					{ "time": 3.9333, "name": "Hcb_0068_04_" },
					{ "time": 4.0333, "name": null }
				]
			},
			"Hcb_0070_01_": {
				"attachment": [
					{ "time": 4.0333, "name": "Hcb_0070_01_" },
					{ "time": 4.1667, "name": null }
				]
			},
			"Hcb_0070_02_": {
				"attachment": [
					{ "time": 4.0333, "name": "Hcb_0070_02_" },
					{ "time": 4.1667, "name": null }
				]
			},
			"Hcb_0070_03_": {
				"attachment": [
					{ "time": 4.0333, "name": "Hcb_0070_03_" },
					{ "time": 4.1667, "name": null }
				]
			},
			"Hcb_0070_04_": {
				"attachment": [
					{ "time": 4.0333, "name": "Hcb_0070_04_" },
					{ "time": 4.1667, "name": null }
				]
			},
			"Hcb_0070_01_2": {
				"attachment": [
					{ "time": 4.0333, "name": "Hcb_0070_01_" },
					{ "time": 4.1667, "name": null }
				]
			},
			"Hcb_0070_02_2": {
				"attachment": [
					{ "time": 4.0333, "name": "Hcb_0070_02_" },
					{ "time": 4.1667, "name": null }
				]
			},
			"Hcb_0070_03_2": {
				"attachment": [
					{ "time": 4.0333, "name": "Hcb_0070_03_" },
					{ "time": 4.1667, "name": null }
				]
			},
			"Hcb_0070_04_2": {
				"attachment": [
					{ "time": 4.0333, "name": "Hcb_0070_04_" },
					{ "time": 4.1667, "name": null }
				]
			},
			"Hcb_0072_01_": {
				"attachment": [
					{ "time": 4.1667, "name": "Hcb_0072_01_" },
					{ "time": 4.2667, "name": null }
				]
			},
			"Hcb_0072_02_": {
				"attachment": [
					{ "time": 4.1667, "name": "Hcb_0072_02_" },
					{ "time": 4.2667, "name": null }
				]
			},
			"Hcb_0072_03_": {
				"attachment": [
					{ "time": 4.1667, "name": "Hcb_0072_03_" },
					{ "time": 4.2667, "name": null }
				]
			},
			"Hcb_0072_04_": {
				"attachment": [
					{ "time": 4.1667, "name": "Hcb_0072_04_" },
					{ "time": 4.2667, "name": null }
				]
			},
			"Hcb_0072_01_2": {
				"attachment": [
					{ "time": 4.1667, "name": "Hcb_0072_01_" },
					{ "time": 4.2667, "name": null }
				]
			},
			"Hcb_0072_02_2": {
				"attachment": [
					{ "time": 4.1667, "name": "Hcb_0072_02_" },
					{ "time": 4.2667, "name": null }
				]
			},
			"Hcb_0072_03_2": {
				"attachment": [
					{ "time": 4.1667, "name": "Hcb_0072_03_" },
					{ "time": 4.2667, "name": null }
				]
			},
			"Hcb_0072_04_2": {
				"attachment": [
					{ "time": 4.1667, "name": "Hcb_0072_04_" },
					{ "time": 4.2667, "name": null }
				]
			},
			"Hcb_0074_01_": {
				"attachment": [
					{ "time": 4.2667, "name": "Hcb_0074_01_" },
					{ "time": 4.3667, "name": null }
				]
			},
			"Hcb_0074_02_": {
				"attachment": [
					{ "time": 4.2667, "name": "Hcb_0074_02_" },
					{ "time": 4.3667, "name": null }
				]
			},
			"Hcb_0074_01_2": {
				"attachment": [
					{ "time": 4.2667, "name": "Hcb_0074_01_" },
					{ "time": 4.3667, "name": null }
				]
			},
			"Hcb_0074_02_2": {
				"attachment": [
					{ "time": 4.2667, "name": "Hcb_0074_02_" },
					{ "time": 4.3667, "name": null }
				]
			},
			"Hcb_0076_01_": {
				"attachment": [
					{ "time": 4.3667, "name": "Hcb_0076_01_" },
					{ "time": 4.5, "name": null }
				]
			},
			"Hcb_0076_02_": {
				"attachment": [
					{ "time": 4.3667, "name": "Hcb_0076_02_" },
					{ "time": 4.5, "name": null }
				]
			},
			"Hcb_0076_03_": {
				"attachment": [
					{ "time": 4.3667, "name": "Hcb_0076_03_" },
					{ "time": 4.5, "name": null }
				]
			},
			"Hcb_0076_01_2": {
				"attachment": [
					{ "time": 4.3667, "name": "Hcb_0076_01_" },
					{ "time": 4.5, "name": null }
				]
			},
			"Hcb_0076_02_2": {
				"attachment": [
					{ "time": 4.3667, "name": "Hcb_0076_02_" },
					{ "time": 4.5, "name": null }
				]
			},
			"Hcb_0076_03_2": {
				"attachment": [
					{ "time": 4.3667, "name": "Hcb_0076_03_" },
					{ "time": 4.5, "name": null }
				]
			},
			"Hcb_0078_01_": {
				"attachment": [
					{ "time": 4.5, "name": "Hcb_0078_01_" },
					{ "time": 4.6, "name": null }
				]
			},
			"Hcb_0078_02_": {
				"attachment": [
					{ "time": 4.5, "name": "Hcb_0078_02_" },
					{ "time": 4.6, "name": null }
				]
			},
			"Hcb_0078_03_": {
				"attachment": [
					{ "time": 4.5, "name": "Hcb_0078_03_" },
					{ "time": 4.6, "name": null }
				]
			},
			"Hcb_0078_01_2": {
				"attachment": [
					{ "time": 4.5, "name": "Hcb_0078_01_" },
					{ "time": 4.6, "name": null }
				]
			},
			"Hcb_0078_02_2": {
				"attachment": [
					{ "time": 4.5, "name": "Hcb_0078_02_" },
					{ "time": 4.6, "name": null }
				]
			},
			"Hcb_0078_03_2": {
				"attachment": [
					{ "time": 4.5, "name": "Hcb_0078_03_" },
					{ "time": 4.6, "name": null }
				]
			},
			"Hcb_0080_01_": {
				"attachment": [
					{ "time": 4.6, "name": "Hcb_0080_01_" },
					{ "time": 4.7333, "name": null }
				]
			},
			"Hcb_0080_02_": {
				"attachment": [
					{ "time": 4.6, "name": "Hcb_0080_02_" },
					{ "time": 4.7333, "name": null }
				]
			},
			"Hcb_0080_03_": {
				"attachment": [
					{ "time": 4.6, "name": "Hcb_0080_03_" },
					{ "time": 4.7333, "name": null }
				]
			},
			"Hcb_0080_01_2": {
				"attachment": [
					{ "time": 4.6, "name": "Hcb_0080_01_" },
					{ "time": 4.7333, "name": null }
				]
			},
			"Hcb_0080_02_2": {
				"attachment": [
					{ "time": 4.6, "name": "Hcb_0080_02_" },
					{ "time": 4.7333, "name": null }
				]
			},
			"Hcb_0080_03_2": {
				"attachment": [
					{ "time": 4.6, "name": "Hcb_0080_03_" },
					{ "time": 4.7333, "name": null }
				]
			}
		},
		"bones": {
			"L": {
				"translate": [
					{ "time": 0, "x": -83, "y": -145.15 }
				]
			},
			"R": {
				"translate": [
					{ "time": 0, "x": 83, "y": -145.15 }
				]
			}
		}
	}
}
}