{
"skeleton": { "hash": "U/CP4N6cUv9g3g0ylkvGzN3Hp/c", "spine": "3.7.94", "width": 515, "height": 445.75 },
"bones": [
	{ "name": "root" },
	{ "name": "tx", "parent": "root", "x": 115.84, "y": 196.14, "scaleX": 1.2, "scaleY": 1.2 },
	{ "name": "yun_1", "parent": "root" },
	{ "name": "gj", "parent": "root", "y": 223 },
	{ "name": "yun_2", "parent": "root" },
	{ "name": "yun_3", "parent": "root" },
	{ "name": "yun_4", "parent": "root" }
],
"slots": [
	{ "name": "shan_", "bone": "root", "attachment": "shan_" },
	{ "name": "yy_", "bone": "gj", "attachment": "yy_" },
	{ "name": "gj", "bone": "gj", "attachment": "gj00_" },
	{ "name": "tx_00_", "bone": "tx" },
	{ "name": "yun_1", "bone": "yun_1" },
	{ "name": "yun_3", "bone": "yun_3" },
	{ "name": "yun_4", "bone": "yun_4" },
	{ "name": "yun_2", "bone": "yun_2" }
],
"skins": {
	"default": {
		"gj": {
			"gj00_": { "width": 515, "height": 357 },
			"gj01_": { "width": 515, "height": 357 },
			"gj02_": { "width": 515, "height": 357 },
			"gj03_": { "width": 515, "height": 357 },
			"gj04_": { "width": 515, "height": 357 },
			"gj05_": { "width": 515, "height": 357 },
			"gj06_": { "width": 515, "height": 357 },
			"gj07_": { "width": 515, "height": 357 },
			"gj08_": { "width": 515, "height": 357 },
			"gj09_": { "width": 515, "height": 357 },
			"gj10_": { "width": 515, "height": 357 },
			"gj11_": { "width": 515, "height": 357 },
			"gj12_": { "width": 515, "height": 357 },
			"gj13_": { "width": 515, "height": 357 },
			"gj14_": { "width": 515, "height": 357 },
			"gj15_": { "width": 515, "height": 357 },
			"gj16_": { "width": 515, "height": 357 },
			"gj17_": { "width": 515, "height": 357 },
			"gj18_": { "width": 515, "height": 357 },
			"gj19_": { "width": 515, "height": 357 },
			"gj20_": { "width": 515, "height": 357 },
			"gj21_": { "width": 515, "height": 357 }
		},
		"shan_": {
			"shan_": { "x": -7, "y": 92, "scaleX": 1.25, "scaleY": 1.25, "width": 314, "height": 218 }
		},
		"tx_00_": {
			"tx_00_": { "x": 83.66, "y": -108.35, "width": 340, "height": 279 },
			"tx_01_": { "x": 83.66, "y": -108.35, "width": 340, "height": 279 },
			"tx_02_": { "x": 83.66, "y": -108.35, "width": 340, "height": 279 },
			"tx_03_": { "x": 83.66, "y": -108.35, "width": 340, "height": 279 },
			"tx_04_": { "x": 83.66, "y": -108.35, "width": 340, "height": 279 },
			"tx_05_": { "x": 83.66, "y": -108.35, "width": 340, "height": 279 },
			"tx_06_": { "x": 83.66, "y": -108.35, "width": 340, "height": 279 },
			"tx_07_": { "x": 83.66, "y": -108.35, "width": 340, "height": 279 },
			"tx_08_": { "x": 83.66, "y": -108.35, "width": 340, "height": 279 },
			"tx_09_": { "x": 83.66, "y": -108.35, "width": 340, "height": 279 },
			"tx_10_": { "x": 83.66, "y": -108.35, "width": 340, "height": 279 }
		},
		"yun_1": {
			"yun_": { "width": 331, "height": 143 }
		},
		"yun_2": {
			"yun_": { "width": 331, "height": 143 }
		},
		"yun_3": {
			"yun_": { "width": 331, "height": 143 }
		},
		"yun_4": {
			"yun_": { "width": 331, "height": 143 }
		},
		"yy_": {
			"yy_": {
				"type": "mesh",
				"uvs": [ 1, 1, 0, 1, 0, 0, 1, 0 ],
				"triangles": [ 1, 2, 3, 1, 3, 0 ],
				"vertices": [ 148.37, -115.2, -132.03, -102.22, -98.99, 8.31, 143.58, 12.14 ],
				"hull": 4
			}
		}
	}
},
"animations": {
	"animation": {
		"slots": {
			"gj": {
				"attachment": [
					{ "time": 0, "name": "gj00_" },
					{ "time": 0.1, "name": "gj01_" },
					{ "time": 0.1667, "name": "gj02_" },
					{ "time": 0.2667, "name": "gj03_" },
					{ "time": 0.3667, "name": "gj04_" },
					{ "time": 0.4667, "name": "gj05_" },
					{ "time": 0.5333, "name": "gj06_" },
					{ "time": 0.6333, "name": "gj07_" },
					{ "time": 0.7333, "name": "gj08_" },
					{ "time": 0.8333, "name": "gj09_" },
					{ "time": 0.9, "name": "gj10_" },
					{ "time": 1, "name": "gj11_" },
					{ "time": 1.1, "name": "gj12_" },
					{ "time": 1.2, "name": "gj13_" },
					{ "time": 1.2667, "name": "gj14_" },
					{ "time": 1.3667, "name": "gj15_" },
					{ "time": 1.4667, "name": "gj16_" },
					{ "time": 1.5667, "name": "gj17_" },
					{ "time": 1.6333, "name": "gj18_" },
					{ "time": 1.7333, "name": "gj19_" },
					{ "time": 1.8333, "name": "gj20_" },
					{ "time": 1.9333, "name": "gj21_" },
					{ "time": 2, "name": "gj00_" }
				]
			},
			"tx_00_": {
				"color": [
					{ "time": 1.8667, "color": "ffffffff" },
					{ "time": 2, "color": "ffffff00" }
				],
				"attachment": [
					{ "time": 0.9, "name": "tx_00_" },
					{ "time": 0.9667, "name": "tx_01_" },
					{ "time": 1.0667, "name": "tx_02_" },
					{ "time": 1.1667, "name": "tx_03_" },
					{ "time": 1.2667, "name": "tx_04_" },
					{ "time": 1.3667, "name": "tx_05_" },
					{ "time": 1.4667, "name": "tx_06_" },
					{ "time": 1.5667, "name": "tx_07_" },
					{ "time": 1.6667, "name": "tx_08_" },
					{ "time": 1.7667, "name": "tx_09_" },
					{ "time": 1.8667, "name": "tx_10_" },
					{ "time": 2, "name": null }
				]
			},
			"yun_1": {
				"color": [
					{ "time": 0, "color": "ffffffff" },
					{ "time": 2, "color": "ffffff00" }
				],
				"attachment": [
					{ "time": 0, "name": "yun_" },
					{ "time": 2, "name": "yun_" }
				]
			},
			"yun_2": {
				"color": [
					{ "time": 0, "color": "ffffff00" },
					{ "time": 2, "color": "ffffffff" }
				],
				"attachment": [
					{ "time": 0, "name": "yun_" },
					{ "time": 2, "name": "yun_" }
				]
			},
			"yun_3": {
				"color": [
					{ "time": 0, "color": "ffffffff" },
					{ "time": 2, "color": "ffffff00" }
				],
				"attachment": [
					{ "time": 0, "name": "yun_" },
					{ "time": 2, "name": "yun_" }
				]
			},
			"yun_4": {
				"color": [
					{ "time": 0, "color": "ffffff00" },
					{ "time": 2, "color": "ffffffff" }
				],
				"attachment": [
					{ "time": 0, "name": "yun_" },
					{ "time": 2, "name": "yun_" }
				]
			},
			"yy_": {
				"color": [
					{ "time": 0, "color": "ffffffff", "curve": "stepped" },
					{ "time": 0.5, "color": "ffffffff" },
					{ "time": 0.7, "color": "ffffffa0" },
					{ "time": 0.9, "color": "ffffffff" }
				]
			}
		},
		"bones": {
			"tx": {
				"scale": [
					{ "time": 0.9, "x": 0.952, "y": 1 }
				],
				"shear": [
					{ "time": 0.9, "x": -3.51, "y": -2.63 }
				]
			},
			"yun_1": {
				"translate": [
					{ "time": 0, "x": 11.58, "y": 75.38 },
					{ "time": 2, "x": -18.42, "y": 75.38 }
				]
			},
			"yun_2": {
				"translate": [
					{ "time": 0, "x": 41.58, "y": 75.38 },
					{ "time": 2, "x": 11.58, "y": 75.38 }
				]
			},
			"yun_3": {
				"rotate": [
					{ "time": 0, "angle": 1.47, "curve": "stepped" },
					{ "time": 2, "angle": 1.47 }
				],
				"translate": [
					{ "time": 0, "x": 93.8, "y": 118.93 },
					{ "time": 2, "x": 73.81, "y": 118.41 }
				],
				"scale": [
					{ "time": 0, "x": 0.485, "y": 0.485, "curve": "stepped" },
					{ "time": 2, "x": 0.485, "y": 0.485 }
				]
			},
			"yun_4": {
				"rotate": [
					{ "time": 0, "angle": 1.47, "curve": "stepped" },
					{ "time": 2, "angle": 1.47 }
				],
				"translate": [
					{ "time": 0, "x": 113.79, "y": 119.44 },
					{ "time": 2, "x": 93.8, "y": 118.93 }
				],
				"scale": [
					{ "time": 0, "x": 0.485, "y": 0.485, "curve": "stepped" },
					{ "time": 2, "x": 0.485, "y": 0.485 }
				]
			}
		},
		"deform": {
			"default": {
				"yy_": {
					"yy_": [
						{ "time": 0, "curve": "stepped" },
						{ "time": 0.5 },
						{
							"time": 0.6333,
							"vertices": [ -51.24605, 48.39897, 0, 0, 0, 0, -20.87801, 39.85791 ]
						},
						{
							"time": 0.7667,
							"vertices": [ -50.29708, 52.19502, 0, 0, 0, 0, -20.87801, 39.85791 ]
						},
						{
							"time": 0.8,
							"vertices": [ -51.24605, 48.39897, 0, 0, 0, 0, -20.87801, 39.85791 ]
						},
						{ "time": 0.9, "curve": "stepped" },
						{ "time": 2 }
					]
				}
			}
		}
	}
}
}