{
"skeleton": { "hash": "TrBh7LqTyQ7zPCLl6GXEBBmSWfc", "spine": "2.1.27", "width": 105.13, "height": 103.6 },
"bones": [
	{ "name": "root", "scaleX": 0.854, "scaleY": 0.854 },
	{ "name": "bone", "parent": "root", "length": 37.98, "x": -31.26, "y": 51.57, "scaleX": 1.122, "scaleY": 1.122, "rotation": 4.87 },
	{ "name": "bone2", "parent": "root", "y": 39.67, "scaleX": 0.854, "scaleY": 0.854 }
],
"slots": [
	{ "name": "d03_", "bone": "root", "attachment": "d03_" },
	{ "name": "c02_", "bone": "root", "attachment": "c02_" },
	{ "name": "r01_", "bone": "root", "attachment": "r01_", "blend": "additive" }
],
"skins": {
	"default": {
		"c02_": {
			"c02_": {
				"type": "skinnedmesh",
				"uvs": [ 1, 1, 0, 1, 0, 0, 1, 0 ],
				"triangles": [ 1, 2, 3, 1, 3, 0 ],
				"vertices": [ 1, 1, 12.12, -38.34999, 1, 1, 1, -32.29, 10.25, 1, 1, 1, 18.29, 56.47, 1, 1, 1, 62.71, 7.87, 1 ],
				"hull": 4
			}
		},
		"d03_": {
			"d03_": {
				"type": "skinnedmesh",
				"uvs": [ 1, 1, 0, 1, 0, 0, 1, 0 ],
				"triangles": [ 1, 2, 3, 1, 3, 0 ],
				"vertices": [ 1, 0, 52.92, -4.77, 1, 1, 0, -52.92, -4.77, 1, 1, 0, -52.92, 42.77, 1, 1, 0, 52.92, 42.77, 1 ],
				"hull": 4
			}
		},
		"r01_": {
			"r01_": {
				"type": "skinnedmesh",
				"uvs": [ 1, 1, 0, 1, 0, 0, 1, 0 ],
				"triangles": [ 1, 2, 3, 1, 3, 0 ],
				"vertices": [ 1, 2, 64, -22.8, 1, 1, 2, -62, -22.8, 1, 1, 2, -62, 39.18999, 1, 1, 2, 64, 39.18999, 1 ],
				"hull": 4
			}
		}
	}
},
"animations": {
	"animation": {
		"slots": {
			"r01_": {
				"color": [
					{ "time": 0, "color": "ffffff00", "curve": "stepped" },
					{ "time": 0.6333, "color": "ffffff00" },
					{ "time": 0.7333, "color": "ffffffff" },
					{ "time": 1, "color": "ffffff00" }
				]
			}
		},
		"bones": {
			"bone2": {
				"rotate": [
					{ "time": 0, "angle": 0, "curve": "stepped" },
					{ "time": 0.6333, "angle": 0 }
				],
				"translate": [
					{ "time": 0, "x": 0, "y": 0, "curve": "stepped" },
					{ "time": 0.6333, "x": 0, "y": 0 }
				],
				"scale": [
					{ "time": 0, "x": 0, "y": 0, "curve": "stepped" },
					{ "time": 0.6333, "x": 0, "y": 0 },
					{ "time": 0.7333, "x": 1, "y": 1 },
					{ "time": 1, "x": 1.4, "y": 1.4 },
					{ "time": 1.0333, "x": 0, "y": 0 }
				]
			},
			"bone": {
				"rotate": [
					{ "time": 0, "angle": 0 },
					{ "time": 0.6333, "angle": 70.96 },
					{ "time": 0.6666, "angle": 0 },
					{
						"time": 0.7333,
						"angle": 2.29,
						"curve": [ 0.25, 0, 0.75, 1 ]
					},
					{ "time": 0.9666, "angle": 0, "curve": "stepped" },
					{ "time": 1.1666, "angle": 0, "curve": "stepped" },
					{ "time": 1.3333, "angle": 0, "curve": "stepped" },
					{ "time": 1.5, "angle": 0, "curve": "stepped" },
					{ "time": 1.6666, "angle": 0 }
				],
				"translate": [
					{ "time": 0, "x": 0, "y": 11.72 },
					{ "time": 0.6333, "x": -15.78, "y": 23.9 },
					{ "time": 0.6666, "x": 0, "y": 0.9, "curve": "stepped" },
					{ "time": 0.7333, "x": 0, "y": 0.9, "curve": "stepped" },
					{ "time": 0.9666, "x": 0, "y": 0.9 },
					{ "time": 1.1666, "x": 0, "y": 1.79 },
					{ "time": 1.3333, "x": 0, "y": 5.37 },
					{ "time": 1.5, "x": 0, "y": 9.26 },
					{ "time": 1.6666, "x": 0, "y": 11.72 }
				],
				"scale": [
					{ "time": 0, "x": 0.883, "y": 0.883 },
					{ "time": 0.6333, "x": 1, "y": 1, "curve": "stepped" },
					{ "time": 0.6666, "x": 1, "y": 1, "curve": "stepped" },
					{ "time": 0.7333, "x": 1, "y": 1, "curve": "stepped" },
					{ "time": 0.9666, "x": 1, "y": 1, "curve": "stepped" },
					{ "time": 1.1666, "x": 1, "y": 1, "curve": "stepped" },
					{ "time": 1.3333, "x": 1, "y": 1, "curve": "stepped" },
					{ "time": 1.5, "x": 1, "y": 1, "curve": "stepped" },
					{ "time": 1.6666, "x": 1, "y": 1 }
				]
			},
			"root": {
				"translate": [
					{ "time": 0, "x": 17.06, "y": -1.85 }
				],
				"scale": [
					{ "time": 0, "x": 1.164, "y": 1.164 }
				]
			}
		},
		"ffd": {
			"default": {
				"c02_": {
					"c02_": [
						{
							"time": 0,
							"vertices": [ 0.27615, 5.39754, 8.86515, -4.00263, -0.91868, -12.9422, -9.50769, -3.54203 ]
						}
					]
				},
				"d03_": {
					"d03_": [
						{
							"time": 0,
							"vertices": [ -12.6328, 5.6756, 12.6328, 5.6756, 12.6328, -5.6756, -12.6328, -5.6756 ]
						}
					]
				}
			}
		}
	}
}
}