{
"skeleton": { "hash": "S+JdyP9tDqYvZEf1yh59O1r6ag4", "spine": "3.7.94", "width": 0, "height": 0, "images": "./images/", "audio": "F:/COK项目/Spine工程/城堡皮肤—3色水元素Spine/水元素—绿色/水元素绿色_group/skin_sys_Green_A" },
"bones": [
	{ "name": "root" },
	{ "name": "ctr", "parent": "root", "scaleX": 1.25, "scaleY": 1.25 },
	{ "name": "skinsysGreen_UL_", "parent": "ctr" },
	{ "name": "skinsysGreen_UR_", "parent": "ctr" },
	{ "name": "skinsysGreen_DL_", "parent": "ctr" },
	{ "name": "skinsysGreen_DR_", "parent": "ctr" }
],
"slots": [
	{ "name": "skinsysGreen_UL_", "bone": "skinsysGreen_UL_" },
	{ "name": "skinsysGreen_UR_", "bone": "skinsysGreen_UR_" },
	{ "name": "skinsysGreen_DL_", "bone": "skinsysGreen_DL_" },
	{ "name": "skinsysGreen_DR_", "bone": "skinsysGreen_DR_" }
],
"skins": {
	"default": {
		"skinsysGreen_DL_": {
			"skinsysGreen_DL_0000_": { "x": -171.5, "y": -145.5, "width": 343, "height": 291 },
			"skinsysGreen_DL_0003_": { "x": -171.5, "y": -145.5, "width": 343, "height": 291 },
			"skinsysGreen_DL_0006_": { "x": -171.5, "y": -145.5, "width": 343, "height": 291 },
			"skinsysGreen_DL_0009_": { "x": -171.5, "y": -145.5, "width": 343, "height": 291 },
			"skinsysGreen_DL_0012_": { "x": -171.5, "y": -145.5, "width": 343, "height": 291 },
			"skinsysGreen_DL_0015_": { "x": -171.5, "y": -145.5, "width": 343, "height": 291 },
			"skinsysGreen_DL_0018_": { "x": -171.5, "y": -145.5, "width": 343, "height": 291 },
			"skinsysGreen_DL_0021_": { "x": -171.5, "y": -145.5, "width": 343, "height": 291 },
			"skinsysGreen_DL_0024_": { "x": -171.5, "y": -145.5, "width": 343, "height": 291 },
			"skinsysGreen_DL_0027_": { "x": -171.5, "y": -145.5, "width": 343, "height": 291 },
			"skinsysGreen_DL_0030_": { "x": -171.5, "y": -145.5, "width": 343, "height": 291 },
			"skinsysGreen_DL_0033_": { "x": -171.5, "y": -145.5, "width": 343, "height": 291 },
			"skinsysGreen_DL_0036_": { "x": -171.5, "y": -145.5, "width": 343, "height": 291 },
			"skinsysGreen_DL_0039_": { "x": -171.5, "y": -145.5, "width": 343, "height": 291 },
			"skinsysGreen_DL_0042_": { "x": -171.5, "y": -145.5, "width": 343, "height": 291 },
			"skinsysGreen_DL_0045_": { "x": -171.5, "y": -145.5, "width": 343, "height": 291 },
			"skinsysGreen_DL_0048_": { "x": -171.5, "y": -145.5, "width": 343, "height": 291 },
			"skinsysGreen_DL_0051_": { "x": -171.5, "y": -145.5, "width": 343, "height": 291 },
			"skinsysGreen_DL_0054_": { "x": -171.5, "y": -145.5, "width": 343, "height": 291 },
			"skinsysGreen_DL_0057_": { "x": -171.5, "y": -145.5, "width": 343, "height": 291 },
			"skinsysGreen_DL_0060_": { "x": -171.5, "y": -145.5, "width": 343, "height": 291 },
			"skinsysGreen_DL_0063_": { "x": -171.5, "y": -145.5, "width": 343, "height": 291 },
			"skinsysGreen_DL_0066_": { "x": -171.5, "y": -145.5, "width": 343, "height": 291 },
			"skinsysGreen_DL_0069_": { "x": -171.5, "y": -145.5, "width": 343, "height": 291 },
			"skinsysGreen_DL_0072_": { "x": -171.5, "y": -145.5, "width": 343, "height": 291 },
			"skinsysGreen_DL_0075_": { "x": -171.5, "y": -145.5, "width": 343, "height": 291 },
			"skinsysGreen_DL_0078_": { "x": -171.5, "y": -145.5, "width": 343, "height": 291 },
			"skinsysGreen_DL_0081_": { "x": -171.5, "y": -145.5, "width": 343, "height": 291 },
			"skinsysGreen_DL_0084_": { "x": -171.5, "y": -145.5, "width": 343, "height": 291 },
			"skinsysGreen_DL_0087_": { "x": -171.5, "y": -145.5, "width": 343, "height": 291 },
			"skinsysGreen_DL_0090_": { "x": -171.5, "y": -145.5, "width": 343, "height": 291 },
			"skinsysGreen_DL_0093_": { "x": -171.5, "y": -145.5, "width": 343, "height": 291 },
			"skinsysGreen_DL_0096_": { "x": -171.5, "y": -145.5, "width": 343, "height": 291 },
			"skinsysGreen_DL_0099_": { "x": -171.5, "y": -145.5, "width": 343, "height": 291 },
			"skinsysGreen_DL_0102_": { "x": -171.5, "y": -145.5, "width": 343, "height": 291 },
			"skinsysGreen_DL_0105_": { "x": -171.5, "y": -145.5, "width": 343, "height": 291 },
			"skinsysGreen_DL_0108_": { "x": -171.5, "y": -145.5, "width": 343, "height": 291 },
			"skinsysGreen_DL_0111_": { "x": -171.5, "y": -145.5, "width": 343, "height": 291 }
		},
		"skinsysGreen_DR_": {
			"skinsysGreen_DR_0000_": { "x": 148.5, "y": -145.5, "width": 297, "height": 291 },
			"skinsysGreen_DR_0003_": { "x": 148.5, "y": -145.5, "width": 297, "height": 291 },
			"skinsysGreen_DR_0006_": { "x": 148.5, "y": -145.5, "width": 297, "height": 291 },
			"skinsysGreen_DR_0009_": { "x": 148.5, "y": -145.5, "width": 297, "height": 291 },
			"skinsysGreen_DR_0012_": { "x": 148.5, "y": -145.5, "width": 297, "height": 291 },
			"skinsysGreen_DR_0015_": { "x": 148.5, "y": -145.5, "width": 297, "height": 291 },
			"skinsysGreen_DR_0018_": { "x": 148.5, "y": -145.5, "width": 297, "height": 291 },
			"skinsysGreen_DR_0021_": { "x": 148.5, "y": -145.5, "width": 297, "height": 291 },
			"skinsysGreen_DR_0024_": { "x": 148.5, "y": -145.5, "width": 297, "height": 291 },
			"skinsysGreen_DR_0027_": { "x": 148.5, "y": -145.5, "width": 297, "height": 291 },
			"skinsysGreen_DR_0030_": { "x": 148.5, "y": -145.5, "width": 297, "height": 291 },
			"skinsysGreen_DR_0033_": { "x": 148.5, "y": -145.5, "width": 297, "height": 291 },
			"skinsysGreen_DR_0036_": { "x": 148.5, "y": -145.5, "width": 297, "height": 291 },
			"skinsysGreen_DR_0039_": { "x": 148.5, "y": -145.5, "width": 297, "height": 291 },
			"skinsysGreen_DR_0042_": { "x": 148.5, "y": -145.5, "width": 297, "height": 291 },
			"skinsysGreen_DR_0045_": { "x": 148.5, "y": -145.5, "width": 297, "height": 291 },
			"skinsysGreen_DR_0048_": { "x": 148.5, "y": -145.5, "width": 297, "height": 291 },
			"skinsysGreen_DR_0051_": { "x": 148.5, "y": -145.5, "width": 297, "height": 291 },
			"skinsysGreen_DR_0054_": { "x": 148.5, "y": -145.5, "width": 297, "height": 291 },
			"skinsysGreen_DR_0057_": { "x": 148.5, "y": -145.5, "width": 297, "height": 291 },
			"skinsysGreen_DR_0060_": { "x": 148.5, "y": -145.5, "width": 297, "height": 291 },
			"skinsysGreen_DR_0063_": { "x": 148.5, "y": -145.5, "width": 297, "height": 291 },
			"skinsysGreen_DR_0066_": { "x": 148.5, "y": -145.5, "width": 297, "height": 291 },
			"skinsysGreen_DR_0069_": { "x": 148.5, "y": -145.5, "width": 297, "height": 291 },
			"skinsysGreen_DR_0072_": { "x": 148.5, "y": -145.5, "width": 297, "height": 291 },
			"skinsysGreen_DR_0075_": { "x": 148.5, "y": -145.5, "width": 297, "height": 291 },
			"skinsysGreen_DR_0078_": { "x": 148.5, "y": -145.5, "width": 297, "height": 291 },
			"skinsysGreen_DR_0081_": { "x": 148.5, "y": -145.5, "width": 297, "height": 291 },
			"skinsysGreen_DR_0084_": { "x": 148.5, "y": -145.5, "width": 297, "height": 291 },
			"skinsysGreen_DR_0087_": { "x": 148.5, "y": -145.5, "width": 297, "height": 291 },
			"skinsysGreen_DR_0090_": { "x": 148.5, "y": -145.5, "width": 297, "height": 291 },
			"skinsysGreen_DR_0093_": { "x": 148.5, "y": -145.5, "width": 297, "height": 291 },
			"skinsysGreen_DR_0096_": { "x": 148.5, "y": -145.5, "width": 297, "height": 291 },
			"skinsysGreen_DR_0099_": { "x": 148.5, "y": -145.5, "width": 297, "height": 291 },
			"skinsysGreen_DR_0102_": { "x": 148.5, "y": -145.5, "width": 297, "height": 291 },
			"skinsysGreen_DR_0105_": { "x": 148.5, "y": -145.5, "width": 297, "height": 291 },
			"skinsysGreen_DR_0108_": { "x": 148.5, "y": -145.5, "width": 297, "height": 291 },
			"skinsysGreen_DR_0111_": { "x": 148.5, "y": -145.5, "width": 297, "height": 291 }
		},
		"skinsysGreen_UL_": {
			"skinsysGreen_UL_0000_": { "x": -171.5, "y": 174.5, "width": 343, "height": 349 },
			"skinsysGreen_UL_0003_": { "x": -171.5, "y": 174.5, "width": 343, "height": 349 },
			"skinsysGreen_UL_0006_": { "x": -171.5, "y": 174.5, "width": 343, "height": 349 },
			"skinsysGreen_UL_0009_": { "x": -171.5, "y": 174.5, "width": 343, "height": 349 },
			"skinsysGreen_UL_0012_": { "x": -171.5, "y": 174.5, "width": 343, "height": 349 },
			"skinsysGreen_UL_0015_": { "x": -171.5, "y": 174.5, "width": 343, "height": 349 },
			"skinsysGreen_UL_0018_": { "x": -171.5, "y": 174.5, "width": 343, "height": 349 },
			"skinsysGreen_UL_0021_": { "x": -171.5, "y": 174.5, "width": 343, "height": 349 },
			"skinsysGreen_UL_0024_": { "x": -171.5, "y": 174.5, "width": 343, "height": 349 },
			"skinsysGreen_UL_0027_": { "x": -171.5, "y": 174.5, "width": 343, "height": 349 },
			"skinsysGreen_UL_0030_": { "x": -171.5, "y": 174.5, "width": 343, "height": 349 },
			"skinsysGreen_UL_0033_": { "x": -171.5, "y": 174.5, "width": 343, "height": 349 },
			"skinsysGreen_UL_0036_": { "x": -171.5, "y": 174.5, "width": 343, "height": 349 },
			"skinsysGreen_UL_0039_": { "x": -171.5, "y": 174.5, "width": 343, "height": 349 },
			"skinsysGreen_UL_0042_": { "x": -171.5, "y": 174.5, "width": 343, "height": 349 },
			"skinsysGreen_UL_0045_": { "x": -171.5, "y": 174.5, "width": 343, "height": 349 },
			"skinsysGreen_UL_0048_": { "x": -171.5, "y": 174.5, "width": 343, "height": 349 },
			"skinsysGreen_UL_0051_": { "x": -171.5, "y": 174.5, "width": 343, "height": 349 },
			"skinsysGreen_UL_0054_": { "x": -171.5, "y": 174.5, "width": 343, "height": 349 },
			"skinsysGreen_UL_0057_": { "x": -171.5, "y": 174.5, "width": 343, "height": 349 },
			"skinsysGreen_UL_0060_": { "x": -171.5, "y": 174.5, "width": 343, "height": 349 },
			"skinsysGreen_UL_0063_": { "x": -171.5, "y": 174.5, "width": 343, "height": 349 },
			"skinsysGreen_UL_0066_": { "x": -171.5, "y": 174.5, "width": 343, "height": 349 },
			"skinsysGreen_UL_0069_": { "x": -171.5, "y": 174.5, "width": 343, "height": 349 },
			"skinsysGreen_UL_0072_": { "x": -171.5, "y": 174.5, "width": 343, "height": 349 },
			"skinsysGreen_UL_0075_": { "x": -171.5, "y": 174.5, "width": 343, "height": 349 },
			"skinsysGreen_UL_0078_": { "x": -171.5, "y": 174.5, "width": 343, "height": 349 },
			"skinsysGreen_UL_0081_": { "x": -171.5, "y": 174.5, "width": 343, "height": 349 },
			"skinsysGreen_UL_0084_": { "x": -171.5, "y": 174.5, "width": 343, "height": 349 },
			"skinsysGreen_UL_0087_": { "x": -171.5, "y": 174.5, "width": 343, "height": 349 },
			"skinsysGreen_UL_0090_": { "x": -171.5, "y": 174.5, "width": 343, "height": 349 },
			"skinsysGreen_UL_0093_": { "x": -171.5, "y": 174.5, "width": 343, "height": 349 },
			"skinsysGreen_UL_0096_": { "x": -171.5, "y": 174.5, "width": 343, "height": 349 },
			"skinsysGreen_UL_0099_": { "x": -171.5, "y": 174.5, "width": 343, "height": 349 },
			"skinsysGreen_UL_0102_": { "x": -171.5, "y": 174.5, "width": 343, "height": 349 },
			"skinsysGreen_UL_0105_": { "x": -171.5, "y": 174.5, "width": 343, "height": 349 },
			"skinsysGreen_UL_0108_": { "x": -171.5, "y": 174.5, "width": 343, "height": 349 },
			"skinsysGreen_UL_0111_": { "x": -171.5, "y": 174.5, "width": 343, "height": 349 }
		},
		"skinsysGreen_UR_": {
			"skinsysGreen_UR_0000_": { "x": 148.5, "y": 174.5, "width": 297, "height": 349 },
			"skinsysGreen_UR_0003_": { "x": 148.5, "y": 174.5, "width": 297, "height": 349 },
			"skinsysGreen_UR_0006_": { "x": 148.5, "y": 174.5, "width": 297, "height": 349 },
			"skinsysGreen_UR_0009_": { "x": 148.5, "y": 174.5, "width": 297, "height": 349 },
			"skinsysGreen_UR_0012_": { "x": 148.5, "y": 174.5, "width": 297, "height": 349 },
			"skinsysGreen_UR_0015_": { "x": 148.5, "y": 174.5, "width": 297, "height": 349 },
			"skinsysGreen_UR_0018_": { "x": 148.5, "y": 174.5, "width": 297, "height": 349 },
			"skinsysGreen_UR_0021_": { "x": 148.5, "y": 174.5, "width": 297, "height": 349 },
			"skinsysGreen_UR_0024_": { "x": 148.5, "y": 174.5, "width": 297, "height": 349 },
			"skinsysGreen_UR_0027_": { "x": 148.5, "y": 174.5, "width": 297, "height": 349 },
			"skinsysGreen_UR_0030_": { "x": 148.5, "y": 174.5, "width": 297, "height": 349 },
			"skinsysGreen_UR_0033_": { "x": 148.5, "y": 174.5, "width": 297, "height": 349 },
			"skinsysGreen_UR_0036_": { "x": 148.5, "y": 174.5, "width": 297, "height": 349 },
			"skinsysGreen_UR_0039_": { "x": 148.5, "y": 174.5, "width": 297, "height": 349 },
			"skinsysGreen_UR_0042_": { "x": 148.5, "y": 174.5, "width": 297, "height": 349 },
			"skinsysGreen_UR_0045_": { "x": 148.5, "y": 174.5, "width": 297, "height": 349 },
			"skinsysGreen_UR_0048_": { "x": 148.5, "y": 174.5, "width": 297, "height": 349 },
			"skinsysGreen_UR_0051_": { "x": 148.5, "y": 174.5, "width": 297, "height": 349 },
			"skinsysGreen_UR_0054_": { "x": 148.5, "y": 174.5, "width": 297, "height": 349 },
			"skinsysGreen_UR_0057_": { "x": 148.5, "y": 174.5, "width": 297, "height": 349 },
			"skinsysGreen_UR_0060_": { "x": 148.5, "y": 174.5, "width": 297, "height": 349 },
			"skinsysGreen_UR_0063_": { "x": 148.5, "y": 174.5, "width": 297, "height": 349 },
			"skinsysGreen_UR_0066_": { "x": 148.5, "y": 174.5, "width": 297, "height": 349 },
			"skinsysGreen_UR_0069_": { "x": 148.5, "y": 174.5, "width": 297, "height": 349 },
			"skinsysGreen_UR_0072_": { "x": 148.5, "y": 174.5, "width": 297, "height": 349 },
			"skinsysGreen_UR_0075_": { "x": 148.5, "y": 174.5, "width": 297, "height": 349 },
			"skinsysGreen_UR_0078_": { "x": 148.5, "y": 174.5, "width": 297, "height": 349 },
			"skinsysGreen_UR_0081_": { "x": 148.5, "y": 174.5, "width": 297, "height": 349 },
			"skinsysGreen_UR_0084_": { "x": 148.5, "y": 174.5, "width": 297, "height": 349 },
			"skinsysGreen_UR_0087_": { "x": 148.5, "y": 174.5, "width": 297, "height": 349 },
			"skinsysGreen_UR_0090_": { "x": 148.5, "y": 174.5, "width": 297, "height": 349 },
			"skinsysGreen_UR_0093_": { "x": 148.5, "y": 174.5, "width": 297, "height": 349 },
			"skinsysGreen_UR_0096_": { "x": 148.5, "y": 174.5, "width": 297, "height": 349 },
			"skinsysGreen_UR_0099_": { "x": 148.5, "y": 174.5, "width": 297, "height": 349 },
			"skinsysGreen_UR_0102_": { "x": 148.5, "y": 174.5, "width": 297, "height": 349 },
			"skinsysGreen_UR_0105_": { "x": 148.5, "y": 174.5, "width": 297, "height": 349 },
			"skinsysGreen_UR_0108_": { "x": 148.5, "y": 174.5, "width": 297, "height": 349 },
			"skinsysGreen_UR_0111_": { "x": 148.5, "y": 174.5, "width": 297, "height": 349 }
		}
	}
},
"animations": {
	"animation": {
		"slots": {
			"skinsysGreen_DL_": {
				"attachment": [
					{ "time": 0, "name": "skinsysGreen_DL_0000_" },
					{ "time": 0.1, "name": "skinsysGreen_DL_0003_" },
					{ "time": 0.2, "name": "skinsysGreen_DL_0006_" },
					{ "time": 0.3, "name": "skinsysGreen_DL_0009_" },
					{ "time": 0.4, "name": "skinsysGreen_DL_0012_" },
					{ "time": 0.5, "name": "skinsysGreen_DL_0015_" },
					{ "time": 0.6, "name": "skinsysGreen_DL_0018_" },
					{ "time": 0.7, "name": "skinsysGreen_DL_0021_" },
					{ "time": 0.8, "name": "skinsysGreen_DL_0024_" },
					{ "time": 0.9, "name": "skinsysGreen_DL_0027_" },
					{ "time": 1, "name": "skinsysGreen_DL_0030_" },
					{ "time": 1.1, "name": "skinsysGreen_DL_0033_" },
					{ "time": 1.2, "name": "skinsysGreen_DL_0036_" },
					{ "time": 1.3, "name": "skinsysGreen_DL_0039_" },
					{ "time": 1.4, "name": "skinsysGreen_DL_0042_" },
					{ "time": 1.5, "name": "skinsysGreen_DL_0045_" },
					{ "time": 1.6, "name": "skinsysGreen_DL_0048_" },
					{ "time": 1.7, "name": "skinsysGreen_DL_0051_" },
					{ "time": 1.8, "name": "skinsysGreen_DL_0054_" },
					{ "time": 1.9, "name": "skinsysGreen_DL_0057_" },
					{ "time": 2, "name": "skinsysGreen_DL_0060_" },
					{ "time": 2.1, "name": "skinsysGreen_DL_0063_" },
					{ "time": 2.2, "name": "skinsysGreen_DL_0066_" },
					{ "time": 2.3, "name": "skinsysGreen_DL_0069_" },
					{ "time": 2.4, "name": "skinsysGreen_DL_0072_" },
					{ "time": 2.5, "name": "skinsysGreen_DL_0075_" },
					{ "time": 2.6, "name": "skinsysGreen_DL_0078_" },
					{ "time": 2.7, "name": "skinsysGreen_DL_0081_" },
					{ "time": 2.8, "name": "skinsysGreen_DL_0084_" },
					{ "time": 2.9, "name": "skinsysGreen_DL_0087_" },
					{ "time": 3, "name": "skinsysGreen_DL_0090_" },
					{ "time": 3.1, "name": "skinsysGreen_DL_0093_" },
					{ "time": 3.2, "name": "skinsysGreen_DL_0096_" },
					{ "time": 3.3, "name": "skinsysGreen_DL_0099_" },
					{ "time": 3.4, "name": "skinsysGreen_DL_0102_" },
					{ "time": 3.5, "name": "skinsysGreen_DL_0105_" },
					{ "time": 3.6, "name": "skinsysGreen_DL_0108_" },
					{ "time": 3.7, "name": "skinsysGreen_DL_0111_" },
					{ "time": 3.8, "name": null },
					{ "time": 7.1, "name": null }
				]
			},
			"skinsysGreen_DR_": {
				"attachment": [
					{ "time": 0, "name": "skinsysGreen_DR_0000_" },
					{ "time": 0.1, "name": "skinsysGreen_DR_0003_" },
					{ "time": 0.2, "name": "skinsysGreen_DR_0006_" },
					{ "time": 0.3, "name": "skinsysGreen_DR_0009_" },
					{ "time": 0.4, "name": "skinsysGreen_DR_0012_" },
					{ "time": 0.5, "name": "skinsysGreen_DR_0015_" },
					{ "time": 0.6, "name": "skinsysGreen_DR_0018_" },
					{ "time": 0.7, "name": "skinsysGreen_DR_0021_" },
					{ "time": 0.8, "name": "skinsysGreen_DR_0024_" },
					{ "time": 0.9, "name": "skinsysGreen_DR_0027_" },
					{ "time": 1, "name": "skinsysGreen_DR_0030_" },
					{ "time": 1.1, "name": "skinsysGreen_DR_0033_" },
					{ "time": 1.2, "name": "skinsysGreen_DR_0036_" },
					{ "time": 1.3, "name": "skinsysGreen_DR_0039_" },
					{ "time": 1.4, "name": "skinsysGreen_DR_0042_" },
					{ "time": 1.5, "name": "skinsysGreen_DR_0045_" },
					{ "time": 1.6, "name": "skinsysGreen_DR_0048_" },
					{ "time": 1.7, "name": "skinsysGreen_DR_0051_" },
					{ "time": 1.8, "name": "skinsysGreen_DR_0054_" },
					{ "time": 1.9, "name": "skinsysGreen_DR_0057_" },
					{ "time": 2, "name": "skinsysGreen_DR_0060_" },
					{ "time": 2.1, "name": "skinsysGreen_DR_0063_" },
					{ "time": 2.2, "name": "skinsysGreen_DR_0066_" },
					{ "time": 2.3, "name": "skinsysGreen_DR_0069_" },
					{ "time": 2.4, "name": "skinsysGreen_DR_0072_" },
					{ "time": 2.5, "name": "skinsysGreen_DR_0075_" },
					{ "time": 2.6, "name": "skinsysGreen_DR_0078_" },
					{ "time": 2.7, "name": "skinsysGreen_DR_0081_" },
					{ "time": 2.8, "name": "skinsysGreen_DR_0084_" },
					{ "time": 2.9, "name": "skinsysGreen_DR_0087_" },
					{ "time": 3, "name": "skinsysGreen_DR_0090_" },
					{ "time": 3.1, "name": "skinsysGreen_DR_0093_" },
					{ "time": 3.2, "name": "skinsysGreen_DR_0096_" },
					{ "time": 3.3, "name": "skinsysGreen_DR_0099_" },
					{ "time": 3.4, "name": "skinsysGreen_DR_0102_" },
					{ "time": 3.5, "name": "skinsysGreen_DR_0105_" },
					{ "time": 3.6, "name": "skinsysGreen_DR_0108_" },
					{ "time": 3.7, "name": "skinsysGreen_DR_0111_" },
					{ "time": 3.8, "name": null },
					{ "time": 7.1, "name": null }
				]
			},
			"skinsysGreen_UL_": {
				"attachment": [
					{ "time": 0, "name": "skinsysGreen_UL_0000_" },
					{ "time": 0.1, "name": "skinsysGreen_UL_0003_" },
					{ "time": 0.2, "name": "skinsysGreen_UL_0006_" },
					{ "time": 0.3, "name": "skinsysGreen_UL_0009_" },
					{ "time": 0.4, "name": "skinsysGreen_UL_0012_" },
					{ "time": 0.5, "name": "skinsysGreen_UL_0015_" },
					{ "time": 0.6, "name": "skinsysGreen_UL_0018_" },
					{ "time": 0.7, "name": "skinsysGreen_UL_0021_" },
					{ "time": 0.8, "name": "skinsysGreen_UL_0024_" },
					{ "time": 0.9, "name": "skinsysGreen_UL_0027_" },
					{ "time": 1, "name": "skinsysGreen_UL_0030_" },
					{ "time": 1.1, "name": "skinsysGreen_UL_0033_" },
					{ "time": 1.2, "name": "skinsysGreen_UL_0036_" },
					{ "time": 1.3, "name": "skinsysGreen_UL_0039_" },
					{ "time": 1.4, "name": "skinsysGreen_UL_0042_" },
					{ "time": 1.5, "name": "skinsysGreen_UL_0045_" },
					{ "time": 1.6, "name": "skinsysGreen_UL_0048_" },
					{ "time": 1.7, "name": "skinsysGreen_UL_0051_" },
					{ "time": 1.8, "name": "skinsysGreen_UL_0054_" },
					{ "time": 1.9, "name": "skinsysGreen_UL_0057_" },
					{ "time": 2, "name": "skinsysGreen_UL_0060_" },
					{ "time": 2.1, "name": "skinsysGreen_UL_0063_" },
					{ "time": 2.2, "name": "skinsysGreen_UL_0066_" },
					{ "time": 2.3, "name": "skinsysGreen_UL_0069_" },
					{ "time": 2.4, "name": "skinsysGreen_UL_0072_" },
					{ "time": 2.5, "name": "skinsysGreen_UL_0075_" },
					{ "time": 2.6, "name": "skinsysGreen_UL_0078_" },
					{ "time": 2.7, "name": "skinsysGreen_UL_0081_" },
					{ "time": 2.8, "name": "skinsysGreen_UL_0084_" },
					{ "time": 2.9, "name": "skinsysGreen_UL_0087_" },
					{ "time": 3, "name": "skinsysGreen_UL_0090_" },
					{ "time": 3.1, "name": "skinsysGreen_UL_0093_" },
					{ "time": 3.2, "name": "skinsysGreen_UL_0096_" },
					{ "time": 3.3, "name": "skinsysGreen_UL_0099_" },
					{ "time": 3.4, "name": "skinsysGreen_UL_0102_" },
					{ "time": 3.5, "name": "skinsysGreen_UL_0105_" },
					{ "time": 3.6, "name": "skinsysGreen_UL_0108_" },
					{ "time": 3.7, "name": "skinsysGreen_UL_0111_" },
					{ "time": 3.8, "name": null },
					{ "time": 7.1, "name": null }
				]
			},
			"skinsysGreen_UR_": {
				"attachment": [
					{ "time": 0, "name": "skinsysGreen_UR_0000_" },
					{ "time": 0.1, "name": "skinsysGreen_UR_0003_" },
					{ "time": 0.2, "name": "skinsysGreen_UR_0006_" },
					{ "time": 0.3, "name": "skinsysGreen_UR_0009_" },
					{ "time": 0.4, "name": "skinsysGreen_UR_0012_" },
					{ "time": 0.5, "name": "skinsysGreen_UR_0015_" },
					{ "time": 0.6, "name": "skinsysGreen_UR_0018_" },
					{ "time": 0.7, "name": "skinsysGreen_UR_0021_" },
					{ "time": 0.8, "name": "skinsysGreen_UR_0024_" },
					{ "time": 0.9, "name": "skinsysGreen_UR_0027_" },
					{ "time": 1, "name": "skinsysGreen_UR_0030_" },
					{ "time": 1.1, "name": "skinsysGreen_UR_0033_" },
					{ "time": 1.2, "name": "skinsysGreen_UR_0036_" },
					{ "time": 1.3, "name": "skinsysGreen_UR_0039_" },
					{ "time": 1.4, "name": "skinsysGreen_UR_0042_" },
					{ "time": 1.5, "name": "skinsysGreen_UR_0045_" },
					{ "time": 1.6, "name": "skinsysGreen_UR_0048_" },
					{ "time": 1.7, "name": "skinsysGreen_UR_0051_" },
					{ "time": 1.8, "name": "skinsysGreen_UR_0054_" },
					{ "time": 1.9, "name": "skinsysGreen_UR_0057_" },
					{ "time": 2, "name": "skinsysGreen_UR_0060_" },
					{ "time": 2.1, "name": "skinsysGreen_UR_0063_" },
					{ "time": 2.2, "name": "skinsysGreen_UR_0066_" },
					{ "time": 2.3, "name": "skinsysGreen_UR_0069_" },
					{ "time": 2.4, "name": "skinsysGreen_UR_0072_" },
					{ "time": 2.5, "name": "skinsysGreen_UR_0075_" },
					{ "time": 2.6, "name": "skinsysGreen_UR_0078_" },
					{ "time": 2.7, "name": "skinsysGreen_UR_0081_" },
					{ "time": 2.8, "name": "skinsysGreen_UR_0084_" },
					{ "time": 2.9, "name": "skinsysGreen_UR_0087_" },
					{ "time": 3, "name": "skinsysGreen_UR_0090_" },
					{ "time": 3.1, "name": "skinsysGreen_UR_0093_" },
					{ "time": 3.2, "name": "skinsysGreen_UR_0096_" },
					{ "time": 3.3, "name": "skinsysGreen_UR_0099_" },
					{ "time": 3.4, "name": "skinsysGreen_UR_0102_" },
					{ "time": 3.5, "name": "skinsysGreen_UR_0105_" },
					{ "time": 3.6, "name": "skinsysGreen_UR_0108_" },
					{ "time": 3.7, "name": "skinsysGreen_UR_0111_" },
					{ "time": 3.8, "name": null },
					{ "time": 7.1, "name": null }
				]
			}
		},
		"bones": {
			"ctr": {
				"translate": [
					{ "time": 0, "x": 0, "y": 85 }
				]
			}
		}
	}
}
}