{"skeleton":{"hash":"QVmxoK/rEkkhcvmkpuc2RIP9i64","spine":"3.7.94","width":0,"height":0,"images":"./images/","audio":"D:/COK项目/Spine工程/皮肤—新飞艇"},"bones":[{"name":"root"},{"name":"01","parent":"root","x":-0.51},{"name":"cloud_","parent":"root","scaleX":2,"scaleY":2},{"name":"liuguang_","parent":"01","x":0.51,"scaleX":2,"scaleY":2}],"slots":[{"name":"liuguang_","bone":"liuguang_","blend":"additive"},{"name":"cloud_","bone":"cloud_"}],"skins":{"default":{"cloud_":{"cloud_00_":{"width":360,"height":300},"cloud_02_":{"width":360,"height":300},"cloud_04_":{"width":360,"height":300},"cloud_06_":{"width":360,"height":300},"cloud_08_":{"width":360,"height":300},"cloud_10_":{"width":360,"height":300},"cloud_12_":{"width":360,"height":300},"cloud_14_":{"width":360,"height":300},"cloud_16_":{"width":360,"height":300},"cloud_18_":{"width":360,"height":300},"cloud_20_":{"width":360,"height":300},"cloud_22_":{"width":360,"height":300},"cloud_24_":{"width":360,"height":300},"cloud_26_":{"width":360,"height":300},"cloud_28_":{"width":360,"height":300},"cloud_30_":{"width":360,"height":300},"cloud_32_":{"width":360,"height":300},"cloud_34_":{"width":360,"height":300},"cloud_36_":{"width":360,"height":300},"cloud_38_":{"width":360,"height":300},"cloud_40_":{"width":360,"height":300},"cloud_42_":{"width":360,"height":300},"cloud_44_":{"width":360,"height":300},"cloud_46_":{"width":360,"height":300},"cloud_48_":{"width":360,"height":300},"cloud_50_":{"width":360,"height":300},"cloud_52_":{"width":360,"height":300},"cloud_54_":{"width":360,"height":300},"cloud_56_":{"width":360,"height":300},"cloud_58_":{"width":360,"height":300}},"liuguang_":{"liuguang_00_":{"width":360,"height":300},"liuguang_02_":{"width":360,"height":300},"liuguang_04_":{"width":360,"height":300},"liuguang_06_":{"width":360,"height":300},"liuguang_08_":{"width":360,"height":300},"liuguang_10_":{"width":360,"height":300},"liuguang_12_":{"width":360,"height":300},"liuguang_14_":{"width":360,"height":300},"liuguang_16_":{"width":360,"height":300},"liuguang_18_":{"width":360,"height":300},"liuguang_20_":{"width":360,"height":300},"liuguang_22_":{"width":360,"height":300},"liuguang_24_":{"width":360,"height":300},"liuguang_26_":{"width":360,"height":300},"liuguang_28_":{"width":360,"height":300},"liuguang_30_":{"width":360,"height":300},"liuguang_32_":{"width":360,"height":300},"liuguang_34_":{"width":360,"height":300},"liuguang_36_":{"width":360,"height":300},"liuguang_38_":{"width":360,"height":300},"liuguang_40_":{"width":360,"height":300},"liuguang_42_":{"width":360,"height":300},"liuguang_44_":{"width":360,"height":300},"liuguang_46_":{"width":360,"height":300},"liuguang_48_":{"width":360,"height":300},"liuguang_50_":{"width":360,"height":300},"liuguang_52_":{"width":360,"height":300},"liuguang_54_":{"width":360,"height":300},"liuguang_56_":{"width":360,"height":300},"liuguang_58_":{"width":360,"height":300}}}},"animations":{"fx_idle":{"slots":{"cloud_":{"attachment":[{"time":0,"name":"cloud_00_"},{"time":0.0667,"name":"cloud_02_"},{"time":0.1333,"name":"cloud_04_"},{"time":0.2,"name":"cloud_06_"},{"time":0.2667,"name":"cloud_08_"},{"time":0.3333,"name":"cloud_10_"},{"time":0.4,"name":"cloud_12_"},{"time":0.4667,"name":"cloud_14_"},{"time":0.5333,"name":"cloud_16_"},{"time":0.6,"name":"cloud_18_"},{"time":0.6667,"name":"cloud_20_"},{"time":0.7333,"name":"cloud_22_"},{"time":0.8,"name":"cloud_24_"},{"time":0.8667,"name":"cloud_26_"},{"time":0.9333,"name":"cloud_28_"},{"time":1,"name":"cloud_30_"},{"time":1.0667,"name":"cloud_32_"},{"time":1.1333,"name":"cloud_34_"},{"time":1.2,"name":"cloud_36_"},{"time":1.2667,"name":"cloud_38_"},{"time":1.3333,"name":"cloud_40_"},{"time":1.4,"name":"cloud_42_"},{"time":1.4667,"name":"cloud_44_"},{"time":1.5333,"name":"cloud_46_"},{"time":1.6,"name":"cloud_48_"},{"time":1.6667,"name":"cloud_50_"},{"time":1.7333,"name":"cloud_52_"},{"time":1.8,"name":"cloud_54_"},{"time":1.8667,"name":"cloud_56_"},{"time":1.9333,"name":"cloud_58_"},{"time":2,"name":null}]},"liuguang_":{"attachment":[{"time":0,"name":"liuguang_00_"},{"time":0.0667,"name":"liuguang_02_"},{"time":0.1333,"name":"liuguang_04_"},{"time":0.2,"name":"liuguang_06_"},{"time":0.2667,"name":"liuguang_08_"},{"time":0.3333,"name":"liuguang_10_"},{"time":0.4,"name":"liuguang_12_"},{"time":0.4667,"name":"liuguang_14_"},{"time":0.5333,"name":"liuguang_16_"},{"time":0.6,"name":"liuguang_18_"},{"time":0.6667,"name":"liuguang_20_"},{"time":0.7333,"name":"liuguang_22_"},{"time":0.8,"name":"liuguang_24_"},{"time":0.8667,"name":"liuguang_26_"},{"time":0.9333,"name":"liuguang_28_"},{"time":1,"name":"liuguang_30_"},{"time":1.0667,"name":"liuguang_32_"},{"time":1.1333,"name":"liuguang_34_"},{"time":1.2,"name":"liuguang_36_"},{"time":1.2667,"name":"liuguang_38_"},{"time":1.3333,"name":"liuguang_40_"},{"time":1.4,"name":"liuguang_42_"},{"time":1.4667,"name":"liuguang_44_"},{"time":1.5333,"name":"liuguang_46_"},{"time":1.6,"name":"liuguang_48_"},{"time":1.6667,"name":"liuguang_50_"},{"time":1.7333,"name":"liuguang_52_"},{"time":1.8,"name":"liuguang_54_"},{"time":1.8667,"name":"liuguang_56_"},{"time":1.9333,"name":"liuguang_58_"},{"time":2,"name":null}]}},"bones":{"01":{"translate":[{"time":0,"x":0,"y":0,"curve":[0.319,0.3,0.72,0.71]},{"time":1,"x":-5.41,"y":16.2,"curve":[0.25,0,0.75,1]},{"time":2,"x":0,"y":0}]},"cloud_":{"translate":[{"time":0,"x":-40,"y":100}]},"liuguang_":{"translate":[{"time":0,"x":-30.7,"y":81.72}]}}}}}