{"skeleton":{"hash":"4kfk97yK/H3l5ccKD8wMi+GQ1rE","spine":"3.7.94","width":0,"height":0,"images":"./images/","audio":"F:/COK项目/Spine工程/UI—嘉年华夺宝奇兵"},"bones":[{"name":"root"},{"name":"box_close","parent":"root"},{"name":"box_glow","parent":"root","y":94.02},{"name":"box_lizi","parent":"root"},{"name":"box_lizi2","parent":"root"},{"name":"box_open","parent":"root","x":0.67,"y":-1.24},{"name":"fangshe","parent":"root","x":-5.57,"y":113.86},{"name":"fangshe2","parent":"root","x":-5.57,"y":113.86},{"name":"juqi_1","parent":"root","scaleX":1.25,"scaleY":1.25},{"name":"juqi_2","parent":"root","scaleX":1.3,"scaleY":1.3},{"name":"juqi_3","parent":"root","scaleX":1.2,"scaleY":1.2},{"name":"lihua","parent":"root","scaleX":1.8,"scaleY":1.8},{"name":"line_","parent":"root","scaleX":1.25,"scaleY":1.25},{"name":"line_light_","parent":"root"},{"name":"ray_light02_","parent":"root","y":43.19},{"name":"tianguang","parent":"root","y":479.08,"scaleX":1.8,"scaleY":1.8},{"name":"box_down","parent":"box_close","y":33.25}],"slots":[{"name":"ray_light02_","bone":"ray_light02_","blend":"screen"},{"name":"box_glow","bone":"box_glow","blend":"additive"},{"name":"baoxiang_OD3","bone":"box_open"},{"name":"box_down","bone":"box_down"},{"name":"fangshe","bone":"fangshe","blend":"additive"},{"name":"fangshe2","bone":"fangshe2","blend":"additive"},{"name":"line_light_","bone":"line_light_","blend":"additive"},{"name":"box_lizi","bone":"box_lizi","blend":"additive"},{"name":"box_lizi2","bone":"box_lizi2","blend":"additive"},{"name":"juqi_1","bone":"juqi_1","blend":"additive"},{"name":"juqi_2","bone":"juqi_2","blend":"additive"},{"name":"juqi_3","bone":"juqi_3","blend":"additive"},{"name":"lihua","bone":"lihua","blend":"additive"},{"name":"tianguang","bone":"tianguang","blend":"additive"},{"name":"line_","bone":"line_","blend":"additive"}],"skins":{"default":{"baoxiang_OD3":{"box_open_":{"x":-0.94,"y":47.73,"scaleX":0.987,"width":117,"height":106}},"box_down":{"box_closed_":{"y":-15.5,"width":149,"height":105}},"box_glow":{"box_glow_":{"scaleX":1.5,"scaleY":1.5,"width":161,"height":161}},"box_lizi":{"box_lizi_00_":{"width":93,"height":64},"box_lizi_02_":{"width":93,"height":64},"box_lizi_04_":{"width":93,"height":64},"box_lizi_06_":{"width":93,"height":64},"box_lizi_08_":{"width":93,"height":64},"box_lizi_10_":{"width":93,"height":64},"box_lizi_12_":{"width":93,"height":64},"box_lizi_14_":{"width":93,"height":64},"box_lizi_16_":{"width":93,"height":64},"box_lizi_18_":{"width":93,"height":64},"box_lizi_20_":{"width":93,"height":64},"box_lizi_22_":{"width":93,"height":64},"box_lizi_24_":{"width":93,"height":64},"box_lizi_26_":{"width":93,"height":64},"box_lizi_28_":{"width":93,"height":64}},"box_lizi2":{"box_lizi_00_":{"width":93,"height":64},"box_lizi_02_":{"width":93,"height":64},"box_lizi_04_":{"width":93,"height":64},"box_lizi_06_":{"width":93,"height":64},"box_lizi_08_":{"width":93,"height":64},"box_lizi_10_":{"width":93,"height":64},"box_lizi_12_":{"width":93,"height":64},"box_lizi_14_":{"width":93,"height":64},"box_lizi_16_":{"width":93,"height":64},"box_lizi_18_":{"width":93,"height":64},"box_lizi_20_":{"width":93,"height":64},"box_lizi_22_":{"width":93,"height":64},"box_lizi_24_":{"width":93,"height":64},"box_lizi_26_":{"width":93,"height":64},"box_lizi_28_":{"width":93,"height":64}},"fangshe":{"ray_light_2":{"path":"ray_light_","x":4.32,"y":73.34,"width":210,"height":147}},"fangshe2":{"ray_light_2":{"path":"ray_light_","x":4.32,"y":73.79,"width":210,"height":147}},"juqi_1":{"juqi_01_":{"width":192,"height":192},"juqi_02_":{"width":192,"height":192},"juqi_03_":{"width":192,"height":192},"juqi_04_":{"width":192,"height":192},"juqi_05_":{"width":192,"height":192},"juqi_06_":{"width":192,"height":192},"juqi_07_":{"width":192,"height":192},"juqi_08_":{"width":192,"height":192},"juqi_09_":{"width":192,"height":192},"juqi_10_":{"width":192,"height":192},"juqi_11_":{"width":192,"height":192},"juqi_12_":{"width":192,"height":192}},"juqi_2":{"juqi_01_":{"width":192,"height":192},"juqi_02_":{"width":192,"height":192},"juqi_03_":{"width":192,"height":192},"juqi_04_":{"width":192,"height":192},"juqi_05_":{"width":192,"height":192},"juqi_06_":{"width":192,"height":192},"juqi_07_":{"width":192,"height":192},"juqi_08_":{"width":192,"height":192},"juqi_09_":{"width":192,"height":192},"juqi_10_":{"width":192,"height":192},"juqi_11_":{"width":192,"height":192},"juqi_12_":{"width":192,"height":192}},"juqi_3":{"juqi_01_":{"width":192,"height":192},"juqi_02_":{"width":192,"height":192},"juqi_03_":{"width":192,"height":192},"juqi_04_":{"width":192,"height":192},"juqi_05_":{"width":192,"height":192},"juqi_06_":{"width":192,"height":192},"juqi_07_":{"width":192,"height":192},"juqi_08_":{"width":192,"height":192},"juqi_09_":{"width":192,"height":192},"juqi_10_":{"width":192,"height":192},"juqi_11_":{"width":192,"height":192},"juqi_12_":{"width":192,"height":192}},"lihua":{"lihua_00_":{"width":120,"height":120},"lihua_04_":{"width":120,"height":120},"lihua_06_":{"width":120,"height":120},"lihua_08_":{"width":120,"height":120},"lihua_10_":{"width":120,"height":120},"lihua_12_":{"width":120,"height":120},"lihua_14_":{"width":120,"height":120},"lihua_16_":{"width":120,"height":120},"lihua_18_":{"width":120,"height":120},"lihua_20_":{"width":120,"height":120},"lihua_22_":{"width":120,"height":120},"lihua_24_":{"width":120,"height":120},"lihua_26_":{"width":120,"height":120},"lihua_28_":{"width":120,"height":120},"lihua_30_":{"width":120,"height":120},"lihua_32_":{"width":120,"height":120},"lihua_34_":{"width":120,"height":120},"lihua_36_":{"width":120,"height":120},"lihua_38_":{"width":120,"height":120},"lihua_40_":{"width":120,"height":120},"lihua_42_":{"width":120,"height":120},"lihua_44_":{"width":120,"height":120}},"line_":{"line_01_":{"width":128,"height":208},"line_03_":{"width":128,"height":208},"line_05_":{"width":128,"height":208},"line_07_":{"width":128,"height":208},"line_09_":{"width":128,"height":208},"line_11_":{"width":128,"height":208},"line_13_":{"width":128,"height":208},"line_15_":{"width":128,"height":208},"line_17_":{"width":128,"height":208},"line_19_":{"width":128,"height":208},"line_21_":{"width":128,"height":208},"line_23_":{"width":128,"height":208},"line_25_":{"width":128,"height":208},"line_27_":{"width":128,"height":208},"line_29_":{"width":128,"height":208},"line_31_":{"width":128,"height":208},"line_33_":{"width":128,"height":208},"line_35_":{"width":128,"height":208},"line_37_":{"width":128,"height":208},"line_39_":{"width":128,"height":208},"line_41_":{"width":128,"height":208},"line_43_":{"width":128,"height":208},"line_45_":{"width":128,"height":208},"line_47_":{"width":128,"height":208},"line_49_":{"width":128,"height":208},"line_51_":{"width":128,"height":208},"line_53_":{"width":128,"height":208},"line_55_":{"width":128,"height":208},"line_57_":{"width":128,"height":208},"line_59_":{"width":128,"height":208}},"line_light_":{"flare_blue_0_":{"width":256,"height":256}},"ray_light02_":{"ray_light02_":{"width":230,"height":232}},"tianguang":{"tianguang_":{"y":-74.19,"scaleX":1.645,"scaleY":1.913,"width":64,"height":100}}}},"events":{"hit":{}},"animations":{"loop":{"slots":{"baoxiang_OD3":{"attachment":[{"time":0,"name":"box_open_"}]}}},"start":{"slots":{"baoxiang_OD3":{"attachment":[{"time":1.6,"name":"box_open_"}]},"box_down":{"attachment":[{"time":0,"name":"box_closed_"},{"time":1.6,"name":null}]},"box_glow":{"color":[{"time":0,"color":"ffffff00","curve":"stepped"},{"time":1.5,"color":"ffffff00"},{"time":1.8333,"color":"ffffffff"},{"time":3.6333,"color":"ffffff00"}],"attachment":[{"time":1.5,"name":"box_glow_"}]},"box_lizi":{"color":[{"time":3.3333,"color":"ffffffff"},{"time":3.6333,"color":"ffffff00"}],"attachment":[{"time":1.6333,"name":"box_lizi_00_"},{"time":1.7,"name":"box_lizi_02_"},{"time":1.7667,"name":"box_lizi_04_"},{"time":1.8333,"name":"box_lizi_06_"},{"time":1.9,"name":"box_lizi_08_"},{"time":1.9667,"name":"box_lizi_10_"},{"time":2.0333,"name":"box_lizi_12_"},{"time":2.1,"name":"box_lizi_14_"},{"time":2.1667,"name":"box_lizi_16_"},{"time":2.2333,"name":"box_lizi_18_"},{"time":2.3,"name":"box_lizi_20_"},{"time":2.3667,"name":"box_lizi_22_"},{"time":2.4333,"name":"box_lizi_24_"},{"time":2.5,"name":"box_lizi_26_"},{"time":2.5667,"name":"box_lizi_28_"},{"time":2.6333,"name":"box_lizi_00_"},{"time":2.7,"name":"box_lizi_02_"},{"time":2.7667,"name":"box_lizi_04_"},{"time":2.8333,"name":"box_lizi_06_"},{"time":2.9,"name":"box_lizi_08_"},{"time":2.9667,"name":"box_lizi_10_"},{"time":3.0333,"name":"box_lizi_12_"},{"time":3.1,"name":"box_lizi_14_"},{"time":3.1667,"name":"box_lizi_16_"},{"time":3.2333,"name":"box_lizi_18_"},{"time":3.3,"name":"box_lizi_20_"},{"time":3.3667,"name":"box_lizi_22_"},{"time":3.4333,"name":"box_lizi_24_"},{"time":3.5,"name":"box_lizi_26_"},{"time":3.5667,"name":"box_lizi_28_"},{"time":3.6333,"name":null}]},"box_lizi2":{"color":[{"time":3,"color":"ffffff00"},{"time":3.6333,"color":"ffffffff"}],"attachment":[{"time":1.6333,"name":"box_lizi_00_"},{"time":1.7,"name":"box_lizi_02_"},{"time":1.7667,"name":"box_lizi_04_"},{"time":1.8333,"name":"box_lizi_06_"},{"time":1.9,"name":"box_lizi_08_"},{"time":1.9667,"name":"box_lizi_10_"},{"time":2.0333,"name":"box_lizi_12_"},{"time":2.1,"name":"box_lizi_14_"},{"time":2.1667,"name":"box_lizi_16_"},{"time":2.2333,"name":"box_lizi_18_"},{"time":2.3,"name":"box_lizi_20_"},{"time":2.3667,"name":"box_lizi_22_"},{"time":2.4333,"name":"box_lizi_24_"},{"time":2.5,"name":"box_lizi_26_"},{"time":2.5667,"name":"box_lizi_28_"},{"time":2.6333,"name":"box_lizi_00_"},{"time":2.7,"name":"box_lizi_02_"},{"time":2.7667,"name":"box_lizi_04_"},{"time":2.8333,"name":"box_lizi_06_"},{"time":2.9,"name":"box_lizi_08_"},{"time":2.9667,"name":"box_lizi_10_"},{"time":3.0333,"name":"box_lizi_12_"},{"time":3.1,"name":"box_lizi_14_"},{"time":3.1667,"name":"box_lizi_16_"},{"time":3.2333,"name":"box_lizi_18_"},{"time":3.3,"name":"box_lizi_20_"},{"time":3.3667,"name":"box_lizi_22_"},{"time":3.4333,"name":"box_lizi_24_"},{"time":3.5,"name":"box_lizi_26_"},{"time":3.5667,"name":"box_lizi_28_"},{"time":3.6333,"name":null}]},"fangshe":{"color":[{"time":1.6333,"color":"ffffffff","curve":[0.25,0,0.88,0.85]},{"time":2.0667,"color":"ffffff00"}],"attachment":[{"time":1.6,"name":"ray_light_2"},{"time":2.0667,"name":null}]},"fangshe2":{"color":[{"time":1.6333,"color":"ffffffff","curve":[0.25,0,0.88,0.85]},{"time":2.0667,"color":"ffffff00"}],"attachment":[{"time":1.6,"name":"ray_light_2"}]},"juqi_1":{"attachment":[{"time":0,"name":"juqi_01_"},{"time":0.0667,"name":"juqi_02_"},{"time":0.1333,"name":"juqi_03_"},{"time":0.2,"name":"juqi_04_"},{"time":0.2667,"name":"juqi_05_"},{"time":0.3333,"name":"juqi_06_"},{"time":0.4,"name":"juqi_07_"},{"time":0.4667,"name":"juqi_08_"},{"time":0.5333,"name":"juqi_09_"},{"time":0.6,"name":"juqi_10_"},{"time":0.6667,"name":"juqi_11_"},{"time":0.7333,"name":"juqi_12_"},{"time":0.8,"name":null}]},"juqi_2":{"attachment":[{"time":0.3333,"name":"juqi_01_"},{"time":0.3667,"name":"juqi_02_"},{"time":0.4,"name":"juqi_03_"},{"time":0.4667,"name":"juqi_04_"},{"time":0.5,"name":"juqi_05_"},{"time":0.5667,"name":"juqi_06_"},{"time":0.6,"name":"juqi_07_"},{"time":0.6667,"name":"juqi_08_"},{"time":0.7,"name":"juqi_09_"},{"time":0.7667,"name":"juqi_10_"},{"time":0.8333,"name":"juqi_11_"},{"time":0.8667,"name":"juqi_12_"},{"time":0.9,"name":null}]},"juqi_3":{"attachment":[{"time":0.4667,"name":"juqi_01_"},{"time":0.5333,"name":"juqi_02_"},{"time":0.6,"name":"juqi_03_"},{"time":0.6667,"name":"juqi_04_"},{"time":0.7333,"name":"juqi_05_"},{"time":0.8,"name":"juqi_06_"},{"time":0.8667,"name":"juqi_07_"},{"time":0.9333,"name":"juqi_08_"},{"time":1,"name":"juqi_09_"},{"time":1.0667,"name":"juqi_10_"},{"time":1.1333,"name":"juqi_11_"},{"time":1.2,"name":"juqi_12_"},{"time":1.2667,"name":null}]},"lihua":{"attachment":[{"time":1.6,"name":"lihua_00_"},{"time":1.6667,"name":"lihua_04_"},{"time":1.7333,"name":"lihua_06_"},{"time":1.8,"name":"lihua_08_"},{"time":1.8667,"name":"lihua_10_"},{"time":1.9333,"name":"lihua_12_"},{"time":2,"name":"lihua_14_"},{"time":2.0667,"name":"lihua_16_"},{"time":2.1333,"name":"lihua_18_"},{"time":2.2,"name":"lihua_20_"},{"time":2.2667,"name":"lihua_22_"},{"time":2.3333,"name":"lihua_24_"},{"time":2.4,"name":"lihua_26_"},{"time":2.4667,"name":"lihua_28_"},{"time":2.5333,"name":"lihua_30_"},{"time":2.6,"name":"lihua_32_"},{"time":2.6667,"name":"lihua_34_"},{"time":2.7333,"name":"lihua_36_"},{"time":2.8,"name":"lihua_38_"},{"time":2.8667,"name":"lihua_40_"},{"time":2.9333,"name":"lihua_42_"},{"time":3,"name":"lihua_44_"},{"time":3.0667,"name":null}]},"line_":{"attachment":[{"time":0,"name":"line_01_"},{"time":0.0667,"name":"line_03_"},{"time":0.1333,"name":"line_05_"},{"time":0.2,"name":"line_07_"},{"time":0.2667,"name":"line_09_"},{"time":0.3333,"name":"line_11_"},{"time":0.4,"name":"line_13_"},{"time":0.4667,"name":"line_15_"},{"time":0.5333,"name":"line_17_"},{"time":0.6,"name":"line_19_"},{"time":0.6667,"name":"line_21_"},{"time":0.7333,"name":"line_23_"},{"time":0.8,"name":"line_25_"},{"time":0.8667,"name":"line_27_"},{"time":0.9333,"name":"line_29_"},{"time":1,"name":"line_31_"},{"time":1.0667,"name":"line_33_"},{"time":1.1333,"name":"line_35_"},{"time":1.2,"name":"line_37_"},{"time":1.2667,"name":"line_39_"},{"time":1.3333,"name":"line_41_"},{"time":1.4,"name":"line_43_"},{"time":1.4667,"name":"line_45_"},{"time":1.5333,"name":"line_47_"},{"time":1.6,"name":"line_49_"},{"time":1.6667,"name":"line_51_"},{"time":1.7333,"name":"line_53_"},{"time":1.8,"name":"line_55_"},{"time":1.8667,"name":"line_57_"},{"time":1.9333,"name":"line_59_"},{"time":2,"name":null}]},"line_light_":{"color":[{"time":1.5667,"color":"ffffffff","curve":[0.25,0,0.911,0.85]},{"time":1.9667,"color":"ffffff00"}],"attachment":[{"time":1.5667,"name":"flare_blue_0_"}]},"ray_light02_":{"color":[{"time":1.6,"color":"ffffffff"},{"time":3.6333,"color":"c8ff0000"}],"attachment":[{"time":1.6,"name":"ray_light02_"}]},"tianguang":{"color":[{"time":1.8333,"color":"ffffffff"},{"time":2.1667,"color":"ffffff00"}],"attachment":[{"time":0,"name":"tianguang_"}]}},"bones":{"fangshe":{"translate":[{"time":1.6,"x":-2.54,"y":-79.39}],"scale":[{"time":1.6,"x":1.146,"y":1}]},"box_close":{"rotate":[{"time":0.5,"angle":0},{"time":0.6,"angle":3},{"time":0.6667,"angle":-3},{"time":0.7667,"angle":3.5},{"time":0.8667,"angle":-3},{"time":0.9333,"angle":0},{"time":1.0333,"angle":3},{"time":1.1,"angle":-3},{"time":1.1667,"angle":3.5},{"time":1.2333,"angle":-3,"curve":"stepped"},{"time":1.2667,"angle":-3},{"time":1.3,"angle":3.78},{"time":1.3667,"angle":-1.6},{"time":1.4333,"angle":1.89},{"time":1.5,"angle":-0.52},{"time":1.5667,"angle":0}]},"line_light_":{"translate":[{"time":1.5667,"x":0,"y":34.16}],"scale":[{"time":1.5667,"x":1.015,"y":0.615,"curve":[0.294,0,0.63,0.35]},{"time":1.6,"x":1.706,"y":1.035,"curve":[0.294,0,0.63,0.35]},{"time":1.9667,"x":1,"y":0}]},"fangshe2":{"translate":[{"time":1.6,"x":-6.05,"y":-78.32}],"scale":[{"time":1.6,"x":0.991,"y":-0.277}]},"box_glow":{"translate":[{"time":0,"x":0,"y":-38.38}],"scale":[{"time":0,"x":1.3,"y":1}]},"box_lizi":{"translate":[{"time":0,"x":0,"y":47.67}]},"juqi_1":{"translate":[{"time":0,"x":-5.97,"y":-123.75}],"scale":[{"time":0,"x":1.098,"y":1.098}]},"juqi_2":{"rotate":[{"time":0.3333,"angle":28.39}],"translate":[{"time":0,"x":-5.97,"y":-123.75}],"scale":[{"time":0,"x":0.954,"y":0.954}]},"juqi_3":{"rotate":[{"time":0.4667,"angle":162.12}],"translate":[{"time":0,"x":-5.97,"y":-123.75}],"scale":[{"time":0,"x":1.176,"y":1.176}]},"lihua":{"translate":[{"time":1,"x":-3.37,"y":55.23}]},"tianguang":{"translate":[{"time":0,"x":-0.79,"y":-337.39}],"scale":[{"time":0,"x":0.195,"y":0.497,"curve":[0,0.18,0.75,1]},{"time":0.1333,"x":0.933,"y":0.96}]},"box_lizi2":{"translate":[{"time":0,"x":0,"y":47.67}]},"line_":{"translate":[{"time":0,"x":-4.79,"y":-70.22}]},"ray_light02_":{"rotate":[{"time":1.6,"angle":0},{"time":3.6333,"angle":90}],"translate":[{"time":0,"x":0,"y":9.78}]}}}}}