{
"skeleton": { "hash": "G/ibrfui7Mucr4Rxbwhlu+coPuw", "spine": "2.1.27", "width": 440, "height": 345.17 },
"bones": [
	{ "name": "root" },
	{ "name": "tonglong", "parent": "root", "scaleX": 0.6, "scaleY": 0.6 }
],
"slots": [
	{ "name": "tong_waicheng_", "bone": "root", "attachment": "tong_waicheng_" },
	{ "name": "tong_xx013_03_", "bone": "tonglong", "attachment": "tong_xx013_03_" },
	{ "name": "tong_xx013_02_", "bone": "tonglong", "attachment": "tong_xx013_02_" },
	{ "name": "tong_xx013_01_", "bone": "tonglong", "attachment": "tong_xx013_01_" },
	{ "name": "tong_xx012_03_", "bone": "tonglong", "attachment": "tong_xx012_03_" },
	{ "name": "tong_xx012_02_", "bone": "tonglong", "attachment": "tong_xx012_02_" },
	{ "name": "tong_xx012_01_", "bone": "tonglong", "attachment": "tong_xx012_01_" },
	{ "name": "tong_xx011_04_", "bone": "tonglong", "attachment": "tong_xx011_04_" },
	{ "name": "tong_xx011_03_", "bone": "tonglong", "attachment": "tong_xx011_03_" },
	{ "name": "tong_xx011_02_", "bone": "tonglong", "attachment": "tong_xx011_02_" },
	{ "name": "tong_xx011_01_", "bone": "tonglong", "attachment": "tong_xx011_01_" },
	{ "name": "tong_xx010_04_", "bone": "tonglong", "attachment": "tong_xx010_04_" },
	{ "name": "tong_xx010_03_", "bone": "tonglong", "attachment": "tong_xx010_03_" },
	{ "name": "tong_xx010_02_", "bone": "tonglong", "attachment": "tong_xx010_02_" },
	{ "name": "tong_xx010_01_", "bone": "tonglong", "attachment": "tong_xx010_01_" },
	{ "name": "tong_xx09_04_", "bone": "tonglong", "attachment": "tong_xx09_04_" },
	{ "name": "tong_xx09_03_", "bone": "tonglong", "attachment": "tong_xx09_03_" },
	{ "name": "tong_xx09_02_", "bone": "tonglong", "attachment": "tong_xx09_02_" },
	{ "name": "tong_xx09_01_", "bone": "tonglong", "attachment": "tong_xx09_01_" },
	{ "name": "tong_xx08_03_", "bone": "tonglong", "attachment": "tong_xx08_03_" },
	{ "name": "tong_xx08_02_", "bone": "tonglong", "attachment": "tong_xx08_02_" },
	{ "name": "tong_xx08_01_", "bone": "tonglong", "attachment": "tong_xx08_01_" },
	{ "name": "tong_xx07_02_", "bone": "tonglong", "attachment": "tong_xx07_02_" },
	{ "name": "tong_xx07_01_", "bone": "tonglong", "attachment": "tong_xx07_01_" },
	{ "name": "tong_xx06_03_", "bone": "tonglong", "attachment": "tong_xx06_03_" },
	{ "name": "tong_xx06_02_", "bone": "tonglong", "attachment": "tong_xx06_02_" },
	{ "name": "tong_xx06_01_", "bone": "tonglong", "attachment": "tong_xx06_01_" },
	{ "name": "tong_xx05_03_", "bone": "tonglong", "attachment": "tong_xx05_03_" },
	{ "name": "tong_xx05_02_", "bone": "tonglong", "attachment": "tong_xx05_02_" },
	{ "name": "tong_xx05_01_", "bone": "tonglong", "attachment": "tong_xx05_01_" },
	{ "name": "tong_xx04_03_", "bone": "tonglong", "attachment": "tong_xx04_03_" },
	{ "name": "tong_xx04_02_", "bone": "tonglong", "attachment": "tong_xx04_02_" },
	{ "name": "tong_xx04_01_", "bone": "tonglong", "attachment": "tong_xx04_01_" },
	{ "name": "tong_xx03_03_", "bone": "tonglong", "attachment": "tong_xx03_03_" },
	{ "name": "tong_xx03_02_", "bone": "tonglong", "attachment": "tong_xx03_02_" },
	{ "name": "tong_xx03_01_", "bone": "tonglong", "attachment": "tong_xx03_01_" },
	{ "name": "tong_xx02_03_", "bone": "tonglong", "attachment": "tong_xx02_03_" },
	{ "name": "tong_xx02_02_", "bone": "tonglong", "attachment": "tong_xx02_02_" },
	{ "name": "tong_xx02_01_", "bone": "tonglong", "attachment": "tong_xx02_01_" },
	{ "name": "tong_xx01_03_", "bone": "tonglong", "attachment": "tong_xx01_03_" },
	{ "name": "tong_xx01_02_", "bone": "tonglong", "attachment": "tong_xx01_02_" },
	{ "name": "tong_xx01_01_", "bone": "tonglong", "attachment": "tong_xx01_01_" },
	{ "name": "tong_dj07_03_", "bone": "tonglong", "attachment": "tong_dj07_03_" },
	{ "name": "tong_dj07_02_", "bone": "tonglong", "attachment": "tong_dj07_02_" },
	{ "name": "tong_dj07_01_", "bone": "tonglong", "attachment": "tong_dj07_01_" },
	{ "name": "tong_dj06_03_", "bone": "tonglong", "attachment": "tong_dj06_03_" },
	{ "name": "tong_dj06_02_", "bone": "tonglong", "attachment": "tong_dj06_02_" },
	{ "name": "tong_dj06_01_", "bone": "tonglong", "attachment": "tong_dj06_01_" },
	{ "name": "tong_dj05_03_", "bone": "tonglong", "attachment": "tong_dj05_03_" },
	{ "name": "tong_dj05_02_", "bone": "tonglong", "attachment": "tong_dj05_02_" },
	{ "name": "tong_dj05_01_", "bone": "tonglong", "attachment": "tong_dj05_01_" },
	{ "name": "tong_dj04_03_", "bone": "tonglong", "attachment": "tong_dj04_03_" },
	{ "name": "tong_dj04_02_", "bone": "tonglong", "attachment": "tong_dj04_02_" },
	{ "name": "tong_dj04_01_", "bone": "tonglong", "attachment": "tong_dj04_01_" },
	{ "name": "tong_dj03_03_", "bone": "tonglong", "attachment": "tong_dj03_03_" },
	{ "name": "tong_dj03_02_", "bone": "tonglong", "attachment": "tong_dj03_02_" },
	{ "name": "tong_dj03_01_", "bone": "tonglong", "attachment": "tong_dj03_01_" },
	{ "name": "tong_dj02_03_", "bone": "tonglong", "attachment": "tong_dj02_03_" },
	{ "name": "tong_dj02_02_", "bone": "tonglong", "attachment": "tong_dj02_02_" },
	{ "name": "tong_dj02_01_", "bone": "tonglong", "attachment": "tong_dj02_01_" },
	{ "name": "tong_dj01_03_", "bone": "tonglong", "attachment": "tong_dj01_03_" },
	{ "name": "tong_dj01_02_", "bone": "tonglong", "attachment": "tong_dj01_02_" },
	{ "name": "tong_dj01_01_", "bone": "tonglong", "attachment": "tong_dj01_01_" }
],
"skins": {
	"default": {
		"tong_dj01_01_": {
			"tong_dj01_01_": { "x": 4.26, "y": 485.45, "width": 134, "height": 92 }
		},
		"tong_dj01_02_": {
			"tong_dj01_02_": { "x": 238.26, "y": 426.45, "width": 126, "height": 94 }
		},
		"tong_dj01_03_": {
			"tong_dj01_03_": { "x": 118.76, "y": 413.45, "width": 113, "height": 172 }
		},
		"tong_dj02_01_": {
			"tong_dj02_01_": { "x": 7.76, "y": 491.95, "width": 125, "height": 107 }
		},
		"tong_dj02_02_": {
			"tong_dj02_02_": { "x": 232.76, "y": 422.95, "width": 129, "height": 125 }
		},
		"tong_dj02_03_": {
			"tong_dj02_03_": { "x": 115.26, "y": 412.95, "width": 106, "height": 173 }
		},
		"tong_dj03_01_": {
			"tong_dj03_01_": { "x": 8.76, "y": 492.95, "width": 123, "height": 123 }
		},
		"tong_dj03_02_": {
			"tong_dj03_02_": { "x": 236.26, "y": 410.95, "width": 126, "height": 135 }
		},
		"tong_dj03_03_": {
			"tong_dj03_03_": { "x": 117.76, "y": 411.45, "width": 111, "height": 174 }
		},
		"tong_dj04_01_": {
			"tong_dj04_01_": { "x": 12.26, "y": 496.45, "width": 118, "height": 138 }
		},
		"tong_dj04_02_": {
			"tong_dj04_02_": { "x": 236.76, "y": 408.95, "width": 131, "height": 131 }
		},
		"tong_dj04_03_": {
			"tong_dj04_03_": { "x": 116.76, "y": 410.95, "width": 109, "height": 175 }
		},
		"tong_dj05_01_": {
			"tong_dj05_01_": { "x": -6.73, "y": 474.95, "width": 148, "height": 85 }
		},
		"tong_dj05_02_": {
			"tong_dj05_02_": { "x": 232.26, "y": 401.95, "width": 140, "height": 105 }
		},
		"tong_dj05_03_": {
			"tong_dj05_03_": { "x": 125.26, "y": 411.45, "width": 126, "height": 174 }
		},
		"tong_dj06_01_": {
			"tong_dj06_01_": { "x": -4.23, "y": 468.45, "width": 149, "height": 68 }
		},
		"tong_dj06_02_": {
			"tong_dj06_02_": { "x": 230.76, "y": 410.95, "width": 139, "height": 87 }
		},
		"tong_dj06_03_": {
			"tong_dj06_03_": { "x": 126.26, "y": 412.95, "width": 128, "height": 173 }
		},
		"tong_dj07_01_": {
			"tong_dj07_01_": { "x": 3.76, "y": 483.95, "width": 135, "height": 91 }
		},
		"tong_dj07_02_": {
			"tong_dj07_02_": { "x": 231.26, "y": 427.95, "width": 138, "height": 95 }
		},
		"tong_dj07_03_": {
			"tong_dj07_03_": { "x": 118.26, "y": 413.45, "width": 112, "height": 172 }
		},
		"tong_waicheng_": {
			"tong_waicheng_": { "y": 164.9, "width": 440, "height": 326 }
		},
		"tong_xx010_01_": {
			"tong_xx010_01_": { "x": -14.23, "y": 392.95, "width": 169, "height": 121 }
		},
		"tong_xx010_02_": {
			"tong_xx010_02_": { "x": 252.26, "y": 455.95, "width": 148, "height": 127 }
		},
		"tong_xx010_03_": {
			"tong_xx010_03_": { "x": 154.26, "y": 518.45, "width": 56, "height": 118 }
		},
		"tong_xx010_04_": {
			"tong_xx010_04_": { "x": 124.26, "y": 392.95, "width": 108, "height": 133 }
		},
		"tong_xx011_01_": {
			"tong_xx011_01_": { "x": -15.23, "y": 404.95, "width": 159, "height": 119 }
		},
		"tong_xx011_02_": {
			"tong_xx011_02_": { "x": 275.76, "y": 459.45, "width": 113, "height": 126 }
		},
		"tong_xx011_03_": {
			"tong_xx011_03_": { "x": 188.26, "y": 466.45, "width": 62, "height": 144 }
		},
		"tong_xx011_04_": {
			"tong_xx011_04_": { "x": 119.26, "y": 411.95, "width": 110, "height": 161 }
		},
		"tong_xx012_01_": {
			"tong_xx012_01_": { "x": -7.73, "y": 457.95, "width": 144, "height": 107 }
		},
		"tong_xx012_02_": {
			"tong_xx012_02_": { "x": 235.76, "y": 447.95, "width": 155, "height": 95 }
		},
		"tong_xx012_03_": {
			"tong_xx012_03_": { "x": 111.76, "y": 411.95, "width": 99, "height": 165 }
		},
		"tong_xx013_01_": {
			"tong_xx013_01_": { "x": 7.26, "y": 489.95, "width": 130, "height": 113 }
		},
		"tong_xx013_02_": {
			"tong_xx013_02_": { "x": 228.76, "y": 435.45, "width": 139, "height": 112 }
		},
		"tong_xx013_03_": {
			"tong_xx013_03_": { "x": 110.76, "y": 413.95, "width": 97, "height": 171 }
		},
		"tong_xx01_01_": {
			"tong_xx01_01_": { "x": 6.26, "y": 490.45, "width": 128, "height": 112 }
		},
		"tong_xx01_02_": {
			"tong_xx01_02_": { "x": 229.76, "y": 434.95, "width": 137, "height": 111 }
		},
		"tong_xx01_03_": {
			"tong_xx01_03_": { "x": 114.76, "y": 413.95, "width": 105, "height": 171 }
		},
		"tong_xx02_01_": {
			"tong_xx02_01_": { "x": 14.26, "y": 490.95, "width": 118, "height": 109 }
		},
		"tong_xx02_02_": {
			"tong_xx02_02_": { "x": 221.26, "y": 443.95, "width": 118, "height": 153 }
		},
		"tong_xx02_03_": {
			"tong_xx02_03_": { "x": 112.26, "y": 414.45, "width": 100, "height": 164 }
		},
		"tong_xx03_01_": {
			"tong_xx03_01_": { "x": 20.26, "y": 478.95, "width": 110, "height": 119 }
		},
		"tong_xx03_02_": {
			"tong_xx03_02_": { "x": 208.26, "y": 443.95, "width": 96, "height": 183 }
		},
		"tong_xx03_03_": {
			"tong_xx03_03_": { "x": 111.26, "y": 412.45, "width": 98, "height": 158 }
		},
		"tong_xx04_01_": {
			"tong_xx04_01_": { "x": 49.26, "y": 451.45, "width": 110, "height": 142 }
		},
		"tong_xx04_02_": {
			"tong_xx04_02_": { "x": 205.76, "y": 431.95, "width": 95, "height": 201 }
		},
		"tong_xx04_03_": {
			"tong_xx04_03_": { "x": 127.26, "y": 411.95, "width": 62, "height": 155 }
		},
		"tong_xx05_01_": {
			"tong_xx05_01_": { "x": 55.76, "y": 445.45, "width": 109, "height": 126 }
		},
		"tong_xx05_02_": {
			"tong_xx05_02_": { "x": 191.26, "y": 432.45, "width": 96, "height": 200 }
		},
		"tong_xx05_03_": {
			"tong_xx05_03_": { "x": 119.76, "y": 410.45, "width": 47, "height": 154 }
		},
		"tong_xx06_01_": {
			"tong_xx06_01_": { "x": 64.26, "y": 443.45, "width": 100, "height": 134 }
		},
		"tong_xx06_02_": {
			"tong_xx06_02_": { "x": 178.26, "y": 434.95, "width": 94, "height": 175 }
		},
		"tong_xx06_03_": {
			"tong_xx06_03_": { "x": 112.76, "y": 401.95, "width": 37, "height": 141 }
		},
		"tong_xx07_01_": {
			"tong_xx07_01_": { "x": 93.76, "y": 414.45, "width": 129, "height": 166 }
		},
		"tong_xx07_02_": {
			"tong_xx07_02_": { "x": 190.26, "y": 424.95, "width": 64, "height": 121 }
		},
		"tong_xx08_01_": {
			"tong_xx08_01_": { "x": 12.26, "y": 486.95, "width": 122, "height": 131 }
		},
		"tong_xx08_02_": {
			"tong_xx08_02_": { "x": 198.76, "y": 436.45, "width": 137, "height": 152 }
		},
		"tong_xx08_03_": {
			"tong_xx08_03_": { "x": 92.76, "y": 398.45, "width": 75, "height": 134 }
		},
		"tong_xx09_01_": {
			"tong_xx09_01_": { "x": -7.73, "y": 444.95, "width": 132, "height": 143 }
		},
		"tong_xx09_02_": {
			"tong_xx09_02_": { "x": 237.76, "y": 431.95, "width": 153, "height": 123 }
		},
		"tong_xx09_03_": {
			"tong_xx09_03_": { "x": 156.26, "y": 516.45, "width": 62, "height": 124 }
		},
		"tong_xx09_04_": {
			"tong_xx09_04_": { "x": 109.76, "y": 389.95, "width": 103, "height": 129 }
		}
	}
},
"animations": {
	"dj": {
		"slots": {
			"tong_dj01_01_": {
				"attachment": [
					{ "time": 0, "name": "tong_dj01_01_" },
					{ "time": 0.1666, "name": null },
					{ "time": 1, "name": null }
				]
			},
			"tong_dj01_02_": {
				"attachment": [
					{ "time": 0, "name": "tong_dj01_02_" },
					{ "time": 0.1666, "name": null },
					{ "time": 1, "name": null }
				]
			},
			"tong_dj01_03_": {
				"attachment": [
					{ "time": 0, "name": "tong_dj01_03_" },
					{ "time": 0.1666, "name": null },
					{ "time": 1, "name": null }
				]
			},
			"tong_dj02_01_": {
				"attachment": [
					{ "time": 0, "name": null },
					{ "time": 0.1666, "name": "tong_dj02_01_" },
					{ "time": 0.3333, "name": null },
					{ "time": 1, "name": null }
				]
			},
			"tong_dj02_02_": {
				"attachment": [
					{ "time": 0, "name": null },
					{ "time": 0.1666, "name": "tong_dj02_02_" },
					{ "time": 0.3333, "name": null },
					{ "time": 1, "name": null }
				]
			},
			"tong_dj02_03_": {
				"attachment": [
					{ "time": 0, "name": null },
					{ "time": 0.1666, "name": "tong_dj02_03_" },
					{ "time": 0.3333, "name": null },
					{ "time": 1, "name": null }
				]
			},
			"tong_dj03_01_": {
				"attachment": [
					{ "time": 0, "name": null },
					{ "time": 0.1666, "name": null },
					{ "time": 0.3333, "name": "tong_dj03_01_" },
					{ "time": 0.5, "name": null },
					{ "time": 1, "name": null }
				]
			},
			"tong_dj03_02_": {
				"attachment": [
					{ "time": 0, "name": null },
					{ "time": 0.1666, "name": null },
					{ "time": 0.3333, "name": "tong_dj03_02_" },
					{ "time": 0.5, "name": null },
					{ "time": 1, "name": null }
				]
			},
			"tong_dj03_03_": {
				"attachment": [
					{ "time": 0, "name": null },
					{ "time": 0.1666, "name": null },
					{ "time": 0.3333, "name": "tong_dj03_03_" },
					{ "time": 0.5, "name": null },
					{ "time": 1, "name": null }
				]
			},
			"tong_dj04_01_": {
				"attachment": [
					{ "time": 0, "name": null },
					{ "time": 0.3333, "name": null },
					{ "time": 0.5, "name": "tong_dj04_01_" },
					{ "time": 0.6666, "name": null },
					{ "time": 1, "name": null }
				]
			},
			"tong_dj04_02_": {
				"attachment": [
					{ "time": 0, "name": null },
					{ "time": 0.3333, "name": null },
					{ "time": 0.5, "name": "tong_dj04_02_" },
					{ "time": 0.6666, "name": null },
					{ "time": 1, "name": null }
				]
			},
			"tong_dj04_03_": {
				"attachment": [
					{ "time": 0, "name": null },
					{ "time": 0.3333, "name": null },
					{ "time": 0.5, "name": "tong_dj04_03_" },
					{ "time": 0.6666, "name": null },
					{ "time": 1, "name": null }
				]
			},
			"tong_dj05_01_": {
				"attachment": [
					{ "time": 0, "name": null },
					{ "time": 0.5, "name": null },
					{ "time": 0.6666, "name": "tong_dj05_01_" },
					{ "time": 0.8333, "name": null },
					{ "time": 1, "name": null }
				]
			},
			"tong_dj05_02_": {
				"attachment": [
					{ "time": 0, "name": null },
					{ "time": 0.5, "name": null },
					{ "time": 0.6666, "name": "tong_dj05_02_" },
					{ "time": 0.8333, "name": null },
					{ "time": 1, "name": null }
				]
			},
			"tong_dj05_03_": {
				"attachment": [
					{ "time": 0, "name": null },
					{ "time": 0.5, "name": null },
					{ "time": 0.6666, "name": "tong_dj05_03_" },
					{ "time": 0.8333, "name": null },
					{ "time": 1, "name": null }
				]
			},
			"tong_dj06_01_": {
				"attachment": [
					{ "time": 0, "name": null },
					{ "time": 0.6666, "name": null },
					{ "time": 0.8333, "name": "tong_dj06_01_" },
					{ "time": 1, "name": null }
				]
			},
			"tong_dj06_02_": {
				"attachment": [
					{ "time": 0, "name": null },
					{ "time": 0.6666, "name": null },
					{ "time": 0.8333, "name": "tong_dj06_02_" },
					{ "time": 1, "name": null }
				]
			},
			"tong_dj06_03_": {
				"attachment": [
					{ "time": 0, "name": null },
					{ "time": 0.6666, "name": null },
					{ "time": 0.8333, "name": "tong_dj06_03_" },
					{ "time": 1, "name": null }
				]
			},
			"tong_dj07_01_": {
				"attachment": [
					{ "time": 0, "name": null },
					{ "time": 0.8333, "name": null },
					{ "time": 1, "name": "tong_dj07_01_" }
				]
			},
			"tong_dj07_02_": {
				"attachment": [
					{ "time": 0, "name": null },
					{ "time": 0.8333, "name": null },
					{ "time": 1, "name": "tong_dj07_02_" }
				]
			},
			"tong_dj07_03_": {
				"attachment": [
					{ "time": 0, "name": null },
					{ "time": 0.8333, "name": null },
					{ "time": 1, "name": "tong_dj07_03_" }
				]
			},
			"tong_xx010_01_": {
				"attachment": [
					{ "time": 0, "name": null }
				]
			},
			"tong_xx010_02_": {
				"attachment": [
					{ "time": 0, "name": null }
				]
			},
			"tong_xx010_03_": {
				"attachment": [
					{ "time": 0, "name": null }
				]
			},
			"tong_xx010_04_": {
				"attachment": [
					{ "time": 0, "name": null }
				]
			},
			"tong_xx011_01_": {
				"attachment": [
					{ "time": 0, "name": null }
				]
			},
			"tong_xx011_02_": {
				"attachment": [
					{ "time": 0, "name": null }
				]
			},
			"tong_xx011_03_": {
				"attachment": [
					{ "time": 0, "name": null }
				]
			},
			"tong_xx011_04_": {
				"attachment": [
					{ "time": 0, "name": null }
				]
			},
			"tong_xx012_01_": {
				"attachment": [
					{ "time": 0, "name": null }
				]
			},
			"tong_xx012_02_": {
				"attachment": [
					{ "time": 0, "name": null }
				]
			},
			"tong_xx012_03_": {
				"attachment": [
					{ "time": 0, "name": null }
				]
			},
			"tong_xx013_01_": {
				"attachment": [
					{ "time": 0, "name": null }
				]
			},
			"tong_xx013_02_": {
				"attachment": [
					{ "time": 0, "name": null }
				]
			},
			"tong_xx013_03_": {
				"attachment": [
					{ "time": 0, "name": null }
				]
			},
			"tong_xx01_01_": {
				"attachment": [
					{ "time": 0, "name": null }
				]
			},
			"tong_xx01_02_": {
				"attachment": [
					{ "time": 0, "name": null }
				]
			},
			"tong_xx01_03_": {
				"attachment": [
					{ "time": 0, "name": null }
				]
			},
			"tong_xx02_01_": {
				"attachment": [
					{ "time": 0, "name": null }
				]
			},
			"tong_xx02_02_": {
				"attachment": [
					{ "time": 0, "name": null }
				]
			},
			"tong_xx02_03_": {
				"attachment": [
					{ "time": 0, "name": null }
				]
			},
			"tong_xx03_01_": {
				"attachment": [
					{ "time": 0, "name": null }
				]
			},
			"tong_xx03_02_": {
				"attachment": [
					{ "time": 0, "name": null }
				]
			},
			"tong_xx03_03_": {
				"attachment": [
					{ "time": 0, "name": null }
				]
			},
			"tong_xx04_01_": {
				"attachment": [
					{ "time": 0, "name": null }
				]
			},
			"tong_xx04_02_": {
				"attachment": [
					{ "time": 0, "name": null }
				]
			},
			"tong_xx04_03_": {
				"attachment": [
					{ "time": 0, "name": null }
				]
			},
			"tong_xx05_01_": {
				"attachment": [
					{ "time": 0, "name": null }
				]
			},
			"tong_xx05_02_": {
				"attachment": [
					{ "time": 0, "name": null }
				]
			},
			"tong_xx05_03_": {
				"attachment": [
					{ "time": 0, "name": null }
				]
			},
			"tong_xx06_01_": {
				"attachment": [
					{ "time": 0, "name": null }
				]
			},
			"tong_xx06_02_": {
				"attachment": [
					{ "time": 0, "name": null }
				]
			},
			"tong_xx06_03_": {
				"attachment": [
					{ "time": 0, "name": null }
				]
			},
			"tong_xx07_01_": {
				"attachment": [
					{ "time": 0, "name": null }
				]
			},
			"tong_xx07_02_": {
				"attachment": [
					{ "time": 0, "name": null }
				]
			},
			"tong_xx08_01_": {
				"attachment": [
					{ "time": 0, "name": null }
				]
			},
			"tong_xx08_02_": {
				"attachment": [
					{ "time": 0, "name": null }
				]
			},
			"tong_xx08_03_": {
				"attachment": [
					{ "time": 0, "name": null }
				]
			},
			"tong_xx09_01_": {
				"attachment": [
					{ "time": 0, "name": null }
				]
			},
			"tong_xx09_02_": {
				"attachment": [
					{ "time": 0, "name": null }
				]
			},
			"tong_xx09_03_": {
				"attachment": [
					{ "time": 0, "name": null }
				]
			},
			"tong_xx09_04_": {
				"attachment": [
					{ "time": 0, "name": null }
				]
			}
		}
	},
	"xx": {
		"slots": {
			"tong_dj01_01_": {
				"attachment": [
					{ "time": 0, "name": null }
				]
			},
			"tong_dj01_02_": {
				"attachment": [
					{ "time": 0, "name": null }
				]
			},
			"tong_dj01_03_": {
				"attachment": [
					{ "time": 0, "name": null }
				]
			},
			"tong_dj02_01_": {
				"attachment": [
					{ "time": 0, "name": null }
				]
			},
			"tong_dj02_02_": {
				"attachment": [
					{ "time": 0, "name": null }
				]
			},
			"tong_dj02_03_": {
				"attachment": [
					{ "time": 0, "name": null }
				]
			},
			"tong_dj03_01_": {
				"attachment": [
					{ "time": 0, "name": null }
				]
			},
			"tong_dj03_02_": {
				"attachment": [
					{ "time": 0, "name": null }
				]
			},
			"tong_dj03_03_": {
				"attachment": [
					{ "time": 0, "name": null }
				]
			},
			"tong_dj04_01_": {
				"attachment": [
					{ "time": 0, "name": null }
				]
			},
			"tong_dj04_02_": {
				"attachment": [
					{ "time": 0, "name": null }
				]
			},
			"tong_dj04_03_": {
				"attachment": [
					{ "time": 0, "name": null }
				]
			},
			"tong_dj05_01_": {
				"attachment": [
					{ "time": 0, "name": null }
				]
			},
			"tong_dj05_02_": {
				"attachment": [
					{ "time": 0, "name": null }
				]
			},
			"tong_dj05_03_": {
				"attachment": [
					{ "time": 0, "name": null }
				]
			},
			"tong_dj06_01_": {
				"attachment": [
					{ "time": 0, "name": null }
				]
			},
			"tong_dj06_02_": {
				"attachment": [
					{ "time": 0, "name": null }
				]
			},
			"tong_dj06_03_": {
				"attachment": [
					{ "time": 0, "name": null }
				]
			},
			"tong_dj07_01_": {
				"attachment": [
					{ "time": 0, "name": null }
				]
			},
			"tong_dj07_02_": {
				"attachment": [
					{ "time": 0, "name": null }
				]
			},
			"tong_dj07_03_": {
				"attachment": [
					{ "time": 0, "name": null }
				]
			},
			"tong_xx010_01_": {
				"attachment": [
					{ "time": 0, "name": null },
					{ "time": 1.0666, "name": null },
					{ "time": 1.2, "name": "tong_xx010_01_" },
					{ "time": 1.3333, "name": null },
					{ "time": 1.6, "name": null }
				]
			},
			"tong_xx010_02_": {
				"attachment": [
					{ "time": 0, "name": null },
					{ "time": 1.0666, "name": null },
					{ "time": 1.2, "name": "tong_xx010_02_" },
					{ "time": 1.3333, "name": null },
					{ "time": 1.6, "name": null }
				]
			},
			"tong_xx010_03_": {
				"attachment": [
					{ "time": 0, "name": null },
					{ "time": 1.0666, "name": null },
					{ "time": 1.2, "name": "tong_xx010_03_" },
					{ "time": 1.3333, "name": null },
					{ "time": 1.6, "name": null }
				]
			},
			"tong_xx010_04_": {
				"attachment": [
					{ "time": 0, "name": null },
					{ "time": 1.0666, "name": null },
					{ "time": 1.2, "name": "tong_xx010_04_" },
					{ "time": 1.3333, "name": null },
					{ "time": 1.6, "name": null }
				]
			},
			"tong_xx011_01_": {
				"attachment": [
					{ "time": 0, "name": null },
					{ "time": 1.2, "name": null },
					{ "time": 1.3333, "name": "tong_xx011_01_" },
					{ "time": 1.4666, "name": null },
					{ "time": 1.6, "name": null }
				]
			},
			"tong_xx011_02_": {
				"attachment": [
					{ "time": 0, "name": null },
					{ "time": 1.2, "name": null },
					{ "time": 1.3333, "name": "tong_xx011_02_" },
					{ "time": 1.4666, "name": null },
					{ "time": 1.6, "name": null }
				]
			},
			"tong_xx011_03_": {
				"attachment": [
					{ "time": 0, "name": null },
					{ "time": 1.2, "name": null },
					{ "time": 1.3333, "name": "tong_xx011_03_" },
					{ "time": 1.4666, "name": null },
					{ "time": 1.6, "name": null }
				]
			},
			"tong_xx011_04_": {
				"attachment": [
					{ "time": 0, "name": null },
					{ "time": 1.2, "name": null },
					{ "time": 1.3333, "name": "tong_xx011_04_" },
					{ "time": 1.4666, "name": null },
					{ "time": 1.6, "name": null }
				]
			},
			"tong_xx012_01_": {
				"attachment": [
					{ "time": 0, "name": null },
					{ "time": 1.3333, "name": null },
					{ "time": 1.4666, "name": "tong_xx012_01_" },
					{ "time": 1.6, "name": null }
				]
			},
			"tong_xx012_02_": {
				"attachment": [
					{ "time": 0, "name": null },
					{ "time": 1.3333, "name": null },
					{ "time": 1.4666, "name": "tong_xx012_02_" },
					{ "time": 1.6, "name": null }
				]
			},
			"tong_xx012_03_": {
				"attachment": [
					{ "time": 0, "name": null },
					{ "time": 1.3333, "name": null },
					{ "time": 1.4666, "name": "tong_xx012_03_" },
					{ "time": 1.6, "name": null }
				]
			},
			"tong_xx013_01_": {
				"attachment": [
					{ "time": 0, "name": null },
					{ "time": 1.4666, "name": null },
					{ "time": 1.6, "name": "tong_xx013_01_" }
				]
			},
			"tong_xx013_02_": {
				"attachment": [
					{ "time": 0, "name": null },
					{ "time": 1.4666, "name": null },
					{ "time": 1.6, "name": "tong_xx013_02_" }
				]
			},
			"tong_xx013_03_": {
				"attachment": [
					{ "time": 0, "name": null },
					{ "time": 1.4666, "name": null },
					{ "time": 1.6, "name": "tong_xx013_03_" }
				]
			},
			"tong_xx01_01_": {
				"attachment": [
					{ "time": 0, "name": "tong_xx01_01_" },
					{ "time": 0.1333, "name": null },
					{ "time": 1.6, "name": null }
				]
			},
			"tong_xx01_02_": {
				"attachment": [
					{ "time": 0, "name": "tong_xx01_02_" },
					{ "time": 0.1333, "name": null },
					{ "time": 1.6, "name": null }
				]
			},
			"tong_xx01_03_": {
				"attachment": [
					{ "time": 0, "name": "tong_xx01_03_" },
					{ "time": 0.1333, "name": null },
					{ "time": 1.6, "name": null }
				]
			},
			"tong_xx02_01_": {
				"attachment": [
					{ "time": 0, "name": null },
					{ "time": 0.1333, "name": "tong_xx02_01_" },
					{ "time": 0.2666, "name": null },
					{ "time": 1.6, "name": null }
				]
			},
			"tong_xx02_02_": {
				"attachment": [
					{ "time": 0, "name": null },
					{ "time": 0.1333, "name": "tong_xx02_02_" },
					{ "time": 0.2666, "name": null },
					{ "time": 1.6, "name": null }
				]
			},
			"tong_xx02_03_": {
				"attachment": [
					{ "time": 0, "name": null },
					{ "time": 0.1333, "name": "tong_xx02_03_" },
					{ "time": 0.2666, "name": null },
					{ "time": 1.6, "name": null }
				]
			},
			"tong_xx03_01_": {
				"attachment": [
					{ "time": 0, "name": null },
					{ "time": 0.1333, "name": null },
					{ "time": 0.2666, "name": "tong_xx03_01_" },
					{ "time": 0.4, "name": null },
					{ "time": 1.6, "name": null }
				]
			},
			"tong_xx03_02_": {
				"attachment": [
					{ "time": 0, "name": null },
					{ "time": 0.1333, "name": null },
					{ "time": 0.2666, "name": "tong_xx03_02_" },
					{ "time": 0.4, "name": null },
					{ "time": 1.6, "name": null }
				]
			},
			"tong_xx03_03_": {
				"attachment": [
					{ "time": 0, "name": null },
					{ "time": 0.1333, "name": null },
					{ "time": 0.2666, "name": "tong_xx03_03_" },
					{ "time": 0.4, "name": null },
					{ "time": 1.6, "name": null }
				]
			},
			"tong_xx04_01_": {
				"attachment": [
					{ "time": 0, "name": null },
					{ "time": 0.2666, "name": null },
					{ "time": 0.4, "name": "tong_xx04_01_" },
					{ "time": 0.5333, "name": null },
					{ "time": 1.6, "name": null }
				]
			},
			"tong_xx04_02_": {
				"attachment": [
					{ "time": 0, "name": null },
					{ "time": 0.2666, "name": null },
					{ "time": 0.4, "name": "tong_xx04_02_" },
					{ "time": 0.5333, "name": null },
					{ "time": 1.6, "name": null }
				]
			},
			"tong_xx04_03_": {
				"attachment": [
					{ "time": 0, "name": null },
					{ "time": 0.2666, "name": null },
					{ "time": 0.4, "name": "tong_xx04_03_" },
					{ "time": 0.5333, "name": null },
					{ "time": 1.6, "name": null }
				]
			},
			"tong_xx05_01_": {
				"attachment": [
					{ "time": 0, "name": null },
					{ "time": 0.4, "name": null },
					{ "time": 0.5333, "name": "tong_xx05_01_" },
					{ "time": 0.6666, "name": null },
					{ "time": 1.6, "name": null }
				]
			},
			"tong_xx05_02_": {
				"attachment": [
					{ "time": 0, "name": null },
					{ "time": 0.4, "name": null },
					{ "time": 0.5333, "name": "tong_xx05_02_" },
					{ "time": 0.6666, "name": null },
					{ "time": 1.6, "name": null }
				]
			},
			"tong_xx05_03_": {
				"attachment": [
					{ "time": 0, "name": null },
					{ "time": 0.4, "name": null },
					{ "time": 0.5333, "name": "tong_xx05_03_" },
					{ "time": 0.6666, "name": null },
					{ "time": 1.6, "name": null }
				]
			},
			"tong_xx06_01_": {
				"attachment": [
					{ "time": 0, "name": null },
					{ "time": 0.5333, "name": null },
					{ "time": 0.6666, "name": "tong_xx06_01_" },
					{ "time": 0.8, "name": null },
					{ "time": 1.6, "name": null }
				]
			},
			"tong_xx06_02_": {
				"attachment": [
					{ "time": 0, "name": null },
					{ "time": 0.5333, "name": null },
					{ "time": 0.6666, "name": "tong_xx06_02_" },
					{ "time": 0.8, "name": null },
					{ "time": 1.6, "name": null }
				]
			},
			"tong_xx06_03_": {
				"attachment": [
					{ "time": 0, "name": null },
					{ "time": 0.5333, "name": null },
					{ "time": 0.6666, "name": "tong_xx06_03_" },
					{ "time": 0.8, "name": null },
					{ "time": 1.6, "name": null }
				]
			},
			"tong_xx07_01_": {
				"attachment": [
					{ "time": 0, "name": null },
					{ "time": 0.6666, "name": null },
					{ "time": 0.8, "name": "tong_xx07_01_" },
					{ "time": 0.9333, "name": null },
					{ "time": 1.6, "name": null }
				]
			},
			"tong_xx07_02_": {
				"attachment": [
					{ "time": 0, "name": null },
					{ "time": 0.6666, "name": null },
					{ "time": 0.8, "name": "tong_xx07_02_" },
					{ "time": 0.9333, "name": null },
					{ "time": 1.6, "name": null }
				]
			},
			"tong_xx08_01_": {
				"attachment": [
					{ "time": 0, "name": null },
					{ "time": 0.8, "name": null },
					{ "time": 0.9333, "name": "tong_xx08_01_" },
					{ "time": 1.0666, "name": null },
					{ "time": 1.6, "name": null }
				]
			},
			"tong_xx08_02_": {
				"attachment": [
					{ "time": 0, "name": null },
					{ "time": 0.8, "name": null },
					{ "time": 0.9333, "name": "tong_xx08_02_" },
					{ "time": 1.0666, "name": null },
					{ "time": 1.6, "name": null }
				]
			},
			"tong_xx08_03_": {
				"attachment": [
					{ "time": 0, "name": null },
					{ "time": 0.8, "name": null },
					{ "time": 0.9333, "name": "tong_xx08_03_" },
					{ "time": 1.0666, "name": null },
					{ "time": 1.6, "name": null }
				]
			},
			"tong_xx09_01_": {
				"attachment": [
					{ "time": 0, "name": null },
					{ "time": 0.9333, "name": null },
					{ "time": 1.0666, "name": "tong_xx09_01_" },
					{ "time": 1.2, "name": null },
					{ "time": 1.6, "name": null }
				]
			},
			"tong_xx09_02_": {
				"attachment": [
					{ "time": 0, "name": null },
					{ "time": 0.9333, "name": null },
					{ "time": 1.0666, "name": "tong_xx09_02_" },
					{ "time": 1.2, "name": null },
					{ "time": 1.6, "name": null }
				]
			},
			"tong_xx09_03_": {
				"attachment": [
					{ "time": 0, "name": null },
					{ "time": 0.9333, "name": null },
					{ "time": 1.0666, "name": "tong_xx09_03_" },
					{ "time": 1.2, "name": null },
					{ "time": 1.6, "name": null }
				]
			},
			"tong_xx09_04_": {
				"attachment": [
					{ "time": 0, "name": null },
					{ "time": 0.9333, "name": null },
					{ "time": 1.0666, "name": "tong_xx09_04_" },
					{ "time": 1.2, "name": null },
					{ "time": 1.6, "name": null }
				]
			}
		}
	}
}
}