{"skeleton":{"hash":"3iNQ7VVy2lzijy7Aal1xN+TygOc","spine":"3.7.94","width":270,"height":100.29,"images":"./images/","audio":"E:/铭牌和头像框/世界争霸/世界争霸名牌2_270spine/images"},"bones":[{"name":"root"},{"name":"bone2","parent":"root"}],"slots":[{"name":"di_","bone":"root","attachment":"di_"},{"name":"cb_1","bone":"root","attachment":"cb_"},{"name":"cb_2","bone":"root","attachment":"cb_"},{"name":"king_","bone":"root","attachment":"king_"},{"name":"shang_00_","bone":"root","attachment":"shang_00_","blend":"additive"},{"name":"zuanshi_00_","bone":"root"},{"name":"add_00_","bone":"bone2","blend":"additive"},{"name":"add_01_","bone":"bone2","blend":"additive"},{"name":"add_02_","bone":"bone2","blend":"additive"},{"name":"add_03_","bone":"bone2","blend":"additive"},{"name":"add_04_","bone":"bone2","blend":"additive"},{"name":"add_05_","bone":"bone2","blend":"additive"},{"name":"add_06_","bone":"bone2","blend":"additive"},{"name":"add_07_","bone":"bone2","blend":"additive"},{"name":"add_08_","bone":"bone2","blend":"additive"}],"skins":{"default":{"add_00_":{"add_00_":{"width":270,"height":140}},"add_01_":{"add_01_":{"width":270,"height":140}},"add_02_":{"add_02_":{"width":270,"height":140}},"add_03_":{"add_03_":{"width":270,"height":140}},"add_04_":{"add_04_":{"width":270,"height":140}},"add_05_":{"add_05_":{"width":270,"height":140}},"add_06_":{"add_06_":{"width":270,"height":140}},"add_07_":{"add_07_":{"width":270,"height":140}},"add_08_":{"add_08_":{"width":270,"height":140}},"cb_1":{"cb_":{"x":-57.43,"y":18.46,"width":115,"height":63}},"cb_2":{"cb_":{"x":55.45,"y":18.46,"scaleX":-1,"width":115,"height":63}},"di_":{"di_":{"x":-0.55,"y":-26.04,"width":236,"height":48}},"king_":{"king_":{"x":-1.03,"y":16.96,"width":81,"height":54}},"shang_00_":{"shang_00_":{"x":1.64,"y":-0.33,"width":270,"height":100},"shang_01_":{"x":1.64,"y":-0.33,"width":270,"height":100},"shang_02_":{"x":1.64,"y":-0.33,"width":270,"height":100},"shang_03_":{"x":1.64,"y":-0.33,"width":270,"height":100},"shang_04_":{"x":1.64,"y":-0.33,"width":270,"height":100},"shang_05_":{"x":1.64,"y":-0.33,"width":270,"height":100},"shang_06_":{"x":1.64,"y":-0.33,"width":270,"height":100},"shang_07_":{"x":1.64,"y":-0.33,"width":270,"height":100},"shang_08_":{"x":1.64,"y":-0.33,"width":270,"height":100}},"zuanshi_00_":{"zuanshi_00_":{"y":29.03,"width":85,"height":48},"zuanshi_01_":{"y":29.03,"width":85,"height":48},"zuanshi_02_":{"y":29.03,"width":85,"height":48},"zuanshi_03_":{"y":29.03,"width":85,"height":48},"zuanshi_04_":{"y":29.03,"width":85,"height":48},"zuanshi_05_":{"y":29.03,"width":85,"height":48},"zuanshi_06_":{"y":29.03,"width":85,"height":48},"zuanshi_07_":{"y":29.03,"width":85,"height":48},"zuanshi_08_":{"y":29.03,"width":85,"height":48}}}},"animations":{"animation":{"slots":{"add_00_":{"color":[{"time":0,"color":"ffffffff"},{"time":0.1333,"color":"ffffff00","curve":"stepped"},{"time":1.0333,"color":"ffffff00"},{"time":1.1667,"color":"ffffffff"}],"attachment":[{"time":0,"name":"add_00_"}]},"add_01_":{"color":[{"time":0,"color":"ffffff00"},{"time":0.1333,"color":"ffffffff"},{"time":0.2667,"color":"ffffff00"}],"attachment":[{"time":0,"name":"add_01_"}]},"add_02_":{"color":[{"time":0,"color":"ffffff00","curve":"stepped"},{"time":0.1333,"color":"ffffff00"},{"time":0.2667,"color":"ffffffff"},{"time":0.4,"color":"ffffff00"}],"attachment":[{"time":0,"name":"add_02_"}]},"add_03_":{"color":[{"time":0,"color":"ffffff00","curve":"stepped"},{"time":0.2667,"color":"ffffff00"},{"time":0.4,"color":"ffffffff"},{"time":0.5333,"color":"ffffff00"}],"attachment":[{"time":0,"name":"add_03_"}]},"add_04_":{"color":[{"time":0,"color":"ffffff00","curve":"stepped"},{"time":0.4,"color":"ffffff00"},{"time":0.5333,"color":"ffffffff"},{"time":0.6667,"color":"ffffff00"}],"attachment":[{"time":0,"name":"add_04_"}]},"add_05_":{"color":[{"time":0,"color":"ffffff00","curve":"stepped"},{"time":0.5333,"color":"ffffff00"},{"time":0.6667,"color":"ffffffff"},{"time":0.8,"color":"ffffff00"}],"attachment":[{"time":0,"name":"add_05_"}]},"add_06_":{"color":[{"time":0,"color":"ffffff00","curve":"stepped"},{"time":0.6667,"color":"ffffff00"},{"time":0.8,"color":"ffffffff"},{"time":0.9333,"color":"ffffff00"}],"attachment":[{"time":0,"name":"add_06_"}]},"add_07_":{"color":[{"time":0,"color":"ffffff00","curve":"stepped"},{"time":0.8,"color":"ffffff00"},{"time":0.9333,"color":"ffffffff"},{"time":1.0333,"color":"ffffff00"}],"attachment":[{"time":0,"name":"add_07_"}]},"add_08_":{"color":[{"time":0,"color":"ffffff00","curve":"stepped"},{"time":0.9333,"color":"ffffff00"},{"time":1.0333,"color":"ffffffff"},{"time":1.1667,"color":"ffffff00"}],"attachment":[{"time":0,"name":"add_08_"}]},"shang_00_":{"color":[{"time":0,"color":"ffffffff"},{"time":0.5667,"color":"e4b7ffff"},{"time":1.1667,"color":"ffffffff"}],"attachment":[{"time":0.1333,"name":"shang_01_"},{"time":0.2667,"name":"shang_02_"},{"time":0.4,"name":"shang_03_"},{"time":0.5333,"name":"shang_04_"},{"time":0.6667,"name":"shang_05_"},{"time":0.8,"name":"shang_06_"},{"time":0.9333,"name":"shang_07_"},{"time":1.0333,"name":"shang_08_"},{"time":1.1667,"name":"shang_00_"}]},"zuanshi_00_":{"attachment":[{"time":0,"name":"zuanshi_00_"},{"time":0.1333,"name":"zuanshi_01_"},{"time":0.2667,"name":"zuanshi_02_"},{"time":0.4,"name":"zuanshi_03_"},{"time":0.5333,"name":"zuanshi_04_"},{"time":0.6667,"name":"zuanshi_05_"},{"time":0.8,"name":"zuanshi_06_"},{"time":0.9333,"name":"zuanshi_07_"},{"time":1.0333,"name":"zuanshi_08_"},{"time":1.1667,"name":"zuanshi_00_"}]}}}}}