{"skeleton":{"hash":"NhZBYChbyUay0CH83PWif/h4WaI","spine":"3.7.94","width":650,"height":650,"images":"./images/","audio":"D:/COK项目/Spine工程/皮肤—摄影玩家/摄影玩家—待机"},"bones":[{"name":"root"},{"name":"ground_","parent":"root"},{"name":"liuguang_L_","parent":"root","x":-10,"y":121.81,"scaleX":2,"scaleY":2},{"name":"liuguang_R","parent":"root","x":-10,"y":121.81,"scaleX":2,"scaleY":2},{"name":"gongji_","parent":"root","x":-17.63,"y":106.92},{"name":"shadow_gongji_","parent":"root","x":-17.63,"y":106.92,"scaleX":2,"scaleY":2},{"name":"zhaopian_","parent":"root","x":-17.63,"y":106.92,"scaleX":2,"scaleY":2},{"name":"yizi_R_","parent":"root","x":-17.63,"y":106.92},{"name":"yizi_L","parent":"root","x":-17.63,"y":106.92},{"name":"star_glow","parent":"root","rotation":92.71},{"name":"sheguang_lizi","parent":"root","scaleX":2,"scaleY":2},{"name":"sheguang_","parent":"root","y":249.1},{"name":"star_glow2","parent":"root","rotation":41.45},{"name":"star_glow3","parent":"root","rotation":-91.4}],"slots":[{"name":"ground_","bone":"ground_","attachment":"ground_"},{"name":"shadow_gongji_000_","bone":"shadow_gongji_"},{"name":"yizi_R_","bone":"yizi_R_","attachment":"yizi_R_000_"},{"name":"yizi_L","bone":"yizi_L","attachment":"yizi_L_000_"},{"name":"liuguang_R","bone":"liuguang_R","blend":"additive"},{"name":"liuguang_L_","bone":"liuguang_L_","blend":"additive"},{"name":"gongji_000_","bone":"gongji_"},{"name":"star_glow","bone":"star_glow","blend":"additive"},{"name":"star_glow3","bone":"star_glow3","blend":"additive"},{"name":"star_glow2","bone":"star_glow2","blend":"additive"},{"name":"zhaopian_","bone":"zhaopian_"},{"name":"sheguang_","bone":"sheguang_","blend":"additive"},{"name":"sheguang_lizi","bone":"sheguang_lizi","blend":"additive"}],"skins":{"default":{"gongji_000_":{"gongji_000_":{"width":650,"height":650},"gongji_003_":{"width":650,"height":650},"gongji_006_":{"width":650,"height":650},"gongji_009_":{"width":650,"height":650},"gongji_012_":{"width":650,"height":650},"gongji_015_":{"width":650,"height":650},"gongji_018_":{"width":650,"height":650},"gongji_021_":{"width":650,"height":650},"gongji_024_":{"width":650,"height":650},"gongji_027_":{"width":650,"height":650},"gongji_030_":{"width":650,"height":650},"gongji_033_":{"width":650,"height":650},"gongji_036_":{"width":650,"height":650},"gongji_039_":{"width":650,"height":650},"gongji_042_":{"width":650,"height":650},"gongji_045_":{"width":650,"height":650},"gongji_048_":{"width":650,"height":650},"gongji_051_":{"width":650,"height":650},"gongji_054_":{"width":650,"height":650},"gongji_057_":{"width":650,"height":650},"gongji_060_":{"width":650,"height":650},"gongji_063_":{"width":650,"height":650},"gongji_066_":{"width":650,"height":650},"gongji_069_":{"width":650,"height":650},"gongji_072_":{"width":650,"height":650},"gongji_075_":{"width":650,"height":650},"gongji_078_":{"width":650,"height":650},"gongji_081_":{"width":650,"height":650},"gongji_084_":{"width":650,"height":650},"gongji_087_":{"width":650,"height":650},"gongji_090_":{"width":650,"height":650},"gongji_093_":{"width":650,"height":650},"gongji_096_":{"width":650,"height":650},"gongji_099_":{"width":650,"height":650},"gongji_102_":{"width":650,"height":650},"gongji_105_":{"width":650,"height":650},"gongji_108_":{"width":650,"height":650},"gongji_111_":{"width":650,"height":650},"gongji_114_":{"width":650,"height":650},"gongji_117_":{"width":650,"height":650},"gongji_120_":{"width":650,"height":650},"gongji_123_":{"width":650,"height":650},"gongji_126_":{"width":650,"height":650},"gongji_129_":{"width":650,"height":650},"gongji_132_":{"width":650,"height":650},"gongji_135_":{"width":650,"height":650},"gongji_138_":{"width":650,"height":650},"gongji_141_":{"width":650,"height":650},"gongji_144_":{"width":650,"height":650},"gongji_147_":{"width":650,"height":650},"gongji_150_":{"width":650,"height":650}},"ground_":{"ground_":{"x":0.5,"y":0.5,"width":465,"height":249}},"liuguang_L_":{"liuguang_L_012_":{"x":0.5,"y":0.5,"width":325,"height":325},"liuguang_L_014_":{"x":0.5,"y":0.5,"width":325,"height":325},"liuguang_L_016_":{"x":0.5,"y":0.5,"width":325,"height":325},"liuguang_L_018_":{"x":0.5,"y":0.5,"width":325,"height":325},"liuguang_L_020_":{"x":0.5,"y":0.5,"width":325,"height":325},"liuguang_L_022_":{"x":0.5,"y":0.5,"width":325,"height":325},"liuguang_L_024_":{"x":0.5,"y":0.5,"width":325,"height":325},"liuguang_L_026_":{"x":0.5,"y":0.5,"width":325,"height":325},"liuguang_L_028_":{"x":0.5,"y":0.5,"width":325,"height":325},"liuguang_L_030_":{"x":0.5,"y":0.5,"width":325,"height":325},"liuguang_L_032_":{"x":0.5,"y":0.5,"width":325,"height":325},"liuguang_L_034_":{"x":0.5,"y":0.5,"width":325,"height":325},"liuguang_L_036_":{"x":0.5,"y":0.5,"width":325,"height":325},"liuguang_L_038_":{"x":0.5,"y":0.5,"width":325,"height":325},"liuguang_L_040_":{"x":0.5,"y":0.5,"width":325,"height":325},"liuguang_L_042_":{"x":0.5,"y":0.5,"width":325,"height":325}},"liuguang_R":{"liuguang_R_002_":{"x":0.5,"y":0.5,"width":325,"height":325},"liuguang_R_004_":{"x":0.5,"y":0.5,"width":325,"height":325},"liuguang_R_006_":{"x":0.5,"y":0.5,"width":325,"height":325},"liuguang_R_008_":{"x":0.5,"y":0.5,"width":325,"height":325},"liuguang_R_010_":{"x":0.5,"y":0.5,"width":325,"height":325},"liuguang_R_012_":{"x":0.5,"y":0.5,"width":325,"height":325},"liuguang_R_014_":{"x":0.5,"y":0.5,"width":325,"height":325},"liuguang_R_016_":{"x":0.5,"y":0.5,"width":325,"height":325},"liuguang_R_018_":{"x":0.5,"y":0.5,"width":325,"height":325},"liuguang_R_020_":{"x":0.5,"y":0.5,"width":325,"height":325},"liuguang_R_022_":{"x":0.5,"y":0.5,"width":325,"height":325},"liuguang_R_024_":{"x":0.5,"y":0.5,"width":325,"height":325},"liuguang_R_026_":{"x":0.5,"y":0.5,"width":325,"height":325},"liuguang_R_028_":{"x":0.5,"y":0.5,"width":325,"height":325},"liuguang_R_030_":{"x":0.5,"y":0.5,"width":325,"height":325},"liuguang_R_032_":{"x":0.5,"y":0.5,"width":325,"height":325},"liuguang_R_034_":{"x":0.5,"y":0.5,"width":325,"height":325},"liuguang_R_036_":{"x":0.5,"y":0.5,"width":325,"height":325},"liuguang_R_038_":{"x":0.5,"y":0.5,"width":325,"height":325}},"shadow_gongji_000_":{"shadow_gongji_000_":{"x":0.5,"y":0.5,"width":325,"height":325},"shadow_gongji_003_":{"x":0.5,"y":0.5,"width":325,"height":325},"shadow_gongji_006_":{"x":0.5,"y":0.5,"width":325,"height":325},"shadow_gongji_009_":{"x":0.5,"y":0.5,"width":325,"height":325},"shadow_gongji_012_":{"x":0.5,"y":0.5,"width":325,"height":325},"shadow_gongji_015_":{"x":0.5,"y":0.5,"width":325,"height":325},"shadow_gongji_018_":{"x":0.5,"y":0.5,"width":325,"height":325},"shadow_gongji_021_":{"x":0.5,"y":0.5,"width":325,"height":325},"shadow_gongji_024_":{"x":0.5,"y":0.5,"width":325,"height":325},"shadow_gongji_027_":{"x":0.5,"y":0.5,"width":325,"height":325},"shadow_gongji_030_":{"x":0.5,"y":0.5,"width":325,"height":325},"shadow_gongji_033_":{"x":0.5,"y":0.5,"width":325,"height":325},"shadow_gongji_036_":{"x":0.5,"y":0.5,"width":325,"height":325},"shadow_gongji_039_":{"x":0.5,"y":0.5,"width":325,"height":325},"shadow_gongji_042_":{"x":0.5,"y":0.5,"width":325,"height":325},"shadow_gongji_045_":{"x":0.5,"y":0.5,"width":325,"height":325},"shadow_gongji_048_":{"x":0.5,"y":0.5,"width":325,"height":325},"shadow_gongji_051_":{"x":0.5,"y":0.5,"width":325,"height":325},"shadow_gongji_054_":{"x":0.5,"y":0.5,"width":325,"height":325},"shadow_gongji_057_":{"x":0.5,"y":0.5,"width":325,"height":325},"shadow_gongji_060_":{"x":0.5,"y":0.5,"width":325,"height":325},"shadow_gongji_063_":{"x":0.5,"y":0.5,"width":325,"height":325},"shadow_gongji_066_":{"x":0.5,"y":0.5,"width":325,"height":325},"shadow_gongji_069_":{"x":0.5,"y":0.5,"width":325,"height":325},"shadow_gongji_072_":{"x":0.5,"y":0.5,"width":325,"height":325},"shadow_gongji_075_":{"x":0.5,"y":0.5,"width":325,"height":325},"shadow_gongji_078_":{"x":0.5,"y":0.5,"width":325,"height":325},"shadow_gongji_081_":{"x":0.5,"y":0.5,"width":325,"height":325},"shadow_gongji_084_":{"x":0.5,"y":0.5,"width":325,"height":325},"shadow_gongji_087_":{"x":0.5,"y":0.5,"width":325,"height":325},"shadow_gongji_090_":{"x":0.5,"y":0.5,"width":325,"height":325},"shadow_gongji_093_":{"x":0.5,"y":0.5,"width":325,"height":325},"shadow_gongji_096_":{"x":0.5,"y":0.5,"width":325,"height":325},"shadow_gongji_099_":{"x":0.5,"y":0.5,"width":325,"height":325},"shadow_gongji_102_":{"x":0.5,"y":0.5,"width":325,"height":325},"shadow_gongji_105_":{"x":0.5,"y":0.5,"width":325,"height":325},"shadow_gongji_108_":{"x":0.5,"y":0.5,"width":325,"height":325},"shadow_gongji_111_":{"x":0.5,"y":0.5,"width":325,"height":325},"shadow_gongji_114_":{"x":0.5,"y":0.5,"width":325,"height":325},"shadow_gongji_117_":{"x":0.5,"y":0.5,"width":325,"height":325},"shadow_gongji_120_":{"x":0.5,"y":0.5,"width":325,"height":325},"shadow_gongji_123_":{"x":0.5,"y":0.5,"width":325,"height":325},"shadow_gongji_126_":{"x":0.5,"y":0.5,"width":325,"height":325},"shadow_gongji_129_":{"x":0.5,"y":0.5,"width":325,"height":325},"shadow_gongji_132_":{"x":0.5,"y":0.5,"width":325,"height":325},"shadow_gongji_135_":{"x":0.5,"y":0.5,"width":325,"height":325},"shadow_gongji_138_":{"x":0.5,"y":0.5,"width":325,"height":325},"shadow_gongji_141_":{"x":0.5,"y":0.5,"width":325,"height":325},"shadow_gongji_144_":{"x":0.5,"y":0.5,"width":325,"height":325},"shadow_gongji_147_":{"x":0.5,"y":0.5,"width":325,"height":325},"shadow_gongji_150_":{"x":0.5,"y":0.5,"width":325,"height":325}},"sheguang_":{"sheguang_000_":{"width":512,"height":600}},"sheguang_lizi":{"sheguang_lizi_000_":{"width":256,"height":300},"sheguang_lizi_002_":{"width":256,"height":300},"sheguang_lizi_004_":{"width":256,"height":300},"sheguang_lizi_006_":{"width":256,"height":300},"sheguang_lizi_008_":{"width":256,"height":300},"sheguang_lizi_010_":{"width":256,"height":300},"sheguang_lizi_012_":{"width":256,"height":300},"sheguang_lizi_014_":{"width":256,"height":300},"sheguang_lizi_016_":{"width":256,"height":300},"sheguang_lizi_018_":{"width":256,"height":300},"sheguang_lizi_020_":{"width":256,"height":300},"sheguang_lizi_022_":{"width":256,"height":300},"sheguang_lizi_024_":{"width":256,"height":300},"sheguang_lizi_026_":{"width":256,"height":300},"sheguang_lizi_028_":{"width":256,"height":300},"sheguang_lizi_030_":{"width":256,"height":300},"sheguang_lizi_032_":{"width":256,"height":300},"sheguang_lizi_034_":{"width":256,"height":300},"sheguang_lizi_036_":{"width":256,"height":300},"sheguang_lizi_038_":{"width":256,"height":300},"sheguang_lizi_040_":{"width":256,"height":300},"sheguang_lizi_042_":{"width":256,"height":300},"sheguang_lizi_044_":{"width":256,"height":300}},"star_glow":{"star_glow_000_":{"width":300,"height":300}},"star_glow2":{"star_glow_000_":{"width":300,"height":300}},"star_glow3":{"star_glow_000_":{"width":300,"height":300}},"yizi_L":{"yizi_L_000_":{"width":650,"height":650}},"yizi_R_":{"yizi_R_000_":{"width":650,"height":650}},"zhaopian_":{"zhaopian_118_":{"x":0.5,"y":0.5,"width":325,"height":325},"zhaopian_120_":{"x":0.5,"y":0.5,"width":325,"height":325},"zhaopian_122_":{"x":0.5,"y":0.5,"width":325,"height":325},"zhaopian_124_":{"x":0.5,"y":0.5,"width":325,"height":325},"zhaopian_126_":{"x":0.5,"y":0.5,"width":325,"height":325},"zhaopian_128_":{"x":0.5,"y":0.5,"width":325,"height":325},"zhaopian_130_":{"x":0.5,"y":0.5,"width":325,"height":325},"zhaopian_132_":{"x":0.5,"y":0.5,"width":325,"height":325},"zhaopian_134_":{"x":0.5,"y":0.5,"width":325,"height":325},"zhaopian_136_":{"x":0.5,"y":0.5,"width":325,"height":325},"zhaopian_138_":{"x":0.5,"y":0.5,"width":325,"height":325},"zhaopian_140_":{"x":0.5,"y":0.5,"width":325,"height":325},"zhaopian_142_":{"x":0.5,"y":0.5,"width":325,"height":325},"zhaopian_144_":{"x":0.5,"y":0.5,"width":325,"height":325},"zhaopian_146_":{"x":0.5,"y":0.5,"width":325,"height":325},"zhaopian_148_":{"x":0.5,"y":0.5,"width":325,"height":325},"zhaopian_150_":{"x":0.5,"y":0.5,"width":325,"height":325}}}},"animations":{"animation":{"slots":{"gongji_000_":{"attachment":[{"time":0,"name":"gongji_000_"},{"time":0.1,"name":"gongji_003_"},{"time":0.2,"name":"gongji_006_"},{"time":0.3,"name":"gongji_009_"},{"time":0.4,"name":"gongji_012_"},{"time":0.5,"name":"gongji_015_"},{"time":0.6,"name":"gongji_018_"},{"time":0.7,"name":"gongji_021_"},{"time":0.8,"name":"gongji_024_"},{"time":0.9,"name":"gongji_027_"},{"time":1,"name":"gongji_030_"},{"time":1.1,"name":"gongji_033_"},{"time":1.2,"name":"gongji_036_"},{"time":1.3,"name":"gongji_039_"},{"time":1.4,"name":"gongji_042_"},{"time":1.5,"name":"gongji_045_"},{"time":1.6,"name":"gongji_048_"},{"time":1.7,"name":"gongji_051_"},{"time":1.8,"name":"gongji_054_"},{"time":1.9,"name":"gongji_057_"},{"time":2,"name":"gongji_060_"},{"time":2.1,"name":"gongji_063_"},{"time":2.2,"name":"gongji_066_"},{"time":2.3,"name":"gongji_069_"},{"time":2.4,"name":"gongji_072_"},{"time":2.5,"name":"gongji_075_"},{"time":2.6,"name":"gongji_078_"},{"time":2.7,"name":"gongji_081_"},{"time":2.8,"name":"gongji_084_"},{"time":2.9,"name":"gongji_087_"},{"time":3,"name":"gongji_090_"},{"time":3.1,"name":"gongji_093_"},{"time":3.2,"name":"gongji_096_"},{"time":3.3,"name":"gongji_099_"},{"time":3.4,"name":"gongji_102_"},{"time":3.5,"name":"gongji_105_"},{"time":3.6,"name":"gongji_108_"},{"time":3.7,"name":"gongji_111_"},{"time":3.8,"name":"gongji_114_"},{"time":3.9,"name":"gongji_117_"},{"time":4,"name":"gongji_120_"},{"time":4.1,"name":"gongji_123_"},{"time":4.2,"name":"gongji_126_"},{"time":4.3,"name":"gongji_129_"},{"time":4.4,"name":"gongji_132_"},{"time":4.5,"name":"gongji_135_"},{"time":4.6,"name":"gongji_138_"},{"time":4.7,"name":"gongji_141_"},{"time":4.8,"name":"gongji_144_"},{"time":4.9,"name":"gongji_147_"},{"time":5,"name":"gongji_150_"},{"time":5.1,"name":null}]},"liuguang_L_":{"attachment":[{"time":3.6667,"name":"liuguang_L_012_"},{"time":3.7333,"name":"liuguang_L_014_"},{"time":3.8,"name":"liuguang_L_016_"},{"time":3.8667,"name":"liuguang_L_018_"},{"time":3.9333,"name":"liuguang_L_020_"},{"time":4,"name":"liuguang_L_022_"},{"time":4.0667,"name":"liuguang_L_024_"},{"time":4.1333,"name":"liuguang_L_026_"},{"time":4.2,"name":"liuguang_L_028_"},{"time":4.2667,"name":"liuguang_L_030_"},{"time":4.3333,"name":"liuguang_L_032_"},{"time":4.4,"name":"liuguang_L_034_"},{"time":4.4667,"name":"liuguang_L_036_"},{"time":4.5333,"name":"liuguang_L_038_"},{"time":4.6,"name":"liuguang_L_040_"},{"time":4.6667,"name":"liuguang_L_042_"},{"time":4.7333,"name":null}]},"liuguang_R":{"attachment":[{"time":0,"name":"liuguang_R_002_"},{"time":0.0667,"name":"liuguang_R_004_"},{"time":0.1333,"name":"liuguang_R_006_"},{"time":0.2,"name":"liuguang_R_008_"},{"time":0.2667,"name":"liuguang_R_010_"},{"time":0.3333,"name":"liuguang_R_012_"},{"time":0.4,"name":"liuguang_R_014_"},{"time":0.4667,"name":"liuguang_R_016_"},{"time":0.5333,"name":"liuguang_R_018_"},{"time":0.6,"name":"liuguang_R_020_"},{"time":0.6667,"name":"liuguang_R_022_"},{"time":0.7333,"name":"liuguang_R_024_"},{"time":0.8,"name":"liuguang_R_026_"},{"time":0.8667,"name":"liuguang_R_028_"},{"time":0.9333,"name":"liuguang_R_030_"},{"time":1,"name":"liuguang_R_032_"},{"time":1.0667,"name":"liuguang_R_034_"},{"time":1.1333,"name":"liuguang_R_036_"},{"time":1.2,"name":"liuguang_R_038_"},{"time":1.2667,"name":null}]},"shadow_gongji_000_":{"attachment":[{"time":0,"name":"shadow_gongji_000_"},{"time":0.1,"name":"shadow_gongji_003_"},{"time":0.2,"name":"shadow_gongji_006_"},{"time":0.3,"name":"shadow_gongji_009_"},{"time":0.4,"name":"shadow_gongji_012_"},{"time":0.5,"name":"shadow_gongji_015_"},{"time":0.6,"name":"shadow_gongji_018_"},{"time":0.7,"name":"shadow_gongji_021_"},{"time":0.8,"name":"shadow_gongji_024_"},{"time":0.9,"name":"shadow_gongji_027_"},{"time":1,"name":"shadow_gongji_030_"},{"time":1.1,"name":"shadow_gongji_033_"},{"time":1.2,"name":"shadow_gongji_036_"},{"time":1.3,"name":"shadow_gongji_039_"},{"time":1.4,"name":"shadow_gongji_042_"},{"time":1.5,"name":"shadow_gongji_045_"},{"time":1.6,"name":"shadow_gongji_048_"},{"time":1.7,"name":"shadow_gongji_051_"},{"time":1.8,"name":"shadow_gongji_054_"},{"time":1.9,"name":"shadow_gongji_057_"},{"time":2,"name":"shadow_gongji_060_"},{"time":2.1,"name":"shadow_gongji_063_"},{"time":2.2,"name":"shadow_gongji_066_"},{"time":2.3,"name":"shadow_gongji_069_"},{"time":2.4,"name":"shadow_gongji_072_"},{"time":2.5,"name":"shadow_gongji_075_"},{"time":2.6,"name":"shadow_gongji_078_"},{"time":2.7,"name":"shadow_gongji_081_"},{"time":2.8,"name":"shadow_gongji_084_"},{"time":2.9,"name":"shadow_gongji_087_"},{"time":3,"name":"shadow_gongji_090_"},{"time":3.1,"name":"shadow_gongji_093_"},{"time":3.2,"name":"shadow_gongji_096_"},{"time":3.3,"name":"shadow_gongji_099_"},{"time":3.4,"name":"shadow_gongji_102_"},{"time":3.5,"name":"shadow_gongji_105_"},{"time":3.6,"name":"shadow_gongji_108_"},{"time":3.7,"name":"shadow_gongji_111_"},{"time":3.8,"name":"shadow_gongji_114_"},{"time":3.9,"name":"shadow_gongji_117_"},{"time":4,"name":"shadow_gongji_120_"},{"time":4.1,"name":"shadow_gongji_123_"},{"time":4.2,"name":"shadow_gongji_126_"},{"time":4.3,"name":"shadow_gongji_129_"},{"time":4.4,"name":"shadow_gongji_132_"},{"time":4.5,"name":"shadow_gongji_135_"},{"time":4.6,"name":"shadow_gongji_138_"},{"time":4.7,"name":"shadow_gongji_141_"},{"time":4.8,"name":"shadow_gongji_144_"},{"time":4.9,"name":"shadow_gongji_147_"},{"time":5,"name":"shadow_gongji_150_"},{"time":5.1,"name":null}]},"sheguang_":{"color":[{"time":4.0667,"color":"ffffffff","curve":"stepped"},{"time":4.6667,"color":"ffffffff","curve":[0.25,0,0.93,0.91]},{"time":5,"color":"ffffff00"}],"attachment":[{"time":4.0667,"name":"sheguang_000_"}]},"sheguang_lizi":{"attachment":[{"time":0,"name":"sheguang_lizi_032_"},{"time":0.0667,"name":"sheguang_lizi_034_"},{"time":0.1333,"name":"sheguang_lizi_036_"},{"time":0.2,"name":"sheguang_lizi_038_"},{"time":0.2667,"name":"sheguang_lizi_040_"},{"time":0.3333,"name":"sheguang_lizi_042_"},{"time":0.4,"name":"sheguang_lizi_044_"},{"time":0.4667,"name":null},{"time":4.0333,"name":"sheguang_lizi_000_"},{"time":4.1,"name":"sheguang_lizi_002_"},{"time":4.1667,"name":"sheguang_lizi_004_"},{"time":4.2333,"name":"sheguang_lizi_006_"},{"time":4.3,"name":"sheguang_lizi_008_"},{"time":4.3667,"name":"sheguang_lizi_010_"},{"time":4.4333,"name":"sheguang_lizi_012_"},{"time":4.5,"name":"sheguang_lizi_014_"},{"time":4.5667,"name":"sheguang_lizi_016_"},{"time":4.6333,"name":"sheguang_lizi_018_"},{"time":4.7,"name":"sheguang_lizi_020_"},{"time":4.7667,"name":"sheguang_lizi_022_"},{"time":4.8333,"name":"sheguang_lizi_024_"},{"time":4.9,"name":"sheguang_lizi_026_"},{"time":4.9667,"name":"sheguang_lizi_028_"},{"time":5.0333,"name":"sheguang_lizi_030_"}]},"star_glow":{"attachment":[{"time":2.6667,"name":"star_glow_000_"}]},"star_glow2":{"attachment":[{"time":2.8333,"name":"star_glow_000_"}]},"star_glow3":{"attachment":[{"time":2.9667,"name":"star_glow_000_"}]},"zhaopian_":{"attachment":[{"time":4.0333,"name":"zhaopian_118_"},{"time":4.1,"name":"zhaopian_120_"},{"time":4.1667,"name":"zhaopian_122_"},{"time":4.2333,"name":"zhaopian_124_"},{"time":4.3,"name":"zhaopian_126_"},{"time":4.3667,"name":"zhaopian_128_"},{"time":4.4333,"name":"zhaopian_130_"},{"time":4.5,"name":"zhaopian_132_"},{"time":4.5667,"name":"zhaopian_134_"},{"time":4.6333,"name":"zhaopian_136_"},{"time":4.7,"name":"zhaopian_138_"},{"time":4.7667,"name":"zhaopian_140_"},{"time":4.8333,"name":"zhaopian_142_"},{"time":4.9,"name":"zhaopian_144_"},{"time":4.9667,"name":"zhaopian_146_"},{"time":5.0333,"name":"zhaopian_148_"},{"time":5.1,"name":"zhaopian_150_"}]}},"bones":{"liuguang_L_":{"translate":[{"time":0,"x":-8.76,"y":-18.37}]},"liuguang_R":{"translate":[{"time":0,"x":-8.88,"y":-15.48}]},"star_glow":{"translate":[{"time":0,"x":73.36,"y":101.52}],"scale":[{"time":2.6667,"x":1,"y":1,"curve":[0.326,0,1,0.81]},{"time":2.8333,"x":0,"y":0}]},"star_glow2":{"translate":[{"time":0,"x":73.36,"y":101.52}],"scale":[{"time":2.8333,"x":1,"y":1,"curve":[0.326,0,1,0.81]},{"time":2.9667,"x":0,"y":0}]},"star_glow3":{"translate":[{"time":0,"x":73.36,"y":101.52}],"scale":[{"time":2.9667,"x":1,"y":1,"curve":[0.326,0,1,0.81]},{"time":3.1333,"x":0,"y":0}]},"sheguang_":{"scale":[{"time":0,"x":1,"y":1},{"time":4.0667,"x":0,"y":1,"curve":[0,0.21,0.75,1]},{"time":4.2333,"x":1,"y":1}]},"zhaopian_":{"translate":[{"time":0,"x":8.57,"y":47.99}]},"sheguang_lizi":{"translate":[{"time":0,"x":0,"y":202.25}]}}}}}