{
"skeleton": { "hash": "Vl/fg56x00JxDX88ye7xQxpcD28", "spine": "2.1.27", "width": 663, "height": 917 },
"bones": [
	{ "name": "root" }
],
"slots": [
	{ "name": "BLCB_zhongji_", "bone": "root", "attachment": "BLCB_zhongji_" },
	{ "name": "BLCB_zj_0027_4_", "bone": "root", "attachment": "BLCB_zj_0027_4_" },
	{ "name": "BLCB_zj_0027_3_", "bone": "root", "attachment": "BLCB_zj_0027_3_" },
	{ "name": "BLCB_zj_0027_2_", "bone": "root", "attachment": "BLCB_zj_0027_2_" },
	{ "name": "BLCB_zj_0027_1_", "bone": "root", "attachment": "BLCB_zj_0027_1_" },
	{ "name": "BLCB_zj_0026_4_", "bone": "root", "attachment": "BLCB_zj_0026_4_" },
	{ "name": "BLCB_zj_0026_3_", "bone": "root", "attachment": "BLCB_zj_0026_3_" },
	{ "name": "BLCB_zj_0026_2_", "bone": "root", "attachment": "BLCB_zj_0026_2_" },
	{ "name": "BLCB_zj_0026_1_", "bone": "root", "attachment": "BLCB_zj_0026_1_" },
	{ "name": "BLCB_zj_0025_4_", "bone": "root", "attachment": "BLCB_zj_0025_4_" },
	{ "name": "BLCB_zj_0025_3_", "bone": "root", "attachment": "BLCB_zj_0025_3_" },
	{ "name": "BLCB_zj_0025_2_", "bone": "root", "attachment": "BLCB_zj_0025_2_" },
	{ "name": "BLCB_zj_0025_1_", "bone": "root", "attachment": "BLCB_zj_0025_1_" },
	{ "name": "BLCB_zj_0024_4_", "bone": "root", "attachment": "BLCB_zj_0024_4_" },
	{ "name": "BLCB_zj_0024_3_", "bone": "root", "attachment": "BLCB_zj_0024_3_" },
	{ "name": "BLCB_zj_0024_2_", "bone": "root", "attachment": "BLCB_zj_0024_2_" },
	{ "name": "BLCB_zj_0024_1_", "bone": "root", "attachment": "BLCB_zj_0024_1_" },
	{ "name": "BLCB_zj_0023_4_", "bone": "root", "attachment": "BLCB_zj_0023_4_" },
	{ "name": "BLCB_zj_0023_3_", "bone": "root", "attachment": "BLCB_zj_0023_3_" },
	{ "name": "BLCB_zj_0023_2_", "bone": "root", "attachment": "BLCB_zj_0023_2_" },
	{ "name": "BLCB_zj_0023_1_", "bone": "root", "attachment": "BLCB_zj_0023_1_" },
	{ "name": "BLCB_zj_0022_4_", "bone": "root", "attachment": "BLCB_zj_0022_4_" },
	{ "name": "BLCB_zj_0022_3_", "bone": "root", "attachment": "BLCB_zj_0022_3_" },
	{ "name": "BLCB_zj_0022_2_", "bone": "root", "attachment": "BLCB_zj_0022_2_" },
	{ "name": "BLCB_zj_0022_1_", "bone": "root", "attachment": "BLCB_zj_0022_1_" },
	{ "name": "BLCB_zj_0021_5_", "bone": "root", "attachment": "BLCB_zj_0021_5_" },
	{ "name": "BLCB_zj_0021_4_", "bone": "root", "attachment": "BLCB_zj_0021_4_" },
	{ "name": "BLCB_zj_0021_3_", "bone": "root", "attachment": "BLCB_zj_0021_3_" },
	{ "name": "BLCB_zj_0021_2_", "bone": "root", "attachment": "BLCB_zj_0021_2_" },
	{ "name": "BLCB_zj_0021_1_", "bone": "root", "attachment": "BLCB_zj_0021_1_" },
	{ "name": "BLCB_zj_0020_5_", "bone": "root", "attachment": "BLCB_zj_0020_5_" },
	{ "name": "BLCB_zj_0020_4_", "bone": "root", "attachment": "BLCB_zj_0020_4_" },
	{ "name": "BLCB_zj_0020_3_", "bone": "root", "attachment": "BLCB_zj_0020_3_" },
	{ "name": "BLCB_zj_0020_2_", "bone": "root", "attachment": "BLCB_zj_0020_2_" },
	{ "name": "BLCB_zj_0020_1_", "bone": "root", "attachment": "BLCB_zj_0020_1_" },
	{ "name": "BLCB_zj_0019_5_", "bone": "root", "attachment": "BLCB_zj_0019_5_" },
	{ "name": "BLCB_zj_0019_4_", "bone": "root", "attachment": "BLCB_zj_0019_4_" },
	{ "name": "BLCB_zj_0019_3_", "bone": "root", "attachment": "BLCB_zj_0019_3_" },
	{ "name": "BLCB_zj_0019_2_", "bone": "root", "attachment": "BLCB_zj_0019_2_" },
	{ "name": "BLCB_zj_0019_1_", "bone": "root", "attachment": "BLCB_zj_0019_1_" },
	{ "name": "BLCB_zj_0018_5_", "bone": "root", "attachment": "BLCB_zj_0018_5_" },
	{ "name": "BLCB_zj_0018_4_", "bone": "root", "attachment": "BLCB_zj_0018_4_" },
	{ "name": "BLCB_zj_0018_3_", "bone": "root", "attachment": "BLCB_zj_0018_3_" },
	{ "name": "BLCB_zj_0018_2_", "bone": "root", "attachment": "BLCB_zj_0018_2_" },
	{ "name": "BLCB_zj_0018_1_", "bone": "root", "attachment": "BLCB_zj_0018_1_" },
	{ "name": "BLCB_zj_0017_4_", "bone": "root", "attachment": "BLCB_zj_0017_4_" },
	{ "name": "BLCB_zj_0017_3_", "bone": "root", "attachment": "BLCB_zj_0017_3_" },
	{ "name": "BLCB_zj_0017_2_", "bone": "root", "attachment": "BLCB_zj_0017_2_" },
	{ "name": "BLCB_zj_0017_1_", "bone": "root", "attachment": "BLCB_zj_0017_1_" },
	{ "name": "BLCB_zj_0016_4_", "bone": "root", "attachment": "BLCB_zj_0016_4_" },
	{ "name": "BLCB_zj_0016_3_", "bone": "root", "attachment": "BLCB_zj_0016_3_" },
	{ "name": "BLCB_zj_0016_2_", "bone": "root", "attachment": "BLCB_zj_0016_2_" },
	{ "name": "BLCB_zj_0016_1_", "bone": "root", "attachment": "BLCB_zj_0016_1_" },
	{ "name": "BLCB_zj_0015_4_", "bone": "root", "attachment": "BLCB_zj_0015_4_" },
	{ "name": "BLCB_zj_0015_3_", "bone": "root", "attachment": "BLCB_zj_0015_3_" },
	{ "name": "BLCB_zj_0015_2_", "bone": "root", "attachment": "BLCB_zj_0015_2_" },
	{ "name": "BLCB_zj_0015_1_", "bone": "root", "attachment": "BLCB_zj_0015_1_" },
	{ "name": "BLCB_zj_0014_4_", "bone": "root", "attachment": "BLCB_zj_0014_4_" },
	{ "name": "BLCB_zj_0014_3_", "bone": "root", "attachment": "BLCB_zj_0014_3_" },
	{ "name": "BLCB_zj_0014_2_", "bone": "root", "attachment": "BLCB_zj_0014_2_" },
	{ "name": "BLCB_zj_0014_1_", "bone": "root", "attachment": "BLCB_zj_0014_1_" },
	{ "name": "BLCB_zj_0013_6_", "bone": "root", "attachment": "BLCB_zj_0013_6_" },
	{ "name": "BLCB_zj_0013_5_", "bone": "root", "attachment": "BLCB_zj_0013_5_" },
	{ "name": "BLCB_zj_0013_4_", "bone": "root", "attachment": "BLCB_zj_0013_4_" },
	{ "name": "BLCB_zj_0013_2_", "bone": "root", "attachment": "BLCB_zj_0013_2_" },
	{ "name": "BLCB_zj_0013_1_", "bone": "root", "attachment": "BLCB_zj_0013_1_" },
	{ "name": "BLCB_zj_0012_4_", "bone": "root", "attachment": "BLCB_zj_0012_4_" },
	{ "name": "BLCB_zj_0012_3_", "bone": "root", "attachment": "BLCB_zj_0012_3_" },
	{ "name": "BLCB_zj_0012_2_", "bone": "root", "attachment": "BLCB_zj_0012_2_" },
	{ "name": "BLCB_zj_0012_1_", "bone": "root", "attachment": "BLCB_zj_0012_1_" },
	{ "name": "BLCB_zj_0011_4_", "bone": "root", "attachment": "BLCB_zj_0011_4_" },
	{ "name": "BLCB_zj_0011_3_", "bone": "root", "attachment": "BLCB_zj_0011_3_" },
	{ "name": "BLCB_zj_0011_1_", "bone": "root", "attachment": "BLCB_zj_0011_1_" },
	{ "name": "BLCB_zj_0011_2_", "bone": "root", "attachment": "BLCB_zj_0011_2_" },
	{ "name": "BLCB_zj_0010_4_", "bone": "root", "attachment": "BLCB_zj_0010_4_" },
	{ "name": "BLCB_zj_0010_3_", "bone": "root", "attachment": "BLCB_zj_0010_3_" },
	{ "name": "BLCB_zj_0010_2_", "bone": "root", "attachment": "BLCB_zj_0010_2_" },
	{ "name": "BLCB_zj_0010_1_", "bone": "root", "attachment": "BLCB_zj_0010_1_" },
	{ "name": "BLCB_zj_0009_4_", "bone": "root", "attachment": "BLCB_zj_0009_4_" },
	{ "name": "BLCB_zj_0009_3_", "bone": "root", "attachment": "BLCB_zj_0009_3_" },
	{ "name": "BLCB_zj_0009_1_", "bone": "root", "attachment": "BLCB_zj_0009_1_" },
	{ "name": "BLCB_zj_0009_2_", "bone": "root", "attachment": "BLCB_zj_0009_2_" },
	{ "name": "BLCB_zj_0008_4_", "bone": "root", "attachment": "BLCB_zj_0008_4_" },
	{ "name": "BLCB_zj_0008_3_", "bone": "root", "attachment": "BLCB_zj_0008_3_" },
	{ "name": "BLCB_zj_0008_2_", "bone": "root", "attachment": "BLCB_zj_0008_2_" },
	{ "name": "BLCB_zj_0008_1_", "bone": "root", "attachment": "BLCB_zj_0008_1_" },
	{ "name": "BLCB_zj_0007_5_", "bone": "root", "attachment": "BLCB_zj_0007_5_" },
	{ "name": "BLCB_zj_0007_4_", "bone": "root", "attachment": "BLCB_zj_0007_4_" },
	{ "name": "BLCB_zj_0007_3_", "bone": "root", "attachment": "BLCB_zj_0007_3_" },
	{ "name": "BLCB_zj_0007_2_", "bone": "root", "attachment": "BLCB_zj_0007_2_" },
	{ "name": "BLCB_zj_0007_1_", "bone": "root", "attachment": "BLCB_zj_0007_1_" },
	{ "name": "BLCB_zj_0006_4_", "bone": "root", "attachment": "BLCB_zj_0006_4_" },
	{ "name": "BLCB_zj_0006_3_", "bone": "root", "attachment": "BLCB_zj_0006_3_" },
	{ "name": "BLCB_zj_0006_2_", "bone": "root", "attachment": "BLCB_zj_0006_2_" },
	{ "name": "BLCB_zj_0006_1_", "bone": "root", "attachment": "BLCB_zj_0006_1_" },
	{ "name": "BLCB_zj_0005_4_", "bone": "root", "attachment": "BLCB_zj_0005_4_" },
	{ "name": "BLCB_zj_0005_3_", "bone": "root", "attachment": "BLCB_zj_0005_3_" },
	{ "name": "BLCB_zj_0005_2_", "bone": "root", "attachment": "BLCB_zj_0005_2_" },
	{ "name": "BLCB_zj_0005_1_", "bone": "root", "attachment": "BLCB_zj_0005_1_" },
	{ "name": "BLCB_zj_0004_4_", "bone": "root", "attachment": "BLCB_zj_0004_4_" },
	{ "name": "BLCB_zj_0004_3_", "bone": "root", "attachment": "BLCB_zj_0004_3_" },
	{ "name": "BLCB_zj_0004_1_", "bone": "root", "attachment": "BLCB_zj_0004_1_" },
	{ "name": "BLCB_zj_0004_2_", "bone": "root", "attachment": "BLCB_zj_0004_2_" },
	{ "name": "BLCB_zj_0003_4_", "bone": "root", "attachment": "BLCB_zj_0003_4_" },
	{ "name": "BLCB_zj_0003_3_", "bone": "root", "attachment": "BLCB_zj_0003_3_" },
	{ "name": "BLCB_zj_0003_2_", "bone": "root", "attachment": "BLCB_zj_0003_2_" },
	{ "name": "BLCB_zj_0003_1_", "bone": "root", "attachment": "BLCB_zj_0003_1_" },
	{ "name": "BLCB_zj_0002_5_", "bone": "root", "attachment": "BLCB_zj_0002_5_" },
	{ "name": "BLCB_zj_0002_4_", "bone": "root", "attachment": "BLCB_zj_0002_4_" },
	{ "name": "BLCB_zj_0002_3_", "bone": "root", "attachment": "BLCB_zj_0002_3_" },
	{ "name": "BLCB_zj_0002_2_", "bone": "root", "attachment": "BLCB_zj_0002_2_" },
	{ "name": "BLCB_zj_0002_1_", "bone": "root", "attachment": "BLCB_zj_0002_1_" },
	{ "name": "BLCB_zj_0001_4_", "bone": "root", "attachment": "BLCB_zj_0001_4_" },
	{ "name": "BLCB_zj_0001_3_", "bone": "root", "attachment": "BLCB_zj_0001_3_" },
	{ "name": "BLCB_zj_0001_2_", "bone": "root", "attachment": "BLCB_zj_0001_2_" },
	{ "name": "BLCB_zj_0001_1_", "bone": "root", "attachment": "BLCB_zj_0001_1_" },
	{ "name": "BLCB_zj_0000_4_", "bone": "root", "attachment": "BLCB_zj_0000_4_" },
	{ "name": "BLCB_zj_0000_3_", "bone": "root", "attachment": "BLCB_zj_0000_3_" },
	{ "name": "BLCB_zj_0000_2_", "bone": "root", "attachment": "BLCB_zj_0000_2_" },
	{ "name": "BLCB_zj_0000_1_", "bone": "root", "attachment": "BLCB_zj_0000_1_" },
	{ "name": "BLCB_dj_0008_4_", "bone": "root", "attachment": "BLCB_dj_0008_4_" },
	{ "name": "BLCB_dj_0008_3_", "bone": "root", "attachment": "BLCB_dj_0008_3_" },
	{ "name": "BLCB_dj_0008_2_", "bone": "root", "attachment": "BLCB_dj_0008_2_" },
	{ "name": "BLCB_dj_0008_1_", "bone": "root", "attachment": "BLCB_dj_0008_1_" },
	{ "name": "BLCB_dj_0007_5_", "bone": "root", "attachment": "BLCB_dj_0007_5_" },
	{ "name": "BLCB_dj_0007_4_", "bone": "root", "attachment": "BLCB_dj_0007_4_" },
	{ "name": "BLCB_dj_0007_3_", "bone": "root", "attachment": "BLCB_dj_0007_3_" },
	{ "name": "BLCB_dj_0007_2_", "bone": "root", "attachment": "BLCB_dj_0007_2_" },
	{ "name": "BLCB_dj_0007_1_", "bone": "root", "attachment": "BLCB_dj_0007_1_" },
	{ "name": "BLCB_dj_0006_4_", "bone": "root", "attachment": "BLCB_dj_0006_4_" },
	{ "name": "BLCB_dj_0006_3_", "bone": "root", "attachment": "BLCB_dj_0006_3_" },
	{ "name": "BLCB_dj_0006_2_", "bone": "root", "attachment": "BLCB_dj_0006_2_" },
	{ "name": "BLCB_dj_0006_1_", "bone": "root", "attachment": "BLCB_dj_0006_1_" },
	{ "name": "BLCB_dj_0005_4_", "bone": "root", "attachment": "BLCB_dj_0005_4_" },
	{ "name": "BLCB_dj_0005_3_", "bone": "root", "attachment": "BLCB_dj_0005_3_" },
	{ "name": "BLCB_dj_0005_2_", "bone": "root", "attachment": "BLCB_dj_0005_2_" },
	{ "name": "BLCB_dj_0005_1_", "bone": "root", "attachment": "BLCB_dj_0005_1_" },
	{ "name": "BLCB_dj_0004_4_", "bone": "root", "attachment": "BLCB_dj_0004_4_" },
	{ "name": "BLCB_dj_0004_3_", "bone": "root", "attachment": "BLCB_dj_0004_3_" },
	{ "name": "BLCB_dj_0004_2_", "bone": "root", "attachment": "BLCB_dj_0004_2_" },
	{ "name": "BLCB_dj_0004_1_", "bone": "root", "attachment": "BLCB_dj_0004_1_" },
	{ "name": "BLCB_dj_0003_4_", "bone": "root", "attachment": "BLCB_dj_0003_4_" },
	{ "name": "BLCB_dj_0003_3_", "bone": "root", "attachment": "BLCB_dj_0003_3_" },
	{ "name": "BLCB_dj_0003_2_", "bone": "root", "attachment": "BLCB_dj_0003_2_" },
	{ "name": "BLCB_dj_0003_1_", "bone": "root", "attachment": "BLCB_dj_0003_1_" },
	{ "name": "BLCB_dj_0002_4_", "bone": "root", "attachment": "BLCB_dj_0002_4_" },
	{ "name": "BLCB_dj_0002_3_", "bone": "root", "attachment": "BLCB_dj_0002_3_" },
	{ "name": "BLCB_dj_0002_2_", "bone": "root", "attachment": "BLCB_dj_0002_2_" },
	{ "name": "BLCB_dj_0002_1_", "bone": "root", "attachment": "BLCB_dj_0002_1_" },
	{ "name": "BLCB_dj_0001_4_", "bone": "root", "attachment": "BLCB_dj_0001_4_" },
	{ "name": "BLCB_dj_0001_3_", "bone": "root", "attachment": "BLCB_dj_0001_3_" },
	{ "name": "BLCB_dj_0001_2_", "bone": "root", "attachment": "BLCB_dj_0001_2_" },
	{ "name": "BLCB_dj_0001_1_", "bone": "root", "attachment": "BLCB_dj_0001_1_" },
	{ "name": "BLCB_dj_0000_4_", "bone": "root", "attachment": "BLCB_dj_0000_4_" },
	{ "name": "BLCB_dj_0000_3_", "bone": "root", "attachment": "BLCB_dj_0000_3_" },
	{ "name": "BLCB_dj_0000_2_", "bone": "root", "attachment": "BLCB_dj_0000_2_" },
	{ "name": "BLCB_dj_0000_1_", "bone": "root", "attachment": "BLCB_dj_0000_1_" }
],
"skins": {
	"default": {
		"BLCB_dj_0000_1_": {
			"BLCB_dj_0000_1_": { "x": -229.84, "y": 463.44, "width": 64, "height": 52 }
		},
		"BLCB_dj_0000_2_": {
			"BLCB_dj_0000_2_": { "x": -96.34, "y": 355.44, "width": 75, "height": 42 }
		},
		"BLCB_dj_0000_3_": {
			"BLCB_dj_0000_3_": { "x": -61.84, "y": 428.94, "width": 112, "height": 105 }
		},
		"BLCB_dj_0000_4_": {
			"BLCB_dj_0000_4_": { "x": -157.84, "y": 433.44, "width": 80, "height": 114 }
		},
		"BLCB_dj_0001_1_": {
			"BLCB_dj_0001_1_": { "x": -231.84, "y": 463.44, "width": 68, "height": 52 }
		},
		"BLCB_dj_0001_2_": {
			"BLCB_dj_0001_2_": { "x": -96.34, "y": 353.44, "width": 75, "height": 44 }
		},
		"BLCB_dj_0001_3_": {
			"BLCB_dj_0001_3_": { "x": -63.34, "y": 426.94, "width": 119, "height": 103 }
		},
		"BLCB_dj_0001_4_": {
			"BLCB_dj_0001_4_": { "x": -160.34, "y": 433.94, "width": 75, "height": 113 }
		},
		"BLCB_dj_0002_1_": {
			"BLCB_dj_0002_1_": { "x": -232.34, "y": 460.94, "width": 69, "height": 57 }
		},
		"BLCB_dj_0002_2_": {
			"BLCB_dj_0002_2_": { "x": -166.84, "y": 433.44, "width": 62, "height": 112 }
		},
		"BLCB_dj_0002_3_": {
			"BLCB_dj_0002_3_": { "x": -96.84, "y": 353.44, "width": 74, "height": 50 }
		},
		"BLCB_dj_0002_4_": {
			"BLCB_dj_0002_4_": { "x": -69.34, "y": 426.94, "width": 133, "height": 97 }
		},
		"BLCB_dj_0003_1_": {
			"BLCB_dj_0003_1_": { "x": -231.34, "y": 455.44, "width": 67, "height": 62 }
		},
		"BLCB_dj_0003_2_": {
			"BLCB_dj_0003_2_": { "x": -166.84, "y": 431.94, "width": 62, "height": 109 }
		},
		"BLCB_dj_0003_3_": {
			"BLCB_dj_0003_3_": { "x": -51.34, "y": 398.44, "width": 97, "height": 146 }
		},
		"BLCB_dj_0003_4_": {
			"BLCB_dj_0003_4_": { "x": -117.84, "y": 409.94, "width": 36, "height": 125 }
		},
		"BLCB_dj_0004_1_": {
			"BLCB_dj_0004_1_": { "x": -210.34, "y": 436.94, "width": 99, "height": 93 }
		},
		"BLCB_dj_0004_2_": {
			"BLCB_dj_0004_2_": { "x": -92.84, "y": 448.44, "width": 136, "height": 64 }
		},
		"BLCB_dj_0004_3_": {
			"BLCB_dj_0004_3_": { "x": -81.34, "y": 380.94, "width": 153, "height": 71 }
		},
		"BLCB_dj_0004_4_": {
			"BLCB_dj_0004_4_": { "x": -78.84, "y": 334.44, "width": 34, "height": 22 }
		},
		"BLCB_dj_0005_1_": {
			"BLCB_dj_0005_1_": { "x": -227.84, "y": 451.44, "width": 58, "height": 62 }
		},
		"BLCB_dj_0005_2_": {
			"BLCB_dj_0005_2_": { "x": -167.84, "y": 430.44, "width": 62, "height": 106 }
		},
		"BLCB_dj_0005_3_": {
			"BLCB_dj_0005_3_": { "x": -77.84, "y": 430.44, "width": 118, "height": 86 }
		},
		"BLCB_dj_0005_4_": {
			"BLCB_dj_0005_4_": { "x": -69.84, "y": 355.44, "width": 128, "height": 64 }
		},
		"BLCB_dj_0006_1_": {
			"BLCB_dj_0006_1_": { "x": -228.84, "y": 455.44, "width": 60, "height": 60 }
		},
		"BLCB_dj_0006_2_": {
			"BLCB_dj_0006_2_": { "x": -167.84, "y": 431.44, "width": 62, "height": 108 }
		},
		"BLCB_dj_0006_3_": {
			"BLCB_dj_0006_3_": { "x": -71.34, "y": 421.94, "width": 131, "height": 109 }
		},
		"BLCB_dj_0006_4_": {
			"BLCB_dj_0006_4_": { "x": -96.84, "y": 346.94, "width": 74, "height": 41 }
		},
		"BLCB_dj_0007_1_": {
			"BLCB_dj_0007_1_": { "x": -228.84, "y": 459.94, "width": 60, "height": 55 }
		},
		"BLCB_dj_0007_2_": {
			"BLCB_dj_0007_2_": { "x": -102.34, "y": 438.44, "width": 193, "height": 98 }
		},
		"BLCB_dj_0007_3_": {
			"BLCB_dj_0007_3_": { "x": -126.34, "y": 368.44, "width": 61, "height": 42 }
		},
		"BLCB_dj_0007_4_": {
			"BLCB_dj_0007_4_": { "x": -32.84, "y": 381.44, "width": 46, "height": 16 }
		},
		"BLCB_dj_0007_5_": {
			"BLCB_dj_0007_5_": { "x": -75.84, "y": 359.44, "width": 40, "height": 60 }
		},
		"BLCB_dj_0008_1_": {
			"BLCB_dj_0008_1_": { "x": -228.84, "y": 462.94, "width": 62, "height": 51 }
		},
		"BLCB_dj_0008_2_": {
			"BLCB_dj_0008_2_": { "x": -167.34, "y": 433.44, "width": 61, "height": 112 }
		},
		"BLCB_dj_0008_3_": {
			"BLCB_dj_0008_3_": { "x": -71.34, "y": 429.94, "width": 131, "height": 103 }
		},
		"BLCB_dj_0008_4_": {
			"BLCB_dj_0008_4_": { "x": -96.34, "y": 355.44, "width": 75, "height": 46 }
		},
		"BLCB_zhongji_": {
			"BLCB_zhongji_": { "x": -19.84, "y": 279.94, "width": 658, "height": 571 }
		},
		"BLCB_zj_0000_1_": {
			"BLCB_zj_0000_1_": { "x": -229.84, "y": 463.44, "width": 64, "height": 52 }
		},
		"BLCB_zj_0000_2_": {
			"BLCB_zj_0000_2_": { "x": -167.84, "y": 433.44, "width": 60, "height": 112 }
		},
		"BLCB_zj_0000_3_": {
			"BLCB_zj_0000_3_": { "x": -71.84, "y": 430.44, "width": 132, "height": 102 }
		},
		"BLCB_zj_0000_4_": {
			"BLCB_zj_0000_4_": { "x": -96.34, "y": 355.44, "width": 75, "height": 48 }
		},
		"BLCB_zj_0001_1_": {
			"BLCB_zj_0001_1_": { "x": -247.84, "y": 441.94, "width": 48, "height": 45 }
		},
		"BLCB_zj_0001_2_": {
			"BLCB_zj_0001_2_": { "x": -180.34, "y": 433.94, "width": 87, "height": 113 }
		},
		"BLCB_zj_0001_3_": {
			"BLCB_zj_0001_3_": { "x": -70.84, "y": 428.44, "width": 132, "height": 104 }
		},
		"BLCB_zj_0001_4_": {
			"BLCB_zj_0001_4_": { "x": -95.84, "y": 349.94, "width": 76, "height": 53 }
		},
		"BLCB_zj_0002_1_": {
			"BLCB_zj_0002_1_": { "x": -235.84, "y": 506.44, "width": 160, "height": 38 }
		},
		"BLCB_zj_0002_2_": {
			"BLCB_zj_0002_2_": { "x": -97.84, "y": 347.44, "width": 80, "height": 56 }
		},
		"BLCB_zj_0002_3_": {
			"BLCB_zj_0002_3_": { "x": -124.84, "y": 413.44, "width": 140, "height": 76 }
		},
		"BLCB_zj_0002_4_": {
			"BLCB_zj_0002_4_": { "x": -151.84, "y": 469.44, "width": 68, "height": 36 }
		},
		"BLCB_zj_0002_5_": {
			"BLCB_zj_0002_5_": { "x": -50.34, "y": 481.44, "width": 135, "height": 58 }
		},
		"BLCB_zj_0003_1_": {
			"BLCB_zj_0003_1_": { "x": -103.34, "y": 345.94, "width": 95, "height": 57 }
		},
		"BLCB_zj_0003_2_": {
			"BLCB_zj_0003_2_": { "x": -192.34, "y": 560.44, "width": 75, "height": 176 }
		},
		"BLCB_zj_0003_3_": {
			"BLCB_zj_0003_3_": { "x": -88.34, "y": 557.94, "width": 117, "height": 161 }
		},
		"BLCB_zj_0003_4_": {
			"BLCB_zj_0003_4_": { "x": -124.84, "y": 425.94, "width": 142, "height": 103 }
		},
		"BLCB_zj_0004_1_": {
			"BLCB_zj_0004_1_": { "x": -105.84, "y": 344.94, "width": 90, "height": 57 }
		},
		"BLCB_zj_0004_2_": {
			"BLCB_zj_0004_2_": { "x": -125.34, "y": 413.44, "width": 139, "height": 80 }
		},
		"BLCB_zj_0004_3_": {
			"BLCB_zj_0004_3_": { "x": -120.84, "y": 550.94, "width": 98, "height": 195 }
		},
		"BLCB_zj_0004_4_": {
			"BLCB_zj_0004_4_": { "x": -215.84, "y": 548.94, "width": 92, "height": 191 }
		},
		"BLCB_zj_0005_1_": {
			"BLCB_zj_0005_1_": { "x": -272.84, "y": 520.94, "width": 162, "height": 121 }
		},
		"BLCB_zj_0005_2_": {
			"BLCB_zj_0005_2_": { "x": -164.84, "y": 434.44, "width": 54, "height": 120 }
		},
		"BLCB_zj_0005_3_": {
			"BLCB_zj_0005_3_": { "x": -97.34, "y": 398.94, "width": 81, "height": 171 }
		},
		"BLCB_zj_0005_4_": {
			"BLCB_zj_0005_4_": { "x": 2.65, "y": 465.94, "width": 119, "height": 83 }
		},
		"BLCB_zj_0006_1_": {
			"BLCB_zj_0006_1_": { "x": -209.34, "y": 428.94, "width": 51, "height": 171 }
		},
		"BLCB_zj_0006_2_": {
			"BLCB_zj_0006_2_": { "x": -118.84, "y": 466.94, "width": 130, "height": 97 }
		},
		"BLCB_zj_0006_3_": {
			"BLCB_zj_0006_3_": { "x": -104.84, "y": 363.94, "width": 72, "height": 109 }
		},
		"BLCB_zj_0006_4_": {
			"BLCB_zj_0006_4_": { "x": -40.84, "y": 400.94, "width": 56, "height": 35 }
		},
		"BLCB_zj_0007_1_": {
			"BLCB_zj_0007_1_": { "x": -214.34, "y": 493.94, "width": 43, "height": 137 }
		},
		"BLCB_zj_0007_2_": {
			"BLCB_zj_0007_2_": { "x": -167.84, "y": 525.44, "width": 50, "height": 122 }
		},
		"BLCB_zj_0007_3_": {
			"BLCB_zj_0007_3_": { "x": -92.84, "y": 485.94, "width": 100, "height": 153 }
		},
		"BLCB_zj_0007_4_": {
			"BLCB_zj_0007_4_": { "x": -17.84, "y": 447.94, "width": 50, "height": 49 }
		},
		"BLCB_zj_0007_5_": {
			"BLCB_zj_0007_5_": { "x": -100.34, "y": 368.44, "width": 27, "height": 82 }
		},
		"BLCB_zj_0008_1_": {
			"BLCB_zj_0008_1_": { "x": -234.34, "y": 614.44, "width": 121, "height": 88 }
		},
		"BLCB_zj_0008_2_": {
			"BLCB_zj_0008_2_": { "x": -13.84, "y": 574.94, "width": 118, "height": 109 }
		},
		"BLCB_zj_0008_3_": {
			"BLCB_zj_0008_3_": { "x": -123.34, "y": 561.44, "width": 101, "height": 196 }
		},
		"BLCB_zj_0008_4_": {
			"BLCB_zj_0008_4_": { "x": -109.34, "y": 414.94, "width": 27, "height": 97 }
		},
		"BLCB_zj_0009_1_": {
			"BLCB_zj_0009_1_": { "x": -48.84, "y": 700.94, "width": 180, "height": 77 }
		},
		"BLCB_zj_0009_2_": {
			"BLCB_zj_0009_2_": { "x": -215.34, "y": 749.44, "width": 153, "height": 108 }
		},
		"BLCB_zj_0009_3_": {
			"BLCB_zj_0009_3_": { "x": -119.84, "y": 586.44, "width": 86, "height": 152 }
		},
		"BLCB_zj_0009_4_": {
			"BLCB_zj_0009_4_": { "x": -112.34, "y": 459.44, "width": 33, "height": 102 }
		},
		"BLCB_zj_0010_1_": {
			"BLCB_zj_0010_1_": { "x": -164.34, "y": 806.94, "width": 81, "height": 161 }
		},
		"BLCB_zj_0010_2_": {
			"BLCB_zj_0010_2_": { "x": -82.84, "y": 805.94, "width": 44, "height": 159 }
		},
		"BLCB_zj_0010_3_": {
			"BLCB_zj_0010_3_": { "x": -115.84, "y": 636.44, "width": 90, "height": 180 }
		},
		"BLCB_zj_0010_4_": {
			"BLCB_zj_0010_4_": { "x": -117.34, "y": 498.44, "width": 55, "height": 96 }
		},
		"BLCB_zj_0011_1_": {
			"BLCB_zj_0011_1_": { "x": -62.34, "y": 823.94, "width": 43, "height": 165 }
		},
		"BLCB_zj_0011_2_": {
			"BLCB_zj_0011_2_": { "x": -152.34, "y": 826.44, "width": 79, "height": 170 }
		},
		"BLCB_zj_0011_3_": {
			"BLCB_zj_0011_3_": { "x": -114.84, "y": 657.94, "width": 98, "height": 167 }
		},
		"BLCB_zj_0011_4_": {
			"BLCB_zj_0011_4_": { "x": -119.84, "y": 533.44, "width": 82, "height": 82 }
		},
		"BLCB_zj_0012_1_": {
			"BLCB_zj_0012_1_": { "x": -191.34, "y": 816.44, "width": 87, "height": 160 }
		},
		"BLCB_zj_0012_2_": {
			"BLCB_zj_0012_2_": { "x": -4.84, "y": 768.94, "width": 136, "height": 115 }
		},
		"BLCB_zj_0012_3_": {
			"BLCB_zj_0012_3_": { "x": -112.84, "y": 671.44, "width": 102, "height": 170 }
		},
		"BLCB_zj_0012_4_": {
			"BLCB_zj_0012_4_": { "x": -114.84, "y": 546.94, "width": 84, "height": 79 }
		},
		"BLCB_zj_0013_1_": {
			"BLCB_zj_0013_1_": { "x": -233.84, "y": 751.94, "width": 142, "height": 87 }
		},
		"BLCB_zj_0013_2_": {
			"BLCB_zj_0013_2_": { "x": 15.15, "y": 679.44, "width": 144, "height": 64 }
		},
		"BLCB_zj_0013_4_": {
			"BLCB_zj_0013_4_": { "x": -109.84, "y": 721.44, "width": 106, "height": 82 }
		},
		"BLCB_zj_0013_5_": {
			"BLCB_zj_0013_5_": { "x": -101.84, "y": 632.94, "width": 84, "height": 95 }
		},
		"BLCB_zj_0013_6_": {
			"BLCB_zj_0013_6_": { "x": -106.34, "y": 547.44, "width": 77, "height": 76 }
		},
		"BLCB_zj_0014_1_": {
			"BLCB_zj_0014_1_": { "x": -222.34, "y": 697.44, "width": 149, "height": 114 }
		},
		"BLCB_zj_0014_2_": {
			"BLCB_zj_0014_2_": { "x": -99.84, "y": 676.44, "width": 96, "height": 178 }
		},
		"BLCB_zj_0014_3_": {
			"BLCB_zj_0014_3_": { "x": 2.15, "y": 635.94, "width": 108, "height": 147 }
		},
		"BLCB_zj_0014_4_": {
			"BLCB_zj_0014_4_": { "x": -96.84, "y": 547.44, "width": 68, "height": 80 }
		},
		"BLCB_zj_0015_1_": {
			"BLCB_zj_0015_1_": { "x": -188.34, "y": 671.44, "width": 73, "height": 150 }
		},
		"BLCB_zj_0015_2_": {
			"BLCB_zj_0015_2_": { "x": -118.84, "y": 681.94, "width": 66, "height": 167 }
		},
		"BLCB_zj_0015_3_": {
			"BLCB_zj_0015_3_": { "x": -16.34, "y": 662.44, "width": 139, "height": 130 }
		},
		"BLCB_zj_0015_4_": {
			"BLCB_zj_0015_4_": { "x": -77.84, "y": 553.44, "width": 90, "height": 88 }
		},
		"BLCB_zj_0016_1_": {
			"BLCB_zj_0016_1_": { "x": -207.84, "y": 755.44, "width": 96, "height": 54 }
		},
		"BLCB_zj_0016_2_": {
			"BLCB_zj_0016_2_": { "x": -123.84, "y": 692.94, "width": 72, "height": 179 }
		},
		"BLCB_zj_0016_3_": {
			"BLCB_zj_0016_3_": { "x": -19.34, "y": 658.44, "width": 137, "height": 148 }
		},
		"BLCB_zj_0016_4_": {
			"BLCB_zj_0016_4_": { "x": -84.34, "y": 548.44, "width": 65, "height": 72 }
		},
		"BLCB_zj_0017_1_": {
			"BLCB_zj_0017_1_": { "x": -199.34, "y": 796.94, "width": 145, "height": 65 }
		},
		"BLCB_zj_0017_2_": {
			"BLCB_zj_0017_2_": { "x": 3.65, "y": 718.94, "width": 125, "height": 103 }
		},
		"BLCB_zj_0017_3_": {
			"BLCB_zj_0017_3_": { "x": -103.34, "y": 682.44, "width": 109, "height": 164 }
		},
		"BLCB_zj_0017_4_": {
			"BLCB_zj_0017_4_": { "x": -79.34, "y": 556.94, "width": 65, "height": 87 }
		},
		"BLCB_zj_0018_1_": {
			"BLCB_zj_0018_1_": { "x": -189.84, "y": 804.94, "width": 124, "height": 107 }
		},
		"BLCB_zj_0018_2_": {
			"BLCB_zj_0018_2_": { "x": -130.84, "y": 668.94, "width": 66, "height": 165 }
		},
		"BLCB_zj_0018_3_": {
			"BLCB_zj_0018_3_": { "x": -18.34, "y": 749.94, "width": 159, "height": 75 }
		},
		"BLCB_zj_0018_4_": {
			"BLCB_zj_0018_4_": { "x": -79.84, "y": 659.44, "width": 36, "height": 106 }
		},
		"BLCB_zj_0018_5_": {
			"BLCB_zj_0018_5_": { "x": -75.34, "y": 571.44, "width": 65, "height": 140 }
		},
		"BLCB_zj_0019_1_": {
			"BLCB_zj_0019_1_": { "x": -124.34, "y": 663.94, "width": 109, "height": 83 }
		},
		"BLCB_zj_0019_2_": {
			"BLCB_zj_0019_2_": { "x": -60.34, "y": 751.44, "width": 147, "height": 92 }
		},
		"BLCB_zj_0019_3_": {
			"BLCB_zj_0019_3_": { "x": -193.34, "y": 777.44, "width": 119, "height": 144 }
		},
		"BLCB_zj_0019_4_": {
			"BLCB_zj_0019_4_": { "x": -120.34, "y": 574.94, "width": 73, "height": 95 }
		},
		"BLCB_zj_0019_5_": {
			"BLCB_zj_0019_5_": { "x": -58.84, "y": 544.44, "width": 50, "height": 156 }
		},
		"BLCB_zj_0020_1_": {
			"BLCB_zj_0020_1_": { "x": -30.84, "y": 507.94, "width": 26, "height": 95 }
		},
		"BLCB_zj_0020_2_": {
			"BLCB_zj_0020_2_": { "x": -126.84, "y": 496.94, "width": 68, "height": 67 }
		},
		"BLCB_zj_0020_3_": {
			"BLCB_zj_0020_3_": { "x": -120.34, "y": 589.94, "width": 153, "height": 119 }
		},
		"BLCB_zj_0020_4_": {
			"BLCB_zj_0020_4_": { "x": -60.34, "y": 713.94, "width": 125, "height": 129 }
		},
		"BLCB_zj_0020_5_": {
			"BLCB_zj_0020_5_": { "x": -163.34, "y": 726.94, "width": 51, "height": 155 }
		},
		"BLCB_zj_0021_1_": {
			"BLCB_zj_0021_1_": { "x": -63.34, "y": 493.44, "width": 53, "height": 70 }
		},
		"BLCB_zj_0021_2_": {
			"BLCB_zj_0021_2_": { "x": -110.84, "y": 403.94, "width": 38, "height": 37 }
		},
		"BLCB_zj_0021_3_": {
			"BLCB_zj_0021_3_": { "x": -132.84, "y": 494.94, "width": 136, "height": 145 }
		},
		"BLCB_zj_0021_4_": {
			"BLCB_zj_0021_4_": { "x": -52.34, "y": 621.94, "width": 101, "height": 109 }
		},
		"BLCB_zj_0021_5_": {
			"BLCB_zj_0021_5_": { "x": -190.84, "y": 650.94, "width": 42, "height": 167 }
		},
		"BLCB_zj_0022_1_": {
			"BLCB_zj_0022_1_": { "x": -262.34, "y": 538.94, "width": 123, "height": 127 }
		},
		"BLCB_zj_0022_2_": {
			"BLCB_zj_0022_2_": { "x": -168.34, "y": 433.44, "width": 65, "height": 112 }
		},
		"BLCB_zj_0022_3_": {
			"BLCB_zj_0022_3_": { "x": -92.34, "y": 411.44, "width": 87, "height": 128 }
		},
		"BLCB_zj_0022_4_": {
			"BLCB_zj_0022_4_": { "x": -42.84, "y": 529.94, "width": 116, "height": 109 }
		},
		"BLCB_zj_0023_1_": {
			"BLCB_zj_0023_1_": { "x": -274.84, "y": 483.44, "width": 154, "height": 72 }
		},
		"BLCB_zj_0023_2_": {
			"BLCB_zj_0023_2_": { "x": -166.84, "y": 422.44, "width": 62, "height": 90 }
		},
		"BLCB_zj_0023_3_": {
			"BLCB_zj_0023_3_": { "x": -90.34, "y": 414.44, "width": 91, "height": 134 }
		},
		"BLCB_zj_0023_4_": {
			"BLCB_zj_0023_4_": { "x": -8.34, "y": 488.44, "width": 73, "height": 76 }
		},
		"BLCB_zj_0024_1_": {
			"BLCB_zj_0024_1_": { "x": -270.84, "y": 483.94, "width": 146, "height": 59 }
		},
		"BLCB_zj_0024_2_": {
			"BLCB_zj_0024_2_": { "x": -167.34, "y": 428.94, "width": 61, "height": 103 }
		},
		"BLCB_zj_0024_3_": {
			"BLCB_zj_0024_3_": { "x": -92.84, "y": 408.44, "width": 88, "height": 122 }
		},
		"BLCB_zj_0024_4_": {
			"BLCB_zj_0024_4_": { "x": 1.65, "y": 430.94, "width": 101, "height": 99 }
		},
		"BLCB_zj_0025_1_": {
			"BLCB_zj_0025_1_": { "x": -256.34, "y": 474.94, "width": 117, "height": 27 }
		},
		"BLCB_zj_0025_2_": {
			"BLCB_zj_0025_2_": { "x": -166.84, "y": 431.44, "width": 62, "height": 108 }
		},
		"BLCB_zj_0025_3_": {
			"BLCB_zj_0025_3_": { "x": -93.34, "y": 412.44, "width": 85, "height": 130 }
		},
		"BLCB_zj_0025_4_": {
			"BLCB_zj_0025_4_": { "x": -15.84, "y": 409.44, "width": 70, "height": 80 }
		},
		"BLCB_zj_0026_1_": {
			"BLCB_zj_0026_1_": { "x": -235.84, "y": 467.94, "width": 76, "height": 45 }
		},
		"BLCB_zj_0026_2_": {
			"BLCB_zj_0026_2_": { "x": -167.84, "y": 433.94, "width": 60, "height": 113 }
		},
		"BLCB_zj_0026_3_": {
			"BLCB_zj_0026_3_": { "x": -95.84, "y": 411.44, "width": 84, "height": 138 }
		},
		"BLCB_zj_0026_4_": {
			"BLCB_zj_0026_4_": { "x": -28.34, "y": 415.94, "width": 51, "height": 81 }
		},
		"BLCB_zj_0027_1_": {
			"BLCB_zj_0027_1_": { "x": -229.84, "y": 463.44, "width": 64, "height": 52 }
		},
		"BLCB_zj_0027_2_": {
			"BLCB_zj_0027_2_": { "x": -167.34, "y": 433.44, "width": 61, "height": 112 }
		},
		"BLCB_zj_0027_3_": {
			"BLCB_zj_0027_3_": { "x": -95.34, "y": 407.94, "width": 83, "height": 147 }
		},
		"BLCB_zj_0027_4_": {
			"BLCB_zj_0027_4_": { "x": -29.84, "y": 420.94, "width": 48, "height": 77 }
		}
	}
},
"animations": {
	"animation": {
		"slots": {
			"BLCB_dj_0000_1_": {
				"attachment": [
					{ "time": 0, "name": "BLCB_dj_0000_1_" },
					{ "time": 0.1333, "name": "BLCB_dj_0000_1_" },
					{ "time": 0.1666, "name": null },
					{ "time": 1.4666, "name": null },
					{ "time": 1.5, "name": "BLCB_dj_0000_1_" },
					{ "time": 1.6333, "name": "BLCB_dj_0000_1_" },
					{ "time": 1.6666, "name": null },
					{ "time": 6.4333, "name": null },
					{ "time": 6.4666, "name": "BLCB_dj_0000_1_" },
					{ "time": 6.6, "name": "BLCB_dj_0000_1_" },
					{ "time": 6.6333, "name": null },
					{ "time": 7.9333, "name": null }
				]
			},
			"BLCB_dj_0000_2_": {
				"attachment": [
					{ "time": 0, "name": "BLCB_dj_0000_2_" },
					{ "time": 0.1333, "name": "BLCB_dj_0000_2_" },
					{ "time": 0.1666, "name": null },
					{ "time": 1.4666, "name": null },
					{ "time": 1.5, "name": "BLCB_dj_0000_2_" },
					{ "time": 1.6333, "name": "BLCB_dj_0000_2_" },
					{ "time": 1.6666, "name": null },
					{ "time": 6.4333, "name": null },
					{ "time": 6.4666, "name": "BLCB_dj_0000_2_" },
					{ "time": 6.6, "name": "BLCB_dj_0000_2_" },
					{ "time": 6.6333, "name": null },
					{ "time": 7.9333, "name": null }
				]
			},
			"BLCB_dj_0000_3_": {
				"attachment": [
					{ "time": 0, "name": "BLCB_dj_0000_3_" },
					{ "time": 0.1333, "name": "BLCB_dj_0000_3_" },
					{ "time": 0.1666, "name": null },
					{ "time": 1.4666, "name": null },
					{ "time": 1.5, "name": "BLCB_dj_0000_3_" },
					{ "time": 1.6333, "name": "BLCB_dj_0000_3_" },
					{ "time": 1.6666, "name": null },
					{ "time": 6.4333, "name": null },
					{ "time": 6.4666, "name": "BLCB_dj_0000_3_" },
					{ "time": 6.6, "name": "BLCB_dj_0000_3_" },
					{ "time": 6.6333, "name": null },
					{ "time": 7.9333, "name": null }
				]
			},
			"BLCB_dj_0000_4_": {
				"attachment": [
					{ "time": 0, "name": "BLCB_dj_0000_4_" },
					{ "time": 0.1333, "name": "BLCB_dj_0000_4_" },
					{ "time": 0.1666, "name": null },
					{ "time": 1.4666, "name": null },
					{ "time": 1.5, "name": "BLCB_dj_0000_4_" },
					{ "time": 1.6333, "name": "BLCB_dj_0000_4_" },
					{ "time": 1.6666, "name": null },
					{ "time": 6.4333, "name": null },
					{ "time": 6.4666, "name": "BLCB_dj_0000_4_" },
					{ "time": 6.6, "name": "BLCB_dj_0000_4_" },
					{ "time": 6.6333, "name": null },
					{ "time": 7.9333, "name": null }
				]
			},
			"BLCB_dj_0001_1_": {
				"attachment": [
					{ "time": 0, "name": null },
					{ "time": 0.1333, "name": null },
					{ "time": 0.1666, "name": "BLCB_dj_0001_1_" },
					{ "time": 0.3, "name": "BLCB_dj_0001_1_" },
					{ "time": 0.3333, "name": null },
					{ "time": 1.6333, "name": null },
					{ "time": 1.6666, "name": "BLCB_dj_0001_1_" },
					{ "time": 1.8, "name": "BLCB_dj_0001_1_" },
					{ "time": 1.8333, "name": null },
					{ "time": 6.6, "name": null },
					{ "time": 6.6333, "name": "BLCB_dj_0001_1_" },
					{ "time": 6.7666, "name": "BLCB_dj_0001_1_" },
					{ "time": 6.8, "name": null },
					{ "time": 7.9333, "name": null }
				]
			},
			"BLCB_dj_0001_2_": {
				"attachment": [
					{ "time": 0, "name": null },
					{ "time": 0.1333, "name": null },
					{ "time": 0.1666, "name": "BLCB_dj_0001_2_" },
					{ "time": 0.3, "name": "BLCB_dj_0001_2_" },
					{ "time": 0.3333, "name": null },
					{ "time": 1.6333, "name": null },
					{ "time": 1.6666, "name": "BLCB_dj_0001_2_" },
					{ "time": 1.8, "name": "BLCB_dj_0001_2_" },
					{ "time": 1.8333, "name": null },
					{ "time": 6.6, "name": null },
					{ "time": 6.6333, "name": "BLCB_dj_0001_2_" },
					{ "time": 6.7666, "name": "BLCB_dj_0001_2_" },
					{ "time": 6.8, "name": null },
					{ "time": 7.9333, "name": null }
				]
			},
			"BLCB_dj_0001_3_": {
				"attachment": [
					{ "time": 0, "name": null },
					{ "time": 0.1333, "name": null },
					{ "time": 0.1666, "name": "BLCB_dj_0001_3_" },
					{ "time": 0.3, "name": "BLCB_dj_0001_3_" },
					{ "time": 0.3333, "name": null },
					{ "time": 1.6333, "name": null },
					{ "time": 1.6666, "name": "BLCB_dj_0001_3_" },
					{ "time": 1.8, "name": "BLCB_dj_0001_3_" },
					{ "time": 1.8333, "name": null },
					{ "time": 6.6, "name": null },
					{ "time": 6.6333, "name": "BLCB_dj_0001_3_" },
					{ "time": 6.7666, "name": "BLCB_dj_0001_3_" },
					{ "time": 6.8, "name": null },
					{ "time": 7.9333, "name": null }
				]
			},
			"BLCB_dj_0001_4_": {
				"attachment": [
					{ "time": 0, "name": null },
					{ "time": 0.1333, "name": null },
					{ "time": 0.1666, "name": "BLCB_dj_0001_4_" },
					{ "time": 0.3, "name": "BLCB_dj_0001_4_" },
					{ "time": 0.3333, "name": null },
					{ "time": 1.6333, "name": null },
					{ "time": 1.6666, "name": "BLCB_dj_0001_4_" },
					{ "time": 1.8, "name": "BLCB_dj_0001_4_" },
					{ "time": 1.8333, "name": null },
					{ "time": 6.6, "name": null },
					{ "time": 6.6333, "name": "BLCB_dj_0001_4_" },
					{ "time": 6.7666, "name": "BLCB_dj_0001_4_" },
					{ "time": 6.8, "name": null },
					{ "time": 7.9333, "name": null }
				]
			},
			"BLCB_dj_0002_1_": {
				"attachment": [
					{ "time": 0, "name": null },
					{ "time": 0.3, "name": null },
					{ "time": 0.3333, "name": "BLCB_dj_0002_1_" },
					{ "time": 0.4666, "name": "BLCB_dj_0002_1_" },
					{ "time": 0.5, "name": null },
					{ "time": 1.8, "name": null },
					{ "time": 1.8333, "name": "BLCB_dj_0002_1_" },
					{ "time": 1.9666, "name": "BLCB_dj_0002_1_" },
					{ "time": 2, "name": null },
					{ "time": 6.7666, "name": null },
					{ "time": 6.8, "name": "BLCB_dj_0002_1_" },
					{ "time": 6.9333, "name": "BLCB_dj_0002_1_" },
					{ "time": 6.9666, "name": null },
					{ "time": 7.9333, "name": null }
				]
			},
			"BLCB_dj_0002_2_": {
				"attachment": [
					{ "time": 0, "name": null },
					{ "time": 0.3, "name": null },
					{ "time": 0.3333, "name": "BLCB_dj_0002_2_" },
					{ "time": 0.4666, "name": "BLCB_dj_0002_2_" },
					{ "time": 0.5, "name": null },
					{ "time": 1.8, "name": null },
					{ "time": 1.8333, "name": "BLCB_dj_0002_2_" },
					{ "time": 1.9666, "name": "BLCB_dj_0002_2_" },
					{ "time": 2, "name": null },
					{ "time": 6.7666, "name": null },
					{ "time": 6.8, "name": "BLCB_dj_0002_2_" },
					{ "time": 6.9333, "name": "BLCB_dj_0002_2_" },
					{ "time": 6.9666, "name": null },
					{ "time": 7.9333, "name": null }
				]
			},
			"BLCB_dj_0002_3_": {
				"attachment": [
					{ "time": 0, "name": null },
					{ "time": 0.3, "name": null },
					{ "time": 0.3333, "name": "BLCB_dj_0002_3_" },
					{ "time": 0.4666, "name": "BLCB_dj_0002_3_" },
					{ "time": 0.5, "name": null },
					{ "time": 1.8, "name": null },
					{ "time": 1.8333, "name": "BLCB_dj_0002_3_" },
					{ "time": 1.9666, "name": "BLCB_dj_0002_3_" },
					{ "time": 2, "name": null },
					{ "time": 6.7666, "name": null },
					{ "time": 6.8, "name": "BLCB_dj_0002_3_" },
					{ "time": 6.9333, "name": "BLCB_dj_0002_3_" },
					{ "time": 6.9666, "name": null },
					{ "time": 7.9333, "name": null }
				]
			},
			"BLCB_dj_0002_4_": {
				"attachment": [
					{ "time": 0, "name": null },
					{ "time": 0.3, "name": null },
					{ "time": 0.3333, "name": "BLCB_dj_0002_4_" },
					{ "time": 0.4666, "name": "BLCB_dj_0002_4_" },
					{ "time": 0.5, "name": null },
					{ "time": 1.8, "name": null },
					{ "time": 1.8333, "name": "BLCB_dj_0002_4_" },
					{ "time": 1.9666, "name": "BLCB_dj_0002_4_" },
					{ "time": 2, "name": null },
					{ "time": 6.7666, "name": null },
					{ "time": 6.8, "name": "BLCB_dj_0002_4_" },
					{ "time": 6.9333, "name": "BLCB_dj_0002_4_" },
					{ "time": 6.9666, "name": null },
					{ "time": 7.9333, "name": null }
				]
			},
			"BLCB_dj_0003_1_": {
				"attachment": [
					{ "time": 0, "name": null },
					{ "time": 0.4666, "name": null },
					{ "time": 0.5, "name": "BLCB_dj_0003_1_" },
					{ "time": 0.6333, "name": "BLCB_dj_0003_1_" },
					{ "time": 0.6666, "name": null },
					{ "time": 1.9666, "name": null },
					{ "time": 2, "name": "BLCB_dj_0003_1_" },
					{ "time": 2.1333, "name": "BLCB_dj_0003_1_" },
					{ "time": 2.1666, "name": null },
					{ "time": 6.9333, "name": null },
					{ "time": 6.9666, "name": "BLCB_dj_0003_1_" },
					{ "time": 7.1, "name": "BLCB_dj_0003_1_" },
					{ "time": 7.1333, "name": null },
					{ "time": 7.9333, "name": null }
				]
			},
			"BLCB_dj_0003_2_": {
				"attachment": [
					{ "time": 0, "name": null },
					{ "time": 0.4666, "name": null },
					{ "time": 0.5, "name": "BLCB_dj_0003_2_" },
					{ "time": 0.6333, "name": "BLCB_dj_0003_2_" },
					{ "time": 0.6666, "name": null },
					{ "time": 1.9666, "name": null },
					{ "time": 2, "name": "BLCB_dj_0003_2_" },
					{ "time": 2.1333, "name": "BLCB_dj_0003_2_" },
					{ "time": 2.1666, "name": null },
					{ "time": 6.9333, "name": null },
					{ "time": 6.9666, "name": "BLCB_dj_0003_2_" },
					{ "time": 7.1, "name": "BLCB_dj_0003_2_" },
					{ "time": 7.1333, "name": null },
					{ "time": 7.9333, "name": null }
				]
			},
			"BLCB_dj_0003_3_": {
				"attachment": [
					{ "time": 0, "name": null },
					{ "time": 0.4666, "name": null },
					{ "time": 0.5, "name": "BLCB_dj_0003_3_" },
					{ "time": 0.6333, "name": "BLCB_dj_0003_3_" },
					{ "time": 0.6666, "name": null },
					{ "time": 1.9666, "name": null },
					{ "time": 2, "name": "BLCB_dj_0003_3_" },
					{ "time": 2.1333, "name": "BLCB_dj_0003_3_" },
					{ "time": 2.1666, "name": null },
					{ "time": 6.9333, "name": null },
					{ "time": 6.9666, "name": "BLCB_dj_0003_3_" },
					{ "time": 7.1, "name": "BLCB_dj_0003_3_" },
					{ "time": 7.1333, "name": null },
					{ "time": 7.9333, "name": null }
				]
			},
			"BLCB_dj_0003_4_": {
				"attachment": [
					{ "time": 0, "name": null },
					{ "time": 0.4666, "name": null },
					{ "time": 0.5, "name": "BLCB_dj_0003_4_" },
					{ "time": 0.6333, "name": "BLCB_dj_0003_4_" },
					{ "time": 0.6666, "name": null },
					{ "time": 1.9666, "name": null },
					{ "time": 2, "name": "BLCB_dj_0003_4_" },
					{ "time": 2.1333, "name": "BLCB_dj_0003_4_" },
					{ "time": 2.1666, "name": null },
					{ "time": 6.9333, "name": null },
					{ "time": 6.9666, "name": "BLCB_dj_0003_4_" },
					{ "time": 7.1, "name": "BLCB_dj_0003_4_" },
					{ "time": 7.1333, "name": null },
					{ "time": 7.9333, "name": null }
				]
			},
			"BLCB_dj_0004_1_": {
				"attachment": [
					{ "time": 0, "name": null },
					{ "time": 0.6333, "name": null },
					{ "time": 0.6666, "name": "BLCB_dj_0004_1_" },
					{ "time": 0.8, "name": "BLCB_dj_0004_1_" },
					{ "time": 0.8333, "name": null },
					{ "time": 2.1333, "name": null },
					{ "time": 2.1666, "name": "BLCB_dj_0004_1_" },
					{ "time": 2.3, "name": "BLCB_dj_0004_1_" },
					{ "time": 2.3333, "name": null },
					{ "time": 7.1, "name": null },
					{ "time": 7.1333, "name": "BLCB_dj_0004_1_" },
					{ "time": 7.2666, "name": "BLCB_dj_0004_1_" },
					{ "time": 7.3, "name": null },
					{ "time": 7.9333, "name": null }
				]
			},
			"BLCB_dj_0004_2_": {
				"attachment": [
					{ "time": 0, "name": null },
					{ "time": 0.6333, "name": null },
					{ "time": 0.6666, "name": "BLCB_dj_0004_2_" },
					{ "time": 0.8, "name": "BLCB_dj_0004_2_" },
					{ "time": 0.8333, "name": null },
					{ "time": 2.1333, "name": null },
					{ "time": 2.1666, "name": "BLCB_dj_0004_2_" },
					{ "time": 2.3, "name": "BLCB_dj_0004_2_" },
					{ "time": 2.3333, "name": null },
					{ "time": 7.1, "name": null },
					{ "time": 7.1333, "name": "BLCB_dj_0004_2_" },
					{ "time": 7.2666, "name": "BLCB_dj_0004_2_" },
					{ "time": 7.3, "name": null },
					{ "time": 7.9333, "name": null }
				]
			},
			"BLCB_dj_0004_3_": {
				"attachment": [
					{ "time": 0, "name": null },
					{ "time": 0.6333, "name": null },
					{ "time": 0.6666, "name": "BLCB_dj_0004_3_" },
					{ "time": 0.8, "name": "BLCB_dj_0004_3_" },
					{ "time": 0.8333, "name": null },
					{ "time": 2.1333, "name": null },
					{ "time": 2.1666, "name": "BLCB_dj_0004_3_" },
					{ "time": 2.3, "name": "BLCB_dj_0004_3_" },
					{ "time": 2.3333, "name": null },
					{ "time": 7.1, "name": null },
					{ "time": 7.1333, "name": "BLCB_dj_0004_3_" },
					{ "time": 7.2666, "name": "BLCB_dj_0004_3_" },
					{ "time": 7.3, "name": null },
					{ "time": 7.9333, "name": null }
				]
			},
			"BLCB_dj_0004_4_": {
				"attachment": [
					{ "time": 0, "name": null },
					{ "time": 0.6333, "name": null },
					{ "time": 0.6666, "name": "BLCB_dj_0004_4_" },
					{ "time": 0.8, "name": "BLCB_dj_0004_4_" },
					{ "time": 0.8333, "name": null },
					{ "time": 2.1333, "name": null },
					{ "time": 2.1666, "name": "BLCB_dj_0004_4_" },
					{ "time": 2.3, "name": "BLCB_dj_0004_4_" },
					{ "time": 2.3333, "name": null },
					{ "time": 7.1, "name": null },
					{ "time": 7.1333, "name": "BLCB_dj_0004_4_" },
					{ "time": 7.2666, "name": "BLCB_dj_0004_4_" },
					{ "time": 7.3, "name": null },
					{ "time": 7.9333, "name": null }
				]
			},
			"BLCB_dj_0005_1_": {
				"attachment": [
					{ "time": 0, "name": null },
					{ "time": 0.8, "name": null },
					{ "time": 0.8333, "name": "BLCB_dj_0005_1_" },
					{ "time": 0.9666, "name": "BLCB_dj_0005_1_" },
					{ "time": 1, "name": null },
					{ "time": 2.3, "name": null },
					{ "time": 2.3333, "name": "BLCB_dj_0005_1_" },
					{ "time": 2.4666, "name": "BLCB_dj_0005_1_" },
					{ "time": 2.5, "name": null },
					{ "time": 7.2666, "name": null },
					{ "time": 7.3, "name": "BLCB_dj_0005_1_" },
					{ "time": 7.4333, "name": "BLCB_dj_0005_1_" },
					{ "time": 7.4666, "name": null },
					{ "time": 7.9333, "name": null }
				]
			},
			"BLCB_dj_0005_2_": {
				"attachment": [
					{ "time": 0, "name": null },
					{ "time": 0.8, "name": null },
					{ "time": 0.8333, "name": "BLCB_dj_0005_2_" },
					{ "time": 0.9666, "name": "BLCB_dj_0005_2_" },
					{ "time": 1, "name": null },
					{ "time": 2.3, "name": null },
					{ "time": 2.3333, "name": "BLCB_dj_0005_2_" },
					{ "time": 2.4666, "name": "BLCB_dj_0005_2_" },
					{ "time": 2.5, "name": null },
					{ "time": 7.2666, "name": null },
					{ "time": 7.3, "name": "BLCB_dj_0005_2_" },
					{ "time": 7.4333, "name": "BLCB_dj_0005_2_" },
					{ "time": 7.4666, "name": null },
					{ "time": 7.9333, "name": null }
				]
			},
			"BLCB_dj_0005_3_": {
				"attachment": [
					{ "time": 0, "name": null },
					{ "time": 0.8, "name": null },
					{ "time": 0.8333, "name": "BLCB_dj_0005_3_" },
					{ "time": 0.9666, "name": "BLCB_dj_0005_3_" },
					{ "time": 1, "name": null },
					{ "time": 2.3, "name": null },
					{ "time": 2.3333, "name": "BLCB_dj_0005_3_" },
					{ "time": 2.4666, "name": "BLCB_dj_0005_3_" },
					{ "time": 2.5, "name": null },
					{ "time": 7.2666, "name": null },
					{ "time": 7.3, "name": "BLCB_dj_0005_3_" },
					{ "time": 7.4333, "name": "BLCB_dj_0005_3_" },
					{ "time": 7.4666, "name": null },
					{ "time": 7.9333, "name": null }
				]
			},
			"BLCB_dj_0005_4_": {
				"attachment": [
					{ "time": 0, "name": null },
					{ "time": 0.8, "name": null },
					{ "time": 0.8333, "name": "BLCB_dj_0005_4_" },
					{ "time": 0.9666, "name": "BLCB_dj_0005_4_" },
					{ "time": 1, "name": null },
					{ "time": 2.3, "name": null },
					{ "time": 2.3333, "name": "BLCB_dj_0005_4_" },
					{ "time": 2.4666, "name": "BLCB_dj_0005_4_" },
					{ "time": 2.5, "name": null },
					{ "time": 7.2666, "name": null },
					{ "time": 7.3, "name": "BLCB_dj_0005_4_" },
					{ "time": 7.4333, "name": "BLCB_dj_0005_4_" },
					{ "time": 7.4666, "name": null },
					{ "time": 7.9333, "name": null }
				]
			},
			"BLCB_dj_0006_1_": {
				"attachment": [
					{ "time": 0, "name": null },
					{ "time": 0.9666, "name": null },
					{ "time": 1, "name": "BLCB_dj_0006_1_" },
					{ "time": 1.1333, "name": "BLCB_dj_0006_1_" },
					{ "time": 1.1666, "name": null },
					{ "time": 2.4666, "name": null },
					{ "time": 2.5, "name": "BLCB_dj_0006_1_" },
					{ "time": 2.6333, "name": "BLCB_dj_0006_1_" },
					{ "time": 2.6666, "name": null },
					{ "time": 7.4333, "name": null },
					{ "time": 7.4666, "name": "BLCB_dj_0006_1_" },
					{ "time": 7.6, "name": "BLCB_dj_0006_1_" },
					{ "time": 7.6333, "name": null },
					{ "time": 7.9333, "name": null }
				]
			},
			"BLCB_dj_0006_2_": {
				"attachment": [
					{ "time": 0, "name": null },
					{ "time": 0.9666, "name": null },
					{ "time": 1, "name": "BLCB_dj_0006_2_" },
					{ "time": 1.1333, "name": "BLCB_dj_0006_2_" },
					{ "time": 1.1666, "name": null },
					{ "time": 2.4666, "name": null },
					{ "time": 2.5, "name": "BLCB_dj_0006_2_" },
					{ "time": 2.6333, "name": "BLCB_dj_0006_2_" },
					{ "time": 2.6666, "name": null },
					{ "time": 7.4333, "name": null },
					{ "time": 7.4666, "name": "BLCB_dj_0006_2_" },
					{ "time": 7.6, "name": "BLCB_dj_0006_2_" },
					{ "time": 7.6333, "name": null },
					{ "time": 7.9333, "name": null }
				]
			},
			"BLCB_dj_0006_3_": {
				"attachment": [
					{ "time": 0, "name": null },
					{ "time": 0.9666, "name": null },
					{ "time": 1, "name": "BLCB_dj_0006_3_" },
					{ "time": 1.1333, "name": "BLCB_dj_0006_3_" },
					{ "time": 1.1666, "name": null },
					{ "time": 2.4666, "name": null },
					{ "time": 2.5, "name": "BLCB_dj_0006_3_" },
					{ "time": 2.6333, "name": "BLCB_dj_0006_3_" },
					{ "time": 2.6666, "name": null },
					{ "time": 7.4333, "name": null },
					{ "time": 7.4666, "name": "BLCB_dj_0006_3_" },
					{ "time": 7.6, "name": "BLCB_dj_0006_3_" },
					{ "time": 7.6333, "name": null },
					{ "time": 7.9333, "name": null }
				]
			},
			"BLCB_dj_0006_4_": {
				"attachment": [
					{ "time": 0, "name": null },
					{ "time": 0.9666, "name": null },
					{ "time": 1, "name": "BLCB_dj_0006_4_" },
					{ "time": 1.1333, "name": "BLCB_dj_0006_4_" },
					{ "time": 1.1666, "name": null },
					{ "time": 2.4666, "name": null },
					{ "time": 2.5, "name": "BLCB_dj_0006_4_" },
					{ "time": 2.6333, "name": "BLCB_dj_0006_4_" },
					{ "time": 2.6666, "name": null },
					{ "time": 7.4333, "name": null },
					{ "time": 7.4666, "name": "BLCB_dj_0006_4_" },
					{ "time": 7.6, "name": "BLCB_dj_0006_4_" },
					{ "time": 7.6333, "name": null },
					{ "time": 7.9333, "name": null }
				]
			},
			"BLCB_dj_0007_1_": {
				"attachment": [
					{ "time": 0, "name": null },
					{ "time": 1.1333, "name": null },
					{ "time": 1.1666, "name": "BLCB_dj_0007_1_" },
					{ "time": 1.3, "name": "BLCB_dj_0007_1_" },
					{ "time": 1.3333, "name": null },
					{ "time": 2.6333, "name": null },
					{ "time": 2.6666, "name": "BLCB_dj_0007_1_" },
					{ "time": 2.8, "name": "BLCB_dj_0007_1_" },
					{ "time": 2.8333, "name": null },
					{ "time": 7.6, "name": null },
					{ "time": 7.6333, "name": "BLCB_dj_0007_1_" },
					{ "time": 7.7666, "name": "BLCB_dj_0007_1_" },
					{ "time": 7.8, "name": null },
					{ "time": 7.9333, "name": null }
				]
			},
			"BLCB_dj_0007_2_": {
				"attachment": [
					{ "time": 0, "name": null },
					{ "time": 1.1333, "name": null },
					{ "time": 1.1666, "name": "BLCB_dj_0007_2_" },
					{ "time": 1.3, "name": "BLCB_dj_0007_2_" },
					{ "time": 1.3333, "name": null },
					{ "time": 2.6333, "name": null },
					{ "time": 2.6666, "name": "BLCB_dj_0007_2_" },
					{ "time": 2.8, "name": "BLCB_dj_0007_2_" },
					{ "time": 2.8333, "name": null },
					{ "time": 7.6, "name": null },
					{ "time": 7.6333, "name": "BLCB_dj_0007_2_" },
					{ "time": 7.7666, "name": "BLCB_dj_0007_2_" },
					{ "time": 7.8, "name": null },
					{ "time": 7.9333, "name": null }
				]
			},
			"BLCB_dj_0007_3_": {
				"attachment": [
					{ "time": 0, "name": null },
					{ "time": 1.1333, "name": null },
					{ "time": 1.1666, "name": "BLCB_dj_0007_3_" },
					{ "time": 1.3, "name": "BLCB_dj_0007_3_" },
					{ "time": 1.3333, "name": null },
					{ "time": 2.6333, "name": null },
					{ "time": 2.6666, "name": "BLCB_dj_0007_3_" },
					{ "time": 2.8, "name": "BLCB_dj_0007_3_" },
					{ "time": 2.8333, "name": null },
					{ "time": 7.6, "name": null },
					{ "time": 7.6333, "name": "BLCB_dj_0007_3_" },
					{ "time": 7.7666, "name": "BLCB_dj_0007_3_" },
					{ "time": 7.8, "name": null },
					{ "time": 7.9333, "name": null }
				]
			},
			"BLCB_dj_0007_4_": {
				"attachment": [
					{ "time": 0, "name": null },
					{ "time": 1.1333, "name": null },
					{ "time": 1.1666, "name": "BLCB_dj_0007_4_" },
					{ "time": 1.3, "name": "BLCB_dj_0007_4_" },
					{ "time": 1.3333, "name": null },
					{ "time": 2.6333, "name": null },
					{ "time": 2.6666, "name": "BLCB_dj_0007_4_" },
					{ "time": 2.8, "name": "BLCB_dj_0007_4_" },
					{ "time": 2.8333, "name": null },
					{ "time": 7.6, "name": null },
					{ "time": 7.6333, "name": "BLCB_dj_0007_4_" },
					{ "time": 7.7666, "name": "BLCB_dj_0007_4_" },
					{ "time": 7.8, "name": null },
					{ "time": 7.9333, "name": null }
				]
			},
			"BLCB_dj_0007_5_": {
				"attachment": [
					{ "time": 0, "name": null },
					{ "time": 1.1333, "name": null },
					{ "time": 1.1666, "name": "BLCB_dj_0007_5_" },
					{ "time": 1.3, "name": "BLCB_dj_0007_5_" },
					{ "time": 1.3333, "name": null },
					{ "time": 2.6333, "name": null },
					{ "time": 2.6666, "name": "BLCB_dj_0007_5_" },
					{ "time": 2.8, "name": "BLCB_dj_0007_5_" },
					{ "time": 2.8333, "name": null },
					{ "time": 7.6, "name": null },
					{ "time": 7.6333, "name": "BLCB_dj_0007_5_" },
					{ "time": 7.7666, "name": "BLCB_dj_0007_5_" },
					{ "time": 7.8, "name": null },
					{ "time": 7.9333, "name": null }
				]
			},
			"BLCB_dj_0008_1_": {
				"attachment": [
					{ "time": 0, "name": null },
					{ "time": 1.3, "name": null },
					{ "time": 1.3333, "name": "BLCB_dj_0008_1_" },
					{ "time": 1.4666, "name": "BLCB_dj_0008_1_" },
					{ "time": 1.5, "name": null },
					{ "time": 2.8, "name": null },
					{ "time": 2.8333, "name": "BLCB_dj_0008_1_" },
					{ "time": 2.9666, "name": "BLCB_dj_0008_1_" },
					{ "time": 3, "name": null },
					{ "time": 7.7666, "name": null },
					{ "time": 7.8, "name": "BLCB_dj_0008_1_" },
					{ "time": 7.9333, "name": "BLCB_dj_0008_1_" }
				]
			},
			"BLCB_dj_0008_2_": {
				"attachment": [
					{ "time": 0, "name": null },
					{ "time": 1.3, "name": null },
					{ "time": 1.3333, "name": "BLCB_dj_0008_2_" },
					{ "time": 1.4666, "name": "BLCB_dj_0008_2_" },
					{ "time": 1.5, "name": null },
					{ "time": 2.8, "name": null },
					{ "time": 2.8333, "name": "BLCB_dj_0008_2_" },
					{ "time": 2.9666, "name": "BLCB_dj_0008_2_" },
					{ "time": 3, "name": null },
					{ "time": 7.7666, "name": null },
					{ "time": 7.8, "name": "BLCB_dj_0008_2_" },
					{ "time": 7.9333, "name": "BLCB_dj_0008_2_" }
				]
			},
			"BLCB_dj_0008_3_": {
				"attachment": [
					{ "time": 0, "name": null },
					{ "time": 1.3, "name": null },
					{ "time": 1.3333, "name": "BLCB_dj_0008_3_" },
					{ "time": 1.4666, "name": "BLCB_dj_0008_3_" },
					{ "time": 1.5, "name": null },
					{ "time": 2.8, "name": null },
					{ "time": 2.8333, "name": "BLCB_dj_0008_3_" },
					{ "time": 2.9666, "name": "BLCB_dj_0008_3_" },
					{ "time": 3, "name": null },
					{ "time": 7.7666, "name": null },
					{ "time": 7.8, "name": "BLCB_dj_0008_3_" },
					{ "time": 7.9333, "name": "BLCB_dj_0008_3_" }
				]
			},
			"BLCB_dj_0008_4_": {
				"attachment": [
					{ "time": 0, "name": null },
					{ "time": 1.3, "name": null },
					{ "time": 1.3333, "name": "BLCB_dj_0008_4_" },
					{ "time": 1.4666, "name": "BLCB_dj_0008_4_" },
					{ "time": 1.5, "name": null },
					{ "time": 2.8, "name": null },
					{ "time": 2.8333, "name": "BLCB_dj_0008_4_" },
					{ "time": 2.9666, "name": "BLCB_dj_0008_4_" },
					{ "time": 3, "name": null },
					{ "time": 7.7666, "name": null },
					{ "time": 7.8, "name": "BLCB_dj_0008_4_" },
					{ "time": 7.9333, "name": "BLCB_dj_0008_4_" }
				]
			},
			"BLCB_zj_0000_1_": {
				"attachment": [
					{ "time": 0, "name": null },
					{ "time": 2.9666, "name": null },
					{ "time": 3, "name": "BLCB_zj_0000_1_" },
					{ "time": 3.1, "name": "BLCB_zj_0000_1_" },
					{ "time": 3.1333, "name": null },
					{ "time": 7.9333, "name": null }
				]
			},
			"BLCB_zj_0000_2_": {
				"attachment": [
					{ "time": 0, "name": null },
					{ "time": 2.9666, "name": null },
					{ "time": 3, "name": "BLCB_zj_0000_2_" },
					{ "time": 3.1, "name": "BLCB_zj_0000_2_" },
					{ "time": 3.1333, "name": null },
					{ "time": 7.9333, "name": null }
				]
			},
			"BLCB_zj_0000_3_": {
				"attachment": [
					{ "time": 0, "name": null },
					{ "time": 2.9666, "name": null },
					{ "time": 3, "name": "BLCB_zj_0000_3_" },
					{ "time": 3.1, "name": "BLCB_zj_0000_3_" },
					{ "time": 3.1333, "name": null },
					{ "time": 7.9333, "name": null }
				]
			},
			"BLCB_zj_0000_4_": {
				"attachment": [
					{ "time": 0, "name": null },
					{ "time": 2.9666, "name": null },
					{ "time": 3, "name": "BLCB_zj_0000_4_" },
					{ "time": 3.1, "name": "BLCB_zj_0000_4_" },
					{ "time": 3.1333, "name": null },
					{ "time": 7.9333, "name": null }
				]
			},
			"BLCB_zj_0001_1_": {
				"attachment": [
					{ "time": 0, "name": null },
					{ "time": 3.1, "name": null },
					{ "time": 3.1333, "name": "BLCB_zj_0001_1_" },
					{ "time": 3.2333, "name": "BLCB_zj_0001_1_" },
					{ "time": 3.2666, "name": null },
					{ "time": 7.9333, "name": null }
				]
			},
			"BLCB_zj_0001_2_": {
				"attachment": [
					{ "time": 0, "name": null },
					{ "time": 3.1, "name": null },
					{ "time": 3.1333, "name": "BLCB_zj_0001_2_" },
					{ "time": 3.2333, "name": "BLCB_zj_0001_2_" },
					{ "time": 3.2666, "name": null },
					{ "time": 7.9333, "name": null }
				]
			},
			"BLCB_zj_0001_3_": {
				"attachment": [
					{ "time": 0, "name": null },
					{ "time": 3.1, "name": null },
					{ "time": 3.1333, "name": "BLCB_zj_0001_3_" },
					{ "time": 3.2333, "name": "BLCB_zj_0001_3_" },
					{ "time": 3.2666, "name": null },
					{ "time": 7.9333, "name": null }
				]
			},
			"BLCB_zj_0001_4_": {
				"attachment": [
					{ "time": 0, "name": null },
					{ "time": 3.1, "name": null },
					{ "time": 3.1333, "name": "BLCB_zj_0001_4_" },
					{ "time": 3.2333, "name": "BLCB_zj_0001_4_" },
					{ "time": 3.2666, "name": null },
					{ "time": 7.9333, "name": null }
				]
			},
			"BLCB_zj_0002_1_": {
				"attachment": [
					{ "time": 0, "name": null },
					{ "time": 3.2333, "name": null },
					{ "time": 3.2666, "name": "BLCB_zj_0002_1_" },
					{ "time": 3.3666, "name": "BLCB_zj_0002_1_" },
					{ "time": 3.4, "name": null },
					{ "time": 7.9333, "name": null }
				]
			},
			"BLCB_zj_0002_2_": {
				"attachment": [
					{ "time": 0, "name": null },
					{ "time": 3.2333, "name": null },
					{ "time": 3.2666, "name": "BLCB_zj_0002_2_" },
					{ "time": 3.3666, "name": "BLCB_zj_0002_2_" },
					{ "time": 3.4, "name": null },
					{ "time": 7.9333, "name": null }
				]
			},
			"BLCB_zj_0002_3_": {
				"attachment": [
					{ "time": 0, "name": null },
					{ "time": 3.2333, "name": null },
					{ "time": 3.2666, "name": "BLCB_zj_0002_3_" },
					{ "time": 3.3666, "name": "BLCB_zj_0002_3_" },
					{ "time": 3.4, "name": null },
					{ "time": 7.9333, "name": null }
				]
			},
			"BLCB_zj_0002_4_": {
				"attachment": [
					{ "time": 0, "name": null },
					{ "time": 3.2333, "name": null },
					{ "time": 3.2666, "name": "BLCB_zj_0002_4_" },
					{ "time": 3.3666, "name": "BLCB_zj_0002_4_" },
					{ "time": 3.4, "name": null },
					{ "time": 7.9333, "name": null }
				]
			},
			"BLCB_zj_0002_5_": {
				"attachment": [
					{ "time": 0, "name": null },
					{ "time": 3.2333, "name": null },
					{ "time": 3.2666, "name": "BLCB_zj_0002_5_" },
					{ "time": 3.3666, "name": "BLCB_zj_0002_5_" },
					{ "time": 3.4, "name": null },
					{ "time": 7.9333, "name": null }
				]
			},
			"BLCB_zj_0003_1_": {
				"attachment": [
					{ "time": 0, "name": null },
					{ "time": 3.3666, "name": null },
					{ "time": 3.4, "name": "BLCB_zj_0003_1_" },
					{ "time": 3.5, "name": "BLCB_zj_0003_1_" },
					{ "time": 3.5333, "name": null },
					{ "time": 7.9333, "name": null }
				]
			},
			"BLCB_zj_0003_2_": {
				"attachment": [
					{ "time": 0, "name": null },
					{ "time": 3.3666, "name": null },
					{ "time": 3.4, "name": "BLCB_zj_0003_2_" },
					{ "time": 3.5, "name": "BLCB_zj_0003_2_" },
					{ "time": 3.5333, "name": null },
					{ "time": 7.9333, "name": null }
				]
			},
			"BLCB_zj_0003_3_": {
				"attachment": [
					{ "time": 0, "name": null },
					{ "time": 3.3666, "name": null },
					{ "time": 3.4, "name": "BLCB_zj_0003_3_" },
					{ "time": 3.5, "name": "BLCB_zj_0003_3_" },
					{ "time": 3.5333, "name": null },
					{ "time": 7.9333, "name": null }
				]
			},
			"BLCB_zj_0003_4_": {
				"attachment": [
					{ "time": 0, "name": null },
					{ "time": 3.3666, "name": null },
					{ "time": 3.4, "name": "BLCB_zj_0003_4_" },
					{ "time": 3.5, "name": "BLCB_zj_0003_4_" },
					{ "time": 3.5333, "name": null },
					{ "time": 7.9333, "name": null }
				]
			},
			"BLCB_zj_0004_1_": {
				"attachment": [
					{ "time": 0, "name": null },
					{ "time": 3.5, "name": null },
					{ "time": 3.5333, "name": "BLCB_zj_0004_1_" },
					{ "time": 3.6333, "name": "BLCB_zj_0004_1_" },
					{ "time": 3.6666, "name": null },
					{ "time": 7.9333, "name": null }
				]
			},
			"BLCB_zj_0004_2_": {
				"attachment": [
					{ "time": 0, "name": null },
					{ "time": 3.5, "name": null },
					{ "time": 3.5333, "name": "BLCB_zj_0004_2_" },
					{ "time": 3.6333, "name": "BLCB_zj_0004_2_" },
					{ "time": 3.6666, "name": null },
					{ "time": 7.9333, "name": null }
				]
			},
			"BLCB_zj_0004_3_": {
				"attachment": [
					{ "time": 0, "name": null },
					{ "time": 3.5, "name": null },
					{ "time": 3.5333, "name": "BLCB_zj_0004_3_" },
					{ "time": 3.6333, "name": "BLCB_zj_0004_3_" },
					{ "time": 3.6666, "name": null },
					{ "time": 7.9333, "name": null }
				]
			},
			"BLCB_zj_0004_4_": {
				"attachment": [
					{ "time": 0, "name": null },
					{ "time": 3.5, "name": null },
					{ "time": 3.5333, "name": "BLCB_zj_0004_4_" },
					{ "time": 3.6333, "name": "BLCB_zj_0004_4_" },
					{ "time": 3.6666, "name": null },
					{ "time": 7.9333, "name": null }
				]
			},
			"BLCB_zj_0005_1_": {
				"attachment": [
					{ "time": 0, "name": null },
					{ "time": 3.6333, "name": null },
					{ "time": 3.6666, "name": "BLCB_zj_0005_1_" },
					{ "time": 3.7666, "name": "BLCB_zj_0005_1_" },
					{ "time": 3.8, "name": null },
					{ "time": 7.9333, "name": null }
				]
			},
			"BLCB_zj_0005_2_": {
				"attachment": [
					{ "time": 0, "name": null },
					{ "time": 3.6333, "name": null },
					{ "time": 3.6666, "name": "BLCB_zj_0005_2_" },
					{ "time": 3.7666, "name": "BLCB_zj_0005_2_" },
					{ "time": 3.8, "name": null },
					{ "time": 7.9333, "name": null }
				]
			},
			"BLCB_zj_0005_3_": {
				"attachment": [
					{ "time": 0, "name": null },
					{ "time": 3.6333, "name": null },
					{ "time": 3.6666, "name": "BLCB_zj_0005_3_" },
					{ "time": 3.7666, "name": "BLCB_zj_0005_3_" },
					{ "time": 3.8, "name": null },
					{ "time": 7.9333, "name": null }
				]
			},
			"BLCB_zj_0005_4_": {
				"attachment": [
					{ "time": 0, "name": null },
					{ "time": 3.6333, "name": null },
					{ "time": 3.6666, "name": "BLCB_zj_0005_4_" },
					{ "time": 3.7666, "name": "BLCB_zj_0005_4_" },
					{ "time": 3.8, "name": null },
					{ "time": 7.9333, "name": null }
				]
			},
			"BLCB_zj_0006_1_": {
				"attachment": [
					{ "time": 0, "name": null },
					{ "time": 3.7666, "name": null },
					{ "time": 3.8, "name": "BLCB_zj_0006_1_" },
					{ "time": 3.9, "name": "BLCB_zj_0006_1_" },
					{ "time": 3.9333, "name": null },
					{ "time": 7.9333, "name": null }
				]
			},
			"BLCB_zj_0006_2_": {
				"attachment": [
					{ "time": 0, "name": null },
					{ "time": 3.7666, "name": null },
					{ "time": 3.8, "name": "BLCB_zj_0006_2_" },
					{ "time": 3.9, "name": "BLCB_zj_0006_2_" },
					{ "time": 3.9333, "name": null },
					{ "time": 7.9333, "name": null }
				]
			},
			"BLCB_zj_0006_3_": {
				"attachment": [
					{ "time": 0, "name": null },
					{ "time": 3.7666, "name": null },
					{ "time": 3.8, "name": "BLCB_zj_0006_3_" },
					{ "time": 3.9, "name": "BLCB_zj_0006_3_" },
					{ "time": 3.9333, "name": null },
					{ "time": 7.9333, "name": null }
				]
			},
			"BLCB_zj_0006_4_": {
				"attachment": [
					{ "time": 0, "name": null },
					{ "time": 3.7666, "name": null },
					{ "time": 3.8, "name": "BLCB_zj_0006_4_" },
					{ "time": 3.9, "name": "BLCB_zj_0006_4_" },
					{ "time": 3.9333, "name": null },
					{ "time": 7.9333, "name": null }
				]
			},
			"BLCB_zj_0007_1_": {
				"attachment": [
					{ "time": 0, "name": null },
					{ "time": 3.9, "name": null },
					{ "time": 3.9333, "name": "BLCB_zj_0007_1_" },
					{ "time": 4.0333, "name": "BLCB_zj_0007_1_" },
					{ "time": 4.0666, "name": null },
					{ "time": 7.9333, "name": null }
				]
			},
			"BLCB_zj_0007_2_": {
				"attachment": [
					{ "time": 0, "name": null },
					{ "time": 3.9, "name": null },
					{ "time": 3.9333, "name": "BLCB_zj_0007_2_" },
					{ "time": 4.0333, "name": "BLCB_zj_0007_2_" },
					{ "time": 4.0666, "name": null },
					{ "time": 7.9333, "name": null }
				]
			},
			"BLCB_zj_0007_3_": {
				"attachment": [
					{ "time": 0, "name": null },
					{ "time": 3.9, "name": null },
					{ "time": 3.9333, "name": "BLCB_zj_0007_3_" },
					{ "time": 4.0333, "name": "BLCB_zj_0007_3_" },
					{ "time": 4.0666, "name": null },
					{ "time": 7.9333, "name": null }
				]
			},
			"BLCB_zj_0007_4_": {
				"attachment": [
					{ "time": 0, "name": null },
					{ "time": 3.9, "name": null },
					{ "time": 3.9333, "name": "BLCB_zj_0007_4_" },
					{ "time": 4.0333, "name": "BLCB_zj_0007_4_" },
					{ "time": 4.0666, "name": null },
					{ "time": 7.9333, "name": null }
				]
			},
			"BLCB_zj_0007_5_": {
				"attachment": [
					{ "time": 0, "name": null },
					{ "time": 3.9, "name": null },
					{ "time": 3.9333, "name": "BLCB_zj_0007_5_" },
					{ "time": 4.0333, "name": "BLCB_zj_0007_5_" },
					{ "time": 4.0666, "name": null },
					{ "time": 7.9333, "name": null }
				]
			},
			"BLCB_zj_0008_1_": {
				"attachment": [
					{ "time": 0, "name": null },
					{ "time": 4.0333, "name": null },
					{ "time": 4.0666, "name": "BLCB_zj_0008_1_" },
					{ "time": 4.1666, "name": "BLCB_zj_0008_1_" },
					{ "time": 4.2, "name": null },
					{ "time": 7.9333, "name": null }
				]
			},
			"BLCB_zj_0008_2_": {
				"attachment": [
					{ "time": 0, "name": null },
					{ "time": 4.0333, "name": null },
					{ "time": 4.0666, "name": "BLCB_zj_0008_2_" },
					{ "time": 4.1666, "name": "BLCB_zj_0008_2_" },
					{ "time": 4.2, "name": null },
					{ "time": 7.9333, "name": null }
				]
			},
			"BLCB_zj_0008_3_": {
				"attachment": [
					{ "time": 0, "name": null },
					{ "time": 4.0333, "name": null },
					{ "time": 4.0666, "name": "BLCB_zj_0008_3_" },
					{ "time": 4.1666, "name": "BLCB_zj_0008_3_" },
					{ "time": 4.2, "name": null },
					{ "time": 7.9333, "name": null }
				]
			},
			"BLCB_zj_0008_4_": {
				"attachment": [
					{ "time": 0, "name": null },
					{ "time": 4.0333, "name": null },
					{ "time": 4.0666, "name": "BLCB_zj_0008_4_" },
					{ "time": 4.1666, "name": "BLCB_zj_0008_4_" },
					{ "time": 4.2, "name": null },
					{ "time": 7.9333, "name": null }
				]
			},
			"BLCB_zj_0009_1_": {
				"attachment": [
					{ "time": 0, "name": null },
					{ "time": 4.1666, "name": null },
					{ "time": 4.2, "name": "BLCB_zj_0009_1_" },
					{ "time": 4.3, "name": "BLCB_zj_0009_1_" },
					{ "time": 4.3333, "name": null },
					{ "time": 7.9333, "name": null }
				]
			},
			"BLCB_zj_0009_2_": {
				"attachment": [
					{ "time": 0, "name": null },
					{ "time": 4.1666, "name": null },
					{ "time": 4.2, "name": "BLCB_zj_0009_2_" },
					{ "time": 4.3, "name": "BLCB_zj_0009_2_" },
					{ "time": 4.3333, "name": null },
					{ "time": 7.9333, "name": null }
				]
			},
			"BLCB_zj_0009_3_": {
				"attachment": [
					{ "time": 0, "name": null },
					{ "time": 4.1666, "name": null },
					{ "time": 4.2, "name": "BLCB_zj_0009_3_" },
					{ "time": 4.3, "name": "BLCB_zj_0009_3_" },
					{ "time": 4.3333, "name": null },
					{ "time": 7.9333, "name": null }
				]
			},
			"BLCB_zj_0009_4_": {
				"attachment": [
					{ "time": 0, "name": null },
					{ "time": 4.1666, "name": null },
					{ "time": 4.2, "name": "BLCB_zj_0009_4_" },
					{ "time": 4.3, "name": "BLCB_zj_0009_4_" },
					{ "time": 4.3333, "name": null },
					{ "time": 7.9333, "name": null }
				]
			},
			"BLCB_zj_0010_1_": {
				"attachment": [
					{ "time": 0, "name": null },
					{ "time": 4.3, "name": null },
					{ "time": 4.3333, "name": "BLCB_zj_0010_1_" },
					{ "time": 4.4333, "name": "BLCB_zj_0010_1_" },
					{ "time": 4.4666, "name": null },
					{ "time": 7.9333, "name": null }
				]
			},
			"BLCB_zj_0010_2_": {
				"attachment": [
					{ "time": 0, "name": null },
					{ "time": 4.3, "name": null },
					{ "time": 4.3333, "name": "BLCB_zj_0010_2_" },
					{ "time": 4.4333, "name": "BLCB_zj_0010_2_" },
					{ "time": 4.4666, "name": null },
					{ "time": 7.9333, "name": null }
				]
			},
			"BLCB_zj_0010_3_": {
				"attachment": [
					{ "time": 0, "name": null },
					{ "time": 4.3, "name": null },
					{ "time": 4.3333, "name": "BLCB_zj_0010_3_" },
					{ "time": 4.4333, "name": "BLCB_zj_0010_3_" },
					{ "time": 4.4666, "name": null },
					{ "time": 7.9333, "name": null }
				]
			},
			"BLCB_zj_0010_4_": {
				"attachment": [
					{ "time": 0, "name": null },
					{ "time": 4.3, "name": null },
					{ "time": 4.3333, "name": "BLCB_zj_0010_4_" },
					{ "time": 4.4333, "name": "BLCB_zj_0010_4_" },
					{ "time": 4.4666, "name": null },
					{ "time": 7.9333, "name": null }
				]
			},
			"BLCB_zj_0011_1_": {
				"attachment": [
					{ "time": 0, "name": null },
					{ "time": 4.4333, "name": null },
					{ "time": 4.4666, "name": "BLCB_zj_0011_1_" },
					{ "time": 4.5666, "name": "BLCB_zj_0011_1_" },
					{ "time": 4.6, "name": null },
					{ "time": 7.9333, "name": null }
				]
			},
			"BLCB_zj_0011_2_": {
				"attachment": [
					{ "time": 0, "name": null },
					{ "time": 4.4333, "name": null },
					{ "time": 4.4666, "name": "BLCB_zj_0011_2_" },
					{ "time": 4.5666, "name": "BLCB_zj_0011_2_" },
					{ "time": 4.6, "name": null },
					{ "time": 7.9333, "name": null }
				]
			},
			"BLCB_zj_0011_3_": {
				"attachment": [
					{ "time": 0, "name": null },
					{ "time": 4.4333, "name": null },
					{ "time": 4.4666, "name": "BLCB_zj_0011_3_" },
					{ "time": 4.5666, "name": "BLCB_zj_0011_3_" },
					{ "time": 4.6, "name": null },
					{ "time": 7.9333, "name": null }
				]
			},
			"BLCB_zj_0011_4_": {
				"attachment": [
					{ "time": 0, "name": null },
					{ "time": 4.4333, "name": null },
					{ "time": 4.4666, "name": "BLCB_zj_0011_4_" },
					{ "time": 4.5666, "name": "BLCB_zj_0011_4_" },
					{ "time": 4.6, "name": null },
					{ "time": 7.9333, "name": null }
				]
			},
			"BLCB_zj_0012_1_": {
				"attachment": [
					{ "time": 0, "name": null },
					{ "time": 4.5666, "name": null },
					{ "time": 4.6, "name": "BLCB_zj_0012_1_" },
					{ "time": 4.7, "name": "BLCB_zj_0012_1_" },
					{ "time": 4.7333, "name": null },
					{ "time": 7.9333, "name": null }
				]
			},
			"BLCB_zj_0012_2_": {
				"attachment": [
					{ "time": 0, "name": null },
					{ "time": 4.5666, "name": null },
					{ "time": 4.6, "name": "BLCB_zj_0012_2_" },
					{ "time": 4.7, "name": "BLCB_zj_0012_2_" },
					{ "time": 4.7333, "name": null },
					{ "time": 7.9333, "name": null }
				]
			},
			"BLCB_zj_0012_3_": {
				"attachment": [
					{ "time": 0, "name": null },
					{ "time": 4.5666, "name": null },
					{ "time": 4.6, "name": "BLCB_zj_0012_3_" },
					{ "time": 4.7, "name": "BLCB_zj_0012_3_" },
					{ "time": 4.7333, "name": null },
					{ "time": 7.9333, "name": null }
				]
			},
			"BLCB_zj_0012_4_": {
				"attachment": [
					{ "time": 0, "name": null },
					{ "time": 4.5666, "name": null },
					{ "time": 4.6, "name": "BLCB_zj_0012_4_" },
					{ "time": 4.7, "name": "BLCB_zj_0012_4_" },
					{ "time": 4.7333, "name": null },
					{ "time": 7.9333, "name": null }
				]
			},
			"BLCB_zj_0013_1_": {
				"attachment": [
					{ "time": 0, "name": null },
					{ "time": 4.7, "name": null },
					{ "time": 4.7333, "name": "BLCB_zj_0013_1_" },
					{ "time": 4.8333, "name": "BLCB_zj_0013_1_" },
					{ "time": 4.8666, "name": null },
					{ "time": 7.9333, "name": null }
				]
			},
			"BLCB_zj_0013_2_": {
				"attachment": [
					{ "time": 0, "name": null },
					{ "time": 4.7, "name": null },
					{ "time": 4.7333, "name": "BLCB_zj_0013_2_" },
					{ "time": 4.8333, "name": "BLCB_zj_0013_2_" },
					{ "time": 4.8666, "name": null },
					{ "time": 7.9333, "name": null }
				]
			},
			"BLCB_zj_0013_4_": {
				"attachment": [
					{ "time": 0, "name": null },
					{ "time": 4.7, "name": null },
					{ "time": 4.7333, "name": "BLCB_zj_0013_4_" },
					{ "time": 4.8333, "name": "BLCB_zj_0013_4_" },
					{ "time": 4.8666, "name": null },
					{ "time": 7.9333, "name": null }
				]
			},
			"BLCB_zj_0013_5_": {
				"attachment": [
					{ "time": 0, "name": null },
					{ "time": 4.7, "name": null },
					{ "time": 4.7333, "name": "BLCB_zj_0013_5_" },
					{ "time": 4.8333, "name": "BLCB_zj_0013_5_" },
					{ "time": 4.8666, "name": null },
					{ "time": 7.9333, "name": null }
				]
			},
			"BLCB_zj_0013_6_": {
				"attachment": [
					{ "time": 0, "name": null },
					{ "time": 4.7, "name": null },
					{ "time": 4.7333, "name": "BLCB_zj_0013_6_" },
					{ "time": 4.8333, "name": "BLCB_zj_0013_6_" },
					{ "time": 4.8666, "name": null },
					{ "time": 7.9333, "name": null }
				]
			},
			"BLCB_zj_0014_1_": {
				"attachment": [
					{ "time": 0, "name": null },
					{ "time": 4.8333, "name": null },
					{ "time": 4.8666, "name": "BLCB_zj_0014_1_" },
					{ "time": 4.9666, "name": "BLCB_zj_0014_1_" },
					{ "time": 5, "name": null },
					{ "time": 7.9333, "name": null }
				]
			},
			"BLCB_zj_0014_2_": {
				"attachment": [
					{ "time": 0, "name": null },
					{ "time": 4.8333, "name": null },
					{ "time": 4.8666, "name": "BLCB_zj_0014_2_" },
					{ "time": 4.9666, "name": "BLCB_zj_0014_2_" },
					{ "time": 5, "name": null },
					{ "time": 7.9333, "name": null }
				]
			},
			"BLCB_zj_0014_3_": {
				"attachment": [
					{ "time": 0, "name": null },
					{ "time": 4.8333, "name": null },
					{ "time": 4.8666, "name": "BLCB_zj_0014_3_" },
					{ "time": 4.9666, "name": "BLCB_zj_0014_3_" },
					{ "time": 5, "name": null },
					{ "time": 7.9333, "name": null }
				]
			},
			"BLCB_zj_0014_4_": {
				"attachment": [
					{ "time": 0, "name": null },
					{ "time": 4.8333, "name": null },
					{ "time": 4.8666, "name": "BLCB_zj_0014_4_" },
					{ "time": 4.9666, "name": "BLCB_zj_0014_4_" },
					{ "time": 5, "name": null },
					{ "time": 7.9333, "name": null }
				]
			},
			"BLCB_zj_0015_1_": {
				"attachment": [
					{ "time": 0, "name": null },
					{ "time": 4.9666, "name": null },
					{ "time": 5, "name": "BLCB_zj_0015_1_" },
					{ "time": 5.1, "name": "BLCB_zj_0015_1_" },
					{ "time": 5.1333, "name": null },
					{ "time": 7.9333, "name": null }
				]
			},
			"BLCB_zj_0015_2_": {
				"attachment": [
					{ "time": 0, "name": null },
					{ "time": 4.9666, "name": null },
					{ "time": 5, "name": "BLCB_zj_0015_2_" },
					{ "time": 5.1, "name": "BLCB_zj_0015_2_" },
					{ "time": 5.1333, "name": null },
					{ "time": 7.9333, "name": null }
				]
			},
			"BLCB_zj_0015_3_": {
				"attachment": [
					{ "time": 0, "name": null },
					{ "time": 4.9666, "name": null },
					{ "time": 5, "name": "BLCB_zj_0015_3_" },
					{ "time": 5.1, "name": "BLCB_zj_0015_3_" },
					{ "time": 5.1333, "name": null },
					{ "time": 7.9333, "name": null }
				]
			},
			"BLCB_zj_0015_4_": {
				"attachment": [
					{ "time": 0, "name": null },
					{ "time": 4.9666, "name": null },
					{ "time": 5, "name": "BLCB_zj_0015_4_" },
					{ "time": 5.1, "name": "BLCB_zj_0015_4_" },
					{ "time": 5.1333, "name": null },
					{ "time": 7.9333, "name": null }
				]
			},
			"BLCB_zj_0016_1_": {
				"attachment": [
					{ "time": 0, "name": null },
					{ "time": 5.1, "name": null },
					{ "time": 5.1333, "name": "BLCB_zj_0016_1_" },
					{ "time": 5.2666, "name": "BLCB_zj_0016_1_" },
					{ "time": 5.3, "name": null },
					{ "time": 7.9333, "name": null }
				]
			},
			"BLCB_zj_0016_2_": {
				"attachment": [
					{ "time": 0, "name": null },
					{ "time": 5.1, "name": null },
					{ "time": 5.1333, "name": "BLCB_zj_0016_2_" },
					{ "time": 5.2666, "name": "BLCB_zj_0016_2_" },
					{ "time": 5.3, "name": null },
					{ "time": 7.9333, "name": null }
				]
			},
			"BLCB_zj_0016_3_": {
				"attachment": [
					{ "time": 0, "name": null },
					{ "time": 5.1, "name": null },
					{ "time": 5.1333, "name": "BLCB_zj_0016_3_" },
					{ "time": 5.2666, "name": "BLCB_zj_0016_3_" },
					{ "time": 5.3, "name": null },
					{ "time": 7.9333, "name": null }
				]
			},
			"BLCB_zj_0016_4_": {
				"attachment": [
					{ "time": 0, "name": null },
					{ "time": 5.1, "name": null },
					{ "time": 5.1333, "name": "BLCB_zj_0016_4_" },
					{ "time": 5.2666, "name": "BLCB_zj_0016_4_" },
					{ "time": 5.3, "name": null },
					{ "time": 7.9333, "name": null }
				]
			},
			"BLCB_zj_0017_1_": {
				"attachment": [
					{ "time": 0, "name": null },
					{ "time": 5.2666, "name": null },
					{ "time": 5.3, "name": "BLCB_zj_0017_1_" },
					{ "time": 5.4333, "name": "BLCB_zj_0017_1_" },
					{ "time": 5.4666, "name": null },
					{ "time": 7.9333, "name": null }
				]
			},
			"BLCB_zj_0017_2_": {
				"attachment": [
					{ "time": 0, "name": null },
					{ "time": 5.2666, "name": null },
					{ "time": 5.3, "name": "BLCB_zj_0017_2_" },
					{ "time": 5.4333, "name": "BLCB_zj_0017_2_" },
					{ "time": 5.4666, "name": null },
					{ "time": 7.9333, "name": null }
				]
			},
			"BLCB_zj_0017_3_": {
				"attachment": [
					{ "time": 0, "name": null },
					{ "time": 5.2666, "name": null },
					{ "time": 5.3, "name": "BLCB_zj_0017_3_" },
					{ "time": 5.4333, "name": "BLCB_zj_0017_3_" },
					{ "time": 5.4666, "name": null },
					{ "time": 7.9333, "name": null }
				]
			},
			"BLCB_zj_0017_4_": {
				"attachment": [
					{ "time": 0, "name": null },
					{ "time": 5.2666, "name": null },
					{ "time": 5.3, "name": "BLCB_zj_0017_4_" },
					{ "time": 5.4333, "name": "BLCB_zj_0017_4_" },
					{ "time": 5.4666, "name": null },
					{ "time": 7.9333, "name": null }
				]
			},
			"BLCB_zj_0018_1_": {
				"attachment": [
					{ "time": 0, "name": null },
					{ "time": 5.4333, "name": null },
					{ "time": 5.4666, "name": "BLCB_zj_0018_1_" },
					{ "time": 5.5666, "name": "BLCB_zj_0018_1_" },
					{ "time": 5.6, "name": null },
					{ "time": 7.9333, "name": null }
				]
			},
			"BLCB_zj_0018_2_": {
				"attachment": [
					{ "time": 0, "name": null },
					{ "time": 5.4333, "name": null },
					{ "time": 5.4666, "name": "BLCB_zj_0018_2_" },
					{ "time": 5.5666, "name": "BLCB_zj_0018_2_" },
					{ "time": 5.6, "name": null },
					{ "time": 7.9333, "name": null }
				]
			},
			"BLCB_zj_0018_3_": {
				"attachment": [
					{ "time": 0, "name": null },
					{ "time": 5.4333, "name": null },
					{ "time": 5.4666, "name": "BLCB_zj_0018_3_" },
					{ "time": 5.5666, "name": "BLCB_zj_0018_3_" },
					{ "time": 5.6, "name": null },
					{ "time": 7.9333, "name": null }
				]
			},
			"BLCB_zj_0018_4_": {
				"attachment": [
					{ "time": 0, "name": null },
					{ "time": 5.4333, "name": null },
					{ "time": 5.4666, "name": "BLCB_zj_0018_4_" },
					{ "time": 5.5666, "name": "BLCB_zj_0018_4_" },
					{ "time": 5.6, "name": null },
					{ "time": 7.9333, "name": null }
				]
			},
			"BLCB_zj_0018_5_": {
				"attachment": [
					{ "time": 0, "name": null },
					{ "time": 5.4333, "name": null },
					{ "time": 5.4666, "name": "BLCB_zj_0018_5_" },
					{ "time": 5.5666, "name": "BLCB_zj_0018_5_" },
					{ "time": 5.6, "name": null },
					{ "time": 7.9333, "name": null }
				]
			},
			"BLCB_zj_0019_1_": {
				"attachment": [
					{ "time": 0, "name": null },
					{ "time": 5.5666, "name": null },
					{ "time": 5.6, "name": "BLCB_zj_0019_1_" },
					{ "time": 5.7333, "name": "BLCB_zj_0019_1_" },
					{ "time": 5.7666, "name": null },
					{ "time": 7.9333, "name": null }
				]
			},
			"BLCB_zj_0019_2_": {
				"attachment": [
					{ "time": 0, "name": null },
					{ "time": 5.5666, "name": null },
					{ "time": 5.6, "name": "BLCB_zj_0019_2_" },
					{ "time": 5.7333, "name": "BLCB_zj_0019_2_" },
					{ "time": 5.7666, "name": null },
					{ "time": 7.9333, "name": null }
				]
			},
			"BLCB_zj_0019_3_": {
				"attachment": [
					{ "time": 0, "name": null },
					{ "time": 5.5666, "name": null },
					{ "time": 5.6, "name": "BLCB_zj_0019_3_" },
					{ "time": 5.7333, "name": "BLCB_zj_0019_3_" },
					{ "time": 5.7666, "name": null },
					{ "time": 7.9333, "name": null }
				]
			},
			"BLCB_zj_0019_4_": {
				"attachment": [
					{ "time": 0, "name": null },
					{ "time": 5.5666, "name": null },
					{ "time": 5.6, "name": "BLCB_zj_0019_4_" },
					{ "time": 5.7333, "name": "BLCB_zj_0019_4_" },
					{ "time": 5.7666, "name": null },
					{ "time": 7.9333, "name": null }
				]
			},
			"BLCB_zj_0019_5_": {
				"attachment": [
					{ "time": 0, "name": null },
					{ "time": 5.5666, "name": null },
					{ "time": 5.6, "name": "BLCB_zj_0019_5_" },
					{ "time": 5.7333, "name": "BLCB_zj_0019_5_" },
					{ "time": 5.7666, "name": null },
					{ "time": 7.9333, "name": null }
				]
			},
			"BLCB_zj_0020_1_": {
				"attachment": [
					{ "time": 0, "name": null },
					{ "time": 5.7333, "name": null },
					{ "time": 5.7666, "name": "BLCB_zj_0020_1_" },
					{ "time": 5.8333, "name": "BLCB_zj_0020_1_" },
					{ "time": 5.8666, "name": null },
					{ "time": 7.9333, "name": null }
				]
			},
			"BLCB_zj_0020_2_": {
				"attachment": [
					{ "time": 0, "name": null },
					{ "time": 5.7333, "name": null },
					{ "time": 5.7666, "name": "BLCB_zj_0020_2_" },
					{ "time": 5.8333, "name": "BLCB_zj_0020_2_" },
					{ "time": 5.8666, "name": null },
					{ "time": 7.9333, "name": null }
				]
			},
			"BLCB_zj_0020_3_": {
				"attachment": [
					{ "time": 0, "name": null },
					{ "time": 5.7333, "name": null },
					{ "time": 5.7666, "name": "BLCB_zj_0020_3_" },
					{ "time": 5.8333, "name": "BLCB_zj_0020_3_" },
					{ "time": 5.8666, "name": null },
					{ "time": 7.9333, "name": null }
				]
			},
			"BLCB_zj_0020_4_": {
				"attachment": [
					{ "time": 0, "name": null },
					{ "time": 5.7333, "name": null },
					{ "time": 5.7666, "name": "BLCB_zj_0020_4_" },
					{ "time": 5.8333, "name": "BLCB_zj_0020_4_" },
					{ "time": 5.8666, "name": null },
					{ "time": 7.9333, "name": null }
				]
			},
			"BLCB_zj_0020_5_": {
				"attachment": [
					{ "time": 0, "name": null },
					{ "time": 5.7333, "name": null },
					{ "time": 5.7666, "name": "BLCB_zj_0020_5_" },
					{ "time": 5.8333, "name": "BLCB_zj_0020_5_" },
					{ "time": 5.8666, "name": null },
					{ "time": 7.9333, "name": null }
				]
			},
			"BLCB_zj_0021_1_": {
				"attachment": [
					{ "time": 0, "name": null },
					{ "time": 5.8333, "name": null },
					{ "time": 5.8666, "name": "BLCB_zj_0021_1_" },
					{ "time": 5.9333, "name": "BLCB_zj_0021_1_" },
					{ "time": 5.9666, "name": null },
					{ "time": 7.9333, "name": null }
				]
			},
			"BLCB_zj_0021_2_": {
				"attachment": [
					{ "time": 0, "name": null },
					{ "time": 5.8333, "name": null },
					{ "time": 5.8666, "name": "BLCB_zj_0021_2_" },
					{ "time": 5.9333, "name": "BLCB_zj_0021_2_" },
					{ "time": 5.9666, "name": null },
					{ "time": 7.9333, "name": null }
				]
			},
			"BLCB_zj_0021_3_": {
				"attachment": [
					{ "time": 0, "name": null },
					{ "time": 5.8333, "name": null },
					{ "time": 5.8666, "name": "BLCB_zj_0021_3_" },
					{ "time": 5.9333, "name": "BLCB_zj_0021_3_" },
					{ "time": 5.9666, "name": null },
					{ "time": 7.9333, "name": null }
				]
			},
			"BLCB_zj_0021_4_": {
				"attachment": [
					{ "time": 0, "name": null },
					{ "time": 5.8333, "name": null },
					{ "time": 5.8666, "name": "BLCB_zj_0021_4_" },
					{ "time": 5.9333, "name": "BLCB_zj_0021_4_" },
					{ "time": 5.9666, "name": null },
					{ "time": 7.9333, "name": null }
				]
			},
			"BLCB_zj_0021_5_": {
				"attachment": [
					{ "time": 0, "name": null },
					{ "time": 5.8333, "name": null },
					{ "time": 5.8666, "name": "BLCB_zj_0021_5_" },
					{ "time": 5.9333, "name": "BLCB_zj_0021_5_" },
					{ "time": 5.9666, "name": null },
					{ "time": 7.9333, "name": null }
				]
			},
			"BLCB_zj_0022_1_": {
				"attachment": [
					{ "time": 0, "name": null },
					{ "time": 5.9333, "name": null },
					{ "time": 5.9666, "name": "BLCB_zj_0022_1_" },
					{ "time": 6.0333, "name": "BLCB_zj_0022_1_" },
					{ "time": 6.0666, "name": null },
					{ "time": 7.9333, "name": null }
				]
			},
			"BLCB_zj_0022_2_": {
				"attachment": [
					{ "time": 0, "name": null },
					{ "time": 5.9333, "name": null },
					{ "time": 5.9666, "name": "BLCB_zj_0022_2_" },
					{ "time": 6.0333, "name": "BLCB_zj_0022_2_" },
					{ "time": 6.0666, "name": null },
					{ "time": 7.9333, "name": null }
				]
			},
			"BLCB_zj_0022_3_": {
				"attachment": [
					{ "time": 0, "name": null },
					{ "time": 5.9333, "name": null },
					{ "time": 5.9666, "name": "BLCB_zj_0022_3_" },
					{ "time": 6.0333, "name": "BLCB_zj_0022_3_" },
					{ "time": 6.0666, "name": null },
					{ "time": 7.9333, "name": null }
				]
			},
			"BLCB_zj_0022_4_": {
				"attachment": [
					{ "time": 0, "name": null },
					{ "time": 5.9333, "name": null },
					{ "time": 5.9666, "name": "BLCB_zj_0022_4_" },
					{ "time": 6.0333, "name": "BLCB_zj_0022_4_" },
					{ "time": 6.0666, "name": null },
					{ "time": 7.9333, "name": null }
				]
			},
			"BLCB_zj_0023_1_": {
				"attachment": [
					{ "time": 0, "name": null },
					{ "time": 6.0333, "name": null },
					{ "time": 6.0666, "name": "BLCB_zj_0023_1_" },
					{ "time": 6.1333, "name": "BLCB_zj_0023_1_" },
					{ "time": 6.1666, "name": null },
					{ "time": 7.9333, "name": null }
				]
			},
			"BLCB_zj_0023_2_": {
				"attachment": [
					{ "time": 0, "name": null },
					{ "time": 6.0333, "name": null },
					{ "time": 6.0666, "name": "BLCB_zj_0023_2_" },
					{ "time": 6.1333, "name": "BLCB_zj_0023_2_" },
					{ "time": 6.1666, "name": null },
					{ "time": 7.9333, "name": null }
				]
			},
			"BLCB_zj_0023_3_": {
				"attachment": [
					{ "time": 0, "name": null },
					{ "time": 6.0333, "name": null },
					{ "time": 6.0666, "name": "BLCB_zj_0023_3_" },
					{ "time": 6.1333, "name": "BLCB_zj_0023_3_" },
					{ "time": 6.1666, "name": null },
					{ "time": 7.9333, "name": null }
				]
			},
			"BLCB_zj_0023_4_": {
				"attachment": [
					{ "time": 0, "name": null },
					{ "time": 6.0333, "name": null },
					{ "time": 6.0666, "name": "BLCB_zj_0023_4_" },
					{ "time": 6.1333, "name": "BLCB_zj_0023_4_" },
					{ "time": 6.1666, "name": null },
					{ "time": 7.9333, "name": null }
				]
			},
			"BLCB_zj_0024_1_": {
				"attachment": [
					{ "time": 0, "name": null },
					{ "time": 6.1333, "name": null },
					{ "time": 6.1666, "name": "BLCB_zj_0024_1_" },
					{ "time": 6.2333, "name": "BLCB_zj_0024_1_" },
					{ "time": 6.2666, "name": null },
					{ "time": 7.9333, "name": null }
				]
			},
			"BLCB_zj_0024_2_": {
				"attachment": [
					{ "time": 0, "name": null },
					{ "time": 6.1333, "name": null },
					{ "time": 6.1666, "name": "BLCB_zj_0024_2_" },
					{ "time": 6.2333, "name": "BLCB_zj_0024_2_" },
					{ "time": 6.2666, "name": null },
					{ "time": 7.9333, "name": null }
				]
			},
			"BLCB_zj_0024_3_": {
				"attachment": [
					{ "time": 0, "name": null },
					{ "time": 6.1333, "name": null },
					{ "time": 6.1666, "name": "BLCB_zj_0024_3_" },
					{ "time": 6.2333, "name": "BLCB_zj_0024_3_" },
					{ "time": 6.2666, "name": null },
					{ "time": 7.9333, "name": null }
				]
			},
			"BLCB_zj_0024_4_": {
				"attachment": [
					{ "time": 0, "name": null },
					{ "time": 6.1333, "name": null },
					{ "time": 6.1666, "name": "BLCB_zj_0024_4_" },
					{ "time": 6.2333, "name": "BLCB_zj_0024_4_" },
					{ "time": 6.2666, "name": null },
					{ "time": 7.9333, "name": null }
				]
			},
			"BLCB_zj_0025_1_": {
				"attachment": [
					{ "time": 0, "name": null },
					{ "time": 6.2333, "name": null },
					{ "time": 6.2666, "name": "BLCB_zj_0025_1_" },
					{ "time": 6.3333, "name": "BLCB_zj_0025_1_" },
					{ "time": 6.3666, "name": null },
					{ "time": 7.9333, "name": null }
				]
			},
			"BLCB_zj_0025_2_": {
				"attachment": [
					{ "time": 0, "name": null },
					{ "time": 6.2333, "name": null },
					{ "time": 6.2666, "name": "BLCB_zj_0025_2_" },
					{ "time": 6.3333, "name": "BLCB_zj_0025_2_" },
					{ "time": 6.3666, "name": null },
					{ "time": 7.9333, "name": null }
				]
			},
			"BLCB_zj_0025_3_": {
				"attachment": [
					{ "time": 0, "name": null },
					{ "time": 6.2333, "name": null },
					{ "time": 6.2666, "name": "BLCB_zj_0025_3_" },
					{ "time": 6.3333, "name": "BLCB_zj_0025_3_" },
					{ "time": 6.3666, "name": null },
					{ "time": 7.9333, "name": null }
				]
			},
			"BLCB_zj_0025_4_": {
				"attachment": [
					{ "time": 0, "name": null },
					{ "time": 6.2333, "name": null },
					{ "time": 6.2666, "name": "BLCB_zj_0025_4_" },
					{ "time": 6.3333, "name": "BLCB_zj_0025_4_" },
					{ "time": 6.3666, "name": null },
					{ "time": 7.9333, "name": null }
				]
			},
			"BLCB_zj_0026_1_": {
				"attachment": [
					{ "time": 0, "name": null },
					{ "time": 6.3333, "name": null },
					{ "time": 6.3666, "name": "BLCB_zj_0026_1_" },
					{ "time": 6.4333, "name": "BLCB_zj_0026_1_" },
					{ "time": 6.4666, "name": null },
					{ "time": 7.9333, "name": null }
				]
			},
			"BLCB_zj_0026_2_": {
				"attachment": [
					{ "time": 0, "name": null },
					{ "time": 6.3333, "name": null },
					{ "time": 6.3666, "name": "BLCB_zj_0026_2_" },
					{ "time": 6.4333, "name": "BLCB_zj_0026_2_" },
					{ "time": 6.4666, "name": null },
					{ "time": 7.9333, "name": null }
				]
			},
			"BLCB_zj_0026_3_": {
				"attachment": [
					{ "time": 0, "name": null },
					{ "time": 6.3333, "name": null },
					{ "time": 6.3666, "name": "BLCB_zj_0026_3_" },
					{ "time": 6.4333, "name": "BLCB_zj_0026_3_" },
					{ "time": 6.4666, "name": null },
					{ "time": 7.9333, "name": null }
				]
			},
			"BLCB_zj_0026_4_": {
				"attachment": [
					{ "time": 0, "name": null },
					{ "time": 6.3333, "name": null },
					{ "time": 6.3666, "name": "BLCB_zj_0026_4_" },
					{ "time": 6.4333, "name": "BLCB_zj_0026_4_" },
					{ "time": 6.4666, "name": null },
					{ "time": 7.9333, "name": null }
				]
			},
			"BLCB_zj_0027_1_": {
				"attachment": [
					{ "time": 0, "name": null },
					{ "time": 7.9333, "name": null }
				]
			},
			"BLCB_zj_0027_2_": {
				"attachment": [
					{ "time": 0, "name": null },
					{ "time": 7.9333, "name": null }
				]
			},
			"BLCB_zj_0027_3_": {
				"attachment": [
					{ "time": 0, "name": null },
					{ "time": 7.9333, "name": null }
				]
			},
			"BLCB_zj_0027_4_": {
				"attachment": [
					{ "time": 0, "name": null },
					{ "time": 7.9333, "name": null }
				]
			}
		}
	}
}
}