{"skeleton":{"hash":"dkSfmK84xzzo4Y9A+ARAFnuB6QU","spine":"2.1.27","width":941.69,"height":530},"bones":[{"name":"root"},{"name":"bone","parent":"root","length":114.85,"rotation":90},{"name":"L","parent":"bone","length":79.33,"y":108,"rotation":-180},{"name":"R","parent":"bone","length":79.33,"y":-108,"scaleY":-1,"rotation":-180}],"slots":[{"name":"CHMAI_000_","bone":"L","attachment":"CHMAI_000_"},{"name":"CHMAI_000_2","bone":"R","attachment":"CHMAI_000_"}],"skins":{"default":{"CHMAI_000_":{"CHMAI_000_":{"x":-177.82,"y":-135.84,"rotation":90,"width":454,"height":530},"CHMAI_002_":{"x":-177.82,"y":-135.84,"rotation":90,"width":454,"height":530},"CHMAI_004_":{"x":-177.82,"y":-135.84,"rotation":90,"width":454,"height":530},"CHMAI_006_":{"x":-177.82,"y":-135.84,"rotation":90,"width":454,"height":530},"CHMAI_008_":{"x":-177.82,"y":-135.84,"rotation":90,"width":454,"height":530},"CHMAI_010_":{"x":-177.82,"y":-135.84,"rotation":90,"width":454,"height":530},"CHMAI_012_":{"x":-177.82,"y":-135.84,"rotation":90,"width":454,"height":530},"CHMAI_014_":{"x":-177.82,"y":-135.84,"rotation":90,"width":454,"height":530},"CHMAI_016_":{"x":-177.82,"y":-135.84,"rotation":90,"width":454,"height":530},"CHMAI_018_":{"x":-177.82,"y":-135.84,"rotation":90,"width":454,"height":530},"CHMAI_020_":{"x":-177.82,"y":-135.84,"rotation":90,"width":454,"height":530},"CHMAI_022_":{"x":-177.82,"y":-135.84,"rotation":90,"width":454,"height":530},"CHMAI_024_":{"x":-177.82,"y":-135.84,"rotation":90,"width":454,"height":530},"CHMAI_026_":{"x":-177.82,"y":-135.84,"rotation":90,"width":454,"height":530},"CHMAI_028_":{"x":-177.82,"y":-135.84,"rotation":90,"width":454,"height":530}},"CHMAI_000_2":{"CHMAI_000_":{"x":-177.82,"y":-135.84,"rotation":90,"width":454,"height":530},"CHMAI_002_":{"x":-177.82,"y":-135.84,"rotation":90,"width":454,"height":530},"CHMAI_004_":{"x":-177.82,"y":-135.84,"rotation":90,"width":454,"height":530},"CHMAI_006_":{"x":-177.82,"y":-135.84,"rotation":90,"width":454,"height":530},"CHMAI_008_":{"x":-177.82,"y":-135.84,"rotation":90,"width":454,"height":530},"CHMAI_010_":{"x":-177.82,"y":-135.84,"rotation":90,"width":454,"height":530},"CHMAI_012_":{"x":-177.82,"y":-135.84,"rotation":90,"width":454,"height":530},"CHMAI_014_":{"x":-177.82,"y":-135.84,"rotation":90,"width":454,"height":530},"CHMAI_016_":{"x":-177.82,"y":-135.84,"rotation":90,"width":454,"height":530},"CHMAI_018_":{"x":-177.82,"y":-135.84,"rotation":90,"width":454,"height":530},"CHMAI_020_":{"x":-177.82,"y":-135.84,"rotation":90,"width":454,"height":530},"CHMAI_022_":{"x":-177.82,"y":-135.84,"rotation":90,"width":454,"height":530},"CHMAI_024_":{"x":-177.82,"y":-135.84,"rotation":90,"width":454,"height":530},"CHMAI_026_":{"x":-177.82,"y":-135.84,"rotation":90,"width":454,"height":530},"CHMAI_028_":{"x":-177.82,"y":-135.84,"rotation":90,"width":454,"height":530}}}},"animations":{"dj":{"slots":{"CHMAI_000_":{"attachment":[{"time":0,"name":"CHMAI_000_"},{"time":0.1333,"name":"CHMAI_002_"},{"time":0.2333,"name":"CHMAI_004_"},{"time":0.3666,"name":"CHMAI_006_"},{"time":0.5,"name":"CHMAI_008_"},{"time":0.6,"name":"CHMAI_010_"},{"time":0.7333,"name":"CHMAI_012_"},{"time":0.8666,"name":"CHMAI_014_"},{"time":0.9666,"name":"CHMAI_016_"},{"time":1.1,"name":"CHMAI_018_"},{"time":1.2333,"name":"CHMAI_020_"},{"time":1.3333,"name":"CHMAI_022_"},{"time":1.4666,"name":"CHMAI_024_"},{"time":1.6,"name":"CHMAI_026_"},{"time":1.7,"name":"CHMAI_028_"},{"time":1.8333,"name":"CHMAI_000_"}]},"CHMAI_000_2":{"attachment":[{"time":0,"name":"CHMAI_000_"},{"time":0.1333,"name":"CHMAI_002_"},{"time":0.2333,"name":"CHMAI_004_"},{"time":0.3666,"name":"CHMAI_006_"},{"time":0.5,"name":"CHMAI_008_"},{"time":0.6,"name":"CHMAI_010_"},{"time":0.7333,"name":"CHMAI_012_"},{"time":0.8666,"name":"CHMAI_014_"},{"time":0.9666,"name":"CHMAI_016_"},{"time":1.1,"name":"CHMAI_018_"},{"time":1.2333,"name":"CHMAI_020_"},{"time":1.3333,"name":"CHMAI_022_"},{"time":1.4666,"name":"CHMAI_024_"},{"time":1.6,"name":"CHMAI_026_"},{"time":1.7,"name":"CHMAI_028_"},{"time":1.8333,"name":"CHMAI_000_"}]}},"bones":{"root":{"rotate":[{"time":0,"angle":0}],"translate":[{"time":0,"x":0,"y":0}],"scale":[{"time":0,"x":1,"y":1}]}}}}}