{
"skeleton": { "hash": "TbAaMifGAx4gIPkNqvGd5iYabTA", "spine": "2.1.27", "width": 0, "height": 0 },
"bones": [
	{ "name": "root" },
	{ "name": "bone", "parent": "root", "x": 0.5, "y": 75, "scaleX": 2, "scaleY": 2 }
],
"slots": [
	{ "name": "BH_4_2_", "bone": "bone" },
	{ "name": "BH_4_1_", "bone": "bone" },
	{ "name": "BH_4_0_", "bone": "bone" },
	{ "name": "BH_3_3_", "bone": "bone" },
	{ "name": "BH_3_2_", "bone": "bone" },
	{ "name": "BH_3_1_", "bone": "bone" },
	{ "name": "BH_3_0_", "bone": "bone" },
	{ "name": "BH_2_3_", "bone": "bone" },
	{ "name": "BH_2_2_", "bone": "bone" },
	{ "name": "BH_2_1_", "bone": "bone" },
	{ "name": "BH_2_0_", "bone": "bone" },
	{ "name": "BH_1_2_", "bone": "bone" },
	{ "name": "BH_1_1_", "bone": "bone" },
	{ "name": "BH_1_0_", "bone": "bone" },
	{ "name": "BH_0_2_", "bone": "bone" },
	{ "name": "BH_0_1_", "bone": "bone" },
	{ "name": "BH_0_0_", "bone": "bone" }
],
"skins": {
	"default": {
		"BH_0_0_": {
			"BH_0_0_": { "x": 6.9, "y": 2.83, "width": 14, "height": 10 }
		},
		"BH_0_1_": {
			"BH_0_1_": { "x": 2.4, "y": -7.66, "width": 5, "height": 11 }
		},
		"BH_0_2_": {
			"BH_0_2_": { "x": 15.9, "y": -10.66, "width": 22, "height": 17 }
		},
		"BH_1_0_": {
			"BH_1_0_": { "x": 9.9, "y": -2.16, "width": 20, "height": 20 }
		},
		"BH_1_1_": {
			"BH_1_1_": { "x": 12.4, "y": -14.16, "width": 17, "height": 4 }
		},
		"BH_1_2_": {
			"BH_1_2_": { "x": 15.4, "y": -19.66, "width": 13, "height": 7 }
		},
		"BH_2_0_": {
			"BH_2_0_": { "x": 7.9, "y": -3.16, "width": 16, "height": 22 }
		},
		"BH_2_1_": {
			"BH_2_1_": { "x": 23.4, "y": -1.66, "width": 15, "height": 15 }
		},
		"BH_2_2_": {
			"BH_2_2_": { "x": 20.9, "y": -12.66, "width": 10, "height": 7 }
		},
		"BH_2_3_": {
			"BH_2_3_": { "x": 19.4, "y": -18.66, "width": 5, "height": 5 }
		},
		"BH_3_0_": {
			"BH_3_0_": { "x": 7.9, "y": -3.16, "width": 16, "height": 22 }
		},
		"BH_3_1_": {
			"BH_3_1_": { "x": 21.9, "y": -6.66, "width": 12, "height": 23 }
		},
		"BH_3_2_": {
			"BH_3_2_": { "x": 31.4, "y": -1.66, "width": 7, "height": 13 }
		},
		"BH_3_3_": {
			"BH_3_3_": { "x": 29.9, "y": -13.16, "width": 4, "height": 10 }
		},
		"BH_4_0_": {
			"BH_4_0_": { "x": 6.4, "y": -4.16, "width": 13, "height": 24 }
		},
		"BH_4_1_": {
			"BH_4_1_": { "x": 18.4, "y": -7.66, "width": 11, "height": 17 }
		},
		"BH_4_2_": {
			"BH_4_2_": { "x": 26.9, "y": -5.66, "width": 6, "height": 17 }
		}
	}
},
"animations": {
	"animation": {
		"slots": {
			"BH_0_0_": {
				"attachment": [
					{ "time": 0, "name": "BH_0_0_" },
					{ "time": 0.3333, "name": null },
					{ "time": 1.3333, "name": "BH_0_0_" }
				]
			},
			"BH_0_1_": {
				"attachment": [
					{ "time": 0, "name": "BH_0_1_" },
					{ "time": 0.3333, "name": null },
					{ "time": 1.3333, "name": "BH_0_1_" }
				]
			},
			"BH_0_2_": {
				"attachment": [
					{ "time": 0, "name": "BH_0_2_" },
					{ "time": 0.3333, "name": null },
					{ "time": 1.3333, "name": "BH_0_2_" }
				]
			},
			"BH_1_0_": {
				"attachment": [
					{ "time": 0, "name": null },
					{ "time": 0.3333, "name": "BH_1_0_" },
					{ "time": 0.6666, "name": null },
					{ "time": 1.3333, "name": null }
				]
			},
			"BH_1_1_": {
				"attachment": [
					{ "time": 0, "name": null },
					{ "time": 0.3333, "name": "BH_1_1_" },
					{ "time": 0.6666, "name": null },
					{ "time": 1.3333, "name": null }
				]
			},
			"BH_1_2_": {
				"attachment": [
					{ "time": 0, "name": null },
					{ "time": 0.3333, "name": "BH_1_2_" },
					{ "time": 0.6666, "name": null },
					{ "time": 1.3333, "name": null }
				]
			},
			"BH_2_0_": {
				"attachment": [
					{ "time": 0, "name": null },
					{ "time": 0.6666, "name": "BH_2_0_" },
					{ "time": 1, "name": null },
					{ "time": 1.3333, "name": null }
				]
			},
			"BH_2_1_": {
				"attachment": [
					{ "time": 0, "name": null },
					{ "time": 0.6666, "name": "BH_2_1_" },
					{ "time": 1, "name": null },
					{ "time": 1.3333, "name": null }
				]
			},
			"BH_2_2_": {
				"attachment": [
					{ "time": 0, "name": null },
					{ "time": 0.6666, "name": "BH_2_2_" },
					{ "time": 1, "name": null },
					{ "time": 1.3333, "name": null }
				]
			},
			"BH_2_3_": {
				"attachment": [
					{ "time": 0, "name": null },
					{ "time": 0.6666, "name": "BH_2_3_" },
					{ "time": 1, "name": null },
					{ "time": 1.3333, "name": null }
				]
			},
			"BH_3_0_": {
				"attachment": [
					{ "time": 0, "name": null },
					{ "time": 1, "name": "BH_3_0_" },
					{ "time": 1.1666, "name": null },
					{ "time": 1.3333, "name": null }
				]
			},
			"BH_3_1_": {
				"attachment": [
					{ "time": 0, "name": null },
					{ "time": 1, "name": "BH_3_1_" },
					{ "time": 1.1666, "name": null },
					{ "time": 1.3333, "name": null }
				]
			},
			"BH_3_2_": {
				"attachment": [
					{ "time": 0, "name": null },
					{ "time": 1, "name": "BH_3_2_" },
					{ "time": 1.1666, "name": null },
					{ "time": 1.3333, "name": null }
				]
			},
			"BH_3_3_": {
				"attachment": [
					{ "time": 0, "name": null },
					{ "time": 1, "name": "BH_3_3_" },
					{ "time": 1.1666, "name": null },
					{ "time": 1.3333, "name": null }
				]
			},
			"BH_4_0_": {
				"attachment": [
					{ "time": 0, "name": null },
					{ "time": 1.1666, "name": "BH_4_0_" },
					{ "time": 1.3333, "name": null }
				]
			},
			"BH_4_1_": {
				"attachment": [
					{ "time": 0, "name": null },
					{ "time": 1.1666, "name": "BH_4_1_" },
					{ "time": 1.3333, "name": null }
				]
			},
			"BH_4_2_": {
				"attachment": [
					{ "time": 0, "name": null },
					{ "time": 1.1666, "name": "BH_4_2_" },
					{ "time": 1.3333, "name": null }
				]
			}
		}
	}
}
}