{
"skeleton": { "hash": "IXP+7GHPpmoNCPWUDHH5KOPp44Q", "spine": "2.1.27", "width": 0, "height": 0 },
"bones": [
	{ "name": "root" },
	{ "name": "bone", "parent": "root", "x": 0.5, "y": 75, "scaleX": 2, "scaleY": 2 }
],
"slots": [
	{ "name": "Dk_7_2_", "bone": "bone" },
	{ "name": "Dk_7_1_", "bone": "bone" },
	{ "name": "Dk_7_0_", "bone": "bone" },
	{ "name": "Dk_6_3_", "bone": "bone" },
	{ "name": "Dk_6_2_", "bone": "bone" },
	{ "name": "Dk_6_1_", "bone": "bone" },
	{ "name": "Dk_6_0_", "bone": "bone" },
	{ "name": "Dk_5_3_", "bone": "bone" },
	{ "name": "Dk_5_2_", "bone": "bone" },
	{ "name": "Dk_5_1_", "bone": "bone" },
	{ "name": "Dk_5_0_", "bone": "bone" },
	{ "name": "Dk_4_3_", "bone": "bone" },
	{ "name": "Dk_4_2_", "bone": "bone" },
	{ "name": "Dk_4_1_", "bone": "bone" },
	{ "name": "Dk_4_0_", "bone": "bone" },
	{ "name": "Dk_3_2_", "bone": "bone" },
	{ "name": "Dk_3_1_", "bone": "bone" },
	{ "name": "Dk_3_0_", "bone": "bone" },
	{ "name": "Dk_2_2_", "bone": "bone" },
	{ "name": "Dk_2_1_", "bone": "bone" },
	{ "name": "Dk_2_0_", "bone": "bone" },
	{ "name": "Dk_1_3_", "bone": "bone" },
	{ "name": "Dk_1_2_", "bone": "bone" },
	{ "name": "Dk_1_1_", "bone": "bone" },
	{ "name": "Dk_1_0_", "bone": "bone" },
	{ "name": "Dk_0_3_", "bone": "bone" },
	{ "name": "Dk_0_2_", "bone": "bone" },
	{ "name": "Dk_0_1_", "bone": "bone" },
	{ "name": "Dk_0_0_", "bone": "bone" }
],
"skins": {
	"default": {
		"Dk_0_0_": {
			"Dk_0_0_": { "x": 3.8, "y": -3.44, "width": 8, "height": 26 }
		},
		"Dk_0_1_": {
			"Dk_0_1_": { "x": 11.8, "y": 2.55, "width": 8, "height": 10 }
		},
		"Dk_0_2_": {
			"Dk_0_2_": { "x": 11.8, "y": -9.44, "width": 8, "height": 14 }
		},
		"Dk_0_3_": {
			"Dk_0_3_": { "x": 21.3, "y": -9.44, "width": 11, "height": 14 }
		},
		"Dk_1_0_": {
			"Dk_1_0_": { "x": 7.8, "y": 3.05, "width": 16, "height": 13 }
		},
		"Dk_1_1_": {
			"Dk_1_1_": { "x": 7.8, "y": -7.94, "width": 16, "height": 9 }
		},
		"Dk_1_2_": {
			"Dk_1_2_": { "x": 14.8, "y": -15.94, "width": 20, "height": 7 }
		},
		"Dk_1_3_": {
			"Dk_1_3_": { "x": 19.8, "y": -8.44, "width": 8, "height": 8 }
		},
		"Dk_2_0_": {
			"Dk_2_0_": { "x": 8.8, "y": 2.05, "width": 18, "height": 15 }
		},
		"Dk_2_1_": {
			"Dk_2_1_": { "x": 10.3, "y": -8.94, "width": 21, "height": 7 }
		},
		"Dk_2_2_": {
			"Dk_2_2_": { "x": 15.3, "y": -16.94, "width": 13, "height": 9 }
		},
		"Dk_3_0_": {
			"Dk_3_0_": { "x": 4.3, "y": -0.94, "width": 9, "height": 21 }
		},
		"Dk_3_1_": {
			"Dk_3_1_": { "x": 15.8, "y": -2.44, "width": 14, "height": 18 }
		},
		"Dk_3_2_": {
			"Dk_3_2_": { "x": 16.3, "y": -16.44, "width": 9, "height": 10 }
		},
		"Dk_4_0_": {
			"Dk_4_0_": { "x": 4.8, "y": -0.44, "width": 10, "height": 20 }
		},
		"Dk_4_1_": {
			"Dk_4_1_": { "x": 17.8, "y": -1.44, "width": 16, "height": 18 }
		},
		"Dk_4_2_": {
			"Dk_4_2_": { "x": 28.3, "y": -1.44, "width": 5, "height": 12 }
		},
		"Dk_4_3_": {
			"Dk_4_3_": { "x": 19.3, "y": -14.44, "width": 9, "height": 8 }
		},
		"Dk_5_0_": {
			"Dk_5_0_": { "x": 4.3, "y": -0.94, "width": 9, "height": 21 }
		},
		"Dk_5_1_": {
			"Dk_5_1_": { "x": 18.3, "y": -2.44, "width": 19, "height": 18 }
		},
		"Dk_5_2_": {
			"Dk_5_2_": { "x": 31.3, "y": -1.94, "width": 7, "height": 15 }
		},
		"Dk_5_3_": {
			"Dk_5_3_": { "x": 23.3, "y": -14.44, "width": 7, "height": 6 }
		},
		"Dk_6_0_": {
			"Dk_6_0_": { "x": 5.8, "y": -1.44, "width": 12, "height": 22 }
		},
		"Dk_6_1_": {
			"Dk_6_1_": { "x": 18.3, "y": -3.44, "width": 13, "height": 18 }
		},
		"Dk_6_2_": {
			"Dk_6_2_": { "x": 29.8, "y": 1.05, "width": 10, "height": 11 }
		},
		"Dk_6_3_": {
			"Dk_6_3_": { "x": 28.3, "y": -9.94, "width": 7, "height": 11 }
		},
		"Dk_7_0_": {
			"Dk_7_0_": { "x": 4.8, "y": -2.44, "width": 10, "height": 24 }
		},
		"Dk_7_1_": {
			"Dk_7_1_": { "x": 15.3, "y": -4.94, "width": 11, "height": 19 }
		},
		"Dk_7_2_": {
			"Dk_7_2_": { "x": 25.3, "y": -3.94, "width": 9, "height": 17 }
		}
	}
},
"animations": {
	"animation": {
		"slots": {
			"Dk_0_0_": {
				"attachment": [
					{ "time": 0, "name": "Dk_0_0_" },
					{ "time": 0.1666, "name": null },
					{ "time": 1.3333, "name": "Dk_0_0_" }
				]
			},
			"Dk_0_1_": {
				"attachment": [
					{ "time": 0, "name": "Dk_0_1_" },
					{ "time": 0.1666, "name": null },
					{ "time": 1.3333, "name": "Dk_0_1_" }
				]
			},
			"Dk_0_2_": {
				"attachment": [
					{ "time": 0, "name": "Dk_0_2_" },
					{ "time": 0.1666, "name": null },
					{ "time": 1.3333, "name": "Dk_0_2_" }
				]
			},
			"Dk_0_3_": {
				"attachment": [
					{ "time": 0, "name": "Dk_0_3_" },
					{ "time": 0.1666, "name": null },
					{ "time": 1.3333, "name": "Dk_0_3_" }
				]
			},
			"Dk_1_0_": {
				"attachment": [
					{ "time": 0, "name": null },
					{ "time": 0.1666, "name": "Dk_1_0_" },
					{ "time": 0.3333, "name": null },
					{ "time": 1.3333, "name": null }
				]
			},
			"Dk_1_1_": {
				"attachment": [
					{ "time": 0, "name": null },
					{ "time": 0.1666, "name": "Dk_1_1_" },
					{ "time": 0.3333, "name": null },
					{ "time": 1.3333, "name": null }
				]
			},
			"Dk_1_2_": {
				"attachment": [
					{ "time": 0, "name": null },
					{ "time": 0.1666, "name": "Dk_1_2_" },
					{ "time": 0.3333, "name": null },
					{ "time": 1.3333, "name": null }
				]
			},
			"Dk_1_3_": {
				"attachment": [
					{ "time": 0, "name": null },
					{ "time": 0.1666, "name": "Dk_1_3_" },
					{ "time": 0.3333, "name": null },
					{ "time": 1.3333, "name": null }
				]
			},
			"Dk_2_0_": {
				"attachment": [
					{ "time": 0, "name": null },
					{ "time": 0.1666, "name": null },
					{ "time": 0.3333, "name": "Dk_2_0_" },
					{ "time": 0.5, "name": null },
					{ "time": 1.3333, "name": null }
				]
			},
			"Dk_2_1_": {
				"attachment": [
					{ "time": 0, "name": null },
					{ "time": 0.1666, "name": null },
					{ "time": 0.3333, "name": "Dk_2_1_" },
					{ "time": 0.5, "name": null },
					{ "time": 1.3333, "name": null }
				]
			},
			"Dk_2_2_": {
				"attachment": [
					{ "time": 0, "name": null },
					{ "time": 0.1666, "name": null },
					{ "time": 0.3333, "name": "Dk_2_2_" },
					{ "time": 0.5, "name": null },
					{ "time": 1.3333, "name": null }
				]
			},
			"Dk_3_0_": {
				"attachment": [
					{ "time": 0, "name": null },
					{ "time": 0.1666, "name": null },
					{ "time": 0.5, "name": "Dk_3_0_" },
					{ "time": 0.6666, "name": null },
					{ "time": 1.3333, "name": null }
				]
			},
			"Dk_3_1_": {
				"attachment": [
					{ "time": 0, "name": null },
					{ "time": 0.1666, "name": null },
					{ "time": 0.5, "name": "Dk_3_1_" },
					{ "time": 0.6666, "name": null },
					{ "time": 1.3333, "name": null }
				]
			},
			"Dk_3_2_": {
				"attachment": [
					{ "time": 0, "name": null },
					{ "time": 0.1666, "name": null },
					{ "time": 0.5, "name": "Dk_3_2_" },
					{ "time": 0.6666, "name": null },
					{ "time": 1.3333, "name": null }
				]
			},
			"Dk_4_0_": {
				"attachment": [
					{ "time": 0, "name": null },
					{ "time": 0.1666, "name": null },
					{ "time": 0.6666, "name": "Dk_4_0_" },
					{ "time": 0.8333, "name": null },
					{ "time": 1.3333, "name": null }
				]
			},
			"Dk_4_1_": {
				"attachment": [
					{ "time": 0, "name": null },
					{ "time": 0.1666, "name": null },
					{ "time": 0.6666, "name": "Dk_4_1_" },
					{ "time": 0.8333, "name": null },
					{ "time": 1.3333, "name": null }
				]
			},
			"Dk_4_2_": {
				"attachment": [
					{ "time": 0, "name": null },
					{ "time": 0.1666, "name": null },
					{ "time": 0.6666, "name": "Dk_4_2_" },
					{ "time": 0.8333, "name": null },
					{ "time": 1.3333, "name": null }
				]
			},
			"Dk_4_3_": {
				"attachment": [
					{ "time": 0, "name": null },
					{ "time": 0.1666, "name": null },
					{ "time": 0.6666, "name": "Dk_4_3_" },
					{ "time": 0.8333, "name": null },
					{ "time": 1.3333, "name": null }
				]
			},
			"Dk_5_0_": {
				"attachment": [
					{ "time": 0, "name": null },
					{ "time": 0.1666, "name": null },
					{ "time": 0.8333, "name": "Dk_5_0_" },
					{ "time": 1, "name": null },
					{ "time": 1.3333, "name": null }
				]
			},
			"Dk_5_1_": {
				"attachment": [
					{ "time": 0, "name": null },
					{ "time": 0.1666, "name": null },
					{ "time": 0.8333, "name": "Dk_5_1_" },
					{ "time": 1, "name": null },
					{ "time": 1.3333, "name": null }
				]
			},
			"Dk_5_2_": {
				"attachment": [
					{ "time": 0, "name": null },
					{ "time": 0.1666, "name": null },
					{ "time": 0.8333, "name": "Dk_5_2_" },
					{ "time": 1, "name": null },
					{ "time": 1.3333, "name": null }
				]
			},
			"Dk_5_3_": {
				"attachment": [
					{ "time": 0, "name": null },
					{ "time": 0.1666, "name": null },
					{ "time": 0.8333, "name": "Dk_5_3_" },
					{ "time": 1, "name": null },
					{ "time": 1.3333, "name": null }
				]
			},
			"Dk_6_0_": {
				"attachment": [
					{ "time": 0, "name": null },
					{ "time": 0.1666, "name": null },
					{ "time": 1, "name": "Dk_6_0_" },
					{ "time": 1.1666, "name": null },
					{ "time": 1.3333, "name": null }
				]
			},
			"Dk_6_1_": {
				"attachment": [
					{ "time": 0, "name": null },
					{ "time": 0.1666, "name": null },
					{ "time": 1, "name": "Dk_6_1_" },
					{ "time": 1.1666, "name": null },
					{ "time": 1.3333, "name": null }
				]
			},
			"Dk_6_2_": {
				"attachment": [
					{ "time": 0, "name": null },
					{ "time": 0.1666, "name": null },
					{ "time": 1, "name": "Dk_6_2_" },
					{ "time": 1.1666, "name": null },
					{ "time": 1.3333, "name": null }
				]
			},
			"Dk_6_3_": {
				"attachment": [
					{ "time": 0, "name": null },
					{ "time": 0.1666, "name": null },
					{ "time": 1, "name": "Dk_6_3_" },
					{ "time": 1.1666, "name": null },
					{ "time": 1.3333, "name": null }
				]
			},
			"Dk_7_0_": {
				"attachment": [
					{ "time": 0, "name": null },
					{ "time": 0.1666, "name": null },
					{ "time": 1.1666, "name": "Dk_7_0_" },
					{ "time": 1.3333, "name": null }
				]
			},
			"Dk_7_1_": {
				"attachment": [
					{ "time": 0, "name": null },
					{ "time": 0.1666, "name": null },
					{ "time": 1.1666, "name": "Dk_7_1_" },
					{ "time": 1.3333, "name": null }
				]
			},
			"Dk_7_2_": {
				"attachment": [
					{ "time": 0, "name": null },
					{ "time": 0.1666, "name": null },
					{ "time": 1.1666, "name": "Dk_7_2_" },
					{ "time": 1.3333, "name": null }
				]
			}
		}
	}
}
}