{
"skeleton": { "hash": "c3vQ0yHH0PElXpAwUupv7n4Gzys", "spine": "2.1.27", "width": 0, "height": 0 },
"bones": [
	{ "name": "root" },
	{ "name": "bone", "parent": "root", "x": 0.5, "y": 75 }
],
"slots": [
	{ "name": "MA08_2_", "bone": "bone" },
	{ "name": "MA08_1_", "bone": "bone" },
	{ "name": "MA07_2_", "bone": "bone" },
	{ "name": "MA07_1_", "bone": "bone" },
	{ "name": "MA06_3_", "bone": "bone" },
	{ "name": "MA06_2_", "bone": "bone" },
	{ "name": "MA06_1_", "bone": "bone" },
	{ "name": "MA05_3_", "bone": "bone" },
	{ "name": "MA05_2_", "bone": "bone" },
	{ "name": "MA05_1_", "bone": "bone" },
	{ "name": "MA04_3_", "bone": "bone" },
	{ "name": "MA04_2_", "bone": "bone" },
	{ "name": "MA04_1_", "bone": "bone" },
	{ "name": "MA03_3_", "bone": "bone" },
	{ "name": "MA03_2_", "bone": "bone" },
	{ "name": "MA03_1_", "bone": "bone" },
	{ "name": "MA02_4_", "bone": "bone" },
	{ "name": "MA02_3_", "bone": "bone" },
	{ "name": "MA02_2_", "bone": "bone" },
	{ "name": "MA02_1_", "bone": "bone" },
	{ "name": "MA01_2_", "bone": "bone" },
	{ "name": "MA01_1_", "bone": "bone" }
],
"skins": {
	"default": {
		"MA01_1_": {
			"MA01_1_": { "x": 10.71, "y": -6.29, "width": 23, "height": 53 }
		},
		"MA01_2_": {
			"MA01_2_": { "x": 37.21, "y": -12.29, "width": 30, "height": 41 }
		},
		"MA02_1_": {
			"MA02_1_": { "x": 14.21, "y": 9.2, "width": 30, "height": 22 }
		},
		"MA02_2_": {
			"MA02_2_": { "x": 8.71, "y": -18.29, "width": 19, "height": 33 }
		},
		"MA02_3_": {
			"MA02_3_": { "x": 30.21, "y": -8.29, "width": 24, "height": 13 }
		},
		"MA02_4_": {
			"MA02_4_": { "x": 33.21, "y": -25.79, "width": 30, "height": 22 }
		},
		"MA03_1_": {
			"MA03_1_": { "x": 9.71, "y": -6.79, "width": 21, "height": 54 }
		},
		"MA03_2_": {
			"MA03_2_": { "x": 30.21, "y": -3.29, "width": 20, "height": 35 }
		},
		"MA03_3_": {
			"MA03_3_": { "x": 31.71, "y": -30.79, "width": 23, "height": 20 }
		},
		"MA04_1_": {
			"MA04_1_": { "x": 12.21, "y": -2.79, "width": 26, "height": 46 }
		},
		"MA04_2_": {
			"MA04_2_": { "x": 35.71, "y": 0.7, "width": 21, "height": 27 }
		},
		"MA04_3_": {
			"MA04_3_": { "x": 34.21, "y": -27.29, "width": 18, "height": 29 }
		},
		"MA05_1_": {
			"MA05_1_": { "x": 14.21, "y": -0.29, "width": 30, "height": 41 }
		},
		"MA05_2_": {
			"MA05_2_": { "x": 45.21, "y": -2.29, "width": 32, "height": 35 }
		},
		"MA05_3_": {
			"MA05_3_": { "x": 38.21, "y": -28.29, "width": 18, "height": 17 }
		},
		"MA06_1_": {
			"MA06_1_": { "x": 18.21, "y": -0.79, "width": 38, "height": 42 }
		},
		"MA06_2_": {
			"MA06_2_": { "x": 53.21, "y": -4.29, "width": 32, "height": 37 }
		},
		"MA06_3_": {
			"MA06_3_": { "x": 45.71, "y": -28.29, "width": 13, "height": 11 }
		},
		"MA07_1_": {
			"MA07_1_": { "x": 16.71, "y": -1.79, "width": 35, "height": 44 }
		},
		"MA07_2_": {
			"MA07_2_": { "x": 51.71, "y": -8.79, "width": 35, "height": 44 }
		},
		"MA08_1_": {
			"MA08_1_": { "x": 14.21, "y": -3.79, "width": 30, "height": 48 }
		},
		"MA08_2_": {
			"MA08_2_": { "x": 44.71, "y": -8.79, "width": 31, "height": 36 }
		}
	}
},
"animations": {
	"animation": {
		"slots": {
			"MA01_1_": {
				"attachment": [
					{ "time": 0, "name": "MA01_1_" },
					{ "time": 0.1666, "name": null },
					{ "time": 1.3333, "name": "MA01_1_" }
				]
			},
			"MA01_2_": {
				"attachment": [
					{ "time": 0, "name": "MA01_2_" },
					{ "time": 0.1666, "name": null },
					{ "time": 1.3333, "name": "MA01_2_" }
				]
			},
			"MA02_1_": {
				"attachment": [
					{ "time": 0, "name": null },
					{ "time": 0.1666, "name": "MA02_1_" },
					{ "time": 0.3333, "name": null },
					{ "time": 1.3333, "name": null }
				]
			},
			"MA02_2_": {
				"attachment": [
					{ "time": 0, "name": null },
					{ "time": 0.1666, "name": "MA02_2_" },
					{ "time": 0.3333, "name": null },
					{ "time": 1.3333, "name": null }
				]
			},
			"MA02_3_": {
				"attachment": [
					{ "time": 0, "name": null },
					{ "time": 0.1666, "name": "MA02_3_" },
					{ "time": 0.3333, "name": null },
					{ "time": 1.3333, "name": null }
				]
			},
			"MA02_4_": {
				"attachment": [
					{ "time": 0, "name": null },
					{ "time": 0.1666, "name": "MA02_4_" },
					{ "time": 0.3333, "name": null },
					{ "time": 1.3333, "name": null }
				]
			},
			"MA03_1_": {
				"attachment": [
					{ "time": 0, "name": null },
					{ "time": 0.3333, "name": "MA03_1_" },
					{ "time": 0.5, "name": null },
					{ "time": 1.3333, "name": null }
				]
			},
			"MA03_2_": {
				"attachment": [
					{ "time": 0, "name": null },
					{ "time": 0.3333, "name": "MA03_2_" },
					{ "time": 0.5, "name": null },
					{ "time": 1.3333, "name": null }
				]
			},
			"MA03_3_": {
				"attachment": [
					{ "time": 0, "name": null },
					{ "time": 0.3333, "name": "MA03_3_" },
					{ "time": 0.5, "name": null },
					{ "time": 1.3333, "name": null }
				]
			},
			"MA04_1_": {
				"attachment": [
					{ "time": 0, "name": null },
					{ "time": 0.5, "name": "MA04_1_" },
					{ "time": 0.6666, "name": null },
					{ "time": 1.3333, "name": null }
				]
			},
			"MA04_2_": {
				"attachment": [
					{ "time": 0, "name": null },
					{ "time": 0.5, "name": "MA04_2_" },
					{ "time": 0.6666, "name": null },
					{ "time": 1.3333, "name": null }
				]
			},
			"MA04_3_": {
				"attachment": [
					{ "time": 0, "name": null },
					{ "time": 0.5, "name": "MA04_3_" },
					{ "time": 0.6666, "name": null },
					{ "time": 1.3333, "name": null }
				]
			},
			"MA05_1_": {
				"attachment": [
					{ "time": 0, "name": null },
					{ "time": 0.6666, "name": "MA05_1_" },
					{ "time": 0.8333, "name": null },
					{ "time": 1.3333, "name": null }
				]
			},
			"MA05_2_": {
				"attachment": [
					{ "time": 0, "name": null },
					{ "time": 0.6666, "name": "MA05_2_" },
					{ "time": 0.8333, "name": null },
					{ "time": 1.3333, "name": null }
				]
			},
			"MA05_3_": {
				"attachment": [
					{ "time": 0, "name": null },
					{ "time": 0.6666, "name": "MA05_3_" },
					{ "time": 0.8333, "name": null },
					{ "time": 1.3333, "name": null }
				]
			},
			"MA06_1_": {
				"attachment": [
					{ "time": 0, "name": null },
					{ "time": 0.8333, "name": "MA06_1_" },
					{ "time": 1, "name": null },
					{ "time": 1.3333, "name": null }
				]
			},
			"MA06_2_": {
				"attachment": [
					{ "time": 0, "name": null },
					{ "time": 0.8333, "name": "MA06_2_" },
					{ "time": 1, "name": null },
					{ "time": 1.3333, "name": null }
				]
			},
			"MA06_3_": {
				"attachment": [
					{ "time": 0, "name": null },
					{ "time": 0.8333, "name": "MA06_3_" },
					{ "time": 1, "name": null },
					{ "time": 1.3333, "name": null }
				]
			},
			"MA07_1_": {
				"attachment": [
					{ "time": 0, "name": null },
					{ "time": 1, "name": "MA07_1_" },
					{ "time": 1.1666, "name": null },
					{ "time": 1.3333, "name": null }
				]
			},
			"MA07_2_": {
				"attachment": [
					{ "time": 0, "name": null },
					{ "time": 1, "name": "MA07_2_" },
					{ "time": 1.1666, "name": null },
					{ "time": 1.3333, "name": null }
				]
			},
			"MA08_1_": {
				"attachment": [
					{ "time": 0, "name": null },
					{ "time": 1.1666, "name": "MA08_1_" },
					{ "time": 1.3333, "name": null }
				]
			},
			"MA08_2_": {
				"attachment": [
					{ "time": 0, "name": null },
					{ "time": 1.1666, "name": "MA08_2_" },
					{ "time": 1.3333, "name": null }
				]
			}
		}
	}
}
}