{
"skeleton": { "hash": "xBHztvU49+tvc69f1Dc0aR/1PlM", "spine": "2.1.27", "width": 0, "height": 0 },
"bones": [
	{ "name": "root" },
	{ "name": "bone", "parent": "root", "x": 0.5, "y": 75, "scaleX": 2, "scaleY": 2 }
],
"slots": [
	{ "name": "mm_4_3_", "bone": "bone" },
	{ "name": "mm_4_2_", "bone": "bone" },
	{ "name": "mm_4_1_", "bone": "bone" },
	{ "name": "mm_4_0_", "bone": "bone" },
	{ "name": "mm_3_3_", "bone": "bone" },
	{ "name": "mm_3_2_", "bone": "bone" },
	{ "name": "mm_3_1_", "bone": "bone" },
	{ "name": "mm_3_0_", "bone": "bone" },
	{ "name": "mm_2_3_", "bone": "bone" },
	{ "name": "mm_2_2_", "bone": "bone" },
	{ "name": "mm_2_1_", "bone": "bone" },
	{ "name": "mm_2_0_", "bone": "bone" },
	{ "name": "mm_1_2_", "bone": "bone" },
	{ "name": "mm_1_1_", "bone": "bone" },
	{ "name": "mm_1_0_", "bone": "bone" },
	{ "name": "mm_0_2_", "bone": "bone" },
	{ "name": "mm_0_1_", "bone": "bone" },
	{ "name": "mm_0_0_", "bone": "bone" }
],
"skins": {
	"default": {
		"mm_0_0_": {
			"mm_0_0_": { "x": 6.62, "y": 4.04, "width": 14, "height": 10 }
		},
		"mm_0_1_": {
			"mm_0_1_": { "x": 6.62, "y": -8.95, "width": 14, "height": 16 }
		},
		"mm_0_2_": {
			"mm_0_2_": { "x": 20.12, "y": -8.95, "width": 13, "height": 16 }
		},
		"mm_1_0_": {
			"mm_1_0_": { "x": 8.62, "y": 1.54, "width": 18, "height": 15 }
		},
		"mm_1_1_": {
			"mm_1_1_": { "x": 4.12, "y": -9.95, "width": 9, "height": 8 }
		},
		"mm_1_2_": {
			"mm_1_2_": { "x": 15.12, "y": -13.95, "width": 13, "height": 16 }
		},
		"mm_2_0_": {
			"mm_2_0_": { "x": 6.62, "y": -0.95, "width": 14, "height": 20 }
		},
		"mm_2_1_": {
			"mm_2_1_": { "x": 20.12, "y": -2.45, "width": 13, "height": 17 }
		},
		"mm_2_2_": {
			"mm_2_2_": { "x": 28.62, "y": -1.45, "width": 4, "height": 9 }
		},
		"mm_2_3_": {
			"mm_2_3_": { "x": 19.12, "y": -14.95, "width": 9, "height": 8 }
		},
		"mm_3_0_": {
			"mm_3_0_": { "x": 6.12, "y": -1.95, "width": 13, "height": 22 }
		},
		"mm_3_1_": {
			"mm_3_1_": { "x": 18.12, "y": -3.95, "width": 11, "height": 18 }
		},
		"mm_3_2_": {
			"mm_3_2_": { "x": 29.12, "y": 0.54, "width": 11, "height": 11 }
		},
		"mm_3_3_": {
			"mm_3_3_": { "x": 27.62, "y": -10.45, "width": 8, "height": 11 }
		},
		"mm_4_0_": {
			"mm_4_0_": { "x": 7.12, "y": 4.54, "width": 15, "height": 9 }
		},
		"mm_4_1_": {
			"mm_4_1_": { "x": 7.12, "y": -7.45, "width": 15, "height": 15 }
		},
		"mm_4_2_": {
			"mm_4_2_": { "x": 22.12, "y": -7.45, "width": 15, "height": 15 }
		},
		"mm_4_3_": {
			"mm_4_3_": { "x": 24.62, "y": 2.04, "width": 8, "height": 4 }
		}
	}
},
"animations": {
	"animation": {
		"slots": {
			"mm_0_0_": {
				"attachment": [
					{ "time": 0, "name": "mm_0_0_" },
					{ "time": 0.3333, "name": null },
					{ "time": 1.3333, "name": "mm_0_0_" }
				]
			},
			"mm_0_1_": {
				"attachment": [
					{ "time": 0, "name": "mm_0_1_" },
					{ "time": 0.3333, "name": null },
					{ "time": 1.3333, "name": "mm_0_1_" }
				]
			},
			"mm_0_2_": {
				"attachment": [
					{ "time": 0, "name": "mm_0_2_" },
					{ "time": 0.3333, "name": null },
					{ "time": 1.3333, "name": "mm_0_2_" }
				]
			},
			"mm_1_0_": {
				"attachment": [
					{ "time": 0, "name": null },
					{ "time": 0.3333, "name": "mm_1_0_" },
					{ "time": 0.6666, "name": null },
					{ "time": 1.3333, "name": null }
				]
			},
			"mm_1_1_": {
				"attachment": [
					{ "time": 0, "name": null },
					{ "time": 0.3333, "name": "mm_1_1_" },
					{ "time": 0.6666, "name": null },
					{ "time": 1.3333, "name": null }
				]
			},
			"mm_1_2_": {
				"attachment": [
					{ "time": 0, "name": null },
					{ "time": 0.3333, "name": "mm_1_2_" },
					{ "time": 0.6666, "name": null },
					{ "time": 1.3333, "name": null }
				]
			},
			"mm_2_0_": {
				"attachment": [
					{ "time": 0, "name": null },
					{ "time": 0.6666, "name": "mm_2_0_" },
					{ "time": 1, "name": null },
					{ "time": 1.3333, "name": null }
				]
			},
			"mm_2_1_": {
				"attachment": [
					{ "time": 0, "name": null },
					{ "time": 0.6666, "name": "mm_2_1_" },
					{ "time": 1, "name": null },
					{ "time": 1.3333, "name": null }
				]
			},
			"mm_2_2_": {
				"attachment": [
					{ "time": 0, "name": null },
					{ "time": 0.6666, "name": "mm_2_2_" },
					{ "time": 1, "name": null },
					{ "time": 1.3333, "name": null }
				]
			},
			"mm_2_3_": {
				"attachment": [
					{ "time": 0, "name": null },
					{ "time": 0.6666, "name": "mm_2_3_" },
					{ "time": 1, "name": null },
					{ "time": 1.3333, "name": null }
				]
			},
			"mm_3_0_": {
				"attachment": [
					{ "time": 0, "name": null },
					{ "time": 1, "name": "mm_3_0_" },
					{ "time": 1.1666, "name": null },
					{ "time": 1.3333, "name": null }
				]
			},
			"mm_3_1_": {
				"attachment": [
					{ "time": 0, "name": null },
					{ "time": 1, "name": "mm_3_1_" },
					{ "time": 1.1666, "name": null },
					{ "time": 1.3333, "name": null }
				]
			},
			"mm_3_2_": {
				"attachment": [
					{ "time": 0, "name": null },
					{ "time": 1, "name": "mm_3_2_" },
					{ "time": 1.1666, "name": null },
					{ "time": 1.3333, "name": null }
				]
			},
			"mm_3_3_": {
				"attachment": [
					{ "time": 0, "name": null },
					{ "time": 1, "name": "mm_3_3_" },
					{ "time": 1.1666, "name": null },
					{ "time": 1.3333, "name": null }
				]
			},
			"mm_4_0_": {
				"attachment": [
					{ "time": 0, "name": null },
					{ "time": 1.1666, "name": "mm_4_0_" },
					{ "time": 1.3333, "name": null }
				]
			},
			"mm_4_1_": {
				"attachment": [
					{ "time": 0, "name": null },
					{ "time": 1.1666, "name": "mm_4_1_" },
					{ "time": 1.3333, "name": null }
				]
			},
			"mm_4_2_": {
				"attachment": [
					{ "time": 0, "name": null },
					{ "time": 1.1666, "name": "mm_4_2_" },
					{ "time": 1.3333, "name": null }
				]
			},
			"mm_4_3_": {
				"attachment": [
					{ "time": 0, "name": null },
					{ "time": 1.1666, "name": "mm_4_3_" },
					{ "time": 1.3333, "name": null }
				]
			}
		}
	}
}
}