{
"skeleton": { "hash": "nlvNZpod9wFsHSVpynrI28urFoY", "spine": "2.1.27", "width": 0, "height": 0 },
"bones": [
	{ "name": "root" },
	{ "name": "bone", "parent": "root", "x": 0.5, "y": 75, "scaleX": 2, "scaleY": 2 }
],
"slots": [
	{ "name": "ph_7_3_", "bone": "bone" },
	{ "name": "ph_7_2_", "bone": "bone" },
	{ "name": "ph_7_1_", "bone": "bone" },
	{ "name": "ph_7_0_", "bone": "bone" },
	{ "name": "ph_6_3_", "bone": "bone" },
	{ "name": "ph_6_2_", "bone": "bone" },
	{ "name": "ph_6_1_", "bone": "bone" },
	{ "name": "ph_6_0_", "bone": "bone" },
	{ "name": "ph_5_3_", "bone": "bone" },
	{ "name": "ph_5_2_", "bone": "bone" },
	{ "name": "ph_5_1_", "bone": "bone" },
	{ "name": "ph_5_0_", "bone": "bone" },
	{ "name": "ph_4_3_", "bone": "bone" },
	{ "name": "ph_4_2_", "bone": "bone" },
	{ "name": "ph_4_1_", "bone": "bone" },
	{ "name": "ph_4_0_", "bone": "bone" },
	{ "name": "ph_3_3_", "bone": "bone" },
	{ "name": "ph_3_2_", "bone": "bone" },
	{ "name": "ph_3_1_", "bone": "bone" },
	{ "name": "ph_3_0_", "bone": "bone" },
	{ "name": "ph_2_3_", "bone": "bone" },
	{ "name": "ph_2_2_", "bone": "bone" },
	{ "name": "ph_2_1_", "bone": "bone" },
	{ "name": "ph_2_0_", "bone": "bone" },
	{ "name": "ph_1_3_", "bone": "bone" },
	{ "name": "ph_1_2_", "bone": "bone" },
	{ "name": "ph_1_1_", "bone": "bone" },
	{ "name": "ph_1_0_", "bone": "bone" },
	{ "name": "ph_0_4_", "bone": "bone" },
	{ "name": "ph_0_3_", "bone": "bone" },
	{ "name": "ph_0_2_", "bone": "bone" },
	{ "name": "ph_0_1_", "bone": "bone" },
	{ "name": "ph_0_0_", "bone": "bone" }
],
"skins": {
	"default": {
		"ph_0_0_": {
			"ph_0_0_": { "x": 6.33, "y": 3.34, "width": 13, "height": 9 }
		},
		"ph_0_1_": {
			"ph_0_1_": { "x": 6.83, "y": -6.65, "width": 14, "height": 11 }
		},
		"ph_0_2_": {
			"ph_0_2_": { "x": 8.83, "y": -15.15, "width": 10, "height": 6 }
		},
		"ph_0_3_": {
			"ph_0_3_": { "x": 16.33, "y": -10.65, "width": 5, "height": 15 }
		},
		"ph_0_4_": {
			"ph_0_4_": { "x": 22.83, "y": -11.65, "width": 8, "height": 11 }
		},
		"ph_1_0_": {
			"ph_1_0_": { "x": 7.33, "y": 1.84, "width": 15, "height": 12 }
		},
		"ph_1_1_": {
			"ph_1_1_": { "x": 2.83, "y": -9.65, "width": 6, "height": 11 }
		},
		"ph_1_2_": {
			"ph_1_2_": { "x": 12.33, "y": -12.65, "width": 13, "height": 17 }
		},
		"ph_1_3_": {
			"ph_1_3_": { "x": 21.83, "y": -14.65, "width": 6, "height": 11 }
		},
		"ph_2_0_": {
			"ph_2_0_": { "x": 7.33, "y": 5.34, "width": 15, "height": 5 }
		},
		"ph_2_1_": {
			"ph_2_1_": { "x": 9.83, "y": -4.65, "width": 20, "height": 15 }
		},
		"ph_2_2_": {
			"ph_2_2_": { "x": 12.33, "y": -14.15, "width": 17, "height": 4 }
		},
		"ph_2_3_": {
			"ph_2_3_": { "x": 15.33, "y": -19.65, "width": 13, "height": 7 }
		},
		"ph_3_0_": {
			"ph_3_0_": { "x": 4.33, "y": -2.65, "width": 9, "height": 21 }
		},
		"ph_3_1_": {
			"ph_3_1_": { "x": 15.83, "y": -4.15, "width": 14, "height": 18 }
		},
		"ph_3_2_": {
			"ph_3_2_": { "x": 15.83, "y": -16.15, "width": 10, "height": 6 }
		},
		"ph_3_3_": {
			"ph_3_3_": { "x": 16.83, "y": -21.15, "width": 6, "height": 4 }
		},
		"ph_4_0_": {
			"ph_4_0_": { "x": 3.83, "y": -2.15, "width": 8, "height": 20 }
		},
		"ph_4_1_": {
			"ph_4_1_": { "x": 16.33, "y": -3.65, "width": 17, "height": 19 }
		},
		"ph_4_2_": {
			"ph_4_2_": { "x": 27.83, "y": -3.65, "width": 6, "height": 15 }
		},
		"ph_4_3_": {
			"ph_4_3_": { "x": 19.83, "y": -16.65, "width": 8, "height": 7 }
		},
		"ph_5_0_": {
			"ph_5_0_": { "x": 5.83, "y": -2.15, "width": 12, "height": 20 }
		},
		"ph_5_1_": {
			"ph_5_1_": { "x": 20.33, "y": -4.15, "width": 17, "height": 18 }
		},
		"ph_5_2_": {
			"ph_5_2_": { "x": 31.83, "y": -2.65, "width": 6, "height": 13 }
		},
		"ph_5_3_": {
			"ph_5_3_": { "x": 22.83, "y": -16.15, "width": 8, "height": 6 }
		},
		"ph_6_0_": {
			"ph_6_0_": { "x": 6.83, "y": -3.15, "width": 14, "height": 22 }
		},
		"ph_6_1_": {
			"ph_6_1_": { "x": 17.83, "y": -5.65, "width": 8, "height": 17 }
		},
		"ph_6_2_": {
			"ph_6_2_": { "x": 28.33, "y": -4.65, "width": 13, "height": 19 }
		},
		"ph_6_3_": {
			"ph_6_3_": { "x": 27.33, "y": -15.65, "width": 5, "height": 3 }
		},
		"ph_7_0_": {
			"ph_7_0_": { "x": 5.83, "y": -2.15, "width": 12, "height": 20 }
		},
		"ph_7_1_": {
			"ph_7_1_": { "x": 16.33, "y": -7.65, "width": 9, "height": 17 }
		},
		"ph_7_2_": {
			"ph_7_2_": { "x": 25.33, "y": -5.65, "width": 9, "height": 17 }
		},
		"ph_7_3_": {
			"ph_7_3_": { "x": 7.83, "y": -14.15, "width": 8, "height": 4 }
		}
	}
},
"animations": {
	"animation": {
		"slots": {
			"ph_0_0_": {
				"attachment": [
					{ "time": 0, "name": "ph_0_0_" },
					{ "time": 0.1666, "name": null },
					{ "time": 1.3333, "name": "ph_0_0_" }
				]
			},
			"ph_0_1_": {
				"attachment": [
					{ "time": 0, "name": "ph_0_1_" },
					{ "time": 0.1666, "name": null },
					{ "time": 1.3333, "name": "ph_0_1_" }
				]
			},
			"ph_0_2_": {
				"attachment": [
					{ "time": 0, "name": "ph_0_2_" },
					{ "time": 0.1666, "name": null },
					{ "time": 1.3333, "name": "ph_0_2_" }
				]
			},
			"ph_0_3_": {
				"attachment": [
					{ "time": 0, "name": "ph_0_3_" },
					{ "time": 0.1666, "name": null },
					{ "time": 1.3333, "name": "ph_0_3_" }
				]
			},
			"ph_0_4_": {
				"attachment": [
					{ "time": 0, "name": "ph_0_4_" },
					{ "time": 0.1666, "name": null },
					{ "time": 1.3333, "name": "ph_0_4_" }
				]
			},
			"ph_1_0_": {
				"attachment": [
					{ "time": 0, "name": null },
					{ "time": 0.1666, "name": "ph_1_0_" },
					{ "time": 0.3333, "name": null },
					{ "time": 1.3333, "name": null }
				]
			},
			"ph_1_1_": {
				"attachment": [
					{ "time": 0, "name": null },
					{ "time": 0.1666, "name": "ph_1_1_" },
					{ "time": 0.3333, "name": null },
					{ "time": 1.3333, "name": null }
				]
			},
			"ph_1_2_": {
				"attachment": [
					{ "time": 0, "name": null },
					{ "time": 0.1666, "name": "ph_1_2_" },
					{ "time": 0.3333, "name": null },
					{ "time": 1.3333, "name": null }
				]
			},
			"ph_1_3_": {
				"attachment": [
					{ "time": 0, "name": null },
					{ "time": 0.1666, "name": "ph_1_3_" },
					{ "time": 0.3333, "name": null },
					{ "time": 1.3333, "name": null }
				]
			},
			"ph_2_0_": {
				"attachment": [
					{ "time": 0, "name": null },
					{ "time": 0.3333, "name": "ph_2_0_" },
					{ "time": 0.5, "name": null },
					{ "time": 1.3333, "name": null }
				]
			},
			"ph_2_1_": {
				"attachment": [
					{ "time": 0, "name": null },
					{ "time": 0.3333, "name": "ph_2_1_" },
					{ "time": 0.5, "name": null },
					{ "time": 1.3333, "name": null }
				]
			},
			"ph_2_2_": {
				"attachment": [
					{ "time": 0, "name": null },
					{ "time": 0.3333, "name": "ph_2_2_" },
					{ "time": 0.5, "name": null },
					{ "time": 1.3333, "name": null }
				]
			},
			"ph_2_3_": {
				"attachment": [
					{ "time": 0, "name": null },
					{ "time": 0.3333, "name": "ph_2_3_" },
					{ "time": 0.5, "name": null },
					{ "time": 1.3333, "name": null }
				]
			},
			"ph_3_0_": {
				"attachment": [
					{ "time": 0, "name": null },
					{ "time": 0.5, "name": "ph_3_0_" },
					{ "time": 0.6666, "name": null },
					{ "time": 1.3333, "name": null }
				]
			},
			"ph_3_1_": {
				"attachment": [
					{ "time": 0, "name": null },
					{ "time": 0.5, "name": "ph_3_1_" },
					{ "time": 0.6666, "name": null },
					{ "time": 1.3333, "name": null }
				]
			},
			"ph_3_2_": {
				"attachment": [
					{ "time": 0, "name": null },
					{ "time": 0.5, "name": "ph_3_2_" },
					{ "time": 0.6666, "name": null },
					{ "time": 1.3333, "name": null }
				]
			},
			"ph_3_3_": {
				"attachment": [
					{ "time": 0, "name": null },
					{ "time": 0.5, "name": "ph_3_3_" },
					{ "time": 0.6666, "name": null },
					{ "time": 1.3333, "name": null }
				]
			},
			"ph_4_0_": {
				"attachment": [
					{ "time": 0, "name": null },
					{ "time": 0.6666, "name": "ph_4_0_" },
					{ "time": 0.8333, "name": null },
					{ "time": 1.3333, "name": null }
				]
			},
			"ph_4_1_": {
				"attachment": [
					{ "time": 0, "name": null },
					{ "time": 0.6666, "name": "ph_4_1_" },
					{ "time": 0.8333, "name": null },
					{ "time": 1.3333, "name": null }
				]
			},
			"ph_4_2_": {
				"attachment": [
					{ "time": 0, "name": null },
					{ "time": 0.6666, "name": "ph_4_2_" },
					{ "time": 0.8333, "name": null },
					{ "time": 1.3333, "name": null }
				]
			},
			"ph_4_3_": {
				"attachment": [
					{ "time": 0, "name": null },
					{ "time": 0.6666, "name": "ph_4_3_" },
					{ "time": 0.8333, "name": null },
					{ "time": 1.3333, "name": null }
				]
			},
			"ph_5_0_": {
				"attachment": [
					{ "time": 0, "name": null },
					{ "time": 0.8333, "name": "ph_5_0_" },
					{ "time": 1, "name": null },
					{ "time": 1.3333, "name": null }
				]
			},
			"ph_5_1_": {
				"attachment": [
					{ "time": 0, "name": null },
					{ "time": 0.8333, "name": "ph_5_1_" },
					{ "time": 1, "name": null },
					{ "time": 1.3333, "name": null }
				]
			},
			"ph_5_2_": {
				"attachment": [
					{ "time": 0, "name": null },
					{ "time": 0.8333, "name": "ph_5_2_" },
					{ "time": 1, "name": null },
					{ "time": 1.3333, "name": null }
				]
			},
			"ph_5_3_": {
				"attachment": [
					{ "time": 0, "name": null },
					{ "time": 0.8333, "name": "ph_5_3_" },
					{ "time": 1, "name": null },
					{ "time": 1.3333, "name": null }
				]
			},
			"ph_6_0_": {
				"attachment": [
					{ "time": 0, "name": null },
					{ "time": 1, "name": "ph_6_0_" },
					{ "time": 1.1666, "name": null },
					{ "time": 1.3333, "name": null }
				]
			},
			"ph_6_1_": {
				"attachment": [
					{ "time": 0, "name": null },
					{ "time": 1, "name": "ph_6_1_" },
					{ "time": 1.1666, "name": null },
					{ "time": 1.3333, "name": null }
				]
			},
			"ph_6_2_": {
				"attachment": [
					{ "time": 0, "name": null },
					{ "time": 1, "name": "ph_6_2_" },
					{ "time": 1.1666, "name": null },
					{ "time": 1.3333, "name": null }
				]
			},
			"ph_6_3_": {
				"attachment": [
					{ "time": 0, "name": null },
					{ "time": 1, "name": "ph_6_3_" },
					{ "time": 1.1666, "name": null },
					{ "time": 1.3333, "name": null }
				]
			},
			"ph_7_0_": {
				"attachment": [
					{ "time": 0, "name": null },
					{ "time": 1.1666, "name": "ph_7_0_" },
					{ "time": 1.3333, "name": null }
				]
			},
			"ph_7_1_": {
				"attachment": [
					{ "time": 0, "name": null },
					{ "time": 1.1666, "name": "ph_7_1_" },
					{ "time": 1.3333, "name": null }
				]
			},
			"ph_7_2_": {
				"attachment": [
					{ "time": 0, "name": null },
					{ "time": 1.1666, "name": "ph_7_2_" },
					{ "time": 1.3333, "name": null }
				]
			},
			"ph_7_3_": {
				"attachment": [
					{ "time": 0, "name": null },
					{ "time": 1.1666, "name": "ph_7_3_" },
					{ "time": 1.3333, "name": null }
				]
			}
		}
	}
}
}