{
"skeleton": { "hash": "RhIOJ1zXyWUWriCamhwQ1dzOiP4", "spine": "2.1.27", "width": 0, "height": 0 },
"bones": [
	{ "name": "root" },
	{ "name": "bone", "parent": "root", "x": 0.5, "y": 75, "scaleX": 2, "scaleY": 2 }
],
"slots": [
	{ "name": "pl_7_3_", "bone": "bone" },
	{ "name": "pl_7_2_", "bone": "bone" },
	{ "name": "pl_7_1_", "bone": "bone" },
	{ "name": "pl_7_0_", "bone": "bone" },
	{ "name": "pl_6_4_", "bone": "bone" },
	{ "name": "pl_6_3_", "bone": "bone" },
	{ "name": "pl_6_2_", "bone": "bone" },
	{ "name": "pl_6_1_", "bone": "bone" },
	{ "name": "pl_6_0_", "bone": "bone" },
	{ "name": "pl_5_4_", "bone": "bone" },
	{ "name": "pl_5_3_", "bone": "bone" },
	{ "name": "pl_5_2_", "bone": "bone" },
	{ "name": "pl_5_1_", "bone": "bone" },
	{ "name": "pl_5_0_", "bone": "bone" },
	{ "name": "pl_4_4_", "bone": "bone" },
	{ "name": "pl_4_3_", "bone": "bone" },
	{ "name": "pl_4_2_", "bone": "bone" },
	{ "name": "pl_4_1_", "bone": "bone" },
	{ "name": "pl_4_0_", "bone": "bone" },
	{ "name": "pl_3_3_", "bone": "bone" },
	{ "name": "pl_3_2_", "bone": "bone" },
	{ "name": "pl_3_1_", "bone": "bone" },
	{ "name": "pl_3_0_", "bone": "bone" },
	{ "name": "pl_2_3_", "bone": "bone" },
	{ "name": "pl_2_2_", "bone": "bone" },
	{ "name": "pl_2_1_", "bone": "bone" },
	{ "name": "pl_2_0_", "bone": "bone" },
	{ "name": "pl_1_3_", "bone": "bone" },
	{ "name": "pl_1_2_", "bone": "bone" },
	{ "name": "pl_1_1_", "bone": "bone" },
	{ "name": "pl_1_0_", "bone": "bone" },
	{ "name": "pl_0_3_", "bone": "bone" },
	{ "name": "pl_0_2_", "bone": "bone" },
	{ "name": "pl_0_1_", "bone": "bone" },
	{ "name": "pl_0_0_", "bone": "bone" }
],
"skins": {
	"default": {
		"pl_0_0_": {
			"pl_0_0_": { "x": 2.09, "y": -2.1, "width": 5, "height": 22 }
		},
		"pl_0_1_": {
			"pl_0_1_": { "x": 9.09, "y": 2.89, "width": 9, "height": 10 }
		},
		"pl_0_2_": {
			"pl_0_2_": { "x": 10.09, "y": -9.6, "width": 11, "height": 15 }
		},
		"pl_0_3_": {
			"pl_0_3_": { "x": 21.09, "y": -10.6, "width": 11, "height": 13 }
		},
		"pl_1_0_": {
			"pl_1_0_": { "x": 7.09, "y": 2.39, "width": 15, "height": 13 }
		},
		"pl_1_1_": {
			"pl_1_1_": { "x": 7.59, "y": -8.6, "width": 16, "height": 9 }
		},
		"pl_1_2_": {
			"pl_1_2_": { "x": 20.09, "y": -13.1, "width": 9, "height": 14 }
		},
		"pl_1_3_": {
			"pl_1_3_": { "x": 10.09, "y": -16.6, "width": 11, "height": 7 }
		},
		"pl_2_0_": {
			"pl_2_0_": { "x": 8.59, "y": 0.89, "width": 18, "height": 16 }
		},
		"pl_2_1_": {
			"pl_2_1_": { "x": 10.09, "y": -9.6, "width": 21, "height": 5 }
		},
		"pl_2_2_": {
			"pl_2_2_": { "x": 13.59, "y": -15.6, "width": 16, "height": 7 }
		},
		"pl_2_3_": {
			"pl_2_3_": { "x": 16.09, "y": -20.6, "width": 11, "height": 3 }
		},
		"pl_3_0_": {
			"pl_3_0_": { "x": 5.09, "y": -1.6, "width": 11, "height": 21 }
		},
		"pl_3_1_": {
			"pl_3_1_": { "x": 16.59, "y": -3.1, "width": 12, "height": 18 }
		},
		"pl_3_2_": {
			"pl_3_2_": { "x": 15.59, "y": -15.1, "width": 10, "height": 6 }
		},
		"pl_3_3_": {
			"pl_3_3_": { "x": 16.09, "y": -20.1, "width": 5, "height": 4 }
		},
		"pl_4_0_": {
			"pl_4_0_": { "x": 3.09, "y": 7.39, "width": 7, "height": 3 }
		},
		"pl_4_1_": {
			"pl_4_1_": { "x": 7.59, "y": -3.1, "width": 16, "height": 18 }
		},
		"pl_4_2_": {
			"pl_4_2_": { "x": 21.09, "y": -3.6, "width": 11, "height": 19 }
		},
		"pl_4_3_": {
			"pl_4_3_": { "x": 28.59, "y": -1.6, "width": 4, "height": 9 }
		},
		"pl_4_4_": {
			"pl_4_4_": { "x": 19.09, "y": -16.1, "width": 7, "height": 6 }
		},
		"pl_5_0_": {
			"pl_5_0_": { "x": 5.09, "y": -1.6, "width": 11, "height": 21 }
		},
		"pl_5_1_": {
			"pl_5_1_": { "x": 15.59, "y": -3.6, "width": 10, "height": 19 }
		},
		"pl_5_2_": {
			"pl_5_2_": { "x": 25.09, "y": -4.6, "width": 9, "height": 21 }
		},
		"pl_5_3_": {
			"pl_5_3_": { "x": 32.09, "y": -1.6, "width": 5, "height": 11 }
		},
		"pl_5_4_": {
			"pl_5_4_": { "x": 23.09, "y": -16.6, "width": 3, "height": 3 }
		},
		"pl_6_0_": {
			"pl_6_0_": { "x": 5.09, "y": 6.39, "width": 11, "height": 5 }
		},
		"pl_6_1_": {
			"pl_6_1_": { "x": 6.09, "y": -4.6, "width": 13, "height": 17 }
		},
		"pl_6_2_": {
			"pl_6_2_": { "x": 18.09, "y": -4.1, "width": 11, "height": 18 }
		},
		"pl_6_3_": {
			"pl_6_3_": { "x": 29.09, "y": 0.39, "width": 11, "height": 11 }
		},
		"pl_6_4_": {
			"pl_6_4_": { "x": 27.59, "y": -10.6, "width": 8, "height": 11 }
		},
		"pl_7_0_": {
			"pl_7_0_": { "x": 5.09, "y": -3.1, "width": 11, "height": 24 }
		},
		"pl_7_1_": {
			"pl_7_1_": { "x": 15.09, "y": -6.1, "width": 9, "height": 18 }
		},
		"pl_7_2_": {
			"pl_7_2_": { "x": 24.59, "y": -6.1, "width": 10, "height": 14 }
		},
		"pl_7_3_": {
			"pl_7_3_": { "x": 25.59, "y": 1.89, "width": 6, "height": 2 }
		}
	}
},
"animations": {
	"animation": {
		"slots": {
			"pl_0_0_": {
				"attachment": [
					{ "time": 0, "name": "pl_0_0_" },
					{ "time": 0.1666, "name": null },
					{ "time": 1.3333, "name": "pl_0_0_" }
				]
			},
			"pl_0_1_": {
				"attachment": [
					{ "time": 0, "name": "pl_0_1_" },
					{ "time": 0.1666, "name": null },
					{ "time": 1.3333, "name": "pl_0_1_" }
				]
			},
			"pl_0_2_": {
				"attachment": [
					{ "time": 0, "name": "pl_0_2_" },
					{ "time": 0.1666, "name": null },
					{ "time": 1.3333, "name": "pl_0_2_" }
				]
			},
			"pl_0_3_": {
				"attachment": [
					{ "time": 0, "name": "pl_0_3_" },
					{ "time": 0.1666, "name": null },
					{ "time": 1.3333, "name": "pl_0_3_" }
				]
			},
			"pl_1_0_": {
				"attachment": [
					{ "time": 0, "name": null },
					{ "time": 0.1666, "name": "pl_1_0_" },
					{ "time": 0.3333, "name": null },
					{ "time": 1.3333, "name": null }
				]
			},
			"pl_1_1_": {
				"attachment": [
					{ "time": 0, "name": null },
					{ "time": 0.1666, "name": "pl_1_1_" },
					{ "time": 0.3333, "name": null },
					{ "time": 1.3333, "name": null }
				]
			},
			"pl_1_2_": {
				"attachment": [
					{ "time": 0, "name": null },
					{ "time": 0.1666, "name": "pl_1_2_" },
					{ "time": 0.3333, "name": null },
					{ "time": 1.3333, "name": null }
				]
			},
			"pl_1_3_": {
				"attachment": [
					{ "time": 0, "name": null },
					{ "time": 0.1666, "name": "pl_1_3_" },
					{ "time": 0.3333, "name": null },
					{ "time": 1.3333, "name": null }
				]
			},
			"pl_2_0_": {
				"attachment": [
					{ "time": 0, "name": null },
					{ "time": 0.3333, "name": "pl_2_0_" },
					{ "time": 0.5, "name": null },
					{ "time": 1.3333, "name": null }
				]
			},
			"pl_2_1_": {
				"attachment": [
					{ "time": 0, "name": null },
					{ "time": 0.3333, "name": "pl_2_1_" },
					{ "time": 0.5, "name": null },
					{ "time": 1.3333, "name": null }
				]
			},
			"pl_2_2_": {
				"attachment": [
					{ "time": 0, "name": null },
					{ "time": 0.3333, "name": "pl_2_2_" },
					{ "time": 0.5, "name": null },
					{ "time": 1.3333, "name": null }
				]
			},
			"pl_2_3_": {
				"attachment": [
					{ "time": 0, "name": null },
					{ "time": 0.3333, "name": "pl_2_3_" },
					{ "time": 0.5, "name": null },
					{ "time": 1.3333, "name": null }
				]
			},
			"pl_3_0_": {
				"attachment": [
					{ "time": 0, "name": null },
					{ "time": 0.5, "name": "pl_3_0_" },
					{ "time": 0.6666, "name": null },
					{ "time": 1.3333, "name": null }
				]
			},
			"pl_3_1_": {
				"attachment": [
					{ "time": 0, "name": null },
					{ "time": 0.5, "name": "pl_3_1_" },
					{ "time": 0.6666, "name": null },
					{ "time": 1.3333, "name": null }
				]
			},
			"pl_3_2_": {
				"attachment": [
					{ "time": 0, "name": null },
					{ "time": 0.5, "name": "pl_3_2_" },
					{ "time": 0.6666, "name": null },
					{ "time": 1.3333, "name": null }
				]
			},
			"pl_3_3_": {
				"attachment": [
					{ "time": 0, "name": null },
					{ "time": 0.5, "name": "pl_3_3_" },
					{ "time": 0.6666, "name": null },
					{ "time": 1.3333, "name": null }
				]
			},
			"pl_4_0_": {
				"attachment": [
					{ "time": 0, "name": null },
					{ "time": 0.6666, "name": "pl_4_0_" },
					{ "time": 0.8333, "name": null },
					{ "time": 1.3333, "name": null }
				]
			},
			"pl_4_1_": {
				"attachment": [
					{ "time": 0, "name": null },
					{ "time": 0.6666, "name": "pl_4_1_" },
					{ "time": 0.8333, "name": null },
					{ "time": 1.3333, "name": null }
				]
			},
			"pl_4_2_": {
				"attachment": [
					{ "time": 0, "name": null },
					{ "time": 0.6666, "name": "pl_4_2_" },
					{ "time": 0.8333, "name": null },
					{ "time": 1.3333, "name": null }
				]
			},
			"pl_4_3_": {
				"attachment": [
					{ "time": 0, "name": null },
					{ "time": 0.6666, "name": "pl_4_3_" },
					{ "time": 0.8333, "name": null },
					{ "time": 1.3333, "name": null }
				]
			},
			"pl_4_4_": {
				"attachment": [
					{ "time": 0, "name": null },
					{ "time": 0.6666, "name": "pl_4_4_" },
					{ "time": 0.8333, "name": null },
					{ "time": 1.3333, "name": null }
				]
			},
			"pl_5_0_": {
				"attachment": [
					{ "time": 0, "name": null },
					{ "time": 0.8333, "name": "pl_5_0_" },
					{ "time": 1, "name": null },
					{ "time": 1.3333, "name": null }
				]
			},
			"pl_5_1_": {
				"attachment": [
					{ "time": 0, "name": null },
					{ "time": 0.8333, "name": "pl_5_1_" },
					{ "time": 1, "name": null },
					{ "time": 1.3333, "name": null }
				]
			},
			"pl_5_2_": {
				"attachment": [
					{ "time": 0, "name": null },
					{ "time": 0.8333, "name": "pl_5_2_" },
					{ "time": 1, "name": null },
					{ "time": 1.3333, "name": null }
				]
			},
			"pl_5_3_": {
				"attachment": [
					{ "time": 0, "name": null },
					{ "time": 0.8333, "name": "pl_5_3_" },
					{ "time": 1, "name": null },
					{ "time": 1.3333, "name": null }
				]
			},
			"pl_5_4_": {
				"attachment": [
					{ "time": 0, "name": null },
					{ "time": 0.8333, "name": "pl_5_4_" },
					{ "time": 1, "name": null },
					{ "time": 1.3333, "name": null }
				]
			},
			"pl_6_0_": {
				"attachment": [
					{ "time": 0, "name": null },
					{ "time": 1, "name": "pl_6_0_" },
					{ "time": 1.1666, "name": null },
					{ "time": 1.3333, "name": null }
				]
			},
			"pl_6_1_": {
				"attachment": [
					{ "time": 0, "name": null },
					{ "time": 1, "name": "pl_6_1_" },
					{ "time": 1.1666, "name": null },
					{ "time": 1.3333, "name": null }
				]
			},
			"pl_6_2_": {
				"attachment": [
					{ "time": 0, "name": null },
					{ "time": 1, "name": "pl_6_2_" },
					{ "time": 1.1666, "name": null },
					{ "time": 1.3333, "name": null }
				]
			},
			"pl_6_3_": {
				"attachment": [
					{ "time": 0, "name": null },
					{ "time": 1, "name": "pl_6_3_" },
					{ "time": 1.1666, "name": null },
					{ "time": 1.3333, "name": null }
				]
			},
			"pl_6_4_": {
				"attachment": [
					{ "time": 0, "name": null },
					{ "time": 1, "name": "pl_6_4_" },
					{ "time": 1.1666, "name": null },
					{ "time": 1.3333, "name": null }
				]
			},
			"pl_7_0_": {
				"attachment": [
					{ "time": 0, "name": null },
					{ "time": 1.1666, "name": "pl_7_0_" },
					{ "time": 1.3333, "name": null }
				]
			},
			"pl_7_1_": {
				"attachment": [
					{ "time": 0, "name": null },
					{ "time": 1.1666, "name": "pl_7_1_" },
					{ "time": 1.3333, "name": null }
				]
			},
			"pl_7_2_": {
				"attachment": [
					{ "time": 0, "name": null },
					{ "time": 1.1666, "name": "pl_7_2_" },
					{ "time": 1.3333, "name": null }
				]
			},
			"pl_7_3_": {
				"attachment": [
					{ "time": 0, "name": null },
					{ "time": 1.1666, "name": "pl_7_3_" },
					{ "time": 1.3333, "name": null }
				]
			}
		}
	}
}
}