{
"skeleton": { "hash": "916Cc4bmatxxZFIfTNiSdtVBD3c", "spine": "3.7.94", "width": 1000, "height": 700, "images": "./images/", "audio": "E:/22年10月黄金宝箱_铠甲骑士/ae/导出/高_攻击_group/高_攻击_resize_A" },
"bones": [
	{ "name": "root" },
	{ "name": "ctr", "parent": "root", "x": -11, "y": 130, "scaleX": 1.25, "scaleY": 1.25 },
	{ "name": "gj_UL_", "parent": "ctr" },
	{ "name": "gj_UR_", "parent": "ctr" },
	{ "name": "gj_DL_", "parent": "ctr" },
	{ "name": "gj_DR_", "parent": "ctr" }
],
"slots": [
	{ "name": "gj_UL_", "bone": "gj_UL_", "attachment": "gj_UL_000_" },
	{ "name": "gj_UR_", "bone": "gj_UR_", "attachment": "gj_UR_000_" },
	{ "name": "gj_DL_", "bone": "gj_DL_", "attachment": "gj_DL_000_" },
	{ "name": "gj_DR_", "bone": "gj_DR_", "attachment": "gj_DR_000_" }
],
"skins": {
	"default": {
		"gj_DL_": {
			"gj_DL_000_": { "x": -112.5, "y": -160, "width": 193, "height": 307 },
			"gj_DL_003_": { "x": -112.5, "y": -160, "width": 193, "height": 307 },
			"gj_DL_006_": { "x": -112.5, "y": -160, "width": 193, "height": 307 },
			"gj_DL_009_": { "x": -112.5, "y": -160, "width": 193, "height": 307 },
			"gj_DL_012_": { "x": -112.5, "y": -160, "width": 193, "height": 307 },
			"gj_DL_015_": { "x": -112.5, "y": -160, "width": 193, "height": 307 },
			"gj_DL_018_": { "x": -112.5, "y": -160, "width": 193, "height": 307 },
			"gj_DL_021_": { "x": -112.5, "y": -160, "width": 193, "height": 307 },
			"gj_DL_024_": { "x": -112.5, "y": -160, "width": 193, "height": 307 },
			"gj_DL_027_": { "x": -112.5, "y": -160, "width": 193, "height": 307 },
			"gj_DL_030_": { "x": -112.5, "y": -160, "width": 193, "height": 307 },
			"gj_DL_033_": { "x": -112.5, "y": -160, "width": 193, "height": 307 },
			"gj_DL_036_": { "x": -112.5, "y": -160, "width": 193, "height": 307 },
			"gj_DL_039_": { "x": -112.5, "y": -160, "width": 193, "height": 307 }
		},
		"gj_DR_": {
			"gj_DR_000_": { "x": 287.5, "y": -160, "width": 607, "height": 307 },
			"gj_DR_003_": { "x": 287.5, "y": -160, "width": 607, "height": 307 },
			"gj_DR_006_": { "x": 287.5, "y": -160, "width": 607, "height": 307 },
			"gj_DR_009_": { "x": 287.5, "y": -160, "width": 607, "height": 307 },
			"gj_DR_012_": { "x": 287.5, "y": -160, "width": 607, "height": 307 },
			"gj_DR_015_": { "x": 287.5, "y": -160, "width": 607, "height": 307 },
			"gj_DR_018_": { "x": 287.5, "y": -160, "width": 607, "height": 307 },
			"gj_DR_021_": { "x": 287.5, "y": -160, "width": 607, "height": 307 },
			"gj_DR_024_": { "x": 287.5, "y": -160, "width": 607, "height": 307 },
			"gj_DR_027_": { "x": 287.5, "y": -160, "width": 607, "height": 307 },
			"gj_DR_030_": { "x": 287.5, "y": -160, "width": 607, "height": 307 },
			"gj_DR_033_": { "x": 287.5, "y": -160, "width": 607, "height": 307 },
			"gj_DR_036_": { "x": 287.5, "y": -160, "width": 607, "height": 307 },
			"gj_DR_039_": { "x": 287.5, "y": -160, "width": 607, "height": 307 }
		},
		"gj_UL_": {
			"gj_UL_000_": { "x": -112.5, "y": 120, "width": 193, "height": 253 },
			"gj_UL_003_": { "x": -112.5, "y": 120, "width": 193, "height": 253 },
			"gj_UL_006_": { "x": -112.5, "y": 120, "width": 193, "height": 253 },
			"gj_UL_009_": { "x": -112.5, "y": 120, "width": 193, "height": 253 },
			"gj_UL_012_": { "x": -112.5, "y": 120, "width": 193, "height": 253 },
			"gj_UL_015_": { "x": -112.5, "y": 120, "width": 193, "height": 253 },
			"gj_UL_018_": { "x": -112.5, "y": 120, "width": 193, "height": 253 },
			"gj_UL_021_": { "x": -112.5, "y": 120, "width": 193, "height": 253 },
			"gj_UL_024_": { "x": -112.5, "y": 120, "width": 193, "height": 253 },
			"gj_UL_027_": { "x": -112.5, "y": 120, "width": 193, "height": 253 },
			"gj_UL_030_": { "x": -112.5, "y": 120, "width": 193, "height": 253 },
			"gj_UL_033_": { "x": -112.5, "y": 120, "width": 193, "height": 253 },
			"gj_UL_036_": { "x": -112.5, "y": 120, "width": 193, "height": 253 },
			"gj_UL_039_": { "x": -112.5, "y": 120, "width": 193, "height": 253 }
		},
		"gj_UR_": {
			"gj_UR_000_": { "x": 287.5, "y": 120, "width": 607, "height": 253 },
			"gj_UR_003_": { "x": 287.5, "y": 120, "width": 607, "height": 253 },
			"gj_UR_006_": { "x": 287.5, "y": 120, "width": 607, "height": 253 },
			"gj_UR_009_": { "x": 287.5, "y": 120, "width": 607, "height": 253 },
			"gj_UR_012_": { "x": 287.5, "y": 120, "width": 607, "height": 253 },
			"gj_UR_015_": { "x": 287.5, "y": 120, "width": 607, "height": 253 },
			"gj_UR_018_": { "x": 287.5, "y": 120, "width": 607, "height": 253 },
			"gj_UR_021_": { "x": 287.5, "y": 120, "width": 607, "height": 253 },
			"gj_UR_024_": { "x": 287.5, "y": 120, "width": 607, "height": 253 },
			"gj_UR_027_": { "x": 287.5, "y": 120, "width": 607, "height": 253 },
			"gj_UR_030_": { "x": 287.5, "y": 120, "width": 607, "height": 253 },
			"gj_UR_033_": { "x": 287.5, "y": 120, "width": 607, "height": 253 },
			"gj_UR_036_": { "x": 287.5, "y": 120, "width": 607, "height": 253 },
			"gj_UR_039_": { "x": 287.5, "y": 120, "width": 607, "height": 253 }
		}
	}
},
"animations": {
	"animation": {
		"slots": {
			"gj_DL_": {
				"attachment": [
					{ "time": 0, "name": "gj_DL_000_" },
					{ "time": 0.1, "name": "gj_DL_003_" },
					{ "time": 0.2, "name": "gj_DL_006_" },
					{ "time": 0.3, "name": "gj_DL_009_" },
					{ "time": 0.4, "name": "gj_DL_012_" },
					{ "time": 0.5, "name": "gj_DL_015_" },
					{ "time": 0.6, "name": "gj_DL_018_" },
					{ "time": 0.7, "name": "gj_DL_021_" },
					{ "time": 0.8, "name": "gj_DL_024_" },
					{ "time": 0.9, "name": "gj_DL_027_" },
					{ "time": 1, "name": "gj_DL_030_" },
					{ "time": 1.1, "name": "gj_DL_033_" },
					{ "time": 1.2, "name": "gj_DL_036_" },
					{ "time": 1.3, "name": "gj_DL_039_" },
					{ "time": 1.4, "name": null },
					{ "time": 2.6, "name": null }
				]
			},
			"gj_DR_": {
				"attachment": [
					{ "time": 0, "name": "gj_DR_000_" },
					{ "time": 0.1, "name": "gj_DR_003_" },
					{ "time": 0.2, "name": "gj_DR_006_" },
					{ "time": 0.3, "name": "gj_DR_009_" },
					{ "time": 0.4, "name": "gj_DR_012_" },
					{ "time": 0.5, "name": "gj_DR_015_" },
					{ "time": 0.6, "name": "gj_DR_018_" },
					{ "time": 0.7, "name": "gj_DR_021_" },
					{ "time": 0.8, "name": "gj_DR_024_" },
					{ "time": 0.9, "name": "gj_DR_027_" },
					{ "time": 1, "name": "gj_DR_030_" },
					{ "time": 1.1, "name": "gj_DR_033_" },
					{ "time": 1.2, "name": "gj_DR_036_" },
					{ "time": 1.3, "name": "gj_DR_039_" },
					{ "time": 1.4, "name": null },
					{ "time": 2.6, "name": null }
				]
			},
			"gj_UL_": {
				"attachment": [
					{ "time": 0, "name": "gj_UL_000_" },
					{ "time": 0.1, "name": "gj_UL_003_" },
					{ "time": 0.2, "name": "gj_UL_006_" },
					{ "time": 0.3, "name": "gj_UL_009_" },
					{ "time": 0.4, "name": "gj_UL_012_" },
					{ "time": 0.5, "name": "gj_UL_015_" },
					{ "time": 0.6, "name": "gj_UL_018_" },
					{ "time": 0.7, "name": "gj_UL_021_" },
					{ "time": 0.8, "name": "gj_UL_024_" },
					{ "time": 0.9, "name": "gj_UL_027_" },
					{ "time": 1, "name": "gj_UL_030_" },
					{ "time": 1.1, "name": "gj_UL_033_" },
					{ "time": 1.2, "name": "gj_UL_036_" },
					{ "time": 1.3, "name": "gj_UL_039_" },
					{ "time": 1.4, "name": null },
					{ "time": 2.6, "name": null }
				]
			},
			"gj_UR_": {
				"attachment": [
					{ "time": 0, "name": "gj_UR_000_" },
					{ "time": 0.1, "name": "gj_UR_003_" },
					{ "time": 0.2, "name": "gj_UR_006_" },
					{ "time": 0.3, "name": "gj_UR_009_" },
					{ "time": 0.4, "name": "gj_UR_012_" },
					{ "time": 0.5, "name": "gj_UR_015_" },
					{ "time": 0.6, "name": "gj_UR_018_" },
					{ "time": 0.7, "name": "gj_UR_021_" },
					{ "time": 0.8, "name": "gj_UR_024_" },
					{ "time": 0.9, "name": "gj_UR_027_" },
					{ "time": 1, "name": "gj_UR_030_" },
					{ "time": 1.1, "name": "gj_UR_033_" },
					{ "time": 1.2, "name": "gj_UR_036_" },
					{ "time": 1.3, "name": "gj_UR_039_" },
					{ "time": 1.4, "name": null },
					{ "time": 2.6, "name": null }
				]
			}
		},
		"bones": {
			"ctr": {
				"translate": [
					{ "time": 0, "x": 0, "y": 0 }
				]
			}
		}
	}
}
}