{
"skeleton": { "hash": "00EwDt2TsHF/SvtLPCK56TeOv2A", "spine": "3.7.94", "width": 700, "height": 700, "images": "./images/", "audio": "E:/22年10月黄金宝箱_铠甲骑士/ae/导出/低_待机休闲_group" },
"bones": [
	{ "name": "root" },
	{ "name": "ctr", "parent": "root", "x": -51, "y": 70, "scaleX": 1.25, "scaleY": 1.25 },
	{ "name": "djxx_UL_", "parent": "ctr" },
	{ "name": "djxx_UR_", "parent": "ctr" },
	{ "name": "djxx_DL_", "parent": "ctr" },
	{ "name": "djxx_DR_", "parent": "ctr" }
],
"slots": [
	{ "name": "djxx_UL_", "bone": "djxx_UL_", "attachment": "djxx_UL_000_" },
	{ "name": "djxx_UR_", "bone": "djxx_UR_", "attachment": "djxx_UR_000_" },
	{ "name": "djxx_DL_", "bone": "djxx_DL_", "attachment": "djxx_DL_000_" },
	{ "name": "djxx_DR_", "bone": "djxx_DR_", "attachment": "djxx_DR_000_" }
],
"skins": {
	"default": {
		"djxx_DL_": {
			"djxx_DL_000_": { "x": -133.5, "y": -92.5, "width": 267, "height": 185 },
			"djxx_DL_003_": { "x": -133.5, "y": -92.5, "width": 267, "height": 185 },
			"djxx_DL_006_": { "x": -133.5, "y": -92.5, "width": 267, "height": 185 },
			"djxx_DL_009_": { "x": -133.5, "y": -92.5, "width": 267, "height": 185 },
			"djxx_DL_012_": { "x": -133.5, "y": -92.5, "width": 267, "height": 185 },
			"djxx_DL_015_": { "x": -133.5, "y": -92.5, "width": 267, "height": 185 },
			"djxx_DL_018_": { "x": -133.5, "y": -92.5, "width": 267, "height": 185 },
			"djxx_DL_021_": { "x": -133.5, "y": -92.5, "width": 267, "height": 185 },
			"djxx_DL_024_": { "x": -133.5, "y": -92.5, "width": 267, "height": 185 },
			"djxx_DL_027_": { "x": -133.5, "y": -92.5, "width": 267, "height": 185 },
			"djxx_DL_030_": { "x": -133.5, "y": -92.5, "width": 267, "height": 185 },
			"djxx_DL_033_": { "x": -133.5, "y": -92.5, "width": 267, "height": 185 },
			"djxx_DL_036_": { "x": -133.5, "y": -92.5, "width": 267, "height": 185 },
			"djxx_DL_039_": { "x": -133.5, "y": -92.5, "width": 267, "height": 185 },
			"djxx_DL_042_": { "x": -133.5, "y": -92.5, "width": 267, "height": 185 },
			"djxx_DL_045_": { "x": -133.5, "y": -92.5, "width": 267, "height": 185 },
			"djxx_DL_048_": { "x": -133.5, "y": -92.5, "width": 267, "height": 185 },
			"djxx_DL_051_": { "x": -133.5, "y": -92.5, "width": 267, "height": 185 },
			"djxx_DL_054_": { "x": -133.5, "y": -92.5, "width": 267, "height": 185 },
			"djxx_DL_057_": { "x": -133.5, "y": -92.5, "width": 267, "height": 185 },
			"djxx_DL_060_": { "x": -133.5, "y": -92.5, "width": 267, "height": 185 },
			"djxx_DL_063_": { "x": -133.5, "y": -92.5, "width": 267, "height": 185 },
			"djxx_DL_066_": { "x": -133.5, "y": -92.5, "width": 267, "height": 185 },
			"djxx_DL_069_": { "x": -133.5, "y": -92.5, "width": 267, "height": 185 },
			"djxx_DL_072_": { "x": -133.5, "y": -92.5, "width": 267, "height": 185 },
			"djxx_DL_075_": { "x": -133.5, "y": -92.5, "width": 267, "height": 185 },
			"djxx_DL_078_": { "x": -133.5, "y": -92.5, "width": 267, "height": 185 },
			"djxx_DL_081_": { "x": -133.5, "y": -92.5, "width": 267, "height": 185 },
			"djxx_DL_084_": { "x": -133.5, "y": -92.5, "width": 267, "height": 185 },
			"djxx_DL_087_": { "x": -133.5, "y": -92.5, "width": 267, "height": 185 },
			"djxx_DL_090_": { "x": -133.5, "y": -92.5, "width": 267, "height": 185 }
		},
		"djxx_DR_": {
			"djxx_DR_000_": { "x": 146.5, "y": -92.5, "width": 293, "height": 185 },
			"djxx_DR_003_": { "x": 146.5, "y": -92.5, "width": 293, "height": 185 },
			"djxx_DR_006_": { "x": 146.5, "y": -92.5, "width": 293, "height": 185 },
			"djxx_DR_009_": { "x": 146.5, "y": -92.5, "width": 293, "height": 185 },
			"djxx_DR_012_": { "x": 146.5, "y": -92.5, "width": 293, "height": 185 },
			"djxx_DR_015_": { "x": 146.5, "y": -92.5, "width": 293, "height": 185 },
			"djxx_DR_018_": { "x": 146.5, "y": -92.5, "width": 293, "height": 185 },
			"djxx_DR_021_": { "x": 146.5, "y": -92.5, "width": 293, "height": 185 },
			"djxx_DR_024_": { "x": 146.5, "y": -92.5, "width": 293, "height": 185 },
			"djxx_DR_027_": { "x": 146.5, "y": -92.5, "width": 293, "height": 185 },
			"djxx_DR_030_": { "x": 146.5, "y": -92.5, "width": 293, "height": 185 },
			"djxx_DR_033_": { "x": 146.5, "y": -92.5, "width": 293, "height": 185 },
			"djxx_DR_036_": { "x": 146.5, "y": -92.5, "width": 293, "height": 185 },
			"djxx_DR_039_": { "x": 146.5, "y": -92.5, "width": 293, "height": 185 },
			"djxx_DR_042_": { "x": 146.5, "y": -92.5, "width": 293, "height": 185 },
			"djxx_DR_045_": { "x": 146.5, "y": -92.5, "width": 293, "height": 185 },
			"djxx_DR_048_": { "x": 146.5, "y": -92.5, "width": 293, "height": 185 },
			"djxx_DR_051_": { "x": 146.5, "y": -92.5, "width": 293, "height": 185 },
			"djxx_DR_054_": { "x": 146.5, "y": -92.5, "width": 293, "height": 185 },
			"djxx_DR_057_": { "x": 146.5, "y": -92.5, "width": 293, "height": 185 },
			"djxx_DR_060_": { "x": 146.5, "y": -92.5, "width": 293, "height": 185 },
			"djxx_DR_063_": { "x": 146.5, "y": -92.5, "width": 293, "height": 185 },
			"djxx_DR_066_": { "x": 146.5, "y": -92.5, "width": 293, "height": 185 },
			"djxx_DR_069_": { "x": 146.5, "y": -92.5, "width": 293, "height": 185 },
			"djxx_DR_072_": { "x": 146.5, "y": -92.5, "width": 293, "height": 185 },
			"djxx_DR_075_": { "x": 146.5, "y": -92.5, "width": 293, "height": 185 },
			"djxx_DR_078_": { "x": 146.5, "y": -92.5, "width": 293, "height": 185 },
			"djxx_DR_081_": { "x": 146.5, "y": -92.5, "width": 293, "height": 185 },
			"djxx_DR_084_": { "x": 146.5, "y": -92.5, "width": 293, "height": 185 },
			"djxx_DR_087_": { "x": 146.5, "y": -92.5, "width": 293, "height": 185 },
			"djxx_DR_090_": { "x": 146.5, "y": -92.5, "width": 293, "height": 185 }
		},
		"djxx_UL_": {
			"djxx_UL_000_": { "x": -133.5, "y": 187.5, "width": 267, "height": 375 },
			"djxx_UL_003_": { "x": -133.5, "y": 187.5, "width": 267, "height": 375 },
			"djxx_UL_006_": { "x": -133.5, "y": 187.5, "width": 267, "height": 375 },
			"djxx_UL_009_": { "x": -133.5, "y": 187.5, "width": 267, "height": 375 },
			"djxx_UL_012_": { "x": -133.5, "y": 187.5, "width": 267, "height": 375 },
			"djxx_UL_015_": { "x": -133.5, "y": 187.5, "width": 267, "height": 375 },
			"djxx_UL_018_": { "x": -133.5, "y": 187.5, "width": 267, "height": 375 },
			"djxx_UL_021_": { "x": -133.5, "y": 187.5, "width": 267, "height": 375 },
			"djxx_UL_024_": { "x": -133.5, "y": 187.5, "width": 267, "height": 375 },
			"djxx_UL_027_": { "x": -133.5, "y": 187.5, "width": 267, "height": 375 },
			"djxx_UL_030_": { "x": -133.5, "y": 187.5, "width": 267, "height": 375 },
			"djxx_UL_033_": { "x": -133.5, "y": 187.5, "width": 267, "height": 375 },
			"djxx_UL_036_": { "x": -133.5, "y": 187.5, "width": 267, "height": 375 },
			"djxx_UL_039_": { "x": -133.5, "y": 187.5, "width": 267, "height": 375 },
			"djxx_UL_042_": { "x": -133.5, "y": 187.5, "width": 267, "height": 375 },
			"djxx_UL_045_": { "x": -133.5, "y": 187.5, "width": 267, "height": 375 },
			"djxx_UL_048_": { "x": -133.5, "y": 187.5, "width": 267, "height": 375 },
			"djxx_UL_051_": { "x": -133.5, "y": 187.5, "width": 267, "height": 375 },
			"djxx_UL_054_": { "x": -133.5, "y": 187.5, "width": 267, "height": 375 },
			"djxx_UL_057_": { "x": -133.5, "y": 187.5, "width": 267, "height": 375 },
			"djxx_UL_060_": { "x": -133.5, "y": 187.5, "width": 267, "height": 375 },
			"djxx_UL_063_": { "x": -133.5, "y": 187.5, "width": 267, "height": 375 },
			"djxx_UL_066_": { "x": -133.5, "y": 187.5, "width": 267, "height": 375 },
			"djxx_UL_069_": { "x": -133.5, "y": 187.5, "width": 267, "height": 375 },
			"djxx_UL_072_": { "x": -133.5, "y": 187.5, "width": 267, "height": 375 },
			"djxx_UL_075_": { "x": -133.5, "y": 187.5, "width": 267, "height": 375 },
			"djxx_UL_078_": { "x": -133.5, "y": 187.5, "width": 267, "height": 375 },
			"djxx_UL_081_": { "x": -133.5, "y": 187.5, "width": 267, "height": 375 },
			"djxx_UL_084_": { "x": -133.5, "y": 187.5, "width": 267, "height": 375 },
			"djxx_UL_087_": { "x": -133.5, "y": 187.5, "width": 267, "height": 375 },
			"djxx_UL_090_": { "x": -133.5, "y": 187.5, "width": 267, "height": 375 }
		},
		"djxx_UR_": {
			"djxx_UR_000_": { "x": 146.5, "y": 187.5, "width": 293, "height": 375 },
			"djxx_UR_003_": { "x": 146.5, "y": 187.5, "width": 293, "height": 375 },
			"djxx_UR_006_": { "x": 146.5, "y": 187.5, "width": 293, "height": 375 },
			"djxx_UR_009_": { "x": 146.5, "y": 187.5, "width": 293, "height": 375 },
			"djxx_UR_012_": { "x": 146.5, "y": 187.5, "width": 293, "height": 375 },
			"djxx_UR_015_": { "x": 146.5, "y": 187.5, "width": 293, "height": 375 },
			"djxx_UR_018_": { "x": 146.5, "y": 187.5, "width": 293, "height": 375 },
			"djxx_UR_021_": { "x": 146.5, "y": 187.5, "width": 293, "height": 375 },
			"djxx_UR_024_": { "x": 146.5, "y": 187.5, "width": 293, "height": 375 },
			"djxx_UR_027_": { "x": 146.5, "y": 187.5, "width": 293, "height": 375 },
			"djxx_UR_030_": { "x": 146.5, "y": 187.5, "width": 293, "height": 375 },
			"djxx_UR_033_": { "x": 146.5, "y": 187.5, "width": 293, "height": 375 },
			"djxx_UR_036_": { "x": 146.5, "y": 187.5, "width": 293, "height": 375 },
			"djxx_UR_039_": { "x": 146.5, "y": 187.5, "width": 293, "height": 375 },
			"djxx_UR_042_": { "x": 146.5, "y": 187.5, "width": 293, "height": 375 },
			"djxx_UR_045_": { "x": 146.5, "y": 187.5, "width": 293, "height": 375 },
			"djxx_UR_048_": { "x": 146.5, "y": 187.5, "width": 293, "height": 375 },
			"djxx_UR_051_": { "x": 146.5, "y": 187.5, "width": 293, "height": 375 },
			"djxx_UR_054_": { "x": 146.5, "y": 187.5, "width": 293, "height": 375 },
			"djxx_UR_057_": { "x": 146.5, "y": 187.5, "width": 293, "height": 375 },
			"djxx_UR_060_": { "x": 146.5, "y": 187.5, "width": 293, "height": 375 },
			"djxx_UR_063_": { "x": 146.5, "y": 187.5, "width": 293, "height": 375 },
			"djxx_UR_066_": { "x": 146.5, "y": 187.5, "width": 293, "height": 375 },
			"djxx_UR_069_": { "x": 146.5, "y": 187.5, "width": 293, "height": 375 },
			"djxx_UR_072_": { "x": 146.5, "y": 187.5, "width": 293, "height": 375 },
			"djxx_UR_075_": { "x": 146.5, "y": 187.5, "width": 293, "height": 375 },
			"djxx_UR_078_": { "x": 146.5, "y": 187.5, "width": 293, "height": 375 },
			"djxx_UR_081_": { "x": 146.5, "y": 187.5, "width": 293, "height": 375 },
			"djxx_UR_084_": { "x": 146.5, "y": 187.5, "width": 293, "height": 375 },
			"djxx_UR_087_": { "x": 146.5, "y": 187.5, "width": 293, "height": 375 },
			"djxx_UR_090_": { "x": 146.5, "y": 187.5, "width": 293, "height": 375 }
		}
	}
},
"animations": {
	"animation": {
		"slots": {
			"djxx_DL_": {
				"attachment": [
					{ "time": 0, "name": "djxx_DL_000_" },
					{ "time": 0.1, "name": "djxx_DL_003_" },
					{ "time": 0.2, "name": "djxx_DL_006_" },
					{ "time": 0.3, "name": "djxx_DL_009_" },
					{ "time": 0.4, "name": "djxx_DL_012_" },
					{ "time": 0.5, "name": "djxx_DL_015_" },
					{ "time": 0.6, "name": "djxx_DL_018_" },
					{ "time": 0.7, "name": "djxx_DL_021_" },
					{ "time": 0.8, "name": "djxx_DL_024_" },
					{ "time": 0.9, "name": "djxx_DL_027_" },
					{ "time": 1, "name": "djxx_DL_030_" },
					{ "time": 1.1, "name": "djxx_DL_033_" },
					{ "time": 1.2, "name": "djxx_DL_036_" },
					{ "time": 1.3, "name": "djxx_DL_039_" },
					{ "time": 1.4, "name": "djxx_DL_042_" },
					{ "time": 1.5, "name": "djxx_DL_045_" },
					{ "time": 1.6, "name": "djxx_DL_048_" },
					{ "time": 1.7, "name": "djxx_DL_051_" },
					{ "time": 1.8, "name": "djxx_DL_054_" },
					{ "time": 1.9, "name": "djxx_DL_057_" },
					{ "time": 2, "name": "djxx_DL_060_" },
					{ "time": 2.1, "name": "djxx_DL_063_" },
					{ "time": 2.2, "name": "djxx_DL_066_" },
					{ "time": 2.3, "name": "djxx_DL_069_" },
					{ "time": 2.4, "name": "djxx_DL_072_" },
					{ "time": 2.5, "name": "djxx_DL_075_" },
					{ "time": 2.6, "name": "djxx_DL_078_" },
					{ "time": 2.7, "name": "djxx_DL_081_" },
					{ "time": 2.8, "name": "djxx_DL_084_" },
					{ "time": 2.9, "name": "djxx_DL_087_" },
					{ "time": 3, "name": "djxx_DL_090_" },
					{ "time": 3.1, "name": null },
					{ "time": 5.9, "name": null }
				]
			},
			"djxx_DR_": {
				"attachment": [
					{ "time": 0, "name": "djxx_DR_000_" },
					{ "time": 0.1, "name": "djxx_DR_003_" },
					{ "time": 0.2, "name": "djxx_DR_006_" },
					{ "time": 0.3, "name": "djxx_DR_009_" },
					{ "time": 0.4, "name": "djxx_DR_012_" },
					{ "time": 0.5, "name": "djxx_DR_015_" },
					{ "time": 0.6, "name": "djxx_DR_018_" },
					{ "time": 0.7, "name": "djxx_DR_021_" },
					{ "time": 0.8, "name": "djxx_DR_024_" },
					{ "time": 0.9, "name": "djxx_DR_027_" },
					{ "time": 1, "name": "djxx_DR_030_" },
					{ "time": 1.1, "name": "djxx_DR_033_" },
					{ "time": 1.2, "name": "djxx_DR_036_" },
					{ "time": 1.3, "name": "djxx_DR_039_" },
					{ "time": 1.4, "name": "djxx_DR_042_" },
					{ "time": 1.5, "name": "djxx_DR_045_" },
					{ "time": 1.6, "name": "djxx_DR_048_" },
					{ "time": 1.7, "name": "djxx_DR_051_" },
					{ "time": 1.8, "name": "djxx_DR_054_" },
					{ "time": 1.9, "name": "djxx_DR_057_" },
					{ "time": 2, "name": "djxx_DR_060_" },
					{ "time": 2.1, "name": "djxx_DR_063_" },
					{ "time": 2.2, "name": "djxx_DR_066_" },
					{ "time": 2.3, "name": "djxx_DR_069_" },
					{ "time": 2.4, "name": "djxx_DR_072_" },
					{ "time": 2.5, "name": "djxx_DR_075_" },
					{ "time": 2.6, "name": "djxx_DR_078_" },
					{ "time": 2.7, "name": "djxx_DR_081_" },
					{ "time": 2.8, "name": "djxx_DR_084_" },
					{ "time": 2.9, "name": "djxx_DR_087_" },
					{ "time": 3, "name": "djxx_DR_090_" },
					{ "time": 3.1, "name": null },
					{ "time": 5.9, "name": null }
				]
			},
			"djxx_UL_": {
				"attachment": [
					{ "time": 0, "name": "djxx_UL_000_" },
					{ "time": 0.1, "name": "djxx_UL_003_" },
					{ "time": 0.2, "name": "djxx_UL_006_" },
					{ "time": 0.3, "name": "djxx_UL_009_" },
					{ "time": 0.4, "name": "djxx_UL_012_" },
					{ "time": 0.5, "name": "djxx_UL_015_" },
					{ "time": 0.6, "name": "djxx_UL_018_" },
					{ "time": 0.7, "name": "djxx_UL_021_" },
					{ "time": 0.8, "name": "djxx_UL_024_" },
					{ "time": 0.9, "name": "djxx_UL_027_" },
					{ "time": 1, "name": "djxx_UL_030_" },
					{ "time": 1.1, "name": "djxx_UL_033_" },
					{ "time": 1.2, "name": "djxx_UL_036_" },
					{ "time": 1.3, "name": "djxx_UL_039_" },
					{ "time": 1.4, "name": "djxx_UL_042_" },
					{ "time": 1.5, "name": "djxx_UL_045_" },
					{ "time": 1.6, "name": "djxx_UL_048_" },
					{ "time": 1.7, "name": "djxx_UL_051_" },
					{ "time": 1.8, "name": "djxx_UL_054_" },
					{ "time": 1.9, "name": "djxx_UL_057_" },
					{ "time": 2, "name": "djxx_UL_060_" },
					{ "time": 2.1, "name": "djxx_UL_063_" },
					{ "time": 2.2, "name": "djxx_UL_066_" },
					{ "time": 2.3, "name": "djxx_UL_069_" },
					{ "time": 2.4, "name": "djxx_UL_072_" },
					{ "time": 2.5, "name": "djxx_UL_075_" },
					{ "time": 2.6, "name": "djxx_UL_078_" },
					{ "time": 2.7, "name": "djxx_UL_081_" },
					{ "time": 2.8, "name": "djxx_UL_084_" },
					{ "time": 2.9, "name": "djxx_UL_087_" },
					{ "time": 3, "name": "djxx_UL_090_" },
					{ "time": 3.1, "name": null },
					{ "time": 5.9, "name": null }
				]
			},
			"djxx_UR_": {
				"attachment": [
					{ "time": 0, "name": "djxx_UR_000_" },
					{ "time": 0.1, "name": "djxx_UR_003_" },
					{ "time": 0.2, "name": "djxx_UR_006_" },
					{ "time": 0.3, "name": "djxx_UR_009_" },
					{ "time": 0.4, "name": "djxx_UR_012_" },
					{ "time": 0.5, "name": "djxx_UR_015_" },
					{ "time": 0.6, "name": "djxx_UR_018_" },
					{ "time": 0.7, "name": "djxx_UR_021_" },
					{ "time": 0.8, "name": "djxx_UR_024_" },
					{ "time": 0.9, "name": "djxx_UR_027_" },
					{ "time": 1, "name": "djxx_UR_030_" },
					{ "time": 1.1, "name": "djxx_UR_033_" },
					{ "time": 1.2, "name": "djxx_UR_036_" },
					{ "time": 1.3, "name": "djxx_UR_039_" },
					{ "time": 1.4, "name": "djxx_UR_042_" },
					{ "time": 1.5, "name": "djxx_UR_045_" },
					{ "time": 1.6, "name": "djxx_UR_048_" },
					{ "time": 1.7, "name": "djxx_UR_051_" },
					{ "time": 1.8, "name": "djxx_UR_054_" },
					{ "time": 1.9, "name": "djxx_UR_057_" },
					{ "time": 2, "name": "djxx_UR_060_" },
					{ "time": 2.1, "name": "djxx_UR_063_" },
					{ "time": 2.2, "name": "djxx_UR_066_" },
					{ "time": 2.3, "name": "djxx_UR_069_" },
					{ "time": 2.4, "name": "djxx_UR_072_" },
					{ "time": 2.5, "name": "djxx_UR_075_" },
					{ "time": 2.6, "name": "djxx_UR_078_" },
					{ "time": 2.7, "name": "djxx_UR_081_" },
					{ "time": 2.8, "name": "djxx_UR_084_" },
					{ "time": 2.9, "name": "djxx_UR_087_" },
					{ "time": 3, "name": "djxx_UR_090_" },
					{ "time": 3.1, "name": null },
					{ "time": 5.9, "name": null }
				]
			}
		}
	}
}
}