{
"skeleton": { "hash": "+bP5xIevTy7nQnyohyRKzu4TG2Y", "spine": "3.7.94", "width": 0, "height": 0, "images": "./images/", "audio": "E:/22年10月黄金宝箱_铠甲骑士/ae/导出/低_待机休闲_group" },
"bones": [
	{ "name": "root" },
	{ "name": "ctr", "parent": "root", "x": -51, "y": 70, "scaleX": 1.25, "scaleY": 1.25 },
	{ "name": "djxx_UL_", "parent": "ctr" },
	{ "name": "djxx_UR_", "parent": "ctr" },
	{ "name": "djxx_DL_", "parent": "ctr" },
	{ "name": "djxx_DR_", "parent": "ctr" }
],
"slots": [
	{ "name": "djxx_UL_", "bone": "djxx_UL_" },
	{ "name": "djxx_UR_", "bone": "djxx_UR_" },
	{ "name": "djxx_DL_", "bone": "djxx_DL_" },
	{ "name": "djxx_DR_", "bone": "djxx_DR_" }
],
"skins": {
	"default": {
		"djxx_DL_": {
			"djxx_DL_093_": { "x": -133.5, "y": -92.5, "width": 267, "height": 185 },
			"djxx_DL_096_": { "x": -133.5, "y": -92.5, "width": 267, "height": 185 },
			"djxx_DL_099_": { "x": -133.5, "y": -92.5, "width": 267, "height": 185 },
			"djxx_DL_102_": { "x": -133.5, "y": -92.5, "width": 267, "height": 185 },
			"djxx_DL_105_": { "x": -133.5, "y": -92.5, "width": 267, "height": 185 },
			"djxx_DL_108_": { "x": -133.5, "y": -92.5, "width": 267, "height": 185 },
			"djxx_DL_111_": { "x": -133.5, "y": -92.5, "width": 267, "height": 185 },
			"djxx_DL_114_": { "x": -133.5, "y": -92.5, "width": 267, "height": 185 },
			"djxx_DL_117_": { "x": -133.5, "y": -92.5, "width": 267, "height": 185 },
			"djxx_DL_120_": { "x": -133.5, "y": -92.5, "width": 267, "height": 185 },
			"djxx_DL_123_": { "x": -133.5, "y": -92.5, "width": 267, "height": 185 },
			"djxx_DL_126_": { "x": -133.5, "y": -92.5, "width": 267, "height": 185 },
			"djxx_DL_129_": { "x": -133.5, "y": -92.5, "width": 267, "height": 185 },
			"djxx_DL_132_": { "x": -133.5, "y": -92.5, "width": 267, "height": 185 },
			"djxx_DL_135_": { "x": -133.5, "y": -92.5, "width": 267, "height": 185 },
			"djxx_DL_138_": { "x": -133.5, "y": -92.5, "width": 267, "height": 185 },
			"djxx_DL_141_": { "x": -133.5, "y": -92.5, "width": 267, "height": 185 },
			"djxx_DL_144_": { "x": -133.5, "y": -92.5, "width": 267, "height": 185 },
			"djxx_DL_147_": { "x": -133.5, "y": -92.5, "width": 267, "height": 185 },
			"djxx_DL_150_": { "x": -133.5, "y": -92.5, "width": 267, "height": 185 },
			"djxx_DL_153_": { "x": -133.5, "y": -92.5, "width": 267, "height": 185 },
			"djxx_DL_156_": { "x": -133.5, "y": -92.5, "width": 267, "height": 185 },
			"djxx_DL_159_": { "x": -133.5, "y": -92.5, "width": 267, "height": 185 },
			"djxx_DL_162_": { "x": -133.5, "y": -92.5, "width": 267, "height": 185 },
			"djxx_DL_165_": { "x": -133.5, "y": -92.5, "width": 267, "height": 185 },
			"djxx_DL_168_": { "x": -133.5, "y": -92.5, "width": 267, "height": 185 },
			"djxx_DL_171_": { "x": -133.5, "y": -92.5, "width": 267, "height": 185 },
			"djxx_DL_172_": { "x": -133.5, "y": -92.5, "width": 267, "height": 185 }
		},
		"djxx_DR_": {
			"djxx_DR_093_": { "x": 146.5, "y": -92.5, "width": 293, "height": 185 },
			"djxx_DR_096_": { "x": 146.5, "y": -92.5, "width": 293, "height": 185 },
			"djxx_DR_099_": { "x": 146.5, "y": -92.5, "width": 293, "height": 185 },
			"djxx_DR_102_": { "x": 146.5, "y": -92.5, "width": 293, "height": 185 },
			"djxx_DR_105_": { "x": 146.5, "y": -92.5, "width": 293, "height": 185 },
			"djxx_DR_108_": { "x": 146.5, "y": -92.5, "width": 293, "height": 185 },
			"djxx_DR_111_": { "x": 146.5, "y": -92.5, "width": 293, "height": 185 },
			"djxx_DR_114_": { "x": 146.5, "y": -92.5, "width": 293, "height": 185 },
			"djxx_DR_117_": { "x": 146.5, "y": -92.5, "width": 293, "height": 185 },
			"djxx_DR_120_": { "x": 146.5, "y": -92.5, "width": 293, "height": 185 },
			"djxx_DR_123_": { "x": 146.5, "y": -92.5, "width": 293, "height": 185 },
			"djxx_DR_126_": { "x": 146.5, "y": -92.5, "width": 293, "height": 185 },
			"djxx_DR_129_": { "x": 146.5, "y": -92.5, "width": 293, "height": 185 },
			"djxx_DR_132_": { "x": 146.5, "y": -92.5, "width": 293, "height": 185 },
			"djxx_DR_135_": { "x": 146.5, "y": -92.5, "width": 293, "height": 185 },
			"djxx_DR_138_": { "x": 146.5, "y": -92.5, "width": 293, "height": 185 },
			"djxx_DR_141_": { "x": 146.5, "y": -92.5, "width": 293, "height": 185 },
			"djxx_DR_144_": { "x": 146.5, "y": -92.5, "width": 293, "height": 185 },
			"djxx_DR_147_": { "x": 146.5, "y": -92.5, "width": 293, "height": 185 },
			"djxx_DR_150_": { "x": 146.5, "y": -92.5, "width": 293, "height": 185 },
			"djxx_DR_153_": { "x": 146.5, "y": -92.5, "width": 293, "height": 185 },
			"djxx_DR_156_": { "x": 146.5, "y": -92.5, "width": 293, "height": 185 },
			"djxx_DR_159_": { "x": 146.5, "y": -92.5, "width": 293, "height": 185 },
			"djxx_DR_162_": { "x": 146.5, "y": -92.5, "width": 293, "height": 185 },
			"djxx_DR_165_": { "x": 146.5, "y": -92.5, "width": 293, "height": 185 },
			"djxx_DR_168_": { "x": 146.5, "y": -92.5, "width": 293, "height": 185 },
			"djxx_DR_171_": { "x": 146.5, "y": -92.5, "width": 293, "height": 185 },
			"djxx_DR_172_": { "x": 146.5, "y": -92.5, "width": 293, "height": 185 }
		},
		"djxx_UL_": {
			"djxx_UL_093_": { "x": -133.5, "y": 187.5, "width": 267, "height": 375 },
			"djxx_UL_096_": { "x": -133.5, "y": 187.5, "width": 267, "height": 375 },
			"djxx_UL_099_": { "x": -133.5, "y": 187.5, "width": 267, "height": 375 },
			"djxx_UL_102_": { "x": -133.5, "y": 187.5, "width": 267, "height": 375 },
			"djxx_UL_105_": { "x": -133.5, "y": 187.5, "width": 267, "height": 375 },
			"djxx_UL_108_": { "x": -133.5, "y": 187.5, "width": 267, "height": 375 },
			"djxx_UL_111_": { "x": -133.5, "y": 187.5, "width": 267, "height": 375 },
			"djxx_UL_114_": { "x": -133.5, "y": 187.5, "width": 267, "height": 375 },
			"djxx_UL_117_": { "x": -133.5, "y": 187.5, "width": 267, "height": 375 },
			"djxx_UL_120_": { "x": -133.5, "y": 187.5, "width": 267, "height": 375 },
			"djxx_UL_123_": { "x": -133.5, "y": 187.5, "width": 267, "height": 375 },
			"djxx_UL_126_": { "x": -133.5, "y": 187.5, "width": 267, "height": 375 },
			"djxx_UL_129_": { "x": -133.5, "y": 187.5, "width": 267, "height": 375 },
			"djxx_UL_132_": { "x": -133.5, "y": 187.5, "width": 267, "height": 375 },
			"djxx_UL_135_": { "x": -133.5, "y": 187.5, "width": 267, "height": 375 },
			"djxx_UL_138_": { "x": -133.5, "y": 187.5, "width": 267, "height": 375 },
			"djxx_UL_141_": { "x": -133.5, "y": 187.5, "width": 267, "height": 375 },
			"djxx_UL_144_": { "x": -133.5, "y": 187.5, "width": 267, "height": 375 },
			"djxx_UL_147_": { "x": -133.5, "y": 187.5, "width": 267, "height": 375 },
			"djxx_UL_150_": { "x": -133.5, "y": 187.5, "width": 267, "height": 375 },
			"djxx_UL_153_": { "x": -133.5, "y": 187.5, "width": 267, "height": 375 },
			"djxx_UL_156_": { "x": -133.5, "y": 187.5, "width": 267, "height": 375 },
			"djxx_UL_159_": { "x": -133.5, "y": 187.5, "width": 267, "height": 375 },
			"djxx_UL_162_": { "x": -133.5, "y": 187.5, "width": 267, "height": 375 },
			"djxx_UL_165_": { "x": -133.5, "y": 187.5, "width": 267, "height": 375 },
			"djxx_UL_168_": { "x": -133.5, "y": 187.5, "width": 267, "height": 375 },
			"djxx_UL_171_": { "x": -133.5, "y": 187.5, "width": 267, "height": 375 },
			"djxx_UL_172_": { "x": -133.5, "y": 187.5, "width": 267, "height": 375 }
		},
		"djxx_UR_": {
			"djxx_UR_093_": { "x": 146.5, "y": 187.5, "width": 293, "height": 375 },
			"djxx_UR_096_": { "x": 146.5, "y": 187.5, "width": 293, "height": 375 },
			"djxx_UR_099_": { "x": 146.5, "y": 187.5, "width": 293, "height": 375 },
			"djxx_UR_102_": { "x": 146.5, "y": 187.5, "width": 293, "height": 375 },
			"djxx_UR_105_": { "x": 146.5, "y": 187.5, "width": 293, "height": 375 },
			"djxx_UR_108_": { "x": 146.5, "y": 187.5, "width": 293, "height": 375 },
			"djxx_UR_111_": { "x": 146.5, "y": 187.5, "width": 293, "height": 375 },
			"djxx_UR_114_": { "x": 146.5, "y": 187.5, "width": 293, "height": 375 },
			"djxx_UR_117_": { "x": 146.5, "y": 187.5, "width": 293, "height": 375 },
			"djxx_UR_120_": { "x": 146.5, "y": 187.5, "width": 293, "height": 375 },
			"djxx_UR_123_": { "x": 146.5, "y": 187.5, "width": 293, "height": 375 },
			"djxx_UR_126_": { "x": 146.5, "y": 187.5, "width": 293, "height": 375 },
			"djxx_UR_129_": { "x": 146.5, "y": 187.5, "width": 293, "height": 375 },
			"djxx_UR_132_": { "x": 146.5, "y": 187.5, "width": 293, "height": 375 },
			"djxx_UR_135_": { "x": 146.5, "y": 187.5, "width": 293, "height": 375 },
			"djxx_UR_138_": { "x": 146.5, "y": 187.5, "width": 293, "height": 375 },
			"djxx_UR_141_": { "x": 146.5, "y": 187.5, "width": 293, "height": 375 },
			"djxx_UR_144_": { "x": 146.5, "y": 187.5, "width": 293, "height": 375 },
			"djxx_UR_147_": { "x": 146.5, "y": 187.5, "width": 293, "height": 375 },
			"djxx_UR_150_": { "x": 146.5, "y": 187.5, "width": 293, "height": 375 },
			"djxx_UR_153_": { "x": 146.5, "y": 187.5, "width": 293, "height": 375 },
			"djxx_UR_156_": { "x": 146.5, "y": 187.5, "width": 293, "height": 375 },
			"djxx_UR_159_": { "x": 146.5, "y": 187.5, "width": 293, "height": 375 },
			"djxx_UR_162_": { "x": 146.5, "y": 187.5, "width": 293, "height": 375 },
			"djxx_UR_165_": { "x": 146.5, "y": 187.5, "width": 293, "height": 375 },
			"djxx_UR_168_": { "x": 146.5, "y": 187.5, "width": 293, "height": 375 },
			"djxx_UR_171_": { "x": 146.5, "y": 187.5, "width": 293, "height": 375 },
			"djxx_UR_172_": { "x": 146.5, "y": 187.5, "width": 293, "height": 375 }
		}
	}
},
"animations": {
	"animation": {
		"slots": {
			"djxx_DL_": {
				"attachment": [
					{ "time": 3.1, "name": "djxx_DL_093_" },
					{ "time": 3.2, "name": "djxx_DL_096_" },
					{ "time": 3.3, "name": "djxx_DL_099_" },
					{ "time": 3.4, "name": "djxx_DL_102_" },
					{ "time": 3.5, "name": "djxx_DL_105_" },
					{ "time": 3.6, "name": "djxx_DL_108_" },
					{ "time": 3.7, "name": "djxx_DL_111_" },
					{ "time": 3.8, "name": "djxx_DL_114_" },
					{ "time": 3.9, "name": "djxx_DL_117_" },
					{ "time": 4, "name": "djxx_DL_120_" },
					{ "time": 4.1, "name": "djxx_DL_123_" },
					{ "time": 4.2, "name": "djxx_DL_126_" },
					{ "time": 4.3, "name": "djxx_DL_129_" },
					{ "time": 4.4, "name": "djxx_DL_132_" },
					{ "time": 4.5, "name": "djxx_DL_135_" },
					{ "time": 4.6, "name": "djxx_DL_138_" },
					{ "time": 4.7, "name": "djxx_DL_141_" },
					{ "time": 4.8, "name": "djxx_DL_144_" },
					{ "time": 4.9, "name": "djxx_DL_147_" },
					{ "time": 5, "name": "djxx_DL_150_" },
					{ "time": 5.1, "name": "djxx_DL_153_" },
					{ "time": 5.2, "name": "djxx_DL_156_" },
					{ "time": 5.3, "name": "djxx_DL_159_" },
					{ "time": 5.4, "name": "djxx_DL_162_" },
					{ "time": 5.5, "name": "djxx_DL_165_" },
					{ "time": 5.6, "name": "djxx_DL_168_" },
					{ "time": 5.7, "name": "djxx_DL_171_" },
					{ "time": 5.8, "name": "djxx_DL_172_" },
					{ "time": 5.9, "name": null }
				]
			},
			"djxx_DR_": {
				"attachment": [
					{ "time": 3.1, "name": "djxx_DR_093_" },
					{ "time": 3.2, "name": "djxx_DR_096_" },
					{ "time": 3.3, "name": "djxx_DR_099_" },
					{ "time": 3.4, "name": "djxx_DR_102_" },
					{ "time": 3.5, "name": "djxx_DR_105_" },
					{ "time": 3.6, "name": "djxx_DR_108_" },
					{ "time": 3.7, "name": "djxx_DR_111_" },
					{ "time": 3.8, "name": "djxx_DR_114_" },
					{ "time": 3.9, "name": "djxx_DR_117_" },
					{ "time": 4, "name": "djxx_DR_120_" },
					{ "time": 4.1, "name": "djxx_DR_123_" },
					{ "time": 4.2, "name": "djxx_DR_126_" },
					{ "time": 4.3, "name": "djxx_DR_129_" },
					{ "time": 4.4, "name": "djxx_DR_132_" },
					{ "time": 4.5, "name": "djxx_DR_135_" },
					{ "time": 4.6, "name": "djxx_DR_138_" },
					{ "time": 4.7, "name": "djxx_DR_141_" },
					{ "time": 4.8, "name": "djxx_DR_144_" },
					{ "time": 4.9, "name": "djxx_DR_147_" },
					{ "time": 5, "name": "djxx_DR_150_" },
					{ "time": 5.1, "name": "djxx_DR_153_" },
					{ "time": 5.2, "name": "djxx_DR_156_" },
					{ "time": 5.3, "name": "djxx_DR_159_" },
					{ "time": 5.4, "name": "djxx_DR_162_" },
					{ "time": 5.5, "name": "djxx_DR_165_" },
					{ "time": 5.6, "name": "djxx_DR_168_" },
					{ "time": 5.7, "name": "djxx_DR_171_" },
					{ "time": 5.8, "name": "djxx_DR_172_" },
					{ "time": 5.9, "name": null }
				]
			},
			"djxx_UL_": {
				"attachment": [
					{ "time": 3.1, "name": "djxx_UL_093_" },
					{ "time": 3.2, "name": "djxx_UL_096_" },
					{ "time": 3.3, "name": "djxx_UL_099_" },
					{ "time": 3.4, "name": "djxx_UL_102_" },
					{ "time": 3.5, "name": "djxx_UL_105_" },
					{ "time": 3.6, "name": "djxx_UL_108_" },
					{ "time": 3.7, "name": "djxx_UL_111_" },
					{ "time": 3.8, "name": "djxx_UL_114_" },
					{ "time": 3.9, "name": "djxx_UL_117_" },
					{ "time": 4, "name": "djxx_UL_120_" },
					{ "time": 4.1, "name": "djxx_UL_123_" },
					{ "time": 4.2, "name": "djxx_UL_126_" },
					{ "time": 4.3, "name": "djxx_UL_129_" },
					{ "time": 4.4, "name": "djxx_UL_132_" },
					{ "time": 4.5, "name": "djxx_UL_135_" },
					{ "time": 4.6, "name": "djxx_UL_138_" },
					{ "time": 4.7, "name": "djxx_UL_141_" },
					{ "time": 4.8, "name": "djxx_UL_144_" },
					{ "time": 4.9, "name": "djxx_UL_147_" },
					{ "time": 5, "name": "djxx_UL_150_" },
					{ "time": 5.1, "name": "djxx_UL_153_" },
					{ "time": 5.2, "name": "djxx_UL_156_" },
					{ "time": 5.3, "name": "djxx_UL_159_" },
					{ "time": 5.4, "name": "djxx_UL_162_" },
					{ "time": 5.5, "name": "djxx_UL_165_" },
					{ "time": 5.6, "name": "djxx_UL_168_" },
					{ "time": 5.7, "name": "djxx_UL_171_" },
					{ "time": 5.8, "name": "djxx_UL_172_" },
					{ "time": 5.9, "name": null }
				]
			},
			"djxx_UR_": {
				"attachment": [
					{ "time": 3.1, "name": "djxx_UR_093_" },
					{ "time": 3.2, "name": "djxx_UR_096_" },
					{ "time": 3.3, "name": "djxx_UR_099_" },
					{ "time": 3.4, "name": "djxx_UR_102_" },
					{ "time": 3.5, "name": "djxx_UR_105_" },
					{ "time": 3.6, "name": "djxx_UR_108_" },
					{ "time": 3.7, "name": "djxx_UR_111_" },
					{ "time": 3.8, "name": "djxx_UR_114_" },
					{ "time": 3.9, "name": "djxx_UR_117_" },
					{ "time": 4, "name": "djxx_UR_120_" },
					{ "time": 4.1, "name": "djxx_UR_123_" },
					{ "time": 4.2, "name": "djxx_UR_126_" },
					{ "time": 4.3, "name": "djxx_UR_129_" },
					{ "time": 4.4, "name": "djxx_UR_132_" },
					{ "time": 4.5, "name": "djxx_UR_135_" },
					{ "time": 4.6, "name": "djxx_UR_138_" },
					{ "time": 4.7, "name": "djxx_UR_141_" },
					{ "time": 4.8, "name": "djxx_UR_144_" },
					{ "time": 4.9, "name": "djxx_UR_147_" },
					{ "time": 5, "name": "djxx_UR_150_" },
					{ "time": 5.1, "name": "djxx_UR_153_" },
					{ "time": 5.2, "name": "djxx_UR_156_" },
					{ "time": 5.3, "name": "djxx_UR_159_" },
					{ "time": 5.4, "name": "djxx_UR_162_" },
					{ "time": 5.5, "name": "djxx_UR_165_" },
					{ "time": 5.6, "name": "djxx_UR_168_" },
					{ "time": 5.7, "name": "djxx_UR_171_" },
					{ "time": 5.8, "name": "djxx_UR_172_" },
					{ "time": 5.9, "name": null }
				]
			}
		}
	}
}
}