{
"skeleton": { "hash": "iNf2Puc7gn8KsslFiI4yuKo7ZSQ", "spine": "3.7.94", "width": 0, "height": 0, "images": "./images/", "audio": "F:/COK项目/Spine工程/黄金宝箱—锤子老头Spine/锤子老头低级/低级攻击Spine" },
"bones": [
	{ "name": "root" },
	{ "name": "ctr", "parent": "root", "scaleX": 1.25, "scaleY": 1.25 },
	{ "name": "attack_d_", "parent": "ctr" },
	{ "name": "attack_u", "parent": "ctr" }
],
"slots": [
	{ "name": "attack_u", "bone": "attack_u" },
	{ "name": "attack_d_", "bone": "attack_d_" }
],
"skins": {
	"default": {
		"attack_d_": {
			"attack_d_42_": { "width": 800, "height": 400 },
			"attack_d_45_": { "width": 800, "height": 400 },
			"attack_d_48_": { "width": 800, "height": 400 },
			"attack_d_51_": { "width": 800, "height": 400 },
			"attack_d_54_": { "width": 800, "height": 400 },
			"attack_d_57_": { "width": 800, "height": 400 },
			"attack_d_60_": { "width": 800, "height": 400 },
			"attack_d_63_": { "width": 800, "height": 400 },
			"attack_d_66_": { "width": 800, "height": 400 },
			"attack_d_69_": { "width": 800, "height": 400 },
			"attack_d_72_": { "width": 800, "height": 400 }
		},
		"attack_u": {
			"attack_u_42_": { "width": 800, "height": 400 },
			"attack_u_45_": { "width": 800, "height": 400 },
			"attack_u_48_": { "width": 800, "height": 400 },
			"attack_u_51_": { "width": 800, "height": 400 },
			"attack_u_54_": { "width": 800, "height": 400 },
			"attack_u_57_": { "width": 800, "height": 400 },
			"attack_u_60_": { "width": 800, "height": 400 },
			"attack_u_63_": { "width": 800, "height": 400 },
			"attack_u_66_": { "width": 800, "height": 400 },
			"attack_u_69_": { "width": 800, "height": 400 },
			"attack_u_72_": { "width": 800, "height": 400 }
		}
	}
},
"animations": {
	"animation": {
		"slots": {
			"attack_d_": {
				"attachment": [
					{ "time": 1.4, "name": "attack_d_42_" },
					{ "time": 1.5, "name": "attack_d_45_" },
					{ "time": 1.6, "name": "attack_d_48_" },
					{ "time": 1.7, "name": "attack_d_51_" },
					{ "time": 1.8, "name": "attack_d_54_" },
					{ "time": 1.9, "name": "attack_d_57_" },
					{ "time": 2, "name": "attack_d_60_" },
					{ "time": 2.1, "name": "attack_d_63_" },
					{ "time": 2.2, "name": "attack_d_66_" },
					{ "time": 2.3, "name": "attack_d_69_" },
					{ "time": 2.4, "name": "attack_d_72_" },
					{ "time": 2.5, "name": null }
				]
			},
			"attack_u": {
				"attachment": [
					{ "time": 1.4, "name": "attack_u_42_" },
					{ "time": 1.5, "name": "attack_u_45_" },
					{ "time": 1.6, "name": "attack_u_48_" },
					{ "time": 1.7, "name": "attack_u_51_" },
					{ "time": 1.8, "name": "attack_u_54_" },
					{ "time": 1.9, "name": "attack_u_57_" },
					{ "time": 2, "name": "attack_u_60_" },
					{ "time": 2.1, "name": "attack_u_63_" },
					{ "time": 2.2, "name": "attack_u_66_" },
					{ "time": 2.3, "name": "attack_u_69_" },
					{ "time": 2.4, "name": "attack_u_72_" },
					{ "time": 2.5, "name": null }
				]
			}
		},
		"bones": {
			"attack_d_": {
				"translate": [
					{ "time": 0, "x": 0, "y": -200 }
				]
			},
			"attack_u": {
				"translate": [
					{ "time": 0, "x": 0, "y": 200 }
				]
			},
			"ctr": {
				"translate": [
					{ "time": 0, "x": -10, "y": 100 }
				]
			}
		}
	}
}
}