{
"skeleton": { "hash": "X0XHICYznQwL803ZwpPFbIxG+DY", "spine": "3.7.94", "width": 0, "height": 0, "images": "./images/", "audio": "F:/COK项目/Spine工程/黄金宝箱—锤子老头Spine/锤子老头低级/低级待机休闲Spine" },
"bones": [
	{ "name": "root" },
	{ "name": "ctr", "parent": "root", "scaleX": 1.25, "scaleY": 1.25 },
	{ "name": "idle_L_", "parent": "ctr" },
	{ "name": "idle_R_", "parent": "ctr" }
],
"slots": [
	{ "name": "idle_R_", "bone": "idle_R_" },
	{ "name": "idle_L_", "bone": "idle_L_" }
],
"skins": {
	"default": {
		"idle_L_": {
			"idle_L_72_": { "width": 400, "height": 800 },
			"idle_L_75_": { "width": 400, "height": 800 },
			"idle_L_78_": { "width": 400, "height": 800 },
			"idle_L_81_": { "width": 400, "height": 800 },
			"idle_L_84_": { "width": 400, "height": 800 },
			"idle_L_87_": { "width": 400, "height": 800 },
			"idle_L_90_": { "width": 400, "height": 800 },
			"idle_L_93_": { "width": 400, "height": 800 },
			"idle_L_96_": { "width": 400, "height": 800 },
			"idle_L_99_": { "width": 400, "height": 800 },
			"idle_L_102_": { "width": 400, "height": 800 },
			"idle_L_105_": { "width": 400, "height": 800 },
			"idle_L_108_": { "width": 400, "height": 800 },
			"idle_L_111_": { "width": 400, "height": 800 },
			"idle_L_114_": { "width": 400, "height": 800 },
			"idle_L_117_": { "width": 400, "height": 800 },
			"idle_L_120_": { "width": 400, "height": 800 },
			"idle_L_123_": { "width": 400, "height": 800 },
			"idle_L_126_": { "width": 400, "height": 800 },
			"idle_L_129_": { "width": 400, "height": 800 },
			"idle_L_132_": { "width": 400, "height": 800 },
			"idle_L_135_": { "width": 400, "height": 800 },
			"idle_L_138_": { "width": 400, "height": 800 },
			"idle_L_141_": { "width": 400, "height": 800 },
			"idle_L_144_": { "width": 400, "height": 800 },
			"idle_L_147_": { "width": 400, "height": 800 }
		},
		"idle_R_": {
			"idle_R_72_": { "width": 400, "height": 800 },
			"idle_R_75_": { "width": 400, "height": 800 },
			"idle_R_78_": { "width": 400, "height": 800 },
			"idle_R_81_": { "width": 400, "height": 800 },
			"idle_R_84_": { "width": 400, "height": 800 },
			"idle_R_87_": { "width": 400, "height": 800 },
			"idle_R_90_": { "width": 400, "height": 800 },
			"idle_R_93_": { "width": 400, "height": 800 },
			"idle_R_96_": { "width": 400, "height": 800 },
			"idle_R_99_": { "width": 400, "height": 800 },
			"idle_R_102_": { "width": 400, "height": 800 },
			"idle_R_105_": { "width": 400, "height": 800 },
			"idle_R_108_": { "width": 400, "height": 800 },
			"idle_R_111_": { "width": 400, "height": 800 },
			"idle_R_114_": { "width": 400, "height": 800 },
			"idle_R_117_": { "width": 400, "height": 800 },
			"idle_R_120_": { "width": 400, "height": 800 },
			"idle_R_123_": { "width": 400, "height": 800 },
			"idle_R_126_": { "width": 400, "height": 800 },
			"idle_R_129_": { "width": 400, "height": 800 },
			"idle_R_132_": { "width": 400, "height": 800 },
			"idle_R_135_": { "width": 400, "height": 800 },
			"idle_R_138_": { "width": 400, "height": 800 },
			"idle_R_141_": { "width": 400, "height": 800 },
			"idle_R_144_": { "width": 400, "height": 800 },
			"idle_R_147_": { "width": 400, "height": 800 }
		}
	}
},
"animations": {
	"animation": {
		"slots": {
			"idle_L_": {
				"attachment": [
					{ "time": 2.4, "name": "idle_L_72_" },
					{ "time": 2.5, "name": "idle_L_75_" },
					{ "time": 2.6, "name": "idle_L_78_" },
					{ "time": 2.7, "name": "idle_L_81_" },
					{ "time": 2.8, "name": "idle_L_84_" },
					{ "time": 2.9, "name": "idle_L_87_" },
					{ "time": 3, "name": "idle_L_90_" },
					{ "time": 3.1, "name": "idle_L_93_" },
					{ "time": 3.2, "name": "idle_L_96_" },
					{ "time": 3.3, "name": "idle_L_99_" },
					{ "time": 3.4, "name": "idle_L_102_" },
					{ "time": 3.5, "name": "idle_L_105_" },
					{ "time": 3.6, "name": "idle_L_108_" },
					{ "time": 3.7, "name": "idle_L_111_" },
					{ "time": 3.8, "name": "idle_L_114_" },
					{ "time": 3.9, "name": "idle_L_117_" },
					{ "time": 4, "name": "idle_L_120_" },
					{ "time": 4.1, "name": "idle_L_123_" },
					{ "time": 4.2, "name": "idle_L_126_" },
					{ "time": 4.3, "name": "idle_L_129_" },
					{ "time": 4.4, "name": "idle_L_132_" },
					{ "time": 4.5, "name": "idle_L_135_" },
					{ "time": 4.6, "name": "idle_L_138_" },
					{ "time": 4.7, "name": "idle_L_141_" },
					{ "time": 4.8, "name": "idle_L_144_" },
					{ "time": 4.9, "name": "idle_L_147_" },
					{ "time": 5, "name": null },
					{ "time": 5.8, "name": null }
				]
			},
			"idle_R_": {
				"attachment": [
					{ "time": 2.4, "name": "idle_R_72_" },
					{ "time": 2.5, "name": "idle_R_75_" },
					{ "time": 2.6, "name": "idle_R_78_" },
					{ "time": 2.7, "name": "idle_R_81_" },
					{ "time": 2.8, "name": "idle_R_84_" },
					{ "time": 2.9, "name": "idle_R_87_" },
					{ "time": 3, "name": "idle_R_90_" },
					{ "time": 3.1, "name": "idle_R_93_" },
					{ "time": 3.2, "name": "idle_R_96_" },
					{ "time": 3.3, "name": "idle_R_99_" },
					{ "time": 3.4, "name": "idle_R_102_" },
					{ "time": 3.5, "name": "idle_R_105_" },
					{ "time": 3.6, "name": "idle_R_108_" },
					{ "time": 3.7, "name": "idle_R_111_" },
					{ "time": 3.8, "name": "idle_R_114_" },
					{ "time": 3.9, "name": "idle_R_117_" },
					{ "time": 4, "name": "idle_R_120_" },
					{ "time": 4.1, "name": "idle_R_123_" },
					{ "time": 4.2, "name": "idle_R_126_" },
					{ "time": 4.3, "name": "idle_R_129_" },
					{ "time": 4.4, "name": "idle_R_132_" },
					{ "time": 4.5, "name": "idle_R_135_" },
					{ "time": 4.6, "name": "idle_R_138_" },
					{ "time": 4.7, "name": "idle_R_141_" },
					{ "time": 4.8, "name": "idle_R_144_" },
					{ "time": 4.9, "name": "idle_R_147_" },
					{ "time": 5, "name": null },
					{ "time": 5.8, "name": null }
				]
			}
		},
		"bones": {
			"idle_L_": {
				"translate": [
					{ "time": 0, "x": -200, "y": 0 }
				]
			},
			"idle_R_": {
				"translate": [
					{ "time": 0, "x": 200, "y": 0 }
				]
			},
			"root": {
				"translate": [
					{ "time": 0, "x": -10, "y": 100 }
				]
			}
		}
	}
}
}