{
"skeleton": { "hash": "xuT0IgeIVH8NAdebPwIE93Gk6nA", "spine": "3.7.94", "width": 0, "height": 0, "images": "./images/", "audio": "F:/COK项目/Spine工程/黄金宝箱—锤子老头Spine/锤子老头低级/低级待机休闲Spine" },
"bones": [
	{ "name": "root" },
	{ "name": "ctr", "parent": "root", "scaleX": 1.25, "scaleY": 1.25 },
	{ "name": "idle_L_", "parent": "ctr" },
	{ "name": "idle_R_", "parent": "ctr" }
],
"slots": [
	{ "name": "idle_R_", "bone": "idle_R_" },
	{ "name": "idle_L_", "bone": "idle_L_" }
],
"skins": {
	"default": {
		"idle_L_": {
			"idle_L_00_": { "width": 400, "height": 800 },
			"idle_L_03_": { "width": 400, "height": 800 },
			"idle_L_06_": { "width": 400, "height": 800 },
			"idle_L_09_": { "width": 400, "height": 800 },
			"idle_L_12_": { "width": 400, "height": 800 },
			"idle_L_15_": { "width": 400, "height": 800 },
			"idle_L_18_": { "width": 400, "height": 800 },
			"idle_L_21_": { "width": 400, "height": 800 },
			"idle_L_24_": { "width": 400, "height": 800 },
			"idle_L_27_": { "width": 400, "height": 800 },
			"idle_L_30_": { "width": 400, "height": 800 },
			"idle_L_33_": { "width": 400, "height": 800 },
			"idle_L_36_": { "width": 400, "height": 800 },
			"idle_L_39_": { "width": 400, "height": 800 },
			"idle_L_42_": { "width": 400, "height": 800 },
			"idle_L_45_": { "width": 400, "height": 800 },
			"idle_L_48_": { "width": 400, "height": 800 },
			"idle_L_51_": { "width": 400, "height": 800 },
			"idle_L_54_": { "width": 400, "height": 800 },
			"idle_L_57_": { "width": 400, "height": 800 },
			"idle_L_60_": { "width": 400, "height": 800 },
			"idle_L_63_": { "width": 400, "height": 800 },
			"idle_L_66_": { "width": 400, "height": 800 },
			"idle_L_69_": { "width": 400, "height": 800 }
		},
		"idle_R_": {
			"idle_R_00_": { "width": 400, "height": 800 },
			"idle_R_03_": { "width": 400, "height": 800 },
			"idle_R_06_": { "width": 400, "height": 800 },
			"idle_R_09_": { "width": 400, "height": 800 },
			"idle_R_12_": { "width": 400, "height": 800 },
			"idle_R_15_": { "width": 400, "height": 800 },
			"idle_R_18_": { "width": 400, "height": 800 },
			"idle_R_21_": { "width": 400, "height": 800 },
			"idle_R_24_": { "width": 400, "height": 800 },
			"idle_R_27_": { "width": 400, "height": 800 },
			"idle_R_30_": { "width": 400, "height": 800 },
			"idle_R_33_": { "width": 400, "height": 800 },
			"idle_R_36_": { "width": 400, "height": 800 },
			"idle_R_39_": { "width": 400, "height": 800 },
			"idle_R_42_": { "width": 400, "height": 800 },
			"idle_R_45_": { "width": 400, "height": 800 },
			"idle_R_48_": { "width": 400, "height": 800 },
			"idle_R_51_": { "width": 400, "height": 800 },
			"idle_R_54_": { "width": 400, "height": 800 },
			"idle_R_57_": { "width": 400, "height": 800 },
			"idle_R_60_": { "width": 400, "height": 800 },
			"idle_R_63_": { "width": 400, "height": 800 },
			"idle_R_66_": { "width": 400, "height": 800 },
			"idle_R_69_": { "width": 400, "height": 800 }
		}
	}
},
"animations": {
	"animation": {
		"slots": {
			"idle_L_": {
				"attachment": [
					{ "time": 0, "name": "idle_L_00_" },
					{ "time": 0.1, "name": "idle_L_03_" },
					{ "time": 0.2, "name": "idle_L_06_" },
					{ "time": 0.3, "name": "idle_L_09_" },
					{ "time": 0.4, "name": "idle_L_12_" },
					{ "time": 0.5, "name": "idle_L_15_" },
					{ "time": 0.6, "name": "idle_L_18_" },
					{ "time": 0.7, "name": "idle_L_21_" },
					{ "time": 0.8, "name": "idle_L_24_" },
					{ "time": 0.9, "name": "idle_L_27_" },
					{ "time": 1, "name": "idle_L_30_" },
					{ "time": 1.1, "name": "idle_L_33_" },
					{ "time": 1.2, "name": "idle_L_36_" },
					{ "time": 1.3, "name": "idle_L_39_" },
					{ "time": 1.4, "name": "idle_L_42_" },
					{ "time": 1.5, "name": "idle_L_45_" },
					{ "time": 1.6, "name": "idle_L_48_" },
					{ "time": 1.7, "name": "idle_L_51_" },
					{ "time": 1.8, "name": "idle_L_54_" },
					{ "time": 1.9, "name": "idle_L_57_" },
					{ "time": 2, "name": "idle_L_60_" },
					{ "time": 2.1, "name": "idle_L_63_" },
					{ "time": 2.2, "name": "idle_L_66_" },
					{ "time": 2.3, "name": "idle_L_69_" },
					{ "time": 2.4, "name": null },
					{ "time": 5.8, "name": null }
				]
			},
			"idle_R_": {
				"attachment": [
					{ "time": 0, "name": "idle_R_00_" },
					{ "time": 0.1, "name": "idle_R_03_" },
					{ "time": 0.2, "name": "idle_R_06_" },
					{ "time": 0.3, "name": "idle_R_09_" },
					{ "time": 0.4, "name": "idle_R_12_" },
					{ "time": 0.5, "name": "idle_R_15_" },
					{ "time": 0.6, "name": "idle_R_18_" },
					{ "time": 0.7, "name": "idle_R_21_" },
					{ "time": 0.8, "name": "idle_R_24_" },
					{ "time": 0.9, "name": "idle_R_27_" },
					{ "time": 1, "name": "idle_R_30_" },
					{ "time": 1.1, "name": "idle_R_33_" },
					{ "time": 1.2, "name": "idle_R_36_" },
					{ "time": 1.3, "name": "idle_R_39_" },
					{ "time": 1.4, "name": "idle_R_42_" },
					{ "time": 1.5, "name": "idle_R_45_" },
					{ "time": 1.6, "name": "idle_R_48_" },
					{ "time": 1.7, "name": "idle_R_51_" },
					{ "time": 1.8, "name": "idle_R_54_" },
					{ "time": 1.9, "name": "idle_R_57_" },
					{ "time": 2, "name": "idle_R_60_" },
					{ "time": 2.1, "name": "idle_R_63_" },
					{ "time": 2.2, "name": "idle_R_66_" },
					{ "time": 2.3, "name": "idle_R_69_" },
					{ "time": 2.4, "name": null },
					{ "time": 5.8, "name": null }
				]
			}
		},
		"bones": {
			"idle_L_": {
				"translate": [
					{ "time": 0, "x": -200, "y": 0 }
				]
			},
			"idle_R_": {
				"translate": [
					{ "time": 0, "x": 200, "y": 0 }
				]
			},
			"root": {
				"translate": [
					{ "time": 0, "x": -10, "y": 100 }
				]
			}
		}
	}
}
}