{
"skeleton": { "hash": "N6PmS6lpE3duNcCtJraRv28RA1Y", "spine": "3.7.94", "width": 546, "height": 464, "images": "", "audio": "G:/A-公司/隔离期间工作/整理没有制作/石中剑/images" },
"bones": [
	{ "name": "root" },
	{ "name": "bone00", "parent": "root", "rotation": 0.89, "x": 300 },
	{
		"name": "bone",
		"parent": "bone00",
		"length": 101.9,
		"rotation": -0.89,
		"x": 23.84,
		"y": 519.18,
		"color": "ff0000ff"
	},
	{ "name": "bone2", "parent": "bone", "x": -3.87, "y": -10.48, "color": "ff5454ff" },
	{ "name": "bone3", "parent": "bone", "length": 152.8, "x": 5.48, "y": -26.16, "color": "ff0000ff" },
	{
		"name": "bone0",
		"parent": "bone00",
		"length": 86.53,
		"rotation": -1.22,
		"x": 195.31,
		"y": 422.33,
		"color": "00fbffff"
	},
	{
		"name": "bone1",
		"parent": "bone0",
		"length": 22.07,
		"rotation": 4.48,
		"x": -64.43,
		"y": -36.62,
		"color": "00fbffff"
	},
	{
		"name": "bone4",
		"parent": "bone0",
		"length": 34.13,
		"rotation": 0.87,
		"x": -124.91,
		"y": -77.33,
		"color": "00fbffff"
	},
	{
		"name": "bone5",
		"parent": "bone0",
		"length": 34.55,
		"rotation": 4.57,
		"x": -209.44,
		"y": -33.02,
		"color": "00fbffff"
	},
	{
		"name": "bone6",
		"parent": "bone0",
		"length": 33.25,
		"rotation": 4.19,
		"x": -94.57,
		"y": 23.23,
		"color": "00fbffff"
	},
	{
		"name": "bone7",
		"parent": "bone0",
		"length": 30.96,
		"rotation": 2.11,
		"x": -181.02,
		"y": 23.36,
		"color": "00fbffff"
	},
	{
		"name": "bone8",
		"parent": "bone0",
		"length": 40.61,
		"rotation": 81.24,
		"x": 18.38,
		"y": 23.29,
		"color": "00fbffff"
	},
	{ "name": "bone9", "parent": "bone00", "length": 33.84, "rotation": 89.11, "x": 30.56, "y": 347.1 },
	{ "name": "bone10", "parent": "bone00", "length": 40.28, "rotation": 89.11, "x": 62, "y": 528.3 },
	{ "name": "bone11", "parent": "root", "length": 49.18, "rotation": 94.29, "x": 352.4, "y": 424.74 },
	{ "name": "bone12", "parent": "bone00", "length": 201.16, "rotation": 91.95, "x": 21.92, "y": 539.4 }
],
"slots": [
	{ "name": "btn022_", "bone": "bone00" },
	{ "name": "021_", "bone": "bone00", "attachment": "021_" },
	{ "name": "019_", "bone": "bone8" },
	{ "name": "018_", "bone": "bone00", "attachment": "018_" },
	{ "name": "020_", "bone": "bone11", "attachment": "020_" },
	{ "name": "017_", "bone": "bone0" },
	{ "name": "016_", "bone": "bone6" },
	{ "name": "015_", "bone": "bone4" },
	{ "name": "014_", "bone": "bone1" },
	{ "name": "013_", "bone": "bone1" },
	{ "name": "012_", "bone": "bone0" },
	{ "name": "011_", "bone": "bone7" },
	{ "name": "010_", "bone": "bone00", "attachment": "010_" },
	{ "name": "009_", "bone": "bone6" },
	{ "name": "008_", "bone": "bone1" },
	{ "name": "007_", "bone": "bone7" },
	{ "name": "006_", "bone": "bone5" },
	{ "name": "002_", "bone": "bone5" },
	{ "name": "005_", "bone": "bone10" },
	{ "name": "manteng_", "bone": "bone8", "attachment": "manteng_" },
	{ "name": "bj02_", "bone": "bone3" },
	{ "name": "jian03_", "bone": "bone2" },
	{ "name": "jian02_", "bone": "bone12" },
	{ "name": "jian01_", "bone": "bone12" },
	{ "name": "02_", "bone": "bone9" },
	{ "name": "bg_01_", "bone": "bone00" }
],
"skins": {
	"default": {
		"002_": {
			"002_": { "x": 5.04, "y": 15.67, "rotation": -4.24, "width": 42, "height": 31 }
		},
		"005_": {
			"005_": { "x": -1.69, "y": 0.33, "rotation": -90, "width": 149, "height": 341 }
		},
		"006_": {
			"006_": { "x": 0.04, "y": 36.1, "rotation": -4.24, "width": 55, "height": 63 }
		},
		"007_": {
			"007_": { "x": -2.31, "y": 34.87, "rotation": -1.77, "width": 55, "height": 63 }
		},
		"008_": {
			"008_": { "x": 25.08, "y": 50.26, "rotation": -4.14, "width": 73, "height": 104 }
		},
		"009_": {
			"009_": { "x": 7.57, "y": 35.49, "rotation": -3.85, "width": 57, "height": 64 }
		},
		"010_": {
			"010_": { "x": 18.2, "y": 466.27, "rotation": -0.89, "width": 36, "height": 33 }
		},
		"011_": {
			"011_": { "x": 4.14, "y": 16.66, "rotation": -1.77, "width": 47, "height": 45 }
		},
		"012_": {
			"012_": { "x": -124.44, "y": -54.53, "rotation": 0.34, "width": 52, "height": 45 }
		},
		"013_": {
			"013_": { "x": 6.27, "y": 19.04, "rotation": -4.14, "width": 54, "height": 51 }
		},
		"014_": {
			"014_": { "x": 2.35, "y": 20.33, "rotation": -4.14, "width": 70, "height": 67 }
		},
		"015_": {
			"015_": { "x": -22.78, "y": 66.02, "rotation": -0.54, "width": 160, "height": 141 }
		},
		"016_": {
			"016_": { "x": 0.21, "y": 15.44, "rotation": -3.85, "width": 51, "height": 39 }
		},
		"017_": {
			"017_": { "x": -139.73, "y": -4.61, "rotation": 0.34, "width": 230, "height": 163 }
		},
		"018_": {
			"018_": { "x": 28.47, "y": 483.12, "rotation": -0.89, "width": 546, "height": 383 }
		},
		"019_": {
			"019_": { "x": 52.17, "y": 139.27, "rotation": -80.91, "width": 356, "height": 464 }
		},
		"020_": {
			"020_": { "x": 158.61, "y": -7.98, "rotation": -94.29, "width": 123, "height": 339 }
		},
		"021_": {
			"021_": { "x": 28.47, "y": 483.12, "rotation": -0.89, "width": 546, "height": 383 }
		},
		"02_": {
			"02_": { "x": -0.53, "y": 2.69, "rotation": -90, "width": 365, "height": 216 }
		},
		"bj02_": {
			"bj02_": { "x": -5.87, "y": -15.12, "width": 550, "height": 395 }
		},
		"jian01_": {
			"jian01_": { "x": 0.23, "y": -6.36, "rotation": -92.84, "width": 123, "height": 329 }
		},
		"jian02_": {
			"jian02_": { "x": -9.14, "y": 6.62, "rotation": -92.84, "width": 158, "height": 383 }
		},
		"jian03_": {
			"jian03_": { "x": 5.48, "y": 3.21, "width": 640, "height": 903 }
		},
		"manteng_": {
			"manteng_": { "x": 52.17, "y": 139.27, "rotation": -80.91, "width": 356, "height": 464 }
		}
	}
},
"animations": {
	"dj01": {
		"slots": {
			"002_": {
				"color": [
					{ "time": 0, "color": "ffffff00" },
					{ "time": 0.5, "color": "ffffffff" },
					{ "time": 1, "color": "ffffff00" }
				],
				"attachment": [
					{ "time": 0, "name": "002_" }
				]
			},
			"005_": {
				"color": [
					{ "time": 0, "color": "ffffff00" }
				],
				"attachment": [
					{ "time": 0, "name": "005_" }
				]
			},
			"006_": {
				"color": [
					{ "time": 0, "color": "ffffff00" },
					{ "time": 0.5, "color": "ffffffff" },
					{ "time": 1, "color": "ffffff00" }
				],
				"attachment": [
					{ "time": 0, "name": "006_" }
				]
			},
			"007_": {
				"color": [
					{ "time": 0, "color": "ffffff00" },
					{ "time": 0.5, "color": "ffffffff" },
					{ "time": 1, "color": "ffffff00" }
				],
				"attachment": [
					{ "time": 0, "name": "007_" }
				]
			},
			"008_": {
				"color": [
					{ "time": 0, "color": "ffffff00" },
					{ "time": 0.5, "color": "ffffffff" },
					{ "time": 1, "color": "ffffff00" }
				],
				"attachment": [
					{ "time": 0, "name": "008_" }
				]
			},
			"009_": {
				"color": [
					{ "time": 0, "color": "ffffff00" },
					{ "time": 0.5, "color": "ffffffff" },
					{ "time": 1, "color": "ffffff00" }
				],
				"attachment": [
					{ "time": 0, "name": "009_" }
				]
			},
			"011_": {
				"color": [
					{ "time": 0, "color": "ffffff00" },
					{ "time": 0.5, "color": "ffffffff" },
					{ "time": 1, "color": "ffffff00" }
				],
				"attachment": [
					{ "time": 0, "name": "011_" }
				]
			},
			"012_": {
				"color": [
					{ "time": 0, "color": "ffffff00" },
					{ "time": 1, "color": "ffffffff" }
				],
				"attachment": [
					{ "time": 0, "name": "012_" },
					{ "time": 1, "name": null }
				]
			},
			"013_": {
				"color": [
					{ "time": 0, "color": "ffffff00" },
					{ "time": 0.5, "color": "ffffffff" },
					{ "time": 1, "color": "ffffff00" }
				],
				"attachment": [
					{ "time": 0, "name": "013_" }
				]
			},
			"014_": {
				"color": [
					{ "time": 0, "color": "ffffff00" },
					{ "time": 0.5, "color": "ffffffff" },
					{ "time": 1, "color": "ffffff00" }
				],
				"attachment": [
					{ "time": 0, "name": "014_" }
				]
			},
			"015_": {
				"color": [
					{ "time": 0, "color": "ffffff00" },
					{ "time": 0.5, "color": "ffffffff" },
					{ "time": 1, "color": "ffffff00" }
				],
				"attachment": [
					{ "time": 0, "name": "015_" }
				]
			},
			"016_": {
				"color": [
					{ "time": 0, "color": "ffffff00" },
					{ "time": 0.5, "color": "ffffffff" },
					{ "time": 1, "color": "ffffff00" }
				],
				"attachment": [
					{ "time": 0, "name": "016_" }
				]
			},
			"017_": {
				"color": [
					{ "time": 0, "color": "ffffff00" },
					{ "time": 0.5, "color": "ffffffff" },
					{ "time": 1, "color": "ffffff00" }
				],
				"attachment": [
					{ "time": 0, "name": "017_" }
				]
			}
		},
		"bones": {
			"bone10": {
				"scale": [
					{ "time": 0, "x": 0.448, "y": 0.448 }
				]
			}
		}
	},
	"dj02": {
		"slots": {
			"002_": {
				"color": [
					{ "time": 0, "color": "ffffff00" }
				],
				"attachment": [
					{ "time": 0, "name": "002_" }
				]
			},
			"02_": {
				"color": [
					{ "time": 0.9333, "color": "ffffff00" },
					{ "time": 1.3333, "color": "ffffffff" }
				],
				"attachment": [
					{ "time": 0.9333, "name": "02_" }
				]
			},
			"005_": {
				"color": [
					{ "time": 0, "color": "ffffff00", "curve": "stepped" },
					{ "time": 1.3333, "color": "ffffff00" },
					{ "time": 2.3333, "color": "ffffffff" },
					{ "time": 3.3, "color": "ffffff00" }
				],
				"attachment": [
					{ "time": 0, "name": "005_" }
				]
			},
			"006_": {
				"color": [
					{ "time": 0, "color": "ffffff00" }
				],
				"attachment": [
					{ "time": 0, "name": "006_" }
				]
			},
			"007_": {
				"color": [
					{ "time": 0, "color": "ffffff00" }
				],
				"attachment": [
					{ "time": 0, "name": "007_" }
				]
			},
			"008_": {
				"color": [
					{ "time": 0, "color": "ffffff00" }
				],
				"attachment": [
					{ "time": 0, "name": "008_" }
				]
			},
			"009_": {
				"color": [
					{ "time": 0, "color": "ffffff00" }
				],
				"attachment": [
					{ "time": 0, "name": "009_" }
				]
			},
			"011_": {
				"color": [
					{ "time": 0, "color": "ffffff00" }
				],
				"attachment": [
					{ "time": 0, "name": "011_" }
				]
			},
			"012_": {
				"color": [
					{ "time": 0, "color": "ffffff00" }
				],
				"attachment": [
					{ "time": 0, "name": "012_" }
				]
			},
			"013_": {
				"color": [
					{ "time": 0, "color": "ffffff00" }
				],
				"attachment": [
					{ "time": 0, "name": "013_" }
				]
			},
			"014_": {
				"color": [
					{ "time": 0, "color": "ffffff00" }
				],
				"attachment": [
					{ "time": 0, "name": "014_" }
				]
			},
			"015_": {
				"color": [
					{ "time": 0, "color": "ffffff00" }
				],
				"attachment": [
					{ "time": 0, "name": "015_" }
				]
			},
			"016_": {
				"color": [
					{ "time": 0, "color": "ffffff00" }
				],
				"attachment": [
					{ "time": 0, "name": "016_" }
				]
			},
			"017_": {
				"color": [
					{ "time": 0, "color": "ffffff00" }
				],
				"attachment": [
					{ "time": 0, "name": "017_" }
				]
			},
			"020_": {
				"color": [
					{ "time": 0.5, "color": "fffffff5" },
					{ "time": 0.6667, "color": "ffffff00" }
				]
			},
			"bj02_": {
				"color": [
					{ "time": 0.5, "color": "ffffff00" },
					{ "time": 0.8333, "color": "ffffffff" }
				],
				"attachment": [
					{ "time": 0.5, "name": "bj02_" }
				]
			},
			"jian01_": {
				"color": [
					{ "time": 0.6667, "color": "ffffff00" },
					{ "time": 0.8333, "color": "ffffffff" }
				],
				"attachment": [
					{ "time": 0.6667, "name": "jian01_" }
				]
			},
			"jian02_": {
				"color": [
					{ "time": 0.6667, "color": "ffffff00" },
					{ "time": 0.8333, "color": "ffffff28" },
					{ "time": 1.3333, "color": "ffffffff" },
					{ "time": 1.8333, "color": "ffffff48" },
					{ "time": 2.3333, "color": "ffffffff" },
					{ "time": 2.8333, "color": "ffffff48" },
					{ "time": 3.3333, "color": "ffffffff" }
				],
				"attachment": [
					{ "time": 0.6667, "name": "jian02_" }
				]
			},
			"jian03_": {
				"color": [
					{ "time": 0.8333, "color": "ffffff00" },
					{ "time": 1, "color": "ffffff49" },
					{ "time": 1.3333, "color": "ffffffff" },
					{ "time": 2.3333, "color": "ffffff3f" },
					{ "time": 3.3333, "color": "ffffffff" }
				],
				"attachment": [
					{ "time": 0.8333, "name": "jian03_" }
				]
			},
			"manteng_": {
				"color": [
					{ "time": 0, "color": "ffffffff" },
					{ "time": 0.1667, "color": "fffffff9" },
					{ "time": 0.3333, "color": "ffffff00" }
				]
			}
		},
		"bones": {
			"bone10": {
				"rotate": [
					{ "time": 1.3333, "angle": 0 },
					{ "time": 2.3333, "angle": -167.72 },
					{ "time": 3.3, "angle": 13.54 },
					{ "time": 3.3333, "angle": 5.36 }
				],
				"translate": [
					{ "time": 0, "x": 0, "y": 0 },
					{ "time": 1.3333, "x": -25.57, "y": -35.16 },
					{ "time": 3.3333, "x": -26.34, "y": -84.87 }
				],
				"scale": [
					{ "time": 0, "x": 0.448, "y": 0.448 }
				]
			},
			"bone11": {
				"rotate": [
					{ "time": 0, "angle": 0 },
					{ "time": 0.0333, "angle": 9.52 },
					{ "time": 0.1, "angle": -10.15 },
					{ "time": 0.2, "angle": 4.32 },
					{ "time": 0.2667, "angle": 3.16 },
					{ "time": 0.4, "angle": 3.16 },
					{ "time": 0.4333, "angle": -7 },
					{ "time": 0.5, "angle": 0.1 },
					{ "time": 1.3333, "angle": 0 }
				],
				"translate": [
					{ "time": 0.2, "x": 0, "y": 0 },
					{ "time": 0.4, "x": 0, "y": -3.81 },
					{ "time": 0.4333, "x": 0, "y": 50.05 },
					{ "time": 0.5, "x": 0, "y": 55.61 },
					{ "time": 0.6667, "x": 0, "y": 108.34 }
				],
				"scale": [
					{ "time": 0.5, "x": 1, "y": 1 },
					{ "time": 0.6667, "x": 0.622, "y": 0.622 }
				]
			},
			"bone12": {
				"translate": [
					{ "time": 0.6667, "x": 35.65, "y": 22.98 },
					{ "time": 0.8333, "x": 0, "y": 0 }
				],
				"scale": [
					{ "time": 0.6667, "x": 0.449, "y": 0.449 },
					{ "time": 0.8333, "x": 1, "y": 1 }
				]
			},
			"bone2": {
				"rotate": [
					{ "time": 0.8333, "angle": 76.56 },
					{ "time": 1.3333, "angle": 0 },
					{ "time": 2.3333, "angle": -180 },
					{ "time": 3.3, "angle": 5 },
					{ "time": 3.3333, "angle": 0 }
				]
			}
		},
		"drawOrder": [
			{
				"time": 1.3333,
				"offsets": [
					{ "slot": "005_", "offset": 6 }
				]
			}
		]
	},
	"dj03": {
		"slots": {
			"002_": {
				"color": [
					{ "time": 0, "color": "ffffff00" }
				],
				"attachment": [
					{ "time": 0, "name": "002_" }
				]
			},
			"005_": {
				"color": [
					{ "time": 0, "color": "ffffff00" }
				],
				"attachment": [
					{ "time": 0, "name": "005_" }
				]
			},
			"006_": {
				"color": [
					{ "time": 0, "color": "ffffff00" }
				],
				"attachment": [
					{ "time": 0, "name": "006_" }
				]
			},
			"007_": {
				"color": [
					{ "time": 0, "color": "ffffff00" }
				],
				"attachment": [
					{ "time": 0, "name": "007_" }
				]
			},
			"008_": {
				"color": [
					{ "time": 0, "color": "ffffff00" }
				],
				"attachment": [
					{ "time": 0, "name": "008_" }
				]
			},
			"009_": {
				"color": [
					{ "time": 0, "color": "ffffff00" }
				],
				"attachment": [
					{ "time": 0, "name": "009_" }
				]
			},
			"011_": {
				"color": [
					{ "time": 0, "color": "ffffff00" }
				],
				"attachment": [
					{ "time": 0, "name": "011_" }
				]
			},
			"012_": {
				"color": [
					{ "time": 0, "color": "ffffff00" }
				],
				"attachment": [
					{ "time": 0, "name": "012_" }
				]
			},
			"013_": {
				"color": [
					{ "time": 0, "color": "ffffff00" }
				],
				"attachment": [
					{ "time": 0, "name": "013_" }
				]
			},
			"014_": {
				"color": [
					{ "time": 0, "color": "ffffff00" }
				],
				"attachment": [
					{ "time": 0, "name": "014_" }
				]
			},
			"015_": {
				"color": [
					{ "time": 0, "color": "ffffff00" }
				],
				"attachment": [
					{ "time": 0, "name": "015_" }
				]
			},
			"016_": {
				"color": [
					{ "time": 0, "color": "ffffff00" }
				],
				"attachment": [
					{ "time": 0, "name": "016_" }
				]
			},
			"017_": {
				"color": [
					{ "time": 0, "color": "ffffff00" }
				],
				"attachment": [
					{ "time": 0, "name": "017_" }
				]
			},
			"bj02_": {
				"color": [
					{ "time": 0.5, "color": "ffffff00" }
				],
				"attachment": [
					{ "time": 0.5, "name": "bj02_" }
				]
			},
			"jian01_": {
				"color": [
					{ "time": 0.6667, "color": "ffffff00" }
				],
				"attachment": [
					{ "time": 0.6667, "name": "jian01_" }
				]
			},
			"jian02_": {
				"color": [
					{ "time": 0.6667, "color": "ffffff00" }
				],
				"attachment": [
					{ "time": 0.6667, "name": "jian02_" }
				]
			},
			"manteng_": {
				"color": [
					{ "time": 0, "color": "ffffffff" },
					{ "time": 0.1667, "color": "fffffff9" }
				]
			}
		},
		"bones": {
			"bone10": {
				"scale": [
					{ "time": 0, "x": 0.448, "y": 0.448 }
				]
			},
			"bone11": {
				"rotate": [
					{ "time": 0, "angle": 0 },
					{ "time": 0.0333, "angle": 9.52 },
					{ "time": 0.1, "angle": -10.15 },
					{ "time": 0.2, "angle": 4.32 },
					{ "time": 0.2667, "angle": 3.16 },
					{ "time": 0.4, "angle": 3.16 },
					{ "time": 0.4333, "angle": 0 }
				]
			},
			"bone12": {
				"translate": [
					{ "time": 0.5, "x": 0, "y": 0 },
					{ "time": 0.6667, "x": 35.65, "y": 22.98 }
				],
				"scale": [
					{ "time": 0.5, "x": 1, "y": 1 },
					{ "time": 0.6667, "x": 0.449, "y": 0.449 }
				]
			}
		}
	}
}
}