{
"skeleton": { "hash": "xMNcsx+slNfLVFJJSrvuaeg88tw", "spine": "2.1.27", "width": 640, "height": 1136 },
"bones": [
	{ "name": "root" },
	{ "name": "bone29", "parent": "root", "x": 612.57, "y": 1118.26 },
	{ "name": "gongzhuhuo02_", "parent": "root", "x": 589.83, "y": 411.09 },
	{ "name": "gongzhuhuo09_", "parent": "root", "x": 338.57, "y": 132.2 },
	{ "name": "bone31", "parent": "bone29", "x": -97.35, "y": -184.1 },
	{ "name": "gongzhuhuo03_", "parent": "bone29", "x": -137.68, "y": -815.58 }
],
"slots": [
	{ "name": "gonzghubeijing01_", "bone": "bone29", "attachment": "gonzghubeijing01_" },
	{ "name": "gongzhuhuo03_", "bone": "gongzhuhuo03_", "attachment": "gongzhuhuo03_" },
	{ "name": "gongzhuhuo02_", "bone": "gongzhuhuo02_", "attachment": "gongzhuhuo02_" },
	{ "name": "gongzhuhuo01_", "bone": "bone31", "attachment": "gongzhuhuo01_" },
	{ "name": "gongzhuhuo09_", "bone": "gongzhuhuo09_", "attachment": "gongzhuhuo09_" }
],
"skins": {
	"default": {
		"gongzhuhuo01_": {
			"gongzhuhuo01_": { "x": -195.21, "y": -672.65, "width": 640, "height": 523 }
		},
		"gongzhuhuo02_": {
			"gongzhuhuo02_": { "x": -269.83, "y": 158.4, "width": 640, "height": 1091 }
		},
		"gongzhuhuo03_": {
			"gongzhuhuo03_": { "x": -154.89, "y": 133.31, "width": 640, "height": 872 }
		},
		"gongzhuhuo09_": {
			"gongzhuhuo09_": { "x": -26.07, "y": 38.29, "width": 625, "height": 325 }
		},
		"gonzghubeijing01_": {
			"gonzghubeijing01_": { "x": -292.57, "y": -550.26, "width": 640, "height": 1136 }
		}
	}
},
"animations": {
	"loading02": {}
}
}