{
"skeleton": { "hash": "lj8BUJPy88vo+pIjOwgd59ejXs4", "spine": "3.7.94", "width": 0, "height": 0, "images": "", "audio": "D:/WORK/COK/UI特效/招财猫" },
"bones": [
	{ "name": "root" },
	{ "name": "MC", "parent": "root" },
	{ "name": "littleqiuMC", "parent": "MC" },
	{ "name": "qiu", "parent": "littleqiuMC", "x": -4.97, "y": -47.54 },
	{ "name": "qiu2", "parent": "littleqiuMC", "x": -4.97, "y": -47.54 },
	{ "name": "qiu3", "parent": "littleqiuMC", "x": -4.97, "y": -47.54 },
	{ "name": "qiu4", "parent": "littleqiuMC", "x": -4.97, "y": -47.54 },
	{ "name": "qiu5", "parent": "littleqiuMC", "x": -4.97, "y": -47.54 },
	{ "name": "qiu6", "parent": "littleqiuMC", "x": -4.97, "y": -47.54 },
	{ "name": "qiu7", "parent": "littleqiuMC", "x": -4.97, "y": -47.54 },
	{ "name": "Xingguang8", "parent": "littleqiuMC", "x": -229.74, "y": -314.76, "scaleX": 2.785, "scaleY": 2.785 },
	{
		"name": "Xingguang9",
		"parent": "littleqiuMC",
		"rotation": -37.64,
		"x": -88.52,
		"y": -329.82,
		"scaleX": 1.713,
		"scaleY": 1.713
	},
	{ "name": "Xingguang10", "parent": "littleqiuMC", "x": 64.93, "y": -303.44, "scaleX": 1.529, "scaleY": 1.529 },
	{ "name": "Xingguang11", "parent": "littleqiuMC", "x": -86.81, "y": -231.87, "scaleX": 1.852, "scaleY": 1.852 },
	{ "name": "Xingguang12", "parent": "littleqiuMC", "x": 202.54, "y": -231.87, "scaleX": 2.268, "scaleY": 2.268 },
	{ "name": "Xingguang13", "parent": "littleqiuMC", "x": 39.17, "y": -179.89, "scaleX": 2.228, "scaleY": 2.228 },
	{ "name": "guangyun6", "parent": "littleqiuMC", "x": 18.12, "y": -306.74, "scaleX": 1.286, "scaleY": 1.938 }
],
"slots": [
	{ "name": "jinqiu_23", "bone": "qiu7" },
	{ "name": "jinqiu_22", "bone": "qiu6" },
	{ "name": "jinqiu_21", "bone": "qiu5" },
	{ "name": "jinqiu_20", "bone": "qiu4" },
	{ "name": "jinqiu_17", "bone": "qiu" },
	{ "name": "jinqiu_18", "bone": "qiu2" },
	{ "name": "jinqiu_19", "bone": "qiu3" },
	{ "name": "shanguang8", "bone": "Xingguang8", "blend": "additive" },
	{ "name": "shanguang9", "bone": "Xingguang9", "blend": "additive" },
	{ "name": "shanguang10", "bone": "Xingguang10", "blend": "additive" },
	{ "name": "shanguang11", "bone": "Xingguang11", "blend": "additive" },
	{ "name": "shanguang12", "bone": "Xingguang12", "blend": "additive" },
	{ "name": "shanguang13", "bone": "Xingguang13", "blend": "additive" },
	{ "name": "guangyun6", "bone": "guangyun6", "color": "fffaf070", "blend": "additive" }
],
"skins": {
	"default": {
		"guangyun6": {
			"guangyun_": { "y": 0.5, "scaleX": 2.325, "scaleY": 1.382, "width": 404, "height": 405 }
		},
		"jinqiu_17": {
			"jinqiu_": { "x": 0.5, "y": 0.5, "width": 147, "height": 147 }
		},
		"jinqiu_18": {
			"jinqiu_": { "x": 0.5, "y": 0.5, "width": 147, "height": 147 }
		},
		"jinqiu_19": {
			"jinqiu_": { "x": 0.5, "y": 0.5, "width": 147, "height": 147 }
		},
		"jinqiu_20": {
			"jinqiu_": { "x": 0.5, "y": 0.5, "width": 147, "height": 147 }
		},
		"jinqiu_21": {
			"jinqiu_": { "x": 0.5, "y": 0.5, "width": 147, "height": 147 }
		},
		"jinqiu_22": {
			"jinqiu_": { "x": 0.5, "y": 0.5, "width": 147, "height": 147 }
		},
		"jinqiu_23": {
			"jinqiu_": { "x": 0.5, "y": 0.5, "width": 147, "height": 147 }
		},
		"shanguang10": {
			"shanguang_": { "width": 128, "height": 128 }
		},
		"shanguang11": {
			"shanguang_": { "width": 128, "height": 128 }
		},
		"shanguang12": {
			"shanguang_": { "width": 128, "height": 128 }
		},
		"shanguang13": {
			"shanguang_": { "width": 128, "height": 128 }
		},
		"shanguang8": {
			"shanguang_": { "width": 128, "height": 128 }
		},
		"shanguang9": {
			"shanguang_": { "width": 128, "height": 128 }
		}
	}
},
"animations": {
	"dan": {
		"slots": {
			"guangyun6": {
				"color": [
					{ "time": 0, "color": "ffb10000", "curve": "stepped" },
					{ "time": 0.5, "color": "ffb10000" },
					{ "time": 0.7, "color": "ffb1005f" },
					{ "time": 1.3333, "color": "ffb1003a" }
				],
				"attachment": [
					{ "time": 0, "name": "guangyun_" }
				]
			},
			"jinqiu_17": {
				"color": [
					{ "time": 0, "color": "ffffff00", "curve": "stepped" },
					{ "time": 0.0333, "color": "ffffff00" },
					{ "time": 0.0667, "color": "ffffffff" }
				],
				"attachment": [
					{ "time": 0, "name": "jinqiu_" }
				]
			},
			"jinqiu_18": {
				"color": [
					{ "time": 0, "color": "ffffff00", "curve": "stepped" },
					{ "time": 0.0667, "color": "ffffff00" },
					{ "time": 0.1, "color": "ffffffff" }
				],
				"attachment": [
					{ "time": 0, "name": "jinqiu_" }
				]
			},
			"jinqiu_19": {
				"color": [
					{ "time": 0, "color": "ffffff00", "curve": "stepped" },
					{ "time": 0.1, "color": "ffffff00" },
					{ "time": 0.1333, "color": "fffffffa" }
				],
				"attachment": [
					{ "time": 0, "name": "jinqiu_" }
				]
			},
			"jinqiu_20": {
				"color": [
					{ "time": 0, "color": "ffffff00", "curve": "stepped" },
					{ "time": 0.1667, "color": "ffffff00" },
					{ "time": 0.2, "color": "ffffffff" }
				],
				"attachment": [
					{ "time": 0, "name": "jinqiu_" }
				]
			},
			"jinqiu_21": {
				"color": [
					{ "time": 0, "color": "ffffff00", "curve": "stepped" },
					{ "time": 0.2333, "color": "ffffff00" },
					{ "time": 0.2667, "color": "ffffffff" }
				],
				"attachment": [
					{ "time": 0, "name": "jinqiu_" }
				]
			},
			"jinqiu_22": {
				"color": [
					{ "time": 0, "color": "ffffff00", "curve": "stepped" },
					{ "time": 0.3, "color": "ffffff00" },
					{ "time": 0.3333, "color": "ffffffff" }
				],
				"attachment": [
					{ "time": 0, "name": "jinqiu_" }
				]
			},
			"jinqiu_23": {
				"color": [
					{ "time": 0, "color": "ffffff00", "curve": "stepped" },
					{ "time": 0.3333, "color": "ffffff00" },
					{ "time": 0.3667, "color": "ffffffff" }
				],
				"attachment": [
					{ "time": 0, "name": "jinqiu_" }
				]
			},
			"shanguang8": {
				"color": [
					{ "time": 0, "color": "ffffff00", "curve": "stepped" },
					{ "time": 0.3, "color": "ffffff00" },
					{ "time": 0.7, "color": "ffffffff" },
					{ "time": 1.0333, "color": "ffffff00" }
				],
				"attachment": [
					{ "time": 0, "name": "shanguang_" }
				]
			},
			"shanguang9": {
				"color": [
					{ "time": 0, "color": "ffffff00", "curve": "stepped" },
					{ "time": 0.4, "color": "ffffff00" },
					{ "time": 0.5333, "color": "ffffffff" },
					{ "time": 0.6333, "color": "ffffff00" },
					{ "time": 0.8, "color": "ffffffff" },
					{ "time": 1, "color": "ffffff00", "curve": "stepped" },
					{ "time": 1.1333, "color": "ffffff00" },
					{ "time": 1.2667, "color": "ffffffff" },
					{ "time": 1.3333, "color": "ffffff3a" },
					{ "time": 1.3667, "color": "ffffff00" }
				],
				"attachment": [
					{ "time": 0, "name": "shanguang_" }
				]
			},
			"shanguang10": {
				"color": [
					{ "time": 0, "color": "ffffff00" },
					{ "time": 0.5333, "color": "ffffff00" },
					{ "time": 0.5667, "color": "ffffffff" },
					{ "time": 0.7667, "color": "ffffff00" },
					{ "time": 1.0333, "color": "ffffffff" },
					{ "time": 1.2667, "color": "ffffff00" },
					{ "time": 1.3, "color": "ffffffff" },
					{ "time": 1.3333, "color": "ffffff3a" }
				],
				"attachment": [
					{ "time": 0, "name": "shanguang_" }
				]
			},
			"shanguang11": {
				"color": [
					{ "time": 0, "color": "ffffff00", "curve": "stepped" },
					{ "time": 0.5333, "color": "ffffff00" },
					{ "time": 0.8333, "color": "ffffffff" },
					{ "time": 1.0333, "color": "ffffff00", "curve": "stepped" },
					{ "time": 1.2667, "color": "ffffff00" },
					{ "time": 1.3333, "color": "ffffff3a" }
				],
				"attachment": [
					{ "time": 0, "name": "shanguang_" }
				]
			},
			"shanguang12": {
				"color": [
					{ "time": 0, "color": "ffffff00", "curve": "stepped" },
					{ "time": 0.7, "color": "ffffff00" },
					{ "time": 0.7333, "color": "ffffffff" },
					{ "time": 0.8667, "color": "ffffff86" },
					{ "time": 1.0333, "color": "ffffffff" },
					{ "time": 1.3333, "color": "ffffff3a" },
					{ "time": 1.4333, "color": "ffffff00" },
					{ "time": 1.4667, "color": "ffffffff" }
				],
				"attachment": [
					{ "time": 0, "name": "shanguang_" }
				]
			},
			"shanguang13": {
				"color": [
					{ "time": 0, "color": "ffffff00", "curve": "stepped" },
					{ "time": 0.7, "color": "ffffff00" },
					{ "time": 0.7667, "color": "ffffffe1" },
					{ "time": 0.9, "color": "ffffff4e" },
					{ "time": 1.0333, "color": "ffffffe1" },
					{ "time": 1.3333, "color": "ffffff3a" },
					{ "time": 1.4333, "color": "ffffff00" }
				],
				"attachment": [
					{ "time": 0, "name": "shanguang_" }
				]
			}
		},
		"bones": {
			"qiu": {
				"translate": [
					{ "time": 0, "x": 0, "y": 0, "curve": "stepped" },
					{
						"time": 0.0333,
						"x": 0,
						"y": 0,
						"curve": [ 0, 0.33, 0.351, 0.66 ]
					},
					{
						"time": 0.0667,
						"x": -59.78,
						"y": -67.42,
						"curve": [ 0.233, 0.33, 0.573, 0.67 ]
					},
					{
						"time": 0.1,
						"x": -86.56,
						"y": -149.33,
						"curve": [ 0.247, 0.34, 0.595, 0.68 ]
					},
					{
						"time": 0.1667,
						"x": -131.03,
						"y": -181.61,
						"curve": [ 0.302, 0.36, 0.646, 0.7 ]
					},
					{
						"time": 0.2333,
						"x": -161.44,
						"y": -250.14,
						"curve": [ 0.334, 0.39, 0.678, 0.73 ]
					},
					{
						"time": 0.3,
						"x": -184.33,
						"y": -252.17,
						"curve": [ 0.348, 0.39, 0.684, 0.72 ]
					},
					{
						"time": 0.3333,
						"x": -193.4,
						"y": -271.81,
						"curve": [ 0.398, 0.64, 0.745, 1 ]
					},
					{ "time": 0.4, "x": -203.6, "y": -281.27 }
				],
				"scale": [
					{ "time": 0, "x": 1, "y": 1, "curve": "stepped" },
					{ "time": 0.0333, "x": 1, "y": 1 },
					{ "time": 0.4, "x": 1.05, "y": 1.05 }
				]
			},
			"qiu2": {
				"translate": [
					{ "time": 0, "x": 0, "y": 0, "curve": "stepped" },
					{ "time": 0.1, "x": 0, "y": 0 },
					{ "time": 0.1333, "x": -8.34, "y": -73.21 },
					{ "time": 0.1667, "x": -16.68, "y": -187.21 },
					{ "time": 0.2, "x": -25.01, "y": -198.08 },
					{ "time": 0.2667, "x": -41.69, "y": -275.29 },
					{ "time": 0.3, "x": -50.03, "y": -284.53 },
					{ "time": 0.3333, "x": -58.37, "y": -306.82 },
					{ "time": 0.4333, "x": -58.37, "y": -332.93 }
				],
				"scale": [
					{ "time": 0.1, "x": 1, "y": 1 },
					{ "time": 0.4333, "x": 1.07, "y": 1.07 }
				]
			},
			"qiu3": {
				"translate": [
					{ "time": 0, "x": 0, "y": 0, "curve": "stepped" },
					{ "time": 0.1333, "x": 0, "y": 0 },
					{ "time": 0.1667, "x": 41.13, "y": -62.02 },
					{ "time": 0.2, "x": 64.95, "y": -86.5 },
					{ "time": 0.2333, "x": 105.15, "y": -169.96 },
					{ "time": 0.3, "x": 138.64, "y": -190.56 },
					{ "time": 0.3667, "x": 172.14, "y": -276.43 },
					{ "time": 0.4333, "x": 194.47, "y": -292.34 },
					{ "time": 0.5333, "x": 227.23, "y": -331.68 },
					{ "time": 0.6667, "x": 256.03, "y": -355.68 }
				],
				"scale": [
					{ "time": 0.1333, "x": 1, "y": 1 },
					{ "time": 0.6667, "x": 1.06, "y": 1.06 }
				]
			},
			"qiu4": {
				"translate": [
					{ "time": 0, "x": 0, "y": 0, "curve": "stepped" },
					{ "time": 0.2, "x": 0, "y": 0 },
					{ "time": 0.2333, "x": 9.28, "y": -63.73 },
					{ "time": 0.2667, "x": 18.55, "y": -90.62 },
					{ "time": 0.3333, "x": 37.11, "y": -195.78 },
					{ "time": 0.4333, "x": 70.91, "y": -257.96 },
					{ "time": 0.5667, "x": 97.31, "y": -289.16 }
				],
				"scale": [
					{ "time": 0.2, "x": 1, "y": 1 },
					{ "time": 0.5667, "x": 1.04, "y": 1.04 }
				]
			},
			"qiu5": {
				"translate": [
					{ "time": 0, "x": 0, "y": 0, "curve": "stepped" },
					{ "time": 0.2667, "x": 0, "y": 0 },
					{ "time": 0.3, "x": -8.46, "y": -63.7 },
					{ "time": 0.3333, "x": -16.92, "y": -68.28 },
					{ "time": 0.4, "x": -33.84, "y": -180.45 },
					{ "time": 0.4333, "x": -42.3, "y": -188.76 },
					{ "time": 0.4667, "x": -50.76, "y": -220.96, "curve": "stepped" },
					{
						"time": 0.6,
						"x": -50.76,
						"y": -220.96,
						"curve": [ 0.25, 0, 0.75, 1 ]
					},
					{ "time": 0.7333, "x": -61.55, "y": -229.05 }
				]
			},
			"qiu6": {
				"translate": [
					{ "time": 0, "x": 0, "y": 0, "curve": "stepped" },
					{ "time": 0.3333, "x": 0, "y": 0 },
					{ "time": 0.3667, "x": 27.6, "y": -69.6 },
					{ "time": 0.4, "x": 55.2, "y": -77.83 },
					{ "time": 0.4667, "x": 110.4, "y": -165.49 },
					{ "time": 0.5333, "x": 165.6, "y": -178.74 },
					{ "time": 0.7, "x": 220.8, "y": -211.2 }
				]
			},
			"qiu7": {
				"translate": [
					{ "time": 0, "x": 0, "y": 0, "curve": "stepped" },
					{ "time": 0.3667, "x": 0, "y": 0 },
					{ "time": 0.4333, "x": 13.03, "y": -61.71 },
					{ "time": 0.5, "x": 19.54, "y": -69.05 },
					{ "time": 0.6, "x": 45.6, "y": -182.4 }
				]
			}
		}
	}
}
}