{
"skeleton": { "hash": "uBoQhutCYo9ZdeNsLHVNdQmZLt0", "spine": "3.7.94", "width": 640.01, "height": 935.19 },
"bones": [
	{ "name": "root" },
	{ "name": "qi", "parent": "root", "x": 4.54, "y": 391.14 },
	{ "name": "qi_1", "parent": "qi", "length": 186.55, "rotation": -89.59, "x": -0.58, "y": -45.63 },
	{ "name": "qi_1a", "parent": "qi_1", "length": 181.64, "rotation": 0.04, "x": 183.83, "y": -1.01 },
	{ "name": "qi_1b", "parent": "qi_1a", "length": 149.25, "rotation": -0.44, "x": 173.17, "y": -2.75 },
	{ "name": "qi_1c", "parent": "qi_1b", "length": 137.99, "rotation": 0.58, "x": 149.25 },
	{ "name": "qi_1d", "parent": "qi_1c", "length": 129.54, "rotation": 0.04, "x": 136.58, "y": 0.01 },
	{ "name": "qi_2", "parent": "qi", "length": 69.38, "rotation": -88.9, "x": -95.53, "y": -9.15 },
	{ "name": "qi_3", "parent": "qi", "length": 69.38, "rotation": -88.9, "x": 124.26, "y": -9.15 },
	{ "name": "qi_4", "parent": "qi_2", "length": 150.3, "rotation": -1.44, "x": 70.75, "y": -0.69 },
	{ "name": "qi_5", "parent": "qi_4", "length": 160.24, "rotation": -0.94, "x": 150.3 },
	{ "name": "qi_6", "parent": "qi_5", "length": 165.6, "rotation": 1.29, "x": 160.24 },
	{ "name": "qi_7", "parent": "qi_6", "length": 157.5, "rotation": -0.33, "x": 165.6 },
	{ "name": "qi_8", "parent": "qi_3", "length": 153.92, "rotation": -2.11, "x": 69.85, "y": -0.87 },
	{ "name": "qi_9", "parent": "qi_8", "length": 148.5, "rotation": 1.35, "x": 153.92 },
	{ "name": "qi_10", "parent": "qi_9", "length": 154.8, "rotation": -0.01, "x": 148.5 },
	{ "name": "qi_11", "parent": "qi_10", "length": 136.85, "rotation": -1.84, "x": 154.8 },
	{ "name": "qitou", "parent": "qi", "x": -4.54, "y": -16.31 },
	{ "name": "qitou_1", "parent": "qitou" },
	{ "name": "qitou_2", "parent": "qitou", "scaleX": -1 },
	{ "name": "huo", "parent": "qitou", "x": 4.05, "y": 82.91 },
	{ "name": "huo1", "parent": "huo", "x": -33.66 },
	{ "name": "huo2", "parent": "huo" },
	{ "name": "huo3", "parent": "huo", "x": 33.5 },
	{ "name": "tx", "parent": "root", "y": 55.66, "scaleX": 2, "scaleY": 2 },
	{ "name": "tw1", "parent": "tx", "x": -0.6, "y": 13.34 },
	{ "name": "tw2", "parent": "tx", "x": 100.49, "y": 13.34 },
	{ "name": "tw3", "parent": "tx", "x": -0.6, "y": -1.34 },
	{ "name": "tw4", "parent": "tx", "x": 100.49, "y": -140.15 },
	{ "name": "mp", "parent": "root", "y": -108.82 }
],
"slots": [
	{ "name": "qi_2_", "bone": "qi_2", "attachment": "qi_2_" },
	{ "name": "qi_2_2", "bone": "qi_3", "attachment": "qi_2_" },
	{ "name": "qi_1_", "bone": "qi_1", "attachment": "qi_1_" },
	{ "name": "ren_", "bone": "qi", "attachment": "ren_" },
	{ "name": "qi_tx_00_", "bone": "qitou_1", "attachment": "qi_tx_00_" },
	{ "name": "qi_tx_00_2", "bone": "qitou_2", "attachment": "qi_tx_00_" },
	{ "name": "baosg", "bone": "qitou", "attachment": "baosg_00_", "blend": "additive" },
	{ "name": "qi_huo1_00_", "bone": "huo1", "attachment": "qi_huo1_00_" },
	{ "name": "qi_huo2_00_", "bone": "huo2", "attachment": "qi_huo2_00_" },
	{ "name": "qi_huo3_00_", "bone": "huo3", "attachment": "qi_huo3_00_" },
	{ "name": "tw_a_00_", "bone": "tw1", "blend": "additive" },
	{ "name": "tw_b_00_", "bone": "tw2", "blend": "additive" },
	{ "name": "tw_c_00_", "bone": "tw3", "blend": "additive" },
	{ "name": "tw_d_00_", "bone": "tw4", "blend": "additive" },
	{ "name": "mptx_00_", "bone": "mp", "attachment": "mptx_00_" }
],
"skins": {
	"default": {
		"baosg": {
			"baosg_00_": { "x": -0.65, "y": -3.5, "scaleX": 1.25, "scaleY": 1.25, "width": 24, "height": 32 },
			"baosg_01_": { "x": -0.65, "y": -3.5, "scaleX": 1.25, "scaleY": 1.25, "width": 24, "height": 32 },
			"baosg_02_": { "x": -0.65, "y": -3.5, "scaleX": 1.25, "scaleY": 1.25, "width": 24, "height": 32 },
			"baosg_03_": { "x": -0.65, "y": -3.5, "scaleX": 1.25, "scaleY": 1.25, "width": 24, "height": 32 },
			"baosg_04_": { "x": -0.65, "y": -3.5, "scaleX": 1.25, "scaleY": 1.25, "width": 24, "height": 32 },
			"baosg_05_": { "x": -0.65, "y": -3.5, "scaleX": 1.25, "scaleY": 1.25, "width": 24, "height": 32 },
			"baosg_06_": { "x": -0.65, "y": -3.5, "scaleX": 1.25, "scaleY": 1.25, "width": 24, "height": 32 },
			"baosg_07_": { "x": -0.65, "y": -3.5, "scaleX": 1.25, "scaleY": 1.25, "width": 24, "height": 32 },
			"baosg_08_": { "x": -0.65, "y": -3.5, "scaleX": 1.25, "scaleY": 1.25, "width": 24, "height": 32 },
			"baosg_09_": { "x": -0.65, "y": -3.5, "scaleX": 1.25, "scaleY": 1.25, "width": 24, "height": 32 },
			"baosg_10_": { "x": -0.65, "y": -3.5, "scaleX": 1.25, "scaleY": 1.25, "width": 24, "height": 32 }
		},
		"mptx_00_": {
			"mptx_00_": { "width": 490, "height": 140 },
			"mptx_01_": { "width": 490, "height": 140 },
			"mptx_02_": { "width": 490, "height": 140 },
			"mptx_03_": { "width": 490, "height": 140 },
			"mptx_04_": { "width": 490, "height": 140 },
			"mptx_05_": { "width": 490, "height": 140 },
			"mptx_06_": { "width": 490, "height": 140 },
			"mptx_07_": { "width": 490, "height": 140 },
			"mptx_08_": { "width": 490, "height": 140 },
			"mptx_09_": { "width": 490, "height": 140 },
			"mptx_10_": { "width": 490, "height": 140 }
		},
		"qi_1_": {
			"qi_1_": {
				"type": "mesh",
				"uvs": [ 1, 1, 0, 1, 0, 0.83333, 0, 0.66667, 0, 0.5, 0, 0.33333, 0, 0.16667, 0, 0, 1, 0, 1, 0.16667, 1, 0.33333, 1, 0.5, 1, 0.66667, 1, 0.83333 ],
				"triangles": [ 1, 13, 2, 0, 13, 1, 12, 11, 3, 2, 12, 3, 13, 12, 2, 3, 11, 4, 10, 9, 5, 4, 10, 5, 11, 10, 4, 6, 8, 7, 9, 8, 6, 5, 9, 6 ],
				"vertices": [ 2, 5, 247.73, 145.64, 6.3E-4, 6, 111.25, 145.56, 0.99937, 3, 4, 395.48, -146.84, 4.8E-4, 5, 244.72, -149.34, 0.21752, 6, 108.04, -149.43, 0.782, 3, 4, 262.15, -146.83, 0.12929, 5, 111.4, -147.98, 0.62855, 6, -25.29, -147.98, 0.24216, 3, 4, 128.82, -146.83, 0.58728, 5, -21.93, -146.62, 0.4124, 6, -158.61, -146.53, 3.2E-4, 3, 3, 167.51, -149.55, 0.12258, 4, -4.52, -146.83, 0.63693, 5, -155.26, -145.26, 0.24049, 4, 2, 218.11, -149.5, 0.01425, 3, 34.18, -148.51, 0.73175, 4, -137.85, -146.83, 0.23092, 5, -288.58, -143.9, 0.02308, 3, 2, 84.78, -148.55, 0.53643, 3, -99.15, -147.48, 0.44096, 4, -271.19, -146.83, 0.02261, 2, 2, -48.55, -147.6, 0.88681, 3, -232.48, -146.44, 0.11319, 1, 2, -46.46, 147.39, 1, 3, 2, 86.87, 146.44, 0.93741, 3, -96.86, 147.51, 0.06117, 5, -418.9, 152.45, 0.00143, 3, 2, 220.2, 145.5, 0.2806, 3, 36.47, 146.48, 0.63836, 5, -285.57, 151.09, 0.08104, 3, 2, 353.53, 144.55, 0.0021, 3, 169.8, 145.45, 0.57846, 5, -152.25, 149.73, 0.41944, 3, 3, 303.13, 144.41, 0.15116, 5, -18.92, 148.37, 0.80598, 6, -155.4, 148.46, 0.04287, 3, 3, 436.46, 143.38, 0.00429, 5, 114.41, 147.01, 0.41685, 6, -22.08, 147.01, 0.57886 ],
				"hull": 14
			}
		},
		"qi_2_": {
			"qi_2_": {
				"type": "mesh",
				"uvs": [ 1, 1, 0, 1, 0, 0.85714, 0, 0.71429, 0, 0.57143, 0, 0.42857, 0, 0.28571, 0, 0.14286, 0, 0, 1, 0, 1, 0.14286, 1, 0.28571, 1, 0.42857, 1, 0.57143, 1, 0.71429, 1, 0.85714 ],
				"triangles": [ 15, 14, 2, 1, 15, 2, 0, 15, 1, 13, 12, 4, 3, 13, 4, 14, 13, 3, 2, 14, 3, 5, 11, 6, 12, 11, 5, 4, 12, 5, 7, 9, 8, 10, 9, 7, 6, 10, 7, 11, 10, 6 ],
				"vertices": [ 1, 12, 175.51, 33.75, 1, 1, 12, 176.35, -113.75, 1, 2, 11, 240.05, -114.75, 0.02308, 12, 75.1, -114.33, 0.97692, 3, 10, 301.58, -111.61, 1.8E-4, 11, 138.8, -114.75, 0.53685, 12, -26.15, -114.9, 0.46297, 3, 10, 200.36, -113.88, 0.20985, 11, 37.55, -114.75, 0.74884, 12, -127.4, -115.48, 0.0413, 3, 9, 247.51, -117.77, 0.00929, 10, 99.13, -116.15, 0.8704, 11, -63.7, -114.75, 0.12031, 2, 9, 146.26, -118.38, 0.39668, 10, -2.09, -118.43, 0.60332, 3, 7, 112.75, -120.77, 0.0022, 9, 45.01, -118.98, 0.91806, 10, -103.32, -120.7, 0.07974, 3, 7, 11.52, -118.83, 0.16117, 9, -56.24, -119.59, 0.83879, 10, -204.54, -122.98, 4.0E-5, 2, 7, 14.36, 28.64, 0.99918, 9, -57.12, 27.91, 8.2E-4, 2, 7, 115.59, 26.7, 0.22651, 9, 44.13, 28.51, 0.77349, 2, 9, 145.38, 29.12, 0.60888, 10, -5.41, 29.03, 0.39112, 1, 10, 95.82, 31.31, 1, 1, 11, 37.55, 32.75, 1, 2, 11, 138.8, 32.75, 0.99082, 12, -26.99, 32.59, 0.00918, 1, 12, 74.26, 33.17, 1 ],
				"hull": 16
			}
		},
		"qi_2_2": {
			"qi_2_": {
				"type": "mesh",
				"uvs": [ 1, 1, 0, 1, 0, 0.85714, 0, 0.71429, 0, 0.57143, 0, 0.42857, 0, 0.28571, 0, 0.14286, 0, 0, 1, 0, 1, 0.14286, 1, 0.28571, 1, 0.42857, 1, 0.57143, 1, 0.71429, 1, 0.85714 ],
				"triangles": [ 2, 14, 3, 15, 14, 2, 1, 15, 2, 0, 15, 1, 13, 12, 4, 3, 13, 4, 14, 13, 3, 5, 11, 6, 12, 11, 5, 4, 12, 5, 10, 9, 7, 6, 10, 7, 11, 10, 6, 7, 9, 8 ],
				"vertices": [ 1, 16, 196.86, -56.26, 1, 1, 16, 192.98, 91.19, 1, 2, 15, 249.37, 85.53, 0.00571, 16, 91.77, 88.53, 0.99429, 2, 15, 148.12, 86.12, 0.50248, 16, -9.45, 85.86, 0.49752, 3, 14, 195.39, 86.7, 0.14514, 15, 46.87, 86.71, 0.8413, 16, -110.66, 83.2, 0.01356, 3, 13, 245.98, 89.51, 0.00589, 14, 94.14, 87.31, 0.92328, 15, -54.38, 87.3, 0.07083, 2, 13, 144.75, 87.74, 0.5383, 14, -7.1, 87.93, 0.4617, 3, 8, 116.49, 83.44, 0.17301, 13, 43.51, 85.96, 0.82404, 14, -108.35, 88.54, 0.00295, 2, 8, 15.26, 85.38, 0.9475, 13, -57.72, 84.19, 0.0525, 2, 8, 12.43, -62.09, 0.86576, 13, -55.14, -63.29, 0.13424, 2, 8, 113.66, -64.04, 0.03804, 13, 46.1, -61.52, 0.96196, 2, 13, 147.33, -59.74, 0.55864, 14, -8, -59.57, 0.44136, 2, 14, 93.25, -60.18, 0.9894, 15, -55.24, -60.2, 0.0106, 2, 14, 194.5, -60.8, 0.1055, 15, 46.01, -60.79, 0.8945, 2, 15, 147.26, -61.38, 0.5052, 16, -5.57, -61.59, 0.4948, 1, 16, 95.65, -58.92, 1 ],
				"hull": 16
			}
		},
		"qi_huo1_00_": {
			"qi_huo1_00_": { "x": -32.34, "width": 66, "height": 90 },
			"qi_huo1_01_": { "x": -32.34, "width": 66, "height": 90 },
			"qi_huo1_02_": { "x": -32.34, "width": 66, "height": 90 },
			"qi_huo1_03_": { "x": -32.34, "width": 66, "height": 90 },
			"qi_huo1_04_": { "x": -32.34, "width": 66, "height": 90 },
			"qi_huo1_05_": { "x": -32.34, "width": 66, "height": 90 },
			"qi_huo1_06_": { "x": -32.34, "width": 66, "height": 90 },
			"qi_huo1_07_": { "x": -32.34, "width": 66, "height": 90 },
			"qi_huo1_08_": { "x": -32.34, "width": 66, "height": 90 },
			"qi_huo1_09_": { "x": -32.34, "width": 66, "height": 90 },
			"qi_huo1_10_": { "x": -32.34, "width": 66, "height": 90 }
		},
		"qi_huo2_00_": {
			"qi_huo2_00_": { "width": 66, "height": 90 },
			"qi_huo2_01_": { "width": 66, "height": 90 },
			"qi_huo2_02_": { "width": 66, "height": 90 },
			"qi_huo2_03_": { "width": 66, "height": 90 },
			"qi_huo2_04_": { "width": 66, "height": 90 },
			"qi_huo2_05_": { "width": 66, "height": 90 },
			"qi_huo2_06_": { "width": 66, "height": 90 },
			"qi_huo2_07_": { "width": 66, "height": 90 },
			"qi_huo2_08_": { "width": 66, "height": 90 },
			"qi_huo2_09_": { "width": 66, "height": 90 },
			"qi_huo2_10_": { "width": 66, "height": 90 }
		},
		"qi_huo3_00_": {
			"qi_huo3_00_": { "x": 32.51, "width": 66, "height": 90 },
			"qi_huo3_01_": { "x": 32.51, "width": 66, "height": 90 },
			"qi_huo3_02_": { "x": 32.51, "width": 66, "height": 90 },
			"qi_huo3_03_": { "x": 32.51, "width": 66, "height": 90 },
			"qi_huo3_04_": { "x": 32.51, "width": 66, "height": 90 },
			"qi_huo3_05_": { "x": 32.51, "width": 66, "height": 90 },
			"qi_huo3_06_": { "x": 32.51, "width": 66, "height": 90 },
			"qi_huo3_07_": { "x": 32.51, "width": 66, "height": 90 },
			"qi_huo3_08_": { "x": 32.51, "width": 66, "height": 90 },
			"qi_huo3_09_": { "x": 32.51, "width": 66, "height": 90 },
			"qi_huo3_10_": { "x": 32.51, "width": 66, "height": 90 }
		},
		"qi_tx_00_": {
			"qi_tx_00_": { "x": -160, "y": 33.37, "width": 320, "height": 240 },
			"qi_tx_01_": { "x": -160, "y": 33.37, "width": 320, "height": 240 },
			"qi_tx_02_": { "x": -160, "y": 33.37, "width": 320, "height": 240 },
			"qi_tx_03_": { "x": -160, "y": 33.37, "width": 320, "height": 240 },
			"qi_tx_04_": { "x": -160, "y": 33.37, "width": 320, "height": 240 },
			"qi_tx_05_": { "x": -160, "y": 33.37, "width": 320, "height": 240 },
			"qi_tx_06_": { "x": -160, "y": 33.37, "width": 320, "height": 240 },
			"qi_tx_07_": { "x": -160, "y": 33.37, "width": 320, "height": 240 },
			"qi_tx_08_": { "x": -160, "y": 33.37, "width": 320, "height": 240 },
			"qi_tx_09_": { "x": -160, "y": 33.37, "width": 320, "height": 240 },
			"qi_tx_10_": { "x": -160, "y": 33.37, "width": 320, "height": 240 }
		},
		"qi_tx_00_2": {
			"qi_tx_00_": { "x": -160, "y": 33.37, "width": 320, "height": 240 },
			"qi_tx_01_": { "x": -160, "y": 33.37, "width": 320, "height": 240 },
			"qi_tx_02_": { "x": -160, "y": 33.37, "width": 320, "height": 240 },
			"qi_tx_03_": { "x": -160, "y": 33.37, "width": 320, "height": 240 },
			"qi_tx_04_": { "x": -160, "y": 33.37, "width": 320, "height": 240 },
			"qi_tx_05_": { "x": -160, "y": 33.37, "width": 320, "height": 240 },
			"qi_tx_06_": { "x": -160, "y": 33.37, "width": 320, "height": 240 },
			"qi_tx_07_": { "x": -160, "y": 33.37, "width": 320, "height": 240 },
			"qi_tx_08_": { "x": -160, "y": 33.37, "width": 320, "height": 240 },
			"qi_tx_09_": { "x": -160, "y": 33.37, "width": 320, "height": 240 },
			"qi_tx_10_": { "x": -160, "y": 33.37, "width": 320, "height": 240 }
		},
		"ren_": {
			"ren_": { "x": -21.93, "y": -284.09, "width": 338, "height": 379 }
		},
		"tw_a_00_": {
			"tw_a_01_": { "x": -98.91, "y": 146.5, "width": 200, "height": 300 },
			"tw_a_02_": { "x": -98.91, "y": 146.5, "width": 200, "height": 300 },
			"tw_a_03_": { "x": -98.91, "y": 146.5, "width": 200, "height": 300 },
			"tw_a_04_": { "x": -98.91, "y": 146.5, "width": 200, "height": 300 },
			"tw_a_05_": { "x": -98.91, "y": 146.5, "width": 200, "height": 300 },
			"tw_a_06_": { "x": -98.91, "y": 146.5, "width": 200, "height": 300 },
			"tw_a_07_": { "x": -98.91, "y": 146.5, "width": 200, "height": 300 },
			"tw_a_08_": { "x": -98.91, "y": 146.5, "width": 200, "height": 300 },
			"tw_a_09_": { "x": -98.91, "y": 146.5, "width": 200, "height": 300 },
			"tw_a_10_": { "x": -98.91, "y": 146.5, "width": 200, "height": 300 },
			"tw_a_11_": { "x": -98.91, "y": 146.5, "width": 200, "height": 300 }
		},
		"tw_b_00_": {
			"tw_b_01_": { "y": 146.5, "width": 200, "height": 300 },
			"tw_b_02_": { "y": 146.5, "width": 200, "height": 300 },
			"tw_b_03_": { "y": 146.5, "width": 200, "height": 300 },
			"tw_b_04_": { "y": 146.5, "width": 200, "height": 300 },
			"tw_b_05_": { "y": 146.5, "width": 200, "height": 300 },
			"tw_b_06_": { "y": 146.5, "width": 200, "height": 300 },
			"tw_b_07_": { "y": 146.5, "width": 200, "height": 300 },
			"tw_b_08_": { "y": 146.5, "width": 200, "height": 300 },
			"tw_b_09_": { "y": 146.5, "width": 200, "height": 300 },
			"tw_b_10_": { "y": 146.5, "width": 200, "height": 300 },
			"tw_b_11_": { "y": 146.5, "width": 200, "height": 300 }
		},
		"tw_c_00_": {
			"tw_c_01_": { "x": -98.91, "y": -138.81, "width": 200, "height": 300 },
			"tw_c_02_": { "x": -98.91, "y": -138.81, "width": 200, "height": 300 },
			"tw_c_03_": { "x": -98.91, "y": -138.81, "width": 200, "height": 300 },
			"tw_c_04_": { "x": -98.91, "y": -138.81, "width": 200, "height": 300 },
			"tw_c_05_": { "x": -98.91, "y": -138.81, "width": 200, "height": 300 },
			"tw_c_06_": { "x": -98.91, "y": -138.81, "width": 200, "height": 300 },
			"tw_c_07_": { "x": -98.91, "y": -138.81, "width": 200, "height": 300 },
			"tw_c_08_": { "x": -98.91, "y": -138.81, "width": 200, "height": 300 },
			"tw_c_09_": { "x": -98.91, "y": -138.81, "width": 200, "height": 300 },
			"tw_c_10_": { "x": -98.91, "y": -138.81, "width": 200, "height": 300 },
			"tw_c_11_": { "x": -98.91, "y": -138.81, "width": 200, "height": 300 }
		},
		"tw_d_00_": {
			"tw_d_01_": { "width": 200, "height": 300 },
			"tw_d_02_": { "width": 200, "height": 300 },
			"tw_d_03_": { "width": 200, "height": 300 },
			"tw_d_04_": { "width": 200, "height": 300 },
			"tw_d_05_": { "width": 200, "height": 300 },
			"tw_d_06_": { "width": 200, "height": 300 },
			"tw_d_07_": { "width": 200, "height": 300 },
			"tw_d_08_": { "width": 200, "height": 300 },
			"tw_d_09_": { "width": 200, "height": 300 },
			"tw_d_10_": { "width": 200, "height": 300 },
			"tw_d_11_": { "width": 200, "height": 300 }
		}
	}
},
"animations": {
	"ani_1": {
		"slots": {
			"baosg": {
				"color": [
					{ "time": 0.3333, "color": "ffffff00" },
					{ "time": 0.5333, "color": "ffffffff" }
				],
				"attachment": [
					{ "time": 0, "name": null },
					{ "time": 0.3333, "name": "baosg_00_" },
					{ "time": 0.4, "name": "baosg_01_" },
					{ "time": 0.4667, "name": "baosg_02_" },
					{ "time": 0.5, "name": "baosg_03_" },
					{ "time": 0.5667, "name": "baosg_04_" },
					{ "time": 0.6333, "name": "baosg_05_" },
					{ "time": 0.7, "name": "baosg_06_" },
					{ "time": 0.7667, "name": "baosg_07_" },
					{ "time": 0.8333, "name": "baosg_08_" },
					{ "time": 0.8667, "name": "baosg_09_" },
					{ "time": 0.9333, "name": "baosg_10_" },
					{ "time": 1, "name": "baosg_00_" },
					{ "time": 1.0667, "name": "baosg_01_" },
					{ "time": 1.1333, "name": "baosg_02_" },
					{ "time": 1.2, "name": "baosg_03_" },
					{ "time": 1.2333, "name": "baosg_04_" },
					{ "time": 1.3, "name": "baosg_05_" },
					{ "time": 1.3667, "name": "baosg_06_" },
					{ "time": 1.4333, "name": "baosg_07_" },
					{ "time": 1.5, "name": "baosg_08_" },
					{ "time": 1.5333, "name": "baosg_09_" },
					{ "time": 1.6, "name": "baosg_10_" },
					{ "time": 1.6667, "name": "baosg_00_" },
					{ "time": 1.7333, "name": "baosg_01_" },
					{ "time": 1.8, "name": "baosg_02_" },
					{ "time": 1.8667, "name": "baosg_03_" },
					{ "time": 1.9, "name": "baosg_04_" },
					{ "time": 1.9667, "name": "baosg_05_" },
					{ "time": 2.0333, "name": "baosg_06_" },
					{ "time": 2.1, "name": "baosg_07_" },
					{ "time": 2.1667, "name": "baosg_08_" },
					{ "time": 2.2333, "name": "baosg_09_" },
					{ "time": 2.2667, "name": "baosg_10_" },
					{ "time": 2.3333, "name": "baosg_00_" },
					{ "time": 2.4, "name": "baosg_01_" },
					{ "time": 2.4667, "name": "baosg_02_" },
					{ "time": 2.5333, "name": "baosg_03_" },
					{ "time": 2.5667, "name": "baosg_04_" },
					{ "time": 2.6333, "name": "baosg_05_" },
					{ "time": 2.7, "name": "baosg_06_" },
					{ "time": 2.7667, "name": "baosg_07_" },
					{ "time": 2.8333, "name": "baosg_08_" },
					{ "time": 2.9, "name": "baosg_09_" },
					{ "time": 2.9333, "name": "baosg_10_" },
					{ "time": 3, "name": "baosg_00_" },
					{ "time": 3.0667, "name": "baosg_01_" },
					{ "time": 3.1333, "name": "baosg_02_" },
					{ "time": 3.2, "name": "baosg_03_" },
					{ "time": 3.2667, "name": "baosg_04_" },
					{ "time": 3.3, "name": "baosg_05_" },
					{ "time": 3.3667, "name": "baosg_06_" },
					{ "time": 3.4333, "name": "baosg_07_" },
					{ "time": 3.5, "name": "baosg_08_" },
					{ "time": 3.5667, "name": "baosg_09_" },
					{ "time": 3.6, "name": "baosg_10_" },
					{ "time": 3.6667, "name": "baosg_00_" }
				]
			},
			"mptx_00_": {
				"color": [
					{ "time": 0.5, "color": "ffffff00" },
					{ "time": 0.6667, "color": "ffffffff" }
				],
				"attachment": [
					{ "time": 0, "name": null },
					{ "time": 0.5, "name": "mptx_00_" },
					{ "time": 0.5667, "name": "mptx_01_" },
					{ "time": 0.6333, "name": "mptx_02_" },
					{ "time": 0.7, "name": "mptx_03_" },
					{ "time": 0.8, "name": "mptx_04_" },
					{ "time": 0.8667, "name": "mptx_05_" },
					{ "time": 0.9333, "name": "mptx_06_" },
					{ "time": 1, "name": "mptx_07_" },
					{ "time": 1.0667, "name": "mptx_08_" },
					{ "time": 1.1333, "name": "mptx_09_" },
					{ "time": 1.2333, "name": "mptx_10_" },
					{ "time": 1.3, "name": "mptx_00_" },
					{ "time": 1.3667, "name": "mptx_01_" },
					{ "time": 1.4333, "name": "mptx_02_" },
					{ "time": 1.5, "name": "mptx_03_" },
					{ "time": 1.5667, "name": "mptx_04_" },
					{ "time": 1.6333, "name": "mptx_05_" },
					{ "time": 1.7333, "name": "mptx_06_" },
					{ "time": 1.8, "name": "mptx_07_" },
					{ "time": 1.8667, "name": "mptx_08_" },
					{ "time": 1.9333, "name": "mptx_09_" },
					{ "time": 2, "name": "mptx_10_" },
					{ "time": 2.0667, "name": "mptx_00_" },
					{ "time": 2.1667, "name": "mptx_01_" },
					{ "time": 2.2333, "name": "mptx_02_" },
					{ "time": 2.3, "name": "mptx_03_" },
					{ "time": 2.3667, "name": "mptx_04_" },
					{ "time": 2.4333, "name": "mptx_05_" },
					{ "time": 2.5, "name": "mptx_06_" },
					{ "time": 2.6, "name": "mptx_07_" },
					{ "time": 2.6667, "name": "mptx_08_" },
					{ "time": 2.7333, "name": "mptx_09_" },
					{ "time": 2.8, "name": "mptx_10_" },
					{ "time": 2.8667, "name": "mptx_00_" },
					{ "time": 2.9333, "name": "mptx_01_" },
					{ "time": 3, "name": "mptx_02_" },
					{ "time": 3.1, "name": "mptx_03_" },
					{ "time": 3.1667, "name": "mptx_04_" },
					{ "time": 3.2333, "name": "mptx_05_" },
					{ "time": 3.3, "name": "mptx_06_" },
					{ "time": 3.3667, "name": "mptx_07_" },
					{ "time": 3.4333, "name": "mptx_08_" },
					{ "time": 3.5333, "name": "mptx_09_" },
					{ "time": 3.6, "name": "mptx_10_" }
				]
			},
			"qi_1_": {
				"color": [
					{ "time": 0.3333, "color": "ffffff00" },
					{ "time": 0.5, "color": "ffffffff" }
				],
				"attachment": [
					{ "time": 0, "name": null },
					{ "time": 0.3333, "name": "qi_1_" }
				]
			},
			"qi_2_": {
				"color": [
					{ "time": 0.5, "color": "ffffff00" },
					{ "time": 0.8333, "color": "ffffffff" }
				],
				"attachment": [
					{ "time": 0, "name": null },
					{ "time": 0.3333, "name": null },
					{ "time": 0.5, "name": "qi_2_" }
				]
			},
			"qi_2_2": {
				"color": [
					{ "time": 0.5, "color": "ffffff00" },
					{ "time": 0.8333, "color": "ffffffff" }
				],
				"attachment": [
					{ "time": 0, "name": null },
					{ "time": 0.3333, "name": null },
					{ "time": 0.5, "name": "qi_2_" }
				]
			},
			"qi_huo1_00_": {
				"color": [
					{ "time": 0.3333, "color": "ffffff00", "curve": "stepped" },
					{ "time": 0.6667, "color": "ffffff00" },
					{ "time": 1, "color": "ffffffff" }
				],
				"attachment": [
					{ "time": 0, "name": null },
					{ "time": 0.3333, "name": "qi_huo1_00_" },
					{ "time": 0.4, "name": "qi_huo1_01_" },
					{ "time": 0.5, "name": "qi_huo1_02_" },
					{ "time": 0.5667, "name": "qi_huo1_03_" },
					{ "time": 0.6333, "name": "qi_huo1_04_" },
					{ "time": 0.7, "name": "qi_huo1_05_" },
					{ "time": 0.8, "name": "qi_huo1_06_" },
					{ "time": 0.8667, "name": "qi_huo1_07_" },
					{ "time": 0.9333, "name": "qi_huo1_08_" },
					{ "time": 1, "name": "qi_huo1_09_" },
					{ "time": 1.1, "name": "qi_huo1_10_" },
					{ "time": 1.1667, "name": "qi_huo1_00_" },
					{ "time": 1.2333, "name": "qi_huo1_01_" },
					{ "time": 1.3, "name": "qi_huo1_02_" },
					{ "time": 1.4, "name": "qi_huo1_03_" },
					{ "time": 1.4667, "name": "qi_huo1_04_" },
					{ "time": 1.5333, "name": "qi_huo1_05_" },
					{ "time": 1.6, "name": "qi_huo1_06_" },
					{ "time": 1.7, "name": "qi_huo1_07_" },
					{ "time": 1.7667, "name": "qi_huo1_08_" },
					{ "time": 1.8333, "name": "qi_huo1_09_" },
					{ "time": 1.9333, "name": "qi_huo1_10_" },
					{ "time": 2, "name": "qi_huo1_00_" },
					{ "time": 2.0667, "name": "qi_huo1_01_" },
					{ "time": 2.1333, "name": "qi_huo1_02_" },
					{ "time": 2.2333, "name": "qi_huo1_03_" },
					{ "time": 2.3, "name": "qi_huo1_04_" },
					{ "time": 2.3667, "name": "qi_huo1_05_" },
					{ "time": 2.4333, "name": "qi_huo1_06_" },
					{ "time": 2.5333, "name": "qi_huo1_07_" },
					{ "time": 2.6, "name": "qi_huo1_08_" },
					{ "time": 2.6667, "name": "qi_huo1_09_" },
					{ "time": 2.7333, "name": "qi_huo1_10_" },
					{ "time": 2.8333, "name": "qi_huo1_00_" },
					{ "time": 2.9, "name": "qi_huo1_01_" },
					{ "time": 2.9667, "name": "qi_huo1_02_" },
					{ "time": 3.0333, "name": "qi_huo1_03_" },
					{ "time": 3.1333, "name": "qi_huo1_04_" },
					{ "time": 3.2, "name": "qi_huo1_05_" },
					{ "time": 3.2667, "name": "qi_huo1_06_" },
					{ "time": 3.3667, "name": "qi_huo1_07_" },
					{ "time": 3.4333, "name": "qi_huo1_08_" },
					{ "time": 3.5, "name": "qi_huo1_09_" },
					{ "time": 3.5667, "name": "qi_huo1_10_" },
					{ "time": 3.6667, "name": "qi_huo1_00_" }
				]
			},
			"qi_huo2_00_": {
				"color": [
					{ "time": 0.3333, "color": "ffffff00", "curve": "stepped" },
					{ "time": 0.6667, "color": "ffffff00" },
					{ "time": 1, "color": "ffffffff" }
				],
				"attachment": [
					{ "time": 0, "name": null },
					{ "time": 0.3333, "name": "qi_huo2_00_" },
					{ "time": 0.4, "name": "qi_huo2_01_" },
					{ "time": 0.5, "name": "qi_huo2_02_" },
					{ "time": 0.5667, "name": "qi_huo2_03_" },
					{ "time": 0.6333, "name": "qi_huo2_04_" },
					{ "time": 0.7, "name": "qi_huo2_05_" },
					{ "time": 0.8, "name": "qi_huo2_06_" },
					{ "time": 0.8667, "name": "qi_huo2_07_" },
					{ "time": 0.9333, "name": "qi_huo2_08_" },
					{ "time": 1, "name": "qi_huo2_09_" },
					{ "time": 1.1, "name": "qi_huo2_10_" },
					{ "time": 1.1667, "name": "qi_huo2_00_" },
					{ "time": 1.2333, "name": "qi_huo2_01_" },
					{ "time": 1.3, "name": "qi_huo2_02_" },
					{ "time": 1.4, "name": "qi_huo2_03_" },
					{ "time": 1.4667, "name": "qi_huo2_04_" },
					{ "time": 1.5333, "name": "qi_huo2_05_" },
					{ "time": 1.6, "name": "qi_huo2_06_" },
					{ "time": 1.7, "name": "qi_huo2_07_" },
					{ "time": 1.7667, "name": "qi_huo2_08_" },
					{ "time": 1.8333, "name": "qi_huo2_09_" },
					{ "time": 1.9333, "name": "qi_huo2_10_" },
					{ "time": 2, "name": "qi_huo2_00_" },
					{ "time": 2.0667, "name": "qi_huo2_01_" },
					{ "time": 2.1333, "name": "qi_huo2_02_" },
					{ "time": 2.2333, "name": "qi_huo2_03_" },
					{ "time": 2.3, "name": "qi_huo2_04_" },
					{ "time": 2.3667, "name": "qi_huo2_05_" },
					{ "time": 2.4333, "name": "qi_huo2_06_" },
					{ "time": 2.5333, "name": "qi_huo2_07_" },
					{ "time": 2.6, "name": "qi_huo2_08_" },
					{ "time": 2.6667, "name": "qi_huo2_09_" },
					{ "time": 2.7333, "name": "qi_huo2_10_" },
					{ "time": 2.8333, "name": "qi_huo2_00_" },
					{ "time": 2.9, "name": "qi_huo2_01_" },
					{ "time": 2.9667, "name": "qi_huo2_02_" },
					{ "time": 3.0333, "name": "qi_huo2_03_" },
					{ "time": 3.1333, "name": "qi_huo2_04_" },
					{ "time": 3.2, "name": "qi_huo2_05_" },
					{ "time": 3.2667, "name": "qi_huo2_06_" },
					{ "time": 3.3667, "name": "qi_huo2_07_" },
					{ "time": 3.4333, "name": "qi_huo2_08_" },
					{ "time": 3.5, "name": "qi_huo2_09_" },
					{ "time": 3.5667, "name": "qi_huo2_10_" },
					{ "time": 3.6667, "name": "qi_huo2_00_" }
				]
			},
			"qi_huo3_00_": {
				"color": [
					{ "time": 0.3333, "color": "ffffff00", "curve": "stepped" },
					{ "time": 0.6667, "color": "ffffff00" },
					{ "time": 1, "color": "ffffffff" }
				],
				"attachment": [
					{ "time": 0, "name": null },
					{ "time": 0.3333, "name": "qi_huo3_00_" },
					{ "time": 0.4, "name": "qi_huo3_01_" },
					{ "time": 0.5, "name": "qi_huo3_02_" },
					{ "time": 0.5667, "name": "qi_huo3_03_" },
					{ "time": 0.6333, "name": "qi_huo3_04_" },
					{ "time": 0.7, "name": "qi_huo3_05_" },
					{ "time": 0.8, "name": "qi_huo3_06_" },
					{ "time": 0.8667, "name": "qi_huo3_07_" },
					{ "time": 0.9333, "name": "qi_huo3_08_" },
					{ "time": 1, "name": "qi_huo3_09_" },
					{ "time": 1.1, "name": "qi_huo3_10_" },
					{ "time": 1.1667, "name": "qi_huo3_00_" },
					{ "time": 1.2333, "name": "qi_huo3_01_" },
					{ "time": 1.3, "name": "qi_huo3_02_" },
					{ "time": 1.4, "name": "qi_huo3_03_" },
					{ "time": 1.4667, "name": "qi_huo3_04_" },
					{ "time": 1.5333, "name": "qi_huo3_05_" },
					{ "time": 1.6, "name": "qi_huo3_06_" },
					{ "time": 1.7, "name": "qi_huo3_07_" },
					{ "time": 1.7667, "name": "qi_huo3_08_" },
					{ "time": 1.8333, "name": "qi_huo3_09_" },
					{ "time": 1.9333, "name": "qi_huo3_10_" },
					{ "time": 2, "name": "qi_huo3_00_" },
					{ "time": 2.0667, "name": "qi_huo3_01_" },
					{ "time": 2.1333, "name": "qi_huo3_02_" },
					{ "time": 2.2333, "name": "qi_huo3_03_" },
					{ "time": 2.3, "name": "qi_huo3_04_" },
					{ "time": 2.3667, "name": "qi_huo3_05_" },
					{ "time": 2.4333, "name": "qi_huo3_06_" },
					{ "time": 2.5333, "name": "qi_huo3_07_" },
					{ "time": 2.6, "name": "qi_huo3_08_" },
					{ "time": 2.6667, "name": "qi_huo3_09_" },
					{ "time": 2.7333, "name": "qi_huo3_10_" },
					{ "time": 2.8333, "name": "qi_huo3_00_" },
					{ "time": 2.9, "name": "qi_huo3_01_" },
					{ "time": 2.9667, "name": "qi_huo3_02_" },
					{ "time": 3.0333, "name": "qi_huo3_03_" },
					{ "time": 3.1333, "name": "qi_huo3_04_" },
					{ "time": 3.2, "name": "qi_huo3_05_" },
					{ "time": 3.2667, "name": "qi_huo3_06_" },
					{ "time": 3.3667, "name": "qi_huo3_07_" },
					{ "time": 3.4333, "name": "qi_huo3_08_" },
					{ "time": 3.5, "name": "qi_huo3_09_" },
					{ "time": 3.5667, "name": "qi_huo3_10_" },
					{ "time": 3.6667, "name": "qi_huo3_00_" }
				]
			},
			"qi_tx_00_": {
				"color": [
					{ "time": 0.3333, "color": "ffffff00" },
					{ "time": 0.5333, "color": "ffffffff" }
				],
				"attachment": [
					{ "time": 0, "name": null },
					{ "time": 0.3333, "name": "qi_tx_00_" },
					{ "time": 0.5333, "name": "qi_tx_01_" },
					{ "time": 0.6333, "name": "qi_tx_02_" },
					{ "time": 0.7333, "name": "qi_tx_03_" },
					{ "time": 0.8, "name": "qi_tx_04_" },
					{ "time": 0.8667, "name": "qi_tx_05_" },
					{ "time": 0.9667, "name": "qi_tx_06_" },
					{ "time": 1.0333, "name": "qi_tx_07_" },
					{ "time": 1.1, "name": "qi_tx_08_" },
					{ "time": 1.1667, "name": "qi_tx_09_" },
					{ "time": 1.2667, "name": "qi_tx_10_" },
					{ "time": 1.3333, "name": "qi_tx_00_" },
					{ "time": 1.4, "name": "qi_tx_01_" },
					{ "time": 1.4667, "name": "qi_tx_02_" },
					{ "time": 1.5667, "name": "qi_tx_03_" },
					{ "time": 1.6333, "name": "qi_tx_04_" },
					{ "time": 1.7, "name": "qi_tx_05_" },
					{ "time": 1.7667, "name": "qi_tx_06_" },
					{ "time": 1.8667, "name": "qi_tx_07_" },
					{ "time": 1.9333, "name": "qi_tx_08_" },
					{ "time": 2, "name": "qi_tx_09_" },
					{ "time": 2.1, "name": "qi_tx_10_" },
					{ "time": 2.1667, "name": "qi_tx_00_" },
					{ "time": 2.2333, "name": "qi_tx_01_" },
					{ "time": 2.3, "name": "qi_tx_02_" },
					{ "time": 2.4, "name": "qi_tx_03_" },
					{ "time": 2.4667, "name": "qi_tx_04_" },
					{ "time": 2.5333, "name": "qi_tx_05_" },
					{ "time": 2.6, "name": "qi_tx_06_" },
					{ "time": 2.6667, "name": "qi_tx_07_" },
					{ "time": 2.7333, "name": "qi_tx_08_" },
					{ "time": 2.8, "name": "qi_tx_09_" },
					{ "time": 2.8667, "name": "qi_tx_10_" },
					{ "time": 2.9333, "name": "qi_tx_00_" },
					{ "time": 3, "name": "qi_tx_01_" },
					{ "time": 3.0667, "name": "qi_tx_02_" },
					{ "time": 3.1333, "name": "qi_tx_03_" },
					{ "time": 3.2, "name": "qi_tx_04_" },
					{ "time": 3.2667, "name": "qi_tx_05_" },
					{ "time": 3.3333, "name": "qi_tx_06_" },
					{ "time": 3.4, "name": "qi_tx_07_" },
					{ "time": 3.4667, "name": "qi_tx_08_" },
					{ "time": 3.5333, "name": "qi_tx_09_" },
					{ "time": 3.6, "name": "qi_tx_10_" },
					{ "time": 3.6667, "name": "qi_tx_00_" }
				]
			},
			"qi_tx_00_2": {
				"color": [
					{ "time": 0.3333, "color": "ffffff00" },
					{ "time": 0.5333, "color": "ffffffff" }
				],
				"attachment": [
					{ "time": 0, "name": null },
					{ "time": 0.3333, "name": "qi_tx_00_" },
					{ "time": 0.5333, "name": "qi_tx_01_" },
					{ "time": 0.6333, "name": "qi_tx_02_" },
					{ "time": 0.7333, "name": "qi_tx_03_" },
					{ "time": 0.8, "name": "qi_tx_04_" },
					{ "time": 0.8667, "name": "qi_tx_05_" },
					{ "time": 0.9667, "name": "qi_tx_06_" },
					{ "time": 1.0333, "name": "qi_tx_07_" },
					{ "time": 1.1, "name": "qi_tx_08_" },
					{ "time": 1.1667, "name": "qi_tx_09_" },
					{ "time": 1.2667, "name": "qi_tx_10_" },
					{ "time": 1.3333, "name": "qi_tx_00_" },
					{ "time": 1.4, "name": "qi_tx_01_" },
					{ "time": 1.4667, "name": "qi_tx_02_" },
					{ "time": 1.5667, "name": "qi_tx_03_" },
					{ "time": 1.6333, "name": "qi_tx_04_" },
					{ "time": 1.7, "name": "qi_tx_05_" },
					{ "time": 1.7667, "name": "qi_tx_06_" },
					{ "time": 1.8667, "name": "qi_tx_07_" },
					{ "time": 1.9333, "name": "qi_tx_08_" },
					{ "time": 2, "name": "qi_tx_09_" },
					{ "time": 2.1, "name": "qi_tx_10_" },
					{ "time": 2.1667, "name": "qi_tx_00_" },
					{ "time": 2.2333, "name": "qi_tx_01_" },
					{ "time": 2.3, "name": "qi_tx_02_" },
					{ "time": 2.4, "name": "qi_tx_03_" },
					{ "time": 2.4667, "name": "qi_tx_04_" },
					{ "time": 2.5333, "name": "qi_tx_05_" },
					{ "time": 2.6, "name": "qi_tx_06_" },
					{ "time": 2.6667, "name": "qi_tx_07_" },
					{ "time": 2.7333, "name": "qi_tx_08_" },
					{ "time": 2.8, "name": "qi_tx_09_" },
					{ "time": 2.8667, "name": "qi_tx_10_" },
					{ "time": 2.9333, "name": "qi_tx_00_" },
					{ "time": 3, "name": "qi_tx_01_" },
					{ "time": 3.0667, "name": "qi_tx_02_" },
					{ "time": 3.1333, "name": "qi_tx_03_" },
					{ "time": 3.2, "name": "qi_tx_04_" },
					{ "time": 3.2667, "name": "qi_tx_05_" },
					{ "time": 3.3333, "name": "qi_tx_06_" },
					{ "time": 3.4, "name": "qi_tx_07_" },
					{ "time": 3.4667, "name": "qi_tx_08_" },
					{ "time": 3.5333, "name": "qi_tx_09_" },
					{ "time": 3.6, "name": "qi_tx_10_" },
					{ "time": 3.6667, "name": "qi_tx_00_" }
				]
			},
			"ren_": {
				"color": [
					{ "time": 0, "color": "ff7f7f00", "curve": "stepped" },
					{ "time": 0.4667, "color": "ff7f7f00" },
					{ "time": 0.9, "color": "ffffffff" }
				],
				"attachment": [
					{ "time": 0, "name": "ren_" }
				]
			},
			"tw_a_00_": {
				"attachment": [
					{ "time": 0, "name": null },
					{ "time": 0.0333, "name": "tw_a_01_" },
					{ "time": 0.1, "name": "tw_a_02_" },
					{ "time": 0.1667, "name": "tw_a_03_" },
					{ "time": 0.2333, "name": "tw_a_04_" },
					{ "time": 0.3, "name": "tw_a_05_" },
					{ "time": 0.4, "name": "tw_a_06_" },
					{ "time": 0.5, "name": "tw_a_07_" },
					{ "time": 0.6, "name": "tw_a_08_" },
					{ "time": 0.7, "name": "tw_a_09_" },
					{ "time": 0.8, "name": "tw_a_10_" },
					{ "time": 0.9, "name": "tw_a_11_" },
					{ "time": 1, "name": null }
				]
			},
			"tw_b_00_": {
				"attachment": [
					{ "time": 0, "name": null },
					{ "time": 0.0333, "name": "tw_b_01_" },
					{ "time": 0.1, "name": "tw_b_02_" },
					{ "time": 0.1667, "name": "tw_b_03_" },
					{ "time": 0.2333, "name": "tw_b_04_" },
					{ "time": 0.3, "name": "tw_b_05_" },
					{ "time": 0.4, "name": "tw_b_06_" },
					{ "time": 0.5, "name": "tw_b_07_" },
					{ "time": 0.6, "name": "tw_b_08_" },
					{ "time": 0.7, "name": "tw_b_09_" },
					{ "time": 0.8, "name": "tw_b_10_" },
					{ "time": 0.9, "name": "tw_b_11_" },
					{ "time": 1, "name": null }
				]
			},
			"tw_c_00_": {
				"attachment": [
					{ "time": 0, "name": null },
					{ "time": 0.0333, "name": "tw_c_01_" },
					{ "time": 0.1, "name": "tw_c_02_" },
					{ "time": 0.1667, "name": "tw_c_03_" },
					{ "time": 0.2333, "name": "tw_c_04_" },
					{ "time": 0.3, "name": "tw_c_05_" },
					{ "time": 0.4, "name": "tw_c_06_" },
					{ "time": 0.5, "name": "tw_c_07_" },
					{ "time": 0.6, "name": "tw_c_08_" },
					{ "time": 0.7, "name": "tw_c_09_" },
					{ "time": 0.8, "name": "tw_c_10_" },
					{ "time": 0.9, "name": "tw_c_11_" },
					{ "time": 1, "name": null }
				]
			},
			"tw_d_00_": {
				"attachment": [
					{ "time": 0, "name": null },
					{ "time": 0.0333, "name": "tw_d_01_" },
					{ "time": 0.1, "name": "tw_d_02_" },
					{ "time": 0.1667, "name": "tw_d_03_" },
					{ "time": 0.2333, "name": "tw_d_04_" },
					{ "time": 0.3, "name": "tw_d_05_" },
					{ "time": 0.4, "name": "tw_d_06_" },
					{ "time": 0.5, "name": "tw_d_07_" },
					{ "time": 0.6, "name": "tw_d_08_" },
					{ "time": 0.7, "name": "tw_d_09_" },
					{ "time": 0.8, "name": "tw_d_10_" },
					{ "time": 0.9, "name": "tw_d_11_" },
					{ "time": 1, "name": null }
				]
			}
		},
		"bones": {
			"qi": {
				"translate": [
					{
						"time": 0.3333,
						"x": 0,
						"y": -155.59,
						"curve": [ 0.25, 0, 0.75, 1 ]
					},
					{ "time": 0.6667, "x": -2.35, "y": 2.35 }
				],
				"scale": [
					{
						"time": 0.3333,
						"x": 0.8,
						"y": 0.8,
						"curve": [ 0.25, 0, 0.75, 1 ]
					},
					{ "time": 0.6667, "x": 1, "y": 1 }
				]
			},
			"qi_1": {
				"translate": [
					{ "time": 0.3333, "x": 0, "y": 39.42, "curve": "stepped" },
					{ "time": 0.4, "x": 0, "y": 39.42 },
					{ "time": 0.5333, "x": 0, "y": 0 }
				],
				"scale": [
					{ "time": 0.3333, "x": 0.926, "y": 1, "curve": "stepped" },
					{ "time": 0.4, "x": 0.926, "y": 1 },
					{ "time": 0.7333, "x": 1, "y": 1 }
				]
			},
			"qi_1a": {
				"rotate": [
					{
						"time": 0.3333,
						"angle": 0,
						"curve": [ 0.25, 0, 0.75, 1 ]
					},
					{
						"time": 1,
						"angle": -0.76,
						"curve": [ 0.25, 0, 0.75, 1 ]
					},
					{
						"time": 2,
						"angle": 0.52,
						"curve": [ 0.25, 0, 0.75, 1 ]
					},
					{
						"time": 3,
						"angle": -0.47,
						"curve": [ 0.25, 0, 0.75, 1 ]
					},
					{ "time": 3.6667, "angle": 0 }
				]
			},
			"qi_1b": {
				"rotate": [
					{
						"time": 0.3333,
						"angle": -0.23,
						"curve": [ 0.375, 0.5, 0.75, 1 ]
					},
					{
						"time": 0.6667,
						"angle": 0,
						"curve": [ 0.25, 0, 0.75, 1 ]
					},
					{
						"time": 1.3333,
						"angle": -0.76,
						"curve": [ 0.25, 0, 0.75, 1 ]
					},
					{
						"time": 2.3333,
						"angle": 0.52,
						"curve": [ 0.25, 0, 0.75, 1 ]
					},
					{ "time": 3.6667, "angle": -0.23 }
				]
			},
			"qi_1c": {
				"rotate": [
					{
						"time": 0.3333,
						"angle": -0.47,
						"curve": [ 0.25, 0, 0.75, 1 ]
					},
					{
						"time": 1,
						"angle": 0,
						"curve": [ 0.25, 0, 0.75, 1 ]
					},
					{
						"time": 1.6667,
						"angle": -0.76,
						"curve": [ 0.25, 0, 0.75, 1 ]
					},
					{
						"time": 2.6667,
						"angle": 0.52,
						"curve": [ 0.25, 0, 0.75, 1 ]
					},
					{ "time": 3.6667, "angle": -0.47 }
				]
			},
			"qi_1d": {
				"rotate": [
					{
						"time": 0.3333,
						"angle": -0.19,
						"curve": [ 0.382, 0.57, 0.735, 1 ]
					},
					{
						"time": 0.6667,
						"angle": -0.47,
						"curve": [ 0.25, 0, 0.75, 1 ]
					},
					{
						"time": 1.3333,
						"angle": 0,
						"curve": [ 0.25, 0, 0.75, 1 ]
					},
					{
						"time": 2,
						"angle": -0.76,
						"curve": [ 0.25, 0, 0.75, 1 ]
					},
					{
						"time": 3,
						"angle": 0.52,
						"curve": [ 0.243, 0, 0.649, 0.6 ]
					},
					{ "time": 3.6667, "angle": -0.19 }
				]
			},
			"qi_4": {
				"rotate": [
					{
						"time": 0.3333,
						"angle": 0,
						"curve": [ 0.25, 0, 0.75, 1 ]
					},
					{
						"time": 1.1667,
						"angle": -0.52,
						"curve": [ 0.25, 0, 0.75, 1 ]
					},
					{
						"time": 2.8333,
						"angle": 0.6,
						"curve": [ 0.25, 0, 0.75, 1 ]
					},
					{ "time": 3.6667, "angle": 0 }
				]
			},
			"qi_7": {
				"rotate": [
					{
						"time": 0.3333,
						"angle": 0.55,
						"curve": [ 0.36, 0.64, 0.695, 1 ]
					},
					{
						"time": 0.5,
						"angle": 0.6,
						"curve": [ 0.25, 0, 0.75, 1 ]
					},
					{
						"time": 1.3333,
						"angle": 0,
						"curve": [ 0.25, 0, 0.75, 1 ]
					},
					{
						"time": 2.1667,
						"angle": -0.52,
						"curve": [ 0.245, 0, 0.711, 0.83 ]
					},
					{ "time": 3.6667, "angle": 0.55 }
				]
			},
			"qi_6": {
				"rotate": [
					{
						"time": 0.3333,
						"angle": 0.52,
						"curve": [ 0.32, 0.29, 0.757, 1 ]
					},
					{
						"time": 1,
						"angle": 0,
						"curve": [ 0.25, 0, 0.75, 1 ]
					},
					{
						"time": 1.8333,
						"angle": -0.52,
						"curve": [ 0.25, 0, 0.75, 1 ]
					},
					{ "time": 3.6667, "angle": 0.52 }
				]
			},
			"qi_5": {
				"rotate": [
					{
						"time": 0.3333,
						"angle": 0.22,
						"curve": [ 0.381, 0.55, 0.742, 1 ]
					},
					{
						"time": 0.6667,
						"angle": 0,
						"curve": [ 0.25, 0, 0.75, 1 ]
					},
					{
						"time": 1.5,
						"angle": -0.52,
						"curve": [ 0.25, 0, 0.75, 1 ]
					},
					{
						"time": 3.1667,
						"angle": 0.6,
						"curve": [ 0.245, 0, 0.637, 0.56 ]
					},
					{ "time": 3.6667, "angle": 0.22 }
				]
			},
			"qi_8": {
				"rotate": [
					{
						"time": 0.3333,
						"angle": 0,
						"curve": [ 0.25, 0, 0.75, 1 ]
					},
					{
						"time": 1.1667,
						"angle": 0.34,
						"curve": [ 0.25, 0, 0.75, 1 ]
					},
					{
						"time": 2.8333,
						"angle": -0.64,
						"curve": [ 0.25, 0, 0.75, 1 ]
					},
					{ "time": 3.6667, "angle": 0 }
				]
			},
			"qi_11": {
				"rotate": [
					{
						"time": 0.3333,
						"angle": -0.6,
						"curve": [ 0.36, 0.64, 0.695, 1 ]
					},
					{
						"time": 0.5,
						"angle": -0.64,
						"curve": [ 0.25, 0, 0.75, 1 ]
					},
					{
						"time": 1.3333,
						"angle": 0,
						"curve": [ 0.25, 0, 0.75, 1 ]
					},
					{
						"time": 2.1667,
						"angle": 0.34,
						"curve": [ 0.245, 0, 0.711, 0.83 ]
					},
					{ "time": 3.6667, "angle": -0.6 }
				]
			},
			"qi_10": {
				"rotate": [
					{
						"time": 0.3333,
						"angle": -0.55,
						"curve": [ 0.32, 0.29, 0.757, 1 ]
					},
					{
						"time": 1,
						"angle": 0,
						"curve": [ 0.25, 0, 0.75, 1 ]
					},
					{
						"time": 1.8333,
						"angle": 0.34,
						"curve": [ 0.25, 0, 0.75, 1 ]
					},
					{ "time": 3.6667, "angle": -0.55 }
				]
			},
			"qi_9": {
				"rotate": [
					{
						"time": 0.3333,
						"angle": -0.23,
						"curve": [ 0.381, 0.55, 0.742, 1 ]
					},
					{
						"time": 0.6667,
						"angle": 0,
						"curve": [ 0.25, 0, 0.75, 1 ]
					},
					{
						"time": 1.5,
						"angle": 0.34,
						"curve": [ 0.25, 0, 0.75, 1 ]
					},
					{
						"time": 3.1667,
						"angle": -0.64,
						"curve": [ 0.245, 0, 0.637, 0.56 ]
					},
					{ "time": 3.6667, "angle": -0.23 }
				]
			}
		}
	},
	"ani_2_loop": {
		"slots": {
			"baosg": {
				"attachment": [
					{ "time": 0, "name": "baosg_00_" },
					{ "time": 0.0667, "name": "baosg_01_" },
					{ "time": 0.1333, "name": "baosg_02_" },
					{ "time": 0.2, "name": "baosg_03_" },
					{ "time": 0.2667, "name": "baosg_04_" },
					{ "time": 0.3333, "name": "baosg_05_" },
					{ "time": 0.4, "name": "baosg_06_" },
					{ "time": 0.4667, "name": "baosg_07_" },
					{ "time": 0.5333, "name": "baosg_08_" },
					{ "time": 0.6, "name": "baosg_09_" },
					{ "time": 0.6667, "name": "baosg_10_" },
					{ "time": 0.7333, "name": "baosg_00_" },
					{ "time": 0.8, "name": "baosg_01_" },
					{ "time": 0.8667, "name": "baosg_02_" },
					{ "time": 0.9333, "name": "baosg_03_" },
					{ "time": 1, "name": "baosg_04_" },
					{ "time": 1.0667, "name": "baosg_05_" },
					{ "time": 1.1333, "name": "baosg_06_" },
					{ "time": 1.2, "name": "baosg_07_" },
					{ "time": 1.2667, "name": "baosg_08_" },
					{ "time": 1.3333, "name": "baosg_09_" },
					{ "time": 1.4, "name": "baosg_10_" },
					{ "time": 1.4667, "name": "baosg_00_" },
					{ "time": 1.5333, "name": "baosg_01_" },
					{ "time": 1.6, "name": "baosg_02_" },
					{ "time": 1.6667, "name": "baosg_03_" },
					{ "time": 1.7333, "name": "baosg_04_" },
					{ "time": 1.8, "name": "baosg_05_" },
					{ "time": 1.8667, "name": "baosg_06_" },
					{ "time": 1.9333, "name": "baosg_07_" },
					{ "time": 2, "name": "baosg_08_" },
					{ "time": 2.0667, "name": "baosg_09_" },
					{ "time": 2.1333, "name": "baosg_10_" },
					{ "time": 2.2, "name": "baosg_00_" },
					{ "time": 2.2667, "name": "baosg_01_" },
					{ "time": 2.3333, "name": "baosg_02_" },
					{ "time": 2.4, "name": "baosg_03_" },
					{ "time": 2.4667, "name": "baosg_04_" },
					{ "time": 2.5333, "name": "baosg_05_" },
					{ "time": 2.6, "name": "baosg_06_" },
					{ "time": 2.6667, "name": "baosg_07_" },
					{ "time": 2.7333, "name": "baosg_08_" },
					{ "time": 2.8, "name": "baosg_09_" },
					{ "time": 2.8667, "name": "baosg_10_" },
					{ "time": 2.9333, "name": "baosg_00_" },
					{ "time": 3, "name": "baosg_01_" },
					{ "time": 3.0667, "name": "baosg_02_" },
					{ "time": 3.1333, "name": "baosg_03_" },
					{ "time": 3.2, "name": "baosg_04_" },
					{ "time": 3.2667, "name": "baosg_05_" },
					{ "time": 3.3333, "name": "baosg_06_" },
					{ "time": 3.4, "name": "baosg_07_" },
					{ "time": 3.4667, "name": "baosg_08_" },
					{ "time": 3.5333, "name": "baosg_09_" },
					{ "time": 3.6, "name": "baosg_10_" },
					{ "time": 3.6667, "name": "baosg_00_" }
				]
			},
			"mptx_00_": {
				"attachment": [
					{ "time": 0, "name": "mptx_00_" },
					{ "time": 0.0667, "name": "mptx_01_" },
					{ "time": 0.1333, "name": "mptx_02_" },
					{ "time": 0.2, "name": "mptx_03_" },
					{ "time": 0.2667, "name": "mptx_04_" },
					{ "time": 0.3333, "name": "mptx_05_" },
					{ "time": 0.4, "name": "mptx_06_" },
					{ "time": 0.4667, "name": "mptx_07_" },
					{ "time": 0.5333, "name": "mptx_08_" },
					{ "time": 0.6, "name": "mptx_09_" },
					{ "time": 0.6667, "name": "mptx_10_" },
					{ "time": 0.7333, "name": "mptx_00_" },
					{ "time": 0.8, "name": "mptx_01_" },
					{ "time": 0.8667, "name": "mptx_02_" },
					{ "time": 0.9333, "name": "mptx_03_" },
					{ "time": 1, "name": "mptx_04_" },
					{ "time": 1.0667, "name": "mptx_05_" },
					{ "time": 1.1333, "name": "mptx_06_" },
					{ "time": 1.2, "name": "mptx_07_" },
					{ "time": 1.2667, "name": "mptx_08_" },
					{ "time": 1.3333, "name": "mptx_09_" },
					{ "time": 1.4, "name": "mptx_10_" },
					{ "time": 1.4667, "name": "mptx_00_" },
					{ "time": 1.5333, "name": "mptx_01_" },
					{ "time": 1.6, "name": "mptx_02_" },
					{ "time": 1.6667, "name": "mptx_03_" },
					{ "time": 1.7333, "name": "mptx_04_" },
					{ "time": 1.8, "name": "mptx_05_" },
					{ "time": 1.8667, "name": "mptx_06_" },
					{ "time": 1.9333, "name": "mptx_07_" },
					{ "time": 2, "name": "mptx_08_" },
					{ "time": 2.0667, "name": "mptx_09_" },
					{ "time": 2.1333, "name": "mptx_10_" },
					{ "time": 2.2, "name": "mptx_00_" },
					{ "time": 2.2667, "name": "mptx_01_" },
					{ "time": 2.3333, "name": "mptx_02_" },
					{ "time": 2.4, "name": "mptx_03_" },
					{ "time": 2.4667, "name": "mptx_04_" },
					{ "time": 2.5333, "name": "mptx_05_" },
					{ "time": 2.6, "name": "mptx_06_" },
					{ "time": 2.6667, "name": "mptx_07_" },
					{ "time": 2.7333, "name": "mptx_08_" },
					{ "time": 2.8, "name": "mptx_09_" },
					{ "time": 2.8667, "name": "mptx_10_" },
					{ "time": 2.9333, "name": "mptx_00_" },
					{ "time": 3, "name": "mptx_01_" },
					{ "time": 3.0667, "name": "mptx_02_" },
					{ "time": 3.1333, "name": "mptx_03_" },
					{ "time": 3.2, "name": "mptx_04_" },
					{ "time": 3.2667, "name": "mptx_05_" },
					{ "time": 3.3333, "name": "mptx_06_" },
					{ "time": 3.4, "name": "mptx_07_" },
					{ "time": 3.4667, "name": "mptx_08_" },
					{ "time": 3.5333, "name": "mptx_09_" },
					{ "time": 3.6, "name": "mptx_10_" }
				]
			},
			"qi_1_": {
				"color": [
					{ "time": 0, "color": "ffffffff" }
				]
			},
			"qi_huo1_00_": {
				"attachment": [
					{ "time": 0, "name": "qi_huo1_00_" },
					{ "time": 0.0667, "name": "qi_huo1_01_" },
					{ "time": 0.1333, "name": "qi_huo1_02_" },
					{ "time": 0.2333, "name": "qi_huo1_03_" },
					{ "time": 0.3, "name": "qi_huo1_04_" },
					{ "time": 0.3667, "name": "qi_huo1_05_" },
					{ "time": 0.4333, "name": "qi_huo1_06_" },
					{ "time": 0.5, "name": "qi_huo1_07_" },
					{ "time": 0.6, "name": "qi_huo1_08_" },
					{ "time": 0.6667, "name": "qi_huo1_09_" },
					{ "time": 0.7333, "name": "qi_huo1_00_" },
					{ "time": 0.8, "name": "qi_huo1_01_" },
					{ "time": 0.8667, "name": "qi_huo1_02_" },
					{ "time": 0.9667, "name": "qi_huo1_03_" },
					{ "time": 1.0333, "name": "qi_huo1_04_" },
					{ "time": 1.1, "name": "qi_huo1_05_" },
					{ "time": 1.1667, "name": "qi_huo1_06_" },
					{ "time": 1.2333, "name": "qi_huo1_07_" },
					{ "time": 1.3333, "name": "qi_huo1_08_" },
					{ "time": 1.4, "name": "qi_huo1_09_" },
					{ "time": 1.4667, "name": "qi_huo1_00_" },
					{ "time": 1.5333, "name": "qi_huo1_01_" },
					{ "time": 1.6, "name": "qi_huo1_02_" },
					{ "time": 1.7, "name": "qi_huo1_03_" },
					{ "time": 1.7667, "name": "qi_huo1_04_" },
					{ "time": 1.8333, "name": "qi_huo1_05_" },
					{ "time": 1.9, "name": "qi_huo1_06_" },
					{ "time": 1.9667, "name": "qi_huo1_07_" },
					{ "time": 2.0667, "name": "qi_huo1_08_" },
					{ "time": 2.1333, "name": "qi_huo1_09_" },
					{ "time": 2.2, "name": "qi_huo1_00_" },
					{ "time": 2.2667, "name": "qi_huo1_01_" },
					{ "time": 2.3333, "name": "qi_huo1_02_" },
					{ "time": 2.4333, "name": "qi_huo1_03_" },
					{ "time": 2.5, "name": "qi_huo1_04_" },
					{ "time": 2.5667, "name": "qi_huo1_05_" },
					{ "time": 2.6333, "name": "qi_huo1_06_" },
					{ "time": 2.7, "name": "qi_huo1_07_" },
					{ "time": 2.8, "name": "qi_huo1_08_" },
					{ "time": 2.8667, "name": "qi_huo1_09_" },
					{ "time": 2.9333, "name": "qi_huo1_00_" },
					{ "time": 3, "name": "qi_huo1_01_" },
					{ "time": 3.0667, "name": "qi_huo1_02_" },
					{ "time": 3.1667, "name": "qi_huo1_03_" },
					{ "time": 3.2333, "name": "qi_huo1_04_" },
					{ "time": 3.3, "name": "qi_huo1_05_" },
					{ "time": 3.3667, "name": "qi_huo1_06_" },
					{ "time": 3.4333, "name": "qi_huo1_07_" },
					{ "time": 3.5333, "name": "qi_huo1_08_" },
					{ "time": 3.6, "name": "qi_huo1_09_" },
					{ "time": 3.6667, "name": "qi_huo1_10_" }
				]
			},
			"qi_huo2_00_": {
				"attachment": [
					{ "time": 0, "name": "qi_huo2_00_" },
					{ "time": 0.0667, "name": "qi_huo2_01_" },
					{ "time": 0.1333, "name": "qi_huo2_02_" },
					{ "time": 0.2333, "name": "qi_huo2_03_" },
					{ "time": 0.3, "name": "qi_huo2_04_" },
					{ "time": 0.3667, "name": "qi_huo2_05_" },
					{ "time": 0.4333, "name": "qi_huo2_06_" },
					{ "time": 0.5, "name": "qi_huo2_07_" },
					{ "time": 0.6, "name": "qi_huo2_08_" },
					{ "time": 0.6667, "name": "qi_huo2_09_" },
					{ "time": 0.7333, "name": "qi_huo2_00_" },
					{ "time": 0.8, "name": "qi_huo2_01_" },
					{ "time": 0.8667, "name": "qi_huo2_02_" },
					{ "time": 0.9667, "name": "qi_huo2_03_" },
					{ "time": 1.0333, "name": "qi_huo2_04_" },
					{ "time": 1.1, "name": "qi_huo2_05_" },
					{ "time": 1.1667, "name": "qi_huo2_06_" },
					{ "time": 1.2333, "name": "qi_huo2_07_" },
					{ "time": 1.3333, "name": "qi_huo2_08_" },
					{ "time": 1.4, "name": "qi_huo2_09_" },
					{ "time": 1.4667, "name": "qi_huo2_00_" },
					{ "time": 1.5333, "name": "qi_huo2_01_" },
					{ "time": 1.6, "name": "qi_huo2_02_" },
					{ "time": 1.7, "name": "qi_huo2_03_" },
					{ "time": 1.7667, "name": "qi_huo2_04_" },
					{ "time": 1.8333, "name": "qi_huo2_05_" },
					{ "time": 1.9, "name": "qi_huo2_06_" },
					{ "time": 1.9667, "name": "qi_huo2_07_" },
					{ "time": 2.0667, "name": "qi_huo2_08_" },
					{ "time": 2.1333, "name": "qi_huo2_09_" },
					{ "time": 2.2, "name": "qi_huo2_00_" },
					{ "time": 2.2667, "name": "qi_huo2_01_" },
					{ "time": 2.3333, "name": "qi_huo2_02_" },
					{ "time": 2.4333, "name": "qi_huo2_03_" },
					{ "time": 2.5, "name": "qi_huo2_04_" },
					{ "time": 2.5667, "name": "qi_huo2_05_" },
					{ "time": 2.6333, "name": "qi_huo2_06_" },
					{ "time": 2.7, "name": "qi_huo2_07_" },
					{ "time": 2.8, "name": "qi_huo2_08_" },
					{ "time": 2.8667, "name": "qi_huo2_09_" },
					{ "time": 2.9333, "name": "qi_huo2_00_" },
					{ "time": 3, "name": "qi_huo2_01_" },
					{ "time": 3.0667, "name": "qi_huo2_02_" },
					{ "time": 3.1667, "name": "qi_huo2_03_" },
					{ "time": 3.2333, "name": "qi_huo2_04_" },
					{ "time": 3.3, "name": "qi_huo2_05_" },
					{ "time": 3.3667, "name": "qi_huo2_06_" },
					{ "time": 3.4333, "name": "qi_huo2_07_" },
					{ "time": 3.5333, "name": "qi_huo2_08_" },
					{ "time": 3.6, "name": "qi_huo2_09_" },
					{ "time": 3.6667, "name": "qi_huo2_10_" }
				]
			},
			"qi_huo3_00_": {
				"attachment": [
					{ "time": 0, "name": "qi_huo3_00_" },
					{ "time": 0.0667, "name": "qi_huo3_01_" },
					{ "time": 0.1333, "name": "qi_huo3_02_" },
					{ "time": 0.2333, "name": "qi_huo3_03_" },
					{ "time": 0.3, "name": "qi_huo3_04_" },
					{ "time": 0.3667, "name": "qi_huo3_05_" },
					{ "time": 0.4333, "name": "qi_huo3_06_" },
					{ "time": 0.5, "name": "qi_huo3_07_" },
					{ "time": 0.6, "name": "qi_huo3_08_" },
					{ "time": 0.6667, "name": "qi_huo3_09_" },
					{ "time": 0.7333, "name": "qi_huo3_00_" },
					{ "time": 0.8, "name": "qi_huo3_01_" },
					{ "time": 0.8667, "name": "qi_huo3_02_" },
					{ "time": 0.9667, "name": "qi_huo3_03_" },
					{ "time": 1.0333, "name": "qi_huo3_04_" },
					{ "time": 1.1, "name": "qi_huo3_05_" },
					{ "time": 1.1667, "name": "qi_huo3_06_" },
					{ "time": 1.2333, "name": "qi_huo3_07_" },
					{ "time": 1.3333, "name": "qi_huo3_08_" },
					{ "time": 1.4, "name": "qi_huo3_09_" },
					{ "time": 1.4667, "name": "qi_huo3_00_" },
					{ "time": 1.5333, "name": "qi_huo3_01_" },
					{ "time": 1.6, "name": "qi_huo3_02_" },
					{ "time": 1.7, "name": "qi_huo3_03_" },
					{ "time": 1.7667, "name": "qi_huo3_04_" },
					{ "time": 1.8333, "name": "qi_huo3_05_" },
					{ "time": 1.9, "name": "qi_huo3_06_" },
					{ "time": 1.9667, "name": "qi_huo3_07_" },
					{ "time": 2.0667, "name": "qi_huo3_08_" },
					{ "time": 2.1333, "name": "qi_huo3_09_" },
					{ "time": 2.2, "name": "qi_huo3_00_" },
					{ "time": 2.2667, "name": "qi_huo3_01_" },
					{ "time": 2.3333, "name": "qi_huo3_02_" },
					{ "time": 2.4333, "name": "qi_huo3_03_" },
					{ "time": 2.5, "name": "qi_huo3_04_" },
					{ "time": 2.5667, "name": "qi_huo3_05_" },
					{ "time": 2.6333, "name": "qi_huo3_06_" },
					{ "time": 2.7, "name": "qi_huo3_07_" },
					{ "time": 2.8, "name": "qi_huo3_08_" },
					{ "time": 2.8667, "name": "qi_huo3_09_" },
					{ "time": 2.9333, "name": "qi_huo3_00_" },
					{ "time": 3, "name": "qi_huo3_01_" },
					{ "time": 3.0667, "name": "qi_huo3_02_" },
					{ "time": 3.1667, "name": "qi_huo3_03_" },
					{ "time": 3.2333, "name": "qi_huo3_04_" },
					{ "time": 3.3, "name": "qi_huo3_05_" },
					{ "time": 3.3667, "name": "qi_huo3_06_" },
					{ "time": 3.4333, "name": "qi_huo3_07_" },
					{ "time": 3.5333, "name": "qi_huo3_08_" },
					{ "time": 3.6, "name": "qi_huo3_09_" },
					{ "time": 3.6667, "name": "qi_huo3_10_" }
				]
			},
			"qi_tx_00_": {
				"attachment": [
					{ "time": 0, "name": "qi_tx_00_" },
					{ "time": 0.0667, "name": "qi_tx_01_" },
					{ "time": 0.1333, "name": "qi_tx_02_" },
					{ "time": 0.2, "name": "qi_tx_03_" },
					{ "time": 0.2667, "name": "qi_tx_04_" },
					{ "time": 0.3333, "name": "qi_tx_05_" },
					{ "time": 0.4, "name": "qi_tx_06_" },
					{ "time": 0.4667, "name": "qi_tx_07_" },
					{ "time": 0.5333, "name": "qi_tx_08_" },
					{ "time": 0.6, "name": "qi_tx_09_" },
					{ "time": 0.6667, "name": "qi_tx_10_" },
					{ "time": 0.7333, "name": "qi_tx_00_" },
					{ "time": 0.8, "name": "qi_tx_01_" },
					{ "time": 0.8667, "name": "qi_tx_02_" },
					{ "time": 0.9333, "name": "qi_tx_03_" },
					{ "time": 1, "name": "qi_tx_04_" },
					{ "time": 1.0667, "name": "qi_tx_05_" },
					{ "time": 1.1333, "name": "qi_tx_06_" },
					{ "time": 1.2, "name": "qi_tx_07_" },
					{ "time": 1.2667, "name": "qi_tx_08_" },
					{ "time": 1.3333, "name": "qi_tx_09_" },
					{ "time": 1.4, "name": "qi_tx_10_" },
					{ "time": 1.4667, "name": "qi_tx_00_" },
					{ "time": 1.5333, "name": "qi_tx_01_" },
					{ "time": 1.6, "name": "qi_tx_02_" },
					{ "time": 1.6667, "name": "qi_tx_03_" },
					{ "time": 1.7333, "name": "qi_tx_04_" },
					{ "time": 1.8, "name": "qi_tx_05_" },
					{ "time": 1.8667, "name": "qi_tx_06_" },
					{ "time": 1.9333, "name": "qi_tx_07_" },
					{ "time": 2, "name": "qi_tx_08_" },
					{ "time": 2.0667, "name": "qi_tx_09_" },
					{ "time": 2.1333, "name": "qi_tx_10_" },
					{ "time": 2.2, "name": "qi_tx_00_" },
					{ "time": 2.2667, "name": "qi_tx_01_" },
					{ "time": 2.3333, "name": "qi_tx_02_" },
					{ "time": 2.4, "name": "qi_tx_03_" },
					{ "time": 2.4667, "name": "qi_tx_04_" },
					{ "time": 2.5333, "name": "qi_tx_05_" },
					{ "time": 2.6, "name": "qi_tx_06_" },
					{ "time": 2.6667, "name": "qi_tx_07_" },
					{ "time": 2.7333, "name": "qi_tx_08_" },
					{ "time": 2.8, "name": "qi_tx_09_" },
					{ "time": 2.8667, "name": "qi_tx_10_" },
					{ "time": 2.9333, "name": "qi_tx_00_" },
					{ "time": 3, "name": "qi_tx_01_" },
					{ "time": 3.0667, "name": "qi_tx_02_" },
					{ "time": 3.1333, "name": "qi_tx_03_" },
					{ "time": 3.2, "name": "qi_tx_04_" },
					{ "time": 3.2667, "name": "qi_tx_05_" },
					{ "time": 3.3333, "name": "qi_tx_06_" },
					{ "time": 3.4, "name": "qi_tx_07_" },
					{ "time": 3.4667, "name": "qi_tx_08_" },
					{ "time": 3.5333, "name": "qi_tx_09_" },
					{ "time": 3.6, "name": "qi_tx_10_" },
					{ "time": 3.6667, "name": "qi_tx_00_" }
				]
			},
			"qi_tx_00_2": {
				"attachment": [
					{ "time": 0, "name": "qi_tx_00_" },
					{ "time": 0.0667, "name": "qi_tx_01_" },
					{ "time": 0.1333, "name": "qi_tx_02_" },
					{ "time": 0.2, "name": "qi_tx_03_" },
					{ "time": 0.2667, "name": "qi_tx_04_" },
					{ "time": 0.3333, "name": "qi_tx_05_" },
					{ "time": 0.4, "name": "qi_tx_06_" },
					{ "time": 0.4667, "name": "qi_tx_07_" },
					{ "time": 0.5333, "name": "qi_tx_08_" },
					{ "time": 0.6, "name": "qi_tx_09_" },
					{ "time": 0.6667, "name": "qi_tx_10_" },
					{ "time": 0.7333, "name": "qi_tx_00_" },
					{ "time": 0.8, "name": "qi_tx_01_" },
					{ "time": 0.8667, "name": "qi_tx_02_" },
					{ "time": 0.9333, "name": "qi_tx_03_" },
					{ "time": 1, "name": "qi_tx_04_" },
					{ "time": 1.0667, "name": "qi_tx_05_" },
					{ "time": 1.1333, "name": "qi_tx_06_" },
					{ "time": 1.2, "name": "qi_tx_07_" },
					{ "time": 1.2667, "name": "qi_tx_08_" },
					{ "time": 1.3333, "name": "qi_tx_09_" },
					{ "time": 1.4, "name": "qi_tx_10_" },
					{ "time": 1.4667, "name": "qi_tx_00_" },
					{ "time": 1.5333, "name": "qi_tx_01_" },
					{ "time": 1.6, "name": "qi_tx_02_" },
					{ "time": 1.6667, "name": "qi_tx_03_" },
					{ "time": 1.7333, "name": "qi_tx_04_" },
					{ "time": 1.8, "name": "qi_tx_05_" },
					{ "time": 1.8667, "name": "qi_tx_06_" },
					{ "time": 1.9333, "name": "qi_tx_07_" },
					{ "time": 2, "name": "qi_tx_08_" },
					{ "time": 2.0667, "name": "qi_tx_09_" },
					{ "time": 2.1333, "name": "qi_tx_10_" },
					{ "time": 2.2, "name": "qi_tx_00_" },
					{ "time": 2.2667, "name": "qi_tx_01_" },
					{ "time": 2.3333, "name": "qi_tx_02_" },
					{ "time": 2.4, "name": "qi_tx_03_" },
					{ "time": 2.4667, "name": "qi_tx_04_" },
					{ "time": 2.5333, "name": "qi_tx_05_" },
					{ "time": 2.6, "name": "qi_tx_06_" },
					{ "time": 2.6667, "name": "qi_tx_07_" },
					{ "time": 2.7333, "name": "qi_tx_08_" },
					{ "time": 2.8, "name": "qi_tx_09_" },
					{ "time": 2.8667, "name": "qi_tx_10_" },
					{ "time": 2.9333, "name": "qi_tx_00_" },
					{ "time": 3, "name": "qi_tx_01_" },
					{ "time": 3.0667, "name": "qi_tx_02_" },
					{ "time": 3.1333, "name": "qi_tx_03_" },
					{ "time": 3.2, "name": "qi_tx_04_" },
					{ "time": 3.2667, "name": "qi_tx_05_" },
					{ "time": 3.3333, "name": "qi_tx_06_" },
					{ "time": 3.4, "name": "qi_tx_07_" },
					{ "time": 3.4667, "name": "qi_tx_08_" },
					{ "time": 3.5333, "name": "qi_tx_09_" },
					{ "time": 3.6, "name": "qi_tx_10_" },
					{ "time": 3.6667, "name": "qi_tx_00_" }
				]
			},
			"ren_": {
				"attachment": [
					{ "time": 0, "name": "ren_" },
					{ "time": 3.6667, "name": "ren_" }
				]
			}
		},
		"bones": {
			"qi": {
				"translate": [
					{ "time": 0, "x": -2.35, "y": 2.35 }
				],
				"scale": [
					{ "time": 0, "x": 1, "y": 1 }
				]
			},
			"qi_1": {
				"translate": [
					{ "time": 0, "x": 0, "y": 0 }
				],
				"scale": [
					{ "time": 0, "x": 1, "y": 1 }
				]
			},
			"qi_1a": {
				"rotate": [
					{
						"time": 0,
						"angle": 0,
						"curve": [ 0.25, 0, 0.75, 1 ]
					},
					{
						"time": 0.7333,
						"angle": -0.76,
						"curve": [ 0.25, 0, 0.75, 1 ]
					},
					{
						"time": 1.8333,
						"angle": 0.52,
						"curve": [ 0.25, 0, 0.75, 1 ]
					},
					{
						"time": 2.9333,
						"angle": -0.47,
						"curve": [ 0.25, 0, 0.75, 1 ]
					},
					{ "time": 3.6667, "angle": 0 }
				]
			},
			"qi_1b": {
				"rotate": [
					{
						"time": 0,
						"angle": -0.23,
						"curve": [ 0.375, 0.5, 0.75, 1 ]
					},
					{
						"time": 0.3667,
						"angle": 0,
						"curve": [ 0.25, 0, 0.75, 1 ]
					},
					{
						"time": 1.1,
						"angle": -0.76,
						"curve": [ 0.25, 0, 0.75, 1 ]
					},
					{
						"time": 2.2,
						"angle": 0.52,
						"curve": [ 0.25, 0, 0.75, 1 ]
					},
					{ "time": 3.6667, "angle": -0.23 }
				]
			},
			"qi_1c": {
				"rotate": [
					{
						"time": 0,
						"angle": -0.47,
						"curve": [ 0.25, 0, 0.75, 1 ]
					},
					{
						"time": 0.7333,
						"angle": 0,
						"curve": [ 0.25, 0, 0.75, 1 ]
					},
					{
						"time": 1.4667,
						"angle": -0.76,
						"curve": [ 0.25, 0, 0.75, 1 ]
					},
					{
						"time": 2.5667,
						"angle": 0.52,
						"curve": [ 0.25, 0, 0.75, 1 ]
					},
					{ "time": 3.6667, "angle": -0.47 }
				]
			},
			"qi_1d": {
				"rotate": [
					{
						"time": 0,
						"angle": -0.19,
						"curve": [ 0.382, 0.57, 0.735, 1 ]
					},
					{
						"time": 0.3667,
						"angle": -0.47,
						"curve": [ 0.25, 0, 0.75, 1 ]
					},
					{
						"time": 1.1,
						"angle": 0,
						"curve": [ 0.25, 0, 0.75, 1 ]
					},
					{
						"time": 1.8333,
						"angle": -0.76,
						"curve": [ 0.25, 0, 0.75, 1 ]
					},
					{
						"time": 2.9333,
						"angle": 0.52,
						"curve": [ 0.243, 0, 0.649, 0.6 ]
					},
					{ "time": 3.6667, "angle": -0.19 }
				]
			},
			"qi_4": {
				"rotate": [
					{
						"time": 0,
						"angle": 0,
						"curve": [ 0.25, 0, 0.75, 1 ]
					},
					{
						"time": 0.9,
						"angle": -0.52,
						"curve": [ 0.25, 0, 0.75, 1 ]
					},
					{
						"time": 2.7333,
						"angle": 0.6,
						"curve": [ 0.25, 0, 0.75, 1 ]
					},
					{ "time": 3.6667, "angle": 0 }
				]
			},
			"qi_7": {
				"rotate": [
					{
						"time": 0,
						"angle": 0.55,
						"curve": [ 0.36, 0.64, 0.695, 1 ]
					},
					{
						"time": 0.1667,
						"angle": 0.6,
						"curve": [ 0.25, 0, 0.75, 1 ]
					},
					{
						"time": 1.0667,
						"angle": 0,
						"curve": [ 0.25, 0, 0.75, 1 ]
					},
					{
						"time": 2,
						"angle": -0.52,
						"curve": [ 0.245, 0, 0.711, 0.83 ]
					},
					{ "time": 3.6667, "angle": 0.55 }
				]
			},
			"qi_6": {
				"rotate": [
					{
						"time": 0,
						"angle": 0.52,
						"curve": [ 0.32, 0.29, 0.757, 1 ]
					},
					{
						"time": 0.7,
						"angle": 0,
						"curve": [ 0.25, 0, 0.75, 1 ]
					},
					{
						"time": 1.6333,
						"angle": -0.52,
						"curve": [ 0.25, 0, 0.75, 1 ]
					},
					{ "time": 3.6667, "angle": 0.52 }
				]
			},
			"qi_5": {
				"rotate": [
					{
						"time": 0,
						"angle": 0.22,
						"curve": [ 0.381, 0.55, 0.742, 1 ]
					},
					{
						"time": 0.3333,
						"angle": 0,
						"curve": [ 0.25, 0, 0.75, 1 ]
					},
					{
						"time": 1.2667,
						"angle": -0.52,
						"curve": [ 0.25, 0, 0.75, 1 ]
					},
					{
						"time": 3.1,
						"angle": 0.6,
						"curve": [ 0.245, 0, 0.637, 0.56 ]
					},
					{ "time": 3.6667, "angle": 0.22 }
				]
			},
			"qi_8": {
				"rotate": [
					{
						"time": 0,
						"angle": 0,
						"curve": [ 0.25, 0, 0.75, 1 ]
					},
					{
						"time": 0.9333,
						"angle": 0.34,
						"curve": [ 0.25, 0, 0.75, 1 ]
					},
					{
						"time": 2.7667,
						"angle": -0.64,
						"curve": [ 0.25, 0, 0.75, 1 ]
					},
					{ "time": 3.6667, "angle": 0 }
				]
			},
			"qi_11": {
				"rotate": [
					{
						"time": 0,
						"angle": -0.6,
						"curve": [ 0.36, 0.64, 0.695, 1 ]
					},
					{
						"time": 0.2,
						"angle": -0.64,
						"curve": [ 0.25, 0, 0.75, 1 ]
					},
					{
						"time": 1.1,
						"angle": 0,
						"curve": [ 0.25, 0, 0.75, 1 ]
					},
					{
						"time": 2.0333,
						"angle": 0.34,
						"curve": [ 0.245, 0, 0.711, 0.83 ]
					},
					{ "time": 3.6667, "angle": -0.6 }
				]
			},
			"qi_10": {
				"rotate": [
					{
						"time": 0,
						"angle": -0.55,
						"curve": [ 0.32, 0.29, 0.757, 1 ]
					},
					{
						"time": 0.7333,
						"angle": 0,
						"curve": [ 0.25, 0, 0.75, 1 ]
					},
					{
						"time": 1.6667,
						"angle": 0.34,
						"curve": [ 0.25, 0, 0.75, 1 ]
					},
					{ "time": 3.6667, "angle": -0.55 }
				]
			},
			"qi_9": {
				"rotate": [
					{
						"time": 0,
						"angle": -0.23,
						"curve": [ 0.381, 0.55, 0.742, 1 ]
					},
					{
						"time": 0.3667,
						"angle": 0,
						"curve": [ 0.25, 0, 0.75, 1 ]
					},
					{
						"time": 1.3,
						"angle": 0.34,
						"curve": [ 0.25, 0, 0.75, 1 ]
					},
					{
						"time": 3.1333,
						"angle": -0.64,
						"curve": [ 0.245, 0, 0.637, 0.56 ]
					},
					{ "time": 3.6667, "angle": -0.23 }
				]
			}
		}
	}
}
}