{
"skeleton": { "hash": "kzCSKSpXF6TOK3gCS9fcvsp8Mco", "spine": "2.1.27", "width": 0, "height": 0 },
"bones": [
	{ "name": "root" },
	{ "name": "jingxibaoxiang_xiang_", "parent": "root" },
	{ "name": "jingxibaoxiang_gai_1_", "parent": "jingxibaoxiang_xiang_", "x": 21.82, "y": 56.59 }
],
"slots": [
	{ "name": "jingxibaoxiang_xiang_", "bone": "jingxibaoxiang_xiang_" },
	{ "name": "jingxibaoxiang_gai_1_", "bone": "jingxibaoxiang_gai_1_" }
],
"skins": {
	"default": {
		"jingxibaoxiang_gai_1_": {
			"jingxibaoxiang_gai_1_": { "x": -14.08, "y": -5.29, "width": 92, "height": 42 },
			"jingxibaoxiang_gai_2_": { "x": -7.58, "y": 15.7, "width": 73, "height": 48 },
			"jingxibaoxiang_gai_3_": { "x": 8.91, "y": 16.7, "width": 70, "height": 50 }
		},
		"jingxibaoxiang_xiang_": {
			"jingxibaoxiang_xiang_": { "x": 7.74, "y": 29.29, "width": 92, "height": 64 }
		}
	}
},
"animations": {
	"dd": {
		"slots": {
			"jingxibaoxiang_gai_1_": {
				"attachment": [
					{ "time": 0, "name": "jingxibaoxiang_gai_1_" },
					{ "time": 0.8333, "name": "jingxibaoxiang_gai_1_" }
				]
			},
			"jingxibaoxiang_xiang_": {
				"attachment": [
					{ "time": 0, "name": "jingxibaoxiang_xiang_" },
					{ "time": 0.8333, "name": "jingxibaoxiang_xiang_" }
				]
			}
		},
		"bones": {
			"jingxibaoxiang_xiang_": {
				"rotate": [
					{ "time": 0, "angle": 0 },
					{ "time": 0.1, "angle": 4.26 },
					{ "time": 0.2333, "angle": -4.05 },
					{ "time": 0.3666, "angle": 4.26 },
					{ "time": 0.4666, "angle": -4.05 },
					{ "time": 0.6, "angle": 4.26 },
					{ "time": 0.7333, "angle": -4.05 },
					{ "time": 0.8333, "angle": -1.49 }
				],
				"translate": [
					{ "time": 0, "x": 0, "y": 0 }
				],
				"scale": [
					{ "time": 0, "x": 1, "y": 1 }
				]
			}
		}
	},
	"dj": {
		"slots": {
			"jingxibaoxiang_gai_1_": {
				"attachment": [
					{ "time": 0, "name": "jingxibaoxiang_gai_1_" },
					{ "time": 1.1666, "name": "jingxibaoxiang_gai_1_" }
				]
			},
			"jingxibaoxiang_xiang_": {
				"attachment": [
					{ "time": 0, "name": "jingxibaoxiang_xiang_" },
					{ "time": 1.1666, "name": "jingxibaoxiang_xiang_" }
				]
			}
		}
	},
	"kbx": {
		"slots": {
			"jingxibaoxiang_gai_1_": {
				"attachment": [
					{ "time": 0, "name": "jingxibaoxiang_gai_1_" },
					{ "time": 0.1666, "name": "jingxibaoxiang_gai_2_" },
					{ "time": 0.3, "name": "jingxibaoxiang_gai_3_" },
					{ "time": 1.1666, "name": "jingxibaoxiang_gai_3_" }
				]
			},
			"jingxibaoxiang_xiang_": {
				"attachment": [
					{ "time": 0, "name": "jingxibaoxiang_xiang_" }
				]
			}
		}
	}
}
}