{
"skeleton": { "hash": "ShY2tBv2gzYnUSXnZlRMebG/8xs", "spine": "3.7.94", "width": 0, "height": 0 },
"bones": [
	{ "name": "root" }
],
"slots": [
	{ "name": "tx_gk_00_", "bone": "root" }
],
"skins": {
	"default": {
		"tx_gk_00_": {
			"tx_gk_00_": { "width": 130, "height": 130 },
			"tx_gk_01_": { "width": 130, "height": 130 },
			"tx_gk_02_": { "width": 130, "height": 130 },
			"tx_gk_03_": { "width": 130, "height": 130 },
			"tx_gk_04_": { "width": 130, "height": 130 },
			"tx_gk_05_": { "width": 130, "height": 130 },
			"tx_gk_06_": { "width": 130, "height": 130 }
		}
	}
},
"animations": {
	"animation": {
		"slots": {
			"tx_gk_00_": {
				"attachment": [
					{ "time": 0, "name": "tx_gk_00_" },
					{ "time": 0.0667, "name": "tx_gk_01_" },
					{ "time": 0.1667, "name": "tx_gk_02_" },
					{ "time": 0.2667, "name": "tx_gk_03_" },
					{ "time": 0.3667, "name": "tx_gk_04_" },
					{ "time": 0.4667, "name": "tx_gk_05_" },
					{ "time": 0.5667, "name": "tx_gk_06_" },
					{ "time": 0.6667, "name": null }
				]
			}
		}
	}
}
}