{
"skeleton": { "hash": "Eo0NUj6RMW09Pprl7ExEyTpNaSY", "spine": "3.7.94", "width": 0, "height": 0, "images": "", "audio": "" },
"bones": [
	{ "name": "root", "scaleX": 1.1, "scaleY": 1.1 },
	{ "name": "bone", "parent": "root", "length": 60.04, "rotation": -90, "x": 0.38, "y": -6.13 }
],
"slots": [
	{ "name": "attack_st_016_", "bone": "root" },
	{ "name": "attack_st_015_", "bone": "root" },
	{ "name": "attack_st_014_", "bone": "root" },
	{ "name": "attack_st_013_", "bone": "root" },
	{ "name": "attack_st_012_", "bone": "root" },
	{ "name": "attack_st_011_", "bone": "root" },
	{ "name": "attack_st_010_", "bone": "root" },
	{ "name": "attack_st_009_", "bone": "root" },
	{ "name": "attack_st_008_", "bone": "root" },
	{ "name": "attack_st_007_", "bone": "root" },
	{ "name": "attack_st_006_", "bone": "root" },
	{ "name": "attack_st_005_", "bone": "root" },
	{ "name": "attack_st_004_", "bone": "root" },
	{ "name": "attack_st_003_", "bone": "root" },
	{ "name": "attack_st_002_", "bone": "root" },
	{ "name": "attack_st_001_", "bone": "root" },
	{ "name": "attack_st_000_", "bone": "root" },
	{ "name": "attack_dg_012_", "bone": "root" },
	{ "name": "attack_dg_011_", "bone": "root" },
	{ "name": "attack_dg_010_", "bone": "root" },
	{ "name": "attack_dg_009_", "bone": "root" },
	{ "name": "attack_dg_008_", "bone": "root" },
	{ "name": "attack_dg_007_", "bone": "root" },
	{ "name": "attack_dg_006_", "bone": "root" },
	{ "name": "attack_dg_005_", "bone": "root" },
	{ "name": "attack_dg_004_", "bone": "root" },
	{ "name": "attack_dg_003_", "bone": "root" },
	{ "name": "attack_dg_002_", "bone": "root" },
	{ "name": "attack_dg_001_", "bone": "root" },
	{ "name": "attack_dg_000_", "bone": "root" },
	{ "name": "yz_0_", "bone": "bone" }
],
"skins": {
	"default": {
		"attack_dg_000_": {
			"attack_dg_000_": { "x": 40.88, "y": 64.1, "width": 248, "height": 181 }
		},
		"attack_dg_001_": {
			"attack_dg_001_": { "x": 4.88, "y": 18.6, "width": 332, "height": 222 }
		},
		"attack_dg_002_": {
			"attack_dg_002_": { "x": 3.38, "y": 1.1, "width": 337, "height": 211 }
		},
		"attack_dg_003_": {
			"attack_dg_003_": { "x": -4.62, "y": 3.6, "width": 325, "height": 230 }
		},
		"attack_dg_004_": {
			"attack_dg_004_": { "x": -8.12, "y": 2.6, "width": 318, "height": 238 }
		},
		"attack_dg_005_": {
			"attack_dg_005_": { "x": 3.88, "y": 0.6, "width": 332, "height": 244 }
		},
		"attack_dg_006_": {
			"attack_dg_006_": { "x": 25.38, "y": 6.1, "width": 363, "height": 223 }
		},
		"attack_dg_007_": {
			"attack_dg_007_": { "x": 38.88, "y": -2.9, "width": 348, "height": 207 }
		},
		"attack_dg_008_": {
			"attack_dg_008_": { "x": 60.88, "y": 0.1, "width": 312, "height": 215 }
		},
		"attack_dg_009_": {
			"attack_dg_009_": { "x": 62.38, "y": -1.4, "width": 311, "height": 222 }
		},
		"attack_dg_010_": {
			"attack_dg_010_": { "x": 63.88, "y": 5.6, "width": 286, "height": 208 }
		},
		"attack_dg_011_": {
			"attack_dg_011_": { "x": 68.38, "y": -33.9, "width": 259, "height": 135 }
		},
		"attack_dg_012_": {
			"attack_dg_012_": { "x": 68.88, "y": -34.9, "width": 262, "height": 137 }
		},
		"attack_st_000_": {
			"attack_st_000_": { "x": 36.38, "y": 89.1, "width": 235, "height": 231 }
		},
		"attack_st_001_": {
			"attack_st_001_": { "x": 27.38, "y": 70.6, "width": 193, "height": 246 }
		},
		"attack_st_002_": {
			"attack_st_002_": { "x": 3.88, "y": 61.6, "width": 216, "height": 242 }
		},
		"attack_st_003_": {
			"attack_st_003_": { "x": -4.12, "y": 75.1, "width": 166, "height": 269 }
		},
		"attack_st_004_": {
			"attack_st_004_": { "x": -33.62, "y": 75.1, "width": 255, "height": 233 }
		},
		"attack_st_005_": {
			"attack_st_005_": { "x": -33.12, "y": 107.6, "width": 252, "height": 298 }
		},
		"attack_st_006_": {
			"attack_st_006_": { "x": -0.62, "y": 97.6, "width": 187, "height": 284 }
		},
		"attack_st_007_": {
			"attack_st_007_": { "x": -3.62, "y": 72.1, "width": 193, "height": 237 }
		},
		"attack_st_008_": {
			"attack_st_008_": { "x": 47.88, "y": 52.6, "width": 274, "height": 220 }
		},
		"attack_st_009_": {
			"attack_st_009_": { "x": -14.62, "y": 107.1, "width": 221, "height": 349 }
		},
		"attack_st_010_": {
			"attack_st_010_": { "x": -32.12, "y": 93.6, "width": 294, "height": 322 }
		},
		"attack_st_011_": {
			"attack_st_011_": { "x": -40.12, "y": 81.6, "width": 322, "height": 298 }
		},
		"attack_st_012_": {
			"attack_st_012_": { "x": -37.12, "y": 74.6, "width": 308, "height": 284 }
		},
		"attack_st_013_": {
			"attack_st_013_": { "x": -14.12, "y": 84.1, "width": 210, "height": 303 }
		},
		"attack_st_014_": {
			"attack_st_014_": { "x": 22.88, "y": 98.6, "width": 164, "height": 282 }
		},
		"attack_st_015_": {
			"attack_st_015_": { "x": 42.38, "y": 94.6, "width": 225, "height": 242 }
		},
		"attack_st_016_": {
			"attack_st_016_": { "x": 48.88, "y": 87.6, "width": 272, "height": 228 }
		},
		"yz_0_": {
			"yz_0_": { "x": -2.57, "y": -0.32, "rotation": 90, "width": 85, "height": 85 }
		}
	}
},
"animations": {
	"gj": {
		"slots": {
			"attack_dg_000_": {
				"attachment": [
					{ "time": 0.3333, "name": "attack_dg_000_" },
					{ "time": 0.4, "name": null }
				]
			},
			"attack_dg_001_": {
				"attachment": [
					{ "time": 0.4, "name": "attack_dg_001_" },
					{ "time": 0.5, "name": null }
				]
			},
			"attack_dg_002_": {
				"attachment": [
					{ "time": 0.5, "name": "attack_dg_002_" },
					{ "time": 0.6, "name": null }
				]
			},
			"attack_dg_003_": {
				"attachment": [
					{ "time": 0.6, "name": "attack_dg_003_" },
					{ "time": 0.7, "name": null }
				]
			},
			"attack_dg_004_": {
				"attachment": [
					{ "time": 0.7, "name": "attack_dg_004_" },
					{ "time": 0.8, "name": null }
				]
			},
			"attack_dg_005_": {
				"attachment": [
					{ "time": 0.8, "name": "attack_dg_005_" },
					{ "time": 0.9, "name": null }
				]
			},
			"attack_dg_006_": {
				"attachment": [
					{ "time": 0.9, "name": "attack_dg_006_" },
					{ "time": 1, "name": null }
				]
			},
			"attack_dg_007_": {
				"attachment": [
					{ "time": 1, "name": "attack_dg_007_" },
					{ "time": 1.1, "name": null }
				]
			},
			"attack_dg_008_": {
				"attachment": [
					{ "time": 1.1, "name": "attack_dg_008_" },
					{ "time": 1.2, "name": null }
				]
			},
			"attack_dg_009_": {
				"attachment": [
					{ "time": 1.2, "name": "attack_dg_009_" },
					{ "time": 1.3, "name": null }
				]
			},
			"attack_dg_010_": {
				"attachment": [
					{ "time": 1.3, "name": "attack_dg_010_" },
					{ "time": 1.4, "name": null }
				]
			},
			"attack_dg_011_": {
				"attachment": [
					{ "time": 1.4, "name": "attack_dg_011_" },
					{ "time": 1.5, "name": null }
				]
			},
			"attack_dg_012_": {
				"attachment": [
					{ "time": 1.5, "name": "attack_dg_012_" },
					{ "time": 1.5333, "name": null }
				]
			},
			"attack_st_000_": {
				"attachment": [
					{ "time": 0, "name": "attack_st_000_" },
					{ "time": 0.1, "name": null },
					{ "time": 1.6667, "name": "attack_st_000_" }
				]
			},
			"attack_st_001_": {
				"attachment": [
					{ "time": 0.1, "name": "attack_st_001_" },
					{ "time": 0.2, "name": null }
				]
			},
			"attack_st_002_": {
				"attachment": [
					{ "time": 0.2, "name": "attack_st_002_" },
					{ "time": 0.3, "name": null }
				]
			},
			"attack_st_003_": {
				"attachment": [
					{ "time": 0.3, "name": "attack_st_003_" },
					{ "time": 0.4, "name": null }
				]
			},
			"attack_st_004_": {
				"attachment": [
					{ "time": 0.4, "name": "attack_st_004_" },
					{ "time": 0.5, "name": null }
				]
			},
			"attack_st_005_": {
				"attachment": [
					{ "time": 0.5, "name": "attack_st_005_" },
					{ "time": 0.6, "name": null }
				]
			},
			"attack_st_006_": {
				"attachment": [
					{ "time": 0.6, "name": "attack_st_006_" },
					{ "time": 0.7, "name": null }
				]
			},
			"attack_st_007_": {
				"attachment": [
					{ "time": 0.7, "name": "attack_st_007_" },
					{ "time": 0.8, "name": null }
				]
			},
			"attack_st_008_": {
				"attachment": [
					{ "time": 0.8, "name": "attack_st_008_" },
					{ "time": 0.9, "name": null }
				]
			},
			"attack_st_009_": {
				"attachment": [
					{ "time": 0.9, "name": "attack_st_009_" },
					{ "time": 1, "name": null }
				]
			},
			"attack_st_010_": {
				"attachment": [
					{ "time": 1, "name": "attack_st_010_" },
					{ "time": 1.1, "name": null }
				]
			},
			"attack_st_011_": {
				"attachment": [
					{ "time": 1.1, "name": "attack_st_011_" },
					{ "time": 1.2, "name": null }
				]
			},
			"attack_st_012_": {
				"attachment": [
					{ "time": 1.2, "name": "attack_st_012_" },
					{ "time": 1.3, "name": null }
				]
			},
			"attack_st_013_": {
				"attachment": [
					{ "time": 1.3, "name": "attack_st_013_" },
					{ "time": 1.4, "name": null }
				]
			},
			"attack_st_014_": {
				"attachment": [
					{ "time": 1.4, "name": "attack_st_014_" },
					{ "time": 1.5, "name": null }
				]
			},
			"attack_st_015_": {
				"attachment": [
					{ "time": 1.5, "name": "attack_st_015_" },
					{ "time": 1.6, "name": null }
				]
			},
			"attack_st_016_": {
				"attachment": [
					{ "time": 1.6, "name": "attack_st_016_" },
					{ "time": 1.6667, "name": null }
				]
			},
			"yz_0_": {
				"color": [
					{ "time": 0, "color": "ffffff93" }
				],
				"attachment": [
					{ "time": 0, "name": "yz_0_" }
				]
			}
		},
		"bones": {
			"bone": {
				"translate": [
					{ "time": 0, "x": -1.99, "y": 5.97 }
				],
				"scale": [
					{ "time": 0, "x": 1.178, "y": 1.178 }
				]
			}
		}
	}
}
}