{"skeleton":{"hash":"aFbVbhw8GdgF4iJAAkgz0PPZJQA","spine":"3.7.94","width":1574.56,"height":1501.64,"images":"","audio":""},"bones":[{"name":"root"},{"name":"bone2","parent":"root"},{"name":"y","parent":"bone2","color":"76f0ffff"},{"name":"y1","parent":"y","x":63.01,"y":308.95,"color":"75f0ffff"},{"name":"y2","parent":"y","x":-383.04,"y":86.64,"color":"75f0ffff"},{"name":"y3","parent":"y","x":-113.95,"y":14.56,"scaleX":1.867,"scaleY":1.867,"color":"75f0ffff"},{"name":"y4","parent":"y","x":157.24,"y":176.99,"scaleX":1.421,"scaleY":1.421,"color":"75f0ffff"},{"name":"y6","parent":"y","x":314.57,"y":-105.24,"scaleX":1.41,"scaleY":1.41,"color":"75f0ffff"},{"name":"y5","parent":"y","x":7.16,"y":-139.43,"color":"75f0ffff"},{"name":"y7","parent":"y","x":-355.46,"y":-221.11,"scaleX":1.471,"scaleY":1.471,"color":"75f0ffff"},{"name":"y8","parent":"y","x":335.99,"y":-330.14,"scaleX":1.747,"scaleY":1.747,"color":"75f0ffff"},{"name":"y9","parent":"y","x":-268.57,"y":-565.37,"scaleX":1.341,"scaleY":1.341,"color":"75f0ffff"},{"name":"y10","parent":"y","x":254.12,"y":-510.39,"scaleX":1.829,"scaleY":1.829,"color":"75f0ffff"},{"name":"y14","parent":"y","x":-379.46,"y":-439.67,"scaleX":1.524,"scaleY":1.524,"color":"75f0ffff"},{"name":"y13","parent":"y","x":-46.58,"y":-368.97,"scaleX":2.232,"scaleY":2.232,"color":"75f0ffff"},{"name":"y12","parent":"y","x":223.07,"y":30.71,"scaleX":1.201,"scaleY":1.201,"color":"75f0ffff"},{"name":"y11","parent":"y","x":-341.55,"y":554.25,"scaleX":0.941,"scaleY":0.941,"color":"75f0ffff"},{"name":"y17","parent":"y","x":310.9,"y":360.07,"scaleX":1.524,"scaleY":1.524,"color":"75f0ffff"},{"name":"y15","parent":"y","x":-366.88,"y":283.82,"scaleX":1.524,"scaleY":1.524,"color":"75f0ffff"},{"name":"y19","parent":"y","x":-251.71,"y":391.23,"scaleX":1.106,"scaleY":1.106,"color":"75f0ffff"},{"name":"y20","parent":"y","x":-50.91,"y":504.46,"scaleX":1.662,"scaleY":1.662,"color":"75f0ffff"},{"name":"y18","parent":"y","x":-302.96,"y":-1681.46,"scaleX":1.063,"scaleY":1.063,"color":"75f0ffff"},{"name":"y16","parent":"y","x":301.28,"y":536.11,"scaleX":1.063,"scaleY":1.063,"color":"75f0ffff"},{"name":"w","parent":"bone2","scaleX":1.523,"scaleY":1.523,"color":"5b6c99ff"},{"name":"w1","parent":"w","x":-113.34,"y":104.42,"scaleX":1.703,"scaleY":1.703,"color":"5b6c99ff"},{"name":"w2","parent":"w","x":1.06,"y":-46.42,"scaleX":1.94,"scaleY":1.94,"color":"5b6c99ff"},{"name":"w3","parent":"w","x":-75.2,"y":-207.93,"scaleX":2.087,"scaleY":2.087,"color":"5b6c99ff"},{"name":"w4","parent":"w","x":97.55,"y":-301.51,"scaleX":1.512,"scaleY":1.512,"color":"5b6c99ff"},{"name":"w5","parent":"w","x":-193.14,"y":-17.85,"scaleX":1.164,"scaleY":1.164,"color":"5b6c99ff"},{"name":"w6","parent":"w","x":113.67,"y":241.42,"scaleX":1.607,"scaleY":1.607,"color":"5b6c99ff"},{"name":"w7","parent":"w","x":-176.37,"y":287,"scaleX":1.164,"scaleY":1.164,"color":"5b6c99ff"},{"name":"w8","parent":"w","x":206.88,"y":66.46,"scaleX":1.164,"scaleY":1.164,"color":"5b6c99ff"}],"slots":[{"name":"w1","bone":"w1","attachment":"yun_"},{"name":"w2","bone":"w2","attachment":"yun_"},{"name":"w3","bone":"w3","attachment":"yun_"},{"name":"w4","bone":"w4","attachment":"yun_"},{"name":"w5","bone":"w5","color":"ffffffc7","attachment":"yun_"},{"name":"w6","bone":"w6","attachment":"yun_"},{"name":"w7","bone":"w7","attachment":"yun_"},{"name":"w8","bone":"w8","attachment":"yun_"},{"name":"y1","bone":"y1","attachment":"yun1127_"},{"name":"y2","bone":"y2","attachment":"yun1127_"},{"name":"y3","bone":"y3","attachment":"yun1127a_"},{"name":"y4","bone":"y4","attachment":"yun1127a_"},{"name":"y5","bone":"y5","attachment":"yun1127_"},{"name":"y6","bone":"y6","attachment":"yun1127_"},{"name":"y7","bone":"y7","attachment":"yun1127_"},{"name":"y8","bone":"y8","attachment":"yun1127_"},{"name":"y9","bone":"y9","attachment":"yun1127a_"},{"name":"y10","bone":"y10","attachment":"yun1127a_"},{"name":"y11","bone":"y11","attachment":"yun1127_"},{"name":"y12","bone":"y12","attachment":"yun1127_"},{"name":"y13","bone":"y13","attachment":"yun1127a_"},{"name":"y14","bone":"y14","attachment":"yun1127a_"},{"name":"y15","bone":"y15","attachment":"yun1127a_"},{"name":"y16","bone":"y16","attachment":"yun1127a_"},{"name":"y17","bone":"y17","attachment":"yun1127a_"},{"name":"y18","bone":"y18"},{"name":"y19","bone":"y19","attachment":"yun1127a_"},{"name":"y20","bone":"y20","attachment":"yun1127a_"}],"skins":{"default":{"w1":{"yun_":{"x":9.57,"y":3.19,"scaleX":2,"scaleY":2,"width":230,"height":142}},"w2":{"yun_":{"x":-1.42,"y":3.19,"scaleX":-2,"scaleY":2,"rotation":1.78,"width":230,"height":142}},"w3":{"yun_":{"x":9.57,"y":3.19,"scaleX":2,"scaleY":2,"width":230,"height":142}},"w4":{"yun_":{"x":9.57,"y":3.19,"scaleX":2,"scaleY":2,"width":230,"height":142}},"w5":{"yun_":{"x":9.57,"y":3.19,"scaleX":2,"scaleY":2,"width":230,"height":142}},"w6":{"yun_":{"x":9.57,"y":3.19,"scaleX":2,"scaleY":2,"width":230,"height":142}},"w7":{"yun_":{"x":0.4,"y":11.68,"scaleX":2,"scaleY":2,"width":230,"height":142}},"w8":{"yun_":{"x":-18.38,"y":15.52,"scaleX":2,"scaleY":2,"width":230,"height":142}},"y1":{"yun1127_":{"x":6.67,"y":-19.95,"scaleX":3.848,"scaleY":3.848,"width":195,"height":82}},"y10":{"yun1127a_":{"x":9.57,"y":3.19,"scaleX":2,"scaleY":2,"width":166,"height":80}},"y11":{"yun1127_":{"x":9.57,"y":-9.11,"scaleX":2,"scaleY":2,"width":195,"height":82}},"y12":{"yun1127_":{"x":9.57,"y":3.19,"scaleX":2,"scaleY":2,"width":195,"height":82}},"y13":{"yun1127a_":{"x":9.57,"y":3.19,"scaleX":2,"scaleY":2,"width":166,"height":80}},"y14":{"yun1127a_":{"x":9.57,"y":3.19,"scaleX":2,"scaleY":2,"width":166,"height":80}},"y15":{"yun1127a_":{"x":9.57,"y":3.19,"scaleX":-2,"scaleY":2,"width":166,"height":80}},"y16":{"yun1127a_":{"x":9.57,"y":-21.31,"scaleX":-2.98,"scaleY":3.034,"width":166,"height":80}},"y17":{"yun1127a_":{"x":9.57,"y":3.19,"scaleX":-2,"scaleY":2,"width":166,"height":80}},"y18":{"yun1127a_":{"x":9.57,"y":3.19,"scaleX":-2,"scaleY":2,"width":166,"height":80}},"y19":{"yun1127a_":{"x":9.57,"y":3.19,"scaleX":-2,"scaleY":2,"width":166,"height":80}},"y2":{"yun1127_":{"x":9.57,"y":3.19,"scaleX":2,"scaleY":2,"width":195,"height":82}},"y20":{"yun1127a_":{"x":9.57,"y":3.19,"scaleX":2,"scaleY":2,"width":166,"height":80}},"y3":{"yun1127a_":{"x":9.57,"y":3.19,"scaleX":2,"scaleY":2,"width":166,"height":80}},"y4":{"yun1127a_":{"x":6.12,"y":-14.04,"scaleX":2.706,"scaleY":2.706,"width":166,"height":80}},"y5":{"yun1127_":{"x":3.78,"y":-8.38,"scaleX":2,"scaleY":2,"width":195,"height":82}},"y6":{"yun1127_":{"x":9.57,"y":3.19,"scaleX":2,"scaleY":2,"width":195,"height":82}},"y7":{"yun1127_":{"x":3.67,"y":-0.74,"scaleX":-2.606,"scaleY":2.746,"width":195,"height":82}},"y8":{"yun1127_":{"x":9.57,"y":3.19,"scaleX":2,"scaleY":2,"width":195,"height":82}},"y9":{"yun1127a_":{"x":9.57,"y":3.19,"scaleX":2,"scaleY":2,"width":166,"height":80}}}},"animations":{"sankai":{"slots":{"w1":{"color":[{"time":0.6667,"color":"ffffffff"},{"time":1.5333,"color":"ffffff00"}]},"w2":{"color":[{"time":0.6667,"color":"ffffffff"},{"time":2,"color":"ffffff00"}]},"w3":{"color":[{"time":0.6667,"color":"ffffffff"},{"time":1.6667,"color":"ffffff00"}]},"w4":{"color":[{"time":0.6667,"color":"ffffffff"},{"time":1.6667,"color":"ffffff00"}]},"w5":{"color":[{"time":0.6667,"color":"ffffffc7"},{"time":1.5333,"color":"ffffff00"}]},"w6":{"color":[{"time":0.6667,"color":"ffffffff"},{"time":2.1667,"color":"ffffff00"}]},"w7":{"color":[{"time":0.6667,"color":"ffffffff"},{"time":1.5333,"color":"ffffff00"}]},"w8":{"color":[{"time":0.6667,"color":"ffffffff"},{"time":2.1667,"color":"ffffff00"}]},"y1":{"color":[{"time":0,"color":"ffffffff"},{"time":1.5,"color":"ffffff00"}]},"y2":{"color":[{"time":0,"color":"ffffffff"},{"time":2.1667,"color":"ffffff00"}]},"y3":{"color":[{"time":1,"color":"ffffffff"},{"time":2,"color":"ffffff00"}]},"y4":{"color":[{"time":0,"color":"ffffffff"},{"time":1.5,"color":"ffffff00"}]},"y5":{"color":[{"time":0,"color":"ffffffff"},{"time":1.5,"color":"ffffff00"}]},"y6":{"color":[{"time":0,"color":"ffffffff"},{"time":2.1667,"color":"ffffff00"}]},"y7":{"color":[{"time":0,"color":"ffffffff"},{"time":1.6667,"color":"ffffff00"}]},"y8":{"color":[{"time":0,"color":"ffffffff"},{"time":1.5,"color":"ffffff00"}]},"y9":{"color":[{"time":0,"color":"ffffffff"},{"time":1.6667,"color":"ffffff00"}]},"y10":{"color":[{"time":0,"color":"ffffffff"},{"time":1.5,"color":"ffffff00"}]},"y11":{"color":[{"time":0,"color":"ffffffff"},{"time":1.6667,"color":"ffffff00"}]},"y12":{"color":[{"time":0,"color":"ffffffff"},{"time":1.5,"color":"ffffff00"}]},"y13":{"color":[{"time":0,"color":"ffffffff"},{"time":1.5,"color":"ffffff00"}]},"y14":{"color":[{"time":1,"color":"ffffffff"},{"time":2.1667,"color":"ffffff00"}]},"y15":{"color":[{"time":0,"color":"ffffffff"},{"time":1.5,"color":"ffffff00"}]},"y16":{"color":[{"time":0.6667,"color":"ffffffff"},{"time":1.6667,"color":"ffffff00"}]},"y17":{"color":[{"time":0,"color":"ffffffff"},{"time":1.5,"color":"ffffff00"}]},"y18":{"color":[{"time":0,"color":"ffffffff"},{"time":1.5,"color":"ffffff00"}]},"y19":{"color":[{"time":0,"color":"ffffffff"},{"time":2.1667,"color":"ffffff00"}]},"y20":{"color":[{"time":0.8333,"color":"ffffffff"},{"time":2.1667,"color":"ffffff00"}]}},"bones":{"w8":{"translate":[{"time":0,"x":0,"y":0},{"time":2.1333,"x":317.4,"y":0}]},"w7":{"translate":[{"time":0,"x":0,"y":0},{"time":1.5,"x":-155.2,"y":0}]},"w6":{"translate":[{"time":0,"x":0,"y":0},{"time":2.1333,"x":213.28,"y":0}]},"w5":{"translate":[{"time":0,"x":0,"y":0},{"time":1.5,"x":317.4,"y":0}]},"w4":{"translate":[{"time":0,"x":0,"y":0},{"time":1.6333,"x":285.84,"y":0}]},"w3":{"translate":[{"time":0,"x":34.94,"y":0},{"time":1.6333,"x":-174.14,"y":0}]},"w2":{"translate":[{"time":0,"x":0,"y":0},{"time":1.9667,"x":-381.7,"y":0}]},"w1":{"translate":[{"time":0,"x":0,"y":0},{"time":1.5,"x":-298.24,"y":0}]},"y20":{"translate":[{"time":0,"x":0,"y":0},{"time":2.1667,"x":-484.12,"y":0}]},"y19":{"translate":[{"time":0,"x":0,"y":0},{"time":2.1667,"x":-425.21,"y":0}]},"y18":{"translate":[{"time":0,"x":0,"y":0},{"time":1.5,"x":-408.33,"y":0}]},"y17":{"translate":[{"time":0,"x":19.24,"y":0},{"time":1.5,"x":166.46,"y":0}]},"y16":{"translate":[{"time":0,"x":-102.27,"y":0},{"time":1.6667,"x":145.54,"y":0}],"scale":[{"time":0,"x":1.371,"y":1.371},{"time":1.6667,"x":0.891,"y":0.891}]},"y15":{"translate":[{"time":0,"x":0,"y":0},{"time":1.5,"x":-585.54,"y":0}]},"y14":{"translate":[{"time":0,"x":30.46,"y":0},{"time":2.1667,"x":505.11,"y":0}]},"y13":{"translate":[{"time":0,"x":0,"y":0},{"time":1.5,"x":-857.9,"y":0}]},"y12":{"translate":[{"time":0,"x":0,"y":0},{"time":1.5,"x":-802.43,"y":0}]},"y11":{"translate":[{"time":0,"x":0,"y":0},{"time":1.6667,"x":-154.8,"y":0}]},"y10":{"translate":[{"time":0,"x":0,"y":0},{"time":1.5,"x":578.21,"y":0}]},"y9":{"translate":[{"time":0,"x":0,"y":0},{"time":1.6667,"x":-217.87,"y":0}]},"y8":{"translate":[{"time":0,"x":0,"y":0},{"time":1.5,"x":110.59,"y":0}]},"y7":{"translate":[{"time":0,"x":100.1,"y":0},{"time":1.6667,"x":-275.04,"y":0}]},"y6":{"translate":[{"time":0,"x":0,"y":0},{"time":2.1667,"x":262.1,"y":0}]},"y5":{"translate":[{"time":0,"x":0,"y":0},{"time":1.5,"x":316.07,"y":0}],"scale":[{"time":0,"x":1.915,"y":1.915},{"time":1.5,"x":1,"y":1}]},"y4":{"translate":[{"time":0,"x":0,"y":0},{"time":1.5,"x":449.19,"y":0}]},"y3":{"translate":[{"time":0,"x":0,"y":0},{"time":2,"x":478.8,"y":0}]},"y2":{"translate":[{"time":0,"x":104.69,"y":0},{"time":2.1667,"x":-182.27,"y":0}]},"y1":{"translate":[{"time":0,"x":-79.92,"y":0},{"time":1.5,"x":316.07,"y":0}],"scale":[{"time":0,"x":1,"y":1},{"time":1.5,"x":0.826,"y":0.826}]}}}}}