{
"skeleton": { "hash": "ClJktMHGNSYMSAO0krgMtim922A", "spine": "3.7.94", "width": 653.41, "height": 627.98, "images": "", "audio": "E:/-界面-节日/斋月节/月之祝福2023/psd/1/images" },
"bones": [
	{ "name": "root" },
	{ "name": "1b", "parent": "root", "x": -281.81, "y": 435.98 },
	{ "name": "1a", "parent": "root", "x": -301.65, "y": 388.83 },
	{ "name": "2b", "parent": "root", "x": 301.73, "y": 391.27 },
	{ "name": "1a2", "parent": "1a", "length": 46.36, "rotation": -89.25, "x": -0.69, "y": 0.29 },
	{ "name": "1a3", "parent": "1a2", "length": 34.77, "rotation": -0.75, "x": 46.36 },
	{ "name": "1a4", "parent": "1a3", "length": 34.78, "rotation": 1.01, "x": 34.77 },
	{ "name": "1a5", "parent": "1a4", "length": 39.65, "rotation": -0.12, "x": 34.78 },
	{ "name": "1a7", "parent": "1a5", "length": 44.53, "rotation": -0.88, "x": 71.35, "y": -1.71 },
	{ "name": "1a8", "parent": "1a7", "length": 34.17, "rotation": -1.02, "x": 44.53 },
	{ "name": "1a9", "parent": "1a8", "length": 39.67, "rotation": 2.79, "x": 34.17 },
	{ "name": "1b2", "parent": "1b", "length": 53.93, "rotation": -89.33, "x": -0.88, "y": 0.61 },
	{ "name": "1b3", "parent": "1b2", "length": 37.62, "rotation": -0.67, "x": 53.93 },
	{ "name": "1b4", "parent": "1b3", "length": 36.39, "rotation": 1.97, "x": 37.62 },
	{ "name": "1b5", "parent": "1b4", "length": 37.64, "rotation": -3.88, "x": 36.39 },
	{ "name": "1b6", "parent": "1b5", "length": 35.12, "rotation": 2.93, "x": 37.64 },
	{ "name": "1b7", "parent": "1b6", "length": 53.3, "rotation": -1.02, "x": 35.12 },
	{ "name": "1b8", "parent": "1b7", "length": 57.06, "rotation": 0.63, "x": 53.3 },
	{ "name": "1b9", "parent": "1b8", "length": 44.52, "rotation": -0.63, "x": 57.06 },
	{ "name": "1b10", "parent": "1b9", "length": 31.98, "rotation": -1.12, "x": 44.52 },
	{ "name": "1b11", "parent": "1b10", "length": 58.32, "rotation": 2.36, "x": 30.07, "y": 0.38 },
	{ "name": "1b12", "parent": "1b11", "length": 54.55, "rotation": -1.23, "x": 58.32 },
	{ "name": "1b13", "parent": "1b12", "length": 40.75, "x": 54.55 },
	{ "name": "1b14", "parent": "1b13", "length": 45.14, "x": 40.75 },
	{ "name": "2a", "parent": "root", "x": 244.17, "y": 435.98 },
	{ "name": "1b16", "parent": "2a", "length": 53.93, "rotation": -89.33, "x": 34.68, "y": 1.02 },
	{ "name": "1b17", "parent": "1b16", "length": 37.62, "rotation": -0.67, "x": 53.93 },
	{ "name": "1b18", "parent": "1b17", "length": 36.39, "rotation": 1.97, "x": 37.62 },
	{ "name": "1b19", "parent": "1b18", "length": 37.64, "rotation": -3.88, "x": 36.39 },
	{ "name": "1b20", "parent": "1b19", "length": 35.12, "rotation": 2.93, "x": 37.64 },
	{ "name": "1b21", "parent": "1b20", "length": 53.3, "rotation": -1.02, "x": 35.12 },
	{ "name": "1b22", "parent": "1b21", "length": 57.06, "rotation": 0.63, "x": 53.3 },
	{ "name": "1b23", "parent": "1b22", "length": 44.52, "rotation": -0.63, "x": 57.06 },
	{ "name": "1b24", "parent": "1b23", "length": 31.98, "rotation": -1.12, "x": 44.52 },
	{ "name": "1b25", "parent": "1b24", "length": 58.32, "rotation": 2.36, "x": 30.11, "y": -0.66 },
	{ "name": "1b26", "parent": "1b25", "length": 54.55, "rotation": -1.23, "x": 58.32 },
	{ "name": "1b27", "parent": "1b26", "length": 40.75, "x": 54.55 },
	{ "name": "1b28", "parent": "1b27", "length": 45.14, "x": 40.75 },
	{ "name": "2b2", "parent": "2b", "length": 41.53, "rotation": -88.26, "x": -1.24, "y": -0.5 },
	{ "name": "2b3", "parent": "2b2", "length": 42.77, "rotation": -1.74, "x": 41.53 },
	{ "name": "2b4", "parent": "2b3", "length": 32.71, "rotation": 1.1, "x": 42.77 },
	{ "name": "2b5", "parent": "2b4", "length": 71.71, "rotation": -1.1, "x": 32.71 },
	{ "name": "2b6", "parent": "2b5", "length": 42.14, "x": 71.71 },
	{ "name": "2b7", "parent": "2b6", "length": 54.73, "rotation": 0.66, "x": 42.14 },
	{ "name": "2b8", "parent": "2b7", "length": 57.24, "rotation": -1.29, "x": 55.36, "y": -0.01 },
	{ "name": "2b9", "parent": "2b8", "length": 37.11, "rotation": 0.63, "x": 57.24 },
	{ "name": "2b10", "parent": "2b9", "length": 44.66, "x": 37.11 },
	{ "name": "xx1", "parent": "root", "x": -2.12, "y": -11.33 },
	{ "name": "xing_1", "parent": "xx1", "x": -294.8, "y": 141.8 },
	{ "name": "xing_2", "parent": "xx1", "x": -280.67, "y": 216.23 },
	{ "name": "xing_3", "parent": "xx1", "x": -299.91, "y": 188.5 },
	{ "name": "tx_x_1", "parent": "xx1", "x": -290.5, "y": 381.51 },
	{ "name": "xing_4", "parent": "xx1", "x": -277.76, "y": 330.93 },
	{ "name": "xing_5", "parent": "xx1", "x": -274.64, "y": 269.92 },
	{ "name": "xing_6", "parent": "xx1", "x": -278.58, "y": 70.97 },
	{ "name": "xing_7", "parent": "xx1", "x": -279.27, "y": -91.95 },
	{ "name": "xing_8", "parent": "xx1", "x": -275.18, "y": 158.61 },
	{ "name": "xx2", "parent": "root", "x": 279.03, "y": -11.33 },
	{ "name": "xing_9", "parent": "xx2", "x": -0.4, "y": 90.28 },
	{ "name": "xing_10", "parent": "xx2", "x": 21.09, "y": 216.23 },
	{ "name": "xing_11", "parent": "xx2", "x": -8.45, "y": 188.5 },
	{ "name": "tx_x_2", "parent": "xx2", "x": 0.96, "y": 381.51 },
	{ "name": "xing_12", "parent": "xx2", "x": 3.5, "y": 386.25 },
	{ "name": "xing_13", "parent": "xx2", "x": -3.79, "y": 269.92 },
	{ "name": "xing_14", "parent": "xx2", "x": 2.57, "y": 38.59 },
	{ "name": "xing_15", "parent": "xx2", "x": -1.07, "y": -102.26 },
	{ "name": "xing_16", "parent": "xx2", "x": 16.28, "y": 158.61 }
],
"slots": [
	{ "name": "1b_1", "bone": "1b", "attachment": "qi_lian1_" },
	{ "name": "1b_4", "bone": "2a", "attachment": "qi_lian1_" },
	{ "name": "qi_lian1_3", "bone": "1a", "attachment": "qi_lian1_" },
	{ "name": "qi_lian1_4", "bone": "2b", "attachment": "qi_lian1_" },
	{ "name": "lian_3_", "bone": "1a8", "attachment": "lian_3_" },
	{ "name": "lian_3_xx_", "bone": "1a9", "attachment": "lian_3_xx_" },
	{ "name": "lian_3_xx_2", "bone": "2b10", "attachment": "lian_3_xx_" },
	{ "name": "lian_1_xing_", "bone": "1b14", "attachment": "lian_1_xing_" },
	{ "name": "lian_1_xing_3", "bone": "1b24", "attachment": "lian_1_xing_" },
	{ "name": "lian_1_wujiaoxing_", "bone": "1b10", "attachment": "lian_1_wujiaoxing_" },
	{ "name": "lian_1_wujiaoxing_3", "bone": "1b28", "attachment": "lian_1_wujiaoxing_" },
	{ "name": "1b_2", "bone": "1b", "attachment": "lian_1_" },
	{ "name": "1b_5", "bone": "2a", "attachment": "lian_1_" },
	{ "name": "1b_3", "bone": "1b", "attachment": "lian_1_" },
	{ "name": "1b_6", "bone": "2a", "attachment": "lian_1_" },
	{ "name": "lian_1_5", "bone": "2b", "attachment": "lian_1_" },
	{ "name": "lian_1_lanx_", "bone": "1b6", "attachment": "lian_1_lanx_" },
	{ "name": "lian_1_lanx_3", "bone": "1b20", "attachment": "lian_1_lanx_" },
	{ "name": "lian_1_liant_", "bone": "1b5", "attachment": "lian_1_liant_" },
	{ "name": "lian_1_liant_3", "bone": "1b19", "attachment": "lian_1_liant_" },
	{ "name": "lian_2_", "bone": "1a5", "attachment": "lian_2_" },
	{ "name": "lian_2_2", "bone": "2b5", "attachment": "lian_2_" },
	{ "name": "lian_2_stars_", "bone": "1a7", "attachment": "lian_2_stars_" },
	{ "name": "lian_2_stars_2", "bone": "2b6", "attachment": "lian_2_stars_" },
	{ "name": "qi_1", "bone": "root", "attachment": "qi_" },
	{ "name": "qi_2", "bone": "root", "attachment": "qi_" },
	{ "name": "tx_x_", "bone": "tx_x_1", "blend": "additive" },
	{ "name": "tx_x_2", "bone": "tx_x_2", "blend": "additive" },
	{ "name": "xing_1", "bone": "xing_1", "blend": "additive" },
	{ "name": "xing_9", "bone": "xing_9", "blend": "additive" },
	{ "name": "xing_4", "bone": "xing_4", "blend": "additive" },
	{ "name": "xing_12", "bone": "xing_12", "blend": "additive" },
	{ "name": "xing_5", "bone": "xing_5", "blend": "additive" },
	{ "name": "xing_13", "bone": "xing_13", "blend": "additive" },
	{ "name": "xing_6", "bone": "xing_6", "blend": "additive" },
	{ "name": "xing_14", "bone": "xing_14", "blend": "additive" },
	{ "name": "xing_7", "bone": "xing_7", "blend": "additive" },
	{ "name": "xing_15", "bone": "xing_15", "blend": "additive" },
	{ "name": "xing_8", "bone": "xing_8", "blend": "additive" },
	{ "name": "xing_16", "bone": "xing_16", "blend": "additive" },
	{ "name": "xing_2", "bone": "xing_2", "blend": "additive" },
	{ "name": "xing_10", "bone": "xing_10", "blend": "additive" },
	{ "name": "xing_3", "bone": "xing_3" },
	{ "name": "xing_11", "bone": "xing_11" },
	{ "name": "guagnqiu_", "bone": "1b6", "color": "009fffff", "blend": "additive" },
	{ "name": "guagnqiu_4", "bone": "1b19", "color": "009fffff", "blend": "additive" },
	{ "name": "guagnqiu_2", "bone": "1a5", "color": "7689ffff", "blend": "additive" },
	{ "name": "guagnqiu_3", "bone": "2b5", "color": "7689ffff", "blend": "additive" }
],
"skins": {
	"default": {
		"1b_1": {
			"qi_lian1_": {
				"type": "mesh",
				"uvs": [ 1, 1, 0, 1, 0, 0.8, 0, 0.6, 0, 0.4, 0, 0.2, 0, 0, 1, 0, 1, 0.2, 1, 0.4, 1, 0.6, 1, 0.8 ],
				"triangles": [ 11, 10, 2, 1, 11, 2, 0, 11, 1, 10, 9, 3, 2, 10, 3, 5, 7, 6, 8, 7, 5, 4, 8, 5, 9, 8, 4, 3, 9, 4 ],
				"vertices": [ 1, 13, 36.22, 4.3, 1, 1, 13, 35.91, -4.69, 1, 1, 13, 10.13, -3.8, 1, 1, 12, 22.07, -3.45, 1, 1, 11, 50.16, -3.41, 1, 1, 11, 24.36, -3.11, 1, 1, 11, -1.44, -2.81, 1, 1, 11, -1.33, 6.19, 1, 1, 11, 24.47, 5.89, 1, 2, 11, 50.26, 5.59, 0.91497, 12, -3.73, 5.55, 0.08503, 1, 12, 22.07, 5.55, 1, 1, 13, 10.44, 5.19, 1 ],
				"hull": 12,
				"edges": [ 0, 2, 2, 4, 4, 6, 6, 8, 8, 10, 10, 12, 12, 14, 14, 16, 16, 18, 18, 20, 20, 22, 22, 0 ],
				"width": 9,
				"height": 129
			}
		},
		"1b_2": {
			"lian_1_": {
				"type": "mesh",
				"uvs": [ 1, 1, 0, 1, 0, 0.8, 0, 0.6, 0, 0.4, 0, 0.2, 0, 0, 1, 0, 1, 0.2, 1, 0.4, 1, 0.6, 1, 0.8 ],
				"triangles": [ 11, 10, 2, 1, 11, 2, 0, 11, 1, 9, 8, 4, 3, 9, 4, 10, 9, 3, 2, 10, 3, 5, 7, 6, 8, 7, 5, 4, 8, 5 ],
				"vertices": [ 1, 18, 44.36, 2.21, 1, 1, 18, 44.36, -2.79, 1, 1, 18, 13.56, -2.79, 1, 1, 17, 39.79, -2.6, 1, 1, 17, 8.99, -2.27, 1, 1, 16, 31.51, -2.17, 1, 1, 16, 0.71, -2.17, 1, 1, 16, 0.71, 2.83, 1, 1, 16, 31.51, 2.83, 1, 1, 17, 9.04, 2.73, 1, 1, 17, 39.84, 2.4, 1, 1, 18, 13.56, 2.21, 1 ],
				"hull": 12,
				"edges": [ 0, 2, 2, 4, 4, 6, 6, 8, 8, 10, 10, 12, 12, 14, 14, 16, 16, 18, 18, 20, 20, 22, 22, 0 ],
				"width": 5,
				"height": 154
			}
		},
		"1b_3": {
			"lian_1_": {
				"type": "mesh",
				"uvs": [ 1, 1, 0, 1, 0, 0.8, 0, 0.6, 0, 0.4, 0, 0.2, 0, 0, 1, 0, 1, 0.2, 1, 0.4, 1, 0.6, 1, 0.8 ],
				"triangles": [ 11, 10, 2, 1, 11, 2, 0, 11, 1, 9, 8, 4, 3, 9, 4, 10, 9, 3, 2, 10, 3, 5, 7, 6, 8, 7, 5, 4, 8, 5 ],
				"vertices": [ 1, 22, 41.38, 2.21, 1, 1, 22, 41.38, -2.79, 1, 1, 22, 10.58, -2.79, 1, 1, 21, 34.33, -2.79, 1, 2, 20, 61.79, -2.87, 0.00453, 21, 3.53, -2.79, 0.99547, 1, 20, 31, -2.21, 1, 1, 20, 0.21, -1.54, 1, 1, 20, 0.32, 3.45, 1, 1, 20, 31.11, 2.79, 1, 1, 21, 3.53, 2.21, 1, 1, 21, 34.33, 2.21, 1, 1, 22, 10.58, 2.21, 1 ],
				"hull": 12,
				"edges": [ 0, 2, 2, 4, 4, 6, 6, 8, 8, 10, 10, 12, 12, 14, 14, 16, 16, 18, 18, 20, 20, 22, 22, 0 ],
				"width": 5,
				"height": 154
			}
		},
		"1b_4": {
			"qi_lian1_": {
				"type": "mesh",
				"uvs": [ 1, 1, 0, 1, 0, 0.8, 0, 0.6, 0, 0.4, 0, 0.2, 0, 0, 1, 0, 1, 0.2, 1, 0.4, 1, 0.6, 1, 0.8 ],
				"triangles": [ 11, 10, 2, 1, 11, 2, 0, 11, 1, 10, 9, 3, 2, 10, 3, 5, 7, 6, 8, 7, 5, 4, 8, 5, 9, 8, 4, 3, 9, 4 ],
				"vertices": [ 1, 27, 36.22, 4.3, 1, 1, 27, 35.91, -4.69, 1, 1, 27, 10.13, -3.8, 1, 1, 26, 22.07, -3.45, 1, 1, 25, 50.16, -3.41, 1, 1, 25, 24.36, -3.11, 1, 1, 25, -1.44, -2.81, 1, 1, 25, -1.33, 6.19, 1, 1, 25, 24.47, 5.89, 1, 2, 25, 50.26, 5.59, 0.91497, 26, -3.73, 5.55, 0.08503, 1, 26, 22.07, 5.55, 1, 1, 27, 10.44, 5.19, 1 ],
				"hull": 12,
				"edges": [ 0, 2, 2, 4, 4, 6, 6, 8, 8, 10, 10, 12, 12, 14, 14, 16, 16, 18, 18, 20, 20, 22, 22, 0 ],
				"width": 9,
				"height": 129
			}
		},
		"1b_5": {
			"lian_1_": {
				"type": "mesh",
				"uvs": [ 1, 1, 0, 1, 0, 0.8, 0, 0.6, 0, 0.4, 0, 0.2, 0, 0, 1, 0, 1, 0.2, 1, 0.4, 1, 0.6, 1, 0.8 ],
				"triangles": [ 11, 10, 2, 1, 11, 2, 0, 11, 1, 9, 8, 4, 3, 9, 4, 10, 9, 3, 2, 10, 3, 5, 7, 6, 8, 7, 5, 4, 8, 5 ],
				"vertices": [ 1, 32, 35.38, 2.21, 1, 1, 32, 35.38, -2.79, 1, 1, 32, 4.58, -2.79, 1, 1, 31, 30.81, -2.51, 1, 1, 31, 0.01, -2.17, 1, 1, 30, 22.53, -2.17, 1, 1, 30, -8.27, -2.17, 1, 1, 30, -8.27, 2.83, 1, 1, 30, 22.53, 2.83, 1, 1, 31, 0.07, 2.83, 1, 1, 31, 30.87, 2.49, 1, 1, 32, 4.58, 2.21, 1 ],
				"hull": 12,
				"edges": [ 0, 2, 2, 4, 4, 6, 6, 8, 8, 10, 10, 12, 12, 14, 14, 16, 16, 18, 18, 20, 20, 22, 22, 0 ],
				"width": 5,
				"height": 154
			}
		},
		"1b_6": {
			"lian_1_": {
				"type": "mesh",
				"uvs": [ 1, 1, 0, 1, 0, 0.8, 0, 0.6, 0, 0.4, 0, 0.2, 0, 0, 1, 0, 1, 0.2, 1, 0.4, 1, 0.6, 1, 0.8 ],
				"triangles": [ 11, 10, 2, 1, 11, 2, 0, 11, 1, 9, 8, 4, 3, 9, 4, 10, 9, 3, 2, 10, 3, 5, 7, 6, 8, 7, 5, 4, 8, 5 ],
				"vertices": [ 1, 36, 41.38, 2.21, 1, 1, 36, 41.38, -2.79, 1, 1, 36, 10.58, -2.79, 1, 1, 35, 34.33, -2.79, 1, 1, 35, 3.53, -2.79, 1, 1, 34, 31, -2.21, 1, 1, 34, 0.21, -1.54, 1, 1, 34, 0.32, 3.45, 1, 1, 34, 31.11, 2.79, 1, 1, 35, 3.53, 2.21, 1, 1, 35, 34.33, 2.21, 1, 1, 36, 10.58, 2.21, 1 ],
				"hull": 12,
				"edges": [ 0, 2, 2, 4, 4, 6, 6, 8, 8, 10, 10, 12, 12, 14, 14, 16, 16, 18, 18, 20, 20, 22, 22, 0 ],
				"width": 5,
				"height": 154
			}
		},
		"guagnqiu_": {
			"guagnqiu_": { "x": 15.05, "y": -0.06, "rotation": 88.98, "width": 64, "height": 64 }
		},
		"guagnqiu_2": {
			"guagnqiu_": {
				"x": 66.5,
				"y": -1.12,
				"scaleX": 0.55,
				"scaleY": 0.55,
				"rotation": 89.12,
				"width": 64,
				"height": 64
			}
		},
		"guagnqiu_3": {
			"guagnqiu_": {
				"x": 67.06,
				"y": -0.22,
				"scaleX": 0.55,
				"scaleY": 0.55,
				"rotation": 90,
				"width": 64,
				"height": 64
			}
		},
		"guagnqiu_4": {
			"guagnqiu_": { "x": 53.12, "y": -0.06, "rotation": 91.91, "width": 64, "height": 64 }
		},
		"lian_1_5": {
			"lian_1_": {
				"type": "mesh",
				"uvs": [ 1, 1, 0, 1, 0, 0.75, 0, 0.5, 0, 0.25, 0, 0, 1, 0, 1, 0.25, 1, 0.5, 1, 0.75 ],
				"triangles": [ 1, 9, 2, 0, 9, 1, 8, 7, 3, 2, 8, 3, 9, 8, 2, 4, 6, 5, 7, 6, 4, 3, 7, 4 ],
				"vertices": [ 1, 45, 37.93, 2.53, 1, 1, 45, 37.93, -2.47, 1, 2, 44, 56.7, -2.48, 0.62794, 45, -0.57, -2.47, 0.37206, 1, 44, 18.2, -2.9, 1, 1, 43, 34.99, -2.88, 1, 1, 43, -3.51, -2.43, 1, 1, 43, -3.45, 2.57, 1, 1, 43, 35.05, 2.12, 1, 1, 44, 18.15, 2.1, 1, 2, 44, 56.64, 2.52, 0.57613, 45, -0.57, 2.53, 0.42387 ],
				"hull": 10,
				"edges": [ 0, 2, 2, 4, 4, 6, 6, 8, 8, 10, 10, 12, 12, 14, 14, 16, 16, 18, 18, 0 ],
				"width": 5,
				"height": 154
			}
		},
		"lian_1_lanx_": {
			"lian_1_lanx_": { "x": 16.07, "y": 0.28, "rotation": 88.98, "width": 35, "height": 40 }
		},
		"lian_1_lanx_3": {
			"lian_1_lanx_": { "x": 16.07, "y": 0.28, "rotation": 88.98, "width": 35, "height": 40 }
		},
		"lian_1_liant_": {
			"lian_1_liant_": { "x": 16.18, "y": 0.35, "rotation": 91.91, "width": 16, "height": 39 }
		},
		"lian_1_liant_3": {
			"lian_1_liant_": { "x": 16.18, "y": 0.35, "rotation": 91.91, "width": 16, "height": 39 }
		},
		"lian_1_wujiaoxing_": {
			"lian_1_wujiaoxing_": { "x": 17.58, "y": 0.51, "rotation": 91.12, "width": 43, "height": 41 }
		},
		"lian_1_wujiaoxing_3": {
			"lian_1_wujiaoxing_": { "x": 11.33, "y": 0.17, "rotation": 90, "width": 43, "height": 41 }
		},
		"lian_1_xing_": {
			"lian_1_xing_": { "x": 21.38, "y": -0.03, "rotation": 90, "width": 33, "height": 48 }
		},
		"lian_1_xing_3": {
			"lian_1_xing_": {
				"x": 10.27,
				"y": 0.17,
				"scaleX": 0.9,
				"scaleY": 0.9,
				"rotation": 91.12,
				"width": 33,
				"height": 48
			}
		},
		"lian_2_": {
			"lian_2_": { "x": 34.9, "y": -0.32, "rotation": 89.12, "width": 21, "height": 76 }
		},
		"lian_2_2": {
			"lian_2_": { "x": 35.87, "y": -0.03, "rotation": 90, "width": 21, "height": 76 }
		},
		"lian_2_stars_": {
			"lian_2_stars_": { "x": 21.35, "y": 0.33, "rotation": 90, "width": 50, "height": 49 }
		},
		"lian_2_stars_2": {
			"lian_2_stars_": { "x": 21.57, "y": -0.37, "rotation": 90, "width": 50, "height": 49 }
		},
		"lian_3_": {
			"lian_3_": { "x": 16.82, "y": 0.53, "rotation": 91.02, "width": 5, "height": 35 }
		},
		"lian_3_xx_": {
			"lian_3_xx_": { "x": 18.69, "y": 0.6, "rotation": 88.24, "width": 30, "height": 41 }
		},
		"lian_3_xx_2": {
			"lian_3_xx_": { "x": 19.32, "y": 1, "rotation": 90, "width": 30, "height": 41 }
		},
		"qi_1": {
			"qi_": { "x": 159.65, "y": 430, "width": 320, "height": 100 }
		},
		"qi_2": {
			"qi_": { "x": -160.46, "y": 430, "scaleX": -1, "width": 320, "height": 100 }
		},
		"qi_lian1_3": {
			"qi_lian1_": {
				"type": "mesh",
				"uvs": [ 1, 1, 0, 1, 0, 0.8, 0, 0.6, 0, 0.4, 0, 0.2, 0, 0, 1, 0, 1, 0.2, 1, 0.4, 1, 0.6, 1, 0.8 ],
				"triangles": [ 11, 10, 2, 1, 11, 2, 0, 11, 1, 10, 9, 3, 2, 10, 3, 5, 7, 6, 8, 7, 5, 4, 8, 5, 9, 8, 4, 3, 9, 4 ],
				"vertices": [ 1, 6, 36.2, 4.62, 1, 1, 6, 36.04, -4.37, 1, 1, 6, 10.25, -3.92, 1, 1, 5, 19.28, -3.74, 1, 1, 4, 39.8, -3.65, 1, 1, 4, 14, -3.32, 1, 1, 4, -11.8, -2.98, 1, 1, 4, -11.68, 6.02, 1, 1, 4, 14.12, 5.68, 1, 2, 4, 39.92, 5.34, 0.99761, 5, -6.52, 5.26, 0.00239, 1, 5, 19.28, 5.26, 1, 1, 6, 10.4, 5.08, 1 ],
				"hull": 12,
				"edges": [ 0, 2, 2, 4, 4, 6, 6, 8, 8, 10, 10, 12, 12, 14, 14, 16, 16, 18, 18, 20, 20, 22, 22, 0 ],
				"width": 9,
				"height": 129
			}
		},
		"qi_lian1_4": {
			"qi_lian1_": {
				"type": "mesh",
				"uvs": [ 1, 1, 0, 1, 0, 0.75, 0, 0.5, 0, 0.25, 0, 0, 1, 0, 1, 0.25, 1, 0.5, 1, 0.75 ],
				"triangles": [ 9, 8, 2, 1, 9, 2, 0, 9, 1, 8, 7, 3, 2, 8, 3, 4, 6, 5, 7, 6, 4, 3, 7, 4 ],
				"vertices": [ 1, 40, 34.04, 4.55, 1, 1, 40, 33.87, -4.45, 1, 2, 39, 44.47, -3.8, 0.19814, 40, 1.63, -3.83, 0.80186, 1, 39, 12.22, -3.8, 1, 1, 38, 21.4, -3.19, 1, 1, 38, -10.84, -2.21, 1, 1, 38, -10.56, 6.78, 1, 1, 38, 21.67, 5.81, 1, 1, 39, 12.22, 5.2, 1, 2, 39, 44.47, 5.2, 0.25135, 40, 1.8, 5.17, 0.74865 ],
				"hull": 10,
				"edges": [ 0, 2, 2, 4, 4, 6, 6, 8, 8, 10, 10, 12, 12, 14, 14, 16, 16, 18, 18, 0 ],
				"width": 9,
				"height": 129
			}
		},
		"tx_x_": {
			"tx_x_": { "x": 7.32, "y": 1.32, "width": 238, "height": 144 }
		},
		"tx_x_2": {
			"tx_x_": { "x": 7.32, "y": 1.32, "width": 238, "height": 144 }
		},
		"xing_1": {
			"tx_x_": { "x": 8.18, "width": 238, "height": 144 }
		},
		"xing_10": {
			"tx_x_": { "x": 7.93, "y": -0.48, "width": 238, "height": 144 }
		},
		"xing_11": {
			"tx_x_": { "x": 7.49, "width": 238, "height": 144 }
		},
		"xing_12": {
			"tx_x_": { "x": 8.18, "width": 238, "height": 144 }
		},
		"xing_13": {
			"tx_x_": { "x": 8.18, "width": 238, "height": 144 }
		},
		"xing_14": {
			"tx_x_": { "x": 8.18, "width": 238, "height": 144 }
		},
		"xing_15": {
			"tx_x_": { "x": 8.18, "width": 238, "height": 144 }
		},
		"xing_16": {
			"tx_x_": { "x": 8.18, "width": 238, "height": 144 }
		},
		"xing_2": {
			"tx_x_": { "x": 7.93, "y": -0.48, "width": 238, "height": 144 }
		},
		"xing_3": {
			"tx_x_": { "x": 7.49, "width": 238, "height": 144 }
		},
		"xing_4": {
			"tx_x_": { "x": 8.18, "width": 238, "height": 144 }
		},
		"xing_5": {
			"tx_x_": { "x": 8.18, "width": 238, "height": 144 }
		},
		"xing_6": {
			"tx_x_": { "x": 8.18, "width": 238, "height": 144 }
		},
		"xing_7": {
			"tx_x_": { "x": 8.18, "width": 238, "height": 144 }
		},
		"xing_8": {
			"tx_x_": { "x": 8.18, "width": 238, "height": 144 }
		},
		"xing_9": {
			"tx_x_": { "x": 8.18, "width": 238, "height": 144 }
		}
	}
},
"animations": {
	"animation": {
		"slots": {
			"guagnqiu_": {
				"color": [
					{ "time": 0, "color": "009fff00" },
					{ "time": 0.5, "color": "009fffff" },
					{ "time": 1, "color": "009fff00" }
				],
				"attachment": [
					{ "time": 0, "name": "guagnqiu_" }
				]
			},
			"guagnqiu_2": {
				"color": [
					{ "time": 0.9, "color": "009fff00" },
					{ "time": 1.4, "color": "009fffff" },
					{ "time": 1.9, "color": "009fff00" }
				],
				"attachment": [
					{ "time": 0.9, "name": "guagnqiu_" }
				]
			},
			"guagnqiu_3": {
				"color": [
					{ "time": 0, "color": "009fff00" },
					{ "time": 0.5, "color": "009fffff" },
					{ "time": 1, "color": "009fff00" }
				],
				"attachment": [
					{ "time": 0, "name": "guagnqiu_" }
				]
			},
			"guagnqiu_4": {
				"color": [
					{ "time": 0, "color": "00e7ff92" },
					{ "time": 0.5, "color": "009fff00", "curve": "stepped" },
					{ "time": 1.5, "color": "009fff00" },
					{ "time": 2, "color": "00e7ff92" }
				],
				"attachment": [
					{ "time": 0, "name": "guagnqiu_" }
				]
			},
			"tx_x_": {
				"color": [
					{ "time": 0, "color": "ffffffff", "curve": "stepped" },
					{ "time": 0.3333, "color": "ffffffff" },
					{ "time": 0.5, "color": "ffffff00" },
					{ "time": 1.5, "color": "ffffff00" },
					{ "time": 1.6667, "color": "ffffffff" }
				],
				"attachment": [
					{ "time": 0, "name": "tx_x_" }
				]
			},
			"tx_x_2": {
				"color": [
					{ "time": 0, "color": "ffffffff", "curve": "stepped" },
					{ "time": 0.3333, "color": "ffffffff" },
					{ "time": 0.5, "color": "ffffff00" },
					{ "time": 1.5, "color": "ffffff00" },
					{ "time": 1.6667, "color": "ffffffff" }
				],
				"attachment": [
					{ "time": 0, "name": "tx_x_" }
				]
			},
			"xing_1": {
				"attachment": [
					{ "time": 0, "name": "tx_x_" }
				]
			},
			"xing_2": {
				"color": [
					{ "time": 0.6667, "color": "ffed1aff" }
				],
				"attachment": [
					{ "time": 0.6667, "name": "tx_x_" }
				]
			},
			"xing_3": {
				"color": [
					{ "time": 0.4667, "color": "ffe956ff" }
				],
				"attachment": [
					{ "time": 0.4667, "name": "tx_x_" }
				]
			},
			"xing_4": {
				"attachment": [
					{ "time": 0.3333, "name": "tx_x_" }
				]
			},
			"xing_5": {
				"attachment": [
					{ "time": 0.6667, "name": "tx_x_" }
				]
			},
			"xing_6": {
				"attachment": [
					{ "time": 0.8333, "name": "tx_x_" }
				]
			},
			"xing_7": {
				"attachment": [
					{ "time": 0, "name": "tx_x_" }
				]
			},
			"xing_8": {
				"attachment": [
					{ "time": 0, "name": "tx_x_" }
				]
			},
			"xing_9": {
				"attachment": [
					{ "time": 0, "name": "tx_x_" }
				]
			},
			"xing_10": {
				"color": [
					{ "time": 0.6667, "color": "ffed1aff" }
				],
				"attachment": [
					{ "time": 0.6667, "name": "tx_x_" }
				]
			},
			"xing_11": {
				"color": [
					{ "time": 0.4667, "color": "ffe956ff" }
				],
				"attachment": [
					{ "time": 0.4667, "name": "tx_x_" }
				]
			},
			"xing_12": {
				"attachment": [
					{ "time": 0.3333, "name": "tx_x_" }
				]
			},
			"xing_13": {
				"attachment": [
					{ "time": 0.6667, "name": "tx_x_" }
				]
			},
			"xing_14": {
				"attachment": [
					{ "time": 0.8333, "name": "tx_x_" }
				]
			},
			"xing_15": {
				"attachment": [
					{ "time": 0.1, "name": "tx_x_" }
				]
			},
			"xing_16": {
				"attachment": [
					{ "time": 0, "name": "tx_x_" }
				]
			}
		},
		"bones": {
			"1a9": {
				"rotate": [
					{
						"time": 0,
						"angle": 1.23,
						"curve": [ 0.25, 0, 0.75, 1 ]
					},
					{
						"time": 1,
						"angle": 0,
						"curve": [ 0.25, 0, 0.75, 1 ]
					},
					{ "time": 2, "angle": 1.23 }
				]
			},
			"1a4": {
				"rotate": [
					{
						"time": 0,
						"angle": 0.35,
						"curve": [ 0.382, 0.57, 0.735, 1 ]
					},
					{
						"time": 0.3333,
						"angle": 0,
						"curve": [ 0.25, 0, 0.75, 1 ]
					},
					{
						"time": 1.3333,
						"angle": 1.23,
						"curve": [ 0.243, 0, 0.649, 0.6 ]
					},
					{ "time": 2, "angle": 0.35 }
				]
			},
			"1a3": {
				"rotate": [
					{
						"time": 0,
						"angle": 0.12,
						"curve": [ 0.371, 0.62, 0.71, 1 ]
					},
					{
						"time": 0.1667,
						"angle": 0,
						"curve": [ 0.25, 0, 0.75, 1 ]
					},
					{
						"time": 1.1667,
						"angle": 1.23,
						"curve": [ 0.243, 0, 0.689, 0.75 ]
					},
					{ "time": 2, "angle": 0.12 }
				]
			},
			"2b10": {
				"rotate": [
					{
						"time": 0,
						"angle": 0,
						"curve": [ 0.25, 0, 0.75, 1 ]
					},
					{
						"time": 1,
						"angle": 1.32,
						"curve": [ 0.25, 0, 0.75, 1 ]
					},
					{ "time": 2, "angle": 0 }
				]
			},
			"2b9": {
				"rotate": [
					{
						"time": 0,
						"angle": 0,
						"curve": [ 0.25, 0, 0.75, 1 ]
					},
					{
						"time": 1,
						"angle": 1.47,
						"curve": [ 0.25, 0, 0.75, 1 ]
					},
					{ "time": 2, "angle": 0 }
				]
			},
			"2b6": {
				"rotate": [
					{
						"time": 0,
						"angle": 0,
						"curve": [ 0.25, 0, 0.75, 1 ]
					},
					{
						"time": 1,
						"angle": -0.44,
						"curve": [ 0.25, 0, 0.75, 1 ]
					},
					{ "time": 2, "angle": 0 }
				]
			},
			"2b5": {
				"rotate": [
					{
						"time": 0,
						"angle": 0,
						"curve": [ 0.25, 0, 0.75, 1 ]
					},
					{
						"time": 1,
						"angle": -0.44,
						"curve": [ 0.25, 0, 0.75, 1 ]
					},
					{ "time": 2, "angle": 0 }
				]
			},
			"2b4": {
				"rotate": [
					{
						"time": 0,
						"angle": 0,
						"curve": [ 0.25, 0, 0.75, 1 ]
					},
					{
						"time": 1,
						"angle": -0.44,
						"curve": [ 0.25, 0, 0.75, 1 ]
					},
					{ "time": 2, "angle": 0 }
				]
			},
			"2b3": {
				"rotate": [
					{
						"time": 0,
						"angle": 0,
						"curve": [ 0.25, 0, 0.75, 1 ]
					},
					{
						"time": 1,
						"angle": -0.44,
						"curve": [ 0.25, 0, 0.75, 1 ]
					},
					{ "time": 2, "angle": 0 }
				]
			},
			"1b2": {
				"rotate": [
					{
						"time": 0,
						"angle": 0,
						"curve": [ 0.25, 0, 0.75, 1 ]
					},
					{
						"time": 1,
						"angle": -0.16,
						"curve": [ 0.25, 0, 0.75, 1 ]
					},
					{ "time": 2, "angle": 0 }
				]
			},
			"1b3": {
				"rotate": [
					{
						"time": 0,
						"angle": -0.02,
						"curve": [ 0.371, 0.62, 0.71, 1 ]
					},
					{
						"time": 0.1667,
						"angle": 0,
						"curve": [ 0.25, 0, 0.75, 1 ]
					},
					{
						"time": 1.1667,
						"angle": -0.16,
						"curve": [ 0.243, 0, 0.689, 0.75 ]
					},
					{ "time": 2, "angle": -0.02 }
				]
			},
			"1b4": {
				"rotate": [
					{
						"time": 0,
						"angle": -0.05,
						"curve": [ 0.382, 0.57, 0.735, 1 ]
					},
					{
						"time": 0.3333,
						"angle": 0,
						"curve": [ 0.25, 0, 0.75, 1 ]
					},
					{
						"time": 1.3333,
						"angle": -0.16,
						"curve": [ 0.243, 0, 0.649, 0.6 ]
					},
					{ "time": 2, "angle": -0.05 }
				]
			},
			"1b5": {
				"rotate": [
					{
						"time": 0,
						"angle": -0.08,
						"curve": [ 0.375, 0.5, 0.75, 1 ]
					},
					{
						"time": 0.5,
						"angle": 0,
						"curve": [ 0.25, 0, 0.75, 1 ]
					},
					{
						"time": 1.5,
						"angle": -0.16,
						"curve": [ 0.25, 0, 0.625, 0.5 ]
					},
					{ "time": 2, "angle": -0.08 }
				]
			},
			"1b6": {
				"rotate": [
					{
						"time": 0,
						"angle": -0.12,
						"curve": [ 0.351, 0.4, 0.757, 1 ]
					},
					{
						"time": 0.6667,
						"angle": 0,
						"curve": [ 0.25, 0, 0.75, 1 ]
					},
					{
						"time": 1.6667,
						"angle": -0.16,
						"curve": [ 0.265, 0, 0.618, 0.43 ]
					},
					{ "time": 2, "angle": -0.12 }
				]
			},
			"1b7": {
				"rotate": [
					{
						"time": 0,
						"angle": -0.15,
						"curve": [ 0.311, 0.25, 0.757, 1 ]
					},
					{
						"time": 0.8333,
						"angle": 0,
						"curve": [ 0.25, 0, 0.75, 1 ]
					},
					{
						"time": 1.8333,
						"angle": -0.16,
						"curve": [ 0.29, 0, 0.629, 0.38 ]
					},
					{ "time": 2, "angle": -0.15 }
				]
			},
			"1b8": {
				"rotate": [
					{
						"time": 0,
						"angle": -0.16,
						"curve": [ 0.25, 0, 0.75, 1 ]
					},
					{
						"time": 1,
						"angle": 0,
						"curve": [ 0.25, 0, 0.75, 1 ]
					},
					{ "time": 2, "angle": -0.16 }
				]
			},
			"1b9": {
				"rotate": [
					{
						"time": 0,
						"angle": -0.15,
						"curve": [ 0.371, 0.62, 0.71, 1 ]
					},
					{
						"time": 0.1667,
						"angle": -0.16,
						"curve": [ 0.25, 0, 0.75, 1 ]
					},
					{
						"time": 1.1667,
						"angle": 0,
						"curve": [ 0.243, 0, 0.689, 0.75 ]
					},
					{ "time": 2, "angle": -0.15 }
				]
			},
			"1b10": {
				"rotate": [
					{
						"time": 0,
						"angle": 0.83,
						"curve": [ 0.382, 0.57, 0.735, 1 ]
					},
					{
						"time": 0.3333,
						"angle": 1.16,
						"curve": [ 0.25, 0, 0.75, 1 ]
					},
					{
						"time": 1.3333,
						"angle": 0,
						"curve": [ 0.243, 0, 0.649, 0.6 ]
					},
					{ "time": 2, "angle": 0.83 }
				]
			},
			"1b12": {
				"rotate": [
					{
						"time": 0,
						"angle": 0.33,
						"curve": [ 0.351, 0.4, 0.757, 1 ]
					},
					{
						"time": 0.6667,
						"angle": 1.16,
						"curve": [ 0.25, 0, 0.75, 1 ]
					},
					{
						"time": 1.6667,
						"angle": 0,
						"curve": [ 0.265, 0, 0.618, 0.43 ]
					},
					{ "time": 2, "angle": 0.33 }
				]
			},
			"1b14": {
				"rotate": [
					{ "time": 0, "angle": -1.91 },
					{ "time": 1, "angle": 2.63 },
					{ "time": 2, "angle": -1.91 }
				]
			},
			"1a8": {
				"rotate": [
					{ "time": 0, "angle": -1.98 },
					{ "time": 1, "angle": 0 },
					{ "time": 2, "angle": -1.98 }
				]
			},
			"1b16": {
				"rotate": [
					{
						"time": 0,
						"angle": -0.06,
						"curve": [ 0.371, 0.62, 0.71, 1 ]
					},
					{
						"time": 0.1667,
						"angle": 0,
						"curve": [ 0.25, 0, 0.75, 1 ]
					},
					{
						"time": 1.1667,
						"angle": -0.65,
						"curve": [ 0.243, 0, 0.689, 0.75 ]
					},
					{ "time": 2, "angle": -0.06 }
				]
			},
			"1b28": {
				"rotate": [
					{
						"time": 0,
						"angle": 0.1,
						"curve": [ 0.371, 0.62, 0.71, 1 ]
					},
					{
						"time": 0.1667,
						"angle": 0,
						"curve": [ 0.25, 0, 0.75, 1 ]
					},
					{
						"time": 1.1667,
						"angle": 1.04,
						"curve": [ 0.243, 0, 0.689, 0.75 ]
					},
					{ "time": 2, "angle": 0.1 }
				]
			},
			"1b24": {
				"rotate": [
					{
						"time": 0,
						"angle": 0.55,
						"curve": [ 0.375, 0.5, 0.75, 1 ]
					},
					{
						"time": 0.5,
						"angle": 1.09,
						"curve": [ 0.25, 0, 0.75, 1 ]
					},
					{
						"time": 1.5,
						"angle": 0,
						"curve": [ 0.25, 0, 0.625, 0.5 ]
					},
					{ "time": 2, "angle": 0.55 }
				]
			},
			"1b23": {
				"rotate": [
					{
						"time": 0,
						"angle": 0.78,
						"curve": [ 0.382, 0.57, 0.735, 1 ]
					},
					{
						"time": 0.3333,
						"angle": 1.09,
						"curve": [ 0.25, 0, 0.75, 1 ]
					},
					{
						"time": 1.3333,
						"angle": 0,
						"curve": [ 0.243, 0, 0.649, 0.6 ]
					},
					{ "time": 2, "angle": 0.78 }
				]
			},
			"1b20": {
				"rotate": [
					{
						"time": 0,
						"angle": -0.59,
						"curve": [ 0.311, 0.25, 0.757, 1 ]
					},
					{
						"time": 0.8333,
						"angle": 0,
						"curve": [ 0.25, 0, 0.75, 1 ]
					},
					{
						"time": 1.8333,
						"angle": -0.65,
						"curve": [ 0.29, 0, 0.629, 0.38 ]
					},
					{ "time": 2, "angle": -0.59 }
				]
			},
			"1b18": {
				"rotate": [
					{
						"time": 0,
						"angle": -0.33,
						"curve": [ 0.375, 0.5, 0.75, 1 ]
					},
					{
						"time": 0.5,
						"angle": 0,
						"curve": [ 0.25, 0, 0.75, 1 ]
					},
					{
						"time": 1.5,
						"angle": -0.65,
						"curve": [ 0.25, 0, 0.625, 0.5 ]
					},
					{ "time": 2, "angle": -0.33 }
				]
			},
			"1b17": {
				"rotate": [
					{
						"time": 0,
						"angle": -0.19,
						"curve": [ 0.382, 0.57, 0.735, 1 ]
					},
					{
						"time": 0.3333,
						"angle": 0,
						"curve": [ 0.25, 0, 0.75, 1 ]
					},
					{
						"time": 1.3333,
						"angle": -0.65,
						"curve": [ 0.243, 0, 0.649, 0.6 ]
					},
					{ "time": 2, "angle": -0.19 }
				]
			},
			"1b25": {
				"rotate": [
					{ "time": 0, "angle": 0 },
					{ "time": 1, "angle": -1.17 },
					{ "time": 2, "angle": 0 }
				]
			},
			"xing_1": {
				"scale": [
					{ "time": 0, "x": 0, "y": 0 },
					{ "time": 0.6, "x": 1, "y": 1 },
					{ "time": 1.1667, "x": 0, "y": 0 }
				]
			},
			"tx_x_1": {
				"scale": [
					{ "time": 0, "x": 1, "y": 1 },
					{ "time": 0.5, "x": 0, "y": 0, "curve": "stepped" },
					{ "time": 1.5, "x": 0, "y": 0 },
					{ "time": 2, "x": 1, "y": 1 }
				]
			},
			"xing_4": {
				"scale": [
					{ "time": 0.3333, "x": 0, "y": 0 },
					{ "time": 0.9333, "x": 1, "y": 1 },
					{ "time": 1.5, "x": 0, "y": 0 }
				]
			},
			"xing_5": {
				"scale": [
					{ "time": 0.6667, "x": 0, "y": 0 },
					{ "time": 1.2333, "x": 1, "y": 1 },
					{ "time": 1.8333, "x": 0, "y": 0 }
				]
			},
			"xing_6": {
				"scale": [
					{ "time": 0.8333, "x": 0, "y": 0 },
					{ "time": 1.4, "x": 1, "y": 1 },
					{ "time": 2, "x": 0, "y": 0 }
				]
			},
			"xing_7": {
				"scale": [
					{ "time": 0, "x": 0, "y": 0 },
					{ "time": 0.6, "x": 1, "y": 1 },
					{ "time": 1.1667, "x": 0, "y": 0 }
				]
			},
			"xing_8": {
				"scale": [
					{ "time": 0, "x": 1, "y": 1 },
					{ "time": 0.5667, "x": 0, "y": 0, "curve": "stepped" },
					{ "time": 1.4, "x": 0, "y": 0 },
					{ "time": 2, "x": 1, "y": 1 }
				]
			},
			"xing_3": {
				"scale": [
					{ "time": 0.4667, "x": 0, "y": 0 },
					{ "time": 0.9333, "x": 0.519, "y": 0.519 },
					{ "time": 1.4667, "x": 0, "y": 0 }
				]
			},
			"xing_2": {
				"scale": [
					{ "time": 0.6667, "x": 0, "y": 0 },
					{ "time": 1.3, "x": 0.588, "y": 0.588 },
					{ "time": 2, "x": 0, "y": 0 }
				]
			},
			"1a2": {
				"rotate": [
					{
						"time": 0,
						"angle": 0,
						"curve": [ 0.25, 0, 0.75, 1 ]
					},
					{
						"time": 1,
						"angle": -0.8,
						"curve": [ 0.25, 0, 0.75, 1 ]
					},
					{ "time": 2, "angle": 0 }
				]
			},
			"xing_9": {
				"scale": [
					{ "time": 0, "x": 0, "y": 0 },
					{ "time": 0.6, "x": 1, "y": 1 },
					{ "time": 1.1667, "x": 0, "y": 0 }
				]
			},
			"xing_10": {
				"scale": [
					{ "time": 0.6667, "x": 0, "y": 0 },
					{ "time": 1.3, "x": 0.588, "y": 0.588 },
					{ "time": 2, "x": 0, "y": 0 }
				]
			},
			"xing_11": {
				"scale": [
					{ "time": 0.4667, "x": 0, "y": 0 },
					{ "time": 0.9333, "x": 0.519, "y": 0.519 },
					{ "time": 1.4667, "x": 0, "y": 0 }
				]
			},
			"tx_x_2": {
				"scale": [
					{ "time": 0, "x": 1, "y": 1 },
					{ "time": 0.5, "x": 0, "y": 0, "curve": "stepped" },
					{ "time": 1.5, "x": 0, "y": 0 },
					{ "time": 2, "x": 1, "y": 1 }
				]
			},
			"xing_12": {
				"scale": [
					{ "time": 0.3333, "x": 0, "y": 0 },
					{ "time": 0.9333, "x": 1, "y": 1 },
					{ "time": 1.5, "x": 0, "y": 0 }
				]
			},
			"xing_13": {
				"scale": [
					{ "time": 0.6667, "x": 0, "y": 0 },
					{ "time": 1.2333, "x": 1, "y": 1 },
					{ "time": 1.8333, "x": 0, "y": 0 }
				]
			},
			"xing_14": {
				"scale": [
					{ "time": 0.8333, "x": 0, "y": 0 },
					{ "time": 1.4, "x": 1, "y": 1 },
					{ "time": 2, "x": 0, "y": 0 }
				]
			},
			"xing_15": {
				"scale": [
					{ "time": 0.1, "x": 0, "y": 0 },
					{ "time": 0.7, "x": 1, "y": 1 },
					{ "time": 1.2667, "x": 0, "y": 0 }
				]
			},
			"xing_16": {
				"scale": [
					{ "time": 0, "x": 1, "y": 1 },
					{ "time": 0.5667, "x": 0, "y": 0, "curve": "stepped" },
					{ "time": 1.4, "x": 0, "y": 0 },
					{ "time": 2, "x": 1, "y": 1 }
				]
			}
		}
	}
}
}