{"skeleton":{"hash":"JuTm7+eF01NKKulhnd/G04EeWcI","spine":"2.1.27","width":0,"height":0,"images":"./images/"},"bones":[{"name":"root"},{"name":"line_glow_","parent":"root"},{"name":"lizi_","parent":"root"},{"name":"shengji_","parent":"root","scaleX":1.25,"scaleY":1.4}],"slots":[{"name":"line_glow_","bone":"line_glow_","blend":"additive"},{"name":"lizi_","bone":"lizi_","blend":"additive"},{"name":"shengji_","bone":"shengji_","blend":"additive"}],"skins":{"default":{"line_glow_":{"line_glow_":{"width":120,"height":60}},"lizi_":{"lizi_01_":{"width":120,"height":60},"lizi_03_":{"width":120,"height":60},"lizi_05_":{"width":120,"height":60},"lizi_07_":{"width":120,"height":60},"lizi_09_":{"width":120,"height":60},"lizi_11_":{"width":120,"height":60},"lizi_13_":{"width":120,"height":60},"lizi_15_":{"width":120,"height":60},"lizi_17_":{"width":120,"height":60},"lizi_19_":{"width":120,"height":60},"lizi_21_":{"width":120,"height":60},"lizi_23_":{"width":120,"height":60},"lizi_25_":{"width":120,"height":60},"lizi_27_":{"width":120,"height":60},"lizi_29_":{"width":120,"height":60},"lizi_31_":{"width":120,"height":60}},"shengji_":{"shengji_00_":{"width":154,"height":230},"shengji_02_":{"width":154,"height":230},"shengji_04_":{"width":154,"height":230},"shengji_06_":{"width":154,"height":230},"shengji_08_":{"width":154,"height":230},"shengji_10_":{"width":154,"height":230},"shengji_12_":{"width":154,"height":230},"shengji_14_":{"width":154,"height":230},"shengji_16_":{"width":154,"height":230},"shengji_18_":{"width":154,"height":230},"shengji_20_":{"width":154,"height":230},"shengji_22_":{"width":154,"height":230},"shengji_24_":{"width":154,"height":230},"shengji_26_":{"width":154,"height":230},"shengji_28_":{"width":154,"height":230},"shengji_30_":{"width":154,"height":230},"shengji_32_":{"width":154,"height":230},"shengji_34_":{"width":154,"height":230}}}},"animations":{"level_up_light":{"slots":{"shengji_":{"attachment":[{"time":0,"name":"shengji_00_"},{"time":0.0666,"name":"shengji_02_"},{"time":0.1333,"name":"shengji_04_"},{"time":0.2,"name":"shengji_06_"},{"time":0.2666,"name":"shengji_08_"},{"time":0.3333,"name":"shengji_10_"},{"time":0.4,"name":"shengji_12_"},{"time":0.4666,"name":"shengji_14_"},{"time":0.5333,"name":"shengji_16_"},{"time":0.6,"name":"shengji_18_"},{"time":0.6666,"name":"shengji_20_"},{"time":0.7333,"name":"shengji_22_"},{"time":0.8,"name":"shengji_24_"},{"time":0.8666,"name":"shengji_26_"},{"time":0.9333,"name":"shengji_28_"},{"time":1,"name":"shengji_30_"},{"time":1.0666,"name":"shengji_32_"},{"time":1.1333,"name":"shengji_34_"},{"time":1.2,"name":null}]}},"bones":{"shengji_":{"translate":[{"time":0,"x":0,"y":21.99}]}}},"number_light":{"slots":{"line_glow_":{"attachment":[{"time":0,"name":"line_glow_"}]},"lizi_":{"attachment":[{"time":0,"name":"lizi_01_"},{"time":0.0666,"name":"lizi_03_"},{"time":0.1333,"name":"lizi_05_"},{"time":0.2,"name":"lizi_07_"},{"time":0.2666,"name":"lizi_09_"},{"time":0.3333,"name":"lizi_11_"},{"time":0.4,"name":"lizi_13_"},{"time":0.4666,"name":"lizi_15_"},{"time":0.5333,"name":"lizi_17_"},{"time":0.6,"name":"lizi_19_"},{"time":0.6666,"name":"lizi_21_"},{"time":0.7333,"name":"lizi_23_"},{"time":0.8,"name":"lizi_25_"},{"time":0.8666,"name":"lizi_27_"},{"time":0.9333,"name":"lizi_29_"},{"time":1,"name":"lizi_31_"},{"time":1.0666,"name":null}]}},"bones":{"line_glow_":{"scale":[{"time":0,"x":0.5,"y":1},{"time":0.0333,"x":1.2,"y":1,"curve":[0.25,0,0.75,1]},{"time":0.2666,"x":1.2,"y":0}]},"lizi_":{"translate":[{"time":0,"x":-4.09,"y":0}]}}}}}