{
"skeleton": { "hash": "NHvXYCkJ51OH0gNoDVyGZFoH61U", "spine": "2.1.27", "width": 652.18, "height": 227 },
"bones": [
	{ "name": "root" },
	{ "name": "L", "parent": "root", "x": -117.6, "y": 143.83 },
	{ "name": "R", "parent": "root", "x": 116.58, "y": 143.83, "scaleX": -1 }
],
"slots": [
	{ "name": "sd_cb_0040_5_", "bone": "L", "attachment": "sd_cb_0040_5_" },
	{ "name": "sd_cb_0040_5_2", "bone": "R", "attachment": "sd_cb_0040_5_" },
	{ "name": "sd_cb_0040_4_", "bone": "L", "attachment": "sd_cb_0040_4_" },
	{ "name": "sd_cb_0040_4_2", "bone": "R", "attachment": "sd_cb_0040_4_" },
	{ "name": "sd_cb_0040_3_", "bone": "L", "attachment": "sd_cb_0040_3_" },
	{ "name": "sd_cb_0040_3_2", "bone": "R", "attachment": "sd_cb_0040_3_" },
	{ "name": "sd_cb_0040_2_", "bone": "L", "attachment": "sd_cb_0040_2_" },
	{ "name": "sd_cb_0040_2_2", "bone": "R", "attachment": "sd_cb_0040_2_" },
	{ "name": "sd_cb_0040_1_", "bone": "L", "attachment": "sd_cb_0040_1_" },
	{ "name": "sd_cb_0040_1_2", "bone": "R", "attachment": "sd_cb_0040_1_" },
	{ "name": "sd_cb_0038_5_", "bone": "L", "attachment": "sd_cb_0038_5_" },
	{ "name": "sd_cb_0038_5_2", "bone": "R", "attachment": "sd_cb_0038_5_" },
	{ "name": "sd_cb_0038_4_", "bone": "L", "attachment": "sd_cb_0038_4_" },
	{ "name": "sd_cb_0038_4_2", "bone": "R", "attachment": "sd_cb_0038_4_" },
	{ "name": "sd_cb_0038_3_", "bone": "L", "attachment": "sd_cb_0038_3_" },
	{ "name": "sd_cb_0038_3_2", "bone": "R", "attachment": "sd_cb_0038_3_" },
	{ "name": "sd_cb_0038_2_", "bone": "L", "attachment": "sd_cb_0038_2_" },
	{ "name": "sd_cb_0038_2_2", "bone": "R", "attachment": "sd_cb_0038_2_" },
	{ "name": "sd_cb_0038_1_", "bone": "L", "attachment": "sd_cb_0038_1_" },
	{ "name": "sd_cb_0038_1_2", "bone": "R", "attachment": "sd_cb_0038_1_" },
	{ "name": "sd_cb_0036_5_", "bone": "L", "attachment": "sd_cb_0036_5_" },
	{ "name": "sd_cb_0036_5_2", "bone": "R", "attachment": "sd_cb_0036_5_" },
	{ "name": "sd_cb_0036_4_", "bone": "L", "attachment": "sd_cb_0036_4_" },
	{ "name": "sd_cb_0036_4_2", "bone": "R", "attachment": "sd_cb_0036_4_" },
	{ "name": "sd_cb_0036_3_", "bone": "L", "attachment": "sd_cb_0036_3_" },
	{ "name": "sd_cb_0036_3_2", "bone": "R", "attachment": "sd_cb_0036_3_" },
	{ "name": "sd_cb_0036_2_", "bone": "L", "attachment": "sd_cb_0036_2_" },
	{ "name": "sd_cb_0036_2_2", "bone": "R", "attachment": "sd_cb_0036_2_" },
	{ "name": "sd_cb_0036_1_", "bone": "L", "attachment": "sd_cb_0036_1_" },
	{ "name": "sd_cb_0036_1_2", "bone": "R", "attachment": "sd_cb_0036_1_" },
	{ "name": "sd_cb_0034_4_", "bone": "L", "attachment": "sd_cb_0034_4_" },
	{ "name": "sd_cb_0034_4_2", "bone": "R", "attachment": "sd_cb_0034_4_" },
	{ "name": "sd_cb_0034_3_", "bone": "L", "attachment": "sd_cb_0034_3_" },
	{ "name": "sd_cb_0034_3_2", "bone": "R", "attachment": "sd_cb_0034_3_" },
	{ "name": "sd_cb_0034_2_", "bone": "L", "attachment": "sd_cb_0034_2_" },
	{ "name": "sd_cb_0034_2_2", "bone": "R", "attachment": "sd_cb_0034_2_" },
	{ "name": "sd_cb_0034_1_", "bone": "L", "attachment": "sd_cb_0034_1_" },
	{ "name": "sd_cb_0034_1_2", "bone": "R", "attachment": "sd_cb_0034_1_" },
	{ "name": "sd_cb_0032_5_", "bone": "L", "attachment": "sd_cb_0032_5_" },
	{ "name": "sd_cb_0032_5_2", "bone": "R", "attachment": "sd_cb_0032_5_" },
	{ "name": "sd_cb_0032_4_", "bone": "L", "attachment": "sd_cb_0032_4_" },
	{ "name": "sd_cb_0032_4_2", "bone": "R", "attachment": "sd_cb_0032_4_" },
	{ "name": "sd_cb_0032_3_", "bone": "L", "attachment": "sd_cb_0032_3_" },
	{ "name": "sd_cb_0032_3_2", "bone": "R", "attachment": "sd_cb_0032_3_" },
	{ "name": "sd_cb_0032_2_", "bone": "L", "attachment": "sd_cb_0032_2_" },
	{ "name": "sd_cb_0032_2_2", "bone": "R", "attachment": "sd_cb_0032_2_" },
	{ "name": "sd_cb_0032_1_", "bone": "L", "attachment": "sd_cb_0032_1_" },
	{ "name": "sd_cb_0032_1_2", "bone": "R", "attachment": "sd_cb_0032_1_" },
	{ "name": "sd_cb_0030_4_", "bone": "L", "attachment": "sd_cb_0030_4_" },
	{ "name": "sd_cb_0030_4_2", "bone": "R", "attachment": "sd_cb_0030_4_" },
	{ "name": "sd_cb_0030_3_", "bone": "L", "attachment": "sd_cb_0030_3_" },
	{ "name": "sd_cb_0030_3_2", "bone": "R", "attachment": "sd_cb_0030_3_" },
	{ "name": "sd_cb_0030_2_", "bone": "L", "attachment": "sd_cb_0030_2_" },
	{ "name": "sd_cb_0030_2_2", "bone": "R", "attachment": "sd_cb_0030_2_" },
	{ "name": "sd_cb_0030_1_", "bone": "L", "attachment": "sd_cb_0030_1_" },
	{ "name": "sd_cb_0030_1_2", "bone": "R", "attachment": "sd_cb_0030_1_" },
	{ "name": "sd_cb_0028_5_", "bone": "L", "attachment": "sd_cb_0028_5_" },
	{ "name": "sd_cb_0028_5_2", "bone": "R", "attachment": "sd_cb_0028_5_" },
	{ "name": "sd_cb_0028_4_", "bone": "L", "attachment": "sd_cb_0028_4_" },
	{ "name": "sd_cb_0028_4_2", "bone": "R", "attachment": "sd_cb_0028_4_" },
	{ "name": "sd_cb_0028_3_", "bone": "L", "attachment": "sd_cb_0028_3_" },
	{ "name": "sd_cb_0028_3_2", "bone": "R", "attachment": "sd_cb_0028_3_" },
	{ "name": "sd_cb_0028_2_", "bone": "L", "attachment": "sd_cb_0028_2_" },
	{ "name": "sd_cb_0028_2_2", "bone": "R", "attachment": "sd_cb_0028_2_" },
	{ "name": "sd_cb_0028_1_", "bone": "L", "attachment": "sd_cb_0028_1_" },
	{ "name": "sd_cb_0028_1_2", "bone": "R", "attachment": "sd_cb_0028_1_" },
	{ "name": "sd_cb_0026_5_", "bone": "L", "attachment": "sd_cb_0026_5_" },
	{ "name": "sd_cb_0026_5_2", "bone": "R", "attachment": "sd_cb_0026_5_" },
	{ "name": "sd_cb_0026_4_", "bone": "L", "attachment": "sd_cb_0026_4_" },
	{ "name": "sd_cb_0026_4_2", "bone": "R", "attachment": "sd_cb_0026_4_" },
	{ "name": "sd_cb_0026_3_", "bone": "L", "attachment": "sd_cb_0026_3_" },
	{ "name": "sd_cb_0026_3_2", "bone": "R", "attachment": "sd_cb_0026_3_" },
	{ "name": "sd_cb_0026_2_", "bone": "L", "attachment": "sd_cb_0026_2_" },
	{ "name": "sd_cb_0026_2_2", "bone": "R", "attachment": "sd_cb_0026_2_" },
	{ "name": "sd_cb_0026_1_", "bone": "L", "attachment": "sd_cb_0026_1_" },
	{ "name": "sd_cb_0026_1_2", "bone": "R", "attachment": "sd_cb_0026_1_" },
	{ "name": "sd_cb_0024_5_", "bone": "L", "attachment": "sd_cb_0024_5_" },
	{ "name": "sd_cb_0024_5_2", "bone": "R", "attachment": "sd_cb_0024_5_" },
	{ "name": "sd_cb_0024_4_", "bone": "L", "attachment": "sd_cb_0024_4_" },
	{ "name": "sd_cb_0024_4_2", "bone": "R", "attachment": "sd_cb_0024_4_" },
	{ "name": "sd_cb_0024_3_", "bone": "L", "attachment": "sd_cb_0024_3_" },
	{ "name": "sd_cb_0024_3_2", "bone": "R", "attachment": "sd_cb_0024_3_" },
	{ "name": "sd_cb_0024_2_", "bone": "L", "attachment": "sd_cb_0024_2_" },
	{ "name": "sd_cb_0024_2_2", "bone": "R", "attachment": "sd_cb_0024_2_" },
	{ "name": "sd_cb_0024_1_", "bone": "L", "attachment": "sd_cb_0024_1_" },
	{ "name": "sd_cb_0024_1_2", "bone": "R", "attachment": "sd_cb_0024_1_" },
	{ "name": "sd_cb_0022_4_", "bone": "L", "attachment": "sd_cb_0022_4_" },
	{ "name": "sd_cb_0022_4_2", "bone": "R", "attachment": "sd_cb_0022_4_" },
	{ "name": "sd_cb_0022_3_", "bone": "L", "attachment": "sd_cb_0022_3_" },
	{ "name": "sd_cb_0022_3_2", "bone": "R", "attachment": "sd_cb_0022_3_" },
	{ "name": "sd_cb_0022_2_", "bone": "L", "attachment": "sd_cb_0022_2_" },
	{ "name": "sd_cb_0022_2_2", "bone": "R", "attachment": "sd_cb_0022_2_" },
	{ "name": "sd_cb_0022_1_", "bone": "L", "attachment": "sd_cb_0022_1_" },
	{ "name": "sd_cb_0022_1_2", "bone": "R", "attachment": "sd_cb_0022_1_" },
	{ "name": "sd_cb_0020_5_", "bone": "L", "attachment": "sd_cb_0020_5_" },
	{ "name": "sd_cb_0020_5_2", "bone": "R", "attachment": "sd_cb_0020_5_" },
	{ "name": "sd_cb_0020_4_", "bone": "L", "attachment": "sd_cb_0020_4_" },
	{ "name": "sd_cb_0020_4_2", "bone": "R", "attachment": "sd_cb_0020_4_" },
	{ "name": "sd_cb_0020_3_", "bone": "L", "attachment": "sd_cb_0020_3_" },
	{ "name": "sd_cb_0020_3_2", "bone": "R", "attachment": "sd_cb_0020_3_" },
	{ "name": "sd_cb_0020_2_", "bone": "L", "attachment": "sd_cb_0020_2_" },
	{ "name": "sd_cb_0020_2_2", "bone": "R", "attachment": "sd_cb_0020_2_" },
	{ "name": "sd_cb_0020_1_", "bone": "L", "attachment": "sd_cb_0020_1_" },
	{ "name": "sd_cb_0020_1_2", "bone": "R", "attachment": "sd_cb_0020_1_" },
	{ "name": "sd_cb_0018_4_", "bone": "L", "attachment": "sd_cb_0018_4_" },
	{ "name": "sd_cb_0018_4_2", "bone": "R", "attachment": "sd_cb_0018_4_" },
	{ "name": "sd_cb_0018_3_", "bone": "L", "attachment": "sd_cb_0018_3_" },
	{ "name": "sd_cb_0018_3_2", "bone": "R", "attachment": "sd_cb_0018_3_" },
	{ "name": "sd_cb_0018_2_", "bone": "L", "attachment": "sd_cb_0018_2_" },
	{ "name": "sd_cb_0018_2_2", "bone": "R", "attachment": "sd_cb_0018_2_" },
	{ "name": "sd_cb_0018_1_", "bone": "L", "attachment": "sd_cb_0018_1_" },
	{ "name": "sd_cb_0018_1_2", "bone": "R", "attachment": "sd_cb_0018_1_" },
	{ "name": "sd_cb_0016_5_", "bone": "L", "attachment": "sd_cb_0016_5_" },
	{ "name": "sd_cb_0016_5_2", "bone": "R", "attachment": "sd_cb_0016_5_" },
	{ "name": "sd_cb_0016_4_", "bone": "L", "attachment": "sd_cb_0016_4_" },
	{ "name": "sd_cb_0016_4_2", "bone": "R", "attachment": "sd_cb_0016_4_" },
	{ "name": "sd_cb_0016_3_", "bone": "L", "attachment": "sd_cb_0016_3_" },
	{ "name": "sd_cb_0016_3_2", "bone": "R", "attachment": "sd_cb_0016_3_" },
	{ "name": "sd_cb_0016_2_", "bone": "L", "attachment": "sd_cb_0016_2_" },
	{ "name": "sd_cb_0016_2_2", "bone": "R", "attachment": "sd_cb_0016_2_" },
	{ "name": "sd_cb_0016_1_", "bone": "L", "attachment": "sd_cb_0016_1_" },
	{ "name": "sd_cb_0016_1_2", "bone": "R", "attachment": "sd_cb_0016_1_" },
	{ "name": "sd_cb_0014_4_", "bone": "L", "attachment": "sd_cb_0014_4_" },
	{ "name": "sd_cb_0014_4_2", "bone": "R", "attachment": "sd_cb_0014_4_" },
	{ "name": "sd_cb_0014_3_", "bone": "L", "attachment": "sd_cb_0014_3_" },
	{ "name": "sd_cb_0014_3_2", "bone": "R", "attachment": "sd_cb_0014_3_" },
	{ "name": "sd_cb_0014_2_", "bone": "L", "attachment": "sd_cb_0014_2_" },
	{ "name": "sd_cb_0014_2_2", "bone": "R", "attachment": "sd_cb_0014_2_" },
	{ "name": "sd_cb_0014_1_", "bone": "L", "attachment": "sd_cb_0014_1_" },
	{ "name": "sd_cb_0014_1_2", "bone": "R", "attachment": "sd_cb_0014_1_" },
	{ "name": "sd_cb_0012_4_", "bone": "L", "attachment": "sd_cb_0012_4_" },
	{ "name": "sd_cb_0012_4_2", "bone": "R", "attachment": "sd_cb_0012_4_" },
	{ "name": "sd_cb_0012_3_", "bone": "L", "attachment": "sd_cb_0012_3_" },
	{ "name": "sd_cb_0012_3_2", "bone": "R", "attachment": "sd_cb_0012_3_" },
	{ "name": "sd_cb_0012_2_", "bone": "L", "attachment": "sd_cb_0012_2_" },
	{ "name": "sd_cb_0012_2_2", "bone": "R", "attachment": "sd_cb_0012_2_" },
	{ "name": "sd_cb_0012_1_", "bone": "L", "attachment": "sd_cb_0012_1_" },
	{ "name": "sd_cb_0012_1_2", "bone": "R", "attachment": "sd_cb_0012_1_" },
	{ "name": "sd_cb_0010_4_", "bone": "L", "attachment": "sd_cb_0010_4_" },
	{ "name": "sd_cb_0010_4_2", "bone": "R", "attachment": "sd_cb_0010_4_" },
	{ "name": "sd_cb_0010_3_", "bone": "L", "attachment": "sd_cb_0010_3_" },
	{ "name": "sd_cb_0010_3_2", "bone": "R", "attachment": "sd_cb_0010_3_" },
	{ "name": "sd_cb_0010_2_", "bone": "L", "attachment": "sd_cb_0010_2_" },
	{ "name": "sd_cb_0010_2_2", "bone": "R", "attachment": "sd_cb_0010_2_" },
	{ "name": "sd_cb_0010_1_", "bone": "L", "attachment": "sd_cb_0010_1_" },
	{ "name": "sd_cb_0010_1_2", "bone": "R", "attachment": "sd_cb_0010_1_" },
	{ "name": "sd_cb_0008_4_", "bone": "L", "attachment": "sd_cb_0008_4_" },
	{ "name": "sd_cb_0008_4_2", "bone": "R", "attachment": "sd_cb_0008_4_" },
	{ "name": "sd_cb_0008_3_", "bone": "L", "attachment": "sd_cb_0008_3_" },
	{ "name": "sd_cb_0008_3_2", "bone": "R", "attachment": "sd_cb_0008_3_" },
	{ "name": "sd_cb_0008_2_", "bone": "L", "attachment": "sd_cb_0008_2_" },
	{ "name": "sd_cb_0008_2_2", "bone": "R", "attachment": "sd_cb_0008_2_" },
	{ "name": "sd_cb_0008_1_", "bone": "L", "attachment": "sd_cb_0008_1_" },
	{ "name": "sd_cb_0008_1_2", "bone": "R", "attachment": "sd_cb_0008_1_" },
	{ "name": "sd_cb_0006_4_", "bone": "L", "attachment": "sd_cb_0006_4_" },
	{ "name": "sd_cb_0006_4_2", "bone": "R", "attachment": "sd_cb_0006_4_" },
	{ "name": "sd_cb_0006_3_", "bone": "L", "attachment": "sd_cb_0006_3_" },
	{ "name": "sd_cb_0006_3_2", "bone": "R", "attachment": "sd_cb_0006_3_" },
	{ "name": "sd_cb_0006_2_", "bone": "L", "attachment": "sd_cb_0006_2_" },
	{ "name": "sd_cb_0006_2_2", "bone": "R", "attachment": "sd_cb_0006_2_" },
	{ "name": "sd_cb_0006_1_", "bone": "L", "attachment": "sd_cb_0006_1_" },
	{ "name": "sd_cb_0006_1_2", "bone": "R", "attachment": "sd_cb_0006_1_" },
	{ "name": "sd_cb_0004_4_", "bone": "L", "attachment": "sd_cb_0004_4_" },
	{ "name": "sd_cb_0004_4_2", "bone": "R", "attachment": "sd_cb_0004_4_" },
	{ "name": "sd_cb_0004_3_", "bone": "L", "attachment": "sd_cb_0004_3_" },
	{ "name": "sd_cb_0004_3_2", "bone": "R", "attachment": "sd_cb_0004_3_" },
	{ "name": "sd_cb_0004_2_", "bone": "L", "attachment": "sd_cb_0004_2_" },
	{ "name": "sd_cb_0004_2_2", "bone": "R", "attachment": "sd_cb_0004_2_" },
	{ "name": "sd_cb_0004_1_", "bone": "L", "attachment": "sd_cb_0004_1_" },
	{ "name": "sd_cb_0004_1_2", "bone": "R", "attachment": "sd_cb_0004_1_" },
	{ "name": "sd_cb_0002_4_", "bone": "L", "attachment": "sd_cb_0002_4_" },
	{ "name": "sd_cb_0002_4_2", "bone": "R", "attachment": "sd_cb_0002_4_" },
	{ "name": "sd_cb_0002_3_", "bone": "L", "attachment": "sd_cb_0002_3_" },
	{ "name": "sd_cb_0002_3_2", "bone": "R", "attachment": "sd_cb_0002_3_" },
	{ "name": "sd_cb_0002_2_", "bone": "L", "attachment": "sd_cb_0002_2_" },
	{ "name": "sd_cb_0002_2_2", "bone": "R", "attachment": "sd_cb_0002_2_" },
	{ "name": "sd_cb_0002_1_", "bone": "L", "attachment": "sd_cb_0002_1_" },
	{ "name": "sd_cb_0002_1_2", "bone": "R", "attachment": "sd_cb_0002_1_" },
	{ "name": "sd_cb_0000_4_", "bone": "L", "attachment": "sd_cb_0000_4_" },
	{ "name": "sd_cb_0000_4_2", "bone": "R", "attachment": "sd_cb_0000_4_" },
	{ "name": "sd_cb_0000_3_", "bone": "L", "attachment": "sd_cb_0000_3_" },
	{ "name": "sd_cb_0000_3_2", "bone": "R", "attachment": "sd_cb_0000_3_" },
	{ "name": "sd_cb_0000_2_", "bone": "L", "attachment": "sd_cb_0000_2_" },
	{ "name": "sd_cb_0000_2_2", "bone": "R", "attachment": "sd_cb_0000_2_" },
	{ "name": "sd_cb_0000_1_", "bone": "L", "attachment": "sd_cb_0000_1_" },
	{ "name": "sd_cb_0000_1_2", "bone": "R", "attachment": "sd_cb_0000_1_" }
],
"skins": {
	"default": {
		"sd_cb_0000_1_": {
			"sd_cb_0000_1_": { "x": 27.5, "y": 14, "width": 53, "height": 134 }
		},
		"sd_cb_0000_1_2": {
			"sd_cb_0000_1_": { "x": 27.5, "y": 14, "width": 53, "height": 134 }
		},
		"sd_cb_0000_2_": {
			"sd_cb_0000_2_": { "x": -83.49, "y": 93.5, "width": 169, "height": 69 }
		},
		"sd_cb_0000_2_2": {
			"sd_cb_0000_2_": { "x": -83.49, "y": 93.5, "width": 169, "height": 69 }
		},
		"sd_cb_0000_3_": {
			"sd_cb_0000_3_": { "x": -45.49, "y": 31, "width": 93, "height": 56 }
		},
		"sd_cb_0000_3_2": {
			"sd_cb_0000_3_": { "x": -45.49, "y": 31, "width": 93, "height": 56 }
		},
		"sd_cb_0000_4_": {
			"sd_cb_0000_4_": { "x": -21.99, "y": -25, "width": 46, "height": 56 }
		},
		"sd_cb_0000_4_2": {
			"sd_cb_0000_4_": { "x": -21.99, "y": -25, "width": 46, "height": 56 }
		},
		"sd_cb_0002_1_": {
			"sd_cb_0002_1_": { "x": -32.49, "y": 70, "width": 151, "height": 44 }
		},
		"sd_cb_0002_1_2": {
			"sd_cb_0002_1_": { "x": -32.49, "y": 70, "width": 151, "height": 44 }
		},
		"sd_cb_0002_2_": {
			"sd_cb_0002_2_": { "x": -80.99, "y": 111, "width": 160, "height": 38 }
		},
		"sd_cb_0002_2_2": {
			"sd_cb_0002_2_": { "x": -80.99, "y": 111, "width": 160, "height": 38 }
		},
		"sd_cb_0002_3_": {
			"sd_cb_0002_3_": { "x": -18.99, "y": 24, "width": 142, "height": 48 }
		},
		"sd_cb_0002_3_2": {
			"sd_cb_0002_3_": { "x": -18.99, "y": 24, "width": 142, "height": 48 }
		},
		"sd_cb_0002_4_": {
			"sd_cb_0002_4_": { "x": 0.5, "y": -28, "width": 93, "height": 56 }
		},
		"sd_cb_0002_4_2": {
			"sd_cb_0002_4_": { "x": 0.5, "y": -28, "width": 93, "height": 56 }
		},
		"sd_cb_0004_1_": {
			"sd_cb_0004_1_": { "x": -77.99, "y": 120, "width": 144, "height": 28 }
		},
		"sd_cb_0004_1_2": {
			"sd_cb_0004_1_": { "x": -77.99, "y": 120, "width": 144, "height": 28 }
		},
		"sd_cb_0004_2_": {
			"sd_cb_0004_2_": { "x": -44.49, "y": 85.5, "width": 113, "height": 41 }
		},
		"sd_cb_0004_2_2": {
			"sd_cb_0004_2_": { "x": -44.49, "y": 85.5, "width": 113, "height": 41 }
		},
		"sd_cb_0004_3_": {
			"sd_cb_0004_3_": { "x": -22.99, "y": 43.5, "width": 136, "height": 43 }
		},
		"sd_cb_0004_3_2": {
			"sd_cb_0004_3_": { "x": -22.99, "y": 43.5, "width": 136, "height": 43 }
		},
		"sd_cb_0004_4_": {
			"sd_cb_0004_4_": { "x": -9.99, "y": -18.5, "width": 116, "height": 81 }
		},
		"sd_cb_0004_4_2": {
			"sd_cb_0004_4_": { "x": -9.99, "y": -18.5, "width": 116, "height": 81 }
		},
		"sd_cb_0006_1_": {
			"sd_cb_0006_1_": { "x": -98.99, "y": 132.5, "width": 80, "height": 15 }
		},
		"sd_cb_0006_1_2": {
			"sd_cb_0006_1_": { "x": -98.99, "y": 132.5, "width": 80, "height": 15 }
		},
		"sd_cb_0006_2_": {
			"sd_cb_0006_2_": { "x": -43.99, "y": 91.5, "width": 102, "height": 67 }
		},
		"sd_cb_0006_2_2": {
			"sd_cb_0006_2_": { "x": -43.99, "y": 91.5, "width": 102, "height": 67 }
		},
		"sd_cb_0006_3_": {
			"sd_cb_0006_3_": { "x": -24.49, "y": 29, "width": 137, "height": 58 }
		},
		"sd_cb_0006_3_2": {
			"sd_cb_0006_3_": { "x": -24.49, "y": 29, "width": 137, "height": 58 }
		},
		"sd_cb_0006_4_": {
			"sd_cb_0006_4_": { "x": -10.99, "y": -32, "width": 104, "height": 64 }
		},
		"sd_cb_0006_4_2": {
			"sd_cb_0006_4_": { "x": -10.99, "y": -32, "width": 104, "height": 64 }
		},
		"sd_cb_0008_1_": {
			"sd_cb_0008_1_": { "x": -86.49, "y": 129.5, "width": 83, "height": 33 }
		},
		"sd_cb_0008_1_2": {
			"sd_cb_0008_1_": { "x": -86.49, "y": 129.5, "width": 83, "height": 33 }
		},
		"sd_cb_0008_2_": {
			"sd_cb_0008_2_": { "x": -46.99, "y": 80, "width": 96, "height": 66 }
		},
		"sd_cb_0008_2_2": {
			"sd_cb_0008_2_": { "x": -46.99, "y": 80, "width": 96, "height": 66 }
		},
		"sd_cb_0008_3_": {
			"sd_cb_0008_3_": { "x": -28.99, "y": 12.5, "width": 136, "height": 69 }
		},
		"sd_cb_0008_3_2": {
			"sd_cb_0008_3_": { "x": -28.99, "y": 12.5, "width": 136, "height": 69 }
		},
		"sd_cb_0008_4_": {
			"sd_cb_0008_4_": { "x": -7.99, "y": -45.5, "width": 86, "height": 47 }
		},
		"sd_cb_0008_4_2": {
			"sd_cb_0008_4_": { "x": -7.99, "y": -45.5, "width": 86, "height": 47 }
		},
		"sd_cb_0010_1_": {
			"sd_cb_0010_1_": { "x": -90.99, "y": 122.5, "width": 58, "height": 41 }
		},
		"sd_cb_0010_1_2": {
			"sd_cb_0010_1_": { "x": -90.99, "y": 122.5, "width": 58, "height": 41 }
		},
		"sd_cb_0010_2_": {
			"sd_cb_0010_2_": { "x": -54.49, "y": 73, "width": 87, "height": 58 }
		},
		"sd_cb_0010_2_2": {
			"sd_cb_0010_2_": { "x": -54.49, "y": 73, "width": 87, "height": 58 }
		},
		"sd_cb_0010_3_": {
			"sd_cb_0010_3_": { "x": -33.49, "y": 11.5, "width": 137, "height": 65 }
		},
		"sd_cb_0010_3_2": {
			"sd_cb_0010_3_": { "x": -33.49, "y": 11.5, "width": 137, "height": 65 }
		},
		"sd_cb_0010_4_": {
			"sd_cb_0010_4_": { "x": -14.99, "y": -46.5, "width": 106, "height": 51 }
		},
		"sd_cb_0010_4_2": {
			"sd_cb_0010_4_": { "x": -14.99, "y": -46.5, "width": 106, "height": 51 }
		},
		"sd_cb_0012_1_": {
			"sd_cb_0012_1_": { "x": -95.99, "y": 109.5, "width": 44, "height": 41 }
		},
		"sd_cb_0012_1_2": {
			"sd_cb_0012_1_": { "x": -95.99, "y": 109.5, "width": 44, "height": 41 }
		},
		"sd_cb_0012_2_": {
			"sd_cb_0012_2_": { "x": -63.49, "y": 62.5, "width": 85, "height": 53 }
		},
		"sd_cb_0012_2_2": {
			"sd_cb_0012_2_": { "x": -63.49, "y": 62.5, "width": 85, "height": 53 }
		},
		"sd_cb_0012_3_": {
			"sd_cb_0012_3_": { "x": -36.49, "y": 5, "width": 141, "height": 62 }
		},
		"sd_cb_0012_3_2": {
			"sd_cb_0012_3_": { "x": -36.49, "y": 5, "width": 141, "height": 62 }
		},
		"sd_cb_0012_4_": {
			"sd_cb_0012_4_": { "x": -18.99, "y": -50.5, "width": 120, "height": 49 }
		},
		"sd_cb_0012_4_2": {
			"sd_cb_0012_4_": { "x": -18.99, "y": -50.5, "width": 120, "height": 49 }
		},
		"sd_cb_0014_1_": {
			"sd_cb_0014_1_": { "x": 5.5, "y": -23, "width": 77, "height": 108 }
		},
		"sd_cb_0014_1_2": {
			"sd_cb_0014_1_": { "x": 5.5, "y": -23, "width": 77, "height": 108 }
		},
		"sd_cb_0014_2_": {
			"sd_cb_0014_2_": { "x": -72.99, "y": -33.5, "width": 80, "height": 69 }
		},
		"sd_cb_0014_2_2": {
			"sd_cb_0014_2_": { "x": -72.99, "y": -33.5, "width": 80, "height": 69 }
		},
		"sd_cb_0014_3_": {
			"sd_cb_0014_3_": { "x": -75.49, "y": 37, "width": 85, "height": 72 }
		},
		"sd_cb_0014_3_2": {
			"sd_cb_0014_3_": { "x": -75.49, "y": 37, "width": 85, "height": 72 }
		},
		"sd_cb_0014_4_": {
			"sd_cb_0014_4_": { "x": -101.49, "y": 92, "width": 47, "height": 38 }
		},
		"sd_cb_0014_4_2": {
			"sd_cb_0014_4_": { "x": -101.49, "y": 92, "width": 47, "height": 38 }
		},
		"sd_cb_0016_1_": {
			"sd_cb_0016_1_": { "x": 4.5, "y": -27.5, "width": 73, "height": 101 }
		},
		"sd_cb_0016_1_2": {
			"sd_cb_0016_1_": { "x": 4.5, "y": -27.5, "width": 73, "height": 101 }
		},
		"sd_cb_0016_2_": {
			"sd_cb_0016_2_": { "x": -73.49, "y": -43, "width": 83, "height": 46 }
		},
		"sd_cb_0016_2_2": {
			"sd_cb_0016_2_": { "x": -73.49, "y": -43, "width": 83, "height": 46 }
		},
		"sd_cb_0016_3_": {
			"sd_cb_0016_3_": { "x": -80.99, "y": 9.5, "width": 98, "height": 59 }
		},
		"sd_cb_0016_3_2": {
			"sd_cb_0016_3_": { "x": -80.99, "y": 9.5, "width": 98, "height": 59 }
		},
		"sd_cb_0016_4_": {
			"sd_cb_0016_4_": { "x": -89.49, "y": 51.5, "width": 75, "height": 25 }
		},
		"sd_cb_0016_4_2": {
			"sd_cb_0016_4_": { "x": -89.49, "y": 51.5, "width": 75, "height": 25 }
		},
		"sd_cb_0016_5_": {
			"sd_cb_0016_5_": { "x": -123.99, "y": 77.5, "width": 32, "height": 27 }
		},
		"sd_cb_0016_5_2": {
			"sd_cb_0016_5_": { "x": -123.99, "y": 77.5, "width": 32, "height": 27 }
		},
		"sd_cb_0018_1_": {
			"sd_cb_0018_1_": { "x": 10.5, "y": -29.5, "width": 71, "height": 97 }
		},
		"sd_cb_0018_1_2": {
			"sd_cb_0018_1_": { "x": 10.5, "y": -29.5, "width": 71, "height": 97 }
		},
		"sd_cb_0018_2_": {
			"sd_cb_0018_2_": { "x": -70.49, "y": -50, "width": 91, "height": 46 }
		},
		"sd_cb_0018_2_2": {
			"sd_cb_0018_2_": { "x": -70.49, "y": -50, "width": 91, "height": 46 }
		},
		"sd_cb_0018_3_": {
			"sd_cb_0018_3_": { "x": -83.99, "y": 10, "width": 118, "height": 74 }
		},
		"sd_cb_0018_3_2": {
			"sd_cb_0018_3_": { "x": -83.99, "y": 10, "width": 118, "height": 74 }
		},
		"sd_cb_0018_4_": {
			"sd_cb_0018_4_": { "x": -140.49, "y": 58.5, "width": 35, "height": 23 }
		},
		"sd_cb_0018_4_2": {
			"sd_cb_0018_4_": { "x": -140.49, "y": 58.5, "width": 35, "height": 23 }
		},
		"sd_cb_0020_1_": {
			"sd_cb_0020_1_": { "x": 12, "y": -29.5, "width": 70, "height": 95 }
		},
		"sd_cb_0020_1_2": {
			"sd_cb_0020_1_": { "x": 12, "y": -29.5, "width": 70, "height": 95 }
		},
		"sd_cb_0020_2_": {
			"sd_cb_0020_2_": { "x": -53.99, "y": -18.5, "width": 62, "height": 111 }
		},
		"sd_cb_0020_2_2": {
			"sd_cb_0020_2_": { "x": -53.99, "y": -18.5, "width": 62, "height": 111 }
		},
		"sd_cb_0020_3_": {
			"sd_cb_0020_3_": { "x": -99.99, "y": -59.5, "width": 30, "height": 35 }
		},
		"sd_cb_0020_3_2": {
			"sd_cb_0020_3_": { "x": -99.99, "y": -59.5, "width": 30, "height": 35 }
		},
		"sd_cb_0020_4_": {
			"sd_cb_0020_4_": { "x": -116.99, "y": -3.5, "width": 64, "height": 75 }
		},
		"sd_cb_0020_4_2": {
			"sd_cb_0020_4_": { "x": -116.99, "y": -3.5, "width": 64, "height": 75 }
		},
		"sd_cb_0020_5_": {
			"sd_cb_0020_5_": { "x": -162.99, "y": 34.5, "width": 28, "height": 27 }
		},
		"sd_cb_0020_5_2": {
			"sd_cb_0020_5_": { "x": -162.99, "y": 34.5, "width": 28, "height": 27 }
		},
		"sd_cb_0022_1_": {
			"sd_cb_0022_1_": { "x": 10.5, "y": -24, "width": 69, "height": 94 }
		},
		"sd_cb_0022_1_2": {
			"sd_cb_0022_1_": { "x": 10.5, "y": -24, "width": 69, "height": 94 }
		},
		"sd_cb_0022_2_": {
			"sd_cb_0022_2_": { "x": -67.99, "y": -61, "width": 88, "height": 38 }
		},
		"sd_cb_0022_2_2": {
			"sd_cb_0022_2_": { "x": -67.99, "y": -61, "width": 88, "height": 38 }
		},
		"sd_cb_0022_3_": {
			"sd_cb_0022_3_": { "x": -70.49, "y": -6, "width": 93, "height": 72 }
		},
		"sd_cb_0022_3_2": {
			"sd_cb_0022_3_": { "x": -70.49, "y": -6, "width": 93, "height": 72 }
		},
		"sd_cb_0022_4_": {
			"sd_cb_0022_4_": { "x": -154.99, "y": -6, "width": 76, "height": 64 }
		},
		"sd_cb_0022_4_2": {
			"sd_cb_0022_4_": { "x": -154.99, "y": -6, "width": 76, "height": 64 }
		},
		"sd_cb_0024_1_": {
			"sd_cb_0024_1_": { "x": 3.5, "y": -19.5, "width": 81, "height": 95 }
		},
		"sd_cb_0024_1_2": {
			"sd_cb_0024_1_": { "x": 3.5, "y": -19.5, "width": 81, "height": 95 }
		},
		"sd_cb_0024_2_": {
			"sd_cb_0024_2_": { "x": -72.99, "y": -64.5, "width": 72, "height": 33 }
		},
		"sd_cb_0024_2_2": {
			"sd_cb_0024_2_": { "x": -72.99, "y": -64.5, "width": 72, "height": 33 }
		},
		"sd_cb_0024_3_": {
			"sd_cb_0024_3_": { "x": -66.99, "y": -12, "width": 60, "height": 72 }
		},
		"sd_cb_0024_3_2": {
			"sd_cb_0024_3_": { "x": -66.99, "y": -12, "width": 60, "height": 72 }
		},
		"sd_cb_0024_4_": {
			"sd_cb_0024_4_": { "x": -124.99, "y": -18.5, "width": 56, "height": 59 }
		},
		"sd_cb_0024_4_2": {
			"sd_cb_0024_4_": { "x": -124.99, "y": -18.5, "width": 56, "height": 59 }
		},
		"sd_cb_0024_5_": {
			"sd_cb_0024_5_": { "x": -178.99, "y": -7.5, "width": 52, "height": 19 }
		},
		"sd_cb_0024_5_2": {
			"sd_cb_0024_5_": { "x": -178.99, "y": -7.5, "width": 52, "height": 19 }
		},
		"sd_cb_0026_1_": {
			"sd_cb_0026_1_": { "x": 6.5, "y": -12, "width": 77, "height": 100 }
		},
		"sd_cb_0026_1_2": {
			"sd_cb_0026_1_": { "x": 6.5, "y": -12, "width": 77, "height": 100 }
		},
		"sd_cb_0026_2_": {
			"sd_cb_0026_2_": { "x": -68.49, "y": -63, "width": 73, "height": 28 }
		},
		"sd_cb_0026_2_2": {
			"sd_cb_0026_2_": { "x": -68.49, "y": -63, "width": 73, "height": 28 }
		},
		"sd_cb_0026_3_": {
			"sd_cb_0026_3_": { "x": -63.99, "y": -12.5, "width": 64, "height": 73 }
		},
		"sd_cb_0026_3_2": {
			"sd_cb_0026_3_": { "x": -63.99, "y": -12.5, "width": 64, "height": 73 }
		},
		"sd_cb_0026_4_": {
			"sd_cb_0026_4_": { "x": -124.99, "y": -21.5, "width": 58, "height": 61 }
		},
		"sd_cb_0026_4_2": {
			"sd_cb_0026_4_": { "x": -124.99, "y": -21.5, "width": 58, "height": 61 }
		},
		"sd_cb_0026_5_": {
			"sd_cb_0026_5_": { "x": -181.49, "y": -24.5, "width": 55, "height": 13 }
		},
		"sd_cb_0026_5_2": {
			"sd_cb_0026_5_": { "x": -181.49, "y": -24.5, "width": 55, "height": 13 }
		},
		"sd_cb_0028_1_": {
			"sd_cb_0028_1_": { "x": 7, "y": -6.5, "width": 68, "height": 107 }
		},
		"sd_cb_0028_1_2": {
			"sd_cb_0028_1_": { "x": 7, "y": -6.5, "width": 68, "height": 107 }
		},
		"sd_cb_0028_2_": {
			"sd_cb_0028_2_": { "x": -47.49, "y": -10.5, "width": 41, "height": 89 }
		},
		"sd_cb_0028_2_2": {
			"sd_cb_0028_2_": { "x": -47.49, "y": -10.5, "width": 41, "height": 89 }
		},
		"sd_cb_0028_3_": {
			"sd_cb_0028_3_": { "x": -86.49, "y": -22, "width": 37, "height": 94 }
		},
		"sd_cb_0028_3_2": {
			"sd_cb_0028_3_": { "x": -86.49, "y": -22, "width": 37, "height": 94 }
		},
		"sd_cb_0028_4_": {
			"sd_cb_0028_4_": { "x": -126.49, "y": -23, "width": 43, "height": 58 }
		},
		"sd_cb_0028_4_2": {
			"sd_cb_0028_4_": { "x": -126.49, "y": -23, "width": 43, "height": 58 }
		},
		"sd_cb_0028_5_": {
			"sd_cb_0028_5_": { "x": -175.99, "y": -38, "width": 56, "height": 24 }
		},
		"sd_cb_0028_5_2": {
			"sd_cb_0028_5_": { "x": -175.99, "y": -38, "width": 56, "height": 24 }
		},
		"sd_cb_0030_1_": {
			"sd_cb_0030_1_": { "x": 5.5, "width": 69, "height": 114 }
		},
		"sd_cb_0030_1_2": {
			"sd_cb_0030_1_": { "x": 5.5, "width": 69, "height": 114 }
		},
		"sd_cb_0030_2_": {
			"sd_cb_0030_2_": { "x": -108.49, "y": -10.5, "width": 69, "height": 93 }
		},
		"sd_cb_0030_2_2": {
			"sd_cb_0030_2_": { "x": -108.49, "y": -10.5, "width": 69, "height": 93 }
		},
		"sd_cb_0030_3_": {
			"sd_cb_0030_3_": { "x": -51.49, "y": 1, "width": 45, "height": 90 }
		},
		"sd_cb_0030_3_2": {
			"sd_cb_0030_3_": { "x": -51.49, "y": 1, "width": 45, "height": 90 }
		},
		"sd_cb_0030_4_": {
			"sd_cb_0030_4_": { "x": -167.49, "y": -43.5, "width": 49, "height": 43 }
		},
		"sd_cb_0030_4_2": {
			"sd_cb_0030_4_": { "x": -167.49, "y": -43.5, "width": 49, "height": 43 }
		},
		"sd_cb_0032_1_": {
			"sd_cb_0032_1_": { "x": 12.5, "y": 5, "width": 53, "height": 120 }
		},
		"sd_cb_0032_1_2": {
			"sd_cb_0032_1_": { "x": 12.5, "y": 5, "width": 53, "height": 120 }
		},
		"sd_cb_0032_2_": {
			"sd_cb_0032_2_": { "x": -78.99, "y": 4.5, "width": 48, "height": 97 }
		},
		"sd_cb_0032_2_2": {
			"sd_cb_0032_2_": { "x": -78.99, "y": 4.5, "width": 48, "height": 97 }
		},
		"sd_cb_0032_3_": {
			"sd_cb_0032_3_": { "x": -34.49, "y": 4.5, "width": 41, "height": 109 }
		},
		"sd_cb_0032_3_2": {
			"sd_cb_0032_3_": { "x": -34.49, "y": 4.5, "width": 41, "height": 109 }
		},
		"sd_cb_0032_4_": {
			"sd_cb_0032_4_": { "x": -120.49, "y": 1.5, "width": 35, "height": 67 }
		},
		"sd_cb_0032_4_2": {
			"sd_cb_0032_4_": { "x": -120.49, "y": 1.5, "width": 35, "height": 67 }
		},
		"sd_cb_0032_5_": {
			"sd_cb_0032_5_": { "x": -159.49, "y": -32.5, "width": 43, "height": 59 }
		},
		"sd_cb_0032_5_2": {
			"sd_cb_0032_5_": { "x": -159.49, "y": -32.5, "width": 43, "height": 59 }
		},
		"sd_cb_0034_1_": {
			"sd_cb_0034_1_": { "x": 5, "y": 9, "width": 78, "height": 124 }
		},
		"sd_cb_0034_1_2": {
			"sd_cb_0034_1_": { "x": 5, "y": 9, "width": 78, "height": 124 }
		},
		"sd_cb_0034_2_": {
			"sd_cb_0034_2_": { "x": -67.49, "y": 20.5, "width": 67, "height": 101 }
		},
		"sd_cb_0034_2_2": {
			"sd_cb_0034_2_": { "x": -67.49, "y": 20.5, "width": 67, "height": 101 }
		},
		"sd_cb_0034_3_": {
			"sd_cb_0034_3_": { "x": -119.49, "y": 21.5, "width": 37, "height": 67 }
		},
		"sd_cb_0034_3_2": {
			"sd_cb_0034_3_": { "x": -119.49, "y": 21.5, "width": 37, "height": 67 }
		},
		"sd_cb_0034_4_": {
			"sd_cb_0034_4_": { "x": -156.49, "y": -13, "width": 37, "height": 62 }
		},
		"sd_cb_0034_4_2": {
			"sd_cb_0034_4_": { "x": -156.49, "y": -13, "width": 37, "height": 62 }
		},
		"sd_cb_0036_1_": {
			"sd_cb_0036_1_": { "x": 15.5, "y": 13, "width": 65, "height": 128 }
		},
		"sd_cb_0036_1_2": {
			"sd_cb_0036_1_": { "x": 15.5, "y": 13, "width": 65, "height": 128 }
		},
		"sd_cb_0036_2_": {
			"sd_cb_0036_2_": { "x": -30.49, "y": 19, "width": 27, "height": 126 }
		},
		"sd_cb_0036_2_2": {
			"sd_cb_0036_2_": { "x": -30.49, "y": 19, "width": 27, "height": 126 }
		},
		"sd_cb_0036_3_": {
			"sd_cb_0036_3_": { "x": -71.49, "y": 38, "width": 55, "height": 110 }
		},
		"sd_cb_0036_3_2": {
			"sd_cb_0036_3_": { "x": -71.49, "y": 38, "width": 55, "height": 110 }
		},
		"sd_cb_0036_4_": {
			"sd_cb_0036_4_": { "x": -118.99, "y": 43.5, "width": 40, "height": 61 }
		},
		"sd_cb_0036_4_2": {
			"sd_cb_0036_4_": { "x": -118.99, "y": 43.5, "width": 40, "height": 61 }
		},
		"sd_cb_0036_5_": {
			"sd_cb_0036_5_": { "x": -156.49, "y": 12, "width": 35, "height": 56 }
		},
		"sd_cb_0036_5_2": {
			"sd_cb_0036_5_": { "x": -156.49, "y": 12, "width": 35, "height": 56 }
		},
		"sd_cb_0038_1_": {
			"sd_cb_0038_1_": { "x": -0.99, "y": -27.5, "width": 86, "height": 47 }
		},
		"sd_cb_0038_1_2": {
			"sd_cb_0038_1_": { "x": -0.99, "y": -27.5, "width": 86, "height": 47 }
		},
		"sd_cb_0038_2_": {
			"sd_cb_0038_2_": { "x": 25, "y": 37, "width": 52, "height": 82 }
		},
		"sd_cb_0038_2_2": {
			"sd_cb_0038_2_": { "x": 25, "y": 37, "width": 52, "height": 82 }
		},
		"sd_cb_0038_3_": {
			"sd_cb_0038_3_": { "x": -38.49, "y": 54, "width": 75, "height": 116 }
		},
		"sd_cb_0038_3_2": {
			"sd_cb_0038_3_": { "x": -38.49, "y": 54, "width": 75, "height": 116 }
		},
		"sd_cb_0038_4_": {
			"sd_cb_0038_4_": { "x": -94.49, "y": 48, "width": 37, "height": 100 }
		},
		"sd_cb_0038_4_2": {
			"sd_cb_0038_4_": { "x": -94.49, "y": 48, "width": 37, "height": 100 }
		},
		"sd_cb_0038_5_": {
			"sd_cb_0038_5_": { "x": -143.49, "y": 46.5, "width": 61, "height": 63 }
		},
		"sd_cb_0038_5_2": {
			"sd_cb_0038_5_": { "x": -143.49, "y": 46.5, "width": 61, "height": 63 }
		},
		"sd_cb_0040_1_": {
			"sd_cb_0040_1_": { "x": 1.5, "y": -26, "width": 93, "height": 54 }
		},
		"sd_cb_0040_1_2": {
			"sd_cb_0040_1_": { "x": 1.5, "y": -26, "width": 93, "height": 54 }
		},
		"sd_cb_0040_2_": {
			"sd_cb_0040_2_": { "x": 31, "y": 38, "width": 46, "height": 74 }
		},
		"sd_cb_0040_2_2": {
			"sd_cb_0040_2_": { "x": 31, "y": 38, "width": 46, "height": 74 }
		},
		"sd_cb_0040_3_": {
			"sd_cb_0040_3_": { "x": -27.49, "y": 62.5, "width": 71, "height": 123 }
		},
		"sd_cb_0040_3_2": {
			"sd_cb_0040_3_": { "x": -27.49, "y": 62.5, "width": 71, "height": 123 }
		},
		"sd_cb_0040_4_": {
			"sd_cb_0040_4_": { "x": -77.49, "y": 25.5, "width": 29, "height": 37 }
		},
		"sd_cb_0040_4_2": {
			"sd_cb_0040_4_": { "x": -77.49, "y": 25.5, "width": 29, "height": 37 }
		},
		"sd_cb_0040_5_": {
			"sd_cb_0040_5_": { "x": -116.49, "y": 77.5, "width": 107, "height": 67 }
		},
		"sd_cb_0040_5_2": {
			"sd_cb_0040_5_": { "x": -116.49, "y": 77.5, "width": 107, "height": 67 }
		}
	}
},
"animations": {
	"animation": {
		"slots": {
			"sd_cb_0000_1_": {
				"attachment": [
					{ "time": 0, "name": "sd_cb_0000_1_" },
					{ "time": 0.0333, "name": "sd_cb_0000_1_" },
					{ "time": 0.0666, "name": null },
					{ "time": 1.3666, "name": null }
				]
			},
			"sd_cb_0000_1_2": {
				"attachment": [
					{ "time": 0, "name": "sd_cb_0000_1_" },
					{ "time": 0.0333, "name": "sd_cb_0000_1_" },
					{ "time": 0.0666, "name": null },
					{ "time": 1.3666, "name": null }
				]
			},
			"sd_cb_0000_2_": {
				"attachment": [
					{ "time": 0, "name": "sd_cb_0000_2_" },
					{ "time": 0.0333, "name": "sd_cb_0000_2_" },
					{ "time": 0.0666, "name": null },
					{ "time": 1.3666, "name": null }
				]
			},
			"sd_cb_0000_2_2": {
				"attachment": [
					{ "time": 0, "name": "sd_cb_0000_2_" },
					{ "time": 0.0333, "name": "sd_cb_0000_2_" },
					{ "time": 0.0666, "name": null },
					{ "time": 1.3666, "name": null }
				]
			},
			"sd_cb_0000_3_": {
				"attachment": [
					{ "time": 0, "name": "sd_cb_0000_3_" },
					{ "time": 0.0333, "name": "sd_cb_0000_3_" },
					{ "time": 0.0666, "name": null },
					{ "time": 1.3666, "name": null }
				]
			},
			"sd_cb_0000_3_2": {
				"attachment": [
					{ "time": 0, "name": "sd_cb_0000_3_" },
					{ "time": 0.0333, "name": "sd_cb_0000_3_" },
					{ "time": 0.0666, "name": null },
					{ "time": 1.3666, "name": null }
				]
			},
			"sd_cb_0000_4_": {
				"attachment": [
					{ "time": 0, "name": "sd_cb_0000_4_" },
					{ "time": 0.0333, "name": "sd_cb_0000_4_" },
					{ "time": 0.0666, "name": null },
					{ "time": 1.3666, "name": null }
				]
			},
			"sd_cb_0000_4_2": {
				"attachment": [
					{ "time": 0, "name": "sd_cb_0000_4_" },
					{ "time": 0.0333, "name": "sd_cb_0000_4_" },
					{ "time": 0.0666, "name": null },
					{ "time": 1.3666, "name": null }
				]
			},
			"sd_cb_0002_1_": {
				"attachment": [
					{ "time": 0, "name": null },
					{ "time": 0.0333, "name": null },
					{ "time": 0.0666, "name": "sd_cb_0002_1_" },
					{ "time": 0.1, "name": "sd_cb_0002_1_" },
					{ "time": 0.1333, "name": null },
					{ "time": 1.3666, "name": null }
				]
			},
			"sd_cb_0002_1_2": {
				"attachment": [
					{ "time": 0, "name": null },
					{ "time": 0.0333, "name": null },
					{ "time": 0.0666, "name": "sd_cb_0002_1_" },
					{ "time": 0.1, "name": "sd_cb_0002_1_" },
					{ "time": 0.1333, "name": null },
					{ "time": 1.3666, "name": null }
				]
			},
			"sd_cb_0002_2_": {
				"attachment": [
					{ "time": 0, "name": null },
					{ "time": 0.0333, "name": null },
					{ "time": 0.0666, "name": "sd_cb_0002_2_" },
					{ "time": 0.1, "name": "sd_cb_0002_2_" },
					{ "time": 0.1333, "name": null },
					{ "time": 1.3666, "name": null }
				]
			},
			"sd_cb_0002_2_2": {
				"attachment": [
					{ "time": 0, "name": null },
					{ "time": 0.0333, "name": null },
					{ "time": 0.0666, "name": "sd_cb_0002_2_" },
					{ "time": 0.1, "name": "sd_cb_0002_2_" },
					{ "time": 0.1333, "name": null },
					{ "time": 1.3666, "name": null }
				]
			},
			"sd_cb_0002_3_": {
				"attachment": [
					{ "time": 0, "name": null },
					{ "time": 0.0333, "name": null },
					{ "time": 0.0666, "name": "sd_cb_0002_3_" },
					{ "time": 0.1, "name": "sd_cb_0002_3_" },
					{ "time": 0.1333, "name": null },
					{ "time": 1.3666, "name": null }
				]
			},
			"sd_cb_0002_3_2": {
				"attachment": [
					{ "time": 0, "name": null },
					{ "time": 0.0333, "name": null },
					{ "time": 0.0666, "name": "sd_cb_0002_3_" },
					{ "time": 0.1, "name": "sd_cb_0002_3_" },
					{ "time": 0.1333, "name": null },
					{ "time": 1.3666, "name": null }
				]
			},
			"sd_cb_0002_4_": {
				"attachment": [
					{ "time": 0, "name": null },
					{ "time": 0.0333, "name": null },
					{ "time": 0.0666, "name": "sd_cb_0002_4_" },
					{ "time": 0.1, "name": "sd_cb_0002_4_" },
					{ "time": 0.1333, "name": null },
					{ "time": 1.3666, "name": null }
				]
			},
			"sd_cb_0002_4_2": {
				"attachment": [
					{ "time": 0, "name": null },
					{ "time": 0.0333, "name": null },
					{ "time": 0.0666, "name": "sd_cb_0002_4_" },
					{ "time": 0.1, "name": "sd_cb_0002_4_" },
					{ "time": 0.1333, "name": null },
					{ "time": 1.3666, "name": null }
				]
			},
			"sd_cb_0004_1_": {
				"attachment": [
					{ "time": 0, "name": null },
					{ "time": 0.1, "name": null },
					{ "time": 0.1333, "name": "sd_cb_0004_1_" },
					{ "time": 0.1666, "name": "sd_cb_0004_1_" },
					{ "time": 0.2, "name": null },
					{ "time": 1.3666, "name": null }
				]
			},
			"sd_cb_0004_1_2": {
				"attachment": [
					{ "time": 0, "name": null },
					{ "time": 0.1, "name": null },
					{ "time": 0.1333, "name": "sd_cb_0004_1_" },
					{ "time": 0.1666, "name": "sd_cb_0004_1_" },
					{ "time": 0.2, "name": null },
					{ "time": 1.3666, "name": null }
				]
			},
			"sd_cb_0004_2_": {
				"attachment": [
					{ "time": 0, "name": null },
					{ "time": 0.1, "name": null },
					{ "time": 0.1333, "name": "sd_cb_0004_2_" },
					{ "time": 0.1666, "name": "sd_cb_0004_2_" },
					{ "time": 0.2, "name": null },
					{ "time": 1.3666, "name": null }
				]
			},
			"sd_cb_0004_2_2": {
				"attachment": [
					{ "time": 0, "name": null },
					{ "time": 0.1, "name": null },
					{ "time": 0.1333, "name": "sd_cb_0004_2_" },
					{ "time": 0.1666, "name": "sd_cb_0004_2_" },
					{ "time": 0.2, "name": null },
					{ "time": 1.3666, "name": null }
				]
			},
			"sd_cb_0004_3_": {
				"attachment": [
					{ "time": 0, "name": null },
					{ "time": 0.1, "name": null },
					{ "time": 0.1333, "name": "sd_cb_0004_3_" },
					{ "time": 0.1666, "name": "sd_cb_0004_3_" },
					{ "time": 0.2, "name": null },
					{ "time": 1.3666, "name": null }
				]
			},
			"sd_cb_0004_3_2": {
				"attachment": [
					{ "time": 0, "name": null },
					{ "time": 0.1, "name": null },
					{ "time": 0.1333, "name": "sd_cb_0004_3_" },
					{ "time": 0.1666, "name": "sd_cb_0004_3_" },
					{ "time": 0.2, "name": null },
					{ "time": 1.3666, "name": null }
				]
			},
			"sd_cb_0004_4_": {
				"attachment": [
					{ "time": 0, "name": null },
					{ "time": 0.1, "name": null },
					{ "time": 0.1333, "name": "sd_cb_0004_4_" },
					{ "time": 0.1666, "name": "sd_cb_0004_4_" },
					{ "time": 0.2, "name": null },
					{ "time": 1.3666, "name": null }
				]
			},
			"sd_cb_0004_4_2": {
				"attachment": [
					{ "time": 0, "name": null },
					{ "time": 0.1, "name": null },
					{ "time": 0.1333, "name": "sd_cb_0004_4_" },
					{ "time": 0.1666, "name": "sd_cb_0004_4_" },
					{ "time": 0.2, "name": null },
					{ "time": 1.3666, "name": null }
				]
			},
			"sd_cb_0006_1_": {
				"attachment": [
					{ "time": 0, "name": null },
					{ "time": 0.1666, "name": null },
					{ "time": 0.2, "name": "sd_cb_0006_1_" },
					{ "time": 0.2333, "name": "sd_cb_0006_1_" },
					{ "time": 0.2666, "name": null },
					{ "time": 1.3666, "name": null }
				]
			},
			"sd_cb_0006_1_2": {
				"attachment": [
					{ "time": 0, "name": null },
					{ "time": 0.1666, "name": null },
					{ "time": 0.2, "name": "sd_cb_0006_1_" },
					{ "time": 0.2333, "name": "sd_cb_0006_1_" },
					{ "time": 0.2666, "name": null },
					{ "time": 1.3666, "name": null }
				]
			},
			"sd_cb_0006_2_": {
				"attachment": [
					{ "time": 0, "name": null },
					{ "time": 0.1666, "name": null },
					{ "time": 0.2, "name": "sd_cb_0006_2_" },
					{ "time": 0.2333, "name": "sd_cb_0006_2_" },
					{ "time": 0.2666, "name": null },
					{ "time": 1.3666, "name": null }
				]
			},
			"sd_cb_0006_2_2": {
				"attachment": [
					{ "time": 0, "name": null },
					{ "time": 0.1666, "name": null },
					{ "time": 0.2, "name": "sd_cb_0006_2_" },
					{ "time": 0.2333, "name": "sd_cb_0006_2_" },
					{ "time": 0.2666, "name": null },
					{ "time": 1.3666, "name": null }
				]
			},
			"sd_cb_0006_3_": {
				"attachment": [
					{ "time": 0, "name": null },
					{ "time": 0.1666, "name": null },
					{ "time": 0.2, "name": "sd_cb_0006_3_" },
					{ "time": 0.2333, "name": "sd_cb_0006_3_" },
					{ "time": 0.2666, "name": null },
					{ "time": 1.3666, "name": null }
				]
			},
			"sd_cb_0006_3_2": {
				"attachment": [
					{ "time": 0, "name": null },
					{ "time": 0.1666, "name": null },
					{ "time": 0.2, "name": "sd_cb_0006_3_" },
					{ "time": 0.2333, "name": "sd_cb_0006_3_" },
					{ "time": 0.2666, "name": null },
					{ "time": 1.3666, "name": null }
				]
			},
			"sd_cb_0006_4_": {
				"attachment": [
					{ "time": 0, "name": null },
					{ "time": 0.1666, "name": null },
					{ "time": 0.2, "name": "sd_cb_0006_4_" },
					{ "time": 0.2333, "name": "sd_cb_0006_4_" },
					{ "time": 0.2666, "name": null },
					{ "time": 1.3666, "name": null }
				]
			},
			"sd_cb_0006_4_2": {
				"attachment": [
					{ "time": 0, "name": null },
					{ "time": 0.1666, "name": null },
					{ "time": 0.2, "name": "sd_cb_0006_4_" },
					{ "time": 0.2333, "name": "sd_cb_0006_4_" },
					{ "time": 0.2666, "name": null },
					{ "time": 1.3666, "name": null }
				]
			},
			"sd_cb_0008_1_": {
				"attachment": [
					{ "time": 0, "name": null },
					{ "time": 0.2333, "name": null },
					{ "time": 0.2666, "name": "sd_cb_0008_1_" },
					{ "time": 0.3, "name": "sd_cb_0008_1_" },
					{ "time": 0.3333, "name": null },
					{ "time": 1.3666, "name": null }
				]
			},
			"sd_cb_0008_1_2": {
				"attachment": [
					{ "time": 0, "name": null },
					{ "time": 0.1666, "name": null },
					{ "time": 0.2, "name": "sd_cb_0008_1_" },
					{ "time": 0.2333, "name": "sd_cb_0008_1_" },
					{ "time": 0.2666, "name": null },
					{ "time": 1.3666, "name": null }
				]
			},
			"sd_cb_0008_2_": {
				"attachment": [
					{ "time": 0, "name": null },
					{ "time": 0.2333, "name": null },
					{ "time": 0.2666, "name": "sd_cb_0008_2_" },
					{ "time": 0.3, "name": "sd_cb_0008_2_" },
					{ "time": 0.3333, "name": null },
					{ "time": 1.3666, "name": null }
				]
			},
			"sd_cb_0008_2_2": {
				"attachment": [
					{ "time": 0, "name": null },
					{ "time": 0.2333, "name": null },
					{ "time": 0.2666, "name": "sd_cb_0008_2_" },
					{ "time": 0.3, "name": "sd_cb_0008_2_" },
					{ "time": 0.3333, "name": null },
					{ "time": 1.3666, "name": null }
				]
			},
			"sd_cb_0008_3_": {
				"attachment": [
					{ "time": 0, "name": null },
					{ "time": 0.2333, "name": null },
					{ "time": 0.2666, "name": "sd_cb_0008_3_" },
					{ "time": 0.3, "name": "sd_cb_0008_3_" },
					{ "time": 0.3333, "name": null },
					{ "time": 1.3666, "name": null }
				]
			},
			"sd_cb_0008_3_2": {
				"attachment": [
					{ "time": 0, "name": null },
					{ "time": 0.2333, "name": null },
					{ "time": 0.2666, "name": "sd_cb_0008_3_" },
					{ "time": 0.3, "name": "sd_cb_0008_3_" },
					{ "time": 0.3333, "name": null },
					{ "time": 1.3666, "name": null }
				]
			},
			"sd_cb_0008_4_": {
				"attachment": [
					{ "time": 0, "name": null },
					{ "time": 0.2333, "name": null },
					{ "time": 0.2666, "name": "sd_cb_0008_4_" },
					{ "time": 0.3, "name": "sd_cb_0008_4_" },
					{ "time": 0.3333, "name": null },
					{ "time": 1.3666, "name": null }
				]
			},
			"sd_cb_0008_4_2": {
				"attachment": [
					{ "time": 0, "name": null },
					{ "time": 0.2333, "name": null },
					{ "time": 0.2666, "name": "sd_cb_0008_4_" },
					{ "time": 0.3, "name": "sd_cb_0008_4_" },
					{ "time": 0.3333, "name": null },
					{ "time": 1.3666, "name": null }
				]
			},
			"sd_cb_0010_1_": {
				"attachment": [
					{ "time": 0, "name": null },
					{ "time": 0.3, "name": null },
					{ "time": 0.3333, "name": "sd_cb_0010_1_" },
					{ "time": 0.3666, "name": "sd_cb_0010_1_" },
					{ "time": 0.4, "name": null },
					{ "time": 1.3666, "name": null }
				]
			},
			"sd_cb_0010_1_2": {
				"attachment": [
					{ "time": 0, "name": null },
					{ "time": 0.3, "name": null },
					{ "time": 0.3333, "name": "sd_cb_0010_1_" },
					{ "time": 0.3666, "name": "sd_cb_0010_1_" },
					{ "time": 0.4, "name": null },
					{ "time": 1.3666, "name": null }
				]
			},
			"sd_cb_0010_2_": {
				"attachment": [
					{ "time": 0, "name": null },
					{ "time": 0.3, "name": null },
					{ "time": 0.3333, "name": "sd_cb_0010_2_" },
					{ "time": 0.3666, "name": "sd_cb_0010_2_" },
					{ "time": 0.4, "name": null },
					{ "time": 1.3666, "name": null }
				]
			},
			"sd_cb_0010_2_2": {
				"attachment": [
					{ "time": 0, "name": null },
					{ "time": 0.3, "name": null },
					{ "time": 0.3333, "name": "sd_cb_0010_2_" },
					{ "time": 0.3666, "name": "sd_cb_0010_2_" },
					{ "time": 0.4, "name": null },
					{ "time": 1.3666, "name": null }
				]
			},
			"sd_cb_0010_3_": {
				"attachment": [
					{ "time": 0, "name": null },
					{ "time": 0.3, "name": null },
					{ "time": 0.3333, "name": "sd_cb_0010_3_" },
					{ "time": 0.3666, "name": "sd_cb_0010_3_" },
					{ "time": 0.4, "name": null },
					{ "time": 1.3666, "name": null }
				]
			},
			"sd_cb_0010_3_2": {
				"attachment": [
					{ "time": 0, "name": null },
					{ "time": 0.3, "name": null },
					{ "time": 0.3333, "name": "sd_cb_0010_3_" },
					{ "time": 0.3666, "name": "sd_cb_0010_3_" },
					{ "time": 0.4, "name": null },
					{ "time": 1.3666, "name": null }
				]
			},
			"sd_cb_0010_4_": {
				"attachment": [
					{ "time": 0, "name": null },
					{ "time": 0.3, "name": null },
					{ "time": 0.3333, "name": "sd_cb_0010_4_" },
					{ "time": 0.3666, "name": "sd_cb_0010_4_" },
					{ "time": 0.4, "name": null },
					{ "time": 1.3666, "name": null }
				]
			},
			"sd_cb_0010_4_2": {
				"attachment": [
					{ "time": 0, "name": null },
					{ "time": 0.3, "name": null },
					{ "time": 0.3333, "name": "sd_cb_0010_4_" },
					{ "time": 0.3666, "name": "sd_cb_0010_4_" },
					{ "time": 0.4, "name": null },
					{ "time": 1.3666, "name": null }
				]
			},
			"sd_cb_0012_1_": {
				"attachment": [
					{ "time": 0, "name": null },
					{ "time": 0.3666, "name": null },
					{ "time": 0.4, "name": "sd_cb_0012_1_" },
					{ "time": 0.4333, "name": "sd_cb_0012_1_" },
					{ "time": 0.4666, "name": null },
					{ "time": 1.3666, "name": null }
				]
			},
			"sd_cb_0012_1_2": {
				"attachment": [
					{ "time": 0, "name": null },
					{ "time": 0.3666, "name": null },
					{ "time": 0.4, "name": "sd_cb_0012_1_" },
					{ "time": 0.4333, "name": "sd_cb_0012_1_" },
					{ "time": 0.4666, "name": null },
					{ "time": 1.3666, "name": null }
				]
			},
			"sd_cb_0012_2_": {
				"attachment": [
					{ "time": 0, "name": null },
					{ "time": 0.3666, "name": null },
					{ "time": 0.4, "name": "sd_cb_0012_2_" },
					{ "time": 0.4333, "name": "sd_cb_0012_2_" },
					{ "time": 0.4666, "name": null },
					{ "time": 1.3666, "name": null }
				]
			},
			"sd_cb_0012_2_2": {
				"attachment": [
					{ "time": 0, "name": null },
					{ "time": 0.3666, "name": null },
					{ "time": 0.4, "name": "sd_cb_0012_2_" },
					{ "time": 0.4333, "name": "sd_cb_0012_2_" },
					{ "time": 0.4666, "name": null },
					{ "time": 1.3666, "name": null }
				]
			},
			"sd_cb_0012_3_": {
				"attachment": [
					{ "time": 0, "name": null },
					{ "time": 0.3666, "name": null },
					{ "time": 0.4, "name": "sd_cb_0012_3_" },
					{ "time": 0.4333, "name": "sd_cb_0012_3_" },
					{ "time": 0.4666, "name": null },
					{ "time": 1.3666, "name": null }
				]
			},
			"sd_cb_0012_3_2": {
				"attachment": [
					{ "time": 0, "name": null },
					{ "time": 0.3666, "name": null },
					{ "time": 0.4, "name": "sd_cb_0012_3_" },
					{ "time": 0.4333, "name": "sd_cb_0012_3_" },
					{ "time": 0.4666, "name": null },
					{ "time": 1.3666, "name": null }
				]
			},
			"sd_cb_0012_4_": {
				"attachment": [
					{ "time": 0, "name": null },
					{ "time": 0.3666, "name": null },
					{ "time": 0.4, "name": "sd_cb_0012_4_" },
					{ "time": 0.4333, "name": "sd_cb_0012_4_" },
					{ "time": 0.4666, "name": null },
					{ "time": 1.3666, "name": null }
				]
			},
			"sd_cb_0012_4_2": {
				"attachment": [
					{ "time": 0, "name": null },
					{ "time": 0.3666, "name": null },
					{ "time": 0.4, "name": "sd_cb_0012_4_" },
					{ "time": 0.4333, "name": "sd_cb_0012_4_" },
					{ "time": 0.4666, "name": null },
					{ "time": 1.3666, "name": null }
				]
			},
			"sd_cb_0014_1_": {
				"attachment": [
					{ "time": 0, "name": null },
					{ "time": 0.4333, "name": null },
					{ "time": 0.4666, "name": "sd_cb_0014_1_" },
					{ "time": 0.5, "name": "sd_cb_0014_1_" },
					{ "time": 0.5333, "name": null },
					{ "time": 1.3666, "name": null }
				]
			},
			"sd_cb_0014_1_2": {
				"attachment": [
					{ "time": 0, "name": null },
					{ "time": 0.4333, "name": null },
					{ "time": 0.4666, "name": "sd_cb_0014_1_" },
					{ "time": 0.5, "name": "sd_cb_0014_1_" },
					{ "time": 0.5333, "name": null },
					{ "time": 1.3666, "name": null }
				]
			},
			"sd_cb_0014_2_": {
				"attachment": [
					{ "time": 0, "name": null },
					{ "time": 0.4333, "name": null },
					{ "time": 0.4666, "name": "sd_cb_0014_2_" },
					{ "time": 0.5, "name": "sd_cb_0014_2_" },
					{ "time": 0.5333, "name": null },
					{ "time": 1.3666, "name": null }
				]
			},
			"sd_cb_0014_2_2": {
				"attachment": [
					{ "time": 0, "name": null },
					{ "time": 0.4333, "name": null },
					{ "time": 0.4666, "name": "sd_cb_0014_2_" },
					{ "time": 0.5, "name": "sd_cb_0014_2_" },
					{ "time": 0.5333, "name": null },
					{ "time": 1.3666, "name": null }
				]
			},
			"sd_cb_0014_3_": {
				"attachment": [
					{ "time": 0, "name": null },
					{ "time": 0.4333, "name": null },
					{ "time": 0.4666, "name": "sd_cb_0014_3_" },
					{ "time": 0.5, "name": "sd_cb_0014_3_" },
					{ "time": 0.5333, "name": null },
					{ "time": 1.3666, "name": null }
				]
			},
			"sd_cb_0014_3_2": {
				"attachment": [
					{ "time": 0, "name": null },
					{ "time": 0.4333, "name": null },
					{ "time": 0.4666, "name": "sd_cb_0014_3_" },
					{ "time": 0.5, "name": "sd_cb_0014_3_" },
					{ "time": 0.5333, "name": null },
					{ "time": 1.3666, "name": null }
				]
			},
			"sd_cb_0014_4_": {
				"attachment": [
					{ "time": 0, "name": null },
					{ "time": 0.4333, "name": null },
					{ "time": 0.4666, "name": "sd_cb_0014_4_" },
					{ "time": 0.5, "name": "sd_cb_0014_4_" },
					{ "time": 0.5333, "name": null },
					{ "time": 1.3666, "name": null }
				]
			},
			"sd_cb_0014_4_2": {
				"attachment": [
					{ "time": 0, "name": null },
					{ "time": 0.4333, "name": null },
					{ "time": 0.4666, "name": "sd_cb_0014_4_" },
					{ "time": 0.5, "name": "sd_cb_0014_4_" },
					{ "time": 0.5333, "name": null },
					{ "time": 1.3666, "name": null }
				]
			},
			"sd_cb_0016_1_": {
				"attachment": [
					{ "time": 0, "name": null },
					{ "time": 0.5, "name": null },
					{ "time": 0.5333, "name": "sd_cb_0016_1_" },
					{ "time": 0.5666, "name": "sd_cb_0016_1_" },
					{ "time": 0.6, "name": null },
					{ "time": 1.3666, "name": null }
				]
			},
			"sd_cb_0016_1_2": {
				"attachment": [
					{ "time": 0, "name": null },
					{ "time": 0.5, "name": null },
					{ "time": 0.5333, "name": "sd_cb_0016_1_" },
					{ "time": 0.5666, "name": "sd_cb_0016_1_" },
					{ "time": 0.6, "name": null },
					{ "time": 1.3666, "name": null }
				]
			},
			"sd_cb_0016_2_": {
				"attachment": [
					{ "time": 0, "name": null },
					{ "time": 0.5, "name": null },
					{ "time": 0.5333, "name": "sd_cb_0016_2_" },
					{ "time": 0.5666, "name": "sd_cb_0016_2_" },
					{ "time": 0.6, "name": null },
					{ "time": 1.3666, "name": null }
				]
			},
			"sd_cb_0016_2_2": {
				"attachment": [
					{ "time": 0, "name": null },
					{ "time": 0.5, "name": null },
					{ "time": 0.5333, "name": "sd_cb_0016_2_" },
					{ "time": 0.5666, "name": "sd_cb_0016_2_" },
					{ "time": 0.6, "name": null },
					{ "time": 1.3666, "name": null }
				]
			},
			"sd_cb_0016_3_": {
				"attachment": [
					{ "time": 0, "name": null },
					{ "time": 0.5, "name": null },
					{ "time": 0.5333, "name": "sd_cb_0016_3_" },
					{ "time": 0.5666, "name": "sd_cb_0016_3_" },
					{ "time": 0.6, "name": null },
					{ "time": 1.3666, "name": null }
				]
			},
			"sd_cb_0016_3_2": {
				"attachment": [
					{ "time": 0, "name": null },
					{ "time": 0.5, "name": null },
					{ "time": 0.5333, "name": "sd_cb_0016_3_" },
					{ "time": 0.5666, "name": "sd_cb_0016_3_" },
					{ "time": 0.6, "name": null },
					{ "time": 1.3666, "name": null }
				]
			},
			"sd_cb_0016_4_": {
				"attachment": [
					{ "time": 0, "name": null },
					{ "time": 0.5, "name": null },
					{ "time": 0.5333, "name": "sd_cb_0016_4_" },
					{ "time": 0.5666, "name": "sd_cb_0016_4_" },
					{ "time": 0.6, "name": null },
					{ "time": 1.3666, "name": null }
				]
			},
			"sd_cb_0016_4_2": {
				"attachment": [
					{ "time": 0, "name": null },
					{ "time": 0.5, "name": null },
					{ "time": 0.5333, "name": "sd_cb_0016_4_" },
					{ "time": 0.5666, "name": "sd_cb_0016_4_" },
					{ "time": 0.6, "name": null },
					{ "time": 1.3666, "name": null }
				]
			},
			"sd_cb_0016_5_": {
				"attachment": [
					{ "time": 0, "name": null },
					{ "time": 0.5, "name": null },
					{ "time": 0.5333, "name": "sd_cb_0016_5_" },
					{ "time": 0.5666, "name": "sd_cb_0016_5_" },
					{ "time": 0.6, "name": null },
					{ "time": 1.3666, "name": null }
				]
			},
			"sd_cb_0016_5_2": {
				"attachment": [
					{ "time": 0, "name": null },
					{ "time": 0.5, "name": null },
					{ "time": 0.5333, "name": "sd_cb_0016_5_" },
					{ "time": 0.5666, "name": "sd_cb_0016_5_" },
					{ "time": 0.6, "name": null },
					{ "time": 1.3666, "name": null }
				]
			},
			"sd_cb_0018_1_": {
				"attachment": [
					{ "time": 0, "name": null },
					{ "time": 0.5666, "name": null },
					{ "time": 0.6, "name": "sd_cb_0018_1_" },
					{ "time": 0.6333, "name": "sd_cb_0018_1_" },
					{ "time": 0.6666, "name": null },
					{ "time": 1.3666, "name": null }
				]
			},
			"sd_cb_0018_1_2": {
				"attachment": [
					{ "time": 0, "name": null },
					{ "time": 0.5666, "name": null },
					{ "time": 0.6, "name": "sd_cb_0018_1_" },
					{ "time": 0.6333, "name": "sd_cb_0018_1_" },
					{ "time": 0.6666, "name": null },
					{ "time": 1.3666, "name": null }
				]
			},
			"sd_cb_0018_2_": {
				"attachment": [
					{ "time": 0, "name": null },
					{ "time": 0.5666, "name": null },
					{ "time": 0.6, "name": "sd_cb_0018_2_" },
					{ "time": 0.6333, "name": "sd_cb_0018_2_" },
					{ "time": 0.6666, "name": null },
					{ "time": 1.3666, "name": null }
				]
			},
			"sd_cb_0018_2_2": {
				"attachment": [
					{ "time": 0, "name": null },
					{ "time": 0.5666, "name": null },
					{ "time": 0.6, "name": "sd_cb_0018_2_" },
					{ "time": 0.6333, "name": "sd_cb_0018_2_" },
					{ "time": 0.6666, "name": null },
					{ "time": 1.3666, "name": null }
				]
			},
			"sd_cb_0018_3_": {
				"attachment": [
					{ "time": 0, "name": null },
					{ "time": 0.5666, "name": null },
					{ "time": 0.6, "name": "sd_cb_0018_3_" },
					{ "time": 0.6333, "name": "sd_cb_0018_3_" },
					{ "time": 0.6666, "name": null },
					{ "time": 1.3666, "name": null }
				]
			},
			"sd_cb_0018_3_2": {
				"attachment": [
					{ "time": 0, "name": null },
					{ "time": 0.5666, "name": null },
					{ "time": 0.6, "name": "sd_cb_0018_3_" },
					{ "time": 0.6333, "name": "sd_cb_0018_3_" },
					{ "time": 0.6666, "name": null },
					{ "time": 1.3666, "name": null }
				]
			},
			"sd_cb_0018_4_": {
				"attachment": [
					{ "time": 0, "name": null },
					{ "time": 0.5666, "name": null },
					{ "time": 0.6, "name": "sd_cb_0018_4_" },
					{ "time": 0.6333, "name": "sd_cb_0018_4_" },
					{ "time": 0.6666, "name": null },
					{ "time": 1.3666, "name": null }
				]
			},
			"sd_cb_0018_4_2": {
				"attachment": [
					{ "time": 0, "name": null },
					{ "time": 0.5666, "name": null },
					{ "time": 0.6, "name": "sd_cb_0018_4_" },
					{ "time": 0.6333, "name": "sd_cb_0018_4_" },
					{ "time": 0.6666, "name": null },
					{ "time": 1.3666, "name": null }
				]
			},
			"sd_cb_0020_1_": {
				"attachment": [
					{ "time": 0, "name": null },
					{ "time": 0.6333, "name": null },
					{ "time": 0.6666, "name": "sd_cb_0020_1_" },
					{ "time": 0.7, "name": "sd_cb_0020_1_" },
					{ "time": 0.7333, "name": null },
					{ "time": 1.3666, "name": null }
				]
			},
			"sd_cb_0020_1_2": {
				"attachment": [
					{ "time": 0, "name": null },
					{ "time": 0.6333, "name": null },
					{ "time": 0.6666, "name": "sd_cb_0020_1_" },
					{ "time": 0.7, "name": "sd_cb_0020_1_" },
					{ "time": 0.7333, "name": null },
					{ "time": 1.3666, "name": null }
				]
			},
			"sd_cb_0020_2_": {
				"attachment": [
					{ "time": 0, "name": null },
					{ "time": 0.6333, "name": null },
					{ "time": 0.6666, "name": "sd_cb_0020_2_" },
					{ "time": 0.7, "name": "sd_cb_0020_2_" },
					{ "time": 0.7333, "name": null },
					{ "time": 1.3666, "name": null }
				]
			},
			"sd_cb_0020_2_2": {
				"attachment": [
					{ "time": 0, "name": null },
					{ "time": 0.6333, "name": null },
					{ "time": 0.6666, "name": "sd_cb_0020_2_" },
					{ "time": 0.7, "name": "sd_cb_0020_2_" },
					{ "time": 0.7333, "name": null },
					{ "time": 1.3666, "name": null }
				]
			},
			"sd_cb_0020_3_": {
				"attachment": [
					{ "time": 0, "name": null },
					{ "time": 0.6333, "name": null },
					{ "time": 0.6666, "name": "sd_cb_0020_3_" },
					{ "time": 0.7, "name": "sd_cb_0020_3_" },
					{ "time": 0.7333, "name": null },
					{ "time": 1.3666, "name": null }
				]
			},
			"sd_cb_0020_3_2": {
				"attachment": [
					{ "time": 0, "name": null },
					{ "time": 0.6333, "name": null },
					{ "time": 0.6666, "name": "sd_cb_0020_3_" },
					{ "time": 0.7, "name": "sd_cb_0020_3_" },
					{ "time": 0.7333, "name": null },
					{ "time": 1.3666, "name": null }
				]
			},
			"sd_cb_0020_4_": {
				"attachment": [
					{ "time": 0, "name": null },
					{ "time": 0.6333, "name": null },
					{ "time": 0.6666, "name": "sd_cb_0020_4_" },
					{ "time": 0.7, "name": "sd_cb_0020_4_" },
					{ "time": 0.7333, "name": null },
					{ "time": 1.3666, "name": null }
				]
			},
			"sd_cb_0020_4_2": {
				"attachment": [
					{ "time": 0, "name": null },
					{ "time": 0.6333, "name": null },
					{ "time": 0.6666, "name": "sd_cb_0020_4_" },
					{ "time": 0.7, "name": "sd_cb_0020_4_" },
					{ "time": 0.7333, "name": null },
					{ "time": 1.3666, "name": null }
				]
			},
			"sd_cb_0020_5_": {
				"attachment": [
					{ "time": 0, "name": null },
					{ "time": 0.6333, "name": null },
					{ "time": 0.6666, "name": "sd_cb_0020_5_" },
					{ "time": 0.7, "name": "sd_cb_0020_5_" },
					{ "time": 0.7333, "name": null },
					{ "time": 1.3666, "name": null }
				]
			},
			"sd_cb_0020_5_2": {
				"attachment": [
					{ "time": 0, "name": null },
					{ "time": 0.6333, "name": null },
					{ "time": 0.6666, "name": "sd_cb_0020_5_" },
					{ "time": 0.7, "name": "sd_cb_0020_5_" },
					{ "time": 0.7333, "name": null },
					{ "time": 1.3666, "name": null }
				]
			},
			"sd_cb_0022_1_": {
				"attachment": [
					{ "time": 0, "name": null },
					{ "time": 0.7, "name": null },
					{ "time": 0.7333, "name": "sd_cb_0022_1_" },
					{ "time": 0.7666, "name": "sd_cb_0022_1_" },
					{ "time": 0.8, "name": null },
					{ "time": 1.3666, "name": null }
				]
			},
			"sd_cb_0022_1_2": {
				"attachment": [
					{ "time": 0, "name": null },
					{ "time": 0.7, "name": null },
					{ "time": 0.7333, "name": "sd_cb_0022_1_" },
					{ "time": 0.7666, "name": "sd_cb_0022_1_" },
					{ "time": 0.8, "name": null },
					{ "time": 1.3666, "name": null }
				]
			},
			"sd_cb_0022_2_": {
				"attachment": [
					{ "time": 0, "name": null },
					{ "time": 0.7, "name": null },
					{ "time": 0.7333, "name": "sd_cb_0022_2_" },
					{ "time": 0.7666, "name": "sd_cb_0022_2_" },
					{ "time": 0.8, "name": null },
					{ "time": 1.3666, "name": null }
				]
			},
			"sd_cb_0022_2_2": {
				"attachment": [
					{ "time": 0, "name": null },
					{ "time": 0.7, "name": null },
					{ "time": 0.7333, "name": "sd_cb_0022_2_" },
					{ "time": 0.7666, "name": "sd_cb_0022_2_" },
					{ "time": 0.8, "name": null },
					{ "time": 1.3666, "name": null }
				]
			},
			"sd_cb_0022_3_": {
				"attachment": [
					{ "time": 0, "name": null },
					{ "time": 0.7, "name": null },
					{ "time": 0.7333, "name": "sd_cb_0022_3_" },
					{ "time": 0.7666, "name": "sd_cb_0022_3_" },
					{ "time": 0.8, "name": null },
					{ "time": 1.3666, "name": null }
				]
			},
			"sd_cb_0022_3_2": {
				"attachment": [
					{ "time": 0, "name": null },
					{ "time": 0.7, "name": null },
					{ "time": 0.7333, "name": "sd_cb_0022_3_" },
					{ "time": 0.7666, "name": "sd_cb_0022_3_" },
					{ "time": 0.8, "name": null },
					{ "time": 1.3666, "name": null }
				]
			},
			"sd_cb_0022_4_": {
				"attachment": [
					{ "time": 0, "name": null },
					{ "time": 0.7, "name": null },
					{ "time": 0.7333, "name": "sd_cb_0022_4_" },
					{ "time": 0.7666, "name": "sd_cb_0022_4_" },
					{ "time": 0.8, "name": null },
					{ "time": 1.3666, "name": null }
				]
			},
			"sd_cb_0022_4_2": {
				"attachment": [
					{ "time": 0, "name": null },
					{ "time": 0.7, "name": null },
					{ "time": 0.7333, "name": "sd_cb_0022_4_" },
					{ "time": 0.7666, "name": "sd_cb_0022_4_" },
					{ "time": 0.8, "name": null },
					{ "time": 1.3666, "name": null }
				]
			},
			"sd_cb_0024_1_": {
				"attachment": [
					{ "time": 0, "name": null },
					{ "time": 0.7666, "name": null },
					{ "time": 0.8, "name": "sd_cb_0024_1_" },
					{ "time": 0.8333, "name": "sd_cb_0024_1_" },
					{ "time": 0.8666, "name": null },
					{ "time": 1.3666, "name": null }
				]
			},
			"sd_cb_0024_1_2": {
				"attachment": [
					{ "time": 0, "name": null },
					{ "time": 0.7666, "name": null },
					{ "time": 0.8, "name": "sd_cb_0024_1_" },
					{ "time": 0.8333, "name": "sd_cb_0024_1_" },
					{ "time": 0.8666, "name": null },
					{ "time": 1.3666, "name": null }
				]
			},
			"sd_cb_0024_2_": {
				"attachment": [
					{ "time": 0, "name": null },
					{ "time": 0.7666, "name": null },
					{ "time": 0.8, "name": "sd_cb_0024_2_" },
					{ "time": 0.8333, "name": "sd_cb_0024_2_" },
					{ "time": 0.8666, "name": null },
					{ "time": 1.3666, "name": null }
				]
			},
			"sd_cb_0024_2_2": {
				"attachment": [
					{ "time": 0, "name": null },
					{ "time": 0.7666, "name": null },
					{ "time": 0.8, "name": "sd_cb_0024_2_" },
					{ "time": 0.8333, "name": "sd_cb_0024_2_" },
					{ "time": 0.8666, "name": null },
					{ "time": 1.3666, "name": null }
				]
			},
			"sd_cb_0024_3_": {
				"attachment": [
					{ "time": 0, "name": null },
					{ "time": 0.7666, "name": null },
					{ "time": 0.8, "name": "sd_cb_0024_3_" },
					{ "time": 0.8333, "name": "sd_cb_0024_3_" },
					{ "time": 0.8666, "name": null },
					{ "time": 1.3666, "name": null }
				]
			},
			"sd_cb_0024_3_2": {
				"attachment": [
					{ "time": 0, "name": null },
					{ "time": 0.7666, "name": null },
					{ "time": 0.8, "name": "sd_cb_0024_3_" },
					{ "time": 0.8333, "name": "sd_cb_0024_3_" },
					{ "time": 0.8666, "name": null },
					{ "time": 1.3666, "name": null }
				]
			},
			"sd_cb_0024_4_": {
				"attachment": [
					{ "time": 0, "name": null },
					{ "time": 0.7666, "name": null },
					{ "time": 0.8, "name": "sd_cb_0024_4_" },
					{ "time": 0.8333, "name": "sd_cb_0024_4_" },
					{ "time": 0.8666, "name": null },
					{ "time": 1.3666, "name": null }
				]
			},
			"sd_cb_0024_4_2": {
				"attachment": [
					{ "time": 0, "name": null },
					{ "time": 0.7666, "name": null },
					{ "time": 0.8, "name": "sd_cb_0024_4_" },
					{ "time": 0.8333, "name": "sd_cb_0024_4_" },
					{ "time": 0.8666, "name": null },
					{ "time": 1.3666, "name": null }
				]
			},
			"sd_cb_0024_5_": {
				"attachment": [
					{ "time": 0, "name": null },
					{ "time": 0.7666, "name": null },
					{ "time": 0.8, "name": "sd_cb_0024_5_" },
					{ "time": 0.8333, "name": "sd_cb_0024_5_" },
					{ "time": 0.8666, "name": null },
					{ "time": 1.3666, "name": null }
				]
			},
			"sd_cb_0024_5_2": {
				"attachment": [
					{ "time": 0, "name": null },
					{ "time": 0.7666, "name": null },
					{ "time": 0.8, "name": "sd_cb_0024_5_" },
					{ "time": 0.8333, "name": "sd_cb_0024_5_" },
					{ "time": 0.8666, "name": null },
					{ "time": 1.3666, "name": null }
				]
			},
			"sd_cb_0026_1_": {
				"attachment": [
					{ "time": 0, "name": null },
					{ "time": 0.8333, "name": null },
					{ "time": 0.8666, "name": "sd_cb_0026_1_" },
					{ "time": 0.9, "name": "sd_cb_0026_1_" },
					{ "time": 0.9333, "name": null },
					{ "time": 1.3666, "name": null }
				]
			},
			"sd_cb_0026_1_2": {
				"attachment": [
					{ "time": 0, "name": null },
					{ "time": 0.8333, "name": null },
					{ "time": 0.8666, "name": "sd_cb_0026_1_" },
					{ "time": 0.9, "name": "sd_cb_0026_1_" },
					{ "time": 0.9333, "name": null },
					{ "time": 1.3666, "name": null }
				]
			},
			"sd_cb_0026_2_": {
				"attachment": [
					{ "time": 0, "name": null },
					{ "time": 0.8333, "name": null },
					{ "time": 0.8666, "name": "sd_cb_0026_2_" },
					{ "time": 0.9, "name": "sd_cb_0026_2_" },
					{ "time": 0.9333, "name": null },
					{ "time": 1.3666, "name": null }
				]
			},
			"sd_cb_0026_2_2": {
				"attachment": [
					{ "time": 0, "name": null },
					{ "time": 0.8333, "name": null },
					{ "time": 0.8666, "name": "sd_cb_0026_2_" },
					{ "time": 0.9, "name": "sd_cb_0026_2_" },
					{ "time": 0.9333, "name": null },
					{ "time": 1.3666, "name": null }
				]
			},
			"sd_cb_0026_3_": {
				"attachment": [
					{ "time": 0, "name": null },
					{ "time": 0.8333, "name": null },
					{ "time": 0.8666, "name": "sd_cb_0026_3_" },
					{ "time": 0.9, "name": "sd_cb_0026_3_" },
					{ "time": 0.9333, "name": null },
					{ "time": 1.3666, "name": null }
				]
			},
			"sd_cb_0026_3_2": {
				"attachment": [
					{ "time": 0, "name": null },
					{ "time": 0.8333, "name": null },
					{ "time": 0.8666, "name": "sd_cb_0026_3_" },
					{ "time": 0.9, "name": "sd_cb_0026_3_" },
					{ "time": 0.9333, "name": null },
					{ "time": 1.3666, "name": null }
				]
			},
			"sd_cb_0026_4_": {
				"attachment": [
					{ "time": 0, "name": null },
					{ "time": 0.8333, "name": null },
					{ "time": 0.8666, "name": "sd_cb_0026_4_" },
					{ "time": 0.9, "name": "sd_cb_0026_4_" },
					{ "time": 0.9333, "name": null },
					{ "time": 1.3666, "name": null }
				]
			},
			"sd_cb_0026_4_2": {
				"attachment": [
					{ "time": 0, "name": null },
					{ "time": 0.8333, "name": null },
					{ "time": 0.8666, "name": "sd_cb_0026_4_" },
					{ "time": 0.9, "name": "sd_cb_0026_4_" },
					{ "time": 0.9333, "name": null },
					{ "time": 1.3666, "name": null }
				]
			},
			"sd_cb_0026_5_": {
				"attachment": [
					{ "time": 0, "name": null },
					{ "time": 0.8333, "name": null },
					{ "time": 0.8666, "name": "sd_cb_0026_5_" },
					{ "time": 0.9, "name": "sd_cb_0026_5_" },
					{ "time": 0.9333, "name": null },
					{ "time": 1.3666, "name": null }
				]
			},
			"sd_cb_0026_5_2": {
				"attachment": [
					{ "time": 0, "name": null },
					{ "time": 0.8333, "name": null },
					{ "time": 0.8666, "name": "sd_cb_0026_5_" },
					{ "time": 0.9, "name": "sd_cb_0026_5_" },
					{ "time": 0.9333, "name": null },
					{ "time": 1.3666, "name": null }
				]
			},
			"sd_cb_0028_1_": {
				"attachment": [
					{ "time": 0, "name": null },
					{ "time": 0.9, "name": null },
					{ "time": 0.9333, "name": "sd_cb_0028_1_" },
					{ "time": 0.9666, "name": "sd_cb_0028_1_" },
					{ "time": 1, "name": null },
					{ "time": 1.3666, "name": null }
				]
			},
			"sd_cb_0028_1_2": {
				"attachment": [
					{ "time": 0, "name": null },
					{ "time": 0.9, "name": null },
					{ "time": 0.9333, "name": "sd_cb_0028_1_" },
					{ "time": 0.9666, "name": "sd_cb_0028_1_" },
					{ "time": 1, "name": null },
					{ "time": 1.3666, "name": null }
				]
			},
			"sd_cb_0028_2_": {
				"attachment": [
					{ "time": 0, "name": null },
					{ "time": 0.9, "name": null },
					{ "time": 0.9333, "name": "sd_cb_0028_2_" },
					{ "time": 0.9666, "name": "sd_cb_0028_2_" },
					{ "time": 1, "name": null },
					{ "time": 1.3666, "name": null }
				]
			},
			"sd_cb_0028_2_2": {
				"attachment": [
					{ "time": 0, "name": null },
					{ "time": 0.9, "name": null },
					{ "time": 0.9333, "name": "sd_cb_0028_2_" },
					{ "time": 0.9666, "name": "sd_cb_0028_2_" },
					{ "time": 1, "name": null },
					{ "time": 1.3666, "name": null }
				]
			},
			"sd_cb_0028_3_": {
				"attachment": [
					{ "time": 0, "name": null },
					{ "time": 0.9, "name": null },
					{ "time": 0.9333, "name": "sd_cb_0028_3_" },
					{ "time": 0.9666, "name": "sd_cb_0028_3_" },
					{ "time": 1, "name": null },
					{ "time": 1.3666, "name": null }
				]
			},
			"sd_cb_0028_3_2": {
				"attachment": [
					{ "time": 0, "name": null },
					{ "time": 0.9, "name": null },
					{ "time": 0.9333, "name": "sd_cb_0028_3_" },
					{ "time": 0.9666, "name": "sd_cb_0028_3_" },
					{ "time": 1, "name": null },
					{ "time": 1.3666, "name": null }
				]
			},
			"sd_cb_0028_4_": {
				"attachment": [
					{ "time": 0, "name": null },
					{ "time": 0.9, "name": null },
					{ "time": 0.9333, "name": "sd_cb_0028_4_" },
					{ "time": 0.9666, "name": "sd_cb_0028_4_" },
					{ "time": 1, "name": null },
					{ "time": 1.3666, "name": null }
				]
			},
			"sd_cb_0028_4_2": {
				"attachment": [
					{ "time": 0, "name": null },
					{ "time": 0.9, "name": null },
					{ "time": 0.9333, "name": "sd_cb_0028_4_" },
					{ "time": 0.9666, "name": "sd_cb_0028_4_" },
					{ "time": 1, "name": null },
					{ "time": 1.3666, "name": null }
				]
			},
			"sd_cb_0028_5_": {
				"attachment": [
					{ "time": 0, "name": null },
					{ "time": 0.9, "name": null },
					{ "time": 0.9333, "name": "sd_cb_0028_5_" },
					{ "time": 0.9666, "name": "sd_cb_0028_5_" },
					{ "time": 1, "name": null },
					{ "time": 1.3666, "name": null }
				]
			},
			"sd_cb_0028_5_2": {
				"attachment": [
					{ "time": 0, "name": null },
					{ "time": 0.9, "name": null },
					{ "time": 0.9333, "name": "sd_cb_0028_5_" },
					{ "time": 0.9666, "name": "sd_cb_0028_5_" },
					{ "time": 1, "name": null },
					{ "time": 1.3666, "name": null }
				]
			},
			"sd_cb_0030_1_": {
				"attachment": [
					{ "time": 0, "name": null },
					{ "time": 0.9666, "name": null },
					{ "time": 1, "name": "sd_cb_0030_1_" },
					{ "time": 1.0333, "name": "sd_cb_0030_1_" },
					{ "time": 1.0666, "name": null },
					{ "time": 1.3666, "name": null }
				]
			},
			"sd_cb_0030_1_2": {
				"attachment": [
					{ "time": 0, "name": null },
					{ "time": 0.9666, "name": null },
					{ "time": 1, "name": "sd_cb_0030_1_" },
					{ "time": 1.0333, "name": "sd_cb_0030_1_" },
					{ "time": 1.0666, "name": null },
					{ "time": 1.3666, "name": null }
				]
			},
			"sd_cb_0030_2_": {
				"attachment": [
					{ "time": 0, "name": null },
					{ "time": 0.9666, "name": null },
					{ "time": 1, "name": "sd_cb_0030_2_" },
					{ "time": 1.0333, "name": "sd_cb_0030_2_" },
					{ "time": 1.0666, "name": null },
					{ "time": 1.3666, "name": null }
				]
			},
			"sd_cb_0030_2_2": {
				"attachment": [
					{ "time": 0, "name": null },
					{ "time": 0.9666, "name": null },
					{ "time": 1, "name": "sd_cb_0030_2_" },
					{ "time": 1.0333, "name": "sd_cb_0030_2_" },
					{ "time": 1.0666, "name": null },
					{ "time": 1.3666, "name": null }
				]
			},
			"sd_cb_0030_3_": {
				"attachment": [
					{ "time": 0, "name": null },
					{ "time": 0.9666, "name": null },
					{ "time": 1, "name": "sd_cb_0030_3_" },
					{ "time": 1.0333, "name": "sd_cb_0030_3_" },
					{ "time": 1.0666, "name": null },
					{ "time": 1.3666, "name": null }
				]
			},
			"sd_cb_0030_3_2": {
				"attachment": [
					{ "time": 0, "name": null },
					{ "time": 0.9666, "name": null },
					{ "time": 1, "name": "sd_cb_0030_3_" },
					{ "time": 1.0333, "name": "sd_cb_0030_3_" },
					{ "time": 1.0666, "name": null },
					{ "time": 1.3666, "name": null }
				]
			},
			"sd_cb_0030_4_": {
				"attachment": [
					{ "time": 0, "name": null },
					{ "time": 0.9666, "name": null },
					{ "time": 1, "name": "sd_cb_0030_4_" },
					{ "time": 1.0333, "name": "sd_cb_0030_4_" },
					{ "time": 1.0666, "name": null },
					{ "time": 1.3666, "name": null }
				]
			},
			"sd_cb_0030_4_2": {
				"attachment": [
					{ "time": 0, "name": null },
					{ "time": 0.9666, "name": null },
					{ "time": 1, "name": "sd_cb_0030_4_" },
					{ "time": 1.0333, "name": "sd_cb_0030_4_" },
					{ "time": 1.0666, "name": null },
					{ "time": 1.3666, "name": null }
				]
			},
			"sd_cb_0032_1_": {
				"attachment": [
					{ "time": 0, "name": null },
					{ "time": 1.0333, "name": null },
					{ "time": 1.0666, "name": "sd_cb_0032_1_" },
					{ "time": 1.1, "name": "sd_cb_0032_1_" },
					{ "time": 1.1333, "name": null },
					{ "time": 1.3666, "name": null }
				]
			},
			"sd_cb_0032_1_2": {
				"attachment": [
					{ "time": 0, "name": null },
					{ "time": 1.0333, "name": null },
					{ "time": 1.0666, "name": "sd_cb_0032_1_" },
					{ "time": 1.1, "name": "sd_cb_0032_1_" },
					{ "time": 1.1333, "name": null },
					{ "time": 1.3666, "name": null }
				]
			},
			"sd_cb_0032_2_": {
				"attachment": [
					{ "time": 0, "name": null },
					{ "time": 1.0333, "name": null },
					{ "time": 1.0666, "name": "sd_cb_0032_2_" },
					{ "time": 1.1, "name": "sd_cb_0032_2_" },
					{ "time": 1.1333, "name": null },
					{ "time": 1.3666, "name": null }
				]
			},
			"sd_cb_0032_2_2": {
				"attachment": [
					{ "time": 0, "name": null },
					{ "time": 1.0333, "name": null },
					{ "time": 1.0666, "name": "sd_cb_0032_2_" },
					{ "time": 1.1, "name": "sd_cb_0032_2_" },
					{ "time": 1.1333, "name": null },
					{ "time": 1.3666, "name": null }
				]
			},
			"sd_cb_0032_3_": {
				"attachment": [
					{ "time": 0, "name": null },
					{ "time": 1.0333, "name": null },
					{ "time": 1.0666, "name": "sd_cb_0032_3_" },
					{ "time": 1.1, "name": "sd_cb_0032_3_" },
					{ "time": 1.1333, "name": null },
					{ "time": 1.3666, "name": null }
				]
			},
			"sd_cb_0032_3_2": {
				"attachment": [
					{ "time": 0, "name": null },
					{ "time": 1.0333, "name": null },
					{ "time": 1.0666, "name": "sd_cb_0032_3_" },
					{ "time": 1.1, "name": "sd_cb_0032_3_" },
					{ "time": 1.1333, "name": null },
					{ "time": 1.3666, "name": null }
				]
			},
			"sd_cb_0032_4_": {
				"attachment": [
					{ "time": 0, "name": null },
					{ "time": 1.0333, "name": null },
					{ "time": 1.0666, "name": "sd_cb_0032_4_" },
					{ "time": 1.1, "name": "sd_cb_0032_4_" },
					{ "time": 1.1333, "name": null },
					{ "time": 1.3666, "name": null }
				]
			},
			"sd_cb_0032_4_2": {
				"attachment": [
					{ "time": 0, "name": null },
					{ "time": 1.0333, "name": null },
					{ "time": 1.0666, "name": "sd_cb_0032_4_" },
					{ "time": 1.1, "name": "sd_cb_0032_4_" },
					{ "time": 1.1333, "name": null },
					{ "time": 1.3666, "name": null }
				]
			},
			"sd_cb_0032_5_": {
				"attachment": [
					{ "time": 0, "name": null },
					{ "time": 1.0333, "name": null },
					{ "time": 1.0666, "name": "sd_cb_0032_5_" },
					{ "time": 1.1, "name": "sd_cb_0032_5_" },
					{ "time": 1.1333, "name": null },
					{ "time": 1.3666, "name": null }
				]
			},
			"sd_cb_0032_5_2": {
				"attachment": [
					{ "time": 0, "name": null },
					{ "time": 1.0333, "name": null },
					{ "time": 1.0666, "name": "sd_cb_0032_5_" },
					{ "time": 1.1, "name": "sd_cb_0032_5_" },
					{ "time": 1.1333, "name": null },
					{ "time": 1.3666, "name": null }
				]
			},
			"sd_cb_0034_1_": {
				"attachment": [
					{ "time": 0, "name": null },
					{ "time": 1.1, "name": null },
					{ "time": 1.1333, "name": "sd_cb_0034_1_" },
					{ "time": 1.1666, "name": "sd_cb_0034_1_" },
					{ "time": 1.2, "name": null },
					{ "time": 1.3666, "name": null }
				]
			},
			"sd_cb_0034_1_2": {
				"attachment": [
					{ "time": 0, "name": null },
					{ "time": 1.1, "name": null },
					{ "time": 1.1333, "name": "sd_cb_0034_1_" },
					{ "time": 1.1666, "name": "sd_cb_0034_1_" },
					{ "time": 1.2, "name": null },
					{ "time": 1.3666, "name": null }
				]
			},
			"sd_cb_0034_2_": {
				"attachment": [
					{ "time": 0, "name": null },
					{ "time": 1.1, "name": null },
					{ "time": 1.1333, "name": "sd_cb_0034_2_" },
					{ "time": 1.1666, "name": "sd_cb_0034_2_" },
					{ "time": 1.2, "name": null },
					{ "time": 1.3666, "name": null }
				]
			},
			"sd_cb_0034_2_2": {
				"attachment": [
					{ "time": 0, "name": null },
					{ "time": 1.1, "name": null },
					{ "time": 1.1333, "name": "sd_cb_0034_2_" },
					{ "time": 1.1666, "name": "sd_cb_0034_2_" },
					{ "time": 1.2, "name": null },
					{ "time": 1.3666, "name": null }
				]
			},
			"sd_cb_0034_3_": {
				"attachment": [
					{ "time": 0, "name": null },
					{ "time": 1.1, "name": null },
					{ "time": 1.1333, "name": "sd_cb_0034_3_" },
					{ "time": 1.1666, "name": "sd_cb_0034_3_" },
					{ "time": 1.2, "name": null },
					{ "time": 1.3666, "name": null }
				]
			},
			"sd_cb_0034_3_2": {
				"attachment": [
					{ "time": 0, "name": null },
					{ "time": 1.1, "name": null },
					{ "time": 1.1333, "name": "sd_cb_0034_3_" },
					{ "time": 1.1666, "name": "sd_cb_0034_3_" },
					{ "time": 1.2, "name": null },
					{ "time": 1.3666, "name": null }
				]
			},
			"sd_cb_0034_4_": {
				"attachment": [
					{ "time": 0, "name": null },
					{ "time": 1.1, "name": null },
					{ "time": 1.1333, "name": "sd_cb_0034_4_" },
					{ "time": 1.1666, "name": "sd_cb_0034_4_" },
					{ "time": 1.2, "name": null },
					{ "time": 1.3666, "name": null }
				]
			},
			"sd_cb_0034_4_2": {
				"attachment": [
					{ "time": 0, "name": null },
					{ "time": 1.1, "name": null },
					{ "time": 1.1333, "name": "sd_cb_0034_4_" },
					{ "time": 1.1666, "name": "sd_cb_0034_4_" },
					{ "time": 1.2, "name": null },
					{ "time": 1.3666, "name": null }
				]
			},
			"sd_cb_0036_1_": {
				"attachment": [
					{ "time": 0, "name": null },
					{ "time": 1.1666, "name": null },
					{ "time": 1.2, "name": "sd_cb_0036_1_" },
					{ "time": 1.2333, "name": "sd_cb_0036_1_" },
					{ "time": 1.2666, "name": null },
					{ "time": 1.3666, "name": null }
				]
			},
			"sd_cb_0036_1_2": {
				"attachment": [
					{ "time": 0, "name": null },
					{ "time": 1.1666, "name": null },
					{ "time": 1.2, "name": "sd_cb_0036_1_" },
					{ "time": 1.2333, "name": "sd_cb_0036_1_" },
					{ "time": 1.2666, "name": null },
					{ "time": 1.3666, "name": null }
				]
			},
			"sd_cb_0036_2_": {
				"attachment": [
					{ "time": 0, "name": null },
					{ "time": 1.1666, "name": null },
					{ "time": 1.2, "name": "sd_cb_0036_2_" },
					{ "time": 1.2333, "name": "sd_cb_0036_2_" },
					{ "time": 1.2666, "name": null },
					{ "time": 1.3666, "name": null }
				]
			},
			"sd_cb_0036_2_2": {
				"attachment": [
					{ "time": 0, "name": null },
					{ "time": 1.1666, "name": null },
					{ "time": 1.2, "name": "sd_cb_0036_2_" },
					{ "time": 1.2333, "name": "sd_cb_0036_2_" },
					{ "time": 1.2666, "name": null },
					{ "time": 1.3666, "name": null }
				]
			},
			"sd_cb_0036_3_": {
				"attachment": [
					{ "time": 0, "name": null },
					{ "time": 1.1666, "name": null },
					{ "time": 1.2, "name": "sd_cb_0036_3_" },
					{ "time": 1.2333, "name": "sd_cb_0036_3_" },
					{ "time": 1.2666, "name": null },
					{ "time": 1.3666, "name": null }
				]
			},
			"sd_cb_0036_3_2": {
				"attachment": [
					{ "time": 0, "name": null },
					{ "time": 1.1666, "name": null },
					{ "time": 1.2, "name": "sd_cb_0036_3_" },
					{ "time": 1.2333, "name": "sd_cb_0036_3_" },
					{ "time": 1.2666, "name": null },
					{ "time": 1.3666, "name": null }
				]
			},
			"sd_cb_0036_4_": {
				"attachment": [
					{ "time": 0, "name": null },
					{ "time": 1.1666, "name": null },
					{ "time": 1.2, "name": "sd_cb_0036_4_" },
					{ "time": 1.2333, "name": "sd_cb_0036_4_" },
					{ "time": 1.2666, "name": null },
					{ "time": 1.3666, "name": null }
				]
			},
			"sd_cb_0036_4_2": {
				"attachment": [
					{ "time": 0, "name": null },
					{ "time": 1.1666, "name": null },
					{ "time": 1.2, "name": "sd_cb_0036_4_" },
					{ "time": 1.2333, "name": "sd_cb_0036_4_" },
					{ "time": 1.2666, "name": null },
					{ "time": 1.3666, "name": null }
				]
			},
			"sd_cb_0036_5_": {
				"attachment": [
					{ "time": 0, "name": null },
					{ "time": 1.1666, "name": null },
					{ "time": 1.2, "name": "sd_cb_0036_5_" },
					{ "time": 1.2333, "name": "sd_cb_0036_5_" },
					{ "time": 1.2666, "name": null },
					{ "time": 1.3666, "name": null }
				]
			},
			"sd_cb_0036_5_2": {
				"attachment": [
					{ "time": 0, "name": null },
					{ "time": 1.1666, "name": null },
					{ "time": 1.2, "name": "sd_cb_0036_5_" },
					{ "time": 1.2333, "name": "sd_cb_0036_5_" },
					{ "time": 1.2666, "name": null },
					{ "time": 1.3666, "name": null }
				]
			},
			"sd_cb_0038_1_": {
				"attachment": [
					{ "time": 0, "name": null },
					{ "time": 1.2333, "name": null },
					{ "time": 1.2666, "name": "sd_cb_0038_1_" },
					{ "time": 1.3, "name": "sd_cb_0038_1_" },
					{ "time": 1.3333, "name": null },
					{ "time": 1.3666, "name": null }
				]
			},
			"sd_cb_0038_1_2": {
				"attachment": [
					{ "time": 0, "name": null },
					{ "time": 1.2333, "name": null },
					{ "time": 1.2666, "name": "sd_cb_0038_1_" },
					{ "time": 1.3, "name": "sd_cb_0038_1_" },
					{ "time": 1.3333, "name": null },
					{ "time": 1.3666, "name": null }
				]
			},
			"sd_cb_0038_2_": {
				"attachment": [
					{ "time": 0, "name": null },
					{ "time": 1.2333, "name": null },
					{ "time": 1.2666, "name": "sd_cb_0038_2_" },
					{ "time": 1.3, "name": "sd_cb_0038_2_" },
					{ "time": 1.3333, "name": null },
					{ "time": 1.3666, "name": null }
				]
			},
			"sd_cb_0038_2_2": {
				"attachment": [
					{ "time": 0, "name": null },
					{ "time": 1.2333, "name": null },
					{ "time": 1.2666, "name": "sd_cb_0038_2_" },
					{ "time": 1.3, "name": "sd_cb_0038_2_" },
					{ "time": 1.3333, "name": null },
					{ "time": 1.3666, "name": null }
				]
			},
			"sd_cb_0038_3_": {
				"attachment": [
					{ "time": 0, "name": null },
					{ "time": 1.2333, "name": null },
					{ "time": 1.2666, "name": "sd_cb_0038_3_" },
					{ "time": 1.3, "name": "sd_cb_0038_3_" },
					{ "time": 1.3333, "name": null },
					{ "time": 1.3666, "name": null }
				]
			},
			"sd_cb_0038_3_2": {
				"attachment": [
					{ "time": 0, "name": null },
					{ "time": 1.2333, "name": null },
					{ "time": 1.2666, "name": "sd_cb_0038_3_" },
					{ "time": 1.3, "name": "sd_cb_0038_3_" },
					{ "time": 1.3333, "name": null },
					{ "time": 1.3666, "name": null }
				]
			},
			"sd_cb_0038_4_": {
				"attachment": [
					{ "time": 0, "name": null },
					{ "time": 1.2333, "name": null },
					{ "time": 1.2666, "name": "sd_cb_0038_4_" },
					{ "time": 1.3, "name": "sd_cb_0038_4_" },
					{ "time": 1.3333, "name": null },
					{ "time": 1.3666, "name": null }
				]
			},
			"sd_cb_0038_4_2": {
				"attachment": [
					{ "time": 0, "name": null },
					{ "time": 1.2333, "name": null },
					{ "time": 1.2666, "name": "sd_cb_0038_4_" },
					{ "time": 1.3, "name": "sd_cb_0038_4_" },
					{ "time": 1.3333, "name": null },
					{ "time": 1.3666, "name": null }
				]
			},
			"sd_cb_0038_5_": {
				"attachment": [
					{ "time": 0, "name": null },
					{ "time": 1.2333, "name": null },
					{ "time": 1.2666, "name": "sd_cb_0038_5_" },
					{ "time": 1.3, "name": "sd_cb_0038_5_" },
					{ "time": 1.3333, "name": null },
					{ "time": 1.3666, "name": null }
				]
			},
			"sd_cb_0038_5_2": {
				"attachment": [
					{ "time": 0, "name": null },
					{ "time": 1.2333, "name": null },
					{ "time": 1.2666, "name": "sd_cb_0038_5_" },
					{ "time": 1.3, "name": "sd_cb_0038_5_" },
					{ "time": 1.3333, "name": null },
					{ "time": 1.3666, "name": null }
				]
			},
			"sd_cb_0040_1_": {
				"attachment": [
					{ "time": 0, "name": null },
					{ "time": 1.3, "name": null },
					{ "time": 1.3333, "name": "sd_cb_0040_1_" },
					{ "time": 1.3666, "name": "sd_cb_0040_1_" }
				]
			},
			"sd_cb_0040_1_2": {
				"attachment": [
					{ "time": 0, "name": null },
					{ "time": 1.3, "name": null },
					{ "time": 1.3333, "name": "sd_cb_0040_1_" },
					{ "time": 1.3666, "name": "sd_cb_0040_1_" }
				]
			},
			"sd_cb_0040_2_": {
				"attachment": [
					{ "time": 0, "name": null },
					{ "time": 1.3, "name": null },
					{ "time": 1.3333, "name": "sd_cb_0040_2_" },
					{ "time": 1.3666, "name": "sd_cb_0040_2_" }
				]
			},
			"sd_cb_0040_2_2": {
				"attachment": [
					{ "time": 0, "name": null },
					{ "time": 1.3, "name": null },
					{ "time": 1.3333, "name": "sd_cb_0040_2_" },
					{ "time": 1.3666, "name": "sd_cb_0040_2_" }
				]
			},
			"sd_cb_0040_3_": {
				"attachment": [
					{ "time": 0, "name": null },
					{ "time": 1.3, "name": null },
					{ "time": 1.3333, "name": "sd_cb_0040_3_" },
					{ "time": 1.3666, "name": "sd_cb_0040_3_" }
				]
			},
			"sd_cb_0040_3_2": {
				"attachment": [
					{ "time": 0, "name": null },
					{ "time": 1.3, "name": null },
					{ "time": 1.3333, "name": "sd_cb_0040_3_" },
					{ "time": 1.3666, "name": "sd_cb_0040_3_" }
				]
			},
			"sd_cb_0040_4_": {
				"attachment": [
					{ "time": 0, "name": null },
					{ "time": 1.3, "name": null },
					{ "time": 1.3333, "name": "sd_cb_0040_4_" },
					{ "time": 1.3666, "name": "sd_cb_0040_4_" }
				]
			},
			"sd_cb_0040_4_2": {
				"attachment": [
					{ "time": 0, "name": null },
					{ "time": 1.3, "name": null },
					{ "time": 1.3333, "name": "sd_cb_0040_4_" },
					{ "time": 1.3666, "name": "sd_cb_0040_4_" }
				]
			},
			"sd_cb_0040_5_": {
				"attachment": [
					{ "time": 0, "name": null },
					{ "time": 1.3, "name": null },
					{ "time": 1.3333, "name": "sd_cb_0040_5_" },
					{ "time": 1.3666, "name": "sd_cb_0040_5_" }
				]
			},
			"sd_cb_0040_5_2": {
				"attachment": [
					{ "time": 0, "name": null },
					{ "time": 1.3, "name": null },
					{ "time": 1.3333, "name": "sd_cb_0040_5_" },
					{ "time": 1.3666, "name": "sd_cb_0040_5_" }
				]
			}
		}
	}
}
}