{"skeleton":{"hash":"AnL6UbSMzlzn2+YIzOvkRtN/O8g","spine":"2.1.27","width":443,"height":564.41,"images":"./images/"},"bones":[{"name":"root"},{"name":"baoyanjian","parent":"root"},{"name":"body01_","parent":"root","x":-97.96,"y":148.58},{"name":"body02_","parent":"root","x":89.47,"y":242.93},{"name":"body03_","parent":"root","x":-94.82,"y":254.26},{"name":"body04","parent":"root","x":93.24,"y":123.42},{"name":"dianliu_sword","parent":"root"},{"name":"glow_","parent":"root","x":3.07,"y":-15.07},{"name":"hanqi_","parent":"root","scaleX":2,"scaleY":2},{"name":"hanqi_2","parent":"root","scaleX":2,"scaleY":2},{"name":"hanqi_3","parent":"root","scaleX":2,"scaleY":2},{"name":"hanqi_4","parent":"root","scaleX":2,"scaleY":2},{"name":"kuosanhuan","parent":"root"},{"name":"kuosanhuan2","parent":"root"},{"name":"maichong1","parent":"root"},{"name":"maichong2","parent":"root"},{"name":"maichong3","parent":"root"},{"name":"maichong4","parent":"root"},{"name":"penshe_lizi","parent":"root"},{"name":"penshe_lizi2","parent":"root"},{"name":"ray_glow","parent":"root"},{"name":"ray_line","parent":"root"},{"name":"sheguang","parent":"root","scaleX":1.25,"scaleY":1.25},{"name":"suikuai","parent":"root"},{"name":"sword_","parent":"root","x":-0.88,"y":263.67},{"name":"sword_2","parent":"root","x":-0.88,"y":263.67},{"name":"trans_door","parent":"root","y":-9.41,"scaleX":1.25,"scaleY":1.25},{"name":"body_glow01","parent":"body01_","x":9.85,"y":21.87},{"name":"body_glow02_","parent":"body02_","x":-8.17,"y":-5.66},{"name":"body_glow03_","parent":"body03_","x":6.91,"y":-3.77},{"name":"body_glow04","parent":"body04","x":-11.62,"y":21.75,"scaleX":-1},{"name":"pifeng01","parent":"body01_","x":-4.08,"y":2.29},{"name":"pifeng02","parent":"body02_","x":-0.77,"y":1.71},{"name":"pifeng03","parent":"body03_","x":1.23,"y":-1.18},{"name":"pifeng04","parent":"body04","x":-0.07,"y":1.81}],"slots":[{"name":"back_ground_","bone":"root","attachment":"back_ground_"},{"name":"rongyan_B_","bone":"root","attachment":"rongyan_B_"},{"name":"pifeng02","bone":"pifeng02"},{"name":"pifeng03","bone":"pifeng03"},{"name":"body03_","bone":"body03_","attachment":"body03_"},{"name":"body_glow03_","bone":"body_glow03_","color":"fefff4ff","attachment":"body_glow03_","blend":"additive"},{"name":"body02_","bone":"body02_","attachment":"body02_"},{"name":"maichong2","bone":"maichong2"},{"name":"body_glow02_","bone":"body_glow02_","color":"fbfff8ff","attachment":"body_glow02_","blend":"additive"},{"name":"maichong3","bone":"maichong3"},{"name":"hanqi_3","bone":"hanqi_3","blend":"additive"},{"name":"sword_","bone":"sword_","attachment":"sword_"},{"name":"sword_2","bone":"sword_2","blend":"additive"},{"name":"hanqi_4","bone":"hanqi_4","blend":"additive"},{"name":"glow_","bone":"glow_","attachment":"glow_","blend":"additive"},{"name":"rongyan_F_","bone":"root","attachment":"rongyan_F_"},{"name":"suikuai","bone":"suikuai"},{"name":"maichong1","bone":"maichong1"},{"name":"maichong4","bone":"maichong4"},{"name":"baoyanjian","bone":"baoyanjian","blend":"additive"},{"name":"dianliu_sword","bone":"dianliu_sword","blend":"additive"},{"name":"kuosanhuan","bone":"kuosanhuan","blend":"additive"},{"name":"kuosanhuan2","bone":"kuosanhuan2","blend":"additive"},{"name":"penshe_lizi","bone":"penshe_lizi"},{"name":"penshe_lizi2","bone":"penshe_lizi2","blend":"additive"},{"name":"sheguang","bone":"sheguang","blend":"additive"},{"name":"trans_door","bone":"trans_door"},{"name":"body_glow01","bone":"body_glow01","color":"fbfaffff","attachment":"body_glow01_","blend":"additive"},{"name":"body_glow04","bone":"body_glow04","color":"fffbfaff","attachment":"body_glow01_","blend":"additive"},{"name":"body01_","bone":"body01_","attachment":"body01_"},{"name":"body04","bone":"body04","attachment":"body01_"},{"name":"pifeng01","bone":"pifeng01"},{"name":"pifeng04","bone":"pifeng04"},{"name":"ray_glow","bone":"ray_glow","blend":"additive"},{"name":"ray_line","bone":"ray_line","blend":"additive"},{"name":"hanqi_","bone":"hanqi_","blend":"additive"},{"name":"hanqi_2","bone":"hanqi_2","blend":"additive"}],"skins":{"default":{"back_ground_":{"back_ground_":{"x":-4.58,"y":2.36,"width":443,"height":318}},"baoyanjian":{"baoyanjian_03_":{"width":120,"height":120},"baoyanjian_05_":{"width":120,"height":120},"baoyanjian_07_":{"width":120,"height":120},"baoyanjian_09_":{"width":120,"height":120},"baoyanjian_11_":{"width":120,"height":120},"baoyanjian_13_":{"width":120,"height":120},"baoyanjian_15_":{"width":120,"height":120},"baoyanjian_17_":{"width":120,"height":120},"baoyanjian_19_":{"width":120,"height":120}},"body01_":{"body01_":{"x":6.26,"y":0.69,"width":67,"height":105}},"body02_":{"body02_":{"x":0.32,"y":-3.15,"width":55,"height":104}},"body03_":{"body03_":{"x":-1.87,"y":2.02,"width":55,"height":104}},"body04":{"body01_":{"x":-8.99,"y":-0.32,"scaleX":-1,"width":67,"height":105}},"body_glow01":{"body_glow01_":{"x":-2.63,"y":-14.8,"width":67,"height":94}},"body_glow02_":{"body_glow02_":{"x":4.5,"y":2.5,"width":47,"height":103}},"body_glow03_":{"body_glow03_":{"x":-4.29,"y":5.79,"width":47,"height":104}},"body_glow04":{"body_glow01_":{"x":-2.63,"y":-14.8,"width":67,"height":94}},"dianliu_sword":{"dianliu_sword_00_":{"width":80,"height":128},"dianliu_sword_04_":{"width":80,"height":128},"dianliu_sword_08_":{"width":80,"height":128},"dianliu_sword_12_":{"width":80,"height":128},"dianliu_sword_16_":{"width":80,"height":128},"dianliu_sword_20_":{"width":80,"height":128},"dianliu_sword_24_":{"width":80,"height":128},"dianliu_sword_28_":{"width":80,"height":128},"dianliu_sword_32_":{"width":80,"height":128},"dianliu_sword_36_":{"width":80,"height":128},"dianliu_sword_40_":{"width":80,"height":128},"dianliu_sword_44_":{"width":80,"height":128},"dianliu_sword_48_":{"width":80,"height":128},"dianliu_sword_52_":{"width":80,"height":128},"dianliu_sword_56_":{"width":80,"height":128}},"glow_":{"glow_":{"y":7.3,"scaleX":1.41,"scaleY":1.41,"width":95,"height":64}},"hanqi_":{"hanqi_00_":{"width":325,"height":250},"hanqi_02_":{"width":325,"height":250},"hanqi_04_":{"width":325,"height":250},"hanqi_06_":{"width":325,"height":250},"hanqi_08_":{"width":325,"height":250},"hanqi_10_":{"width":325,"height":250},"hanqi_12_":{"width":325,"height":250},"hanqi_14_":{"width":325,"height":250},"hanqi_16_":{"width":325,"height":250},"hanqi_18_":{"width":325,"height":250},"hanqi_20_":{"width":325,"height":250},"hanqi_22_":{"width":325,"height":250},"hanqi_24_":{"width":325,"height":250},"hanqi_26_":{"width":325,"height":250},"hanqi_28_":{"width":325,"height":250},"hanqi_30_":{"width":325,"height":250},"hanqi_32_":{"width":325,"height":250},"hanqi_34_":{"width":325,"height":250},"hanqi_36_":{"width":325,"height":250},"hanqi_38_":{"width":325,"height":250},"hanqi_40_":{"width":325,"height":250},"hanqi_42_":{"width":325,"height":250},"hanqi_44_":{"width":325,"height":250},"hanqi_46_":{"width":325,"height":250},"hanqi_48_":{"width":325,"height":250},"hanqi_50_":{"width":325,"height":250},"hanqi_52_":{"width":325,"height":250},"hanqi_54_":{"width":325,"height":250},"hanqi_56_":{"width":325,"height":250},"hanqi_58_":{"width":325,"height":250},"hanqi_60_":{"width":325,"height":250},"hanqi_62_":{"width":325,"height":250},"hanqi_64_":{"width":325,"height":250},"hanqi_66_":{"width":325,"height":250},"hanqi_68_":{"width":325,"height":250},"hanqi_70_":{"width":325,"height":250}},"hanqi_2":{"hanqi_00_":{"width":325,"height":250},"hanqi_02_":{"width":325,"height":250},"hanqi_04_":{"width":325,"height":250},"hanqi_06_":{"width":325,"height":250},"hanqi_08_":{"width":325,"height":250},"hanqi_10_":{"width":325,"height":250},"hanqi_12_":{"width":325,"height":250},"hanqi_14_":{"width":325,"height":250},"hanqi_16_":{"width":325,"height":250},"hanqi_18_":{"width":325,"height":250},"hanqi_20_":{"width":325,"height":250},"hanqi_22_":{"width":325,"height":250},"hanqi_24_":{"width":325,"height":250},"hanqi_26_":{"width":325,"height":250},"hanqi_28_":{"width":325,"height":250},"hanqi_30_":{"width":325,"height":250},"hanqi_32_":{"width":325,"height":250},"hanqi_34_":{"width":325,"height":250},"hanqi_36_":{"width":325,"height":250},"hanqi_38_":{"width":325,"height":250},"hanqi_40_":{"width":325,"height":250},"hanqi_42_":{"width":325,"height":250},"hanqi_44_":{"width":325,"height":250},"hanqi_46_":{"width":325,"height":250},"hanqi_48_":{"width":325,"height":250},"hanqi_50_":{"width":325,"height":250},"hanqi_52_":{"width":325,"height":250},"hanqi_54_":{"width":325,"height":250},"hanqi_56_":{"width":325,"height":250},"hanqi_58_":{"width":325,"height":250},"hanqi_60_":{"width":325,"height":250},"hanqi_62_":{"width":325,"height":250},"hanqi_64_":{"width":325,"height":250},"hanqi_66_":{"width":325,"height":250},"hanqi_68_":{"width":325,"height":250},"hanqi_70_":{"width":325,"height":250}},"hanqi_3":{"hanqi_00_":{"width":325,"height":250},"hanqi_02_":{"width":325,"height":250},"hanqi_04_":{"width":325,"height":250},"hanqi_06_":{"width":325,"height":250},"hanqi_08_":{"width":325,"height":250},"hanqi_10_":{"width":325,"height":250},"hanqi_12_":{"width":325,"height":250},"hanqi_14_":{"width":325,"height":250},"hanqi_16_":{"width":325,"height":250},"hanqi_18_":{"width":325,"height":250},"hanqi_20_":{"width":325,"height":250},"hanqi_22_":{"width":325,"height":250},"hanqi_24_":{"width":325,"height":250},"hanqi_26_":{"width":325,"height":250},"hanqi_28_":{"width":325,"height":250},"hanqi_30_":{"width":325,"height":250},"hanqi_32_":{"width":325,"height":250},"hanqi_34_":{"width":325,"height":250},"hanqi_36_":{"width":325,"height":250},"hanqi_38_":{"width":325,"height":250},"hanqi_40_":{"width":325,"height":250},"hanqi_42_":{"width":325,"height":250},"hanqi_44_":{"width":325,"height":250},"hanqi_46_":{"width":325,"height":250},"hanqi_48_":{"width":325,"height":250},"hanqi_50_":{"width":325,"height":250},"hanqi_52_":{"width":325,"height":250},"hanqi_54_":{"width":325,"height":250},"hanqi_56_":{"width":325,"height":250},"hanqi_58_":{"width":325,"height":250},"hanqi_60_":{"width":325,"height":250},"hanqi_62_":{"width":325,"height":250},"hanqi_64_":{"width":325,"height":250},"hanqi_66_":{"width":325,"height":250},"hanqi_68_":{"width":325,"height":250},"hanqi_70_":{"width":325,"height":250}},"hanqi_4":{"hanqi_00_":{"width":325,"height":250},"hanqi_02_":{"width":325,"height":250},"hanqi_04_":{"width":325,"height":250},"hanqi_06_":{"width":325,"height":250},"hanqi_08_":{"width":325,"height":250},"hanqi_10_":{"width":325,"height":250},"hanqi_12_":{"width":325,"height":250},"hanqi_14_":{"width":325,"height":250},"hanqi_16_":{"width":325,"height":250},"hanqi_18_":{"width":325,"height":250},"hanqi_20_":{"width":325,"height":250},"hanqi_22_":{"width":325,"height":250},"hanqi_24_":{"width":325,"height":250},"hanqi_26_":{"width":325,"height":250},"hanqi_28_":{"width":325,"height":250},"hanqi_30_":{"width":325,"height":250},"hanqi_32_":{"width":325,"height":250},"hanqi_34_":{"width":325,"height":250},"hanqi_36_":{"width":325,"height":250},"hanqi_38_":{"width":325,"height":250},"hanqi_40_":{"width":325,"height":250},"hanqi_42_":{"width":325,"height":250},"hanqi_44_":{"width":325,"height":250},"hanqi_46_":{"width":325,"height":250},"hanqi_48_":{"width":325,"height":250},"hanqi_50_":{"width":325,"height":250},"hanqi_52_":{"width":325,"height":250},"hanqi_54_":{"width":325,"height":250},"hanqi_56_":{"width":325,"height":250},"hanqi_58_":{"width":325,"height":250},"hanqi_60_":{"width":325,"height":250},"hanqi_62_":{"width":325,"height":250},"hanqi_64_":{"width":325,"height":250},"hanqi_66_":{"width":325,"height":250},"hanqi_68_":{"width":325,"height":250},"hanqi_70_":{"width":325,"height":250}},"kuosanhuan":{"kuosanhuan_05_":{"width":256,"height":256},"kuosanhuan_06_":{"width":256,"height":256},"kuosanhuan_07_":{"width":256,"height":256},"kuosanhuan_08_":{"width":256,"height":256},"kuosanhuan_09_":{"width":256,"height":256},"kuosanhuan_10_":{"width":256,"height":256},"kuosanhuan_11_":{"width":256,"height":256},"kuosanhuan_12_":{"width":256,"height":256}},"kuosanhuan2":{"kuosanhuan_05_":{"width":256,"height":256},"kuosanhuan_06_":{"width":256,"height":256},"kuosanhuan_07_":{"width":256,"height":256},"kuosanhuan_08_":{"width":256,"height":256},"kuosanhuan_09_":{"width":256,"height":256},"kuosanhuan_10_":{"width":256,"height":256},"kuosanhuan_11_":{"width":256,"height":256},"kuosanhuan_12_":{"width":256,"height":256}},"maichong1":{"maichong_00_":{"width":200,"height":100},"maichong_02_":{"width":200,"height":100},"maichong_04_":{"width":200,"height":100},"maichong_06_":{"width":200,"height":100},"maichong_08_":{"width":200,"height":100},"maichong_10_":{"width":200,"height":100},"maichong_12_":{"width":200,"height":100},"maichong_14_":{"width":200,"height":100},"maichong_16_":{"width":200,"height":100},"maichong_18_":{"width":200,"height":100},"maichong_20_":{"width":200,"height":100},"maichong_22_":{"width":200,"height":100},"maichong_24_":{"width":200,"height":100},"maichong_26_":{"width":200,"height":100},"maichong_28_":{"width":200,"height":100}},"maichong2":{"maichong_00_":{"width":200,"height":100},"maichong_02_":{"width":200,"height":100},"maichong_04_":{"width":200,"height":100},"maichong_06_":{"width":200,"height":100},"maichong_08_":{"width":200,"height":100},"maichong_10_":{"width":200,"height":100},"maichong_12_":{"width":200,"height":100},"maichong_14_":{"width":200,"height":100},"maichong_16_":{"width":200,"height":100},"maichong_18_":{"width":200,"height":100},"maichong_20_":{"width":200,"height":100},"maichong_22_":{"width":200,"height":100},"maichong_24_":{"width":200,"height":100},"maichong_26_":{"width":200,"height":100},"maichong_28_":{"width":200,"height":100}},"maichong3":{"maichong_00_":{"width":200,"height":100},"maichong_02_":{"width":200,"height":100},"maichong_04_":{"width":200,"height":100},"maichong_06_":{"width":200,"height":100},"maichong_08_":{"width":200,"height":100},"maichong_10_":{"width":200,"height":100},"maichong_12_":{"width":200,"height":100},"maichong_14_":{"width":200,"height":100},"maichong_16_":{"width":200,"height":100},"maichong_18_":{"width":200,"height":100},"maichong_20_":{"width":200,"height":100},"maichong_22_":{"width":200,"height":100},"maichong_24_":{"width":200,"height":100},"maichong_26_":{"width":200,"height":100},"maichong_28_":{"width":200,"height":100}},"maichong4":{"maichong_00_":{"width":200,"height":100},"maichong_02_":{"width":200,"height":100},"maichong_04_":{"width":200,"height":100},"maichong_06_":{"width":200,"height":100},"maichong_08_":{"width":200,"height":100},"maichong_10_":{"width":200,"height":100},"maichong_12_":{"width":200,"height":100},"maichong_14_":{"width":200,"height":100},"maichong_16_":{"width":200,"height":100},"maichong_18_":{"width":200,"height":100},"maichong_20_":{"width":200,"height":100},"maichong_22_":{"width":200,"height":100},"maichong_24_":{"width":200,"height":100},"maichong_26_":{"width":200,"height":100},"maichong_28_":{"width":200,"height":100}},"penshe_lizi":{"penshe_lizi_01_":{"width":240,"height":360},"penshe_lizi_05_":{"width":240,"height":360},"penshe_lizi_09_":{"width":240,"height":360},"penshe_lizi_13_":{"width":240,"height":360},"penshe_lizi_17_":{"width":240,"height":360},"penshe_lizi_21_":{"width":240,"height":360},"penshe_lizi_25_":{"width":240,"height":360},"penshe_lizi_29_":{"width":240,"height":360},"penshe_lizi_33_":{"width":240,"height":360},"penshe_lizi_37_":{"width":240,"height":360},"penshe_lizi_41_":{"width":240,"height":360},"penshe_lizi_45_":{"width":240,"height":360},"penshe_lizi_49_":{"width":240,"height":360},"penshe_lizi_53_":{"width":240,"height":360}},"penshe_lizi2":{"penshe_lizi_01_":{"width":240,"height":360},"penshe_lizi_05_":{"width":240,"height":360},"penshe_lizi_09_":{"width":240,"height":360},"penshe_lizi_13_":{"width":240,"height":360},"penshe_lizi_17_":{"width":240,"height":360},"penshe_lizi_21_":{"width":240,"height":360},"penshe_lizi_25_":{"width":240,"height":360},"penshe_lizi_29_":{"width":240,"height":360},"penshe_lizi_33_":{"width":240,"height":360},"penshe_lizi_37_":{"width":240,"height":360},"penshe_lizi_41_":{"width":240,"height":360},"penshe_lizi_45_":{"width":240,"height":360},"penshe_lizi_49_":{"width":240,"height":360},"penshe_lizi_53_":{"width":240,"height":360}},"pifeng01":{"pifeng01_00_":{"width":88,"height":119},"pifeng01_04_":{"width":88,"height":119},"pifeng01_08_":{"width":88,"height":119},"pifeng01_12_":{"width":88,"height":119},"pifeng01_16_":{"width":88,"height":119},"pifeng01_20_":{"width":88,"height":119},"pifeng01_24_":{"width":88,"height":119},"pifeng01_28_":{"width":88,"height":119},"pifeng01_32_":{"width":88,"height":119},"pifeng01_36_":{"width":88,"height":119}},"pifeng02":{"pifeng02_00_":{"width":80,"height":113},"pifeng02_04_":{"width":80,"height":113},"pifeng02_08_":{"width":80,"height":113},"pifeng02_12_":{"width":80,"height":113},"pifeng02_16_":{"width":80,"height":113},"pifeng02_20_":{"width":80,"height":113},"pifeng02_24_":{"width":80,"height":113},"pifeng02_28_":{"width":80,"height":113},"pifeng02_32_":{"width":80,"height":113},"pifeng02_36_":{"width":80,"height":113}},"pifeng03":{"pifeng02_00_":{"width":80,"height":113},"pifeng02_04_":{"width":80,"height":113},"pifeng02_08_":{"width":80,"height":113},"pifeng02_12_":{"width":80,"height":113},"pifeng02_16_":{"width":80,"height":113},"pifeng02_20_":{"width":80,"height":113},"pifeng02_24_":{"width":80,"height":113},"pifeng02_28_":{"width":80,"height":113},"pifeng02_32_":{"width":80,"height":113},"pifeng02_36_":{"width":80,"height":113}},"pifeng04":{"pifeng01_00_":{"width":88,"height":119},"pifeng01_04_":{"width":88,"height":119},"pifeng01_08_":{"width":88,"height":119},"pifeng01_12_":{"width":88,"height":119},"pifeng01_16_":{"width":88,"height":119},"pifeng01_20_":{"width":88,"height":119},"pifeng01_24_":{"width":88,"height":119},"pifeng01_28_":{"width":88,"height":119},"pifeng01_32_":{"width":88,"height":119},"pifeng01_36_":{"width":88,"height":119}},"ray_glow":{"ray_glow_00_":{"width":128,"height":128}},"ray_line":{"ray_line_00_":{"width":100,"height":400}},"rongyan_B_":{"rongyan_B_":{"x":-17.16,"y":153.94,"width":125,"height":182}},"rongyan_F_":{"rongyan_F_":{"x":13.9,"y":92.85,"width":134,"height":260}},"sheguang":{"sheguang_01_":{"width":384,"height":480},"sheguang_03_":{"width":384,"height":480},"sheguang_05_":{"width":384,"height":480},"sheguang_07_":{"width":384,"height":480},"sheguang_09_":{"width":384,"height":480},"sheguang_11_":{"width":384,"height":480},"sheguang_13_":{"width":384,"height":480},"sheguang_15_":{"width":384,"height":480},"sheguang_17_":{"width":384,"height":480},"sheguang_19_":{"width":384,"height":480},"sheguang_21_":{"width":384,"height":480}},"suikuai":{"suikuai_05_":{"width":160,"height":160},"suikuai_09_":{"width":160,"height":160},"suikuai_11_":{"width":160,"height":160},"suikuai_13_":{"width":160,"height":160},"suikuai_15_":{"width":160,"height":160},"suikuai_17_":{"width":160,"height":160},"suikuai_19_":{"width":160,"height":160},"suikuai_21_":{"width":160,"height":160},"suikuai_23_":{"width":160,"height":160},"suikuai_25_":{"width":160,"height":160},"suikuai_27_":{"width":160,"height":160},"suikuai_33_":{"width":160,"height":160},"suikuai_41_":{"width":160,"height":160},"suikuai_49_":{"width":160,"height":160}},"sword_":{"sword_":{"x":-0.32,"y":-58.88,"width":111,"height":406}},"sword_2":{"sword_":{"x":-0.32,"y":-58.88,"width":111,"height":406}},"trans_door":{"trans_door_00_":{"width":336,"height":410},"trans_door_02_":{"width":336,"height":410},"trans_door_04_":{"width":336,"height":410},"trans_door_06_":{"width":336,"height":410},"trans_door_08_":{"width":336,"height":410},"trans_door_10_":{"width":336,"height":410},"trans_door_12_":{"width":336,"height":410},"trans_door_14_":{"width":336,"height":410},"trans_door_16_":{"width":336,"height":410},"trans_door_18_":{"width":336,"height":410},"trans_door_20_":{"width":336,"height":410},"trans_door_22_":{"width":336,"height":410},"trans_door_24_":{"width":336,"height":410},"trans_door_26_":{"width":336,"height":410},"trans_door_28_":{"width":336,"height":410}}}},"animations":{"animation":{"slots":{"baoyanjian":{"attachment":[{"time":8.7,"name":"baoyanjian_03_"},{"time":8.7666,"name":"baoyanjian_05_"},{"time":8.8333,"name":"baoyanjian_07_"},{"time":8.9,"name":"baoyanjian_09_"},{"time":8.9666,"name":"baoyanjian_11_"},{"time":9.0333,"name":"baoyanjian_13_"},{"time":9.1,"name":"baoyanjian_15_"},{"time":9.1666,"name":"baoyanjian_17_"},{"time":9.2333,"name":"baoyanjian_19_"},{"time":9.3,"name":null}]},"body_glow01":{"color":[{"time":0,"color":"f7feff95","curve":"stepped"},{"time":2,"color":"f7feff95"},{"time":2.3666,"color":"9b9c976f","curve":"stepped"},{"time":4.3333,"color":"9b9c976f"},{"time":4.5,"color":"f7feff95","curve":"stepped"},{"time":7.3666,"color":"f7feff95"},{"time":7.6333,"color":"9b9c976f","curve":"stepped"},{"time":9.9,"color":"9b9c976f"},{"time":10.2,"color":"f7feffc7"}]},"body_glow04":{"color":[{"time":0,"color":"f7feff95","curve":"stepped"},{"time":2,"color":"f7feff95"},{"time":2.3666,"color":"9b9c976f","curve":"stepped"},{"time":4.3333,"color":"9b9c976f"},{"time":4.5,"color":"f7feff95","curve":"stepped"},{"time":7.3666,"color":"f7feff95"},{"time":7.6333,"color":"9b9c976f","curve":"stepped"},{"time":9.9,"color":"9b9c976f"},{"time":10.2,"color":"f7feffc7"}]},"body_glow02_":{"color":[{"time":0,"color":"f7feff95","curve":"stepped"},{"time":2,"color":"f7feff95"},{"time":2.3666,"color":"9b9c976f","curve":"stepped"},{"time":4.3333,"color":"9b9c976f"},{"time":4.5,"color":"f7feff95","curve":"stepped"},{"time":7.3666,"color":"f7feff95"},{"time":7.6333,"color":"9b9c976f","curve":"stepped"},{"time":9.9,"color":"9b9c976f"},{"time":10.2,"color":"f7feffc7"}]},"body_glow03_":{"color":[{"time":0,"color":"f7feff95","curve":"stepped"},{"time":2,"color":"f7feff95"},{"time":2.3666,"color":"9b9c976f","curve":"stepped"},{"time":4.3333,"color":"9b9c976f"},{"time":4.5,"color":"f7feff95","curve":"stepped"},{"time":7.3666,"color":"f7feff95"},{"time":7.6333,"color":"9b9c976f","curve":"stepped"},{"time":9.9,"color":"9b9c976f"},{"time":10.2,"color":"f7feffc7"}]},"dianliu_sword":{"attachment":[{"time":0,"name":"dianliu_sword_00_"},{"time":0.0666,"name":"dianliu_sword_04_"},{"time":0.1333,"name":"dianliu_sword_08_"},{"time":0.2,"name":"dianliu_sword_12_"},{"time":0.2666,"name":"dianliu_sword_16_"},{"time":0.3333,"name":"dianliu_sword_20_"},{"time":0.4,"name":"dianliu_sword_24_"},{"time":0.4666,"name":"dianliu_sword_28_"},{"time":0.5333,"name":"dianliu_sword_32_"},{"time":0.6,"name":"dianliu_sword_36_"},{"time":0.6666,"name":"dianliu_sword_40_"},{"time":0.7333,"name":"dianliu_sword_44_"},{"time":0.8,"name":"dianliu_sword_48_"},{"time":0.8666,"name":"dianliu_sword_52_"},{"time":0.9333,"name":"dianliu_sword_56_"},{"time":1,"name":"dianliu_sword_00_"},{"time":1.0666,"name":"dianliu_sword_04_"},{"time":1.1333,"name":"dianliu_sword_08_"},{"time":1.2,"name":"dianliu_sword_12_"},{"time":1.2666,"name":"dianliu_sword_16_"},{"time":1.3333,"name":"dianliu_sword_20_"},{"time":1.4,"name":"dianliu_sword_24_"},{"time":1.4666,"name":"dianliu_sword_28_"},{"time":1.5333,"name":"dianliu_sword_32_"},{"time":1.6,"name":"dianliu_sword_36_"},{"time":1.6666,"name":"dianliu_sword_40_"},{"time":1.7333,"name":"dianliu_sword_44_"},{"time":1.8,"name":"dianliu_sword_48_"},{"time":1.8666,"name":"dianliu_sword_52_"},{"time":1.9333,"name":"dianliu_sword_56_"},{"time":2,"name":null},{"time":10,"name":"dianliu_sword_56_"},{"time":10.0666,"name":"dianliu_sword_00_"},{"time":10.1333,"name":"dianliu_sword_04_"},{"time":10.2,"name":"dianliu_sword_08_"},{"time":10.2666,"name":"dianliu_sword_12_"},{"time":10.3333,"name":"dianliu_sword_16_"},{"time":10.4,"name":"dianliu_sword_20_"},{"time":10.4666,"name":"dianliu_sword_24_"},{"time":10.5333,"name":"dianliu_sword_28_"},{"time":10.6,"name":"dianliu_sword_32_"},{"time":10.6666,"name":"dianliu_sword_36_"},{"time":10.7333,"name":"dianliu_sword_40_"},{"time":10.8,"name":"dianliu_sword_44_"},{"time":10.8666,"name":"dianliu_sword_48_"},{"time":10.9333,"name":"dianliu_sword_52_"},{"time":11,"name":"dianliu_sword_56_"}],"color":[{"time":1.6666,"color":"ffffffff"},{"time":2,"color":"ffffff00","curve":"stepped"},{"time":10.0333,"color":"ffffff00","curve":[0,0.28,0.75,1]},{"time":10.2666,"color":"ffffffff"}]},"glow_":{"color":[{"time":0,"color":"caacffff","curve":[0.25,0,0.75,1]},{"time":1.3666,"color":"5c4bff17","curve":[0.25,0,0.75,1]},{"time":2.7333,"color":"caacffff","curve":[0.25,0,0.75,1]},{"time":4.1333,"color":"5c4bff17","curve":[0.25,0,0.75,1]},{"time":5.5,"color":"caacffff","curve":[0.25,0,0.75,1]},{"time":6.8666,"color":"5c4bff17","curve":[0.25,0,0.75,1]},{"time":8.2333,"color":"caacffff","curve":[0.25,0,0.75,1]},{"time":9.6333,"color":"5c4bff17","curve":[0.25,0,0.75,1]},{"time":11,"color":"caacffff"}]},"hanqi_":{"attachment":[{"time":0,"name":"hanqi_00_"},{"time":0.1666,"name":"hanqi_02_"},{"time":0.3,"name":"hanqi_04_"},{"time":0.4666,"name":"hanqi_06_"},{"time":0.6,"name":"hanqi_08_"},{"time":0.7666,"name":"hanqi_10_"},{"time":0.9,"name":"hanqi_12_"},{"time":1.0666,"name":"hanqi_14_"},{"time":1.2333,"name":"hanqi_16_"},{"time":1.3666,"name":"hanqi_18_"},{"time":1.5333,"name":"hanqi_20_"},{"time":1.6666,"name":"hanqi_22_"},{"time":1.8333,"name":"hanqi_24_"},{"time":2,"name":"hanqi_26_"},{"time":2.1333,"name":"hanqi_28_"},{"time":2.3,"name":"hanqi_30_"},{"time":2.4333,"name":"hanqi_32_"},{"time":2.6,"name":"hanqi_34_"},{"time":2.7333,"name":"hanqi_36_"},{"time":2.9,"name":"hanqi_38_"},{"time":3.0666,"name":"hanqi_40_"},{"time":3.2,"name":"hanqi_42_"},{"time":3.3666,"name":"hanqi_44_"},{"time":3.5,"name":"hanqi_46_"},{"time":3.6666,"name":"hanqi_48_"},{"time":3.8333,"name":"hanqi_50_"},{"time":3.9666,"name":"hanqi_52_"},{"time":4.1333,"name":"hanqi_54_"},{"time":4.2666,"name":"hanqi_56_"},{"time":4.4333,"name":"hanqi_58_"},{"time":4.5666,"name":"hanqi_60_"},{"time":4.7333,"name":"hanqi_62_"},{"time":4.9,"name":"hanqi_64_"},{"time":5.0333,"name":"hanqi_66_"},{"time":5.2,"name":"hanqi_68_"},{"time":5.3333,"name":"hanqi_70_"},{"time":5.5,"name":"hanqi_00_"},{"time":5.6666,"name":"hanqi_02_"},{"time":5.8,"name":"hanqi_04_"},{"time":5.9666,"name":"hanqi_06_"},{"time":6.1,"name":"hanqi_08_"},{"time":6.2666,"name":"hanqi_10_"},{"time":6.4,"name":"hanqi_12_"},{"time":6.5666,"name":"hanqi_14_"},{"time":6.7333,"name":"hanqi_16_"},{"time":6.8666,"name":"hanqi_18_"},{"time":7.0333,"name":"hanqi_20_"},{"time":7.1666,"name":"hanqi_22_"},{"time":7.3333,"name":"hanqi_24_"},{"time":7.4666,"name":"hanqi_26_"},{"time":7.6333,"name":"hanqi_28_"},{"time":7.8,"name":"hanqi_30_"},{"time":7.9333,"name":"hanqi_32_"},{"time":8.1,"name":"hanqi_34_"},{"time":8.2333,"name":"hanqi_36_"},{"time":8.4,"name":"hanqi_38_"},{"time":8.5666,"name":"hanqi_40_"},{"time":8.7,"name":"hanqi_42_"},{"time":8.8666,"name":"hanqi_44_"},{"time":9,"name":"hanqi_46_"},{"time":9.1666,"name":"hanqi_48_"},{"time":9.3,"name":"hanqi_50_"},{"time":9.4666,"name":"hanqi_52_"},{"time":9.6333,"name":"hanqi_54_"},{"time":9.7666,"name":"hanqi_56_"},{"time":9.9333,"name":"hanqi_58_"},{"time":10.0666,"name":"hanqi_60_"},{"time":10.2333,"name":"hanqi_62_"},{"time":10.4,"name":"hanqi_64_"},{"time":10.5333,"name":"hanqi_66_"},{"time":10.7,"name":"hanqi_68_"},{"time":10.8333,"name":"hanqi_70_"},{"time":11,"name":null}]},"hanqi_2":{"attachment":[{"time":0,"name":"hanqi_20_"},{"time":0.1333,"name":"hanqi_22_"},{"time":0.3,"name":"hanqi_24_"},{"time":0.4666,"name":"hanqi_26_"},{"time":0.6,"name":"hanqi_28_"},{"time":0.7666,"name":"hanqi_30_"},{"time":0.9,"name":"hanqi_32_"},{"time":1.0666,"name":"hanqi_34_"},{"time":1.2,"name":"hanqi_36_"},{"time":1.3666,"name":"hanqi_38_"},{"time":1.5333,"name":"hanqi_40_"},{"time":1.6666,"name":"hanqi_42_"},{"time":1.8333,"name":"hanqi_44_"},{"time":1.9666,"name":"hanqi_46_"},{"time":2.1333,"name":"hanqi_48_"},{"time":2.3,"name":"hanqi_50_"},{"time":2.4333,"name":"hanqi_52_"},{"time":2.6,"name":"hanqi_54_"},{"time":2.7333,"name":"hanqi_56_"},{"time":2.9,"name":"hanqi_58_"},{"time":3.0333,"name":"hanqi_60_"},{"time":3.2,"name":"hanqi_62_"},{"time":3.3666,"name":"hanqi_64_"},{"time":3.5,"name":"hanqi_66_"},{"time":3.6666,"name":"hanqi_68_"},{"time":3.8,"name":"hanqi_70_"},{"time":3.9666,"name":"hanqi_00_"},{"time":4.1333,"name":"hanqi_02_"},{"time":4.2666,"name":"hanqi_04_"},{"time":4.4333,"name":"hanqi_06_"},{"time":4.5666,"name":"hanqi_08_"},{"time":4.7333,"name":"hanqi_10_"},{"time":4.8666,"name":"hanqi_12_"},{"time":5.0333,"name":"hanqi_14_"},{"time":5.2,"name":"hanqi_16_"},{"time":5.3333,"name":"hanqi_18_"},{"time":5.5,"name":"hanqi_20_"},{"time":5.6333,"name":"hanqi_22_"},{"time":5.8,"name":"hanqi_24_"},{"time":5.9333,"name":"hanqi_26_"},{"time":6.1,"name":"hanqi_28_"},{"time":6.2666,"name":"hanqi_30_"},{"time":6.4,"name":"hanqi_32_"},{"time":6.5666,"name":"hanqi_34_"},{"time":6.7,"name":"hanqi_36_"},{"time":6.8666,"name":"hanqi_38_"},{"time":7.0333,"name":"hanqi_40_"},{"time":7.1666,"name":"hanqi_42_"},{"time":7.3333,"name":"hanqi_44_"},{"time":7.4666,"name":"hanqi_46_"},{"time":7.6333,"name":"hanqi_48_"},{"time":7.7666,"name":"hanqi_50_"},{"time":7.9333,"name":"hanqi_52_"},{"time":8.1,"name":"hanqi_54_"},{"time":8.2333,"name":"hanqi_56_"},{"time":8.4,"name":"hanqi_58_"},{"time":8.5333,"name":"hanqi_60_"},{"time":8.7,"name":"hanqi_62_"},{"time":8.8666,"name":"hanqi_64_"},{"time":9,"name":"hanqi_66_"},{"time":9.1666,"name":"hanqi_68_"},{"time":9.3,"name":"hanqi_70_"},{"time":9.4666,"name":"hanqi_00_"},{"time":9.6333,"name":"hanqi_02_"},{"time":9.7666,"name":"hanqi_04_"},{"time":9.9333,"name":"hanqi_06_"},{"time":10.0666,"name":"hanqi_08_"},{"time":10.2333,"name":"hanqi_10_"},{"time":10.3666,"name":"hanqi_12_"},{"time":10.5333,"name":"hanqi_14_"},{"time":10.7,"name":"hanqi_16_"},{"time":10.8333,"name":"hanqi_18_"},{"time":11,"name":null}],"color":[{"time":1.9666,"color":"ffffffff"},{"time":2.6333,"color":"ffffff25","curve":"stepped"},{"time":4.1666,"color":"ffffff25"},{"time":4.6333,"color":"ffffffff","curve":"stepped"},{"time":7.3,"color":"ffffffff"},{"time":7.8,"color":"ffffff3a","curve":"stepped"},{"time":9.7666,"color":"ffffff3a"},{"time":10.0333,"color":"ffffffff"}]},"hanqi_3":{"attachment":[{"time":0,"name":"hanqi_00_"},{"time":0.1666,"name":"hanqi_02_"},{"time":0.3,"name":"hanqi_04_"},{"time":0.4666,"name":"hanqi_06_"},{"time":0.6,"name":"hanqi_08_"},{"time":0.7666,"name":"hanqi_10_"},{"time":0.9,"name":"hanqi_12_"},{"time":1.0666,"name":"hanqi_14_"},{"time":1.2333,"name":"hanqi_16_"},{"time":1.3666,"name":"hanqi_18_"},{"time":1.5333,"name":"hanqi_20_"},{"time":1.6666,"name":"hanqi_22_"},{"time":1.8333,"name":"hanqi_24_"},{"time":2,"name":"hanqi_26_"},{"time":2.1333,"name":"hanqi_28_"},{"time":2.3,"name":"hanqi_30_"},{"time":2.4333,"name":"hanqi_32_"},{"time":2.6,"name":"hanqi_34_"},{"time":2.7333,"name":"hanqi_36_"},{"time":2.9,"name":"hanqi_38_"},{"time":3.0666,"name":"hanqi_40_"},{"time":3.2,"name":"hanqi_42_"},{"time":3.3666,"name":"hanqi_44_"},{"time":3.5,"name":"hanqi_46_"},{"time":3.6666,"name":"hanqi_48_"},{"time":3.8,"name":"hanqi_50_"},{"time":3.9666,"name":"hanqi_52_"},{"time":4.1333,"name":"hanqi_54_"},{"time":4.2666,"name":"hanqi_56_"},{"time":4.4333,"name":"hanqi_58_"},{"time":4.5666,"name":"hanqi_60_"},{"time":4.7333,"name":"hanqi_62_"},{"time":4.9,"name":"hanqi_64_"},{"time":5.0333,"name":"hanqi_66_"},{"time":5.2,"name":"hanqi_68_"},{"time":5.3333,"name":"hanqi_70_"},{"time":5.5,"name":"hanqi_00_"},{"time":5.6333,"name":"hanqi_02_"},{"time":5.8,"name":"hanqi_04_"},{"time":5.9666,"name":"hanqi_06_"},{"time":6.1,"name":"hanqi_08_"},{"time":6.2666,"name":"hanqi_10_"},{"time":6.4,"name":"hanqi_12_"},{"time":6.5666,"name":"hanqi_14_"},{"time":6.7,"name":"hanqi_16_"},{"time":6.8666,"name":"hanqi_18_"},{"time":7.0333,"name":"hanqi_20_"},{"time":7.1666,"name":"hanqi_22_"},{"time":7.3333,"name":"hanqi_24_"},{"time":7.4666,"name":"hanqi_26_"},{"time":7.6333,"name":"hanqi_28_"},{"time":7.8,"name":"hanqi_30_"},{"time":7.9333,"name":"hanqi_32_"},{"time":8.1,"name":"hanqi_34_"},{"time":8.2333,"name":"hanqi_36_"},{"time":8.4,"name":"hanqi_38_"},{"time":8.5333,"name":"hanqi_40_"},{"time":8.7,"name":"hanqi_42_"},{"time":8.8666,"name":"hanqi_44_"},{"time":9,"name":"hanqi_46_"},{"time":9.1666,"name":"hanqi_48_"},{"time":9.3,"name":"hanqi_50_"},{"time":9.4666,"name":"hanqi_52_"},{"time":9.6,"name":"hanqi_54_"},{"time":9.7666,"name":"hanqi_56_"},{"time":9.9333,"name":"hanqi_58_"},{"time":10.0666,"name":"hanqi_60_"},{"time":10.2333,"name":"hanqi_62_"},{"time":10.3666,"name":"hanqi_64_"},{"time":10.5333,"name":"hanqi_66_"},{"time":10.7,"name":"hanqi_68_"},{"time":10.8333,"name":"hanqi_70_"},{"time":11,"name":null}]},"hanqi_4":{"attachment":[{"time":1.9333,"name":"hanqi_00_"},{"time":2,"name":"hanqi_02_"},{"time":2.0666,"name":"hanqi_04_"},{"time":2.1333,"name":"hanqi_06_"},{"time":2.2,"name":"hanqi_08_"},{"time":2.2666,"name":"hanqi_10_"},{"time":2.3333,"name":"hanqi_12_"},{"time":2.4,"name":"hanqi_14_"},{"time":2.4666,"name":"hanqi_16_"},{"time":2.5333,"name":"hanqi_18_"},{"time":2.6,"name":"hanqi_20_"},{"time":2.6666,"name":"hanqi_22_"},{"time":2.7333,"name":"hanqi_24_"},{"time":2.8,"name":"hanqi_26_"},{"time":2.8666,"name":"hanqi_28_"},{"time":2.9333,"name":"hanqi_30_"},{"time":3,"name":"hanqi_32_"},{"time":3.0666,"name":"hanqi_34_"},{"time":3.1333,"name":"hanqi_36_"},{"time":3.2,"name":"hanqi_38_"},{"time":3.2666,"name":"hanqi_40_"},{"time":3.3333,"name":"hanqi_42_"},{"time":3.4,"name":"hanqi_44_"},{"time":3.4666,"name":"hanqi_46_"},{"time":3.5333,"name":"hanqi_48_"},{"time":3.6,"name":"hanqi_50_"},{"time":3.6666,"name":"hanqi_52_"},{"time":3.7333,"name":"hanqi_54_"},{"time":3.8,"name":"hanqi_56_"},{"time":3.8666,"name":"hanqi_58_"},{"time":3.9333,"name":"hanqi_60_"},{"time":4,"name":"hanqi_62_"},{"time":4.0666,"name":"hanqi_64_"},{"time":4.1333,"name":"hanqi_66_"},{"time":4.2,"name":"hanqi_68_"},{"time":4.2666,"name":"hanqi_70_"},{"time":4.3333,"name":null},{"time":7.3333,"name":"hanqi_00_"},{"time":7.4,"name":"hanqi_02_"},{"time":7.4666,"name":"hanqi_04_"},{"time":7.5333,"name":"hanqi_06_"},{"time":7.6,"name":"hanqi_08_"},{"time":7.6666,"name":"hanqi_10_"},{"time":7.7333,"name":"hanqi_12_"},{"time":7.8,"name":"hanqi_14_"},{"time":7.8666,"name":"hanqi_16_"},{"time":7.9333,"name":"hanqi_18_"},{"time":8,"name":"hanqi_20_"},{"time":8.0666,"name":"hanqi_22_"},{"time":8.1333,"name":"hanqi_24_"},{"time":8.2,"name":"hanqi_26_"},{"time":8.2666,"name":"hanqi_28_"},{"time":8.3333,"name":"hanqi_30_"},{"time":8.4,"name":"hanqi_32_"},{"time":8.4666,"name":"hanqi_34_"},{"time":8.5333,"name":"hanqi_36_"},{"time":8.6,"name":"hanqi_38_"},{"time":8.6666,"name":"hanqi_40_"},{"time":8.7333,"name":"hanqi_42_"},{"time":8.8,"name":"hanqi_44_"}],"color":[{"time":8.5333,"color":"ffffffff"},{"time":8.8,"color":"ffffff00"}]},"kuosanhuan":{"attachment":[{"time":4.4666,"name":"kuosanhuan_05_"},{"time":4.5333,"name":"kuosanhuan_06_"},{"time":4.6,"name":"kuosanhuan_07_"},{"time":4.6666,"name":"kuosanhuan_08_"},{"time":4.7333,"name":"kuosanhuan_09_"},{"time":4.8,"name":"kuosanhuan_10_"},{"time":4.8666,"name":"kuosanhuan_11_"},{"time":4.9333,"name":"kuosanhuan_12_"},{"time":5,"name":null},{"time":6.9333,"name":"kuosanhuan_12_"},{"time":6.9666,"name":"kuosanhuan_11_"},{"time":7,"name":"kuosanhuan_10_"},{"time":7.0333,"name":"kuosanhuan_09_"},{"time":7.0666,"name":"kuosanhuan_08_"},{"time":7.1,"name":"kuosanhuan_07_"},{"time":7.1333,"name":"kuosanhuan_06_"},{"time":7.1666,"name":"kuosanhuan_05_"},{"time":7.2,"name":null}]},"kuosanhuan2":{"attachment":[{"time":4.4666,"name":"kuosanhuan_05_"},{"time":4.5333,"name":"kuosanhuan_06_"},{"time":4.6,"name":"kuosanhuan_07_"},{"time":4.6666,"name":"kuosanhuan_08_"},{"time":4.7333,"name":"kuosanhuan_09_"},{"time":4.8,"name":"kuosanhuan_10_"},{"time":4.8666,"name":"kuosanhuan_11_"},{"time":4.9333,"name":"kuosanhuan_12_"},{"time":5,"name":null}]},"maichong1":{"attachment":[{"time":0,"name":"maichong_00_"},{"time":0.0666,"name":"maichong_02_"},{"time":0.1333,"name":"maichong_04_"},{"time":0.2,"name":"maichong_06_"},{"time":0.2666,"name":"maichong_08_"},{"time":0.3333,"name":"maichong_10_"},{"time":0.4,"name":"maichong_12_"},{"time":0.4666,"name":"maichong_14_"},{"time":0.5333,"name":"maichong_16_"},{"time":0.6,"name":"maichong_18_"},{"time":0.6666,"name":"maichong_20_"},{"time":0.7333,"name":"maichong_22_"},{"time":0.8,"name":"maichong_24_"},{"time":0.8666,"name":"maichong_26_"},{"time":0.9333,"name":"maichong_28_"},{"time":1,"name":"maichong_00_"},{"time":1.0666,"name":"maichong_02_"},{"time":1.1333,"name":"maichong_04_"},{"time":1.2,"name":"maichong_06_"},{"time":1.2666,"name":"maichong_08_"},{"time":1.3333,"name":"maichong_10_"},{"time":1.4,"name":"maichong_12_"},{"time":1.4666,"name":"maichong_14_"},{"time":1.5333,"name":"maichong_16_"},{"time":1.6,"name":"maichong_18_"},{"time":1.6666,"name":"maichong_20_"},{"time":1.7333,"name":"maichong_22_"},{"time":1.8,"name":"maichong_24_"},{"time":1.8666,"name":"maichong_26_"},{"time":1.9333,"name":"maichong_28_"},{"time":2,"name":null},{"time":9.9333,"name":"maichong_26_"},{"time":10,"name":"maichong_28_"},{"time":10.0666,"name":"maichong_00_"},{"time":10.1333,"name":"maichong_02_"},{"time":10.2,"name":"maichong_04_"},{"time":10.2666,"name":"maichong_06_"},{"time":10.3333,"name":"maichong_08_"},{"time":10.4,"name":"maichong_10_"},{"time":10.4666,"name":"maichong_12_"},{"time":10.5333,"name":"maichong_14_"},{"time":10.6,"name":"maichong_16_"},{"time":10.6666,"name":"maichong_18_"},{"time":10.7333,"name":"maichong_20_"},{"time":10.8,"name":"maichong_22_"},{"time":10.8666,"name":"maichong_24_"},{"time":10.9333,"name":"maichong_26_"},{"time":11,"name":"maichong_28_"}],"color":[{"time":1.6666,"color":"ffffffff"},{"time":2,"color":"ffffff00","curve":"stepped"},{"time":9.9333,"color":"ffffff00","curve":[0,0.25,0.75,1]},{"time":10.2666,"color":"ffffffff"}]},"maichong2":{"attachment":[{"time":0,"name":"maichong_10_"},{"time":0.0666,"name":"maichong_12_"},{"time":0.1333,"name":"maichong_14_"},{"time":0.2,"name":"maichong_16_"},{"time":0.2666,"name":"maichong_18_"},{"time":0.3333,"name":"maichong_20_"},{"time":0.4,"name":"maichong_22_"},{"time":0.4666,"name":"maichong_24_"},{"time":0.5333,"name":"maichong_26_"},{"time":0.6,"name":"maichong_28_"},{"time":0.6666,"name":"maichong_00_"},{"time":0.7333,"name":"maichong_02_"},{"time":0.8,"name":"maichong_04_"},{"time":0.8666,"name":"maichong_06_"},{"time":0.9333,"name":"maichong_08_"},{"time":1,"name":"maichong_10_"},{"time":1.0666,"name":"maichong_12_"},{"time":1.1333,"name":"maichong_14_"},{"time":1.2,"name":"maichong_16_"},{"time":1.2666,"name":"maichong_18_"},{"time":1.3333,"name":"maichong_20_"},{"time":1.4,"name":"maichong_22_"},{"time":1.4666,"name":"maichong_24_"},{"time":1.5333,"name":"maichong_26_"},{"time":1.6,"name":"maichong_28_"},{"time":1.6666,"name":"maichong_00_"},{"time":1.7333,"name":"maichong_02_"},{"time":1.8,"name":"maichong_04_"},{"time":1.8666,"name":"maichong_06_"},{"time":1.9333,"name":"maichong_08_"},{"time":2,"name":null},{"time":9.9333,"name":"maichong_06_"},{"time":10,"name":"maichong_08_"},{"time":10.0666,"name":"maichong_10_"},{"time":10.1333,"name":"maichong_12_"},{"time":10.2,"name":"maichong_14_"},{"time":10.2666,"name":"maichong_16_"},{"time":10.3333,"name":"maichong_18_"},{"time":10.4,"name":"maichong_20_"},{"time":10.4666,"name":"maichong_22_"},{"time":10.5333,"name":"maichong_24_"},{"time":10.6,"name":"maichong_26_"},{"time":10.6666,"name":"maichong_28_"},{"time":10.7333,"name":"maichong_00_"},{"time":10.8,"name":"maichong_02_"},{"time":10.8666,"name":"maichong_04_"},{"time":10.9333,"name":"maichong_06_"},{"time":11,"name":"maichong_08_"}],"color":[{"time":1.6666,"color":"ffffffff"},{"time":2,"color":"ffffff00","curve":"stepped"},{"time":9.9333,"color":"ffffff00","curve":[0.006,0.25,0.75,1]},{"time":10.2666,"color":"ffffffff"}]},"maichong3":{"attachment":[{"time":0,"name":"maichong_20_"},{"time":0.0666,"name":"maichong_22_"},{"time":0.1333,"name":"maichong_24_"},{"time":0.2,"name":"maichong_26_"},{"time":0.2666,"name":"maichong_28_"},{"time":0.3333,"name":"maichong_00_"},{"time":0.4,"name":"maichong_02_"},{"time":0.4666,"name":"maichong_04_"},{"time":0.5333,"name":"maichong_06_"},{"time":0.6,"name":"maichong_08_"},{"time":0.6666,"name":"maichong_10_"},{"time":0.7333,"name":"maichong_12_"},{"time":0.8,"name":"maichong_14_"},{"time":0.8666,"name":"maichong_16_"},{"time":0.9333,"name":"maichong_18_"},{"time":1,"name":"maichong_20_"},{"time":1.0666,"name":"maichong_22_"},{"time":1.1333,"name":"maichong_24_"},{"time":1.2,"name":"maichong_26_"},{"time":1.2666,"name":"maichong_28_"},{"time":1.3333,"name":"maichong_00_"},{"time":1.4,"name":"maichong_02_"},{"time":1.4666,"name":"maichong_04_"},{"time":1.5333,"name":"maichong_06_"},{"time":1.6,"name":"maichong_08_"},{"time":1.6666,"name":"maichong_10_"},{"time":1.7333,"name":"maichong_12_"},{"time":1.8,"name":"maichong_14_"},{"time":1.8666,"name":"maichong_16_"},{"time":1.9333,"name":"maichong_18_"},{"time":2,"name":null},{"time":9.9333,"name":"maichong_16_"},{"time":10,"name":"maichong_18_"},{"time":10.0666,"name":"maichong_20_"},{"time":10.1333,"name":"maichong_22_"},{"time":10.2,"name":"maichong_24_"},{"time":10.2666,"name":"maichong_26_"},{"time":10.3333,"name":"maichong_28_"},{"time":10.4,"name":"maichong_00_"},{"time":10.4666,"name":"maichong_02_"},{"time":10.5333,"name":"maichong_04_"},{"time":10.6,"name":"maichong_06_"},{"time":10.6666,"name":"maichong_08_"},{"time":10.7333,"name":"maichong_10_"},{"time":10.8,"name":"maichong_12_"},{"time":10.8666,"name":"maichong_14_"},{"time":10.9333,"name":"maichong_16_"},{"time":11,"name":"maichong_18_"}],"color":[{"time":1.6666,"color":"ffffffff"},{"time":2,"color":"ffffff00","curve":"stepped"},{"time":9.9333,"color":"ffffff00","curve":[0.001,0.26,0.75,1]},{"time":10.2666,"color":"ffffffff"}]},"maichong4":{"attachment":[{"time":0,"name":"maichong_06_"},{"time":0.0666,"name":"maichong_08_"},{"time":0.1333,"name":"maichong_10_"},{"time":0.2,"name":"maichong_12_"},{"time":0.2666,"name":"maichong_14_"},{"time":0.3333,"name":"maichong_16_"},{"time":0.4,"name":"maichong_18_"},{"time":0.4666,"name":"maichong_20_"},{"time":0.5333,"name":"maichong_22_"},{"time":0.6,"name":"maichong_24_"},{"time":0.6666,"name":"maichong_26_"},{"time":0.7333,"name":"maichong_28_"},{"time":0.8,"name":"maichong_00_"},{"time":0.8666,"name":"maichong_02_"},{"time":0.9333,"name":"maichong_04_"},{"time":1,"name":"maichong_06_"},{"time":1.0666,"name":"maichong_08_"},{"time":1.1333,"name":"maichong_10_"},{"time":1.2,"name":"maichong_12_"},{"time":1.2666,"name":"maichong_14_"},{"time":1.3333,"name":"maichong_16_"},{"time":1.4,"name":"maichong_18_"},{"time":1.4666,"name":"maichong_20_"},{"time":1.5333,"name":"maichong_22_"},{"time":1.6,"name":"maichong_24_"},{"time":1.6666,"name":"maichong_26_"},{"time":1.7333,"name":"maichong_28_"},{"time":1.8,"name":"maichong_00_"},{"time":1.8666,"name":"maichong_02_"},{"time":1.9333,"name":"maichong_04_"},{"time":2,"name":null},{"time":9.9333,"name":"maichong_02_"},{"time":10,"name":"maichong_04_"},{"time":10.0666,"name":"maichong_06_"},{"time":10.1333,"name":"maichong_08_"},{"time":10.2,"name":"maichong_10_"},{"time":10.2666,"name":"maichong_12_"},{"time":10.3333,"name":"maichong_14_"},{"time":10.4,"name":"maichong_16_"},{"time":10.4666,"name":"maichong_18_"},{"time":10.5333,"name":"maichong_20_"},{"time":10.6,"name":"maichong_22_"},{"time":10.6666,"name":"maichong_24_"},{"time":10.7333,"name":"maichong_26_"},{"time":10.8,"name":"maichong_28_"},{"time":10.8666,"name":"maichong_00_"},{"time":10.9333,"name":"maichong_02_"},{"time":11,"name":"maichong_04_"}],"color":[{"time":1.6666,"color":"ffffffff"},{"time":2,"color":"ffffff00","curve":"stepped"},{"time":9.9333,"color":"ffffff00","curve":[0,0.37,0.75,1]},{"time":10.2666,"color":"ffffffff"}]},"penshe_lizi":{"attachment":[{"time":1.7333,"name":"penshe_lizi_01_"},{"time":1.8,"name":"penshe_lizi_05_"},{"time":1.8666,"name":"penshe_lizi_09_"},{"time":1.9333,"name":"penshe_lizi_13_"},{"time":2,"name":"penshe_lizi_17_"},{"time":2.0666,"name":"penshe_lizi_21_"},{"time":2.1333,"name":"penshe_lizi_25_"},{"time":2.2,"name":"penshe_lizi_29_"},{"time":2.2666,"name":"penshe_lizi_33_"},{"time":2.3333,"name":"penshe_lizi_37_"},{"time":2.4,"name":"penshe_lizi_41_"},{"time":2.4666,"name":"penshe_lizi_45_"},{"time":2.5333,"name":"penshe_lizi_49_"},{"time":2.6,"name":"penshe_lizi_53_"},{"time":2.6666,"name":null}]},"penshe_lizi2":{"attachment":[{"time":1.7333,"name":"penshe_lizi_01_"},{"time":1.8,"name":"penshe_lizi_05_"},{"time":1.8666,"name":"penshe_lizi_09_"},{"time":1.9333,"name":"penshe_lizi_13_"},{"time":2,"name":"penshe_lizi_17_"},{"time":2.0666,"name":"penshe_lizi_21_"},{"time":2.1333,"name":"penshe_lizi_25_"},{"time":2.2,"name":"penshe_lizi_29_"},{"time":2.2666,"name":"penshe_lizi_33_"},{"time":2.3333,"name":"penshe_lizi_37_"},{"time":2.4,"name":"penshe_lizi_41_"},{"time":2.4666,"name":"penshe_lizi_45_"},{"time":2.5333,"name":"penshe_lizi_49_"},{"time":2.6,"name":"penshe_lizi_53_"},{"time":2.6666,"name":null}]},"pifeng01":{"attachment":[{"time":0,"name":"pifeng01_00_"},{"time":0.0666,"name":"pifeng01_04_"},{"time":0.1333,"name":"pifeng01_08_"},{"time":0.2,"name":"pifeng01_12_"},{"time":0.2666,"name":"pifeng01_16_"},{"time":0.3333,"name":"pifeng01_20_"},{"time":0.4,"name":"pifeng01_24_"},{"time":0.4666,"name":"pifeng01_28_"},{"time":0.5333,"name":"pifeng01_32_"},{"time":0.6,"name":"pifeng01_36_"},{"time":0.6666,"name":"pifeng01_00_"},{"time":0.7333,"name":"pifeng01_04_"},{"time":0.8,"name":"pifeng01_08_"},{"time":0.8666,"name":"pifeng01_12_"},{"time":0.9333,"name":"pifeng01_16_"},{"time":1,"name":"pifeng01_20_"},{"time":1.0666,"name":"pifeng01_24_"},{"time":1.1333,"name":"pifeng01_28_"},{"time":1.2,"name":"pifeng01_32_"},{"time":1.2666,"name":"pifeng01_36_"},{"time":1.3333,"name":"pifeng01_00_"},{"time":1.4,"name":"pifeng01_04_"},{"time":1.4666,"name":"pifeng01_08_"},{"time":1.5333,"name":"pifeng01_12_"},{"time":1.6,"name":"pifeng01_16_"},{"time":1.6666,"name":"pifeng01_20_"},{"time":1.7333,"name":"pifeng01_24_"},{"time":1.8,"name":"pifeng01_28_"},{"time":1.8666,"name":"pifeng01_32_"},{"time":1.9333,"name":"pifeng01_36_"},{"time":2,"name":"pifeng01_00_"},{"time":2.0666,"name":"pifeng01_04_"},{"time":2.1333,"name":"pifeng01_08_"},{"time":2.2,"name":"pifeng01_12_"},{"time":2.2666,"name":"pifeng01_16_"},{"time":2.3333,"name":"pifeng01_20_"},{"time":2.4,"name":"pifeng01_24_"},{"time":2.4666,"name":"pifeng01_28_"},{"time":2.5333,"name":"pifeng01_32_"},{"time":2.6,"name":"pifeng01_36_"},{"time":2.6666,"name":"pifeng01_00_"},{"time":2.7333,"name":"pifeng01_04_"},{"time":2.8,"name":"pifeng01_08_"},{"time":2.8666,"name":"pifeng01_12_"},{"time":2.9333,"name":"pifeng01_16_"},{"time":3,"name":"pifeng01_20_"},{"time":3.0666,"name":"pifeng01_24_"},{"time":3.1333,"name":"pifeng01_28_"},{"time":3.2,"name":"pifeng01_32_"},{"time":3.2666,"name":"pifeng01_36_"},{"time":3.3333,"name":"pifeng01_00_"},{"time":3.4,"name":"pifeng01_04_"},{"time":3.4666,"name":"pifeng01_08_"},{"time":3.5333,"name":"pifeng01_12_"},{"time":3.6,"name":"pifeng01_16_"},{"time":3.6666,"name":"pifeng01_20_"},{"time":3.7333,"name":"pifeng01_24_"},{"time":3.8,"name":"pifeng01_28_"},{"time":3.8666,"name":"pifeng01_32_"},{"time":3.9333,"name":"pifeng01_36_"},{"time":4,"name":"pifeng01_00_"},{"time":4.0666,"name":"pifeng01_04_"},{"time":4.1333,"name":"pifeng01_08_"},{"time":4.2,"name":"pifeng01_12_"},{"time":4.2666,"name":"pifeng01_16_"},{"time":4.3333,"name":"pifeng01_20_"},{"time":4.4,"name":"pifeng01_24_"},{"time":4.4666,"name":"pifeng01_28_"},{"time":4.5333,"name":"pifeng01_32_"},{"time":4.6,"name":"pifeng01_36_"},{"time":4.6666,"name":"pifeng01_00_"},{"time":4.7333,"name":"pifeng01_04_"},{"time":4.8,"name":"pifeng01_08_"},{"time":4.8666,"name":"pifeng01_12_"},{"time":4.9333,"name":"pifeng01_16_"},{"time":5,"name":"pifeng01_20_"},{"time":5.0666,"name":"pifeng01_24_"},{"time":5.1333,"name":"pifeng01_28_"},{"time":5.2,"name":"pifeng01_32_"},{"time":5.2666,"name":"pifeng01_36_"},{"time":5.3333,"name":"pifeng01_00_"},{"time":5.4,"name":"pifeng01_04_"},{"time":5.4666,"name":"pifeng01_08_"},{"time":5.5333,"name":"pifeng01_12_"},{"time":5.6,"name":"pifeng01_16_"},{"time":5.6666,"name":"pifeng01_20_"},{"time":5.7333,"name":"pifeng01_24_"},{"time":5.8,"name":"pifeng01_28_"},{"time":5.8666,"name":"pifeng01_32_"},{"time":5.9333,"name":"pifeng01_36_"},{"time":6,"name":"pifeng01_00_"},{"time":6.0666,"name":"pifeng01_04_"},{"time":6.1333,"name":"pifeng01_08_"},{"time":6.2,"name":"pifeng01_12_"},{"time":6.2666,"name":"pifeng01_16_"},{"time":6.3333,"name":"pifeng01_20_"},{"time":6.4,"name":"pifeng01_24_"},{"time":6.4666,"name":"pifeng01_28_"},{"time":6.5333,"name":"pifeng01_32_"},{"time":6.6,"name":"pifeng01_36_"},{"time":6.6666,"name":"pifeng01_00_"},{"time":6.7333,"name":"pifeng01_04_"},{"time":6.8,"name":"pifeng01_08_"},{"time":6.8666,"name":"pifeng01_12_"},{"time":6.9333,"name":"pifeng01_16_"},{"time":7,"name":"pifeng01_20_"},{"time":7.0666,"name":"pifeng01_24_"},{"time":7.1333,"name":"pifeng01_28_"},{"time":7.2,"name":"pifeng01_32_"},{"time":7.2666,"name":"pifeng01_36_"},{"time":7.3333,"name":"pifeng01_00_"},{"time":7.4,"name":"pifeng01_04_"},{"time":7.4666,"name":"pifeng01_08_"},{"time":7.5333,"name":"pifeng01_12_"},{"time":7.6,"name":"pifeng01_16_"},{"time":7.6666,"name":"pifeng01_20_"},{"time":7.7333,"name":"pifeng01_24_"},{"time":7.8,"name":"pifeng01_28_"},{"time":7.8666,"name":"pifeng01_32_"},{"time":7.9333,"name":"pifeng01_36_"},{"time":8,"name":"pifeng01_00_"},{"time":8.0666,"name":"pifeng01_04_"},{"time":8.1333,"name":"pifeng01_08_"},{"time":8.2,"name":"pifeng01_12_"},{"time":8.2666,"name":"pifeng01_16_"},{"time":8.3333,"name":"pifeng01_20_"},{"time":8.4,"name":"pifeng01_24_"},{"time":8.4666,"name":"pifeng01_28_"},{"time":8.5333,"name":"pifeng01_32_"},{"time":8.6,"name":"pifeng01_36_"},{"time":8.6666,"name":"pifeng01_00_"},{"time":8.7333,"name":"pifeng01_04_"},{"time":8.8,"name":"pifeng01_08_"},{"time":8.8666,"name":"pifeng01_12_"},{"time":8.9333,"name":"pifeng01_16_"},{"time":9,"name":"pifeng01_20_"},{"time":9.0666,"name":"pifeng01_24_"},{"time":9.1333,"name":"pifeng01_28_"},{"time":9.2,"name":"pifeng01_32_"},{"time":9.2666,"name":"pifeng01_36_"},{"time":9.3333,"name":"pifeng01_00_"},{"time":9.4,"name":"pifeng01_04_"},{"time":9.4666,"name":"pifeng01_08_"},{"time":9.5333,"name":"pifeng01_12_"},{"time":9.6,"name":"pifeng01_16_"},{"time":9.6666,"name":"pifeng01_20_"},{"time":9.7333,"name":"pifeng01_24_"},{"time":9.8,"name":"pifeng01_28_"},{"time":9.8666,"name":"pifeng01_32_"},{"time":9.9333,"name":"pifeng01_36_"},{"time":10,"name":"pifeng01_20_"},{"time":10.0666,"name":"pifeng01_24_"},{"time":10.1333,"name":"pifeng01_28_"},{"time":10.2,"name":"pifeng01_32_"},{"time":10.2666,"name":"pifeng01_36_"},{"time":10.3333,"name":"pifeng01_00_"},{"time":10.4,"name":"pifeng01_04_"},{"time":10.4666,"name":"pifeng01_08_"},{"time":10.5333,"name":"pifeng01_12_"},{"time":10.6,"name":"pifeng01_16_"},{"time":10.6666,"name":"pifeng01_20_"},{"time":10.7333,"name":"pifeng01_24_"},{"time":10.8,"name":"pifeng01_28_"},{"time":10.8666,"name":"pifeng01_32_"},{"time":10.9333,"name":"pifeng01_36_"}]},"pifeng02":{"attachment":[{"time":0,"name":"pifeng02_00_"},{"time":0.0666,"name":"pifeng02_04_"},{"time":0.1333,"name":"pifeng02_08_"},{"time":0.2,"name":"pifeng02_12_"},{"time":0.2666,"name":"pifeng02_16_"},{"time":0.3333,"name":"pifeng02_20_"},{"time":0.4,"name":"pifeng02_24_"},{"time":0.4666,"name":"pifeng02_28_"},{"time":0.5333,"name":"pifeng02_32_"},{"time":0.6,"name":"pifeng02_36_"},{"time":0.6666,"name":"pifeng02_00_"},{"time":0.7333,"name":"pifeng02_04_"},{"time":0.8,"name":"pifeng02_08_"},{"time":0.8666,"name":"pifeng02_12_"},{"time":0.9333,"name":"pifeng02_16_"},{"time":1,"name":"pifeng02_20_"},{"time":1.0666,"name":"pifeng02_24_"},{"time":1.1333,"name":"pifeng02_28_"},{"time":1.2,"name":"pifeng02_32_"},{"time":1.2666,"name":"pifeng02_36_"},{"time":1.3333,"name":"pifeng02_00_"},{"time":1.4,"name":"pifeng02_04_"},{"time":1.4666,"name":"pifeng02_08_"},{"time":1.5333,"name":"pifeng02_12_"},{"time":1.6,"name":"pifeng02_16_"},{"time":1.6666,"name":"pifeng02_20_"},{"time":1.7333,"name":"pifeng02_24_"},{"time":1.8,"name":"pifeng02_28_"},{"time":1.8666,"name":"pifeng02_32_"},{"time":1.9333,"name":"pifeng02_36_"},{"time":2,"name":"pifeng02_00_"},{"time":2.0666,"name":"pifeng02_04_"},{"time":2.1333,"name":"pifeng02_08_"},{"time":2.2,"name":"pifeng02_12_"},{"time":2.2666,"name":"pifeng02_16_"},{"time":2.3333,"name":"pifeng02_20_"},{"time":2.4,"name":"pifeng02_24_"},{"time":2.4666,"name":"pifeng02_28_"},{"time":2.5333,"name":"pifeng02_32_"},{"time":2.6,"name":"pifeng02_36_"},{"time":2.6666,"name":"pifeng02_00_"},{"time":2.7333,"name":"pifeng02_04_"},{"time":2.8,"name":"pifeng02_08_"},{"time":2.8666,"name":"pifeng02_12_"},{"time":2.9333,"name":"pifeng02_16_"},{"time":3,"name":"pifeng02_20_"},{"time":3.0666,"name":"pifeng02_24_"},{"time":3.1333,"name":"pifeng02_28_"},{"time":3.2,"name":"pifeng02_32_"},{"time":3.2666,"name":"pifeng02_36_"},{"time":3.3333,"name":"pifeng02_00_"},{"time":3.4,"name":"pifeng02_04_"},{"time":3.4666,"name":"pifeng02_08_"},{"time":3.5333,"name":"pifeng02_12_"},{"time":3.6,"name":"pifeng02_16_"},{"time":3.6666,"name":"pifeng02_20_"},{"time":3.7333,"name":"pifeng02_24_"},{"time":3.8,"name":"pifeng02_28_"},{"time":3.8666,"name":"pifeng02_32_"},{"time":3.9333,"name":"pifeng02_36_"},{"time":4,"name":"pifeng02_00_"},{"time":4.0666,"name":"pifeng02_04_"},{"time":4.1333,"name":"pifeng02_08_"},{"time":4.2,"name":"pifeng02_12_"},{"time":4.2666,"name":"pifeng02_16_"},{"time":4.3333,"name":"pifeng02_20_"},{"time":4.4,"name":"pifeng02_24_"},{"time":4.4666,"name":"pifeng02_28_"},{"time":4.5333,"name":"pifeng02_32_"},{"time":4.6,"name":"pifeng02_36_"},{"time":4.6666,"name":"pifeng02_00_"},{"time":4.7333,"name":"pifeng02_04_"},{"time":4.8,"name":"pifeng02_08_"},{"time":4.8666,"name":"pifeng02_12_"},{"time":4.9333,"name":"pifeng02_16_"},{"time":5,"name":"pifeng02_20_"},{"time":5.0666,"name":"pifeng02_24_"},{"time":5.1333,"name":"pifeng02_28_"},{"time":5.2,"name":"pifeng02_32_"},{"time":5.2666,"name":"pifeng02_36_"},{"time":5.3333,"name":"pifeng02_00_"},{"time":5.4,"name":"pifeng02_04_"},{"time":5.4666,"name":"pifeng02_08_"},{"time":5.5333,"name":"pifeng02_12_"},{"time":5.6,"name":"pifeng02_16_"},{"time":5.6666,"name":"pifeng02_20_"},{"time":5.7333,"name":"pifeng02_24_"},{"time":5.8,"name":"pifeng02_28_"},{"time":5.8666,"name":"pifeng02_32_"},{"time":5.9333,"name":"pifeng02_36_"},{"time":6,"name":"pifeng02_00_"},{"time":6.0666,"name":"pifeng02_04_"},{"time":6.1333,"name":"pifeng02_08_"},{"time":6.2,"name":"pifeng02_12_"},{"time":6.2666,"name":"pifeng02_16_"},{"time":6.3333,"name":"pifeng02_20_"},{"time":6.4,"name":"pifeng02_24_"},{"time":6.4666,"name":"pifeng02_28_"},{"time":6.5333,"name":"pifeng02_32_"},{"time":6.6,"name":"pifeng02_36_"},{"time":6.6666,"name":"pifeng02_00_"},{"time":6.7333,"name":"pifeng02_04_"},{"time":6.8,"name":"pifeng02_08_"},{"time":6.8666,"name":"pifeng02_12_"},{"time":6.9333,"name":"pifeng02_16_"},{"time":7,"name":"pifeng02_20_"},{"time":7.0666,"name":"pifeng02_24_"},{"time":7.1333,"name":"pifeng02_28_"},{"time":7.2,"name":"pifeng02_32_"},{"time":7.2666,"name":"pifeng02_36_"},{"time":7.3333,"name":"pifeng02_00_"},{"time":7.4,"name":"pifeng02_04_"},{"time":7.4666,"name":"pifeng02_08_"},{"time":7.5333,"name":"pifeng02_12_"},{"time":7.6,"name":"pifeng02_16_"},{"time":7.6666,"name":"pifeng02_20_"},{"time":7.7333,"name":"pifeng02_24_"},{"time":7.8,"name":"pifeng02_28_"},{"time":7.8666,"name":"pifeng02_32_"},{"time":7.9333,"name":"pifeng02_36_"},{"time":8,"name":"pifeng02_00_"},{"time":8.0666,"name":"pifeng02_04_"},{"time":8.1333,"name":"pifeng02_08_"},{"time":8.2,"name":"pifeng02_12_"},{"time":8.2666,"name":"pifeng02_16_"},{"time":8.3333,"name":"pifeng02_20_"},{"time":8.4,"name":"pifeng02_24_"},{"time":8.4666,"name":"pifeng02_28_"},{"time":8.5333,"name":"pifeng02_32_"},{"time":8.6,"name":"pifeng02_36_"},{"time":8.6666,"name":"pifeng02_00_"},{"time":8.7333,"name":"pifeng02_04_"},{"time":8.8,"name":"pifeng02_08_"},{"time":8.8666,"name":"pifeng02_12_"},{"time":8.9333,"name":"pifeng02_16_"},{"time":9,"name":"pifeng02_20_"},{"time":9.0666,"name":"pifeng02_24_"},{"time":9.1333,"name":"pifeng02_28_"},{"time":9.2,"name":"pifeng02_32_"},{"time":9.2666,"name":"pifeng02_36_"},{"time":9.3333,"name":"pifeng02_00_"},{"time":9.4,"name":"pifeng02_04_"},{"time":9.4666,"name":"pifeng02_08_"},{"time":9.5333,"name":"pifeng02_12_"},{"time":9.6,"name":"pifeng02_16_"},{"time":9.6666,"name":"pifeng02_20_"},{"time":9.7333,"name":"pifeng02_24_"},{"time":9.8,"name":"pifeng02_28_"},{"time":9.8666,"name":"pifeng02_32_"},{"time":9.9333,"name":"pifeng02_36_"},{"time":10,"name":"pifeng02_20_"},{"time":10.0666,"name":"pifeng02_24_"},{"time":10.1333,"name":"pifeng02_28_"},{"time":10.2,"name":"pifeng02_32_"},{"time":10.2666,"name":"pifeng02_36_"},{"time":10.3333,"name":"pifeng02_00_"},{"time":10.4,"name":"pifeng02_04_"},{"time":10.4666,"name":"pifeng02_08_"},{"time":10.5333,"name":"pifeng02_12_"},{"time":10.6,"name":"pifeng02_16_"},{"time":10.6666,"name":"pifeng02_20_"},{"time":10.7333,"name":"pifeng02_24_"},{"time":10.8,"name":"pifeng02_28_"},{"time":10.8666,"name":"pifeng02_32_"},{"time":10.9333,"name":"pifeng02_36_"}]},"pifeng03":{"attachment":[{"time":0,"name":"pifeng02_00_"},{"time":0.0666,"name":"pifeng02_04_"},{"time":0.1333,"name":"pifeng02_08_"},{"time":0.2,"name":"pifeng02_12_"},{"time":0.2666,"name":"pifeng02_16_"},{"time":0.3333,"name":"pifeng02_20_"},{"time":0.4,"name":"pifeng02_24_"},{"time":0.4666,"name":"pifeng02_28_"},{"time":0.5333,"name":"pifeng02_32_"},{"time":0.6,"name":"pifeng02_36_"},{"time":0.6666,"name":"pifeng02_00_"},{"time":0.7333,"name":"pifeng02_04_"},{"time":0.8,"name":"pifeng02_08_"},{"time":0.8666,"name":"pifeng02_12_"},{"time":0.9333,"name":"pifeng02_16_"},{"time":1,"name":"pifeng02_20_"},{"time":1.0666,"name":"pifeng02_24_"},{"time":1.1333,"name":"pifeng02_28_"},{"time":1.2,"name":"pifeng02_32_"},{"time":1.2666,"name":"pifeng02_36_"},{"time":1.3333,"name":"pifeng02_00_"},{"time":1.4,"name":"pifeng02_04_"},{"time":1.4666,"name":"pifeng02_08_"},{"time":1.5333,"name":"pifeng02_12_"},{"time":1.6,"name":"pifeng02_16_"},{"time":1.6666,"name":"pifeng02_20_"},{"time":1.7333,"name":"pifeng02_24_"},{"time":1.8,"name":"pifeng02_28_"},{"time":1.8666,"name":"pifeng02_32_"},{"time":1.9333,"name":"pifeng02_36_"},{"time":2,"name":"pifeng02_00_"},{"time":2.0666,"name":"pifeng02_04_"},{"time":2.1333,"name":"pifeng02_08_"},{"time":2.2,"name":"pifeng02_12_"},{"time":2.2666,"name":"pifeng02_16_"},{"time":2.3333,"name":"pifeng02_20_"},{"time":2.4,"name":"pifeng02_24_"},{"time":2.4666,"name":"pifeng02_28_"},{"time":2.5333,"name":"pifeng02_32_"},{"time":2.6,"name":"pifeng02_36_"},{"time":2.6666,"name":"pifeng02_00_"},{"time":2.7333,"name":"pifeng02_04_"},{"time":2.8,"name":"pifeng02_08_"},{"time":2.8666,"name":"pifeng02_12_"},{"time":2.9333,"name":"pifeng02_16_"},{"time":3,"name":"pifeng02_20_"},{"time":3.0666,"name":"pifeng02_24_"},{"time":3.1333,"name":"pifeng02_28_"},{"time":3.2,"name":"pifeng02_32_"},{"time":3.2666,"name":"pifeng02_36_"},{"time":3.3333,"name":"pifeng02_00_"},{"time":3.4,"name":"pifeng02_04_"},{"time":3.4666,"name":"pifeng02_08_"},{"time":3.5333,"name":"pifeng02_12_"},{"time":3.6,"name":"pifeng02_16_"},{"time":3.6666,"name":"pifeng02_20_"},{"time":3.7333,"name":"pifeng02_24_"},{"time":3.8,"name":"pifeng02_28_"},{"time":3.8666,"name":"pifeng02_32_"},{"time":3.9333,"name":"pifeng02_36_"},{"time":4,"name":"pifeng02_00_"},{"time":4.0666,"name":"pifeng02_04_"},{"time":4.1333,"name":"pifeng02_08_"},{"time":4.2,"name":"pifeng02_12_"},{"time":4.2666,"name":"pifeng02_16_"},{"time":4.3333,"name":"pifeng02_20_"},{"time":4.4,"name":"pifeng02_24_"},{"time":4.4666,"name":"pifeng02_28_"},{"time":4.5333,"name":"pifeng02_32_"},{"time":4.6,"name":"pifeng02_36_"},{"time":4.6666,"name":"pifeng02_00_"},{"time":4.7333,"name":"pifeng02_04_"},{"time":4.8,"name":"pifeng02_08_"},{"time":4.8666,"name":"pifeng02_12_"},{"time":4.9333,"name":"pifeng02_16_"},{"time":5,"name":"pifeng02_20_"},{"time":5.0666,"name":"pifeng02_24_"},{"time":5.1333,"name":"pifeng02_28_"},{"time":5.2,"name":"pifeng02_32_"},{"time":5.2666,"name":"pifeng02_36_"},{"time":5.3333,"name":"pifeng02_00_"},{"time":5.4,"name":"pifeng02_04_"},{"time":5.4666,"name":"pifeng02_08_"},{"time":5.5333,"name":"pifeng02_12_"},{"time":5.6,"name":"pifeng02_16_"},{"time":5.6666,"name":"pifeng02_20_"},{"time":5.7333,"name":"pifeng02_24_"},{"time":5.8,"name":"pifeng02_28_"},{"time":5.8666,"name":"pifeng02_32_"},{"time":5.9333,"name":"pifeng02_36_"},{"time":6,"name":"pifeng02_00_"},{"time":6.0666,"name":"pifeng02_04_"},{"time":6.1333,"name":"pifeng02_08_"},{"time":6.2,"name":"pifeng02_12_"},{"time":6.2666,"name":"pifeng02_16_"},{"time":6.3333,"name":"pifeng02_20_"},{"time":6.4,"name":"pifeng02_24_"},{"time":6.4666,"name":"pifeng02_28_"},{"time":6.5333,"name":"pifeng02_32_"},{"time":6.6,"name":"pifeng02_36_"},{"time":6.6666,"name":"pifeng02_00_"},{"time":6.7333,"name":"pifeng02_04_"},{"time":6.8,"name":"pifeng02_08_"},{"time":6.8666,"name":"pifeng02_12_"},{"time":6.9333,"name":"pifeng02_16_"},{"time":7,"name":"pifeng02_20_"},{"time":7.0666,"name":"pifeng02_24_"},{"time":7.1333,"name":"pifeng02_28_"},{"time":7.2,"name":"pifeng02_32_"},{"time":7.2666,"name":"pifeng02_36_"},{"time":7.3333,"name":"pifeng02_00_"},{"time":7.4,"name":"pifeng02_04_"},{"time":7.4666,"name":"pifeng02_08_"},{"time":7.5333,"name":"pifeng02_12_"},{"time":7.6,"name":"pifeng02_16_"},{"time":7.6666,"name":"pifeng02_20_"},{"time":7.7333,"name":"pifeng02_24_"},{"time":7.8,"name":"pifeng02_28_"},{"time":7.8666,"name":"pifeng02_32_"},{"time":7.9333,"name":"pifeng02_36_"},{"time":8,"name":"pifeng02_00_"},{"time":8.0666,"name":"pifeng02_04_"},{"time":8.1333,"name":"pifeng02_08_"},{"time":8.2,"name":"pifeng02_12_"},{"time":8.2666,"name":"pifeng02_16_"},{"time":8.3333,"name":"pifeng02_20_"},{"time":8.4,"name":"pifeng02_24_"},{"time":8.4666,"name":"pifeng02_28_"},{"time":8.5333,"name":"pifeng02_32_"},{"time":8.6,"name":"pifeng02_36_"},{"time":8.6666,"name":"pifeng02_00_"},{"time":8.7333,"name":"pifeng02_04_"},{"time":8.8,"name":"pifeng02_08_"},{"time":8.8666,"name":"pifeng02_12_"},{"time":8.9333,"name":"pifeng02_16_"},{"time":9,"name":"pifeng02_20_"},{"time":9.0666,"name":"pifeng02_24_"},{"time":9.1333,"name":"pifeng02_28_"},{"time":9.2,"name":"pifeng02_32_"},{"time":9.2666,"name":"pifeng02_36_"},{"time":9.3333,"name":"pifeng02_00_"},{"time":9.4,"name":"pifeng02_04_"},{"time":9.4666,"name":"pifeng02_08_"},{"time":9.5333,"name":"pifeng02_12_"},{"time":9.6,"name":"pifeng02_16_"},{"time":9.6666,"name":"pifeng02_20_"},{"time":9.7333,"name":"pifeng02_24_"},{"time":9.8,"name":"pifeng02_28_"},{"time":9.8666,"name":"pifeng02_32_"},{"time":9.9333,"name":"pifeng02_36_"},{"time":10,"name":"pifeng02_20_"},{"time":10.0666,"name":"pifeng02_24_"},{"time":10.1333,"name":"pifeng02_28_"},{"time":10.2,"name":"pifeng02_32_"},{"time":10.2666,"name":"pifeng02_36_"},{"time":10.3333,"name":"pifeng02_00_"},{"time":10.4,"name":"pifeng02_04_"},{"time":10.4666,"name":"pifeng02_08_"},{"time":10.5333,"name":"pifeng02_12_"},{"time":10.6,"name":"pifeng02_16_"},{"time":10.6666,"name":"pifeng02_20_"},{"time":10.7333,"name":"pifeng02_24_"},{"time":10.8,"name":"pifeng02_28_"},{"time":10.8666,"name":"pifeng02_32_"},{"time":10.9333,"name":"pifeng02_36_"}]},"pifeng04":{"attachment":[{"time":0,"name":"pifeng01_00_"},{"time":0.0666,"name":"pifeng01_04_"},{"time":0.1333,"name":"pifeng01_08_"},{"time":0.2,"name":"pifeng01_12_"},{"time":0.2666,"name":"pifeng01_16_"},{"time":0.3333,"name":"pifeng01_20_"},{"time":0.4,"name":"pifeng01_24_"},{"time":0.4666,"name":"pifeng01_28_"},{"time":0.5333,"name":"pifeng01_32_"},{"time":0.6,"name":"pifeng01_36_"},{"time":0.6666,"name":"pifeng01_00_"},{"time":0.7333,"name":"pifeng01_04_"},{"time":0.8,"name":"pifeng01_08_"},{"time":0.8666,"name":"pifeng01_12_"},{"time":0.9333,"name":"pifeng01_16_"},{"time":1,"name":"pifeng01_20_"},{"time":1.0666,"name":"pifeng01_24_"},{"time":1.1333,"name":"pifeng01_28_"},{"time":1.2,"name":"pifeng01_32_"},{"time":1.2666,"name":"pifeng01_36_"},{"time":1.3333,"name":"pifeng01_00_"},{"time":1.4,"name":"pifeng01_04_"},{"time":1.4666,"name":"pifeng01_08_"},{"time":1.5333,"name":"pifeng01_12_"},{"time":1.6,"name":"pifeng01_16_"},{"time":1.6666,"name":"pifeng01_20_"},{"time":1.7333,"name":"pifeng01_24_"},{"time":1.8,"name":"pifeng01_28_"},{"time":1.8666,"name":"pifeng01_32_"},{"time":1.9333,"name":"pifeng01_36_"},{"time":2,"name":"pifeng01_00_"},{"time":2.0666,"name":"pifeng01_04_"},{"time":2.1333,"name":"pifeng01_08_"},{"time":2.2,"name":"pifeng01_12_"},{"time":2.2666,"name":"pifeng01_16_"},{"time":2.3333,"name":"pifeng01_20_"},{"time":2.4,"name":"pifeng01_24_"},{"time":2.4666,"name":"pifeng01_28_"},{"time":2.5333,"name":"pifeng01_32_"},{"time":2.6,"name":"pifeng01_36_"},{"time":2.6666,"name":"pifeng01_00_"},{"time":2.7333,"name":"pifeng01_04_"},{"time":2.8,"name":"pifeng01_08_"},{"time":2.8666,"name":"pifeng01_12_"},{"time":2.9333,"name":"pifeng01_16_"},{"time":3,"name":"pifeng01_20_"},{"time":3.0666,"name":"pifeng01_24_"},{"time":3.1333,"name":"pifeng01_28_"},{"time":3.2,"name":"pifeng01_32_"},{"time":3.2666,"name":"pifeng01_36_"},{"time":3.3333,"name":"pifeng01_00_"},{"time":3.4,"name":"pifeng01_04_"},{"time":3.4666,"name":"pifeng01_08_"},{"time":3.5333,"name":"pifeng01_12_"},{"time":3.6,"name":"pifeng01_16_"},{"time":3.6666,"name":"pifeng01_20_"},{"time":3.7333,"name":"pifeng01_24_"},{"time":3.8,"name":"pifeng01_28_"},{"time":3.8666,"name":"pifeng01_32_"},{"time":3.9333,"name":"pifeng01_36_"},{"time":4,"name":"pifeng01_00_"},{"time":4.0666,"name":"pifeng01_04_"},{"time":4.1333,"name":"pifeng01_08_"},{"time":4.2,"name":"pifeng01_12_"},{"time":4.2666,"name":"pifeng01_16_"},{"time":4.3333,"name":"pifeng01_20_"},{"time":4.4,"name":"pifeng01_24_"},{"time":4.4666,"name":"pifeng01_28_"},{"time":4.5333,"name":"pifeng01_32_"},{"time":4.6,"name":"pifeng01_36_"},{"time":4.6666,"name":"pifeng01_00_"},{"time":4.7333,"name":"pifeng01_04_"},{"time":4.8,"name":"pifeng01_08_"},{"time":4.8666,"name":"pifeng01_12_"},{"time":4.9333,"name":"pifeng01_16_"},{"time":5,"name":"pifeng01_20_"},{"time":5.0666,"name":"pifeng01_24_"},{"time":5.1333,"name":"pifeng01_28_"},{"time":5.2,"name":"pifeng01_32_"},{"time":5.2666,"name":"pifeng01_36_"},{"time":5.3333,"name":"pifeng01_00_"},{"time":5.4,"name":"pifeng01_04_"},{"time":5.4666,"name":"pifeng01_08_"},{"time":5.5333,"name":"pifeng01_12_"},{"time":5.6,"name":"pifeng01_16_"},{"time":5.6666,"name":"pifeng01_20_"},{"time":5.7333,"name":"pifeng01_24_"},{"time":5.8,"name":"pifeng01_28_"},{"time":5.8666,"name":"pifeng01_32_"},{"time":5.9333,"name":"pifeng01_36_"},{"time":6,"name":"pifeng01_00_"},{"time":6.0666,"name":"pifeng01_04_"},{"time":6.1333,"name":"pifeng01_08_"},{"time":6.2,"name":"pifeng01_12_"},{"time":6.2666,"name":"pifeng01_16_"},{"time":6.3333,"name":"pifeng01_20_"},{"time":6.4,"name":"pifeng01_24_"},{"time":6.4666,"name":"pifeng01_28_"},{"time":6.5333,"name":"pifeng01_32_"},{"time":6.6,"name":"pifeng01_36_"},{"time":6.6666,"name":"pifeng01_00_"},{"time":6.7333,"name":"pifeng01_04_"},{"time":6.8,"name":"pifeng01_08_"},{"time":6.8666,"name":"pifeng01_12_"},{"time":6.9333,"name":"pifeng01_16_"},{"time":7,"name":"pifeng01_20_"},{"time":7.0666,"name":"pifeng01_24_"},{"time":7.1333,"name":"pifeng01_28_"},{"time":7.2,"name":"pifeng01_32_"},{"time":7.2666,"name":"pifeng01_36_"},{"time":7.3333,"name":"pifeng01_00_"},{"time":7.4,"name":"pifeng01_04_"},{"time":7.4666,"name":"pifeng01_08_"},{"time":7.5333,"name":"pifeng01_12_"},{"time":7.6,"name":"pifeng01_16_"},{"time":7.6666,"name":"pifeng01_20_"},{"time":7.7333,"name":"pifeng01_24_"},{"time":7.8,"name":"pifeng01_28_"},{"time":7.8666,"name":"pifeng01_32_"},{"time":7.9333,"name":"pifeng01_36_"},{"time":8,"name":"pifeng01_00_"},{"time":8.0666,"name":"pifeng01_04_"},{"time":8.1333,"name":"pifeng01_08_"},{"time":8.2,"name":"pifeng01_12_"},{"time":8.2666,"name":"pifeng01_16_"},{"time":8.3333,"name":"pifeng01_20_"},{"time":8.4,"name":"pifeng01_24_"},{"time":8.4666,"name":"pifeng01_28_"},{"time":8.5333,"name":"pifeng01_32_"},{"time":8.6,"name":"pifeng01_36_"},{"time":8.6666,"name":"pifeng01_00_"},{"time":8.7333,"name":"pifeng01_04_"},{"time":8.8,"name":"pifeng01_08_"},{"time":8.8666,"name":"pifeng01_12_"},{"time":8.9333,"name":"pifeng01_16_"},{"time":9,"name":"pifeng01_20_"},{"time":9.0666,"name":"pifeng01_24_"},{"time":9.1333,"name":"pifeng01_28_"},{"time":9.2,"name":"pifeng01_32_"},{"time":9.2666,"name":"pifeng01_36_"},{"time":9.3333,"name":"pifeng01_00_"},{"time":9.4,"name":"pifeng01_04_"},{"time":9.4666,"name":"pifeng01_08_"},{"time":9.5333,"name":"pifeng01_12_"},{"time":9.6,"name":"pifeng01_16_"},{"time":9.6666,"name":"pifeng01_20_"},{"time":9.7333,"name":"pifeng01_24_"},{"time":9.8,"name":"pifeng01_28_"},{"time":9.8666,"name":"pifeng01_32_"},{"time":9.9333,"name":"pifeng01_36_"},{"time":10,"name":"pifeng01_20_"},{"time":10.0666,"name":"pifeng01_24_"},{"time":10.1333,"name":"pifeng01_28_"},{"time":10.2,"name":"pifeng01_32_"},{"time":10.2666,"name":"pifeng01_36_"},{"time":10.3333,"name":"pifeng01_00_"},{"time":10.4,"name":"pifeng01_04_"},{"time":10.4666,"name":"pifeng01_08_"},{"time":10.5333,"name":"pifeng01_12_"},{"time":10.6,"name":"pifeng01_16_"},{"time":10.6666,"name":"pifeng01_20_"},{"time":10.7333,"name":"pifeng01_24_"},{"time":10.8,"name":"pifeng01_28_"},{"time":10.8666,"name":"pifeng01_32_"},{"time":10.9333,"name":"pifeng01_36_"}]},"ray_glow":{"attachment":[{"time":4.3333,"name":"ray_glow_00_"}]},"ray_line":{"attachment":[{"time":4.3333,"name":"ray_line_00_"},{"time":7.1666,"name":"ray_line_00_"}]},"sheguang":{"attachment":[{"time":1.7,"name":"sheguang_01_"},{"time":1.7666,"name":"sheguang_03_"},{"time":1.8333,"name":"sheguang_05_"},{"time":1.9,"name":"sheguang_07_"},{"time":1.9666,"name":"sheguang_09_"},{"time":2.0333,"name":"sheguang_11_"},{"time":2.1,"name":"sheguang_13_"},{"time":2.1666,"name":"sheguang_15_"},{"time":2.2333,"name":"sheguang_17_"},{"time":2.3,"name":"sheguang_19_"},{"time":2.3666,"name":"sheguang_21_"},{"time":2.4333,"name":null}]},"suikuai":{"attachment":[{"time":1.7666,"name":"suikuai_05_"},{"time":1.8333,"name":"suikuai_09_"},{"time":1.9,"name":"suikuai_11_"},{"time":1.9666,"name":"suikuai_13_"},{"time":2.0333,"name":"suikuai_15_"},{"time":2.1,"name":"suikuai_17_"},{"time":2.1666,"name":"suikuai_19_"},{"time":2.2333,"name":"suikuai_21_"},{"time":2.3,"name":"suikuai_23_"},{"time":2.3666,"name":"suikuai_25_"},{"time":2.4333,"name":"suikuai_27_"},{"time":2.5,"name":"suikuai_33_"},{"time":2.5666,"name":"suikuai_41_"},{"time":2.6333,"name":"suikuai_49_"},{"time":2.7,"name":null}]},"sword_":{"color":[{"time":4.3333,"color":"ffffffff"},{"time":4.6666,"color":"ffffff00","curve":"stepped"},{"time":7.3333,"color":"ffffff00","curve":[0.25,0,1,0.83]},{"time":7.5666,"color":"ffffffff"}]},"sword_2":{"attachment":[{"time":0,"name":null},{"time":1.2,"name":"sword_"},{"time":4.3333,"name":"sword_"},{"time":7.5666,"name":"sword_"}],"color":[{"time":1.2,"color":"ffffff00","curve":[0.244,0,0.88,0.84]},{"time":1.6666,"color":"3e9bffff"},{"time":2.3666,"color":"11c7ff00"},{"time":3.3333,"color":"3e9bffff"},{"time":4.3,"color":"526fff00","curve":[0.393,0.39,0.728,0.73]},{"time":4.3333,"color":"27aaffff","curve":[0.25,0,0.915,0.89]},{"time":5,"color":"225cff00","curve":"stepped"},{"time":7,"color":"225cff00"},{"time":7.5666,"color":"0c7effff"},{"time":8,"color":"1849ff00"}]},"trans_door":{"attachment":[{"time":4.3333,"name":"trans_door_00_"},{"time":4.4,"name":"trans_door_02_"},{"time":4.4666,"name":"trans_door_04_"},{"time":4.5333,"name":"trans_door_06_"},{"time":4.6,"name":"trans_door_08_"},{"time":4.6666,"name":"trans_door_10_"},{"time":4.7333,"name":"trans_door_12_"},{"time":4.8,"name":"trans_door_14_"},{"time":4.8666,"name":"trans_door_16_"},{"time":4.9333,"name":"trans_door_18_"},{"time":5,"name":"trans_door_20_"},{"time":5.0666,"name":"trans_door_22_"},{"time":5.1333,"name":"trans_door_24_"},{"time":5.2,"name":"trans_door_26_"},{"time":5.2666,"name":"trans_door_28_"},{"time":5.3333,"name":"trans_door_00_"},{"time":5.4,"name":"trans_door_02_"},{"time":5.4666,"name":"trans_door_04_"},{"time":5.5333,"name":"trans_door_06_"},{"time":5.6,"name":"trans_door_08_"},{"time":5.6666,"name":"trans_door_10_"},{"time":5.7333,"name":"trans_door_12_"},{"time":5.8,"name":"trans_door_14_"},{"time":5.8666,"name":"trans_door_16_"},{"time":5.9333,"name":"trans_door_18_"},{"time":6,"name":"trans_door_20_"},{"time":6.0666,"name":"trans_door_22_"},{"time":6.1333,"name":"trans_door_24_"},{"time":6.2,"name":"trans_door_26_"},{"time":6.2666,"name":"trans_door_28_"},{"time":6.3333,"name":"trans_door_00_"},{"time":6.4,"name":"trans_door_02_"},{"time":6.4666,"name":"trans_door_04_"},{"time":6.5333,"name":"trans_door_06_"},{"time":6.6,"name":"trans_door_08_"},{"time":6.6666,"name":"trans_door_10_"},{"time":6.7333,"name":"trans_door_12_"},{"time":6.8,"name":"trans_door_14_"},{"time":6.8666,"name":"trans_door_16_"},{"time":6.9333,"name":"trans_door_18_"},{"time":7,"name":"trans_door_20_"},{"time":7.0666,"name":"trans_door_22_"},{"time":7.1333,"name":"trans_door_24_"},{"time":7.2,"name":"trans_door_26_"},{"time":7.2666,"name":"trans_door_28_"},{"time":7.3333,"name":null}]}},"bones":{"maichong1":{"rotate":[{"time":0,"angle":37.1,"curve":"stepped"},{"time":1,"angle":37.1,"curve":"stepped"},{"time":10.0666,"angle":37.1}],"translate":[{"time":0,"x":-52.91,"y":205.69,"curve":"stepped"},{"time":1,"x":-52.91,"y":205.69,"curve":"stepped"},{"time":10.0666,"x":-52.91,"y":205.69}]},"maichong2":{"rotate":[{"time":0,"angle":-31.99,"curve":"stepped"},{"time":1,"angle":-31.99,"curve":"stepped"},{"time":10.0666,"angle":-31.99}],"translate":[{"time":0,"x":-46.93,"y":255.24,"curve":"stepped"},{"time":1,"x":-46.93,"y":255.24,"curve":"stepped"},{"time":10.0666,"x":-46.93,"y":255.24}],"scale":[{"time":0,"x":0.807,"y":0.807,"curve":"stepped"},{"time":1,"x":0.807,"y":0.807,"curve":"stepped"},{"time":10.0666,"x":0.807,"y":0.807}]},"maichong3":{"rotate":[{"time":0,"angle":-169.38,"curve":"stepped"},{"time":1,"angle":-169.38,"curve":"stepped"},{"time":10.0666,"angle":-169.38}],"translate":[{"time":0,"x":43.57,"y":247.76,"curve":"stepped"},{"time":1,"x":43.57,"y":247.76,"curve":"stepped"},{"time":10.0666,"x":43.57,"y":247.76}],"scale":[{"time":0,"x":0.703,"y":0.703,"curve":"stepped"},{"time":1,"x":0.703,"y":0.703,"curve":"stepped"},{"time":10.0666,"x":0.703,"y":0.703}]},"maichong4":{"rotate":[{"time":0,"angle":131.91,"curve":"stepped"},{"time":1,"angle":131.91,"curve":"stepped"},{"time":10.0666,"angle":131.91}],"translate":[{"time":0,"x":38.26,"y":194.95,"curve":"stepped"},{"time":1,"x":38.26,"y":194.95,"curve":"stepped"},{"time":10.0666,"x":38.26,"y":194.95}],"scale":[{"time":0,"x":1,"y":1,"curve":"stepped"},{"time":1,"x":1,"y":1,"curve":"stepped"},{"time":10.0666,"x":1,"y":1}]},"dianliu_sword":{"translate":[{"time":0,"x":-0.84,"y":193.57,"curve":"stepped"},{"time":1,"x":-0.84,"y":193.57,"curve":"stepped"},{"time":10.0666,"x":-0.84,"y":193.57}]},"sword_":{"translate":[{"time":0,"x":0,"y":0,"curve":"stepped"},{"time":1.6666,"x":0,"y":0,"curve":[0.25,0,0.988,0.73]},{"time":2,"x":0,"y":177.44,"curve":[0.25,0,0.75,1]},{"time":2.3333,"x":0,"y":156.23,"curve":[0.25,0,0.75,1]},{"time":3.3333,"x":0,"y":177.44,"curve":[0.25,0,0.75,1]},{"time":4.3333,"x":0,"y":156.23,"curve":[0.25,0,0.75,1]},{"time":5,"x":0,"y":177.44,"curve":"stepped"},{"time":7,"x":0,"y":177.44,"curve":[0.25,0,0.75,1]},{"time":7.5666,"x":0,"y":156.23,"curve":[0.25,0,0.75,1]},{"time":8.5666,"x":0,"y":177.44,"curve":[0.25,0,0.75,1]},{"time":8.8666,"x":0,"y":0}]},"sword_2":{"translate":[{"time":0,"x":0,"y":156.23,"curve":[0.25,0,0.75,1]},{"time":1.2,"x":0,"y":0,"curve":"stepped"},{"time":1.6666,"x":0,"y":0,"curve":[0.25,0,0.988,0.73]},{"time":2,"x":0,"y":177.44,"curve":[0.25,0,0.75,1]},{"time":2.3333,"x":0,"y":156.23,"curve":[0.25,0,0.75,1]},{"time":3.3333,"x":0,"y":177.44,"curve":[0.25,0,0.75,1]},{"time":4.3333,"x":0,"y":156.23,"curve":[0.25,0,0.75,1]},{"time":5,"x":0,"y":177.44,"curve":"stepped"},{"time":7,"x":0,"y":177.44,"curve":[0.25,0,0.75,1]},{"time":7.5666,"x":0,"y":156.23}],"scale":[{"time":1.6666,"x":1,"y":1,"curve":"stepped"},{"time":4.3333,"x":1,"y":1,"curve":[0.001,0.19,0.75,1]},{"time":5,"x":1.6,"y":1.4,"curve":"stepped"},{"time":7,"x":1.6,"y":1.4,"curve":[0.25,0,1,0.8]},{"time":7.5666,"x":1,"y":1}]},"ray_glow":{"translate":[{"time":4.3333,"x":0,"y":310.19,"curve":"stepped"},{"time":7.1666,"x":0,"y":310.19}],"scale":[{"time":4.3333,"x":1.311,"y":1.311,"curve":[0.25,0,0.91,0.88]},{"time":4.9,"x":0,"y":0,"curve":"stepped"},{"time":7.1333,"x":0,"y":0},{"time":7.1666,"x":1.311,"y":1.311,"curve":[0.25,0,0.91,0.88]},{"time":7.6,"x":0,"y":0}]},"ray_line":{"translate":[{"time":4.3333,"x":0,"y":310.19,"curve":"stepped"},{"time":7.1666,"x":0,"y":310.19}],"scale":[{"time":4.3333,"x":1.511,"y":2.5,"curve":[0.25,0,0.889,0.86]},{"time":5,"x":0,"y":1.8},{"time":7.1333,"x":0,"y":2.16},{"time":7.1666,"x":1.511,"y":2.5,"curve":[0.25,0,0.889,0.86]},{"time":7.6666,"x":0,"y":1.5}]},"trans_door":{"translate":[{"time":4.3333,"x":0,"y":307.1}],"scale":[{"time":4.3333,"x":0,"y":1,"curve":[0,0.19,0.75,1]},{"time":4.4666,"x":0.9,"y":1,"curve":"stepped"},{"time":7.2,"x":0.9,"y":1,"curve":[0.25,0,0.998,0.8]},{"time":7.3333,"x":0,"y":1}]},"baoyanjian":{"translate":[{"time":8.7,"x":-1.53,"y":153.09}],"scale":[{"time":8.7,"x":1.168,"y":1}]},"penshe_lizi":{"translate":[{"time":1.7333,"x":-3.06,"y":300.07}]},"suikuai":{"translate":[{"time":1.7666,"x":-1.72,"y":180.54}]},"penshe_lizi2":{"translate":[{"time":1.7333,"x":-3.06,"y":300.07}]},"kuosanhuan":{"translate":[{"time":4.4666,"x":0,"y":298.54}],"scale":[{"time":4.4666,"x":1.611,"y":2.228,"curve":"stepped"},{"time":7.2,"x":1.611,"y":2.228},{"time":7.4,"x":0,"y":2.228}]},"kuosanhuan2":{"translate":[{"time":4.4666,"x":0,"y":298.54}],"scale":[{"time":4.4666,"x":1.049,"y":1.451}]},"pifeng01":{"translate":[{"time":0,"x":-14.54,"y":-17.83}]},"pifeng02":{"translate":[{"time":0,"x":35.62,"y":-16.1}]},"pifeng03":{"translate":[{"time":0,"x":-36.44,"y":-6.2}],"scale":[{"time":0,"x":-1,"y":1}]},"pifeng04":{"translate":[{"time":0,"x":17.05,"y":-17.71}],"scale":[{"time":0,"x":-1,"y":1}]},"body04":{"translate":[{"time":0,"x":0,"y":0,"curve":[0.25,0,0.75,1]},{"time":1.4,"x":2.54,"y":-3.93,"curve":[0.25,0,0.75,1]},{"time":2.7666,"x":0,"y":0,"curve":[0.248,0,0.738,0.95]},{"time":4.1666,"x":-0.83,"y":5.13,"curve":[0.341,0.66,0.675,1]},{"time":5.5333,"x":0,"y":0,"curve":[0.25,0,0.75,1]},{"time":6.9333,"x":2.54,"y":-3.93,"curve":[0.25,0,0.75,1]},{"time":8.2666,"x":0,"y":0,"curve":[0.25,0,0.75,1]},{"time":9.6666,"x":-0.84,"y":7.97,"curve":[0.25,0,0.75,1]},{"time":11,"x":0,"y":0}]},"body03_":{"translate":[{"time":0,"x":-5.08,"y":-1.39,"curve":[0.25,0,0.75,1]},{"time":1.3666,"x":0,"y":0,"curve":[0.25,0,0.75,1]},{"time":2.7666,"x":5.08,"y":5.43,"curve":[0.25,0,0.75,1]},{"time":4.1333,"x":0,"y":0,"curve":[0.25,0,0.75,1]},{"time":5.5333,"x":-5.08,"y":-1.39,"curve":[0.25,0,0.75,1]},{"time":6.8666,"x":0,"y":0,"curve":[0.25,0,0.75,1]},{"time":8.2666,"x":5.08,"y":5.43,"curve":[0.248,0,0.738,0.94]},{"time":9.6333,"x":1.6,"y":1.67,"curve":[0.341,0.66,0.675,1]},{"time":11,"x":-5.08,"y":-1.39}]},"body02_":{"translate":[{"time":0,"x":0,"y":0,"curve":[0.25,0,0.75,1]},{"time":1.4,"x":2.54,"y":-3.09,"curve":[0.25,0,0.75,1]},{"time":2.7666,"x":0,"y":0,"curve":[0.25,0,0.75,1]},{"time":4.1666,"x":-1.69,"y":6.28,"curve":[0.25,0,0.75,1]},{"time":5.5333,"x":0,"y":0,"curve":[0.25,0,0.75,1]},{"time":6.9333,"x":2.54,"y":-3.09,"curve":[0.25,0,0.75,1]},{"time":8.2666,"x":0,"y":0,"curve":[0.25,0,0.75,1]},{"time":9.6666,"x":-1.69,"y":6.28,"curve":[0.25,0,0.75,1]},{"time":11,"x":0,"y":0}]},"body01_":{"translate":[{"time":0,"x":-2.54,"y":-5.63,"curve":[0.25,0,0.75,1]},{"time":1.3666,"x":0,"y":0,"curve":[0.25,0,0.75,1]},{"time":2.7666,"x":3.38,"y":5.43,"curve":[0.25,0,0.75,1]},{"time":4.1333,"x":0,"y":0,"curve":[0.25,0,0.75,1]},{"time":5.5333,"x":-2.54,"y":-5.63,"curve":[0.25,0,0.75,1]},{"time":6.8666,"x":0,"y":0,"curve":[0.25,0,0.75,1]},{"time":8.2666,"x":3.38,"y":5.43,"curve":[0.25,0,0.75,1]},{"time":9.6333,"x":0,"y":0,"curve":[0.25,0,0.75,1]},{"time":11,"x":-2.54,"y":-5.63}]},"sheguang":{"translate":[{"time":1.7,"x":-2.6,"y":395.72}]},"hanqi_":{"translate":[{"time":0,"x":-12.75,"y":1.41}],"scale":[{"time":0,"x":1.095,"y":1.095}]},"hanqi_2":{"translate":[{"time":0,"x":-19.17,"y":172.98}],"scale":[{"time":0,"x":0.96,"y":-0.958}]},"hanqi_3":{"rotate":[{"time":0,"angle":-86.07}],"translate":[{"time":0,"x":14.79,"y":134.8}],"scale":[{"time":0,"x":0.546,"y":0.692}]},"hanqi_4":{"translate":[{"time":0,"x":-2.69,"y":314.96}],"scale":[{"time":1.9333,"x":0.25,"y":1.21}]}}}}}