{
"skeleton": { "hash": "bb1YJbZKK1X/9kWLsFASDb6cGo8", "spine": "3.7.94", "width": 200, "height": 200, "images": "./images/", "audio": "" },
"bones": [
	{ "name": "root" },
	{ "name": "jj_", "parent": "root" },
	{ "name": "fire_jj_", "parent": "root" },
	{ "name": "jj_glow_", "parent": "root" }
],
"slots": [
	{ "name": "jj_", "bone": "jj_" },
	{ "name": "jj_glow_", "bone": "jj_glow_", "attachment": "jj_glow_", "blend": "additive" },
	{ "name": "fire_jj_", "bone": "fire_jj_" }
],
"skins": {
	"default": {
		"fire_jj_": {
			"fire_jj_00_": { "width": 200, "height": 200 },
			"fire_jj_02_": { "width": 200, "height": 200 },
			"fire_jj_04_": { "width": 200, "height": 200 },
			"fire_jj_06_": { "width": 200, "height": 200 },
			"fire_jj_08_": { "width": 200, "height": 200 },
			"fire_jj_10_": { "width": 200, "height": 200 },
			"fire_jj_12_": { "width": 200, "height": 200 },
			"fire_jj_14_": { "width": 200, "height": 200 },
			"fire_jj_16_": { "width": 200, "height": 200 },
			"fire_jj_18_": { "width": 200, "height": 200 },
			"fire_jj_20_": { "width": 200, "height": 200 },
			"fire_jj_22_": { "width": 200, "height": 200 },
			"fire_jj_24_": { "width": 200, "height": 200 },
			"fire_jj_26_": { "width": 200, "height": 200 },
			"fire_jj_28_": { "width": 200, "height": 200 }
		},
		"jj_": {
			"jj_": { "width": 200, "height": 200 }
		},
		"jj_glow_": {
			"jj_glow_": { "width": 200, "height": 200 }
		}
	}
},
"animations": {
	"animation": {
		"slots": {
			"fire_jj_": {
				"attachment": [
					{ "time": 0, "name": "fire_jj_00_" },
					{ "time": 0.1333, "name": "fire_jj_02_" },
					{ "time": 0.2667, "name": "fire_jj_04_" },
					{ "time": 0.4, "name": "fire_jj_06_" },
					{ "time": 0.5333, "name": "fire_jj_08_" },
					{ "time": 0.6667, "name": "fire_jj_10_" },
					{ "time": 0.8, "name": "fire_jj_12_" },
					{ "time": 0.9333, "name": "fire_jj_14_" },
					{ "time": 1.0667, "name": "fire_jj_16_" },
					{ "time": 1.2, "name": "fire_jj_18_" },
					{ "time": 1.3333, "name": "fire_jj_20_" },
					{ "time": 1.4667, "name": "fire_jj_22_" },
					{ "time": 1.6, "name": "fire_jj_24_" },
					{ "time": 1.7333, "name": "fire_jj_26_" },
					{ "time": 1.8667, "name": "fire_jj_28_" },
					{ "time": 2, "name": null }
				]
			},
			"jj_": {
				"attachment": [
					{ "time": 0, "name": "jj_" }
				]
			},
			"jj_glow_": {
				"color": [
					{
						"time": 0,
						"color": "ffffff00",
						"curve": [ 0.25, 0, 0.75, 1 ]
					},
					{
						"time": 1,
						"color": "ffffffff",
						"curve": [ 0.25, 0, 0.75, 1 ]
					},
					{ "time": 2, "color": "ffffff00" }
				]
			}
		}
	}
}
}