{
"skeleton": { "hash": "7OvHCVl4jYn5Dq9k7SJzH+gTlv8", "spine": "2.1.27", "width": 776, "height": 642 },
"bones": [
	{ "name": "root" }
],
"slots": [
	{ "name": "DFN_chengbao_nei_", "bone": "root", "attachment": "DFN_chengbao_nei_" },
	{ "name": "qiubite_", "bone": "root", "attachment": "qiubite_" }
],
"skins": {
	"default": {
		"DFN_chengbao_nei_": {
			"DFN_chengbao_nei_": { "x": 12.48, "y": 248.65, "width": 776, "height": 642 }
		},
		"qiubite_": {
			"qiubite_": {
				"type": "mesh",
				"uvs": [ 1, 1, 0, 1, 0, 0, 1, 0 ],
				"triangles": [ 1, 2, 3, 1, 3, 0 ],
				"vertices": [ -167.51, 446.65, -235.51, 446.65, -235.51, 523.65, -167.51, 523.65 ],
				"hull": 4
			}
		}
	}
},
"animations": {
	"dj": {
		"bones": {
			"root": {
				"rotate": [
					{ "time": 0, "angle": 0, "curve": "stepped" },
					{ "time": 1.3333, "angle": 0 }
				],
				"translate": [
					{ "time": 0, "x": 0, "y": 0, "curve": "stepped" },
					{ "time": 1.3333, "x": 0, "y": 0 }
				],
				"scale": [
					{ "time": 0, "x": 1, "y": 1, "curve": "stepped" },
					{ "time": 1.3333, "x": 1, "y": 1 }
				]
			}
		},
		"ffd": {
			"default": {
				"qiubite_": {
					"qiubite_": [
						{
							"time": 0,
							"curve": [ 0.25, 0, 0.75, 1 ]
						},
						{
							"time": 0.6666,
							"offset": 1,
							"vertices": [ -12.90997, 0, -12.90997, 0, -12.90997, 0, -12.90997 ],
							"curve": [ 0.25, 0, 0.75, 1 ]
						},
						{ "time": 1.3333 }
					]
				}
			}
		}
	}
}
}