{"skeleton":{"hash":"Qg9mtHVirOT6qz5kckd2ZMVKVfU","spine":"3.7.94","width":503,"height":243,"images":"","audio":"E:/圣诞城堡皮肤/圣诞城堡皮肤spine鹿车/images"},"bones":[{"name":"root"}],"slots":[{"name":"a","bone":"root","attachment":"a00_"},{"name":"b","bone":"root","attachment":"b00_"},{"name":"c","bone":"root","attachment":"c00_"},{"name":"d","bone":"root","attachment":"d00_"}],"skins":{"default":{"a":{"a00_":{"x":-96.99,"y":198.12,"width":216,"height":37},"a01_":{"x":-94.49,"y":201.62,"width":211,"height":44},"a02_":{"x":-68.99,"y":195.62,"width":160,"height":32},"a03_":{"x":-37.49,"y":194.12,"width":97,"height":29},"a04_":{"x":-18.99,"y":194.12,"width":60,"height":29},"a05_":{"x":7.01,"y":206.12,"width":8,"height":13},"a06_":{"x":0.01,"y":274.62,"width":22,"height":140},"a07_":{"x":-18.99,"y":262.12,"width":60,"height":133},"a08_":{"x":-35.49,"y":264.62,"width":93,"height":152},"a09_":{"x":-56.49,"y":261.12,"width":135,"height":163},"a10_":{"x":-75.49,"y":258.12,"width":173,"height":157},"a11_":{"x":-89.99,"y":254.12,"width":202,"height":149},"a12_":{"x":-98.49,"y":246.62,"width":219,"height":134},"a13_":{"x":-101.99,"y":245.12,"width":226,"height":131},"a14_":{"x":-103.49,"y":245.12,"width":229,"height":131},"a15_":{"x":-105.49,"y":245.12,"width":233,"height":131},"a16_":{"x":-104.99,"y":243.12,"width":232,"height":127},"a17_":{"x":-102.49,"y":238.62,"width":227,"height":118},"a18_":{"x":-100.99,"y":236.62,"width":224,"height":114},"a19_":{"x":-101.49,"y":228.12,"width":225,"height":97},"a20_":{"x":-91.49,"y":227.12,"width":205,"height":95},"a21_":{"x":-101.99,"y":226.12,"width":190,"height":93},"a22_":{"x":-105.99,"y":212.62,"width":168,"height":66},"a23_":{"x":-99.99,"y":205.12,"width":128,"height":51},"a24_":{"x":-138.99,"y":187.62,"width":60,"height":16},"a25_":{"x":-171.49,"y":181.62,"width":25,"height":4},"a32_":{"x":8.51,"y":272.62,"width":5,"height":40},"a33_":{"x":-40.49,"y":290.12,"width":103,"height":129},"a34_":{"x":-58.49,"y":295.12,"width":139,"height":151},"a35_":{"x":-61.99,"y":300.12,"width":146,"height":155},"a36_":{"x":-85.99,"y":296.12,"width":194,"height":159},"a37_":{"x":-102.99,"y":300.12,"width":228,"height":167},"a38_":{"x":-111.99,"y":291.62,"width":246,"height":176},"a39_":{"x":-123.49,"y":286.62,"width":269,"height":206},"a40_":{"x":-141.99,"y":284.12,"width":306,"height":209},"a41_":{"x":-133.49,"y":289.62,"width":289,"height":220},"a42_":{"x":-137.49,"y":289.62,"width":297,"height":220},"a43_":{"x":-143.49,"y":281.12,"width":309,"height":203},"a44_":{"x":-134.99,"y":273.12,"width":292,"height":187},"a45_":{"x":-137.99,"y":266.62,"width":298,"height":174},"a46_":{"x":-138.99,"y":265.12,"width":300,"height":171},"a47_":{"x":-133.49,"y":270.12,"width":289,"height":181},"a48_":{"x":-129.49,"y":261.12,"width":281,"height":163},"a49_":{"x":-126.49,"y":256.12,"width":275,"height":153},"a50_":{"x":-117.99,"y":253.62,"width":258,"height":148},"a51_":{"x":-116.49,"y":256.62,"width":255,"height":154},"a52_":{"x":-108.99,"y":261.12,"width":240,"height":163},"a53_":{"x":-107.49,"y":261.62,"width":237,"height":164},"a54_":{"x":-107.49,"y":249.12,"width":237,"height":139},"a55_":{"x":-105.99,"y":224.62,"width":234,"height":90},"a56_":{"x":-102.99,"y":222.62,"width":228,"height":86}},"b":{"b00_":{"x":154.51,"y":279.62,"width":287,"height":200},"b01_":{"x":157.01,"y":277.62,"width":292,"height":196},"b02_":{"x":157.51,"y":278.12,"width":293,"height":197},"b03_":{"x":153.01,"y":277.62,"width":284,"height":196},"b04_":{"x":151.01,"y":277.12,"width":280,"height":195},"b05_":{"x":152.01,"y":274.12,"width":282,"height":187},"b06_":{"x":153.51,"y":270.12,"width":285,"height":171},"b07_":{"x":141.01,"y":277.62,"width":260,"height":178},"b08_":{"x":137.51,"y":270.12,"width":253,"height":155},"b09_":{"x":138.51,"y":270.62,"width":255,"height":152},"b10_":{"x":132.51,"y":277.12,"width":243,"height":147},"b11_":{"x":136.01,"y":263.62,"width":250,"height":124},"b12_":{"x":126.01,"y":271.12,"width":230,"height":113},"b13_":{"x":112.01,"y":266.12,"width":202,"height":117},"b14_":{"x":105.01,"y":276.62,"width":188,"height":94},"b15_":{"x":94.51,"y":278.62,"width":167,"height":86},"b16_":{"x":69.01,"y":273.62,"width":116,"height":78},"b17_":{"x":63.01,"y":271.12,"width":104,"height":75},"b18_":{"x":53.01,"y":265.62,"width":84,"height":62},"b19_":{"x":41.01,"y":257.12,"width":60,"height":49},"b20_":{"x":26.01,"y":260.12,"width":30,"height":31},"b24_":{"x":154.51,"y":187.62,"width":107,"height":16},"b25_":{"x":182.01,"y":208.12,"width":114,"height":57},"b26_":{"x":156.51,"y":212.12,"width":229,"height":65},"b27_":{"x":161.01,"y":223.62,"width":234,"height":88},"b28_":{"x":163.01,"y":232.62,"width":210,"height":106},"b29_":{"x":181.51,"y":245.12,"width":201,"height":131},"b30_":{"x":182.01,"y":254.12,"width":210,"height":149},"b31_":{"x":166.01,"y":260.62,"width":254,"height":162},"b32_":{"x":152.01,"y":269.12,"width":282,"height":179},"b33_":{"x":151.51,"y":272.12,"width":281,"height":185},"b34_":{"x":139.51,"y":259.62,"width":257,"height":160},"b35_":{"x":137.51,"y":264.12,"width":253,"height":169},"b36_":{"x":138.51,"y":277.12,"width":255,"height":195},"b37_":{"x":136.01,"y":273.12,"width":250,"height":187},"b38_":{"x":131.51,"y":277.62,"width":241,"height":196},"b39_":{"x":132.01,"y":278.62,"width":242,"height":198},"b40_":{"x":138.51,"y":263.62,"width":255,"height":168},"b41_":{"x":135.01,"y":263.62,"width":248,"height":168},"b42_":{"x":137.01,"y":262.62,"width":252,"height":166},"b43_":{"x":117.51,"y":273.12,"width":213,"height":139},"b44_":{"x":107.51,"y":268.12,"width":193,"height":129},"b45_":{"x":92.51,"y":272.12,"width":163,"height":65},"b46_":{"x":65.01,"y":277.62,"width":108,"height":54},"b47_":{"x":48.51,"y":281.12,"width":75,"height":41},"b48_":{"x":43.51,"y":233.62,"width":65,"height":108},"b49_":{"x":63.51,"y":238.12,"width":105,"height":117},"b50_":{"x":91.01,"y":240.62,"width":160,"height":122},"b51_":{"x":105.01,"y":256.12,"width":188,"height":153},"b52_":{"x":127.01,"y":266.12,"width":232,"height":173},"b53_":{"x":141.01,"y":262.62,"width":260,"height":166},"b54_":{"x":148.51,"y":263.12,"width":275,"height":167},"b55_":{"x":149.51,"y":267.12,"width":277,"height":175},"b56_":{"x":149.01,"y":270.12,"width":276,"height":181}},"c":{"c00_":{"x":-92.99,"y":159.12,"width":208,"height":45},"c01_":{"x":-94.49,"y":160.62,"width":211,"height":42},"c02_":{"x":-77.99,"y":161.12,"width":178,"height":41},"c03_":{"x":-29.49,"y":164.62,"width":81,"height":34},"c04_":{"x":-22.49,"y":167.62,"width":67,"height":28},"c09_":{"x":-69.49,"y":171.62,"width":77,"height":20},"c10_":{"x":-109.99,"y":149.12,"width":96,"height":65},"c11_":{"x":-111.99,"y":145.62,"width":158,"height":72},"c12_":{"x":-132.99,"y":132.12,"width":180,"height":99},"c13_":{"x":-170.49,"y":109.12,"width":213,"height":145},"c14_":{"x":-162.99,"y":101.12,"width":170,"height":161},"c15_":{"x":-161.49,"y":94.62,"width":171,"height":174},"c16_":{"x":-180.49,"y":85.12,"width":207,"height":193},"c17_":{"x":-159.99,"y":78.12,"width":194,"height":207},"c18_":{"x":-151.99,"y":74.12,"width":258,"height":215},"c19_":{"x":-130.99,"y":72.62,"width":284,"height":218},"c20_":{"x":-122.99,"y":70.12,"width":268,"height":223},"c21_":{"x":-117.99,"y":69.12,"width":258,"height":225},"c22_":{"x":-115.99,"y":69.62,"width":254,"height":224},"c23_":{"x":-115.49,"y":67.12,"width":253,"height":229},"c24_":{"x":-108.49,"y":69.12,"width":239,"height":225},"c25_":{"x":-106.99,"y":71.62,"width":236,"height":218},"c26_":{"x":-108.49,"y":64.12,"width":239,"height":197},"c27_":{"x":-106.99,"y":31.12,"width":236,"height":121},"c28_":{"x":-99.49,"y":34.62,"width":221,"height":118},"c29_":{"x":-89.99,"y":25.12,"width":202,"height":85},"c30_":{"x":-82.99,"y":18.62,"width":188,"height":72},"c31_":{"x":-69.99,"y":18.62,"width":162,"height":74},"c32_":{"x":-49.49,"y":22.12,"width":121,"height":77},"c33_":{"x":-35.99,"y":12.62,"width":94,"height":56},"c34_":{"x":-13.49,"y":24.62,"width":49,"height":26},"c40_":{"x":-215.49,"y":178.12,"width":35,"height":7},"c41_":{"x":-213.49,"y":168.12,"width":89,"height":27},"c42_":{"x":-216.49,"y":161.12,"width":117,"height":41},"c43_":{"x":-214.49,"y":152.62,"width":133,"height":58},"c44_":{"x":-189.49,"y":148.12,"width":137,"height":67},"c45_":{"x":-188.49,"y":149.62,"width":167,"height":64},"c46_":{"x":-173.99,"y":151.12,"width":212,"height":61},"c47_":{"x":-134.49,"y":152.12,"width":233,"height":59},"c48_":{"x":-120.49,"y":154.62,"width":263,"height":54},"c49_":{"x":-115.99,"y":154.12,"width":254,"height":55},"c50_":{"x":-112.99,"y":156.12,"width":248,"height":51},"c51_":{"x":-111.99,"y":153.12,"width":246,"height":57},"c52_":{"x":-107.49,"y":151.12,"width":237,"height":61},"c53_":{"x":-107.49,"y":158.62,"width":237,"height":46},"c54_":{"x":-106.49,"y":159.62,"width":235,"height":44},"c55_":{"x":-104.99,"y":160.12,"width":232,"height":43},"c56_":{"x":-100.49,"y":158.12,"width":223,"height":47}},"d":{"d00_":{"x":106.51,"y":162.12,"width":191,"height":39},"d01_":{"x":110.51,"y":163.12,"width":199,"height":37},"d02_":{"x":108.01,"y":165.62,"width":194,"height":32},"d03_":{"x":103.51,"y":168.12,"width":185,"height":27},"d04_":{"x":104.51,"y":174.12,"width":187,"height":15},"d19_":{"x":19.51,"y":28.62,"width":17,"height":2},"d20_":{"x":26.01,"y":33.12,"width":30,"height":101},"d21_":{"x":57.01,"y":55.12,"width":92,"height":147},"d22_":{"x":70.01,"y":65.12,"width":118,"height":155},"d23_":{"x":112.51,"y":67.62,"width":203,"height":186},"d24_":{"x":121.01,"y":74.62,"width":220,"height":214},"d25_":{"x":133.01,"y":75.62,"width":244,"height":212},"d26_":{"x":137.51,"y":77.62,"width":253,"height":208},"d27_":{"x":152.01,"y":80.12,"width":282,"height":203},"d28_":{"x":139.51,"y":78.62,"width":257,"height":206},"d29_":{"x":152.01,"y":82.62,"width":282,"height":198},"d30_":{"x":145.01,"y":87.12,"width":268,"height":189},"d31_":{"x":146.51,"y":86.12,"width":271,"height":191},"d32_":{"x":143.51,"y":87.12,"width":265,"height":189},"d33_":{"x":141.01,"y":93.62,"width":260,"height":176},"d34_":{"x":138.01,"y":94.62,"width":254,"height":174},"d35_":{"x":146.51,"y":104.12,"width":233,"height":155},"d36_":{"x":168.01,"y":105.62,"width":188,"height":152},"d37_":{"x":187.51,"y":113.12,"width":139,"height":137},"d38_":{"x":213.01,"y":126.62,"width":100,"height":110},"d39_":{"x":212.51,"y":142.12,"width":103,"height":79},"d40_":{"x":212.01,"y":157.12,"width":102,"height":49},"d41_":{"x":211.01,"y":167.12,"width":80,"height":29},"d42_":{"x":227.51,"y":171.62,"width":49,"height":20},"d48_":{"x":28.01,"y":160.62,"width":34,"height":42},"d49_":{"x":49.51,"y":163.12,"width":77,"height":37},"d50_":{"x":75.51,"y":161.12,"width":129,"height":41},"d51_":{"x":91.01,"y":156.62,"width":160,"height":50},"d52_":{"x":96.01,"y":155.12,"width":170,"height":53},"d53_":{"x":98.51,"y":158.62,"width":175,"height":46},"d54_":{"x":104.51,"y":158.12,"width":187,"height":47},"d55_":{"x":112.01,"y":160.62,"width":202,"height":42},"d56_":{"x":116.01,"y":162.12,"width":210,"height":39}}}},"animations":{"animation":{"slots":{"a":{"attachment":[{"time":0.1,"name":"a01_"},{"time":0.1667,"name":"a02_"},{"time":0.2667,"name":"a03_"},{"time":0.3667,"name":"a04_"},{"time":0.4333,"name":"a05_"},{"time":0.5333,"name":"a06_"},{"time":0.6667,"name":"a07_"},{"time":0.7,"name":"a08_"},{"time":0.8,"name":"a09_"},{"time":0.8667,"name":"a10_"},{"time":0.9667,"name":"a11_"},{"time":1.1,"name":"a12_"},{"time":1.1333,"name":"a13_"},{"time":1.2667,"name":"a14_"},{"time":1.3667,"name":"a15_"},{"time":1.4,"name":"a16_"},{"time":1.5333,"name":"a17_"},{"time":1.6333,"name":"a18_"},{"time":1.7,"name":"a19_"},{"time":1.8,"name":"a20_"},{"time":1.9,"name":"a21_"},{"time":1.9667,"name":"a22_"},{"time":2.0667,"name":"a23_"},{"time":2.1667,"name":"a24_"},{"time":2.2333,"name":"a25_"},{"time":2.8667,"name":"a32_"},{"time":2.9333,"name":"a33_"},{"time":3.0333,"name":"a34_"},{"time":3.1667,"name":"a35_"},{"time":3.2,"name":"a36_"},{"time":3.3,"name":"a37_"},{"time":3.4333,"name":"a38_"},{"time":3.4667,"name":"a39_"},{"time":3.6,"name":"a40_"},{"time":3.7,"name":"a41_"},{"time":3.7667,"name":"a42_"},{"time":3.8667,"name":"a43_"},{"time":3.9667,"name":"a44_"},{"time":4.0333,"name":"a45_"},{"time":4.1333,"name":"a46_"},{"time":4.2333,"name":"a47_"},{"time":4.3,"name":"a48_"},{"time":4.4,"name":"a49_"},{"time":4.4667,"name":"a50_"},{"time":4.5667,"name":"a51_"},{"time":4.6667,"name":"a52_"},{"time":4.7333,"name":"a53_"},{"time":4.8333,"name":"a54_"},{"time":4.9333,"name":"a55_"},{"time":5,"name":"a56_"}]},"b":{"attachment":[{"time":0.1,"name":"b01_"},{"time":0.1667,"name":"b02_"},{"time":0.2667,"name":"b03_"},{"time":0.3667,"name":"b04_"},{"time":0.4333,"name":"b05_"},{"time":0.5333,"name":"b06_"},{"time":0.6667,"name":"b07_"},{"time":0.7,"name":"b08_"},{"time":0.8,"name":"b09_"},{"time":0.8667,"name":"b10_"},{"time":0.9667,"name":"b11_"},{"time":1.1,"name":"b12_"},{"time":1.1333,"name":"b13_"},{"time":1.2667,"name":"b14_"},{"time":1.3667,"name":"b15_"},{"time":1.4,"name":"b16_"},{"time":1.5333,"name":"b17_"},{"time":1.6333,"name":"b18_"},{"time":1.7,"name":"b19_"},{"time":1.8,"name":"b20_"},{"time":2.1667,"name":"b24_"},{"time":2.2333,"name":"b25_"},{"time":2.3333,"name":"b26_"},{"time":2.4333,"name":"b27_"},{"time":2.5,"name":"b28_"},{"time":2.6,"name":"b29_"},{"time":2.6667,"name":"b30_"},{"time":2.7667,"name":"b31_"},{"time":2.8667,"name":"b32_"},{"time":2.9333,"name":"b33_"},{"time":3.0333,"name":"b34_"},{"time":3.1667,"name":"b35_"},{"time":3.2,"name":"b36_"},{"time":3.3,"name":"b37_"},{"time":3.4333,"name":"b38_"},{"time":3.4667,"name":"b39_"},{"time":3.6,"name":"b40_"},{"time":3.7,"name":"b41_"},{"time":3.7667,"name":"b42_"},{"time":3.8667,"name":"b43_"},{"time":3.9667,"name":"b44_"},{"time":4.0333,"name":"b45_"},{"time":4.1333,"name":"b46_"},{"time":4.2333,"name":"b47_"},{"time":4.3,"name":"b48_"},{"time":4.4,"name":"b49_"},{"time":4.4667,"name":"b50_"},{"time":4.5667,"name":"b51_"},{"time":4.6667,"name":"b52_"},{"time":4.7333,"name":"b53_"},{"time":4.8333,"name":"b54_"},{"time":4.9333,"name":"b55_"},{"time":5,"name":"b56_"}]},"c":{"attachment":[{"time":0.1,"name":"c01_"},{"time":0.1667,"name":"c02_"},{"time":0.2667,"name":"c03_"},{"time":0.3667,"name":"c04_"},{"time":0.8,"name":"c09_"},{"time":0.8667,"name":"c10_"},{"time":0.9667,"name":"c11_"},{"time":1.1,"name":"c12_"},{"time":1.1333,"name":"c13_"},{"time":1.2667,"name":"c14_"},{"time":1.3667,"name":"c15_"},{"time":1.4,"name":"c16_"},{"time":1.5333,"name":"c17_"},{"time":1.6333,"name":"c18_"},{"time":1.7,"name":"c19_"},{"time":1.8,"name":"c20_"},{"time":1.9,"name":"c21_"},{"time":1.9667,"name":"c22_"},{"time":2.0667,"name":"c23_"},{"time":2.1667,"name":"c24_"},{"time":2.2333,"name":"c25_"},{"time":2.3333,"name":"c26_"},{"time":2.4333,"name":"c27_"},{"time":2.5,"name":"c28_"},{"time":2.6,"name":"c29_"},{"time":2.6667,"name":"c30_"},{"time":2.7667,"name":"c31_"},{"time":2.8667,"name":"c32_"},{"time":2.9333,"name":"c33_"},{"time":3.0333,"name":"c34_"},{"time":3.6,"name":"c40_"},{"time":3.7,"name":"c41_"},{"time":3.7667,"name":"c42_"},{"time":3.8667,"name":"c43_"},{"time":3.9667,"name":"c44_"},{"time":4.0333,"name":"c45_"},{"time":4.1333,"name":"c46_"},{"time":4.2333,"name":"c47_"},{"time":4.3,"name":"c48_"},{"time":4.4,"name":"c49_"},{"time":4.4667,"name":"c50_"},{"time":4.5667,"name":"c51_"},{"time":4.6667,"name":"c52_"},{"time":4.7333,"name":"c53_"},{"time":4.8333,"name":"c54_"},{"time":4.9333,"name":"c55_"},{"time":5,"name":"c56_"}]},"d":{"attachment":[{"time":0.1,"name":"d01_"},{"time":0.1667,"name":"d02_"},{"time":0.2667,"name":"d03_"},{"time":0.3667,"name":"d04_"},{"time":1.7,"name":"d19_"},{"time":1.8,"name":"d20_"},{"time":1.9,"name":"d21_"},{"time":1.9667,"name":"d22_"},{"time":2.0667,"name":"d23_"},{"time":2.1667,"name":"d24_"},{"time":2.2333,"name":"d25_"},{"time":2.3333,"name":"d26_"},{"time":2.4333,"name":"d27_"},{"time":2.5,"name":"d28_"},{"time":2.6,"name":"d29_"},{"time":2.6667,"name":"d30_"},{"time":2.7667,"name":"d31_"},{"time":2.8667,"name":"d32_"},{"time":2.9333,"name":"d33_"},{"time":3.0333,"name":"d34_"},{"time":3.1667,"name":"d35_"},{"time":3.2,"name":"d36_"},{"time":3.3,"name":"d37_"},{"time":3.4333,"name":"d38_"},{"time":3.4667,"name":"d39_"},{"time":3.6,"name":"d40_"},{"time":3.7,"name":"d41_"},{"time":3.7667,"name":"d42_"},{"time":4.3,"name":"d48_"},{"time":4.4,"name":"d49_"},{"time":4.4667,"name":"d50_"},{"time":4.5667,"name":"d51_"},{"time":4.6667,"name":"d52_"},{"time":4.7333,"name":"d53_"},{"time":4.8333,"name":"d54_"},{"time":4.9333,"name":"d55_"},{"time":5,"name":"d56_"}]}}}}}