{"skeleton":{"hash":"Cp90WMh22FNhDXulvYj4xeIiFpY","spine":"2.1.27","width":0,"height":0,"images":"./images/"},"bones":[{"name":"root"},{"name":"box_blue_glow_","parent":"root"},{"name":"box_blue_zhu_","parent":"root","y":10},{"name":"box_green_glow_","parent":"root","x":-5.99,"y":1},{"name":"box_green_zhu_","parent":"root","x":-2.99,"y":-12},{"name":"box_orange_glow_","parent":"root"},{"name":"box_orange_zhu_","parent":"root"},{"name":"box_purple_glow_","parent":"root"},{"name":"box_purple_zhu_","parent":"root"},{"name":"box_white_glow_","parent":"root","x":-3.68,"y":-2.63},{"name":"box_white_zhu_","parent":"root"},{"name":"box_yellow_glow_","parent":"root"},{"name":"box_yellow_zhu_","parent":"root"}],"slots":[{"name":"box_blue_glow_","bone":"box_blue_glow_","blend":"additive"},{"name":"box_blue_zhu_","bone":"box_blue_zhu_","blend":"screen"},{"name":"box_green_glow_","bone":"box_green_glow_","blend":"additive"},{"name":"box_green_zhu_","bone":"box_green_zhu_","blend":"additive"},{"name":"box_orange_glow_","bone":"box_orange_glow_","blend":"additive"},{"name":"box_orange_zhu_","bone":"box_orange_zhu_","blend":"additive"},{"name":"box_yellow_glow_","bone":"box_yellow_glow_","blend":"additive"},{"name":"box_yellow_zhu_","bone":"box_yellow_zhu_","blend":"additive"},{"name":"box_white_glow_","bone":"box_white_glow_","blend":"additive"},{"name":"box_white_zhu_","bone":"box_white_zhu_","blend":"screen"},{"name":"box_purple_glow_","bone":"box_purple_glow_","blend":"additive"},{"name":"box_purple_zhu_","bone":"box_purple_zhu_","blend":"additive"}],"skins":{"default":{"box_blue_glow_":{"box_blue_glow_":{"width":292,"height":240}},"box_blue_zhu_":{"box_blue_zhu_":{"x":-0.99,"y":-6,"width":132,"height":133}},"box_green_glow_":{"box_green_glow_":{"width":288,"height":241}},"box_green_zhu_":{"box_green_zhu_":{"width":118,"height":121}},"box_orange_glow_":{"box_orange_glow_":{"x":-0.85,"y":9.67,"width":235,"height":226}},"box_orange_zhu_":{"box_orange_zhu_":{"x":-4.43,"y":-2.53,"width":122,"height":122}},"box_purple_glow_":{"box_purple_glow_":{"x":-1.91,"y":24.86,"width":266,"height":238}},"box_purple_zhu_":{"box_purple_zhu_":{"x":-3.14,"y":7.48,"width":124,"height":124}},"box_white_glow_":{"box_white_glow_":{"width":250,"height":209}},"box_white_zhu_":{"box_white_zhu_":{"x":-4.76,"y":-10.49,"width":135,"height":137}},"box_yellow_glow_":{"box_yellow_glow_":{"x":-2.32,"y":15.49,"width":249,"height":233}},"box_yellow_zhu_":{"box_yellow_zhu_":{"x":-4.85,"y":13.35,"width":119,"height":126}}}},"animations":{"box_blue_glow":{"slots":{"box_blue_glow_":{"attachment":[{"time":0,"name":"box_blue_glow_"}],"color":[{"time":0,"color":"ffffff32","curve":[0.25,0,0.75,1]},{"time":1,"color":"ffffffff","curve":[0.25,0,0.75,1]},{"time":2,"color":"ffffff32"}]},"box_blue_zhu_":{"attachment":[{"time":0,"name":"box_blue_zhu_"}],"color":[{"time":0,"color":"ffffffff","curve":[0.25,0,0.75,1]},{"time":1,"color":"ffffff64","curve":[0.25,0,0.75,1]},{"time":2,"color":"ffffffff"}]}}},"box_green_glow":{"slots":{"box_green_glow_":{"attachment":[{"time":0,"name":"box_green_glow_"}],"color":[{"time":0,"color":"4eff2d32","curve":[0.25,0,0.75,1]},{"time":1,"color":"00ff00a1","curve":[0.25,0,0.75,1]},{"time":2,"color":"4eff2d32"}]},"box_green_zhu_":{"attachment":[{"time":0,"name":"box_green_zhu_"}],"color":[{"time":0,"color":"c2ffc7ff","curve":[0.25,0,0.75,1]},{"time":1,"color":"00ff0437","curve":[0.25,0,0.75,1]},{"time":2,"color":"ffffffff"}]}}},"box_orange_glow":{"slots":{"box_orange_glow_":{"attachment":[{"time":0,"name":"box_orange_glow_"}],"color":[{"time":0,"color":"ffac8932","curve":[0.25,0,0.75,1]},{"time":1,"color":"ffc6edff","curve":[0.25,0,0.75,1]},{"time":2,"color":"ffac8932"}]},"box_orange_zhu_":{"attachment":[{"time":0,"name":"box_orange_zhu_"}],"color":[{"time":0,"color":"ffffffff","curve":[0.25,0,0.75,1]},{"time":1,"color":"ff433732","curve":[0.25,0,0.75,1]},{"time":2,"color":"ffffffff"}]}},"bones":{"box_orange_zhu_":{"translate":[{"time":0,"x":1.79,"y":2.09}]}}},"box_purple_glow":{"slots":{"box_blue_zhu_":{"color":[{"time":0,"color":"ffffffff","curve":[0.25,0,0.75,1]},{"time":1,"color":"ffffff64","curve":[0.25,0,0.75,1]},{"time":2,"color":"ffffffff"}]},"box_purple_glow_":{"attachment":[{"time":0,"name":"box_purple_glow_"}],"color":[{"time":0,"color":"ffffff28","curve":[0.25,0,0.75,1]},{"time":1,"color":"b186ffff","curve":[0.25,0,0.75,1]},{"time":2,"color":"ffffff28"}]},"box_purple_zhu_":{"attachment":[{"time":0,"name":"box_purple_zhu_"}],"color":[{"time":0,"color":"c565ffff","curve":[0.25,0,0.75,1]},{"time":1,"color":"4947ff63","curve":[0.25,0,0.75,1]},{"time":2,"color":"c565ffff"}]}}},"box_white_glow":{"slots":{"box_blue_zhu_":{"color":[{"time":0,"color":"ffffffff","curve":[0.25,0,0.75,1]},{"time":1,"color":"ffffff64","curve":[0.25,0,0.75,1]},{"time":2,"color":"ffffffff"}]},"box_white_glow_":{"attachment":[{"time":0,"name":"box_white_glow_"}],"color":[{"time":0,"color":"ffffff32","curve":[0.25,0,0.75,1]},{"time":1,"color":"86baffff","curve":[0.25,0,0.75,1]},{"time":2,"color":"ffffff32"}]},"box_white_zhu_":{"attachment":[{"time":0,"name":"box_white_zhu_"}],"color":[{"time":0,"color":"ffffffff","curve":[0.25,0,0.75,1]},{"time":1,"color":"ffffff32","curve":[0.25,0,0.75,1]},{"time":2,"color":"ffffffff"}]}}},"box_yellow_glow":{"slots":{"box_yellow_glow_":{"attachment":[{"time":0,"name":"box_yellow_glow_"}],"color":[{"time":0,"color":"ffffff32","curve":[0.25,0,0.75,1]},{"time":1,"color":"e9ffd8ff","curve":[0.25,0,0.75,1]},{"time":2,"color":"ffffff32"}]},"box_yellow_zhu_":{"attachment":[{"time":0,"name":"box_yellow_zhu_"}],"color":[{"time":0,"color":"ffffffff","curve":[0.25,0,0.75,1]},{"time":1,"color":"ffffff3a","curve":[0.25,0,0.75,1]},{"time":2,"color":"ffffffff"}]}}}}}