{
"skeleton": { "hash": "lxZDst4obbX9Yfp3QHGUgMDtA1k", "spine": "3.7.94", "width": 0, "height": 0, "images": "./images/", "audio": "" },
"bones": [
	{ "name": "root" },
	{ "name": "baodian_", "parent": "root", "scaleX": 2.5, "scaleY": 2.5 },
	{ "name": "big_fire02", "parent": "root", "scaleX": 2.5, "scaleY": 2.5 },
	{ "name": "big_fire01", "parent": "root", "scaleX": 2.5, "scaleY": 2.5 },
	{ "name": "fuwen_", "parent": "root", "scaleX": 4, "scaleY": 4 },
	{ "name": "suipian", "parent": "root", "scaleX": 4, "scaleY": 4 },
	{ "name": "small_fire", "parent": "root", "scaleX": 2, "scaleY": 2 },
	{ "name": "huohua", "parent": "root", "scaleX": 4, "scaleY": 4 },
	{ "name": "huan_start", "parent": "root", "scaleX": 4, "scaleY": 4 },
	{ "name": "fire_ball", "parent": "root", "scaleX": 2, "scaleY": 2 },
	{ "name": "eye_ray_", "parent": "root", "x": 0.28, "y": 269.04 },
	{ "name": "骨骼11", "parent": "root" },
	{ "name": "骨骼12", "parent": "root" },
	{ "name": "small_fire2", "parent": "root", "scaleX": 2, "scaleY": 2 },
	{ "name": "small_fire3", "parent": "root", "scaleX": 2, "scaleY": 2 },
	{ "name": "small_fire4", "parent": "root", "scaleX": 2, "scaleY": 2 },
	{ "name": "small_fire5", "parent": "root", "scaleX": 2, "scaleY": 2 },
	{ "name": "small_fire6", "parent": "root", "scaleX": -2, "scaleY": 2 }
],
"slots": [
	{ "name": "back_", "bone": "root" },
	{ "name": "back_mask_", "bone": "root" },
	{ "name": "big_fire02", "bone": "big_fire02" },
	{ "name": "big_fire01", "bone": "big_fire01" },
	{ "name": "dizuo_glow_", "bone": "root" },
	{ "name": "dizuo_", "bone": "root" },
	{ "name": "huohua", "bone": "huohua" },
	{ "name": "huan_start", "bone": "huan_start", "blend": "additive" },
	{ "name": "fuwen_", "bone": "fuwen_", "blend": "additive" },
	{ "name": "fire_ball", "bone": "fire_ball" },
	{ "name": "small_fire", "bone": "small_fire" },
	{ "name": "small_fire4", "bone": "small_fire4" },
	{ "name": "small_fire6", "bone": "small_fire6" },
	{ "name": "small_fire2", "bone": "small_fire2" },
	{ "name": "small_fire3", "bone": "small_fire3" },
	{ "name": "small_fire5", "bone": "small_fire5" },
	{ "name": "baodian_", "bone": "baodian_", "blend": "additive" },
	{ "name": "suipian", "bone": "suipian" },
	{ "name": "eye_ray_", "bone": "eye_ray_", "blend": "additive" }
],
"skins": {
	"default": {
		"back_": {
			"back_": { "x": 1.52, "y": 6.71, "scaleX": 2, "scaleY": 2, "width": 279, "height": 324 }
		},
		"back_mask_": {
			"back_mask_": { "x": 1.52, "y": 36.21, "scaleX": 5, "scaleY": 5, "width": 112, "height": 118 }
		},
		"baodian_": {
			"baodian_000_": { "width": 144, "height": 144 },
			"baodian_002_": { "width": 144, "height": 144 },
			"baodian_004_": { "width": 144, "height": 144 },
			"baodian_006_": { "width": 144, "height": 144 },
			"baodian_008_": { "width": 144, "height": 144 },
			"baodian_010_": { "width": 144, "height": 144 },
			"baodian_012_": { "width": 144, "height": 144 },
			"baodian_014_": { "width": 144, "height": 144 },
			"baodian_016_": { "width": 144, "height": 144 },
			"baodian_018_": { "width": 144, "height": 144 },
			"baodian_020_": { "width": 144, "height": 144 },
			"baodian_022_": { "width": 144, "height": 144 },
			"baodian_024_": { "width": 144, "height": 144 },
			"baodian_026_": { "width": 144, "height": 144 },
			"baodian_028_": { "width": 144, "height": 144 },
			"baodian_030_": { "width": 144, "height": 144 },
			"baodian_032_": { "width": 144, "height": 144 },
			"baodian_034_": { "width": 144, "height": 144 },
			"baodian_036_": { "width": 144, "height": 144 },
			"baodian_040_": { "width": 144, "height": 144 }
		},
		"big_fire01": {
			"big_fire01_000_": { "width": 256, "height": 128 },
			"big_fire01_002_": { "width": 256, "height": 128 },
			"big_fire01_004_": { "width": 256, "height": 128 },
			"big_fire01_006_": { "width": 256, "height": 128 },
			"big_fire01_008_": { "width": 256, "height": 128 },
			"big_fire01_010_": { "width": 256, "height": 128 },
			"big_fire01_012_": { "width": 256, "height": 128 },
			"big_fire01_014_": { "width": 256, "height": 128 },
			"big_fire01_016_": { "width": 256, "height": 128 },
			"big_fire01_018_": { "width": 256, "height": 128 },
			"big_fire01_020_": { "width": 256, "height": 128 },
			"big_fire01_022_": { "width": 256, "height": 128 },
			"big_fire01_024_": { "width": 256, "height": 128 },
			"big_fire01_026_": { "width": 256, "height": 128 },
			"big_fire01_028_": { "width": 256, "height": 128 },
			"big_fire01_030_": { "width": 256, "height": 128 },
			"big_fire01_032_": { "width": 256, "height": 128 },
			"big_fire01_034_": { "width": 256, "height": 128 },
			"big_fire01_036_": { "width": 256, "height": 128 },
			"big_fire01_038_": { "width": 256, "height": 128 },
			"big_fire01_040_": { "width": 256, "height": 128 },
			"big_fire01_042_": { "width": 256, "height": 128 },
			"big_fire01_044_": { "width": 256, "height": 128 },
			"big_fire01_046_": { "width": 256, "height": 128 },
			"big_fire01_048_": { "width": 256, "height": 128 },
			"big_fire01_050_": { "width": 256, "height": 128 },
			"big_fire01_052_": { "width": 256, "height": 128 },
			"big_fire01_054_": { "width": 256, "height": 128 },
			"big_fire01_056_": { "width": 256, "height": 128 },
			"big_fire01_058_": { "width": 256, "height": 128 }
		},
		"big_fire02": {
			"big_fire02_000_": { "width": 256, "height": 128 },
			"big_fire02_002_": { "width": 256, "height": 128 },
			"big_fire02_004_": { "width": 256, "height": 128 },
			"big_fire02_006_": { "width": 256, "height": 128 },
			"big_fire02_008_": { "width": 256, "height": 128 },
			"big_fire02_010_": { "width": 256, "height": 128 },
			"big_fire02_012_": { "width": 256, "height": 128 },
			"big_fire02_014_": { "width": 256, "height": 128 },
			"big_fire02_016_": { "width": 256, "height": 128 },
			"big_fire02_018_": { "width": 256, "height": 128 },
			"big_fire02_020_": { "width": 256, "height": 128 },
			"big_fire02_022_": { "width": 256, "height": 128 },
			"big_fire02_024_": { "width": 256, "height": 128 },
			"big_fire02_026_": { "width": 256, "height": 128 },
			"big_fire02_028_": { "width": 256, "height": 128 },
			"big_fire02_030_": { "width": 256, "height": 128 },
			"big_fire02_032_": { "width": 256, "height": 128 },
			"big_fire02_034_": { "width": 256, "height": 128 },
			"big_fire02_036_": { "width": 256, "height": 128 },
			"big_fire02_038_": { "width": 256, "height": 128 },
			"big_fire02_040_": { "width": 256, "height": 128 },
			"big_fire02_042_": { "width": 256, "height": 128 },
			"big_fire02_044_": { "width": 256, "height": 128 },
			"big_fire02_046_": { "width": 256, "height": 128 },
			"big_fire02_048_": { "width": 256, "height": 128 },
			"big_fire02_050_": { "width": 256, "height": 128 },
			"big_fire02_052_": { "width": 256, "height": 128 },
			"big_fire02_054_": { "width": 256, "height": 128 },
			"big_fire02_056_": { "width": 256, "height": 128 },
			"big_fire02_058_": { "width": 256, "height": 128 }
		},
		"dizuo_": {
			"dizuo_": { "x": 0.52, "y": -38.79, "width": 556, "height": 466 }
		},
		"dizuo_glow_": {
			"dizuo_glow_": { "x": 1.52, "y": -24.29, "scaleX": 5, "scaleY": 5, "width": 112, "height": 99 }
		},
		"eye_ray_": {
			"eye_ray_": { "width": 360, "height": 80 }
		},
		"fire_ball": {
			"fire_ball_000_": { "width": 180, "height": 180 },
			"fire_ball_002_": { "width": 180, "height": 180 },
			"fire_ball_004_": { "width": 180, "height": 180 },
			"fire_ball_006_": { "width": 180, "height": 180 },
			"fire_ball_008_": { "width": 180, "height": 180 },
			"fire_ball_010_": { "width": 180, "height": 180 },
			"fire_ball_012_": { "width": 180, "height": 180 },
			"fire_ball_014_": { "width": 180, "height": 180 },
			"fire_ball_016_": { "width": 180, "height": 180 },
			"fire_ball_018_": { "width": 180, "height": 180 },
			"fire_ball_020_": { "width": 180, "height": 180 },
			"fire_ball_022_": { "width": 180, "height": 180 },
			"fire_ball_024_": { "width": 180, "height": 180 },
			"fire_ball_026_": { "width": 180, "height": 180 },
			"fire_ball_028_": { "width": 180, "height": 180 },
			"fire_ball_030_": { "width": 180, "height": 180 },
			"fire_ball_032_": { "width": 180, "height": 180 },
			"fire_ball_034_": { "width": 180, "height": 180 },
			"fire_ball_036_": { "width": 180, "height": 180 },
			"fire_ball_038_": { "width": 180, "height": 180 },
			"fire_ball_040_": { "width": 180, "height": 180 },
			"fire_ball_042_": { "width": 180, "height": 180 },
			"fire_ball_044_": { "width": 180, "height": 180 },
			"fire_ball_046_": { "width": 180, "height": 180 },
			"fire_ball_048_": { "width": 180, "height": 180 },
			"fire_ball_050_": { "width": 180, "height": 180 },
			"fire_ball_052_": { "width": 180, "height": 180 },
			"fire_ball_054_": { "width": 180, "height": 180 },
			"fire_ball_056_": { "width": 180, "height": 180 },
			"fire_ball_058_": { "width": 180, "height": 180 }
		},
		"fuwen_": {
			"fuwen_060_": { "width": 128, "height": 128 },
			"fuwen_062_": { "width": 128, "height": 128 },
			"fuwen_064_": { "width": 128, "height": 128 },
			"fuwen_066_": { "width": 128, "height": 128 },
			"fuwen_068_": { "width": 128, "height": 128 },
			"fuwen_070_": { "width": 128, "height": 128 },
			"fuwen_072_": { "width": 128, "height": 128 },
			"fuwen_074_": { "width": 128, "height": 128 },
			"fuwen_076_": { "width": 128, "height": 128 },
			"fuwen_078_": { "width": 128, "height": 128 },
			"fuwen_080_": { "width": 128, "height": 128 },
			"fuwen_082_": { "width": 128, "height": 128 },
			"fuwen_084_": { "width": 128, "height": 128 },
			"fuwen_086_": { "width": 128, "height": 128 },
			"fuwen_088_": { "width": 128, "height": 128 },
			"fuwen_090_": { "width": 128, "height": 128 },
			"fuwen_092_": { "width": 128, "height": 128 },
			"fuwen_094_": { "width": 128, "height": 128 },
			"fuwen_096_": { "width": 128, "height": 128 },
			"fuwen_098_": { "width": 128, "height": 128 },
			"fuwen_100_": { "width": 128, "height": 128 },
			"fuwen_102_": { "width": 128, "height": 128 },
			"fuwen_104_": { "width": 128, "height": 128 },
			"fuwen_106_": { "width": 128, "height": 128 },
			"fuwen_108_": { "width": 128, "height": 128 },
			"fuwen_110_": { "width": 128, "height": 128 },
			"fuwen_112_": { "width": 128, "height": 128 },
			"fuwen_114_": { "width": 128, "height": 128 },
			"fuwen_116_": { "width": 128, "height": 128 },
			"fuwen_118_": { "width": 128, "height": 128 }
		},
		"huan_start": {
			"huan_start_001_": { "width": 128, "height": 128 },
			"huan_start_003_": { "width": 128, "height": 128 },
			"huan_start_005_": { "width": 128, "height": 128 },
			"huan_start_007_": { "width": 128, "height": 128 },
			"huan_start_009_": { "width": 128, "height": 128 },
			"huan_start_011_": { "width": 128, "height": 128 },
			"huan_start_013_": { "width": 128, "height": 128 },
			"huan_start_015_": { "width": 128, "height": 128 },
			"huan_start_017_": { "width": 128, "height": 128 },
			"huan_start_019_": { "width": 128, "height": 128 },
			"huan_start_021_": { "width": 128, "height": 128 },
			"huan_start_023_": { "width": 128, "height": 128 },
			"huan_start_025_": { "width": 128, "height": 128 },
			"huan_start_027_": { "width": 128, "height": 128 },
			"huan_start_029_": { "width": 128, "height": 128 },
			"huan_start_031_": { "width": 128, "height": 128 },
			"huan_start_033_": { "width": 128, "height": 128 },
			"huan_start_035_": { "width": 128, "height": 128 },
			"huan_start_037_": { "width": 128, "height": 128 },
			"huan_start_039_": { "width": 128, "height": 128 },
			"huan_start_041_": { "width": 128, "height": 128 },
			"huan_start_043_": { "width": 128, "height": 128 },
			"huan_start_045_": { "width": 128, "height": 128 },
			"huan_start_047_": { "width": 128, "height": 128 },
			"huan_start_049_": { "width": 128, "height": 128 },
			"huan_start_051_": { "width": 128, "height": 128 },
			"huan_start_053_": { "width": 128, "height": 128 },
			"huan_start_055_": { "width": 128, "height": 128 },
			"huan_start_057_": { "width": 128, "height": 128 },
			"huan_start_059_": { "width": 128, "height": 128 }
		},
		"huohua": {
			"huohua_000_": { "width": 144, "height": 200 },
			"huohua_002_": { "width": 144, "height": 200 },
			"huohua_004_": { "width": 144, "height": 200 },
			"huohua_006_": { "width": 144, "height": 200 },
			"huohua_008_": { "width": 144, "height": 200 },
			"huohua_010_": { "width": 144, "height": 200 },
			"huohua_012_": { "width": 144, "height": 200 },
			"huohua_014_": { "width": 144, "height": 200 },
			"huohua_016_": { "width": 144, "height": 200 },
			"huohua_018_": { "width": 144, "height": 200 },
			"huohua_020_": { "width": 144, "height": 200 },
			"huohua_022_": { "width": 144, "height": 200 },
			"huohua_024_": { "width": 144, "height": 200 },
			"huohua_026_": { "width": 144, "height": 200 },
			"huohua_028_": { "width": 144, "height": 200 },
			"huohua_030_": { "width": 144, "height": 200 },
			"huohua_032_": { "width": 144, "height": 200 },
			"huohua_034_": { "width": 144, "height": 200 },
			"huohua_036_": { "width": 144, "height": 200 },
			"huohua_038_": { "width": 144, "height": 200 },
			"huohua_040_": { "width": 144, "height": 200 },
			"huohua_042_": { "width": 144, "height": 200 },
			"huohua_044_": { "width": 144, "height": 200 },
			"huohua_046_": { "width": 144, "height": 200 },
			"huohua_048_": { "width": 144, "height": 200 },
			"huohua_050_": { "width": 144, "height": 200 },
			"huohua_052_": { "width": 144, "height": 200 },
			"huohua_054_": { "width": 144, "height": 200 },
			"huohua_056_": { "width": 144, "height": 200 },
			"huohua_058_": { "width": 144, "height": 200 }
		},
		"small_fire": {
			"small_fire_000_": { "width": 90, "height": 90 },
			"small_fire_002_": { "width": 90, "height": 90 },
			"small_fire_004_": { "width": 90, "height": 90 },
			"small_fire_006_": { "width": 90, "height": 90 },
			"small_fire_008_": { "width": 90, "height": 90 },
			"small_fire_010_": { "width": 90, "height": 90 },
			"small_fire_012_": { "width": 90, "height": 90 },
			"small_fire_014_": { "width": 90, "height": 90 },
			"small_fire_016_": { "width": 90, "height": 90 },
			"small_fire_018_": { "width": 90, "height": 90 },
			"small_fire_020_": { "width": 90, "height": 90 },
			"small_fire_022_": { "width": 90, "height": 90 },
			"small_fire_024_": { "width": 90, "height": 90 },
			"small_fire_026_": { "width": 90, "height": 90 },
			"small_fire_028_": { "width": 90, "height": 90 }
		},
		"small_fire2": {
			"small_fire_000_": { "width": 90, "height": 90 },
			"small_fire_002_": { "width": 90, "height": 90 },
			"small_fire_004_": { "width": 90, "height": 90 },
			"small_fire_006_": { "width": 90, "height": 90 },
			"small_fire_008_": { "width": 90, "height": 90 },
			"small_fire_010_": { "width": 90, "height": 90 },
			"small_fire_012_": { "width": 90, "height": 90 },
			"small_fire_014_": { "width": 90, "height": 90 },
			"small_fire_016_": { "width": 90, "height": 90 },
			"small_fire_018_": { "width": 90, "height": 90 },
			"small_fire_020_": { "width": 90, "height": 90 },
			"small_fire_022_": { "width": 90, "height": 90 },
			"small_fire_024_": { "width": 90, "height": 90 },
			"small_fire_026_": { "width": 90, "height": 90 },
			"small_fire_028_": { "width": 90, "height": 90 }
		},
		"small_fire3": {
			"small_fire_000_": { "width": 90, "height": 90 },
			"small_fire_002_": { "width": 90, "height": 90 },
			"small_fire_004_": { "width": 90, "height": 90 },
			"small_fire_006_": { "width": 90, "height": 90 },
			"small_fire_008_": { "width": 90, "height": 90 },
			"small_fire_010_": { "width": 90, "height": 90 },
			"small_fire_012_": { "width": 90, "height": 90 },
			"small_fire_014_": { "width": 90, "height": 90 },
			"small_fire_016_": { "width": 90, "height": 90 },
			"small_fire_018_": { "width": 90, "height": 90 },
			"small_fire_020_": { "width": 90, "height": 90 },
			"small_fire_022_": { "width": 90, "height": 90 },
			"small_fire_024_": { "width": 90, "height": 90 },
			"small_fire_026_": { "width": 90, "height": 90 },
			"small_fire_028_": { "width": 90, "height": 90 }
		},
		"small_fire4": {
			"small_fire_000_": { "width": 90, "height": 90 },
			"small_fire_002_": { "width": 90, "height": 90 },
			"small_fire_004_": { "width": 90, "height": 90 },
			"small_fire_006_": { "width": 90, "height": 90 },
			"small_fire_008_": { "width": 90, "height": 90 },
			"small_fire_010_": { "width": 90, "height": 90 },
			"small_fire_012_": { "width": 90, "height": 90 },
			"small_fire_014_": { "width": 90, "height": 90 },
			"small_fire_016_": { "width": 90, "height": 90 },
			"small_fire_018_": { "width": 90, "height": 90 },
			"small_fire_020_": { "width": 90, "height": 90 },
			"small_fire_022_": { "width": 90, "height": 90 },
			"small_fire_024_": { "width": 90, "height": 90 },
			"small_fire_026_": { "width": 90, "height": 90 },
			"small_fire_028_": { "width": 90, "height": 90 }
		},
		"small_fire5": {
			"small_fire_000_": { "width": 90, "height": 90 },
			"small_fire_002_": { "width": 90, "height": 90 },
			"small_fire_004_": { "width": 90, "height": 90 },
			"small_fire_006_": { "width": 90, "height": 90 },
			"small_fire_008_": { "width": 90, "height": 90 },
			"small_fire_010_": { "width": 90, "height": 90 },
			"small_fire_012_": { "width": 90, "height": 90 },
			"small_fire_014_": { "width": 90, "height": 90 },
			"small_fire_016_": { "width": 90, "height": 90 },
			"small_fire_018_": { "width": 90, "height": 90 },
			"small_fire_020_": { "width": 90, "height": 90 },
			"small_fire_022_": { "width": 90, "height": 90 },
			"small_fire_024_": { "width": 90, "height": 90 },
			"small_fire_026_": { "width": 90, "height": 90 },
			"small_fire_028_": { "width": 90, "height": 90 }
		},
		"small_fire6": {
			"small_fire_000_": { "width": 90, "height": 90 },
			"small_fire_002_": { "width": 90, "height": 90 },
			"small_fire_004_": { "width": 90, "height": 90 },
			"small_fire_006_": { "width": 90, "height": 90 },
			"small_fire_008_": { "width": 90, "height": 90 },
			"small_fire_010_": { "width": 90, "height": 90 },
			"small_fire_012_": { "width": 90, "height": 90 },
			"small_fire_014_": { "width": 90, "height": 90 },
			"small_fire_016_": { "width": 90, "height": 90 },
			"small_fire_018_": { "width": 90, "height": 90 },
			"small_fire_020_": { "width": 90, "height": 90 },
			"small_fire_022_": { "width": 90, "height": 90 },
			"small_fire_024_": { "width": 90, "height": 90 },
			"small_fire_026_": { "width": 90, "height": 90 },
			"small_fire_028_": { "width": 90, "height": 90 }
		},
		"suipian": {
			"suipian_001_": { "width": 90, "height": 90 },
			"suipian_003_": { "width": 90, "height": 90 },
			"suipian_005_": { "width": 90, "height": 90 },
			"suipian_007_": { "width": 90, "height": 90 },
			"suipian_009_": { "width": 90, "height": 90 },
			"suipian_011_": { "width": 90, "height": 90 },
			"suipian_013_": { "width": 90, "height": 90 },
			"suipian_015_": { "width": 90, "height": 90 },
			"suipian_017_": { "width": 90, "height": 90 },
			"suipian_019_": { "width": 90, "height": 90 },
			"suipian_021_": { "width": 90, "height": 90 },
			"suipian_023_": { "width": 90, "height": 90 }
		}
	}
},
"animations": {
	"loop": {
		"slots": {
			"back_": {
				"attachment": [
					{ "time": 0, "name": "back_" }
				]
			},
			"back_mask_": {
				"color": [
					{
						"time": 0,
						"color": "ffffffff",
						"curve": [ 0.25, 0, 0.75, 1 ]
					},
					{
						"time": 1,
						"color": "ff000033",
						"curve": [ 0.25, 0, 0.75, 1 ]
					},
					{ "time": 2, "color": "ffffffff" }
				],
				"attachment": [
					{ "time": 0, "name": "back_mask_" }
				]
			},
			"big_fire01": {
				"attachment": [
					{ "time": 0, "name": "big_fire01_000_" },
					{ "time": 0.0667, "name": "big_fire01_002_" },
					{ "time": 0.1333, "name": "big_fire01_004_" },
					{ "time": 0.2, "name": "big_fire01_006_" },
					{ "time": 0.2667, "name": "big_fire01_008_" },
					{ "time": 0.3333, "name": "big_fire01_010_" },
					{ "time": 0.4, "name": "big_fire01_012_" },
					{ "time": 0.4667, "name": "big_fire01_014_" },
					{ "time": 0.5333, "name": "big_fire01_016_" },
					{ "time": 0.6, "name": "big_fire01_018_" },
					{ "time": 0.6667, "name": "big_fire01_020_" },
					{ "time": 0.7333, "name": "big_fire01_022_" },
					{ "time": 0.8, "name": "big_fire01_024_" },
					{ "time": 0.8667, "name": "big_fire01_026_" },
					{ "time": 0.9333, "name": "big_fire01_028_" },
					{ "time": 1, "name": "big_fire01_030_" },
					{ "time": 1.0667, "name": "big_fire01_032_" },
					{ "time": 1.1333, "name": "big_fire01_034_" },
					{ "time": 1.2, "name": "big_fire01_036_" },
					{ "time": 1.2667, "name": "big_fire01_038_" },
					{ "time": 1.3333, "name": "big_fire01_040_" },
					{ "time": 1.4, "name": "big_fire01_042_" },
					{ "time": 1.4667, "name": "big_fire01_044_" },
					{ "time": 1.5333, "name": "big_fire01_046_" },
					{ "time": 1.6, "name": "big_fire01_048_" },
					{ "time": 1.6667, "name": "big_fire01_050_" },
					{ "time": 1.7333, "name": "big_fire01_052_" },
					{ "time": 1.8, "name": "big_fire01_054_" },
					{ "time": 1.8667, "name": "big_fire01_056_" },
					{ "time": 1.9333, "name": "big_fire01_058_" },
					{ "time": 2, "name": null }
				]
			},
			"big_fire02": {
				"attachment": [
					{ "time": 0, "name": "big_fire02_000_" },
					{ "time": 0.0667, "name": "big_fire02_002_" },
					{ "time": 0.1333, "name": "big_fire02_004_" },
					{ "time": 0.2, "name": "big_fire02_006_" },
					{ "time": 0.2667, "name": "big_fire02_008_" },
					{ "time": 0.3333, "name": "big_fire02_010_" },
					{ "time": 0.4, "name": "big_fire02_012_" },
					{ "time": 0.4667, "name": "big_fire02_014_" },
					{ "time": 0.5333, "name": "big_fire02_016_" },
					{ "time": 0.6, "name": "big_fire02_018_" },
					{ "time": 0.6667, "name": "big_fire02_020_" },
					{ "time": 0.7333, "name": "big_fire02_022_" },
					{ "time": 0.8, "name": "big_fire02_024_" },
					{ "time": 0.8667, "name": "big_fire02_026_" },
					{ "time": 0.9333, "name": "big_fire02_028_" },
					{ "time": 1, "name": "big_fire02_030_" },
					{ "time": 1.0667, "name": "big_fire02_032_" },
					{ "time": 1.1333, "name": "big_fire02_034_" },
					{ "time": 1.2, "name": "big_fire02_036_" },
					{ "time": 1.2667, "name": "big_fire02_038_" },
					{ "time": 1.3333, "name": "big_fire02_040_" },
					{ "time": 1.4, "name": "big_fire02_042_" },
					{ "time": 1.4667, "name": "big_fire02_044_" },
					{ "time": 1.5333, "name": "big_fire02_046_" },
					{ "time": 1.6, "name": "big_fire02_048_" },
					{ "time": 1.6667, "name": "big_fire02_050_" },
					{ "time": 1.7333, "name": "big_fire02_052_" },
					{ "time": 1.8, "name": "big_fire02_054_" },
					{ "time": 1.8667, "name": "big_fire02_056_" },
					{ "time": 1.9333, "name": "big_fire02_058_" },
					{ "time": 2, "name": null }
				]
			},
			"dizuo_": {
				"attachment": [
					{ "time": 0, "name": "dizuo_" }
				]
			},
			"dizuo_glow_": {
				"attachment": [
					{ "time": 0, "name": "dizuo_glow_" }
				]
			},
			"eye_ray_": {
				"color": [
					{
						"time": 0,
						"color": "ffffff00",
						"curve": [ 0.25, 0, 0.75, 1 ]
					},
					{
						"time": 1,
						"color": "ffffffff",
						"curve": [ 0.25, 0, 0.75, 1 ]
					},
					{ "time": 2, "color": "ffffff00" }
				],
				"attachment": [
					{ "time": 0, "name": "eye_ray_" }
				]
			},
			"fire_ball": {
				"attachment": [
					{ "time": 0, "name": "fire_ball_000_" },
					{ "time": 0.0667, "name": "fire_ball_002_" },
					{ "time": 0.1333, "name": "fire_ball_004_" },
					{ "time": 0.2, "name": "fire_ball_006_" },
					{ "time": 0.2667, "name": "fire_ball_008_" },
					{ "time": 0.3333, "name": "fire_ball_010_" },
					{ "time": 0.4, "name": "fire_ball_012_" },
					{ "time": 0.4667, "name": "fire_ball_014_" },
					{ "time": 0.5333, "name": "fire_ball_016_" },
					{ "time": 0.6, "name": "fire_ball_018_" },
					{ "time": 0.6667, "name": "fire_ball_020_" },
					{ "time": 0.7333, "name": "fire_ball_022_" },
					{ "time": 0.8, "name": "fire_ball_024_" },
					{ "time": 0.8667, "name": "fire_ball_026_" },
					{ "time": 0.9333, "name": "fire_ball_028_" },
					{ "time": 1, "name": "fire_ball_030_" },
					{ "time": 1.0667, "name": "fire_ball_032_" },
					{ "time": 1.1333, "name": "fire_ball_034_" },
					{ "time": 1.2, "name": "fire_ball_036_" },
					{ "time": 1.2667, "name": "fire_ball_038_" },
					{ "time": 1.3333, "name": "fire_ball_040_" },
					{ "time": 1.4, "name": "fire_ball_042_" },
					{ "time": 1.4667, "name": "fire_ball_044_" },
					{ "time": 1.5333, "name": "fire_ball_046_" },
					{ "time": 1.6, "name": "fire_ball_048_" },
					{ "time": 1.6667, "name": "fire_ball_050_" },
					{ "time": 1.7333, "name": "fire_ball_052_" },
					{ "time": 1.8, "name": "fire_ball_054_" },
					{ "time": 1.8667, "name": "fire_ball_056_" },
					{ "time": 1.9333, "name": "fire_ball_058_" },
					{ "time": 2, "name": null }
				]
			},
			"fuwen_": {
				"attachment": [
					{ "time": 0, "name": "fuwen_060_" },
					{ "time": 0.0667, "name": "fuwen_062_" },
					{ "time": 0.1333, "name": "fuwen_064_" },
					{ "time": 0.2, "name": "fuwen_066_" },
					{ "time": 0.2667, "name": "fuwen_068_" },
					{ "time": 0.3333, "name": "fuwen_070_" },
					{ "time": 0.4, "name": "fuwen_072_" },
					{ "time": 0.4667, "name": "fuwen_074_" },
					{ "time": 0.5333, "name": "fuwen_076_" },
					{ "time": 0.6, "name": "fuwen_078_" },
					{ "time": 0.6667, "name": "fuwen_080_" },
					{ "time": 0.7333, "name": "fuwen_082_" },
					{ "time": 0.8, "name": "fuwen_084_" },
					{ "time": 0.8667, "name": "fuwen_086_" },
					{ "time": 0.9333, "name": "fuwen_088_" },
					{ "time": 1, "name": "fuwen_090_" },
					{ "time": 1.0667, "name": "fuwen_092_" },
					{ "time": 1.1333, "name": "fuwen_094_" },
					{ "time": 1.2, "name": "fuwen_096_" },
					{ "time": 1.2667, "name": "fuwen_098_" },
					{ "time": 1.3333, "name": "fuwen_100_" },
					{ "time": 1.4, "name": "fuwen_102_" },
					{ "time": 1.4667, "name": "fuwen_104_" },
					{ "time": 1.5333, "name": "fuwen_106_" },
					{ "time": 1.6, "name": "fuwen_108_" },
					{ "time": 1.6667, "name": "fuwen_110_" },
					{ "time": 1.7333, "name": "fuwen_112_" },
					{ "time": 1.8, "name": "fuwen_114_" },
					{ "time": 1.8667, "name": "fuwen_116_" },
					{ "time": 1.9333, "name": "fuwen_118_" },
					{ "time": 2, "name": null }
				]
			},
			"huohua": {
				"attachment": [
					{ "time": 0, "name": "huohua_058_" },
					{ "time": 0.0667, "name": "huohua_002_" },
					{ "time": 0.1333, "name": "huohua_004_" },
					{ "time": 0.2, "name": "huohua_006_" },
					{ "time": 0.2667, "name": "huohua_008_" },
					{ "time": 0.3333, "name": "huohua_010_" },
					{ "time": 0.4, "name": "huohua_012_" },
					{ "time": 0.4667, "name": "huohua_014_" },
					{ "time": 0.5333, "name": "huohua_016_" },
					{ "time": 0.6, "name": "huohua_018_" },
					{ "time": 0.6667, "name": "huohua_020_" },
					{ "time": 0.7333, "name": "huohua_022_" },
					{ "time": 0.8, "name": "huohua_024_" },
					{ "time": 0.8667, "name": "huohua_026_" },
					{ "time": 0.9333, "name": "huohua_028_" },
					{ "time": 1, "name": "huohua_030_" },
					{ "time": 1.0667, "name": "huohua_032_" },
					{ "time": 1.1333, "name": "huohua_034_" },
					{ "time": 1.2, "name": "huohua_036_" },
					{ "time": 1.2667, "name": "huohua_038_" },
					{ "time": 1.3333, "name": "huohua_040_" },
					{ "time": 1.4, "name": "huohua_042_" },
					{ "time": 1.4667, "name": "huohua_044_" },
					{ "time": 1.5333, "name": "huohua_046_" },
					{ "time": 1.6, "name": "huohua_048_" },
					{ "time": 1.6667, "name": "huohua_050_" },
					{ "time": 1.7333, "name": "huohua_052_" },
					{ "time": 1.8, "name": "huohua_054_" },
					{ "time": 1.8667, "name": "huohua_056_" },
					{ "time": 1.9333, "name": "huohua_058_" },
					{ "time": 2, "name": null }
				]
			},
			"small_fire": {
				"attachment": [
					{ "time": 0, "name": "small_fire_000_" },
					{ "time": 0.0667, "name": "small_fire_002_" },
					{ "time": 0.1333, "name": "small_fire_004_" },
					{ "time": 0.2, "name": "small_fire_006_" },
					{ "time": 0.2667, "name": "small_fire_008_" },
					{ "time": 0.3333, "name": "small_fire_010_" },
					{ "time": 0.4, "name": "small_fire_012_" },
					{ "time": 0.4667, "name": "small_fire_014_" },
					{ "time": 0.5333, "name": "small_fire_016_" },
					{ "time": 0.6, "name": "small_fire_018_" },
					{ "time": 0.6667, "name": "small_fire_020_" },
					{ "time": 0.7333, "name": "small_fire_022_" },
					{ "time": 0.8, "name": "small_fire_024_" },
					{ "time": 0.8667, "name": "small_fire_026_" },
					{ "time": 0.9333, "name": "small_fire_028_" },
					{ "time": 1, "name": "small_fire_000_" },
					{ "time": 1.0667, "name": "small_fire_002_" },
					{ "time": 1.1333, "name": "small_fire_004_" },
					{ "time": 1.2, "name": "small_fire_006_" },
					{ "time": 1.2667, "name": "small_fire_008_" },
					{ "time": 1.3333, "name": "small_fire_010_" },
					{ "time": 1.4, "name": "small_fire_012_" },
					{ "time": 1.4667, "name": "small_fire_014_" },
					{ "time": 1.5333, "name": "small_fire_016_" },
					{ "time": 1.6, "name": "small_fire_018_" },
					{ "time": 1.6667, "name": "small_fire_020_" },
					{ "time": 1.7333, "name": "small_fire_022_" },
					{ "time": 1.8, "name": "small_fire_024_" },
					{ "time": 1.8667, "name": "small_fire_026_" },
					{ "time": 1.9333, "name": "small_fire_028_" },
					{ "time": 2, "name": null }
				]
			},
			"small_fire2": {
				"attachment": [
					{ "time": 0, "name": "small_fire_000_" },
					{ "time": 0.0667, "name": "small_fire_002_" },
					{ "time": 0.1333, "name": "small_fire_004_" },
					{ "time": 0.2, "name": "small_fire_006_" },
					{ "time": 0.2667, "name": "small_fire_008_" },
					{ "time": 0.3333, "name": "small_fire_010_" },
					{ "time": 0.4, "name": "small_fire_012_" },
					{ "time": 0.4667, "name": "small_fire_014_" },
					{ "time": 0.5333, "name": "small_fire_016_" },
					{ "time": 0.6, "name": "small_fire_018_" },
					{ "time": 0.6667, "name": "small_fire_020_" },
					{ "time": 0.7333, "name": "small_fire_022_" },
					{ "time": 0.8, "name": "small_fire_024_" },
					{ "time": 0.8667, "name": "small_fire_026_" },
					{ "time": 0.9333, "name": "small_fire_028_" },
					{ "time": 1, "name": "small_fire_000_" },
					{ "time": 1.0667, "name": "small_fire_002_" },
					{ "time": 1.1333, "name": "small_fire_004_" },
					{ "time": 1.2, "name": "small_fire_006_" },
					{ "time": 1.2667, "name": "small_fire_008_" },
					{ "time": 1.3333, "name": "small_fire_010_" },
					{ "time": 1.4, "name": "small_fire_012_" },
					{ "time": 1.4667, "name": "small_fire_014_" },
					{ "time": 1.5333, "name": "small_fire_016_" },
					{ "time": 1.6, "name": "small_fire_018_" },
					{ "time": 1.6667, "name": "small_fire_020_" },
					{ "time": 1.7333, "name": "small_fire_022_" },
					{ "time": 1.8, "name": "small_fire_024_" },
					{ "time": 1.8667, "name": "small_fire_026_" },
					{ "time": 1.9333, "name": "small_fire_028_" },
					{ "time": 2, "name": null }
				]
			},
			"small_fire3": {
				"attachment": [
					{ "time": 0, "name": "small_fire_020_" },
					{ "time": 0.0667, "name": "small_fire_022_" },
					{ "time": 0.1333, "name": "small_fire_024_" },
					{ "time": 0.2, "name": "small_fire_026_" },
					{ "time": 0.2667, "name": "small_fire_028_" },
					{ "time": 0.3333, "name": "small_fire_000_" },
					{ "time": 0.4, "name": "small_fire_002_" },
					{ "time": 0.4667, "name": "small_fire_004_" },
					{ "time": 0.5333, "name": "small_fire_006_" },
					{ "time": 0.6, "name": "small_fire_008_" },
					{ "time": 0.6667, "name": "small_fire_010_" },
					{ "time": 0.7333, "name": "small_fire_012_" },
					{ "time": 0.8, "name": "small_fire_014_" },
					{ "time": 0.8667, "name": "small_fire_016_" },
					{ "time": 0.9333, "name": "small_fire_018_" },
					{ "time": 1, "name": "small_fire_020_" },
					{ "time": 1.0667, "name": "small_fire_022_" },
					{ "time": 1.1333, "name": "small_fire_024_" },
					{ "time": 1.2, "name": "small_fire_026_" },
					{ "time": 1.2667, "name": "small_fire_028_" },
					{ "time": 1.3333, "name": "small_fire_000_" },
					{ "time": 1.4, "name": "small_fire_002_" },
					{ "time": 1.4667, "name": "small_fire_004_" },
					{ "time": 1.5333, "name": "small_fire_006_" },
					{ "time": 1.6, "name": "small_fire_008_" },
					{ "time": 1.6667, "name": "small_fire_010_" },
					{ "time": 1.7333, "name": "small_fire_012_" },
					{ "time": 1.8, "name": "small_fire_014_" },
					{ "time": 1.8667, "name": "small_fire_016_" },
					{ "time": 1.9333, "name": "small_fire_018_" },
					{ "time": 2, "name": null }
				]
			},
			"small_fire4": {
				"attachment": [
					{ "time": 0, "name": "small_fire_000_" },
					{ "time": 0.0667, "name": "small_fire_002_" },
					{ "time": 0.1333, "name": "small_fire_004_" },
					{ "time": 0.2, "name": "small_fire_006_" },
					{ "time": 0.2667, "name": "small_fire_008_" },
					{ "time": 0.3333, "name": "small_fire_010_" },
					{ "time": 0.4, "name": "small_fire_012_" },
					{ "time": 0.4667, "name": "small_fire_014_" },
					{ "time": 0.5333, "name": "small_fire_016_" },
					{ "time": 0.6, "name": "small_fire_018_" },
					{ "time": 0.6667, "name": "small_fire_020_" },
					{ "time": 0.7333, "name": "small_fire_022_" },
					{ "time": 0.8, "name": "small_fire_024_" },
					{ "time": 0.8667, "name": "small_fire_026_" },
					{ "time": 0.9333, "name": "small_fire_028_" },
					{ "time": 1, "name": "small_fire_000_" },
					{ "time": 1.0667, "name": "small_fire_002_" },
					{ "time": 1.1333, "name": "small_fire_004_" },
					{ "time": 1.2, "name": "small_fire_006_" },
					{ "time": 1.2667, "name": "small_fire_008_" },
					{ "time": 1.3333, "name": "small_fire_010_" },
					{ "time": 1.4, "name": "small_fire_012_" },
					{ "time": 1.4667, "name": "small_fire_014_" },
					{ "time": 1.5333, "name": "small_fire_016_" },
					{ "time": 1.6, "name": "small_fire_018_" },
					{ "time": 1.6667, "name": "small_fire_020_" },
					{ "time": 1.7333, "name": "small_fire_022_" },
					{ "time": 1.8, "name": "small_fire_024_" },
					{ "time": 1.8667, "name": "small_fire_026_" },
					{ "time": 1.9333, "name": "small_fire_028_" },
					{ "time": 2, "name": null }
				]
			},
			"small_fire5": {
				"attachment": [
					{ "time": 0, "name": "small_fire_020_" },
					{ "time": 0.0667, "name": "small_fire_022_" },
					{ "time": 0.1333, "name": "small_fire_024_" },
					{ "time": 0.2, "name": "small_fire_026_" },
					{ "time": 0.2667, "name": "small_fire_028_" },
					{ "time": 0.3333, "name": "small_fire_000_" },
					{ "time": 0.4, "name": "small_fire_002_" },
					{ "time": 0.4667, "name": "small_fire_004_" },
					{ "time": 0.5333, "name": "small_fire_006_" },
					{ "time": 0.6, "name": "small_fire_008_" },
					{ "time": 0.6667, "name": "small_fire_010_" },
					{ "time": 0.7333, "name": "small_fire_012_" },
					{ "time": 0.8, "name": "small_fire_014_" },
					{ "time": 0.8667, "name": "small_fire_016_" },
					{ "time": 0.9333, "name": "small_fire_018_" },
					{ "time": 1, "name": "small_fire_020_" },
					{ "time": 1.0667, "name": "small_fire_022_" },
					{ "time": 1.1333, "name": "small_fire_024_" },
					{ "time": 1.2, "name": "small_fire_026_" },
					{ "time": 1.2667, "name": "small_fire_028_" },
					{ "time": 1.3333, "name": "small_fire_000_" },
					{ "time": 1.4, "name": "small_fire_002_" },
					{ "time": 1.4667, "name": "small_fire_004_" },
					{ "time": 1.5333, "name": "small_fire_006_" },
					{ "time": 1.6, "name": "small_fire_008_" },
					{ "time": 1.6667, "name": "small_fire_010_" },
					{ "time": 1.7333, "name": "small_fire_012_" },
					{ "time": 1.8, "name": "small_fire_014_" },
					{ "time": 1.8667, "name": "small_fire_016_" },
					{ "time": 1.9333, "name": "small_fire_018_" },
					{ "time": 2, "name": null }
				]
			},
			"small_fire6": {
				"attachment": [
					{ "time": 0, "name": "small_fire_000_" },
					{ "time": 0.0667, "name": "small_fire_002_" },
					{ "time": 0.1333, "name": "small_fire_004_" },
					{ "time": 0.2, "name": "small_fire_006_" },
					{ "time": 0.2667, "name": "small_fire_008_" },
					{ "time": 0.3333, "name": "small_fire_010_" },
					{ "time": 0.4, "name": "small_fire_012_" },
					{ "time": 0.4667, "name": "small_fire_014_" },
					{ "time": 0.5333, "name": "small_fire_016_" },
					{ "time": 0.6, "name": "small_fire_018_" },
					{ "time": 0.6667, "name": "small_fire_020_" },
					{ "time": 0.7333, "name": "small_fire_022_" },
					{ "time": 0.8, "name": "small_fire_024_" },
					{ "time": 0.8667, "name": "small_fire_026_" },
					{ "time": 0.9333, "name": "small_fire_028_" },
					{ "time": 1, "name": "small_fire_000_" },
					{ "time": 1.0667, "name": "small_fire_002_" },
					{ "time": 1.1333, "name": "small_fire_004_" },
					{ "time": 1.2, "name": "small_fire_006_" },
					{ "time": 1.2667, "name": "small_fire_008_" },
					{ "time": 1.3333, "name": "small_fire_010_" },
					{ "time": 1.4, "name": "small_fire_012_" },
					{ "time": 1.4667, "name": "small_fire_014_" },
					{ "time": 1.5333, "name": "small_fire_016_" },
					{ "time": 1.6, "name": "small_fire_018_" },
					{ "time": 1.6667, "name": "small_fire_020_" },
					{ "time": 1.7333, "name": "small_fire_022_" },
					{ "time": 1.8, "name": "small_fire_024_" },
					{ "time": 1.8667, "name": "small_fire_026_" },
					{ "time": 1.9333, "name": "small_fire_028_" },
					{ "time": 2, "name": null }
				]
			}
		},
		"bones": {
			"big_fire01": {
				"translate": [
					{ "time": 0, "x": -6.98, "y": -101.27 }
				]
			},
			"big_fire02": {
				"translate": [
					{ "time": 0, "x": -11.64, "y": -110.58 }
				]
			},
			"fire_ball": {
				"translate": [
					{ "time": 0, "x": 0, "y": 0.37 }
				],
				"scale": [
					{ "time": 0, "x": 0.725, "y": 0.725 }
				]
			},
			"small_fire": {
				"translate": [
					{ "time": 0, "x": 2.32, "y": -97.36 }
				]
			},
			"small_fire2": {
				"translate": [
					{ "time": 0, "x": -103.15, "y": 83.45 }
				]
			},
			"small_fire3": {
				"translate": [
					{ "time": 0, "x": 117.06, "y": 81.13 }
				]
			},
			"small_fire4": {
				"translate": [
					{ "time": 0, "x": -115.06, "y": -40.5 }
				]
			},
			"small_fire5": {
				"translate": [
					{ "time": 0, "x": 1.52, "y": 158.16 }
				]
			},
			"small_fire6": {
				"translate": [
					{ "time": 0, "x": 121.53, "y": -42.34 }
				]
			}
		}
	},
	"start": {
		"slots": {
			"back_": {
				"attachment": [
					{ "time": 0, "name": "back_" }
				]
			},
			"back_mask_": {
				"color": [
					{
						"time": 1.3333,
						"color": "ffffffff",
						"curve": [ 0.25, 0, 0.75, 1 ]
					},
					{
						"time": 1.6667,
						"color": "ff000033",
						"curve": [ 0.25, 0, 0.75, 1 ]
					},
					{
						"time": 2.6667,
						"color": "ffffffff",
						"curve": [ 0.25, 0, 0.75, 1 ]
					},
					{
						"time": 3.6667,
						"color": "ff000033",
						"curve": [ 0.25, 0, 0.75, 1 ]
					},
					{ "time": 4.6667, "color": "ffffffff" }
				],
				"attachment": [
					{ "time": 0, "name": "back_mask_" }
				]
			},
			"baodian_": {
				"attachment": [
					{ "time": 1.1667, "name": "baodian_000_" },
					{ "time": 1.2333, "name": "baodian_002_" },
					{ "time": 1.3, "name": "baodian_004_" },
					{ "time": 1.3667, "name": "baodian_006_" },
					{ "time": 1.4333, "name": "baodian_008_" },
					{ "time": 1.5, "name": "baodian_010_" },
					{ "time": 1.5667, "name": "baodian_012_" },
					{ "time": 1.6333, "name": "baodian_014_" },
					{ "time": 1.7, "name": "baodian_016_" },
					{ "time": 1.7667, "name": "baodian_018_" },
					{ "time": 1.8333, "name": "baodian_020_" },
					{ "time": 1.9, "name": "baodian_022_" },
					{ "time": 1.9667, "name": "baodian_024_" },
					{ "time": 2.0333, "name": "baodian_026_" },
					{ "time": 2.1, "name": "baodian_028_" },
					{ "time": 2.1667, "name": "baodian_030_" },
					{ "time": 2.2333, "name": "baodian_032_" },
					{ "time": 2.3, "name": "baodian_034_" },
					{ "time": 2.3667, "name": "baodian_036_" },
					{ "time": 2.4333, "name": "baodian_040_" },
					{ "time": 2.5, "name": null }
				]
			},
			"big_fire01": {
				"color": [
					{ "time": 0, "color": "ffffffff" },
					{ "time": 1.3333, "color": "ffffff00" },
					{ "time": 1.6667, "color": "ffffffff" }
				],
				"attachment": [
					{ "time": 1.3333, "name": "big_fire01_020_" },
					{ "time": 1.4, "name": "big_fire01_022_" },
					{ "time": 1.4667, "name": "big_fire01_024_" },
					{ "time": 1.5333, "name": "big_fire01_026_" },
					{ "time": 1.6, "name": "big_fire01_028_" },
					{ "time": 1.6667, "name": "big_fire01_030_" },
					{ "time": 1.7333, "name": "big_fire01_032_" },
					{ "time": 1.8, "name": "big_fire01_034_" },
					{ "time": 1.8667, "name": "big_fire01_036_" },
					{ "time": 1.9333, "name": "big_fire01_038_" },
					{ "time": 2, "name": "big_fire01_040_" },
					{ "time": 2.0667, "name": "big_fire01_042_" },
					{ "time": 2.1333, "name": "big_fire01_044_" },
					{ "time": 2.2, "name": "big_fire01_046_" },
					{ "time": 2.2667, "name": "big_fire01_048_" },
					{ "time": 2.3333, "name": "big_fire01_050_" },
					{ "time": 2.4, "name": "big_fire01_052_" },
					{ "time": 2.4667, "name": "big_fire01_054_" },
					{ "time": 2.5333, "name": "big_fire01_056_" },
					{ "time": 2.6, "name": "big_fire01_058_" },
					{ "time": 2.6667, "name": "big_fire01_000_" },
					{ "time": 2.7333, "name": "big_fire01_002_" },
					{ "time": 2.8, "name": "big_fire01_004_" },
					{ "time": 2.8667, "name": "big_fire01_006_" },
					{ "time": 2.9333, "name": "big_fire01_008_" },
					{ "time": 3, "name": "big_fire01_010_" },
					{ "time": 3.0667, "name": "big_fire01_012_" },
					{ "time": 3.1333, "name": "big_fire01_014_" },
					{ "time": 3.2, "name": "big_fire01_016_" },
					{ "time": 3.2667, "name": "big_fire01_018_" },
					{ "time": 3.3333, "name": "big_fire01_020_" },
					{ "time": 3.4, "name": "big_fire01_022_" },
					{ "time": 3.4667, "name": "big_fire01_024_" },
					{ "time": 3.5333, "name": "big_fire01_026_" },
					{ "time": 3.6, "name": "big_fire01_028_" },
					{ "time": 3.6667, "name": "big_fire01_030_" },
					{ "time": 3.7333, "name": "big_fire01_032_" },
					{ "time": 3.8, "name": "big_fire01_034_" },
					{ "time": 3.8667, "name": "big_fire01_036_" },
					{ "time": 3.9333, "name": "big_fire01_038_" },
					{ "time": 4, "name": "big_fire01_040_" },
					{ "time": 4.0667, "name": "big_fire01_042_" },
					{ "time": 4.1333, "name": "big_fire01_044_" },
					{ "time": 4.2, "name": "big_fire01_046_" },
					{ "time": 4.2667, "name": "big_fire01_048_" },
					{ "time": 4.3333, "name": "big_fire01_050_" },
					{ "time": 4.4, "name": "big_fire01_052_" },
					{ "time": 4.4667, "name": "big_fire01_054_" },
					{ "time": 4.5333, "name": "big_fire01_056_" },
					{ "time": 4.6, "name": "big_fire01_058_" },
					{ "time": 4.6667, "name": null }
				]
			},
			"big_fire02": {
				"color": [
					{ "time": 0, "color": "ffffffff" },
					{ "time": 1.3333, "color": "ffffff00" },
					{ "time": 1.6667, "color": "ffffffff" }
				],
				"attachment": [
					{ "time": 1.3333, "name": "big_fire02_020_" },
					{ "time": 1.4, "name": "big_fire02_022_" },
					{ "time": 1.4667, "name": "big_fire02_024_" },
					{ "time": 1.5333, "name": "big_fire02_026_" },
					{ "time": 1.6, "name": "big_fire02_028_" },
					{ "time": 1.6667, "name": "big_fire02_030_" },
					{ "time": 1.7333, "name": "big_fire02_032_" },
					{ "time": 1.8, "name": "big_fire02_034_" },
					{ "time": 1.8667, "name": "big_fire02_036_" },
					{ "time": 1.9333, "name": "big_fire02_038_" },
					{ "time": 2, "name": "big_fire02_040_" },
					{ "time": 2.0667, "name": "big_fire02_042_" },
					{ "time": 2.1333, "name": "big_fire02_044_" },
					{ "time": 2.2, "name": "big_fire02_046_" },
					{ "time": 2.2667, "name": "big_fire02_048_" },
					{ "time": 2.3333, "name": "big_fire02_050_" },
					{ "time": 2.4, "name": "big_fire02_052_" },
					{ "time": 2.4667, "name": "big_fire02_054_" },
					{ "time": 2.5333, "name": "big_fire02_056_" },
					{ "time": 2.6, "name": "big_fire02_058_" },
					{ "time": 2.6667, "name": "big_fire02_000_" },
					{ "time": 2.7333, "name": "big_fire02_002_" },
					{ "time": 2.8, "name": "big_fire02_004_" },
					{ "time": 2.8667, "name": "big_fire02_006_" },
					{ "time": 2.9333, "name": "big_fire02_008_" },
					{ "time": 3, "name": "big_fire02_010_" },
					{ "time": 3.0667, "name": "big_fire02_012_" },
					{ "time": 3.1333, "name": "big_fire02_014_" },
					{ "time": 3.2, "name": "big_fire02_016_" },
					{ "time": 3.2667, "name": "big_fire02_018_" },
					{ "time": 3.3333, "name": "big_fire02_020_" },
					{ "time": 3.4, "name": "big_fire02_022_" },
					{ "time": 3.4667, "name": "big_fire02_024_" },
					{ "time": 3.5333, "name": "big_fire02_026_" },
					{ "time": 3.6, "name": "big_fire02_028_" },
					{ "time": 3.6667, "name": "big_fire02_030_" },
					{ "time": 3.7333, "name": "big_fire02_032_" },
					{ "time": 3.8, "name": "big_fire02_034_" },
					{ "time": 3.8667, "name": "big_fire02_036_" },
					{ "time": 3.9333, "name": "big_fire02_038_" },
					{ "time": 4, "name": "big_fire02_040_" },
					{ "time": 4.0667, "name": "big_fire02_042_" },
					{ "time": 4.1333, "name": "big_fire02_044_" },
					{ "time": 4.2, "name": "big_fire02_046_" },
					{ "time": 4.2667, "name": "big_fire02_048_" },
					{ "time": 4.3333, "name": "big_fire02_050_" },
					{ "time": 4.4, "name": "big_fire02_052_" },
					{ "time": 4.4667, "name": "big_fire02_054_" },
					{ "time": 4.5333, "name": "big_fire02_056_" },
					{ "time": 4.6, "name": "big_fire02_058_" },
					{ "time": 4.6667, "name": null }
				]
			},
			"dizuo_": {
				"attachment": [
					{ "time": 0, "name": "dizuo_" }
				]
			},
			"dizuo_glow_": {
				"attachment": [
					{ "time": 0, "name": "dizuo_glow_" }
				]
			},
			"eye_ray_": {
				"color": [
					{ "time": 0, "color": "ffffff00", "curve": "stepped" },
					{
						"time": 1.3333,
						"color": "ffffff00",
						"curve": [ 0.25, 0, 0.75, 1 ]
					},
					{
						"time": 1.6667,
						"color": "ffffffff",
						"curve": [ 0.25, 0, 0.75, 1 ]
					},
					{ "time": 2.6667, "color": "ffffff00" },
					{
						"time": 3.6667,
						"color": "ffffffff",
						"curve": [ 0.25, 0, 0.75, 1 ]
					},
					{ "time": 4.6667, "color": "ffffff00" }
				],
				"attachment": [
					{ "time": 1.3333, "name": "eye_ray_" }
				]
			},
			"fire_ball": {
				"attachment": [
					{ "time": 1.3333, "name": "fire_ball_020_" },
					{ "time": 1.4, "name": "fire_ball_022_" },
					{ "time": 1.4667, "name": "fire_ball_024_" },
					{ "time": 1.5333, "name": "fire_ball_026_" },
					{ "time": 1.6, "name": "fire_ball_028_" },
					{ "time": 1.6667, "name": "fire_ball_030_" },
					{ "time": 1.7333, "name": "fire_ball_032_" },
					{ "time": 1.8, "name": "fire_ball_034_" },
					{ "time": 1.8667, "name": "fire_ball_036_" },
					{ "time": 1.9333, "name": "fire_ball_038_" },
					{ "time": 2, "name": "fire_ball_040_" },
					{ "time": 2.0667, "name": "fire_ball_042_" },
					{ "time": 2.1333, "name": "fire_ball_044_" },
					{ "time": 2.2, "name": "fire_ball_046_" },
					{ "time": 2.2667, "name": "fire_ball_048_" },
					{ "time": 2.3333, "name": "fire_ball_050_" },
					{ "time": 2.4, "name": "fire_ball_052_" },
					{ "time": 2.4667, "name": "fire_ball_054_" },
					{ "time": 2.5333, "name": "fire_ball_056_" },
					{ "time": 2.6, "name": "fire_ball_058_" },
					{ "time": 2.6667, "name": "fire_ball_000_" },
					{ "time": 2.7333, "name": "fire_ball_002_" },
					{ "time": 2.8, "name": "fire_ball_004_" },
					{ "time": 2.8667, "name": "fire_ball_006_" },
					{ "time": 2.9333, "name": "fire_ball_008_" },
					{ "time": 3, "name": "fire_ball_010_" },
					{ "time": 3.0667, "name": "fire_ball_012_" },
					{ "time": 3.1333, "name": "fire_ball_014_" },
					{ "time": 3.2, "name": "fire_ball_016_" },
					{ "time": 3.2667, "name": "fire_ball_018_" },
					{ "time": 3.3333, "name": "fire_ball_020_" },
					{ "time": 3.4, "name": "fire_ball_022_" },
					{ "time": 3.4667, "name": "fire_ball_024_" },
					{ "time": 3.5333, "name": "fire_ball_026_" },
					{ "time": 3.6, "name": "fire_ball_028_" },
					{ "time": 3.6667, "name": "fire_ball_030_" },
					{ "time": 3.7333, "name": "fire_ball_032_" },
					{ "time": 3.8, "name": "fire_ball_034_" },
					{ "time": 3.8667, "name": "fire_ball_036_" },
					{ "time": 3.9333, "name": "fire_ball_038_" },
					{ "time": 4, "name": "fire_ball_040_" },
					{ "time": 4.0667, "name": "fire_ball_042_" },
					{ "time": 4.1333, "name": "fire_ball_044_" },
					{ "time": 4.2, "name": "fire_ball_046_" },
					{ "time": 4.2667, "name": "fire_ball_048_" },
					{ "time": 4.3333, "name": "fire_ball_050_" },
					{ "time": 4.4, "name": "fire_ball_052_" },
					{ "time": 4.4667, "name": "fire_ball_054_" },
					{ "time": 4.5333, "name": "fire_ball_056_" },
					{ "time": 4.6, "name": "fire_ball_058_" },
					{ "time": 4.6667, "name": null }
				]
			},
			"fuwen_": {
				"attachment": [
					{ "time": 2, "name": "fuwen_060_" },
					{ "time": 2.0667, "name": "fuwen_062_" },
					{ "time": 2.1667, "name": "fuwen_064_" },
					{ "time": 2.2667, "name": "fuwen_066_" },
					{ "time": 2.3333, "name": "fuwen_068_" },
					{ "time": 2.4333, "name": "fuwen_070_" },
					{ "time": 2.5333, "name": "fuwen_072_" },
					{ "time": 2.6, "name": "fuwen_074_" },
					{ "time": 2.7, "name": "fuwen_076_" },
					{ "time": 2.8, "name": "fuwen_078_" },
					{ "time": 2.8667, "name": "fuwen_080_" },
					{ "time": 2.9667, "name": "fuwen_082_" },
					{ "time": 3.0667, "name": "fuwen_084_" },
					{ "time": 3.1333, "name": "fuwen_086_" },
					{ "time": 3.2333, "name": "fuwen_088_" },
					{ "time": 3.3333, "name": "fuwen_090_" },
					{ "time": 3.4333, "name": "fuwen_092_" },
					{ "time": 3.5, "name": "fuwen_094_" },
					{ "time": 3.6, "name": "fuwen_096_" },
					{ "time": 3.7, "name": "fuwen_098_" },
					{ "time": 3.7667, "name": "fuwen_100_" },
					{ "time": 3.8667, "name": "fuwen_102_" },
					{ "time": 3.9667, "name": "fuwen_104_" },
					{ "time": 4.0333, "name": "fuwen_106_" },
					{ "time": 4.1333, "name": "fuwen_108_" },
					{ "time": 4.2333, "name": "fuwen_110_" },
					{ "time": 4.3, "name": "fuwen_112_" },
					{ "time": 4.4, "name": "fuwen_114_" },
					{ "time": 4.5, "name": "fuwen_116_" },
					{ "time": 4.5667, "name": "fuwen_118_" },
					{ "time": 4.6667, "name": null }
				]
			},
			"huan_start": {
				"attachment": [
					{ "time": 0, "name": "huan_start_001_" },
					{ "time": 0.0667, "name": "huan_start_003_" },
					{ "time": 0.1333, "name": "huan_start_005_" },
					{ "time": 0.2, "name": "huan_start_007_" },
					{ "time": 0.2667, "name": "huan_start_009_" },
					{ "time": 0.3333, "name": "huan_start_011_" },
					{ "time": 0.4, "name": "huan_start_013_" },
					{ "time": 0.4667, "name": "huan_start_015_" },
					{ "time": 0.5333, "name": "huan_start_017_" },
					{ "time": 0.6, "name": "huan_start_019_" },
					{ "time": 0.6667, "name": "huan_start_021_" },
					{ "time": 0.7333, "name": "huan_start_023_" },
					{ "time": 0.8, "name": "huan_start_025_" },
					{ "time": 0.8667, "name": "huan_start_027_" },
					{ "time": 0.9333, "name": "huan_start_029_" },
					{ "time": 1, "name": "huan_start_031_" },
					{ "time": 1.0667, "name": "huan_start_033_" },
					{ "time": 1.1333, "name": "huan_start_035_" },
					{ "time": 1.2, "name": "huan_start_037_" },
					{ "time": 1.2667, "name": "huan_start_039_" },
					{ "time": 1.3333, "name": "huan_start_041_" },
					{ "time": 1.4, "name": "huan_start_043_" },
					{ "time": 1.4667, "name": "huan_start_045_" },
					{ "time": 1.5333, "name": "huan_start_047_" },
					{ "time": 1.6, "name": "huan_start_049_" },
					{ "time": 1.6667, "name": "huan_start_051_" },
					{ "time": 1.7333, "name": "huan_start_053_" },
					{ "time": 1.8, "name": "huan_start_055_" },
					{ "time": 1.8667, "name": "huan_start_057_" },
					{ "time": 1.9333, "name": "huan_start_059_" },
					{ "time": 2, "name": null }
				]
			},
			"huohua": {
				"color": [
					{ "time": 0, "color": "ffffff00", "curve": "stepped" },
					{ "time": 0.7, "color": "ffffff00" },
					{ "time": 1.1667, "color": "ffffffff" }
				],
				"attachment": [
					{ "time": 0.7, "name": "huohua_058_" },
					{ "time": 0.7667, "name": "huohua_002_" },
					{ "time": 0.8333, "name": "huohua_004_" },
					{ "time": 0.9, "name": "huohua_006_" },
					{ "time": 0.9667, "name": "huohua_008_" },
					{ "time": 1.0333, "name": "huohua_010_" },
					{ "time": 1.1, "name": "huohua_012_" },
					{ "time": 1.1667, "name": "huohua_014_" },
					{ "time": 1.2333, "name": "huohua_016_" },
					{ "time": 1.3, "name": "huohua_018_" },
					{ "time": 1.3667, "name": "huohua_020_" },
					{ "time": 1.4333, "name": "huohua_022_" },
					{ "time": 1.5, "name": "huohua_024_" },
					{ "time": 1.5667, "name": "huohua_026_" },
					{ "time": 1.6333, "name": "huohua_028_" },
					{ "time": 1.7, "name": "huohua_030_" },
					{ "time": 1.7667, "name": "huohua_032_" },
					{ "time": 1.8333, "name": "huohua_034_" },
					{ "time": 1.9, "name": "huohua_036_" },
					{ "time": 1.9667, "name": "huohua_038_" },
					{ "time": 2.0333, "name": "huohua_040_" },
					{ "time": 2.1, "name": "huohua_042_" },
					{ "time": 2.1667, "name": "huohua_044_" },
					{ "time": 2.2333, "name": "huohua_046_" },
					{ "time": 2.3, "name": "huohua_048_" },
					{ "time": 2.3667, "name": "huohua_050_" },
					{ "time": 2.4333, "name": "huohua_052_" },
					{ "time": 2.5, "name": "huohua_054_" },
					{ "time": 2.5667, "name": "huohua_056_" },
					{ "time": 2.6333, "name": "huohua_058_" },
					{ "time": 2.7, "name": "huohua_058_" },
					{ "time": 2.7667, "name": "huohua_002_" },
					{ "time": 2.8333, "name": "huohua_004_" },
					{ "time": 2.9, "name": "huohua_006_" },
					{ "time": 2.9667, "name": "huohua_008_" },
					{ "time": 3.0333, "name": "huohua_010_" },
					{ "time": 3.1, "name": "huohua_012_" },
					{ "time": 3.1667, "name": "huohua_014_" },
					{ "time": 3.2333, "name": "huohua_016_" },
					{ "time": 3.3, "name": "huohua_018_" },
					{ "time": 3.3667, "name": "huohua_020_" },
					{ "time": 3.4333, "name": "huohua_022_" },
					{ "time": 3.5, "name": "huohua_024_" },
					{ "time": 3.5667, "name": "huohua_026_" },
					{ "time": 3.6333, "name": "huohua_028_" },
					{ "time": 3.7, "name": "huohua_030_" },
					{ "time": 3.7667, "name": "huohua_032_" },
					{ "time": 3.8333, "name": "huohua_034_" },
					{ "time": 3.9, "name": "huohua_036_" },
					{ "time": 3.9667, "name": "huohua_038_" },
					{ "time": 4.0333, "name": "huohua_040_" },
					{ "time": 4.1, "name": "huohua_042_" },
					{ "time": 4.1667, "name": "huohua_044_" },
					{ "time": 4.2333, "name": "huohua_046_" },
					{ "time": 4.3, "name": "huohua_048_" },
					{ "time": 4.3667, "name": "huohua_050_" },
					{ "time": 4.4333, "name": "huohua_052_" },
					{ "time": 4.5, "name": "huohua_054_" },
					{ "time": 4.5667, "name": "huohua_056_" },
					{ "time": 4.6333, "name": "huohua_058_" },
					{ "time": 4.7, "name": null }
				]
			},
			"small_fire": {
				"attachment": [
					{ "time": 0.6667, "name": "small_fire_014_" },
					{ "time": 0.7333, "name": "small_fire_016_" },
					{ "time": 0.8333, "name": "small_fire_018_" },
					{ "time": 0.9, "name": "small_fire_020_" },
					{ "time": 0.9667, "name": "small_fire_022_" },
					{ "time": 1.0667, "name": "small_fire_024_" },
					{ "time": 1.1333, "name": "small_fire_026_" },
					{ "time": 1.2, "name": "small_fire_028_" },
					{ "time": 1.2667, "name": "small_fire_000_" },
					{ "time": 1.3667, "name": "small_fire_002_" },
					{ "time": 1.4333, "name": "small_fire_004_" },
					{ "time": 1.5, "name": "small_fire_006_" },
					{ "time": 1.6, "name": "small_fire_008_" },
					{ "time": 1.6667, "name": "small_fire_010_" },
					{ "time": 1.7333, "name": "small_fire_012_" },
					{ "time": 1.8, "name": "small_fire_014_" },
					{ "time": 1.9, "name": "small_fire_016_" },
					{ "time": 1.9667, "name": "small_fire_018_" },
					{ "time": 2.0333, "name": "small_fire_020_" },
					{ "time": 2.1333, "name": "small_fire_022_" },
					{ "time": 2.2, "name": "small_fire_024_" },
					{ "time": 2.2667, "name": "small_fire_026_" },
					{ "time": 2.3333, "name": "small_fire_028_" },
					{ "time": 2.4333, "name": "small_fire_000_" },
					{ "time": 2.5, "name": "small_fire_002_" },
					{ "time": 2.5667, "name": "small_fire_004_" },
					{ "time": 2.6667, "name": "small_fire_006_" },
					{ "time": 2.7333, "name": "small_fire_008_" },
					{ "time": 2.8, "name": "small_fire_010_" },
					{ "time": 2.8667, "name": "small_fire_012_" },
					{ "time": 2.9667, "name": "small_fire_014_" },
					{ "time": 3.0333, "name": "small_fire_016_" },
					{ "time": 3.1, "name": "small_fire_018_" },
					{ "time": 3.1667, "name": "small_fire_020_" },
					{ "time": 3.2667, "name": "small_fire_022_" },
					{ "time": 3.3333, "name": "small_fire_024_" },
					{ "time": 3.4, "name": "small_fire_026_" },
					{ "time": 3.5, "name": "small_fire_028_" },
					{ "time": 3.5667, "name": "small_fire_000_" },
					{ "time": 3.6333, "name": "small_fire_002_" },
					{ "time": 3.7, "name": "small_fire_004_" },
					{ "time": 3.8, "name": "small_fire_006_" },
					{ "time": 3.8667, "name": "small_fire_008_" },
					{ "time": 3.9333, "name": "small_fire_010_" },
					{ "time": 4.0333, "name": "small_fire_012_" },
					{ "time": 4.1, "name": "small_fire_014_" },
					{ "time": 4.1667, "name": "small_fire_016_" },
					{ "time": 4.2333, "name": "small_fire_018_" },
					{ "time": 4.3333, "name": "small_fire_020_" },
					{ "time": 4.4, "name": "small_fire_022_" },
					{ "time": 4.4667, "name": "small_fire_024_" },
					{ "time": 4.5667, "name": "small_fire_026_" },
					{ "time": 4.6333, "name": "small_fire_028_" },
					{ "time": 4.7, "name": null }
				]
			},
			"small_fire2": {
				"attachment": [
					{ "time": 1, "name": "small_fire_014_" },
					{ "time": 1.0667, "name": "small_fire_016_" },
					{ "time": 1.1333, "name": "small_fire_018_" },
					{ "time": 1.2, "name": "small_fire_020_" },
					{ "time": 1.3, "name": "small_fire_022_" },
					{ "time": 1.3667, "name": "small_fire_024_" },
					{ "time": 1.4333, "name": "small_fire_026_" },
					{ "time": 1.5, "name": "small_fire_028_" },
					{ "time": 1.5667, "name": "small_fire_000_" },
					{ "time": 1.6333, "name": "small_fire_002_" },
					{ "time": 1.7, "name": "small_fire_004_" },
					{ "time": 1.7667, "name": "small_fire_006_" },
					{ "time": 1.8333, "name": "small_fire_008_" },
					{ "time": 1.9, "name": "small_fire_010_" },
					{ "time": 1.9667, "name": "small_fire_012_" },
					{ "time": 2.0667, "name": "small_fire_014_" },
					{ "time": 2.1333, "name": "small_fire_016_" },
					{ "time": 2.2, "name": "small_fire_018_" },
					{ "time": 2.2667, "name": "small_fire_020_" },
					{ "time": 2.3333, "name": "small_fire_022_" },
					{ "time": 2.4, "name": "small_fire_024_" },
					{ "time": 2.4667, "name": "small_fire_026_" },
					{ "time": 2.5333, "name": "small_fire_028_" },
					{ "time": 2.6, "name": "small_fire_000_" },
					{ "time": 2.6667, "name": "small_fire_002_" },
					{ "time": 2.7333, "name": "small_fire_004_" },
					{ "time": 2.8333, "name": "small_fire_006_" },
					{ "time": 2.9, "name": "small_fire_008_" },
					{ "time": 2.9667, "name": "small_fire_010_" },
					{ "time": 3.0333, "name": "small_fire_012_" },
					{ "time": 3.1, "name": "small_fire_014_" },
					{ "time": 3.1667, "name": "small_fire_016_" },
					{ "time": 3.2333, "name": "small_fire_018_" },
					{ "time": 3.3, "name": "small_fire_020_" },
					{ "time": 3.3667, "name": "small_fire_022_" },
					{ "time": 3.4333, "name": "small_fire_024_" },
					{ "time": 3.5, "name": "small_fire_026_" },
					{ "time": 3.6, "name": "small_fire_028_" },
					{ "time": 3.6667, "name": "small_fire_000_" },
					{ "time": 3.7333, "name": "small_fire_002_" },
					{ "time": 3.8, "name": "small_fire_004_" },
					{ "time": 3.8667, "name": "small_fire_006_" },
					{ "time": 3.9333, "name": "small_fire_008_" },
					{ "time": 4, "name": "small_fire_010_" },
					{ "time": 4.0667, "name": "small_fire_012_" },
					{ "time": 4.1333, "name": "small_fire_014_" },
					{ "time": 4.2, "name": "small_fire_016_" },
					{ "time": 4.2667, "name": "small_fire_018_" },
					{ "time": 4.3667, "name": "small_fire_020_" },
					{ "time": 4.4333, "name": "small_fire_022_" },
					{ "time": 4.5, "name": "small_fire_024_" },
					{ "time": 4.5667, "name": "small_fire_026_" },
					{ "time": 4.6333, "name": "small_fire_028_" },
					{ "time": 4.7, "name": null }
				]
			},
			"small_fire3": {
				"attachment": [
					{ "time": 1, "name": "small_fire_004_" },
					{ "time": 1.0667, "name": "small_fire_006_" },
					{ "time": 1.1333, "name": "small_fire_008_" },
					{ "time": 1.2, "name": "small_fire_010_" },
					{ "time": 1.2667, "name": "small_fire_012_" },
					{ "time": 1.3333, "name": "small_fire_014_" },
					{ "time": 1.4333, "name": "small_fire_016_" },
					{ "time": 1.5, "name": "small_fire_018_" },
					{ "time": 1.5667, "name": "small_fire_020_" },
					{ "time": 1.6333, "name": "small_fire_022_" },
					{ "time": 1.7, "name": "small_fire_024_" },
					{ "time": 1.7667, "name": "small_fire_026_" },
					{ "time": 1.8333, "name": "small_fire_028_" },
					{ "time": 1.9, "name": "small_fire_000_" },
					{ "time": 1.9667, "name": "small_fire_002_" },
					{ "time": 2.0333, "name": "small_fire_004_" },
					{ "time": 2.1, "name": "small_fire_006_" },
					{ "time": 2.2, "name": "small_fire_008_" },
					{ "time": 2.2667, "name": "small_fire_010_" },
					{ "time": 2.3333, "name": "small_fire_012_" },
					{ "time": 2.4, "name": "small_fire_014_" },
					{ "time": 2.4667, "name": "small_fire_016_" },
					{ "time": 2.5333, "name": "small_fire_018_" },
					{ "time": 2.6, "name": "small_fire_020_" },
					{ "time": 2.6667, "name": "small_fire_022_" },
					{ "time": 2.7333, "name": "small_fire_024_" },
					{ "time": 2.8, "name": "small_fire_026_" },
					{ "time": 2.9, "name": "small_fire_028_" },
					{ "time": 2.9667, "name": "small_fire_000_" },
					{ "time": 3.0333, "name": "small_fire_002_" },
					{ "time": 3.1, "name": "small_fire_004_" },
					{ "time": 3.1667, "name": "small_fire_006_" },
					{ "time": 3.2333, "name": "small_fire_008_" },
					{ "time": 3.3, "name": "small_fire_010_" },
					{ "time": 3.3667, "name": "small_fire_012_" },
					{ "time": 3.4333, "name": "small_fire_014_" },
					{ "time": 3.5, "name": "small_fire_016_" },
					{ "time": 3.5667, "name": "small_fire_018_" },
					{ "time": 3.6667, "name": "small_fire_020_" },
					{ "time": 3.7333, "name": "small_fire_022_" },
					{ "time": 3.8, "name": "small_fire_024_" },
					{ "time": 3.8667, "name": "small_fire_026_" },
					{ "time": 3.9333, "name": "small_fire_028_" },
					{ "time": 4, "name": "small_fire_000_" },
					{ "time": 4.0667, "name": "small_fire_002_" },
					{ "time": 4.1333, "name": "small_fire_004_" },
					{ "time": 4.2, "name": "small_fire_006_" },
					{ "time": 4.2667, "name": "small_fire_008_" },
					{ "time": 4.3333, "name": "small_fire_010_" },
					{ "time": 4.4333, "name": "small_fire_012_" },
					{ "time": 4.5, "name": "small_fire_014_" },
					{ "time": 4.5667, "name": "small_fire_016_" },
					{ "time": 4.6333, "name": "small_fire_018_" },
					{ "time": 4.7, "name": null }
				]
			},
			"small_fire4": {
				"attachment": [
					{ "time": 0.8333, "name": "small_fire_014_" },
					{ "time": 0.9, "name": "small_fire_016_" },
					{ "time": 0.9667, "name": "small_fire_018_" },
					{ "time": 1.0667, "name": "small_fire_020_" },
					{ "time": 1.1333, "name": "small_fire_022_" },
					{ "time": 1.2, "name": "small_fire_024_" },
					{ "time": 1.2667, "name": "small_fire_026_" },
					{ "time": 1.3333, "name": "small_fire_028_" },
					{ "time": 1.4333, "name": "small_fire_000_" },
					{ "time": 1.5, "name": "small_fire_002_" },
					{ "time": 1.5667, "name": "small_fire_004_" },
					{ "time": 1.6333, "name": "small_fire_006_" },
					{ "time": 1.7, "name": "small_fire_008_" },
					{ "time": 1.8, "name": "small_fire_010_" },
					{ "time": 1.8667, "name": "small_fire_012_" },
					{ "time": 1.9333, "name": "small_fire_014_" },
					{ "time": 2, "name": "small_fire_016_" },
					{ "time": 2.0667, "name": "small_fire_018_" },
					{ "time": 2.1667, "name": "small_fire_020_" },
					{ "time": 2.2333, "name": "small_fire_022_" },
					{ "time": 2.3, "name": "small_fire_024_" },
					{ "time": 2.3667, "name": "small_fire_026_" },
					{ "time": 2.4333, "name": "small_fire_028_" },
					{ "time": 2.5, "name": "small_fire_000_" },
					{ "time": 2.6, "name": "small_fire_002_" },
					{ "time": 2.6667, "name": "small_fire_004_" },
					{ "time": 2.7333, "name": "small_fire_006_" },
					{ "time": 2.8, "name": "small_fire_008_" },
					{ "time": 2.8667, "name": "small_fire_010_" },
					{ "time": 2.9667, "name": "small_fire_012_" },
					{ "time": 3.0333, "name": "small_fire_014_" },
					{ "time": 3.1, "name": "small_fire_016_" },
					{ "time": 3.1667, "name": "small_fire_018_" },
					{ "time": 3.2333, "name": "small_fire_020_" },
					{ "time": 3.3333, "name": "small_fire_022_" },
					{ "time": 3.4, "name": "small_fire_024_" },
					{ "time": 3.4667, "name": "small_fire_026_" },
					{ "time": 3.5333, "name": "small_fire_028_" },
					{ "time": 3.6, "name": "small_fire_000_" },
					{ "time": 3.7, "name": "small_fire_002_" },
					{ "time": 3.7667, "name": "small_fire_004_" },
					{ "time": 3.8333, "name": "small_fire_006_" },
					{ "time": 3.9, "name": "small_fire_008_" },
					{ "time": 3.9667, "name": "small_fire_010_" },
					{ "time": 4.0667, "name": "small_fire_012_" },
					{ "time": 4.1333, "name": "small_fire_014_" },
					{ "time": 4.2, "name": "small_fire_016_" },
					{ "time": 4.2667, "name": "small_fire_018_" },
					{ "time": 4.3333, "name": "small_fire_020_" },
					{ "time": 4.4, "name": "small_fire_022_" },
					{ "time": 4.5, "name": "small_fire_024_" },
					{ "time": 4.5667, "name": "small_fire_026_" },
					{ "time": 4.6333, "name": "small_fire_028_" },
					{ "time": 4.7, "name": null }
				]
			},
			"small_fire5": {
				"attachment": [
					{ "time": 1.1667, "name": "small_fire_004_" },
					{ "time": 1.2333, "name": "small_fire_006_" },
					{ "time": 1.3, "name": "small_fire_008_" },
					{ "time": 1.3667, "name": "small_fire_010_" },
					{ "time": 1.4333, "name": "small_fire_012_" },
					{ "time": 1.5, "name": "small_fire_014_" },
					{ "time": 1.5667, "name": "small_fire_016_" },
					{ "time": 1.6333, "name": "small_fire_018_" },
					{ "time": 1.7, "name": "small_fire_020_" },
					{ "time": 1.7667, "name": "small_fire_022_" },
					{ "time": 1.8333, "name": "small_fire_024_" },
					{ "time": 1.9, "name": "small_fire_026_" },
					{ "time": 1.9667, "name": "small_fire_028_" },
					{ "time": 2.0333, "name": "small_fire_000_" },
					{ "time": 2.1, "name": "small_fire_002_" },
					{ "time": 2.1667, "name": "small_fire_004_" },
					{ "time": 2.2333, "name": "small_fire_006_" },
					{ "time": 2.3, "name": "small_fire_008_" },
					{ "time": 2.3667, "name": "small_fire_010_" },
					{ "time": 2.4333, "name": "small_fire_012_" },
					{ "time": 2.5, "name": "small_fire_014_" },
					{ "time": 2.5667, "name": "small_fire_016_" },
					{ "time": 2.6333, "name": "small_fire_018_" },
					{ "time": 2.7, "name": "small_fire_020_" },
					{ "time": 2.7667, "name": "small_fire_022_" },
					{ "time": 2.8333, "name": "small_fire_024_" },
					{ "time": 2.9, "name": "small_fire_026_" },
					{ "time": 2.9667, "name": "small_fire_028_" },
					{ "time": 3.0333, "name": "small_fire_000_" },
					{ "time": 3.1, "name": "small_fire_002_" },
					{ "time": 3.1667, "name": "small_fire_004_" },
					{ "time": 3.2333, "name": "small_fire_006_" },
					{ "time": 3.3, "name": "small_fire_008_" },
					{ "time": 3.3667, "name": "small_fire_010_" },
					{ "time": 3.4333, "name": "small_fire_012_" },
					{ "time": 3.5, "name": "small_fire_014_" },
					{ "time": 3.5667, "name": "small_fire_016_" },
					{ "time": 3.6333, "name": "small_fire_018_" },
					{ "time": 3.7, "name": "small_fire_020_" },
					{ "time": 3.7667, "name": "small_fire_022_" },
					{ "time": 3.8333, "name": "small_fire_024_" },
					{ "time": 3.9, "name": "small_fire_026_" },
					{ "time": 3.9667, "name": "small_fire_028_" },
					{ "time": 4.0333, "name": "small_fire_000_" },
					{ "time": 4.1, "name": "small_fire_002_" },
					{ "time": 4.1667, "name": "small_fire_004_" },
					{ "time": 4.2333, "name": "small_fire_006_" },
					{ "time": 4.3, "name": "small_fire_008_" },
					{ "time": 4.3667, "name": "small_fire_010_" },
					{ "time": 4.4333, "name": "small_fire_012_" },
					{ "time": 4.5, "name": "small_fire_014_" },
					{ "time": 4.5667, "name": "small_fire_016_" },
					{ "time": 4.6333, "name": "small_fire_018_" },
					{ "time": 4.7, "name": null }
				]
			},
			"small_fire6": {
				"attachment": [
					{ "time": 0.8333, "name": "small_fire_014_" },
					{ "time": 0.9, "name": "small_fire_016_" },
					{ "time": 0.9667, "name": "small_fire_018_" },
					{ "time": 1.0667, "name": "small_fire_020_" },
					{ "time": 1.1333, "name": "small_fire_022_" },
					{ "time": 1.2, "name": "small_fire_024_" },
					{ "time": 1.2667, "name": "small_fire_026_" },
					{ "time": 1.3333, "name": "small_fire_028_" },
					{ "time": 1.4333, "name": "small_fire_000_" },
					{ "time": 1.5, "name": "small_fire_002_" },
					{ "time": 1.5667, "name": "small_fire_004_" },
					{ "time": 1.6333, "name": "small_fire_006_" },
					{ "time": 1.7, "name": "small_fire_008_" },
					{ "time": 1.7667, "name": "small_fire_010_" },
					{ "time": 1.8667, "name": "small_fire_012_" },
					{ "time": 1.9333, "name": "small_fire_014_" },
					{ "time": 2, "name": "small_fire_016_" },
					{ "time": 2.0667, "name": "small_fire_018_" },
					{ "time": 2.1333, "name": "small_fire_020_" },
					{ "time": 2.2, "name": "small_fire_022_" },
					{ "time": 2.3, "name": "small_fire_024_" },
					{ "time": 2.3667, "name": "small_fire_026_" },
					{ "time": 2.4333, "name": "small_fire_028_" },
					{ "time": 2.5, "name": "small_fire_000_" },
					{ "time": 2.5667, "name": "small_fire_002_" },
					{ "time": 2.6667, "name": "small_fire_004_" },
					{ "time": 2.7333, "name": "small_fire_006_" },
					{ "time": 2.8, "name": "small_fire_008_" },
					{ "time": 2.8667, "name": "small_fire_010_" },
					{ "time": 2.9333, "name": "small_fire_012_" },
					{ "time": 3, "name": "small_fire_014_" },
					{ "time": 3.1, "name": "small_fire_016_" },
					{ "time": 3.1667, "name": "small_fire_018_" },
					{ "time": 3.2333, "name": "small_fire_020_" },
					{ "time": 3.3, "name": "small_fire_022_" },
					{ "time": 3.3667, "name": "small_fire_024_" },
					{ "time": 3.4667, "name": "small_fire_026_" },
					{ "time": 3.5333, "name": "small_fire_028_" },
					{ "time": 3.6, "name": "small_fire_000_" },
					{ "time": 3.6667, "name": "small_fire_002_" },
					{ "time": 3.7333, "name": "small_fire_004_" },
					{ "time": 3.8, "name": "small_fire_006_" },
					{ "time": 3.9, "name": "small_fire_008_" },
					{ "time": 3.9667, "name": "small_fire_010_" },
					{ "time": 4.0333, "name": "small_fire_012_" },
					{ "time": 4.1, "name": "small_fire_014_" },
					{ "time": 4.1667, "name": "small_fire_016_" },
					{ "time": 4.2333, "name": "small_fire_018_" },
					{ "time": 4.3333, "name": "small_fire_020_" },
					{ "time": 4.4, "name": "small_fire_022_" },
					{ "time": 4.4667, "name": "small_fire_024_" },
					{ "time": 4.5333, "name": "small_fire_026_" },
					{ "time": 4.6, "name": "small_fire_028_" },
					{ "time": 4.7, "name": null }
				]
			},
			"suipian": {
				"attachment": [
					{ "time": 1.1667, "name": "suipian_001_" },
					{ "time": 1.2, "name": "suipian_003_" },
					{ "time": 1.2333, "name": "suipian_005_" },
					{ "time": 1.3, "name": "suipian_007_" },
					{ "time": 1.3667, "name": "suipian_009_" },
					{ "time": 1.4333, "name": "suipian_011_" },
					{ "time": 1.5, "name": "suipian_013_" },
					{ "time": 1.5667, "name": "suipian_015_" },
					{ "time": 1.6333, "name": "suipian_017_" },
					{ "time": 1.7, "name": "suipian_019_" },
					{ "time": 1.7667, "name": "suipian_021_" },
					{ "time": 1.8333, "name": "suipian_023_" },
					{ "time": 1.9, "name": null }
				]
			}
		},
		"bones": {
			"big_fire01": {
				"translate": [
					{ "time": 0, "x": -6.98, "y": -101.27 }
				]
			},
			"big_fire02": {
				"translate": [
					{ "time": 0, "x": -11.64, "y": -110.58 }
				]
			},
			"fire_ball": {
				"translate": [
					{ "time": 0, "x": 0, "y": 0.37 }
				],
				"scale": [
					{ "time": 0, "x": 0.725, "y": 0.725 }
				]
			},
			"fuwen_": {
				"translate": [
					{ "time": 0, "x": 0, "y": 1.6 }
				]
			},
			"small_fire": {
				"translate": [
					{ "time": 0, "x": 2.32, "y": -97.36 }
				]
			},
			"small_fire2": {
				"translate": [
					{ "time": 0, "x": -103.15, "y": 83.45 }
				]
			},
			"small_fire3": {
				"translate": [
					{ "time": 0, "x": 117.06, "y": 81.13 }
				]
			},
			"huan_start": {
				"translate": [
					{ "time": 0, "x": 0, "y": 12.92 }
				]
			},
			"small_fire4": {
				"translate": [
					{ "time": 0, "x": -115.06, "y": -40.5 }
				]
			},
			"small_fire5": {
				"translate": [
					{ "time": 0, "x": 1.52, "y": 158.16 }
				]
			},
			"small_fire6": {
				"translate": [
					{ "time": 0, "x": 121.53, "y": -42.34 }
				]
			}
		}
	}
}
}