{
"skeleton": { "hash": "axkNyMp74YrnsMre0RacKE/9vdM", "spine": "2.1.27", "width": 343.02, "height": 509.02 },
"bones": [
	{ "name": "root" },
	{ "name": "bone", "parent": "root", "x": 34.68, "y": 121.24 },
	{ "name": "shangshen", "parent": "bone", "length": 90.79, "x": -0.08, "y": 0.25, "rotation": 74.64 },
	{ "name": "xiashen", "parent": "bone", "length": 123.27, "x": 0.09, "rotation": -90.45 },
	{ "name": "diaozhi01", "parent": "shangshen", "length": 61.48, "x": 33.21, "y": 7.68, "rotation": -148.35 },
	{ "name": "diaozhui02", "parent": "shangshen", "length": 33.08, "x": 26.83, "y": -4.25, "rotation": -144.6 },
	{ "name": "diaozhui03", "parent": "shangshen", "length": 24.65, "x": 33.14, "y": -14.12, "rotation": -139.92 },
	{ "name": "shangshen2", "parent": "shangshen", "length": 139.59, "x": 91.49, "y": -1.83, "rotation": 31.13 },
	{ "name": "xiashen2", "parent": "xiashen", "length": 36.16, "x": 40.52, "y": -110.68 },
	{ "name": "bozi", "parent": "shangshen2", "length": 72.05, "x": 139.62, "y": -0.16, "rotation": -8.15 },
	{ "name": "shangshen3", "parent": "shangshen2", "length": 72.87, "x": 135.93, "y": 14.82, "rotation": 76.98 },
	{ "name": "shangshen5", "parent": "shangshen2", "length": 37.58, "x": 133.53, "y": -9.48, "rotation": -83.7 },
	{ "name": "shangshen6", "parent": "shangshen2", "x": 60.4, "y": -26.57 },
	{ "name": "xiashen4", "parent": "xiashen2", "length": 46.52, "x": 33.88, "y": -0.12, "rotation": 1.9 },
	{ "name": "youxiu", "parent": "shangshen2", "length": 41.1, "x": 101.55, "y": -6.13, "rotation": 113.03 },
	{ "name": "shangshen4", "parent": "shangshen5", "length": 115.97, "x": 37.95, "y": 0.42, "rotation": -69.09 },
	{ "name": "tou", "parent": "bozi", "length": 91.77, "x": 71.05, "y": 0.18, "rotation": 19.43 },
	{ "name": "youshangbi", "parent": "shangshen3", "length": 162.67, "x": 71.44, "y": 0.16, "rotation": 73.07 },
	{ "name": "youxiu2", "parent": "youxiu", "length": 62.08, "x": 42.63, "y": -1.94, "rotation": 17.48 },
	{ "name": "youfa01", "parent": "tou", "length": 21.72, "x": 76.51, "y": -23.58, "rotation": 111.09 },
	{ "name": "youfa02", "parent": "tou", "length": 35.8, "x": 80.91, "y": 18.73, "rotation": 141.78 },
	{ "name": "youxiaobi", "parent": "youshangbi", "length": 152.69, "x": 161.9, "y": -0.82, "rotation": 1.89 },
	{ "name": "youxiu3", "parent": "youxiu2", "length": 71.49, "x": 61.06, "y": -0.67, "rotation": -1.36 },
	{ "name": "zuodabi", "parent": "shangshen4", "length": 40.6, "x": 99.47, "y": -28.03, "rotation": -41.91 },
	{ "name": "zuofa01", "parent": "tou", "length": 37.95, "x": 0.57, "y": -30.26, "rotation": 156.24 },
	{ "name": "zuoxiaobi", "parent": "shangshen4", "length": 120.48, "x": 114.63, "y": 0.03, "rotation": 161.58 },
	{ "name": "youfa1", "parent": "youfa01", "length": 35.1, "x": 20.71, "y": -0.82, "rotation": 32.52 },
	{ "name": "youfa2", "parent": "youfa02", "length": 43.74, "x": 34.38, "y": -0.24, "rotation": 2.7 },
	{ "name": "youshou", "parent": "youxiaobi", "length": 44.26, "x": 152.97, "y": -1.47, "rotation": -43.13 },
	{ "name": "youxiu4", "parent": "youxiu3", "length": 44.58, "x": 68.77, "y": -0.57, "rotation": -30.22 },
	{ "name": "zuodabi2", "parent": "zuodabi", "length": 54.13, "x": 36.26, "y": -1.28, "rotation": -2.25 },
	{ "name": "zuofa1", "parent": "zuofa01", "length": 42.94, "x": 37.05, "y": -0.49, "rotation": 17.61 },
	{ "name": "zuoshou", "parent": "zuoxiaobi", "length": 39.69, "x": 120.09, "y": -0.05, "rotation": 5.58 },
	{ "name": "bone2", "parent": "zuoshou", "length": 21.96, "x": 40.25, "y": 14.1, "rotation": 2.33 },
	{ "name": "youfa3", "parent": "youfa2", "length": 52.7, "x": 43.23, "y": -0.35, "rotation": 0.45 },
	{ "name": "youfa4", "parent": "youfa1", "length": 45.35, "x": 33.63, "y": -0.03, "rotation": 4.08 },
	{ "name": "youxiu5", "parent": "youxiu4", "length": 36.03, "x": 42.18, "y": -2.48, "rotation": -87.29 },
	{ "name": "zuofa2", "parent": "zuofa1", "length": 48.35, "x": 41.31, "y": -0.37, "rotation": 15.14 },
	{ "name": "zuoshou2", "parent": "zuoshou", "length": 21.95, "x": 39.77, "y": -0.04, "rotation": -1.67 },
	{ "name": "youfa5", "parent": "youfa4", "length": 48.66, "x": 44.05, "y": -0.63, "rotation": 8 },
	{ "name": "zuofa3", "parent": "zuofa2", "length": 36.47, "x": 47.49, "y": 0.67, "rotation": 3.99 },
	{ "name": "zuoshou3", "parent": "zuoshou2", "length": 20.17, "x": 21.95, "y": 0.05, "rotation": 39.31 },
	{ "name": "youfa6", "parent": "youfa5", "length": 62.53, "x": 46.79, "y": -0.97, "rotation": 6.17 },
	{ "name": "zuofa4", "parent": "zuofa3", "length": 52.12, "x": 36.62, "y": -0.03, "rotation": -48.21 },
	{ "name": "xiashen3", "parent": "youfa6", "length": 75.3, "x": 59.73, "y": 0.41, "rotation": -1.35 }
],
"slots": [
	{ "name": "zuodabi_", "bone": "zuodabi2", "attachment": "zuodabi_" },
	{ "name": "zuoxiaobi_", "bone": "zuoxiaobi", "attachment": "zuoxiaobi_" },
	{ "name": "zuoshou_", "bone": "zuoshou3", "attachment": "zuoshou_" },
	{ "name": "xiashen_", "bone": "xiashen4", "attachment": "xiashen_" },
	{ "name": "diaozhui03_", "bone": "diaozhui03", "attachment": "diaozhui03_" },
	{ "name": "diaozhui02_", "bone": "diaozhui02", "attachment": "diaozhui02_" },
	{ "name": "diaozhi01_", "bone": "diaozhi01", "attachment": "diaozhi01_" },
	{ "name": "houfa_", "bone": "root", "attachment": "houfa_" },
	{ "name": "shangshen_", "bone": "shangshen6", "attachment": "shangshen_" },
	{ "name": "yao_", "bone": "root", "attachment": "yao_" },
	{ "name": "zuofa02_", "bone": "root", "attachment": "zuofa02_" },
	{ "name": "bozi_", "bone": "bozi", "attachment": "bozi_" },
	{ "name": "tou_", "bone": "tou", "attachment": "tou_" },
	{ "name": "youfa02_", "bone": "youfa3", "attachment": "youfa02_" },
	{ "name": "youshangbi_", "bone": "youshangbi", "attachment": "youshangbi_" },
	{ "name": "youxiaobi_", "bone": "youxiaobi", "attachment": "youxiaobi_" },
	{ "name": "youshou_", "bone": "youshou", "attachment": "youshou_" },
	{ "name": "youxiu_", "bone": "youxiu5", "attachment": "youxiu_" },
	{ "name": "zuofa01_", "bone": "zuofa4", "attachment": "zuofa01_" },
	{ "name": "youfa01_", "bone": "xiashen3", "attachment": "youfa01_" },
	{ "name": "yanpi_", "bone": "root" }
],
"skins": {
	"default": {
		"bozi_": {
			"bozi_": {
				"type": "skinnedmesh",
				"uvs": [ 0.11689, 1.7E-4, 0.14629, 0.23195, 0.11934, 0.47616, 0, 0.6906, 0.22714, 0.80973, 0.53221, 0.93494, 0.76438, 1, 0.95826, 0.95433, 0.99999, 0.83052, 0.96828, 0.62786, 0.9885, 0.34512, 0.99998, 0.18999, 0.77289, 0.20812, 0.40906, 0.15451, 0.41322, 0.4105, 0.73425, 0.45495, 0.35792, 0.6677, 0.71909, 0.71217 ],
				"triangles": [ 1, 13, 14, 15, 12, 10, 15, 14, 12, 14, 13, 12, 10, 12, 11, 1, 0, 13, 5, 16, 17, 17, 9, 8, 16, 4, 2, 16, 14, 17, 17, 15, 9, 17, 14, 15, 16, 2, 14, 9, 15, 10, 2, 1, 14, 7, 6, 17, 6, 5, 17, 7, 17, 8, 4, 16, 5, 4, 3, 2 ],
				"vertices": [ 1, 16, 10.85, 32.4, 1, 2, 9, 54.42, 34.68999, 0.7, 16, -4.19999, 38.07, 0.3, 1, 9, 37.93, 38.55, 1, 1, 7, 170.38, 43.64, 1, 1, 7, 158.7, 32.54, 1, 1, 7, 145.33, 16.98, 1, 1, 7, 137.16, 4.57, 1, 1, 7, 136.98, -7.66, 1, 1, 7, 144.51, -12.43, 1, 1, 9, 20.7, -11.38, 1, 2, 9, 39.87, -15.19, 0.7, 16, -34.50999, -4.13, 0.3, 1, 16, -25.3, -9.62, 1, 1, 16, -20.12, 3.28, 1, 1, 16, -6.73, 21.37, 1, 2, 9, 40.05, 20.18, 0.7, 16, -22.58, 29.17, 0.3, 2, 9, 34.41, 1.17999, 0.7, 16, -34.21, 13.12, 0.3, 1, 9, 22.91, 25.88, 1, 1, 9, 16.95, 4.44999, 1 ],
				"hull": 14
			}
		},
		"diaozhi01_": {
			"diaozhi01_": {
				"type": "skinnedmesh",
				"uvs": [ 0.0509, 0, 0, 0.03761, 0.03659, 0.27763, 0.16774, 0.57682, 0.3442, 0.84972, 0.58028, 1, 0.83782, 0.9911, 0.96182, 0.80698, 1, 0.51107, 0.9332, 0.51107, 0.87597, 0.69848, 0.7639, 0.80369, 0.59697, 0.81355, 0.38713, 0.64587, 0.24644, 0.38613, 0.13913, 0.19214 ],
				"triangles": [ 5, 11, 6, 11, 10, 7, 6, 11, 7, 5, 12, 11, 4, 13, 12, 5, 4, 12, 4, 3, 13, 2, 15, 14, 3, 2, 14, 3, 14, 13, 1, 0, 15, 2, 1, 15, 8, 10, 9, 7, 10, 8 ],
				"vertices": [ 1, 2, 23.36, 41.39, 1, 1, 2, 19.74, 45.2, 1, 2, 2, 5.35, 37.79, 0.5, 4, 7.92, -40.25, 0.5, 2, 2, -10.52, 21.06, 0.3, 4, 30.22, -34.34, 0.7, 2, 2, -23.64, 0.81, 0.1, 4, 52.01, -23.98, 0.9, 1, 4, 67.56, -6.14, 1, 2, 2, -20.75, -44.97, 0.05, 4, 73.57, 16.51, 0.95, 2, 2, -6.04, -52.63, 0.5, 4, 65.07, 30.75, 0.5, 1, 2, 13.7, -50.81, 1, 1, 2, 12.09, -44.95, 1, 2, 2, -1.2, -43.2, 0.5, 4, 56.01, 25.26, 0.5, 2, 2, -10.6, -35.2, 0.05, 4, 59.81, 13.53, 0.95, 1, 4, 56.18, -1.23, 1, 2, 2, -9.63, 0.6, 0.1, 4, 40.2, -16.45, 0.9, 2, 2, 3.5, 17.48, 0.3, 4, 20.15, -23.93, 0.7, 2, 2, 13.26, 30.29, 0.5, 4, 5.12, -29.71, 0.5 ],
				"hull": 16
			}
		},
		"diaozhui02_": {
			"diaozhui02_": {
				"type": "skinnedmesh",
				"uvs": [ 0, 0.00217, 0, 0.18465, 0.10189, 0.47069, 0.29081, 0.75181, 0.49249, 0.94415, 0.68907, 1, 0.90862, 0.89976, 1, 0.65317, 0.98521, 0.50521, 0.91883, 0.5644, 0.7197, 0.82085, 0.5027, 0.74687, 0.34953, 0.59892, 0.18614, 0.35726, 0.05083, 0 ],
				"triangles": [ 2, 13, 12, 3, 2, 12, 3, 12, 11, 4, 3, 11, 4, 11, 10, 5, 10, 6, 5, 4, 10, 6, 10, 7, 10, 9, 7, 1, 14, 13, 2, 1, 13, 1, 0, 14, 9, 8, 7 ],
				"vertices": [ 1, 2, 23.11, 41.98, 1, 1, 2, 15.36, 39.84999, 1, 2, 2, 5.52, 28.17, 0.5, 5, -1.41, -38.77, 0.5, 2, 2, -2.15, 9.41, 0.3, 5, 15.71, -27.93, 0.7, 2, 2, -5.77, -9.35, 0.1, 5, 29.54, -14.73, 0.9, 1, 5, 37.58, 0.12, 1, 2, 2, 5.46, -42.95, 0.7, 5, 39.83, 19.16, 0.3, 1, 2, 17.98, -47.56, 1, 1, 2, 23.93, -44.63, 1, 2, 2, 19.92, -39.88, 0.5, 5, 26.27, 25.04, 0.5, 1, 5, 31.07, 5.27, 1, 2, 2, 2.82, -7.89, 0.1, 5, 21.68, -10.93, 0.9, 2, 2, 5.65, 6.37, 0.3, 5, 11.1, -20.93, 0.7, 2, 2, 12.23, 22.58, 0.5, 5, -3.64, -30.34, 0.5, 1, 2, 24.34, 37.83, 1 ],
				"hull": 15
			}
		},
		"diaozhui03_": {
			"diaozhui03_": {
				"type": "skinnedmesh",
				"uvs": [ 0.06884, 0, 0, 0.06559, 0.0099, 0.25004, 0.14385, 0.50501, 0.32066, 0.77626, 0.51623, 0.96614, 0.7761, 1, 0.96095, 0.80339, 1, 0.32599, 0.90469, 0.23919, 0.84843, 0.57554, 0.73055, 0.72201, 0.54838, 0.67861, 0.39835, 0.55384, 0.21082, 0.31514 ],
				"triangles": [ 7, 10, 8, 10, 9, 8, 3, 2, 14, 14, 2, 0, 2, 1, 0, 5, 11, 6, 5, 12, 11, 5, 4, 12, 4, 13, 12, 4, 3, 13, 3, 14, 13, 6, 11, 7, 11, 10, 7 ],
				"vertices": [ 1, 2, 30.99, 36.28, 1, 1, 2, 26.98, 40.96, 1, 1, 2, 20.08, 38.23, 1, 2, 6, -9.92, -42.89, 0.5, 2, 13.12, 25.07, 0.5, 2, 6, 5.91, -34.41999, 0.7, 2, 6.45, 8.39, 0.3, 2, 6, 19.44, -23.21, 0.9, 2, 3.32, -8.88, 0.1, 2, 6, 29.47, -4.66, 0.8, 2, 7.58, -29.54, 0.2, 2, 6, 28.59, 12.22, 0.39999, 2, 19.12999, -41.89, 0.6, 1, 2, 38.38, -39.89, 1, 1, 2, 39.68, -31.52, 1, 2, 6, 16.5, 7.76, 0.39999, 2, 25.5, -30.69, 0.6, 2, 6, 17.83, -3.36, 0.8, 2, 17.33, -23.04, 0.2, 2, 6, 10.08, -16.03, 0.9, 2, 15.1, -8.35, 0.1, 2, 6, 0.46, -24.98, 0.7, 2, 16.69, 4.67999, 0.3, 2, 6, -14.55, -34.78, 0.5, 2, 21.88, 21.85, 0.5 ],
				"hull": 15
			}
		},
		"houfa_": {
			"houfa_": {
				"type": "skinnedmesh",
				"uvs": [ 0.11185, 0.07107, 0.47503, 0, 0.55573, 0.15079, 0.79785, 0.26042, 1, 0.49296, 1, 0.82184, 0.79785, 0.99459, 0.31361, 1, 0.12338, 0.80523, 0, 0.65574, 0, 0.38998, 0.09456, 0.20062, 0.35033, 0.28505, 0.42421, 0.50857, 0.57197, 0.70283 ],
				"triangles": [ 7, 14, 6, 8, 13, 14, 13, 10, 12, 7, 8, 14, 8, 9, 13, 10, 13, 9, 11, 0, 12, 12, 10, 11, 6, 14, 5, 14, 4, 5, 14, 3, 4, 14, 13, 3, 13, 2, 3, 13, 12, 2, 12, 1, 2, 12, 0, 1 ],
				"vertices": [ 1, 27, 7.82, -9.87, 1, 1, 16, 49.64, 26.97, 1, 1, 16, 31.3, 30.17, 1, 1, 16, 12.29, 21.4, 1, 1, 16, -18.39, 21.64, 1, 1, 16, -52.95, 39.29, 1, 2, 16, -64.85, 60.81, 0.5, 34, 65.94999, 52.1, 0.5, 1, 34, 71.15, 19.58, 1, 1, 34, 50.19, 3.57, 1, 1, 34, 33.89, -7.18, 1, 1, 34, 2.83, -11.53, 1, 1, 27, 23.11, -8.78, 1, 2, 16, 23.55, 49.82, 0.5, 27, 30.41, 9.87, 0.5, 2, 16, -2.22, 57.34, 0.5, 34, 12.68, 18.96999, 0.5, 2, 16, -27.2, 58.82, 0.5, 34, 33.99, 32.09999, 0.5 ],
				"hull": 12
			}
		},
		"shangshen_": {
			"shangshen_": {
				"type": "skinnedmesh",
				"uvs": [ 0.3251, 0, 0.25966, 0.06996, 0.12995, 0.09171, 0.02513, 0.16033, 1.0E-5, 0.26763, 0.03196, 0.39786, 0.12083, 0.49815, 0.15264, 0.64531, 0.20685, 0.7916, 0.36272, 0.80097, 0.54787, 0.80223, 0.73797, 0.80564, 0.86957, 0.7784, 0.91801, 0.64919, 0.98026, 0.52577, 1, 0.40456, 0.94544, 0.3248, 0.86522, 0.26037, 0.7941, 0.14041, 0.67895, 0.06684, 0.60898, 0.07465, 0.57851, 0.0403, 0.46021, 0.0299, 0.34094, 0.14904, 0.4969, 0.16096, 0.61992, 0.14912, 0.18275, 0.21175, 0.15852, 0.33218, 0.38922, 0.25252, 0.60011, 0.24071, 0.75169, 0.2204, 0.23537, 0.41362, 0.38256, 0.39331, 0.56931, 0.33569, 0.75604, 0.3103, 0.28144, 0.53745, 0.35387, 0.65621, 0.54717, 0.67493, 0.75366, 0.68177, 0.49451, 0.56126, 0.72298, 0.5325, 0.87237, 0.50031, 0.65053, 0.43749, 0.85265, 0.39853 ],
				"triangles": [ 24, 21, 20, 24, 22, 21, 23, 0, 22, 1, 0, 23, 32, 31, 28, 39, 42, 40, 39, 33, 42, 40, 43, 41, 40, 42, 43, 14, 41, 15, 41, 43, 15, 42, 34, 43, 42, 33, 34, 43, 16, 15, 43, 17, 16, 43, 34, 17, 33, 29, 34, 29, 30, 34, 34, 30, 17, 35, 32, 39, 39, 32, 33, 32, 28, 33, 35, 31, 32, 4, 3, 26, 27, 4, 26, 5, 4, 27, 30, 19, 18, 25, 20, 19, 25, 19, 30, 23, 22, 24, 28, 26, 23, 3, 2, 26, 26, 1, 23, 26, 2, 1, 30, 18, 17, 29, 25, 30, 6, 27, 31, 6, 5, 27, 28, 31, 27, 28, 27, 26, 28, 24, 33, 28, 23, 24, 38, 40, 41, 13, 41, 14, 7, 6, 35, 36, 39, 37, 7, 35, 36, 36, 35, 39, 37, 40, 38, 38, 41, 13, 37, 39, 40, 33, 24, 29, 6, 31, 35, 29, 24, 25, 24, 20, 25, 12, 38, 13, 11, 38, 12, 38, 11, 37, 9, 37, 10, 11, 10, 37, 8, 36, 9, 9, 36, 37, 8, 7, 36 ],
				"vertices": [ 1, 9, 38.52, 36.3, 1, 2, 10, 38.41999, -26.29, 0.5, 9, 23.67, 50.37, 0.5, 2, 7, 171.69, 70.58, 0.1, 10, 62.38, -22.28, 0.9, 2, 10, 82.32, -6.96, 0.5, 17, -3.65, -12.49, 0.5, 2, 7, 138.02, 104.8, 0.19999, 17, 22.12, -10.71, 0.8, 2, 7, 106.73, 107.55, 0.5, 17, 50.61, 2.51, 0.5, 1, 7, 79.44, 98.36, 1, 2, 2, 76.54, 108.57, 0.39999, 7, 44.29, 102.23, 0.6, 1, 2, 45.74, 89.81, 1, 1, 2, 51.16, 61.72, 1, 1, 2, 59.86, 28.97, 1, 1, 2, 68.3, -4.78, 1, 1, 2, 80.9, -26.29, 1, 2, 2, 112.78, -26.72, 0.39999, 7, 5.35, -32.3, 0.6, 2, 7, 30.4, -51.21, 0.5, 12, -29.99, -24.63, 0.5, 2, 7, 57.07, -62.49, 0.1, 12, -3.32, -35.91, 0.9, 2, 7, 77.97, -58.02, 0.3, 12, 17.57, -31.44, 0.7, 2, 7, 96.66, -48.04, 0.5, 12, 36.25999, -21.46, 0.5, 2, 7, 127.56, -43.24, 0.5, 11, 32.89, -9.63, 0.5, 2, 7, 150.06, -27.7, 0.19999, 11, 19.91, 14.43, 0.8, 2, 11, 7.35, 17.52, 0.5, 9, 14.1, -12.83, 0.5, 1, 9, 22.91, -8.39, 1, 1, 9, 28.22, 12.74, 1, 2, 7, 148.12, 37.11, 0.3, 10, 24.47, -6.85, 0.7, 2, 7, 137.64, 10.42, 0.5, 10, -3.9, -2.66, 0.5, 2, 7, 134.23, -12, 0.5, 11, 2.58, 0.41, 0.5, 2, 10, 54.1, 6.59, 0.5, 17, 1.09, 18.45, 0.5, 2, 7, 115.42, 81.03, 0.5, 17, 29.85, 21.15, 0.5, 2, 7, 122.11, 35.28, 0.5, 12, 61.71, 61.85, 0.5, 2, 7, 114.32, -2.61999, 0.5, 12, 53.92, 23.95, 0.5, 2, 7, 111.42, -30.62, 0.5, 12, 51.02, -4.04, 0.5, 2, 7, 93.02, 72.74, 0.5, 12, 32.62, 99.32, 0.5, 2, 7, 90.34, 45.51, 0.3, 12, 29.93, 72.08999, 0.7, 2, 7, 94.19, 8.91, 0.3, 12, 33.79, 35.49, 0.7, 2, 7, 90.7, -25.6, 0.3, 12, 30.3, 0.97, 0.7, 2, 7, 62.49, 72.61, 0.5, 12, 2.08, 99.18, 0.5, 2, 2, 83.81, 72.37999, 0.39999, 7, 31.8, 67.5, 0.6, 2, 2, 88.91, 37.09, 0.39999, 7, 17.92, 34.66, 0.6, 2, 2, 97.36, 0.23, 0.39999, 7, 6.09, -1.26, 0.6, 2, 7, 46.46, 36.61, 0.5, 12, -13.93, 63.19, 0.5, 2, 7, 41.66, -5.47, 0.5, 12, -18.73, 21.1, 0.5, 2, 7, 41.57, -33.84999, 0.5, 12, -18.82, -7.27, 0.5, 2, 7, 66.93, 1.16, 0.1, 12, 6.53, 27.74, 0.9, 2, 7, 65.76999, -36.93, 0.1, 12, 5.37, -10.35, 0.9 ],
				"hull": 23
			}
		},
		"tou_": {
			"tou_": {
				"type": "skinnedmesh",
				"uvs": [ 1, 1, 0, 1, 0, 0, 1, 0 ],
				"triangles": [ 1, 2, 3, 1, 3, 0 ],
				"vertices": [ 1, 16, -37.39, -22.57, 1, 1, 16, 12.6, 75.4, 1, 1, 16, 117.7, 21.76, 1, 1, 16, 67.69999, -76.21, 1 ],
				"hull": 4
			}
		},
		"xiashen_": {
			"xiashen_": {
				"type": "skinnedmesh",
				"uvs": [ 0.21659, 0.08111, 0.30838, 0.02589, 0.46336, 0, 0.67078, 0.01749, 0.80828, 0.10978, 0.82735, 0.22773, 0.85331, 0.40858, 0.89853, 0.6143, 0.94916, 0.83438, 0.98597, 1, 0.75902, 0.99999, 0.5142, 1, 0.24984, 1, 0.02209, 1, 0.01599, 0.80193, 0.03489, 0.57539, 0.10082, 0.369, 0.18681, 0.1893, 0.31513, 0.1682, 0.49289, 0.17186, 0.65913, 0.18101, 0.29867, 0.36948, 0.49827, 0.38445, 0.67888, 0.3951, 0.24764, 0.58357, 0.48275, 0.60879, 0.6955, 0.60586, 0.24028, 0.80899, 0.49731, 0.80899, 0.7364, 0.81816 ],
				"triangles": [ 13, 14, 27, 18, 1, 2, 0, 1, 18, 19, 2, 3, 18, 2, 19, 20, 19, 3, 20, 3, 4, 17, 0, 18, 20, 4, 5, 21, 17, 18, 22, 19, 20, 23, 20, 5, 19, 21, 18, 16, 17, 21, 22, 20, 23, 23, 5, 6, 24, 16, 21, 15, 16, 24, 26, 23, 6, 21, 19, 22, 25, 21, 22, 24, 21, 25, 25, 22, 23, 25, 23, 26, 26, 6, 7, 27, 15, 24, 27, 24, 25, 14, 15, 27, 28, 25, 26, 27, 25, 28, 29, 26, 7, 28, 26, 29, 29, 7, 8, 10, 29, 8, 12, 27, 28, 13, 27, 12, 11, 28, 29, 11, 29, 10, 12, 28, 11, 10, 8, 9 ],
				"vertices": [ 1, 2, 27.7, 92.74, 1, 1, 2, 42.79, 76.99, 1, 1, 2, 56.06, 47.04, 1, 1, 2, 64.36, 4.37, 1, 1, 2, 55.23, -27.93, 1, 2, 3, -24.29, 45.18, 0.19999, 2, 34.91, -37.64, 0.8, 1, 3, 9.66, 50.86, 1, 1, 3, 48.26, 60.6, 1, 1, 3, 89.56, 71.49, 1, 1, 3, 120.63, 79.41, 1, 1, 3, 120.99, 31.98, 1, 1, 3, 121.37, -19.17, 1, 1, 3, 121.78, -74.42, 1, 1, 13, 47.34, -12.78, 1, 2, 8, 44.39, -12.89, 0.3, 13, 10.08, -13.1, 0.7, 2, 3, 42.3, -119.94, 0.5, 8, 1.77, -9.26, 0.5, 1, 3, 3.4, -106.45, 1, 2, 3, -30.51, -88.73, 0.19999, 2, 6.44, 93.36, 0.8, 2, 3, -34.68, -61.95, 0.19999, 2, 17.36, 68.55, 0.8, 2, 3, -34.27, -24.79, 0.19999, 2, 26.53, 32.54, 0.8, 2, 3, -32.81, 9.96, 0.19999, 2, 34.07, -1.41, 0.8, 1, 3, 3.18, -65.1, 1, 1, 3, 5.68, -23.37, 1, 1, 3, 7.4, 14.39, 1, 1, 3, 43.5, -75.47, 1, 1, 3, 47.88, -26.29, 1, 1, 3, 46.99, 18.16, 1, 1, 3, 85.89, -76.69, 1, 1, 3, 85.49, -22.97, 1, 1, 3, 86.84, 27, 1 ],
				"hull": 18
			}
		},
		"yanpi_": {
			"yanpi_": {
				"type": "skinnedmesh",
				"uvs": [ 1, 1, 0, 1, 0, 0, 1, 0 ],
				"triangles": [ 1, 2, 3, 1, 3, 0 ],
				"vertices": [ 1, 16, 6.3, -35.89, 1, 1, 16, 29.05, 8.63, 1, 1, 16, 53.98, -4.1, 1, 1, 16, 31.24, -48.62, 1 ],
				"hull": 4
			}
		},
		"yao_": {
			"yao_": {
				"type": "skinnedmesh",
				"uvs": [ 0.04087, 0.05009, 0.01036, 0.35218, 0, 0.67981, 0.09512, 0.76917, 0.31551, 0.89681, 0.4291, 0.82022, 0.60032, 1, 0.8275, 1, 0.99533, 0.72236, 0.99533, 0.39899, 1, 0, 0.82411, 0.06285, 0.60032, 0.06711, 0.37824, 0.0586, 0.19175, 0.03732 ],
				"triangles": [ 7, 6, 8, 6, 5, 8, 4, 3, 5, 8, 5, 9, 2, 1, 3, 5, 3, 1, 12, 5, 13, 12, 11, 9, 13, 1, 14, 1, 0, 14, 9, 11, 10, 9, 5, 12, 1, 13, 5 ],
				"vertices": [ 1, 2, 47.99, 93.15, 1, 1, 2, 32.09999, 92.84, 1, 1, 2, 15.63, 89.7, 1, 1, 2, 14.46, 76.75, 1, 1, 2, 15.65, 47.82, 1, 1, 2, 23.27, 34.84, 1, 1, 2, 20.23, 11.28, 1, 1, 2, 27.92, -16.76, 1, 1, 2, 47.26, -33.72, 1, 1, 2, 63.17, -29.36, 1, 1, 2, 82.94999, -24.55, 1, 1, 2, 73.9, -3.69, 1, 1, 2, 66.11, 23.87, 1, 1, 2, 59, 51.4, 1, 1, 2, 53.73, 74.69999, 1 ],
				"hull": 15
			}
		},
		"youfa01_": {
			"youfa01_": {
				"type": "skinnedmesh",
				"uvs": [ 0.8477, 0.00471, 0.70172, 0.08053, 0.5395, 0.20077, 0.53357, 0.34389, 0.63429, 0.47632, 0.84757, 0.61303, 1, 0.7209, 1, 0.86422, 0.50551, 1, 0.19939, 0.99016, 0.25434, 0.85715, 0.07381, 0.71141, 0.06596, 0.56284, 0, 0.42983, 0.05811, 0.29399, 0.24822, 0.14711, 0.33283, 0.04213, 0.67743, 1.0E-5, 0.59129, 0.86138, 0.56893, 0.74046, 0.48695, 0.61552, 0.39007, 0.51744, 0.30355, 0.38806, 0.33089, 0.25851 ],
				"triangles": [ 8, 18, 7, 9, 10, 8, 8, 10, 18, 18, 5, 7, 5, 6, 7, 10, 19, 18, 18, 19, 5, 10, 20, 19, 10, 21, 20, 10, 11, 21, 19, 4, 5, 19, 20, 4, 11, 12, 21, 20, 21, 4, 12, 13, 22, 12, 22, 21, 22, 13, 14, 21, 3, 4, 21, 22, 3, 22, 23, 3, 22, 14, 23, 3, 23, 2, 14, 15, 23, 23, 16, 2, 23, 15, 16, 2, 17, 1, 2, 16, 17, 1, 17, 0 ],
				"vertices": [ 1, 16, 73.58, -28.63, 1, 2, 19, 18.12, 13.65, 0.5, 26, 5.59, 13.6, 0.5, 2, 26, 41.87, 10.83, 0.3, 35, 8.99, 10.26, 0.7, 2, 35, 50.92, 13.77, 0.39999, 39, 8.8, 13.31, 0.6, 2, 39, 47.95, 16.75, 0.5, 42, 3.06, 17.5, 0.5, 2, 42, 44.52, 22.41, 0.7, 44, -15.71, 21.64, 0.3, 2, 42, 77.11, 25.46, 0.39999, 44, 16.78, 25.44, 0.6, 1, 44, 58.55, 19.86, 1, 1, 44, 94.64, -11.4, 1, 1, 44, 89.62, -27.09, 1, 1, 44, 51.25, -19.03, 1, 2, 42, 66.71, -22.59, 0.5, 44, 7.51, -22.83, 0.5, 2, 39, 71.9, -14.56, 0.19999, 42, 23.5, -16.2, 0.8, 2, 39, 32.66999, -16.15, 0.6, 42, -15.66, -13.57, 0.4, 2, 35, 38.61, -12.65, 0.5, 39, -7.06, -11.14, 0.5, 2, 26, 28.8, -6.94, 0.5, 35, -5.31, -6.54, 0.5, 2, 19, 22.74, -8.43999, 0.5, 26, -2.38, -7.51, 0.5, 1, 16, 78.92, -21.22, 1, 3, 39, 160.92, 8.99, 0.05498, 42, 114.54, -2.35999, 0.20155, 44, 54.85, -1.49, 0.74346, 2, 42, 79.24, 2, 0.33697, 44, 19.45999, 2.04, 0.66302, 2, 42, 42.27, 3.42, 0.46403, 44, -17.52, 2.59999, 0.53596, 4, 35, 102.43, 10.84, 0.16648, 39, 59.4, 3.24, 0.36348, 42, 12.99, 2.84, 0.33149, 44, -46.78, 1.33, 0.13853, 5, 26, 98.23, 7.4, 0.12941, 35, 64.96, 2.81, 0.30284, 39, 21.18, 0.5, 0.28988, 42, -25.29, 4.23, 0.19595, 44, -85.09, 1.82, 0.08189, 5, 26, 60.41, 2.67, 0.30462, 35, 26.9, 0.79, 0.45876, 39, -16.78, 3.8, 0.12081, 42, -62.69, 11.59, 0.08166, 44, -122.65, 8.3, 0.03412 ],
				"hull": 18
			}
		},
		"youfa02_": {
			"youfa02_": {
				"type": "skinnedmesh",
				"uvs": [ 0.50153, 0, 0.77267, 0.00264, 1, 0.04566, 0.8944, 0.18339, 0.82297, 0.36795, 0.76174, 0.59107, 0.58827, 0.56904, 0.55765, 0.70952, 0.50663, 0.90785, 0.29734, 0.94795, 0.0258, 0.99998, 0.08193, 0.7863, 0.15457, 0.51945, 0.2171, 0.30167, 0.30635, 0.09931, 0.62263, 0.13154, 0.49791, 0.33115, 0.41327, 0.55, 0.28409, 0.72555 ],
				"triangles": [ 8, 18, 7, 10, 11, 9, 9, 18, 8, 11, 18, 9, 6, 16, 4, 17, 13, 16, 18, 12, 17, 7, 17, 6, 5, 6, 4, 17, 16, 6, 12, 13, 17, 11, 12, 18, 18, 17, 7, 13, 14, 16, 16, 15, 4, 4, 15, 3, 15, 16, 14, 15, 1, 3, 3, 1, 2, 15, 0, 1, 15, 14, 0 ],
				"vertices": [ 1, 16, 100.97, 6.55, 1, 1, 16, 89.74, -14.49, 1, 1, 16, 74.39, -29.12, 1, 2, 16, 58.62, -10.63, 0.7, 20, -0.64999, 36.86, 0.3, 3, 16, 34.68999, 8.64, 0.488, 20, 30.07, 36.50999, 0.30719, 27, -2.57, 36.91999, 0.20479, 3, 16, 4.76, 29.99, 0.28, 34, -8.74, 37.34999, 0.21599, 27, 34.18999, 36.93, 0.50399, 2, 34, -10.17, 21.74, 0.3, 27, 32.88, 21.3, 0.7, 3, 34, 12.87, 22.25, 0.47359, 27, 55.92, 22, 0.11839, 10, 40.59, -51.34, 0.408, 2, 34, 45.51, 22.3, 0.09199, 10, 46.65, -19.27, 0.908, 2, 34, 54.54, 4.96999, 0.09199, 10, 65.36, -13.63, 0.908, 2, 34, 66.26, -17.51, 0.09199, 10, 89.64, -6.32, 0.908, 3, 34, 31.08, -17.45999, 0.53279, 27, 74.44999, -17.56, 0.05919, 10, 83.01999, -40.87, 0.408, 2, 34, -12.87, -17.17, 0.3, 27, 30.49, -17.62999, 0.7, 2, 20, 29.79, -17.87999, 0.6, 27, -5.42, -17.4, 0.4, 2, 16, 94.37, 29.21, 0.7, 20, -4.08, -16.56, 0.3, 2, 16, 77.03, 6.81, 0.7, 20, -4.31, 11.76, 0.3, 2, 20, 29.72, 7.28, 0.6, 27, -4.3, 7.74, 0.4, 2, 34, -11.11, 6.06, 0.3, 27, 32.07, 5.61, 0.7, 3, 34, 18.79999, -1.22, 0.47359, 27, 62.05, -1.42, 0.11839, 10, 64.76999, -49.9, 0.408 ],
				"hull": 15
			}
		},
		"youshangbi_": {
			"youshangbi_": {
				"type": "skinnedmesh",
				"uvs": [ 0.7194, 0, 0.47476, 0.04289, 0.30737, 0.19076, 0.22582, 0.44093, 0.01583, 0.63093, 0.00702, 0.79577, 0, 0.9271, 0.21376, 1, 0.57078, 1, 0.62488, 0.90525, 0.6151, 0.751, 0.60324, 0.56391, 0.75471, 0.38914, 1, 0.15702, 0.94945, 0.01229, 0.24946, 0.85974 ],
				"triangles": [ 6, 5, 15, 7, 15, 8, 7, 6, 15, 8, 15, 9, 15, 10, 9, 4, 3, 15, 15, 11, 10, 15, 3, 11, 12, 11, 2, 11, 3, 2, 2, 1, 12, 5, 4, 15, 1, 0, 12, 13, 0, 14, 13, 12, 0 ],
				"vertices": [ 2, 10, 61.76, -17.98, 0.5, 17, -20.18, 3.96, 0.5, 2, 10, 87.85, -10.31, 0.5, 17, -5.25, -18.75, 0.5, 1, 17, 28.87, -28.27, 1, 1, 17, 81.42, -23.84, 1, 1, 17, 125.13, -35.55, 1, 2, 17, 158.6, -28.06, 0.41599, 21, -4.19999, -27.11, 0.584, 1, 21, 22.64, -22.03, 1, 1, 21, 32.7, 3.11, 1, 2, 17, 185.31, 39.72, 0.35199, 21, 24.74, 39.74, 0.648, 2, 17, 164.81, 40.4, 0.39999, 21, 4.28, 41.11, 0.6, 1, 17, 133.95, 31.56, 1, 1, 17, 96.52, 20.83, 1, 2, 10, 61.98, 63.04, 0.5, 17, 57.38, 27.36, 0.5, 2, 10, 33.91999, 16.06, 0.5, 17, 4.27, 40.52, 0.5, 2, 10, 37.75999, -14.25, 0.5, 17, -23.61, 28.01, 0.5, 2, 17, 165.27, -0.12, 0.48289, 21, 3.4, 0.58, 0.51709 ],
				"hull": 15
			}
		},
		"youshou_": {
			"youshou_": {
				"type": "skinnedmesh",
				"uvs": [ 0.96258, 0.58099, 0.77511, 0.99999, 0, 1, 0.09726, 0.43344, 0.52818, 7.9E-4, 0.99998, 1.0E-5 ],
				"triangles": [ 2, 3, 1, 1, 3, 0, 3, 4, 0, 0, 4, 5 ],
				"vertices": [ 1, 28, -0.48, 17.69, 1, 1, 28, 15.05, 21.73, 1, 1, 28, 50.78, -2.91, 1, 1, 28, 36.97, -13.34, 1, 2, 21, 153.43, -15.57, 0.5, 28, 9.97999, -9.96, 0.5, 2, 21, 147.8, 10.24, 0.5, 28, -11.77, 5.01, 0.5 ],
				"hull": 6
			}
		},
		"youxiaobi_": {
			"youxiaobi_": {
				"type": "skinnedmesh",
				"uvs": [ 0.68292, 0, 0.4014, 0.03082, 0.36061, 0.15494, 0.33917, 0.30442, 0.29746, 0.45647, 0.26803, 0.56377, 0.17606, 0.79606, 0.08969, 0.98594, 0.3431, 0.99999, 0.49762, 0.93701, 0.54707, 0.78411, 0.67528, 0.62554, 0.80667, 0.46304, 1, 0.28262, 0.99999, 0.16502, 0.99999, 0.05328, 0.68262, 0.15486, 0.65388, 0.29098 ],
				"triangles": [ 16, 15, 14, 7, 6, 8, 8, 6, 9, 9, 6, 10, 6, 5, 10, 10, 5, 11, 11, 5, 4, 17, 4, 3, 4, 17, 11, 11, 17, 12, 12, 17, 13, 13, 16, 14, 16, 13, 17, 3, 2, 17, 17, 2, 16, 2, 1, 16, 16, 0, 15, 16, 1, 0 ],
				"vertices": [ 1, 17, 137.81, -5, 1, 1, 17, 149.96, -29.23, 1, 2, 17, 173.76, -27.17, 0.672, 21, 10.97, -26.73, 0.328, 1, 21, 39.16, -22.67, 1, 1, 21, 68.22, -20.37, 1, 1, 21, 88.73, -18.75, 1, 1, 21, 133.69, -17.84, 1, 2, 21, 170.67, -18.12, 0.5, 28, 24.3, -0.03, 0.5, 2, 21, 168.23, 5.72, 0.5, 28, 6.21, 15.68, 0.5, 2, 21, 153.45, 17.37, 0.5, 28, -12.53, 14.08, 0.5, 1, 21, 124.08, 15.75, 1, 1, 21, 92.08, 21.14, 1, 1, 21, 59.28, 26.66, 1, 1, 21, 21.93, 37.14, 1, 2, 17, 160.91, 31.56, 0.27278, 21, 0.09, 32.4, 0.72721, 2, 17, 140.33, 26.36, 0.496, 21, -20.64, 27.9, 0.50399, 2, 17, 166.34, 2.16, 0.64825, 21, 4.54, 2.84, 0.35174, 2, 17, 192.08, 5.87, 0.29225, 21, 30.38, 5.68, 0.70774 ],
				"hull": 16
			}
		},
		"youxiu_": {
			"youxiu_": {
				"type": "skinnedmesh",
				"uvs": [ 0.12316, 0.45365, 0.20432, 0.53521, 0.33262, 0.4653, 0.474, 0.33016, 0.61277, 0.18103, 0.80391, 0.05054, 0.96886, 0, 1, 0.02258, 1, 0.0785, 0.91388, 0.16705, 0.80129, 0.32084, 0.68608, 0.47929, 0.58921, 0.65405, 0.4452, 0.84978, 0.26716, 1, 0.06293, 0.99192, 0, 0.84745, 0, 0.63773, 0.02366, 0.48628, 0.12831, 0.68887, 0.3509, 0.61205, 0.52115, 0.45133, 0.67046, 0.30225, 0.78835, 0.13918, 0.18585, 0.84268, 0.41106, 0.74489 ],
				"triangles": [ 6, 7, 8, 9, 6, 8, 16, 19, 24, 16, 17, 19, 15, 16, 24, 15, 24, 14, 1, 18, 0, 1, 17, 18, 19, 17, 1, 24, 25, 13, 19, 1, 20, 24, 19, 20, 24, 20, 25, 14, 24, 13, 1, 2, 20, 13, 25, 12, 25, 20, 12, 20, 21, 12, 12, 21, 11, 20, 2, 21, 2, 3, 21, 21, 22, 11, 21, 3, 22, 11, 22, 10, 3, 4, 22, 22, 23, 10, 22, 4, 23, 10, 23, 9, 23, 4, 5, 23, 5, 9, 9, 5, 6 ],
				"vertices": [ 1, 17, 120.78, -24.03, 1, 2, 29, 15.71, -37.04, 0.5, 17, 133.61, -5.21999, 0.5, 2, 22, 38.03, -29.36, 0.8, 29, -12.06, -40.34999, 0.2, 2, 18, 60.29, -24.74, 0.5, 22, -0.19, -24.07, 0.5, 2, 14, 67.93, -15.53, 0.19999, 18, 20.04, -20.57, 0.8, 2, 14, 23.14, -14.52, 0.7, 18, -22.37, -6.14, 0.3, 1, 12, 47.29, 15.02, 1, 1, 12, 41.18, 10.73, 1, 2, 14, -1.62, 12.88, 0.5, 12, 29.93, 13.91, 0.5, 2, 14, 22.45, 17.27, 0.7, 18, -13.47, 24.38, 0.3, 2, 14, 58.91, 29.2, 0.1, 18, 24.88, 24.81, 0.9, 2, 18, 64.32, 25.37, 0.5, 22, 2.63, 26.11, 0.5, 2, 22, 42.88, 32.36, 0.8, 29, -38.95, 15.42, 0.2, 2, 22, 91.75, 33.95, 0.5, 29, 2.46, 41.4, 0.5, 2, 29, 45.66, 56.1, 0.5, 21, 64.01999, 28.61, 0.5, 1, 21, 70.44, -8.85999, 1, 1, 21, 43.42, -26.71, 1, 2, 17, 163.7, -36.82, 0.4181, 21, 0.58999, -36.03, 0.58189, 1, 17, 131.93, -40.3, 1, 3, 29, 41.97, -13.76, 0.2544, 36, 11.26, -0.73, 0.59359, 21, 5.97, -10.43999, 0.15199, 2, 22, 61.17, -8.95, 0.5, 29, -2.33999, -11.06, 0.5, 2, 18, 76.49, -3.38, 0.3, 22, 15.48, -2.33999, 0.7, 2, 14, 75.44, 10.92, 0.1, 18, 35.15, 2.41, 0.9, 2, 14, 37, -1.89, 0.5, 18, -5.36, 1.73, 0.5, 2, 29, 45.68, 19.9, 0.5, 36, -22.2, 4.54, 0.5, 2, 22, 77.46, 16.15, 0.5, 29, -0.91, 18.83, 0.5 ],
				"hull": 19
			}
		},
		"zuodabi_": {
			"zuodabi_": {
				"type": "skinnedmesh",
				"uvs": [ 0, 0.02671, 0.32638, 0.00187, 0.4656, 0.07777, 0.63168, 0.20197, 0.76846, 0.30133, 0.92967, 0.41587, 0.9834, 0.55387, 0.96812, 0.72005, 0.91544, 0.89303, 0.81339, 1, 0.59282, 0.99719, 0.29325, 0.96185, 0.32288, 0.81305, 0.32288, 0.61031, 0.36897, 0.42245, 0.1484, 0.25877, 0, 0.13043, 0.56983, 0.43363, 0.7673, 0.49691, 0.62234, 0.66986, 0.65184, 0.86145 ],
				"triangles": [ 11, 12, 10, 8, 20, 7, 20, 19, 7, 10, 20, 9, 9, 20, 8, 20, 10, 12, 20, 12, 19, 19, 12, 13, 19, 18, 7, 7, 18, 6, 13, 17, 19, 18, 5, 6, 14, 2, 3, 18, 4, 5, 17, 3, 4, 18, 17, 4, 19, 17, 18, 17, 13, 14, 17, 14, 3, 14, 15, 2, 2, 15, 1, 15, 16, 1, 16, 0, 1 ],
				"vertices": [ 1, 11, 12.08, 16.99, 1, 2, 11, 48.13, 7.75, 0.5, 15, -3.21, 12.13, 0.5, 2, 11, 57.02, -12.22, 0.3, 15, 18.62, 13.29, 0.7, 1, 15, 49.59, 10.09, 1, 1, 15, 74.67, 7.85, 1, 1, 15, 103.85, 5.56, 1, 2, 15, 128.19, -8.81, 0.5, 23, 8.52, 33.48, 0.5, 2, 23, 41.72, 31.15, 0.5, 30, 4.19, 32.62, 0.5, 2, 23, 76.19999, 24.57, 0.2, 30, 38.9, 27.38, 0.8, 1, 30, 60.53, 16.29, 1, 1, 30, 60.48, -8.63, 1, 1, 30, 54.11, -42.62, 1, 2, 23, 58.99, -42.08, 0.2, 30, 24.28, -39.88, 0.8, 2, 23, 18.45, -41.34, 0.6, 30, -16.25, -40.71, 0.4, 1, 11, 21.02, -72.01, 1, 1, 11, 10.2, -32.31, 1, 1, 11, 4.3, -2.23, 1, 2, 11, 41.21, -82.6, 0.5, 15, 78.73, -26.61, 0.5, 2, 15, 103.2, -18.91, 0.5, 23, -3.31, 9.27, 0.5, 2, 23, 30.97, -7.73, 0.5, 30, -5.03, -6.64, 0.5, 2, 23, 69.33999, -5.09, 0.2, 30, 33.2, -2.52, 0.8 ],
				"hull": 17
			}
		},
		"zuofa01_": {
			"zuofa01_": {
				"type": "skinnedmesh",
				"uvs": [ 0.14675, 0, 0.15094, 0.1023, 0.12584, 0.17425, 0, 0.19935, 0, 0.29305, 0.10911, 0.38842, 0.27224, 0.4955, 0.43537, 0.5892, 0.68217, 0.67955, 0.76583, 0.79667, 0.72818, 0.91714, 0.71145, 0.99243, 0.94569, 0.99912, 1, 0.91379, 1, 0.77826, 1, 0.66616, 0.8202, 0.57247, 0.62779, 0.46706, 0.42283, 0.35328, 0.35172, 0.22947, 0.28061, 0.10565, 0.21368, 0 ],
				"triangles": [ 14, 9, 15, 11, 10, 12, 13, 12, 9, 12, 10, 9, 9, 14, 13, 9, 8, 16, 9, 16, 15, 8, 17, 16, 7, 17, 8, 6, 18, 7, 7, 18, 17, 6, 5, 19, 6, 19, 18, 2, 20, 19, 4, 3, 2, 20, 2, 1, 1, 21, 20, 1, 0, 21, 19, 5, 2, 5, 4, 2 ],
				"vertices": [ 1, 16, 4.48999, -37.24, 1, 1, 16, -14.34, -28.01, 1, 1, 16, -26.54, -19.46999, 1, 1, 16, -26.42, -7.94, 1, 2, 16, -43.53, 0.79, 0.2, 31, 12, -14.48, 0.8, 3, 16, -65.01, 1.72, 0.136, 31, 33.46, -13.1, 0.43199, 37, -10.9, -10.24, 0.43199, 2, 31, 58.74, -8.45, 0.19999, 37, 14.71, -12.35, 0.8, 2, 37, 38.11, -12.84, 0.6, 40, -10.29, -12.83, 0.4, 2, 40, 16.9, -9.27, 0.8, 43, -6.25, -20.85, 0.2, 2, 40, 39.68999, -19.46999, 0.3, 43, 16.54, -10.66, 0.7, 2, 40, 56.6, -37.73, 0.1, 43, 41.41999, -10.22, 0.9, 1, 43, 56.89, -9.39, 1, 1, 43, 55.53, 9.81, 1, 2, 40, 70.42, -20.23, 0.1, 43, 37.59, 11.74, 0.9, 2, 40, 49.16, -2.34999, 0.3, 43, 10.08, 7.8, 0.7, 2, 40, 31.57, 12.43, 0.6, 43, -12.66, 4.55, 0.4, 2, 37, 53.92, 14.67, 0.39999, 40, 7.39, 13.51, 0.6, 3, 31, 63.71, 20.85, 0.09, 37, 27.16, 14.64, 0.80999, 40, -19.29999, 15.35, 0.1, 2, 31, 35.91999, 13.49, 0.5, 37, -1.58, 14.79, 0.5, 2, 16, -45.04, -30.81, 0.2, 31, 10.13, 17.11, 0.8, 2, 16, -19.79, -37.16, 0.19999, 24, 15.86, 14.52, 0.8, 1, 16, 1.99, -42.13, 1 ],
				"hull": 22
			}
		},
		"zuofa02_": {
			"zuofa02_": {
				"type": "skinnedmesh",
				"uvs": [ 1, 0.48378, 1, 1, 0.45176, 1, 0, 1, 0, 0.48024, 0, 0, 0.54726, 0, 1, 0, 0.52338, 0.49439 ],
				"triangles": [ 2, 3, 4, 6, 8, 5, 8, 4, 5, 8, 2, 4, 2, 8, 1, 8, 0, 1, 8, 6, 0, 6, 7, 0 ],
				"vertices": [ 2, 24, 48.8, 4.59, 0.51621, 31, 12.73, 1.29, 0.48378, 1, 31, 38.77, -8.66, 1, 2, 31, 32.5, -25.04, 0.41599, 9, 7.35, -7.97, 0.584, 1, 9, 9.27, 6.35, 1, 1, 9, 37.08, 2.61999, 1, 1, 9, 62.79, -0.81, 1, 2, 24, 21.89, -8.35, 0.54726, 9, 60.46, -18.17, 0.45273, 1, 24, 22.72, 6.1, 1, 3, 24, 48.5, -10.66, 0.1304, 31, 7.82, -13.15, 0.63473, 9, 34.09999, -13.87, 0.23485 ],
				"hull": 8
			}
		},
		"zuoshou_": {
			"zuoshou_": {
				"type": "skinnedmesh",
				"uvs": [ 0.00277, 0, 0.45501, 0.06193, 0.71422, 0.2591, 0.92379, 0.61804, 1, 0.84301, 0.92931, 0.93654, 0.58186, 0.99468, 0.52946, 0.95171, 0.36677, 0.90621, 0.17925, 0.61804, 0.042, 0.28751, 0.1331, 0.23803, 0.20759, 0.3291, 0.30454, 0.49807, 0.3201, 0.47393, 0.18365, 0.24242, 0.03523, 0.16561, 0.31599, 0.21499, 0.43646, 0.17468, 0.48289, 0.38453, 0.78953, 0.85268 ],
				"triangles": [ 17, 15, 0, 16, 0, 15, 0, 1, 17, 9, 10, 12, 12, 10, 11, 19, 14, 17, 17, 14, 15, 17, 18, 19, 19, 18, 2, 18, 1, 2, 18, 17, 1, 6, 20, 5, 6, 7, 20, 20, 7, 19, 5, 20, 4, 9, 13, 8, 7, 8, 13, 19, 7, 13, 19, 13, 14, 20, 19, 3, 20, 3, 4, 3, 19, 2, 9, 12, 13 ],
				"vertices": [ 1, 41, 24.57, -4.94, 1, 2, 38, 25.95, -12.31, 0.5, 41, -4.73999, -12.1, 0.5, 2, 32, 44.48, -20.78, 0.5, 38, 5.32, -20.59, 0.5, 1, 32, 15.19, -19.77, 1, 2, 25, 120.31, -16.09, 0.5, 32, -1.34, -15.99, 0.5, 2, 25, 116.12, -9.05, 0.5, 32, -4.82, -8.57, 0.5, 2, 25, 121.84, 13.54, 0.5, 32, 3.07, 13.35, 0.5, 1, 32, 7.48, 14.79, 1, 1, 32, 15.7, 22.43, 1, 1, 32, 39.86, 22.72, 1, 1, 33, 24.9, 3.49, 1, 1, 33, 24.68, -3.49, 1, 1, 33, 16.51, -4.12, 1, 1, 32, 43.18, 11.23, 1, 2, 32, 44.16, 9.47, 0.5, 38, 4.11, 9.64, 0.5, 2, 38, 23.05, 9.62, 0.5, 41, 6.91, 6.69, 0.5, 1, 41, 18.07, 5.28, 1, 2, 38, 20.62999, 1, 0.5, 41, -0.41, 1.56, 0.5, 2, 38, 19.4, -7.37, 0.5, 41, -6.68, -4.12, 0.5, 2, 32, 44.34, -3.04, 0.5, 38, 4.65, -2.86, 0.5, 1, 32, 5.03, -3.62, 1 ],
				"hull": 17
			}
		},
		"zuoxiaobi_": {
			"zuoxiaobi_": {
				"type": "skinnedmesh",
				"uvs": [ 0, 0.06802, 0.16337, 0, 0.41912, 0.01643, 0.54467, 0.19292, 0.82832, 0.49704, 1, 0.86089, 1, 1, 0.64697, 1, 0.42377, 0.90705, 0.34007, 0.69526, 0.12152, 0.26895 ],
				"triangles": [ 7, 5, 6, 5, 7, 4, 7, 8, 4, 8, 9, 4, 9, 10, 3, 9, 3, 4, 2, 10, 1, 10, 2, 3, 10, 0, 1 ],
				"vertices": [ 2, 25, 127.73, 11.32, 0.5, 32, 8.72, 10.57, 0.5, 2, 25, 130.78, -4.42999, 0.5, 32, 10.22, -5.4, 0.5, 2, 25, 120.24, -22.11, 0.5, 32, -1.99, -21.96, 0.5, 1, 25, 94.07, -21.2, 1, 1, 25, 46.75, -24.55, 1, 1, 25, -4.29, -16.34, 1, 1, 25, -21.63, -8.43, 1, 1, 25, -9.89999, 17.25, 1, 1, 25, 9.09, 28.21, 1, 1, 25, 38.25999, 22.25, 1, 1, 25, 98.65, 13.91, 1 ],
				"hull": 11
			}
		}
	}
},
"animations": {
	"dj": {
		"slots": {
			"yanpi_": {
				"attachment": [
					{ "time": 0, "name": "yanpi_" }
				],
				"color": [
					{ "time": 0, "color": "ffffff01" },
					{ "time": 0.1, "color": "fffffffd" },
					{ "time": 0.2666, "color": "ffffff01" }
				]
			}
		},
		"bones": {
			"root": {
				"rotate": [
					{ "time": 0, "angle": 0, "curve": "stepped" },
					{ "time": 2, "angle": 0 }
				],
				"translate": [
					{ "time": 0, "x": 0, "y": 0, "curve": "stepped" },
					{ "time": 2, "x": 0, "y": 0 }
				],
				"scale": [
					{ "time": 0, "x": 1, "y": 1, "curve": "stepped" },
					{ "time": 2, "x": 1, "y": 1 }
				]
			},
			"bone": {
				"rotate": [
					{ "time": 0, "angle": 0, "curve": "stepped" },
					{ "time": 2, "angle": 0 }
				],
				"translate": [
					{
						"time": 0,
						"x": 0,
						"y": 0,
						"curve": [ 0.583, 0.2, 0.75, 1 ]
					},
					{
						"time": 1,
						"x": 0,
						"y": -2.28,
						"curve": [ 0.25, 0, 0.411, 0.79 ]
					},
					{ "time": 2, "x": 0, "y": 0 }
				],
				"scale": [
					{ "time": 0, "x": 1, "y": 1, "curve": "stepped" },
					{ "time": 2, "x": 1, "y": 1 }
				]
			},
			"shangshen": {
				"rotate": [
					{
						"time": 0,
						"angle": 0,
						"curve": [ 0.588, 0.2, 0.75, 1 ]
					},
					{
						"time": 1,
						"angle": -0.25,
						"curve": [ 0.25, 0, 0.416, 0.79 ]
					},
					{ "time": 2, "angle": 0 }
				],
				"translate": [
					{ "time": 0, "x": 0, "y": 0, "curve": "stepped" },
					{ "time": 2, "x": 0, "y": 0 }
				],
				"scale": [
					{ "time": 0, "x": 1, "y": 1, "curve": "stepped" },
					{ "time": 2, "x": 1, "y": 1 }
				]
			},
			"xiashen": {
				"rotate": [
					{ "time": 0, "angle": 0, "curve": "stepped" },
					{ "time": 2, "angle": 0 }
				],
				"translate": [
					{
						"time": 0,
						"x": 0,
						"y": 0,
						"curve": [ 0.588, 0.2, 0.75, 1 ]
					},
					{
						"time": 1,
						"x": 0,
						"y": 1.64,
						"curve": [ 0.25, 0, 0.416, 0.79 ]
					},
					{ "time": 2, "x": 0, "y": 0 }
				],
				"scale": [
					{ "time": 0, "x": 1, "y": 1, "curve": "stepped" },
					{ "time": 2, "x": 1, "y": 1 }
				]
			},
			"diaozhi01": {
				"rotate": [
					{
						"time": 0,
						"angle": 0,
						"curve": [ 0.161, 0.2, 0.75, 1 ]
					},
					{
						"time": 0.5,
						"angle": 7.69,
						"curve": [ 0.25, 0, 0.75, 1 ]
					},
					{
						"time": 1.5,
						"angle": -5.75,
						"curve": [ 0.25, 0, 0.843, 0.79 ]
					},
					{ "time": 2, "angle": 0 }
				],
				"translate": [
					{ "time": 0, "x": 0, "y": 0, "curve": "stepped" },
					{ "time": 2, "x": 0, "y": 0 }
				],
				"scale": [
					{ "time": 0, "x": 1, "y": 1, "curve": "stepped" },
					{ "time": 2, "x": 1, "y": 1 }
				]
			},
			"diaozhui02": {
				"rotate": [
					{
						"time": 0,
						"angle": 0,
						"curve": [ 0.161, 0.2, 0.75, 1 ]
					},
					{
						"time": 0.5,
						"angle": 7.69,
						"curve": [ 0.25, 0, 0.75, 1 ]
					},
					{
						"time": 1.5,
						"angle": -5.75,
						"curve": [ 0.25, 0, 0.843, 0.79 ]
					},
					{ "time": 2, "angle": 0 }
				],
				"translate": [
					{ "time": 0, "x": 0, "y": 0, "curve": "stepped" },
					{ "time": 2, "x": 0, "y": 0 }
				],
				"scale": [
					{ "time": 0, "x": 1, "y": 1, "curve": "stepped" },
					{ "time": 2, "x": 1, "y": 1 }
				]
			},
			"diaozhui03": {
				"rotate": [
					{
						"time": 0,
						"angle": 0,
						"curve": [ 0.161, 0.2, 0.75, 1 ]
					},
					{
						"time": 0.5,
						"angle": 7.69,
						"curve": [ 0.25, 0, 0.75, 1 ]
					},
					{
						"time": 1.5,
						"angle": -5.75,
						"curve": [ 0.25, 0, 0.843, 0.79 ]
					},
					{ "time": 2, "angle": 0 }
				],
				"translate": [
					{ "time": 0, "x": 0, "y": 0, "curve": "stepped" },
					{ "time": 2, "x": 0, "y": 0 }
				],
				"scale": [
					{ "time": 0, "x": 1, "y": 1, "curve": "stepped" },
					{ "time": 2, "x": 1, "y": 1 }
				]
			},
			"shangshen2": {
				"rotate": [
					{
						"time": 0,
						"angle": 0,
						"curve": [ 0.588, 0.2, 0.75, 1 ]
					},
					{
						"time": 1,
						"angle": 0.44,
						"curve": [ 0.25, 0, 0.416, 0.79 ]
					},
					{ "time": 2, "angle": 0 }
				],
				"translate": [
					{
						"time": 0,
						"x": 0,
						"y": 0,
						"curve": [ 0.588, 0.2, 0.75, 1 ]
					},
					{
						"time": 1,
						"x": -0.57,
						"y": -0.17,
						"curve": [ 0.25, 0, 0.416, 0.79 ]
					},
					{ "time": 2, "x": 0, "y": 0 }
				],
				"scale": [
					{ "time": 0, "x": 1, "y": 1, "curve": "stepped" },
					{ "time": 2, "x": 1, "y": 1 }
				]
			},
			"xiashen2": {
				"rotate": [
					{
						"time": 0,
						"angle": 0,
						"curve": [ 0.161, 0.2, 0.75, 1 ]
					},
					{
						"time": 0.5,
						"angle": -7.31,
						"curve": [ 0.25, 0, 0.75, 1 ]
					},
					{
						"time": 1.5,
						"angle": 4.16,
						"curve": [ 0.25, 0, 0.843, 0.79 ]
					},
					{ "time": 2, "angle": 0 }
				],
				"translate": [
					{ "time": 0, "x": 0, "y": 0, "curve": "stepped" },
					{ "time": 2, "x": 0, "y": 0 }
				],
				"scale": [
					{ "time": 0, "x": 1, "y": 1, "curve": "stepped" },
					{ "time": 2, "x": 1, "y": 1 }
				]
			},
			"bozi": {
				"rotate": [
					{ "time": 0, "angle": 0, "curve": "stepped" },
					{ "time": 2, "angle": 0 }
				],
				"translate": [
					{ "time": 0, "x": 0, "y": 0, "curve": "stepped" },
					{ "time": 2, "x": 0, "y": 0 }
				],
				"scale": [
					{ "time": 0, "x": 1, "y": 1, "curve": "stepped" },
					{ "time": 2, "x": 1, "y": 1 }
				]
			},
			"shangshen3": {
				"rotate": [
					{
						"time": 0,
						"angle": 0,
						"curve": [ 0.161, 0.2, 0.75, 1 ]
					},
					{
						"time": 0.5,
						"angle": -0.53,
						"curve": [ 0.25, 0, 0.75, 1 ]
					},
					{
						"time": 1.5,
						"angle": 0.7,
						"curve": [ 0.25, 0, 0.843, 0.79 ]
					},
					{ "time": 2, "angle": 0 }
				],
				"translate": [
					{ "time": 0, "x": 0, "y": 0, "curve": "stepped" },
					{ "time": 2, "x": 0, "y": 0 }
				],
				"scale": [
					{ "time": 0, "x": 1, "y": 1, "curve": "stepped" },
					{ "time": 2, "x": 1, "y": 1 }
				]
			},
			"shangshen4": {
				"rotate": [
					{
						"time": 0,
						"angle": 0,
						"curve": [ 0.588, 0.2, 0.75, 1 ]
					},
					{
						"time": 1,
						"angle": 1.19,
						"curve": [ 0.25, 0, 0.416, 0.79 ]
					},
					{ "time": 2, "angle": 0 }
				],
				"translate": [
					{ "time": 0, "x": 0, "y": 0, "curve": "stepped" },
					{ "time": 2, "x": 0, "y": 0 }
				],
				"scale": [
					{ "time": 0, "x": 1, "y": 1, "curve": "stepped" },
					{ "time": 2, "x": 1, "y": 1 }
				]
			},
			"shangshen5": {
				"rotate": [
					{
						"time": 0,
						"angle": 0,
						"curve": [ 0.161, 0.2, 0.75, 1 ]
					},
					{
						"time": 0.5,
						"angle": 0.71,
						"curve": [ 0.25, 0, 0.75, 1 ]
					},
					{
						"time": 1.5,
						"angle": -0.68,
						"curve": [ 0.25, 0, 0.843, 0.79 ]
					},
					{ "time": 2, "angle": 0 }
				],
				"translate": [
					{ "time": 0, "x": 0, "y": 0, "curve": "stepped" },
					{ "time": 2, "x": 0, "y": 0 }
				],
				"scale": [
					{ "time": 0, "x": 1, "y": 1, "curve": "stepped" },
					{ "time": 2, "x": 1, "y": 1 }
				]
			},
			"shangshen6": {
				"rotate": [
					{ "time": 0, "angle": 0, "curve": "stepped" },
					{ "time": 2, "angle": 0 }
				],
				"translate": [
					{
						"time": 0,
						"x": 0,
						"y": 0,
						"curve": [ 0.161, 0.19, 0.75, 1 ]
					},
					{
						"time": 0.3333,
						"x": 1.08,
						"y": -0.3,
						"curve": [ 0.25, 0, 0.75, 1 ]
					},
					{
						"time": 1.6666,
						"x": -1.9,
						"y": 0.53,
						"curve": [ 0.25, 0, 0.848, 0.79 ]
					},
					{ "time": 2, "x": 0, "y": 0 }
				],
				"scale": [
					{ "time": 0, "x": 1, "y": 1, "curve": "stepped" },
					{ "time": 2, "x": 1, "y": 1 }
				]
			},
			"xiashen4": {
				"rotate": [
					{
						"time": 0,
						"angle": 0,
						"curve": [ 0.588, 0.19, 0.75, 1 ]
					},
					{
						"time": 1,
						"angle": -10.88,
						"curve": [ 0.25, 0, 0.416, 0.79 ]
					},
					{ "time": 2, "angle": 0 }
				],
				"translate": [
					{ "time": 0, "x": 0, "y": 0, "curve": "stepped" },
					{ "time": 2, "x": 0, "y": 0 }
				],
				"scale": [
					{ "time": 0, "x": 1.1, "y": 1, "curve": "stepped" },
					{ "time": 2, "x": 1.1, "y": 1 }
				]
			},
			"youxiu": {
				"rotate": [
					{
						"time": 0,
						"angle": 0,
						"curve": [ 0.161, 0.2, 0.75, 1 ]
					},
					{
						"time": 0.5,
						"angle": -1.84,
						"curve": [ 0.25, 0, 0.75, 1 ]
					},
					{
						"time": 1.5,
						"angle": -0.07,
						"curve": [ 0.25, 0, 0.843, 0.79 ]
					},
					{ "time": 2, "angle": 0 }
				],
				"translate": [
					{ "time": 0, "x": 0, "y": 0, "curve": "stepped" },
					{ "time": 2, "x": 0, "y": 0 }
				],
				"scale": [
					{ "time": 0, "x": 1, "y": 1, "curve": "stepped" },
					{ "time": 2, "x": 1, "y": 1 }
				]
			},
			"tou": {
				"rotate": [
					{
						"time": 0,
						"angle": 0,
						"curve": [ 0.588, 0.2, 0.75, 1 ]
					},
					{
						"time": 1,
						"angle": -1.3,
						"curve": [ 0.25, 0, 0.416, 0.79 ]
					},
					{ "time": 2, "angle": 0 }
				],
				"translate": [
					{ "time": 0, "x": 0, "y": 0, "curve": "stepped" },
					{ "time": 2, "x": 0, "y": 0 }
				],
				"scale": [
					{ "time": 0, "x": 1, "y": 1, "curve": "stepped" },
					{ "time": 2, "x": 1, "y": 1 }
				]
			},
			"youshangbi": {
				"rotate": [
					{
						"time": 0,
						"angle": 0,
						"curve": [ 0.588, 0.2, 0.75, 1 ]
					},
					{
						"time": 1,
						"angle": -0.97,
						"curve": [ 0.25, 0, 0.416, 0.79 ]
					},
					{ "time": 2, "angle": 0 }
				],
				"translate": [
					{ "time": 0, "x": 0, "y": 0, "curve": "stepped" },
					{ "time": 2, "x": 0, "y": 0 }
				],
				"scale": [
					{ "time": 0, "x": 1, "y": 1, "curve": "stepped" },
					{ "time": 2, "x": 1, "y": 1 }
				]
			},
			"youxiu2": {
				"rotate": [
					{
						"time": 0,
						"angle": 0,
						"curve": [ 0.593, 0.19, 0.75, 1 ]
					},
					{
						"time": 1,
						"angle": -2.14,
						"curve": [ 0.25, 0, 0.416, 0.8 ]
					},
					{ "time": 2, "angle": 0 }
				],
				"translate": [
					{ "time": 0, "x": 0, "y": 0, "curve": "stepped" },
					{ "time": 2, "x": 0, "y": 0 }
				],
				"scale": [
					{ "time": 0, "x": 1, "y": 1, "curve": "stepped" },
					{ "time": 2, "x": 1, "y": 1 }
				]
			},
			"zuodabi": {
				"rotate": [
					{
						"time": 0,
						"angle": 0,
						"curve": [ 0.161, 0.2, 0.75, 1 ]
					},
					{
						"time": 0.5,
						"angle": -17.38,
						"curve": [ 0.25, 0, 0.75, 1 ]
					},
					{
						"time": 1.5,
						"angle": 16.97,
						"curve": [ 0.25, 0, 0.843, 0.79 ]
					},
					{ "time": 2, "angle": 0 }
				],
				"translate": [
					{ "time": 0, "x": 0, "y": 0, "curve": "stepped" },
					{ "time": 2, "x": 0, "y": 0 }
				],
				"scale": [
					{ "time": 0, "x": 1, "y": 1, "curve": "stepped" },
					{ "time": 2, "x": 1, "y": 1 }
				]
			},
			"zuoxiaobi": {
				"rotate": [
					{
						"time": 0,
						"angle": 0,
						"curve": [ 0.161, 0.2, 0.75, 1 ]
					},
					{
						"time": 0.5,
						"angle": -0.74,
						"curve": [ 0.25, 0, 0.75, 1 ]
					},
					{
						"time": 1.5,
						"angle": 0.48,
						"curve": [ 0.25, 0, 0.843, 0.79 ]
					},
					{ "time": 2, "angle": 0 }
				],
				"translate": [
					{ "time": 0, "x": 0, "y": 0, "curve": "stepped" },
					{ "time": 2, "x": 0, "y": 0 }
				],
				"scale": [
					{ "time": 0, "x": 1, "y": 1, "curve": "stepped" },
					{ "time": 2, "x": 1, "y": 1 }
				]
			},
			"youfa01": {
				"rotate": [
					{
						"time": 0,
						"angle": 0,
						"curve": [ 0.161, 0.2, 0.75, 1 ]
					},
					{
						"time": 0.5,
						"angle": -4.65,
						"curve": [ 0.25, 0, 0.75, 1 ]
					},
					{
						"time": 1.5,
						"angle": 8,
						"curve": [ 0.25, 0, 0.843, 0.79 ]
					},
					{ "time": 2, "angle": 0 }
				],
				"translate": [
					{ "time": 0, "x": 0, "y": 0, "curve": "stepped" },
					{ "time": 2, "x": 0, "y": 0 }
				],
				"scale": [
					{ "time": 0, "x": 1, "y": 1, "curve": "stepped" },
					{ "time": 2, "x": 1, "y": 1 }
				]
			},
			"youfa02": {
				"rotate": [
					{
						"time": 0,
						"angle": 0,
						"curve": [ 0.593, 0.19, 0.75, 1 ]
					},
					{
						"time": 1,
						"angle": -5.25,
						"curve": [ 0.25, 0, 0.416, 0.8 ]
					},
					{ "time": 2, "angle": 0 }
				],
				"translate": [
					{ "time": 0, "x": 0, "y": 0, "curve": "stepped" },
					{ "time": 2, "x": 0, "y": 0 }
				],
				"scale": [
					{ "time": 0, "x": 1, "y": 1, "curve": "stepped" },
					{ "time": 2, "x": 1, "y": 1 }
				]
			},
			"youxiaobi": {
				"rotate": [
					{
						"time": 0,
						"angle": 0,
						"curve": [ 0.161, 0.2, 0.75, 1 ]
					},
					{
						"time": 0.5,
						"angle": 0.75,
						"curve": [ 0.25, 0, 0.75, 1 ]
					},
					{
						"time": 1.5,
						"angle": -0.82,
						"curve": [ 0.25, 0, 0.843, 0.79 ]
					},
					{ "time": 2, "angle": 0 }
				],
				"translate": [
					{ "time": 0, "x": 0, "y": 0, "curve": "stepped" },
					{ "time": 2, "x": 0, "y": 0 }
				],
				"scale": [
					{ "time": 0, "x": 1, "y": 1, "curve": "stepped" },
					{ "time": 2, "x": 1, "y": 1 }
				]
			},
			"youxiu3": {
				"rotate": [
					{
						"time": 0,
						"angle": 0,
						"curve": [ 0.161, 0.2, 0.75, 1 ]
					},
					{
						"time": 0.5,
						"angle": 2.21,
						"curve": [ 0.25, 0, 0.75, 1 ]
					},
					{
						"time": 1.5,
						"angle": -1.79,
						"curve": [ 0.25, 0, 0.843, 0.79 ]
					},
					{ "time": 2, "angle": 0 }
				],
				"translate": [
					{ "time": 0, "x": 0, "y": 0, "curve": "stepped" },
					{ "time": 2, "x": 0, "y": 0 }
				],
				"scale": [
					{ "time": 0, "x": 1, "y": 1, "curve": "stepped" },
					{ "time": 2, "x": 1, "y": 1 }
				]
			},
			"zuodabi2": {
				"rotate": [
					{
						"time": 0,
						"angle": 0,
						"curve": [ 0.593, 0.19, 0.75, 1 ]
					},
					{
						"time": 1,
						"angle": -21.91,
						"curve": [ 0.25, 0, 0.416, 0.8 ]
					},
					{ "time": 2, "angle": 0 }
				],
				"translate": [
					{ "time": 0, "x": 0, "y": 0, "curve": "stepped" },
					{ "time": 2, "x": 0, "y": 0 }
				],
				"scale": [
					{ "time": 0, "x": 1, "y": 1, "curve": "stepped" },
					{ "time": 2, "x": 1, "y": 1 }
				]
			},
			"zuofa01": {
				"rotate": [
					{
						"time": 0,
						"angle": 0,
						"curve": [ 0.145, 0.19, 0.75, 1 ]
					},
					{
						"time": 0.5,
						"angle": 5.19,
						"curve": [ 0.25, 0, 0.75, 1 ]
					},
					{
						"time": 1.5,
						"angle": -4.99,
						"curve": [ 0.25, 0, 0.854, 0.79 ]
					},
					{ "time": 2, "angle": 0 }
				],
				"translate": [
					{ "time": 0, "x": 0, "y": 0, "curve": "stepped" },
					{ "time": 2, "x": 0, "y": 0 }
				],
				"scale": [
					{ "time": 0, "x": 1, "y": 1, "curve": "stepped" },
					{ "time": 2, "x": 1, "y": 1 }
				]
			},
			"zuoshou": {
				"rotate": [
					{
						"time": 0,
						"angle": 0,
						"curve": [ 0.588, 0.2, 0.75, 1 ]
					},
					{
						"time": 1,
						"angle": -0.89,
						"curve": [ 0.25, 0, 0.416, 0.79 ]
					},
					{ "time": 2, "angle": 0 }
				],
				"translate": [
					{ "time": 0, "x": 0, "y": 0, "curve": "stepped" },
					{ "time": 2, "x": 0, "y": 0 }
				],
				"scale": [
					{ "time": 0, "x": 1, "y": 1, "curve": "stepped" },
					{ "time": 2, "x": 1, "y": 1 }
				]
			},
			"bone2": {
				"rotate": [
					{
						"time": 0,
						"angle": 0,
						"curve": [ 0.588, 0.2, 0.75, 1 ]
					},
					{
						"time": 1,
						"angle": 2.48,
						"curve": [ 0.25, 0, 0.416, 0.79 ]
					},
					{ "time": 2, "angle": 0 }
				],
				"translate": [
					{ "time": 0, "x": 0, "y": 0, "curve": "stepped" },
					{ "time": 2, "x": 0, "y": 0 }
				],
				"scale": [
					{ "time": 0, "x": 1, "y": 1, "curve": "stepped" },
					{ "time": 2, "x": 1, "y": 1 }
				]
			},
			"youfa1": {
				"rotate": [
					{
						"time": 0,
						"angle": 0,
						"curve": [ 0.593, 0.19, 0.75, 1 ]
					},
					{
						"time": 1,
						"angle": -12.06,
						"curve": [ 0.25, 0, 0.416, 0.8 ]
					},
					{ "time": 2, "angle": 0 }
				],
				"translate": [
					{ "time": 0, "x": 0, "y": 0, "curve": "stepped" },
					{ "time": 2, "x": 0, "y": 0 }
				],
				"scale": [
					{ "time": 0, "x": 1, "y": 1, "curve": "stepped" },
					{ "time": 2, "x": 1, "y": 1 }
				]
			},
			"youfa2": {
				"rotate": [
					{
						"time": 0,
						"angle": 0,
						"curve": [ 0.161, 0.2, 0.75, 1 ]
					},
					{
						"time": 0.5,
						"angle": 6.08,
						"curve": [ 0.25, 0, 0.75, 1 ]
					},
					{
						"time": 1.5,
						"angle": -4.21,
						"curve": [ 0.25, 0, 0.843, 0.79 ]
					},
					{ "time": 2, "angle": 0 }
				],
				"translate": [
					{ "time": 0, "x": 0, "y": 0, "curve": "stepped" },
					{ "time": 2, "x": 0, "y": 0 }
				],
				"scale": [
					{ "time": 0, "x": 1, "y": 1, "curve": "stepped" },
					{ "time": 2, "x": 1, "y": 1 }
				]
			},
			"youshou": {
				"rotate": [
					{
						"time": 0,
						"angle": 0,
						"curve": [ 0.588, 0.2, 0.75, 1 ]
					},
					{
						"time": 1,
						"angle": -2.21,
						"curve": [ 0.25, 0, 0.416, 0.79 ]
					},
					{ "time": 2, "angle": 0 }
				],
				"translate": [
					{ "time": 0, "x": 0, "y": 0, "curve": "stepped" },
					{ "time": 2, "x": 0, "y": 0 }
				],
				"scale": [
					{ "time": 0, "x": 1.1, "y": 1, "curve": "stepped" },
					{ "time": 2, "x": 1.1, "y": 1 }
				]
			},
			"youxiu4": {
				"rotate": [
					{
						"time": 0,
						"angle": 0,
						"curve": [ 0.593, 0.19, 0.75, 1 ]
					},
					{
						"time": 1,
						"angle": -4.28,
						"curve": [ 0.25, 0, 0.416, 0.8 ]
					},
					{ "time": 2, "angle": 0 }
				],
				"translate": [
					{ "time": 0, "x": 0, "y": 0, "curve": "stepped" },
					{ "time": 2, "x": 0, "y": 0 }
				],
				"scale": [
					{ "time": 0, "x": 1, "y": 1, "curve": "stepped" },
					{ "time": 2, "x": 1, "y": 1 }
				]
			},
			"zuofa1": {
				"rotate": [
					{
						"time": 0,
						"angle": 0,
						"curve": [ 0.539, 0.19, 0.75, 1 ]
					},
					{
						"time": 1,
						"angle": 11.96,
						"curve": [ 0.25, 0, 0.46, 0.79 ]
					},
					{ "time": 2, "angle": 0 }
				],
				"translate": [
					{ "time": 0, "x": 0, "y": 0, "curve": "stepped" },
					{ "time": 2, "x": 0, "y": 0 }
				],
				"scale": [
					{ "time": 0, "x": 1, "y": 1, "curve": "stepped" },
					{ "time": 2, "x": 1, "y": 1 }
				]
			},
			"zuoshou2": {
				"rotate": [
					{
						"time": 0,
						"angle": 0,
						"curve": [ 0.161, 0.2, 0.75, 1 ]
					},
					{
						"time": 0.5,
						"angle": -0.11,
						"curve": [ 0.25, 0, 0.75, 1 ]
					},
					{
						"time": 1.5,
						"angle": -1.22,
						"curve": [ 0.25, 0, 0.843, 0.79 ]
					},
					{ "time": 2, "angle": 0 }
				],
				"translate": [
					{ "time": 0, "x": 0, "y": 0, "curve": "stepped" },
					{ "time": 2, "x": 0, "y": 0 }
				],
				"scale": [
					{ "time": 0, "x": 1, "y": 1, "curve": "stepped" },
					{ "time": 2, "x": 1, "y": 1 }
				]
			},
			"youfa3": {
				"rotate": [
					{
						"time": 0,
						"angle": 0,
						"curve": [ 0.593, 0.19, 0.75, 1 ]
					},
					{
						"time": 1,
						"angle": 14.14,
						"curve": [ 0.25, 0, 0.416, 0.8 ]
					},
					{ "time": 2, "angle": 0 }
				],
				"translate": [
					{ "time": 0, "x": 0, "y": 0, "curve": "stepped" },
					{ "time": 2, "x": 0, "y": 0 }
				],
				"scale": [
					{ "time": 0, "x": 1, "y": 1, "curve": "stepped" },
					{ "time": 2, "x": 1, "y": 1 }
				]
			},
			"youfa4": {
				"rotate": [
					{
						"time": 0,
						"angle": 0,
						"curve": [ 0.145, 0.2, 0.75, 1 ]
					},
					{
						"time": 0.5,
						"angle": 17.34,
						"curve": [ 0.25, 0, 0.75, 1 ]
					},
					{
						"time": 1.5,
						"angle": -19.66,
						"curve": [ 0.25, 0, 0.859, 0.79 ]
					},
					{ "time": 2, "angle": 0 }
				],
				"translate": [
					{ "time": 0, "x": 0, "y": 0, "curve": "stepped" },
					{ "time": 2, "x": 0, "y": 0 }
				],
				"scale": [
					{ "time": 0, "x": 1, "y": 1, "curve": "stepped" },
					{ "time": 2, "x": 1, "y": 1 }
				]
			},
			"youxiu5": {
				"rotate": [
					{
						"time": 0,
						"angle": 0,
						"curve": [ 0.161, 0.2, 0.75, 1 ]
					},
					{
						"time": 0.5,
						"angle": 6.82,
						"curve": [ 0.25, 0, 0.75, 1 ]
					},
					{
						"time": 1.5,
						"angle": -5.27,
						"curve": [ 0.25, 0, 0.843, 0.79 ]
					},
					{ "time": 2, "angle": 0 }
				],
				"translate": [
					{ "time": 0, "x": 0, "y": 0, "curve": "stepped" },
					{ "time": 2, "x": 0, "y": 0 }
				],
				"scale": [
					{ "time": 0, "x": 1, "y": 1, "curve": "stepped" },
					{ "time": 2, "x": 1, "y": 1 }
				]
			},
			"zuofa2": {
				"rotate": [
					{
						"time": 0,
						"angle": 0,
						"curve": [ 0.145, 0.19, 0.75, 1 ]
					},
					{
						"time": 0.5,
						"angle": -18.42,
						"curve": [ 0.25, 0, 0.75, 1 ]
					},
					{
						"time": 1.5,
						"angle": 13.28,
						"curve": [ 0.25, 0, 0.854, 0.79 ]
					},
					{ "time": 2, "angle": 0 }
				],
				"translate": [
					{ "time": 0, "x": 0, "y": 0, "curve": "stepped" },
					{ "time": 2, "x": 0, "y": 0 }
				],
				"scale": [
					{ "time": 0, "x": 1, "y": 1, "curve": "stepped" },
					{ "time": 2, "x": 1, "y": 1 }
				]
			},
			"zuoshou3": {
				"rotate": [
					{
						"time": 0,
						"angle": 0,
						"curve": [ 0.588, 0.2, 0.75, 1 ]
					},
					{
						"time": 1,
						"angle": -6.13,
						"curve": [ 0.25, 0, 0.416, 0.79 ]
					},
					{ "time": 2, "angle": 0 }
				],
				"translate": [
					{ "time": 0, "x": 0, "y": 0, "curve": "stepped" },
					{ "time": 2, "x": 0, "y": 0 }
				],
				"scale": [
					{ "time": 0, "x": 1, "y": 1, "curve": "stepped" },
					{ "time": 2, "x": 1, "y": 1 }
				]
			},
			"youfa5": {
				"rotate": [
					{
						"time": 0,
						"angle": 0,
						"curve": [ 0.593, 0.19, 0.75, 1 ]
					},
					{
						"time": 1,
						"angle": 23.44,
						"curve": [ 0.25, 0, 0.416, 0.8 ]
					},
					{ "time": 2, "angle": 0 }
				],
				"translate": [
					{ "time": 0, "x": 0, "y": 0, "curve": "stepped" },
					{ "time": 2, "x": 0, "y": 0 }
				],
				"scale": [
					{ "time": 0, "x": 1, "y": 1, "curve": "stepped" },
					{ "time": 2, "x": 1, "y": 1 }
				]
			},
			"zuofa3": {
				"rotate": [
					{
						"time": 0,
						"angle": 0,
						"curve": [ 0.539, 0.19, 0.75, 1 ]
					},
					{
						"time": 1,
						"angle": -25.91,
						"curve": [ 0.25, 0, 0.46, 0.79 ]
					},
					{ "time": 2, "angle": 0 }
				],
				"translate": [
					{ "time": 0, "x": 0, "y": 0, "curve": "stepped" },
					{ "time": 2, "x": 0, "y": 0 }
				],
				"scale": [
					{ "time": 0, "x": 1, "y": 1, "curve": "stepped" },
					{ "time": 2, "x": 1, "y": 1 }
				]
			},
			"youfa6": {
				"rotate": [
					{
						"time": 0,
						"angle": 0,
						"curve": [ 0.145, 0.19, 0.75, 1 ]
					},
					{
						"time": 0.5,
						"angle": -23.61,
						"curve": [ 0.25, 0, 0.75, 1 ]
					},
					{
						"time": 1.5,
						"angle": 13.37,
						"curve": [ 0.25, 0, 0.854, 0.8 ]
					},
					{ "time": 2, "angle": 0 }
				],
				"translate": [
					{ "time": 0, "x": 0, "y": 0, "curve": "stepped" },
					{ "time": 2, "x": 0, "y": 0 }
				],
				"scale": [
					{ "time": 0, "x": 1, "y": 1, "curve": "stepped" },
					{ "time": 2, "x": 1, "y": 1 }
				]
			},
			"zuofa4": {
				"rotate": [
					{
						"time": 0,
						"angle": 0,
						"curve": [ 0.145, 0.19, 0.75, 1 ]
					},
					{
						"time": 0.5,
						"angle": 23.01,
						"curve": [ 0.25, 0, 0.75, 1 ]
					},
					{
						"time": 1.5,
						"angle": -5.89,
						"curve": [ 0.25, 0, 0.854, 0.79 ]
					},
					{ "time": 2, "angle": 0 }
				],
				"translate": [
					{ "time": 0, "x": 0, "y": 0, "curve": "stepped" },
					{ "time": 2, "x": 0, "y": 0 }
				],
				"scale": [
					{ "time": 0, "x": 1, "y": 1, "curve": "stepped" },
					{ "time": 2, "x": 1, "y": 1 }
				]
			},
			"xiashen3": {
				"rotate": [
					{
						"time": 0,
						"angle": 0,
						"curve": [ 0.539, 0.2, 0.75, 1 ]
					},
					{
						"time": 1,
						"angle": 28.08,
						"curve": [ 0.25, 0, 0.465, 0.8 ]
					},
					{ "time": 2, "angle": 0 }
				],
				"translate": [
					{ "time": 0, "x": 0, "y": 0, "curve": "stepped" },
					{ "time": 2, "x": 0, "y": 0 }
				],
				"scale": [
					{ "time": 0, "x": 1, "y": 1, "curve": "stepped" },
					{ "time": 2, "x": 1, "y": 1 }
				]
			}
		}
	}
}
}