{"skeleton":{"hash":"5uYVI+O9GhpcZfCLYiNcP//ezFA","spine":"3.7.94","width":0,"height":0,"images":"./images/","audio":"F:/COK项目/Spine工程/光环—春节鞭炮Spine/光环_红包雨_Spine"},"bones":[{"name":"root"},{"name":"ctr","parent":"root","scaleX":1.3,"scaleY":1.3},{"name":"ghhognbao_UL_","parent":"ctr"},{"name":"ghhognbao_UR_","parent":"ctr"},{"name":"ghhognbao_DL_","parent":"ctr"},{"name":"ghhognbao_DR_","parent":"ctr"}],"slots":[{"name":"ghhognbao_UL_","bone":"ghhognbao_UL_"},{"name":"ghhognbao_UR_","bone":"ghhognbao_UR_"},{"name":"ghhognbao_DL_","bone":"ghhognbao_DL_"},{"name":"ghhognbao_DR_","bone":"ghhognbao_DR_"}],"skins":{"default":{"ghhognbao_DL_":{"ghhognbao_DL_00000_":{"x":-142,"y":-154.5,"width":284,"height":309},"ghhognbao_DL_00003_":{"x":-142,"y":-154.5,"width":284,"height":309},"ghhognbao_DL_00006_":{"x":-142,"y":-154.5,"width":284,"height":309},"ghhognbao_DL_00009_":{"x":-142,"y":-154.5,"width":284,"height":309},"ghhognbao_DL_00012_":{"x":-142,"y":-154.5,"width":284,"height":309},"ghhognbao_DL_00015_":{"x":-142,"y":-154.5,"width":284,"height":309},"ghhognbao_DL_00018_":{"x":-142,"y":-154.5,"width":284,"height":309},"ghhognbao_DL_00021_":{"x":-142,"y":-154.5,"width":284,"height":309},"ghhognbao_DL_00024_":{"x":-142,"y":-154.5,"width":284,"height":309},"ghhognbao_DL_00027_":{"x":-142,"y":-154.5,"width":284,"height":309},"ghhognbao_DL_00030_":{"x":-142,"y":-154.5,"width":284,"height":309},"ghhognbao_DL_00033_":{"x":-142,"y":-154.5,"width":284,"height":309},"ghhognbao_DL_00036_":{"x":-142,"y":-154.5,"width":284,"height":309},"ghhognbao_DL_00039_":{"x":-142,"y":-154.5,"width":284,"height":309},"ghhognbao_DL_00042_":{"x":-142,"y":-154.5,"width":284,"height":309},"ghhognbao_DL_00045_":{"x":-142,"y":-154.5,"width":284,"height":309},"ghhognbao_DL_00048_":{"x":-142,"y":-154.5,"width":284,"height":309},"ghhognbao_DL_00051_":{"x":-142,"y":-154.5,"width":284,"height":309},"ghhognbao_DL_00054_":{"x":-142,"y":-154.5,"width":284,"height":309},"ghhognbao_DL_00057_":{"x":-142,"y":-154.5,"width":284,"height":309},"ghhognbao_DL_00060_":{"x":-142,"y":-154.5,"width":284,"height":309}},"ghhognbao_DR_":{"ghhognbao_DR_00000_":{"x":146,"y":-154.5,"width":292,"height":309},"ghhognbao_DR_00003_":{"x":146,"y":-154.5,"width":292,"height":309},"ghhognbao_DR_00006_":{"x":146,"y":-154.5,"width":292,"height":309},"ghhognbao_DR_00009_":{"x":146,"y":-154.5,"width":292,"height":309},"ghhognbao_DR_00012_":{"x":146,"y":-154.5,"width":292,"height":309},"ghhognbao_DR_00015_":{"x":146,"y":-154.5,"width":292,"height":309},"ghhognbao_DR_00018_":{"x":146,"y":-154.5,"width":292,"height":309},"ghhognbao_DR_00021_":{"x":146,"y":-154.5,"width":292,"height":309},"ghhognbao_DR_00024_":{"x":146,"y":-154.5,"width":292,"height":309},"ghhognbao_DR_00027_":{"x":146,"y":-154.5,"width":292,"height":309},"ghhognbao_DR_00030_":{"x":146,"y":-154.5,"width":292,"height":309},"ghhognbao_DR_00033_":{"x":146,"y":-154.5,"width":292,"height":309},"ghhognbao_DR_00036_":{"x":146,"y":-154.5,"width":292,"height":309},"ghhognbao_DR_00039_":{"x":146,"y":-154.5,"width":292,"height":309},"ghhognbao_DR_00042_":{"x":146,"y":-154.5,"width":292,"height":309},"ghhognbao_DR_00045_":{"x":146,"y":-154.5,"width":292,"height":309},"ghhognbao_DR_00048_":{"x":146,"y":-154.5,"width":292,"height":309},"ghhognbao_DR_00051_":{"x":146,"y":-154.5,"width":292,"height":309},"ghhognbao_DR_00054_":{"x":146,"y":-154.5,"width":292,"height":309},"ghhognbao_DR_00057_":{"x":146,"y":-154.5,"width":292,"height":309},"ghhognbao_DR_00060_":{"x":146,"y":-154.5,"width":292,"height":309}},"ghhognbao_UL_":{"ghhognbao_UL_00000_":{"x":-142,"y":133.5,"width":284,"height":267},"ghhognbao_UL_00003_":{"x":-142,"y":133.5,"width":284,"height":267},"ghhognbao_UL_00006_":{"x":-142,"y":133.5,"width":284,"height":267},"ghhognbao_UL_00009_":{"x":-142,"y":133.5,"width":284,"height":267},"ghhognbao_UL_00012_":{"x":-142,"y":133.5,"width":284,"height":267},"ghhognbao_UL_00015_":{"x":-142,"y":133.5,"width":284,"height":267},"ghhognbao_UL_00018_":{"x":-142,"y":133.5,"width":284,"height":267},"ghhognbao_UL_00021_":{"x":-142,"y":133.5,"width":284,"height":267},"ghhognbao_UL_00024_":{"x":-142,"y":133.5,"width":284,"height":267},"ghhognbao_UL_00027_":{"x":-142,"y":133.5,"width":284,"height":267},"ghhognbao_UL_00030_":{"x":-142,"y":133.5,"width":284,"height":267},"ghhognbao_UL_00033_":{"x":-142,"y":133.5,"width":284,"height":267},"ghhognbao_UL_00036_":{"x":-142,"y":133.5,"width":284,"height":267},"ghhognbao_UL_00039_":{"x":-142,"y":133.5,"width":284,"height":267},"ghhognbao_UL_00042_":{"x":-142,"y":133.5,"width":284,"height":267},"ghhognbao_UL_00045_":{"x":-142,"y":133.5,"width":284,"height":267},"ghhognbao_UL_00048_":{"x":-142,"y":133.5,"width":284,"height":267},"ghhognbao_UL_00051_":{"x":-142,"y":133.5,"width":284,"height":267},"ghhognbao_UL_00054_":{"x":-142,"y":133.5,"width":284,"height":267},"ghhognbao_UL_00057_":{"x":-142,"y":133.5,"width":284,"height":267},"ghhognbao_UL_00060_":{"x":-142,"y":133.5,"width":284,"height":267}},"ghhognbao_UR_":{"ghhognbao_UR_00000_":{"x":146,"y":133.5,"width":292,"height":267},"ghhognbao_UR_00003_":{"x":146,"y":133.5,"width":292,"height":267},"ghhognbao_UR_00006_":{"x":146,"y":133.5,"width":292,"height":267},"ghhognbao_UR_00009_":{"x":146,"y":133.5,"width":292,"height":267},"ghhognbao_UR_00012_":{"x":146,"y":133.5,"width":292,"height":267},"ghhognbao_UR_00015_":{"x":146,"y":133.5,"width":292,"height":267},"ghhognbao_UR_00018_":{"x":146,"y":133.5,"width":292,"height":267},"ghhognbao_UR_00021_":{"x":146,"y":133.5,"width":292,"height":267},"ghhognbao_UR_00024_":{"x":146,"y":133.5,"width":292,"height":267},"ghhognbao_UR_00027_":{"x":146,"y":133.5,"width":292,"height":267},"ghhognbao_UR_00030_":{"x":146,"y":133.5,"width":292,"height":267},"ghhognbao_UR_00033_":{"x":146,"y":133.5,"width":292,"height":267},"ghhognbao_UR_00036_":{"x":146,"y":133.5,"width":292,"height":267},"ghhognbao_UR_00039_":{"x":146,"y":133.5,"width":292,"height":267},"ghhognbao_UR_00042_":{"x":146,"y":133.5,"width":292,"height":267},"ghhognbao_UR_00045_":{"x":146,"y":133.5,"width":292,"height":267},"ghhognbao_UR_00048_":{"x":146,"y":133.5,"width":292,"height":267},"ghhognbao_UR_00051_":{"x":146,"y":133.5,"width":292,"height":267},"ghhognbao_UR_00054_":{"x":146,"y":133.5,"width":292,"height":267},"ghhognbao_UR_00057_":{"x":146,"y":133.5,"width":292,"height":267},"ghhognbao_UR_00060_":{"x":146,"y":133.5,"width":292,"height":267}}}},"animations":{"animation":{"slots":{"ghhognbao_DL_":{"attachment":[{"time":0,"name":"ghhognbao_DL_00000_"},{"time":0.1,"name":"ghhognbao_DL_00003_"},{"time":0.2,"name":"ghhognbao_DL_00006_"},{"time":0.3,"name":"ghhognbao_DL_00009_"},{"time":0.4,"name":"ghhognbao_DL_00012_"},{"time":0.5,"name":"ghhognbao_DL_00015_"},{"time":0.6,"name":"ghhognbao_DL_00018_"},{"time":0.7,"name":"ghhognbao_DL_00021_"},{"time":0.8,"name":"ghhognbao_DL_00024_"},{"time":0.9,"name":"ghhognbao_DL_00027_"},{"time":1,"name":"ghhognbao_DL_00030_"},{"time":1.1,"name":"ghhognbao_DL_00033_"},{"time":1.2,"name":"ghhognbao_DL_00036_"},{"time":1.3,"name":"ghhognbao_DL_00039_"},{"time":1.4,"name":"ghhognbao_DL_00042_"},{"time":1.5,"name":"ghhognbao_DL_00045_"},{"time":1.6,"name":"ghhognbao_DL_00048_"},{"time":1.7,"name":"ghhognbao_DL_00051_"},{"time":1.8,"name":"ghhognbao_DL_00054_"},{"time":1.9,"name":"ghhognbao_DL_00057_"},{"time":2,"name":"ghhognbao_DL_00060_"}]},"ghhognbao_DR_":{"attachment":[{"time":0,"name":"ghhognbao_DR_00000_"},{"time":0.1,"name":"ghhognbao_DR_00003_"},{"time":0.2,"name":"ghhognbao_DR_00006_"},{"time":0.3,"name":"ghhognbao_DR_00009_"},{"time":0.4,"name":"ghhognbao_DR_00012_"},{"time":0.5,"name":"ghhognbao_DR_00015_"},{"time":0.6,"name":"ghhognbao_DR_00018_"},{"time":0.7,"name":"ghhognbao_DR_00021_"},{"time":0.8,"name":"ghhognbao_DR_00024_"},{"time":0.9,"name":"ghhognbao_DR_00027_"},{"time":1,"name":"ghhognbao_DR_00030_"},{"time":1.1,"name":"ghhognbao_DR_00033_"},{"time":1.2,"name":"ghhognbao_DR_00036_"},{"time":1.3,"name":"ghhognbao_DR_00039_"},{"time":1.4,"name":"ghhognbao_DR_00042_"},{"time":1.5,"name":"ghhognbao_DR_00045_"},{"time":1.6,"name":"ghhognbao_DR_00048_"},{"time":1.7,"name":"ghhognbao_DR_00051_"},{"time":1.8,"name":"ghhognbao_DR_00054_"},{"time":1.9,"name":"ghhognbao_DR_00057_"},{"time":2,"name":"ghhognbao_DR_00060_"}]},"ghhognbao_UL_":{"attachment":[{"time":0,"name":"ghhognbao_UL_00000_"},{"time":0.1,"name":"ghhognbao_UL_00003_"},{"time":0.2,"name":"ghhognbao_UL_00006_"},{"time":0.3,"name":"ghhognbao_UL_00009_"},{"time":0.4,"name":"ghhognbao_UL_00012_"},{"time":0.5,"name":"ghhognbao_UL_00015_"},{"time":0.6,"name":"ghhognbao_UL_00018_"},{"time":0.7,"name":"ghhognbao_UL_00021_"},{"time":0.8,"name":"ghhognbao_UL_00024_"},{"time":0.9,"name":"ghhognbao_UL_00027_"},{"time":1,"name":"ghhognbao_UL_00030_"},{"time":1.1,"name":"ghhognbao_UL_00033_"},{"time":1.2,"name":"ghhognbao_UL_00036_"},{"time":1.3,"name":"ghhognbao_UL_00039_"},{"time":1.4,"name":"ghhognbao_UL_00042_"},{"time":1.5,"name":"ghhognbao_UL_00045_"},{"time":1.6,"name":"ghhognbao_UL_00048_"},{"time":1.7,"name":"ghhognbao_UL_00051_"},{"time":1.8,"name":"ghhognbao_UL_00054_"},{"time":1.9,"name":"ghhognbao_UL_00057_"},{"time":2,"name":"ghhognbao_UL_00060_"}]},"ghhognbao_UR_":{"attachment":[{"time":0,"name":"ghhognbao_UR_00000_"},{"time":0.1,"name":"ghhognbao_UR_00003_"},{"time":0.2,"name":"ghhognbao_UR_00006_"},{"time":0.3,"name":"ghhognbao_UR_00009_"},{"time":0.4,"name":"ghhognbao_UR_00012_"},{"time":0.5,"name":"ghhognbao_UR_00015_"},{"time":0.6,"name":"ghhognbao_UR_00018_"},{"time":0.7,"name":"ghhognbao_UR_00021_"},{"time":0.8,"name":"ghhognbao_UR_00024_"},{"time":0.9,"name":"ghhognbao_UR_00027_"},{"time":1,"name":"ghhognbao_UR_00030_"},{"time":1.1,"name":"ghhognbao_UR_00033_"},{"time":1.2,"name":"ghhognbao_UR_00036_"},{"time":1.3,"name":"ghhognbao_UR_00039_"},{"time":1.4,"name":"ghhognbao_UR_00042_"},{"time":1.5,"name":"ghhognbao_UR_00045_"},{"time":1.6,"name":"ghhognbao_UR_00048_"},{"time":1.7,"name":"ghhognbao_UR_00051_"},{"time":1.8,"name":"ghhognbao_UR_00054_"},{"time":1.9,"name":"ghhognbao_UR_00057_"},{"time":2,"name":"ghhognbao_UR_00060_"}]}},"bones":{"ctr":{"translate":[{"time":0,"x":-16.3,"y":212.82}]}}}}}