{"skeleton":{"hash":"GLzBtaUKk7mkBsr1sCCjgQAJCkg","spine":"3.7.94","width":0,"height":0,"images":"./images/","audio":"F:/COK项目/Spine工程/UI—盲盒活动界面Spine/盲盒动效Spine/images"},"bones":[{"name":"root"},{"name":"ctr_closed","parent":"root"},{"name":"guanghuan_","parent":"ctr_closed","y":10.51},{"name":"guangmang_","parent":"ctr_closed","x":0.87,"y":73.91},{"name":"guanghuan_2","parent":"guanghuan_","scaleX":1.1,"scaleY":1.1,"transform":"noRotationOrReflection"},{"name":"guangmang_2","parent":"ctr_closed","x":0.87,"y":73.91},{"name":"guangmang_3","parent":"ctr_closed","x":0.87,"y":73.91},{"name":"fazhen_","parent":"root"}],"slots":[{"name":"guanghuan_2","bone":"guanghuan_2"},{"name":"fazhen_","bone":"fazhen_","blend":"additive"},{"name":"guangmang_","bone":"guangmang_","blend":"additive"},{"name":"guangmang_2","bone":"guangmang_2","blend":"additive"},{"name":"guangmang_3","bone":"guangmang_3","blend":"additive"}],"skins":{"default":{"fazhen_":{"fazhen_0000_":{"width":300,"height":264},"fazhen_0001_":{"width":300,"height":264},"fazhen_0002_":{"width":300,"height":264},"fazhen_0003_":{"width":300,"height":264},"fazhen_0004_":{"width":300,"height":264},"fazhen_0005_":{"width":300,"height":264},"fazhen_0006_":{"width":300,"height":264},"fazhen_0007_":{"width":300,"height":264},"fazhen_0008_":{"width":300,"height":264},"fazhen_0009_":{"width":300,"height":264},"fazhen_0010_":{"width":300,"height":264},"fazhen_0011_":{"width":300,"height":264},"fazhen_0012_":{"width":300,"height":264},"fazhen_0013_":{"width":300,"height":264},"fazhen_0014_":{"width":300,"height":264},"fazhen_0015_":{"width":300,"height":264}},"guanghuan_2":{"guanghuan_":{"x":-1.23,"y":1.88,"width":288,"height":136}},"guangmang_":{"guangmang_":{"x":1.01,"y":-11.53,"width":357,"height":257}},"guangmang_2":{"guangmang_":{"x":1.01,"y":-11.53,"width":357,"height":257}},"guangmang_3":{"guangmang_":{"x":1.01,"y":-11.53,"width":357,"height":257}}}},"animations":{"fazhen_idle":{"slots":{"fazhen_":{"attachment":[{"time":0,"name":"fazhen_0000_"},{"time":0.1333,"name":"fazhen_0001_"},{"time":0.2667,"name":"fazhen_0002_"},{"time":0.4,"name":"fazhen_0003_"},{"time":0.5333,"name":"fazhen_0004_"},{"time":0.6667,"name":"fazhen_0005_"},{"time":0.8,"name":"fazhen_0006_"},{"time":0.9333,"name":"fazhen_0007_"},{"time":1.0667,"name":"fazhen_0008_"},{"time":1.2,"name":"fazhen_0009_"},{"time":1.3333,"name":"fazhen_0010_"},{"time":1.4667,"name":"fazhen_0011_"},{"time":1.6,"name":"fazhen_0012_"},{"time":1.7333,"name":"fazhen_0013_"},{"time":1.8667,"name":"fazhen_0014_"},{"time":2,"name":"fazhen_0015_"}]},"guanghuan_2":{"attachment":[{"time":0,"name":"guanghuan_"}]},"guangmang_":{"color":[{"time":0.3333,"color":"ffffffff"},{"time":0.5,"color":"ffffff00"}],"attachment":[{"time":0,"name":"guangmang_"}]},"guangmang_2":{"color":[{"time":0,"color":"ffffff00"},{"time":0.2333,"color":"ffffffff","curve":"stepped"},{"time":0.5667,"color":"ffffffff"},{"time":0.7333,"color":"ffffff00"}],"attachment":[{"time":0.2333,"name":"guangmang_"}]},"guangmang_3":{"color":[{"time":0,"color":"ffffff00"},{"time":0.5,"color":"ffffffff","curve":"stepped"},{"time":0.8333,"color":"ffffffff"},{"time":1,"color":"ffffff00"}],"attachment":[{"time":0.5,"name":"guangmang_"}]}},"bones":{"guangmang_":{"scale":[{"time":0,"x":0.5,"y":0.5,"curve":[0,0.15,0.75,1]},{"time":0.5,"x":1.2,"y":1.2}]},"guanghuan_2":{"rotate":[{"time":0,"angle":0},{"time":0.6667,"angle":120},{"time":1.3333,"angle":-120},{"time":2,"angle":0}],"scale":[{"time":0,"x":1,"y":2.501}]},"guanghuan_":{"scale":[{"time":0,"x":1,"y":0.453}]},"guangmang_2":{"scale":[{"time":0,"x":1.2,"y":1.2},{"time":0.2333,"x":0.5,"y":0.5,"curve":[0,0.15,0.75,1]},{"time":0.7333,"x":1.2,"y":1.2}]},"guangmang_3":{"scale":[{"time":0,"x":1.2,"y":1.2},{"time":0.5,"x":0.5,"y":0.5,"curve":[0,0.15,0.75,1]},{"time":1,"x":1.2,"y":1.2}]},"ctr_closed":{"scale":[{"time":0,"x":1.2,"y":1.2}]},"fazhen_":{"translate":[{"time":0,"x":0,"y":77.61}],"scale":[{"time":0,"x":1.4,"y":1.3}]}}}}}