{
"skeleton": { "hash": "dUWIcMXUaf10DEyAc3IOtWD4Ruk", "spine": "2.1.27", "width": 0, "height": 0 },
"bones": [
	{ "name": "root" },
	{ "name": "bone3", "parent": "root", "length": 54.95, "x": -0.76, "y": 1.78, "rotation": 89.54 },
	{ "name": "qizi_", "parent": "root", "length": 58.09, "x": 0.7, "y": 2.92, "rotation": 90.9 },
	{ "name": "tx", "parent": "root" },
	{ "name": "yz", "parent": "root" },
	{ "name": "bone", "parent": "bone3", "length": 18.52, "x": 46.71, "y": -2.38, "rotation": -111.81 },
	{ "name": "bone2", "parent": "bone", "length": 24.14, "x": 18.52, "y": -0.09, "rotation": 26.38 }
],
"slots": [
	{ "name": "qizi1_000_", "bone": "tx" },
	{ "name": "qizi1_001_", "bone": "tx" },
	{ "name": "qizi1_002_", "bone": "tx" },
	{ "name": "qizi1_003_", "bone": "tx" },
	{ "name": "qizi1_004_", "bone": "tx" },
	{ "name": "qizi1_005_", "bone": "tx" },
	{ "name": "qizi1_006_", "bone": "tx" },
	{ "name": "qizi1_007_", "bone": "tx" },
	{ "name": "qizi1_008_", "bone": "tx" },
	{ "name": "qizi1_009_", "bone": "tx" },
	{ "name": "qizi_2", "bone": "qizi_" },
	{ "name": "qizi_3", "bone": "qizi_" },
	{ "name": "qizi_", "bone": "qizi_" },
	{ "name": "piaoqi_", "bone": "root" }
],
"skins": {
	"default": {
		"piaoqi_": {
			"piaoqi_": {
				"type": "skinnedmesh",
				"uvs": [ 1, 0.35684, 1, 0.39487, 1, 0.43607, 1, 0.48203, 1, 1, 0.14135, 1, 0, 1, 0, 0, 0.1258, 0, 1, 0, 0.14329, 0.5565, 0.31431, 0.58186, 0.12661, 0.02584, 0.29487, 0.13024, 0.42508, 0.16827, 0.59999, 0.12232, 0.79238, 0.1445, 0.89538, 0.23324, 0.43869, 0.56284, 0.62331, 0.4741, 0.79821, 0.43132, 0.89538, 0.42973, 0.13253, 0.21413, 0.30209, 0.298, 0.43022, 0.31742, 0.60958, 0.26695, 0.79821, 0.26652, 0.89538, 0.32832, 0.13821, 0.39498, 0.30886, 0.45524, 0.43458, 0.44378, 0.61746, 0.38584, 0.79821, 0.35526, 0.89538, 0.38219 ],
				"triangles": [ 14, 13, 15, 15, 13, 8, 30, 31, 19, 24, 25, 31, 14, 15, 25, 19, 31, 20, 31, 25, 32, 25, 15, 16, 4, 5, 18, 19, 20, 4, 4, 20, 3, 20, 21, 3, 21, 2, 3, 2, 33, 1, 31, 32, 20, 20, 33, 21, 20, 32, 33, 2, 21, 33, 1, 27, 0, 32, 27, 33, 1, 33, 27, 0, 17, 9, 25, 26, 32, 32, 26, 27, 26, 17, 27, 0, 27, 17, 25, 16, 26, 26, 16, 17, 17, 16, 9, 16, 15, 9, 9, 15, 8, 18, 19, 4, 30, 24, 31, 24, 14, 25, 18, 30, 19, 11, 5, 10, 5, 6, 10, 6, 28, 10, 28, 7, 22, 22, 7, 12, 12, 7, 8, 6, 7, 28, 10, 28, 29, 22, 12, 13, 8, 13, 12, 28, 22, 23, 10, 29, 11, 28, 23, 29, 29, 24, 30, 29, 23, 24, 23, 14, 24, 22, 13, 23, 23, 13, 14, 11, 29, 18, 29, 30, 18, 5, 11, 18 ],
				"vertices": [ 1, 6, 30.03, -1.76, 1, 1, 6, 29.85, -4.23, 1, 1, 6, 29.66, -6.9, 1, 1, 6, 29.44, -9.88, 1, 2, 1, -1.43, -49.96, 0.23294, 6, 27.03, -43.46, 0.76705, 1, 1, -1.79, -4.44999, 1, 1, 1, -1.85, 3.03, 1, 1, 1, 63.14, 3.54, 1, 1, 1, 63.19, -3.11, 1, 2, 5, 37.43999, 33.13, 0.05574, 6, 31.7, 21.36, 0.94425, 1, 1, 27.03, -4.33, 1, 2, 5, 18.12, -15.64, 0.928, 6, -7.26, -13.74, 0.07199, 1, 1, 61.52, -3.17, 1, 2, 5, 6.05, 11.14, 0.928, 6, -6.18, 15.6, 0.07199, 2, 5, 13.37, 11.46, 0.512, 6, 0.52, 12.64, 0.48799, 2, 5, 20.82, 17.74, 0.05599, 6, 9.97999, 14.95, 0.944, 1, 6, 20.04999, 12.78, 1, 1, 6, 25.08, 6.64, 1, 2, 5, 23.76, -12, 0.512, 6, -0.6, -12.98, 0.48799, 2, 5, 30.63, -2.95, 0.05599, 6, 9.57, -7.93, 0.944, 1, 6, 19.01, -5.82, 1, 1, 6, 24.16, -6.09, 1, 1, 1, 49.28, -3.58, 1, 2, 5, 10.53, 1.19, 0.928, 6, -6.58, 4.69999, 0.07199, 2, 5, 17.29999, 2.58999, 0.512, 6, 0.09, 2.95, 0.48799, 2, 5, 24.86, 9.22999, 0.05599, 6, 9.81, 5.54, 0.944, 1, 6, 19.78, 4.85, 1, 1, 6, 24.63, 0.47, 1, 1, 1, 37.53, -3.97, 1, 2, 5, 14.74, -8.13, 0.928, 6, -6.96, -5.51, 0.07199, 2, 5, 20.62, -4.91, 0.512, 6, -0.26, -5.25, 0.48799, 2, 5, 28.17, 2.23, 0.05599, 6, 9.67, -2.19, 0.944, 1, 6, 19.37, -0.89, 1, 1, 6, 24.38, -3.01, 1 ],
				"hull": 10
			}
		},
		"qizi1_000_": {
			"qizi1_000_": { "x": -0.92, "y": 21.15, "width": 180, "height": 140 }
		},
		"qizi1_001_": {
			"qizi1_001_": { "x": -0.92, "y": 21.15, "width": 180, "height": 140 }
		},
		"qizi1_002_": {
			"qizi1_002_": { "x": -0.92, "y": 21.15, "width": 180, "height": 140 }
		},
		"qizi1_003_": {
			"qizi1_003_": { "x": -0.92, "y": 21.15, "width": 180, "height": 140 }
		},
		"qizi1_004_": {
			"qizi1_004_": { "x": -0.92, "y": 21.15, "width": 180, "height": 140 }
		},
		"qizi1_005_": {
			"qizi1_005_": { "x": -0.92, "y": 21.15, "width": 180, "height": 140 }
		},
		"qizi1_006_": {
			"qizi1_006_": { "x": -0.92, "y": 21.15, "width": 180, "height": 140 }
		},
		"qizi1_007_": {
			"qizi1_007_": { "x": -0.92, "y": 21.15, "width": 180, "height": 140 }
		},
		"qizi1_008_": {
			"qizi1_008_": { "x": -0.92, "y": 21.15, "width": 180, "height": 140 }
		},
		"qizi1_009_": {
			"qizi1_009_": { "x": -0.92, "y": 21.15, "width": 180, "height": 140 }
		},
		"qizi_": {
			"qizi_": {
				"type": "skinnedmesh",
				"uvs": [ 1, 0.19414, 1, 0.40945, 1, 0.51618, 1, 0.6367, 1, 0.80418, 1, 1, 0.49187, 1, 0, 1, 0, 0.80993, 0, 0.63349, 0, 0.5206, 0, 0.40922, 0, 0.18493, 0, 0, 0.48251, 0, 1, 0, 0.48225, 0.40933, 0.486, 0.6398, 0.48239, 0.18504, 0.48877, 0.80978, 0.48406, 0.52043 ],
				"triangles": [ 16, 0, 1, 16, 18, 0, 18, 16, 12, 16, 11, 12, 0, 18, 15, 18, 14, 15, 14, 18, 13, 18, 12, 13, 6, 4, 5, 7, 19, 6, 6, 19, 4, 7, 8, 19, 8, 17, 19, 8, 9, 17, 19, 17, 4, 17, 3, 4, 9, 20, 17, 3, 17, 2, 17, 20, 2, 9, 10, 20, 10, 16, 20, 10, 11, 16, 2, 20, 1, 20, 16, 1 ],
				"vertices": [ 1, 2, 81.4, -31.57, 1, 1, 2, 59.01, -31.23, 1, 1, 2, 47.91, -31.05, 1, 1, 2, 35.38, -30.86, 1, 1, 2, 17.96999, -30.59, 1, 1, 2, -2.39, -30.27, 1, 1, 2, -1.9, 1.22, 1, 1, 2, -1.42, 31.71, 1, 1, 2, 18.33, 31.4, 1, 1, 2, 36.68, 31.12, 1, 1, 2, 48.42, 30.93, 1, 1, 2, 60, 30.76, 1, 1, 2, 83.32, 30.39, 1, 1, 2, 102.55, 30.09, 1, 1, 2, 102.09, 0.18, 1, 1, 2, 101.59, -31.89, 1, 1, 2, 59.52, 0.86, 1, 1, 2, 35.55, 1, 1, 1, 2, 82.85, 0.49, 1, 1, 2, 17.87999, 1.1, 1, 1, 2, 47.97, 0.93, 1 ],
				"hull": 16
			}
		},
		"qizi_2": {
			"yz_0_": { "x": 9.89, "y": 1.07, "scaleY": 0.6, "rotation": -90.9, "width": 85, "height": 85 }
		},
		"qizi_3": {
			"yz_0_": { "x": 9.89, "y": 1.07, "scaleY": 0.6, "rotation": -90.9, "width": 85, "height": 85 }
		}
	}
},
"animations": {
	"dj": {
		"slots": {
			"qizi_": {
				"attachment": [
					{ "time": 0, "name": "qizi_" }
				]
			},
			"qizi_2": {
				"attachment": [
					{ "time": 0, "name": "yz_0_" }
				]
			},
			"qizi_3": {
				"attachment": [
					{ "time": 0, "name": null }
				]
			}
		},
		"bones": {
			"qizi_": {
				"rotate": [
					{
						"time": 0,
						"angle": 0,
						"curve": [ 0.031, 0.06, 0.75, 1 ]
					},
					{
						"time": 0.1666,
						"angle": -1.44,
						"curve": [ 0.25, 0, 0.75, 1 ]
					},
					{
						"time": 0.3333,
						"angle": 2,
						"curve": [ 0.25, 0, 0.973, 0.9 ]
					},
					{ "time": 0.5333, "angle": -0.48 },
					{ "time": 0.7333, "angle": 0, "curve": "stepped" },
					{ "time": 1, "angle": 0 }
				]
			}
		}
	},
	"piaoqi": {
		"slots": {
			"piaoqi_": {
				"attachment": [
					{ "time": 0, "name": "piaoqi_" }
				]
			}
		},
		"bones": {
			"bone": {
				"rotate": [
					{
						"time": 0,
						"angle": 3.44,
						"curve": [ 0.25, 0, 0.75, 1 ]
					},
					{
						"time": 1,
						"angle": -6.72,
						"curve": [ 0.25, 0, 0.75, 1 ]
					},
					{ "time": 2, "angle": 3.44 }
				]
			},
			"bone2": {
				"rotate": [
					{
						"time": 0,
						"angle": -2.87,
						"curve": [ 0.088, 0.1, 0.75, 1 ]
					},
					{
						"time": 0.5,
						"angle": 9.74,
						"curve": [ 0.25, 0, 0.75, 1 ]
					},
					{
						"time": 1.5,
						"angle": -9.31,
						"curve": [ 0.25, 0, 0.953, 0.88 ]
					},
					{ "time": 2, "angle": -2.87 }
				]
			}
		}
	},
	"tiao": {
		"slots": {
			"qizi1_000_": {
				"attachment": [
					{ "time": 0, "name": null },
					{ "time": 0.3, "name": null },
					{ "time": 0.3666, "name": "qizi1_000_" },
					{ "time": 0.4333, "name": null }
				]
			},
			"qizi1_001_": {
				"attachment": [
					{ "time": 0, "name": null },
					{ "time": 0.3666, "name": null },
					{ "time": 0.4333, "name": "qizi1_001_" },
					{ "time": 0.5, "name": null }
				]
			},
			"qizi1_002_": {
				"attachment": [
					{ "time": 0, "name": null },
					{ "time": 0.4333, "name": null },
					{ "time": 0.5, "name": "qizi1_002_" },
					{ "time": 0.5333, "name": null }
				]
			},
			"qizi1_003_": {
				"attachment": [
					{ "time": 0, "name": null },
					{ "time": 0.5, "name": null },
					{ "time": 0.5333, "name": "qizi1_003_" },
					{ "time": 0.6, "name": null }
				]
			},
			"qizi1_004_": {
				"attachment": [
					{ "time": 0, "name": null },
					{ "time": 0.5333, "name": null },
					{ "time": 0.6, "name": "qizi1_004_" },
					{ "time": 0.6666, "name": null }
				]
			},
			"qizi1_005_": {
				"attachment": [
					{ "time": 0, "name": null },
					{ "time": 0.6, "name": null },
					{ "time": 0.6666, "name": "qizi1_005_" },
					{ "time": 0.7333, "name": null }
				]
			},
			"qizi1_006_": {
				"attachment": [
					{ "time": 0, "name": null },
					{ "time": 0.6666, "name": null },
					{ "time": 0.7333, "name": "qizi1_006_" },
					{ "time": 0.8, "name": null }
				]
			},
			"qizi1_007_": {
				"attachment": [
					{ "time": 0, "name": null },
					{ "time": 0.7333, "name": null },
					{ "time": 0.8, "name": "qizi1_007_" },
					{ "time": 0.8666, "name": null }
				]
			},
			"qizi1_008_": {
				"attachment": [
					{ "time": 0, "name": null },
					{ "time": 0.8, "name": null },
					{ "time": 0.8666, "name": "qizi1_008_" },
					{ "time": 0.9, "name": null }
				]
			},
			"qizi1_009_": {
				"attachment": [
					{ "time": 0, "name": null },
					{ "time": 0.8666, "name": null },
					{ "time": 0.9, "name": "qizi1_009_" },
					{ "time": 0.9333, "name": null }
				]
			},
			"qizi_": {
				"attachment": [
					{ "time": 0, "name": "qizi_" }
				]
			},
			"qizi_2": {
				"attachment": [
					{ "time": 0, "name": "yz_0_" }
				]
			},
			"qizi_3": {
				"attachment": [
					{ "time": 0, "name": null }
				]
			}
		},
		"bones": {
			"qizi_": {
				"translate": [
					{
						"time": 0,
						"x": 0,
						"y": 0,
						"curve": [ 0.088, 0.12, 0.75, 1 ]
					},
					{
						"time": 0.0666,
						"x": 0,
						"y": 35.88,
						"curve": [ 0.25, 0, 0.75, 1 ]
					},
					{
						"time": 0.1666,
						"x": 0,
						"y": 43.33,
						"curve": [ 0.25, 0, 0.75, 1 ]
					},
					{
						"time": 0.2666,
						"x": 0,
						"y": 35.09,
						"curve": [ 0.243, 0, 0.648, 0.6 ]
					},
					{
						"time": 0.3,
						"x": 0,
						"y": 18.2,
						"curve": [ 0.382, 0.57, 0.735, 1 ]
					},
					{
						"time": 0.3666,
						"x": 0,
						"y": 0,
						"curve": [ 0.25, 0, 0.75, 1 ]
					},
					{
						"time": 0.4666,
						"x": 0,
						"y": 2.96,
						"curve": [ 0.25, 0, 0.75, 1 ]
					},
					{ "time": 0.5666, "x": 0, "y": 0, "curve": "stepped" },
					{ "time": 0.6666, "x": 0, "y": 0 }
				],
				"scale": [
					{
						"time": 0,
						"x": 1,
						"y": 1,
						"curve": [ 0.062, 0.09, 0.75, 1 ]
					},
					{
						"time": 0.0666,
						"x": 1.03,
						"y": 1,
						"curve": [ 0.25, 0, 0.75, 1 ]
					},
					{ "time": 0.1666, "x": 1.05, "y": 1.05, "curve": "stepped" },
					{
						"time": 0.2666,
						"x": 1.05,
						"y": 1.05,
						"curve": [ 0.25, 0, 0.75, 1 ]
					},
					{
						"time": 0.3666,
						"x": 0.95,
						"y": 1,
						"curve": [ 0.25, 0, 0.75, 1 ]
					},
					{
						"time": 0.4666,
						"x": 1.03,
						"y": 1,
						"curve": [ 0.25, 0, 0.75, 1 ]
					},
					{ "time": 0.5666, "x": 1, "y": 1, "curve": "stepped" },
					{ "time": 0.6666, "x": 1, "y": 1 }
				]
			}
		}
	}
}
}