{
"skeleton": { "hash": "+qS2IjLyNPSfItE3mGx4A7JPlrA", "spine": "3.7.94", "width": 320, "height": 323, "images": "./images/", "audio": "D:/COK项目/Spine工程/UI_骰子活动普通Spine/images" },
"bones": [
	{ "name": "root" },
	{ "name": "liuguang_", "parent": "root", "scaleX": 2, "scaleY": 2 },
	{ "name": "lizi_huan_", "parent": "root", "scaleX": 1.25, "scaleY": 1.25 },
	{ "name": "lizi_huan_2", "parent": "root", "scaleX": -1.25, "scaleY": -1.25 }
],
"slots": [
	{ "name": "huizhang_", "bone": "root", "attachment": "huizhang_" },
	{ "name": "circle_light01_", "bone": "root", "attachment": "circle_light01_" },
	{ "name": "liuguang_01_", "bone": "liuguang_", "blend": "additive" },
	{ "name": "lizi_huan_01_", "bone": "lizi_huan_" },
	{ "name": "lizi_huan_01_2", "bone": "lizi_huan_2" }
],
"skins": {
	"default": {
		"circle_light01_": {
			"circle_light01_": { "x": -2.28, "y": 4.28, "width": 226, "height": 263 }
		},
		"huizhang_": {
			"huizhang_": { "x": -0.28, "y": 0.28, "width": 320, "height": 323 }
		},
		"liuguang_01_": {
			"liuguang_01_": { "width": 210, "height": 210 },
			"liuguang_03_": { "width": 210, "height": 210 },
			"liuguang_05_": { "width": 210, "height": 210 },
			"liuguang_07_": { "width": 210, "height": 210 },
			"liuguang_09_": { "width": 210, "height": 210 },
			"liuguang_11_": { "width": 210, "height": 210 },
			"liuguang_13_": { "width": 210, "height": 210 },
			"liuguang_15_": { "width": 210, "height": 210 },
			"liuguang_17_": { "width": 210, "height": 210 },
			"liuguang_19_": { "width": 210, "height": 210 },
			"liuguang_21_": { "width": 210, "height": 210 },
			"liuguang_23_": { "width": 210, "height": 210 }
		},
		"lizi_huan_01_": {
			"lizi_huan_01_": { "width": 205, "height": 205 },
			"lizi_huan_03_": { "width": 205, "height": 205 },
			"lizi_huan_05_": { "width": 205, "height": 205 },
			"lizi_huan_07_": { "width": 205, "height": 205 },
			"lizi_huan_09_": { "width": 205, "height": 205 },
			"lizi_huan_11_": { "width": 205, "height": 205 },
			"lizi_huan_13_": { "width": 205, "height": 205 },
			"lizi_huan_15_": { "width": 205, "height": 205 },
			"lizi_huan_17_": { "width": 205, "height": 205 },
			"lizi_huan_19_": { "width": 205, "height": 205 },
			"lizi_huan_21_": { "width": 205, "height": 205 },
			"lizi_huan_23_": { "width": 205, "height": 205 },
			"lizi_huan_25_": { "width": 205, "height": 205 },
			"lizi_huan_27_": { "width": 205, "height": 205 },
			"lizi_huan_29_": { "width": 205, "height": 205 },
			"lizi_huan_31_": { "width": 205, "height": 205 },
			"lizi_huan_33_": { "width": 205, "height": 205 },
			"lizi_huan_35_": { "width": 205, "height": 205 },
			"lizi_huan_37_": { "width": 205, "height": 205 },
			"lizi_huan_39_": { "width": 205, "height": 205 },
			"lizi_huan_41_": { "width": 205, "height": 205 }
		},
		"lizi_huan_01_2": {
			"lizi_huan_01_": { "width": 205, "height": 205 },
			"lizi_huan_03_": { "width": 205, "height": 205 },
			"lizi_huan_05_": { "width": 205, "height": 205 },
			"lizi_huan_07_": { "width": 205, "height": 205 },
			"lizi_huan_09_": { "width": 205, "height": 205 },
			"lizi_huan_11_": { "width": 205, "height": 205 },
			"lizi_huan_13_": { "width": 205, "height": 205 },
			"lizi_huan_15_": { "width": 205, "height": 205 },
			"lizi_huan_17_": { "width": 205, "height": 205 },
			"lizi_huan_19_": { "width": 205, "height": 205 },
			"lizi_huan_21_": { "width": 205, "height": 205 },
			"lizi_huan_23_": { "width": 205, "height": 205 },
			"lizi_huan_25_": { "width": 205, "height": 205 },
			"lizi_huan_27_": { "width": 205, "height": 205 },
			"lizi_huan_29_": { "width": 205, "height": 205 },
			"lizi_huan_31_": { "width": 205, "height": 205 },
			"lizi_huan_33_": { "width": 205, "height": 205 },
			"lizi_huan_35_": { "width": 205, "height": 205 },
			"lizi_huan_37_": { "width": 205, "height": 205 },
			"lizi_huan_39_": { "width": 205, "height": 205 },
			"lizi_huan_41_": { "width": 205, "height": 205 }
		}
	}
},
"animations": {
	"animation": {
		"slots": {
			"liuguang_01_": {
				"attachment": [
					{ "time": 0, "name": "liuguang_01_" },
					{ "time": 0.1333, "name": "liuguang_03_" },
					{ "time": 0.2667, "name": "liuguang_05_" },
					{ "time": 0.4, "name": "liuguang_07_" },
					{ "time": 0.5333, "name": "liuguang_09_" },
					{ "time": 0.6667, "name": "liuguang_11_" },
					{ "time": 0.8, "name": "liuguang_13_" },
					{ "time": 0.9333, "name": "liuguang_15_" },
					{ "time": 1.0667, "name": "liuguang_17_" },
					{ "time": 1.2, "name": "liuguang_19_" },
					{ "time": 1.3333, "name": "liuguang_21_" },
					{ "time": 1.4667, "name": "liuguang_23_" },
					{ "time": 1.6, "name": null }
				]
			},
			"lizi_huan_01_": {
				"attachment": [
					{ "time": 0, "name": "lizi_huan_01_" },
					{ "time": 0.1333, "name": "lizi_huan_03_" },
					{ "time": 0.2667, "name": "lizi_huan_05_" },
					{ "time": 0.4, "name": "lizi_huan_07_" },
					{ "time": 0.5333, "name": "lizi_huan_09_" },
					{ "time": 0.6667, "name": "lizi_huan_11_" },
					{ "time": 0.8, "name": "lizi_huan_13_" },
					{ "time": 0.9333, "name": "lizi_huan_15_" },
					{ "time": 1.0667, "name": "lizi_huan_17_" },
					{ "time": 1.2, "name": "lizi_huan_19_" },
					{ "time": 1.3333, "name": "lizi_huan_21_" },
					{ "time": 1.4667, "name": "lizi_huan_23_" },
					{ "time": 1.6, "name": "lizi_huan_25_" },
					{ "time": 1.7333, "name": "lizi_huan_27_" },
					{ "time": 1.8667, "name": "lizi_huan_29_" },
					{ "time": 2, "name": "lizi_huan_31_" },
					{ "time": 2.1333, "name": "lizi_huan_33_" },
					{ "time": 2.2667, "name": "lizi_huan_35_" },
					{ "time": 2.4, "name": "lizi_huan_37_" },
					{ "time": 2.5333, "name": "lizi_huan_39_" },
					{ "time": 2.6667, "name": "lizi_huan_41_" },
					{ "time": 2.8, "name": null }
				]
			},
			"lizi_huan_01_2": {
				"attachment": [
					{ "time": 0, "name": "lizi_huan_01_" },
					{ "time": 0.1333, "name": "lizi_huan_03_" },
					{ "time": 0.2667, "name": "lizi_huan_05_" },
					{ "time": 0.4, "name": "lizi_huan_07_" },
					{ "time": 0.5333, "name": "lizi_huan_09_" },
					{ "time": 0.6667, "name": "lizi_huan_11_" },
					{ "time": 0.8, "name": "lizi_huan_13_" },
					{ "time": 0.9333, "name": "lizi_huan_15_" },
					{ "time": 1.0667, "name": "lizi_huan_17_" },
					{ "time": 1.2, "name": "lizi_huan_19_" },
					{ "time": 1.3333, "name": "lizi_huan_21_" },
					{ "time": 1.4667, "name": "lizi_huan_23_" },
					{ "time": 1.6, "name": "lizi_huan_25_" },
					{ "time": 1.7333, "name": "lizi_huan_27_" },
					{ "time": 1.8667, "name": "lizi_huan_29_" },
					{ "time": 2, "name": "lizi_huan_31_" },
					{ "time": 2.1333, "name": "lizi_huan_33_" },
					{ "time": 2.2667, "name": "lizi_huan_35_" },
					{ "time": 2.4, "name": "lizi_huan_37_" },
					{ "time": 2.5333, "name": "lizi_huan_39_" },
					{ "time": 2.6667, "name": "lizi_huan_41_" },
					{ "time": 2.8, "name": null }
				]
			}
		},
		"bones": {
			"liuguang_": {
				"translate": [
					{ "time": 0, "x": 0, "y": 6.62 }
				]
			}
		}
	}
}
}