{
"skeleton": { "hash": "KDixJHhWmrGcgA+HdHw+25TspmY", "spine": "3.7.94", "width": 395, "height": 416, "images": "./images/", "audio": "D:/COK项目/Spine工程/UI_骰子活动珍宝Spine/images" },
"bones": [
	{ "name": "root" },
	{ "name": "flare_blue", "parent": "root", "rotation": 45, "x": -1.24, "y": -134.32 },
	{ "name": "liuguang_", "parent": "root", "scaleX": 2, "scaleY": 2 },
	{ "name": "bone3", "parent": "root" }
],
"slots": [
	{ "name": "eye_", "bone": "root", "attachment": "eye_" },
	{ "name": "ine_light02_", "bone": "root", "attachment": "ine_light02_", "blend": "additive" },
	{ "name": "ine_light01_", "bone": "root", "attachment": "ine_light01_", "blend": "additive" },
	{ "name": "flare_blue_00_", "bone": "flare_blue", "blend": "additive" },
	{ "name": "liuguang_01_", "bone": "liuguang_", "blend": "additive" }
],
"skins": {
	"default": {
		"eye_": {
			"eye_": { "x": -8.58, "y": -11.58, "width": 395, "height": 416 }
		},
		"flare_blue_00_": {
			"flare_blue_00_": { "width": 80, "height": 80 }
		},
		"ine_light01_": {
			"ine_light01_": { "x": -1.08, "y": 102.42, "width": 22, "height": 110 }
		},
		"ine_light02_": {
			"ine_light02_": { "x": -32.08, "y": 45.42, "width": 112, "height": 64 }
		},
		"liuguang_01_": {
			"liuguang_01_": { "width": 256, "height": 256 },
			"liuguang_03_": { "width": 256, "height": 256 },
			"liuguang_05_": { "width": 256, "height": 256 },
			"liuguang_07_": { "width": 256, "height": 256 },
			"liuguang_09_": { "width": 256, "height": 256 },
			"liuguang_11_": { "width": 256, "height": 256 },
			"liuguang_13_": { "width": 256, "height": 256 },
			"liuguang_15_": { "width": 256, "height": 256 },
			"liuguang_17_": { "width": 256, "height": 256 },
			"liuguang_19_": { "width": 256, "height": 256 },
			"liuguang_21_": { "width": 256, "height": 256 },
			"liuguang_23_": { "width": 256, "height": 256 },
			"liuguang_25_": { "width": 256, "height": 256 },
			"liuguang_27_": { "width": 256, "height": 256 },
			"liuguang_29_": { "width": 256, "height": 256 },
			"liuguang_31_": { "width": 256, "height": 256 },
			"liuguang_33_": { "width": 256, "height": 256 },
			"liuguang_35_": { "width": 256, "height": 256 },
			"liuguang_37_": { "width": 256, "height": 256 },
			"liuguang_39_": { "width": 256, "height": 256 },
			"liuguang_41_": { "width": 256, "height": 256 },
			"liuguang_43_": { "width": 256, "height": 256 },
			"liuguang_45_": { "width": 256, "height": 256 },
			"liuguang_47_": { "width": 256, "height": 256 },
			"liuguang_49_": { "width": 256, "height": 256 },
			"liuguang_51_": { "width": 256, "height": 256 }
		}
	}
},
"animations": {
	"animation": {
		"slots": {
			"flare_blue_00_": {
				"attachment": [
					{ "time": 1.2333, "name": "flare_blue_00_" }
				]
			},
			"liuguang_01_": {
				"attachment": [
					{ "time": 0, "name": "liuguang_01_" },
					{ "time": 0.1333, "name": "liuguang_03_" },
					{ "time": 0.2667, "name": "liuguang_05_" },
					{ "time": 0.4, "name": "liuguang_07_" },
					{ "time": 0.5333, "name": "liuguang_09_" },
					{ "time": 0.6667, "name": "liuguang_11_" },
					{ "time": 0.8, "name": "liuguang_13_" },
					{ "time": 0.9333, "name": "liuguang_15_" },
					{ "time": 1.0667, "name": "liuguang_17_" },
					{ "time": 1.2, "name": "liuguang_19_" },
					{ "time": 1.3333, "name": "liuguang_21_" },
					{ "time": 1.4667, "name": "liuguang_23_" },
					{ "time": 1.6, "name": "liuguang_25_" },
					{ "time": 1.7333, "name": "liuguang_27_" },
					{ "time": 1.8667, "name": "liuguang_29_" },
					{ "time": 2, "name": "liuguang_31_" },
					{ "time": 2.1333, "name": "liuguang_33_" },
					{ "time": 2.2667, "name": "liuguang_35_" },
					{ "time": 2.4, "name": "liuguang_37_" },
					{ "time": 2.5333, "name": "liuguang_39_" },
					{ "time": 2.6667, "name": "liuguang_41_" },
					{ "time": 2.8, "name": "liuguang_43_" },
					{ "time": 2.9333, "name": "liuguang_45_" },
					{ "time": 3.0667, "name": "liuguang_47_" },
					{ "time": 3.2, "name": "liuguang_49_" },
					{ "time": 3.3333, "name": "liuguang_51_" },
					{ "time": 3.4667, "name": null }
				]
			}
		},
		"bones": {
			"flare_blue": {
				"rotate": [
					{ "time": 0, "angle": 0, "curve": "stepped" },
					{
						"time": 1.2333,
						"angle": 0,
						"curve": [ 0, 0.18, 0.75, 1 ]
					},
					{ "time": 2, "angle": 90 }
				],
				"scale": [
					{ "time": 0, "x": 1, "y": 1, "curve": "stepped" },
					{ "time": 1.2, "x": 1, "y": 1 },
					{
						"time": 1.2333,
						"x": 0,
						"y": 0,
						"curve": [ 0, 0.09, 0.75, 1 ]
					},
					{ "time": 1.3, "x": 1, "y": 1, "curve": "stepped" },
					{ "time": 1.6333, "x": 1, "y": 1 },
					{ "time": 2, "x": 0, "y": 0 }
				]
			}
		}
	}
}
}