{"skeleton":{"hash":"GK2iN/8n1IxBMJphAuKWSxldkEI","spine":"2.1.27","width":0,"height":0,"images":"./images/"},"bones":[{"name":"root"}],"slots":[{"name":"door_01_","bone":"root"}],"skins":{"default":{"door_01_":{"door_01_":{"width":230,"height":432},"door_03_":{"width":230,"height":432},"door_05_":{"width":230,"height":432},"door_07_":{"width":230,"height":432},"door_09_":{"width":230,"height":432},"door_11_":{"width":230,"height":432},"door_13_":{"width":230,"height":432},"door_15_":{"width":230,"height":432},"door_17_":{"width":230,"height":432},"door_19_":{"width":230,"height":432}}}},"animations":{"animation":{"slots":{"door_01_":{"attachment":[{"time":0,"name":"door_01_"},{"time":0.0666,"name":"door_03_"},{"time":0.1333,"name":"door_05_"},{"time":0.2,"name":"door_07_"},{"time":0.2666,"name":"door_09_"},{"time":0.3333,"name":"door_11_"},{"time":0.4,"name":"door_13_"},{"time":0.4666,"name":"door_15_"},{"time":0.5333,"name":"door_17_"},{"time":0.6,"name":"door_19_"},{"time":0.6666,"name":null}]}},"bones":{"root":{"scale":[{"time":0,"x":1.1,"y":1.1}]}}}}}