{
"skeleton": { "hash": "gfZMFBIPp0zvP6rj4BxEogZLonU", "spine": "2.1.27", "width": 0, "height": 0 },
"bones": [
	{ "name": "root" },
	{ "name": "bone", "parent": "root", "length": 215.66, "x": 477.79, "y": 90.44, "scaleX": 1.3, "scaleY": 1.3, "rotation": 270 },
	{ "name": "bone2", "parent": "root", "length": 232.91 }
],
"slots": [
	{ "name": "CHMgj_018_", "bone": "bone" },
	{ "name": "CHMgj_018_1_", "bone": "bone" },
	{ "name": "CHMgj_018_2_", "bone": "bone" },
	{ "name": "CHMgj_017_", "bone": "bone" },
	{ "name": "CHMgj_017_1_", "bone": "bone" },
	{ "name": "CHMgj_017_2_", "bone": "bone" },
	{ "name": "CHMgj_016_", "bone": "bone" },
	{ "name": "CHMgj_016_1_", "bone": "bone" },
	{ "name": "CHMgj_015_", "bone": "bone" },
	{ "name": "CHMgj_015_1_", "bone": "bone" },
	{ "name": "CHMgj_014_", "bone": "bone" },
	{ "name": "CHMgj_014_1_", "bone": "bone" },
	{ "name": "CHMgj_013_", "bone": "bone" },
	{ "name": "CHMgj_013_1_", "bone": "bone" },
	{ "name": "CHMgj_012_", "bone": "bone" },
	{ "name": "CHMgj_012_1_", "bone": "bone" },
	{ "name": "CHMgj_012_2_", "bone": "bone" },
	{ "name": "CHMgj_011_", "bone": "bone" },
	{ "name": "CHMgj_011_1_", "bone": "bone" },
	{ "name": "CHMgj_011_2_", "bone": "bone" },
	{ "name": "CHMgj_010_", "bone": "bone" },
	{ "name": "CHMgj_010_1_", "bone": "bone" },
	{ "name": "CHMgj_010_2_", "bone": "bone" },
	{ "name": "CHMgj_009_", "bone": "bone" },
	{ "name": "CHMgj_009_1_", "bone": "bone" },
	{ "name": "CHMgj_008_", "bone": "bone" },
	{ "name": "CHMgj_008_1_", "bone": "bone" },
	{ "name": "CHMgj_008_2_", "bone": "bone" },
	{ "name": "CHMgj_007_", "bone": "bone" },
	{ "name": "CHMgj_007_1_", "bone": "bone" },
	{ "name": "CHMgj_006_", "bone": "bone" },
	{ "name": "CHMgj_006_1_", "bone": "bone" },
	{ "name": "CHMgj_005_", "bone": "bone" },
	{ "name": "CHMgj_005_1_", "bone": "bone" },
	{ "name": "CHMgj_004_", "bone": "bone" },
	{ "name": "CHMgj_004_1_", "bone": "bone" },
	{ "name": "CHMgj_003_", "bone": "bone" },
	{ "name": "CHMgj_003_1_", "bone": "bone" },
	{ "name": "CHMgj_002_", "bone": "bone" },
	{ "name": "CHMgj_002_1_", "bone": "bone" },
	{ "name": "CHMgj_001_", "bone": "bone" },
	{ "name": "CHMgj_001_2_", "bone": "bone" },
	{ "name": "CHMdj_060_", "bone": "bone" },
	{ "name": "CHMdj_060_1_", "bone": "bone" },
	{ "name": "CHMdj_059_", "bone": "bone" },
	{ "name": "CHMdj_059_1_", "bone": "bone" },
	{ "name": "CHMdj_058_", "bone": "bone" },
	{ "name": "CHMdj_058_1_", "bone": "bone" },
	{ "name": "CHMdj_057_", "bone": "bone" },
	{ "name": "CHMdj_057_1_", "bone": "bone" },
	{ "name": "CHMdj_057_2_", "bone": "bone" },
	{ "name": "CHMdj_056_", "bone": "bone" },
	{ "name": "CHMdj_056_1_", "bone": "bone" },
	{ "name": "CHMdj_056_2_", "bone": "bone" },
	{ "name": "CHMdj_055_", "bone": "bone" },
	{ "name": "CHMdj_055_1_", "bone": "bone" },
	{ "name": "CHMdj_055_2_", "bone": "bone" },
	{ "name": "CHMdj_055_3_", "bone": "bone" },
	{ "name": "CHMdj_054_", "bone": "bone" },
	{ "name": "CHMdj_054_1_", "bone": "bone" },
	{ "name": "CHMdj_053_", "bone": "bone" },
	{ "name": "CHMdj_053_1_", "bone": "bone" },
	{ "name": "CHMdj_052_", "bone": "bone" },
	{ "name": "CHMdj_052_1_", "bone": "bone" },
	{ "name": "CHMdj_052_2_", "bone": "bone" },
	{ "name": "CHMdj_051_", "bone": "bone" },
	{ "name": "CHMdj_051_1_", "bone": "bone" },
	{ "name": "CHMdj_051_2_", "bone": "bone" },
	{ "name": "CHMdj_050_", "bone": "bone" },
	{ "name": "CHMdj_050_1_", "bone": "bone" },
	{ "name": "CHMdj_050_2_", "bone": "bone" },
	{ "name": "CHMdj_001_", "bone": "bone" },
	{ "name": "CHMdj_001_1_", "bone": "bone" },
	{ "name": "Tm_yinzi_2", "bone": "bone2" },
	{ "name": "Tm_yinzi_", "bone": "root" }
],
"skins": {
	"default": {
		"CHMdj_001_": {
			"CHMdj_001_": { "x": -438.55, "y": 78.2, "rotation": 90, "width": 86, "height": 250 }
		},
		"CHMdj_001_1_": {
			"CHMdj_001_1_": { "x": -473.55, "y": -47.29, "rotation": 90, "width": 165, "height": 344 }
		},
		"CHMdj_050_": {
			"CHMdj_050_": { "x": -394.05, "y": 71.7, "rotation": 90, "width": 177, "height": 109 }
		},
		"CHMdj_050_1_": {
			"CHMdj_050_1_": { "x": -546.55, "y": 61.7, "rotation": 90, "width": 157, "height": 196 }
		},
		"CHMdj_050_2_": {
			"CHMdj_050_2_": { "x": -467.55, "y": -82.29, "rotation": 90, "width": 131, "height": 184 }
		},
		"CHMdj_051_": {
			"CHMdj_051_": { "x": -435.05, "y": 84.7, "rotation": 90, "width": 125, "height": 127 }
		},
		"CHMdj_051_1_": {
			"CHMdj_051_1_": { "x": -479.05, "y": -50.79, "rotation": 90, "width": 146, "height": 215 }
		},
		"CHMdj_051_2_": {
			"CHMdj_051_2_": { "x": -271.55, "y": 28.2, "rotation": 90, "width": 150, "height": 200 }
		},
		"CHMdj_052_": {
			"CHMdj_052_": { "x": -459.55, "y": 71.7, "rotation": 90, "width": 137, "height": 140 }
		},
		"CHMdj_052_1_": {
			"CHMdj_052_1_": { "x": -501.55, "y": -51.29, "rotation": 90, "width": 109, "height": 224 }
		},
		"CHMdj_052_2_": {
			"CHMdj_052_2_": { "x": -344.05, "y": 6.2, "rotation": 90, "width": 180, "height": 91 }
		},
		"CHMdj_053_": {
			"CHMdj_053_": { "x": -463.55, "y": 65.7, "rotation": 90, "width": 123, "height": 230 }
		},
		"CHMdj_053_1_": {
			"CHMdj_053_1_": { "x": -489.55, "y": -51.29, "rotation": 90, "width": 111, "height": 276 }
		},
		"CHMdj_054_": {
			"CHMdj_054_": { "x": -433.05, "y": 68.2, "rotation": 90, "width": 106, "height": 213 }
		},
		"CHMdj_054_1_": {
			"CHMdj_054_1_": { "x": -464.55, "y": -50.29, "rotation": 90, "width": 131, "height": 282 }
		},
		"CHMdj_055_": {
			"CHMdj_055_": { "x": -431.55, "y": 79.2, "rotation": 90, "width": 112, "height": 196 }
		},
		"CHMdj_055_1_": {
			"CHMdj_055_1_": { "x": -415.55, "y": 174.2, "rotation": 90, "width": 24, "height": 38 }
		},
		"CHMdj_055_2_": {
			"CHMdj_055_2_": { "x": -455.55, "y": -56.29, "rotation": 90, "width": 159, "height": 226 }
		},
		"CHMdj_055_3_": {
			"CHMdj_055_3_": { "x": -299.55, "y": 38.2, "rotation": 90, "width": 136, "height": 68 }
		},
		"CHMdj_056_": {
			"CHMdj_056_": { "x": -398.05, "y": -4.29, "rotation": 90, "width": 217, "height": 187 }
		},
		"CHMdj_056_1_": {
			"CHMdj_056_1_": { "x": -406.05, "y": 156.7, "rotation": 90, "width": 105, "height": 157 }
		},
		"CHMdj_056_2_": {
			"CHMdj_056_2_": { "x": -538.55, "y": -26.79, "rotation": 90, "width": 176, "height": 94 }
		},
		"CHMdj_057_": {
			"CHMdj_057_": { "x": -372.05, "y": -23.79, "rotation": 90, "width": 174, "height": 209 }
		},
		"CHMdj_057_1_": {
			"CHMdj_057_1_": { "x": -540.55, "y": -34.79, "rotation": 90, "width": 178, "height": 128 }
		},
		"CHMdj_057_2_": {
			"CHMdj_057_2_": { "x": -413.55, "y": 122.7, "rotation": 90, "width": 119, "height": 158 }
		},
		"CHMdj_058_": {
			"CHMdj_058_": { "x": -344.05, "y": 21.2, "rotation": 90, "width": 256, "height": 193 }
		},
		"CHMdj_058_1_": {
			"CHMdj_058_1_": { "x": -531.55, "y": 20.7, "rotation": 90, "width": 273, "height": 182 }
		},
		"CHMdj_059_": {
			"CHMdj_059_": { "x": -357.05, "y": 7.7, "rotation": 90, "width": 237, "height": 171 }
		},
		"CHMdj_059_1_": {
			"CHMdj_059_1_": { "x": -541.55, "y": 15.7, "rotation": 90, "width": 253, "height": 198 }
		},
		"CHMdj_060_": {
			"CHMdj_060_": { "x": -361.05, "y": 11.7, "rotation": 90, "width": 235, "height": 149 }
		},
		"CHMdj_060_1_": {
			"CHMdj_060_1_": { "x": -541.55, "y": 3.7, "rotation": 90, "width": 255, "height": 212 }
		},
		"CHMgj_001_": {
			"CHMgj_001_": { "x": -436.05, "y": 75.7, "rotation": 90, "width": 91, "height": 257 }
		},
		"CHMgj_001_2_": {
			"CHMgj_001_2_": { "x": -473.55, "y": -49.79, "rotation": 90, "width": 160, "height": 344 }
		},
		"CHMgj_002_": {
			"CHMgj_002_": { "x": -313.05, "y": 112.2, "rotation": 90, "width": 140, "height": 175 }
		},
		"CHMgj_002_1_": {
			"CHMgj_002_1_": { "x": -373.55, "y": -53.29, "rotation": 90, "width": 191, "height": 254 }
		},
		"CHMgj_003_": {
			"CHMgj_003_": { "x": -335.05, "y": -44.29, "rotation": 90, "width": 315, "height": 169 }
		},
		"CHMgj_003_1_": {
			"CHMgj_003_1_": { "x": -173.55, "y": 42.7, "rotation": 90, "width": 165, "height": 154 }
		},
		"CHMgj_004_": {
			"CHMgj_004_": { "x": -305.05, "y": 36.7, "rotation": 90, "width": 289, "height": 105 }
		},
		"CHMgj_004_1_": {
			"CHMgj_004_1_": { "x": -440.55, "y": -12.79, "rotation": 90, "width": 302, "height": 166 }
		},
		"CHMgj_005_": {
			"CHMgj_005_": { "x": -452.55, "y": 150.7, "rotation": 90, "width": 139, "height": 130 }
		},
		"CHMgj_005_1_": {
			"CHMgj_005_1_": { "x": -461.55, "y": -40.79, "rotation": 90, "width": 244, "height": 348 }
		},
		"CHMgj_006_": {
			"CHMgj_006_": { "x": -534.55, "y": 13.7, "rotation": 90, "width": 213, "height": 426 }
		},
		"CHMgj_006_1_": {
			"CHMgj_006_1_": { "x": -576.05, "y": 174.7, "rotation": 90, "width": 109, "height": 233 }
		},
		"CHMgj_007_": {
			"CHMgj_007_": { "x": -660.55, "y": 83.2, "rotation": 90, "width": 242, "height": 192 }
		},
		"CHMgj_007_1_": {
			"CHMgj_007_1_": { "x": -456.55, "y": 46.7, "rotation": 90, "width": 271, "height": 216 }
		},
		"CHMgj_008_": {
			"CHMgj_008_": { "x": -469.05, "y": 53.7, "rotation": 90, "width": 197, "height": 241 }
		},
		"CHMgj_008_1_": {
			"CHMgj_008_1_": { "x": -293.05, "y": 106.2, "rotation": 90, "width": 150, "height": 111 }
		},
		"CHMgj_008_2_": {
			"CHMgj_008_2_": { "x": -456.55, "y": -125.79, "rotation": 90, "width": 162, "height": 96 }
		},
		"CHMgj_009_": {
			"CHMgj_009_": { "x": -404.55, "y": 103.2, "rotation": 90, "width": 86, "height": 208 }
		},
		"CHMgj_009_1_": {
			"CHMgj_009_1_": { "x": -441.55, "y": -48.79, "rotation": 90, "width": 218, "height": 288 }
		},
		"CHMgj_010_": {
			"CHMgj_010_": { "x": -437.05, "y": -30.79, "rotation": 90, "width": 194, "height": 171 }
		},
		"CHMgj_010_1_": {
			"CHMgj_010_1_": { "x": -567.05, "y": -51.29, "rotation": 90, "width": 209, "height": 89 }
		},
		"CHMgj_010_2_": {
			"CHMgj_010_2_": { "x": -452.05, "y": 142.2, "rotation": 90, "width": 152, "height": 161 }
		},
		"CHMgj_011_": {
			"CHMgj_011_": { "x": -425.05, "y": -29.79, "rotation": 90, "width": 184, "height": 171 }
		},
		"CHMgj_011_1_": {
			"CHMgj_011_1_": { "x": -603.05, "y": -14.79, "rotation": 90, "width": 144, "height": 185 }
		},
		"CHMgj_011_2_": {
			"CHMgj_011_2_": { "x": -506.05, "y": 161.2, "rotation": 90, "width": 198, "height": 179 }
		},
		"CHMgj_012_": {
			"CHMgj_012_": { "x": -392.05, "y": -18.79, "rotation": 90, "width": 180, "height": 163 }
		},
		"CHMgj_012_1_": {
			"CHMgj_012_1_": { "x": -585.05, "y": -0.29, "rotation": 90, "width": 111, "height": 223 }
		},
		"CHMgj_012_2_": {
			"CHMgj_012_2_": { "x": -516.55, "y": 136.2, "rotation": 90, "width": 130, "height": 236 }
		},
		"CHMgj_013_": {
			"CHMgj_013_": { "x": -359.05, "y": 25.2, "rotation": 90, "width": 306, "height": 189 }
		},
		"CHMgj_013_1_": {
			"CHMgj_013_1_": { "x": -495.55, "y": -59.79, "rotation": 90, "width": 180, "height": 84 }
		},
		"CHMgj_014_": {
			"CHMgj_014_": { "x": -383.05, "y": -36.79, "rotation": 90, "width": 308, "height": 191 }
		},
		"CHMgj_014_1_": {
			"CHMgj_014_1_": { "x": -189.05, "y": 93.7, "rotation": 90, "width": 145, "height": 197 }
		},
		"CHMgj_015_": {
			"CHMgj_015_": { "x": -222.55, "y": 50.7, "rotation": 90, "width": 123, "height": 58 }
		},
		"CHMgj_015_1_": {
			"CHMgj_015_1_": { "x": -350.05, "y": 2.7, "rotation": 90, "width": 265, "height": 197 }
		},
		"CHMgj_016_": {
			"CHMgj_016_": { "x": -319.55, "y": 133.2, "rotation": 90, "width": 164, "height": 224 }
		},
		"CHMgj_016_1_": {
			"CHMgj_016_1_": { "x": -362.55, "y": -59.29, "rotation": 90, "width": 221, "height": 236 }
		},
		"CHMgj_017_": {
			"CHMgj_017_": { "x": -356.55, "y": -31.29, "rotation": 90, "width": 189, "height": 198 }
		},
		"CHMgj_017_1_": {
			"CHMgj_017_1_": { "x": -514.55, "y": -77.79, "rotation": 90, "width": 208, "height": 118 }
		},
		"CHMgj_017_2_": {
			"CHMgj_017_2_": { "x": -374.55, "y": 158.2, "rotation": 90, "width": 190, "height": 130 }
		},
		"CHMgj_018_": {
			"CHMgj_018_": { "x": -368.05, "y": -32.79, "rotation": 90, "width": 160, "height": 201 }
		},
		"CHMgj_018_1_": {
			"CHMgj_018_1_": { "x": -555.05, "y": -56.79, "rotation": 90, "width": 160, "height": 173 }
		},
		"CHMgj_018_2_": {
			"CHMgj_018_2_": { "x": -454.05, "y": 92.7, "rotation": 90, "width": 91, "height": 215 }
		},
		"Tm_yinzi_2": {
			"Tm_yinzi_": { "width": 190, "height": 159 }
		}
	}
},
"animations": {
	"dj": {
		"slots": {
			"CHMdj_001_": {
				"attachment": [
					{ "time": 0, "name": null },
					{ "time": 6.4666, "name": null },
					{ "time": 7.9666, "name": "CHMdj_001_" }
				]
			},
			"CHMdj_001_1_": {
				"attachment": [
					{ "time": 0, "name": null },
					{ "time": 6.4666, "name": null },
					{ "time": 7.9666, "name": "CHMdj_001_1_" }
				]
			},
			"CHMdj_050_": {
				"attachment": [
					{ "time": 6.5, "name": "CHMdj_050_" },
					{ "time": 6.6333, "name": null }
				]
			},
			"CHMdj_050_1_": {
				"attachment": [
					{ "time": 6.5, "name": "CHMdj_050_1_" },
					{ "time": 6.6333, "name": null }
				]
			},
			"CHMdj_050_2_": {
				"attachment": [
					{ "time": 6.5, "name": "CHMdj_050_2_" },
					{ "time": 6.6333, "name": null }
				]
			},
			"CHMdj_051_": {
				"attachment": [
					{ "time": 6.6333, "name": "CHMdj_051_" },
					{ "time": 6.7666, "name": null }
				]
			},
			"CHMdj_051_1_": {
				"attachment": [
					{ "time": 6.6333, "name": "CHMdj_051_1_" },
					{ "time": 6.7666, "name": null }
				]
			},
			"CHMdj_051_2_": {
				"attachment": [
					{ "time": 6.6333, "name": "CHMdj_051_2_" },
					{ "time": 6.7666, "name": null }
				]
			},
			"CHMdj_052_": {
				"attachment": [
					{ "time": 6.7666, "name": "CHMdj_052_" },
					{ "time": 6.9, "name": null }
				]
			},
			"CHMdj_052_1_": {
				"attachment": [
					{ "time": 6.7666, "name": "CHMdj_052_1_" },
					{ "time": 6.9, "name": null }
				]
			},
			"CHMdj_052_2_": {
				"attachment": [
					{ "time": 6.7666, "name": "CHMdj_052_2_" },
					{ "time": 6.9, "name": null }
				]
			},
			"CHMdj_053_": {
				"attachment": [
					{ "time": 6.9, "name": "CHMdj_053_" },
					{ "time": 7.0333, "name": null }
				]
			},
			"CHMdj_053_1_": {
				"attachment": [
					{ "time": 6.9, "name": "CHMdj_053_1_" },
					{ "time": 7.0333, "name": null }
				]
			},
			"CHMdj_054_": {
				"attachment": [
					{ "time": 7.0333, "name": "CHMdj_054_" },
					{ "time": 7.1666, "name": null }
				]
			},
			"CHMdj_054_1_": {
				"attachment": [
					{ "time": 7.0333, "name": "CHMdj_054_1_" },
					{ "time": 7.1666, "name": null }
				]
			},
			"CHMdj_055_": {
				"attachment": [
					{ "time": 7.1666, "name": "CHMdj_055_" },
					{ "time": 7.3, "name": null }
				]
			},
			"CHMdj_055_1_": {
				"attachment": [
					{ "time": 7.1666, "name": "CHMdj_055_1_" },
					{ "time": 7.3, "name": null }
				]
			},
			"CHMdj_055_2_": {
				"attachment": [
					{ "time": 7.1666, "name": "CHMdj_055_2_" },
					{ "time": 7.3, "name": null }
				]
			},
			"CHMdj_055_3_": {
				"attachment": [
					{ "time": 7.1666, "name": "CHMdj_055_3_" },
					{ "time": 7.3, "name": null }
				]
			},
			"CHMdj_056_": {
				"attachment": [
					{ "time": 7.3, "name": "CHMdj_056_" },
					{ "time": 7.4333, "name": null }
				]
			},
			"CHMdj_056_1_": {
				"attachment": [
					{ "time": 7.3, "name": "CHMdj_056_1_" },
					{ "time": 7.4333, "name": null }
				]
			},
			"CHMdj_056_2_": {
				"attachment": [
					{ "time": 7.3, "name": "CHMdj_056_2_" },
					{ "time": 7.4333, "name": null }
				]
			},
			"CHMdj_057_": {
				"attachment": [
					{ "time": 7.4333, "name": "CHMdj_057_" },
					{ "time": 7.5666, "name": null }
				]
			},
			"CHMdj_057_1_": {
				"attachment": [
					{ "time": 7.4333, "name": "CHMdj_057_1_" },
					{ "time": 7.5666, "name": null }
				]
			},
			"CHMdj_057_2_": {
				"attachment": [
					{ "time": 7.4333, "name": "CHMdj_057_2_" },
					{ "time": 7.5666, "name": null }
				]
			},
			"CHMdj_058_": {
				"attachment": [
					{ "time": 7.5666, "name": "CHMdj_058_" },
					{ "time": 7.7, "name": null }
				]
			},
			"CHMdj_058_1_": {
				"attachment": [
					{ "time": 7.5666, "name": "CHMdj_058_1_" },
					{ "time": 7.7, "name": null }
				]
			},
			"CHMdj_059_": {
				"attachment": [
					{ "time": 7.7, "name": "CHMdj_059_" },
					{ "time": 7.8333, "name": null }
				]
			},
			"CHMdj_059_1_": {
				"attachment": [
					{ "time": 7.7, "name": "CHMdj_059_1_" },
					{ "time": 7.8333, "name": null }
				]
			},
			"CHMdj_060_": {
				"attachment": [
					{ "time": 7.8333, "name": "CHMdj_060_" },
					{ "time": 7.9666, "name": null }
				]
			},
			"CHMdj_060_1_": {
				"attachment": [
					{ "time": 7.8333, "name": "CHMdj_060_1_" },
					{ "time": 7.9666, "name": null }
				]
			},
			"Tm_yinzi_2": {
				"color": [
					{ "time": 0, "color": "ffffff8d" }
				]
			}
		},
		"bones": {
			"bone": {
				"translate": [
					{ "time": 0, "x": -438.32, "y": -691.09, "curve": "stepped" },
					{ "time": 6.5, "x": -438.32, "y": -691.09, "curve": "stepped" },
					{ "time": 7.9666, "x": -438.32, "y": -691.09 }
				],
				"scale": [
					{ "time": 0, "x": 1.769, "y": 1.769 }
				]
			},
			"bone2": {
				"scale": [
					{ "time": 0, "x": 2.5, "y": 2 }
				]
			}
		}
	},
	"gj": {
		"slots": {
			"CHMgj_001_": {
				"attachment": [
					{ "time": 0, "name": "CHMgj_001_" },
					{ "time": 0.1333, "name": null },
					{ "time": 2.3666, "name": "CHMgj_001_" }
				]
			},
			"CHMgj_001_2_": {
				"attachment": [
					{ "time": 0, "name": "CHMgj_001_2_" },
					{ "time": 0.1333, "name": null },
					{ "time": 2.3666, "name": "CHMgj_001_2_" }
				]
			},
			"CHMgj_002_": {
				"attachment": [
					{ "time": 0.1333, "name": "CHMgj_002_" },
					{ "time": 0.2666, "name": null }
				]
			},
			"CHMgj_002_1_": {
				"attachment": [
					{ "time": 0.1333, "name": "CHMgj_002_1_" },
					{ "time": 0.2666, "name": null }
				]
			},
			"CHMgj_003_": {
				"attachment": [
					{ "time": 0.2666, "name": "CHMgj_003_" },
					{ "time": 0.4, "name": null }
				]
			},
			"CHMgj_003_1_": {
				"attachment": [
					{ "time": 0.2666, "name": "CHMgj_003_1_" },
					{ "time": 0.4, "name": null }
				]
			},
			"CHMgj_004_": {
				"attachment": [
					{ "time": 0.4, "name": "CHMgj_004_" },
					{ "time": 0.5333, "name": null }
				]
			},
			"CHMgj_004_1_": {
				"attachment": [
					{ "time": 0.4, "name": "CHMgj_004_1_" },
					{ "time": 0.5333, "name": null }
				]
			},
			"CHMgj_005_": {
				"attachment": [
					{ "time": 0.5333, "name": "CHMgj_005_" },
					{ "time": 0.6666, "name": null }
				]
			},
			"CHMgj_005_1_": {
				"attachment": [
					{ "time": 0.5333, "name": "CHMgj_005_1_" },
					{ "time": 0.6666, "name": null }
				]
			},
			"CHMgj_006_": {
				"attachment": [
					{ "time": 0.6666, "name": "CHMgj_006_" },
					{ "time": 0.8, "name": null }
				]
			},
			"CHMgj_006_1_": {
				"attachment": [
					{ "time": 0.6666, "name": "CHMgj_006_1_" },
					{ "time": 0.8, "name": null }
				]
			},
			"CHMgj_007_": {
				"attachment": [
					{ "time": 0.8, "name": "CHMgj_007_" },
					{ "time": 0.9333, "name": null }
				]
			},
			"CHMgj_007_1_": {
				"attachment": [
					{ "time": 0.8, "name": "CHMgj_007_1_" },
					{ "time": 0.9333, "name": null }
				]
			},
			"CHMgj_008_": {
				"attachment": [
					{ "time": 0.9333, "name": "CHMgj_008_" },
					{ "time": 1.0666, "name": null }
				]
			},
			"CHMgj_008_1_": {
				"attachment": [
					{ "time": 0.9333, "name": "CHMgj_008_1_" },
					{ "time": 1.0666, "name": null }
				]
			},
			"CHMgj_008_2_": {
				"attachment": [
					{ "time": 0.9333, "name": "CHMgj_008_2_" },
					{ "time": 1.0666, "name": null }
				]
			},
			"CHMgj_009_": {
				"attachment": [
					{ "time": 1.0666, "name": "CHMgj_009_" },
					{ "time": 1.2, "name": null }
				]
			},
			"CHMgj_009_1_": {
				"attachment": [
					{ "time": 1.0666, "name": "CHMgj_009_1_" },
					{ "time": 1.2, "name": null }
				]
			},
			"CHMgj_010_": {
				"attachment": [
					{ "time": 1.2, "name": "CHMgj_010_" },
					{ "time": 1.3333, "name": null }
				]
			},
			"CHMgj_010_1_": {
				"attachment": [
					{ "time": 1.2, "name": "CHMgj_010_1_" },
					{ "time": 1.3333, "name": null }
				]
			},
			"CHMgj_010_2_": {
				"attachment": [
					{ "time": 1.2, "name": "CHMgj_010_2_" },
					{ "time": 1.3333, "name": null }
				]
			},
			"CHMgj_011_": {
				"attachment": [
					{ "time": 1.3333, "name": "CHMgj_011_" },
					{ "time": 1.4333, "name": null }
				]
			},
			"CHMgj_011_1_": {
				"attachment": [
					{ "time": 1.3333, "name": "CHMgj_011_1_" },
					{ "time": 1.4333, "name": null }
				]
			},
			"CHMgj_011_2_": {
				"attachment": [
					{ "time": 1.3333, "name": "CHMgj_011_2_" },
					{ "time": 1.4333, "name": null }
				]
			},
			"CHMgj_012_": {
				"attachment": [
					{ "time": 1.4333, "name": "CHMgj_012_" },
					{ "time": 1.5666, "name": null }
				]
			},
			"CHMgj_012_1_": {
				"attachment": [
					{ "time": 1.4333, "name": "CHMgj_012_1_" },
					{ "time": 1.5666, "name": null }
				]
			},
			"CHMgj_012_2_": {
				"attachment": [
					{ "time": 1.4333, "name": "CHMgj_012_2_" },
					{ "time": 1.5666, "name": null }
				]
			},
			"CHMgj_013_": {
				"attachment": [
					{ "time": 1.5666, "name": "CHMgj_013_" },
					{ "time": 1.7, "name": null }
				]
			},
			"CHMgj_013_1_": {
				"attachment": [
					{ "time": 1.5666, "name": "CHMgj_013_1_" },
					{ "time": 1.7, "name": null }
				]
			},
			"CHMgj_014_": {
				"attachment": [
					{ "time": 1.7, "name": "CHMgj_014_" },
					{ "time": 1.8333, "name": null }
				]
			},
			"CHMgj_014_1_": {
				"attachment": [
					{ "time": 1.7, "name": "CHMgj_014_1_" },
					{ "time": 1.8333, "name": null }
				]
			},
			"CHMgj_015_": {
				"attachment": [
					{ "time": 1.8333, "name": "CHMgj_015_" },
					{ "time": 1.9666, "name": null }
				]
			},
			"CHMgj_015_1_": {
				"attachment": [
					{ "time": 1.8333, "name": "CHMgj_015_1_" },
					{ "time": 1.9666, "name": null }
				]
			},
			"CHMgj_016_": {
				"attachment": [
					{ "time": 1.9666, "name": "CHMgj_016_" },
					{ "time": 2.1, "name": null }
				]
			},
			"CHMgj_016_1_": {
				"attachment": [
					{ "time": 1.9666, "name": "CHMgj_016_1_" },
					{ "time": 2.1, "name": null }
				]
			},
			"CHMgj_017_": {
				"attachment": [
					{ "time": 2.1, "name": "CHMgj_017_" },
					{ "time": 2.2333, "name": null }
				]
			},
			"CHMgj_017_1_": {
				"attachment": [
					{ "time": 2.1, "name": "CHMgj_017_1_" },
					{ "time": 2.2333, "name": null }
				]
			},
			"CHMgj_017_2_": {
				"attachment": [
					{ "time": 2.1, "name": "CHMgj_017_2_" },
					{ "time": 2.2333, "name": null }
				]
			},
			"CHMgj_018_": {
				"attachment": [
					{ "time": 2.2333, "name": "CHMgj_018_" },
					{ "time": 2.3666, "name": null }
				]
			},
			"CHMgj_018_1_": {
				"attachment": [
					{ "time": 2.2333, "name": "CHMgj_018_1_" },
					{ "time": 2.3666, "name": null }
				]
			},
			"CHMgj_018_2_": {
				"attachment": [
					{ "time": 2.2333, "name": "CHMgj_018_2_" },
					{ "time": 2.3666, "name": null }
				]
			},
			"Tm_yinzi_2": {
				"attachment": [
					{ "time": 0, "name": "Tm_yinzi_" }
				],
				"color": [
					{ "time": 0, "color": "ffffff8a" }
				]
			}
		},
		"bones": {
			"bone": {
				"translate": [
					{ "time": 0, "x": -438.32, "y": -691.09, "curve": "stepped" },
					{ "time": 2.3666, "x": -438.32, "y": -691.09 }
				],
				"scale": [
					{ "time": 0, "x": 1.769, "y": 1.769 }
				]
			},
			"bone2": {
				"scale": [
					{ "time": 0, "x": 2.5, "y": 2 }
				]
			}
		},
		"drawOrder": [
			{
				"time": 0,
				"offsets": [
					{ "slot": "Tm_yinzi_2", "offset": -73 }
				]
			}
		]
	}
}
}