{
"skeleton": { "hash": "0aMSUErzImqoLVDLLcwTUODiNP0", "spine": "3.7.94", "width": 0, "height": 0, "images": "./images/", "audio": "F:/COK项目/Spine工程/皮肤—罗刹烈Spine/待机Spine" },
"bones": [
	{ "name": "root" },
	{ "name": "ctr", "parent": "root", "scaleX": 1.25, "scaleY": 1.25 },
	{ "name": "idle_DL_", "parent": "ctr" },
	{ "name": "idle_UL", "parent": "ctr" }
],
"slots": [
	{ "name": "idle_UL", "bone": "idle_UL" },
	{ "name": "idle_DL_", "bone": "idle_DL_" }
],
"skins": {
	"default": {
		"idle_DL_": {
			"idle_DL_102_": { "width": 1000, "height": 500 },
			"idle_DL_105_": { "width": 1000, "height": 500 },
			"idle_DL_108_": { "width": 1000, "height": 500 },
			"idle_DL_111_": { "width": 1000, "height": 500 },
			"idle_DL_114_": { "width": 1000, "height": 500 },
			"idle_DL_117_": { "width": 1000, "height": 500 },
			"idle_DL_120_": { "width": 1000, "height": 500 },
			"idle_DL_123_": { "width": 1000, "height": 500 },
			"idle_DL_126_": { "width": 1000, "height": 500 },
			"idle_DL_129_": { "width": 1000, "height": 500 }
		},
		"idle_UL": {
			"idle_UL_102_": { "width": 1000, "height": 500 },
			"idle_UL_105_": { "width": 1000, "height": 500 },
			"idle_UL_108_": { "width": 1000, "height": 500 },
			"idle_UL_111_": { "width": 1000, "height": 500 },
			"idle_UL_114_": { "width": 1000, "height": 500 },
			"idle_UL_117_": { "width": 1000, "height": 500 },
			"idle_UL_120_": { "width": 1000, "height": 500 },
			"idle_UL_123_": { "width": 1000, "height": 500 },
			"idle_UL_126_": { "width": 1000, "height": 500 },
			"idle_UL_129_": { "width": 1000, "height": 500 }
		}
	}
},
"animations": {
	"animation": {
		"slots": {
			"idle_DL_": {
				"attachment": [
					{ "time": 3.4, "name": "idle_DL_102_" },
					{ "time": 3.5, "name": "idle_DL_105_" },
					{ "time": 3.6, "name": "idle_DL_108_" },
					{ "time": 3.7, "name": "idle_DL_111_" },
					{ "time": 3.8, "name": "idle_DL_114_" },
					{ "time": 3.9, "name": "idle_DL_117_" },
					{ "time": 4, "name": "idle_DL_120_" },
					{ "time": 4.1, "name": "idle_DL_123_" },
					{ "time": 4.2, "name": "idle_DL_126_" },
					{ "time": 4.3, "name": "idle_DL_129_" },
					{ "time": 4.4, "name": null }
				]
			},
			"idle_UL": {
				"attachment": [
					{ "time": 3.4, "name": "idle_UL_102_" },
					{ "time": 3.5, "name": "idle_UL_105_" },
					{ "time": 3.6, "name": "idle_UL_108_" },
					{ "time": 3.7, "name": "idle_UL_111_" },
					{ "time": 3.8, "name": "idle_UL_114_" },
					{ "time": 3.9, "name": "idle_UL_117_" },
					{ "time": 4, "name": "idle_UL_120_" },
					{ "time": 4.1, "name": "idle_UL_123_" },
					{ "time": 4.2, "name": "idle_UL_126_" },
					{ "time": 4.3, "name": "idle_UL_129_" },
					{ "time": 4.4, "name": null }
				]
			}
		},
		"bones": {
			"idle_DL_": {
				"translate": [
					{ "time": 0, "x": 0, "y": -250 }
				]
			},
			"idle_UL": {
				"translate": [
					{ "time": 0, "x": 0, "y": 250 }
				]
			},
			"ctr": {
				"translate": [
					{ "time": 0, "x": -15, "y": 85 }
				]
			}
		}
	}
}
}