{
"skeleton": { "hash": "YUBpwgfMYGY98NTWJwdWQopo5cY", "spine": "3.7.94", "width": 0, "height": 0, "images": "./images/", "audio": "F:/COK项目/Spine工程/皮肤—罗刹烈Spine/待机Spine" },
"bones": [
	{ "name": "root" },
	{ "name": "ctr", "parent": "root", "scaleX": 1.25, "scaleY": 1.25 },
	{ "name": "idle_DL_", "parent": "ctr" },
	{ "name": "idle_UL", "parent": "ctr" }
],
"slots": [
	{ "name": "idle_UL", "bone": "idle_UL" },
	{ "name": "idle_DL_", "bone": "idle_DL_" }
],
"skins": {
	"default": {
		"idle_DL_": {
			"idle_DL_00_": { "width": 1000, "height": 500 },
			"idle_DL_03_": { "width": 1000, "height": 500 },
			"idle_DL_06_": { "width": 1000, "height": 500 },
			"idle_DL_09_": { "width": 1000, "height": 500 },
			"idle_DL_12_": { "width": 1000, "height": 500 },
			"idle_DL_15_": { "width": 1000, "height": 500 },
			"idle_DL_18_": { "width": 1000, "height": 500 },
			"idle_DL_21_": { "width": 1000, "height": 500 },
			"idle_DL_24_": { "width": 1000, "height": 500 },
			"idle_DL_27_": { "width": 1000, "height": 500 },
			"idle_DL_30_": { "width": 1000, "height": 500 },
			"idle_DL_33_": { "width": 1000, "height": 500 },
			"idle_DL_36_": { "width": 1000, "height": 500 },
			"idle_DL_39_": { "width": 1000, "height": 500 },
			"idle_DL_42_": { "width": 1000, "height": 500 },
			"idle_DL_45_": { "width": 1000, "height": 500 },
			"idle_DL_48_": { "width": 1000, "height": 500 },
			"idle_DL_51_": { "width": 1000, "height": 500 },
			"idle_DL_54_": { "width": 1000, "height": 500 },
			"idle_DL_57_": { "width": 1000, "height": 500 },
			"idle_DL_60_": { "width": 1000, "height": 500 },
			"idle_DL_63_": { "width": 1000, "height": 500 },
			"idle_DL_66_": { "width": 1000, "height": 500 },
			"idle_DL_69_": { "width": 1000, "height": 500 },
			"idle_DL_72_": { "width": 1000, "height": 500 },
			"idle_DL_75_": { "width": 1000, "height": 500 },
			"idle_DL_78_": { "width": 1000, "height": 500 },
			"idle_DL_81_": { "width": 1000, "height": 500 },
			"idle_DL_84_": { "width": 1000, "height": 500 },
			"idle_DL_87_": { "width": 1000, "height": 500 },
			"idle_DL_90_": { "width": 1000, "height": 500 },
			"idle_DL_93_": { "width": 1000, "height": 500 },
			"idle_DL_96_": { "width": 1000, "height": 500 },
			"idle_DL_99_": { "width": 1000, "height": 500 }
		},
		"idle_UL": {
			"idle_UL_00_": { "width": 1000, "height": 500 },
			"idle_UL_03_": { "width": 1000, "height": 500 },
			"idle_UL_06_": { "width": 1000, "height": 500 },
			"idle_UL_09_": { "width": 1000, "height": 500 },
			"idle_UL_12_": { "width": 1000, "height": 500 },
			"idle_UL_15_": { "width": 1000, "height": 500 },
			"idle_UL_18_": { "width": 1000, "height": 500 },
			"idle_UL_21_": { "width": 1000, "height": 500 },
			"idle_UL_24_": { "width": 1000, "height": 500 },
			"idle_UL_27_": { "width": 1000, "height": 500 },
			"idle_UL_30_": { "width": 1000, "height": 500 },
			"idle_UL_33_": { "width": 1000, "height": 500 },
			"idle_UL_36_": { "width": 1000, "height": 500 },
			"idle_UL_39_": { "width": 1000, "height": 500 },
			"idle_UL_42_": { "width": 1000, "height": 500 },
			"idle_UL_45_": { "width": 1000, "height": 500 },
			"idle_UL_48_": { "width": 1000, "height": 500 },
			"idle_UL_51_": { "width": 1000, "height": 500 },
			"idle_UL_54_": { "width": 1000, "height": 500 },
			"idle_UL_57_": { "width": 1000, "height": 500 },
			"idle_UL_60_": { "width": 1000, "height": 500 },
			"idle_UL_63_": { "width": 1000, "height": 500 },
			"idle_UL_66_": { "width": 1000, "height": 500 },
			"idle_UL_69_": { "width": 1000, "height": 500 },
			"idle_UL_72_": { "width": 1000, "height": 500 },
			"idle_UL_75_": { "width": 1000, "height": 500 },
			"idle_UL_78_": { "width": 1000, "height": 500 },
			"idle_UL_81_": { "width": 1000, "height": 500 },
			"idle_UL_84_": { "width": 1000, "height": 500 },
			"idle_UL_87_": { "width": 1000, "height": 500 },
			"idle_UL_90_": { "width": 1000, "height": 500 },
			"idle_UL_93_": { "width": 1000, "height": 500 },
			"idle_UL_96_": { "width": 1000, "height": 500 },
			"idle_UL_99_": { "width": 1000, "height": 500 }
		}
	}
},
"animations": {
	"animation": {
		"slots": {
			"idle_DL_": {
				"attachment": [
					{ "time": 0, "name": "idle_DL_00_" },
					{ "time": 0.1, "name": "idle_DL_03_" },
					{ "time": 0.2, "name": "idle_DL_06_" },
					{ "time": 0.3, "name": "idle_DL_09_" },
					{ "time": 0.4, "name": "idle_DL_12_" },
					{ "time": 0.5, "name": "idle_DL_15_" },
					{ "time": 0.6, "name": "idle_DL_18_" },
					{ "time": 0.7, "name": "idle_DL_21_" },
					{ "time": 0.8, "name": "idle_DL_24_" },
					{ "time": 0.9, "name": "idle_DL_27_" },
					{ "time": 1, "name": "idle_DL_30_" },
					{ "time": 1.1, "name": "idle_DL_33_" },
					{ "time": 1.2, "name": "idle_DL_36_" },
					{ "time": 1.3, "name": "idle_DL_39_" },
					{ "time": 1.4, "name": "idle_DL_42_" },
					{ "time": 1.5, "name": "idle_DL_45_" },
					{ "time": 1.6, "name": "idle_DL_48_" },
					{ "time": 1.7, "name": "idle_DL_51_" },
					{ "time": 1.8, "name": "idle_DL_54_" },
					{ "time": 1.9, "name": "idle_DL_57_" },
					{ "time": 2, "name": "idle_DL_60_" },
					{ "time": 2.1, "name": "idle_DL_63_" },
					{ "time": 2.2, "name": "idle_DL_66_" },
					{ "time": 2.3, "name": "idle_DL_69_" },
					{ "time": 2.4, "name": "idle_DL_72_" },
					{ "time": 2.5, "name": "idle_DL_75_" },
					{ "time": 2.6, "name": "idle_DL_78_" },
					{ "time": 2.7, "name": "idle_DL_81_" },
					{ "time": 2.8, "name": "idle_DL_84_" },
					{ "time": 2.9, "name": "idle_DL_87_" },
					{ "time": 3, "name": "idle_DL_90_" },
					{ "time": 3.1, "name": "idle_DL_93_" },
					{ "time": 3.2, "name": "idle_DL_96_" },
					{ "time": 3.3, "name": "idle_DL_99_" },
					{ "time": 3.4, "name": null },
					{ "time": 4.4, "name": null }
				]
			},
			"idle_UL": {
				"attachment": [
					{ "time": 0, "name": "idle_UL_00_" },
					{ "time": 0.1, "name": "idle_UL_03_" },
					{ "time": 0.2, "name": "idle_UL_06_" },
					{ "time": 0.3, "name": "idle_UL_09_" },
					{ "time": 0.4, "name": "idle_UL_12_" },
					{ "time": 0.5, "name": "idle_UL_15_" },
					{ "time": 0.6, "name": "idle_UL_18_" },
					{ "time": 0.7, "name": "idle_UL_21_" },
					{ "time": 0.8, "name": "idle_UL_24_" },
					{ "time": 0.9, "name": "idle_UL_27_" },
					{ "time": 1, "name": "idle_UL_30_" },
					{ "time": 1.1, "name": "idle_UL_33_" },
					{ "time": 1.2, "name": "idle_UL_36_" },
					{ "time": 1.3, "name": "idle_UL_39_" },
					{ "time": 1.4, "name": "idle_UL_42_" },
					{ "time": 1.5, "name": "idle_UL_45_" },
					{ "time": 1.6, "name": "idle_UL_48_" },
					{ "time": 1.7, "name": "idle_UL_51_" },
					{ "time": 1.8, "name": "idle_UL_54_" },
					{ "time": 1.9, "name": "idle_UL_57_" },
					{ "time": 2, "name": "idle_UL_60_" },
					{ "time": 2.1, "name": "idle_UL_63_" },
					{ "time": 2.2, "name": "idle_UL_66_" },
					{ "time": 2.3, "name": "idle_UL_69_" },
					{ "time": 2.4, "name": "idle_UL_72_" },
					{ "time": 2.5, "name": "idle_UL_75_" },
					{ "time": 2.6, "name": "idle_UL_78_" },
					{ "time": 2.7, "name": "idle_UL_81_" },
					{ "time": 2.8, "name": "idle_UL_84_" },
					{ "time": 2.9, "name": "idle_UL_87_" },
					{ "time": 3, "name": "idle_UL_90_" },
					{ "time": 3.1, "name": "idle_UL_93_" },
					{ "time": 3.2, "name": "idle_UL_96_" },
					{ "time": 3.3, "name": "idle_UL_99_" },
					{ "time": 3.4, "name": null },
					{ "time": 4.4, "name": null }
				]
			}
		},
		"bones": {
			"idle_DL_": {
				"translate": [
					{ "time": 0, "x": 0, "y": -250 }
				]
			},
			"idle_UL": {
				"translate": [
					{ "time": 0, "x": 0, "y": 250 }
				]
			},
			"ctr": {
				"translate": [
					{ "time": 0, "x": -15, "y": 85 }
				]
			}
		}
	}
}
}