{
"skeleton": { "hash": "oubd7bQO1w/gRzkS3aGRFAXn/gE", "spine": "3.7.94", "width": 589.5, "height": 603.83, "images": "./images/", "audio": "F:/COK项目/Spine工程/节日皮肤—中秋节2021/images" },
"bones": [
	{ "name": "root" },
	{ "name": "cloud02_", "parent": "root", "x": 361.78, "y": -139.09 },
	{ "name": "cloud01_", "parent": "root", "x": 229.2, "y": -223.89 },
	{ "name": "tree01_ly", "parent": "root", "scaleX": 2, "scaleY": 2 },
	{ "name": "tree02_luoye", "parent": "root", "scaleX": 1.9, "scaleY": 1.9 },
	{ "name": "tree03_luoye", "parent": "root", "scaleX": 2, "scaleY": 2 },
	{ "name": "tree04_luoye", "parent": "root", "scaleX": 2, "scaleY": 2 },
	{ "name": "yhc_", "parent": "root", "scaleX": 2, "scaleY": 2 },
	{ "name": "tree04_glow_", "parent": "root", "x": 248.91, "y": -314.02 },
	{ "name": "tree03_glow_", "parent": "root", "x": 469.93, "y": -299.68 },
	{ "name": "tree02_glow_", "parent": "root", "x": 340.84, "y": -432.69 },
	{ "name": "tree01_glow_", "parent": "root", "x": 221.52, "y": -392.26 },
	{ "name": "grass_", "parent": "root", "x": 393, "y": -404 },
	{ "name": "yhc_2", "parent": "root", "scaleX": 2, "scaleY": 2 },
	{ "name": "xianhe_1", "parent": "root", "x": 21.52, "y": 15.42, "scaleX": 0.951, "scaleY": 0.951 },
	{ "name": "xianhe_2", "parent": "root", "x": 57.36, "y": 42.35, "scaleX": 0.793, "scaleY": 0.793 },
	{ "name": "xianhe_3", "parent": "root", "x": 127.47, "y": 29.55, "scaleX": 0.901, "scaleY": 0.901 },
	{ "name": "xianhe_4", "parent": "root", "x": 99.79, "y": 59.79, "scaleX": 0.8, "scaleY": 0.8 },
	{ "name": "xianhe_5", "parent": "root", "x": 77.09, "y": 19.79, "scaleX": 0.793, "scaleY": 0.793 }
],
"slots": [
	{ "name": "moon_", "bone": "root", "attachment": "moon_" },
	{ "name": "cloud01_", "bone": "cloud01_", "attachment": "cloud01_" },
	{ "name": "cloud02_", "bone": "cloud02_", "attachment": "cloud02_" },
	{ "name": "grass_", "bone": "grass_", "attachment": "grass_" },
	{ "name": "tree04_", "bone": "root", "attachment": "tree04_" },
	{ "name": "tree04_glow_", "bone": "tree04_glow_", "attachment": "tree04_glow_", "blend": "additive" },
	{ "name": "tree03_", "bone": "root", "attachment": "tree03_" },
	{ "name": "tree03_glow_", "bone": "tree03_glow_", "attachment": "tree03_glow_", "blend": "additive" },
	{ "name": "tree03_luoye", "bone": "tree03_luoye", "blend": "additive" },
	{ "name": "tree04_luoye", "bone": "tree04_luoye", "blend": "additive" },
	{ "name": "house_", "bone": "root", "attachment": "house_" },
	{ "name": "tree02_", "bone": "root", "attachment": "tree02_" },
	{ "name": "tree02_glow_", "bone": "tree02_glow_", "attachment": "tree02_glow_", "blend": "additive" },
	{ "name": "tree01_", "bone": "root", "attachment": "tree01_" },
	{ "name": "tree01_glow_", "bone": "tree01_glow_", "attachment": "tree01_glow_", "blend": "additive" },
	{ "name": "denglong06_", "bone": "root", "attachment": "denglong06_" },
	{ "name": "denglong_glow06_", "bone": "root", "attachment": "denglong_glow06_", "blend": "additive" },
	{ "name": "denglong05_", "bone": "root", "attachment": "denglong05_" },
	{ "name": "denglong_glow05_", "bone": "root", "attachment": "denglong_glow05_", "blend": "additive" },
	{ "name": "denglong04_", "bone": "root", "attachment": "denglong04_" },
	{ "name": "denglong_glow04_", "bone": "root", "attachment": "denglong_glow04_", "blend": "additive" },
	{ "name": "denglong03_", "bone": "root", "attachment": "denglong03_" },
	{ "name": "denglong_glow03_", "bone": "root", "attachment": "denglong_glow03_", "blend": "additive" },
	{ "name": "denglong02_", "bone": "root", "attachment": "denglong02_" },
	{ "name": "denglong_glow02_", "bone": "root", "attachment": "denglong_glow02_", "blend": "additive" },
	{ "name": "denglong01_", "bone": "root", "attachment": "denglong01_" },
	{ "name": "denglong_glow01_", "bone": "root", "attachment": "denglong_glow01_", "blend": "additive" },
	{ "name": "denglong_", "bone": "root", "attachment": "denglong_" },
	{ "name": "denglong_glow_", "bone": "root", "attachment": "denglong_glow_", "blend": "additive" },
	{ "name": "tree01_ly", "bone": "tree01_ly", "blend": "additive" },
	{ "name": "tree02_luoye", "bone": "tree02_luoye" },
	{ "name": "yhc_", "bone": "yhc_" },
	{ "name": "yhc_2", "bone": "yhc_2", "blend": "screen" },
	{ "name": "xianhe_1", "bone": "xianhe_1" },
	{ "name": "xianhe_4", "bone": "xianhe_4", "color": "1b1a1aff" },
	{ "name": "xianhe_2", "bone": "xianhe_2" },
	{ "name": "xianhe_5", "bone": "xianhe_5", "color": "1b1a1aff" },
	{ "name": "xianhe_3", "bone": "xianhe_3" }
],
"skins": {
	"default": {
		"cloud01_": {
			"cloud01_": { "x": -2.7, "y": -6.73, "width": 183, "height": 85 }
		},
		"cloud02_": {
			"cloud02_": { "x": -9.78, "y": -3.53, "width": 158, "height": 59 }
		},
		"denglong01_": {
			"denglong01_": { "x": 278.5, "y": -316.5, "width": 23, "height": 27 }
		},
		"denglong02_": {
			"denglong02_": { "x": 342.5, "y": -348.5, "width": 23, "height": 27 }
		},
		"denglong03_": {
			"denglong03_": { "x": 382.5, "y": -348.5, "width": 23, "height": 27 }
		},
		"denglong04_": {
			"denglong04_": { "x": 450.5, "y": -314, "width": 23, "height": 26 }
		},
		"denglong05_": {
			"denglong05_": { "x": 429.5, "y": -249.5, "width": 23, "height": 27 }
		},
		"denglong06_": {
			"denglong06_": { "x": 297.5, "y": -249.5, "width": 23, "height": 27 }
		},
		"denglong_": {
			"denglong_": { "x": 363.5, "y": -282, "width": 23, "height": 26 }
		},
		"denglong_glow01_": {
			"denglong_glow01_": { "x": 275, "y": -312, "width": 54, "height": 54 }
		},
		"denglong_glow02_": {
			"denglong_glow02_": { "x": 339, "y": -345, "width": 54, "height": 54 }
		},
		"denglong_glow03_": {
			"denglong_glow03_": { "x": 380, "y": -345, "width": 54, "height": 54 }
		},
		"denglong_glow04_": {
			"denglong_glow04_": { "x": 447, "y": -310, "width": 54, "height": 54 }
		},
		"denglong_glow05_": {
			"denglong_glow05_": { "x": 427, "y": -246, "width": 54, "height": 54 }
		},
		"denglong_glow06_": {
			"denglong_glow06_": { "x": 295, "y": -246, "width": 54, "height": 54 }
		},
		"denglong_glow_": {
			"denglong_glow_": { "x": 360, "y": -278, "width": 54, "height": 54 }
		},
		"grass_": {
			"grass_": { "x": 0.5, "y": -4, "scaleX": 2, "scaleY": 2, "width": 243, "height": 122 }
		},
		"house_": {
			"house_": { "x": 371, "y": -344, "width": 356, "height": 306 }
		},
		"moon_": {
			"moon_": { "x": 278.5, "y": -179.67, "width": 463, "height": 463 }
		},
		"tree01_": {
			"tree01_": { "x": 201.5, "y": -400, "width": 203, "height": 132 }
		},
		"tree01_glow_": {
			"tree01_glow_": { "x": 11.48, "y": 3.76, "scaleX": 2, "scaleY": 2, "width": 121, "height": 120 }
		},
		"tree01_ly": {
			"tree01_ly_00_": { "width": 128, "height": 128 },
			"tree01_ly_02_": { "width": 128, "height": 128 },
			"tree01_ly_04_": { "width": 128, "height": 128 },
			"tree01_ly_06_": { "width": 128, "height": 128 },
			"tree01_ly_08_": { "width": 128, "height": 128 },
			"tree01_ly_10_": { "width": 128, "height": 128 },
			"tree01_ly_12_": { "width": 128, "height": 128 },
			"tree01_ly_14_": { "width": 128, "height": 128 },
			"tree01_ly_16_": { "width": 128, "height": 128 },
			"tree01_ly_18_": { "width": 128, "height": 128 },
			"tree01_ly_20_": { "width": 128, "height": 128 },
			"tree01_ly_22_": { "width": 128, "height": 128 },
			"tree01_ly_24_": { "width": 128, "height": 128 },
			"tree01_ly_26_": { "width": 128, "height": 128 },
			"tree01_ly_28_": { "width": 128, "height": 128 },
			"tree01_ly_30_": { "width": 128, "height": 128 },
			"tree01_ly_32_": { "width": 128, "height": 128 },
			"tree01_ly_34_": { "width": 128, "height": 128 },
			"tree01_ly_36_": { "width": 128, "height": 128 },
			"tree01_ly_38_": { "width": 128, "height": 128 },
			"tree01_ly_40_": { "width": 128, "height": 128 },
			"tree01_ly_42_": { "width": 128, "height": 128 },
			"tree01_ly_44_": { "width": 128, "height": 128 },
			"tree01_ly_46_": { "width": 128, "height": 128 },
			"tree01_ly_48_": { "width": 128, "height": 128 },
			"tree01_ly_50_": { "width": 128, "height": 128 },
			"tree01_ly_52_": { "width": 128, "height": 128 },
			"tree01_ly_54_": { "width": 128, "height": 128 },
			"tree01_ly_56_": { "width": 128, "height": 128 },
			"tree01_ly_58_": { "width": 128, "height": 128 }
		},
		"tree02_": {
			"tree02_": { "x": 344.5, "y": -423, "width": 97, "height": 112 }
		},
		"tree02_glow_": {
			"tree02_glow_": { "x": -1.34, "y": 1.69, "scaleX": 2, "scaleY": 2, "width": 114, "height": 121 }
		},
		"tree02_luoye": {
			"tree02_luoye_00_": { "width": 128, "height": 128 },
			"tree02_luoye_02_": { "width": 128, "height": 128 },
			"tree02_luoye_04_": { "width": 128, "height": 128 },
			"tree02_luoye_06_": { "width": 128, "height": 128 },
			"tree02_luoye_08_": { "width": 128, "height": 128 },
			"tree02_luoye_10_": { "width": 128, "height": 128 },
			"tree02_luoye_12_": { "width": 128, "height": 128 },
			"tree02_luoye_14_": { "width": 128, "height": 128 },
			"tree02_luoye_16_": { "width": 128, "height": 128 },
			"tree02_luoye_18_": { "width": 128, "height": 128 },
			"tree02_luoye_20_": { "width": 128, "height": 128 },
			"tree02_luoye_22_": { "width": 128, "height": 128 },
			"tree02_luoye_24_": { "width": 128, "height": 128 },
			"tree02_luoye_26_": { "width": 128, "height": 128 },
			"tree02_luoye_28_": { "width": 128, "height": 128 },
			"tree02_luoye_30_": { "width": 128, "height": 128 },
			"tree02_luoye_32_": { "width": 128, "height": 128 },
			"tree02_luoye_34_": { "width": 128, "height": 128 },
			"tree02_luoye_36_": { "width": 128, "height": 128 },
			"tree02_luoye_38_": { "width": 128, "height": 128 },
			"tree02_luoye_40_": { "width": 128, "height": 128 },
			"tree02_luoye_42_": { "width": 128, "height": 128 },
			"tree02_luoye_44_": { "width": 128, "height": 128 },
			"tree02_luoye_46_": { "width": 128, "height": 128 },
			"tree02_luoye_48_": { "width": 128, "height": 128 },
			"tree02_luoye_50_": { "width": 128, "height": 128 },
			"tree02_luoye_52_": { "width": 128, "height": 128 },
			"tree02_luoye_54_": { "width": 128, "height": 128 },
			"tree02_luoye_56_": { "width": 128, "height": 128 },
			"tree02_luoye_58_": { "width": 128, "height": 128 }
		},
		"tree03_": {
			"tree03_": { "x": 468.5, "y": -315.5, "width": 79, "height": 89 }
		},
		"tree03_glow_": {
			"tree03_glow_": { "x": 2.57, "y": -3.82, "scaleX": 2, "scaleY": 2, "width": 88, "height": 96 }
		},
		"tree03_luoye": {
			"tree03_luoye_00_": { "width": 128, "height": 128 },
			"tree03_luoye_02_": { "width": 128, "height": 128 },
			"tree03_luoye_04_": { "width": 128, "height": 128 },
			"tree03_luoye_06_": { "width": 128, "height": 128 },
			"tree03_luoye_08_": { "width": 128, "height": 128 },
			"tree03_luoye_10_": { "width": 128, "height": 128 },
			"tree03_luoye_12_": { "width": 128, "height": 128 },
			"tree03_luoye_14_": { "width": 128, "height": 128 },
			"tree03_luoye_16_": { "width": 128, "height": 128 },
			"tree03_luoye_18_": { "width": 128, "height": 128 },
			"tree03_luoye_20_": { "width": 128, "height": 128 },
			"tree03_luoye_22_": { "width": 128, "height": 128 },
			"tree03_luoye_24_": { "width": 128, "height": 128 },
			"tree03_luoye_26_": { "width": 128, "height": 128 },
			"tree03_luoye_28_": { "width": 128, "height": 128 },
			"tree03_luoye_30_": { "width": 128, "height": 128 },
			"tree03_luoye_32_": { "width": 128, "height": 128 },
			"tree03_luoye_34_": { "width": 128, "height": 128 },
			"tree03_luoye_36_": { "width": 128, "height": 128 },
			"tree03_luoye_38_": { "width": 128, "height": 128 },
			"tree03_luoye_40_": { "width": 128, "height": 128 },
			"tree03_luoye_42_": { "width": 128, "height": 128 },
			"tree03_luoye_44_": { "width": 128, "height": 128 },
			"tree03_luoye_46_": { "width": 128, "height": 128 },
			"tree03_luoye_48_": { "width": 128, "height": 128 },
			"tree03_luoye_50_": { "width": 128, "height": 128 },
			"tree03_luoye_52_": { "width": 128, "height": 128 },
			"tree03_luoye_54_": { "width": 128, "height": 128 },
			"tree03_luoye_56_": { "width": 128, "height": 128 },
			"tree03_luoye_58_": { "width": 128, "height": 128 }
		},
		"tree04_": {
			"tree04_": { "x": 273.5, "y": -335.5, "width": 189, "height": 169 }
		},
		"tree04_glow_": {
			"tree04_glow_": { "x": 13.45, "y": -14.24, "scaleX": 2, "scaleY": 2, "width": 129, "height": 129 }
		},
		"tree04_luoye": {
			"tree04_luoye_00_": { "width": 128, "height": 128 },
			"tree04_luoye_02_": { "width": 128, "height": 128 },
			"tree04_luoye_04_": { "width": 128, "height": 128 },
			"tree04_luoye_06_": { "width": 128, "height": 128 },
			"tree04_luoye_08_": { "width": 128, "height": 128 },
			"tree04_luoye_10_": { "width": 128, "height": 128 },
			"tree04_luoye_12_": { "width": 128, "height": 128 },
			"tree04_luoye_14_": { "width": 128, "height": 128 },
			"tree04_luoye_16_": { "width": 128, "height": 128 },
			"tree04_luoye_18_": { "width": 128, "height": 128 },
			"tree04_luoye_20_": { "width": 128, "height": 128 },
			"tree04_luoye_22_": { "width": 128, "height": 128 },
			"tree04_luoye_24_": { "width": 128, "height": 128 },
			"tree04_luoye_26_": { "width": 128, "height": 128 },
			"tree04_luoye_28_": { "width": 128, "height": 128 },
			"tree04_luoye_30_": { "width": 128, "height": 128 },
			"tree04_luoye_32_": { "width": 128, "height": 128 },
			"tree04_luoye_34_": { "width": 128, "height": 128 },
			"tree04_luoye_36_": { "width": 128, "height": 128 },
			"tree04_luoye_38_": { "width": 128, "height": 128 },
			"tree04_luoye_40_": { "width": 128, "height": 128 },
			"tree04_luoye_42_": { "width": 128, "height": 128 },
			"tree04_luoye_44_": { "width": 128, "height": 128 },
			"tree04_luoye_46_": { "width": 128, "height": 128 },
			"tree04_luoye_48_": { "width": 128, "height": 128 },
			"tree04_luoye_50_": { "width": 128, "height": 128 },
			"tree04_luoye_52_": { "width": 128, "height": 128 },
			"tree04_luoye_54_": { "width": 128, "height": 128 },
			"tree04_luoye_56_": { "width": 128, "height": 128 },
			"tree04_luoye_58_": { "width": 128, "height": 128 }
		},
		"xianhe_1": {
			"xianhe_00_": { "width": 131, "height": 131 },
			"xianhe_02_": { "width": 131, "height": 131 },
			"xianhe_04_": { "width": 131, "height": 131 },
			"xianhe_06_": { "width": 131, "height": 131 },
			"xianhe_08_": { "width": 131, "height": 131 },
			"xianhe_10_": { "width": 131, "height": 131 },
			"xianhe_12_": { "width": 131, "height": 131 },
			"xianhe_14_": { "width": 131, "height": 131 },
			"xianhe_16_": { "width": 131, "height": 131 },
			"xianhe_18_": { "width": 131, "height": 131 },
			"xianhe_20_": { "width": 131, "height": 131 },
			"xianhe_22_": { "width": 131, "height": 131 },
			"xianhe_24_": { "width": 131, "height": 131 },
			"xianhe_26_": { "width": 131, "height": 131 },
			"xianhe_28_": { "width": 131, "height": 131 }
		},
		"xianhe_2": {
			"xianhe_00_": { "width": 131, "height": 131 },
			"xianhe_02_": { "width": 131, "height": 131 },
			"xianhe_04_": { "width": 131, "height": 131 },
			"xianhe_06_": { "width": 131, "height": 131 },
			"xianhe_08_": { "width": 131, "height": 131 },
			"xianhe_10_": { "width": 131, "height": 131 },
			"xianhe_12_": { "width": 131, "height": 131 },
			"xianhe_14_": { "width": 131, "height": 131 },
			"xianhe_16_": { "width": 131, "height": 131 },
			"xianhe_18_": { "width": 131, "height": 131 },
			"xianhe_20_": { "width": 131, "height": 131 },
			"xianhe_22_": { "width": 131, "height": 131 },
			"xianhe_24_": { "width": 131, "height": 131 },
			"xianhe_26_": { "width": 131, "height": 131 },
			"xianhe_28_": { "width": 131, "height": 131 }
		},
		"xianhe_3": {
			"xianhe_00_": { "width": 131, "height": 131 },
			"xianhe_02_": { "width": 131, "height": 131 },
			"xianhe_04_": { "width": 131, "height": 131 },
			"xianhe_06_": { "width": 131, "height": 131 },
			"xianhe_08_": { "width": 131, "height": 131 },
			"xianhe_10_": { "width": 131, "height": 131 },
			"xianhe_12_": { "width": 131, "height": 131 },
			"xianhe_14_": { "width": 131, "height": 131 },
			"xianhe_16_": { "width": 131, "height": 131 },
			"xianhe_18_": { "width": 131, "height": 131 },
			"xianhe_20_": { "width": 131, "height": 131 },
			"xianhe_22_": { "width": 131, "height": 131 },
			"xianhe_24_": { "width": 131, "height": 131 },
			"xianhe_26_": { "width": 131, "height": 131 },
			"xianhe_28_": { "width": 131, "height": 131 }
		},
		"xianhe_4": {
			"xianhe_00_": { "width": 131, "height": 131 },
			"xianhe_02_": { "width": 131, "height": 131 },
			"xianhe_04_": { "width": 131, "height": 131 },
			"xianhe_06_": { "width": 131, "height": 131 },
			"xianhe_08_": { "width": 131, "height": 131 },
			"xianhe_10_": { "width": 131, "height": 131 },
			"xianhe_12_": { "width": 131, "height": 131 },
			"xianhe_14_": { "width": 131, "height": 131 },
			"xianhe_16_": { "width": 131, "height": 131 },
			"xianhe_18_": { "width": 131, "height": 131 },
			"xianhe_20_": { "width": 131, "height": 131 },
			"xianhe_22_": { "width": 131, "height": 131 },
			"xianhe_24_": { "width": 131, "height": 131 },
			"xianhe_26_": { "width": 131, "height": 131 },
			"xianhe_28_": { "width": 131, "height": 131 }
		},
		"xianhe_5": {
			"xianhe_00_": { "width": 131, "height": 131 },
			"xianhe_02_": { "width": 131, "height": 131 },
			"xianhe_04_": { "width": 131, "height": 131 },
			"xianhe_06_": { "width": 131, "height": 131 },
			"xianhe_08_": { "width": 131, "height": 131 },
			"xianhe_10_": { "width": 131, "height": 131 },
			"xianhe_12_": { "width": 131, "height": 131 },
			"xianhe_14_": { "width": 131, "height": 131 },
			"xianhe_16_": { "width": 131, "height": 131 },
			"xianhe_18_": { "width": 131, "height": 131 },
			"xianhe_20_": { "width": 131, "height": 131 },
			"xianhe_22_": { "width": 131, "height": 131 },
			"xianhe_24_": { "width": 131, "height": 131 },
			"xianhe_26_": { "width": 131, "height": 131 },
			"xianhe_28_": { "width": 131, "height": 131 }
		},
		"yhc_": {
			"yhc_00_": { "width": 256, "height": 200 },
			"yhc_02_": { "width": 256, "height": 200 },
			"yhc_04_": { "width": 256, "height": 200 },
			"yhc_06_": { "width": 256, "height": 200 },
			"yhc_08_": { "width": 256, "height": 200 },
			"yhc_10_": { "width": 256, "height": 200 },
			"yhc_12_": { "width": 256, "height": 200 },
			"yhc_14_": { "width": 256, "height": 200 },
			"yhc_16_": { "width": 256, "height": 200 },
			"yhc_18_": { "width": 256, "height": 200 },
			"yhc_20_": { "width": 256, "height": 200 },
			"yhc_22_": { "width": 256, "height": 200 },
			"yhc_24_": { "width": 256, "height": 200 },
			"yhc_26_": { "width": 256, "height": 200 },
			"yhc_28_": { "width": 256, "height": 200 },
			"yhc_30_": { "width": 256, "height": 200 },
			"yhc_32_": { "width": 256, "height": 200 },
			"yhc_34_": { "width": 256, "height": 200 },
			"yhc_36_": { "width": 256, "height": 200 },
			"yhc_38_": { "width": 256, "height": 200 },
			"yhc_40_": { "width": 256, "height": 200 },
			"yhc_42_": { "width": 256, "height": 200 },
			"yhc_44_": { "width": 256, "height": 200 },
			"yhc_46_": { "width": 256, "height": 200 },
			"yhc_48_": { "width": 256, "height": 200 },
			"yhc_50_": { "width": 256, "height": 200 },
			"yhc_52_": { "width": 256, "height": 200 },
			"yhc_54_": { "width": 256, "height": 200 },
			"yhc_56_": { "width": 256, "height": 200 },
			"yhc_58_": { "width": 256, "height": 200 }
		},
		"yhc_2": {
			"yhc_00_": { "width": 256, "height": 200 },
			"yhc_02_": { "width": 256, "height": 200 },
			"yhc_04_": { "width": 256, "height": 200 },
			"yhc_06_": { "width": 256, "height": 200 },
			"yhc_08_": { "width": 256, "height": 200 },
			"yhc_10_": { "width": 256, "height": 200 },
			"yhc_12_": { "width": 256, "height": 200 },
			"yhc_14_": { "width": 256, "height": 200 },
			"yhc_16_": { "width": 256, "height": 200 },
			"yhc_18_": { "width": 256, "height": 200 },
			"yhc_20_": { "width": 256, "height": 200 },
			"yhc_22_": { "width": 256, "height": 200 },
			"yhc_24_": { "width": 256, "height": 200 },
			"yhc_26_": { "width": 256, "height": 200 },
			"yhc_28_": { "width": 256, "height": 200 },
			"yhc_30_": { "width": 256, "height": 200 },
			"yhc_32_": { "width": 256, "height": 200 },
			"yhc_34_": { "width": 256, "height": 200 },
			"yhc_36_": { "width": 256, "height": 200 },
			"yhc_38_": { "width": 256, "height": 200 },
			"yhc_40_": { "width": 256, "height": 200 },
			"yhc_42_": { "width": 256, "height": 200 },
			"yhc_44_": { "width": 256, "height": 200 },
			"yhc_46_": { "width": 256, "height": 200 },
			"yhc_48_": { "width": 256, "height": 200 },
			"yhc_50_": { "width": 256, "height": 200 },
			"yhc_52_": { "width": 256, "height": 200 },
			"yhc_54_": { "width": 256, "height": 200 },
			"yhc_56_": { "width": 256, "height": 200 },
			"yhc_58_": { "width": 256, "height": 200 }
		}
	}
},
"animations": {
	"animation": {
		"slots": {
			"cloud01_": {
				"color": [
					{ "time": 0, "color": "ffffff00" },
					{ "time": 2, "color": "ffffffff", "curve": "stepped" },
					{ "time": 5.9667, "color": "ffffffff" },
					{ "time": 7.9667, "color": "ffffff00" },
					{ "time": 8, "color": "ffffff00" }
				]
			},
			"cloud02_": {
				"color": [
					{ "time": 0, "color": "ffffff7b" },
					{ "time": 0.9667, "color": "ffffff00" },
					{ "time": 1, "color": "ffffff00" },
					{ "time": 3, "color": "ffffffff", "curve": "stepped" },
					{ "time": 6.9667, "color": "ffffffff" },
					{ "time": 8, "color": "ffffff7b" }
				]
			},
			"denglong_glow01_": {
				"color": [
					{ "time": 0, "color": "f78080ff" },
					{ "time": 1, "color": "ffe765bc" },
					{ "time": 2, "color": "ffa473ff" },
					{ "time": 3, "color": "fc69008b" },
					{ "time": 4, "color": "f78080ff" },
					{ "time": 5, "color": "ffe765bc" },
					{ "time": 6, "color": "ffa473ff" },
					{ "time": 7, "color": "fc69008b" },
					{ "time": 8, "color": "f78080ff" }
				]
			},
			"denglong_glow02_": {
				"color": [
					{ "time": 0, "color": "f87855d8" },
					{ "time": 0.3333, "color": "f78080ff" },
					{ "time": 1.3333, "color": "ffe765bc" },
					{ "time": 2.3333, "color": "ffa473ff" },
					{ "time": 3.3333, "color": "fc69008b" },
					{ "time": 4, "color": "f87855d8" },
					{ "time": 4.3333, "color": "f78080ff" },
					{ "time": 5.3333, "color": "ffe765bc" },
					{ "time": 6.3333, "color": "ffa473ff" },
					{ "time": 7.3333, "color": "fc69008b" },
					{ "time": 8, "color": "f87855d8" }
				]
			},
			"denglong_glow03_": {
				"color": [
					{ "time": 0, "color": "fc69008b" },
					{ "time": 0.6667, "color": "f87855d8" },
					{ "time": 1, "color": "f78080ff" },
					{ "time": 2, "color": "ffe765bc" },
					{ "time": 3, "color": "ffa473ff" },
					{ "time": 4, "color": "fc69008b" },
					{ "time": 4.6667, "color": "f87855d8" },
					{ "time": 5, "color": "f78080ff" },
					{ "time": 6, "color": "ffe765bc" },
					{ "time": 7, "color": "ffa473ff" },
					{ "time": 8, "color": "fc69008b" }
				]
			},
			"denglong_glow04_": {
				"color": [
					{ "time": 0, "color": "ffa473ff" },
					{ "time": 1, "color": "fc69008b" },
					{ "time": 1.6667, "color": "f87855d8" },
					{ "time": 2, "color": "f78080ff" },
					{ "time": 3, "color": "ffe765bc" },
					{ "time": 4, "color": "ffa473ff" },
					{ "time": 5, "color": "fc69008b" },
					{ "time": 5.6667, "color": "f87855d8" },
					{ "time": 6, "color": "f78080ff" },
					{ "time": 7, "color": "ffe765bc" },
					{ "time": 8, "color": "ffa473ff" }
				]
			},
			"denglong_glow05_": {
				"color": [
					{ "time": 0, "color": "fcc56dd1" },
					{ "time": 0.3333, "color": "ffe765bc" },
					{ "time": 1.3333, "color": "ffa473ff" },
					{ "time": 2.3333, "color": "fc69008b" },
					{ "time": 3, "color": "f87855d8" },
					{ "time": 3.3333, "color": "f78080ff" },
					{ "time": 4, "color": "fcc56dd1" },
					{ "time": 4.3333, "color": "ffe765bc" },
					{ "time": 5.3333, "color": "ffa473ff" },
					{ "time": 6.3333, "color": "fc69008b" },
					{ "time": 7, "color": "f87855d8" },
					{ "time": 7.3333, "color": "f78080ff" },
					{ "time": 8, "color": "fcc56dd1" }
				]
			},
			"denglong_glow06_": {
				"color": [
					{ "time": 0, "color": "fc69008b" },
					{ "time": 0.6667, "color": "f87855d8" },
					{ "time": 1, "color": "f78080ff" },
					{ "time": 1.6667, "color": "fcc56dd1" },
					{ "time": 2, "color": "ffe765bc" },
					{ "time": 3, "color": "ffa473ff" },
					{ "time": 4, "color": "fc69008b" },
					{ "time": 4.6667, "color": "f87855d8" },
					{ "time": 5, "color": "f78080ff" },
					{ "time": 5.6667, "color": "fcc56dd1" },
					{ "time": 6, "color": "ffe765bc" },
					{ "time": 7, "color": "ffa473ff" },
					{ "time": 8, "color": "fc69008b" }
				]
			},
			"denglong_glow_": {
				"color": [
					{ "time": 0, "color": "ffe565bd" },
					{ "time": 1, "color": "ffa473ff" },
					{ "time": 2, "color": "fc69008b" },
					{ "time": 2.6667, "color": "f87855d8" },
					{ "time": 3, "color": "f78080ff" },
					{ "time": 3.6667, "color": "fcc56dd1" },
					{ "time": 4, "color": "ffe565bd" },
					{ "time": 5, "color": "ffa473ff" },
					{ "time": 6, "color": "fc69008b" },
					{ "time": 6.6667, "color": "f87855d8" },
					{ "time": 7, "color": "f78080ff" },
					{ "time": 7.6667, "color": "fcc56dd1" },
					{ "time": 8, "color": "ffe565bd" }
				]
			},
			"tree01_glow_": {
				"color": [
					{
						"time": 0,
						"color": "ffffff00",
						"curve": [ 0.25, 0, 0.75, 1 ]
					},
					{
						"time": 2,
						"color": "ffffffc7",
						"curve": [ 0.25, 0, 0.75, 1 ]
					},
					{
						"time": 4,
						"color": "ffffff00",
						"curve": [ 0.25, 0, 0.75, 1 ]
					},
					{
						"time": 6,
						"color": "ffffffc7",
						"curve": [ 0.25, 0, 0.75, 1 ]
					},
					{ "time": 8, "color": "ffffff00" }
				]
			},
			"tree01_ly": {
				"attachment": [
					{ "time": 0, "name": "tree01_ly_00_" },
					{ "time": 0.1333, "name": "tree01_ly_02_" },
					{ "time": 0.2667, "name": "tree01_ly_04_" },
					{ "time": 0.4, "name": "tree01_ly_06_" },
					{ "time": 0.5333, "name": "tree01_ly_08_" },
					{ "time": 0.6667, "name": "tree01_ly_10_" },
					{ "time": 0.8, "name": "tree01_ly_12_" },
					{ "time": 0.9333, "name": "tree01_ly_14_" },
					{ "time": 1.0667, "name": "tree01_ly_16_" },
					{ "time": 1.2, "name": "tree01_ly_18_" },
					{ "time": 1.3333, "name": "tree01_ly_20_" },
					{ "time": 1.4667, "name": "tree01_ly_22_" },
					{ "time": 1.6, "name": "tree01_ly_24_" },
					{ "time": 1.7333, "name": "tree01_ly_26_" },
					{ "time": 1.8667, "name": "tree01_ly_28_" },
					{ "time": 2, "name": "tree01_ly_30_" },
					{ "time": 2.1333, "name": "tree01_ly_32_" },
					{ "time": 2.2667, "name": "tree01_ly_34_" },
					{ "time": 2.4, "name": "tree01_ly_36_" },
					{ "time": 2.5333, "name": "tree01_ly_38_" },
					{ "time": 2.6667, "name": "tree01_ly_40_" },
					{ "time": 2.8, "name": "tree01_ly_42_" },
					{ "time": 2.9333, "name": "tree01_ly_44_" },
					{ "time": 3.0667, "name": "tree01_ly_46_" },
					{ "time": 3.2, "name": "tree01_ly_48_" },
					{ "time": 3.3333, "name": "tree01_ly_50_" },
					{ "time": 3.4667, "name": "tree01_ly_52_" },
					{ "time": 3.6, "name": "tree01_ly_54_" },
					{ "time": 3.7333, "name": "tree01_ly_56_" },
					{ "time": 3.8667, "name": "tree01_ly_58_" },
					{ "time": 4, "name": "tree01_ly_00_" },
					{ "time": 4.1333, "name": "tree01_ly_02_" },
					{ "time": 4.2667, "name": "tree01_ly_04_" },
					{ "time": 4.4, "name": "tree01_ly_06_" },
					{ "time": 4.5333, "name": "tree01_ly_08_" },
					{ "time": 4.6667, "name": "tree01_ly_10_" },
					{ "time": 4.8, "name": "tree01_ly_12_" },
					{ "time": 4.9333, "name": "tree01_ly_14_" },
					{ "time": 5.0667, "name": "tree01_ly_16_" },
					{ "time": 5.2, "name": "tree01_ly_18_" },
					{ "time": 5.3333, "name": "tree01_ly_20_" },
					{ "time": 5.4667, "name": "tree01_ly_22_" },
					{ "time": 5.6, "name": "tree01_ly_24_" },
					{ "time": 5.7333, "name": "tree01_ly_26_" },
					{ "time": 5.8667, "name": "tree01_ly_28_" },
					{ "time": 6, "name": "tree01_ly_30_" },
					{ "time": 6.1333, "name": "tree01_ly_32_" },
					{ "time": 6.2667, "name": "tree01_ly_34_" },
					{ "time": 6.4, "name": "tree01_ly_36_" },
					{ "time": 6.5333, "name": "tree01_ly_38_" },
					{ "time": 6.6667, "name": "tree01_ly_40_" },
					{ "time": 6.8, "name": "tree01_ly_42_" },
					{ "time": 6.9333, "name": "tree01_ly_44_" },
					{ "time": 7.0667, "name": "tree01_ly_46_" },
					{ "time": 7.2, "name": "tree01_ly_48_" },
					{ "time": 7.3333, "name": "tree01_ly_50_" },
					{ "time": 7.4667, "name": "tree01_ly_52_" },
					{ "time": 7.6, "name": "tree01_ly_54_" },
					{ "time": 7.7333, "name": "tree01_ly_56_" },
					{ "time": 7.8667, "name": "tree01_ly_58_" },
					{ "time": 8, "name": null }
				]
			},
			"tree02_glow_": {
				"color": [
					{
						"time": 0,
						"color": "ffffff63",
						"curve": [ 0.375, 0.5, 0.75, 1 ]
					},
					{
						"time": 1,
						"color": "ffffff00",
						"curve": [ 0.25, 0, 0.75, 1 ]
					},
					{
						"time": 3,
						"color": "ffffffc7",
						"curve": [ 0.25, 0, 0.75, 1 ]
					},
					{
						"time": 5,
						"color": "ffffff00",
						"curve": [ 0.25, 0, 0.75, 1 ]
					},
					{
						"time": 7,
						"color": "ffffffc7",
						"curve": [ 0.25, 0, 0.625, 0.5 ]
					},
					{ "time": 8, "color": "ffffff63" }
				]
			},
			"tree02_luoye": {
				"attachment": [
					{ "time": 0, "name": "tree02_luoye_00_" },
					{ "time": 0.1333, "name": "tree02_luoye_02_" },
					{ "time": 0.2667, "name": "tree02_luoye_04_" },
					{ "time": 0.4, "name": "tree02_luoye_06_" },
					{ "time": 0.5333, "name": "tree02_luoye_08_" },
					{ "time": 0.6667, "name": "tree02_luoye_10_" },
					{ "time": 0.8, "name": "tree02_luoye_12_" },
					{ "time": 0.9333, "name": "tree02_luoye_14_" },
					{ "time": 1.0667, "name": "tree02_luoye_16_" },
					{ "time": 1.2, "name": "tree02_luoye_18_" },
					{ "time": 1.3333, "name": "tree02_luoye_20_" },
					{ "time": 1.4667, "name": "tree02_luoye_22_" },
					{ "time": 1.6, "name": "tree02_luoye_24_" },
					{ "time": 1.7333, "name": "tree02_luoye_26_" },
					{ "time": 1.8667, "name": "tree02_luoye_28_" },
					{ "time": 2, "name": "tree02_luoye_30_" },
					{ "time": 2.1333, "name": "tree02_luoye_32_" },
					{ "time": 2.2667, "name": "tree02_luoye_34_" },
					{ "time": 2.4, "name": "tree02_luoye_36_" },
					{ "time": 2.5333, "name": "tree02_luoye_38_" },
					{ "time": 2.6667, "name": "tree02_luoye_40_" },
					{ "time": 2.8, "name": "tree02_luoye_42_" },
					{ "time": 2.9333, "name": "tree02_luoye_44_" },
					{ "time": 3.0667, "name": "tree02_luoye_46_" },
					{ "time": 3.2, "name": "tree02_luoye_48_" },
					{ "time": 3.3333, "name": "tree02_luoye_50_" },
					{ "time": 3.4667, "name": "tree02_luoye_52_" },
					{ "time": 3.6, "name": "tree02_luoye_54_" },
					{ "time": 3.7333, "name": "tree02_luoye_56_" },
					{ "time": 3.8667, "name": "tree02_luoye_58_" },
					{ "time": 4, "name": "tree02_luoye_00_" },
					{ "time": 4.1333, "name": "tree02_luoye_02_" },
					{ "time": 4.2667, "name": "tree02_luoye_04_" },
					{ "time": 4.4, "name": "tree02_luoye_06_" },
					{ "time": 4.5333, "name": "tree02_luoye_08_" },
					{ "time": 4.6667, "name": "tree02_luoye_10_" },
					{ "time": 4.8, "name": "tree02_luoye_12_" },
					{ "time": 4.9333, "name": "tree02_luoye_14_" },
					{ "time": 5.0667, "name": "tree02_luoye_16_" },
					{ "time": 5.2, "name": "tree02_luoye_18_" },
					{ "time": 5.3333, "name": "tree02_luoye_20_" },
					{ "time": 5.4667, "name": "tree02_luoye_22_" },
					{ "time": 5.6, "name": "tree02_luoye_24_" },
					{ "time": 5.7333, "name": "tree02_luoye_26_" },
					{ "time": 5.8667, "name": "tree02_luoye_28_" },
					{ "time": 6, "name": "tree02_luoye_30_" },
					{ "time": 6.1333, "name": "tree02_luoye_32_" },
					{ "time": 6.2667, "name": "tree02_luoye_34_" },
					{ "time": 6.4, "name": "tree02_luoye_36_" },
					{ "time": 6.5333, "name": "tree02_luoye_38_" },
					{ "time": 6.6667, "name": "tree02_luoye_40_" },
					{ "time": 6.8, "name": "tree02_luoye_42_" },
					{ "time": 6.9333, "name": "tree02_luoye_44_" },
					{ "time": 7.0667, "name": "tree02_luoye_46_" },
					{ "time": 7.2, "name": "tree02_luoye_48_" },
					{ "time": 7.3333, "name": "tree02_luoye_50_" },
					{ "time": 7.4667, "name": "tree02_luoye_52_" },
					{ "time": 7.6, "name": "tree02_luoye_54_" },
					{ "time": 7.7333, "name": "tree02_luoye_56_" },
					{ "time": 7.8667, "name": "tree02_luoye_58_" },
					{ "time": 8, "name": null }
				]
			},
			"tree03_glow_": {
				"color": [
					{
						"time": 0,
						"color": "ffffff00",
						"curve": [ 0.25, 0, 0.75, 1 ]
					},
					{
						"time": 2,
						"color": "ffffffc7",
						"curve": [ 0.25, 0, 0.625, 0.5 ]
					},
					{
						"time": 3,
						"color": "ffffff63",
						"curve": [ 0.375, 0.5, 0.75, 1 ]
					},
					{
						"time": 4,
						"color": "ffffff00",
						"curve": [ 0.25, 0, 0.75, 1 ]
					},
					{
						"time": 6,
						"color": "ffffffc7",
						"curve": [ 0.25, 0, 0.75, 1 ]
					},
					{ "time": 8, "color": "ffffff00" }
				]
			},
			"tree03_luoye": {
				"attachment": [
					{ "time": 0, "name": "tree03_luoye_00_" },
					{ "time": 0.1333, "name": "tree03_luoye_02_" },
					{ "time": 0.2667, "name": "tree03_luoye_04_" },
					{ "time": 0.4, "name": "tree03_luoye_06_" },
					{ "time": 0.5333, "name": "tree03_luoye_08_" },
					{ "time": 0.6667, "name": "tree03_luoye_10_" },
					{ "time": 0.8, "name": "tree03_luoye_12_" },
					{ "time": 0.9333, "name": "tree03_luoye_14_" },
					{ "time": 1.0667, "name": "tree03_luoye_16_" },
					{ "time": 1.2, "name": "tree03_luoye_18_" },
					{ "time": 1.3333, "name": "tree03_luoye_20_" },
					{ "time": 1.4667, "name": "tree03_luoye_22_" },
					{ "time": 1.6, "name": "tree03_luoye_24_" },
					{ "time": 1.7333, "name": "tree03_luoye_26_" },
					{ "time": 1.8667, "name": "tree03_luoye_28_" },
					{ "time": 2, "name": "tree03_luoye_30_" },
					{ "time": 2.1333, "name": "tree03_luoye_32_" },
					{ "time": 2.2667, "name": "tree03_luoye_34_" },
					{ "time": 2.4, "name": "tree03_luoye_36_" },
					{ "time": 2.5333, "name": "tree03_luoye_38_" },
					{ "time": 2.6667, "name": "tree03_luoye_40_" },
					{ "time": 2.8, "name": "tree03_luoye_42_" },
					{ "time": 2.9333, "name": "tree03_luoye_44_" },
					{ "time": 3.0667, "name": "tree03_luoye_46_" },
					{ "time": 3.2, "name": "tree03_luoye_48_" },
					{ "time": 3.3333, "name": "tree03_luoye_50_" },
					{ "time": 3.4667, "name": "tree03_luoye_52_" },
					{ "time": 3.6, "name": "tree03_luoye_54_" },
					{ "time": 3.7333, "name": "tree03_luoye_56_" },
					{ "time": 3.8667, "name": "tree03_luoye_58_" },
					{ "time": 4, "name": "tree03_luoye_00_" },
					{ "time": 4.1333, "name": "tree03_luoye_02_" },
					{ "time": 4.2667, "name": "tree03_luoye_04_" },
					{ "time": 4.4, "name": "tree03_luoye_06_" },
					{ "time": 4.5333, "name": "tree03_luoye_08_" },
					{ "time": 4.6667, "name": "tree03_luoye_10_" },
					{ "time": 4.8, "name": "tree03_luoye_12_" },
					{ "time": 4.9333, "name": "tree03_luoye_14_" },
					{ "time": 5.0667, "name": "tree03_luoye_16_" },
					{ "time": 5.2, "name": "tree03_luoye_18_" },
					{ "time": 5.3333, "name": "tree03_luoye_20_" },
					{ "time": 5.4667, "name": "tree03_luoye_22_" },
					{ "time": 5.6, "name": "tree03_luoye_24_" },
					{ "time": 5.7333, "name": "tree03_luoye_26_" },
					{ "time": 5.8667, "name": "tree03_luoye_28_" },
					{ "time": 6, "name": "tree03_luoye_30_" },
					{ "time": 6.1333, "name": "tree03_luoye_32_" },
					{ "time": 6.2667, "name": "tree03_luoye_34_" },
					{ "time": 6.4, "name": "tree03_luoye_36_" },
					{ "time": 6.5333, "name": "tree03_luoye_38_" },
					{ "time": 6.6667, "name": "tree03_luoye_40_" },
					{ "time": 6.8, "name": "tree03_luoye_42_" },
					{ "time": 6.9333, "name": "tree03_luoye_44_" },
					{ "time": 7.0667, "name": "tree03_luoye_46_" },
					{ "time": 7.2, "name": "tree03_luoye_48_" },
					{ "time": 7.3333, "name": "tree03_luoye_50_" },
					{ "time": 7.4667, "name": "tree03_luoye_52_" },
					{ "time": 7.6, "name": "tree03_luoye_54_" },
					{ "time": 7.7333, "name": "tree03_luoye_56_" },
					{ "time": 7.8667, "name": "tree03_luoye_58_" },
					{ "time": 8, "name": null }
				]
			},
			"tree04_glow_": {
				"color": [
					{
						"time": 0,
						"color": "ffffff7f",
						"curve": [ 0.375, 0.5, 0.75, 1 ]
					},
					{
						"time": 1,
						"color": "ffffffff",
						"curve": [ 0.25, 0, 0.75, 1 ]
					},
					{
						"time": 3,
						"color": "ffffff00",
						"curve": [ 0.25, 0, 0.75, 1 ]
					},
					{
						"time": 5,
						"color": "ffffffc7",
						"curve": [ 0.25, 0, 0.625, 0.5 ]
					},
					{
						"time": 6,
						"color": "ffffff63",
						"curve": [ 0.375, 0.5, 0.75, 1 ]
					},
					{
						"time": 7,
						"color": "ffffff00",
						"curve": [ 0.25, 0, 0.625, 0.5 ]
					},
					{ "time": 8, "color": "ffffff7f" }
				]
			},
			"tree04_luoye": {
				"attachment": [
					{ "time": 0, "name": "tree04_luoye_00_" },
					{ "time": 0.1333, "name": "tree04_luoye_02_" },
					{ "time": 0.2667, "name": "tree04_luoye_04_" },
					{ "time": 0.4, "name": "tree04_luoye_06_" },
					{ "time": 0.5333, "name": "tree04_luoye_08_" },
					{ "time": 0.6667, "name": "tree04_luoye_10_" },
					{ "time": 0.8, "name": "tree04_luoye_12_" },
					{ "time": 0.9333, "name": "tree04_luoye_14_" },
					{ "time": 1.0667, "name": "tree04_luoye_16_" },
					{ "time": 1.2, "name": "tree04_luoye_18_" },
					{ "time": 1.3333, "name": "tree04_luoye_20_" },
					{ "time": 1.4667, "name": "tree04_luoye_22_" },
					{ "time": 1.6, "name": "tree04_luoye_24_" },
					{ "time": 1.7333, "name": "tree04_luoye_26_" },
					{ "time": 1.8667, "name": "tree04_luoye_28_" },
					{ "time": 2, "name": "tree04_luoye_30_" },
					{ "time": 2.1333, "name": "tree04_luoye_32_" },
					{ "time": 2.2667, "name": "tree04_luoye_34_" },
					{ "time": 2.4, "name": "tree04_luoye_36_" },
					{ "time": 2.5333, "name": "tree04_luoye_38_" },
					{ "time": 2.6667, "name": "tree04_luoye_40_" },
					{ "time": 2.8, "name": "tree04_luoye_42_" },
					{ "time": 2.9333, "name": "tree04_luoye_44_" },
					{ "time": 3.0667, "name": "tree04_luoye_46_" },
					{ "time": 3.2, "name": "tree04_luoye_48_" },
					{ "time": 3.3333, "name": "tree04_luoye_50_" },
					{ "time": 3.4667, "name": "tree04_luoye_52_" },
					{ "time": 3.6, "name": "tree04_luoye_54_" },
					{ "time": 3.7333, "name": "tree04_luoye_56_" },
					{ "time": 3.8667, "name": "tree04_luoye_58_" },
					{ "time": 4, "name": "tree04_luoye_00_" },
					{ "time": 4.1333, "name": "tree04_luoye_02_" },
					{ "time": 4.2667, "name": "tree04_luoye_04_" },
					{ "time": 4.4, "name": "tree04_luoye_06_" },
					{ "time": 4.5333, "name": "tree04_luoye_08_" },
					{ "time": 4.6667, "name": "tree04_luoye_10_" },
					{ "time": 4.8, "name": "tree04_luoye_12_" },
					{ "time": 4.9333, "name": "tree04_luoye_14_" },
					{ "time": 5.0667, "name": "tree04_luoye_16_" },
					{ "time": 5.2, "name": "tree04_luoye_18_" },
					{ "time": 5.3333, "name": "tree04_luoye_20_" },
					{ "time": 5.4667, "name": "tree04_luoye_22_" },
					{ "time": 5.6, "name": "tree04_luoye_24_" },
					{ "time": 5.7333, "name": "tree04_luoye_26_" },
					{ "time": 5.8667, "name": "tree04_luoye_28_" },
					{ "time": 6, "name": "tree04_luoye_30_" },
					{ "time": 6.1333, "name": "tree04_luoye_32_" },
					{ "time": 6.2667, "name": "tree04_luoye_34_" },
					{ "time": 6.4, "name": "tree04_luoye_36_" },
					{ "time": 6.5333, "name": "tree04_luoye_38_" },
					{ "time": 6.6667, "name": "tree04_luoye_40_" },
					{ "time": 6.8, "name": "tree04_luoye_42_" },
					{ "time": 6.9333, "name": "tree04_luoye_44_" },
					{ "time": 7.0667, "name": "tree04_luoye_46_" },
					{ "time": 7.2, "name": "tree04_luoye_48_" },
					{ "time": 7.3333, "name": "tree04_luoye_50_" },
					{ "time": 7.4667, "name": "tree04_luoye_52_" },
					{ "time": 7.6, "name": "tree04_luoye_54_" },
					{ "time": 7.7333, "name": "tree04_luoye_56_" },
					{ "time": 7.8667, "name": "tree04_luoye_58_" },
					{ "time": 8, "name": null }
				]
			},
			"xianhe_1": {
				"color": [
					{ "time": 0, "color": "ffffff00", "curve": "stepped" },
					{ "time": 1, "color": "ffffff00" },
					{ "time": 3, "color": "ffffffff", "curve": "stepped" },
					{ "time": 4.3333, "color": "ffffffff" },
					{ "time": 6.3333, "color": "ffffff00", "curve": "stepped" },
					{ "time": 8, "color": "ffffff00" }
				],
				"attachment": [
					{ "time": 0, "name": "xianhe_08_" },
					{ "time": 0.0667, "name": "xianhe_10_" },
					{ "time": 0.1333, "name": "xianhe_12_" },
					{ "time": 0.2, "name": "xianhe_14_" },
					{ "time": 0.2667, "name": "xianhe_16_" },
					{ "time": 0.3333, "name": "xianhe_18_" },
					{ "time": 0.4, "name": "xianhe_20_" },
					{ "time": 0.4667, "name": "xianhe_24_" },
					{ "time": 0.5333, "name": "xianhe_28_" },
					{ "time": 0.6, "name": "xianhe_00_" },
					{ "time": 0.6667, "name": "xianhe_02_" },
					{ "time": 0.7333, "name": "xianhe_04_" },
					{ "time": 0.8, "name": "xianhe_06_" },
					{ "time": 0.8667, "name": "xianhe_08_" },
					{ "time": 0.9333, "name": "xianhe_10_" },
					{ "time": 1, "name": "xianhe_12_" },
					{ "time": 1.0667, "name": "xianhe_14_" },
					{ "time": 1.1333, "name": "xianhe_16_" },
					{ "time": 1.2, "name": "xianhe_18_" },
					{ "time": 1.2667, "name": "xianhe_20_" },
					{ "time": 1.3667, "name": "xianhe_24_" },
					{ "time": 1.4333, "name": "xianhe_28_" },
					{ "time": 1.5, "name": "xianhe_00_" },
					{ "time": 1.5667, "name": "xianhe_02_" },
					{ "time": 1.6333, "name": "xianhe_04_" },
					{ "time": 1.7, "name": "xianhe_06_" },
					{ "time": 1.7667, "name": "xianhe_08_" },
					{ "time": 1.8333, "name": "xianhe_10_" },
					{ "time": 1.9, "name": "xianhe_12_" },
					{ "time": 1.9667, "name": "xianhe_14_" },
					{ "time": 2.0333, "name": "xianhe_16_" },
					{ "time": 2.1, "name": "xianhe_18_" },
					{ "time": 2.1667, "name": "xianhe_20_" },
					{ "time": 2.2333, "name": "xianhe_24_" },
					{ "time": 2.3, "name": "xianhe_28_" },
					{ "time": 2.3667, "name": "xianhe_00_" },
					{ "time": 2.4333, "name": "xianhe_02_" },
					{ "time": 2.5, "name": "xianhe_04_" },
					{ "time": 2.5667, "name": "xianhe_06_" },
					{ "time": 2.6333, "name": "xianhe_08_" },
					{ "time": 2.7333, "name": "xianhe_10_" },
					{ "time": 2.8, "name": "xianhe_12_" },
					{ "time": 2.8667, "name": "xianhe_14_" },
					{ "time": 2.9333, "name": "xianhe_16_" },
					{ "time": 3, "name": "xianhe_18_" },
					{ "time": 3.0667, "name": "xianhe_20_" },
					{ "time": 3.1333, "name": "xianhe_24_" },
					{ "time": 3.2, "name": "xianhe_28_" },
					{ "time": 3.2667, "name": "xianhe_00_" },
					{ "time": 3.3333, "name": "xianhe_02_" },
					{ "time": 3.4, "name": "xianhe_04_" },
					{ "time": 3.4667, "name": "xianhe_06_" },
					{ "time": 3.5333, "name": "xianhe_08_" },
					{ "time": 3.6, "name": "xianhe_10_" },
					{ "time": 3.6667, "name": "xianhe_12_" },
					{ "time": 3.7333, "name": "xianhe_14_" },
					{ "time": 3.8, "name": "xianhe_16_" },
					{ "time": 3.8667, "name": "xianhe_18_" },
					{ "time": 3.9333, "name": "xianhe_20_" },
					{ "time": 4, "name": "xianhe_24_" },
					{ "time": 4.0667, "name": "xianhe_28_" },
					{ "time": 4.1667, "name": "xianhe_00_" },
					{ "time": 4.2333, "name": "xianhe_02_" },
					{ "time": 4.3, "name": "xianhe_04_" },
					{ "time": 4.3667, "name": "xianhe_06_" },
					{ "time": 4.4333, "name": "xianhe_08_" },
					{ "time": 4.5, "name": "xianhe_10_" },
					{ "time": 4.5667, "name": "xianhe_12_" },
					{ "time": 4.6333, "name": "xianhe_14_" },
					{ "time": 4.7, "name": "xianhe_16_" },
					{ "time": 4.7667, "name": "xianhe_18_" },
					{ "time": 4.8333, "name": "xianhe_20_" },
					{ "time": 4.9, "name": "xianhe_24_" },
					{ "time": 4.9667, "name": "xianhe_28_" },
					{ "time": 5.0333, "name": "xianhe_00_" },
					{ "time": 5.1, "name": "xianhe_02_" },
					{ "time": 5.1667, "name": "xianhe_04_" },
					{ "time": 5.2333, "name": "xianhe_06_" },
					{ "time": 5.3, "name": "xianhe_08_" },
					{ "time": 5.3667, "name": "xianhe_10_" },
					{ "time": 5.4333, "name": "xianhe_12_" },
					{ "time": 5.5333, "name": "xianhe_14_" },
					{ "time": 5.6, "name": "xianhe_16_" },
					{ "time": 5.6667, "name": "xianhe_18_" },
					{ "time": 5.7333, "name": "xianhe_20_" },
					{ "time": 5.8, "name": "xianhe_24_" },
					{ "time": 5.8667, "name": "xianhe_28_" },
					{ "time": 5.9333, "name": "xianhe_00_" },
					{ "time": 6, "name": "xianhe_02_" },
					{ "time": 6.0667, "name": "xianhe_04_" },
					{ "time": 6.1333, "name": "xianhe_06_" },
					{ "time": 6.2, "name": "xianhe_08_" },
					{ "time": 6.2667, "name": "xianhe_10_" },
					{ "time": 6.3333, "name": "xianhe_12_" },
					{ "time": 6.4, "name": "xianhe_14_" },
					{ "time": 6.4667, "name": "xianhe_16_" },
					{ "time": 6.5333, "name": "xianhe_18_" },
					{ "time": 6.6, "name": "xianhe_20_" },
					{ "time": 6.6667, "name": "xianhe_24_" },
					{ "time": 6.7333, "name": "xianhe_28_" },
					{ "time": 6.8, "name": "xianhe_00_" },
					{ "time": 6.9, "name": "xianhe_02_" },
					{ "time": 6.9667, "name": "xianhe_04_" },
					{ "time": 7.0333, "name": "xianhe_06_" },
					{ "time": 7.1, "name": "xianhe_08_" },
					{ "time": 7.1667, "name": "xianhe_10_" },
					{ "time": 7.2333, "name": "xianhe_12_" },
					{ "time": 7.3, "name": "xianhe_14_" },
					{ "time": 7.3667, "name": "xianhe_16_" },
					{ "time": 7.4333, "name": "xianhe_18_" },
					{ "time": 7.5, "name": "xianhe_20_" },
					{ "time": 7.5667, "name": "xianhe_24_" },
					{ "time": 7.6333, "name": "xianhe_28_" },
					{ "time": 7.7, "name": "xianhe_00_" },
					{ "time": 7.7667, "name": "xianhe_02_" },
					{ "time": 7.8333, "name": "xianhe_04_" },
					{ "time": 7.9, "name": "xianhe_06_" },
					{ "time": 8, "name": null }
				]
			},
			"xianhe_2": {
				"color": [
					{ "time": 0, "color": "ffffff00", "curve": "stepped" },
					{ "time": 1.3667, "color": "ffffff00" },
					{ "time": 3.3667, "color": "ffffffff", "curve": "stepped" },
					{ "time": 4.7, "color": "ffffffff" },
					{ "time": 6.7, "color": "ffffff00", "curve": "stepped" },
					{ "time": 8, "color": "ffffff00" }
				],
				"attachment": [
					{ "time": 0, "name": "xianhe_24_" },
					{ "time": 0.0667, "name": "xianhe_28_" },
					{ "time": 0.1333, "name": "xianhe_00_" },
					{ "time": 0.2, "name": "xianhe_02_" },
					{ "time": 0.2667, "name": "xianhe_04_" },
					{ "time": 0.3333, "name": "xianhe_06_" },
					{ "time": 0.4, "name": "xianhe_08_" },
					{ "time": 0.4667, "name": "xianhe_10_" },
					{ "time": 0.5333, "name": "xianhe_12_" },
					{ "time": 0.6, "name": "xianhe_14_" },
					{ "time": 0.6667, "name": "xianhe_16_" },
					{ "time": 0.7667, "name": "xianhe_18_" },
					{ "time": 0.8333, "name": "xianhe_20_" },
					{ "time": 0.9, "name": "xianhe_24_" },
					{ "time": 0.9667, "name": "xianhe_28_" },
					{ "time": 1.0333, "name": "xianhe_00_" },
					{ "time": 1.1, "name": "xianhe_02_" },
					{ "time": 1.1667, "name": "xianhe_04_" },
					{ "time": 1.2333, "name": "xianhe_06_" },
					{ "time": 1.3, "name": "xianhe_08_" },
					{ "time": 1.3667, "name": "xianhe_10_" },
					{ "time": 1.4333, "name": "xianhe_12_" },
					{ "time": 1.5, "name": "xianhe_14_" },
					{ "time": 1.5667, "name": "xianhe_16_" },
					{ "time": 1.6333, "name": "xianhe_18_" },
					{ "time": 1.7, "name": "xianhe_20_" },
					{ "time": 1.8, "name": "xianhe_24_" },
					{ "time": 1.8667, "name": "xianhe_28_" },
					{ "time": 1.9333, "name": "xianhe_00_" },
					{ "time": 2, "name": "xianhe_02_" },
					{ "time": 2.0667, "name": "xianhe_04_" },
					{ "time": 2.1333, "name": "xianhe_06_" },
					{ "time": 2.2, "name": "xianhe_08_" },
					{ "time": 2.2667, "name": "xianhe_10_" },
					{ "time": 2.3333, "name": "xianhe_12_" },
					{ "time": 2.4, "name": "xianhe_14_" },
					{ "time": 2.4667, "name": "xianhe_16_" },
					{ "time": 2.5333, "name": "xianhe_18_" },
					{ "time": 2.6, "name": "xianhe_20_" },
					{ "time": 2.6667, "name": "xianhe_24_" },
					{ "time": 2.7333, "name": "xianhe_28_" },
					{ "time": 2.8, "name": "xianhe_00_" },
					{ "time": 2.8667, "name": "xianhe_02_" },
					{ "time": 2.9333, "name": "xianhe_04_" },
					{ "time": 3, "name": "xianhe_06_" },
					{ "time": 3.0667, "name": "xianhe_08_" },
					{ "time": 3.1667, "name": "xianhe_10_" },
					{ "time": 3.2333, "name": "xianhe_12_" },
					{ "time": 3.3, "name": "xianhe_14_" },
					{ "time": 3.3667, "name": "xianhe_16_" },
					{ "time": 3.4333, "name": "xianhe_18_" },
					{ "time": 3.5, "name": "xianhe_20_" },
					{ "time": 3.5667, "name": "xianhe_24_" },
					{ "time": 3.6333, "name": "xianhe_28_" },
					{ "time": 3.7, "name": "xianhe_00_" },
					{ "time": 3.7667, "name": "xianhe_02_" },
					{ "time": 3.8333, "name": "xianhe_04_" },
					{ "time": 3.9, "name": "xianhe_06_" },
					{ "time": 3.9667, "name": "xianhe_08_" },
					{ "time": 4.0333, "name": "xianhe_10_" },
					{ "time": 4.1, "name": "xianhe_12_" },
					{ "time": 4.1667, "name": "xianhe_14_" },
					{ "time": 4.2333, "name": "xianhe_16_" },
					{ "time": 4.3, "name": "xianhe_18_" },
					{ "time": 4.3667, "name": "xianhe_20_" },
					{ "time": 4.4333, "name": "xianhe_24_" },
					{ "time": 4.5, "name": "xianhe_28_" },
					{ "time": 4.6, "name": "xianhe_00_" },
					{ "time": 4.6667, "name": "xianhe_02_" },
					{ "time": 4.7333, "name": "xianhe_04_" },
					{ "time": 4.8, "name": "xianhe_06_" },
					{ "time": 4.8667, "name": "xianhe_08_" },
					{ "time": 4.9333, "name": "xianhe_10_" },
					{ "time": 5, "name": "xianhe_12_" },
					{ "time": 5.0667, "name": "xianhe_14_" },
					{ "time": 5.1333, "name": "xianhe_16_" },
					{ "time": 5.2, "name": "xianhe_18_" },
					{ "time": 5.2667, "name": "xianhe_20_" },
					{ "time": 5.3333, "name": "xianhe_24_" },
					{ "time": 5.4, "name": "xianhe_28_" },
					{ "time": 5.4667, "name": "xianhe_00_" },
					{ "time": 5.5333, "name": "xianhe_02_" },
					{ "time": 5.6, "name": "xianhe_04_" },
					{ "time": 5.6667, "name": "xianhe_06_" },
					{ "time": 5.7333, "name": "xianhe_08_" },
					{ "time": 5.8, "name": "xianhe_10_" },
					{ "time": 5.8667, "name": "xianhe_12_" },
					{ "time": 5.9667, "name": "xianhe_14_" },
					{ "time": 6.0333, "name": "xianhe_16_" },
					{ "time": 6.1, "name": "xianhe_18_" },
					{ "time": 6.1667, "name": "xianhe_20_" },
					{ "time": 6.2333, "name": "xianhe_24_" },
					{ "time": 6.3, "name": "xianhe_28_" },
					{ "time": 6.3667, "name": "xianhe_00_" },
					{ "time": 6.4333, "name": "xianhe_02_" },
					{ "time": 6.5, "name": "xianhe_04_" },
					{ "time": 6.5667, "name": "xianhe_06_" },
					{ "time": 6.6333, "name": "xianhe_08_" },
					{ "time": 6.7, "name": "xianhe_10_" },
					{ "time": 6.7667, "name": "xianhe_12_" },
					{ "time": 6.8333, "name": "xianhe_14_" },
					{ "time": 6.9, "name": "xianhe_16_" },
					{ "time": 6.9667, "name": "xianhe_18_" },
					{ "time": 7.0333, "name": "xianhe_20_" },
					{ "time": 7.1, "name": "xianhe_24_" },
					{ "time": 7.1667, "name": "xianhe_28_" },
					{ "time": 7.2333, "name": "xianhe_00_" },
					{ "time": 7.3333, "name": "xianhe_02_" },
					{ "time": 7.4, "name": "xianhe_04_" },
					{ "time": 7.4667, "name": "xianhe_06_" },
					{ "time": 7.5333, "name": "xianhe_08_" },
					{ "time": 7.6, "name": "xianhe_10_" },
					{ "time": 7.6667, "name": "xianhe_12_" },
					{ "time": 7.7333, "name": "xianhe_14_" },
					{ "time": 7.8, "name": "xianhe_16_" },
					{ "time": 7.8667, "name": "xianhe_18_" },
					{ "time": 7.9333, "name": "xianhe_20_" },
					{ "time": 8, "name": null }
				]
			},
			"xianhe_3": {
				"color": [
					{ "time": 0, "color": "ffffff00", "curve": "stepped" },
					{ "time": 2, "color": "ffffff00" },
					{ "time": 4, "color": "ffffffff", "curve": "stepped" },
					{ "time": 5.3333, "color": "ffffffff" },
					{ "time": 7.3333, "color": "ffffff00", "curve": "stepped" },
					{ "time": 8, "color": "ffffff00" }
				],
				"attachment": [
					{ "time": 0, "name": "xianhe_00_" },
					{ "time": 0.0667, "name": "xianhe_02_" },
					{ "time": 0.1333, "name": "xianhe_04_" },
					{ "time": 0.2, "name": "xianhe_06_" },
					{ "time": 0.2667, "name": "xianhe_08_" },
					{ "time": 0.3333, "name": "xianhe_10_" },
					{ "time": 0.4, "name": "xianhe_12_" },
					{ "time": 0.4667, "name": "xianhe_14_" },
					{ "time": 0.5333, "name": "xianhe_16_" },
					{ "time": 0.6, "name": "xianhe_18_" },
					{ "time": 0.6667, "name": "xianhe_20_" },
					{ "time": 0.7667, "name": "xianhe_24_" },
					{ "time": 0.8333, "name": "xianhe_28_" },
					{ "time": 0.9, "name": "xianhe_00_" },
					{ "time": 0.9667, "name": "xianhe_02_" },
					{ "time": 1.0333, "name": "xianhe_04_" },
					{ "time": 1.1, "name": "xianhe_06_" },
					{ "time": 1.1667, "name": "xianhe_08_" },
					{ "time": 1.2333, "name": "xianhe_10_" },
					{ "time": 1.3, "name": "xianhe_12_" },
					{ "time": 1.3667, "name": "xianhe_14_" },
					{ "time": 1.4333, "name": "xianhe_16_" },
					{ "time": 1.5, "name": "xianhe_18_" },
					{ "time": 1.5667, "name": "xianhe_20_" },
					{ "time": 1.6333, "name": "xianhe_24_" },
					{ "time": 1.7, "name": "xianhe_28_" },
					{ "time": 1.7667, "name": "xianhe_00_" },
					{ "time": 1.8333, "name": "xianhe_02_" },
					{ "time": 1.9, "name": "xianhe_04_" },
					{ "time": 1.9667, "name": "xianhe_06_" },
					{ "time": 2.0333, "name": "xianhe_08_" },
					{ "time": 2.1333, "name": "xianhe_10_" },
					{ "time": 2.2, "name": "xianhe_12_" },
					{ "time": 2.2667, "name": "xianhe_14_" },
					{ "time": 2.3333, "name": "xianhe_16_" },
					{ "time": 2.4, "name": "xianhe_18_" },
					{ "time": 2.4667, "name": "xianhe_20_" },
					{ "time": 2.5333, "name": "xianhe_24_" },
					{ "time": 2.6, "name": "xianhe_28_" },
					{ "time": 2.6667, "name": "xianhe_00_" },
					{ "time": 2.7333, "name": "xianhe_02_" },
					{ "time": 2.8, "name": "xianhe_04_" },
					{ "time": 2.8667, "name": "xianhe_06_" },
					{ "time": 2.9333, "name": "xianhe_08_" },
					{ "time": 3, "name": "xianhe_10_" },
					{ "time": 3.0667, "name": "xianhe_12_" },
					{ "time": 3.1333, "name": "xianhe_14_" },
					{ "time": 3.2, "name": "xianhe_16_" },
					{ "time": 3.2667, "name": "xianhe_18_" },
					{ "time": 3.3333, "name": "xianhe_20_" },
					{ "time": 3.4, "name": "xianhe_24_" },
					{ "time": 3.4667, "name": "xianhe_28_" },
					{ "time": 3.5667, "name": "xianhe_00_" },
					{ "time": 3.6333, "name": "xianhe_02_" },
					{ "time": 3.7, "name": "xianhe_04_" },
					{ "time": 3.7667, "name": "xianhe_06_" },
					{ "time": 3.8333, "name": "xianhe_08_" },
					{ "time": 3.9, "name": "xianhe_10_" },
					{ "time": 3.9667, "name": "xianhe_12_" },
					{ "time": 4.0333, "name": "xianhe_14_" },
					{ "time": 4.1, "name": "xianhe_16_" },
					{ "time": 4.1667, "name": "xianhe_18_" },
					{ "time": 4.2333, "name": "xianhe_20_" },
					{ "time": 4.3, "name": "xianhe_24_" },
					{ "time": 4.3667, "name": "xianhe_28_" },
					{ "time": 4.4333, "name": "xianhe_00_" },
					{ "time": 4.5, "name": "xianhe_02_" },
					{ "time": 4.5667, "name": "xianhe_04_" },
					{ "time": 4.6333, "name": "xianhe_06_" },
					{ "time": 4.7, "name": "xianhe_08_" },
					{ "time": 4.7667, "name": "xianhe_10_" },
					{ "time": 4.8333, "name": "xianhe_12_" },
					{ "time": 4.9333, "name": "xianhe_14_" },
					{ "time": 5, "name": "xianhe_16_" },
					{ "time": 5.0667, "name": "xianhe_18_" },
					{ "time": 5.1333, "name": "xianhe_20_" },
					{ "time": 5.2, "name": "xianhe_24_" },
					{ "time": 5.2667, "name": "xianhe_28_" },
					{ "time": 5.3333, "name": "xianhe_00_" },
					{ "time": 5.4, "name": "xianhe_02_" },
					{ "time": 5.4667, "name": "xianhe_04_" },
					{ "time": 5.5333, "name": "xianhe_06_" },
					{ "time": 5.6, "name": "xianhe_08_" },
					{ "time": 5.6667, "name": "xianhe_10_" },
					{ "time": 5.7333, "name": "xianhe_12_" },
					{ "time": 5.8, "name": "xianhe_14_" },
					{ "time": 5.8667, "name": "xianhe_16_" },
					{ "time": 5.9333, "name": "xianhe_18_" },
					{ "time": 6, "name": "xianhe_20_" },
					{ "time": 6.0667, "name": "xianhe_24_" },
					{ "time": 6.1333, "name": "xianhe_28_" },
					{ "time": 6.2, "name": "xianhe_00_" },
					{ "time": 6.3, "name": "xianhe_02_" },
					{ "time": 6.3667, "name": "xianhe_04_" },
					{ "time": 6.4333, "name": "xianhe_06_" },
					{ "time": 6.5, "name": "xianhe_08_" },
					{ "time": 6.5667, "name": "xianhe_10_" },
					{ "time": 6.6333, "name": "xianhe_12_" },
					{ "time": 6.7, "name": "xianhe_14_" },
					{ "time": 6.7667, "name": "xianhe_16_" },
					{ "time": 6.8333, "name": "xianhe_18_" },
					{ "time": 6.9, "name": "xianhe_20_" },
					{ "time": 6.9667, "name": "xianhe_24_" },
					{ "time": 7.0333, "name": "xianhe_28_" },
					{ "time": 7.1, "name": "xianhe_00_" },
					{ "time": 7.1667, "name": "xianhe_02_" },
					{ "time": 7.2333, "name": "xianhe_04_" },
					{ "time": 7.3, "name": "xianhe_06_" },
					{ "time": 7.3667, "name": "xianhe_08_" },
					{ "time": 7.4333, "name": "xianhe_10_" },
					{ "time": 7.5, "name": "xianhe_12_" },
					{ "time": 7.5667, "name": "xianhe_14_" },
					{ "time": 7.6333, "name": "xianhe_16_" },
					{ "time": 7.7333, "name": "xianhe_18_" },
					{ "time": 7.8, "name": "xianhe_20_" },
					{ "time": 7.8667, "name": "xianhe_24_" },
					{ "time": 7.9333, "name": "xianhe_28_" },
					{ "time": 8, "name": null }
				]
			},
			"xianhe_4": {
				"color": [
					{ "time": 0, "color": "ffffff00", "curve": "stepped" },
					{ "time": 2.3333, "color": "ffffff00" },
					{ "time": 4.3333, "color": "ffffffff", "curve": "stepped" },
					{ "time": 5.6667, "color": "ffffffff" },
					{ "time": 7.6667, "color": "ffffff00", "curve": "stepped" },
					{ "time": 8, "color": "ffffff00" }
				],
				"attachment": [
					{ "time": 0, "name": "xianhe_08_" },
					{ "time": 0.0667, "name": "xianhe_10_" },
					{ "time": 0.1333, "name": "xianhe_12_" },
					{ "time": 0.2, "name": "xianhe_14_" },
					{ "time": 0.2667, "name": "xianhe_16_" },
					{ "time": 0.3333, "name": "xianhe_18_" },
					{ "time": 0.4, "name": "xianhe_20_" },
					{ "time": 0.4667, "name": "xianhe_24_" },
					{ "time": 0.5333, "name": "xianhe_28_" },
					{ "time": 0.6, "name": "xianhe_00_" },
					{ "time": 0.6667, "name": "xianhe_02_" },
					{ "time": 0.7333, "name": "xianhe_04_" },
					{ "time": 0.8, "name": "xianhe_06_" },
					{ "time": 0.8667, "name": "xianhe_08_" },
					{ "time": 0.9333, "name": "xianhe_10_" },
					{ "time": 1, "name": "xianhe_12_" },
					{ "time": 1.0667, "name": "xianhe_14_" },
					{ "time": 1.1333, "name": "xianhe_16_" },
					{ "time": 1.2, "name": "xianhe_18_" },
					{ "time": 1.2667, "name": "xianhe_20_" },
					{ "time": 1.3667, "name": "xianhe_24_" },
					{ "time": 1.4333, "name": "xianhe_28_" },
					{ "time": 1.5, "name": "xianhe_00_" },
					{ "time": 1.5667, "name": "xianhe_02_" },
					{ "time": 1.6333, "name": "xianhe_04_" },
					{ "time": 1.7, "name": "xianhe_06_" },
					{ "time": 1.7667, "name": "xianhe_08_" },
					{ "time": 1.8333, "name": "xianhe_10_" },
					{ "time": 1.9, "name": "xianhe_12_" },
					{ "time": 1.9667, "name": "xianhe_14_" },
					{ "time": 2.0333, "name": "xianhe_16_" },
					{ "time": 2.1, "name": "xianhe_18_" },
					{ "time": 2.1667, "name": "xianhe_20_" },
					{ "time": 2.2333, "name": "xianhe_24_" },
					{ "time": 2.3, "name": "xianhe_28_" },
					{ "time": 2.3667, "name": "xianhe_00_" },
					{ "time": 2.4333, "name": "xianhe_02_" },
					{ "time": 2.5, "name": "xianhe_04_" },
					{ "time": 2.5667, "name": "xianhe_06_" },
					{ "time": 2.6333, "name": "xianhe_08_" },
					{ "time": 2.7333, "name": "xianhe_10_" },
					{ "time": 2.8, "name": "xianhe_12_" },
					{ "time": 2.8667, "name": "xianhe_14_" },
					{ "time": 2.9333, "name": "xianhe_16_" },
					{ "time": 3, "name": "xianhe_18_" },
					{ "time": 3.0667, "name": "xianhe_20_" },
					{ "time": 3.1333, "name": "xianhe_24_" },
					{ "time": 3.2, "name": "xianhe_28_" },
					{ "time": 3.2667, "name": "xianhe_00_" },
					{ "time": 3.3333, "name": "xianhe_02_" },
					{ "time": 3.4, "name": "xianhe_04_" },
					{ "time": 3.4667, "name": "xianhe_06_" },
					{ "time": 3.5333, "name": "xianhe_08_" },
					{ "time": 3.6, "name": "xianhe_10_" },
					{ "time": 3.6667, "name": "xianhe_12_" },
					{ "time": 3.7333, "name": "xianhe_14_" },
					{ "time": 3.8, "name": "xianhe_16_" },
					{ "time": 3.8667, "name": "xianhe_18_" },
					{ "time": 3.9333, "name": "xianhe_20_" },
					{ "time": 4, "name": "xianhe_24_" },
					{ "time": 4.0667, "name": "xianhe_28_" },
					{ "time": 4.1667, "name": "xianhe_00_" },
					{ "time": 4.2333, "name": "xianhe_02_" },
					{ "time": 4.3, "name": "xianhe_04_" },
					{ "time": 4.3667, "name": "xianhe_06_" },
					{ "time": 4.4333, "name": "xianhe_08_" },
					{ "time": 4.5, "name": "xianhe_10_" },
					{ "time": 4.5667, "name": "xianhe_12_" },
					{ "time": 4.6333, "name": "xianhe_14_" },
					{ "time": 4.7, "name": "xianhe_16_" },
					{ "time": 4.7667, "name": "xianhe_18_" },
					{ "time": 4.8333, "name": "xianhe_20_" },
					{ "time": 4.9, "name": "xianhe_24_" },
					{ "time": 4.9667, "name": "xianhe_28_" },
					{ "time": 5.0333, "name": "xianhe_00_" },
					{ "time": 5.1, "name": "xianhe_02_" },
					{ "time": 5.1667, "name": "xianhe_04_" },
					{ "time": 5.2333, "name": "xianhe_06_" },
					{ "time": 5.3, "name": "xianhe_08_" },
					{ "time": 5.3667, "name": "xianhe_10_" },
					{ "time": 5.4333, "name": "xianhe_12_" },
					{ "time": 5.5333, "name": "xianhe_14_" },
					{ "time": 5.6, "name": "xianhe_16_" },
					{ "time": 5.6667, "name": "xianhe_18_" },
					{ "time": 5.7333, "name": "xianhe_20_" },
					{ "time": 5.8, "name": "xianhe_24_" },
					{ "time": 5.8667, "name": "xianhe_28_" },
					{ "time": 5.9333, "name": "xianhe_00_" },
					{ "time": 6, "name": "xianhe_02_" },
					{ "time": 6.0667, "name": "xianhe_04_" },
					{ "time": 6.1333, "name": "xianhe_06_" },
					{ "time": 6.2, "name": "xianhe_08_" },
					{ "time": 6.2667, "name": "xianhe_10_" },
					{ "time": 6.3333, "name": "xianhe_12_" },
					{ "time": 6.4, "name": "xianhe_14_" },
					{ "time": 6.4667, "name": "xianhe_16_" },
					{ "time": 6.5333, "name": "xianhe_18_" },
					{ "time": 6.6, "name": "xianhe_20_" },
					{ "time": 6.6667, "name": "xianhe_24_" },
					{ "time": 6.7333, "name": "xianhe_28_" },
					{ "time": 6.8, "name": "xianhe_00_" },
					{ "time": 6.9, "name": "xianhe_02_" },
					{ "time": 6.9667, "name": "xianhe_04_" },
					{ "time": 7.0333, "name": "xianhe_06_" },
					{ "time": 7.1, "name": "xianhe_08_" },
					{ "time": 7.1667, "name": "xianhe_10_" },
					{ "time": 7.2333, "name": "xianhe_12_" },
					{ "time": 7.3, "name": "xianhe_14_" },
					{ "time": 7.3667, "name": "xianhe_16_" },
					{ "time": 7.4333, "name": "xianhe_18_" },
					{ "time": 7.5, "name": "xianhe_20_" },
					{ "time": 7.5667, "name": "xianhe_24_" },
					{ "time": 7.6333, "name": "xianhe_28_" },
					{ "time": 7.7, "name": "xianhe_00_" },
					{ "time": 7.7667, "name": "xianhe_02_" },
					{ "time": 7.8333, "name": "xianhe_04_" },
					{ "time": 7.9, "name": "xianhe_06_" },
					{ "time": 8, "name": null }
				]
			},
			"xianhe_5": {
				"color": [
					{ "time": 0, "color": "ffffff00", "curve": "stepped" },
					{ "time": 1.7667, "color": "ffffff00" },
					{ "time": 3.7667, "color": "ffffffff", "curve": "stepped" },
					{ "time": 5.1, "color": "ffffffff" },
					{ "time": 7.1, "color": "ffffff00", "curve": "stepped" },
					{ "time": 8, "color": "ffffff00" }
				],
				"attachment": [
					{ "time": 0, "name": "xianhe_00_" },
					{ "time": 0.1, "name": "xianhe_02_" },
					{ "time": 0.1667, "name": "xianhe_04_" },
					{ "time": 0.2333, "name": "xianhe_06_" },
					{ "time": 0.3, "name": "xianhe_08_" },
					{ "time": 0.3667, "name": "xianhe_10_" },
					{ "time": 0.4333, "name": "xianhe_12_" },
					{ "time": 0.5, "name": "xianhe_14_" },
					{ "time": 0.5667, "name": "xianhe_16_" },
					{ "time": 0.6333, "name": "xianhe_18_" },
					{ "time": 0.7, "name": "xianhe_20_" },
					{ "time": 0.7667, "name": "xianhe_24_" },
					{ "time": 0.8333, "name": "xianhe_28_" },
					{ "time": 0.9, "name": "xianhe_00_" },
					{ "time": 0.9667, "name": "xianhe_02_" },
					{ "time": 1.0333, "name": "xianhe_04_" },
					{ "time": 1.1, "name": "xianhe_06_" },
					{ "time": 1.1667, "name": "xianhe_08_" },
					{ "time": 1.2333, "name": "xianhe_10_" },
					{ "time": 1.3, "name": "xianhe_12_" },
					{ "time": 1.3667, "name": "xianhe_14_" },
					{ "time": 1.4333, "name": "xianhe_16_" },
					{ "time": 1.5333, "name": "xianhe_18_" },
					{ "time": 1.6, "name": "xianhe_20_" },
					{ "time": 1.6667, "name": "xianhe_24_" },
					{ "time": 1.7333, "name": "xianhe_28_" },
					{ "time": 1.8, "name": "xianhe_00_" },
					{ "time": 1.8667, "name": "xianhe_02_" },
					{ "time": 1.9333, "name": "xianhe_04_" },
					{ "time": 2, "name": "xianhe_06_" },
					{ "time": 2.0667, "name": "xianhe_08_" },
					{ "time": 2.1333, "name": "xianhe_10_" },
					{ "time": 2.2, "name": "xianhe_12_" },
					{ "time": 2.2667, "name": "xianhe_14_" },
					{ "time": 2.3333, "name": "xianhe_16_" },
					{ "time": 2.4, "name": "xianhe_18_" },
					{ "time": 2.4667, "name": "xianhe_20_" },
					{ "time": 2.5667, "name": "xianhe_24_" },
					{ "time": 2.6333, "name": "xianhe_28_" },
					{ "time": 2.7, "name": "xianhe_00_" },
					{ "time": 2.7667, "name": "xianhe_02_" },
					{ "time": 2.8333, "name": "xianhe_04_" },
					{ "time": 2.9, "name": "xianhe_06_" },
					{ "time": 2.9667, "name": "xianhe_08_" },
					{ "time": 3.0333, "name": "xianhe_10_" },
					{ "time": 3.1, "name": "xianhe_12_" },
					{ "time": 3.1667, "name": "xianhe_14_" },
					{ "time": 3.2333, "name": "xianhe_16_" },
					{ "time": 3.3, "name": "xianhe_18_" },
					{ "time": 3.3667, "name": "xianhe_20_" },
					{ "time": 3.4333, "name": "xianhe_24_" },
					{ "time": 3.5, "name": "xianhe_28_" },
					{ "time": 3.5667, "name": "xianhe_00_" },
					{ "time": 3.6333, "name": "xianhe_02_" },
					{ "time": 3.7, "name": "xianhe_04_" },
					{ "time": 3.7667, "name": "xianhe_06_" },
					{ "time": 3.8333, "name": "xianhe_08_" },
					{ "time": 3.9333, "name": "xianhe_10_" },
					{ "time": 4, "name": "xianhe_12_" },
					{ "time": 4.0667, "name": "xianhe_14_" },
					{ "time": 4.1333, "name": "xianhe_16_" },
					{ "time": 4.2, "name": "xianhe_18_" },
					{ "time": 4.2667, "name": "xianhe_20_" },
					{ "time": 4.3333, "name": "xianhe_24_" },
					{ "time": 4.4, "name": "xianhe_28_" },
					{ "time": 4.4667, "name": "xianhe_00_" },
					{ "time": 4.5333, "name": "xianhe_02_" },
					{ "time": 4.6, "name": "xianhe_04_" },
					{ "time": 4.6667, "name": "xianhe_06_" },
					{ "time": 4.7333, "name": "xianhe_08_" },
					{ "time": 4.8, "name": "xianhe_10_" },
					{ "time": 4.8667, "name": "xianhe_12_" },
					{ "time": 4.9333, "name": "xianhe_14_" },
					{ "time": 5, "name": "xianhe_16_" },
					{ "time": 5.0667, "name": "xianhe_18_" },
					{ "time": 5.1333, "name": "xianhe_20_" },
					{ "time": 5.2, "name": "xianhe_24_" },
					{ "time": 5.2667, "name": "xianhe_28_" },
					{ "time": 5.3667, "name": "xianhe_00_" },
					{ "time": 5.4333, "name": "xianhe_02_" },
					{ "time": 5.5, "name": "xianhe_04_" },
					{ "time": 5.5667, "name": "xianhe_06_" },
					{ "time": 5.6333, "name": "xianhe_08_" },
					{ "time": 5.7, "name": "xianhe_10_" },
					{ "time": 5.7667, "name": "xianhe_12_" },
					{ "time": 5.8333, "name": "xianhe_14_" },
					{ "time": 5.9, "name": "xianhe_16_" },
					{ "time": 5.9667, "name": "xianhe_18_" },
					{ "time": 6.0333, "name": "xianhe_20_" },
					{ "time": 6.1, "name": "xianhe_24_" },
					{ "time": 6.1667, "name": "xianhe_28_" },
					{ "time": 6.2333, "name": "xianhe_00_" },
					{ "time": 6.3, "name": "xianhe_02_" },
					{ "time": 6.3667, "name": "xianhe_04_" },
					{ "time": 6.4333, "name": "xianhe_06_" },
					{ "time": 6.5, "name": "xianhe_08_" },
					{ "time": 6.5667, "name": "xianhe_10_" },
					{ "time": 6.6333, "name": "xianhe_12_" },
					{ "time": 6.7333, "name": "xianhe_14_" },
					{ "time": 6.8, "name": "xianhe_16_" },
					{ "time": 6.8667, "name": "xianhe_18_" },
					{ "time": 6.9333, "name": "xianhe_20_" },
					{ "time": 7, "name": "xianhe_24_" },
					{ "time": 7.0667, "name": "xianhe_28_" },
					{ "time": 7.1333, "name": "xianhe_00_" },
					{ "time": 7.2, "name": "xianhe_02_" },
					{ "time": 7.2667, "name": "xianhe_04_" },
					{ "time": 7.3333, "name": "xianhe_06_" },
					{ "time": 7.4, "name": "xianhe_08_" },
					{ "time": 7.4667, "name": "xianhe_10_" },
					{ "time": 7.5333, "name": "xianhe_12_" },
					{ "time": 7.6, "name": "xianhe_14_" },
					{ "time": 7.6667, "name": "xianhe_16_" },
					{ "time": 7.7333, "name": "xianhe_18_" },
					{ "time": 7.8, "name": "xianhe_20_" },
					{ "time": 7.8667, "name": "xianhe_24_" },
					{ "time": 7.9333, "name": "xianhe_28_" },
					{ "time": 8, "name": null }
				]
			},
			"yhc_": {
				"attachment": [
					{ "time": 0, "name": "yhc_00_" },
					{ "time": 0.2667, "name": "yhc_02_" },
					{ "time": 0.5333, "name": "yhc_04_" },
					{ "time": 0.8, "name": "yhc_06_" },
					{ "time": 1.0667, "name": "yhc_08_" },
					{ "time": 1.3333, "name": "yhc_10_" },
					{ "time": 1.6, "name": "yhc_12_" },
					{ "time": 1.8667, "name": "yhc_14_" },
					{ "time": 2.1333, "name": "yhc_16_" },
					{ "time": 2.4, "name": "yhc_18_" },
					{ "time": 2.6667, "name": "yhc_20_" },
					{ "time": 2.9333, "name": "yhc_22_" },
					{ "time": 3.2, "name": "yhc_24_" },
					{ "time": 3.4667, "name": "yhc_26_" },
					{ "time": 3.7333, "name": "yhc_28_" },
					{ "time": 4, "name": "yhc_30_" },
					{ "time": 4.2667, "name": "yhc_32_" },
					{ "time": 4.5333, "name": "yhc_34_" },
					{ "time": 4.8, "name": "yhc_36_" },
					{ "time": 5.0667, "name": "yhc_38_" },
					{ "time": 5.3333, "name": "yhc_40_" },
					{ "time": 5.6, "name": "yhc_42_" },
					{ "time": 5.8667, "name": "yhc_44_" },
					{ "time": 6.1333, "name": "yhc_46_" },
					{ "time": 6.4, "name": "yhc_48_" },
					{ "time": 6.6667, "name": "yhc_50_" },
					{ "time": 6.9333, "name": "yhc_52_" },
					{ "time": 7.2, "name": "yhc_54_" },
					{ "time": 7.4667, "name": "yhc_56_" },
					{ "time": 7.7333, "name": "yhc_58_" },
					{ "time": 8, "name": null }
				]
			},
			"yhc_2": {
				"attachment": [
					{ "time": 0, "name": "yhc_00_" },
					{ "time": 0.2667, "name": "yhc_02_" },
					{ "time": 0.5333, "name": "yhc_04_" },
					{ "time": 0.8, "name": "yhc_06_" },
					{ "time": 1.0667, "name": "yhc_08_" },
					{ "time": 1.3333, "name": "yhc_10_" },
					{ "time": 1.6, "name": "yhc_12_" },
					{ "time": 1.8667, "name": "yhc_14_" },
					{ "time": 2.1333, "name": "yhc_16_" },
					{ "time": 2.4, "name": "yhc_18_" },
					{ "time": 2.6667, "name": "yhc_20_" },
					{ "time": 2.9333, "name": "yhc_22_" },
					{ "time": 3.2, "name": "yhc_24_" },
					{ "time": 3.4667, "name": "yhc_26_" },
					{ "time": 3.7333, "name": "yhc_28_" },
					{ "time": 4, "name": "yhc_30_" },
					{ "time": 4.2667, "name": "yhc_32_" },
					{ "time": 4.5333, "name": "yhc_34_" },
					{ "time": 4.8, "name": "yhc_36_" },
					{ "time": 5.0667, "name": "yhc_38_" },
					{ "time": 5.3333, "name": "yhc_40_" },
					{ "time": 5.6, "name": "yhc_42_" },
					{ "time": 5.8667, "name": "yhc_44_" },
					{ "time": 6.1333, "name": "yhc_46_" },
					{ "time": 6.4, "name": "yhc_48_" },
					{ "time": 6.6667, "name": "yhc_50_" },
					{ "time": 6.9333, "name": "yhc_52_" },
					{ "time": 7.2, "name": "yhc_54_" },
					{ "time": 7.4667, "name": "yhc_56_" },
					{ "time": 7.7333, "name": "yhc_58_" },
					{ "time": 8, "name": null }
				]
			}
		},
		"bones": {
			"cloud02_": {
				"translate": [
					{ "time": 0, "x": -8.08, "y": 0 },
					{ "time": 0.9667, "x": 0, "y": 0 },
					{ "time": 1, "x": -66.63, "y": 0 },
					{ "time": 8, "x": -8.08, "y": 0 }
				]
			},
			"cloud01_": {
				"translate": [
					{ "time": 0, "x": -14.81, "y": 0 },
					{ "time": 7.9667, "x": 30.96, "y": 0 },
					{ "time": 8, "x": -14.81, "y": 0 }
				]
			},
			"tree01_ly": {
				"translate": [
					{ "time": 0, "x": 237.67, "y": -375.31 }
				]
			},
			"tree02_luoye": {
				"translate": [
					{ "time": 0, "x": 346.06, "y": -417.86 }
				]
			},
			"tree03_luoye": {
				"translate": [
					{ "time": 0, "x": 461.61, "y": -313.22 }
				]
			},
			"tree04_luoye": {
				"translate": [
					{ "time": 0, "x": 279.98, "y": -326.93 }
				]
			},
			"yhc_": {
				"translate": [
					{ "time": 0, "x": 388.11, "y": -409.15 }
				]
			},
			"yhc_2": {
				"translate": [
					{ "time": 0, "x": 388.11, "y": -409.15 }
				]
			},
			"xianhe_1": {
				"translate": [
					{ "time": 0, "x": 614.18, "y": -139.85 },
					{ "time": 8, "x": 9.1, "y": -415.65 }
				]
			},
			"xianhe_2": {
				"translate": [
					{ "time": 0, "x": 614.18, "y": -139.85 },
					{ "time": 8, "x": 9.1, "y": -415.65 }
				]
			},
			"xianhe_3": {
				"translate": [
					{ "time": 0, "x": 614.18, "y": -139.85 },
					{ "time": 8, "x": 9.1, "y": -415.65 }
				]
			},
			"xianhe_4": {
				"translate": [
					{ "time": 0, "x": 614.18, "y": -139.85 },
					{ "time": 8, "x": 9.1, "y": -415.65 }
				]
			},
			"xianhe_5": {
				"translate": [
					{ "time": 0, "x": 614.18, "y": -139.85 },
					{ "time": 8, "x": 9.1, "y": -415.65 }
				]
			}
		}
	}
}
}