{
"skeleton": { "hash": "WKy8jEKNKyyluDA2ger5jWZ0E7s", "spine": "3.7.94", "width": 0, "height": 0 },
"bones": [
	{ "name": "root" },
	{ "name": "walk_2", "parent": "root" },
	{ "name": "walk_3", "parent": "root" },
	{ "name": "walk_4", "parent": "root" },
	{ "name": "walk_5", "parent": "root" },
	{ "name": "walk_6", "parent": "root" },
	{ "name": "dj_2", "parent": "walk_2" },
	{ "name": "dj_3", "parent": "walk_3" },
	{ "name": "dj_4", "parent": "walk_4" },
	{ "name": "dj_5", "parent": "walk_5" },
	{ "name": "dj_6", "parent": "walk_6" },
	{ "name": "dj_7", "parent": "walk_2" },
	{ "name": "dj_8", "parent": "walk_3" },
	{ "name": "dj_9", "parent": "walk_4" },
	{ "name": "dj_10", "parent": "walk_5" },
	{ "name": "dj_11", "parent": "walk_6" },
	{ "name": "yz_0_2", "parent": "walk_2", "x": 0.01, "y": 0.53 },
	{ "name": "yz_0_3", "parent": "walk_3", "x": 0.01, "y": 0.53 },
	{ "name": "yz_0_4", "parent": "walk_4", "x": 0.01, "y": 0.53 },
	{ "name": "yz_0_5", "parent": "walk_5", "x": 0.01, "y": 0.53 },
	{ "name": "yz_0_6", "parent": "walk_6", "x": 0.01, "y": 0.53 },
	{ "name": "yz_0_7", "parent": "walk_2", "x": 0.01, "y": 0.53 },
	{ "name": "yz_0_8", "parent": "walk_2", "x": 0.01, "y": 0.53 },
	{ "name": "yz_0_9", "parent": "walk_3", "x": 0.01, "y": 0.53 },
	{ "name": "yz_0_10", "parent": "walk_3", "x": 0.01, "y": 0.53 },
	{ "name": "yz_0_11", "parent": "walk_4", "x": 0.01, "y": 0.53 },
	{ "name": "yz_0_12", "parent": "walk_4", "x": 0.01, "y": 0.53 },
	{ "name": "yz_0_13", "parent": "walk_5", "x": 0.01, "y": 0.53 },
	{ "name": "yz_0_14", "parent": "walk_5", "x": 0.01, "y": 0.53 },
	{ "name": "yz_0_15", "parent": "walk_6", "x": 0.01, "y": 0.53 },
	{ "name": "yz_0_16", "parent": "walk_6", "x": 0.01, "y": 0.53 }
],
"slots": [
	{ "name": "yz_0_2", "bone": "yz_0_2" },
	{ "name": "yz_0_7", "bone": "yz_0_7" },
	{ "name": "yz_0_8", "bone": "yz_0_8" },
	{ "name": "yz_0_3", "bone": "yz_0_3" },
	{ "name": "yz_0_9", "bone": "yz_0_9" },
	{ "name": "yz_0_10", "bone": "yz_0_10" },
	{ "name": "yz_0_4", "bone": "yz_0_4" },
	{ "name": "yz_0_11", "bone": "yz_0_11" },
	{ "name": "yz_0_12", "bone": "yz_0_12" },
	{ "name": "yz_0_5", "bone": "yz_0_5" },
	{ "name": "yz_0_13", "bone": "yz_0_13" },
	{ "name": "yz_0_14", "bone": "yz_0_14" },
	{ "name": "yz_0_6", "bone": "yz_0_6" },
	{ "name": "yz_0_15", "bone": "yz_0_15" },
	{ "name": "yz_0_16", "bone": "yz_0_16" },
	{ "name": "Dj_xz_2_0_", "bone": "dj_2" },
	{ "name": "Dj_xz_2_0_2", "bone": "dj_7" },
	{ "name": "Dj_xz_2_1_", "bone": "dj_2" },
	{ "name": "Dj_xz_2_1_2", "bone": "dj_7" },
	{ "name": "Dj_xz_2_2_", "bone": "dj_2" },
	{ "name": "Dj_xz_2_2_2", "bone": "dj_7" },
	{ "name": "Dj_xz_2_3_", "bone": "dj_2" },
	{ "name": "Dj_xz_2_3_2", "bone": "dj_7" },
	{ "name": "Dj_xz_2_4_", "bone": "dj_2" },
	{ "name": "Dj_xz_2_4_2", "bone": "dj_7" },
	{ "name": "Dj_xz_2_5_", "bone": "dj_2" },
	{ "name": "Dj_xz_2_5_2", "bone": "dj_7" },
	{ "name": "Dj_xz_2_6_", "bone": "dj_2" },
	{ "name": "Dj_xz_2_6_2", "bone": "dj_7" },
	{ "name": "Dj_xz_2_7_", "bone": "dj_2" },
	{ "name": "Dj_xz_2_7_2", "bone": "dj_7" },
	{ "name": "Dj_xz_2_8_", "bone": "dj_2" },
	{ "name": "Dj_xz_2_8_2", "bone": "dj_7" },
	{ "name": "Dj_xz_3_0_", "bone": "dj_3" },
	{ "name": "Dj_xz_3_0_2", "bone": "dj_8" },
	{ "name": "Dj_xz_3_1_", "bone": "dj_3" },
	{ "name": "Dj_xz_3_1_2", "bone": "dj_8" },
	{ "name": "Dj_xz_3_2_", "bone": "dj_3" },
	{ "name": "Dj_xz_3_2_2", "bone": "dj_8" },
	{ "name": "Dj_xz_3_3_", "bone": "dj_3" },
	{ "name": "Dj_xz_3_3_2", "bone": "dj_8" },
	{ "name": "Dj_xz_3_4_", "bone": "dj_3" },
	{ "name": "Dj_xz_3_4_2", "bone": "dj_8" },
	{ "name": "Dj_xz_3_5_", "bone": "dj_3" },
	{ "name": "Dj_xz_3_5_2", "bone": "dj_8" },
	{ "name": "Dj_xz_3_6_", "bone": "dj_3" },
	{ "name": "Dj_xz_3_6_2", "bone": "dj_8" },
	{ "name": "Dj_xz_3_7_", "bone": "dj_3" },
	{ "name": "Dj_xz_3_7_2", "bone": "dj_8" },
	{ "name": "Dj_xz_3_8_", "bone": "dj_3" },
	{ "name": "Dj_xz_3_8_2", "bone": "dj_8" },
	{ "name": "Dj_xz_4_0_", "bone": "dj_4" },
	{ "name": "Dj_xz_4_0_2", "bone": "dj_9" },
	{ "name": "Dj_xz_4_1_", "bone": "dj_4" },
	{ "name": "Dj_xz_4_1_2", "bone": "dj_9" },
	{ "name": "Dj_xz_4_2_", "bone": "dj_4" },
	{ "name": "Dj_xz_4_2_2", "bone": "dj_9" },
	{ "name": "Dj_xz_4_3_", "bone": "dj_4" },
	{ "name": "Dj_xz_4_3_2", "bone": "dj_9" },
	{ "name": "Dj_xz_4_4_", "bone": "dj_4" },
	{ "name": "Dj_xz_4_4_2", "bone": "dj_9" },
	{ "name": "Dj_xz_4_5_", "bone": "dj_4" },
	{ "name": "Dj_xz_4_5_2", "bone": "dj_9" },
	{ "name": "Dj_xz_4_6_", "bone": "dj_4" },
	{ "name": "Dj_xz_4_6_2", "bone": "dj_9" },
	{ "name": "Dj_xz_4_7_", "bone": "dj_4" },
	{ "name": "Dj_xz_4_7_2", "bone": "dj_9" },
	{ "name": "Dj_xz_4_8_", "bone": "dj_4" },
	{ "name": "Dj_xz_4_8_2", "bone": "dj_9" },
	{ "name": "Dj_xz_5_0_", "bone": "dj_5" },
	{ "name": "Dj_xz_5_0_2", "bone": "dj_10" },
	{ "name": "Dj_xz_5_1_", "bone": "dj_5" },
	{ "name": "Dj_xz_5_1_2", "bone": "dj_10" },
	{ "name": "Dj_xz_5_2_", "bone": "dj_5" },
	{ "name": "Dj_xz_5_2_2", "bone": "dj_10" },
	{ "name": "Dj_xz_5_3_", "bone": "dj_5" },
	{ "name": "Dj_xz_5_3_2", "bone": "dj_10" },
	{ "name": "Dj_xz_5_4_", "bone": "dj_5" },
	{ "name": "Dj_xz_5_4_2", "bone": "dj_10" },
	{ "name": "Dj_xz_5_5_", "bone": "dj_5" },
	{ "name": "Dj_xz_5_5_2", "bone": "dj_10" },
	{ "name": "Dj_xz_5_6_", "bone": "dj_5" },
	{ "name": "Dj_xz_5_6_2", "bone": "dj_10" },
	{ "name": "Dj_xz_5_7_", "bone": "dj_5" },
	{ "name": "Dj_xz_5_7_2", "bone": "dj_10" },
	{ "name": "Dj_xz_5_8_", "bone": "dj_5" },
	{ "name": "Dj_xz_5_8_2", "bone": "dj_10" },
	{ "name": "Dj_xz_6_0_", "bone": "dj_6" },
	{ "name": "Dj_xz_6_0_2", "bone": "dj_11" },
	{ "name": "Dj_xz_6_1_", "bone": "dj_6" },
	{ "name": "Dj_xz_6_1_2", "bone": "dj_11" },
	{ "name": "Dj_xz_6_2_", "bone": "dj_6" },
	{ "name": "Dj_xz_6_2_2", "bone": "dj_11" },
	{ "name": "Dj_xz_6_3_", "bone": "dj_6" },
	{ "name": "Dj_xz_6_3_2", "bone": "dj_11" },
	{ "name": "Dj_xz_6_4_", "bone": "dj_6" },
	{ "name": "Dj_xz_6_4_2", "bone": "dj_11" },
	{ "name": "Dj_xz_6_5_", "bone": "dj_6" },
	{ "name": "Dj_xz_6_5_2", "bone": "dj_11" },
	{ "name": "Dj_xz_6_6_", "bone": "dj_6" },
	{ "name": "Dj_xz_6_6_2", "bone": "dj_11" },
	{ "name": "Dj_xz_6_7_", "bone": "dj_6" },
	{ "name": "Dj_xz_6_7_2", "bone": "dj_11" },
	{ "name": "Dj_xz_6_8_", "bone": "dj_6" },
	{ "name": "Dj_xz_6_8_2", "bone": "dj_11" },
	{ "name": "Gj_xz_2_0_", "bone": "walk_2" },
	{ "name": "Gj_xz_2_1_", "bone": "walk_2" },
	{ "name": "Gj_xz_2_2_", "bone": "walk_2" },
	{ "name": "Gj_xz_2_3_", "bone": "walk_2" },
	{ "name": "Gj_xz_2_4_", "bone": "walk_2" },
	{ "name": "Gj_xz_2_5_", "bone": "walk_2" },
	{ "name": "Gj_xz_2_6_", "bone": "walk_2" },
	{ "name": "Gj_xz_3_0_", "bone": "walk_3" },
	{ "name": "Gj_xz_3_1_", "bone": "walk_3" },
	{ "name": "Gj_xz_3_2_", "bone": "walk_3" },
	{ "name": "Gj_xz_3_3_", "bone": "walk_3" },
	{ "name": "Gj_xz_3_4_", "bone": "walk_3" },
	{ "name": "Gj_xz_3_5_", "bone": "walk_3" },
	{ "name": "Gj_xz_3_6_", "bone": "walk_3" },
	{ "name": "Gj_xz_4_0_", "bone": "walk_4" },
	{ "name": "Gj_xz_4_1_", "bone": "walk_4" },
	{ "name": "Gj_xz_4_2_", "bone": "walk_4" },
	{ "name": "Gj_xz_4_3_", "bone": "walk_4" },
	{ "name": "Gj_xz_4_4_", "bone": "walk_4" },
	{ "name": "Gj_xz_4_5_", "bone": "walk_4" },
	{ "name": "Gj_xz_4_6_", "bone": "walk_4" },
	{ "name": "Gj_xz_5_0_", "bone": "walk_5" },
	{ "name": "Gj_xz_5_1_", "bone": "walk_5" },
	{ "name": "Gj_xz_5_2_", "bone": "walk_5" },
	{ "name": "Gj_xz_5_3_", "bone": "walk_5" },
	{ "name": "Gj_xz_5_4_", "bone": "walk_5" },
	{ "name": "Gj_xz_5_5_", "bone": "walk_5" },
	{ "name": "Gj_xz_5_6_", "bone": "walk_5" },
	{ "name": "Gj_xz_6_0_", "bone": "walk_6" },
	{ "name": "Gj_xz_6_1_", "bone": "walk_6" },
	{ "name": "Gj_xz_6_2_", "bone": "walk_6" },
	{ "name": "Gj_xz_6_3_", "bone": "walk_6" },
	{ "name": "Gj_xz_6_4_", "bone": "walk_6" },
	{ "name": "Gj_xz_6_5_", "bone": "walk_6" },
	{ "name": "Gj_xz_6_6_", "bone": "walk_6" }
],
"skins": {
	"default": {
		"Dj_xz_2_0_": {
			"Dj_xz_2_0_": { "width": 250, "height": 250 }
		},
		"Dj_xz_2_0_2": {
			"Dj_xz_2_0_": { "width": 250, "height": 250 }
		},
		"Dj_xz_2_1_": {
			"Dj_xz_2_1_": { "width": 250, "height": 250 }
		},
		"Dj_xz_2_1_2": {
			"Dj_xz_2_1_": { "width": 250, "height": 250 }
		},
		"Dj_xz_2_2_": {
			"Dj_xz_2_2_": { "width": 250, "height": 250 }
		},
		"Dj_xz_2_2_2": {
			"Dj_xz_2_2_": { "width": 250, "height": 250 }
		},
		"Dj_xz_2_3_": {
			"Dj_xz_2_3_": { "width": 250, "height": 250 }
		},
		"Dj_xz_2_3_2": {
			"Dj_xz_2_3_": { "width": 250, "height": 250 }
		},
		"Dj_xz_2_4_": {
			"Dj_xz_2_4_": { "width": 250, "height": 250 }
		},
		"Dj_xz_2_4_2": {
			"Dj_xz_2_4_": { "width": 250, "height": 250 }
		},
		"Dj_xz_2_5_": {
			"Dj_xz_2_5_": { "width": 250, "height": 250 }
		},
		"Dj_xz_2_5_2": {
			"Dj_xz_2_5_": { "width": 250, "height": 250 }
		},
		"Dj_xz_2_6_": {
			"Dj_xz_2_6_": { "width": 250, "height": 250 }
		},
		"Dj_xz_2_6_2": {
			"Dj_xz_2_6_": { "width": 250, "height": 250 }
		},
		"Dj_xz_2_7_": {
			"Dj_xz_2_7_": { "width": 250, "height": 250 }
		},
		"Dj_xz_2_7_2": {
			"Dj_xz_2_7_": { "width": 250, "height": 250 }
		},
		"Dj_xz_2_8_": {
			"Dj_xz_2_8_": { "width": 250, "height": 250 }
		},
		"Dj_xz_2_8_2": {
			"Dj_xz_2_8_": { "width": 250, "height": 250 }
		},
		"Dj_xz_3_0_": {
			"Dj_xz_3_0_": { "width": 250, "height": 250 }
		},
		"Dj_xz_3_0_2": {
			"Dj_xz_3_0_": { "width": 250, "height": 250 }
		},
		"Dj_xz_3_1_": {
			"Dj_xz_3_1_": { "width": 250, "height": 250 }
		},
		"Dj_xz_3_1_2": {
			"Dj_xz_3_1_": { "width": 250, "height": 250 }
		},
		"Dj_xz_3_2_": {
			"Dj_xz_3_2_": { "width": 250, "height": 250 }
		},
		"Dj_xz_3_2_2": {
			"Dj_xz_3_2_": { "width": 250, "height": 250 }
		},
		"Dj_xz_3_3_": {
			"Dj_xz_3_3_": { "width": 250, "height": 250 }
		},
		"Dj_xz_3_3_2": {
			"Dj_xz_3_3_": { "width": 250, "height": 250 }
		},
		"Dj_xz_3_4_": {
			"Dj_xz_3_4_": { "width": 250, "height": 250 }
		},
		"Dj_xz_3_4_2": {
			"Dj_xz_3_4_": { "width": 250, "height": 250 }
		},
		"Dj_xz_3_5_": {
			"Dj_xz_3_5_": { "width": 250, "height": 250 }
		},
		"Dj_xz_3_5_2": {
			"Dj_xz_3_5_": { "width": 250, "height": 250 }
		},
		"Dj_xz_3_6_": {
			"Dj_xz_3_6_": { "width": 250, "height": 250 }
		},
		"Dj_xz_3_6_2": {
			"Dj_xz_3_6_": { "width": 250, "height": 250 }
		},
		"Dj_xz_3_7_": {
			"Dj_xz_3_7_": { "width": 250, "height": 250 }
		},
		"Dj_xz_3_7_2": {
			"Dj_xz_3_7_": { "width": 250, "height": 250 }
		},
		"Dj_xz_3_8_": {
			"Dj_xz_3_8_": { "width": 250, "height": 250 }
		},
		"Dj_xz_3_8_2": {
			"Dj_xz_3_8_": { "width": 250, "height": 250 }
		},
		"Dj_xz_4_0_": {
			"Dj_xz_4_0_": { "width": 250, "height": 250 }
		},
		"Dj_xz_4_0_2": {
			"Dj_xz_4_0_": { "width": 250, "height": 250 }
		},
		"Dj_xz_4_1_": {
			"Dj_xz_4_1_": { "width": 250, "height": 250 }
		},
		"Dj_xz_4_1_2": {
			"Dj_xz_4_1_": { "width": 250, "height": 250 }
		},
		"Dj_xz_4_2_": {
			"Dj_xz_4_2_": { "width": 250, "height": 250 }
		},
		"Dj_xz_4_2_2": {
			"Dj_xz_4_2_": { "width": 250, "height": 250 }
		},
		"Dj_xz_4_3_": {
			"Dj_xz_4_3_": { "width": 250, "height": 250 }
		},
		"Dj_xz_4_3_2": {
			"Dj_xz_4_3_": { "width": 250, "height": 250 }
		},
		"Dj_xz_4_4_": {
			"Dj_xz_4_4_": { "width": 250, "height": 250 }
		},
		"Dj_xz_4_4_2": {
			"Dj_xz_4_4_": { "width": 250, "height": 250 }
		},
		"Dj_xz_4_5_": {
			"Dj_xz_4_5_": { "width": 250, "height": 250 }
		},
		"Dj_xz_4_5_2": {
			"Dj_xz_4_5_": { "width": 250, "height": 250 }
		},
		"Dj_xz_4_6_": {
			"Dj_xz_4_6_": { "width": 250, "height": 250 }
		},
		"Dj_xz_4_6_2": {
			"Dj_xz_4_6_": { "width": 250, "height": 250 }
		},
		"Dj_xz_4_7_": {
			"Dj_xz_4_7_": { "width": 250, "height": 250 }
		},
		"Dj_xz_4_7_2": {
			"Dj_xz_4_7_": { "width": 250, "height": 250 }
		},
		"Dj_xz_4_8_": {
			"Dj_xz_4_8_": { "width": 250, "height": 250 }
		},
		"Dj_xz_4_8_2": {
			"Dj_xz_4_8_": { "width": 250, "height": 250 }
		},
		"Dj_xz_5_0_": {
			"Dj_xz_5_0_": { "width": 250, "height": 250 }
		},
		"Dj_xz_5_0_2": {
			"Dj_xz_5_0_": { "width": 250, "height": 250 }
		},
		"Dj_xz_5_1_": {
			"Dj_xz_5_1_": { "width": 250, "height": 250 }
		},
		"Dj_xz_5_1_2": {
			"Dj_xz_5_1_": { "width": 250, "height": 250 }
		},
		"Dj_xz_5_2_": {
			"Dj_xz_5_2_": { "width": 250, "height": 250 }
		},
		"Dj_xz_5_2_2": {
			"Dj_xz_5_2_": { "width": 250, "height": 250 }
		},
		"Dj_xz_5_3_": {
			"Dj_xz_5_3_": { "width": 250, "height": 250 }
		},
		"Dj_xz_5_3_2": {
			"Dj_xz_5_3_": { "width": 250, "height": 250 }
		},
		"Dj_xz_5_4_": {
			"Dj_xz_5_4_": { "width": 250, "height": 250 }
		},
		"Dj_xz_5_4_2": {
			"Dj_xz_5_4_": { "width": 250, "height": 250 }
		},
		"Dj_xz_5_5_": {
			"Dj_xz_5_5_": { "width": 250, "height": 250 }
		},
		"Dj_xz_5_5_2": {
			"Dj_xz_5_5_": { "width": 250, "height": 250 }
		},
		"Dj_xz_5_6_": {
			"Dj_xz_5_6_": { "width": 250, "height": 250 }
		},
		"Dj_xz_5_6_2": {
			"Dj_xz_5_6_": { "width": 250, "height": 250 }
		},
		"Dj_xz_5_7_": {
			"Dj_xz_5_7_": { "width": 250, "height": 250 }
		},
		"Dj_xz_5_7_2": {
			"Dj_xz_5_7_": { "width": 250, "height": 250 }
		},
		"Dj_xz_5_8_": {
			"Dj_xz_5_8_": { "width": 250, "height": 250 }
		},
		"Dj_xz_5_8_2": {
			"Dj_xz_5_8_": { "width": 250, "height": 250 }
		},
		"Dj_xz_6_0_": {
			"Dj_xz_6_0_": { "width": 250, "height": 250 }
		},
		"Dj_xz_6_0_2": {
			"Dj_xz_6_0_": { "width": 250, "height": 250 }
		},
		"Dj_xz_6_1_": {
			"Dj_xz_6_1_": { "width": 250, "height": 250 }
		},
		"Dj_xz_6_1_2": {
			"Dj_xz_6_1_": { "width": 250, "height": 250 }
		},
		"Dj_xz_6_2_": {
			"Dj_xz_6_2_": { "width": 250, "height": 250 }
		},
		"Dj_xz_6_2_2": {
			"Dj_xz_6_2_": { "width": 250, "height": 250 }
		},
		"Dj_xz_6_3_": {
			"Dj_xz_6_3_": { "width": 250, "height": 250 }
		},
		"Dj_xz_6_3_2": {
			"Dj_xz_6_3_": { "width": 250, "height": 250 }
		},
		"Dj_xz_6_4_": {
			"Dj_xz_6_4_": { "width": 250, "height": 250 }
		},
		"Dj_xz_6_4_2": {
			"Dj_xz_6_4_": { "width": 250, "height": 250 }
		},
		"Dj_xz_6_5_": {
			"Dj_xz_6_5_": { "width": 250, "height": 250 }
		},
		"Dj_xz_6_5_2": {
			"Dj_xz_6_5_": { "width": 250, "height": 250 }
		},
		"Dj_xz_6_6_": {
			"Dj_xz_6_6_": { "width": 250, "height": 250 }
		},
		"Dj_xz_6_6_2": {
			"Dj_xz_6_6_": { "width": 250, "height": 250 }
		},
		"Dj_xz_6_7_": {
			"Dj_xz_6_7_": { "width": 250, "height": 250 }
		},
		"Dj_xz_6_7_2": {
			"Dj_xz_6_7_": { "width": 250, "height": 250 }
		},
		"Dj_xz_6_8_": {
			"Dj_xz_6_8_": { "width": 250, "height": 250 }
		},
		"Dj_xz_6_8_2": {
			"Dj_xz_6_8_": { "width": 250, "height": 250 }
		},
		"Gj_xz_2_0_": {
			"Gj_xz_2_0_": { "width": 600, "height": 600 }
		},
		"Gj_xz_2_1_": {
			"Gj_xz_2_1_": { "width": 600, "height": 600 }
		},
		"Gj_xz_2_2_": {
			"Gj_xz_2_2_": { "width": 600, "height": 600 }
		},
		"Gj_xz_2_3_": {
			"Gj_xz_2_3_": { "width": 600, "height": 600 }
		},
		"Gj_xz_2_4_": {
			"Gj_xz_2_4_": { "width": 600, "height": 600 }
		},
		"Gj_xz_2_5_": {
			"Gj_xz_2_5_": { "width": 600, "height": 600 }
		},
		"Gj_xz_2_6_": {
			"Gj_xz_2_6_": { "width": 600, "height": 600 }
		},
		"Gj_xz_3_0_": {
			"Gj_xz_3_0_": { "width": 600, "height": 600 }
		},
		"Gj_xz_3_1_": {
			"Gj_xz_3_1_": { "width": 600, "height": 600 }
		},
		"Gj_xz_3_2_": {
			"Gj_xz_3_2_": { "width": 600, "height": 600 }
		},
		"Gj_xz_3_3_": {
			"Gj_xz_3_3_": { "width": 600, "height": 600 }
		},
		"Gj_xz_3_4_": {
			"Gj_xz_3_4_": { "width": 600, "height": 600 }
		},
		"Gj_xz_3_5_": {
			"Gj_xz_3_5_": { "width": 600, "height": 600 }
		},
		"Gj_xz_3_6_": {
			"Gj_xz_3_6_": { "width": 600, "height": 600 }
		},
		"Gj_xz_4_0_": {
			"Gj_xz_4_0_": { "width": 600, "height": 600 }
		},
		"Gj_xz_4_1_": {
			"Gj_xz_4_1_": { "width": 600, "height": 600 }
		},
		"Gj_xz_4_2_": {
			"Gj_xz_4_2_": { "width": 600, "height": 600 }
		},
		"Gj_xz_4_3_": {
			"Gj_xz_4_3_": { "width": 600, "height": 600 }
		},
		"Gj_xz_4_4_": {
			"Gj_xz_4_4_": { "width": 600, "height": 600 }
		},
		"Gj_xz_4_5_": {
			"Gj_xz_4_5_": { "width": 600, "height": 600 }
		},
		"Gj_xz_4_6_": {
			"Gj_xz_4_6_": { "width": 600, "height": 600 }
		},
		"Gj_xz_5_0_": {
			"Gj_xz_5_0_": { "width": 600, "height": 600 }
		},
		"Gj_xz_5_1_": {
			"Gj_xz_5_1_": { "width": 600, "height": 600 }
		},
		"Gj_xz_5_2_": {
			"Gj_xz_5_2_": { "width": 600, "height": 600 }
		},
		"Gj_xz_5_3_": {
			"Gj_xz_5_3_": { "width": 600, "height": 600 }
		},
		"Gj_xz_5_4_": {
			"Gj_xz_5_4_": { "width": 600, "height": 600 }
		},
		"Gj_xz_5_5_": {
			"Gj_xz_5_5_": { "width": 600, "height": 600 }
		},
		"Gj_xz_5_6_": {
			"Gj_xz_5_6_": { "width": 600, "height": 600 }
		},
		"Gj_xz_6_0_": {
			"Gj_xz_6_0_": { "width": 600, "height": 600 }
		},
		"Gj_xz_6_1_": {
			"Gj_xz_6_1_": { "width": 600, "height": 600 }
		},
		"Gj_xz_6_2_": {
			"Gj_xz_6_2_": { "width": 600, "height": 600 }
		},
		"Gj_xz_6_3_": {
			"Gj_xz_6_3_": { "width": 600, "height": 600 }
		},
		"Gj_xz_6_4_": {
			"Gj_xz_6_4_": { "width": 600, "height": 600 }
		},
		"Gj_xz_6_5_": {
			"Gj_xz_6_5_": { "width": 600, "height": 600 }
		},
		"Gj_xz_6_6_": {
			"Gj_xz_6_6_": { "width": 600, "height": 600 }
		},
		"yz_0_10": {
			"yz_0_": { "x": 0.49, "y": -0.03, "width": 85, "height": 85 }
		},
		"yz_0_11": {
			"yz_0_": { "x": 0.49, "y": -0.03, "width": 85, "height": 85 }
		},
		"yz_0_12": {
			"yz_0_": { "x": 0.49, "y": -0.03, "width": 85, "height": 85 }
		},
		"yz_0_13": {
			"yz_0_": { "x": 0.49, "y": -0.03, "width": 85, "height": 85 }
		},
		"yz_0_14": {
			"yz_0_": { "x": 0.49, "y": -0.03, "width": 85, "height": 85 }
		},
		"yz_0_15": {
			"yz_0_": { "x": 0.49, "y": -0.03, "width": 85, "height": 85 }
		},
		"yz_0_16": {
			"yz_0_": { "x": 0.49, "y": -0.03, "width": 85, "height": 85 }
		},
		"yz_0_2": {
			"yz_0_": { "x": 0.49, "y": -0.03, "width": 85, "height": 85 }
		},
		"yz_0_3": {
			"yz_0_": { "x": 0.49, "y": -0.03, "width": 85, "height": 85 }
		},
		"yz_0_4": {
			"yz_0_": { "x": 0.49, "y": -0.03, "width": 85, "height": 85 }
		},
		"yz_0_5": {
			"yz_0_": { "x": 0.49, "y": -0.03, "width": 85, "height": 85 }
		},
		"yz_0_6": {
			"yz_0_": { "x": 0.49, "y": -0.03, "width": 85, "height": 85 }
		},
		"yz_0_7": {
			"yz_0_": { "x": 0.49, "y": -0.03, "width": 85, "height": 85 }
		},
		"yz_0_8": {
			"yz_0_": { "x": 0.49, "y": -0.03, "width": 85, "height": 85 }
		},
		"yz_0_9": {
			"yz_0_": { "x": 0.49, "y": -0.03, "width": 85, "height": 85 }
		}
	}
},
"animations": {
	"walk_0": {
		"slots": {
			"Dj_xz_4_0_": {
				"attachment": [
					{ "time": 0, "name": "Dj_xz_4_0_" },
					{ "time": 0.1, "name": null },
					{ "time": 1, "name": "Dj_xz_4_0_" }
				]
			},
			"Dj_xz_4_1_": {
				"attachment": [
					{ "time": 0.1, "name": "Dj_xz_4_1_" },
					{ "time": 0.2333, "name": null }
				]
			},
			"Dj_xz_4_2_": {
				"attachment": [
					{ "time": 0.2333, "name": "Dj_xz_4_2_" },
					{ "time": 0.3333, "name": null }
				]
			},
			"Dj_xz_4_3_": {
				"attachment": [
					{ "time": 0.3333, "name": "Dj_xz_4_3_" },
					{ "time": 0.4333, "name": null }
				]
			},
			"Dj_xz_4_4_": {
				"attachment": [
					{ "time": 0.4333, "name": "Dj_xz_4_4_" },
					{ "time": 0.5667, "name": null }
				]
			},
			"Dj_xz_4_5_": {
				"attachment": [
					{ "time": 0.5667, "name": "Dj_xz_4_5_" },
					{ "time": 0.6667, "name": null }
				]
			},
			"Dj_xz_4_6_": {
				"attachment": [
					{ "time": 0.6667, "name": "Dj_xz_4_6_" },
					{ "time": 0.7667, "name": null }
				]
			},
			"Dj_xz_4_7_": {
				"attachment": [
					{ "time": 0.7667, "name": "Dj_xz_4_7_" },
					{ "time": 0.8667, "name": null }
				]
			},
			"Dj_xz_4_8_": {
				"attachment": [
					{ "time": 0.8667, "name": "Dj_xz_4_8_" },
					{ "time": 1, "name": null }
				]
			},
			"Dj_xz_4_0_2": {
				"attachment": [
					{ "time": 0, "name": "Dj_xz_4_0_" },
					{ "time": 0.1, "name": null },
					{ "time": 1, "name": "Dj_xz_4_0_" }
				]
			},
			"Dj_xz_4_1_2": {
				"attachment": [
					{ "time": 0.1, "name": "Dj_xz_4_1_" },
					{ "time": 0.2333, "name": null }
				]
			},
			"Dj_xz_4_2_2": {
				"attachment": [
					{ "time": 0.2333, "name": "Dj_xz_4_2_" },
					{ "time": 0.3333, "name": null }
				]
			},
			"Dj_xz_4_3_2": {
				"attachment": [
					{ "time": 0.3333, "name": "Dj_xz_4_3_" },
					{ "time": 0.4333, "name": null }
				]
			},
			"Dj_xz_4_4_2": {
				"attachment": [
					{ "time": 0.4333, "name": "Dj_xz_4_4_" },
					{ "time": 0.5667, "name": null }
				]
			},
			"Dj_xz_4_5_2": {
				"attachment": [
					{ "time": 0.5667, "name": "Dj_xz_4_5_" },
					{ "time": 0.6667, "name": null }
				]
			},
			"Dj_xz_4_6_2": {
				"attachment": [
					{ "time": 0.6667, "name": "Dj_xz_4_6_" },
					{ "time": 0.7667, "name": null }
				]
			},
			"Dj_xz_4_7_2": {
				"attachment": [
					{ "time": 0.7667, "name": "Dj_xz_4_7_" },
					{ "time": 0.8667, "name": null }
				]
			},
			"Dj_xz_4_8_2": {
				"attachment": [
					{ "time": 0.8667, "name": "Dj_xz_4_8_" },
					{ "time": 1, "name": null }
				]
			},
			"Gj_xz_4_0_": {
				"attachment": [
					{ "time": 0, "name": "Gj_xz_4_0_" },
					{ "time": 0.1333, "name": null },
					{ "time": 1, "name": "Gj_xz_4_0_" }
				]
			},
			"Gj_xz_4_1_": {
				"attachment": [
					{ "time": 0.1333, "name": "Gj_xz_4_1_" },
					{ "time": 0.3, "name": null }
				]
			},
			"Gj_xz_4_2_": {
				"attachment": [
					{ "time": 0.3, "name": "Gj_xz_4_2_" },
					{ "time": 0.4333, "name": null }
				]
			},
			"Gj_xz_4_3_": {
				"attachment": [
					{ "time": 0.4333, "name": "Gj_xz_4_3_" },
					{ "time": 0.5667, "name": null }
				]
			},
			"Gj_xz_4_4_": {
				"attachment": [
					{ "time": 0.5667, "name": "Gj_xz_4_4_" },
					{ "time": 0.7, "name": null }
				]
			},
			"Gj_xz_4_5_": {
				"attachment": [
					{ "time": 0.7, "name": "Gj_xz_4_5_" },
					{ "time": 0.8667, "name": null }
				]
			},
			"Gj_xz_4_6_": {
				"attachment": [
					{ "time": 0.8667, "name": "Gj_xz_4_6_" },
					{ "time": 1, "name": null }
				]
			},
			"yz_0_4": {
				"color": [
					{ "time": 0, "color": "ffffffad" }
				],
				"attachment": [
					{ "time": 0, "name": "yz_0_" }
				]
			},
			"yz_0_11": {
				"color": [
					{ "time": 0, "color": "ffffffad" }
				],
				"attachment": [
					{ "time": 0, "name": "yz_0_" }
				]
			},
			"yz_0_12": {
				"color": [
					{ "time": 0, "color": "ffffffad" }
				],
				"attachment": [
					{ "time": 0, "name": "yz_0_" }
				]
			}
		},
		"bones": {
			"walk_4": {
				"translate": [
					{ "time": 0, "x": -78.32, "y": 0 }
				],
				"scale": [
					{ "time": 0, "x": -1, "y": 1 }
				]
			},
			"dj_4": {
				"translate": [
					{ "time": 0, "x": -152.11, "y": 10.04 }
				]
			},
			"dj_9": {
				"translate": [
					{ "time": 0, "x": -152.11, "y": -47.19 }
				]
			},
			"yz_0_4": {
				"rotate": [
					{ "time": 0, "angle": 8.82 }
				],
				"translate": [
					{ "time": 0, "x": -21.25, "y": -14.45 }
				],
				"scale": [
					{ "time": 0, "x": 1.8, "y": 1 }
				]
			},
			"yz_0_11": {
				"translate": [
					{ "time": 0, "x": -153, "y": 9.35 }
				],
				"scale": [
					{ "time": 0, "x": 0.5, "y": 1 }
				]
			},
			"yz_0_12": {
				"rotate": [
					{ "time": 0, "angle": -83.49 }
				],
				"translate": [
					{ "time": 0, "x": -153, "y": -47.6 }
				],
				"scale": [
					{ "time": 0, "x": 0.5, "y": 1 }
				]
			}
		}
	},
	"walk_1": {
		"slots": {
			"Dj_xz_3_0_": {
				"attachment": [
					{ "time": 0, "name": "Dj_xz_3_0_" },
					{ "time": 0.1, "name": null },
					{ "time": 1, "name": "Dj_xz_3_0_" }
				]
			},
			"Dj_xz_3_1_": {
				"attachment": [
					{ "time": 0.1, "name": "Dj_xz_3_1_" },
					{ "time": 0.2333, "name": null }
				]
			},
			"Dj_xz_3_2_": {
				"attachment": [
					{ "time": 0.2333, "name": "Dj_xz_3_2_" },
					{ "time": 0.3333, "name": null }
				]
			},
			"Dj_xz_3_3_": {
				"attachment": [
					{ "time": 0.3333, "name": "Dj_xz_3_3_" },
					{ "time": 0.4333, "name": null }
				]
			},
			"Dj_xz_3_4_": {
				"attachment": [
					{ "time": 0.4333, "name": "Dj_xz_3_4_" },
					{ "time": 0.5667, "name": null }
				]
			},
			"Dj_xz_3_5_": {
				"attachment": [
					{ "time": 0.5667, "name": "Dj_xz_3_5_" },
					{ "time": 0.6667, "name": null }
				]
			},
			"Dj_xz_3_6_": {
				"attachment": [
					{ "time": 0.6667, "name": "Dj_xz_3_6_" },
					{ "time": 0.7667, "name": null }
				]
			},
			"Dj_xz_3_7_": {
				"attachment": [
					{ "time": 0.7667, "name": "Dj_xz_3_7_" },
					{ "time": 0.8667, "name": null }
				]
			},
			"Dj_xz_3_8_": {
				"attachment": [
					{ "time": 0.8667, "name": "Dj_xz_3_8_" },
					{ "time": 1, "name": null }
				]
			},
			"Dj_xz_3_0_2": {
				"attachment": [
					{ "time": 0, "name": "Dj_xz_3_0_" },
					{ "time": 0.1, "name": null },
					{ "time": 1, "name": "Dj_xz_3_0_" }
				]
			},
			"Dj_xz_3_1_2": {
				"attachment": [
					{ "time": 0.1, "name": "Dj_xz_3_1_" },
					{ "time": 0.2333, "name": null }
				]
			},
			"Dj_xz_3_2_2": {
				"attachment": [
					{ "time": 0.2333, "name": "Dj_xz_3_2_" },
					{ "time": 0.3333, "name": null }
				]
			},
			"Dj_xz_3_3_2": {
				"attachment": [
					{ "time": 0.3333, "name": "Dj_xz_3_3_" },
					{ "time": 0.4333, "name": null }
				]
			},
			"Dj_xz_3_4_2": {
				"attachment": [
					{ "time": 0.4333, "name": "Dj_xz_3_4_" },
					{ "time": 0.5667, "name": null }
				]
			},
			"Dj_xz_3_5_2": {
				"attachment": [
					{ "time": 0.5667, "name": "Dj_xz_3_5_" },
					{ "time": 0.6667, "name": null }
				]
			},
			"Dj_xz_3_6_2": {
				"attachment": [
					{ "time": 0.6667, "name": "Dj_xz_3_6_" },
					{ "time": 0.7667, "name": null }
				]
			},
			"Dj_xz_3_7_2": {
				"attachment": [
					{ "time": 0.7667, "name": "Dj_xz_3_7_" },
					{ "time": 0.8667, "name": null }
				]
			},
			"Dj_xz_3_8_2": {
				"attachment": [
					{ "time": 0.8667, "name": "Dj_xz_3_8_" },
					{ "time": 1, "name": null }
				]
			},
			"Gj_xz_3_0_": {
				"attachment": [
					{ "time": 0, "name": "Gj_xz_3_0_" },
					{ "time": 0.1333, "name": null },
					{ "time": 1, "name": "Gj_xz_3_0_" }
				]
			},
			"Gj_xz_3_1_": {
				"attachment": [
					{ "time": 0.1333, "name": "Gj_xz_3_1_" },
					{ "time": 0.2667, "name": null }
				]
			},
			"Gj_xz_3_2_": {
				"attachment": [
					{ "time": 0.2667, "name": "Gj_xz_3_2_" },
					{ "time": 0.4333, "name": null }
				]
			},
			"Gj_xz_3_3_": {
				"attachment": [
					{ "time": 0.4333, "name": "Gj_xz_3_3_" },
					{ "time": 0.5667, "name": null }
				]
			},
			"Gj_xz_3_4_": {
				"attachment": [
					{ "time": 0.5667, "name": "Gj_xz_3_4_" },
					{ "time": 0.7333, "name": null }
				]
			},
			"Gj_xz_3_5_": {
				"attachment": [
					{ "time": 0.7333, "name": "Gj_xz_3_5_" },
					{ "time": 0.8667, "name": null }
				]
			},
			"Gj_xz_3_6_": {
				"attachment": [
					{ "time": 0.8667, "name": "Gj_xz_3_6_" },
					{ "time": 1, "name": null }
				]
			},
			"yz_0_3": {
				"color": [
					{ "time": 0, "color": "ffffffc1" }
				],
				"attachment": [
					{ "time": 0, "name": "yz_0_" }
				]
			},
			"yz_0_9": {
				"color": [
					{ "time": 0, "color": "ffffffa1" }
				],
				"attachment": [
					{ "time": 0, "name": "yz_0_" }
				]
			},
			"yz_0_10": {
				"color": [
					{ "time": 0, "color": "ffffff9f" }
				],
				"attachment": [
					{ "time": 0, "name": "yz_0_" }
				]
			}
		},
		"bones": {
			"walk_3": {
				"translate": [
					{ "time": 0, "x": -46.39, "y": -42.17 }
				],
				"scale": [
					{ "time": 0, "x": -1, "y": 1 }
				]
			},
			"dj_3": {
				"translate": [
					{ "time": 0, "x": -121.46, "y": 44.76 }
				]
			},
			"dj_8": {
				"translate": [
					{ "time": 0, "x": -60.21, "y": 83.92 }
				]
			},
			"yz_0_3": {
				"translate": [
					{ "time": 0, "x": -11.9, "y": -8.5 }
				]
			},
			"yz_0_9": {
				"rotate": [
					{ "time": 0, "angle": 59.15 }
				],
				"translate": [
					{ "time": 0, "x": -119.85, "y": 40.8 }
				],
				"scale": [
					{ "time": 0, "x": 0.5, "y": 1 }
				]
			},
			"yz_0_10": {
				"rotate": [
					{ "time": 0, "angle": 56.8 }
				],
				"translate": [
					{ "time": 0, "x": -60.35, "y": 86.7 }
				],
				"scale": [
					{ "time": 0, "x": 0.5, "y": 1 }
				]
			}
		}
	},
	"walk_2": {
		"slots": {
			"Dj_xz_2_0_": {
				"attachment": [
					{ "time": 0, "name": "Dj_xz_2_0_" },
					{ "time": 0.1, "name": null },
					{ "time": 1, "name": "Dj_xz_2_0_" }
				]
			},
			"Dj_xz_2_1_": {
				"attachment": [
					{ "time": 0.1, "name": "Dj_xz_2_1_" },
					{ "time": 0.2333, "name": null }
				]
			},
			"Dj_xz_2_2_": {
				"attachment": [
					{ "time": 0.2333, "name": "Dj_xz_2_2_" },
					{ "time": 0.3333, "name": null }
				]
			},
			"Dj_xz_2_3_": {
				"attachment": [
					{ "time": 0.3333, "name": "Dj_xz_2_3_" },
					{ "time": 0.4333, "name": null }
				]
			},
			"Dj_xz_2_4_": {
				"attachment": [
					{ "time": 0.4333, "name": "Dj_xz_2_4_" },
					{ "time": 0.5667, "name": null }
				]
			},
			"Dj_xz_2_5_": {
				"attachment": [
					{ "time": 0.5667, "name": "Dj_xz_2_5_" },
					{ "time": 0.6667, "name": null }
				]
			},
			"Dj_xz_2_6_": {
				"attachment": [
					{ "time": 0.6667, "name": "Dj_xz_2_6_" },
					{ "time": 0.7667, "name": null }
				]
			},
			"Dj_xz_2_7_": {
				"attachment": [
					{ "time": 0.7667, "name": "Dj_xz_2_7_" },
					{ "time": 0.9, "name": null }
				]
			},
			"Dj_xz_2_8_": {
				"attachment": [
					{ "time": 0.9, "name": "Dj_xz_2_8_" },
					{ "time": 1, "name": null }
				]
			},
			"Dj_xz_2_0_2": {
				"attachment": [
					{ "time": 0, "name": "Dj_xz_2_0_" },
					{ "time": 0.1, "name": null },
					{ "time": 1, "name": "Dj_xz_2_0_" }
				]
			},
			"Dj_xz_2_1_2": {
				"attachment": [
					{ "time": 0.1, "name": "Dj_xz_2_1_" },
					{ "time": 0.2333, "name": null }
				]
			},
			"Dj_xz_2_2_2": {
				"attachment": [
					{ "time": 0.2333, "name": "Dj_xz_2_2_" },
					{ "time": 0.3333, "name": null }
				]
			},
			"Dj_xz_2_3_2": {
				"attachment": [
					{ "time": 0.3333, "name": "Dj_xz_2_3_" },
					{ "time": 0.4333, "name": null }
				]
			},
			"Dj_xz_2_4_2": {
				"attachment": [
					{ "time": 0.4333, "name": "Dj_xz_2_4_" },
					{ "time": 0.5667, "name": null }
				]
			},
			"Dj_xz_2_5_2": {
				"attachment": [
					{ "time": 0.5667, "name": "Dj_xz_2_5_" },
					{ "time": 0.6667, "name": null }
				]
			},
			"Dj_xz_2_6_2": {
				"attachment": [
					{ "time": 0.6667, "name": "Dj_xz_2_6_" },
					{ "time": 0.7667, "name": null }
				]
			},
			"Dj_xz_2_7_2": {
				"attachment": [
					{ "time": 0.7667, "name": "Dj_xz_2_7_" },
					{ "time": 0.8667, "name": null }
				]
			},
			"Dj_xz_2_8_2": {
				"attachment": [
					{ "time": 0.8667, "name": "Dj_xz_2_8_" },
					{ "time": 1, "name": null }
				]
			},
			"Gj_xz_2_0_": {
				"attachment": [
					{ "time": 0, "name": "Gj_xz_2_0_" },
					{ "time": 0.1333, "name": null },
					{ "time": 1, "name": "Gj_xz_2_0_" }
				]
			},
			"Gj_xz_2_1_": {
				"attachment": [
					{ "time": 0.1333, "name": "Gj_xz_2_1_" },
					{ "time": 0.2667, "name": null }
				]
			},
			"Gj_xz_2_2_": {
				"attachment": [
					{ "time": 0.2667, "name": "Gj_xz_2_2_" },
					{ "time": 0.4333, "name": null }
				]
			},
			"Gj_xz_2_3_": {
				"attachment": [
					{ "time": 0.4333, "name": "Gj_xz_2_3_" },
					{ "time": 0.5667, "name": null }
				]
			},
			"Gj_xz_2_4_": {
				"attachment": [
					{ "time": 0.5667, "name": "Gj_xz_2_4_" },
					{ "time": 0.7333, "name": null }
				]
			},
			"Gj_xz_2_5_": {
				"attachment": [
					{ "time": 0.7333, "name": "Gj_xz_2_5_" },
					{ "time": 0.8667, "name": null }
				]
			},
			"Gj_xz_2_6_": {
				"attachment": [
					{ "time": 0.8667, "name": "Gj_xz_2_6_" },
					{ "time": 1, "name": null }
				]
			},
			"yz_0_2": {
				"color": [
					{ "time": 0, "color": "ffffffd3" }
				],
				"attachment": [
					{ "time": 0, "name": "yz_0_" }
				]
			},
			"yz_0_7": {
				"color": [
					{ "time": 0, "color": "ffffffd3" }
				],
				"attachment": [
					{ "time": 0, "name": "yz_0_" }
				]
			},
			"yz_0_8": {
				"color": [
					{ "time": 0, "color": "ffffffd3" }
				],
				"attachment": [
					{ "time": 0, "name": "yz_0_" }
				]
			}
		},
		"bones": {
			"dj_2": {
				"translate": [
					{ "time": 0, "x": -23.13, "y": 99.09 }
				]
			},
			"walk_2": {
				"translate": [
					{ "time": 0, "x": 0, "y": -43 }
				]
			},
			"dj_7": {
				"translate": [
					{ "time": 0, "x": 21.06, "y": 99.09 }
				]
			},
			"yz_0_2": {
				"translate": [
					{ "time": 0, "x": 0, "y": 10.96 }
				],
				"scale": [
					{ "time": 0, "x": 0.5, "y": 1 }
				]
			},
			"yz_0_7": {
				"translate": [
					{ "time": 0, "x": -23.55, "y": 109.66 }
				],
				"scale": [
					{ "time": 0, "x": 0.5, "y": 1 }
				]
			},
			"yz_0_8": {
				"translate": [
					{ "time": 0, "x": 22.82, "y": 109.66 }
				],
				"scale": [
					{ "time": 0, "x": 0.5, "y": 1 }
				]
			}
		}
	},
	"walk_3": {
		"slots": {
			"Dj_xz_3_0_": {
				"attachment": [
					{ "time": 0, "name": "Dj_xz_3_0_" },
					{ "time": 0.1, "name": null },
					{ "time": 1, "name": "Dj_xz_3_0_" }
				]
			},
			"Dj_xz_3_1_": {
				"attachment": [
					{ "time": 0.1, "name": "Dj_xz_3_1_" },
					{ "time": 0.2333, "name": null }
				]
			},
			"Dj_xz_3_2_": {
				"attachment": [
					{ "time": 0.2333, "name": "Dj_xz_3_2_" },
					{ "time": 0.3333, "name": null }
				]
			},
			"Dj_xz_3_3_": {
				"attachment": [
					{ "time": 0.3333, "name": "Dj_xz_3_3_" },
					{ "time": 0.4333, "name": null }
				]
			},
			"Dj_xz_3_4_": {
				"attachment": [
					{ "time": 0.4333, "name": "Dj_xz_3_4_" },
					{ "time": 0.5667, "name": null }
				]
			},
			"Dj_xz_3_5_": {
				"attachment": [
					{ "time": 0.5667, "name": "Dj_xz_3_5_" },
					{ "time": 0.6667, "name": null }
				]
			},
			"Dj_xz_3_6_": {
				"attachment": [
					{ "time": 0.6667, "name": "Dj_xz_3_6_" },
					{ "time": 0.7667, "name": null }
				]
			},
			"Dj_xz_3_7_": {
				"attachment": [
					{ "time": 0.7667, "name": "Dj_xz_3_7_" },
					{ "time": 0.8667, "name": null }
				]
			},
			"Dj_xz_3_8_": {
				"attachment": [
					{ "time": 0.8667, "name": "Dj_xz_3_8_" },
					{ "time": 1, "name": null }
				]
			},
			"Dj_xz_3_0_2": {
				"attachment": [
					{ "time": 0, "name": "Dj_xz_3_0_" },
					{ "time": 0.1, "name": null },
					{ "time": 1, "name": "Dj_xz_3_0_" }
				]
			},
			"Dj_xz_3_1_2": {
				"attachment": [
					{ "time": 0.1, "name": "Dj_xz_3_1_" },
					{ "time": 0.2333, "name": null }
				]
			},
			"Dj_xz_3_2_2": {
				"attachment": [
					{ "time": 0.2333, "name": "Dj_xz_3_2_" },
					{ "time": 0.3333, "name": null }
				]
			},
			"Dj_xz_3_3_2": {
				"attachment": [
					{ "time": 0.3333, "name": "Dj_xz_3_3_" },
					{ "time": 0.4333, "name": null }
				]
			},
			"Dj_xz_3_4_2": {
				"attachment": [
					{ "time": 0.4333, "name": "Dj_xz_3_4_" },
					{ "time": 0.5667, "name": null }
				]
			},
			"Dj_xz_3_5_2": {
				"attachment": [
					{ "time": 0.5667, "name": "Dj_xz_3_5_" },
					{ "time": 0.6667, "name": null }
				]
			},
			"Dj_xz_3_6_2": {
				"attachment": [
					{ "time": 0.6667, "name": "Dj_xz_3_6_" },
					{ "time": 0.7667, "name": null }
				]
			},
			"Dj_xz_3_7_2": {
				"attachment": [
					{ "time": 0.7667, "name": "Dj_xz_3_7_" },
					{ "time": 0.8667, "name": null }
				]
			},
			"Dj_xz_3_8_2": {
				"attachment": [
					{ "time": 0.8667, "name": "Dj_xz_3_8_" },
					{ "time": 1, "name": null }
				]
			},
			"Gj_xz_3_0_": {
				"attachment": [
					{ "time": 0, "name": "Gj_xz_3_0_" },
					{ "time": 0.1333, "name": null },
					{ "time": 1, "name": "Gj_xz_3_0_" }
				]
			},
			"Gj_xz_3_1_": {
				"attachment": [
					{ "time": 0.1333, "name": "Gj_xz_3_1_" },
					{ "time": 0.2667, "name": null }
				]
			},
			"Gj_xz_3_2_": {
				"attachment": [
					{ "time": 0.2667, "name": "Gj_xz_3_2_" },
					{ "time": 0.4333, "name": null }
				]
			},
			"Gj_xz_3_3_": {
				"attachment": [
					{ "time": 0.4333, "name": "Gj_xz_3_3_" },
					{ "time": 0.5667, "name": null }
				]
			},
			"Gj_xz_3_4_": {
				"attachment": [
					{ "time": 0.5667, "name": "Gj_xz_3_4_" },
					{ "time": 0.7333, "name": null }
				]
			},
			"Gj_xz_3_5_": {
				"attachment": [
					{ "time": 0.7333, "name": "Gj_xz_3_5_" },
					{ "time": 0.8667, "name": null }
				]
			},
			"Gj_xz_3_6_": {
				"attachment": [
					{ "time": 0.8667, "name": "Gj_xz_3_6_" },
					{ "time": 1, "name": null }
				]
			},
			"yz_0_3": {
				"color": [
					{ "time": 0, "color": "ffffffc1" }
				],
				"attachment": [
					{ "time": 0, "name": "yz_0_" }
				]
			},
			"yz_0_9": {
				"color": [
					{ "time": 0, "color": "ffffffa1" }
				],
				"attachment": [
					{ "time": 0, "name": "yz_0_" }
				]
			},
			"yz_0_10": {
				"color": [
					{ "time": 0, "color": "ffffff9f" }
				],
				"attachment": [
					{ "time": 0, "name": "yz_0_" }
				]
			}
		},
		"bones": {
			"walk_3": {
				"translate": [
					{ "time": 0, "x": 41.16, "y": -42.17 }
				]
			},
			"dj_3": {
				"translate": [
					{ "time": 0, "x": -117.21, "y": 37.11 }
				]
			},
			"dj_8": {
				"translate": [
					{ "time": 0, "x": -55.96, "y": 76.27 }
				]
			},
			"yz_0_3": {
				"translate": [
					{ "time": 0, "x": -11.9, "y": -8.5 }
				]
			},
			"yz_0_9": {
				"rotate": [
					{ "time": 0, "angle": 59.15 }
				],
				"translate": [
					{ "time": 0, "x": -115.6, "y": 33.15 }
				],
				"scale": [
					{ "time": 0, "x": 0.5, "y": 1 }
				]
			},
			"yz_0_10": {
				"rotate": [
					{ "time": 0, "angle": 56.8 }
				],
				"translate": [
					{ "time": 0, "x": -56.1, "y": 79.05 }
				],
				"scale": [
					{ "time": 0, "x": 0.5, "y": 1 }
				]
			}
		}
	},
	"walk_4": {
		"slots": {
			"Dj_xz_4_0_": {
				"attachment": [
					{ "time": 0, "name": "Dj_xz_4_0_" },
					{ "time": 0.1, "name": null },
					{ "time": 1, "name": "Dj_xz_4_0_" }
				]
			},
			"Dj_xz_4_1_": {
				"attachment": [
					{ "time": 0.1, "name": "Dj_xz_4_1_" },
					{ "time": 0.2333, "name": null }
				]
			},
			"Dj_xz_4_2_": {
				"attachment": [
					{ "time": 0.2333, "name": "Dj_xz_4_2_" },
					{ "time": 0.3333, "name": null }
				]
			},
			"Dj_xz_4_3_": {
				"attachment": [
					{ "time": 0.3333, "name": "Dj_xz_4_3_" },
					{ "time": 0.4333, "name": null }
				]
			},
			"Dj_xz_4_4_": {
				"attachment": [
					{ "time": 0.4333, "name": "Dj_xz_4_4_" },
					{ "time": 0.5667, "name": null }
				]
			},
			"Dj_xz_4_5_": {
				"attachment": [
					{ "time": 0.5667, "name": "Dj_xz_4_5_" },
					{ "time": 0.6667, "name": null }
				]
			},
			"Dj_xz_4_6_": {
				"attachment": [
					{ "time": 0.6667, "name": "Dj_xz_4_6_" },
					{ "time": 0.7667, "name": null }
				]
			},
			"Dj_xz_4_7_": {
				"attachment": [
					{ "time": 0.7667, "name": "Dj_xz_4_7_" },
					{ "time": 0.8667, "name": null }
				]
			},
			"Dj_xz_4_8_": {
				"attachment": [
					{ "time": 0.8667, "name": "Dj_xz_4_8_" },
					{ "time": 1, "name": null }
				]
			},
			"Dj_xz_4_0_2": {
				"attachment": [
					{ "time": 0, "name": "Dj_xz_4_0_" },
					{ "time": 0.1, "name": null },
					{ "time": 1, "name": "Dj_xz_4_0_" }
				]
			},
			"Dj_xz_4_1_2": {
				"attachment": [
					{ "time": 0.1, "name": "Dj_xz_4_1_" },
					{ "time": 0.2333, "name": null }
				]
			},
			"Dj_xz_4_2_2": {
				"attachment": [
					{ "time": 0.2333, "name": "Dj_xz_4_2_" },
					{ "time": 0.3333, "name": null }
				]
			},
			"Dj_xz_4_3_2": {
				"attachment": [
					{ "time": 0.3333, "name": "Dj_xz_4_3_" },
					{ "time": 0.4333, "name": null }
				]
			},
			"Dj_xz_4_4_2": {
				"attachment": [
					{ "time": 0.4333, "name": "Dj_xz_4_4_" },
					{ "time": 0.5667, "name": null }
				]
			},
			"Dj_xz_4_5_2": {
				"attachment": [
					{ "time": 0.5667, "name": "Dj_xz_4_5_" },
					{ "time": 0.6667, "name": null }
				]
			},
			"Dj_xz_4_6_2": {
				"attachment": [
					{ "time": 0.6667, "name": "Dj_xz_4_6_" },
					{ "time": 0.7667, "name": null }
				]
			},
			"Dj_xz_4_7_2": {
				"attachment": [
					{ "time": 0.7667, "name": "Dj_xz_4_7_" },
					{ "time": 0.8667, "name": null }
				]
			},
			"Dj_xz_4_8_2": {
				"attachment": [
					{ "time": 0.8667, "name": "Dj_xz_4_8_" },
					{ "time": 1, "name": null }
				]
			},
			"Gj_xz_4_0_": {
				"attachment": [
					{ "time": 0, "name": "Gj_xz_4_0_" },
					{ "time": 0.1333, "name": null },
					{ "time": 1, "name": "Gj_xz_4_0_" }
				]
			},
			"Gj_xz_4_1_": {
				"attachment": [
					{ "time": 0.1333, "name": "Gj_xz_4_1_" },
					{ "time": 0.3, "name": null }
				]
			},
			"Gj_xz_4_2_": {
				"attachment": [
					{ "time": 0.3, "name": "Gj_xz_4_2_" },
					{ "time": 0.4333, "name": null }
				]
			},
			"Gj_xz_4_3_": {
				"attachment": [
					{ "time": 0.4333, "name": "Gj_xz_4_3_" },
					{ "time": 0.5667, "name": null }
				]
			},
			"Gj_xz_4_4_": {
				"attachment": [
					{ "time": 0.5667, "name": "Gj_xz_4_4_" },
					{ "time": 0.7, "name": null }
				]
			},
			"Gj_xz_4_5_": {
				"attachment": [
					{ "time": 0.7, "name": "Gj_xz_4_5_" },
					{ "time": 0.8667, "name": null }
				]
			},
			"Gj_xz_4_6_": {
				"attachment": [
					{ "time": 0.8667, "name": "Gj_xz_4_6_" },
					{ "time": 1, "name": null }
				]
			},
			"yz_0_4": {
				"color": [
					{ "time": 0, "color": "ffffffad" }
				],
				"attachment": [
					{ "time": 0, "name": "yz_0_" }
				]
			},
			"yz_0_11": {
				"color": [
					{ "time": 0, "color": "ffffffad" }
				],
				"attachment": [
					{ "time": 0, "name": "yz_0_" }
				]
			},
			"yz_0_12": {
				"color": [
					{ "time": 0, "color": "ffffffad" }
				],
				"attachment": [
					{ "time": 0, "name": "yz_0_" }
				]
			}
		},
		"bones": {
			"walk_4": {
				"translate": [
					{ "time": 0, "x": 77.23, "y": 0 }
				]
			},
			"dj_4": {
				"translate": [
					{ "time": 0, "x": -152.11, "y": 10.04 }
				]
			},
			"dj_9": {
				"translate": [
					{ "time": 0, "x": -152.11, "y": -47.19 }
				]
			},
			"yz_0_4": {
				"rotate": [
					{ "time": 0, "angle": 8.82 }
				],
				"translate": [
					{ "time": 0, "x": -21.25, "y": -14.45 }
				],
				"scale": [
					{ "time": 0, "x": 1.8, "y": 1 }
				]
			},
			"yz_0_11": {
				"translate": [
					{ "time": 0, "x": -153, "y": 9.35 }
				],
				"scale": [
					{ "time": 0, "x": 0.5, "y": 1 }
				]
			},
			"yz_0_12": {
				"rotate": [
					{ "time": 0, "angle": -83.49 }
				],
				"translate": [
					{ "time": 0, "x": -153, "y": -47.6 }
				],
				"scale": [
					{ "time": 0, "x": 0.5, "y": 1 }
				]
			}
		}
	},
	"walk_5": {
		"slots": {
			"Dj_xz_5_0_": {
				"attachment": [
					{ "time": 0, "name": "Dj_xz_5_0_" },
					{ "time": 0.1, "name": null },
					{ "time": 1, "name": "Dj_xz_5_0_" }
				]
			},
			"Dj_xz_5_1_": {
				"attachment": [
					{ "time": 0.1, "name": "Dj_xz_5_1_" },
					{ "time": 0.2333, "name": null }
				]
			},
			"Dj_xz_5_2_": {
				"attachment": [
					{ "time": 0.2333, "name": "Dj_xz_5_2_" },
					{ "time": 0.3333, "name": null }
				]
			},
			"Dj_xz_5_3_": {
				"attachment": [
					{ "time": 0.3333, "name": "Dj_xz_5_3_" },
					{ "time": 0.4333, "name": null }
				]
			},
			"Dj_xz_5_4_": {
				"attachment": [
					{ "time": 0.4333, "name": "Dj_xz_5_4_" },
					{ "time": 0.5667, "name": null }
				]
			},
			"Dj_xz_5_5_": {
				"attachment": [
					{ "time": 0.5667, "name": "Dj_xz_5_5_" },
					{ "time": 0.6667, "name": null }
				]
			},
			"Dj_xz_5_6_": {
				"attachment": [
					{ "time": 0.6667, "name": "Dj_xz_5_6_" },
					{ "time": 0.7667, "name": null }
				]
			},
			"Dj_xz_5_7_": {
				"attachment": [
					{ "time": 0.7667, "name": "Dj_xz_5_7_" },
					{ "time": 0.8667, "name": null }
				]
			},
			"Dj_xz_5_8_": {
				"attachment": [
					{ "time": 0.8667, "name": "Dj_xz_5_8_" },
					{ "time": 1, "name": null }
				]
			},
			"Dj_xz_5_0_2": {
				"attachment": [
					{ "time": 0, "name": "Dj_xz_5_0_" },
					{ "time": 0.1, "name": null },
					{ "time": 1, "name": "Dj_xz_5_0_" }
				]
			},
			"Dj_xz_5_1_2": {
				"attachment": [
					{ "time": 0.1, "name": "Dj_xz_5_1_" },
					{ "time": 0.2333, "name": null }
				]
			},
			"Dj_xz_5_2_2": {
				"attachment": [
					{ "time": 0.2333, "name": "Dj_xz_5_2_" },
					{ "time": 0.3333, "name": null }
				]
			},
			"Dj_xz_5_3_2": {
				"attachment": [
					{ "time": 0.3333, "name": "Dj_xz_5_3_" },
					{ "time": 0.4333, "name": null }
				]
			},
			"Dj_xz_5_4_2": {
				"attachment": [
					{ "time": 0.4333, "name": "Dj_xz_5_4_" },
					{ "time": 0.5667, "name": null }
				]
			},
			"Dj_xz_5_5_2": {
				"attachment": [
					{ "time": 0.5667, "name": "Dj_xz_5_5_" },
					{ "time": 0.6667, "name": null }
				]
			},
			"Dj_xz_5_6_2": {
				"attachment": [
					{ "time": 0.6667, "name": "Dj_xz_5_6_" },
					{ "time": 0.7667, "name": null }
				]
			},
			"Dj_xz_5_7_2": {
				"attachment": [
					{ "time": 0.7667, "name": "Dj_xz_5_7_" },
					{ "time": 0.8667, "name": null }
				]
			},
			"Dj_xz_5_8_2": {
				"attachment": [
					{ "time": 0.8667, "name": "Dj_xz_5_8_" },
					{ "time": 1, "name": null }
				]
			},
			"Gj_xz_5_0_": {
				"attachment": [
					{ "time": 0, "name": "Gj_xz_5_0_" },
					{ "time": 0.1333, "name": null },
					{ "time": 1, "name": "Gj_xz_5_0_" }
				]
			},
			"Gj_xz_5_1_": {
				"attachment": [
					{ "time": 0.1333, "name": "Gj_xz_5_1_" },
					{ "time": 0.3, "name": null }
				]
			},
			"Gj_xz_5_2_": {
				"attachment": [
					{ "time": 0.3, "name": "Gj_xz_5_2_" },
					{ "time": 0.4333, "name": null }
				]
			},
			"Gj_xz_5_3_": {
				"attachment": [
					{ "time": 0.4333, "name": "Gj_xz_5_3_" },
					{ "time": 0.5667, "name": null }
				]
			},
			"Gj_xz_5_4_": {
				"attachment": [
					{ "time": 0.5667, "name": "Gj_xz_5_4_" },
					{ "time": 0.7, "name": null }
				]
			},
			"Gj_xz_5_5_": {
				"attachment": [
					{ "time": 0.7, "name": "Gj_xz_5_5_" },
					{ "time": 0.8667, "name": null }
				]
			},
			"Gj_xz_5_6_": {
				"attachment": [
					{ "time": 0.8667, "name": "Gj_xz_5_6_" },
					{ "time": 1, "name": null }
				]
			},
			"yz_0_5": {
				"color": [
					{ "time": 0, "color": "ffffff9b" }
				],
				"attachment": [
					{ "time": 0, "name": "yz_0_" }
				]
			},
			"yz_0_13": {
				"color": [
					{ "time": 0, "color": "ffffff9b" }
				],
				"attachment": [
					{ "time": 0, "name": "yz_0_" }
				]
			},
			"yz_0_14": {
				"color": [
					{ "time": 0, "color": "ffffff9b" }
				],
				"attachment": [
					{ "time": 0, "name": "yz_0_" }
				]
			}
		},
		"bones": {
			"walk_5": {
				"translate": [
					{ "time": 0, "x": 42.37, "y": 64.21 }
				]
			},
			"dj_5": {
				"translate": [
					{ "time": 0, "x": -109.23, "y": -99.3 }
				]
			},
			"dj_10": {
				"translate": [
					{ "time": 0, "x": -51.64, "y": -133.06 }
				]
			},
			"yz_0_14": {
				"rotate": [
					{ "time": 0, "angle": -53.56 }
				],
				"translate": [
					{ "time": 0, "x": -53.55, "y": -124.1 }
				],
				"scale": [
					{ "time": 0, "x": 0.5, "y": 1 }
				]
			},
			"yz_0_13": {
				"rotate": [
					{ "time": 0, "angle": -40.74 }
				],
				"translate": [
					{ "time": 0, "x": -98.6, "y": -85.85 }
				],
				"scale": [
					{ "time": 0, "x": 0.5, "y": 1 }
				]
			},
			"yz_0_5": {
				"rotate": [
					{ "time": 0, "angle": 42.3 }
				],
				"translate": [
					{ "time": 0, "x": -19.55, "y": -26.35 }
				],
				"scale": [
					{ "time": 0, "x": 1.5, "y": 1 }
				]
			}
		}
	},
	"walk_6": {
		"slots": {
			"Dj_xz_6_0_": {
				"attachment": [
					{ "time": 0, "name": "Dj_xz_6_0_" },
					{ "time": 0.1, "name": null },
					{ "time": 1, "name": "Dj_xz_6_0_" }
				]
			},
			"Dj_xz_6_1_": {
				"attachment": [
					{ "time": 0.1, "name": "Dj_xz_6_1_" },
					{ "time": 0.2333, "name": null }
				]
			},
			"Dj_xz_6_2_": {
				"attachment": [
					{ "time": 0.2333, "name": "Dj_xz_6_2_" },
					{ "time": 0.3333, "name": null }
				]
			},
			"Dj_xz_6_3_": {
				"attachment": [
					{ "time": 0.3333, "name": "Dj_xz_6_3_" },
					{ "time": 0.4333, "name": null }
				]
			},
			"Dj_xz_6_4_": {
				"attachment": [
					{ "time": 0.4333, "name": "Dj_xz_6_4_" },
					{ "time": 0.5667, "name": null }
				]
			},
			"Dj_xz_6_5_": {
				"attachment": [
					{ "time": 0.5667, "name": "Dj_xz_6_5_" },
					{ "time": 0.6667, "name": null }
				]
			},
			"Dj_xz_6_6_": {
				"attachment": [
					{ "time": 0.6667, "name": "Dj_xz_6_6_" },
					{ "time": 0.7667, "name": null }
				]
			},
			"Dj_xz_6_7_": {
				"attachment": [
					{ "time": 0.7667, "name": "Dj_xz_6_7_" },
					{ "time": 0.9, "name": null }
				]
			},
			"Dj_xz_6_8_": {
				"attachment": [
					{ "time": 0.9, "name": "Dj_xz_6_8_" },
					{ "time": 1, "name": null }
				]
			},
			"Dj_xz_6_0_2": {
				"attachment": [
					{ "time": 0, "name": "Dj_xz_6_0_" },
					{ "time": 0.1, "name": null },
					{ "time": 1, "name": "Dj_xz_6_0_" }
				]
			},
			"Dj_xz_6_1_2": {
				"attachment": [
					{ "time": 0.1, "name": "Dj_xz_6_1_" },
					{ "time": 0.2333, "name": null }
				]
			},
			"Dj_xz_6_2_2": {
				"attachment": [
					{ "time": 0.2333, "name": "Dj_xz_6_2_" },
					{ "time": 0.3333, "name": null }
				]
			},
			"Dj_xz_6_3_2": {
				"attachment": [
					{ "time": 0.3333, "name": "Dj_xz_6_3_" },
					{ "time": 0.4333, "name": null }
				]
			},
			"Dj_xz_6_4_2": {
				"attachment": [
					{ "time": 0.4333, "name": "Dj_xz_6_4_" },
					{ "time": 0.5667, "name": null }
				]
			},
			"Dj_xz_6_5_2": {
				"attachment": [
					{ "time": 0.5667, "name": "Dj_xz_6_5_" },
					{ "time": 0.6667, "name": null }
				]
			},
			"Dj_xz_6_6_2": {
				"attachment": [
					{ "time": 0.6667, "name": "Dj_xz_6_6_" },
					{ "time": 0.7667, "name": null }
				]
			},
			"Dj_xz_6_7_2": {
				"attachment": [
					{ "time": 0.7667, "name": "Dj_xz_6_7_" },
					{ "time": 0.9, "name": null }
				]
			},
			"Dj_xz_6_8_2": {
				"attachment": [
					{ "time": 0.9, "name": "Dj_xz_6_8_" },
					{ "time": 1, "name": null }
				]
			},
			"Gj_xz_6_0_": {
				"attachment": [
					{ "time": 0, "name": "Gj_xz_6_0_" },
					{ "time": 0.1333, "name": null },
					{ "time": 1, "name": "Gj_xz_6_0_" }
				]
			},
			"Gj_xz_6_1_": {
				"attachment": [
					{ "time": 0.1333, "name": "Gj_xz_6_1_" },
					{ "time": 0.3, "name": null }
				]
			},
			"Gj_xz_6_2_": {
				"attachment": [
					{ "time": 0.3, "name": "Gj_xz_6_2_" },
					{ "time": 0.4333, "name": null }
				]
			},
			"Gj_xz_6_3_": {
				"attachment": [
					{ "time": 0.4333, "name": "Gj_xz_6_3_" },
					{ "time": 0.5667, "name": null }
				]
			},
			"Gj_xz_6_4_": {
				"attachment": [
					{ "time": 0.5667, "name": "Gj_xz_6_4_" },
					{ "time": 0.7, "name": null }
				]
			},
			"Gj_xz_6_5_": {
				"attachment": [
					{ "time": 0.7, "name": "Gj_xz_6_5_" },
					{ "time": 0.8667, "name": null }
				]
			},
			"Gj_xz_6_6_": {
				"attachment": [
					{ "time": 0.8667, "name": "Gj_xz_6_6_" },
					{ "time": 1, "name": null }
				]
			},
			"yz_0_2": {
				"color": [
					{ "time": 0, "color": "ffffffc2" }
				]
			},
			"yz_0_6": {
				"color": [
					{ "time": 0, "color": "ffffffb5" }
				],
				"attachment": [
					{ "time": 0, "name": "yz_0_" }
				]
			},
			"yz_0_7": {
				"color": [
					{ "time": 0, "color": "ffffffc2" }
				]
			},
			"yz_0_8": {
				"color": [
					{ "time": 0, "color": "ffffffc2" }
				]
			},
			"yz_0_15": {
				"color": [
					{ "time": 0, "color": "ffffffb5" }
				],
				"attachment": [
					{ "time": 0, "name": "yz_0_" }
				]
			},
			"yz_0_16": {
				"color": [
					{ "time": 0, "color": "ffffffb5" }
				],
				"attachment": [
					{ "time": 0, "name": "yz_0_" }
				]
			}
		},
		"bones": {
			"walk_6": {
				"translate": [
					{ "time": 0, "x": 0, "y": 97.35 }
				]
			},
			"dj_6": {
				"translate": [
					{ "time": 0, "x": -42.1, "y": -147.9 }
				]
			},
			"dj_11": {
				"translate": [
					{ "time": 0, "x": 42.97, "y": -147.9 }
				]
			},
			"yz_0_2": {
				"translate": [
					{ "time": 0, "x": 0, "y": 57.52 }
				],
				"scale": [
					{ "time": 0, "x": 1, "y": 2 }
				]
			},
			"yz_0_7": {
				"translate": [
					{ "time": 0, "x": 0, "y": 57.52 }
				],
				"scale": [
					{ "time": 0, "x": 1, "y": 2 }
				]
			},
			"yz_0_8": {
				"translate": [
					{ "time": 0, "x": 0, "y": 57.52 }
				],
				"scale": [
					{ "time": 0, "x": 1, "y": 2 }
				]
			},
			"yz_0_6": {
				"translate": [
					{ "time": 0, "x": 0, "y": -33.15 }
				],
				"scale": [
					{ "time": 0, "x": 1, "y": 1.5 }
				]
			},
			"yz_0_16": {
				"translate": [
					{ "time": 0, "x": 42.5, "y": -138.55 }
				],
				"scale": [
					{ "time": 0, "x": 0.5, "y": 1 }
				]
			},
			"yz_0_15": {
				"translate": [
					{ "time": 0, "x": -43.35, "y": -132.6 }
				],
				"scale": [
					{ "time": 0, "x": 0.5, "y": 1 }
				]
			}
		}
	},
	"walk_7": {
		"slots": {
			"Dj_xz_5_0_": {
				"attachment": [
					{ "time": 0, "name": "Dj_xz_5_0_" },
					{ "time": 0.1, "name": null },
					{ "time": 1, "name": "Dj_xz_5_0_" }
				]
			},
			"Dj_xz_5_1_": {
				"attachment": [
					{ "time": 0.1, "name": "Dj_xz_5_1_" },
					{ "time": 0.2333, "name": null }
				]
			},
			"Dj_xz_5_2_": {
				"attachment": [
					{ "time": 0.2333, "name": "Dj_xz_5_2_" },
					{ "time": 0.3333, "name": null }
				]
			},
			"Dj_xz_5_3_": {
				"attachment": [
					{ "time": 0.3333, "name": "Dj_xz_5_3_" },
					{ "time": 0.4333, "name": null }
				]
			},
			"Dj_xz_5_4_": {
				"attachment": [
					{ "time": 0.4333, "name": "Dj_xz_5_4_" },
					{ "time": 0.5667, "name": null }
				]
			},
			"Dj_xz_5_5_": {
				"attachment": [
					{ "time": 0.5667, "name": "Dj_xz_5_5_" },
					{ "time": 0.6667, "name": null }
				]
			},
			"Dj_xz_5_6_": {
				"attachment": [
					{ "time": 0.6667, "name": "Dj_xz_5_6_" },
					{ "time": 0.7667, "name": null }
				]
			},
			"Dj_xz_5_7_": {
				"attachment": [
					{ "time": 0.7667, "name": "Dj_xz_5_7_" },
					{ "time": 0.8667, "name": null }
				]
			},
			"Dj_xz_5_8_": {
				"attachment": [
					{ "time": 0.8667, "name": "Dj_xz_5_8_" },
					{ "time": 1, "name": null }
				]
			},
			"Dj_xz_5_0_2": {
				"attachment": [
					{ "time": 0, "name": "Dj_xz_5_0_" },
					{ "time": 0.1, "name": null },
					{ "time": 1, "name": "Dj_xz_5_0_" }
				]
			},
			"Dj_xz_5_1_2": {
				"attachment": [
					{ "time": 0.1, "name": "Dj_xz_5_1_" },
					{ "time": 0.2333, "name": null }
				]
			},
			"Dj_xz_5_2_2": {
				"attachment": [
					{ "time": 0.2333, "name": "Dj_xz_5_2_" },
					{ "time": 0.3333, "name": null }
				]
			},
			"Dj_xz_5_3_2": {
				"attachment": [
					{ "time": 0.3333, "name": "Dj_xz_5_3_" },
					{ "time": 0.4333, "name": null }
				]
			},
			"Dj_xz_5_4_2": {
				"attachment": [
					{ "time": 0.4333, "name": "Dj_xz_5_4_" },
					{ "time": 0.5667, "name": null }
				]
			},
			"Dj_xz_5_5_2": {
				"attachment": [
					{ "time": 0.5667, "name": "Dj_xz_5_5_" },
					{ "time": 0.6667, "name": null }
				]
			},
			"Dj_xz_5_6_2": {
				"attachment": [
					{ "time": 0.6667, "name": "Dj_xz_5_6_" },
					{ "time": 0.7667, "name": null }
				]
			},
			"Dj_xz_5_7_2": {
				"attachment": [
					{ "time": 0.7667, "name": "Dj_xz_5_7_" },
					{ "time": 0.8667, "name": null }
				]
			},
			"Dj_xz_5_8_2": {
				"attachment": [
					{ "time": 0.8667, "name": "Dj_xz_5_8_" },
					{ "time": 1, "name": null }
				]
			},
			"Gj_xz_5_0_": {
				"attachment": [
					{ "time": 0, "name": "Gj_xz_5_0_" },
					{ "time": 0.1333, "name": null },
					{ "time": 1, "name": "Gj_xz_5_0_" }
				]
			},
			"Gj_xz_5_1_": {
				"attachment": [
					{ "time": 0.1333, "name": "Gj_xz_5_1_" },
					{ "time": 0.3, "name": null }
				]
			},
			"Gj_xz_5_2_": {
				"attachment": [
					{ "time": 0.3, "name": "Gj_xz_5_2_" },
					{ "time": 0.4333, "name": null }
				]
			},
			"Gj_xz_5_3_": {
				"attachment": [
					{ "time": 0.4333, "name": "Gj_xz_5_3_" },
					{ "time": 0.5667, "name": null }
				]
			},
			"Gj_xz_5_4_": {
				"attachment": [
					{ "time": 0.5667, "name": "Gj_xz_5_4_" },
					{ "time": 0.7, "name": null }
				]
			},
			"Gj_xz_5_5_": {
				"attachment": [
					{ "time": 0.7, "name": "Gj_xz_5_5_" },
					{ "time": 0.8667, "name": null }
				]
			},
			"Gj_xz_5_6_": {
				"attachment": [
					{ "time": 0.8667, "name": "Gj_xz_5_6_" },
					{ "time": 1, "name": null }
				]
			},
			"yz_0_5": {
				"color": [
					{ "time": 0, "color": "ffffff9b" }
				],
				"attachment": [
					{ "time": 0, "name": "yz_0_" }
				]
			},
			"yz_0_13": {
				"color": [
					{ "time": 0, "color": "ffffff9b" }
				],
				"attachment": [
					{ "time": 0, "name": "yz_0_" }
				]
			},
			"yz_0_14": {
				"color": [
					{ "time": 0, "color": "ffffff9b" }
				],
				"attachment": [
					{ "time": 0, "name": "yz_0_" }
				]
			}
		},
		"bones": {
			"walk_5": {
				"translate": [
					{ "time": 0, "x": -63.88, "y": 64.21 }
				],
				"scale": [
					{ "time": 0, "x": -1, "y": 1 }
				]
			},
			"dj_5": {
				"translate": [
					{ "time": 0, "x": -109.23, "y": -99.3 }
				]
			},
			"dj_10": {
				"translate": [
					{ "time": 0, "x": -51.64, "y": -133.06 }
				]
			},
			"yz_0_14": {
				"rotate": [
					{ "time": 0, "angle": -53.56 }
				],
				"translate": [
					{ "time": 0, "x": -53.55, "y": -124.1 }
				],
				"scale": [
					{ "time": 0, "x": 0.5, "y": 1 }
				]
			},
			"yz_0_13": {
				"rotate": [
					{ "time": 0, "angle": -40.74 }
				],
				"translate": [
					{ "time": 0, "x": -98.6, "y": -85.85 }
				],
				"scale": [
					{ "time": 0, "x": 0.5, "y": 1 }
				]
			},
			"yz_0_5": {
				"rotate": [
					{ "time": 0, "angle": 42.3 }
				],
				"translate": [
					{ "time": 0, "x": -19.55, "y": -26.35 }
				],
				"scale": [
					{ "time": 0, "x": 1.5, "y": 1 }
				]
			}
		}
	}
}
}