{
"skeleton": { "hash": "w8cb91+xNC5ou0jYx10vtf9kNkY", "spine": "2.1.27", "width": 523.37, "height": 500.62 },
"bones": [
	{ "name": "root", "scaleX": 0.45, "scaleY": 0.45 },
	{ "name": "bu_dong", "parent": "root", "length": 44.03, "x": 119.47, "y": 461.58, "rotation": -47.83 },
	{ "name": "long_qu_gan_", "parent": "root", "length": 132.55, "x": 152.95, "y": 547.41, "rotation": 139.1 },
	{ "name": "long_L_chibang_", "parent": "long_qu_gan_", "length": 145.04, "x": 123.92, "y": -12.27, "rotation": -129.84 },
	{ "name": "long_qu_gan1_", "parent": "long_qu_gan_", "length": 109.67, "x": 130.68, "y": 0.83, "rotation": 42.89 },
	{ "name": "long_qu_gan_wei1_", "parent": "long_qu_gan_", "length": 74.59, "x": -4.76, "y": 1.31, "rotation": 175.94 },
	{ "name": "long_L_chibang02_gen_", "parent": "long_qu_gan1_", "length": 103.61, "x": 15.54, "y": 27.52, "rotation": -125.53 },
	{ "name": "long_L_chibang1_", "parent": "long_L_chibang_", "length": 145.86, "x": 144.82, "y": -1.4, "rotation": -37.08 },
	{ "name": "long_R_chibang02_", "parent": "long_qu_gan1_", "length": 163.25, "x": 89.12, "y": -11.6, "rotation": -74.17 },
	{ "name": "long_R_chibang_", "parent": "long_qu_gan1_", "length": 138.27, "x": 56.21, "y": -36.85, "rotation": -65.45 },
	{ "name": "long_bozi_", "parent": "long_qu_gan1_", "length": 63.54, "x": 111.73, "y": 0.23, "rotation": 46.15 },
	{ "name": "long_qu_gan_wei2_", "parent": "long_qu_gan_wei1_", "length": 77.56, "x": 74.59, "y": -0.07, "rotation": -6.73 },
	{ "name": "long_L_bi_", "parent": "long_bozi_", "length": 106.38, "x": 30.69, "y": -24, "rotation": -77.13 },
	{ "name": "long_L_chibang02_", "parent": "long_L_chibang02_gen_", "length": 193.72, "x": 104.35, "y": 0.71, "rotation": 14.14 },
	{ "name": "long_L_chibang2_", "parent": "long_L_chibang1_", "length": 120.15, "x": 145.88, "y": -0.5, "rotation": -16.24 },
	{ "name": "long_R_chibang02_1_", "parent": "long_R_chibang02_", "length": 149.9, "x": 163.25, "y": 0.87, "rotation": 22.26 },
	{ "name": "long_R_chibang1_", "parent": "long_R_chibang_", "length": 137.23, "x": 139.7, "y": 0.02, "rotation": 15.52 },
	{ "name": "long_bozi1_", "parent": "long_bozi_", "length": 55.89, "x": 63.08, "y": 0.4, "rotation": 61.48 },
	{ "name": "long_qu_gan_wei3_", "parent": "long_qu_gan_wei2_", "length": 92.02, "x": 76.6, "y": -0.28, "rotation": -27.46 },
	{ "name": "long_L_chibang02_1_", "parent": "long_L_chibang02_", "length": 144.1, "x": 192.04, "y": -0.46, "rotation": -81.05 },
	{ "name": "long_R_chibang02_2_", "parent": "long_R_chibang02_1_", "length": 156.43, "x": 149.89, "y": 0.85, "rotation": 74.17 },
	{ "name": "long_bozi2_", "parent": "long_bozi1_", "length": 58.19, "x": 55.89, "y": -0.3, "scaleX": 0.862, "rotation": 28.16 },
	{ "name": "long_wei_", "parent": "long_qu_gan_wei3_", "length": 105.38, "x": 59.05, "y": 5.92, "rotation": -56.68 },
	{ "name": "long_L_chibang02_2_", "parent": "long_L_chibang02_1_", "length": 326.3, "x": 145.47, "y": -2.24, "rotation": -17.48 },
	{ "name": "long_R_chibang02_3_", "parent": "long_R_chibang02_2_", "length": 283.24, "x": 156.43, "y": -0.11, "rotation": 26.38 },
	{ "name": "long_tou_", "parent": "long_bozi2_", "length": 86.43, "x": 58.23, "y": 2.83, "scaleX": 1.159, "rotation": 13.71 },
	{ "name": "long_wei1_", "parent": "long_wei_", "length": 94.4, "x": 111.54, "y": -0.88, "rotation": -38.43 },
	{ "name": "long_lin", "parent": "long_tou_", "length": 94.73, "x": 45.71, "y": -15.34, "rotation": -145.58 },
	{ "name": "long_tou1_", "parent": "long_tou_", "length": 103.21, "x": 30.09, "y": 33.5, "rotation": 150.19 },
	{ "name": "long_tou2_", "parent": "long_tou_", "length": 56.71, "x": 69.82, "y": -14.47, "rotation": -20.52 },
	{ "name": "long_wei2_", "parent": "long_wei1_", "length": 84.63, "x": 100.93, "y": 1.82, "rotation": 18.28 },
	{ "name": "texiaodian_", "parent": "long_tou_", "x": 106.4, "y": -1.3 },
	{ "name": "long_wei3_", "parent": "long_wei2_", "length": 89.51, "x": 84.63, "y": 0.12, "rotation": 16.4 }
],
"slots": [
	{ "name": "long_R_chibang02_", "bone": "long_R_chibang02_", "attachment": "long_R_chibang02_" },
	{ "name": "long_R_chibang_", "bone": "long_R_chibang_", "attachment": "long_R_chibang_" },
	{ "name": "long_L_bi_", "bone": "long_L_bi_", "attachment": "long_L_bi_" },
	{ "name": "long_qu_gan_", "bone": "long_qu_gan_", "attachment": "long_qu_gan_" },
	{ "name": "long_L_chibang02_gen_", "bone": "long_L_chibang02_gen_", "attachment": "long_L_chibang02_gen_" },
	{ "name": "neicheng_chengbao_", "bone": "root" },
	{ "name": "root", "bone": "root", "attachment": "neicheng_chengbao_gaoji_" },
	{ "name": "waicheng_dizuo_", "bone": "root", "attachment": "waicheng_dizuo_" },
	{ "name": "long_zhua_zi_", "bone": "root", "attachment": "long_zhua_zi_" },
	{ "name": "long_bozi_", "bone": "long_bozi_", "attachment": "long_bozi_" },
	{ "name": "long_tou_", "bone": "long_tou_", "attachment": "long_tou_" },
	{ "name": "long_wei_", "bone": "long_wei_", "attachment": "long_wei_" },
	{ "name": "long_L_chibang_", "bone": "long_L_chibang_", "attachment": "long_L_chibang_" },
	{ "name": "long_L_chibang02_", "bone": "long_L_chibang02_", "attachment": "long_L_chibang02_" }
],
"skins": {
	"default": {
		"long_L_bi_": {
			"long_L_bi_": {
				"type": "skinnedmesh",
				"uvs": [ 1, 0.44469, 1, 1, 0.56148, 1, 0, 1, 0, 0.48308, 0, 0.11808, 0, 0, 0.30489, 0, 1, 0, 0.28444, 0.68276, 0.48391, 0.41034, 0.69025, 0.18642 ],
				"triangles": [ 5, 6, 7, 11, 7, 8, 10, 7, 11, 5, 7, 10, 11, 8, 0, 4, 5, 10, 9, 4, 10, 3, 4, 9, 10, 1, 2, 0, 10, 11, 9, 10, 2, 3, 9, 2, 1, 10, 0 ],
				"vertices": [ 1, 12, 0.56, -28.28, 1, 1, 12, -19.62999, 8.13, 1, 1, 12, 21.77, 31.1, 1, 1, 12, 74.8, 60.52, 1, 1, 12, 93.61, 26.61, 1, 1, 12, 106.88, 2.67, 1, 1, 12, 111.18, -5.06, 1, 1, 12, 82.37999, -21.03, 1, 1, 12, 16.74, -57.45, 1, 1, 12, 59.48, 24.81, 1, 1, 12, 50.55, -3.5, 1, 1, 12, 39.21, -28.99, 1 ],
				"hull": 9
			}
		},
		"long_L_chibang02_": {
			"long_L_chibang02_": {
				"type": "skinnedmesh",
				"uvs": [ 1, 0.7544, 1, 0.81748, 1, 1, 0, 1, 0, 0, 0.11582, 0, 0.14672, 0.0036, 0.3378, 0, 1, 0, 0.04717, 0.17939, 0.0975, 0.53085, 0.03457, 0.77776, 0.08148, 0.8823, 0.20047, 0.8733, 0.28171, 0.70208, 0.60439, 0.17222, 0.90759, 0.55073, 0.43026, 0.05973, 0.49683, 0.30198, 0.47099, 0.70667, 0.75011, 0.32356, 0.78631, 0.52909, 0.76468, 0.78212, 0.17645, 0.58312, 0.21765, 0.14516, 0.77592, 0.66786, 0.49648, 0.48905, 0.31166, 0.39421 ],
				"triangles": [ 19, 26, 25, 18, 15, 20, 15, 17, 8, 21, 26, 18, 17, 7, 8, 16, 21, 20, 21, 18, 20, 8, 16, 20, 25, 26, 21, 0, 25, 21, 16, 8, 0, 0, 21, 16, 1, 22, 25, 1, 25, 0, 22, 1, 2, 20, 15, 8, 22, 19, 25, 22, 2, 13, 18, 17, 15, 13, 19, 22, 19, 14, 26, 26, 27, 18, 24, 7, 17, 18, 24, 17, 24, 6, 7, 27, 24, 18, 24, 27, 10, 24, 10, 9, 14, 27, 26, 11, 9, 10, 11, 10, 23, 23, 14, 12, 23, 10, 27, 14, 23, 27, 9, 4, 5, 9, 5, 6, 9, 6, 24, 3, 4, 9, 13, 14, 19, 12, 11, 23, 2, 3, 13, 3, 12, 13, 3, 11, 12, 11, 3, 9, 13, 12, 14 ],
				"vertices": [ 1, 23, 350.6, 6.6, 1, 1, 23, 361.79, -14.51, 1, 1, 23, 394.19, -75.62999, 1, 1, 6, -20.77, 10.42, 1, 2, 13, 238.48, 165.83, 0.95, 19, -157.04, 71.79, 0.05, 2, 13, 261.44, 100.61, 0.81, 19, -89.03, 84.3, 0.19, 2, 13, 266.28, 82.76999, 0.81, 19, -70.65, 86.3, 0.19, 2, 19, 41.28, 108.29, 0.64999, 23, -132.61, 74.1, 0.35, 1, 23, 216.7, 259.24, 1, 2, 13, 183.71, 116.7, 0.93, 19, -117.04, 10.02, 0.07, 1, 13, 68.05, 44.13, 1, 2, 6, 60.81, 39.75999, 0.78, 13, -32.66999, 48.5, 0.22, 2, 6, 43.27, -5.46, 0.78, 13, -60.74, 8.93, 0.22, 2, 6, 85.36, -62.78, 0.78, 13, -33.93999, -56.93, 0.22, 2, 13, 43.36, -81.12999, 0.84, 19, 56.52, -159.44, 0.16, 2, 19, 209.61, 72.91, 0.11, 23, 38.58, 90.96, 0.89, 1, 23, 265.7, 48.97, 1, 2, 19, 99.66, 96.02, 0.64999, 23, -73.24, 79.94999, 0.35, 2, 19, 155.37, 12.92, 0.52, 23, 4.87, 17.44, 0.48, 2, 19, 167.96, -140.7, 0.64999, 23, 63.07, -125.3, 0.35, 2, 19, 305.55, 32.25, 0.11, 23, 142.31, 81.01999, 0.89, 1, 23, 197.88, 22.31, 1, 2, 19, 345.56, -137.08, 0.11, 23, 231.39, -68.46, 0.89, 1, 13, 65.01999, -6.89, 1, 2, 13, 229.73, 25.01, 0.75, 19, -19.29, 41.2, 0.25, 2, 19, 344.32, -93.28, 0.11, 23, 217.04, -27.05, 0.89, 2, 19, 167.99, -56.83, 0.52, 23, 37.89, -45.3, 0.48, 2, 13, 159.35, -59.25, 0.75, 19, 52.98, -41.45, 0.25 ],
				"hull": 9
			}
		},
		"long_L_chibang02_gen_": {
			"long_L_chibang02_gen_": {
				"type": "skinnedmesh",
				"uvs": [ 1, 0.54911, 1, 1, 0.78741, 1, 0.23533, 1, 0, 1, 0, 0.69084, 0, 0, 0.40676, 0, 0.81035, 0, 1, 0, 0.34576, 0.84649, 0.31142, 0.14235, 0.63333, 0.33403 ],
				"triangles": [ 2, 0, 1, 3, 10, 2, 0, 2, 12, 10, 3, 5, 3, 4, 5, 2, 10, 12, 12, 10, 11, 10, 5, 11, 5, 6, 11, 0, 12, 9, 12, 8, 9, 11, 7, 12, 12, 7, 8, 11, 6, 7 ],
				"vertices": [ 2, 6, 73.3, -50.71, 0.9, 13, -42.68, -42.28, 0.1, 1, 6, 36.11, -75.37, 1, 1, 6, 22.13, -54.29, 1, 1, 6, -14.16, 0.44, 1, 1, 6, -29.64, 23.78, 1, 1, 6, -4.13, 40.68999, 1, 2, 6, 52.85, 78.48, 0.81, 13, -30.93, 87.99, 0.19, 2, 6, 79.6, 38.14, 0.81, 13, -14.85, 42.34, 0.19, 2, 6, 106.13, -1.87, 0.81, 13, 1.09, -2.94, 0.19, 2, 6, 118.6, -20.67, 0.81, 13, 8.58, -24.22, 0.19, 1, 6, 5.75, -2.09999, 1, 2, 6, 61.58, 39.81, 0.88, 13, -31.91, 48.36, 0.12, 2, 6, 66.94, -2.58999, 0.89, 13, -37.09, 5.93, 0.11 ],
				"hull": 10
			}
		},
		"long_L_chibang_": {
			"long_L_chibang_": {
				"type": "skinnedmesh",
				"uvs": [ 1, 0.36121, 1, 0.47337, 1, 1, 0.44147, 1, 0, 1, 0, 0.7894, 0, 0.3884, 0, 0.28239, 0, 0, 0.41816, 0, 0.49399, 0, 0.811, 0, 1, 0, 0.0725, 0.16565, 0.2242, 0.07815, 0.15076, 0.38693, 0.32103, 0.53451, 0.4714, 0.68208, 0.62551, 0.85423, 0.85056, 0.70837, 0.70518, 0.4932, 0.81462, 0.34115, 0.56235, 0.04143, 0.41189, 0.17195, 0.58091, 0.31338, 0.02888, 0.53898, 0.13241, 0.68635, 0.42161, 0.90791, 0.21029, 0.8525, 0.29272, 0.80633 ],
				"triangles": [ 21, 12, 0, 4, 28, 3, 21, 0, 1, 1, 20, 21, 19, 20, 1, 18, 17, 20, 19, 18, 20, 27, 29, 17, 27, 17, 18, 3, 27, 18, 28, 29, 27, 3, 28, 27, 19, 1, 2, 18, 19, 2, 3, 18, 2, 21, 11, 12, 4, 5, 28, 23, 22, 24, 16, 15, 23, 25, 15, 16, 24, 22, 11, 16, 23, 24, 26, 25, 16, 5, 25, 26, 24, 11, 21, 17, 16, 24, 29, 26, 16, 5, 26, 28, 22, 10, 11, 20, 24, 21, 20, 17, 24, 29, 16, 17, 28, 26, 29, 14, 8, 9, 13, 8, 14, 7, 8, 13, 15, 13, 14, 7, 13, 15, 6, 7, 15, 23, 14, 9, 15, 14, 23, 25, 6, 15, 22, 23, 10, 5, 6, 25, 23, 9, 10 ],
				"vertices": [ 2, 7, 299.52, 142.38, 0.07, 14, 107.53, 180.16, 0.93, 2, 7, 319.94, 103.69, 0.07, 14, 137.96, 148.73, 0.93, 1, 14, 280.85, 1.16, 1, 1, 14, 87.42, -186.12, 1, 2, 7, -10.43, -303, 0.76, 14, -65.46, -334.16, 0.24, 1, 7, -48.78, -230.36, 1, 1, 3, -7.83, -1.42, 1, 1, 3, -1.19, 39.38, 1, 1, 3, 16.49, 148.07, 1, 2, 3, 215.41, 115.71, 0.75, 7, -14.28, 136.02, 0.25, 2, 3, 251.49, 109.84, 0.71, 7, 18.04, 153.09, 0.29, 1, 7, 153.17, 224.43, 1, 3, 3, 492.2, 70.68, 0.58999, 7, 233.74, 266.97, 0.0533, 14, 9.52, 281.38, 0.3567, 2, 3, 40.61, 78.69999, 0.96, 7, -131.46, 1.09, 0.04, 2, 3, 118.25, 100.64, 0.89, 7, -82.73, 65.41, 0.11, 2, 3, 63.98, -12.52, 0.58999, 7, -57.8, -57.61, 0.41, 1, 7, 41.64, -70.19, 1, 2, 7, 132.62, -87.25, 0.42, 14, 11.53, -86.99, 0.58, 1, 14, 111.61, -83.56, 1, 1, 14, 149.97, 32.77, 1, 2, 7, 197.88, 30.5, 0.42, 14, 41.24, 44.31, 0.58, 2, 7, 216.84, 107.58, 0.42, 14, 37.89, 123.62, 0.58, 2, 3, 281.41, 88.6, 0.58999, 7, 54.72, 154.18, 0.41, 2, 3, 201.66, 50.01, 0.58999, 7, 14.35, 75.3, 0.41, 1, 7, 112.16, 64.56, 1, 2, 3, -3.51, -61.62, 0.58999, 7, -82.07, -137.49, 0.41, 1, 7, -11.1, -165.01, 1, 2, 7, 152.52, -176.35, 0.06, 14, 55.56, -166.97, 0.94, 2, 7, 52.35, -204.8, 0.42, 14, -32.65, -222.31, 0.58, 2, 7, 79.08, -170.32, 0.42, 14, -16.62999, -181.73, 0.58 ],
				"hull": 13
			}
		},
		"long_R_chibang02_": {
			"long_R_chibang02_": {
				"type": "skinnedmesh",
				"uvs": [ 1, 0.79126, 1, 1, 0.9567, 1, 0.89112, 1, 0.06669, 1, 0, 1, 0, 0, 0.5506, 0, 0.67825, 0, 1, 0, 0.90299, 0.39169, 0.27889, 0.08583, 0.07382, 0.61449, 0.25531, 0.69516, 0.50127, 0.57276, 0.91579, 0.71735, 0.83388, 0.46551, 0.67469, 0.19516, 0.39008, 0.31251, 0.15695, 0.64474, 0.93193, 0.82891, 0.85677, 0.88633, 0.79486, 0.55836, 0.67547, 0.56422 ],
				"triangles": [ 12, 5, 6, 4, 13, 21, 12, 6, 11, 19, 4, 12, 13, 4, 19, 13, 14, 21, 12, 11, 18, 14, 13, 18, 19, 12, 18, 18, 13, 19, 4, 5, 12, 11, 6, 7, 18, 17, 23, 18, 7, 17, 14, 18, 23, 18, 11, 7, 14, 23, 21, 8, 10, 17, 16, 17, 10, 16, 22, 17, 22, 23, 17, 17, 7, 8, 9, 10, 8, 23, 22, 21, 0, 15, 10, 16, 10, 15, 22, 16, 15, 9, 0, 10, 20, 15, 0, 21, 22, 15, 21, 15, 20, 2, 3, 21, 4, 21, 3, 1, 2, 20, 2, 21, 20, 1, 20, 0 ],
				"vertices": [ 1, 8, 17.89, -45.38, 1, 1, 8, -58.22, -20.93, 1, 1, 8, -50.95, 1.69, 1, 1, 8, -39.93999, 35.97, 1, 1, 24, 313.3, 18.95, 1, 1, 24, 336.5, -9.37, 1, 2, 20, 304.75, -208.15, 0.26, 24, 40.39, -252.29, 0.74, 3, 15, 238.68, 5.98, 0.37799, 20, 29.14, -84.02, 0.522, 24, -151.32, -18.58, 0.1, 2, 15, 193.57, -47.64, 0.57, 20, -34.75, -55.24, 0.43, 2, 8, 306.42, -138.06, 0.84, 15, 79.87, -182.82, 0.16, 2, 8, 179.88, -41.48, 0.48, 15, -0.64999, -45.5, 0.52, 2, 20, 178.65, -115.3, 0.64, 24, -31.3, -113.06, 0.36, 2, 20, 364.45, 23.07, 0.07, 24, 196.64, -71.68, 0.93, 2, 20, 286.29, 92.16, 0.07, 24, 157.34, 24.94, 0.93, 2, 20, 143.92, 104.87, 0.64, 24, 35.45, 99.6, 0.36, 2, 8, 58.98, -10.02, 0.92, 15, -100.62, 29.4, 0.08, 2, 8, 164.56, 3.28, 0.48, 15, 2.13, 1.73, 0.52, 2, 15, 137.62, 1.96, 0.57, 20, -2.27, 12.1, 0.43, 2, 20, 158.64, -11.07, 0.64, 24, -2.89, -10.8, 0.36, 2, 20, 327.6, 52.38, 0.07, 24, 176.66, -29.04, 0.93, 1, 8, 15.59, -5.39, 1, 1, 8, 7.27, 40.61, 1, 2, 8, 137.26, 34.55, 0.48, 15, -11.29, 41.00999, 0.52, 2, 15, 29.17, 92.62, 0.57, 20, 55.38, 141.16, 0.43 ],
				"hull": 10
			}
		},
		"long_R_chibang_": {
			"long_R_chibang_": {
				"type": "skinnedmesh",
				"uvs": [ 0.99998, 0.33906, 1, 0.9054, 1, 1, 0.72474, 1, 0.17464, 1, 0, 1, 0, 0.72628, 0, 0, 0.71864, 1.0E-5, 1, 0, 0.52263, 0.75058, 0.90409, 0.94131, 0.70754, 0.54377, 0.31019, 0.22246, 0.23351, 0.59984, 0.48542, 0.31719, 0.06764, 0.52754 ],
				"triangles": [ 6, 16, 14, 5, 6, 14, 4, 5, 14, 4, 14, 10, 15, 8, 9, 14, 16, 13, 16, 6, 7, 13, 7, 8, 15, 13, 8, 16, 7, 13, 14, 13, 15, 0, 15, 9, 10, 14, 15, 12, 15, 0, 12, 10, 15, 1, 11, 12, 3, 10, 11, 4, 10, 3, 11, 1, 2, 3, 11, 2, 12, 0, 1, 11, 10, 12 ],
				"vertices": [ 2, 9, 159.42, -127.34, 0.58, 16, -15.06, -128, 0.42, 1, 9, -19.94, -37.79, 1, 1, 9, -49.9, -22.83, 1, 1, 9, -9.68999, 57.69, 1, 1, 16, -8.06, 229.11, 1, 1, 16, 30.17, 271.52, 1, 1, 16, 102.13, 206.63, 1, 1, 16, 293.06, 34.43999, 1, 2, 9, 307.9, -98.64, 0.08, 16, 135.68, -140.06, 0.92, 2, 9, 266.81, -180.96, 0.21, 16, 74.07, -208.39, 0.79, 2, 9, 98.81, 77.37999, 0.58, 16, -18.7, 85.47, 0.42, 1, 9, -17.29999, -4.05, 1, 2, 9, 137.3, -9.41, 0.58, 16, -4.83, -8.45, 0.42, 1, 16, 166.65, 11.85, 1, 2, 9, 188.79, 138.13, 0.36, 16, 84.23, 119.94, 0.64, 2, 9, 241.51, 19.73, 0.36, 16, 103.37, -8.22999, 0.64, 1, 16, 139.56, 143.08, 1 ],
				"hull": 10
			}
		},
		"long_bozi_": {
			"long_bozi_": {
				"type": "skinnedmesh",
				"uvs": [ 1, 1, 0.72839, 1, 0.44066, 1, 0, 1, 0, 0.66406, 0, 0.33912, 0, 0, 0.54505, 0, 0.73857, 0, 1, 0, 0.83024, 0.60549, 0.24714, 0.92665, 0.3439, 0.18799, 0.17584, 0.41658, 0.20131, 0.69806, 0.49922, 0.8832, 0.82547, 0.92704, 0.2395, 0.11431, 0.79459, 0.14831, 0.82015, 0.40017, 0.53865, 0.26881, 0.42792, 0.50159, 0.59089, 0.67728, 0.83916, 0.78297 ],
				"triangles": [ 15, 14, 22, 4, 14, 11, 15, 22, 23, 11, 14, 15, 0, 23, 10, 16, 15, 23, 16, 23, 0, 2, 11, 15, 1, 15, 16, 2, 15, 1, 1, 16, 0, 3, 4, 11, 3, 11, 2, 0, 10, 9, 10, 21, 19, 4, 13, 14, 14, 21, 22, 22, 21, 10, 4, 5, 13, 14, 13, 21, 22, 10, 23, 18, 8, 9, 20, 8, 18, 19, 18, 9, 20, 18, 19, 13, 12, 21, 17, 6, 7, 12, 17, 7, 12, 7, 8, 5, 6, 17, 13, 17, 12, 21, 12, 20, 13, 5, 17, 20, 12, 8, 10, 19, 9, 21, 20, 19 ],
				"vertices": [ 1, 21, 114.27, 15.81, 1, 1, 21, 82.08, -9.35999, 1, 1, 21, 47.98, -36.03, 1, 1, 21, -4.23999, -76.87999, 1, 2, 17, 30.1, -48.81, 0.58, 21, -52.9, -30.59, 0.42, 2, 10, 75.32, -36.75999, 0.62, 17, -26.81, -28.5, 0.38, 1, 10, 28.33, -78.83999, 1, 1, 10, -21.84, -22.81, 1, 1, 10, -39.65, -2.92, 1, 1, 10, -63.72, 23.95, 1, 2, 17, 58.34, 62.76, 0.6, 21, 37.00999, 54.43, 0.4, 2, 17, 87.56, -33.09, 0.33, 21, 14.42, -43.86, 0.66999, 2, 10, 22.72, -20.16, 0.91, 17, -37.34, 25.64, 0.09, 2, 10, 69.86, -9.07, 0.5, 17, -5.09, -10.47999, 0.5, 2, 17, 45.39, -24.76, 0.58, 21, -24.11, -16.61, 0.42, 2, 17, 91.64, 2.38, 0.33, 21, 38, -14.51, 0.66999, 1, 21, 83.01999, 9.68, 1, 2, 10, 22.12, -40.04, 0.87, 17, -55.09, 16.67, 0.13, 1, 10, -24.26, 21.24, 1, 2, 10, 8.27, 55.12, 0.78, 17, 21.9, 74.28, 0.22, 2, 10, 15.99, 9.88, 0.86, 17, -14.15, 45.9, 0.14, 2, 10, 58.43, 27.38, 0.5, 17, 21.48, 16.95999, 0.5, 2, 17, 59.82, 27.16, 0.58, 21, 19.04, 22.36, 0.42, 2, 17, 89.84, 52.83, 0.35, 21, 63.78, 30.81, 0.64999 ],
				"hull": 10
			}
		},
		"long_qu_gan_": {
			"long_qu_gan_": {
				"type": "skinnedmesh",
				"uvs": [ 1, 0.87527, 1, 1, 0.90883, 0.99999, 0.83342, 0.99995, 0.78919, 1, 0, 1, 1.0E-5, 0.36348, 0, 0.27173, 0, 0, 0.34993, 0, 0.51772, 0, 1, 0, 0.10405, 0.12913, 0.67638, 0.06552, 0.80898, 0.25575, 0.89884, 0.45293, 0.9727, 0.61767, 0.10336, 0.40969, 0.27643, 0.47496, 0.35635, 0.4388, 0.44865, 0.36292, 0.55262, 0.58846, 0.58768, 0.73519, 0.77688, 0.7369, 0.82418, 0.8426, 0.9089, 0.87523, 0.87646, 0.67825, 0.77622, 0.54757, 0.63983, 0.40375, 0.54103, 0.25972, 0.40318, 0.21347, 0.21457, 0.23649, 0.51054, 0.50734, 0.56823, 0.58711, 0.61895, 0.60615, 0.65446, 0.63506, 0.60724, 0.61158, 0.67993, 0.71124 ],
				"triangles": [ 22, 18, 21, 24, 37, 23, 21, 33, 36, 37, 36, 35, 22, 21, 36, 22, 36, 37, 24, 22, 37, 2, 3, 25, 4, 24, 3, 2, 0, 1, 3, 24, 25, 2, 25, 0, 4, 22, 24, 0, 25, 26, 24, 26, 25, 27, 23, 35, 26, 27, 16, 26, 23, 27, 16, 15, 11, 27, 15, 16, 23, 37, 35, 24, 23, 26, 0, 26, 16, 36, 33, 34, 34, 33, 28, 21, 32, 33, 33, 32, 28, 27, 34, 28, 35, 34, 27, 36, 34, 35, 28, 14, 15, 27, 28, 15, 11, 0, 16, 14, 13, 11, 13, 10, 11, 20, 30, 29, 30, 10, 29, 29, 10, 13, 29, 13, 14, 20, 29, 28, 28, 29, 14, 32, 20, 28, 15, 14, 11, 5, 22, 4, 19, 20, 32, 31, 12, 9, 30, 31, 9, 19, 31, 30, 19, 30, 20, 30, 9, 10, 12, 8, 9, 7, 8, 12, 7, 12, 31, 17, 6, 7, 31, 17, 7, 18, 17, 31, 19, 18, 31, 5, 6, 17, 5, 17, 18, 18, 19, 32, 32, 21, 18, 5, 18, 22 ],
				"vertices": [ 3, 11, 174.42, -8.85, 0.08319, 18, 90.75, 37.5, 0.5568, 22, -34.66, 23, 0.36, 2, 18, 143.18, 27.48, 0.19, 22, 2.51, 61.3, 0.81, 2, 18, 135.52, -12.54, 0.19, 22, 31.75, 32.91, 0.81, 2, 18, 129.18, -45.64, 0.19, 22, 55.92, 9.42, 0.81, 2, 18, 125.49, -65.06, 0.19, 22, 70.12, -4.33, 0.81, 1, 2, 53.93, 381.13, 1, 1, 10, 98.55, -18.37, 1, 1, 10, 69.32, -44.58, 1, 1, 10, -17.28, -122.2, 1, 3, 10, -121.68, -5.72, 0.06838, 4, 31.58, -91.5, 0.50159, 2, 216.1, -44.71, 0.43, 2, 4, -43.37, -88.93, 0.43, 2, 159.43, -93.84, 0.57, 1, 2, -3.44, -235.06, 1, 2, 10, -7.17, -50.68, 0.58999, 4, 143.32, -40.04, 0.41, 2, 4, -113.29, -58.47, 0.24, 2, 87.48, -119.11, 0.76, 2, 2, -10.63, -96.42, 0.56, 5, -1.03, 97.9, 0.44, 2, 5, 87.02, 66.58, 0.52999, 11, 4.52, 67.65, 0.47, 2, 11, 80.32, 49.88, 0.62, 18, -19.83, 46.22, 0.38, 1, 10, 82.44999, 29.23, 1, 1, 10, 51.62, 105.48, 1, 2, 10, 16.25, 121.75, 0.58999, 4, 35.16, 96.28, 0.41, 3, 10, -35.46, 130.8, 0.06838, 4, -7.18, 65.24, 0.50159, 2, 81.01, 43.74, 0.43, 1, 1, -13.53, -1.08, 1, 1, 1, 43.55, -31.6, 1, 2, 11, 66.14, -50.44, 0.62, 18, 13.85, -49.33, 0.38, 3, 11, 114.74, -61.87, 0.08319, 18, 62.25, -37.05, 0.5568, 22, 11.97, -41.77, 0.36, 3, 11, 149.17, -40.8, 0.08319, 18, 83.08, -2.48, 0.5568, 22, -5.46, -5.37, 0.36, 2, 11, 74.01, 0.04, 0.62, 18, -2.44, -0.89, 0.38, 2, 5, 76.87, -0.81, 0.55, 11, 2.34999, -0.46, 0.45, 2, 2, 4.98999, 0.96, 0.56, 5, -9.75, -0.34, 0.44, 2, 4, -49.97, 22.51, 0.38, 2, 78.74, -16.68, 0.62, 3, 10, -69.53, 72.98, 0.06838, 4, 10.92, 0.62, 0.50159, 2, 138.27, 8.72999, 0.43, 2, 10, -5.92, 16.77, 0.58999, 4, 95.52, 7.57, 0.41, 3, 2, 19.61, 72.32, 0.4424, 5, -19.31, -72.55, 0.3476, 11, -84.74, -83.01, 0.21, 3, 2, -22.22, 81.23, 0.12, 5, 23.05, -78.48, 0.748, 11, -41.96, -83.92, 0.132, 2, 5, 44.85, -68.23, 0.6, 11, -21.52, -71.18, 0.4, 2, 5, 64.83, -65.76, 0.55, 11, -1.97, -66.37999, 0.45, 1, 1, 10.18999, 10.38, 1, 1, 1, 63.63, 5.85, 1 ],
				"hull": 12
			}
		},
		"long_tou_": {
			"long_tou_": {
				"type": "skinnedmesh",
				"uvs": [ 1, 0.58327, 1, 0.67821, 1, 0.69009, 1, 1, 0.7909, 1, 0.68138, 1, 0, 1, 4.0E-5, 0.75051, 0, 0, 0.26796, 0, 0.51437, 0, 1, 0, 0.14065, 0.18652, 0.19541, 0.22642, 0.22826, 0.27697, 0.25701, 0.34215, 0.41444, 0.38871, 0.51026, 0.41132, 0.57734, 0.45921, 0.61978, 0.46187, 0.59651, 0.37673, 0.62115, 0.32486, 0.60335, 0.17056, 0.4117, 0.2078, 0.21047, 0.50044, 0.08316, 0.56296, 0.14339, 0.90748, 0.40486, 0.92876, 0.52806, 0.69199, 0.47467, 0.59489, 0.30356, 0.50044, 0.63347, 0.68667, 0.74435, 0.69731, 0.76352, 0.73855, 0.84839, 0.7851, 0.6499, 0.88221, 0.47423, 0.79545, 0.50605, 0.65196, 0.30356, 0.69731, 0.20779, 0.48841, 0.30475, 0.48554, 0.47834, 0.58253, 0.5174, 0.64859, 0.48474, 0.80064, 0.70624, 0.82341, 0.80798, 0.93613, 0.76399, 0.43819, 0.82634, 0.5474, 0.94201, 0.52588, 0.14403, 0.18157, 0.20151, 0.224, 0.23365, 0.27494, 0.26238, 0.33763, 0.41489, 0.38246, 0.50678, 0.40412, 0.57802, 0.45358, 0.61057, 0.45439, 0.6283, 0.33053, 0.60553, 0.37967, 0.54335, 0.69974, 0.63442, 0.67372, 0.74116, 0.70578, 0.76013, 0.74357, 0.79122, 0.75374, 0.79454, 0.74699, 0.85461, 0.7812, 0.84656, 0.77662, 0.53617, 0.68005, 0.55261, 0.68675 ],
				"triangles": [ 63, 66, 34, 61, 31, 60, 59, 68, 31, 62, 61, 33, 62, 33, 63, 44, 31, 61, 44, 61, 62, 34, 44, 63, 44, 62, 63, 43, 59, 35, 35, 5, 27, 35, 59, 44, 45, 35, 44, 45, 5, 35, 4, 5, 45, 34, 45, 44, 3, 45, 65, 4, 45, 3, 45, 34, 65, 59, 31, 44, 27, 43, 35, 59, 43, 28, 23, 9, 10, 23, 10, 22, 23, 50, 9, 51, 50, 23, 23, 22, 21, 52, 51, 23, 52, 23, 53, 20, 54, 21, 56, 55, 20, 23, 54, 53, 23, 21, 54, 16, 53, 54, 55, 17, 54, 20, 55, 54, 18, 55, 56, 11, 46, 22, 22, 10, 11, 49, 8, 9, 12, 8, 49, 50, 49, 9, 50, 13, 49, 14, 50, 51, 57, 21, 22, 20, 21, 57, 56, 20, 58, 28, 67, 59, 38, 30, 29, 25, 39, 24, 37, 29, 42, 67, 37, 42, 28, 37, 67, 38, 29, 37, 7, 8, 25, 38, 7, 25, 38, 25, 24, 36, 38, 37, 36, 37, 28, 26, 7, 38, 27, 38, 36, 26, 38, 27, 6, 7, 26, 27, 36, 43, 6, 26, 27, 5, 6, 27, 24, 30, 38, 30, 24, 40, 43, 36, 28, 52, 14, 51, 16, 52, 53, 59, 67, 68, 68, 67, 42, 65, 2, 3, 48, 11, 0, 2, 66, 1, 34, 66, 65, 47, 46, 48, 32, 60, 47, 22, 46, 57, 58, 57, 46, 46, 19, 58, 41, 17, 18, 42, 18, 19, 15, 52, 16, 41, 16, 17, 47, 19, 46, 25, 8, 12, 14, 12, 13, 40, 15, 16, 39, 14, 15, 39, 15, 40, 39, 12, 14, 24, 39, 40, 40, 16, 41, 30, 40, 41, 29, 30, 41, 42, 41, 18, 29, 41, 42, 47, 60, 19, 42, 19, 60, 31, 68, 60, 32, 61, 60, 65, 66, 2, 25, 12, 39, 13, 12, 49, 13, 50, 14, 15, 14, 52, 19, 56, 58, 58, 20, 57, 16, 54, 17, 18, 17, 55, 19, 18, 56, 61, 32, 33, 42, 60, 68, 47, 48, 0, 1, 47, 0, 47, 64, 32, 47, 1, 64, 48, 46, 11, 64, 33, 32, 63, 33, 64, 66, 64, 1, 63, 64, 66 ],
				"vertices": [ 1, 25, 130.82, 49.36, 1, 1, 25, 140.42, 31.67, 1, 1, 25, 141.63, 29.46, 1, 1, 29, 101.43, 23.22, 1, 1, 29, 73.18, -9.28, 1, 1, 29, 58.38, -26.31, 1, 1, 27, 107.22, 61.33, 1, 1, 27, 101.75, 8.72, 1, 1, 28, 133.95, 46.4, 1, 1, 28, 104.93, -0.55, 1, 1, 28, 78.24, -43.73, 1, 2, 25, 71.85, 158.05, 0.14514, 28, 25.65, -128.83, 0.85485, 1, 25, -64.87, 38.86, 1, 1, 25, -50.93, 36.8, 1, 1, 25, -39.87, 30.61, 1, 2, 25, -28.07, 21.29, 0.73, 28, 44.41, 39.5, 0.27, 1, 25, 5.13, 28.08, 1, 1, 25, 24.77, 33.29, 1, 1, 25, 41.75, 30.95, 1, 1, 25, 49.71, 34.63, 1, 1, 28, 1.41, -16.12999, 1, 1, 28, 8.09, -26.23, 1, 1, 28, 37.84999, -40.31, 1, 1, 28, 51.89, -2.58, 1, 1, 27, 53.16, -39.53, 1, 1, 27, 80.62, -29.05, 1, 1, 27, 75.81, 44.86, 1, 1, 27, 22.7, 54.91, 1, 1, 27, -7.71, 7.6, 1, 2, 25, 36.89, -4.41, 0.59613, 27, 1.09, -14, 0.40386, 1, 27, 34.09, -37.55, 1, 1, 29, 1.77, 9.8, 1, 1, 25, 96.07, 3, 1, 1, 25, 103.71, -2.79, 1, 1, 29, 46.56, 29.53, 1, 1, 29, 35.28, -14.83, 1, 1, 27, 5.57, 28.27, 1, 1, 27, -4.08, -1.29999, 1, 1, 27, 38.4, 3.95, 1, 1, 25, -22.19, -10.79, 1, 1, 25, -4.92999, -0.73, 1, 1, 25, 36.3, -1.74, 1, 1, 27, -6.48, -1.77, 1, 1, 29, -0.08, -29.17, 1, 1, 29, 33.48, 2.09999, 1, 1, 29, 65.26999, 2.25, 1, 1, 25, 73.42, 53.21, 1, 1, 25, 95.76, 38.99, 1, 1, 25, 114.52, 54.36, 1, 1, 28, 85.6, 41.4, 1, 1, 28, 71.73, 36.05, 1, 2, 25, -39.09999, 31.52, 0.24, 28, 59.06, 36.09999, 0.76, 2, 25, -27.55, 22.66, 0.64999, 28, 44.64, 38.05, 0.35, 1, 28, 20.04, 16.32, 1, 1, 28, 6.18, 2.63, 1, 1, 28, -10.43999, -4.33, 1, 1, 28, -14.11, -9.93999, 1, 1, 25, 37.97, 59.94, 1, 1, 25, 38.82, 48.54, 1, 1, 29, -8.31, -6.02, 1, 1, 25, 73.78, -3.4, 1, 1, 29, 19.37999, 23.89, 1, 1, 29, 27.99, 21.58, 1, 1, 29, 33.82, 25, 1, 1, 25, 110.18, -1.32, 1, 3, 25, 124.52, -1.79, 0.57425, 28, -99.48, -16.28, 0.05101, 29, 46.78, 31.04, 0.37473, 1, 25, 122.59, -1.73, 1, 3, 25, 56.63, -14.23, 0.75, 27, -9.63, 5.25, 0.12536, 29, -12.43, -4.4, 0.12463, 1, 25, 60.28, -13.86, 1 ],
				"hull": 12
			}
		},
		"long_wei_": {
			"long_wei_": {
				"type": "skinnedmesh",
				"uvs": [ 1, 0.19513, 1, 1, 0, 1, 0, 0.64483, 0, 0.5481, 0, 0, 0.84726, 0, 1, 0, 0.77404, 0.08992, 0.70083, 0.16967, 0.59182, 0.2138, 0.45515, 0.25622, 0.30873, 0.29695, 0.18019, 0.3207, 0.06793, 0.41743, 0.92698, 0.29355, 0.81147, 0.36652, 0.639, 0.40386, 0.48444, 0.40725, 0.38194, 0.44458, 0.3315, 0.53792, 0.19972, 0.63464, 0.9221, 0.1001, 0.84075, 0.19343, 0.7415, 0.29016, 0.59903, 0.31662, 0.45987, 0.33599, 0.33786, 0.39031, 0.23641, 0.45531, 0.11278, 0.55757 ],
				"triangles": [ 12, 5, 11, 21, 28, 20, 14, 13, 28, 21, 20, 1, 2, 21, 1, 2, 3, 21, 4, 5, 14, 3, 29, 21, 3, 4, 29, 21, 29, 28, 4, 14, 29, 29, 14, 28, 14, 5, 13, 13, 5, 12, 18, 19, 26, 12, 11, 26, 20, 19, 18, 19, 28, 27, 19, 20, 28, 27, 13, 12, 27, 28, 13, 19, 27, 26, 27, 12, 26, 18, 17, 20, 17, 24, 16, 10, 9, 24, 17, 16, 1, 18, 25, 17, 18, 26, 25, 17, 25, 24, 26, 11, 25, 11, 10, 25, 25, 10, 24, 11, 5, 10, 16, 24, 23, 24, 9, 23, 15, 0, 1, 15, 16, 23, 15, 23, 0, 23, 22, 0, 22, 7, 0, 9, 8, 23, 23, 8, 22, 8, 6, 22, 22, 6, 7, 8, 5, 6, 16, 15, 1, 9, 10, 8, 8, 10, 5, 1, 20, 17 ],
				"vertices": [ 2, 18, 132.47, 15.75, 0.1, 22, 6.43, 45.91, 0.9, 1, 18, 426.53, -40.57, 1, 1, 32, 216.28, 95.87, 1, 1, 32, 130.62, -4.71, 1, 1, 32, 107.29, -32.11, 1, 1, 32, -24.9, -187.34, 1, 2, 18, 50.02, -28.79, 0.12, 22, -1.65, -47.44, 0.88, 2, 18, 61.17, 29.41, 0.23, 22, -44.15, -6.15, 0.77, 2, 22, 42.03, -43.25, 0.77, 26, -28.12, -76.39, 0.23, 2, 22, 83.08, -41.77, 0.57, 26, 3.11, -49.72, 0.43, 3, 22, 124.85, -59.47, 0.2697, 26, 46.83, -37.62, 0.6603, 30, -63.73, -20.49, 0.07, 2, 26, 101.17, -27.23, 0.56, 30, -8.88, -27.67, 0.44, 2, 30, 49.17, -36.96, 0.73, 32, -44.48, -25.57, 0.27, 2, 30, 98.32, -49.19, 0.6, 32, -0.78, -51.18, 0.4, 2, 30, 152.76, -34.07, 0.2, 32, 55.7, -52.02, 0.8, 2, 22, 52.26, 52.42, 0.77, 26, -79.58, 4.91, 0.23, 2, 22, 103.32, 40.66, 0.57, 26, -32.25999, 27.43, 0.43, 3, 22, 160.99, 3.99, 0.2697, 26, 35.7, 34.55, 0.6603, 30, -51.67, 51.53, 0.07, 2, 26, 95.49, 29.8, 0.56, 30, 3.61, 28.27, 0.44, 2, 30, 45.59, 24.76, 0.73, 32, -30.5, 34.65, 0.27, 2, 30, 77.6, 48.5, 0.6, 32, 6.9, 48.4, 0.4, 2, 30, 138.95, 60.55, 0.2, 32, 69.16, 42.64, 0.8, 2, 18, 92.06, -7.27, 0.1, 22, 3.47, -0.5, 0.9, 2, 22, 50.3, 2.4, 0.77, 26, -50.02, -35.49, 0.23, 2, 22, 102.99, 1.37, 0.57, 26, -8.1, -3.54, 0.43, 3, 22, 149.5, -30.08, 0.2697, 26, 47.88, 0.71, 0.6603, 30, -50.71, 15.58, 0.07, 2, 26, 102.32, 2.47, 0.56, 30, 1.52, 0.17, 0.44, 2, 30, 52.99, -0.64, 0.73, 32, -30.56, 8.18999, 0.27, 2, 30, 98.79, 5.41, 0.6, 32, 15.07, 1.08, 0.4, 2, 30, 158.09, 20.62, 0.2, 32, 76.26, -1.04999, 0.8 ],
				"hull": 8
			}
		},
		"long_zhua_zi_": {
			"long_zhua_zi_": { "x": -163.16, "y": 665.23, "width": 76, "height": 65 }
		},
		"root": {
			"neicheng_chengbao_gaoji_": { "y": 289.8, "width": 934, "height": 831 }
		},
		"waicheng_dizuo_": {
			"waicheng_dizuo_": { "x": 56.83, "y": 144.73, "width": 994, "height": 504 }
		}
	}
},
"animations": {
	"dj": {
		"slots": {
			"long_L_bi_": {
				"attachment": [
					{ "time": 0, "name": "long_L_bi_" }
				]
			},
			"long_L_chibang02_": {
				"attachment": [
					{ "time": 0, "name": null }
				]
			},
			"long_L_chibang02_gen_": {
				"attachment": [
					{ "time": 0, "name": "long_L_chibang02_gen_" }
				]
			},
			"long_L_chibang_": {
				"attachment": [
					{ "time": 0, "name": "long_L_chibang_" }
				]
			},
			"long_R_chibang02_": {
				"attachment": [
					{ "time": 0, "name": null }
				]
			},
			"long_R_chibang_": {
				"attachment": [
					{ "time": 0, "name": "long_R_chibang_" }
				]
			},
			"long_bozi_": {
				"attachment": [
					{ "time": 0, "name": "long_bozi_" }
				]
			},
			"long_qu_gan_": {
				"attachment": [
					{ "time": 0, "name": "long_qu_gan_" }
				]
			},
			"long_tou_": {
				"attachment": [
					{ "time": 0, "name": "long_tou_" }
				]
			},
			"long_wei_": {
				"attachment": [
					{ "time": 0, "name": "long_wei_" }
				]
			},
			"long_zhua_zi_": {
				"attachment": [
					{ "time": 0, "name": "long_zhua_zi_" },
					{ "time": 3, "name": "long_zhua_zi_" }
				]
			},
			"waicheng_dizuo_": {
				"attachment": [
					{ "time": 0, "name": "waicheng_dizuo_" },
					{ "time": 3, "name": "waicheng_dizuo_" }
				]
			}
		},
		"bones": {
			"root": {
				"rotate": [
					{ "time": 0, "angle": 0, "curve": "stepped" },
					{ "time": 2.0666, "angle": 0, "curve": "stepped" },
					{ "time": 3, "angle": 0 }
				],
				"translate": [
					{ "time": 0, "x": 0, "y": 0, "curve": "stepped" },
					{ "time": 2.0666, "x": 0, "y": 0, "curve": "stepped" },
					{ "time": 3, "x": 0, "y": 0 }
				],
				"scale": [
					{ "time": 0, "x": 1, "y": 1, "curve": "stepped" },
					{ "time": 2.0666, "x": 1, "y": 1, "curve": "stepped" },
					{ "time": 3, "x": 1, "y": 1 }
				]
			},
			"long_qu_gan_": {
				"rotate": [
					{ "time": 0, "angle": 0, "curve": "stepped" },
					{ "time": 2.0666, "angle": 0, "curve": "stepped" },
					{ "time": 3, "angle": 0 }
				],
				"translate": [
					{
						"time": 0,
						"x": 0,
						"y": 0,
						"curve": [ 0.25, 0, 0.75, 1 ]
					},
					{
						"time": 0.6666,
						"x": 0,
						"y": -6.1,
						"curve": [ 0.25, 0, 0.75, 1 ]
					},
					{
						"time": 1.7,
						"x": 0,
						"y": 5.19,
						"curve": [ 0.25, 0, 0.886, 0.89 ]
					},
					{ "time": 3, "x": 0, "y": 0.11 }
				],
				"scale": [
					{ "time": 0, "x": 1, "y": 1, "curve": "stepped" },
					{ "time": 3, "x": 1, "y": 1 }
				]
			},
			"long_qu_gan1_": {
				"rotate": [
					{
						"time": 0,
						"angle": 0,
						"curve": [ 0.25, 0, 0.75, 1 ]
					},
					{
						"time": 0.7,
						"angle": -0.33,
						"curve": [ 0.25, 0, 0.75, 1 ]
					},
					{
						"time": 1.6666,
						"angle": 1.08,
						"curve": [ 0.245, 0, 0.637, 0.55 ]
					},
					{
						"time": 2.0666,
						"angle": 0.41,
						"curve": [ 0.381, 0.54, 0.742, 1 ]
					},
					{ "time": 3, "angle": 0.02 }
				],
				"translate": [
					{ "time": 0, "x": 0, "y": 0, "curve": "stepped" },
					{ "time": 2.0666, "x": 0, "y": 0, "curve": "stepped" },
					{ "time": 3, "x": 0, "y": 0 }
				],
				"scale": [
					{ "time": 0, "x": 1, "y": 1, "curve": "stepped" },
					{ "time": 2.0666, "x": 1, "y": 1, "curve": "stepped" },
					{ "time": 3, "x": 1, "y": 1 }
				]
			},
			"long_qu_gan_wei1_": {
				"rotate": [
					{
						"time": 0,
						"angle": 0,
						"curve": [ 0.25, 0, 0.75, 1 ]
					},
					{
						"time": 0.6333,
						"angle": 1.73,
						"curve": [ 0.243, 0, 0.692, 0.76 ]
					},
					{
						"time": 2.0666,
						"angle": 0.15,
						"curve": [ 0.369, 0.62, 0.707, 1 ]
					},
					{ "time": 3, "angle": 0 }
				],
				"translate": [
					{ "time": 0, "x": 0, "y": 0, "curve": "stepped" },
					{ "time": 2.0666, "x": 0, "y": 0, "curve": "stepped" },
					{ "time": 3, "x": 0, "y": 0 }
				],
				"scale": [
					{ "time": 0, "x": 1, "y": 1, "curve": "stepped" },
					{ "time": 2.0666, "x": 1, "y": 1, "curve": "stepped" },
					{ "time": 3, "x": 1, "y": 1 }
				]
			},
			"long_qu_gan_wei2_": {
				"rotate": [
					{
						"time": 0,
						"angle": 0,
						"curve": [ 0.25, 0, 0.75, 1 ]
					},
					{
						"time": 0.6666,
						"angle": 0.62,
						"curve": [ 0.25, 0, 0.75, 1 ]
					},
					{
						"time": 1.7,
						"angle": -1.7,
						"curve": [ 0.245, 0, 0.634, 0.54 ]
					},
					{
						"time": 2.0666,
						"angle": -0.69,
						"curve": [ 0.38, 0.53, 0.744, 1 ]
					},
					{ "time": 3, "angle": -0.03 }
				],
				"translate": [
					{ "time": 0, "x": 0, "y": 0, "curve": "stepped" },
					{ "time": 2.0666, "x": 0, "y": 0, "curve": "stepped" },
					{ "time": 3, "x": 0, "y": 0 }
				],
				"scale": [
					{ "time": 0, "x": 1, "y": 1, "curve": "stepped" },
					{ "time": 2.0666, "x": 1, "y": 1, "curve": "stepped" },
					{ "time": 3, "x": 1, "y": 1 }
				]
			},
			"long_L_chibang_": {
				"rotate": [
					{
						"time": 0,
						"angle": 0,
						"curve": [ 0.25, 0, 0.75, 1 ]
					},
					{
						"time": 0.8,
						"angle": 10.62,
						"curve": [ 0.243, 0, 0.687, 0.74 ]
					},
					{
						"time": 2.0666,
						"angle": -0.64,
						"curve": [ 0.371, 0.62, 0.711, 1 ]
					},
					{ "time": 3, "angle": -0.07 }
				],
				"translate": [
					{ "time": 0, "x": 0, "y": 0, "curve": "stepped" },
					{ "time": 3, "x": 0, "y": 0 }
				],
				"scale": [
					{ "time": 0, "x": 1, "y": 1, "curve": "stepped" },
					{ "time": 3, "x": 1, "y": 1 }
				]
			},
			"long_R_chibang_": {
				"rotate": [
					{
						"time": 0,
						"angle": 3.61,
						"curve": [ 0.25, 0, 0.75, 1 ]
					},
					{
						"time": 0.8666,
						"angle": -3.5,
						"curve": [ 0.242, 0, 0.684, 0.73 ]
					},
					{
						"time": 2.0666,
						"angle": 2.82,
						"curve": [ 0.372, 0.62, 0.712, 1 ]
					},
					{ "time": 3, "angle": 3.61 }
				],
				"translate": [
					{ "time": 0, "x": 0, "y": 0, "curve": "stepped" },
					{ "time": 2.0666, "x": 0, "y": 0, "curve": "stepped" },
					{ "time": 3, "x": 0, "y": 0 }
				],
				"scale": [
					{ "time": 0, "x": 1, "y": 1, "curve": "stepped" },
					{ "time": 2.0666, "x": 1, "y": 1, "curve": "stepped" },
					{ "time": 3, "x": 1, "y": 1 }
				]
			},
			"long_bozi_": {
				"rotate": [
					{
						"time": 0,
						"angle": 0,
						"curve": [ 0.25, 0, 0.75, 1 ]
					},
					{
						"time": 0.6666,
						"angle": -1.05,
						"curve": [ 0.243, 0, 0.691, 0.75 ]
					},
					{
						"time": 2.0666,
						"angle": -0.1,
						"curve": [ 0.37, 0.62, 0.708, 1 ]
					},
					{ "time": 3, "angle": 0 }
				],
				"translate": [
					{ "time": 0, "x": 0, "y": 0, "curve": "stepped" },
					{ "time": 2.0666, "x": 0, "y": 0, "curve": "stepped" },
					{ "time": 3, "x": 0, "y": 0 }
				],
				"scale": [
					{ "time": 0, "x": 1, "y": 1, "curve": "stepped" },
					{ "time": 2.0666, "x": 1, "y": 1, "curve": "stepped" },
					{ "time": 3, "x": 1, "y": 1 }
				]
			},
			"long_L_chibang1_": {
				"rotate": [
					{
						"time": 0,
						"angle": -2.77,
						"curve": [ 0.25, 0, 0.75, 1 ]
					},
					{
						"time": 0.5333,
						"angle": 5.28,
						"curve": [ 0.25, 0, 0.75, 1 ]
					},
					{
						"time": 1.3666,
						"angle": 13.17,
						"curve": [ 0.25, 0, 0.83, 0.84 ]
					},
					{ "time": 3, "angle": -2.77 }
				],
				"translate": [
					{ "time": 0, "x": 0, "y": 0, "curve": "stepped" },
					{ "time": 3, "x": 0, "y": 0 }
				],
				"scale": [
					{ "time": 0, "x": 1, "y": 1, "curve": "stepped" },
					{ "time": 3, "x": 1, "y": 1 }
				]
			},
			"long_R_chibang1_": {
				"rotate": [
					{
						"time": 0,
						"angle": 13.12,
						"curve": [ 0.25, 0, 0.75, 1 ]
					},
					{
						"time": 0.4666,
						"angle": 11.85,
						"curve": [ 0.25, 0, 0.75, 1 ]
					},
					{
						"time": 1.5333,
						"angle": -3.58,
						"curve": [ 0.243, 0, 0.648, 0.6 ]
					},
					{
						"time": 2.0666,
						"angle": 8.37,
						"curve": [ 0.382, 0.57, 0.735, 1 ]
					},
					{ "time": 3, "angle": 13.12 }
				],
				"translate": [
					{ "time": 0, "x": 0, "y": 0, "curve": "stepped" },
					{ "time": 2.0666, "x": 0, "y": 0, "curve": "stepped" },
					{ "time": 3, "x": 0, "y": 0 }
				],
				"scale": [
					{ "time": 0, "x": 1, "y": 1, "curve": "stepped" },
					{ "time": 2.0666, "x": 1, "y": 1, "curve": "stepped" },
					{ "time": 3, "x": 1, "y": 1 }
				]
			},
			"long_bozi1_": {
				"rotate": [
					{
						"time": 0,
						"angle": 0,
						"curve": [ 0.08, 0.24, 0.75, 1 ]
					},
					{
						"time": 0.6333,
						"angle": 1.21,
						"curve": [ 0.08, 0.24, 0.75, 1 ]
					},
					{
						"time": 1.5666,
						"angle": -1.12,
						"curve": [ 0.222, 0, 0.672, 0.56 ]
					},
					{
						"time": 2.0666,
						"angle": -0.47,
						"curve": [ 0.477, 0.49, 0.859, 0.9 ]
					},
					{ "time": 3, "angle": -0.02 }
				],
				"translate": [
					{ "time": 0, "x": 0, "y": 0, "curve": "stepped" },
					{ "time": 2.0666, "x": 0, "y": 0, "curve": "stepped" },
					{ "time": 3, "x": 0, "y": 0 }
				],
				"scale": [
					{ "time": 0, "x": 1, "y": 1, "curve": "stepped" },
					{ "time": 2.0666, "x": 1, "y": 1, "curve": "stepped" },
					{ "time": 3, "x": 1, "y": 1 }
				]
			},
			"long_qu_gan_wei3_": {
				"rotate": [
					{
						"time": 0,
						"angle": -3.63,
						"curve": [ 0.25, 0, 0.75, 1 ]
					},
					{
						"time": 1,
						"angle": -1.96,
						"curve": [ 0.242, 0, 0.679, 0.71 ]
					},
					{
						"time": 2.0666,
						"angle": -3.41,
						"curve": [ 0.374, 0.61, 0.715, 1 ]
					},
					{ "time": 3, "angle": -3.63 }
				],
				"translate": [
					{ "time": 0, "x": 0, "y": 0, "curve": "stepped" },
					{ "time": 2.0666, "x": 0, "y": 0, "curve": "stepped" },
					{ "time": 3, "x": 0, "y": 0 }
				],
				"scale": [
					{ "time": 0, "x": 1, "y": 1, "curve": "stepped" },
					{ "time": 2.0666, "x": 1, "y": 1, "curve": "stepped" },
					{ "time": 3, "x": 1, "y": 1 }
				]
			},
			"long_L_bi_": {
				"rotate": [
					{
						"time": 0,
						"angle": 0,
						"curve": [ 0.25, 0, 0.75, 1 ]
					},
					{
						"time": 0.6666,
						"angle": -1.83,
						"curve": [ 0.243, 0, 0.691, 0.75 ]
					},
					{
						"time": 2.0666,
						"angle": -0.18,
						"curve": [ 0.37, 0.62, 0.708, 1 ]
					},
					{ "time": 3, "angle": -0.01 }
				],
				"translate": [
					{ "time": 0, "x": 0, "y": 0, "curve": "stepped" },
					{ "time": 2.0666, "x": 0, "y": 0, "curve": "stepped" },
					{ "time": 3, "x": 0, "y": 0 }
				],
				"scale": [
					{ "time": 0, "x": 1, "y": 1, "curve": "stepped" },
					{ "time": 2.0666, "x": 1, "y": 1, "curve": "stepped" },
					{ "time": 3, "x": 1, "y": 1 }
				]
			},
			"long_L_chibang2_": {
				"rotate": [
					{
						"time": 0,
						"angle": -2.77,
						"curve": [ 0.25, 0, 0.75, 1 ]
					},
					{ "time": 3, "angle": -2.12 }
				],
				"translate": [
					{ "time": 0, "x": 0, "y": 0, "curve": "stepped" },
					{ "time": 3, "x": 0, "y": 0 }
				],
				"scale": [
					{ "time": 0, "x": 1, "y": 1, "curve": "stepped" },
					{ "time": 3, "x": 1, "y": 1 }
				]
			},
			"long_bozi2_": {
				"rotate": [
					{
						"time": 0,
						"angle": 0,
						"curve": [ 0.25, 0, 0.75, 1 ]
					},
					{
						"time": 1.1333,
						"angle": -5.43,
						"curve": [ 0.25, 0, 0.75, 1 ]
					},
					{
						"time": 2.0666,
						"angle": -0.89,
						"curve": [ 0.25, 0, 0.853, 0.91 ]
					},
					{ "time": 3, "angle": -0.06 }
				],
				"translate": [
					{ "time": 0, "x": 0, "y": 0, "curve": "stepped" },
					{ "time": 3, "x": 0, "y": 0 }
				],
				"scale": [
					{ "time": 0, "x": 1, "y": 1, "curve": "stepped" },
					{ "time": 3, "x": 1, "y": 1 }
				]
			},
			"long_wei_": {
				"rotate": [
					{
						"time": 0,
						"angle": 3.5,
						"curve": [ 0.25, 0, 0.75, 1 ]
					},
					{
						"time": 0.5666,
						"angle": -2.58,
						"curve": [ 0.25, 0, 0.75, 1 ]
					},
					{
						"time": 1.7,
						"angle": 7.27,
						"curve": [ 0.243, 0, 0.643, 0.57 ]
					},
					{
						"time": 2.1666,
						"angle": 4.75,
						"curve": [ 0.382, 0.55, 0.738, 1 ]
					},
					{ "time": 3, "angle": 3.55 }
				],
				"translate": [
					{ "time": 0, "x": 0, "y": 0, "curve": "stepped" },
					{ "time": 2.1666, "x": 0, "y": 0, "curve": "stepped" },
					{ "time": 3, "x": 0, "y": 0 }
				],
				"scale": [
					{ "time": 0, "x": 1, "y": 1, "curve": "stepped" },
					{ "time": 2.1666, "x": 1, "y": 1, "curve": "stepped" },
					{ "time": 3, "x": 1, "y": 1 }
				]
			},
			"long_wei1_": {
				"rotate": [
					{
						"time": 0,
						"angle": 0,
						"curve": [ 0.25, 0, 0.75, 1 ]
					},
					{
						"time": 0.3,
						"angle": -0.92,
						"curve": [ 0.25, 0, 0.75, 1 ]
					},
					{
						"time": 0.9666,
						"angle": -2.13,
						"curve": [ 0.25, 0, 0.75, 1 ]
					},
					{
						"time": 1.5666,
						"angle": 4.7,
						"curve": [ 0.25, 0, 0.75, 1 ]
					},
					{
						"time": 2.1666,
						"angle": 4.26,
						"curve": [ 0.25, 0, 0.75, 1 ]
					},
					{ "time": 3, "angle": 0.18 }
				],
				"translate": [
					{ "time": 0, "x": 0, "y": 0, "curve": "stepped" },
					{ "time": 3, "x": 0, "y": 0 }
				],
				"scale": [
					{ "time": 0, "x": 1, "y": 1, "curve": "stepped" },
					{ "time": 3, "x": 1, "y": 1 }
				]
			},
			"long_tou_": {
				"rotate": [
					{
						"time": 0,
						"angle": 0,
						"curve": [ 0.25, 0, 0.75, 1 ]
					},
					{
						"time": 0.5333,
						"angle": 3.14,
						"curve": [ 0.25, 0, 0.75, 1 ]
					},
					{
						"time": 1.5333,
						"angle": 1.02,
						"curve": [ 0.25, 0, 0.75, 1 ]
					},
					{
						"time": 2.5,
						"angle": 0.82,
						"curve": [ 0.25, 0, 0.83, 0.9 ]
					},
					{ "time": 3, "angle": 0 }
				],
				"translate": [
					{ "time": 0, "x": 0, "y": 0, "curve": "stepped" },
					{ "time": 3, "x": 0, "y": 0 }
				],
				"scale": [
					{ "time": 0, "x": 1, "y": 1, "curve": "stepped" },
					{ "time": 3, "x": 1, "y": 1 }
				]
			},
			"long_tou1_": {
				"rotate": [
					{
						"time": 0,
						"angle": 4.9,
						"curve": [ 0.25, 0, 0.75, 1 ]
					},
					{
						"time": 1.2,
						"angle": 12.02,
						"curve": [ 0.242, 0, 0.67, 0.67 ]
					},
					{
						"time": 2.0666,
						"angle": 6.18,
						"curve": [ 0.378, 0.6, 0.721, 1 ]
					},
					{ "time": 3, "angle": 4.99 }
				],
				"translate": [
					{ "time": 0, "x": 0, "y": 0, "curve": "stepped" },
					{ "time": 2.0666, "x": 0, "y": 0, "curve": "stepped" },
					{ "time": 3, "x": 0, "y": 0 }
				],
				"scale": [
					{ "time": 0, "x": 1, "y": 1, "curve": "stepped" },
					{ "time": 2.0666, "x": 1, "y": 1, "curve": "stepped" },
					{ "time": 3, "x": 1, "y": 1 }
				]
			},
			"long_wei2_": {
				"rotate": [
					{
						"time": 0,
						"angle": -0.01,
						"curve": [ 0.25, 0, 0.75, 1 ]
					},
					{
						"time": 0.9666,
						"angle": -13.4,
						"curve": [ 0.25, 0, 0.75, 1 ]
					},
					{
						"time": 1.4666,
						"angle": -9.34,
						"curve": [ 0.25, 0, 0.75, 1 ]
					},
					{
						"time": 2.0333,
						"angle": 4.31,
						"curve": [ 0.264, 0, 0.617, 0.42 ]
					},
					{ "time": 3, "angle": -0.11 }
				],
				"translate": [
					{ "time": 0, "x": 0, "y": 0, "curve": "stepped" },
					{ "time": 3, "x": 0, "y": 0 }
				],
				"scale": [
					{ "time": 0, "x": 1, "y": 1, "curve": "stepped" },
					{ "time": 3, "x": 1, "y": 1 }
				]
			},
			"long_wei3_": {
				"rotate": [
					{
						"time": 0,
						"angle": 8.62,
						"curve": [ 0.25, 0, 0.75, 1 ]
					},
					{
						"time": 0.5333,
						"angle": 1.17,
						"curve": [ 0.25, 0, 0.75, 1 ]
					},
					{
						"time": 1.4666,
						"angle": -14.11,
						"curve": [ 0.242, 0, 0.66, 0.64 ]
					},
					{
						"time": 2.1666,
						"angle": 3.78,
						"curve": [ 0.38, 0.59, 0.727, 1 ]
					},
					{ "time": 3, "angle": 8.62 }
				],
				"translate": [
					{ "time": 0, "x": 0, "y": 0, "curve": "stepped" },
					{ "time": 2.1666, "x": 0, "y": 0, "curve": "stepped" },
					{ "time": 3, "x": 0, "y": 0 }
				],
				"scale": [
					{ "time": 0, "x": 1, "y": 1, "curve": "stepped" },
					{ "time": 2.1666, "x": 1, "y": 1, "curve": "stepped" },
					{ "time": 3, "x": 1, "y": 1 }
				]
			},
			"long_tou2_": {
				"rotate": [
					{
						"time": 0,
						"angle": 8.53,
						"curve": [ 0.25, 0, 0.75, 1 ]
					},
					{
						"time": 0.5666,
						"angle": 14.13,
						"curve": [ 0.25, 0, 0.75, 1 ]
					},
					{
						"time": 1.2,
						"angle": 10.41,
						"curve": [ 0.25, 0, 0.75, 1 ]
					},
					{
						"time": 1.8333,
						"angle": 3.47,
						"curve": [ 0.25, 0, 0.75, 1 ]
					},
					{
						"time": 2.5,
						"angle": 6.48,
						"curve": [ 0.244, 0, 0.809, 0.85 ]
					},
					{ "time": 3, "angle": 8.53 }
				],
				"translate": [
					{ "time": 0, "x": 0, "y": 0, "curve": "stepped" },
					{ "time": 3, "x": 0, "y": 0 }
				],
				"scale": [
					{ "time": 0, "x": 1, "y": 1, "curve": "stepped" },
					{ "time": 3, "x": 1, "y": 1 }
				]
			},
			"long_lin": {
				"rotate": [
					{
						"time": 0,
						"angle": 0,
						"curve": [ 0.25, 0, 0.75, 1 ]
					},
					{
						"time": 0.6666,
						"angle": -4.48,
						"curve": [ 0.25, 0, 0.75, 1 ]
					},
					{
						"time": 1.4333,
						"angle": 4.24,
						"curve": [ 0.25, 0, 0.75, 1 ]
					},
					{
						"time": 1.9333,
						"angle": -0.7,
						"curve": [ 0.264, 0, 0.617, 0.42 ]
					},
					{
						"time": 2.0666,
						"angle": -0.5,
						"curve": [ 0.351, 0.4, 0.756, 1 ]
					},
					{ "time": 3, "angle": 0 }
				],
				"translate": [
					{ "time": 0, "x": 0, "y": 0, "curve": "stepped" },
					{ "time": 2.0666, "x": 0, "y": 0, "curve": "stepped" },
					{ "time": 3, "x": 0, "y": 0 }
				],
				"scale": [
					{ "time": 0, "x": 1, "y": 1, "curve": "stepped" },
					{ "time": 2.0666, "x": 1, "y": 1, "curve": "stepped" },
					{ "time": 3, "x": 1, "y": 1 }
				]
			}
		},
		"ffd": {
			"default": {
				"long_L_chibang_": {
					"long_L_chibang_": [
						{
							"time": 0,
							"vertices": [ 2.20869, -8.20043, 4.40591, -7.26055, -3.45162, -9.24957, -0.73825, -9.84521, -6.64584, -9.40197, 0, 0, 0, 0, 0, 0, 0, 0, 0, 0, 0, 0, -1.98843, -2.75463, 0, 0, 0, 0, 0, 0, 0, 0, 6.1296, -3.34106, 0, 0, 0, 0, 0, 0, 0, 0, 0, 0, 0, 0, 0, 0, 0, 0, 0, 0, -5.88128, -7.28924, -5.9918, -10.40911, -2.85488, -11.66668, -13.58615, -22.74279, -2.38723, -18.63208, -4.25242, -14.21936, -0.12265, -14.84155, 0, 0, 0, 0, 0, 0, 0, 0, 0, 0, 0, 0, -5.30157, -8.55896, 0, 0, 0, 0, 0, 0, -3.81034, -1.73931, -3.17517, -2.73205, -2.65071, -4.27954, -1.3536, -4.84881, -3.92082, -4.85943, -2.41198, -5.75952 ],
							"curve": [ 0.25, 0, 0.75, 1 ]
						},
						{
							"time": 0.6666,
							"vertices": [ -3.49257, -14.14166, 3.86728, -17.56124, -6.58336, -23.93223, 4.07754, -28.5895, 0, 0, 4.89914, 23.50434, 0, 0, 0, 0, 0, 0, 0, 0, 0, 0, -1.98843, -2.75463, -0.6533, 21.53639, -9.73264, 19.22377, -0.6533, 21.53639, -9.73264, 19.22377, 24.65476, -4.57104, 0, 0, 0, 0, 0, 0, 1.62259, -2.04797, 2.33851, -1.16581, -6.33045, 15.75583, -12.41981, 11.57977, 1.56057, 4.82666, -0.63556, 5.03289, 5.56308, 8.0069, 3.93358, 2.63958, 3.2752, 3.23335, 0.48817, 9.70381, -4.15756, -5.97725, -1.46031, -0.73884, 1.07116, -3.35905, 4.46209, 2.85723, 5.27087, 2.60672, 7.21692, 12.89858, 1.06014, 14.74286, 8.61643, 10.16129, 3.48932, 12.85792, 10.29189, -1.81393, 0, 0, 0, 0, 0, 0, 10.95794, 8.94762, 7.20541, 12.97942, 19.07814, -13.07851, 22.38465, -3.80173, 3.13678, -4.31102, 4.10965, -1.63034 ],
							"curve": [ 0.25, 0, 0.75, 1 ]
						},
						{
							"time": 1.2666,
							"vertices": [ 1.40513, 9.14543, -0.19192, 7.40979, 0.58197, 4.44331, 0.36815, 2.3743, 2.45352, -3.39498, 0.87863, 13.93424, 0, 0, 0, 0, 0, 0, 0, 0, 0, 0, -1.98843, -2.75463, -9.246, 36.57082, -24.79052, 29.06022, -8.54611, 43.3862, -26.96263, 35.55869, -4.61409, 16.96475, 0, 0, 0, 0, 0, 0, 1.54582, -1.95107, 2.22787, -1.11066, -7.45199, 25.48533, -17.96669, 19.82731, 13.75308, -4.05147, 14.13696, 1.97165, 14.04992, -1.84397, 11.98334, 4.29598, 10.33399, 7.43718, 8.88113, 14.32771, 3.4235, 9.84583, 5.84393, 18.5799, 1.32951, 17.92355, 8.20655, 39.34992, -3.67082, 38.88337, 3.68263, 40.12774, -14.49526, 37.73888, 5.50413, 8.44988, 0.547, 9.7533, 19.753, 1.60308, 0, 0, 0, 0, 0, 0, 5.50654, 7.45321, 2.80699, 9.36133, 8.29, -7.37426, 10.22222, -3.04832, -1.98682, -2.60443, -1.2386, -2.22809 ],
							"curve": [ 0.25, 0, 0.75, 1 ]
						},
						{
							"time": 1.8666,
							"vertices": [ 8.43127, 15.5341, 3.82651, 18.12217, 15.13225, 2.91828, 13.32565, 7.43655, 4.90705, -6.78997, -3.14187, 4.36414, 0, 0, 0, 0, 0, 0, 0, 0, 0, 0, -1.98843, -2.75463, -11.2465, 42.42966, -29.96937, 31.79681, -13.00515, 49.01029, -34.77391, 36.62738, -29.5408, 6.35376, 0, 0, 0, 0, 0, 0, 1.46905, -1.85418, 2.11723, -1.0555, -4.19001, 22.77025, -14.39182, 18.53567, 1.4129, 4.36993, -0.57542, 4.55666, 13.34326, 5.15092, 11.38822, 4.08263, 9.82078, 7.06784, 8.44008, 13.61617, 11.45898, 4.91422, 11.85298, 12.75083, 8.43585, 14.94437, -3.17186, 30.80335, -11.54407, 30.3441, -4.1855, 32.47224, -19.22379, 25.8408, 0.87329, 23.07039, -10.14609, 20.073, 5.76978, 5.83595, 0, 0, 0, 0, 0, 0, 0.05513, 5.95881, -1.59141, 5.74325, -2.49812, -1.67002, -1.9402, -2.29491, -7.11044, -0.89784, -6.58685, -2.82584 ],
							"curve": [ 0.25, 0, 0.75, 1 ]
						},
						{
							"time": 3,
							"vertices": [ 2.20869, -8.20043, 4.40591, -7.26055, -3.45162, -9.24957, -0.73825, -9.84521, -6.64584, -9.40197, 0, 0, 0, 0, 0, 0, 0, 0, 0, 0, 0, 0, -1.98843, -2.75463, 0, 0, 0, 0, 0, 0, 0, 0, 6.1296, -3.34106, 0, 0, 0, 0, 0, 0, 0, 0, 0, 0, 0, 0, 0, 0, 0, 0, 0, 0, -5.88128, -7.28924, -5.9918, -10.40911, -2.85488, -11.66668, -13.58615, -22.74279, -2.38723, -18.63208, -4.25242, -14.21936, -0.12265, -14.84155, 0, 0, 0, 0, 0, 0, 0, 0, 0, 0, 0, 0, -5.30157, -8.55896, 0, 0, 0, 0, 0, 0, -3.81034, -1.73931, -3.17517, -2.73205, -2.65071, -4.27954, -1.3536, -4.84881, -3.92082, -4.85943, -2.41198, -5.75952 ]
						}
					]
				},
				"long_R_chibang_": {
					"long_R_chibang_": [
						{
							"time": 0,
							"offset": 16,
							"vertices": [ -13.04632, -7.8991 ],
							"curve": [ 0.25, 0, 0.75, 1 ]
						},
						{
							"time": 0.6333,
							"vertices": [ -9.03906, 4.07049, -6.30194, 7.65148, 0, 0, 0, 0, 0, 0, 0, 0, 0, 0, 2.2114, 0.079, -13.04632, -7.8991, -12.74315, -11.26743, -14.90072, -2.98662, -16.821, -9.46986, -16.87881, -0.71509, 3.47734, -3.41231, 2.40163, -3.82409, 0, 0, -7.01344, -0.6809, -6.08642, 2.31932, 6.79393, -15.42247, 2.02709, -7.2937, -1.36132, -7.44299, -7.64154, -3.08163, -8.2138, 0.61859, 16.80777, -33.23751 ],
							"curve": [ 0.25, 0, 0.75, 1 ]
						},
						{
							"time": 1.2,
							"offset": 10,
							"vertices": [ -8.17614, -9.57104, -14.37646, -16.8294, 0.77551, 4.0469, -13.04632, -7.8991, 20.71887, -9.45712, 17.29882, -14.81521, 12.63165, -22.78915, 5.84277, -25.39309, 10.88946, -4.97006, 9.091, -7.78643, 0, 0, 0.20373, -5.73196, -1.38867, -5.56561, 33.50476, -15.49844, -0.99261, 2.66857, -0.22308, 2.83798, 0, 0, 0, 0, 21.17254, 7.9942 ],
							"curve": [ 0.25, 0, 0.75, 1 ]
						},
						{
							"time": 1.8,
							"offset": 14,
							"vertices": [ 7.60483, 2.02551, -13.04632, -7.8991, 14.86228, -7.3186, 12.17699, -11.22421, 5.62033, -10.13981, 2.59968, -11.29841, 4.84516, -2.21138, 4.04495, -3.4645, 0, 0, 0.09065, -2.55038, -0.61787, -2.47636, 23.96878, -10.08564, 0, 0, 0, 0, 0, 0, 0, 0, 20.36066, -4.32767 ],
							"curve": [ 0.25, 0, 0.625, 0.5 ]
						},
						{
							"time": 2.4,
							"offset": 10,
							"vertices": [ -13.83013, -9.23803, -13.83026, -9.23815, 3.80241, 1.01275, -13.04632, -7.8991, 7.43113, -3.6593, 6.08849, -5.6121, 2.81016, -5.0699, 1.29984, -5.6492, 2.42258, -1.10569, 2.02247, -1.73225, 0, 0, 0.04532, -1.27519, -0.30893, -1.23818, 11.98438, -5.04282, 0, 0, 0, 0, 0, 0, 0, 0, 10.18032, -2.16383 ],
							"curve": [ 0.375, 0.5, 0.75, 1 ]
						},
						{
							"time": 3,
							"offset": 16,
							"vertices": [ -13.04632, -7.8991 ]
						}
					]
				},
				"long_qu_gan_": {
					"long_qu_gan_": [
						{
							"time": 0,
							"offset": 28,
							"vertices": [ 2.69259, -3.00668 ],
							"curve": [ 0.25, 0, 0.75, 1 ]
						},
						{
							"time": 1.3666,
							"offset": 28,
							"vertices": [ 2.69259, -3.00668, -1.89566, -2.42953, 0.41542, -3.05352, 2.41868, -1.90924, -14.7659, -2.24047, -9.07209, -11.86383, 0, 0, -9.0E-5, 9.0E-5, 3.0E-5, 6.0E-5, 0, 0, 0, 0, 0, 0, 0, 0, 0, 0, 0, 0, 0, 0, 0, 0, 0, 0, 0, 0, 0, 0, 0, 0, 0, 0, 0, 0, 0, 0, 0, 0, 0, 0, 0, 0, 0, 0, 0, 0, 0, 0, 0, 0, 0, 0, 0, 0, 0, 0, 0, 0, 0, 0, 0, 0, 0, 0, 0, 0, 0, 0, -0.48556, -9.06799, 5.94587, -6.86383, -9.68566, -8.84945, -0.42943, -13.11242, 8.79399, -9.7359, -8.77127, -5.09387, -2.47931, -9.8352 ],
							"curve": [ 0.25, 0, 0.75, 1 ]
						},
						{
							"time": 3,
							"offset": 28,
							"vertices": [ 2.69259, -3.00668 ]
						}
					]
				}
			}
		}
	},
	"gj": {
		"slots": {
			"long_L_bi_": {
				"attachment": [
					{ "time": 0, "name": "long_L_bi_" },
					{ "time": 2.3333, "name": "long_L_bi_" }
				]
			},
			"long_L_chibang02_": {
				"attachment": [
					{ "time": 0, "name": "long_L_chibang02_" },
					{ "time": 2.3333, "name": "long_L_chibang02_" }
				]
			},
			"long_L_chibang02_gen_": {
				"attachment": [
					{ "time": 0, "name": "long_L_chibang02_gen_" },
					{ "time": 2.3333, "name": "long_L_chibang02_gen_" }
				]
			},
			"long_L_chibang_": {
				"attachment": [
					{ "time": 0, "name": null }
				]
			},
			"long_R_chibang02_": {
				"attachment": [
					{ "time": 0, "name": "long_R_chibang02_" },
					{ "time": 2.3333, "name": "long_R_chibang02_" }
				]
			},
			"long_R_chibang_": {
				"attachment": [
					{ "time": 0, "name": null }
				]
			},
			"long_bozi_": {
				"attachment": [
					{ "time": 0, "name": "long_bozi_" },
					{ "time": 2.3333, "name": "long_bozi_" }
				]
			},
			"long_qu_gan_": {
				"attachment": [
					{ "time": 0, "name": "long_qu_gan_" },
					{ "time": 2.3333, "name": "long_qu_gan_" }
				]
			},
			"long_tou_": {
				"attachment": [
					{ "time": 0, "name": "long_tou_" },
					{ "time": 2.3333, "name": "long_tou_" }
				]
			},
			"long_wei_": {
				"attachment": [
					{ "time": 0, "name": "long_wei_" }
				]
			},
			"long_zhua_zi_": {
				"attachment": [
					{ "time": 0, "name": "long_zhua_zi_" },
					{ "time": 2.3333, "name": "long_zhua_zi_" }
				]
			},
			"waicheng_dizuo_": {
				"attachment": [
					{ "time": 0, "name": "waicheng_dizuo_" },
					{ "time": 1.6333, "name": "waicheng_dizuo_" },
					{ "time": 2.3333, "name": "waicheng_dizuo_" }
				]
			}
		},
		"bones": {
			"root": {
				"rotate": [
					{ "time": 0, "angle": 0, "curve": "stepped" },
					{ "time": 2.3333, "angle": 0 }
				],
				"translate": [
					{ "time": 0, "x": 0, "y": 0, "curve": "stepped" },
					{ "time": 2.3333, "x": 0, "y": 0 }
				],
				"scale": [
					{ "time": 0, "x": 1, "y": 1, "curve": "stepped" },
					{ "time": 2.3333, "x": 1, "y": 1 }
				]
			},
			"long_qu_gan_": {
				"rotate": [
					{ "time": 0, "angle": -0.86, "curve": "stepped" },
					{ "time": 2.3333, "angle": -0.86 }
				],
				"translate": [
					{
						"time": 0,
						"x": 0,
						"y": 0,
						"curve": [ 0.25, 0, 0.75, 1 ]
					},
					{
						"time": 0.4666,
						"x": -2.01,
						"y": -6.1,
						"curve": [ 0.25, 0, 0.75, 1 ]
					},
					{
						"time": 1.2,
						"x": 5.22,
						"y": -3.18,
						"curve": [ 0.25, 0, 0.75, 1 ]
					},
					{ "time": 2.3333, "x": 0, "y": 0 }
				],
				"scale": [
					{ "time": 0, "x": 1, "y": 1, "curve": "stepped" },
					{ "time": 2.3333, "x": 1, "y": 1 }
				]
			},
			"long_qu_gan1_": {
				"rotate": [
					{
						"time": 0,
						"angle": -3.32,
						"curve": [ 0.25, 0, 0.75, 1 ]
					},
					{
						"time": 0.5,
						"angle": -0.33,
						"curve": [ 0.25, 0, 0.75, 1 ]
					},
					{
						"time": 1.1666,
						"angle": -4.93,
						"curve": [ 0.25, 0, 0.75, 1 ]
					},
					{ "time": 2.3333, "angle": -3.32 }
				],
				"translate": [
					{ "time": 0, "x": 0, "y": 0, "curve": "stepped" },
					{ "time": 2.3333, "x": 0, "y": 0 }
				],
				"scale": [
					{ "time": 0, "x": 1, "y": 1, "curve": "stepped" },
					{ "time": 2.3333, "x": 1, "y": 1 }
				]
			},
			"long_qu_gan_wei1_": {
				"rotate": [
					{
						"time": 0,
						"angle": 3.5,
						"curve": [ 0.25, 0, 0.75, 1 ]
					},
					{
						"time": 0.4333,
						"angle": 1.73,
						"curve": [ 0.25, 0, 0.75, 1 ]
					},
					{ "time": 2.3333, "angle": 3.5 }
				],
				"translate": [
					{ "time": 0, "x": 0, "y": 0, "curve": "stepped" },
					{ "time": 2.3333, "x": 0, "y": 0 }
				],
				"scale": [
					{ "time": 0, "x": 1, "y": 1, "curve": "stepped" },
					{ "time": 2.3333, "x": 1, "y": 1 }
				]
			},
			"long_qu_gan_wei2_": {
				"rotate": [
					{
						"time": 0,
						"angle": 0,
						"curve": [ 0.25, 0, 0.75, 1 ]
					},
					{
						"time": 0.4666,
						"angle": 0.62,
						"curve": [ 0.25, 0, 0.75, 1 ]
					},
					{
						"time": 1.2,
						"angle": -1.7,
						"curve": [ 0.25, 0, 0.75, 1 ]
					},
					{ "time": 2.3333, "angle": 0 }
				],
				"translate": [
					{ "time": 0, "x": 0, "y": 0, "curve": "stepped" },
					{ "time": 2.3333, "x": 0, "y": 0 }
				],
				"scale": [
					{ "time": 0, "x": 1, "y": 1, "curve": "stepped" },
					{ "time": 2.3333, "x": 1, "y": 1 }
				]
			},
			"long_L_chibang_": {
				"rotate": [
					{
						"time": 0,
						"angle": 0,
						"curve": [ 0.25, 0, 0.75, 1 ]
					},
					{
						"time": 0.3333,
						"angle": 1.06,
						"curve": [ 0.25, 0, 0.75, 1 ]
					},
					{
						"time": 1.0666,
						"angle": 355.51,
						"curve": [ 0.25, 0, 0.75, 1 ]
					},
					{ "time": 1.6333, "angle": -0.07 }
				],
				"translate": [
					{ "time": 0, "x": 0, "y": 0, "curve": "stepped" },
					{ "time": 1.6333, "x": 0, "y": 0 }
				],
				"scale": [
					{ "time": 0, "x": 1, "y": 1, "curve": "stepped" },
					{ "time": 1.6333, "x": 1, "y": 1 }
				]
			},
			"long_R_chibang_": {
				"rotate": [
					{
						"time": 0,
						"angle": 3.61,
						"curve": [ 0.25, 0, 0.75, 1 ]
					},
					{
						"time": 0.6,
						"angle": -1.12,
						"curve": [ 0.25, 0, 0.75, 1 ]
					},
					{ "time": 1.6333, "angle": 3.61 }
				],
				"translate": [
					{ "time": 0, "x": 0, "y": 0, "curve": "stepped" },
					{ "time": 1.6333, "x": 0, "y": 0 }
				],
				"scale": [
					{ "time": 0, "x": 1, "y": 1, "curve": "stepped" },
					{ "time": 1.6333, "x": 1, "y": 1 }
				]
			},
			"long_bozi_": {
				"rotate": [
					{
						"time": 0,
						"angle": 2.11,
						"curve": [ 0.25, 0, 0.75, 1 ]
					},
					{
						"time": 0.4666,
						"angle": -1.05,
						"curve": [ 0.25, 0, 0.75, 1 ]
					},
					{ "time": 2.3333, "angle": 2.11 }
				],
				"translate": [
					{ "time": 0, "x": 0, "y": 0, "curve": "stepped" },
					{ "time": 2.3333, "x": 0, "y": 0 }
				],
				"scale": [
					{ "time": 0, "x": 1, "y": 1, "curve": "stepped" },
					{ "time": 2.3333, "x": 1, "y": 1 }
				]
			},
			"long_L_chibang1_": {
				"rotate": [
					{
						"time": 0,
						"angle": 3.41,
						"curve": [ 0.25, 0, 0.75, 1 ]
					},
					{
						"time": 0.3666,
						"angle": 5.28,
						"curve": [ 0.25, 0, 0.75, 1 ]
					},
					{
						"time": 1.2333,
						"angle": 0.51,
						"curve": [ 0.25, 0, 0.75, 1 ]
					},
					{ "time": 1.6333, "angle": 3.34 }
				],
				"translate": [
					{ "time": 0, "x": 0, "y": 0, "curve": "stepped" },
					{ "time": 1.6333, "x": 0, "y": 0 }
				],
				"scale": [
					{ "time": 0, "x": 1, "y": 1, "curve": "stepped" },
					{ "time": 1.6333, "x": 1, "y": 1 }
				]
			},
			"long_R_chibang1_": {
				"rotate": [
					{
						"time": 0,
						"angle": 4.33,
						"curve": [ 0.25, 0, 0.75, 1 ]
					},
					{
						"time": 0.4,
						"angle": 3.95,
						"curve": [ 0.25, 0, 0.75, 1 ]
					},
					{
						"time": 1.0666,
						"angle": -3.58,
						"curve": [ 0.25, 0, 0.75, 1 ]
					},
					{ "time": 1.6333, "angle": 4.33 }
				],
				"translate": [
					{ "time": 0, "x": 0, "y": 0, "curve": "stepped" },
					{ "time": 1.6333, "x": 0, "y": 0 }
				],
				"scale": [
					{ "time": 0, "x": 1, "y": 1, "curve": "stepped" },
					{ "time": 1.6333, "x": 1, "y": 1 }
				]
			},
			"long_bozi1_": {
				"rotate": [
					{
						"time": 0,
						"angle": 6.37,
						"curve": [ 0.25, 0, 0.75, 1 ]
					},
					{
						"time": 0.4333,
						"angle": -6.31,
						"curve": [ 0.25, 0, 0.75, 1 ]
					},
					{
						"time": 1.0333,
						"angle": 10.56,
						"curve": [ 0.25, 0, 0.75, 1 ]
					},
					{
						"time": 1.7,
						"angle": 4.32,
						"curve": [ 0.25, 0, 0.75, 1 ]
					},
					{ "time": 2.3333, "angle": 6.37 }
				],
				"translate": [
					{ "time": 0, "x": 0, "y": 0, "curve": "stepped" },
					{ "time": 2.3333, "x": 0, "y": 0 }
				],
				"scale": [
					{ "time": 0, "x": 1, "y": 1, "curve": "stepped" },
					{ "time": 2.3333, "x": 1, "y": 1 }
				]
			},
			"long_qu_gan_wei3_": {
				"rotate": [
					{ "time": 0, "angle": 0, "curve": "stepped" },
					{ "time": 2.3333, "angle": 0 }
				],
				"translate": [
					{ "time": 0, "x": 0, "y": 0, "curve": "stepped" },
					{ "time": 2.3333, "x": 0, "y": 0 }
				],
				"scale": [
					{ "time": 0, "x": 1, "y": 1, "curve": "stepped" },
					{ "time": 2.3333, "x": 1, "y": 1 }
				]
			},
			"long_L_bi_": {
				"rotate": [
					{
						"time": 0,
						"angle": 0,
						"curve": [ 0.25, 0, 0.75, 1 ]
					},
					{
						"time": 0.4666,
						"angle": -6.73,
						"curve": [ 0.25, 0, 0.75, 1 ]
					},
					{
						"time": 0.9666,
						"angle": 7.23,
						"curve": [ 0.25, 0, 0.75, 1 ]
					},
					{
						"time": 1.2,
						"angle": 8.53,
						"curve": [ 0.25, 0, 0.75, 1 ]
					},
					{ "time": 2.3333, "angle": 0 }
				],
				"translate": [
					{ "time": 0, "x": 0, "y": 0, "curve": "stepped" },
					{ "time": 2.3333, "x": 0, "y": 0 }
				],
				"scale": [
					{ "time": 0, "x": 1, "y": 1, "curve": "stepped" },
					{ "time": 2.3333, "x": 1, "y": 1 }
				]
			},
			"long_L_chibang2_": {
				"rotate": [
					{
						"time": 0,
						"angle": 0,
						"curve": [ 0.25, 0, 0.75, 1 ]
					},
					{
						"time": 0.2333,
						"angle": -0.86,
						"curve": [ 0.25, 0, 0.75, 1 ]
					},
					{
						"time": 0.9666,
						"angle": 4.92,
						"curve": [ 0.25, 0, 0.75, 1 ]
					},
					{ "time": 1.6333, "angle": 0.07 }
				],
				"translate": [
					{ "time": 0, "x": 0, "y": 0, "curve": "stepped" },
					{ "time": 1.6333, "x": 0, "y": 0 }
				],
				"scale": [
					{ "time": 0, "x": 1, "y": 1, "curve": "stepped" },
					{ "time": 1.6333, "x": 1, "y": 1 }
				]
			},
			"long_bozi2_": {
				"rotate": [
					{
						"time": 0,
						"angle": 0,
						"curve": [ 0.25, 0, 0.75, 1 ]
					},
					{
						"time": 0.3,
						"angle": 4.06,
						"curve": [ 0.25, 0, 0.75, 1 ]
					},
					{
						"time": 0.7333,
						"angle": -0.27,
						"curve": [ 0.25, 0, 0.75, 1 ]
					},
					{
						"time": 1.2666,
						"angle": 7.4,
						"curve": [ 0.25, 0, 0.75, 1 ]
					},
					{
						"time": 1.6666,
						"angle": 9.8,
						"curve": [ 0.25, 0, 0.75, 1 ]
					},
					{ "time": 2.3333, "angle": 0 }
				],
				"translate": [
					{ "time": 0, "x": 0, "y": 0, "curve": "stepped" },
					{ "time": 2.3333, "x": 0, "y": 0 }
				],
				"scale": [
					{ "time": 0, "x": 1, "y": 1, "curve": "stepped" },
					{ "time": 2.3333, "x": 1, "y": 1 }
				]
			},
			"long_wei_": {
				"rotate": [
					{
						"time": 0,
						"angle": 3.5,
						"curve": [ 0.25, 0, 0.75, 1 ]
					},
					{
						"time": 0.3333,
						"angle": 12.82,
						"curve": [ 0.25, 0, 0.75, 1 ]
					},
					{
						"time": 1,
						"angle": -4.42,
						"curve": [ 0.25, 0, 0.75, 1 ]
					},
					{ "time": 2.3333, "angle": 3.5 }
				],
				"translate": [
					{ "time": 0, "x": 0, "y": 0, "curve": "stepped" },
					{ "time": 2.3333, "x": 0, "y": 0 }
				],
				"scale": [
					{ "time": 0, "x": 1, "y": 1, "curve": "stepped" },
					{ "time": 2.3333, "x": 1, "y": 1 }
				]
			},
			"long_wei1_": {
				"rotate": [
					{
						"time": 0,
						"angle": 0,
						"curve": [ 0.25, 0, 0.75, 1 ]
					},
					{
						"time": 0.3,
						"angle": -6.54,
						"curve": [ 0.25, 0, 0.75, 1 ]
					},
					{
						"time": 0.7,
						"angle": 18.73,
						"curve": [ 0.25, 0, 0.75, 1 ]
					},
					{
						"time": 1.1,
						"angle": -7.46,
						"curve": [ 0.25, 0, 0.75, 1 ]
					},
					{ "time": 2.3333, "angle": 0 }
				],
				"translate": [
					{ "time": 0, "x": 0, "y": 0, "curve": "stepped" },
					{ "time": 2.3333, "x": 0, "y": 0 }
				],
				"scale": [
					{ "time": 0, "x": 1, "y": 1, "curve": "stepped" },
					{ "time": 2.3333, "x": 1, "y": 1 }
				]
			},
			"long_tou_": {
				"rotate": [
					{
						"time": 0,
						"angle": -6.55,
						"curve": [ 0.25, 0, 0.75, 1 ]
					},
					{
						"time": 0.3333,
						"angle": 3,
						"curve": [ 0.25, 0, 0.75, 1 ]
					},
					{
						"time": 0.7,
						"angle": -11.29,
						"curve": [ 0.25, 0, 0.75, 1 ]
					},
					{
						"time": 0.9666,
						"angle": -7.4,
						"curve": [ 0.25, 0, 0.75, 1 ]
					},
					{
						"time": 1.2666,
						"angle": -0.03,
						"curve": [ 0.25, 0, 0.75, 1 ]
					},
					{ "time": 2.3333, "angle": -6.55 }
				],
				"translate": [
					{ "time": 0, "x": 0, "y": 0, "curve": "stepped" },
					{ "time": 2.3333, "x": 0, "y": 0 }
				],
				"scale": [
					{ "time": 0, "x": 1, "y": 1, "curve": "stepped" },
					{ "time": 2.3333, "x": 1, "y": 1 }
				]
			},
			"long_tou1_": {
				"rotate": [
					{
						"time": 0,
						"angle": 4.9,
						"curve": [ 0.25, 0, 0.75, 1 ]
					},
					{
						"time": 0.8333,
						"angle": 12.02,
						"curve": [ 0.25, 0, 0.75, 1 ]
					},
					{ "time": 2.3333, "angle": 4.9 }
				],
				"translate": [
					{ "time": 0, "x": 0, "y": 0, "curve": "stepped" },
					{ "time": 2.3333, "x": 0, "y": 0 }
				],
				"scale": [
					{ "time": 0, "x": 1, "y": 1, "curve": "stepped" },
					{ "time": 2.3333, "x": 1, "y": 1 }
				]
			},
			"long_wei2_": {
				"rotate": [
					{
						"time": 0,
						"angle": -0.01,
						"curve": [ 0.25, 0, 0.75, 1 ]
					},
					{
						"time": 0.3333,
						"angle": -11.65,
						"curve": [ 0.25, 0, 0.75, 1 ]
					},
					{
						"time": 0.6666,
						"angle": -16.65,
						"curve": [ 0.25, 0, 0.75, 1 ]
					},
					{
						"time": 1,
						"angle": 4.03,
						"curve": [ 0.25, 0, 0.75, 1 ]
					},
					{
						"time": 1.3666,
						"angle": -27.11,
						"curve": [ 0.25, 0, 0.75, 1 ]
					},
					{
						"time": 2,
						"angle": -14.69,
						"curve": [ 0.25, 0, 0.75, 1 ]
					},
					{ "time": 2.3333, "angle": -0.01 }
				],
				"translate": [
					{ "time": 0, "x": 0, "y": 0, "curve": "stepped" },
					{ "time": 2.3333, "x": 0, "y": 0 }
				],
				"scale": [
					{ "time": 0, "x": 1, "y": 1, "curve": "stepped" },
					{ "time": 2.3333, "x": 1, "y": 1 }
				]
			},
			"long_wei3_": {
				"rotate": [
					{
						"time": 0,
						"angle": -8.75,
						"curve": [ 0.25, 0, 0.75, 1 ]
					},
					{
						"time": 0.2666,
						"angle": -6.44,
						"curve": [ 0.25, 0, 0.75, 1 ]
					},
					{
						"time": 0.5333,
						"angle": -15.88,
						"curve": [ 0.25, 0, 0.75, 1 ]
					},
					{
						"time": 0.9333,
						"angle": 11.89,
						"curve": [ 0.25, 0, 0.75, 1 ]
					},
					{
						"time": 1.7666,
						"angle": -34.35,
						"curve": [ 0.25, 0, 0.75, 1 ]
					},
					{ "time": 2.3333, "angle": -8.75 }
				],
				"translate": [
					{ "time": 0, "x": 0, "y": 0, "curve": "stepped" },
					{ "time": 2.3333, "x": 0, "y": 0 }
				],
				"scale": [
					{ "time": 0, "x": 1, "y": 1, "curve": "stepped" },
					{ "time": 2.3333, "x": 1, "y": 1 }
				]
			},
			"long_tou2_": {
				"rotate": [
					{
						"time": 0,
						"angle": 20.87,
						"curve": [ 0.25, 0, 0.75, 1 ]
					},
					{
						"time": 0.4,
						"angle": 25.9,
						"curve": [ 0.25, 0, 0.75, 1 ]
					},
					{
						"time": 0.7,
						"angle": 28.32,
						"curve": [ 0.25, 0, 0.75, 1 ]
					},
					{
						"time": 1.1,
						"angle": 9.28,
						"curve": [ 0.25, 0, 0.75, 1 ]
					},
					{
						"time": 1.3,
						"angle": 15.6,
						"curve": [ 0.25, 0, 0.75, 1 ]
					},
					{
						"time": 1.5666,
						"angle": 12.08,
						"curve": [ 0.25, 0, 0.75, 1 ]
					},
					{
						"time": 1.9333,
						"angle": 12.98,
						"curve": [ 0.25, 0, 0.75, 1 ]
					},
					{ "time": 2.3333, "angle": 20.87 }
				],
				"translate": [
					{ "time": 0, "x": 0, "y": 0, "curve": "stepped" },
					{ "time": 2.3333, "x": 0, "y": 0 }
				],
				"scale": [
					{ "time": 0, "x": 1, "y": 1, "curve": "stepped" },
					{ "time": 2.3333, "x": 1, "y": 1 }
				]
			},
			"long_L_chibang02_": {
				"rotate": [
					{
						"time": 0,
						"angle": 0,
						"curve": [ 0.25, 0, 0.75, 1 ]
					},
					{
						"time": 0.4666,
						"angle": -8.92,
						"curve": [ 0.25, 0, 0.75, 1 ]
					},
					{
						"time": 1.2666,
						"angle": 6.28,
						"curve": [ 0.25, 0, 0.75, 1 ]
					},
					{ "time": 2.3333, "angle": 0 }
				],
				"translate": [
					{ "time": 0, "x": 0, "y": 0, "curve": "stepped" },
					{ "time": 2.3333, "x": 0, "y": 0 }
				],
				"scale": [
					{ "time": 0, "x": 1, "y": 1, "curve": "stepped" },
					{ "time": 2.3333, "x": 1, "y": 1 }
				]
			},
			"long_R_chibang02_": {
				"rotate": [
					{
						"time": 0,
						"angle": 0,
						"curve": [ 0.25, 0, 0.75, 1 ]
					},
					{
						"time": 0.4666,
						"angle": 6.26,
						"curve": [ 0.25, 0, 0.75, 1 ]
					},
					{
						"time": 1.4333,
						"angle": -3.23,
						"curve": [ 0.25, 0, 0.75, 1 ]
					},
					{ "time": 2.3333, "angle": 0 }
				],
				"translate": [
					{ "time": 0, "x": 0, "y": 0, "curve": "stepped" },
					{ "time": 2.3333, "x": 0, "y": 0 }
				],
				"scale": [
					{ "time": 0, "x": 1, "y": 1, "curve": "stepped" },
					{ "time": 2.3333, "x": 1, "y": 1 }
				]
			},
			"long_L_chibang02_gen_": {
				"rotate": [
					{ "time": 0, "angle": 0, "curve": "stepped" },
					{ "time": 2.3333, "angle": 0 }
				],
				"translate": [
					{
						"time": 0,
						"x": -0.2,
						"y": -7.11,
						"curve": [ 0.25, 0, 0.75, 1 ]
					},
					{
						"time": 0.6666,
						"x": -0.91,
						"y": -7.32,
						"curve": [ 0.25, 0, 0.75, 1 ]
					},
					{
						"time": 1.4,
						"x": 11.49,
						"y": -13.65,
						"curve": [ 0.25, 0, 0.75, 1 ]
					},
					{ "time": 2.3333, "x": -0.2, "y": -7.11 }
				],
				"scale": [
					{ "time": 0, "x": 1, "y": 1, "curve": "stepped" },
					{ "time": 2.3333, "x": 1, "y": 1 }
				]
			},
			"long_lin": {
				"rotate": [
					{
						"time": 0,
						"angle": 0,
						"curve": [ 0.25, 0, 0.75, 1 ]
					},
					{
						"time": 0.4666,
						"angle": -4.48,
						"curve": [ 0.25, 0, 0.75, 1 ]
					},
					{
						"time": 1,
						"angle": 4.24,
						"curve": [ 0.25, 0, 0.75, 1 ]
					},
					{
						"time": 1.3666,
						"angle": -0.7,
						"curve": [ 0.25, 0, 0.75, 1 ]
					},
					{ "time": 2.3333, "angle": 0 }
				],
				"translate": [
					{ "time": 0, "x": 0, "y": 0, "curve": "stepped" },
					{ "time": 2.3333, "x": 0, "y": 0 }
				],
				"scale": [
					{ "time": 0, "x": 1, "y": 1, "curve": "stepped" },
					{ "time": 2.3333, "x": 1, "y": 1 }
				]
			},
			"long_L_chibang02_1_": {
				"rotate": [
					{
						"time": 0,
						"angle": 0,
						"curve": [ 0.25, 0, 0.75, 1 ]
					},
					{
						"time": 0.3666,
						"angle": 3.67,
						"curve": [ 0.25, 0, 0.75, 1 ]
					},
					{
						"time": 0.7333,
						"angle": -0.77,
						"curve": [ 0.25, 0, 0.75, 1 ]
					},
					{
						"time": 1.3666,
						"angle": 9.7,
						"curve": [ 0.25, 0, 0.75, 1 ]
					},
					{ "time": 2.3333, "angle": 0 }
				],
				"translate": [
					{ "time": 0, "x": 0, "y": 0, "curve": "stepped" },
					{ "time": 2.3333, "x": 0, "y": 0 }
				],
				"scale": [
					{ "time": 0, "x": 1, "y": 1, "curve": "stepped" },
					{ "time": 2.3333, "x": 1, "y": 1 }
				]
			},
			"long_L_chibang02_2_": {
				"rotate": [
					{
						"time": 0,
						"angle": 0,
						"curve": [ 0.25, 0, 0.75, 1 ]
					},
					{
						"time": 0.3,
						"angle": -1.43,
						"curve": [ 0.25, 0, 0.75, 1 ]
					},
					{
						"time": 0.9,
						"angle": -5.51,
						"curve": [ 0.25, 0, 0.75, 1 ]
					},
					{
						"time": 1.5333,
						"angle": 8.21,
						"curve": [ 0.25, 0, 0.75, 1 ]
					},
					{ "time": 2.3333, "angle": 0 }
				],
				"translate": [
					{ "time": 0, "x": 0, "y": 0, "curve": "stepped" },
					{ "time": 2.3333, "x": 0, "y": 0 }
				],
				"scale": [
					{ "time": 0, "x": 1, "y": 1, "curve": "stepped" },
					{ "time": 2.3333, "x": 1, "y": 1 }
				]
			},
			"long_R_chibang02_1_": {
				"rotate": [
					{
						"time": 0,
						"angle": 0,
						"curve": [ 0.25, 0, 0.75, 1 ]
					},
					{
						"time": 0.3666,
						"angle": -0.7,
						"curve": [ 0.25, 0, 0.75, 1 ]
					},
					{
						"time": 0.7666,
						"angle": 3.58,
						"curve": [ 0.25, 0, 0.75, 1 ]
					},
					{
						"time": 1.4333,
						"angle": -3.2,
						"curve": [ 0.25, 0, 0.75, 1 ]
					},
					{ "time": 2.3333, "angle": 0 }
				],
				"translate": [
					{ "time": 0, "x": 0, "y": 0, "curve": "stepped" },
					{ "time": 2.3333, "x": 0, "y": 0 }
				],
				"scale": [
					{ "time": 0, "x": 1, "y": 1, "curve": "stepped" },
					{ "time": 2.3333, "x": 1, "y": 1 }
				]
			},
			"long_R_chibang02_2_": {
				"rotate": [
					{
						"time": 0,
						"angle": 0,
						"curve": [ 0.25, 0, 0.75, 1 ]
					},
					{
						"time": 0.2666,
						"angle": -4.76,
						"curve": [ 0.25, 0, 0.75, 1 ]
					},
					{
						"time": 0.8333,
						"angle": 0.39,
						"curve": [ 0.25, 0, 0.75, 1 ]
					},
					{
						"time": 1.5666,
						"angle": -7.55,
						"curve": [ 0.25, 0, 0.75, 1 ]
					},
					{ "time": 2.3333, "angle": 0 }
				],
				"translate": [
					{ "time": 0, "x": 0, "y": 0, "curve": "stepped" },
					{ "time": 2.3333, "x": 0, "y": 0 }
				],
				"scale": [
					{ "time": 0, "x": 1, "y": 1, "curve": "stepped" },
					{ "time": 2.3333, "x": 1, "y": 1 }
				]
			},
			"long_R_chibang02_3_": {
				"rotate": [
					{
						"time": 0,
						"angle": 0,
						"curve": [ 0.25, 0, 0.75, 1 ]
					},
					{ "time": 0.3, "angle": -0.33 },
					{ "time": 1.0666, "angle": 4.69 },
					{ "time": 1.7, "angle": -5.4 },
					{ "time": 2.3333, "angle": 0 }
				],
				"translate": [
					{ "time": 0, "x": 0, "y": 0, "curve": "stepped" },
					{ "time": 2.3333, "x": 0, "y": 0 }
				],
				"scale": [
					{ "time": 0, "x": 1, "y": 1, "curve": "stepped" },
					{ "time": 2.3333, "x": 1, "y": 1 }
				]
			}
		},
		"ffd": {
			"default": {
				"long_L_chibang02_": {
					"long_L_chibang02_": [
						{
							"time": 0,
							"offset": 24,
							"vertices": [ -0.62176, 0.99182 ],
							"curve": [ 0.25, 0, 0.75, 1 ]
						},
						{
							"time": 0.4,
							"vertices": [ -8.28346, 34.52436, -3.47383, 38.28167, 0, 0, 0, 0, 0, 0, 0, 0, 2.66584, 2.94698, -1.86698, 3.24699, 4.31167, 1.5399, -0.15708, 4.57575, -0.43437, 0.33375, 0.55178, 0.41689, -0.62176, 0.99182, -0.12323, 1.25238, -1.23063, 0.26311, 0, 0, 0, 0, 0, 0, 0, 0, 0, 0, 0, 0, 0, 0, -1.31398, -1.76568, 1.283, -1.78835, -0.09368, 10.81753, -2.5674, 10.52395, -25.03578, 18.27206, 2.63305, -3.85531, 4.93717, -2.37841, 1.16721, -0.67601, 2.1948, -0.12519, 0.26278, -3.08493, 0.95283, -2.90195, -8.60425, 13.18707, -11.47949, 10.0225, -17.08319, 9.41947, 1.71851, 5.60909, -0.57818, 5.70635, 0, 0, 2.38161, 1.4988, -0.70434, 2.72448, -2.43052, 27.05234, -11.50052, 24.65372, 0.68099, -5.00705, 2.26672, -4.67687, -1.41663, -1.47824, 0.97795, -1.79881 ],
							"curve": [ 0.25, 0, 0.75, 1 ]
						},
						{
							"time": 0.9666,
							"vertices": [ 6.70754, -6.38846, 4.33192, -6.65969, 0, 0, 0, 0, 0, 0, 0, 0, -3.67686, 19.99919, -19.16485, 0.52902, 13.62525, 3.51651, 0.46692, 14.15665, -14.84948, 11.2365, -15.39891, 5.40746, -0.62176, 0.99182, -0.29782, 3.02658, -2.97403, 0.63586, 0, 0, 0, 0, 0, 0, 0, 0, 0, 0, 0, 0, 0, 0, -3.17545, -4.26706, 3.10058, -4.32184, 2.23435, -11.50358, 8.57275, -9.28338, 6.05301, -8.83158, -2.0828, 3.64637, -0.81245, 3.03145, 3.95712, -25.27016, 15.34404, -21.73242, 0.63507, -7.45526, 2.30268, -7.01305, 10.11045, -11.98907, 15.93379, -6.9481, 11.14732, -29.14186, -0.00145, -0.54533, -0.86298, -1.02353, 0, 0, -1.78899, 0.43471, -0.09977, -1.44861, 0.3556, -4.83344, 1.36708, -4.59177, 1.64573, -12.10037, 5.47791, -11.30244, -3.42352, -3.57241, 2.36338, -4.34712 ],
							"curve": [ 0.25, 0, 0.75, 1 ]
						},
						{
							"time": 1.5333,
							"vertices": [ 3.44294, 0.68432, 6.87132, -10.56366, 0, 0, 0, 0, 0, 0, 0, 0, 16.81738, 34.98617, -28.22297, 26.6535, 42.03613, 24.16485, -10.25064, 47.39245, 2.41258, 47.56128, -5.28291, 47.33124, -0.62176, 0.99182, -0.47241, 4.80079, -4.71743, 1.0086, 0, 0, 0, 0, 0, 0, 0, 0, 0, 0, 0, 0, 0, 0, -5.03692, -6.76844, 4.91816, -6.85534, 3.59359, 31.73352, -1.56709, 31.9002, 0.25743, 22.7185, 8.08563, 49.77301, -0.04054, 50.42877, -13.08256, 22.86126, -16.59635, 20.45556, 0.28112, -8.18536, 1.59655, -8.03344, 4.64224, 35.28155, -1.10372, 35.57092, -1.83187, 3.21508, 1.45039, -8.14526, 2.74414, -7.80542, 0, 0, 23.5263, 12.41252, -4.67771, 26.18646, 0.20086, -5.84674, 1.14041, -5.73815, 3.7087, -5.72613, 4.58325, -5.05383, -5.43042, -5.66659, 3.7488, -6.89544 ],
							"curve": [ 0.25, 0, 0.75, 1 ]
						},
						{
							"time": 2.3333,
							"offset": 24,
							"vertices": [ -0.62176, 0.99182 ]
						}
					]
				},
				"long_L_chibang_": {
					"long_L_chibang_": [
						{ "time": 0 }
					]
				},
				"long_R_chibang02_": {
					"long_R_chibang02_": [
						{
							"time": 0,
							"offset": 12,
							"vertices": [ -0.45916, -1.25646, -0.97, -0.92218 ],
							"curve": [ 0.25, 0, 0.75, 1 ]
						},
						{
							"time": 0.2666,
							"offset": 12,
							"vertices": [ -0.45916, -1.25646, -0.97, -0.92218, 8.47164, -9.87254, -6.09339, -11.42425, -10.30452, -7.6924, 4.83962, -12.04304, -9.40308, -8.78894, 0, 0, 0, 0, 3.58629, -1.5179, 2.87757, -2.62423, -3.87933, -7.10963, -6.37126, -4.78619, 1.56548, -13.41595, -4.28271, -12.76372, 0.24931, 2.44007, 1.16742, 2.15717, 0.09066, 0.88725, 0.42449, 0.78439, 0, 0, 0, 0, 0, 0, 0, 0, 7.10022, -6.10763, -3.21775, -8.79553, 0.48374, -10.8386, -4.29053, -9.96753, 0.49757, -4.74073, -1.59174, -4.45539, 0, 0, 0, 0, 1.54409, 1.09338, 1.81997, 0.51761, 1.55843, -0.86827, -0.1813, -1.77468 ],
							"curve": [ 0.25, 0, 0.75, 1 ]
						},
						{
							"time": 0.8666,
							"offset": 8,
							"vertices": [ 8.86761, 10.79205, 0, 0, -0.45916, -1.25646, -0.97, -0.92218, 13.0749, -10.11853, -4.33047, -15.86665, -10.25245, -12.70281, 11.07729, -11.31231, -6.1508, -14.41723, 0, 0, 0, 0, 11.65545, -4.93318, 9.35211, -8.52875, -2.09845, -15.41287, -7.88983, -13.26596, -1.2193, -7.77218, -3.22464, -6.5046, 4.37412, 15.12323, 10.45771, 11.48701, 0.29465, 2.88358, 1.37962, 2.54927, 0, 0, 0, 0, 0, 0, 0, 0, 3.90512, -3.35919, -1.76976, -4.83754, 0.08247, -7.7581, -3.21948, -7.07063, 0.10067, 10.36363, 5.65862, 9.00795, 0, 0, 0, 0, 5.01831, 3.55351, 5.91492, 1.68224, 5.0649, -2.82188, -0.58924, -5.76773 ],
							"curve": [ 0.25, 0, 0.75, 1 ]
						},
						{
							"time": 1.6,
							"offset": 12,
							"vertices": [ -0.45916, -1.25646, -0.97, -0.92218, 18.70111, -10.41918, -2.17579, -21.29626, -10.18882, -18.82666, 18.70111, -10.41918, -2.17579, -21.29626, 0, 0, 0, 0, 21.51776, -9.10742, 17.26544, -15.74539, 0.07817, -25.56128, -9.74588, -23.63012, 6.08216, -19.44982, -1.85507, -20.29351, 1.4959, 14.64044, 7.00456, 12.94305, 0.54398, 5.32354, 2.54699, 4.70636, 0, 0, 0, 0, 0, 0, 0, 0, 0, 0, 0, 0, -0.40796, -3.99304, -1.91041, -3.52996, 3.7209, -3.07, 2.25619, -4.26312, 0, 0, 0, 0, 9.26458, 6.56034, 10.91986, 3.10568, 9.35058, -5.20962, -1.08783, -10.64813 ],
							"curve": [ 0.25, 0, 0.75, 1 ]
						},
						{
							"time": 2.3333,
							"offset": 12,
							"vertices": [ -0.45916, -1.25646, -0.97, -0.92218 ]
						}
					]
				},
				"long_bozi_": {
					"long_bozi_": [
						{
							"time": 0,
							"curve": [ 0.25, 0, 0.75, 1 ]
						},
						{
							"time": 0.6666,
							"offset": 20,
							"vertices": [ 2.47314, 2.40313, 0, 0, 0, 0, 0, 0, 0, 0, 0, 0, 4.01269, -0.41607, 1.93035, -3.54204, 0, 0, 0, 0, 0, 0, 0, 0, 0, 0, 0, 0, 0, 0, 4.01269, -0.41607, 1.93035, -3.54204, 2.16394, 2.10272, 1.23651, 1.20159, 1.69061, -0.33789, 1.85485, 1.80239, 2.53601, -0.50687 ],
							"curve": [ 0.25, 0, 0.75, 1 ]
						},
						{
							"time": 1.4,
							"offset": 12,
							"vertices": [ -2.03527, -2.22607, -2.76959, 1.19519, 0.00115, 3.0E-4, -3.60586, -14.80279, -5.18686, -5.85589, 0, 0, 0, 0, 0, 0, 0, 0, 0, 0, -1.92517, -5.02282, -4.76299, 0.41078, -2.32614, -2.54415, -3.16534, 1.36602, 0, 0, 0, 0, 0, 0, 0, 0, 0, 0, -5.7051, -9.15712, -9.90667, 2.63043, -2.75676, -3.17546, 0.75073, 0.72954, 1.02644, -0.20514, -1.49102, -1.76799, -2.02149, 1.2291, -2.0353, -2.22604, -2.76965, 1.19525 ],
							"curve": [ 0.25, 0, 0.75, 1 ]
						},
						{ "time": 2.3333 }
					]
				},
				"long_qu_gan_": {
					"long_qu_gan_": [
						{
							"time": 0,
							"offset": 28,
							"vertices": [ 3.13745, 3.02276 ],
							"curve": [ 0.25, 0, 0.75, 1 ]
						},
						{
							"time": 0.6666,
							"offset": 28,
							"vertices": [ 3.13745, 3.02276, 0, 0, 0, 0, 0, 0, 0.04708, 3.66546, -2.44148, 2.73452, 0, 0, 5.25827, 5.10925, 0.09418, 7.33074, 0.18835, 14.66162, -9.76576, 10.93795, -7.32438, 8.20349, 7.64877, -7.90216, 0, 0, 0, 0, 0, 0, 0, 0, 0, 0, 0, 0, 0, 0, 0, 0, 0, 0, 0, 0, 0, 0, 0, 0, 0, 0, 0, 0, 0, 0, 0, 0, 0, 0, 0, 0, 0, 0, 0, 0, 0, 0, 0, 0, 0, 0, 0, 0, 0, 0, 0, 0, 0, 0, 0.07844, 6.10894, -4.06906, 4.55743, 4.3818, 4.25769, 0.07844, 6.10894, -4.06906, 4.55743, 4.3818, 4.25772, 0.07842, 6.10894 ],
							"curve": [ 0.25, 0, 0.75, 1 ]
						},
						{
							"time": 1.4,
							"offset": 28,
							"vertices": [ 15.763, -8.52111, -9.75656, -11.1517, 1.07978, -14.77233, 9.86534, -11.04919, 1.0154, -12.005, 8.01883, -8.98059, 0, 0, -6.70118, -7.7189, 1.02709, -10.17974, 0.59916, 1.58614, -1.04609, 1.17196, -1.34044, -1.44216, 1.37819, 1.54494, 0, 0, 0, 0, 0, 0, 0, 0, 0, 0, 0, 0, 0, 0, 0, 0, 0, 0, 0, 0, 0, 0, 0, 0, 0, 0, 0, 0, 0, 0, 0, 0, 0, 0, 0, 0, 0, 0, 0, 0, 0, 0, 0, 0, 0, 0, 1.56063, 5.49661, 0.75469, 5.66369, 4.1786, -17.92202, -4.64595, 17.79077, -1.05082, -24.02171, 13.72415, -19.78468, -16.30363, -18.1553, 1.90605, -24.33335, 16.24777, -18.19673, -12.93922, -14.39728, 1.55595, -19.30155, -2.1931, -1.95819, 2.14366, 2.01205, 1.83235, 2.29916 ],
							"curve": [ 0.25, 0, 0.75, 1 ]
						},
						{
							"time": 2.3333,
							"offset": 28,
							"vertices": [ 3.13745, 3.02276 ]
						}
					]
				},
				"long_wei_": {
					"long_wei_": [
						{
							"time": 0,
							"curve": [ 0.25, 0, 0.75, 1 ]
						},
						{
							"time": 0.4666,
							"offset": 14,
							"vertices": [ -8.7637, 5.37487, -10.04644, -2.45378 ],
							"curve": [ 0.25, 0, 0.75, 1 ]
						},
						{
							"time": 2.3333,
							"offset": 14,
							"vertices": [ 1.3031, -0.31237, 1.03109, 0.85572 ]
						}
					]
				}
			}
		}
	}
}
}