{"skeleton":{"hash":"L7q+rDmKRHyNdTClTRyj8WVbeME","spine":"3.7.94","width":0,"height":0,"images":"./images/","audio":"F:/COK项目/Spine工程/外包皮肤—4个盲盒Spine/盲盒骑士队长_绿_Spine/休闲_Spine/mhqs_G_idle_B"},"bones":[{"name":"root"},{"name":"ctr","parent":"root","scaleX":1.25,"scaleY":1.25},{"name":"mhqsGidle_UL_","parent":"ctr"},{"name":"mhqsGidle_UR_","parent":"ctr"},{"name":"mhqsGidle_DL_","parent":"ctr"},{"name":"mhqsGidle_DR_","parent":"ctr"}],"slots":[{"name":"mhqsGidle_UL_","bone":"mhqsGidle_UL_"},{"name":"mhqsGidle_UR_","bone":"mhqsGidle_UR_"},{"name":"mhqsGidle_DL_","bone":"mhqsGidle_DL_"},{"name":"mhqsGidle_DR_","bone":"mhqsGidle_DR_"}],"skins":{"default":{"mhqsGidle_DL_":{"mhqsGidle_DL_00084_":{"x":-189.5,"y":-145,"width":379,"height":290},"mhqsGidle_DL_00087_":{"x":-189.5,"y":-145,"width":379,"height":290},"mhqsGidle_DL_00090_":{"x":-189.5,"y":-145,"width":379,"height":290},"mhqsGidle_DL_00093_":{"x":-189.5,"y":-145,"width":379,"height":290},"mhqsGidle_DL_00096_":{"x":-189.5,"y":-145,"width":379,"height":290},"mhqsGidle_DL_00099_":{"x":-189.5,"y":-145,"width":379,"height":290},"mhqsGidle_DL_00102_":{"x":-189.5,"y":-145,"width":379,"height":290},"mhqsGidle_DL_00105_":{"x":-189.5,"y":-145,"width":379,"height":290},"mhqsGidle_DL_00108_":{"x":-189.5,"y":-145,"width":379,"height":290},"mhqsGidle_DL_00111_":{"x":-189.5,"y":-145,"width":379,"height":290},"mhqsGidle_DL_00114_":{"x":-189.5,"y":-145,"width":379,"height":290},"mhqsGidle_DL_00117_":{"x":-189.5,"y":-145,"width":379,"height":290},"mhqsGidle_DL_00120_":{"x":-189.5,"y":-145,"width":379,"height":290},"mhqsGidle_DL_00123_":{"x":-189.5,"y":-145,"width":379,"height":290},"mhqsGidle_DL_00126_":{"x":-189.5,"y":-145,"width":379,"height":290},"mhqsGidle_DL_00129_":{"x":-189.5,"y":-145,"width":379,"height":290},"mhqsGidle_DL_00132_":{"x":-189.5,"y":-145,"width":379,"height":290},"mhqsGidle_DL_00135_":{"x":-189.5,"y":-145,"width":379,"height":290},"mhqsGidle_DL_00138_":{"x":-189.5,"y":-145,"width":379,"height":290},"mhqsGidle_DL_00141_":{"x":-189.5,"y":-145,"width":379,"height":290},"mhqsGidle_DL_00144_":{"x":-189.5,"y":-145,"width":379,"height":290},"mhqsGidle_DL_00147_":{"x":-189.5,"y":-145,"width":379,"height":290},"mhqsGidle_DL_00150_":{"x":-189.5,"y":-145,"width":379,"height":290},"mhqsGidle_DL_00153_":{"x":-189.5,"y":-145,"width":379,"height":290},"mhqsGidle_DL_00156_":{"x":-189.5,"y":-145,"width":379,"height":290},"mhqsGidle_DL_00159_":{"x":-189.5,"y":-145,"width":379,"height":290},"mhqsGidle_DL_00162_":{"x":-189.5,"y":-145,"width":379,"height":290},"mhqsGidle_DL_00165_":{"x":-189.5,"y":-145,"width":379,"height":290},"mhqsGidle_DL_00168_":{"x":-189.5,"y":-145,"width":379,"height":290},"mhqsGidle_DL_00171_":{"x":-189.5,"y":-145,"width":379,"height":290},"mhqsGidle_DL_00174_":{"x":-189.5,"y":-145,"width":379,"height":290},"mhqsGidle_DL_00177_":{"x":-189.5,"y":-145,"width":379,"height":290},"mhqsGidle_DL_00180_":{"x":-189.5,"y":-145,"width":379,"height":290},"mhqsGidle_DL_00183_":{"x":-189.5,"y":-145,"width":379,"height":290},"mhqsGidle_DL_00186_":{"x":-189.5,"y":-145,"width":379,"height":290},"mhqsGidle_DL_00189_":{"x":-189.5,"y":-145,"width":379,"height":290},"mhqsGidle_DL_00192_":{"x":-189.5,"y":-145,"width":379,"height":290},"mhqsGidle_DL_00195_":{"x":-189.5,"y":-145,"width":379,"height":290},"mhqsGidle_DL_00196_":{"x":-189.5,"y":-145,"width":379,"height":290}},"mhqsGidle_DR_":{"mhqsGidle_DR_00084_":{"x":210.5,"y":-145,"width":421,"height":290},"mhqsGidle_DR_00087_":{"x":210.5,"y":-145,"width":421,"height":290},"mhqsGidle_DR_00090_":{"x":210.5,"y":-145,"width":421,"height":290},"mhqsGidle_DR_00093_":{"x":210.5,"y":-145,"width":421,"height":290},"mhqsGidle_DR_00096_":{"x":210.5,"y":-145,"width":421,"height":290},"mhqsGidle_DR_00099_":{"x":210.5,"y":-145,"width":421,"height":290},"mhqsGidle_DR_00102_":{"x":210.5,"y":-145,"width":421,"height":290},"mhqsGidle_DR_00105_":{"x":210.5,"y":-145,"width":421,"height":290},"mhqsGidle_DR_00108_":{"x":210.5,"y":-145,"width":421,"height":290},"mhqsGidle_DR_00111_":{"x":210.5,"y":-145,"width":421,"height":290},"mhqsGidle_DR_00114_":{"x":210.5,"y":-145,"width":421,"height":290},"mhqsGidle_DR_00117_":{"x":210.5,"y":-145,"width":421,"height":290},"mhqsGidle_DR_00120_":{"x":210.5,"y":-145,"width":421,"height":290},"mhqsGidle_DR_00123_":{"x":210.5,"y":-145,"width":421,"height":290},"mhqsGidle_DR_00126_":{"x":210.5,"y":-145,"width":421,"height":290},"mhqsGidle_DR_00129_":{"x":210.5,"y":-145,"width":421,"height":290},"mhqsGidle_DR_00132_":{"x":210.5,"y":-145,"width":421,"height":290},"mhqsGidle_DR_00135_":{"x":210.5,"y":-145,"width":421,"height":290},"mhqsGidle_DR_00138_":{"x":210.5,"y":-145,"width":421,"height":290},"mhqsGidle_DR_00141_":{"x":210.5,"y":-145,"width":421,"height":290},"mhqsGidle_DR_00144_":{"x":210.5,"y":-145,"width":421,"height":290},"mhqsGidle_DR_00147_":{"x":210.5,"y":-145,"width":421,"height":290},"mhqsGidle_DR_00150_":{"x":210.5,"y":-145,"width":421,"height":290},"mhqsGidle_DR_00153_":{"x":210.5,"y":-145,"width":421,"height":290},"mhqsGidle_DR_00156_":{"x":210.5,"y":-145,"width":421,"height":290},"mhqsGidle_DR_00159_":{"x":210.5,"y":-145,"width":421,"height":290},"mhqsGidle_DR_00162_":{"x":210.5,"y":-145,"width":421,"height":290},"mhqsGidle_DR_00165_":{"x":210.5,"y":-145,"width":421,"height":290},"mhqsGidle_DR_00168_":{"x":210.5,"y":-145,"width":421,"height":290},"mhqsGidle_DR_00171_":{"x":210.5,"y":-145,"width":421,"height":290},"mhqsGidle_DR_00174_":{"x":210.5,"y":-145,"width":421,"height":290},"mhqsGidle_DR_00177_":{"x":210.5,"y":-145,"width":421,"height":290},"mhqsGidle_DR_00180_":{"x":210.5,"y":-145,"width":421,"height":290},"mhqsGidle_DR_00183_":{"x":210.5,"y":-145,"width":421,"height":290},"mhqsGidle_DR_00186_":{"x":210.5,"y":-145,"width":421,"height":290},"mhqsGidle_DR_00189_":{"x":210.5,"y":-145,"width":421,"height":290},"mhqsGidle_DR_00192_":{"x":210.5,"y":-145,"width":421,"height":290},"mhqsGidle_DR_00195_":{"x":210.5,"y":-145,"width":421,"height":290},"mhqsGidle_DR_00196_":{"x":210.5,"y":-145,"width":421,"height":290}},"mhqsGidle_UL_":{"mhqsGidle_UL_00084_":{"x":-189.5,"y":255,"width":379,"height":510},"mhqsGidle_UL_00087_":{"x":-189.5,"y":255,"width":379,"height":510},"mhqsGidle_UL_00090_":{"x":-189.5,"y":255,"width":379,"height":510},"mhqsGidle_UL_00093_":{"x":-189.5,"y":255,"width":379,"height":510},"mhqsGidle_UL_00096_":{"x":-189.5,"y":255,"width":379,"height":510},"mhqsGidle_UL_00099_":{"x":-189.5,"y":255,"width":379,"height":510},"mhqsGidle_UL_00102_":{"x":-189.5,"y":255,"width":379,"height":510},"mhqsGidle_UL_00105_":{"x":-189.5,"y":255,"width":379,"height":510},"mhqsGidle_UL_00108_":{"x":-189.5,"y":255,"width":379,"height":510},"mhqsGidle_UL_00111_":{"x":-189.5,"y":255,"width":379,"height":510},"mhqsGidle_UL_00114_":{"x":-189.5,"y":255,"width":379,"height":510},"mhqsGidle_UL_00117_":{"x":-189.5,"y":255,"width":379,"height":510},"mhqsGidle_UL_00120_":{"x":-189.5,"y":255,"width":379,"height":510},"mhqsGidle_UL_00123_":{"x":-189.5,"y":255,"width":379,"height":510},"mhqsGidle_UL_00126_":{"x":-189.5,"y":255,"width":379,"height":510},"mhqsGidle_UL_00129_":{"x":-189.5,"y":255,"width":379,"height":510},"mhqsGidle_UL_00132_":{"x":-189.5,"y":255,"width":379,"height":510},"mhqsGidle_UL_00135_":{"x":-189.5,"y":255,"width":379,"height":510},"mhqsGidle_UL_00138_":{"x":-189.5,"y":255,"width":379,"height":510},"mhqsGidle_UL_00141_":{"x":-189.5,"y":255,"width":379,"height":510},"mhqsGidle_UL_00144_":{"x":-189.5,"y":255,"width":379,"height":510},"mhqsGidle_UL_00147_":{"x":-189.5,"y":255,"width":379,"height":510},"mhqsGidle_UL_00150_":{"x":-189.5,"y":255,"width":379,"height":510},"mhqsGidle_UL_00153_":{"x":-189.5,"y":255,"width":379,"height":510},"mhqsGidle_UL_00156_":{"x":-189.5,"y":255,"width":379,"height":510},"mhqsGidle_UL_00159_":{"x":-189.5,"y":255,"width":379,"height":510},"mhqsGidle_UL_00162_":{"x":-189.5,"y":255,"width":379,"height":510},"mhqsGidle_UL_00165_":{"x":-189.5,"y":255,"width":379,"height":510},"mhqsGidle_UL_00168_":{"x":-189.5,"y":255,"width":379,"height":510},"mhqsGidle_UL_00171_":{"x":-189.5,"y":255,"width":379,"height":510},"mhqsGidle_UL_00174_":{"x":-189.5,"y":255,"width":379,"height":510},"mhqsGidle_UL_00177_":{"x":-189.5,"y":255,"width":379,"height":510},"mhqsGidle_UL_00180_":{"x":-189.5,"y":255,"width":379,"height":510},"mhqsGidle_UL_00183_":{"x":-189.5,"y":255,"width":379,"height":510},"mhqsGidle_UL_00186_":{"x":-189.5,"y":255,"width":379,"height":510},"mhqsGidle_UL_00189_":{"x":-189.5,"y":255,"width":379,"height":510},"mhqsGidle_UL_00192_":{"x":-189.5,"y":255,"width":379,"height":510},"mhqsGidle_UL_00195_":{"x":-189.5,"y":255,"width":379,"height":510},"mhqsGidle_UL_00196_":{"x":-189.5,"y":255,"width":379,"height":510}},"mhqsGidle_UR_":{"mhqsGidle_UR_00084_":{"x":210.5,"y":255,"width":421,"height":510},"mhqsGidle_UR_00087_":{"x":210.5,"y":255,"width":421,"height":510},"mhqsGidle_UR_00090_":{"x":210.5,"y":255,"width":421,"height":510},"mhqsGidle_UR_00093_":{"x":210.5,"y":255,"width":421,"height":510},"mhqsGidle_UR_00096_":{"x":210.5,"y":255,"width":421,"height":510},"mhqsGidle_UR_00099_":{"x":210.5,"y":255,"width":421,"height":510},"mhqsGidle_UR_00102_":{"x":210.5,"y":255,"width":421,"height":510},"mhqsGidle_UR_00105_":{"x":210.5,"y":255,"width":421,"height":510},"mhqsGidle_UR_00108_":{"x":210.5,"y":255,"width":421,"height":510},"mhqsGidle_UR_00111_":{"x":210.5,"y":255,"width":421,"height":510},"mhqsGidle_UR_00114_":{"x":210.5,"y":255,"width":421,"height":510},"mhqsGidle_UR_00117_":{"x":210.5,"y":255,"width":421,"height":510},"mhqsGidle_UR_00120_":{"x":210.5,"y":255,"width":421,"height":510},"mhqsGidle_UR_00123_":{"x":210.5,"y":255,"width":421,"height":510},"mhqsGidle_UR_00126_":{"x":210.5,"y":255,"width":421,"height":510},"mhqsGidle_UR_00129_":{"x":210.5,"y":255,"width":421,"height":510},"mhqsGidle_UR_00132_":{"x":210.5,"y":255,"width":421,"height":510},"mhqsGidle_UR_00135_":{"x":210.5,"y":255,"width":421,"height":510},"mhqsGidle_UR_00138_":{"x":210.5,"y":255,"width":421,"height":510},"mhqsGidle_UR_00141_":{"x":210.5,"y":255,"width":421,"height":510},"mhqsGidle_UR_00144_":{"x":210.5,"y":255,"width":421,"height":510},"mhqsGidle_UR_00147_":{"x":210.5,"y":255,"width":421,"height":510},"mhqsGidle_UR_00150_":{"x":210.5,"y":255,"width":421,"height":510},"mhqsGidle_UR_00153_":{"x":210.5,"y":255,"width":421,"height":510},"mhqsGidle_UR_00156_":{"x":210.5,"y":255,"width":421,"height":510},"mhqsGidle_UR_00159_":{"x":210.5,"y":255,"width":421,"height":510},"mhqsGidle_UR_00162_":{"x":210.5,"y":255,"width":421,"height":510},"mhqsGidle_UR_00165_":{"x":210.5,"y":255,"width":421,"height":510},"mhqsGidle_UR_00168_":{"x":210.5,"y":255,"width":421,"height":510},"mhqsGidle_UR_00171_":{"x":210.5,"y":255,"width":421,"height":510},"mhqsGidle_UR_00174_":{"x":210.5,"y":255,"width":421,"height":510},"mhqsGidle_UR_00177_":{"x":210.5,"y":255,"width":421,"height":510},"mhqsGidle_UR_00180_":{"x":210.5,"y":255,"width":421,"height":510},"mhqsGidle_UR_00183_":{"x":210.5,"y":255,"width":421,"height":510},"mhqsGidle_UR_00186_":{"x":210.5,"y":255,"width":421,"height":510},"mhqsGidle_UR_00189_":{"x":210.5,"y":255,"width":421,"height":510},"mhqsGidle_UR_00192_":{"x":210.5,"y":255,"width":421,"height":510},"mhqsGidle_UR_00195_":{"x":210.5,"y":255,"width":421,"height":510},"mhqsGidle_UR_00196_":{"x":210.5,"y":255,"width":421,"height":510}}}},"animations":{"animation":{"slots":{"mhqsGidle_DL_":{"attachment":[{"time":2.8,"name":"mhqsGidle_DL_00084_"},{"time":2.9,"name":"mhqsGidle_DL_00087_"},{"time":3,"name":"mhqsGidle_DL_00090_"},{"time":3.1,"name":"mhqsGidle_DL_00093_"},{"time":3.2,"name":"mhqsGidle_DL_00096_"},{"time":3.3,"name":"mhqsGidle_DL_00099_"},{"time":3.4,"name":"mhqsGidle_DL_00102_"},{"time":3.5,"name":"mhqsGidle_DL_00105_"},{"time":3.6,"name":"mhqsGidle_DL_00108_"},{"time":3.7,"name":"mhqsGidle_DL_00111_"},{"time":3.8,"name":"mhqsGidle_DL_00114_"},{"time":3.9,"name":"mhqsGidle_DL_00117_"},{"time":4,"name":"mhqsGidle_DL_00120_"},{"time":4.1,"name":"mhqsGidle_DL_00123_"},{"time":4.2,"name":"mhqsGidle_DL_00126_"},{"time":4.3,"name":"mhqsGidle_DL_00129_"},{"time":4.4,"name":"mhqsGidle_DL_00132_"},{"time":4.5,"name":"mhqsGidle_DL_00135_"},{"time":4.6,"name":"mhqsGidle_DL_00138_"},{"time":4.7,"name":"mhqsGidle_DL_00141_"},{"time":4.8,"name":"mhqsGidle_DL_00144_"},{"time":4.9,"name":"mhqsGidle_DL_00147_"},{"time":5,"name":"mhqsGidle_DL_00150_"},{"time":5.1,"name":"mhqsGidle_DL_00153_"},{"time":5.2,"name":"mhqsGidle_DL_00156_"},{"time":5.3,"name":"mhqsGidle_DL_00159_"},{"time":5.4,"name":"mhqsGidle_DL_00162_"},{"time":5.5,"name":"mhqsGidle_DL_00165_"},{"time":5.6,"name":"mhqsGidle_DL_00168_"},{"time":5.7,"name":"mhqsGidle_DL_00171_"},{"time":5.8,"name":"mhqsGidle_DL_00174_"},{"time":5.9,"name":"mhqsGidle_DL_00177_"},{"time":6,"name":"mhqsGidle_DL_00180_"},{"time":6.1,"name":"mhqsGidle_DL_00183_"},{"time":6.2,"name":"mhqsGidle_DL_00186_"},{"time":6.3,"name":"mhqsGidle_DL_00189_"},{"time":6.4,"name":"mhqsGidle_DL_00192_"},{"time":6.5,"name":"mhqsGidle_DL_00195_"},{"time":6.6,"name":"mhqsGidle_DL_00196_"}]},"mhqsGidle_DR_":{"attachment":[{"time":2.8,"name":"mhqsGidle_DR_00084_"},{"time":2.9,"name":"mhqsGidle_DR_00087_"},{"time":3,"name":"mhqsGidle_DR_00090_"},{"time":3.1,"name":"mhqsGidle_DR_00093_"},{"time":3.2,"name":"mhqsGidle_DR_00096_"},{"time":3.3,"name":"mhqsGidle_DR_00099_"},{"time":3.4,"name":"mhqsGidle_DR_00102_"},{"time":3.5,"name":"mhqsGidle_DR_00105_"},{"time":3.6,"name":"mhqsGidle_DR_00108_"},{"time":3.7,"name":"mhqsGidle_DR_00111_"},{"time":3.8,"name":"mhqsGidle_DR_00114_"},{"time":3.9,"name":"mhqsGidle_DR_00117_"},{"time":4,"name":"mhqsGidle_DR_00120_"},{"time":4.1,"name":"mhqsGidle_DR_00123_"},{"time":4.2,"name":"mhqsGidle_DR_00126_"},{"time":4.3,"name":"mhqsGidle_DR_00129_"},{"time":4.4,"name":"mhqsGidle_DR_00132_"},{"time":4.5,"name":"mhqsGidle_DR_00135_"},{"time":4.6,"name":"mhqsGidle_DR_00138_"},{"time":4.7,"name":"mhqsGidle_DR_00141_"},{"time":4.8,"name":"mhqsGidle_DR_00144_"},{"time":4.9,"name":"mhqsGidle_DR_00147_"},{"time":5,"name":"mhqsGidle_DR_00150_"},{"time":5.1,"name":"mhqsGidle_DR_00153_"},{"time":5.2,"name":"mhqsGidle_DR_00156_"},{"time":5.3,"name":"mhqsGidle_DR_00159_"},{"time":5.4,"name":"mhqsGidle_DR_00162_"},{"time":5.5,"name":"mhqsGidle_DR_00165_"},{"time":5.6,"name":"mhqsGidle_DR_00168_"},{"time":5.7,"name":"mhqsGidle_DR_00171_"},{"time":5.8,"name":"mhqsGidle_DR_00174_"},{"time":5.9,"name":"mhqsGidle_DR_00177_"},{"time":6,"name":"mhqsGidle_DR_00180_"},{"time":6.1,"name":"mhqsGidle_DR_00183_"},{"time":6.2,"name":"mhqsGidle_DR_00186_"},{"time":6.3,"name":"mhqsGidle_DR_00189_"},{"time":6.4,"name":"mhqsGidle_DR_00192_"},{"time":6.5,"name":"mhqsGidle_DR_00195_"},{"time":6.6,"name":"mhqsGidle_DR_00196_"}]},"mhqsGidle_UL_":{"attachment":[{"time":2.8,"name":"mhqsGidle_UL_00084_"},{"time":2.9,"name":"mhqsGidle_UL_00087_"},{"time":3,"name":"mhqsGidle_UL_00090_"},{"time":3.1,"name":"mhqsGidle_UL_00093_"},{"time":3.2,"name":"mhqsGidle_UL_00096_"},{"time":3.3,"name":"mhqsGidle_UL_00099_"},{"time":3.4,"name":"mhqsGidle_UL_00102_"},{"time":3.5,"name":"mhqsGidle_UL_00105_"},{"time":3.6,"name":"mhqsGidle_UL_00108_"},{"time":3.7,"name":"mhqsGidle_UL_00111_"},{"time":3.8,"name":"mhqsGidle_UL_00114_"},{"time":3.9,"name":"mhqsGidle_UL_00117_"},{"time":4,"name":"mhqsGidle_UL_00120_"},{"time":4.1,"name":"mhqsGidle_UL_00123_"},{"time":4.2,"name":"mhqsGidle_UL_00126_"},{"time":4.3,"name":"mhqsGidle_UL_00129_"},{"time":4.4,"name":"mhqsGidle_UL_00132_"},{"time":4.5,"name":"mhqsGidle_UL_00135_"},{"time":4.6,"name":"mhqsGidle_UL_00138_"},{"time":4.7,"name":"mhqsGidle_UL_00141_"},{"time":4.8,"name":"mhqsGidle_UL_00144_"},{"time":4.9,"name":"mhqsGidle_UL_00147_"},{"time":5,"name":"mhqsGidle_UL_00150_"},{"time":5.1,"name":"mhqsGidle_UL_00153_"},{"time":5.2,"name":"mhqsGidle_UL_00156_"},{"time":5.3,"name":"mhqsGidle_UL_00159_"},{"time":5.4,"name":"mhqsGidle_UL_00162_"},{"time":5.5,"name":"mhqsGidle_UL_00165_"},{"time":5.6,"name":"mhqsGidle_UL_00168_"},{"time":5.7,"name":"mhqsGidle_UL_00171_"},{"time":5.8,"name":"mhqsGidle_UL_00174_"},{"time":5.9,"name":"mhqsGidle_UL_00177_"},{"time":6,"name":"mhqsGidle_UL_00180_"},{"time":6.1,"name":"mhqsGidle_UL_00183_"},{"time":6.2,"name":"mhqsGidle_UL_00186_"},{"time":6.3,"name":"mhqsGidle_UL_00189_"},{"time":6.4,"name":"mhqsGidle_UL_00192_"},{"time":6.5,"name":"mhqsGidle_UL_00195_"},{"time":6.6,"name":"mhqsGidle_UL_00196_"}]},"mhqsGidle_UR_":{"attachment":[{"time":2.8,"name":"mhqsGidle_UR_00084_"},{"time":2.9,"name":"mhqsGidle_UR_00087_"},{"time":3,"name":"mhqsGidle_UR_00090_"},{"time":3.1,"name":"mhqsGidle_UR_00093_"},{"time":3.2,"name":"mhqsGidle_UR_00096_"},{"time":3.3,"name":"mhqsGidle_UR_00099_"},{"time":3.4,"name":"mhqsGidle_UR_00102_"},{"time":3.5,"name":"mhqsGidle_UR_00105_"},{"time":3.6,"name":"mhqsGidle_UR_00108_"},{"time":3.7,"name":"mhqsGidle_UR_00111_"},{"time":3.8,"name":"mhqsGidle_UR_00114_"},{"time":3.9,"name":"mhqsGidle_UR_00117_"},{"time":4,"name":"mhqsGidle_UR_00120_"},{"time":4.1,"name":"mhqsGidle_UR_00123_"},{"time":4.2,"name":"mhqsGidle_UR_00126_"},{"time":4.3,"name":"mhqsGidle_UR_00129_"},{"time":4.4,"name":"mhqsGidle_UR_00132_"},{"time":4.5,"name":"mhqsGidle_UR_00135_"},{"time":4.6,"name":"mhqsGidle_UR_00138_"},{"time":4.7,"name":"mhqsGidle_UR_00141_"},{"time":4.8,"name":"mhqsGidle_UR_00144_"},{"time":4.9,"name":"mhqsGidle_UR_00147_"},{"time":5,"name":"mhqsGidle_UR_00150_"},{"time":5.1,"name":"mhqsGidle_UR_00153_"},{"time":5.2,"name":"mhqsGidle_UR_00156_"},{"time":5.3,"name":"mhqsGidle_UR_00159_"},{"time":5.4,"name":"mhqsGidle_UR_00162_"},{"time":5.5,"name":"mhqsGidle_UR_00165_"},{"time":5.6,"name":"mhqsGidle_UR_00168_"},{"time":5.7,"name":"mhqsGidle_UR_00171_"},{"time":5.8,"name":"mhqsGidle_UR_00174_"},{"time":5.9,"name":"mhqsGidle_UR_00177_"},{"time":6,"name":"mhqsGidle_UR_00180_"},{"time":6.1,"name":"mhqsGidle_UR_00183_"},{"time":6.2,"name":"mhqsGidle_UR_00186_"},{"time":6.3,"name":"mhqsGidle_UR_00189_"},{"time":6.4,"name":"mhqsGidle_UR_00192_"},{"time":6.5,"name":"mhqsGidle_UR_00195_"},{"time":6.6,"name":"mhqsGidle_UR_00196_"}]}},"bones":{"ctr":{"translate":[{"time":0,"x":5,"y":57}]}}}}}