{
"skeleton": { "hash": "I9+CafgJag46MQd/H2fj7aFwnWY", "spine": "2.1.27", "width": 153.23, "height": 183.74 },
"bones": [
	{ "name": "root" },
	{ "name": "bone2", "parent": "root", "length": 111.78, "scaleX": 0.726, "scaleY": 0.726 },
	{ "name": "bone", "parent": "bone2", "length": 76.87, "x": -0.31, "y": 28, "rotation": 90 },
	{ "name": "bone14", "parent": "bone", "length": 27.62, "x": 43.18, "y": -50.41, "rotation": -152.18 },
	{ "name": "bone3", "parent": "bone", "length": 13.98, "x": 63.85, "y": 59.74, "rotation": 16.65 },
	{ "name": "bone5", "parent": "bone", "length": 42.68, "x": 62.46, "y": -46.56, "rotation": -37.3 },
	{ "name": "bone10", "parent": "bone5", "length": 30.34, "x": 81.77, "y": 21.55, "rotation": 50.46 },
	{ "name": "bone13", "parent": "bone5", "length": 13.57, "x": 43.18, "y": -30.46, "rotation": -127.65 },
	{ "name": "bone15", "parent": "bone14", "length": 21.5, "x": 40.77, "y": -2.82, "rotation": 12.86 },
	{ "name": "bone4", "parent": "bone3", "length": 16.05, "x": 14.21, "y": -0.01, "rotation": -12 },
	{ "name": "bone6", "parent": "bone5", "length": 28.6, "x": 70.5, "y": 5.15, "rotation": -110.7 },
	{ "name": "bone7", "parent": "bone5", "length": 40.2, "x": 42.31, "y": 48.14, "rotation": 89.54 },
	{ "name": "bone11", "parent": "bone10", "length": 25.2, "x": 30.96, "y": 0.47, "rotation": -15.01 },
	{ "name": "bone8", "parent": "bone7", "length": 42.85, "x": 40.2, "y": -0.3, "rotation": 14.98 },
	{ "name": "bone12", "parent": "bone11", "length": 23.75, "x": 25.2, "y": -0.08, "rotation": -26.85 },
	{ "name": "bone9", "parent": "bone8", "length": 39.64, "x": 42.85, "y": 0.29, "rotation": 4.05 }
],
"slots": [
	{ "name": "xtz09_2", "bone": "bone2", "attachment": "xtz09_" },
	{ "name": "xtz10_2", "bone": "bone3", "attachment": "xtz10_" },
	{ "name": "xtz08_2", "bone": "bone", "attachment": "xtz08_" },
	{ "name": "xtz03_2", "bone": "bone14", "attachment": "xtz03_" },
	{ "name": "xtz07_2", "bone": "bone5", "attachment": "xtz07_" },
	{ "name": "xtz06_2", "bone": "bone13" },
	{ "name": "xtz05_2", "bone": "bone10", "attachment": "xtz05_" },
	{ "name": "xtz04_2", "bone": "bone7", "attachment": "xtz04_" },
	{ "name": "xtz02_2", "bone": "bone6", "attachment": "xtz02_" },
	{ "name": "xtz01_3", "bone": "bone15", "attachment": "xtz01_" },
	{ "name": "xtz01_2", "bone": "bone15" }
],
"skins": {
	"default": {
		"xtz01_3": {
			"xtz01_": { "x": 15.93, "y": 0.57, "rotation": 49.32, "width": 33, "height": 33 }
		},
		"xtz02_2": {
			"xtz02_": {
				"type": "skinnedmesh",
				"uvs": [ 1, 0.23977, 1, 0.7595, 1, 1, 0.91693, 1, 0.78573, 1, 0, 1, 0, 0.71653, 0, 0.4435, 0, 0, 0.15163, 0, 0.25592, 0, 0.52338, 0, 0.77233, 0, 1, 0, 0.14321, 0.15406, 0.06414, 0.32839, 0.15999, 0.83827, 0.28954, 0.47317, 0.32992, 0.19029, 0.22059, 0.21329, 0.14319, 0.47643, 0.42411, 0.31531, 0.38037, 0.52911, 0.35848, 0.83503, 0.53511, 0.75283, 0.46784, 0.53571, 0.48467, 0.30545, 0.66971, 0.2101, 0.82615, 0.12789, 0.72359, 0.18179, 0.52842, 0.12125 ],
				"triangles": [ 6, 7, 20, 19, 14, 10, 20, 15, 19, 30, 11, 12, 15, 8, 14, 7, 8, 15, 20, 7, 15, 10, 14, 9, 14, 8, 9, 15, 14, 19, 5, 6, 16, 16, 20, 17, 18, 17, 19, 18, 11, 30, 18, 21, 17, 26, 18, 30, 28, 29, 12, 27, 30, 29, 29, 30, 12, 4, 5, 23, 22, 21, 25, 27, 25, 26, 1, 24, 25, 25, 21, 26, 24, 22, 25, 1, 27, 0, 1, 25, 27, 4, 24, 1, 3, 4, 1, 3, 1, 2, 24, 23, 22, 28, 13, 0, 23, 24, 4, 21, 18, 26, 29, 28, 0, 27, 29, 0, 28, 12, 13, 26, 30, 27, 22, 17, 21, 23, 16, 22, 22, 16, 17, 5, 16, 23, 18, 10, 11, 19, 10, 18, 19, 17, 20, 6, 20, 16 ],
				"vertices": [ 1, 10, 7.44, 27.27, 1, 1, 10, 27.28, 14.88, 1, 1, 10, 36.46, 9.14999, 1, 1, 10, 32.58, 2.95, 1, 2, 10, 26.47, -6.83, 0.99296, 11, -65.22, -12.95, 0.00703, 1, 11, -10.57, 29.38, 1, 3, 10, -20.95999, -58.73, 0.26495, 11, -2.76, 19.29, 0.09504, 5, 22.99, 45.53, 0.64, 2, 10, -31.38, -52.22, 0.00568, 11, 4.75, 9.58, 0.99431, 1, 11, 16.96999, -6.18, 1, 2, 10, -41.24, -30.33, 0.00173, 11, 6.42, -14.35, 0.99826, 3, 10, -36.38, -22.55, 0.26495, 11, -0.82, -19.96999, 0.09504, 5, 62.28, 47.15, 0.64, 3, 10, -23.92, -2.58, 0.03471, 6, 1.97, 8.41, 0.59728, 5, 76.54, 28.43, 0.368, 3, 10, -12.32, 15.99, 0.27706, 6, -3, -12.91, 0.35493, 5, 89.81, 11.01, 0.368, 2, 10, -1.7, 32.98, 0.98803, 11, -52.57, -60.07, 0.01196, 2, 10, -35.75999, -34.63, 9.1E-4, 11, 2.76, -8.42, 0.99908, 1, 11, 3.46, 2.03, 1, 2, 10, -8.85999, -49.69, 0.912, 11, -17.25, 15, 0.08799, 2, 10, -16.76, -31.31, 0.912, 11, -16.2, -4.94999, 0.08799, 2, 10, -25.67, -21.56, 0.912, 11, -11.21, -17.19, 0.08799, 3, 10, -29.89, -30.27, 0.26495, 11, -4.23999, -10.47999, 0.09504, 5, 52.76, 43.81, 0.64, 3, 10, -23.45, -42.32, 0.26495, 11, -6.11, 3.04, 0.09504, 5, 39.22, 42.05, 0.64, 1, 10, -16.51, -17.51, 1, 1, 10, -10.39, -25.87, 1, 1, 10, 0.26, -34.79, 1, 1, 10, 5.35, -19.65, 1, 1, 10, -6.06, -19.5, 1, 1, 10, -14.06, -12.75, 1, 1, 10, -9.08, 3.32, 1, 1, 10, -4.92, 16.95999, 1, 1, 10, -7.65, 8.02, 1, 2, 10, -19.06, -5.1, 0.632, 5, 72.47, 24.78, 0.36799 ],
				"hull": 14
			}
		},
		"xtz03_2": {
			"xtz03_": { "x": 10.38, "y": -6.21, "rotation": 62.18, "width": 65, "height": 63 }
		},
		"xtz04_2": {
			"xtz04_": {
				"type": "skinnedmesh",
				"uvs": [ 1, 0.66158, 1, 0.80402, 1, 1, 0.92657, 1, 0.84806, 1, 0, 1, 0, 0.18782, 0, 0, 0.14638, 0, 0.27199, 0, 0.38884, 0, 1, 0, 0.97797, 0.92189, 0.92211, 0.83505, 0.7673, 0.65623, 0.84585, 0.44016, 0.64308, 0.85507, 0.73776, 0.2862, 0.51073, 0.67654, 0.63281, 0.46664, 0.57509, 0.06261, 0.49653, 0.33516, 0.32948, 0.58064, 0.31599, 0.25434, 0.18891, 0.48511, 0.08925, 0.07184, 0.08921, 0.34506, 0.19531, 0.15721 ],
				"triangles": [ 3, 12, 2, 12, 1, 2, 12, 3, 13, 12, 13, 1, 5, 26, 24, 5, 6, 26, 24, 26, 23, 26, 27, 23, 26, 6, 27, 27, 9, 23, 23, 9, 10, 6, 25, 27, 6, 7, 25, 25, 8, 27, 27, 8, 9, 25, 7, 8, 24, 23, 22, 23, 10, 20, 5, 24, 22, 20, 10, 11, 18, 22, 19, 22, 21, 19, 22, 23, 21, 19, 21, 17, 17, 21, 20, 21, 23, 20, 5, 22, 18, 17, 20, 11, 3, 4, 13, 1, 13, 0, 5, 16, 4, 16, 5, 18, 16, 14, 13, 16, 18, 14, 14, 15, 0, 15, 11, 0, 14, 19, 15, 15, 17, 11, 4, 16, 13, 13, 14, 0, 18, 19, 14, 19, 17, 15 ],
				"vertices": [ 2, 11, 2.16, -16.45, 0.848, 5, 58.78, 50.17, 0.15199, 1, 5, 51.07, 44.29, 1, 1, 5, 40.48, 36.21, 1, 1, 5, 35.27, 43.05, 1, 2, 11, 2.10999, 12.62, 0.848, 5, 29.7, 50.35, 0.15199, 1, 11, 80.53, 73.41, 1, 1, 15, 37.14, 6.96, 1, 1, 15, 41.25, -5.13, 1, 1, 15, 25.03, -10.63, 1, 2, 13, 55.02, -14.22, 0.128, 15, 11.11, -15.35, 0.87199, 2, 13, 42.42, -19.52, 0.504, 15, -1.83, -19.74, 0.49599, 1, 11, 29.72, -52, 1, 1, 5, 43.14, 41.48, 1, 2, 11, 2.13, -1.54, 0.848, 5, 43.87, 50.26, 0.15199, 2, 11, 23.9, -0.06, 0.872, 13, -15.68, 4.44999, 0.128, 2, 11, 25.63, -17.29999, 0.872, 13, -18.45999, -12.65, 0.128, 2, 11, 27.1, 19.53, 0.872, 13, -7.52, 22.55, 0.128, 2, 11, 42.04, -17.82, 0.48, 13, -2.75, -17.4, 0.51999, 2, 11, 46.77, 19.42, 0.48, 13, 11.45, 17.35, 0.51999, 2, 11, 44.23, -0.6, 0.48, 13, 3.81, -1.33, 0.51999, 2, 11, 66.4, -18.18, 0.056, 13, 20.68, -24.04, 0.94399, 2, 11, 62.31, 2.08999, 0.056, 13, 21.97, -3.39, 0.94399, 2, 11, 67.53, 27.26, 0.056, 13, 33.52, 19.56, 0.94399, 2, 13, 43.57, -0.27, 0.504, 15, 0.68, -0.62, 0.49599, 2, 13, 51.2, 19.94, 0.504, 15, 9.72, 19.01, 0.49599, 1, 15, 29.79, -3.85, 1, 2, 13, 65.65, 15.68, 0.128, 15, 23.83, 13.73, 0.87199, 2, 13, 59.15, -0.89, 0.128, 15, 16.17, -2.33999, 0.87199 ],
				"hull": 12
			}
		},
		"xtz05_2": {
			"xtz05_": {
				"type": "skinnedmesh",
				"uvs": [ 1, 1, 0.81143, 1, 0.31655, 1, 0, 1, 0, 0.58363, 0, 0.47035, 0, 0.34612, 0, 0, 0.49363, 0, 0.7459, 0, 1, 0, 0.72763, 0.78194, 0.11787, 0.7773, 0.23821, 0.91219, 0.7875, 0.93771, 0.72778, 0.58603, 0.81197, 0.26938, 0.14927, 0.24288, 0.78636, 0.35733, 0.77674, 0.11783, 0.36304, 0.11775, 0.75336, 0.47836, 0.07259, 0.70291, 0.7277, 0.69249 ],
				"triangles": [ 2, 14, 1, 3, 13, 2, 0, 1, 14, 20, 19, 16, 16, 19, 10, 17, 7, 20, 20, 8, 19, 8, 9, 19, 19, 9, 10, 20, 7, 8, 17, 20, 16, 21, 0, 15, 10, 0, 18, 18, 17, 16, 15, 4, 5, 21, 15, 5, 18, 21, 6, 21, 5, 6, 0, 21, 18, 6, 17, 18, 18, 16, 10, 6, 7, 17, 15, 22, 4, 2, 13, 14, 3, 12, 13, 3, 22, 12, 3, 4, 22, 13, 11, 14, 14, 11, 0, 23, 0, 11, 0, 23, 15, 13, 12, 11, 11, 12, 23, 12, 22, 23, 23, 22, 15 ],
				"vertices": [ 1, 5, 90.12, 2.36999, 1, 1, 5, 85.21, 8.82, 1, 1, 5, 72.3, 25.74, 1, 1, 5, 64.05, 36.57, 1, 2, 6, 34.34999, 15.28, 0.50399, 12, -0.55, 15.17, 0.496, 1, 12, 8.95, 15.49, 1, 1, 12, 19.37999, 15.83, 1, 1, 14, 13.1, 25.55, 1, 1, 14, 23.31, 6.93, 1, 1, 14, 28.52, -2.57, 1, 1, 14, 33.77, -12.15, 1, 1, 6, 11.02, -11.4, 1, 1, 6, 17.36, 14.04, 1, 1, 6, 5.15, 11.57, 1, 1, 6, -2.29, -10.93, 1, 2, 6, 27.05, -15.14, 0.50399, 12, 0.26, -16.1, 0.496, 2, 12, 26.97, -18.85, 0.52799, 14, 10.04, -15.94, 0.472, 2, 12, 28.26, 9.7, 0.52799, 14, -1.69, 10.10999, 0.472, 1, 12, 19.54999, -17.99, 1, 2, 12, 39.64, -16.91, 0.176, 14, 20.48, -8.49, 0.82399, 2, 12, 39.06, 0.85, 0.176, 14, 11.93, 7.1, 0.82399, 1, 12, 9.34, -16.9, 1, 2, 6, 23.89, 14.51, 0.816, 12, -10.46, 11.73, 0.184, 2, 6, 18.34, -13.11, 0.816, 12, -8.66, -16.39, 0.184 ],
				"hull": 11
			}
		},
		"xtz06_2": {
			"xtz06_": { "x": 5.33, "y": -11.99, "rotation": 74.95, "width": 65, "height": 23 }
		},
		"xtz07_2": {
			"xtz07_": { "x": 32.3, "y": 2.35, "rotation": -52.69, "width": 108, "height": 116 }
		},
		"xtz08_2": {
			"xtz08_": {
				"type": "skinnedmesh",
				"uvs": [ 1, 0.61104, 1, 0.71355, 1, 0.79358, 1, 1, 0.73558, 1, 0.58083, 1, 0, 1, 0, 0.70203, 0, 0.52581, 0, 0, 1, 0, 0.19108, 0.36225, 0.49226, 0.33345, 0.63427, 0.38068, 0.68577, 0.50968, 0.82777, 0.59146, 0.24726, 0.53848, 0.24882, 0.70549, 0.44545, 0.55921, 0.65768, 0.60528, 0.8028, 0.66517, 0.61086, 0.73659, 0.43452, 0.72507, 0.76847, 0.78381, 0.95877, 0.82938, 0.77344, 0.9227, 0.93512, 0.97043, 0.98247, 0.91588, 0.96976, 0.86815, 0.92241, 0.85706, 0.72865, 0.92866, 0.4896, 0.92866, 0.49768, 0.96446, 0.40068, 0.91162, 0.36603, 0.9423, 0.25632, 0.94571, 0.16509, 0.87837, 0.0831, 0.82467, 0.25863, 0.82297, 0.42724, 0.82894, 0.55773, 0.84598, 0.77139, 0.86539 ],
				"triangles": [ 21, 22, 18, 7, 16, 17, 6, 7, 37, 6, 36, 35, 35, 38, 34, 34, 38, 33, 33, 39, 31, 31, 39, 40, 40, 21, 41, 21, 23, 41, 3, 4, 26, 4, 25, 26, 26, 27, 3, 27, 2, 3, 5, 30, 4, 4, 30, 25, 6, 35, 5, 5, 34, 32, 5, 35, 34, 34, 33, 32, 33, 31, 32, 30, 5, 31, 25, 29, 26, 27, 29, 28, 27, 26, 29, 5, 32, 31, 31, 40, 30, 30, 41, 25, 30, 40, 41, 25, 41, 29, 27, 28, 2, 29, 24, 28, 28, 24, 2, 41, 23, 29, 29, 23, 24, 2, 24, 1, 24, 23, 20, 6, 37, 36, 35, 36, 38, 33, 38, 39, 36, 37, 38, 39, 22, 40, 39, 38, 22, 37, 17, 38, 40, 22, 21, 37, 7, 17, 38, 17, 22, 23, 21, 20, 22, 17, 18, 13, 12, 10, 15, 10, 0, 10, 15, 13, 1, 20, 0, 19, 18, 14, 18, 16, 12, 8, 11, 16, 8, 9, 11, 11, 9, 12, 12, 9, 10, 20, 19, 15, 17, 16, 18, 7, 8, 16, 21, 19, 20, 20, 1, 24, 19, 21, 18, 18, 13, 14, 18, 12, 13, 16, 11, 12, 15, 14, 13, 20, 15, 0, 19, 14, 15 ],
				"vertices": [ 1, 2, 48.27, -84.95, 1, 2, 2, 26.75, -84.95, 0.832, 1, 84.63, 54.75, 0.16799, 2, 2, 9.93999, -84.95, 0.16, 1, 84.63, 37.93999, 0.83999, 1, 1, 84.63, -5.4, 1, 1, 1, 43.65, -5.4, 1, 1, 1, 19.66, -5.4, 1, 1, 1, -70.36, -5.4, 1, 2, 2, 29.16, 70.04, 0.16, 1, -70.36, 57.16, 0.83999, 2, 2, 66.17, 70.04, 0.832, 1, -70.36, 94.17, 0.16799, 2, 2, 176.59, 70.04, 1.78167, 1, -70.36, 204.59, -0.78167, 1, 1, 84.63, 204.59, 1, 1, 2, 100.52, 40.41999, 1, 1, 2, 106.57, -6.25, 1, 1, 2, 96.65, -28.26, 1, 1, 2, 69.56, -36.24, 1, 1, 2, 52.38, -58.25, 1, 2, 2, 63.51, 31.72, 0.832, 1, -32.03, 91.51, 0.16799, 2, 2, 28.44, 31.47, 0.16, 1, -31.79, 56.44, 0.83999, 2, 2, 59.16, 1, 0.832, 1, -1.30999, 87.16, 0.16799, 2, 2, 49.48, -31.89, 0.832, 1, 31.57, 77.48, 0.16799, 2, 2, 36.9, -54.38, 0.832, 1, 54.07, 64.9, 0.16799, 2, 2, 21.91, -24.63, 0.16, 1, 24.32, 49.91, 0.83999, 2, 2, 24.33, 2.69, 0.16, 1, -3.01, 52.33, 0.83999, 2, 2, 11.99, -49.06, 0.16, 1, 48.75, 39.99, 0.83999, 2, 2, 2.42, -78.56, 0.16, 1, 78.24, 30.42, 0.83999, 1, 1, 49.52, 10.82, 1, 1, 1, 74.58, 0.8, 1, 1, 1, 81.92, 12.26, 1, 1, 1, 79.94999, 22.28, 1, 1, 1, 72.61, 24.61, 1, 1, 1, 42.57, 9.57, 1, 1, 1, 5.52, 9.57, 1, 1, 1, 6.77, 2.05, 1, 1, 1, -8.25, 13.15, 1, 1, 1, -13.62, 6.71, 1, 1, 1, -30.63, 5.99, 1, 1, 1, -44.77, 20.12999, 1, 1, 1, -57.48, 31.41, 1, 1, 1, -30.27, 31.77, 1, 1, 1, -4.13, 30.51, 1, 1, 1, 16.08, 26.93, 1, 1, 1, 49.2, 22.86, 1 ],
				"hull": 11
			}
		},
		"xtz09_2": {
			"xtz09_": { "x": -9.54, "y": 36.09, "width": 167, "height": 81 }
		},
		"xtz10_2": {
			"xtz10_": {
				"type": "skinnedmesh",
				"uvs": [ 1, 0.4955, 1, 0.68445, 1, 1, 0.52987, 1, 0.26792, 1, 0, 1, 0, 0.82829, 0, 0.63701, 3.0E-5, 0.41028, 0, 0, 0.26863, 0, 0.4551, 0, 1, 0, 0.80081, 0.85208, 0.3924, 0.75045, 0.68551, 0.64895, 0.89002, 0.28293, 0.5925, 0.34192, 0.24612, 0.41978, 0.31039, 0.59345, 0.65011, 0.49308, 0.94613, 0.3914, 0.66367, 0.15427, 0.07758, 0.18013, 0.27674, 0.17135, 0.4917, 0.16186 ],
				"triangles": [ 4, 14, 3, 3, 15, 13, 4, 5, 6, 13, 15, 1, 3, 13, 2, 13, 1, 2, 7, 18, 19, 19, 17, 20, 20, 16, 21, 19, 18, 17, 7, 8, 18, 8, 23, 18, 17, 22, 16, 18, 25, 17, 18, 24, 25, 18, 23, 24, 8, 9, 23, 21, 16, 12, 17, 25, 22, 16, 22, 12, 23, 10, 24, 23, 9, 10, 24, 11, 25, 24, 10, 11, 25, 11, 22, 22, 11, 12, 20, 17, 16, 21, 12, 0, 6, 7, 19, 14, 19, 20, 0, 20, 21, 15, 0, 1, 3, 14, 15, 14, 4, 6, 6, 19, 14, 15, 14, 20, 0, 15, 20 ],
				"vertices": [ 2, 4, 10.97, -13.73, 0.84799, 9, -0.3, -14.09, 0.15199, 1, 2, 69.43, 49.73, 1, 1, 2, 54.6, 49.72, 1, 1, 2, 54.59, 61.47, 1, 1, 2, 54.59, 68.01999, 1, 1, 2, 54.59, 74.72, 1, 2, 4, 3.15, 14.69, 0.84799, 9, -13.88, 12.08, 0.15199, 2, 4, 11.76, 12.11, 0.504, 9, -4.92, 11.35, 0.49599, 2, 4, 21.97, 9.06, 0.07999, 9, 5.69, 10.49, 0.92, 1, 9, 24.91, 8.93999, 1, 1, 9, 24.37, 2.24, 1, 1, 9, 24, -2.39, 1, 1, 9, 22.9, -15.97, 1, 1, 2, 61.55, 54.7, 1, 2, 4, 3.84, 4.23999, 0.84799, 9, -11.02, 2, 0.15199, 2, 4, 6.31, -4.13, 0.84799, 9, -6.86, -5.67, 0.15199, 2, 4, 21.33, -13.96, 0.07999, 9, 9.87, -12.16, 0.92, 2, 4, 20.81, -6.04, 0.07999, 9, 7.7, -4.52, 0.92, 2, 4, 19.78, 3.29, 0.07999, 9, 4.75, 4.4, 0.92, 2, 4, 11.5, 4.09, 0.504, 9, -3.5, 3.45, 0.49599, 2, 4, 13.59, -5.39, 0.504, 9, 0.5, -5.38, 0.49599, 2, 4, 16.04999, -13.84, 0.504, 9, 4.67, -13.14, 0.49599, 1, 9, 16.35, -7, 1, 1, 9, 16.32, 7.69, 1, 1, 9, 16.33, 2.69, 1, 1, 9, 16.34, -2.69, 1 ],
				"hull": 13
			}
		}
	}
},
"animations": {
	"dj": {
		"slots": {
			"xtz06_2": {
				"attachment": [
					{ "time": 0, "name": null },
					{ "time": 0.6333, "name": "xtz06_" },
					{ "time": 0.7, "name": null },
					{ "time": 2, "name": null },
					{ "time": 3, "name": "xtz06_" },
					{ "time": 3.0666, "name": null },
					{ "time": 3.1666, "name": "xtz06_" },
					{ "time": 3.2333, "name": null },
					{ "time": 4, "name": null }
				]
			}
		},
		"bones": {
			"bone": {
				"rotate": [
					{ "time": 0, "angle": 0, "curve": "stepped" },
					{ "time": 2, "angle": 0, "curve": "stepped" },
					{ "time": 4, "angle": 0 }
				],
				"translate": [
					{
						"time": 0,
						"x": 0,
						"y": 0,
						"curve": [ 0.25, 0, 0.75, 1 ]
					},
					{
						"time": 1,
						"x": 0,
						"y": 2.56,
						"curve": [ 0.25, 0, 0.75, 1 ]
					},
					{
						"time": 2,
						"x": 0,
						"y": 0,
						"curve": [ 0.25, 0, 0.75, 1 ]
					},
					{
						"time": 3,
						"x": 0,
						"y": 2.56,
						"curve": [ 0.25, 0, 0.75, 1 ]
					},
					{ "time": 4, "x": 0, "y": 0 }
				]
			},
			"bone3": {
				"rotate": [
					{
						"time": 0,
						"angle": 0,
						"curve": [ 0.216, 0.34, 0.75, 1 ]
					},
					{
						"time": 0.6666,
						"angle": 8.94,
						"curve": [ 0.25, 0, 0.75, 1 ]
					},
					{
						"time": 1.5,
						"angle": -6.74,
						"curve": [ 0.25, 0, 0.856, 0.73 ]
					},
					{
						"time": 2,
						"angle": 0,
						"curve": [ 0.216, 0.34, 0.75, 1 ]
					},
					{
						"time": 2.6666,
						"angle": 8.94,
						"curve": [ 0.25, 0, 0.75, 1 ]
					},
					{
						"time": 3.5,
						"angle": -6.74,
						"curve": [ 0.25, 0, 0.856, 0.73 ]
					},
					{ "time": 4, "angle": 0 }
				],
				"translate": [
					{ "time": 0, "x": 0, "y": 0, "curve": "stepped" },
					{ "time": 2, "x": 0, "y": 0, "curve": "stepped" },
					{ "time": 4, "x": 0, "y": 0 }
				],
				"scale": [
					{ "time": 0, "x": 1, "y": 1, "curve": "stepped" },
					{ "time": 2, "x": 1, "y": 1, "curve": "stepped" },
					{ "time": 4, "x": 1, "y": 1 }
				]
			},
			"bone4": {
				"rotate": [
					{
						"time": 0,
						"angle": 0,
						"curve": [ 0.25, 0, 0.75, 1 ]
					},
					{
						"time": 1,
						"angle": 16.24,
						"curve": [ 0.25, 0, 0.75, 1 ]
					},
					{
						"time": 2,
						"angle": 0,
						"curve": [ 0.25, 0, 0.75, 1 ]
					},
					{
						"time": 3,
						"angle": 16.24,
						"curve": [ 0.25, 0, 0.75, 1 ]
					},
					{ "time": 4, "angle": 0 }
				],
				"translate": [
					{ "time": 0, "x": 0, "y": 0, "curve": "stepped" },
					{ "time": 2, "x": 0, "y": 0, "curve": "stepped" },
					{ "time": 4, "x": 0, "y": 0 }
				],
				"scale": [
					{ "time": 0, "x": 1, "y": 1, "curve": "stepped" },
					{ "time": 2, "x": 1, "y": 1, "curve": "stepped" },
					{ "time": 4, "x": 1, "y": 1 }
				]
			},
			"bone14": {
				"rotate": [
					{
						"time": 0,
						"angle": 0,
						"curve": [ 0.25, 0, 0.75, 1 ]
					},
					{
						"time": 1,
						"angle": -4.94,
						"curve": [ 0.25, 0, 0.75, 1 ]
					},
					{
						"time": 2,
						"angle": 0,
						"curve": [ 0.25, 0, 0.75, 1 ]
					},
					{
						"time": 3,
						"angle": -4.94,
						"curve": [ 0.25, 0, 0.75, 1 ]
					},
					{ "time": 4, "angle": 0 }
				],
				"translate": [
					{ "time": 0, "x": 0, "y": 0, "curve": "stepped" },
					{ "time": 2, "x": 0, "y": 0, "curve": "stepped" },
					{ "time": 4, "x": 0, "y": 0 }
				],
				"scale": [
					{ "time": 0, "x": 1, "y": 1, "curve": "stepped" },
					{ "time": 2, "x": 1, "y": 1, "curve": "stepped" },
					{ "time": 4, "x": 1, "y": 1 }
				]
			},
			"bone15": {
				"rotate": [
					{
						"time": 0,
						"angle": 0,
						"curve": [ 0.243, 0.37, 0.75, 1 ]
					},
					{
						"time": 0.5,
						"angle": 8.51,
						"curve": [ 0.25, 0, 0.75, 1 ]
					},
					{
						"time": 1.5,
						"angle": -5.59,
						"curve": [ 0.25, 0, 0.859, 0.79 ]
					},
					{
						"time": 2,
						"angle": 0,
						"curve": [ 0.243, 0.37, 0.75, 1 ]
					},
					{
						"time": 2.5,
						"angle": 8.51,
						"curve": [ 0.25, 0, 0.75, 1 ]
					},
					{
						"time": 3.5,
						"angle": -5.59,
						"curve": [ 0.25, 0, 0.859, 0.79 ]
					},
					{ "time": 4, "angle": 0 }
				],
				"translate": [
					{ "time": 0, "x": 0, "y": 0, "curve": "stepped" },
					{ "time": 2, "x": 0, "y": 0, "curve": "stepped" },
					{ "time": 4, "x": 0, "y": 0 }
				],
				"scale": [
					{ "time": 0, "x": 1, "y": 1, "curve": "stepped" },
					{ "time": 2, "x": 1, "y": 1, "curve": "stepped" },
					{ "time": 4, "x": 1, "y": 1 }
				]
			},
			"bone5": {
				"rotate": [
					{
						"time": 0,
						"angle": 0,
						"curve": [ 0.25, 0, 0.75, 1 ]
					},
					{
						"time": 1,
						"angle": 3.02,
						"curve": [ 0.25, 0, 0.75, 1 ]
					},
					{
						"time": 2,
						"angle": 0,
						"curve": [ 0.25, 0, 0.75, 1 ]
					},
					{
						"time": 3,
						"angle": 3.02,
						"curve": [ 0.25, 0, 0.75, 1 ]
					},
					{ "time": 4, "angle": 0 }
				],
				"translate": [
					{ "time": 0, "x": 0, "y": 0, "curve": "stepped" },
					{ "time": 2, "x": 0, "y": 0, "curve": "stepped" },
					{ "time": 4, "x": 0, "y": 0 }
				],
				"scale": [
					{ "time": 0, "x": 1, "y": 1, "curve": "stepped" },
					{ "time": 2, "x": 1, "y": 1, "curve": "stepped" },
					{ "time": 4, "x": 1, "y": 1 }
				]
			},
			"bone6": {
				"rotate": [
					{
						"time": 0,
						"angle": 0,
						"curve": [ 0.25, 0, 0.75, 1 ]
					},
					{
						"time": 1,
						"angle": 3.47,
						"curve": [ 0.25, 0, 0.75, 1 ]
					},
					{
						"time": 2,
						"angle": 0,
						"curve": [ 0.25, 0, 0.75, 1 ]
					},
					{
						"time": 3,
						"angle": 3.47,
						"curve": [ 0.25, 0, 0.75, 1 ]
					},
					{ "time": 4, "angle": 0 }
				],
				"translate": [
					{ "time": 0, "x": 0, "y": 0, "curve": "stepped" },
					{ "time": 2, "x": 0, "y": 0, "curve": "stepped" },
					{ "time": 4, "x": 0, "y": 0 }
				],
				"scale": [
					{ "time": 0, "x": 1, "y": 1, "curve": "stepped" },
					{ "time": 2, "x": 1, "y": 1, "curve": "stepped" },
					{ "time": 4, "x": 1, "y": 1 }
				]
			},
			"bone7": {
				"rotate": [
					{
						"time": 0,
						"angle": 0,
						"curve": [ 0.25, 0, 0.75, 1 ]
					},
					{
						"time": 1,
						"angle": 8.96,
						"curve": [ 0.25, 0, 0.75, 1 ]
					},
					{
						"time": 2,
						"angle": 0,
						"curve": [ 0.312, 0, 0.646, 0.34 ]
					},
					{
						"time": 2.6666,
						"angle": 5.89,
						"curve": [ 0.25, 0, 0.75, 1 ]
					},
					{
						"time": 2.8333,
						"angle": -2.66,
						"curve": [ 0.25, 0, 0.75, 1 ]
					},
					{
						"time": 3,
						"angle": 6.17,
						"curve": [ 0.25, 0, 0.75, 1 ]
					},
					{ "time": 4, "angle": 0 }
				],
				"translate": [
					{ "time": 0, "x": 0, "y": 0, "curve": "stepped" },
					{ "time": 2, "x": 0, "y": 0, "curve": "stepped" },
					{ "time": 4, "x": 0, "y": 0 }
				],
				"scale": [
					{ "time": 0, "x": 1, "y": 1, "curve": "stepped" },
					{ "time": 2, "x": 1, "y": 1, "curve": "stepped" },
					{ "time": 4, "x": 1, "y": 1 }
				]
			},
			"bone10": {
				"rotate": [
					{
						"time": 0,
						"angle": 0,
						"curve": [ 0.25, 0, 0.75, 1 ]
					},
					{
						"time": 1,
						"angle": -13.3,
						"curve": [ 0.25, 0, 0.75, 1 ]
					},
					{
						"time": 2,
						"angle": 0,
						"curve": [ 0.268, 0, 0.618, 0.41 ]
					},
					{
						"time": 2.3,
						"angle": 4.07,
						"curve": [ 0.25, 0, 0.833, 0.91 ]
					},
					{
						"time": 2.4,
						"angle": -10.18,
						"curve": [ 0.25, 0, 0.75, 1 ]
					},
					{
						"time": 2.6333,
						"angle": 0.79,
						"curve": [ 0.261, 0, 0.611, 0.38 ]
					},
					{
						"time": 2.9666,
						"angle": -4.31,
						"curve": [ 0.25, 0, 0.75, 1 ]
					},
					{ "time": 4, "angle": 0 }
				],
				"translate": [
					{ "time": 0, "x": 0, "y": 0, "curve": "stepped" },
					{ "time": 2, "x": 0, "y": 0, "curve": "stepped" },
					{ "time": 4, "x": 0, "y": 0 }
				],
				"scale": [
					{ "time": 0, "x": 1, "y": 1, "curve": "stepped" },
					{ "time": 2, "x": 1, "y": 1, "curve": "stepped" },
					{ "time": 4, "x": 1, "y": 1 }
				]
			},
			"bone11": {
				"rotate": [
					{
						"time": 0,
						"angle": 0,
						"curve": [ 0.183, 0.23, 0.75, 1 ]
					},
					{
						"time": 0.5,
						"angle": 7.28,
						"curve": [ 0.25, 0, 0.75, 1 ]
					},
					{
						"time": 1.5,
						"angle": -4.58,
						"curve": [ 0.25, 0, 0.856, 0.76 ]
					},
					{
						"time": 2,
						"angle": 0,
						"curve": [ 0.182, 0.2, 0.618, 0.69 ]
					},
					{
						"time": 2.3333,
						"angle": 6.93,
						"curve": [ 0.25, 0, 0.75, 1 ]
					},
					{
						"time": 2.4,
						"angle": 14.54,
						"curve": [ 0.25, 0, 0.75, 1 ]
					},
					{
						"time": 2.5,
						"angle": 0.88,
						"curve": [ 0.25, 0, 0.75, 1 ]
					},
					{
						"time": 2.7666,
						"angle": 10.96,
						"curve": [ 0.259, 0, 0.671, 1 ]
					},
					{
						"time": 3.5,
						"angle": -4.58,
						"curve": [ 0.25, 0, 0.856, 0.76 ]
					},
					{ "time": 4, "angle": 0 }
				],
				"translate": [
					{ "time": 0, "x": 0, "y": 0, "curve": "stepped" },
					{ "time": 2, "x": 0, "y": 0, "curve": "stepped" },
					{ "time": 4, "x": 0, "y": 0 }
				],
				"scale": [
					{ "time": 0, "x": 1, "y": 1, "curve": "stepped" },
					{ "time": 2, "x": 1, "y": 1, "curve": "stepped" },
					{ "time": 4, "x": 1, "y": 1 }
				]
			},
			"bone8": {
				"rotate": [
					{
						"time": 0,
						"angle": -5.39,
						"curve": [ 0.25, 0, 0.75, 1 ]
					},
					{
						"time": 1,
						"angle": 7.95,
						"curve": [ 0.25, 0, 0.75, 1 ]
					},
					{
						"time": 2,
						"angle": -5.39,
						"curve": [ 0.273, 0, 0.619, 0.4 ]
					},
					{
						"time": 2.6,
						"angle": -8.77,
						"curve": [ 0.25, 0, 0.75, 1 ]
					},
					{
						"time": 2.8,
						"angle": 13.67,
						"curve": [ 0.25, 0, 0.75, 1 ]
					},
					{
						"time": 2.9,
						"angle": -5.04,
						"curve": [ 0.25, 0, 0.75, 1 ]
					},
					{
						"time": 3.0666,
						"angle": 13.36,
						"curve": [ 0.25, 0, 0.846, 0.73 ]
					},
					{
						"time": 3.2333,
						"angle": 3.91,
						"curve": [ 0.25, 0, 0.856, 0.76 ]
					},
					{ "time": 4, "angle": -5.39 }
				],
				"translate": [
					{ "time": 0, "x": 0, "y": 0, "curve": "stepped" },
					{ "time": 2, "x": 0, "y": 0, "curve": "stepped" },
					{ "time": 4, "x": 0, "y": 0 }
				],
				"scale": [
					{ "time": 0, "x": 1, "y": 1, "curve": "stepped" },
					{ "time": 2, "x": 1, "y": 1, "curve": "stepped" },
					{ "time": 4, "x": 1, "y": 1 }
				]
			},
			"bone9": {
				"rotate": [
					{ "time": 0, "angle": 0 },
					{ "time": 0.5, "angle": -9.75 },
					{ "time": 1.5, "angle": 8.71 },
					{ "time": 2, "angle": 0 },
					{
						"time": 2.5,
						"angle": -9.75,
						"curve": [ 0.25, 0, 0.75, 1 ]
					},
					{
						"time": 2.7,
						"angle": -23.41,
						"curve": [ 0.25, 0, 0.75, 1 ]
					},
					{
						"time": 2.8333,
						"angle": 16.44,
						"curve": [ 0.25, 0, 0.75, 1 ]
					},
					{
						"time": 3,
						"angle": -22.71,
						"curve": [ 0.25, 0, 0.75, 1 ]
					},
					{
						"time": 3.2,
						"angle": 16.79,
						"curve": [ 0.264, 0, 0.567, 0.95 ]
					},
					{ "time": 4, "angle": 0 }
				],
				"translate": [
					{ "time": 0, "x": 0, "y": 0, "curve": "stepped" },
					{ "time": 2, "x": 0, "y": 0, "curve": "stepped" },
					{ "time": 4, "x": 0, "y": 0 }
				],
				"scale": [
					{ "time": 0, "x": 1, "y": 1, "curve": "stepped" },
					{ "time": 2, "x": 1, "y": 1, "curve": "stepped" },
					{ "time": 4, "x": 1, "y": 1 }
				]
			},
			"bone12": {
				"rotate": [
					{
						"time": 0,
						"angle": 0,
						"curve": [ 0.25, 0, 0.75, 1 ]
					},
					{
						"time": 1,
						"angle": 13.13,
						"curve": [ 0.25, 0, 0.75, 1 ]
					},
					{
						"time": 2,
						"angle": 0,
						"curve": [ 0.273, 0, 0.619, 0.4 ]
					},
					{
						"time": 2.2666,
						"angle": 2.93,
						"curve": [ 0.318, 0.28, 0.657, 0.63 ]
					},
					{
						"time": 2.4666,
						"angle": 18.95,
						"curve": [ 0.333, 0.33, 0.666, 0.66 ]
					},
					{
						"time": 2.5333,
						"angle": 0,
						"curve": [ 0.336, 0.34, 0.671, 0.68 ]
					},
					{
						"time": 2.6333,
						"angle": 6.71,
						"curve": [ 0.382, 0.55, 0.738, 1 ]
					},
					{
						"time": 3,
						"angle": 13.13,
						"curve": [ 0.25, 0, 0.75, 1 ]
					},
					{ "time": 4, "angle": 0 }
				],
				"translate": [
					{ "time": 0, "x": 0, "y": 0, "curve": "stepped" },
					{ "time": 2, "x": 0, "y": 0, "curve": "stepped" },
					{ "time": 4, "x": 0, "y": 0 }
				],
				"scale": [
					{ "time": 0, "x": 1, "y": 1, "curve": "stepped" },
					{ "time": 2, "x": 1, "y": 1, "curve": "stepped" },
					{ "time": 4, "x": 1, "y": 1 }
				]
			},
			"bone13": {
				"rotate": [
					{ "time": 0, "angle": 0, "curve": "stepped" },
					{ "time": 4, "angle": 0 }
				],
				"translate": [
					{ "time": 0, "x": 0, "y": 0, "curve": "stepped" },
					{ "time": 4, "x": 0, "y": 0 }
				],
				"scale": [
					{ "time": 0, "x": 1, "y": 1, "curve": "stepped" },
					{ "time": 4, "x": 1, "y": 1 }
				]
			}
		}
	}
}
}