{"skeleton":{"hash":"iJxhVLxAq1i9DkZp3DsgGoklosM","spine":"2.1.27","width":128,"height":136,"images":""},"bones":[{"name":"root"},{"name":"denglong","parent":"root","x":-1.22,"y":115.26}],"slots":[{"name":"guangyun_","bone":"denglong","attachment":"guangyun_"},{"name":"denglong_","bone":"denglong","attachment":"denglong_"}],"skins":{"default":{"denglong_":{"denglong_":{"x":1.22,"y":-57.69,"width":60,"height":117}},"guangyun_":{"guangyun_":{"x":1.22,"y":-57.69,"width":128,"height":136}}}},"animations":{"animation":{"slots":{"guangyun_":{"color":[{"time":0,"color":"ffffffff","curve":[0.25,0,0.75,1]},{"time":1.3333,"color":"ffffff5c","curve":[0.25,0,0.75,1]},{"time":2.6666,"color":"ffffffff"}]}},"bones":{"denglong":{"rotate":[{"time":0,"angle":0,"curve":[0.085,0.12,0.75,1]},{"time":0.6666,"angle":-3.23,"curve":[0.25,0,0.75,1]},{"time":2,"angle":2.46,"curve":[0.25,0,0.918,0.87]},{"time":2.6666,"angle":0}]}}}}}