{"skeleton":{"hash":"rNmABDv74JeRErxvBz0PcWIkFKI","spine":"3.7.94","width":807.67,"height":790.14,"images":"./images/","audio":""},"bones":[{"name":"root"},{"name":"qiu","parent":"root"},{"name":"xingyun","parent":"qiu","rotation":30.46,"scaleX":1.066,"shearX":4.03,"shearY":12.71},{"name":"xx1","parent":"qiu","x":3.03,"y":125.23},{"name":"qiu_","parent":"qiu"},{"name":"wu_1","parent":"root","x":-209.47,"y":-106.58},{"name":"wu_2","parent":"root","x":216.06,"y":-106.58,"scaleX":-1},{"name":"qiuguang","parent":"root"},{"name":"guangci","parent":"qiuguang","scaleX":1.952,"scaleY":1.952},{"name":"sun_","parent":"qiuguang","length":97.9,"rotation":9.11,"x":-29.65,"y":-108.99},{"name":"shine_1","parent":"qiuguang"},{"name":"shine_2","parent":"qiuguang"},{"name":"guagnqiuadd1","parent":"qiu"},{"name":"xing","parent":"qiu"},{"name":"xing_1","parent":"xing","x":81.07,"y":-10.89},{"name":"xing_2","parent":"xing","x":27.35,"y":75.99},{"name":"xing_3","parent":"xing","x":10.41,"y":61.95},{"name":"xing_4","parent":"xing","x":-61.71,"y":-41.14},{"name":"xing_5","parent":"xing","x":-0.27,"y":-3.48},{"name":"guagnqiuadd2","parent":"qiu"},{"name":"shine_3","parent":"qiuguang"}],"slots":[{"name":"wu_2","bone":"wu_2","attachment":"wu_"},{"name":"wu_1","bone":"wu_1","attachment":"wu_"},{"name":"qiuse_1","bone":"qiu_","attachment":"qiuse_"},{"name":"xingyun00_","bone":"xingyun","attachment":"xingyun00_"},{"name":"qiu_","bone":"qiu_","attachment":"qiu_"},{"name":"x_","bone":"xx1","attachment":"x_","blend":"additive"},{"name":"guangci_","bone":"guangci","color":"890067ff","attachment":"guangci_","blend":"additive"},{"name":"sun_","bone":"sun_","attachment":"sun_","blend":"additive"},{"name":"shine_1","bone":"shine_1","color":"e323ffff","attachment":"shine_","blend":"additive"},{"name":"guagnqiu_","bone":"guagnqiuadd1","color":"6f24ffff","blend":"additive"},{"name":"guagnqiu_2","bone":"guagnqiuadd2","blend":"additive"},{"name":"shine_2","bone":"shine_2","color":"e323ffff","blend":"additive"},{"name":"shine_3","bone":"shine_3","color":"e323ffff","blend":"additive"},{"name":"xing_","bone":"xing_1","blend":"additive"},{"name":"xing_2","bone":"xing_2","blend":"additive"},{"name":"xing_3","bone":"xing_3","blend":"additive"},{"name":"xing_4","bone":"xing_4","blend":"additive"},{"name":"xing_5","bone":"xing_5","blend":"additive"}],"skins":{"default":{"guagnqiu_":{"guagnqiu_":{"scaleX":8.659,"scaleY":8.659,"width":64,"height":64}},"guagnqiu_2":{"guagnqiu_":{"scaleX":8.659,"scaleY":8.659,"width":64,"height":64}},"guangci_":{"guangci_":{"y":2.24,"scaleX":1.54,"scaleY":1.54,"width":236,"height":230}},"qiu_":{"qiu_":{"width":264,"height":268}},"qiuse_1":{"qiuse_":{"scaleX":4,"scaleY":4,"width":62,"height":62}},"shine_1":{"shine_":{"scaleX":1.419,"scaleY":1.419,"rotation":26.64,"width":328,"height":346}},"shine_2":{"shine_":{"rotation":-3.46,"width":328,"height":346}},"shine_3":{"shine_":{"rotation":-3.46,"width":328,"height":346}},"sun_":{"sun_":{"x":-16.25,"y":-12.56,"scaleX":2,"scaleY":2,"rotation":-9.11,"width":199,"height":174}},"wu_1":{"wu_":{"type":"mesh","uvs":[1,1,0.5,1,0,1,0,0.8,0,0.6,0,0.4,0,0.2,0,0,0.5,0,1,0,1,0.2,1,0.4,1,0.6,1,0.8,0.5,0.8,0.5,0.6,0.5,0.4,0.5,0.2],"triangles":[6,8,7,17,8,6,5,17,6,16,17,5,4,16,5,15,16,4,3,15,4,14,15,3,2,14,3,1,14,2,17,9,8,10,9,17,16,10,17,11,10,16,15,11,16,12,11,15,14,12,15,13,12,14,1,13,14,0,13,1],"vertices":[133.93,-100.69,-28.57,-100.69,-191.07,-100.69,-191.07,30.51,-191.07,161.71,-191.07,292.91,-191.07,424.11,-191.07,555.31,-28.57,555.31,133.93,555.31,133.93,424.11,133.93,292.91,133.93,161.71,133.93,30.51,-28.57,30.51,-28.57,161.71,-28.57,292.91,-28.57,424.11],"hull":14,"edges":[0,2,2,4,4,6,6,8,8,10,10,12,12,14,14,16,16,18,18,20,20,22,22,24,24,26,26,0],"width":325,"height":656}},"wu_2":{"wu_":{"type":"mesh","uvs":[1,1,0,1,0,0.8,0,0.6,0,0.4,0,0.2,0,0,1,0,1,0.2,1,0.4,1,0.6,1,0.8],"triangles":[0,11,1,1,11,2,11,10,2,2,10,3,10,9,3,3,9,4,9,8,4,4,8,5,8,7,5,5,7,6],"vertices":[133.93,-100.69,-191.07,-100.69,-191.07,30.51,-191.07,161.71,-191.07,292.91,-191.07,424.11,-191.07,555.31,133.93,555.31,133.93,424.11,133.93,292.91,133.93,161.71,133.93,30.51],"hull":12,"edges":[0,2,2,4,4,6,6,8,8,10,10,12,12,14,14,16,16,18,18,20,20,22,22,0],"width":325,"height":656}},"x_":{"x_":{"width":261,"height":146}},"xing_":{"xing_":{"width":40,"height":40}},"xing_2":{"xing_":{"width":40,"height":40}},"xing_3":{"xing_":{"width":40,"height":40}},"xing_4":{"xing_":{"width":40,"height":40}},"xing_5":{"xing_":{"width":40,"height":40}},"xingyun00_":{"xingyun00_":{"width":201,"height":147},"xingyun01_":{"width":201,"height":147},"xingyun02_":{"width":201,"height":147},"xingyun03_":{"width":201,"height":147},"xingyun04_":{"width":201,"height":147},"xingyun05_":{"width":201,"height":147},"xingyun06_":{"width":201,"height":147},"xingyun07_":{"width":201,"height":147},"xingyun08_":{"width":201,"height":147},"xingyun09_":{"width":201,"height":147},"xingyun10_":{"width":201,"height":147},"xingyun11_":{"width":201,"height":147},"xingyun12_":{"width":201,"height":147},"xingyun13_":{"width":201,"height":147}}}},"animations":{"animation":{"slots":{"guagnqiu_":{"color":[{"time":0,"color":"6e23ff00","curve":[0.25,0,0.75,1]},{"time":0.5667,"color":"9922ffd3","curve":[0.25,0,0.75,1]},{"time":1.8333,"color":"6e23ff00","curve":[0.25,0,0.75,1]},{"time":2.4667,"color":"b622ffd9","curve":[0.25,0,0.75,1]},{"time":3.7333,"color":"6e23ff00"}],"attachment":[{"time":0,"name":"guagnqiu_"}]},"guagnqiu_2":{"color":[{"time":0,"color":"992cffb8"},{"time":0.6667,"color":"b6003600","curve":"stepped"},{"time":3,"color":"b6003600"},{"time":3.7333,"color":"992cffb8"}],"attachment":[{"time":0,"name":"guagnqiu_"}]},"guangci_":{"color":[{"time":0,"color":"c224c3db","curve":[0.25,0,0.75,1]},{"time":0.8333,"color":"bf36c7ff","curve":[0.25,0,0.75,1]},{"time":1.8333,"color":"cf4dafff","curve":[0.25,0,0.75,1]},{"time":2.8333,"color":"ae65ffff","curve":[0.25,0,0.75,1]},{"time":3.7333,"color":"c224c3db"}]},"qiu_":{"color":[{"time":0,"color":"ffffffff"},{"time":0.9,"color":"9069ffb0"},{"time":1.8333,"color":"ffffffff"},{"time":2.7333,"color":"b869ffb0"},{"time":3.7333,"color":"ffffffff"}]},"shine_1":{"color":[{"time":0,"color":"e222ff00"},{"time":0.8333,"color":"f29bffff"},{"time":1.8333,"color":"e222ff00"}]},"shine_2":{"color":[{"time":1.0667,"color":"e222ff00"},{"time":1.9,"color":"f29bffff"},{"time":3.0667,"color":"e222ff00"}],"attachment":[{"time":1.0667,"name":"shine_"}]},"shine_3":{"color":[{"time":0,"color":"ef89ffda"},{"time":1,"color":"e222ff00","curve":"stepped"},{"time":2.7333,"color":"e222ff00"},{"time":3.5667,"color":"f29bffff"},{"time":3.7333,"color":"ef89ffda"}],"attachment":[{"time":0,"name":"shine_"}]},"sun_":{"color":[{"time":0,"color":"ffffff00"},{"time":1.8,"color":"ffffffff"},{"time":3.7333,"color":"ffffff00"}]},"x_":{"color":[{"time":0,"color":"ffffff00"},{"time":0.8,"color":"ffffffff"},{"time":1.8,"color":"ffffff00","curve":"stepped"},{"time":1.8333,"color":"ffffff00"},{"time":2.6667,"color":"ffffffff"},{"time":3.7333,"color":"ffffff00"}]},"xing_":{"color":[{"time":0.6333,"color":"ffffffff","curve":[0.236,0.7,0.88,0.59]},{"time":1.3333,"color":"8217ffff"}],"attachment":[{"time":0,"name":"xing_"}]},"xing_2":{"color":[{"time":1.3333,"color":"ffffffff","curve":[0.236,0.7,0.88,0.59]},{"time":2.1333,"color":"8217ffff"}],"attachment":[{"time":0.6667,"name":"xing_"}]},"xing_3":{"color":[{"time":1.5,"color":"ffffffff","curve":[0.236,0.7,0.88,0.59]},{"time":2.3667,"color":"8217ffff"}],"attachment":[{"time":0.7667,"name":"xing_"}]},"xing_4":{"color":[{"time":3,"color":"ffffffff","curve":[0.236,0.7,0.88,0.59]},{"time":3.7333,"color":"8217ffff"}],"attachment":[{"time":2.3667,"name":"xing_"}]},"xing_5":{"color":[{"time":0,"color":"ffffffff","curve":[0.236,0.7,0.88,0.59]},{"time":0.9,"color":"8217ffff","curve":"stepped"},{"time":2.9667,"color":"8217ffff","curve":[0.236,0.7,0.88,0.59]},{"time":3.7333,"color":"ffffffff"}],"attachment":[{"time":0,"name":"xing_"}]},"xingyun00_":{"attachment":[{"time":0.0667,"name":"xingyun01_"},{"time":0.1333,"name":"xingyun02_"},{"time":0.2,"name":"xingyun03_"},{"time":0.2667,"name":"xingyun04_"},{"time":0.3333,"name":"xingyun05_"},{"time":0.4,"name":"xingyun06_"},{"time":0.4667,"name":"xingyun07_"},{"time":0.5333,"name":"xingyun08_"},{"time":0.6,"name":"xingyun09_"},{"time":0.6667,"name":"xingyun10_"},{"time":0.7333,"name":"xingyun11_"},{"time":0.8,"name":"xingyun12_"},{"time":0.8667,"name":"xingyun13_"},{"time":0.9333,"name":"xingyun00_"},{"time":1,"name":"xingyun01_"},{"time":1.0667,"name":"xingyun02_"},{"time":1.1333,"name":"xingyun03_"},{"time":1.2,"name":"xingyun04_"},{"time":1.2667,"name":"xingyun05_"},{"time":1.3333,"name":"xingyun06_"},{"time":1.4,"name":"xingyun07_"},{"time":1.4667,"name":"xingyun08_"},{"time":1.5333,"name":"xingyun09_"},{"time":1.6,"name":"xingyun10_"},{"time":1.6667,"name":"xingyun11_"},{"time":1.7333,"name":"xingyun12_"},{"time":1.8,"name":"xingyun13_"},{"time":1.8667,"name":"xingyun00_"},{"time":1.9333,"name":"xingyun01_"},{"time":2,"name":"xingyun02_"},{"time":2.0667,"name":"xingyun03_"},{"time":2.1333,"name":"xingyun04_"},{"time":2.2,"name":"xingyun05_"},{"time":2.2667,"name":"xingyun06_"},{"time":2.3333,"name":"xingyun07_"},{"time":2.4,"name":"xingyun08_"},{"time":2.4667,"name":"xingyun09_"},{"time":2.5333,"name":"xingyun10_"},{"time":2.6,"name":"xingyun11_"},{"time":2.6667,"name":"xingyun12_"},{"time":2.7333,"name":"xingyun13_"},{"time":2.8,"name":"xingyun00_"},{"time":2.8667,"name":"xingyun01_"},{"time":2.9333,"name":"xingyun02_"},{"time":3,"name":"xingyun03_"},{"time":3.0667,"name":"xingyun04_"},{"time":3.1333,"name":"xingyun05_"},{"time":3.2,"name":"xingyun06_"},{"time":3.2667,"name":"xingyun07_"},{"time":3.3333,"name":"xingyun08_"},{"time":3.4,"name":"xingyun09_"},{"time":3.4667,"name":"xingyun10_"},{"time":3.5333,"name":"xingyun11_"},{"time":3.6,"name":"xingyun12_"},{"time":3.6667,"name":"xingyun13_"},{"time":3.7333,"name":"xingyun00_"}]}},"bones":{"xingyun":{"scale":[{"time":0,"x":1,"y":1,"curve":[0.25,0,0.75,1]},{"time":1.8333,"x":1.039,"y":1.039,"curve":[0.25,0,0.75,1]},{"time":3.7333,"x":1,"y":1}],"shear":[{"time":0,"x":0,"y":0,"curve":[0.25,0,0.75,1]},{"time":1.8333,"x":2.18,"y":14.84,"curve":[0.25,0,0.75,1]},{"time":3.7333,"x":0,"y":0}]},"qiu":{"translate":[{"time":0,"x":0,"y":0,"curve":[0.182,0.42,0.703,0.88]},{"time":1.7333,"x":0,"y":17.17,"curve":[0.182,0.42,0.703,0.88]},{"time":3.7333,"x":0,"y":0}]},"xx1":{"scale":[{"time":0,"x":1,"y":0.6},{"time":0.8,"x":1,"y":1},{"time":1.8,"x":1,"y":0.6},{"time":1.8333,"x":0.8,"y":0.6},{"time":2.6667,"x":1,"y":1},{"time":3.7333,"x":1,"y":0.6}]},"wu_1":{"translate":[{"time":0,"x":0,"y":0,"curve":[0.25,0,0.75,1]},{"time":1.8667,"x":4.7,"y":-7.05,"curve":[0.25,0,0.75,1]},{"time":3.7333,"x":0,"y":0}]},"wu_2":{"translate":[{"time":0,"x":0,"y":0,"curve":[0.25,0,0.75,1]},{"time":1.8667,"x":4.7,"y":-7.05,"curve":[0.25,0,0.75,1]},{"time":3.7333,"x":0,"y":0}]},"sun_":{"scale":[{"time":0,"x":0.373,"y":0.373,"curve":[0.25,0,0.75,1]},{"time":3.7333,"x":1.01,"y":1.01}],"shear":[{"time":0,"x":0,"y":0,"curve":[0.25,0,0.75,1]},{"time":3.7333,"x":0,"y":17.11}]},"shine_1":{"scale":[{"time":0,"x":0.5,"y":0.5},{"time":1.8333,"x":1.651,"y":1.651}]},"shine_2":{"scale":[{"time":1.0667,"x":1,"y":1},{"time":3.0667,"x":2.5,"y":2.5}]},"guagnqiuadd1":{"scale":[{"time":0,"x":0.432,"y":0.432,"curve":[0.25,0,0.75,1]},{"time":1.8,"x":2.5,"y":2.5,"curve":[0.25,0,0.75,1]},{"time":1.8333,"x":0.432,"y":0.432,"curve":[0.25,0,0.75,1]},{"time":3.7333,"x":1.5,"y":1.5}]},"xing_1":{"scale":[{"time":0,"x":0,"y":0,"curve":[0.25,0,0.75,1]},{"time":0.6333,"x":1,"y":1,"curve":[0.25,0,0.75,1]},{"time":1.3333,"x":0,"y":0}]},"xing_2":{"scale":[{"time":0.6667,"x":0,"y":0,"curve":[0.25,0,0.75,1]},{"time":1.3333,"x":0.8,"y":0.8,"curve":[0.25,0,0.75,1]},{"time":2.1333,"x":0,"y":0}]},"xing_3":{"scale":[{"time":0.7667,"x":0,"y":0,"curve":[0.25,0,0.75,1]},{"time":1.5,"x":1.1,"y":1.1,"curve":[0.25,0,0.75,1]},{"time":2.3667,"x":0,"y":0}]},"xing_4":{"scale":[{"time":2.3667,"x":0,"y":0,"curve":[0.25,0,0.75,1]},{"time":3,"x":1,"y":1,"curve":[0.25,0,0.75,1]},{"time":3.7333,"x":0,"y":0}]},"xing_5":{"scale":[{"time":0,"x":1,"y":1,"curve":[0.25,0,0.75,1]},{"time":0.9,"x":0,"y":0,"curve":"stepped"},{"time":2.9667,"x":0,"y":0,"curve":[0.25,0,0.75,1]},{"time":3.7333,"x":1,"y":1}]},"qiu_":{"rotate":[{"time":0,"angle":0,"curve":[0.25,0,0.75,1]},{"time":1,"angle":-2,"curve":[0.25,0,0.75,1]},{"time":2.3333,"angle":2,"curve":[0.25,0,0.75,1]},{"time":3.7333,"angle":0}]},"guagnqiuadd2":{"scale":[{"time":0,"x":1.398,"y":1.398}]},"shine_3":{"scale":[{"time":0,"x":1.75,"y":1.75},{"time":1,"x":2.5,"y":2.5},{"time":2.7333,"x":1,"y":1},{"time":3.7333,"x":1.75,"y":1.75}]}},"deform":{"default":{"wu_1":{"wu_":[{"time":0,"curve":[0.25,0,0.75,1]},{"time":1.8667,"vertices":[2.98199,31.05194,29.12694,10.47195,-4.508,10.14297,-10.43701,5.96404,0,0,0,0,4.47302,4.47302,20.87402,-11.92804,13.41901,-2.98206,0,0,0,0,0,0,-2.25403,-13.85297,-1.12701,12.39703,-1.49097,9.82697,11.92816,3.57498,-9.84402,-10.13196,10.43704,-5.96405],"curve":[0.25,0,0.75,1]},{"time":3.7333}]},"wu_2":{"wu_":[{"time":0,"curve":[0.25,0,0.75,1]},{"time":1.8667,"vertices":[0.12407,10.4821,8.46008,4.23004,-8.4599,0,6.31384,0,-4.22998,-4.23001,12.69006,0,-2.81992,-14.10004,-15.51001,-8.46002,9.87003,0,-7.04996,0,6.31403,-2.08389,-5.63998],"curve":[0.25,0,0.75,1]},{"time":3.7333}]}}}}}}