{
"skeleton": { "hash": "/blO1Zp+DE6zdHn9iRxSXOqp9wM", "spine": "3.7.94", "width": 0, "height": 0 },
"bones": [
	{ "name": "root" },
	{ "name": "idle_low_", "parent": "root", "scaleX": 1.39, "scaleY": 1.39 },
	{ "name": "shadow_", "parent": "root" }
],
"slots": [
	{ "name": "idle_low_000_", "bone": "idle_low_" },
	{ "name": "shadow_000_", "bone": "shadow_" }
],
"skins": {
	"default": {
		"idle_low_000_": {
			"idle_low_000_": { "width": 1224, "height": 1224 },
			"idle_low_003_": { "width": 1224, "height": 1224 },
			"idle_low_006_": { "width": 1224, "height": 1224 },
			"idle_low_009_": { "width": 1224, "height": 1224 },
			"idle_low_012_": { "width": 1224, "height": 1224 },
			"idle_low_015_": { "width": 1224, "height": 1224 },
			"idle_low_018_": { "width": 1224, "height": 1224 },
			"idle_low_021_": { "width": 1224, "height": 1224 },
			"idle_low_024_": { "width": 1224, "height": 1224 },
			"idle_low_027_": { "width": 1224, "height": 1224 },
			"idle_low_030_": { "width": 1224, "height": 1224 },
			"idle_low_033_": { "width": 1224, "height": 1224 },
			"idle_low_036_": { "width": 1224, "height": 1224 },
			"idle_low_039_": { "width": 1224, "height": 1224 },
			"idle_low_042_": { "width": 1224, "height": 1224 },
			"idle_low_045_": { "width": 1224, "height": 1224 },
			"idle_low_048_": { "width": 1224, "height": 1224 },
			"idle_low_051_": { "width": 1224, "height": 1224 },
			"idle_low_054_": { "width": 1224, "height": 1224 },
			"idle_low_057_": { "width": 1224, "height": 1224 },
			"idle_low_060_": { "width": 1224, "height": 1224 }
		},
		"shadow_000_": {
			"shadow_000_": { "width": 179, "height": 179 }
		}
	}
},
"animations": {
	"animation": {
		"slots": {
			"idle_low_000_": {
				"attachment": [
					{ "time": 0, "name": "idle_low_000_" },
					{ "time": 0.1, "name": "idle_low_003_" },
					{ "time": 0.2, "name": "idle_low_006_" },
					{ "time": 0.3, "name": "idle_low_009_" },
					{ "time": 0.4, "name": "idle_low_012_" },
					{ "time": 0.5, "name": "idle_low_015_" },
					{ "time": 0.6, "name": "idle_low_018_" },
					{ "time": 0.7, "name": "idle_low_021_" },
					{ "time": 0.8, "name": "idle_low_024_" },
					{ "time": 0.9, "name": "idle_low_027_" },
					{ "time": 1, "name": "idle_low_030_" },
					{ "time": 1.1, "name": "idle_low_033_" },
					{ "time": 1.2, "name": "idle_low_036_" },
					{ "time": 1.3, "name": "idle_low_039_" },
					{ "time": 1.4, "name": "idle_low_042_" },
					{ "time": 1.5, "name": "idle_low_045_" },
					{ "time": 1.6, "name": "idle_low_048_" },
					{ "time": 1.7, "name": "idle_low_051_" },
					{ "time": 1.8, "name": "idle_low_054_" },
					{ "time": 1.9, "name": "idle_low_057_" },
					{ "time": 2, "name": "idle_low_060_" },
					{ "time": 2.1, "name": null }
				]
			},
			"shadow_000_": {
				"attachment": [
					{ "time": 0, "name": "shadow_000_" }
				]
			}
		},
		"bones": {
			"idle_low_": {
				"translate": [
					{ "time": 0, "x": 90, "y": 200 }
				]
			},
			"shadow_": {
				"scale": [
					{ "time": 0, "x": 2.1, "y": 1.4 }
				]
			}
		}
	}
}
}