{
"skeleton": { "hash": "pw0pGaeQZrjUkWZscdjEqgW4/t0", "spine": "3.7.94", "width": 358, "height": 295, "images": "./images/", "audio": "F:/COK项目/Spine工程/翅膀—深渊异形Spine" },
"bones": [
	{ "name": "root" },
	{ "name": "ctr_L", "parent": "root", "scaleX": 1.25, "scaleY": 1.25 },
	{ "name": "DL", "parent": "ctr_L" },
	{ "name": "DR_", "parent": "ctr_L" },
	{ "name": "UL_", "parent": "ctr_L" },
	{ "name": "UR", "parent": "ctr_L" },
	{ "name": "ctr_L2", "parent": "root", "scaleX": -1.25, "scaleY": 1.25 },
	{ "name": "DL2", "parent": "ctr_L2" },
	{ "name": "DR_2", "parent": "ctr_L2" },
	{ "name": "UL_2", "parent": "ctr_L2" },
	{ "name": "UR2", "parent": "ctr_L2" }
],
"slots": [
	{ "name": "DL", "bone": "DL" },
	{ "name": "DL2", "bone": "DL2" },
	{ "name": "DR_", "bone": "DR_" },
	{ "name": "DR_2", "bone": "DR_2" },
	{ "name": "UL_", "bone": "UL_" },
	{ "name": "UL_2", "bone": "UL_2" },
	{ "name": "UR", "bone": "UR" },
	{ "name": "UR2", "bone": "UR2" }
],
"skins": {
	"default": {
		"DL": {
			"DL_00_": { "width": 400, "height": 400 },
			"DL_03_": { "width": 400, "height": 400 },
			"DL_06_": { "width": 400, "height": 400 },
			"DL_09_": { "width": 400, "height": 400 },
			"DL_12_": { "width": 400, "height": 400 },
			"DL_15_": { "width": 400, "height": 400 },
			"DL_18_": { "width": 400, "height": 400 },
			"DL_21_": { "width": 400, "height": 400 },
			"DL_24_": { "width": 400, "height": 400 },
			"DL_27_": { "width": 400, "height": 400 },
			"DL_30_": { "width": 400, "height": 400 },
			"DL_33_": { "width": 400, "height": 400 },
			"DL_36_": { "width": 400, "height": 400 },
			"DL_39_": { "width": 400, "height": 400 },
			"DL_42_": { "width": 400, "height": 400 },
			"DL_45_": { "width": 400, "height": 400 }
		},
		"DL2": {
			"DL_00_": { "width": 400, "height": 400 },
			"DL_03_": { "width": 400, "height": 400 },
			"DL_06_": { "width": 400, "height": 400 },
			"DL_09_": { "width": 400, "height": 400 },
			"DL_12_": { "width": 400, "height": 400 },
			"DL_15_": { "width": 400, "height": 400 },
			"DL_18_": { "width": 400, "height": 400 },
			"DL_21_": { "width": 400, "height": 400 },
			"DL_24_": { "width": 400, "height": 400 },
			"DL_27_": { "width": 400, "height": 400 },
			"DL_30_": { "width": 400, "height": 400 },
			"DL_33_": { "width": 400, "height": 400 },
			"DL_36_": { "width": 400, "height": 400 },
			"DL_39_": { "width": 400, "height": 400 },
			"DL_42_": { "width": 400, "height": 400 },
			"DL_45_": { "width": 400, "height": 400 }
		},
		"DR_": {
			"DR_00_": { "width": 400, "height": 400 },
			"DR_03_": { "width": 400, "height": 400 },
			"DR_06_": { "width": 400, "height": 400 },
			"DR_09_": { "width": 400, "height": 400 },
			"DR_12_": { "width": 400, "height": 400 },
			"DR_15_": { "width": 400, "height": 400 },
			"DR_18_": { "width": 400, "height": 400 },
			"DR_21_": { "width": 400, "height": 400 },
			"DR_24_": { "width": 400, "height": 400 },
			"DR_27_": { "width": 400, "height": 400 },
			"DR_30_": { "width": 400, "height": 400 },
			"DR_33_": { "width": 400, "height": 400 },
			"DR_36_": { "width": 400, "height": 400 },
			"DR_39_": { "width": 400, "height": 400 },
			"DR_42_": { "width": 400, "height": 400 },
			"DR_45_": { "width": 400, "height": 400 }
		},
		"DR_2": {
			"DR_00_": { "width": 400, "height": 400 },
			"DR_03_": { "width": 400, "height": 400 },
			"DR_06_": { "width": 400, "height": 400 },
			"DR_09_": { "width": 400, "height": 400 },
			"DR_12_": { "width": 400, "height": 400 },
			"DR_15_": { "width": 400, "height": 400 },
			"DR_18_": { "width": 400, "height": 400 },
			"DR_21_": { "width": 400, "height": 400 },
			"DR_24_": { "width": 400, "height": 400 },
			"DR_27_": { "width": 400, "height": 400 },
			"DR_30_": { "width": 400, "height": 400 },
			"DR_33_": { "width": 400, "height": 400 },
			"DR_36_": { "width": 400, "height": 400 },
			"DR_39_": { "width": 400, "height": 400 },
			"DR_42_": { "width": 400, "height": 400 },
			"DR_45_": { "width": 400, "height": 400 }
		},
		"UL_": {
			"UL_00_": { "width": 400, "height": 400 },
			"UL_03_": { "width": 400, "height": 400 },
			"UL_06_": { "width": 400, "height": 400 },
			"UL_09_": { "width": 400, "height": 400 },
			"UL_12_": { "width": 400, "height": 400 },
			"UL_15_": { "width": 400, "height": 400 },
			"UL_18_": { "width": 400, "height": 400 },
			"UL_21_": { "width": 400, "height": 400 },
			"UL_24_": { "width": 400, "height": 400 },
			"UL_27_": { "width": 400, "height": 400 },
			"UL_30_": { "width": 400, "height": 400 },
			"UL_33_": { "width": 400, "height": 400 },
			"UL_36_": { "width": 400, "height": 400 },
			"UL_39_": { "width": 400, "height": 400 },
			"UL_42_": { "width": 400, "height": 400 },
			"UL_45_": { "width": 400, "height": 400 }
		},
		"UL_2": {
			"UL_00_": { "width": 400, "height": 400 },
			"UL_03_": { "width": 400, "height": 400 },
			"UL_06_": { "width": 400, "height": 400 },
			"UL_09_": { "width": 400, "height": 400 },
			"UL_12_": { "width": 400, "height": 400 },
			"UL_15_": { "width": 400, "height": 400 },
			"UL_18_": { "width": 400, "height": 400 },
			"UL_21_": { "width": 400, "height": 400 },
			"UL_24_": { "width": 400, "height": 400 },
			"UL_27_": { "width": 400, "height": 400 },
			"UL_30_": { "width": 400, "height": 400 },
			"UL_33_": { "width": 400, "height": 400 },
			"UL_36_": { "width": 400, "height": 400 },
			"UL_39_": { "width": 400, "height": 400 },
			"UL_42_": { "width": 400, "height": 400 },
			"UL_45_": { "width": 400, "height": 400 }
		},
		"UR": {
			"UR_00_": { "width": 400, "height": 400 },
			"UR_03_": { "width": 400, "height": 400 },
			"UR_06_": { "width": 400, "height": 400 },
			"UR_09_": { "width": 400, "height": 400 },
			"UR_12_": { "width": 400, "height": 400 },
			"UR_15_": { "width": 400, "height": 400 },
			"UR_18_": { "width": 400, "height": 400 },
			"UR_21_": { "width": 400, "height": 400 },
			"UR_24_": { "width": 400, "height": 400 },
			"UR_27_": { "width": 400, "height": 400 },
			"UR_30_": { "width": 400, "height": 400 },
			"UR_33_": { "width": 400, "height": 400 },
			"UR_36_": { "width": 400, "height": 400 },
			"UR_39_": { "width": 400, "height": 400 },
			"UR_42_": { "width": 400, "height": 400 },
			"UR_45_": { "width": 400, "height": 400 }
		},
		"UR2": {
			"UR_00_": { "width": 400, "height": 400 },
			"UR_03_": { "width": 400, "height": 400 },
			"UR_06_": { "width": 400, "height": 400 },
			"UR_09_": { "width": 400, "height": 400 },
			"UR_12_": { "width": 400, "height": 400 },
			"UR_15_": { "width": 400, "height": 400 },
			"UR_18_": { "width": 400, "height": 400 },
			"UR_21_": { "width": 400, "height": 400 },
			"UR_24_": { "width": 400, "height": 400 },
			"UR_27_": { "width": 400, "height": 400 },
			"UR_30_": { "width": 400, "height": 400 },
			"UR_33_": { "width": 400, "height": 400 },
			"UR_36_": { "width": 400, "height": 400 },
			"UR_39_": { "width": 400, "height": 400 },
			"UR_42_": { "width": 400, "height": 400 },
			"UR_45_": { "width": 400, "height": 400 }
		}
	}
},
"animations": {
	"animation": {
		"slots": {
			"DL": {
				"attachment": [
					{ "time": 0, "name": "DL_00_" },
					{ "time": 0.1, "name": "DL_03_" },
					{ "time": 0.2, "name": "DL_06_" },
					{ "time": 0.3, "name": "DL_09_" },
					{ "time": 0.4, "name": "DL_12_" },
					{ "time": 0.5, "name": "DL_15_" },
					{ "time": 0.6, "name": "DL_18_" },
					{ "time": 0.7, "name": "DL_21_" },
					{ "time": 0.8, "name": "DL_24_" },
					{ "time": 0.9, "name": "DL_27_" },
					{ "time": 1, "name": "DL_30_" },
					{ "time": 1.1, "name": "DL_33_" },
					{ "time": 1.2, "name": "DL_36_" },
					{ "time": 1.3, "name": "DL_39_" },
					{ "time": 1.4, "name": "DL_42_" },
					{ "time": 1.5, "name": "DL_45_" },
					{ "time": 1.6, "name": null }
				]
			},
			"DL2": {
				"attachment": [
					{ "time": 0, "name": "DL_00_" },
					{ "time": 0.1, "name": "DL_03_" },
					{ "time": 0.2, "name": "DL_06_" },
					{ "time": 0.3, "name": "DL_09_" },
					{ "time": 0.4, "name": "DL_12_" },
					{ "time": 0.5, "name": "DL_15_" },
					{ "time": 0.6, "name": "DL_18_" },
					{ "time": 0.7, "name": "DL_21_" },
					{ "time": 0.8, "name": "DL_24_" },
					{ "time": 0.9, "name": "DL_27_" },
					{ "time": 1, "name": "DL_30_" },
					{ "time": 1.1, "name": "DL_33_" },
					{ "time": 1.2, "name": "DL_36_" },
					{ "time": 1.3, "name": "DL_39_" },
					{ "time": 1.4, "name": "DL_42_" },
					{ "time": 1.5, "name": "DL_45_" },
					{ "time": 1.6, "name": null }
				]
			},
			"DR_": {
				"attachment": [
					{ "time": 0, "name": "DR_00_" },
					{ "time": 0.1, "name": "DR_03_" },
					{ "time": 0.2, "name": "DR_06_" },
					{ "time": 0.3, "name": "DR_09_" },
					{ "time": 0.4, "name": "DR_12_" },
					{ "time": 0.5, "name": "DR_15_" },
					{ "time": 0.6, "name": "DR_18_" },
					{ "time": 0.7, "name": "DR_21_" },
					{ "time": 0.8, "name": "DR_24_" },
					{ "time": 0.9, "name": "DR_27_" },
					{ "time": 1, "name": "DR_30_" },
					{ "time": 1.1, "name": "DR_33_" },
					{ "time": 1.2, "name": "DR_36_" },
					{ "time": 1.3, "name": "DR_39_" },
					{ "time": 1.4, "name": "DR_42_" },
					{ "time": 1.5, "name": "DR_45_" },
					{ "time": 1.6, "name": null }
				]
			},
			"DR_2": {
				"attachment": [
					{ "time": 0, "name": "DR_00_" },
					{ "time": 0.1, "name": "DR_03_" },
					{ "time": 0.2, "name": "DR_06_" },
					{ "time": 0.3, "name": "DR_09_" },
					{ "time": 0.4, "name": "DR_12_" },
					{ "time": 0.5, "name": "DR_15_" },
					{ "time": 0.6, "name": "DR_18_" },
					{ "time": 0.7, "name": "DR_21_" },
					{ "time": 0.8, "name": "DR_24_" },
					{ "time": 0.9, "name": "DR_27_" },
					{ "time": 1, "name": "DR_30_" },
					{ "time": 1.1, "name": "DR_33_" },
					{ "time": 1.2, "name": "DR_36_" },
					{ "time": 1.3, "name": "DR_39_" },
					{ "time": 1.4, "name": "DR_42_" },
					{ "time": 1.5, "name": "DR_45_" },
					{ "time": 1.6, "name": null }
				]
			},
			"UL_": {
				"attachment": [
					{ "time": 0, "name": "UL_00_" },
					{ "time": 0.1, "name": "UL_03_" },
					{ "time": 0.2, "name": "UL_06_" },
					{ "time": 0.3, "name": "UL_09_" },
					{ "time": 0.4, "name": "UL_12_" },
					{ "time": 0.5, "name": "UL_15_" },
					{ "time": 0.6, "name": "UL_18_" },
					{ "time": 0.7, "name": "UL_21_" },
					{ "time": 0.8, "name": "UL_24_" },
					{ "time": 0.9, "name": "UL_27_" },
					{ "time": 1, "name": "UL_30_" },
					{ "time": 1.1, "name": "UL_33_" },
					{ "time": 1.2, "name": "UL_36_" },
					{ "time": 1.3, "name": "UL_39_" },
					{ "time": 1.4, "name": "UL_42_" },
					{ "time": 1.5, "name": "UL_45_" },
					{ "time": 1.6, "name": null }
				]
			},
			"UL_2": {
				"attachment": [
					{ "time": 0, "name": "UL_00_" },
					{ "time": 0.1, "name": "UL_03_" },
					{ "time": 0.2, "name": "UL_06_" },
					{ "time": 0.3, "name": "UL_09_" },
					{ "time": 0.4, "name": "UL_12_" },
					{ "time": 0.5, "name": "UL_15_" },
					{ "time": 0.6, "name": "UL_18_" },
					{ "time": 0.7, "name": "UL_21_" },
					{ "time": 0.8, "name": "UL_24_" },
					{ "time": 0.9, "name": "UL_27_" },
					{ "time": 1, "name": "UL_30_" },
					{ "time": 1.1, "name": "UL_33_" },
					{ "time": 1.2, "name": "UL_36_" },
					{ "time": 1.3, "name": "UL_39_" },
					{ "time": 1.4, "name": "UL_42_" },
					{ "time": 1.5, "name": "UL_45_" },
					{ "time": 1.6, "name": null }
				]
			},
			"UR": {
				"attachment": [
					{ "time": 0, "name": "UR_00_" },
					{ "time": 0.1, "name": "UR_03_" },
					{ "time": 0.2, "name": "UR_06_" },
					{ "time": 0.3, "name": "UR_09_" },
					{ "time": 0.4, "name": "UR_12_" },
					{ "time": 0.5, "name": "UR_15_" },
					{ "time": 0.6, "name": "UR_18_" },
					{ "time": 0.7, "name": "UR_21_" },
					{ "time": 0.8, "name": "UR_24_" },
					{ "time": 0.9, "name": "UR_27_" },
					{ "time": 1, "name": "UR_30_" },
					{ "time": 1.1, "name": "UR_33_" },
					{ "time": 1.2, "name": "UR_36_" },
					{ "time": 1.3, "name": "UR_39_" },
					{ "time": 1.4, "name": "UR_42_" },
					{ "time": 1.5, "name": "UR_45_" },
					{ "time": 1.6, "name": null }
				]
			},
			"UR2": {
				"attachment": [
					{ "time": 0, "name": "UR_00_" },
					{ "time": 0.1, "name": "UR_03_" },
					{ "time": 0.2, "name": "UR_06_" },
					{ "time": 0.3, "name": "UR_09_" },
					{ "time": 0.4, "name": "UR_12_" },
					{ "time": 0.5, "name": "UR_15_" },
					{ "time": 0.6, "name": "UR_18_" },
					{ "time": 0.7, "name": "UR_21_" },
					{ "time": 0.8, "name": "UR_24_" },
					{ "time": 0.9, "name": "UR_27_" },
					{ "time": 1, "name": "UR_30_" },
					{ "time": 1.1, "name": "UR_33_" },
					{ "time": 1.2, "name": "UR_36_" },
					{ "time": 1.3, "name": "UR_39_" },
					{ "time": 1.4, "name": "UR_42_" },
					{ "time": 1.5, "name": "UR_45_" },
					{ "time": 1.6, "name": null }
				]
			}
		},
		"bones": {
			"DL": {
				"translate": [
					{ "time": 0, "x": -200, "y": -200 }
				]
			},
			"DR_": {
				"translate": [
					{ "time": 0, "x": 200, "y": -200 }
				]
			},
			"UL_": {
				"translate": [
					{ "time": 0, "x": -200, "y": 200 }
				]
			},
			"UR": {
				"translate": [
					{ "time": 0, "x": 200, "y": 200 }
				]
			},
			"ctr_L": {
				"translate": [
					{ "time": 0, "x": -250, "y": 177.91 }
				]
			},
			"DL2": {
				"translate": [
					{ "time": 0, "x": -200, "y": -200 }
				]
			},
			"DR_2": {
				"translate": [
					{ "time": 0, "x": 200, "y": -200 }
				]
			},
			"UL_2": {
				"translate": [
					{ "time": 0, "x": -200, "y": 200 }
				]
			},
			"UR2": {
				"translate": [
					{ "time": 0, "x": 200, "y": 200 }
				]
			},
			"ctr_L2": {
				"translate": [
					{ "time": 0, "x": 250, "y": 177.91 }
				]
			}
		}
	}
}
}