{
"skeleton": { "hash": "BVmscKLjyOGMjfJv2L3kFO8orWM", "spine": "2.1.27", "width": 436.25, "height": 482.5 },
"bones": [
	{ "name": "root", "scaleX": 1.25, "scaleY": 1.25 },
	{ "name": "yz_0_", "parent": "root", "length": 46.59, "x": 26.87, "y": 51.13 }
],
"slots": [
	{ "name": "yz_0_", "bone": "yz_0_", "attachment": "yz_0_" },
	{ "name": "gongji_017_04_", "bone": "root", "attachment": "gongji_017_04_" },
	{ "name": "gongji_017_03_", "bone": "root", "attachment": "gongji_017_03_" },
	{ "name": "gongji_017_02_", "bone": "root", "attachment": "gongji_017_02_" },
	{ "name": "gongji_017_01_", "bone": "root", "attachment": "gongji_017_01_" },
	{ "name": "gongji_016_04_", "bone": "root", "attachment": "gongji_016_04_" },
	{ "name": "gongji_016_03_", "bone": "root", "attachment": "gongji_016_03_" },
	{ "name": "gongji_016_02_", "bone": "root", "attachment": "gongji_016_02_" },
	{ "name": "gongji_016_01_", "bone": "root", "attachment": "gongji_016_01_" },
	{ "name": "gongji_015_04_", "bone": "root", "attachment": "gongji_015_04_" },
	{ "name": "gongji_015_03_", "bone": "root", "attachment": "gongji_015_03_" },
	{ "name": "gongji_015_02_", "bone": "root", "attachment": "gongji_015_02_" },
	{ "name": "gongji_015_01_", "bone": "root", "attachment": "gongji_015_01_" },
	{ "name": "gongji_014_04_", "bone": "root", "attachment": "gongji_014_04_" },
	{ "name": "gongji_014_03_", "bone": "root", "attachment": "gongji_014_03_" },
	{ "name": "gongji_014_02_", "bone": "root", "attachment": "gongji_014_02_" },
	{ "name": "gongji_014_01_", "bone": "root", "attachment": "gongji_014_01_" },
	{ "name": "gongji_013_04_", "bone": "root", "attachment": "gongji_013_04_" },
	{ "name": "gongji_013_03_", "bone": "root", "attachment": "gongji_013_03_" },
	{ "name": "gongji_013_02_", "bone": "root", "attachment": "gongji_013_02_" },
	{ "name": "gongji_013_01_", "bone": "root", "attachment": "gongji_013_01_" },
	{ "name": "gongji_012_02_", "bone": "root", "attachment": "gongji_012_02_" },
	{ "name": "gongji_012_01_", "bone": "root", "attachment": "gongji_012_01_" },
	{ "name": "gongji_011_02_", "bone": "root", "attachment": "gongji_011_02_" },
	{ "name": "gongji_011_01_", "bone": "root", "attachment": "gongji_011_01_" },
	{ "name": "gongji_010_02_", "bone": "root", "attachment": "gongji_010_02_" },
	{ "name": "gongji_010_01_", "bone": "root", "attachment": "gongji_010_01_" },
	{ "name": "gongji_009_02_", "bone": "root", "attachment": "gongji_009_02_" },
	{ "name": "gongji_009_01_", "bone": "root", "attachment": "gongji_009_01_" },
	{ "name": "gongji_008_02_", "bone": "root", "attachment": "gongji_008_02_" },
	{ "name": "gongji_008_01_", "bone": "root", "attachment": "gongji_008_01_" },
	{ "name": "gongji_007_02_", "bone": "root", "attachment": "gongji_007_02_" },
	{ "name": "gongji_007_01_", "bone": "root", "attachment": "gongji_007_01_" },
	{ "name": "gongji_006_03_", "bone": "root", "attachment": "gongji_006_03_" },
	{ "name": "gongji_006_02_", "bone": "root", "attachment": "gongji_006_02_" },
	{ "name": "gongji_006_01_", "bone": "root", "attachment": "gongji_006_01_" },
	{ "name": "gongji_005_04_", "bone": "root", "attachment": "gongji_005_04_" },
	{ "name": "gongji_005_03_", "bone": "root", "attachment": "gongji_005_03_" },
	{ "name": "gongji_005_02_", "bone": "root", "attachment": "gongji_005_02_" },
	{ "name": "gongji_005_01_", "bone": "root", "attachment": "gongji_005_01_" },
	{ "name": "gongji_004_04_", "bone": "root", "attachment": "gongji_004_04_" },
	{ "name": "gongji_004_03_", "bone": "root", "attachment": "gongji_004_03_" },
	{ "name": "gongji_004_02_", "bone": "root", "attachment": "gongji_004_02_" },
	{ "name": "gongji_004_01_", "bone": "root", "attachment": "gongji_004_01_" },
	{ "name": "gongji_003_04_", "bone": "root", "attachment": "gongji_003_04_" },
	{ "name": "gongji_003_03_", "bone": "root", "attachment": "gongji_003_03_" },
	{ "name": "gongji_003_02_", "bone": "root", "attachment": "gongji_003_02_" },
	{ "name": "gongji_003_01_", "bone": "root", "attachment": "gongji_003_01_" },
	{ "name": "gongji_002_04_", "bone": "root", "attachment": "gongji_002_04_" },
	{ "name": "gongji_002_03_", "bone": "root", "attachment": "gongji_002_03_" },
	{ "name": "gongji_002_02_", "bone": "root", "attachment": "gongji_002_02_" },
	{ "name": "gongji_002_01_", "bone": "root", "attachment": "gongji_002_01_" },
	{ "name": "gongji_001_03_", "bone": "root", "attachment": "gongji_001_03_" },
	{ "name": "gongji_001_02_", "bone": "root", "attachment": "gongji_001_02_" },
	{ "name": "gongji_001_01_", "bone": "root", "attachment": "gongji_001_01_" },
	{ "name": "gongji_000_03_", "bone": "root", "attachment": "gongji_000_03_" },
	{ "name": "gongji_000_02_", "bone": "root", "attachment": "gongji_000_02_" },
	{ "name": "gongji_000_01_", "bone": "root", "attachment": "gongji_000_01_" }
],
"skins": {
	"default": {
		"gongji_000_01_": {
			"gongji_000_01_": { "x": 28.19, "y": 245.82, "width": 196, "height": 80 }
		},
		"gongji_000_02_": {
			"gongji_000_02_": { "x": -52.8, "y": 114.32, "width": 124, "height": 183 }
		},
		"gongji_000_03_": {
			"gongji_000_03_": { "x": 112.69, "y": 80.82, "width": 207, "height": 250 }
		},
		"gongji_001_01_": {
			"gongji_001_01_": { "x": 23.19, "y": 233.32, "width": 214, "height": 105 }
		},
		"gongji_001_02_": {
			"gongji_001_02_": { "x": -54.3, "y": 96.32, "width": 123, "height": 169 }
		},
		"gongji_001_03_": {
			"gongji_001_03_": { "x": 115.69, "y": 78.32, "width": 217, "height": 205 }
		},
		"gongji_002_01_": {
			"gongji_002_01_": { "x": 111.69, "y": 274.82, "width": 9, "height": 6 }
		},
		"gongji_002_02_": {
			"gongji_002_02_": { "x": 28.19, "y": 222.32, "width": 222, "height": 95 }
		},
		"gongji_002_03_": {
			"gongji_002_03_": { "x": -46.8, "y": 90.32, "width": 122, "height": 169 }
		},
		"gongji_002_04_": {
			"gongji_002_04_": { "x": 112.69, "y": 64.82, "width": 197, "height": 220 }
		},
		"gongji_003_01_": {
			"gongji_003_01_": { "x": 110.19, "y": 277.82, "width": 8, "height": 8 }
		},
		"gongji_003_02_": {
			"gongji_003_02_": { "x": 17.69, "y": 211.32, "width": 247, "height": 95 }
		},
		"gongji_003_03_": {
			"gongji_003_03_": { "x": -41.8, "y": 75.32, "width": 120, "height": 177 }
		},
		"gongji_003_04_": {
			"gongji_003_04_": { "x": 97.69, "y": 50.82, "width": 159, "height": 226 }
		},
		"gongji_004_01_": {
			"gongji_004_01_": { "x": 108.19, "y": 280.82, "width": 8, "height": 8 }
		},
		"gongji_004_02_": {
			"gongji_004_02_": { "x": 15.69, "y": 221.32, "width": 237, "height": 95 }
		},
		"gongji_004_03_": {
			"gongji_004_03_": { "x": -45.8, "y": 81.32, "width": 112, "height": 185 }
		},
		"gongji_004_04_": {
			"gongji_004_04_": { "x": 86.19, "y": 50.82, "width": 152, "height": 246 }
		},
		"gongji_005_01_": {
			"gongji_005_01_": { "x": 123.69, "y": 251.82, "width": 7, "height": 8 }
		},
		"gongji_005_02_": {
			"gongji_005_02_": { "x": 15.69, "y": 242.82, "width": 213, "height": 90 }
		},
		"gongji_005_03_": {
			"gongji_005_03_": { "x": -53.3, "y": 104.32, "width": 123, "height": 187 }
		},
		"gongji_005_04_": {
			"gongji_005_04_": { "x": 104.19, "y": 87.32, "width": 192, "height": 221 }
		},
		"gongji_006_01_": {
			"gongji_006_01_": { "x": 120.69, "y": 258.32, "width": 7, "height": 7 }
		},
		"gongji_006_02_": {
			"gongji_006_02_": { "x": -61.3, "y": 159.82, "width": 109, "height": 282 }
		},
		"gongji_006_03_": {
			"gongji_006_03_": { "x": 107.69, "y": 158.32, "width": 229, "height": 281 }
		},
		"gongji_007_01_": {
			"gongji_007_01_": { "x": -58.3, "y": 158.82, "width": 119, "height": 286 }
		},
		"gongji_007_02_": {
			"gongji_007_02_": { "x": 111.69, "y": 153.82, "width": 221, "height": 294 }
		},
		"gongji_008_01_": {
			"gongji_008_01_": { "x": -62.8, "y": 157.32, "width": 120, "height": 291 }
		},
		"gongji_008_02_": {
			"gongji_008_02_": { "x": 101.69, "y": 154.32, "width": 209, "height": 301 }
		},
		"gongji_009_01_": {
			"gongji_009_01_": { "x": -64.8, "y": 157.32, "width": 118, "height": 301 }
		},
		"gongji_009_02_": {
			"gongji_009_02_": { "x": 97.19, "y": 161.32, "width": 206, "height": 301 }
		},
		"gongji_010_01_": {
			"gongji_010_01_": { "x": -63.8, "y": 166.82, "width": 112, "height": 292 }
		},
		"gongji_010_02_": {
			"gongji_010_02_": { "x": 95.69, "y": 166.82, "width": 207, "height": 294 }
		},
		"gongji_011_01_": {
			"gongji_011_01_": { "x": -51.3, "y": 161.82, "width": 113, "height": 286 }
		},
		"gongji_011_02_": {
			"gongji_011_02_": { "x": 115.19, "y": 160.32, "width": 220, "height": 289 }
		},
		"gongji_012_01_": {
			"gongji_012_01_": { "x": 32.19, "y": 243.32, "width": 246, "height": 93 }
		},
		"gongji_012_02_": {
			"gongji_012_02_": { "x": 57.69, "y": 64.32, "width": 321, "height": 265 }
		},
		"gongji_013_01_": {
			"gongji_013_01_": { "x": 123.69, "y": 236.32, "width": 29, "height": 29 }
		},
		"gongji_013_02_": {
			"gongji_013_02_": { "x": 10.19, "y": 239.82, "width": 198, "height": 86 }
		},
		"gongji_013_03_": {
			"gongji_013_03_": { "x": -46.3, "y": 63.82, "width": 111, "height": 266 }
		},
		"gongji_013_04_": {
			"gongji_013_04_": { "x": 109.69, "y": 64.32, "width": 201, "height": 265 }
		},
		"gongji_014_01_": {
			"gongji_014_01_": { "x": 121.19, "y": 242.32, "width": 28, "height": 29 }
		},
		"gongji_014_02_": {
			"gongji_014_02_": { "x": 13.69, "y": 228.82, "width": 201, "height": 82 }
		},
		"gongji_014_03_": {
			"gongji_014_03_": { "x": -47.8, "y": 57.82, "width": 108, "height": 260 }
		},
		"gongji_014_04_": {
			"gongji_014_04_": { "x": 107.19, "y": 57.82, "width": 202, "height": 260 }
		},
		"gongji_015_01_": {
			"gongji_015_01_": { "x": 118.19, "y": 247.32, "width": 26, "height": 29 }
		},
		"gongji_015_02_": {
			"gongji_015_02_": { "x": 17.19, "y": 233.32, "width": 190, "height": 75 }
		},
		"gongji_015_03_": {
			"gongji_015_03_": { "x": -50.3, "y": 61.82, "width": 117, "height": 268 }
		},
		"gongji_015_04_": {
			"gongji_015_04_": { "x": 108.69, "y": 61.82, "width": 201, "height": 268 }
		},
		"gongji_016_01_": {
			"gongji_016_01_": { "x": 120.19, "y": 256.82, "width": 16, "height": 20 }
		},
		"gongji_016_02_": {
			"gongji_016_02_": { "x": 22.19, "y": 241.82, "width": 200, "height": 86 }
		},
		"gongji_016_03_": {
			"gongji_016_03_": { "x": -48.8, "y": 63.32, "width": 120, "height": 271 }
		},
		"gongji_016_04_": {
			"gongji_016_04_": { "x": 108.19, "y": 63.32, "width": 194, "height": 271 }
		},
		"gongji_017_01_": {
			"gongji_017_01_": { "x": 114.69, "y": 266.32, "width": 11, "height": 11 }
		},
		"gongji_017_02_": {
			"gongji_017_02_": { "x": 22.69, "y": 248.82, "width": 189, "height": 86 }
		},
		"gongji_017_03_": {
			"gongji_017_03_": { "x": -55.3, "y": 111.32, "width": 111, "height": 189 }
		},
		"gongji_017_04_": {
			"gongji_017_04_": { "x": 107.19, "y": 79.82, "width": 214, "height": 252 }
		},
		"yz_0_": {
			"yz_0_": { "x": -1.85, "y": 3.84, "width": 85, "height": 85 }
		}
	}
},
"animations": {
	"animation": {
		"slots": {
			"gongji_000_01_": {
				"attachment": [
					{ "time": 0, "name": "gongji_000_01_" },
					{ "time": 0.1, "name": null }
				]
			},
			"gongji_000_02_": {
				"attachment": [
					{ "time": 0, "name": "gongji_000_02_" },
					{ "time": 0.1, "name": null }
				]
			},
			"gongji_000_03_": {
				"attachment": [
					{ "time": 0, "name": "gongji_000_03_" },
					{ "time": 0.1, "name": null }
				]
			},
			"gongji_001_01_": {
				"attachment": [
					{ "time": 0, "name": null },
					{ "time": 0.1, "name": "gongji_001_01_" },
					{ "time": 0.2333, "name": null }
				]
			},
			"gongji_001_02_": {
				"attachment": [
					{ "time": 0, "name": null },
					{ "time": 0.1, "name": "gongji_001_02_" },
					{ "time": 0.2333, "name": null }
				]
			},
			"gongji_001_03_": {
				"attachment": [
					{ "time": 0, "name": null },
					{ "time": 0.1, "name": "gongji_001_03_" },
					{ "time": 0.2333, "name": null }
				]
			},
			"gongji_002_01_": {
				"attachment": [
					{ "time": 0, "name": null },
					{ "time": 0.2333, "name": "gongji_002_01_" },
					{ "time": 0.3666, "name": null }
				]
			},
			"gongji_002_02_": {
				"attachment": [
					{ "time": 0, "name": null },
					{ "time": 0.2333, "name": "gongji_002_02_" },
					{ "time": 0.3666, "name": null }
				]
			},
			"gongji_002_03_": {
				"attachment": [
					{ "time": 0, "name": null },
					{ "time": 0.2333, "name": "gongji_002_03_" },
					{ "time": 0.3666, "name": null }
				]
			},
			"gongji_002_04_": {
				"attachment": [
					{ "time": 0, "name": null },
					{ "time": 0.2333, "name": "gongji_002_04_" },
					{ "time": 0.3666, "name": null }
				]
			},
			"gongji_003_01_": {
				"attachment": [
					{ "time": 0, "name": null },
					{ "time": 0.3666, "name": "gongji_003_01_" },
					{ "time": 0.5, "name": null }
				]
			},
			"gongji_003_02_": {
				"attachment": [
					{ "time": 0, "name": null },
					{ "time": 0.3666, "name": "gongji_003_02_" },
					{ "time": 0.5, "name": null }
				]
			},
			"gongji_003_03_": {
				"attachment": [
					{ "time": 0, "name": null },
					{ "time": 0.3666, "name": "gongji_003_03_" },
					{ "time": 0.5, "name": null }
				]
			},
			"gongji_003_04_": {
				"attachment": [
					{ "time": 0, "name": null },
					{ "time": 0.3666, "name": "gongji_003_04_" },
					{ "time": 0.5, "name": null }
				]
			},
			"gongji_004_01_": {
				"attachment": [
					{ "time": 0, "name": null },
					{ "time": 0.5, "name": "gongji_004_01_" },
					{ "time": 0.6333, "name": null }
				]
			},
			"gongji_004_02_": {
				"attachment": [
					{ "time": 0, "name": null },
					{ "time": 0.5, "name": "gongji_004_02_" },
					{ "time": 0.6333, "name": null }
				]
			},
			"gongji_004_03_": {
				"attachment": [
					{ "time": 0, "name": null },
					{ "time": 0.5, "name": "gongji_004_03_" },
					{ "time": 0.6333, "name": null }
				]
			},
			"gongji_004_04_": {
				"attachment": [
					{ "time": 0, "name": null },
					{ "time": 0.5, "name": "gongji_004_04_" },
					{ "time": 0.6333, "name": null }
				]
			},
			"gongji_005_01_": {
				"attachment": [
					{ "time": 0, "name": null },
					{ "time": 0.6333, "name": "gongji_005_01_" },
					{ "time": 0.7666, "name": null }
				]
			},
			"gongji_005_02_": {
				"attachment": [
					{ "time": 0, "name": null },
					{ "time": 0.6333, "name": "gongji_005_02_" },
					{ "time": 0.7666, "name": null }
				]
			},
			"gongji_005_03_": {
				"attachment": [
					{ "time": 0, "name": null },
					{ "time": 0.6333, "name": "gongji_005_03_" },
					{ "time": 0.7666, "name": null }
				]
			},
			"gongji_005_04_": {
				"attachment": [
					{ "time": 0, "name": null },
					{ "time": 0.6333, "name": "gongji_005_04_" },
					{ "time": 0.7666, "name": null }
				]
			},
			"gongji_006_01_": {
				"attachment": [
					{ "time": 0, "name": null },
					{ "time": 0.7666, "name": "gongji_006_01_" },
					{ "time": 0.9, "name": null }
				]
			},
			"gongji_006_02_": {
				"attachment": [
					{ "time": 0, "name": null },
					{ "time": 0.7666, "name": "gongji_006_02_" },
					{ "time": 0.9, "name": null }
				]
			},
			"gongji_006_03_": {
				"attachment": [
					{ "time": 0, "name": null },
					{ "time": 0.7666, "name": "gongji_006_03_" },
					{ "time": 0.9, "name": null }
				]
			},
			"gongji_007_01_": {
				"attachment": [
					{ "time": 0, "name": null },
					{ "time": 0.9, "name": "gongji_007_01_" },
					{ "time": 1.0333, "name": null }
				]
			},
			"gongji_007_02_": {
				"attachment": [
					{ "time": 0, "name": null },
					{ "time": 0.9, "name": "gongji_007_02_" },
					{ "time": 1.0333, "name": null }
				]
			},
			"gongji_008_01_": {
				"attachment": [
					{ "time": 0, "name": null },
					{ "time": 0.9, "name": null },
					{ "time": 1.0333, "name": "gongji_008_01_" },
					{ "time": 1.1666, "name": null }
				]
			},
			"gongji_008_02_": {
				"attachment": [
					{ "time": 0, "name": null },
					{ "time": 1.0333, "name": "gongji_008_02_" },
					{ "time": 1.1666, "name": null }
				]
			},
			"gongji_009_01_": {
				"attachment": [
					{ "time": 0, "name": null },
					{ "time": 1.1666, "name": "gongji_009_01_" },
					{ "time": 1.3, "name": null }
				]
			},
			"gongji_009_02_": {
				"attachment": [
					{ "time": 0, "name": null },
					{ "time": 1.1666, "name": "gongji_009_02_" },
					{ "time": 1.3, "name": null }
				]
			},
			"gongji_010_01_": {
				"attachment": [
					{ "time": 0, "name": null },
					{ "time": 1.3, "name": "gongji_010_01_" },
					{ "time": 1.4333, "name": null }
				]
			},
			"gongji_010_02_": {
				"attachment": [
					{ "time": 0, "name": null },
					{ "time": 1.3, "name": "gongji_010_02_" },
					{ "time": 1.4333, "name": null }
				]
			},
			"gongji_011_01_": {
				"attachment": [
					{ "time": 0, "name": null },
					{ "time": 1.4333, "name": "gongji_011_01_" },
					{ "time": 1.5666, "name": null }
				]
			},
			"gongji_011_02_": {
				"attachment": [
					{ "time": 0, "name": null },
					{ "time": 1.4333, "name": "gongji_011_02_" },
					{ "time": 1.5666, "name": null }
				]
			},
			"gongji_012_01_": {
				"attachment": [
					{ "time": 0, "name": null },
					{ "time": 1.5666, "name": "gongji_012_01_" },
					{ "time": 1.7, "name": null }
				]
			},
			"gongji_012_02_": {
				"attachment": [
					{ "time": 0, "name": null },
					{ "time": 1.5666, "name": "gongji_012_02_" },
					{ "time": 1.7, "name": null }
				]
			},
			"gongji_013_01_": {
				"attachment": [
					{ "time": 0, "name": null },
					{ "time": 1.7, "name": "gongji_013_01_" },
					{ "time": 1.8333, "name": null }
				]
			},
			"gongji_013_02_": {
				"attachment": [
					{ "time": 0, "name": null },
					{ "time": 1.7, "name": "gongji_013_02_" },
					{ "time": 1.8333, "name": null }
				]
			},
			"gongji_013_03_": {
				"attachment": [
					{ "time": 0, "name": null },
					{ "time": 1.7, "name": "gongji_013_03_" },
					{ "time": 1.8333, "name": null }
				]
			},
			"gongji_013_04_": {
				"attachment": [
					{ "time": 0, "name": null },
					{ "time": 1.7, "name": "gongji_013_04_" },
					{ "time": 1.8333, "name": null }
				]
			},
			"gongji_014_01_": {
				"attachment": [
					{ "time": 0, "name": null },
					{ "time": 1.8333, "name": "gongji_014_01_" },
					{ "time": 1.9666, "name": null }
				]
			},
			"gongji_014_02_": {
				"attachment": [
					{ "time": 0, "name": null },
					{ "time": 1.8333, "name": "gongji_014_02_" },
					{ "time": 1.9666, "name": null }
				]
			},
			"gongji_014_03_": {
				"attachment": [
					{ "time": 0, "name": null },
					{ "time": 1.8333, "name": "gongji_014_03_" },
					{ "time": 1.9666, "name": null }
				]
			},
			"gongji_014_04_": {
				"attachment": [
					{ "time": 0, "name": null },
					{ "time": 1.8333, "name": "gongji_014_04_" },
					{ "time": 1.9666, "name": null }
				]
			},
			"gongji_015_01_": {
				"attachment": [
					{ "time": 0, "name": null },
					{ "time": 1.9666, "name": "gongji_015_01_" },
					{ "time": 2.1, "name": null }
				]
			},
			"gongji_015_02_": {
				"attachment": [
					{ "time": 0, "name": null },
					{ "time": 1.9666, "name": "gongji_015_02_" },
					{ "time": 2.1, "name": null }
				]
			},
			"gongji_015_03_": {
				"attachment": [
					{ "time": 0, "name": null },
					{ "time": 1.9666, "name": "gongji_015_03_" },
					{ "time": 2.1, "name": null }
				]
			},
			"gongji_015_04_": {
				"attachment": [
					{ "time": 0, "name": null },
					{ "time": 1.9666, "name": "gongji_015_04_" },
					{ "time": 2.1, "name": null }
				]
			},
			"gongji_016_01_": {
				"attachment": [
					{ "time": 0, "name": null },
					{ "time": 2.1, "name": "gongji_016_01_" },
					{ "time": 2.2333, "name": null }
				]
			},
			"gongji_016_02_": {
				"attachment": [
					{ "time": 0, "name": null },
					{ "time": 2.1, "name": "gongji_016_02_" },
					{ "time": 2.2333, "name": null }
				]
			},
			"gongji_016_03_": {
				"attachment": [
					{ "time": 0, "name": null },
					{ "time": 2.1, "name": "gongji_016_03_" },
					{ "time": 2.2333, "name": null }
				]
			},
			"gongji_016_04_": {
				"attachment": [
					{ "time": 0, "name": null },
					{ "time": 2.1, "name": "gongji_016_04_" },
					{ "time": 2.2333, "name": null }
				]
			},
			"gongji_017_01_": {
				"attachment": [
					{ "time": 0, "name": null },
					{ "time": 2.2333, "name": "gongji_017_01_" }
				]
			},
			"gongji_017_02_": {
				"attachment": [
					{ "time": 0, "name": null },
					{ "time": 2.2333, "name": "gongji_017_02_" }
				]
			},
			"gongji_017_03_": {
				"attachment": [
					{ "time": 0, "name": null },
					{ "time": 2.2333, "name": "gongji_017_03_" }
				]
			},
			"gongji_017_04_": {
				"attachment": [
					{ "time": 0, "name": null },
					{ "time": 2.2333, "name": "gongji_017_04_" }
				]
			},
			"yz_0_": {
				"color": [
					{ "time": 0, "color": "ffffffff", "curve": "stepped" },
					{ "time": 0.5, "color": "ffffffff" },
					{ "time": 1.3, "color": "ffffffd6" },
					{ "time": 1.5666, "color": "ffffffff", "curve": "stepped" },
					{ "time": 2.2333, "color": "ffffffff" }
				]
			}
		},
		"bones": {
			"yz_0_": {
				"rotate": [
					{ "time": 0, "angle": 0, "curve": "stepped" },
					{ "time": 2.2333, "angle": 0 }
				],
				"translate": [
					{ "time": 0, "x": 0, "y": 0, "curve": "stepped" },
					{ "time": 2.2333, "x": 0, "y": 0 }
				],
				"scale": [
					{ "time": 0, "x": 1, "y": 1 },
					{ "time": 0.5, "x": 1.301, "y": 1.301 },
					{ "time": 1.3, "x": 0.99, "y": 0.99 },
					{ "time": 1.5666, "x": 1.295, "y": 1.295 },
					{ "time": 2.2333, "x": 1, "y": 1 }
				]
			}
		}
	}
}
}