{"skeleton":{"hash":"xOARMo/pDztVlSndB15BTLebrG0","spine":"3.7.94","width":0,"height":0,"images":"./images/","audio":"E:/城堡皮肤-龙翼女法师8月份的黄金宝箱/ae/导出/2/jin_long_nvfashi_gj_group"},"bones":[{"name":"root"},{"name":"ctr","parent":"root","x":-100,"y":110,"scaleX":1.25,"scaleY":1.25},{"name":"jinlongnvfashigj_UL_","parent":"ctr"},{"name":"jinlongnvfashigj_UR_","parent":"ctr"},{"name":"jinlongnvfashigj_DL_","parent":"ctr"},{"name":"jinlongnvfashigj_DR_","parent":"ctr"}],"slots":[{"name":"jinlongnvfashigj_UL_","bone":"jinlongnvfashigj_UL_"},{"name":"jinlongnvfashigj_UR_","bone":"jinlongnvfashigj_UR_"},{"name":"jinlongnvfashigj_DL_","bone":"jinlongnvfashigj_DL_"},{"name":"jinlongnvfashigj_DR_","bone":"jinlongnvfashigj_DR_"}],"skins":{"default":{"jinlongnvfashigj_DL_":{"jinlongnvfashigj_DL_75_":{"x":-141,"y":-168,"width":282,"height":336},"jinlongnvfashigj_DL_78_":{"x":-141,"y":-168,"width":282,"height":336},"jinlongnvfashigj_DL_81_":{"x":-141,"y":-168,"width":282,"height":336},"jinlongnvfashigj_DL_84_":{"x":-141,"y":-168,"width":282,"height":336},"jinlongnvfashigj_DL_87_":{"x":-141,"y":-168,"width":282,"height":336},"jinlongnvfashigj_DL_90_":{"x":-141,"y":-168,"width":282,"height":336},"jinlongnvfashigj_DL_93_":{"x":-141,"y":-168,"width":282,"height":336},"jinlongnvfashigj_DL_96_":{"x":-141,"y":-168,"width":282,"height":336},"jinlongnvfashigj_DL_99_":{"x":-141,"y":-168,"width":282,"height":336},"jinlongnvfashigj_DL_102_":{"x":-141,"y":-168,"width":282,"height":336}},"jinlongnvfashigj_DR_":{"jinlongnvfashigj_DR_75_":{"x":219,"y":-168,"width":438,"height":336},"jinlongnvfashigj_DR_78_":{"x":219,"y":-168,"width":438,"height":336},"jinlongnvfashigj_DR_81_":{"x":219,"y":-168,"width":438,"height":336},"jinlongnvfashigj_DR_84_":{"x":219,"y":-168,"width":438,"height":336},"jinlongnvfashigj_DR_87_":{"x":219,"y":-168,"width":438,"height":336},"jinlongnvfashigj_DR_90_":{"x":219,"y":-168,"width":438,"height":336},"jinlongnvfashigj_DR_93_":{"x":219,"y":-168,"width":438,"height":336},"jinlongnvfashigj_DR_96_":{"x":219,"y":-168,"width":438,"height":336},"jinlongnvfashigj_DR_99_":{"x":219,"y":-168,"width":438,"height":336},"jinlongnvfashigj_DR_102_":{"x":219,"y":-168,"width":438,"height":336}},"jinlongnvfashigj_UL_":{"jinlongnvfashigj_UL_75_":{"x":-141,"y":144,"width":282,"height":288},"jinlongnvfashigj_UL_78_":{"x":-141,"y":144,"width":282,"height":288},"jinlongnvfashigj_UL_81_":{"x":-141,"y":144,"width":282,"height":288},"jinlongnvfashigj_UL_84_":{"x":-141,"y":144,"width":282,"height":288},"jinlongnvfashigj_UL_87_":{"x":-141,"y":144,"width":282,"height":288},"jinlongnvfashigj_UL_90_":{"x":-141,"y":144,"width":282,"height":288},"jinlongnvfashigj_UL_93_":{"x":-141,"y":144,"width":282,"height":288},"jinlongnvfashigj_UL_96_":{"x":-141,"y":144,"width":282,"height":288},"jinlongnvfashigj_UL_99_":{"x":-141,"y":144,"width":282,"height":288},"jinlongnvfashigj_UL_102_":{"x":-141,"y":144,"width":282,"height":288}},"jinlongnvfashigj_UR_":{"jinlongnvfashigj_UR_75_":{"x":219,"y":144,"width":438,"height":288},"jinlongnvfashigj_UR_78_":{"x":219,"y":144,"width":438,"height":288},"jinlongnvfashigj_UR_81_":{"x":219,"y":144,"width":438,"height":288},"jinlongnvfashigj_UR_84_":{"x":219,"y":144,"width":438,"height":288},"jinlongnvfashigj_UR_87_":{"x":219,"y":144,"width":438,"height":288},"jinlongnvfashigj_UR_90_":{"x":219,"y":144,"width":438,"height":288},"jinlongnvfashigj_UR_93_":{"x":219,"y":144,"width":438,"height":288},"jinlongnvfashigj_UR_96_":{"x":219,"y":144,"width":438,"height":288},"jinlongnvfashigj_UR_99_":{"x":219,"y":144,"width":438,"height":288},"jinlongnvfashigj_UR_102_":{"x":219,"y":144,"width":438,"height":288}}}},"animations":{"animation":{"slots":{"jinlongnvfashigj_DL_":{"attachment":[{"time":1.4,"name":"jinlongnvfashigj_DL_75_"},{"time":1.5,"name":"jinlongnvfashigj_DL_78_"},{"time":1.6,"name":"jinlongnvfashigj_DL_81_"},{"time":1.7,"name":"jinlongnvfashigj_DL_84_"},{"time":1.8,"name":"jinlongnvfashigj_DL_87_"},{"time":1.9,"name":"jinlongnvfashigj_DL_90_"},{"time":2,"name":"jinlongnvfashigj_DL_93_"},{"time":2.1,"name":"jinlongnvfashigj_DL_96_"},{"time":2.2,"name":"jinlongnvfashigj_DL_99_"},{"time":2.3,"name":"jinlongnvfashigj_DL_102_"},{"time":2.4,"name":null}]},"jinlongnvfashigj_DR_":{"attachment":[{"time":1.4,"name":"jinlongnvfashigj_DR_75_"},{"time":1.5,"name":"jinlongnvfashigj_DR_78_"},{"time":1.6,"name":"jinlongnvfashigj_DR_81_"},{"time":1.7,"name":"jinlongnvfashigj_DR_84_"},{"time":1.8,"name":"jinlongnvfashigj_DR_87_"},{"time":1.9,"name":"jinlongnvfashigj_DR_90_"},{"time":2,"name":"jinlongnvfashigj_DR_93_"},{"time":2.1,"name":"jinlongnvfashigj_DR_96_"},{"time":2.2,"name":"jinlongnvfashigj_DR_99_"},{"time":2.3,"name":"jinlongnvfashigj_DR_102_"},{"time":2.4,"name":null}]},"jinlongnvfashigj_UL_":{"attachment":[{"time":1.4,"name":"jinlongnvfashigj_UL_75_"},{"time":1.5,"name":"jinlongnvfashigj_UL_78_"},{"time":1.6,"name":"jinlongnvfashigj_UL_81_"},{"time":1.7,"name":"jinlongnvfashigj_UL_84_"},{"time":1.8,"name":"jinlongnvfashigj_UL_87_"},{"time":1.9,"name":"jinlongnvfashigj_UL_90_"},{"time":2,"name":"jinlongnvfashigj_UL_93_"},{"time":2.1,"name":"jinlongnvfashigj_UL_96_"},{"time":2.2,"name":"jinlongnvfashigj_UL_99_"},{"time":2.3,"name":"jinlongnvfashigj_UL_102_"},{"time":2.4,"name":null}]},"jinlongnvfashigj_UR_":{"attachment":[{"time":1.4,"name":"jinlongnvfashigj_UR_75_"},{"time":1.5,"name":"jinlongnvfashigj_UR_78_"},{"time":1.6,"name":"jinlongnvfashigj_UR_81_"},{"time":1.7,"name":"jinlongnvfashigj_UR_84_"},{"time":1.8,"name":"jinlongnvfashigj_UR_87_"},{"time":1.9,"name":"jinlongnvfashigj_UR_90_"},{"time":2,"name":"jinlongnvfashigj_UR_93_"},{"time":2.1,"name":"jinlongnvfashigj_UR_96_"},{"time":2.2,"name":"jinlongnvfashigj_UR_99_"},{"time":2.3,"name":"jinlongnvfashigj_UR_102_"},{"time":2.4,"name":null}]}}}}}