{
"skeleton": { "hash": "Xl2oWZNeW03qRG7vZx7g1NB/l/0", "spine": "2.1.27", "width": 510, "height": 500 },
"bones": [
	{ "name": "root" }
],
"slots": [
	{ "name": "chengwai02_", "bone": "root", "attachment": "chengwai02_" },
	{ "name": "glow01_", "bone": "root", "color": "ffffff78", "attachment": "glow_", "blend": "additive" },
	{ "name": "glow03_", "bone": "root", "color": "ffffff78", "attachment": "glow_", "blend": "additive" },
	{ "name": "glow04_", "bone": "root", "color": "ffffff64", "attachment": "glow_", "blend": "additive" },
	{ "name": "glow05_", "bone": "root", "color": "ffffff64", "attachment": "glow_", "blend": "additive" },
	{ "name": "glow02_", "bone": "root", "color": "ffffff78", "attachment": "glow_", "blend": "additive" }
],
"skins": {
	"default": {
		"chengwai02_": {
			"chengwai02_": { "width": 510, "height": 500 }
		},
		"glow01_": {
			"glow_": { "x": 79.52, "y": -13.94, "scaleX": 0.15, "scaleY": 0.15, "width": 128, "height": 128 }
		},
		"glow02_": {
			"glow_": { "x": -38.33, "y": -67.4, "scaleX": 0.14, "scaleY": 0.14, "width": 128, "height": 128 }
		},
		"glow03_": {
			"glow_": { "x": -90.67, "y": 29.99, "scaleX": 0.15, "scaleY": 0.15, "width": 128, "height": 128 }
		},
		"glow04_": {
			"glow_": { "x": -37.77, "y": 9.13, "scaleX": 0.15, "scaleY": 0.15, "width": 128, "height": 128 }
		},
		"glow05_": {
			"glow_": { "x": 46.17, "y": 51.15, "scaleX": 0.15, "scaleY": 0.15, "width": 128, "height": 128 }
		}
	}
},
"animations": {
	"animation": {
		"slots": {
			"glow01_": {
				"color": [
					{ "time": 0, "color": "ffffff78" },
					{ "time": 1.3333, "color": "ffffff64" },
					{ "time": 2.6666, "color": "ffffff78" }
				]
			},
			"glow02_": {
				"color": [
					{ "time": 0, "color": "ffffff78" },
					{ "time": 1.3333, "color": "ffffff64" },
					{ "time": 2.6666, "color": "ffffff78" }
				]
			},
			"glow03_": {
				"color": [
					{ "time": 0, "color": "ffffff78" },
					{ "time": 1.3333, "color": "ffffff64" },
					{ "time": 2.6666, "color": "ffffff78" }
				]
			},
			"glow04_": {
				"color": [
					{ "time": 0, "color": "ffffff64" },
					{ "time": 1.3333, "color": "ffffff4f" },
					{ "time": 2.6666, "color": "ffffff64" }
				]
			},
			"glow05_": {
				"color": [
					{ "time": 0, "color": "ffffff64" },
					{ "time": 1.3333, "color": "ffffff4f" },
					{ "time": 2.6666, "color": "ffffff64" }
				]
			}
		}
	}
}
}