{
"skeleton": { "hash": "60WIisOZpfQlRdm4nA2RSSdJ4iI", "spine": "2.1.27", "width": 0, "height": 0 },
"bones": [
	{ "name": "root" },
	{ "name": "bone", "parent": "root", "length": 250.06, "y": -312.05 }
],
"slots": [
	{ "name": "HFSTSdd_001_", "bone": "bone" },
	{ "name": "HFSTSgj_001_", "bone": "bone" },
	{ "name": "HFSTSgj_039_1_", "bone": "bone" },
	{ "name": "HFSTSgj_039_2_", "bone": "bone" },
	{ "name": "HFSTSxx_001_", "bone": "bone" },
	{ "name": "HFSTSxx_005_1_", "bone": "bone" }
],
"skins": {
	"default": {
		"HFSTSdd_001_": {
			"HFSTSdd_001_": { "y": 312.05, "width": 630, "height": 741 },
			"HFSTSdd_003_": { "y": 312.05, "width": 630, "height": 741 },
			"HFSTSdd_007_": { "y": 312.05, "width": 630, "height": 741 },
			"HFSTSdd_011_": { "y": 312.05, "width": 630, "height": 741 },
			"HFSTSdd_015_": { "y": 312.05, "width": 630, "height": 741 },
			"HFSTSdd_019_": { "y": 312.05, "width": 630, "height": 741 },
			"HFSTSdd_023_": { "y": 312.05, "width": 630, "height": 741 },
			"HFSTSdd_027_": { "y": 312.05, "width": 630, "height": 741 }
		},
		"HFSTSgj_001_": {
			"HFSTSgj_001_": { "y": 312.05, "width": 630, "height": 741 },
			"HFSTSgj_003_": { "y": 312.05, "width": 630, "height": 741 },
			"HFSTSgj_005_": { "y": 312.05, "width": 630, "height": 741 },
			"HFSTSgj_007_": { "y": 312.05, "width": 630, "height": 741 },
			"HFSTSgj_009_": { "y": 312.05, "width": 630, "height": 741 },
			"HFSTSgj_011_": { "y": 312.05, "width": 630, "height": 741 },
			"HFSTSgj_013_": { "y": 312.05, "width": 630, "height": 741 },
			"HFSTSgj_017_": { "y": 312.05, "width": 630, "height": 741 },
			"HFSTSgj_019_": { "y": 312.05, "width": 630, "height": 741 },
			"HFSTSgj_021_": { "y": 312.05, "width": 630, "height": 741 },
			"HFSTSgj_023_": { "y": 312.05, "width": 630, "height": 741 },
			"HFSTSgj_025_": { "y": 312.05, "width": 630, "height": 741 },
			"HFSTSgj_027_": { "y": 312.05, "width": 630, "height": 741 },
			"HFSTSgj_029_": { "y": 312.05, "width": 630, "height": 741 },
			"HFSTSgj_031_": { "y": 312.05, "width": 630, "height": 741 },
			"HFSTSgj_033_": { "y": 312.05, "width": 630, "height": 741 },
			"HFSTSgj_035_": { "y": 312.05, "width": 630, "height": 741 },
			"HFSTSgj_037_": { "y": 312.05, "width": 630, "height": 741 },
			"HFSTSgj_039_": { "y": 312.05, "width": 630, "height": 741 },
			"HFSTSgj_041_": { "y": 312.05, "width": 630, "height": 741 },
			"HFSTSgj_044_": { "y": 312.05, "width": 630, "height": 741 }
		},
		"HFSTSgj_039_1_": {
			"HFSTSgj_039_1_": { "y": 312.05, "width": 630, "height": 741 },
			"HFSTSgj_041_1_": { "y": 312.05, "width": 630, "height": 741 }
		},
		"HFSTSgj_039_2_": {
			"HFSTSgj_039_2_": { "y": 312.05, "width": 630, "height": 741 },
			"HFSTSgj_041_2_": { "y": 312.05, "width": 630, "height": 741 }
		},
		"HFSTSxx_001_": {
			"HFSTSxx_001_": { "y": 312.05, "width": 630, "height": 741 },
			"HFSTSxx_005_": { "y": 312.05, "width": 630, "height": 741 },
			"HFSTSxx_009_": { "y": 312.05, "width": 630, "height": 741 },
			"HFSTSxx_013_": { "y": 312.05, "width": 630, "height": 741 },
			"HFSTSxx_017_": { "y": 312.05, "width": 630, "height": 741 },
			"HFSTSxx_021_": { "y": 312.05, "width": 630, "height": 741 },
			"HFSTSxx_025_": { "y": 312.05, "width": 630, "height": 741 },
			"HFSTSxx_029_": { "y": 312.05, "width": 630, "height": 741 },
			"HFSTSxx_033_": { "y": 312.05, "width": 630, "height": 741 },
			"HFSTSxx_037_": { "y": 312.05, "width": 630, "height": 741 },
			"HFSTSxx_041_": { "y": 312.05, "width": 630, "height": 741 },
			"HFSTSxx_045_": { "y": 312.05, "width": 630, "height": 741 },
			"HFSTSxx_049_": { "y": 312.05, "width": 630, "height": 741 },
			"HFSTSxx_053_": { "y": 312.05, "width": 630, "height": 741 },
			"HFSTSxx_057_": { "y": 312.05, "width": 630, "height": 741 }
		},
		"HFSTSxx_005_1_": {
			"HFSTSxx_005_1_": { "y": 312.05, "width": 630, "height": 741 },
			"HFSTSxx_009_1_": { "y": 312.05, "width": 630, "height": 741 },
			"HFSTSxx_013_1_": { "y": 312.05, "width": 630, "height": 741 },
			"HFSTSxx_017_1_": { "y": 312.05, "width": 630, "height": 741 },
			"HFSTSxx_021_1_": { "y": 312.05, "width": 630, "height": 741 },
			"HFSTSxx_025_1_": { "y": 312.05, "width": 630, "height": 741 },
			"HFSTSxx_029_1_": { "y": 312.05, "width": 630, "height": 741 },
			"HFSTSxx_033_1_": { "y": 312.05, "width": 630, "height": 741 },
			"HFSTSxx_037_1_": { "y": 312.05, "width": 630, "height": 741 },
			"HFSTSxx_041_1_": { "y": 312.05, "width": 630, "height": 741 },
			"HFSTSxx_045_1_": { "y": 312.05, "width": 630, "height": 741 }
		}
	}
},
"animations": {
	"dj": {
		"slots": {
			"HFSTSdd_001_": {
				"attachment": [
					{ "time": 0, "name": "HFSTSdd_001_" },
					{ "time": 0.1666, "name": "HFSTSdd_003_" },
					{ "time": 0.3333, "name": "HFSTSdd_007_" },
					{ "time": 0.5, "name": "HFSTSdd_011_" },
					{ "time": 0.6666, "name": "HFSTSdd_015_" },
					{ "time": 0.8333, "name": "HFSTSdd_019_" },
					{ "time": 1, "name": "HFSTSdd_023_" },
					{ "time": 1.1666, "name": "HFSTSdd_027_" },
					{ "time": 1.3333, "name": "HFSTSdd_001_" },
					{ "time": 1.5, "name": "HFSTSdd_003_" },
					{ "time": 1.6666, "name": "HFSTSdd_007_" },
					{ "time": 1.8333, "name": "HFSTSdd_011_" },
					{ "time": 2, "name": "HFSTSdd_015_" },
					{ "time": 2.1666, "name": "HFSTSdd_019_" },
					{ "time": 2.3333, "name": "HFSTSdd_023_" },
					{ "time": 2.5, "name": "HFSTSdd_027_" },
					{ "time": 2.6666, "name": "HFSTSdd_001_" },
					{ "time": 2.8333, "name": "HFSTSdd_003_" },
					{ "time": 3, "name": "HFSTSdd_007_" },
					{ "time": 3.1666, "name": "HFSTSdd_011_" },
					{ "time": 3.3333, "name": "HFSTSdd_015_" },
					{ "time": 3.5, "name": "HFSTSdd_019_" },
					{ "time": 3.6666, "name": "HFSTSdd_023_" },
					{ "time": 3.8333, "name": "HFSTSdd_027_" },
					{ "time": 4, "name": "HFSTSdd_001_" },
					{ "time": 4.0333, "name": null },
					{ "time": 5.7666, "name": "HFSTSdd_001_" },
					{ "time": 5.9333, "name": "HFSTSdd_003_" },
					{ "time": 6.1, "name": "HFSTSdd_007_" },
					{ "time": 6.2666, "name": "HFSTSdd_011_" },
					{ "time": 6.4333, "name": "HFSTSdd_015_" },
					{ "time": 6.6, "name": "HFSTSdd_019_" },
					{ "time": 6.7666, "name": "HFSTSdd_023_" },
					{ "time": 6.9333, "name": "HFSTSdd_027_" },
					{ "time": 7.1, "name": "HFSTSdd_001_" }
				]
			},
			"HFSTSxx_001_": {
				"attachment": [
					{ "time": 4.0333, "name": "HFSTSxx_001_" },
					{ "time": 4.1, "name": "HFSTSxx_005_" },
					{ "time": 4.2333, "name": "HFSTSxx_009_" },
					{ "time": 4.3333, "name": "HFSTSxx_013_" },
					{ "time": 4.4333, "name": "HFSTSxx_017_" },
					{ "time": 4.5333, "name": "HFSTSxx_021_" },
					{ "time": 4.6333, "name": "HFSTSxx_025_" },
					{ "time": 4.7666, "name": "HFSTSxx_029_" },
					{ "time": 4.9, "name": "HFSTSxx_033_" },
					{ "time": 5.0333, "name": "HFSTSxx_037_" },
					{ "time": 5.1333, "name": "HFSTSxx_041_" },
					{ "time": 5.2666, "name": "HFSTSxx_045_" },
					{ "time": 5.3666, "name": "HFSTSxx_049_" },
					{ "time": 5.4666, "name": "HFSTSxx_053_" },
					{ "time": 5.6, "name": "HFSTSxx_057_" },
					{ "time": 5.7333, "name": "HFSTSxx_001_" },
					{ "time": 5.7666, "name": null }
				]
			},
			"HFSTSxx_005_1_": {
				"attachment": [
					{ "time": 4.1, "name": "HFSTSxx_005_1_" },
					{ "time": 4.2333, "name": "HFSTSxx_009_1_" },
					{ "time": 4.3333, "name": "HFSTSxx_013_1_" },
					{ "time": 4.4333, "name": "HFSTSxx_017_1_" },
					{ "time": 4.5333, "name": "HFSTSxx_021_1_" },
					{ "time": 4.6333, "name": "HFSTSxx_025_1_" },
					{ "time": 4.7666, "name": "HFSTSxx_029_1_" },
					{ "time": 4.9, "name": "HFSTSxx_033_1_" },
					{ "time": 5.0333, "name": "HFSTSxx_037_1_" },
					{ "time": 5.1333, "name": "HFSTSxx_041_1_" },
					{ "time": 5.2666, "name": "HFSTSxx_045_1_" },
					{ "time": 5.3666, "name": null }
				]
			}
		},
		"bones": {
			"bone": {
				"translate": [
					{ "time": 0, "x": 104.43, "y": 143.47, "curve": "stepped" },
					{ "time": 1.3333, "x": 104.43, "y": 143.47, "curve": "stepped" },
					{ "time": 2.6666, "x": 104.43, "y": 143.47, "curve": "stepped" },
					{ "time": 4, "x": 104.43, "y": 143.47, "curve": "stepped" },
					{ "time": 7.1, "x": 104.43, "y": 143.47 }
				]
			}
		}
	},
	"gj": {
		"slots": {
			"HFSTSgj_001_": {
				"attachment": [
					{ "time": 0, "name": "HFSTSgj_001_" },
					{ "time": 0.1333, "name": "HFSTSgj_003_" },
					{ "time": 0.2333, "name": "HFSTSgj_005_" },
					{ "time": 0.3333, "name": "HFSTSgj_007_" },
					{ "time": 0.4, "name": "HFSTSgj_009_" },
					{ "time": 0.5, "name": "HFSTSgj_011_" },
					{ "time": 0.6, "name": "HFSTSgj_013_" },
					{ "time": 0.7, "name": "HFSTSgj_017_" },
					{ "time": 0.8, "name": "HFSTSgj_019_" },
					{ "time": 0.9, "name": "HFSTSgj_021_" },
					{ "time": 1, "name": "HFSTSgj_023_" },
					{ "time": 1.1, "name": "HFSTSgj_025_" },
					{ "time": 1.2, "name": "HFSTSgj_027_" },
					{ "time": 1.3, "name": "HFSTSgj_029_" },
					{ "time": 1.3666, "name": "HFSTSgj_031_" },
					{ "time": 1.4666, "name": "HFSTSgj_033_" },
					{ "time": 1.5666, "name": "HFSTSgj_035_" },
					{ "time": 1.6333, "name": "HFSTSgj_037_" },
					{ "time": 1.7333, "name": "HFSTSgj_039_" },
					{ "time": 1.8333, "name": "HFSTSgj_041_" },
					{ "time": 1.9666, "name": "HFSTSgj_044_" },
					{ "time": 2.1, "name": "HFSTSgj_001_" }
				]
			},
			"HFSTSgj_039_1_": {
				"attachment": [
					{ "time": 1.7333, "name": "HFSTSgj_039_1_" },
					{ "time": 1.8333, "name": "HFSTSgj_041_1_" },
					{ "time": 1.9666, "name": null }
				]
			},
			"HFSTSgj_039_2_": {
				"attachment": [
					{ "time": 1.7333, "name": "HFSTSgj_039_2_" },
					{ "time": 1.8333, "name": "HFSTSgj_041_2_" },
					{ "time": 1.9666, "name": null }
				]
			}
		},
		"bones": {
			"bone": {
				"translate": [
					{ "time": 0, "x": 104.43, "y": 143.47, "curve": "stepped" },
					{ "time": 2.1, "x": 104.43, "y": 143.47 }
				]
			}
		}
	}
}
}