{
"skeleton": { "hash": "lJFn5MuRXGs6SBLuxz2qctgSOXw", "spine": "2.1.27", "width": 247, "height": 239 },
"bones": [
	{ "name": "root" }
],
"slots": [
	{ "name": "htdsds_", "bone": "root", "attachment": "htdsds_" }
],
"skins": {
	"default": {
		"htdsds_": {
			"htdsds_": { "x": -23.95, "y": 117.17, "width": 247, "height": 239 }
		}
	}
},
"animations": {
	"animation": {
		"bones": {
			"root": {
				"rotate": [
					{ "time": 0, "angle": 0 }
				],
				"translate": [
					{ "time": 0, "x": 0, "y": 0 }
				],
				"scale": [
					{ "time": 0, "x": 1, "y": 1 }
				]
			}
		}
	}
}
}