{
"skeleton": { "hash": "mn6VCEG2QDAqp1mijB5fvvEslY8", "spine": "2.1.27", "width": 118.04, "height": 133.66 },
"bones": [
	{ "name": "root" },
	{ "name": "bone", "parent": "root", "length": 25.5, "y": 20, "rotation": 90 },
	{ "name": "bone2", "parent": "root", "length": 14.79, "x": -5.82, "y": 60.68, "rotation": 62.53 },
	{ "name": "bone3", "parent": "root", "length": 19.99, "x": -3.68, "y": 86.86, "rotation": 90.45 },
	{ "name": "bone4", "parent": "root", "length": 17.03, "x": 78.42, "y": 32.84, "rotation": 61.83 },
	{ "name": "bone5", "parent": "root", "length": 42.12, "x": 71.31, "y": 67.82, "rotation": 90 },
	{ "name": "bone6", "parent": "root", "length": 42.36, "x": -1.68, "y": 121.61, "rotation": 90 },
	{ "name": "bone7", "parent": "root", "length": 43.68, "x": 101.39, "y": 122.86, "rotation": 90 }
],
"slots": [
	{ "name": "s_04_2", "bone": "root", "attachment": "s_04_" },
	{ "name": "s_04_", "bone": "root", "attachment": "s_04_" },
	{ "name": "s_03_", "bone": "root", "attachment": "s_03_" },
	{ "name": "j_02_", "bone": "root", "attachment": "j_02_", "blend": "additive" },
	{ "name": "c_01_", "bone": "root", "attachment": "c_01_" },
	{ "name": "j_02_2", "bone": "root", "color": "d9d9ffff", "attachment": "j_02_", "blend": "additive" },
	{ "name": "j_02_3", "bone": "root", "attachment": "j_02_" }
],
"skins": {
	"default": {
		"c_01_": {
			"c_01_": {
				"type": "skinnedmesh",
				"uvs": [ 1, 0.5917, 1, 0.8617, 1, 1, 0, 1, 0, 0.8597, 0, 0.5957, 0, 0, 1, 0 ],
				"triangles": [ 5, 6, 0, 6, 7, 0, 1, 5, 0, 3, 1, 2, 3, 4, 1, 1, 4, 5 ],
				"vertices": [ 2, 0, 35.62, 13.68, 0.504, 1, -6.31, -35.62, 0.49599, 1, 0, 35.62, -0.49, 1, 1, 0, 35.62, -7.75, 1, 1, 0, -38.33, -7.75, 1, 1, 0, -38.33, -0.38, 1, 2, 0, -38.33, 13.47, 0.504, 1, -6.52, 38.33, 0.49599, 1, 1, 24.75, 38.33, 1, 1, 1, 24.75, -35.62, 1 ],
				"hull": 8
			}
		},
		"j_02_": {
			"j_02_": {
				"type": "skinnedmesh",
				"uvs": [ 1, 1, 0, 1, 0, 0, 1, 0 ],
				"triangles": [ 1, 2, 3, 1, 3, 0 ],
				"vertices": [ 1, 6, -34.18999, -5.36, 1, 1, 6, -34.18999, 2.77, 1, 1, 6, 3.51, 2.77, 1, 1, 6, 3.51, -5.36, 1 ],
				"hull": 4
			}
		},
		"j_02_2": {
			"j_02_": {
				"type": "skinnedmesh",
				"uvs": [ 1, 1, 0, 1, 0, 0, 1, 0 ],
				"triangles": [ 1, 2, 3, 1, 3, 0 ],
				"vertices": [ 1, 5, -20.12999, 13.73, 1, 1, 5, -20.12999, 21.87, 1, 1, 5, 17.57, 21.87, 1, 1, 5, 17.57, 13.73, 1 ],
				"hull": 4
			}
		},
		"j_02_3": {
			"j_02_": {
				"type": "skinnedmesh",
				"uvs": [ 1, 1, 0, 1, 0, 0, 1, 0 ],
				"triangles": [ 1, 2, 3, 1, 3, 0 ],
				"vertices": [ 1, 7, -34.66, 21.68, 1, 1, 7, -34.66, 29.81, 1, 1, 7, 3.04, 29.81, 1, 1, 7, 3.04, 21.68, 1 ],
				"hull": 4
			}
		},
		"s_03_": {
			"s_03_": {
				"type": "skinnedmesh",
				"uvs": [ 1, 1, 0, 1, 0, 0, 1, 0 ],
				"triangles": [ 1, 2, 3, 1, 3, 0 ],
				"vertices": [ 1, 3, -25.95, -13.95, 1, 1, 3, -25.76, 10.43999, 1, 1, 3, -11.71, 10.33, 1, 1, 3, -11.9, -14.06, 1 ],
				"hull": 4
			}
		},
		"s_04_": {
			"s_04_": {
				"type": "skinnedmesh",
				"uvs": [ 1, 1, 0, 1, 0, 0, 1, 0 ],
				"triangles": [ 1, 2, 3, 1, 3, 0 ],
				"vertices": [ 1, 2, -11.21, -20.86, 1, 1, 2, -19.04999, -5.76, 1, 1, 2, -6.58, 0.71, 1, 1, 2, 1.25, -14.38, 1 ],
				"hull": 4
			}
		},
		"s_04_2": {
			"s_04_": {
				"type": "skinnedmesh",
				"uvs": [ 1, 1, 0, 1, 0, 0, 1, 0 ],
				"triangles": [ 1, 2, 3, 1, 3, 0 ],
				"vertices": [ 1, 4, -13.01, 1.29, 1, 1, 4, -21.04, 16.29, 1, 1, 4, -8.64999, 22.92, 1, 1, 4, -0.62, 7.92, 1 ],
				"hull": 4
			}
		}
	}
},
"animations": {
	"animation": {
		"slots": {
			"j_02_": {
				"color": [
					{ "time": 0, "color": "ffffff00", "curve": "stepped" },
					{ "time": 0.3333, "color": "ffffff00" },
					{ "time": 0.4, "color": "ffffffff", "curve": "stepped" },
					{ "time": 0.6, "color": "ffffffff" }
				]
			},
			"j_02_3": {
				"color": [
					{ "time": 0, "color": "ffffff00", "curve": "stepped" },
					{ "time": 0.3333, "color": "ffffff00" },
					{ "time": 0.4, "color": "ffffffff", "curve": "stepped" },
					{ "time": 0.6, "color": "ffffffff" }
				]
			},
			"s_03_": {
				"color": [
					{ "time": 0, "color": "ffffff00", "curve": "stepped" },
					{ "time": 0.3333, "color": "ffffff00" },
					{ "time": 0.4, "color": "ffffffff", "curve": "stepped" },
					{ "time": 0.7, "color": "ffffffff" }
				]
			},
			"s_04_": {
				"color": [
					{ "time": 0, "color": "ffffff00", "curve": "stepped" },
					{ "time": 0.4333, "color": "ffffff00" },
					{ "time": 0.5, "color": "ffffffff", "curve": "stepped" },
					{ "time": 0.7, "color": "ffffffff" }
				]
			}
		},
		"bones": {
			"bone6": {
				"rotate": [
					{ "time": 0, "angle": -109.56, "curve": "stepped" },
					{ "time": 0.1666, "angle": -109.56 },
					{ "time": 0.4666, "angle": -129.25 }
				],
				"translate": [
					{ "time": 0, "x": -141.62, "y": -27.98, "curve": "stepped" },
					{ "time": 0.1666, "x": -141.62, "y": -27.98 },
					{ "time": 0.3, "x": -75.56, "y": -56.08 },
					{ "time": 0.4666, "x": -20.36, "y": -89.23 }
				],
				"scale": [
					{ "time": 0, "x": 0, "y": 0, "curve": "stepped" },
					{ "time": 0.1666, "x": 0, "y": 0 },
					{ "time": 0.3, "x": 1, "y": 1, "curve": "stepped" },
					{ "time": 0.4666, "x": 1, "y": 1 },
					{ "time": 0.5, "x": 0, "y": 0 }
				]
			},
			"bone3": {
				"rotate": [
					{ "time": 0, "angle": -52.27, "curve": "stepped" },
					{ "time": 0.4, "angle": -52.27 },
					{ "time": 0.6333, "angle": -135.97 }
				],
				"translate": [
					{ "time": 0, "x": -82.37, "y": -7.24 },
					{ "time": 0.4, "x": -80.7, "y": -11.92 },
					{ "time": 0.4333, "x": -55.01, "y": -14.32 },
					{ "time": 0.6333, "x": 12.6, "y": -70.8 }
				],
				"scale": [
					{ "time": 0, "x": 0, "y": 0, "curve": "stepped" },
					{ "time": 0.4, "x": 0, "y": 0 },
					{ "time": 0.4333, "x": 1, "y": 1, "curve": "stepped" },
					{ "time": 0.6333, "x": 1, "y": 1 },
					{ "time": 0.7, "x": 0, "y": 0 }
				]
			},
			"bone2": {
				"rotate": [
					{ "time": 0, "angle": -65.07, "curve": "stepped" },
					{ "time": 0.3, "angle": -65.07 },
					{ "time": 0.7, "angle": -108.53 }
				],
				"translate": [
					{ "time": 0, "x": -130.46, "y": 25.7, "curve": "stepped" },
					{ "time": 0.3, "x": -130.46, "y": 25.7 },
					{ "time": 0.7, "x": -6.78, "y": -37.82 }
				],
				"scale": [
					{ "time": 0, "x": 0, "y": 0, "curve": "stepped" },
					{ "time": 0.3, "x": 0, "y": 0 },
					{ "time": 0.3666, "x": 0.6, "y": 0.4 },
					{ "time": 0.7, "x": 1, "y": 1 },
					{ "time": 0.7666, "x": 0, "y": 0 }
				]
			},
			"bone4": {
				"rotate": [
					{ "time": 0, "angle": -63.96, "curve": "stepped" },
					{ "time": 0.5666, "angle": -63.96 },
					{ "time": 0.8666, "angle": -97.11 }
				],
				"translate": [
					{ "time": 0, "x": -175.47, "y": 90.69 },
					{ "time": 0.5666, "x": -141.38, "y": 66.57 },
					{ "time": 0.8666, "x": -80.02, "y": -11.64 }
				],
				"scale": [
					{ "time": 0, "x": 0, "y": 0, "curve": "stepped" },
					{ "time": 0.5666, "x": 0, "y": 0 },
					{ "time": 0.6333, "x": 0.8, "y": 0.4 },
					{ "time": 0.8666, "x": 1, "y": 1 },
					{ "time": 0.9333, "x": 0, "y": 0 }
				]
			},
			"bone5": {
				"rotate": [
					{ "time": 0, "angle": -111.35, "curve": "stepped" },
					{ "time": 0.4666, "angle": -111.35 },
					{ "time": 0.7, "angle": -126.53 }
				],
				"translate": [
					{ "time": 0, "x": -179.39, "y": 33.16 },
					{ "time": 0.4666, "x": -178.05, "y": 29.82 },
					{ "time": 0.5, "x": -135.6, "y": -1.88 },
					{ "time": 0.7, "x": -102.81, "y": -40.25 }
				],
				"scale": [
					{ "time": 0, "x": 0, "y": 0, "curve": "stepped" },
					{ "time": 0.4666, "x": 0, "y": 0 },
					{ "time": 0.5, "x": 0.6, "y": 0.6 },
					{ "time": 0.7, "x": 1, "y": 1 },
					{ "time": 0.7333, "x": 0, "y": 0 }
				]
			},
			"bone7": {
				"rotate": [
					{ "time": 0, "angle": -122.27, "curve": "stepped" },
					{ "time": 0.2, "angle": -122.27 },
					{ "time": 0.5333, "angle": -134.71 }
				],
				"translate": [
					{ "time": 0, "x": -213.39, "y": 0, "curve": "stepped" },
					{ "time": 0.2, "x": -213.39, "y": 0 },
					{ "time": 0.3, "x": -157.83, "y": -56.6 },
					{ "time": 0.5333, "x": -107.66, "y": -110.97 }
				],
				"scale": [
					{ "time": 0, "x": 0, "y": 0.8 },
					{ "time": 0.2, "x": 0, "y": 0 },
					{ "time": 0.3, "x": 0.8, "y": 0.8 },
					{ "time": 0.5333, "x": 1, "y": 1 },
					{ "time": 0.6, "x": 0, "y": 0 }
				]
			},
			"bone": {
				"rotate": [
					{ "time": 0, "angle": 0, "curve": "stepped" },
					{ "time": 0.3666, "angle": 0, "curve": "stepped" },
					{ "time": 0.5, "angle": 0, "curve": "stepped" },
					{ "time": 0.7666, "angle": 0, "curve": "stepped" },
					{ "time": 0.9333, "angle": 0 }
				],
				"translate": [
					{ "time": 0, "x": 0, "y": 0, "curve": "stepped" },
					{ "time": 0.3666, "x": 0, "y": 0 },
					{ "time": 0.5, "x": 0, "y": -5.45 },
					{ "time": 0.6333, "x": 0, "y": 6.18 },
					{ "time": 0.7666, "x": 0, "y": -5.45 },
					{ "time": 0.9333, "x": 0, "y": 0 }
				],
				"scale": [
					{ "time": 0, "x": 1, "y": 1, "curve": "stepped" },
					{ "time": 0.3666, "x": 1, "y": 1, "curve": "stepped" },
					{ "time": 0.5, "x": 1, "y": 1, "curve": "stepped" },
					{ "time": 0.7666, "x": 1, "y": 1, "curve": "stepped" },
					{ "time": 0.9333, "x": 1, "y": 1 }
				]
			},
			"root": {
				"translate": [
					{ "time": 0, "x": 12.32, "y": 3.91 }
				],
				"scale": [
					{ "time": 0, "x": 1.305, "y": 1.305 }
				]
			}
		}
	}
}
}