{
"skeleton": { "hash": "z4twDhNLeNdy35ZYspTs1C0TG2g", "spine": "2.1.27", "width": 0, "height": 0 },
"bones": [
	{ "name": "root" }
],
"slots": [
	{ "name": "yingshipifu_waicheng_gao_", "bone": "root" }
],
"skins": {
	"default": {
		"yingshipifu_waicheng_gao_": {
			"yingshipifu_waicheng_gao_": { "x": 2.31, "y": 148, "width": 396, "height": 296 }
		}
	}
},
"animations": {
	"animation": {
		"slots": {
			"yingshipifu_waicheng_gao_": {
				"attachment": [
					{ "time": 0, "name": "yingshipifu_waicheng_gao_" },
					{ "time": 3, "name": "yingshipifu_waicheng_gao_" }
				]
			}
		},
		"bones": {
			"root": {
				"rotate": [
					{ "time": 0, "angle": 0, "curve": "stepped" },
					{ "time": 3, "angle": 0 }
				],
				"translate": [
					{ "time": 0, "x": 0, "y": 0, "curve": "stepped" },
					{ "time": 3, "x": 0, "y": 0 }
				],
				"scale": [
					{ "time": 0, "x": 1, "y": 1, "curve": "stepped" },
					{ "time": 3, "x": 1, "y": 1 }
				]
			}
		}
	}
}
}