{
"skeleton": { "hash": "QXlmOsaxc7CPmAPa3SXhS710GqI", "spine": "2.1.27", "width": 826.99, "height": 477.99 },
"bones": [
	{ "name": "root" },
	{ "name": "L", "parent": "root", "x": -78, "y": 115 },
	{ "name": "R", "parent": "root", "x": 78, "y": 115, "scaleX": -1 }
],
"slots": [
	{ "name": "kongquecb_023_04_", "bone": "L", "attachment": "kongquecb_023_04_" },
	{ "name": "kongquecb_023_04_2", "bone": "R", "attachment": "kongquecb_023_04_" },
	{ "name": "kongquecb_023_03_", "bone": "L", "attachment": "kongquecb_023_03_" },
	{ "name": "kongquecb_023_03_2", "bone": "R", "attachment": "kongquecb_023_03_" },
	{ "name": "kongquecb_023_02_", "bone": "L", "attachment": "kongquecb_023_02_" },
	{ "name": "kongquecb_023_02_2", "bone": "R", "attachment": "kongquecb_023_02_" },
	{ "name": "kongquecb_023_01_", "bone": "L", "attachment": "kongquecb_023_01_" },
	{ "name": "kongquecb_023_01_2", "bone": "R", "attachment": "kongquecb_023_01_" },
	{ "name": "kongquecb_022_04_", "bone": "L", "attachment": "kongquecb_022_04_" },
	{ "name": "kongquecb_022_04_2", "bone": "R", "attachment": "kongquecb_022_04_" },
	{ "name": "kongquecb_022_03_", "bone": "L", "attachment": "kongquecb_022_03_" },
	{ "name": "kongquecb_022_03_2", "bone": "R", "attachment": "kongquecb_022_03_" },
	{ "name": "kongquecb_022_02_", "bone": "L", "attachment": "kongquecb_022_02_" },
	{ "name": "kongquecb_022_02_2", "bone": "R", "attachment": "kongquecb_022_02_" },
	{ "name": "kongquecb_022_01_", "bone": "L", "attachment": "kongquecb_022_01_" },
	{ "name": "kongquecb_022_01_2", "bone": "R", "attachment": "kongquecb_022_01_" },
	{ "name": "kongquecb_021_03_", "bone": "L", "attachment": "kongquecb_021_03_" },
	{ "name": "kongquecb_021_03_2", "bone": "R", "attachment": "kongquecb_021_03_" },
	{ "name": "kongquecb_021_02_", "bone": "L", "attachment": "kongquecb_021_02_" },
	{ "name": "kongquecb_021_02_2", "bone": "R", "attachment": "kongquecb_021_02_" },
	{ "name": "kongquecb_021_01_", "bone": "L", "attachment": "kongquecb_021_01_" },
	{ "name": "kongquecb_021_01_2", "bone": "R", "attachment": "kongquecb_021_01_" },
	{ "name": "kongquecb_020_04_", "bone": "L", "attachment": "kongquecb_020_04_" },
	{ "name": "kongquecb_020_04_2", "bone": "R", "attachment": "kongquecb_020_04_" },
	{ "name": "kongquecb_020_03_", "bone": "L", "attachment": "kongquecb_020_03_" },
	{ "name": "kongquecb_020_03_2", "bone": "R", "attachment": "kongquecb_020_03_" },
	{ "name": "kongquecb_020_02_", "bone": "L", "attachment": "kongquecb_020_02_" },
	{ "name": "kongquecb_020_02_2", "bone": "R", "attachment": "kongquecb_020_02_" },
	{ "name": "kongquecb_020_01_", "bone": "L", "attachment": "kongquecb_020_01_" },
	{ "name": "kongquecb_020_01_2", "bone": "R", "attachment": "kongquecb_020_01_" },
	{ "name": "kongquecb_019_04_", "bone": "L", "attachment": "kongquecb_019_04_" },
	{ "name": "kongquecb_019_04_2", "bone": "R", "attachment": "kongquecb_019_04_" },
	{ "name": "kongquecb_019_03_", "bone": "L", "attachment": "kongquecb_019_03_" },
	{ "name": "kongquecb_019_03_2", "bone": "R", "attachment": "kongquecb_019_03_" },
	{ "name": "kongquecb_019_02_", "bone": "L", "attachment": "kongquecb_019_02_" },
	{ "name": "kongquecb_019_02_2", "bone": "R", "attachment": "kongquecb_019_02_" },
	{ "name": "kongquecb_019_01_", "bone": "L", "attachment": "kongquecb_019_01_" },
	{ "name": "kongquecb_019_01_2", "bone": "R", "attachment": "kongquecb_019_01_" },
	{ "name": "kongquecb_018_04_", "bone": "L", "attachment": "kongquecb_018_04_" },
	{ "name": "kongquecb_018_04_2", "bone": "R", "attachment": "kongquecb_018_04_" },
	{ "name": "kongquecb_018_03_", "bone": "L", "attachment": "kongquecb_018_03_" },
	{ "name": "kongquecb_018_03_2", "bone": "R", "attachment": "kongquecb_018_03_" },
	{ "name": "kongquecb_018_02_", "bone": "L", "attachment": "kongquecb_018_02_" },
	{ "name": "kongquecb_018_02_2", "bone": "R", "attachment": "kongquecb_018_02_" },
	{ "name": "kongquecb_018_01_", "bone": "L", "attachment": "kongquecb_018_01_" },
	{ "name": "kongquecb_018_01_2", "bone": "R", "attachment": "kongquecb_018_01_" },
	{ "name": "kongquecb_017_02_", "bone": "L", "attachment": "kongquecb_017_02_" },
	{ "name": "kongquecb_017_02_2", "bone": "R", "attachment": "kongquecb_017_02_" },
	{ "name": "kongquecb_017_01_", "bone": "L", "attachment": "kongquecb_017_01_" },
	{ "name": "kongquecb_017_01_2", "bone": "R", "attachment": "kongquecb_017_01_" },
	{ "name": "kongquecb_016_04_", "bone": "L", "attachment": "kongquecb_016_04_" },
	{ "name": "kongquecb_016_04_2", "bone": "R", "attachment": "kongquecb_016_04_" },
	{ "name": "kongquecb_016_03_", "bone": "L", "attachment": "kongquecb_016_03_" },
	{ "name": "kongquecb_016_03_2", "bone": "R", "attachment": "kongquecb_016_03_" },
	{ "name": "kongquecb_016_02_", "bone": "L", "attachment": "kongquecb_016_02_" },
	{ "name": "kongquecb_016_02_2", "bone": "R", "attachment": "kongquecb_016_02_" },
	{ "name": "kongquecb_016_01_", "bone": "L", "attachment": "kongquecb_016_01_" },
	{ "name": "kongquecb_016_01_2", "bone": "R", "attachment": "kongquecb_016_01_" },
	{ "name": "kongquecb_015_03_", "bone": "L", "attachment": "kongquecb_015_03_" },
	{ "name": "kongquecb_015_03_2", "bone": "R", "attachment": "kongquecb_015_03_" },
	{ "name": "kongquecb_015_02_", "bone": "L", "attachment": "kongquecb_015_02_" },
	{ "name": "kongquecb_015_02_2", "bone": "R", "attachment": "kongquecb_015_02_" },
	{ "name": "kongquecb_015_01_", "bone": "L", "attachment": "kongquecb_015_01_" },
	{ "name": "kongquecb_015_01_2", "bone": "R", "attachment": "kongquecb_015_01_" },
	{ "name": "kongquecb_014_02_", "bone": "L", "attachment": "kongquecb_014_02_" },
	{ "name": "kongquecb_014_02_2", "bone": "R", "attachment": "kongquecb_014_02_" },
	{ "name": "kongquecb_014_01_", "bone": "L", "attachment": "kongquecb_014_01_" },
	{ "name": "kongquecb_014_01_2", "bone": "R", "attachment": "kongquecb_014_01_" },
	{ "name": "kongquecb_013_02_", "bone": "L", "attachment": "kongquecb_013_02_" },
	{ "name": "kongquecb_013_02_2", "bone": "R", "attachment": "kongquecb_013_02_" },
	{ "name": "kongquecb_013_01_", "bone": "L", "attachment": "kongquecb_013_01_" },
	{ "name": "kongquecb_013_01_2", "bone": "R", "attachment": "kongquecb_013_01_" },
	{ "name": "kongquecb_012_03_", "bone": "L", "attachment": "kongquecb_012_03_" },
	{ "name": "kongquecb_012_03_2", "bone": "R", "attachment": "kongquecb_012_03_" },
	{ "name": "kongquecb_012_02_", "bone": "L", "attachment": "kongquecb_012_02_" },
	{ "name": "kongquecb_012_02_2", "bone": "R", "attachment": "kongquecb_012_02_" },
	{ "name": "kongquecb_012_01_", "bone": "L", "attachment": "kongquecb_012_01_" },
	{ "name": "kongquecb_012_01_2", "bone": "R", "attachment": "kongquecb_012_01_" },
	{ "name": "kongquecb_011_03_", "bone": "L", "attachment": "kongquecb_011_03_" },
	{ "name": "kongquecb_011_03_2", "bone": "R", "attachment": "kongquecb_011_03_" },
	{ "name": "kongquecb_011_02_", "bone": "L", "attachment": "kongquecb_011_02_" },
	{ "name": "kongquecb_011_02_2", "bone": "R", "attachment": "kongquecb_011_02_" },
	{ "name": "kongquecb_011_01_", "bone": "L", "attachment": "kongquecb_011_01_" },
	{ "name": "kongquecb_011_01_2", "bone": "R", "attachment": "kongquecb_011_01_" },
	{ "name": "kongquecb_010_03_", "bone": "L", "attachment": "kongquecb_010_03_" },
	{ "name": "kongquecb_010_03_2", "bone": "R", "attachment": "kongquecb_010_03_" },
	{ "name": "kongquecb_010_02_", "bone": "L", "attachment": "kongquecb_010_02_" },
	{ "name": "kongquecb_010_02_2", "bone": "R", "attachment": "kongquecb_010_02_" },
	{ "name": "kongquecb_010_01_", "bone": "L", "attachment": "kongquecb_010_01_" },
	{ "name": "kongquecb_010_01_2", "bone": "R", "attachment": "kongquecb_010_01_" },
	{ "name": "kongquecb_009_03_", "bone": "L", "attachment": "kongquecb_009_03_" },
	{ "name": "kongquecb_009_03_2", "bone": "R", "attachment": "kongquecb_009_03_" },
	{ "name": "kongquecb_009_02_", "bone": "L", "attachment": "kongquecb_009_02_" },
	{ "name": "kongquecb_009_02_2", "bone": "R", "attachment": "kongquecb_009_02_" },
	{ "name": "kongquecb_009_01_", "bone": "L", "attachment": "kongquecb_009_01_" },
	{ "name": "kongquecb_009_01_2", "bone": "R", "attachment": "kongquecb_009_01_" },
	{ "name": "kongquecb_008_04_", "bone": "L", "attachment": "kongquecb_008_04_" },
	{ "name": "kongquecb_008_04_2", "bone": "R", "attachment": "kongquecb_008_04_" },
	{ "name": "kongquecb_008_03_", "bone": "L", "attachment": "kongquecb_008_03_" },
	{ "name": "kongquecb_008_03_2", "bone": "R", "attachment": "kongquecb_008_03_" },
	{ "name": "kongquecb_008_02_", "bone": "L", "attachment": "kongquecb_008_02_" },
	{ "name": "kongquecb_008_02_2", "bone": "R", "attachment": "kongquecb_008_02_" },
	{ "name": "kongquecb_008_01_", "bone": "L", "attachment": "kongquecb_008_01_" },
	{ "name": "kongquecb_008_01_2", "bone": "R", "attachment": "kongquecb_008_01_" },
	{ "name": "kongquecb_007_02_", "bone": "L", "attachment": "kongquecb_007_02_" },
	{ "name": "kongquecb_007_02_2", "bone": "R", "attachment": "kongquecb_007_02_" },
	{ "name": "kongquecb_007_01_", "bone": "L", "attachment": "kongquecb_007_01_" },
	{ "name": "kongquecb_007_01_2", "bone": "R", "attachment": "kongquecb_007_01_" },
	{ "name": "kongquecb_006_02_", "bone": "L", "attachment": "kongquecb_006_02_" },
	{ "name": "kongquecb_006_02_2", "bone": "R", "attachment": "kongquecb_006_02_" },
	{ "name": "kongquecb_006_01_", "bone": "L", "attachment": "kongquecb_006_01_" },
	{ "name": "kongquecb_006_01_2", "bone": "R", "attachment": "kongquecb_006_01_" },
	{ "name": "kongquecb_005_02_", "bone": "L", "attachment": "kongquecb_005_02_" },
	{ "name": "kongquecb_005_02_2", "bone": "R", "attachment": "kongquecb_005_02_" },
	{ "name": "kongquecb_005_01_", "bone": "L", "attachment": "kongquecb_005_01_" },
	{ "name": "kongquecb_005_01_2", "bone": "R", "attachment": "kongquecb_005_01_" },
	{ "name": "kongquecb_004_02_", "bone": "L", "attachment": "kongquecb_004_02_" },
	{ "name": "kongquecb_004_02_2", "bone": "R", "attachment": "kongquecb_004_02_" },
	{ "name": "kongquecb_004_01_", "bone": "L", "attachment": "kongquecb_004_01_" },
	{ "name": "kongquecb_004_01_2", "bone": "R", "attachment": "kongquecb_004_01_" },
	{ "name": "kongquecb_003_02_", "bone": "L", "attachment": "kongquecb_003_02_" },
	{ "name": "kongquecb_003_02_2", "bone": "R", "attachment": "kongquecb_003_02_" },
	{ "name": "kongquecb_003_01_", "bone": "L", "attachment": "kongquecb_003_01_" },
	{ "name": "kongquecb_003_01_2", "bone": "R", "attachment": "kongquecb_003_01_" },
	{ "name": "kongquecb_002_02_", "bone": "L", "attachment": "kongquecb_002_02_" },
	{ "name": "kongquecb_002_02_2", "bone": "R", "attachment": "kongquecb_002_02_" },
	{ "name": "kongquecb_002_01_", "bone": "L", "attachment": "kongquecb_002_01_" },
	{ "name": "kongquecb_002_01_2", "bone": "R", "attachment": "kongquecb_002_01_" },
	{ "name": "kongquecb_001_03_", "bone": "L", "attachment": "kongquecb_001_03_" },
	{ "name": "kongquecb_001_03_2", "bone": "R", "attachment": "kongquecb_001_03_" },
	{ "name": "kongquecb_001_02_", "bone": "L", "attachment": "kongquecb_001_02_" },
	{ "name": "kongquecb_001_02_2", "bone": "R", "attachment": "kongquecb_001_02_" },
	{ "name": "kongquecb_001_01_", "bone": "L", "attachment": "kongquecb_001_01_" },
	{ "name": "kongquecb_001_01_2", "bone": "R", "attachment": "kongquecb_001_01_" },
	{ "name": "kongquecb_000_05_", "bone": "L", "attachment": "kongquecb_000_05_" },
	{ "name": "kongquecb_000_05_2", "bone": "R", "attachment": "kongquecb_000_05_" },
	{ "name": "kongquecb_000_04_", "bone": "L", "attachment": "kongquecb_000_04_" },
	{ "name": "kongquecb_000_04_2", "bone": "R", "attachment": "kongquecb_000_04_" },
	{ "name": "kongquecb_000_03_", "bone": "L", "attachment": "kongquecb_000_03_" },
	{ "name": "kongquecb_000_03_2", "bone": "R", "attachment": "kongquecb_000_03_" },
	{ "name": "kongquecb_000_02_", "bone": "L", "attachment": "kongquecb_000_02_" },
	{ "name": "kongquecb_000_02_2", "bone": "R", "attachment": "kongquecb_000_02_" },
	{ "name": "kongquecb_000_01_", "bone": "L", "attachment": "kongquecb_000_01_" },
	{ "name": "kongquecb_000_01_2", "bone": "R", "attachment": "kongquecb_000_01_" }
],
"skins": {
	"default": {
		"kongquecb_000_01_": {
			"kongquecb_000_01_": { "x": -202.49, "y": 191.49, "width": 200, "height": 195 }
		},
		"kongquecb_000_01_2": {
			"kongquecb_000_01_": { "x": -202.49, "y": 191.49, "width": 200, "height": 195 }
		},
		"kongquecb_000_02_": {
			"kongquecb_000_02_": { "x": -71.49, "y": 141.99, "width": 62, "height": 94 }
		},
		"kongquecb_000_02_2": {
			"kongquecb_000_02_": { "x": -71.49, "y": 141.99, "width": 62, "height": 94 }
		},
		"kongquecb_000_03_": {
			"kongquecb_000_03_": { "x": -153.49, "y": -12, "width": 294, "height": 220 }
		},
		"kongquecb_000_03_2": {
			"kongquecb_000_03_": { "x": -153.49, "y": -12, "width": 294, "height": 220 }
		},
		"kongquecb_000_04_": {
			"kongquecb_000_04_": { "x": -111.49, "y": -151, "width": 10, "height": 10 }
		},
		"kongquecb_000_04_2": {
			"kongquecb_000_04_": { "x": -111.49, "y": -151, "width": 10, "height": 10 }
		},
		"kongquecb_000_05_": {
			"kongquecb_000_05_": { "x": -223.49, "y": -183, "width": 12, "height": 12 }
		},
		"kongquecb_000_05_2": {
			"kongquecb_000_05_": { "x": -223.49, "y": -183, "width": 12, "height": 12 }
		},
		"kongquecb_001_01_": {
			"kongquecb_001_01_": { "x": -153.49, "y": 1.99, "width": 292, "height": 228 }
		},
		"kongquecb_001_01_2": {
			"kongquecb_001_01_": { "x": -153.49, "y": 1.99, "width": 292, "height": 228 }
		},
		"kongquecb_001_02_": {
			"kongquecb_001_02_": { "x": -72.99, "y": 148.49, "width": 49, "height": 65 }
		},
		"kongquecb_001_02_2": {
			"kongquecb_001_02_": { "x": -72.99, "y": 148.49, "width": 49, "height": 65 }
		},
		"kongquecb_001_03_": {
			"kongquecb_001_03_": { "x": -200.99, "y": 201.49, "width": 183, "height": 171 }
		},
		"kongquecb_001_03_2": {
			"kongquecb_001_03_": { "x": -200.99, "y": 201.49, "width": 183, "height": 171 }
		},
		"kongquecb_002_01_": {
			"kongquecb_002_01_": { "x": -152.99, "y": 23.49, "width": 289, "height": 291 }
		},
		"kongquecb_002_01_2": {
			"kongquecb_002_01_": { "x": -152.99, "y": 23.49, "width": 289, "height": 291 }
		},
		"kongquecb_002_02_": {
			"kongquecb_002_02_": { "x": -191.99, "y": 227.99, "width": 119, "height": 118 }
		},
		"kongquecb_002_02_2": {
			"kongquecb_002_02_": { "x": -191.99, "y": 227.99, "width": 119, "height": 118 }
		},
		"kongquecb_003_01_": {
			"kongquecb_003_01_": { "x": -155.99, "y": 21.99, "width": 299, "height": 282 }
		},
		"kongquecb_003_01_2": {
			"kongquecb_003_01_": { "x": -155.99, "y": 21.99, "width": 299, "height": 282 }
		},
		"kongquecb_003_02_": {
			"kongquecb_003_02_": { "x": -200.99, "y": 221.99, "width": 119, "height": 118 }
		},
		"kongquecb_003_02_2": {
			"kongquecb_003_02_": { "x": -200.99, "y": 221.99, "width": 119, "height": 118 }
		},
		"kongquecb_004_01_": {
			"kongquecb_004_01_": { "x": -162.49, "y": 25.99, "width": 304, "height": 288 }
		},
		"kongquecb_004_01_2": {
			"kongquecb_004_01_": { "x": -162.49, "y": 25.99, "width": 304, "height": 288 }
		},
		"kongquecb_004_02_": {
			"kongquecb_004_02_": { "x": -218.49, "y": 226.49, "width": 116, "height": 113 }
		},
		"kongquecb_004_02_2": {
			"kongquecb_004_02_": { "x": -218.49, "y": 226.49, "width": 116, "height": 113 }
		},
		"kongquecb_005_01_": {
			"kongquecb_005_01_": { "x": -159.99, "y": 27.99, "width": 303, "height": 278 }
		},
		"kongquecb_005_01_2": {
			"kongquecb_005_01_": { "x": -159.99, "y": 27.99, "width": 303, "height": 278 }
		},
		"kongquecb_005_02_": {
			"kongquecb_005_02_": { "x": -227.49, "y": 220.99, "width": 116, "height": 108 }
		},
		"kongquecb_005_02_2": {
			"kongquecb_005_02_": { "x": -227.49, "y": 220.99, "width": 116, "height": 108 }
		},
		"kongquecb_006_01_": {
			"kongquecb_006_01_": { "x": -163.99, "y": 28.49, "width": 305, "height": 283 }
		},
		"kongquecb_006_01_2": {
			"kongquecb_006_01_": { "x": -163.99, "y": 28.49, "width": 305, "height": 283 }
		},
		"kongquecb_006_02_": {
			"kongquecb_006_02_": { "x": -234.99, "y": 218.49, "width": 99, "height": 97 }
		},
		"kongquecb_006_02_2": {
			"kongquecb_006_02_": { "x": -234.99, "y": 218.49, "width": 99, "height": 97 }
		},
		"kongquecb_007_01_": {
			"kongquecb_007_01_": { "x": -166.49, "y": 27.99, "width": 312, "height": 288 }
		},
		"kongquecb_007_01_2": {
			"kongquecb_007_01_": { "x": -166.49, "y": 27.99, "width": 312, "height": 288 }
		},
		"kongquecb_007_02_": {
			"kongquecb_007_02_": { "x": -243.49, "y": 207.49, "width": 86, "height": 71 }
		},
		"kongquecb_007_02_2": {
			"kongquecb_007_02_": { "x": -243.49, "y": 207.49, "width": 86, "height": 71 }
		},
		"kongquecb_008_01_": {
			"kongquecb_008_01_": { "x": -167.99, "y": 67.99, "width": 319, "height": 328 }
		},
		"kongquecb_008_01_2": {
			"kongquecb_008_01_": { "x": -167.99, "y": 67.99, "width": 319, "height": 328 }
		},
		"kongquecb_008_02_": {
			"kongquecb_008_02_": { "x": -106.49, "y": -108, "width": 52, "height": 16 }
		},
		"kongquecb_008_02_2": {
			"kongquecb_008_02_": { "x": -106.49, "y": -108, "width": 52, "height": 16 }
		},
		"kongquecb_008_03_": {
			"kongquecb_008_03_": { "x": -175.99, "y": -151.5, "width": 11, "height": 11 }
		},
		"kongquecb_008_03_2": {
			"kongquecb_008_03_": { "x": -175.99, "y": -151.5, "width": 11, "height": 11 }
		},
		"kongquecb_008_04_": {
			"kongquecb_008_04_": { "x": -113.49, "y": -163, "width": 8, "height": 12 }
		},
		"kongquecb_008_04_2": {
			"kongquecb_008_04_": { "x": -113.49, "y": -163, "width": 8, "height": 12 }
		},
		"kongquecb_009_01_": {
			"kongquecb_009_01_": { "x": -161.49, "y": 57.99, "width": 312, "height": 306 }
		},
		"kongquecb_009_01_2": {
			"kongquecb_009_01_": { "x": -161.49, "y": 57.99, "width": 312, "height": 306 }
		},
		"kongquecb_009_02_": {
			"kongquecb_009_02_": { "x": -105.49, "y": -108, "width": 46, "height": 18 }
		},
		"kongquecb_009_02_2": {
			"kongquecb_009_02_": { "x": -105.49, "y": -108, "width": 46, "height": 18 }
		},
		"kongquecb_009_03_": {
			"kongquecb_009_03_": { "x": -179.49, "y": -157.5, "width": 12, "height": 11 }
		},
		"kongquecb_009_03_2": {
			"kongquecb_009_03_": { "x": -179.49, "y": -157.5, "width": 12, "height": 11 }
		},
		"kongquecb_010_01_": {
			"kongquecb_010_01_": { "x": -165.99, "y": 55.99, "width": 317, "height": 304 }
		},
		"kongquecb_010_01_2": {
			"kongquecb_010_01_": { "x": -165.99, "y": 55.99, "width": 317, "height": 304 }
		},
		"kongquecb_010_02_": {
			"kongquecb_010_02_": { "x": -117.49, "y": -111.5, "width": 10, "height": 11 }
		},
		"kongquecb_010_02_2": {
			"kongquecb_010_02_": { "x": -117.49, "y": -111.5, "width": 10, "height": 11 }
		},
		"kongquecb_010_03_": {
			"kongquecb_010_03_": { "x": -175.49, "y": -172, "width": 28, "height": 28 }
		},
		"kongquecb_010_03_2": {
			"kongquecb_010_03_": { "x": -175.49, "y": -172, "width": 28, "height": 28 }
		},
		"kongquecb_011_01_": {
			"kongquecb_011_01_": { "x": -169.49, "y": 69.49, "width": 332, "height": 291 }
		},
		"kongquecb_011_01_2": {
			"kongquecb_011_01_": { "x": -169.49, "y": 69.49, "width": 332, "height": 291 }
		},
		"kongquecb_011_02_": {
			"kongquecb_011_02_": { "x": -92.49, "y": -97, "width": 74, "height": 42 }
		},
		"kongquecb_011_02_2": {
			"kongquecb_011_02_": { "x": -92.49, "y": -97, "width": 74, "height": 42 }
		},
		"kongquecb_011_03_": {
			"kongquecb_011_03_": { "x": -177.49, "y": -174.5, "width": 28, "height": 19 }
		},
		"kongquecb_011_03_2": {
			"kongquecb_011_03_": { "x": -177.49, "y": -174.5, "width": 28, "height": 19 }
		},
		"kongquecb_012_01_": {
			"kongquecb_012_01_": { "x": -166.49, "y": 71.49, "width": 320, "height": 303 }
		},
		"kongquecb_012_01_2": {
			"kongquecb_012_01_": { "x": -166.49, "y": 71.49, "width": 320, "height": 303 }
		},
		"kongquecb_012_02_": {
			"kongquecb_012_02_": { "x": -90.99, "y": -100, "width": 59, "height": 40 }
		},
		"kongquecb_012_02_2": {
			"kongquecb_012_02_": { "x": -90.99, "y": -100, "width": 59, "height": 40 }
		},
		"kongquecb_012_03_": {
			"kongquecb_012_03_": { "x": -181.49, "y": -177.5, "width": 30, "height": 13 }
		},
		"kongquecb_012_03_2": {
			"kongquecb_012_03_": { "x": -181.49, "y": -177.5, "width": 30, "height": 13 }
		},
		"kongquecb_013_01_": {
			"kongquecb_013_01_": { "x": -159.99, "y": 70.99, "width": 317, "height": 298 }
		},
		"kongquecb_013_01_2": {
			"kongquecb_013_01_": { "x": -159.99, "y": 70.99, "width": 317, "height": 298 }
		},
		"kongquecb_013_02_": {
			"kongquecb_013_02_": { "x": -91.99, "y": -100, "width": 57, "height": 42 }
		},
		"kongquecb_013_02_2": {
			"kongquecb_013_02_": { "x": -91.99, "y": -100, "width": 57, "height": 42 }
		},
		"kongquecb_014_01_": {
			"kongquecb_014_01_": { "x": -160.99, "y": 70.49, "width": 317, "height": 303 }
		},
		"kongquecb_014_01_2": {
			"kongquecb_014_01_": { "x": -160.99, "y": 70.49, "width": 317, "height": 303 }
		},
		"kongquecb_014_02_": {
			"kongquecb_014_02_": { "x": -92.99, "y": -104, "width": 57, "height": 40 }
		},
		"kongquecb_014_02_2": {
			"kongquecb_014_02_": { "x": -92.99, "y": -104, "width": 57, "height": 40 }
		},
		"kongquecb_015_01_": {
			"kongquecb_015_01_": { "x": -151.99, "y": 76.99, "width": 313, "height": 310 }
		},
		"kongquecb_015_01_2": {
			"kongquecb_015_01_": { "x": -151.99, "y": 76.99, "width": 313, "height": 310 }
		},
		"kongquecb_015_02_": {
			"kongquecb_015_02_": { "x": -171.49, "y": -85.5, "width": 12, "height": 11 }
		},
		"kongquecb_015_02_2": {
			"kongquecb_015_02_": { "x": -171.49, "y": -85.5, "width": 12, "height": 11 }
		},
		"kongquecb_015_03_": {
			"kongquecb_015_03_": { "x": -95.49, "y": -107, "width": 56, "height": 40 }
		},
		"kongquecb_015_03_2": {
			"kongquecb_015_03_": { "x": -95.49, "y": -107, "width": 56, "height": 40 }
		},
		"kongquecb_016_01_": {
			"kongquecb_016_01_": { "x": -143.99, "y": 76.49, "width": 299, "height": 305 }
		},
		"kongquecb_016_01_2": {
			"kongquecb_016_01_": { "x": -143.99, "y": 76.49, "width": 299, "height": 305 }
		},
		"kongquecb_016_02_": {
			"kongquecb_016_02_": { "x": -67.49, "y": -90.5, "width": 48, "height": 29 }
		},
		"kongquecb_016_02_2": {
			"kongquecb_016_02_": { "x": -67.49, "y": -90.5, "width": 48, "height": 29 }
		},
		"kongquecb_016_03_": {
			"kongquecb_016_03_": { "x": -118.49, "y": -124, "width": 16, "height": 12 }
		},
		"kongquecb_016_03_2": {
			"kongquecb_016_03_": { "x": -118.49, "y": -124, "width": 16, "height": 12 }
		},
		"kongquecb_016_04_": {
			"kongquecb_016_04_": { "x": -173.99, "y": -93, "width": 13, "height": 12 }
		},
		"kongquecb_016_04_2": {
			"kongquecb_016_04_": { "x": -173.99, "y": -93, "width": 13, "height": 12 }
		},
		"kongquecb_017_01_": {
			"kongquecb_017_01_": { "x": -143.99, "y": 87.49, "width": 297, "height": 313 }
		},
		"kongquecb_017_01_2": {
			"kongquecb_017_01_": { "x": -143.99, "y": 87.49, "width": 297, "height": 313 }
		},
		"kongquecb_017_02_": {
			"kongquecb_017_02_": { "x": -104.99, "y": -102.5, "width": 161, "height": 67 }
		},
		"kongquecb_017_02_2": {
			"kongquecb_017_02_": { "x": -104.99, "y": -102.5, "width": 161, "height": 67 }
		},
		"kongquecb_018_01_": {
			"kongquecb_018_01_": { "x": -142.99, "y": 77.49, "width": 299, "height": 339 }
		},
		"kongquecb_018_01_2": {
			"kongquecb_018_01_": { "x": -142.99, "y": 77.49, "width": 299, "height": 339 }
		},
		"kongquecb_018_02_": {
			"kongquecb_018_02_": { "x": -178.99, "y": -106.5, "width": 11, "height": 11 }
		},
		"kongquecb_018_02_2": {
			"kongquecb_018_02_": { "x": -178.99, "y": -106.5, "width": 11, "height": 11 }
		},
		"kongquecb_018_03_": {
			"kongquecb_018_03_": { "x": -119.99, "y": -134.5, "width": 21, "height": 17 }
		},
		"kongquecb_018_03_2": {
			"kongquecb_018_03_": { "x": -119.99, "y": -134.5, "width": 21, "height": 17 }
		},
		"kongquecb_018_04_": {
			"kongquecb_018_04_": { "x": -84.49, "y": -102.5, "width": 20, "height": 17 }
		},
		"kongquecb_018_04_2": {
			"kongquecb_018_04_": { "x": -84.49, "y": -102.5, "width": 20, "height": 17 }
		},
		"kongquecb_019_01_": {
			"kongquecb_019_01_": { "x": -145.49, "y": 96.49, "width": 304, "height": 353 }
		},
		"kongquecb_019_01_2": {
			"kongquecb_019_01_": { "x": -145.49, "y": 96.49, "width": 304, "height": 353 }
		},
		"kongquecb_019_02_": {
			"kongquecb_019_02_": { "x": -179.49, "y": -100, "width": 18, "height": 40 }
		},
		"kongquecb_019_02_2": {
			"kongquecb_019_02_": { "x": -179.49, "y": -100, "width": 18, "height": 40 }
		},
		"kongquecb_019_03_": {
			"kongquecb_019_03_": { "x": -77.99, "y": -97, "width": 59, "height": 34 }
		},
		"kongquecb_019_03_2": {
			"kongquecb_019_03_": { "x": -77.99, "y": -97, "width": 59, "height": 34 }
		},
		"kongquecb_019_04_": {
			"kongquecb_019_04_": { "x": -120.49, "y": -138.5, "width": 24, "height": 19 }
		},
		"kongquecb_019_04_2": {
			"kongquecb_019_04_": { "x": -120.49, "y": -138.5, "width": 24, "height": 19 }
		},
		"kongquecb_020_01_": {
			"kongquecb_020_01_": { "x": -148.49, "y": 94.99, "width": 298, "height": 366 }
		},
		"kongquecb_020_01_2": {
			"kongquecb_020_01_": { "x": -148.49, "y": 94.99, "width": 298, "height": 366 }
		},
		"kongquecb_020_02_": {
			"kongquecb_020_02_": { "x": -77.99, "y": -101.5, "width": 37, "height": 27 }
		},
		"kongquecb_020_02_2": {
			"kongquecb_020_02_": { "x": -77.99, "y": -101.5, "width": 37, "height": 27 }
		},
		"kongquecb_020_03_": {
			"kongquecb_020_03_": { "x": -120.99, "y": -144, "width": 25, "height": 24 }
		},
		"kongquecb_020_03_2": {
			"kongquecb_020_03_": { "x": -120.99, "y": -144, "width": 25, "height": 24 }
		},
		"kongquecb_020_04_": {
			"kongquecb_020_04_": { "x": -181.49, "y": -107.5, "width": 18, "height": 39 }
		},
		"kongquecb_020_04_2": {
			"kongquecb_020_04_": { "x": -181.49, "y": -107.5, "width": 18, "height": 39 }
		},
		"kongquecb_021_01_": {
			"kongquecb_021_01_": { "x": -150.49, "y": 88.99, "width": 298, "height": 382 }
		},
		"kongquecb_021_01_2": {
			"kongquecb_021_01_": { "x": -150.49, "y": 88.99, "width": 298, "height": 382 }
		},
		"kongquecb_021_02_": {
			"kongquecb_021_02_": { "x": -122.49, "y": -148.5, "width": 28, "height": 27 }
		},
		"kongquecb_021_02_2": {
			"kongquecb_021_02_": { "x": -122.49, "y": -148.5, "width": 28, "height": 27 }
		},
		"kongquecb_021_03_": {
			"kongquecb_021_03_": { "x": -187.99, "y": -128, "width": 11, "height": 12 }
		},
		"kongquecb_021_03_2": {
			"kongquecb_021_03_": { "x": -187.99, "y": -128, "width": 11, "height": 12 }
		},
		"kongquecb_022_01_": {
			"kongquecb_022_01_": { "x": -129.49, "y": 87.49, "width": 258, "height": 379 }
		},
		"kongquecb_022_01_2": {
			"kongquecb_022_01_": { "x": -129.49, "y": 87.49, "width": 258, "height": 379 }
		},
		"kongquecb_022_02_": {
			"kongquecb_022_02_": { "x": -281.99, "y": 59.99, "width": 41, "height": 46 }
		},
		"kongquecb_022_02_2": {
			"kongquecb_022_02_": { "x": -281.99, "y": 59.99, "width": 41, "height": 46 }
		},
		"kongquecb_022_03_": {
			"kongquecb_022_03_": { "x": -123.49, "y": -153, "width": 30, "height": 30 }
		},
		"kongquecb_022_03_2": {
			"kongquecb_022_03_": { "x": -123.49, "y": -153, "width": 30, "height": 30 }
		},
		"kongquecb_022_04_": {
			"kongquecb_022_04_": { "x": -190.99, "y": -134.5, "width": 13, "height": 13 }
		},
		"kongquecb_022_04_2": {
			"kongquecb_022_04_": { "x": -190.99, "y": -134.5, "width": 13, "height": 13 }
		},
		"kongquecb_023_01_": {
			"kongquecb_023_01_": { "x": -132.99, "y": 82.49, "width": 257, "height": 391 }
		},
		"kongquecb_023_01_2": {
			"kongquecb_023_01_": { "x": -132.99, "y": 82.49, "width": 257, "height": 391 }
		},
		"kongquecb_023_02_": {
			"kongquecb_023_02_": { "x": -282.49, "y": 56.49, "width": 42, "height": 37 }
		},
		"kongquecb_023_02_2": {
			"kongquecb_023_02_": { "x": -282.49, "y": 56.49, "width": 42, "height": 37 }
		},
		"kongquecb_023_03_": {
			"kongquecb_023_03_": { "x": -194.49, "y": -141, "width": 12, "height": 12 }
		},
		"kongquecb_023_03_2": {
			"kongquecb_023_03_": { "x": -194.49, "y": -141, "width": 12, "height": 12 }
		},
		"kongquecb_023_04_": {
			"kongquecb_023_04_": { "x": -128.49, "y": -156, "width": 40, "height": 38 }
		},
		"kongquecb_023_04_2": {
			"kongquecb_023_04_": { "x": -128.49, "y": -156, "width": 40, "height": 38 }
		}
	}
},
"animations": {
	"animation": {
		"slots": {
			"kongquecb_000_01_": {
				"attachment": [
					{ "time": 0, "name": "kongquecb_000_01_" },
					{ "time": 0.0333, "name": "kongquecb_000_01_" },
					{ "time": 0.0666, "name": null }
				]
			},
			"kongquecb_000_01_2": {
				"attachment": [
					{ "time": 0, "name": "kongquecb_000_01_" },
					{ "time": 0.0333, "name": "kongquecb_000_01_" },
					{ "time": 0.0666, "name": null }
				]
			},
			"kongquecb_000_02_": {
				"attachment": [
					{ "time": 0, "name": "kongquecb_000_02_" },
					{ "time": 0.0333, "name": "kongquecb_000_02_" },
					{ "time": 0.0666, "name": null }
				]
			},
			"kongquecb_000_02_2": {
				"attachment": [
					{ "time": 0, "name": "kongquecb_000_02_" },
					{ "time": 0.0333, "name": "kongquecb_000_02_" },
					{ "time": 0.0666, "name": null }
				]
			},
			"kongquecb_000_03_": {
				"attachment": [
					{ "time": 0, "name": "kongquecb_000_03_" },
					{ "time": 0.0333, "name": "kongquecb_000_03_" },
					{ "time": 0.0666, "name": null }
				]
			},
			"kongquecb_000_03_2": {
				"attachment": [
					{ "time": 0, "name": "kongquecb_000_03_" },
					{ "time": 0.0333, "name": "kongquecb_000_03_" },
					{ "time": 0.0666, "name": null }
				]
			},
			"kongquecb_000_04_": {
				"attachment": [
					{ "time": 0, "name": "kongquecb_000_04_" },
					{ "time": 0.0333, "name": "kongquecb_000_04_" },
					{ "time": 0.0666, "name": null }
				]
			},
			"kongquecb_000_04_2": {
				"attachment": [
					{ "time": 0, "name": "kongquecb_000_04_" },
					{ "time": 0.0333, "name": "kongquecb_000_04_" },
					{ "time": 0.0666, "name": null }
				]
			},
			"kongquecb_000_05_": {
				"attachment": [
					{ "time": 0, "name": "kongquecb_000_05_" },
					{ "time": 0.0333, "name": "kongquecb_000_05_" },
					{ "time": 0.0666, "name": null }
				]
			},
			"kongquecb_000_05_2": {
				"attachment": [
					{ "time": 0, "name": "kongquecb_000_05_" },
					{ "time": 0.0333, "name": "kongquecb_000_05_" },
					{ "time": 0.0666, "name": null }
				]
			},
			"kongquecb_001_01_": {
				"attachment": [
					{ "time": 0, "name": null },
					{ "time": 0.0333, "name": null },
					{ "time": 0.0666, "name": "kongquecb_001_01_" },
					{ "time": 0.1, "name": "kongquecb_001_01_" },
					{ "time": 0.1333, "name": null }
				]
			},
			"kongquecb_001_01_2": {
				"attachment": [
					{ "time": 0, "name": null },
					{ "time": 0.0333, "name": null },
					{ "time": 0.0666, "name": "kongquecb_001_01_" },
					{ "time": 0.1, "name": "kongquecb_001_01_" },
					{ "time": 0.1333, "name": null }
				]
			},
			"kongquecb_001_02_": {
				"attachment": [
					{ "time": 0, "name": null },
					{ "time": 0.0333, "name": null },
					{ "time": 0.0666, "name": "kongquecb_001_02_" },
					{ "time": 0.1, "name": "kongquecb_001_02_" },
					{ "time": 0.1333, "name": null }
				]
			},
			"kongquecb_001_02_2": {
				"attachment": [
					{ "time": 0, "name": null },
					{ "time": 0.0333, "name": null },
					{ "time": 0.0666, "name": "kongquecb_001_02_" },
					{ "time": 0.1, "name": "kongquecb_001_02_" },
					{ "time": 0.1333, "name": null }
				]
			},
			"kongquecb_001_03_": {
				"attachment": [
					{ "time": 0, "name": null },
					{ "time": 0.0333, "name": null },
					{ "time": 0.0666, "name": "kongquecb_001_03_" },
					{ "time": 0.1, "name": "kongquecb_001_03_" },
					{ "time": 0.1333, "name": null }
				]
			},
			"kongquecb_001_03_2": {
				"attachment": [
					{ "time": 0, "name": null },
					{ "time": 0.0333, "name": null },
					{ "time": 0.0666, "name": "kongquecb_001_03_" },
					{ "time": 0.1, "name": "kongquecb_001_03_" },
					{ "time": 0.1333, "name": null }
				]
			},
			"kongquecb_002_01_": {
				"attachment": [
					{ "time": 0, "name": null },
					{ "time": 0.1, "name": null },
					{ "time": 0.1333, "name": "kongquecb_002_01_" },
					{ "time": 0.1666, "name": "kongquecb_002_01_" },
					{ "time": 0.2, "name": null }
				]
			},
			"kongquecb_002_01_2": {
				"attachment": [
					{ "time": 0, "name": null },
					{ "time": 0.1, "name": null },
					{ "time": 0.1333, "name": "kongquecb_002_01_" },
					{ "time": 0.1666, "name": "kongquecb_002_01_" },
					{ "time": 0.2, "name": null }
				]
			},
			"kongquecb_002_02_": {
				"attachment": [
					{ "time": 0, "name": null },
					{ "time": 0.1, "name": null },
					{ "time": 0.1333, "name": "kongquecb_002_02_" },
					{ "time": 0.1666, "name": "kongquecb_002_02_" },
					{ "time": 0.2, "name": null }
				]
			},
			"kongquecb_002_02_2": {
				"attachment": [
					{ "time": 0, "name": null },
					{ "time": 0.1, "name": null },
					{ "time": 0.1333, "name": "kongquecb_002_02_" },
					{ "time": 0.1666, "name": "kongquecb_002_02_" },
					{ "time": 0.2, "name": null }
				]
			},
			"kongquecb_003_01_": {
				"attachment": [
					{ "time": 0, "name": null },
					{ "time": 0.1666, "name": null },
					{ "time": 0.2, "name": "kongquecb_003_01_" },
					{ "time": 0.2333, "name": "kongquecb_003_01_" },
					{ "time": 0.2666, "name": null }
				]
			},
			"kongquecb_003_01_2": {
				"attachment": [
					{ "time": 0, "name": null },
					{ "time": 0.1666, "name": null },
					{ "time": 0.2, "name": "kongquecb_003_01_" },
					{ "time": 0.2333, "name": "kongquecb_003_01_" },
					{ "time": 0.2666, "name": null }
				]
			},
			"kongquecb_003_02_": {
				"attachment": [
					{ "time": 0, "name": null },
					{ "time": 0.1666, "name": null },
					{ "time": 0.2, "name": "kongquecb_003_02_" },
					{ "time": 0.2333, "name": "kongquecb_003_02_" },
					{ "time": 0.2666, "name": null }
				]
			},
			"kongquecb_003_02_2": {
				"attachment": [
					{ "time": 0, "name": null },
					{ "time": 0.1666, "name": null },
					{ "time": 0.2, "name": "kongquecb_003_02_" },
					{ "time": 0.2333, "name": "kongquecb_003_02_" },
					{ "time": 0.2666, "name": null }
				]
			},
			"kongquecb_004_01_": {
				"attachment": [
					{ "time": 0, "name": null },
					{ "time": 0.2333, "name": null },
					{ "time": 0.2666, "name": "kongquecb_004_01_" },
					{ "time": 0.3, "name": "kongquecb_004_01_" },
					{ "time": 0.3333, "name": null }
				]
			},
			"kongquecb_004_01_2": {
				"attachment": [
					{ "time": 0, "name": null },
					{ "time": 0.2333, "name": null },
					{ "time": 0.2666, "name": "kongquecb_004_01_" },
					{ "time": 0.3, "name": "kongquecb_004_01_" },
					{ "time": 0.3333, "name": null }
				]
			},
			"kongquecb_004_02_": {
				"attachment": [
					{ "time": 0, "name": null },
					{ "time": 0.2333, "name": null },
					{ "time": 0.2666, "name": "kongquecb_004_02_" },
					{ "time": 0.3, "name": "kongquecb_004_02_" },
					{ "time": 0.3333, "name": null }
				]
			},
			"kongquecb_004_02_2": {
				"attachment": [
					{ "time": 0, "name": null },
					{ "time": 0.2333, "name": null },
					{ "time": 0.2666, "name": "kongquecb_004_02_" },
					{ "time": 0.3, "name": "kongquecb_004_02_" },
					{ "time": 0.3333, "name": null }
				]
			},
			"kongquecb_005_01_": {
				"attachment": [
					{ "time": 0, "name": null },
					{ "time": 0.3, "name": null },
					{ "time": 0.3333, "name": "kongquecb_005_01_" },
					{ "time": 0.3666, "name": "kongquecb_005_01_" },
					{ "time": 0.4, "name": null }
				]
			},
			"kongquecb_005_01_2": {
				"attachment": [
					{ "time": 0, "name": null },
					{ "time": 0.3, "name": null },
					{ "time": 0.3333, "name": "kongquecb_005_01_" },
					{ "time": 0.3666, "name": "kongquecb_005_01_" },
					{ "time": 0.4, "name": null }
				]
			},
			"kongquecb_005_02_": {
				"attachment": [
					{ "time": 0, "name": null },
					{ "time": 0.3, "name": null },
					{ "time": 0.3333, "name": "kongquecb_005_02_" },
					{ "time": 0.3666, "name": "kongquecb_005_02_" },
					{ "time": 0.4, "name": null }
				]
			},
			"kongquecb_005_02_2": {
				"attachment": [
					{ "time": 0, "name": null },
					{ "time": 0.3, "name": null },
					{ "time": 0.3333, "name": "kongquecb_005_02_" },
					{ "time": 0.3666, "name": "kongquecb_005_02_" },
					{ "time": 0.4, "name": null }
				]
			},
			"kongquecb_006_01_": {
				"attachment": [
					{ "time": 0, "name": null },
					{ "time": 0.3666, "name": null },
					{ "time": 0.4, "name": "kongquecb_006_01_" },
					{ "time": 0.4333, "name": "kongquecb_006_01_" },
					{ "time": 0.4666, "name": null }
				]
			},
			"kongquecb_006_01_2": {
				"attachment": [
					{ "time": 0, "name": null },
					{ "time": 0.3666, "name": null },
					{ "time": 0.4, "name": "kongquecb_006_01_" },
					{ "time": 0.4333, "name": "kongquecb_006_01_" },
					{ "time": 0.4666, "name": null }
				]
			},
			"kongquecb_006_02_": {
				"attachment": [
					{ "time": 0, "name": null },
					{ "time": 0.3666, "name": null },
					{ "time": 0.4, "name": "kongquecb_006_02_" },
					{ "time": 0.4333, "name": "kongquecb_006_02_" },
					{ "time": 0.4666, "name": null }
				]
			},
			"kongquecb_006_02_2": {
				"attachment": [
					{ "time": 0, "name": null },
					{ "time": 0.3666, "name": null },
					{ "time": 0.4, "name": "kongquecb_006_02_" },
					{ "time": 0.4333, "name": "kongquecb_006_02_" },
					{ "time": 0.4666, "name": null }
				]
			},
			"kongquecb_007_01_": {
				"attachment": [
					{ "time": 0, "name": null },
					{ "time": 0.4333, "name": null },
					{ "time": 0.4666, "name": "kongquecb_007_01_" },
					{ "time": 0.5, "name": "kongquecb_007_01_" },
					{ "time": 0.5333, "name": null }
				]
			},
			"kongquecb_007_01_2": {
				"attachment": [
					{ "time": 0, "name": null },
					{ "time": 0.4333, "name": null },
					{ "time": 0.4666, "name": "kongquecb_007_01_" },
					{ "time": 0.5, "name": "kongquecb_007_01_" },
					{ "time": 0.5333, "name": null }
				]
			},
			"kongquecb_007_02_": {
				"attachment": [
					{ "time": 0, "name": null },
					{ "time": 0.4333, "name": null },
					{ "time": 0.4666, "name": "kongquecb_007_02_" },
					{ "time": 0.5, "name": "kongquecb_007_02_" },
					{ "time": 0.5333, "name": null }
				]
			},
			"kongquecb_007_02_2": {
				"attachment": [
					{ "time": 0, "name": null },
					{ "time": 0.4333, "name": null },
					{ "time": 0.4666, "name": "kongquecb_007_02_" },
					{ "time": 0.5, "name": "kongquecb_007_02_" },
					{ "time": 0.5333, "name": null }
				]
			},
			"kongquecb_008_01_": {
				"attachment": [
					{ "time": 0, "name": null },
					{ "time": 0.5, "name": null },
					{ "time": 0.5333, "name": "kongquecb_008_01_" },
					{ "time": 0.5666, "name": "kongquecb_008_01_" },
					{ "time": 0.6, "name": null }
				]
			},
			"kongquecb_008_01_2": {
				"attachment": [
					{ "time": 0, "name": null },
					{ "time": 0.5, "name": null },
					{ "time": 0.5333, "name": "kongquecb_008_01_" },
					{ "time": 0.5666, "name": "kongquecb_008_01_" },
					{ "time": 0.6, "name": null }
				]
			},
			"kongquecb_008_02_": {
				"attachment": [
					{ "time": 0, "name": null },
					{ "time": 0.5, "name": null },
					{ "time": 0.5333, "name": "kongquecb_008_02_" },
					{ "time": 0.5666, "name": "kongquecb_008_02_" },
					{ "time": 0.6, "name": null }
				]
			},
			"kongquecb_008_02_2": {
				"attachment": [
					{ "time": 0, "name": null },
					{ "time": 0.5, "name": null },
					{ "time": 0.5333, "name": "kongquecb_008_02_" },
					{ "time": 0.5666, "name": "kongquecb_008_02_" },
					{ "time": 0.6, "name": null }
				]
			},
			"kongquecb_008_03_": {
				"attachment": [
					{ "time": 0, "name": null },
					{ "time": 0.5, "name": null },
					{ "time": 0.5333, "name": "kongquecb_008_03_" },
					{ "time": 0.5666, "name": "kongquecb_008_03_" },
					{ "time": 0.6, "name": null }
				]
			},
			"kongquecb_008_03_2": {
				"attachment": [
					{ "time": 0, "name": null },
					{ "time": 0.5, "name": null },
					{ "time": 0.5333, "name": "kongquecb_008_03_" },
					{ "time": 0.5666, "name": "kongquecb_008_03_" },
					{ "time": 0.6, "name": null }
				]
			},
			"kongquecb_008_04_": {
				"attachment": [
					{ "time": 0, "name": null },
					{ "time": 0.5, "name": null },
					{ "time": 0.5333, "name": "kongquecb_008_04_" },
					{ "time": 0.5666, "name": "kongquecb_008_04_" },
					{ "time": 0.6, "name": null }
				]
			},
			"kongquecb_008_04_2": {
				"attachment": [
					{ "time": 0, "name": null },
					{ "time": 0.5, "name": null },
					{ "time": 0.5333, "name": "kongquecb_008_04_" },
					{ "time": 0.5666, "name": "kongquecb_008_04_" },
					{ "time": 0.6, "name": null }
				]
			},
			"kongquecb_009_01_": {
				"attachment": [
					{ "time": 0, "name": null },
					{ "time": 0.5666, "name": null },
					{ "time": 0.6, "name": "kongquecb_009_01_" },
					{ "time": 0.6333, "name": "kongquecb_009_01_" },
					{ "time": 0.6666, "name": null }
				]
			},
			"kongquecb_009_01_2": {
				"attachment": [
					{ "time": 0, "name": null },
					{ "time": 0.5666, "name": null },
					{ "time": 0.6, "name": "kongquecb_009_01_" },
					{ "time": 0.6333, "name": "kongquecb_009_01_" },
					{ "time": 0.6666, "name": null }
				]
			},
			"kongquecb_009_02_": {
				"attachment": [
					{ "time": 0, "name": null },
					{ "time": 0.5666, "name": null },
					{ "time": 0.6, "name": "kongquecb_009_02_" },
					{ "time": 0.6333, "name": "kongquecb_009_02_" },
					{ "time": 0.6666, "name": null }
				]
			},
			"kongquecb_009_02_2": {
				"attachment": [
					{ "time": 0, "name": null },
					{ "time": 0.5666, "name": null },
					{ "time": 0.6, "name": "kongquecb_009_02_" },
					{ "time": 0.6333, "name": "kongquecb_009_02_" },
					{ "time": 0.6666, "name": null }
				]
			},
			"kongquecb_009_03_": {
				"attachment": [
					{ "time": 0, "name": null },
					{ "time": 0.5666, "name": null },
					{ "time": 0.6, "name": "kongquecb_009_03_" },
					{ "time": 0.6333, "name": "kongquecb_009_03_" },
					{ "time": 0.6666, "name": null }
				]
			},
			"kongquecb_009_03_2": {
				"attachment": [
					{ "time": 0, "name": null },
					{ "time": 0.5666, "name": null },
					{ "time": 0.6, "name": "kongquecb_009_03_" },
					{ "time": 0.6333, "name": "kongquecb_009_03_" },
					{ "time": 0.6666, "name": null }
				]
			},
			"kongquecb_010_01_": {
				"attachment": [
					{ "time": 0, "name": null },
					{ "time": 0.6333, "name": null },
					{ "time": 0.6666, "name": "kongquecb_010_01_" },
					{ "time": 0.7, "name": "kongquecb_010_01_" },
					{ "time": 0.7333, "name": null }
				]
			},
			"kongquecb_010_01_2": {
				"attachment": [
					{ "time": 0, "name": null },
					{ "time": 0.6333, "name": null },
					{ "time": 0.6666, "name": "kongquecb_010_01_" },
					{ "time": 0.7, "name": "kongquecb_010_01_" },
					{ "time": 0.7333, "name": null }
				]
			},
			"kongquecb_010_02_": {
				"attachment": [
					{ "time": 0, "name": null },
					{ "time": 0.6333, "name": null },
					{ "time": 0.6666, "name": "kongquecb_010_02_" },
					{ "time": 0.7, "name": "kongquecb_010_02_" },
					{ "time": 0.7333, "name": null }
				]
			},
			"kongquecb_010_02_2": {
				"attachment": [
					{ "time": 0, "name": null },
					{ "time": 0.6333, "name": null },
					{ "time": 0.6666, "name": "kongquecb_010_02_" },
					{ "time": 0.7, "name": "kongquecb_010_02_" },
					{ "time": 0.7333, "name": null }
				]
			},
			"kongquecb_010_03_": {
				"attachment": [
					{ "time": 0, "name": null },
					{ "time": 0.6333, "name": null },
					{ "time": 0.6666, "name": "kongquecb_010_03_" },
					{ "time": 0.7, "name": "kongquecb_010_03_" },
					{ "time": 0.7333, "name": null }
				]
			},
			"kongquecb_010_03_2": {
				"attachment": [
					{ "time": 0, "name": null },
					{ "time": 0.6333, "name": null },
					{ "time": 0.6666, "name": "kongquecb_010_03_" },
					{ "time": 0.7, "name": "kongquecb_010_03_" },
					{ "time": 0.7333, "name": null }
				]
			},
			"kongquecb_011_01_": {
				"attachment": [
					{ "time": 0, "name": null },
					{ "time": 0.7, "name": null },
					{ "time": 0.7333, "name": "kongquecb_011_01_" },
					{ "time": 0.7666, "name": "kongquecb_011_01_" },
					{ "time": 0.8, "name": null }
				]
			},
			"kongquecb_011_01_2": {
				"attachment": [
					{ "time": 0, "name": null },
					{ "time": 0.7, "name": null },
					{ "time": 0.7333, "name": "kongquecb_011_01_" },
					{ "time": 0.7666, "name": "kongquecb_011_01_" },
					{ "time": 0.8, "name": null }
				]
			},
			"kongquecb_011_02_": {
				"attachment": [
					{ "time": 0, "name": null },
					{ "time": 0.7, "name": null },
					{ "time": 0.7333, "name": "kongquecb_011_02_" },
					{ "time": 0.7666, "name": "kongquecb_011_02_" },
					{ "time": 0.8, "name": null }
				]
			},
			"kongquecb_011_02_2": {
				"attachment": [
					{ "time": 0, "name": null },
					{ "time": 0.7, "name": null },
					{ "time": 0.7333, "name": "kongquecb_011_02_" },
					{ "time": 0.7666, "name": "kongquecb_011_02_" },
					{ "time": 0.8, "name": null }
				]
			},
			"kongquecb_011_03_": {
				"attachment": [
					{ "time": 0, "name": null },
					{ "time": 0.7, "name": null },
					{ "time": 0.7333, "name": "kongquecb_011_03_" },
					{ "time": 0.7666, "name": "kongquecb_011_03_" },
					{ "time": 0.8, "name": null }
				]
			},
			"kongquecb_011_03_2": {
				"attachment": [
					{ "time": 0, "name": null },
					{ "time": 0.7, "name": null },
					{ "time": 0.7333, "name": "kongquecb_011_03_" },
					{ "time": 0.7666, "name": "kongquecb_011_03_" },
					{ "time": 0.8, "name": null }
				]
			},
			"kongquecb_012_01_": {
				"attachment": [
					{ "time": 0, "name": null },
					{ "time": 0.7666, "name": null },
					{ "time": 0.8, "name": "kongquecb_012_01_" },
					{ "time": 0.8333, "name": "kongquecb_012_01_" },
					{ "time": 0.8666, "name": null }
				]
			},
			"kongquecb_012_01_2": {
				"attachment": [
					{ "time": 0, "name": null },
					{ "time": 0.7666, "name": null },
					{ "time": 0.8, "name": "kongquecb_012_01_" },
					{ "time": 0.8333, "name": "kongquecb_012_01_" },
					{ "time": 0.8666, "name": null }
				]
			},
			"kongquecb_012_02_": {
				"attachment": [
					{ "time": 0, "name": null },
					{ "time": 0.7666, "name": null },
					{ "time": 0.8, "name": "kongquecb_012_02_" },
					{ "time": 0.8333, "name": "kongquecb_012_02_" },
					{ "time": 0.8666, "name": null }
				]
			},
			"kongquecb_012_02_2": {
				"attachment": [
					{ "time": 0, "name": null },
					{ "time": 0.7666, "name": null },
					{ "time": 0.8, "name": "kongquecb_012_02_" },
					{ "time": 0.8333, "name": "kongquecb_012_02_" },
					{ "time": 0.8666, "name": null }
				]
			},
			"kongquecb_012_03_": {
				"attachment": [
					{ "time": 0, "name": null },
					{ "time": 0.7666, "name": null },
					{ "time": 0.8, "name": "kongquecb_012_03_" },
					{ "time": 0.8333, "name": "kongquecb_012_03_" },
					{ "time": 0.8666, "name": null }
				]
			},
			"kongquecb_012_03_2": {
				"attachment": [
					{ "time": 0, "name": null },
					{ "time": 0.7666, "name": null },
					{ "time": 0.8, "name": "kongquecb_012_03_" },
					{ "time": 0.8333, "name": "kongquecb_012_03_" },
					{ "time": 0.8666, "name": null }
				]
			},
			"kongquecb_013_01_": {
				"attachment": [
					{ "time": 0, "name": null },
					{ "time": 0.8333, "name": null },
					{ "time": 0.8666, "name": "kongquecb_013_01_" },
					{ "time": 0.9, "name": "kongquecb_013_01_" },
					{ "time": 0.9333, "name": null }
				]
			},
			"kongquecb_013_01_2": {
				"attachment": [
					{ "time": 0, "name": null },
					{ "time": 0.8333, "name": null },
					{ "time": 0.8666, "name": "kongquecb_013_01_" },
					{ "time": 0.9, "name": "kongquecb_013_01_" },
					{ "time": 0.9333, "name": null }
				]
			},
			"kongquecb_013_02_": {
				"attachment": [
					{ "time": 0, "name": null },
					{ "time": 0.8333, "name": null },
					{ "time": 0.8666, "name": "kongquecb_013_02_" },
					{ "time": 0.9, "name": "kongquecb_013_02_" },
					{ "time": 0.9333, "name": null }
				]
			},
			"kongquecb_013_02_2": {
				"attachment": [
					{ "time": 0, "name": null },
					{ "time": 0.8333, "name": null },
					{ "time": 0.8666, "name": "kongquecb_013_02_" },
					{ "time": 0.9, "name": "kongquecb_013_02_" },
					{ "time": 0.9333, "name": null }
				]
			},
			"kongquecb_014_01_": {
				"attachment": [
					{ "time": 0, "name": null },
					{ "time": 0.9, "name": null },
					{ "time": 0.9333, "name": "kongquecb_014_01_" },
					{ "time": 0.9666, "name": "kongquecb_014_01_" },
					{ "time": 1, "name": null }
				]
			},
			"kongquecb_014_01_2": {
				"attachment": [
					{ "time": 0, "name": null },
					{ "time": 0.9, "name": null },
					{ "time": 0.9333, "name": "kongquecb_014_01_" },
					{ "time": 0.9666, "name": "kongquecb_014_01_" },
					{ "time": 1, "name": null }
				]
			},
			"kongquecb_014_02_": {
				"attachment": [
					{ "time": 0, "name": null },
					{ "time": 0.9, "name": null },
					{ "time": 0.9333, "name": "kongquecb_014_02_" },
					{ "time": 0.9666, "name": "kongquecb_014_02_" },
					{ "time": 1, "name": null }
				]
			},
			"kongquecb_014_02_2": {
				"attachment": [
					{ "time": 0, "name": null },
					{ "time": 0.9, "name": null },
					{ "time": 0.9333, "name": "kongquecb_014_02_" },
					{ "time": 0.9666, "name": "kongquecb_014_02_" },
					{ "time": 1, "name": null }
				]
			},
			"kongquecb_015_01_": {
				"attachment": [
					{ "time": 0, "name": null },
					{ "time": 0.9666, "name": null },
					{ "time": 1, "name": "kongquecb_015_01_" },
					{ "time": 1.0333, "name": "kongquecb_015_01_" },
					{ "time": 1.0666, "name": null }
				]
			},
			"kongquecb_015_01_2": {
				"attachment": [
					{ "time": 0, "name": null },
					{ "time": 0.9666, "name": null },
					{ "time": 1, "name": "kongquecb_015_01_" },
					{ "time": 1.0333, "name": "kongquecb_015_01_" },
					{ "time": 1.0666, "name": null }
				]
			},
			"kongquecb_015_02_": {
				"attachment": [
					{ "time": 0, "name": null },
					{ "time": 0.9666, "name": null },
					{ "time": 1, "name": "kongquecb_015_02_" },
					{ "time": 1.0333, "name": "kongquecb_015_02_" },
					{ "time": 1.0666, "name": null }
				]
			},
			"kongquecb_015_02_2": {
				"attachment": [
					{ "time": 0, "name": null },
					{ "time": 0.9666, "name": null },
					{ "time": 1, "name": "kongquecb_015_02_" },
					{ "time": 1.0333, "name": "kongquecb_015_02_" },
					{ "time": 1.0666, "name": null }
				]
			},
			"kongquecb_015_03_": {
				"attachment": [
					{ "time": 0, "name": null },
					{ "time": 0.9666, "name": null },
					{ "time": 1, "name": "kongquecb_015_03_" },
					{ "time": 1.0333, "name": "kongquecb_015_03_" },
					{ "time": 1.0666, "name": null }
				]
			},
			"kongquecb_015_03_2": {
				"attachment": [
					{ "time": 0, "name": null },
					{ "time": 0.9666, "name": null },
					{ "time": 1, "name": "kongquecb_015_03_" },
					{ "time": 1.0333, "name": "kongquecb_015_03_" },
					{ "time": 1.0666, "name": null }
				]
			},
			"kongquecb_016_01_": {
				"attachment": [
					{ "time": 0, "name": null },
					{ "time": 1.0333, "name": null },
					{ "time": 1.0666, "name": "kongquecb_016_01_" },
					{ "time": 1.1, "name": "kongquecb_016_01_" },
					{ "time": 1.1333, "name": null }
				]
			},
			"kongquecb_016_01_2": {
				"attachment": [
					{ "time": 0, "name": null },
					{ "time": 1.0333, "name": null },
					{ "time": 1.0666, "name": "kongquecb_016_01_" },
					{ "time": 1.1, "name": "kongquecb_016_01_" },
					{ "time": 1.1333, "name": null }
				]
			},
			"kongquecb_016_02_": {
				"attachment": [
					{ "time": 0, "name": null },
					{ "time": 1.0333, "name": null },
					{ "time": 1.0666, "name": "kongquecb_016_02_" },
					{ "time": 1.1, "name": "kongquecb_016_02_" },
					{ "time": 1.1333, "name": null }
				]
			},
			"kongquecb_016_02_2": {
				"attachment": [
					{ "time": 0, "name": null },
					{ "time": 1.0333, "name": null },
					{ "time": 1.0666, "name": "kongquecb_016_02_" },
					{ "time": 1.1, "name": "kongquecb_016_02_" },
					{ "time": 1.1333, "name": null }
				]
			},
			"kongquecb_016_03_": {
				"attachment": [
					{ "time": 0, "name": null },
					{ "time": 1.0333, "name": null },
					{ "time": 1.0666, "name": "kongquecb_016_03_" },
					{ "time": 1.1, "name": "kongquecb_016_03_" },
					{ "time": 1.1333, "name": null }
				]
			},
			"kongquecb_016_03_2": {
				"attachment": [
					{ "time": 0, "name": null },
					{ "time": 1.0333, "name": null },
					{ "time": 1.0666, "name": "kongquecb_016_03_" },
					{ "time": 1.1, "name": "kongquecb_016_03_" },
					{ "time": 1.1333, "name": null }
				]
			},
			"kongquecb_016_04_": {
				"attachment": [
					{ "time": 0, "name": null },
					{ "time": 1.0333, "name": null },
					{ "time": 1.0666, "name": "kongquecb_016_04_" },
					{ "time": 1.1, "name": "kongquecb_016_04_" },
					{ "time": 1.1333, "name": null }
				]
			},
			"kongquecb_016_04_2": {
				"attachment": [
					{ "time": 0, "name": null },
					{ "time": 1.0333, "name": null },
					{ "time": 1.0666, "name": "kongquecb_016_04_" },
					{ "time": 1.1, "name": "kongquecb_016_04_" },
					{ "time": 1.1333, "name": null }
				]
			},
			"kongquecb_017_01_": {
				"attachment": [
					{ "time": 0, "name": null },
					{ "time": 1.1, "name": null },
					{ "time": 1.1333, "name": "kongquecb_017_01_" },
					{ "time": 1.1666, "name": "kongquecb_017_01_" },
					{ "time": 1.2, "name": null }
				]
			},
			"kongquecb_017_01_2": {
				"attachment": [
					{ "time": 0, "name": null },
					{ "time": 1.1, "name": null },
					{ "time": 1.1333, "name": "kongquecb_017_01_" },
					{ "time": 1.1666, "name": "kongquecb_017_01_" },
					{ "time": 1.2, "name": null }
				]
			},
			"kongquecb_017_02_": {
				"attachment": [
					{ "time": 0, "name": null },
					{ "time": 1.1, "name": null },
					{ "time": 1.1333, "name": "kongquecb_017_02_" },
					{ "time": 1.1666, "name": "kongquecb_017_02_" },
					{ "time": 1.2, "name": null }
				]
			},
			"kongquecb_017_02_2": {
				"attachment": [
					{ "time": 0, "name": null },
					{ "time": 1.1, "name": null },
					{ "time": 1.1333, "name": "kongquecb_017_02_" },
					{ "time": 1.1666, "name": "kongquecb_017_02_" },
					{ "time": 1.2, "name": null }
				]
			},
			"kongquecb_018_01_": {
				"attachment": [
					{ "time": 0, "name": null },
					{ "time": 1.1666, "name": null },
					{ "time": 1.2, "name": "kongquecb_018_01_" },
					{ "time": 1.2333, "name": "kongquecb_018_01_" },
					{ "time": 1.2666, "name": null }
				]
			},
			"kongquecb_018_01_2": {
				"attachment": [
					{ "time": 0, "name": null },
					{ "time": 1.1666, "name": null },
					{ "time": 1.2, "name": "kongquecb_018_01_" },
					{ "time": 1.2333, "name": "kongquecb_018_01_" },
					{ "time": 1.2666, "name": null }
				]
			},
			"kongquecb_018_02_": {
				"attachment": [
					{ "time": 0, "name": null },
					{ "time": 1.1666, "name": null },
					{ "time": 1.2, "name": "kongquecb_018_02_" },
					{ "time": 1.2333, "name": "kongquecb_018_02_" },
					{ "time": 1.2666, "name": null }
				]
			},
			"kongquecb_018_02_2": {
				"attachment": [
					{ "time": 0, "name": null },
					{ "time": 1.1666, "name": null },
					{ "time": 1.2, "name": "kongquecb_018_02_" },
					{ "time": 1.2333, "name": "kongquecb_018_02_" },
					{ "time": 1.2666, "name": null }
				]
			},
			"kongquecb_018_03_": {
				"attachment": [
					{ "time": 0, "name": null },
					{ "time": 1.1666, "name": null },
					{ "time": 1.2, "name": "kongquecb_018_03_" },
					{ "time": 1.2333, "name": "kongquecb_018_03_" },
					{ "time": 1.2666, "name": null }
				]
			},
			"kongquecb_018_03_2": {
				"attachment": [
					{ "time": 0, "name": null },
					{ "time": 1.1666, "name": null },
					{ "time": 1.2, "name": "kongquecb_018_03_" },
					{ "time": 1.2333, "name": "kongquecb_018_03_" },
					{ "time": 1.2666, "name": null }
				]
			},
			"kongquecb_018_04_": {
				"attachment": [
					{ "time": 0, "name": null },
					{ "time": 1.1666, "name": null },
					{ "time": 1.2, "name": "kongquecb_018_04_" },
					{ "time": 1.2333, "name": "kongquecb_018_04_" },
					{ "time": 1.2666, "name": null }
				]
			},
			"kongquecb_018_04_2": {
				"attachment": [
					{ "time": 0, "name": null },
					{ "time": 1.1666, "name": null },
					{ "time": 1.2, "name": "kongquecb_018_04_" },
					{ "time": 1.2333, "name": "kongquecb_018_04_" },
					{ "time": 1.2666, "name": null }
				]
			},
			"kongquecb_019_01_": {
				"attachment": [
					{ "time": 0, "name": null },
					{ "time": 1.2333, "name": null },
					{ "time": 1.2666, "name": "kongquecb_019_01_" },
					{ "time": 1.3, "name": "kongquecb_019_01_" },
					{ "time": 1.3333, "name": null }
				]
			},
			"kongquecb_019_01_2": {
				"attachment": [
					{ "time": 0, "name": null },
					{ "time": 1.2333, "name": null },
					{ "time": 1.2666, "name": "kongquecb_019_01_" },
					{ "time": 1.3, "name": "kongquecb_019_01_" },
					{ "time": 1.3333, "name": null }
				]
			},
			"kongquecb_019_02_": {
				"attachment": [
					{ "time": 0, "name": null },
					{ "time": 1.2333, "name": null },
					{ "time": 1.2666, "name": "kongquecb_019_02_" },
					{ "time": 1.3, "name": "kongquecb_019_02_" },
					{ "time": 1.3333, "name": null }
				]
			},
			"kongquecb_019_02_2": {
				"attachment": [
					{ "time": 0, "name": null },
					{ "time": 1.2333, "name": null },
					{ "time": 1.2666, "name": "kongquecb_019_02_" },
					{ "time": 1.3, "name": "kongquecb_019_02_" },
					{ "time": 1.3333, "name": null }
				]
			},
			"kongquecb_019_03_": {
				"attachment": [
					{ "time": 0, "name": null },
					{ "time": 1.2333, "name": null },
					{ "time": 1.2666, "name": "kongquecb_019_03_" },
					{ "time": 1.3, "name": "kongquecb_019_03_" },
					{ "time": 1.3333, "name": null }
				]
			},
			"kongquecb_019_03_2": {
				"attachment": [
					{ "time": 0, "name": null },
					{ "time": 1.2333, "name": null },
					{ "time": 1.2666, "name": "kongquecb_019_03_" },
					{ "time": 1.3, "name": "kongquecb_019_03_" },
					{ "time": 1.3333, "name": null }
				]
			},
			"kongquecb_019_04_": {
				"attachment": [
					{ "time": 0, "name": null },
					{ "time": 1.2333, "name": null },
					{ "time": 1.2666, "name": "kongquecb_019_04_" },
					{ "time": 1.3, "name": "kongquecb_019_04_" },
					{ "time": 1.3333, "name": null }
				]
			},
			"kongquecb_019_04_2": {
				"attachment": [
					{ "time": 0, "name": null },
					{ "time": 1.2333, "name": null },
					{ "time": 1.2666, "name": "kongquecb_019_04_" },
					{ "time": 1.3, "name": "kongquecb_019_04_" },
					{ "time": 1.3333, "name": null }
				]
			},
			"kongquecb_020_01_": {
				"attachment": [
					{ "time": 0, "name": null },
					{ "time": 1.3, "name": null },
					{ "time": 1.3333, "name": "kongquecb_020_01_" },
					{ "time": 1.3666, "name": "kongquecb_020_01_" },
					{ "time": 1.4, "name": null }
				]
			},
			"kongquecb_020_01_2": {
				"attachment": [
					{ "time": 0, "name": null },
					{ "time": 1.3, "name": null },
					{ "time": 1.3333, "name": "kongquecb_020_01_" },
					{ "time": 1.3666, "name": "kongquecb_020_01_" },
					{ "time": 1.4, "name": null }
				]
			},
			"kongquecb_020_02_": {
				"attachment": [
					{ "time": 0, "name": null },
					{ "time": 1.3, "name": null },
					{ "time": 1.3333, "name": "kongquecb_020_02_" },
					{ "time": 1.3666, "name": "kongquecb_020_02_" },
					{ "time": 1.4, "name": null }
				]
			},
			"kongquecb_020_02_2": {
				"attachment": [
					{ "time": 0, "name": null },
					{ "time": 1.3, "name": null },
					{ "time": 1.3333, "name": "kongquecb_020_02_" },
					{ "time": 1.3666, "name": "kongquecb_020_02_" },
					{ "time": 1.4, "name": null }
				]
			},
			"kongquecb_020_03_": {
				"attachment": [
					{ "time": 0, "name": null },
					{ "time": 1.3, "name": null },
					{ "time": 1.3333, "name": "kongquecb_020_03_" },
					{ "time": 1.3666, "name": "kongquecb_020_03_" },
					{ "time": 1.4, "name": null }
				]
			},
			"kongquecb_020_03_2": {
				"attachment": [
					{ "time": 0, "name": null },
					{ "time": 1.3, "name": null },
					{ "time": 1.3333, "name": "kongquecb_020_03_" },
					{ "time": 1.3666, "name": "kongquecb_020_03_" },
					{ "time": 1.4, "name": null }
				]
			},
			"kongquecb_020_04_": {
				"attachment": [
					{ "time": 0, "name": null },
					{ "time": 1.3, "name": null },
					{ "time": 1.3333, "name": "kongquecb_020_04_" },
					{ "time": 1.3666, "name": "kongquecb_020_04_" },
					{ "time": 1.4, "name": null }
				]
			},
			"kongquecb_020_04_2": {
				"attachment": [
					{ "time": 0, "name": null },
					{ "time": 1.3, "name": null },
					{ "time": 1.3333, "name": "kongquecb_020_04_" },
					{ "time": 1.3666, "name": "kongquecb_020_04_" },
					{ "time": 1.4, "name": null }
				]
			},
			"kongquecb_021_01_": {
				"attachment": [
					{ "time": 0, "name": null },
					{ "time": 1.3666, "name": null },
					{ "time": 1.4, "name": "kongquecb_021_01_" },
					{ "time": 1.4333, "name": "kongquecb_021_01_" },
					{ "time": 1.4666, "name": null }
				]
			},
			"kongquecb_021_01_2": {
				"attachment": [
					{ "time": 0, "name": null },
					{ "time": 1.3666, "name": null },
					{ "time": 1.4, "name": "kongquecb_021_01_" },
					{ "time": 1.4333, "name": "kongquecb_021_01_" },
					{ "time": 1.4666, "name": null }
				]
			},
			"kongquecb_021_02_": {
				"attachment": [
					{ "time": 0, "name": null },
					{ "time": 1.3666, "name": null },
					{ "time": 1.4, "name": "kongquecb_021_02_" },
					{ "time": 1.4333, "name": "kongquecb_021_02_" },
					{ "time": 1.4666, "name": null }
				]
			},
			"kongquecb_021_02_2": {
				"attachment": [
					{ "time": 0, "name": null },
					{ "time": 1.3666, "name": null },
					{ "time": 1.4, "name": "kongquecb_021_02_" },
					{ "time": 1.4333, "name": "kongquecb_021_02_" },
					{ "time": 1.4666, "name": null }
				]
			},
			"kongquecb_021_03_": {
				"attachment": [
					{ "time": 0, "name": null },
					{ "time": 1.3666, "name": null },
					{ "time": 1.4, "name": "kongquecb_021_03_" },
					{ "time": 1.4333, "name": "kongquecb_021_03_" },
					{ "time": 1.4666, "name": null }
				]
			},
			"kongquecb_021_03_2": {
				"attachment": [
					{ "time": 0, "name": null },
					{ "time": 1.3666, "name": null },
					{ "time": 1.4, "name": "kongquecb_021_03_" },
					{ "time": 1.4333, "name": "kongquecb_021_03_" },
					{ "time": 1.4666, "name": null }
				]
			},
			"kongquecb_022_01_": {
				"attachment": [
					{ "time": 0, "name": null },
					{ "time": 1.4333, "name": null },
					{ "time": 1.4666, "name": "kongquecb_022_01_" },
					{ "time": 1.5, "name": "kongquecb_022_01_" },
					{ "time": 1.5333, "name": null }
				]
			},
			"kongquecb_022_01_2": {
				"attachment": [
					{ "time": 0, "name": null },
					{ "time": 1.4333, "name": null },
					{ "time": 1.4666, "name": "kongquecb_022_01_" },
					{ "time": 1.5, "name": "kongquecb_022_01_" },
					{ "time": 1.5333, "name": null }
				]
			},
			"kongquecb_022_02_": {
				"attachment": [
					{ "time": 0, "name": null },
					{ "time": 1.4333, "name": null },
					{ "time": 1.4666, "name": "kongquecb_022_02_" },
					{ "time": 1.5, "name": "kongquecb_022_02_" },
					{ "time": 1.5333, "name": null }
				]
			},
			"kongquecb_022_02_2": {
				"attachment": [
					{ "time": 0, "name": null },
					{ "time": 1.4333, "name": null },
					{ "time": 1.4666, "name": "kongquecb_022_02_" },
					{ "time": 1.5, "name": "kongquecb_022_02_" },
					{ "time": 1.5333, "name": null }
				]
			},
			"kongquecb_022_03_": {
				"attachment": [
					{ "time": 0, "name": null },
					{ "time": 1.4333, "name": null },
					{ "time": 1.4666, "name": "kongquecb_022_03_" },
					{ "time": 1.5, "name": "kongquecb_022_03_" },
					{ "time": 1.5333, "name": null }
				]
			},
			"kongquecb_022_03_2": {
				"attachment": [
					{ "time": 0, "name": null },
					{ "time": 1.4333, "name": null },
					{ "time": 1.4666, "name": "kongquecb_022_03_" },
					{ "time": 1.5, "name": "kongquecb_022_03_" },
					{ "time": 1.5333, "name": null }
				]
			},
			"kongquecb_022_04_": {
				"attachment": [
					{ "time": 0, "name": null },
					{ "time": 1.4333, "name": null },
					{ "time": 1.4666, "name": "kongquecb_022_04_" },
					{ "time": 1.5, "name": "kongquecb_022_04_" },
					{ "time": 1.5333, "name": null }
				]
			},
			"kongquecb_022_04_2": {
				"attachment": [
					{ "time": 0, "name": null },
					{ "time": 1.4333, "name": null },
					{ "time": 1.4666, "name": "kongquecb_022_04_" },
					{ "time": 1.5, "name": "kongquecb_022_04_" },
					{ "time": 1.5333, "name": null }
				]
			},
			"kongquecb_023_01_": {
				"attachment": [
					{ "time": 0, "name": null },
					{ "time": 1.5, "name": null },
					{ "time": 1.5333, "name": "kongquecb_023_01_" },
					{ "time": 1.5666, "name": "kongquecb_023_01_" },
					{ "time": 1.6, "name": null }
				]
			},
			"kongquecb_023_01_2": {
				"attachment": [
					{ "time": 0, "name": null },
					{ "time": 1.5, "name": null },
					{ "time": 1.5333, "name": "kongquecb_023_01_" },
					{ "time": 1.5666, "name": "kongquecb_023_01_" },
					{ "time": 1.6, "name": null }
				]
			},
			"kongquecb_023_02_": {
				"attachment": [
					{ "time": 0, "name": null },
					{ "time": 1.5, "name": null },
					{ "time": 1.5333, "name": "kongquecb_023_02_" },
					{ "time": 1.5666, "name": "kongquecb_023_02_" },
					{ "time": 1.6, "name": null }
				]
			},
			"kongquecb_023_02_2": {
				"attachment": [
					{ "time": 0, "name": null },
					{ "time": 1.5, "name": null },
					{ "time": 1.5333, "name": "kongquecb_023_02_" },
					{ "time": 1.5666, "name": "kongquecb_023_02_" },
					{ "time": 1.6, "name": null }
				]
			},
			"kongquecb_023_03_": {
				"attachment": [
					{ "time": 0, "name": null },
					{ "time": 1.5, "name": null },
					{ "time": 1.5333, "name": "kongquecb_023_03_" },
					{ "time": 1.5666, "name": "kongquecb_023_03_" },
					{ "time": 1.6, "name": null }
				]
			},
			"kongquecb_023_03_2": {
				"attachment": [
					{ "time": 0, "name": null },
					{ "time": 1.5, "name": null },
					{ "time": 1.5333, "name": "kongquecb_023_03_" },
					{ "time": 1.5666, "name": "kongquecb_023_03_" },
					{ "time": 1.6, "name": null }
				]
			},
			"kongquecb_023_04_": {
				"attachment": [
					{ "time": 0, "name": null },
					{ "time": 1.5, "name": null },
					{ "time": 1.5333, "name": "kongquecb_023_04_" },
					{ "time": 1.5666, "name": "kongquecb_023_04_" },
					{ "time": 1.6, "name": null }
				]
			},
			"kongquecb_023_04_2": {
				"attachment": [
					{ "time": 0, "name": null },
					{ "time": 1.5, "name": null },
					{ "time": 1.5333, "name": "kongquecb_023_04_" },
					{ "time": 1.5666, "name": "kongquecb_023_04_" },
					{ "time": 1.6, "name": null }
				]
			}
		}
	}
}
}