{
"skeleton": { "hash": "0o2abHv+tlh98B1QgsGuKryHf8Q", "spine": "3.7.94", "width": 252, "height": 205.42, "images": "./images/", "audio": "F:/COK项目/Spine工程/ICON—社区铭牌头像框Spine/社区铭牌Spine/images" },
"bones": [
	{ "name": "root" },
	{ "name": "long_glow_", "parent": "root" },
	{ "name": "骨骼2", "parent": "root" },
	{ "name": "骨骼3", "parent": "root" }
],
"slots": [
	{ "name": "diban_", "bone": "root", "attachment": "diban_" },
	{ "name": "long_", "bone": "root", "attachment": "long_" },
	{ "name": "fire01_", "bone": "root", "attachment": "fire01_" },
	{ "name": "glow_", "bone": "root", "attachment": "glow_", "blend": "additive" },
	{ "name": "lianzi_", "bone": "root", "attachment": "lianzi_" },
	{ "name": "star07_", "bone": "root", "attachment": "star07_", "blend": "additive" },
	{ "name": "star06_", "bone": "root", "attachment": "star06_", "blend": "additive" },
	{ "name": "star05_", "bone": "root", "attachment": "star05_", "blend": "additive" },
	{ "name": "star04_", "bone": "root", "attachment": "star04_", "blend": "additive" },
	{ "name": "star03_", "bone": "root", "attachment": "star03_", "blend": "additive" },
	{ "name": "star02_", "bone": "root", "attachment": "star02_", "blend": "additive" },
	{ "name": "star01_", "bone": "root", "attachment": "star01_", "blend": "additive" },
	{ "name": "long_glow_", "bone": "long_glow_", "attachment": "long_glow_", "blend": "additive" }
],
"skins": {
	"default": {
		"diban_": {
			"diban_": { "x": 1.39, "y": 19.27, "width": 239, "height": 141 }
		},
		"fire01_": {
			"fire01_": { "x": -7.11, "y": 67.27, "width": 171, "height": 74 }
		},
		"glow_": {
			"glow_": { "x": -4.11, "y": 19.27, "width": 234, "height": 141 }
		},
		"lianzi_": {
			"lianzi_": { "x": 1.39, "y": -11.73, "width": 219, "height": 66 }
		},
		"long_": {
			"long_": { "x": 5.39, "y": 55.77, "width": 95, "height": 89 }
		},
		"long_glow_": {
			"long_glow_": { "width": 252, "height": 179 }
		},
		"star01_": {
			"star01_": { "x": -26.73, "y": 80.53, "width": 52, "height": 39 }
		},
		"star02_": {
			"star02_": { "x": 101.27, "y": 3.52, "width": 46, "height": 39 }
		},
		"star03_": {
			"star03_": { "x": -79.31, "y": -18.06, "width": 56, "height": 41 }
		},
		"star04_": {
			"star04_": { "x": 1.7, "y": -37.93, "width": 53, "height": 48 }
		},
		"star05_": {
			"star05_": { "x": -69.39, "y": 27.64, "width": 60, "height": 54 }
		},
		"star06_": {
			"star06_": { "x": 41.13, "y": 85.92, "width": 86, "height": 60 }
		},
		"star07_": {
			"star07_": { "x": 37.69, "y": 41.15, "width": 50, "height": 44 }
		}
	}
},
"animations": {
	"animation": {
		"slots": {
			"long_glow_": {
				"color": [
					{
						"time": 0,
						"color": "ffffff00",
						"curve": [ 0.25, 0, 0.75, 1 ]
					},
					{
						"time": 1,
						"color": "ffffff95",
						"curve": [ 0.25, 0, 0.75, 1 ]
					},
					{ "time": 2, "color": "ffffff00" }
				]
			},
			"star01_": {
				"color": [
					{ "time": 0, "color": "ffffffff" },
					{ "time": 0.0667, "color": "ffffff29" },
					{ "time": 0.1667, "color": "ffffffff" },
					{ "time": 0.2333, "color": "ffffff80" },
					{ "time": 0.3333, "color": "ffffffce" },
					{ "time": 0.3667, "color": "ffffffff" },
					{ "time": 0.4667, "color": "ffffff00" },
					{ "time": 0.5, "color": "ffffffff" },
					{ "time": 0.5333, "color": "ffffffce" },
					{ "time": 0.6, "color": "ffffffff" },
					{ "time": 0.7, "color": "ffffff6b" },
					{ "time": 0.7667, "color": "ffffffe4" },
					{ "time": 0.8333, "color": "ffffffff" },
					{ "time": 0.9, "color": "ffffff24" },
					{ "time": 0.9667, "color": "ffffffd4" },
					{ "time": 1.0333, "color": "ffffffff" },
					{ "time": 1.1, "color": "ffffff00" },
					{ "time": 1.1667, "color": "ffffffff" },
					{ "time": 1.2333, "color": "ffffff57" },
					{ "time": 1.3, "color": "ffffffed" },
					{ "time": 1.4, "color": "ffffffab" },
					{ "time": 1.5, "color": "ffffff7a" },
					{ "time": 1.5667, "color": "ffffffff" },
					{ "time": 1.6667, "color": "ffffff00" },
					{ "time": 1.7333, "color": "ffffffd9" },
					{ "time": 1.7667, "color": "ffffffff" },
					{ "time": 1.8667, "color": "ffffffb9" },
					{ "time": 1.9333, "color": "ffffff84" },
					{ "time": 2, "color": "ffffffff" }
				]
			},
			"star02_": {
				"color": [
					{ "time": 0, "color": "ffffff6d" },
					{ "time": 0.0333, "color": "ffffffd9" },
					{ "time": 0.0667, "color": "ffffffff" },
					{ "time": 0.1667, "color": "ffffffb9" },
					{ "time": 0.2333, "color": "ffffff84" },
					{ "time": 0.3, "color": "ffffffff" },
					{ "time": 0.3667, "color": "ffffff29" },
					{ "time": 0.4667, "color": "ffffffff" },
					{ "time": 0.5333, "color": "ffffff80" },
					{ "time": 0.6333, "color": "ffffffce" },
					{ "time": 0.6667, "color": "ffffffff" },
					{ "time": 0.7667, "color": "ffffff00" },
					{ "time": 0.8, "color": "ffffffff" },
					{ "time": 0.8333, "color": "ffffffce" },
					{ "time": 0.9, "color": "ffffffff" },
					{ "time": 1, "color": "ffffff6b" },
					{ "time": 1.0667, "color": "ffffffe4" },
					{ "time": 1.1333, "color": "ffffffff" },
					{ "time": 1.2, "color": "ffffff24" },
					{ "time": 1.2667, "color": "ffffffd4" },
					{ "time": 1.3333, "color": "ffffffff" },
					{ "time": 1.4, "color": "ffffff00" },
					{ "time": 1.4667, "color": "ffffffff" },
					{ "time": 1.5333, "color": "ffffff57" },
					{ "time": 1.6, "color": "ffffffed" },
					{ "time": 1.7, "color": "ffffffab" },
					{ "time": 1.8, "color": "ffffff7a" },
					{ "time": 1.8667, "color": "ffffffff" },
					{ "time": 1.9667, "color": "ffffff00" },
					{ "time": 2, "color": "ffffff6d" }
				]
			},
			"star03_": {
				"color": [
					{ "time": 0, "color": "ffffff7f" },
					{ "time": 0.0333, "color": "ffffffff" },
					{ "time": 0.1, "color": "ffffff57" },
					{ "time": 0.1667, "color": "ffffffed" },
					{ "time": 0.2667, "color": "ffffffab" },
					{ "time": 0.3667, "color": "ffffff7a" },
					{ "time": 0.4333, "color": "ffffffff" },
					{ "time": 0.5333, "color": "ffffff00" },
					{ "time": 0.5667, "color": "ffffff6d" },
					{ "time": 0.6, "color": "ffffffd9" },
					{ "time": 0.6333, "color": "ffffffff" },
					{ "time": 0.7333, "color": "ffffffb9" },
					{ "time": 0.8, "color": "ffffff84" },
					{ "time": 0.8667, "color": "ffffffff" },
					{ "time": 0.9333, "color": "ffffff29" },
					{ "time": 1.0333, "color": "ffffffff" },
					{ "time": 1.1, "color": "ffffff80" },
					{ "time": 1.2, "color": "ffffffce" },
					{ "time": 1.2333, "color": "ffffffff" },
					{ "time": 1.3333, "color": "ffffff00" },
					{ "time": 1.3667, "color": "ffffffff" },
					{ "time": 1.4, "color": "ffffffce" },
					{ "time": 1.4667, "color": "ffffffff" },
					{ "time": 1.5667, "color": "ffffff6b" },
					{ "time": 1.6333, "color": "ffffffe4" },
					{ "time": 1.7, "color": "ffffffff" },
					{ "time": 1.7667, "color": "ffffff24" },
					{ "time": 1.8333, "color": "ffffffd4" },
					{ "time": 1.9, "color": "ffffffff" },
					{ "time": 1.9667, "color": "ffffff00" },
					{ "time": 2, "color": "ffffff7f" }
				]
			},
			"star04_": {
				"color": [
					{ "time": 0, "color": "ffffffb9" },
					{ "time": 0.0667, "color": "ffffff84" },
					{ "time": 0.1333, "color": "ffffffff" },
					{ "time": 0.2, "color": "ffffff29" },
					{ "time": 0.3, "color": "ffffffff" },
					{ "time": 0.3667, "color": "ffffff80" },
					{ "time": 0.4667, "color": "ffffffce" },
					{ "time": 0.5, "color": "ffffffff" },
					{ "time": 0.6, "color": "ffffff00" },
					{ "time": 0.6333, "color": "ffffffff" },
					{ "time": 0.6667, "color": "ffffffce" },
					{ "time": 0.7333, "color": "ffffffff" },
					{ "time": 0.8333, "color": "ffffff6b" },
					{ "time": 0.9, "color": "ffffffe4" },
					{ "time": 0.9667, "color": "ffffffff" },
					{ "time": 1.0333, "color": "ffffff24" },
					{ "time": 1.1, "color": "ffffffd4" },
					{ "time": 1.1667, "color": "ffffffff" },
					{ "time": 1.2333, "color": "ffffff00" },
					{ "time": 1.2667, "color": "ffffff7f" },
					{ "time": 1.3, "color": "ffffffff" },
					{ "time": 1.3667, "color": "ffffff57" },
					{ "time": 1.4333, "color": "ffffffed" },
					{ "time": 1.5333, "color": "ffffffab" },
					{ "time": 1.6333, "color": "ffffff7a" },
					{ "time": 1.7, "color": "ffffffff" },
					{ "time": 1.8, "color": "ffffff00" },
					{ "time": 1.8333, "color": "ffffff6d" },
					{ "time": 1.8667, "color": "ffffffd9" },
					{ "time": 1.9, "color": "ffffffff" },
					{ "time": 2, "color": "ffffffb9" }
				]
			},
			"star05_": {
				"color": [
					{ "time": 0, "color": "ffffffb7" },
					{ "time": 0.0333, "color": "ffffffff" },
					{ "time": 0.1, "color": "ffffff80" },
					{ "time": 0.2, "color": "ffffffce" },
					{ "time": 0.2333, "color": "ffffffff" },
					{ "time": 0.3333, "color": "ffffff00" },
					{ "time": 0.3667, "color": "ffffffff" },
					{ "time": 0.4, "color": "ffffffce" },
					{ "time": 0.4667, "color": "ffffffff" },
					{ "time": 0.5667, "color": "ffffff6b" },
					{ "time": 0.6333, "color": "ffffffe4" },
					{ "time": 0.7, "color": "ffffffff" },
					{ "time": 0.7667, "color": "ffffff24" },
					{ "time": 0.8333, "color": "ffffffd4" },
					{ "time": 0.9, "color": "ffffffff" },
					{ "time": 0.9667, "color": "ffffff00" },
					{ "time": 1, "color": "ffffff7f" },
					{ "time": 1.0333, "color": "ffffffff" },
					{ "time": 1.1, "color": "ffffff57" },
					{ "time": 1.1667, "color": "ffffffed" },
					{ "time": 1.2667, "color": "ffffffab" },
					{ "time": 1.3667, "color": "ffffff7a" },
					{ "time": 1.4333, "color": "ffffffff" },
					{ "time": 1.5333, "color": "ffffff00" },
					{ "time": 1.5667, "color": "ffffff6d" },
					{ "time": 1.6, "color": "ffffffd9" },
					{ "time": 1.6333, "color": "ffffffff" },
					{ "time": 1.7333, "color": "ffffffb9" },
					{ "time": 1.8, "color": "ffffff84" },
					{ "time": 1.8667, "color": "ffffffff" },
					{ "time": 1.9333, "color": "ffffff29" },
					{ "time": 2, "color": "ffffffb7" }
				]
			},
			"star06_": {
				"color": [
					{ "time": 0, "color": "ffffffb9" },
					{ "time": 0.0667, "color": "ffffff84" },
					{ "time": 0.1333, "color": "ffffffff" },
					{ "time": 0.2, "color": "ffffff29" },
					{ "time": 0.2667, "color": "ffffffb7" },
					{ "time": 0.3, "color": "ffffffff" },
					{ "time": 0.3667, "color": "ffffff80" },
					{ "time": 0.4667, "color": "ffffffce" },
					{ "time": 0.5, "color": "ffffffff" },
					{ "time": 0.6, "color": "ffffff00" },
					{ "time": 0.6333, "color": "ffffffff" },
					{ "time": 0.6667, "color": "ffffffce" },
					{ "time": 0.7333, "color": "ffffffff" },
					{ "time": 0.8333, "color": "ffffff6b" },
					{ "time": 0.9, "color": "ffffffe4" },
					{ "time": 0.9667, "color": "ffffffff" },
					{ "time": 1.0333, "color": "ffffff24" },
					{ "time": 1.1, "color": "ffffffd4" },
					{ "time": 1.1667, "color": "ffffffff" },
					{ "time": 1.2333, "color": "ffffff00" },
					{ "time": 1.2667, "color": "ffffff7f" },
					{ "time": 1.3, "color": "ffffffff" },
					{ "time": 1.3667, "color": "ffffff57" },
					{ "time": 1.4333, "color": "ffffffed" },
					{ "time": 1.5333, "color": "ffffffab" },
					{ "time": 1.6333, "color": "ffffff7a" },
					{ "time": 1.7, "color": "ffffffff" },
					{ "time": 1.8, "color": "ffffff00" },
					{ "time": 1.8333, "color": "ffffff6d" },
					{ "time": 1.8667, "color": "ffffffd9" },
					{ "time": 1.9, "color": "ffffffff" },
					{ "time": 2, "color": "ffffffb9" }
				]
			},
			"star07_": {
				"color": [
					{ "time": 0, "color": "ffffffce" },
					{ "time": 0.0667, "color": "ffffffff" },
					{ "time": 0.1667, "color": "ffffff6b" },
					{ "time": 0.2333, "color": "ffffffe4" },
					{ "time": 0.3, "color": "ffffffff" },
					{ "time": 0.3667, "color": "ffffff24" },
					{ "time": 0.4333, "color": "ffffffd4" },
					{ "time": 0.5, "color": "ffffffff" },
					{ "time": 0.5667, "color": "ffffff00" },
					{ "time": 0.6, "color": "ffffff7f" },
					{ "time": 0.6333, "color": "ffffffff" },
					{ "time": 0.7, "color": "ffffff57" },
					{ "time": 0.7667, "color": "ffffffed" },
					{ "time": 0.8667, "color": "ffffffab" },
					{ "time": 0.9667, "color": "ffffff7a" },
					{ "time": 1.0333, "color": "ffffffff" },
					{ "time": 1.1333, "color": "ffffff00" },
					{ "time": 1.1667, "color": "ffffff6d" },
					{ "time": 1.2, "color": "ffffffd9" },
					{ "time": 1.2333, "color": "ffffffff" },
					{ "time": 1.3333, "color": "ffffffb9" },
					{ "time": 1.4, "color": "ffffff84" },
					{ "time": 1.4667, "color": "ffffffff" },
					{ "time": 1.5333, "color": "ffffff29" },
					{ "time": 1.6, "color": "ffffffb7" },
					{ "time": 1.6333, "color": "ffffffff" },
					{ "time": 1.7, "color": "ffffff80" },
					{ "time": 1.8, "color": "ffffffce" },
					{ "time": 1.8333, "color": "ffffffff" },
					{ "time": 1.9333, "color": "ffffff00" },
					{ "time": 1.9667, "color": "ffffffff" },
					{ "time": 2, "color": "ffffffce" }
				]
			}
		},
		"bones": {
			"long_glow_": {
				"translate": [
					{ "time": 0, "x": 0.59, "y": 18.23 }
				]
			}
		}
	}
}
}