{
"skeleton": { "hash": "XbIpphZKK3uQSYXqMMJQ04qjRhs", "spine": "3.7.94", "width": 0, "height": 0, "images": "./images/", "audio": "F:/COK项目/Spine工程/外包皮肤—2个颜色水螳螂Spine/水螳螂—紫色/待机休闲紫色_group/stl_idle_purple_A" },
"bones": [
	{ "name": "root" },
	{ "name": "ctr", "parent": "root", "scaleX": 1.25, "scaleY": 1.25 },
	{ "name": "stlidlepurple_UL_", "parent": "ctr" },
	{ "name": "stlidlepurple_UR_", "parent": "ctr" },
	{ "name": "stlidlepurple_DL_", "parent": "ctr" },
	{ "name": "stlidlepurple_DR_", "parent": "ctr" }
],
"slots": [
	{ "name": "stlidlepurple_UL_", "bone": "stlidlepurple_UL_" },
	{ "name": "stlidlepurple_UR_", "bone": "stlidlepurple_UR_" },
	{ "name": "stlidlepurple_DL_", "bone": "stlidlepurple_DL_" },
	{ "name": "stlidlepurple_DR_", "bone": "stlidlepurple_DR_" }
],
"skins": {
	"default": {
		"stlidlepurple_DL_": {
			"stlidlepurple_DL_0000_": { "x": -195.5, "y": -240, "width": 391, "height": 480 },
			"stlidlepurple_DL_0003_": { "x": -195.5, "y": -240, "width": 391, "height": 480 },
			"stlidlepurple_DL_0006_": { "x": -195.5, "y": -240, "width": 391, "height": 480 },
			"stlidlepurple_DL_0009_": { "x": -195.5, "y": -240, "width": 391, "height": 480 },
			"stlidlepurple_DL_0012_": { "x": -195.5, "y": -240, "width": 391, "height": 480 },
			"stlidlepurple_DL_0015_": { "x": -195.5, "y": -240, "width": 391, "height": 480 },
			"stlidlepurple_DL_0018_": { "x": -195.5, "y": -240, "width": 391, "height": 480 },
			"stlidlepurple_DL_0021_": { "x": -195.5, "y": -240, "width": 391, "height": 480 },
			"stlidlepurple_DL_0024_": { "x": -195.5, "y": -240, "width": 391, "height": 480 },
			"stlidlepurple_DL_0027_": { "x": -195.5, "y": -240, "width": 391, "height": 480 },
			"stlidlepurple_DL_0030_": { "x": -195.5, "y": -240, "width": 391, "height": 480 },
			"stlidlepurple_DL_0033_": { "x": -195.5, "y": -240, "width": 391, "height": 480 },
			"stlidlepurple_DL_0036_": { "x": -195.5, "y": -240, "width": 391, "height": 480 },
			"stlidlepurple_DL_0039_": { "x": -195.5, "y": -240, "width": 391, "height": 480 },
			"stlidlepurple_DL_0042_": { "x": -195.5, "y": -240, "width": 391, "height": 480 },
			"stlidlepurple_DL_0045_": { "x": -195.5, "y": -240, "width": 391, "height": 480 },
			"stlidlepurple_DL_0048_": { "x": -195.5, "y": -240, "width": 391, "height": 480 },
			"stlidlepurple_DL_0051_": { "x": -195.5, "y": -240, "width": 391, "height": 480 },
			"stlidlepurple_DL_0054_": { "x": -195.5, "y": -240, "width": 391, "height": 480 },
			"stlidlepurple_DL_0057_": { "x": -195.5, "y": -240, "width": 391, "height": 480 },
			"stlidlepurple_DL_0060_": { "x": -195.5, "y": -240, "width": 391, "height": 480 },
			"stlidlepurple_DL_0063_": { "x": -195.5, "y": -240, "width": 391, "height": 480 },
			"stlidlepurple_DL_0066_": { "x": -195.5, "y": -240, "width": 391, "height": 480 },
			"stlidlepurple_DL_0069_": { "x": -195.5, "y": -240, "width": 391, "height": 480 }
		},
		"stlidlepurple_DR_": {
			"stlidlepurple_DR_0000_": { "x": 236.5, "y": -240, "width": 473, "height": 480 },
			"stlidlepurple_DR_0003_": { "x": 236.5, "y": -240, "width": 473, "height": 480 },
			"stlidlepurple_DR_0006_": { "x": 236.5, "y": -240, "width": 473, "height": 480 },
			"stlidlepurple_DR_0009_": { "x": 236.5, "y": -240, "width": 473, "height": 480 },
			"stlidlepurple_DR_0012_": { "x": 236.5, "y": -240, "width": 473, "height": 480 },
			"stlidlepurple_DR_0015_": { "x": 236.5, "y": -240, "width": 473, "height": 480 },
			"stlidlepurple_DR_0018_": { "x": 236.5, "y": -240, "width": 473, "height": 480 },
			"stlidlepurple_DR_0021_": { "x": 236.5, "y": -240, "width": 473, "height": 480 },
			"stlidlepurple_DR_0024_": { "x": 236.5, "y": -240, "width": 473, "height": 480 },
			"stlidlepurple_DR_0027_": { "x": 236.5, "y": -240, "width": 473, "height": 480 },
			"stlidlepurple_DR_0030_": { "x": 236.5, "y": -240, "width": 473, "height": 480 },
			"stlidlepurple_DR_0033_": { "x": 236.5, "y": -240, "width": 473, "height": 480 },
			"stlidlepurple_DR_0036_": { "x": 236.5, "y": -240, "width": 473, "height": 480 },
			"stlidlepurple_DR_0039_": { "x": 236.5, "y": -240, "width": 473, "height": 480 },
			"stlidlepurple_DR_0042_": { "x": 236.5, "y": -240, "width": 473, "height": 480 },
			"stlidlepurple_DR_0045_": { "x": 236.5, "y": -240, "width": 473, "height": 480 },
			"stlidlepurple_DR_0048_": { "x": 236.5, "y": -240, "width": 473, "height": 480 },
			"stlidlepurple_DR_0051_": { "x": 236.5, "y": -240, "width": 473, "height": 480 },
			"stlidlepurple_DR_0054_": { "x": 236.5, "y": -240, "width": 473, "height": 480 },
			"stlidlepurple_DR_0057_": { "x": 236.5, "y": -240, "width": 473, "height": 480 },
			"stlidlepurple_DR_0060_": { "x": 236.5, "y": -240, "width": 473, "height": 480 },
			"stlidlepurple_DR_0063_": { "x": 236.5, "y": -240, "width": 473, "height": 480 },
			"stlidlepurple_DR_0066_": { "x": 236.5, "y": -240, "width": 473, "height": 480 },
			"stlidlepurple_DR_0069_": { "x": 236.5, "y": -240, "width": 473, "height": 480 }
		},
		"stlidlepurple_UL_": {
			"stlidlepurple_UL_0000_": { "x": -195.5, "y": 192, "width": 391, "height": 384 },
			"stlidlepurple_UL_0003_": { "x": -195.5, "y": 192, "width": 391, "height": 384 },
			"stlidlepurple_UL_0006_": { "x": -195.5, "y": 192, "width": 391, "height": 384 },
			"stlidlepurple_UL_0009_": { "x": -195.5, "y": 192, "width": 391, "height": 384 },
			"stlidlepurple_UL_0012_": { "x": -195.5, "y": 192, "width": 391, "height": 384 },
			"stlidlepurple_UL_0015_": { "x": -195.5, "y": 192, "width": 391, "height": 384 },
			"stlidlepurple_UL_0018_": { "x": -195.5, "y": 192, "width": 391, "height": 384 },
			"stlidlepurple_UL_0021_": { "x": -195.5, "y": 192, "width": 391, "height": 384 },
			"stlidlepurple_UL_0024_": { "x": -195.5, "y": 192, "width": 391, "height": 384 },
			"stlidlepurple_UL_0027_": { "x": -195.5, "y": 192, "width": 391, "height": 384 },
			"stlidlepurple_UL_0030_": { "x": -195.5, "y": 192, "width": 391, "height": 384 },
			"stlidlepurple_UL_0033_": { "x": -195.5, "y": 192, "width": 391, "height": 384 },
			"stlidlepurple_UL_0036_": { "x": -195.5, "y": 192, "width": 391, "height": 384 },
			"stlidlepurple_UL_0039_": { "x": -195.5, "y": 192, "width": 391, "height": 384 },
			"stlidlepurple_UL_0042_": { "x": -195.5, "y": 192, "width": 391, "height": 384 },
			"stlidlepurple_UL_0045_": { "x": -195.5, "y": 192, "width": 391, "height": 384 },
			"stlidlepurple_UL_0048_": { "x": -195.5, "y": 192, "width": 391, "height": 384 },
			"stlidlepurple_UL_0051_": { "x": -195.5, "y": 192, "width": 391, "height": 384 },
			"stlidlepurple_UL_0054_": { "x": -195.5, "y": 192, "width": 391, "height": 384 },
			"stlidlepurple_UL_0057_": { "x": -195.5, "y": 192, "width": 391, "height": 384 },
			"stlidlepurple_UL_0060_": { "x": -195.5, "y": 192, "width": 391, "height": 384 },
			"stlidlepurple_UL_0063_": { "x": -195.5, "y": 192, "width": 391, "height": 384 },
			"stlidlepurple_UL_0066_": { "x": -195.5, "y": 192, "width": 391, "height": 384 },
			"stlidlepurple_UL_0069_": { "x": -195.5, "y": 192, "width": 391, "height": 384 }
		},
		"stlidlepurple_UR_": {
			"stlidlepurple_UR_0000_": { "x": 236.5, "y": 192, "width": 473, "height": 384 },
			"stlidlepurple_UR_0003_": { "x": 236.5, "y": 192, "width": 473, "height": 384 },
			"stlidlepurple_UR_0006_": { "x": 236.5, "y": 192, "width": 473, "height": 384 },
			"stlidlepurple_UR_0009_": { "x": 236.5, "y": 192, "width": 473, "height": 384 },
			"stlidlepurple_UR_0012_": { "x": 236.5, "y": 192, "width": 473, "height": 384 },
			"stlidlepurple_UR_0015_": { "x": 236.5, "y": 192, "width": 473, "height": 384 },
			"stlidlepurple_UR_0018_": { "x": 236.5, "y": 192, "width": 473, "height": 384 },
			"stlidlepurple_UR_0021_": { "x": 236.5, "y": 192, "width": 473, "height": 384 },
			"stlidlepurple_UR_0024_": { "x": 236.5, "y": 192, "width": 473, "height": 384 },
			"stlidlepurple_UR_0027_": { "x": 236.5, "y": 192, "width": 473, "height": 384 },
			"stlidlepurple_UR_0030_": { "x": 236.5, "y": 192, "width": 473, "height": 384 },
			"stlidlepurple_UR_0033_": { "x": 236.5, "y": 192, "width": 473, "height": 384 },
			"stlidlepurple_UR_0036_": { "x": 236.5, "y": 192, "width": 473, "height": 384 },
			"stlidlepurple_UR_0039_": { "x": 236.5, "y": 192, "width": 473, "height": 384 },
			"stlidlepurple_UR_0042_": { "x": 236.5, "y": 192, "width": 473, "height": 384 },
			"stlidlepurple_UR_0045_": { "x": 236.5, "y": 192, "width": 473, "height": 384 },
			"stlidlepurple_UR_0048_": { "x": 236.5, "y": 192, "width": 473, "height": 384 },
			"stlidlepurple_UR_0051_": { "x": 236.5, "y": 192, "width": 473, "height": 384 },
			"stlidlepurple_UR_0054_": { "x": 236.5, "y": 192, "width": 473, "height": 384 },
			"stlidlepurple_UR_0057_": { "x": 236.5, "y": 192, "width": 473, "height": 384 },
			"stlidlepurple_UR_0060_": { "x": 236.5, "y": 192, "width": 473, "height": 384 },
			"stlidlepurple_UR_0063_": { "x": 236.5, "y": 192, "width": 473, "height": 384 },
			"stlidlepurple_UR_0066_": { "x": 236.5, "y": 192, "width": 473, "height": 384 },
			"stlidlepurple_UR_0069_": { "x": 236.5, "y": 192, "width": 473, "height": 384 }
		}
	}
},
"animations": {
	"animation": {
		"slots": {
			"stlidlepurple_DL_": {
				"attachment": [
					{ "time": 0, "name": "stlidlepurple_DL_0000_" },
					{ "time": 0.1, "name": "stlidlepurple_DL_0003_" },
					{ "time": 0.2, "name": "stlidlepurple_DL_0006_" },
					{ "time": 0.3, "name": "stlidlepurple_DL_0009_" },
					{ "time": 0.4, "name": "stlidlepurple_DL_0012_" },
					{ "time": 0.5, "name": "stlidlepurple_DL_0015_" },
					{ "time": 0.6, "name": "stlidlepurple_DL_0018_" },
					{ "time": 0.7, "name": "stlidlepurple_DL_0021_" },
					{ "time": 0.8, "name": "stlidlepurple_DL_0024_" },
					{ "time": 0.9, "name": "stlidlepurple_DL_0027_" },
					{ "time": 1, "name": "stlidlepurple_DL_0030_" },
					{ "time": 1.1, "name": "stlidlepurple_DL_0033_" },
					{ "time": 1.2, "name": "stlidlepurple_DL_0036_" },
					{ "time": 1.3, "name": "stlidlepurple_DL_0039_" },
					{ "time": 1.4, "name": "stlidlepurple_DL_0042_" },
					{ "time": 1.5, "name": "stlidlepurple_DL_0045_" },
					{ "time": 1.6, "name": "stlidlepurple_DL_0048_" },
					{ "time": 1.7, "name": "stlidlepurple_DL_0051_" },
					{ "time": 1.8, "name": "stlidlepurple_DL_0054_" },
					{ "time": 1.9, "name": "stlidlepurple_DL_0057_" },
					{ "time": 2, "name": "stlidlepurple_DL_0060_" },
					{ "time": 2.1, "name": "stlidlepurple_DL_0063_" },
					{ "time": 2.2, "name": "stlidlepurple_DL_0066_" },
					{ "time": 2.3, "name": "stlidlepurple_DL_0069_" },
					{ "time": 2.4, "name": null },
					{ "time": 5.1, "name": null }
				]
			},
			"stlidlepurple_DR_": {
				"attachment": [
					{ "time": 0, "name": "stlidlepurple_DR_0000_" },
					{ "time": 0.1, "name": "stlidlepurple_DR_0003_" },
					{ "time": 0.2, "name": "stlidlepurple_DR_0006_" },
					{ "time": 0.3, "name": "stlidlepurple_DR_0009_" },
					{ "time": 0.4, "name": "stlidlepurple_DR_0012_" },
					{ "time": 0.5, "name": "stlidlepurple_DR_0015_" },
					{ "time": 0.6, "name": "stlidlepurple_DR_0018_" },
					{ "time": 0.7, "name": "stlidlepurple_DR_0021_" },
					{ "time": 0.8, "name": "stlidlepurple_DR_0024_" },
					{ "time": 0.9, "name": "stlidlepurple_DR_0027_" },
					{ "time": 1, "name": "stlidlepurple_DR_0030_" },
					{ "time": 1.1, "name": "stlidlepurple_DR_0033_" },
					{ "time": 1.2, "name": "stlidlepurple_DR_0036_" },
					{ "time": 1.3, "name": "stlidlepurple_DR_0039_" },
					{ "time": 1.4, "name": "stlidlepurple_DR_0042_" },
					{ "time": 1.5, "name": "stlidlepurple_DR_0045_" },
					{ "time": 1.6, "name": "stlidlepurple_DR_0048_" },
					{ "time": 1.7, "name": "stlidlepurple_DR_0051_" },
					{ "time": 1.8, "name": "stlidlepurple_DR_0054_" },
					{ "time": 1.9, "name": "stlidlepurple_DR_0057_" },
					{ "time": 2, "name": "stlidlepurple_DR_0060_" },
					{ "time": 2.1, "name": "stlidlepurple_DR_0063_" },
					{ "time": 2.2, "name": "stlidlepurple_DR_0066_" },
					{ "time": 2.3, "name": "stlidlepurple_DR_0069_" },
					{ "time": 2.4, "name": null },
					{ "time": 5.1, "name": null }
				]
			},
			"stlidlepurple_UL_": {
				"attachment": [
					{ "time": 0, "name": "stlidlepurple_UL_0000_" },
					{ "time": 0.1, "name": "stlidlepurple_UL_0003_" },
					{ "time": 0.2, "name": "stlidlepurple_UL_0006_" },
					{ "time": 0.3, "name": "stlidlepurple_UL_0009_" },
					{ "time": 0.4, "name": "stlidlepurple_UL_0012_" },
					{ "time": 0.5, "name": "stlidlepurple_UL_0015_" },
					{ "time": 0.6, "name": "stlidlepurple_UL_0018_" },
					{ "time": 0.7, "name": "stlidlepurple_UL_0021_" },
					{ "time": 0.8, "name": "stlidlepurple_UL_0024_" },
					{ "time": 0.9, "name": "stlidlepurple_UL_0027_" },
					{ "time": 1, "name": "stlidlepurple_UL_0030_" },
					{ "time": 1.1, "name": "stlidlepurple_UL_0033_" },
					{ "time": 1.2, "name": "stlidlepurple_UL_0036_" },
					{ "time": 1.3, "name": "stlidlepurple_UL_0039_" },
					{ "time": 1.4, "name": "stlidlepurple_UL_0042_" },
					{ "time": 1.5, "name": "stlidlepurple_UL_0045_" },
					{ "time": 1.6, "name": "stlidlepurple_UL_0048_" },
					{ "time": 1.7, "name": "stlidlepurple_UL_0051_" },
					{ "time": 1.8, "name": "stlidlepurple_UL_0054_" },
					{ "time": 1.9, "name": "stlidlepurple_UL_0057_" },
					{ "time": 2, "name": "stlidlepurple_UL_0060_" },
					{ "time": 2.1, "name": "stlidlepurple_UL_0063_" },
					{ "time": 2.2, "name": "stlidlepurple_UL_0066_" },
					{ "time": 2.3, "name": "stlidlepurple_UL_0069_" },
					{ "time": 2.4, "name": null },
					{ "time": 5.1, "name": null }
				]
			},
			"stlidlepurple_UR_": {
				"attachment": [
					{ "time": 0, "name": "stlidlepurple_UR_0000_" },
					{ "time": 0.1, "name": "stlidlepurple_UR_0003_" },
					{ "time": 0.2, "name": "stlidlepurple_UR_0006_" },
					{ "time": 0.3, "name": "stlidlepurple_UR_0009_" },
					{ "time": 0.4, "name": "stlidlepurple_UR_0012_" },
					{ "time": 0.5, "name": "stlidlepurple_UR_0015_" },
					{ "time": 0.6, "name": "stlidlepurple_UR_0018_" },
					{ "time": 0.7, "name": "stlidlepurple_UR_0021_" },
					{ "time": 0.8, "name": "stlidlepurple_UR_0024_" },
					{ "time": 0.9, "name": "stlidlepurple_UR_0027_" },
					{ "time": 1, "name": "stlidlepurple_UR_0030_" },
					{ "time": 1.1, "name": "stlidlepurple_UR_0033_" },
					{ "time": 1.2, "name": "stlidlepurple_UR_0036_" },
					{ "time": 1.3, "name": "stlidlepurple_UR_0039_" },
					{ "time": 1.4, "name": "stlidlepurple_UR_0042_" },
					{ "time": 1.5, "name": "stlidlepurple_UR_0045_" },
					{ "time": 1.6, "name": "stlidlepurple_UR_0048_" },
					{ "time": 1.7, "name": "stlidlepurple_UR_0051_" },
					{ "time": 1.8, "name": "stlidlepurple_UR_0054_" },
					{ "time": 1.9, "name": "stlidlepurple_UR_0057_" },
					{ "time": 2, "name": "stlidlepurple_UR_0060_" },
					{ "time": 2.1, "name": "stlidlepurple_UR_0063_" },
					{ "time": 2.2, "name": "stlidlepurple_UR_0066_" },
					{ "time": 2.3, "name": "stlidlepurple_UR_0069_" },
					{ "time": 2.4, "name": null },
					{ "time": 5.1, "name": null }
				]
			}
		},
		"bones": {
			"ctr": {
				"translate": [
					{ "time": 0, "x": -30, "y": 130 }
				]
			}
		}
	}
}
}