{
"skeleton": { "hash": "Hmel8euYZtaiikxjCIqFAF0qatA", "spine": "3.7.94", "width": 0, "height": 0, "images": "./images/", "audio": "F:/COK项目/Spine工程/外包皮肤—2个颜色水螳螂Spine/水螳螂—紫色/攻击紫色_group/stl_attack_purple_A" },
"bones": [
	{ "name": "root" },
	{ "name": "ctr", "parent": "root", "scaleX": 1.25, "scaleY": 1.25 },
	{ "name": "stlattackpurple_UL_", "parent": "ctr" },
	{ "name": "stlattackpurple_UR_", "parent": "ctr" },
	{ "name": "stlattackpurple_DL_", "parent": "ctr" },
	{ "name": "stlattackpurple_DR_", "parent": "ctr" }
],
"slots": [
	{ "name": "stlattackpurple_UL_", "bone": "stlattackpurple_UL_" },
	{ "name": "stlattackpurple_UR_", "bone": "stlattackpurple_UR_" },
	{ "name": "stlattackpurple_DL_", "bone": "stlattackpurple_DL_" },
	{ "name": "stlattackpurple_DR_", "bone": "stlattackpurple_DR_" }
],
"skins": {
	"default": {
		"stlattackpurple_DL_": {
			"stlattackpurple_DL_0000_": { "x": -195.5, "y": -242, "width": 391, "height": 484 },
			"stlattackpurple_DL_0003_": { "x": -195.5, "y": -242, "width": 391, "height": 484 },
			"stlattackpurple_DL_0006_": { "x": -195.5, "y": -242, "width": 391, "height": 484 },
			"stlattackpurple_DL_0009_": { "x": -195.5, "y": -242, "width": 391, "height": 484 },
			"stlattackpurple_DL_0012_": { "x": -195.5, "y": -242, "width": 391, "height": 484 },
			"stlattackpurple_DL_0015_": { "x": -195.5, "y": -242, "width": 391, "height": 484 },
			"stlattackpurple_DL_0018_": { "x": -195.5, "y": -242, "width": 391, "height": 484 },
			"stlattackpurple_DL_0021_": { "x": -195.5, "y": -242, "width": 391, "height": 484 },
			"stlattackpurple_DL_0024_": { "x": -195.5, "y": -242, "width": 391, "height": 484 },
			"stlattackpurple_DL_0027_": { "x": -195.5, "y": -242, "width": 391, "height": 484 },
			"stlattackpurple_DL_0030_": { "x": -195.5, "y": -242, "width": 391, "height": 484 },
			"stlattackpurple_DL_0033_": { "x": -195.5, "y": -242, "width": 391, "height": 484 },
			"stlattackpurple_DL_0036_": { "x": -195.5, "y": -242, "width": 391, "height": 484 },
			"stlattackpurple_DL_0039_": { "x": -195.5, "y": -242, "width": 391, "height": 484 },
			"stlattackpurple_DL_0042_": { "x": -195.5, "y": -242, "width": 391, "height": 484 },
			"stlattackpurple_DL_0045_": { "x": -195.5, "y": -242, "width": 391, "height": 484 },
			"stlattackpurple_DL_0048_": { "x": -195.5, "y": -242, "width": 391, "height": 484 },
			"stlattackpurple_DL_0051_": { "x": -195.5, "y": -242, "width": 391, "height": 484 },
			"stlattackpurple_DL_0054_": { "x": -195.5, "y": -242, "width": 391, "height": 484 }
		},
		"stlattackpurple_DR_": {
			"stlattackpurple_DR_0000_": { "x": 236.5, "y": -242, "width": 473, "height": 484 },
			"stlattackpurple_DR_0003_": { "x": 236.5, "y": -242, "width": 473, "height": 484 },
			"stlattackpurple_DR_0006_": { "x": 236.5, "y": -242, "width": 473, "height": 484 },
			"stlattackpurple_DR_0009_": { "x": 236.5, "y": -242, "width": 473, "height": 484 },
			"stlattackpurple_DR_0012_": { "x": 236.5, "y": -242, "width": 473, "height": 484 },
			"stlattackpurple_DR_0015_": { "x": 236.5, "y": -242, "width": 473, "height": 484 },
			"stlattackpurple_DR_0018_": { "x": 236.5, "y": -242, "width": 473, "height": 484 },
			"stlattackpurple_DR_0021_": { "x": 236.5, "y": -242, "width": 473, "height": 484 },
			"stlattackpurple_DR_0024_": { "x": 236.5, "y": -242, "width": 473, "height": 484 },
			"stlattackpurple_DR_0027_": { "x": 236.5, "y": -242, "width": 473, "height": 484 },
			"stlattackpurple_DR_0030_": { "x": 236.5, "y": -242, "width": 473, "height": 484 },
			"stlattackpurple_DR_0033_": { "x": 236.5, "y": -242, "width": 473, "height": 484 },
			"stlattackpurple_DR_0036_": { "x": 236.5, "y": -242, "width": 473, "height": 484 },
			"stlattackpurple_DR_0039_": { "x": 236.5, "y": -242, "width": 473, "height": 484 },
			"stlattackpurple_DR_0042_": { "x": 236.5, "y": -242, "width": 473, "height": 484 },
			"stlattackpurple_DR_0045_": { "x": 236.5, "y": -242, "width": 473, "height": 484 },
			"stlattackpurple_DR_0048_": { "x": 236.5, "y": -242, "width": 473, "height": 484 },
			"stlattackpurple_DR_0051_": { "x": 236.5, "y": -242, "width": 473, "height": 484 },
			"stlattackpurple_DR_0054_": { "x": 236.5, "y": -242, "width": 473, "height": 484 }
		},
		"stlattackpurple_UL_": {
			"stlattackpurple_UL_0000_": { "x": -195.5, "y": 190, "width": 391, "height": 380 },
			"stlattackpurple_UL_0003_": { "x": -195.5, "y": 190, "width": 391, "height": 380 },
			"stlattackpurple_UL_0006_": { "x": -195.5, "y": 190, "width": 391, "height": 380 },
			"stlattackpurple_UL_0009_": { "x": -195.5, "y": 190, "width": 391, "height": 380 },
			"stlattackpurple_UL_0012_": { "x": -195.5, "y": 190, "width": 391, "height": 380 },
			"stlattackpurple_UL_0015_": { "x": -195.5, "y": 190, "width": 391, "height": 380 },
			"stlattackpurple_UL_0018_": { "x": -195.5, "y": 190, "width": 391, "height": 380 },
			"stlattackpurple_UL_0021_": { "x": -195.5, "y": 190, "width": 391, "height": 380 },
			"stlattackpurple_UL_0024_": { "x": -195.5, "y": 190, "width": 391, "height": 380 },
			"stlattackpurple_UL_0027_": { "x": -195.5, "y": 190, "width": 391, "height": 380 },
			"stlattackpurple_UL_0030_": { "x": -195.5, "y": 190, "width": 391, "height": 380 },
			"stlattackpurple_UL_0033_": { "x": -195.5, "y": 190, "width": 391, "height": 380 },
			"stlattackpurple_UL_0036_": { "x": -195.5, "y": 190, "width": 391, "height": 380 },
			"stlattackpurple_UL_0039_": { "x": -195.5, "y": 190, "width": 391, "height": 380 },
			"stlattackpurple_UL_0042_": { "x": -195.5, "y": 190, "width": 391, "height": 380 },
			"stlattackpurple_UL_0045_": { "x": -195.5, "y": 190, "width": 391, "height": 380 },
			"stlattackpurple_UL_0048_": { "x": -195.5, "y": 190, "width": 391, "height": 380 },
			"stlattackpurple_UL_0051_": { "x": -195.5, "y": 190, "width": 391, "height": 380 },
			"stlattackpurple_UL_0054_": { "x": -195.5, "y": 190, "width": 391, "height": 380 }
		},
		"stlattackpurple_UR_": {
			"stlattackpurple_UR_0000_": { "x": 236.5, "y": 190, "width": 473, "height": 380 },
			"stlattackpurple_UR_0003_": { "x": 236.5, "y": 190, "width": 473, "height": 380 },
			"stlattackpurple_UR_0006_": { "x": 236.5, "y": 190, "width": 473, "height": 380 },
			"stlattackpurple_UR_0009_": { "x": 236.5, "y": 190, "width": 473, "height": 380 },
			"stlattackpurple_UR_0012_": { "x": 236.5, "y": 190, "width": 473, "height": 380 },
			"stlattackpurple_UR_0015_": { "x": 236.5, "y": 190, "width": 473, "height": 380 },
			"stlattackpurple_UR_0018_": { "x": 236.5, "y": 190, "width": 473, "height": 380 },
			"stlattackpurple_UR_0021_": { "x": 236.5, "y": 190, "width": 473, "height": 380 },
			"stlattackpurple_UR_0024_": { "x": 236.5, "y": 190, "width": 473, "height": 380 },
			"stlattackpurple_UR_0027_": { "x": 236.5, "y": 190, "width": 473, "height": 380 },
			"stlattackpurple_UR_0030_": { "x": 236.5, "y": 190, "width": 473, "height": 380 },
			"stlattackpurple_UR_0033_": { "x": 236.5, "y": 190, "width": 473, "height": 380 },
			"stlattackpurple_UR_0036_": { "x": 236.5, "y": 190, "width": 473, "height": 380 },
			"stlattackpurple_UR_0039_": { "x": 236.5, "y": 190, "width": 473, "height": 380 },
			"stlattackpurple_UR_0042_": { "x": 236.5, "y": 190, "width": 473, "height": 380 },
			"stlattackpurple_UR_0045_": { "x": 236.5, "y": 190, "width": 473, "height": 380 },
			"stlattackpurple_UR_0048_": { "x": 236.5, "y": 190, "width": 473, "height": 380 },
			"stlattackpurple_UR_0051_": { "x": 236.5, "y": 190, "width": 473, "height": 380 },
			"stlattackpurple_UR_0054_": { "x": 236.5, "y": 190, "width": 473, "height": 380 }
		}
	}
},
"animations": {
	"animation": {
		"slots": {
			"stlattackpurple_DL_": {
				"attachment": [
					{ "time": 0, "name": "stlattackpurple_DL_0000_" },
					{ "time": 0.1, "name": "stlattackpurple_DL_0003_" },
					{ "time": 0.2, "name": "stlattackpurple_DL_0006_" },
					{ "time": 0.3, "name": "stlattackpurple_DL_0009_" },
					{ "time": 0.4, "name": "stlattackpurple_DL_0012_" },
					{ "time": 0.5, "name": "stlattackpurple_DL_0015_" },
					{ "time": 0.6, "name": "stlattackpurple_DL_0018_" },
					{ "time": 0.7, "name": "stlattackpurple_DL_0021_" },
					{ "time": 0.8, "name": "stlattackpurple_DL_0024_" },
					{ "time": 0.9, "name": "stlattackpurple_DL_0027_" },
					{ "time": 1, "name": "stlattackpurple_DL_0030_" },
					{ "time": 1.1, "name": "stlattackpurple_DL_0033_" },
					{ "time": 1.2, "name": "stlattackpurple_DL_0036_" },
					{ "time": 1.3, "name": "stlattackpurple_DL_0039_" },
					{ "time": 1.4, "name": "stlattackpurple_DL_0042_" },
					{ "time": 1.5, "name": "stlattackpurple_DL_0045_" },
					{ "time": 1.6, "name": "stlattackpurple_DL_0048_" },
					{ "time": 1.7, "name": "stlattackpurple_DL_0051_" },
					{ "time": 1.8, "name": "stlattackpurple_DL_0054_" },
					{ "time": 1.9, "name": null },
					{ "time": 3.4, "name": null }
				]
			},
			"stlattackpurple_DR_": {
				"attachment": [
					{ "time": 0, "name": "stlattackpurple_DR_0000_" },
					{ "time": 0.1, "name": "stlattackpurple_DR_0003_" },
					{ "time": 0.2, "name": "stlattackpurple_DR_0006_" },
					{ "time": 0.3, "name": "stlattackpurple_DR_0009_" },
					{ "time": 0.4, "name": "stlattackpurple_DR_0012_" },
					{ "time": 0.5, "name": "stlattackpurple_DR_0015_" },
					{ "time": 0.6, "name": "stlattackpurple_DR_0018_" },
					{ "time": 0.7, "name": "stlattackpurple_DR_0021_" },
					{ "time": 0.8, "name": "stlattackpurple_DR_0024_" },
					{ "time": 0.9, "name": "stlattackpurple_DR_0027_" },
					{ "time": 1, "name": "stlattackpurple_DR_0030_" },
					{ "time": 1.1, "name": "stlattackpurple_DR_0033_" },
					{ "time": 1.2, "name": "stlattackpurple_DR_0036_" },
					{ "time": 1.3, "name": "stlattackpurple_DR_0039_" },
					{ "time": 1.4, "name": "stlattackpurple_DR_0042_" },
					{ "time": 1.5, "name": "stlattackpurple_DR_0045_" },
					{ "time": 1.6, "name": "stlattackpurple_DR_0048_" },
					{ "time": 1.7, "name": "stlattackpurple_DR_0051_" },
					{ "time": 1.8, "name": "stlattackpurple_DR_0054_" },
					{ "time": 1.9, "name": null },
					{ "time": 3.4, "name": null }
				]
			},
			"stlattackpurple_UL_": {
				"attachment": [
					{ "time": 0, "name": "stlattackpurple_UL_0000_" },
					{ "time": 0.1, "name": "stlattackpurple_UL_0003_" },
					{ "time": 0.2, "name": "stlattackpurple_UL_0006_" },
					{ "time": 0.3, "name": "stlattackpurple_UL_0009_" },
					{ "time": 0.4, "name": "stlattackpurple_UL_0012_" },
					{ "time": 0.5, "name": "stlattackpurple_UL_0015_" },
					{ "time": 0.6, "name": "stlattackpurple_UL_0018_" },
					{ "time": 0.7, "name": "stlattackpurple_UL_0021_" },
					{ "time": 0.8, "name": "stlattackpurple_UL_0024_" },
					{ "time": 0.9, "name": "stlattackpurple_UL_0027_" },
					{ "time": 1, "name": "stlattackpurple_UL_0030_" },
					{ "time": 1.1, "name": "stlattackpurple_UL_0033_" },
					{ "time": 1.2, "name": "stlattackpurple_UL_0036_" },
					{ "time": 1.3, "name": "stlattackpurple_UL_0039_" },
					{ "time": 1.4, "name": "stlattackpurple_UL_0042_" },
					{ "time": 1.5, "name": "stlattackpurple_UL_0045_" },
					{ "time": 1.6, "name": "stlattackpurple_UL_0048_" },
					{ "time": 1.7, "name": "stlattackpurple_UL_0051_" },
					{ "time": 1.8, "name": "stlattackpurple_UL_0054_" },
					{ "time": 1.9, "name": null },
					{ "time": 3.4, "name": null }
				]
			},
			"stlattackpurple_UR_": {
				"attachment": [
					{ "time": 0, "name": "stlattackpurple_UR_0000_" },
					{ "time": 0.1, "name": "stlattackpurple_UR_0003_" },
					{ "time": 0.2, "name": "stlattackpurple_UR_0006_" },
					{ "time": 0.3, "name": "stlattackpurple_UR_0009_" },
					{ "time": 0.4, "name": "stlattackpurple_UR_0012_" },
					{ "time": 0.5, "name": "stlattackpurple_UR_0015_" },
					{ "time": 0.6, "name": "stlattackpurple_UR_0018_" },
					{ "time": 0.7, "name": "stlattackpurple_UR_0021_" },
					{ "time": 0.8, "name": "stlattackpurple_UR_0024_" },
					{ "time": 0.9, "name": "stlattackpurple_UR_0027_" },
					{ "time": 1, "name": "stlattackpurple_UR_0030_" },
					{ "time": 1.1, "name": "stlattackpurple_UR_0033_" },
					{ "time": 1.2, "name": "stlattackpurple_UR_0036_" },
					{ "time": 1.3, "name": "stlattackpurple_UR_0039_" },
					{ "time": 1.4, "name": "stlattackpurple_UR_0042_" },
					{ "time": 1.5, "name": "stlattackpurple_UR_0045_" },
					{ "time": 1.6, "name": "stlattackpurple_UR_0048_" },
					{ "time": 1.7, "name": "stlattackpurple_UR_0051_" },
					{ "time": 1.8, "name": "stlattackpurple_UR_0054_" },
					{ "time": 1.9, "name": null },
					{ "time": 3.4, "name": null }
				]
			}
		},
		"bones": {
			"ctr": {
				"translate": [
					{ "time": 0, "x": -30, "y": 130 }
				]
			}
		}
	}
}
}