{
"skeleton": { "hash": "9nzytTQejECQF4GwfsOaMQ9Lhnw", "spine": "2.1.27", "width": 242.76, "height": 205.35 },
"bones": [
	{ "name": "root" },
	{ "name": "jinbi_1_", "parent": "root", "length": 23.87, "x": -4.8, "y": 836.59, "rotation": -87.74 },
	{ "name": "jinbi_1_2", "parent": "root", "length": 23.87, "x": 38.48, "y": 836.59, "rotation": -87.74 },
	{ "name": "jinbi_1_3", "parent": "root", "length": 23.87, "x": 38.48, "y": 836.59, "rotation": -87.74 },
	{ "name": "jinbi_2_", "parent": "root", "length": 25.53, "x": -100.38, "y": 816.98, "rotation": -86.39 },
	{ "name": "jinbi_2_2", "parent": "root", "length": 25.53, "x": -94.91, "y": 877.92, "rotation": -86.39 },
	{ "name": "jinbi_2_3", "parent": "root", "length": 25.53, "x": -94.91, "y": 877.92, "rotation": -86.39 },
	{ "name": "jinbi_2_4", "parent": "root", "length": 25.53, "x": -94.91, "y": 877.92, "rotation": -86.39 },
	{ "name": "jinbi_3_", "parent": "root", "length": 13.59, "x": 68.24, "y": 834.33, "rotation": -85.49 },
	{ "name": "jinbi_3_2", "parent": "root", "length": 13.59, "x": -29.66, "y": 916.27, "rotation": -85.49 },
	{ "name": "jinbi_3_3", "parent": "root", "length": 13.59, "x": -29.66, "y": 916.27, "rotation": -85.49 },
	{ "name": "jinbi_4_", "parent": "root", "length": 23.87, "x": 106.69, "y": 795.79, "rotation": -87.74 },
	{ "name": "jinbi_4_2", "parent": "root", "length": 23.87, "x": 34.83, "y": 910.93, "rotation": -87.74 },
	{ "name": "jinbi_4_3", "parent": "root", "length": 23.87, "x": 34.83, "y": 910.93, "rotation": -87.74 },
	{
		"name": "jinbi_4_4",
		"parent": "root",
		"length": 23.87,
		"x": -29.26,
		"y": 964.64,
		"scaleX": 0.748,
		"scaleY": 0.748,
		"rotation": -87.74
	},
	{ "name": "jinbi_5_", "parent": "root", "length": 21.14, "x": -45.62, "y": 848.87, "rotation": -91.35 },
	{ "name": "jinbi_5_2", "parent": "root", "length": 21.14, "x": 5.22, "y": 880.38, "rotation": -91.35 },
	{ "name": "jinbi_5_3", "parent": "root", "length": 21.14, "x": 5.22, "y": 880.38, "rotation": -91.35 }
],
"slots": [
	{ "name": "xiangzi_hou_", "bone": "root" },
	{ "name": "xiangzi_qian_", "bone": "root" },
	{ "name": "jinbi_di_", "bone": "root" },
	{ "name": "jinbi_zhong_", "bone": "root" },
	{ "name": "jinbi_man_", "bone": "root" },
	{ "name": "jinbi_1_", "bone": "jinbi_1_", "attachment": "jinbi_1_" },
	{ "name": "jinbi_1_2", "bone": "jinbi_1_2", "attachment": "jinbi_1_" },
	{ "name": "jinbi_1_3", "bone": "jinbi_1_3", "attachment": "jinbi_1_" },
	{ "name": "jinbi_2_", "bone": "jinbi_2_", "attachment": "jinbi_2_" },
	{ "name": "jinbi_2_2", "bone": "jinbi_2_2", "attachment": "jinbi_2_" },
	{ "name": "jinbi_2_3", "bone": "jinbi_2_3", "attachment": "jinbi_2_" },
	{ "name": "jinbi_2_4", "bone": "jinbi_2_4", "attachment": "jinbi_2_" },
	{ "name": "jinbi_3_", "bone": "jinbi_3_", "attachment": "jinbi_3_" },
	{ "name": "jinbi_3_2", "bone": "jinbi_3_2", "attachment": "jinbi_3_" },
	{ "name": "jinbi_3_3", "bone": "jinbi_3_3", "attachment": "jinbi_3_" },
	{ "name": "jinbi_4_", "bone": "jinbi_4_", "attachment": "jinbi_4_" },
	{ "name": "jinbi_4_2", "bone": "jinbi_4_2", "attachment": "jinbi_4_" },
	{ "name": "jinbi_4_3", "bone": "jinbi_4_3", "attachment": "jinbi_4_" },
	{ "name": "jinbi_4_4", "bone": "jinbi_4_4", "attachment": "jinbi_4_" },
	{ "name": "jinbi_5_", "bone": "jinbi_5_", "attachment": "jinbi_5_" },
	{ "name": "jinbi_5_2", "bone": "jinbi_5_2", "attachment": "jinbi_5_" },
	{ "name": "jinbi_5_3", "bone": "jinbi_5_3", "attachment": "jinbi_5_" }
],
"skins": {
	"default": {
		"jinbi_1_": {
			"jinbi_1_": { "x": 3.49, "y": 1.19, "scaleX": 0.7, "scaleY": 0.7, "rotation": 87.74, "width": 57, "height": 50 }
		},
		"jinbi_1_2": {
			"jinbi_1_": { "x": 3.49, "y": 1.19, "scaleX": 0.7, "scaleY": 0.7, "rotation": 87.74, "width": 57, "height": 50 }
		},
		"jinbi_1_3": {
			"jinbi_1_": { "x": 3.49, "y": 1.19, "scaleX": 0.7, "scaleY": 0.7, "rotation": 87.74, "width": 57, "height": 50 }
		},
		"jinbi_2_": {
			"jinbi_2_": { "x": 1.95, "y": 1.39, "scaleX": 0.702, "scaleY": 0.702, "rotation": 86.39, "width": 44, "height": 59 }
		},
		"jinbi_2_2": {
			"jinbi_2_": { "x": 1.95, "y": 1.39, "scaleX": 0.702, "scaleY": 0.702, "rotation": 86.39, "width": 44, "height": 59 }
		},
		"jinbi_2_3": {
			"jinbi_2_": { "x": 1.95, "y": 1.39, "scaleX": 0.702, "scaleY": 0.702, "rotation": 86.39, "width": 44, "height": 59 }
		},
		"jinbi_2_4": {
			"jinbi_2_": { "x": 1.95, "y": 1.39, "scaleX": 0.702, "scaleY": 0.702, "rotation": 86.39, "width": 44, "height": 59 }
		},
		"jinbi_3_": {
			"jinbi_3_": { "x": 3.73, "y": 0.18, "scaleX": 0.702, "scaleY": 0.702, "rotation": 85.49, "width": 59, "height": 28 }
		},
		"jinbi_3_2": {
			"jinbi_3_": { "x": 3.73, "y": 0.18, "scaleX": 0.702, "scaleY": 0.702, "rotation": 85.49, "width": 59, "height": 28 }
		},
		"jinbi_3_3": {
			"jinbi_3_": { "x": 3.73, "y": 0.18, "scaleX": 0.702, "scaleY": 0.702, "rotation": 85.49, "width": 59, "height": 28 }
		},
		"jinbi_4_": {
			"jinbi_4_": { "x": 1.91, "y": 1.06, "scaleX": 0.698, "scaleY": 0.698, "rotation": 87.74, "width": 59, "height": 59 }
		},
		"jinbi_4_2": {
			"jinbi_4_": { "x": 1.91, "y": 1.06, "scaleX": 0.698, "scaleY": 0.698, "rotation": 87.74, "width": 59, "height": 59 }
		},
		"jinbi_4_3": {
			"jinbi_4_": { "x": 1.91, "y": 1.06, "scaleX": 0.698, "scaleY": 0.698, "rotation": 87.74, "width": 59, "height": 59 }
		},
		"jinbi_4_4": {
			"jinbi_4_": { "x": 1.91, "y": 1.06, "scaleX": 0.698, "scaleY": 0.698, "rotation": 87.74, "width": 59, "height": 59 }
		},
		"jinbi_5_": {
			"jinbi_5_": { "x": 0.26, "y": -1.64, "scaleX": 0.7, "scaleY": 0.7, "rotation": 91.35, "width": 46, "height": 57 }
		},
		"jinbi_5_2": {
			"jinbi_5_": { "x": 0.26, "y": -1.64, "scaleX": 0.7, "scaleY": 0.7, "rotation": 91.35, "width": 46, "height": 57 }
		},
		"jinbi_5_3": {
			"jinbi_5_": { "x": 0.26, "y": -1.64, "scaleX": 0.7, "scaleY": 0.7, "rotation": 91.35, "width": 46, "height": 57 }
		}
	}
},
"animations": {
	"animation": {
		"slots": {
			"jinbi_1_": {
				"color": [
					{ "time": 0, "color": "ffffffff", "curve": "stepped" },
					{ "time": 0.8333, "color": "ffffffff" },
					{ "time": 0.9, "color": "ffffff00", "curve": "stepped" },
					{ "time": 1, "color": "ffffff00" },
					{ "time": 1.0333, "color": "ffffffff", "curve": "stepped" },
					{ "time": 1.1333, "color": "ffffffff" }
				]
			},
			"jinbi_1_2": {
				"color": [
					{ "time": 0, "color": "ffffff00", "curve": "stepped" },
					{ "time": 1.1333, "color": "ffffff00" }
				]
			},
			"jinbi_1_3": {
				"color": [
					{ "time": 0, "color": "ffffffff", "curve": "stepped" },
					{ "time": 0.4333, "color": "ffffffff" },
					{ "time": 1.0333, "color": "ffffff00" },
					{ "time": 1.0666, "color": "ffffffff", "curve": "stepped" },
					{ "time": 1.1333, "color": "ffffffff" }
				]
			},
			"jinbi_2_": {
				"color": [
					{ "time": 0, "color": "ffffff00", "curve": "stepped" },
					{ "time": 0.1333, "color": "ffffff00" },
					{ "time": 0.1666, "color": "ffffffff", "curve": "stepped" },
					{ "time": 0.5, "color": "ffffffff" },
					{ "time": 0.5333, "color": "ffffff00" },
					{ "time": 0.6, "color": "ffffffff", "curve": "stepped" },
					{ "time": 1.0666, "color": "ffffffff" },
					{ "time": 1.1333, "color": "ffffff00" }
				]
			},
			"jinbi_2_2": {
				"color": [
					{ "time": 0, "color": "ffffff00", "curve": "stepped" },
					{ "time": 1.1333, "color": "ffffff00" }
				]
			},
			"jinbi_2_3": {
				"color": [
					{ "time": 0, "color": "ffffff00", "curve": "stepped" },
					{ "time": 0.2333, "color": "ffffff00" },
					{ "time": 0.3, "color": "ffffffff", "curve": "stepped" },
					{ "time": 0.6666, "color": "ffffffff" },
					{ "time": 1.0333, "color": "ffffff00", "curve": "stepped" },
					{ "time": 1.0666, "color": "ffffff00" }
				]
			},
			"jinbi_2_4": {
				"color": [
					{ "time": 0, "color": "ffffff00", "curve": "stepped" },
					{ "time": 0.1333, "color": "ffffff00" },
					{ "time": 0.2333, "color": "ffffffff", "curve": "stepped" },
					{ "time": 0.6666, "color": "ffffffff" },
					{ "time": 1.0666, "color": "ffffff00", "curve": "stepped" },
					{ "time": 1.1, "color": "ffffff00" }
				]
			},
			"jinbi_3_": {
				"color": [
					{ "time": 0, "color": "ffffff00", "curve": "stepped" },
					{ "time": 0.2333, "color": "ffffff00" },
					{ "time": 0.3, "color": "ffffffff", "curve": "stepped" },
					{ "time": 0.9333, "color": "ffffffff" },
					{ "time": 0.9666, "color": "ffffff00", "curve": "stepped" },
					{ "time": 1.1333, "color": "ffffff00" }
				]
			},
			"jinbi_3_2": {
				"color": [
					{ "time": 0, "color": "ffffff00", "curve": "stepped" },
					{ "time": 0.1333, "color": "ffffff00" },
					{ "time": 0.1666, "color": "ffffffff", "curve": "stepped" },
					{ "time": 0.8, "color": "ffffffff" },
					{ "time": 0.9333, "color": "ffffff00", "curve": "stepped" },
					{ "time": 1.1333, "color": "ffffff00" }
				]
			},
			"jinbi_3_3": {
				"color": [
					{ "time": 0, "color": "ffffffff", "curve": "stepped" },
					{ "time": 0.1666, "color": "ffffffff" },
					{ "time": 0.5333, "color": "ffffff00", "curve": "stepped" },
					{ "time": 0.5666, "color": "ffffff00", "curve": "stepped" },
					{ "time": 0.8, "color": "ffffff00" },
					{ "time": 0.8333, "color": "ffffffff", "curve": "stepped" },
					{ "time": 1.1333, "color": "ffffffff" }
				]
			},
			"jinbi_4_": {
				"color": [
					{ "time": 0, "color": "ffffff00", "curve": "stepped" },
					{ "time": 0.1333, "color": "ffffff00" },
					{ "time": 0.2333, "color": "ffffffff", "curve": "stepped" },
					{ "time": 0.7666, "color": "ffffffff" },
					{ "time": 0.8, "color": "ffffff00", "curve": "stepped" },
					{ "time": 1.1333, "color": "ffffff00" }
				]
			},
			"jinbi_4_2": {
				"color": [
					{ "time": 0, "color": "ffffff7f" },
					{ "time": 0.0333, "color": "ffffffff", "curve": "stepped" },
					{ "time": 1.0666, "color": "ffffffff" },
					{ "time": 1.1, "color": "ffffff00" },
					{ "time": 1.1333, "color": "ffffff7f" }
				]
			},
			"jinbi_4_3": {
				"color": [
					{ "time": 0, "color": "ffffffff", "curve": "stepped" },
					{ "time": 0.3666, "color": "ffffffff" },
					{ "time": 0.7666, "color": "ffffff00" },
					{ "time": 0.8, "color": "ffffffff", "curve": "stepped" },
					{ "time": 1.1333, "color": "ffffffff" }
				]
			},
			"jinbi_4_4": {
				"color": [
					{ "time": 0, "color": "ffffffff", "curve": "stepped" },
					{ "time": 0.1333, "color": "ffffffff" },
					{ "time": 0.5333, "color": "ffffff00" },
					{ "time": 0.5666, "color": "ffffffff", "curve": "stepped" },
					{ "time": 1.1333, "color": "ffffffff" }
				]
			},
			"jinbi_5_": {
				"color": [
					{ "time": 0, "color": "ffffffff", "curve": "stepped" },
					{ "time": 0.9666, "color": "ffffffff" },
					{ "time": 1.0666, "color": "ffffff00" }
				]
			},
			"jinbi_5_2": {
				"color": [
					{ "time": 0, "color": "ffffff00", "curve": "stepped" },
					{ "time": 0.1, "color": "ffffff00" },
					{ "time": 0.1333, "color": "ffffffff", "curve": "stepped" },
					{ "time": 1.0666, "color": "ffffffff" },
					{ "time": 1.1, "color": "ffffff00", "curve": "stepped" },
					{ "time": 1.1333, "color": "ffffff00" }
				]
			},
			"jinbi_5_3": {
				"color": [
					{ "time": 0, "color": "ffffff00", "curve": "stepped" },
					{ "time": 0.1666, "color": "ffffff00" },
					{ "time": 0.2333, "color": "ffffffff", "curve": "stepped" },
					{ "time": 0.6333, "color": "ffffffff" },
					{ "time": 1.0333, "color": "ffffff00", "curve": "stepped" },
					{ "time": 1.0666, "color": "ffffff00" }
				]
			}
		},
		"bones": {
			"jinbi_1_": {
				"rotate": [
					{ "time": 0, "angle": 0, "curve": "stepped" },
					{ "time": 0.3666, "angle": 0, "curve": "stepped" },
					{ "time": 0.4, "angle": 0, "curve": "stepped" },
					{ "time": 0.9, "angle": 0, "curve": "stepped" },
					{ "time": 1, "angle": 0, "curve": "stepped" },
					{ "time": 1.1333, "angle": 0 }
				],
				"translate": [
					{ "time": 0, "x": 0, "y": -214.19 },
					{ "time": 0.3, "x": 0, "y": -696.13 },
					{ "time": 0.3666, "x": 0, "y": -744.18 },
					{ "time": 0.4, "x": 0, "y": 0 },
					{ "time": 0.9, "x": 0, "y": -833.66, "curve": "stepped" },
					{ "time": 1, "x": 0, "y": -833.66 },
					{ "time": 1.0333, "x": 0, "y": 49.38 },
					{ "time": 1.1333, "x": 0, "y": -214.19 }
				],
				"scale": [
					{ "time": 0, "x": 1, "y": 1, "curve": "stepped" },
					{ "time": 0.3666, "x": 1, "y": 1, "curve": "stepped" },
					{ "time": 0.4, "x": 1, "y": 1, "curve": "stepped" },
					{ "time": 0.9, "x": 1, "y": 1, "curve": "stepped" },
					{ "time": 1, "x": 1, "y": 1, "curve": "stepped" },
					{ "time": 1.1333, "x": 1, "y": 1 }
				]
			},
			"jinbi_5_": {
				"rotate": [
					{ "time": 0, "angle": 0, "curve": "stepped" },
					{ "time": 0.4333, "angle": 0, "curve": "stepped" },
					{ "time": 0.4666, "angle": 0, "curve": "stepped" },
					{ "time": 1.0333, "angle": 0, "curve": "stepped" },
					{ "time": 1.1333, "angle": 0 }
				],
				"translate": [
					{ "time": 0, "x": 0, "y": -137.52 },
					{ "time": 0.4, "x": 0, "y": -687.64 },
					{ "time": 0.4333, "x": 0, "y": -744.12 },
					{ "time": 0.4666, "x": 0, "y": 0 },
					{ "time": 0.9666, "x": 0, "y": -687.64 },
					{ "time": 1.0666, "x": 0, "y": -744.12 },
					{ "time": 1.1333, "x": 0, "y": -693.57 }
				],
				"scale": [
					{ "time": 0, "x": 1, "y": 1, "curve": "stepped" },
					{ "time": 0.4333, "x": 1, "y": 1, "curve": "stepped" },
					{ "time": 0.4666, "x": 1, "y": 1, "curve": "stepped" },
					{ "time": 1.0333, "x": 1, "y": 1, "curve": "stepped" },
					{ "time": 1.1333, "x": 1, "y": 1 }
				]
			},
			"jinbi_2_": {
				"rotate": [
					{ "time": 0, "angle": 0, "curve": "stepped" },
					{ "time": 0.1333, "angle": 0, "curve": "stepped" },
					{ "time": 0.5, "angle": 0, "curve": "stepped" },
					{ "time": 0.5333, "angle": 0, "curve": "stepped" },
					{ "time": 0.5666, "angle": 0, "curve": "stepped" },
					{ "time": 1.1, "angle": 0, "curve": "stepped" },
					{ "time": 1.1333, "angle": 0 }
				],
				"translate": [
					{ "time": 0, "x": -30.2, "y": 0 },
					{ "time": 0.1333, "x": -47.82, "y": 0 },
					{ "time": 0.5, "x": -26.45, "y": -707.61 },
					{ "time": 0.5333, "x": -66.88, "y": 0 },
					{ "time": 0.5666, "x": -47.82, "y": 0 },
					{ "time": 1.1, "x": -26.45, "y": -853.92 },
					{ "time": 1.1333, "x": -30.2, "y": 0 }
				],
				"scale": [
					{ "time": 0, "x": 1, "y": 1, "curve": "stepped" },
					{ "time": 0.1333, "x": 1, "y": 1, "curve": "stepped" },
					{ "time": 0.5, "x": 1, "y": 1, "curve": "stepped" },
					{ "time": 0.5333, "x": 1, "y": 1, "curve": "stepped" },
					{ "time": 0.5666, "x": 1, "y": 1, "curve": "stepped" },
					{ "time": 1.1, "x": 1, "y": 1, "curve": "stepped" },
					{ "time": 1.1333, "x": 1, "y": 1 }
				]
			},
			"jinbi_3_": {
				"rotate": [
					{ "time": 0, "angle": 0, "curve": "stepped" },
					{ "time": 0.2666, "angle": 0, "curve": "stepped" },
					{ "time": 0.9333, "angle": 0, "curve": "stepped" },
					{ "time": 0.9666, "angle": 0, "curve": "stepped" },
					{ "time": 1.1333, "angle": 0 }
				],
				"translate": [
					{ "time": 0, "x": 0, "y": 0, "curve": "stepped" },
					{ "time": 0.2666, "x": 0, "y": 0 },
					{ "time": 0.9333, "x": 0, "y": -751.14 },
					{ "time": 0.9666, "x": 0, "y": 0 },
					{ "time": 1.1333, "x": 0, "y": -178.84 }
				],
				"scale": [
					{ "time": 0, "x": 1, "y": 1, "curve": "stepped" },
					{ "time": 0.2666, "x": 1, "y": 1, "curve": "stepped" },
					{ "time": 0.9333, "x": 1, "y": 1, "curve": "stepped" },
					{ "time": 0.9666, "x": 1, "y": 1, "curve": "stepped" },
					{ "time": 1.1333, "x": 1, "y": 1 }
				]
			},
			"jinbi_4_": {
				"rotate": [
					{ "time": 0, "angle": 0, "curve": "stepped" },
					{ "time": 0.1666, "angle": 0, "curve": "stepped" },
					{ "time": 0.7666, "angle": 0, "curve": "stepped" },
					{ "time": 0.8, "angle": 0, "curve": "stepped" },
					{ "time": 1.1333, "angle": 0 }
				],
				"translate": [
					{ "time": 0, "x": 8.39, "y": -7.18 },
					{ "time": 0.1666, "x": 11.88, "y": -10.17 },
					{ "time": 0.7, "x": -27.25, "y": -653.86 },
					{ "time": 0.7666, "x": -33.99, "y": -714.63 },
					{ "time": 0.8, "x": 11.88, "y": -10.17 },
					{ "time": 1.1333, "x": -9.85, "y": -367.77 }
				],
				"scale": [
					{ "time": 0, "x": 1, "y": 1, "curve": "stepped" },
					{ "time": 0.1666, "x": 1, "y": 1, "curve": "stepped" },
					{ "time": 0.7666, "x": 1, "y": 1, "curve": "stepped" },
					{ "time": 0.8, "x": 1, "y": 1, "curve": "stepped" },
					{ "time": 1.1333, "x": 1, "y": 1 }
				]
			},
			"jinbi_5_2": {
				"rotate": [
					{ "time": 0, "angle": 0, "curve": "stepped" },
					{ "time": 0.1, "angle": 0, "curve": "stepped" },
					{ "time": 0.5333, "angle": 0, "curve": "stepped" },
					{ "time": 0.5666, "angle": 0, "curve": "stepped" },
					{ "time": 1.1333, "angle": 0 }
				],
				"translate": [
					{ "time": 0, "x": -53.5, "y": 0 },
					{ "time": 0.1, "x": -66.88, "y": 0 },
					{ "time": 0.4666, "x": -59.45, "y": -687.64 },
					{ "time": 0.5333, "x": -51.17, "y": -750.19 },
					{ "time": 0.5666, "x": 0, "y": -156.84 },
					{ "time": 1.0666, "x": 0, "y": -865.29 },
					{ "time": 1.1333, "x": 0, "y": -748.18 }
				],
				"scale": [
					{ "time": 0, "x": 1, "y": 1, "curve": "stepped" },
					{ "time": 0.1, "x": 1, "y": 1, "curve": "stepped" },
					{ "time": 0.5333, "x": 1, "y": 1, "curve": "stepped" },
					{ "time": 0.5666, "x": 1, "y": 1, "curve": "stepped" },
					{ "time": 1.1333, "x": 1, "y": 1 }
				]
			},
			"jinbi_4_2": {
				"rotate": [
					{ "time": 0, "angle": 0, "curve": "stepped" },
					{ "time": 0.5666, "angle": 0, "curve": "stepped" },
					{ "time": 0.6, "angle": 0, "curve": "stepped" },
					{ "time": 1.1333, "angle": 0 }
				],
				"translate": [
					{ "time": 0, "x": 11.88, "y": -113.09 },
					{ "time": 0.5333, "x": -27.25, "y": -788.06 },
					{ "time": 0.5666, "x": -33.99, "y": -849.91 },
					{ "time": 0.6, "x": 11.88, "y": -113.09 },
					{ "time": 1.0666, "x": -14.17, "y": -918.29 },
					{ "time": 1.1, "x": 25.93, "y": -19.79 },
					{ "time": 1.1333, "x": 11.88, "y": -113.09 }
				],
				"scale": [
					{ "time": 0, "x": 1, "y": 1, "curve": "stepped" },
					{ "time": 0.5666, "x": 1, "y": 1, "curve": "stepped" },
					{ "time": 0.6, "x": 1, "y": 1, "curve": "stepped" },
					{ "time": 1.1333, "x": 1, "y": 1 }
				]
			},
			"jinbi_3_2": {
				"rotate": [
					{ "time": 0, "angle": 0, "curve": "stepped" },
					{ "time": 0.1333, "angle": 0, "curve": "stepped" },
					{ "time": 1.0333, "angle": 0, "curve": "stepped" },
					{ "time": 1.0666, "angle": 0, "curve": "stepped" },
					{ "time": 1.1333, "angle": 0 }
				],
				"translate": [
					{ "time": 0, "x": 0, "y": 0, "curve": "stepped" },
					{ "time": 0.1333, "x": 0, "y": 0 },
					{ "time": 0.8, "x": 0, "y": -934.76 },
					{ "time": 0.9333, "x": 0, "y": -829.83 },
					{ "time": 1.0333, "x": 0, "y": -751.14 },
					{ "time": 1.0666, "x": 0, "y": 0, "curve": "stepped" },
					{ "time": 1.1333, "x": 0, "y": 0 }
				],
				"scale": [
					{ "time": 0, "x": 1, "y": 1, "curve": "stepped" },
					{ "time": 0.1333, "x": 1, "y": 1, "curve": "stepped" },
					{ "time": 0.8, "x": 1, "y": 1, "curve": "stepped" },
					{ "time": 0.9333, "x": 1, "y": 1, "curve": "stepped" },
					{ "time": 1.1333, "x": 1, "y": 1 }
				]
			},
			"jinbi_2_2": {
				"rotate": [
					{ "time": 0, "angle": 0, "curve": "stepped" },
					{ "time": 1.1333, "angle": 0 }
				],
				"translate": [
					{ "time": 0, "x": 0, "y": 0, "curve": "stepped" },
					{ "time": 1.1333, "x": 0, "y": 0 }
				],
				"scale": [
					{ "time": 0, "x": 1, "y": 1, "curve": "stepped" },
					{ "time": 1.1333, "x": 1, "y": 1 }
				]
			},
			"jinbi_1_2": {
				"rotate": [
					{ "time": 0, "angle": 0, "curve": "stepped" },
					{ "time": 1.1333, "angle": 0 }
				],
				"translate": [
					{ "time": 0, "x": 0, "y": 0, "curve": "stepped" },
					{ "time": 1.1333, "x": 0, "y": 0 }
				],
				"scale": [
					{ "time": 0, "x": 1, "y": 1, "curve": "stepped" },
					{ "time": 1.1333, "x": 1, "y": 1 }
				]
			},
			"jinbi_1_3": {
				"rotate": [
					{ "time": 0, "angle": 0, "curve": "stepped" },
					{ "time": 0.4333, "angle": 0, "curve": "stepped" },
					{ "time": 1.0333, "angle": 0, "curve": "stepped" },
					{ "time": 1.0666, "angle": 0, "curve": "stepped" },
					{ "time": 1.1333, "angle": 0 }
				],
				"translate": [
					{ "time": 0, "x": 199.99, "y": -12.08 },
					{ "time": 0.4333, "x": 199.99, "y": -813.63 },
					{ "time": 0.6333, "x": 199.99, "y": -777.96 },
					{ "time": 1.0333, "x": 199.99, "y": -813.63 },
					{ "time": 1.0666, "x": 199.99, "y": 49.57 },
					{ "time": 1.1333, "x": 199.99, "y": -12.08 }
				],
				"scale": [
					{ "time": 0, "x": 1, "y": 1, "curve": "stepped" },
					{ "time": 0.4333, "x": 1, "y": 1, "curve": "stepped" },
					{ "time": 1.0333, "x": 1, "y": 1, "curve": "stepped" },
					{ "time": 1.0666, "x": 1, "y": 1, "curve": "stepped" },
					{ "time": 1.1333, "x": 1, "y": 1 }
				]
			},
			"jinbi_2_3": {
				"rotate": [
					{ "time": 0, "angle": 0, "curve": "stepped" },
					{ "time": 0.6666, "angle": 0, "curve": "stepped" },
					{ "time": 1.0333, "angle": 0, "curve": "stepped" },
					{ "time": 1.0666, "angle": 0, "curve": "stepped" },
					{ "time": 1.1333, "angle": 0 }
				],
				"translate": [
					{ "time": 0, "x": 275.54, "y": 9.61, "curve": "stepped" },
					{ "time": 0.2666, "x": 275.54, "y": 9.61 },
					{ "time": 0.6666, "x": 275.54, "y": -847.45 },
					{ "time": 0.8333, "x": 275.54, "y": -799.39 },
					{ "time": 1.0333, "x": 275.54, "y": -847.45 },
					{ "time": 1.0666, "x": 275.54, "y": 9.61, "curve": "stepped" },
					{ "time": 1.1333, "x": 275.54, "y": 9.61 }
				],
				"scale": [
					{ "time": 0, "x": 1, "y": 1, "curve": "stepped" },
					{ "time": 0.6666, "x": 1, "y": 1, "curve": "stepped" },
					{ "time": 1.0333, "x": 1, "y": 1, "curve": "stepped" },
					{ "time": 1.0666, "x": 1, "y": 1, "curve": "stepped" },
					{ "time": 1.1333, "x": 1, "y": 1 }
				]
			},
			"jinbi_4_3": {
				"rotate": [
					{ "time": 0, "angle": 0, "curve": "stepped" },
					{ "time": 0.3666, "angle": 0, "curve": "stepped" },
					{ "time": 0.7666, "angle": 0, "curve": "stepped" },
					{ "time": 0.8, "angle": 0, "curve": "stepped" },
					{ "time": 1.1333, "angle": 0 }
				],
				"translate": [
					{ "time": 0, "x": -226.06, "y": -456.99 },
					{ "time": 0.3666, "x": -226.06, "y": -864.93 },
					{ "time": 0.5333, "x": -226.06, "y": -807.64 },
					{ "time": 0.7666, "x": -226.06, "y": -864.93 },
					{ "time": 0.8, "x": -226.06, "y": -11.97 },
					{ "time": 1.1333, "x": -226.06, "y": -456.99 }
				],
				"scale": [
					{ "time": 0, "x": 1, "y": 1, "curve": "stepped" },
					{ "time": 0.3666, "x": 1, "y": 1, "curve": "stepped" },
					{ "time": 0.7666, "x": 1, "y": 1, "curve": "stepped" },
					{ "time": 0.8, "x": 1, "y": 1, "curve": "stepped" },
					{ "time": 1.1333, "x": 1, "y": 1 }
				]
			},
			"jinbi_5_3": {
				"rotate": [
					{ "time": 0, "angle": 0, "curve": "stepped" },
					{ "time": 0.6333, "angle": 0, "curve": "stepped" },
					{ "time": 1.0333, "angle": 0, "curve": "stepped" },
					{ "time": 1.0666, "angle": 0, "curve": "stepped" },
					{ "time": 1.1333, "angle": 0 }
				],
				"translate": [
					{ "time": 0, "x": -271.67, "y": 22.35, "curve": "stepped" },
					{ "time": 0.1666, "x": -271.67, "y": 22.35 },
					{ "time": 0.6333, "x": -271.67, "y": -837.06 },
					{ "time": 0.8, "x": -271.67, "y": -782.63 },
					{ "time": 1.0333, "x": -271.67, "y": -838.39 },
					{ "time": 1.0666, "x": -271.67, "y": 22.35, "curve": "stepped" },
					{ "time": 1.1333, "x": -271.67, "y": 22.35 }
				],
				"scale": [
					{ "time": 0, "x": 1, "y": 1, "curve": "stepped" },
					{ "time": 0.6333, "x": 1, "y": 1, "curve": "stepped" },
					{ "time": 1.0333, "x": 1, "y": 1, "curve": "stepped" },
					{ "time": 1.0666, "x": 1, "y": 1, "curve": "stepped" },
					{ "time": 1.1333, "x": 1, "y": 1 }
				]
			},
			"jinbi_3_3": {
				"rotate": [
					{ "time": 0, "angle": 0, "curve": "stepped" },
					{ "time": 0.1666, "angle": 0, "curve": "stepped" },
					{ "time": 0.5333, "angle": 0, "curve": "stepped" },
					{ "time": 0.5666, "angle": 0, "curve": "stepped" },
					{ "time": 0.8, "angle": 0, "curve": "stepped" },
					{ "time": 1.1333, "angle": 0 }
				],
				"translate": [
					{ "time": 0, "x": 304.34, "y": -609.98 },
					{ "time": 0.1666, "x": 304.34, "y": -887.24 },
					{ "time": 0.3666, "x": 304.34, "y": -825.34 },
					{ "time": 0.5333, "x": 304.34, "y": -887.24 },
					{ "time": 0.5666, "x": 304.34, "y": 0, "curve": "stepped" },
					{ "time": 0.8, "x": 304.34, "y": 0 },
					{ "time": 1.1333, "x": 304.34, "y": -609.98 }
				],
				"scale": [
					{ "time": 0, "x": 1, "y": 1, "curve": "stepped" },
					{ "time": 0.1666, "x": 1, "y": 1, "curve": "stepped" },
					{ "time": 0.5333, "x": 1, "y": 1, "curve": "stepped" },
					{ "time": 0.5666, "x": 1, "y": 1, "curve": "stepped" },
					{ "time": 0.8, "x": 1, "y": 1, "curve": "stepped" },
					{ "time": 1.1333, "x": 1, "y": 1 }
				]
			},
			"jinbi_4_4": {
				"rotate": [
					{ "time": 0, "angle": 0, "curve": "stepped" },
					{ "time": 0.1333, "angle": 0, "curve": "stepped" },
					{ "time": 0.5333, "angle": 0, "curve": "stepped" },
					{ "time": 0.5666, "angle": 0, "curve": "stepped" },
					{ "time": 1.1333, "angle": 0 }
				],
				"translate": [
					{ "time": 0, "x": -226.06, "y": -651.69 },
					{ "time": 0.1333, "x": -226.06, "y": -864.93 },
					{ "time": 0.3, "x": -226.06, "y": -807.64 },
					{ "time": 0.5333, "x": -226.06, "y": -864.93 },
					{ "time": 0.5666, "x": -226.06, "y": -11.97 },
					{ "time": 1.1333, "x": -226.06, "y": -651.69 }
				],
				"scale": [
					{ "time": 0, "x": 1, "y": 1, "curve": "stepped" },
					{ "time": 0.1333, "x": 1, "y": 1, "curve": "stepped" },
					{ "time": 0.5333, "x": 1, "y": 1, "curve": "stepped" },
					{ "time": 0.5666, "x": 1, "y": 1, "curve": "stepped" },
					{ "time": 1.1333, "x": 1, "y": 1 }
				]
			},
			"jinbi_2_4": {
				"rotate": [
					{ "time": 0, "angle": 0, "curve": "stepped" },
					{ "time": 0.1666, "angle": 0, "curve": "stepped" },
					{ "time": 0.6666, "angle": 0, "curve": "stepped" },
					{ "time": 1.0666, "angle": 0, "curve": "stepped" },
					{ "time": 1.1, "angle": 0, "curve": "stepped" },
					{ "time": 1.1333, "angle": 0 }
				],
				"translate": [
					{ "time": 0, "x": 299.52, "y": 0, "curve": "stepped" },
					{ "time": 0.1666, "x": 299.52, "y": 0 },
					{
						"time": 0.6666,
						"x": 299.52,
						"y": -753.19,
						"curve": [ 0.25, 0, 0.75, 1 ]
					},
					{
						"time": 0.8333,
						"x": 299.52,
						"y": -729.64,
						"curve": [ 0.25, 0, 0.75, 1 ]
					},
					{ "time": 1.0666, "x": 299.52, "y": -753.19 },
					{ "time": 1.1, "x": 299.52, "y": 0, "curve": "stepped" },
					{ "time": 1.1333, "x": 299.52, "y": 0 }
				],
				"scale": [
					{ "time": 0, "x": 0.723, "y": 0.723, "curve": "stepped" },
					{ "time": 0.1666, "x": 0.723, "y": 0.723, "curve": "stepped" },
					{ "time": 0.6666, "x": 0.723, "y": 0.723, "curve": "stepped" },
					{ "time": 1.0666, "x": 0.723, "y": 0.723, "curve": "stepped" },
					{ "time": 1.1, "x": 0.723, "y": 0.723, "curve": "stepped" },
					{ "time": 1.1333, "x": 0.723, "y": 0.723 }
				]
			}
		}
	}
}
}