{"skeleton":{"hash":"4v89dzPiG1AR1GpvUhuVM6zfkeM","spine":"3.7.94","width":0,"height":0,"images":"./images/","audio":""},"bones":[{"name":"root"},{"name":"L","parent":"root"},{"name":"chibang","parent":"L","scaleX":1.25,"scaleY":1.25},{"name":"lizi_","parent":"L","scaleX":2,"scaleY":2},{"name":"R","parent":"root"},{"name":"chibang2","parent":"R","scaleX":1.25,"scaleY":1.25},{"name":"lizi_2","parent":"R","scaleX":2,"scaleY":2}],"slots":[{"name":"chibang","bone":"chibang"},{"name":"chibang2","bone":"chibang2"},{"name":"lizi_","bone":"lizi_"},{"name":"lizi_2","bone":"lizi_2"}],"skins":{"default":{"chibang":{"chibang_000_":{"width":640,"height":640},"chibang_002_":{"width":640,"height":640},"chibang_004_":{"width":640,"height":640},"chibang_006_":{"width":640,"height":640},"chibang_008_":{"width":640,"height":640},"chibang_010_":{"width":640,"height":640},"chibang_012_":{"width":640,"height":640},"chibang_014_":{"width":640,"height":640},"chibang_016_":{"width":640,"height":640},"chibang_018_":{"width":640,"height":640},"chibang_020_":{"width":640,"height":640},"chibang_022_":{"width":640,"height":640},"chibang_024_":{"width":640,"height":640},"chibang_026_":{"width":640,"height":640},"chibang_028_":{"width":640,"height":640},"chibang_030_":{"width":640,"height":640},"chibang_032_":{"width":640,"height":640},"chibang_034_":{"width":640,"height":640},"chibang_036_":{"width":640,"height":640},"chibang_038_":{"width":640,"height":640},"chibang_040_":{"width":640,"height":640},"chibang_042_":{"width":640,"height":640},"chibang_044_":{"width":640,"height":640},"chibang_046_":{"width":640,"height":640},"chibang_048_":{"width":640,"height":640}},"chibang2":{"chibang_000_":{"width":640,"height":640},"chibang_002_":{"width":640,"height":640},"chibang_004_":{"width":640,"height":640},"chibang_006_":{"width":640,"height":640},"chibang_008_":{"width":640,"height":640},"chibang_010_":{"width":640,"height":640},"chibang_012_":{"width":640,"height":640},"chibang_014_":{"width":640,"height":640},"chibang_016_":{"width":640,"height":640},"chibang_018_":{"width":640,"height":640},"chibang_020_":{"width":640,"height":640},"chibang_022_":{"width":640,"height":640},"chibang_024_":{"width":640,"height":640},"chibang_026_":{"width":640,"height":640},"chibang_028_":{"width":640,"height":640},"chibang_030_":{"width":640,"height":640},"chibang_032_":{"width":640,"height":640},"chibang_034_":{"width":640,"height":640},"chibang_036_":{"width":640,"height":640},"chibang_038_":{"width":640,"height":640},"chibang_040_":{"width":640,"height":640},"chibang_042_":{"width":640,"height":640},"chibang_044_":{"width":640,"height":640},"chibang_046_":{"width":640,"height":640},"chibang_048_":{"width":640,"height":640}},"lizi_":{"lizi_000_":{"width":400,"height":400},"lizi_002_":{"width":400,"height":400},"lizi_004_":{"width":400,"height":400},"lizi_006_":{"width":400,"height":400},"lizi_008_":{"width":400,"height":400},"lizi_010_":{"width":400,"height":400},"lizi_012_":{"width":400,"height":400},"lizi_014_":{"width":400,"height":400},"lizi_016_":{"width":400,"height":400},"lizi_018_":{"width":400,"height":400},"lizi_020_":{"width":400,"height":400},"lizi_022_":{"width":400,"height":400},"lizi_024_":{"width":400,"height":400},"lizi_026_":{"width":400,"height":400},"lizi_028_":{"width":400,"height":400},"lizi_030_":{"width":400,"height":400},"lizi_032_":{"width":400,"height":400},"lizi_034_":{"width":400,"height":400},"lizi_036_":{"width":400,"height":400},"lizi_038_":{"width":400,"height":400},"lizi_040_":{"width":400,"height":400},"lizi_042_":{"width":400,"height":400},"lizi_044_":{"width":400,"height":400},"lizi_046_":{"width":400,"height":400},"lizi_048_":{"width":400,"height":400}},"lizi_2":{"lizi_000_":{"width":400,"height":400},"lizi_002_":{"width":400,"height":400},"lizi_004_":{"width":400,"height":400},"lizi_006_":{"width":400,"height":400},"lizi_008_":{"width":400,"height":400},"lizi_010_":{"width":400,"height":400},"lizi_012_":{"width":400,"height":400},"lizi_014_":{"width":400,"height":400},"lizi_016_":{"width":400,"height":400},"lizi_018_":{"width":400,"height":400},"lizi_020_":{"width":400,"height":400},"lizi_022_":{"width":400,"height":400},"lizi_024_":{"width":400,"height":400},"lizi_026_":{"width":400,"height":400},"lizi_028_":{"width":400,"height":400},"lizi_030_":{"width":400,"height":400},"lizi_032_":{"width":400,"height":400},"lizi_034_":{"width":400,"height":400},"lizi_036_":{"width":400,"height":400},"lizi_038_":{"width":400,"height":400},"lizi_040_":{"width":400,"height":400},"lizi_042_":{"width":400,"height":400},"lizi_044_":{"width":400,"height":400},"lizi_046_":{"width":400,"height":400},"lizi_048_":{"width":400,"height":400}}}},"animations":{"animation":{"slots":{"chibang":{"attachment":[{"time":0,"name":"chibang_000_"},{"time":0.0667,"name":"chibang_002_"},{"time":0.1333,"name":"chibang_004_"},{"time":0.2,"name":"chibang_006_"},{"time":0.2667,"name":"chibang_008_"},{"time":0.3333,"name":"chibang_010_"},{"time":0.4,"name":"chibang_012_"},{"time":0.4667,"name":"chibang_014_"},{"time":0.5333,"name":"chibang_016_"},{"time":0.6,"name":"chibang_018_"},{"time":0.6667,"name":"chibang_020_"},{"time":0.7333,"name":"chibang_022_"},{"time":0.8,"name":"chibang_024_"},{"time":0.8667,"name":"chibang_026_"},{"time":0.9333,"name":"chibang_028_"},{"time":1,"name":"chibang_030_"},{"time":1.0667,"name":"chibang_032_"},{"time":1.1333,"name":"chibang_034_"},{"time":1.2,"name":"chibang_036_"},{"time":1.2667,"name":"chibang_038_"},{"time":1.3333,"name":"chibang_040_"},{"time":1.4,"name":"chibang_042_"},{"time":1.4667,"name":"chibang_044_"},{"time":1.5333,"name":"chibang_046_"},{"time":1.6,"name":"chibang_048_"},{"time":1.6667,"name":null}]},"chibang2":{"attachment":[{"time":0,"name":"chibang_000_"},{"time":0.0667,"name":"chibang_002_"},{"time":0.1333,"name":"chibang_004_"},{"time":0.2,"name":"chibang_006_"},{"time":0.2667,"name":"chibang_008_"},{"time":0.3333,"name":"chibang_010_"},{"time":0.4,"name":"chibang_012_"},{"time":0.4667,"name":"chibang_014_"},{"time":0.5333,"name":"chibang_016_"},{"time":0.6,"name":"chibang_018_"},{"time":0.6667,"name":"chibang_020_"},{"time":0.7333,"name":"chibang_022_"},{"time":0.8,"name":"chibang_024_"},{"time":0.8667,"name":"chibang_026_"},{"time":0.9333,"name":"chibang_028_"},{"time":1,"name":"chibang_030_"},{"time":1.0667,"name":"chibang_032_"},{"time":1.1333,"name":"chibang_034_"},{"time":1.2,"name":"chibang_036_"},{"time":1.2667,"name":"chibang_038_"},{"time":1.3333,"name":"chibang_040_"},{"time":1.4,"name":"chibang_042_"},{"time":1.4667,"name":"chibang_044_"},{"time":1.5333,"name":"chibang_046_"},{"time":1.6,"name":"chibang_048_"},{"time":1.6667,"name":null}]},"lizi_":{"attachment":[{"time":0,"name":"lizi_000_"},{"time":0.0667,"name":"lizi_002_"},{"time":0.1333,"name":"lizi_004_"},{"time":0.2,"name":"lizi_006_"},{"time":0.2667,"name":"lizi_008_"},{"time":0.3333,"name":"lizi_010_"},{"time":0.4,"name":"lizi_012_"},{"time":0.4667,"name":"lizi_014_"},{"time":0.5333,"name":"lizi_016_"},{"time":0.6,"name":"lizi_018_"},{"time":0.6667,"name":"lizi_020_"},{"time":0.7333,"name":"lizi_022_"},{"time":0.8,"name":"lizi_024_"},{"time":0.8667,"name":"lizi_026_"},{"time":0.9333,"name":"lizi_028_"},{"time":1,"name":"lizi_030_"},{"time":1.0667,"name":"lizi_032_"},{"time":1.1333,"name":"lizi_034_"},{"time":1.2,"name":"lizi_036_"},{"time":1.2667,"name":"lizi_038_"},{"time":1.3333,"name":"lizi_040_"},{"time":1.4,"name":"lizi_042_"},{"time":1.4667,"name":"lizi_044_"},{"time":1.5333,"name":"lizi_046_"},{"time":1.6,"name":"lizi_048_"},{"time":1.6667,"name":null}]},"lizi_2":{"attachment":[{"time":0,"name":"lizi_000_"},{"time":0.0667,"name":"lizi_002_"},{"time":0.1333,"name":"lizi_004_"},{"time":0.2,"name":"lizi_006_"},{"time":0.2667,"name":"lizi_008_"},{"time":0.3333,"name":"lizi_010_"},{"time":0.4,"name":"lizi_012_"},{"time":0.4667,"name":"lizi_014_"},{"time":0.5333,"name":"lizi_016_"},{"time":0.6,"name":"lizi_018_"},{"time":0.6667,"name":"lizi_020_"},{"time":0.7333,"name":"lizi_022_"},{"time":0.8,"name":"lizi_024_"},{"time":0.8667,"name":"lizi_026_"},{"time":0.9333,"name":"lizi_028_"},{"time":1,"name":"lizi_030_"},{"time":1.0667,"name":"lizi_032_"},{"time":1.1333,"name":"lizi_034_"},{"time":1.2,"name":"lizi_036_"},{"time":1.2667,"name":"lizi_038_"},{"time":1.3333,"name":"lizi_040_"},{"time":1.4,"name":"lizi_042_"},{"time":1.4667,"name":"lizi_044_"},{"time":1.5333,"name":"lizi_046_"},{"time":1.6,"name":"lizi_048_"},{"time":1.6667,"name":null}]}},"bones":{"L":{"translate":[{"time":0,"x":-218,"y":215}]},"R":{"translate":[{"time":0,"x":218,"y":215}],"scale":[{"time":0,"x":-1,"y":1}]}}}}}