{
    "version":"2",
    "Common/Common_1":[
        "item000",
        "item001",
        "item002",
        "item003",
        "item005",
        "item006",
        "item007",
        "item008",
        "item009",
        "item010",
        "item011",
        "item014",
        "item100",
        "item200",
        "item201",
        "item203",
        "item204",
        "item205",
        "item400",
        "item401",
        "item402",
        "item403",
        "item405",
        "item406",
        "item407",
        "item408",
        "item500",
        "item501",
        "item502",
        "item503",
        "item504",
        "item505",
        "item506",
        "item507",
        "item508",
        "item509",
        "item510",
        "item511",
        "item513",
        "item601",
        "item602",
        "item603",
        "item604",
        "item605",
        "item606",
        "item607",
        "item626",
        "item780",
        "item782",
        "item783",
        "item784",
        "item785",
        "item786",
        "item787",
        "item788",
        "item789",
        "item790",
        "item800"
    ],
    "Common/Common_2":[
        "item012",
        "item013",
        "item016",
        "item024",
        "item206",
        "item207",
        "item208",
        "item300",
        "item301",
        "item302",
        "item303",
        "item409",
        "item410",
        "item411",
        "item413",
        "item514",
        "item515",
        "item516",
        "item608",
        "item609",
        "item610",
        "item611",
        "item612",
        "item621",
        "item622",
        "item623",
        "item624",
        "item625",
        "item627",
        "item630",
        "item700",
        "item701",
        "item702",
        "item703",
        "item704",
        "item705",
        "item706",
        "item750",
        "item751",
        "item752",
        "item753",
        "item791",
        "item794",
        "item901",
        "item902",
        "item903",
        "item904",
        "item905",
        "item906",
        "item907",
        "item908",
        "item909",
        "item910",
        "item911",
        "item912"
    ],
    "goods/prop":[
        "item674",
        "item675",
        "item676"
    ],
    "dresource/HeadIcon/prop":[
        "g048",
        "g049",
        "g047"
    ]

}