{
"skeleton": { "hash": "27ghrLnrll+iMI5CnhbUWWZ/OEw", "spine": "3.7.94", "width": 0, "height": 0 },
"bones": [
	{ "name": "root" }
],
"slots": [
	{ "name": "wushi_yinying_", "bone": "root", "color": "ffffff95" },
	{ "name": "Zi_gj_22_02_", "bone": "root" },
	{ "name": "Zi_gj_22_01_", "bone": "root" },
	{ "name": "Zi_gj_21_02_", "bone": "root" },
	{ "name": "Zi_gj_21_01_", "bone": "root" },
	{ "name": "Zi_gj_20_02_", "bone": "root" },
	{ "name": "Zi_gj_20_01_", "bone": "root" },
	{ "name": "Zi_gj_19_02_", "bone": "root" },
	{ "name": "Zi_gj_19_01_", "bone": "root" },
	{ "name": "Zi_gj_18_02_", "bone": "root" },
	{ "name": "Zi_gj_18_01_", "bone": "root" },
	{ "name": "Zi_gj_17_02_", "bone": "root" },
	{ "name": "Zi_gj_17_01_", "bone": "root" },
	{ "name": "Zi_gj_16_02_", "bone": "root" },
	{ "name": "Zi_gj_16_01_", "bone": "root" },
	{ "name": "Zi_gj_15_02_", "bone": "root" },
	{ "name": "Zi_gj_15_01_", "bone": "root" },
	{ "name": "Zi_gj_14_02_", "bone": "root" },
	{ "name": "Zi_gj_14_01_", "bone": "root" },
	{ "name": "Zi_gj_13_02_", "bone": "root" },
	{ "name": "Zi_gj_13_01_", "bone": "root" },
	{ "name": "Zi_gj_12_02_", "bone": "root" },
	{ "name": "Zi_gj_12_01_", "bone": "root" },
	{ "name": "Zi_gj_11_02_", "bone": "root" },
	{ "name": "Zi_gj_11_01_", "bone": "root" },
	{ "name": "Zi_gj_10_02_", "bone": "root" },
	{ "name": "Zi_gj_10_01_", "bone": "root" },
	{ "name": "Zi_gj_09_02_", "bone": "root" },
	{ "name": "Zi_gj_09_01_", "bone": "root" },
	{ "name": "Zi_gj_08_02_", "bone": "root" },
	{ "name": "Zi_gj_08_01_", "bone": "root" },
	{ "name": "Zi_gj_07_02_", "bone": "root" },
	{ "name": "Zi_gj_07_01_", "bone": "root" },
	{ "name": "Zi_gj_06_02_", "bone": "root" },
	{ "name": "Zi_gj_06_01_", "bone": "root" },
	{ "name": "Zi_gj_05_02_", "bone": "root" },
	{ "name": "Zi_gj_05_01_", "bone": "root" },
	{ "name": "Zi_gj_04_02_", "bone": "root" },
	{ "name": "Zi_gj_04_01_", "bone": "root" },
	{ "name": "Zi_gj_03_02_", "bone": "root" },
	{ "name": "Zi_gj_03_01_", "bone": "root" },
	{ "name": "Zi_gj_02_02_", "bone": "root" },
	{ "name": "Zi_gj_02_01_", "bone": "root" },
	{ "name": "Zi_gj_01_02_", "bone": "root" },
	{ "name": "Zi_gj_01_01_", "bone": "root" },
	{ "name": "Zi_gj_00_02_", "bone": "root" },
	{ "name": "Zi_gj_00_01_", "bone": "root" },
	{ "name": "Zi_dj_40_02_", "bone": "root" },
	{ "name": "Zi_dj_40_01_", "bone": "root" },
	{ "name": "Zi_dj_39_02_", "bone": "root" },
	{ "name": "Zi_dj_39_01_", "bone": "root" },
	{ "name": "Zi_dj_38_02_", "bone": "root" },
	{ "name": "Zi_dj_38_01_", "bone": "root" },
	{ "name": "Zi_dj_37_02_", "bone": "root" },
	{ "name": "Zi_dj_37_01_", "bone": "root" },
	{ "name": "Zi_dj_36_02_", "bone": "root" },
	{ "name": "Zi_dj_36_01_", "bone": "root" },
	{ "name": "Zi_dj_35_02_", "bone": "root" },
	{ "name": "Zi_dj_35_01_", "bone": "root" },
	{ "name": "Zi_dj_34_02_", "bone": "root" },
	{ "name": "Zi_dj_34_01_", "bone": "root" },
	{ "name": "Zi_dj_33_02_", "bone": "root" },
	{ "name": "Zi_dj_33_01_", "bone": "root" },
	{ "name": "Zi_dj_32_02_", "bone": "root" },
	{ "name": "Zi_dj_32_01_", "bone": "root" },
	{ "name": "Zi_dj_31_02_", "bone": "root" },
	{ "name": "Zi_dj_31_01_", "bone": "root" },
	{ "name": "Zi_dj_30_02_", "bone": "root" },
	{ "name": "Zi_dj_30_01_", "bone": "root" },
	{ "name": "Zi_dj_29_02_", "bone": "root" },
	{ "name": "Zi_dj_29_01_", "bone": "root" },
	{ "name": "Zi_dj_28_02_", "bone": "root" },
	{ "name": "Zi_dj_28_01_", "bone": "root" },
	{ "name": "Zi_dj_27_02_", "bone": "root" },
	{ "name": "Zi_dj_27_01_", "bone": "root" },
	{ "name": "Zi_dj_26_02_", "bone": "root" },
	{ "name": "Zi_dj_26_01_", "bone": "root" },
	{ "name": "Zi_dj_25_02_", "bone": "root" },
	{ "name": "Zi_dj_25_01_", "bone": "root" },
	{ "name": "Zi_dj_24_02_", "bone": "root" },
	{ "name": "Zi_dj_24_01_", "bone": "root" },
	{ "name": "Zi_dj_23_02_", "bone": "root" },
	{ "name": "Zi_dj_23_01_", "bone": "root" },
	{ "name": "Zi_dj_22_02_", "bone": "root" },
	{ "name": "Zi_dj_22_01_", "bone": "root" },
	{ "name": "Zi_dj_21_02_", "bone": "root" },
	{ "name": "Zi_dj_21_01_", "bone": "root" },
	{ "name": "Zi_dj_20_02_", "bone": "root" },
	{ "name": "Zi_dj_20_01_", "bone": "root" },
	{ "name": "Zi_dj_19_02_", "bone": "root" },
	{ "name": "Zi_dj_19_01_", "bone": "root" },
	{ "name": "Zi_dj_18_02_", "bone": "root" },
	{ "name": "Zi_dj_18_01_", "bone": "root" },
	{ "name": "Zi_dj_17_02_", "bone": "root" },
	{ "name": "Zi_dj_17_01_", "bone": "root" },
	{ "name": "Zi_dj_16_02_", "bone": "root" },
	{ "name": "Zi_dj_16_01_", "bone": "root" },
	{ "name": "Zi_dj_15_02_", "bone": "root" },
	{ "name": "Zi_dj_15_01_", "bone": "root" },
	{ "name": "Zi_dj_14_02_", "bone": "root" },
	{ "name": "Zi_dj_14_01_", "bone": "root" },
	{ "name": "Zi_dj_13_02_", "bone": "root" },
	{ "name": "Zi_dj_13_01_", "bone": "root" },
	{ "name": "Zi_dj_12_02_", "bone": "root" },
	{ "name": "Zi_dj_12_01_", "bone": "root" },
	{ "name": "Zi_dj_11_02_", "bone": "root" },
	{ "name": "Zi_dj_11_01_", "bone": "root" },
	{ "name": "Zi_dj_10_02_", "bone": "root" },
	{ "name": "Zi_dj_10_01_", "bone": "root" },
	{ "name": "Zi_dj_09_02_", "bone": "root" },
	{ "name": "Zi_dj_09_01_", "bone": "root" },
	{ "name": "Zi_dj_08_02_", "bone": "root" },
	{ "name": "Zi_dj_08_01_", "bone": "root" },
	{ "name": "Zi_dj_07_02_", "bone": "root" },
	{ "name": "Zi_dj_07_01_", "bone": "root" },
	{ "name": "Zi_dj_06_02_", "bone": "root" },
	{ "name": "Zi_dj_06_01_", "bone": "root" },
	{ "name": "Zi_dj_05_02_", "bone": "root" },
	{ "name": "Zi_dj_05_01_", "bone": "root" },
	{ "name": "Zi_dj_04_02_", "bone": "root" },
	{ "name": "Zi_dj_04_01_", "bone": "root" },
	{ "name": "Zi_dj_03_02_", "bone": "root" },
	{ "name": "Zi_dj_03_01_", "bone": "root" },
	{ "name": "Zi_dj_02_02_", "bone": "root" },
	{ "name": "Zi_dj_02_01_", "bone": "root" },
	{ "name": "Zi_dj_01_02_", "bone": "root" },
	{ "name": "Zi_dj_01_01_", "bone": "root" },
	{ "name": "Zi_dj_00_02_", "bone": "root" },
	{ "name": "Zi_dj_00_01_", "bone": "root" }
],
"skins": {
	"default": {
		"Zi_dj_00_01_": {
			"Zi_dj_00_01_": { "x": 78.24, "y": 114.4, "width": 135, "height": 224 }
		},
		"Zi_dj_00_02_": {
			"Zi_dj_00_02_": { "x": -62.76, "y": 152.4, "width": 147, "height": 128 }
		},
		"Zi_dj_01_01_": {
			"Zi_dj_01_01_": { "x": 69.24, "y": 112.9, "width": 143, "height": 221 }
		},
		"Zi_dj_01_02_": {
			"Zi_dj_01_02_": { "x": -63.76, "y": 156.9, "width": 123, "height": 125 }
		},
		"Zi_dj_02_01_": {
			"Zi_dj_02_01_": { "x": 70.74, "y": 111.9, "width": 140, "height": 219 }
		},
		"Zi_dj_02_02_": {
			"Zi_dj_02_02_": { "x": -53.26, "y": 163.4, "width": 108, "height": 146 }
		},
		"Zi_dj_03_01_": {
			"Zi_dj_03_01_": { "x": 67.24, "y": 112.4, "width": 141, "height": 220 }
		},
		"Zi_dj_03_02_": {
			"Zi_dj_03_02_": { "x": -47.26, "y": 174.4, "width": 88, "height": 160 }
		},
		"Zi_dj_04_01_": {
			"Zi_dj_04_01_": { "x": 67.24, "y": 114.4, "width": 147, "height": 224 }
		},
		"Zi_dj_04_02_": {
			"Zi_dj_04_02_": { "x": -54.76, "y": 164.9, "width": 97, "height": 143 }
		},
		"Zi_dj_05_01_": {
			"Zi_dj_05_01_": { "x": 74.74, "y": 112.9, "width": 156, "height": 221 }
		},
		"Zi_dj_05_02_": {
			"Zi_dj_05_02_": { "x": -61.76, "y": 153.9, "width": 117, "height": 121 }
		},
		"Zi_dj_06_01_": {
			"Zi_dj_06_01_": { "x": 81.74, "y": 110.9, "width": 160, "height": 217 }
		},
		"Zi_dj_06_02_": {
			"Zi_dj_06_02_": { "x": -71.26, "y": 148.9, "width": 146, "height": 125 }
		},
		"Zi_dj_07_01_": {
			"Zi_dj_07_01_": { "x": 81.24, "y": 115.4, "width": 155, "height": 226 }
		},
		"Zi_dj_07_02_": {
			"Zi_dj_07_02_": { "x": -77.26, "y": 155.4, "width": 162, "height": 144 }
		},
		"Zi_dj_08_01_": {
			"Zi_dj_08_01_": { "x": 74.24, "y": 111.4, "width": 165, "height": 218 }
		},
		"Zi_dj_08_02_": {
			"Zi_dj_08_02_": { "x": -79.76, "y": 155.9, "width": 143, "height": 125 }
		},
		"Zi_dj_09_01_": {
			"Zi_dj_09_01_": { "x": 73.74, "y": 109.9, "width": 172, "height": 215 }
		},
		"Zi_dj_09_02_": {
			"Zi_dj_09_02_": { "x": -73.26, "y": 155.4, "width": 122, "height": 124 }
		},
		"Zi_dj_10_01_": {
			"Zi_dj_10_01_": { "x": 76.24, "y": 106.4, "width": 161, "height": 208 }
		},
		"Zi_dj_10_02_": {
			"Zi_dj_10_02_": { "x": -62.76, "y": 156.9, "width": 117, "height": 125 }
		},
		"Zi_dj_11_01_": {
			"Zi_dj_11_01_": { "x": 67.24, "y": 108.9, "width": 137, "height": 213 }
		},
		"Zi_dj_11_02_": {
			"Zi_dj_11_02_": { "x": -51.26, "y": 166.9, "width": 100, "height": 149 }
		},
		"Zi_dj_12_01_": {
			"Zi_dj_12_01_": { "x": 69.24, "y": 113.9, "width": 143, "height": 223 }
		},
		"Zi_dj_12_02_": {
			"Zi_dj_12_02_": { "x": -47.76, "y": 174.4, "width": 91, "height": 160 }
		},
		"Zi_dj_13_01_": {
			"Zi_dj_13_01_": { "x": 71.24, "y": 116.9, "width": 151, "height": 229 }
		},
		"Zi_dj_13_02_": {
			"Zi_dj_13_02_": { "x": -54.76, "y": 164.9, "width": 101, "height": 143 }
		},
		"Zi_dj_14_01_": {
			"Zi_dj_14_01_": { "x": 70.24, "y": 116.4, "width": 153, "height": 228 }
		},
		"Zi_dj_14_02_": {
			"Zi_dj_14_02_": { "x": -57.76, "y": 161.9, "width": 103, "height": 137 }
		},
		"Zi_dj_15_01_": {
			"Zi_dj_15_01_": { "x": 69.74, "y": 114.9, "width": 150, "height": 225 }
		},
		"Zi_dj_15_02_": {
			"Zi_dj_15_02_": { "x": -58.26, "y": 160.4, "width": 106, "height": 134 }
		},
		"Zi_dj_16_01_": {
			"Zi_dj_16_01_": { "x": 69.24, "y": 114.4, "width": 149, "height": 224 }
		},
		"Zi_dj_16_02_": {
			"Zi_dj_16_02_": { "x": -58.76, "y": 159.9, "width": 107, "height": 133 }
		},
		"Zi_dj_17_01_": {
			"Zi_dj_17_01_": { "x": 66.74, "y": 113.9, "width": 152, "height": 223 }
		},
		"Zi_dj_17_02_": {
			"Zi_dj_17_02_": { "x": -61.26, "y": 159.4, "width": 104, "height": 132 }
		},
		"Zi_dj_18_01_": {
			"Zi_dj_18_01_": { "x": 68.74, "y": 114.4, "width": 150, "height": 224 }
		},
		"Zi_dj_18_02_": {
			"Zi_dj_18_02_": { "x": -59.26, "y": 156.9, "width": 106, "height": 127 }
		},
		"Zi_dj_19_01_": {
			"Zi_dj_19_01_": { "x": 70.74, "y": 120.9, "width": 152, "height": 239 }
		},
		"Zi_dj_19_02_": {
			"Zi_dj_19_02_": { "x": -57.26, "y": 156.9, "width": 104, "height": 127 }
		},
		"Zi_dj_20_01_": {
			"Zi_dj_20_01_": { "x": 57.24, "y": 116.4, "width": 155, "height": 208 }
		},
		"Zi_dj_20_02_": {
			"Zi_dj_20_02_": { "x": -64.26, "y": 155.4, "width": 88, "height": 124 }
		},
		"Zi_dj_21_01_": {
			"Zi_dj_21_01_": { "x": 56.74, "y": 105.4, "width": 138, "height": 186 }
		},
		"Zi_dj_21_02_": {
			"Zi_dj_21_02_": { "x": -60.26, "y": 142.9, "width": 96, "height": 141 }
		},
		"Zi_dj_22_01_": {
			"Zi_dj_22_01_": { "x": 47.24, "y": 109.9, "width": 155, "height": 197 }
		},
		"Zi_dj_22_02_": {
			"Zi_dj_22_02_": { "x": -69.26, "y": 151.4, "width": 78, "height": 122 }
		},
		"Zi_dj_23_01_": {
			"Zi_dj_23_01_": { "x": 45.74, "y": 110.4, "width": 156, "height": 198 }
		},
		"Zi_dj_23_02_": {
			"Zi_dj_23_02_": { "x": -69.76, "y": 151.4, "width": 75, "height": 122 }
		},
		"Zi_dj_24_01_": {
			"Zi_dj_24_01_": { "x": 44.24, "y": 110.9, "width": 157, "height": 197 }
		},
		"Zi_dj_24_02_": {
			"Zi_dj_24_02_": { "x": -70.76, "y": 152.4, "width": 73, "height": 120 }
		},
		"Zi_dj_25_01_": {
			"Zi_dj_25_01_": { "x": 40.24, "y": 112.4, "width": 163, "height": 200 }
		},
		"Zi_dj_25_02_": {
			"Zi_dj_25_02_": { "x": -74.26, "y": 152.9, "width": 66, "height": 119 }
		},
		"Zi_dj_26_01_": {
			"Zi_dj_26_01_": { "x": 43.74, "y": 111.4, "width": 158, "height": 198 }
		},
		"Zi_dj_26_02_": {
			"Zi_dj_26_02_": { "x": -71.76, "y": 153.4, "width": 73, "height": 120 }
		},
		"Zi_dj_27_01_": {
			"Zi_dj_27_01_": { "x": 46.24, "y": 111.4, "width": 155, "height": 196 }
		},
		"Zi_dj_27_02_": {
			"Zi_dj_27_02_": { "x": -69.26, "y": 151.9, "width": 76, "height": 123 }
		},
		"Zi_dj_28_01_": {
			"Zi_dj_28_01_": { "x": 46.74, "y": 112.4, "width": 158, "height": 196 }
		},
		"Zi_dj_28_02_": {
			"Zi_dj_28_02_": { "x": -70.26, "y": 153.4, "width": 76, "height": 120 }
		},
		"Zi_dj_29_01_": {
			"Zi_dj_29_01_": { "x": 48.74, "y": 111.4, "width": 158, "height": 196 }
		},
		"Zi_dj_29_02_": {
			"Zi_dj_29_02_": { "x": -69.76, "y": 153.4, "width": 79, "height": 120 }
		},
		"Zi_dj_30_01_": {
			"Zi_dj_30_01_": { "x": 56.24, "y": 110.9, "width": 153, "height": 191 }
		},
		"Zi_dj_30_02_": {
			"Zi_dj_30_02_": { "x": -69.26, "y": 153.9, "width": 98, "height": 121 }
		},
		"Zi_dj_31_01_": {
			"Zi_dj_31_01_": { "x": 63.24, "y": 117.4, "width": 147, "height": 200 }
		},
		"Zi_dj_31_02_": {
			"Zi_dj_31_02_": { "x": -71.26, "y": 154.9, "width": 122, "height": 123 }
		},
		"Zi_dj_32_01_": {
			"Zi_dj_32_01_": { "x": 70.74, "y": 114.9, "width": 146, "height": 225 }
		},
		"Zi_dj_32_02_": {
			"Zi_dj_32_02_": { "x": -67.76, "y": 155.9, "width": 131, "height": 123 }
		},
		"Zi_dj_33_01_": {
			"Zi_dj_33_01_": { "x": 70.24, "y": 112.9, "width": 145, "height": 221 }
		},
		"Zi_dj_33_02_": {
			"Zi_dj_33_02_": { "x": -60.76, "y": 159.4, "width": 117, "height": 130 }
		},
		"Zi_dj_34_01_": {
			"Zi_dj_34_01_": { "x": 69.74, "y": 112.4, "width": 140, "height": 220 }
		},
		"Zi_dj_34_02_": {
			"Zi_dj_34_02_": { "x": -46.76, "y": 169.9, "width": 93, "height": 157 }
		},
		"Zi_dj_35_01_": {
			"Zi_dj_35_01_": { "x": 63.24, "y": 113.9, "width": 143, "height": 223 }
		},
		"Zi_dj_35_02_": {
			"Zi_dj_35_02_": { "x": -51.76, "y": 171.9, "width": 87, "height": 155 }
		},
		"Zi_dj_36_01_": {
			"Zi_dj_36_01_": { "x": 70.74, "y": 114.4, "width": 150, "height": 224 }
		},
		"Zi_dj_36_02_": {
			"Zi_dj_36_02_": { "x": -58.26, "y": 157.4, "width": 108, "height": 128 }
		},
		"Zi_dj_37_01_": {
			"Zi_dj_37_01_": { "x": 79.24, "y": 111.4, "width": 161, "height": 218 }
		},
		"Zi_dj_37_02_": {
			"Zi_dj_37_02_": { "x": -66.26, "y": 152.9, "width": 130, "height": 119 }
		},
		"Zi_dj_38_01_": {
			"Zi_dj_38_01_": { "x": 83.24, "y": 114.4, "width": 157, "height": 224 }
		},
		"Zi_dj_38_02_": {
			"Zi_dj_38_02_": { "x": -74.76, "y": 154.4, "width": 159, "height": 144 }
		},
		"Zi_dj_39_01_": {
			"Zi_dj_39_01_": { "x": 77.74, "y": 115.9, "width": 154, "height": 227 }
		},
		"Zi_dj_39_02_": {
			"Zi_dj_39_02_": { "x": -78.26, "y": 156.4, "width": 158, "height": 136 }
		},
		"Zi_dj_40_01_": {
			"Zi_dj_40_01_": { "x": 70.74, "y": 113.9, "width": 154, "height": 223 }
		},
		"Zi_dj_40_02_": {
			"Zi_dj_40_02_": { "x": -73.76, "y": 154.9, "width": 135, "height": 123 }
		},
		"Zi_gj_00_01_": {
			"Zi_gj_00_01_": { "x": 69.74, "y": 114.4, "width": 152, "height": 224 }
		},
		"Zi_gj_00_02_": {
			"Zi_gj_00_02_": { "x": -71.26, "y": 154.9, "width": 130, "height": 123 }
		},
		"Zi_gj_01_01_": {
			"Zi_gj_01_01_": { "x": 64.24, "y": 110.9, "width": 163, "height": 219 }
		},
		"Zi_gj_01_02_": {
			"Zi_gj_01_02_": { "x": -77.76, "y": 158.9, "width": 121, "height": 131 }
		},
		"Zi_gj_02_01_": {
			"Zi_gj_02_01_": { "x": 66.24, "y": 109.4, "width": 155, "height": 228 }
		},
		"Zi_gj_02_02_": {
			"Zi_gj_02_02_": { "x": -70.26, "y": 167.4, "width": 118, "height": 138 }
		},
		"Zi_gj_03_01_": {
			"Zi_gj_03_01_": { "x": 74.74, "y": 83.4, "width": 164, "height": 234 }
		},
		"Zi_gj_03_02_": {
			"Zi_gj_03_02_": { "x": -77.76, "y": 169.4, "width": 141, "height": 164 }
		},
		"Zi_gj_04_01_": {
			"Zi_gj_04_01_": { "x": 74.24, "y": 84.4, "width": 165, "height": 236 }
		},
		"Zi_gj_04_02_": {
			"Zi_gj_04_02_": { "x": -81.76, "y": 164.4, "width": 147, "height": 154 }
		},
		"Zi_gj_05_01_": {
			"Zi_gj_05_01_": { "x": 71.24, "y": 86.9, "width": 171, "height": 241 }
		},
		"Zi_gj_05_02_": {
			"Zi_gj_05_02_": { "x": -86.26, "y": 152.4, "width": 144, "height": 132 }
		},
		"Zi_gj_06_01_": {
			"Zi_gj_06_01_": { "x": 76.74, "y": 83.4, "width": 160, "height": 234 }
		},
		"Zi_gj_06_02_": {
			"Zi_gj_06_02_": { "x": -74.26, "y": 150.4, "width": 142, "height": 140 }
		},
		"Zi_gj_07_01_": {
			"Zi_gj_07_01_": { "x": 75.24, "y": 83.9, "width": 163, "height": 235 }
		},
		"Zi_gj_07_02_": {
			"Zi_gj_07_02_": { "x": -71.26, "y": 150.4, "width": 130, "height": 144 }
		},
		"Zi_gj_08_01_": {
			"Zi_gj_08_01_": { "x": 75.74, "y": 82.9, "width": 162, "height": 233 }
		},
		"Zi_gj_08_02_": {
			"Zi_gj_08_02_": { "x": -61.26, "y": 147.9, "width": 116, "height": 157 }
		},
		"Zi_gj_09_01_": {
			"Zi_gj_09_01_": { "x": 75.74, "y": 82.9, "width": 162, "height": 233 }
		},
		"Zi_gj_09_02_": {
			"Zi_gj_09_02_": { "x": -52.26, "y": 143.9, "width": 94, "height": 157 }
		},
		"Zi_gj_10_01_": {
			"Zi_gj_10_01_": { "x": 75.74, "y": 82.4, "width": 162, "height": 232 }
		},
		"Zi_gj_10_02_": {
			"Zi_gj_10_02_": { "x": -46.76, "y": 143.4, "width": 83, "height": 160 }
		},
		"Zi_gj_11_01_": {
			"Zi_gj_11_01_": { "x": 82.24, "y": 78.9, "width": 167, "height": 225 }
		},
		"Zi_gj_11_02_": {
			"Zi_gj_11_02_": { "x": -44.26, "y": 144.9, "width": 86, "height": 173 }
		},
		"Zi_gj_12_01_": {
			"Zi_gj_12_01_": { "x": 94.24, "y": 73.4, "width": 183, "height": 214 }
		},
		"Zi_gj_12_02_": {
			"Zi_gj_12_02_": { "x": -47.26, "y": 171.9, "width": 100, "height": 221 }
		},
		"Zi_gj_13_01_": {
			"Zi_gj_13_01_": { "x": 93.24, "y": 72.4, "width": 185, "height": 212 }
		},
		"Zi_gj_13_02_": {
			"Zi_gj_13_02_": { "x": -48.26, "y": 171.4, "width": 98, "height": 210 }
		},
		"Zi_gj_14_01_": {
			"Zi_gj_14_01_": { "x": 94.24, "y": 71.9, "width": 193, "height": 211 }
		},
		"Zi_gj_14_02_": {
			"Zi_gj_14_02_": { "x": -50.76, "y": 164.9, "width": 97, "height": 187 }
		},
		"Zi_gj_15_01_": {
			"Zi_gj_15_01_": { "x": 95.24, "y": 70.9, "width": 189, "height": 209 }
		},
		"Zi_gj_15_02_": {
			"Zi_gj_15_02_": { "x": -52.76, "y": 153.9, "width": 107, "height": 171 }
		},
		"Zi_gj_16_01_": {
			"Zi_gj_16_01_": { "x": 90.24, "y": 71.4, "width": 185, "height": 210 }
		},
		"Zi_gj_16_02_": {
			"Zi_gj_16_02_": { "x": -58.26, "y": 147.4, "width": 112, "height": 148 }
		},
		"Zi_gj_17_01_": {
			"Zi_gj_17_01_": { "x": 87.74, "y": 70.9, "width": 182, "height": 209 }
		},
		"Zi_gj_17_02_": {
			"Zi_gj_17_02_": { "x": -60.26, "y": 141.4, "width": 114, "height": 134 }
		},
		"Zi_gj_18_01_": {
			"Zi_gj_18_01_": { "x": 83.74, "y": 72.4, "width": 172, "height": 212 }
		},
		"Zi_gj_18_02_": {
			"Zi_gj_18_02_": { "x": -61.76, "y": 132.9, "width": 119, "height": 107 }
		},
		"Zi_gj_19_01_": {
			"Zi_gj_19_01_": { "x": 74.74, "y": 99.4, "width": 148, "height": 212 }
		},
		"Zi_gj_19_02_": {
			"Zi_gj_19_02_": { "x": -63.26, "y": 138.4, "width": 128, "height": 104 }
		},
		"Zi_gj_20_01_": {
			"Zi_gj_20_01_": { "x": 58.24, "y": 114.4, "width": 159, "height": 224 }
		},
		"Zi_gj_20_02_": {
			"Zi_gj_20_02_": { "x": -75.26, "y": 144.9, "width": 108, "height": 109 }
		},
		"Zi_gj_21_01_": {
			"Zi_gj_21_01_": { "x": 65.74, "y": 114.4, "width": 152, "height": 224 }
		},
		"Zi_gj_21_02_": {
			"Zi_gj_21_02_": { "x": -72.26, "y": 151.9, "width": 124, "height": 117 }
		},
		"Zi_gj_22_01_": {
			"Zi_gj_22_01_": { "x": 69.74, "y": 114.4, "width": 152, "height": 224 }
		},
		"Zi_gj_22_02_": {
			"Zi_gj_22_02_": { "x": -71.26, "y": 154.9, "width": 130, "height": 123 }
		},
		"wushi_yinying_": {
			"wushi_yinying_": { "y": 89.56, "width": 346, "height": 299 }
		}
	}
},
"animations": {
	"bgj": {
		"slots": {
			"Zi_gj_00_01_": {
				"attachment": [
					{ "time": 0, "name": "Zi_gj_00_01_" },
					{ "time": 0.1333, "name": null }
				]
			},
			"Zi_gj_00_02_": {
				"attachment": [
					{ "time": 0, "name": "Zi_gj_00_02_" },
					{ "time": 0.1333, "name": null }
				]
			},
			"Zi_gj_01_01_": {
				"attachment": [
					{ "time": 0.1333, "name": "Zi_gj_01_01_" },
					{ "time": 0.2667, "name": null }
				]
			},
			"Zi_gj_01_02_": {
				"attachment": [
					{ "time": 0.1333, "name": "Zi_gj_01_02_" },
					{ "time": 0.2667, "name": null }
				]
			},
			"Zi_gj_02_01_": {
				"attachment": [
					{ "time": 0.2667, "name": "Zi_gj_02_01_" },
					{ "time": 0.3667, "name": null }
				]
			},
			"Zi_gj_02_02_": {
				"attachment": [
					{ "time": 0.2667, "name": "Zi_gj_02_02_" },
					{ "time": 0.3667, "name": null }
				]
			},
			"Zi_gj_03_01_": {
				"attachment": [
					{ "time": 0.3667, "name": "Zi_gj_03_01_" },
					{ "time": 0.5, "name": null }
				]
			},
			"Zi_gj_03_02_": {
				"attachment": [
					{ "time": 0.3667, "name": "Zi_gj_03_02_" },
					{ "time": 0.5, "name": null }
				]
			},
			"Zi_gj_04_01_": {
				"attachment": [
					{ "time": 0.5, "name": "Zi_gj_04_01_" },
					{ "time": 0.6333, "name": null }
				]
			},
			"Zi_gj_04_02_": {
				"attachment": [
					{ "time": 0.5, "name": "Zi_gj_04_02_" },
					{ "time": 0.6333, "name": null }
				]
			},
			"Zi_gj_05_01_": {
				"attachment": [
					{ "time": 0.6333, "name": "Zi_gj_05_01_" },
					{ "time": 0.7667, "name": null }
				]
			},
			"Zi_gj_05_02_": {
				"attachment": [
					{ "time": 0.6333, "name": "Zi_gj_05_02_" },
					{ "time": 0.7667, "name": null }
				]
			},
			"Zi_gj_06_01_": {
				"attachment": [
					{ "time": 0.7667, "name": "Zi_gj_06_01_" },
					{ "time": 0.9, "name": null }
				]
			},
			"Zi_gj_06_02_": {
				"attachment": [
					{ "time": 0.7667, "name": "Zi_gj_06_02_" },
					{ "time": 0.9, "name": null }
				]
			},
			"Zi_gj_07_01_": {
				"attachment": [
					{ "time": 0.9, "name": "Zi_gj_07_01_" },
					{ "time": 1, "name": null }
				]
			},
			"Zi_gj_07_02_": {
				"attachment": [
					{ "time": 0.9, "name": "Zi_gj_07_02_" },
					{ "time": 1, "name": null }
				]
			},
			"Zi_gj_08_01_": {
				"attachment": [
					{ "time": 1, "name": "Zi_gj_08_01_" },
					{ "time": 1.1333, "name": null }
				]
			},
			"Zi_gj_08_02_": {
				"attachment": [
					{ "time": 1, "name": "Zi_gj_08_02_" },
					{ "time": 1.1333, "name": null }
				]
			},
			"Zi_gj_09_01_": {
				"attachment": [
					{ "time": 1.1333, "name": "Zi_gj_09_01_" },
					{ "time": 1.2667, "name": null }
				]
			},
			"Zi_gj_09_02_": {
				"attachment": [
					{ "time": 1.1333, "name": "Zi_gj_09_02_" },
					{ "time": 1.2667, "name": null }
				]
			},
			"Zi_gj_10_01_": {
				"attachment": [
					{ "time": 1.2667, "name": "Zi_gj_10_01_" },
					{ "time": 1.4, "name": null }
				]
			},
			"Zi_gj_10_02_": {
				"attachment": [
					{ "time": 1.2667, "name": "Zi_gj_10_02_" },
					{ "time": 1.4, "name": null }
				]
			},
			"Zi_gj_11_01_": {
				"attachment": [
					{ "time": 1.4, "name": "Zi_gj_11_01_" },
					{ "time": 1.5333, "name": null }
				]
			},
			"Zi_gj_11_02_": {
				"attachment": [
					{ "time": 1.4, "name": "Zi_gj_11_02_" },
					{ "time": 1.5333, "name": null }
				]
			},
			"Zi_gj_12_01_": {
				"attachment": [
					{ "time": 1.5333, "name": "Zi_gj_12_01_" },
					{ "time": 1.6333, "name": null }
				]
			},
			"Zi_gj_12_02_": {
				"attachment": [
					{ "time": 1.5333, "name": "Zi_gj_12_02_" },
					{ "time": 1.6333, "name": null }
				]
			},
			"Zi_gj_13_01_": {
				"attachment": [
					{ "time": 1.6333, "name": "Zi_gj_13_01_" },
					{ "time": 1.7667, "name": null }
				]
			},
			"Zi_gj_13_02_": {
				"attachment": [
					{ "time": 1.6333, "name": "Zi_gj_13_02_" },
					{ "time": 1.7667, "name": null }
				]
			},
			"Zi_gj_14_01_": {
				"attachment": [
					{ "time": 1.7667, "name": "Zi_gj_14_01_" },
					{ "time": 1.9, "name": null }
				]
			},
			"Zi_gj_14_02_": {
				"attachment": [
					{ "time": 1.7667, "name": "Zi_gj_14_02_" },
					{ "time": 1.9, "name": null }
				]
			},
			"Zi_gj_15_01_": {
				"attachment": [
					{ "time": 1.9, "name": "Zi_gj_15_01_" },
					{ "time": 2.0333, "name": null }
				]
			},
			"Zi_gj_15_02_": {
				"attachment": [
					{ "time": 1.9, "name": "Zi_gj_15_02_" },
					{ "time": 2.0333, "name": null }
				]
			},
			"Zi_gj_16_01_": {
				"attachment": [
					{ "time": 2.0333, "name": "Zi_gj_16_01_" },
					{ "time": 2.1333, "name": null }
				]
			},
			"Zi_gj_16_02_": {
				"attachment": [
					{ "time": 2.0333, "name": "Zi_gj_16_02_" },
					{ "time": 2.1333, "name": null }
				]
			},
			"Zi_gj_17_01_": {
				"attachment": [
					{ "time": 2.1333, "name": "Zi_gj_17_01_" },
					{ "time": 2.2667, "name": null }
				]
			},
			"Zi_gj_17_02_": {
				"attachment": [
					{ "time": 2.1333, "name": "Zi_gj_17_02_" },
					{ "time": 2.2667, "name": null }
				]
			},
			"Zi_gj_18_01_": {
				"attachment": [
					{ "time": 2.2667, "name": "Zi_gj_18_01_" },
					{ "time": 2.4, "name": null }
				]
			},
			"Zi_gj_18_02_": {
				"attachment": [
					{ "time": 2.2667, "name": "Zi_gj_18_02_" },
					{ "time": 2.4, "name": null }
				]
			},
			"Zi_gj_19_01_": {
				"attachment": [
					{ "time": 2.4, "name": "Zi_gj_19_01_" },
					{ "time": 2.5333, "name": null }
				]
			},
			"Zi_gj_19_02_": {
				"attachment": [
					{ "time": 2.4, "name": "Zi_gj_19_02_" },
					{ "time": 2.5333, "name": null }
				]
			},
			"Zi_gj_20_01_": {
				"attachment": [
					{ "time": 2.5333, "name": "Zi_gj_20_01_" },
					{ "time": 2.6667, "name": null }
				]
			},
			"Zi_gj_20_02_": {
				"attachment": [
					{ "time": 2.5333, "name": "Zi_gj_20_02_" },
					{ "time": 2.6667, "name": null }
				]
			},
			"Zi_gj_21_01_": {
				"attachment": [
					{ "time": 2.6667, "name": "Zi_gj_21_01_" },
					{ "time": 2.7667, "name": null }
				]
			},
			"Zi_gj_21_02_": {
				"attachment": [
					{ "time": 2.6667, "name": "Zi_gj_21_02_" },
					{ "time": 2.7667, "name": null }
				]
			},
			"Zi_gj_22_01_": {
				"attachment": [
					{ "time": 2.7667, "name": "Zi_gj_22_01_" },
					{ "time": 2.9, "name": null }
				]
			},
			"Zi_gj_22_02_": {
				"attachment": [
					{ "time": 2.7667, "name": "Zi_gj_22_02_" },
					{ "time": 2.9, "name": null }
				]
			},
			"wushi_yinying_": {
				"attachment": [
					{ "time": 0, "name": "wushi_yinying_" }
				]
			}
		}
	},
	"dj": {
		"slots": {
			"Zi_dj_00_01_": {
				"attachment": [
					{ "time": 0, "name": "Zi_dj_00_01_" },
					{ "time": 0.1333, "name": null }
				]
			},
			"Zi_dj_00_02_": {
				"attachment": [
					{ "time": 0, "name": "Zi_dj_00_02_" },
					{ "time": 0.1333, "name": null }
				]
			},
			"Zi_dj_01_01_": {
				"attachment": [
					{ "time": 0.1333, "name": "Zi_dj_01_01_" },
					{ "time": 0.2667, "name": null }
				]
			},
			"Zi_dj_01_02_": {
				"attachment": [
					{ "time": 0.1333, "name": "Zi_dj_01_02_" },
					{ "time": 0.2667, "name": null }
				]
			},
			"Zi_dj_02_01_": {
				"attachment": [
					{ "time": 0.2667, "name": "Zi_dj_02_01_" },
					{ "time": 0.4, "name": null }
				]
			},
			"Zi_dj_02_02_": {
				"attachment": [
					{ "time": 0.2667, "name": "Zi_dj_02_02_" },
					{ "time": 0.4, "name": null }
				]
			},
			"Zi_dj_03_01_": {
				"attachment": [
					{ "time": 0.4, "name": "Zi_dj_03_01_" },
					{ "time": 0.5333, "name": null }
				]
			},
			"Zi_dj_03_02_": {
				"attachment": [
					{ "time": 0.4, "name": "Zi_dj_03_02_" },
					{ "time": 0.5333, "name": null }
				]
			},
			"Zi_dj_04_01_": {
				"attachment": [
					{ "time": 0.5333, "name": "Zi_dj_04_01_" },
					{ "time": 0.6667, "name": null }
				]
			},
			"Zi_dj_04_02_": {
				"attachment": [
					{ "time": 0.5333, "name": "Zi_dj_04_02_" },
					{ "time": 0.6667, "name": null }
				]
			},
			"Zi_dj_05_01_": {
				"attachment": [
					{ "time": 0.6667, "name": "Zi_dj_05_01_" },
					{ "time": 0.7667, "name": null }
				]
			},
			"Zi_dj_05_02_": {
				"attachment": [
					{ "time": 0.6667, "name": "Zi_dj_05_02_" },
					{ "time": 0.7667, "name": null }
				]
			},
			"Zi_dj_06_01_": {
				"attachment": [
					{ "time": 0.7667, "name": "Zi_dj_06_01_" },
					{ "time": 0.9, "name": null }
				]
			},
			"Zi_dj_06_02_": {
				"attachment": [
					{ "time": 0.7667, "name": "Zi_dj_06_02_" },
					{ "time": 0.9, "name": null }
				]
			},
			"Zi_dj_07_01_": {
				"attachment": [
					{ "time": 0.9, "name": "Zi_dj_07_01_" },
					{ "time": 1.0333, "name": null }
				]
			},
			"Zi_dj_07_02_": {
				"attachment": [
					{ "time": 0.9, "name": "Zi_dj_07_02_" },
					{ "time": 1.0333, "name": null }
				]
			},
			"Zi_dj_08_01_": {
				"attachment": [
					{ "time": 1.0333, "name": "Zi_dj_08_01_" },
					{ "time": 1.1667, "name": null }
				]
			},
			"Zi_dj_08_02_": {
				"attachment": [
					{ "time": 1.0333, "name": "Zi_dj_08_02_" },
					{ "time": 1.1667, "name": null }
				]
			},
			"Zi_dj_09_01_": {
				"attachment": [
					{ "time": 1.1667, "name": "Zi_dj_09_01_" },
					{ "time": 1.3, "name": null }
				]
			},
			"Zi_dj_09_02_": {
				"attachment": [
					{ "time": 1.1667, "name": "Zi_dj_09_02_" },
					{ "time": 1.3, "name": null }
				]
			},
			"Zi_dj_10_01_": {
				"attachment": [
					{ "time": 1.3, "name": "Zi_dj_10_01_" },
					{ "time": 1.4333, "name": null }
				]
			},
			"Zi_dj_10_02_": {
				"attachment": [
					{ "time": 1.3, "name": "Zi_dj_10_02_" },
					{ "time": 1.4333, "name": null }
				]
			},
			"Zi_dj_11_01_": {
				"attachment": [
					{ "time": 1.4333, "name": "Zi_dj_11_01_" },
					{ "time": 1.5667, "name": null }
				]
			},
			"Zi_dj_11_02_": {
				"attachment": [
					{ "time": 1.4333, "name": "Zi_dj_11_02_" },
					{ "time": 1.5667, "name": null }
				]
			},
			"Zi_dj_12_01_": {
				"attachment": [
					{ "time": 1.5667, "name": "Zi_dj_12_01_" },
					{ "time": 1.7, "name": null }
				]
			},
			"Zi_dj_12_02_": {
				"attachment": [
					{ "time": 1.5667, "name": "Zi_dj_12_02_" },
					{ "time": 1.7, "name": null }
				]
			},
			"Zi_dj_13_01_": {
				"attachment": [
					{ "time": 1.7, "name": "Zi_dj_13_01_" },
					{ "time": 1.8333, "name": null }
				]
			},
			"Zi_dj_13_02_": {
				"attachment": [
					{ "time": 1.7, "name": "Zi_dj_13_02_" },
					{ "time": 1.8333, "name": null }
				]
			},
			"Zi_dj_14_01_": {
				"attachment": [
					{ "time": 1.8333, "name": "Zi_dj_14_01_" },
					{ "time": 1.9667, "name": null }
				]
			},
			"Zi_dj_14_02_": {
				"attachment": [
					{ "time": 1.8333, "name": "Zi_dj_14_02_" },
					{ "time": 1.9667, "name": null }
				]
			},
			"Zi_dj_15_01_": {
				"attachment": [
					{ "time": 1.9667, "name": "Zi_dj_15_01_" },
					{ "time": 2.0667, "name": null }
				]
			},
			"Zi_dj_15_02_": {
				"attachment": [
					{ "time": 1.9667, "name": "Zi_dj_15_02_" },
					{ "time": 2.0667, "name": null }
				]
			},
			"Zi_dj_16_01_": {
				"attachment": [
					{ "time": 2.0667, "name": "Zi_dj_16_01_" },
					{ "time": 2.2, "name": null }
				]
			},
			"Zi_dj_16_02_": {
				"attachment": [
					{ "time": 2.0667, "name": "Zi_dj_16_02_" },
					{ "time": 2.2, "name": null }
				]
			},
			"Zi_dj_17_01_": {
				"attachment": [
					{ "time": 2.2, "name": "Zi_dj_17_01_" },
					{ "time": 2.3333, "name": null }
				]
			},
			"Zi_dj_17_02_": {
				"attachment": [
					{ "time": 2.2, "name": "Zi_dj_17_02_" },
					{ "time": 2.3333, "name": null }
				]
			},
			"Zi_dj_18_01_": {
				"attachment": [
					{ "time": 2.3333, "name": "Zi_dj_18_01_" },
					{ "time": 2.4667, "name": null }
				]
			},
			"Zi_dj_18_02_": {
				"attachment": [
					{ "time": 2.3333, "name": "Zi_dj_18_02_" },
					{ "time": 2.4667, "name": null }
				]
			},
			"Zi_dj_19_01_": {
				"attachment": [
					{ "time": 2.4667, "name": "Zi_dj_19_01_" },
					{ "time": 2.6, "name": null }
				]
			},
			"Zi_dj_19_02_": {
				"attachment": [
					{ "time": 2.4667, "name": "Zi_dj_19_02_" },
					{ "time": 2.6, "name": null }
				]
			},
			"Zi_dj_20_01_": {
				"attachment": [
					{ "time": 2.6, "name": "Zi_dj_20_01_" },
					{ "time": 2.7333, "name": null }
				]
			},
			"Zi_dj_20_02_": {
				"attachment": [
					{ "time": 2.6, "name": "Zi_dj_20_02_" },
					{ "time": 2.7333, "name": null }
				]
			},
			"Zi_dj_21_01_": {
				"attachment": [
					{ "time": 2.7333, "name": "Zi_dj_21_01_" },
					{ "time": 2.8667, "name": null }
				]
			},
			"Zi_dj_21_02_": {
				"attachment": [
					{ "time": 2.7333, "name": "Zi_dj_21_02_" },
					{ "time": 2.8667, "name": null }
				]
			},
			"Zi_dj_22_01_": {
				"attachment": [
					{ "time": 2.8667, "name": "Zi_dj_22_01_" },
					{ "time": 3, "name": null }
				]
			},
			"Zi_dj_22_02_": {
				"attachment": [
					{ "time": 2.8667, "name": "Zi_dj_22_02_" },
					{ "time": 3, "name": null }
				]
			},
			"Zi_dj_23_01_": {
				"attachment": [
					{ "time": 3, "name": "Zi_dj_23_01_" },
					{ "time": 3.1333, "name": null }
				]
			},
			"Zi_dj_23_02_": {
				"attachment": [
					{ "time": 3, "name": "Zi_dj_23_02_" },
					{ "time": 3.1333, "name": null }
				]
			},
			"Zi_dj_24_01_": {
				"attachment": [
					{ "time": 3.1333, "name": "Zi_dj_24_01_" },
					{ "time": 3.2667, "name": null }
				]
			},
			"Zi_dj_24_02_": {
				"attachment": [
					{ "time": 3.1333, "name": "Zi_dj_24_02_" },
					{ "time": 3.2667, "name": null }
				]
			},
			"Zi_dj_25_01_": {
				"attachment": [
					{ "time": 3.2667, "name": "Zi_dj_25_01_" },
					{ "time": 3.4, "name": null }
				]
			},
			"Zi_dj_25_02_": {
				"attachment": [
					{ "time": 3.2667, "name": "Zi_dj_25_02_" },
					{ "time": 3.4, "name": null }
				]
			},
			"Zi_dj_26_01_": {
				"attachment": [
					{ "time": 3.4, "name": "Zi_dj_26_01_" },
					{ "time": 3.5, "name": null }
				]
			},
			"Zi_dj_26_02_": {
				"attachment": [
					{ "time": 3.4, "name": "Zi_dj_26_02_" },
					{ "time": 3.5, "name": null }
				]
			},
			"Zi_dj_27_01_": {
				"attachment": [
					{ "time": 3.5, "name": "Zi_dj_27_01_" },
					{ "time": 3.6333, "name": null }
				]
			},
			"Zi_dj_27_02_": {
				"attachment": [
					{ "time": 3.5, "name": "Zi_dj_27_02_" },
					{ "time": 3.6333, "name": null }
				]
			},
			"Zi_dj_28_01_": {
				"attachment": [
					{ "time": 3.6333, "name": "Zi_dj_28_01_" },
					{ "time": 3.7667, "name": null }
				]
			},
			"Zi_dj_28_02_": {
				"attachment": [
					{ "time": 3.6333, "name": "Zi_dj_28_02_" },
					{ "time": 3.7667, "name": null }
				]
			},
			"Zi_dj_29_01_": {
				"attachment": [
					{ "time": 3.7667, "name": "Zi_dj_29_01_" },
					{ "time": 3.9, "name": null }
				]
			},
			"Zi_dj_29_02_": {
				"attachment": [
					{ "time": 3.7667, "name": "Zi_dj_29_02_" },
					{ "time": 3.9, "name": null }
				]
			},
			"Zi_dj_30_01_": {
				"attachment": [
					{ "time": 3.9, "name": "Zi_dj_30_01_" },
					{ "time": 4.0333, "name": null }
				]
			},
			"Zi_dj_30_02_": {
				"attachment": [
					{ "time": 3.9, "name": "Zi_dj_30_02_" },
					{ "time": 4.0333, "name": null }
				]
			},
			"Zi_dj_31_01_": {
				"attachment": [
					{ "time": 4.0333, "name": "Zi_dj_31_01_" },
					{ "time": 4.1667, "name": null }
				]
			},
			"Zi_dj_31_02_": {
				"attachment": [
					{ "time": 4.0333, "name": "Zi_dj_31_02_" },
					{ "time": 4.1667, "name": null }
				]
			},
			"Zi_dj_32_01_": {
				"attachment": [
					{ "time": 4.1667, "name": "Zi_dj_32_01_" },
					{ "time": 4.3, "name": null }
				]
			},
			"Zi_dj_32_02_": {
				"attachment": [
					{ "time": 4.1667, "name": "Zi_dj_32_02_" },
					{ "time": 4.3, "name": null }
				]
			},
			"Zi_dj_33_01_": {
				"attachment": [
					{ "time": 4.3, "name": "Zi_dj_33_01_" },
					{ "time": 4.4333, "name": null }
				]
			},
			"Zi_dj_33_02_": {
				"attachment": [
					{ "time": 4.3, "name": "Zi_dj_33_02_" },
					{ "time": 4.4333, "name": null }
				]
			},
			"Zi_dj_34_01_": {
				"attachment": [
					{ "time": 4.4333, "name": "Zi_dj_34_01_" },
					{ "time": 4.5667, "name": null }
				]
			},
			"Zi_dj_34_02_": {
				"attachment": [
					{ "time": 4.4333, "name": "Zi_dj_34_02_" },
					{ "time": 4.5667, "name": null }
				]
			},
			"Zi_dj_35_01_": {
				"attachment": [
					{ "time": 4.5667, "name": "Zi_dj_35_01_" },
					{ "time": 4.7, "name": null }
				]
			},
			"Zi_dj_35_02_": {
				"attachment": [
					{ "time": 4.5667, "name": "Zi_dj_35_02_" },
					{ "time": 4.7, "name": null }
				]
			},
			"Zi_dj_36_01_": {
				"attachment": [
					{ "time": 4.7, "name": "Zi_dj_36_01_" },
					{ "time": 4.8333, "name": null }
				]
			},
			"Zi_dj_36_02_": {
				"attachment": [
					{ "time": 4.7, "name": "Zi_dj_36_02_" },
					{ "time": 4.8333, "name": null }
				]
			},
			"Zi_dj_37_01_": {
				"attachment": [
					{ "time": 4.8333, "name": "Zi_dj_37_01_" },
					{ "time": 4.9333, "name": null }
				]
			},
			"Zi_dj_37_02_": {
				"attachment": [
					{ "time": 4.8333, "name": "Zi_dj_37_02_" },
					{ "time": 4.9333, "name": null }
				]
			},
			"Zi_dj_38_01_": {
				"attachment": [
					{ "time": 4.9333, "name": "Zi_dj_38_01_" },
					{ "time": 5.0667, "name": null }
				]
			},
			"Zi_dj_38_02_": {
				"attachment": [
					{ "time": 4.9333, "name": "Zi_dj_38_02_" },
					{ "time": 5.0667, "name": null }
				]
			},
			"Zi_dj_39_01_": {
				"attachment": [
					{ "time": 5.0667, "name": "Zi_dj_39_01_" },
					{ "time": 5.2, "name": null }
				]
			},
			"Zi_dj_39_02_": {
				"attachment": [
					{ "time": 5.0667, "name": "Zi_dj_39_02_" },
					{ "time": 5.2, "name": null }
				]
			},
			"Zi_dj_40_01_": {
				"attachment": [
					{ "time": 5.2, "name": "Zi_dj_40_01_" },
					{ "time": 5.3333, "name": null }
				]
			},
			"Zi_dj_40_02_": {
				"attachment": [
					{ "time": 5.2, "name": "Zi_dj_40_02_" },
					{ "time": 5.3333, "name": null }
				]
			},
			"wushi_yinying_": {
				"attachment": [
					{ "time": 0, "name": "wushi_yinying_" }
				]
			}
		}
	}
}
}