{
"skeleton": { "hash": "GPKBSLegB5UKdtfkS0uqpz1a6KQ", "spine": "3.7.94", "width": 0, "height": 0, "images": "./images/", "audio": "F:/COK项目/Spine工程/剑刃光环" },
"bones": [
	{ "name": "root" },
	{ "name": "sword_1_", "parent": "root" },
	{ "name": "sword_2_", "parent": "root" },
	{ "name": "sword_3_", "parent": "root" },
	{ "name": "sword_4_", "parent": "root" },
	{ "name": "sword_5_", "parent": "root" },
	{ "name": "sword_6_", "parent": "root" },
	{ "name": "smoke2_1", "parent": "sword_2_", "scaleX": 1.25, "scaleY": 1.25 },
	{ "name": "smoke1_1", "parent": "sword_1_", "scaleX": 1.25, "scaleY": 1.25 },
	{ "name": "fuwen_front", "parent": "root", "scaleX": 1.7, "scaleY": 1.7 },
	{ "name": "fazhen_glow_", "parent": "root" },
	{ "name": "fazhen_in_ctrl", "parent": "root" },
	{ "name": "fazhen_in_", "parent": "fazhen_in_ctrl" },
	{ "name": "fazhen_out_ctrl", "parent": "root", "transform": "noScale" },
	{ "name": "fazhen_out_", "parent": "fazhen_out_ctrl" },
	{ "name": "glow_sword1", "parent": "sword_1_" },
	{ "name": "lizi_line", "parent": "root", "scaleX": 1.25, "scaleY": 2.5 },
	{ "name": "mask1", "parent": "sword_1_", "scaleX": 1.25, "scaleY": 1.25 },
	{ "name": "fuwen_back_", "parent": "root", "scaleX": 1.7, "scaleY": 1.7 },
	{ "name": "mask2", "parent": "sword_2_", "scaleX": 1.25, "scaleY": 1.25 },
	{ "name": "mask3", "parent": "sword_3_", "scaleX": 1.25, "scaleY": 1.25 },
	{ "name": "mask4", "parent": "sword_4_", "scaleX": 1.25, "scaleY": 1.25 },
	{ "name": "mask5", "parent": "sword_5_", "scaleX": 1.25, "scaleY": 1.25 },
	{ "name": "mask6", "parent": "sword_6_", "scaleX": 1.25, "scaleY": 1.25 },
	{ "name": "smoke2_2", "parent": "sword_3_", "scaleX": 1.3, "scaleY": 1.3 },
	{ "name": "glow_sword2", "parent": "sword_2_" },
	{ "name": "glow_sword3", "parent": "sword_3_" },
	{ "name": "glow_sword4", "parent": "sword_4_" },
	{ "name": "glow_sword5", "parent": "sword_5_" },
	{ "name": "glow_sword6", "parent": "sword_6_" },
	{ "name": "smoke1_2", "parent": "sword_4_", "scaleX": -1.25, "scaleY": 1.25 },
	{ "name": "smoke1_3", "parent": "sword_5_", "scaleX": 1.25, "scaleY": 1.25 },
	{ "name": "smoke2_3", "parent": "sword_6_", "scaleX": -1.3, "scaleY": 1.3 }
],
"slots": [
	{ "name": "fazhen_out_", "bone": "fazhen_out_", "blend": "additive" },
	{ "name": "fazhen_in_", "bone": "fazhen_in_", "blend": "screen" },
	{ "name": "fazhen_glow_", "bone": "fazhen_glow_", "blend": "additive" },
	{ "name": "fuwen_back_", "bone": "fuwen_back_", "blend": "additive" },
	{ "name": "lizi_line", "bone": "lizi_line", "blend": "additive" },
	{ "name": "fuwen_front", "bone": "fuwen_front", "blend": "additive" },
	{ "name": "glow_sword1", "bone": "glow_sword1", "color": "ffffffc7" },
	{ "name": "glow_sword2", "bone": "glow_sword2", "color": "ffffffc7" },
	{ "name": "glow_sword3", "bone": "glow_sword3", "color": "ffffffc7" },
	{ "name": "glow_sword4", "bone": "glow_sword4", "color": "ffffffc7" },
	{ "name": "glow_sword5", "bone": "glow_sword5", "color": "ffffffc7" },
	{ "name": "glow_sword6", "bone": "glow_sword6", "color": "ffffffc7" },
	{ "name": "sword_6_", "bone": "sword_6_" },
	{ "name": "sword_5_", "bone": "sword_5_" },
	{ "name": "sword_4_", "bone": "sword_4_" },
	{ "name": "sword_3_", "bone": "sword_3_" },
	{ "name": "sword_2_", "bone": "sword_2_" },
	{ "name": "sword_1_", "bone": "sword_1_" },
	{ "name": "smoke2_1", "bone": "smoke2_1", "blend": "additive" },
	{ "name": "smoke2_2", "bone": "smoke2_2", "blend": "additive" },
	{ "name": "smoke2_3", "bone": "smoke2_3", "blend": "additive" },
	{ "name": "smoke1_1", "bone": "smoke1_1", "blend": "additive" },
	{ "name": "smoke1_2", "bone": "smoke1_2", "blend": "additive" },
	{ "name": "smoke1_3", "bone": "smoke1_3", "blend": "additive" },
	{ "name": "mask4", "bone": "mask4", "blend": "additive" },
	{ "name": "mask5", "bone": "mask5", "blend": "additive" },
	{ "name": "mask6", "bone": "mask6", "blend": "additive" },
	{ "name": "mask1", "bone": "mask1", "blend": "additive" },
	{ "name": "mask2", "bone": "mask2", "blend": "additive" },
	{ "name": "mask3", "bone": "mask3", "blend": "additive" }
],
"skins": {
	"default": {
		"fazhen_glow_": {
			"fazhen_glow_": { "scaleX": 2.3, "scaleY": 2.3, "width": 240, "height": 160 }
		},
		"fazhen_in_": {
			"fazhen_in_": { "scaleX": 1.25, "scaleY": 1.25, "width": 384, "height": 384 }
		},
		"fazhen_out_": {
			"fazhen_out_": { "scaleX": 1.3, "scaleY": 1.3, "width": 384, "height": 384 }
		},
		"fuwen_back_": {
			"fuwen_back_00_": { "width": 328, "height": 328 },
			"fuwen_back_02_": { "width": 328, "height": 328 },
			"fuwen_back_04_": { "width": 328, "height": 328 },
			"fuwen_back_06_": { "width": 328, "height": 328 },
			"fuwen_back_08_": { "width": 328, "height": 328 },
			"fuwen_back_10_": { "width": 328, "height": 328 },
			"fuwen_back_12_": { "width": 328, "height": 328 },
			"fuwen_back_14_": { "width": 328, "height": 328 },
			"fuwen_back_16_": { "width": 328, "height": 328 },
			"fuwen_back_18_": { "width": 328, "height": 328 },
			"fuwen_back_20_": { "width": 328, "height": 328 },
			"fuwen_back_22_": { "width": 328, "height": 328 },
			"fuwen_back_24_": { "width": 328, "height": 328 },
			"fuwen_back_26_": { "width": 328, "height": 328 },
			"fuwen_back_28_": { "width": 328, "height": 328 },
			"fuwen_back_30_": { "width": 328, "height": 328 },
			"fuwen_back_32_": { "width": 328, "height": 328 },
			"fuwen_back_34_": { "width": 328, "height": 328 },
			"fuwen_back_36_": { "width": 328, "height": 328 },
			"fuwen_back_38_": { "width": 328, "height": 328 },
			"fuwen_back_40_": { "width": 328, "height": 328 },
			"fuwen_back_42_": { "width": 328, "height": 328 },
			"fuwen_back_44_": { "width": 328, "height": 328 },
			"fuwen_back_46_": { "width": 328, "height": 328 },
			"fuwen_back_48_": { "width": 328, "height": 328 },
			"fuwen_back_50_": { "width": 328, "height": 328 },
			"fuwen_back_52_": { "width": 328, "height": 328 },
			"fuwen_back_54_": { "width": 328, "height": 328 },
			"fuwen_back_56_": { "width": 328, "height": 328 },
			"fuwen_back_58_": { "width": 328, "height": 328 }
		},
		"fuwen_front": {
			"fuwen_front_00_": { "width": 328, "height": 328 },
			"fuwen_front_02_": { "width": 328, "height": 328 },
			"fuwen_front_04_": { "width": 328, "height": 328 },
			"fuwen_front_06_": { "width": 328, "height": 328 },
			"fuwen_front_08_": { "width": 328, "height": 328 },
			"fuwen_front_10_": { "width": 328, "height": 328 },
			"fuwen_front_12_": { "width": 328, "height": 328 },
			"fuwen_front_14_": { "width": 328, "height": 328 },
			"fuwen_front_16_": { "width": 328, "height": 328 },
			"fuwen_front_18_": { "width": 328, "height": 328 },
			"fuwen_front_20_": { "width": 328, "height": 328 },
			"fuwen_front_22_": { "width": 328, "height": 328 },
			"fuwen_front_24_": { "width": 328, "height": 328 },
			"fuwen_front_26_": { "width": 328, "height": 328 },
			"fuwen_front_28_": { "width": 328, "height": 328 },
			"fuwen_front_30_": { "width": 328, "height": 328 },
			"fuwen_front_32_": { "width": 328, "height": 328 },
			"fuwen_front_34_": { "width": 328, "height": 328 },
			"fuwen_front_36_": { "width": 328, "height": 328 },
			"fuwen_front_38_": { "width": 328, "height": 328 },
			"fuwen_front_40_": { "width": 328, "height": 328 },
			"fuwen_front_42_": { "width": 328, "height": 328 },
			"fuwen_front_44_": { "width": 328, "height": 328 },
			"fuwen_front_46_": { "width": 328, "height": 328 },
			"fuwen_front_48_": { "width": 328, "height": 328 },
			"fuwen_front_50_": { "width": 328, "height": 328 },
			"fuwen_front_52_": { "width": 328, "height": 328 },
			"fuwen_front_54_": { "width": 328, "height": 328 },
			"fuwen_front_56_": { "width": 328, "height": 328 },
			"fuwen_front_58_": { "width": 328, "height": 328 }
		},
		"glow_sword1": {
			"glow_sword1_": { "scaleX": 3, "scaleY": 3, "width": 40, "height": 80 }
		},
		"glow_sword2": {
			"glow_sword1_": { "scaleX": 3, "scaleY": 3, "width": 40, "height": 80 }
		},
		"glow_sword3": {
			"glow_sword1_": { "scaleX": 3, "scaleY": 3, "width": 40, "height": 80 }
		},
		"glow_sword4": {
			"glow_sword1_": { "scaleX": 3, "scaleY": 3, "width": 40, "height": 80 }
		},
		"glow_sword5": {
			"glow_sword1_": { "scaleX": 3, "scaleY": 3, "width": 40, "height": 80 }
		},
		"glow_sword6": {
			"glow_sword1_": { "scaleX": 3, "scaleY": 3, "width": 40, "height": 80 }
		},
		"lizi_line": {
			"line_00_": { "width": 320, "height": 168 },
			"line_02_": { "width": 320, "height": 168 },
			"line_04_": { "width": 320, "height": 168 },
			"line_06_": { "width": 320, "height": 168 },
			"line_08_": { "width": 320, "height": 168 },
			"line_10_": { "width": 320, "height": 168 },
			"line_12_": { "width": 320, "height": 168 },
			"line_14_": { "width": 320, "height": 168 },
			"line_16_": { "width": 320, "height": 168 },
			"line_18_": { "width": 320, "height": 168 },
			"line_20_": { "width": 320, "height": 168 },
			"line_22_": { "width": 320, "height": 168 },
			"line_24_": { "width": 320, "height": 168 },
			"line_26_": { "width": 320, "height": 168 },
			"line_28_": { "width": 320, "height": 168 },
			"line_30_": { "width": 320, "height": 168 },
			"line_32_": { "width": 320, "height": 168 },
			"line_34_": { "width": 320, "height": 168 },
			"line_36_": { "width": 320, "height": 168 },
			"line_38_": { "width": 320, "height": 168 },
			"line_40_": { "width": 320, "height": 168 },
			"line_42_": { "width": 320, "height": 168 },
			"line_44_": { "width": 320, "height": 168 },
			"line_46_": { "width": 320, "height": 168 },
			"line_48_": { "width": 320, "height": 168 },
			"line_50_": { "width": 320, "height": 168 },
			"line_52_": { "width": 320, "height": 168 },
			"line_54_": { "width": 320, "height": 168 },
			"line_56_": { "width": 320, "height": 168 },
			"line_58_": { "width": 320, "height": 168 }
		},
		"mask1": {
			"mask1_01_": { "width": 80, "height": 160 },
			"mask1_02_": { "width": 80, "height": 160 },
			"mask1_03_": { "width": 80, "height": 160 },
			"mask1_04_": { "width": 80, "height": 160 },
			"mask1_05_": { "width": 80, "height": 160 },
			"mask1_06_": { "width": 80, "height": 160 },
			"mask1_07_": { "width": 80, "height": 160 },
			"mask1_08_": { "width": 80, "height": 160 },
			"mask1_09_": { "width": 80, "height": 160 },
			"mask1_10_": { "width": 80, "height": 160 },
			"mask1_11_": { "width": 80, "height": 160 },
			"mask1_12_": { "width": 80, "height": 160 },
			"mask1_13_": { "width": 80, "height": 160 },
			"mask1_14_": { "width": 80, "height": 160 }
		},
		"mask2": {
			"mask2_01_": { "width": 80, "height": 160 },
			"mask2_02_": { "width": 80, "height": 160 },
			"mask2_03_": { "width": 80, "height": 160 },
			"mask2_04_": { "width": 80, "height": 160 },
			"mask2_05_": { "width": 80, "height": 160 },
			"mask2_06_": { "width": 80, "height": 160 },
			"mask2_07_": { "width": 80, "height": 160 },
			"mask2_08_": { "width": 80, "height": 160 },
			"mask2_09_": { "width": 80, "height": 160 },
			"mask2_10_": { "width": 80, "height": 160 },
			"mask2_11_": { "width": 80, "height": 160 },
			"mask2_12_": { "width": 80, "height": 160 },
			"mask2_13_": { "width": 80, "height": 160 },
			"mask2_14_": { "width": 80, "height": 160 }
		},
		"mask3": {
			"mask3_01_": { "width": 80, "height": 160 },
			"mask3_02_": { "width": 80, "height": 160 },
			"mask3_03_": { "width": 80, "height": 160 },
			"mask3_04_": { "width": 80, "height": 160 },
			"mask3_05_": { "width": 80, "height": 160 },
			"mask3_06_": { "width": 80, "height": 160 },
			"mask3_07_": { "width": 80, "height": 160 },
			"mask3_08_": { "width": 80, "height": 160 },
			"mask3_09_": { "width": 80, "height": 160 },
			"mask3_10_": { "width": 80, "height": 160 },
			"mask3_11_": { "width": 80, "height": 160 },
			"mask3_12_": { "width": 80, "height": 160 },
			"mask3_13_": { "width": 80, "height": 160 },
			"mask3_14_": { "width": 80, "height": 160 }
		},
		"mask4": {
			"mask4_01_": { "width": 80, "height": 160 },
			"mask4_02_": { "width": 80, "height": 160 },
			"mask4_03_": { "width": 80, "height": 160 },
			"mask4_04_": { "width": 80, "height": 160 },
			"mask4_05_": { "width": 80, "height": 160 },
			"mask4_06_": { "width": 80, "height": 160 },
			"mask4_07_": { "width": 80, "height": 160 },
			"mask4_08_": { "width": 80, "height": 160 },
			"mask4_09_": { "width": 80, "height": 160 },
			"mask4_10_": { "width": 80, "height": 160 },
			"mask4_11_": { "width": 80, "height": 160 },
			"mask4_12_": { "width": 80, "height": 160 },
			"mask4_13_": { "width": 80, "height": 160 },
			"mask4_14_": { "width": 80, "height": 160 }
		},
		"mask5": {
			"mask5_01_": { "width": 80, "height": 160 },
			"mask5_02_": { "width": 80, "height": 160 },
			"mask5_03_": { "width": 80, "height": 160 },
			"mask5_04_": { "width": 80, "height": 160 },
			"mask5_05_": { "width": 80, "height": 160 },
			"mask5_06_": { "width": 80, "height": 160 },
			"mask5_07_": { "width": 80, "height": 160 },
			"mask5_08_": { "width": 80, "height": 160 },
			"mask5_09_": { "width": 80, "height": 160 },
			"mask5_10_": { "width": 80, "height": 160 },
			"mask5_11_": { "width": 80, "height": 160 },
			"mask5_12_": { "width": 80, "height": 160 },
			"mask5_13_": { "width": 80, "height": 160 },
			"mask5_14_": { "width": 80, "height": 160 }
		},
		"mask6": {
			"mask6_01_": { "width": 80, "height": 160 },
			"mask6_02_": { "width": 80, "height": 160 },
			"mask6_03_": { "width": 80, "height": 160 },
			"mask6_04_": { "width": 80, "height": 160 },
			"mask6_05_": { "width": 80, "height": 160 },
			"mask6_06_": { "width": 80, "height": 160 },
			"mask6_07_": { "width": 80, "height": 160 },
			"mask6_08_": { "width": 80, "height": 160 },
			"mask6_09_": { "width": 80, "height": 160 },
			"mask6_10_": { "width": 80, "height": 160 },
			"mask6_11_": { "width": 80, "height": 160 },
			"mask6_12_": { "width": 80, "height": 160 },
			"mask6_13_": { "width": 80, "height": 160 },
			"mask6_14_": { "width": 80, "height": 160 }
		},
		"smoke1_1": {
			"smoke1_001_": { "width": 80, "height": 160 },
			"smoke1_002_": { "width": 80, "height": 160 },
			"smoke1_003_": { "width": 80, "height": 160 },
			"smoke1_004_": { "width": 80, "height": 160 },
			"smoke1_005_": { "width": 80, "height": 160 },
			"smoke1_006_": { "width": 80, "height": 160 },
			"smoke1_007_": { "width": 80, "height": 160 },
			"smoke1_008_": { "width": 80, "height": 160 },
			"smoke1_009_": { "width": 80, "height": 160 },
			"smoke1_010_": { "width": 80, "height": 160 },
			"smoke1_011_": { "width": 80, "height": 160 },
			"smoke1_012_": { "width": 80, "height": 160 },
			"smoke1_013_": { "width": 80, "height": 160 },
			"smoke1_014_": { "width": 80, "height": 160 },
			"smoke1_015_": { "width": 80, "height": 160 },
			"smoke1_016_": { "width": 80, "height": 160 },
			"smoke1_017_": { "width": 80, "height": 160 },
			"smoke1_018_": { "width": 80, "height": 160 },
			"smoke1_019_": { "width": 80, "height": 160 },
			"smoke1_020_": { "width": 80, "height": 160 },
			"smoke1_021_": { "width": 80, "height": 160 },
			"smoke1_022_": { "width": 80, "height": 160 },
			"smoke1_023_": { "width": 80, "height": 160 },
			"smoke1_024_": { "width": 80, "height": 160 },
			"smoke1_025_": { "width": 80, "height": 160 },
			"smoke1_026_": { "width": 80, "height": 160 },
			"smoke1_027_": { "width": 80, "height": 160 },
			"smoke1_028_": { "width": 80, "height": 160 },
			"smoke1_029_": { "width": 80, "height": 160 },
			"smoke1_030_": { "width": 80, "height": 160 }
		},
		"smoke1_2": {
			"smoke1_001_": { "width": 80, "height": 160 },
			"smoke1_002_": { "width": 80, "height": 160 },
			"smoke1_003_": { "width": 80, "height": 160 },
			"smoke1_004_": { "width": 80, "height": 160 },
			"smoke1_005_": { "width": 80, "height": 160 },
			"smoke1_006_": { "width": 80, "height": 160 },
			"smoke1_007_": { "width": 80, "height": 160 },
			"smoke1_008_": { "width": 80, "height": 160 },
			"smoke1_009_": { "width": 80, "height": 160 },
			"smoke1_010_": { "width": 80, "height": 160 },
			"smoke1_011_": { "width": 80, "height": 160 },
			"smoke1_012_": { "width": 80, "height": 160 },
			"smoke1_013_": { "width": 80, "height": 160 },
			"smoke1_014_": { "width": 80, "height": 160 },
			"smoke1_015_": { "width": 80, "height": 160 },
			"smoke1_016_": { "width": 80, "height": 160 },
			"smoke1_017_": { "width": 80, "height": 160 },
			"smoke1_018_": { "width": 80, "height": 160 },
			"smoke1_019_": { "width": 80, "height": 160 },
			"smoke1_020_": { "width": 80, "height": 160 },
			"smoke1_021_": { "width": 80, "height": 160 },
			"smoke1_022_": { "width": 80, "height": 160 },
			"smoke1_023_": { "width": 80, "height": 160 },
			"smoke1_024_": { "width": 80, "height": 160 },
			"smoke1_025_": { "width": 80, "height": 160 },
			"smoke1_026_": { "width": 80, "height": 160 },
			"smoke1_027_": { "width": 80, "height": 160 },
			"smoke1_028_": { "width": 80, "height": 160 },
			"smoke1_029_": { "width": 80, "height": 160 },
			"smoke1_030_": { "width": 80, "height": 160 }
		},
		"smoke1_3": {
			"smoke1_001_": { "width": 80, "height": 160 },
			"smoke1_002_": { "width": 80, "height": 160 },
			"smoke1_003_": { "width": 80, "height": 160 },
			"smoke1_004_": { "width": 80, "height": 160 },
			"smoke1_005_": { "width": 80, "height": 160 },
			"smoke1_006_": { "width": 80, "height": 160 },
			"smoke1_007_": { "width": 80, "height": 160 },
			"smoke1_008_": { "width": 80, "height": 160 },
			"smoke1_009_": { "width": 80, "height": 160 },
			"smoke1_010_": { "width": 80, "height": 160 },
			"smoke1_011_": { "width": 80, "height": 160 },
			"smoke1_012_": { "width": 80, "height": 160 },
			"smoke1_013_": { "width": 80, "height": 160 },
			"smoke1_014_": { "width": 80, "height": 160 },
			"smoke1_015_": { "width": 80, "height": 160 },
			"smoke1_016_": { "width": 80, "height": 160 },
			"smoke1_017_": { "width": 80, "height": 160 },
			"smoke1_018_": { "width": 80, "height": 160 },
			"smoke1_019_": { "width": 80, "height": 160 },
			"smoke1_020_": { "width": 80, "height": 160 },
			"smoke1_021_": { "width": 80, "height": 160 },
			"smoke1_022_": { "width": 80, "height": 160 },
			"smoke1_023_": { "width": 80, "height": 160 },
			"smoke1_024_": { "width": 80, "height": 160 },
			"smoke1_025_": { "width": 80, "height": 160 },
			"smoke1_026_": { "width": 80, "height": 160 },
			"smoke1_027_": { "width": 80, "height": 160 },
			"smoke1_028_": { "width": 80, "height": 160 },
			"smoke1_029_": { "width": 80, "height": 160 },
			"smoke1_030_": { "width": 80, "height": 160 }
		},
		"smoke2_1": {
			"smoke3_001_": { "width": 80, "height": 160 },
			"smoke3_002_": { "width": 80, "height": 160 },
			"smoke3_003_": { "width": 80, "height": 160 },
			"smoke3_004_": { "width": 80, "height": 160 },
			"smoke3_005_": { "width": 80, "height": 160 },
			"smoke3_006_": { "width": 80, "height": 160 },
			"smoke3_007_": { "width": 80, "height": 160 },
			"smoke3_008_": { "width": 80, "height": 160 },
			"smoke3_009_": { "width": 80, "height": 160 },
			"smoke3_010_": { "width": 80, "height": 160 },
			"smoke3_011_": { "width": 80, "height": 160 },
			"smoke3_012_": { "width": 80, "height": 160 },
			"smoke3_013_": { "width": 80, "height": 160 },
			"smoke3_014_": { "width": 80, "height": 160 },
			"smoke3_015_": { "width": 80, "height": 160 },
			"smoke3_016_": { "width": 80, "height": 160 },
			"smoke3_017_": { "width": 80, "height": 160 },
			"smoke3_018_": { "width": 80, "height": 160 },
			"smoke3_019_": { "width": 80, "height": 160 },
			"smoke3_020_": { "width": 80, "height": 160 },
			"smoke3_021_": { "width": 80, "height": 160 },
			"smoke3_022_": { "width": 80, "height": 160 },
			"smoke3_023_": { "width": 80, "height": 160 },
			"smoke3_024_": { "width": 80, "height": 160 },
			"smoke3_025_": { "width": 80, "height": 160 },
			"smoke3_026_": { "width": 80, "height": 160 },
			"smoke3_027_": { "width": 80, "height": 160 },
			"smoke3_028_": { "width": 80, "height": 160 },
			"smoke3_029_": { "width": 80, "height": 160 },
			"smoke3_030_": { "width": 80, "height": 160 }
		},
		"smoke2_2": {
			"smoke3_001_": { "width": 80, "height": 160 },
			"smoke3_002_": { "width": 80, "height": 160 },
			"smoke3_003_": { "width": 80, "height": 160 },
			"smoke3_004_": { "width": 80, "height": 160 },
			"smoke3_005_": { "width": 80, "height": 160 },
			"smoke3_006_": { "width": 80, "height": 160 },
			"smoke3_007_": { "width": 80, "height": 160 },
			"smoke3_008_": { "width": 80, "height": 160 },
			"smoke3_009_": { "width": 80, "height": 160 },
			"smoke3_010_": { "width": 80, "height": 160 },
			"smoke3_011_": { "width": 80, "height": 160 },
			"smoke3_012_": { "width": 80, "height": 160 },
			"smoke3_013_": { "width": 80, "height": 160 },
			"smoke3_014_": { "width": 80, "height": 160 },
			"smoke3_015_": { "width": 80, "height": 160 },
			"smoke3_016_": { "width": 80, "height": 160 },
			"smoke3_017_": { "width": 80, "height": 160 },
			"smoke3_018_": { "width": 80, "height": 160 },
			"smoke3_019_": { "width": 80, "height": 160 },
			"smoke3_020_": { "width": 80, "height": 160 },
			"smoke3_021_": { "width": 80, "height": 160 },
			"smoke3_022_": { "width": 80, "height": 160 },
			"smoke3_023_": { "width": 80, "height": 160 },
			"smoke3_024_": { "width": 80, "height": 160 },
			"smoke3_025_": { "width": 80, "height": 160 },
			"smoke3_026_": { "width": 80, "height": 160 },
			"smoke3_027_": { "width": 80, "height": 160 },
			"smoke3_028_": { "width": 80, "height": 160 },
			"smoke3_029_": { "width": 80, "height": 160 },
			"smoke3_030_": { "width": 80, "height": 160 }
		},
		"smoke2_3": {
			"smoke3_001_": { "width": 80, "height": 160 },
			"smoke3_002_": { "width": 80, "height": 160 },
			"smoke3_003_": { "width": 80, "height": 160 },
			"smoke3_004_": { "width": 80, "height": 160 },
			"smoke3_005_": { "width": 80, "height": 160 },
			"smoke3_006_": { "width": 80, "height": 160 },
			"smoke3_007_": { "width": 80, "height": 160 },
			"smoke3_008_": { "width": 80, "height": 160 },
			"smoke3_009_": { "width": 80, "height": 160 },
			"smoke3_010_": { "width": 80, "height": 160 },
			"smoke3_011_": { "width": 80, "height": 160 },
			"smoke3_012_": { "width": 80, "height": 160 },
			"smoke3_013_": { "width": 80, "height": 160 },
			"smoke3_014_": { "width": 80, "height": 160 },
			"smoke3_015_": { "width": 80, "height": 160 },
			"smoke3_016_": { "width": 80, "height": 160 },
			"smoke3_017_": { "width": 80, "height": 160 },
			"smoke3_018_": { "width": 80, "height": 160 },
			"smoke3_019_": { "width": 80, "height": 160 },
			"smoke3_020_": { "width": 80, "height": 160 },
			"smoke3_021_": { "width": 80, "height": 160 },
			"smoke3_022_": { "width": 80, "height": 160 },
			"smoke3_023_": { "width": 80, "height": 160 },
			"smoke3_024_": { "width": 80, "height": 160 },
			"smoke3_025_": { "width": 80, "height": 160 },
			"smoke3_026_": { "width": 80, "height": 160 },
			"smoke3_027_": { "width": 80, "height": 160 },
			"smoke3_028_": { "width": 80, "height": 160 },
			"smoke3_029_": { "width": 80, "height": 160 },
			"smoke3_030_": { "width": 80, "height": 160 }
		},
		"sword_1_": {
			"sword_1_": { "x": 0.5, "y": 0.5, "scaleX": 1.25, "scaleY": 1.25, "width": 43, "height": 127 }
		},
		"sword_2_": {
			"sword_2_": { "x": 0.5, "y": 0.5, "scaleX": 1.25, "scaleY": 1.25, "width": 43, "height": 127 }
		},
		"sword_3_": {
			"sword_3_": { "x": 0.5, "y": 0.5, "scaleX": 1.25, "scaleY": 1.25, "width": 43, "height": 127 }
		},
		"sword_4_": {
			"sword_4_": { "x": 0.5, "y": 0.5, "scaleX": 1.25, "scaleY": 1.25, "width": 43, "height": 127 }
		},
		"sword_5_": {
			"sword_5_": { "x": 0.5, "y": 0.5, "scaleX": 1.25, "scaleY": 1.25, "width": 43, "height": 127 }
		},
		"sword_6_": {
			"sword_6_": { "x": 0.5, "y": 0.5, "scaleX": 1.25, "scaleY": 1.25, "width": 43, "height": 127 }
		}
	}
},
"animations": {
	"back": {
		"slots": {
			"fazhen_glow_": {
				"color": [
					{
						"time": 0,
						"color": "00c5ffff",
						"curve": [ 0.25, 0, 0.75, 1 ]
					},
					{
						"time": 2,
						"color": "005cff00",
						"curve": [ 0.25, 0, 0.75, 1 ]
					},
					{
						"time": 4,
						"color": "00c5ffff",
						"curve": [ 0.25, 0, 0.75, 1 ]
					},
					{
						"time": 6,
						"color": "005cff00",
						"curve": [ 0.25, 0, 0.75, 1 ]
					},
					{ "time": 8, "color": "00c5ffff" }
				],
				"attachment": [
					{ "time": 0, "name": "fazhen_glow_" }
				]
			},
			"fazhen_in_": {
				"attachment": [
					{ "time": 0, "name": "fazhen_in_" }
				]
			},
			"fazhen_out_": {
				"attachment": [
					{ "time": 0, "name": "fazhen_out_" }
				]
			},
			"fuwen_back_": {
				"attachment": [
					{ "time": 0, "name": "fuwen_back_00_" },
					{ "time": 0.1333, "name": "fuwen_back_02_" },
					{ "time": 0.2667, "name": "fuwen_back_04_" },
					{ "time": 0.4, "name": "fuwen_back_06_" },
					{ "time": 0.5333, "name": "fuwen_back_08_" },
					{ "time": 0.6667, "name": "fuwen_back_10_" },
					{ "time": 0.8, "name": "fuwen_back_12_" },
					{ "time": 0.9333, "name": "fuwen_back_14_" },
					{ "time": 1.0667, "name": "fuwen_back_16_" },
					{ "time": 1.2, "name": "fuwen_back_18_" },
					{ "time": 1.3333, "name": "fuwen_back_20_" },
					{ "time": 1.4667, "name": "fuwen_back_22_" },
					{ "time": 1.6, "name": "fuwen_back_24_" },
					{ "time": 1.7333, "name": "fuwen_back_26_" },
					{ "time": 1.8667, "name": "fuwen_back_28_" },
					{ "time": 2, "name": "fuwen_back_30_" },
					{ "time": 2.1333, "name": "fuwen_back_32_" },
					{ "time": 2.2667, "name": "fuwen_back_34_" },
					{ "time": 2.4, "name": "fuwen_back_36_" },
					{ "time": 2.5333, "name": "fuwen_back_38_" },
					{ "time": 2.6667, "name": "fuwen_back_40_" },
					{ "time": 2.8, "name": "fuwen_back_42_" },
					{ "time": 2.9333, "name": "fuwen_back_44_" },
					{ "time": 3.0667, "name": "fuwen_back_46_" },
					{ "time": 3.2, "name": "fuwen_back_48_" },
					{ "time": 3.3333, "name": "fuwen_back_50_" },
					{ "time": 3.4667, "name": "fuwen_back_52_" },
					{ "time": 3.6, "name": "fuwen_back_54_" },
					{ "time": 3.7333, "name": "fuwen_back_56_" },
					{ "time": 3.8667, "name": "fuwen_back_58_" },
					{ "time": 4, "name": "fuwen_back_00_" },
					{ "time": 4.1333, "name": "fuwen_back_02_" },
					{ "time": 4.2667, "name": "fuwen_back_04_" },
					{ "time": 4.4, "name": "fuwen_back_06_" },
					{ "time": 4.5333, "name": "fuwen_back_08_" },
					{ "time": 4.6667, "name": "fuwen_back_10_" },
					{ "time": 4.8, "name": "fuwen_back_12_" },
					{ "time": 4.9333, "name": "fuwen_back_14_" },
					{ "time": 5.0667, "name": "fuwen_back_16_" },
					{ "time": 5.2, "name": "fuwen_back_18_" },
					{ "time": 5.3333, "name": "fuwen_back_20_" },
					{ "time": 5.4667, "name": "fuwen_back_22_" },
					{ "time": 5.6, "name": "fuwen_back_24_" },
					{ "time": 5.7333, "name": "fuwen_back_26_" },
					{ "time": 5.8667, "name": "fuwen_back_28_" },
					{ "time": 6, "name": "fuwen_back_30_" },
					{ "time": 6.1333, "name": "fuwen_back_32_" },
					{ "time": 6.2667, "name": "fuwen_back_34_" },
					{ "time": 6.4, "name": "fuwen_back_36_" },
					{ "time": 6.5333, "name": "fuwen_back_38_" },
					{ "time": 6.6667, "name": "fuwen_back_40_" },
					{ "time": 6.8, "name": "fuwen_back_42_" },
					{ "time": 6.9333, "name": "fuwen_back_44_" },
					{ "time": 7.0667, "name": "fuwen_back_46_" },
					{ "time": 7.2, "name": "fuwen_back_48_" },
					{ "time": 7.3333, "name": "fuwen_back_50_" },
					{ "time": 7.4667, "name": "fuwen_back_52_" },
					{ "time": 7.6, "name": "fuwen_back_54_" },
					{ "time": 7.7333, "name": "fuwen_back_56_" },
					{ "time": 7.8667, "name": "fuwen_back_58_" },
					{ "time": 8, "name": null }
				]
			},
			"glow_sword3": {
				"attachment": [
					{ "time": 0, "name": "glow_sword1_" }
				]
			},
			"glow_sword6": {
				"attachment": [
					{ "time": 0, "name": "glow_sword1_" }
				]
			},
			"mask3": {
				"attachment": [
					{ "time": 0, "name": "mask3_01_" },
					{ "time": 0.1333, "name": "mask3_02_" },
					{ "time": 0.2667, "name": "mask3_03_" },
					{ "time": 0.4, "name": "mask3_04_" },
					{ "time": 0.5333, "name": "mask3_05_" },
					{ "time": 0.6667, "name": "mask3_06_" },
					{ "time": 0.8, "name": "mask3_07_" },
					{ "time": 0.9333, "name": "mask3_08_" },
					{ "time": 1.0667, "name": "mask3_09_" },
					{ "time": 1.2, "name": "mask3_10_" },
					{ "time": 1.3333, "name": "mask3_11_" },
					{ "time": 1.4667, "name": "mask3_12_" },
					{ "time": 1.6, "name": "mask3_13_" },
					{ "time": 1.7333, "name": "mask3_14_" },
					{ "time": 1.8667, "name": null },
					{ "time": 4, "name": "mask3_01_" },
					{ "time": 4.1333, "name": "mask3_02_" },
					{ "time": 4.2667, "name": "mask3_03_" },
					{ "time": 4.4, "name": "mask3_04_" },
					{ "time": 4.5333, "name": "mask3_05_" },
					{ "time": 4.6667, "name": "mask3_06_" },
					{ "time": 4.8, "name": "mask3_07_" },
					{ "time": 4.9333, "name": "mask3_08_" },
					{ "time": 5.0667, "name": "mask3_09_" },
					{ "time": 5.2, "name": "mask3_10_" },
					{ "time": 5.3333, "name": "mask3_11_" },
					{ "time": 5.4667, "name": "mask3_12_" },
					{ "time": 5.6, "name": "mask3_13_" },
					{ "time": 5.7333, "name": "mask3_14_" },
					{ "time": 5.8667, "name": null }
				]
			},
			"mask6": {
				"attachment": [
					{ "time": 0, "name": "mask6_01_" },
					{ "time": 0.1333, "name": "mask6_02_" },
					{ "time": 0.2667, "name": "mask6_03_" },
					{ "time": 0.4, "name": "mask6_04_" },
					{ "time": 0.5333, "name": "mask6_05_" },
					{ "time": 0.6667, "name": "mask6_06_" },
					{ "time": 0.8, "name": "mask6_07_" },
					{ "time": 0.9333, "name": "mask6_08_" },
					{ "time": 1.0667, "name": "mask6_09_" },
					{ "time": 1.2, "name": "mask6_10_" },
					{ "time": 1.3333, "name": "mask6_11_" },
					{ "time": 1.4667, "name": "mask6_12_" },
					{ "time": 1.6, "name": "mask6_13_" },
					{ "time": 1.7333, "name": "mask6_14_" },
					{ "time": 1.8667, "name": null },
					{ "time": 4, "name": "mask6_01_" },
					{ "time": 4.1333, "name": "mask6_02_" },
					{ "time": 4.2667, "name": "mask6_03_" },
					{ "time": 4.4, "name": "mask6_04_" },
					{ "time": 4.5333, "name": "mask6_05_" },
					{ "time": 4.6667, "name": "mask6_06_" },
					{ "time": 4.8, "name": "mask6_07_" },
					{ "time": 4.9333, "name": "mask6_08_" },
					{ "time": 5.0667, "name": "mask6_09_" },
					{ "time": 5.2, "name": "mask6_10_" },
					{ "time": 5.3333, "name": "mask6_11_" },
					{ "time": 5.4667, "name": "mask6_12_" },
					{ "time": 5.6, "name": "mask6_13_" },
					{ "time": 5.7333, "name": "mask6_14_" },
					{ "time": 5.8667, "name": null }
				]
			},
			"smoke2_2": {
				"attachment": [
					{ "time": 0, "name": "smoke3_001_" },
					{ "time": 0.1333, "name": "smoke3_002_" },
					{ "time": 0.2667, "name": "smoke3_003_" },
					{ "time": 0.4, "name": "smoke3_004_" },
					{ "time": 0.5333, "name": "smoke3_005_" },
					{ "time": 0.6667, "name": "smoke3_006_" },
					{ "time": 0.8, "name": "smoke3_007_" },
					{ "time": 0.9333, "name": "smoke3_008_" },
					{ "time": 1.0667, "name": "smoke3_009_" },
					{ "time": 1.2, "name": "smoke3_010_" },
					{ "time": 1.3333, "name": "smoke3_011_" },
					{ "time": 1.4667, "name": "smoke3_012_" },
					{ "time": 1.6, "name": "smoke3_013_" },
					{ "time": 1.7333, "name": "smoke3_014_" },
					{ "time": 1.8667, "name": "smoke3_015_" },
					{ "time": 2, "name": "smoke3_016_" },
					{ "time": 2.1333, "name": "smoke3_017_" },
					{ "time": 2.2667, "name": "smoke3_018_" },
					{ "time": 2.4, "name": "smoke3_019_" },
					{ "time": 2.5333, "name": "smoke3_020_" },
					{ "time": 2.6667, "name": "smoke3_021_" },
					{ "time": 2.8, "name": "smoke3_022_" },
					{ "time": 2.9333, "name": "smoke3_023_" },
					{ "time": 3.0667, "name": "smoke3_024_" },
					{ "time": 3.2, "name": "smoke3_025_" },
					{ "time": 3.3333, "name": "smoke3_026_" },
					{ "time": 3.4667, "name": "smoke3_027_" },
					{ "time": 3.6, "name": "smoke3_028_" },
					{ "time": 3.7333, "name": "smoke3_029_" },
					{ "time": 3.8667, "name": "smoke3_030_" },
					{ "time": 4, "name": "smoke3_001_" },
					{ "time": 4.1333, "name": "smoke3_002_" },
					{ "time": 4.2667, "name": "smoke3_003_" },
					{ "time": 4.4, "name": "smoke3_004_" },
					{ "time": 4.5333, "name": "smoke3_005_" },
					{ "time": 4.6667, "name": "smoke3_006_" },
					{ "time": 4.8, "name": "smoke3_007_" },
					{ "time": 4.9333, "name": "smoke3_008_" },
					{ "time": 5.0667, "name": "smoke3_009_" },
					{ "time": 5.2, "name": "smoke3_010_" },
					{ "time": 5.3333, "name": "smoke3_011_" },
					{ "time": 5.4667, "name": "smoke3_012_" },
					{ "time": 5.6, "name": "smoke3_013_" },
					{ "time": 5.7333, "name": "smoke3_014_" },
					{ "time": 5.8667, "name": "smoke3_015_" },
					{ "time": 6, "name": "smoke3_016_" },
					{ "time": 6.1333, "name": "smoke3_017_" },
					{ "time": 6.2667, "name": "smoke3_018_" },
					{ "time": 6.4, "name": "smoke3_019_" },
					{ "time": 6.5333, "name": "smoke3_020_" },
					{ "time": 6.6667, "name": "smoke3_021_" },
					{ "time": 6.8, "name": "smoke3_022_" },
					{ "time": 6.9333, "name": "smoke3_023_" },
					{ "time": 7.0667, "name": "smoke3_024_" },
					{ "time": 7.2, "name": "smoke3_025_" },
					{ "time": 7.3333, "name": "smoke3_026_" },
					{ "time": 7.4667, "name": "smoke3_027_" },
					{ "time": 7.6, "name": "smoke3_028_" },
					{ "time": 7.7333, "name": "smoke3_029_" },
					{ "time": 7.8667, "name": "smoke3_030_" },
					{ "time": 8, "name": null }
				]
			},
			"smoke2_3": {
				"attachment": [
					{ "time": 0, "name": "smoke3_001_" },
					{ "time": 0.1333, "name": "smoke3_002_" },
					{ "time": 0.2667, "name": "smoke3_003_" },
					{ "time": 0.4, "name": "smoke3_004_" },
					{ "time": 0.5333, "name": "smoke3_005_" },
					{ "time": 0.6667, "name": "smoke3_006_" },
					{ "time": 0.8, "name": "smoke3_007_" },
					{ "time": 0.9333, "name": "smoke3_008_" },
					{ "time": 1.0667, "name": "smoke3_009_" },
					{ "time": 1.2, "name": "smoke3_010_" },
					{ "time": 1.3333, "name": "smoke3_011_" },
					{ "time": 1.4667, "name": "smoke3_012_" },
					{ "time": 1.6, "name": "smoke3_013_" },
					{ "time": 1.7333, "name": "smoke3_014_" },
					{ "time": 1.8667, "name": "smoke3_015_" },
					{ "time": 2, "name": "smoke3_016_" },
					{ "time": 2.1333, "name": "smoke3_017_" },
					{ "time": 2.2667, "name": "smoke3_018_" },
					{ "time": 2.4, "name": "smoke3_019_" },
					{ "time": 2.5333, "name": "smoke3_020_" },
					{ "time": 2.6667, "name": "smoke3_021_" },
					{ "time": 2.8, "name": "smoke3_022_" },
					{ "time": 2.9333, "name": "smoke3_023_" },
					{ "time": 3.0667, "name": "smoke3_024_" },
					{ "time": 3.2, "name": "smoke3_025_" },
					{ "time": 3.3333, "name": "smoke3_026_" },
					{ "time": 3.4667, "name": "smoke3_027_" },
					{ "time": 3.6, "name": "smoke3_028_" },
					{ "time": 3.7333, "name": "smoke3_029_" },
					{ "time": 3.8667, "name": "smoke3_030_" },
					{ "time": 4, "name": "smoke3_001_" },
					{ "time": 4.1333, "name": "smoke3_002_" },
					{ "time": 4.2667, "name": "smoke3_003_" },
					{ "time": 4.4, "name": "smoke3_004_" },
					{ "time": 4.5333, "name": "smoke3_005_" },
					{ "time": 4.6667, "name": "smoke3_006_" },
					{ "time": 4.8, "name": "smoke3_007_" },
					{ "time": 4.9333, "name": "smoke3_008_" },
					{ "time": 5.0667, "name": "smoke3_009_" },
					{ "time": 5.2, "name": "smoke3_010_" },
					{ "time": 5.3333, "name": "smoke3_011_" },
					{ "time": 5.4667, "name": "smoke3_012_" },
					{ "time": 5.6, "name": "smoke3_013_" },
					{ "time": 5.7333, "name": "smoke3_014_" },
					{ "time": 5.8667, "name": "smoke3_015_" },
					{ "time": 6, "name": "smoke3_016_" },
					{ "time": 6.1333, "name": "smoke3_017_" },
					{ "time": 6.2667, "name": "smoke3_018_" },
					{ "time": 6.4, "name": "smoke3_019_" },
					{ "time": 6.5333, "name": "smoke3_020_" },
					{ "time": 6.6667, "name": "smoke3_021_" },
					{ "time": 6.8, "name": "smoke3_022_" },
					{ "time": 6.9333, "name": "smoke3_023_" },
					{ "time": 7.0667, "name": "smoke3_024_" },
					{ "time": 7.2, "name": "smoke3_025_" },
					{ "time": 7.3333, "name": "smoke3_026_" },
					{ "time": 7.4667, "name": "smoke3_027_" },
					{ "time": 7.6, "name": "smoke3_028_" },
					{ "time": 7.7333, "name": "smoke3_029_" },
					{ "time": 7.8667, "name": "smoke3_030_" },
					{ "time": 8, "name": null }
				]
			},
			"sword_3_": {
				"attachment": [
					{ "time": 0, "name": "sword_3_" }
				]
			},
			"sword_6_": {
				"attachment": [
					{ "time": 0, "name": "sword_6_" }
				]
			}
		},
		"bones": {
			"fazhen_out_": {
				"rotate": [
					{ "time": 0, "angle": 0 },
					{ "time": 2.6667, "angle": 120 },
					{ "time": 5.3333, "angle": -120 },
					{ "time": 8, "angle": 0 }
				]
			},
			"fazhen_out_ctrl": {
				"scale": [
					{ "time": 0, "x": 1, "y": 0.57 }
				]
			},
			"fazhen_in_": {
				"scale": [
					{ "time": 0, "x": 1, "y": 0.57 }
				]
			},
			"fazhen_in_ctrl": {
				"scale": [
					{
						"time": 0,
						"x": 1,
						"y": 1,
						"curve": [ 0.25, 0, 0.75, 1 ]
					},
					{
						"time": 2,
						"x": 0.9,
						"y": 0.9,
						"curve": [ 0.25, 0, 0.75, 1 ]
					},
					{
						"time": 4,
						"x": 1,
						"y": 1,
						"curve": [ 0.25, 0, 0.75, 1 ]
					},
					{
						"time": 6,
						"x": 0.9,
						"y": 0.9,
						"curve": [ 0.25, 0, 0.75, 1 ]
					},
					{ "time": 8, "x": 1, "y": 1 }
				]
			},
			"fuwen_back_": {
				"translate": [
					{ "time": 0, "x": 3.58, "y": 91.49 }
				]
			},
			"sword_3_": {
				"translate": [
					{ "time": 0, "x": 61.48, "y": 193.98 },
					{
						"time": 2,
						"x": 61.48,
						"y": 211,
						"curve": [ 0.25, 0, 0.75, 1 ]
					},
					{ "time": 4, "x": 61.48, "y": 193.98 },
					{
						"time": 6,
						"x": 61.48,
						"y": 211,
						"curve": [ 0.25, 0, 0.75, 1 ]
					},
					{ "time": 8, "x": 61.48, "y": 193.98 }
				]
			},
			"sword_6_": {
				"translate": [
					{
						"time": 0,
						"x": -77.38,
						"y": 187.62,
						"curve": [ 0.25, 0, 0.75, 1 ]
					},
					{
						"time": 2,
						"x": -77.38,
						"y": 204,
						"curve": [ 0.25, 0, 0.75, 1 ]
					},
					{
						"time": 4,
						"x": -77.38,
						"y": 187.62,
						"curve": [ 0.25, 0, 0.75, 1 ]
					},
					{
						"time": 6,
						"x": -77.38,
						"y": 204,
						"curve": [ 0.25, 0, 0.75, 1 ]
					},
					{ "time": 8, "x": -77.38, "y": 187.62 }
				]
			},
			"mask3": {
				"translate": [
					{ "time": 0, "x": 0, "y": -8.78 }
				]
			},
			"mask6": {
				"translate": [
					{ "time": 0, "x": 0, "y": -8.78 }
				]
			}
		}
	},
	"front": {
		"slots": {
			"fuwen_front": {
				"attachment": [
					{ "time": 0, "name": "fuwen_front_00_" },
					{ "time": 0.1333, "name": "fuwen_front_02_" },
					{ "time": 0.2667, "name": "fuwen_front_04_" },
					{ "time": 0.4, "name": "fuwen_front_06_" },
					{ "time": 0.5333, "name": "fuwen_front_08_" },
					{ "time": 0.6667, "name": "fuwen_front_10_" },
					{ "time": 0.8, "name": "fuwen_front_12_" },
					{ "time": 0.9333, "name": "fuwen_front_14_" },
					{ "time": 1.0667, "name": "fuwen_front_16_" },
					{ "time": 1.2, "name": "fuwen_front_18_" },
					{ "time": 1.3333, "name": "fuwen_front_20_" },
					{ "time": 1.4667, "name": "fuwen_front_22_" },
					{ "time": 1.6, "name": "fuwen_front_24_" },
					{ "time": 1.7333, "name": "fuwen_front_26_" },
					{ "time": 1.8667, "name": "fuwen_front_28_" },
					{ "time": 2, "name": "fuwen_front_30_" },
					{ "time": 2.1333, "name": "fuwen_front_32_" },
					{ "time": 2.2667, "name": "fuwen_front_34_" },
					{ "time": 2.4, "name": "fuwen_front_36_" },
					{ "time": 2.5333, "name": "fuwen_front_38_" },
					{ "time": 2.6667, "name": "fuwen_front_40_" },
					{ "time": 2.8, "name": "fuwen_front_42_" },
					{ "time": 2.9333, "name": "fuwen_front_44_" },
					{ "time": 3.0667, "name": "fuwen_front_46_" },
					{ "time": 3.2, "name": "fuwen_front_48_" },
					{ "time": 3.3333, "name": "fuwen_front_50_" },
					{ "time": 3.4667, "name": "fuwen_front_52_" },
					{ "time": 3.6, "name": "fuwen_front_54_" },
					{ "time": 3.7333, "name": "fuwen_front_56_" },
					{ "time": 3.8667, "name": "fuwen_front_58_" },
					{ "time": 4, "name": "fuwen_front_00_" },
					{ "time": 4.1333, "name": "fuwen_front_02_" },
					{ "time": 4.2667, "name": "fuwen_front_04_" },
					{ "time": 4.4, "name": "fuwen_front_06_" },
					{ "time": 4.5333, "name": "fuwen_front_08_" },
					{ "time": 4.6667, "name": "fuwen_front_10_" },
					{ "time": 4.8, "name": "fuwen_front_12_" },
					{ "time": 4.9333, "name": "fuwen_front_14_" },
					{ "time": 5.0667, "name": "fuwen_front_16_" },
					{ "time": 5.2, "name": "fuwen_front_18_" },
					{ "time": 5.3333, "name": "fuwen_front_20_" },
					{ "time": 5.4667, "name": "fuwen_front_22_" },
					{ "time": 5.6, "name": "fuwen_front_24_" },
					{ "time": 5.7333, "name": "fuwen_front_26_" },
					{ "time": 5.8667, "name": "fuwen_front_28_" },
					{ "time": 6, "name": "fuwen_front_30_" },
					{ "time": 6.1333, "name": "fuwen_front_32_" },
					{ "time": 6.2667, "name": "fuwen_front_34_" },
					{ "time": 6.4, "name": "fuwen_front_36_" },
					{ "time": 6.5333, "name": "fuwen_front_38_" },
					{ "time": 6.6667, "name": "fuwen_front_40_" },
					{ "time": 6.8, "name": "fuwen_front_42_" },
					{ "time": 6.9333, "name": "fuwen_front_44_" },
					{ "time": 7.0667, "name": "fuwen_front_46_" },
					{ "time": 7.2, "name": "fuwen_front_48_" },
					{ "time": 7.3333, "name": "fuwen_front_50_" },
					{ "time": 7.4667, "name": "fuwen_front_52_" },
					{ "time": 7.6, "name": "fuwen_front_54_" },
					{ "time": 7.7333, "name": "fuwen_front_56_" },
					{ "time": 7.8667, "name": "fuwen_front_58_" },
					{ "time": 8, "name": null }
				]
			},
			"glow_sword1": {
				"attachment": [
					{ "time": 0, "name": "glow_sword1_" }
				]
			},
			"glow_sword2": {
				"attachment": [
					{ "time": 0, "name": "glow_sword1_" }
				]
			},
			"glow_sword4": {
				"attachment": [
					{ "time": 0, "name": "glow_sword1_" }
				]
			},
			"glow_sword5": {
				"attachment": [
					{ "time": 0, "name": "glow_sword1_" }
				]
			},
			"lizi_line": {
				"attachment": [
					{ "time": 0, "name": "line_00_" },
					{ "time": 0.1333, "name": "line_02_" },
					{ "time": 0.2667, "name": "line_04_" },
					{ "time": 0.4, "name": "line_06_" },
					{ "time": 0.5333, "name": "line_08_" },
					{ "time": 0.6667, "name": "line_10_" },
					{ "time": 0.8, "name": "line_12_" },
					{ "time": 0.9333, "name": "line_14_" },
					{ "time": 1.0667, "name": "line_16_" },
					{ "time": 1.2, "name": "line_18_" },
					{ "time": 1.3333, "name": "line_20_" },
					{ "time": 1.4667, "name": "line_22_" },
					{ "time": 1.6, "name": "line_24_" },
					{ "time": 1.7333, "name": "line_26_" },
					{ "time": 1.8667, "name": "line_28_" },
					{ "time": 2, "name": "line_30_" },
					{ "time": 2.1333, "name": "line_32_" },
					{ "time": 2.2667, "name": "line_34_" },
					{ "time": 2.4, "name": "line_36_" },
					{ "time": 2.5333, "name": "line_38_" },
					{ "time": 2.6667, "name": "line_40_" },
					{ "time": 2.8, "name": "line_42_" },
					{ "time": 2.9333, "name": "line_44_" },
					{ "time": 3.0667, "name": "line_46_" },
					{ "time": 3.2, "name": "line_48_" },
					{ "time": 3.3333, "name": "line_50_" },
					{ "time": 3.4667, "name": "line_52_" },
					{ "time": 3.6, "name": "line_54_" },
					{ "time": 3.7333, "name": "line_56_" },
					{ "time": 3.8667, "name": "line_58_" },
					{ "time": 4, "name": "line_00_" },
					{ "time": 4.1333, "name": "line_02_" },
					{ "time": 4.2667, "name": "line_04_" },
					{ "time": 4.4, "name": "line_06_" },
					{ "time": 4.5333, "name": "line_08_" },
					{ "time": 4.6667, "name": "line_10_" },
					{ "time": 4.8, "name": "line_12_" },
					{ "time": 4.9333, "name": "line_14_" },
					{ "time": 5.0667, "name": "line_16_" },
					{ "time": 5.2, "name": "line_18_" },
					{ "time": 5.3333, "name": "line_20_" },
					{ "time": 5.4667, "name": "line_22_" },
					{ "time": 5.6, "name": "line_24_" },
					{ "time": 5.7333, "name": "line_26_" },
					{ "time": 5.8667, "name": "line_28_" },
					{ "time": 6, "name": "line_30_" },
					{ "time": 6.1333, "name": "line_32_" },
					{ "time": 6.2667, "name": "line_34_" },
					{ "time": 6.4, "name": "line_36_" },
					{ "time": 6.5333, "name": "line_38_" },
					{ "time": 6.6667, "name": "line_40_" },
					{ "time": 6.8, "name": "line_42_" },
					{ "time": 6.9333, "name": "line_44_" },
					{ "time": 7.0667, "name": "line_46_" },
					{ "time": 7.2, "name": "line_48_" },
					{ "time": 7.3333, "name": "line_50_" },
					{ "time": 7.4667, "name": "line_52_" },
					{ "time": 7.6, "name": "line_54_" },
					{ "time": 7.7333, "name": "line_56_" },
					{ "time": 7.8667, "name": "line_58_" },
					{ "time": 8, "name": null }
				]
			},
			"mask1": {
				"attachment": [
					{ "time": 0, "name": "mask1_01_" },
					{ "time": 0.1333, "name": "mask1_02_" },
					{ "time": 0.2667, "name": "mask1_03_" },
					{ "time": 0.4, "name": "mask1_04_" },
					{ "time": 0.5333, "name": "mask1_05_" },
					{ "time": 0.6667, "name": "mask1_06_" },
					{ "time": 0.8, "name": "mask1_07_" },
					{ "time": 0.9333, "name": "mask1_08_" },
					{ "time": 1.0667, "name": "mask1_09_" },
					{ "time": 1.2, "name": "mask1_10_" },
					{ "time": 1.3333, "name": "mask1_11_" },
					{ "time": 1.4667, "name": "mask1_12_" },
					{ "time": 1.6, "name": "mask1_13_" },
					{ "time": 1.7333, "name": "mask1_14_" },
					{ "time": 1.8667, "name": null },
					{ "time": 4, "name": "mask1_01_" },
					{ "time": 4.1333, "name": "mask1_02_" },
					{ "time": 4.2667, "name": "mask1_03_" },
					{ "time": 4.4, "name": "mask1_04_" },
					{ "time": 4.5333, "name": "mask1_05_" },
					{ "time": 4.6667, "name": "mask1_06_" },
					{ "time": 4.8, "name": "mask1_07_" },
					{ "time": 4.9333, "name": "mask1_08_" },
					{ "time": 5.0667, "name": "mask1_09_" },
					{ "time": 5.2, "name": "mask1_10_" },
					{ "time": 5.3333, "name": "mask1_11_" },
					{ "time": 5.4667, "name": "mask1_12_" },
					{ "time": 5.6, "name": "mask1_13_" },
					{ "time": 5.7333, "name": "mask1_14_" },
					{ "time": 5.8667, "name": null }
				]
			},
			"mask2": {
				"attachment": [
					{ "time": 0, "name": "mask2_01_" },
					{ "time": 0.1333, "name": "mask2_02_" },
					{ "time": 0.2667, "name": "mask2_03_" },
					{ "time": 0.4, "name": "mask2_04_" },
					{ "time": 0.5333, "name": "mask2_05_" },
					{ "time": 0.6667, "name": "mask2_06_" },
					{ "time": 0.8, "name": "mask2_07_" },
					{ "time": 0.9333, "name": "mask2_08_" },
					{ "time": 1.0667, "name": "mask2_09_" },
					{ "time": 1.2, "name": "mask2_10_" },
					{ "time": 1.3333, "name": "mask2_11_" },
					{ "time": 1.4667, "name": "mask2_12_" },
					{ "time": 1.6, "name": "mask2_13_" },
					{ "time": 1.7333, "name": "mask2_14_" },
					{ "time": 1.8667, "name": null },
					{ "time": 4, "name": "mask2_01_" },
					{ "time": 4.1333, "name": "mask2_02_" },
					{ "time": 4.2667, "name": "mask2_03_" },
					{ "time": 4.4, "name": "mask2_04_" },
					{ "time": 4.5333, "name": "mask2_05_" },
					{ "time": 4.6667, "name": "mask2_06_" },
					{ "time": 4.8, "name": "mask2_07_" },
					{ "time": 4.9333, "name": "mask2_08_" },
					{ "time": 5.0667, "name": "mask2_09_" },
					{ "time": 5.2, "name": "mask2_10_" },
					{ "time": 5.3333, "name": "mask2_11_" },
					{ "time": 5.4667, "name": "mask2_12_" },
					{ "time": 5.6, "name": "mask2_13_" },
					{ "time": 5.7333, "name": "mask2_14_" },
					{ "time": 5.8667, "name": null }
				]
			},
			"mask4": {
				"attachment": [
					{ "time": 0, "name": "mask4_01_" },
					{ "time": 0.1, "name": "mask4_02_" },
					{ "time": 0.2, "name": "mask4_03_" },
					{ "time": 0.3, "name": "mask4_04_" },
					{ "time": 0.4, "name": "mask4_05_" },
					{ "time": 0.5, "name": "mask4_06_" },
					{ "time": 0.6, "name": "mask4_07_" },
					{ "time": 0.7, "name": "mask4_08_" },
					{ "time": 0.8, "name": "mask4_09_" },
					{ "time": 0.9, "name": "mask4_10_" },
					{ "time": 1, "name": "mask4_11_" },
					{ "time": 1.1, "name": "mask4_12_" },
					{ "time": 1.2, "name": "mask4_13_" },
					{ "time": 1.3, "name": "mask4_14_" },
					{ "time": 1.4, "name": null },
					{ "time": 4, "name": "mask4_01_" },
					{ "time": 4.1, "name": "mask4_02_" },
					{ "time": 4.2, "name": "mask4_03_" },
					{ "time": 4.3, "name": "mask4_04_" },
					{ "time": 4.4, "name": "mask4_05_" },
					{ "time": 4.5, "name": "mask4_06_" },
					{ "time": 4.6, "name": "mask4_07_" },
					{ "time": 4.7, "name": "mask4_08_" },
					{ "time": 4.8, "name": "mask4_09_" },
					{ "time": 4.9, "name": "mask4_10_" },
					{ "time": 5, "name": "mask4_11_" },
					{ "time": 5.1, "name": "mask4_12_" },
					{ "time": 5.2, "name": "mask4_13_" },
					{ "time": 5.3, "name": "mask4_14_" },
					{ "time": 5.4, "name": null }
				]
			},
			"mask5": {
				"attachment": [
					{ "time": 0, "name": "mask5_01_" },
					{ "time": 0.1333, "name": "mask5_02_" },
					{ "time": 0.2667, "name": "mask5_03_" },
					{ "time": 0.4, "name": "mask5_04_" },
					{ "time": 0.5333, "name": "mask5_05_" },
					{ "time": 0.6667, "name": "mask5_06_" },
					{ "time": 0.8, "name": "mask5_07_" },
					{ "time": 0.9333, "name": "mask5_08_" },
					{ "time": 1.0667, "name": "mask5_09_" },
					{ "time": 1.2, "name": "mask5_10_" },
					{ "time": 1.3333, "name": "mask5_11_" },
					{ "time": 1.4667, "name": "mask5_12_" },
					{ "time": 1.6, "name": "mask5_13_" },
					{ "time": 1.7333, "name": "mask5_14_" },
					{ "time": 1.8667, "name": null },
					{ "time": 4, "name": "mask5_01_" },
					{ "time": 4.1333, "name": "mask5_02_" },
					{ "time": 4.2667, "name": "mask5_03_" },
					{ "time": 4.4, "name": "mask5_04_" },
					{ "time": 4.5333, "name": "mask5_05_" },
					{ "time": 4.6667, "name": "mask5_06_" },
					{ "time": 4.8, "name": "mask5_07_" },
					{ "time": 4.9333, "name": "mask5_08_" },
					{ "time": 5.0667, "name": "mask5_09_" },
					{ "time": 5.2, "name": "mask5_10_" },
					{ "time": 5.3333, "name": "mask5_11_" },
					{ "time": 5.4667, "name": "mask5_12_" },
					{ "time": 5.6, "name": "mask5_13_" },
					{ "time": 5.7333, "name": "mask5_14_" },
					{ "time": 5.8667, "name": null }
				]
			},
			"smoke1_1": {
				"attachment": [
					{ "time": 0, "name": "smoke1_001_" },
					{ "time": 0.1333, "name": "smoke1_002_" },
					{ "time": 0.2667, "name": "smoke1_003_" },
					{ "time": 0.4, "name": "smoke1_004_" },
					{ "time": 0.5333, "name": "smoke1_005_" },
					{ "time": 0.6667, "name": "smoke1_006_" },
					{ "time": 0.8, "name": "smoke1_007_" },
					{ "time": 0.9333, "name": "smoke1_008_" },
					{ "time": 1.0667, "name": "smoke1_009_" },
					{ "time": 1.2, "name": "smoke1_010_" },
					{ "time": 1.3333, "name": "smoke1_011_" },
					{ "time": 1.4667, "name": "smoke1_012_" },
					{ "time": 1.6, "name": "smoke1_013_" },
					{ "time": 1.7333, "name": "smoke1_014_" },
					{ "time": 1.8667, "name": "smoke1_015_" },
					{ "time": 2, "name": "smoke1_016_" },
					{ "time": 2.1333, "name": "smoke1_017_" },
					{ "time": 2.2667, "name": "smoke1_018_" },
					{ "time": 2.4, "name": "smoke1_019_" },
					{ "time": 2.5333, "name": "smoke1_020_" },
					{ "time": 2.6667, "name": "smoke1_021_" },
					{ "time": 2.8, "name": "smoke1_022_" },
					{ "time": 2.9333, "name": "smoke1_023_" },
					{ "time": 3.0667, "name": "smoke1_024_" },
					{ "time": 3.2, "name": "smoke1_025_" },
					{ "time": 3.3333, "name": "smoke1_026_" },
					{ "time": 3.4667, "name": "smoke1_027_" },
					{ "time": 3.6, "name": "smoke1_028_" },
					{ "time": 3.7333, "name": "smoke1_029_" },
					{ "time": 3.8667, "name": "smoke1_030_" },
					{ "time": 4, "name": "smoke1_001_" },
					{ "time": 4.1333, "name": "smoke1_002_" },
					{ "time": 4.2667, "name": "smoke1_003_" },
					{ "time": 4.4, "name": "smoke1_004_" },
					{ "time": 4.5333, "name": "smoke1_005_" },
					{ "time": 4.6667, "name": "smoke1_006_" },
					{ "time": 4.8, "name": "smoke1_007_" },
					{ "time": 4.9333, "name": "smoke1_008_" },
					{ "time": 5.0667, "name": "smoke1_009_" },
					{ "time": 5.2, "name": "smoke1_010_" },
					{ "time": 5.3333, "name": "smoke1_011_" },
					{ "time": 5.4667, "name": "smoke1_012_" },
					{ "time": 5.6, "name": "smoke1_013_" },
					{ "time": 5.7333, "name": "smoke1_014_" },
					{ "time": 5.8667, "name": "smoke1_015_" },
					{ "time": 6, "name": "smoke1_016_" },
					{ "time": 6.1333, "name": "smoke1_017_" },
					{ "time": 6.2667, "name": "smoke1_018_" },
					{ "time": 6.4, "name": "smoke1_019_" },
					{ "time": 6.5333, "name": "smoke1_020_" },
					{ "time": 6.6667, "name": "smoke1_021_" },
					{ "time": 6.8, "name": "smoke1_022_" },
					{ "time": 6.9333, "name": "smoke1_023_" },
					{ "time": 7.0667, "name": "smoke1_024_" },
					{ "time": 7.2, "name": "smoke1_025_" },
					{ "time": 7.3333, "name": "smoke1_026_" },
					{ "time": 7.4667, "name": "smoke1_027_" },
					{ "time": 7.6, "name": "smoke1_028_" },
					{ "time": 7.7333, "name": "smoke1_029_" },
					{ "time": 7.8667, "name": "smoke1_030_" },
					{ "time": 8, "name": null }
				]
			},
			"smoke1_2": {
				"attachment": [
					{ "time": 0, "name": "smoke1_001_" },
					{ "time": 0.1333, "name": "smoke1_002_" },
					{ "time": 0.2667, "name": "smoke1_003_" },
					{ "time": 0.4, "name": "smoke1_004_" },
					{ "time": 0.5333, "name": "smoke1_005_" },
					{ "time": 0.6667, "name": "smoke1_006_" },
					{ "time": 0.8, "name": "smoke1_007_" },
					{ "time": 0.9333, "name": "smoke1_008_" },
					{ "time": 1.0667, "name": "smoke1_009_" },
					{ "time": 1.2, "name": "smoke1_010_" },
					{ "time": 1.3333, "name": "smoke1_011_" },
					{ "time": 1.4667, "name": "smoke1_012_" },
					{ "time": 1.6, "name": "smoke1_013_" },
					{ "time": 1.7333, "name": "smoke1_014_" },
					{ "time": 1.8667, "name": "smoke1_015_" },
					{ "time": 2, "name": "smoke1_016_" },
					{ "time": 2.1333, "name": "smoke1_017_" },
					{ "time": 2.2667, "name": "smoke1_018_" },
					{ "time": 2.4, "name": "smoke1_019_" },
					{ "time": 2.5333, "name": "smoke1_020_" },
					{ "time": 2.6667, "name": "smoke1_021_" },
					{ "time": 2.8, "name": "smoke1_022_" },
					{ "time": 2.9333, "name": "smoke1_023_" },
					{ "time": 3.0667, "name": "smoke1_024_" },
					{ "time": 3.2, "name": "smoke1_025_" },
					{ "time": 3.3333, "name": "smoke1_026_" },
					{ "time": 3.4667, "name": "smoke1_027_" },
					{ "time": 3.6, "name": "smoke1_028_" },
					{ "time": 3.7333, "name": "smoke1_029_" },
					{ "time": 3.8667, "name": "smoke1_030_" },
					{ "time": 4, "name": "smoke1_001_" },
					{ "time": 4.1333, "name": "smoke1_002_" },
					{ "time": 4.2667, "name": "smoke1_003_" },
					{ "time": 4.4, "name": "smoke1_004_" },
					{ "time": 4.5333, "name": "smoke1_005_" },
					{ "time": 4.6667, "name": "smoke1_006_" },
					{ "time": 4.8, "name": "smoke1_007_" },
					{ "time": 4.9333, "name": "smoke1_008_" },
					{ "time": 5.0667, "name": "smoke1_009_" },
					{ "time": 5.2, "name": "smoke1_010_" },
					{ "time": 5.3333, "name": "smoke1_011_" },
					{ "time": 5.4667, "name": "smoke1_012_" },
					{ "time": 5.6, "name": "smoke1_013_" },
					{ "time": 5.7333, "name": "smoke1_014_" },
					{ "time": 5.8667, "name": "smoke1_015_" },
					{ "time": 6, "name": "smoke1_016_" },
					{ "time": 6.1333, "name": "smoke1_017_" },
					{ "time": 6.2667, "name": "smoke1_018_" },
					{ "time": 6.4, "name": "smoke1_019_" },
					{ "time": 6.5333, "name": "smoke1_020_" },
					{ "time": 6.6667, "name": "smoke1_021_" },
					{ "time": 6.8, "name": "smoke1_022_" },
					{ "time": 6.9333, "name": "smoke1_023_" },
					{ "time": 7.0667, "name": "smoke1_024_" },
					{ "time": 7.2, "name": "smoke1_025_" },
					{ "time": 7.3333, "name": "smoke1_026_" },
					{ "time": 7.4667, "name": "smoke1_027_" },
					{ "time": 7.6, "name": "smoke1_028_" },
					{ "time": 7.7333, "name": "smoke1_029_" },
					{ "time": 7.8667, "name": "smoke1_030_" },
					{ "time": 8, "name": null }
				]
			},
			"smoke1_3": {
				"attachment": [
					{ "time": 0, "name": "smoke1_001_" },
					{ "time": 0.1333, "name": "smoke1_002_" },
					{ "time": 0.2667, "name": "smoke1_003_" },
					{ "time": 0.4, "name": "smoke1_004_" },
					{ "time": 0.5333, "name": "smoke1_005_" },
					{ "time": 0.6667, "name": "smoke1_006_" },
					{ "time": 0.8, "name": "smoke1_007_" },
					{ "time": 0.9333, "name": "smoke1_008_" },
					{ "time": 1.0667, "name": "smoke1_009_" },
					{ "time": 1.2, "name": "smoke1_010_" },
					{ "time": 1.3333, "name": "smoke1_011_" },
					{ "time": 1.4667, "name": "smoke1_012_" },
					{ "time": 1.6, "name": "smoke1_013_" },
					{ "time": 1.7333, "name": "smoke1_014_" },
					{ "time": 1.8667, "name": "smoke1_015_" },
					{ "time": 2, "name": "smoke1_016_" },
					{ "time": 2.1333, "name": "smoke1_017_" },
					{ "time": 2.2667, "name": "smoke1_018_" },
					{ "time": 2.4, "name": "smoke1_019_" },
					{ "time": 2.5333, "name": "smoke1_020_" },
					{ "time": 2.6667, "name": "smoke1_021_" },
					{ "time": 2.8, "name": "smoke1_022_" },
					{ "time": 2.9333, "name": "smoke1_023_" },
					{ "time": 3.0667, "name": "smoke1_024_" },
					{ "time": 3.2, "name": "smoke1_025_" },
					{ "time": 3.3333, "name": "smoke1_026_" },
					{ "time": 3.4667, "name": "smoke1_027_" },
					{ "time": 3.6, "name": "smoke1_028_" },
					{ "time": 3.7333, "name": "smoke1_029_" },
					{ "time": 3.8667, "name": "smoke1_030_" },
					{ "time": 4, "name": "smoke1_001_" },
					{ "time": 4.1333, "name": "smoke1_002_" },
					{ "time": 4.2667, "name": "smoke1_003_" },
					{ "time": 4.4, "name": "smoke1_004_" },
					{ "time": 4.5333, "name": "smoke1_005_" },
					{ "time": 4.6667, "name": "smoke1_006_" },
					{ "time": 4.8, "name": "smoke1_007_" },
					{ "time": 4.9333, "name": "smoke1_008_" },
					{ "time": 5.0667, "name": "smoke1_009_" },
					{ "time": 5.2, "name": "smoke1_010_" },
					{ "time": 5.3333, "name": "smoke1_011_" },
					{ "time": 5.4667, "name": "smoke1_012_" },
					{ "time": 5.6, "name": "smoke1_013_" },
					{ "time": 5.7333, "name": "smoke1_014_" },
					{ "time": 5.8667, "name": "smoke1_015_" },
					{ "time": 6, "name": "smoke1_016_" },
					{ "time": 6.1333, "name": "smoke1_017_" },
					{ "time": 6.2667, "name": "smoke1_018_" },
					{ "time": 6.4, "name": "smoke1_019_" },
					{ "time": 6.5333, "name": "smoke1_020_" },
					{ "time": 6.6667, "name": "smoke1_021_" },
					{ "time": 6.8, "name": "smoke1_022_" },
					{ "time": 6.9333, "name": "smoke1_023_" },
					{ "time": 7.0667, "name": "smoke1_024_" },
					{ "time": 7.2, "name": "smoke1_025_" },
					{ "time": 7.3333, "name": "smoke1_026_" },
					{ "time": 7.4667, "name": "smoke1_027_" },
					{ "time": 7.6, "name": "smoke1_028_" },
					{ "time": 7.7333, "name": "smoke1_029_" },
					{ "time": 7.8667, "name": "smoke1_030_" },
					{ "time": 8, "name": null }
				]
			},
			"smoke2_1": {
				"attachment": [
					{ "time": 0, "name": "smoke3_001_" },
					{ "time": 0.1333, "name": "smoke3_002_" },
					{ "time": 0.2667, "name": "smoke3_003_" },
					{ "time": 0.4, "name": "smoke3_004_" },
					{ "time": 0.5333, "name": "smoke3_005_" },
					{ "time": 0.6667, "name": "smoke3_006_" },
					{ "time": 0.8, "name": "smoke3_007_" },
					{ "time": 0.9333, "name": "smoke3_008_" },
					{ "time": 1.0667, "name": "smoke3_009_" },
					{ "time": 1.2, "name": "smoke3_010_" },
					{ "time": 1.3333, "name": "smoke3_011_" },
					{ "time": 1.4667, "name": "smoke3_012_" },
					{ "time": 1.6, "name": "smoke3_013_" },
					{ "time": 1.7333, "name": "smoke3_014_" },
					{ "time": 1.8667, "name": "smoke3_015_" },
					{ "time": 2, "name": "smoke3_016_" },
					{ "time": 2.1333, "name": "smoke3_017_" },
					{ "time": 2.2667, "name": "smoke3_018_" },
					{ "time": 2.4, "name": "smoke3_019_" },
					{ "time": 2.5333, "name": "smoke3_020_" },
					{ "time": 2.6667, "name": "smoke3_021_" },
					{ "time": 2.8, "name": "smoke3_022_" },
					{ "time": 2.9333, "name": "smoke3_023_" },
					{ "time": 3.0667, "name": "smoke3_024_" },
					{ "time": 3.2, "name": "smoke3_025_" },
					{ "time": 3.3333, "name": "smoke3_026_" },
					{ "time": 3.4667, "name": "smoke3_027_" },
					{ "time": 3.6, "name": "smoke3_028_" },
					{ "time": 3.7333, "name": "smoke3_029_" },
					{ "time": 3.8667, "name": "smoke3_030_" },
					{ "time": 4, "name": "smoke3_001_" },
					{ "time": 4.1333, "name": "smoke3_002_" },
					{ "time": 4.2667, "name": "smoke3_003_" },
					{ "time": 4.4, "name": "smoke3_004_" },
					{ "time": 4.5333, "name": "smoke3_005_" },
					{ "time": 4.6667, "name": "smoke3_006_" },
					{ "time": 4.8, "name": "smoke3_007_" },
					{ "time": 4.9333, "name": "smoke3_008_" },
					{ "time": 5.0667, "name": "smoke3_009_" },
					{ "time": 5.2, "name": "smoke3_010_" },
					{ "time": 5.3333, "name": "smoke3_011_" },
					{ "time": 5.4667, "name": "smoke3_012_" },
					{ "time": 5.6, "name": "smoke3_013_" },
					{ "time": 5.7333, "name": "smoke3_014_" },
					{ "time": 5.8667, "name": "smoke3_015_" },
					{ "time": 6, "name": "smoke3_016_" },
					{ "time": 6.1333, "name": "smoke3_017_" },
					{ "time": 6.2667, "name": "smoke3_018_" },
					{ "time": 6.4, "name": "smoke3_019_" },
					{ "time": 6.5333, "name": "smoke3_020_" },
					{ "time": 6.6667, "name": "smoke3_021_" },
					{ "time": 6.8, "name": "smoke3_022_" },
					{ "time": 6.9333, "name": "smoke3_023_" },
					{ "time": 7.0667, "name": "smoke3_024_" },
					{ "time": 7.2, "name": "smoke3_025_" },
					{ "time": 7.3333, "name": "smoke3_026_" },
					{ "time": 7.4667, "name": "smoke3_027_" },
					{ "time": 7.6, "name": "smoke3_028_" },
					{ "time": 7.7333, "name": "smoke3_029_" },
					{ "time": 7.8667, "name": "smoke3_030_" },
					{ "time": 8, "name": null }
				]
			},
			"sword_1_": {
				"attachment": [
					{ "time": 0, "name": "sword_1_" }
				]
			},
			"sword_2_": {
				"attachment": [
					{ "time": 0, "name": "sword_2_" }
				]
			},
			"sword_4_": {
				"attachment": [
					{ "time": 0, "name": "sword_4_" }
				]
			},
			"sword_5_": {
				"attachment": [
					{ "time": 0, "name": "sword_5_" }
				]
			}
		},
		"bones": {
			"fuwen_front": {
				"translate": [
					{ "time": 0, "x": 3.58, "y": 91.49 }
				]
			},
			"lizi_line": {
				"translate": [
					{ "time": 0, "x": -19.41, "y": 101.52 }
				]
			},
			"sword_1_": {
				"translate": [
					{
						"time": 0,
						"x": 179.14,
						"y": 119.78,
						"curve": [ 0.25, 0, 0.75, 1 ]
					},
					{
						"time": 2,
						"x": 179.14,
						"y": 137,
						"curve": [ 0.25, 0, 0.75, 1 ]
					},
					{
						"time": 4,
						"x": 179.14,
						"y": 119.78,
						"curve": [ 0.25, 0, 0.75, 1 ]
					},
					{
						"time": 6,
						"x": 179.14,
						"y": 137,
						"curve": [ 0.25, 0, 0.75, 1 ]
					},
					{ "time": 8, "x": 179.14, "y": 119.78 }
				]
			},
			"sword_2_": {
				"translate": [
					{
						"time": 0,
						"x": -175.96,
						"y": 82.68,
						"curve": [ 0.25, 0, 0.75, 1 ]
					},
					{
						"time": 2,
						"x": -175.96,
						"y": 98,
						"curve": [ 0.25, 0, 0.75, 1 ]
					},
					{
						"time": 4,
						"x": -175.96,
						"y": 82.68,
						"curve": [ 0.25, 0, 0.75, 1 ]
					},
					{
						"time": 6,
						"x": -175.96,
						"y": 98,
						"curve": [ 0.25, 0, 0.75, 1 ]
					},
					{ "time": 8, "x": -175.96, "y": 82.68 }
				]
			},
			"sword_4_": {
				"translate": [
					{
						"time": 0,
						"x": -36.04,
						"y": 3.18,
						"curve": [ 0.25, 0, 0.75, 1 ]
					},
					{
						"time": 2,
						"x": -36.04,
						"y": 20,
						"curve": [ 0.25, 0, 0.75, 1 ]
					},
					{
						"time": 4,
						"x": -36.04,
						"y": 3.18,
						"curve": [ 0.25, 0, 0.75, 1 ]
					},
					{
						"time": 6,
						"x": -36.04,
						"y": 20,
						"curve": [ 0.25, 0, 0.75, 1 ]
					},
					{ "time": 8, "x": -36.04, "y": 3.18 }
				]
			},
			"sword_5_": {
				"translate": [
					{
						"time": 0,
						"x": 116.6,
						"y": 23.32,
						"curve": [ 0.25, 0, 0.75, 1 ]
					},
					{
						"time": 2,
						"x": 116.6,
						"y": 41,
						"curve": [ 0.25, 0, 0.75, 1 ]
					},
					{
						"time": 4,
						"x": 116.6,
						"y": 23.32,
						"curve": [ 0.25, 0, 0.75, 1 ]
					},
					{
						"time": 6,
						"x": 116.6,
						"y": 41,
						"curve": [ 0.25, 0, 0.75, 1 ]
					},
					{ "time": 8, "x": 116.6, "y": 23.32 }
				]
			},
			"mask4": {
				"translate": [
					{ "time": 0, "x": 0, "y": -9.7 }
				]
			},
			"mask2": {
				"translate": [
					{ "time": 0, "x": 0, "y": -9.79 }
				]
			},
			"smoke2_1": {
				"translate": [
					{ "time": 0, "x": 0, "y": -12.08 }
				]
			},
			"mask5": {
				"translate": [
					{ "time": 0, "x": 0, "y": -8.72 }
				]
			}
		}
	}
}
}