{
"skeleton": { "hash": "VACmwzHFKziCVmniWkl0WPF5Yk0", "spine": "2.1.27", "width": 524.42, "height": 727.41 },
"bones": [
	{ "name": "root", "scaleX": 0.5, "scaleY": 0.5 },
	{ "name": "bone", "parent": "root", "length": 119.99, "x": -2.31, "y": 581.36, "rotation": 89.54 },
	{ "name": "yanwu_", "parent": "root", "length": 79.55, "x": 2.96, "y": -89.32, "scaleX": 1.3, "scaleY": 1.14, "rotation": 89.54 },
	{ "name": "F_qunbai_", "parent": "bone", "length": 110.89, "x": -91.17, "y": -0.09, "rotation": 180 },
	{ "name": "bone2", "parent": "bone", "length": 106.38, "x": 119.99, "y": -0.29, "rotation": 0.9 },
	{ "name": "xiaqunbai_", "parent": "bone", "length": 144.96, "x": -3.5, "y": 64.72, "rotation": 171.05 },
	{ "name": "xiaqunbai_2", "parent": "bone", "length": 150.45, "x": 2.78, "y": -55.47, "rotation": -170.17 },
	{ "name": "yupei_", "parent": "bone", "length": 113.28, "x": 20.96, "y": 110.79, "rotation": 178.64 },
	{ "name": "bone17", "parent": "yupei_", "length": 114.49, "x": 113.28, "y": -0.19, "rotation": 2.72 },
	{ "name": "bone25", "parent": "F_qunbai_", "length": 118.93, "x": 110.89, "y": -0.46, "rotation": -0.45 },
	{ "name": "bone28", "parent": "xiaqunbai_", "length": 124.99, "x": 141, "y": -1.04, "rotation": -0.9 },
	{ "name": "bone3", "parent": "bone2", "length": 169.5, "x": 106.38, "y": 0.4, "rotation": -1.36 },
	{ "name": "bone31", "parent": "xiaqunbai_2", "length": 123.96, "x": 150.45, "y": 0.89, "rotation": -1.8 },
	{ "name": "L_dapie_", "parent": "bone3", "length": 203.04, "x": 158.87, "y": 68.07, "rotation": 135.92 },
	{ "name": "L_piaodai_", "parent": "bone3", "length": 107.28, "x": 96.2, "y": 110.37, "rotation": 175.94 },
	{ "name": "R_dapie_", "parent": "bone3", "length": 161.91, "x": 162.09, "y": -62.3, "rotation": -131.66 },
	{ "name": "R_piaodai_", "parent": "bone3", "length": 113.75, "x": 115.46, "y": -92.41, "rotation": -175.94 },
	{ "name": "bone21", "parent": "bone17", "length": 81.22, "x": 114.49, "y": 0.06, "rotation": -3.15 },
	{ "name": "bone26", "parent": "bone25", "length": 118.54, "x": 115.25, "y": 0.12, "rotation": 0.9 },
	{ "name": "bone29", "parent": "bone28", "length": 131, "x": 124.99, "y": -0.38, "rotation": -1.36 },
	{ "name": "bone32", "parent": "bone31", "length": 118.48, "x": 123.95, "y": -0.29 },
	{ "name": "bone4", "parent": "bone3", "length": 199.16, "x": 167.03, "y": -1.05, "rotation": 0.9 },
	{ "name": "B_mianliu_", "parent": "bone4", "length": 44.72, "x": 220.64, "y": 7.06, "rotation": -179.54 },
	{ "name": "F_mianliu_", "parent": "bone4", "length": 44.03, "x": 234.4, "y": -1.19, "rotation": -179.09 },
	{ "name": "L_xiuzi_", "parent": "R_dapie_", "length": 187.4, "x": 151.47, "y": 0.83, "rotation": -15.94 },
	{ "name": "bone22", "parent": "bone21", "length": 100.01, "x": 81.22, "y": -0.61, "rotation": 2.7 },
	{ "name": "bone27", "parent": "bone26", "length": 157.76, "x": 118.54, "y": 0.02, "rotation": 0.9 },
	{ "name": "bone30", "parent": "bone29", "length": 108.99, "x": 131, "y": -0.25 },
	{ "name": "bone33", "parent": "bone32", "length": 106.75, "x": 118.48, "y": -0.92, "rotation": 0.9 },
	{ "name": "bone34", "parent": "L_piaodai_", "length": 113.63, "x": 107.28, "y": -0.04, "rotation": 2.7 },
	{ "name": "bone38", "parent": "R_piaodai_", "length": 112.23, "x": 113.75, "y": 0.46, "rotation": -2.25 },
	{ "name": "youxiu_", "parent": "L_dapie_", "length": 212.46, "x": 198.18, "y": 4, "rotation": 28.16 },
	{ "name": "zhuyin_", "parent": "bone4", "length": 45.67, "x": -6.56, "y": -1.5, "rotation": -180 },
	{ "name": "bone13", "parent": "L_xiuzi_", "length": 102.62, "x": 187.39, "y": -0.71, "rotation": -62.53 },
	{ "name": "bone19", "parent": "zhuyin_", "length": 26.99, "x": 45.67, "rotation": 1.35 },
	{ "name": "bone35", "parent": "bone34", "length": 108.24, "x": 113.62, "y": 0.45, "rotation": 0.45 },
	{ "name": "bone39", "parent": "bone38", "length": 120.3, "x": 112.23, "y": -0.4, "rotation": 0.9 },
	{ "name": "bone44", "parent": "bone27", "length": 117.68, "x": 157.76, "y": 0.35, "rotation": 1.35 },
	{ "name": "bone45", "parent": "F_mianliu_", "length": 46.78, "x": 44.03, "rotation": -0.45 },
	{ "name": "bone47", "parent": "B_mianliu_", "length": 39.9, "x": 44.72, "y": 0.33, "rotation": -1.35 },
	{ "name": "bone5", "parent": "youxiu_", "length": 191.32, "x": 212.46, "y": 0.88, "rotation": 13.71 },
	{ "name": "bone50", "parent": "bone30", "length": 115.69, "x": 101.58, "y": -1.73, "rotation": 0.9 },
	{ "name": "bone53", "parent": "bone33", "length": 114.42, "x": 99.42, "y": 1.06, "rotation": 0.9 },
	{ "name": "L_hand_", "parent": "bone13", "length": 91.06, "x": 98.48, "y": 0.51, "rotation": -31.88 },
	{ "name": "L_xiuzi_2", "parent": "bone13", "length": 117.78, "x": 82.39, "y": 2.85, "rotation": 38.76 },
	{ "name": "R_hand_", "parent": "bone5", "length": 57.17, "x": 181.04, "y": -0.47, "rotation": -16.78 },
	{ "name": "R_houxiubai_", "parent": "bone5", "length": 110.82, "x": 195.71, "y": -38.63, "rotation": -4.5 },
	{ "name": "bone20", "parent": "bone19", "length": 32.52, "x": 26.99, "y": 0.05, "rotation": -0.9 },
	{ "name": "bone36", "parent": "bone35", "length": 133.62, "x": 108.24, "y": 0.75, "rotation": 0.45 },
	{ "name": "bone40", "parent": "bone39", "length": 124.25, "x": 120.3, "y": 0.24, "rotation": -0.9 },
	{ "name": "bone46", "parent": "bone45", "length": 43.34, "x": 46.78, "y": -0.36 },
	{ "name": "bone48", "parent": "bone47", "length": 37.15, "x": 39.9, "y": -0.06, "rotation": 0.45 },
	{ "name": "bone49", "parent": "bone44", "length": 82.22, "x": 117.68, "y": 0.15, "rotation": -1.35 },
	{ "name": "bone51", "parent": "bone50", "length": 126.61, "x": 115.69, "y": 0.56, "rotation": -2.25 },
	{ "name": "bone54", "parent": "bone53", "length": 115.12, "x": 114.42, "y": 0.49, "rotation": 1.8 },
	{ "name": "bone10", "parent": "R_houxiubai_", "length": 94.5, "x": 110.82, "y": -0.19, "rotation": 0.45 },
	{ "name": "bone14", "parent": "L_xiuzi_2", "length": 84.45, "x": 117.78, "y": 0.23, "rotation": 0.45 },
	{ "name": "bone37", "parent": "bone36", "length": 149.63, "x": 133.62, "y": 0.47, "rotation": 0.45 },
	{ "name": "bone41", "parent": "bone40", "length": 157.69, "x": 124.25, "y": -0.59, "rotation": 0.45 },
	{ "name": "bone52", "parent": "bone51", "length": 89.5, "x": 126.61, "y": -0.16, "rotation": -0.45 },
	{ "name": "bone55", "parent": "bone54", "length": 88.35, "x": 115.12, "y": 0.64, "rotation": 1.8 },
	{ "name": "bone6", "parent": "R_hand_", "length": 52.69, "x": 57.17, "y": 0.01, "rotation": 46.87 },
	{ "name": "bone8", "parent": "R_hand_", "length": 38.82, "x": 4.8, "y": 10.25, "rotation": 65.08 },
	{ "name": "jianbing_", "parent": "L_hand_", "length": 545, "x": 56.8, "y": -54.74, "rotation": 75.01 },
	{ "name": "bone11", "parent": "bone10", "length": 88.11, "x": 94.5, "y": 0.32, "rotation": 5.39 },
	{ "name": "bone15", "parent": "bone14", "length": 99.85, "x": 84.45, "y": 0.59, "rotation": -3.15 },
	{ "name": "bone7", "parent": "bone6", "length": 30.8, "x": 52.69, "y": 0.11, "rotation": 31.55 },
	{ "name": "bone9", "parent": "bone8", "length": 53.56, "x": 38.82, "y": -0.12, "rotation": -24.91 },
	{ "name": "bone16", "parent": "bone15", "length": 134.34, "x": 99.85, "y": -0.69 },
	{ "name": "bone23", "parent": "bone11", "length": 102.76, "x": 82.26, "y": -1.01, "rotation": 2.25 },
	{ "name": "bone24", "parent": "bone23", "length": 97.98, "x": 102.76, "y": 0.51, "rotation": 2.25 }
],
"slots": [
	{ "name": "zhongyi_", "bone": "bone3", "attachment": "zhongyi_" },
	{ "name": "zhuyin_", "bone": "zhuyin_", "attachment": "zhuyin_" },
	{ "name": "L_xiuzi_", "bone": "L_xiuzi_2", "attachment": "L_xiuzi_" },
	{ "name": "R_dapie_", "bone": "R_dapie_", "attachment": "R_dapie_" },
	{ "name": "xiaqunbai01_", "bone": "xiaqunbai_", "attachment": "xiaqunbai01_" },
	{ "name": "L_dapie_", "bone": "L_dapie_", "attachment": "L_dapie_" },
	{ "name": "L_yijin_", "bone": "root", "attachment": "L_yijin_" },
	{ "name": "R_yijin_", "bone": "root", "attachment": "R_yijin_" },
	{ "name": "R_houxiubai02_", "bone": "R_houxiubai_", "attachment": "R_houxiubai02_" },
	{ "name": "R_hand_", "bone": "R_hand_", "attachment": "R_hand_" },
	{ "name": "youxiu_", "bone": "youxiu_", "attachment": "youxiu_" },
	{ "name": "F_qunbai01_", "bone": "F_qunbai_", "attachment": "F_qunbai01_" },
	{ "name": "yaofen_", "bone": "bone", "attachment": "yaofen_" },
	{ "name": "yupei_", "bone": "yupei_", "attachment": "yupei_" },
	{ "name": "peijian01_", "bone": "jianbing_", "attachment": "peijian01_" },
	{ "name": "L_hand_", "bone": "L_hand_", "attachment": "L_hand_" },
	{ "name": "jianbing_", "bone": "jianbing_", "attachment": "jianbing_" },
	{ "name": "B_mianliu_", "bone": "B_mianliu_", "attachment": "B_mianliu_" },
	{ "name": "Tou_", "bone": "bone4", "attachment": "Tou_" },
	{ "name": "F_mianliu_", "bone": "F_mianliu_", "attachment": "F_mianliu_" },
	{ "name": "R_piaodai_", "bone": "R_piaodai_", "attachment": "R_piaodai_" },
	{ "name": "L_piaodai_", "bone": "L_piaodai_", "attachment": "L_piaodai_" },
	{ "name": "dise_", "bone": "yanwu_", "attachment": "dise_" },
	{ "name": "yanwu_", "bone": "yanwu_", "attachment": "yanwu_" },
	{ "name": "yanwu_2", "bone": "yanwu_", "color": "ffffff7d", "attachment": "yanwu_" }
],
"skins": {
	"default": {
		"B_mianliu_": {
			"B_mianliu_": {
				"type": "skinnedmesh",
				"uvs": [ 1, 0.13951, 1, 0.32639, 1, 0.46534, 1, 0.61868, 1, 0.82711, 1, 1, 0.76492, 1, 0.51401, 1, 0.2295, 1, 0, 1, 0, 0.82711, 0, 0.62347, 0, 0.47732, 0, 0.33118, 0, 0.13711, 0, 0, 0.22726, 0, 0.50057, 0, 0.75148, 0, 1, 0, 0.505, 0.32876, 0.50737, 0.62104, 0.50242, 0.13681, 0.50617, 0.47235, 0.51085, 0.81967, 0.75377, 0.13817, 0.75373, 0.32757, 0.75827, 0.46877, 0.76274, 0.61981, 0.76292, 0.82351, 0.2295, 0.13697, 0.23172, 0.33007, 0.23402, 0.47502, 0.23403, 0.62235, 0.23167, 0.82374 ],
				"triangles": [ 24, 21, 28, 34, 11, 33, 24, 34, 33, 24, 33, 21, 10, 11, 34, 8, 9, 10, 34, 8, 10, 34, 24, 7, 8, 34, 7, 29, 28, 3, 24, 28, 29, 29, 3, 4, 6, 29, 4, 7, 29, 6, 6, 4, 5, 7, 24, 29, 33, 32, 21, 11, 12, 33, 21, 27, 28, 3, 28, 2, 21, 23, 27, 32, 23, 21, 12, 32, 33, 12, 13, 31, 23, 20, 26, 32, 31, 20, 32, 20, 23, 12, 31, 32, 27, 26, 1, 2, 27, 1, 28, 27, 2, 23, 26, 27, 31, 22, 20, 13, 30, 31, 26, 25, 0, 26, 20, 25, 1, 26, 0, 25, 20, 22, 31, 30, 22, 13, 14, 30, 25, 19, 0, 30, 17, 22, 14, 16, 30, 25, 18, 19, 22, 17, 18, 30, 16, 17, 14, 15, 16, 22, 18, 25 ],
				"vertices": [ 2, 21, 203.94, -60.22, 0.5, 22, 17.23, 67.15, 0.5, 2, 22, 44.14, 66.93, 0.5, 39, -2.13, 66.57, 0.5, 2, 39, 17.86, 66.87999, 0.8, 51, -21.52, 67.11, 0.2, 2, 39, 39.93999, 67.22, 0.5, 51, 0.55, 67.29, 0.5, 2, 39, 69.94999, 67.69, 0.2, 51, 30.56, 67.51999, 0.8, 1, 51, 55.46, 67.72, 1, 1, 51, 55.74, 31.52, 1, 1, 51, 56.04, -7.11, 1, 1, 51, 56.39, -50.92, 1, 1, 51, 56.67, -86.27, 1, 2, 39, 72.33999, -86.28, 0.2, 51, 31.77, -86.46, 0.8, 2, 39, 43.02, -86.74, 0.5, 51, 2.45, -86.69, 0.5, 2, 39, 21.98, -87.07, 0.8, 51, -18.59, -86.86, 0.2, 2, 22, 43.62, -87.06, 0.5, 39, 0.94, -87.39, 0.5, 2, 21, 204.26, 93.77, 0.5, 22, 15.67, -86.84, 0.5, 1, 21, 224, 93.77, 1, 1, 21, 224.01, 58.78, 1, 1, 21, 224.02, 16.69, 1, 1, 21, 224.03, -21.94, 1, 1, 21, 224.03, -60.22, 1, 2, 22, 43.88, -9.28, 0.5, 39, -0.61, -9.64, 0.5, 2, 39, 41.46, -8.62, 0.5, 51, 1.48, -8.56, 0.5, 2, 21, 204.32, 16.4, 0.5, 22, 16.24, -9.47, 0.5, 2, 39, 20.04999, -9.14, 0.8, 51, -19.91, -8.92, 0.2, 2, 39, 70.05, -7.64, 0.2, 51, 30.08, -7.8, 0.8, 2, 21, 204.13, -22.3, 0.5, 22, 16.74, 29.23, 0.5, 2, 22, 44.01, 29.01, 0.5, 39, -1.37, 28.65, 0.5, 2, 39, 18.94, 29.66, 0.8, 51, -20.73, 29.89, 0.2, 2, 39, 40.66999, 30.69, 0.5, 51, 1, 30.75, 0.5, 2, 39, 70, 31.17, 0.2, 51, 30.33, 31.01, 0.8, 2, 21, 204.29, 58.43, 0.5, 22, 15.93, -51.49, 0.5, 2, 22, 43.74, -51.37, 0.5, 39, 0.22, -51.72, 0.5, 2, 39, 21.09, -51.04, 0.8, 51, -19.2, -50.82, 0.2, 2, 39, 42.3, -50.71, 0.5, 51, 2, -50.66, 0.5, 2, 39, 71.3, -50.62, 0.2, 51, 31.01, -50.79, 0.8 ],
				"hull": 20
			}
		},
		"F_mianliu_": {
			"F_mianliu_": {
				"type": "skinnedmesh",
				"uvs": [ 1, 0.15277, 1, 0.28439, 1, 0.42, 1, 0.57355, 1, 0.71315, 1, 0.86671, 1, 1, 0.75869, 1, 0.51779, 1, 0.26201, 1, 0, 1, 0, 0.87269, 0, 0.70916, 0, 0.56159, 0, 0.40604, 0, 0.27641, 0, 0.15078, 0, 0, 0.24714, 0, 0.50886, 0, 0.7468, 0, 1, 0, 0.51237, 0.2805, 0.52033, 0.56781, 0.52053, 0.86957, 0.24753, 0.27839, 0.25253, 0.56461, 0.26228, 0.87112, 0.74389, 0.28235, 0.74385, 0.57049, 0.74982, 0.8682, 0.24979, 0.40785, 0.51602, 0.41245, 0.74387, 0.41601, 0.25725, 0.71288, 0.52043, 0.71515, 0.74671, 0.7131, 0.24735, 0.15078, 0.5108, 0.15474, 0.74523, 0.15265 ],
				"triangles": [ 37, 18, 19, 16, 17, 18, 39, 19, 20, 20, 21, 0, 16, 18, 37, 39, 20, 0, 38, 19, 39, 37, 19, 38, 12, 13, 26, 34, 26, 23, 36, 29, 3, 35, 23, 29, 12, 26, 34, 36, 3, 4, 35, 29, 36, 34, 23, 35, 30, 36, 4, 5, 30, 4, 24, 35, 36, 24, 36, 30, 27, 34, 35, 27, 35, 24, 11, 12, 34, 11, 34, 27, 9, 10, 11, 27, 9, 11, 8, 27, 24, 9, 27, 8, 7, 30, 5, 8, 24, 30, 7, 8, 30, 7, 5, 6, 14, 15, 25, 31, 25, 22, 14, 25, 31, 32, 22, 28, 31, 22, 32, 33, 32, 28, 33, 28, 1, 33, 1, 2, 13, 14, 31, 26, 31, 32, 23, 32, 33, 29, 33, 2, 13, 31, 26, 26, 32, 23, 29, 23, 33, 29, 2, 3, 15, 16, 37, 25, 37, 38, 22, 38, 39, 39, 0, 1, 15, 37, 25, 25, 38, 22, 28, 22, 39, 28, 39, 1 ],
				"vertices": [ 2, 23, 21.68, 56.69, 0.5, 21, 213.6, -58.22, 0.5, 2, 23, 44.45, 56.34, 0.5, 38, -0.01, 56.34, 0.5, 3, 23, 67.91, 55.98, 0.17, 38, 23.44, 56.15, 0.68, 50, -23.33, 56.52, 0.15, 2, 38, 50.01, 55.94, 0.5, 50, 3.22, 56.31, 0.5, 2, 38, 74.15, 55.75, 0.35, 50, 27.37, 56.12, 0.64999, 1, 50, 53.94, 55.91, 1, 1, 50, 76.99, 55.73, 1, 1, 50, 76.76999, 27.74, 1, 1, 50, 76.56, -0.19, 1, 1, 50, 76.32, -29.86, 1, 1, 50, 76.08, -60.25, 1, 1, 50, 54.06, -60.08, 1, 2, 38, 72.55, -60.23, 0.35, 50, 25.77, -59.86, 0.64999, 2, 38, 47.02, -60.03, 0.5, 50, 0.24, -59.66, 0.5, 3, 23, 63.69, -59.96, 0.17, 38, 20.11, -59.81, 0.68, 50, -26.66, -59.45, 0.15, 2, 23, 41.27, -59.61, 0.5, 38, -2.3, -59.64, 0.5, 2, 23, 19.54, -59.28, 0.5, 21, 213.93, 57.77, 0.5, 1, 21, 240.01, 57.78, 1, 1, 21, 240.02, 29.11, 1, 1, 21, 240.02, -1.24, 1, 1, 21, 240.03, -28.84, 1, 1, 21, 240.03, -58.21, 1, 2, 23, 42.9, -0.2, 0.5, 38, -1.13, -0.21, 0.5, 2, 38, 48.57, 0.31, 0.5, 50, 1.79, 0.68, 0.5, 1, 50, 54, 0.29, 1, 2, 23, 42.06, -30.91, 0.5, 38, -1.73, -30.93, 0.5, 2, 38, 47.78, -30.74, 0.5, 50, 0.99, -30.37, 0.5, 1, 50, 54.03, -29.65, 1, 2, 23, 43.64, 26.64, 0.5, 38, -0.58999, 26.63, 0.5, 2, 38, 49.24, 26.24, 0.5, 50, 2.46, 26.6, 0.5, 1, 50, 53.97, 26.89, 1, 3, 23, 64.46, -30.99, 0.17, 38, 20.66, -30.84, 0.68, 50, -26.12, -30.47, 0.15, 3, 23, 65.73, -0.13, 0.17, 38, 21.69, 0.02, 0.68, 50, -25.08, 0.39, 0.15, 3, 23, 66.76, 26.28, 0.17, 38, 22.52, 26.45, 0.68, 50, -24.25, 26.82, 0.15, 2, 38, 73.43, -30.39, 0.35, 50, 26.65, -30.02, 0.64999, 2, 38, 74.06, 0.12, 0.35, 50, 27.28, 0.49, 0.64999, 2, 38, 73.91, 26.37, 0.35, 50, 27.13, 26.74, 0.64999, 2, 23, 19.98, -30.59, 0.5, 21, 213.93, 29.08, 0.5, 2, 23, 21.14, -0.04, 0.5, 21, 213.25, -1.47, 0.5, 2, 23, 21.21, 27.14, 0.5, 21, 213.62, -28.66, 0.5 ],
				"hull": 22
			}
		},
		"F_qunbai01_": {
			"F_qunbai01_": {
				"type": "skinnedmesh",
				"uvs": [ 1, 0.0926, 1, 0.19325, 1, 0.35087, 1, 0.43063, 1, 0.51989, 1, 0.61864, 1, 0.71929, 1, 0.87691, 1, 1, 0.69531, 1, 0.30692, 1, 0, 1, 0, 0.87501, 0, 0.71739, 0, 0.61864, 0, 0.51799, 0, 0.42494, 0, 0.34897, 0, 0.19515, 0, 0.0964, 0, 0, 0.31184, 0, 0.68548, 0, 1, 0, 0.31176, 0.19456, 0.30192, 0.34955, 0.29696, 0.51855, 0.29706, 0.71795, 0.30713, 0.8756, 0.69537, 0.19383, 0.7152, 0.35033, 0.70031, 0.51932, 0.69522, 0.71871, 0.68529, 0.87631, 0.29701, 0.61674, 0.69778, 0.61846, 0.29977, 0.42275, 0.7081, 0.43093, 0.3118, 0.0964, 0.69013, 0.09104 ],
				"triangles": [ 9, 7, 8, 10, 33, 9, 10, 11, 28, 9, 33, 7, 10, 28, 33, 11, 12, 28, 33, 32, 7, 33, 28, 32, 12, 27, 28, 32, 6, 7, 28, 27, 32, 12, 13, 27, 32, 35, 6, 35, 5, 6, 35, 32, 34, 27, 14, 34, 32, 27, 34, 27, 13, 14, 35, 31, 5, 34, 14, 15, 35, 34, 26, 31, 4, 5, 34, 15, 26, 31, 35, 26, 31, 37, 4, 26, 36, 31, 26, 15, 16, 36, 25, 37, 37, 30, 3, 16, 17, 36, 37, 3, 4, 31, 36, 37, 36, 26, 16, 37, 25, 30, 30, 2, 3, 36, 17, 25, 30, 1, 2, 30, 25, 29, 25, 17, 18, 25, 24, 29, 30, 29, 1, 24, 25, 18, 18, 19, 24, 24, 39, 29, 24, 38, 39, 24, 19, 38, 1, 29, 0, 29, 39, 0, 19, 20, 38, 38, 22, 39, 39, 23, 0, 38, 21, 22, 38, 20, 21, 39, 22, 23 ],
				"vertices": [ 3, 1, -121.08, -143.08, 0.255, 3, 29.91, 142.99, 0.595, 9, -82.12999, 142.79, 0.15, 3, 1, -195.86, -143.67, 0.15, 3, 104.69, 143.57, 0.425, 9, -7.36, 143.98, 0.425, 3, 3, 221.8, 144.49, 0.15, 9, 109.73, 145.85, 0.425, 18, -3.23, 145.79, 0.425, 3, 9, 168.98, 146.79, 0.1275, 18, 56.03, 145.8, 0.7225, 26, -60.15, 146.77, 0.15, 2, 18, 122.34, 145.82, 0.5, 26, 6.15, 145.71, 0.5, 3, 18, 195.71, 145.83, 0.1275, 26, 79.51, 144.55, 0.7225, 37, -74.85, 145.98, 0.15, 2, 26, 154.28, 143.35, 0.5, 37, -0.13, 143.04, 0.5, 3, 26, 271.38, 141.49, 0.15, 37, 116.89, 138.44, 0.425, 52, -4.02, 138.23, 0.425, 2, 26, 362.82, 140.04, 0.15, 52, 87.41, 136.77, 0.85, 2, 26, 361.43, 52.6, 0.15, 52, 86.01, 49.34, 0.85, 2, 26, 359.66, -58.84, 0.15, 52, 84.24, -62.11, 0.85, 2, 26, 358.25, -146.92, 0.15, 52, 82.83999, -150.18, 0.85, 3, 26, 265.4, -145.44, 0.15, 37, 104.2, -148.28, 0.425, 52, -10, -148.71, 0.425, 2, 26, 148.3, -143.58, 0.5, 37, -12.82, -143.67, 0.5, 3, 18, 195.77, -141.16, 0.1275, 26, 74.94, -142.41, 0.7225, 37, -86.13, -140.79, 0.15, 2, 18, 120.99, -141.17, 0.5, 26, 0.17, -141.22, 0.5, 3, 9, 169.32, -140.23, 0.1275, 18, 51.85, -141.19, 0.7225, 26, -68.94999, -140.12, 0.15, 3, 3, 222.64, -142.5, 0.15, 9, 112.89, -141.13, 0.425, 18, -4.58, -141.2, 0.425, 3, 1, -199.53, 143.3, 0.15, 3, 108.35, -143.4, 0.425, 9, -1.38, -142.95, 0.425, 3, 1, -126.16, 143.87, 0.255, 3, 34.98, -143.97, 0.595, 9, -74.74, -144.12, 0.15, 1, 1, -54.53, 144.44, 1, 1, 1, -53.83, 54.94, 1, 1, 1, -52.99, -52.28, 1, 1, 1, -52.28, -142.54, 1, 3, 1, -198.38, 53.83, 0.15, 3, 107.21, -53.93, 0.425, 9, -3.24, -53.49, 0.425, 3, 3, 222.39, -55.84, 0.15, 9, 111.93, -54.48, 0.425, 18, -4.17, -54.55, 0.425, 2, 18, 121.39, -55.95, 0.5, 26, 1.94, -56.01, 0.5, 2, 26, 150.08, -58.34, 0.5, 37, -9.05, -58.5, 0.5, 3, 26, 267.24, -57.31, 0.15, 37, 108.09, -60.21, 0.425, 52, -8.17, -60.58, 0.425, 3, 1, -196.98, -56.25, 0.15, 3, 105.8, 56.15, 0.425, 9, -5.54, 56.57, 0.425, 3, 3, 222.04, 62.76, 0.15, 9, 110.63, 64.12, 0.425, 18, -3.61, 64.06, 0.425, 2, 18, 121.94, 59.81, 0.5, 26, 4.36, 59.72, 0.5, 2, 26, 152.46, 55.9, 0.5, 37, -3.99, 55.65, 0.5, 3, 26, 269.5, 51.19, 0.15, 37, 112.89, 48.21, 0.425, 52, -5.9, 47.93, 0.425, 3, 18, 194.34, -55.92, 0.1275, 26, 74.89, -57.15, 0.7225, 37, -84.19, -55.56, 0.15, 3, 18, 195.6, 59.09, 0.1275, 26, 78, 57.82, 0.7225, 37, -78.39, 59.32, 0.15, 3, 9, 166.32, -54.23, 0.1275, 18, 50.21, -55.15, 0.7225, 26, -69.21, -54.07, 0.15, 3, 9, 170.54, 63.03, 0.1275, 18, 56.26, 62.03, 0.7225, 26, -61.26, 63, 0.15, 3, 1, -125.45, 54.39, 0.255, 3, 34.28, -54.49, 0.595, 9, -76.17, -54.64, 0.15, 3, 1, -120.62, -54.15, 0.255, 3, 29.45, 54.05, 0.595, 9, -81.87999, 53.85, 0.15 ],
				"hull": 24
			}
		},
		"L_dapie_": {
			"L_dapie_": {
				"type": "skinnedmesh",
				"uvs": [ 1, 0.14011, 1, 0.38388, 1, 0.64722, 1, 0.86074, 1, 1, 0.56384, 1, 0.28602, 1, 0, 1, 0, 0.89989, 0, 0.69348, 0, 0.49242, 0, 0.3127, 0, 0, 0.2723, 0, 0.67702, 0, 1, 0, 0.37709, 0.13853, 0.48083, 0.54462, 0.53745, 0.76409, 0.43099, 0.34954, 0.55786, 0.94654, 0.08787, 0.66628, 0.1581, 0.85994 ],
				"triangles": [ 9, 10, 21, 22, 8, 9, 7, 8, 22, 22, 9, 21, 7, 22, 6, 21, 10, 19, 10, 11, 19, 16, 13, 14, 14, 15, 0, 11, 12, 13, 11, 13, 16, 19, 16, 14, 11, 16, 19, 19, 14, 0, 19, 0, 1, 17, 19, 1, 17, 21, 19, 6, 22, 18, 22, 21, 17, 18, 17, 2, 18, 22, 17, 18, 2, 3, 17, 1, 2, 20, 18, 3, 20, 6, 18, 4, 5, 20, 6, 20, 5, 4, 20, 3 ],
				"vertices": [ 2, 4, 266.89, 22.16, 0.3, 13, -30.33, 29.78, 0.7, 2, 4, 163.05, 22.98, 0.5, 13, 43.1, 103.2, 0.5, 1, 4, 50.87, 23.86, 1, 1, 1, 79.53, 23.65, 1, 1, 1, 20.20999, 23.18, 1, 1, 1, 19.45, 119.57, 1, 2, 1, 18.96999, 180.96, 0.5, 31, 207.01, 85.56, 0.5, 2, 1, 18.46999, 244.17, 0.5, 31, 225.3, 25.06, 0.5, 2, 4, -55.01, 245.7, 0.5, 31, 184.48, 12.72, 0.5, 3, 4, 32.9, 245.01, 0.25, 13, 292.62, 40.14, 0.25, 31, 100.31, -12.72, 0.5, 3, 4, 118.55, 244.33, 0.15, 13, 232.05, -20.4, 0.35, 31, 18.32, -37.5, 0.5, 2, 13, 177.9, -74.53, 0.5, 31, -54.95, -59.66, 0.5, 1, 13, 83.69, -168.7, 1, 1, 13, 41.14, -126.14, 1, 1, 13, -22.08, -62.88, 1, 1, 13, -72.54, -12.4, 1, 1, 13, 66.51, -68.04, 1, 2, 4, 95.48, 138.25, 0.5, 13, 172.65, 70.46, 0.5, 1, 4, 1.89, 126.47, 1, 2, 4, 178.67, 148.61, 0.3, 13, 121.66, 3.92, 0.7, 1, 1, 42.21, 121.07, 1, 3, 4, 44.34, 225.49, 0.25, 13, 270.7, 45.68, 0.25, 31, 83.6, 2.51, 0.5, 2, 4, -38.27, 210.62, 0.5, 31, 158.08, 41.24, 0.5 ],
				"hull": 16
			}
		},
		"L_hand_": {
			"L_hand_": { "x": 56.24, "y": 0.36, "rotation": 152.94, "width": 130, "height": 95 }
		},
		"L_piaodai_": {
			"L_piaodai_": {
				"type": "skinnedmesh",
				"uvs": [ 1, 0.07649, 1, 0.14838, 1, 0.22392, 1, 0.30311, 1, 0.38962, 1, 0.4676, 1, 0.54436, 1, 0.62964, 1, 0.73442, 1, 0.80509, 1, 0.89769, 1, 1, 0, 1, 0, 0.90256, 0, 0.80753, 0, 0.73321, 0, 0.63086, 0, 0.54557, 0, 0.4676, 0, 0.3884, 0, 0.30068, 0, 0.2227, 0, 0.1496, 0, 0.07771, 0, 0, 1, 0 ],
				"triangles": [ 11, 13, 10, 11, 12, 13, 13, 14, 10, 14, 9, 10, 14, 15, 9, 15, 8, 9, 8, 16, 7, 8, 15, 16, 16, 17, 7, 17, 6, 7, 17, 18, 6, 18, 5, 6, 18, 4, 5, 18, 19, 4, 20, 21, 2, 19, 3, 4, 19, 20, 3, 20, 2, 3, 21, 1, 2, 21, 22, 1, 22, 23, 1, 23, 0, 1, 24, 25, 0, 23, 24, 0 ],
				"vertices": [ 2, 11, 92.14, 103.5, 0.5, 14, 3.56, 7.14, 0.5, 2, 11, 42.11, 102.7, 0.15, 14, 53.4, 11.48, 0.85, 2, 14, 105.78, 16.04, 0.5, 29, -0.73, 16.14, 0.5, 2, 29, 54.34, 18.31, 0.85, 35, -59.14, 18.29999, 0.15, 2, 29, 114.5, 20.67, 0.5, 35, 1.02, 20.20999, 0.5, 3, 29, 168.73, 22.8, 0.1275, 35, 55.27, 21.92, 0.7225, 48, -52.79, 21.6, 0.15, 2, 35, 108.67, 23.61, 0.5, 48, 0.6, 22.86, 0.5, 3, 35, 168, 25.49, 0.1275, 48, 59.95, 24.26, 0.7225, 57, -73.48, 24.34, 0.15, 2, 48, 132.86, 25.98, 0.5, 57, -0.56, 25.5, 0.5, 2, 48, 182.03, 27.14, 0.15, 57, 48.6, 26.28, 0.85, 1, 57, 113.04, 27.31, 1, 1, 57, 184.24, 28.44, 1, 1, 57, 185, -19.54, 1, 1, 57, 117.2, -20.62, 1, 2, 48, 184.85, -20.79999, 0.15, 57, 51.06, -21.67, 0.85, 2, 48, 133.14, -22.02, 0.5, 57, -0.64999, -22.5, 0.5, 3, 35, 170.36, -22.45, 0.1275, 48, 61.93, -23.7, 0.7225, 57, -71.87, -23.63, 0.15, 2, 35, 111.03, -24.33, 0.5, 48, 2.58, -25.1, 0.5, 3, 29, 170.62, -25.15, 0.1275, 35, 56.79, -26.04, 0.7225, 48, -51.66, -26.38, 0.15, 2, 29, 115.54, -27.32, 0.5, 35, 1.7, -27.79, 0.5, 2, 29, 54.53, -29.71, 0.85, 35, -59.32, -29.72, 0.15, 2, 14, 109.1, -31.84, 0.5, 29, 0.3, -31.85, 0.5, 2, 11, 40.5, 150.68, 0.15, 14, 58.41, -36.25999, 0.85, 2, 11, 90.53, 151.48, 0.5, 14, 8.57, -40.59999, 0.5, 1, 11, 144.61, 152.34, 1, 1, 11, 145.38, 104.35, 1 ],
				"hull": 26
			}
		},
		"L_xiuzi_": {
			"L_xiuzi_": {
				"type": "skinnedmesh",
				"uvs": [ 1, 0.49668, 1, 0.55627, 1, 0.71765, 1, 1, 0.88323, 1, 0.63541, 1, 0, 1, 0, 0, 0.54765, 0, 0.60445, 0, 0.65435, 0, 1, 0, 0.51495, 0.46068, 0.68705, 0.44951, 0.82817, 0.61586, 0.51914, 0.40166, 0.7404, 0.34523, 0.95036, 0.34786, 0.53896, 0.12245, 0.72285, 0.08049, 0.53122, 0.23153, 0.67845, 0.19254, 0.80436, 0.17628, 0.52517, 0.31667, 0.7077, 0.27323, 0.87196, 0.25571, 0.63343, 0.10089, 0.90045, 0.43461, 0.81989, 0.38962, 0.74493, 0.51773, 0.95447, 0.50063, 0.90565, 0.66176, 0.53433, 0.54744, 0.56161, 0.66957, 0.58533, 0.77578, 0.60478, 0.86285, 0.97947, 0.76728, 0.62142, 0.93736, 0.9249, 0.89924 ],
				"triangles": [ 6, 32, 33, 6, 34, 35, 18, 7, 8, 20, 7, 18, 23, 7, 20, 15, 7, 23, 12, 7, 15, 6, 7, 12, 35, 34, 31, 38, 35, 36, 36, 2, 3, 37, 35, 38, 6, 35, 37, 4, 5, 37, 6, 37, 5, 38, 4, 37, 38, 36, 3, 4, 38, 3, 35, 31, 36, 6, 33, 34, 34, 33, 14, 34, 14, 31, 33, 29, 14, 33, 32, 29, 36, 31, 2, 31, 1, 2, 31, 14, 30, 1, 31, 30, 30, 27, 0, 30, 0, 1, 14, 27, 30, 27, 17, 0, 14, 29, 27, 27, 29, 28, 32, 13, 29, 29, 13, 28, 13, 15, 16, 13, 16, 28, 12, 15, 13, 32, 12, 13, 28, 16, 17, 6, 12, 32, 27, 28, 17, 21, 20, 18, 24, 23, 20, 16, 15, 23, 21, 26, 19, 21, 19, 22, 21, 18, 26, 25, 22, 11, 24, 21, 22, 24, 22, 25, 24, 20, 21, 16, 24, 25, 17, 25, 11, 16, 25, 17, 16, 23, 24, 18, 8, 26, 26, 10, 19, 22, 19, 11, 19, 10, 11, 26, 9, 10, 8, 9, 26, 17, 11, 0 ],
				"vertices": [ 2, 33, 60.14, 151.41, 0.5, 56, -41.13, 129.92, 0.5, 2, 33, 98.43, 174.45, 0.5, 56, 3.1, 123.57, 0.5, 3, 33, 202.13, 236.86, 0.5, 65, 32.56, 107.75, 0.25, 68, -67.29, 108.44, 0.25, 1, 68, 143.65, 89.99, 1, 1, 68, 138.15, 27.06, 1, 1, 68, 126.47, -106.48, 1, 1, 11, -610.55, 158.31, 1, 1, 11, 139.3, 170.25, 1, 1, 15, 59.59, 28.81, 1, 1, 15, 82.23, 49.6, 1, 1, 15, 102.12, 67.86, 1, 1, 15, 239.87, 194.36, 1, 1, 33, 172.29, -87.33, 1, 1, 33, 117.11, -11.88, 1, 3, 33, 184.64, 117.85, 0.5, 44, 151.72, 25.71, 0.25, 56, 34.14, 25.21, 0.25, 2, 24, 152.86, -168.84, 0.5, 11, -157.41, -115.35, 0.5, 2, 24, 179.28, -44.64, 0.5, 33, 35.22, -27.47, 0.5, 3, 24, 240.28, 51.2, 0.4, 33, -21.65, 70.86, 0.4, 44, -38.59999, 118.16, 0.2, 2, 24, -20.14, -50.32, 0.5, 11, 52.12, -122.73, 0.5, 2, 15, 170.25, 48.46, 0.5, 24, 4.96, 50.95, 0.5, 2, 24, 47.44, -96.63, 0.5, 11, -29.73, -119.85, 0.5, 2, 15, 209.41, -29.69, 0.1, 24, 64.1, -13.42, 0.9, 2, 15, 251.34, 25.36, 0.1, 24, 89.27, 51.04, 0.9, 2, 24, 100.19, -132.77, 0.5, 11, -93.63, -117.6, 0.5, 2, 24, 123.98, -31.53, 0.85, 33, -1.92, -70.46, 0.15, 2, 24, 159.18, 51.11, 0.85, 33, -58.99, -1.1, 0.15, 2, 15, 144.97, 4.46, 0.5, 24, -7.24, 1.7, 0.5, 3, 33, 48.02, 81.26999, 0.5, 44, 22.26, 82.68, 0.25, 56, -94.85, 83.22, 0.25, 2, 33, 41.58, 26.53, 0.5, 44, -17.01, 44.01, 0.5, 3, 33, 144.81, 41.32, 0.425, 44, 72.76, -9.04, 0.425, 65, -128.82, -16.65, 0.15, 2, 33, 75.37, 131.84, 0.5, 56, -41.68999, 105.11, 0.5, 5, 33, 192.53, 171.51, 0.45292, 44, 191.45, 62.64, 0.01076, 56, 74.17, 61.81, 0.22646, 65, -13.64, 60.55, 0.15, 68, -113.49, 61.25, 0.15985, 3, 33, 222.64, -44.8, 0.425, 44, 79.57, -124.93, 0.425, 65, -116.55, -132.08, 0.15, 2, 44, 172.32, -122.58, 0.5, 56, 53.54, -123.25, 0.5, 4, 44, 252.97, -120.54, 0.01467, 56, 134.21, -121.86, 0.61741, 65, 56.43, -119.52, 0.15, 68, -43.41, -118.82, 0.21791, 2, 65, 122.41, -114.73, 0.5, 68, 22.56, -114.03, 0.5, 2, 65, 68.66, 93.44, 0.5, 68, -31.18, 94.14, 0.5, 2, 65, 178.86, -110.63, 0.15, 68, 79.01, -109.93, 0.85, 2, 65, 164.68, 55.41, 0.15, 68, 64.83, 56.11, 0.85 ],
				"hull": 12
			}
		},
		"L_yijin_": {
			"L_yijin_": {
				"type": "skinnedmesh",
				"uvs": [ 1, 0.22398, 1, 0.40472, 1, 0.5729, 1, 0.75364, 1, 1, 0, 1, 0, 0.75113, 0, 0.57039, 0, 0.3997, 0, 0.22649, 0, 0, 1, 0 ],
				"triangles": [ 8, 0, 1, 8, 9, 0, 9, 10, 0, 10, 11, 0, 6, 2, 3, 7, 1, 2, 7, 8, 1, 6, 7, 2, 5, 3, 4, 5, 6, 3 ],
				"vertices": [ 1, 15, 49.62, 18.56, 1, 2, 4, 184.69, -114.19, 0.5, 15, 91.56, -27.1, 0.5, 2, 4, 127, -113.73, 0.8, 15, 130.58, -69.6, 0.2, 2, 1, 186.78, -112.5, 0.5, 4, 65.01, -113.25, 0.5, 1, 1, 102.28, -113.17, 1, 1, 1, 101.74, -44.17, 1, 2, 1, 187.1, -43.5, 0.5, 4, 66.42, -44.26, 0.5, 2, 4, 128.41, -44.74, 0.8, 15, 79.17, -115.64, 0.2, 2, 4, 186.95, -45.2, 0.5, 15, 39.56, -72.51, 0.5, 1, 15, -0.62, -28.74, 1, 1, 15, -53.18, 28.48, 1, 1, 15, -2.33999, 75.16, 1 ],
				"hull": 12
			}
		},
		"R_dapie_": {
			"R_dapie_": {
				"type": "skinnedmesh",
				"uvs": [ 1, 0.16373, 1, 0.45703, 1, 0.58851, 1, 0.77225, 1, 0.91552, 1, 1, 0.34531, 1, 0, 1, 0, 0.87837, 0, 0.70981, 0, 0.53619, 0, 0.35919, 0, 0.16366, 0, 0, 0.31601, 0, 1, 0, 0.65404, 0.08091, 0.40023, 0.91885, 0.58075, 0.32286, 0.53279, 0.4812, 0.48265, 0.64673, 0.44051, 0.78587 ],
				"triangles": [ 21, 17, 9, 17, 21, 4, 17, 8, 9, 6, 7, 8, 17, 6, 8, 5, 17, 4, 6, 17, 5, 19, 11, 18, 10, 11, 19, 19, 1, 2, 20, 10, 19, 9, 10, 20, 20, 19, 2, 3, 20, 2, 21, 20, 3, 21, 9, 20, 4, 21, 3, 16, 14, 15, 12, 13, 14, 16, 15, 0, 18, 14, 16, 12, 14, 18, 11, 12, 18, 18, 16, 0, 1, 18, 0, 19, 18, 1 ],
				"vertices": [ 1, 15, 95.97, 70.05, 1, 1, 15, 181.1, -22.6, 1, 2, 15, 219.26, -64.14, 0.2, 4, 70.51999, -182.29, 0.8, 1, 4, -8.28, -181.68, 1, 2, 4, -69.73, -181.21, 0.5, 1, 53.11, -182.58, 0.5, 1, 1, 16.87999, -182.87, 1, 1, 1, 16.12, -87.96, 1, 1, 1, 15.71, -37.91, 1, 1, 1, 67.87999, -37.48, 1, 2, 4, 19.6, -36.91999, 0.5, 1, 140.18, -36.9, 0.5, 1, 4, 94.07, -37.49, 1, 2, 15, 45.92, -89.79, 0.2, 4, 169.98, -38.07, 0.8, 1, 15, -10.82, -28.01, 1, 1, 15, -58.32, 23.68, 1, 1, 15, -24.57, 54.68, 1, 1, 15, 48.45, 121.78, 1, 1, 15, 35, 62.28, 1, 1, 1, 50.98, -95.64, 1, 1, 15, 97.39, -21.34, 1, 2, 15, 138.22, -76.07, 0.2, 4, 117.06, -114.91, 0.8, 1, 4, 46.12, -107.1, 1, 2, 4, -13.5, -100.53, 0.5, 1, 108.07, -101.02, 0.5 ],
				"hull": 16
			}
		},
		"R_hand_": {
			"R_hand_": {
				"type": "skinnedmesh",
				"uvs": [ 1, 0.53603, 1, 0.68759, 1, 0.92033, 1, 1, 0.74412, 1, 0, 1, 0, 0.57933, 0, 0.40884, 0, 0.18151, 0, 0, 0.27565, 0, 0.47526, 0, 0.78893, 0, 1, 0, 0.20639, 0.80937, 0.62191, 0.6091, 0.55266, 0.4359, 0.68302, 0.59016, 0.87855, 0.74442, 0.91114, 0.24105, 0.48341, 0.43319, 0.22388, 0.42012, 0.40034, 0.71589, 0.07936, 0.66779, 0.3141, 0.57135, 0.54521, 0.51169, 0.44845, 0.89518, 0.5844, 0.8031, 0.75489, 0.71856, 0.8489, 0.92841, 0.91755, 0.85246, 0.47923, 0.21111, 0.83263, 0.08618, 0.21054, 0.19451 ],
				"triangles": [ 17, 16, 19, 19, 0, 17, 18, 28, 17, 17, 0, 18, 1, 18, 0, 30, 18, 1, 17, 25, 16, 19, 13, 0, 19, 16, 31, 19, 31, 32, 31, 12, 32, 19, 32, 13, 29, 28, 30, 27, 28, 29, 4, 27, 29, 29, 30, 2, 3, 29, 2, 4, 29, 3, 15, 17, 28, 28, 18, 30, 30, 1, 2, 27, 15, 28, 27, 22, 15, 26, 22, 27, 26, 27, 4, 5, 26, 4, 14, 22, 26, 5, 14, 26, 5, 23, 14, 15, 25, 17, 24, 20, 25, 22, 24, 25, 22, 25, 15, 25, 20, 16, 23, 6, 21, 24, 23, 21, 14, 23, 24, 5, 6, 23, 14, 24, 22, 24, 21, 20, 6, 7, 21, 31, 16, 20, 7, 33, 21, 21, 31, 20, 7, 8, 33, 21, 33, 31, 33, 10, 31, 33, 8, 9, 32, 12, 13, 31, 11, 12, 10, 11, 31, 10, 33, 9 ],
				"vertices": [ 1, 67, 41.07, 13.88, 1, 1, 67, 61.4, 6.37, 1, 1, 66, 61.84, 10.32, 1, 1, 66, 67.79, 0.6, 1, 1, 66, 47.05, -12.08, 1, 1, 66, -13.24, -48.96, 1, 1, 61, 13.43, -21.24, 1, 2, 45, 58.93, -12.99, 0.5, 61, -8.29, -10.17, 0.5, 1, 45, 28.37, -24.05, 1, 1, 40, 175.33, -33.11, 1, 1, 40, 173.91, -6.96, 1, 1, 40, 172.89, 11.97, 1, 1, 40, 171.27, 41.72, 1, 1, 40, 170.18, 61.74, 1, 2, 61, 51.64, -18.69, 0.5, 66, -10.74, -15.48, 0.5, 2, 61, 44.04, 29.47, 0.5, 66, 7.98, 29.54, 0.5, 2, 62, 41.68999, -24.63, 0.5, 67, 12.92, -21.01, 0.5, 1, 67, 37.9, -17.04, 1, 1, 67, 65.03, -7.25, 1, 2, 62, 46.21, 19.12999, 0.5, 67, -1.41, 20.58, 0.5, 2, 45, 46.58, 31.37, 0.5, 61, 15.65, 29.16, 0.5, 2, 45, 53.21, 7.55, 0.5, 61, 2.79, 8.04, 0.5, 2, 61, 48.09, 3.78, 0.5, 66, -2, 5.53, 0.5, 2, 61, 28.12, -20.26, 0.8, 66, -31.6, -4.51, 0.2, 2, 61, 25.96, 5.86, 0.8, 66, -19.77, 18.89, 0.2, 2, 61, 28.32, 29.3, 0.8, 66, -5.5, 37.62, 0.2, 2, 61, 73.01, -3.77, 0.2, 66, 15.27, -13.95, 0.8, 2, 61, 67.14, 13.7, 0.2, 66, 19.42, 4.01, 0.8, 2, 61, 63.72, 33.62, 0.2, 66, 26.92, 22.78, 0.8, 1, 66, 50.2, 1.84, 1, 1, 66, 50.1, 14.51, 1, 2, 45, 16.85, 20.19, 0.5, 62, 14.08, -6.74, 0.5, 1, 62, 25.31, 29.59, 1, 1, 45, 23.31, -4.61, 1 ],
				"hull": 14
			}
		},
		"R_houxiubai02_": {
			"R_houxiubai02_": {
				"type": "skinnedmesh",
				"uvs": [ 1, 0.13142, 1, 0.30357, 1, 0.46496, 1, 0.61774, 1, 0.81141, 1, 1, 0.45539, 1, 0, 1, 0, 0.81786, 0, 0.61774, 0, 0.46065, 0, 0.30142, 0, 0.12712, 0, 0, 0.4597, 0, 1, 0, 0.45992, 0.1291, 0.45993, 0.30241, 0.45544, 0.46261, 0.45109, 0.61774, 0.45582, 0.81492 ],
				"triangles": [ 20, 4, 5, 20, 6, 8, 6, 20, 5, 6, 7, 8, 8, 9, 19, 20, 19, 3, 8, 19, 20, 4, 20, 3, 18, 2, 3, 18, 19, 10, 19, 18, 3, 19, 9, 10, 17, 1, 2, 17, 18, 11, 18, 17, 2, 18, 10, 11, 17, 0, 1, 11, 16, 17, 17, 16, 0, 11, 12, 16, 16, 14, 15, 12, 13, 14, 16, 15, 0, 12, 14, 16 ],
				"vertices": [ 2, 40, 210.29, 94.81, 0.3, 46, 4.05, 134.17, 0.7, 2, 46, 96.19, 146.49, 0.5, 55, -13.44, 146.79, 0.5, 2, 55, 73.01999, 157.64, 0.5, 64, -6.62, 158.64, 0.5, 2, 64, 75.83, 161.18, 0.5, 69, -0.02, 162.33, 0.5, 2, 69, 104.55, 161.42, 0.5, 70, 8.14, 160.72, 0.5, 1, 70, 109.86, 155.82, 1, 1, 70, 102.79, 8.93999, 1, 1, 70, 96.87, -113.86, 1, 2, 69, 105.71, -108.59, 0.5, 70, -1.36, -109.13, 0.5, 2, 64, 84.17, -108.68, 0.5, 69, -2.34999, -107.65, 0.5, 2, 55, 104.33, -110.54, 0.5, 64, -0.61, -111.3, 0.5, 2, 46, 130.81, -121.27, 0.5, 55, 19.01, -121.24, 0.5, 2, 40, 222.62, -174.91, 0.3, 46, 37.52, -133.74, 0.7, 1, 40, 154.07, -178.64, 1, 1, 40, 147.34, -54.7, 1, 1, 40, 139.43, 90.96, 1, 2, 40, 216.95, -50.86, 0.3, 46, 22.13, -10.52, 0.7, 2, 46, 114.89, 1.87, 0.5, 55, 4.08, 2.03, 0.5, 2, 55, 90.07, 11.6, 0.5, 64, -3.35, 11.64, 0.5, 2, 64, 80.41, 13.05, 0.5, 69, -1.29999, 14.13, 0.5, 2, 69, 105.18, 14.48, 0.5, 70, 2.97, 13.87, 0.5 ],
				"hull": 16
			}
		},
		"R_piaodai_": {
			"R_piaodai_": {
				"type": "skinnedmesh",
				"uvs": [ 1, 0.11111, 1, 0.21665, 1, 0.29239, 1, 0.38551, 1, 0.46869, 1, 0.56678, 1, 0.64376, 1, 0.74557, 1, 0.83869, 1, 0.9194, 1, 1, 0, 1, 0, 0.92064, 0, 0.83869, 0, 0.74433, 0, 0.64376, 0, 0.5643, 0, 0.46869, 0, 0.38178, 0, 0.29114, 0, 0.21417, 0, 0.11111, 0, 0, 1, 0 ],
				"triangles": [ 13, 14, 7, 10, 12, 9, 10, 11, 12, 12, 13, 9, 13, 8, 9, 13, 7, 8, 14, 6, 7, 15, 16, 5, 14, 15, 6, 15, 5, 6, 17, 18, 3, 16, 4, 5, 16, 17, 4, 17, 3, 4, 19, 20, 1, 18, 2, 3, 18, 19, 2, 19, 1, 2, 20, 0, 1, 20, 21, 0, 21, 23, 0, 21, 22, 23 ],
				"vertices": [ 3, 11, 77.11, -124.76, 0.42538, 16, 40.53, 29.56, 0.42461, 30, -74.3, 26.21, 0.15, 2, 16, 112.51, 25.62, 0.5, 30, -2.23, 25.09, 0.5, 3, 16, 164.16, 22.8, 0.15, 30, 49.49, 24.29, 0.84999, 49, -183.02, 22.55, 0, 3, 30, 113.08, 23.3, 0.49984, 36, 1.22, 23.69, 0.5, 49, -119.43, 21.56, 1.5E-4, 3, 30, 169.89, 22.42, 0.1275, 36, 58.01, 21.91, 0.7225, 49, -62.62, 20.68, 0.15, 2, 36, 124.97, 19.82, 0.5, 49, 4.35, 19.64, 0.5, 2, 49, 56.92, 18.83, 0.85, 58, -67.17, 19.94, 0.15, 2, 49, 126.45, 17.75, 0.5, 58, 2.33999, 18.32, 0.5, 2, 49, 190.04, 16.76, 0.15, 58, 65.92, 16.85, 0.85, 2, 49, 245.16, 15.9, 0, 58, 121.03, 15.57, 0.99999, 1, 58, 176.06, 14.29, 1, 1, 58, 174.99, -31.69, 1, 1, 58, 120.81, -30.43, 1, 2, 49, 189.33, -29.23, 0.15, 58, 64.85, -29.13, 0.85, 2, 49, 124.89, -28.22, 0.5, 58, 0.42, -27.64, 0.5, 2, 49, 56.21, -27.16, 0.85, 58, -68.24, -26.04, 0.15, 2, 36, 121.84, -26.09, 0.5, 49, 1.94, -26.32, 0.5, 3, 30, 169.17, -23.57, 0.1275, 36, 56.57, -24.05, 0.7225, 49, -63.34, -25.3, 0.15, 2, 30, 109.82, -22.65, 0.5, 36, -2.75, -22.2, 0.5, 2, 16, 160.8, -23.08, 0.15, 30, 47.92, -21.69, 0.85, 2, 16, 108.3, -20.2, 0.5, 30, -4.64, -20.87, 0.5, 4, 11, 76.37999, -78.76, 0.425, 16, 38.02, -16.36, 0.425, 30, -75.01, -19.78, 0.15, 49, -307.53, -21.51, 0, 1, 11, 152.26, -77.56, 1, 1, 11, 153, -123.55, 1 ],
				"hull": 24
			}
		},
		"R_yijin_": {
			"R_yijin_": {
				"type": "skinnedmesh",
				"uvs": [ 1, 0.10478, 1, 0.3269, 1, 0.52655, 1, 0.72621, 1, 1, 0, 1, 0, 0.71872, 0, 0.52156, 0, 0.31941, 0, 0.10478, 0, 0, 1, 0 ],
				"triangles": [ 10, 11, 0, 9, 10, 0, 8, 9, 0, 8, 0, 1, 5, 6, 3, 5, 3, 4, 7, 1, 2, 6, 7, 2, 6, 2, 3, 7, 8, 1 ],
				"vertices": [ 1, 13, -37.49, 4.25, 1, 2, 4, 212.6, 35.59, 0.5, 13, 17.32, 59.05, 0.5, 2, 4, 142.92, 36.13, 0.8, 13, 66.6, 108.31, 0.2, 2, 4, 73.24, 36.68, 0.5, 1, 192.65, 37.54, 0.5, 1, 1, 97.1, 36.78, 1, 1, 1, 96.32, 135.78, 1, 2, 4, 76.62999, 135.66, 0.5, 1, 194.49, 136.55, 0.5, 2, 4, 145.44, 135.12, 0.8, 13, 135.36, 37.06, 0.2, 2, 4, 215.99, 134.56, 0.5, 13, 85.47, -12.8, 0.5, 1, 13, 32.49, -65.76, 1, 1, 13, 6.63, -91.61, 1, 1, 13, -63.35, -21.6, 1 ],
				"hull": 12
			}
		},
		"Tou_": {
			"Tou_": { "x": -232.97, "y": 6.69, "rotation": -89.98, "width": 234, "height": 996 }
		},
		"dise_": {
			"dise_": { "x": 122.69, "y": 0.96, "rotation": -89.54, "width": 900, "height": 250 }
		},
		"jianbing_": {
			"jianbing_": { "x": -20.07, "y": 0.29, "rotation": 77.93, "width": 59, "height": 90 }
		},
		"peijian01_": {
			"peijian01_": { "x": 305.33, "y": -91.54, "rotation": 77.93, "width": 355, "height": 767 }
		},
		"xiaqunbai01_": {
			"xiaqunbai01_": {
				"type": "skinnedmesh",
				"uvs": [ 1, 0.17415, 1, 0.33298, 1, 0.48505, 1, 0.63712, 1, 0.76215, 1, 0.89395, 1, 1, 0.86418, 1, 0.70549, 1, 0.54076, 1, 0.33386, 1, 0.17918, 1, 0, 1, 0, 0.89395, 0, 0.76215, 0, 0.63036, 0, 0.48336, 0, 0.33298, 0, 0.17584, 0, 0, 0.17718, 0, 0.35997, 0, 0.53876, 0, 0.68339, 0, 0.85815, 0, 1, 0, 0.53911, 0.17587, 0.53944, 0.33806, 0.53974, 0.49179, 0.54004, 0.6388, 0.54029, 0.76216, 0.54056, 0.89732, 0.34792, 0.17586, 0.34179, 0.3362, 0.32988, 0.48851, 0.32965, 0.63551, 0.33386, 0.76216, 0.3359, 0.89604, 0.17918, 0.17585, 0.18304, 0.33471, 0.19132, 0.48635, 0.1892, 0.63332, 0.1832, 0.76216, 0.18118, 0.89508, 0.6853, 0.17532, 0.68746, 0.33643, 0.69148, 0.48957, 0.69741, 0.63822, 0.70147, 0.76216, 0.70345, 0.89612, 0.85818, 0.17468, 0.85834, 0.33455, 0.8602, 0.4871, 0.86216, 0.63762, 0.86217, 0.76216, 0.8622, 0.89496 ],
				"triangles": [ 10, 43, 37, 43, 11, 13, 11, 43, 10, 11, 12, 13, 10, 37, 9, 7, 55, 5, 8, 49, 55, 7, 5, 6, 8, 55, 7, 9, 49, 8, 55, 54, 5, 49, 48, 54, 31, 48, 49, 9, 31, 49, 49, 54, 55, 54, 4, 5, 48, 47, 53, 53, 3, 4, 30, 47, 48, 31, 30, 48, 54, 48, 53, 54, 53, 4, 37, 43, 36, 43, 13, 14, 37, 30, 31, 43, 42, 36, 42, 43, 14, 37, 31, 9, 42, 14, 15, 36, 42, 35, 36, 29, 30, 42, 41, 35, 41, 42, 15, 37, 36, 30, 29, 28, 46, 53, 47, 52, 53, 52, 3, 29, 46, 47, 30, 29, 47, 52, 2, 3, 47, 46, 52, 36, 35, 29, 41, 15, 40, 35, 41, 34, 35, 28, 29, 41, 40, 34, 15, 16, 40, 46, 45, 51, 51, 1, 2, 52, 51, 2, 46, 51, 52, 28, 45, 46, 40, 39, 33, 16, 17, 39, 34, 40, 33, 34, 33, 28, 16, 39, 40, 33, 27, 28, 35, 34, 28, 28, 27, 45, 27, 44, 45, 51, 50, 1, 45, 44, 51, 44, 50, 51, 50, 0, 1, 27, 26, 44, 44, 24, 50, 50, 24, 0, 33, 32, 27, 33, 39, 38, 17, 38, 39, 17, 18, 38, 32, 33, 38, 18, 20, 38, 32, 38, 20, 32, 26, 27, 32, 21, 26, 26, 22, 23, 44, 23, 24, 24, 25, 0, 21, 22, 26, 21, 32, 20, 18, 19, 20, 26, 23, 44 ],
				"vertices": [ 2, 6, 168.84, 235.85, 0.48, 12, 10.98, 235.41, 0.52, 3, 6, 296.09, 214.84, 0.15, 12, 138.83, 218.42, 0.4488, 20, 14.87, 218.72, 0.40119, 3, 12, 261.24, 202.15, 0.15, 20, 137.28, 202.45, 0.42159, 28, 21.99, 203.05, 0.4284, 3, 20, 259.69, 186.18, 0.15, 28, 144.13, 184.86, 0.4284, 42, 47.59, 183.07, 0.42159, 3, 28, 244.56, 169.91, 0.15, 42, 147.77, 166.53, 0.4556, 54, 38.55, 164.91, 0.39439, 3, 42, 253.36, 149.11, 0.15, 54, 143.55, 144.17, 0.45559, 60, 32.91999, 142.56, 0.3944, 1, 60, 116.84, 123.22, 1, 1, 60, 96.01, 32.82, 1, 1, 60, 71.67, -72.8, 1, 2, 60, 46.41, -182.44, 0.5, 59, 15.75, 221.97, 0.5, 1, 59, 48.69, 84.54, 1, 1, 59, 73.32, -18.18, 1, 1, 59, 101.85, -137.2, 1, 3, 41, 252.82, -162.55, 0.15, 53, 143.46, -157.57, 0.442, 59, 18.11, -157.27, 0.408, 3, 27, 252.12, -181.9, 0.15, 41, 147.68, -182.52, 0.4216, 53, 39.18999, -181.68, 0.42839, 3, 19, 278.32, -203.78, 0.15, 27, 147.31, -203.53, 0.4352, 41, 42.54, -202.49, 0.41479, 3, 10, 280.95, -232.05, 0.15, 19, 161.42, -227.9, 0.42839, 27, 30.41, -227.64, 0.4216, 3, 5, 297.8, -257.42, 0.15, 10, 160.8, -253.87, 0.4148, 19, 41.83, -252.57, 0.43519, 2, 5, 171.91, -278.24, 0.448, 10, 35.25999, -276.68, 0.55198, 1, 1, 12.7, 367.43, 1, 1, 1, 13.65, 246.42, 1, 1, 1, 14.63, 121.57, 1, 1, 1, 15.59, -0.52, 1, 1, 1, 16.37, -99.3, 1, 1, 1, 17.31, -218.66, 1, 1, 1, 18.07, -315.54, 1, 2, 5, 111.84, 85.03, 0.51199, 6, 118.94, -74.97, 0.488, 2, 10, 99.02, 109.36, 0.504, 12, 101.48, -93.95, 0.49599, 2, 19, 93.64, 134.52, 0.528, 20, 101.29, -109.89, 0.47199, 2, 27, 79.5, 159.09, 0.488, 28, 99.2, -126.07, 0.51199, 2, 41, 78.82, 180.01, 0.50399, 42, 96.64, -143.27, 0.496, 2, 53, 62.96, 202.75, 0.50399, 54, 85.42, -164.22, 0.496, 2, 5, 133.14, -43.79, 0.448, 10, -7.18, -42.86, 0.55198, 3, 5, 262.28, -26.68, 0.15, 10, 121.66, -23.72, 0.4148, 19, -2.77, -23.41, 0.43519, 3, 10, 244.8, -9.62, 0.15, 19, 119.99, -6.39, 0.42839, 27, -11.01, -6.13, 0.4216, 3, 19, 236.93, 17.57, 0.15, 27, 105.92, 17.82, 0.4352, 41, 4.63, 19.48, 0.41479, 3, 27, 206.05, 41.41, 0.15, 41, 105.13, 41.5, 0.4216, 53, -12.16, 40.48, 0.42839, 3, 41, 211.67, 63.15, 0.15, 53, 93.44, 66.33, 0.442, 59, -33.7, 66.22, 0.408, 2, 5, 151.95, -157.5, 0.448, 10, 13.4, -156.26, 0.55198, 3, 5, 278.78, -133.85, 0.15, 10, 139.84, -130.61, 0.4148, 19, 17.94, -129.84, 0.43519, 3, 10, 259.98, -103.05, 0.15, 19, 137.39, -99.43, 0.42839, 27, 6.38, -99.17, 0.4216, 3, 19, 254.56, -76.73, 0.15, 27, 123.55, -76.48, 0.4352, 41, 20.79, -75.08, 0.41479, 3, 27, 226.84, -59.35, 0.15, 41, 124.33, -59.58, 0.4216, 53, 11.01, -59.76, 0.42839, 3, 41, 230.62, -40.8, 0.15, 53, 116.48, -36.79, 0.442, 59, -9.83, -36.71, 0.408, 2, 6, 134.77, 23.61, 0.48, 12, -16.39, 22.21, 0.52, 3, 6, 264.09, 3.76, 0.15, 12, 113.48, 6.44, 0.4488, 20, -10.47, 6.74, 0.40119, 3, 12, 237.12, -7.21, 0.15, 20, 113.16, -6.91, 0.42159, 28, -5.41, -5.91, 0.4284, 3, 20, 233.35, -18.79999, 0.15, 28, 114.57, -19.68, 0.4284, 42, 14.82, -20.99, 0.42159, 3, 28, 214.52, -31.77, 0.15, 42, 114.57, -34.64, 0.4556, 54, -0.95, -35.12, 0.39439, 3, 42, 222.12, -51.02, 0.15, 54, 106.03, -54.88, 0.45559, 60, -10.83, -55.22, 0.3944, 2, 6, 153.48, 140.21, 0.48, 12, -1.35, 139.34, 0.52, 3, 6, 281.59, 119.17, 0.15, 12, 127.34, 122.34, 0.4488, 20, 3.38, 122.64, 0.40119, 3, 12, 250.31, 107.28, 0.15, 20, 126.35, 107.58, 0.42159, 28, 9.57, 108.37, 0.4284, 3, 20, 247.69, 92.8, 0.15, 28, 130.67, 91.68, 0.4284, 42, 32.66, 90.11, 0.42159, 3, 28, 230.69, 76.79, 0.15, 42, 132.44, 73.65, 0.4556, 54, 20.31, 72.55, 0.39439, 3, 42, 238.85, 56.11, 0.15, 54, 126.11, 51.67, 0.45559, 60, 12.59, 50.65, 0.3944 ],
				"hull": 26
			}
		},
		"yanwu_": {
			"yanwu_": {
				"type": "mesh",
				"uvs": [ 1, 0.38105, 1, 0.73272, 1, 1, 0.83361, 1, 0.67029, 1, 0.52058, 1, 0.34667, 1, 0.17276, 1, 0, 1, 0, 0.85716, 0, 0.61071, 0, 0, 0.17428, 0, 0.34818, 0, 0.51604, 0, 0.71717, 0, 0.82907, 0, 1, 0, 0.34818, 0.61497, 0.6718, 0.38955, 0.518, 0.49668, 0.17426, 0.61284, 0.83084, 0.38889, 0.51926, 0.74235, 0.67093, 0.73905, 0.83242, 0.73903, 0.34723, 0.85674, 0.1733, 0.86034 ],
				"triangles": [ 16, 17, 0, 22, 16, 0, 19, 14, 15, 15, 16, 22, 19, 15, 22, 20, 14, 19, 10, 11, 12, 13, 14, 20, 21, 12, 13, 21, 10, 12, 21, 13, 18, 20, 18, 13, 22, 0, 1, 25, 22, 1, 24, 20, 19, 23, 18, 20, 19, 22, 25, 24, 19, 25, 24, 23, 20, 26, 21, 18, 26, 18, 23, 9, 10, 21, 27, 9, 21, 26, 27, 21, 8, 9, 27, 7, 8, 27, 6, 27, 26, 7, 27, 6, 4, 5, 23, 26, 23, 5, 6, 26, 5, 24, 4, 23, 2, 3, 25, 4, 24, 25, 3, 4, 25, 2, 25, 1 ],
				"vertices": [ 199.18, 461.85, 86.65, 462.73, 1.12, 463.4, -0.05, 313.66, -1.2, 166.68, -2.26, 31.94, -3.49, -124.56, -4.71999, -281.07, -5.94, -436.56, 39.75, -436.92, 118.61, -437.54, 314.04, -439.07, 315.27, -282.22, 316.5, -125.71, 317.69, 25.34, 319.11, 206.35, 319.9, 307.06, 321.11, 460.89, 119.71, -124.17, 194.13, 166.5, 158.77, 28.35, 119.16, -280.7, 195.47, 309.63, 80.16, 30.1, 82.29, 166.6, 83.44, 311.94, 42.34, -124.41, 39.96, -280.94 ],
				"hull": 18
			}
		},
		"yanwu_2": {
			"yanwu_": {
				"type": "mesh",
				"uvs": [ 1, 0.38105, 1, 0.73272, 1, 1, 0.83361, 1, 0.67029, 1, 0.52058, 1, 0.34667, 1, 0.17276, 1, 0, 1, 0, 0.85716, 0, 0.61071, 0, 0, 0.17428, 0, 0.34818, 0, 0.51604, 0, 0.71717, 0, 0.82907, 0, 1, 0, 0.34818, 0.61497, 0.6718, 0.38955, 0.518, 0.49668, 0.17426, 0.61284, 0.83084, 0.38889, 0.51926, 0.74235, 0.67093, 0.73905, 0.83242, 0.73903, 0.34723, 0.85674, 0.1733, 0.86034 ],
				"triangles": [ 16, 17, 0, 22, 16, 0, 19, 14, 15, 15, 16, 22, 19, 15, 22, 20, 14, 19, 10, 11, 12, 13, 14, 20, 21, 12, 13, 21, 10, 12, 21, 13, 18, 20, 18, 13, 22, 0, 1, 25, 22, 1, 24, 20, 19, 23, 18, 20, 19, 22, 25, 24, 19, 25, 24, 23, 20, 26, 21, 18, 26, 18, 23, 9, 10, 21, 27, 9, 21, 26, 27, 21, 8, 9, 27, 7, 8, 27, 6, 27, 26, 7, 27, 6, 4, 5, 23, 26, 23, 5, 6, 26, 5, 24, 4, 23, 2, 3, 25, 4, 24, 25, 3, 4, 25, 2, 25, 1 ],
				"vertices": [ 199.12, -429.19, 86.59, -430.08, 1.05999, -430.75, -0.1, -281.01, -1.26, -134.02, -2.32, 0.7, -3.55, 157.21, -4.78, 313.72, -6, 469.21, 39.7, 469.57, 118.55, 470.19, 313.98, 471.72, 315.21, 314.88, 316.44, 158.37, 317.63, 7.3, 319.05, -173.7, 319.84, -274.41, 321.05, -428.24, 119.66, 156.82, 194.08, -133.85, 158.71, 4.29, 119.11, 313.35, 195.41, -276.98, 80.11, 2.54, 82.24, -133.95, 83.39, -279.29, 42.29, 157.06, 39.9, 313.59 ],
				"hull": 18
			}
		},
		"yaofen_": {
			"yaofen_": {
				"type": "mesh",
				"uvs": [ 1, 0.23218, 1, 0.47536, 1, 0.77915, 1, 1, 0.47052, 1, 0, 1, 0, 0.77064, 0, 0.46957, 0, 0.23218, 0, 0, 0.47288, 0, 1, 0, 0.47175, 0.47821, 0.47232, 0.2351, 0.47106, 0.77073 ],
				"triangles": [ 8, 9, 10, 10, 11, 0, 13, 8, 10, 13, 10, 0, 7, 8, 13, 13, 0, 1, 12, 7, 13, 12, 13, 1, 6, 7, 12, 14, 6, 12, 14, 12, 1, 2, 14, 1, 4, 5, 6, 14, 4, 6, 4, 14, 2, 4, 2, 3 ],
				"vertices": [ 78.4, -191.36, 6.67, -191.92, -82.94, -192.63, -148.09, -193.14, -149.59, -1.48, -150.93, 168.84, -83.28, 169.37, 5.53, 170.07, 75.55, 170.62, 144.05, 171.16, 145.39, -0.01, 146.89, -190.82, 4.32, -0.71, 76.04, -0.35, -81.96, -1.14 ],
				"hull": 12
			}
		},
		"youxiu_": {
			"youxiu_": {
				"type": "skinnedmesh",
				"uvs": [ 1, 0.48425, 1, 0.56607, 1, 0.70198, 1, 1, 0.78694, 1, 0.42482, 1, 0, 1, 0, 0.83095, 0, 0.75606, 0, 0, 0.56061, 0, 0.75299, 0, 1, 0, 0.84233, 0.17514, 0.53442, 0.5571, 0.63966, 0.42655, 0.4034, 0.16921, 0.74293, 0.29844, 0.94851, 0.38332, 0.50995, 0.05452, 0.02013, 0.71434, 0.49822, 0.70336, 0.95195, 0.76919, 0.47008, 0.81708, 0.876, 0.87542, 0.15039, 0.50505, 0.26356, 0.34141 ],
				"triangles": [ 5, 23, 4, 23, 5, 7, 23, 21, 24, 23, 20, 21, 20, 25, 21, 22, 21, 14, 21, 25, 14, 24, 22, 3, 22, 2, 3, 5, 6, 7, 24, 21, 22, 2, 22, 14, 4, 24, 3, 4, 23, 24, 7, 20, 23, 7, 8, 20, 20, 8, 9, 20, 9, 25, 14, 15, 2, 25, 26, 14, 15, 1, 2, 0, 1, 15, 14, 26, 15, 15, 17, 18, 17, 13, 18, 17, 19, 13, 16, 19, 17, 26, 16, 15, 26, 9, 16, 15, 18, 0, 15, 16, 17, 25, 9, 26, 19, 9, 10, 16, 9, 19, 18, 12, 0, 18, 13, 12, 13, 19, 11, 19, 10, 11, 13, 11, 12 ],
				"vertices": [ 2, 13, 267.37, 190.23, 0.5, 31, 148.9, 131.5, 0.5, 3, 13, 299.83, 222.68, 3.0E-4, 31, 192.83, 144.78, 0.74969, 40, 15.04, 144.45, 0.25, 2, 31, 265.82, 166.85, 0.5, 40, 91.17, 148.59, 0.5, 1, 40, 258.11, 157.65, 1, 1, 40, 261.29, 99.15, 1, 1, 40, 266.69, -0.28, 1, 1, 40, 273.02, -116.93, 1, 1, 40, 178.33, -122.08, 1, 1, 40, 136.38, -124.35, 1, 1, 31, -31.56, -210.33, 1, 2, 13, 160.66, -87.28, 0.5, 31, -76.18, -62.76, 0.5, 2, 13, 123.25, -49.87, 0.5, 31, -91.48, -12.12, 0.5, 2, 13, 75.23, -1.83, 0.5, 31, -111.14, 52.89, 0.5, 2, 13, 175.38, 36.96, 0.5, 31, -4.54, 39.82, 0.5, 2, 31, 225.07, 20.77, 0.5, 40, 16.95999, 16.33, 0.5, 2, 31, 146.59, 27.28, 0.75, 40, -57.73, 41.25999, 0.25, 1, 31, 27.19, -76.67, 1, 1, 31, 69.57, 33.66999, 1, 2, 13, 237.33, 140.18, 0.5, 31, 98.79, 101.57, 0.5, 2, 13, 192.14, -75.51, 0.5, 31, -42.86, -67.24, 0.5, 2, 31, 350.43, -89.07, 0.25, 40, 112.71, -120.1, 0.75, 2, 31, 306.48, 34.99, 0.25, 40, 99.42, 10.84, 0.75, 2, 31, 305.73, 165.11, 0.25, 40, 129.53, 137.44, 0.75, 1, 40, 163.55, 6.58, 1, 1, 40, 190.18, 119.81, 1, 2, 31, 227.67, -88.76, 0.5, 40, -6.46, -90.69, 0.5, 2, 31, 130.79, -85.53, 0.75, 40, -99.82, -64.6, 0.25 ],
				"hull": 13
			}
		},
		"yupei_": {
			"yupei_": {
				"type": "skinnedmesh",
				"uvs": [ 1, 0.13594, 1, 0.25017, 1, 0.43236, 1, 0.59431, 1, 0.7418, 1, 0.88061, 1, 1, 0, 1, 0, 0.88061, 0, 0.74614, 0, 0.5972, 0, 0.43092, 0, 0.25306, 0, 0.13883, 0, 0, 1, 0 ],
				"triangles": [ 5, 9, 4, 5, 8, 9, 7, 8, 5, 7, 5, 6, 2, 12, 1, 2, 11, 12, 11, 2, 3, 10, 11, 3, 10, 3, 4, 9, 10, 4, 13, 14, 0, 13, 0, 1, 12, 13, 1, 14, 15, 0 ],
				"vertices": [ 2, 7, 50.04, 49.21, 0.8, 8, -60.81, 52.35, 0.2, 2, 7, 99.71, 50.78, 0.5, 8, -11.13, 51.56, 0.5, 1, 8, 68.11, 50.3, 1, 1, 8, 138.55, 49.18, 1, 2, 17, 85.43, 52.85, 0.5, 25, 6.72, 53.21, 0.5, 1, 25, 67.11, 52.71, 1, 1, 25, 119.03, 52.28, 1, 1, 25, 118.27, -40.7, 1, 1, 25, 66.33999, -40.28, 1, 2, 17, 90.94, -39.99, 0.5, 25, 7.84, -39.79, 0.5, 1, 8, 138.32, -43.82, 1, 1, 8, 66, -42.67, 1, 2, 7, 103.91, -42.12, 0.5, 8, -11.35, -41.43999, 0.5, 2, 7, 54.24, -43.69, 0.8, 8, -61.03, -40.65, 0.2, 1, 1, 28.16, 156.25, 1, 1, 1, 28.89, 63.25, 1 ],
				"hull": 16
			}
		},
		"zhongyi_": {
			"zhongyi_": {
				"type": "skinnedmesh",
				"uvs": [ 1, 0.17801, 1, 0.39994, 1, 0.60199, 1, 0.7908, 1, 1, 0.74054, 1, 0.50029, 1, 0.23363, 1, 0, 1, 0, 0.78914, 0, 0.59868, 0, 0.39331, 0, 0.17967, 0, 0, 0.23099, 0, 0.50293, 0, 0.74054, 0, 1, 0, 0.50558, 0.17883, 0.50807, 0.39668, 0.50804, 0.60036, 0.50437, 0.78931, 0.23094, 0.17928, 0.23377, 0.39486, 0.23625, 0.59946, 0.23363, 0.78922, 0.73787, 0.17844, 0.73507, 0.39818, 0.73784, 0.60112, 0.7379, 0.79001 ],
				"triangles": [ 26, 15, 16, 26, 16, 0, 18, 15, 26, 22, 13, 14, 22, 14, 15, 22, 15, 18, 23, 22, 18, 19, 18, 26, 23, 18, 19, 27, 19, 26, 16, 17, 0, 12, 13, 22, 11, 12, 22, 11, 22, 23, 26, 0, 1, 27, 26, 1, 10, 11, 23, 24, 23, 19, 20, 19, 27, 28, 27, 1, 25, 9, 10, 29, 2, 3, 21, 6, 25, 5, 29, 3, 21, 29, 5, 8, 9, 25, 25, 24, 21, 21, 20, 29, 10, 23, 24, 20, 24, 19, 20, 27, 28, 28, 1, 2, 21, 24, 20, 24, 25, 10, 29, 28, 2, 20, 28, 29, 7, 8, 25, 6, 7, 25, 6, 21, 5, 5, 3, 4 ],
				"vertices": [ 1, 11, 163.07, -116.39, 1, 1, 11, 78.51999, -117.73, 1, 2, 4, 105.11, -118.56, 0.8, 11, 1.55, -118.96, 0.2, 1, 4, 33.18, -118, 1, 1, 1, 75.32, -118.38, 1, 1, 1, 74.83999, -56.37, 1, 1, 1, 74.37999, 1.04, 1, 1, 1, 73.87999, 64.76, 1, 1, 1, 73.44, 120.6, 1, 1, 4, 35.68999, 120.98, 1, 2, 4, 108.25, 120.41, 0.8, 11, -0.98, 120.02, 0.2, 1, 11, 77.24, 121.26, 1, 1, 11, 158.63, 122.56, 1, 1, 11, 227.08, 123.65, 1, 1, 11, 227.96, 68.44999, 1, 1, 11, 228.99, 3.46, 1, 1, 11, 229.89, -53.31, 1, 1, 11, 230.88, -115.31, 1, 1, 11, 160.87, 1.75, 1, 1, 11, 77.89, -0.16, 1, 2, 4, 106.66, -0.99, 0.8, 11, 0.3, -1.39, 0.2, 1, 4, 34.68, 0.44, 1, 1, 11, 159.66, 67.37, 1, 1, 11, 77.54, 65.39, 1, 2, 4, 107.51, 63.95, 0.8, 11, -0.38, 63.56, 0.2, 1, 4, 35.22, 65.14, 1, 1, 11, 161.9, -53.75, 1, 1, 11, 78.18, -54.41, 1, 2, 4, 105.93, -55.91, 0.8, 11, 0.88, -56.31, 0.2, 1, 4, 33.97, -55.36, 1 ],
				"hull": 18
			}
		},
		"zhuyin_": {
			"zhuyin_": {
				"type": "skinnedmesh",
				"uvs": [ 1, 0.1973, 1, 0.3965, 1, 0.64422, 1, 0.82554, 1, 1, 0.51938, 1, 0, 1, 0, 0.82554, 0, 0.63911, 0, 0.38884, 0, 0.19474, 0, 0, 0.51274, 0, 1, 0, 0.51538, 0.39648, 0.51699, 0.63919, 0.51822, 0.82549, 0.51404, 0.19476 ],
				"triangles": [ 16, 15, 2, 7, 15, 16, 6, 7, 16, 5, 16, 3, 6, 16, 5, 5, 3, 4, 16, 2, 3, 7, 8, 15, 8, 14, 15, 15, 1, 2, 8, 9, 14, 15, 14, 1, 9, 10, 17, 14, 17, 0, 9, 17, 14, 14, 0, 1, 10, 12, 17, 17, 13, 0, 10, 11, 12, 17, 12, 13 ],
				"vertices": [ 2, 21, -26.61, -25.26, 0.3, 32, 20.04999, 23.76, 0.7, 2, 32, 45.95, 23.76, 0.5, 34, 0.84, 23.74, 0.5, 2, 34, 33.03, 22.98, 0.5, 47, 5.67, 23.02, 0.5, 2, 34, 56.6, 22.43, 0.2, 47, 29.24, 22.83, 0.8, 1, 47, 51.92, 22.66, 1, 1, 47, 51.73, -1.36, 1, 1, 47, 51.53, -27.33, 1, 2, 34, 55.42, -27.55, 0.2, 47, 28.85, -27.15, 0.8, 2, 34, 31.19, -26.98, 0.5, 47, 4.62, -26.96, 0.5, 2, 32, 44.95, -26.23, 0.5, 34, -1.33, -26.21, 0.5, 2, 21, -26.29, 24.73, 0.3, 32, 19.71999, -26.23, 0.7, 1, 21, -0.97, 24.73, 1, 1, 21, -0.97, -0.9, 1, 1, 21, -0.96, -25.26, 1, 2, 32, 45.95, -0.47, 0.5, 34, 0.26, -0.47, 0.5, 2, 34, 31.81, -1.14, 0.5, 47, 4.83, -1.12, 0.5, 2, 34, 56.02, -1.64, 0.2, 47, 29.05, -1.24, 0.8, 2, 21, -26.29, -0.97, 0.3, 32, 19.71999, -0.52999, 0.7 ],
				"hull": 14
			}
		}
	}
},
"animations": {
	"animation": {
		"bones": {
			"bone3": {
				"translate": [
					{
						"time": 0,
						"x": 0,
						"y": 0,
						"curve": [ 0.25, 0, 0.75, 1 ]
					},
					{
						"time": 1.3333,
						"x": 1.1,
						"y": -0.02,
						"curve": [ 0.25, 0, 0.75, 1 ]
					},
					{ "time": 2.6666, "x": 0, "y": 0 }
				],
				"scale": [
					{
						"time": 0,
						"x": 1,
						"y": 1,
						"curve": [ 0.25, 0, 0.75, 1 ]
					},
					{
						"time": 1.3333,
						"x": 1.02,
						"y": 1.02,
						"curve": [ 0.25, 0, 0.75, 1 ]
					},
					{ "time": 2.6666, "x": 1, "y": 1 }
				]
			},
			"bone4": {
				"scale": [
					{
						"time": 0,
						"x": 1,
						"y": 1,
						"curve": [ 0.25, 0, 0.75, 1 ]
					},
					{
						"time": 1.3333,
						"x": 0.98,
						"y": 0.98,
						"curve": [ 0.25, 0, 0.75, 1 ]
					},
					{ "time": 2.6666, "x": 1, "y": 1 }
				]
			},
			"L_dapie_": {
				"rotate": [
					{
						"time": 0,
						"angle": 0,
						"curve": [ 0.25, 0, 0.75, 1 ]
					},
					{
						"time": 1.6666,
						"angle": -1.64,
						"curve": [ 0.25, 0, 0.75, 1 ]
					},
					{
						"time": 2.6666,
						"angle": -0.21,
						"curve": [ 0.25, 0, 0.974, 0.9 ]
					},
					{ "time": 3.3333, "angle": 0 }
				],
				"translate": [
					{ "time": 0, "x": 0, "y": 0 }
				],
				"scale": [
					{
						"time": 0,
						"x": 1,
						"y": 1,
						"curve": [ 0.25, 0, 0.75, 1 ]
					},
					{
						"time": 1.6666,
						"x": 0.98,
						"y": 0.98,
						"curve": [ 0.25, 0, 0.75, 1 ]
					},
					{ "time": 3.3333, "x": 1, "y": 1 }
				]
			},
			"R_dapie_": {
				"scale": [
					{
						"time": 0,
						"x": 1,
						"y": 1,
						"curve": [ 0.25, 0, 0.75, 1 ]
					},
					{
						"time": 1.3333,
						"x": 0.98,
						"y": 0.98,
						"curve": [ 0.25, 0, 0.75, 1 ]
					},
					{ "time": 2.6666, "x": 1, "y": 1 }
				]
			},
			"youxiu_": {
				"rotate": [
					{
						"time": 0,
						"angle": 0,
						"curve": [ 0.01, 0.07, 0.75, 1 ]
					},
					{
						"time": 0.8333,
						"angle": 1.3,
						"curve": [ 0.25, 0, 0.75, 1 ]
					},
					{
						"time": 2.6666,
						"angle": -0.6,
						"curve": [ 0.25, 0, 0.979, 0.9 ]
					},
					{ "time": 3.3333, "angle": 0 }
				]
			},
			"bone37": {
				"rotate": [
					{
						"time": 0,
						"angle": -8.05,
						"curve": [ 0.045, 0.07, 0.75, 1 ]
					},
					{
						"time": 0.8333,
						"angle": -14.18,
						"curve": [ 0.25, 0, 0.75, 1 ]
					},
					{
						"time": 1.6666,
						"angle": -5.81,
						"curve": [ 0.25, 0, 0.75, 1 ]
					},
					{
						"time": 2.5,
						"angle": -5.76,
						"curve": [ 0.25, 0, 0.989, 0.93 ]
					},
					{ "time": 3.3333, "angle": -8.05 }
				]
			},
			"bone5": {
				"rotate": [
					{
						"time": 0,
						"angle": 0,
						"curve": [ 0.25, 0, 0.75, 1 ]
					},
					{
						"time": 1.6666,
						"angle": 2.67,
						"curve": [ 0.25, 0, 0.75, 1 ]
					},
					{
						"time": 3,
						"angle": 0.11,
						"curve": [ 0.25, 0, 0.984, 0.93 ]
					},
					{ "time": 3.3333, "angle": 0 }
				]
			},
			"R_hand_": {
				"rotate": [
					{
						"time": 0,
						"angle": 0,
						"curve": [ 0.25, 0, 0.75, 1 ]
					},
					{
						"time": 1.6666,
						"angle": -2.07,
						"curve": [ 0.25, 0, 0.75, 1 ]
					},
					{
						"time": 2.6666,
						"angle": 1.9,
						"curve": [ 0.25, 0, 0.954, 0.91 ]
					},
					{ "time": 3.3333, "angle": 0 }
				]
			},
			"bone7": {
				"rotate": [
					{ "time": 0, "angle": 9.13 },
					{ "time": 1.6666, "angle": -1.98 },
					{ "time": 3.3333, "angle": 9.13 }
				]
			},
			"bone6": {
				"rotate": [
					{
						"time": 0,
						"angle": 0,
						"curve": [ 0.04, 0.07, 0.75, 1 ]
					},
					{
						"time": 0.8333,
						"angle": -2.24,
						"curve": [ 0.25, 0, 0.75, 1 ]
					},
					{
						"time": 2.5,
						"angle": -0.44,
						"curve": [ 0.25, 0, 0.989, 0.93 ]
					},
					{ "time": 3.3333, "angle": 0 }
				]
			},
			"bone8": {
				"rotate": [
					{
						"time": 0,
						"angle": 0,
						"curve": [ 0.25, 0, 0.75, 1 ]
					},
					{
						"time": 1.7,
						"angle": 3.63,
						"curve": [ 0.25, 0, 0.75, 1 ]
					},
					{ "time": 3.3333, "angle": 0 }
				]
			},
			"bone9": {
				"rotate": [
					{
						"time": 0,
						"angle": 0,
						"curve": [ 0.045, 0.07, 0.75, 1 ]
					},
					{
						"time": 0.8333,
						"angle": -6.38,
						"curve": [ 0.25, 0, 0.75, 1 ]
					},
					{
						"time": 2.5,
						"angle": -1.46,
						"curve": [ 0.25, 0, 0.979, 0.92 ]
					},
					{ "time": 3.3333, "angle": 0 }
				]
			},
			"R_houxiubai_": {
				"rotate": [
					{
						"time": 0,
						"angle": 0,
						"curve": [ 0.25, 0, 0.75, 1 ]
					},
					{
						"time": 1.6666,
						"angle": 7.32,
						"curve": [ 0.25, 0, 0.75, 1 ]
					},
					{ "time": 3.3333, "angle": 0 }
				]
			},
			"bone10": {
				"rotate": [
					{
						"time": 0,
						"angle": 1.8,
						"curve": [ 0.051, 0.09, 0.75, 1 ]
					},
					{
						"time": 0.8333,
						"angle": -3.7,
						"curve": [ 0.25, 0, 0.75, 1 ]
					},
					{
						"time": 2.5,
						"angle": 6.39,
						"curve": [ 0.25, 0, 0.979, 0.94 ]
					},
					{ "time": 3.3333, "angle": 1.8 }
				]
			},
			"bone11": {
				"rotate": [
					{
						"time": 0,
						"angle": -0.06,
						"curve": [ 0.25, 0, 0.75, 1 ]
					},
					{
						"time": 1.6666,
						"angle": -12.25,
						"curve": [ 0.25, 0, 0.75, 1 ]
					},
					{ "time": 3.3333, "angle": -0.06 }
				]
			},
			"bone2": {
				"translate": [
					{
						"time": 0,
						"x": 0,
						"y": 0,
						"curve": [ 0.25, 0, 0.75, 1 ]
					},
					{
						"time": 1.6666,
						"x": 1.32,
						"y": 0.02,
						"curve": [ 0.25, 0, 0.75, 1 ]
					},
					{ "time": 3.3333, "x": 0, "y": 0 }
				]
			},
			"L_hand_": {
				"rotate": [
					{
						"time": 0,
						"angle": 0,
						"curve": [ 0.045, 0.06, 0.75, 1 ]
					},
					{
						"time": 0.8333,
						"angle": 0.46,
						"curve": [ 0.25, 0, 0.75, 1 ]
					},
					{
						"time": 2.5,
						"angle": -0.49,
						"curve": [ 0.25, 0, 0.959, 0.91 ]
					},
					{ "time": 3.3333, "angle": 0 }
				]
			},
			"F_mianliu_": {
				"rotate": [
					{
						"time": 0,
						"angle": 356.14,
						"curve": [ 0.25, 0, 0.75, 1 ]
					},
					{
						"time": 1.6666,
						"angle": 3,
						"curve": [ 0.258, 0.03, 0.751, 1 ]
					},
					{ "time": 3.3333, "angle": 356.14 }
				]
			},
			"bone45": {
				"rotate": [
					{
						"time": 0,
						"angle": 0,
						"curve": [ 0.035, 0.08, 0.75, 1 ]
					},
					{
						"time": 0.8333,
						"angle": -6.25,
						"curve": [ 0.25, 0, 0.75, 1 ]
					},
					{
						"time": 2.5,
						"angle": 4.96,
						"curve": [ 0.25, 0, 0.984, 0.91 ]
					},
					{ "time": 3.3333, "angle": 0 }
				]
			},
			"bone46": {
				"rotate": [
					{
						"time": 0,
						"angle": 0,
						"curve": [ 0.25, 0, 0.75, 1 ]
					},
					{
						"time": 1.6666,
						"angle": -6.22,
						"curve": [ 0.25, 0, 0.75, 1 ]
					},
					{ "time": 3.3333, "angle": 0 }
				]
			},
			"B_mianliu_": {
				"rotate": [
					{
						"time": 0,
						"angle": 2.34,
						"curve": [ 0.25, 0, 0.75, 1 ]
					},
					{
						"time": 1.6666,
						"angle": 356.29,
						"curve": [ 0.25, 0, 0.75, 1 ]
					},
					{ "time": 3.3333, "angle": 2.34 }
				]
			},
			"bone47": {
				"rotate": [
					{
						"time": 0,
						"angle": 0,
						"curve": [ 0.045, 0.07, 0.75, 1 ]
					},
					{
						"time": 0.8333,
						"angle": 6.04,
						"curve": [ 0.25, 0, 0.75, 1 ]
					},
					{
						"time": 2.5,
						"angle": -1.61,
						"curve": [ 0.025, 0.05, 0.75, 1 ]
					},
					{ "time": 3.3333, "angle": 0 }
				]
			},
			"bone48": {
				"rotate": [
					{
						"time": 0,
						"angle": 0,
						"curve": [ 0.25, 0, 0.75, 1 ]
					},
					{
						"time": 1.6666,
						"angle": 3.84,
						"curve": [ 0.25, 0, 0.75, 1 ]
					},
					{ "time": 3.3333, "angle": 0 }
				]
			},
			"zhuyin_": {
				"rotate": [
					{
						"time": 0,
						"angle": 3.15,
						"curve": [ 0.25, 0, 0.75, 1 ]
					},
					{
						"time": 1.6666,
						"angle": 355.94,
						"curve": [ 0.25, 0, 0.75, 1 ]
					},
					{ "time": 3.3333, "angle": 3.15 }
				]
			},
			"bone19": {
				"rotate": [
					{
						"time": 0,
						"angle": 0,
						"curve": [ 0.035, 0.05, 0.75, 1 ]
					},
					{
						"time": 0.8333,
						"angle": 4.08,
						"curve": [ 0.25, 0, 0.75, 1 ]
					},
					{
						"time": 2.5,
						"angle": -5.86,
						"curve": [ 0.25, 0, 0.974, 0.92 ]
					},
					{ "time": 3.3333, "angle": 0 }
				]
			},
			"bone20": {
				"rotate": [
					{
						"time": 0,
						"angle": 0,
						"curve": [ 0.25, 0, 0.75, 1 ]
					},
					{
						"time": 1.6666,
						"angle": 9,
						"curve": [ 0.25, 0, 0.75, 1 ]
					},
					{ "time": 3.3333, "angle": 0 }
				]
			},
			"L_xiuzi_2": {
				"rotate": [
					{
						"time": 0,
						"angle": 0,
						"curve": [ 0.25, 0, 0.75, 1 ]
					},
					{
						"time": 1.6666,
						"angle": -6.97,
						"curve": [ 0.25, 0, 0.75, 1 ]
					},
					{ "time": 3.3333, "angle": 0 }
				]
			},
			"bone14": {
				"rotate": [
					{
						"time": 0,
						"angle": 0,
						"curve": [ 0.035, 0.06, 0.75, 1 ]
					},
					{
						"time": 0.8333,
						"angle": 6.61,
						"curve": [ 0.25, 0, 0.75, 1 ]
					},
					{
						"time": 2.5,
						"angle": -5.01,
						"curve": [ 0.25, 0, 0.948, 0.92 ]
					},
					{ "time": 3.3333, "angle": 0 }
				]
			},
			"bone15": {
				"rotate": [
					{
						"time": 0,
						"angle": -1.83,
						"curve": [ 0.25, 0, 0.75, 1 ]
					},
					{
						"time": 1.6666,
						"angle": 12.48,
						"curve": [ 0.25, 0, 0.75, 1 ]
					},
					{ "time": 3.3333, "angle": -1.83 }
				]
			},
			"bone16": {
				"rotate": [
					{
						"time": 0,
						"angle": 0,
						"curve": [ 0.04, 0.07, 0.75, 1 ]
					},
					{
						"time": 0.8333,
						"angle": -5.54,
						"curve": [ 0.25, 0, 0.625, 0.5 ]
					},
					{
						"time": 1.6666,
						"angle": 5.33,
						"curve": [ 0.375, 0.5, 0.75, 1 ]
					},
					{
						"time": 2.5,
						"angle": 8.15,
						"curve": [ 0.25, 0, 0.964, 0.95 ]
					},
					{ "time": 3.3333, "angle": 0 }
				]
			},
			"F_qunbai_": {
				"rotate": [
					{
						"time": 0,
						"angle": -358.1,
						"curve": [ 0.25, 0, 0.75, 1 ]
					},
					{
						"time": 1.6666,
						"angle": -1.85,
						"curve": [ 0.25, 0, 0.75, 1 ]
					},
					{ "time": 3.3333, "angle": -358.1 }
				]
			},
			"bone25": {
				"rotate": [
					{
						"time": 0,
						"angle": 0,
						"curve": [ 0.03, 0.05, 0.75, 1 ]
					},
					{
						"time": 0.8333,
						"angle": 3.12,
						"curve": [ 0.25, 0, 0.75, 1 ]
					},
					{
						"time": 2.5,
						"angle": -2.7,
						"curve": [ 0.25, 0, 0.974, 0.92 ]
					},
					{ "time": 3.3333, "angle": 0 }
				]
			},
			"xiaqunbai_": {
				"rotate": [
					{
						"time": 0,
						"angle": 0,
						"curve": [ 0.035, 0.05, 0.75, 1 ]
					},
					{
						"time": 0.8333,
						"angle": -1.13,
						"curve": [ 0.25, 0, 0.75, 1 ]
					},
					{
						"time": 2.5,
						"angle": 1.18,
						"curve": [ 0.25, 0, 0.979, 0.93 ]
					},
					{ "time": 3.3333, "angle": 0 }
				]
			},
			"xiaqunbai_2": {
				"rotate": [
					{
						"time": 0,
						"angle": 0,
						"curve": [ 0.02, 0.07, 0.75, 1 ]
					},
					{
						"time": 0.8333,
						"angle": 1.41,
						"curve": [ 0.25, 0, 0.75, 1 ]
					},
					{
						"time": 2.5,
						"angle": -0.76,
						"curve": [ 0.25, 0, 0.994, 0.93 ]
					},
					{ "time": 3.3333, "angle": 0 }
				]
			},
			"bone31": {
				"rotate": [
					{
						"time": 0,
						"angle": -1.33,
						"curve": [ 0.25, 0, 0.75, 1 ]
					},
					{
						"time": 1.6666,
						"angle": 3.36,
						"curve": [ 0.25, 0, 0.75, 1 ]
					},
					{ "time": 3.3333, "angle": -1.33 }
				]
			},
			"bone32": {
				"rotate": [
					{
						"time": 0,
						"angle": 0,
						"curve": [ 0.025, 0.06, 0.75, 1 ]
					},
					{
						"time": 0.6666,
						"angle": -2.78,
						"curve": [ 0.25, 0, 0.75, 1 ]
					},
					{
						"time": 2.5,
						"angle": 2.09,
						"curve": [ 0.25, 0, 0.964, 0.91 ]
					},
					{ "time": 3.3333, "angle": 0 }
				]
			},
			"bone33": {
				"rotate": [
					{
						"time": 0,
						"angle": 3.11,
						"curve": [ 0.25, 0, 0.75, 1 ]
					},
					{
						"time": 1.6666,
						"angle": -5.51,
						"curve": [ 0.25, 0, 0.75, 1 ]
					},
					{ "time": 3.3333, "angle": 3.11 }
				]
			},
			"yupei_": {
				"rotate": [
					{
						"time": 0,
						"angle": 0,
						"curve": [ 0.04, 0.07, 0.75, 1 ]
					},
					{
						"time": 0.8333,
						"angle": -358.05,
						"curve": [ 0.25, 0, 0.75, 1 ]
					},
					{
						"time": 2.5,
						"angle": -1.22,
						"curve": [ 0.25, 0, 0.964, 0.93 ]
					},
					{ "time": 3.3333, "angle": 0 }
				]
			},
			"bone21": {
				"rotate": [
					{
						"time": 0,
						"angle": 0,
						"curve": [ 0.25, 0, 0.75, 1 ]
					},
					{
						"time": 1.6666,
						"angle": 3.16,
						"curve": [ 0.25, 0, 0.75, 1 ]
					},
					{ "time": 3.3333, "angle": 0 }
				]
			},
			"bone22": {
				"rotate": [
					{
						"time": 0,
						"angle": 0,
						"curve": [ 0.25, 0, 0.75, 1 ]
					},
					{
						"time": 0.8333,
						"angle": -3.88,
						"curve": [ 0.03, 0.06, 0.75, 1 ]
					},
					{
						"time": 2.5,
						"angle": 2.68,
						"curve": [ 0.25, 0, 0.989, 0.94 ]
					},
					{ "time": 3.3333, "angle": 0 }
				]
			},
			"L_piaodai_": {
				"rotate": [
					{
						"time": 0,
						"angle": 0,
						"curve": [ 0.02, 0.04, 0.75, 1 ]
					},
					{
						"time": 0.8333,
						"angle": 1.22,
						"curve": [ 0.25, 0, 0.75, 1 ]
					},
					{
						"time": 2.5,
						"angle": -0.63,
						"curve": [ 0.25, 0, 0.984, 0.93 ]
					},
					{ "time": 3.3333, "angle": 0 }
				]
			},
			"R_piaodai_": {
				"rotate": [
					{
						"time": 0,
						"angle": 0,
						"curve": [ 0.025, 0.05, 0.75, 1 ]
					},
					{
						"time": 0.8333,
						"angle": 1.69,
						"curve": [ 0.25, 0, 0.75, 1 ]
					},
					{
						"time": 2.5,
						"angle": -0.74,
						"curve": [ 0.25, 0, 0.994, 0.92 ]
					},
					{ "time": 3.3333, "angle": 0 }
				]
			},
			"bone34": {
				"rotate": [
					{
						"time": 0,
						"angle": 0,
						"curve": [ 0.25, 0, 0.75, 1 ]
					},
					{
						"time": 1.6666,
						"angle": 4.82,
						"curve": [ 0.25, 0, 0.75, 1 ]
					},
					{ "time": 3.3333, "angle": 0 }
				]
			},
			"bone35": {
				"rotate": [
					{
						"time": 0,
						"angle": 0,
						"curve": [ 0.061, 0.08, 0.75, 1 ]
					},
					{
						"time": 0.8333,
						"angle": -5.25,
						"curve": [ 0.25, 0, 0.75, 1 ]
					},
					{
						"time": 2.5,
						"angle": 3.17,
						"curve": [ 0.25, 0, 0.979, 0.94 ]
					},
					{ "time": 3.3333, "angle": 0 }
				]
			},
			"bone36": {
				"rotate": [
					{
						"time": 0,
						"angle": 0,
						"curve": [ 0.25, 0, 0.75, 1 ]
					},
					{
						"time": 1.6666,
						"angle": -5.81,
						"curve": [ 0.25, 0, 0.75, 1 ]
					},
					{ "time": 3.3333, "angle": 0 }
				]
			},
			"bone38": {
				"rotate": [
					{
						"time": 0,
						"angle": 0,
						"curve": [ 0.25, 0, 0.75, 1 ]
					},
					{
						"time": 1.6666,
						"angle": 5.5,
						"curve": [ 0.25, 0, 0.75, 1 ]
					},
					{ "time": 3.3333, "angle": 0 }
				]
			},
			"bone39": {
				"rotate": [
					{
						"time": 0,
						"angle": 1.27,
						"curve": [ 0.045, 0.06, 0.75, 1 ]
					},
					{
						"time": 0.8333,
						"angle": -4.69,
						"curve": [ 0.25, 0, 0.75, 1 ]
					},
					{
						"time": 2.5,
						"angle": 4.93,
						"curve": [ 0.25, 0, 0.979, 0.93 ]
					},
					{ "time": 3.3333, "angle": 1.27 }
				]
			},
			"bone40": {
				"rotate": [
					{
						"time": 0,
						"angle": 2.08,
						"curve": [ 0.25, 0, 0.75, 1 ]
					},
					{
						"time": 1.6666,
						"angle": -5.2,
						"curve": [ 0.25, 0, 0.75, 1 ]
					},
					{ "time": 3.3333, "angle": 2.08 }
				]
			},
			"bone41": {
				"rotate": [
					{
						"time": 0,
						"angle": 0,
						"curve": [ 0.25, 0, 0.75, 1 ]
					},
					{
						"time": 0.8333,
						"angle": 2.58,
						"curve": [ 0.25, 0, 0.75, 1 ]
					},
					{
						"time": 1.6666,
						"angle": -1.26,
						"curve": [ 0.25, 0, 0.75, 1 ]
					},
					{
						"time": 2.5,
						"angle": -2.38,
						"curve": [ 0.25, 0, 0.974, 0.93 ]
					},
					{ "time": 3.3333, "angle": 0 }
				]
			},
			"bone23": {
				"rotate": [
					{ "time": 0, "angle": -1.82 },
					{ "time": 0.8333, "angle": 0.18 },
					{ "time": 1.6666, "angle": 1.01 },
					{ "time": 2.5, "angle": -0.21 },
					{ "time": 3.3333, "angle": -1.82 }
				]
			},
			"bone24": {
				"rotate": [
					{
						"time": 0,
						"angle": 2.44,
						"curve": [ 0.25, 0, 0.75, 1 ]
					},
					{
						"time": 1.6666,
						"angle": -9.59,
						"curve": [ 0.25, 0, 0.75, 1 ]
					},
					{ "time": 3.3333, "angle": 2.44 }
				]
			},
			"bone26": {
				"rotate": [
					{
						"time": 0,
						"angle": -2.79,
						"curve": [ 0.25, 0, 0.75, 1 ]
					},
					{
						"time": 1.6666,
						"angle": 4.39,
						"curve": [ 0.25, 0, 0.75, 1 ]
					},
					{ "time": 3.3333, "angle": -2.79 }
				]
			},
			"bone27": {
				"rotate": [
					{
						"time": 0,
						"angle": -1.19,
						"curve": [ 0.25, 0, 0.75, 1 ]
					},
					{
						"time": 0.8333,
						"angle": -4.71,
						"curve": [ 0.25, 0, 0.75, 1 ]
					},
					{
						"time": 1.6666,
						"angle": 0.27,
						"curve": [ 0.25, 0, 0.75, 1 ]
					},
					{
						"time": 2.5,
						"angle": 1.87,
						"curve": [ 0.25, 0, 0.994, 0.93 ]
					},
					{ "time": 3.3333, "angle": -1.19 }
				]
			},
			"bone44": {
				"rotate": [
					{
						"time": 0,
						"angle": -2.5,
						"curve": [ 0.25, 0, 0.75, 1 ]
					},
					{
						"time": 1.6666,
						"angle": -1.46,
						"curve": [ 0.25, 0, 0.75, 1 ]
					},
					{ "time": 3.3333, "angle": -2.5 }
				]
			},
			"bone49": {
				"rotate": [
					{
						"time": 0,
						"angle": 0,
						"curve": [ 0.005, 0.06, 0.75, 1 ]
					},
					{
						"time": 0.8333,
						"angle": -5.16,
						"curve": [ 0.25, 0, 0.75, 1 ]
					},
					{
						"time": 2.5,
						"angle": 5.47,
						"curve": [ 0.25, 0, 0.994, 0.92 ]
					},
					{ "time": 3.3333, "angle": 0 }
				]
			},
			"bone29": {
				"rotate": [
					{
						"time": 0,
						"angle": 0,
						"curve": [ 0.03, 0.07, 0.75, 1 ]
					},
					{
						"time": 0.8333,
						"angle": 4.66,
						"curve": [ 0.25, 0, 0.75, 1 ]
					},
					{
						"time": 2.5,
						"angle": -0.89,
						"curve": [ 0.25, 0, 0.974, 0.92 ]
					},
					{ "time": 3.3333, "angle": 0 }
				]
			},
			"bone28": {
				"rotate": [
					{
						"time": 0,
						"angle": 4.86,
						"curve": [ 0.25, 0, 0.75, 1 ]
					},
					{
						"time": 1.6666,
						"angle": -2.59,
						"curve": [ 0.25, 0, 0.75, 1 ]
					},
					{ "time": 3.3333, "angle": 4.86 }
				]
			},
			"bone30": {
				"rotate": [
					{
						"time": 0,
						"angle": 0,
						"curve": [ 0.25, 0, 0.75, 1 ]
					},
					{
						"time": 1.6666,
						"angle": 5.55,
						"curve": [ 0.25, 0, 0.75, 1 ]
					},
					{ "time": 3.3333, "angle": 0 }
				]
			},
			"bone50": {
				"rotate": [
					{
						"time": 0,
						"angle": -2.38,
						"curve": [ 0.04, 0.07, 0.75, 1 ]
					},
					{
						"time": 1,
						"angle": 2.32,
						"curve": [ 0.25, 0, 0.75, 1 ]
					},
					{
						"time": 2.6666,
						"angle": -1.79,
						"curve": [ 0.25, 0, 0.994, 0.93 ]
					},
					{ "time": 3.3333, "angle": -2.38 }
				]
			},
			"bone51": {
				"rotate": [
					{
						"time": 0,
						"angle": -2.07,
						"curve": [ 0.25, 0, 0.75, 1 ]
					},
					{ "time": 1.6666, "angle": 4.53 },
					{ "time": 3.3333, "angle": -2.07 }
				]
			},
			"bone52": {
				"rotate": [
					{
						"time": 0,
						"angle": 0,
						"curve": [ 0.066, 0.09, 0.75, 1 ]
					},
					{
						"time": 0.8333,
						"angle": -9.58,
						"curve": [ 0.25, 0, 0.75, 1 ]
					},
					{
						"time": 2.5,
						"angle": -0.17,
						"curve": [ 0.25, 0, 0.984, 0.93 ]
					},
					{ "time": 3.3333, "angle": 0 }
				]
			},
			"bone53": {
				"rotate": [
					{
						"time": 0,
						"angle": 2.57,
						"curve": [ 0.035, 0.06, 0.75, 1 ]
					},
					{
						"time": 0.8333,
						"angle": -0.62,
						"curve": [ 0.25, 0, 0.75, 1 ]
					},
					{
						"time": 2.5,
						"angle": 3.95,
						"curve": [ 0.25, 0, 0.964, 0.93 ]
					},
					{ "time": 3.3333, "angle": 2.57 }
				]
			},
			"bone54": {
				"rotate": [
					{
						"time": 0,
						"angle": 0,
						"curve": [ 0.25, 0, 0.75, 1 ]
					},
					{
						"time": 1.6666,
						"angle": -6.44,
						"curve": [ 0.25, 0, 0.75, 1 ]
					},
					{ "time": 3.3333, "angle": 0 }
				]
			},
			"bone55": {
				"rotate": [
					{
						"time": 0,
						"angle": 0,
						"curve": [ 0.061, 0.07, 0.75, 1 ]
					},
					{
						"time": 0.8333,
						"angle": 6.77,
						"curve": [ 0.25, 0, 0.75, 1 ]
					},
					{
						"time": 2.5,
						"angle": -10,
						"curve": [ 0.25, 0, 1, 0.94 ]
					},
					{ "time": 3.3333, "angle": 0 }
				]
			}
		},
		"ffd": {
			"default": {
				"yanwu_": {
					"yanwu_": [
						{
							"time": 0,
							"vertices": [ -11.16795, -0.08795, -11.16795, -0.08795, -11.16795, -0.08795, -11.16795, -0.08795, -11.16795, -0.08795, -11.16795, -0.08795, -11.16795, -0.08795, -11.16795, -0.08795, -11.16795, -0.08795, -11.16795, -0.08795, -11.16795, -0.08795, -11.16795, -0.08795, -11.16795, -0.08795, -11.16795, -0.08795, -11.16795, -0.08795, -11.16795, -0.08795, -11.16795, -0.08795, -11.16795, -0.08795, -11.16795, -0.08795, -11.16795, -0.08795, -11.16795, -0.08795, -11.16795, -0.08795, -11.16795, -0.08795, -11.16795, -0.08795, -11.16795, -0.08795, -11.16795, -0.08795, -11.16795, -0.08795, -11.16795, -0.08795 ],
							"curve": [ 0.025, 0.06, 0.75, 1 ]
						},
						{
							"time": 0.8333,
							"vertices": [ -5.69132, 13.57608, -5.69132, 13.57608, -5.69132, 13.57608, -5.69132, 13.57608, -5.69132, 13.57608, -5.69132, 13.57608, -5.69132, 13.57608, -5.69132, 13.57608, -5.69132, 13.57608, -5.69132, 13.57608, -5.69132, 13.57608, -5.69132, 13.57608, -5.69132, 13.57608, -5.69132, 13.57608, -5.69132, 13.57608, 4.68833, -0.03851, 4.68833, -0.03851, -5.69132, 13.57608, -5.69132, 13.57608, 4.68833, -0.03851, 1.2912, -3.48951, -5.69132, 13.57608, 4.68833, -0.03851, -5.69132, 13.57608, -5.69132, 13.57608, -5.69132, 13.57608, -5.69132, 13.57608, -5.69132, 13.57608 ],
							"curve": [ 0.25, 0, 0.75, 1 ]
						},
						{
							"time": 2.5,
							"vertices": [ -9.82618, 6.82482, -9.82618, 6.82482, -9.82618, 6.82482, -9.70527, -8.53067, -9.70527, -8.53067, -9.70527, -8.53067, -9.70527, -8.53067, -9.70527, -8.53067, -9.70527, -8.53067, -9.70527, -8.53067, -9.70527, -8.53067, -9.70527, -8.53067, -9.70527, -8.53067, -9.70527, -8.53067, -9.70527, -8.53067, -9.70527, -8.53067, -9.70527, -8.53067, -9.82618, 6.82482, -9.70527, -8.53067, -9.70527, -8.53067, -9.70527, -8.53067, -9.70527, -8.53067, -9.70527, -8.53067, -9.70527, -8.53067, -9.70527, -8.53067, -9.70527, -8.53067, -9.70527, -8.53067, -9.70527, -8.53067 ],
							"curve": [ 0.25, 0, 0.994, 0.94 ]
						},
						{
							"time": 3.3333,
							"vertices": [ -11.16795, -0.08795, -11.16795, -0.08795, -11.16795, -0.08795, -11.16795, -0.08795, -11.16795, -0.08795, -11.16795, -0.08795, -11.16795, -0.08795, -11.16795, -0.08795, -11.16795, -0.08795, -11.16795, -0.08795, -11.16795, -0.08795, -11.16795, -0.08795, -11.16795, -0.08795, -11.16795, -0.08795, -11.16795, -0.08795, -11.16795, -0.08795, -11.16795, -0.08795, -11.16795, -0.08795, -11.16795, -0.08795, -11.16795, -0.08795, -11.16795, -0.08795, -11.16795, -0.08795, -11.16795, -0.08795, -11.16795, -0.08795, -11.16795, -0.08795, -11.16795, -0.08795, -11.16795, -0.08795, -11.16795, -0.08795 ]
						}
					]
				},
				"yanwu_2": {
					"yanwu_": [
						{ "time": 0 },
						{
							"time": 1.6666,
							"vertices": [ 0.25492, -32.37477, 0.25492, -32.37477, 0.25492, -32.37477, 0.25492, -32.37477, 0.25492, -32.37477, 0.25492, -32.37477, 0.25492, -32.37477, 0.25492, -32.37477, 0.25492, -32.37477, 0.25492, -32.37477, 0.25492, -32.37477, 0.25492, -32.37477, 0.25492, -32.37477, 3.67893, -32.34782, 0.25492, -32.37477, 10.52651, -32.2939, 24.27605, -39.03381, 0.25492, -32.37477, 27.64612, -32.15908, 10.52651, -32.2939, 0.25492, -32.37477, 0.25492, -32.37477, 24.27605, -39.03381, 0.25492, -32.37477, 10.52651, -32.2939, 10.52651, -32.2939, 0.25492, -32.37477, 0.25492, -32.37477 ],
							"curve": [ 0.25, 0, 0.75, 1 ]
						},
						{ "time": 3.3333 }
					]
				},
				"yaofen_": {
					"yaofen_": [
						{ "time": 0 },
						{
							"time": 1.6666,
							"vertices": [ 2.47286, 0.01947, 0.48049, 0.00376, 0, 0, 0, 0, 0, 0, 0, 0, 0, 0, 0.51202, 0.00402, 2.47296, 0.01947, 3.73446, 0.0294, 3.73443, 0.02939, 3.73437, 0.0294, 0.46505, 0.00365, 2.45706, 0.01933 ],
							"curve": [ 0.25, 0, 0.75, 1 ]
						},
						{ "time": 3.3333 }
					]
				}
			}
		}
	}
}
}