{
"skeleton": { "hash": "8DvpbUBQhwRCf+LcoryR2R9e8XU", "spine": "3.7.94", "width": 0, "height": 0, "images": "./images/", "audio": "D:/WORK/COK/皮肤特效/小丑国王已调动作/小丑低级spine/小丑低级待机_group/XCDJdjxx_B" },
"bones": [
	{ "name": "root" },
	{ "name": "ctr", "parent": "root", "x": 15, "y": 115, "scaleX": 1.25, "scaleY": 1.25 },
	{ "name": "XCDJdjxx_UL_", "parent": "ctr" },
	{ "name": "XCDJdjxx_UR_", "parent": "ctr" },
	{ "name": "XCDJdjxx_DL_", "parent": "ctr" },
	{ "name": "XCDJdjxx_DR_", "parent": "ctr" }
],
"slots": [
	{ "name": "XCDJdjxx_UL_", "bone": "XCDJdjxx_UL_" },
	{ "name": "XCDJdjxx_UR_", "bone": "XCDJdjxx_UR_" },
	{ "name": "XCDJdjxx_DL_", "bone": "XCDJdjxx_DL_" },
	{ "name": "XCDJdjxx_DR_", "bone": "XCDJdjxx_DR_" }
],
"skins": {
	"default": {
		"XCDJdjxx_DL_": {
			"XCDJdjxx_DL_00090_": { "x": -149, "y": -179.5, "width": 298, "height": 359 },
			"XCDJdjxx_DL_00093_": { "x": -149, "y": -179.5, "width": 298, "height": 359 },
			"XCDJdjxx_DL_00096_": { "x": -149, "y": -179.5, "width": 298, "height": 359 },
			"XCDJdjxx_DL_00099_": { "x": -149, "y": -179.5, "width": 298, "height": 359 },
			"XCDJdjxx_DL_00102_": { "x": -149, "y": -179.5, "width": 298, "height": 359 },
			"XCDJdjxx_DL_00105_": { "x": -149, "y": -179.5, "width": 298, "height": 359 },
			"XCDJdjxx_DL_00108_": { "x": -149, "y": -179.5, "width": 298, "height": 359 },
			"XCDJdjxx_DL_00111_": { "x": -149, "y": -179.5, "width": 298, "height": 359 },
			"XCDJdjxx_DL_00114_": { "x": -149, "y": -179.5, "width": 298, "height": 359 },
			"XCDJdjxx_DL_00117_": { "x": -149, "y": -179.5, "width": 298, "height": 359 },
			"XCDJdjxx_DL_00120_": { "x": -149, "y": -179.5, "width": 298, "height": 359 },
			"XCDJdjxx_DL_00123_": { "x": -149, "y": -179.5, "width": 298, "height": 359 },
			"XCDJdjxx_DL_00126_": { "x": -149, "y": -179.5, "width": 298, "height": 359 },
			"XCDJdjxx_DL_00129_": { "x": -149, "y": -179.5, "width": 298, "height": 359 },
			"XCDJdjxx_DL_00132_": { "x": -149, "y": -179.5, "width": 298, "height": 359 },
			"XCDJdjxx_DL_00135_": { "x": -149, "y": -179.5, "width": 298, "height": 359 },
			"XCDJdjxx_DL_00138_": { "x": -149, "y": -179.5, "width": 298, "height": 359 },
			"XCDJdjxx_DL_00141_": { "x": -149, "y": -179.5, "width": 298, "height": 359 },
			"XCDJdjxx_DL_00144_": { "x": -149, "y": -179.5, "width": 298, "height": 359 },
			"XCDJdjxx_DL_00147_": { "x": -149, "y": -179.5, "width": 298, "height": 359 },
			"XCDJdjxx_DL_00150_": { "x": -149, "y": -179.5, "width": 298, "height": 359 },
			"XCDJdjxx_DL_00153_": { "x": -149, "y": -179.5, "width": 298, "height": 359 },
			"XCDJdjxx_DL_00156_": { "x": -149, "y": -179.5, "width": 298, "height": 359 },
			"XCDJdjxx_DL_00159_": { "x": -149, "y": -179.5, "width": 298, "height": 359 },
			"XCDJdjxx_DL_00162_": { "x": -149, "y": -179.5, "width": 298, "height": 359 },
			"XCDJdjxx_DL_00165_": { "x": -149, "y": -179.5, "width": 298, "height": 359 },
			"XCDJdjxx_DL_00168_": { "x": -149, "y": -179.5, "width": 298, "height": 359 },
			"XCDJdjxx_DL_00171_": { "x": -149, "y": -179.5, "width": 298, "height": 359 },
			"XCDJdjxx_DL_00174_": { "x": -149, "y": -179.5, "width": 298, "height": 359 },
			"XCDJdjxx_DL_00175_": { "x": -149, "y": -179.5, "width": 298, "height": 359 }
		},
		"XCDJdjxx_DR_": {
			"XCDJdjxx_DR_00090_": { "x": 149, "y": -179.5, "width": 298, "height": 359 },
			"XCDJdjxx_DR_00093_": { "x": 149, "y": -179.5, "width": 298, "height": 359 },
			"XCDJdjxx_DR_00096_": { "x": 149, "y": -179.5, "width": 298, "height": 359 },
			"XCDJdjxx_DR_00099_": { "x": 149, "y": -179.5, "width": 298, "height": 359 },
			"XCDJdjxx_DR_00102_": { "x": 149, "y": -179.5, "width": 298, "height": 359 },
			"XCDJdjxx_DR_00105_": { "x": 149, "y": -179.5, "width": 298, "height": 359 },
			"XCDJdjxx_DR_00108_": { "x": 149, "y": -179.5, "width": 298, "height": 359 },
			"XCDJdjxx_DR_00111_": { "x": 149, "y": -179.5, "width": 298, "height": 359 },
			"XCDJdjxx_DR_00114_": { "x": 149, "y": -179.5, "width": 298, "height": 359 },
			"XCDJdjxx_DR_00117_": { "x": 149, "y": -179.5, "width": 298, "height": 359 },
			"XCDJdjxx_DR_00120_": { "x": 149, "y": -179.5, "width": 298, "height": 359 },
			"XCDJdjxx_DR_00123_": { "x": 149, "y": -179.5, "width": 298, "height": 359 },
			"XCDJdjxx_DR_00126_": { "x": 149, "y": -179.5, "width": 298, "height": 359 },
			"XCDJdjxx_DR_00129_": { "x": 149, "y": -179.5, "width": 298, "height": 359 },
			"XCDJdjxx_DR_00132_": { "x": 149, "y": -179.5, "width": 298, "height": 359 },
			"XCDJdjxx_DR_00135_": { "x": 149, "y": -179.5, "width": 298, "height": 359 },
			"XCDJdjxx_DR_00138_": { "x": 149, "y": -179.5, "width": 298, "height": 359 },
			"XCDJdjxx_DR_00141_": { "x": 149, "y": -179.5, "width": 298, "height": 359 },
			"XCDJdjxx_DR_00144_": { "x": 149, "y": -179.5, "width": 298, "height": 359 },
			"XCDJdjxx_DR_00147_": { "x": 149, "y": -179.5, "width": 298, "height": 359 },
			"XCDJdjxx_DR_00150_": { "x": 149, "y": -179.5, "width": 298, "height": 359 },
			"XCDJdjxx_DR_00153_": { "x": 149, "y": -179.5, "width": 298, "height": 359 },
			"XCDJdjxx_DR_00156_": { "x": 149, "y": -179.5, "width": 298, "height": 359 },
			"XCDJdjxx_DR_00159_": { "x": 149, "y": -179.5, "width": 298, "height": 359 },
			"XCDJdjxx_DR_00162_": { "x": 149, "y": -179.5, "width": 298, "height": 359 },
			"XCDJdjxx_DR_00165_": { "x": 149, "y": -179.5, "width": 298, "height": 359 },
			"XCDJdjxx_DR_00168_": { "x": 149, "y": -179.5, "width": 298, "height": 359 },
			"XCDJdjxx_DR_00171_": { "x": 149, "y": -179.5, "width": 298, "height": 359 },
			"XCDJdjxx_DR_00174_": { "x": 149, "y": -179.5, "width": 298, "height": 359 },
			"XCDJdjxx_DR_00175_": { "x": 149, "y": -179.5, "width": 298, "height": 359 }
		},
		"XCDJdjxx_UL_": {
			"XCDJdjxx_UL_00090_": { "x": -149, "y": 137.5, "width": 298, "height": 275 },
			"XCDJdjxx_UL_00093_": { "x": -149, "y": 137.5, "width": 298, "height": 275 },
			"XCDJdjxx_UL_00096_": { "x": -149, "y": 137.5, "width": 298, "height": 275 },
			"XCDJdjxx_UL_00099_": { "x": -149, "y": 137.5, "width": 298, "height": 275 },
			"XCDJdjxx_UL_00102_": { "x": -149, "y": 137.5, "width": 298, "height": 275 },
			"XCDJdjxx_UL_00105_": { "x": -149, "y": 137.5, "width": 298, "height": 275 },
			"XCDJdjxx_UL_00108_": { "x": -149, "y": 137.5, "width": 298, "height": 275 },
			"XCDJdjxx_UL_00111_": { "x": -149, "y": 137.5, "width": 298, "height": 275 },
			"XCDJdjxx_UL_00114_": { "x": -149, "y": 137.5, "width": 298, "height": 275 },
			"XCDJdjxx_UL_00117_": { "x": -149, "y": 137.5, "width": 298, "height": 275 },
			"XCDJdjxx_UL_00120_": { "x": -149, "y": 137.5, "width": 298, "height": 275 },
			"XCDJdjxx_UL_00123_": { "x": -149, "y": 137.5, "width": 298, "height": 275 },
			"XCDJdjxx_UL_00126_": { "x": -149, "y": 137.5, "width": 298, "height": 275 },
			"XCDJdjxx_UL_00129_": { "x": -149, "y": 137.5, "width": 298, "height": 275 },
			"XCDJdjxx_UL_00132_": { "x": -149, "y": 137.5, "width": 298, "height": 275 },
			"XCDJdjxx_UL_00135_": { "x": -149, "y": 137.5, "width": 298, "height": 275 },
			"XCDJdjxx_UL_00138_": { "x": -149, "y": 137.5, "width": 298, "height": 275 },
			"XCDJdjxx_UL_00141_": { "x": -149, "y": 137.5, "width": 298, "height": 275 },
			"XCDJdjxx_UL_00144_": { "x": -149, "y": 137.5, "width": 298, "height": 275 },
			"XCDJdjxx_UL_00147_": { "x": -149, "y": 137.5, "width": 298, "height": 275 },
			"XCDJdjxx_UL_00150_": { "x": -149, "y": 137.5, "width": 298, "height": 275 },
			"XCDJdjxx_UL_00153_": { "x": -149, "y": 137.5, "width": 298, "height": 275 },
			"XCDJdjxx_UL_00156_": { "x": -149, "y": 137.5, "width": 298, "height": 275 },
			"XCDJdjxx_UL_00159_": { "x": -149, "y": 137.5, "width": 298, "height": 275 },
			"XCDJdjxx_UL_00162_": { "x": -149, "y": 137.5, "width": 298, "height": 275 },
			"XCDJdjxx_UL_00165_": { "x": -149, "y": 137.5, "width": 298, "height": 275 },
			"XCDJdjxx_UL_00168_": { "x": -149, "y": 137.5, "width": 298, "height": 275 },
			"XCDJdjxx_UL_00171_": { "x": -149, "y": 137.5, "width": 298, "height": 275 },
			"XCDJdjxx_UL_00174_": { "x": -149, "y": 137.5, "width": 298, "height": 275 },
			"XCDJdjxx_UL_00175_": { "x": -149, "y": 137.5, "width": 298, "height": 275 }
		},
		"XCDJdjxx_UR_": {
			"XCDJdjxx_UR_00090_": { "x": 149, "y": 137.5, "width": 298, "height": 275 },
			"XCDJdjxx_UR_00093_": { "x": 149, "y": 137.5, "width": 298, "height": 275 },
			"XCDJdjxx_UR_00096_": { "x": 149, "y": 137.5, "width": 298, "height": 275 },
			"XCDJdjxx_UR_00099_": { "x": 149, "y": 137.5, "width": 298, "height": 275 },
			"XCDJdjxx_UR_00102_": { "x": 149, "y": 137.5, "width": 298, "height": 275 },
			"XCDJdjxx_UR_00105_": { "x": 149, "y": 137.5, "width": 298, "height": 275 },
			"XCDJdjxx_UR_00108_": { "x": 149, "y": 137.5, "width": 298, "height": 275 },
			"XCDJdjxx_UR_00111_": { "x": 149, "y": 137.5, "width": 298, "height": 275 },
			"XCDJdjxx_UR_00114_": { "x": 149, "y": 137.5, "width": 298, "height": 275 },
			"XCDJdjxx_UR_00117_": { "x": 149, "y": 137.5, "width": 298, "height": 275 },
			"XCDJdjxx_UR_00120_": { "x": 149, "y": 137.5, "width": 298, "height": 275 },
			"XCDJdjxx_UR_00123_": { "x": 149, "y": 137.5, "width": 298, "height": 275 },
			"XCDJdjxx_UR_00126_": { "x": 149, "y": 137.5, "width": 298, "height": 275 },
			"XCDJdjxx_UR_00129_": { "x": 149, "y": 137.5, "width": 298, "height": 275 },
			"XCDJdjxx_UR_00132_": { "x": 149, "y": 137.5, "width": 298, "height": 275 },
			"XCDJdjxx_UR_00135_": { "x": 149, "y": 137.5, "width": 298, "height": 275 },
			"XCDJdjxx_UR_00138_": { "x": 149, "y": 137.5, "width": 298, "height": 275 },
			"XCDJdjxx_UR_00141_": { "x": 149, "y": 137.5, "width": 298, "height": 275 },
			"XCDJdjxx_UR_00144_": { "x": 149, "y": 137.5, "width": 298, "height": 275 },
			"XCDJdjxx_UR_00147_": { "x": 149, "y": 137.5, "width": 298, "height": 275 },
			"XCDJdjxx_UR_00150_": { "x": 149, "y": 137.5, "width": 298, "height": 275 },
			"XCDJdjxx_UR_00153_": { "x": 149, "y": 137.5, "width": 298, "height": 275 },
			"XCDJdjxx_UR_00156_": { "x": 149, "y": 137.5, "width": 298, "height": 275 },
			"XCDJdjxx_UR_00159_": { "x": 149, "y": 137.5, "width": 298, "height": 275 },
			"XCDJdjxx_UR_00162_": { "x": 149, "y": 137.5, "width": 298, "height": 275 },
			"XCDJdjxx_UR_00165_": { "x": 149, "y": 137.5, "width": 298, "height": 275 },
			"XCDJdjxx_UR_00168_": { "x": 149, "y": 137.5, "width": 298, "height": 275 },
			"XCDJdjxx_UR_00171_": { "x": 149, "y": 137.5, "width": 298, "height": 275 },
			"XCDJdjxx_UR_00174_": { "x": 149, "y": 137.5, "width": 298, "height": 275 },
			"XCDJdjxx_UR_00175_": { "x": 149, "y": 137.5, "width": 298, "height": 275 }
		}
	}
},
"animations": {
	"animation": {
		"slots": {
			"XCDJdjxx_DL_": {
				"attachment": [
					{ "time": 3, "name": "XCDJdjxx_DL_00090_" },
					{ "time": 3.1, "name": "XCDJdjxx_DL_00093_" },
					{ "time": 3.2, "name": "XCDJdjxx_DL_00096_" },
					{ "time": 3.3, "name": "XCDJdjxx_DL_00099_" },
					{ "time": 3.4, "name": "XCDJdjxx_DL_00102_" },
					{ "time": 3.5, "name": "XCDJdjxx_DL_00105_" },
					{ "time": 3.6, "name": "XCDJdjxx_DL_00108_" },
					{ "time": 3.7, "name": "XCDJdjxx_DL_00111_" },
					{ "time": 3.8, "name": "XCDJdjxx_DL_00114_" },
					{ "time": 3.9, "name": "XCDJdjxx_DL_00117_" },
					{ "time": 4, "name": "XCDJdjxx_DL_00120_" },
					{ "time": 4.1, "name": "XCDJdjxx_DL_00123_" },
					{ "time": 4.2, "name": "XCDJdjxx_DL_00126_" },
					{ "time": 4.3, "name": "XCDJdjxx_DL_00129_" },
					{ "time": 4.4, "name": "XCDJdjxx_DL_00132_" },
					{ "time": 4.5, "name": "XCDJdjxx_DL_00135_" },
					{ "time": 4.6, "name": "XCDJdjxx_DL_00138_" },
					{ "time": 4.7, "name": "XCDJdjxx_DL_00141_" },
					{ "time": 4.8, "name": "XCDJdjxx_DL_00144_" },
					{ "time": 4.9, "name": "XCDJdjxx_DL_00147_" },
					{ "time": 5, "name": "XCDJdjxx_DL_00150_" },
					{ "time": 5.1, "name": "XCDJdjxx_DL_00153_" },
					{ "time": 5.2, "name": "XCDJdjxx_DL_00156_" },
					{ "time": 5.3, "name": "XCDJdjxx_DL_00159_" },
					{ "time": 5.4, "name": "XCDJdjxx_DL_00162_" },
					{ "time": 5.5, "name": "XCDJdjxx_DL_00165_" },
					{ "time": 5.6, "name": "XCDJdjxx_DL_00168_" },
					{ "time": 5.7, "name": "XCDJdjxx_DL_00171_" },
					{ "time": 5.8, "name": "XCDJdjxx_DL_00174_" },
					{ "time": 5.9, "name": "XCDJdjxx_DL_00175_" }
				]
			},
			"XCDJdjxx_DR_": {
				"attachment": [
					{ "time": 3, "name": "XCDJdjxx_DR_00090_" },
					{ "time": 3.1, "name": "XCDJdjxx_DR_00093_" },
					{ "time": 3.2, "name": "XCDJdjxx_DR_00096_" },
					{ "time": 3.3, "name": "XCDJdjxx_DR_00099_" },
					{ "time": 3.4, "name": "XCDJdjxx_DR_00102_" },
					{ "time": 3.5, "name": "XCDJdjxx_DR_00105_" },
					{ "time": 3.6, "name": "XCDJdjxx_DR_00108_" },
					{ "time": 3.7, "name": "XCDJdjxx_DR_00111_" },
					{ "time": 3.8, "name": "XCDJdjxx_DR_00114_" },
					{ "time": 3.9, "name": "XCDJdjxx_DR_00117_" },
					{ "time": 4, "name": "XCDJdjxx_DR_00120_" },
					{ "time": 4.1, "name": "XCDJdjxx_DR_00123_" },
					{ "time": 4.2, "name": "XCDJdjxx_DR_00126_" },
					{ "time": 4.3, "name": "XCDJdjxx_DR_00129_" },
					{ "time": 4.4, "name": "XCDJdjxx_DR_00132_" },
					{ "time": 4.5, "name": "XCDJdjxx_DR_00135_" },
					{ "time": 4.6, "name": "XCDJdjxx_DR_00138_" },
					{ "time": 4.7, "name": "XCDJdjxx_DR_00141_" },
					{ "time": 4.8, "name": "XCDJdjxx_DR_00144_" },
					{ "time": 4.9, "name": "XCDJdjxx_DR_00147_" },
					{ "time": 5, "name": "XCDJdjxx_DR_00150_" },
					{ "time": 5.1, "name": "XCDJdjxx_DR_00153_" },
					{ "time": 5.2, "name": "XCDJdjxx_DR_00156_" },
					{ "time": 5.3, "name": "XCDJdjxx_DR_00159_" },
					{ "time": 5.4, "name": "XCDJdjxx_DR_00162_" },
					{ "time": 5.5, "name": "XCDJdjxx_DR_00165_" },
					{ "time": 5.6, "name": "XCDJdjxx_DR_00168_" },
					{ "time": 5.7, "name": "XCDJdjxx_DR_00171_" },
					{ "time": 5.8, "name": "XCDJdjxx_DR_00174_" },
					{ "time": 5.9, "name": "XCDJdjxx_DR_00175_" }
				]
			},
			"XCDJdjxx_UL_": {
				"attachment": [
					{ "time": 3, "name": "XCDJdjxx_UL_00090_" },
					{ "time": 3.1, "name": "XCDJdjxx_UL_00093_" },
					{ "time": 3.2, "name": "XCDJdjxx_UL_00096_" },
					{ "time": 3.3, "name": "XCDJdjxx_UL_00099_" },
					{ "time": 3.4, "name": "XCDJdjxx_UL_00102_" },
					{ "time": 3.5, "name": "XCDJdjxx_UL_00105_" },
					{ "time": 3.6, "name": "XCDJdjxx_UL_00108_" },
					{ "time": 3.7, "name": "XCDJdjxx_UL_00111_" },
					{ "time": 3.8, "name": "XCDJdjxx_UL_00114_" },
					{ "time": 3.9, "name": "XCDJdjxx_UL_00117_" },
					{ "time": 4, "name": "XCDJdjxx_UL_00120_" },
					{ "time": 4.1, "name": "XCDJdjxx_UL_00123_" },
					{ "time": 4.2, "name": "XCDJdjxx_UL_00126_" },
					{ "time": 4.3, "name": "XCDJdjxx_UL_00129_" },
					{ "time": 4.4, "name": "XCDJdjxx_UL_00132_" },
					{ "time": 4.5, "name": "XCDJdjxx_UL_00135_" },
					{ "time": 4.6, "name": "XCDJdjxx_UL_00138_" },
					{ "time": 4.7, "name": "XCDJdjxx_UL_00141_" },
					{ "time": 4.8, "name": "XCDJdjxx_UL_00144_" },
					{ "time": 4.9, "name": "XCDJdjxx_UL_00147_" },
					{ "time": 5, "name": "XCDJdjxx_UL_00150_" },
					{ "time": 5.1, "name": "XCDJdjxx_UL_00153_" },
					{ "time": 5.2, "name": "XCDJdjxx_UL_00156_" },
					{ "time": 5.3, "name": "XCDJdjxx_UL_00159_" },
					{ "time": 5.4, "name": "XCDJdjxx_UL_00162_" },
					{ "time": 5.5, "name": "XCDJdjxx_UL_00165_" },
					{ "time": 5.6, "name": "XCDJdjxx_UL_00168_" },
					{ "time": 5.7, "name": "XCDJdjxx_UL_00171_" },
					{ "time": 5.8, "name": "XCDJdjxx_UL_00174_" },
					{ "time": 5.9, "name": "XCDJdjxx_UL_00175_" }
				]
			},
			"XCDJdjxx_UR_": {
				"attachment": [
					{ "time": 3, "name": "XCDJdjxx_UR_00090_" },
					{ "time": 3.1, "name": "XCDJdjxx_UR_00093_" },
					{ "time": 3.2, "name": "XCDJdjxx_UR_00096_" },
					{ "time": 3.3, "name": "XCDJdjxx_UR_00099_" },
					{ "time": 3.4, "name": "XCDJdjxx_UR_00102_" },
					{ "time": 3.5, "name": "XCDJdjxx_UR_00105_" },
					{ "time": 3.6, "name": "XCDJdjxx_UR_00108_" },
					{ "time": 3.7, "name": "XCDJdjxx_UR_00111_" },
					{ "time": 3.8, "name": "XCDJdjxx_UR_00114_" },
					{ "time": 3.9, "name": "XCDJdjxx_UR_00117_" },
					{ "time": 4, "name": "XCDJdjxx_UR_00120_" },
					{ "time": 4.1, "name": "XCDJdjxx_UR_00123_" },
					{ "time": 4.2, "name": "XCDJdjxx_UR_00126_" },
					{ "time": 4.3, "name": "XCDJdjxx_UR_00129_" },
					{ "time": 4.4, "name": "XCDJdjxx_UR_00132_" },
					{ "time": 4.5, "name": "XCDJdjxx_UR_00135_" },
					{ "time": 4.6, "name": "XCDJdjxx_UR_00138_" },
					{ "time": 4.7, "name": "XCDJdjxx_UR_00141_" },
					{ "time": 4.8, "name": "XCDJdjxx_UR_00144_" },
					{ "time": 4.9, "name": "XCDJdjxx_UR_00147_" },
					{ "time": 5, "name": "XCDJdjxx_UR_00150_" },
					{ "time": 5.1, "name": "XCDJdjxx_UR_00153_" },
					{ "time": 5.2, "name": "XCDJdjxx_UR_00156_" },
					{ "time": 5.3, "name": "XCDJdjxx_UR_00159_" },
					{ "time": 5.4, "name": "XCDJdjxx_UR_00162_" },
					{ "time": 5.5, "name": "XCDJdjxx_UR_00165_" },
					{ "time": 5.6, "name": "XCDJdjxx_UR_00168_" },
					{ "time": 5.7, "name": "XCDJdjxx_UR_00171_" },
					{ "time": 5.8, "name": "XCDJdjxx_UR_00174_" },
					{ "time": 5.9, "name": "XCDJdjxx_UR_00175_" }
				]
			}
		},
		"bones": {
			"ctr": {
				"translate": [
					{ "time": 0, "x": 0, "y": 0 }
				]
			}
		}
	}
}
}