{
"skeleton": { "hash": "YCyiMa9/+geZXBNz7OcZkz0DRlk", "spine": "2.1.27", "width": 550.76, "height": 344.06 },
"bones": [
	{ "name": "root" },
	{ "name": "9", "parent": "root", "x": -2.19, "y": 1.63, "scaleX": 2.05, "scaleY": 2.05 }
],
"slots": [
	{ "name": "root", "bone": "9", "color": "ffffff6a", "attachment": "yz_0_" },
	{ "name": "Wctm_gj_016_", "bone": "9" },
	{ "name": "Wctm_gj_015_", "bone": "9" },
	{ "name": "Wctm_gj_014_", "bone": "9" },
	{ "name": "Wctm_gj_013_", "bone": "9" },
	{ "name": "Wctm_gj_012_", "bone": "9" },
	{ "name": "Wctm_gj_011_", "bone": "9" },
	{ "name": "Wctm_gj_010_", "bone": "9" },
	{ "name": "Wctm_gj_009_", "bone": "9" },
	{ "name": "Wctm_gj_008_", "bone": "9" },
	{ "name": "Wctm_gj_007_", "bone": "9" },
	{ "name": "Wctm_gj_006_", "bone": "9" },
	{ "name": "Wctm_gj_005_", "bone": "9" },
	{ "name": "Wctm_gj_004_", "bone": "9" },
	{ "name": "Wctm_gj_003_", "bone": "9" },
	{ "name": "Wctm_gj_002_", "bone": "9" },
	{ "name": "Wctm_gj_001_", "bone": "9" },
	{ "name": "Wctm_gj_000_", "bone": "9" },
	{ "name": "Wctm_dj_015_", "bone": "9" },
	{ "name": "Wctm_dj_014_", "bone": "9" },
	{ "name": "Wctm_dj_013_", "bone": "9" },
	{ "name": "Wctm_dj_012_", "bone": "9" },
	{ "name": "Wctm_dj_011_", "bone": "9" },
	{ "name": "Wctm_dj_010_", "bone": "9" },
	{ "name": "Wctm_dj_009_", "bone": "9" },
	{ "name": "Wctm_dj_008_", "bone": "9" },
	{ "name": "Wctm_dj_007_", "bone": "9" },
	{ "name": "Wctm_dj_006_", "bone": "9" },
	{ "name": "Wctm_dj_005_", "bone": "9" },
	{ "name": "Wctm_dj_004_", "bone": "9" },
	{ "name": "Wctm_dj_003_", "bone": "9" },
	{ "name": "Wctm_dj_002_", "bone": "9" },
	{ "name": "Wctm_dj_001_", "bone": "9" },
	{ "name": "Wctm_dj_000_", "bone": "9" }
],
"skins": {
	"default": {
		"Wctm_dj_000_": {
			"Wctm_dj_000_": { "x": 9.96, "y": 119.1, "width": 295, "height": 230 }
		},
		"Wctm_dj_001_": {
			"Wctm_dj_001_": { "x": 6.96, "y": 121.1, "width": 285, "height": 234 }
		},
		"Wctm_dj_002_": {
			"Wctm_dj_002_": { "x": 3.96, "y": 112.1, "width": 275, "height": 248 }
		},
		"Wctm_dj_003_": {
			"Wctm_dj_003_": { "x": 3.46, "y": 102.6, "width": 268, "height": 239 }
		},
		"Wctm_dj_004_": {
			"Wctm_dj_004_": { "x": 8.96, "y": 108.1, "width": 277, "height": 232 }
		},
		"Wctm_dj_005_": {
			"Wctm_dj_005_": { "x": 7.96, "y": 121.6, "width": 275, "height": 235 }
		},
		"Wctm_dj_006_": {
			"Wctm_dj_006_": { "x": 2.46, "y": 122.1, "width": 276, "height": 236 }
		},
		"Wctm_dj_007_": {
			"Wctm_dj_007_": { "x": 4.96, "y": 116.6, "width": 279, "height": 225 }
		},
		"Wctm_dj_008_": {
			"Wctm_dj_008_": { "x": 11.46, "y": 114.6, "width": 274, "height": 221 }
		},
		"Wctm_dj_009_": {
			"Wctm_dj_009_": { "x": 16.46, "y": 113.1, "width": 280, "height": 218 }
		},
		"Wctm_dj_010_": {
			"Wctm_dj_010_": { "x": 15.46, "y": 108.6, "width": 300, "height": 241 }
		},
		"Wctm_dj_011_": {
			"Wctm_dj_011_": { "x": 19.96, "y": 108.1, "width": 313, "height": 250 }
		},
		"Wctm_dj_012_": {
			"Wctm_dj_012_": { "x": 26.96, "y": 124.1, "width": 311, "height": 220 }
		},
		"Wctm_dj_013_": {
			"Wctm_dj_013_": { "x": 19.96, "y": 125.6, "width": 305, "height": 227 }
		},
		"Wctm_dj_014_": {
			"Wctm_dj_014_": { "x": 13.46, "y": 125.1, "width": 320, "height": 226 }
		},
		"Wctm_dj_015_": {
			"Wctm_dj_015_": { "x": 21.96, "y": 111.1, "width": 315, "height": 220 }
		},
		"Wctm_gj_000_": {
			"Wctm_gj_000_": { "x": 9.96, "y": 119.1, "width": 295, "height": 230 }
		},
		"Wctm_gj_001_": {
			"Wctm_gj_001_": { "x": 10.46, "y": 120.1, "width": 316, "height": 236 }
		},
		"Wctm_gj_002_": {
			"Wctm_gj_002_": { "x": 42.96, "y": 184.1, "width": 269, "height": 260 }
		},
		"Wctm_gj_003_": {
			"Wctm_gj_003_": { "x": 63.46, "y": 236.6, "width": 194, "height": 363 }
		},
		"Wctm_gj_004_": {
			"Wctm_gj_004_": { "x": 55.46, "y": 222.6, "width": 228, "height": 335 }
		},
		"Wctm_gj_005_": {
			"Wctm_gj_005_": { "x": 41.46, "y": 209.1, "width": 246, "height": 308 }
		},
		"Wctm_gj_006_": {
			"Wctm_gj_006_": { "x": 31.46, "y": 207.6, "width": 252, "height": 305 }
		},
		"Wctm_gj_007_": {
			"Wctm_gj_007_": { "x": 43.46, "y": 209.1, "width": 244, "height": 308 }
		},
		"Wctm_gj_008_": {
			"Wctm_gj_008_": { "x": 37.96, "y": 206.1, "width": 273, "height": 302 }
		},
		"Wctm_gj_009_": {
			"Wctm_gj_009_": { "x": 41.96, "y": 210.6, "width": 267, "height": 311 }
		},
		"Wctm_gj_010_": {
			"Wctm_gj_010_": { "x": 31.96, "y": 203.1, "width": 281, "height": 298 }
		},
		"Wctm_gj_011_": {
			"Wctm_gj_011_": { "x": 27.96, "y": 128.6, "width": 321, "height": 273 }
		},
		"Wctm_gj_012_": {
			"Wctm_gj_012_": { "x": 29.46, "y": 114.1, "width": 364, "height": 240 }
		},
		"Wctm_gj_013_": {
			"Wctm_gj_013_": { "x": 43.96, "y": 116.1, "width": 319, "height": 240 }
		},
		"Wctm_gj_014_": {
			"Wctm_gj_014_": { "x": 49.46, "y": 130.6, "width": 278, "height": 259 }
		},
		"Wctm_gj_015_": {
			"Wctm_gj_015_": { "x": 49.96, "y": 145.1, "width": 263, "height": 242 }
		},
		"Wctm_gj_016_": {
			"Wctm_gj_016_": { "x": 36.96, "y": 128.1, "width": 265, "height": 248 }
		},
		"root": {
			"yz_0_": { "x": 2.19, "y": 52.85, "scaleX": 3, "rotation": 20.2, "width": 85, "height": 85 }
		}
	}
},
"animations": {
	"dj": {
		"slots": {
			"Wctm_dj_000_": {
				"attachment": [
					{ "time": 0, "name": "Wctm_dj_000_" },
					{ "time": 0.0666, "name": "Wctm_dj_000_" },
					{ "time": 0.1333, "name": null }
				]
			},
			"Wctm_dj_001_": {
				"attachment": [
					{ "time": 0, "name": null },
					{ "time": 0.0666, "name": null },
					{ "time": 0.1333, "name": "Wctm_dj_001_" },
					{ "time": 0.2, "name": "Wctm_dj_001_" },
					{ "time": 0.2333, "name": null }
				]
			},
			"Wctm_dj_002_": {
				"attachment": [
					{ "time": 0, "name": null },
					{ "time": 0.2, "name": null },
					{ "time": 0.2333, "name": "Wctm_dj_002_" },
					{ "time": 0.3, "name": "Wctm_dj_002_" },
					{ "time": 0.3666, "name": null }
				]
			},
			"Wctm_dj_003_": {
				"attachment": [
					{ "time": 0, "name": null },
					{ "time": 0.3, "name": null },
					{ "time": 0.3666, "name": "Wctm_dj_003_" },
					{ "time": 0.4333, "name": "Wctm_dj_003_" },
					{ "time": 0.5, "name": null }
				]
			},
			"Wctm_dj_004_": {
				"attachment": [
					{ "time": 0, "name": null },
					{ "time": 0.4333, "name": null },
					{ "time": 0.5, "name": "Wctm_dj_004_" },
					{ "time": 0.5666, "name": "Wctm_dj_004_" },
					{ "time": 0.6333, "name": null }
				]
			},
			"Wctm_dj_005_": {
				"attachment": [
					{ "time": 0, "name": null },
					{ "time": 0.5666, "name": null },
					{ "time": 0.6333, "name": "Wctm_dj_005_" },
					{ "time": 0.6666, "name": "Wctm_dj_005_" },
					{ "time": 0.7333, "name": null }
				]
			},
			"Wctm_dj_006_": {
				"attachment": [
					{ "time": 0, "name": null },
					{ "time": 0.6666, "name": null },
					{ "time": 0.7333, "name": "Wctm_dj_006_" },
					{ "time": 0.8, "name": "Wctm_dj_006_" },
					{ "time": 0.8666, "name": null }
				]
			},
			"Wctm_dj_007_": {
				"attachment": [
					{ "time": 0, "name": null },
					{ "time": 0.8, "name": null },
					{ "time": 0.8666, "name": "Wctm_dj_007_" },
					{ "time": 0.9333, "name": "Wctm_dj_007_" },
					{ "time": 1, "name": null }
				]
			},
			"Wctm_dj_008_": {
				"attachment": [
					{ "time": 0, "name": null },
					{ "time": 0.9333, "name": null },
					{ "time": 1, "name": "Wctm_dj_008_" },
					{ "time": 1.0666, "name": "Wctm_dj_008_" },
					{ "time": 1.1333, "name": null }
				]
			},
			"Wctm_dj_009_": {
				"attachment": [
					{ "time": 0, "name": null },
					{ "time": 1.0666, "name": null },
					{ "time": 1.1333, "name": "Wctm_dj_009_" },
					{ "time": 1.1666, "name": "Wctm_dj_009_" },
					{ "time": 1.2333, "name": null }
				]
			},
			"Wctm_dj_010_": {
				"attachment": [
					{ "time": 0, "name": null },
					{ "time": 1.1666, "name": null },
					{ "time": 1.2333, "name": "Wctm_dj_010_" },
					{ "time": 1.3, "name": "Wctm_dj_010_" },
					{ "time": 1.3666, "name": null }
				]
			},
			"Wctm_dj_011_": {
				"attachment": [
					{ "time": 0, "name": null },
					{ "time": 1.3, "name": null },
					{ "time": 1.3666, "name": "Wctm_dj_011_" },
					{ "time": 1.4333, "name": "Wctm_dj_011_" },
					{ "time": 1.5, "name": null }
				]
			},
			"Wctm_dj_012_": {
				"attachment": [
					{ "time": 0, "name": null },
					{ "time": 1.4333, "name": null },
					{ "time": 1.5, "name": "Wctm_dj_012_" },
					{ "time": 1.5666, "name": "Wctm_dj_012_" },
					{ "time": 1.6, "name": null }
				]
			},
			"Wctm_dj_013_": {
				"attachment": [
					{ "time": 0, "name": null },
					{ "time": 1.5666, "name": null },
					{ "time": 1.6, "name": "Wctm_dj_013_" },
					{ "time": 1.6666, "name": "Wctm_dj_013_" },
					{ "time": 1.7333, "name": null }
				]
			},
			"Wctm_dj_014_": {
				"attachment": [
					{ "time": 0, "name": null },
					{ "time": 1.6666, "name": null },
					{ "time": 1.7333, "name": "Wctm_dj_014_" },
					{ "time": 1.8, "name": "Wctm_dj_014_" },
					{ "time": 1.8666, "name": null }
				]
			},
			"Wctm_dj_015_": {
				"attachment": [
					{ "time": 0, "name": null },
					{ "time": 1.8, "name": null },
					{ "time": 1.8666, "name": "Wctm_dj_015_" },
					{ "time": 1.9333, "name": "Wctm_dj_015_" },
					{ "time": 2, "name": null }
				]
			}
		}
	},
	"gj": {
		"slots": {
			"Wctm_gj_000_": {
				"attachment": [
					{ "time": 0, "name": "Wctm_gj_000_" },
					{ "time": 0.0666, "name": "Wctm_gj_000_" },
					{ "time": 0.1, "name": null }
				]
			},
			"Wctm_gj_001_": {
				"attachment": [
					{ "time": 0, "name": null },
					{ "time": 0.0666, "name": null },
					{ "time": 0.1, "name": "Wctm_gj_001_" },
					{ "time": 0.1666, "name": "Wctm_gj_001_" },
					{ "time": 0.2333, "name": null }
				]
			},
			"Wctm_gj_002_": {
				"attachment": [
					{ "time": 0, "name": null },
					{ "time": 0.1666, "name": null },
					{ "time": 0.2333, "name": "Wctm_gj_002_" },
					{ "time": 0.2666, "name": "Wctm_gj_002_" },
					{ "time": 0.3333, "name": null }
				]
			},
			"Wctm_gj_003_": {
				"attachment": [
					{ "time": 0, "name": null },
					{ "time": 0.2666, "name": null },
					{ "time": 0.3333, "name": "Wctm_gj_003_" },
					{ "time": 0.3666, "name": "Wctm_gj_003_" },
					{ "time": 0.4333, "name": null }
				]
			},
			"Wctm_gj_004_": {
				"attachment": [
					{ "time": 0, "name": null },
					{ "time": 0.3666, "name": null },
					{ "time": 0.4333, "name": "Wctm_gj_004_" },
					{ "time": 0.5, "name": "Wctm_gj_004_" },
					{ "time": 0.5333, "name": null }
				]
			},
			"Wctm_gj_005_": {
				"attachment": [
					{ "time": 0, "name": null },
					{ "time": 0.5, "name": null },
					{ "time": 0.5333, "name": "Wctm_gj_005_" },
					{ "time": 0.6, "name": "Wctm_gj_005_" },
					{ "time": 0.6666, "name": null }
				]
			},
			"Wctm_gj_006_": {
				"attachment": [
					{ "time": 0, "name": null },
					{ "time": 0.6, "name": null },
					{ "time": 0.6666, "name": "Wctm_gj_006_" },
					{ "time": 0.7, "name": "Wctm_gj_006_" },
					{ "time": 0.7666, "name": null }
				]
			},
			"Wctm_gj_007_": {
				"attachment": [
					{ "time": 0, "name": null },
					{ "time": 0.7, "name": null },
					{ "time": 0.7666, "name": "Wctm_gj_007_" },
					{ "time": 0.8, "name": "Wctm_gj_007_" },
					{ "time": 0.8666, "name": null }
				]
			},
			"Wctm_gj_008_": {
				"attachment": [
					{ "time": 0, "name": null },
					{ "time": 0.8, "name": null },
					{ "time": 0.8666, "name": "Wctm_gj_008_" },
					{ "time": 0.9333, "name": "Wctm_gj_008_" },
					{ "time": 0.9666, "name": null }
				]
			},
			"Wctm_gj_009_": {
				"attachment": [
					{ "time": 0, "name": null },
					{ "time": 0.9333, "name": null },
					{ "time": 0.9666, "name": "Wctm_gj_009_" },
					{ "time": 1.0333, "name": "Wctm_gj_009_" },
					{ "time": 1.1, "name": null }
				]
			},
			"Wctm_gj_010_": {
				"attachment": [
					{ "time": 0, "name": null },
					{ "time": 1.0333, "name": null },
					{ "time": 1.1, "name": "Wctm_gj_010_" },
					{ "time": 1.1333, "name": "Wctm_gj_010_" },
					{ "time": 1.2, "name": null }
				]
			},
			"Wctm_gj_011_": {
				"attachment": [
					{ "time": 0, "name": null },
					{ "time": 1.1333, "name": null },
					{ "time": 1.2, "name": "Wctm_gj_011_" },
					{ "time": 1.2333, "name": "Wctm_gj_011_" },
					{ "time": 1.3, "name": null }
				]
			},
			"Wctm_gj_012_": {
				"attachment": [
					{ "time": 0, "name": null },
					{ "time": 1.2333, "name": null },
					{ "time": 1.3, "name": "Wctm_gj_012_" },
					{ "time": 1.3666, "name": "Wctm_gj_012_" },
					{ "time": 1.4, "name": null }
				]
			},
			"Wctm_gj_013_": {
				"attachment": [
					{ "time": 0, "name": null },
					{ "time": 1.3666, "name": null },
					{ "time": 1.4, "name": "Wctm_gj_013_" },
					{ "time": 1.4666, "name": "Wctm_gj_013_" },
					{ "time": 1.5333, "name": null }
				]
			},
			"Wctm_gj_014_": {
				"attachment": [
					{ "time": 0, "name": null },
					{ "time": 1.4666, "name": null },
					{ "time": 1.5333, "name": "Wctm_gj_014_" },
					{ "time": 1.5666, "name": "Wctm_gj_014_" },
					{ "time": 1.6333, "name": null }
				]
			},
			"Wctm_gj_015_": {
				"attachment": [
					{ "time": 0, "name": null },
					{ "time": 1.5666, "name": null },
					{ "time": 1.6333, "name": "Wctm_gj_015_" },
					{ "time": 1.6666, "name": "Wctm_gj_015_" },
					{ "time": 1.7333, "name": null }
				]
			},
			"Wctm_gj_016_": {
				"attachment": [
					{ "time": 0, "name": null },
					{ "time": 1.6666, "name": null },
					{ "time": 1.7333, "name": "Wctm_gj_016_" },
					{ "time": 1.8, "name": "Wctm_gj_016_" },
					{ "time": 1.8333, "name": null }
				]
			}
		}
	}
}
}