{
"skeleton": { "hash": "voPnQQiHkE5UQShPWRaZFHQcBRA", "spine": "2.1.27", "width": 0, "height": 0 },
"bones": [
	{ "name": "root" },
	{ "name": "caihong", "parent": "root", "x": 12.17, "y": 166.89 },
	{ "name": "ertongjie_chengbao_wai_hua_", "parent": "root", "x": -111.99, "y": 3.21 },
	{ "name": "bone", "parent": "ertongjie_chengbao_wai_hua_", "length": 28.43, "x": -0.72, "y": 1.22, "rotation": 111.64 },
	{ "name": "bone10", "parent": "bone", "length": 11.82, "x": 32.87, "y": -36.65, "rotation": -139.58 },
	{ "name": "bone11", "parent": "bone", "length": 4.08, "x": 13.24, "y": -20.82, "rotation": -63.97 },
	{ "name": "bone2", "parent": "bone", "length": 24.62, "x": 28.43, "y": -0.04, "rotation": 33.79 },
	{ "name": "bone3", "parent": "bone", "length": 20.48, "x": 29.94, "y": -10.12, "rotation": 1 },
	{ "name": "bone4", "parent": "bone", "length": 23.48, "x": 49.43, "y": -9.92, "rotation": 22.65 },
	{ "name": "bone5", "parent": "bone", "length": 24.83, "x": 40.43, "y": -17.59, "rotation": -18.75 },
	{ "name": "bone6", "parent": "bone", "length": 16.94, "x": 63.94, "y": -25.6, "rotation": -53.77 },
	{ "name": "bone7", "parent": "bone", "length": 16.17, "x": 39.19, "y": -23.5, "rotation": -44.38 },
	{ "name": "bone8", "parent": "bone", "length": 15.14, "x": 50.83, "y": -34.73, "rotation": -71.85 },
	{ "name": "bone9", "parent": "bone", "length": 7.73, "x": 31.48, "y": -29.04, "rotation": -79.47 }
],
"slots": [
	{ "name": "ertongjie_chengbao_wai_shu_2_", "bone": "root" },
	{ "name": "ertongjie_chengbao_wai_shu_1_", "bone": "root" },
	{ "name": "ertongjie_chengbao_wai_mogu_", "bone": "root" },
	{ "name": "ertongjie_chengbao_wai_shu_", "bone": "root" },
	{ "name": "ertongjie_chengbao_wai_hua_", "bone": "ertongjie_chengbao_wai_hua_" },
	{ "name": "ertongjie_TreatRainbow_1_", "bone": "caihong" },
	{ "name": "ertongjie_TreatRainbow_2_", "bone": "caihong" },
	{ "name": "ertongjie_TreatRainbow_3_2_", "bone": "caihong" },
	{ "name": "ertongjie_TreatRainbow_3_1_", "bone": "caihong" },
	{ "name": "ertongjie_TreatRainbow_4_4_", "bone": "caihong" },
	{ "name": "ertongjie_TreatRainbow_4_3_", "bone": "caihong" },
	{ "name": "ertongjie_TreatRainbow_4_2_", "bone": "caihong" },
	{ "name": "ertongjie_TreatRainbow_4_1_", "bone": "caihong" },
	{ "name": "ertongjie_TreatRainbow_5_4_", "bone": "caihong" },
	{ "name": "ertongjie_TreatRainbow_5_3_", "bone": "caihong" },
	{ "name": "ertongjie_TreatRainbow_5_2_", "bone": "caihong" },
	{ "name": "ertongjie_TreatRainbow_5_1_", "bone": "caihong" },
	{ "name": "ertongjie_TreatRainbow_6_4_", "bone": "caihong" },
	{ "name": "ertongjie_TreatRainbow_6_3_", "bone": "caihong" },
	{ "name": "ertongjie_TreatRainbow_6_2_", "bone": "caihong" },
	{ "name": "ertongjie_TreatRainbow_6_1_", "bone": "caihong" },
	{ "name": "ertongjie_TreatRainbow_7_5_", "bone": "caihong" },
	{ "name": "ertongjie_TreatRainbow_7_4_", "bone": "caihong" },
	{ "name": "ertongjie_TreatRainbow_7_3_", "bone": "caihong" },
	{ "name": "ertongjie_TreatRainbow_7_2_", "bone": "caihong" },
	{ "name": "ertongjie_TreatRainbow_7_1_", "bone": "caihong" },
	{ "name": "ertongjie_TreatRainbow_8_5_", "bone": "caihong" },
	{ "name": "ertongjie_TreatRainbow_8_4_", "bone": "caihong" },
	{ "name": "ertongjie_TreatRainbow_8_3_", "bone": "caihong" },
	{ "name": "ertongjie_TreatRainbow_8_2_", "bone": "caihong" },
	{ "name": "ertongjie_TreatRainbow_8_1_", "bone": "caihong" },
	{ "name": "ertongjie_TreatRainbow_9_5_", "bone": "caihong" },
	{ "name": "ertongjie_TreatRainbow_9_4_", "bone": "caihong" },
	{ "name": "ertongjie_TreatRainbow_9_3_", "bone": "caihong" },
	{ "name": "ertongjie_TreatRainbow_9_2_", "bone": "caihong" },
	{ "name": "ertongjie_TreatRainbow_9_1_", "bone": "caihong" },
	{ "name": "ertongjie_TreatRainbow_10_5_", "bone": "caihong" },
	{ "name": "ertongjie_TreatRainbow_10_4_", "bone": "caihong" },
	{ "name": "ertongjie_TreatRainbow_10_3_", "bone": "caihong" },
	{ "name": "ertongjie_TreatRainbow_10_2_", "bone": "caihong" },
	{ "name": "ertongjie_TreatRainbow_10_1_", "bone": "caihong" },
	{ "name": "ertongjie_TreatRainbow_11_5_", "bone": "caihong" },
	{ "name": "ertongjie_TreatRainbow_11_4_", "bone": "caihong" },
	{ "name": "ertongjie_TreatRainbow_11_3_", "bone": "caihong" },
	{ "name": "ertongjie_TreatRainbow_11_2_", "bone": "caihong" },
	{ "name": "ertongjie_TreatRainbow_11_1_", "bone": "caihong" },
	{ "name": "ertongjie_TreatRainbow_12_5_", "bone": "caihong" },
	{ "name": "ertongjie_TreatRainbow_12_4_", "bone": "caihong" },
	{ "name": "ertongjie_TreatRainbow_12_3_", "bone": "caihong" },
	{ "name": "ertongjie_TreatRainbow_12_2_", "bone": "caihong" },
	{ "name": "ertongjie_TreatRainbow_12_1_", "bone": "caihong" },
	{ "name": "ertongjie_TreatRainbow_13_5_", "bone": "caihong" },
	{ "name": "ertongjie_TreatRainbow_13_4_", "bone": "caihong" },
	{ "name": "ertongjie_TreatRainbow_13_3_", "bone": "caihong" },
	{ "name": "ertongjie_TreatRainbow_13_2_", "bone": "caihong" },
	{ "name": "ertongjie_TreatRainbow_13_1_", "bone": "caihong" },
	{ "name": "ertongjie_TreatRainbow_14_4_", "bone": "caihong" },
	{ "name": "ertongjie_TreatRainbow_14_3_", "bone": "caihong" },
	{ "name": "ertongjie_TreatRainbow_14_2_", "bone": "caihong" },
	{ "name": "ertongjie_TreatRainbow_14_1_", "bone": "caihong" },
	{ "name": "ertongjie_TreatRainbow_15_4_", "bone": "caihong" },
	{ "name": "ertongjie_TreatRainbow_15_3_", "bone": "caihong" },
	{ "name": "ertongjie_TreatRainbow_15_2_", "bone": "caihong" },
	{ "name": "ertongjie_TreatRainbow_15_1_", "bone": "caihong" },
	{ "name": "ertongjie_TreatRainbow_16_4_", "bone": "caihong" },
	{ "name": "ertongjie_TreatRainbow_16_3_", "bone": "caihong" },
	{ "name": "ertongjie_TreatRainbow_16_2_", "bone": "caihong" },
	{ "name": "ertongjie_TreatRainbow_16_1_", "bone": "caihong" },
	{ "name": "ertongjie_TreatRainbow_17_4_", "bone": "caihong" },
	{ "name": "ertongjie_TreatRainbow_17_3_", "bone": "caihong" },
	{ "name": "ertongjie_TreatRainbow_17_2_", "bone": "caihong" },
	{ "name": "ertongjie_TreatRainbow_17_1_", "bone": "caihong" },
	{ "name": "ertongjie_TreatRainbow_18_5_", "bone": "caihong" },
	{ "name": "ertongjie_TreatRainbow_18_4_", "bone": "caihong" },
	{ "name": "ertongjie_TreatRainbow_18_3_", "bone": "caihong" },
	{ "name": "ertongjie_TreatRainbow_18_2_", "bone": "caihong" },
	{ "name": "ertongjie_TreatRainbow_18_1_", "bone": "caihong" }
],
"skins": {
	"default": {
		"ertongjie_TreatRainbow_10_1_": {
			"ertongjie_TreatRainbow_10_1_": { "x": -85.3, "y": -20.06, "width": 62, "height": 109 }
		},
		"ertongjie_TreatRainbow_10_2_": {
			"ertongjie_TreatRainbow_10_2_": { "x": -51.8, "y": 74.93, "width": 115, "height": 81 }
		},
		"ertongjie_TreatRainbow_10_3_": {
			"ertongjie_TreatRainbow_10_3_": { "x": -2.3, "y": 151.93, "width": 140, "height": 73 }
		},
		"ertongjie_TreatRainbow_10_4_": {
			"ertongjie_TreatRainbow_10_4_": { "x": 121.19, "y": 152.93, "width": 107, "height": 75 }
		},
		"ertongjie_TreatRainbow_10_5_": {
			"ertongjie_TreatRainbow_10_5_": { "x": 138.19, "y": 78.43, "width": 87, "height": 74 }
		},
		"ertongjie_TreatRainbow_11_1_": {
			"ertongjie_TreatRainbow_11_1_": { "x": -85.8, "y": -25.06, "width": 67, "height": 107 }
		},
		"ertongjie_TreatRainbow_11_2_": {
			"ertongjie_TreatRainbow_11_2_": { "x": -63.3, "y": 64.43, "width": 90, "height": 72 }
		},
		"ertongjie_TreatRainbow_11_3_": {
			"ertongjie_TreatRainbow_11_3_": { "x": -24.8, "y": 141.43, "width": 115, "height": 82 }
		},
		"ertongjie_TreatRainbow_11_4_": {
			"ertongjie_TreatRainbow_11_4_": { "x": 100.69, "y": 144.93, "width": 136, "height": 83 }
		},
		"ertongjie_TreatRainbow_11_5_": {
			"ertongjie_TreatRainbow_11_5_": { "x": 142.69, "y": 71.93, "width": 70, "height": 63 }
		},
		"ertongjie_TreatRainbow_12_1_": {
			"ertongjie_TreatRainbow_12_1_": { "x": -83.3, "y": -15.56, "width": 68, "height": 122 }
		},
		"ertongjie_TreatRainbow_12_2_": {
			"ertongjie_TreatRainbow_12_2_": { "x": -47.8, "y": 82.43, "width": 111, "height": 74 }
		},
		"ertongjie_TreatRainbow_12_3_": {
			"ertongjie_TreatRainbow_12_3_": { "x": 3.19, "y": 152.93, "width": 147, "height": 67 }
		},
		"ertongjie_TreatRainbow_12_4_": {
			"ertongjie_TreatRainbow_12_4_": { "x": 125.19, "y": 153.93, "width": 97, "height": 67 }
		},
		"ertongjie_TreatRainbow_12_5_": {
			"ertongjie_TreatRainbow_12_5_": { "x": 134.69, "y": 81.43, "width": 96, "height": 78 }
		},
		"ertongjie_TreatRainbow_13_1_": {
			"ertongjie_TreatRainbow_13_1_": { "x": -80.8, "y": -10.06, "width": 65, "height": 123 }
		},
		"ertongjie_TreatRainbow_13_2_": {
			"ertongjie_TreatRainbow_13_2_": { "x": -47.8, "y": 115.93, "width": 113, "height": 129 }
		},
		"ertongjie_TreatRainbow_13_3_": {
			"ertongjie_TreatRainbow_13_3_": { "x": 44.19, "y": 150.43, "width": 71, "height": 76 }
		},
		"ertongjie_TreatRainbow_13_4_": {
			"ertongjie_TreatRainbow_13_4_": { "x": 128.69, "y": 140.93, "width": 98, "height": 95 }
		},
		"ertongjie_TreatRainbow_13_5_": {
			"ertongjie_TreatRainbow_13_5_": { "x": 147.19, "y": 66.43, "width": 63, "height": 54 }
		},
		"ertongjie_TreatRainbow_14_1_": {
			"ertongjie_TreatRainbow_14_1_": { "x": -73.3, "y": 2.93, "width": 72, "height": 145 }
		},
		"ertongjie_TreatRainbow_14_2_": {
			"ertongjie_TreatRainbow_14_2_": { "x": -36.8, "y": 127.43, "width": 109, "height": 104 }
		},
		"ertongjie_TreatRainbow_14_3_": {
			"ertongjie_TreatRainbow_14_3_": { "x": 62.69, "y": 142.93, "width": 90, "height": 85 }
		},
		"ertongjie_TreatRainbow_14_4_": {
			"ertongjie_TreatRainbow_14_4_": { "x": 141.19, "y": 105.93, "width": 67, "height": 133 }
		},
		"ertongjie_TreatRainbow_15_1_": {
			"ertongjie_TreatRainbow_15_1_": { "x": -72.8, "y": 1.93, "width": 69, "height": 149 }
		},
		"ertongjie_TreatRainbow_15_2_": {
			"ertongjie_TreatRainbow_15_2_": { "x": -28.8, "y": 129.43, "width": 123, "height": 106 }
		},
		"ertongjie_TreatRainbow_15_3_": {
			"ertongjie_TreatRainbow_15_3_": { "x": 77.19, "y": 139.93, "width": 89, "height": 91 }
		},
		"ertongjie_TreatRainbow_15_4_": {
			"ertongjie_TreatRainbow_15_4_": { "x": 149.69, "y": 100.93, "width": 56, "height": 129 }
		},
		"ertongjie_TreatRainbow_16_1_": {
			"ertongjie_TreatRainbow_16_1_": { "x": -70.8, "y": 3.43, "width": 77, "height": 150 }
		},
		"ertongjie_TreatRainbow_16_2_": {
			"ertongjie_TreatRainbow_16_2_": { "x": -25.8, "y": 130.43, "width": 129, "height": 104 }
		},
		"ertongjie_TreatRainbow_16_3_": {
			"ertongjie_TreatRainbow_16_3_": { "x": 100.19, "y": 141.43, "width": 123, "height": 84 }
		},
		"ertongjie_TreatRainbow_16_4_": {
			"ertongjie_TreatRainbow_16_4_": { "x": 143.19, "y": 70.43, "width": 67, "height": 58 }
		},
		"ertongjie_TreatRainbow_17_1_": {
			"ertongjie_TreatRainbow_17_1_": { "x": -70.3, "y": 2.93, "width": 74, "height": 147 }
		},
		"ertongjie_TreatRainbow_17_2_": {
			"ertongjie_TreatRainbow_17_2_": { "x": -34.3, "y": 127.43, "width": 110, "height": 102 }
		},
		"ertongjie_TreatRainbow_17_3_": {
			"ertongjie_TreatRainbow_17_3_": { "x": 82.19, "y": 161.93, "width": 123, "height": 41 }
		},
		"ertongjie_TreatRainbow_17_4_": {
			"ertongjie_TreatRainbow_17_4_": { "x": 129.69, "y": 94.93, "width": 92, "height": 93 }
		},
		"ertongjie_TreatRainbow_18_1_": {
			"ertongjie_TreatRainbow_18_1_": { "x": -92.3, "y": 37.43, "width": 8, "height": 8 }
		},
		"ertongjie_TreatRainbow_18_2_": {
			"ertongjie_TreatRainbow_18_2_": { "x": -37.3, "y": 55.93, "width": 6, "height": 7 }
		},
		"ertongjie_TreatRainbow_18_3_": {
			"ertongjie_TreatRainbow_18_3_": { "x": 6.69, "y": 131.93, "width": 16, "height": 17 }
		},
		"ertongjie_TreatRainbow_18_4_": {
			"ertongjie_TreatRainbow_18_4_": { "x": 89.69, "y": 122.93, "width": 4, "height": 3 }
		},
		"ertongjie_TreatRainbow_18_5_": {
			"ertongjie_TreatRainbow_18_5_": { "x": 137.19, "y": 59.93, "width": 29, "height": 15 }
		},
		"ertongjie_TreatRainbow_1_": {
			"ertongjie_TreatRainbow_1_": { "x": -80.3, "y": -35.06, "width": 30, "height": 31 }
		},
		"ertongjie_TreatRainbow_2_": {
			"ertongjie_TreatRainbow_2_": { "x": -82.8, "y": -25.06, "width": 51, "height": 89 }
		},
		"ertongjie_TreatRainbow_3_1_": {
			"ertongjie_TreatRainbow_3_1_": { "x": -81.8, "y": -38.06, "width": 53, "height": 63 }
		},
		"ertongjie_TreatRainbow_3_2_": {
			"ertongjie_TreatRainbow_3_2_": { "x": -72.8, "y": 36.93, "width": 47, "height": 87 }
		},
		"ertongjie_TreatRainbow_4_1_": {
			"ertongjie_TreatRainbow_4_1_": { "x": -81.8, "y": -36.56, "width": 51, "height": 66 }
		},
		"ertongjie_TreatRainbow_4_2_": {
			"ertongjie_TreatRainbow_4_2_": { "x": -76.8, "y": 28.93, "width": 59, "height": 65 }
		},
		"ertongjie_TreatRainbow_4_3_": {
			"ertongjie_TreatRainbow_4_3_": { "x": -45.8, "y": 84.93, "width": 73, "height": 47 }
		},
		"ertongjie_TreatRainbow_4_4_": {
			"ertongjie_TreatRainbow_4_4_": { "x": -12.8, "y": 130.43, "width": 73, "height": 44 }
		},
		"ertongjie_TreatRainbow_5_1_": {
			"ertongjie_TreatRainbow_5_1_": { "x": -79.3, "y": -37.06, "width": 46, "height": 63 }
		},
		"ertongjie_TreatRainbow_5_2_": {
			"ertongjie_TreatRainbow_5_2_": { "x": -77.8, "y": 27.43, "width": 55, "height": 66 }
		},
		"ertongjie_TreatRainbow_5_3_": {
			"ertongjie_TreatRainbow_5_3_": { "x": -55.3, "y": 79.43, "width": 68, "height": 38 }
		},
		"ertongjie_TreatRainbow_5_4_": {
			"ertongjie_TreatRainbow_5_4_": { "x": 19.69, "y": 130.93, "width": 160, "height": 65 }
		},
		"ertongjie_TreatRainbow_6_1_": {
			"ertongjie_TreatRainbow_6_1_": { "x": -78.3, "y": -10.56, "width": 62, "height": 120 }
		},
		"ertongjie_TreatRainbow_6_2_": {
			"ertongjie_TreatRainbow_6_2_": { "x": -51.8, "y": 80.93, "width": 91, "height": 63 }
		},
		"ertongjie_TreatRainbow_6_3_": {
			"ertongjie_TreatRainbow_6_3_": { "x": 48.19, "y": 147.43, "width": 231, "height": 70 }
		},
		"ertongjie_TreatRainbow_6_4_": {
			"ertongjie_TreatRainbow_6_4_": { "x": 135.19, "y": 80.93, "width": 83, "height": 63 }
		},
		"ertongjie_TreatRainbow_7_1_": {
			"ertongjie_TreatRainbow_7_1_": { "x": -86.8, "y": -15.56, "width": 71, "height": 114 }
		},
		"ertongjie_TreatRainbow_7_2_": {
			"ertongjie_TreatRainbow_7_2_": { "x": -59.3, "y": 73.93, "width": 102, "height": 65 }
		},
		"ertongjie_TreatRainbow_7_3_": {
			"ertongjie_TreatRainbow_7_3_": { "x": -14.3, "y": 147.93, "width": 130, "height": 83 }
		},
		"ertongjie_TreatRainbow_7_4_": {
			"ertongjie_TreatRainbow_7_4_": { "x": 112.69, "y": 152.43, "width": 124, "height": 74 }
		},
		"ertongjie_TreatRainbow_7_5_": {
			"ertongjie_TreatRainbow_7_5_": { "x": 136.19, "y": 74.43, "width": 91, "height": 82 }
		},
		"ertongjie_TreatRainbow_8_1_": {
			"ertongjie_TreatRainbow_8_1_": { "x": -86.8, "y": -22.06, "width": 73, "height": 103 }
		},
		"ertongjie_TreatRainbow_8_2_": {
			"ertongjie_TreatRainbow_8_2_": { "x": -64.8, "y": 63.93, "width": 103, "height": 69 }
		},
		"ertongjie_TreatRainbow_8_3_": {
			"ertongjie_TreatRainbow_8_3_": { "x": -20.3, "y": 143.93, "width": 136, "height": 91 }
		},
		"ertongjie_TreatRainbow_8_4_": {
			"ertongjie_TreatRainbow_8_4_": { "x": 112.19, "y": 143.43, "width": 129, "height": 92 }
		},
		"ertongjie_TreatRainbow_8_5_": {
			"ertongjie_TreatRainbow_8_5_": { "x": 143.69, "y": 67.43, "width": 76, "height": 60 }
		},
		"ertongjie_TreatRainbow_9_1_": {
			"ertongjie_TreatRainbow_9_1_": { "x": -85.8, "y": -19.06, "width": 73, "height": 119 }
		},
		"ertongjie_TreatRainbow_9_2_": {
			"ertongjie_TreatRainbow_9_2_": { "x": -56.3, "y": 75.43, "width": 110, "height": 70 }
		},
		"ertongjie_TreatRainbow_9_3_": {
			"ertongjie_TreatRainbow_9_3_": { "x": -13.3, "y": 147.43, "width": 134, "height": 74 }
		},
		"ertongjie_TreatRainbow_9_4_": {
			"ertongjie_TreatRainbow_9_4_": { "x": 110.69, "y": 148.93, "width": 114, "height": 77 }
		},
		"ertongjie_TreatRainbow_9_5_": {
			"ertongjie_TreatRainbow_9_5_": { "x": 142.19, "y": 74.43, "width": 77, "height": 72 }
		},
		"ertongjie_chengbao_wai_hua_": {
			"ertongjie_chengbao_wai_hua_": {
				"type": "skinnedmesh",
				"uvs": [ 1, 1, 0, 1, 0, 0, 0.55444, 0, 0.65912, 0, 1, 0, 0.3429, 0.60321, 0.25784, 0.49346, 0.11391, 0.38164, 0.26221, 0.37957, 0.40396, 0.46861, 0.32109, 0.33402, 0.17933, 0.14144, 0.30146, 0.12695, 0.45194, 0.27811, 0.46939, 0.06068, 0.59369, 0.09382, 0.58715, 0.20356, 0.75072, 0.07311, 0.85976, 0.07311, 0.81614, 0.17872, 0.7071, 0.27811, 0.68093, 0.34437, 0.80088, 0.32573, 0.89683, 0.42513, 0.90992, 0.54316, 0.81832, 0.50796, 0.91864, 0.65912, 0.90119, 0.73781, 0.77034, 0.72331, 0.80088, 0.86412, 0.64167, 0.85169, 0.62423, 0.8227, 0.49338, 0.89725, 0.32327, 0.48311, 0.37343, 0.30296, 0.513, 0.09382, 0.67093, 0.13675, 0.70492, 0.17043, 0.78343, 0.39821, 0.68529, 0.49553, 0.72236, 0.4272, 0.54135, 0.53073, 0.52391, 0.3775, 0.56752, 0.33402, 0.63949, 0.36715, 0.5021, 0.6674, 0.71351, 0.8573, 0.79137, 0.8203, 0.77907, 0.57215 ],
				"triangles": [ 48, 29, 28, 29, 48, 47, 30, 48, 28, 47, 48, 30, 47, 32, 29, 47, 31, 32, 32, 46, 29, 33, 46, 32, 46, 6, 42, 29, 46, 49, 10, 43, 42, 40, 45, 41, 42, 45, 40, 40, 41, 26, 49, 46, 40, 28, 29, 27, 28, 27, 0, 49, 26, 27, 29, 49, 27, 49, 40, 26, 26, 25, 27, 45, 42, 43, 40, 46, 42, 45, 43, 44, 39, 22, 23, 23, 20, 24, 39, 23, 24, 26, 24, 25, 5, 25, 24, 26, 39, 24, 38, 18, 20, 5, 20, 19, 20, 18, 19, 38, 37, 18, 18, 37, 4, 19, 18, 4, 23, 21, 20, 15, 2, 3, 36, 15, 3, 16, 3, 4, 36, 3, 16, 37, 16, 4, 12, 2, 13, 12, 13, 11, 9, 12, 11, 11, 13, 35, 9, 11, 10, 8, 12, 9, 7, 9, 34, 7, 8, 9, 1, 8, 7, 34, 9, 10, 7, 34, 6, 41, 39, 26, 5, 19, 4, 13, 2, 15, 17, 36, 16, 17, 16, 37, 14, 13, 15, 14, 15, 36, 14, 36, 17, 35, 13, 14, 44, 14, 17, 17, 38, 21, 38, 17, 37, 22, 21, 23, 21, 44, 17, 22, 44, 21, 45, 44, 22, 43, 14, 44, 8, 2, 12, 24, 20, 5, 41, 22, 39, 45, 22, 41, 43, 10, 35, 43, 35, 14, 11, 35, 10, 27, 25, 5, 6, 34, 10, 27, 5, 0, 42, 6, 10, 33, 6, 46, 8, 1, 2, 1, 7, 6, 1, 6, 33, 30, 28, 0, 47, 30, 0, 33, 31, 47, 33, 32, 31, 0, 33, 47, 1, 33, 0, 21, 38, 20 ],
				"vertices": [ 1, 3, -33.86, -36.48, 1, 1, 3, 0.82, 50.87, 1, 1, 3, 92.83, 14.34, 1, 1, 10, 12.55, 2.78, 1, 1, 10, 17.79, -5.54, 1, 1, 3, 58.15, -73.01999, 1, 1, 3, 25.44, 6.42, 1, 1, 6, 13.85, 2.61999, 1, 1, 6, 31.27, 1.17999, 1, 1, 6, 19.9, -6.89, 1, 2, 3, 35.7, -3.82, 0.496, 6, 3.93, -7.19, 0.504, 1, 8, 4.65, 7.18, 1, 1, 8, 27.6, 3.4, 1, 1, 8, 20.61, -5.81, 1, 1, 3, 51.57, -14.97, 1, 1, 10, 3.21, 6.35, 1, 1, 10, 6.65, -5.28, 1, 1, 3, 53.74, -29.51, 1, 1, 12, 16.02, 4.46, 1, 1, 12, 23.89, -2.08999, 1, 1, 12, 14.05, -7.49, 1, 2, 3, 42.72, -37.27, 0.63199, 12, -0.12, -8.49, 0.368, 1, 3, 37.53, -32.56, 1, 1, 4, 2.9, 6.82, 1, 1, 4, 15.48, 2.34999, 1, 1, 4, 22.03, -7.39, 1, 1, 5, 17.92, -3.77, 1, 1, 5, 13.2, -20.82, 1, 1, 5, 6.34, -24.86, 1, 1, 5, -0.87, -14.8, 1, 1, 3, -14.45, -24.05, 1, 1, 3, -7.78, -10.6, 1, 1, 5, -17.4, -11.27, 1, 1, 3, -6.83, 4.01, 1, 2, 3, 37.16999, 3.75, 0.44, 6, 9.35999, -1.7, 0.55999, 1, 3, 52, -7.21, 1, 1, 3, 66.41, -27.04, 1, 1, 12, 6.22, 4.42999, 1, 1, 3, 52.7, -41.00999, 1, 2, 3, 29.02, -39.55, 0.34399, 4, 4.81, -0.28, 0.656, 1, 5, 10.41, 6.29, 1, 1, 3, 28.47, -33.15, 1, 1, 5, -1.27, 13.94, 1, 1, 5, 8.83, 25.37, 1, 1, 3, 42.41, -23.03, 1, 1, 5, 16.9, 18.03, 1, 1, 5, -13.76, 7.56, 1, 1, 5, -14.28, -19.78, 1, 1, 5, -6.64, -22.72, 1, 1, 5, 10.73, -5.33, 1 ],
				"hull": 6
			}
		},
		"ertongjie_chengbao_wai_mogu_": {
			"ertongjie_chengbao_wai_mogu_": { "x": -72.8, "y": 51.43, "width": 67, "height": 56 }
		},
		"ertongjie_chengbao_wai_shu_": {
			"ertongjie_chengbao_wai_shu_": { "x": 157.19, "y": 98.93, "width": 195, "height": 149 }
		},
		"ertongjie_chengbao_wai_shu_1_": {
			"ertongjie_chengbao_wai_shu_1_": { "x": -155.3, "y": 80.93, "width": 128, "height": 151 }
		},
		"ertongjie_chengbao_wai_shu_2_": {
			"ertongjie_chengbao_wai_shu_2_": { "x": -143.8, "y": 112.43, "width": 143, "height": 160 }
		}
	}
},
"animations": {
	"animation": {
		"slots": {
			"ertongjie_TreatRainbow_10_1_": {
				"attachment": [
					{ "time": 0.6, "name": "ertongjie_TreatRainbow_10_1_" },
					{ "time": 0.6666, "name": null }
				]
			},
			"ertongjie_TreatRainbow_10_2_": {
				"attachment": [
					{ "time": 0.6, "name": "ertongjie_TreatRainbow_10_2_" },
					{ "time": 0.6666, "name": null }
				]
			},
			"ertongjie_TreatRainbow_10_3_": {
				"attachment": [
					{ "time": 0.6, "name": "ertongjie_TreatRainbow_10_3_" },
					{ "time": 0.6666, "name": null }
				]
			},
			"ertongjie_TreatRainbow_10_4_": {
				"attachment": [
					{ "time": 0.6, "name": "ertongjie_TreatRainbow_10_4_" },
					{ "time": 0.6666, "name": null }
				]
			},
			"ertongjie_TreatRainbow_10_5_": {
				"attachment": [
					{ "time": 0.6, "name": "ertongjie_TreatRainbow_10_5_" },
					{ "time": 0.6666, "name": null }
				]
			},
			"ertongjie_TreatRainbow_11_1_": {
				"attachment": [
					{ "time": 0.6666, "name": "ertongjie_TreatRainbow_11_1_" },
					{ "time": 0.7333, "name": null }
				]
			},
			"ertongjie_TreatRainbow_11_2_": {
				"attachment": [
					{ "time": 0.6666, "name": "ertongjie_TreatRainbow_11_2_" },
					{ "time": 0.7333, "name": null }
				]
			},
			"ertongjie_TreatRainbow_11_3_": {
				"attachment": [
					{ "time": 0.6666, "name": "ertongjie_TreatRainbow_11_3_" },
					{ "time": 0.7333, "name": null }
				]
			},
			"ertongjie_TreatRainbow_11_4_": {
				"attachment": [
					{ "time": 0.6666, "name": "ertongjie_TreatRainbow_11_4_" },
					{ "time": 0.7333, "name": null }
				]
			},
			"ertongjie_TreatRainbow_11_5_": {
				"attachment": [
					{ "time": 0.6666, "name": "ertongjie_TreatRainbow_11_5_" },
					{ "time": 0.7333, "name": null }
				]
			},
			"ertongjie_TreatRainbow_12_1_": {
				"attachment": [
					{ "time": 0.7333, "name": "ertongjie_TreatRainbow_12_1_" },
					{ "time": 0.8, "name": null }
				]
			},
			"ertongjie_TreatRainbow_12_2_": {
				"attachment": [
					{ "time": 0.7333, "name": "ertongjie_TreatRainbow_12_2_" },
					{ "time": 0.8, "name": null }
				]
			},
			"ertongjie_TreatRainbow_12_3_": {
				"attachment": [
					{ "time": 0.7333, "name": "ertongjie_TreatRainbow_12_3_" },
					{ "time": 0.8, "name": null }
				]
			},
			"ertongjie_TreatRainbow_12_4_": {
				"attachment": [
					{ "time": 0.7333, "name": "ertongjie_TreatRainbow_12_4_" },
					{ "time": 0.8, "name": null }
				]
			},
			"ertongjie_TreatRainbow_12_5_": {
				"attachment": [
					{ "time": 0.7333, "name": "ertongjie_TreatRainbow_12_5_" },
					{ "time": 0.8, "name": null }
				]
			},
			"ertongjie_TreatRainbow_13_1_": {
				"attachment": [
					{ "time": 0.8, "name": "ertongjie_TreatRainbow_13_1_" },
					{ "time": 0.8666, "name": null }
				]
			},
			"ertongjie_TreatRainbow_13_2_": {
				"attachment": [
					{ "time": 0.8, "name": "ertongjie_TreatRainbow_13_2_" },
					{ "time": 0.8666, "name": null }
				]
			},
			"ertongjie_TreatRainbow_13_3_": {
				"attachment": [
					{ "time": 0.8, "name": "ertongjie_TreatRainbow_13_3_" },
					{ "time": 0.8666, "name": null }
				]
			},
			"ertongjie_TreatRainbow_13_4_": {
				"attachment": [
					{ "time": 0.8, "name": "ertongjie_TreatRainbow_13_4_" },
					{ "time": 0.8666, "name": null }
				]
			},
			"ertongjie_TreatRainbow_13_5_": {
				"attachment": [
					{ "time": 0.8, "name": "ertongjie_TreatRainbow_13_5_" },
					{ "time": 0.8666, "name": null }
				]
			},
			"ertongjie_TreatRainbow_14_1_": {
				"attachment": [
					{ "time": 0.8666, "name": "ertongjie_TreatRainbow_14_1_" },
					{ "time": 0.9333, "name": null }
				]
			},
			"ertongjie_TreatRainbow_14_2_": {
				"attachment": [
					{ "time": 0.8666, "name": "ertongjie_TreatRainbow_14_2_" },
					{ "time": 0.9333, "name": null }
				]
			},
			"ertongjie_TreatRainbow_14_3_": {
				"attachment": [
					{ "time": 0.8666, "name": "ertongjie_TreatRainbow_14_3_" },
					{ "time": 0.9333, "name": null }
				]
			},
			"ertongjie_TreatRainbow_14_4_": {
				"attachment": [
					{ "time": 0.8666, "name": "ertongjie_TreatRainbow_14_4_" },
					{ "time": 0.9333, "name": null }
				]
			},
			"ertongjie_TreatRainbow_15_1_": {
				"attachment": [
					{ "time": 0.9333, "name": "ertongjie_TreatRainbow_15_1_" },
					{ "time": 1, "name": null }
				]
			},
			"ertongjie_TreatRainbow_15_2_": {
				"attachment": [
					{ "time": 0.9333, "name": "ertongjie_TreatRainbow_15_2_" },
					{ "time": 1, "name": null }
				]
			},
			"ertongjie_TreatRainbow_15_3_": {
				"attachment": [
					{ "time": 0.9333, "name": "ertongjie_TreatRainbow_15_3_" },
					{ "time": 1, "name": null }
				]
			},
			"ertongjie_TreatRainbow_15_4_": {
				"attachment": [
					{ "time": 0.9333, "name": "ertongjie_TreatRainbow_15_4_" },
					{ "time": 1, "name": null }
				]
			},
			"ertongjie_TreatRainbow_16_1_": {
				"attachment": [
					{ "time": 1, "name": "ertongjie_TreatRainbow_16_1_" },
					{ "time": 1.0666, "name": null }
				]
			},
			"ertongjie_TreatRainbow_16_2_": {
				"attachment": [
					{ "time": 1, "name": "ertongjie_TreatRainbow_16_2_" },
					{ "time": 1.0666, "name": null }
				]
			},
			"ertongjie_TreatRainbow_16_3_": {
				"attachment": [
					{ "time": 1, "name": "ertongjie_TreatRainbow_16_3_" },
					{ "time": 1.0666, "name": null }
				]
			},
			"ertongjie_TreatRainbow_16_4_": {
				"attachment": [
					{ "time": 1, "name": "ertongjie_TreatRainbow_16_4_" },
					{ "time": 1.0666, "name": null }
				]
			},
			"ertongjie_TreatRainbow_17_1_": {
				"attachment": [
					{ "time": 1.0666, "name": "ertongjie_TreatRainbow_17_1_" },
					{ "time": 1.1333, "name": null }
				]
			},
			"ertongjie_TreatRainbow_17_2_": {
				"attachment": [
					{ "time": 1.0666, "name": "ertongjie_TreatRainbow_17_2_" },
					{ "time": 1.1333, "name": null }
				]
			},
			"ertongjie_TreatRainbow_17_3_": {
				"attachment": [
					{ "time": 1.0666, "name": "ertongjie_TreatRainbow_17_3_" },
					{ "time": 1.1333, "name": null }
				]
			},
			"ertongjie_TreatRainbow_17_4_": {
				"attachment": [
					{ "time": 1.0666, "name": "ertongjie_TreatRainbow_17_4_" },
					{ "time": 1.1333, "name": null }
				]
			},
			"ertongjie_TreatRainbow_18_1_": {
				"attachment": [
					{ "time": 1.1333, "name": "ertongjie_TreatRainbow_18_1_" },
					{ "time": 1.2333, "name": null }
				]
			},
			"ertongjie_TreatRainbow_18_2_": {
				"attachment": [
					{ "time": 1.1333, "name": "ertongjie_TreatRainbow_18_2_" },
					{ "time": 1.2333, "name": null }
				]
			},
			"ertongjie_TreatRainbow_18_3_": {
				"attachment": [
					{ "time": 1.1333, "name": "ertongjie_TreatRainbow_18_3_" },
					{ "time": 1.2333, "name": null }
				]
			},
			"ertongjie_TreatRainbow_18_4_": {
				"attachment": [
					{ "time": 1.1333, "name": "ertongjie_TreatRainbow_18_4_" },
					{ "time": 1.2333, "name": null }
				]
			},
			"ertongjie_TreatRainbow_18_5_": {
				"attachment": [
					{ "time": 1.1333, "name": "ertongjie_TreatRainbow_18_5_" },
					{ "time": 1.2333, "name": null }
				]
			},
			"ertongjie_TreatRainbow_1_": {
				"attachment": [
					{ "time": 0, "name": "ertongjie_TreatRainbow_1_" },
					{ "time": 0.0666, "name": null }
				]
			},
			"ertongjie_TreatRainbow_2_": {
				"attachment": [
					{ "time": 0.0666, "name": "ertongjie_TreatRainbow_2_" },
					{ "time": 0.1333, "name": null }
				]
			},
			"ertongjie_TreatRainbow_3_1_": {
				"attachment": [
					{ "time": 0.1333, "name": "ertongjie_TreatRainbow_3_1_" },
					{ "time": 0.2, "name": null }
				]
			},
			"ertongjie_TreatRainbow_3_2_": {
				"attachment": [
					{ "time": 0.1333, "name": "ertongjie_TreatRainbow_3_2_" },
					{ "time": 0.2, "name": null }
				]
			},
			"ertongjie_TreatRainbow_4_1_": {
				"attachment": [
					{ "time": 0.2, "name": "ertongjie_TreatRainbow_4_1_" },
					{ "time": 0.2666, "name": null }
				]
			},
			"ertongjie_TreatRainbow_4_2_": {
				"attachment": [
					{ "time": 0.2, "name": "ertongjie_TreatRainbow_4_2_" },
					{ "time": 0.2666, "name": null }
				]
			},
			"ertongjie_TreatRainbow_4_3_": {
				"attachment": [
					{ "time": 0.2, "name": "ertongjie_TreatRainbow_4_3_" },
					{ "time": 0.2666, "name": null }
				]
			},
			"ertongjie_TreatRainbow_4_4_": {
				"attachment": [
					{ "time": 0.2, "name": "ertongjie_TreatRainbow_4_4_" },
					{ "time": 0.2666, "name": null }
				]
			},
			"ertongjie_TreatRainbow_5_1_": {
				"attachment": [
					{ "time": 0.2666, "name": "ertongjie_TreatRainbow_5_1_" },
					{ "time": 0.3333, "name": null }
				]
			},
			"ertongjie_TreatRainbow_5_2_": {
				"attachment": [
					{ "time": 0.2666, "name": "ertongjie_TreatRainbow_5_2_" },
					{ "time": 0.3333, "name": null }
				]
			},
			"ertongjie_TreatRainbow_5_3_": {
				"attachment": [
					{ "time": 0.2666, "name": "ertongjie_TreatRainbow_5_3_" },
					{ "time": 0.3333, "name": null }
				]
			},
			"ertongjie_TreatRainbow_5_4_": {
				"attachment": [
					{ "time": 0.2666, "name": "ertongjie_TreatRainbow_5_4_" },
					{ "time": 0.3333, "name": null }
				]
			},
			"ertongjie_TreatRainbow_6_1_": {
				"attachment": [
					{ "time": 0.3333, "name": "ertongjie_TreatRainbow_6_1_" },
					{ "time": 0.4, "name": null }
				]
			},
			"ertongjie_TreatRainbow_6_2_": {
				"attachment": [
					{ "time": 0.3333, "name": "ertongjie_TreatRainbow_6_2_" },
					{ "time": 0.4, "name": null }
				]
			},
			"ertongjie_TreatRainbow_6_3_": {
				"attachment": [
					{ "time": 0.3333, "name": "ertongjie_TreatRainbow_6_3_" },
					{ "time": 0.4, "name": null }
				]
			},
			"ertongjie_TreatRainbow_6_4_": {
				"attachment": [
					{ "time": 0.3333, "name": "ertongjie_TreatRainbow_6_4_" },
					{ "time": 0.4, "name": null }
				]
			},
			"ertongjie_TreatRainbow_7_1_": {
				"attachment": [
					{ "time": 0.4, "name": "ertongjie_TreatRainbow_7_1_" },
					{ "time": 0.4666, "name": null }
				]
			},
			"ertongjie_TreatRainbow_7_2_": {
				"attachment": [
					{ "time": 0.4, "name": "ertongjie_TreatRainbow_7_2_" },
					{ "time": 0.4666, "name": null }
				]
			},
			"ertongjie_TreatRainbow_7_3_": {
				"attachment": [
					{ "time": 0.4, "name": "ertongjie_TreatRainbow_7_3_" },
					{ "time": 0.4666, "name": null }
				]
			},
			"ertongjie_TreatRainbow_7_4_": {
				"attachment": [
					{ "time": 0.4, "name": "ertongjie_TreatRainbow_7_4_" },
					{ "time": 0.4666, "name": null }
				]
			},
			"ertongjie_TreatRainbow_7_5_": {
				"attachment": [
					{ "time": 0.4, "name": "ertongjie_TreatRainbow_7_5_" },
					{ "time": 0.4666, "name": null }
				]
			},
			"ertongjie_TreatRainbow_8_1_": {
				"attachment": [
					{ "time": 0.4666, "name": "ertongjie_TreatRainbow_8_1_" },
					{ "time": 0.5333, "name": null }
				]
			},
			"ertongjie_TreatRainbow_8_2_": {
				"attachment": [
					{ "time": 0.4666, "name": "ertongjie_TreatRainbow_8_2_" },
					{ "time": 0.5333, "name": null }
				]
			},
			"ertongjie_TreatRainbow_8_3_": {
				"attachment": [
					{ "time": 0.4666, "name": "ertongjie_TreatRainbow_8_3_" },
					{ "time": 0.5333, "name": null }
				]
			},
			"ertongjie_TreatRainbow_8_4_": {
				"attachment": [
					{ "time": 0.4666, "name": "ertongjie_TreatRainbow_8_4_" },
					{ "time": 0.5333, "name": null }
				]
			},
			"ertongjie_TreatRainbow_8_5_": {
				"attachment": [
					{ "time": 0.4666, "name": "ertongjie_TreatRainbow_8_5_" },
					{ "time": 0.5333, "name": null }
				]
			},
			"ertongjie_TreatRainbow_9_1_": {
				"attachment": [
					{ "time": 0.5333, "name": "ertongjie_TreatRainbow_9_1_" },
					{ "time": 0.6, "name": null }
				]
			},
			"ertongjie_TreatRainbow_9_2_": {
				"attachment": [
					{ "time": 0.5333, "name": "ertongjie_TreatRainbow_9_2_" },
					{ "time": 0.6, "name": null }
				]
			},
			"ertongjie_TreatRainbow_9_3_": {
				"attachment": [
					{ "time": 0.5333, "name": "ertongjie_TreatRainbow_9_3_" },
					{ "time": 0.6, "name": null }
				]
			},
			"ertongjie_TreatRainbow_9_4_": {
				"attachment": [
					{ "time": 0.5333, "name": "ertongjie_TreatRainbow_9_4_" },
					{ "time": 0.6, "name": null }
				]
			},
			"ertongjie_TreatRainbow_9_5_": {
				"attachment": [
					{ "time": 0.5333, "name": "ertongjie_TreatRainbow_9_5_" },
					{ "time": 0.6, "name": null }
				]
			},
			"ertongjie_chengbao_wai_hua_": {
				"attachment": [
					{ "time": 0, "name": "ertongjie_chengbao_wai_hua_" }
				]
			},
			"ertongjie_chengbao_wai_mogu_": {
				"attachment": [
					{ "time": 0, "name": "ertongjie_chengbao_wai_mogu_" }
				]
			},
			"ertongjie_chengbao_wai_shu_": {
				"attachment": [
					{ "time": 0, "name": "ertongjie_chengbao_wai_shu_" }
				]
			},
			"ertongjie_chengbao_wai_shu_1_": {
				"attachment": [
					{ "time": 0, "name": "ertongjie_chengbao_wai_shu_1_" }
				]
			},
			"ertongjie_chengbao_wai_shu_2_": {
				"attachment": [
					{ "time": 0, "name": "ertongjie_chengbao_wai_shu_2_" }
				]
			}
		},
		"bones": {
			"bone2": {
				"rotate": [
					{ "time": 0, "angle": 13.4 },
					{ "time": 0.5, "angle": 23.36 },
					{ "time": 1.1666, "angle": 13.4 },
					{ "time": 1.8, "angle": 23.36 },
					{ "time": 2.4666, "angle": 13.4 },
					{ "time": 3.1, "angle": 23.36 },
					{ "time": 3.7666, "angle": 13.4 }
				],
				"translate": [
					{ "time": 0, "x": 0, "y": 0, "curve": "stepped" },
					{ "time": 1.1666, "x": 0, "y": 0, "curve": "stepped" },
					{ "time": 2.4666, "x": 0, "y": 0, "curve": "stepped" },
					{ "time": 3.7666, "x": 0, "y": 0 }
				],
				"scale": [
					{ "time": 0, "x": 1, "y": 1, "curve": "stepped" },
					{ "time": 1.1666, "x": 1, "y": 1, "curve": "stepped" },
					{ "time": 2.4666, "x": 1, "y": 1, "curve": "stepped" },
					{ "time": 3.7666, "x": 1, "y": 1 }
				]
			},
			"bone4": {
				"rotate": [
					{ "time": 0, "angle": 0 },
					{ "time": 0.6, "angle": 16.26 },
					{ "time": 1.1666, "angle": 0 },
					{ "time": 1.9, "angle": 16.26 },
					{ "time": 2.4666, "angle": 0 },
					{ "time": 3.2, "angle": 16.26 },
					{ "time": 3.7666, "angle": 0 }
				],
				"translate": [
					{ "time": 0, "x": 0, "y": 0, "curve": "stepped" },
					{ "time": 1.1666, "x": 0, "y": 0, "curve": "stepped" },
					{ "time": 2.4666, "x": 0, "y": 0, "curve": "stepped" },
					{ "time": 3.7666, "x": 0, "y": 0 }
				],
				"scale": [
					{ "time": 0, "x": 1, "y": 1, "curve": "stepped" },
					{ "time": 1.1666, "x": 1, "y": 1, "curve": "stepped" },
					{ "time": 2.4666, "x": 1, "y": 1, "curve": "stepped" },
					{ "time": 3.7666, "x": 1, "y": 1 }
				]
			},
			"bone6": {
				"rotate": [
					{ "time": 0, "angle": 0 },
					{ "time": 0.7, "angle": -8.35 },
					{ "time": 1.1666, "angle": 0 },
					{ "time": 2, "angle": -8.35 },
					{ "time": 2.4666, "angle": 0 },
					{ "time": 3.3, "angle": -8.35 },
					{ "time": 3.7666, "angle": 0 }
				],
				"translate": [
					{ "time": 0, "x": 0, "y": 0, "curve": "stepped" },
					{ "time": 1.1666, "x": 0, "y": 0, "curve": "stepped" },
					{ "time": 2.4666, "x": 0, "y": 0, "curve": "stepped" },
					{ "time": 3.7666, "x": 0, "y": 0 }
				],
				"scale": [
					{ "time": 0, "x": 1, "y": 1, "curve": "stepped" },
					{ "time": 1.1666, "x": 1, "y": 1, "curve": "stepped" },
					{ "time": 2.4666, "x": 1, "y": 1, "curve": "stepped" },
					{ "time": 3.7666, "x": 1, "y": 1 }
				]
			},
			"bone8": {
				"rotate": [
					{ "time": 0, "angle": 0 },
					{ "time": 0.4333, "angle": -10.39 },
					{ "time": 1.1666, "angle": 0 },
					{ "time": 1.7333, "angle": -10.39 },
					{ "time": 2.4666, "angle": 0 },
					{ "time": 3.0333, "angle": -10.39 },
					{ "time": 3.7666, "angle": 0 }
				],
				"translate": [
					{ "time": 0, "x": 0, "y": 0, "curve": "stepped" },
					{ "time": 1.1666, "x": 0, "y": 0, "curve": "stepped" },
					{ "time": 2.4666, "x": 0, "y": 0, "curve": "stepped" },
					{ "time": 3.7666, "x": 0, "y": 0 }
				],
				"scale": [
					{ "time": 0, "x": 1, "y": 1, "curve": "stepped" },
					{ "time": 1.1666, "x": 1, "y": 1, "curve": "stepped" },
					{ "time": 2.4666, "x": 1, "y": 1, "curve": "stepped" },
					{ "time": 3.7666, "x": 1, "y": 1 }
				]
			},
			"bone10": {
				"rotate": [
					{ "time": 0, "angle": 0 },
					{ "time": 0.5, "angle": -6.96 },
					{ "time": 1.1666, "angle": 0 },
					{ "time": 1.8, "angle": -6.96 },
					{ "time": 2.4666, "angle": 0 },
					{ "time": 3.1, "angle": -6.96 },
					{ "time": 3.7666, "angle": 0 }
				],
				"translate": [
					{ "time": 0, "x": 0, "y": 0, "curve": "stepped" },
					{ "time": 1.1666, "x": 0, "y": 0, "curve": "stepped" },
					{ "time": 2.4666, "x": 0, "y": 0, "curve": "stepped" },
					{ "time": 3.7666, "x": 0, "y": 0 }
				],
				"scale": [
					{ "time": 0, "x": 1, "y": 1, "curve": "stepped" },
					{ "time": 1.1666, "x": 1, "y": 1, "curve": "stepped" },
					{ "time": 2.4666, "x": 1, "y": 1, "curve": "stepped" },
					{ "time": 3.7666, "x": 1, "y": 1 }
				]
			},
			"bone11": {
				"rotate": [
					{ "time": 0, "angle": 0 },
					{ "time": 0.8, "angle": 4.96 },
					{ "time": 1.6666, "angle": 0 },
					{ "time": 2.4666, "angle": 4.96 },
					{ "time": 3.6333, "angle": 0 }
				],
				"translate": [
					{ "time": 0, "x": 0, "y": 0 },
					{ "time": 0.8, "x": 2.45, "y": 1.38 },
					{ "time": 1.6666, "x": 0, "y": 0 },
					{ "time": 2.4666, "x": 2.45, "y": 1.38 },
					{ "time": 3.6333, "x": 0, "y": 0 }
				]
			}
		}
	}
}
}