{
"skeleton": { "hash": "/6P1LRKq27Y6vjBkSvWNxJUiz90", "spine": "2.1.27", "width": 727, "height": 659 },
"bones": [
	{ "name": "root" },
	{ "name": "bone", "parent": "root" },
	{ "name": "bone2", "parent": "root" },
	{ "name": "bone3", "parent": "bone2", "x": 253.06, "y": 402.34 },
	{ "name": "bone4", "parent": "bone3", "length": 9.14, "x": -5.23, "rotation": 176.84 },
	{ "name": "bone5", "parent": "bone4", "length": 15.2, "x": 7.56, "y": -0.09, "rotation": 2.7 },
	{ "name": "bone6", "parent": "bone4", "length": 9.17, "x": 164.61, "y": -153.91, "scaleX": 1.314, "rotation": 2.7 },
	{ "name": "bone7", "parent": "bone6", "length": 16.43, "x": 8.95, "y": 0.19, "scaleX": 0.76, "rotation": 2.72 }
],
"slots": [
	{ "name": "ertongjie_neicheng_yanwu_3_", "bone": "root" },
	{ "name": "ertongjie_neicheng_yanwu_2_", "bone": "root" },
	{ "name": "ertongjie_neichengyanwu_1_", "bone": "root" },
	{ "name": "ertongjie_neicheng_1_", "bone": "root", "attachment": "ertongjie_neicheng_1_" },
	{ "name": "ertongjie_neicheng_stra_4_", "bone": "root", "blend": "additive" },
	{ "name": "ertongjie_neicheng_stra_3_", "bone": "root", "blend": "additive" },
	{ "name": "ertongjie_neicheng_stra_2_", "bone": "root", "blend": "additive" },
	{ "name": "ertongjie_neicheng_stra_1_", "bone": "root", "blend": "additive" },
	{ "name": "ertongjie_neicheng_childrenday_star_0_4_", "bone": "root", "blend": "additive" },
	{ "name": "ertongjie_neicheng_childrenday_star_0_3_", "bone": "root", "blend": "additive" },
	{ "name": "ertongjie_neicheng_childrenday_star_0_2_", "bone": "root", "blend": "additive" },
	{ "name": "ertongjie_neicheng_childrenday_star_0_1_", "bone": "root", "blend": "additive" },
	{ "name": "ertongjie_neicheng_childrenday_star_0_0_", "bone": "root", "blend": "additive" },
	{ "name": "ertongjie_neicheng_childrenday_star_1_5_", "bone": "root", "blend": "additive" },
	{ "name": "ertongjie_neicheng_childrenday_star_1_4_", "bone": "root", "blend": "additive" },
	{ "name": "ertongjie_neicheng_childrenday_star_1_3_", "bone": "root", "blend": "additive" },
	{ "name": "ertongjie_neicheng_childrenday_star_1_2_", "bone": "root", "blend": "additive" },
	{ "name": "ertongjie_neicheng_childrenday_star_1_1_", "bone": "root", "blend": "additive" },
	{ "name": "ertongjie_neicheng_childrenday_star_1_0_", "bone": "root", "blend": "additive" },
	{ "name": "ertongjie_neicheng_childrenday_star_2_4_", "bone": "root", "blend": "additive" },
	{ "name": "ertongjie_neicheng_childrenday_star_2_3_", "bone": "root", "blend": "additive" },
	{ "name": "ertongjie_neicheng_childrenday_star_2_2_", "bone": "root", "blend": "additive" },
	{ "name": "ertongjie_neicheng_childrenday_star_2_1_", "bone": "root", "blend": "additive" },
	{ "name": "ertongjie_neicheng_childrenday_star_2_0_", "bone": "root", "blend": "additive" },
	{ "name": "ertongjie_neicheng_childrenday_star_3_5_", "bone": "root", "blend": "additive" },
	{ "name": "ertongjie_neicheng_childrenday_star_3_4_", "bone": "root", "blend": "additive" },
	{ "name": "ertongjie_neicheng_childrenday_star_3_3_", "bone": "root", "blend": "additive" },
	{ "name": "ertongjie_neicheng_childrenday_star_3_2_", "bone": "root", "blend": "additive" },
	{ "name": "ertongjie_neicheng_childrenday_star_3_1_", "bone": "root", "blend": "additive" },
	{ "name": "ertongjie_neicheng_childrenday_star_3_0_", "bone": "root", "blend": "additive" },
	{ "name": "ertongjie_neicheng_childrenday_star_4_5_", "bone": "root", "blend": "additive" },
	{ "name": "ertongjie_neicheng_childrenday_star_4_4_", "bone": "root", "blend": "additive" },
	{ "name": "ertongjie_neicheng_childrenday_star_4_3_", "bone": "root", "blend": "additive" },
	{ "name": "ertongjie_neicheng_childrenday_star_4_2_", "bone": "root", "blend": "additive" },
	{ "name": "ertongjie_neicheng_childrenday_star_4_1_", "bone": "root", "blend": "additive" },
	{ "name": "ertongjie_neicheng_childrenday_star_4_0_", "bone": "root", "blend": "additive" },
	{ "name": "ertongjie_neicheng_childrendayrainbow_texiao_0_2_", "bone": "root", "blend": "additive" },
	{ "name": "ertongjie_neicheng_childrendayrainbow_texiao_0_1_", "bone": "root", "blend": "additive" },
	{ "name": "ertongjie_neicheng_childrendayrainbow_texiao_0_0_", "bone": "root", "blend": "additive" },
	{ "name": "ertongjie_neicheng_childrendayrainbow_texiao_1_", "bone": "root", "blend": "additive" },
	{ "name": "ertongjie_neicheng_childrendayrainbow_texiao_2_", "bone": "root", "blend": "additive" },
	{ "name": "ertongjie_neicheng_childrendayrainbow_texiao_3_1_", "bone": "root", "blend": "additive" },
	{ "name": "ertongjie_neicheng_childrendayrainbow_texiao_3_0_", "bone": "root", "blend": "additive" },
	{ "name": "ertongjie_neicheng_childrendayrainbow_texiao_4_2_", "bone": "root", "blend": "additive" },
	{ "name": "ertongjie_neicheng_childrendayrainbow_texiao_4_1_", "bone": "root", "blend": "additive" },
	{ "name": "ertongjie_neicheng_childrendayrainbow_texiao_4_0_", "bone": "root", "blend": "additive" },
	{ "name": "ertongjie_neicheng_childrenday_star_0_0_2", "bone": "bone", "blend": "additive" },
	{ "name": "ertongjie_neicheng_childrenday_star_0_1_2", "bone": "bone", "blend": "additive" },
	{ "name": "ertongjie_neicheng_childrenday_star_0_2_2", "bone": "bone", "blend": "additive" },
	{ "name": "ertongjie_neicheng_childrenday_star_0_3_2", "bone": "bone", "blend": "additive" },
	{ "name": "ertongjie_neicheng_childrenday_star_0_4_2", "bone": "bone", "blend": "additive" },
	{ "name": "ertongjie_neicheng_childrenday_star_1_0_2", "bone": "bone", "blend": "additive" },
	{ "name": "ertongjie_neicheng_childrenday_star_1_1_2", "bone": "bone", "blend": "additive" },
	{ "name": "ertongjie_neicheng_childrenday_star_1_2_2", "bone": "bone", "blend": "additive" },
	{ "name": "ertongjie_neicheng_childrenday_star_1_3_2", "bone": "bone", "blend": "additive" },
	{ "name": "ertongjie_neicheng_childrenday_star_1_4_2", "bone": "bone", "blend": "additive" },
	{ "name": "ertongjie_neicheng_childrenday_star_1_5_2", "bone": "bone", "blend": "additive" },
	{ "name": "ertongjie_neicheng_childrenday_star_2_0_2", "bone": "bone", "blend": "additive" },
	{ "name": "ertongjie_neicheng_childrenday_star_2_1_2", "bone": "bone", "blend": "additive" },
	{ "name": "ertongjie_neicheng_childrenday_star_2_2_2", "bone": "bone", "blend": "additive" },
	{ "name": "ertongjie_neicheng_childrenday_star_2_3_2", "bone": "bone", "blend": "additive" },
	{ "name": "ertongjie_neicheng_childrenday_star_2_4_2", "bone": "bone", "blend": "additive" },
	{ "name": "ertongjie_neicheng_childrenday_star_3_0_2", "bone": "bone", "blend": "additive" },
	{ "name": "ertongjie_neicheng_childrenday_star_3_1_2", "bone": "bone", "blend": "additive" },
	{ "name": "ertongjie_neicheng_childrenday_star_3_2_2", "bone": "bone", "blend": "additive" },
	{ "name": "ertongjie_neicheng_childrenday_star_3_3_2", "bone": "bone", "blend": "additive" },
	{ "name": "ertongjie_neicheng_childrenday_star_3_4_2", "bone": "bone", "blend": "additive" },
	{ "name": "ertongjie_neicheng_childrenday_star_3_5_2", "bone": "bone", "blend": "additive" },
	{ "name": "ertongjie_neicheng_childrenday_star_4_0_2", "bone": "bone", "blend": "additive" },
	{ "name": "ertongjie_neicheng_childrenday_star_4_1_2", "bone": "bone", "blend": "additive" },
	{ "name": "ertongjie_neicheng_childrenday_star_4_2_2", "bone": "bone", "blend": "additive" },
	{ "name": "ertongjie_neicheng_childrenday_star_4_3_2", "bone": "bone", "blend": "additive" },
	{ "name": "ertongjie_neicheng_childrenday_star_4_4_2", "bone": "bone", "blend": "additive" },
	{ "name": "ertongjie_neicheng_childrenday_star_4_5_2", "bone": "bone", "blend": "additive" },
	{ "name": "ertongjie_neicheng_childrendayrainbow_texiao_0_0_2", "bone": "bone2", "blend": "additive" },
	{ "name": "ertongjie_neicheng_childrendayrainbow_texiao_0_1_2", "bone": "bone2", "blend": "additive" },
	{ "name": "ertongjie_neicheng_childrendayrainbow_texiao_0_2_2", "bone": "bone2", "blend": "additive" },
	{ "name": "ertongjie_neicheng_childrendayrainbow_texiao_1_2", "bone": "bone2", "blend": "additive" },
	{ "name": "ertongjie_neicheng_childrendayrainbow_texiao_2_2", "bone": "bone2", "blend": "additive" },
	{ "name": "ertongjie_neicheng_childrendayrainbow_texiao_3_0_2", "bone": "bone2", "blend": "additive" },
	{ "name": "ertongjie_neicheng_childrendayrainbow_texiao_3_1_2", "bone": "bone2", "blend": "additive" },
	{ "name": "ertongjie_neicheng_childrendayrainbow_texiao_4_0_2", "bone": "bone2", "blend": "additive" },
	{ "name": "ertongjie_neicheng_childrendayrainbow_texiao_4_1_2", "bone": "bone2", "blend": "additive" },
	{ "name": "ertongjie_neicheng_childrendayrainbow_texiao_4_2_2", "bone": "bone2", "blend": "additive" }
],
"skins": {
	"default": {
		"ertongjie_neicheng_1_": {
			"ertongjie_neicheng_1_": {
				"type": "skinnedmesh",
				"uvs": [ 1, 0.27054, 1, 0.85213, 1, 1, 0, 1, 0, 0.64653, 0, 0, 0.56674, 0, 1, 0, 0.87372, 0.2283, 0.79713, 0.28462, 0.74224, 0.2804, 0.63374, 0.05931, 0.56481, 0.0396, 0.15506, 0.23534, 0.38738, 0.89437, 0.78655, 0.27626, 0.74081, 0.26467, 0.78756, 0.2415, 0.76889, 0.25075, 0.76961, 0.26093, 0.76705, 0.27132, 0.56674, 0.0275, 0.55725, 0.03198, 0.51998, 0.02114, 0.54495, 0.00985, 0.55149, 0.0189 ],
				"triangles": [ 23, 24, 25, 22, 23, 25, 12, 23, 22, 23, 5, 24, 12, 22, 21, 25, 24, 6, 11, 21, 6, 24, 5, 6, 25, 6, 21, 22, 25, 21, 7, 11, 6, 12, 21, 11, 8, 11, 7, 13, 5, 23, 12, 13, 23, 17, 11, 8, 18, 11, 17, 19, 18, 17, 8, 7, 0, 15, 19, 17, 20, 19, 15, 11, 16, 10, 9, 17, 8, 15, 17, 9, 10, 20, 15, 9, 10, 15, 4, 5, 13, 9, 8, 0, 1, 9, 0, 13, 10, 14, 12, 10, 13, 11, 10, 12, 4, 13, 14, 1, 14, 10, 1, 10, 9, 3, 4, 14, 14, 1, 2, 3, 14, 2, 16, 11, 18, 16, 18, 19, 20, 16, 19, 10, 16, 20 ],
				"vertices": [ 1, 4, -160.86, -4.31, 1, 1, 4, -181.94, 378.36, 1, 1, 4, -187.3, 475.66, 1, 1, 4, 538.59, 515.65, 1, 1, 4, 551.4, 283.07, 1, 1, 4, 574.84, -142.34, 1, 1, 6, -1.28, -11.02, 1, 1, 4, -151.05, -182.33, 1, 1, 4, -67.66, -27.06, 1, 1, 4, -14.11, 13.06, 1, 1, 4, 25.88, 12.47, 1, 1, 4, 112.65, -128.65, 1, 1, 4, 163.4, -138.87, 1, 1, 4, 453.74, 6.3, 1, 1, 4, 261.22, 430.66, 1, 1, 4, -6.12, 7.98, 1, 1, 5, 20.01, 1.33, 1, 1, 4, -5.6, -14.93, 1, 2, 4, 7.61, -8.09, 0.50399, 5, -0.33, -7.99, 0.496, 1, 4, 6.72, -1.42, 1, 2, 4, 8.2, 5.5, 0.536, 5, 0.9, 5.56, 0.46399, 1, 6, -1.39, 7.09, 1, 2, 6, 3.83, 10.1, 0.50399, 7, -6.24, 10.21, 0.496, 1, 7, 20.53, 2, 1, 2, 6, 10.73, -4.4, 0.45, 7, 2.10999, -4.69999, 0.55, 2, 6, 7.07, 1.52, 0.512, 7, -2.4, 1.43, 0.48799 ],
				"hull": 8
			}
		},
		"ertongjie_neicheng_childrenday_star_0_0_2": {
			"ertongjie_neicheng_childrenday_star_0_0_": { "x": -154.31, "y": 371.59, "width": 60, "height": 59 }
		},
		"ertongjie_neicheng_childrenday_star_0_1_2": {
			"ertongjie_neicheng_childrenday_star_0_1_": { "x": -1.81, "y": 508.09, "width": 7, "height": 6 }
		},
		"ertongjie_neicheng_childrenday_star_0_2_2": {
			"ertongjie_neicheng_childrenday_star_0_2_": { "x": 131.68, "y": 522.09, "width": 30, "height": 32 }
		},
		"ertongjie_neicheng_childrenday_star_0_3_2": {
			"ertongjie_neicheng_childrenday_star_0_3_": { "x": 228.18, "y": 566.59, "width": 13, "height": 13 }
		},
		"ertongjie_neicheng_childrenday_star_0_4_2": {
			"ertongjie_neicheng_childrenday_star_0_4_": { "x": 93.18, "y": 614.59, "width": 29, "height": 25 }
		},
		"ertongjie_neicheng_childrenday_star_1_0_2": {
			"ertongjie_neicheng_childrenday_star_1_0_": { "x": -142.31, "y": 382.09, "width": 66, "height": 62 }
		},
		"ertongjie_neicheng_childrenday_star_1_1_2": {
			"ertongjie_neicheng_childrenday_star_1_1_": { "x": -1.81, "y": 507.59, "width": 13, "height": 13 }
		},
		"ertongjie_neicheng_childrenday_star_1_2_2": {
			"ertongjie_neicheng_childrenday_star_1_2_": { "x": 131.18, "y": 520.59, "width": 41, "height": 51 }
		},
		"ertongjie_neicheng_childrenday_star_1_3_2": {
			"ertongjie_neicheng_childrenday_star_1_3_": { "x": 93.68, "y": 610.09, "width": 44, "height": 34 }
		},
		"ertongjie_neicheng_childrenday_star_1_4_2": {
			"ertongjie_neicheng_childrenday_star_1_4_": { "x": 228.18, "y": 566.59, "width": 33, "height": 33 }
		},
		"ertongjie_neicheng_childrenday_star_1_5_2": {
			"ertongjie_neicheng_childrenday_star_1_5_": { "x": -63.81, "y": 585.09, "width": 55, "height": 56 }
		},
		"ertongjie_neicheng_childrenday_star_2_0_2": {
			"ertongjie_neicheng_childrenday_star_2_0_": { "x": -157.31, "y": 368.09, "width": 70, "height": 68 }
		},
		"ertongjie_neicheng_childrenday_star_2_1_2": {
			"ertongjie_neicheng_childrenday_star_2_1_": { "x": -1.81, "y": 507.09, "width": 7, "height": 8 }
		},
		"ertongjie_neicheng_childrenday_star_2_2_2": {
			"ertongjie_neicheng_childrenday_star_2_2_": { "x": 129.18, "y": 518.09, "width": 39, "height": 36 }
		},
		"ertongjie_neicheng_childrenday_star_2_3_2": {
			"ertongjie_neicheng_childrenday_star_2_3_": { "x": 93.18, "y": 615.59, "width": 21, "height": 21 }
		},
		"ertongjie_neicheng_childrenday_star_2_4_2": {
			"ertongjie_neicheng_childrenday_star_2_4_": { "x": 228.18, "y": 566.09, "width": 19, "height": 20 }
		},
		"ertongjie_neicheng_childrenday_star_3_0_2": {
			"ertongjie_neicheng_childrenday_star_3_0_": { "x": -153.31, "y": 371.59, "width": 52, "height": 51 }
		},
		"ertongjie_neicheng_childrenday_star_3_1_2": {
			"ertongjie_neicheng_childrenday_star_3_1_": { "x": -1.81, "y": 506.59, "width": 37, "height": 37 }
		},
		"ertongjie_neicheng_childrenday_star_3_2_2": {
			"ertongjie_neicheng_childrenday_star_3_2_": { "x": 227.68, "y": 565.59, "width": 28, "height": 29 }
		},
		"ertongjie_neicheng_childrenday_star_3_3_2": {
			"ertongjie_neicheng_childrenday_star_3_3_": { "x": 241.68, "y": 435.59, "width": 50, "height": 51 }
		},
		"ertongjie_neicheng_childrenday_star_3_4_2": {
			"ertongjie_neicheng_childrenday_star_3_4_": { "x": 131.68, "y": 521.59, "width": 34, "height": 37 }
		},
		"ertongjie_neicheng_childrenday_star_3_5_2": {
			"ertongjie_neicheng_childrenday_star_3_5_": { "x": 93.18, "y": 614.09, "width": 29, "height": 26 }
		},
		"ertongjie_neicheng_childrenday_star_4_0_2": {
			"ertongjie_neicheng_childrenday_star_4_0_": { "x": -154.81, "y": 370.09, "width": 89, "height": 86 }
		},
		"ertongjie_neicheng_childrenday_star_4_1_2": {
			"ertongjie_neicheng_childrenday_star_4_1_": { "x": -1.81, "y": 505.59, "width": 17, "height": 17 }
		},
		"ertongjie_neicheng_childrenday_star_4_2_2": {
			"ertongjie_neicheng_childrenday_star_4_2_": { "x": 93.68, "y": 609.59, "width": 42, "height": 33 }
		},
		"ertongjie_neicheng_childrenday_star_4_3_2": {
			"ertongjie_neicheng_childrenday_star_4_3_": { "x": 133.18, "y": 521.59, "width": 51, "height": 65 }
		},
		"ertongjie_neicheng_childrenday_star_4_4_2": {
			"ertongjie_neicheng_childrenday_star_4_4_": { "x": 227.68, "y": 565.59, "width": 18, "height": 19 }
		},
		"ertongjie_neicheng_childrenday_star_4_5_2": {
			"ertongjie_neicheng_childrenday_star_4_5_": { "x": 241.68, "y": 436.09, "width": 22, "height": 22 }
		},
		"ertongjie_neicheng_childrendayrainbow_texiao_0_0_2": {
			"ertongjie_neicheng_childrendayrainbow_texiao_0_0_": { "x": -81.31, "y": 339.09, "width": 326, "height": 290 }
		},
		"ertongjie_neicheng_childrendayrainbow_texiao_0_1_2": {
			"ertongjie_neicheng_childrendayrainbow_texiao_0_1_": { "x": 69.18, "y": 555.59, "width": 461, "height": 143 }
		},
		"ertongjie_neicheng_childrendayrainbow_texiao_0_2_2": {
			"ertongjie_neicheng_childrendayrainbow_texiao_0_2_": { "x": 279.68, "y": 425.59, "width": 108, "height": 117 }
		},
		"ertongjie_neicheng_childrendayrainbow_texiao_1_2": {
			"ertongjie_neicheng_childrendayrainbow_texiao_1_": { "x": -143.81, "y": 326.09, "width": 217, "height": 322 }
		},
		"ertongjie_neicheng_childrendayrainbow_texiao_2_2": {
			"ertongjie_neicheng_childrendayrainbow_texiao_2_": { "x": -99.31, "y": 404.59, "width": 248, "height": 431 }
		},
		"ertongjie_neicheng_childrendayrainbow_texiao_3_0_2": {
			"ertongjie_neicheng_childrendayrainbow_texiao_3_0_": { "x": -106.81, "y": 323.09, "width": 287, "height": 336 }
		},
		"ertongjie_neicheng_childrendayrainbow_texiao_3_1_2": {
			"ertongjie_neicheng_childrendayrainbow_texiao_3_1_": { "x": -3.81, "y": 558.59, "width": 333, "height": 137 }
		},
		"ertongjie_neicheng_childrendayrainbow_texiao_4_0_2": {
			"ertongjie_neicheng_childrendayrainbow_texiao_4_0_": { "x": -110.81, "y": 301.09, "width": 271, "height": 298 }
		},
		"ertongjie_neicheng_childrendayrainbow_texiao_4_1_2": {
			"ertongjie_neicheng_childrendayrainbow_texiao_4_1_": { "x": 163.68, "y": 518.09, "width": 268, "height": 218 }
		},
		"ertongjie_neicheng_childrendayrainbow_texiao_4_2_2": {
			"ertongjie_neicheng_childrendayrainbow_texiao_4_2_": { "x": -79.81, "y": 538.09, "width": 221, "height": 178 }
		},
		"ertongjie_neicheng_stra_1_": {
			"ertongjie_neicheng_stra_1_": { "x": -39.81, "y": 543.59, "width": 229, "height": 165 }
		},
		"ertongjie_neicheng_stra_2_": {
			"ertongjie_neicheng_stra_2_": { "x": -189.31, "y": 491.09, "width": 18, "height": 18 }
		},
		"ertongjie_neicheng_stra_3_": {
			"ertongjie_neicheng_stra_3_": { "x": 222.18, "y": 580.09, "width": 29, "height": 28 }
		},
		"ertongjie_neicheng_stra_4_": {
			"ertongjie_neicheng_stra_4_": { "x": -196.81, "y": 585.09, "width": 53, "height": 36 }
		},
		"ertongjie_neicheng_yanwu_2_": {
			"ertongjie_neicheng_yanwu_2_": { "x": 70.18, "y": 181.1, "width": 153, "height": 356 }
		},
		"ertongjie_neicheng_yanwu_3_": {
			"ertongjie_neicheng_yanwu_3_": { "x": 284.68, "y": 224.1, "width": 278, "height": 308 }
		},
		"ertongjie_neichengyanwu_1_": {
			"ertongjie_neichengyanwu_1_": { "x": -156.31, "y": 187.6, "width": 300, "height": 345 }
		}
	}
},
"animations": {
	"animation": {
		"slots": {
			"ertongjie_neicheng_1_": {
				"attachment": [
					{ "time": 0, "name": "ertongjie_neicheng_1_" }
				]
			},
			"ertongjie_neicheng_childrenday_star_0_0_2": {
				"attachment": [
					{ "time": 0, "name": "ertongjie_neicheng_childrenday_star_0_0_" },
					{ "time": 0.1333, "name": null },
					{ "time": 0.6666, "name": "ertongjie_neicheng_childrenday_star_0_0_" },
					{ "time": 0.8, "name": null },
					{ "time": 1.3333, "name": "ertongjie_neicheng_childrenday_star_0_0_" },
					{ "time": 1.4666, "name": null },
					{ "time": 2, "name": "ertongjie_neicheng_childrenday_star_0_0_" },
					{ "time": 2.1333, "name": null },
					{ "time": 2.6666, "name": "ertongjie_neicheng_childrenday_star_0_0_" },
					{ "time": 2.8, "name": null },
					{ "time": 3.3333, "name": "ertongjie_neicheng_childrenday_star_0_0_" },
					{ "time": 3.4666, "name": null },
					{ "time": 4, "name": "ertongjie_neicheng_childrenday_star_0_0_" },
					{ "time": 4.1333, "name": null },
					{ "time": 4.6666, "name": "ertongjie_neicheng_childrenday_star_0_0_" },
					{ "time": 4.8, "name": null }
				],
				"color": [
					{ "time": 0, "color": "ffffffff", "curve": "stepped" },
					{ "time": 0.6666, "color": "ffffffff", "curve": "stepped" },
					{ "time": 0.9333, "color": "ffffffff", "curve": "stepped" },
					{ "time": 1.2, "color": "ffffffff", "curve": "stepped" },
					{ "time": 1.3333, "color": "ffffffff", "curve": "stepped" },
					{ "time": 3.3666, "color": "ffffffff" },
					{ "time": 3.7333, "color": "ffffff00" }
				]
			},
			"ertongjie_neicheng_childrenday_star_0_1_2": {
				"attachment": [
					{ "time": 0, "name": "ertongjie_neicheng_childrenday_star_0_1_" },
					{ "time": 0.1333, "name": null },
					{ "time": 0.6666, "name": "ertongjie_neicheng_childrenday_star_0_1_" },
					{ "time": 0.8, "name": null },
					{ "time": 1.3333, "name": "ertongjie_neicheng_childrenday_star_0_1_" },
					{ "time": 1.4666, "name": null },
					{ "time": 2, "name": "ertongjie_neicheng_childrenday_star_0_1_" },
					{ "time": 2.1333, "name": null },
					{ "time": 2.6666, "name": "ertongjie_neicheng_childrenday_star_0_1_" },
					{ "time": 2.8, "name": null },
					{ "time": 3.3333, "name": "ertongjie_neicheng_childrenday_star_0_1_" },
					{ "time": 3.4666, "name": null },
					{ "time": 4, "name": "ertongjie_neicheng_childrenday_star_0_1_" },
					{ "time": 4.1333, "name": null },
					{ "time": 4.6666, "name": "ertongjie_neicheng_childrenday_star_0_1_" },
					{ "time": 4.8, "name": null }
				],
				"color": [
					{ "time": 0, "color": "ffffffff", "curve": "stepped" },
					{ "time": 0.6666, "color": "ffffffff", "curve": "stepped" },
					{ "time": 0.9333, "color": "ffffffff", "curve": "stepped" },
					{ "time": 1.2, "color": "ffffffff", "curve": "stepped" },
					{ "time": 1.3333, "color": "ffffffff", "curve": "stepped" },
					{ "time": 3.3666, "color": "ffffffff" },
					{ "time": 3.7333, "color": "ffffff00" }
				]
			},
			"ertongjie_neicheng_childrenday_star_0_2_2": {
				"attachment": [
					{ "time": 0, "name": "ertongjie_neicheng_childrenday_star_0_2_" },
					{ "time": 0.1333, "name": null },
					{ "time": 0.6666, "name": "ertongjie_neicheng_childrenday_star_0_2_" },
					{ "time": 0.8, "name": null },
					{ "time": 1.3333, "name": "ertongjie_neicheng_childrenday_star_0_2_" },
					{ "time": 1.4666, "name": null },
					{ "time": 2, "name": "ertongjie_neicheng_childrenday_star_0_2_" },
					{ "time": 2.1333, "name": null },
					{ "time": 2.6666, "name": "ertongjie_neicheng_childrenday_star_0_2_" },
					{ "time": 2.8, "name": null },
					{ "time": 3.3333, "name": "ertongjie_neicheng_childrenday_star_0_2_" },
					{ "time": 3.4666, "name": null },
					{ "time": 4, "name": "ertongjie_neicheng_childrenday_star_0_2_" },
					{ "time": 4.1333, "name": null },
					{ "time": 4.6666, "name": "ertongjie_neicheng_childrenday_star_0_2_" },
					{ "time": 4.8, "name": null }
				],
				"color": [
					{ "time": 0, "color": "ffffffff", "curve": "stepped" },
					{ "time": 0.6666, "color": "ffffffff", "curve": "stepped" },
					{ "time": 0.9333, "color": "ffffffff", "curve": "stepped" },
					{ "time": 1.2, "color": "ffffffff", "curve": "stepped" },
					{ "time": 1.3333, "color": "ffffffff", "curve": "stepped" },
					{ "time": 3.3666, "color": "ffffffff" },
					{ "time": 3.7333, "color": "ffffff00" }
				]
			},
			"ertongjie_neicheng_childrenday_star_0_3_2": {
				"attachment": [
					{ "time": 0, "name": "ertongjie_neicheng_childrenday_star_0_3_" },
					{ "time": 0.1333, "name": null },
					{ "time": 0.6666, "name": "ertongjie_neicheng_childrenday_star_0_3_" },
					{ "time": 0.8, "name": null },
					{ "time": 1.3333, "name": "ertongjie_neicheng_childrenday_star_0_3_" },
					{ "time": 1.4666, "name": null },
					{ "time": 2, "name": "ertongjie_neicheng_childrenday_star_0_3_" },
					{ "time": 2.1333, "name": null },
					{ "time": 2.6666, "name": "ertongjie_neicheng_childrenday_star_0_3_" },
					{ "time": 2.8, "name": null },
					{ "time": 3.3333, "name": "ertongjie_neicheng_childrenday_star_0_3_" },
					{ "time": 3.4666, "name": null },
					{ "time": 4, "name": "ertongjie_neicheng_childrenday_star_0_3_" },
					{ "time": 4.1333, "name": null },
					{ "time": 4.6666, "name": "ertongjie_neicheng_childrenday_star_0_3_" },
					{ "time": 4.8, "name": null }
				],
				"color": [
					{ "time": 0, "color": "ffffffff", "curve": "stepped" },
					{ "time": 0.6666, "color": "ffffffff", "curve": "stepped" },
					{ "time": 0.9333, "color": "ffffffff", "curve": "stepped" },
					{ "time": 1.2, "color": "ffffffff", "curve": "stepped" },
					{ "time": 1.3333, "color": "ffffffff", "curve": "stepped" },
					{ "time": 3.3666, "color": "ffffffff" },
					{ "time": 3.7333, "color": "ffffff00" }
				]
			},
			"ertongjie_neicheng_childrenday_star_0_4_2": {
				"attachment": [
					{ "time": 0, "name": "ertongjie_neicheng_childrenday_star_0_4_" },
					{ "time": 0.1333, "name": null },
					{ "time": 0.6666, "name": "ertongjie_neicheng_childrenday_star_0_4_" },
					{ "time": 0.8, "name": null },
					{ "time": 1.3333, "name": "ertongjie_neicheng_childrenday_star_0_4_" },
					{ "time": 1.4666, "name": null },
					{ "time": 2, "name": "ertongjie_neicheng_childrenday_star_0_4_" },
					{ "time": 2.1333, "name": null },
					{ "time": 2.6666, "name": "ertongjie_neicheng_childrenday_star_0_4_" },
					{ "time": 2.8, "name": null },
					{ "time": 3.3333, "name": "ertongjie_neicheng_childrenday_star_0_4_" },
					{ "time": 3.4666, "name": null },
					{ "time": 4, "name": "ertongjie_neicheng_childrenday_star_0_4_" },
					{ "time": 4.1333, "name": null },
					{ "time": 4.6666, "name": "ertongjie_neicheng_childrenday_star_0_4_" },
					{ "time": 4.8, "name": null }
				],
				"color": [
					{ "time": 0, "color": "ffffffff", "curve": "stepped" },
					{ "time": 0.6666, "color": "ffffffff", "curve": "stepped" },
					{ "time": 0.9333, "color": "ffffffff", "curve": "stepped" },
					{ "time": 1.2, "color": "ffffffff", "curve": "stepped" },
					{ "time": 1.3333, "color": "ffffffff", "curve": "stepped" },
					{ "time": 3.3666, "color": "ffffffff" },
					{ "time": 3.7333, "color": "ffffff00" }
				]
			},
			"ertongjie_neicheng_childrenday_star_1_0_2": {
				"attachment": [
					{ "time": 0.1333, "name": "ertongjie_neicheng_childrenday_star_1_0_" },
					{ "time": 0.2666, "name": null },
					{ "time": 0.8, "name": "ertongjie_neicheng_childrenday_star_1_0_" },
					{ "time": 0.9333, "name": null },
					{ "time": 1.4666, "name": "ertongjie_neicheng_childrenday_star_1_0_" },
					{ "time": 1.6, "name": null },
					{ "time": 2.1333, "name": "ertongjie_neicheng_childrenday_star_1_0_" },
					{ "time": 2.2666, "name": null },
					{ "time": 2.8, "name": "ertongjie_neicheng_childrenday_star_1_0_" },
					{ "time": 2.9333, "name": null },
					{ "time": 3.4666, "name": "ertongjie_neicheng_childrenday_star_1_0_" },
					{ "time": 3.6, "name": null },
					{ "time": 4.1333, "name": "ertongjie_neicheng_childrenday_star_1_0_" },
					{ "time": 4.2666, "name": null },
					{ "time": 4.8, "name": "ertongjie_neicheng_childrenday_star_1_0_" },
					{ "time": 4.9333, "name": null }
				],
				"color": [
					{ "time": 0, "color": "ffffffff", "curve": "stepped" },
					{ "time": 0.6666, "color": "ffffffff", "curve": "stepped" },
					{ "time": 0.9333, "color": "ffffffff", "curve": "stepped" },
					{ "time": 1.2, "color": "ffffffff", "curve": "stepped" },
					{ "time": 1.3333, "color": "ffffffff", "curve": "stepped" },
					{ "time": 3.3666, "color": "ffffffff" },
					{ "time": 3.7333, "color": "ffffff00" }
				]
			},
			"ertongjie_neicheng_childrenday_star_1_1_2": {
				"attachment": [
					{ "time": 0.1333, "name": "ertongjie_neicheng_childrenday_star_1_1_" },
					{ "time": 0.2666, "name": null },
					{ "time": 0.8, "name": "ertongjie_neicheng_childrenday_star_1_1_" },
					{ "time": 0.9333, "name": null },
					{ "time": 1.4666, "name": "ertongjie_neicheng_childrenday_star_1_1_" },
					{ "time": 1.6, "name": null },
					{ "time": 2.1333, "name": "ertongjie_neicheng_childrenday_star_1_1_" },
					{ "time": 2.2666, "name": null },
					{ "time": 2.8, "name": "ertongjie_neicheng_childrenday_star_1_1_" },
					{ "time": 2.9333, "name": null },
					{ "time": 3.4666, "name": "ertongjie_neicheng_childrenday_star_1_1_" },
					{ "time": 3.6, "name": null },
					{ "time": 4.1333, "name": "ertongjie_neicheng_childrenday_star_1_1_" },
					{ "time": 4.2666, "name": null },
					{ "time": 4.8, "name": "ertongjie_neicheng_childrenday_star_1_1_" },
					{ "time": 4.9333, "name": null }
				],
				"color": [
					{ "time": 0, "color": "ffffffff", "curve": "stepped" },
					{ "time": 0.6666, "color": "ffffffff", "curve": "stepped" },
					{ "time": 0.9333, "color": "ffffffff", "curve": "stepped" },
					{ "time": 1.2, "color": "ffffffff", "curve": "stepped" },
					{ "time": 1.3333, "color": "ffffffff", "curve": "stepped" },
					{ "time": 3.3666, "color": "ffffffff" },
					{ "time": 3.7333, "color": "ffffff00" }
				]
			},
			"ertongjie_neicheng_childrenday_star_1_2_2": {
				"attachment": [
					{ "time": 0.1333, "name": "ertongjie_neicheng_childrenday_star_1_2_" },
					{ "time": 0.2666, "name": null },
					{ "time": 0.8, "name": "ertongjie_neicheng_childrenday_star_1_2_" },
					{ "time": 0.9333, "name": null },
					{ "time": 1.4666, "name": "ertongjie_neicheng_childrenday_star_1_2_" },
					{ "time": 1.6, "name": null },
					{ "time": 2.1333, "name": "ertongjie_neicheng_childrenday_star_1_2_" },
					{ "time": 2.2666, "name": null },
					{ "time": 2.8, "name": "ertongjie_neicheng_childrenday_star_1_2_" },
					{ "time": 2.9333, "name": null },
					{ "time": 3.4666, "name": "ertongjie_neicheng_childrenday_star_1_2_" },
					{ "time": 3.6, "name": null },
					{ "time": 4.1333, "name": "ertongjie_neicheng_childrenday_star_1_2_" },
					{ "time": 4.2666, "name": null },
					{ "time": 4.8, "name": "ertongjie_neicheng_childrenday_star_1_2_" },
					{ "time": 4.9333, "name": null }
				],
				"color": [
					{ "time": 0, "color": "ffffffff", "curve": "stepped" },
					{ "time": 0.6666, "color": "ffffffff", "curve": "stepped" },
					{ "time": 0.9333, "color": "ffffffff", "curve": "stepped" },
					{ "time": 1.2, "color": "ffffffff", "curve": "stepped" },
					{ "time": 1.3333, "color": "ffffffff", "curve": "stepped" },
					{ "time": 3.3666, "color": "ffffffff" },
					{ "time": 3.7333, "color": "ffffff00" }
				]
			},
			"ertongjie_neicheng_childrenday_star_1_3_2": {
				"attachment": [
					{ "time": 0.1333, "name": "ertongjie_neicheng_childrenday_star_1_3_" },
					{ "time": 0.2666, "name": null },
					{ "time": 0.8, "name": "ertongjie_neicheng_childrenday_star_1_3_" },
					{ "time": 0.9333, "name": null },
					{ "time": 1.4666, "name": "ertongjie_neicheng_childrenday_star_1_3_" },
					{ "time": 1.6, "name": null },
					{ "time": 2.1333, "name": "ertongjie_neicheng_childrenday_star_1_3_" },
					{ "time": 2.2666, "name": null },
					{ "time": 2.8, "name": "ertongjie_neicheng_childrenday_star_1_3_" },
					{ "time": 2.9333, "name": null },
					{ "time": 3.4666, "name": "ertongjie_neicheng_childrenday_star_1_3_" },
					{ "time": 3.6, "name": null },
					{ "time": 4.1333, "name": "ertongjie_neicheng_childrenday_star_1_3_" },
					{ "time": 4.2666, "name": null },
					{ "time": 4.8, "name": "ertongjie_neicheng_childrenday_star_1_3_" },
					{ "time": 4.9333, "name": null }
				],
				"color": [
					{ "time": 0, "color": "ffffffff", "curve": "stepped" },
					{ "time": 0.6666, "color": "ffffffff", "curve": "stepped" },
					{ "time": 0.9333, "color": "ffffffff", "curve": "stepped" },
					{ "time": 1.2, "color": "ffffffff", "curve": "stepped" },
					{ "time": 1.3333, "color": "ffffffff", "curve": "stepped" },
					{ "time": 3.3666, "color": "ffffffff" },
					{ "time": 3.7333, "color": "ffffff00" }
				]
			},
			"ertongjie_neicheng_childrenday_star_1_4_2": {
				"attachment": [
					{ "time": 0.1333, "name": "ertongjie_neicheng_childrenday_star_1_4_" },
					{ "time": 0.2666, "name": null },
					{ "time": 0.8, "name": "ertongjie_neicheng_childrenday_star_1_4_" },
					{ "time": 0.9333, "name": null },
					{ "time": 1.4666, "name": "ertongjie_neicheng_childrenday_star_1_4_" },
					{ "time": 1.6, "name": null },
					{ "time": 2.1333, "name": "ertongjie_neicheng_childrenday_star_1_4_" },
					{ "time": 2.2666, "name": null },
					{ "time": 2.8, "name": "ertongjie_neicheng_childrenday_star_1_4_" },
					{ "time": 2.9333, "name": null },
					{ "time": 3.4666, "name": "ertongjie_neicheng_childrenday_star_1_4_" },
					{ "time": 3.6, "name": null },
					{ "time": 4.1333, "name": "ertongjie_neicheng_childrenday_star_1_4_" },
					{ "time": 4.2666, "name": null },
					{ "time": 4.8, "name": "ertongjie_neicheng_childrenday_star_1_4_" },
					{ "time": 4.9333, "name": null }
				],
				"color": [
					{ "time": 0, "color": "ffffffff", "curve": "stepped" },
					{ "time": 0.6666, "color": "ffffffff", "curve": "stepped" },
					{ "time": 0.9333, "color": "ffffffff", "curve": "stepped" },
					{ "time": 1.2, "color": "ffffffff", "curve": "stepped" },
					{ "time": 1.3333, "color": "ffffffff", "curve": "stepped" },
					{ "time": 3.3666, "color": "ffffffff" },
					{ "time": 3.7333, "color": "ffffff00" }
				]
			},
			"ertongjie_neicheng_childrenday_star_1_5_2": {
				"attachment": [
					{ "time": 0.1333, "name": "ertongjie_neicheng_childrenday_star_1_5_" },
					{ "time": 0.2666, "name": null },
					{ "time": 0.8, "name": "ertongjie_neicheng_childrenday_star_1_5_" },
					{ "time": 0.9333, "name": null },
					{ "time": 1.4666, "name": "ertongjie_neicheng_childrenday_star_1_5_" },
					{ "time": 1.6, "name": null },
					{ "time": 2.1333, "name": "ertongjie_neicheng_childrenday_star_1_5_" },
					{ "time": 2.2666, "name": null },
					{ "time": 2.8, "name": "ertongjie_neicheng_childrenday_star_1_5_" },
					{ "time": 2.9333, "name": null },
					{ "time": 3.4666, "name": "ertongjie_neicheng_childrenday_star_1_5_" },
					{ "time": 3.6, "name": null },
					{ "time": 4.1333, "name": "ertongjie_neicheng_childrenday_star_1_5_" },
					{ "time": 4.2666, "name": null },
					{ "time": 4.8, "name": "ertongjie_neicheng_childrenday_star_1_5_" },
					{ "time": 4.9333, "name": null }
				],
				"color": [
					{ "time": 0, "color": "ffffffff", "curve": "stepped" },
					{ "time": 0.6666, "color": "ffffffff", "curve": "stepped" },
					{ "time": 0.9333, "color": "ffffffff", "curve": "stepped" },
					{ "time": 1.2, "color": "ffffffff", "curve": "stepped" },
					{ "time": 1.3333, "color": "ffffffff", "curve": "stepped" },
					{ "time": 3.3666, "color": "ffffffff" },
					{ "time": 3.7333, "color": "ffffff00" }
				]
			},
			"ertongjie_neicheng_childrenday_star_2_0_2": {
				"attachment": [
					{ "time": 0.2666, "name": "ertongjie_neicheng_childrenday_star_2_0_" },
					{ "time": 0.4, "name": null },
					{ "time": 0.9333, "name": "ertongjie_neicheng_childrenday_star_2_0_" },
					{ "time": 1.0666, "name": "ertongjie_neicheng_childrenday_star_2_0_" },
					{ "time": 1.6, "name": "ertongjie_neicheng_childrenday_star_2_0_" },
					{ "time": 1.7333, "name": null },
					{ "time": 2.2666, "name": "ertongjie_neicheng_childrenday_star_2_0_" },
					{ "time": 2.4, "name": null },
					{ "time": 2.9333, "name": "ertongjie_neicheng_childrenday_star_2_0_" },
					{ "time": 3.0666, "name": null },
					{ "time": 3.6, "name": "ertongjie_neicheng_childrenday_star_2_0_" },
					{ "time": 3.7333, "name": null },
					{ "time": 4.2666, "name": "ertongjie_neicheng_childrenday_star_2_0_" },
					{ "time": 4.4, "name": null },
					{ "time": 4.9333, "name": "ertongjie_neicheng_childrenday_star_2_0_" },
					{ "time": 5.0666, "name": null }
				],
				"color": [
					{ "time": 0, "color": "ffffffff", "curve": "stepped" },
					{ "time": 0.6666, "color": "ffffffff", "curve": "stepped" },
					{ "time": 0.9333, "color": "ffffffff", "curve": "stepped" },
					{ "time": 1.2, "color": "ffffffff", "curve": "stepped" },
					{ "time": 1.3333, "color": "ffffffff", "curve": "stepped" },
					{ "time": 3.3666, "color": "ffffffff" },
					{ "time": 3.7333, "color": "ffffff00" }
				]
			},
			"ertongjie_neicheng_childrenday_star_2_1_2": {
				"attachment": [
					{ "time": 0.2666, "name": "ertongjie_neicheng_childrenday_star_2_1_" },
					{ "time": 0.4, "name": null },
					{ "time": 0.9333, "name": "ertongjie_neicheng_childrenday_star_2_1_" },
					{ "time": 1.0666, "name": "ertongjie_neicheng_childrenday_star_2_1_" },
					{ "time": 1.6, "name": "ertongjie_neicheng_childrenday_star_2_1_" },
					{ "time": 1.7333, "name": null },
					{ "time": 2.2666, "name": "ertongjie_neicheng_childrenday_star_2_1_" },
					{ "time": 2.4, "name": null },
					{ "time": 2.9333, "name": "ertongjie_neicheng_childrenday_star_2_1_" },
					{ "time": 3.0666, "name": null },
					{ "time": 3.6, "name": "ertongjie_neicheng_childrenday_star_2_1_" },
					{ "time": 3.7333, "name": null },
					{ "time": 4.2666, "name": "ertongjie_neicheng_childrenday_star_2_1_" },
					{ "time": 4.4, "name": null },
					{ "time": 4.9333, "name": "ertongjie_neicheng_childrenday_star_2_1_" },
					{ "time": 5.0666, "name": null }
				],
				"color": [
					{ "time": 0, "color": "ffffffff", "curve": "stepped" },
					{ "time": 0.6666, "color": "ffffffff", "curve": "stepped" },
					{ "time": 0.9333, "color": "ffffffff", "curve": "stepped" },
					{ "time": 1.2, "color": "ffffffff", "curve": "stepped" },
					{ "time": 1.3333, "color": "ffffffff", "curve": "stepped" },
					{ "time": 3.3666, "color": "ffffffff" },
					{ "time": 3.7333, "color": "ffffff00" }
				]
			},
			"ertongjie_neicheng_childrenday_star_2_2_2": {
				"attachment": [
					{ "time": 0.2666, "name": "ertongjie_neicheng_childrenday_star_2_2_" },
					{ "time": 0.4, "name": null },
					{ "time": 0.9333, "name": "ertongjie_neicheng_childrenday_star_2_2_" },
					{ "time": 1.0666, "name": "ertongjie_neicheng_childrenday_star_2_2_" },
					{ "time": 1.6, "name": "ertongjie_neicheng_childrenday_star_2_2_" },
					{ "time": 1.7333, "name": null },
					{ "time": 2.2666, "name": "ertongjie_neicheng_childrenday_star_2_2_" },
					{ "time": 2.4, "name": null },
					{ "time": 2.9333, "name": "ertongjie_neicheng_childrenday_star_2_2_" },
					{ "time": 3.0666, "name": null },
					{ "time": 3.6, "name": "ertongjie_neicheng_childrenday_star_2_2_" },
					{ "time": 3.7333, "name": null },
					{ "time": 4.2666, "name": "ertongjie_neicheng_childrenday_star_2_2_" },
					{ "time": 4.4, "name": null },
					{ "time": 4.9333, "name": "ertongjie_neicheng_childrenday_star_2_2_" },
					{ "time": 5.0666, "name": null }
				],
				"color": [
					{ "time": 0, "color": "ffffffff", "curve": "stepped" },
					{ "time": 0.6666, "color": "ffffffff", "curve": "stepped" },
					{ "time": 0.9333, "color": "ffffffff", "curve": "stepped" },
					{ "time": 1.2, "color": "ffffffff", "curve": "stepped" },
					{ "time": 1.3333, "color": "ffffffff", "curve": "stepped" },
					{ "time": 3.3666, "color": "ffffffff" },
					{ "time": 3.7333, "color": "ffffff00" }
				]
			},
			"ertongjie_neicheng_childrenday_star_2_3_2": {
				"attachment": [
					{ "time": 0.2666, "name": "ertongjie_neicheng_childrenday_star_2_3_" },
					{ "time": 0.4, "name": null },
					{ "time": 0.9333, "name": "ertongjie_neicheng_childrenday_star_2_3_" },
					{ "time": 1.0666, "name": "ertongjie_neicheng_childrenday_star_2_3_" },
					{ "time": 1.6, "name": "ertongjie_neicheng_childrenday_star_2_3_" },
					{ "time": 1.7333, "name": null },
					{ "time": 2.2666, "name": "ertongjie_neicheng_childrenday_star_2_3_" },
					{ "time": 2.4, "name": null },
					{ "time": 2.9333, "name": "ertongjie_neicheng_childrenday_star_2_3_" },
					{ "time": 3.0666, "name": null },
					{ "time": 3.6, "name": "ertongjie_neicheng_childrenday_star_2_3_" },
					{ "time": 3.7333, "name": null },
					{ "time": 4.2666, "name": "ertongjie_neicheng_childrenday_star_2_3_" },
					{ "time": 4.4, "name": null },
					{ "time": 4.9333, "name": "ertongjie_neicheng_childrenday_star_2_3_" },
					{ "time": 5.0666, "name": null }
				],
				"color": [
					{ "time": 0, "color": "ffffffff", "curve": "stepped" },
					{ "time": 0.6666, "color": "ffffffff", "curve": "stepped" },
					{ "time": 0.9333, "color": "ffffffff", "curve": "stepped" },
					{ "time": 1.2, "color": "ffffffff", "curve": "stepped" },
					{ "time": 1.3333, "color": "ffffffff", "curve": "stepped" },
					{ "time": 3.3666, "color": "ffffffff" },
					{ "time": 3.7333, "color": "ffffff00" }
				]
			},
			"ertongjie_neicheng_childrenday_star_2_4_2": {
				"attachment": [
					{ "time": 0.2666, "name": "ertongjie_neicheng_childrenday_star_2_4_" },
					{ "time": 0.4, "name": null },
					{ "time": 0.9333, "name": "ertongjie_neicheng_childrenday_star_2_4_" },
					{ "time": 1.0666, "name": "ertongjie_neicheng_childrenday_star_2_4_" },
					{ "time": 1.6, "name": "ertongjie_neicheng_childrenday_star_2_4_" },
					{ "time": 1.7333, "name": null },
					{ "time": 2.2666, "name": "ertongjie_neicheng_childrenday_star_2_4_" },
					{ "time": 2.4, "name": null },
					{ "time": 2.9333, "name": "ertongjie_neicheng_childrenday_star_2_4_" },
					{ "time": 3.0666, "name": null },
					{ "time": 3.6, "name": "ertongjie_neicheng_childrenday_star_2_4_" },
					{ "time": 3.7333, "name": null },
					{ "time": 4.2666, "name": "ertongjie_neicheng_childrenday_star_2_4_" },
					{ "time": 4.4, "name": null },
					{ "time": 4.9333, "name": "ertongjie_neicheng_childrenday_star_2_4_" },
					{ "time": 5.0666, "name": null }
				],
				"color": [
					{ "time": 0, "color": "ffffffff", "curve": "stepped" },
					{ "time": 0.6666, "color": "ffffffff", "curve": "stepped" },
					{ "time": 0.9333, "color": "ffffffff", "curve": "stepped" },
					{ "time": 1.2, "color": "ffffffff", "curve": "stepped" },
					{ "time": 1.3333, "color": "ffffffff", "curve": "stepped" },
					{ "time": 3.3666, "color": "ffffffff" },
					{ "time": 3.7333, "color": "ffffff00" }
				]
			},
			"ertongjie_neicheng_childrenday_star_3_0_2": {
				"attachment": [
					{ "time": 0.4, "name": "ertongjie_neicheng_childrenday_star_3_0_" },
					{ "time": 0.5333, "name": null },
					{ "time": 1.0666, "name": null },
					{ "time": 1.2, "name": null },
					{ "time": 1.7333, "name": "ertongjie_neicheng_childrenday_star_3_0_" },
					{ "time": 1.8666, "name": null },
					{ "time": 2.4, "name": "ertongjie_neicheng_childrenday_star_3_0_" },
					{ "time": 2.5333, "name": null },
					{ "time": 3.0666, "name": "ertongjie_neicheng_childrenday_star_3_0_" },
					{ "time": 3.2, "name": null },
					{ "time": 3.7333, "name": "ertongjie_neicheng_childrenday_star_3_0_" },
					{ "time": 3.8666, "name": null },
					{ "time": 4.4, "name": "ertongjie_neicheng_childrenday_star_3_0_" },
					{ "time": 4.5333, "name": null },
					{ "time": 5.0666, "name": "ertongjie_neicheng_childrenday_star_3_0_" },
					{ "time": 5.2, "name": null }
				],
				"color": [
					{ "time": 0, "color": "ffffffff", "curve": "stepped" },
					{ "time": 0.6666, "color": "ffffffff", "curve": "stepped" },
					{ "time": 0.9333, "color": "ffffffff", "curve": "stepped" },
					{ "time": 1.2, "color": "ffffffff", "curve": "stepped" },
					{ "time": 1.3333, "color": "ffffffff", "curve": "stepped" },
					{ "time": 3.3666, "color": "ffffffff" },
					{ "time": 3.7333, "color": "ffffff00" }
				]
			},
			"ertongjie_neicheng_childrenday_star_3_1_2": {
				"attachment": [
					{ "time": 0.4, "name": "ertongjie_neicheng_childrenday_star_3_1_" },
					{ "time": 0.5333, "name": null },
					{ "time": 1.0666, "name": null },
					{ "time": 1.2, "name": null },
					{ "time": 1.7333, "name": "ertongjie_neicheng_childrenday_star_3_1_" },
					{ "time": 1.8666, "name": null },
					{ "time": 2.4, "name": "ertongjie_neicheng_childrenday_star_3_1_" },
					{ "time": 2.5333, "name": null },
					{ "time": 3.0666, "name": "ertongjie_neicheng_childrenday_star_3_1_" },
					{ "time": 3.2, "name": null },
					{ "time": 3.7333, "name": "ertongjie_neicheng_childrenday_star_3_1_" },
					{ "time": 3.8666, "name": null },
					{ "time": 4.4, "name": "ertongjie_neicheng_childrenday_star_3_1_" },
					{ "time": 4.5333, "name": null },
					{ "time": 5.0666, "name": "ertongjie_neicheng_childrenday_star_3_1_" },
					{ "time": 5.2, "name": null }
				],
				"color": [
					{ "time": 0, "color": "ffffffff", "curve": "stepped" },
					{ "time": 0.6666, "color": "ffffffff", "curve": "stepped" },
					{ "time": 0.9333, "color": "ffffffff", "curve": "stepped" },
					{ "time": 1.2, "color": "ffffffff", "curve": "stepped" },
					{ "time": 1.3333, "color": "ffffffff", "curve": "stepped" },
					{ "time": 3.3666, "color": "ffffffff" },
					{ "time": 3.7333, "color": "ffffff00" }
				]
			},
			"ertongjie_neicheng_childrenday_star_3_2_2": {
				"attachment": [
					{ "time": 0.4, "name": "ertongjie_neicheng_childrenday_star_3_2_" },
					{ "time": 0.5333, "name": null },
					{ "time": 1.0666, "name": null },
					{ "time": 1.2, "name": null },
					{ "time": 1.7333, "name": "ertongjie_neicheng_childrenday_star_3_2_" },
					{ "time": 1.8666, "name": null },
					{ "time": 2.4, "name": "ertongjie_neicheng_childrenday_star_3_2_" },
					{ "time": 2.5333, "name": null },
					{ "time": 3.0666, "name": "ertongjie_neicheng_childrenday_star_3_2_" },
					{ "time": 3.2, "name": null },
					{ "time": 3.7333, "name": "ertongjie_neicheng_childrenday_star_3_2_" },
					{ "time": 3.8666, "name": null },
					{ "time": 4.4, "name": "ertongjie_neicheng_childrenday_star_3_2_" },
					{ "time": 4.5333, "name": null },
					{ "time": 5.0666, "name": "ertongjie_neicheng_childrenday_star_3_2_" },
					{ "time": 5.2, "name": null }
				],
				"color": [
					{ "time": 0, "color": "ffffffff", "curve": "stepped" },
					{ "time": 0.6666, "color": "ffffffff", "curve": "stepped" },
					{ "time": 0.9333, "color": "ffffffff", "curve": "stepped" },
					{ "time": 1.2, "color": "ffffffff", "curve": "stepped" },
					{ "time": 1.3333, "color": "ffffffff", "curve": "stepped" },
					{ "time": 3.3666, "color": "ffffffff" },
					{ "time": 3.7333, "color": "ffffff00" }
				]
			},
			"ertongjie_neicheng_childrenday_star_3_3_2": {
				"attachment": [
					{ "time": 0.4, "name": "ertongjie_neicheng_childrenday_star_3_3_" },
					{ "time": 0.5333, "name": null },
					{ "time": 1.0666, "name": null },
					{ "time": 1.2, "name": null },
					{ "time": 1.7333, "name": "ertongjie_neicheng_childrenday_star_3_3_" },
					{ "time": 1.8666, "name": null },
					{ "time": 2.4, "name": "ertongjie_neicheng_childrenday_star_3_3_" },
					{ "time": 2.5333, "name": null },
					{ "time": 3.0666, "name": "ertongjie_neicheng_childrenday_star_3_3_" },
					{ "time": 3.2, "name": null },
					{ "time": 3.7333, "name": "ertongjie_neicheng_childrenday_star_3_3_" },
					{ "time": 3.8666, "name": null },
					{ "time": 4.4, "name": "ertongjie_neicheng_childrenday_star_3_3_" },
					{ "time": 4.5333, "name": null },
					{ "time": 5.0666, "name": "ertongjie_neicheng_childrenday_star_3_3_" },
					{ "time": 5.2, "name": null }
				],
				"color": [
					{ "time": 0, "color": "ffffffff", "curve": "stepped" },
					{ "time": 0.6666, "color": "ffffffff", "curve": "stepped" },
					{ "time": 0.9333, "color": "ffffffff", "curve": "stepped" },
					{ "time": 1.2, "color": "ffffffff", "curve": "stepped" },
					{ "time": 1.3333, "color": "ffffffff", "curve": "stepped" },
					{ "time": 3.3666, "color": "ffffffff" },
					{ "time": 3.7333, "color": "ffffff00" }
				]
			},
			"ertongjie_neicheng_childrenday_star_3_4_2": {
				"attachment": [
					{ "time": 0.4, "name": "ertongjie_neicheng_childrenday_star_3_4_" },
					{ "time": 0.5333, "name": null },
					{ "time": 1.0666, "name": null },
					{ "time": 1.2, "name": null },
					{ "time": 1.7333, "name": "ertongjie_neicheng_childrenday_star_3_4_" },
					{ "time": 1.8666, "name": null },
					{ "time": 2.4, "name": "ertongjie_neicheng_childrenday_star_3_4_" },
					{ "time": 2.5333, "name": null },
					{ "time": 3.0666, "name": "ertongjie_neicheng_childrenday_star_3_4_" },
					{ "time": 3.2, "name": null },
					{ "time": 3.7333, "name": "ertongjie_neicheng_childrenday_star_3_4_" },
					{ "time": 3.8666, "name": null },
					{ "time": 4.4, "name": "ertongjie_neicheng_childrenday_star_3_4_" },
					{ "time": 4.5333, "name": null },
					{ "time": 5.0666, "name": "ertongjie_neicheng_childrenday_star_3_4_" },
					{ "time": 5.2, "name": null }
				],
				"color": [
					{ "time": 0, "color": "ffffffff", "curve": "stepped" },
					{ "time": 0.6666, "color": "ffffffff", "curve": "stepped" },
					{ "time": 0.9333, "color": "ffffffff", "curve": "stepped" },
					{ "time": 1.2, "color": "ffffffff", "curve": "stepped" },
					{ "time": 1.3333, "color": "ffffffff", "curve": "stepped" },
					{ "time": 3.3666, "color": "ffffffff" },
					{ "time": 3.7333, "color": "ffffff00" }
				]
			},
			"ertongjie_neicheng_childrenday_star_3_5_2": {
				"attachment": [
					{ "time": 0.4, "name": "ertongjie_neicheng_childrenday_star_3_5_" },
					{ "time": 0.5333, "name": null },
					{ "time": 1.0666, "name": null },
					{ "time": 1.2, "name": null },
					{ "time": 1.7333, "name": "ertongjie_neicheng_childrenday_star_3_5_" },
					{ "time": 1.8666, "name": null },
					{ "time": 2.4, "name": "ertongjie_neicheng_childrenday_star_3_5_" },
					{ "time": 2.5333, "name": null },
					{ "time": 3.0666, "name": "ertongjie_neicheng_childrenday_star_3_5_" },
					{ "time": 3.2, "name": null },
					{ "time": 3.7333, "name": "ertongjie_neicheng_childrenday_star_3_5_" },
					{ "time": 3.8666, "name": null },
					{ "time": 4.4, "name": "ertongjie_neicheng_childrenday_star_3_5_" },
					{ "time": 4.5333, "name": null },
					{ "time": 5.0666, "name": "ertongjie_neicheng_childrenday_star_3_5_" },
					{ "time": 5.2, "name": null }
				],
				"color": [
					{ "time": 0, "color": "ffffffff", "curve": "stepped" },
					{ "time": 0.6666, "color": "ffffffff", "curve": "stepped" },
					{ "time": 0.9333, "color": "ffffffff", "curve": "stepped" },
					{ "time": 1.2, "color": "ffffffff", "curve": "stepped" },
					{ "time": 1.3333, "color": "ffffffff", "curve": "stepped" },
					{ "time": 3.3666, "color": "ffffffff" },
					{ "time": 3.7333, "color": "ffffff00" }
				]
			},
			"ertongjie_neicheng_childrenday_star_4_0_2": {
				"attachment": [
					{ "time": 0.5333, "name": "ertongjie_neicheng_childrenday_star_4_0_" },
					{ "time": 0.6666, "name": null },
					{ "time": 1.2, "name": "ertongjie_neicheng_childrenday_star_4_0_" },
					{ "time": 1.3333, "name": null },
					{ "time": 1.8666, "name": "ertongjie_neicheng_childrenday_star_4_0_" },
					{ "time": 2, "name": null },
					{ "time": 2.5333, "name": "ertongjie_neicheng_childrenday_star_4_0_" },
					{ "time": 2.6666, "name": null },
					{ "time": 3.2, "name": "ertongjie_neicheng_childrenday_star_4_0_" },
					{ "time": 3.3333, "name": null },
					{ "time": 3.8666, "name": "ertongjie_neicheng_childrenday_star_4_0_" },
					{ "time": 4, "name": null },
					{ "time": 4.5333, "name": "ertongjie_neicheng_childrenday_star_4_0_" },
					{ "time": 4.6666, "name": null },
					{ "time": 5.2, "name": "ertongjie_neicheng_childrenday_star_4_0_" }
				],
				"color": [
					{ "time": 0, "color": "ffffffff", "curve": "stepped" },
					{ "time": 0.6666, "color": "ffffffff", "curve": "stepped" },
					{ "time": 0.9333, "color": "ffffffff", "curve": "stepped" },
					{ "time": 1.2, "color": "ffffffff", "curve": "stepped" },
					{ "time": 1.3333, "color": "ffffffff", "curve": "stepped" },
					{ "time": 3.3666, "color": "ffffffff" },
					{ "time": 3.7333, "color": "ffffff00" }
				]
			},
			"ertongjie_neicheng_childrenday_star_4_1_2": {
				"attachment": [
					{ "time": 0.5333, "name": "ertongjie_neicheng_childrenday_star_4_1_" },
					{ "time": 0.6666, "name": null },
					{ "time": 1.2, "name": "ertongjie_neicheng_childrenday_star_4_1_" },
					{ "time": 1.3333, "name": null },
					{ "time": 1.8666, "name": "ertongjie_neicheng_childrenday_star_4_1_" },
					{ "time": 2, "name": null },
					{ "time": 2.5333, "name": "ertongjie_neicheng_childrenday_star_4_1_" },
					{ "time": 2.6666, "name": null },
					{ "time": 3.2, "name": "ertongjie_neicheng_childrenday_star_4_1_" },
					{ "time": 3.3333, "name": null },
					{ "time": 3.8666, "name": "ertongjie_neicheng_childrenday_star_4_1_" },
					{ "time": 4, "name": null },
					{ "time": 4.5333, "name": "ertongjie_neicheng_childrenday_star_4_1_" },
					{ "time": 4.6666, "name": null },
					{ "time": 5.2, "name": "ertongjie_neicheng_childrenday_star_4_1_" }
				],
				"color": [
					{ "time": 0, "color": "ffffffff", "curve": "stepped" },
					{ "time": 0.6666, "color": "ffffffff", "curve": "stepped" },
					{ "time": 0.9333, "color": "ffffffff", "curve": "stepped" },
					{ "time": 1.2, "color": "ffffffff", "curve": "stepped" },
					{ "time": 1.3333, "color": "ffffffff", "curve": "stepped" },
					{ "time": 3.3666, "color": "ffffffff" },
					{ "time": 3.7333, "color": "ffffff00" }
				]
			},
			"ertongjie_neicheng_childrenday_star_4_2_2": {
				"attachment": [
					{ "time": 0.5333, "name": "ertongjie_neicheng_childrenday_star_4_2_" },
					{ "time": 0.6666, "name": null },
					{ "time": 1.2, "name": "ertongjie_neicheng_childrenday_star_4_2_" },
					{ "time": 1.3333, "name": null },
					{ "time": 1.8666, "name": "ertongjie_neicheng_childrenday_star_4_2_" },
					{ "time": 2, "name": null },
					{ "time": 2.5333, "name": "ertongjie_neicheng_childrenday_star_4_2_" },
					{ "time": 2.6666, "name": null },
					{ "time": 3.2, "name": "ertongjie_neicheng_childrenday_star_4_2_" },
					{ "time": 3.3333, "name": null },
					{ "time": 3.8666, "name": "ertongjie_neicheng_childrenday_star_4_2_" },
					{ "time": 4, "name": null },
					{ "time": 4.5333, "name": "ertongjie_neicheng_childrenday_star_4_2_" },
					{ "time": 4.6666, "name": null },
					{ "time": 5.2, "name": "ertongjie_neicheng_childrenday_star_4_2_" }
				],
				"color": [
					{ "time": 0, "color": "ffffffff", "curve": "stepped" },
					{ "time": 0.6666, "color": "ffffffff", "curve": "stepped" },
					{ "time": 0.9333, "color": "ffffffff", "curve": "stepped" },
					{ "time": 1.2, "color": "ffffffff", "curve": "stepped" },
					{ "time": 1.3333, "color": "ffffffff", "curve": "stepped" },
					{ "time": 3.3666, "color": "ffffffff" },
					{ "time": 3.7333, "color": "ffffff00" }
				]
			},
			"ertongjie_neicheng_childrenday_star_4_3_2": {
				"attachment": [
					{ "time": 0.5333, "name": "ertongjie_neicheng_childrenday_star_4_3_" },
					{ "time": 0.6666, "name": null },
					{ "time": 1.2, "name": "ertongjie_neicheng_childrenday_star_4_3_" },
					{ "time": 1.3333, "name": null },
					{ "time": 1.8666, "name": "ertongjie_neicheng_childrenday_star_4_3_" },
					{ "time": 2, "name": null },
					{ "time": 2.5333, "name": "ertongjie_neicheng_childrenday_star_4_3_" },
					{ "time": 2.6666, "name": null },
					{ "time": 3.2, "name": "ertongjie_neicheng_childrenday_star_4_3_" },
					{ "time": 3.3333, "name": null },
					{ "time": 3.8666, "name": "ertongjie_neicheng_childrenday_star_4_3_" },
					{ "time": 4, "name": null },
					{ "time": 4.5333, "name": "ertongjie_neicheng_childrenday_star_4_3_" },
					{ "time": 4.6666, "name": null },
					{ "time": 5.2, "name": "ertongjie_neicheng_childrenday_star_4_3_" }
				],
				"color": [
					{ "time": 0, "color": "ffffffff", "curve": "stepped" },
					{ "time": 0.6666, "color": "ffffffff", "curve": "stepped" },
					{ "time": 0.9333, "color": "ffffffff", "curve": "stepped" },
					{ "time": 1.2, "color": "ffffffff", "curve": "stepped" },
					{ "time": 1.3333, "color": "ffffffff", "curve": "stepped" },
					{ "time": 3.3666, "color": "ffffffff" },
					{ "time": 3.7333, "color": "ffffff00" }
				]
			},
			"ertongjie_neicheng_childrenday_star_4_4_2": {
				"attachment": [
					{ "time": 0.5333, "name": "ertongjie_neicheng_childrenday_star_4_4_" },
					{ "time": 0.6666, "name": null },
					{ "time": 1.2, "name": "ertongjie_neicheng_childrenday_star_4_4_" },
					{ "time": 1.3333, "name": null },
					{ "time": 1.8666, "name": "ertongjie_neicheng_childrenday_star_4_4_" },
					{ "time": 2, "name": null },
					{ "time": 2.5333, "name": "ertongjie_neicheng_childrenday_star_4_4_" },
					{ "time": 2.6666, "name": null },
					{ "time": 3.2, "name": "ertongjie_neicheng_childrenday_star_4_4_" },
					{ "time": 3.3333, "name": null },
					{ "time": 3.8666, "name": "ertongjie_neicheng_childrenday_star_4_4_" },
					{ "time": 4, "name": null },
					{ "time": 4.5333, "name": "ertongjie_neicheng_childrenday_star_4_4_" },
					{ "time": 4.6666, "name": null },
					{ "time": 5.2, "name": "ertongjie_neicheng_childrenday_star_4_4_" }
				],
				"color": [
					{ "time": 0, "color": "ffffffff", "curve": "stepped" },
					{ "time": 0.6666, "color": "ffffffff", "curve": "stepped" },
					{ "time": 0.9333, "color": "ffffffff", "curve": "stepped" },
					{ "time": 1.2, "color": "ffffffff", "curve": "stepped" },
					{ "time": 1.3333, "color": "ffffffff", "curve": "stepped" },
					{ "time": 3.3666, "color": "ffffffff" },
					{ "time": 3.7333, "color": "ffffff00" }
				]
			},
			"ertongjie_neicheng_childrenday_star_4_5_2": {
				"attachment": [
					{ "time": 0.5333, "name": "ertongjie_neicheng_childrenday_star_4_5_" },
					{ "time": 0.6666, "name": null },
					{ "time": 1.2, "name": "ertongjie_neicheng_childrenday_star_4_5_" },
					{ "time": 1.3333, "name": null },
					{ "time": 1.8666, "name": "ertongjie_neicheng_childrenday_star_4_5_" },
					{ "time": 2, "name": null },
					{ "time": 2.5333, "name": "ertongjie_neicheng_childrenday_star_4_5_" },
					{ "time": 2.6666, "name": null },
					{ "time": 3.2, "name": "ertongjie_neicheng_childrenday_star_4_5_" },
					{ "time": 3.3333, "name": null },
					{ "time": 3.8666, "name": "ertongjie_neicheng_childrenday_star_4_5_" },
					{ "time": 4, "name": null },
					{ "time": 4.5333, "name": "ertongjie_neicheng_childrenday_star_4_5_" },
					{ "time": 4.6666, "name": null },
					{ "time": 5.2, "name": "ertongjie_neicheng_childrenday_star_4_5_" }
				],
				"color": [
					{ "time": 0, "color": "ffffffff", "curve": "stepped" },
					{ "time": 0.6666, "color": "ffffffff", "curve": "stepped" },
					{ "time": 0.9333, "color": "ffffffff", "curve": "stepped" },
					{ "time": 1.2, "color": "ffffffff", "curve": "stepped" },
					{ "time": 1.3333, "color": "ffffffff", "curve": "stepped" },
					{ "time": 3.3666, "color": "ffffffff" },
					{ "time": 3.7333, "color": "ffffff00" }
				]
			},
			"ertongjie_neicheng_childrendayrainbow_texiao_0_0_2": {
				"attachment": [
					{ "time": 0, "name": null },
					{ "time": 0.6666, "name": null },
					{ "time": 0.8666, "name": "ertongjie_neicheng_childrendayrainbow_texiao_0_0_" },
					{ "time": 0.9333, "name": "ertongjie_neicheng_childrendayrainbow_texiao_0_0_" },
					{ "time": 3.0666, "name": "ertongjie_neicheng_childrendayrainbow_texiao_0_0_" }
				],
				"color": [
					{ "time": 0, "color": "ffffffff", "curve": "stepped" },
					{ "time": 0.6666, "color": "ffffffff", "curve": "stepped" },
					{ "time": 0.9333, "color": "ffffffff", "curve": "stepped" },
					{ "time": 3.0666, "color": "ffffffff" },
					{ "time": 3.6, "color": "ffffff00" }
				]
			},
			"ertongjie_neicheng_childrendayrainbow_texiao_0_1_2": {
				"attachment": [
					{ "time": 0, "name": null },
					{ "time": 0.6666, "name": null },
					{ "time": 0.8666, "name": "ertongjie_neicheng_childrendayrainbow_texiao_0_1_" },
					{ "time": 0.9333, "name": "ertongjie_neicheng_childrendayrainbow_texiao_0_1_" },
					{ "time": 3.0666, "name": "ertongjie_neicheng_childrendayrainbow_texiao_0_1_" }
				],
				"color": [
					{ "time": 0, "color": "ffffffff", "curve": "stepped" },
					{ "time": 0.6666, "color": "ffffffff", "curve": "stepped" },
					{ "time": 0.9333, "color": "ffffffff", "curve": "stepped" },
					{ "time": 3.0666, "color": "ffffffff" },
					{ "time": 3.6, "color": "ffffff00" }
				]
			},
			"ertongjie_neicheng_childrendayrainbow_texiao_0_2_2": {
				"attachment": [
					{ "time": 0, "name": null },
					{ "time": 0.6666, "name": null },
					{ "time": 0.8666, "name": "ertongjie_neicheng_childrendayrainbow_texiao_0_2_" },
					{ "time": 0.9333, "name": "ertongjie_neicheng_childrendayrainbow_texiao_0_2_" },
					{ "time": 3.0666, "name": "ertongjie_neicheng_childrendayrainbow_texiao_0_2_" }
				],
				"color": [
					{ "time": 0, "color": "ffffffff", "curve": "stepped" },
					{ "time": 0.6666, "color": "ffffffff", "curve": "stepped" },
					{ "time": 0.9333, "color": "ffffffff", "curve": "stepped" },
					{ "time": 3.0666, "color": "ffffffff" },
					{ "time": 3.6, "color": "ffffff00" }
				]
			},
			"ertongjie_neicheng_childrendayrainbow_texiao_1_2": {
				"attachment": [
					{ "time": 0.6666, "name": "ertongjie_neicheng_childrendayrainbow_texiao_1_" },
					{ "time": 0.7333, "name": null }
				],
				"color": [
					{ "time": 0, "color": "ffffffff", "curve": "stepped" },
					{ "time": 0.6666, "color": "ffffffff", "curve": "stepped" },
					{ "time": 0.9333, "color": "ffffffff", "curve": "stepped" },
					{ "time": 3.0666, "color": "ffffffff" },
					{ "time": 3.6, "color": "ffffff00" }
				]
			},
			"ertongjie_neicheng_childrendayrainbow_texiao_2_2": {
				"attachment": [
					{ "time": 0.7333, "name": "ertongjie_neicheng_childrendayrainbow_texiao_2_" },
					{ "time": 0.8, "name": null }
				],
				"color": [
					{ "time": 0, "color": "ffffffff", "curve": "stepped" },
					{ "time": 0.6666, "color": "ffffffff", "curve": "stepped" },
					{ "time": 0.9333, "color": "ffffffff", "curve": "stepped" },
					{ "time": 3.0666, "color": "ffffffff" },
					{ "time": 3.6, "color": "ffffff00" }
				]
			},
			"ertongjie_neicheng_childrendayrainbow_texiao_3_0_2": {
				"attachment": [
					{ "time": 0.8, "name": "ertongjie_neicheng_childrendayrainbow_texiao_3_0_" },
					{ "time": 0.8666, "name": null }
				],
				"color": [
					{ "time": 0, "color": "ffffffff", "curve": "stepped" },
					{ "time": 0.6666, "color": "ffffffff", "curve": "stepped" },
					{ "time": 0.9333, "color": "ffffffff", "curve": "stepped" },
					{ "time": 3.0666, "color": "ffffffff" },
					{ "time": 3.6, "color": "ffffff00" }
				]
			},
			"ertongjie_neicheng_childrendayrainbow_texiao_3_1_2": {
				"attachment": [
					{ "time": 0.8, "name": "ertongjie_neicheng_childrendayrainbow_texiao_3_1_" },
					{ "time": 0.8666, "name": null }
				],
				"color": [
					{ "time": 0, "color": "ffffffff", "curve": "stepped" },
					{ "time": 0.6666, "color": "ffffffff", "curve": "stepped" },
					{ "time": 0.9333, "color": "ffffffff", "curve": "stepped" },
					{ "time": 3.0666, "color": "ffffffff" },
					{ "time": 3.6, "color": "ffffff00" }
				]
			},
			"ertongjie_neicheng_childrendayrainbow_texiao_4_0_2": {
				"attachment": [
					{ "time": 0.8666, "name": null },
					{ "time": 0.9333, "name": null },
					{ "time": 3.0666, "name": null }
				],
				"color": [
					{ "time": 0, "color": "ffffffff", "curve": "stepped" },
					{ "time": 0.6666, "color": "ffffffff", "curve": "stepped" },
					{ "time": 0.9333, "color": "ffffffff", "curve": "stepped" },
					{ "time": 3.0666, "color": "ffffffff" },
					{ "time": 3.6, "color": "ffffff00" }
				]
			},
			"ertongjie_neicheng_childrendayrainbow_texiao_4_1_2": {
				"attachment": [
					{ "time": 0.8666, "name": null },
					{ "time": 0.9333, "name": null },
					{ "time": 3.0666, "name": null }
				],
				"color": [
					{ "time": 0, "color": "ffffffff", "curve": "stepped" },
					{ "time": 0.6666, "color": "ffffffff", "curve": "stepped" },
					{ "time": 0.9333, "color": "ffffffff", "curve": "stepped" },
					{ "time": 3.0666, "color": "ffffffff" },
					{ "time": 3.6, "color": "ffffff00" }
				]
			},
			"ertongjie_neicheng_childrendayrainbow_texiao_4_2_2": {
				"attachment": [
					{ "time": 0.8666, "name": null },
					{ "time": 0.9333, "name": null },
					{ "time": 3.0666, "name": null }
				],
				"color": [
					{ "time": 0, "color": "ffffffff", "curve": "stepped" },
					{ "time": 0.6666, "color": "ffffffff", "curve": "stepped" },
					{ "time": 0.9333, "color": "ffffffff", "curve": "stepped" },
					{ "time": 3.0666, "color": "ffffffff" },
					{ "time": 3.6, "color": "ffffff00" }
				]
			},
			"ertongjie_neicheng_stra_1_": {
				"attachment": [
					{ "time": 0, "name": "ertongjie_neicheng_stra_1_" }
				],
				"color": [
					{ "time": 0, "color": "ffffff00", "curve": "stepped" },
					{ "time": 0.6, "color": "ffffff00" },
					{ "time": 0.8666, "color": "ffffffff" },
					{ "time": 1.1666, "color": "ffffff00" }
				]
			},
			"ertongjie_neicheng_stra_2_": {
				"attachment": [
					{ "time": 0, "name": "ertongjie_neicheng_stra_2_" }
				],
				"color": [
					{ "time": 0, "color": "ffffff00", "curve": "stepped" },
					{ "time": 0.6, "color": "ffffff00" },
					{ "time": 0.8666, "color": "ffffffff" },
					{ "time": 1.1666, "color": "ffffff00" }
				]
			},
			"ertongjie_neicheng_stra_3_": {
				"attachment": [
					{ "time": 0, "name": "ertongjie_neicheng_stra_3_" }
				],
				"color": [
					{ "time": 0, "color": "ffffff00", "curve": "stepped" },
					{ "time": 0.6, "color": "ffffff00" },
					{ "time": 0.8666, "color": "ffffffff" },
					{ "time": 1.1666, "color": "ffffff00" }
				]
			},
			"ertongjie_neicheng_stra_4_": {
				"attachment": [
					{ "time": 0, "name": "ertongjie_neicheng_stra_4_" }
				],
				"color": [
					{ "time": 0, "color": "ffffff00", "curve": "stepped" },
					{ "time": 0.6, "color": "ffffff00" },
					{ "time": 0.8666, "color": "ffffffff" },
					{ "time": 1.1666, "color": "ffffff00" }
				]
			},
			"ertongjie_neicheng_yanwu_2_": {
				"attachment": [
					{ "time": 0, "name": "ertongjie_neicheng_yanwu_2_" }
				],
				"color": [
					{ "time": 0, "color": "ffffff00", "curve": "stepped" },
					{ "time": 0.6, "color": "ffffff00" },
					{ "time": 0.8666, "color": "ffffffff" },
					{ "time": 1.1666, "color": "ffffff00" },
					{ "time": 2.6666, "color": "ffffffff" },
					{ "time": 5.3, "color": "ffffff00" }
				]
			},
			"ertongjie_neicheng_yanwu_3_": {
				"attachment": [
					{ "time": 0, "name": "ertongjie_neicheng_yanwu_3_" }
				],
				"color": [
					{ "time": 0, "color": "ffffff00", "curve": "stepped" },
					{ "time": 0.6, "color": "ffffff00" },
					{ "time": 0.8666, "color": "ffffffff" },
					{ "time": 1.1666, "color": "ffffff00" },
					{ "time": 2.6666, "color": "ffffffff" },
					{ "time": 5.3, "color": "ffffff00" }
				]
			},
			"ertongjie_neichengyanwu_1_": {
				"attachment": [
					{ "time": 0, "name": "ertongjie_neichengyanwu_1_" }
				],
				"color": [
					{ "time": 0, "color": "ffffff00", "curve": "stepped" },
					{ "time": 0.6, "color": "ffffff00" },
					{ "time": 0.8666, "color": "ffffffff" },
					{ "time": 1.1666, "color": "ffffff00" },
					{ "time": 2.6666, "color": "ffffffff" },
					{ "time": 5.3, "color": "ffffff00" }
				]
			}
		},
		"bones": {
			"root": {
				"rotate": [
					{ "time": 0, "angle": 0 }
				],
				"translate": [
					{ "time": 0, "x": 0, "y": 0 }
				],
				"scale": [
					{ "time": 0, "x": 1, "y": 1 }
				]
			},
			"bone7": {
				"rotate": [
					{ "time": 0, "angle": 8.85 },
					{ "time": 0.4333, "angle": -14.76 },
					{ "time": 0.8666, "angle": 8.85 },
					{ "time": 1.4333, "angle": -14.76 },
					{ "time": 1.8666, "angle": 8.85 },
					{ "time": 2.3, "angle": -14.76 },
					{ "time": 2.7333, "angle": 8.85 },
					{ "time": 3.3, "angle": -14.76 },
					{ "time": 3.7333, "angle": 8.85 },
					{ "time": 4.4, "angle": -14.76 },
					{ "time": 4.8333, "angle": 8.85 },
					{ "time": 5.1333, "angle": -8.38 },
					{ "time": 5.3666, "angle": 8.85 }
				],
				"translate": [
					{ "time": 0, "x": 0, "y": 0, "curve": "stepped" },
					{ "time": 0.8666, "x": 0, "y": 0, "curve": "stepped" },
					{ "time": 1.8666, "x": 0, "y": 0, "curve": "stepped" },
					{ "time": 2.7333, "x": 0, "y": 0, "curve": "stepped" },
					{ "time": 3.7333, "x": 0, "y": 0, "curve": "stepped" },
					{ "time": 4.8333, "x": 0, "y": 0, "curve": "stepped" },
					{ "time": 5.3666, "x": 0, "y": 0 }
				],
				"scale": [
					{ "time": 0, "x": 1, "y": 1, "curve": "stepped" },
					{ "time": 0.8666, "x": 1, "y": 1, "curve": "stepped" },
					{ "time": 1.8666, "x": 1, "y": 1, "curve": "stepped" },
					{ "time": 2.7333, "x": 1, "y": 1, "curve": "stepped" },
					{ "time": 3.7333, "x": 1, "y": 1, "curve": "stepped" },
					{ "time": 4.8333, "x": 1, "y": 1, "curve": "stepped" },
					{ "time": 5.3666, "x": 1, "y": 1 }
				]
			},
			"bone5": {
				"rotate": [
					{ "time": 0, "angle": -13.7 },
					{ "time": 0.3333, "angle": 12.64 },
					{ "time": 0.6666, "angle": -13.7 },
					{ "time": 1.0333, "angle": 12.64 },
					{ "time": 1.3666, "angle": -13.7 },
					{ "time": 1.7, "angle": 12.64 },
					{ "time": 2.0333, "angle": -13.7 },
					{ "time": 2.3666, "angle": 12.64 },
					{ "time": 2.7, "angle": -13.7 },
					{ "time": 3.0333, "angle": 12.64 },
					{ "time": 3.3666, "angle": -13.7 },
					{ "time": 3.7, "angle": 12.64 },
					{ "time": 4.0333, "angle": -13.7 },
					{ "time": 4.3666, "angle": 12.64 },
					{ "time": 4.7, "angle": -13.7 },
					{ "time": 5.0333, "angle": 12.64 },
					{ "time": 5.3666, "angle": -13.7 }
				],
				"translate": [
					{ "time": 0, "x": 0, "y": 0, "curve": "stepped" },
					{ "time": 0.6666, "x": 0, "y": 0, "curve": "stepped" },
					{ "time": 1.3666, "x": 0, "y": 0, "curve": "stepped" },
					{ "time": 2.0333, "x": 0, "y": 0, "curve": "stepped" },
					{ "time": 2.7, "x": 0, "y": 0, "curve": "stepped" },
					{ "time": 3.3666, "x": 0, "y": 0, "curve": "stepped" },
					{ "time": 4.0333, "x": 0, "y": 0, "curve": "stepped" },
					{ "time": 4.7, "x": 0, "y": 0, "curve": "stepped" },
					{ "time": 5.3666, "x": 0, "y": 0 }
				],
				"scale": [
					{ "time": 0, "x": 1, "y": 1, "curve": "stepped" },
					{ "time": 0.6666, "x": 1, "y": 1, "curve": "stepped" },
					{ "time": 1.3666, "x": 1, "y": 1, "curve": "stepped" },
					{ "time": 2.0333, "x": 1, "y": 1, "curve": "stepped" },
					{ "time": 2.7, "x": 1, "y": 1, "curve": "stepped" },
					{ "time": 3.3666, "x": 1, "y": 1, "curve": "stepped" },
					{ "time": 4.0333, "x": 1, "y": 1, "curve": "stepped" },
					{ "time": 4.7, "x": 1, "y": 1, "curve": "stepped" },
					{ "time": 5.3666, "x": 1, "y": 1 }
				]
			}
		},
		"drawOrder": [
			{
				"time": 0,
				"offsets": [
					{ "slot": "ertongjie_neicheng_childrendayrainbow_texiao_0_0_2", "offset": -70 },
					{ "slot": "ertongjie_neicheng_childrendayrainbow_texiao_0_1_2", "offset": -70 },
					{ "slot": "ertongjie_neicheng_childrendayrainbow_texiao_0_2_2", "offset": -70 },
					{ "slot": "ertongjie_neicheng_childrendayrainbow_texiao_1_2", "offset": -70 },
					{ "slot": "ertongjie_neicheng_childrendayrainbow_texiao_2_2", "offset": -70 },
					{ "slot": "ertongjie_neicheng_childrendayrainbow_texiao_3_0_2", "offset": -70 },
					{ "slot": "ertongjie_neicheng_childrendayrainbow_texiao_3_1_2", "offset": -70 },
					{ "slot": "ertongjie_neicheng_childrendayrainbow_texiao_4_0_2", "offset": -70 },
					{ "slot": "ertongjie_neicheng_childrendayrainbow_texiao_4_1_2", "offset": -70 },
					{ "slot": "ertongjie_neicheng_childrendayrainbow_texiao_4_2_2", "offset": -70 }
				]
			},
			{
				"time": 0.6666,
				"offsets": [
					{ "slot": "ertongjie_neicheng_childrendayrainbow_texiao_0_0_2", "offset": -70 },
					{ "slot": "ertongjie_neicheng_childrendayrainbow_texiao_0_1_2", "offset": -70 },
					{ "slot": "ertongjie_neicheng_childrendayrainbow_texiao_0_2_2", "offset": -70 },
					{ "slot": "ertongjie_neicheng_childrendayrainbow_texiao_1_2", "offset": -70 },
					{ "slot": "ertongjie_neicheng_childrendayrainbow_texiao_2_2", "offset": -70 },
					{ "slot": "ertongjie_neicheng_childrendayrainbow_texiao_3_0_2", "offset": -70 },
					{ "slot": "ertongjie_neicheng_childrendayrainbow_texiao_3_1_2", "offset": -70 },
					{ "slot": "ertongjie_neicheng_childrendayrainbow_texiao_4_0_2", "offset": -70 },
					{ "slot": "ertongjie_neicheng_childrendayrainbow_texiao_4_1_2", "offset": -70 },
					{ "slot": "ertongjie_neicheng_childrendayrainbow_texiao_4_2_2", "offset": -70 }
				]
			},
			{
				"time": 0.8666,
				"offsets": [
					{ "slot": "ertongjie_neicheng_childrendayrainbow_texiao_0_0_2", "offset": -70 },
					{ "slot": "ertongjie_neicheng_childrendayrainbow_texiao_0_1_2", "offset": -70 },
					{ "slot": "ertongjie_neicheng_childrendayrainbow_texiao_0_2_2", "offset": -70 },
					{ "slot": "ertongjie_neicheng_childrendayrainbow_texiao_1_2", "offset": -70 },
					{ "slot": "ertongjie_neicheng_childrendayrainbow_texiao_2_2", "offset": -70 },
					{ "slot": "ertongjie_neicheng_childrendayrainbow_texiao_3_0_2", "offset": -70 },
					{ "slot": "ertongjie_neicheng_childrendayrainbow_texiao_3_1_2", "offset": -70 },
					{ "slot": "ertongjie_neicheng_childrendayrainbow_texiao_4_0_2", "offset": -70 },
					{ "slot": "ertongjie_neicheng_childrendayrainbow_texiao_4_1_2", "offset": -70 },
					{ "slot": "ertongjie_neicheng_childrendayrainbow_texiao_4_2_2", "offset": -70 }
				]
			},
			{
				"time": 1.3666,
				"offsets": [
					{ "slot": "ertongjie_neicheng_childrendayrainbow_texiao_0_0_2", "offset": -70 },
					{ "slot": "ertongjie_neicheng_childrendayrainbow_texiao_0_1_2", "offset": -70 },
					{ "slot": "ertongjie_neicheng_childrendayrainbow_texiao_0_2_2", "offset": -70 },
					{ "slot": "ertongjie_neicheng_childrendayrainbow_texiao_1_2", "offset": -70 },
					{ "slot": "ertongjie_neicheng_childrendayrainbow_texiao_2_2", "offset": -70 },
					{ "slot": "ertongjie_neicheng_childrendayrainbow_texiao_3_0_2", "offset": -70 },
					{ "slot": "ertongjie_neicheng_childrendayrainbow_texiao_3_1_2", "offset": -70 },
					{ "slot": "ertongjie_neicheng_childrendayrainbow_texiao_4_0_2", "offset": -70 },
					{ "slot": "ertongjie_neicheng_childrendayrainbow_texiao_4_1_2", "offset": -70 },
					{ "slot": "ertongjie_neicheng_childrendayrainbow_texiao_4_2_2", "offset": -70 }
				]
			},
			{
				"time": 1.8666,
				"offsets": [
					{ "slot": "ertongjie_neicheng_childrendayrainbow_texiao_0_0_2", "offset": -70 },
					{ "slot": "ertongjie_neicheng_childrendayrainbow_texiao_0_1_2", "offset": -70 },
					{ "slot": "ertongjie_neicheng_childrendayrainbow_texiao_0_2_2", "offset": -70 },
					{ "slot": "ertongjie_neicheng_childrendayrainbow_texiao_1_2", "offset": -70 },
					{ "slot": "ertongjie_neicheng_childrendayrainbow_texiao_2_2", "offset": -70 },
					{ "slot": "ertongjie_neicheng_childrendayrainbow_texiao_3_0_2", "offset": -70 },
					{ "slot": "ertongjie_neicheng_childrendayrainbow_texiao_3_1_2", "offset": -70 },
					{ "slot": "ertongjie_neicheng_childrendayrainbow_texiao_4_0_2", "offset": -70 },
					{ "slot": "ertongjie_neicheng_childrendayrainbow_texiao_4_1_2", "offset": -70 },
					{ "slot": "ertongjie_neicheng_childrendayrainbow_texiao_4_2_2", "offset": -70 }
				]
			},
			{
				"time": 2.0333,
				"offsets": [
					{ "slot": "ertongjie_neicheng_childrendayrainbow_texiao_0_0_2", "offset": -70 },
					{ "slot": "ertongjie_neicheng_childrendayrainbow_texiao_0_1_2", "offset": -70 },
					{ "slot": "ertongjie_neicheng_childrendayrainbow_texiao_0_2_2", "offset": -70 },
					{ "slot": "ertongjie_neicheng_childrendayrainbow_texiao_1_2", "offset": -70 },
					{ "slot": "ertongjie_neicheng_childrendayrainbow_texiao_2_2", "offset": -70 },
					{ "slot": "ertongjie_neicheng_childrendayrainbow_texiao_3_0_2", "offset": -70 },
					{ "slot": "ertongjie_neicheng_childrendayrainbow_texiao_3_1_2", "offset": -70 },
					{ "slot": "ertongjie_neicheng_childrendayrainbow_texiao_4_0_2", "offset": -70 },
					{ "slot": "ertongjie_neicheng_childrendayrainbow_texiao_4_1_2", "offset": -70 },
					{ "slot": "ertongjie_neicheng_childrendayrainbow_texiao_4_2_2", "offset": -70 }
				]
			},
			{
				"time": 2.7,
				"offsets": [
					{ "slot": "ertongjie_neicheng_childrendayrainbow_texiao_0_0_2", "offset": -70 },
					{ "slot": "ertongjie_neicheng_childrendayrainbow_texiao_0_1_2", "offset": -70 },
					{ "slot": "ertongjie_neicheng_childrendayrainbow_texiao_0_2_2", "offset": -70 },
					{ "slot": "ertongjie_neicheng_childrendayrainbow_texiao_1_2", "offset": -70 },
					{ "slot": "ertongjie_neicheng_childrendayrainbow_texiao_2_2", "offset": -70 },
					{ "slot": "ertongjie_neicheng_childrendayrainbow_texiao_3_0_2", "offset": -70 },
					{ "slot": "ertongjie_neicheng_childrendayrainbow_texiao_3_1_2", "offset": -70 },
					{ "slot": "ertongjie_neicheng_childrendayrainbow_texiao_4_0_2", "offset": -70 },
					{ "slot": "ertongjie_neicheng_childrendayrainbow_texiao_4_1_2", "offset": -70 },
					{ "slot": "ertongjie_neicheng_childrendayrainbow_texiao_4_2_2", "offset": -70 }
				]
			},
			{
				"time": 2.7333,
				"offsets": [
					{ "slot": "ertongjie_neicheng_childrendayrainbow_texiao_0_0_2", "offset": -70 },
					{ "slot": "ertongjie_neicheng_childrendayrainbow_texiao_0_1_2", "offset": -70 },
					{ "slot": "ertongjie_neicheng_childrendayrainbow_texiao_0_2_2", "offset": -70 },
					{ "slot": "ertongjie_neicheng_childrendayrainbow_texiao_1_2", "offset": -70 },
					{ "slot": "ertongjie_neicheng_childrendayrainbow_texiao_2_2", "offset": -70 },
					{ "slot": "ertongjie_neicheng_childrendayrainbow_texiao_3_0_2", "offset": -70 },
					{ "slot": "ertongjie_neicheng_childrendayrainbow_texiao_3_1_2", "offset": -70 },
					{ "slot": "ertongjie_neicheng_childrendayrainbow_texiao_4_0_2", "offset": -70 },
					{ "slot": "ertongjie_neicheng_childrendayrainbow_texiao_4_1_2", "offset": -70 },
					{ "slot": "ertongjie_neicheng_childrendayrainbow_texiao_4_2_2", "offset": -70 }
				]
			},
			{
				"time": 3.3666,
				"offsets": [
					{ "slot": "ertongjie_neicheng_childrendayrainbow_texiao_0_0_2", "offset": -70 },
					{ "slot": "ertongjie_neicheng_childrendayrainbow_texiao_0_1_2", "offset": -70 },
					{ "slot": "ertongjie_neicheng_childrendayrainbow_texiao_0_2_2", "offset": -70 },
					{ "slot": "ertongjie_neicheng_childrendayrainbow_texiao_1_2", "offset": -70 },
					{ "slot": "ertongjie_neicheng_childrendayrainbow_texiao_2_2", "offset": -70 },
					{ "slot": "ertongjie_neicheng_childrendayrainbow_texiao_3_0_2", "offset": -70 },
					{ "slot": "ertongjie_neicheng_childrendayrainbow_texiao_3_1_2", "offset": -70 },
					{ "slot": "ertongjie_neicheng_childrendayrainbow_texiao_4_0_2", "offset": -70 },
					{ "slot": "ertongjie_neicheng_childrendayrainbow_texiao_4_1_2", "offset": -70 },
					{ "slot": "ertongjie_neicheng_childrendayrainbow_texiao_4_2_2", "offset": -70 }
				]
			},
			{
				"time": 3.7333,
				"offsets": [
					{ "slot": "ertongjie_neicheng_childrendayrainbow_texiao_0_0_2", "offset": -70 },
					{ "slot": "ertongjie_neicheng_childrendayrainbow_texiao_0_1_2", "offset": -70 },
					{ "slot": "ertongjie_neicheng_childrendayrainbow_texiao_0_2_2", "offset": -70 },
					{ "slot": "ertongjie_neicheng_childrendayrainbow_texiao_1_2", "offset": -70 },
					{ "slot": "ertongjie_neicheng_childrendayrainbow_texiao_2_2", "offset": -70 },
					{ "slot": "ertongjie_neicheng_childrendayrainbow_texiao_3_0_2", "offset": -70 },
					{ "slot": "ertongjie_neicheng_childrendayrainbow_texiao_3_1_2", "offset": -70 },
					{ "slot": "ertongjie_neicheng_childrendayrainbow_texiao_4_0_2", "offset": -70 },
					{ "slot": "ertongjie_neicheng_childrendayrainbow_texiao_4_1_2", "offset": -70 },
					{ "slot": "ertongjie_neicheng_childrendayrainbow_texiao_4_2_2", "offset": -70 }
				]
			},
			{
				"time": 4.0333,
				"offsets": [
					{ "slot": "ertongjie_neicheng_childrendayrainbow_texiao_0_0_2", "offset": -70 },
					{ "slot": "ertongjie_neicheng_childrendayrainbow_texiao_0_1_2", "offset": -70 },
					{ "slot": "ertongjie_neicheng_childrendayrainbow_texiao_0_2_2", "offset": -70 },
					{ "slot": "ertongjie_neicheng_childrendayrainbow_texiao_1_2", "offset": -70 },
					{ "slot": "ertongjie_neicheng_childrendayrainbow_texiao_2_2", "offset": -70 },
					{ "slot": "ertongjie_neicheng_childrendayrainbow_texiao_3_0_2", "offset": -70 },
					{ "slot": "ertongjie_neicheng_childrendayrainbow_texiao_3_1_2", "offset": -70 },
					{ "slot": "ertongjie_neicheng_childrendayrainbow_texiao_4_0_2", "offset": -70 },
					{ "slot": "ertongjie_neicheng_childrendayrainbow_texiao_4_1_2", "offset": -70 },
					{ "slot": "ertongjie_neicheng_childrendayrainbow_texiao_4_2_2", "offset": -70 }
				]
			},
			{
				"time": 4.7,
				"offsets": [
					{ "slot": "ertongjie_neicheng_childrendayrainbow_texiao_0_0_2", "offset": -70 },
					{ "slot": "ertongjie_neicheng_childrendayrainbow_texiao_0_1_2", "offset": -70 },
					{ "slot": "ertongjie_neicheng_childrendayrainbow_texiao_0_2_2", "offset": -70 },
					{ "slot": "ertongjie_neicheng_childrendayrainbow_texiao_1_2", "offset": -70 },
					{ "slot": "ertongjie_neicheng_childrendayrainbow_texiao_2_2", "offset": -70 },
					{ "slot": "ertongjie_neicheng_childrendayrainbow_texiao_3_0_2", "offset": -70 },
					{ "slot": "ertongjie_neicheng_childrendayrainbow_texiao_3_1_2", "offset": -70 },
					{ "slot": "ertongjie_neicheng_childrendayrainbow_texiao_4_0_2", "offset": -70 },
					{ "slot": "ertongjie_neicheng_childrendayrainbow_texiao_4_1_2", "offset": -70 },
					{ "slot": "ertongjie_neicheng_childrendayrainbow_texiao_4_2_2", "offset": -70 }
				]
			},
			{
				"time": 4.8333,
				"offsets": [
					{ "slot": "ertongjie_neicheng_childrendayrainbow_texiao_0_0_2", "offset": -70 },
					{ "slot": "ertongjie_neicheng_childrendayrainbow_texiao_0_1_2", "offset": -70 },
					{ "slot": "ertongjie_neicheng_childrendayrainbow_texiao_0_2_2", "offset": -70 },
					{ "slot": "ertongjie_neicheng_childrendayrainbow_texiao_1_2", "offset": -70 },
					{ "slot": "ertongjie_neicheng_childrendayrainbow_texiao_2_2", "offset": -70 },
					{ "slot": "ertongjie_neicheng_childrendayrainbow_texiao_3_0_2", "offset": -70 },
					{ "slot": "ertongjie_neicheng_childrendayrainbow_texiao_3_1_2", "offset": -70 },
					{ "slot": "ertongjie_neicheng_childrendayrainbow_texiao_4_0_2", "offset": -70 },
					{ "slot": "ertongjie_neicheng_childrendayrainbow_texiao_4_1_2", "offset": -70 },
					{ "slot": "ertongjie_neicheng_childrendayrainbow_texiao_4_2_2", "offset": -70 }
				]
			},
			{
				"time": 5.3666,
				"offsets": [
					{ "slot": "ertongjie_neicheng_childrendayrainbow_texiao_0_0_2", "offset": -70 },
					{ "slot": "ertongjie_neicheng_childrendayrainbow_texiao_0_1_2", "offset": -70 },
					{ "slot": "ertongjie_neicheng_childrendayrainbow_texiao_0_2_2", "offset": -70 },
					{ "slot": "ertongjie_neicheng_childrendayrainbow_texiao_1_2", "offset": -70 },
					{ "slot": "ertongjie_neicheng_childrendayrainbow_texiao_2_2", "offset": -70 },
					{ "slot": "ertongjie_neicheng_childrendayrainbow_texiao_3_0_2", "offset": -70 },
					{ "slot": "ertongjie_neicheng_childrendayrainbow_texiao_3_1_2", "offset": -70 },
					{ "slot": "ertongjie_neicheng_childrendayrainbow_texiao_4_0_2", "offset": -70 },
					{ "slot": "ertongjie_neicheng_childrendayrainbow_texiao_4_1_2", "offset": -70 },
					{ "slot": "ertongjie_neicheng_childrendayrainbow_texiao_4_2_2", "offset": -70 }
				]
			}
		]
	}
}
}