{"skeleton":{"hash":"oeh3gBWaXI7AzEfusLz+iU8h9MA","spine":"3.7.94","width":832.11,"height":444,"images":"./images/","audio":"F:/COK项目/Spine工程/春节活动界面_上/images"},"bones":[{"name":"root"},{"name":"fu_","parent":"root","x":-0.2,"y":-51.28},{"name":"mouse_L_","parent":"root","x":-176.79,"y":-56.41},{"name":"mouse_R_","parent":"root","x":156.71,"y":-66.42},{"name":"star03_","parent":"root","x":21.31,"y":177.71},{"name":"star02_","parent":"root","x":-16.71,"y":143.02},{"name":"star01_","parent":"root","x":-70.07,"y":138.35},{"name":"cloud_R1_","parent":"root","x":207.93,"y":-134.45},{"name":"cloud_R3_","parent":"root","x":128.03,"y":-111.1},{"name":"cloud_R2_","parent":"root","x":282.69,"y":-89.04},{"name":"cloud_L1_","parent":"root","x":-277.94,"y":-114.56},{"name":"cloud_L3_","parent":"root","x":-148.31,"y":-105.1},{"name":"cloud_L2_","parent":"root","x":-219.87,"y":-135.68},{"name":"tiao_","parent":"root","x":-4.04,"y":-153.13},{"name":"tiger_head_L_","parent":"root","x":-247.4,"y":152.79},{"name":"eyeclose_L_","parent":"tiger_head_L_","x":0.57,"y":16.91},{"name":"tiger_head_R_","parent":"root","x":236.05,"y":151.06},{"name":"eyeclose_R_","parent":"tiger_head_R_","x":1.37,"y":16.64},{"name":"eye_L_L_","parent":"tiger_head_L_","x":-29.96,"y":16.82},{"name":"eye_L_R_","parent":"tiger_head_L_","x":26.24,"y":15.97},{"name":"eye_R_R_","parent":"tiger_head_R_","x":-27.79,"y":15.39},{"name":"eye_R_L_","parent":"tiger_head_R_","x":28.66,"y":17.74},{"name":"tiger_body_","parent":"root","x":235.78,"y":129.44},{"name":"tiger_body_L_","parent":"root","x":-248.69,"y":130.55},{"name":"chunlian_R_","parent":"root","x":241.96,"y":142.67},{"name":"chunlian_R_2","parent":"chunlian_R_","length":49.93,"rotation":-90.54,"x":-0.64,"y":-4.75},{"name":"chunlian_R_3","parent":"chunlian_R_2","length":44.31,"rotation":2.98,"x":52.28,"y":0.02},{"name":"chunlian_R_4","parent":"chunlian_R_3","length":42.05,"rotation":2.06,"x":49.51,"y":0.25},{"name":"chunlian_R_5","parent":"chunlian_R_4","length":43.37,"rotation":-2.01,"x":44.79,"y":-1.16},{"name":"juanzhou_R_","parent":"chunlian_R_5","rotation":87.51,"x":46.88,"y":-0.25,"transform":"noScale"},{"name":"chunlian_L_","parent":"root","x":-255.53,"y":145.89},{"name":"chunlian_L_2","parent":"chunlian_L_","length":44.5,"rotation":-89.47,"x":-0.09,"y":-7.15},{"name":"chunlian_L_3","parent":"chunlian_L_2","length":35.85,"rotation":-1.85,"x":51.91,"y":-0.89,"scaleX":1.207},{"name":"chunlian_L_4","parent":"chunlian_L_3","length":30.53,"rotation":-1.78,"x":40.99,"y":-0.1,"scaleX":1.065},{"name":"chunlian_L_5","parent":"chunlian_L_4","length":42.27,"rotation":-3.06,"x":33.7,"y":0.26,"scaleX":0.985},{"name":"juanzhou_L_","parent":"chunlian_L_5","rotation":95.17,"x":37.75,"y":0.16,"transform":"noScale"},{"name":"star03_2","parent":"root","rotation":-72.57,"x":21.31,"y":177.71,"scaleX":0.879,"scaleY":0.879},{"name":"star03_3","parent":"root","rotation":-161.07,"x":21.31,"y":177.71,"scaleX":0.966,"scaleY":0.966},{"name":"tiao_2","parent":"root","x":-4.04,"y":-153.13},{"name":"fudai_glow","parent":"root"},{"name":"fu_glow_","parent":"root"},{"name":"star03_4","parent":"root","rotation":157.75,"x":21.31,"y":177.71,"scaleX":0.792,"scaleY":0.792},{"name":"2020_","parent":"root","y":-103.21}],"slots":[{"name":"bg_main_","bone":"root","attachment":"bg_main_"},{"name":"tiao_","bone":"tiao_","attachment":"tiao_"},{"name":"tiao_2","bone":"tiao_2","attachment":"tiao_","blend":"additive"},{"name":"fudai_","bone":"root","attachment":"fudai_"},{"name":"fudai_glow_","bone":"fudai_glow","attachment":"fudai_glow_","blend":"additive"},{"name":"fu_","bone":"fu_","attachment":"fu_"},{"name":"fu_glow_","bone":"fu_glow_","blend":"additive"},{"name":"star03_","bone":"star03_"},{"name":"star03_2","bone":"star03_2"},{"name":"star03_3","bone":"star03_3"},{"name":"star03_4","bone":"star03_4"},{"name":"star02_","bone":"star02_"},{"name":"star01_","bone":"star01_"},{"name":"cloud_R3_","bone":"cloud_R3_","attachment":"cloud_R3_"},{"name":"mouse_L_","bone":"mouse_L_"},{"name":"cloud_L3_","bone":"cloud_L3_","attachment":"cloud_L3_"},{"name":"cloud_L2_","bone":"cloud_L2_","attachment":"cloud_L2_"},{"name":"cloud_L1_","bone":"cloud_L1_","attachment":"cloud_L1_"},{"name":"cloud_R2_","bone":"cloud_R2_","attachment":"cloud_R2_"},{"name":"mouse_R_","bone":"mouse_R_"},{"name":"cloud_R1_","bone":"cloud_R1_","attachment":"cloud_R1_"},{"name":"tiger_body_","bone":"tiger_body_","attachment":"tiger_body_"},{"name":"chunlian_R_","bone":"chunlian_R_","attachment":"chunlian_R_"},{"name":"tiger_head_R_","bone":"tiger_head_R_","attachment":"tiger_head_R_"},{"name":"juanzhou_R_","bone":"juanzhou_R_","attachment":"juanzhou_R_"},{"name":"eye_R_R_","bone":"eye_R_R_","attachment":"eye_R_R_"},{"name":"eye_R_L_","bone":"eye_R_L_","attachment":"eye_R_L_"},{"name":"eyeclose_R_","bone":"eyeclose_R_"},{"name":"tiger_body_L_","bone":"tiger_body_L_","attachment":"tiger_body_L_"},{"name":"chunlian_L_","bone":"chunlian_L_","attachment":"chunlian_L_"},{"name":"tiger_head_L_","bone":"tiger_head_L_","attachment":"tiger_head_L_"},{"name":"juanzhou_L_","bone":"juanzhou_L_","attachment":"juanzhou_L_"},{"name":"eye_L_R_","bone":"eye_L_R_","attachment":"eye_L_R_"},{"name":"eye_L_L_","bone":"eye_L_L_","attachment":"eye_L_L_"},{"name":"eyeclose_L_","bone":"eyeclose_L_"},{"name":"2020_","bone":"2020_"}],"skins":{"default":{"bg_main_":{"bg_main_":{"x":-3.81,"y":21.96,"width":640,"height":378}},"chunlian_L_":{"chunlian_L_":{"type":"mesh","uvs":[0.56821,0,0.91992,0,1,0.02445,1,0.14122,1,0.29765,0.99026,0.48052,0.96513,0.62373,0.96011,0.78236,0.99528,0.89913,1,1,0.50792,1,0,1,0,0.8815,0,0.78015,0.04567,0.63915,0.13611,0.48272,0.19138,0.29765,0.17128,0.14343,0.17631,0.04649,0.34714,0.00463,0.59333,0.13682,0.60338,0.30646,0.60338,0.48272,0.53304,0.63474,0.53806,0.78015,0.50289,0.90353],"triangles":[9,10,8,25,7,8,25,24,7,11,25,10,8,10,25,11,12,25,25,13,14,25,14,24,25,12,13,23,7,24,23,14,15,14,23,24,6,7,23,6,23,22,23,15,22,16,22,15,22,16,21,21,16,20,6,22,5,22,21,5,5,21,4,4,21,3,20,16,19,20,19,0,3,21,20,20,1,3,16,17,19,19,17,18,1,2,3,20,0,1],"vertices":[1,31,0.79,0.4,1,1,31,1.05,29.24,1,2,31,5.69,35.77,0.99963,32,-39.26,35.15,3.7E-4,2,31,27.52,35.57,0.92365,32,-21.17,35.65,0.07635,3,31,56.77,35.29,0.37057,32,3.06,36.33,0.62827,33,-36.64,35.23,0.00117,4,31,90.96,34.18,0.01007,32,31.41,36.31,0.74682,33,-10.04,36.1,0.2431,34,-46.31,33.46,1.0E-5,3,32,53.64,34.87,0.20766,33,10.86,35.34,0.72371,34,-25.07,33.82,0.06863,3,32,78.23,35.14,0.00447,33,33.92,36.38,0.37631,34,-1.74,36.08,0.61922,2,33,50.74,40.32,0.05558,34,15.11,40.92,0.94442,2,33,65.38,41.62,3.3E-4,34,29.88,43,0.99967,1,34,33.99,2.86,1,2,33,69.23,-40.27,0.0073,34,38.23,-38.57,0.9927,2,33,52.02,-41.35,0.11444,34,20.83,-40.56,0.88556,3,32,79.39,-43.58,1.9E-4,33,37.29,-42.27,0.39546,34,5.95,-42.27,0.60435,3,32,57.47,-40.44,0.06923,33,16.64,-39.81,0.7952,34,-15.13,-40.92,0.13557,3,32,33.09,-33.7,0.62614,33,-6.43,-33.83,0.37355,34,-38.85,-36.18,3.1E-4,3,31,56.16,-31.01,0.18389,32,4.33,-29.96,0.81428,33,-33.53,-30.99,0.00183,2,31,27.31,-32.39,0.85089,32,-19.54,-32.27,0.14911,2,31,9.18,-31.81,0.98036,32,-34.56,-32.28,0.01964,2,31,1.48,-17.73,0.99931,32,-41.32,-18.45,6.9E-4,1,31,26.39,2.23,1,2,31,58.12,2.76,0.03219,32,5.05,3.85,0.96781,2,32,32.36,4.61,0.96001,33,-8.23,4.44,0.03999,2,32,56.02,-0.51,1.0E-5,33,14.12,0.06,0.99999,1,34,1.46,1.62,1,1,34,19.87,0.83,1],"hull":20,"edges":[0,2,2,4,4,6,6,8,8,10,10,12,12,14,14,16,16,18,18,20,20,22,22,24,24,26,26,28,28,30,30,32,32,34,34,36,36,38,0,38],"width":82,"height":187}},"chunlian_R_":{"chunlian_R_":{"type":"mesh","uvs":[0.00822,0.00213,0.4168,0,0.68919,0,0.84808,0.05503,0.82538,0.186,0.80268,0.33209,0.8651,0.49832,0.97292,0.66204,1,0.81064,1,1,0.5303,1,0,1,0.00255,0.82827,0.03092,0.69478,0.00255,0.50084,0,0.32705,0,0.17089,0.42815,0.17593,0.42815,0.3346,0.45653,0.5084,0.50192,0.69982,0.51895,0.84842],"triangles":[9,10,21,21,12,13,21,11,12,10,11,21,9,21,8,20,19,6,13,19,20,7,21,20,7,20,6,21,7,8,13,20,21,18,17,5,15,18,14,19,18,5,19,5,6,14,19,13,17,18,15,19,14,18,17,1,2,4,2,3,17,15,16,4,17,2,5,17,4,16,0,1,16,1,17],"vertices":[1,25,2.67,-33.42,1,1,25,1.95,0.49,1,1,25,1.74,23.1,1,1,25,11.9,36.38,1,2,25,36.41,34.73,0.9267,26,-14.05,35.48,0.0733,3,25,63.75,33.1,0.3298,26,13.17,32.44,0.62978,27,-35.16,33.48,0.04042,3,25,94.78,38.58,0.01046,26,44.44,36.29,0.44275,27,-3.77,36.2,0.54679,3,26,75.41,43.93,0.03691,27,27.46,42.72,0.91437,28,-18.86,43.25,0.04872,2,27,55.34,42.79,0.56636,28,9,44.29,0.43364,2,27,90.64,40.01,0.16737,28,44.37,42.75,0.83263,2,27,87.58,1.14,0.00539,28,42.68,3.8,0.99461,1,28,40.77,-40.17,1,2,27,52.13,-40.01,0.05306,28,8.7,-38.57,0.94694,3,26,78.21,-34.44,0.04701,27,27.43,-35.7,0.47638,28,-16.14,-35.13,0.47662,4,25,95.93,-33.01,0.00403,26,41.87,-35.25,0.68332,27,-8.91,-35.21,0.28743,28,-52.48,-35.91,0.02521,3,25,63.43,-33.53,0.31497,26,9.39,-34.08,0.68167,27,-41.33,-32.87,0.00335,2,25,34.23,-33.8,0.93763,26,-19.78,-32.84,0.06237,1,25,34.84,1.74,1,3,25,64.51,2.02,0.00706,26,12.32,1.36,0.9928,27,-37.13,2.45,1.4E-4,3,25,96.99,4.68,1.0E-5,26,44.88,2.33,0.81906,27,-4.55,2.25,0.18092,1,27,31.43,3.2,1,2,27,59.25,2.43,0.04106,28,14.32,4.09,0.95894],"hull":17,"edges":[0,2,2,4,4,6,6,8,8,10,10,12,12,14,14,16,16,18,18,20,20,22,22,24,24,26,26,28,28,30,30,32,0,32],"width":83,"height":187}},"cloud_L1_":{"cloud_L1_":{"x":-29.33,"y":15.07,"width":180,"height":96}},"cloud_L2_":{"cloud_L2_":{"x":-22.66,"y":19.57,"width":134,"height":73}},"cloud_L3_":{"cloud_L3_":{"x":-35.36,"y":17.56,"width":202,"height":111}},"cloud_R1_":{"cloud_R1_":{"x":26.64,"y":29.41,"width":201,"height":102}},"cloud_R2_":{"cloud_R2_":{"x":30.65,"y":19.9,"width":243,"height":137}},"cloud_R3_":{"cloud_R3_":{"x":20.67,"y":11.06,"width":147,"height":84}},"eye_L_L_":{"eye_L_L_":{"x":0.05,"y":0.35,"width":23,"height":20}},"eye_L_R_":{"eye_L_R_":{"x":0.35,"y":-0.31,"width":22,"height":21}},"eye_R_L_":{"eye_R_L_":{"x":-0.02,"y":0.16,"width":23,"height":20}},"eye_R_R_":{"eye_R_R_":{"x":-0.07,"y":1.01,"width":22,"height":21}},"eyeclose_L_":{"eyeclose_L_":{"x":-2.48,"y":2.76,"width":103,"height":37}},"eyeclose_R_":{"eyeclose_R_":{"x":-0.72,"y":3.76,"width":103,"height":37}},"fu_":{"fu_":{"x":-2.61,"y":53.11,"width":160,"height":161}},"fu_glow_":{"fu_glow_":{"y":0.5,"width":256,"height":256}},"fudai_":{"fudai_":{"x":-9.81,"y":21.96,"width":310,"height":320}},"fudai_glow_":{"fudai_glow_":{"width":300,"height":309}},"juanzhou_L_":{"juanzhou_L_":{"x":2.97,"y":-5.12,"width":127,"height":41}},"juanzhou_R_":{"juanzhou_R_":{"x":0.85,"y":-4.13,"width":128,"height":41}},"star01_":{"star01_":{"x":0.27,"y":-0.39,"width":28,"height":28}},"star02_":{"star02_":{"x":-0.09,"y":-1.06,"width":28,"height":28}},"star03_":{"star03_":{"x":0.89,"y":-0.75,"width":46,"height":46}},"star03_2":{"star03_":{"x":0.89,"y":-0.75,"width":46,"height":46}},"star03_3":{"star03_":{"x":0.89,"y":-0.75,"width":46,"height":46}},"star03_4":{"star03_":{"x":0.89,"y":-0.75,"width":46,"height":46}},"tiao_":{"tiao_":{"x":1.23,"y":2.09,"width":588,"height":164}},"tiao_2":{"tiao_":{"x":1.23,"y":2.09,"width":588,"height":164}},"tiger_body_":{"tiger_body_":{"x":10.91,"y":-39.48,"width":121,"height":172}},"tiger_body_L_":{"tiger_body_L_":{"x":-10.62,"y":-39.59,"width":121,"height":172}},"tiger_head_L_":{"tiger_head_L_":{"x":-0.41,"y":4.67,"width":140,"height":107}},"tiger_head_R_":{"tiger_head_R_":{"x":-0.86,"y":5.9,"width":140,"height":108}}}},"animations":{"loop":{"slots":{"eyeclose_L_":{"attachment":[{"time":1.8667,"name":"eyeclose_L_"},{"time":1.9333,"name":null},{"time":3.7333,"name":"eyeclose_L_"},{"time":3.8,"name":null}]},"eyeclose_R_":{"attachment":[{"time":0.8667,"name":"eyeclose_R_"},{"time":0.9333,"name":null},{"time":3.7333,"name":"eyeclose_R_"},{"time":3.8,"name":null}]},"fu_glow_":{"color":[{"time":0,"color":"ffffff00","curve":"stepped"},{"time":2,"color":"ffffff00"},{"time":3,"color":"ffffff8d","curve":[0.25,0,0.75,1]},{"time":4,"color":"ffffff00"}],"attachment":[{"time":0,"name":"fu_glow_"}]},"fudai_glow_":{"color":[{"time":0,"color":"ffb20000","curve":"stepped"},{"time":2,"color":"ffb20000"},{"time":3,"color":"ffffff64"},{"time":4,"color":"ffb20000"}]},"star01_":{"attachment":[{"time":2.6667,"name":"star01_"}]},"star02_":{"attachment":[{"time":3.3333,"name":"star02_"}]},"star03_":{"attachment":[{"time":0,"name":"star03_"}]},"star03_2":{"attachment":[{"time":0.6667,"name":"star03_"}]},"star03_3":{"attachment":[{"time":1.7333,"name":"star03_"}]},"star03_4":{"attachment":[{"time":1.1667,"name":"star03_"}]},"tiao_2":{"color":[{"time":0,"color":"ffb20000"},{"time":1,"color":"ff710086"},{"time":2,"color":"ffb20000"},{"time":3,"color":"ff710086"},{"time":4,"color":"ffb20000"}]}},"bones":{"chunlian_L_":{"rotate":[{"time":0,"angle":0},{"time":1,"angle":1.86,"curve":[0.25,0,0.75,1]},{"time":3,"angle":-1.49},{"time":4,"angle":0}]},"chunlian_L_5":{"rotate":[{"time":0,"angle":0},{"time":1.5333,"angle":1.86,"curve":[0.25,0,0.75,1]},{"time":3.5333,"angle":-1.49},{"time":4,"angle":0}]},"chunlian_L_4":{"rotate":[{"time":0,"angle":0},{"time":1.4,"angle":1.86,"curve":[0.25,0,0.75,1]},{"time":3.4,"angle":-1.49},{"time":4,"angle":0}]},"chunlian_L_3":{"rotate":[{"time":0,"angle":0},{"time":1.2667,"angle":1.86,"curve":[0.25,0,0.75,1]},{"time":3.2667,"angle":-1.49},{"time":4,"angle":0}]},"chunlian_L_2":{"rotate":[{"time":0,"angle":0},{"time":1.1333,"angle":1.86,"curve":[0.25,0,0.75,1]},{"time":3.1333,"angle":-1.49},{"time":4,"angle":0}]},"chunlian_R_":{"rotate":[{"time":0,"angle":0},{"time":1,"angle":-1.76,"curve":[0.25,0,0.75,1]},{"time":3,"angle":1.78},{"time":4,"angle":0}]},"chunlian_R_5":{"rotate":[{"time":0,"angle":0},{"time":1.5333,"angle":-1.76,"curve":[0.25,0,0.75,1]},{"time":3.5333,"angle":1.78},{"time":4,"angle":0}]},"chunlian_R_4":{"rotate":[{"time":0,"angle":0},{"time":1.4,"angle":-1.76,"curve":[0.25,0,0.75,1]},{"time":3.4,"angle":1.78},{"time":4,"angle":0}]},"chunlian_R_3":{"rotate":[{"time":0,"angle":0},{"time":1.2667,"angle":-1.76,"curve":[0.25,0,0.75,1]},{"time":3.2667,"angle":1.78},{"time":4,"angle":0}]},"chunlian_R_2":{"rotate":[{"time":0,"angle":0},{"time":1.1333,"angle":-1.76,"curve":[0.25,0,0.75,1]},{"time":3.1333,"angle":1.78},{"time":4,"angle":0}]},"fu_":{"rotate":[{"time":0.4333,"angle":0,"curve":[0,0.1,0.75,1]},{"time":0.5667,"angle":4.89,"curve":[0.25,0,1,0.92]},{"time":0.7,"angle":-0.34,"curve":[0,0.1,0.75,1]},{"time":0.8333,"angle":-4.89,"curve":[0.25,0,1,0.9]},{"time":0.9667,"angle":0.3,"curve":[0,0.1,0.75,1]},{"time":1.1,"angle":3.82,"curve":[0.25,0,1,0.94]},{"time":1.2333,"angle":-4.21,"curve":[0,0.09,0.75,1]},{"time":1.3333,"angle":3,"curve":[0.25,0,1,0.93]},{"time":1.4333,"angle":-1.8,"curve":[0.25,0,0.75,1]},{"time":1.5333,"angle":0.8},{"time":1.6333,"angle":-0.2},{"time":1.7333,"angle":0}],"translate":[{"time":0.4333,"x":0,"y":0,"curve":[0,0.12,0.75,1]},{"time":0.5667,"x":0,"y":13.73,"curve":[0.25,0,1,0.92]},{"time":0.7,"x":0,"y":0,"curve":[0,0.12,0.75,1]},{"time":0.8333,"x":0,"y":13.73,"curve":[0.25,0,1,0.92]},{"time":0.9667,"x":0,"y":0,"curve":[0,0.12,0.75,1]},{"time":1.1,"x":0,"y":13.73,"curve":[0.25,0,1,0.92]},{"time":1.2333,"x":0,"y":-1.87,"curve":[0,0.12,0.75,1]},{"time":1.3333,"x":0,"y":0}],"scale":[{"time":0.3333,"x":1,"y":1},{"time":0.4333,"x":1.044,"y":0.963},{"time":0.5333,"x":0.98,"y":1.017},{"time":0.6,"x":1.004,"y":1.011},{"time":0.7,"x":1.044,"y":0.963},{"time":0.8,"x":0.98,"y":1.017},{"time":0.8667,"x":1.004,"y":1.011},{"time":0.9667,"x":1.044,"y":0.963},{"time":1.0667,"x":0.98,"y":1.017},{"time":1.1667,"x":1.004,"y":1.011},{"time":1.2667,"x":1.044,"y":0.963},{"time":1.3667,"x":0.969,"y":1.026},{"time":1.4667,"x":1.014,"y":0.995},{"time":1.5667,"x":1,"y":1}]},"cloud_L1_":{"rotate":[{"time":0,"angle":0,"curve":[0.25,0,0.75,1]},{"time":2,"angle":2.38,"curve":[0.25,0,0.75,1]},{"time":4,"angle":0}],"translate":[{"time":0,"x":0,"y":0,"curve":[0.25,0,0.75,1]},{"time":2,"x":4.02,"y":4.02,"curve":[0.25,0,0.75,1]},{"time":4,"x":0,"y":0}]},"cloud_L2_":{"rotate":[{"time":0,"angle":0,"curve":[0.25,0,0.75,1]},{"time":2,"angle":-0.84,"curve":[0.25,0,0.75,1]},{"time":4,"angle":0}],"translate":[{"time":0,"x":0,"y":0,"curve":[0.25,0,0.75,1]},{"time":2,"x":0.8,"y":-1.61,"curve":[0.25,0,0.75,1]},{"time":4,"x":0,"y":0}]},"cloud_L3_":{"rotate":[{"time":0,"angle":0,"curve":[0.25,0,0.75,1]},{"time":2,"angle":-2.2,"curve":[0.25,0,0.75,1]},{"time":4,"angle":0}],"translate":[{"time":0,"x":0,"y":0,"curve":[0.25,0,0.75,1]},{"time":2,"x":-6.44,"y":0.8,"curve":[0.25,0,0.75,1]},{"time":4,"x":0,"y":0}]},"mouse_L_":{"rotate":[{"time":0,"angle":0},{"time":0.5,"angle":3.16},{"time":1.5,"angle":-3.22},{"time":2,"angle":0},{"time":2.5,"angle":3.16},{"time":3.5,"angle":-3.22},{"time":4,"angle":0}],"scale":[{"time":0,"x":1,"y":1,"curve":[0.077,0.07,0.759,1]},{"time":0.5,"x":1.029,"y":0.98,"curve":[0.05,0.08,0.75,1]},{"time":1.5,"x":0.98,"y":1.013,"curve":[0.25,0,0.941,0.92]},{"time":2,"x":1,"y":1,"curve":[0.077,0.07,0.759,1]},{"time":2.5,"x":1.029,"y":0.98,"curve":[0.05,0.08,0.75,1]},{"time":3.5,"x":0.98,"y":1.013,"curve":[0.25,0,0.941,0.92]},{"time":4,"x":1,"y":1}]},"cloud_R1_":{"rotate":[{"time":0,"angle":0},{"time":2,"angle":-0.93},{"time":4,"angle":0}],"translate":[{"time":0,"x":0,"y":0},{"time":2,"x":-3.3,"y":2.47},{"time":4,"x":0,"y":0}]},"cloud_R2_":{"rotate":[{"time":0,"angle":0},{"time":2,"angle":2.24},{"time":4,"angle":0}],"translate":[{"time":0,"x":0,"y":0},{"time":2,"x":2.47,"y":-2.47},{"time":4,"x":0,"y":0}]},"cloud_R3_":{"rotate":[{"time":0,"angle":0,"curve":[0.25,0,0.75,1]},{"time":2,"angle":1.37,"curve":[0.25,0,0.75,1]},{"time":4,"angle":0}],"translate":[{"time":0,"x":0,"y":0,"curve":[0.25,0,0.75,1]},{"time":2,"x":0.82,"y":-3.3,"curve":[0.25,0,0.75,1]},{"time":4,"x":0,"y":0}]},"mouse_R_":{"rotate":[{"time":0,"angle":0},{"time":0.5,"angle":3.16},{"time":1.5,"angle":-3.22},{"time":2,"angle":0},{"time":2.5,"angle":3.16},{"time":3.5,"angle":-3.22},{"time":4,"angle":0}],"scale":[{"time":0,"x":1,"y":1,"curve":[0.077,0.07,0.759,1]},{"time":0.5,"x":1.01,"y":0.99,"curve":[0.05,0.08,0.75,1]},{"time":1.5,"x":0.98,"y":1.013,"curve":[0.25,0,0.941,0.92]},{"time":2,"x":1,"y":1,"curve":[0.077,0.07,0.759,1]},{"time":2.5,"x":1.01,"y":0.99,"curve":[0.05,0.08,0.75,1]},{"time":3.5,"x":0.98,"y":1.013,"curve":[0.25,0,0.941,0.92]},{"time":4,"x":1,"y":1}]},"eye_L_L_":{"translate":[{"time":0.6667,"x":0,"y":0,"curve":[0,0.11,0.75,1]},{"time":0.8667,"x":-6.83,"y":3.28,"curve":"stepped"},{"time":2,"x":-6.83,"y":3.28,"curve":[0,0.12,0.75,1]},{"time":2.2,"x":0.59,"y":-0.82,"curve":"stepped"},{"time":3.8,"x":0.59,"y":-0.82,"curve":[0,0.07,0.75,1]},{"time":4,"x":0,"y":0}]},"eye_L_R_":{"translate":[{"time":0.6667,"x":0,"y":0,"curve":[0,0.11,0.75,1]},{"time":0.8667,"x":-0.82,"y":2.46,"curve":"stepped"},{"time":2,"x":-0.82,"y":2.46,"curve":[0,0.12,0.75,1]},{"time":2.2,"x":6.69,"y":0.41,"curve":"stepped"},{"time":3.8,"x":6.69,"y":0.41,"curve":[0,0.07,0.75,1]},{"time":4,"x":0,"y":0}]},"tiger_head_R_":{"rotate":[{"time":0,"angle":-2},{"time":2,"angle":7.12},{"time":4,"angle":-2}]},"tiger_head_L_":{"rotate":[{"time":0,"angle":2},{"time":2,"angle":-7.14},{"time":4,"angle":2}]},"tiger_body_L_":{"scale":[{"time":0,"x":0.98,"y":1.02,"curve":[0.25,0,0.75,1]},{"time":2,"x":1.02,"y":0.98,"curve":[0.25,0,0.75,1]},{"time":4,"x":0.98,"y":1.02}]},"tiger_body_":{"scale":[{"time":0,"x":0.98,"y":1.02,"curve":[0.25,0,0.75,1]},{"time":2,"x":1.02,"y":0.98,"curve":[0.25,0,0.75,1]},{"time":4,"x":0.98,"y":1.02}]},"star03_":{"rotate":[{"time":0,"angle":0,"curve":[0.013,0.09,0.75,1]},{"time":0.6667,"angle":89.98}],"translate":[{"time":0,"x":-3.81,"y":-16.18}],"scale":[{"time":0,"x":0,"y":0},{"time":0.1,"x":1,"y":1,"curve":"stepped"},{"time":0.2333,"x":1,"y":1,"curve":[0.25,0,0.75,1]},{"time":0.6667,"x":0,"y":0}]},"star03_2":{"rotate":[{"time":0.6667,"angle":0,"curve":[0,0.08,0.75,1]},{"time":1.3333,"angle":89.98}],"translate":[{"time":0,"x":-40.94,"y":-36.18}],"scale":[{"time":0,"x":0,"y":0,"curve":"stepped"},{"time":0.6667,"x":0,"y":0},{"time":0.7667,"x":1,"y":1,"curve":"stepped"},{"time":0.9,"x":1,"y":1,"curve":[0.25,0,0.75,1]},{"time":1.3333,"x":0,"y":0}]},"star01_":{"rotate":[{"time":2.6667,"angle":0,"curve":[0.071,0.09,0.75,1]},{"time":3.3333,"angle":-90}],"translate":[{"time":0,"x":10.47,"y":18.09}],"scale":[{"time":0,"x":0,"y":0,"curve":"stepped"},{"time":2.6667,"x":0,"y":0},{"time":2.7667,"x":1,"y":1,"curve":"stepped"},{"time":2.9,"x":1,"y":1,"curve":[0.25,0,0.75,1]},{"time":3.3333,"x":0,"y":0}]},"star02_":{"rotate":[{"time":3.3333,"angle":0,"curve":[0.071,0.09,0.75,1]},{"time":4,"angle":-90}],"translate":[{"time":0,"x":10.47,"y":28.56}],"scale":[{"time":0,"x":0,"y":0,"curve":"stepped"},{"time":3.3333,"x":0,"y":0},{"time":3.4333,"x":1,"y":1,"curve":"stepped"},{"time":3.5667,"x":1,"y":1,"curve":[0.25,0,0.75,1]},{"time":4,"x":0,"y":0}]},"star03_3":{"rotate":[{"time":1.7333,"angle":0,"curve":[0,0.08,0.75,1]},{"time":2.4,"angle":89.98}],"translate":[{"time":0,"x":-114.97,"y":-41.28}],"scale":[{"time":0,"x":0,"y":0,"curve":"stepped"},{"time":1.7333,"x":0,"y":0},{"time":1.8333,"x":1,"y":1,"curve":"stepped"},{"time":1.9667,"x":1,"y":1,"curve":[0.25,0,0.75,1]},{"time":2.4,"x":0,"y":0}]},"star03_4":{"rotate":[{"time":1.1667,"angle":0,"curve":[0,0.08,0.706,0.92]},{"time":1.8333,"angle":-37.75}],"translate":[{"time":0,"x":82.06,"y":-34}],"scale":[{"time":0,"x":0,"y":0,"curve":"stepped"},{"time":1.1667,"x":0,"y":0},{"time":1.2667,"x":1,"y":1,"curve":"stepped"},{"time":1.4,"x":1,"y":1,"curve":[0.25,0,0.75,1]},{"time":1.8333,"x":0,"y":0}]},"eye_R_R_":{"translate":[{"time":1,"x":0,"y":0,"curve":[0,0.1,0.75,1]},{"time":1.2,"x":-6.8,"y":2.2,"curve":"stepped"},{"time":2.3333,"x":-6.8,"y":2.2,"curve":[0,0.09,0.75,1]},{"time":2.5333,"x":1.3,"y":-0.3,"curve":"stepped"},{"time":3.8333,"x":1.3,"y":-0.3,"curve":[0,0.09,0.75,1]},{"time":4,"x":0,"y":0}]},"eye_R_L_":{"translate":[{"time":1,"x":0,"y":0,"curve":[0,0.1,0.75,1]},{"time":1.2,"x":-0.9,"y":2.49,"curve":"stepped"},{"time":2.3333,"x":-0.9,"y":2.49,"curve":[0,0.09,0.75,1]},{"time":2.5333,"x":7.95,"y":2.5,"curve":"stepped"},{"time":3.8333,"x":7.95,"y":2.5,"curve":[0,0.09,0.75,1]},{"time":4,"x":0,"y":0}]}}},"start":{"slots":{"eyeclose_L_":{"attachment":[{"time":1.8667,"name":"eyeclose_L_"},{"time":1.9333,"name":null},{"time":3.7333,"name":"eyeclose_L_"},{"time":3.8,"name":null},{"time":5.8667,"name":"eyeclose_L_"},{"time":5.9333,"name":null},{"time":7.7333,"name":"eyeclose_L_"},{"time":7.8,"name":null}]},"eyeclose_R_":{"attachment":[{"time":0.8667,"name":"eyeclose_R_"},{"time":0.9333,"name":null},{"time":3.7333,"name":"eyeclose_R_"},{"time":3.8,"name":null},{"time":4.8667,"name":"eyeclose_R_"},{"time":4.9333,"name":null},{"time":7.7333,"name":"eyeclose_R_"},{"time":7.8,"name":null}]},"fu_glow_":{"color":[{"time":0,"color":"ffffff00","curve":"stepped"},{"time":2,"color":"ffffff00"},{"time":3,"color":"ffffff8d","curve":[0.25,0,0.75,1]},{"time":4,"color":"ffffff00","curve":"stepped"},{"time":6,"color":"ffffff00"},{"time":7,"color":"ffffff8d","curve":[0.25,0,0.75,1]},{"time":8,"color":"ffffff00"}],"attachment":[{"time":0,"name":"fu_glow_"}]},"fudai_glow_":{"color":[{"time":0,"color":"ffb20000","curve":"stepped"},{"time":2,"color":"ffb20000"},{"time":3,"color":"ffffff64"},{"time":4,"color":"ffb20000","curve":"stepped"},{"time":6,"color":"ffb20000"},{"time":7,"color":"ffffff64"},{"time":8,"color":"ffb20000"}]},"star01_":{"attachment":[{"time":2.6667,"name":"star01_"}]},"star02_":{"attachment":[{"time":3.3333,"name":"star02_"}]},"star03_":{"attachment":[{"time":0,"name":"star03_"}]},"star03_2":{"attachment":[{"time":0.6667,"name":"star03_"}]},"star03_3":{"attachment":[{"time":1.7333,"name":"star03_"}]},"star03_4":{"attachment":[{"time":1.1667,"name":"star03_"}]},"tiao_2":{"color":[{"time":0,"color":"ffb20000"},{"time":1,"color":"ff710086"},{"time":2,"color":"ffb20000"},{"time":3,"color":"ff710086"},{"time":4,"color":"ffb20000"},{"time":5,"color":"ff710086"},{"time":6,"color":"ffb20000"},{"time":7,"color":"ff710086"},{"time":8,"color":"ffb20000"}]}},"bones":{"chunlian_L_":{"rotate":[{"time":0,"angle":0},{"time":1,"angle":1.86,"curve":[0.25,0,0.75,1]},{"time":3,"angle":-1.49},{"time":4,"angle":0},{"time":5,"angle":1.86,"curve":[0.25,0,0.75,1]},{"time":7,"angle":-1.49},{"time":8,"angle":0}],"scale":[{"time":0.3333,"x":1,"y":1,"curve":[0,0.17,0.75,1]},{"time":0.5667,"x":1,"y":1.05,"curve":[0.25,0,1,0.89]},{"time":0.8,"x":1,"y":0.97,"curve":[0,0.11,0.75,1]},{"time":1.0333,"x":1,"y":1.02,"curve":[0,0.1,0.75,1]},{"time":1.2667,"x":1,"y":1}]},"chunlian_L_5":{"rotate":[{"time":0,"angle":0},{"time":1.5333,"angle":1.86,"curve":[0.25,0,0.75,1]},{"time":3.5333,"angle":-1.49},{"time":4,"angle":0},{"time":5.5333,"angle":1.86,"curve":[0.25,0,0.75,1]},{"time":7.5333,"angle":-1.49},{"time":8,"angle":0}],"scale":[{"time":0,"x":0,"y":1,"curve":"stepped"},{"time":0.4,"x":0,"y":1,"curve":[0.25,0,0.75,1]},{"time":0.5333,"x":1.1,"y":1,"curve":[0,0.1,0.75,1]},{"time":0.6667,"x":1,"y":1}]},"chunlian_L_4":{"rotate":[{"time":0,"angle":0},{"time":1.4,"angle":1.86,"curve":[0.25,0,0.75,1]},{"time":3.4,"angle":-1.49},{"time":4,"angle":0},{"time":5.4,"angle":1.86,"curve":[0.25,0,0.75,1]},{"time":7.4,"angle":-1.49},{"time":8,"angle":0}],"scale":[{"time":0,"x":0,"y":1,"curve":"stepped"},{"time":0.2667,"x":0,"y":1,"curve":[0.25,0,0.75,1]},{"time":0.4,"x":1.1,"y":1,"curve":[0.013,0.12,0.75,1]},{"time":0.5333,"x":1,"y":1}]},"chunlian_L_3":{"rotate":[{"time":0,"angle":0},{"time":1.2667,"angle":1.86,"curve":[0.25,0,0.75,1]},{"time":3.2667,"angle":-1.49},{"time":4,"angle":0},{"time":5.2667,"angle":1.86,"curve":[0.25,0,0.75,1]},{"time":7.2667,"angle":-1.49},{"time":8,"angle":0}],"scale":[{"time":0,"x":0,"y":1,"curve":"stepped"},{"time":0.1333,"x":0,"y":1,"curve":[0.25,0,0.75,1]},{"time":0.2667,"x":1.1,"y":1,"curve":[0.013,0.12,0.75,1]},{"time":0.4,"x":1,"y":1}]},"chunlian_L_2":{"rotate":[{"time":0,"angle":0},{"time":1.1333,"angle":1.86,"curve":[0.25,0,0.75,1]},{"time":3.1333,"angle":-1.49},{"time":4,"angle":0},{"time":5.1333,"angle":1.86,"curve":[0.25,0,0.75,1]},{"time":7.1333,"angle":-1.49},{"time":8,"angle":0}],"scale":[{"time":0,"x":0,"y":1,"curve":[0.25,0,0.75,1]},{"time":0.1333,"x":1.1,"y":1,"curve":[0.013,0.12,0.75,1]},{"time":0.2667,"x":1,"y":1}]},"chunlian_R_":{"rotate":[{"time":0,"angle":0},{"time":1,"angle":-1.76,"curve":[0.25,0,0.75,1]},{"time":3,"angle":1.78},{"time":4,"angle":0},{"time":5,"angle":-1.76,"curve":[0.25,0,0.75,1]},{"time":7,"angle":1.78},{"time":8,"angle":0}],"scale":[{"time":0.3333,"x":1,"y":1,"curve":[0,0.17,0.75,1]},{"time":0.5667,"x":1,"y":1.05,"curve":[0.25,0,1,0.89]},{"time":0.8,"x":1,"y":0.97,"curve":[0,0.11,0.75,1]},{"time":1.0333,"x":1,"y":1.02,"curve":[0,0.1,0.75,1]},{"time":1.2667,"x":1,"y":1}]},"chunlian_R_5":{"rotate":[{"time":0,"angle":0},{"time":1.5333,"angle":-1.76,"curve":[0.25,0,0.75,1]},{"time":3.5333,"angle":1.78},{"time":4,"angle":0},{"time":5.5333,"angle":-1.76,"curve":[0.25,0,0.75,1]},{"time":7.5333,"angle":1.78},{"time":8,"angle":0}],"scale":[{"time":0,"x":0,"y":1,"curve":"stepped"},{"time":0.4,"x":0,"y":1,"curve":[0.25,0,0.75,1]},{"time":0.5333,"x":1.1,"y":1,"curve":[0,0.1,0.75,1]},{"time":0.6667,"x":1,"y":1}]},"chunlian_R_4":{"rotate":[{"time":0,"angle":0},{"time":1.4,"angle":-1.76,"curve":[0.25,0,0.75,1]},{"time":3.4,"angle":1.78},{"time":4,"angle":0},{"time":5.4,"angle":-1.76,"curve":[0.25,0,0.75,1]},{"time":7.4,"angle":1.78},{"time":8,"angle":0}],"scale":[{"time":0,"x":0,"y":1,"curve":"stepped"},{"time":0.2667,"x":0,"y":1,"curve":[0.25,0,0.75,1]},{"time":0.4,"x":1.1,"y":1,"curve":[0.013,0.12,0.75,1]},{"time":0.5333,"x":1,"y":1}]},"chunlian_R_3":{"rotate":[{"time":0,"angle":0},{"time":1.2667,"angle":-1.76,"curve":[0.25,0,0.75,1]},{"time":3.2667,"angle":1.78},{"time":4,"angle":0},{"time":5.2667,"angle":-1.76,"curve":[0.25,0,0.75,1]},{"time":7.2667,"angle":1.78},{"time":8,"angle":0}],"scale":[{"time":0,"x":0,"y":1,"curve":"stepped"},{"time":0.1333,"x":0,"y":1,"curve":[0.25,0,0.75,1]},{"time":0.2667,"x":1.1,"y":1,"curve":[0.013,0.12,0.75,1]},{"time":0.4,"x":1,"y":1}]},"chunlian_R_2":{"rotate":[{"time":0,"angle":0},{"time":1.1333,"angle":-1.76,"curve":[0.25,0,0.75,1]},{"time":3.1333,"angle":1.78},{"time":4,"angle":0},{"time":5.1333,"angle":-1.76,"curve":[0.25,0,0.75,1]},{"time":7.1333,"angle":1.78},{"time":8,"angle":0}],"scale":[{"time":0,"x":0,"y":1,"curve":[0.25,0,0.75,1]},{"time":0.1333,"x":1.1,"y":1,"curve":[0.013,0.12,0.75,1]},{"time":0.2667,"x":1,"y":1}]},"fu_":{"rotate":[{"time":0.4333,"angle":0,"curve":[0,0.1,0.75,1]},{"time":0.5667,"angle":4.89,"curve":[0.25,0,1,0.92]},{"time":0.7,"angle":-0.34,"curve":[0,0.1,0.75,1]},{"time":0.8333,"angle":-4.89,"curve":[0.25,0,1,0.9]},{"time":0.9667,"angle":0.3,"curve":[0,0.1,0.75,1]},{"time":1.1,"angle":3.82,"curve":[0.25,0,1,0.94]},{"time":1.2333,"angle":-4.21,"curve":[0,0.09,0.75,1]},{"time":1.3333,"angle":3,"curve":[0.25,0,1,0.93]},{"time":1.4333,"angle":-1.8,"curve":[0.25,0,0.75,1]},{"time":1.5333,"angle":0.8},{"time":1.6333,"angle":-0.2},{"time":1.7333,"angle":0,"curve":"stepped"},{"time":4.4333,"angle":0,"curve":[0,0.1,0.75,1]},{"time":4.5667,"angle":4.89,"curve":[0.25,0,1,0.92]},{"time":4.7,"angle":-0.34,"curve":[0,0.1,0.75,1]},{"time":4.8333,"angle":-4.89,"curve":[0.25,0,1,0.9]},{"time":4.9667,"angle":0.3,"curve":[0,0.1,0.75,1]},{"time":5.1,"angle":3.82,"curve":[0.25,0,1,0.94]},{"time":5.2333,"angle":-4.21,"curve":[0,0.09,0.75,1]},{"time":5.3333,"angle":3,"curve":[0.25,0,1,0.93]},{"time":5.4333,"angle":-1.8,"curve":[0.25,0,0.75,1]},{"time":5.5333,"angle":0.8},{"time":5.6333,"angle":-0.2},{"time":5.7333,"angle":0}],"translate":[{"time":0.4333,"x":0,"y":0,"curve":[0,0.12,0.75,1]},{"time":0.5667,"x":0,"y":13.73,"curve":[0.25,0,1,0.92]},{"time":0.7,"x":0,"y":0,"curve":[0,0.12,0.75,1]},{"time":0.8333,"x":0,"y":13.73,"curve":[0.25,0,1,0.92]},{"time":0.9667,"x":0,"y":0,"curve":[0,0.12,0.75,1]},{"time":1.1,"x":0,"y":13.73,"curve":[0.25,0,1,0.92]},{"time":1.2333,"x":0,"y":-1.87,"curve":[0,0.12,0.75,1]},{"time":1.3333,"x":0,"y":0,"curve":"stepped"},{"time":4.4333,"x":0,"y":0,"curve":[0,0.12,0.75,1]},{"time":4.5667,"x":0,"y":13.73,"curve":[0.25,0,1,0.92]},{"time":4.7,"x":0,"y":0,"curve":[0,0.12,0.75,1]},{"time":4.8333,"x":0,"y":13.73,"curve":[0.25,0,1,0.92]},{"time":4.9667,"x":0,"y":0,"curve":[0,0.12,0.75,1]},{"time":5.1,"x":0,"y":13.73,"curve":[0.25,0,1,0.92]},{"time":5.2333,"x":0,"y":-1.87,"curve":[0,0.12,0.75,1]},{"time":5.3333,"x":0,"y":0}],"scale":[{"time":0.3333,"x":1,"y":1},{"time":0.4333,"x":1.044,"y":0.963},{"time":0.5333,"x":0.98,"y":1.017},{"time":0.6,"x":1.004,"y":1.011},{"time":0.7,"x":1.044,"y":0.963},{"time":0.8,"x":0.98,"y":1.017},{"time":0.8667,"x":1.004,"y":1.011},{"time":0.9667,"x":1.044,"y":0.963},{"time":1.0667,"x":0.98,"y":1.017},{"time":1.1667,"x":1.004,"y":1.011},{"time":1.2667,"x":1.044,"y":0.963},{"time":1.3667,"x":0.969,"y":1.026},{"time":1.4667,"x":1.014,"y":0.995},{"time":1.5667,"x":1,"y":1,"curve":"stepped"},{"time":4.3333,"x":1,"y":1},{"time":4.4333,"x":1.044,"y":0.963},{"time":4.5333,"x":0.98,"y":1.017},{"time":4.6,"x":1.004,"y":1.011},{"time":4.7,"x":1.044,"y":0.963},{"time":4.8,"x":0.98,"y":1.017},{"time":4.8667,"x":1.004,"y":1.011},{"time":4.9667,"x":1.044,"y":0.963},{"time":5.0667,"x":0.98,"y":1.017},{"time":5.1667,"x":1.004,"y":1.011},{"time":5.2667,"x":1.044,"y":0.963},{"time":5.3667,"x":0.969,"y":1.026},{"time":5.4667,"x":1.014,"y":0.995},{"time":5.5667,"x":1,"y":1}]},"cloud_L1_":{"rotate":[{"time":0,"angle":0,"curve":[0.25,0,0.75,1]},{"time":2,"angle":2.38,"curve":[0.25,0,0.75,1]},{"time":4,"angle":0,"curve":[0.25,0,0.75,1]},{"time":6,"angle":2.38,"curve":[0.25,0,0.75,1]},{"time":8,"angle":0}],"translate":[{"time":0,"x":0,"y":0,"curve":[0.25,0,0.75,1]},{"time":2,"x":4.02,"y":4.02,"curve":[0.25,0,0.75,1]},{"time":4,"x":0,"y":0,"curve":[0.25,0,0.75,1]},{"time":6,"x":4.02,"y":4.02,"curve":[0.25,0,0.75,1]},{"time":8,"x":0,"y":0}]},"cloud_L2_":{"rotate":[{"time":0,"angle":0,"curve":[0.25,0,0.75,1]},{"time":2,"angle":-0.84,"curve":[0.25,0,0.75,1]},{"time":4,"angle":0,"curve":[0.25,0,0.75,1]},{"time":6,"angle":-0.84,"curve":[0.25,0,0.75,1]},{"time":8,"angle":0}],"translate":[{"time":0,"x":0,"y":0,"curve":[0.25,0,0.75,1]},{"time":2,"x":0.8,"y":-1.61,"curve":[0.25,0,0.75,1]},{"time":4,"x":0,"y":0,"curve":[0.25,0,0.75,1]},{"time":6,"x":0.8,"y":-1.61,"curve":[0.25,0,0.75,1]},{"time":8,"x":0,"y":0}]},"cloud_L3_":{"rotate":[{"time":0,"angle":0,"curve":[0.25,0,0.75,1]},{"time":2,"angle":-2.2,"curve":[0.25,0,0.75,1]},{"time":4,"angle":0,"curve":[0.25,0,0.75,1]},{"time":6,"angle":-2.2,"curve":[0.25,0,0.75,1]},{"time":8,"angle":0}],"translate":[{"time":0,"x":0,"y":0,"curve":[0.25,0,0.75,1]},{"time":2,"x":-6.44,"y":0.8,"curve":[0.25,0,0.75,1]},{"time":4,"x":0,"y":0,"curve":[0.25,0,0.75,1]},{"time":6,"x":-6.44,"y":0.8,"curve":[0.25,0,0.75,1]},{"time":8,"x":0,"y":0}]},"mouse_L_":{"rotate":[{"time":0,"angle":0},{"time":0.5,"angle":3.16},{"time":1.5,"angle":-3.22},{"time":2,"angle":0},{"time":2.5,"angle":3.16},{"time":3.5,"angle":-3.22},{"time":4,"angle":0},{"time":4.5,"angle":3.16},{"time":5.5,"angle":-3.22},{"time":6,"angle":0},{"time":6.5,"angle":3.16},{"time":7.5,"angle":-3.22},{"time":8,"angle":0}],"scale":[{"time":0,"x":1,"y":1,"curve":[0.077,0.07,0.759,1]},{"time":0.5,"x":1.029,"y":0.98,"curve":[0.05,0.08,0.75,1]},{"time":1.5,"x":0.98,"y":1.013,"curve":[0.25,0,0.941,0.92]},{"time":2,"x":1,"y":1,"curve":[0.077,0.07,0.759,1]},{"time":2.5,"x":1.029,"y":0.98,"curve":[0.05,0.08,0.75,1]},{"time":3.5,"x":0.98,"y":1.013,"curve":[0.25,0,0.941,0.92]},{"time":4,"x":1,"y":1,"curve":[0.077,0.07,0.759,1]},{"time":4.5,"x":1.029,"y":0.98,"curve":[0.05,0.08,0.75,1]},{"time":5.5,"x":0.98,"y":1.013,"curve":[0.25,0,0.941,0.92]},{"time":6,"x":1,"y":1,"curve":[0.077,0.07,0.759,1]},{"time":6.5,"x":1.029,"y":0.98,"curve":[0.05,0.08,0.75,1]},{"time":7.5,"x":0.98,"y":1.013,"curve":[0.25,0,0.941,0.92]},{"time":8,"x":1,"y":1}]},"cloud_R1_":{"rotate":[{"time":0,"angle":0},{"time":2,"angle":-0.93},{"time":4,"angle":0},{"time":6,"angle":-0.93},{"time":8,"angle":0}],"translate":[{"time":0,"x":0,"y":0},{"time":2,"x":-3.3,"y":2.47},{"time":4,"x":0,"y":0},{"time":6,"x":-3.3,"y":2.47},{"time":8,"x":0,"y":0}]},"cloud_R2_":{"rotate":[{"time":0,"angle":0},{"time":2,"angle":2.24},{"time":4,"angle":0},{"time":6,"angle":2.24},{"time":8,"angle":0}],"translate":[{"time":0,"x":0,"y":0},{"time":2,"x":2.47,"y":-2.47},{"time":4,"x":0,"y":0},{"time":6,"x":2.47,"y":-2.47},{"time":8,"x":0,"y":0}]},"cloud_R3_":{"rotate":[{"time":0,"angle":0,"curve":[0.25,0,0.75,1]},{"time":2,"angle":1.37,"curve":[0.25,0,0.75,1]},{"time":4,"angle":0,"curve":[0.25,0,0.75,1]},{"time":6,"angle":1.37,"curve":[0.25,0,0.75,1]},{"time":8,"angle":0}],"translate":[{"time":0,"x":0,"y":0,"curve":[0.25,0,0.75,1]},{"time":2,"x":0.82,"y":-3.3,"curve":[0.25,0,0.75,1]},{"time":4,"x":0,"y":0,"curve":[0.25,0,0.75,1]},{"time":6,"x":0.82,"y":-3.3,"curve":[0.25,0,0.75,1]},{"time":8,"x":0,"y":0}]},"mouse_R_":{"rotate":[{"time":0,"angle":0},{"time":0.5,"angle":3.16},{"time":1.5,"angle":-3.22},{"time":2,"angle":0},{"time":2.5,"angle":3.16},{"time":3.5,"angle":-3.22},{"time":4,"angle":0},{"time":4.5,"angle":3.16},{"time":5.5,"angle":-3.22},{"time":6,"angle":0},{"time":6.5,"angle":3.16},{"time":7.5,"angle":-3.22},{"time":8,"angle":0}],"scale":[{"time":0,"x":1,"y":1,"curve":[0.077,0.07,0.759,1]},{"time":0.5,"x":1.01,"y":0.99,"curve":[0.05,0.08,0.75,1]},{"time":1.5,"x":0.98,"y":1.013,"curve":[0.25,0,0.941,0.92]},{"time":2,"x":1,"y":1,"curve":[0.077,0.07,0.759,1]},{"time":2.5,"x":1.01,"y":0.99,"curve":[0.05,0.08,0.75,1]},{"time":3.5,"x":0.98,"y":1.013,"curve":[0.25,0,0.941,0.92]},{"time":4,"x":1,"y":1,"curve":[0.077,0.07,0.759,1]},{"time":4.5,"x":1.01,"y":0.99,"curve":[0.05,0.08,0.75,1]},{"time":5.5,"x":0.98,"y":1.013,"curve":[0.25,0,0.941,0.92]},{"time":6,"x":1,"y":1,"curve":[0.077,0.07,0.759,1]},{"time":6.5,"x":1.01,"y":0.99,"curve":[0.05,0.08,0.75,1]},{"time":7.5,"x":0.98,"y":1.013,"curve":[0.25,0,0.941,0.92]},{"time":8,"x":1,"y":1}]},"eye_L_L_":{"translate":[{"time":0.6667,"x":0,"y":0,"curve":[0,0.11,0.75,1]},{"time":0.8667,"x":-6.83,"y":3.28,"curve":"stepped"},{"time":2,"x":-6.83,"y":3.28,"curve":[0,0.12,0.75,1]},{"time":2.2,"x":0.59,"y":-0.82,"curve":"stepped"},{"time":3.8,"x":0.59,"y":-0.82,"curve":[0,0.07,0.75,1]},{"time":4,"x":0,"y":0,"curve":"stepped"},{"time":4.6667,"x":0,"y":0,"curve":[0,0.11,0.75,1]},{"time":4.8667,"x":-6.83,"y":3.28,"curve":"stepped"},{"time":6,"x":-6.83,"y":3.28,"curve":[0,0.12,0.75,1]},{"time":6.2,"x":0.59,"y":-0.82,"curve":"stepped"},{"time":7.8,"x":0.59,"y":-0.82,"curve":[0,0.07,0.75,1]},{"time":8,"x":0,"y":0}]},"eye_L_R_":{"translate":[{"time":0.6667,"x":0,"y":0,"curve":[0,0.11,0.75,1]},{"time":0.8667,"x":-0.82,"y":2.46,"curve":"stepped"},{"time":2,"x":-0.82,"y":2.46,"curve":[0,0.12,0.75,1]},{"time":2.2,"x":6.69,"y":0.41,"curve":"stepped"},{"time":3.8,"x":6.69,"y":0.41,"curve":[0,0.07,0.75,1]},{"time":4,"x":0,"y":0,"curve":"stepped"},{"time":4.6667,"x":0,"y":0,"curve":[0,0.11,0.75,1]},{"time":4.8667,"x":-0.82,"y":2.46,"curve":"stepped"},{"time":6,"x":-0.82,"y":2.46,"curve":[0,0.12,0.75,1]},{"time":6.2,"x":6.69,"y":0.41,"curve":"stepped"},{"time":7.8,"x":6.69,"y":0.41,"curve":[0,0.07,0.75,1]},{"time":8,"x":0,"y":0}]},"tiger_head_R_":{"rotate":[{"time":0,"angle":-2},{"time":2,"angle":7.12},{"time":4,"angle":-2},{"time":6,"angle":7.12},{"time":8,"angle":-2}]},"tiger_head_L_":{"rotate":[{"time":0,"angle":2},{"time":2,"angle":-7.14},{"time":4,"angle":2},{"time":6,"angle":-7.14},{"time":8,"angle":2}]},"tiger_body_L_":{"scale":[{"time":0,"x":0.98,"y":1.02,"curve":[0.25,0,0.75,1]},{"time":2,"x":1.02,"y":0.98,"curve":[0.25,0,0.75,1]},{"time":4,"x":0.98,"y":1.02,"curve":[0.25,0,0.75,1]},{"time":6,"x":1.02,"y":0.98,"curve":[0.25,0,0.75,1]},{"time":8,"x":0.98,"y":1.02}]},"tiger_body_":{"scale":[{"time":0,"x":0.98,"y":1.02,"curve":[0.25,0,0.75,1]},{"time":2,"x":1.02,"y":0.98,"curve":[0.25,0,0.75,1]},{"time":4,"x":0.98,"y":1.02,"curve":[0.25,0,0.75,1]},{"time":6,"x":1.02,"y":0.98,"curve":[0.25,0,0.75,1]},{"time":8,"x":0.98,"y":1.02}]},"star03_":{"rotate":[{"time":0,"angle":0,"curve":[0.013,0.09,0.75,1]},{"time":0.6667,"angle":89.98},{"time":4,"angle":0,"curve":[0.013,0.09,0.75,1]},{"time":4.6667,"angle":89.98}],"translate":[{"time":0,"x":-3.81,"y":-16.18}],"scale":[{"time":0,"x":0,"y":0},{"time":0.1,"x":1,"y":1,"curve":"stepped"},{"time":0.2333,"x":1,"y":1,"curve":[0.25,0,0.75,1]},{"time":0.6667,"x":0,"y":0,"curve":"stepped"},{"time":4,"x":0,"y":0},{"time":4.1,"x":1,"y":1,"curve":"stepped"},{"time":4.2333,"x":1,"y":1,"curve":[0.25,0,0.75,1]},{"time":4.6667,"x":0,"y":0}]},"star03_2":{"rotate":[{"time":0.6667,"angle":0,"curve":[0,0.08,0.75,1]},{"time":1.3333,"angle":89.98},{"time":4,"angle":0,"curve":"stepped"},{"time":4.6667,"angle":0,"curve":[0,0.08,0.75,1]},{"time":5.3333,"angle":89.98}],"translate":[{"time":0,"x":-40.94,"y":-36.18}],"scale":[{"time":0,"x":0,"y":0,"curve":"stepped"},{"time":0.6667,"x":0,"y":0},{"time":0.7667,"x":1,"y":1,"curve":"stepped"},{"time":0.9,"x":1,"y":1,"curve":[0.25,0,0.75,1]},{"time":1.3333,"x":0,"y":0,"curve":"stepped"},{"time":4.6667,"x":0,"y":0},{"time":4.7667,"x":1,"y":1,"curve":"stepped"},{"time":4.9,"x":1,"y":1,"curve":[0.25,0,0.75,1]},{"time":5.3333,"x":0,"y":0}]},"star01_":{"rotate":[{"time":2.6667,"angle":0,"curve":[0.071,0.09,0.75,1]},{"time":3.3333,"angle":-90},{"time":4,"angle":0,"curve":"stepped"},{"time":6.6667,"angle":0,"curve":[0.071,0.09,0.75,1]},{"time":7.3333,"angle":-90}],"translate":[{"time":0,"x":10.47,"y":18.09}],"scale":[{"time":0,"x":0,"y":0,"curve":"stepped"},{"time":2.6667,"x":0,"y":0},{"time":2.7667,"x":1,"y":1,"curve":"stepped"},{"time":2.9,"x":1,"y":1,"curve":[0.25,0,0.75,1]},{"time":3.3333,"x":0,"y":0,"curve":"stepped"},{"time":6.6667,"x":0,"y":0},{"time":6.7667,"x":1,"y":1,"curve":"stepped"},{"time":6.9,"x":1,"y":1,"curve":[0.25,0,0.75,1]},{"time":7.3333,"x":0,"y":0}]},"star02_":{"rotate":[{"time":7.3333,"angle":0,"curve":[0.071,0.09,0.75,1]},{"time":8,"angle":-90}],"translate":[{"time":0,"x":10.47,"y":28.56}],"scale":[{"time":0,"x":0,"y":0,"curve":"stepped"},{"time":3.3333,"x":0,"y":0},{"time":3.4333,"x":1,"y":1,"curve":"stepped"},{"time":3.5667,"x":1,"y":1,"curve":[0.25,0,0.75,1]},{"time":4,"x":0,"y":0,"curve":"stepped"},{"time":7.3333,"x":0,"y":0},{"time":7.4333,"x":1,"y":1,"curve":"stepped"},{"time":7.5667,"x":1,"y":1,"curve":[0.25,0,0.75,1]},{"time":8,"x":0,"y":0}]},"star03_3":{"rotate":[{"time":1.7333,"angle":0,"curve":[0,0.08,0.75,1]},{"time":2.4,"angle":89.98},{"time":4,"angle":0,"curve":"stepped"},{"time":5.7333,"angle":0,"curve":[0,0.08,0.75,1]},{"time":6.4,"angle":89.98}],"translate":[{"time":0,"x":-114.97,"y":-41.28}],"scale":[{"time":0,"x":0,"y":0,"curve":"stepped"},{"time":1.7333,"x":0,"y":0},{"time":1.8333,"x":1,"y":1,"curve":"stepped"},{"time":1.9667,"x":1,"y":1,"curve":[0.25,0,0.75,1]},{"time":2.4,"x":0,"y":0,"curve":"stepped"},{"time":5.7333,"x":0,"y":0},{"time":5.8333,"x":1,"y":1,"curve":"stepped"},{"time":5.9667,"x":1,"y":1,"curve":[0.25,0,0.75,1]},{"time":6.4,"x":0,"y":0}]},"star03_4":{"rotate":[{"time":1.1667,"angle":0,"curve":[0,0.08,0.706,0.92]},{"time":1.8333,"angle":-37.75,"curve":[0.361,0.66,0.696,1]},{"time":4,"angle":0,"curve":"stepped"},{"time":5.1667,"angle":0,"curve":[0,0.08,0.706,0.92]},{"time":5.8333,"angle":-37.75}],"translate":[{"time":0,"x":82.06,"y":-34}],"scale":[{"time":0,"x":0,"y":0,"curve":"stepped"},{"time":1.1667,"x":0,"y":0},{"time":1.2667,"x":1,"y":1,"curve":"stepped"},{"time":1.4,"x":1,"y":1,"curve":[0.25,0,0.75,1]},{"time":1.8333,"x":0,"y":0,"curve":"stepped"},{"time":5.1667,"x":0,"y":0},{"time":5.2667,"x":1,"y":1,"curve":"stepped"},{"time":5.4,"x":1,"y":1,"curve":[0.25,0,0.75,1]},{"time":5.8333,"x":0,"y":0}]},"eye_R_R_":{"translate":[{"time":1,"x":0,"y":0,"curve":[0,0.1,0.75,1]},{"time":1.2,"x":-6.8,"y":2.2,"curve":"stepped"},{"time":2.3333,"x":-6.8,"y":2.2,"curve":[0,0.09,0.75,1]},{"time":2.5333,"x":1.3,"y":-0.3,"curve":"stepped"},{"time":3.8333,"x":1.3,"y":-0.3,"curve":[0,0.09,0.75,1]},{"time":4,"x":0,"y":0,"curve":"stepped"},{"time":5,"x":0,"y":0,"curve":[0,0.1,0.75,1]},{"time":5.2,"x":-6.8,"y":2.2,"curve":"stepped"},{"time":6.3333,"x":-6.8,"y":2.2,"curve":[0,0.09,0.75,1]},{"time":6.5333,"x":1.3,"y":-0.3,"curve":"stepped"},{"time":7.8333,"x":1.3,"y":-0.3,"curve":[0,0.09,0.75,1]},{"time":8,"x":0,"y":0}]},"eye_R_L_":{"translate":[{"time":1,"x":0,"y":0,"curve":[0,0.1,0.75,1]},{"time":1.2,"x":-0.9,"y":2.49,"curve":"stepped"},{"time":2.3333,"x":-0.9,"y":2.49,"curve":[0,0.09,0.75,1]},{"time":2.5333,"x":7.95,"y":2.5,"curve":"stepped"},{"time":3.8333,"x":7.95,"y":2.5,"curve":[0,0.09,0.75,1]},{"time":4,"x":0,"y":0,"curve":"stepped"},{"time":5,"x":0,"y":0,"curve":[0,0.1,0.75,1]},{"time":5.2,"x":-0.9,"y":2.49,"curve":"stepped"},{"time":6.3333,"x":-0.9,"y":2.49,"curve":[0,0.09,0.75,1]},{"time":6.5333,"x":7.95,"y":2.5,"curve":"stepped"},{"time":7.8333,"x":7.95,"y":2.5,"curve":[0,0.09,0.75,1]},{"time":8,"x":0,"y":0}]}}}}}