{
"skeleton": { "hash": "hIn7Z9r+C+rYXJq7fz18+n76e1g", "spine": "2.1.27", "width": 521.25, "height": 435 },
"bones": [
	{ "name": "root" },
	{ "name": "bone", "parent": "root", "scaleX": 1.25, "scaleY": 1.25 },
	{ "name": "bone2", "parent": "bone", "scaleX": 1.6, "scaleY": 1.6 },
	{ "name": "line", "parent": "bone", "scaleX": 0.8, "scaleY": 0.8 },
	{ "name": "line2", "parent": "bone", "scaleX": 0.8, "scaleY": 0.8 },
	{ "name": "star_ray", "parent": "bone", "scaleX": 0.8, "scaleY": 0.8 }
],
"slots": [
	{ "name": "glow_2", "bone": "bone", "color": "a907ffff", "attachment": "glow_" },
	{ "name": "heart_", "bone": "bone", "attachment": "heart_" },
	{ "name": "line_", "bone": "bone", "attachment": "line_" },
	{ "name": "glow_", "bone": "bone", "attachment": "glow_", "blend": "additive" },
	{ "name": "heart_glow_", "bone": "bone", "attachment": "heart_glow_" },
	{ "name": "huaban", "bone": "bone2" },
	{ "name": "line", "bone": "line", "blend": "additive" },
	{ "name": "line2", "bone": "line2", "blend": "additive" },
	{ "name": "star_ray", "bone": "star_ray", "blend": "additive" }
],
"skins": {
	"default": {
		"glow_": {
			"glow_": { "x": 2.66, "y": 223.82, "scaleX": 1.5, "scaleY": 1.5, "width": 278, "height": 232 }
		},
		"glow_2": {
			"glow_": { "x": 2.66, "y": 223.82, "scaleX": 1.5, "scaleY": 1.5, "width": 278, "height": 232 }
		},
		"heart_": {
			"heart_": { "x": -6.83, "y": 262.5, "width": 207, "height": 195 }
		},
		"heart_glow_": {
			"heart_glow_": { "x": -1.33, "y": 276.5, "width": 157, "height": 147 }
		},
		"huaban": {
			"huaban_00_": { "scaleX": 0.8, "scaleY": 0.8, "width": 225, "height": 225 },
			"huaban_02_": { "scaleX": 0.8, "scaleY": 0.8, "width": 225, "height": 225 },
			"huaban_04_": { "scaleX": 0.8, "scaleY": 0.8, "width": 225, "height": 225 },
			"huaban_06_": { "scaleX": 0.8, "scaleY": 0.8, "width": 225, "height": 225 },
			"huaban_08_": { "scaleX": 0.8, "scaleY": 0.8, "width": 225, "height": 225 },
			"huaban_10_": { "scaleX": 0.8, "scaleY": 0.8, "width": 225, "height": 225 },
			"huaban_12_": { "scaleX": 0.8, "scaleY": 0.8, "width": 225, "height": 225 },
			"huaban_14_": { "scaleX": 0.8, "scaleY": 0.8, "width": 225, "height": 225 },
			"huaban_16_": { "scaleX": 0.8, "scaleY": 0.8, "width": 225, "height": 225 },
			"huaban_18_": { "scaleX": 0.8, "scaleY": 0.8, "width": 225, "height": 225 },
			"huaban_20_": { "scaleX": 0.8, "scaleY": 0.8, "width": 225, "height": 225 },
			"huaban_22_": { "scaleX": 0.8, "scaleY": 0.8, "width": 225, "height": 225 },
			"huaban_24_": { "scaleX": 0.8, "scaleY": 0.8, "width": 225, "height": 225 },
			"huaban_26_": { "scaleX": 0.8, "scaleY": 0.8, "width": 225, "height": 225 },
			"huaban_28_": { "scaleX": 0.8, "scaleY": 0.8, "width": 225, "height": 225 },
			"huaban_30_": { "scaleX": 0.8, "scaleY": 0.8, "width": 225, "height": 225 },
			"huaban_32_": { "scaleX": 0.8, "scaleY": 0.8, "width": 225, "height": 225 },
			"huaban_34_": { "scaleX": 0.8, "scaleY": 0.8, "width": 225, "height": 225 },
			"huaban_36_": { "scaleX": 0.8, "scaleY": 0.8, "width": 225, "height": 225 },
			"huaban_38_": { "scaleX": 0.8, "scaleY": 0.8, "width": 225, "height": 225 },
			"huaban_40_": { "scaleX": 0.8, "scaleY": 0.8, "width": 225, "height": 225 },
			"huaban_42_": { "scaleX": 0.8, "scaleY": 0.8, "width": 225, "height": 225 },
			"huaban_44_": { "scaleX": 0.8, "scaleY": 0.8, "width": 225, "height": 225 },
			"huaban_46_": { "scaleX": 0.8, "scaleY": 0.8, "width": 225, "height": 225 },
			"huaban_48_": { "scaleX": 0.8, "scaleY": 0.8, "width": 225, "height": 225 },
			"huaban_50_": { "scaleX": 0.8, "scaleY": 0.8, "width": 225, "height": 225 },
			"huaban_52_": { "scaleX": 0.8, "scaleY": 0.8, "width": 225, "height": 225 },
			"huaban_54_": { "scaleX": 0.8, "scaleY": 0.8, "width": 225, "height": 225 },
			"huaban_56_": { "scaleX": 0.8, "scaleY": 0.8, "width": 225, "height": 225 },
			"huaban_58_": { "scaleX": 0.8, "scaleY": 0.8, "width": 225, "height": 225 }
		},
		"line": {
			"line_02_": { "scaleX": 0.8, "scaleY": 0.8, "width": 250, "height": 300 },
			"line_04_": { "scaleX": 0.8, "scaleY": 0.8, "width": 250, "height": 300 },
			"line_06_": { "scaleX": 0.8, "scaleY": 0.8, "width": 250, "height": 300 },
			"line_08_": { "scaleX": 0.8, "scaleY": 0.8, "width": 250, "height": 300 },
			"line_10_": { "scaleX": 0.8, "scaleY": 0.8, "width": 250, "height": 300 },
			"line_12_": { "scaleX": 0.8, "scaleY": 0.8, "width": 250, "height": 300 },
			"line_14_": { "scaleX": 0.8, "scaleY": 0.8, "width": 250, "height": 300 },
			"line_16_": { "scaleX": 0.8, "scaleY": 0.8, "width": 250, "height": 300 },
			"line_18_": { "scaleX": 0.8, "scaleY": 0.8, "width": 250, "height": 300 },
			"line_20_": { "scaleX": 0.8, "scaleY": 0.8, "width": 250, "height": 300 },
			"line_22_": { "scaleX": 0.8, "scaleY": 0.8, "width": 250, "height": 300 },
			"line_24_": { "scaleX": 0.8, "scaleY": 0.8, "width": 250, "height": 300 },
			"line_26_": { "scaleX": 0.8, "scaleY": 0.8, "width": 250, "height": 300 },
			"line_28_": { "scaleX": 0.8, "scaleY": 0.8, "width": 250, "height": 300 },
			"line_30_": { "scaleX": 0.8, "scaleY": 0.8, "width": 250, "height": 300 },
			"line_32_": { "scaleX": 0.8, "scaleY": 0.8, "width": 250, "height": 300 },
			"line_34_": { "scaleX": 0.8, "scaleY": 0.8, "width": 250, "height": 300 },
			"line_36_": { "scaleX": 0.8, "scaleY": 0.8, "width": 250, "height": 300 },
			"line_38_": { "scaleX": 0.8, "scaleY": 0.8, "width": 250, "height": 300 },
			"line_40_": { "scaleX": 0.8, "scaleY": 0.8, "width": 250, "height": 300 },
			"line_42_": { "scaleX": 0.8, "scaleY": 0.8, "width": 250, "height": 300 },
			"line_44_": { "scaleX": 0.8, "scaleY": 0.8, "width": 250, "height": 300 },
			"line_46_": { "scaleX": 0.8, "scaleY": 0.8, "width": 250, "height": 300 },
			"line_48_": { "scaleX": 0.8, "scaleY": 0.8, "width": 250, "height": 300 },
			"line_50_": { "scaleX": 0.8, "scaleY": 0.8, "width": 250, "height": 300 },
			"line_52_": { "scaleX": 0.8, "scaleY": 0.8, "width": 250, "height": 300 },
			"line_54_": { "scaleX": 0.8, "scaleY": 0.8, "width": 250, "height": 300 },
			"line_56_": { "scaleX": 0.8, "scaleY": 0.8, "width": 250, "height": 300 },
			"line_58_": { "scaleX": 0.8, "scaleY": 0.8, "width": 250, "height": 300 }
		},
		"line2": {
			"line_02_": { "scaleX": 0.8, "scaleY": 0.8, "width": 250, "height": 300 },
			"line_04_": { "scaleX": 0.8, "scaleY": 0.8, "width": 250, "height": 300 },
			"line_06_": { "scaleX": 0.8, "scaleY": 0.8, "width": 250, "height": 300 },
			"line_08_": { "scaleX": 0.8, "scaleY": 0.8, "width": 250, "height": 300 },
			"line_10_": { "scaleX": 0.8, "scaleY": 0.8, "width": 250, "height": 300 },
			"line_12_": { "scaleX": 0.8, "scaleY": 0.8, "width": 250, "height": 300 },
			"line_14_": { "scaleX": 0.8, "scaleY": 0.8, "width": 250, "height": 300 },
			"line_16_": { "scaleX": 0.8, "scaleY": 0.8, "width": 250, "height": 300 },
			"line_18_": { "scaleX": 0.8, "scaleY": 0.8, "width": 250, "height": 300 },
			"line_20_": { "scaleX": 0.8, "scaleY": 0.8, "width": 250, "height": 300 },
			"line_22_": { "scaleX": 0.8, "scaleY": 0.8, "width": 250, "height": 300 },
			"line_24_": { "scaleX": 0.8, "scaleY": 0.8, "width": 250, "height": 300 },
			"line_26_": { "scaleX": 0.8, "scaleY": 0.8, "width": 250, "height": 300 },
			"line_28_": { "scaleX": 0.8, "scaleY": 0.8, "width": 250, "height": 300 },
			"line_30_": { "scaleX": 0.8, "scaleY": 0.8, "width": 250, "height": 300 },
			"line_32_": { "scaleX": 0.8, "scaleY": 0.8, "width": 250, "height": 300 },
			"line_34_": { "scaleX": 0.8, "scaleY": 0.8, "width": 250, "height": 300 },
			"line_36_": { "scaleX": 0.8, "scaleY": 0.8, "width": 250, "height": 300 },
			"line_38_": { "scaleX": 0.8, "scaleY": 0.8, "width": 250, "height": 300 },
			"line_40_": { "scaleX": 0.8, "scaleY": 0.8, "width": 250, "height": 300 },
			"line_42_": { "scaleX": 0.8, "scaleY": 0.8, "width": 250, "height": 300 },
			"line_44_": { "scaleX": 0.8, "scaleY": 0.8, "width": 250, "height": 300 },
			"line_46_": { "scaleX": 0.8, "scaleY": 0.8, "width": 250, "height": 300 },
			"line_48_": { "scaleX": 0.8, "scaleY": 0.8, "width": 250, "height": 300 },
			"line_50_": { "scaleX": 0.8, "scaleY": 0.8, "width": 250, "height": 300 },
			"line_52_": { "scaleX": 0.8, "scaleY": 0.8, "width": 250, "height": 300 },
			"line_54_": { "scaleX": 0.8, "scaleY": 0.8, "width": 250, "height": 300 },
			"line_56_": { "scaleX": 0.8, "scaleY": 0.8, "width": 250, "height": 300 },
			"line_58_": { "scaleX": 0.8, "scaleY": 0.8, "width": 250, "height": 300 }
		},
		"line_": {
			"line_": { "x": -2.83, "y": 227.82, "width": 390, "height": 282 }
		},
		"star_ray": {
			"star_ray_00_": { "scaleX": 0.8, "scaleY": 0.8, "width": 250, "height": 200 },
			"star_ray_02_": { "scaleX": 0.8, "scaleY": 0.8, "width": 250, "height": 200 },
			"star_ray_04_": { "scaleX": 0.8, "scaleY": 0.8, "width": 250, "height": 200 },
			"star_ray_06_": { "scaleX": 0.8, "scaleY": 0.8, "width": 250, "height": 200 },
			"star_ray_08_": { "scaleX": 0.8, "scaleY": 0.8, "width": 250, "height": 200 },
			"star_ray_10_": { "scaleX": 0.8, "scaleY": 0.8, "width": 250, "height": 200 },
			"star_ray_12_": { "scaleX": 0.8, "scaleY": 0.8, "width": 250, "height": 200 },
			"star_ray_14_": { "scaleX": 0.8, "scaleY": 0.8, "width": 250, "height": 200 },
			"star_ray_16_": { "scaleX": 0.8, "scaleY": 0.8, "width": 250, "height": 200 },
			"star_ray_18_": { "scaleX": 0.8, "scaleY": 0.8, "width": 250, "height": 200 },
			"star_ray_20_": { "scaleX": 0.8, "scaleY": 0.8, "width": 250, "height": 200 },
			"star_ray_22_": { "scaleX": 0.8, "scaleY": 0.8, "width": 250, "height": 200 },
			"star_ray_24_": { "scaleX": 0.8, "scaleY": 0.8, "width": 250, "height": 200 },
			"star_ray_26_": { "scaleX": 0.8, "scaleY": 0.8, "width": 250, "height": 200 },
			"star_ray_28_": { "scaleX": 0.8, "scaleY": 0.8, "width": 250, "height": 200 },
			"star_ray_30_": { "scaleX": 0.8, "scaleY": 0.8, "width": 250, "height": 200 },
			"star_ray_32_": { "scaleX": 0.8, "scaleY": 0.8, "width": 250, "height": 200 },
			"star_ray_34_": { "scaleX": 0.8, "scaleY": 0.8, "width": 250, "height": 200 },
			"star_ray_36_": { "scaleX": 0.8, "scaleY": 0.8, "width": 250, "height": 200 },
			"star_ray_38_": { "scaleX": 0.8, "scaleY": 0.8, "width": 250, "height": 200 },
			"star_ray_40_": { "scaleX": 0.8, "scaleY": 0.8, "width": 250, "height": 200 },
			"star_ray_42_": { "scaleX": 0.8, "scaleY": 0.8, "width": 250, "height": 200 },
			"star_ray_44_": { "scaleX": 0.8, "scaleY": 0.8, "width": 250, "height": 200 },
			"star_ray_46_": { "scaleX": 0.8, "scaleY": 0.8, "width": 250, "height": 200 },
			"star_ray_48_": { "scaleX": 0.8, "scaleY": 0.8, "width": 250, "height": 200 },
			"star_ray_50_": { "scaleX": 0.8, "scaleY": 0.8, "width": 250, "height": 200 },
			"star_ray_52_": { "scaleX": 0.8, "scaleY": 0.8, "width": 250, "height": 200 },
			"star_ray_54_": { "scaleX": 0.8, "scaleY": 0.8, "width": 250, "height": 200 },
			"star_ray_56_": { "scaleX": 0.8, "scaleY": 0.8, "width": 250, "height": 200 },
			"star_ray_58_": { "scaleX": 0.8, "scaleY": 0.8, "width": 250, "height": 200 }
		}
	}
},
"animations": {
	"animation": {
		"slots": {
			"glow_": {
				"color": [
					{ "time": 0, "color": "a707ffff" },
					{ "time": 2, "color": "ff15f46a" },
					{ "time": 4, "color": "a707ffff" }
				]
			},
			"glow_2": {
				"color": [
					{ "time": 0, "color": "a907ff7e" },
					{ "time": 1.6666, "color": "a907ff00" },
					{ "time": 2.3333, "color": "a907ffff", "curve": "stepped" },
					{ "time": 3, "color": "a907ffff" },
					{ "time": 4, "color": "a907ff7e" }
				]
			},
			"heart_": {
				"color": [
					{ "time": 0, "color": "abff84ff" },
					{ "time": 1, "color": "ff5d97ff" },
					{ "time": 2, "color": "8bbeffff" },
					{ "time": 2.3333, "color": "f3f4ffff", "curve": "stepped" },
					{
						"time": 3,
						"color": "f3f4ffff",
						"curve": [ 0.25, 0, 0.895, 0.83 ]
					},
					{ "time": 4, "color": "abff84ff" }
				]
			},
			"heart_glow_": {
				"color": [
					{ "time": 0, "color": "c004ff00" },
					{ "time": 0.6666, "color": "fdf6ff6a" },
					{ "time": 1.3333, "color": "c004ff00" },
					{ "time": 2.3333, "color": "fdf6ff6a" },
					{ "time": 3.1, "color": "fdf6ffff" },
					{ "time": 4, "color": "c004ff00" }
				]
			},
			"huaban": {
				"attachment": [
					{ "time": 0, "name": "huaban_00_" },
					{ "time": 0.0666, "name": "huaban_02_" },
					{ "time": 0.1333, "name": "huaban_04_" },
					{ "time": 0.2, "name": "huaban_06_" },
					{ "time": 0.2666, "name": "huaban_08_" },
					{ "time": 0.3333, "name": "huaban_10_" },
					{ "time": 0.4, "name": "huaban_12_" },
					{ "time": 0.4666, "name": "huaban_14_" },
					{ "time": 0.5333, "name": "huaban_16_" },
					{ "time": 0.6, "name": "huaban_18_" },
					{ "time": 0.6666, "name": "huaban_20_" },
					{ "time": 0.7333, "name": "huaban_22_" },
					{ "time": 0.8, "name": "huaban_24_" },
					{ "time": 0.8666, "name": "huaban_26_" },
					{ "time": 0.9333, "name": "huaban_28_" },
					{ "time": 1, "name": "huaban_30_" },
					{ "time": 1.0666, "name": "huaban_32_" },
					{ "time": 1.1333, "name": "huaban_34_" },
					{ "time": 1.2, "name": "huaban_36_" },
					{ "time": 1.2666, "name": "huaban_38_" },
					{ "time": 1.3333, "name": "huaban_40_" },
					{ "time": 1.4, "name": "huaban_42_" },
					{ "time": 1.4666, "name": "huaban_44_" },
					{ "time": 1.5333, "name": "huaban_46_" },
					{ "time": 1.6, "name": "huaban_48_" },
					{ "time": 1.6666, "name": "huaban_50_" },
					{ "time": 1.7333, "name": "huaban_52_" },
					{ "time": 1.8, "name": "huaban_54_" },
					{ "time": 1.8666, "name": "huaban_56_" },
					{ "time": 1.9333, "name": "huaban_58_" },
					{ "time": 2, "name": "huaban_00_" },
					{ "time": 2.0666, "name": "huaban_02_" },
					{ "time": 2.1333, "name": "huaban_04_" },
					{ "time": 2.2, "name": "huaban_06_" },
					{ "time": 2.2666, "name": "huaban_08_" },
					{ "time": 2.3333, "name": "huaban_10_" },
					{ "time": 2.4, "name": "huaban_12_" },
					{ "time": 2.4666, "name": "huaban_14_" },
					{ "time": 2.5333, "name": "huaban_16_" },
					{ "time": 2.6, "name": "huaban_18_" },
					{ "time": 2.6666, "name": "huaban_20_" },
					{ "time": 2.7333, "name": "huaban_22_" },
					{ "time": 2.8, "name": "huaban_24_" },
					{ "time": 2.8666, "name": "huaban_26_" },
					{ "time": 2.9333, "name": "huaban_28_" },
					{ "time": 3, "name": "huaban_30_" },
					{ "time": 3.0666, "name": "huaban_32_" },
					{ "time": 3.1333, "name": "huaban_34_" },
					{ "time": 3.2, "name": "huaban_36_" },
					{ "time": 3.2666, "name": "huaban_38_" },
					{ "time": 3.3333, "name": "huaban_40_" },
					{ "time": 3.4, "name": "huaban_42_" },
					{ "time": 3.4666, "name": "huaban_44_" },
					{ "time": 3.5333, "name": "huaban_46_" },
					{ "time": 3.6, "name": "huaban_48_" },
					{ "time": 3.6666, "name": "huaban_50_" },
					{ "time": 3.7333, "name": "huaban_52_" },
					{ "time": 3.8, "name": "huaban_54_" },
					{ "time": 3.8666, "name": "huaban_56_" },
					{ "time": 3.9333, "name": "huaban_58_" },
					{ "time": 4, "name": null }
				]
			},
			"line": {
				"attachment": [
					{ "time": 1.3333, "name": "line_02_" },
					{ "time": 1.4, "name": "line_04_" },
					{ "time": 1.4666, "name": "line_06_" },
					{ "time": 1.5333, "name": "line_08_" },
					{ "time": 1.6, "name": "line_10_" },
					{ "time": 1.6666, "name": "line_12_" },
					{ "time": 1.7333, "name": "line_14_" },
					{ "time": 1.8, "name": "line_16_" },
					{ "time": 1.8666, "name": "line_18_" },
					{ "time": 1.9333, "name": "line_20_" },
					{ "time": 2, "name": "line_22_" },
					{ "time": 2.0666, "name": "line_24_" },
					{ "time": 2.1333, "name": "line_26_" },
					{ "time": 2.2, "name": "line_28_" },
					{ "time": 2.2666, "name": "line_30_" },
					{ "time": 2.3333, "name": "line_32_" },
					{ "time": 2.4, "name": "line_34_" },
					{ "time": 2.4666, "name": "line_36_" },
					{ "time": 2.5333, "name": "line_38_" },
					{ "time": 2.6, "name": "line_40_" },
					{ "time": 2.6666, "name": "line_42_" },
					{ "time": 2.7333, "name": "line_44_" },
					{ "time": 2.8, "name": "line_46_" },
					{ "time": 2.8666, "name": "line_48_" },
					{ "time": 2.9333, "name": "line_50_" },
					{ "time": 3, "name": "line_52_" },
					{ "time": 3.0666, "name": "line_54_" },
					{ "time": 3.1333, "name": "line_56_" },
					{ "time": 3.2, "name": "line_58_" },
					{ "time": 3.2666, "name": null }
				]
			},
			"line2": {
				"attachment": [
					{ "time": 1.3333, "name": "line_02_" },
					{ "time": 1.4, "name": "line_04_" },
					{ "time": 1.4666, "name": "line_06_" },
					{ "time": 1.5333, "name": "line_08_" },
					{ "time": 1.6, "name": "line_10_" },
					{ "time": 1.6666, "name": "line_12_" },
					{ "time": 1.7333, "name": "line_14_" },
					{ "time": 1.8, "name": "line_16_" },
					{ "time": 1.8666, "name": "line_18_" },
					{ "time": 1.9333, "name": "line_20_" },
					{ "time": 2, "name": "line_22_" },
					{ "time": 2.0666, "name": "line_24_" },
					{ "time": 2.1333, "name": "line_26_" },
					{ "time": 2.2, "name": "line_28_" },
					{ "time": 2.2666, "name": "line_30_" },
					{ "time": 2.3333, "name": "line_32_" },
					{ "time": 2.4, "name": "line_34_" },
					{ "time": 2.4666, "name": "line_36_" },
					{ "time": 2.5333, "name": "line_38_" },
					{ "time": 2.6, "name": "line_40_" },
					{ "time": 2.6666, "name": "line_42_" },
					{ "time": 2.7333, "name": "line_44_" },
					{ "time": 2.8, "name": "line_46_" },
					{ "time": 2.8666, "name": "line_48_" },
					{ "time": 2.9333, "name": "line_50_" },
					{ "time": 3, "name": "line_52_" },
					{ "time": 3.0666, "name": "line_54_" },
					{ "time": 3.1333, "name": "line_56_" },
					{ "time": 3.2, "name": "line_58_" },
					{ "time": 3.2666, "name": null }
				]
			},
			"line_": {
				"color": [
					{ "time": 0, "color": "a575ff47" },
					{ "time": 1, "color": "b63fffc5" },
					{ "time": 2, "color": "a1cbff32" },
					{ "time": 2.3333, "color": "f3f4ffff", "curve": "stepped" },
					{
						"time": 3,
						"color": "f3f4ffff",
						"curve": [ 0.25, 0, 0.895, 0.83 ]
					},
					{ "time": 4, "color": "a575ff47" }
				]
			},
			"star_ray": {
				"attachment": [
					{ "time": 0, "name": "star_ray_00_" },
					{ "time": 0.0666, "name": "star_ray_02_" },
					{ "time": 0.1333, "name": "star_ray_04_" },
					{ "time": 0.2, "name": "star_ray_06_" },
					{ "time": 0.2666, "name": "star_ray_08_" },
					{ "time": 0.3333, "name": "star_ray_10_" },
					{ "time": 0.4, "name": "star_ray_12_" },
					{ "time": 0.4666, "name": "star_ray_14_" },
					{ "time": 0.5333, "name": "star_ray_16_" },
					{ "time": 0.6, "name": "star_ray_18_" },
					{ "time": 0.6666, "name": "star_ray_20_" },
					{ "time": 0.7333, "name": "star_ray_22_" },
					{ "time": 0.8, "name": "star_ray_24_" },
					{ "time": 0.8666, "name": "star_ray_26_" },
					{ "time": 0.9333, "name": "star_ray_28_" },
					{ "time": 1, "name": "star_ray_30_" },
					{ "time": 1.0666, "name": "star_ray_32_" },
					{ "time": 1.1333, "name": "star_ray_34_" },
					{ "time": 1.2, "name": "star_ray_36_" },
					{ "time": 1.2666, "name": "star_ray_38_" },
					{ "time": 1.3333, "name": "star_ray_40_" },
					{ "time": 1.4, "name": "star_ray_42_" },
					{ "time": 1.4666, "name": "star_ray_44_" },
					{ "time": 1.5333, "name": "star_ray_46_" },
					{ "time": 1.6, "name": "star_ray_48_" },
					{ "time": 1.6666, "name": "star_ray_50_" },
					{ "time": 1.7333, "name": "star_ray_52_" },
					{ "time": 1.8, "name": "star_ray_54_" },
					{ "time": 1.8666, "name": "star_ray_56_" },
					{ "time": 1.9333, "name": "star_ray_58_" },
					{ "time": 2, "name": "star_ray_00_" },
					{ "time": 2.0666, "name": "star_ray_02_" },
					{ "time": 2.1333, "name": "star_ray_04_" },
					{ "time": 2.2, "name": "star_ray_06_" },
					{ "time": 2.2666, "name": "star_ray_08_" },
					{ "time": 2.3333, "name": "star_ray_10_" },
					{ "time": 2.4, "name": "star_ray_12_" },
					{ "time": 2.4666, "name": "star_ray_14_" },
					{ "time": 2.5333, "name": "star_ray_16_" },
					{ "time": 2.6, "name": "star_ray_18_" },
					{ "time": 2.6666, "name": "star_ray_20_" },
					{ "time": 2.7333, "name": "star_ray_22_" },
					{ "time": 2.8, "name": "star_ray_24_" },
					{ "time": 2.8666, "name": "star_ray_26_" },
					{ "time": 2.9333, "name": "star_ray_28_" },
					{ "time": 3, "name": "star_ray_30_" },
					{ "time": 3.0666, "name": "star_ray_32_" },
					{ "time": 3.1333, "name": "star_ray_34_" },
					{ "time": 3.2, "name": "star_ray_36_" },
					{ "time": 3.2666, "name": "star_ray_38_" },
					{ "time": 3.3333, "name": "star_ray_40_" },
					{ "time": 3.4, "name": "star_ray_42_" },
					{ "time": 3.4666, "name": "star_ray_44_" },
					{ "time": 3.5333, "name": "star_ray_46_" },
					{ "time": 3.6, "name": "star_ray_48_" },
					{ "time": 3.6666, "name": "star_ray_50_" },
					{ "time": 3.7333, "name": "star_ray_52_" },
					{ "time": 3.8, "name": "star_ray_54_" },
					{ "time": 3.8666, "name": "star_ray_56_" },
					{ "time": 3.9333, "name": "star_ray_58_" },
					{ "time": 4, "name": null }
				]
			}
		},
		"bones": {
			"bone": {
				"translate": [
					{
						"time": 0,
						"x": 12.07,
						"y": -127.07,
						"curve": [ 0.25, 0, 0.75, 1 ]
					},
					{
						"time": 2,
						"x": 12.07,
						"y": -118.51,
						"curve": [ 0.25, 0, 0.75, 1 ]
					},
					{ "time": 4, "x": 12.07, "y": -127.07 }
				]
			},
			"bone2": {
				"translate": [
					{ "time": 0, "x": -6.1, "y": 207.97 }
				]
			},
			"line": {
				"translate": [
					{ "time": 0, "x": -68.46, "y": 244.9 }
				],
				"scale": [
					{ "time": 0, "x": 1.2, "y": 1.2 }
				]
			},
			"line2": {
				"translate": [
					{ "time": 0, "x": 56.94, "y": 245.86 }
				],
				"scale": [
					{ "time": 0, "x": -1.2, "y": 1.2 }
				]
			},
			"star_ray": {
				"translate": [
					{ "time": 0, "x": 1.92, "y": 265.13 }
				],
				"scale": [
					{ "time": 0, "x": 1.2, "y": 1.2 }
				]
			}
		}
	}
}
}