{
"skeleton": { "hash": "UB5gVK+CJ6rX4gyDNnGU39y8yGU", "spine": "2.1.27", "width": 79.02, "height": 62.02 },
"bones": [
	{ "name": "root" },
	{ "name": "bone", "parent": "root", "length": 39.69, "x": -1.78, "y": 32.27, "rotation": 90.45 }
],
"slots": [
	{ "name": "shitou_", "bone": "root" },
	{ "name": "guang_2_", "bone": "root" },
	{ "name": "guang_1_", "bone": "root" },
	{ "name": "guang_", "bone": "root" },
	{ "name": "shitou_2", "bone": "bone", "attachment": "shitou_" },
	{ "name": "guang_2", "bone": "bone", "attachment": "guang_" },
	{ "name": "guang_1_2", "bone": "bone", "attachment": "guang_1_" },
	{ "name": "guang_2_2", "bone": "bone", "attachment": "guang_2_" }
],
"skins": {
	"default": {
		"guang_1_2": {
			"guang_1_": { "x": -1.69, "y": -22.22, "rotation": -90.45, "width": 46, "height": 43 }
		},
		"guang_2": {
			"guang_": { "x": 7.11, "y": 17.21, "rotation": -90.45, "width": 21, "height": 36 }
		},
		"guang_2_2": {
			"guang_2_": { "x": -5.01, "y": 1.3, "rotation": -90.45, "width": 49, "height": 50 }
		},
		"shitou_2": {
			"shitou_": { "x": 0.96, "y": -1.74, "rotation": -90.45, "width": 71, "height": 62 }
		}
	}
},
"animations": {
	"animation": {
		"slots": {
			"guang_2": {
				"color": [
					{ "time": 0, "color": "ffffffff" },
					{ "time": 0.6, "color": "ffffff00" },
					{ "time": 1.2333, "color": "ffffffff" }
				]
			},
			"guang_1_2": {
				"color": [
					{ "time": 0, "color": "ffffffdc" },
					{ "time": 0.4333, "color": "ffffff00" },
					{ "time": 1.0666, "color": "ffffffff" },
					{ "time": 1.2333, "color": "ffffffdc" }
				]
			},
			"guang_2_2": {
				"color": [
					{ "time": 0, "color": "ffffff97" },
					{ "time": 0.3, "color": "ffffff00" },
					{ "time": 0.8333, "color": "ffffffff" },
					{ "time": 1.2333, "color": "ffffff97" }
				]
			}
		},
		"bones": {
			"bone": {
				"rotate": [
					{ "time": 0, "angle": 0, "curve": "stepped" },
					{ "time": 1.2333, "angle": 0 }
				],
				"translate": [
					{ "time": 0, "x": 0, "y": 0 },
					{ "time": 0.2666, "x": 0, "y": -3.6 },
					{ "time": 0.8333, "x": 0, "y": 6.98 },
					{ "time": 1.2333, "x": 0, "y": 0 }
				],
				"scale": [
					{ "time": 0, "x": 1, "y": 1, "curve": "stepped" },
					{ "time": 1.2333, "x": 1, "y": 1 }
				]
			}
		}
	}
}
}