{"skeleton":{"hash":"+1XfhvVAG37uF063TG8jfUqi9oE","spine":"3.7.94","width":0,"height":0,"images":"./images/","audio":"H:/COK项目/Spine工程/盲盒敦煌—2色骆驼/骆驼—蓝/骆驼_蓝_待机休闲_Spine"},"bones":[{"name":"root"},{"name":"ctr","parent":"root","scaleX":1.25,"scaleY":1.25},{"name":"ltblueidle_UL_","parent":"ctr"},{"name":"ltblueidle_UR_","parent":"ctr"},{"name":"ltblueidle_DL_","parent":"ctr"},{"name":"ltblueidle_DR_","parent":"ctr"}],"slots":[{"name":"ltblueidle_UL_","bone":"ltblueidle_UL_"},{"name":"ltblueidle_UR_","bone":"ltblueidle_UR_"},{"name":"ltblueidle_DL_","bone":"ltblueidle_DL_"},{"name":"ltblueidle_DR_","bone":"ltblueidle_DR_"}],"skins":{"default":{"ltblueidle_DL_":{"ltblueidle_DL_0000_":{"x":-157.5,"y":-157,"width":315,"height":314},"ltblueidle_DL_0003_":{"x":-157.5,"y":-157,"width":315,"height":314},"ltblueidle_DL_0006_":{"x":-157.5,"y":-157,"width":315,"height":314},"ltblueidle_DL_0009_":{"x":-157.5,"y":-157,"width":315,"height":314},"ltblueidle_DL_0012_":{"x":-157.5,"y":-157,"width":315,"height":314},"ltblueidle_DL_0015_":{"x":-157.5,"y":-157,"width":315,"height":314},"ltblueidle_DL_0018_":{"x":-157.5,"y":-157,"width":315,"height":314},"ltblueidle_DL_0021_":{"x":-157.5,"y":-157,"width":315,"height":314},"ltblueidle_DL_0024_":{"x":-157.5,"y":-157,"width":315,"height":314},"ltblueidle_DL_0027_":{"x":-157.5,"y":-157,"width":315,"height":314},"ltblueidle_DL_0030_":{"x":-157.5,"y":-157,"width":315,"height":314},"ltblueidle_DL_0033_":{"x":-157.5,"y":-157,"width":315,"height":314},"ltblueidle_DL_0036_":{"x":-157.5,"y":-157,"width":315,"height":314},"ltblueidle_DL_0039_":{"x":-157.5,"y":-157,"width":315,"height":314},"ltblueidle_DL_0042_":{"x":-157.5,"y":-157,"width":315,"height":314},"ltblueidle_DL_0045_":{"x":-157.5,"y":-157,"width":315,"height":314},"ltblueidle_DL_0048_":{"x":-157.5,"y":-157,"width":315,"height":314},"ltblueidle_DL_0051_":{"x":-157.5,"y":-157,"width":315,"height":314},"ltblueidle_DL_0054_":{"x":-157.5,"y":-157,"width":315,"height":314},"ltblueidle_DL_0057_":{"x":-157.5,"y":-157,"width":315,"height":314},"ltblueidle_DL_0060_":{"x":-157.5,"y":-157,"width":315,"height":314},"ltblueidle_DL_0063_":{"x":-157.5,"y":-157,"width":315,"height":314},"ltblueidle_DL_0066_":{"x":-157.5,"y":-157,"width":315,"height":314},"ltblueidle_DL_0069_":{"x":-157.5,"y":-157,"width":315,"height":314},"ltblueidle_DL_0072_":{"x":-157.5,"y":-157,"width":315,"height":314},"ltblueidle_DL_0075_":{"x":-157.5,"y":-157,"width":315,"height":314},"ltblueidle_DL_0078_":{"x":-157.5,"y":-157,"width":315,"height":314},"ltblueidle_DL_0081_":{"x":-157.5,"y":-157,"width":315,"height":314},"ltblueidle_DL_0084_":{"x":-157.5,"y":-157,"width":315,"height":314},"ltblueidle_DL_0087_":{"x":-157.5,"y":-157,"width":315,"height":314},"ltblueidle_DL_0090_":{"x":-157.5,"y":-157,"width":315,"height":314},"ltblueidle_DL_0093_":{"x":-157.5,"y":-157,"width":315,"height":314},"ltblueidle_DL_0096_":{"x":-157.5,"y":-157,"width":315,"height":314},"ltblueidle_DL_0099_":{"x":-157.5,"y":-157,"width":315,"height":314},"ltblueidle_DL_0102_":{"x":-157.5,"y":-157,"width":315,"height":314},"ltblueidle_DL_0105_":{"x":-157.5,"y":-157,"width":315,"height":314},"ltblueidle_DL_0108_":{"x":-157.5,"y":-157,"width":315,"height":314},"ltblueidle_DL_0111_":{"x":-157.5,"y":-157,"width":315,"height":314},"ltblueidle_DL_0114_":{"x":-157.5,"y":-157,"width":315,"height":314},"ltblueidle_DL_0117_":{"x":-157.5,"y":-157,"width":315,"height":314},"ltblueidle_DL_0120_":{"x":-157.5,"y":-157,"width":315,"height":314},"ltblueidle_DL_0123_":{"x":-157.5,"y":-157,"width":315,"height":314},"ltblueidle_DL_0126_":{"x":-157.5,"y":-157,"width":315,"height":314},"ltblueidle_DL_0129_":{"x":-157.5,"y":-157,"width":315,"height":314},"ltblueidle_DL_0132_":{"x":-157.5,"y":-157,"width":315,"height":314},"ltblueidle_DL_0135_":{"x":-157.5,"y":-157,"width":315,"height":314},"ltblueidle_DL_0138_":{"x":-157.5,"y":-157,"width":315,"height":314},"ltblueidle_DL_0139_":{"x":-157.5,"y":-157,"width":315,"height":314}},"ltblueidle_DR_":{"ltblueidle_DR_0000_":{"x":162.5,"y":-157,"width":325,"height":314},"ltblueidle_DR_0003_":{"x":162.5,"y":-157,"width":325,"height":314},"ltblueidle_DR_0006_":{"x":162.5,"y":-157,"width":325,"height":314},"ltblueidle_DR_0009_":{"x":162.5,"y":-157,"width":325,"height":314},"ltblueidle_DR_0012_":{"x":162.5,"y":-157,"width":325,"height":314},"ltblueidle_DR_0015_":{"x":162.5,"y":-157,"width":325,"height":314},"ltblueidle_DR_0018_":{"x":162.5,"y":-157,"width":325,"height":314},"ltblueidle_DR_0021_":{"x":162.5,"y":-157,"width":325,"height":314},"ltblueidle_DR_0024_":{"x":162.5,"y":-157,"width":325,"height":314},"ltblueidle_DR_0027_":{"x":162.5,"y":-157,"width":325,"height":314},"ltblueidle_DR_0030_":{"x":162.5,"y":-157,"width":325,"height":314},"ltblueidle_DR_0033_":{"x":162.5,"y":-157,"width":325,"height":314},"ltblueidle_DR_0036_":{"x":162.5,"y":-157,"width":325,"height":314},"ltblueidle_DR_0039_":{"x":162.5,"y":-157,"width":325,"height":314},"ltblueidle_DR_0042_":{"x":162.5,"y":-157,"width":325,"height":314},"ltblueidle_DR_0045_":{"x":162.5,"y":-157,"width":325,"height":314},"ltblueidle_DR_0048_":{"x":162.5,"y":-157,"width":325,"height":314},"ltblueidle_DR_0051_":{"x":162.5,"y":-157,"width":325,"height":314},"ltblueidle_DR_0054_":{"x":162.5,"y":-157,"width":325,"height":314},"ltblueidle_DR_0057_":{"x":162.5,"y":-157,"width":325,"height":314},"ltblueidle_DR_0060_":{"x":162.5,"y":-157,"width":325,"height":314},"ltblueidle_DR_0063_":{"x":162.5,"y":-157,"width":325,"height":314},"ltblueidle_DR_0066_":{"x":162.5,"y":-157,"width":325,"height":314},"ltblueidle_DR_0069_":{"x":162.5,"y":-157,"width":325,"height":314},"ltblueidle_DR_0072_":{"x":162.5,"y":-157,"width":325,"height":314},"ltblueidle_DR_0075_":{"x":162.5,"y":-157,"width":325,"height":314},"ltblueidle_DR_0078_":{"x":162.5,"y":-157,"width":325,"height":314},"ltblueidle_DR_0081_":{"x":162.5,"y":-157,"width":325,"height":314},"ltblueidle_DR_0084_":{"x":162.5,"y":-157,"width":325,"height":314},"ltblueidle_DR_0087_":{"x":162.5,"y":-157,"width":325,"height":314},"ltblueidle_DR_0090_":{"x":162.5,"y":-157,"width":325,"height":314},"ltblueidle_DR_0093_":{"x":162.5,"y":-157,"width":325,"height":314},"ltblueidle_DR_0096_":{"x":162.5,"y":-157,"width":325,"height":314},"ltblueidle_DR_0099_":{"x":162.5,"y":-157,"width":325,"height":314},"ltblueidle_DR_0102_":{"x":162.5,"y":-157,"width":325,"height":314},"ltblueidle_DR_0105_":{"x":162.5,"y":-157,"width":325,"height":314},"ltblueidle_DR_0108_":{"x":162.5,"y":-157,"width":325,"height":314},"ltblueidle_DR_0111_":{"x":162.5,"y":-157,"width":325,"height":314},"ltblueidle_DR_0114_":{"x":162.5,"y":-157,"width":325,"height":314},"ltblueidle_DR_0117_":{"x":162.5,"y":-157,"width":325,"height":314},"ltblueidle_DR_0120_":{"x":162.5,"y":-157,"width":325,"height":314},"ltblueidle_DR_0123_":{"x":162.5,"y":-157,"width":325,"height":314},"ltblueidle_DR_0126_":{"x":162.5,"y":-157,"width":325,"height":314},"ltblueidle_DR_0129_":{"x":162.5,"y":-157,"width":325,"height":314},"ltblueidle_DR_0132_":{"x":162.5,"y":-157,"width":325,"height":314},"ltblueidle_DR_0135_":{"x":162.5,"y":-157,"width":325,"height":314},"ltblueidle_DR_0138_":{"x":162.5,"y":-157,"width":325,"height":314},"ltblueidle_DR_0139_":{"x":162.5,"y":-157,"width":325,"height":314}},"ltblueidle_UL_":{"ltblueidle_UL_0000_":{"x":-157.5,"y":163,"width":315,"height":326},"ltblueidle_UL_0003_":{"x":-157.5,"y":163,"width":315,"height":326},"ltblueidle_UL_0006_":{"x":-157.5,"y":163,"width":315,"height":326},"ltblueidle_UL_0009_":{"x":-157.5,"y":163,"width":315,"height":326},"ltblueidle_UL_0012_":{"x":-157.5,"y":163,"width":315,"height":326},"ltblueidle_UL_0015_":{"x":-157.5,"y":163,"width":315,"height":326},"ltblueidle_UL_0018_":{"x":-157.5,"y":163,"width":315,"height":326},"ltblueidle_UL_0021_":{"x":-157.5,"y":163,"width":315,"height":326},"ltblueidle_UL_0024_":{"x":-157.5,"y":163,"width":315,"height":326},"ltblueidle_UL_0027_":{"x":-157.5,"y":163,"width":315,"height":326},"ltblueidle_UL_0030_":{"x":-157.5,"y":163,"width":315,"height":326},"ltblueidle_UL_0033_":{"x":-157.5,"y":163,"width":315,"height":326},"ltblueidle_UL_0036_":{"x":-157.5,"y":163,"width":315,"height":326},"ltblueidle_UL_0039_":{"x":-157.5,"y":163,"width":315,"height":326},"ltblueidle_UL_0042_":{"x":-157.5,"y":163,"width":315,"height":326},"ltblueidle_UL_0045_":{"x":-157.5,"y":163,"width":315,"height":326},"ltblueidle_UL_0048_":{"x":-157.5,"y":163,"width":315,"height":326},"ltblueidle_UL_0051_":{"x":-157.5,"y":163,"width":315,"height":326},"ltblueidle_UL_0054_":{"x":-157.5,"y":163,"width":315,"height":326},"ltblueidle_UL_0057_":{"x":-157.5,"y":163,"width":315,"height":326},"ltblueidle_UL_0060_":{"x":-157.5,"y":163,"width":315,"height":326},"ltblueidle_UL_0063_":{"x":-157.5,"y":163,"width":315,"height":326},"ltblueidle_UL_0066_":{"x":-157.5,"y":163,"width":315,"height":326},"ltblueidle_UL_0069_":{"x":-157.5,"y":163,"width":315,"height":326},"ltblueidle_UL_0072_":{"x":-157.5,"y":163,"width":315,"height":326},"ltblueidle_UL_0075_":{"x":-157.5,"y":163,"width":315,"height":326},"ltblueidle_UL_0078_":{"x":-157.5,"y":163,"width":315,"height":326},"ltblueidle_UL_0081_":{"x":-157.5,"y":163,"width":315,"height":326},"ltblueidle_UL_0084_":{"x":-157.5,"y":163,"width":315,"height":326},"ltblueidle_UL_0087_":{"x":-157.5,"y":163,"width":315,"height":326},"ltblueidle_UL_0090_":{"x":-157.5,"y":163,"width":315,"height":326},"ltblueidle_UL_0093_":{"x":-157.5,"y":163,"width":315,"height":326},"ltblueidle_UL_0096_":{"x":-157.5,"y":163,"width":315,"height":326},"ltblueidle_UL_0099_":{"x":-157.5,"y":163,"width":315,"height":326},"ltblueidle_UL_0102_":{"x":-157.5,"y":163,"width":315,"height":326},"ltblueidle_UL_0105_":{"x":-157.5,"y":163,"width":315,"height":326},"ltblueidle_UL_0108_":{"x":-157.5,"y":163,"width":315,"height":326},"ltblueidle_UL_0111_":{"x":-157.5,"y":163,"width":315,"height":326},"ltblueidle_UL_0114_":{"x":-157.5,"y":163,"width":315,"height":326},"ltblueidle_UL_0117_":{"x":-157.5,"y":163,"width":315,"height":326},"ltblueidle_UL_0120_":{"x":-157.5,"y":163,"width":315,"height":326},"ltblueidle_UL_0123_":{"x":-157.5,"y":163,"width":315,"height":326},"ltblueidle_UL_0126_":{"x":-157.5,"y":163,"width":315,"height":326},"ltblueidle_UL_0129_":{"x":-157.5,"y":163,"width":315,"height":326},"ltblueidle_UL_0132_":{"x":-157.5,"y":163,"width":315,"height":326},"ltblueidle_UL_0135_":{"x":-157.5,"y":163,"width":315,"height":326},"ltblueidle_UL_0138_":{"x":-157.5,"y":163,"width":315,"height":326},"ltblueidle_UL_0139_":{"x":-157.5,"y":163,"width":315,"height":326}},"ltblueidle_UR_":{"ltblueidle_UR_0000_":{"x":162.5,"y":163,"width":325,"height":326},"ltblueidle_UR_0003_":{"x":162.5,"y":163,"width":325,"height":326},"ltblueidle_UR_0006_":{"x":162.5,"y":163,"width":325,"height":326},"ltblueidle_UR_0009_":{"x":162.5,"y":163,"width":325,"height":326},"ltblueidle_UR_0012_":{"x":162.5,"y":163,"width":325,"height":326},"ltblueidle_UR_0015_":{"x":162.5,"y":163,"width":325,"height":326},"ltblueidle_UR_0018_":{"x":162.5,"y":163,"width":325,"height":326},"ltblueidle_UR_0021_":{"x":162.5,"y":163,"width":325,"height":326},"ltblueidle_UR_0024_":{"x":162.5,"y":163,"width":325,"height":326},"ltblueidle_UR_0027_":{"x":162.5,"y":163,"width":325,"height":326},"ltblueidle_UR_0030_":{"x":162.5,"y":163,"width":325,"height":326},"ltblueidle_UR_0033_":{"x":162.5,"y":163,"width":325,"height":326},"ltblueidle_UR_0036_":{"x":162.5,"y":163,"width":325,"height":326},"ltblueidle_UR_0039_":{"x":162.5,"y":163,"width":325,"height":326},"ltblueidle_UR_0042_":{"x":162.5,"y":163,"width":325,"height":326},"ltblueidle_UR_0045_":{"x":162.5,"y":163,"width":325,"height":326},"ltblueidle_UR_0048_":{"x":162.5,"y":163,"width":325,"height":326},"ltblueidle_UR_0051_":{"x":162.5,"y":163,"width":325,"height":326},"ltblueidle_UR_0054_":{"x":162.5,"y":163,"width":325,"height":326},"ltblueidle_UR_0057_":{"x":162.5,"y":163,"width":325,"height":326},"ltblueidle_UR_0060_":{"x":162.5,"y":163,"width":325,"height":326},"ltblueidle_UR_0063_":{"x":162.5,"y":163,"width":325,"height":326},"ltblueidle_UR_0066_":{"x":162.5,"y":163,"width":325,"height":326},"ltblueidle_UR_0069_":{"x":162.5,"y":163,"width":325,"height":326},"ltblueidle_UR_0072_":{"x":162.5,"y":163,"width":325,"height":326},"ltblueidle_UR_0075_":{"x":162.5,"y":163,"width":325,"height":326},"ltblueidle_UR_0078_":{"x":162.5,"y":163,"width":325,"height":326},"ltblueidle_UR_0081_":{"x":162.5,"y":163,"width":325,"height":326},"ltblueidle_UR_0084_":{"x":162.5,"y":163,"width":325,"height":326},"ltblueidle_UR_0087_":{"x":162.5,"y":163,"width":325,"height":326},"ltblueidle_UR_0090_":{"x":162.5,"y":163,"width":325,"height":326},"ltblueidle_UR_0093_":{"x":162.5,"y":163,"width":325,"height":326},"ltblueidle_UR_0096_":{"x":162.5,"y":163,"width":325,"height":326},"ltblueidle_UR_0099_":{"x":162.5,"y":163,"width":325,"height":326},"ltblueidle_UR_0102_":{"x":162.5,"y":163,"width":325,"height":326},"ltblueidle_UR_0105_":{"x":162.5,"y":163,"width":325,"height":326},"ltblueidle_UR_0108_":{"x":162.5,"y":163,"width":325,"height":326},"ltblueidle_UR_0111_":{"x":162.5,"y":163,"width":325,"height":326},"ltblueidle_UR_0114_":{"x":162.5,"y":163,"width":325,"height":326},"ltblueidle_UR_0117_":{"x":162.5,"y":163,"width":325,"height":326},"ltblueidle_UR_0120_":{"x":162.5,"y":163,"width":325,"height":326},"ltblueidle_UR_0123_":{"x":162.5,"y":163,"width":325,"height":326},"ltblueidle_UR_0126_":{"x":162.5,"y":163,"width":325,"height":326},"ltblueidle_UR_0129_":{"x":162.5,"y":163,"width":325,"height":326},"ltblueidle_UR_0132_":{"x":162.5,"y":163,"width":325,"height":326},"ltblueidle_UR_0135_":{"x":162.5,"y":163,"width":325,"height":326},"ltblueidle_UR_0138_":{"x":162.5,"y":163,"width":325,"height":326},"ltblueidle_UR_0139_":{"x":162.5,"y":163,"width":325,"height":326}}}},"animations":{"animation":{"slots":{"ltblueidle_DL_":{"attachment":[{"time":0,"name":"ltblueidle_DL_0000_"},{"time":0.1,"name":"ltblueidle_DL_0003_"},{"time":0.2,"name":"ltblueidle_DL_0006_"},{"time":0.3,"name":"ltblueidle_DL_0009_"},{"time":0.4,"name":"ltblueidle_DL_0012_"},{"time":0.5,"name":"ltblueidle_DL_0015_"},{"time":0.6,"name":"ltblueidle_DL_0018_"},{"time":0.7,"name":"ltblueidle_DL_0021_"},{"time":0.8,"name":"ltblueidle_DL_0024_"},{"time":0.9,"name":"ltblueidle_DL_0027_"},{"time":1,"name":"ltblueidle_DL_0030_"},{"time":1.1,"name":"ltblueidle_DL_0033_"},{"time":1.2,"name":"ltblueidle_DL_0036_"},{"time":1.3,"name":"ltblueidle_DL_0039_"},{"time":1.4,"name":"ltblueidle_DL_0042_"},{"time":1.5,"name":"ltblueidle_DL_0045_"},{"time":1.6,"name":"ltblueidle_DL_0048_"},{"time":1.7,"name":"ltblueidle_DL_0051_"},{"time":1.8,"name":"ltblueidle_DL_0054_"},{"time":1.9,"name":"ltblueidle_DL_0057_"},{"time":2,"name":"ltblueidle_DL_0060_"},{"time":2.1,"name":"ltblueidle_DL_0063_"},{"time":2.2,"name":"ltblueidle_DL_0066_"},{"time":2.3,"name":"ltblueidle_DL_0069_"},{"time":2.4,"name":"ltblueidle_DL_0072_"},{"time":2.5,"name":"ltblueidle_DL_0075_"},{"time":2.6,"name":"ltblueidle_DL_0078_"},{"time":2.7,"name":"ltblueidle_DL_0081_"},{"time":2.8,"name":"ltblueidle_DL_0084_"},{"time":2.9,"name":"ltblueidle_DL_0087_"},{"time":3,"name":"ltblueidle_DL_0090_"},{"time":3.1,"name":"ltblueidle_DL_0093_"},{"time":3.2,"name":"ltblueidle_DL_0096_"},{"time":3.3,"name":"ltblueidle_DL_0099_"},{"time":3.4,"name":"ltblueidle_DL_0102_"},{"time":3.5,"name":"ltblueidle_DL_0105_"},{"time":3.6,"name":"ltblueidle_DL_0108_"},{"time":3.7,"name":"ltblueidle_DL_0111_"},{"time":3.8,"name":"ltblueidle_DL_0114_"},{"time":3.9,"name":"ltblueidle_DL_0117_"},{"time":4,"name":"ltblueidle_DL_0120_"},{"time":4.1,"name":"ltblueidle_DL_0123_"},{"time":4.2,"name":"ltblueidle_DL_0126_"},{"time":4.3,"name":"ltblueidle_DL_0129_"},{"time":4.4,"name":"ltblueidle_DL_0132_"},{"time":4.5,"name":"ltblueidle_DL_0135_"},{"time":4.6,"name":"ltblueidle_DL_0138_"},{"time":4.7,"name":"ltblueidle_DL_0139_"}]},"ltblueidle_DR_":{"attachment":[{"time":0,"name":"ltblueidle_DR_0000_"},{"time":0.1,"name":"ltblueidle_DR_0003_"},{"time":0.2,"name":"ltblueidle_DR_0006_"},{"time":0.3,"name":"ltblueidle_DR_0009_"},{"time":0.4,"name":"ltblueidle_DR_0012_"},{"time":0.5,"name":"ltblueidle_DR_0015_"},{"time":0.6,"name":"ltblueidle_DR_0018_"},{"time":0.7,"name":"ltblueidle_DR_0021_"},{"time":0.8,"name":"ltblueidle_DR_0024_"},{"time":0.9,"name":"ltblueidle_DR_0027_"},{"time":1,"name":"ltblueidle_DR_0030_"},{"time":1.1,"name":"ltblueidle_DR_0033_"},{"time":1.2,"name":"ltblueidle_DR_0036_"},{"time":1.3,"name":"ltblueidle_DR_0039_"},{"time":1.4,"name":"ltblueidle_DR_0042_"},{"time":1.5,"name":"ltblueidle_DR_0045_"},{"time":1.6,"name":"ltblueidle_DR_0048_"},{"time":1.7,"name":"ltblueidle_DR_0051_"},{"time":1.8,"name":"ltblueidle_DR_0054_"},{"time":1.9,"name":"ltblueidle_DR_0057_"},{"time":2,"name":"ltblueidle_DR_0060_"},{"time":2.1,"name":"ltblueidle_DR_0063_"},{"time":2.2,"name":"ltblueidle_DR_0066_"},{"time":2.3,"name":"ltblueidle_DR_0069_"},{"time":2.4,"name":"ltblueidle_DR_0072_"},{"time":2.5,"name":"ltblueidle_DR_0075_"},{"time":2.6,"name":"ltblueidle_DR_0078_"},{"time":2.7,"name":"ltblueidle_DR_0081_"},{"time":2.8,"name":"ltblueidle_DR_0084_"},{"time":2.9,"name":"ltblueidle_DR_0087_"},{"time":3,"name":"ltblueidle_DR_0090_"},{"time":3.1,"name":"ltblueidle_DR_0093_"},{"time":3.2,"name":"ltblueidle_DR_0096_"},{"time":3.3,"name":"ltblueidle_DR_0099_"},{"time":3.4,"name":"ltblueidle_DR_0102_"},{"time":3.5,"name":"ltblueidle_DR_0105_"},{"time":3.6,"name":"ltblueidle_DR_0108_"},{"time":3.7,"name":"ltblueidle_DR_0111_"},{"time":3.8,"name":"ltblueidle_DR_0114_"},{"time":3.9,"name":"ltblueidle_DR_0117_"},{"time":4,"name":"ltblueidle_DR_0120_"},{"time":4.1,"name":"ltblueidle_DR_0123_"},{"time":4.2,"name":"ltblueidle_DR_0126_"},{"time":4.3,"name":"ltblueidle_DR_0129_"},{"time":4.4,"name":"ltblueidle_DR_0132_"},{"time":4.5,"name":"ltblueidle_DR_0135_"},{"time":4.6,"name":"ltblueidle_DR_0138_"},{"time":4.7,"name":"ltblueidle_DR_0139_"}]},"ltblueidle_UL_":{"attachment":[{"time":0,"name":"ltblueidle_UL_0000_"},{"time":0.1,"name":"ltblueidle_UL_0003_"},{"time":0.2,"name":"ltblueidle_UL_0006_"},{"time":0.3,"name":"ltblueidle_UL_0009_"},{"time":0.4,"name":"ltblueidle_UL_0012_"},{"time":0.5,"name":"ltblueidle_UL_0015_"},{"time":0.6,"name":"ltblueidle_UL_0018_"},{"time":0.7,"name":"ltblueidle_UL_0021_"},{"time":0.8,"name":"ltblueidle_UL_0024_"},{"time":0.9,"name":"ltblueidle_UL_0027_"},{"time":1,"name":"ltblueidle_UL_0030_"},{"time":1.1,"name":"ltblueidle_UL_0033_"},{"time":1.2,"name":"ltblueidle_UL_0036_"},{"time":1.3,"name":"ltblueidle_UL_0039_"},{"time":1.4,"name":"ltblueidle_UL_0042_"},{"time":1.5,"name":"ltblueidle_UL_0045_"},{"time":1.6,"name":"ltblueidle_UL_0048_"},{"time":1.7,"name":"ltblueidle_UL_0051_"},{"time":1.8,"name":"ltblueidle_UL_0054_"},{"time":1.9,"name":"ltblueidle_UL_0057_"},{"time":2,"name":"ltblueidle_UL_0060_"},{"time":2.1,"name":"ltblueidle_UL_0063_"},{"time":2.2,"name":"ltblueidle_UL_0066_"},{"time":2.3,"name":"ltblueidle_UL_0069_"},{"time":2.4,"name":"ltblueidle_UL_0072_"},{"time":2.5,"name":"ltblueidle_UL_0075_"},{"time":2.6,"name":"ltblueidle_UL_0078_"},{"time":2.7,"name":"ltblueidle_UL_0081_"},{"time":2.8,"name":"ltblueidle_UL_0084_"},{"time":2.9,"name":"ltblueidle_UL_0087_"},{"time":3,"name":"ltblueidle_UL_0090_"},{"time":3.1,"name":"ltblueidle_UL_0093_"},{"time":3.2,"name":"ltblueidle_UL_0096_"},{"time":3.3,"name":"ltblueidle_UL_0099_"},{"time":3.4,"name":"ltblueidle_UL_0102_"},{"time":3.5,"name":"ltblueidle_UL_0105_"},{"time":3.6,"name":"ltblueidle_UL_0108_"},{"time":3.7,"name":"ltblueidle_UL_0111_"},{"time":3.8,"name":"ltblueidle_UL_0114_"},{"time":3.9,"name":"ltblueidle_UL_0117_"},{"time":4,"name":"ltblueidle_UL_0120_"},{"time":4.1,"name":"ltblueidle_UL_0123_"},{"time":4.2,"name":"ltblueidle_UL_0126_"},{"time":4.3,"name":"ltblueidle_UL_0129_"},{"time":4.4,"name":"ltblueidle_UL_0132_"},{"time":4.5,"name":"ltblueidle_UL_0135_"},{"time":4.6,"name":"ltblueidle_UL_0138_"},{"time":4.7,"name":"ltblueidle_UL_0139_"}]},"ltblueidle_UR_":{"attachment":[{"time":0,"name":"ltblueidle_UR_0000_"},{"time":0.1,"name":"ltblueidle_UR_0003_"},{"time":0.2,"name":"ltblueidle_UR_0006_"},{"time":0.3,"name":"ltblueidle_UR_0009_"},{"time":0.4,"name":"ltblueidle_UR_0012_"},{"time":0.5,"name":"ltblueidle_UR_0015_"},{"time":0.6,"name":"ltblueidle_UR_0018_"},{"time":0.7,"name":"ltblueidle_UR_0021_"},{"time":0.8,"name":"ltblueidle_UR_0024_"},{"time":0.9,"name":"ltblueidle_UR_0027_"},{"time":1,"name":"ltblueidle_UR_0030_"},{"time":1.1,"name":"ltblueidle_UR_0033_"},{"time":1.2,"name":"ltblueidle_UR_0036_"},{"time":1.3,"name":"ltblueidle_UR_0039_"},{"time":1.4,"name":"ltblueidle_UR_0042_"},{"time":1.5,"name":"ltblueidle_UR_0045_"},{"time":1.6,"name":"ltblueidle_UR_0048_"},{"time":1.7,"name":"ltblueidle_UR_0051_"},{"time":1.8,"name":"ltblueidle_UR_0054_"},{"time":1.9,"name":"ltblueidle_UR_0057_"},{"time":2,"name":"ltblueidle_UR_0060_"},{"time":2.1,"name":"ltblueidle_UR_0063_"},{"time":2.2,"name":"ltblueidle_UR_0066_"},{"time":2.3,"name":"ltblueidle_UR_0069_"},{"time":2.4,"name":"ltblueidle_UR_0072_"},{"time":2.5,"name":"ltblueidle_UR_0075_"},{"time":2.6,"name":"ltblueidle_UR_0078_"},{"time":2.7,"name":"ltblueidle_UR_0081_"},{"time":2.8,"name":"ltblueidle_UR_0084_"},{"time":2.9,"name":"ltblueidle_UR_0087_"},{"time":3,"name":"ltblueidle_UR_0090_"},{"time":3.1,"name":"ltblueidle_UR_0093_"},{"time":3.2,"name":"ltblueidle_UR_0096_"},{"time":3.3,"name":"ltblueidle_UR_0099_"},{"time":3.4,"name":"ltblueidle_UR_0102_"},{"time":3.5,"name":"ltblueidle_UR_0105_"},{"time":3.6,"name":"ltblueidle_UR_0108_"},{"time":3.7,"name":"ltblueidle_UR_0111_"},{"time":3.8,"name":"ltblueidle_UR_0114_"},{"time":3.9,"name":"ltblueidle_UR_0117_"},{"time":4,"name":"ltblueidle_UR_0120_"},{"time":4.1,"name":"ltblueidle_UR_0123_"},{"time":4.2,"name":"ltblueidle_UR_0126_"},{"time":4.3,"name":"ltblueidle_UR_0129_"},{"time":4.4,"name":"ltblueidle_UR_0132_"},{"time":4.5,"name":"ltblueidle_UR_0135_"},{"time":4.6,"name":"ltblueidle_UR_0138_"},{"time":4.7,"name":"ltblueidle_UR_0139_"}]}},"bones":{"ctr":{"translate":[{"time":0,"x":0,"y":110}]}}}}}