{"skeleton":{"hash":"Sn76FrP+Qf2FpWQHYcEXQENpDV8","spine":"3.7.94","width":0,"height":0,"images":"./images/","audio":"H:/COK项目/Spine工程/盲盒敦煌—2色骆驼/骆驼—蓝/骆驼_蓝_攻击_Spine"},"bones":[{"name":"root"},{"name":"ctr","parent":"root","scaleX":1.25,"scaleY":1.25},{"name":"ltblueattack_UL_","parent":"ctr"},{"name":"ltblueattack_UR_","parent":"ctr"},{"name":"ltblueattack_DL_","parent":"ctr"},{"name":"ltblueattack_DR_","parent":"ctr"}],"slots":[{"name":"ltblueattack_UL_","bone":"ltblueattack_UL_"},{"name":"ltblueattack_UR_","bone":"ltblueattack_UR_"},{"name":"ltblueattack_DL_","bone":"ltblueattack_DL_"},{"name":"ltblueattack_DR_","bone":"ltblueattack_DR_"}],"skins":{"default":{"ltblueattack_DL_":{"ltblueattack_DL_0000_":{"x":-157.5,"y":-157,"width":315,"height":314},"ltblueattack_DL_0003_":{"x":-157.5,"y":-157,"width":315,"height":314},"ltblueattack_DL_0006_":{"x":-157.5,"y":-157,"width":315,"height":314},"ltblueattack_DL_0009_":{"x":-157.5,"y":-157,"width":315,"height":314},"ltblueattack_DL_0012_":{"x":-157.5,"y":-157,"width":315,"height":314},"ltblueattack_DL_0015_":{"x":-157.5,"y":-157,"width":315,"height":314},"ltblueattack_DL_0016_":{"x":-157.5,"y":-157,"width":315,"height":314},"ltblueattack_DL_0017_":{"x":-157.5,"y":-157,"width":315,"height":314}},"ltblueattack_DR_":{"ltblueattack_DR_0000_":{"x":162.5,"y":-157,"width":325,"height":314},"ltblueattack_DR_0003_":{"x":162.5,"y":-157,"width":325,"height":314},"ltblueattack_DR_0006_":{"x":162.5,"y":-157,"width":325,"height":314},"ltblueattack_DR_0009_":{"x":162.5,"y":-157,"width":325,"height":314},"ltblueattack_DR_0012_":{"x":162.5,"y":-157,"width":325,"height":314},"ltblueattack_DR_0015_":{"x":162.5,"y":-157,"width":325,"height":314},"ltblueattack_DR_0016_":{"x":162.5,"y":-157,"width":325,"height":314},"ltblueattack_DR_0017_":{"x":162.5,"y":-157,"width":325,"height":314}},"ltblueattack_UL_":{"ltblueattack_UL_0000_":{"x":-157.5,"y":163,"width":315,"height":326},"ltblueattack_UL_0003_":{"x":-157.5,"y":163,"width":315,"height":326},"ltblueattack_UL_0006_":{"x":-157.5,"y":163,"width":315,"height":326},"ltblueattack_UL_0009_":{"x":-157.5,"y":163,"width":315,"height":326},"ltblueattack_UL_0012_":{"x":-157.5,"y":163,"width":315,"height":326},"ltblueattack_UL_0015_":{"x":-157.5,"y":163,"width":315,"height":326},"ltblueattack_UL_0016_":{"x":-157.5,"y":163,"width":315,"height":326},"ltblueattack_UL_0017_":{"x":-157.5,"y":163,"width":315,"height":326}},"ltblueattack_UR_":{"ltblueattack_UR_0000_":{"x":162.5,"y":163,"width":325,"height":326},"ltblueattack_UR_0003_":{"x":162.5,"y":163,"width":325,"height":326},"ltblueattack_UR_0006_":{"x":162.5,"y":163,"width":325,"height":326},"ltblueattack_UR_0009_":{"x":162.5,"y":163,"width":325,"height":326},"ltblueattack_UR_0012_":{"x":162.5,"y":163,"width":325,"height":326},"ltblueattack_UR_0015_":{"x":162.5,"y":163,"width":325,"height":326},"ltblueattack_UR_0016_":{"x":162.5,"y":163,"width":325,"height":326},"ltblueattack_UR_0017_":{"x":162.5,"y":163,"width":325,"height":326}}}},"animations":{"animation":{"slots":{"ltblueattack_DL_":{"attachment":[{"time":0,"name":"ltblueattack_DL_0000_"},{"time":0.1,"name":"ltblueattack_DL_0003_"},{"time":0.2,"name":"ltblueattack_DL_0006_"},{"time":0.3,"name":"ltblueattack_DL_0009_"},{"time":0.4,"name":"ltblueattack_DL_0012_"},{"time":0.5,"name":"ltblueattack_DL_0015_"},{"time":0.6,"name":"ltblueattack_DL_0016_"},{"time":0.7,"name":"ltblueattack_DL_0017_"}]},"ltblueattack_DR_":{"attachment":[{"time":0,"name":"ltblueattack_DR_0000_"},{"time":0.1,"name":"ltblueattack_DR_0003_"},{"time":0.2,"name":"ltblueattack_DR_0006_"},{"time":0.3,"name":"ltblueattack_DR_0009_"},{"time":0.4,"name":"ltblueattack_DR_0012_"},{"time":0.5,"name":"ltblueattack_DR_0015_"},{"time":0.6,"name":"ltblueattack_DR_0016_"},{"time":0.7,"name":"ltblueattack_DR_0017_"}]},"ltblueattack_UL_":{"attachment":[{"time":0,"name":"ltblueattack_UL_0000_"},{"time":0.1,"name":"ltblueattack_UL_0003_"},{"time":0.2,"name":"ltblueattack_UL_0006_"},{"time":0.3,"name":"ltblueattack_UL_0009_"},{"time":0.4,"name":"ltblueattack_UL_0012_"},{"time":0.5,"name":"ltblueattack_UL_0015_"},{"time":0.6,"name":"ltblueattack_UL_0016_"},{"time":0.7,"name":"ltblueattack_UL_0017_"}]},"ltblueattack_UR_":{"attachment":[{"time":0,"name":"ltblueattack_UR_0000_"},{"time":0.1,"name":"ltblueattack_UR_0003_"},{"time":0.2,"name":"ltblueattack_UR_0006_"},{"time":0.3,"name":"ltblueattack_UR_0009_"},{"time":0.4,"name":"ltblueattack_UR_0012_"},{"time":0.5,"name":"ltblueattack_UR_0015_"},{"time":0.6,"name":"ltblueattack_UR_0016_"},{"time":0.7,"name":"ltblueattack_UR_0017_"}]}},"bones":{"ctr":{"translate":[{"time":0,"x":0,"y":110}]}}}}}