{
"skeleton": { "hash": "2B7W/74Ph+cyr58c1V5i2WVJIPY", "spine": "2.1.27", "width": 0, "height": 0, "images": "" },
"bones": [
	{ "name": "root" },
	{ "name": "bone", "parent": "root", "length": 218.27, "x": 23.43, "y": -90.61, "scaleX": 0.8, "scaleY": 0.8 }
],
"slots": [
	{ "name": "nl_gongji_49_", "bone": "bone" },
	{ "name": "nl_gongji_49_1_", "bone": "bone" },
	{ "name": "nl_gongji_49_2_", "bone": "bone" },
	{ "name": "nl_gongji_46_", "bone": "bone" },
	{ "name": "nl_gongji_46_0_", "bone": "bone" },
	{ "name": "nl_gongji_46_1_", "bone": "bone" },
	{ "name": "nl_gongji_38_", "bone": "bone" },
	{ "name": "nl_gongji_38_0_", "bone": "bone" },
	{ "name": "nl_gongji_38_1_", "bone": "bone" },
	{ "name": "nl_gongji_36_", "bone": "bone" },
	{ "name": "nl_gongji_36_0_", "bone": "bone" },
	{ "name": "nl_gongji_36_1_", "bone": "bone" },
	{ "name": "nl_gongji_34_", "bone": "bone" },
	{ "name": "nl_gongji_34_0_", "bone": "bone" },
	{ "name": "nl_gongji_34_1_", "bone": "bone" },
	{ "name": "nl_gongji_32_", "bone": "bone" },
	{ "name": "nl_gongji_32_0_", "bone": "bone" },
	{ "name": "nl_gongji_32_1_", "bone": "bone" },
	{ "name": "nl_gongji_30_", "bone": "bone" },
	{ "name": "nl_gongji_30_0_", "bone": "bone" },
	{ "name": "nl_gongji_30_1_", "bone": "bone" },
	{ "name": "nl_gongji_28_", "bone": "bone" },
	{ "name": "nl_gongji_28_0_", "bone": "bone" },
	{ "name": "nl_gongji_28_1_", "bone": "bone" },
	{ "name": "nl_gongji_23_", "bone": "bone" },
	{ "name": "nl_gongji_23_0_", "bone": "bone" },
	{ "name": "nl_gongji_23_1_", "bone": "bone" },
	{ "name": "nl_gongji_20_", "bone": "bone" },
	{ "name": "nl_gongji_20_0_", "bone": "bone" },
	{ "name": "nl_gongji_20_1_", "bone": "bone" },
	{ "name": "nl_gongji_16_", "bone": "bone" },
	{ "name": "nl_gongji_16_0_", "bone": "bone" },
	{ "name": "nl_gongji_16_1_", "bone": "bone" },
	{ "name": "nl_gongji_14_", "bone": "bone" },
	{ "name": "nl_gongji_14_0_", "bone": "bone" },
	{ "name": "nl_gongji_14_1_", "bone": "bone" },
	{ "name": "nl_gongji_12_", "bone": "bone" },
	{ "name": "nl_gongji_12_0_", "bone": "bone" },
	{ "name": "nl_gongji_12_1_", "bone": "bone" },
	{ "name": "nl_gongji_10_", "bone": "bone" },
	{ "name": "nl_gongji_10_0_", "bone": "bone" },
	{ "name": "nl_gongji_10_1_", "bone": "bone" },
	{ "name": "nl_gongji_06_", "bone": "bone" },
	{ "name": "nl_gongji_06_0_", "bone": "bone" },
	{ "name": "nl_gongji_06_1_", "bone": "bone" },
	{ "name": "nl_gongji_04_", "bone": "bone" },
	{ "name": "nl_gongji_04_0_", "bone": "bone" },
	{ "name": "nl_gongji_04_1_", "bone": "bone" },
	{ "name": "nl_daiji_56_", "bone": "bone" },
	{ "name": "nl_daiji_56_0_", "bone": "bone" },
	{ "name": "nl_daiji_56_1_", "bone": "bone" }
],
"skins": {
	"default": {
		"nl_daiji_56_": {
			"nl_daiji_56_": { "x": 80.58, "y": 135.83, "width": 180, "height": 205 }
		},
		"nl_daiji_56_0_": {
			"nl_daiji_56_0_": { "x": -83.91, "y": 151.83, "width": 149, "height": 147 }
		},
		"nl_daiji_56_1_": {
			"nl_daiji_56_1_": { "x": -42.91, "y": 301.83, "width": 237, "height": 153 }
		},
		"nl_gongji_04_": {
			"nl_gongji_04_": { "x": 80.08, "y": 139.83, "width": 185, "height": 213 }
		},
		"nl_gongji_04_0_": {
			"nl_gongji_04_0_": { "x": -91.41, "y": 163.83, "width": 158, "height": 165 }
		},
		"nl_gongji_04_1_": {
			"nl_gongji_04_1_": { "x": -25.41, "y": 313.83, "width": 242, "height": 135 }
		},
		"nl_gongji_06_": {
			"nl_gongji_06_": { "x": 76.08, "y": 140.83, "width": 193, "height": 215 }
		},
		"nl_gongji_06_0_": {
			"nl_gongji_06_0_": { "x": -95.91, "y": 173.83, "width": 151, "height": 149 }
		},
		"nl_gongji_06_1_": {
			"nl_gongji_06_1_": { "x": -18.41, "y": 325.83, "width": 256, "height": 155 }
		},
		"nl_gongji_10_": {
			"nl_gongji_10_": { "x": 81.58, "y": 140.83, "width": 184, "height": 215 }
		},
		"nl_gongji_10_0_": {
			"nl_gongji_10_0_": { "x": -91.41, "y": 163.33, "width": 162, "height": 170 }
		},
		"nl_gongji_10_1_": {
			"nl_gongji_10_1_": { "x": -3.91, "y": 324.83, "width": 277, "height": 153 }
		},
		"nl_gongji_12_": {
			"nl_gongji_12_": { "x": 54.58, "y": 421.33, "width": 148, "height": 56 }
		},
		"nl_gongji_12_0_": {
			"nl_gongji_12_0_": { "x": -4.91, "y": 330.83, "width": 277, "height": 125 }
		},
		"nl_gongji_12_1_": {
			"nl_gongji_12_1_": { "x": 2.08, "y": 150.83, "width": 345, "height": 235 }
		},
		"nl_gongji_14_": {
			"nl_gongji_14_": { "x": 22.58, "y": 411.33, "width": 180, "height": 76 }
		},
		"nl_gongji_14_0_": {
			"nl_gongji_14_0_": { "x": -22.91, "y": 311.83, "width": 263, "height": 123 }
		},
		"nl_gongji_14_1_": {
			"nl_gongji_14_1_": { "x": 4.08, "y": 141.83, "width": 343, "height": 217 }
		},
		"nl_gongji_16_": {
			"nl_gongji_16_": { "x": 27.08, "y": 349.33, "width": 189, "height": 188 }
		},
		"nl_gongji_16_0_": {
			"nl_gongji_16_0_": { "x": -114.91, "y": 311.83, "width": 95, "height": 113 }
		},
		"nl_gongji_16_1_": {
			"nl_gongji_16_1_": { "x": 5.58, "y": 144.33, "width": 340, "height": 222 }
		},
		"nl_gongji_20_": {
			"nl_gongji_20_": { "x": 43.58, "y": 351.83, "width": 160, "height": 193 }
		},
		"nl_gongji_20_0_": {
			"nl_gongji_20_0_": { "x": -103.91, "y": 316.83, "width": 135, "height": 123 }
		},
		"nl_gongji_20_1_": {
			"nl_gongji_20_1_": { "x": 10.08, "y": 144.33, "width": 333, "height": 222 }
		},
		"nl_gongji_23_": {
			"nl_gongji_23_": { "x": 2.08, "y": 399.33, "width": 201, "height": 100 }
		},
		"nl_gongji_23_0_": {
			"nl_gongji_23_0_": { "x": -24.41, "y": 191.33, "width": 300, "height": 316 }
		},
		"nl_gongji_23_1_": {
			"nl_gongji_23_1_": { "x": 125.08, "y": 141.83, "width": 103, "height": 211 }
		},
		"nl_gongji_28_": {
			"nl_gongji_28_": { "x": -24.41, "y": 334.33, "width": 306, "height": 178 }
		},
		"nl_gongji_28_0_": {
			"nl_gongji_28_0_": { "x": -30.41, "y": 139.33, "width": 206, "height": 212 }
		},
		"nl_gongji_28_1_": {
			"nl_gongji_28_1_": { "x": 124.58, "y": 141.83, "width": 104, "height": 211 }
		},
		"nl_gongji_30_": {
			"nl_gongji_30_": { "x": 68.08, "y": 351.83, "width": 131, "height": 195 }
		},
		"nl_gongji_30_0_": {
			"nl_gongji_30_0_": { "x": -86.91, "y": 338.33, "width": 179, "height": 168 }
		},
		"nl_gongji_30_1_": {
			"nl_gongji_30_1_": { "x": 4.08, "y": 143.83, "width": 343, "height": 221 }
		},
		"nl_gongji_32_": {
			"nl_gongji_32_": { "x": 83.58, "y": 143.33, "width": 184, "height": 220 }
		},
		"nl_gongji_32_0_": {
			"nl_gongji_32_0_": { "x": -70.91, "y": 165.83, "width": 125, "height": 175 }
		},
		"nl_gongji_32_1_": {
			"nl_gongji_32_1_": { "x": -27.91, "y": 337.33, "width": 285, "height": 168 }
		},
		"nl_gongji_34_": {
			"nl_gongji_34_": { "x": 82.08, "y": 143.33, "width": 185, "height": 220 }
		},
		"nl_gongji_34_0_": {
			"nl_gongji_34_0_": { "x": -71.91, "y": 166.33, "width": 123, "height": 174 }
		},
		"nl_gongji_34_1_": {
			"nl_gongji_34_1_": { "x": -14.91, "y": 336.33, "width": 255, "height": 166 }
		},
		"nl_gongji_36_": {
			"nl_gongji_36_": { "x": 72.58, "y": 139.83, "width": 202, "height": 213 }
		},
		"nl_gongji_36_0_": {
			"nl_gongji_36_0_": { "x": -93.41, "y": 172.33, "width": 130, "height": 148 }
		},
		"nl_gongji_36_1_": {
			"nl_gongji_36_1_": { "x": -23.91, "y": 332.33, "width": 269, "height": 172 }
		},
		"nl_gongji_38_": {
			"nl_gongji_38_": { "x": 75.08, "y": 140.33, "width": 197, "height": 214 }
		},
		"nl_gongji_38_0_": {
			"nl_gongji_38_0_": { "x": -105.41, "y": 172.83, "width": 164, "height": 149 }
		},
		"nl_gongji_38_1_": {
			"nl_gongji_38_1_": { "x": -42.91, "y": 331.83, "width": 295, "height": 169 }
		},
		"nl_gongji_46_": {
			"nl_gongji_46_": { "x": 72.58, "y": 136.83, "width": 198, "height": 207 }
		},
		"nl_gongji_46_0_": {
			"nl_gongji_46_0_": { "x": -90.91, "y": 170.33, "width": 129, "height": 140 }
		},
		"nl_gongji_46_1_": {
			"nl_gongji_46_1_": { "x": -35.41, "y": 308.83, "width": 250, "height": 137 }
		},
		"nl_gongji_49_": {
			"nl_gongji_49_": { "x": 74.08, "y": 135.83, "width": 193, "height": 205 }
		},
		"nl_gongji_49_1_": {
			"nl_gongji_49_1_": { "x": -93.41, "y": 169.33, "width": 142, "height": 138 }
		},
		"nl_gongji_49_2_": {
			"nl_gongji_49_2_": { "x": -35.91, "y": 308.33, "width": 239, "height": 140 }
		}
	}
},
"animations": {
	"gj": {
		"slots": {
			"nl_daiji_56_": {
				"attachment": [
					{ "time": 0, "name": "nl_daiji_56_" },
					{ "time": 0.0666, "name": null },
					{ "time": 1.2666, "name": "nl_daiji_56_" }
				]
			},
			"nl_daiji_56_0_": {
				"attachment": [
					{ "time": 0, "name": "nl_daiji_56_0_" },
					{ "time": 0.0666, "name": null },
					{ "time": 1.2666, "name": "nl_daiji_56_0_" }
				]
			},
			"nl_daiji_56_1_": {
				"attachment": [
					{ "time": 0, "name": "nl_daiji_56_1_" },
					{ "time": 0.0666, "name": null },
					{ "time": 1.2666, "name": "nl_daiji_56_1_" }
				]
			},
			"nl_gongji_04_": {
				"attachment": [
					{ "time": 0.0666, "name": "nl_gongji_04_" },
					{ "time": 0.1333, "name": null }
				]
			},
			"nl_gongji_04_0_": {
				"attachment": [
					{ "time": 0.0666, "name": "nl_gongji_04_0_" },
					{ "time": 0.1333, "name": null }
				]
			},
			"nl_gongji_04_1_": {
				"attachment": [
					{ "time": 0.0666, "name": "nl_gongji_04_1_" },
					{ "time": 0.1333, "name": null }
				]
			},
			"nl_gongji_06_": {
				"attachment": [
					{ "time": 0.1333, "name": "nl_gongji_06_" },
					{ "time": 0.2, "name": null }
				]
			},
			"nl_gongji_06_0_": {
				"attachment": [
					{ "time": 0.1333, "name": "nl_gongji_06_0_" },
					{ "time": 0.2, "name": null }
				]
			},
			"nl_gongji_06_1_": {
				"attachment": [
					{ "time": 0.1333, "name": "nl_gongji_06_1_" },
					{ "time": 0.2, "name": null }
				]
			},
			"nl_gongji_10_": {
				"attachment": [
					{ "time": 0.2, "name": "nl_gongji_10_" },
					{ "time": 0.2666, "name": null }
				]
			},
			"nl_gongji_10_0_": {
				"attachment": [
					{ "time": 0.2, "name": "nl_gongji_10_0_" },
					{ "time": 0.2666, "name": null }
				]
			},
			"nl_gongji_10_1_": {
				"attachment": [
					{ "time": 0.2, "name": "nl_gongji_10_1_" },
					{ "time": 0.2666, "name": null }
				]
			},
			"nl_gongji_12_": {
				"attachment": [
					{ "time": 0.2666, "name": "nl_gongji_12_" },
					{ "time": 0.4, "name": null }
				]
			},
			"nl_gongji_12_0_": {
				"attachment": [
					{ "time": 0.2666, "name": "nl_gongji_12_0_" },
					{ "time": 0.4, "name": null }
				]
			},
			"nl_gongji_12_1_": {
				"attachment": [
					{ "time": 0.2666, "name": "nl_gongji_12_1_" },
					{ "time": 0.4, "name": null }
				]
			},
			"nl_gongji_14_": {
				"attachment": [
					{ "time": 0.4, "name": "nl_gongji_14_" },
					{ "time": 0.4666, "name": null }
				]
			},
			"nl_gongji_14_0_": {
				"attachment": [
					{ "time": 0.4, "name": "nl_gongji_14_0_" },
					{ "time": 0.4666, "name": null }
				]
			},
			"nl_gongji_14_1_": {
				"attachment": [
					{ "time": 0.4, "name": "nl_gongji_14_1_" },
					{ "time": 0.4666, "name": null }
				]
			},
			"nl_gongji_16_": {
				"attachment": [
					{ "time": 0.4666, "name": "nl_gongji_16_" },
					{ "time": 0.5666, "name": null }
				]
			},
			"nl_gongji_16_0_": {
				"attachment": [
					{ "time": 0.4666, "name": "nl_gongji_16_0_" },
					{ "time": 0.5666, "name": null }
				]
			},
			"nl_gongji_16_1_": {
				"attachment": [
					{ "time": 0.4666, "name": "nl_gongji_16_1_" },
					{ "time": 0.5666, "name": null }
				]
			},
			"nl_gongji_20_": {
				"attachment": [
					{ "time": 0.5666, "name": "nl_gongji_20_" },
					{ "time": 0.6333, "name": null }
				]
			},
			"nl_gongji_20_0_": {
				"attachment": [
					{ "time": 0.5666, "name": "nl_gongji_20_0_" },
					{ "time": 0.6333, "name": null }
				]
			},
			"nl_gongji_20_1_": {
				"attachment": [
					{ "time": 0.5666, "name": "nl_gongji_20_1_" },
					{ "time": 0.6333, "name": null }
				]
			},
			"nl_gongji_23_": {
				"attachment": [
					{ "time": 0.6333, "name": "nl_gongji_23_" },
					{ "time": 0.7, "name": null }
				]
			},
			"nl_gongji_23_0_": {
				"attachment": [
					{ "time": 0.6333, "name": "nl_gongji_23_0_" },
					{ "time": 0.7, "name": null }
				]
			},
			"nl_gongji_23_1_": {
				"attachment": [
					{ "time": 0.6333, "name": "nl_gongji_23_1_" },
					{ "time": 0.7, "name": null }
				]
			},
			"nl_gongji_28_": {
				"attachment": [
					{ "time": 0.7, "name": "nl_gongji_28_" },
					{ "time": 0.7666, "name": null }
				]
			},
			"nl_gongji_28_0_": {
				"attachment": [
					{ "time": 0.7, "name": "nl_gongji_28_0_" },
					{ "time": 0.7666, "name": null }
				]
			},
			"nl_gongji_28_1_": {
				"attachment": [
					{ "time": 0.7, "name": "nl_gongji_28_1_" },
					{ "time": 0.7666, "name": null }
				]
			},
			"nl_gongji_30_": {
				"attachment": [
					{ "time": 0.7666, "name": "nl_gongji_30_" },
					{ "time": 0.9, "name": null }
				]
			},
			"nl_gongji_30_0_": {
				"attachment": [
					{ "time": 0.7666, "name": "nl_gongji_30_0_" },
					{ "time": 0.9, "name": null }
				]
			},
			"nl_gongji_30_1_": {
				"attachment": [
					{ "time": 0.7666, "name": "nl_gongji_30_1_" },
					{ "time": 0.9, "name": null }
				]
			},
			"nl_gongji_32_": {
				"attachment": [
					{ "time": 0.9, "name": "nl_gongji_32_" },
					{ "time": 0.9333, "name": null }
				]
			},
			"nl_gongji_32_0_": {
				"attachment": [
					{ "time": 0.9, "name": "nl_gongji_32_0_" },
					{ "time": 0.9333, "name": null }
				]
			},
			"nl_gongji_32_1_": {
				"attachment": [
					{ "time": 0.9, "name": "nl_gongji_32_1_" },
					{ "time": 0.9333, "name": null }
				]
			},
			"nl_gongji_34_": {
				"attachment": [
					{ "time": 0.9333, "name": "nl_gongji_34_" },
					{ "time": 0.9666, "name": null }
				]
			},
			"nl_gongji_34_0_": {
				"attachment": [
					{ "time": 0.9333, "name": "nl_gongji_34_0_" },
					{ "time": 0.9666, "name": null }
				]
			},
			"nl_gongji_34_1_": {
				"attachment": [
					{ "time": 0.9333, "name": "nl_gongji_34_1_" },
					{ "time": 0.9666, "name": null }
				]
			},
			"nl_gongji_36_": {
				"attachment": [
					{ "time": 0.9666, "name": "nl_gongji_36_" },
					{ "time": 1.0666, "name": null }
				]
			},
			"nl_gongji_36_0_": {
				"attachment": [
					{ "time": 0.9666, "name": "nl_gongji_36_0_" },
					{ "time": 1.0666, "name": null }
				]
			},
			"nl_gongji_36_1_": {
				"attachment": [
					{ "time": 0.9666, "name": "nl_gongji_36_1_" },
					{ "time": 1.0666, "name": null }
				]
			},
			"nl_gongji_38_": {
				"attachment": [
					{ "time": 1.0666, "name": "nl_gongji_38_" },
					{ "time": 1.1666, "name": null }
				]
			},
			"nl_gongji_38_0_": {
				"attachment": [
					{ "time": 1.0666, "name": "nl_gongji_38_0_" },
					{ "time": 1.1666, "name": null }
				]
			},
			"nl_gongji_38_1_": {
				"attachment": [
					{ "time": 1.0666, "name": "nl_gongji_38_1_" },
					{ "time": 1.1666, "name": null }
				]
			},
			"nl_gongji_46_": {
				"attachment": [
					{ "time": 1.1666, "name": "nl_gongji_46_" },
					{ "time": 1.2666, "name": null }
				]
			},
			"nl_gongji_46_0_": {
				"attachment": [
					{ "time": 1.1666, "name": "nl_gongji_46_0_" },
					{ "time": 1.2666, "name": null }
				]
			},
			"nl_gongji_46_1_": {
				"attachment": [
					{ "time": 1.1666, "name": "nl_gongji_46_1_" },
					{ "time": 1.2666, "name": null }
				]
			},
			"nl_gongji_49_": {
				"attachment": [
					{ "time": 1.2666, "name": null }
				]
			},
			"nl_gongji_49_1_": {
				"attachment": [
					{ "time": 1.2666, "name": null }
				]
			},
			"nl_gongji_49_2_": {
				"attachment": [
					{ "time": 1.2666, "name": null }
				]
			}
		}
	}
}
}