{
"skeleton": { "hash": "+bfTnK/Ktl1Z3d2DyTlPks5+vPY", "spine": "2.1.27", "width": 0, "height": 0, "images": "" },
"bones": [
	{ "name": "root" },
	{ "name": "bone", "parent": "root", "length": 218.27, "x": 23.43, "y": -90.61, "scaleX": 1.2, "scaleY": 1.2 }
],
"slots": [
	{ "name": "nl_xx_92_", "bone": "bone" },
	{ "name": "nl_xx_92_0_", "bone": "bone" },
	{ "name": "nl_xx_92_1_", "bone": "bone" },
	{ "name": "nl_xx_84_", "bone": "bone" },
	{ "name": "nl_xx_84_0_", "bone": "bone" },
	{ "name": "nl_xx_84_1_", "bone": "bone" },
	{ "name": "nl_xx_80_", "bone": "bone" },
	{ "name": "nl_xx_80_0_", "bone": "bone" },
	{ "name": "nl_xx_80_1_", "bone": "bone" },
	{ "name": "nl_xx_76_", "bone": "bone" },
	{ "name": "nl_xx_76_0_", "bone": "bone" },
	{ "name": "nl_xx_76_1_", "bone": "bone" },
	{ "name": "nl_xx_72_", "bone": "bone" },
	{ "name": "nl_xx_72_0_", "bone": "bone" },
	{ "name": "nl_xx_72_1_", "bone": "bone" },
	{ "name": "nl_xx_64_", "bone": "bone" },
	{ "name": "nl_xx_64_0_", "bone": "bone" },
	{ "name": "nl_xx_64_1_", "bone": "bone" },
	{ "name": "nl_xx_56_", "bone": "bone" },
	{ "name": "nl_xx_56_0_", "bone": "bone" },
	{ "name": "nl_xx_56_1_", "bone": "bone" },
	{ "name": "nl_xx_48_", "bone": "bone" },
	{ "name": "nl_xx_48_0_", "bone": "bone" },
	{ "name": "nl_xx_48_1_", "bone": "bone" },
	{ "name": "nl_xx_44_", "bone": "bone" },
	{ "name": "nl_xx_44_1_", "bone": "bone" },
	{ "name": "nl_xx_44_0_", "bone": "bone" },
	{ "name": "nl_xx_40_", "bone": "bone" },
	{ "name": "nl_xx_40_1_", "bone": "bone" },
	{ "name": "nl_xx_40_2_", "bone": "bone" },
	{ "name": "nl_xx_32_", "bone": "bone" },
	{ "name": "nl_xx_32_0_", "bone": "bone" },
	{ "name": "nl_xx_32_1_", "bone": "bone" },
	{ "name": "nl_xx_24_", "bone": "bone" },
	{ "name": "nl_xx_24_1_", "bone": "bone" },
	{ "name": "nl_xx_24_0_", "bone": "bone" },
	{ "name": "nl_xx_16_", "bone": "bone" },
	{ "name": "nl_xx_16_0_", "bone": "bone" },
	{ "name": "nl_xx_16_1_", "bone": "bone" },
	{ "name": "nl_xx_10_", "bone": "bone" },
	{ "name": "nl_xx_10_0_", "bone": "bone" },
	{ "name": "nl_xx_10_1_", "bone": "bone" },
	{ "name": "nl_daiji_56_", "bone": "bone" },
	{ "name": "nl_daiji_56_0_", "bone": "bone" },
	{ "name": "nl_daiji_56_1_", "bone": "bone" },
	{ "name": "nl_daiji_52_", "bone": "bone" },
	{ "name": "nl_daiji_52_0_", "bone": "bone" },
	{ "name": "nl_daiji_52_1_", "bone": "bone" },
	{ "name": "nl_daiji_48_", "bone": "bone" },
	{ "name": "nl_daiji_48_1_", "bone": "bone" },
	{ "name": "nl_daiji_48_0_", "bone": "bone" },
	{ "name": "nl_daiji_40_", "bone": "bone" },
	{ "name": "nl_daiji_40_0_", "bone": "bone" },
	{ "name": "nl_daiji_36_", "bone": "bone" },
	{ "name": "nl_daiji_36_1_", "bone": "bone" },
	{ "name": "nl_daiji_36_2_", "bone": "bone" },
	{ "name": "nl_daiji_32_", "bone": "bone" },
	{ "name": "nl_daiji_32_1_", "bone": "bone" },
	{ "name": "nl_daiji_32_2_", "bone": "bone" },
	{ "name": "nl_daiji_28_", "bone": "bone" },
	{ "name": "nl_daiji_28_0_", "bone": "bone" },
	{ "name": "nl_daiji_28_1_", "bone": "bone" },
	{ "name": "nl_daiji_24_", "bone": "bone" },
	{ "name": "nl_daiji_24_0_", "bone": "bone" },
	{ "name": "nl_daiji_24_1_", "bone": "bone" },
	{ "name": "nl_daiji_20_", "bone": "bone" },
	{ "name": "nl_daiji_20_1_", "bone": "bone" },
	{ "name": "nl_daiji_20_0_", "bone": "bone" },
	{ "name": "nl_daiji_16_", "bone": "bone" },
	{ "name": "nl_daiji_16_0_", "bone": "bone" },
	{ "name": "nl_daiji_16_1_", "bone": "bone" },
	{ "name": "nl_daiji_12_", "bone": "bone" },
	{ "name": "nl_daiji_12_0_", "bone": "bone" },
	{ "name": "nl_daiji_12_1_", "bone": "bone" },
	{ "name": "nl_daiji_08_", "bone": "bone" },
	{ "name": "nl_daiji_08_0_", "bone": "bone" },
	{ "name": "nl_daiji_04_", "bone": "bone" },
	{ "name": "nl_daiji_04_0_", "bone": "bone" },
	{ "name": "nl_daiji_00_", "bone": "bone" },
	{ "name": "nl_daiji_00_0_", "bone": "bone" },
	{ "name": "123", "bone": "root" }
],
"skins": {
	"default": {
		"nl_daiji_00_": {
			"nl_daiji_00_": { "x": 3.08, "y": 135.33, "width": 335, "height": 204 }
		},
		"nl_daiji_00_0_": {
			"nl_daiji_00_0_": { "x": -39.91, "y": 306.33, "width": 231, "height": 144 }
		},
		"nl_daiji_04_": {
			"nl_daiji_04_": { "x": 124.08, "y": 136.83, "width": 91, "height": 201 }
		},
		"nl_daiji_04_0_": {
			"nl_daiji_04_0_": { "x": -45.91, "y": 205.83, "width": 249, "height": 345 }
		},
		"nl_daiji_08_": {
			"nl_daiji_08_": { "x": 124.58, "y": 137.33, "width": 90, "height": 202 }
		},
		"nl_daiji_08_0_": {
			"nl_daiji_08_0_": { "x": -46.91, "y": 205.83, "width": 253, "height": 345 }
		},
		"nl_daiji_12_": {
			"nl_daiji_12_": { "x": 74.08, "y": 136.33, "width": 191, "height": 206 }
		},
		"nl_daiji_12_0_": {
			"nl_daiji_12_0_": { "x": -97.41, "y": 159.83, "width": 152, "height": 119 }
		},
		"nl_daiji_12_1_": {
			"nl_daiji_12_1_": { "x": -34.91, "y": 298.33, "width": 219, "height": 158 }
		},
		"nl_daiji_16_": {
			"nl_daiji_16_": { "x": -45.41, "y": 241.83, "width": 250, "height": 271 }
		},
		"nl_daiji_16_0_": {
			"nl_daiji_16_0_": { "x": -0.91, "y": 69.83, "width": 161, "height": 73 }
		},
		"nl_daiji_16_1_": {
			"nl_daiji_16_1_": { "x": 124.58, "y": 137.83, "width": 90, "height": 203 }
		},
		"nl_daiji_20_": {
			"nl_daiji_20_": { "x": 73.08, "y": 136.33, "width": 193, "height": 206 }
		},
		"nl_daiji_20_0_": {
			"nl_daiji_20_0_": { "x": -35.41, "y": 299.83, "width": 222, "height": 153 }
		},
		"nl_daiji_20_1_": {
			"nl_daiji_20_1_": { "x": -93.91, "y": 162.83, "width": 141, "height": 121 }
		},
		"nl_daiji_24_": {
			"nl_daiji_24_": { "x": 72.58, "y": 136.33, "width": 192, "height": 206 }
		},
		"nl_daiji_24_0_": {
			"nl_daiji_24_0_": { "x": -90.41, "y": 160.83, "width": 134, "height": 117 }
		},
		"nl_daiji_24_1_": {
			"nl_daiji_24_1_": { "x": -41.91, "y": 297.83, "width": 231, "height": 157 }
		},
		"nl_daiji_28_": {
			"nl_daiji_28_": { "x": 72.08, "y": 136.83, "width": 193, "height": 207 }
		},
		"nl_daiji_28_0_": {
			"nl_daiji_28_0_": { "x": -85.91, "y": 163.83, "width": 123, "height": 123 }
		},
		"nl_daiji_28_1_": {
			"nl_daiji_28_1_": { "x": -44.41, "y": 300.83, "width": 236, "height": 151 }
		},
		"nl_daiji_32_": {
			"nl_daiji_32_": { "x": 75.08, "y": 136.83, "width": 187, "height": 207 }
		},
		"nl_daiji_32_1_": {
			"nl_daiji_32_1_": { "x": -77.41, "y": 157.83, "width": 118, "height": 133 }
		},
		"nl_daiji_32_2_": {
			"nl_daiji_32_2_": { "x": -46.91, "y": 300.33, "width": 241, "height": 152 }
		},
		"nl_daiji_36_": {
			"nl_daiji_36_": { "x": 76.08, "y": 136.83, "width": 187, "height": 207 }
		},
		"nl_daiji_36_1_": {
			"nl_daiji_36_1_": { "x": -75.41, "y": 157.83, "width": 116, "height": 137 }
		},
		"nl_daiji_36_2_": {
			"nl_daiji_36_2_": { "x": -48.41, "y": 301.33, "width": 244, "height": 150 }
		},
		"nl_daiji_40_": {
			"nl_daiji_40_": { "x": 125.08, "y": 138.83, "width": 89, "height": 203 }
		},
		"nl_daiji_40_0_": {
			"nl_daiji_40_0_": { "x": -44.91, "y": 205.33, "width": 251, "height": 344 }
		},
		"nl_daiji_48_": {
			"nl_daiji_48_": { "x": 82.08, "y": 136.33, "width": 175, "height": 206 }
		},
		"nl_daiji_48_0_": {
			"nl_daiji_48_0_": { "x": -43.91, "y": 299.83, "width": 235, "height": 155 }
		},
		"nl_daiji_48_1_": {
			"nl_daiji_48_1_": { "x": -77.91, "y": 149.83, "width": 145, "height": 145 }
		},
		"nl_daiji_52_": {
			"nl_daiji_52_": { "x": 81.58, "y": 136.33, "width": 178, "height": 206 }
		},
		"nl_daiji_52_0_": {
			"nl_daiji_52_0_": { "x": -82.91, "y": 152.33, "width": 151, "height": 148 }
		},
		"nl_daiji_52_1_": {
			"nl_daiji_52_1_": { "x": -43.91, "y": 302.33, "width": 237, "height": 152 }
		},
		"nl_daiji_56_": {
			"nl_daiji_56_": { "x": 80.58, "y": 135.83, "width": 180, "height": 205 }
		},
		"nl_daiji_56_0_": {
			"nl_daiji_56_0_": { "x": -83.91, "y": 151.83, "width": 149, "height": 147 }
		},
		"nl_daiji_56_1_": {
			"nl_daiji_56_1_": { "x": -42.91, "y": 301.83, "width": 237, "height": 153 }
		},
		"nl_xx_10_": {
			"nl_xx_10_": { "x": 73.08, "y": 135.33, "width": 193, "height": 204 }
		},
		"nl_xx_10_0_": {
			"nl_xx_10_0_": { "x": -97.91, "y": 163.83, "width": 149, "height": 125 }
		},
		"nl_xx_10_1_": {
			"nl_xx_10_1_": { "x": -33.41, "y": 304.33, "width": 218, "height": 156 }
		},
		"nl_xx_16_": {
			"nl_xx_16_": { "x": 77.58, "y": 135.33, "width": 182, "height": 204 }
		},
		"nl_xx_16_0_": {
			"nl_xx_16_0_": { "x": -93.41, "y": 152.33, "width": 160, "height": 142 }
		},
		"nl_xx_16_1_": {
			"nl_xx_16_1_": { "x": -42.91, "y": 317.33, "width": 237, "height": 188 }
		},
		"nl_xx_24_": {
			"nl_xx_24_": { "x": 76.58, "y": 136.33, "width": 186, "height": 206 }
		},
		"nl_xx_24_0_": {
			"nl_xx_24_0_": { "x": -44.91, "y": 318.83, "width": 241, "height": 191 }
		},
		"nl_xx_24_1_": {
			"nl_xx_24_1_": { "x": -93.91, "y": 154.83, "width": 155, "height": 137 }
		},
		"nl_xx_32_": {
			"nl_xx_32_": { "x": 77.58, "y": 136.83, "width": 186, "height": 207 }
		},
		"nl_xx_32_0_": {
			"nl_xx_32_0_": { "x": -90.41, "y": 155.33, "width": 150, "height": 140 }
		},
		"nl_xx_32_1_": {
			"nl_xx_32_1_": { "x": -37.91, "y": 307.33, "width": 225, "height": 164 }
		},
		"nl_xx_40_": {
			"nl_xx_40_": { "x": 77.58, "y": 138.33, "width": 190, "height": 210 }
		},
		"nl_xx_40_1_": {
			"nl_xx_40_1_": { "x": -87.41, "y": 162.33, "width": 140, "height": 148 }
		},
		"nl_xx_40_2_": {
			"nl_xx_40_2_": { "x": -37.91, "y": 317.83, "width": 237, "height": 163 }
		},
		"nl_xx_44_": {
			"nl_xx_44_": { "x": 77.08, "y": 141.83, "width": 193, "height": 217 }
		},
		"nl_xx_44_0_": {
			"nl_xx_44_0_": { "x": -40.41, "y": 319.33, "width": 242, "height": 138 }
		},
		"nl_xx_44_1_": {
			"nl_xx_44_1_": { "x": -85.41, "y": 174.33, "width": 132, "height": 152 }
		},
		"nl_xx_48_": {
			"nl_xx_48_": { "x": 79.58, "y": 142.83, "width": 192, "height": 219 }
		},
		"nl_xx_48_0_": {
			"nl_xx_48_0_": { "x": -80.91, "y": 169.33, "width": 129, "height": 166 }
		},
		"nl_xx_48_1_": {
			"nl_xx_48_1_": { "x": -38.41, "y": 323.83, "width": 268, "height": 143 }
		},
		"nl_xx_56_": {
			"nl_xx_56_": { "x": 82.08, "y": 145.83, "width": 191, "height": 225 }
		},
		"nl_xx_56_0_": {
			"nl_xx_56_0_": { "x": -73.41, "y": 170.33, "width": 120, "height": 176 }
		},
		"nl_xx_56_1_": {
			"nl_xx_56_1_": { "x": -43.91, "y": 329.33, "width": 265, "height": 142 }
		},
		"nl_xx_64_": {
			"nl_xx_64_": { "x": 82.58, "y": 143.33, "width": 194, "height": 220 }
		},
		"nl_xx_64_0_": {
			"nl_xx_64_0_": { "x": -73.91, "y": 167.83, "width": 119, "height": 171 }
		},
		"nl_xx_64_1_": {
			"nl_xx_64_1_": { "x": -42.41, "y": 320.83, "width": 246, "height": 135 }
		},
		"nl_xx_72_": {
			"nl_xx_72_": { "x": 82.58, "y": 142.83, "width": 198, "height": 219 }
		},
		"nl_xx_72_0_": {
			"nl_xx_72_0_": { "x": -74.91, "y": 169.33, "width": 117, "height": 166 }
		},
		"nl_xx_72_1_": {
			"nl_xx_72_1_": { "x": -38.41, "y": 328.83, "width": 250, "height": 153 }
		},
		"nl_xx_76_": {
			"nl_xx_76_": { "x": 79.58, "y": 146.33, "width": 204, "height": 226 }
		},
		"nl_xx_76_0_": {
			"nl_xx_76_0_": { "x": -77.91, "y": 180.83, "width": 111, "height": 157 }
		},
		"nl_xx_76_1_": {
			"nl_xx_76_1_": { "x": -40.91, "y": 325.33, "width": 259, "height": 132 }
		},
		"nl_xx_80_": {
			"nl_xx_80_": { "x": 81.08, "y": 141.83, "width": 201, "height": 217 }
		},
		"nl_xx_80_0_": {
			"nl_xx_80_0_": { "x": -77.91, "y": 172.83, "width": 117, "height": 153 }
		},
		"nl_xx_80_1_": {
			"nl_xx_80_1_": { "x": -45.91, "y": 324.33, "width": 253, "height": 150 }
		},
		"nl_xx_84_": {
			"nl_xx_84_": { "x": 81.08, "y": 140.33, "width": 197, "height": 214 }
		},
		"nl_xx_84_0_": {
			"nl_xx_84_0_": { "x": -79.91, "y": 163.33, "width": 125, "height": 154 }
		},
		"nl_xx_84_1_": {
			"nl_xx_84_1_": { "x": -50.41, "y": 315.83, "width": 250, "height": 151 }
		},
		"nl_xx_92_": {
			"nl_xx_92_": { "x": 81.58, "y": 137.83, "width": 188, "height": 209 }
		},
		"nl_xx_92_0_": {
			"nl_xx_92_0_": { "x": -82.91, "y": 153.33, "width": 141, "height": 146 }
		},
		"nl_xx_92_1_": {
			"nl_xx_92_1_": { "x": -48.41, "y": 302.33, "width": 248, "height": 152 }
		}
	}
},
"animations": {
	"dj": {
		"slots": {
			"nl_daiji_00_": {
				"attachment": [
					{ "time": 0, "name": null },
					{ "time": 0.1333, "name": null },
					{ "time": 2, "name": null },
					{ "time": 2.1333, "name": null },
					{ "time": 6.0666, "name": null },
					{ "time": 6.2, "name": null },
					{ "time": 8.0666, "name": null }
				]
			},
			"nl_daiji_00_0_": {
				"attachment": [
					{ "time": 0, "name": null },
					{ "time": 0.1333, "name": null },
					{ "time": 2, "name": null },
					{ "time": 2.1333, "name": null },
					{ "time": 6.0666, "name": null },
					{ "time": 6.2, "name": null },
					{ "time": 8.0666, "name": null }
				]
			},
			"nl_daiji_04_": {
				"attachment": [
					{ "time": 0.1333, "name": "nl_daiji_04_" },
					{ "time": 0.2666, "name": null },
					{ "time": 2.1333, "name": "nl_daiji_04_" },
					{ "time": 2.2666, "name": null },
					{ "time": 6.2, "name": "nl_daiji_04_" },
					{ "time": 6.3333, "name": null }
				]
			},
			"nl_daiji_04_0_": {
				"attachment": [
					{ "time": 0.1333, "name": "nl_daiji_04_0_" },
					{ "time": 0.2666, "name": null },
					{ "time": 2.1333, "name": "nl_daiji_04_0_" },
					{ "time": 2.2666, "name": null },
					{ "time": 6.2, "name": "nl_daiji_04_0_" },
					{ "time": 6.3333, "name": null }
				]
			},
			"nl_daiji_08_": {
				"attachment": [
					{ "time": 0.2666, "name": "nl_daiji_08_" },
					{ "time": 0.4, "name": null },
					{ "time": 2.2666, "name": "nl_daiji_08_" },
					{ "time": 2.4, "name": null },
					{ "time": 6.3333, "name": "nl_daiji_08_" },
					{ "time": 6.4666, "name": null }
				]
			},
			"nl_daiji_08_0_": {
				"attachment": [
					{ "time": 0.2666, "name": "nl_daiji_08_0_" },
					{ "time": 0.4, "name": null },
					{ "time": 2.2666, "name": "nl_daiji_08_0_" },
					{ "time": 2.4, "name": null },
					{ "time": 6.3333, "name": "nl_daiji_08_0_" },
					{ "time": 6.4666, "name": null }
				]
			},
			"nl_daiji_12_": {
				"attachment": [
					{ "time": 0.4, "name": "nl_daiji_12_" },
					{ "time": 0.5333, "name": null },
					{ "time": 2.4, "name": "nl_daiji_12_" },
					{ "time": 2.5333, "name": null },
					{ "time": 6.4666, "name": "nl_daiji_12_" },
					{ "time": 6.6, "name": null }
				]
			},
			"nl_daiji_12_0_": {
				"attachment": [
					{ "time": 0.4, "name": "nl_daiji_12_0_" },
					{ "time": 0.5333, "name": null },
					{ "time": 2.4, "name": "nl_daiji_12_0_" },
					{ "time": 2.5333, "name": null },
					{ "time": 6.4666, "name": "nl_daiji_12_0_" },
					{ "time": 6.6, "name": null }
				]
			},
			"nl_daiji_12_1_": {
				"attachment": [
					{ "time": 0.4, "name": "nl_daiji_12_1_" },
					{ "time": 0.5333, "name": null },
					{ "time": 2.4, "name": "nl_daiji_12_1_" },
					{ "time": 2.5333, "name": null },
					{ "time": 6.4666, "name": "nl_daiji_12_1_" },
					{ "time": 6.6, "name": null }
				]
			},
			"nl_daiji_16_": {
				"attachment": [
					{ "time": 0.5333, "name": "nl_daiji_16_" },
					{ "time": 0.6666, "name": null },
					{ "time": 2.5333, "name": "nl_daiji_16_" },
					{ "time": 2.6666, "name": null },
					{ "time": 6.6, "name": "nl_daiji_16_" },
					{ "time": 6.7333, "name": null }
				]
			},
			"nl_daiji_16_0_": {
				"attachment": [
					{ "time": 0.5333, "name": "nl_daiji_16_0_" },
					{ "time": 0.6666, "name": null },
					{ "time": 2.5333, "name": "nl_daiji_16_0_" },
					{ "time": 2.6666, "name": null },
					{ "time": 6.6, "name": "nl_daiji_16_0_" },
					{ "time": 6.7333, "name": null }
				]
			},
			"nl_daiji_16_1_": {
				"attachment": [
					{ "time": 0.5333, "name": "nl_daiji_16_1_" },
					{ "time": 0.6666, "name": null },
					{ "time": 2.5333, "name": "nl_daiji_16_1_" },
					{ "time": 2.6666, "name": null },
					{ "time": 6.6, "name": "nl_daiji_16_1_" },
					{ "time": 6.7333, "name": null }
				]
			},
			"nl_daiji_20_": {
				"attachment": [
					{ "time": 0.6666, "name": "nl_daiji_20_" },
					{ "time": 0.8666, "name": null },
					{ "time": 2.6666, "name": "nl_daiji_20_" },
					{ "time": 2.8666, "name": null },
					{ "time": 6.7333, "name": "nl_daiji_20_" },
					{ "time": 6.9333, "name": null }
				]
			},
			"nl_daiji_20_0_": {
				"attachment": [
					{ "time": 0.6666, "name": "nl_daiji_20_0_" },
					{ "time": 0.8666, "name": null },
					{ "time": 2.6666, "name": "nl_daiji_20_0_" },
					{ "time": 2.8666, "name": null },
					{ "time": 6.7333, "name": "nl_daiji_20_0_" },
					{ "time": 6.9333, "name": null }
				]
			},
			"nl_daiji_20_1_": {
				"attachment": [
					{ "time": 0.6666, "name": "nl_daiji_20_1_" },
					{ "time": 0.8666, "name": null },
					{ "time": 2.6666, "name": "nl_daiji_20_1_" },
					{ "time": 2.8666, "name": null },
					{ "time": 6.7333, "name": "nl_daiji_20_1_" },
					{ "time": 6.9333, "name": null }
				]
			},
			"nl_daiji_24_": {
				"attachment": [
					{ "time": 0.8666, "name": "nl_daiji_24_" },
					{ "time": 1, "name": null },
					{ "time": 2.8666, "name": "nl_daiji_24_" },
					{ "time": 3, "name": null },
					{ "time": 6.9333, "name": "nl_daiji_24_" },
					{ "time": 7.0666, "name": null }
				]
			},
			"nl_daiji_24_0_": {
				"attachment": [
					{ "time": 0.8666, "name": "nl_daiji_24_0_" },
					{ "time": 1, "name": null },
					{ "time": 2.8666, "name": "nl_daiji_24_0_" },
					{ "time": 3, "name": null },
					{ "time": 6.9333, "name": "nl_daiji_24_0_" },
					{ "time": 7.0666, "name": null }
				]
			},
			"nl_daiji_24_1_": {
				"attachment": [
					{ "time": 0.8666, "name": "nl_daiji_24_1_" },
					{ "time": 1, "name": null },
					{ "time": 2.8666, "name": "nl_daiji_24_1_" },
					{ "time": 3, "name": null },
					{ "time": 6.9333, "name": "nl_daiji_24_1_" },
					{ "time": 7.0666, "name": null }
				]
			},
			"nl_daiji_28_": {
				"attachment": [
					{ "time": 1, "name": "nl_daiji_28_" },
					{ "time": 1.1666, "name": null },
					{ "time": 3, "name": "nl_daiji_28_" },
					{ "time": 3.1666, "name": null },
					{ "time": 7.0666, "name": "nl_daiji_28_" },
					{ "time": 7.2333, "name": null }
				]
			},
			"nl_daiji_28_0_": {
				"attachment": [
					{ "time": 1, "name": "nl_daiji_28_0_" },
					{ "time": 1.1666, "name": null },
					{ "time": 3, "name": "nl_daiji_28_0_" },
					{ "time": 3.1666, "name": null },
					{ "time": 7.0666, "name": "nl_daiji_28_0_" },
					{ "time": 7.2333, "name": null }
				]
			},
			"nl_daiji_28_1_": {
				"attachment": [
					{ "time": 1, "name": "nl_daiji_28_1_" },
					{ "time": 1.1666, "name": null },
					{ "time": 3, "name": "nl_daiji_28_1_" },
					{ "time": 3.1666, "name": null },
					{ "time": 7.0666, "name": "nl_daiji_28_1_" },
					{ "time": 7.2333, "name": null }
				]
			},
			"nl_daiji_32_": {
				"attachment": [
					{ "time": 1.1666, "name": "nl_daiji_32_" },
					{ "time": 1.3666, "name": null },
					{ "time": 3.1666, "name": "nl_daiji_32_" },
					{ "time": 3.3666, "name": null },
					{ "time": 7.2333, "name": "nl_daiji_32_" },
					{ "time": 7.4333, "name": null }
				]
			},
			"nl_daiji_32_1_": {
				"attachment": [
					{ "time": 1.1666, "name": "nl_daiji_32_1_" },
					{ "time": 1.3666, "name": null },
					{ "time": 3.1666, "name": "nl_daiji_32_1_" },
					{ "time": 3.3666, "name": null },
					{ "time": 7.2333, "name": "nl_daiji_32_1_" },
					{ "time": 7.4333, "name": null }
				]
			},
			"nl_daiji_32_2_": {
				"attachment": [
					{ "time": 1.1666, "name": "nl_daiji_32_2_" },
					{ "time": 1.3666, "name": null },
					{ "time": 3.1666, "name": "nl_daiji_32_2_" },
					{ "time": 3.3666, "name": null },
					{ "time": 7.2333, "name": "nl_daiji_32_2_" },
					{ "time": 7.4333, "name": null }
				]
			},
			"nl_daiji_36_": {
				"attachment": [
					{ "time": 1.3666, "name": "nl_daiji_36_" },
					{ "time": 1.5333, "name": null },
					{ "time": 3.3666, "name": "nl_daiji_36_" },
					{ "time": 3.5333, "name": null },
					{ "time": 7.4333, "name": "nl_daiji_36_" },
					{ "time": 7.6, "name": null }
				]
			},
			"nl_daiji_36_1_": {
				"attachment": [
					{ "time": 1.3666, "name": "nl_daiji_36_1_" },
					{ "time": 1.5333, "name": null },
					{ "time": 3.3666, "name": "nl_daiji_36_1_" },
					{ "time": 3.5333, "name": null },
					{ "time": 7.4333, "name": "nl_daiji_36_1_" },
					{ "time": 7.6, "name": null }
				]
			},
			"nl_daiji_36_2_": {
				"attachment": [
					{ "time": 1.3666, "name": "nl_daiji_36_2_" },
					{ "time": 1.5333, "name": null },
					{ "time": 3.3666, "name": "nl_daiji_36_2_" },
					{ "time": 3.5333, "name": null },
					{ "time": 7.4333, "name": "nl_daiji_36_2_" },
					{ "time": 7.6, "name": null }
				]
			},
			"nl_daiji_40_": {
				"attachment": [
					{ "time": 1.5333, "name": "nl_daiji_40_" },
					{ "time": 1.7, "name": null },
					{ "time": 3.5333, "name": "nl_daiji_40_" },
					{ "time": 3.7, "name": null },
					{ "time": 7.6, "name": "nl_daiji_40_" },
					{ "time": 7.7666, "name": null }
				]
			},
			"nl_daiji_40_0_": {
				"attachment": [
					{ "time": 1.5333, "name": "nl_daiji_40_0_" },
					{ "time": 1.7, "name": null },
					{ "time": 3.5333, "name": "nl_daiji_40_0_" },
					{ "time": 3.7, "name": null },
					{ "time": 7.6, "name": "nl_daiji_40_0_" },
					{ "time": 7.7666, "name": null }
				]
			},
			"nl_daiji_48_": {
				"attachment": [
					{ "time": 1.7, "name": "nl_daiji_48_" },
					{ "time": 1.8666, "name": null },
					{ "time": 3.7, "name": "nl_daiji_48_" },
					{ "time": 3.8666, "name": null },
					{ "time": 7.7666, "name": "nl_daiji_48_" },
					{ "time": 7.9333, "name": null }
				]
			},
			"nl_daiji_48_0_": {
				"attachment": [
					{ "time": 1.7, "name": "nl_daiji_48_0_" },
					{ "time": 1.8666, "name": null },
					{ "time": 3.7, "name": "nl_daiji_48_0_" },
					{ "time": 3.8666, "name": null },
					{ "time": 7.7666, "name": "nl_daiji_48_0_" },
					{ "time": 7.9333, "name": null }
				]
			},
			"nl_daiji_48_1_": {
				"attachment": [
					{ "time": 1.7, "name": "nl_daiji_48_1_" },
					{ "time": 1.8666, "name": null },
					{ "time": 3.7, "name": "nl_daiji_48_1_" },
					{ "time": 3.8666, "name": null },
					{ "time": 7.7666, "name": "nl_daiji_48_1_" },
					{ "time": 7.9333, "name": null }
				]
			},
			"nl_daiji_52_": {
				"attachment": [
					{ "time": 1.8666, "name": "nl_daiji_52_" },
					{ "time": 2, "name": null },
					{ "time": 3.8666, "name": "nl_daiji_52_" },
					{ "time": 4, "name": null },
					{ "time": 7.9333, "name": "nl_daiji_52_" },
					{ "time": 8.0666, "name": null }
				]
			},
			"nl_daiji_52_0_": {
				"attachment": [
					{ "time": 1.8666, "name": "nl_daiji_52_0_" },
					{ "time": 2, "name": null },
					{ "time": 3.8666, "name": "nl_daiji_52_0_" },
					{ "time": 4, "name": null },
					{ "time": 7.9333, "name": "nl_daiji_52_0_" },
					{ "time": 8.0666, "name": null }
				]
			},
			"nl_daiji_52_1_": {
				"attachment": [
					{ "time": 1.8666, "name": "nl_daiji_52_1_" },
					{ "time": 2, "name": null },
					{ "time": 3.8666, "name": "nl_daiji_52_1_" },
					{ "time": 4, "name": null },
					{ "time": 7.9333, "name": "nl_daiji_52_1_" },
					{ "time": 8.0666, "name": null }
				]
			},
			"nl_daiji_56_": {
				"attachment": [
					{ "time": 0, "name": "nl_daiji_56_" },
					{ "time": 0.1333, "name": null },
					{ "time": 2, "name": "nl_daiji_56_" },
					{ "time": 2.1333, "name": null },
					{ "time": 4, "name": "nl_daiji_56_" },
					{ "time": 4.1, "name": null },
					{ "time": 6.0666, "name": "nl_daiji_56_" },
					{ "time": 6.2, "name": null },
					{ "time": 8.0666, "name": "nl_daiji_56_" }
				]
			},
			"nl_daiji_56_0_": {
				"attachment": [
					{ "time": 0, "name": "nl_daiji_56_0_" },
					{ "time": 0.1333, "name": null },
					{ "time": 2, "name": "nl_daiji_56_0_" },
					{ "time": 2.1333, "name": null },
					{ "time": 4, "name": "nl_daiji_56_0_" },
					{ "time": 4.1, "name": null },
					{ "time": 6.0666, "name": "nl_daiji_56_0_" },
					{ "time": 6.2, "name": null },
					{ "time": 8.0666, "name": "nl_daiji_56_0_" }
				]
			},
			"nl_daiji_56_1_": {
				"attachment": [
					{ "time": 0, "name": "nl_daiji_56_1_" },
					{ "time": 0.1333, "name": null },
					{ "time": 2, "name": "nl_daiji_56_1_" },
					{ "time": 2.1333, "name": null },
					{ "time": 4, "name": "nl_daiji_56_1_" },
					{ "time": 4.1, "name": null },
					{ "time": 6.0666, "name": "nl_daiji_56_1_" },
					{ "time": 6.2, "name": null },
					{ "time": 8.0666, "name": "nl_daiji_56_1_" }
				]
			},
			"nl_xx_10_": {
				"attachment": [
					{ "time": 4.1, "name": "nl_xx_10_" },
					{ "time": 4.2333, "name": null }
				]
			},
			"nl_xx_10_0_": {
				"attachment": [
					{ "time": 4.1, "name": "nl_xx_10_0_" },
					{ "time": 4.2333, "name": null }
				]
			},
			"nl_xx_10_1_": {
				"attachment": [
					{ "time": 4.1, "name": "nl_xx_10_1_" },
					{ "time": 4.2333, "name": null }
				]
			},
			"nl_xx_16_": {
				"attachment": [
					{ "time": 4.2333, "name": "nl_xx_16_" },
					{ "time": 4.3666, "name": null }
				]
			},
			"nl_xx_16_0_": {
				"attachment": [
					{ "time": 4.2333, "name": "nl_xx_16_0_" },
					{ "time": 4.3666, "name": null }
				]
			},
			"nl_xx_16_1_": {
				"attachment": [
					{ "time": 4.2333, "name": "nl_xx_16_1_" },
					{ "time": 4.3666, "name": null }
				]
			},
			"nl_xx_24_": {
				"attachment": [
					{ "time": 4.3666, "name": "nl_xx_24_" },
					{ "time": 4.5, "name": null }
				]
			},
			"nl_xx_24_0_": {
				"attachment": [
					{ "time": 4.3666, "name": "nl_xx_24_0_" },
					{ "time": 4.5, "name": null }
				]
			},
			"nl_xx_24_1_": {
				"attachment": [
					{ "time": 4.3666, "name": "nl_xx_24_1_" },
					{ "time": 4.5, "name": null }
				]
			},
			"nl_xx_32_": {
				"attachment": [
					{ "time": 4.5, "name": "nl_xx_32_" },
					{ "time": 4.7, "name": null }
				]
			},
			"nl_xx_32_0_": {
				"attachment": [
					{ "time": 4.5, "name": "nl_xx_32_0_" },
					{ "time": 4.7, "name": null }
				]
			},
			"nl_xx_32_1_": {
				"attachment": [
					{ "time": 4.5, "name": "nl_xx_32_1_" },
					{ "time": 4.7, "name": null }
				]
			},
			"nl_xx_40_": {
				"attachment": [
					{ "time": 4.7, "name": "nl_xx_40_" },
					{ "time": 4.8666, "name": null }
				]
			},
			"nl_xx_40_1_": {
				"attachment": [
					{ "time": 4.7, "name": "nl_xx_40_1_" },
					{ "time": 4.8666, "name": null }
				]
			},
			"nl_xx_40_2_": {
				"attachment": [
					{ "time": 4.7, "name": "nl_xx_40_2_" },
					{ "time": 4.8666, "name": null }
				]
			},
			"nl_xx_44_": {
				"attachment": [
					{ "time": 4.8666, "name": "nl_xx_44_" },
					{ "time": 5, "name": null }
				]
			},
			"nl_xx_44_0_": {
				"attachment": [
					{ "time": 4.8666, "name": "nl_xx_44_0_" },
					{ "time": 5, "name": null }
				]
			},
			"nl_xx_44_1_": {
				"attachment": [
					{ "time": 4.8666, "name": "nl_xx_44_1_" },
					{ "time": 5, "name": null }
				]
			},
			"nl_xx_48_": {
				"attachment": [
					{ "time": 5, "name": null }
				]
			},
			"nl_xx_48_0_": {
				"attachment": [
					{ "time": 5, "name": null }
				]
			},
			"nl_xx_48_1_": {
				"attachment": [
					{ "time": 5, "name": null }
				]
			},
			"nl_xx_56_": {
				"attachment": [
					{ "time": 5, "name": "nl_xx_56_" },
					{ "time": 5.1333, "name": null }
				]
			},
			"nl_xx_56_0_": {
				"attachment": [
					{ "time": 5, "name": "nl_xx_56_0_" },
					{ "time": 5.1333, "name": null }
				]
			},
			"nl_xx_56_1_": {
				"attachment": [
					{ "time": 5, "name": "nl_xx_56_1_" },
					{ "time": 5.1333, "name": null }
				]
			},
			"nl_xx_64_": {
				"attachment": [
					{ "time": 5.1333, "name": "nl_xx_64_" },
					{ "time": 5.3, "name": null }
				]
			},
			"nl_xx_64_0_": {
				"attachment": [
					{ "time": 5.1333, "name": "nl_xx_64_0_" },
					{ "time": 5.3, "name": null }
				]
			},
			"nl_xx_64_1_": {
				"attachment": [
					{ "time": 5.1333, "name": "nl_xx_64_1_" },
					{ "time": 5.3, "name": null }
				]
			},
			"nl_xx_72_": {
				"attachment": [
					{ "time": 5.3, "name": "nl_xx_72_" },
					{ "time": 5.4666, "name": null }
				]
			},
			"nl_xx_72_0_": {
				"attachment": [
					{ "time": 5.3, "name": "nl_xx_72_0_" },
					{ "time": 5.4666, "name": null }
				]
			},
			"nl_xx_72_1_": {
				"attachment": [
					{ "time": 5.3, "name": "nl_xx_72_1_" },
					{ "time": 5.4666, "name": null }
				]
			},
			"nl_xx_76_": {
				"attachment": [
					{ "time": 5.4666, "name": "nl_xx_76_" },
					{ "time": 5.6333, "name": null }
				]
			},
			"nl_xx_76_0_": {
				"attachment": [
					{ "time": 5.4666, "name": "nl_xx_76_0_" },
					{ "time": 5.6333, "name": null }
				]
			},
			"nl_xx_76_1_": {
				"attachment": [
					{ "time": 5.4666, "name": "nl_xx_76_1_" },
					{ "time": 5.6333, "name": null }
				]
			},
			"nl_xx_80_": {
				"attachment": [
					{ "time": 5.6333, "name": "nl_xx_80_" },
					{ "time": 5.7666, "name": null }
				]
			},
			"nl_xx_80_0_": {
				"attachment": [
					{ "time": 5.6333, "name": "nl_xx_80_0_" },
					{ "time": 5.7666, "name": null }
				]
			},
			"nl_xx_80_1_": {
				"attachment": [
					{ "time": 5.6333, "name": "nl_xx_80_1_" },
					{ "time": 5.7666, "name": null }
				]
			},
			"nl_xx_84_": {
				"attachment": [
					{ "time": 5.7666, "name": "nl_xx_84_" },
					{ "time": 5.9333, "name": null }
				]
			},
			"nl_xx_84_0_": {
				"attachment": [
					{ "time": 5.7666, "name": "nl_xx_84_0_" },
					{ "time": 5.9333, "name": null }
				]
			},
			"nl_xx_84_1_": {
				"attachment": [
					{ "time": 5.7666, "name": "nl_xx_84_1_" },
					{ "time": 5.9333, "name": null }
				]
			},
			"nl_xx_92_": {
				"attachment": [
					{ "time": 5.9333, "name": "nl_xx_92_" },
					{ "time": 6.0666, "name": null }
				]
			},
			"nl_xx_92_0_": {
				"attachment": [
					{ "time": 5.9333, "name": "nl_xx_92_0_" },
					{ "time": 6.0666, "name": null }
				]
			},
			"nl_xx_92_1_": {
				"attachment": [
					{ "time": 5.9333, "name": "nl_xx_92_1_" },
					{ "time": 6.0666, "name": null }
				]
			}
		},
		"bones": {
			"bone": {
				"rotate": [
					{ "time": 4, "angle": 0 }
				],
				"translate": [
					{ "time": 4, "x": 0, "y": 0 }
				],
				"scale": [
					{ "time": 0, "x": 0.666, "y": 0.666 }
				]
			}
		}
	}
}
}