{
"skeleton": { "hash": "9xPw8996tW/SPBD+hdeFFcjpueU", "spine": "3.7.94", "width": 88, "height": 132, "images": "", "audio": "E:/2018.08.08/节日活动界面动画/蹦迪活动/小公主/images" },
"bones": [
	{ "name": "root" },
	{ "name": "Qunzi_", "parent": "root", "x": -0.55, "y": 65.53 },
	{ "name": "Body_", "parent": "Qunzi_", "length": 33.44, "rotation": 89.7, "x": 0.53, "y": 4.22 },
	{ "name": "L_dabi_", "parent": "Body_", "length": 28.28, "rotation": -140.76, "x": 32.42, "y": -7.22 },
	{ "name": "L_xiaobi_", "parent": "L_dabi_", "length": 20.07, "rotation": 2.86, "x": 26.8, "y": -0.16 },
	{ "name": "L_shou_", "parent": "L_xiaobi_", "length": 9.48, "rotation": -10.47, "x": 19.44, "y": 0.09 },
	{ "name": "R_dabi_", "parent": "Body_", "length": 19.93, "rotation": 137.45, "x": 28.63, "y": 10.18 },
	{ "name": "R_xiaobi_", "parent": "R_dabi_", "length": 21.09, "rotation": 2.25, "x": 20.4, "y": -0.76 },
	{ "name": "R_shou_", "parent": "R_xiaobi_", "length": 11.65, "rotation": 15.58, "x": 21.08, "y": -0.25 },
	{ "name": "R_tui_", "parent": "Qunzi_", "length": 66.57, "rotation": -87.88, "x": -6.51, "y": 1.23 },
	{ "name": "L_tui_", "parent": "Qunzi_", "length": 65.65, "rotation": -90.77, "x": 6.51, "y": 1.76 },
	{ "name": "Piaodai01_", "parent": "Qunzi_", "length": 14.79, "rotation": -89.32, "x": -0.18, "y": 1.94 },
	{ "name": "Piaodai01_2", "parent": "Piaodai01_", "length": 13.2, "rotation": 0.85, "x": 14.79 },
	{ "name": "Piaodai01_3", "parent": "Piaodai01_2", "length": 13.03, "rotation": -3.08, "x": 13.2, "y": -0.18 },
	{ "name": "Piaodai02_", "parent": "Qunzi_", "length": 20.86, "rotation": -84.67, "x": 4.05, "y": 11.44 },
	{ "name": "Piaodai02_2", "parent": "Piaodai02_", "length": 19.19, "rotation": -3.75, "x": 20.86 },
	{ "name": "Piaodai02_3", "parent": "Piaodai02_2", "length": 17.55, "rotation": 5.33, "x": 19.19 },
	{ "name": "Piaodai02_4", "parent": "Piaodai02_3", "length": 18.32, "rotation": 1.37, "x": 17.55 },
	{ "name": "Head_", "parent": "Body_", "length": 28.87, "rotation": 1.35, "x": 33.26 }
],
"slots": [
	{ "name": "Mao_", "bone": "Body_", "attachment": "Mao_" },
	{ "name": "Piaodai02_", "bone": "Piaodai02_", "attachment": "Piaodai02_" },
	{ "name": "L_tui_", "bone": "L_tui_", "attachment": "L_tui_" },
	{ "name": "R_tui_", "bone": "R_tui_", "attachment": "R_tui_" },
	{ "name": "Qunzi_", "bone": "Qunzi_", "attachment": "Qunzi_" },
	{ "name": "Piaodai01_", "bone": "Piaodai01_", "attachment": "Piaodai01_" },
	{ "name": "Body_", "bone": "Body_", "attachment": "Body_" },
	{ "name": "L_dabi_", "bone": "L_dabi_", "attachment": "L_dabi_" },
	{ "name": "L_xiaobi_", "bone": "L_xiaobi_", "attachment": "L_xiaobi_" },
	{ "name": "L_shou_", "bone": "L_shou_", "attachment": "L_shou_" },
	{ "name": "R_dabi_", "bone": "R_dabi_", "attachment": "R_dabi_" },
	{ "name": "R_xiaobi_", "bone": "R_xiaobi_", "attachment": "R_xiaobi_" },
	{ "name": "R_shou_", "bone": "R_shou_", "attachment": "R_shou_" },
	{ "name": "Head_", "bone": "Head_", "attachment": "Head_" }
],
"skins": {
	"default": {
		"Body_": {
			"Body_": { "x": 17.43, "y": 0.77, "rotation": -89.7, "width": 29, "height": 38 }
		},
		"Head_": {
			"Head_": { "x": 8.73, "y": 3.19, "rotation": -91.05, "width": 28, "height": 41 }
		},
		"L_dabi_": {
			"L_dabi_": { "x": 15.78, "y": 1.31, "rotation": 51.06, "width": 21, "height": 25 }
		},
		"L_shou_": {
			"L_shou_": { "x": 4.78, "y": -0.94, "rotation": 58.67, "width": 8, "height": 10 }
		},
		"L_tui_": {
			"L_tui_": { "x": 8.68, "y": -6.05, "rotation": 90.77, "width": 88, "height": 117 }
		},
		"L_xiaobi_": {
			"L_xiaobi_": { "x": 9.99, "y": 1.41, "rotation": 48.2, "width": 22, "height": 23 }
		},
		"Mao_": {
			"Mao_": { "x": 34.43, "y": 0.86, "rotation": -89.7, "width": 33, "height": 18 }
		},
		"Piaodai01_": {
			"Piaodai01_": {
				"type": "mesh",
				"uvs": [ 1, 0.12868, 1, 0.22345, 1, 0.36345, 1, 0.46899, 1, 0.5896, 1, 0.70375, 1, 0.86098, 1, 1, 0.68702, 1, 0.32862, 1, 0, 1, 0, 0.85237, 0, 0.70591, 0, 0.58529, 0, 0.47329, 0, 0.35268, 0, 0.23206, 0, 0.12222, 0, 0, 0.30174, 0, 0.70046, 0, 1, 0, 0.31044, 0.22939, 0.31087, 0.47195, 0.31949, 0.70522, 0.69103, 0.22611, 0.6958, 0.4703, 0.68236, 0.70444, 0.32412, 0.85488, 0.68473, 0.85474, 0.31514, 0.58749, 0.68933, 0.58299, 0.31066, 0.35269, 0.69354, 0.35476, 0.30644, 0.12402, 0.69526, 0.12467 ],
				"triangles": [ 11, 12, 24, 28, 24, 27, 29, 27, 5, 28, 27, 29, 11, 24, 28, 10, 11, 28, 9, 28, 29, 10, 28, 9, 8, 29, 6, 9, 29, 8, 8, 6, 7, 29, 5, 6, 26, 3, 4, 31, 23, 26, 30, 23, 31, 31, 26, 4, 31, 4, 5, 27, 30, 31, 27, 31, 5, 24, 30, 27, 13, 23, 30, 13, 14, 23, 12, 13, 30, 12, 30, 24, 33, 25, 1, 32, 15, 16, 32, 22, 25, 32, 16, 22, 32, 25, 33, 26, 33, 2, 23, 32, 33, 23, 33, 26, 23, 14, 15, 23, 15, 32, 33, 1, 2, 3, 26, 2, 17, 18, 19, 17, 19, 34, 20, 35, 19, 20, 21, 0, 35, 20, 0, 35, 0, 1, 25, 34, 35, 35, 34, 19, 16, 17, 34, 22, 34, 25, 16, 34, 22, 25, 35, 1 ],
				"vertices": [ 1, 1, 13.35, 3.97, 1, 2, 1, 13.35, -0.96, 0.496, 11, 3.06, 13.49, 0.504, 1, 11, 10.34, 13.4, 1, 2, 11, 15.83, 13.34, 0.496, 12, 1.24, 13.32, 0.504, 2, 12, 7.51, 13.15, 0.88, 13, -6.4, 13.01, 0.12, 2, 12, 13.44, 13, 0.504, 13, -0.47, 13.17, 0.496, 2, 12, 21.61, 12.78, 0.12, 13, 7.71, 13.39, 0.88, 1, 13, 14.93, 13.58, 1, 1, 13, 15.14, 5.76, 1, 1, 13, 15.39, -3.2, 1, 1, 13, 15.61, -11.41, 1, 2, 12, 20.5, -12.2, 0.12, 13, 7.93, -11.62, 0.88, 2, 12, 12.89, -12, 0.504, 13, 0.32, -11.82, 0.496, 2, 12, 6.62, -11.83, 0.88, 13, -5.95, -11.99, 0.12, 2, 11, 15.75, -11.66, 0.496, 12, 0.8, -11.68, 0.504, 1, 11, 9.48, -11.59, 1, 2, 1, -11.65, -1.41, 0.496, 11, 3.21, -11.51, 0.504, 1, 1, -11.65, 4.3, 1, 1, 1, -11.65, 10.66, 1, 1, 1, -4.11, 10.66, 1, 1, 1, 5.86, 10.66, 1, 1, 1, 13.35, 10.66, 1, 2, 1, -3.89, -1.27, 0.496, 11, 3.16, -3.75, 0.504, 2, 11, 15.78, -3.89, 0.496, 12, 0.93, -3.9, 0.504, 2, 12, 13.06, -4.01, 0.504, 13, 0.07, -3.84, 0.496, 2, 1, 5.63, -1.1, 0.496, 11, 3.11, 5.77, 0.504, 2, 11, 15.8, 5.73, 0.496, 12, 1.1, 5.72, 0.504, 2, 12, 13.27, 5.06, 0.504, 13, -0.22, 5.23, 0.496, 2, 12, 20.85, -4.1, 0.12, 13, 7.85, -3.51, 0.88, 2, 12, 21.08, 4.91, 0.12, 13, 7.6, 5.5, 0.88, 2, 12, 6.94, -3.96, 0.88, 13, -6.05, -4.11, 0.12, 2, 12, 6.96, 5.4, 0.88, 13, -6.53, 5.23, 0.12, 1, 11, 9.57, -3.82, 1, 1, 11, 9.8, 5.75, 1, 1, 1, -3.99, 4.21, 1, 1, 1, 5.73, 4.17, 1 ],
				"hull": 22,
				"edges": [ 36, 38, 44, 32, 46, 28, 48, 24, 18, 20, 38, 40, 40, 42, 2, 50, 50, 44, 6, 52, 52, 46, 10, 54, 54, 48, 14, 16, 16, 18, 20, 22, 22, 24, 18, 56, 56, 48, 22, 56, 16, 58, 58, 54, 56, 58, 10, 12, 12, 14, 58, 12, 24, 26, 26, 28, 46, 60, 60, 48, 26, 60, 52, 62, 62, 54, 60, 62, 6, 8, 8, 10, 62, 8, 28, 30, 30, 32, 44, 64, 64, 46, 30, 64, 50, 66, 66, 52, 64, 66, 2, 4, 4, 6, 66, 4, 32, 34, 34, 36, 38, 68, 68, 44, 34, 68, 40, 70, 70, 50, 68, 70, 2, 0, 0, 42, 70, 0 ],
				"width": 25,
				"height": 52
			}
		},
		"Piaodai02_": {
			"Piaodai02_": {
				"type": "mesh",
				"uvs": [ 1, 0.16116, 1, 0.29971, 1, 0.51772, 1, 0.75, 1, 1, 0.82411, 1, 0.58369, 1, 0.28621, 1, 0, 1, 0, 0.79278, 0, 0.56662, 0, 0.34861, 0, 0.19376, 0, 0, 0.22509, 0, 0.50626, 0, 0.77113, 0, 1, 0, 0.23989, 0.33688, 0.25643, 0.55408, 0.27141, 0.78117, 0.54411, 0.322, 0.54814, 0.53982, 0.55459, 0.76905, 0.78668, 0.31014, 0.78423, 0.52827, 0.79441, 0.75879, 0.233, 0.18004, 0.52599, 0.16789, 0.77913, 0.15938 ],
				"triangles": [ 8, 9, 20, 6, 23, 26, 5, 26, 3, 8, 20, 7, 7, 23, 6, 6, 26, 5, 5, 3, 4, 7, 20, 23, 25, 2, 3, 22, 25, 26, 20, 19, 22, 20, 10, 19, 26, 25, 3, 20, 9, 10, 23, 22, 26, 23, 20, 22, 19, 18, 22, 19, 10, 11, 25, 24, 2, 22, 21, 25, 25, 21, 24, 18, 21, 22, 24, 1, 2, 19, 11, 18, 29, 16, 17, 29, 17, 0, 28, 15, 16, 28, 16, 29, 27, 14, 15, 27, 15, 28, 27, 12, 13, 27, 13, 14, 24, 29, 0, 1, 24, 0, 21, 28, 29, 21, 29, 24, 18, 27, 28, 18, 28, 21, 12, 27, 18, 11, 12, 18 ],
				"vertices": [ 1, 14, 11.89, 23.3, 1, 2, 14, 22.93, 22.27, 0.512, 15, 0.61, 22.36, 0.488, 4, 14, 40.29, 20.65, 0.104, 15, 18.04, 21.88, 0.39739, 16, 0.89, 21.89, 0.39109, 17, -16.13, 22.28, 0.10752, 3, 15, 36.62, 21.37, 0.128, 16, 19.34, 19.65, 0.44646, 17, 2.26, 19.61, 0.42554, 1, 17, 22.05, 16.72, 1, 1, 17, 21.03, 9.76, 1, 1, 17, 19.65, 0.24, 1, 1, 17, 17.93, -11.53, 1, 1, 17, 16.28, -22.86, 1, 3, 15, 38.94, -18.71, 0.128, 16, 17.92, -20.47, 0.44646, 17, -0.12, -20.47, 0.42554, 4, 14, 40.47, -19.54, 0.104, 15, 20.85, -18.21, 0.39739, 16, -0.04, -18.29, 0.39109, 17, -18.03, -17.86, 0.10752, 2, 14, 23.11, -17.92, 0.512, 15, 3.42, -17.73, 0.488, 1, 14, 10.77, -16.77, 1, 1, 14, -4.66, -15.33, 1, 1, 14, -3.82, -6.37, 1, 1, 14, -2.78, 4.83, 1, 1, 14, -1.8, 15.38, 1, 1, 14, -0.95, 24.5, 1, 2, 14, 23.06, -8.28, 0.512, 15, 2.74, -8.12, 0.488, 4, 14, 40.43, -9.23, 0.104, 15, 20.13, -7.93, 0.39739, 16, 0.2, -7.99, 0.39109, 17, -17.54, -7.57, 0.10752, 3, 15, 38.31, -7.83, 0.128, 16, 18.3, -9.58, 0.44646, 17, 0.52, -9.59, 0.42554, 2, 14, 23.01, 3.95, 0.512, 15, 1.89, 4.08, 0.488, 4, 14, 40.37, 2.49, 0.104, 15, 19.31, 3.76, 0.39739, 16, 0.47, 3.73, 0.39109, 17, -16.99, 4.14, 0.10752, 3, 15, 37.65, 3.52, 0.128, 16, 18.71, 1.78, 0.44646, 17, 1.2, 1.76, 0.42554, 2, 14, 22.96, 13.7, 0.512, 15, 1.21, 13.81, 0.488, 4, 14, 40.33, 11.98, 0.104, 15, 18.65, 13.23, 0.39739, 16, 0.69, 13.22, 0.39109, 17, -16.54, 13.62, 0.10752, 3, 15, 37.09, 13.13, 0.128, 16, 19.04, 11.41, 0.44646, 17, 1.77, 11.37, 0.42554, 1, 14, 10.55, -7.39, 1, 1, 14, 10.67, 4.37, 1, 1, 14, 10.93, 14.52, 1 ],
				"hull": 18,
				"edges": [ 20, 22, 2, 4, 16, 18, 18, 20, 4, 6, 6, 8, 26, 28, 36, 22, 38, 20, 36, 38, 40, 18, 38, 40, 14, 16, 40, 14, 28, 30, 42, 36, 44, 38, 42, 44, 46, 40, 44, 46, 12, 14, 46, 12, 30, 32, 32, 34, 2, 48, 48, 42, 4, 50, 50, 44, 48, 50, 6, 52, 52, 46, 50, 52, 8, 10, 10, 12, 52, 10, 22, 24, 24, 26, 28, 54, 54, 36, 24, 54, 30, 56, 56, 42, 54, 56, 32, 58, 58, 48, 56, 58, 2, 0, 0, 34, 58, 0 ],
				"width": 40,
				"height": 80
			}
		},
		"Qunzi_": {
			"Qunzi_": { "x": -0.15, "y": -0.84, "width": 29, "height": 17 }
		},
		"R_dabi_": {
			"R_dabi_": { "x": 10.52, "y": -0.67, "rotation": 132.85, "width": 21, "height": 24 }
		},
		"R_shou_": {
			"R_shou_": { "x": 4.83, "y": 0.26, "rotation": 115.02, "width": 8, "height": 11 }
		},
		"R_tui_": {
			"R_tui_": { "x": 32.58, "y": -0.34, "rotation": 87.88, "width": 14, "height": 68 }
		},
		"R_xiaobi_": {
			"R_xiaobi_": { "x": 10.31, "y": -0.01, "rotation": 130.6, "width": 20, "height": 20 }
		}
	}
},
"animations": {
	"animation": {
		"bones": {
			"Qunzi_": {
				"translate": [
					{
						"time": 0,
						"x": 0,
						"y": 0,
						"curve": [ 0.068, 0.12, 0.75, 1 ]
					},
					{
						"time": 0.1667,
						"x": 0,
						"y": 6.77,
						"curve": [ 0.25, 0, 0.75, 1 ]
					},
					{
						"time": 0.5,
						"x": 0,
						"y": -6.95,
						"curve": [ 0.25, 0, 0.987, 0.86 ]
					},
					{ "time": 0.6667, "x": 0, "y": 0 }
				]
			},
			"Body_": {
				"rotate": [
					{
						"time": 0,
						"angle": -8.09,
						"curve": [ 0.25, 0, 0.75, 1 ]
					},
					{
						"time": 0.3333,
						"angle": 12.52,
						"curve": [ 0.25, 0, 0.75, 1 ]
					},
					{ "time": 0.6667, "angle": -8.09 }
				]
			},
			"L_shou_": {
				"rotate": [
					{
						"time": 0,
						"angle": -20.47,
						"curve": [ 0.25, 0, 0.75, 1 ]
					},
					{
						"time": 0.3333,
						"angle": 36.77,
						"curve": [ 0.25, 0, 0.75, 1 ]
					},
					{ "time": 0.6667, "angle": -20.47 }
				],
				"scale": [
					{ "time": 0, "x": 1, "y": -1 }
				]
			},
			"L_dabi_": {
				"rotate": [
					{
						"time": 0,
						"angle": 92.93,
						"curve": [ 0.25, 0, 0.75, 1 ]
					},
					{
						"time": 0.3333,
						"angle": 61.02,
						"curve": [ 0.25, 0, 0.75, 1 ]
					},
					{ "time": 0.6667, "angle": 92.93 }
				]
			},
			"L_xiaobi_": {
				"rotate": [
					{
						"time": 0,
						"angle": 68.72,
						"curve": [ 0.062, 0.11, 0.75, 1 ]
					},
					{
						"time": 0.1667,
						"angle": 86.51,
						"curve": [ 0.25, 0, 0.75, 1 ]
					},
					{
						"time": 0.5,
						"angle": 50.57,
						"curve": [ 0.25, 0, 0.965, 0.89 ]
					},
					{ "time": 0.6667, "angle": 68.72 }
				]
			},
			"Head_": {
				"rotate": [
					{
						"time": 0,
						"angle": 0,
						"curve": [ 0.09, 0.14, 0.75, 1 ]
					},
					{
						"time": 0.1667,
						"angle": -13.72,
						"curve": [ 0.25, 0, 0.75, 1 ]
					},
					{
						"time": 0.5,
						"angle": 13.48,
						"curve": [ 0.25, 0, 0.987, 0.84 ]
					},
					{ "time": 0.6667, "angle": 0 }
				],
				"scale": [
					{ "time": 0, "x": 1.2, "y": 1.2 }
				]
			},
			"Piaodai01_": {
				"rotate": [
					{
						"time": 0,
						"angle": -6.82,
						"curve": [ 0.25, 0, 0.75, 1 ]
					},
					{
						"time": 0.3333,
						"angle": 12.88,
						"curve": [ 0.25, 0, 0.75, 1 ]
					},
					{ "time": 0.6667, "angle": -6.82 }
				]
			},
			"Piaodai01_2": {
				"rotate": [
					{
						"time": 0,
						"angle": 0.34,
						"curve": [ 0.375, 0.5, 0.75, 1 ]
					},
					{
						"time": 0.1667,
						"angle": -18.53,
						"curve": [ 0.068, 0.09, 0.75, 1 ]
					},
					{
						"time": 0.5,
						"angle": 19.21,
						"curve": [ 0.25, 0, 0.625, 0.5 ]
					},
					{ "time": 0.6667, "angle": 0.34 }
				]
			},
			"Piaodai01_3": {
				"rotate": [
					{
						"time": 0,
						"angle": 22.2,
						"curve": [ 0.25, 0, 0.75, 1 ]
					},
					{
						"time": 0.3333,
						"angle": -23.15,
						"curve": [ 0.25, 0, 0.75, 1 ]
					},
					{ "time": 0.6667, "angle": 22.2 }
				]
			},
			"R_dabi_": {
				"rotate": [
					{
						"time": 0,
						"angle": 28.93,
						"curve": [ 0.25, 0, 0.75, 1 ]
					},
					{
						"time": 0.3333,
						"angle": 22.28,
						"curve": [ 0.25, 0, 0.75, 1 ]
					},
					{ "time": 0.6667, "angle": 28.93 }
				]
			},
			"R_xiaobi_": {
				"rotate": [
					{
						"time": 0,
						"angle": -31.89,
						"curve": [ 0.073, 0.11, 0.75, 1 ]
					},
					{
						"time": 0.1667,
						"angle": -17.34,
						"curve": [ 0.25, 0, 0.75, 1 ]
					},
					{
						"time": 0.5,
						"angle": -44.53,
						"curve": [ 0.25, 0, 0.949, 0.91 ]
					},
					{ "time": 0.6667, "angle": -31.89 }
				]
			},
			"R_shou_": {
				"rotate": [
					{
						"time": 0,
						"angle": -54.09,
						"curve": [ 0.25, 0, 0.75, 1 ]
					},
					{
						"time": 0.3333,
						"angle": -3.12,
						"curve": [ 0.25, 0, 0.75, 1 ]
					},
					{ "time": 0.6667, "angle": -54.09 }
				]
			},
			"Piaodai02_": {
				"rotate": [
					{
						"time": 0,
						"angle": -0.07,
						"curve": [ 0.25, 0, 0.75, 1 ]
					},
					{
						"time": 0.3333,
						"angle": 9.18,
						"curve": [ 0.25, 0, 0.75, 1 ]
					},
					{ "time": 0.6667, "angle": -0.07 }
				]
			},
			"Piaodai02_2": {
				"rotate": [
					{
						"time": 0,
						"angle": 4.27,
						"curve": [ 0.375, 0.5, 0.75, 1 ]
					},
					{
						"time": 0.1667,
						"angle": -6.47,
						"curve": [ 0.25, 0, 0.75, 1 ]
					},
					{
						"time": 0.5,
						"angle": 15.02,
						"curve": [ 0.25, 0, 0.625, 0.5 ]
					},
					{ "time": 0.6667, "angle": 4.27 }
				]
			},
			"Piaodai02_3": {
				"rotate": [
					{
						"time": 0,
						"angle": 22.68,
						"curve": [ 0.25, 0, 0.75, 1 ]
					},
					{
						"time": 0.3333,
						"angle": -24.61,
						"curve": [ 0.25, 0, 0.75, 1 ]
					},
					{ "time": 0.6667, "angle": 22.68 }
				]
			},
			"Piaodai02_4": {
				"rotate": [
					{
						"time": 0,
						"angle": -1.37,
						"curve": [ 0.375, 0.5, 0.75, 1 ]
					},
					{
						"time": 0.1667,
						"angle": 34.91,
						"curve": [ 0.25, 0, 0.75, 1 ]
					},
					{
						"time": 0.5,
						"angle": -37.65,
						"curve": [ 0.25, 0, 0.625, 0.5 ]
					},
					{ "time": 0.6667, "angle": -1.37 }
				]
			},
			"L_tui_": {
				"rotate": [
					{ "time": 0.3333, "angle": 0.04 }
				],
				"scale": [
					{ "time": 0, "x": 1, "y": 1, "curve": "stepped" },
					{ "time": 0.1667, "x": 1, "y": 1 },
					{ "time": 0.5, "x": 0.9, "y": 1 },
					{ "time": 0.6667, "x": 1, "y": 1 }
				]
			},
			"R_tui_": {
				"scale": [
					{ "time": 0, "x": 1, "y": 1, "curve": "stepped" },
					{ "time": 0.1667, "x": 1, "y": 1 },
					{ "time": 0.5, "x": 0.9, "y": 1 },
					{ "time": 0.6667, "x": 1, "y": 1 }
				]
			}
		}
	}
}
}