{
"skeleton": { "hash": "y1RyKWn7yOclAB6ykifbDg2vo0o", "spine": "3.5.46", "width": 0, "height": 0 },
"bones": [
	{ "name": "root" },
	{ "name": "bone", "parent": "root" }
],
"slots": [
	{ "name": "rm_yy_", "bone": "root" },
	{ "name": "rm_dj_0_2_", "bone": "root" },
	{ "name": "rm_dj_0_1_", "bone": "root" },
	{ "name": "rm_dj_0_0_", "bone": "root" },
	{ "name": "rm_dj_1_2_", "bone": "root" },
	{ "name": "rm_dj_1_1_", "bone": "root" },
	{ "name": "rm_dj_1_0_", "bone": "root" },
	{ "name": "rm_dj_2_2_", "bone": "root" },
	{ "name": "rm_dj_2_1_", "bone": "root" },
	{ "name": "rm_dj_2_0_", "bone": "root" },
	{ "name": "rm_dj_3_2_", "bone": "root" },
	{ "name": "rm_dj_3_1_", "bone": "root" },
	{ "name": "rm_dj_3_0_", "bone": "root" },
	{ "name": "rm_dj_4_2_", "bone": "root" },
	{ "name": "rm_dj_4_1_", "bone": "root" },
	{ "name": "rm_dj_4_0_", "bone": "root" },
	{ "name": "rm_dj_5_2_", "bone": "root" },
	{ "name": "rm_dj_5_1_", "bone": "root" },
	{ "name": "rm_dj_5_0_", "bone": "root" },
	{ "name": "rm_gj_0_2_", "bone": "root" },
	{ "name": "rm_gj_0_1_", "bone": "root" },
	{ "name": "rm_gj_0_0_", "bone": "root" },
	{ "name": "rm_gj_1_3_", "bone": "root" },
	{ "name": "rm_gj_1_2_", "bone": "root" },
	{ "name": "rm_gj_1_1_", "bone": "root" },
	{ "name": "rm_gj_1_0_", "bone": "root" },
	{ "name": "rm_gj_2_3_", "bone": "root" },
	{ "name": "rm_gj_2_2_", "bone": "root" },
	{ "name": "rm_gj_2_1_", "bone": "root" },
	{ "name": "rm_gj_2_0_", "bone": "root" },
	{ "name": "rm_gj_3_3_", "bone": "root" },
	{ "name": "rm_gj_3_2_", "bone": "root" },
	{ "name": "rm_gj_3_1_", "bone": "root" },
	{ "name": "rm_gj_3_0_", "bone": "root" },
	{ "name": "rm_gj_4_2_", "bone": "root" },
	{ "name": "rm_gj_4_1_", "bone": "root" },
	{ "name": "rm_gj_4_0_", "bone": "root" },
	{ "name": "rm_gj_5_2_", "bone": "root" },
	{ "name": "rm_gj_5_1_", "bone": "root" },
	{ "name": "rm_gj_5_0_", "bone": "root" },
	{ "name": "siwang_0_", "bone": "bone" }
],
"skins": {
	"default": {
		"rm_dj_0_0_": {
			"rm_dj_0_0_": { "x": 21.53, "y": 62.37, "width": 43, "height": 104 }
		},
		"rm_dj_0_1_": {
			"rm_dj_0_1_": { "x": 55.53, "y": 87.37, "width": 25, "height": 32 }
		},
		"rm_dj_0_2_": {
			"rm_dj_0_2_": { "x": -18.97, "y": 68.37, "width": 38, "height": 66 }
		},
		"rm_dj_1_0_": {
			"rm_dj_1_0_": { "x": 22.03, "y": 62.37, "width": 44, "height": 106 }
		},
		"rm_dj_1_1_": {
			"rm_dj_1_1_": { "x": 56.03, "y": 88.87, "width": 24, "height": 33 }
		},
		"rm_dj_1_2_": {
			"rm_dj_1_2_": { "x": -18.97, "y": 68.37, "width": 38, "height": 66 }
		},
		"rm_dj_2_0_": {
			"rm_dj_2_0_": { "x": 22.53, "y": 61.87, "width": 41, "height": 105 }
		},
		"rm_dj_2_1_": {
			"rm_dj_2_1_": { "x": 55.53, "y": 89.87, "width": 25, "height": 33 }
		},
		"rm_dj_2_2_": {
			"rm_dj_2_2_": { "x": -17.47, "y": 67.87, "width": 39, "height": 65 }
		},
		"rm_dj_3_0_": {
			"rm_dj_3_0_": { "x": 23.03, "y": 61.87, "width": 42, "height": 105 }
		},
		"rm_dj_3_1_": {
			"rm_dj_3_1_": { "x": 56.03, "y": 89.87, "width": 24, "height": 33 }
		},
		"rm_dj_3_2_": {
			"rm_dj_3_2_": { "x": -16.97, "y": 67.87, "width": 38, "height": 63 }
		},
		"rm_dj_4_0_": {
			"rm_dj_4_0_": { "x": 23.03, "y": 62.37, "width": 42, "height": 104 }
		},
		"rm_dj_4_1_": {
			"rm_dj_4_1_": { "x": 56.03, "y": 88.87, "width": 24, "height": 31 }
		},
		"rm_dj_4_2_": {
			"rm_dj_4_2_": { "x": -17.47, "y": 67.87, "width": 39, "height": 65 }
		},
		"rm_dj_5_0_": {
			"rm_dj_5_0_": { "x": 23.03, "y": 61.87, "width": 42, "height": 105 }
		},
		"rm_dj_5_1_": {
			"rm_dj_5_1_": { "x": 56.03, "y": 87.37, "width": 24, "height": 32 }
		},
		"rm_dj_5_2_": {
			"rm_dj_5_2_": { "x": -17.97, "y": 68.37, "width": 40, "height": 66 }
		},
		"rm_gj_0_0_": {
			"rm_gj_0_0_": { "x": 24.03, "y": 61.87, "width": 44, "height": 107 }
		},
		"rm_gj_0_1_": {
			"rm_gj_0_1_": { "x": 57.53, "y": 87.37, "width": 23, "height": 32 }
		},
		"rm_gj_0_2_": {
			"rm_gj_0_2_": { "x": -17.47, "y": 67.37, "width": 39, "height": 68 }
		},
		"rm_gj_1_0_": {
			"rm_gj_1_0_": { "x": -20.47, "y": 69.87, "width": 37, "height": 61 }
		},
		"rm_gj_1_1_": {
			"rm_gj_1_1_": { "x": 20.53, "y": 76.37, "width": 45, "height": 66 }
		},
		"rm_gj_1_2_": {
			"rm_gj_1_2_": { "x": 16.03, "y": 126.87, "width": 46, "height": 35 }
		},
		"rm_gj_1_3_": {
			"rm_gj_1_3_": { "x": 26.53, "y": 156.37, "width": 29, "height": 24 }
		},
		"rm_gj_2_0_": {
			"rm_gj_2_0_": { "x": -20.97, "y": 64.87, "width": 34, "height": 69 }
		},
		"rm_gj_2_1_": {
			"rm_gj_2_1_": { "x": 19.03, "y": 106.87, "width": 46, "height": 89 }
		},
		"rm_gj_2_2_": {
			"rm_gj_2_2_": { "x": -14.47, "y": 125.87, "width": 21, "height": 53 }
		},
		"rm_gj_2_3_": {
			"rm_gj_2_3_": { "x": -17.47, "y": 161.87, "width": 33, "height": 19 }
		},
		"rm_gj_3_0_": {
			"rm_gj_3_0_": { "x": 29.03, "y": 80.87, "width": 54, "height": 69 }
		},
		"rm_gj_3_1_": {
			"rm_gj_3_1_": { "x": 29.53, "y": 27.37, "width": 33, "height": 38 }
		},
		"rm_gj_3_2_": {
			"rm_gj_3_2_": { "x": -17.47, "y": 58.37, "width": 39, "height": 56 }
		},
		"rm_gj_3_3_": {
			"rm_gj_3_3_": { "x": -20.47, "y": 95.37, "width": 45, "height": 18 }
		},
		"rm_gj_4_0_": {
			"rm_gj_4_0_": { "x": 30.03, "y": 53.87, "width": 42, "height": 107 }
		},
		"rm_gj_4_1_": {
			"rm_gj_4_1_": { "x": -18.47, "y": 71.37, "width": 55, "height": 82 }
		},
		"rm_gj_4_2_": {
			"rm_gj_4_2_": { "x": -37.47, "y": 121.37, "width": 33, "height": 18 }
		},
		"rm_gj_5_0_": {
			"rm_gj_5_0_": { "x": 29.03, "y": 76.87, "width": 44, "height": 65 }
		},
		"rm_gj_5_1_": {
			"rm_gj_5_1_": { "x": 23.03, "y": 25.87, "width": 28, "height": 37 }
		},
		"rm_gj_5_2_": {
			"rm_gj_5_2_": { "x": -14.97, "y": 60.87, "width": 44, "height": 75 }
		},
		"rm_yy_": {
			"rm_yy_": { "x": 0.53, "y": 25.37, "width": 107, "height": 82 }
		},
		"siwang_0_": {
			"siwang_0_": { "width": 165, "height": 156 },
			"siwang_1_": { "width": 165, "height": 156 },
			"siwang_2_": { "width": 165, "height": 156 },
			"siwang_3_": { "width": 165, "height": 156 },
			"siwang_4_": { "width": 165, "height": 156 },
			"siwang_5_": { "width": 165, "height": 156 },
			"siwang_6_": { "width": 165, "height": 156 }
		}
	}
},
"animations": {
	"dj": {
		"slots": {
			"rm_dj_0_0_": {
				"attachment": [
					{ "time": 0, "name": "rm_dj_0_0_" },
					{ "time": 0.1667, "name": null },
					{ "time": 0.8333, "name": null }
				]
			},
			"rm_dj_0_1_": {
				"attachment": [
					{ "time": 0, "name": "rm_dj_0_1_" },
					{ "time": 0.1667, "name": null },
					{ "time": 0.8333, "name": null }
				]
			},
			"rm_dj_0_2_": {
				"attachment": [
					{ "time": 0, "name": "rm_dj_0_2_" },
					{ "time": 0.1667, "name": null },
					{ "time": 0.8333, "name": null }
				]
			},
			"rm_dj_1_0_": {
				"attachment": [
					{ "time": 0, "name": null },
					{ "time": 0.1667, "name": "rm_dj_1_0_" },
					{ "time": 0.3333, "name": null },
					{ "time": 0.8333, "name": null }
				]
			},
			"rm_dj_1_1_": {
				"attachment": [
					{ "time": 0, "name": null },
					{ "time": 0.1667, "name": "rm_dj_1_1_" },
					{ "time": 0.3333, "name": null },
					{ "time": 0.8333, "name": null }
				]
			},
			"rm_dj_1_2_": {
				"attachment": [
					{ "time": 0, "name": null },
					{ "time": 0.1667, "name": "rm_dj_1_2_" },
					{ "time": 0.3333, "name": null },
					{ "time": 0.8333, "name": null }
				]
			},
			"rm_dj_2_0_": {
				"attachment": [
					{ "time": 0, "name": null },
					{ "time": 0.3333, "name": "rm_dj_2_0_" },
					{ "time": 0.5, "name": null },
					{ "time": 0.8333, "name": null }
				]
			},
			"rm_dj_2_1_": {
				"attachment": [
					{ "time": 0, "name": null },
					{ "time": 0.3333, "name": "rm_dj_2_1_" },
					{ "time": 0.5, "name": null },
					{ "time": 0.8333, "name": null }
				]
			},
			"rm_dj_2_2_": {
				"attachment": [
					{ "time": 0, "name": null },
					{ "time": 0.3333, "name": "rm_dj_2_2_" },
					{ "time": 0.5, "name": null },
					{ "time": 0.8333, "name": null }
				]
			},
			"rm_dj_3_0_": {
				"attachment": [
					{ "time": 0, "name": null },
					{ "time": 0.5, "name": "rm_dj_3_0_" },
					{ "time": 0.6667, "name": null },
					{ "time": 0.8333, "name": null }
				]
			},
			"rm_dj_3_1_": {
				"attachment": [
					{ "time": 0, "name": null },
					{ "time": 0.5, "name": "rm_dj_3_1_" },
					{ "time": 0.6667, "name": null },
					{ "time": 0.8333, "name": null }
				]
			},
			"rm_dj_3_2_": {
				"attachment": [
					{ "time": 0, "name": null },
					{ "time": 0.5, "name": "rm_dj_3_2_" },
					{ "time": 0.6667, "name": null },
					{ "time": 0.8333, "name": null }
				]
			},
			"rm_dj_4_0_": {
				"attachment": [
					{ "time": 0, "name": null },
					{ "time": 0.6667, "name": "rm_dj_4_0_" },
					{ "time": 0.8333, "name": null }
				]
			},
			"rm_dj_4_1_": {
				"attachment": [
					{ "time": 0, "name": null },
					{ "time": 0.6667, "name": "rm_dj_4_1_" },
					{ "time": 0.8333, "name": null }
				]
			},
			"rm_dj_4_2_": {
				"attachment": [
					{ "time": 0, "name": null },
					{ "time": 0.6667, "name": "rm_dj_4_2_" },
					{ "time": 0.8333, "name": null }
				]
			},
			"rm_dj_5_0_": {
				"attachment": [
					{ "time": 0, "name": null },
					{ "time": 0.8333, "name": "rm_dj_5_0_" }
				]
			},
			"rm_dj_5_1_": {
				"attachment": [
					{ "time": 0, "name": null },
					{ "time": 0.8333, "name": "rm_dj_5_1_" }
				]
			},
			"rm_dj_5_2_": {
				"attachment": [
					{ "time": 0, "name": null },
					{ "time": 0.8333, "name": "rm_dj_5_2_" }
				]
			},
			"rm_gj_0_0_": {
				"attachment": [
					{ "time": 0, "name": null },
					{ "time": 0.8333, "name": null }
				]
			},
			"rm_gj_0_1_": {
				"attachment": [
					{ "time": 0, "name": null },
					{ "time": 0.8333, "name": null }
				]
			},
			"rm_gj_0_2_": {
				"attachment": [
					{ "time": 0, "name": null },
					{ "time": 0.8333, "name": null }
				]
			},
			"rm_gj_1_0_": {
				"attachment": [
					{ "time": 0, "name": null },
					{ "time": 0.8333, "name": null }
				]
			},
			"rm_gj_1_1_": {
				"attachment": [
					{ "time": 0, "name": null },
					{ "time": 0.8333, "name": null }
				]
			},
			"rm_gj_1_2_": {
				"attachment": [
					{ "time": 0, "name": null },
					{ "time": 0.8333, "name": null }
				]
			},
			"rm_gj_1_3_": {
				"attachment": [
					{ "time": 0, "name": null },
					{ "time": 0.8333, "name": null }
				]
			},
			"rm_gj_2_0_": {
				"attachment": [
					{ "time": 0, "name": null },
					{ "time": 0.8333, "name": null }
				]
			},
			"rm_gj_2_1_": {
				"attachment": [
					{ "time": 0, "name": null },
					{ "time": 0.8333, "name": null }
				]
			},
			"rm_gj_2_2_": {
				"attachment": [
					{ "time": 0, "name": null },
					{ "time": 0.8333, "name": null }
				]
			},
			"rm_gj_2_3_": {
				"attachment": [
					{ "time": 0, "name": null },
					{ "time": 0.8333, "name": null }
				]
			},
			"rm_gj_3_0_": {
				"attachment": [
					{ "time": 0, "name": null },
					{ "time": 0.8333, "name": null }
				]
			},
			"rm_gj_3_1_": {
				"attachment": [
					{ "time": 0, "name": null },
					{ "time": 0.8333, "name": null }
				]
			},
			"rm_gj_3_2_": {
				"attachment": [
					{ "time": 0, "name": null },
					{ "time": 0.8333, "name": null }
				]
			},
			"rm_gj_3_3_": {
				"attachment": [
					{ "time": 0, "name": null },
					{ "time": 0.8333, "name": null }
				]
			},
			"rm_gj_4_0_": {
				"attachment": [
					{ "time": 0, "name": null },
					{ "time": 0.8333, "name": null }
				]
			},
			"rm_gj_4_1_": {
				"attachment": [
					{ "time": 0, "name": null },
					{ "time": 0.8333, "name": null }
				]
			},
			"rm_gj_4_2_": {
				"attachment": [
					{ "time": 0, "name": null },
					{ "time": 0.8333, "name": null }
				]
			},
			"rm_gj_5_0_": {
				"attachment": [
					{ "time": 0, "name": null },
					{ "time": 0.8333, "name": null }
				]
			},
			"rm_gj_5_1_": {
				"attachment": [
					{ "time": 0, "name": null },
					{ "time": 0.8333, "name": null }
				]
			},
			"rm_gj_5_2_": {
				"attachment": [
					{ "time": 0, "name": null },
					{ "time": 0.8333, "name": null }
				]
			},
			"rm_yy_": {
				"attachment": [
					{ "time": 0, "name": "rm_yy_" },
					{ "time": 0.8333, "name": "rm_yy_" }
				]
			},
			"siwang_0_": {
				"attachment": [
					{ "time": 0, "name": null },
					{ "time": 0.8333, "name": null }
				]
			}
		}
	},
	"gj": {
		"slots": {
			"rm_dj_0_0_": {
				"attachment": [
					{ "time": 0, "name": "rm_dj_0_0_" },
					{ "time": 0.1333, "name": null },
					{ "time": 0.8333, "name": "rm_dj_0_0_" }
				]
			},
			"rm_dj_0_1_": {
				"attachment": [
					{ "time": 0, "name": "rm_dj_0_1_" },
					{ "time": 0.1333, "name": null },
					{ "time": 0.8333, "name": "rm_dj_0_1_" }
				]
			},
			"rm_dj_0_2_": {
				"attachment": [
					{ "time": 0, "name": "rm_dj_0_2_" },
					{ "time": 0.1333, "name": null },
					{ "time": 0.8333, "name": "rm_dj_0_2_" }
				]
			},
			"rm_dj_1_0_": {
				"attachment": [
					{ "time": 0, "name": null },
					{ "time": 0.8333, "name": null }
				]
			},
			"rm_dj_1_1_": {
				"attachment": [
					{ "time": 0, "name": null },
					{ "time": 0.8333, "name": null }
				]
			},
			"rm_dj_1_2_": {
				"attachment": [
					{ "time": 0, "name": null },
					{ "time": 0.8333, "name": null }
				]
			},
			"rm_dj_2_0_": {
				"attachment": [
					{ "time": 0, "name": null },
					{ "time": 0.8333, "name": null }
				]
			},
			"rm_dj_2_1_": {
				"attachment": [
					{ "time": 0, "name": null },
					{ "time": 0.8333, "name": null }
				]
			},
			"rm_dj_2_2_": {
				"attachment": [
					{ "time": 0, "name": null },
					{ "time": 0.8333, "name": null }
				]
			},
			"rm_dj_3_0_": {
				"attachment": [
					{ "time": 0, "name": null },
					{ "time": 0.8333, "name": null }
				]
			},
			"rm_dj_3_1_": {
				"attachment": [
					{ "time": 0, "name": null },
					{ "time": 0.8333, "name": null }
				]
			},
			"rm_dj_3_2_": {
				"attachment": [
					{ "time": 0, "name": null },
					{ "time": 0.8333, "name": null }
				]
			},
			"rm_dj_4_0_": {
				"attachment": [
					{ "time": 0, "name": null },
					{ "time": 0.8333, "name": null }
				]
			},
			"rm_dj_4_1_": {
				"attachment": [
					{ "time": 0, "name": null },
					{ "time": 0.8333, "name": null }
				]
			},
			"rm_dj_4_2_": {
				"attachment": [
					{ "time": 0, "name": null },
					{ "time": 0.8333, "name": null }
				]
			},
			"rm_dj_5_0_": {
				"attachment": [
					{ "time": 0, "name": null },
					{ "time": 0.8333, "name": null }
				]
			},
			"rm_dj_5_1_": {
				"attachment": [
					{ "time": 0, "name": null },
					{ "time": 0.8333, "name": null }
				]
			},
			"rm_dj_5_2_": {
				"attachment": [
					{ "time": 0, "name": null },
					{ "time": 0.8333, "name": null }
				]
			},
			"rm_gj_0_0_": {
				"attachment": [
					{ "time": 0, "name": null },
					{ "time": 0.8333, "name": null }
				]
			},
			"rm_gj_0_1_": {
				"attachment": [
					{ "time": 0, "name": null },
					{ "time": 0.8333, "name": null }
				]
			},
			"rm_gj_0_2_": {
				"attachment": [
					{ "time": 0, "name": null },
					{ "time": 0.8333, "name": null }
				]
			},
			"rm_gj_1_0_": {
				"attachment": [
					{ "time": 0, "name": null },
					{ "time": 0.1333, "name": "rm_gj_1_0_" },
					{ "time": 0.2667, "name": null },
					{ "time": 0.8333, "name": null }
				]
			},
			"rm_gj_1_1_": {
				"attachment": [
					{ "time": 0, "name": null },
					{ "time": 0.1333, "name": "rm_gj_1_1_" },
					{ "time": 0.2667, "name": null },
					{ "time": 0.8333, "name": null }
				]
			},
			"rm_gj_1_2_": {
				"attachment": [
					{ "time": 0, "name": null },
					{ "time": 0.1333, "name": "rm_gj_1_2_" },
					{ "time": 0.2667, "name": null },
					{ "time": 0.8333, "name": null }
				]
			},
			"rm_gj_1_3_": {
				"attachment": [
					{ "time": 0, "name": null },
					{ "time": 0.1333, "name": "rm_gj_1_3_" },
					{ "time": 0.2667, "name": null },
					{ "time": 0.8333, "name": null }
				]
			},
			"rm_gj_2_0_": {
				"attachment": [
					{ "time": 0, "name": null },
					{ "time": 0.2667, "name": "rm_gj_2_0_" },
					{ "time": 0.4, "name": null },
					{ "time": 0.8333, "name": null }
				]
			},
			"rm_gj_2_1_": {
				"attachment": [
					{ "time": 0, "name": null },
					{ "time": 0.2667, "name": "rm_gj_2_1_" },
					{ "time": 0.4, "name": null },
					{ "time": 0.8333, "name": null }
				]
			},
			"rm_gj_2_2_": {
				"attachment": [
					{ "time": 0, "name": null },
					{ "time": 0.2667, "name": "rm_gj_2_2_" },
					{ "time": 0.4, "name": null },
					{ "time": 0.8333, "name": null }
				]
			},
			"rm_gj_2_3_": {
				"attachment": [
					{ "time": 0, "name": null },
					{ "time": 0.2667, "name": "rm_gj_2_3_" },
					{ "time": 0.4, "name": null },
					{ "time": 0.8333, "name": null }
				]
			},
			"rm_gj_3_0_": {
				"attachment": [
					{ "time": 0, "name": null },
					{ "time": 0.4, "name": "rm_gj_3_0_" },
					{ "time": 0.5667, "name": null },
					{ "time": 0.8333, "name": null }
				]
			},
			"rm_gj_3_1_": {
				"attachment": [
					{ "time": 0, "name": null },
					{ "time": 0.4, "name": "rm_gj_3_1_" },
					{ "time": 0.5667, "name": null },
					{ "time": 0.8333, "name": null }
				]
			},
			"rm_gj_3_2_": {
				"attachment": [
					{ "time": 0, "name": null },
					{ "time": 0.4, "name": "rm_gj_3_2_" },
					{ "time": 0.5667, "name": null },
					{ "time": 0.8333, "name": null }
				]
			},
			"rm_gj_3_3_": {
				"attachment": [
					{ "time": 0, "name": null },
					{ "time": 0.4, "name": "rm_gj_3_3_" },
					{ "time": 0.5667, "name": null },
					{ "time": 0.8333, "name": null }
				]
			},
			"rm_gj_4_0_": {
				"attachment": [
					{ "time": 0, "name": null },
					{ "time": 0.5667, "name": "rm_gj_4_0_" },
					{ "time": 0.7, "name": null },
					{ "time": 0.8333, "name": null }
				]
			},
			"rm_gj_4_1_": {
				"attachment": [
					{ "time": 0, "name": null },
					{ "time": 0.5667, "name": "rm_gj_4_1_" },
					{ "time": 0.7, "name": null },
					{ "time": 0.8333, "name": null }
				]
			},
			"rm_gj_4_2_": {
				"attachment": [
					{ "time": 0, "name": null },
					{ "time": 0.5667, "name": "rm_gj_4_2_" },
					{ "time": 0.7, "name": null },
					{ "time": 0.8333, "name": null }
				]
			},
			"rm_gj_5_0_": {
				"attachment": [
					{ "time": 0, "name": null },
					{ "time": 0.7, "name": "rm_gj_5_0_" },
					{ "time": 0.8333, "name": null }
				]
			},
			"rm_gj_5_1_": {
				"attachment": [
					{ "time": 0, "name": null },
					{ "time": 0.7, "name": "rm_gj_5_1_" },
					{ "time": 0.8333, "name": null }
				]
			},
			"rm_gj_5_2_": {
				"attachment": [
					{ "time": 0, "name": null },
					{ "time": 0.7, "name": "rm_gj_5_2_" },
					{ "time": 0.8333, "name": null }
				]
			},
			"rm_yy_": {
				"attachment": [
					{ "time": 0, "name": "rm_yy_" },
					{ "time": 0.8333, "name": "rm_yy_" }
				]
			},
			"siwang_0_": {
				"attachment": [
					{ "time": 0, "name": null },
					{ "time": 0.8333, "name": null }
				]
			}
		}
	},
	"sw": {
		"slots": {
			"rm_dj_0_0_": {
				"color": [
					{ "time": 0, "color": "ffffffff" },
					{ "time": 0.6667, "color": "ffffff00" }
				],
				"attachment": [
					{ "time": 0, "name": "rm_dj_0_0_" },
					{ "time": 0.6667, "name": "rm_dj_0_0_" }
				]
			},
			"rm_dj_0_1_": {
				"color": [
					{ "time": 0, "color": "ffffffff" },
					{ "time": 0.6667, "color": "ffffff00" }
				],
				"attachment": [
					{ "time": 0, "name": "rm_dj_0_1_" },
					{ "time": 0.6667, "name": "rm_dj_0_1_" }
				]
			},
			"rm_dj_0_2_": {
				"color": [
					{ "time": 0, "color": "ffffffff" },
					{ "time": 0.6667, "color": "ffffff00" }
				],
				"attachment": [
					{ "time": 0, "name": "rm_dj_0_2_" },
					{ "time": 0.6667, "name": "rm_dj_0_2_" }
				]
			},
			"rm_dj_1_0_": {
				"attachment": [
					{ "time": 0, "name": null },
					{ "time": 0.6667, "name": null }
				]
			},
			"rm_dj_1_1_": {
				"attachment": [
					{ "time": 0, "name": null },
					{ "time": 0.6667, "name": null }
				]
			},
			"rm_dj_1_2_": {
				"attachment": [
					{ "time": 0, "name": null },
					{ "time": 0.6667, "name": null }
				]
			},
			"rm_dj_2_0_": {
				"attachment": [
					{ "time": 0, "name": null },
					{ "time": 0.6667, "name": null }
				]
			},
			"rm_dj_2_1_": {
				"attachment": [
					{ "time": 0, "name": null },
					{ "time": 0.6667, "name": null }
				]
			},
			"rm_dj_2_2_": {
				"attachment": [
					{ "time": 0, "name": null },
					{ "time": 0.6667, "name": null }
				]
			},
			"rm_dj_3_0_": {
				"attachment": [
					{ "time": 0, "name": null },
					{ "time": 0.6667, "name": null }
				]
			},
			"rm_dj_3_1_": {
				"attachment": [
					{ "time": 0, "name": null },
					{ "time": 0.6667, "name": null }
				]
			},
			"rm_dj_3_2_": {
				"attachment": [
					{ "time": 0, "name": null },
					{ "time": 0.6667, "name": null }
				]
			},
			"rm_dj_4_0_": {
				"attachment": [
					{ "time": 0, "name": null },
					{ "time": 0.6667, "name": null }
				]
			},
			"rm_dj_4_1_": {
				"attachment": [
					{ "time": 0, "name": null },
					{ "time": 0.6667, "name": null }
				]
			},
			"rm_dj_4_2_": {
				"attachment": [
					{ "time": 0, "name": null },
					{ "time": 0.6667, "name": null }
				]
			},
			"rm_dj_5_0_": {
				"attachment": [
					{ "time": 0, "name": null },
					{ "time": 0.6667, "name": null }
				]
			},
			"rm_dj_5_1_": {
				"attachment": [
					{ "time": 0, "name": null },
					{ "time": 0.6667, "name": null }
				]
			},
			"rm_dj_5_2_": {
				"attachment": [
					{ "time": 0, "name": null },
					{ "time": 0.6667, "name": null }
				]
			},
			"rm_gj_0_0_": {
				"attachment": [
					{ "time": 0, "name": null },
					{ "time": 0.6667, "name": null }
				]
			},
			"rm_gj_0_1_": {
				"attachment": [
					{ "time": 0, "name": null },
					{ "time": 0.6667, "name": null }
				]
			},
			"rm_gj_0_2_": {
				"attachment": [
					{ "time": 0, "name": null },
					{ "time": 0.6667, "name": null }
				]
			},
			"rm_gj_1_0_": {
				"attachment": [
					{ "time": 0, "name": null },
					{ "time": 0.6667, "name": null }
				]
			},
			"rm_gj_1_1_": {
				"attachment": [
					{ "time": 0, "name": null },
					{ "time": 0.6667, "name": null }
				]
			},
			"rm_gj_1_2_": {
				"attachment": [
					{ "time": 0, "name": null },
					{ "time": 0.6667, "name": null }
				]
			},
			"rm_gj_1_3_": {
				"attachment": [
					{ "time": 0, "name": null },
					{ "time": 0.6667, "name": null }
				]
			},
			"rm_gj_2_0_": {
				"attachment": [
					{ "time": 0, "name": null },
					{ "time": 0.6667, "name": null }
				]
			},
			"rm_gj_2_1_": {
				"attachment": [
					{ "time": 0, "name": null },
					{ "time": 0.6667, "name": null }
				]
			},
			"rm_gj_2_2_": {
				"attachment": [
					{ "time": 0, "name": null },
					{ "time": 0.6667, "name": null }
				]
			},
			"rm_gj_2_3_": {
				"attachment": [
					{ "time": 0, "name": null },
					{ "time": 0.6667, "name": null }
				]
			},
			"rm_gj_3_0_": {
				"attachment": [
					{ "time": 0, "name": null },
					{ "time": 0.6667, "name": null }
				]
			},
			"rm_gj_3_1_": {
				"attachment": [
					{ "time": 0, "name": null },
					{ "time": 0.6667, "name": null }
				]
			},
			"rm_gj_3_2_": {
				"attachment": [
					{ "time": 0, "name": null },
					{ "time": 0.6667, "name": null }
				]
			},
			"rm_gj_3_3_": {
				"attachment": [
					{ "time": 0, "name": null },
					{ "time": 0.6667, "name": null }
				]
			},
			"rm_gj_4_0_": {
				"attachment": [
					{ "time": 0, "name": null },
					{ "time": 0.6667, "name": null }
				]
			},
			"rm_gj_4_1_": {
				"attachment": [
					{ "time": 0, "name": null },
					{ "time": 0.6667, "name": null }
				]
			},
			"rm_gj_4_2_": {
				"attachment": [
					{ "time": 0, "name": null },
					{ "time": 0.6667, "name": null }
				]
			},
			"rm_gj_5_0_": {
				"attachment": [
					{ "time": 0, "name": null },
					{ "time": 0.6667, "name": null }
				]
			},
			"rm_gj_5_1_": {
				"attachment": [
					{ "time": 0, "name": null },
					{ "time": 0.6667, "name": null }
				]
			},
			"rm_gj_5_2_": {
				"attachment": [
					{ "time": 0, "name": null },
					{ "time": 0.6667, "name": null }
				]
			},
			"rm_yy_": {
				"color": [
					{ "time": 0, "color": "ffffffff" },
					{ "time": 0.6667, "color": "ffffff00" }
				],
				"attachment": [
					{ "time": 0, "name": "rm_yy_" },
					{ "time": 0.6667, "name": "rm_yy_" }
				]
			},
			"siwang_0_": {
				"attachment": [
					{ "time": 0, "name": null },
					{ "time": 0.1, "name": "siwang_0_" },
					{ "time": 0.2, "name": "siwang_1_" },
					{ "time": 0.3, "name": "siwang_2_" },
					{ "time": 0.4, "name": "siwang_3_" },
					{ "time": 0.5, "name": "siwang_4_" },
					{ "time": 0.6, "name": "siwang_5_" },
					{ "time": 0.6667, "name": null }
				]
			}
		},
		"bones": {
			"bone": {
				"translate": [
					{ "time": 0, "x": 0, "y": 69.64 }
				]
			}
		}
	}
}
}