{
"skeleton": { "hash": "bU/yJvYDONcie7jIerRfl8iHx4o", "spine": "3.7.94", "width": 0, "height": 0, "images": "./images/", "audio": "" },
"bones": [
	{ "name": "root" },
	{ "name": "ctr", "parent": "root", "scaleX": 1.25, "scaleY": 1.25 },
	{ "name": "attack_DL", "parent": "ctr" },
	{ "name": "attack_UR", "parent": "ctr" },
	{ "name": "attack_UL", "parent": "ctr" },
	{ "name": "attack_DR", "parent": "ctr" }
],
"slots": [
	{ "name": "attack_UR", "bone": "attack_UR" },
	{ "name": "attack_UL", "bone": "attack_UL" },
	{ "name": "attack_DR", "bone": "attack_DR" },
	{ "name": "attack_DL", "bone": "attack_DL" }
],
"skins": {
	"default": {
		"attack_DL": {
			"attack_DL_00_": { "width": 500, "height": 500 },
			"attack_DL_03_": { "width": 500, "height": 500 },
			"attack_DL_06_": { "width": 500, "height": 500 },
			"attack_DL_09_": { "width": 500, "height": 500 },
			"attack_DL_12_": { "width": 500, "height": 500 },
			"attack_DL_15_": { "width": 500, "height": 500 },
			"attack_DL_18_": { "width": 500, "height": 500 },
			"attack_DL_21_": { "width": 500, "height": 500 },
			"attack_DL_24_": { "width": 500, "height": 500 },
			"attack_DL_27_": { "width": 500, "height": 500 },
			"attack_DL_30_": { "width": 500, "height": 500 },
			"attack_DL_33_": { "width": 500, "height": 500 },
			"attack_DL_36_": { "width": 500, "height": 500 },
			"attack_DL_39_": { "width": 500, "height": 500 },
			"attack_DL_42_": { "width": 500, "height": 500 },
			"attack_DL_45_": { "width": 500, "height": 500 },
			"attack_DL_48_": { "width": 500, "height": 500 },
			"attack_DL_51_": { "width": 500, "height": 500 },
			"attack_DL_54_": { "width": 500, "height": 500 },
			"attack_DL_57_": { "width": 500, "height": 500 },
			"attack_DL_60_": { "width": 500, "height": 500 },
			"attack_DL_63_": { "width": 500, "height": 500 },
			"attack_DL_66_": { "width": 500, "height": 500 },
			"attack_DL_69_": { "width": 500, "height": 500 },
			"attack_DL_72_": { "width": 500, "height": 500 }
		},
		"attack_DR": {
			"attack_DR_00_": { "width": 500, "height": 500 },
			"attack_DR_03_": { "width": 500, "height": 500 },
			"attack_DR_06_": { "width": 500, "height": 500 },
			"attack_DR_09_": { "width": 500, "height": 500 },
			"attack_DR_12_": { "width": 500, "height": 500 },
			"attack_DR_15_": { "width": 500, "height": 500 },
			"attack_DR_18_": { "width": 500, "height": 500 },
			"attack_DR_21_": { "width": 500, "height": 500 },
			"attack_DR_24_": { "width": 500, "height": 500 },
			"attack_DR_27_": { "width": 500, "height": 500 },
			"attack_DR_30_": { "width": 500, "height": 500 },
			"attack_DR_33_": { "width": 500, "height": 500 },
			"attack_DR_36_": { "width": 500, "height": 500 },
			"attack_DR_39_": { "width": 500, "height": 500 },
			"attack_DR_42_": { "width": 500, "height": 500 },
			"attack_DR_45_": { "width": 500, "height": 500 },
			"attack_DR_48_": { "width": 500, "height": 500 },
			"attack_DR_51_": { "width": 500, "height": 500 },
			"attack_DR_54_": { "width": 500, "height": 500 },
			"attack_DR_57_": { "width": 500, "height": 500 },
			"attack_DR_60_": { "width": 500, "height": 500 },
			"attack_DR_63_": { "width": 500, "height": 500 },
			"attack_DR_66_": { "width": 500, "height": 500 },
			"attack_DR_69_": { "width": 500, "height": 500 },
			"attack_DR_72_": { "width": 500, "height": 500 }
		},
		"attack_UL": {
			"attack_UL_00_": { "width": 500, "height": 500 },
			"attack_UL_03_": { "width": 500, "height": 500 },
			"attack_UL_06_": { "width": 500, "height": 500 },
			"attack_UL_09_": { "width": 500, "height": 500 },
			"attack_UL_12_": { "width": 500, "height": 500 },
			"attack_UL_15_": { "width": 500, "height": 500 },
			"attack_UL_18_": { "width": 500, "height": 500 },
			"attack_UL_21_": { "width": 500, "height": 500 },
			"attack_UL_24_": { "width": 500, "height": 500 },
			"attack_UL_27_": { "width": 500, "height": 500 },
			"attack_UL_30_": { "width": 500, "height": 500 },
			"attack_UL_33_": { "width": 500, "height": 500 },
			"attack_UL_36_": { "width": 500, "height": 500 },
			"attack_UL_39_": { "width": 500, "height": 500 },
			"attack_UL_42_": { "width": 500, "height": 500 },
			"attack_UL_45_": { "width": 500, "height": 500 },
			"attack_UL_48_": { "width": 500, "height": 500 },
			"attack_UL_51_": { "width": 500, "height": 500 },
			"attack_UL_54_": { "width": 500, "height": 500 },
			"attack_UL_57_": { "width": 500, "height": 500 },
			"attack_UL_60_": { "width": 500, "height": 500 },
			"attack_UL_63_": { "width": 500, "height": 500 },
			"attack_UL_66_": { "width": 500, "height": 500 },
			"attack_UL_69_": { "width": 500, "height": 500 },
			"attack_UL_72_": { "width": 500, "height": 500 }
		},
		"attack_UR": {
			"attack_UR_00_": { "width": 500, "height": 500 },
			"attack_UR_03_": { "width": 500, "height": 500 },
			"attack_UR_06_": { "width": 500, "height": 500 },
			"attack_UR_09_": { "width": 500, "height": 500 },
			"attack_UR_12_": { "width": 500, "height": 500 },
			"attack_UR_15_": { "width": 500, "height": 500 },
			"attack_UR_18_": { "width": 500, "height": 500 },
			"attack_UR_21_": { "width": 500, "height": 500 },
			"attack_UR_24_": { "width": 500, "height": 500 },
			"attack_UR_27_": { "width": 500, "height": 500 },
			"attack_UR_30_": { "width": 500, "height": 500 },
			"attack_UR_33_": { "width": 500, "height": 500 },
			"attack_UR_36_": { "width": 500, "height": 500 },
			"attack_UR_39_": { "width": 500, "height": 500 },
			"attack_UR_42_": { "width": 500, "height": 500 },
			"attack_UR_45_": { "width": 500, "height": 500 },
			"attack_UR_48_": { "width": 500, "height": 500 },
			"attack_UR_51_": { "width": 500, "height": 500 },
			"attack_UR_54_": { "width": 500, "height": 500 },
			"attack_UR_57_": { "width": 500, "height": 500 },
			"attack_UR_60_": { "width": 500, "height": 500 },
			"attack_UR_63_": { "width": 500, "height": 500 },
			"attack_UR_66_": { "width": 500, "height": 500 },
			"attack_UR_69_": { "width": 500, "height": 500 },
			"attack_UR_72_": { "width": 500, "height": 500 }
		}
	}
},
"animations": {
	"animation": {
		"slots": {
			"attack_DL": {
				"attachment": [
					{ "time": 0, "name": "attack_DL_00_" },
					{ "time": 0.1, "name": "attack_DL_03_" },
					{ "time": 0.2, "name": "attack_DL_06_" },
					{ "time": 0.3, "name": "attack_DL_09_" },
					{ "time": 0.4, "name": "attack_DL_12_" },
					{ "time": 0.5, "name": "attack_DL_15_" },
					{ "time": 0.6, "name": "attack_DL_18_" },
					{ "time": 0.7, "name": "attack_DL_21_" },
					{ "time": 0.8, "name": "attack_DL_24_" },
					{ "time": 0.9, "name": "attack_DL_27_" },
					{ "time": 1, "name": "attack_DL_30_" },
					{ "time": 1.1, "name": "attack_DL_33_" },
					{ "time": 1.2, "name": "attack_DL_36_" },
					{ "time": 1.3, "name": "attack_DL_39_" },
					{ "time": 1.4, "name": "attack_DL_42_" },
					{ "time": 1.5, "name": "attack_DL_45_" },
					{ "time": 1.6, "name": "attack_DL_48_" },
					{ "time": 1.7, "name": "attack_DL_51_" },
					{ "time": 1.8, "name": "attack_DL_54_" },
					{ "time": 1.9, "name": "attack_DL_57_" },
					{ "time": 2, "name": "attack_DL_60_" },
					{ "time": 2.1, "name": "attack_DL_63_" },
					{ "time": 2.2, "name": "attack_DL_66_" },
					{ "time": 2.3, "name": "attack_DL_69_" },
					{ "time": 2.4, "name": "attack_DL_72_" },
					{ "time": 2.5, "name": null }
				]
			},
			"attack_DR": {
				"attachment": [
					{ "time": 0, "name": "attack_DR_00_" },
					{ "time": 0.1, "name": "attack_DR_03_" },
					{ "time": 0.2, "name": "attack_DR_06_" },
					{ "time": 0.3, "name": "attack_DR_09_" },
					{ "time": 0.4, "name": "attack_DR_12_" },
					{ "time": 0.5, "name": "attack_DR_15_" },
					{ "time": 0.6, "name": "attack_DR_18_" },
					{ "time": 0.7, "name": "attack_DR_21_" },
					{ "time": 0.8, "name": "attack_DR_24_" },
					{ "time": 0.9, "name": "attack_DR_27_" },
					{ "time": 1, "name": "attack_DR_30_" },
					{ "time": 1.1, "name": "attack_DR_33_" },
					{ "time": 1.2, "name": "attack_DR_36_" },
					{ "time": 1.3, "name": "attack_DR_39_" },
					{ "time": 1.4, "name": "attack_DR_42_" },
					{ "time": 1.5, "name": "attack_DR_45_" },
					{ "time": 1.6, "name": "attack_DR_48_" },
					{ "time": 1.7, "name": "attack_DR_51_" },
					{ "time": 1.8, "name": "attack_DR_54_" },
					{ "time": 1.9, "name": "attack_DR_57_" },
					{ "time": 2, "name": "attack_DR_60_" },
					{ "time": 2.1, "name": "attack_DR_63_" },
					{ "time": 2.2, "name": "attack_DR_66_" },
					{ "time": 2.3, "name": "attack_DR_69_" },
					{ "time": 2.4, "name": "attack_DR_72_" },
					{ "time": 2.5, "name": null }
				]
			},
			"attack_UL": {
				"attachment": [
					{ "time": 0, "name": "attack_UL_00_" },
					{ "time": 0.1, "name": "attack_UL_03_" },
					{ "time": 0.2, "name": "attack_UL_06_" },
					{ "time": 0.3, "name": "attack_UL_09_" },
					{ "time": 0.4, "name": "attack_UL_12_" },
					{ "time": 0.5, "name": "attack_UL_15_" },
					{ "time": 0.6, "name": "attack_UL_18_" },
					{ "time": 0.7, "name": "attack_UL_21_" },
					{ "time": 0.8, "name": "attack_UL_24_" },
					{ "time": 0.9, "name": "attack_UL_27_" },
					{ "time": 1, "name": "attack_UL_30_" },
					{ "time": 1.1, "name": "attack_UL_33_" },
					{ "time": 1.2, "name": "attack_UL_36_" },
					{ "time": 1.3, "name": "attack_UL_39_" },
					{ "time": 1.4, "name": "attack_UL_42_" },
					{ "time": 1.5, "name": "attack_UL_45_" },
					{ "time": 1.6, "name": "attack_UL_48_" },
					{ "time": 1.7, "name": "attack_UL_51_" },
					{ "time": 1.8, "name": "attack_UL_54_" },
					{ "time": 1.9, "name": "attack_UL_57_" },
					{ "time": 2, "name": "attack_UL_60_" },
					{ "time": 2.1, "name": "attack_UL_63_" },
					{ "time": 2.2, "name": "attack_UL_66_" },
					{ "time": 2.3, "name": "attack_UL_69_" },
					{ "time": 2.4, "name": "attack_UL_72_" },
					{ "time": 2.5, "name": null }
				]
			},
			"attack_UR": {
				"attachment": [
					{ "time": 0, "name": "attack_UR_00_" },
					{ "time": 0.1, "name": "attack_UR_03_" },
					{ "time": 0.2, "name": "attack_UR_06_" },
					{ "time": 0.3, "name": "attack_UR_09_" },
					{ "time": 0.4, "name": "attack_UR_12_" },
					{ "time": 0.5, "name": "attack_UR_15_" },
					{ "time": 0.6, "name": "attack_UR_18_" },
					{ "time": 0.7, "name": "attack_UR_21_" },
					{ "time": 0.8, "name": "attack_UR_24_" },
					{ "time": 0.9, "name": "attack_UR_27_" },
					{ "time": 1, "name": "attack_UR_30_" },
					{ "time": 1.1, "name": "attack_UR_33_" },
					{ "time": 1.2, "name": "attack_UR_36_" },
					{ "time": 1.3, "name": "attack_UR_39_" },
					{ "time": 1.4, "name": "attack_UR_42_" },
					{ "time": 1.5, "name": "attack_UR_45_" },
					{ "time": 1.6, "name": "attack_UR_48_" },
					{ "time": 1.7, "name": "attack_UR_51_" },
					{ "time": 1.8, "name": "attack_UR_54_" },
					{ "time": 1.9, "name": "attack_UR_57_" },
					{ "time": 2, "name": "attack_UR_60_" },
					{ "time": 2.1, "name": "attack_UR_63_" },
					{ "time": 2.2, "name": "attack_UR_66_" },
					{ "time": 2.3, "name": "attack_UR_69_" },
					{ "time": 2.4, "name": "attack_UR_72_" },
					{ "time": 2.5, "name": null }
				]
			}
		},
		"bones": {
			"attack_DL": {
				"translate": [
					{ "time": 0, "x": -250, "y": -250 }
				]
			},
			"attack_DR": {
				"translate": [
					{ "time": 0, "x": 250, "y": -250 }
				]
			},
			"attack_UL": {
				"translate": [
					{ "time": 0, "x": -250, "y": 250 }
				]
			},
			"attack_UR": {
				"translate": [
					{ "time": 0, "x": 250, "y": 250 }
				]
			},
			"ctr": {
				"translate": [
					{ "time": 0, "x": 89.53, "y": 48.5 }
				]
			}
		}
	}
}
}