{
"skeleton": { "hash": "5jJaDWphfBiRSUKLjBg/fON7pm4", "spine": "2.1.27", "width": 0, "height": 0 },
"bones": [
	{ "name": "root" }
],
"slots": [
	{ "name": "siwang_6_", "bone": "root" },
	{ "name": "siwang_5_", "bone": "root" },
	{ "name": "siwang_4_", "bone": "root" },
	{ "name": "siwang_3_", "bone": "root" },
	{ "name": "siwang_2_", "bone": "root" },
	{ "name": "siwang_1_", "bone": "root" },
	{ "name": "siwang_0_", "bone": "root" },
	{ "name": "shi_ying_gj_fx_05_", "bone": "root" },
	{ "name": "shi_ying_gj_fx_04_", "bone": "root" },
	{ "name": "shi_ying_gj_fx_03_", "bone": "root" },
	{ "name": "shi_ying_gj_fx_02_2_", "bone": "root" },
	{ "name": "shi_ying_gj_fx_02_1_", "bone": "root" },
	{ "name": "shi_ying_gj_fx_02_0_", "bone": "root" },
	{ "name": "shi_ying_gj_fx_01_3_", "bone": "root" },
	{ "name": "shi_ying_gj_fx_01_2_", "bone": "root" },
	{ "name": "shi_ying_gj_fx_01_1_", "bone": "root" },
	{ "name": "shi_ying_gj_fx_01_0_", "bone": "root" },
	{ "name": "shi_ying_gj_fx_00_", "bone": "root" },
	{ "name": "shi_ying_3_gj_0020_6_", "bone": "root" },
	{ "name": "shi_ying_3_gj_0020_5_", "bone": "root" },
	{ "name": "shi_ying_3_gj_0020_4_", "bone": "root" },
	{ "name": "shi_ying_3_gj_0020_3_", "bone": "root" },
	{ "name": "shi_ying_3_gj_0020_2_", "bone": "root" },
	{ "name": "shi_ying_3_gj_0020_1_", "bone": "root" },
	{ "name": "shi_ying_3_gj_0020_0_", "bone": "root" },
	{ "name": "shi_ying_3_gj_0019_4_", "bone": "root" },
	{ "name": "shi_ying_3_gj_0019_3_", "bone": "root" },
	{ "name": "shi_ying_3_gj_0019_2_", "bone": "root" },
	{ "name": "shi_ying_3_gj_0019_1_", "bone": "root" },
	{ "name": "shi_ying_3_gj_0019_0_", "bone": "root" },
	{ "name": "shi_ying_3_gj_0018_4_", "bone": "root" },
	{ "name": "shi_ying_3_gj_0018_3_", "bone": "root" },
	{ "name": "shi_ying_3_gj_0018_2_", "bone": "root" },
	{ "name": "shi_ying_3_gj_0018_1_", "bone": "root" },
	{ "name": "shi_ying_3_gj_0018_0_", "bone": "root" },
	{ "name": "shi_ying_3_gj_0017_4_", "bone": "root" },
	{ "name": "shi_ying_3_gj_0017_3_", "bone": "root" },
	{ "name": "shi_ying_3_gj_0017_2_", "bone": "root" },
	{ "name": "shi_ying_3_gj_0017_1_", "bone": "root" },
	{ "name": "shi_ying_3_gj_0017_0_", "bone": "root" },
	{ "name": "shi_ying_3_gj_0016_5_", "bone": "root" },
	{ "name": "shi_ying_3_gj_0016_4_", "bone": "root" },
	{ "name": "shi_ying_3_gj_0016_3_", "bone": "root" },
	{ "name": "shi_ying_3_gj_0016_2_", "bone": "root" },
	{ "name": "shi_ying_3_gj_0016_1_", "bone": "root" },
	{ "name": "shi_ying_3_gj_0016_0_", "bone": "root" },
	{ "name": "shi_ying_3_gj_0015_3_", "bone": "root" },
	{ "name": "shi_ying_3_gj_0015_2_", "bone": "root" },
	{ "name": "shi_ying_3_gj_0015_1_", "bone": "root" },
	{ "name": "shi_ying_3_gj_0015_0_", "bone": "root" },
	{ "name": "shi_ying_3_gj_0014_4_", "bone": "root" },
	{ "name": "shi_ying_3_gj_0014_3_", "bone": "root" },
	{ "name": "shi_ying_3_gj_0014_2_", "bone": "root" },
	{ "name": "shi_ying_3_gj_0014_1_", "bone": "root" },
	{ "name": "shi_ying_3_gj_0014_0_", "bone": "root" },
	{ "name": "shi_ying_3_gj_0013_4_", "bone": "root" },
	{ "name": "shi_ying_3_gj_0013_3_", "bone": "root" },
	{ "name": "shi_ying_3_gj_0013_2_", "bone": "root" },
	{ "name": "shi_ying_3_gj_0013_1_", "bone": "root" },
	{ "name": "shi_ying_3_gj_0013_0_", "bone": "root" },
	{ "name": "shi_ying_3_gj_0012_3_", "bone": "root" },
	{ "name": "shi_ying_3_gj_0012_2_", "bone": "root" },
	{ "name": "shi_ying_3_gj_0012_1_", "bone": "root" },
	{ "name": "shi_ying_3_gj_0012_0_", "bone": "root" },
	{ "name": "shi_ying_3_gj_0011_3_", "bone": "root" },
	{ "name": "shi_ying_3_gj_0011_2_", "bone": "root" },
	{ "name": "shi_ying_3_gj_0011_1_", "bone": "root" },
	{ "name": "shi_ying_3_gj_0011_0_", "bone": "root" },
	{ "name": "shi_ying_3_gj_0010_4_", "bone": "root" },
	{ "name": "shi_ying_3_gj_0010_3_", "bone": "root" },
	{ "name": "shi_ying_3_gj_0010_2_", "bone": "root" },
	{ "name": "shi_ying_3_gj_0010_1_", "bone": "root" },
	{ "name": "shi_ying_3_gj_0010_0_", "bone": "root" },
	{ "name": "shi_ying_3_gj_0009_3_", "bone": "root" },
	{ "name": "shi_ying_3_gj_0009_2_", "bone": "root" },
	{ "name": "shi_ying_3_gj_0009_1_", "bone": "root" },
	{ "name": "shi_ying_3_gj_0009_0_", "bone": "root" },
	{ "name": "shi_ying_3_gj_0008_3_", "bone": "root" },
	{ "name": "shi_ying_3_gj_0008_2_", "bone": "root" },
	{ "name": "shi_ying_3_gj_0008_1_", "bone": "root" },
	{ "name": "shi_ying_3_gj_0008_0_", "bone": "root" },
	{ "name": "shi_ying_3_gj_0007_4_", "bone": "root" },
	{ "name": "shi_ying_3_gj_0007_3_", "bone": "root" },
	{ "name": "shi_ying_3_gj_0007_2_", "bone": "root" },
	{ "name": "shi_ying_3_gj_0007_1_", "bone": "root" },
	{ "name": "shi_ying_3_gj_0007_0_", "bone": "root" },
	{ "name": "shi_ying_3_gj_0006_4_", "bone": "root" },
	{ "name": "shi_ying_3_gj_0006_3_", "bone": "root" },
	{ "name": "shi_ying_3_gj_0006_2_", "bone": "root" },
	{ "name": "shi_ying_3_gj_0006_1_", "bone": "root" },
	{ "name": "shi_ying_3_gj_0006_0_", "bone": "root" },
	{ "name": "shi_ying_3_gj_0005_5_", "bone": "root" },
	{ "name": "shi_ying_3_gj_0005_4_", "bone": "root" },
	{ "name": "shi_ying_3_gj_0005_3_", "bone": "root" },
	{ "name": "shi_ying_3_gj_0005_2_", "bone": "root" },
	{ "name": "shi_ying_3_gj_0005_1_", "bone": "root" },
	{ "name": "shi_ying_3_gj_0005_0_", "bone": "root" },
	{ "name": "shi_ying_3_gj_0004_4_", "bone": "root" },
	{ "name": "shi_ying_3_gj_0004_3_", "bone": "root" },
	{ "name": "shi_ying_3_gj_0004_2_", "bone": "root" },
	{ "name": "shi_ying_3_gj_0004_1_", "bone": "root" },
	{ "name": "shi_ying_3_gj_0004_0_", "bone": "root" },
	{ "name": "shi_ying_3_gj_0003_3_", "bone": "root" },
	{ "name": "shi_ying_3_gj_0003_2_", "bone": "root" },
	{ "name": "shi_ying_3_gj_0003_1_", "bone": "root" },
	{ "name": "shi_ying_3_gj_0003_0_", "bone": "root" },
	{ "name": "shi_ying_3_gj_0002_4_", "bone": "root" },
	{ "name": "shi_ying_3_gj_0002_3_", "bone": "root" },
	{ "name": "shi_ying_3_gj_0002_2_", "bone": "root" },
	{ "name": "shi_ying_3_gj_0002_1_", "bone": "root" },
	{ "name": "shi_ying_3_gj_0002_0_", "bone": "root" },
	{ "name": "shi_ying_3_gj_0001_5_", "bone": "root" },
	{ "name": "shi_ying_3_gj_0001_4_", "bone": "root" },
	{ "name": "shi_ying_3_gj_0001_3_", "bone": "root" },
	{ "name": "shi_ying_3_gj_0001_2_", "bone": "root" },
	{ "name": "shi_ying_3_gj_0001_1_", "bone": "root" },
	{ "name": "shi_ying_3_gj_0001_0_", "bone": "root" },
	{ "name": "shi_ying_3_gj_0000_5_", "bone": "root" },
	{ "name": "shi_ying_3_gj_0000_4_", "bone": "root" },
	{ "name": "shi_ying_3_gj_0000_3_", "bone": "root" },
	{ "name": "shi_ying_3_gj_0000_2_", "bone": "root" },
	{ "name": "shi_ying_3_gj_0000_1_", "bone": "root" },
	{ "name": "shi_ying_3_gj_0000_0_", "bone": "root" },
	{ "name": "shi_ying_0_3_daiji_0009_4_", "bone": "root" },
	{ "name": "shi_ying_0_3_daiji_0009_3_", "bone": "root" },
	{ "name": "shi_ying_0_3_daiji_0009_2_", "bone": "root" },
	{ "name": "shi_ying_0_3_daiji_0009_1_", "bone": "root" },
	{ "name": "shi_ying_0_3_daiji_0009_0_", "bone": "root" },
	{ "name": "shi_ying_0_3_daiji_0008_3_", "bone": "root" },
	{ "name": "shi_ying_0_3_daiji_0008_2_", "bone": "root" },
	{ "name": "shi_ying_0_3_daiji_0008_1_", "bone": "root" },
	{ "name": "shi_ying_0_3_daiji_0008_0_", "bone": "root" },
	{ "name": "shi_ying_0_3_daiji_0007_3_", "bone": "root" },
	{ "name": "shi_ying_0_3_daiji_0007_2_", "bone": "root" },
	{ "name": "shi_ying_0_3_daiji_0007_1_", "bone": "root" },
	{ "name": "shi_ying_0_3_daiji_0007_0_", "bone": "root" },
	{ "name": "shi_ying_0_3_daiji_0006_3_", "bone": "root" },
	{ "name": "shi_ying_0_3_daiji_0006_2_", "bone": "root" },
	{ "name": "shi_ying_0_3_daiji_0006_1_", "bone": "root" },
	{ "name": "shi_ying_0_3_daiji_0006_0_", "bone": "root" },
	{ "name": "shi_ying_0_3_daiji_0005_2_", "bone": "root" },
	{ "name": "shi_ying_0_3_daiji_0005_1_", "bone": "root" },
	{ "name": "shi_ying_0_3_daiji_0005_0_", "bone": "root" },
	{ "name": "shi_ying_0_3_daiji_0004_3_", "bone": "root" },
	{ "name": "shi_ying_0_3_daiji_0004_2_", "bone": "root" },
	{ "name": "shi_ying_0_3_daiji_0004_1_", "bone": "root" },
	{ "name": "shi_ying_0_3_daiji_0004_0_", "bone": "root" },
	{ "name": "shi_ying_0_3_daiji_0003_4_", "bone": "root" },
	{ "name": "shi_ying_0_3_daiji_0003_3_", "bone": "root" },
	{ "name": "shi_ying_0_3_daiji_0003_2_", "bone": "root" },
	{ "name": "shi_ying_0_3_daiji_0003_1_", "bone": "root" },
	{ "name": "shi_ying_0_3_daiji_0003_0_", "bone": "root" },
	{ "name": "shi_ying_0_3_daiji_0002_4_", "bone": "root" },
	{ "name": "shi_ying_0_3_daiji_0002_3_", "bone": "root" },
	{ "name": "shi_ying_0_3_daiji_0002_2_", "bone": "root" },
	{ "name": "shi_ying_0_3_daiji_0002_1_", "bone": "root" },
	{ "name": "shi_ying_0_3_daiji_0002_0_", "bone": "root" },
	{ "name": "shi_ying_0_3_daiji_0001_5_", "bone": "root" },
	{ "name": "shi_ying_0_3_daiji_0001_4_", "bone": "root" },
	{ "name": "shi_ying_0_3_daiji_0001_3_", "bone": "root" },
	{ "name": "shi_ying_0_3_daiji_0001_2_", "bone": "root" },
	{ "name": "shi_ying_0_3_daiji_0001_1_", "bone": "root" },
	{ "name": "shi_ying_0_3_daiji_0001_0_", "bone": "root" },
	{ "name": "shi_ying_0_3_daiji_0000_5_", "bone": "root" },
	{ "name": "shi_ying_0_3_daiji_0000_4_", "bone": "root" },
	{ "name": "shi_ying_0_3_daiji_0000_3_", "bone": "root" },
	{ "name": "shi_ying_0_3_daiji_0000_2_", "bone": "root" },
	{ "name": "shi_ying_0_3_daiji_0000_1_", "bone": "root" },
	{ "name": "shi_ying_0_3_daiji_0000_0_", "bone": "root" }
],
"skins": {
	"default": {
		"shi_ying_0_3_daiji_0000_0_": {
			"shi_ying_0_3_daiji_0000_0_": { "x": -17.5, "y": 63.99, "width": 37, "height": 66 }
		},
		"shi_ying_0_3_daiji_0000_1_": {
			"shi_ying_0_3_daiji_0000_1_": { "x": 41.99, "y": 61.49, "width": 82, "height": 51 }
		},
		"shi_ying_0_3_daiji_0000_2_": {
			"shi_ying_0_3_daiji_0000_2_": { "x": 85.5, "y": 178.99, "width": 61, "height": 70 }
		},
		"shi_ying_0_3_daiji_0000_3_": {
			"shi_ying_0_3_daiji_0000_3_": { "x": 4.99, "y": 151.49, "width": 42, "height": 109 }
		},
		"shi_ying_0_3_daiji_0000_4_": {
			"shi_ying_0_3_daiji_0000_4_": { "x": 40.49, "y": 196.49, "width": 29, "height": 99 }
		},
		"shi_ying_0_3_daiji_0000_5_": {
			"shi_ying_0_3_daiji_0000_5_": { "x": 65, "y": 115.99, "width": 86, "height": 58 }
		},
		"shi_ying_0_3_daiji_0001_0_": {
			"shi_ying_0_3_daiji_0001_0_": { "x": -14.5, "y": 68.49, "width": 45, "height": 73 }
		},
		"shi_ying_0_3_daiji_0001_1_": {
			"shi_ying_0_3_daiji_0001_1_": { "y": 132.99, "width": 56, "height": 56 }
		},
		"shi_ying_0_3_daiji_0001_2_": {
			"shi_ying_0_3_daiji_0001_2_": { "x": 55, "y": 60.99, "width": 94, "height": 50 }
		},
		"shi_ying_0_3_daiji_0001_3_": {
			"shi_ying_0_3_daiji_0001_3_": { "x": 99, "y": 137.99, "width": 50, "height": 104 }
		},
		"shi_ying_0_3_daiji_0001_4_": {
			"shi_ying_0_3_daiji_0001_4_": { "x": 10.49, "y": 196.99, "width": 69, "height": 72 }
		},
		"shi_ying_0_3_daiji_0001_5_": {
			"shi_ying_0_3_daiji_0001_5_": { "x": 53, "y": 106.49, "width": 42, "height": 41 }
		},
		"shi_ying_0_3_daiji_0002_0_": {
			"shi_ying_0_3_daiji_0002_0_": { "x": -15.5, "y": 74.99, "width": 51, "height": 80 }
		},
		"shi_ying_0_3_daiji_0002_1_": {
			"shi_ying_0_3_daiji_0002_1_": { "x": -28.5, "y": 169.49, "width": 57, "height": 109 }
		},
		"shi_ying_0_3_daiji_0002_2_": {
			"shi_ying_0_3_daiji_0002_2_": { "x": 27.99, "y": 61.49, "width": 36, "height": 51 }
		},
		"shi_ying_0_3_daiji_0002_3_": {
			"shi_ying_0_3_daiji_0002_3_": { "x": 117, "y": 103.49, "width": 48, "height": 51 }
		},
		"shi_ying_0_3_daiji_0002_4_": {
			"shi_ying_0_3_daiji_0002_4_": { "x": 90.5, "y": 55.49, "width": 89, "height": 45 }
		},
		"shi_ying_0_3_daiji_0003_0_": {
			"shi_ying_0_3_daiji_0003_0_": { "x": -12, "y": 76.49, "width": 46, "height": 77 }
		},
		"shi_ying_0_3_daiji_0003_1_": {
			"shi_ying_0_3_daiji_0003_1_": { "x": 32.49, "y": 64.49, "width": 43, "height": 47 }
		},
		"shi_ying_0_3_daiji_0003_2_": {
			"shi_ying_0_3_daiji_0003_2_": { "x": -72, "y": 115.49, "width": 74, "height": 67 }
		},
		"shi_ying_0_3_daiji_0003_3_": {
			"shi_ying_0_3_daiji_0003_3_": { "x": 82, "y": 29.99, "width": 142, "height": 132 }
		},
		"shi_ying_0_3_daiji_0003_4_": {
			"shi_ying_0_3_daiji_0003_4_": { "x": 66, "y": 19.99, "width": 104, "height": 42 }
		},
		"shi_ying_0_3_daiji_0004_0_": {
			"shi_ying_0_3_daiji_0004_0_": { "x": -7, "y": 100.99, "width": 50, "height": 28 }
		},
		"shi_ying_0_3_daiji_0004_1_": {
			"shi_ying_0_3_daiji_0004_1_": { "x": -3, "y": 64.49, "width": 104, "height": 47 }
		},
		"shi_ying_0_3_daiji_0004_2_": {
			"shi_ying_0_3_daiji_0004_2_": { "x": 29.49, "y": -20.5, "width": 41, "height": 123 }
		},
		"shi_ying_0_3_daiji_0004_3_": {
			"shi_ying_0_3_daiji_0004_3_": { "x": -53.5, "y": 20.49, "width": 71, "height": 43 }
		},
		"shi_ying_0_3_daiji_0005_0_": {
			"shi_ying_0_3_daiji_0005_0_": { "x": -13.5, "y": 99.99, "width": 57, "height": 28 }
		},
		"shi_ying_0_3_daiji_0005_1_": {
			"shi_ying_0_3_daiji_0005_1_": { "x": 9.49, "y": 13.99, "width": 117, "height": 82 }
		},
		"shi_ying_0_3_daiji_0005_2_": {
			"shi_ying_0_3_daiji_0005_2_": { "x": 1.49, "y": 70.49, "width": 105, "height": 31 }
		},
		"shi_ying_0_3_daiji_0006_0_": {
			"shi_ying_0_3_daiji_0006_0_": { "x": -22, "y": 104.99, "width": 74, "height": 40 }
		},
		"shi_ying_0_3_daiji_0006_1_": {
			"shi_ying_0_3_daiji_0006_1_": { "x": -23, "y": 51.99, "width": 68, "height": 66 }
		},
		"shi_ying_0_3_daiji_0006_2_": {
			"shi_ying_0_3_daiji_0006_2_": { "x": 34.99, "y": -24, "width": 64, "height": 46 }
		},
		"shi_ying_0_3_daiji_0006_3_": {
			"shi_ying_0_3_daiji_0006_3_": { "x": 44.5, "y": 41.99, "width": 67, "height": 86 }
		},
		"shi_ying_0_3_daiji_0007_0_": {
			"shi_ying_0_3_daiji_0007_0_": { "x": -30.5, "y": 145.49, "width": 107, "height": 27 }
		},
		"shi_ying_0_3_daiji_0007_1_": {
			"shi_ying_0_3_daiji_0007_1_": { "x": 66, "y": 51.49, "width": 60, "height": 109 }
		},
		"shi_ying_0_3_daiji_0007_2_": {
			"shi_ying_0_3_daiji_0007_2_": { "x": 1.99, "y": 70.49, "width": 68, "height": 71 }
		},
		"shi_ying_0_3_daiji_0007_3_": {
			"shi_ying_0_3_daiji_0007_3_": { "x": 0.49, "y": 118.99, "width": 49, "height": 26 }
		},
		"shi_ying_0_3_daiji_0008_0_": {
			"shi_ying_0_3_daiji_0008_0_": { "x": 11.99, "y": 65.49, "width": 88, "height": 67 }
		},
		"shi_ying_0_3_daiji_0008_1_": {
			"shi_ying_0_3_daiji_0008_1_": { "x": 80, "y": 127.49, "width": 48, "height": 57 }
		},
		"shi_ying_0_3_daiji_0008_2_": {
			"shi_ying_0_3_daiji_0008_2_": { "x": 1.99, "y": 191.49, "width": 68, "height": 69 }
		},
		"shi_ying_0_3_daiji_0008_3_": {
			"shi_ying_0_3_daiji_0008_3_": { "x": 24.49, "y": 127.99, "width": 63, "height": 58 }
		},
		"shi_ying_0_3_daiji_0009_0_": {
			"shi_ying_0_3_daiji_0009_0_": { "x": -14.5, "y": 63.49, "width": 41, "height": 65 }
		},
		"shi_ying_0_3_daiji_0009_1_": {
			"shi_ying_0_3_daiji_0009_1_": { "x": 85, "y": 144.99, "width": 62, "height": 138 }
		},
		"shi_ying_0_3_daiji_0009_2_": {
			"shi_ying_0_3_daiji_0009_2_": { "x": 29.99, "y": 66.49, "width": 48, "height": 59 }
		},
		"shi_ying_0_3_daiji_0009_3_": {
			"shi_ying_0_3_daiji_0009_3_": { "x": 20.49, "y": 132.49, "width": 67, "height": 73 }
		},
		"shi_ying_0_3_daiji_0009_4_": {
			"shi_ying_0_3_daiji_0009_4_": { "x": 12.49, "y": 174.49, "width": 65, "height": 157 }
		},
		"shi_ying_3_gj_0000_0_": {
			"shi_ying_3_gj_0000_0_": { "x": -14, "y": 64.99, "width": 44, "height": 68 }
		},
		"shi_ying_3_gj_0000_1_": {
			"shi_ying_3_gj_0000_1_": { "x": 42.99, "y": 59.99, "width": 70, "height": 48 }
		},
		"shi_ying_3_gj_0000_2_": {
			"shi_ying_3_gj_0000_2_": { "x": 62.5, "y": 107.99, "width": 85, "height": 52 }
		},
		"shi_ying_3_gj_0000_3_": {
			"shi_ying_3_gj_0000_3_": { "x": 11.99, "y": 131.49, "width": 56, "height": 65 }
		},
		"shi_ying_3_gj_0000_4_": {
			"shi_ying_3_gj_0000_4_": { "x": 62, "y": 148.99, "width": 108, "height": 130 }
		},
		"shi_ying_3_gj_0000_5_": {
			"shi_ying_3_gj_0000_5_": { "x": 27.49, "y": 204.99, "width": 57, "height": 82 }
		},
		"shi_ying_3_gj_0001_0_": {
			"shi_ying_3_gj_0001_0_": { "x": -17, "y": 60.49, "width": 54, "height": 65 }
		},
		"shi_ying_3_gj_0001_1_": {
			"shi_ying_3_gj_0001_1_": { "x": 26.99, "y": 59.99, "width": 34, "height": 50 }
		},
		"shi_ying_3_gj_0001_2_": {
			"shi_ying_3_gj_0001_2_": { "x": -29, "y": 115.99, "width": 56, "height": 46 }
		},
		"shi_ying_3_gj_0001_3_": {
			"shi_ying_3_gj_0001_3_": { "x": 87, "y": 47.99, "width": 86, "height": 34 }
		},
		"shi_ying_3_gj_0001_4_": {
			"shi_ying_3_gj_0001_4_": { "x": -27.5, "y": 177.99, "width": 51, "height": 78 }
		},
		"shi_ying_3_gj_0001_5_": {
			"shi_ying_3_gj_0001_5_": { "x": 104.5, "y": 94.99, "width": 69, "height": 60 }
		},
		"shi_ying_3_gj_0002_0_": {
			"shi_ying_3_gj_0002_0_": { "x": -13, "y": 82.49, "width": 54, "height": 83 }
		},
		"shi_ying_3_gj_0002_1_": {
			"shi_ying_3_gj_0002_1_": { "x": 27.49, "y": 61.99, "width": 27, "height": 64 }
		},
		"shi_ying_3_gj_0002_2_": {
			"shi_ying_3_gj_0002_2_": { "x": -70.5, "y": 124.49, "width": 61, "height": 59 }
		},
		"shi_ying_3_gj_0002_3_": {
			"shi_ying_3_gj_0002_3_": { "x": 65, "y": 24.99, "width": 48, "height": 80 }
		},
		"shi_ying_3_gj_0002_4_": {
			"shi_ying_3_gj_0002_4_": { "x": 59, "y": 22.99, "width": 200, "height": 124 }
		},
		"shi_ying_3_gj_0003_0_": {
			"shi_ying_3_gj_0003_0_": { "x": 48, "y": 2.99, "width": 72, "height": 70 }
		},
		"shi_ying_3_gj_0003_1_": {
			"shi_ying_3_gj_0003_1_": { "x": 60, "y": 79.49, "width": 70, "height": 83 }
		},
		"shi_ying_3_gj_0003_2_": {
			"shi_ying_3_gj_0003_2_": { "x": 9.99, "y": 107.99, "width": 40, "height": 100 }
		},
		"shi_ying_3_gj_0003_3_": {
			"shi_ying_3_gj_0003_3_": { "x": -45, "y": 111.49, "width": 70, "height": 75 }
		},
		"shi_ying_3_gj_0004_0_": {
			"shi_ying_3_gj_0004_0_": { "x": 40.99, "y": 198.99, "width": 62, "height": 66 }
		},
		"shi_ying_3_gj_0004_1_": {
			"shi_ying_3_gj_0004_1_": { "x": 36.99, "y": 150.99, "width": 70, "height": 30 }
		},
		"shi_ying_3_gj_0004_2_": {
			"shi_ying_3_gj_0004_2_": { "x": 33.49, "y": 94.49, "width": 49, "height": 83 }
		},
		"shi_ying_3_gj_0004_3_": {
			"shi_ying_3_gj_0004_3_": { "x": 16.5, "y": 256.99, "width": 103, "height": 50 }
		},
		"shi_ying_3_gj_0004_4_": {
			"shi_ying_3_gj_0004_4_": { "x": 123, "y": 184.99, "width": 102, "height": 64 }
		},
		"shi_ying_3_gj_0005_0_": {
			"shi_ying_3_gj_0005_0_": { "x": 40.99, "y": 159.49, "width": 54, "height": 61 }
		},
		"shi_ying_3_gj_0005_1_": {
			"shi_ying_3_gj_0005_1_": { "x": 40.99, "y": 95.99, "width": 48, "height": 66 }
		},
		"shi_ying_3_gj_0005_2_": {
			"shi_ying_3_gj_0005_2_": { "x": 96, "y": 200.99, "width": 64, "height": 98 }
		},
		"shi_ying_3_gj_0005_3_": {
			"shi_ying_3_gj_0005_3_": { "x": 103.5, "y": 291.99, "width": 55, "height": 84 }
		},
		"shi_ying_3_gj_0005_4_": {
			"shi_ying_3_gj_0005_4_": { "x": 44, "y": 224.99, "width": 64, "height": 244 }
		},
		"shi_ying_3_gj_0005_5_": {
			"shi_ying_3_gj_0005_5_": { "x": 50.5, "y": 225.99, "width": 33, "height": 72 }
		},
		"shi_ying_3_gj_0006_0_": {
			"shi_ying_3_gj_0006_0_": { "x": 39.99, "y": 109.99, "width": 58, "height": 92 }
		},
		"shi_ying_3_gj_0006_1_": {
			"shi_ying_3_gj_0006_1_": { "x": 36.99, "y": 194.99, "width": 56, "height": 78 }
		},
		"shi_ying_3_gj_0006_2_": {
			"shi_ying_3_gj_0006_2_": { "x": 136, "y": 232.49, "width": 80, "height": 103 }
		},
		"shi_ying_3_gj_0006_3_": {
			"shi_ying_3_gj_0006_3_": { "x": 116, "y": 159.49, "width": 94, "height": 43 }
		},
		"shi_ying_3_gj_0006_4_": {
			"shi_ying_3_gj_0006_4_": { "x": 44, "y": 274.99, "width": 66, "height": 82 }
		},
		"shi_ying_3_gj_0007_0_": {
			"shi_ying_3_gj_0007_0_": { "x": -31.5, "y": 182.49, "width": 41, "height": 61 }
		},
		"shi_ying_3_gj_0007_1_": {
			"shi_ying_3_gj_0007_1_": { "x": 35.49, "y": 167.49, "width": 47, "height": 37 }
		},
		"shi_ying_3_gj_0007_2_": {
			"shi_ying_3_gj_0007_2_": { "x": 16, "y": 137.99, "width": 100, "height": 28 }
		},
		"shi_ying_3_gj_0007_3_": {
			"shi_ying_3_gj_0007_3_": { "x": 41.49, "y": 93.49, "width": 63, "height": 61 }
		},
		"shi_ying_3_gj_0007_4_": {
			"shi_ying_3_gj_0007_4_": { "x": 136, "y": 91.99, "width": 126, "height": 46 }
		},
		"shi_ying_3_gj_0008_0_": {
			"shi_ying_3_gj_0008_0_": { "x": 31.99, "y": 178.49, "width": 52, "height": 37 }
		},
		"shi_ying_3_gj_0008_1_": {
			"shi_ying_3_gj_0008_1_": { "x": 44, "y": 109.99, "width": 54, "height": 100 }
		},
		"shi_ying_3_gj_0008_2_": {
			"shi_ying_3_gj_0008_2_": { "x": -30.5, "y": 67.49, "width": 95, "height": 77 }
		},
		"shi_ying_3_gj_0008_3_": {
			"shi_ying_3_gj_0008_3_": { "x": -9, "y": 132.99, "width": 52, "height": 54 }
		},
		"shi_ying_3_gj_0009_0_": {
			"shi_ying_3_gj_0009_0_": { "x": 88, "y": 144.99, "width": 44, "height": 98 }
		},
		"shi_ying_3_gj_0009_1_": {
			"shi_ying_3_gj_0009_1_": { "x": 49, "y": 153.99, "width": 36, "height": 138 }
		},
		"shi_ying_3_gj_0009_2_": {
			"shi_ying_3_gj_0009_2_": { "x": 29.99, "y": 168.99, "width": 76, "height": 110 }
		},
		"shi_ying_3_gj_0009_3_": {
			"shi_ying_3_gj_0009_3_": { "x": 2.99, "y": 97.49, "width": 56, "height": 33 }
		},
		"shi_ying_3_gj_0010_0_": {
			"shi_ying_3_gj_0010_0_": { "x": 61.5, "y": 162.99, "width": 59, "height": 118 }
		},
		"shi_ying_3_gj_0010_1_": {
			"shi_ying_3_gj_0010_1_": { "x": 31.49, "y": 234.49, "width": 99, "height": 27 }
		},
		"shi_ying_3_gj_0010_2_": {
			"shi_ying_3_gj_0010_2_": { "x": -3.5, "y": 193.99, "width": 71, "height": 54 }
		},
		"shi_ying_3_gj_0010_3_": {
			"shi_ying_3_gj_0010_3_": { "x": 134.5, "y": 133.99, "width": 53, "height": 94 }
		},
		"shi_ying_3_gj_0010_4_": {
			"shi_ying_3_gj_0010_4_": { "x": 123.5, "y": 197.49, "width": 65, "height": 33 }
		},
		"shi_ying_3_gj_0011_0_": {
			"shi_ying_3_gj_0011_0_": { "x": 64.5, "y": 146.99, "width": 53, "height": 90 }
		},
		"shi_ying_3_gj_0011_1_": {
			"shi_ying_3_gj_0011_1_": { "x": 67, "y": 333.99, "width": 74, "height": 110 }
		},
		"shi_ying_3_gj_0011_2_": {
			"shi_ying_3_gj_0011_2_": { "x": 69, "y": 227.49, "width": 68, "height": 103 }
		},
		"shi_ying_3_gj_0011_3_": {
			"shi_ying_3_gj_0011_3_": { "x": 146.5, "y": 282.99, "width": 87, "height": 150 }
		},
		"shi_ying_3_gj_0012_0_": {
			"shi_ying_3_gj_0012_0_": { "x": 54.5, "y": 167.49, "width": 63, "height": 145 }
		},
		"shi_ying_3_gj_0012_1_": {
			"shi_ying_3_gj_0012_1_": { "x": 66, "y": 303.99, "width": 72, "height": 128 }
		},
		"shi_ying_3_gj_0012_2_": {
			"shi_ying_3_gj_0012_2_": { "x": 124.5, "y": 195.99, "width": 77, "height": 24 }
		},
		"shi_ying_3_gj_0012_3_": {
			"shi_ying_3_gj_0012_3_": { "x": 146.5, "y": 277.49, "width": 81, "height": 139 }
		},
		"shi_ying_3_gj_0013_0_": {
			"shi_ying_3_gj_0013_0_": { "x": 44.5, "y": 131.49, "width": 55, "height": 99 }
		},
		"shi_ying_3_gj_0013_1_": {
			"shi_ying_3_gj_0013_1_": { "x": 125.5, "y": 152.49, "width": 107, "height": 33 }
		},
		"shi_ying_3_gj_0013_2_": {
			"shi_ying_3_gj_0013_2_": { "x": 54.5, "y": 205.99, "width": 45, "height": 50 }
		},
		"shi_ying_3_gj_0013_3_": {
			"shi_ying_3_gj_0013_3_": { "x": 124.5, "y": 157.99, "width": 219, "height": 104 }
		},
		"shi_ying_3_gj_0013_4_": {
			"shi_ying_3_gj_0013_4_": { "x": 11.49, "y": 239.49, "width": 41, "height": 113 }
		},
		"shi_ying_3_gj_0014_0_": {
			"shi_ying_3_gj_0014_0_": { "x": -44, "y": 145.99, "width": 96, "height": 42 }
		},
		"shi_ying_3_gj_0014_1_": {
			"shi_ying_3_gj_0014_1_": { "x": 31.49, "y": 149.49, "width": 55, "height": 71 }
		},
		"shi_ying_3_gj_0014_2_": {
			"shi_ying_3_gj_0014_2_": { "x": 33.99, "y": 90.99, "width": 48, "height": 46 }
		},
		"shi_ying_3_gj_0014_3_": {
			"shi_ying_3_gj_0014_3_": { "x": 90.5, "y": 110.49, "width": 63, "height": 51 }
		},
		"shi_ying_3_gj_0014_4_": {
			"shi_ying_3_gj_0014_4_": { "x": 85.5, "y": 59.99, "width": 153, "height": 108 }
		},
		"shi_ying_3_gj_0015_0_": {
			"shi_ying_3_gj_0015_0_": { "x": 85.5, "y": 53.99, "width": 63, "height": 130 }
		},
		"shi_ying_3_gj_0015_1_": {
			"shi_ying_3_gj_0015_1_": { "x": 15, "y": 87.99, "width": 78, "height": 68 }
		},
		"shi_ying_3_gj_0015_2_": {
			"shi_ying_3_gj_0015_2_": { "x": 10.49, "y": 147.99, "width": 49, "height": 52 }
		},
		"shi_ying_3_gj_0015_3_": {
			"shi_ying_3_gj_0015_3_": { "x": -46.5, "y": 146.99, "width": 65, "height": 60 }
		},
		"shi_ying_3_gj_0016_0_": {
			"shi_ying_3_gj_0016_0_": { "x": 1.49, "y": 70.49, "width": 47, "height": 77 }
		},
		"shi_ying_3_gj_0016_1_": {
			"shi_ying_3_gj_0016_1_": { "x": 36.99, "y": 79.99, "width": 28, "height": 76 }
		},
		"shi_ying_3_gj_0016_2_": {
			"shi_ying_3_gj_0016_2_": { "x": 1.49, "y": 138.49, "width": 43, "height": 59 }
		},
		"shi_ying_3_gj_0016_3_": {
			"shi_ying_3_gj_0016_3_": { "x": 94.5, "y": 93.99, "width": 87, "height": 48 }
		},
		"shi_ying_3_gj_0016_4_": {
			"shi_ying_3_gj_0016_4_": { "x": -53.5, "y": 160.49, "width": 67, "height": 27 }
		},
		"shi_ying_3_gj_0016_5_": {
			"shi_ying_3_gj_0016_5_": { "x": -29.5, "y": 64.99, "width": 15, "height": 50 }
		},
		"shi_ying_3_gj_0017_0_": {
			"shi_ying_3_gj_0017_0_": { "x": -17, "y": 51.99, "width": 48, "height": 78 }
		},
		"shi_ying_3_gj_0017_1_": {
			"shi_ying_3_gj_0017_1_": { "x": -10.5, "y": 141.99, "width": 45, "height": 102 }
		},
		"shi_ying_3_gj_0017_2_": {
			"shi_ying_3_gj_0017_2_": { "x": 18.99, "y": 67.49, "width": 24, "height": 87 }
		},
		"shi_ying_3_gj_0017_3_": {
			"shi_ying_3_gj_0017_3_": { "x": -65, "y": 162.49, "width": 64, "height": 63 }
		},
		"shi_ying_3_gj_0017_4_": {
			"shi_ying_3_gj_0017_4_": { "x": 79.5, "y": 94.99, "width": 97, "height": 94 }
		},
		"shi_ying_3_gj_0018_0_": {
			"shi_ying_3_gj_0018_0_": { "x": -4, "y": 169.99, "width": 72, "height": 108 }
		},
		"shi_ying_3_gj_0018_1_": {
			"shi_ying_3_gj_0018_1_": { "x": 66.5, "y": 117.49, "width": 93, "height": 117 }
		},
		"shi_ying_3_gj_0018_2_": {
			"shi_ying_3_gj_0018_2_": { "x": 0.49, "y": 64.49, "width": 39, "height": 103 }
		},
		"shi_ying_3_gj_0018_3_": {
			"shi_ying_3_gj_0018_3_": { "x": -28.5, "y": 48.49, "width": 19, "height": 57 }
		},
		"shi_ying_3_gj_0018_4_": {
			"shi_ying_3_gj_0018_4_": { "x": 42.49, "y": 43.49, "width": 45, "height": 31 }
		},
		"shi_ying_3_gj_0019_0_": {
			"shi_ying_3_gj_0019_0_": { "x": -24.5, "y": 59.99, "width": 23, "height": 58 }
		},
		"shi_ying_3_gj_0019_1_": {
			"shi_ying_3_gj_0019_1_": { "x": 30.49, "y": 198.49, "width": 53, "height": 91 }
		},
		"shi_ying_3_gj_0019_2_": {
			"shi_ying_3_gj_0019_2_": { "x": 87.5, "y": 179.49, "width": 59, "height": 53 }
		},
		"shi_ying_3_gj_0019_3_": {
			"shi_ying_3_gj_0019_3_": { "x": 23.49, "y": 42.99, "width": 73, "height": 38 }
		},
		"shi_ying_3_gj_0019_4_": {
			"shi_ying_3_gj_0019_4_": { "x": 47.5, "y": 107.49, "width": 121, "height": 91 }
		},
		"shi_ying_3_gj_0020_0_": {
			"shi_ying_3_gj_0020_0_": { "x": -16, "y": 61.99, "width": 40, "height": 64 }
		},
		"shi_ying_3_gj_0020_1_": {
			"shi_ying_3_gj_0020_1_": { "x": -0.5, "y": 142.99, "width": 51, "height": 98 }
		},
		"shi_ying_3_gj_0020_2_": {
			"shi_ying_3_gj_0020_2_": { "x": 40.99, "y": 58.49, "width": 74, "height": 47 }
		},
		"shi_ying_3_gj_0020_3_": {
			"shi_ying_3_gj_0020_3_": { "x": 61.5, "y": 112.99, "width": 91, "height": 62 }
		},
		"shi_ying_3_gj_0020_4_": {
			"shi_ying_3_gj_0020_4_": { "x": 31.49, "y": 163.99, "width": 55, "height": 164 }
		},
		"shi_ying_3_gj_0020_5_": {
			"shi_ying_3_gj_0020_5_": { "x": 91, "y": 192.99, "width": 48, "height": 46 }
		},
		"shi_ying_3_gj_0020_6_": {
			"shi_ying_3_gj_0020_6_": { "x": 83, "y": 156.99, "width": 60, "height": 26 }
		},
		"shi_ying_gj_fx_00_": {
			"shi_ying_gj_fx_00_": { "x": 76.5, "y": 111.99, "width": 103, "height": 188 }
		},
		"shi_ying_gj_fx_01_0_": {
			"shi_ying_gj_fx_01_0_": { "x": -107.5, "y": 104.49, "width": 77, "height": 183 }
		},
		"shi_ying_gj_fx_01_1_": {
			"shi_ying_gj_fx_01_1_": { "x": 22.99, "y": 2.49, "width": 200, "height": 107 }
		},
		"shi_ying_gj_fx_01_2_": {
			"shi_ying_gj_fx_01_2_": { "x": 90.5, "y": 150.99, "width": 107, "height": 190 }
		},
		"shi_ying_gj_fx_01_3_": {
			"shi_ying_gj_fx_01_3_": { "x": -28, "y": 149.99, "width": 130, "height": 188 }
		},
		"shi_ying_gj_fx_02_0_": {
			"shi_ying_gj_fx_02_0_": { "x": -98.5, "y": 132.99, "width": 121, "height": 188 }
		},
		"shi_ying_gj_fx_02_1_": {
			"shi_ying_gj_fx_02_1_": { "x": 48.5, "y": 189.49, "width": 179, "height": 111 }
		},
		"shi_ying_gj_fx_02_2_": {
			"shi_ying_gj_fx_02_2_": { "x": 0.49, "y": 43.49, "width": 277, "height": 181 }
		},
		"shi_ying_gj_fx_03_": {
			"shi_ying_gj_fx_03_": { "x": -15, "y": 96.49, "width": 300, "height": 297 }
		},
		"shi_ying_gj_fx_04_": {
			"shi_ying_gj_fx_04_": { "x": -15.5, "y": 94.49, "width": 305, "height": 293 }
		},
		"shi_ying_gj_fx_05_": {
			"shi_ying_gj_fx_05_": { "x": 69.5, "y": 79.99, "width": 135, "height": 254 }
		},
		"siwang_0_": {
			"siwang_0_": { "x": 7.49, "y": 72.99, "width": 101, "height": 124 }
		},
		"siwang_1_": {
			"siwang_1_": { "x": 7.49, "y": 66.99, "width": 119, "height": 138 }
		},
		"siwang_2_": {
			"siwang_2_": { "x": 8.49, "y": 62.99, "width": 129, "height": 140 }
		},
		"siwang_3_": {
			"siwang_3_": { "x": -10, "y": 58.99, "width": 162, "height": 140 }
		},
		"siwang_4_": {
			"siwang_4_": { "x": -10, "y": 59.99, "width": 164, "height": 142 }
		},
		"siwang_5_": {
			"siwang_5_": { "x": -13, "y": 55.99, "width": 158, "height": 152 }
		},
		"siwang_6_": {
			"siwang_6_": { "x": -1.5, "y": 18.99, "width": 97, "height": 60 }
		}
	}
},
"animations": {
	"dj": {
		"slots": {
			"shi_ying_0_3_daiji_0000_0_": {
				"attachment": [
					{ "time": 0, "name": "shi_ying_0_3_daiji_0000_0_" },
					{ "time": 0.1, "name": "shi_ying_0_3_daiji_0000_0_" },
					{ "time": 0.1333, "name": null },
					{ "time": 1.3, "name": null }
				]
			},
			"shi_ying_0_3_daiji_0000_1_": {
				"attachment": [
					{ "time": 0, "name": "shi_ying_0_3_daiji_0000_1_" },
					{ "time": 0.1, "name": "shi_ying_0_3_daiji_0000_1_" },
					{ "time": 0.1333, "name": null },
					{ "time": 1.3, "name": null }
				]
			},
			"shi_ying_0_3_daiji_0000_2_": {
				"attachment": [
					{ "time": 0, "name": "shi_ying_0_3_daiji_0000_2_" },
					{ "time": 0.1, "name": "shi_ying_0_3_daiji_0000_2_" },
					{ "time": 0.1333, "name": null },
					{ "time": 1.3, "name": null }
				]
			},
			"shi_ying_0_3_daiji_0000_3_": {
				"attachment": [
					{ "time": 0, "name": "shi_ying_0_3_daiji_0000_3_" },
					{ "time": 0.1, "name": "shi_ying_0_3_daiji_0000_3_" },
					{ "time": 0.1333, "name": null },
					{ "time": 1.3, "name": null }
				]
			},
			"shi_ying_0_3_daiji_0000_4_": {
				"attachment": [
					{ "time": 0, "name": "shi_ying_0_3_daiji_0000_4_" },
					{ "time": 0.1, "name": "shi_ying_0_3_daiji_0000_4_" },
					{ "time": 0.1333, "name": null },
					{ "time": 1.3, "name": null }
				]
			},
			"shi_ying_0_3_daiji_0000_5_": {
				"attachment": [
					{ "time": 0, "name": "shi_ying_0_3_daiji_0000_5_" },
					{ "time": 0.1, "name": "shi_ying_0_3_daiji_0000_5_" },
					{ "time": 0.1333, "name": null },
					{ "time": 1.3, "name": null }
				]
			},
			"shi_ying_0_3_daiji_0001_0_": {
				"attachment": [
					{ "time": 0, "name": null },
					{ "time": 0.1, "name": null },
					{ "time": 0.1333, "name": "shi_ying_0_3_daiji_0001_0_" },
					{ "time": 0.2333, "name": "shi_ying_0_3_daiji_0001_0_" },
					{ "time": 0.2666, "name": null },
					{ "time": 1.3, "name": null }
				]
			},
			"shi_ying_0_3_daiji_0001_1_": {
				"attachment": [
					{ "time": 0, "name": null },
					{ "time": 0.1, "name": null },
					{ "time": 0.1333, "name": "shi_ying_0_3_daiji_0001_1_" },
					{ "time": 0.2333, "name": "shi_ying_0_3_daiji_0001_1_" },
					{ "time": 0.2666, "name": null },
					{ "time": 1.3, "name": null }
				]
			},
			"shi_ying_0_3_daiji_0001_2_": {
				"attachment": [
					{ "time": 0, "name": null },
					{ "time": 0.1, "name": null },
					{ "time": 0.1333, "name": "shi_ying_0_3_daiji_0001_2_" },
					{ "time": 0.2333, "name": "shi_ying_0_3_daiji_0001_2_" },
					{ "time": 0.2666, "name": null },
					{ "time": 1.3, "name": null }
				]
			},
			"shi_ying_0_3_daiji_0001_3_": {
				"attachment": [
					{ "time": 0, "name": null },
					{ "time": 0.1, "name": null },
					{ "time": 0.1333, "name": "shi_ying_0_3_daiji_0001_3_" },
					{ "time": 0.2333, "name": "shi_ying_0_3_daiji_0001_3_" },
					{ "time": 0.2666, "name": null },
					{ "time": 1.3, "name": null }
				]
			},
			"shi_ying_0_3_daiji_0001_4_": {
				"attachment": [
					{ "time": 0, "name": null },
					{ "time": 0.1, "name": null },
					{ "time": 0.1333, "name": "shi_ying_0_3_daiji_0001_4_" },
					{ "time": 0.2333, "name": "shi_ying_0_3_daiji_0001_4_" },
					{ "time": 0.2666, "name": null },
					{ "time": 1.3, "name": null }
				]
			},
			"shi_ying_0_3_daiji_0001_5_": {
				"attachment": [
					{ "time": 0, "name": null },
					{ "time": 0.1, "name": null },
					{ "time": 0.1333, "name": "shi_ying_0_3_daiji_0001_5_" },
					{ "time": 0.2333, "name": "shi_ying_0_3_daiji_0001_5_" },
					{ "time": 0.2666, "name": null },
					{ "time": 1.3, "name": null }
				]
			},
			"shi_ying_0_3_daiji_0002_0_": {
				"attachment": [
					{ "time": 0, "name": null },
					{ "time": 0.2333, "name": null },
					{ "time": 0.2666, "name": "shi_ying_0_3_daiji_0002_0_" },
					{ "time": 0.3666, "name": "shi_ying_0_3_daiji_0002_0_" },
					{ "time": 0.4, "name": null },
					{ "time": 1.3, "name": null }
				]
			},
			"shi_ying_0_3_daiji_0002_1_": {
				"attachment": [
					{ "time": 0, "name": null },
					{ "time": 0.2333, "name": null },
					{ "time": 0.2666, "name": "shi_ying_0_3_daiji_0002_1_" },
					{ "time": 0.3666, "name": "shi_ying_0_3_daiji_0002_1_" },
					{ "time": 0.4, "name": null },
					{ "time": 1.3, "name": null }
				]
			},
			"shi_ying_0_3_daiji_0002_2_": {
				"attachment": [
					{ "time": 0, "name": null },
					{ "time": 0.2333, "name": null },
					{ "time": 0.2666, "name": "shi_ying_0_3_daiji_0002_2_" },
					{ "time": 0.3666, "name": "shi_ying_0_3_daiji_0002_2_" },
					{ "time": 0.4, "name": null },
					{ "time": 1.3, "name": null }
				]
			},
			"shi_ying_0_3_daiji_0002_3_": {
				"attachment": [
					{ "time": 0, "name": null },
					{ "time": 0.2333, "name": null },
					{ "time": 0.2666, "name": "shi_ying_0_3_daiji_0002_3_" },
					{ "time": 0.3666, "name": "shi_ying_0_3_daiji_0002_3_" },
					{ "time": 0.4, "name": null },
					{ "time": 1.3, "name": null }
				]
			},
			"shi_ying_0_3_daiji_0002_4_": {
				"attachment": [
					{ "time": 0, "name": null },
					{ "time": 0.2333, "name": null },
					{ "time": 0.2666, "name": "shi_ying_0_3_daiji_0002_4_" },
					{ "time": 0.3666, "name": "shi_ying_0_3_daiji_0002_4_" },
					{ "time": 0.4, "name": null },
					{ "time": 1.3, "name": null }
				]
			},
			"shi_ying_0_3_daiji_0003_0_": {
				"attachment": [
					{ "time": 0, "name": null },
					{ "time": 0.3666, "name": null },
					{ "time": 0.4, "name": "shi_ying_0_3_daiji_0003_0_" },
					{ "time": 0.5, "name": "shi_ying_0_3_daiji_0003_0_" },
					{ "time": 0.5333, "name": null },
					{ "time": 1.3, "name": null }
				]
			},
			"shi_ying_0_3_daiji_0003_1_": {
				"attachment": [
					{ "time": 0, "name": null },
					{ "time": 0.3666, "name": null },
					{ "time": 0.4, "name": "shi_ying_0_3_daiji_0003_1_" },
					{ "time": 0.5, "name": "shi_ying_0_3_daiji_0003_1_" },
					{ "time": 0.5333, "name": null },
					{ "time": 1.3, "name": null }
				]
			},
			"shi_ying_0_3_daiji_0003_2_": {
				"attachment": [
					{ "time": 0, "name": null },
					{ "time": 0.3666, "name": null },
					{ "time": 0.4, "name": "shi_ying_0_3_daiji_0003_2_" },
					{ "time": 0.5, "name": "shi_ying_0_3_daiji_0003_2_" },
					{ "time": 0.5333, "name": null },
					{ "time": 1.3, "name": null }
				]
			},
			"shi_ying_0_3_daiji_0003_3_": {
				"attachment": [
					{ "time": 0, "name": null },
					{ "time": 0.3666, "name": null },
					{ "time": 0.4, "name": "shi_ying_0_3_daiji_0003_3_" },
					{ "time": 0.5, "name": "shi_ying_0_3_daiji_0003_3_" },
					{ "time": 0.5333, "name": null },
					{ "time": 1.3, "name": null }
				]
			},
			"shi_ying_0_3_daiji_0003_4_": {
				"attachment": [
					{ "time": 0, "name": null },
					{ "time": 0.3666, "name": null },
					{ "time": 0.4, "name": "shi_ying_0_3_daiji_0003_4_" },
					{ "time": 0.5, "name": "shi_ying_0_3_daiji_0003_4_" },
					{ "time": 0.5333, "name": null },
					{ "time": 1.3, "name": null }
				]
			},
			"shi_ying_0_3_daiji_0004_0_": {
				"attachment": [
					{ "time": 0, "name": null },
					{ "time": 0.5, "name": null },
					{ "time": 0.5333, "name": "shi_ying_0_3_daiji_0004_0_" },
					{ "time": 0.6333, "name": "shi_ying_0_3_daiji_0004_0_" },
					{ "time": 0.6666, "name": null },
					{ "time": 1.3, "name": null }
				]
			},
			"shi_ying_0_3_daiji_0004_1_": {
				"attachment": [
					{ "time": 0, "name": null },
					{ "time": 0.5, "name": null },
					{ "time": 0.5333, "name": "shi_ying_0_3_daiji_0004_1_" },
					{ "time": 0.6333, "name": "shi_ying_0_3_daiji_0004_1_" },
					{ "time": 0.6666, "name": null },
					{ "time": 1.3, "name": null }
				]
			},
			"shi_ying_0_3_daiji_0004_2_": {
				"attachment": [
					{ "time": 0, "name": null },
					{ "time": 0.5, "name": null },
					{ "time": 0.5333, "name": "shi_ying_0_3_daiji_0004_2_" },
					{ "time": 0.6333, "name": "shi_ying_0_3_daiji_0004_2_" },
					{ "time": 0.6666, "name": null },
					{ "time": 1.3, "name": null }
				]
			},
			"shi_ying_0_3_daiji_0004_3_": {
				"attachment": [
					{ "time": 0, "name": null },
					{ "time": 0.5, "name": null },
					{ "time": 0.5333, "name": "shi_ying_0_3_daiji_0004_3_" },
					{ "time": 0.6333, "name": "shi_ying_0_3_daiji_0004_3_" },
					{ "time": 0.6666, "name": null },
					{ "time": 1.3, "name": null }
				]
			},
			"shi_ying_0_3_daiji_0005_0_": {
				"attachment": [
					{ "time": 0, "name": null },
					{ "time": 0.6333, "name": null },
					{ "time": 0.6666, "name": "shi_ying_0_3_daiji_0005_0_" },
					{ "time": 0.7666, "name": "shi_ying_0_3_daiji_0005_0_" },
					{ "time": 0.8, "name": null },
					{ "time": 1.3, "name": null }
				]
			},
			"shi_ying_0_3_daiji_0005_1_": {
				"attachment": [
					{ "time": 0, "name": null },
					{ "time": 0.6333, "name": null },
					{ "time": 0.6666, "name": "shi_ying_0_3_daiji_0005_1_" },
					{ "time": 0.7666, "name": "shi_ying_0_3_daiji_0005_1_" },
					{ "time": 0.8, "name": null },
					{ "time": 1.3, "name": null }
				]
			},
			"shi_ying_0_3_daiji_0005_2_": {
				"attachment": [
					{ "time": 0, "name": null },
					{ "time": 0.6333, "name": null },
					{ "time": 0.6666, "name": "shi_ying_0_3_daiji_0005_2_" },
					{ "time": 0.7666, "name": "shi_ying_0_3_daiji_0005_2_" },
					{ "time": 0.8, "name": null },
					{ "time": 1.3, "name": null }
				]
			},
			"shi_ying_0_3_daiji_0006_0_": {
				"attachment": [
					{ "time": 0, "name": null },
					{ "time": 0.7666, "name": null },
					{ "time": 0.8, "name": "shi_ying_0_3_daiji_0006_0_" },
					{ "time": 0.9, "name": "shi_ying_0_3_daiji_0006_0_" },
					{ "time": 0.9333, "name": null },
					{ "time": 1.3, "name": null }
				]
			},
			"shi_ying_0_3_daiji_0006_1_": {
				"attachment": [
					{ "time": 0, "name": null },
					{ "time": 0.7666, "name": null },
					{ "time": 0.8, "name": "shi_ying_0_3_daiji_0006_1_" },
					{ "time": 0.9, "name": "shi_ying_0_3_daiji_0006_1_" },
					{ "time": 0.9333, "name": null },
					{ "time": 1.3, "name": null }
				]
			},
			"shi_ying_0_3_daiji_0006_2_": {
				"attachment": [
					{ "time": 0, "name": null },
					{ "time": 0.7666, "name": null },
					{ "time": 0.8, "name": "shi_ying_0_3_daiji_0006_2_" },
					{ "time": 0.9, "name": "shi_ying_0_3_daiji_0006_2_" },
					{ "time": 0.9333, "name": null },
					{ "time": 1.3, "name": null }
				]
			},
			"shi_ying_0_3_daiji_0006_3_": {
				"attachment": [
					{ "time": 0, "name": null },
					{ "time": 0.7666, "name": null },
					{ "time": 0.8, "name": "shi_ying_0_3_daiji_0006_3_" },
					{ "time": 0.9, "name": "shi_ying_0_3_daiji_0006_3_" },
					{ "time": 0.9333, "name": null },
					{ "time": 1.3, "name": null }
				]
			},
			"shi_ying_0_3_daiji_0007_0_": {
				"attachment": [
					{ "time": 0, "name": null },
					{ "time": 0.9, "name": null },
					{ "time": 0.9333, "name": "shi_ying_0_3_daiji_0007_0_" },
					{ "time": 1.0333, "name": "shi_ying_0_3_daiji_0007_0_" },
					{ "time": 1.0666, "name": null },
					{ "time": 1.3, "name": null }
				]
			},
			"shi_ying_0_3_daiji_0007_1_": {
				"attachment": [
					{ "time": 0, "name": null },
					{ "time": 0.9, "name": null },
					{ "time": 0.9333, "name": "shi_ying_0_3_daiji_0007_1_" },
					{ "time": 1.0333, "name": "shi_ying_0_3_daiji_0007_1_" },
					{ "time": 1.0666, "name": null },
					{ "time": 1.3, "name": null }
				]
			},
			"shi_ying_0_3_daiji_0007_2_": {
				"attachment": [
					{ "time": 0, "name": null },
					{ "time": 0.9, "name": null },
					{ "time": 0.9333, "name": "shi_ying_0_3_daiji_0007_2_" },
					{ "time": 1.0333, "name": "shi_ying_0_3_daiji_0007_2_" },
					{ "time": 1.0666, "name": null },
					{ "time": 1.3, "name": null }
				]
			},
			"shi_ying_0_3_daiji_0007_3_": {
				"attachment": [
					{ "time": 0, "name": null },
					{ "time": 0.9, "name": null },
					{ "time": 0.9333, "name": "shi_ying_0_3_daiji_0007_3_" },
					{ "time": 1.0333, "name": "shi_ying_0_3_daiji_0007_3_" },
					{ "time": 1.0666, "name": null },
					{ "time": 1.3, "name": null }
				]
			},
			"shi_ying_0_3_daiji_0008_0_": {
				"attachment": [
					{ "time": 0, "name": null },
					{ "time": 1.0333, "name": null },
					{ "time": 1.0666, "name": "shi_ying_0_3_daiji_0008_0_" },
					{ "time": 1.1666, "name": "shi_ying_0_3_daiji_0008_0_" },
					{ "time": 1.2, "name": null },
					{ "time": 1.3, "name": null }
				]
			},
			"shi_ying_0_3_daiji_0008_1_": {
				"attachment": [
					{ "time": 0, "name": null },
					{ "time": 1.0333, "name": null },
					{ "time": 1.0666, "name": "shi_ying_0_3_daiji_0008_1_" },
					{ "time": 1.1666, "name": "shi_ying_0_3_daiji_0008_1_" },
					{ "time": 1.2, "name": null },
					{ "time": 1.3, "name": null }
				]
			},
			"shi_ying_0_3_daiji_0008_2_": {
				"attachment": [
					{ "time": 0, "name": null },
					{ "time": 1.0333, "name": null },
					{ "time": 1.0666, "name": "shi_ying_0_3_daiji_0008_2_" },
					{ "time": 1.1666, "name": "shi_ying_0_3_daiji_0008_2_" },
					{ "time": 1.2, "name": null },
					{ "time": 1.3, "name": null }
				]
			},
			"shi_ying_0_3_daiji_0008_3_": {
				"attachment": [
					{ "time": 0, "name": null },
					{ "time": 1.0333, "name": null },
					{ "time": 1.0666, "name": "shi_ying_0_3_daiji_0008_3_" },
					{ "time": 1.1666, "name": "shi_ying_0_3_daiji_0008_3_" },
					{ "time": 1.2, "name": null },
					{ "time": 1.3, "name": null }
				]
			},
			"shi_ying_0_3_daiji_0009_0_": {
				"attachment": [
					{ "time": 0, "name": null },
					{ "time": 1.1666, "name": null },
					{ "time": 1.2, "name": "shi_ying_0_3_daiji_0009_0_" },
					{ "time": 1.3, "name": "shi_ying_0_3_daiji_0009_0_" }
				]
			},
			"shi_ying_0_3_daiji_0009_1_": {
				"attachment": [
					{ "time": 0, "name": null },
					{ "time": 1.1666, "name": null },
					{ "time": 1.2, "name": "shi_ying_0_3_daiji_0009_1_" },
					{ "time": 1.3, "name": "shi_ying_0_3_daiji_0009_1_" }
				]
			},
			"shi_ying_0_3_daiji_0009_2_": {
				"attachment": [
					{ "time": 0, "name": null },
					{ "time": 1.1666, "name": null },
					{ "time": 1.2, "name": "shi_ying_0_3_daiji_0009_2_" },
					{ "time": 1.3, "name": "shi_ying_0_3_daiji_0009_2_" }
				]
			},
			"shi_ying_0_3_daiji_0009_3_": {
				"attachment": [
					{ "time": 0, "name": null },
					{ "time": 1.1666, "name": null },
					{ "time": 1.2, "name": "shi_ying_0_3_daiji_0009_3_" },
					{ "time": 1.3, "name": "shi_ying_0_3_daiji_0009_3_" }
				]
			},
			"shi_ying_0_3_daiji_0009_4_": {
				"attachment": [
					{ "time": 0, "name": null },
					{ "time": 1.1666, "name": null },
					{ "time": 1.2, "name": "shi_ying_0_3_daiji_0009_4_" },
					{ "time": 1.3, "name": "shi_ying_0_3_daiji_0009_4_" }
				]
			}
		}
	},
	"gj": {
		"slots": {
			"shi_ying_3_gj_0000_0_": {
				"attachment": [
					{ "time": 0, "name": "shi_ying_3_gj_0000_0_" },
					{ "time": 0.1, "name": "shi_ying_3_gj_0000_0_" },
					{ "time": 0.1333, "name": null },
					{ "time": 2.7666, "name": null }
				]
			},
			"shi_ying_3_gj_0000_1_": {
				"attachment": [
					{ "time": 0, "name": "shi_ying_3_gj_0000_1_" },
					{ "time": 0.1, "name": "shi_ying_3_gj_0000_1_" },
					{ "time": 0.1333, "name": null },
					{ "time": 2.7666, "name": null }
				]
			},
			"shi_ying_3_gj_0000_2_": {
				"attachment": [
					{ "time": 0, "name": "shi_ying_3_gj_0000_2_" },
					{ "time": 0.1, "name": "shi_ying_3_gj_0000_2_" },
					{ "time": 0.1333, "name": null },
					{ "time": 2.7666, "name": null }
				]
			},
			"shi_ying_3_gj_0000_3_": {
				"attachment": [
					{ "time": 0, "name": "shi_ying_3_gj_0000_3_" },
					{ "time": 0.1, "name": "shi_ying_3_gj_0000_3_" },
					{ "time": 0.1333, "name": null },
					{ "time": 2.7666, "name": null }
				]
			},
			"shi_ying_3_gj_0000_4_": {
				"attachment": [
					{ "time": 0, "name": "shi_ying_3_gj_0000_4_" },
					{ "time": 0.1, "name": "shi_ying_3_gj_0000_4_" },
					{ "time": 0.1333, "name": null },
					{ "time": 2.7666, "name": null }
				]
			},
			"shi_ying_3_gj_0000_5_": {
				"attachment": [
					{ "time": 0, "name": "shi_ying_3_gj_0000_5_" },
					{ "time": 0.1, "name": "shi_ying_3_gj_0000_5_" },
					{ "time": 0.1333, "name": null },
					{ "time": 2.7666, "name": null }
				]
			},
			"shi_ying_3_gj_0001_0_": {
				"attachment": [
					{ "time": 0, "name": null },
					{ "time": 0.1, "name": null },
					{ "time": 0.1333, "name": "shi_ying_3_gj_0001_0_" },
					{ "time": 0.2333, "name": "shi_ying_3_gj_0001_0_" },
					{ "time": 0.2666, "name": null },
					{ "time": 2.7666, "name": null }
				]
			},
			"shi_ying_3_gj_0001_1_": {
				"attachment": [
					{ "time": 0, "name": null },
					{ "time": 0.1, "name": null },
					{ "time": 0.1333, "name": "shi_ying_3_gj_0001_1_" },
					{ "time": 0.2333, "name": "shi_ying_3_gj_0001_1_" },
					{ "time": 0.2666, "name": null },
					{ "time": 2.7666, "name": null }
				]
			},
			"shi_ying_3_gj_0001_2_": {
				"attachment": [
					{ "time": 0, "name": null },
					{ "time": 0.1, "name": null },
					{ "time": 0.1333, "name": "shi_ying_3_gj_0001_2_" },
					{ "time": 0.2333, "name": "shi_ying_3_gj_0001_2_" },
					{ "time": 0.2666, "name": null },
					{ "time": 2.7666, "name": null }
				]
			},
			"shi_ying_3_gj_0001_3_": {
				"attachment": [
					{ "time": 0, "name": null },
					{ "time": 0.1, "name": null },
					{ "time": 0.1333, "name": "shi_ying_3_gj_0001_3_" },
					{ "time": 0.2333, "name": "shi_ying_3_gj_0001_3_" },
					{ "time": 0.2666, "name": null },
					{ "time": 2.7666, "name": null }
				]
			},
			"shi_ying_3_gj_0001_4_": {
				"attachment": [
					{ "time": 0, "name": null },
					{ "time": 0.1, "name": null },
					{ "time": 0.1333, "name": "shi_ying_3_gj_0001_4_" },
					{ "time": 0.2333, "name": "shi_ying_3_gj_0001_4_" },
					{ "time": 0.2666, "name": null },
					{ "time": 2.7666, "name": null }
				]
			},
			"shi_ying_3_gj_0001_5_": {
				"attachment": [
					{ "time": 0, "name": null },
					{ "time": 0.1, "name": null },
					{ "time": 0.1333, "name": "shi_ying_3_gj_0001_5_" },
					{ "time": 0.2333, "name": "shi_ying_3_gj_0001_5_" },
					{ "time": 0.2666, "name": null },
					{ "time": 2.7666, "name": null }
				]
			},
			"shi_ying_3_gj_0002_0_": {
				"attachment": [
					{ "time": 0, "name": null },
					{ "time": 0.2333, "name": null },
					{ "time": 0.2666, "name": "shi_ying_3_gj_0002_0_" },
					{ "time": 0.3666, "name": "shi_ying_3_gj_0002_0_" },
					{ "time": 0.4, "name": null },
					{ "time": 2.7666, "name": null }
				]
			},
			"shi_ying_3_gj_0002_1_": {
				"attachment": [
					{ "time": 0, "name": null },
					{ "time": 0.2333, "name": null },
					{ "time": 0.2666, "name": "shi_ying_3_gj_0002_1_" },
					{ "time": 0.3666, "name": "shi_ying_3_gj_0002_1_" },
					{ "time": 0.4, "name": null },
					{ "time": 2.7666, "name": null }
				]
			},
			"shi_ying_3_gj_0002_2_": {
				"attachment": [
					{ "time": 0, "name": null },
					{ "time": 0.2333, "name": null },
					{ "time": 0.2666, "name": "shi_ying_3_gj_0002_2_" },
					{ "time": 0.3666, "name": "shi_ying_3_gj_0002_2_" },
					{ "time": 0.4, "name": null },
					{ "time": 2.7666, "name": null }
				]
			},
			"shi_ying_3_gj_0002_3_": {
				"attachment": [
					{ "time": 0, "name": null },
					{ "time": 0.2333, "name": null },
					{ "time": 0.2666, "name": "shi_ying_3_gj_0002_3_" },
					{ "time": 0.3666, "name": "shi_ying_3_gj_0002_3_" },
					{ "time": 0.4, "name": null },
					{ "time": 2.7666, "name": null }
				]
			},
			"shi_ying_3_gj_0002_4_": {
				"attachment": [
					{ "time": 0, "name": null },
					{ "time": 0.2333, "name": null },
					{ "time": 0.2666, "name": "shi_ying_3_gj_0002_4_" },
					{ "time": 0.3666, "name": "shi_ying_3_gj_0002_4_" },
					{ "time": 0.4, "name": null },
					{ "time": 2.7666, "name": null }
				]
			},
			"shi_ying_3_gj_0003_0_": {
				"attachment": [
					{ "time": 0, "name": null },
					{ "time": 0.3666, "name": null },
					{ "time": 0.4, "name": "shi_ying_3_gj_0003_0_" },
					{ "time": 0.5, "name": "shi_ying_3_gj_0003_0_" },
					{ "time": 0.5333, "name": null },
					{ "time": 2.7666, "name": null }
				]
			},
			"shi_ying_3_gj_0003_1_": {
				"attachment": [
					{ "time": 0, "name": null },
					{ "time": 0.3666, "name": null },
					{ "time": 0.4, "name": "shi_ying_3_gj_0003_1_" },
					{ "time": 0.5, "name": "shi_ying_3_gj_0003_1_" },
					{ "time": 0.5333, "name": null },
					{ "time": 2.7666, "name": null }
				]
			},
			"shi_ying_3_gj_0003_2_": {
				"attachment": [
					{ "time": 0, "name": null },
					{ "time": 0.3666, "name": null },
					{ "time": 0.4, "name": "shi_ying_3_gj_0003_2_" },
					{ "time": 0.5, "name": "shi_ying_3_gj_0003_2_" },
					{ "time": 0.5333, "name": null },
					{ "time": 2.7666, "name": null }
				]
			},
			"shi_ying_3_gj_0003_3_": {
				"attachment": [
					{ "time": 0, "name": null },
					{ "time": 0.3666, "name": null },
					{ "time": 0.4, "name": "shi_ying_3_gj_0003_3_" },
					{ "time": 0.5, "name": "shi_ying_3_gj_0003_3_" },
					{ "time": 0.5333, "name": null },
					{ "time": 2.7666, "name": null }
				]
			},
			"shi_ying_3_gj_0004_0_": {
				"attachment": [
					{ "time": 0, "name": null },
					{ "time": 0.5, "name": null },
					{ "time": 0.5333, "name": "shi_ying_3_gj_0004_0_" },
					{ "time": 0.6333, "name": "shi_ying_3_gj_0004_0_" },
					{ "time": 0.6666, "name": null },
					{ "time": 2.7666, "name": null }
				]
			},
			"shi_ying_3_gj_0004_1_": {
				"attachment": [
					{ "time": 0, "name": null },
					{ "time": 0.5, "name": null },
					{ "time": 0.5333, "name": "shi_ying_3_gj_0004_1_" },
					{ "time": 0.6333, "name": "shi_ying_3_gj_0004_1_" },
					{ "time": 0.6666, "name": null },
					{ "time": 2.7666, "name": null }
				]
			},
			"shi_ying_3_gj_0004_2_": {
				"attachment": [
					{ "time": 0, "name": null },
					{ "time": 0.5, "name": null },
					{ "time": 0.5333, "name": "shi_ying_3_gj_0004_2_" },
					{ "time": 0.6333, "name": "shi_ying_3_gj_0004_2_" },
					{ "time": 0.6666, "name": null },
					{ "time": 2.7666, "name": null }
				]
			},
			"shi_ying_3_gj_0004_3_": {
				"attachment": [
					{ "time": 0, "name": null },
					{ "time": 0.5, "name": null },
					{ "time": 0.5333, "name": "shi_ying_3_gj_0004_3_" },
					{ "time": 0.6333, "name": "shi_ying_3_gj_0004_3_" },
					{ "time": 0.6666, "name": null },
					{ "time": 2.7666, "name": null }
				]
			},
			"shi_ying_3_gj_0004_4_": {
				"attachment": [
					{ "time": 0, "name": null },
					{ "time": 0.5, "name": null },
					{ "time": 0.5333, "name": "shi_ying_3_gj_0004_4_" },
					{ "time": 0.6333, "name": "shi_ying_3_gj_0004_4_" },
					{ "time": 0.6666, "name": null },
					{ "time": 2.7666, "name": null }
				]
			},
			"shi_ying_3_gj_0005_0_": {
				"attachment": [
					{ "time": 0, "name": null },
					{ "time": 0.6333, "name": null },
					{ "time": 0.6666, "name": "shi_ying_3_gj_0005_0_" },
					{ "time": 0.7666, "name": "shi_ying_3_gj_0005_0_" },
					{ "time": 0.8, "name": null },
					{ "time": 2.7666, "name": null }
				]
			},
			"shi_ying_3_gj_0005_1_": {
				"attachment": [
					{ "time": 0, "name": null },
					{ "time": 0.6333, "name": null },
					{ "time": 0.6666, "name": "shi_ying_3_gj_0005_1_" },
					{ "time": 0.7666, "name": "shi_ying_3_gj_0005_1_" },
					{ "time": 0.8, "name": null },
					{ "time": 2.7666, "name": null }
				]
			},
			"shi_ying_3_gj_0005_2_": {
				"attachment": [
					{ "time": 0, "name": null },
					{ "time": 0.6333, "name": null },
					{ "time": 0.6666, "name": "shi_ying_3_gj_0005_2_" },
					{ "time": 0.7666, "name": "shi_ying_3_gj_0005_2_" },
					{ "time": 0.8, "name": null },
					{ "time": 2.7666, "name": null }
				]
			},
			"shi_ying_3_gj_0005_3_": {
				"attachment": [
					{ "time": 0, "name": null },
					{ "time": 0.6333, "name": null },
					{ "time": 0.6666, "name": "shi_ying_3_gj_0005_3_" },
					{ "time": 0.7666, "name": "shi_ying_3_gj_0005_3_" },
					{ "time": 0.8, "name": null },
					{ "time": 2.7666, "name": null }
				]
			},
			"shi_ying_3_gj_0005_4_": {
				"attachment": [
					{ "time": 0, "name": null },
					{ "time": 0.6333, "name": null },
					{ "time": 0.6666, "name": "shi_ying_3_gj_0005_4_" },
					{ "time": 0.7666, "name": "shi_ying_3_gj_0005_4_" },
					{ "time": 0.8, "name": null },
					{ "time": 2.7666, "name": null }
				]
			},
			"shi_ying_3_gj_0005_5_": {
				"attachment": [
					{ "time": 0, "name": null },
					{ "time": 0.6333, "name": null },
					{ "time": 0.6666, "name": "shi_ying_3_gj_0005_5_" },
					{ "time": 0.7666, "name": "shi_ying_3_gj_0005_5_" },
					{ "time": 0.8, "name": null },
					{ "time": 2.7666, "name": null }
				]
			},
			"shi_ying_3_gj_0006_0_": {
				"attachment": [
					{ "time": 0, "name": null },
					{ "time": 0.7666, "name": null },
					{ "time": 0.8, "name": "shi_ying_3_gj_0006_0_" },
					{ "time": 0.9, "name": "shi_ying_3_gj_0006_0_" },
					{ "time": 0.9333, "name": null },
					{ "time": 2.7666, "name": null }
				]
			},
			"shi_ying_3_gj_0006_1_": {
				"attachment": [
					{ "time": 0, "name": null },
					{ "time": 0.7666, "name": null },
					{ "time": 0.8, "name": "shi_ying_3_gj_0006_1_" },
					{ "time": 0.9, "name": "shi_ying_3_gj_0006_1_" },
					{ "time": 0.9333, "name": null },
					{ "time": 2.7666, "name": null }
				]
			},
			"shi_ying_3_gj_0006_2_": {
				"attachment": [
					{ "time": 0, "name": null },
					{ "time": 0.7666, "name": null },
					{ "time": 0.8, "name": "shi_ying_3_gj_0006_2_" },
					{ "time": 0.9, "name": "shi_ying_3_gj_0006_2_" },
					{ "time": 0.9333, "name": null },
					{ "time": 2.7666, "name": null }
				]
			},
			"shi_ying_3_gj_0006_3_": {
				"attachment": [
					{ "time": 0, "name": null },
					{ "time": 0.7666, "name": null },
					{ "time": 0.8, "name": "shi_ying_3_gj_0006_3_" },
					{ "time": 0.9, "name": "shi_ying_3_gj_0006_3_" },
					{ "time": 0.9333, "name": null },
					{ "time": 2.7666, "name": null }
				]
			},
			"shi_ying_3_gj_0006_4_": {
				"attachment": [
					{ "time": 0, "name": null },
					{ "time": 0.7666, "name": null },
					{ "time": 0.8, "name": "shi_ying_3_gj_0006_4_" },
					{ "time": 0.9, "name": "shi_ying_3_gj_0006_4_" },
					{ "time": 0.9333, "name": null },
					{ "time": 2.7666, "name": null }
				]
			},
			"shi_ying_3_gj_0007_0_": {
				"attachment": [
					{ "time": 0, "name": null },
					{ "time": 0.9, "name": null },
					{ "time": 0.9333, "name": "shi_ying_3_gj_0007_0_" },
					{ "time": 1.0333, "name": "shi_ying_3_gj_0007_0_" },
					{ "time": 1.0666, "name": null },
					{ "time": 2.7666, "name": null }
				]
			},
			"shi_ying_3_gj_0007_1_": {
				"attachment": [
					{ "time": 0, "name": null },
					{ "time": 0.9, "name": null },
					{ "time": 0.9333, "name": "shi_ying_3_gj_0007_1_" },
					{ "time": 1.0333, "name": "shi_ying_3_gj_0007_1_" },
					{ "time": 1.0666, "name": null },
					{ "time": 2.7666, "name": null }
				]
			},
			"shi_ying_3_gj_0007_2_": {
				"attachment": [
					{ "time": 0, "name": null },
					{ "time": 0.9, "name": null },
					{ "time": 0.9333, "name": "shi_ying_3_gj_0007_2_" },
					{ "time": 1.0333, "name": "shi_ying_3_gj_0007_2_" },
					{ "time": 1.0666, "name": null },
					{ "time": 2.7666, "name": null }
				]
			},
			"shi_ying_3_gj_0007_3_": {
				"attachment": [
					{ "time": 0, "name": null },
					{ "time": 0.9, "name": null },
					{ "time": 0.9333, "name": "shi_ying_3_gj_0007_3_" },
					{ "time": 1.0333, "name": "shi_ying_3_gj_0007_3_" },
					{ "time": 1.0666, "name": null },
					{ "time": 2.7666, "name": null }
				]
			},
			"shi_ying_3_gj_0007_4_": {
				"attachment": [
					{ "time": 0, "name": null },
					{ "time": 0.9, "name": null },
					{ "time": 0.9333, "name": "shi_ying_3_gj_0007_4_" },
					{ "time": 1.0333, "name": "shi_ying_3_gj_0007_4_" },
					{ "time": 1.0666, "name": null },
					{ "time": 2.7666, "name": null }
				]
			},
			"shi_ying_3_gj_0008_0_": {
				"attachment": [
					{ "time": 0, "name": null },
					{ "time": 1.0333, "name": null },
					{ "time": 1.0666, "name": "shi_ying_3_gj_0008_0_" },
					{ "time": 1.1666, "name": "shi_ying_3_gj_0008_0_" },
					{ "time": 1.2, "name": null },
					{ "time": 2.7666, "name": null }
				]
			},
			"shi_ying_3_gj_0008_1_": {
				"attachment": [
					{ "time": 0, "name": null },
					{ "time": 1.0333, "name": null },
					{ "time": 1.0666, "name": "shi_ying_3_gj_0008_1_" },
					{ "time": 1.1666, "name": "shi_ying_3_gj_0008_1_" },
					{ "time": 1.2, "name": null },
					{ "time": 2.7666, "name": null }
				]
			},
			"shi_ying_3_gj_0008_2_": {
				"attachment": [
					{ "time": 0, "name": null },
					{ "time": 1.0333, "name": null },
					{ "time": 1.0666, "name": "shi_ying_3_gj_0008_2_" },
					{ "time": 1.1666, "name": "shi_ying_3_gj_0008_2_" },
					{ "time": 1.2, "name": null },
					{ "time": 2.7666, "name": null }
				]
			},
			"shi_ying_3_gj_0008_3_": {
				"attachment": [
					{ "time": 0, "name": null },
					{ "time": 1.0333, "name": null },
					{ "time": 1.0666, "name": "shi_ying_3_gj_0008_3_" },
					{ "time": 1.1666, "name": "shi_ying_3_gj_0008_3_" },
					{ "time": 1.2, "name": null },
					{ "time": 2.7666, "name": null }
				]
			},
			"shi_ying_3_gj_0009_0_": {
				"attachment": [
					{ "time": 0, "name": null },
					{ "time": 1.1666, "name": null },
					{ "time": 1.2, "name": "shi_ying_3_gj_0009_0_" },
					{ "time": 1.3, "name": "shi_ying_3_gj_0009_0_" },
					{ "time": 1.3333, "name": null },
					{ "time": 2.7666, "name": null }
				]
			},
			"shi_ying_3_gj_0009_1_": {
				"attachment": [
					{ "time": 0, "name": null },
					{ "time": 1.1666, "name": null },
					{ "time": 1.2, "name": "shi_ying_3_gj_0009_1_" },
					{ "time": 1.3, "name": "shi_ying_3_gj_0009_1_" },
					{ "time": 1.3333, "name": null },
					{ "time": 2.7666, "name": null }
				]
			},
			"shi_ying_3_gj_0009_2_": {
				"attachment": [
					{ "time": 0, "name": null },
					{ "time": 1.1666, "name": null },
					{ "time": 1.2, "name": "shi_ying_3_gj_0009_2_" },
					{ "time": 1.3, "name": "shi_ying_3_gj_0009_2_" },
					{ "time": 1.3333, "name": null },
					{ "time": 2.7666, "name": null }
				]
			},
			"shi_ying_3_gj_0009_3_": {
				"attachment": [
					{ "time": 0, "name": null },
					{ "time": 1.1666, "name": null },
					{ "time": 1.2, "name": "shi_ying_3_gj_0009_3_" },
					{ "time": 1.3, "name": "shi_ying_3_gj_0009_3_" },
					{ "time": 1.3333, "name": null },
					{ "time": 2.7666, "name": null }
				]
			},
			"shi_ying_3_gj_0010_0_": {
				"attachment": [
					{ "time": 0, "name": null },
					{ "time": 1.3, "name": null },
					{ "time": 1.3333, "name": "shi_ying_3_gj_0010_0_" },
					{ "time": 1.4333, "name": "shi_ying_3_gj_0010_0_" },
					{ "time": 1.4666, "name": null },
					{ "time": 2.7666, "name": null }
				]
			},
			"shi_ying_3_gj_0010_1_": {
				"attachment": [
					{ "time": 0, "name": null },
					{ "time": 1.3, "name": null },
					{ "time": 1.3333, "name": "shi_ying_3_gj_0010_1_" },
					{ "time": 1.4333, "name": "shi_ying_3_gj_0010_1_" },
					{ "time": 1.4666, "name": null },
					{ "time": 2.7666, "name": null }
				]
			},
			"shi_ying_3_gj_0010_2_": {
				"attachment": [
					{ "time": 0, "name": null },
					{ "time": 1.3, "name": null },
					{ "time": 1.3333, "name": "shi_ying_3_gj_0010_2_" },
					{ "time": 1.4333, "name": "shi_ying_3_gj_0010_2_" },
					{ "time": 1.4666, "name": null },
					{ "time": 2.7666, "name": null }
				]
			},
			"shi_ying_3_gj_0010_3_": {
				"attachment": [
					{ "time": 0, "name": null },
					{ "time": 1.3, "name": null },
					{ "time": 1.3333, "name": "shi_ying_3_gj_0010_3_" },
					{ "time": 1.4333, "name": "shi_ying_3_gj_0010_3_" },
					{ "time": 1.4666, "name": null },
					{ "time": 2.7666, "name": null }
				]
			},
			"shi_ying_3_gj_0010_4_": {
				"attachment": [
					{ "time": 0, "name": null },
					{ "time": 1.3, "name": null },
					{ "time": 1.3333, "name": "shi_ying_3_gj_0010_4_" },
					{ "time": 1.4333, "name": "shi_ying_3_gj_0010_4_" },
					{ "time": 1.4666, "name": null },
					{ "time": 2.7666, "name": null }
				]
			},
			"shi_ying_3_gj_0011_0_": {
				"attachment": [
					{ "time": 0, "name": null },
					{ "time": 1.4333, "name": null },
					{ "time": 1.4666, "name": "shi_ying_3_gj_0011_0_" },
					{ "time": 1.5666, "name": "shi_ying_3_gj_0011_0_" },
					{ "time": 1.6, "name": null },
					{ "time": 2.7666, "name": null }
				]
			},
			"shi_ying_3_gj_0011_1_": {
				"attachment": [
					{ "time": 0, "name": null },
					{ "time": 1.4333, "name": null },
					{ "time": 1.4666, "name": "shi_ying_3_gj_0011_1_" },
					{ "time": 1.5666, "name": "shi_ying_3_gj_0011_1_" },
					{ "time": 1.6, "name": null },
					{ "time": 2.7666, "name": null }
				]
			},
			"shi_ying_3_gj_0011_2_": {
				"attachment": [
					{ "time": 0, "name": null },
					{ "time": 1.4333, "name": null },
					{ "time": 1.4666, "name": "shi_ying_3_gj_0011_2_" },
					{ "time": 1.5666, "name": "shi_ying_3_gj_0011_2_" },
					{ "time": 1.6, "name": null },
					{ "time": 2.7666, "name": null }
				]
			},
			"shi_ying_3_gj_0011_3_": {
				"attachment": [
					{ "time": 0, "name": null },
					{ "time": 1.4333, "name": null },
					{ "time": 1.4666, "name": "shi_ying_3_gj_0011_3_" },
					{ "time": 1.5666, "name": "shi_ying_3_gj_0011_3_" },
					{ "time": 1.6, "name": null },
					{ "time": 2.7666, "name": null }
				]
			},
			"shi_ying_3_gj_0012_0_": {
				"attachment": [
					{ "time": 0, "name": null },
					{ "time": 1.5666, "name": null },
					{ "time": 1.6, "name": "shi_ying_3_gj_0012_0_" },
					{ "time": 1.7, "name": "shi_ying_3_gj_0012_0_" },
					{ "time": 1.7333, "name": null },
					{ "time": 2.7666, "name": null }
				]
			},
			"shi_ying_3_gj_0012_1_": {
				"attachment": [
					{ "time": 0, "name": null },
					{ "time": 1.5666, "name": null },
					{ "time": 1.6, "name": "shi_ying_3_gj_0012_1_" },
					{ "time": 1.7, "name": "shi_ying_3_gj_0012_1_" },
					{ "time": 1.7333, "name": null },
					{ "time": 2.7666, "name": null }
				]
			},
			"shi_ying_3_gj_0012_2_": {
				"attachment": [
					{ "time": 0, "name": null },
					{ "time": 1.5666, "name": null },
					{ "time": 1.6, "name": "shi_ying_3_gj_0012_2_" },
					{ "time": 1.7, "name": "shi_ying_3_gj_0012_2_" },
					{ "time": 1.7333, "name": null },
					{ "time": 2.7666, "name": null }
				]
			},
			"shi_ying_3_gj_0012_3_": {
				"attachment": [
					{ "time": 0, "name": null },
					{ "time": 1.5666, "name": null },
					{ "time": 1.6, "name": "shi_ying_3_gj_0012_3_" },
					{ "time": 1.7, "name": "shi_ying_3_gj_0012_3_" },
					{ "time": 1.7333, "name": null },
					{ "time": 2.7666, "name": null }
				]
			},
			"shi_ying_3_gj_0013_0_": {
				"attachment": [
					{ "time": 0, "name": null },
					{ "time": 1.7, "name": null },
					{ "time": 1.7333, "name": "shi_ying_3_gj_0013_0_" },
					{ "time": 1.8333, "name": "shi_ying_3_gj_0013_0_" },
					{ "time": 1.8666, "name": null },
					{ "time": 2.7666, "name": null }
				]
			},
			"shi_ying_3_gj_0013_1_": {
				"attachment": [
					{ "time": 0, "name": null },
					{ "time": 1.7, "name": null },
					{ "time": 1.7333, "name": "shi_ying_3_gj_0013_1_" },
					{ "time": 1.8333, "name": "shi_ying_3_gj_0013_1_" },
					{ "time": 1.8666, "name": null },
					{ "time": 2.7666, "name": null }
				]
			},
			"shi_ying_3_gj_0013_2_": {
				"attachment": [
					{ "time": 0, "name": null },
					{ "time": 1.7, "name": null },
					{ "time": 1.7333, "name": "shi_ying_3_gj_0013_2_" },
					{ "time": 1.8333, "name": "shi_ying_3_gj_0013_2_" },
					{ "time": 1.8666, "name": null },
					{ "time": 2.7666, "name": null }
				]
			},
			"shi_ying_3_gj_0013_3_": {
				"attachment": [
					{ "time": 0, "name": null },
					{ "time": 1.7, "name": null },
					{ "time": 1.7333, "name": "shi_ying_3_gj_0013_3_" },
					{ "time": 1.8333, "name": "shi_ying_3_gj_0013_3_" },
					{ "time": 1.8666, "name": null },
					{ "time": 2.7666, "name": null }
				]
			},
			"shi_ying_3_gj_0013_4_": {
				"attachment": [
					{ "time": 0, "name": null },
					{ "time": 1.7, "name": null },
					{ "time": 1.7333, "name": "shi_ying_3_gj_0013_4_" },
					{ "time": 1.8333, "name": "shi_ying_3_gj_0013_4_" },
					{ "time": 1.8666, "name": null },
					{ "time": 2.7666, "name": null }
				]
			},
			"shi_ying_3_gj_0014_0_": {
				"attachment": [
					{ "time": 0, "name": null },
					{ "time": 1.8333, "name": null },
					{ "time": 1.8666, "name": "shi_ying_3_gj_0014_0_" },
					{ "time": 1.9666, "name": "shi_ying_3_gj_0014_0_" },
					{ "time": 2, "name": null },
					{ "time": 2.7666, "name": null }
				]
			},
			"shi_ying_3_gj_0014_1_": {
				"attachment": [
					{ "time": 0, "name": null },
					{ "time": 1.8333, "name": null },
					{ "time": 1.8666, "name": "shi_ying_3_gj_0014_1_" },
					{ "time": 1.9666, "name": "shi_ying_3_gj_0014_1_" },
					{ "time": 2, "name": null },
					{ "time": 2.7666, "name": null }
				]
			},
			"shi_ying_3_gj_0014_2_": {
				"attachment": [
					{ "time": 0, "name": null },
					{ "time": 1.8333, "name": null },
					{ "time": 1.8666, "name": "shi_ying_3_gj_0014_2_" },
					{ "time": 1.9666, "name": "shi_ying_3_gj_0014_2_" },
					{ "time": 2, "name": null },
					{ "time": 2.7666, "name": null }
				]
			},
			"shi_ying_3_gj_0014_3_": {
				"attachment": [
					{ "time": 0, "name": null },
					{ "time": 1.8333, "name": null },
					{ "time": 1.8666, "name": "shi_ying_3_gj_0014_3_" },
					{ "time": 1.9666, "name": "shi_ying_3_gj_0014_3_" },
					{ "time": 2, "name": null },
					{ "time": 2.7666, "name": null }
				]
			},
			"shi_ying_3_gj_0014_4_": {
				"attachment": [
					{ "time": 0, "name": null },
					{ "time": 1.8333, "name": null },
					{ "time": 1.8666, "name": "shi_ying_3_gj_0014_4_" },
					{ "time": 1.9666, "name": "shi_ying_3_gj_0014_4_" },
					{ "time": 2, "name": null },
					{ "time": 2.7666, "name": null }
				]
			},
			"shi_ying_3_gj_0015_0_": {
				"attachment": [
					{ "time": 0, "name": null },
					{ "time": 1.9666, "name": null },
					{ "time": 2, "name": "shi_ying_3_gj_0015_0_" },
					{ "time": 2.1, "name": "shi_ying_3_gj_0015_0_" },
					{ "time": 2.1333, "name": null },
					{ "time": 2.7666, "name": null }
				]
			},
			"shi_ying_3_gj_0015_1_": {
				"attachment": [
					{ "time": 0, "name": null },
					{ "time": 1.9666, "name": null },
					{ "time": 2, "name": "shi_ying_3_gj_0015_1_" },
					{ "time": 2.1, "name": "shi_ying_3_gj_0015_1_" },
					{ "time": 2.1333, "name": null },
					{ "time": 2.7666, "name": null }
				]
			},
			"shi_ying_3_gj_0015_2_": {
				"attachment": [
					{ "time": 0, "name": null },
					{ "time": 1.9666, "name": null },
					{ "time": 2, "name": "shi_ying_3_gj_0015_2_" },
					{ "time": 2.1, "name": "shi_ying_3_gj_0015_2_" },
					{ "time": 2.1333, "name": null },
					{ "time": 2.7666, "name": null }
				]
			},
			"shi_ying_3_gj_0015_3_": {
				"attachment": [
					{ "time": 0, "name": null },
					{ "time": 1.9666, "name": null },
					{ "time": 2, "name": "shi_ying_3_gj_0015_3_" },
					{ "time": 2.1, "name": "shi_ying_3_gj_0015_3_" },
					{ "time": 2.1333, "name": null },
					{ "time": 2.7666, "name": null }
				]
			},
			"shi_ying_3_gj_0016_0_": {
				"attachment": [
					{ "time": 0, "name": null },
					{ "time": 2.1, "name": null },
					{ "time": 2.1333, "name": "shi_ying_3_gj_0016_0_" },
					{ "time": 2.2333, "name": "shi_ying_3_gj_0016_0_" },
					{ "time": 2.2666, "name": null },
					{ "time": 2.7666, "name": null }
				]
			},
			"shi_ying_3_gj_0016_1_": {
				"attachment": [
					{ "time": 0, "name": null },
					{ "time": 2.1, "name": null },
					{ "time": 2.1333, "name": "shi_ying_3_gj_0016_1_" },
					{ "time": 2.2333, "name": "shi_ying_3_gj_0016_1_" },
					{ "time": 2.2666, "name": null },
					{ "time": 2.7666, "name": null }
				]
			},
			"shi_ying_3_gj_0016_2_": {
				"attachment": [
					{ "time": 0, "name": null },
					{ "time": 2.1, "name": null },
					{ "time": 2.1333, "name": "shi_ying_3_gj_0016_2_" },
					{ "time": 2.2333, "name": "shi_ying_3_gj_0016_2_" },
					{ "time": 2.2666, "name": null },
					{ "time": 2.7666, "name": null }
				]
			},
			"shi_ying_3_gj_0016_3_": {
				"attachment": [
					{ "time": 0, "name": null },
					{ "time": 2.1, "name": null },
					{ "time": 2.1333, "name": "shi_ying_3_gj_0016_3_" },
					{ "time": 2.2333, "name": "shi_ying_3_gj_0016_3_" },
					{ "time": 2.2666, "name": null },
					{ "time": 2.7666, "name": null }
				]
			},
			"shi_ying_3_gj_0016_4_": {
				"attachment": [
					{ "time": 0, "name": null },
					{ "time": 2.1, "name": null },
					{ "time": 2.1333, "name": "shi_ying_3_gj_0016_4_" },
					{ "time": 2.2333, "name": "shi_ying_3_gj_0016_4_" },
					{ "time": 2.2666, "name": null },
					{ "time": 2.7666, "name": null }
				]
			},
			"shi_ying_3_gj_0016_5_": {
				"attachment": [
					{ "time": 0, "name": null },
					{ "time": 2.1, "name": null },
					{ "time": 2.1333, "name": "shi_ying_3_gj_0016_5_" },
					{ "time": 2.2333, "name": "shi_ying_3_gj_0016_5_" },
					{ "time": 2.2666, "name": null },
					{ "time": 2.7666, "name": null }
				]
			},
			"shi_ying_3_gj_0017_0_": {
				"attachment": [
					{ "time": 0, "name": null },
					{ "time": 2.2333, "name": null },
					{ "time": 2.2666, "name": "shi_ying_3_gj_0017_0_" },
					{ "time": 2.3666, "name": "shi_ying_3_gj_0017_0_" },
					{ "time": 2.4, "name": null },
					{ "time": 2.7666, "name": null }
				]
			},
			"shi_ying_3_gj_0017_1_": {
				"attachment": [
					{ "time": 0, "name": null },
					{ "time": 2.2333, "name": null },
					{ "time": 2.2666, "name": "shi_ying_3_gj_0017_1_" },
					{ "time": 2.3666, "name": "shi_ying_3_gj_0017_1_" },
					{ "time": 2.4, "name": null },
					{ "time": 2.7666, "name": null }
				]
			},
			"shi_ying_3_gj_0017_2_": {
				"attachment": [
					{ "time": 0, "name": null },
					{ "time": 2.2333, "name": null },
					{ "time": 2.2666, "name": "shi_ying_3_gj_0017_2_" },
					{ "time": 2.3666, "name": "shi_ying_3_gj_0017_2_" },
					{ "time": 2.4, "name": null },
					{ "time": 2.7666, "name": null }
				]
			},
			"shi_ying_3_gj_0017_3_": {
				"attachment": [
					{ "time": 0, "name": null },
					{ "time": 2.2333, "name": null },
					{ "time": 2.2666, "name": "shi_ying_3_gj_0017_3_" },
					{ "time": 2.3666, "name": "shi_ying_3_gj_0017_3_" },
					{ "time": 2.4, "name": null },
					{ "time": 2.7666, "name": null }
				]
			},
			"shi_ying_3_gj_0017_4_": {
				"attachment": [
					{ "time": 0, "name": null },
					{ "time": 2.2333, "name": null },
					{ "time": 2.2666, "name": "shi_ying_3_gj_0017_4_" },
					{ "time": 2.3666, "name": "shi_ying_3_gj_0017_4_" },
					{ "time": 2.4, "name": null },
					{ "time": 2.7666, "name": null }
				]
			},
			"shi_ying_3_gj_0018_0_": {
				"attachment": [
					{ "time": 0, "name": null },
					{ "time": 2.3666, "name": null },
					{ "time": 2.4, "name": "shi_ying_3_gj_0018_0_" },
					{ "time": 2.5, "name": "shi_ying_3_gj_0018_0_" },
					{ "time": 2.5333, "name": null },
					{ "time": 2.7666, "name": null }
				]
			},
			"shi_ying_3_gj_0018_1_": {
				"attachment": [
					{ "time": 0, "name": null },
					{ "time": 2.3666, "name": null },
					{ "time": 2.4, "name": "shi_ying_3_gj_0018_1_" },
					{ "time": 2.5, "name": "shi_ying_3_gj_0018_1_" },
					{ "time": 2.5333, "name": null },
					{ "time": 2.7666, "name": null }
				]
			},
			"shi_ying_3_gj_0018_2_": {
				"attachment": [
					{ "time": 0, "name": null },
					{ "time": 2.3666, "name": null },
					{ "time": 2.4, "name": "shi_ying_3_gj_0018_2_" },
					{ "time": 2.5, "name": "shi_ying_3_gj_0018_2_" },
					{ "time": 2.5333, "name": null },
					{ "time": 2.7666, "name": null }
				]
			},
			"shi_ying_3_gj_0018_3_": {
				"attachment": [
					{ "time": 0, "name": null },
					{ "time": 2.3666, "name": null },
					{ "time": 2.4, "name": "shi_ying_3_gj_0018_3_" },
					{ "time": 2.5, "name": "shi_ying_3_gj_0018_3_" },
					{ "time": 2.5333, "name": null },
					{ "time": 2.7666, "name": null }
				]
			},
			"shi_ying_3_gj_0018_4_": {
				"attachment": [
					{ "time": 0, "name": null },
					{ "time": 2.3666, "name": null },
					{ "time": 2.4, "name": "shi_ying_3_gj_0018_4_" },
					{ "time": 2.5, "name": "shi_ying_3_gj_0018_4_" },
					{ "time": 2.5333, "name": null },
					{ "time": 2.7666, "name": null }
				]
			},
			"shi_ying_3_gj_0019_0_": {
				"attachment": [
					{ "time": 0, "name": null },
					{ "time": 2.5, "name": null },
					{ "time": 2.5333, "name": "shi_ying_3_gj_0019_0_" },
					{ "time": 2.6333, "name": "shi_ying_3_gj_0019_0_" },
					{ "time": 2.6666, "name": null },
					{ "time": 2.7666, "name": null }
				]
			},
			"shi_ying_3_gj_0019_1_": {
				"attachment": [
					{ "time": 0, "name": null },
					{ "time": 2.5, "name": null },
					{ "time": 2.5333, "name": "shi_ying_3_gj_0019_1_" },
					{ "time": 2.6333, "name": "shi_ying_3_gj_0019_1_" },
					{ "time": 2.6666, "name": null },
					{ "time": 2.7666, "name": null }
				]
			},
			"shi_ying_3_gj_0019_2_": {
				"attachment": [
					{ "time": 0, "name": null },
					{ "time": 2.5, "name": null },
					{ "time": 2.5333, "name": "shi_ying_3_gj_0019_2_" },
					{ "time": 2.6333, "name": "shi_ying_3_gj_0019_2_" },
					{ "time": 2.6666, "name": null },
					{ "time": 2.7666, "name": null }
				]
			},
			"shi_ying_3_gj_0019_3_": {
				"attachment": [
					{ "time": 0, "name": null },
					{ "time": 2.5, "name": null },
					{ "time": 2.5333, "name": "shi_ying_3_gj_0019_3_" },
					{ "time": 2.6333, "name": "shi_ying_3_gj_0019_3_" },
					{ "time": 2.6666, "name": null },
					{ "time": 2.7666, "name": null }
				]
			},
			"shi_ying_3_gj_0019_4_": {
				"attachment": [
					{ "time": 0, "name": null },
					{ "time": 2.5, "name": null },
					{ "time": 2.5333, "name": "shi_ying_3_gj_0019_4_" },
					{ "time": 2.6333, "name": "shi_ying_3_gj_0019_4_" },
					{ "time": 2.6666, "name": null },
					{ "time": 2.7666, "name": null }
				]
			},
			"shi_ying_3_gj_0020_0_": {
				"attachment": [
					{ "time": 0, "name": null },
					{ "time": 2.6333, "name": null },
					{ "time": 2.6666, "name": "shi_ying_3_gj_0020_0_" },
					{ "time": 2.7666, "name": "shi_ying_3_gj_0020_0_" }
				]
			},
			"shi_ying_3_gj_0020_1_": {
				"attachment": [
					{ "time": 0, "name": null },
					{ "time": 2.6333, "name": null },
					{ "time": 2.6666, "name": "shi_ying_3_gj_0020_1_" },
					{ "time": 2.7666, "name": "shi_ying_3_gj_0020_1_" }
				]
			},
			"shi_ying_3_gj_0020_2_": {
				"attachment": [
					{ "time": 0, "name": null },
					{ "time": 2.6333, "name": null },
					{ "time": 2.6666, "name": "shi_ying_3_gj_0020_2_" },
					{ "time": 2.7666, "name": "shi_ying_3_gj_0020_2_" }
				]
			},
			"shi_ying_3_gj_0020_3_": {
				"attachment": [
					{ "time": 0, "name": null },
					{ "time": 2.6333, "name": null },
					{ "time": 2.6666, "name": "shi_ying_3_gj_0020_3_" },
					{ "time": 2.7666, "name": "shi_ying_3_gj_0020_3_" }
				]
			},
			"shi_ying_3_gj_0020_4_": {
				"attachment": [
					{ "time": 0, "name": null },
					{ "time": 2.6333, "name": null },
					{ "time": 2.6666, "name": "shi_ying_3_gj_0020_4_" },
					{ "time": 2.7666, "name": "shi_ying_3_gj_0020_4_" }
				]
			},
			"shi_ying_3_gj_0020_5_": {
				"attachment": [
					{ "time": 0, "name": null },
					{ "time": 2.6333, "name": null },
					{ "time": 2.6666, "name": "shi_ying_3_gj_0020_5_" },
					{ "time": 2.7666, "name": "shi_ying_3_gj_0020_5_" }
				]
			},
			"shi_ying_3_gj_0020_6_": {
				"attachment": [
					{ "time": 0, "name": null },
					{ "time": 2.6333, "name": null },
					{ "time": 2.6666, "name": "shi_ying_3_gj_0020_6_" },
					{ "time": 2.7666, "name": "shi_ying_3_gj_0020_6_" }
				]
			},
			"shi_ying_gj_fx_00_": {
				"attachment": [
					{ "time": 0, "name": null },
					{ "time": 0.9, "name": null },
					{ "time": 0.9333, "name": "shi_ying_gj_fx_00_" },
					{ "time": 1.0333, "name": "shi_ying_gj_fx_00_" },
					{ "time": 1.0666, "name": null },
					{ "time": 1.7333, "name": null },
					{ "time": 2.7666, "name": null }
				]
			},
			"shi_ying_gj_fx_01_0_": {
				"attachment": [
					{ "time": 0, "name": null },
					{ "time": 0.9, "name": null },
					{ "time": 1.0333, "name": null },
					{ "time": 1.0666, "name": "shi_ying_gj_fx_01_0_" },
					{ "time": 1.1666, "name": "shi_ying_gj_fx_01_0_" },
					{ "time": 1.2, "name": null },
					{ "time": 1.7333, "name": null },
					{ "time": 2.7666, "name": null }
				]
			},
			"shi_ying_gj_fx_01_1_": {
				"attachment": [
					{ "time": 0, "name": null },
					{ "time": 0.9, "name": null },
					{ "time": 1.0333, "name": null },
					{ "time": 1.0666, "name": "shi_ying_gj_fx_01_1_" },
					{ "time": 1.1666, "name": "shi_ying_gj_fx_01_1_" },
					{ "time": 1.2, "name": null },
					{ "time": 1.7333, "name": null },
					{ "time": 2.7666, "name": null }
				]
			},
			"shi_ying_gj_fx_01_2_": {
				"attachment": [
					{ "time": 0, "name": null },
					{ "time": 0.9, "name": null },
					{ "time": 1.0333, "name": null },
					{ "time": 1.0666, "name": "shi_ying_gj_fx_01_2_" },
					{ "time": 1.1666, "name": "shi_ying_gj_fx_01_2_" },
					{ "time": 1.2, "name": null },
					{ "time": 1.7333, "name": null },
					{ "time": 2.7666, "name": null }
				]
			},
			"shi_ying_gj_fx_01_3_": {
				"attachment": [
					{ "time": 0, "name": null },
					{ "time": 0.9, "name": null },
					{ "time": 1.0333, "name": null },
					{ "time": 1.0666, "name": "shi_ying_gj_fx_01_3_" },
					{ "time": 1.1666, "name": "shi_ying_gj_fx_01_3_" },
					{ "time": 1.2, "name": null },
					{ "time": 1.7333, "name": null },
					{ "time": 2.7666, "name": null }
				]
			},
			"shi_ying_gj_fx_02_0_": {
				"attachment": [
					{ "time": 0, "name": null },
					{ "time": 0.9, "name": null },
					{ "time": 1.1666, "name": null },
					{ "time": 1.2, "name": "shi_ying_gj_fx_02_0_" },
					{ "time": 1.3, "name": "shi_ying_gj_fx_02_0_" },
					{ "time": 1.3333, "name": null },
					{ "time": 1.7333, "name": null },
					{ "time": 2.7666, "name": null }
				]
			},
			"shi_ying_gj_fx_02_1_": {
				"attachment": [
					{ "time": 0, "name": null },
					{ "time": 0.9, "name": null },
					{ "time": 1.1666, "name": null },
					{ "time": 1.2, "name": "shi_ying_gj_fx_02_1_" },
					{ "time": 1.3, "name": "shi_ying_gj_fx_02_1_" },
					{ "time": 1.3333, "name": null },
					{ "time": 1.7333, "name": null },
					{ "time": 2.7666, "name": null }
				]
			},
			"shi_ying_gj_fx_02_2_": {
				"attachment": [
					{ "time": 0, "name": null },
					{ "time": 0.9, "name": null },
					{ "time": 1.1666, "name": null },
					{ "time": 1.2, "name": "shi_ying_gj_fx_02_2_" },
					{ "time": 1.3, "name": "shi_ying_gj_fx_02_2_" },
					{ "time": 1.3333, "name": null },
					{ "time": 1.7333, "name": null },
					{ "time": 2.7666, "name": null }
				]
			},
			"shi_ying_gj_fx_03_": {
				"attachment": [
					{ "time": 0, "name": null },
					{ "time": 0.9, "name": null },
					{ "time": 1.3, "name": null },
					{ "time": 1.3333, "name": "shi_ying_gj_fx_03_" },
					{ "time": 1.4333, "name": "shi_ying_gj_fx_03_" },
					{ "time": 1.4666, "name": null },
					{ "time": 1.7333, "name": null },
					{ "time": 2.7666, "name": null }
				]
			},
			"shi_ying_gj_fx_04_": {
				"attachment": [
					{ "time": 0, "name": null },
					{ "time": 0.9, "name": null },
					{ "time": 1.4333, "name": null },
					{ "time": 1.4666, "name": "shi_ying_gj_fx_04_" },
					{ "time": 1.5666, "name": "shi_ying_gj_fx_04_" },
					{ "time": 1.6, "name": null },
					{ "time": 1.7333, "name": null },
					{ "time": 2.7666, "name": null }
				]
			},
			"shi_ying_gj_fx_05_": {
				"attachment": [
					{ "time": 0, "name": null },
					{ "time": 0.9, "name": null },
					{ "time": 1.5666, "name": null },
					{ "time": 1.6, "name": "shi_ying_gj_fx_05_" },
					{ "time": 1.7, "name": "shi_ying_gj_fx_05_" },
					{ "time": 1.7333, "name": null },
					{ "time": 2.7666, "name": null }
				]
			}
		}
	},
	"sw": {
		"slots": {
			"shi_ying_3_gj_0000_0_": {
				"attachment": [
					{ "time": 0, "name": "shi_ying_3_gj_0000_0_" },
					{ "time": 0.2, "name": "shi_ying_3_gj_0000_0_" },
					{ "time": 0.2333, "name": null },
					{ "time": 1.4333, "name": null }
				]
			},
			"shi_ying_3_gj_0000_1_": {
				"attachment": [
					{ "time": 0, "name": "shi_ying_3_gj_0000_1_" },
					{ "time": 0.2, "name": "shi_ying_3_gj_0000_1_" },
					{ "time": 0.2333, "name": null },
					{ "time": 1.4333, "name": null }
				]
			},
			"shi_ying_3_gj_0000_2_": {
				"attachment": [
					{ "time": 0, "name": "shi_ying_3_gj_0000_2_" },
					{ "time": 0.2, "name": "shi_ying_3_gj_0000_2_" },
					{ "time": 0.2333, "name": null },
					{ "time": 1.4333, "name": null }
				]
			},
			"shi_ying_3_gj_0000_3_": {
				"attachment": [
					{ "time": 0, "name": "shi_ying_3_gj_0000_3_" },
					{ "time": 0.2, "name": "shi_ying_3_gj_0000_3_" },
					{ "time": 0.2333, "name": null },
					{ "time": 1.4333, "name": null }
				]
			},
			"shi_ying_3_gj_0000_4_": {
				"attachment": [
					{ "time": 0, "name": "shi_ying_3_gj_0000_4_" },
					{ "time": 0.2, "name": "shi_ying_3_gj_0000_4_" },
					{ "time": 0.2333, "name": null },
					{ "time": 1.4333, "name": null }
				]
			},
			"shi_ying_3_gj_0000_5_": {
				"attachment": [
					{ "time": 0, "name": "shi_ying_3_gj_0000_5_" },
					{ "time": 0.2, "name": "shi_ying_3_gj_0000_5_" },
					{ "time": 0.2333, "name": null },
					{ "time": 1.4333, "name": null }
				]
			},
			"siwang_0_": {
				"attachment": [
					{ "time": 0, "name": null },
					{ "time": 0.2, "name": null },
					{ "time": 0.2333, "name": "siwang_0_" },
					{ "time": 0.3333, "name": "siwang_0_" },
					{ "time": 0.3666, "name": null },
					{ "time": 1.4333, "name": null }
				]
			},
			"siwang_1_": {
				"attachment": [
					{ "time": 0, "name": null },
					{ "time": 0.3333, "name": null },
					{ "time": 0.3666, "name": "siwang_1_" },
					{ "time": 0.4666, "name": "siwang_1_" },
					{ "time": 0.5, "name": null },
					{ "time": 1.4333, "name": null }
				]
			},
			"siwang_2_": {
				"attachment": [
					{ "time": 0, "name": null },
					{ "time": 0.4666, "name": null },
					{ "time": 0.5, "name": "siwang_2_" },
					{ "time": 0.6, "name": "siwang_2_" },
					{ "time": 0.6333, "name": null },
					{ "time": 1.4333, "name": null }
				]
			},
			"siwang_3_": {
				"attachment": [
					{ "time": 0, "name": null },
					{ "time": 0.6, "name": null },
					{ "time": 0.6333, "name": "siwang_3_" },
					{ "time": 0.7333, "name": "siwang_3_" },
					{ "time": 0.7666, "name": null },
					{ "time": 1.4333, "name": null }
				]
			},
			"siwang_4_": {
				"attachment": [
					{ "time": 0, "name": null },
					{ "time": 0.7333, "name": null },
					{ "time": 0.7666, "name": "siwang_4_" },
					{ "time": 0.8666, "name": "siwang_4_" },
					{ "time": 0.9, "name": null },
					{ "time": 1.4333, "name": null }
				]
			},
			"siwang_5_": {
				"attachment": [
					{ "time": 0, "name": null },
					{ "time": 0.8666, "name": null },
					{ "time": 0.9, "name": "siwang_5_" },
					{ "time": 1, "name": "siwang_5_" },
					{ "time": 1.0333, "name": null },
					{ "time": 1.4333, "name": null }
				]
			},
			"siwang_6_": {
				"attachment": [
					{ "time": 0, "name": null },
					{ "time": 1, "name": null },
					{ "time": 1.0333, "name": "siwang_6_" },
					{ "time": 1.4333, "name": "siwang_6_" }
				]
			}
		}
	}
}
}