{
"skeleton": { "hash": "L46oDd31OThCRQLPY3RGb7GcT6k", "spine": "2.1.27", "width": 0, "height": 0 },
"bones": [
	{ "name": "root" }
],
"slots": [
	{ "name": "siwang_6_", "bone": "root" },
	{ "name": "siwang_5_", "bone": "root" },
	{ "name": "siwang_4_", "bone": "root" },
	{ "name": "siwang_3_", "bone": "root" },
	{ "name": "siwang_2_", "bone": "root" },
	{ "name": "siwang_1_", "bone": "root" },
	{ "name": "siwang_0_", "bone": "root" },
	{ "name": "shi_ying_gj_fx_05_", "bone": "root" },
	{ "name": "shi_ying_gj_fx_04_", "bone": "root" },
	{ "name": "shi_ying_gj_fx_03_", "bone": "root" },
	{ "name": "shi_ying_gj_fx_02_2_", "bone": "root" },
	{ "name": "shi_ying_gj_fx_02_1_", "bone": "root" },
	{ "name": "shi_ying_gj_fx_02_0_", "bone": "root" },
	{ "name": "shi_ying_gj_fx_01_3_", "bone": "root" },
	{ "name": "shi_ying_gj_fx_01_2_", "bone": "root" },
	{ "name": "shi_ying_gj_fx_01_1_", "bone": "root" },
	{ "name": "shi_ying_gj_fx_01_0_", "bone": "root" },
	{ "name": "shi_ying_gj_fx_00_", "bone": "root" },
	{ "name": "shi_ying_2_gj_0020_7_", "bone": "root" },
	{ "name": "shi_ying_2_gj_0020_6_", "bone": "root" },
	{ "name": "shi_ying_2_gj_0020_5_", "bone": "root" },
	{ "name": "shi_ying_2_gj_0020_4_", "bone": "root" },
	{ "name": "shi_ying_2_gj_0020_3_", "bone": "root" },
	{ "name": "shi_ying_2_gj_0020_2_", "bone": "root" },
	{ "name": "shi_ying_2_gj_0020_1_", "bone": "root" },
	{ "name": "shi_ying_2_gj_0020_0_", "bone": "root" },
	{ "name": "shi_ying_2_gj_0019_4_", "bone": "root" },
	{ "name": "shi_ying_2_gj_0019_3_", "bone": "root" },
	{ "name": "shi_ying_2_gj_0019_2_", "bone": "root" },
	{ "name": "shi_ying_2_gj_0019_1_", "bone": "root" },
	{ "name": "shi_ying_2_gj_0019_0_", "bone": "root" },
	{ "name": "shi_ying_2_gj_0018_4_", "bone": "root" },
	{ "name": "shi_ying_2_gj_0018_3_", "bone": "root" },
	{ "name": "shi_ying_2_gj_0018_2_", "bone": "root" },
	{ "name": "shi_ying_2_gj_0018_1_", "bone": "root" },
	{ "name": "shi_ying_2_gj_0018_0_", "bone": "root" },
	{ "name": "shi_ying_2_gj_0017_4_", "bone": "root" },
	{ "name": "shi_ying_2_gj_0017_3_", "bone": "root" },
	{ "name": "shi_ying_2_gj_0017_2_", "bone": "root" },
	{ "name": "shi_ying_2_gj_0017_1_", "bone": "root" },
	{ "name": "shi_ying_2_gj_0017_0_", "bone": "root" },
	{ "name": "shi_ying_2_gj_0016_4_", "bone": "root" },
	{ "name": "shi_ying_2_gj_0016_3_", "bone": "root" },
	{ "name": "shi_ying_2_gj_0016_2_", "bone": "root" },
	{ "name": "shi_ying_2_gj_0016_1_", "bone": "root" },
	{ "name": "shi_ying_2_gj_0016_0_", "bone": "root" },
	{ "name": "shi_ying_2_gj_0015_3_", "bone": "root" },
	{ "name": "shi_ying_2_gj_0015_2_", "bone": "root" },
	{ "name": "shi_ying_2_gj_0015_1_", "bone": "root" },
	{ "name": "shi_ying_2_gj_0015_0_", "bone": "root" },
	{ "name": "shi_ying_2_gj_0014_3_", "bone": "root" },
	{ "name": "shi_ying_2_gj_0014_2_", "bone": "root" },
	{ "name": "shi_ying_2_gj_0014_1_", "bone": "root" },
	{ "name": "shi_ying_2_gj_0014_0_", "bone": "root" },
	{ "name": "shi_ying_2_gj_0013_3_", "bone": "root" },
	{ "name": "shi_ying_2_gj_0013_2_", "bone": "root" },
	{ "name": "shi_ying_2_gj_0013_1_", "bone": "root" },
	{ "name": "shi_ying_2_gj_0013_0_", "bone": "root" },
	{ "name": "shi_ying_2_gj_0012_3_", "bone": "root" },
	{ "name": "shi_ying_2_gj_0012_2_", "bone": "root" },
	{ "name": "shi_ying_2_gj_0012_1_", "bone": "root" },
	{ "name": "shi_ying_2_gj_0012_0_", "bone": "root" },
	{ "name": "shi_ying_2_gj_0011_2_", "bone": "root" },
	{ "name": "shi_ying_2_gj_0011_1_", "bone": "root" },
	{ "name": "shi_ying_2_gj_0011_0_", "bone": "root" },
	{ "name": "shi_ying_2_gj_0010_4_", "bone": "root" },
	{ "name": "shi_ying_2_gj_0010_3_", "bone": "root" },
	{ "name": "shi_ying_2_gj_0010_2_", "bone": "root" },
	{ "name": "shi_ying_2_gj_0010_1_", "bone": "root" },
	{ "name": "shi_ying_2_gj_0010_0_", "bone": "root" },
	{ "name": "shi_ying_2_gj_0009_3_", "bone": "root" },
	{ "name": "shi_ying_2_gj_0009_2_", "bone": "root" },
	{ "name": "shi_ying_2_gj_0009_1_", "bone": "root" },
	{ "name": "shi_ying_2_gj_0009_0_", "bone": "root" },
	{ "name": "shi_ying_2_gj_0008_3_", "bone": "root" },
	{ "name": "shi_ying_2_gj_0008_2_", "bone": "root" },
	{ "name": "shi_ying_2_gj_0008_1_", "bone": "root" },
	{ "name": "shi_ying_2_gj_0008_0_", "bone": "root" },
	{ "name": "shi_ying_2_gj_0007_3_", "bone": "root" },
	{ "name": "shi_ying_2_gj_0007_2_", "bone": "root" },
	{ "name": "shi_ying_2_gj_0007_1_", "bone": "root" },
	{ "name": "shi_ying_2_gj_0007_0_", "bone": "root" },
	{ "name": "shi_ying_2_gj_0006_3_", "bone": "root" },
	{ "name": "shi_ying_2_gj_0006_2_", "bone": "root" },
	{ "name": "shi_ying_2_gj_0006_1_", "bone": "root" },
	{ "name": "shi_ying_2_gj_0006_0_", "bone": "root" },
	{ "name": "shi_ying_2_gj_0005_2_", "bone": "root" },
	{ "name": "shi_ying_2_gj_0005_1_", "bone": "root" },
	{ "name": "shi_ying_2_gj_0005_0_", "bone": "root" },
	{ "name": "shi_ying_2_gj_0004_4_", "bone": "root" },
	{ "name": "shi_ying_2_gj_0004_3_", "bone": "root" },
	{ "name": "shi_ying_2_gj_0004_2_", "bone": "root" },
	{ "name": "shi_ying_2_gj_0004_1_", "bone": "root" },
	{ "name": "shi_ying_2_gj_0004_0_", "bone": "root" },
	{ "name": "shi_ying_2_gj_0003_3_", "bone": "root" },
	{ "name": "shi_ying_2_gj_0003_2_", "bone": "root" },
	{ "name": "shi_ying_2_gj_0003_1_", "bone": "root" },
	{ "name": "shi_ying_2_gj_0003_0_", "bone": "root" },
	{ "name": "shi_ying_2_gj_0002_3_", "bone": "root" },
	{ "name": "shi_ying_2_gj_0002_2_", "bone": "root" },
	{ "name": "shi_ying_2_gj_0002_1_", "bone": "root" },
	{ "name": "shi_ying_2_gj_0002_0_", "bone": "root" },
	{ "name": "shi_ying_2_gj_0001_3_", "bone": "root" },
	{ "name": "shi_ying_2_gj_0001_2_", "bone": "root" },
	{ "name": "shi_ying_2_gj_0001_1_", "bone": "root" },
	{ "name": "shi_ying_2_gj_0001_0_", "bone": "root" },
	{ "name": "shi_ying_2_gj_0000_4_", "bone": "root" },
	{ "name": "shi_ying_2_gj_0000_3_", "bone": "root" },
	{ "name": "shi_ying_2_gj_0000_2_", "bone": "root" },
	{ "name": "shi_ying_2_gj_0000_1_", "bone": "root" },
	{ "name": "shi_ying_2_gj_0000_0_", "bone": "root" },
	{ "name": "shi_ying_0_2_daiji_0009_4_", "bone": "root" },
	{ "name": "shi_ying_0_2_daiji_0009_3_", "bone": "root" },
	{ "name": "shi_ying_0_2_daiji_0009_2_", "bone": "root" },
	{ "name": "shi_ying_0_2_daiji_0009_1_", "bone": "root" },
	{ "name": "shi_ying_0_2_daiji_0009_0_", "bone": "root" },
	{ "name": "shi_ying_0_2_daiji_0008_2_", "bone": "root" },
	{ "name": "shi_ying_0_2_daiji_0008_1_", "bone": "root" },
	{ "name": "shi_ying_0_2_daiji_0008_0_", "bone": "root" },
	{ "name": "shi_ying_0_2_daiji_0007_3_", "bone": "root" },
	{ "name": "shi_ying_0_2_daiji_0007_2_", "bone": "root" },
	{ "name": "shi_ying_0_2_daiji_0007_1_", "bone": "root" },
	{ "name": "shi_ying_0_2_daiji_0007_0_", "bone": "root" },
	{ "name": "shi_ying_0_2_daiji_0006_2_", "bone": "root" },
	{ "name": "shi_ying_0_2_daiji_0006_1_", "bone": "root" },
	{ "name": "shi_ying_0_2_daiji_0006_0_", "bone": "root" },
	{ "name": "shi_ying_0_2_daiji_0005_2_", "bone": "root" },
	{ "name": "shi_ying_0_2_daiji_0005_1_", "bone": "root" },
	{ "name": "shi_ying_0_2_daiji_0005_0_", "bone": "root" },
	{ "name": "shi_ying_0_2_daiji_0004_4_", "bone": "root" },
	{ "name": "shi_ying_0_2_daiji_0004_3_", "bone": "root" },
	{ "name": "shi_ying_0_2_daiji_0004_2_", "bone": "root" },
	{ "name": "shi_ying_0_2_daiji_0004_1_", "bone": "root" },
	{ "name": "shi_ying_0_2_daiji_0004_0_", "bone": "root" },
	{ "name": "shi_ying_0_2_daiji_0003_5_", "bone": "root" },
	{ "name": "shi_ying_0_2_daiji_0003_4_", "bone": "root" },
	{ "name": "shi_ying_0_2_daiji_0003_3_", "bone": "root" },
	{ "name": "shi_ying_0_2_daiji_0003_2_", "bone": "root" },
	{ "name": "shi_ying_0_2_daiji_0003_1_", "bone": "root" },
	{ "name": "shi_ying_0_2_daiji_0003_0_", "bone": "root" },
	{ "name": "shi_ying_0_2_daiji_0002_5_", "bone": "root" },
	{ "name": "shi_ying_0_2_daiji_0002_4_", "bone": "root" },
	{ "name": "shi_ying_0_2_daiji_0002_3_", "bone": "root" },
	{ "name": "shi_ying_0_2_daiji_0002_2_", "bone": "root" },
	{ "name": "shi_ying_0_2_daiji_0002_1_", "bone": "root" },
	{ "name": "shi_ying_0_2_daiji_0002_0_", "bone": "root" },
	{ "name": "shi_ying_0_2_daiji_0001_4_", "bone": "root" },
	{ "name": "shi_ying_0_2_daiji_0001_3_", "bone": "root" },
	{ "name": "shi_ying_0_2_daiji_0001_2_", "bone": "root" },
	{ "name": "shi_ying_0_2_daiji_0001_1_", "bone": "root" },
	{ "name": "shi_ying_0_2_daiji_0001_0_", "bone": "root" },
	{ "name": "shi_ying_0_2_daiji_0000_4_", "bone": "root" },
	{ "name": "shi_ying_0_2_daiji_0000_3_", "bone": "root" },
	{ "name": "shi_ying_0_2_daiji_0000_2_", "bone": "root" },
	{ "name": "shi_ying_0_2_daiji_0000_1_", "bone": "root" },
	{ "name": "shi_ying_0_2_daiji_0000_0_", "bone": "root" }
],
"skins": {
	"default": {
		"shi_ying_0_2_daiji_0000_0_": {
			"shi_ying_0_2_daiji_0000_0_": { "x": -10.5, "y": 61.49, "width": 51, "height": 61 }
		},
		"shi_ying_0_2_daiji_0000_1_": {
			"shi_ying_0_2_daiji_0000_1_": { "x": 58, "y": 81.49, "width": 86, "height": 89 }
		},
		"shi_ying_0_2_daiji_0000_2_": {
			"shi_ying_0_2_daiji_0000_2_": { "x": 10.49, "y": 127.99, "width": 59, "height": 72 }
		},
		"shi_ying_0_2_daiji_0000_3_": {
			"shi_ying_0_2_daiji_0000_3_": { "x": 44.5, "y": 140.99, "width": 143, "height": 210 }
		},
		"shi_ying_0_2_daiji_0000_4_": {
			"shi_ying_0_2_daiji_0000_4_": { "x": 27.49, "y": 203.99, "width": 57, "height": 80 }
		},
		"shi_ying_0_2_daiji_0001_0_": {
			"shi_ying_0_2_daiji_0001_0_": { "x": -10.5, "y": 62.49, "width": 53, "height": 61 }
		},
		"shi_ying_0_2_daiji_0001_1_": {
			"shi_ying_0_2_daiji_0001_1_": { "x": 65, "y": 69.99, "width": 98, "height": 68 }
		},
		"shi_ying_0_2_daiji_0001_2_": {
			"shi_ying_0_2_daiji_0001_2_": { "x": -1, "y": 126.49, "width": 54, "height": 67 }
		},
		"shi_ying_0_2_daiji_0001_3_": {
			"shi_ying_0_2_daiji_0001_3_": { "x": 85, "y": 146.99, "width": 78, "height": 86 }
		},
		"shi_ying_0_2_daiji_0001_4_": {
			"shi_ying_0_2_daiji_0001_4_": { "x": 9.99, "y": 196.49, "width": 70, "height": 73 }
		},
		"shi_ying_0_2_daiji_0002_0_": {
			"shi_ying_0_2_daiji_0002_0_": { "x": -19, "y": 66.49, "width": 36, "height": 63 }
		},
		"shi_ying_0_2_daiji_0002_1_": {
			"shi_ying_0_2_daiji_0002_1_": { "x": -30.5, "y": 118.49, "width": 51, "height": 41 }
		},
		"shi_ying_0_2_daiji_0002_2_": {
			"shi_ying_0_2_daiji_0002_2_": { "x": 20.99, "y": 61.49, "width": 44, "height": 51 }
		},
		"shi_ying_0_2_daiji_0002_3_": {
			"shi_ying_0_2_daiji_0002_3_": { "x": 72, "y": 58.99, "width": 58, "height": 52 }
		},
		"shi_ying_0_2_daiji_0002_4_": {
			"shi_ying_0_2_daiji_0002_4_": { "x": -28.5, "y": 163.49, "width": 57, "height": 121 }
		},
		"shi_ying_0_2_daiji_0002_5_": {
			"shi_ying_0_2_daiji_0002_5_": { "x": 121, "y": 87.49, "width": 40, "height": 83 }
		},
		"shi_ying_0_2_daiji_0003_0_": {
			"shi_ying_0_2_daiji_0003_0_": { "x": -14.5, "y": 73.49, "width": 37, "height": 71 }
		},
		"shi_ying_0_2_daiji_0003_1_": {
			"shi_ying_0_2_daiji_0003_1_": { "x": -51.5, "y": 111.49, "width": 39, "height": 59 }
		},
		"shi_ying_0_2_daiji_0003_2_": {
			"shi_ying_0_2_daiji_0003_2_": { "x": 26.99, "y": 66.49, "width": 46, "height": 45 }
		},
		"shi_ying_0_2_daiji_0003_3_": {
			"shi_ying_0_2_daiji_0003_3_": { "x": 64.5, "y": 21.99, "width": 107, "height": 44 }
		},
		"shi_ying_0_2_daiji_0003_4_": {
			"shi_ying_0_2_daiji_0003_4_": { "x": -90, "y": 120.99, "width": 38, "height": 56 }
		},
		"shi_ying_0_2_daiji_0003_5_": {
			"shi_ying_0_2_daiji_0003_5_": { "x": 98, "y": -18, "width": 110, "height": 36 }
		},
		"shi_ying_0_2_daiji_0004_0_": {
			"shi_ying_0_2_daiji_0004_0_": { "x": -13.5, "y": 72.49, "width": 37, "height": 63 }
		},
		"shi_ying_0_2_daiji_0004_1_": {
			"shi_ying_0_2_daiji_0004_1_": { "x": 27.49, "y": 40.99, "width": 45, "height": 96 }
		},
		"shi_ying_0_2_daiji_0004_2_": {
			"shi_ying_0_2_daiji_0004_2_": { "x": -53.5, "y": 19.99, "width": 71, "height": 42 }
		},
		"shi_ying_0_2_daiji_0004_3_": {
			"shi_ying_0_2_daiji_0004_3_": { "x": -31.5, "y": 72.99, "width": 49, "height": 64 }
		},
		"shi_ying_0_2_daiji_0004_4_": {
			"shi_ying_0_2_daiji_0004_4_": { "x": 29.49, "y": -44.5, "width": 39, "height": 75 }
		},
		"shi_ying_0_2_daiji_0005_0_": {
			"shi_ying_0_2_daiji_0005_0_": { "x": -17, "y": 73.49, "width": 68, "height": 65 }
		},
		"shi_ying_0_2_daiji_0005_1_": {
			"shi_ying_0_2_daiji_0005_1_": { "x": 39.99, "y": 63.49, "width": 46, "height": 47 }
		},
		"shi_ying_0_2_daiji_0005_2_": {
			"shi_ying_0_2_daiji_0005_2_": { "x": 15.5, "y": 6.99, "width": 105, "height": 68 }
		},
		"shi_ying_0_2_daiji_0006_0_": {
			"shi_ying_0_2_daiji_0006_0_": { "x": 39.99, "y": 18.99, "width": 76, "height": 132 }
		},
		"shi_ying_0_2_daiji_0006_1_": {
			"shi_ying_0_2_daiji_0006_1_": { "x": -25.5, "y": 103.49, "width": 67, "height": 43 }
		},
		"shi_ying_0_2_daiji_0006_2_": {
			"shi_ying_0_2_daiji_0006_2_": { "x": -27.5, "y": 50.49, "width": 59, "height": 63 }
		},
		"shi_ying_0_2_daiji_0007_0_": {
			"shi_ying_0_2_daiji_0007_0_": { "x": 2.49, "y": 69.99, "width": 67, "height": 70 }
		},
		"shi_ying_0_2_daiji_0007_1_": {
			"shi_ying_0_2_daiji_0007_1_": { "x": 66, "y": 51.49, "width": 60, "height": 109 }
		},
		"shi_ying_0_2_daiji_0007_2_": {
			"shi_ying_0_2_daiji_0007_2_": { "x": -54.5, "y": 145.49, "width": 59, "height": 27 }
		},
		"shi_ying_0_2_daiji_0007_3_": {
			"shi_ying_0_2_daiji_0007_3_": { "y": 129.99, "width": 50, "height": 50 }
		},
		"shi_ying_0_2_daiji_0008_0_": {
			"shi_ying_0_2_daiji_0008_0_": { "x": 10.49, "y": 63.49, "width": 85, "height": 63 }
		},
		"shi_ying_0_2_daiji_0008_1_": {
			"shi_ying_0_2_daiji_0008_1_": { "x": 48, "y": 125.99, "width": 112, "height": 62 }
		},
		"shi_ying_0_2_daiji_0008_2_": {
			"shi_ying_0_2_daiji_0008_2_": { "x": 1.99, "y": 191.49, "width": 68, "height": 69 }
		},
		"shi_ying_0_2_daiji_0009_0_": {
			"shi_ying_0_2_daiji_0009_0_": { "x": -15.5, "y": 62.99, "width": 39, "height": 64 }
		},
		"shi_ying_0_2_daiji_0009_1_": {
			"shi_ying_0_2_daiji_0009_1_": { "x": 32.49, "y": 58.99, "width": 57, "height": 44 }
		},
		"shi_ying_0_2_daiji_0009_2_": {
			"shi_ying_0_2_daiji_0009_2_": { "x": 81, "y": 147.49, "width": 70, "height": 133 }
		},
		"shi_ying_0_2_daiji_0009_3_": {
			"shi_ying_0_2_daiji_0009_3_": { "x": -3, "y": 135.99, "width": 20, "height": 82 }
		},
		"shi_ying_0_2_daiji_0009_4_": {
			"shi_ying_0_2_daiji_0009_4_": { "x": 26.49, "y": 166.99, "width": 39, "height": 172 }
		},
		"shi_ying_2_gj_0000_0_": {
			"shi_ying_2_gj_0000_0_": { "x": -17.5, "y": 61.49, "width": 37, "height": 61 }
		},
		"shi_ying_2_gj_0000_1_": {
			"shi_ying_2_gj_0000_1_": { "x": -1.5, "y": 146.99, "width": 51, "height": 110 }
		},
		"shi_ying_2_gj_0000_2_": {
			"shi_ying_2_gj_0000_2_": { "x": 39.49, "y": 195.49, "width": 31, "height": 101 }
		},
		"shi_ying_2_gj_0000_3_": {
			"shi_ying_2_gj_0000_3_": { "x": 40.99, "y": 59.49, "width": 80, "height": 47 }
		},
		"shi_ying_2_gj_0000_4_": {
			"shi_ying_2_gj_0000_4_": { "x": 65.5, "y": 148.49, "width": 101, "height": 131 }
		},
		"shi_ying_2_gj_0001_0_": {
			"shi_ying_2_gj_0001_0_": { "x": 0.99, "y": 57.99, "width": 88, "height": 60 }
		},
		"shi_ying_2_gj_0001_1_": {
			"shi_ying_2_gj_0001_1_": { "x": 89.5, "y": 52.99, "width": 89, "height": 44 }
		},
		"shi_ying_2_gj_0001_2_": {
			"shi_ying_2_gj_0001_2_": { "x": 115.5, "y": 99.99, "width": 47, "height": 50 }
		},
		"shi_ying_2_gj_0001_3_": {
			"shi_ying_2_gj_0001_3_": { "x": -28.5, "y": 152.49, "width": 57, "height": 129 }
		},
		"shi_ying_2_gj_0002_0_": {
			"shi_ying_2_gj_0002_0_": { "x": 104.5, "y": -13, "width": 107, "height": 52 }
		},
		"shi_ying_2_gj_0002_1_": {
			"shi_ying_2_gj_0002_1_": { "x": -47, "y": 124.49, "width": 108, "height": 59 }
		},
		"shi_ying_2_gj_0002_2_": {
			"shi_ying_2_gj_0002_2_": { "x": 90, "y": 32.49, "width": 138, "height": 119 }
		},
		"shi_ying_2_gj_0002_3_": {
			"shi_ying_2_gj_0002_3_": { "x": -8.5, "y": 67.99, "width": 59, "height": 54 }
		},
		"shi_ying_2_gj_0003_0_": {
			"shi_ying_2_gj_0003_0_": { "x": 48, "y": 3.99, "width": 72, "height": 72 }
		},
		"shi_ying_2_gj_0003_1_": {
			"shi_ying_2_gj_0003_1_": { "x": 60.5, "y": 79.99, "width": 69, "height": 80 }
		},
		"shi_ying_2_gj_0003_2_": {
			"shi_ying_2_gj_0003_2_": { "x": 8.99, "y": 102.99, "width": 42, "height": 96 }
		},
		"shi_ying_2_gj_0003_3_": {
			"shi_ying_2_gj_0003_3_": { "x": -46, "y": 110.99, "width": 68, "height": 74 }
		},
		"shi_ying_2_gj_0004_0_": {
			"shi_ying_2_gj_0004_0_": { "x": 30.99, "y": 112.99, "width": 54, "height": 120 }
		},
		"shi_ying_2_gj_0004_1_": {
			"shi_ying_2_gj_0004_1_": { "x": 18.49, "y": 244.99, "width": 107, "height": 74 }
		},
		"shi_ying_2_gj_0004_2_": {
			"shi_ying_2_gj_0004_2_": { "x": 81, "y": 173.49, "width": 46, "height": 83 }
		},
		"shi_ying_2_gj_0004_3_": {
			"shi_ying_2_gj_0004_3_": { "x": 39.99, "y": 190.49, "width": 36, "height": 35 }
		},
		"shi_ying_2_gj_0004_4_": {
			"shi_ying_2_gj_0004_4_": { "x": 139, "y": 193.99, "width": 70, "height": 46 }
		},
		"shi_ying_2_gj_0005_0_": {
			"shi_ying_2_gj_0005_0_": { "x": 39.99, "y": 125.99, "width": 52, "height": 126 }
		},
		"shi_ying_2_gj_0005_1_": {
			"shi_ying_2_gj_0005_1_": { "x": 49, "y": 267.99, "width": 30, "height": 158 }
		},
		"shi_ying_2_gj_0005_2_": {
			"shi_ying_2_gj_0005_2_": { "x": 97.5, "y": 238.49, "width": 67, "height": 191 }
		},
		"shi_ying_2_gj_0006_0_": {
			"shi_ying_2_gj_0006_0_": { "x": 38.99, "y": 119.49, "width": 56, "height": 111 }
		},
		"shi_ying_2_gj_0006_1_": {
			"shi_ying_2_gj_0006_1_": { "x": 42.99, "y": 245.49, "width": 68, "height": 141 }
		},
		"shi_ying_2_gj_0006_2_": {
			"shi_ying_2_gj_0006_2_": { "x": 145, "y": 240.99, "width": 62, "height": 86 }
		},
		"shi_ying_2_gj_0006_3_": {
			"shi_ying_2_gj_0006_3_": { "x": 119, "y": 163.99, "width": 104, "height": 68 }
		},
		"shi_ying_2_gj_0007_0_": {
			"shi_ying_2_gj_0007_0_": { "x": -32, "y": 182.99, "width": 40, "height": 60 }
		},
		"shi_ying_2_gj_0007_1_": {
			"shi_ying_2_gj_0007_1_": { "x": 41.99, "y": 118.99, "width": 62, "height": 112 }
		},
		"shi_ying_2_gj_0007_2_": {
			"shi_ying_2_gj_0007_2_": { "x": -11.5, "y": 139.49, "width": 45, "height": 27 }
		},
		"shi_ying_2_gj_0007_3_": {
			"shi_ying_2_gj_0007_3_": { "x": 136, "y": 91.99, "width": 126, "height": 46 }
		},
		"shi_ying_2_gj_0008_0_": {
			"shi_ying_2_gj_0008_0_": { "x": 39.49, "y": 148.99, "width": 63, "height": 68 }
		},
		"shi_ying_2_gj_0008_1_": {
			"shi_ying_2_gj_0008_1_": { "x": 37.49, "y": 83.99, "width": 59, "height": 62 }
		},
		"shi_ying_2_gj_0008_2_": {
			"shi_ying_2_gj_0008_2_": { "x": -57.5, "y": 64.99, "width": 41, "height": 72 }
		},
		"shi_ying_2_gj_0008_3_": {
			"shi_ying_2_gj_0008_3_": { "x": -14.5, "y": 94.99, "width": 45, "height": 132 }
		},
		"shi_ying_2_gj_0009_0_": {
			"shi_ying_2_gj_0009_0_": { "x": 68, "y": 181.99, "width": 76, "height": 54 }
		},
		"shi_ying_2_gj_0009_1_": {
			"shi_ying_2_gj_0009_1_": { "x": 75.5, "y": 121.49, "width": 69, "height": 67 }
		},
		"shi_ying_2_gj_0009_2_": {
			"shi_ying_2_gj_0009_2_": { "x": 10.99, "y": 162.49, "width": 38, "height": 83 }
		},
		"shi_ying_2_gj_0009_3_": {
			"shi_ying_2_gj_0009_3_": { "x": 7.99, "y": 100.99, "width": 66, "height": 40 }
		},
		"shi_ying_2_gj_0010_0_": {
			"shi_ying_2_gj_0010_0_": { "x": 37.49, "y": 228.49, "width": 67, "height": 39 }
		},
		"shi_ying_2_gj_0010_1_": {
			"shi_ying_2_gj_0010_1_": { "x": -17.5, "y": 204.49, "width": 43, "height": 75 }
		},
		"shi_ying_2_gj_0010_2_": {
			"shi_ying_2_gj_0010_2_": { "x": 61.5, "y": 156.99, "width": 57, "height": 106 }
		},
		"shi_ying_2_gj_0010_3_": {
			"shi_ying_2_gj_0010_3_": { "x": 116, "y": 157.49, "width": 90, "height": 141 }
		},
		"shi_ying_2_gj_0010_4_": {
			"shi_ying_2_gj_0010_4_": { "x": 124, "y": 194.99, "width": 68, "height": 38 }
		},
		"shi_ying_2_gj_0011_0_": {
			"shi_ying_2_gj_0011_0_": { "x": 64, "y": 165.99, "width": 54, "height": 128 }
		},
		"shi_ying_2_gj_0011_1_": {
			"shi_ying_2_gj_0011_1_": { "x": 60.5, "y": 309.49, "width": 61, "height": 159 }
		},
		"shi_ying_2_gj_0011_2_": {
			"shi_ying_2_gj_0011_2_": { "x": 140.5, "y": 273.49, "width": 99, "height": 171 }
		},
		"shi_ying_2_gj_0012_0_": {
			"shi_ying_2_gj_0012_0_": { "x": 59.5, "y": 157.49, "width": 53, "height": 125 }
		},
		"shi_ying_2_gj_0012_1_": {
			"shi_ying_2_gj_0012_1_": { "x": 122, "y": 187.49, "width": 72, "height": 31 }
		},
		"shi_ying_2_gj_0012_2_": {
			"shi_ying_2_gj_0012_2_": { "x": 145, "y": 274.99, "width": 84, "height": 144 }
		},
		"shi_ying_2_gj_0012_3_": {
			"shi_ying_2_gj_0012_3_": { "x": 66, "y": 293.99, "width": 72, "height": 148 }
		},
		"shi_ying_2_gj_0013_0_": {
			"shi_ying_2_gj_0013_0_": { "x": 15, "y": 252.99, "width": 48, "height": 86 }
		},
		"shi_ying_2_gj_0013_1_": {
			"shi_ying_2_gj_0013_1_": { "x": 37.49, "y": 145.99, "width": 71, "height": 128 }
		},
		"shi_ying_2_gj_0013_2_": {
			"shi_ying_2_gj_0013_2_": { "x": 205.5, "y": 176.99, "width": 57, "height": 66 }
		},
		"shi_ying_2_gj_0013_3_": {
			"shi_ying_2_gj_0013_3_": { "x": 125, "y": 152.49, "width": 104, "height": 33 }
		},
		"shi_ying_2_gj_0014_0_": {
			"shi_ying_2_gj_0014_0_": { "x": 28.99, "y": 124.49, "width": 62, "height": 113 }
		},
		"shi_ying_2_gj_0014_1_": {
			"shi_ying_2_gj_0014_1_": { "x": -47, "y": 145.99, "width": 90, "height": 42 }
		},
		"shi_ying_2_gj_0014_2_": {
			"shi_ying_2_gj_0014_2_": { "x": 129.5, "y": 43.49, "width": 65, "height": 75 }
		},
		"shi_ying_2_gj_0014_3_": {
			"shi_ying_2_gj_0014_3_": { "x": 92, "y": 107.99, "width": 64, "height": 54 }
		},
		"shi_ying_2_gj_0015_0_": {
			"shi_ying_2_gj_0015_0_": { "x": 85.5, "y": 53.99, "width": 63, "height": 130 }
		},
		"shi_ying_2_gj_0015_1_": {
			"shi_ying_2_gj_0015_1_": { "x": 11.99, "y": 146.99, "width": 40, "height": 50 }
		},
		"shi_ying_2_gj_0015_2_": {
			"shi_ying_2_gj_0015_2_": { "x": -43.5, "y": 146.99, "width": 71, "height": 60 }
		},
		"shi_ying_2_gj_0015_3_": {
			"shi_ying_2_gj_0015_3_": { "x": 15, "y": 87.99, "width": 78, "height": 68 }
		},
		"shi_ying_2_gj_0016_0_": {
			"shi_ying_2_gj_0016_0_": { "x": -35, "y": 160.49, "width": 104, "height": 27 }
		},
		"shi_ying_2_gj_0016_1_": {
			"shi_ying_2_gj_0016_1_": { "x": 94, "y": 93.99, "width": 88, "height": 48 }
		},
		"shi_ying_2_gj_0016_2_": {
			"shi_ying_2_gj_0016_2_": { "x": 35.49, "y": 80.49, "width": 29, "height": 77 }
		},
		"shi_ying_2_gj_0016_3_": {
			"shi_ying_2_gj_0016_3_": { "x": -8, "y": 57.49, "width": 58, "height": 51 }
		},
		"shi_ying_2_gj_0016_4_": {
			"shi_ying_2_gj_0016_4_": { "x": -0.5, "y": 114.99, "width": 47, "height": 64 }
		},
		"shi_ying_2_gj_0017_0_": {
			"shi_ying_2_gj_0017_0_": { "x": -18.5, "y": 50.49, "width": 45, "height": 75 }
		},
		"shi_ying_2_gj_0017_1_": {
			"shi_ying_2_gj_0017_1_": { "x": -15, "y": 140.99, "width": 54, "height": 106 }
		},
		"shi_ying_2_gj_0017_2_": {
			"shi_ying_2_gj_0017_2_": { "x": 37.49, "y": 51.99, "width": 67, "height": 56 }
		},
		"shi_ying_2_gj_0017_3_": {
			"shi_ying_2_gj_0017_3_": { "x": -69.5, "y": 172.99, "width": 55, "height": 42 }
		},
		"shi_ying_2_gj_0017_4_": {
			"shi_ying_2_gj_0017_4_": { "x": 70.5, "y": 110.99, "width": 113, "height": 62 }
		},
		"shi_ying_2_gj_0018_0_": {
			"shi_ying_2_gj_0018_0_": { "x": -4, "y": 168.99, "width": 72, "height": 110 }
		},
		"shi_ying_2_gj_0018_1_": {
			"shi_ying_2_gj_0018_1_": { "y": 100.49, "width": 36, "height": 27 }
		},
		"shi_ying_2_gj_0018_2_": {
			"shi_ying_2_gj_0018_2_": { "x": -14, "y": 49.99, "width": 48, "height": 74 }
		},
		"shi_ying_2_gj_0018_3_": {
			"shi_ying_2_gj_0018_3_": { "x": 67, "y": 139.49, "width": 90, "height": 73 }
		},
		"shi_ying_2_gj_0018_4_": {
			"shi_ying_2_gj_0018_4_": { "x": 47.5, "y": 65.49, "width": 75, "height": 75 }
		},
		"shi_ying_2_gj_0019_0_": {
			"shi_ying_2_gj_0019_0_": { "x": -12.5, "y": 55.49, "width": 47, "height": 63 }
		},
		"shi_ying_2_gj_0019_1_": {
			"shi_ying_2_gj_0019_1_": { "x": 46.5, "y": 59.49, "width": 71, "height": 55 }
		},
		"shi_ying_2_gj_0019_2_": {
			"shi_ying_2_gj_0019_2_": { "x": 29.49, "y": 197.49, "width": 55, "height": 93 }
		},
		"shi_ying_2_gj_0019_3_": {
			"shi_ying_2_gj_0019_3_": { "x": 80, "y": 146.49, "width": 74, "height": 119 }
		},
		"shi_ying_2_gj_0019_4_": {
			"shi_ying_2_gj_0019_4_": { "x": 14.5, "y": 118.99, "width": 57, "height": 64 }
		},
		"shi_ying_2_gj_0020_0_": {
			"shi_ying_2_gj_0020_0_": { "x": -15, "y": 62.49, "width": 42, "height": 65 }
		},
		"shi_ying_2_gj_0020_1_": {
			"shi_ying_2_gj_0020_1_": { "x": 41.99, "y": 58.49, "width": 72, "height": 47 }
		},
		"shi_ying_2_gj_0020_2_": {
			"shi_ying_2_gj_0020_2_": { "x": 57, "y": 102.49, "width": 84, "height": 41 }
		},
		"shi_ying_2_gj_0020_3_": {
			"shi_ying_2_gj_0020_3_": { "x": 70.5, "y": 135.99, "width": 73, "height": 26 }
		},
		"shi_ying_2_gj_0020_4_": {
			"shi_ying_2_gj_0020_4_": { "x": 85.5, "y": 166.99, "width": 59, "height": 36 }
		},
		"shi_ying_2_gj_0020_5_": {
			"shi_ying_2_gj_0020_5_": { "x": 48, "y": 170.49, "width": 126, "height": 151 }
		},
		"shi_ying_2_gj_0020_6_": {
			"shi_ying_2_gj_0020_6_": { "x": 30.49, "y": 203.49, "width": 57, "height": 85 }
		},
		"shi_ying_2_gj_0020_7_": {
			"shi_ying_2_gj_0020_7_": { "x": 13.5, "y": 127.99, "width": 57, "height": 66 }
		},
		"shi_ying_gj_fx_00_": {
			"shi_ying_gj_fx_00_": { "x": 76.5, "y": 111.99, "width": 103, "height": 188 }
		},
		"shi_ying_gj_fx_01_0_": {
			"shi_ying_gj_fx_01_0_": { "x": -107.5, "y": 104.49, "width": 77, "height": 183 }
		},
		"shi_ying_gj_fx_01_1_": {
			"shi_ying_gj_fx_01_1_": { "x": 22.99, "y": 2.49, "width": 200, "height": 107 }
		},
		"shi_ying_gj_fx_01_2_": {
			"shi_ying_gj_fx_01_2_": { "x": 90.5, "y": 150.99, "width": 107, "height": 190 }
		},
		"shi_ying_gj_fx_01_3_": {
			"shi_ying_gj_fx_01_3_": { "x": -28, "y": 149.99, "width": 130, "height": 188 }
		},
		"shi_ying_gj_fx_02_0_": {
			"shi_ying_gj_fx_02_0_": { "x": -98.5, "y": 132.99, "width": 121, "height": 188 }
		},
		"shi_ying_gj_fx_02_1_": {
			"shi_ying_gj_fx_02_1_": { "x": 48.5, "y": 189.49, "width": 179, "height": 111 }
		},
		"shi_ying_gj_fx_02_2_": {
			"shi_ying_gj_fx_02_2_": { "x": 0.49, "y": 43.49, "width": 277, "height": 181 }
		},
		"shi_ying_gj_fx_03_": {
			"shi_ying_gj_fx_03_": { "x": -15, "y": 96.49, "width": 300, "height": 297 }
		},
		"shi_ying_gj_fx_04_": {
			"shi_ying_gj_fx_04_": { "x": -15.5, "y": 94.49, "width": 305, "height": 293 }
		},
		"shi_ying_gj_fx_05_": {
			"shi_ying_gj_fx_05_": { "x": 69.5, "y": 79.99, "width": 135, "height": 254 }
		},
		"siwang_0_": {
			"siwang_0_": { "x": 7.49, "y": 72.99, "width": 101, "height": 124 }
		},
		"siwang_1_": {
			"siwang_1_": { "x": 7.49, "y": 66.99, "width": 119, "height": 138 }
		},
		"siwang_2_": {
			"siwang_2_": { "x": 8.49, "y": 62.99, "width": 129, "height": 140 }
		},
		"siwang_3_": {
			"siwang_3_": { "x": -10, "y": 58.99, "width": 162, "height": 140 }
		},
		"siwang_4_": {
			"siwang_4_": { "x": -10, "y": 59.99, "width": 164, "height": 142 }
		},
		"siwang_5_": {
			"siwang_5_": { "x": -13, "y": 55.99, "width": 158, "height": 152 }
		},
		"siwang_6_": {
			"siwang_6_": { "x": -1.5, "y": 18.99, "width": 97, "height": 60 }
		}
	}
},
"animations": {
	"dj": {
		"slots": {
			"shi_ying_0_2_daiji_0000_0_": {
				"attachment": [
					{ "time": 0, "name": "shi_ying_0_2_daiji_0000_0_" },
					{ "time": 0.1, "name": "shi_ying_0_2_daiji_0000_0_" },
					{ "time": 0.1333, "name": null },
					{ "time": 1.3, "name": null }
				]
			},
			"shi_ying_0_2_daiji_0000_1_": {
				"attachment": [
					{ "time": 0, "name": "shi_ying_0_2_daiji_0000_1_" },
					{ "time": 0.1, "name": "shi_ying_0_2_daiji_0000_1_" },
					{ "time": 0.1333, "name": null },
					{ "time": 1.3, "name": null }
				]
			},
			"shi_ying_0_2_daiji_0000_2_": {
				"attachment": [
					{ "time": 0, "name": "shi_ying_0_2_daiji_0000_2_" },
					{ "time": 0.1, "name": "shi_ying_0_2_daiji_0000_2_" },
					{ "time": 0.1333, "name": null },
					{ "time": 1.3, "name": null }
				]
			},
			"shi_ying_0_2_daiji_0000_3_": {
				"attachment": [
					{ "time": 0, "name": "shi_ying_0_2_daiji_0000_3_" },
					{ "time": 0.1, "name": "shi_ying_0_2_daiji_0000_3_" },
					{ "time": 0.1333, "name": null },
					{ "time": 1.3, "name": null }
				]
			},
			"shi_ying_0_2_daiji_0000_4_": {
				"attachment": [
					{ "time": 0, "name": "shi_ying_0_2_daiji_0000_4_" },
					{ "time": 0.1, "name": "shi_ying_0_2_daiji_0000_4_" },
					{ "time": 0.1333, "name": null },
					{ "time": 1.3, "name": null }
				]
			},
			"shi_ying_0_2_daiji_0001_0_": {
				"attachment": [
					{ "time": 0, "name": null },
					{ "time": 0.1, "name": null },
					{ "time": 0.1333, "name": "shi_ying_0_2_daiji_0001_0_" },
					{ "time": 0.2333, "name": "shi_ying_0_2_daiji_0001_0_" },
					{ "time": 0.2666, "name": null },
					{ "time": 1.3, "name": null }
				]
			},
			"shi_ying_0_2_daiji_0001_1_": {
				"attachment": [
					{ "time": 0, "name": null },
					{ "time": 0.1, "name": null },
					{ "time": 0.1333, "name": "shi_ying_0_2_daiji_0001_1_" },
					{ "time": 0.2333, "name": "shi_ying_0_2_daiji_0001_1_" },
					{ "time": 0.2666, "name": null },
					{ "time": 1.3, "name": null }
				]
			},
			"shi_ying_0_2_daiji_0001_2_": {
				"attachment": [
					{ "time": 0, "name": null },
					{ "time": 0.1, "name": null },
					{ "time": 0.1333, "name": "shi_ying_0_2_daiji_0001_2_" },
					{ "time": 0.2333, "name": "shi_ying_0_2_daiji_0001_2_" },
					{ "time": 0.2666, "name": null },
					{ "time": 1.3, "name": null }
				]
			},
			"shi_ying_0_2_daiji_0001_3_": {
				"attachment": [
					{ "time": 0, "name": null },
					{ "time": 0.1, "name": null },
					{ "time": 0.1333, "name": "shi_ying_0_2_daiji_0001_3_" },
					{ "time": 0.2333, "name": "shi_ying_0_2_daiji_0001_3_" },
					{ "time": 0.2666, "name": null },
					{ "time": 1.3, "name": null }
				]
			},
			"shi_ying_0_2_daiji_0001_4_": {
				"attachment": [
					{ "time": 0, "name": null },
					{ "time": 0.1, "name": null },
					{ "time": 0.1333, "name": "shi_ying_0_2_daiji_0001_4_" },
					{ "time": 0.2333, "name": "shi_ying_0_2_daiji_0001_4_" },
					{ "time": 0.2666, "name": null },
					{ "time": 1.3, "name": null }
				]
			},
			"shi_ying_0_2_daiji_0002_0_": {
				"attachment": [
					{ "time": 0, "name": null },
					{ "time": 0.2333, "name": null },
					{ "time": 0.2666, "name": "shi_ying_0_2_daiji_0002_0_" },
					{ "time": 0.3666, "name": "shi_ying_0_2_daiji_0002_0_" },
					{ "time": 0.4, "name": null },
					{ "time": 1.3, "name": null }
				]
			},
			"shi_ying_0_2_daiji_0002_1_": {
				"attachment": [
					{ "time": 0, "name": null },
					{ "time": 0.2333, "name": null },
					{ "time": 0.2666, "name": "shi_ying_0_2_daiji_0002_1_" },
					{ "time": 0.3666, "name": "shi_ying_0_2_daiji_0002_1_" },
					{ "time": 0.4, "name": null },
					{ "time": 1.3, "name": null }
				]
			},
			"shi_ying_0_2_daiji_0002_2_": {
				"attachment": [
					{ "time": 0, "name": null },
					{ "time": 0.2333, "name": null },
					{ "time": 0.2666, "name": "shi_ying_0_2_daiji_0002_2_" },
					{ "time": 0.3666, "name": "shi_ying_0_2_daiji_0002_2_" },
					{ "time": 0.4, "name": null },
					{ "time": 1.3, "name": null }
				]
			},
			"shi_ying_0_2_daiji_0002_3_": {
				"attachment": [
					{ "time": 0, "name": null },
					{ "time": 0.2333, "name": null },
					{ "time": 0.2666, "name": "shi_ying_0_2_daiji_0002_3_" },
					{ "time": 0.3666, "name": "shi_ying_0_2_daiji_0002_3_" },
					{ "time": 0.4, "name": null },
					{ "time": 1.3, "name": null }
				]
			},
			"shi_ying_0_2_daiji_0002_4_": {
				"attachment": [
					{ "time": 0, "name": null },
					{ "time": 0.2333, "name": null },
					{ "time": 0.2666, "name": "shi_ying_0_2_daiji_0002_4_" },
					{ "time": 0.3666, "name": "shi_ying_0_2_daiji_0002_4_" },
					{ "time": 0.4, "name": null },
					{ "time": 1.3, "name": null }
				]
			},
			"shi_ying_0_2_daiji_0002_5_": {
				"attachment": [
					{ "time": 0, "name": null },
					{ "time": 0.2333, "name": null },
					{ "time": 0.2666, "name": "shi_ying_0_2_daiji_0002_5_" },
					{ "time": 0.3666, "name": "shi_ying_0_2_daiji_0002_5_" },
					{ "time": 0.4, "name": null },
					{ "time": 1.3, "name": null }
				]
			},
			"shi_ying_0_2_daiji_0003_0_": {
				"attachment": [
					{ "time": 0, "name": null },
					{ "time": 0.3666, "name": null },
					{ "time": 0.4, "name": "shi_ying_0_2_daiji_0003_0_" },
					{ "time": 0.5, "name": "shi_ying_0_2_daiji_0003_0_" },
					{ "time": 0.5333, "name": null },
					{ "time": 1.3, "name": null }
				]
			},
			"shi_ying_0_2_daiji_0003_1_": {
				"attachment": [
					{ "time": 0, "name": null },
					{ "time": 0.3666, "name": null },
					{ "time": 0.4, "name": "shi_ying_0_2_daiji_0003_1_" },
					{ "time": 0.5, "name": "shi_ying_0_2_daiji_0003_1_" },
					{ "time": 0.5333, "name": null },
					{ "time": 1.3, "name": null }
				]
			},
			"shi_ying_0_2_daiji_0003_2_": {
				"attachment": [
					{ "time": 0, "name": null },
					{ "time": 0.3666, "name": null },
					{ "time": 0.4, "name": "shi_ying_0_2_daiji_0003_2_" },
					{ "time": 0.5, "name": "shi_ying_0_2_daiji_0003_2_" },
					{ "time": 0.5333, "name": null },
					{ "time": 1.3, "name": null }
				]
			},
			"shi_ying_0_2_daiji_0003_3_": {
				"attachment": [
					{ "time": 0, "name": null },
					{ "time": 0.3666, "name": null },
					{ "time": 0.4, "name": "shi_ying_0_2_daiji_0003_3_" },
					{ "time": 0.5, "name": "shi_ying_0_2_daiji_0003_3_" },
					{ "time": 0.5333, "name": null },
					{ "time": 1.3, "name": null }
				]
			},
			"shi_ying_0_2_daiji_0003_4_": {
				"attachment": [
					{ "time": 0, "name": null },
					{ "time": 0.3666, "name": null },
					{ "time": 0.4, "name": "shi_ying_0_2_daiji_0003_4_" },
					{ "time": 0.5, "name": "shi_ying_0_2_daiji_0003_4_" },
					{ "time": 0.5333, "name": null },
					{ "time": 1.3, "name": null }
				]
			},
			"shi_ying_0_2_daiji_0003_5_": {
				"attachment": [
					{ "time": 0, "name": null },
					{ "time": 0.3666, "name": null },
					{ "time": 0.4, "name": "shi_ying_0_2_daiji_0003_5_" },
					{ "time": 0.5, "name": "shi_ying_0_2_daiji_0003_5_" },
					{ "time": 0.5333, "name": null },
					{ "time": 1.3, "name": null }
				]
			},
			"shi_ying_0_2_daiji_0004_0_": {
				"attachment": [
					{ "time": 0, "name": null },
					{ "time": 0.5, "name": null },
					{ "time": 0.5333, "name": "shi_ying_0_2_daiji_0004_0_" },
					{ "time": 0.6333, "name": "shi_ying_0_2_daiji_0004_0_" },
					{ "time": 0.6666, "name": null },
					{ "time": 1.3, "name": null }
				]
			},
			"shi_ying_0_2_daiji_0004_1_": {
				"attachment": [
					{ "time": 0, "name": null },
					{ "time": 0.5, "name": null },
					{ "time": 0.5333, "name": "shi_ying_0_2_daiji_0004_1_" },
					{ "time": 0.6333, "name": "shi_ying_0_2_daiji_0004_1_" },
					{ "time": 0.6666, "name": null },
					{ "time": 1.3, "name": null }
				]
			},
			"shi_ying_0_2_daiji_0004_2_": {
				"attachment": [
					{ "time": 0, "name": null },
					{ "time": 0.5, "name": null },
					{ "time": 0.5333, "name": "shi_ying_0_2_daiji_0004_2_" },
					{ "time": 0.6333, "name": "shi_ying_0_2_daiji_0004_2_" },
					{ "time": 0.6666, "name": null },
					{ "time": 1.3, "name": null }
				]
			},
			"shi_ying_0_2_daiji_0004_3_": {
				"attachment": [
					{ "time": 0, "name": null },
					{ "time": 0.5, "name": null },
					{ "time": 0.5333, "name": "shi_ying_0_2_daiji_0004_3_" },
					{ "time": 0.6333, "name": "shi_ying_0_2_daiji_0004_3_" },
					{ "time": 0.6666, "name": null },
					{ "time": 1.3, "name": null }
				]
			},
			"shi_ying_0_2_daiji_0004_4_": {
				"attachment": [
					{ "time": 0, "name": null },
					{ "time": 0.5, "name": null },
					{ "time": 0.5333, "name": "shi_ying_0_2_daiji_0004_4_" },
					{ "time": 0.6333, "name": "shi_ying_0_2_daiji_0004_4_" },
					{ "time": 0.6666, "name": null },
					{ "time": 1.3, "name": null }
				]
			},
			"shi_ying_0_2_daiji_0005_0_": {
				"attachment": [
					{ "time": 0, "name": null },
					{ "time": 0.6333, "name": null },
					{ "time": 0.6666, "name": "shi_ying_0_2_daiji_0005_0_" },
					{ "time": 0.7666, "name": "shi_ying_0_2_daiji_0005_0_" },
					{ "time": 0.8, "name": null },
					{ "time": 1.3, "name": null }
				]
			},
			"shi_ying_0_2_daiji_0005_1_": {
				"attachment": [
					{ "time": 0, "name": null },
					{ "time": 0.6333, "name": null },
					{ "time": 0.6666, "name": "shi_ying_0_2_daiji_0005_1_" },
					{ "time": 0.7666, "name": "shi_ying_0_2_daiji_0005_1_" },
					{ "time": 0.8, "name": null },
					{ "time": 1.3, "name": null }
				]
			},
			"shi_ying_0_2_daiji_0005_2_": {
				"attachment": [
					{ "time": 0, "name": null },
					{ "time": 0.6333, "name": null },
					{ "time": 0.6666, "name": "shi_ying_0_2_daiji_0005_2_" },
					{ "time": 0.7666, "name": "shi_ying_0_2_daiji_0005_2_" },
					{ "time": 0.8, "name": null },
					{ "time": 1.3, "name": null }
				]
			},
			"shi_ying_0_2_daiji_0006_0_": {
				"attachment": [
					{ "time": 0, "name": null },
					{ "time": 0.7666, "name": null },
					{ "time": 0.8, "name": "shi_ying_0_2_daiji_0006_0_" },
					{ "time": 0.9, "name": "shi_ying_0_2_daiji_0006_0_" },
					{ "time": 0.9333, "name": null },
					{ "time": 1.3, "name": null }
				]
			},
			"shi_ying_0_2_daiji_0006_1_": {
				"attachment": [
					{ "time": 0, "name": null },
					{ "time": 0.7666, "name": null },
					{ "time": 0.8, "name": "shi_ying_0_2_daiji_0006_1_" },
					{ "time": 0.9, "name": "shi_ying_0_2_daiji_0006_1_" },
					{ "time": 0.9333, "name": null },
					{ "time": 1.3, "name": null }
				]
			},
			"shi_ying_0_2_daiji_0006_2_": {
				"attachment": [
					{ "time": 0, "name": null },
					{ "time": 0.7666, "name": null },
					{ "time": 0.8, "name": "shi_ying_0_2_daiji_0006_2_" },
					{ "time": 0.9, "name": "shi_ying_0_2_daiji_0006_2_" },
					{ "time": 0.9333, "name": null },
					{ "time": 1.3, "name": null }
				]
			},
			"shi_ying_0_2_daiji_0007_0_": {
				"attachment": [
					{ "time": 0, "name": null },
					{ "time": 0.9, "name": null },
					{ "time": 0.9333, "name": "shi_ying_0_2_daiji_0007_0_" },
					{ "time": 1.0333, "name": "shi_ying_0_2_daiji_0007_0_" },
					{ "time": 1.0666, "name": null },
					{ "time": 1.3, "name": null }
				]
			},
			"shi_ying_0_2_daiji_0007_1_": {
				"attachment": [
					{ "time": 0, "name": null },
					{ "time": 0.9, "name": null },
					{ "time": 0.9333, "name": "shi_ying_0_2_daiji_0007_1_" },
					{ "time": 1.0333, "name": "shi_ying_0_2_daiji_0007_1_" },
					{ "time": 1.0666, "name": null },
					{ "time": 1.3, "name": null }
				]
			},
			"shi_ying_0_2_daiji_0007_2_": {
				"attachment": [
					{ "time": 0, "name": null },
					{ "time": 0.9, "name": null },
					{ "time": 0.9333, "name": "shi_ying_0_2_daiji_0007_2_" },
					{ "time": 1.0333, "name": "shi_ying_0_2_daiji_0007_2_" },
					{ "time": 1.0666, "name": null },
					{ "time": 1.3, "name": null }
				]
			},
			"shi_ying_0_2_daiji_0007_3_": {
				"attachment": [
					{ "time": 0, "name": null },
					{ "time": 0.9, "name": null },
					{ "time": 0.9333, "name": "shi_ying_0_2_daiji_0007_3_" },
					{ "time": 1.0333, "name": "shi_ying_0_2_daiji_0007_3_" },
					{ "time": 1.0666, "name": null },
					{ "time": 1.3, "name": null }
				]
			},
			"shi_ying_0_2_daiji_0008_0_": {
				"attachment": [
					{ "time": 0, "name": null },
					{ "time": 1.0333, "name": null },
					{ "time": 1.0666, "name": "shi_ying_0_2_daiji_0008_0_" },
					{ "time": 1.1666, "name": "shi_ying_0_2_daiji_0008_0_" },
					{ "time": 1.2, "name": null },
					{ "time": 1.3, "name": null }
				]
			},
			"shi_ying_0_2_daiji_0008_1_": {
				"attachment": [
					{ "time": 0, "name": null },
					{ "time": 1.0333, "name": null },
					{ "time": 1.0666, "name": "shi_ying_0_2_daiji_0008_1_" },
					{ "time": 1.1666, "name": "shi_ying_0_2_daiji_0008_1_" },
					{ "time": 1.2, "name": null },
					{ "time": 1.3, "name": null }
				]
			},
			"shi_ying_0_2_daiji_0008_2_": {
				"attachment": [
					{ "time": 0, "name": null },
					{ "time": 1.0333, "name": null },
					{ "time": 1.0666, "name": "shi_ying_0_2_daiji_0008_2_" },
					{ "time": 1.1666, "name": "shi_ying_0_2_daiji_0008_2_" },
					{ "time": 1.2, "name": null },
					{ "time": 1.3, "name": null }
				]
			},
			"shi_ying_0_2_daiji_0009_0_": {
				"attachment": [
					{ "time": 0, "name": null },
					{ "time": 1.1666, "name": null },
					{ "time": 1.2, "name": "shi_ying_0_2_daiji_0009_0_" },
					{ "time": 1.3, "name": "shi_ying_0_2_daiji_0009_0_" }
				]
			},
			"shi_ying_0_2_daiji_0009_1_": {
				"attachment": [
					{ "time": 0, "name": null },
					{ "time": 1.1666, "name": null },
					{ "time": 1.2, "name": "shi_ying_0_2_daiji_0009_1_" },
					{ "time": 1.3, "name": "shi_ying_0_2_daiji_0009_1_" }
				]
			},
			"shi_ying_0_2_daiji_0009_2_": {
				"attachment": [
					{ "time": 0, "name": null },
					{ "time": 1.1666, "name": null },
					{ "time": 1.2, "name": "shi_ying_0_2_daiji_0009_2_" },
					{ "time": 1.3, "name": "shi_ying_0_2_daiji_0009_2_" }
				]
			},
			"shi_ying_0_2_daiji_0009_3_": {
				"attachment": [
					{ "time": 0, "name": null },
					{ "time": 1.1666, "name": null },
					{ "time": 1.2, "name": "shi_ying_0_2_daiji_0009_3_" },
					{ "time": 1.3, "name": "shi_ying_0_2_daiji_0009_3_" }
				]
			},
			"shi_ying_0_2_daiji_0009_4_": {
				"attachment": [
					{ "time": 0, "name": null },
					{ "time": 1.1666, "name": null },
					{ "time": 1.2, "name": "shi_ying_0_2_daiji_0009_4_" },
					{ "time": 1.3, "name": "shi_ying_0_2_daiji_0009_4_" }
				]
			}
		}
	},
	"gj": {
		"slots": {
			"shi_ying_2_gj_0000_0_": {
				"attachment": [
					{ "time": 0, "name": "shi_ying_2_gj_0000_0_" },
					{ "time": 0.1, "name": "shi_ying_2_gj_0000_0_" },
					{ "time": 0.1333, "name": null },
					{ "time": 2.7666, "name": null }
				]
			},
			"shi_ying_2_gj_0000_1_": {
				"attachment": [
					{ "time": 0, "name": "shi_ying_2_gj_0000_1_" },
					{ "time": 0.1, "name": "shi_ying_2_gj_0000_1_" },
					{ "time": 0.1333, "name": null },
					{ "time": 2.7666, "name": null }
				]
			},
			"shi_ying_2_gj_0000_2_": {
				"attachment": [
					{ "time": 0, "name": "shi_ying_2_gj_0000_2_" },
					{ "time": 0.1, "name": "shi_ying_2_gj_0000_2_" },
					{ "time": 0.1333, "name": null },
					{ "time": 2.7666, "name": null }
				]
			},
			"shi_ying_2_gj_0000_3_": {
				"attachment": [
					{ "time": 0, "name": "shi_ying_2_gj_0000_3_" },
					{ "time": 0.1, "name": "shi_ying_2_gj_0000_3_" },
					{ "time": 0.1333, "name": null },
					{ "time": 2.7666, "name": null }
				]
			},
			"shi_ying_2_gj_0000_4_": {
				"attachment": [
					{ "time": 0, "name": "shi_ying_2_gj_0000_4_" },
					{ "time": 0.1, "name": "shi_ying_2_gj_0000_4_" },
					{ "time": 0.1333, "name": null },
					{ "time": 2.7666, "name": null }
				]
			},
			"shi_ying_2_gj_0001_0_": {
				"attachment": [
					{ "time": 0, "name": null },
					{ "time": 0.1, "name": null },
					{ "time": 0.1333, "name": "shi_ying_2_gj_0001_0_" },
					{ "time": 0.2333, "name": "shi_ying_2_gj_0001_0_" },
					{ "time": 0.2666, "name": null },
					{ "time": 2.7666, "name": null }
				]
			},
			"shi_ying_2_gj_0001_1_": {
				"attachment": [
					{ "time": 0, "name": null },
					{ "time": 0.1, "name": null },
					{ "time": 0.1333, "name": "shi_ying_2_gj_0001_1_" },
					{ "time": 0.2333, "name": "shi_ying_2_gj_0001_1_" },
					{ "time": 0.2666, "name": null },
					{ "time": 2.7666, "name": null }
				]
			},
			"shi_ying_2_gj_0001_2_": {
				"attachment": [
					{ "time": 0, "name": null },
					{ "time": 0.1, "name": null },
					{ "time": 0.1333, "name": "shi_ying_2_gj_0001_2_" },
					{ "time": 0.2333, "name": "shi_ying_2_gj_0001_2_" },
					{ "time": 0.2666, "name": null },
					{ "time": 2.7666, "name": null }
				]
			},
			"shi_ying_2_gj_0001_3_": {
				"attachment": [
					{ "time": 0, "name": null },
					{ "time": 0.1, "name": null },
					{ "time": 0.1333, "name": "shi_ying_2_gj_0001_3_" },
					{ "time": 0.2333, "name": "shi_ying_2_gj_0001_3_" },
					{ "time": 0.2666, "name": null },
					{ "time": 2.7666, "name": null }
				]
			},
			"shi_ying_2_gj_0002_0_": {
				"attachment": [
					{ "time": 0, "name": null },
					{ "time": 0.2333, "name": null },
					{ "time": 0.2666, "name": "shi_ying_2_gj_0002_0_" },
					{ "time": 0.3666, "name": "shi_ying_2_gj_0002_0_" },
					{ "time": 0.4, "name": null },
					{ "time": 2.7666, "name": null }
				]
			},
			"shi_ying_2_gj_0002_1_": {
				"attachment": [
					{ "time": 0, "name": null },
					{ "time": 0.2333, "name": null },
					{ "time": 0.2666, "name": "shi_ying_2_gj_0002_1_" },
					{ "time": 0.3666, "name": "shi_ying_2_gj_0002_1_" },
					{ "time": 0.4, "name": null },
					{ "time": 2.7666, "name": null }
				]
			},
			"shi_ying_2_gj_0002_2_": {
				"attachment": [
					{ "time": 0, "name": null },
					{ "time": 0.2333, "name": null },
					{ "time": 0.2666, "name": "shi_ying_2_gj_0002_2_" },
					{ "time": 0.3666, "name": "shi_ying_2_gj_0002_2_" },
					{ "time": 0.4, "name": null },
					{ "time": 2.7666, "name": null }
				]
			},
			"shi_ying_2_gj_0002_3_": {
				"attachment": [
					{ "time": 0, "name": null },
					{ "time": 0.2333, "name": null },
					{ "time": 0.2666, "name": "shi_ying_2_gj_0002_3_" },
					{ "time": 0.3666, "name": "shi_ying_2_gj_0002_3_" },
					{ "time": 0.4, "name": null },
					{ "time": 2.7666, "name": null }
				]
			},
			"shi_ying_2_gj_0003_0_": {
				"attachment": [
					{ "time": 0, "name": null },
					{ "time": 0.3666, "name": null },
					{ "time": 0.4, "name": "shi_ying_2_gj_0003_0_" },
					{ "time": 0.5, "name": "shi_ying_2_gj_0003_0_" },
					{ "time": 0.5333, "name": null },
					{ "time": 2.7666, "name": null }
				]
			},
			"shi_ying_2_gj_0003_1_": {
				"attachment": [
					{ "time": 0, "name": null },
					{ "time": 0.3666, "name": null },
					{ "time": 0.4, "name": "shi_ying_2_gj_0003_1_" },
					{ "time": 0.5, "name": "shi_ying_2_gj_0003_1_" },
					{ "time": 0.5333, "name": null },
					{ "time": 2.7666, "name": null }
				]
			},
			"shi_ying_2_gj_0003_2_": {
				"attachment": [
					{ "time": 0, "name": null },
					{ "time": 0.3666, "name": null },
					{ "time": 0.4, "name": "shi_ying_2_gj_0003_2_" },
					{ "time": 0.5, "name": "shi_ying_2_gj_0003_2_" },
					{ "time": 0.5333, "name": null },
					{ "time": 2.7666, "name": null }
				]
			},
			"shi_ying_2_gj_0003_3_": {
				"attachment": [
					{ "time": 0, "name": null },
					{ "time": 0.3666, "name": null },
					{ "time": 0.4, "name": "shi_ying_2_gj_0003_3_" },
					{ "time": 0.5, "name": "shi_ying_2_gj_0003_3_" },
					{ "time": 0.5333, "name": null },
					{ "time": 2.7666, "name": null }
				]
			},
			"shi_ying_2_gj_0004_0_": {
				"attachment": [
					{ "time": 0, "name": null },
					{ "time": 0.5, "name": null },
					{ "time": 0.5333, "name": "shi_ying_2_gj_0004_0_" },
					{ "time": 0.6333, "name": "shi_ying_2_gj_0004_0_" },
					{ "time": 0.6666, "name": null },
					{ "time": 2.7666, "name": null }
				]
			},
			"shi_ying_2_gj_0004_1_": {
				"attachment": [
					{ "time": 0, "name": null },
					{ "time": 0.5, "name": null },
					{ "time": 0.5333, "name": "shi_ying_2_gj_0004_1_" },
					{ "time": 0.6333, "name": "shi_ying_2_gj_0004_1_" },
					{ "time": 0.6666, "name": null },
					{ "time": 2.7666, "name": null }
				]
			},
			"shi_ying_2_gj_0004_2_": {
				"attachment": [
					{ "time": 0, "name": null },
					{ "time": 0.5, "name": null },
					{ "time": 0.5333, "name": "shi_ying_2_gj_0004_2_" },
					{ "time": 0.6333, "name": "shi_ying_2_gj_0004_2_" },
					{ "time": 0.6666, "name": null },
					{ "time": 2.7666, "name": null }
				]
			},
			"shi_ying_2_gj_0004_3_": {
				"attachment": [
					{ "time": 0, "name": null },
					{ "time": 0.5, "name": null },
					{ "time": 0.5333, "name": "shi_ying_2_gj_0004_3_" },
					{ "time": 0.6333, "name": "shi_ying_2_gj_0004_3_" },
					{ "time": 0.6666, "name": null },
					{ "time": 2.7666, "name": null }
				]
			},
			"shi_ying_2_gj_0004_4_": {
				"attachment": [
					{ "time": 0, "name": null },
					{ "time": 0.5, "name": null },
					{ "time": 0.5333, "name": "shi_ying_2_gj_0004_4_" },
					{ "time": 0.6333, "name": "shi_ying_2_gj_0004_4_" },
					{ "time": 0.6666, "name": null },
					{ "time": 2.7666, "name": null }
				]
			},
			"shi_ying_2_gj_0005_0_": {
				"attachment": [
					{ "time": 0, "name": null },
					{ "time": 0.6333, "name": null },
					{ "time": 0.6666, "name": "shi_ying_2_gj_0005_0_" },
					{ "time": 0.7666, "name": "shi_ying_2_gj_0005_0_" },
					{ "time": 0.8, "name": null },
					{ "time": 2.7666, "name": null }
				]
			},
			"shi_ying_2_gj_0005_1_": {
				"attachment": [
					{ "time": 0, "name": null },
					{ "time": 0.6333, "name": null },
					{ "time": 0.6666, "name": "shi_ying_2_gj_0005_1_" },
					{ "time": 0.7666, "name": "shi_ying_2_gj_0005_1_" },
					{ "time": 0.8, "name": null },
					{ "time": 2.7666, "name": null }
				]
			},
			"shi_ying_2_gj_0005_2_": {
				"attachment": [
					{ "time": 0, "name": null },
					{ "time": 0.6333, "name": null },
					{ "time": 0.6666, "name": "shi_ying_2_gj_0005_2_" },
					{ "time": 0.7666, "name": "shi_ying_2_gj_0005_2_" },
					{ "time": 0.8, "name": null },
					{ "time": 2.7666, "name": null }
				]
			},
			"shi_ying_2_gj_0006_0_": {
				"attachment": [
					{ "time": 0, "name": null },
					{ "time": 0.7666, "name": null },
					{ "time": 0.8, "name": "shi_ying_2_gj_0006_0_" },
					{ "time": 0.9, "name": "shi_ying_2_gj_0006_0_" },
					{ "time": 0.9333, "name": null },
					{ "time": 2.7666, "name": null }
				]
			},
			"shi_ying_2_gj_0006_1_": {
				"attachment": [
					{ "time": 0, "name": null },
					{ "time": 0.7666, "name": null },
					{ "time": 0.8, "name": "shi_ying_2_gj_0006_1_" },
					{ "time": 0.9, "name": "shi_ying_2_gj_0006_1_" },
					{ "time": 0.9333, "name": null },
					{ "time": 2.7666, "name": null }
				]
			},
			"shi_ying_2_gj_0006_2_": {
				"attachment": [
					{ "time": 0, "name": null },
					{ "time": 0.7666, "name": null },
					{ "time": 0.8, "name": "shi_ying_2_gj_0006_2_" },
					{ "time": 0.9, "name": "shi_ying_2_gj_0006_2_" },
					{ "time": 0.9333, "name": null },
					{ "time": 2.7666, "name": null }
				]
			},
			"shi_ying_2_gj_0006_3_": {
				"attachment": [
					{ "time": 0, "name": null },
					{ "time": 0.7666, "name": null },
					{ "time": 0.8, "name": "shi_ying_2_gj_0006_3_" },
					{ "time": 0.9, "name": "shi_ying_2_gj_0006_3_" },
					{ "time": 0.9333, "name": null },
					{ "time": 2.7666, "name": null }
				]
			},
			"shi_ying_2_gj_0007_0_": {
				"attachment": [
					{ "time": 0, "name": null },
					{ "time": 0.9, "name": null },
					{ "time": 0.9333, "name": "shi_ying_2_gj_0007_0_" },
					{ "time": 1.0333, "name": "shi_ying_2_gj_0007_0_" },
					{ "time": 1.0666, "name": null },
					{ "time": 2.7666, "name": null }
				]
			},
			"shi_ying_2_gj_0007_1_": {
				"attachment": [
					{ "time": 0, "name": null },
					{ "time": 0.9, "name": null },
					{ "time": 0.9333, "name": "shi_ying_2_gj_0007_1_" },
					{ "time": 1.0333, "name": "shi_ying_2_gj_0007_1_" },
					{ "time": 1.0666, "name": null },
					{ "time": 2.7666, "name": null }
				]
			},
			"shi_ying_2_gj_0007_2_": {
				"attachment": [
					{ "time": 0, "name": null },
					{ "time": 0.9, "name": null },
					{ "time": 0.9333, "name": "shi_ying_2_gj_0007_2_" },
					{ "time": 1.0333, "name": "shi_ying_2_gj_0007_2_" },
					{ "time": 1.0666, "name": null },
					{ "time": 2.7666, "name": null }
				]
			},
			"shi_ying_2_gj_0007_3_": {
				"attachment": [
					{ "time": 0, "name": null },
					{ "time": 0.9, "name": null },
					{ "time": 0.9333, "name": "shi_ying_2_gj_0007_3_" },
					{ "time": 1.0333, "name": "shi_ying_2_gj_0007_3_" },
					{ "time": 1.0666, "name": null },
					{ "time": 2.7666, "name": null }
				]
			},
			"shi_ying_2_gj_0008_0_": {
				"attachment": [
					{ "time": 0, "name": null },
					{ "time": 1.0333, "name": null },
					{ "time": 1.0666, "name": "shi_ying_2_gj_0008_0_" },
					{ "time": 1.1666, "name": "shi_ying_2_gj_0008_0_" },
					{ "time": 1.2, "name": null },
					{ "time": 2.7666, "name": null }
				]
			},
			"shi_ying_2_gj_0008_1_": {
				"attachment": [
					{ "time": 0, "name": null },
					{ "time": 1.0333, "name": null },
					{ "time": 1.0666, "name": "shi_ying_2_gj_0008_1_" },
					{ "time": 1.1666, "name": "shi_ying_2_gj_0008_1_" },
					{ "time": 1.2, "name": null },
					{ "time": 2.7666, "name": null }
				]
			},
			"shi_ying_2_gj_0008_2_": {
				"attachment": [
					{ "time": 0, "name": null },
					{ "time": 1.0333, "name": null },
					{ "time": 1.0666, "name": "shi_ying_2_gj_0008_2_" },
					{ "time": 1.1666, "name": "shi_ying_2_gj_0008_2_" },
					{ "time": 1.2, "name": null },
					{ "time": 2.7666, "name": null }
				]
			},
			"shi_ying_2_gj_0008_3_": {
				"attachment": [
					{ "time": 0, "name": null },
					{ "time": 1.0333, "name": null },
					{ "time": 1.0666, "name": "shi_ying_2_gj_0008_3_" },
					{ "time": 1.1666, "name": "shi_ying_2_gj_0008_3_" },
					{ "time": 1.2, "name": null },
					{ "time": 2.7666, "name": null }
				]
			},
			"shi_ying_2_gj_0009_0_": {
				"attachment": [
					{ "time": 0, "name": null },
					{ "time": 1.1666, "name": null },
					{ "time": 1.2, "name": "shi_ying_2_gj_0009_0_" },
					{ "time": 1.3, "name": "shi_ying_2_gj_0009_0_" },
					{ "time": 1.3333, "name": null },
					{ "time": 2.7666, "name": null }
				]
			},
			"shi_ying_2_gj_0009_1_": {
				"attachment": [
					{ "time": 0, "name": null },
					{ "time": 1.1666, "name": null },
					{ "time": 1.2, "name": "shi_ying_2_gj_0009_1_" },
					{ "time": 1.3, "name": "shi_ying_2_gj_0009_1_" },
					{ "time": 1.3333, "name": null },
					{ "time": 2.7666, "name": null }
				]
			},
			"shi_ying_2_gj_0009_2_": {
				"attachment": [
					{ "time": 0, "name": null },
					{ "time": 1.1666, "name": null },
					{ "time": 1.2, "name": "shi_ying_2_gj_0009_2_" },
					{ "time": 1.3, "name": "shi_ying_2_gj_0009_2_" },
					{ "time": 1.3333, "name": null },
					{ "time": 2.7666, "name": null }
				]
			},
			"shi_ying_2_gj_0009_3_": {
				"attachment": [
					{ "time": 0, "name": null },
					{ "time": 1.1666, "name": null },
					{ "time": 1.2, "name": "shi_ying_2_gj_0009_3_" },
					{ "time": 1.3, "name": "shi_ying_2_gj_0009_3_" },
					{ "time": 1.3333, "name": null },
					{ "time": 2.7666, "name": null }
				]
			},
			"shi_ying_2_gj_0010_0_": {
				"attachment": [
					{ "time": 0, "name": null },
					{ "time": 1.3, "name": null },
					{ "time": 1.3333, "name": "shi_ying_2_gj_0010_0_" },
					{ "time": 1.4333, "name": "shi_ying_2_gj_0010_0_" },
					{ "time": 1.4666, "name": null },
					{ "time": 2.7666, "name": null }
				]
			},
			"shi_ying_2_gj_0010_1_": {
				"attachment": [
					{ "time": 0, "name": null },
					{ "time": 1.3, "name": null },
					{ "time": 1.3333, "name": "shi_ying_2_gj_0010_1_" },
					{ "time": 1.4333, "name": "shi_ying_2_gj_0010_1_" },
					{ "time": 1.4666, "name": null },
					{ "time": 2.7666, "name": null }
				]
			},
			"shi_ying_2_gj_0010_2_": {
				"attachment": [
					{ "time": 0, "name": null },
					{ "time": 1.3, "name": null },
					{ "time": 1.3333, "name": "shi_ying_2_gj_0010_2_" },
					{ "time": 1.4333, "name": "shi_ying_2_gj_0010_2_" },
					{ "time": 1.4666, "name": null },
					{ "time": 2.7666, "name": null }
				]
			},
			"shi_ying_2_gj_0010_3_": {
				"attachment": [
					{ "time": 0, "name": null },
					{ "time": 1.3, "name": null },
					{ "time": 1.3333, "name": "shi_ying_2_gj_0010_3_" },
					{ "time": 1.4333, "name": "shi_ying_2_gj_0010_3_" },
					{ "time": 1.4666, "name": null },
					{ "time": 2.7666, "name": null }
				]
			},
			"shi_ying_2_gj_0010_4_": {
				"attachment": [
					{ "time": 0, "name": null },
					{ "time": 1.3, "name": null },
					{ "time": 1.3333, "name": "shi_ying_2_gj_0010_4_" },
					{ "time": 1.4333, "name": "shi_ying_2_gj_0010_4_" },
					{ "time": 1.4666, "name": null },
					{ "time": 2.7666, "name": null }
				]
			},
			"shi_ying_2_gj_0011_0_": {
				"attachment": [
					{ "time": 0, "name": null },
					{ "time": 1.4333, "name": null },
					{ "time": 1.4666, "name": "shi_ying_2_gj_0011_0_" },
					{ "time": 1.5666, "name": "shi_ying_2_gj_0011_0_" },
					{ "time": 1.6, "name": null },
					{ "time": 2.7666, "name": null }
				]
			},
			"shi_ying_2_gj_0011_1_": {
				"attachment": [
					{ "time": 0, "name": null },
					{ "time": 1.4333, "name": null },
					{ "time": 1.4666, "name": "shi_ying_2_gj_0011_1_" },
					{ "time": 1.5666, "name": "shi_ying_2_gj_0011_1_" },
					{ "time": 1.6, "name": null },
					{ "time": 2.7666, "name": null }
				]
			},
			"shi_ying_2_gj_0011_2_": {
				"attachment": [
					{ "time": 0, "name": null },
					{ "time": 1.4333, "name": null },
					{ "time": 1.4666, "name": "shi_ying_2_gj_0011_2_" },
					{ "time": 1.5666, "name": "shi_ying_2_gj_0011_2_" },
					{ "time": 1.6, "name": null },
					{ "time": 2.7666, "name": null }
				]
			},
			"shi_ying_2_gj_0012_0_": {
				"attachment": [
					{ "time": 0, "name": null },
					{ "time": 1.5666, "name": null },
					{ "time": 1.6, "name": "shi_ying_2_gj_0012_0_" },
					{ "time": 1.7, "name": "shi_ying_2_gj_0012_0_" },
					{ "time": 1.7333, "name": null },
					{ "time": 2.7666, "name": null }
				]
			},
			"shi_ying_2_gj_0012_1_": {
				"attachment": [
					{ "time": 0, "name": null },
					{ "time": 1.5666, "name": null },
					{ "time": 1.6, "name": "shi_ying_2_gj_0012_1_" },
					{ "time": 1.7, "name": "shi_ying_2_gj_0012_1_" },
					{ "time": 1.7333, "name": null },
					{ "time": 2.7666, "name": null }
				]
			},
			"shi_ying_2_gj_0012_2_": {
				"attachment": [
					{ "time": 0, "name": null },
					{ "time": 1.5666, "name": null },
					{ "time": 1.6, "name": "shi_ying_2_gj_0012_2_" },
					{ "time": 1.7, "name": "shi_ying_2_gj_0012_2_" },
					{ "time": 1.7333, "name": null },
					{ "time": 2.7666, "name": null }
				]
			},
			"shi_ying_2_gj_0012_3_": {
				"attachment": [
					{ "time": 0, "name": null },
					{ "time": 1.5666, "name": null },
					{ "time": 1.6, "name": "shi_ying_2_gj_0012_3_" },
					{ "time": 1.7, "name": "shi_ying_2_gj_0012_3_" },
					{ "time": 1.7333, "name": null },
					{ "time": 2.7666, "name": null }
				]
			},
			"shi_ying_2_gj_0013_0_": {
				"attachment": [
					{ "time": 0, "name": null },
					{ "time": 1.7, "name": null },
					{ "time": 1.7333, "name": "shi_ying_2_gj_0013_0_" },
					{ "time": 1.8333, "name": "shi_ying_2_gj_0013_0_" },
					{ "time": 1.8666, "name": null },
					{ "time": 2.7666, "name": null }
				]
			},
			"shi_ying_2_gj_0013_1_": {
				"attachment": [
					{ "time": 0, "name": null },
					{ "time": 1.7, "name": null },
					{ "time": 1.7333, "name": "shi_ying_2_gj_0013_1_" },
					{ "time": 1.8333, "name": "shi_ying_2_gj_0013_1_" },
					{ "time": 1.8666, "name": null },
					{ "time": 2.7666, "name": null }
				]
			},
			"shi_ying_2_gj_0013_2_": {
				"attachment": [
					{ "time": 0, "name": null },
					{ "time": 1.7, "name": null },
					{ "time": 1.7333, "name": "shi_ying_2_gj_0013_2_" },
					{ "time": 1.8333, "name": "shi_ying_2_gj_0013_2_" },
					{ "time": 1.8666, "name": null },
					{ "time": 2.7666, "name": null }
				]
			},
			"shi_ying_2_gj_0013_3_": {
				"attachment": [
					{ "time": 0, "name": null },
					{ "time": 1.7, "name": null },
					{ "time": 1.7333, "name": "shi_ying_2_gj_0013_3_" },
					{ "time": 1.8333, "name": "shi_ying_2_gj_0013_3_" },
					{ "time": 1.8666, "name": null },
					{ "time": 2.7666, "name": null }
				]
			},
			"shi_ying_2_gj_0014_0_": {
				"attachment": [
					{ "time": 0, "name": null },
					{ "time": 1.8333, "name": null },
					{ "time": 1.8666, "name": "shi_ying_2_gj_0014_0_" },
					{ "time": 1.9666, "name": "shi_ying_2_gj_0014_0_" },
					{ "time": 2, "name": null },
					{ "time": 2.7666, "name": null }
				]
			},
			"shi_ying_2_gj_0014_1_": {
				"attachment": [
					{ "time": 0, "name": null },
					{ "time": 1.8333, "name": null },
					{ "time": 1.8666, "name": "shi_ying_2_gj_0014_1_" },
					{ "time": 1.9666, "name": "shi_ying_2_gj_0014_1_" },
					{ "time": 2, "name": null },
					{ "time": 2.7666, "name": null }
				]
			},
			"shi_ying_2_gj_0014_2_": {
				"attachment": [
					{ "time": 0, "name": null },
					{ "time": 1.8333, "name": null },
					{ "time": 1.8666, "name": "shi_ying_2_gj_0014_2_" },
					{ "time": 1.9666, "name": "shi_ying_2_gj_0014_2_" },
					{ "time": 2, "name": null },
					{ "time": 2.7666, "name": null }
				]
			},
			"shi_ying_2_gj_0014_3_": {
				"attachment": [
					{ "time": 0, "name": null },
					{ "time": 1.8333, "name": null },
					{ "time": 1.8666, "name": "shi_ying_2_gj_0014_3_" },
					{ "time": 1.9666, "name": "shi_ying_2_gj_0014_3_" },
					{ "time": 2, "name": null },
					{ "time": 2.7666, "name": null }
				]
			},
			"shi_ying_2_gj_0015_0_": {
				"attachment": [
					{ "time": 0, "name": null },
					{ "time": 1.9666, "name": null },
					{ "time": 2, "name": "shi_ying_2_gj_0015_0_" },
					{ "time": 2.1, "name": "shi_ying_2_gj_0015_0_" },
					{ "time": 2.1333, "name": null },
					{ "time": 2.7666, "name": null }
				]
			},
			"shi_ying_2_gj_0015_1_": {
				"attachment": [
					{ "time": 0, "name": null },
					{ "time": 1.9666, "name": null },
					{ "time": 2, "name": "shi_ying_2_gj_0015_1_" },
					{ "time": 2.1, "name": "shi_ying_2_gj_0015_1_" },
					{ "time": 2.1333, "name": null },
					{ "time": 2.7666, "name": null }
				]
			},
			"shi_ying_2_gj_0015_2_": {
				"attachment": [
					{ "time": 0, "name": null },
					{ "time": 1.9666, "name": null },
					{ "time": 2, "name": "shi_ying_2_gj_0015_2_" },
					{ "time": 2.1, "name": "shi_ying_2_gj_0015_2_" },
					{ "time": 2.1333, "name": null },
					{ "time": 2.7666, "name": null }
				]
			},
			"shi_ying_2_gj_0015_3_": {
				"attachment": [
					{ "time": 0, "name": null },
					{ "time": 1.9666, "name": null },
					{ "time": 2, "name": "shi_ying_2_gj_0015_3_" },
					{ "time": 2.1, "name": "shi_ying_2_gj_0015_3_" },
					{ "time": 2.1333, "name": null },
					{ "time": 2.7666, "name": null }
				]
			},
			"shi_ying_2_gj_0016_0_": {
				"attachment": [
					{ "time": 0, "name": null },
					{ "time": 2.1, "name": null },
					{ "time": 2.1333, "name": "shi_ying_2_gj_0016_0_" },
					{ "time": 2.2333, "name": "shi_ying_2_gj_0016_0_" },
					{ "time": 2.2666, "name": null },
					{ "time": 2.7666, "name": null }
				]
			},
			"shi_ying_2_gj_0016_1_": {
				"attachment": [
					{ "time": 0, "name": null },
					{ "time": 2.1, "name": null },
					{ "time": 2.1333, "name": "shi_ying_2_gj_0016_1_" },
					{ "time": 2.2333, "name": "shi_ying_2_gj_0016_1_" },
					{ "time": 2.2666, "name": null },
					{ "time": 2.7666, "name": null }
				]
			},
			"shi_ying_2_gj_0016_2_": {
				"attachment": [
					{ "time": 0, "name": null },
					{ "time": 2.1, "name": null },
					{ "time": 2.1333, "name": "shi_ying_2_gj_0016_2_" },
					{ "time": 2.2333, "name": "shi_ying_2_gj_0016_2_" },
					{ "time": 2.2666, "name": null },
					{ "time": 2.7666, "name": null }
				]
			},
			"shi_ying_2_gj_0016_3_": {
				"attachment": [
					{ "time": 0, "name": null },
					{ "time": 2.1, "name": null },
					{ "time": 2.1333, "name": "shi_ying_2_gj_0016_3_" },
					{ "time": 2.2333, "name": "shi_ying_2_gj_0016_3_" },
					{ "time": 2.2666, "name": null },
					{ "time": 2.7666, "name": null }
				]
			},
			"shi_ying_2_gj_0016_4_": {
				"attachment": [
					{ "time": 0, "name": null },
					{ "time": 2.1, "name": null },
					{ "time": 2.1333, "name": "shi_ying_2_gj_0016_4_" },
					{ "time": 2.2333, "name": "shi_ying_2_gj_0016_4_" },
					{ "time": 2.2666, "name": null },
					{ "time": 2.7666, "name": null }
				]
			},
			"shi_ying_2_gj_0017_0_": {
				"attachment": [
					{ "time": 0, "name": null },
					{ "time": 2.2333, "name": null },
					{ "time": 2.2666, "name": "shi_ying_2_gj_0017_0_" },
					{ "time": 2.3666, "name": "shi_ying_2_gj_0017_0_" },
					{ "time": 2.4, "name": null },
					{ "time": 2.7666, "name": null }
				]
			},
			"shi_ying_2_gj_0017_1_": {
				"attachment": [
					{ "time": 0, "name": null },
					{ "time": 2.2333, "name": null },
					{ "time": 2.2666, "name": "shi_ying_2_gj_0017_1_" },
					{ "time": 2.3666, "name": "shi_ying_2_gj_0017_1_" },
					{ "time": 2.4, "name": null },
					{ "time": 2.7666, "name": null }
				]
			},
			"shi_ying_2_gj_0017_2_": {
				"attachment": [
					{ "time": 0, "name": null },
					{ "time": 2.2333, "name": null },
					{ "time": 2.2666, "name": "shi_ying_2_gj_0017_2_" },
					{ "time": 2.3666, "name": "shi_ying_2_gj_0017_2_" },
					{ "time": 2.4, "name": null },
					{ "time": 2.7666, "name": null }
				]
			},
			"shi_ying_2_gj_0017_3_": {
				"attachment": [
					{ "time": 0, "name": null },
					{ "time": 2.2333, "name": null },
					{ "time": 2.2666, "name": "shi_ying_2_gj_0017_3_" },
					{ "time": 2.3666, "name": "shi_ying_2_gj_0017_3_" },
					{ "time": 2.4, "name": null },
					{ "time": 2.7666, "name": null }
				]
			},
			"shi_ying_2_gj_0017_4_": {
				"attachment": [
					{ "time": 0, "name": null },
					{ "time": 2.2333, "name": null },
					{ "time": 2.2666, "name": "shi_ying_2_gj_0017_4_" },
					{ "time": 2.3666, "name": "shi_ying_2_gj_0017_4_" },
					{ "time": 2.4, "name": null },
					{ "time": 2.7666, "name": null }
				]
			},
			"shi_ying_2_gj_0018_0_": {
				"attachment": [
					{ "time": 0, "name": null },
					{ "time": 2.3666, "name": null },
					{ "time": 2.4, "name": "shi_ying_2_gj_0018_0_" },
					{ "time": 2.5, "name": "shi_ying_2_gj_0018_0_" },
					{ "time": 2.5333, "name": null },
					{ "time": 2.7666, "name": null }
				]
			},
			"shi_ying_2_gj_0018_1_": {
				"attachment": [
					{ "time": 0, "name": null },
					{ "time": 2.3666, "name": null },
					{ "time": 2.4, "name": "shi_ying_2_gj_0018_1_" },
					{ "time": 2.5, "name": "shi_ying_2_gj_0018_1_" },
					{ "time": 2.5333, "name": null },
					{ "time": 2.7666, "name": null }
				]
			},
			"shi_ying_2_gj_0018_2_": {
				"attachment": [
					{ "time": 0, "name": null },
					{ "time": 2.3666, "name": null },
					{ "time": 2.4, "name": "shi_ying_2_gj_0018_2_" },
					{ "time": 2.5, "name": "shi_ying_2_gj_0018_2_" },
					{ "time": 2.5333, "name": null },
					{ "time": 2.7666, "name": null }
				]
			},
			"shi_ying_2_gj_0018_3_": {
				"attachment": [
					{ "time": 0, "name": null },
					{ "time": 2.3666, "name": null },
					{ "time": 2.4, "name": "shi_ying_2_gj_0018_3_" },
					{ "time": 2.5, "name": "shi_ying_2_gj_0018_3_" },
					{ "time": 2.5333, "name": null },
					{ "time": 2.7666, "name": null }
				]
			},
			"shi_ying_2_gj_0018_4_": {
				"attachment": [
					{ "time": 0, "name": null },
					{ "time": 2.3666, "name": null },
					{ "time": 2.4, "name": "shi_ying_2_gj_0018_4_" },
					{ "time": 2.5, "name": "shi_ying_2_gj_0018_4_" },
					{ "time": 2.5333, "name": null },
					{ "time": 2.7666, "name": null }
				]
			},
			"shi_ying_2_gj_0019_0_": {
				"attachment": [
					{ "time": 0, "name": null },
					{ "time": 2.5, "name": null },
					{ "time": 2.5333, "name": "shi_ying_2_gj_0019_0_" },
					{ "time": 2.6333, "name": "shi_ying_2_gj_0019_0_" },
					{ "time": 2.6666, "name": null },
					{ "time": 2.7666, "name": null }
				]
			},
			"shi_ying_2_gj_0019_1_": {
				"attachment": [
					{ "time": 0, "name": null },
					{ "time": 2.5, "name": null },
					{ "time": 2.5333, "name": "shi_ying_2_gj_0019_1_" },
					{ "time": 2.6333, "name": "shi_ying_2_gj_0019_1_" },
					{ "time": 2.6666, "name": null },
					{ "time": 2.7666, "name": null }
				]
			},
			"shi_ying_2_gj_0019_2_": {
				"attachment": [
					{ "time": 0, "name": null },
					{ "time": 2.5, "name": null },
					{ "time": 2.5333, "name": "shi_ying_2_gj_0019_2_" },
					{ "time": 2.6333, "name": "shi_ying_2_gj_0019_2_" },
					{ "time": 2.6666, "name": null },
					{ "time": 2.7666, "name": null }
				]
			},
			"shi_ying_2_gj_0019_3_": {
				"attachment": [
					{ "time": 0, "name": null },
					{ "time": 2.5, "name": null },
					{ "time": 2.5333, "name": "shi_ying_2_gj_0019_3_" },
					{ "time": 2.6333, "name": "shi_ying_2_gj_0019_3_" },
					{ "time": 2.6666, "name": null },
					{ "time": 2.7666, "name": null }
				]
			},
			"shi_ying_2_gj_0019_4_": {
				"attachment": [
					{ "time": 0, "name": null },
					{ "time": 2.5, "name": null },
					{ "time": 2.5333, "name": "shi_ying_2_gj_0019_4_" },
					{ "time": 2.6333, "name": "shi_ying_2_gj_0019_4_" },
					{ "time": 2.6666, "name": null },
					{ "time": 2.7666, "name": null }
				]
			},
			"shi_ying_2_gj_0020_0_": {
				"attachment": [
					{ "time": 0, "name": null },
					{ "time": 2.6333, "name": null },
					{ "time": 2.6666, "name": "shi_ying_2_gj_0020_0_" },
					{ "time": 2.7666, "name": "shi_ying_2_gj_0020_0_" }
				]
			},
			"shi_ying_2_gj_0020_1_": {
				"attachment": [
					{ "time": 0, "name": null },
					{ "time": 2.6333, "name": null },
					{ "time": 2.6666, "name": "shi_ying_2_gj_0020_1_" },
					{ "time": 2.7666, "name": "shi_ying_2_gj_0020_1_" }
				]
			},
			"shi_ying_2_gj_0020_2_": {
				"attachment": [
					{ "time": 0, "name": null },
					{ "time": 2.6333, "name": null },
					{ "time": 2.6666, "name": "shi_ying_2_gj_0020_2_" },
					{ "time": 2.7666, "name": "shi_ying_2_gj_0020_2_" }
				]
			},
			"shi_ying_2_gj_0020_3_": {
				"attachment": [
					{ "time": 0, "name": null },
					{ "time": 2.6333, "name": null },
					{ "time": 2.6666, "name": "shi_ying_2_gj_0020_3_" },
					{ "time": 2.7666, "name": "shi_ying_2_gj_0020_3_" }
				]
			},
			"shi_ying_2_gj_0020_4_": {
				"attachment": [
					{ "time": 0, "name": null },
					{ "time": 2.6333, "name": null },
					{ "time": 2.6666, "name": "shi_ying_2_gj_0020_4_" },
					{ "time": 2.7666, "name": "shi_ying_2_gj_0020_4_" }
				]
			},
			"shi_ying_2_gj_0020_5_": {
				"attachment": [
					{ "time": 0, "name": null },
					{ "time": 2.6333, "name": null },
					{ "time": 2.6666, "name": "shi_ying_2_gj_0020_5_" },
					{ "time": 2.7666, "name": "shi_ying_2_gj_0020_5_" }
				]
			},
			"shi_ying_2_gj_0020_6_": {
				"attachment": [
					{ "time": 0, "name": null },
					{ "time": 2.6333, "name": null },
					{ "time": 2.6666, "name": "shi_ying_2_gj_0020_6_" },
					{ "time": 2.7666, "name": "shi_ying_2_gj_0020_6_" }
				]
			},
			"shi_ying_2_gj_0020_7_": {
				"attachment": [
					{ "time": 0, "name": null },
					{ "time": 2.6333, "name": null },
					{ "time": 2.6666, "name": "shi_ying_2_gj_0020_7_" },
					{ "time": 2.7666, "name": "shi_ying_2_gj_0020_7_" }
				]
			},
			"shi_ying_gj_fx_00_": {
				"attachment": [
					{ "time": 0, "name": null },
					{ "time": 0.9, "name": null },
					{ "time": 0.9333, "name": "shi_ying_gj_fx_00_" },
					{ "time": 1.0333, "name": "shi_ying_gj_fx_00_" },
					{ "time": 1.0666, "name": null },
					{ "time": 1.7333, "name": null },
					{ "time": 2.7666, "name": null }
				]
			},
			"shi_ying_gj_fx_01_0_": {
				"attachment": [
					{ "time": 0, "name": null },
					{ "time": 0.9, "name": null },
					{ "time": 1.0333, "name": null },
					{ "time": 1.0666, "name": "shi_ying_gj_fx_01_0_" },
					{ "time": 1.1666, "name": "shi_ying_gj_fx_01_0_" },
					{ "time": 1.2, "name": null },
					{ "time": 1.7333, "name": null },
					{ "time": 2.7666, "name": null }
				]
			},
			"shi_ying_gj_fx_01_1_": {
				"attachment": [
					{ "time": 0, "name": null },
					{ "time": 0.9, "name": null },
					{ "time": 1.0333, "name": null },
					{ "time": 1.0666, "name": "shi_ying_gj_fx_01_1_" },
					{ "time": 1.1666, "name": "shi_ying_gj_fx_01_1_" },
					{ "time": 1.2, "name": null },
					{ "time": 1.7333, "name": null },
					{ "time": 2.7666, "name": null }
				]
			},
			"shi_ying_gj_fx_01_2_": {
				"attachment": [
					{ "time": 0, "name": null },
					{ "time": 0.9, "name": null },
					{ "time": 1.0333, "name": null },
					{ "time": 1.0666, "name": "shi_ying_gj_fx_01_2_" },
					{ "time": 1.1666, "name": "shi_ying_gj_fx_01_2_" },
					{ "time": 1.2, "name": null },
					{ "time": 1.7333, "name": null },
					{ "time": 2.7666, "name": null }
				]
			},
			"shi_ying_gj_fx_01_3_": {
				"attachment": [
					{ "time": 0, "name": null },
					{ "time": 0.9, "name": null },
					{ "time": 1.0333, "name": null },
					{ "time": 1.0666, "name": "shi_ying_gj_fx_01_3_" },
					{ "time": 1.1666, "name": "shi_ying_gj_fx_01_3_" },
					{ "time": 1.2, "name": null },
					{ "time": 1.7333, "name": null },
					{ "time": 2.7666, "name": null }
				]
			},
			"shi_ying_gj_fx_02_0_": {
				"attachment": [
					{ "time": 0, "name": null },
					{ "time": 0.9, "name": null },
					{ "time": 1.1666, "name": null },
					{ "time": 1.2, "name": "shi_ying_gj_fx_02_0_" },
					{ "time": 1.3, "name": "shi_ying_gj_fx_02_0_" },
					{ "time": 1.3333, "name": null },
					{ "time": 1.7333, "name": null },
					{ "time": 2.7666, "name": null }
				]
			},
			"shi_ying_gj_fx_02_1_": {
				"attachment": [
					{ "time": 0, "name": null },
					{ "time": 0.9, "name": null },
					{ "time": 1.1666, "name": null },
					{ "time": 1.2, "name": "shi_ying_gj_fx_02_1_" },
					{ "time": 1.3, "name": "shi_ying_gj_fx_02_1_" },
					{ "time": 1.3333, "name": null },
					{ "time": 1.7333, "name": null },
					{ "time": 2.7666, "name": null }
				]
			},
			"shi_ying_gj_fx_02_2_": {
				"attachment": [
					{ "time": 0, "name": null },
					{ "time": 0.9, "name": null },
					{ "time": 1.1666, "name": null },
					{ "time": 1.2, "name": "shi_ying_gj_fx_02_2_" },
					{ "time": 1.3, "name": "shi_ying_gj_fx_02_2_" },
					{ "time": 1.3333, "name": null },
					{ "time": 1.7333, "name": null },
					{ "time": 2.7666, "name": null }
				]
			},
			"shi_ying_gj_fx_03_": {
				"attachment": [
					{ "time": 0, "name": null },
					{ "time": 0.9, "name": null },
					{ "time": 1.3, "name": null },
					{ "time": 1.3333, "name": "shi_ying_gj_fx_03_" },
					{ "time": 1.4333, "name": "shi_ying_gj_fx_03_" },
					{ "time": 1.4666, "name": null },
					{ "time": 1.7333, "name": null },
					{ "time": 2.7666, "name": null }
				]
			},
			"shi_ying_gj_fx_04_": {
				"attachment": [
					{ "time": 0, "name": null },
					{ "time": 0.9, "name": null },
					{ "time": 1.4333, "name": null },
					{ "time": 1.4666, "name": "shi_ying_gj_fx_04_" },
					{ "time": 1.5666, "name": "shi_ying_gj_fx_04_" },
					{ "time": 1.6, "name": null },
					{ "time": 1.7333, "name": null },
					{ "time": 2.7666, "name": null }
				]
			},
			"shi_ying_gj_fx_05_": {
				"attachment": [
					{ "time": 0, "name": null },
					{ "time": 0.9, "name": null },
					{ "time": 1.5666, "name": null },
					{ "time": 1.6, "name": "shi_ying_gj_fx_05_" },
					{ "time": 1.7, "name": "shi_ying_gj_fx_05_" },
					{ "time": 1.7333, "name": null },
					{ "time": 2.7666, "name": null }
				]
			}
		}
	},
	"sw": {
		"slots": {
			"shi_ying_0_2_daiji_0000_0_": {
				"attachment": [
					{ "time": 0, "name": "shi_ying_0_2_daiji_0000_0_" },
					{ "time": 0.2, "name": "shi_ying_0_2_daiji_0000_0_" },
					{ "time": 0.2333, "name": null },
					{ "time": 1.4333, "name": null }
				]
			},
			"shi_ying_0_2_daiji_0000_1_": {
				"attachment": [
					{ "time": 0, "name": "shi_ying_0_2_daiji_0000_1_" },
					{ "time": 0.2, "name": "shi_ying_0_2_daiji_0000_1_" },
					{ "time": 0.2333, "name": null },
					{ "time": 1.4333, "name": null }
				]
			},
			"shi_ying_0_2_daiji_0000_2_": {
				"attachment": [
					{ "time": 0, "name": "shi_ying_0_2_daiji_0000_2_" },
					{ "time": 0.2, "name": "shi_ying_0_2_daiji_0000_2_" },
					{ "time": 0.2333, "name": null },
					{ "time": 1.4333, "name": null }
				]
			},
			"shi_ying_0_2_daiji_0000_3_": {
				"attachment": [
					{ "time": 0, "name": "shi_ying_0_2_daiji_0000_3_" },
					{ "time": 0.2, "name": "shi_ying_0_2_daiji_0000_3_" },
					{ "time": 0.2333, "name": null },
					{ "time": 1.4333, "name": null }
				]
			},
			"shi_ying_0_2_daiji_0000_4_": {
				"attachment": [
					{ "time": 0, "name": "shi_ying_0_2_daiji_0000_4_" },
					{ "time": 0.2, "name": "shi_ying_0_2_daiji_0000_4_" },
					{ "time": 0.2333, "name": null },
					{ "time": 1.4333, "name": null }
				]
			},
			"siwang_0_": {
				"attachment": [
					{ "time": 0, "name": null },
					{ "time": 0.2, "name": null },
					{ "time": 0.2333, "name": "siwang_0_" },
					{ "time": 0.3333, "name": "siwang_0_" },
					{ "time": 0.3666, "name": null },
					{ "time": 1.4333, "name": null }
				]
			},
			"siwang_1_": {
				"attachment": [
					{ "time": 0, "name": null },
					{ "time": 0.3333, "name": null },
					{ "time": 0.3666, "name": "siwang_1_" },
					{ "time": 0.4666, "name": "siwang_1_" },
					{ "time": 0.5, "name": null },
					{ "time": 1.4333, "name": null }
				]
			},
			"siwang_2_": {
				"attachment": [
					{ "time": 0, "name": null },
					{ "time": 0.4666, "name": null },
					{ "time": 0.5, "name": "siwang_2_" },
					{ "time": 0.6, "name": "siwang_2_" },
					{ "time": 0.6333, "name": null },
					{ "time": 1.4333, "name": null }
				]
			},
			"siwang_3_": {
				"attachment": [
					{ "time": 0, "name": null },
					{ "time": 0.6, "name": null },
					{ "time": 0.6333, "name": "siwang_3_" },
					{ "time": 0.7333, "name": "siwang_3_" },
					{ "time": 0.7666, "name": null },
					{ "time": 1.4333, "name": null }
				]
			},
			"siwang_4_": {
				"attachment": [
					{ "time": 0, "name": null },
					{ "time": 0.7333, "name": null },
					{ "time": 0.7666, "name": "siwang_4_" },
					{ "time": 0.8666, "name": "siwang_4_" },
					{ "time": 0.9, "name": null },
					{ "time": 1.4333, "name": null }
				]
			},
			"siwang_5_": {
				"attachment": [
					{ "time": 0, "name": null },
					{ "time": 0.8666, "name": null },
					{ "time": 0.9, "name": "siwang_5_" },
					{ "time": 1, "name": "siwang_5_" },
					{ "time": 1.0333, "name": null },
					{ "time": 1.4333, "name": null }
				]
			},
			"siwang_6_": {
				"attachment": [
					{ "time": 0, "name": null },
					{ "time": 1, "name": null },
					{ "time": 1.0333, "name": "siwang_6_" },
					{ "time": 1.4333, "name": "siwang_6_" }
				]
			}
		}
	}
}
}