{"bones":[{"name":"root"}],"slots":[
{"name":"suolian_b_0024_04_","bone":"root","attachment":"suolian_b_0024_04_"},
{"name":"suolian_b_0024_03_","bone":"root","attachment":"suolian_b_0024_03_"},
{"name":"suolian_b_0024_02_","bone":"root","attachment":"suolian_b_0024_02_"},
{"name":"suolian_b_0024_01_","bone":"root","attachment":"suolian_b_0024_01_"},
{"name":"suolian_b_0023_04_","bone":"root","attachment":"suolian_b_0023_04_"},
{"name":"suolian_b_0023_03_","bone":"root","attachment":"suolian_b_0023_03_"},
{"name":"suolian_b_0023_02_","bone":"root","attachment":"suolian_b_0023_02_"},
{"name":"suolian_b_0023_01_","bone":"root","attachment":"suolian_b_0023_01_"},
{"name":"suolian_b_0022_04_","bone":"root","attachment":"suolian_b_0022_04_"},
{"name":"suolian_b_0022_03_","bone":"root","attachment":"suolian_b_0022_03_"},
{"name":"suolian_b_0022_02_","bone":"root","attachment":"suolian_b_0022_02_"},
{"name":"suolian_b_0022_01_","bone":"root","attachment":"suolian_b_0022_01_"},
{"name":"suolian_b_0021_04_","bone":"root","attachment":"suolian_b_0021_04_"},
{"name":"suolian_b_0021_03_","bone":"root","attachment":"suolian_b_0021_03_"},
{"name":"suolian_b_0021_02_","bone":"root","attachment":"suolian_b_0021_02_"},
{"name":"suolian_b_0021_01_","bone":"root","attachment":"suolian_b_0021_01_"},
{"name":"suolian_b_0020_04_","bone":"root","attachment":"suolian_b_0020_04_"},
{"name":"suolian_b_0020_03_","bone":"root","attachment":"suolian_b_0020_03_"},
{"name":"suolian_b_0020_02_","bone":"root","attachment":"suolian_b_0020_02_"},
{"name":"suolian_b_0020_01_","bone":"root","attachment":"suolian_b_0020_01_"},
{"name":"suolian_b_0019_04_","bone":"root","attachment":"suolian_b_0019_04_"},
{"name":"suolian_b_0019_03_","bone":"root","attachment":"suolian_b_0019_03_"},
{"name":"suolian_b_0019_02_","bone":"root","attachment":"suolian_b_0019_02_"},
{"name":"suolian_b_0019_01_","bone":"root","attachment":"suolian_b_0019_01_"},
{"name":"suolian_b_0018_04_","bone":"root","attachment":"suolian_b_0018_04_"},
{"name":"suolian_b_0018_03_","bone":"root","attachment":"suolian_b_0018_03_"},
{"name":"suolian_b_0018_02_","bone":"root","attachment":"suolian_b_0018_02_"},
{"name":"suolian_b_0018_01_","bone":"root","attachment":"suolian_b_0018_01_"},
{"name":"suolian_b_0017_04_","bone":"root","attachment":"suolian_b_0017_04_"},
{"name":"suolian_b_0017_03_","bone":"root","attachment":"suolian_b_0017_03_"},
{"name":"suolian_b_0017_02_","bone":"root","attachment":"suolian_b_0017_02_"},
{"name":"suolian_b_0017_01_","bone":"root","attachment":"suolian_b_0017_01_"},
{"name":"suolian_b_0016_04_","bone":"root","attachment":"suolian_b_0016_04_"},
{"name":"suolian_b_0016_03_","bone":"root","attachment":"suolian_b_0016_03_"},
{"name":"suolian_b_0016_02_","bone":"root","attachment":"suolian_b_0016_02_"},
{"name":"suolian_b_0016_01_","bone":"root","attachment":"suolian_b_0016_01_"},
{"name":"suolian_b_0015_04_","bone":"root","attachment":"suolian_b_0015_04_"},
{"name":"suolian_b_0015_03_","bone":"root","attachment":"suolian_b_0015_03_"},
{"name":"suolian_b_0015_02_","bone":"root","attachment":"suolian_b_0015_02_"},
{"name":"suolian_b_0015_01_","bone":"root","attachment":"suolian_b_0015_01_"},
{"name":"suolian_b_0014_04_","bone":"root","attachment":"suolian_b_0014_04_"},
{"name":"suolian_b_0014_03_","bone":"root","attachment":"suolian_b_0014_03_"},
{"name":"suolian_b_0014_02_","bone":"root","attachment":"suolian_b_0014_02_"},
{"name":"suolian_b_0014_01_","bone":"root","attachment":"suolian_b_0014_01_"},
{"name":"suolian_b_0013_04_","bone":"root","attachment":"suolian_b_0013_04_"},
{"name":"suolian_b_0013_03_","bone":"root","attachment":"suolian_b_0013_03_"},
{"name":"suolian_b_0013_02_","bone":"root","attachment":"suolian_b_0013_02_"},
{"name":"suolian_b_0013_01_","bone":"root","attachment":"suolian_b_0013_01_"},
{"name":"suolian_b_0012_04_","bone":"root","attachment":"suolian_b_0012_04_"},
{"name":"suolian_b_0012_03_","bone":"root","attachment":"suolian_b_0012_03_"},
{"name":"suolian_b_0012_02_","bone":"root","attachment":"suolian_b_0012_02_"},
{"name":"suolian_b_0012_01_","bone":"root","attachment":"suolian_b_0012_01_"},
{"name":"suolian_b_0011_04_","bone":"root","attachment":"suolian_b_0011_04_"},
{"name":"suolian_b_0011_03_","bone":"root","attachment":"suolian_b_0011_03_"},
{"name":"suolian_b_0011_02_","bone":"root","attachment":"suolian_b_0011_02_"},
{"name":"suolian_b_0011_01_","bone":"root","attachment":"suolian_b_0011_01_"},
{"name":"suolian_b_0010_04_","bone":"root","attachment":"suolian_b_0010_04_"},
{"name":"suolian_b_0010_03_","bone":"root","attachment":"suolian_b_0010_03_"},
{"name":"suolian_b_0010_02_","bone":"root","attachment":"suolian_b_0010_02_"},
{"name":"suolian_b_0010_01_","bone":"root","attachment":"suolian_b_0010_01_"},
{"name":"suolian_b_0009_04_","bone":"root","attachment":"suolian_b_0009_04_"},
{"name":"suolian_b_0009_03_","bone":"root","attachment":"suolian_b_0009_03_"},
{"name":"suolian_b_0009_02_","bone":"root","attachment":"suolian_b_0009_02_"},
{"name":"suolian_b_0009_01_","bone":"root","attachment":"suolian_b_0009_01_"},
{"name":"suolian_b_0008_04_","bone":"root","attachment":"suolian_b_0008_04_"},
{"name":"suolian_b_0008_03_","bone":"root","attachment":"suolian_b_0008_03_"},
{"name":"suolian_b_0008_02_","bone":"root","attachment":"suolian_b_0008_02_"},
{"name":"suolian_b_0008_01_","bone":"root","attachment":"suolian_b_0008_01_"},
{"name":"suolian_b_0007_04_","bone":"root","attachment":"suolian_b_0007_04_"},
{"name":"suolian_b_0007_03_","bone":"root","attachment":"suolian_b_0007_03_"},
{"name":"suolian_b_0007_02_","bone":"root","attachment":"suolian_b_0007_02_"},
{"name":"suolian_b_0007_01_","bone":"root","attachment":"suolian_b_0007_01_"},
{"name":"suolian_b_0006_04_","bone":"root","attachment":"suolian_b_0006_04_"},
{"name":"suolian_b_0006_03_","bone":"root","attachment":"suolian_b_0006_03_"},
{"name":"suolian_b_0006_02_","bone":"root","attachment":"suolian_b_0006_02_"},
{"name":"suolian_b_0006_01_","bone":"root","attachment":"suolian_b_0006_01_"},
{"name":"suolian_b_0005_04_","bone":"root","attachment":"suolian_b_0005_04_"},
{"name":"suolian_b_0005_03_","bone":"root","attachment":"suolian_b_0005_03_"},
{"name":"suolian_b_0005_02_","bone":"root","attachment":"suolian_b_0005_02_"},
{"name":"suolian_b_0005_01_","bone":"root","attachment":"suolian_b_0005_01_"},
{"name":"suolian_b_0004_04_","bone":"root","attachment":"suolian_b_0004_04_"},
{"name":"suolian_b_0004_03_","bone":"root","attachment":"suolian_b_0004_03_"},
{"name":"suolian_b_0004_02_","bone":"root","attachment":"suolian_b_0004_02_"},
{"name":"suolian_b_0004_01_","bone":"root","attachment":"suolian_b_0004_01_"},
{"name":"suolian_b_0003_04_","bone":"root","attachment":"suolian_b_0003_04_"},
{"name":"suolian_b_0003_03_","bone":"root","attachment":"suolian_b_0003_03_"},
{"name":"suolian_b_0003_02_","bone":"root","attachment":"suolian_b_0003_02_"},
{"name":"suolian_b_0003_01_","bone":"root","attachment":"suolian_b_0003_01_"},
{"name":"suolian_b_0002_04_","bone":"root","attachment":"suolian_b_0002_04_"},
{"name":"suolian_b_0002_03_","bone":"root","attachment":"suolian_b_0002_03_"},
{"name":"suolian_b_0002_02_","bone":"root","attachment":"suolian_b_0002_02_"},
{"name":"suolian_b_0002_01_","bone":"root","attachment":"suolian_b_0002_01_"},
{"name":"suolian_b_0001_04_","bone":"root","attachment":"suolian_b_0001_04_"},
{"name":"suolian_b_0001_03_","bone":"root","attachment":"suolian_b_0001_03_"},
{"name":"suolian_b_0001_02_","bone":"root","attachment":"suolian_b_0001_02_"},
{"name":"suolian_b_0001_01_","bone":"root","attachment":"suolian_b_0001_01_"},
{"name":"suolian_b_0000_04_","bone":"root","attachment":"suolian_b_0000_04_"},
{"name":"suolian_b_0000_03_","bone":"root","attachment":"suolian_b_0000_03_"},
{"name":"suolian_b_0000_02_","bone":"root","attachment":"suolian_b_0000_02_"},
{"name":"suolian_b_0000_01_","bone":"root","attachment":"suolian_b_0000_01_"},
{"name":"chibang_0024_04_","bone":"root","attachment":"chibang_0024_04_"},
{"name":"chibang_0024_03_","bone":"root","attachment":"chibang_0024_03_"},
{"name":"chibang_0024_02_","bone":"root","attachment":"chibang_0024_02_"},
{"name":"chibang_0024_01_","bone":"root","attachment":"chibang_0024_01_"},
{"name":"chibang_0023_04_","bone":"root","attachment":"chibang_0023_04_"},
{"name":"chibang_0023_03_","bone":"root","attachment":"chibang_0023_03_"},
{"name":"chibang_0023_02_","bone":"root","attachment":"chibang_0023_02_"},
{"name":"chibang_0023_01_","bone":"root","attachment":"chibang_0023_01_"},
{"name":"chibang_0022_04_","bone":"root","attachment":"chibang_0022_04_"},
{"name":"chibang_0022_03_","bone":"root","attachment":"chibang_0022_03_"},
{"name":"chibang_0022_02_","bone":"root","attachment":"chibang_0022_02_"},
{"name":"chibang_0022_01_","bone":"root","attachment":"chibang_0022_01_"},
{"name":"chibang_0021_04_","bone":"root","attachment":"chibang_0021_04_"},
{"name":"chibang_0021_03_","bone":"root","attachment":"chibang_0021_03_"},
{"name":"chibang_0021_02_","bone":"root","attachment":"chibang_0021_02_"},
{"name":"chibang_0021_01_","bone":"root","attachment":"chibang_0021_01_"},
{"name":"chibang_0020_04_","bone":"root","attachment":"chibang_0020_04_"},
{"name":"chibang_0020_03_","bone":"root","attachment":"chibang_0020_03_"},
{"name":"chibang_0020_02_","bone":"root","attachment":"chibang_0020_02_"},
{"name":"chibang_0020_01_","bone":"root","attachment":"chibang_0020_01_"},
{"name":"chibang_0019_04_","bone":"root","attachment":"chibang_0019_04_"},
{"name":"chibang_0019_03_","bone":"root","attachment":"chibang_0019_03_"},
{"name":"chibang_0019_02_","bone":"root","attachment":"chibang_0019_02_"},
{"name":"chibang_0019_01_","bone":"root","attachment":"chibang_0019_01_"},
{"name":"chibang_0018_04_","bone":"root","attachment":"chibang_0018_04_"},
{"name":"chibang_0018_03_","bone":"root","attachment":"chibang_0018_03_"},
{"name":"chibang_0018_02_","bone":"root","attachment":"chibang_0018_02_"},
{"name":"chibang_0018_01_","bone":"root","attachment":"chibang_0018_01_"},
{"name":"chibang_0017_04_","bone":"root","attachment":"chibang_0017_04_"},
{"name":"chibang_0017_03_","bone":"root","attachment":"chibang_0017_03_"},
{"name":"chibang_0017_02_","bone":"root","attachment":"chibang_0017_02_"},
{"name":"chibang_0017_01_","bone":"root","attachment":"chibang_0017_01_"},
{"name":"chibang_0016_04_","bone":"root","attachment":"chibang_0016_04_"},
{"name":"chibang_0016_03_","bone":"root","attachment":"chibang_0016_03_"},
{"name":"chibang_0016_02_","bone":"root","attachment":"chibang_0016_02_"},
{"name":"chibang_0016_01_","bone":"root","attachment":"chibang_0016_01_"},
{"name":"chibang_0015_04_","bone":"root","attachment":"chibang_0015_04_"},
{"name":"chibang_0015_03_","bone":"root","attachment":"chibang_0015_03_"},
{"name":"chibang_0015_02_","bone":"root","attachment":"chibang_0015_02_"},
{"name":"chibang_0015_01_","bone":"root","attachment":"chibang_0015_01_"},
{"name":"chibang_0014_04_","bone":"root","attachment":"chibang_0014_04_"},
{"name":"chibang_0014_03_","bone":"root","attachment":"chibang_0014_03_"},
{"name":"chibang_0014_02_","bone":"root","attachment":"chibang_0014_02_"},
{"name":"chibang_0014_01_","bone":"root","attachment":"chibang_0014_01_"},
{"name":"chibang_0013_04_","bone":"root","attachment":"chibang_0013_04_"},
{"name":"chibang_0013_03_","bone":"root","attachment":"chibang_0013_03_"},
{"name":"chibang_0013_02_","bone":"root","attachment":"chibang_0013_02_"},
{"name":"chibang_0013_01_","bone":"root","attachment":"chibang_0013_01_"},
{"name":"chibang_0012_04_","bone":"root","attachment":"chibang_0012_04_"},
{"name":"chibang_0012_03_","bone":"root","attachment":"chibang_0012_03_"},
{"name":"chibang_0012_02_","bone":"root","attachment":"chibang_0012_02_"},
{"name":"chibang_0012_01_","bone":"root","attachment":"chibang_0012_01_"},
{"name":"chibang_0011_04_","bone":"root","attachment":"chibang_0011_04_"},
{"name":"chibang_0011_03_","bone":"root","attachment":"chibang_0011_03_"},
{"name":"chibang_0011_02_","bone":"root","attachment":"chibang_0011_02_"},
{"name":"chibang_0011_01_","bone":"root","attachment":"chibang_0011_01_"},
{"name":"chibang_0010_04_","bone":"root","attachment":"chibang_0010_04_"},
{"name":"chibang_0010_03_","bone":"root","attachment":"chibang_0010_03_"},
{"name":"chibang_0010_02_","bone":"root","attachment":"chibang_0010_02_"},
{"name":"chibang_0010_01_","bone":"root","attachment":"chibang_0010_01_"},
{"name":"chibang_0009_04_","bone":"root","attachment":"chibang_0009_04_"},
{"name":"chibang_0009_03_","bone":"root","attachment":"chibang_0009_03_"},
{"name":"chibang_0009_02_","bone":"root","attachment":"chibang_0009_02_"},
{"name":"chibang_0009_01_","bone":"root","attachment":"chibang_0009_01_"},
{"name":"chibang_0008_04_","bone":"root","attachment":"chibang_0008_04_"},
{"name":"chibang_0008_03_","bone":"root","attachment":"chibang_0008_03_"},
{"name":"chibang_0008_02_","bone":"root","attachment":"chibang_0008_02_"},
{"name":"chibang_0008_01_","bone":"root","attachment":"chibang_0008_01_"},
{"name":"chibang_0007_04_","bone":"root","attachment":"chibang_0007_04_"},
{"name":"chibang_0007_03_","bone":"root","attachment":"chibang_0007_03_"},
{"name":"chibang_0007_02_","bone":"root","attachment":"chibang_0007_02_"},
{"name":"chibang_0007_01_","bone":"root","attachment":"chibang_0007_01_"},
{"name":"chibang_0006_04_","bone":"root","attachment":"chibang_0006_04_"},
{"name":"chibang_0006_03_","bone":"root","attachment":"chibang_0006_03_"},
{"name":"chibang_0006_02_","bone":"root","attachment":"chibang_0006_02_"},
{"name":"chibang_0006_01_","bone":"root","attachment":"chibang_0006_01_"},
{"name":"chibang_0005_04_","bone":"root","attachment":"chibang_0005_04_"},
{"name":"chibang_0005_03_","bone":"root","attachment":"chibang_0005_03_"},
{"name":"chibang_0005_02_","bone":"root","attachment":"chibang_0005_02_"},
{"name":"chibang_0005_01_","bone":"root","attachment":"chibang_0005_01_"},
{"name":"chibang_0004_04_","bone":"root","attachment":"chibang_0004_04_"},
{"name":"chibang_0004_03_","bone":"root","attachment":"chibang_0004_03_"},
{"name":"chibang_0004_02_","bone":"root","attachment":"chibang_0004_02_"},
{"name":"chibang_0004_01_","bone":"root","attachment":"chibang_0004_01_"},
{"name":"chibang_0003_04_","bone":"root","attachment":"chibang_0003_04_"},
{"name":"chibang_0003_03_","bone":"root","attachment":"chibang_0003_03_"},
{"name":"chibang_0003_02_","bone":"root","attachment":"chibang_0003_02_"},
{"name":"chibang_0003_01_","bone":"root","attachment":"chibang_0003_01_"},
{"name":"chibang_0002_04_","bone":"root","attachment":"chibang_0002_04_"},
{"name":"chibang_0002_03_","bone":"root","attachment":"chibang_0002_03_"},
{"name":"chibang_0002_02_","bone":"root","attachment":"chibang_0002_02_"},
{"name":"chibang_0002_01_","bone":"root","attachment":"chibang_0002_01_"},
{"name":"chibang_0001_04_","bone":"root","attachment":"chibang_0001_04_"},
{"name":"chibang_0001_03_","bone":"root","attachment":"chibang_0001_03_"},
{"name":"chibang_0001_02_","bone":"root","attachment":"chibang_0001_02_"},
{"name":"chibang_0001_01_","bone":"root","attachment":"chibang_0001_01_"},
{"name":"chibang_0000_04_","bone":"root","attachment":"chibang_0000_04_"},
{"name":"chibang_0000_03_","bone":"root","attachment":"chibang_0000_03_"},
{"name":"chibang_0000_02_","bone":"root","attachment":"chibang_0000_02_"},
{"name":"chibang_0000_01_","bone":"root","attachment":"chibang_0000_01_"},
{"name":"suolian_a_0024_04_","bone":"root","attachment":"suolian_a_0024_04_"},
{"name":"suolian_a_0024_03_","bone":"root","attachment":"suolian_a_0024_03_"},
{"name":"suolian_a_0024_02_","bone":"root","attachment":"suolian_a_0024_02_"},
{"name":"suolian_a_0024_01_","bone":"root","attachment":"suolian_a_0024_01_"},
{"name":"suolian_a_0023_04_","bone":"root","attachment":"suolian_a_0023_04_"},
{"name":"suolian_a_0023_03_","bone":"root","attachment":"suolian_a_0023_03_"},
{"name":"suolian_a_0023_02_","bone":"root","attachment":"suolian_a_0023_02_"},
{"name":"suolian_a_0023_01_","bone":"root","attachment":"suolian_a_0023_01_"},
{"name":"suolian_a_0022_04_","bone":"root","attachment":"suolian_a_0022_04_"},
{"name":"suolian_a_0022_03_","bone":"root","attachment":"suolian_a_0022_03_"},
{"name":"suolian_a_0022_02_","bone":"root","attachment":"suolian_a_0022_02_"},
{"name":"suolian_a_0022_01_","bone":"root","attachment":"suolian_a_0022_01_"},
{"name":"suolian_a_0021_04_","bone":"root","attachment":"suolian_a_0021_04_"},
{"name":"suolian_a_0021_03_","bone":"root","attachment":"suolian_a_0021_03_"},
{"name":"suolian_a_0021_02_","bone":"root","attachment":"suolian_a_0021_02_"},
{"name":"suolian_a_0021_01_","bone":"root","attachment":"suolian_a_0021_01_"},
{"name":"suolian_a_0020_04_","bone":"root","attachment":"suolian_a_0020_04_"},
{"name":"suolian_a_0020_03_","bone":"root","attachment":"suolian_a_0020_03_"},
{"name":"suolian_a_0020_02_","bone":"root","attachment":"suolian_a_0020_02_"},
{"name":"suolian_a_0020_01_","bone":"root","attachment":"suolian_a_0020_01_"},
{"name":"suolian_a_0019_04_","bone":"root","attachment":"suolian_a_0019_04_"},
{"name":"suolian_a_0019_03_","bone":"root","attachment":"suolian_a_0019_03_"},
{"name":"suolian_a_0019_02_","bone":"root","attachment":"suolian_a_0019_02_"},
{"name":"suolian_a_0019_01_","bone":"root","attachment":"suolian_a_0019_01_"},
{"name":"suolian_a_0018_04_","bone":"root","attachment":"suolian_a_0018_04_"},
{"name":"suolian_a_0018_03_","bone":"root","attachment":"suolian_a_0018_03_"},
{"name":"suolian_a_0018_02_","bone":"root","attachment":"suolian_a_0018_02_"},
{"name":"suolian_a_0018_01_","bone":"root","attachment":"suolian_a_0018_01_"},
{"name":"suolian_a_0017_04_","bone":"root","attachment":"suolian_a_0017_04_"},
{"name":"suolian_a_0017_03_","bone":"root","attachment":"suolian_a_0017_03_"},
{"name":"suolian_a_0017_02_","bone":"root","attachment":"suolian_a_0017_02_"},
{"name":"suolian_a_0017_01_","bone":"root","attachment":"suolian_a_0017_01_"},
{"name":"suolian_a_0016_04_","bone":"root","attachment":"suolian_a_0016_04_"},
{"name":"suolian_a_0016_03_","bone":"root","attachment":"suolian_a_0016_03_"},
{"name":"suolian_a_0016_02_","bone":"root","attachment":"suolian_a_0016_02_"},
{"name":"suolian_a_0016_01_","bone":"root","attachment":"suolian_a_0016_01_"},
{"name":"suolian_a_0015_04_","bone":"root","attachment":"suolian_a_0015_04_"},
{"name":"suolian_a_0015_03_","bone":"root","attachment":"suolian_a_0015_03_"},
{"name":"suolian_a_0015_02_","bone":"root","attachment":"suolian_a_0015_02_"},
{"name":"suolian_a_0015_01_","bone":"root","attachment":"suolian_a_0015_01_"},
{"name":"suolian_a_0014_04_","bone":"root","attachment":"suolian_a_0014_04_"},
{"name":"suolian_a_0014_03_","bone":"root","attachment":"suolian_a_0014_03_"},
{"name":"suolian_a_0014_02_","bone":"root","attachment":"suolian_a_0014_02_"},
{"name":"suolian_a_0014_01_","bone":"root","attachment":"suolian_a_0014_01_"},
{"name":"suolian_a_0013_04_","bone":"root","attachment":"suolian_a_0013_04_"},
{"name":"suolian_a_0013_03_","bone":"root","attachment":"suolian_a_0013_03_"},
{"name":"suolian_a_0013_02_","bone":"root","attachment":"suolian_a_0013_02_"},
{"name":"suolian_a_0013_01_","bone":"root","attachment":"suolian_a_0013_01_"},
{"name":"suolian_a_0012_04_","bone":"root","attachment":"suolian_a_0012_04_"},
{"name":"suolian_a_0012_03_","bone":"root","attachment":"suolian_a_0012_03_"},
{"name":"suolian_a_0012_02_","bone":"root","attachment":"suolian_a_0012_02_"},
{"name":"suolian_a_0012_01_","bone":"root","attachment":"suolian_a_0012_01_"},
{"name":"suolian_a_0011_04_","bone":"root","attachment":"suolian_a_0011_04_"},
{"name":"suolian_a_0011_03_","bone":"root","attachment":"suolian_a_0011_03_"},
{"name":"suolian_a_0011_02_","bone":"root","attachment":"suolian_a_0011_02_"},
{"name":"suolian_a_0011_01_","bone":"root","attachment":"suolian_a_0011_01_"},
{"name":"suolian_a_0010_04_","bone":"root","attachment":"suolian_a_0010_04_"},
{"name":"suolian_a_0010_03_","bone":"root","attachment":"suolian_a_0010_03_"},
{"name":"suolian_a_0010_02_","bone":"root","attachment":"suolian_a_0010_02_"},
{"name":"suolian_a_0010_01_","bone":"root","attachment":"suolian_a_0010_01_"},
{"name":"suolian_a_0009_04_","bone":"root","attachment":"suolian_a_0009_04_"},
{"name":"suolian_a_0009_03_","bone":"root","attachment":"suolian_a_0009_03_"},
{"name":"suolian_a_0009_02_","bone":"root","attachment":"suolian_a_0009_02_"},
{"name":"suolian_a_0009_01_","bone":"root","attachment":"suolian_a_0009_01_"},
{"name":"suolian_a_0008_04_","bone":"root","attachment":"suolian_a_0008_04_"},
{"name":"suolian_a_0008_03_","bone":"root","attachment":"suolian_a_0008_03_"},
{"name":"suolian_a_0008_02_","bone":"root","attachment":"suolian_a_0008_02_"},
{"name":"suolian_a_0008_01_","bone":"root","attachment":"suolian_a_0008_01_"},
{"name":"suolian_a_0007_04_","bone":"root","attachment":"suolian_a_0007_04_"},
{"name":"suolian_a_0007_03_","bone":"root","attachment":"suolian_a_0007_03_"},
{"name":"suolian_a_0007_02_","bone":"root","attachment":"suolian_a_0007_02_"},
{"name":"suolian_a_0007_01_","bone":"root","attachment":"suolian_a_0007_01_"},
{"name":"suolian_a_0006_04_","bone":"root","attachment":"suolian_a_0006_04_"},
{"name":"suolian_a_0006_03_","bone":"root","attachment":"suolian_a_0006_03_"},
{"name":"suolian_a_0006_02_","bone":"root","attachment":"suolian_a_0006_02_"},
{"name":"suolian_a_0006_01_","bone":"root","attachment":"suolian_a_0006_01_"},
{"name":"suolian_a_0005_04_","bone":"root","attachment":"suolian_a_0005_04_"},
{"name":"suolian_a_0005_03_","bone":"root","attachment":"suolian_a_0005_03_"},
{"name":"suolian_a_0005_02_","bone":"root","attachment":"suolian_a_0005_02_"},
{"name":"suolian_a_0005_01_","bone":"root","attachment":"suolian_a_0005_01_"},
{"name":"suolian_a_0004_04_","bone":"root","attachment":"suolian_a_0004_04_"},
{"name":"suolian_a_0004_03_","bone":"root","attachment":"suolian_a_0004_03_"},
{"name":"suolian_a_0004_02_","bone":"root","attachment":"suolian_a_0004_02_"},
{"name":"suolian_a_0004_01_","bone":"root","attachment":"suolian_a_0004_01_"},
{"name":"suolian_a_0003_04_","bone":"root","attachment":"suolian_a_0003_04_"},
{"name":"suolian_a_0003_03_","bone":"root","attachment":"suolian_a_0003_03_"},
{"name":"suolian_a_0003_02_","bone":"root","attachment":"suolian_a_0003_02_"},
{"name":"suolian_a_0003_01_","bone":"root","attachment":"suolian_a_0003_01_"},
{"name":"suolian_a_0002_04_","bone":"root","attachment":"suolian_a_0002_04_"},
{"name":"suolian_a_0002_03_","bone":"root","attachment":"suolian_a_0002_03_"},
{"name":"suolian_a_0002_02_","bone":"root","attachment":"suolian_a_0002_02_"},
{"name":"suolian_a_0002_01_","bone":"root","attachment":"suolian_a_0002_01_"},
{"name":"suolian_a_0001_04_","bone":"root","attachment":"suolian_a_0001_04_"},
{"name":"suolian_a_0001_03_","bone":"root","attachment":"suolian_a_0001_03_"},
{"name":"suolian_a_0001_02_","bone":"root","attachment":"suolian_a_0001_02_"},
{"name":"suolian_a_0001_01_","bone":"root","attachment":"suolian_a_0001_01_"},
{"name":"suolian_a_0000_04_","bone":"root","attachment":"suolian_a_0000_04_"},
{"name":"suolian_a_0000_03_","bone":"root","attachment":"suolian_a_0000_03_"},
{"name":"suolian_a_0000_02_","bone":"root","attachment":"suolian_a_0000_02_"},
{"name":"suolian_a_0000_01_","bone":"root","attachment":"suolian_a_0000_01_"},
{"name":"suolian_c_0000_","bone":"root","attachment":"suolian_c_0000_"},
{"name":"tx_0024_04_","bone":"root","attachment":"tx_0024_04_"},
{"name":"tx_0024_03_","bone":"root","attachment":"tx_0024_03_"},
{"name":"tx_0024_02_","bone":"root","attachment":"tx_0024_02_"},
{"name":"tx_0024_01_","bone":"root","attachment":"tx_0024_01_"},
{"name":"tx_0023_04_","bone":"root","attachment":"tx_0023_04_"},
{"name":"tx_0023_03_","bone":"root","attachment":"tx_0023_03_"},
{"name":"tx_0023_02_","bone":"root","attachment":"tx_0023_02_"},
{"name":"tx_0023_01_","bone":"root","attachment":"tx_0023_01_"},
{"name":"tx_0022_04_","bone":"root","attachment":"tx_0022_04_"},
{"name":"tx_0022_03_","bone":"root","attachment":"tx_0022_03_"},
{"name":"tx_0022_02_","bone":"root","attachment":"tx_0022_02_"},
{"name":"tx_0022_01_","bone":"root","attachment":"tx_0022_01_"},
{"name":"tx_0021_04_","bone":"root","attachment":"tx_0021_04_"},
{"name":"tx_0021_03_","bone":"root","attachment":"tx_0021_03_"},
{"name":"tx_0021_02_","bone":"root","attachment":"tx_0021_02_"},
{"name":"tx_0021_01_","bone":"root","attachment":"tx_0021_01_"},
{"name":"tx_0020_04_","bone":"root","attachment":"tx_0020_04_"},
{"name":"tx_0020_03_","bone":"root","attachment":"tx_0020_03_"},
{"name":"tx_0020_02_","bone":"root","attachment":"tx_0020_02_"},
{"name":"tx_0020_01_","bone":"root","attachment":"tx_0020_01_"},
{"name":"tx_0019_04_","bone":"root","attachment":"tx_0019_04_"},
{"name":"tx_0019_03_","bone":"root","attachment":"tx_0019_03_"},
{"name":"tx_0019_02_","bone":"root","attachment":"tx_0019_02_"},
{"name":"tx_0019_01_","bone":"root","attachment":"tx_0019_01_"},
{"name":"tx_0018_04_","bone":"root","attachment":"tx_0018_04_"},
{"name":"tx_0018_03_","bone":"root","attachment":"tx_0018_03_"},
{"name":"tx_0018_02_","bone":"root","attachment":"tx_0018_02_"},
{"name":"tx_0018_01_","bone":"root","attachment":"tx_0018_01_"},
{"name":"tx_0017_04_","bone":"root","attachment":"tx_0017_04_"},
{"name":"tx_0017_03_","bone":"root","attachment":"tx_0017_03_"},
{"name":"tx_0017_02_","bone":"root","attachment":"tx_0017_02_"},
{"name":"tx_0017_01_","bone":"root","attachment":"tx_0017_01_"},
{"name":"tx_0016_04_","bone":"root","attachment":"tx_0016_04_"},
{"name":"tx_0016_03_","bone":"root","attachment":"tx_0016_03_"},
{"name":"tx_0016_02_","bone":"root","attachment":"tx_0016_02_"},
{"name":"tx_0016_01_","bone":"root","attachment":"tx_0016_01_"},
{"name":"tx_0015_04_","bone":"root","attachment":"tx_0015_04_"},
{"name":"tx_0015_03_","bone":"root","attachment":"tx_0015_03_"},
{"name":"tx_0015_02_","bone":"root","attachment":"tx_0015_02_"},
{"name":"tx_0015_01_","bone":"root","attachment":"tx_0015_01_"},
{"name":"tx_0014_04_","bone":"root","attachment":"tx_0014_04_"},
{"name":"tx_0014_03_","bone":"root","attachment":"tx_0014_03_"},
{"name":"tx_0014_02_","bone":"root","attachment":"tx_0014_02_"},
{"name":"tx_0014_01_","bone":"root","attachment":"tx_0014_01_"},
{"name":"tx_0013_04_","bone":"root","attachment":"tx_0013_04_"},
{"name":"tx_0013_03_","bone":"root","attachment":"tx_0013_03_"},
{"name":"tx_0013_02_","bone":"root","attachment":"tx_0013_02_"},
{"name":"tx_0013_01_","bone":"root","attachment":"tx_0013_01_"},
{"name":"tx_0012_04_","bone":"root","attachment":"tx_0012_04_"},
{"name":"tx_0012_03_","bone":"root","attachment":"tx_0012_03_"},
{"name":"tx_0012_02_","bone":"root","attachment":"tx_0012_02_"},
{"name":"tx_0012_01_","bone":"root","attachment":"tx_0012_01_"},
{"name":"tx_0011_04_","bone":"root","attachment":"tx_0011_04_"},
{"name":"tx_0011_03_","bone":"root","attachment":"tx_0011_03_"},
{"name":"tx_0011_02_","bone":"root","attachment":"tx_0011_02_"},
{"name":"tx_0011_01_","bone":"root","attachment":"tx_0011_01_"},
{"name":"tx_0010_04_","bone":"root","attachment":"tx_0010_04_"},
{"name":"tx_0010_03_","bone":"root","attachment":"tx_0010_03_"},
{"name":"tx_0010_02_","bone":"root","attachment":"tx_0010_02_"},
{"name":"tx_0010_01_","bone":"root","attachment":"tx_0010_01_"},
{"name":"tx_0009_04_","bone":"root","attachment":"tx_0009_04_"},
{"name":"tx_0009_03_","bone":"root","attachment":"tx_0009_03_"},
{"name":"tx_0009_02_","bone":"root","attachment":"tx_0009_02_"},
{"name":"tx_0009_01_","bone":"root","attachment":"tx_0009_01_"},
{"name":"tx_0008_04_","bone":"root","attachment":"tx_0008_04_"},
{"name":"tx_0008_03_","bone":"root","attachment":"tx_0008_03_"},
{"name":"tx_0008_02_","bone":"root","attachment":"tx_0008_02_"},
{"name":"tx_0008_01_","bone":"root","attachment":"tx_0008_01_"},
{"name":"tx_0007_04_","bone":"root","attachment":"tx_0007_04_"},
{"name":"tx_0007_03_","bone":"root","attachment":"tx_0007_03_"},
{"name":"tx_0007_02_","bone":"root","attachment":"tx_0007_02_"},
{"name":"tx_0007_01_","bone":"root","attachment":"tx_0007_01_"},
{"name":"tx_0006_04_","bone":"root","attachment":"tx_0006_04_"},
{"name":"tx_0006_03_","bone":"root","attachment":"tx_0006_03_"},
{"name":"tx_0006_02_","bone":"root","attachment":"tx_0006_02_"},
{"name":"tx_0006_01_","bone":"root","attachment":"tx_0006_01_"},
{"name":"tx_0005_04_","bone":"root","attachment":"tx_0005_04_"},
{"name":"tx_0005_03_","bone":"root","attachment":"tx_0005_03_"},
{"name":"tx_0005_02_","bone":"root","attachment":"tx_0005_02_"},
{"name":"tx_0005_01_","bone":"root","attachment":"tx_0005_01_"},
{"name":"tx_0004_04_","bone":"root","attachment":"tx_0004_04_"},
{"name":"tx_0004_03_","bone":"root","attachment":"tx_0004_03_"},
{"name":"tx_0004_02_","bone":"root","attachment":"tx_0004_02_"},
{"name":"tx_0004_01_","bone":"root","attachment":"tx_0004_01_"},
{"name":"tx_0003_04_","bone":"root","attachment":"tx_0003_04_"},
{"name":"tx_0003_03_","bone":"root","attachment":"tx_0003_03_"},
{"name":"tx_0003_02_","bone":"root","attachment":"tx_0003_02_"},
{"name":"tx_0003_01_","bone":"root","attachment":"tx_0003_01_"},
{"name":"tx_0002_04_","bone":"root","attachment":"tx_0002_04_"},
{"name":"tx_0002_03_","bone":"root","attachment":"tx_0002_03_"},
{"name":"tx_0002_02_","bone":"root","attachment":"tx_0002_02_"},
{"name":"tx_0002_01_","bone":"root","attachment":"tx_0002_01_"},
{"name":"tx_0001_04_","bone":"root","attachment":"tx_0001_04_"},
{"name":"tx_0001_03_","bone":"root","attachment":"tx_0001_03_"},
{"name":"tx_0001_02_","bone":"root","attachment":"tx_0001_02_"},
{"name":"tx_0001_01_","bone":"root","attachment":"tx_0001_01_"},
{"name":"tx_0000_04_","bone":"root","attachment":"tx_0000_04_"},
{"name":"tx_0000_03_","bone":"root","attachment":"tx_0000_03_"},
{"name":"tx_0000_02_","bone":"root","attachment":"tx_0000_02_"},
{"name":"tx_0000_01_","bone":"root","attachment":"tx_0000_01_"},
{"name":"word_01_","bone":"root","attachment":"word_01_"},
{"name":"star_02_","bone":"root","attachment":"star_02_"},
{"name":"star_01_","bone":"root","attachment":"star_01_"},
],"skins":{"default":{
"suolian_b_0024_04_":{"suolian_b_0024_04_":{"x":295.5,"y":307.5,"width":27,"height":45}},
"suolian_b_0024_03_":{"suolian_b_0024_03_":{"x":305,"y":371,"width":54,"height":82}},
"suolian_b_0024_02_":{"suolian_b_0024_02_":{"x":553,"y":297,"width":12,"height":46}},
"suolian_b_0024_01_":{"suolian_b_0024_01_":{"x":538.5,"y":373.5,"width":43,"height":107}},
"suolian_b_0023_04_":{"suolian_b_0023_04_":{"x":295,"y":307.5,"width":26,"height":45}},
"suolian_b_0023_03_":{"suolian_b_0023_03_":{"x":305,"y":371.5,"width":54,"height":83}},
"suolian_b_0023_02_":{"suolian_b_0023_02_":{"x":554.5,"y":298,"width":11,"height":44}},
"suolian_b_0023_01_":{"suolian_b_0023_01_":{"x":539.5,"y":374.5,"width":41,"height":109}},
"suolian_b_0022_04_":{"suolian_b_0022_04_":{"x":295.5,"y":307.5,"width":25,"height":45}},
"suolian_b_0022_03_":{"suolian_b_0022_03_":{"x":305,"y":372,"width":54,"height":84}},
"suolian_b_0022_02_":{"suolian_b_0022_02_":{"x":556,"y":298.5,"width":12,"height":43}},
"suolian_b_0022_01_":{"suolian_b_0022_01_":{"x":540,"y":375.5,"width":40,"height":111}},
"suolian_b_0021_04_":{"suolian_b_0021_04_":{"x":295,"y":307.5,"width":26,"height":45}},
"suolian_b_0021_03_":{"suolian_b_0021_03_":{"x":305.5,"y":372.5,"width":55,"height":85}},
"suolian_b_0021_02_":{"suolian_b_0021_02_":{"x":557.5,"y":299.5,"width":13,"height":41}},
"suolian_b_0021_01_":{"suolian_b_0021_01_":{"x":540.5,"y":376,"width":41,"height":112}},
"suolian_b_0020_04_":{"suolian_b_0020_04_":{"x":295,"y":308,"width":26,"height":44}},
"suolian_b_0020_03_":{"suolian_b_0020_03_":{"x":305.5,"y":373,"width":55,"height":86}},
"suolian_b_0020_02_":{"suolian_b_0020_02_":{"x":559,"y":300,"width":14,"height":40}},
"suolian_b_0020_01_":{"suolian_b_0020_01_":{"x":541,"y":377,"width":40,"height":114}},
"suolian_b_0019_04_":{"suolian_b_0019_04_":{"x":294.5,"y":308,"width":25,"height":44}},
"suolian_b_0019_03_":{"suolian_b_0019_03_":{"x":306.5,"y":373.5,"width":55,"height":87}},
"suolian_b_0019_02_":{"suolian_b_0019_02_":{"x":560.5,"y":301,"width":15,"height":38}},
"suolian_b_0019_01_":{"suolian_b_0019_01_":{"x":541.5,"y":377.5,"width":41,"height":115}},
"suolian_b_0018_04_":{"suolian_b_0018_04_":{"x":294.5,"y":308,"width":25,"height":44}},
"suolian_b_0018_03_":{"suolian_b_0018_03_":{"x":306.5,"y":374,"width":55,"height":88}},
"suolian_b_0018_02_":{"suolian_b_0018_02_":{"x":561,"y":302,"width":16,"height":36}},
"suolian_b_0018_01_":{"suolian_b_0018_01_":{"x":541.5,"y":378.5,"width":43,"height":117}},
"suolian_b_0017_04_":{"suolian_b_0017_04_":{"x":294,"y":308,"width":26,"height":44}},
"suolian_b_0017_03_":{"suolian_b_0017_03_":{"x":307,"y":374.5,"width":56,"height":89}},
"suolian_b_0017_02_":{"suolian_b_0017_02_":{"x":561,"y":302.5,"width":16,"height":35}},
"suolian_b_0017_01_":{"suolian_b_0017_01_":{"x":541.5,"y":379,"width":43,"height":118}},
"suolian_b_0016_04_":{"suolian_b_0016_04_":{"x":293.5,"y":308.5,"width":25,"height":43}},
"suolian_b_0016_03_":{"suolian_b_0016_03_":{"x":308,"y":375,"width":56,"height":90}},
"suolian_b_0016_02_":{"suolian_b_0016_02_":{"x":561.5,"y":303,"width":15,"height":34}},
"suolian_b_0016_01_":{"suolian_b_0016_01_":{"x":540.5,"y":379,"width":43,"height":118}},
"suolian_b_0015_04_":{"suolian_b_0015_04_":{"x":293.5,"y":308.5,"width":25,"height":43}},
"suolian_b_0015_03_":{"suolian_b_0015_03_":{"x":308,"y":375,"width":56,"height":90}},
"suolian_b_0015_02_":{"suolian_b_0015_02_":{"x":561.5,"y":303,"width":13,"height":34}},
"suolian_b_0015_01_":{"suolian_b_0015_01_":{"x":540.5,"y":379.5,"width":43,"height":119}},
"suolian_b_0014_04_":{"suolian_b_0014_04_":{"x":293.5,"y":308.5,"width":25,"height":43}},
"suolian_b_0014_03_":{"suolian_b_0014_03_":{"x":308.5,"y":375.5,"width":57,"height":91}},
"suolian_b_0014_02_":{"suolian_b_0014_02_":{"x":561,"y":303,"width":12,"height":34}},
"suolian_b_0014_01_":{"suolian_b_0014_01_":{"x":540,"y":379.5,"width":44,"height":119}},
"suolian_b_0013_04_":{"suolian_b_0013_04_":{"x":293,"y":308.5,"width":24,"height":43}},
"suolian_b_0013_03_":{"suolian_b_0013_03_":{"x":308.5,"y":375.5,"width":57,"height":91}},
"suolian_b_0013_02_":{"suolian_b_0013_02_":{"x":559,"y":302.5,"width":12,"height":35}},
"suolian_b_0013_01_":{"suolian_b_0013_01_":{"x":539,"y":379,"width":44,"height":118}},
"suolian_b_0012_04_":{"suolian_b_0012_04_":{"x":293,"y":308.5,"width":24,"height":43}},
"suolian_b_0012_03_":{"suolian_b_0012_03_":{"x":308.5,"y":375.5,"width":57,"height":91}},
"suolian_b_0012_02_":{"suolian_b_0012_02_":{"x":558,"y":302.5,"width":12,"height":35}},
"suolian_b_0012_01_":{"suolian_b_0012_01_":{"x":538.5,"y":378.5,"width":45,"height":117}},
"suolian_b_0011_04_":{"suolian_b_0011_04_":{"x":293,"y":308.5,"width":24,"height":43}},
"suolian_b_0011_03_":{"suolian_b_0011_03_":{"x":308,"y":375,"width":56,"height":90}},
"suolian_b_0011_02_":{"suolian_b_0011_02_":{"x":556.5,"y":301.5,"width":11,"height":37}},
"suolian_b_0011_01_":{"suolian_b_0011_01_":{"x":537.5,"y":378,"width":45,"height":116}},
"suolian_b_0010_04_":{"suolian_b_0010_04_":{"x":294,"y":308.5,"width":24,"height":43}},
"suolian_b_0010_03_":{"suolian_b_0010_03_":{"x":308,"y":374.5,"width":56,"height":89}},
"suolian_b_0010_02_":{"suolian_b_0010_02_":{"x":554.5,"y":301,"width":13,"height":38}},
"suolian_b_0010_01_":{"suolian_b_0010_01_":{"x":536.5,"y":377,"width":45,"height":114}},
"suolian_b_0009_04_":{"suolian_b_0009_04_":{"x":294,"y":308.5,"width":24,"height":43}},
"suolian_b_0009_03_":{"suolian_b_0009_03_":{"x":307.5,"y":374,"width":55,"height":88}},
"suolian_b_0009_02_":{"suolian_b_0009_02_":{"x":552.5,"y":300.5,"width":13,"height":39}},
"suolian_b_0009_01_":{"suolian_b_0009_01_":{"x":536,"y":376.5,"width":46,"height":113}},
"suolian_b_0008_04_":{"suolian_b_0008_04_":{"x":294,"y":308.5,"width":24,"height":43}},
"suolian_b_0008_03_":{"suolian_b_0008_03_":{"x":307.5,"y":373.5,"width":55,"height":87}},
"suolian_b_0008_02_":{"suolian_b_0008_02_":{"x":550.5,"y":299.5,"width":15,"height":41}},
"suolian_b_0008_01_":{"suolian_b_0008_01_":{"x":535.5,"y":375.5,"width":47,"height":111}},
"suolian_b_0007_04_":{"suolian_b_0007_04_":{"x":294.5,"y":308,"width":25,"height":44}},
"suolian_b_0007_03_":{"suolian_b_0007_03_":{"x":307,"y":373,"width":54,"height":86}},
"suolian_b_0007_02_":{"suolian_b_0007_02_":{"x":549.5,"y":299,"width":17,"height":42}},
"suolian_b_0007_01_":{"suolian_b_0007_01_":{"x":535.5,"y":374.5,"width":47,"height":109}},
"suolian_b_0006_04_":{"suolian_b_0006_04_":{"x":294.5,"y":308,"width":25,"height":44}},
"suolian_b_0006_03_":{"suolian_b_0006_03_":{"x":306.5,"y":372.5,"width":53,"height":85}},
"suolian_b_0006_02_":{"suolian_b_0006_02_":{"x":549,"y":298.5,"width":18,"height":43}},
"suolian_b_0006_01_":{"suolian_b_0006_01_":{"x":535.5,"y":374,"width":47,"height":108}},
"suolian_b_0005_04_":{"suolian_b_0005_04_":{"x":295,"y":308,"width":24,"height":44}},
"suolian_b_0005_03_":{"suolian_b_0005_03_":{"x":306.5,"y":372,"width":53,"height":84}},
"suolian_b_0005_02_":{"suolian_b_0005_02_":{"x":549,"y":298,"width":18,"height":44}},
"suolian_b_0005_01_":{"suolian_b_0005_01_":{"x":535.5,"y":373.5,"width":47,"height":107}},
"suolian_b_0004_04_":{"suolian_b_0004_04_":{"x":295.5,"y":308,"width":25,"height":44}},
"suolian_b_0004_03_":{"suolian_b_0004_03_":{"x":305.5,"y":371.5,"width":53,"height":83}},
"suolian_b_0004_02_":{"suolian_b_0004_02_":{"x":549.5,"y":297.5,"width":17,"height":45}},
"suolian_b_0004_01_":{"suolian_b_0004_01_":{"x":536,"y":373,"width":46,"height":106}},
"suolian_b_0003_04_":{"suolian_b_0003_04_":{"x":295.5,"y":307.5,"width":25,"height":45}},
"suolian_b_0003_03_":{"suolian_b_0003_03_":{"x":305.5,"y":371,"width":53,"height":82}},
"suolian_b_0003_02_":{"suolian_b_0003_02_":{"x":550,"y":297,"width":16,"height":46}},
"suolian_b_0003_01_":{"suolian_b_0003_01_":{"x":536.5,"y":373,"width":45,"height":106}},
"suolian_b_0002_04_":{"suolian_b_0002_04_":{"x":295,"y":307.5,"width":26,"height":45}},
"suolian_b_0002_03_":{"suolian_b_0002_03_":{"x":305,"y":371,"width":54,"height":82}},
"suolian_b_0002_02_":{"suolian_b_0002_02_":{"x":551,"y":296.5,"width":14,"height":47}},
"suolian_b_0002_01_":{"suolian_b_0002_01_":{"x":537,"y":373,"width":44,"height":106}},
"suolian_b_0001_04_":{"suolian_b_0001_04_":{"x":295,"y":307.5,"width":26,"height":45}},
"suolian_b_0001_03_":{"suolian_b_0001_03_":{"x":305,"y":371,"width":54,"height":82}},
"suolian_b_0001_02_":{"suolian_b_0001_02_":{"x":552,"y":296.5,"width":12,"height":47}},
"suolian_b_0001_01_":{"suolian_b_0001_01_":{"x":538,"y":373.5,"width":44,"height":107}},
"suolian_b_0000_04_":{"suolian_b_0000_04_":{"x":295.5,"y":307.5,"width":27,"height":45}},
"suolian_b_0000_03_":{"suolian_b_0000_03_":{"x":305,"y":371,"width":54,"height":82}},
"suolian_b_0000_02_":{"suolian_b_0000_02_":{"x":553,"y":297,"width":12,"height":46}},
"suolian_b_0000_01_":{"suolian_b_0000_01_":{"x":538.5,"y":373.5,"width":43,"height":107}},
"chibang_0024_04_":{"chibang_0024_04_":{"x":496.5,"y":373.5,"width":65,"height":99}},
"chibang_0024_03_":{"chibang_0024_03_":{"x":563,"y":383,"width":68,"height":154}},
"chibang_0024_02_":{"chibang_0024_02_":{"x":631,"y":397,"width":68,"height":176}},
"chibang_0024_01_":{"chibang_0024_01_":{"x":695,"y":447,"width":60,"height":146}},
"chibang_0023_04_":{"chibang_0023_04_":{"x":496.5,"y":375,"width":65,"height":98}},
"chibang_0023_03_":{"chibang_0023_03_":{"x":563,"y":386,"width":68,"height":154}},
"chibang_0023_02_":{"chibang_0023_02_":{"x":631,"y":401.5,"width":68,"height":179}},
"chibang_0023_01_":{"chibang_0023_01_":{"x":693.5,"y":450.5,"width":57,"height":145}},
"chibang_0022_04_":{"chibang_0022_04_":{"x":496.5,"y":376,"width":65,"height":98}},
"chibang_0022_03_":{"chibang_0022_03_":{"x":563,"y":387.5,"width":68,"height":155}},
"chibang_0022_02_":{"chibang_0022_02_":{"x":631,"y":404,"width":68,"height":182}},
"chibang_0022_01_":{"chibang_0022_01_":{"x":693,"y":453,"width":56,"height":144}},
"chibang_0021_04_":{"chibang_0021_04_":{"x":496,"y":377,"width":66,"height":98}},
"chibang_0021_03_":{"chibang_0021_03_":{"x":563,"y":389.5,"width":68,"height":155}},
"chibang_0021_02_":{"chibang_0021_02_":{"x":631,"y":406.5,"width":68,"height":183}},
"chibang_0021_01_":{"chibang_0021_01_":{"x":693,"y":454,"width":56,"height":142}},
"chibang_0020_04_":{"chibang_0020_04_":{"x":496,"y":378,"width":66,"height":98}},
"chibang_0020_03_":{"chibang_0020_03_":{"x":563,"y":391,"width":68,"height":156}},
"chibang_0020_02_":{"chibang_0020_02_":{"x":631,"y":408,"width":68,"height":184}},
"chibang_0020_01_":{"chibang_0020_01_":{"x":693,"y":455,"width":56,"height":140}},
"chibang_0019_04_":{"chibang_0019_04_":{"x":496,"y":379,"width":66,"height":98}},
"chibang_0019_03_":{"chibang_0019_03_":{"x":563,"y":392.5,"width":68,"height":157}},
"chibang_0019_02_":{"chibang_0019_02_":{"x":631,"y":408.5,"width":68,"height":183}},
"chibang_0019_01_":{"chibang_0019_01_":{"x":693,"y":455.5,"width":56,"height":137}},
"chibang_0018_04_":{"chibang_0018_04_":{"x":495.5,"y":380.5,"width":67,"height":99}},
"chibang_0018_03_":{"chibang_0018_03_":{"x":563,"y":393,"width":68,"height":158}},
"chibang_0018_02_":{"chibang_0018_02_":{"x":631,"y":408.5,"width":68,"height":181}},
"chibang_0018_01_":{"chibang_0018_01_":{"x":693,"y":454.5,"width":56,"height":135}},
"chibang_0017_04_":{"chibang_0017_04_":{"x":495.5,"y":382.5,"width":67,"height":101}},
"chibang_0017_03_":{"chibang_0017_03_":{"x":563,"y":394,"width":68,"height":158}},
"chibang_0017_02_":{"chibang_0017_02_":{"x":631,"y":408,"width":68,"height":180}},
"chibang_0017_01_":{"chibang_0017_01_":{"x":693.5,"y":453.5,"width":57,"height":131}},
"chibang_0016_04_":{"chibang_0016_04_":{"x":495,"y":383,"width":68,"height":102}},
"chibang_0016_03_":{"chibang_0016_03_":{"x":563,"y":393.5,"width":68,"height":159}},
"chibang_0016_02_":{"chibang_0016_02_":{"x":631,"y":406.5,"width":68,"height":177}},
"chibang_0016_01_":{"chibang_0016_01_":{"x":694,"y":451.5,"width":58,"height":129}},
"chibang_0015_04_":{"chibang_0015_04_":{"x":495,"y":383,"width":68,"height":102}},
"chibang_0015_03_":{"chibang_0015_03_":{"x":563,"y":393,"width":68,"height":158}},
"chibang_0015_02_":{"chibang_0015_02_":{"x":631,"y":404.5,"width":68,"height":175}},
"chibang_0015_01_":{"chibang_0015_01_":{"x":694.5,"y":449.5,"width":59,"height":127}},
"chibang_0014_04_":{"chibang_0014_04_":{"x":494.5,"y":383,"width":69,"height":104}},
"chibang_0014_03_":{"chibang_0014_03_":{"x":563,"y":392,"width":68,"height":158}},
"chibang_0014_02_":{"chibang_0014_02_":{"x":631,"y":402.5,"width":68,"height":173}},
"chibang_0014_01_":{"chibang_0014_01_":{"x":695,"y":447,"width":60,"height":126}},
"chibang_0013_04_":{"chibang_0013_04_":{"x":494.5,"y":382.5,"width":69,"height":103}},
"chibang_0013_03_":{"chibang_0013_03_":{"x":563,"y":391,"width":68,"height":158}},
"chibang_0013_02_":{"chibang_0013_02_":{"x":631,"y":400,"width":68,"height":170}},
"chibang_0013_01_":{"chibang_0013_01_":{"x":695.5,"y":444,"width":61,"height":124}},
"chibang_0012_04_":{"chibang_0012_04_":{"x":494.5,"y":381.5,"width":69,"height":103}},
"chibang_0012_03_":{"chibang_0012_03_":{"x":563,"y":389.5,"width":68,"height":157}},
"chibang_0012_02_":{"chibang_0012_02_":{"x":631,"y":398,"width":68,"height":168}},
"chibang_0012_01_":{"chibang_0012_01_":{"x":696,"y":441.5,"width":62,"height":123}},
"chibang_0011_04_":{"chibang_0011_04_":{"x":494.5,"y":380.5,"width":69,"height":103}},
"chibang_0011_03_":{"chibang_0011_03_":{"x":563,"y":387.5,"width":68,"height":157}},
"chibang_0011_02_":{"chibang_0011_02_":{"x":631,"y":395.5,"width":68,"height":167}},
"chibang_0011_01_":{"chibang_0011_01_":{"x":696.5,"y":439.5,"width":63,"height":123}},
"chibang_0010_04_":{"chibang_0010_04_":{"x":495,"y":379,"width":68,"height":102}},
"chibang_0010_03_":{"chibang_0010_03_":{"x":563,"y":386,"width":68,"height":156}},
"chibang_0010_02_":{"chibang_0010_02_":{"x":631,"y":393,"width":68,"height":164}},
"chibang_0010_01_":{"chibang_0010_01_":{"x":697,"y":437,"width":64,"height":124}},
"chibang_0009_04_":{"chibang_0009_04_":{"x":495,"y":378,"width":68,"height":102}},
"chibang_0009_03_":{"chibang_0009_03_":{"x":563,"y":384,"width":68,"height":156}},
"chibang_0009_02_":{"chibang_0009_02_":{"x":631,"y":391,"width":68,"height":164}},
"chibang_0009_01_":{"chibang_0009_01_":{"x":697.5,"y":435.5,"width":65,"height":125}},
"chibang_0008_04_":{"chibang_0008_04_":{"x":495.5,"y":376,"width":67,"height":102}},
"chibang_0008_03_":{"chibang_0008_03_":{"x":563,"y":382.5,"width":68,"height":155}},
"chibang_0008_02_":{"chibang_0008_02_":{"x":631,"y":389.5,"width":68,"height":163}},
"chibang_0008_01_":{"chibang_0008_01_":{"x":697.5,"y":434.5,"width":65,"height":127}},
"chibang_0007_04_":{"chibang_0007_04_":{"x":495.5,"y":375,"width":67,"height":102}},
"chibang_0007_03_":{"chibang_0007_03_":{"x":563,"y":381,"width":68,"height":154}},
"chibang_0007_02_":{"chibang_0007_02_":{"x":631,"y":388,"width":68,"height":164}},
"chibang_0007_01_":{"chibang_0007_01_":{"x":698,"y":434,"width":66,"height":130}},
"chibang_0006_04_":{"chibang_0006_04_":{"x":496,"y":374,"width":66,"height":102}},
"chibang_0006_03_":{"chibang_0006_03_":{"x":563,"y":380,"width":68,"height":154}},
"chibang_0006_02_":{"chibang_0006_02_":{"x":631,"y":388,"width":68,"height":164}},
"chibang_0006_01_":{"chibang_0006_01_":{"x":698,"y":434.5,"width":66,"height":133}},
"chibang_0005_04_":{"chibang_0005_04_":{"x":496,"y":373,"width":66,"height":102}},
"chibang_0005_03_":{"chibang_0005_03_":{"x":563,"y":379,"width":68,"height":154}},
"chibang_0005_02_":{"chibang_0005_02_":{"x":631,"y":388,"width":68,"height":166}},
"chibang_0005_01_":{"chibang_0005_01_":{"x":698,"y":436,"width":66,"height":136}},
"chibang_0004_04_":{"chibang_0004_04_":{"x":496,"y":372.5,"width":66,"height":101}},
"chibang_0004_03_":{"chibang_0004_03_":{"x":563,"y":378.5,"width":68,"height":153}},
"chibang_0004_02_":{"chibang_0004_02_":{"x":631,"y":388.5,"width":68,"height":167}},
"chibang_0004_01_":{"chibang_0004_01_":{"x":697.5,"y":437.5,"width":65,"height":139}},
"chibang_0003_04_":{"chibang_0003_04_":{"x":496.5,"y":372,"width":65,"height":100}},
"chibang_0003_03_":{"chibang_0003_03_":{"x":563,"y":379.5,"width":68,"height":153}},
"chibang_0003_02_":{"chibang_0003_02_":{"x":631,"y":390,"width":68,"height":168}},
"chibang_0003_01_":{"chibang_0003_01_":{"x":697,"y":439,"width":64,"height":142}},
"chibang_0002_04_":{"chibang_0002_04_":{"x":496.5,"y":372,"width":65,"height":100}},
"chibang_0002_03_":{"chibang_0002_03_":{"x":563,"y":379.5,"width":68,"height":153}},
"chibang_0002_02_":{"chibang_0002_02_":{"x":631,"y":392,"width":68,"height":170}},
"chibang_0002_01_":{"chibang_0002_01_":{"x":696.5,"y":441.5,"width":63,"height":143}},
"chibang_0001_04_":{"chibang_0001_04_":{"x":496.5,"y":372.5,"width":65,"height":99}},
"chibang_0001_03_":{"chibang_0001_03_":{"x":563,"y":381.5,"width":68,"height":153}},
"chibang_0001_02_":{"chibang_0001_02_":{"x":631,"y":394.5,"width":68,"height":173}},
"chibang_0001_01_":{"chibang_0001_01_":{"x":695.5,"y":444.5,"width":61,"height":145}},
"chibang_0000_04_":{"chibang_0000_04_":{"x":496.5,"y":373.5,"width":65,"height":99}},
"chibang_0000_03_":{"chibang_0000_03_":{"x":563,"y":383,"width":68,"height":154}},
"chibang_0000_02_":{"chibang_0000_02_":{"x":631,"y":397,"width":68,"height":176}},
"chibang_0000_01_":{"chibang_0000_01_":{"x":695,"y":447,"width":60,"height":146}},
"suolian_a_0024_04_":{"suolian_a_0024_04_":{"x":291,"y":294.5,"width":102,"height":91}},
"suolian_a_0024_03_":{"suolian_a_0024_03_":{"x":278,"y":378.5,"width":44,"height":77}},
"suolian_a_0024_02_":{"suolian_a_0024_02_":{"x":493,"y":302,"width":66,"height":44}},
"suolian_a_0024_01_":{"suolian_a_0024_01_":{"x":529,"y":373.5,"width":64,"height":99}},
"suolian_a_0023_04_":{"suolian_a_0023_04_":{"x":290,"y":295,"width":104,"height":90}},
"suolian_a_0023_03_":{"suolian_a_0023_03_":{"x":278,"y":379,"width":44,"height":78}},
"suolian_a_0023_02_":{"suolian_a_0023_02_":{"x":493,"y":302,"width":66,"height":44}},
"suolian_a_0023_01_":{"suolian_a_0023_01_":{"x":528.5,"y":374.5,"width":63,"height":101}},
"suolian_a_0022_04_":{"suolian_a_0022_04_":{"x":290.5,"y":295.5,"width":103,"height":89}},
"suolian_a_0022_03_":{"suolian_a_0022_03_":{"x":279,"y":379.5,"width":44,"height":79}},
"suolian_a_0022_02_":{"suolian_a_0022_02_":{"x":493,"y":302,"width":66,"height":44}},
"suolian_a_0022_01_":{"suolian_a_0022_01_":{"x":527.5,"y":375.5,"width":63,"height":103}},
"suolian_a_0021_04_":{"suolian_a_0021_04_":{"x":291,"y":295.5,"width":102,"height":89}},
"suolian_a_0021_03_":{"suolian_a_0021_03_":{"x":279,"y":380.5,"width":44,"height":81}},
"suolian_a_0021_02_":{"suolian_a_0021_02_":{"x":493,"y":302,"width":66,"height":44}},
"suolian_a_0021_01_":{"suolian_a_0021_01_":{"x":527,"y":376.5,"width":62,"height":105}},
"suolian_a_0020_04_":{"suolian_a_0020_04_":{"x":292,"y":296,"width":100,"height":88}},
"suolian_a_0020_03_":{"suolian_a_0020_03_":{"x":279.5,"y":381,"width":45,"height":82}},
"suolian_a_0020_02_":{"suolian_a_0020_02_":{"x":493,"y":302,"width":66,"height":44}},
"suolian_a_0020_01_":{"suolian_a_0020_01_":{"x":526,"y":377,"width":62,"height":106}},
"suolian_a_0019_04_":{"suolian_a_0019_04_":{"x":293.5,"y":297,"width":97,"height":86}},
"suolian_a_0019_03_":{"suolian_a_0019_03_":{"x":279.5,"y":381.5,"width":47,"height":83}},
"suolian_a_0019_02_":{"suolian_a_0019_02_":{"x":493,"y":302,"width":66,"height":44}},
"suolian_a_0019_01_":{"suolian_a_0019_01_":{"x":525.5,"y":378,"width":61,"height":108}},
"suolian_a_0018_04_":{"suolian_a_0018_04_":{"x":294.5,"y":297.5,"width":95,"height":85}},
"suolian_a_0018_03_":{"suolian_a_0018_03_":{"x":280,"y":382,"width":48,"height":84}},
"suolian_a_0018_02_":{"suolian_a_0018_02_":{"x":493,"y":302,"width":66,"height":44}},
"suolian_a_0018_01_":{"suolian_a_0018_01_":{"x":525,"y":378.5,"width":60,"height":109}},
"suolian_a_0017_04_":{"suolian_a_0017_04_":{"x":295,"y":297.5,"width":94,"height":85}},
"suolian_a_0017_03_":{"suolian_a_0017_03_":{"x":280,"y":382.5,"width":48,"height":85}},
"suolian_a_0017_02_":{"suolian_a_0017_02_":{"x":493,"y":302,"width":66,"height":44}},
"suolian_a_0017_01_":{"suolian_a_0017_01_":{"x":524.5,"y":379,"width":59,"height":110}},
"suolian_a_0016_04_":{"suolian_a_0016_04_":{"x":295.5,"y":298,"width":93,"height":84}},
"suolian_a_0016_03_":{"suolian_a_0016_03_":{"x":280.5,"y":383,"width":49,"height":86}},
"suolian_a_0016_02_":{"suolian_a_0016_02_":{"x":493,"y":302,"width":66,"height":44}},
"suolian_a_0016_01_":{"suolian_a_0016_01_":{"x":524,"y":379.5,"width":60,"height":111}},
"suolian_a_0015_04_":{"suolian_a_0015_04_":{"x":297,"y":298,"width":90,"height":84}},
"suolian_a_0015_03_":{"suolian_a_0015_03_":{"x":280.5,"y":383,"width":49,"height":86}},
"suolian_a_0015_02_":{"suolian_a_0015_02_":{"x":493,"y":302,"width":66,"height":44}},
"suolian_a_0015_01_":{"suolian_a_0015_01_":{"x":523,"y":379.5,"width":60,"height":111}},
"suolian_a_0014_04_":{"suolian_a_0014_04_":{"x":297.5,"y":298,"width":89,"height":84}},
"suolian_a_0014_03_":{"suolian_a_0014_03_":{"x":281.5,"y":383.5,"width":49,"height":87}},
"suolian_a_0014_02_":{"suolian_a_0014_02_":{"x":493,"y":302,"width":66,"height":44}},
"suolian_a_0014_01_":{"suolian_a_0014_01_":{"x":522.5,"y":379.5,"width":61,"height":111}},
"suolian_a_0013_04_":{"suolian_a_0013_04_":{"x":298.5,"y":298,"width":87,"height":84}},
"suolian_a_0013_03_":{"suolian_a_0013_03_":{"x":282,"y":383,"width":48,"height":86}},
"suolian_a_0013_02_":{"suolian_a_0013_02_":{"x":493,"y":302,"width":66,"height":44}},
"suolian_a_0013_01_":{"suolian_a_0013_01_":{"x":522.5,"y":379,"width":63,"height":110}},
"suolian_a_0012_04_":{"suolian_a_0012_04_":{"x":299,"y":297.5,"width":86,"height":85}},
"suolian_a_0012_03_":{"suolian_a_0012_03_":{"x":282,"y":383,"width":46,"height":86}},
"suolian_a_0012_02_":{"suolian_a_0012_02_":{"x":493,"y":302,"width":66,"height":44}},
"suolian_a_0012_01_":{"suolian_a_0012_01_":{"x":522.5,"y":378.5,"width":63,"height":109}},
"suolian_a_0011_04_":{"suolian_a_0011_04_":{"x":299.5,"y":297,"width":85,"height":86}},
"suolian_a_0011_03_":{"suolian_a_0011_03_":{"x":282.5,"y":382.5,"width":45,"height":85}},
"suolian_a_0011_02_":{"suolian_a_0011_02_":{"x":493,"y":302,"width":66,"height":44}},
"suolian_a_0011_01_":{"suolian_a_0011_01_":{"x":523,"y":378,"width":64,"height":108}},
"suolian_a_0010_04_":{"suolian_a_0010_04_":{"x":300.5,"y":296.5,"width":83,"height":87}},
"suolian_a_0010_03_":{"suolian_a_0010_03_":{"x":282.5,"y":382,"width":43,"height":84}},
"suolian_a_0010_02_":{"suolian_a_0010_02_":{"x":493,"y":302,"width":66,"height":44}},
"suolian_a_0010_01_":{"suolian_a_0010_01_":{"x":523.5,"y":377,"width":65,"height":106}},
"suolian_a_0009_04_":{"suolian_a_0009_04_":{"x":301,"y":296,"width":82,"height":88}},
"suolian_a_0009_03_":{"suolian_a_0009_03_":{"x":282.5,"y":381.5,"width":43,"height":83}},
"suolian_a_0009_02_":{"suolian_a_0009_02_":{"x":493,"y":302,"width":66,"height":44}},
"suolian_a_0009_01_":{"suolian_a_0009_01_":{"x":524.5,"y":376.5,"width":65,"height":105}},
"suolian_a_0008_04_":{"suolian_a_0008_04_":{"x":301.5,"y":295,"width":81,"height":90}},
"suolian_a_0008_03_":{"suolian_a_0008_03_":{"x":281.5,"y":381,"width":43,"height":82}},
"suolian_a_0008_02_":{"suolian_a_0008_02_":{"x":493,"y":302,"width":66,"height":44}},
"suolian_a_0008_01_":{"suolian_a_0008_01_":{"x":525.5,"y":375.5,"width":67,"height":103}},
"suolian_a_0007_04_":{"suolian_a_0007_04_":{"x":302,"y":294.5,"width":80,"height":91}},
"suolian_a_0007_03_":{"suolian_a_0007_03_":{"x":280.5,"y":380,"width":43,"height":80}},
"suolian_a_0007_02_":{"suolian_a_0007_02_":{"x":493,"y":302,"width":66,"height":44}},
"suolian_a_0007_01_":{"suolian_a_0007_01_":{"x":526.5,"y":374.5,"width":67,"height":101}},
"suolian_a_0006_04_":{"suolian_a_0006_04_":{"x":302.5,"y":294,"width":79,"height":92}},
"suolian_a_0006_03_":{"suolian_a_0006_03_":{"x":280,"y":379.5,"width":42,"height":79}},
"suolian_a_0006_02_":{"suolian_a_0006_02_":{"x":493,"y":302,"width":66,"height":44}},
"suolian_a_0006_01_":{"suolian_a_0006_01_":{"x":527,"y":374,"width":66,"height":100}},
"suolian_a_0005_04_":{"suolian_a_0005_04_":{"x":302.5,"y":293,"width":79,"height":94}},
"suolian_a_0005_03_":{"suolian_a_0005_03_":{"x":279.5,"y":379,"width":43,"height":78}},
"suolian_a_0005_02_":{"suolian_a_0005_02_":{"x":493,"y":302,"width":66,"height":44}},
"suolian_a_0005_01_":{"suolian_a_0005_01_":{"x":528,"y":373.5,"width":66,"height":99}},
"suolian_a_0004_04_":{"suolian_a_0004_04_":{"x":302,"y":293,"width":80,"height":94}},
"suolian_a_0004_03_":{"suolian_a_0004_03_":{"x":278.5,"y":378.5,"width":43,"height":77}},
"suolian_a_0004_02_":{"suolian_a_0004_02_":{"x":493,"y":302,"width":66,"height":44}},
"suolian_a_0004_01_":{"suolian_a_0004_01_":{"x":528,"y":373,"width":66,"height":98}},
"suolian_a_0003_04_":{"suolian_a_0003_04_":{"x":299,"y":293,"width":86,"height":94}},
"suolian_a_0003_03_":{"suolian_a_0003_03_":{"x":278.5,"y":378.5,"width":43,"height":77}},
"suolian_a_0003_02_":{"suolian_a_0003_02_":{"x":493,"y":302,"width":66,"height":44}},
"suolian_a_0003_01_":{"suolian_a_0003_01_":{"x":528.5,"y":373,"width":65,"height":98}},
"suolian_a_0002_04_":{"suolian_a_0002_04_":{"x":296,"y":293.5,"width":92,"height":93}},
"suolian_a_0002_03_":{"suolian_a_0002_03_":{"x":278.5,"y":378.5,"width":43,"height":77}},
"suolian_a_0002_02_":{"suolian_a_0002_02_":{"x":493,"y":302,"width":66,"height":44}},
"suolian_a_0002_01_":{"suolian_a_0002_01_":{"x":528.5,"y":373,"width":65,"height":98}},
"suolian_a_0001_04_":{"suolian_a_0001_04_":{"x":293.5,"y":294,"width":97,"height":92}},
"suolian_a_0001_03_":{"suolian_a_0001_03_":{"x":278,"y":378.5,"width":44,"height":77}},
"suolian_a_0001_02_":{"suolian_a_0001_02_":{"x":493,"y":302,"width":66,"height":44}},
"suolian_a_0001_01_":{"suolian_a_0001_01_":{"x":529,"y":373.5,"width":64,"height":99}},
"suolian_a_0000_04_":{"suolian_a_0000_04_":{"x":291,"y":294.5,"width":102,"height":91}},
"suolian_a_0000_03_":{"suolian_a_0000_03_":{"x":278,"y":378.5,"width":44,"height":77}},
"suolian_a_0000_02_":{"suolian_a_0000_02_":{"x":493,"y":302,"width":66,"height":44}},
"suolian_a_0000_01_":{"suolian_a_0000_01_":{"x":529,"y":373.5,"width":64,"height":99}},
"suolian_c_0000_":{"suolian_c_0000_":{"x":401,"y":344.5,"width":118,"height":127}},
"tx_0024_04_":{"tx_0024_04_":{"x":479,"y":388.5,"width":100,"height":197}},
"tx_0024_03_":{"tx_0024_03_":{"x":563,"y":385.5,"width":68,"height":239}},
"tx_0024_02_":{"tx_0024_02_":{"x":631,"y":402,"width":68,"height":266}},
"tx_0024_01_":{"tx_0024_01_":{"x":728.5,"y":426.5,"width":127,"height":225}},
"tx_0023_04_":{"tx_0023_04_":{"x":479,"y":384.5,"width":100,"height":205}},
"tx_0023_03_":{"tx_0023_03_":{"x":563,"y":386.5,"width":68,"height":241}},
"tx_0023_02_":{"tx_0023_02_":{"x":631,"y":403,"width":68,"height":268}},
"tx_0023_01_":{"tx_0023_01_":{"x":727.5,"y":433.5,"width":125,"height":235}},
"tx_0022_04_":{"tx_0022_04_":{"x":479,"y":384.5,"width":100,"height":201}},
"tx_0022_03_":{"tx_0022_03_":{"x":563,"y":389,"width":68,"height":240}},
"tx_0022_02_":{"tx_0022_02_":{"x":631,"y":405,"width":68,"height":268}},
"tx_0022_01_":{"tx_0022_01_":{"x":727.5,"y":437,"width":125,"height":238}},
"tx_0021_04_":{"tx_0021_04_":{"x":479,"y":383.5,"width":100,"height":203}},
"tx_0021_03_":{"tx_0021_03_":{"x":563,"y":391,"width":68,"height":240}},
"tx_0021_02_":{"tx_0021_02_":{"x":631,"y":407,"width":68,"height":268}},
"tx_0021_01_":{"tx_0021_01_":{"x":727.5,"y":439,"width":125,"height":238}},
"tx_0020_04_":{"tx_0020_04_":{"x":478.5,"y":383.5,"width":101,"height":207}},
"tx_0020_03_":{"tx_0020_03_":{"x":563,"y":392,"width":68,"height":242}},
"tx_0020_02_":{"tx_0020_02_":{"x":631,"y":408,"width":68,"height":266}},
"tx_0020_01_":{"tx_0020_01_":{"x":728.5,"y":441.5,"width":127,"height":237}},
"tx_0019_04_":{"tx_0019_04_":{"x":478.5,"y":386.5,"width":101,"height":209}},
"tx_0019_03_":{"tx_0019_03_":{"x":563,"y":394,"width":68,"height":242}},
"tx_0019_02_":{"tx_0019_02_":{"x":631,"y":408,"width":68,"height":266}},
"tx_0019_01_":{"tx_0019_01_":{"x":730.5,"y":442.5,"width":131,"height":239}},
"tx_0018_04_":{"tx_0018_04_":{"x":478.5,"y":387,"width":101,"height":210}},
"tx_0018_03_":{"tx_0018_03_":{"x":563,"y":394,"width":68,"height":242}},
"tx_0018_02_":{"tx_0018_02_":{"x":631,"y":409,"width":68,"height":264}},
"tx_0018_01_":{"tx_0018_01_":{"x":731,"y":444,"width":132,"height":238}},
"tx_0017_04_":{"tx_0017_04_":{"x":478,"y":387,"width":102,"height":210}},
"tx_0017_03_":{"tx_0017_03_":{"x":563,"y":395,"width":68,"height":240}},
"tx_0017_02_":{"tx_0017_02_":{"x":631,"y":410,"width":68,"height":266}},
"tx_0017_01_":{"tx_0017_01_":{"x":732,"y":444,"width":134,"height":238}},
"tx_0016_04_":{"tx_0016_04_":{"x":478,"y":389,"width":102,"height":210}},
"tx_0016_03_":{"tx_0016_03_":{"x":563,"y":393.5,"width":68,"height":243}},
"tx_0016_02_":{"tx_0016_02_":{"x":631,"y":410.5,"width":68,"height":267}},
"tx_0016_01_":{"tx_0016_01_":{"x":732.5,"y":443,"width":135,"height":240}},
"tx_0015_04_":{"tx_0015_04_":{"x":478,"y":390.5,"width":102,"height":207}},
"tx_0015_03_":{"tx_0015_03_":{"x":563,"y":395,"width":68,"height":240}},
"tx_0015_02_":{"tx_0015_02_":{"x":631,"y":411.5,"width":68,"height":269}},
"tx_0015_01_":{"tx_0015_01_":{"x":732.5,"y":441.5,"width":135,"height":243}},
"tx_0014_04_":{"tx_0014_04_":{"x":477.5,"y":390,"width":103,"height":204}},
"tx_0014_03_":{"tx_0014_03_":{"x":563,"y":391,"width":68,"height":244}},
"tx_0014_02_":{"tx_0014_02_":{"x":631,"y":412.5,"width":68,"height":271}},
"tx_0014_01_":{"tx_0014_01_":{"x":732.5,"y":439.5,"width":135,"height":247}},
"tx_0013_04_":{"tx_0013_04_":{"x":477.5,"y":387,"width":103,"height":210}},
"tx_0013_03_":{"tx_0013_03_":{"x":563,"y":392,"width":68,"height":238}},
"tx_0013_02_":{"tx_0013_02_":{"x":631,"y":411.5,"width":68,"height":273}},
"tx_0013_01_":{"tx_0013_01_":{"x":732.5,"y":438.5,"width":135,"height":249}},
"tx_0012_04_":{"tx_0012_04_":{"x":478,"y":387.5,"width":102,"height":207}},
"tx_0012_03_":{"tx_0012_03_":{"x":563,"y":390,"width":68,"height":238}},
"tx_0012_02_":{"tx_0012_02_":{"x":631,"y":409.5,"width":68,"height":269}},
"tx_0012_01_":{"tx_0012_01_":{"x":732.5,"y":440,"width":135,"height":242}},
"tx_0011_04_":{"tx_0011_04_":{"x":478,"y":385.5,"width":102,"height":207}},
"tx_0011_03_":{"tx_0011_03_":{"x":563,"y":389,"width":68,"height":236}},
"tx_0011_02_":{"tx_0011_02_":{"x":631,"y":408,"width":68,"height":270}},
"tx_0011_01_":{"tx_0011_01_":{"x":732.5,"y":439,"width":135,"height":240}},
"tx_0010_04_":{"tx_0010_04_":{"x":478,"y":384.5,"width":102,"height":205}},
"tx_0010_03_":{"tx_0010_03_":{"x":563,"y":387.5,"width":68,"height":237}},
"tx_0010_02_":{"tx_0010_02_":{"x":631,"y":406,"width":68,"height":270}},
"tx_0010_01_":{"tx_0010_01_":{"x":732,"y":438.5,"width":134,"height":239}},
"tx_0009_04_":{"tx_0009_04_":{"x":478,"y":384.5,"width":102,"height":201}},
"tx_0009_03_":{"tx_0009_03_":{"x":563,"y":387,"width":68,"height":240}},
"tx_0009_02_":{"tx_0009_02_":{"x":631,"y":405,"width":68,"height":268}},
"tx_0009_01_":{"tx_0009_01_":{"x":731,"y":437.5,"width":132,"height":237}},
"tx_0008_04_":{"tx_0008_04_":{"x":478,"y":380.5,"width":102,"height":201}},
"tx_0008_03_":{"tx_0008_03_":{"x":563,"y":387,"width":68,"height":240}},
"tx_0008_02_":{"tx_0008_02_":{"x":631,"y":404,"width":68,"height":270}},
"tx_0008_01_":{"tx_0008_01_":{"x":731,"y":435,"width":132,"height":234}},
"tx_0007_04_":{"tx_0007_04_":{"x":478.5,"y":380,"width":101,"height":200}},
"tx_0007_03_":{"tx_0007_03_":{"x":563,"y":386.5,"width":68,"height":241}},
"tx_0007_02_":{"tx_0007_02_":{"x":631,"y":403,"width":68,"height":272}},
"tx_0007_01_":{"tx_0007_01_":{"x":731,"y":433.5,"width":132,"height":235}},
"tx_0006_04_":{"tx_0006_04_":{"x":478.5,"y":379.5,"width":101,"height":199}},
"tx_0006_03_":{"tx_0006_03_":{"x":563,"y":385.5,"width":68,"height":243}},
"tx_0006_02_":{"tx_0006_02_":{"x":631,"y":403,"width":68,"height":272}},
"tx_0006_01_":{"tx_0006_01_":{"x":730.5,"y":431.5,"width":131,"height":235}},
"tx_0005_04_":{"tx_0005_04_":{"x":464.5,"y":380.5,"width":129,"height":197}},
"tx_0005_03_":{"tx_0005_03_":{"x":563,"y":384.5,"width":68,"height":241}},
"tx_0005_02_":{"tx_0005_02_":{"x":631,"y":400.5,"width":68,"height":269}},
"tx_0005_01_":{"tx_0005_01_":{"x":729.5,"y":429.5,"width":129,"height":235}},
"tx_0004_04_":{"tx_0004_04_":{"x":464.5,"y":380.5,"width":129,"height":201}},
"tx_0004_03_":{"tx_0004_03_":{"x":563,"y":382,"width":68,"height":240}},
"tx_0004_02_":{"tx_0004_02_":{"x":631,"y":400.5,"width":68,"height":269}},
"tx_0004_01_":{"tx_0004_01_":{"x":728.5,"y":427.5,"width":127,"height":235}},
"tx_0003_04_":{"tx_0003_04_":{"x":479,"y":381.5,"width":100,"height":203}},
"tx_0003_03_":{"tx_0003_03_":{"x":563,"y":382,"width":68,"height":236}},
"tx_0003_02_":{"tx_0003_02_":{"x":631,"y":400.5,"width":68,"height":269}},
"tx_0003_01_":{"tx_0003_01_":{"x":727.5,"y":426.5,"width":125,"height":233}},
"tx_0002_04_":{"tx_0002_04_":{"x":479,"y":382.5,"width":100,"height":205}},
"tx_0002_03_":{"tx_0002_03_":{"x":563,"y":386,"width":68,"height":232}},
"tx_0002_02_":{"tx_0002_02_":{"x":631,"y":401.5,"width":68,"height":263}},
"tx_0002_01_":{"tx_0002_01_":{"x":726.5,"y":425.5,"width":123,"height":231}},
"tx_0001_04_":{"tx_0001_04_":{"x":479,"y":384,"width":100,"height":206}},
"tx_0001_03_":{"tx_0001_03_":{"x":563,"y":386,"width":68,"height":232}},
"tx_0001_02_":{"tx_0001_02_":{"x":631,"y":401.5,"width":68,"height":263}},
"tx_0001_01_":{"tx_0001_01_":{"x":728.5,"y":424.5,"width":127,"height":229}},
"tx_0000_04_":{"tx_0000_04_":{"x":479,"y":389,"width":100,"height":202}},
"tx_0000_03_":{"tx_0000_03_":{"x":563,"y":388,"width":68,"height":236}},
"tx_0000_02_":{"tx_0000_02_":{"x":631,"y":402.5,"width":68,"height":265}},
"tx_0000_01_":{"tx_0000_01_":{"x":731.5,"y":426,"width":133,"height":234}},
"word_01_":{"word_01_":{"x":403,"y":308,"width":210,"height":44}},
"star_02_":{"star_02_":{"x":400.5,"y":368,"width":41,"height":44}},
"star_01_":{"star_01_":{"x":400.5,"y":368,"width":41,"height":44}},
}}, "animations": { "animation": {} }}