{
"skeleton": { "hash": "8v5wmRj58Dw8huuJlQZesGEcPmQ", "spine": "2.1.27", "width": 412.32, "height": 614.95 },
"bones": [
	{ "name": "root", "scaleX": 0.5, "scaleY": 0.5 },
	{ "name": "WJ", "parent": "root", "x": -74.43, "y": 1.38 },
	{ "name": "doupeng_1_1", "parent": "WJ", "length": 236.07, "x": -11.58, "y": 641.53, "scaleX": 1.136, "rotation": -92.56 },
	{ "name": "doupeng_2_1", "parent": "WJ", "length": 252.81, "x": 64.69, "y": 647.18, "scaleX": 1.139, "rotation": -78.19 },
	{ "name": "tui", "parent": "WJ", "length": 434.94, "x": 22.76, "y": 2.63, "rotation": 102.52 },
	{ "name": "zhongxin", "parent": "WJ", "length": 169.01, "x": -57.62, "y": 430.56, "rotation": 92.7 },
	{ "name": "doupeng_1_2", "parent": "doupeng_1_1", "length": 241.84, "x": 236.07, "y": 0.62, "rotation": 6.73 },
	{ "name": "doupeng_2_2", "parent": "doupeng_2_1", "length": 268.01, "x": 253.56, "y": 1.04, "rotation": 12.48 },
	{ "name": "pijia_1_1", "parent": "zhongxin", "length": 136.98, "x": -18.14, "y": 76.04, "rotation": 176.87 },
	{ "name": "pijia_2_1", "parent": "zhongxin", "length": 151.73, "x": 2.09, "y": 7.8, "rotation": -168.75 },
	{ "name": "pijia_3_1", "parent": "zhongxin", "length": 153.71, "x": 15.84, "y": -58.35, "rotation": -163.34 },
	{ "name": "xiong", "parent": "zhongxin", "length": 138.59, "x": 169, "y": 1.05, "rotation": -12 },
	{ "name": "L_shou_1", "parent": "xiong", "length": 120.09, "x": 7.69, "y": 55.58, "rotation": 180 },
	{ "name": "R_shou_1", "parent": "xiong", "length": 174.43, "x": 135.98, "y": -115.64, "rotation": -94.95 },
	{ "name": "doupeng_1_3", "parent": "doupeng_1_2", "length": 172.79, "x": 241.85, "y": 0.58 },
	{ "name": "doupeng_2_3", "parent": "doupeng_2_2", "length": 210.6, "x": 268.86, "y": 3.16, "rotation": 15.29 },
	{ "name": "mao_1", "parent": "xiong", "length": 132.59, "x": 134.42, "y": -236.81, "rotation": -157.96 },
	{ "name": "pijia_1_2", "parent": "pijia_1_1", "length": 150.1, "x": 136.98, "y": -0.78, "rotation": 7.97 },
	{ "name": "pijia_2_2", "parent": "pijia_2_1", "length": 135.69, "x": 151.75, "y": 0.61, "rotation": 3.28 },
	{ "name": "pijia_3_2", "parent": "pijia_3_1", "length": 101.6, "x": 153.73, "y": 0.68, "rotation": 4.72 },
	{ "name": "tou", "parent": "xiong", "length": 134.28, "x": 145.35, "y": -1.21, "rotation": 11.22 },
	{ "name": "L_biaozi_1_", "parent": "tou", "length": 38.07, "x": 7.47, "y": 29.03, "rotation": 159.69 },
	{ "name": "L_shou_2", "parent": "L_shou_1", "length": 203.89, "x": 118.95, "y": 1.84, "rotation": -1.8 },
	{ "name": "R_biaozi_1_", "parent": "tou", "length": 63.78, "x": 7.24, "y": -44.96, "rotation": 153.79 },
	{ "name": "R_shou_2", "parent": "R_shou_1", "length": 133.15, "x": 178.36, "y": 8.76, "rotation": -153.43 },
	{ "name": "mao_2", "parent": "mao_1", "length": 117.95, "x": 133.17, "y": -0.64, "rotation": -3.15 },
	{ "name": "L_biaozi_2_", "parent": "L_biaozi_1_", "length": 46.26, "x": 38.07, "y": -0.17, "rotation": -24.54 },
	{ "name": "R_biaozi_2_", "parent": "R_biaozi_1_", "length": 74.49, "x": 63.78, "y": 0.06, "rotation": 9.82 },
	{ "name": "ying_1", "parent": "R_shou_2", "length": 68.77, "x": 51.23, "y": -46.95, "rotation": -132.87 },
	{ "name": "L_biaozi_3_", "parent": "L_biaozi_2_", "length": 65.1, "x": 47.56, "y": 0.5, "rotation": 30.22 },
	{ "name": "R_biaozi_3_", "parent": "R_biaozi_2_", "length": 59.57, "x": 74.92, "y": 0.2, "rotation": 12 },
	{ "name": "ying_2", "parent": "ying_1", "length": 98.78, "x": 107.4, "y": 51.49, "rotation": 42.4 },
	{ "name": "ying_4", "parent": "ying_1", "length": 88.03, "x": 46.06, "y": -72.45, "rotation": -123.79 },
	{ "name": "L_biaozi_4_", "parent": "L_biaozi_3_", "length": 58.71, "x": 65.1, "y": 0.35, "rotation": 9.38 },
	{ "name": "ying_3", "parent": "ying_2", "length": 49.57, "x": 99.29, "y": 0.95, "rotation": 48.59 }
],
"slots": [
	{ "name": "weijing_mao_", "bone": "root", "attachment": "weijing_mao_" },
	{ "name": "weijing_doupeng_", "bone": "root", "attachment": "weijing_doupeng_" },
	{ "name": "weijing_L_shoubi_", "bone": "root", "attachment": "weijing_L_shoubi_" },
	{ "name": "weijing_shenti_", "bone": "root", "attachment": "weijing_shenti_" },
	{ "name": "weijing_qunbai_", "bone": "root", "attachment": "weijing_qunbai_" },
	{ "name": "weijing_tou_", "bone": "root", "attachment": "weijing_tou_" },
	{ "name": "weijing_R_shou_", "bone": "root", "attachment": "weijing_R_shou_" },
	{ "name": "weijing_ying_", "bone": "root", "attachment": "weijing_ying_" }
],
"skins": {
	"default": {
		"weijing_L_shoubi_": {
			"weijing_L_shoubi_": {
				"type": "skinnedmesh",
				"uvs": [ 1, 0.20575, 1, 1, 0.61241, 1, 0.36112, 1, 0, 1, 0, 0.80782, 0, 0.65226, 0, 0, 0.4537, 0, 0.83726, 0, 1, 0, 0.28617, 0.16398, 0.64639, 0.18506, 0.58155, 0.31234, 0.28617, 0.29793, 0.86812, 0.33682, 0.8593, 0.41316, 0.2024, 0.36419, 0.53008, 0.38862, 0.30821, 0.66234, 0.0966, 0.50102, 0.41494, 0.53067, 0.7094, 0.55864, 0.608, 0.68395, 0.26853, 0.80926, 0.62123, 0.81502, 0.28617, 0.25905, 0.59785, 0.28034, 0.90599, 0.29918 ],
				"triangles": [ 2, 25, 1, 25, 22, 1, 22, 16, 1, 0, 1, 16, 16, 15, 28, 2, 3, 25, 4, 24, 3, 3, 24, 25, 4, 5, 24, 24, 19, 25, 19, 23, 25, 25, 23, 22, 19, 24, 6, 24, 5, 6, 19, 21, 23, 23, 21, 22, 6, 20, 19, 19, 20, 21, 6, 7, 20, 21, 18, 22, 22, 18, 16, 20, 17, 21, 21, 17, 18, 20, 7, 17, 18, 13, 16, 16, 13, 15, 17, 14, 18, 18, 14, 13, 17, 26, 14, 16, 28, 0, 17, 11, 26, 17, 7, 11, 13, 27, 15, 15, 27, 28, 27, 13, 26, 27, 12, 28, 28, 12, 0, 13, 14, 26, 12, 27, 11, 27, 26, 11, 12, 9, 0, 9, 10, 0, 11, 8, 12, 12, 8, 9, 11, 7, 8 ],
				"vertices": [ 2, 12, 69.79, 48.53, 0.9631, 22, -50.59, 45.11, 0.03689, 1, 22, 223.74, 98.97, 1, 1, 22, 232.32, 55.23, 1, 1, 22, 237.89, 26.87, 1, 1, 22, 245.89, -13.87, 1, 1, 22, 179.51, -26.9, 1, 1, 22, 125.78, -37.45, 1, 1, 12, 16.91, -76.66, 1, 1, 12, 8.47999, -25.17, 1, 1, 12, 1.35, 18.35, 1, 1, 12, -1.67, 36.82, 1, 2, 12, 68.56, -34.84999, 0.98123, 22, -49.2, -38.25999, 0.01876, 1, 12, 69.18, 7.22, 1, 2, 12, 114.6, 7.11, 0.48051, 22, -4.51, 5.12, 0.51948, 2, 12, 115.09, -27.22, 0.46657, 22, -2.94, -29.18, 0.53342, 2, 12, 117.77, 41.02, 0.49633, 22, -2.4, 39.12, 0.50366, 2, 12, 144.46, 44.37, 0.19913, 22, 24.16, 43.3, 0.80086, 2, 12, 139.66, -32.96, 0.23781, 22, 21.79, -34.14, 0.76218, 1, 22, 22.97, 4.48, 1, 1, 22, 122.43, -1.98, 1, 1, 22, 71.4, -36.8, 1, 1, 22, 74.58999, 1.12, 1, 1, 22, 77.73, 36.25, 1, 1, 22, 123.25, 33.3, 1, 1, 22, 174.06, 3.49, 1, 1, 22, 168.23, 43.68, 1, 2, 12, 101.58, -29.44, 0.75395, 22, -16.37, -31.82, 0.24604, 1, 12, 103.18, 7.14, 1, 2, 12, 103.99, 43.18, 0.61249, 22, -16.24, 40.84, 0.3875 ],
				"hull": 11
			}
		},
		"weijing_R_shou_": {
			"weijing_R_shou_": {
				"type": "skinnedmesh",
				"uvs": [ 1, 0.32712, 1, 0.58829, 1, 1, 0.20483, 1, 0.11682, 1, 0, 1, 0, 0.77926, 0, 0.48439, 0, 0, 0.54827, 0, 0.83375, 0, 1, 0, 0.24991, 0.22883, 0.95396, 0.16704, 0.57617, 0.36644, 0.03955, 0.90844, 0.85092, 0.77926, 0.54612, 0.83824 ],
				"triangles": [ 13, 10, 11, 12, 8, 9, 13, 11, 0, 14, 9, 10, 14, 10, 13, 14, 13, 0, 12, 9, 14, 7, 8, 12, 14, 0, 1, 14, 6, 7, 16, 14, 1, 12, 14, 7, 17, 14, 16, 14, 15, 6, 17, 15, 14, 5, 6, 15, 3, 4, 15, 5, 15, 4, 17, 3, 15, 16, 1, 2, 17, 16, 2, 3, 17, 2 ],
				"vertices": [ 1, 24, -8.59, -7.2, 1, 1, 24, -1.89, 23.4, 1, 1, 24, 8.64999, 71.67, 1, 1, 24, 130.61, 44.99, 1, 1, 24, 144.11, 42.04, 1, 1, 24, 162.03, 38.12, 1, 1, 24, 156.37, 12.24, 1, 1, 24, 148.81, -22.32, 1, 1, 24, 136.39, -79.1, 1, 1, 24, 52.3, -60.71, 1, 1, 24, 8.51, -51.13, 1, 1, 24, -16.98, -45.55, 1, 1, 24, 103.92, -43.89, 1, 1, 24, -5.63, -27.51, 1, 1, 24, 57.41, -16.81, 1, 1, 24, 153.61, 28.71, 1, 1, 24, 25.86, 40.79, 1, 1, 24, 74.12, 37.48, 1 ],
				"hull": 12
			}
		},
		"weijing_doupeng_": {
			"weijing_doupeng_": {
				"type": "skinnedmesh",
				"uvs": [ 1, 0.84666, 1, 1, 0.72453, 1, 0.28456, 1, 0, 1, 0, 0.93675, 0, 0, 0.38191, 0, 0.42869, 0, 1, 0, 0.06584, 0.03718, 0.47926, 0.13522, 0.29017, 0.01079, 0.32502, 0.16039, 0.5665, 0.326, 0.38065, 0.38164, 0.47673, 0.63336, 0.70051, 0.52738, 0.85728, 0.71418, 0.59684, 0.85329, 0.16698, 0.18689, 0.14741, 0.02758, 0.19732, 0.42006, 0.23652, 0.69696, 0.26812, 0.92881, 0.04561, 0.19881, 0.03044, 0.42404, 0.02032, 0.70888 ],
				"triangles": [ 18, 9, 0, 3, 19, 2, 2, 18, 0, 2, 19, 18, 19, 17, 18, 2, 0, 1, 19, 16, 17, 23, 15, 16, 16, 14, 17, 16, 15, 14, 7, 8, 11, 18, 17, 9, 17, 14, 9, 22, 13, 15, 22, 20, 13, 15, 11, 14, 15, 13, 11, 14, 11, 9, 20, 12, 13, 13, 7, 11, 13, 12, 7, 11, 8, 9, 12, 6, 7, 4, 5, 24, 24, 5, 27, 4, 24, 3, 3, 24, 19, 24, 27, 23, 24, 23, 16, 24, 16, 19, 27, 5, 26, 23, 27, 22, 27, 26, 22, 23, 22, 15, 20, 21, 12, 21, 6, 12, 6, 25, 26, 26, 25, 22, 25, 20, 22, 25, 10, 20, 10, 21, 20, 25, 6, 10, 10, 6, 21, 5, 6, 26 ],
				"vertices": [ 1, 15, 260.11, 229.04, 1, 1, 15, 339.05, 163.75, 1, 1, 15, 216.13, 15.13, 1, 1, 14, 170.95, 63.53, 1, 1, 14, 156.48, -135.13, 1, 1, 14, 114.35, -132.06, 1, 1, 2, -19.95999, -116.09, 1, 1, 3, -3.47, 78.33, 1, 1, 3, 3.22, 110.39, 1, 5, 2, -50.95, 583.21, 2.0E-5, 14, -458.93, 611.54, 0, 3, 85.09, 501.86, 0.67222, 7, -56.24, 525.43, 0.30627, 15, -175.79, 589.56, 0.02147, 1, 2, 2.81, -68.94, 1, 5, 2, 55.42, 223.06, 2.0E-5, 14, -395.31, 241.41, 0, 3, 98.89, 126.55, 0.84537, 7, -123.89, 155.98, 0.15302, 15, -338.53, 251.04, 0.00156, 1, 3, -9.56, 13.99, 1, 1, 3, 93.25, 17.42, 1, 5, 2, 180.03, 289.7, 0, 14, -263.77, 293.07, 0, 3, 236.15, 160.24, 0.51213, 7, 17.4, 159.21, 0.46066, 15, -201.38, 216.87, 0.02718, 3, 3, 245.9, 25.28, 0.56524, 7, -2.24, 25.32, 0.4343, 15, -255.66, 92.9, 4.4E-4, 1, 7, 178.71, 17.44, 1, 5, 2, 310.27, 389.38, 1.0E-5, 14, -122.79, 376.86, 0, 3, 387.03, 224.53, 0.36085, 7, 178.63, 189.37, 0.48771, 15, -37.9, 203.42, 0.15141, 5, 2, 430.07, 504.54, 0, 14, 9.63, 477.26, 0, 3, 531.65, 306.41, 0.20251, 7, 337.53, 238.06, 0.33477, 15, 128.22, 208.46, 0.4627, 1, 15, 83.62, 8.71, 1, 2, 2, 99.58, 6.2, 0.96, 3, 87.93, -94.49, 0.04, 2, 2, -6.11, -12.18, 0.96, 3, -19.03, -86.11, 0.04, 6, 2, 254.25, 34.32, 0.11011, 6, 21.98, 31.34, 0.60568, 14, -219.86, 30.76, 2.0E-5, 3, 244.76, -105.58, 0.13878, 7, -31.65, -102.21, 0.14539, 15, -317.68, -22.35, 0, 5, 6, 208.46, 45.28, 0.57659, 14, -33.39, 44.69, 0.21782, 3, 431.43, -116.59, 0, 7, 148.24, -153.31, 0.19621, 15, -157.63, -119.11, 0.00935, 1, 14, 122.68, 55.51, 1, 1, 2, 111.3, -78.31, 1, 3, 2, 262.07, -82.26, 0.33177, 6, 16.15, -85.35, 0.66822, 3, 223.44, -220.48, 0, 3, 6, 205.41, -106.23, 0.6927, 14, -36.43, -106.82, 0.30728, 3, 408.25, -266.36, 0 ],
				"hull": 10
			}
		},
		"weijing_mao_": {
			"weijing_mao_": {
				"type": "skinnedmesh",
				"uvs": [ 1, 0.35132, 1, 0.70252, 1, 1, 0.79385, 1, 0.59034, 1, 0.39555, 1, 0, 1, 0, 0.3834, 0, 0, 0.20658, 0, 0.67174, 0, 1, 0, 0.44207, 0.23651, 0.83455, 0.09805, 0.56999, 0.51173, 0.07575, 0.65693, 0.64849, 0.79708, 0.22984, 0.86461 ],
				"triangles": [ 3, 1, 2, 4, 16, 3, 3, 16, 1, 4, 5, 16, 6, 17, 5, 5, 17, 16, 6, 15, 17, 6, 7, 15, 16, 17, 14, 17, 15, 14, 16, 14, 1, 14, 0, 1, 15, 7, 12, 14, 12, 13, 7, 9, 12, 7, 8, 9, 13, 11, 0, 12, 10, 13, 12, 9, 10, 13, 10, 11, 15, 12, 14, 14, 13, 0 ],
				"vertices": [ 2, 16, 107.54, 74.69999, 0.37, 25, -29.72, 73.82, 0.63, 1, 25, 60.31, 58.6, 1, 1, 25, 136.58, 45.72, 1, 1, 25, 131.39, 15.02, 1, 1, 25, 126.27, -15.27, 1, 1, 25, 121.37, -44.28, 1, 1, 25, 111.42, -103.17, 1, 1, 16, 82.39, -74.43, 1, 1, 16, -14.84, -52.45, 1, 1, 16, -7.97, -22.02, 1, 1, 16, 7.51, 46.48, 1, 1, 16, 18.44, 94.83, 1, 1, 16, 59.85, -0.89, 1, 1, 16, 37.8, 64.83999, 1, 2, 16, 133.91, 2.17, 0.37, 25, 0.58, 2.84, 0.63, 2, 16, 154.29, -78.94999, 0.37, 25, 25.37, -77.03, 0.63, 1, 25, 75.71, 2.17, 1, 1, 25, 82.49, -63.08, 1 ],
				"hull": 12
			}
		},
		"weijing_qunbai_": {
			"weijing_qunbai_": {
				"type": "skinnedmesh",
				"uvs": [ 1, 0.50185, 1, 0.64108, 1, 1, 0.45657, 1, 0.39847, 1, 0.2063, 1, 0.18201, 1, 0, 1, 0, 0.73975, 0, 0.5572, 0, 0.49661, 0, 0, 0.52259, 0, 0.59654, 0, 0.78536, 0, 1, 0, 0.40243, 0.24137, 0.48826, 0.48389, 0.26539, 0.54992, 0.59522, 0.70844, 0.34598, 0.83016, 0.69689, 0.86787, 0.34962, 0.02244, 0.20305, 0.05163, 0.65199, 0.18973, 0.84372, 0.13647, 0.73914, 0.40305, 0.92134, 0.31793, 0.83817, 0.5928, 0.91954, 0.71142, 0.18809, 0.0566, 0.20658, 0.28473, 0.25661, 0.5522, 0.03643, 0.14598, 0.01428, 0.31552, 0.20815, 0.56166, 0.21278, 0.80792, 0.22143, 0.28285, 0.19542, 0.05416, 0.21379, 0.28422 ],
				"triangles": [ 21, 29, 2, 29, 1, 2, 21, 28, 29, 29, 28, 1, 19, 26, 28, 28, 0, 1, 28, 26, 0, 24, 16, 12, 26, 27, 0, 27, 15, 0, 17, 24, 26, 26, 25, 27, 26, 24, 25, 27, 25, 15, 24, 12, 13, 24, 14, 25, 24, 13, 14, 25, 14, 15, 5, 20, 4, 36, 32, 20, 32, 18, 20, 3, 21, 2, 19, 21, 3, 19, 3, 20, 20, 3, 4, 21, 19, 28, 19, 18, 17, 19, 20, 18, 19, 17, 26, 39, 37, 18, 17, 18, 37, 38, 23, 37, 16, 37, 23, 23, 11, 22, 17, 37, 16, 17, 16, 24, 16, 23, 22, 16, 22, 12, 22, 11, 12, 38, 37, 39, 32, 39, 18, 39, 32, 35, 20, 5, 36, 5, 6, 36, 36, 6, 8, 6, 7, 8, 8, 35, 36, 36, 35, 32, 8, 9, 35, 35, 9, 10, 38, 11, 23, 39, 31, 30, 30, 31, 33, 31, 10, 34, 34, 10, 11, 34, 33, 31, 34, 11, 33, 33, 11, 30, 31, 35, 10, 30, 11, 38, 35, 31, 39, 39, 30, 38 ],
				"vertices": [ 3, 17, 21.45, 254.24, 0, 10, 195.76, 58.81, 0.19762, 19, 46.68, 54.47, 0.80237, 3, 17, 67.55, 248.13, 0, 10, 239.64, 43.39, 0.00608, 19, 89.13, 35.48, 0.99391, 1, 19, 198.58, -13.46, 1, 1, 18, 158.36, -55.05, 1, 1, 18, 153.47, -70.81, 1, 2, 17, 156.78, 8.93, 0.95422, 18, 137.3, -122.94, 0.04577, 2, 17, 155.88, 2.08999, 0.99443, 18, 135.25, -129.53, 0.00556, 1, 17, 149.09, -49.14, 1, 1, 17, 62.92, -37.73, 1, 2, 8, 143.55, -29.87, 0.38877, 17, 2.47, -29.72, 0.61122, 2, 8, 123.32, -30.02, 0.759, 17, -17.58, -27.06, 0.24099, 2, 8, -42.54, -31.26, 0.98778, 9, -42.41, -90.61, 0.01221, 1, 10, -7.35, -13.5, 1, 1, 10, -0.39, 6.31, 1, 3, 8, -44.2, 191.76, 0, 17, -152.71, 215.83, 0, 10, 17.39, 56.9, 0.99999, 4, 8, -44.66, 252.72, 0, 17, -144.71, 276.26, 0, 10, 37.61, 114.42, 0.99988, 19, -106.35, 122.91, 1.1E-4, 2, 9, 63.37, 0.89, 0.99999, 19, -102.04, -64.94, 0, 2, 9, 147.87, 5.03, 0.5, 18, -3.61, 4.63, 0.5, 4, 9, 154.02, -61.71, 0.61952, 18, -1.30999, -62.36, 0.37977, 10, 141.7, -143.34, 6.6E-4, 19, -23.84, -142.55, 3.0E-5, 2, 18, 77.01999, 11.41, 0.86492, 19, 62.74, -78.65, 0.13507, 1, 18, 94.87, -68.24, 1, 2, 18, 136.44, 23.21, 0.9096, 19, 123.14, -74.03, 0.09039, 1, 9, -11.21, 3.95, 1, 1, 9, -11.77, -38.79, 1, 1, 10, 64.62, 0.15, 1, 4, 8, 1.24, 208.68, 0, 17, -105.35, 226.27, 0, 10, 65.9, 57.42, 0.98418, 19, -82.85, 63.78, 0.01581, 1, 10, 140.05, -0.13, 1, 4, 8, 61.69, 231.17, 0, 17, -42.37, 240.16, 0, 10, 130.4, 58.11, 0.83832, 19, -18.52, 59.16, 0.16167, 1, 19, 55.65, 0.11, 1, 1, 19, 101.26, 5.02, 1, 1, 8, -24.03, 22.28, 1, 1, 8, 52.11, 28.11, 1, 4, 9, 154.16, -64.32, 0.61952, 18, -1.32, -64.96, 0.37977, 10, 141.6, -145.95, 6.6E-4, 19, -24.16, -145.14, 3.0E-5, 1, 8, 6.13, -20.54999, 1, 1, 8, 62.81, -26.42, 1, 6, 8, 144.6, 29.24, 0.18378, 17, 11.72, 28.68, 0.64209, 9, 153.91, -78.44, 0.06719, 18, -2.38, -79.05, 0.10684, 10, 140.01, -159.98, 7.0E-5, 19, -26.9, -158.99, 0, 2, 17, 93.43, 19.18, 0.90214, 18, 76.56, -102.17, 0.09785, 1, 9, 64.43, -52.34, 1, 2, 8, -24.86, 24.36, 0.53999, 9, -11.47, -41.09999, 0.46, 2, 8, 51.93, 30.15, 0.53999, 9, 64.35, -54.55, 0.46 ],
				"hull": 16
			}
		},
		"weijing_shenti_": {
			"weijing_shenti_": {
				"type": "skinnedmesh",
				"uvs": [ 1, 1, 0.75222, 1, 0.57323, 1, 0.2369, 1, 0.07174, 1, 0, 1, 0, 0.65718, 0, 0.25038, 0, 0.16722, 0, 0, 0.50214, 0, 0.58577, 0, 1, 0, 0.41217, 0.0458, 0.38556, 0.14098, 0.44132, 0.20687, 0.65799, 0.20028, 0.86833, 0.17466, 0.74162, 0.01652, 0.57943, 0.55025, 0.64699, 0.74101, 0.71464, 0.87825, 0.40605, 0.0677, 0.43681, 0.07674, 0.39092, 0.12183, 0.39307, 0.11413, 0.41384, 0.10917, 0.43441, 0.09698, 0.0451, 0.07843, 0.18251, 0.02581, 0.04591, 0.37205, 0.51239, 0.36376, 0.04394, 0.42751, 0.17601, 0.4152, 0.16855, 0.36527, 0.19427, 0.08278, 0.14864, 0.25139, 0.60901, 0.24724, 0.5104, 0.41373, 0.41309, 0.41416, 0.02243, 0.50828, 0.18237, 0.49153, 0.4269, 0.48349, 0.54436, 0.48036, 0.65234, 0.2057, 0.44093, 0.21053, 0.39329, 0.12148, 0.38745, 0.14108, 0.41765, 0.24825, 0.40485, 0.36008, 0.41524, 0.11076, 0.43829, 0.09712, 0.43947, 0.07548, 0.40645, 0.06628, 0.39473, 0.11571, 0.59654, 0.05759, 0.5762, 0.20277, 0.57456, 0.20748, 0.58449, 0.14364, 0.72942, 0.14442, 0.71642, 0.19317, 0.73656, 0.06429, 0.90618, 0.1424, 0.87078, 0.08876, 0.1926, 0.76834, 0.47358, 0.74515, 0.02528, 0.77783 ],
				"triangles": [ 58, 47, 50, 50, 51, 58, 55, 51, 52, 44, 60, 17, 58, 15, 47, 17, 62, 0, 62, 12, 0, 60, 59, 17, 59, 16, 58, 17, 59, 62, 59, 63, 62, 58, 55, 59, 59, 61, 63, 59, 55, 61, 58, 51, 55, 62, 63, 12, 61, 18, 63, 63, 18, 12, 61, 55, 18, 10, 11, 55, 55, 11, 18, 18, 11, 12, 56, 15, 58, 44, 16, 60, 44, 56, 16, 56, 58, 16, 60, 16, 59, 13, 10, 55, 37, 17, 19, 0, 1, 21, 0, 21, 20, 2, 21, 1, 3, 65, 2, 2, 20, 21, 2, 65, 20, 4, 64, 3, 3, 64, 65, 5, 66, 4, 4, 66, 64, 5, 6, 66, 66, 6, 64, 64, 6, 41, 6, 40, 41, 64, 42, 65, 64, 41, 42, 65, 19, 20, 19, 42, 43, 19, 65, 42, 17, 20, 19, 6, 7, 40, 19, 43, 37, 40, 32, 41, 41, 39, 42, 42, 38, 43, 17, 0, 20, 40, 7, 32, 43, 31, 37, 32, 33, 41, 41, 33, 39, 42, 39, 38, 38, 31, 43, 33, 30, 34, 33, 32, 30, 32, 7, 30, 33, 49, 39, 33, 34, 49, 38, 39, 31, 31, 39, 49, 30, 36, 34, 49, 34, 48, 49, 48, 31, 30, 7, 36, 31, 48, 37, 48, 34, 36, 53, 29, 13, 53, 35, 29, 37, 44, 17, 36, 8, 28, 36, 14, 48, 36, 35, 14, 36, 28, 35, 36, 7, 8, 48, 57, 37, 48, 45, 57, 48, 14, 45, 37, 57, 44, 45, 15, 57, 45, 14, 15, 57, 56, 44, 8, 9, 28, 47, 24, 46, 47, 14, 24, 14, 35, 24, 24, 35, 25, 54, 25, 26, 25, 22, 26, 25, 35, 22, 50, 26, 27, 26, 22, 27, 27, 23, 51, 27, 22, 23, 28, 29, 35, 22, 35, 53, 22, 53, 23, 50, 47, 46, 46, 54, 50, 54, 26, 50, 50, 27, 51, 51, 23, 52, 23, 53, 52, 53, 13, 52, 52, 13, 55, 15, 14, 47, 57, 15, 56, 13, 29, 10, 28, 9, 29, 29, 9, 10 ],
				"vertices": [ 1, 4, -61.12, -256.4, 1, 1, 4, -36.75999, -146.83, 1, 1, 4, -19.16, -67.68, 1, 1, 4, 13.9, 81.04, 1, 1, 4, 30.14, 154.07, 1, 1, 4, 37.18999, 185.8, 1, 1, 4, 299.56, 127.46, 1, 2, 11, -29.01, 96.57, 0.38, 5, 160.74, 101.55, 0.62, 1, 11, 35.32, 107.11, 1, 1, 20, 44.19, 123.28, 1, 2, 20, 36.56, -104.06, 0.2, 13, -25.04, 63.59, 0.8, 1, 13, 11.68, 72.9, 1, 1, 13, 193.58, 119.03, 1, 1, 11, 159.45, -61.74, 1, 1, 11, 83.86, -61.91, 1, 2, 11, 36.97, -95.19, 0.51, 13, -11.88, -100.4, 0.49, 1, 13, 82, -71.26999, 1, 1, 13, 169.43, -28.37, 1, 1, 13, 83.3, 77.69999, 1, 1, 4, 324.42, -146.95, 1, 1, 4, 171.78, -144.37, 1, 1, 4, 60.1, -150.93, 1, 1, 11, 142.06, -61.78, 1, 1, 11, 137.32, -76.68, 1, 1, 11, 99.07, -61.88, 1, 1, 11, 105.18, -61.87, 1, 1, 11, 110.55, -70.51999, 1, 1, 11, 121.49, -78.17, 1, 1, 11, 107.32, 98.2, 1, 1, 20, 21.19, 41.32, 1, 1, 5, 64.46, 85.29, 1, 1, 5, 60.96, -126.08, 1, 2, 5, 21.08, 88.24, 0.87, 4, 471, 68.94999, 0.13, 2, 5, 27.88, 28.02, 0.87, 4, 467.44, 8.45, 0.13, 1, 5, 67.15, 29.55, 1, 1, 11, 114.88, 30.97, 1, 2, 11, -18.9, 30, 0.38, 5, 156.76, 34.33, 0.62, 2, 11, 18.02, -175.27, 0.38, 5, 150.13, -174.13, 0.62, 2, 5, 21.86, -123.33, 0.87, 4, 435.69, -139.66, 0.13, 2, 5, 23.62, -79.28, 0.87, 4, 444.93, -96.55, 0.13, 2, 5, -41.7, 100.97, 0.09, 4, 411.3, 92.2, 0.91, 2, 5, -32.00999, 27.98, 0.09, 4, 408.4, 18.62999, 0.91, 2, 5, -30.97, -82.96, 0.09, 4, 390.51, -90.86, 0.91, 2, 5, -31.03, -136.22, 0.09, 4, 381.36, -143.34, 0.91, 1, 11, 53.33, -189.38, 1, 1, 11, 34.11, -95.48, 1, 1, 11, 99.52, -62.9, 1, 2, 11, 83.93, -62.77, 0.74, 13, -48.21, -56.4, 0.26, 2, 11, 3.22, -89.86, 0.38, 5, 153.44, -87.5, 0.62, 1, 5, 66.14, -77.56, 1, 2, 11, 109.42, -71.35, 0.74, 13, -41.84999, -30.26, 0.26, 2, 11, 121.66, -79.92, 0.74, 13, -34.36, -17.33, 0.26, 2, 11, 138.48, -77.71, 0.74, 13, -38.00999, -0.75, 0.26, 2, 11, 143.19, -61.78, 0.74, 13, -54.28, 2.55, 0.26, 2, 11, 104.09, -62.81, 0.74, 13, -49.9, -36.31, 0.26, 1, 13, 27.51, 30.33, 1, 1, 13, 46.56, -82.26999, 1, 1, 11, 46.26, -154.83, 1, 1, 13, 38.8, -36.41, 1, 1, 13, 102.6, -20.85, 1, 1, 13, 106.28, -59.35, 1, 1, 13, 90.29, 40.83, 1, 1, 13, 179.83, 0.35, 1, 1, 13, 153.95, 37.16999, 1, 1, 4, 195.54, 61.2, 1, 1, 4, 185.67, -66.98, 1, 1, 4, 204.73, 136.81, 1 ],
				"hull": 13
			}
		},
		"weijing_tou_": {
			"weijing_tou_": {
				"type": "skinnedmesh",
				"uvs": [ 1, 0.11169, 1, 0.28811, 1, 0.59656, 1, 0.62182, 1, 1, 0.47497, 1, 0.43701, 1, 0.39454, 1, 0, 1, 0, 0.99595, 0, 0.95529, 0, 0, 0.67933, 0, 0.82333, 0, 1, 0, 0.57276, 0.65372, 0.69366, 0.66223, 0.51368, 0.81926, 0.41064, 0.81234, 0.38866, 0.8645, 0.50132, 0.86663, 0.38826, 0.92022, 0.48126, 0.91876, 0.49634, 0.96112, 0.38323, 0.96258, 0.26384, 0.64706, 0.34427, 0.66313, 0.31662, 0.70208, 0.22362, 0.68893, 0.18215, 0.72253, 0.27264, 0.74493, 0.17335, 0.77366, 0.10423, 0.74152, 0.14068, 0.80677, 0.03637, 0.79654, 0.02003, 0.8428, 0.10408, 0.84567, 0.08752, 0.89006, 0.01204, 0.89006, 0.07186, 0.92752, 0.00862, 0.92607, 0.06202, 0.95802, 0.06436, 0.99159, 0.35434, 0.68551, 0.42164, 0.70072, 0.50127, 0.69507, 0.53935, 0.6885, 0.27191, 0.59706, 0.20681, 0.46684, 0.15685, 0.30672, 0.11054, 0.03297, 0.22008, 0.01896, 0.4069, 0.26775, 0.56646, 0.28736, 0.77079, 0.14109, 0.87392, 0.46905, 0.31694, 0.60405, 0.59339, 0.6134, 0.7129, 0.61013, 0.70004, 0.64496, 0.44741, 0.46764, 0.4392, 0.60818, 0.24266, 0.66912, 0.33012, 0.68306, 0.65198, 0.7018, 0.4979, 0.7209, 0.59818, 0.74216, 0.44653, 0.76367, 0.54948, 0.78042, 0.03226, 0.99377, 0.02743, 0.9565, 0.03593, 0.9267, 0.0498, 0.89006, 0.05721, 0.84407, 0.08073, 0.80089, 0.14097, 0.7586, 0.21985, 0.73186, 0.27466, 0.69615, 0.29086, 0.6768, 0.30823, 0.65593, 0.64649, 0.61195, 0.63421, 0.65805, 0.59928, 0.69558, 0.54952, 0.73184, 0.49374, 0.77135, 0.46301, 0.81586, 0.44353, 0.86554, 0.43258, 0.91952, 0.43562, 0.9619, 0.55079, 0.17179 ],
				"triangles": [ 7, 24, 88, 42, 24, 7, 5, 6, 88, 7, 88, 6, 23, 5, 88, 87, 86, 22, 21, 19, 87, 27, 19, 21, 23, 22, 20, 88, 87, 22, 88, 21, 87, 24, 33, 21, 88, 22, 23, 88, 24, 21, 20, 66, 23, 5, 23, 4, 22, 86, 20, 87, 19, 86, 18, 44, 67, 18, 67, 85, 85, 84, 17, 20, 17, 68, 67, 44, 65, 20, 68, 66, 85, 67, 84, 17, 84, 68, 84, 67, 65, 68, 84, 83, 86, 18, 85, 20, 85, 17, 63, 18, 19, 19, 18, 86, 86, 85, 20, 65, 46, 83, 66, 83, 82, 84, 65, 83, 68, 83, 66, 40, 38, 71, 71, 72, 39, 40, 10, 38, 70, 40, 71, 10, 40, 70, 41, 71, 39, 70, 71, 41, 42, 41, 39, 69, 70, 41, 69, 41, 42, 9, 10, 70, 9, 70, 69, 8, 9, 69, 8, 69, 42, 71, 38, 72, 39, 72, 37, 38, 10, 35, 39, 37, 24, 42, 39, 24, 7, 8, 42, 11, 34, 35, 37, 36, 33, 73, 34, 74, 36, 74, 33, 35, 34, 73, 73, 74, 36, 37, 73, 36, 72, 35, 73, 72, 73, 37, 38, 35, 72, 24, 37, 33, 32, 34, 49, 75, 32, 29, 31, 75, 76, 28, 29, 32, 76, 29, 28, 30, 76, 77, 75, 29, 76, 31, 76, 30, 28, 32, 48, 74, 32, 75, 33, 75, 31, 21, 31, 30, 21, 33, 31, 33, 74, 75, 74, 34, 32, 62, 25, 78, 78, 79, 63, 28, 48, 62, 77, 62, 78, 28, 62, 77, 27, 78, 63, 77, 78, 27, 76, 28, 77, 30, 77, 27, 63, 19, 27, 21, 30, 27, 51, 11, 12, 50, 11, 51, 13, 14, 0, 54, 12, 13, 54, 13, 0, 89, 51, 12, 89, 12, 54, 52, 51, 89, 53, 89, 54, 52, 89, 53, 54, 0, 1, 53, 54, 1, 49, 50, 51, 49, 51, 52, 48, 49, 52, 60, 52, 53, 48, 52, 60, 55, 53, 1, 60, 53, 55, 55, 1, 2, 56, 47, 48, 60, 56, 48, 61, 56, 60, 55, 80, 60, 60, 57, 61, 55, 58, 80, 80, 57, 60, 55, 2, 3, 58, 55, 3, 59, 80, 58, 59, 58, 3, 47, 62, 48, 15, 61, 57, 56, 25, 47, 79, 25, 56, 81, 57, 80, 81, 80, 59, 15, 57, 81, 16, 81, 59, 26, 56, 61, 79, 56, 26, 25, 62, 47, 78, 25, 79, 63, 79, 26, 44, 43, 26, 63, 26, 43, 15, 45, 61, 46, 45, 15, 61, 44, 26, 82, 15, 81, 46, 15, 82, 45, 44, 61, 64, 81, 16, 82, 81, 64, 65, 44, 45, 65, 45, 46, 48, 32, 49, 83, 46, 82, 11, 49, 34, 49, 11, 50, 66, 82, 64, 18, 43, 44, 18, 63, 43, 35, 10, 11, 16, 59, 3, 4, 16, 3, 64, 16, 4, 66, 64, 4, 4, 23, 66 ],
				"vertices": [ 1, 20, 312.65, -135.87, 1, 1, 20, 211.62, -132.47, 1, 1, 20, 34.97, -126.54, 1, 1, 20, 20.51, -126.06, 1, 1, 20, -196.05, -118.79, 1, 1, 30, 69.48, 11.68, 1, 1, 30, 69.83999, 3.26, 1, 1, 30, 70.24, -6.15, 1, 1, 33, 64.03, -5.56, 1, 1, 33, 61.72, -5.69, 1, 1, 33, 38.46, -7.04, 1, 1, 20, 384.06, 83.85, 1, 1, 20, 379, -66.86, 1, 1, 20, 377.93, -98.81, 1, 1, 20, 376.61, -138.01, 1, 1, 20, 5.42, -30.65, 1, 1, 20, -0.34, -57.31, 1, 1, 27, 38.03, 8.56, 1, 1, 27, 39.9, -14.57, 1, 2, 27, 70.06, -11.84, 0.8, 30, -7.26, -10.78, 0.2, 2, 27, 65, 12.67, 0.8, 30, -7.11, 14.25, 0.2, 1, 30, 24.63, -9.5, 1, 1, 30, 22.91, 11.08, 1, 1, 30, 47.02, 15.46, 1, 1, 30, 48.93, -9.58, 1, 2, 20, 11.54, 37.75, 0.93, 21, -0.79, -9.59, 0.07, 1, 20, 1.74, 20.20999, 1, 2, 21, 25.43, 11.46, 0.93, 26, -16.34, 5.34, 0.07, 2, 21, 24.79, -10.5, 0.93, 26, -7.79, -14.9, 0.07, 2, 21, 45.96, -13.16, 0.14999, 26, 12.56, -8.53, 0.85, 2, 21, 51.81, 9.93999, 0.14999, 26, 8.28, 14.91, 0.85, 1, 26, 35.34999, 9.97999, 1, 1, 26, 32.31, -13.79, 1, 2, 26, 54.18, 17.58, 0.25, 29, 14.31, 11.43, 0.75, 2, 26, 65.66, -3.35, 0.25, 29, 13.69, -12.44, 0.75, 1, 29, 40.34, -10.14999, 1, 1, 29, 37.84, 8.39999, 1, 2, 29, 63.46, 10.42, 0.42, 33, 0.02, 10.18999, 0.58, 2, 29, 67.15, -5.92, 0.42, 33, 0.99, -6.53, 0.58, 1, 33, 21.65, 7.96, 1, 1, 33, 21.63, -6.09, 1, 1, 33, 39.22, 6.79, 1, 1, 33, 58.4, 8.42, 1, 1, 20, -11.15, 18.41, 1, 1, 20, -20.36, 3.77, 1, 1, 20, -17.71999, -14, 1, 1, 20, -14.24, -22.57, 1, 1, 20, 40.11, 35, 1, 1, 20, 115.17, 46.94, 1, 1, 20, 207.24, 54.95, 1, 1, 20, 364.36, 59.96, 1, 1, 20, 371.56, 35.38, 1, 1, 20, 227.69, -1.27, 1, 1, 20, 215.28, -36.3, 1, 1, 20, 297.52, -84.45, 1, 1, 20, 108.93, -101.02, 1, 1, 20, 35.77, 25.14, 1, 1, 20, 28.36, -36, 1, 1, 20, 29.34, -62.58, 1, 1, 20, 9.49, -59.06, 1, 1, 20, 112.92, -6.42, 1, 1, 20, 32.49, -1.9, 1, 1, 21, 12.68, -10.07, 1, 1, 21, 14.14, 10.87, 1, 2, 20, -22.69, -47.3, 0.75, 23, 25.83, 15.31, 0.25, 2, 23, 49.86, -11.36, 0.88, 27, -15.66, -8.88, 0.12, 2, 23, 51.82, 13.93, 0.88, 27, -9.42, 15.7, 0.12, 1, 27, 10.91, -13.81, 1, 1, 27, 14.5, 10.7, 1, 1, 33, 60.05, 1.38, 1, 1, 33, 38.8, -0.92, 1, 1, 33, 21.64, -0.02, 1, 2, 29, 65.3, 2.25, 0.42, 33, 0.5, 1.83, 0.58, 1, 29, 39.24, -1.94, 1, 2, 26, 60.78, 5.55, 0.25, 29, 13.95, -2.29, 0.75, 1, 26, 33.91999, -1.15, 1, 2, 21, 48.4, -3.53, 0.14999, 26, 10.78, 1.23, 0.85, 2, 21, 25.14, 1.55, 0.93, 26, -12.48, -3.79, 0.07, 1, 21, 13.49, 1.47, 1, 2, 20, 6.13, 28.07, 0.93, 21, 0.92, 1.35, 0.07, 1, 20, 28.8, -47.81, 1, 1, 20, 2.49, -44.2, 1, 2, 20, -18.74, -35.73, 0.75, 23, 27.38, 3.18, 0.25, 2, 23, 50.87, 1.65, 0.88, 27, -12.45, 3.77, 0.12, 1, 27, 12.55, -2.57, 1, 1, 27, 38.95, -2.81, 1, 2, 27, 67.6, 0.09, 0.8, 30, -7.18, 1.41, 0.2, 1, 30, 23.81, 0.3, 1, 1, 30, 48.05, 2.02, 1, 1, 20, 281.58, -35.04, 1 ],
				"hull": 15
			}
		},
		"weijing_ying_": {
			"weijing_ying_": {
				"type": "skinnedmesh",
				"uvs": [ 1, 0.96676, 1, 1, 0.87745, 1, 0.75604, 1, 0, 1, 0, 0.47905, 0, 0.33389, 0, 0.14229, 0, 0.08063, 0, 0, 0.08536, 0, 0.16241, 0, 1, 0, 0.09891, 0.17312, 0.44629, 0.15991, 0.39026, 0.03878, 0.13626, 0.06631, 0.04101, 0.03218, 0.27332, 0.16649, 0.09517, 0.1533, 0.23696, 0.13991, 0.43556, 0.13671, 0.06903, 0.20726, 0.28194, 0.21277, 0.4687, 0.20946, 0.35977, 0.49098, 0.72569, 0.43332, 0.85047, 0.58146, 0.49973, 0.63515, 0.96514, 0.7296, 0.21138, 0.7634, 0.21945, 0.66197, 0.46659, 0.60101, 0.57465, 0.70845, 0.21409, 0.62191, 0.28038, 0.3451, 0.60704, 0.31317, 0.90201, 0.64804, 0.81978, 0.54501, 0.94349, 0.70162, 0.59607, 0.7944, 0.81121, 0.88467, 0.68324, 0.90643, 0.92397, 0.85841, 0.75411, 0.76726, 0.5883, 0.76323, 0.33092, 0.80588, 0.21249, 0.4861, 0.33677, 0.61175, 0.36504, 0.64804, 0.41009, 0.73334, 0.44675, 0.78669 ],
				"triangles": [ 3, 42, 41, 3, 41, 2, 43, 44, 29, 41, 44, 43, 42, 40, 44, 42, 44, 41, 43, 29, 0, 2, 41, 43, 2, 43, 0, 2, 0, 1, 12, 0, 29, 46, 42, 3, 17, 10, 11, 15, 11, 12, 16, 17, 11, 16, 11, 15, 20, 16, 15, 19, 7, 16, 17, 9, 10, 8, 9, 17, 16, 7, 8, 16, 8, 17, 20, 15, 21, 19, 16, 20, 13, 19, 20, 21, 15, 12, 18, 20, 21, 22, 19, 13, 23, 18, 14, 13, 18, 23, 6, 7, 22, 25, 35, 36, 36, 24, 14, 22, 13, 23, 35, 22, 23, 35, 23, 24, 14, 21, 12, 23, 14, 24, 12, 36, 14, 26, 36, 12, 6, 22, 35, 35, 24, 36, 35, 47, 6, 18, 21, 14, 13, 20, 18, 22, 7, 19, 47, 5, 6, 25, 36, 26, 47, 35, 25, 46, 40, 42, 29, 39, 12, 44, 39, 29, 40, 45, 44, 37, 27, 12, 27, 38, 12, 33, 27, 37, 33, 28, 27, 45, 33, 37, 51, 45, 40, 46, 51, 40, 34, 47, 48, 31, 5, 34, 48, 25, 32, 49, 48, 32, 32, 26, 38, 49, 32, 28, 4, 5, 30, 28, 32, 38, 4, 30, 46, 31, 34, 48, 31, 48, 49, 31, 30, 5, 30, 31, 49, 30, 49, 50, 50, 49, 28, 50, 28, 33, 51, 50, 33, 51, 33, 45, 46, 30, 50, 46, 50, 51, 3, 4, 46, 28, 38, 27, 39, 37, 12, 45, 37, 39, 44, 45, 39, 48, 47, 25, 5, 47, 34, 32, 25, 26, 38, 26, 12 ],
				"vertices": [ 1, 32, 89.42, 14.85, 1, 1, 32, 99.78, 9.85999, 1, 1, 32, 88.95, -12.66, 1, 1, 32, 78.22, -34.98, 1, 2, 28, -104.86, 14.84, 0.99789, 32, 11.4, -173.98, 0.0021, 2, 28, 50.38, 106.4, 0.77, 31, -5.06, 78.99, 0.23, 1, 31, 44.08, 68.66, 1, 1, 34, 46.93, 28.51, 1, 1, 34, 57.45, 9.95, 1, 1, 34, 71.21, -14.31, 1, 1, 34, 56.06, -22.9, 1, 1, 34, 42.38, -30.65, 1, 3, 31, 115.16, -154.74, 0.92146, 34, -106.26, -114.9, 0.06058, 32, -212.04, 159.77, 0.01795, 1, 31, 94.37, 37.46, 1, 1, 31, 84.26, -32.82, 1, 1, 34, -4.66, -41.89, 1, 1, 34, 35.71, -8.06, 1, 1, 34, 58.44, -8.75, 1, 1, 31, 89.29, 2.17, 1, 2, 31, 101.23, 36.8, 0.64, 34, 28.16, 22.25, 0.36, 2, 31, 99.82, 7.54, 0.64, 34, 5.28, 3.96, 0.36, 2, 31, 92.56, -32.33, 0.64, 34, -29.41, -16.96999, 0.36, 1, 31, 84.06, 45.86, 1, 1, 31, 73.26, 3.75, 1, 1, 31, 66.54, -33.75999, 1, 2, 28, 84.11, 41.09, 0.77, 31, -24.2, 8.02, 0.23, 2, 28, 139.22, -13.06, 0.77, 31, -20.04, -69.12, 0.23, 1, 28, 108, -61.03, 1, 1, 28, 55.65, -8.83, 1, 2, 28, 75.73, -107.22, 0.72, 32, 12.38, 43.99, 0.27998, 1, 28, -12.45, 19.28, 1, 1, 28, 18.61, 35.68999, 1, 1, 28, 62.39, 2.98, 1, 1, 28, 41.57, -34.88, 1, 1, 28, 29.99, 43.67, 1, 1, 31, 28.52, 13.48, 1, 1, 31, 25.61, -53.99, 1, 1, 28, 93.5, -81.79, 1, 1, 28, 115.68, -49.23, 1, 1, 28, 81.83, -98.49, 1, 2, 28, 18.17, -53.76, 0.72, 32, -0.02, -33.57, 0.27998, 1, 32, 47.14, -7.55, 1, 1, 32, 42.61, -34.34, 1, 1, 32, 48.91, 17.11, 1, 2, 28, 42.64, -76.75, 0.72, 32, 5.48, -0.44, 0.27998, 1, 28, 26.66, -46.91, 1, 1, 28, -12.72, -9.18, 1, 2, 28, 70.3, 67.83, 0.77, 31, -16.36, 37.08, 0.23, 1, 28, 45.73, 23.9, 1, 1, 28, 37.84999, 12.56, 1, 1, 28, 17.1, -10.34, 1, 1, 28, 5, -26.16, 1 ],
				"hull": 13
			}
		}
	}
},
"animations": {
	"animation": {
		"bones": {
			"WJ": {
				"rotate": [
					{ "time": 0, "angle": 0, "curve": "stepped" },
					{ "time": 3, "angle": 0 }
				],
				"translate": [
					{ "time": 0, "x": 0, "y": 0, "curve": "stepped" },
					{ "time": 3, "x": 0, "y": 0 }
				],
				"scale": [
					{ "time": 0, "x": 1, "y": 1, "curve": "stepped" },
					{ "time": 3, "x": 1, "y": 1 }
				]
			},
			"R_biaozi_3_": {
				"rotate": [
					{
						"time": 0,
						"angle": 0,
						"curve": [ 0.25, 0, 0.75, 1 ]
					},
					{
						"time": 2,
						"angle": -4.07,
						"curve": [ 0.25, 0, 0.75, 1 ]
					},
					{ "time": 3, "angle": 0 }
				],
				"translate": [
					{ "time": 0, "x": 0, "y": 0, "curve": "stepped" },
					{ "time": 3, "x": 0, "y": 0 }
				],
				"scale": [
					{ "time": 0, "x": 1, "y": 1, "curve": "stepped" },
					{ "time": 3, "x": 1, "y": 1 }
				]
			},
			"R_biaozi_2_": {
				"rotate": [
					{
						"time": 0,
						"angle": 0,
						"curve": [ 0.25, 0, 0.75, 1 ]
					},
					{
						"time": 1.0666,
						"angle": 2.24,
						"curve": [ 0.25, 0, 0.75, 1 ]
					},
					{
						"time": 2.2,
						"angle": -1.35,
						"curve": [ 0.25, 0, 0.75, 1 ]
					},
					{ "time": 3, "angle": 0 }
				],
				"translate": [
					{ "time": 0, "x": 0, "y": 0, "curve": "stepped" },
					{ "time": 3, "x": 0, "y": 0 }
				],
				"scale": [
					{ "time": 0, "x": 1, "y": 1, "curve": "stepped" },
					{ "time": 3, "x": 1, "y": 1 }
				]
			},
			"R_biaozi_1_": {
				"rotate": [
					{ "time": 0, "angle": 0, "curve": "stepped" },
					{ "time": 3, "angle": 0 }
				],
				"translate": [
					{ "time": 0, "x": 0, "y": 0, "curve": "stepped" },
					{ "time": 3, "x": 0, "y": 0 }
				],
				"scale": [
					{ "time": 0, "x": 1, "y": 1, "curve": "stepped" },
					{ "time": 3, "x": 1, "y": 1 }
				]
			},
			"L_biaozi_4_": {
				"rotate": [
					{
						"time": 0,
						"angle": 0,
						"curve": [ 0.25, 0, 0.75, 1 ]
					},
					{
						"time": 1.5,
						"angle": -2.26,
						"curve": [ 0.25, 0, 0.75, 1 ]
					},
					{ "time": 3, "angle": 0 }
				],
				"translate": [
					{ "time": 0, "x": 0, "y": 0, "curve": "stepped" },
					{ "time": 3, "x": 0, "y": 0 }
				],
				"scale": [
					{ "time": 0, "x": 1, "y": 1, "curve": "stepped" },
					{ "time": 3, "x": 1, "y": 1 }
				]
			},
			"L_biaozi_3_": {
				"rotate": [
					{
						"time": 0,
						"angle": 0,
						"curve": [ 0.25, 0, 0.75, 1 ]
					},
					{
						"time": 0.8333,
						"angle": 1.89,
						"curve": [ 0.25, 0, 0.75, 1 ]
					},
					{
						"time": 2,
						"angle": -1.89,
						"curve": [ 0.25, 0, 0.75, 1 ]
					},
					{ "time": 3, "angle": 0 }
				],
				"translate": [
					{ "time": 0, "x": 0, "y": 0, "curve": "stepped" },
					{ "time": 3, "x": 0, "y": 0 }
				],
				"scale": [
					{ "time": 0, "x": 1, "y": 1, "curve": "stepped" },
					{ "time": 3, "x": 1, "y": 1 }
				]
			},
			"L_biaozi_2_": {
				"rotate": [
					{ "time": 0, "angle": 0, "curve": "stepped" },
					{ "time": 3, "angle": 0 }
				],
				"translate": [
					{ "time": 0, "x": 0, "y": 0, "curve": "stepped" },
					{ "time": 3, "x": 0, "y": 0 }
				],
				"scale": [
					{ "time": 0, "x": 1, "y": 1, "curve": "stepped" },
					{ "time": 3, "x": 1, "y": 1 }
				]
			},
			"L_biaozi_1_": {
				"rotate": [
					{ "time": 0, "angle": 0, "curve": "stepped" },
					{ "time": 3, "angle": 0 }
				],
				"translate": [
					{ "time": 0, "x": 0, "y": 0, "curve": "stepped" },
					{ "time": 3, "x": 0, "y": 0 }
				],
				"scale": [
					{ "time": 0, "x": 1, "y": 1, "curve": "stepped" },
					{ "time": 3, "x": 1, "y": 1 }
				]
			},
			"tou": {
				"rotate": [
					{
						"time": 0,
						"angle": 0,
						"curve": [ 0.25, 0, 0.75, 1 ]
					},
					{
						"time": 1.5,
						"angle": -0.55,
						"curve": [ 0.25, 0, 0.75, 1 ]
					},
					{ "time": 3, "angle": 0 }
				],
				"translate": [
					{ "time": 0, "x": 0, "y": 0, "curve": "stepped" },
					{ "time": 3, "x": 0, "y": 0 }
				],
				"scale": [
					{
						"time": 0,
						"x": 1,
						"y": 1,
						"curve": [ 0.25, 0, 0.75, 1 ]
					},
					{
						"time": 1.5,
						"x": 0.987,
						"y": 1,
						"curve": [ 0.25, 0, 0.75, 1 ]
					},
					{ "time": 3, "x": 1, "y": 1 }
				]
			},
			"mao_2": {
				"rotate": [
					{
						"time": 0,
						"angle": 0,
						"curve": [ 0.25, 0, 0.75, 1 ]
					},
					{
						"time": 0.8333,
						"angle": -3.15,
						"curve": [ 0.25, 0, 0.75, 1 ]
					},
					{
						"time": 2,
						"angle": 0.96,
						"curve": [ 0.25, 0, 0.75, 1 ]
					},
					{ "time": 3, "angle": 0 }
				],
				"translate": [
					{ "time": 0, "x": 0, "y": 0, "curve": "stepped" },
					{ "time": 3, "x": 0, "y": 0 }
				],
				"scale": [
					{ "time": 0, "x": 1, "y": 1, "curve": "stepped" },
					{ "time": 3, "x": 1, "y": 1 }
				]
			},
			"mao_1": {
				"rotate": [
					{
						"time": 0,
						"angle": 0,
						"curve": [ 0.25, 0, 0.75, 1 ]
					},
					{
						"time": 1.6666,
						"angle": 1.22,
						"curve": [ 0.25, 0, 0.75, 1 ]
					},
					{ "time": 3, "angle": 0 }
				],
				"translate": [
					{ "time": 0, "x": 0, "y": 0, "curve": "stepped" },
					{ "time": 3, "x": 0, "y": 0 }
				],
				"scale": [
					{ "time": 0, "x": 1, "y": 1, "curve": "stepped" },
					{ "time": 3, "x": 1, "y": 1 }
				]
			},
			"doupeng_1_3": {
				"rotate": [
					{ "time": 0, "angle": 0, "curve": "stepped" },
					{ "time": 3, "angle": 0 }
				],
				"translate": [
					{ "time": 0, "x": 0, "y": 0, "curve": "stepped" },
					{ "time": 3, "x": 0, "y": 0 }
				],
				"scale": [
					{ "time": 0, "x": 1, "y": 1, "curve": "stepped" },
					{ "time": 3, "x": 1, "y": 1 }
				]
			},
			"doupeng_1_2": {
				"rotate": [
					{
						"time": 0,
						"angle": 0,
						"curve": [ 0.25, 0, 0.75, 1 ]
					},
					{
						"time": 1.5,
						"angle": 2.55,
						"curve": [ 0.25, 0, 0.75, 1 ]
					},
					{ "time": 3, "angle": 0 }
				],
				"translate": [
					{ "time": 0, "x": 0, "y": 0, "curve": "stepped" },
					{ "time": 3, "x": 0, "y": 0 }
				],
				"scale": [
					{ "time": 0, "x": 1, "y": 1, "curve": "stepped" },
					{ "time": 3, "x": 1, "y": 1 }
				]
			},
			"doupeng_1_1": {
				"rotate": [
					{ "time": 0, "angle": 0, "curve": "stepped" },
					{ "time": 3, "angle": 0 }
				],
				"translate": [
					{ "time": 0, "x": 0, "y": 0, "curve": "stepped" },
					{ "time": 3, "x": 0, "y": 0 }
				],
				"scale": [
					{ "time": 0, "x": 1, "y": 1, "curve": "stepped" },
					{ "time": 3, "x": 1, "y": 1 }
				]
			},
			"ying_4": {
				"rotate": [
					{ "time": 0, "angle": 0, "curve": "stepped" },
					{ "time": 3, "angle": 0 }
				],
				"translate": [
					{ "time": 0, "x": 0, "y": 0, "curve": "stepped" },
					{ "time": 3, "x": 0, "y": 0 }
				],
				"scale": [
					{ "time": 0, "x": 1, "y": 1, "curve": "stepped" },
					{ "time": 3, "x": 1, "y": 1 }
				]
			},
			"ying_3": {
				"rotate": [
					{
						"time": 0,
						"angle": 0,
						"curve": [ 0.25, 0, 0.75, 1 ]
					},
					{
						"time": 0.8333,
						"angle": 2.17,
						"curve": [ 0.25, 0, 0.75, 1 ]
					},
					{
						"time": 2.0666,
						"angle": 0.25,
						"curve": [ 0.25, 0, 0.75, 1 ]
					},
					{ "time": 3, "angle": 0 }
				],
				"translate": [
					{ "time": 0, "x": 0, "y": 0, "curve": "stepped" },
					{ "time": 3, "x": 0, "y": 0 }
				],
				"scale": [
					{ "time": 0, "x": 1, "y": 1, "curve": "stepped" },
					{ "time": 3, "x": 1, "y": 1 }
				]
			},
			"ying_2": {
				"rotate": [
					{
						"time": 0,
						"angle": 0,
						"curve": [ 0.25, 0, 0.75, 1 ]
					},
					{
						"time": 1.5,
						"angle": -0.89,
						"curve": [ 0.25, 0, 0.75, 1 ]
					},
					{ "time": 3, "angle": 0 }
				],
				"translate": [
					{ "time": 0, "x": 0, "y": 0, "curve": "stepped" },
					{ "time": 3, "x": 0, "y": 0 }
				],
				"scale": [
					{ "time": 0, "x": 1, "y": 1, "curve": "stepped" },
					{ "time": 3, "x": 1, "y": 1 }
				]
			},
			"ying_1": {
				"rotate": [
					{
						"time": 0,
						"angle": 0,
						"curve": [ 0.25, 0, 0.75, 1 ]
					},
					{
						"time": 0.9,
						"angle": -1.97,
						"curve": [ 0.25, 0, 0.75, 1 ]
					},
					{
						"time": 1.9666,
						"angle": -1.26,
						"curve": [ 0.25, 0, 0.75, 1 ]
					},
					{ "time": 3, "angle": 0 }
				],
				"translate": [
					{ "time": 0, "x": 0, "y": 0, "curve": "stepped" },
					{ "time": 3, "x": 0, "y": 0 }
				],
				"scale": [
					{ "time": 0, "x": 1, "y": 1, "curve": "stepped" },
					{ "time": 3, "x": 1, "y": 1 }
				]
			},
			"R_shou_2": {
				"rotate": [
					{ "time": 0, "angle": 0, "curve": "stepped" },
					{ "time": 3, "angle": 0 }
				],
				"translate": [
					{
						"time": 0,
						"x": 0,
						"y": 0,
						"curve": [ 0.25, 0, 0.75, 1 ]
					},
					{
						"time": 0.9,
						"x": 0.64,
						"y": -2.89,
						"curve": [ 0.25, 0, 0.75, 1 ]
					},
					{
						"time": 1.9666,
						"x": -1.7,
						"y": 3.29,
						"curve": [ 0.25, 0, 0.75, 1 ]
					},
					{ "time": 3, "x": 0, "y": 0 }
				],
				"scale": [
					{ "time": 0, "x": 1, "y": 1, "curve": "stepped" },
					{ "time": 3, "x": 1, "y": 1 }
				]
			},
			"R_shou_1": {
				"rotate": [
					{
						"time": 0,
						"angle": 0,
						"curve": [ 0.25, 0, 0.75, 1 ]
					},
					{
						"time": 1.5,
						"angle": 2.47,
						"curve": [ 0.25, 0, 0.75, 1 ]
					},
					{ "time": 3, "angle": 0 }
				],
				"translate": [
					{ "time": 0, "x": 0, "y": 0, "curve": "stepped" },
					{ "time": 3, "x": 0, "y": 0 }
				],
				"scale": [
					{ "time": 0, "x": 1, "y": 1, "curve": "stepped" },
					{ "time": 3, "x": 1, "y": 1 }
				]
			},
			"L_shou_2": {
				"rotate": [
					{
						"time": 0,
						"angle": 0,
						"curve": [ 0.25, 0, 0.75, 1 ]
					},
					{
						"time": 0.8666,
						"angle": 0.76,
						"curve": [ 0.25, 0, 0.75, 1 ]
					},
					{
						"time": 2,
						"angle": -1.57,
						"curve": [ 0.25, 0, 0.75, 1 ]
					},
					{ "time": 3, "angle": 0 }
				],
				"translate": [
					{ "time": 0, "x": 0, "y": 0, "curve": "stepped" },
					{ "time": 3, "x": 0, "y": 0 }
				],
				"scale": [
					{ "time": 0, "x": 1, "y": 1, "curve": "stepped" },
					{ "time": 3, "x": 1, "y": 1 }
				]
			},
			"L_shou_1": {
				"rotate": [
					{
						"time": 0,
						"angle": 0,
						"curve": [ 0.25, 0, 0.75, 1 ]
					},
					{
						"time": 1.6666,
						"angle": -1.34,
						"curve": [ 0.25, 0, 0.75, 1 ]
					},
					{ "time": 3, "angle": 0 }
				],
				"translate": [
					{ "time": 0, "x": 0, "y": 0, "curve": "stepped" },
					{ "time": 3, "x": 0, "y": 0 }
				],
				"scale": [
					{ "time": 0, "x": 1, "y": 1, "curve": "stepped" },
					{ "time": 3, "x": 1, "y": 1 }
				]
			},
			"xiong": {
				"rotate": [
					{ "time": 0, "angle": 0, "curve": "stepped" },
					{ "time": 3, "angle": 0 }
				],
				"translate": [
					{ "time": 0, "x": 0, "y": 0, "curve": "stepped" },
					{ "time": 3, "x": 0, "y": 0 }
				],
				"scale": [
					{
						"time": 0,
						"x": 1,
						"y": 1,
						"curve": [ 0.25, 0, 0.75, 1 ]
					},
					{
						"time": 1.5,
						"x": 1.012,
						"y": 1,
						"curve": [ 0.25, 0, 0.75, 1 ]
					},
					{ "time": 3, "x": 1, "y": 1 }
				]
			},
			"pijia_3_2": {
				"rotate": [
					{
						"time": 0,
						"angle": 0,
						"curve": [ 0.25, 0, 0.75, 1 ]
					},
					{
						"time": 0.8,
						"angle": -0.64,
						"curve": [ 0.25, 0, 0.75, 1 ]
					},
					{
						"time": 1.8333,
						"angle": 4.52,
						"curve": [ 0.25, 0, 0.75, 1 ]
					},
					{ "time": 3, "angle": 0 }
				],
				"translate": [
					{ "time": 0, "x": 0, "y": 0, "curve": "stepped" },
					{ "time": 3, "x": 0, "y": 0 }
				],
				"scale": [
					{ "time": 0, "x": 1, "y": 1, "curve": "stepped" },
					{ "time": 3, "x": 1, "y": 1 }
				]
			},
			"pijia_3_1": {
				"rotate": [
					{
						"time": 0,
						"angle": 0,
						"curve": [ 0.25, 0, 0.75, 1 ]
					},
					{
						"time": 1.5,
						"angle": 3.88,
						"curve": [ 0.25, 0, 0.75, 1 ]
					},
					{ "time": 3, "angle": 0 }
				],
				"translate": [
					{ "time": 0, "x": 0, "y": 0, "curve": "stepped" },
					{ "time": 3, "x": 0, "y": 0 }
				],
				"scale": [
					{ "time": 0, "x": 1, "y": 1, "curve": "stepped" },
					{ "time": 3, "x": 1, "y": 1 }
				]
			},
			"pijia_2_2": {
				"rotate": [
					{
						"time": 0,
						"angle": 0,
						"curve": [ 0.25, 0, 0.75, 1 ]
					},
					{
						"time": 0.8,
						"angle": 1.11,
						"curve": [ 0.25, 0, 0.75, 1 ]
					},
					{
						"time": 1.8333,
						"angle": 4.51,
						"curve": [ 0.25, 0, 0.75, 1 ]
					},
					{ "time": 3, "angle": 0 }
				],
				"translate": [
					{ "time": 0, "x": 0, "y": 0, "curve": "stepped" },
					{ "time": 3, "x": 0, "y": 0 }
				],
				"scale": [
					{ "time": 0, "x": 1, "y": 1, "curve": "stepped" },
					{ "time": 3, "x": 1, "y": 1 }
				]
			},
			"pijia_2_1": {
				"rotate": [
					{
						"time": 0,
						"angle": 0,
						"curve": [ 0.25, 0, 0.75, 1 ]
					},
					{
						"time": 1.5,
						"angle": 0.68,
						"curve": [ 0.25, 0, 0.75, 1 ]
					},
					{ "time": 3, "angle": 0 }
				],
				"translate": [
					{ "time": 0, "x": 0, "y": 0, "curve": "stepped" },
					{ "time": 3, "x": 0, "y": 0 }
				],
				"scale": [
					{ "time": 0, "x": 1, "y": 1, "curve": "stepped" },
					{ "time": 3, "x": 1, "y": 1 }
				]
			},
			"pijia_1_2": {
				"rotate": [
					{
						"time": 0,
						"angle": 0,
						"curve": [ 0.25, 0, 0.75, 1 ]
					},
					{
						"time": 0.8666,
						"angle": -0.31,
						"curve": [ 0.25, 0, 0.75, 1 ]
					},
					{
						"time": 1.9,
						"angle": -6.27,
						"curve": [ 0.25, 0, 0.75, 1 ]
					},
					{ "time": 3, "angle": 0 }
				],
				"translate": [
					{ "time": 0, "x": 0, "y": 0, "curve": "stepped" },
					{ "time": 3, "x": 0, "y": 0 }
				],
				"scale": [
					{ "time": 0, "x": 1, "y": 1, "curve": "stepped" },
					{ "time": 3, "x": 1, "y": 1 }
				]
			},
			"pijia_1_1": {
				"rotate": [
					{
						"time": 0,
						"angle": 0,
						"curve": [ 0.25, 0, 0.75, 1 ]
					},
					{
						"time": 1.5,
						"angle": -4.19,
						"curve": [ 0.25, 0, 0.75, 1 ]
					},
					{ "time": 3, "angle": 0 }
				],
				"translate": [
					{ "time": 0, "x": 0, "y": 0, "curve": "stepped" },
					{ "time": 3, "x": 0, "y": 0 }
				],
				"scale": [
					{ "time": 0, "x": 1, "y": 1, "curve": "stepped" },
					{ "time": 3, "x": 1, "y": 1 }
				]
			},
			"zhongxin": {
				"rotate": [
					{ "time": 0, "angle": 0, "curve": "stepped" },
					{ "time": 3, "angle": 0 }
				],
				"translate": [
					{
						"time": 0,
						"x": 0,
						"y": 0,
						"curve": [ 0.25, 0, 0.75, 1 ]
					},
					{
						"time": 1.5,
						"x": -3.22,
						"y": 0,
						"curve": [ 0.25, 0, 0.75, 1 ]
					},
					{ "time": 3, "x": 0, "y": 0 }
				],
				"scale": [
					{ "time": 0, "x": 1, "y": 1, "curve": "stepped" },
					{ "time": 3, "x": 1, "y": 1 }
				]
			},
			"tui": {
				"rotate": [
					{ "time": 0, "angle": 0, "curve": "stepped" },
					{ "time": 3, "angle": 0 }
				],
				"translate": [
					{ "time": 0, "x": 0, "y": 0, "curve": "stepped" },
					{ "time": 3, "x": 0, "y": 0 }
				],
				"scale": [
					{ "time": 0, "x": 1, "y": 1, "curve": "stepped" },
					{ "time": 3, "x": 1, "y": 1 }
				]
			},
			"doupeng_2_3": {
				"rotate": [
					{
						"time": 0,
						"angle": 0,
						"curve": [ 0.25, 0, 0.75, 1 ]
					},
					{
						"time": 0.4333,
						"angle": -4.25,
						"curve": [ 0.25, 0, 0.75, 1 ]
					},
					{
						"time": 1.1,
						"angle": 0.7,
						"curve": [ 0.25, 0, 0.75, 1 ]
					},
					{
						"time": 2.0666,
						"angle": -3.09,
						"curve": [ 0.25, 0, 0.75, 1 ]
					},
					{
						"time": 2.6333,
						"angle": 1.54,
						"curve": [ 0.25, 0, 0.75, 1 ]
					},
					{ "time": 3, "angle": 0 }
				],
				"translate": [
					{
						"time": 0,
						"x": 0,
						"y": 0,
						"curve": [ 0.25, 0, 0.75, 1 ]
					},
					{
						"time": 0.8666,
						"x": 29.06,
						"y": 8.02,
						"curve": [ 0.25, 0, 0.75, 1 ]
					},
					{
						"time": 1.5,
						"x": 0,
						"y": 0,
						"curve": [ 0.25, 0, 0.75, 1 ]
					},
					{
						"time": 2.3333,
						"x": 29.06,
						"y": 8.02,
						"curve": [ 0.25, 0, 0.75, 1 ]
					},
					{ "time": 3, "x": 0, "y": 0 }
				],
				"scale": [
					{ "time": 0, "x": 1, "y": 1, "curve": "stepped" },
					{ "time": 3, "x": 1, "y": 1 }
				]
			},
			"doupeng_2_2": {
				"rotate": [
					{
						"time": 0,
						"angle": 0,
						"curve": [ 0.25, 0, 0.75, 1 ]
					},
					{
						"time": 0.4,
						"angle": -2.3,
						"curve": [ 0.25, 0, 0.75, 1 ]
					},
					{
						"time": 1,
						"angle": 1.28,
						"curve": [ 0.25, 0, 0.75, 1 ]
					},
					{
						"time": 1.9333,
						"angle": -2.3,
						"curve": [ 0.25, 0, 0.75, 1 ]
					},
					{
						"time": 2.5333,
						"angle": 1.28,
						"curve": [ 0.25, 0, 0.75, 1 ]
					},
					{ "time": 3, "angle": 0 }
				],
				"translate": [
					{ "time": 0, "x": 0, "y": 0, "curve": "stepped" },
					{ "time": 3, "x": 0, "y": 0 }
				],
				"scale": [
					{ "time": 0, "x": 1, "y": 1, "curve": "stepped" },
					{ "time": 3, "x": 1, "y": 1 }
				]
			},
			"doupeng_2_1": {
				"rotate": [
					{
						"time": 0,
						"angle": 0,
						"curve": [ 0.25, 0, 0.75, 1 ]
					},
					{
						"time": 0.7333,
						"angle": 2.97,
						"curve": [ 0.25, 0, 0.75, 1 ]
					},
					{
						"time": 1.5,
						"angle": 0,
						"curve": [ 0.25, 0, 0.75, 1 ]
					},
					{
						"time": 2.3,
						"angle": 2.97,
						"curve": [ 0.25, 0, 0.75, 1 ]
					},
					{ "time": 3, "angle": 0 }
				],
				"translate": [
					{ "time": 0, "x": 0, "y": 0, "curve": "stepped" },
					{ "time": 1.5, "x": 0, "y": 0, "curve": "stepped" },
					{ "time": 3, "x": 0, "y": 0 }
				],
				"scale": [
					{ "time": 0, "x": 1, "y": 1, "curve": "stepped" },
					{ "time": 1.5, "x": 1, "y": 1, "curve": "stepped" },
					{ "time": 3, "x": 1, "y": 1 }
				]
			}
		},
		"ffd": {
			"default": {
				"weijing_doupeng_": {
					"weijing_doupeng_": [
						{
							"time": 0,
							"curve": [ 0.25, 0, 0.75, 1 ]
						},
						{
							"time": 1.0666,
							"vertices": [ 3.14913, 14.57774, 3.14913, 14.57774, 3.14913, 14.57774, 0, 0, 0, 0, 0, 0, 0, 0, 0, 0, 0, 0, 0, 0, 0, 0, 0, 0, 0, 0, 0, 0, 0, 0, 0, 0, 0, 0, 0, 0, 0, 0, 0, 0, 0, 0, 0, 0, 0, 0, 0, 0, 0, 0, 0, 0, 0, 0, 0, 0, 0, 0, 0, 0, 2.37478, 7.40747, -1.617, 7.60762, -0.45056, 7.76486, 0.55438, 7.75846, 2.37478, 7.40747, 4.31517, 6.47253, -0.79241, 17.88299, 1.91517, 17.79855, 4.19409, 17.40387, 8.19418, 15.91803, 12.24554, 13.06143, 12.24554, 13.06143 ],
							"curve": "stepped"
						},
						{
							"time": 2.4,
							"vertices": [ 3.14913, 14.57774, 3.14913, 14.57774, 3.14913, 14.57774, 0, 0, 0, 0, 0, 0, 0, 0, 0, 0, 0, 0, 0, 0, 0, 0, 0, 0, 0, 0, 0, 0, 0, 0, 0, 0, 0, 0, 0, 0, 0, 0, 0, 0, 0, 0, 0, 0, 0, 0, 0, 0, 0, 0, 0, 0, 0, 0, 0, 0, 0, 0, 0, 0, 2.37478, 7.40747, -1.617, 7.60762, -0.45056, 7.76486, 0.55438, 7.75846, 2.37478, 7.40747, 4.31517, 6.47253, -0.79241, 17.88299, 1.91517, 17.79855, 4.19409, 17.40387, 8.19418, 15.91803, 12.24554, 13.06143, 12.24554, 13.06143 ],
							"curve": [ 0.25, 0, 0.75, 1 ]
						},
						{ "time": 3 }
					]
				},
				"weijing_mao_": {
					"weijing_mao_": [
						{
							"time": 0,
							"curve": [ 0.25, 0, 0.75, 1 ]
						},
						{
							"time": 2.0666,
							"vertices": [ -0.25823, 3.11688, -0.37695, 3.10453, 0.77948, 3.87747, 1.92279, -0.39295, 4.98944, -5.05641, 6.14575, -4.28363, 0, 0, 0, 0, 0, 0, 0, 0, 0, 0, 0, 0, 0, 0, 0, 0, 0, 0, -0.25823, 3.11685, -0.37689, 3.10453, 0, 0, 0, 0, 3.48223, 7.36181 ],
							"curve": [ 0.25, 0, 0.75, 1 ]
						},
						{ "time": 3 }
					]
				}
			}
		}
	}
}
}