{"skeleton":{"hash":"hG7EZmDzXB27bDYCYxWL+ps8E/A","spine":"3.7.94","width":0,"height":0,"images":"./images/","audio":"E:/【COK】/【兵种-行军队列】/行军队列—魔翼使者-spine提交"},"bones":[{"name":"root"},{"name":"ctr_0","parent":"root"},{"name":"a_walk_0_","parent":"ctr_0"},{"name":"ctr_1","parent":"root"},{"name":"a_walk_1_","parent":"ctr_1"},{"name":"ctr_2","parent":"root"},{"name":"a_walk_2_","parent":"ctr_2"},{"name":"ctr_5","parent":"root"},{"name":"a_walk_5_","parent":"ctr_5"},{"name":"ctr_6","parent":"root"},{"name":"a_walk_6_","parent":"ctr_6"},{"name":"yz","parent":"root"},{"name":"yz_0_","parent":"yz"}],"slots":[{"name":"yz_0_","bone":"yz_0_"},{"name":"a_walk_0_","bone":"a_walk_0_"},{"name":"a_walk_1_","bone":"a_walk_1_"},{"name":"a_walk_2_","bone":"a_walk_2_"},{"name":"a_walk_5_","bone":"a_walk_5_"},{"name":"a_walk_6_","bone":"a_walk_6_"}],"skins":{"default":{"a_walk_0_":{"a_walk_0_01_":{"width":400,"height":400},"a_walk_0_02_":{"width":400,"height":400},"a_walk_0_03_":{"width":400,"height":400},"a_walk_0_04_":{"width":400,"height":400},"a_walk_0_05_":{"width":400,"height":400},"a_walk_0_06_":{"width":400,"height":400},"a_walk_0_07_":{"width":400,"height":400},"a_walk_0_08_":{"width":400,"height":400},"a_walk_0_09_":{"width":400,"height":400},"a_walk_0_10_":{"width":400,"height":400},"a_walk_0_11_":{"width":400,"height":400},"a_walk_0_12_":{"width":400,"height":400},"a_walk_0_13_":{"width":400,"height":400},"a_walk_0_14_":{"width":400,"height":400}},"a_walk_1_":{"a_walk_1_01_":{"width":400,"height":400},"a_walk_1_02_":{"width":400,"height":400},"a_walk_1_03_":{"width":400,"height":400},"a_walk_1_04_":{"width":400,"height":400},"a_walk_1_05_":{"width":400,"height":400},"a_walk_1_06_":{"width":400,"height":400},"a_walk_1_07_":{"width":400,"height":400},"a_walk_1_08_":{"width":400,"height":400},"a_walk_1_09_":{"width":400,"height":400},"a_walk_1_10_":{"width":400,"height":400},"a_walk_1_11_":{"width":400,"height":400},"a_walk_1_12_":{"width":400,"height":400},"a_walk_1_13_":{"width":400,"height":400},"a_walk_1_14_":{"width":400,"height":400}},"a_walk_2_":{"a_walk_2_01_":{"width":400,"height":400},"a_walk_2_02_":{"width":400,"height":400},"a_walk_2_03_":{"width":400,"height":400},"a_walk_2_04_":{"width":400,"height":400},"a_walk_2_05_":{"width":400,"height":400},"a_walk_2_06_":{"width":400,"height":400},"a_walk_2_07_":{"width":400,"height":400},"a_walk_2_08_":{"width":400,"height":400},"a_walk_2_09_":{"width":400,"height":400},"a_walk_2_10_":{"width":400,"height":400},"a_walk_2_11_":{"width":400,"height":400},"a_walk_2_12_":{"width":400,"height":400},"a_walk_2_13_":{"width":400,"height":400},"a_walk_2_14_":{"width":400,"height":400}},"a_walk_5_":{"a_walk_5_01_":{"width":400,"height":400},"a_walk_5_02_":{"width":400,"height":400},"a_walk_5_03_":{"width":400,"height":400},"a_walk_5_04_":{"width":400,"height":400},"a_walk_5_05_":{"width":400,"height":400},"a_walk_5_06_":{"width":400,"height":400},"a_walk_5_07_":{"width":400,"height":400},"a_walk_5_08_":{"width":400,"height":400},"a_walk_5_09_":{"width":400,"height":400},"a_walk_5_10_":{"width":400,"height":400},"a_walk_5_11_":{"width":400,"height":400},"a_walk_5_12_":{"width":400,"height":400},"a_walk_5_13_":{"width":400,"height":400},"a_walk_5_14_":{"width":400,"height":400}},"a_walk_6_":{"a_walk_6_01_":{"width":400,"height":400},"a_walk_6_02_":{"width":400,"height":400},"a_walk_6_03_":{"width":400,"height":400},"a_walk_6_04_":{"width":400,"height":400},"a_walk_6_05_":{"width":400,"height":400},"a_walk_6_06_":{"width":400,"height":400},"a_walk_6_07_":{"width":400,"height":400},"a_walk_6_08_":{"width":400,"height":400},"a_walk_6_09_":{"width":400,"height":400},"a_walk_6_10_":{"width":400,"height":400},"a_walk_6_11_":{"width":400,"height":400},"a_walk_6_12_":{"width":400,"height":400},"a_walk_6_13_":{"width":400,"height":400},"a_walk_6_14_":{"width":400,"height":400}},"yz_0_":{"yz_0_":{"color":"ffffff94","x":0.5,"y":0.5,"width":85,"height":85}}}},"animations":{"walk_0":{"slots":{"a_walk_0_":{"attachment":[{"time":0,"name":"a_walk_0_01_"},{"time":0.1,"name":"a_walk_0_02_"},{"time":0.2,"name":"a_walk_0_03_"},{"time":0.3,"name":"a_walk_0_04_"},{"time":0.4,"name":"a_walk_0_05_"},{"time":0.5,"name":"a_walk_0_06_"},{"time":0.6,"name":"a_walk_0_07_"},{"time":0.7,"name":"a_walk_0_08_"},{"time":0.8,"name":"a_walk_0_09_"},{"time":0.9,"name":"a_walk_0_10_"},{"time":1,"name":"a_walk_0_11_"},{"time":1.1,"name":"a_walk_0_12_"},{"time":1.2,"name":"a_walk_0_13_"},{"time":1.3,"name":"a_walk_0_14_"}]},"yz_0_":{"attachment":[{"time":0,"name":"yz_0_"}]}},"bones":{"a_walk_0_":{"translate":[{"time":0,"x":0,"y":60}]},"yz_0_":{"translate":[{"time":0,"x":0,"y":17.72}],"scale":[{"time":0,"x":1.6,"y":1.1}]}}},"walk_1":{"slots":{"a_walk_1_":{"attachment":[{"time":0,"name":"a_walk_1_01_"},{"time":0.1,"name":"a_walk_1_02_"},{"time":0.2,"name":"a_walk_1_03_"},{"time":0.3,"name":"a_walk_1_04_"},{"time":0.4,"name":"a_walk_1_05_"},{"time":0.5,"name":"a_walk_1_06_"},{"time":0.6,"name":"a_walk_1_07_"},{"time":0.7,"name":"a_walk_1_08_"},{"time":0.8,"name":"a_walk_1_09_"},{"time":0.9,"name":"a_walk_1_10_"},{"time":1,"name":"a_walk_1_11_"},{"time":1.1,"name":"a_walk_1_12_"},{"time":1.2,"name":"a_walk_1_13_"},{"time":1.3,"name":"a_walk_1_14_"}]},"yz_0_":{"attachment":[{"time":0,"name":"yz_0_"}]}},"bones":{"a_walk_1_":{"translate":[{"time":0,"x":0,"y":60}]},"yz_0_":{"translate":[{"time":0,"x":14.46,"y":16.38}],"scale":[{"time":0,"x":1.6,"y":1.1}]},"yz":{"rotate":[{"time":0,"angle":45}]}}},"walk_2":{"slots":{"a_walk_2_":{"attachment":[{"time":0,"name":"a_walk_2_01_"},{"time":0.1,"name":"a_walk_2_02_"},{"time":0.2,"name":"a_walk_2_03_"},{"time":0.3,"name":"a_walk_2_04_"},{"time":0.4,"name":"a_walk_2_05_"},{"time":0.5,"name":"a_walk_2_06_"},{"time":0.6,"name":"a_walk_2_07_"},{"time":0.7,"name":"a_walk_2_08_"},{"time":0.8,"name":"a_walk_2_09_"},{"time":0.9,"name":"a_walk_2_10_"},{"time":1,"name":"a_walk_2_11_"},{"time":1.1,"name":"a_walk_2_12_"},{"time":1.2,"name":"a_walk_2_13_"},{"time":1.3,"name":"a_walk_2_14_"}]},"yz_0_":{"attachment":[{"time":0,"name":"yz_0_"}]}},"bones":{"a_walk_2_":{"translate":[{"time":0,"x":0,"y":60}]},"yz_0_":{"translate":[{"time":0,"x":0,"y":21.81}],"scale":[{"time":0,"x":1.1,"y":1.596}]}}},"walk_3":{"slots":{"a_walk_1_":{"attachment":[{"time":0,"name":"a_walk_1_01_"},{"time":0.1,"name":"a_walk_1_02_"},{"time":0.2,"name":"a_walk_1_03_"},{"time":0.3,"name":"a_walk_1_04_"},{"time":0.4,"name":"a_walk_1_05_"},{"time":0.5,"name":"a_walk_1_06_"},{"time":0.6,"name":"a_walk_1_07_"},{"time":0.7,"name":"a_walk_1_08_"},{"time":0.8,"name":"a_walk_1_09_"},{"time":0.9,"name":"a_walk_1_10_"},{"time":1,"name":"a_walk_1_11_"},{"time":1.1,"name":"a_walk_1_12_"},{"time":1.2,"name":"a_walk_1_13_"},{"time":1.3,"name":"a_walk_1_14_"}]},"yz_0_":{"attachment":[{"time":0,"name":"yz_0_"}]}},"bones":{"a_walk_1_":{"translate":[{"time":0,"x":0,"y":60}]},"yz_0_":{"translate":[{"time":0,"x":25.06,"y":21.2}],"scale":[{"time":0,"x":-1.6,"y":1.1}]},"yz":{"rotate":[{"time":0,"angle":45}]},"root":{"scale":[{"time":0,"x":-1,"y":1}]}}},"walk_4":{"slots":{"a_walk_0_":{"attachment":[{"time":0,"name":"a_walk_0_01_"},{"time":0.1,"name":"a_walk_0_02_"},{"time":0.2,"name":"a_walk_0_03_"},{"time":0.3,"name":"a_walk_0_04_"},{"time":0.4,"name":"a_walk_0_05_"},{"time":0.5,"name":"a_walk_0_06_"},{"time":0.6,"name":"a_walk_0_07_"},{"time":0.7,"name":"a_walk_0_08_"},{"time":0.8,"name":"a_walk_0_09_"},{"time":0.9,"name":"a_walk_0_10_"},{"time":1,"name":"a_walk_0_11_"},{"time":1.1,"name":"a_walk_0_12_"},{"time":1.2,"name":"a_walk_0_13_"},{"time":1.3,"name":"a_walk_0_14_"}]},"yz_0_":{"attachment":[{"time":0,"name":"yz_0_"}]}},"bones":{"a_walk_0_":{"translate":[{"time":0,"x":0,"y":60}]},"yz_0_":{"translate":[{"time":0,"x":4.09,"y":21.81}],"scale":[{"time":0,"x":-1.6,"y":1.1}]},"root":{"scale":[{"time":0,"x":-1,"y":1}]}}},"walk_5":{"slots":{"a_walk_5_":{"attachment":[{"time":0,"name":"a_walk_5_01_"},{"time":0.1,"name":"a_walk_5_02_"},{"time":0.2,"name":"a_walk_5_03_"},{"time":0.3,"name":"a_walk_5_04_"},{"time":0.4,"name":"a_walk_5_05_"},{"time":0.5,"name":"a_walk_5_06_"},{"time":0.6,"name":"a_walk_5_07_"},{"time":0.7,"name":"a_walk_5_08_"},{"time":0.8,"name":"a_walk_5_09_"},{"time":0.9,"name":"a_walk_5_10_"},{"time":1,"name":"a_walk_5_11_"},{"time":1.1,"name":"a_walk_5_12_"},{"time":1.2,"name":"a_walk_5_13_"},{"time":1.3,"name":"a_walk_5_14_"}]},"yz_0_":{"attachment":[{"time":0,"name":"yz_0_"}]}},"bones":{"a_walk_5_":{"translate":[{"time":0,"x":0,"y":60}]},"yz_0_":{"translate":[{"time":0,"x":16.38,"y":16.38}],"scale":[{"time":0,"x":1.604,"y":1.1}]},"yz":{"rotate":[{"time":0,"angle":45}]}}},"walk_6":{"slots":{"a_walk_6_":{"attachment":[{"time":0,"name":"a_walk_6_01_"},{"time":0.1,"name":"a_walk_6_02_"},{"time":0.2,"name":"a_walk_6_03_"},{"time":0.3,"name":"a_walk_6_04_"},{"time":0.4,"name":"a_walk_6_05_"},{"time":0.5,"name":"a_walk_6_06_"},{"time":0.6,"name":"a_walk_6_07_"},{"time":0.7,"name":"a_walk_6_08_"},{"time":0.8,"name":"a_walk_6_09_"},{"time":0.9,"name":"a_walk_6_10_"},{"time":1,"name":"a_walk_6_11_"},{"time":1.1,"name":"a_walk_6_12_"},{"time":1.2,"name":"a_walk_6_13_"},{"time":1.3,"name":"a_walk_6_14_"}]},"yz_0_":{"attachment":[{"time":0,"name":"yz_0_"}]}},"bones":{"a_walk_6_":{"translate":[{"time":0,"x":0,"y":60}]},"yz_0_":{"translate":[{"time":0,"x":0,"y":16.36}],"scale":[{"time":0,"x":1.1,"y":1.596}]}}},"walk_7":{"slots":{"a_walk_5_":{"attachment":[{"time":0,"name":"a_walk_5_01_"},{"time":0.1,"name":"a_walk_5_02_"},{"time":0.2,"name":"a_walk_5_03_"},{"time":0.3,"name":"a_walk_5_04_"},{"time":0.4,"name":"a_walk_5_05_"},{"time":0.5,"name":"a_walk_5_06_"},{"time":0.6,"name":"a_walk_5_07_"},{"time":0.7,"name":"a_walk_5_08_"},{"time":0.8,"name":"a_walk_5_09_"},{"time":0.9,"name":"a_walk_5_10_"},{"time":1,"name":"a_walk_5_11_"},{"time":1.1,"name":"a_walk_5_12_"},{"time":1.2,"name":"a_walk_5_13_"},{"time":1.3,"name":"a_walk_5_14_"}]},"yz_0_":{"attachment":[{"time":0,"name":"yz_0_"}]}},"bones":{"a_walk_5_":{"translate":[{"time":0,"x":0,"y":60}]},"yz_0_":{"translate":[{"time":0,"x":9.64,"y":20.24}],"scale":[{"time":0,"x":1.599,"y":1.1}]},"yz":{"rotate":[{"time":0,"angle":45}]},"root":{"scale":[{"time":0,"x":-1,"y":1}]}}}}}