{
"skeleton": { "hash": "Fwix6oc0Rv9VhogxjPPoy1CtKNA", "spine": "3.7.94", "width": 1100, "height": 800, "images": "./images/", "audio": "E:/城堡皮肤2023/蓝晶骑士2023.5月黄金宝箱/ae/导出/裁图/lanjing_di_djxx_group" },
"bones": [
	{ "name": "root" },
	{ "name": "ctr", "parent": "root", "x": -80, "y": 150, "scaleX": 1.25, "scaleY": 1.25 },
	{ "name": "lanjingdidjxx_UL_", "parent": "ctr" },
	{ "name": "lanjingdidjxx_UR_", "parent": "ctr" },
	{ "name": "lanjingdidjxx_DL_", "parent": "ctr" },
	{ "name": "lanjingdidjxx_DR_", "parent": "ctr" }
],
"slots": [
	{ "name": "lanjingdidjxx_UL_", "bone": "lanjingdidjxx_UL_", "attachment": "lanjingdidjxx_UL_000_" },
	{ "name": "lanjingdidjxx_UR_", "bone": "lanjingdidjxx_UR_", "attachment": "lanjingdidjxx_UR_000_" },
	{ "name": "lanjingdidjxx_DL_", "bone": "lanjingdidjxx_DL_", "attachment": "lanjingdidjxx_DL_000_" },
	{ "name": "lanjingdidjxx_DR_", "bone": "lanjingdidjxx_DR_", "attachment": "lanjingdidjxx_DR_000_" }
],
"skins": {
	"default": {
		"lanjingdidjxx_DL_": {
			"lanjingdidjxx_DL_000_": { "x": -165.5, "y": -156.5, "width": 331, "height": 313 },
			"lanjingdidjxx_DL_003_": { "x": -165.5, "y": -156.5, "width": 331, "height": 313 },
			"lanjingdidjxx_DL_006_": { "x": -165.5, "y": -156.5, "width": 331, "height": 313 },
			"lanjingdidjxx_DL_009_": { "x": -165.5, "y": -156.5, "width": 331, "height": 313 },
			"lanjingdidjxx_DL_012_": { "x": -165.5, "y": -156.5, "width": 331, "height": 313 },
			"lanjingdidjxx_DL_015_": { "x": -165.5, "y": -156.5, "width": 331, "height": 313 },
			"lanjingdidjxx_DL_018_": { "x": -165.5, "y": -156.5, "width": 331, "height": 313 },
			"lanjingdidjxx_DL_021_": { "x": -165.5, "y": -156.5, "width": 331, "height": 313 },
			"lanjingdidjxx_DL_024_": { "x": -165.5, "y": -156.5, "width": 331, "height": 313 },
			"lanjingdidjxx_DL_027_": { "x": -165.5, "y": -156.5, "width": 331, "height": 313 },
			"lanjingdidjxx_DL_030_": { "x": -165.5, "y": -156.5, "width": 331, "height": 313 },
			"lanjingdidjxx_DL_033_": { "x": -165.5, "y": -156.5, "width": 331, "height": 313 },
			"lanjingdidjxx_DL_036_": { "x": -165.5, "y": -156.5, "width": 331, "height": 313 },
			"lanjingdidjxx_DL_039_": { "x": -165.5, "y": -156.5, "width": 331, "height": 313 },
			"lanjingdidjxx_DL_042_": { "x": -165.5, "y": -156.5, "width": 331, "height": 313 },
			"lanjingdidjxx_DL_045_": { "x": -165.5, "y": -156.5, "width": 331, "height": 313 },
			"lanjingdidjxx_DL_048_": { "x": -165.5, "y": -156.5, "width": 331, "height": 313 },
			"lanjingdidjxx_DL_051_": { "x": -165.5, "y": -156.5, "width": 331, "height": 313 },
			"lanjingdidjxx_DL_054_": { "x": -165.5, "y": -156.5, "width": 331, "height": 313 },
			"lanjingdidjxx_DL_057_": { "x": -165.5, "y": -156.5, "width": 331, "height": 313 },
			"lanjingdidjxx_DL_060_": { "x": -165.5, "y": -156.5, "width": 331, "height": 313 },
			"lanjingdidjxx_DL_063_": { "x": -165.5, "y": -156.5, "width": 331, "height": 313 },
			"lanjingdidjxx_DL_066_": { "x": -165.5, "y": -156.5, "width": 331, "height": 313 },
			"lanjingdidjxx_DL_069_": { "x": -165.5, "y": -156.5, "width": 331, "height": 313 },
			"lanjingdidjxx_DL_072_": { "x": -165.5, "y": -156.5, "width": 331, "height": 313 },
			"lanjingdidjxx_DL_075_": { "x": -165.5, "y": -156.5, "width": 331, "height": 313 },
			"lanjingdidjxx_DL_078_": { "x": -165.5, "y": -156.5, "width": 331, "height": 313 },
			"lanjingdidjxx_DL_081_": { "x": -165.5, "y": -156.5, "width": 331, "height": 313 },
			"lanjingdidjxx_DL_084_": { "x": -165.5, "y": -156.5, "width": 331, "height": 313 },
			"lanjingdidjxx_DL_087_": { "x": -165.5, "y": -156.5, "width": 331, "height": 313 },
			"lanjingdidjxx_DL_090_": { "x": -165.5, "y": -156.5, "width": 331, "height": 313 },
			"lanjingdidjxx_DL_093_": { "x": -165.5, "y": -156.5, "width": 331, "height": 313 },
			"lanjingdidjxx_DL_096_": { "x": -165.5, "y": -156.5, "width": 331, "height": 313 },
			"lanjingdidjxx_DL_099_": { "x": -165.5, "y": -156.5, "width": 331, "height": 313 }
		},
		"lanjingdidjxx_DR_": {
			"lanjingdidjxx_DR_000_": { "x": 274.5, "y": -156.5, "width": 549, "height": 313 },
			"lanjingdidjxx_DR_003_": { "x": 274.5, "y": -156.5, "width": 549, "height": 313 },
			"lanjingdidjxx_DR_006_": { "x": 274.5, "y": -156.5, "width": 549, "height": 313 },
			"lanjingdidjxx_DR_009_": { "x": 274.5, "y": -156.5, "width": 549, "height": 313 },
			"lanjingdidjxx_DR_012_": { "x": 274.5, "y": -156.5, "width": 549, "height": 313 },
			"lanjingdidjxx_DR_015_": { "x": 274.5, "y": -156.5, "width": 549, "height": 313 },
			"lanjingdidjxx_DR_018_": { "x": 274.5, "y": -156.5, "width": 549, "height": 313 },
			"lanjingdidjxx_DR_021_": { "x": 274.5, "y": -156.5, "width": 549, "height": 313 },
			"lanjingdidjxx_DR_024_": { "x": 274.5, "y": -156.5, "width": 549, "height": 313 },
			"lanjingdidjxx_DR_027_": { "x": 274.5, "y": -156.5, "width": 549, "height": 313 },
			"lanjingdidjxx_DR_030_": { "x": 274.5, "y": -156.5, "width": 549, "height": 313 },
			"lanjingdidjxx_DR_033_": { "x": 274.5, "y": -156.5, "width": 549, "height": 313 },
			"lanjingdidjxx_DR_036_": { "x": 274.5, "y": -156.5, "width": 549, "height": 313 },
			"lanjingdidjxx_DR_039_": { "x": 274.5, "y": -156.5, "width": 549, "height": 313 },
			"lanjingdidjxx_DR_042_": { "x": 274.5, "y": -156.5, "width": 549, "height": 313 },
			"lanjingdidjxx_DR_045_": { "x": 274.5, "y": -156.5, "width": 549, "height": 313 },
			"lanjingdidjxx_DR_048_": { "x": 274.5, "y": -156.5, "width": 549, "height": 313 },
			"lanjingdidjxx_DR_051_": { "x": 274.5, "y": -156.5, "width": 549, "height": 313 },
			"lanjingdidjxx_DR_054_": { "x": 274.5, "y": -156.5, "width": 549, "height": 313 },
			"lanjingdidjxx_DR_057_": { "x": 274.5, "y": -156.5, "width": 549, "height": 313 },
			"lanjingdidjxx_DR_060_": { "x": 274.5, "y": -156.5, "width": 549, "height": 313 },
			"lanjingdidjxx_DR_063_": { "x": 274.5, "y": -156.5, "width": 549, "height": 313 },
			"lanjingdidjxx_DR_066_": { "x": 274.5, "y": -156.5, "width": 549, "height": 313 },
			"lanjingdidjxx_DR_069_": { "x": 274.5, "y": -156.5, "width": 549, "height": 313 },
			"lanjingdidjxx_DR_072_": { "x": 274.5, "y": -156.5, "width": 549, "height": 313 },
			"lanjingdidjxx_DR_075_": { "x": 274.5, "y": -156.5, "width": 549, "height": 313 },
			"lanjingdidjxx_DR_078_": { "x": 274.5, "y": -156.5, "width": 549, "height": 313 },
			"lanjingdidjxx_DR_081_": { "x": 274.5, "y": -156.5, "width": 549, "height": 313 },
			"lanjingdidjxx_DR_084_": { "x": 274.5, "y": -156.5, "width": 549, "height": 313 },
			"lanjingdidjxx_DR_087_": { "x": 274.5, "y": -156.5, "width": 549, "height": 313 },
			"lanjingdidjxx_DR_090_": { "x": 274.5, "y": -156.5, "width": 549, "height": 313 },
			"lanjingdidjxx_DR_093_": { "x": 274.5, "y": -156.5, "width": 549, "height": 313 },
			"lanjingdidjxx_DR_096_": { "x": 274.5, "y": -156.5, "width": 549, "height": 313 },
			"lanjingdidjxx_DR_099_": { "x": 274.5, "y": -156.5, "width": 549, "height": 313 }
		},
		"lanjingdidjxx_UL_": {
			"lanjingdidjxx_UL_000_": { "x": -165.5, "y": 163.5, "width": 331, "height": 327 },
			"lanjingdidjxx_UL_003_": { "x": -165.5, "y": 163.5, "width": 331, "height": 327 },
			"lanjingdidjxx_UL_006_": { "x": -165.5, "y": 163.5, "width": 331, "height": 327 },
			"lanjingdidjxx_UL_009_": { "x": -165.5, "y": 163.5, "width": 331, "height": 327 },
			"lanjingdidjxx_UL_012_": { "x": -165.5, "y": 163.5, "width": 331, "height": 327 },
			"lanjingdidjxx_UL_015_": { "x": -165.5, "y": 163.5, "width": 331, "height": 327 },
			"lanjingdidjxx_UL_018_": { "x": -165.5, "y": 163.5, "width": 331, "height": 327 },
			"lanjingdidjxx_UL_021_": { "x": -165.5, "y": 163.5, "width": 331, "height": 327 },
			"lanjingdidjxx_UL_024_": { "x": -165.5, "y": 163.5, "width": 331, "height": 327 },
			"lanjingdidjxx_UL_027_": { "x": -165.5, "y": 163.5, "width": 331, "height": 327 },
			"lanjingdidjxx_UL_030_": { "x": -165.5, "y": 163.5, "width": 331, "height": 327 },
			"lanjingdidjxx_UL_033_": { "x": -165.5, "y": 163.5, "width": 331, "height": 327 },
			"lanjingdidjxx_UL_036_": { "x": -165.5, "y": 163.5, "width": 331, "height": 327 },
			"lanjingdidjxx_UL_039_": { "x": -165.5, "y": 163.5, "width": 331, "height": 327 },
			"lanjingdidjxx_UL_042_": { "x": -165.5, "y": 163.5, "width": 331, "height": 327 },
			"lanjingdidjxx_UL_045_": { "x": -165.5, "y": 163.5, "width": 331, "height": 327 },
			"lanjingdidjxx_UL_048_": { "x": -165.5, "y": 163.5, "width": 331, "height": 327 },
			"lanjingdidjxx_UL_051_": { "x": -165.5, "y": 163.5, "width": 331, "height": 327 },
			"lanjingdidjxx_UL_054_": { "x": -165.5, "y": 163.5, "width": 331, "height": 327 },
			"lanjingdidjxx_UL_057_": { "x": -165.5, "y": 163.5, "width": 331, "height": 327 },
			"lanjingdidjxx_UL_060_": { "x": -165.5, "y": 163.5, "width": 331, "height": 327 },
			"lanjingdidjxx_UL_063_": { "x": -165.5, "y": 163.5, "width": 331, "height": 327 },
			"lanjingdidjxx_UL_066_": { "x": -165.5, "y": 163.5, "width": 331, "height": 327 },
			"lanjingdidjxx_UL_069_": { "x": -165.5, "y": 163.5, "width": 331, "height": 327 },
			"lanjingdidjxx_UL_072_": { "x": -165.5, "y": 163.5, "width": 331, "height": 327 },
			"lanjingdidjxx_UL_075_": { "x": -165.5, "y": 163.5, "width": 331, "height": 327 },
			"lanjingdidjxx_UL_078_": { "x": -165.5, "y": 163.5, "width": 331, "height": 327 },
			"lanjingdidjxx_UL_081_": { "x": -165.5, "y": 163.5, "width": 331, "height": 327 },
			"lanjingdidjxx_UL_084_": { "x": -165.5, "y": 163.5, "width": 331, "height": 327 },
			"lanjingdidjxx_UL_087_": { "x": -165.5, "y": 163.5, "width": 331, "height": 327 },
			"lanjingdidjxx_UL_090_": { "x": -165.5, "y": 163.5, "width": 331, "height": 327 },
			"lanjingdidjxx_UL_093_": { "x": -165.5, "y": 163.5, "width": 331, "height": 327 },
			"lanjingdidjxx_UL_096_": { "x": -165.5, "y": 163.5, "width": 331, "height": 327 },
			"lanjingdidjxx_UL_099_": { "x": -165.5, "y": 163.5, "width": 331, "height": 327 }
		},
		"lanjingdidjxx_UR_": {
			"lanjingdidjxx_UR_000_": { "x": 274.5, "y": 163.5, "width": 549, "height": 327 },
			"lanjingdidjxx_UR_003_": { "x": 274.5, "y": 163.5, "width": 549, "height": 327 },
			"lanjingdidjxx_UR_006_": { "x": 274.5, "y": 163.5, "width": 549, "height": 327 },
			"lanjingdidjxx_UR_009_": { "x": 274.5, "y": 163.5, "width": 549, "height": 327 },
			"lanjingdidjxx_UR_012_": { "x": 274.5, "y": 163.5, "width": 549, "height": 327 },
			"lanjingdidjxx_UR_015_": { "x": 274.5, "y": 163.5, "width": 549, "height": 327 },
			"lanjingdidjxx_UR_018_": { "x": 274.5, "y": 163.5, "width": 549, "height": 327 },
			"lanjingdidjxx_UR_021_": { "x": 274.5, "y": 163.5, "width": 549, "height": 327 },
			"lanjingdidjxx_UR_024_": { "x": 274.5, "y": 163.5, "width": 549, "height": 327 },
			"lanjingdidjxx_UR_027_": { "x": 274.5, "y": 163.5, "width": 549, "height": 327 },
			"lanjingdidjxx_UR_030_": { "x": 274.5, "y": 163.5, "width": 549, "height": 327 },
			"lanjingdidjxx_UR_033_": { "x": 274.5, "y": 163.5, "width": 549, "height": 327 },
			"lanjingdidjxx_UR_036_": { "x": 274.5, "y": 163.5, "width": 549, "height": 327 },
			"lanjingdidjxx_UR_039_": { "x": 274.5, "y": 163.5, "width": 549, "height": 327 },
			"lanjingdidjxx_UR_042_": { "x": 274.5, "y": 163.5, "width": 549, "height": 327 },
			"lanjingdidjxx_UR_045_": { "x": 274.5, "y": 163.5, "width": 549, "height": 327 },
			"lanjingdidjxx_UR_048_": { "x": 274.5, "y": 163.5, "width": 549, "height": 327 },
			"lanjingdidjxx_UR_051_": { "x": 274.5, "y": 163.5, "width": 549, "height": 327 },
			"lanjingdidjxx_UR_054_": { "x": 274.5, "y": 163.5, "width": 549, "height": 327 },
			"lanjingdidjxx_UR_057_": { "x": 274.5, "y": 163.5, "width": 549, "height": 327 },
			"lanjingdidjxx_UR_060_": { "x": 274.5, "y": 163.5, "width": 549, "height": 327 },
			"lanjingdidjxx_UR_063_": { "x": 274.5, "y": 163.5, "width": 549, "height": 327 },
			"lanjingdidjxx_UR_066_": { "x": 274.5, "y": 163.5, "width": 549, "height": 327 },
			"lanjingdidjxx_UR_069_": { "x": 274.5, "y": 163.5, "width": 549, "height": 327 },
			"lanjingdidjxx_UR_072_": { "x": 274.5, "y": 163.5, "width": 549, "height": 327 },
			"lanjingdidjxx_UR_075_": { "x": 274.5, "y": 163.5, "width": 549, "height": 327 },
			"lanjingdidjxx_UR_078_": { "x": 274.5, "y": 163.5, "width": 549, "height": 327 },
			"lanjingdidjxx_UR_081_": { "x": 274.5, "y": 163.5, "width": 549, "height": 327 },
			"lanjingdidjxx_UR_084_": { "x": 274.5, "y": 163.5, "width": 549, "height": 327 },
			"lanjingdidjxx_UR_087_": { "x": 274.5, "y": 163.5, "width": 549, "height": 327 },
			"lanjingdidjxx_UR_090_": { "x": 274.5, "y": 163.5, "width": 549, "height": 327 },
			"lanjingdidjxx_UR_093_": { "x": 274.5, "y": 163.5, "width": 549, "height": 327 },
			"lanjingdidjxx_UR_096_": { "x": 274.5, "y": 163.5, "width": 549, "height": 327 },
			"lanjingdidjxx_UR_099_": { "x": 274.5, "y": 163.5, "width": 549, "height": 327 }
		}
	}
},
"animations": {
	"animation": {
		"slots": {
			"lanjingdidjxx_DL_": {
				"attachment": [
					{ "time": 0, "name": "lanjingdidjxx_DL_000_" },
					{ "time": 0.1, "name": "lanjingdidjxx_DL_003_" },
					{ "time": 0.2, "name": "lanjingdidjxx_DL_006_" },
					{ "time": 0.3, "name": "lanjingdidjxx_DL_009_" },
					{ "time": 0.4, "name": "lanjingdidjxx_DL_012_" },
					{ "time": 0.5, "name": "lanjingdidjxx_DL_015_" },
					{ "time": 0.6, "name": "lanjingdidjxx_DL_018_" },
					{ "time": 0.7, "name": "lanjingdidjxx_DL_021_" },
					{ "time": 0.8, "name": "lanjingdidjxx_DL_024_" },
					{ "time": 0.9, "name": "lanjingdidjxx_DL_027_" },
					{ "time": 1, "name": "lanjingdidjxx_DL_030_" },
					{ "time": 1.1, "name": "lanjingdidjxx_DL_033_" },
					{ "time": 1.2, "name": "lanjingdidjxx_DL_036_" },
					{ "time": 1.3, "name": "lanjingdidjxx_DL_039_" },
					{ "time": 1.4, "name": "lanjingdidjxx_DL_042_" },
					{ "time": 1.5, "name": "lanjingdidjxx_DL_045_" },
					{ "time": 1.6, "name": "lanjingdidjxx_DL_048_" },
					{ "time": 1.7, "name": "lanjingdidjxx_DL_051_" },
					{ "time": 1.8, "name": "lanjingdidjxx_DL_054_" },
					{ "time": 1.9, "name": "lanjingdidjxx_DL_057_" },
					{ "time": 2, "name": "lanjingdidjxx_DL_060_" },
					{ "time": 2.1, "name": "lanjingdidjxx_DL_063_" },
					{ "time": 2.2, "name": "lanjingdidjxx_DL_066_" },
					{ "time": 2.3, "name": "lanjingdidjxx_DL_069_" },
					{ "time": 2.4, "name": "lanjingdidjxx_DL_072_" },
					{ "time": 2.5, "name": "lanjingdidjxx_DL_075_" },
					{ "time": 2.6, "name": "lanjingdidjxx_DL_078_" },
					{ "time": 2.7, "name": "lanjingdidjxx_DL_081_" },
					{ "time": 2.8, "name": "lanjingdidjxx_DL_084_" },
					{ "time": 2.9, "name": "lanjingdidjxx_DL_087_" },
					{ "time": 3, "name": "lanjingdidjxx_DL_090_" },
					{ "time": 3.1, "name": "lanjingdidjxx_DL_093_" },
					{ "time": 3.2, "name": "lanjingdidjxx_DL_096_" },
					{ "time": 3.3, "name": "lanjingdidjxx_DL_099_" },
					{ "time": 3.4, "name": null },
					{ "time": 6.5, "name": null }
				]
			},
			"lanjingdidjxx_DR_": {
				"attachment": [
					{ "time": 0, "name": "lanjingdidjxx_DR_000_" },
					{ "time": 0.1, "name": "lanjingdidjxx_DR_003_" },
					{ "time": 0.2, "name": "lanjingdidjxx_DR_006_" },
					{ "time": 0.3, "name": "lanjingdidjxx_DR_009_" },
					{ "time": 0.4, "name": "lanjingdidjxx_DR_012_" },
					{ "time": 0.5, "name": "lanjingdidjxx_DR_015_" },
					{ "time": 0.6, "name": "lanjingdidjxx_DR_018_" },
					{ "time": 0.7, "name": "lanjingdidjxx_DR_021_" },
					{ "time": 0.8, "name": "lanjingdidjxx_DR_024_" },
					{ "time": 0.9, "name": "lanjingdidjxx_DR_027_" },
					{ "time": 1, "name": "lanjingdidjxx_DR_030_" },
					{ "time": 1.1, "name": "lanjingdidjxx_DR_033_" },
					{ "time": 1.2, "name": "lanjingdidjxx_DR_036_" },
					{ "time": 1.3, "name": "lanjingdidjxx_DR_039_" },
					{ "time": 1.4, "name": "lanjingdidjxx_DR_042_" },
					{ "time": 1.5, "name": "lanjingdidjxx_DR_045_" },
					{ "time": 1.6, "name": "lanjingdidjxx_DR_048_" },
					{ "time": 1.7, "name": "lanjingdidjxx_DR_051_" },
					{ "time": 1.8, "name": "lanjingdidjxx_DR_054_" },
					{ "time": 1.9, "name": "lanjingdidjxx_DR_057_" },
					{ "time": 2, "name": "lanjingdidjxx_DR_060_" },
					{ "time": 2.1, "name": "lanjingdidjxx_DR_063_" },
					{ "time": 2.2, "name": "lanjingdidjxx_DR_066_" },
					{ "time": 2.3, "name": "lanjingdidjxx_DR_069_" },
					{ "time": 2.4, "name": "lanjingdidjxx_DR_072_" },
					{ "time": 2.5, "name": "lanjingdidjxx_DR_075_" },
					{ "time": 2.6, "name": "lanjingdidjxx_DR_078_" },
					{ "time": 2.7, "name": "lanjingdidjxx_DR_081_" },
					{ "time": 2.8, "name": "lanjingdidjxx_DR_084_" },
					{ "time": 2.9, "name": "lanjingdidjxx_DR_087_" },
					{ "time": 3, "name": "lanjingdidjxx_DR_090_" },
					{ "time": 3.1, "name": "lanjingdidjxx_DR_093_" },
					{ "time": 3.2, "name": "lanjingdidjxx_DR_096_" },
					{ "time": 3.3, "name": "lanjingdidjxx_DR_099_" },
					{ "time": 3.4, "name": null },
					{ "time": 6.5, "name": null }
				]
			},
			"lanjingdidjxx_UL_": {
				"attachment": [
					{ "time": 0, "name": "lanjingdidjxx_UL_000_" },
					{ "time": 0.1, "name": "lanjingdidjxx_UL_003_" },
					{ "time": 0.2, "name": "lanjingdidjxx_UL_006_" },
					{ "time": 0.3, "name": "lanjingdidjxx_UL_009_" },
					{ "time": 0.4, "name": "lanjingdidjxx_UL_012_" },
					{ "time": 0.5, "name": "lanjingdidjxx_UL_015_" },
					{ "time": 0.6, "name": "lanjingdidjxx_UL_018_" },
					{ "time": 0.7, "name": "lanjingdidjxx_UL_021_" },
					{ "time": 0.8, "name": "lanjingdidjxx_UL_024_" },
					{ "time": 0.9, "name": "lanjingdidjxx_UL_027_" },
					{ "time": 1, "name": "lanjingdidjxx_UL_030_" },
					{ "time": 1.1, "name": "lanjingdidjxx_UL_033_" },
					{ "time": 1.2, "name": "lanjingdidjxx_UL_036_" },
					{ "time": 1.3, "name": "lanjingdidjxx_UL_039_" },
					{ "time": 1.4, "name": "lanjingdidjxx_UL_042_" },
					{ "time": 1.5, "name": "lanjingdidjxx_UL_045_" },
					{ "time": 1.6, "name": "lanjingdidjxx_UL_048_" },
					{ "time": 1.7, "name": "lanjingdidjxx_UL_051_" },
					{ "time": 1.8, "name": "lanjingdidjxx_UL_054_" },
					{ "time": 1.9, "name": "lanjingdidjxx_UL_057_" },
					{ "time": 2, "name": "lanjingdidjxx_UL_060_" },
					{ "time": 2.1, "name": "lanjingdidjxx_UL_063_" },
					{ "time": 2.2, "name": "lanjingdidjxx_UL_066_" },
					{ "time": 2.3, "name": "lanjingdidjxx_UL_069_" },
					{ "time": 2.4, "name": "lanjingdidjxx_UL_072_" },
					{ "time": 2.5, "name": "lanjingdidjxx_UL_075_" },
					{ "time": 2.6, "name": "lanjingdidjxx_UL_078_" },
					{ "time": 2.7, "name": "lanjingdidjxx_UL_081_" },
					{ "time": 2.8, "name": "lanjingdidjxx_UL_084_" },
					{ "time": 2.9, "name": "lanjingdidjxx_UL_087_" },
					{ "time": 3, "name": "lanjingdidjxx_UL_090_" },
					{ "time": 3.1, "name": "lanjingdidjxx_UL_093_" },
					{ "time": 3.2, "name": "lanjingdidjxx_UL_096_" },
					{ "time": 3.3, "name": "lanjingdidjxx_UL_099_" },
					{ "time": 3.4, "name": null },
					{ "time": 6.5, "name": null }
				]
			},
			"lanjingdidjxx_UR_": {
				"attachment": [
					{ "time": 0, "name": "lanjingdidjxx_UR_000_" },
					{ "time": 0.1, "name": "lanjingdidjxx_UR_003_" },
					{ "time": 0.2, "name": "lanjingdidjxx_UR_006_" },
					{ "time": 0.3, "name": "lanjingdidjxx_UR_009_" },
					{ "time": 0.4, "name": "lanjingdidjxx_UR_012_" },
					{ "time": 0.5, "name": "lanjingdidjxx_UR_015_" },
					{ "time": 0.6, "name": "lanjingdidjxx_UR_018_" },
					{ "time": 0.7, "name": "lanjingdidjxx_UR_021_" },
					{ "time": 0.8, "name": "lanjingdidjxx_UR_024_" },
					{ "time": 0.9, "name": "lanjingdidjxx_UR_027_" },
					{ "time": 1, "name": "lanjingdidjxx_UR_030_" },
					{ "time": 1.1, "name": "lanjingdidjxx_UR_033_" },
					{ "time": 1.2, "name": "lanjingdidjxx_UR_036_" },
					{ "time": 1.3, "name": "lanjingdidjxx_UR_039_" },
					{ "time": 1.4, "name": "lanjingdidjxx_UR_042_" },
					{ "time": 1.5, "name": "lanjingdidjxx_UR_045_" },
					{ "time": 1.6, "name": "lanjingdidjxx_UR_048_" },
					{ "time": 1.7, "name": "lanjingdidjxx_UR_051_" },
					{ "time": 1.8, "name": "lanjingdidjxx_UR_054_" },
					{ "time": 1.9, "name": "lanjingdidjxx_UR_057_" },
					{ "time": 2, "name": "lanjingdidjxx_UR_060_" },
					{ "time": 2.1, "name": "lanjingdidjxx_UR_063_" },
					{ "time": 2.2, "name": "lanjingdidjxx_UR_066_" },
					{ "time": 2.3, "name": "lanjingdidjxx_UR_069_" },
					{ "time": 2.4, "name": "lanjingdidjxx_UR_072_" },
					{ "time": 2.5, "name": "lanjingdidjxx_UR_075_" },
					{ "time": 2.6, "name": "lanjingdidjxx_UR_078_" },
					{ "time": 2.7, "name": "lanjingdidjxx_UR_081_" },
					{ "time": 2.8, "name": "lanjingdidjxx_UR_084_" },
					{ "time": 2.9, "name": "lanjingdidjxx_UR_087_" },
					{ "time": 3, "name": "lanjingdidjxx_UR_090_" },
					{ "time": 3.1, "name": "lanjingdidjxx_UR_093_" },
					{ "time": 3.2, "name": "lanjingdidjxx_UR_096_" },
					{ "time": 3.3, "name": "lanjingdidjxx_UR_099_" },
					{ "time": 3.4, "name": null },
					{ "time": 6.5, "name": null }
				]
			}
		}
	}
}
}