{
"skeleton": { "hash": "artkSBZf/HLW5YJZUREdb4Fj3fw", "spine": "3.7.94", "width": 0, "height": 0, "images": "./images/", "audio": "" },
"bones": [
	{ "name": "root" },
	{ "name": "ctrl", "parent": "root" },
	{ "name": "door_1", "parent": "ctrl", "scaleX": 2.5, "scaleY": 2.5 },
	{ "name": "high_xx_yu02", "parent": "ctrl", "scaleX": 2.5, "scaleY": 2.5 },
	{ "name": "high_xx_yu01", "parent": "ctrl", "scaleX": 2.5, "scaleY": 2.5 },
	{ "name": "high_xx_trail03", "parent": "ctrl", "scaleX": 2.5, "scaleY": 2.5 },
	{ "name": "high_xx_trail01", "parent": "ctrl", "scaleX": 2.5, "scaleY": 2.5 },
	{ "name": "high_xx_trail02", "parent": "ctrl", "scaleX": 2.5, "scaleY": 2.5 },
	{ "name": "high_xx_shadow03", "parent": "ctrl", "scaleX": 5, "scaleY": 5 },
	{ "name": "high_xx_shadow02", "parent": "ctrl", "scaleX": 5, "scaleY": 5 },
	{ "name": "high_xx_shadow01", "parent": "ctrl", "scaleX": 5, "scaleY": 5 },
	{ "name": "high_xx_body02", "parent": "ctrl", "scaleX": 1.39, "scaleY": 1.39 },
	{ "name": "high_xx_body01_", "parent": "ctrl", "scaleX": 1.39, "scaleY": 1.39 },
	{ "name": "high_idle_yu", "parent": "root", "scaleX": 2.5, "scaleY": 2.5 },
	{ "name": "high_idle_shadow", "parent": "root", "scaleX": 5, "scaleY": 5 },
	{ "name": "high_idle_", "parent": "root", "scaleX": 1.39, "scaleY": 1.39 },
	{ "name": "door_2", "parent": "ctrl", "scaleX": 2.8, "scaleY": 2.8 },
	{ "name": "high_xx_body03", "parent": "ctrl", "scaleX": 1.39, "scaleY": 1.39 },
	{ "name": "high_xx_yu03", "parent": "ctrl", "scaleX": 2.5, "scaleY": 2.5 }
],
"slots": [
	{ "name": "high_xx_shadow03", "bone": "high_xx_shadow03" },
	{ "name": "high_xx_shadow02", "bone": "high_xx_shadow02" },
	{ "name": "high_xx_shadow01", "bone": "high_xx_shadow01" },
	{ "name": "door_2", "bone": "door_2" },
	{ "name": "high_xx_body02", "bone": "high_xx_body02" },
	{ "name": "high_xx_yu02", "bone": "high_xx_yu02" },
	{ "name": "high_xx_trail02", "bone": "high_xx_trail02" },
	{ "name": "high_xx_body01_", "bone": "high_xx_body01_" },
	{ "name": "high_xx_yu01", "bone": "high_xx_yu01" },
	{ "name": "high_xx_trail01", "bone": "high_xx_trail01" },
	{ "name": "high_idle_shadow", "bone": "high_idle_shadow" },
	{ "name": "high_idle_", "bone": "high_idle_" },
	{ "name": "high_idle_yu", "bone": "high_idle_yu" },
	{ "name": "door_1", "bone": "door_1" },
	{ "name": "xx_body03_", "bone": "high_xx_body03" },
	{ "name": "high_xx_trail03", "bone": "high_xx_trail03" },
	{ "name": "high_xx_yu03", "bone": "high_xx_yu03" }
],
"skins": {
	"default": {
		"door_1": {
			"door_1_030_": { "width": 374, "height": 374 },
			"door_1_032_": { "width": 374, "height": 374 },
			"door_1_034_": { "width": 374, "height": 374 },
			"door_1_036_": { "width": 374, "height": 374 },
			"door_1_038_": { "width": 374, "height": 374 },
			"door_1_040_": { "width": 374, "height": 374 },
			"door_1_042_": { "width": 374, "height": 374 },
			"door_1_044_": { "width": 374, "height": 374 },
			"door_1_046_": { "width": 374, "height": 374 },
			"door_1_048_": { "width": 374, "height": 374 },
			"door_1_050_": { "width": 374, "height": 374 },
			"door_1_052_": { "width": 374, "height": 374 },
			"door_1_054_": { "width": 374, "height": 374 },
			"door_1_056_": { "width": 374, "height": 374 },
			"door_1_058_": { "width": 374, "height": 374 }
		},
		"door_2": {
			"door_2_093_": { "width": 346, "height": 346 },
			"door_2_095_": { "width": 346, "height": 346 },
			"door_2_096_": { "width": 346, "height": 346 },
			"door_2_097_": { "width": 346, "height": 346 },
			"door_2_098_": { "width": 346, "height": 346 },
			"door_2_099_": { "width": 346, "height": 346 },
			"door_2_101_": { "width": 346, "height": 346 },
			"door_2_103_": { "width": 346, "height": 346 },
			"door_2_105_": { "width": 346, "height": 346 },
			"door_2_107_": { "width": 346, "height": 346 },
			"door_2_109_": { "width": 346, "height": 346 },
			"door_2_111_": { "width": 346, "height": 346 },
			"door_2_113_": { "width": 346, "height": 346 },
			"door_2_115_": { "width": 346, "height": 346 },
			"door_2_117_": { "width": 346, "height": 346 }
		},
		"high_xx_body01_": {
			"high_xx_body01_000_": { "width": 2333, "height": 2333 },
			"high_xx_body01_003_": { "width": 2333, "height": 2333 },
			"high_xx_body01_006_": { "width": 2333, "height": 2333 },
			"high_xx_body01_009_": { "width": 2333, "height": 2333 },
			"high_xx_body01_012_": { "width": 2333, "height": 2333 },
			"high_xx_body01_015_": { "width": 2333, "height": 2333 },
			"high_xx_body01_018_": { "width": 2333, "height": 2333 },
			"high_xx_body01_021_": { "width": 2333, "height": 2333 },
			"high_xx_body01_024_": { "width": 2333, "height": 2333 },
			"high_xx_body01_027_": { "width": 2333, "height": 2333 },
			"high_xx_body01_030_": { "width": 2333, "height": 2333 },
			"high_xx_body01_033_": { "width": 2333, "height": 2333 },
			"high_xx_body01_036_": { "width": 2333, "height": 2333 }
		},
		"high_xx_shadow01": {
			"high_xx_shadow01_000_": { "width": 648, "height": 648 },
			"high_xx_shadow01_003_": { "width": 648, "height": 648 },
			"high_xx_shadow01_006_": { "width": 648, "height": 648 },
			"high_xx_shadow01_009_": { "width": 648, "height": 648 },
			"high_xx_shadow01_012_": { "width": 648, "height": 648 },
			"high_xx_shadow01_015_": { "width": 648, "height": 648 },
			"high_xx_shadow01_018_": { "width": 648, "height": 648 },
			"high_xx_shadow01_021_": { "width": 648, "height": 648 },
			"high_xx_shadow01_024_": { "width": 648, "height": 648 },
			"high_xx_shadow01_027_": { "width": 648, "height": 648 },
			"high_xx_shadow01_030_": { "width": 648, "height": 648 },
			"high_xx_shadow01_033_": { "width": 648, "height": 648 },
			"high_xx_shadow01_036_": { "width": 648, "height": 648 },
			"high_xx_shadow01_039_": { "width": 648, "height": 648 },
			"high_xx_shadow01_042_": { "width": 648, "height": 648 }
		},
		"high_xx_trail01": {
			"high_xx_trail01_015_": { "width": 1296, "height": 1296 },
			"high_xx_trail01_018_": { "width": 1296, "height": 1296 },
			"high_xx_trail01_021_": { "width": 1296, "height": 1296 },
			"high_xx_trail01_024_": { "width": 1296, "height": 1296 },
			"high_xx_trail01_027_": { "width": 1296, "height": 1296 },
			"high_xx_trail01_030_": { "width": 1296, "height": 1296 },
			"high_xx_trail01_033_": { "width": 1296, "height": 1296 },
			"high_xx_trail01_036_": { "width": 1296, "height": 1296 }
		},
		"high_xx_yu01": {
			"high_xx_yu01_003_": { "width": 1296, "height": 1296 },
			"high_xx_yu01_006_": { "width": 1296, "height": 1296 },
			"high_xx_yu01_009_": { "width": 1296, "height": 1296 },
			"high_xx_yu01_012_": { "width": 1296, "height": 1296 },
			"high_xx_yu01_015_": { "width": 1296, "height": 1296 },
			"high_xx_yu01_018_": { "width": 1296, "height": 1296 },
			"high_xx_yu01_021_": { "width": 1296, "height": 1296 },
			"high_xx_yu01_024_": { "width": 1296, "height": 1296 },
			"high_xx_yu01_027_": { "width": 1296, "height": 1296 },
			"high_xx_yu01_030_": { "width": 1296, "height": 1296 },
			"high_xx_yu01_033_": { "width": 1296, "height": 1296 },
			"high_xx_yu01_036_": { "width": 1296, "height": 1296 }
		}
	}
},
"animations": {
	"idle": {
		"slots": {
			"high_idle_": {
				"attachment": [
					{ "time": 2, "name": null }
				]
			},
			"high_idle_shadow": {
				"attachment": [
					{ "time": 2, "name": null }
				]
			},
			"high_idle_yu": {
				"attachment": [
					{ "time": 2, "name": null }
				]
			}
		},
		"bones": {
			"high_idle_": {
				"translate": [
					{ "time": 0, "x": -175, "y": 125, "curve": "stepped" },
					{ "time": 11.2, "x": -175, "y": 125 }
				]
			},
			"high_idle_shadow": {
				"translate": [
					{ "time": 0, "x": -175, "y": 125, "curve": "stepped" },
					{ "time": 11.2, "x": -175, "y": 125 }
				]
			},
			"high_idle_yu": {
				"translate": [
					{ "time": 0, "x": -175, "y": 125, "curve": "stepped" },
					{ "time": 11.2, "x": -175, "y": 125 }
				]
			}
		}
	},
	"xiuxian": {
		"slots": {
			"door_1": {
				"attachment": [
					{ "time": 0, "name": null },
					{ "time": 6.9, "name": "door_1_030_" },
					{ "time": 6.9667, "name": "door_1_032_" },
					{ "time": 7.0333, "name": "door_1_034_" },
					{ "time": 7.1, "name": "door_1_036_" },
					{ "time": 7.1667, "name": "door_1_038_" },
					{ "time": 7.2333, "name": "door_1_040_" },
					{ "time": 7.3, "name": "door_1_042_" },
					{ "time": 7.3667, "name": "door_1_044_" },
					{ "time": 7.4333, "name": "door_1_046_" },
					{ "time": 7.5, "name": "door_1_048_" },
					{ "time": 7.5667, "name": "door_1_050_" },
					{ "time": 7.6333, "name": "door_1_052_" },
					{ "time": 7.7, "name": "door_1_054_" },
					{ "time": 7.7667, "name": "door_1_056_" },
					{ "time": 7.8333, "name": "door_1_058_" },
					{ "time": 7.9, "name": null },
					{ "time": 9.0333, "name": "door_1_030_" },
					{ "time": 9.1, "name": "door_1_032_" },
					{ "time": 9.1667, "name": "door_1_034_" },
					{ "time": 9.2333, "name": "door_1_036_" },
					{ "time": 9.3, "name": "door_1_038_" },
					{ "time": 9.3667, "name": "door_1_040_" },
					{ "time": 9.4333, "name": "door_1_042_" },
					{ "time": 9.5, "name": "door_1_044_" },
					{ "time": 9.5667, "name": "door_1_046_" },
					{ "time": 9.6333, "name": "door_1_048_" },
					{ "time": 9.7, "name": "door_1_050_" },
					{ "time": 9.7667, "name": "door_1_052_" },
					{ "time": 9.8333, "name": "door_1_054_" },
					{ "time": 9.9, "name": "door_1_056_" },
					{ "time": 9.9667, "name": "door_1_058_" },
					{ "time": 10.0333, "name": null }
				]
			},
			"door_2": {
				"attachment": [
					{ "time": 0, "name": null },
					{ "time": 7.5, "name": "door_2_093_" },
					{ "time": 7.5667, "name": "door_2_095_" },
					{ "time": 7.6333, "name": "door_2_096_" },
					{ "time": 7.7, "name": "door_2_097_" },
					{ "time": 7.7667, "name": "door_2_098_" },
					{ "time": 7.8333, "name": "door_2_099_" },
					{ "time": 7.9, "name": "door_2_101_" },
					{ "time": 7.9667, "name": "door_2_103_" },
					{ "time": 8.0333, "name": "door_2_105_" },
					{ "time": 8.1, "name": "door_2_107_" },
					{ "time": 8.1667, "name": "door_2_109_" },
					{ "time": 8.2333, "name": "door_2_111_" },
					{ "time": 8.3, "name": "door_2_113_" },
					{ "time": 8.3667, "name": "door_2_115_" },
					{ "time": 8.4333, "name": "door_2_117_" },
					{ "time": 8.5, "name": null },
					{ "time": 9.7667, "name": "door_2_093_" },
					{ "time": 9.8333, "name": "door_2_095_" },
					{ "time": 9.9, "name": "door_2_096_" },
					{ "time": 9.9667, "name": "door_2_097_" },
					{ "time": 10.0333, "name": "door_2_098_" },
					{ "time": 10.1, "name": "door_2_099_" },
					{ "time": 10.1667, "name": "door_2_101_" },
					{ "time": 10.2333, "name": "door_2_103_" },
					{ "time": 10.3, "name": "door_2_105_" },
					{ "time": 10.3667, "name": "door_2_107_" },
					{ "time": 10.4333, "name": "door_2_109_" },
					{ "time": 10.5, "name": "door_2_111_" },
					{ "time": 10.5667, "name": "door_2_113_" },
					{ "time": 10.6333, "name": "door_2_115_" },
					{ "time": 10.7, "name": "door_2_117_" },
					{ "time": 10.7667, "name": null }
				]
			},
			"high_xx_body01_": {
				"attachment": [
					{ "time": 6, "name": "high_xx_body01_000_" },
					{ "time": 6.1, "name": "high_xx_body01_003_" },
					{ "time": 6.2, "name": "high_xx_body01_006_" },
					{ "time": 6.3, "name": "high_xx_body01_009_" },
					{ "time": 6.4, "name": "high_xx_body01_012_" },
					{ "time": 6.5, "name": "high_xx_body01_015_" },
					{ "time": 6.6, "name": "high_xx_body01_018_" },
					{ "time": 6.7, "name": "high_xx_body01_021_" },
					{ "time": 6.8, "name": "high_xx_body01_024_" },
					{ "time": 6.9, "name": "high_xx_body01_027_" },
					{ "time": 7, "name": "high_xx_body01_030_" },
					{ "time": 7.1, "name": "high_xx_body01_033_" },
					{ "time": 7.2, "name": "high_xx_body01_036_" },
					{ "time": 7.3, "name": null }
				]
			},
			"high_xx_body02": {
				"attachment": [
					{ "time": 9.1333, "name": null }
				]
			},
			"high_xx_shadow01": {
				"attachment": [
					{ "time": 6, "name": "high_xx_shadow01_000_" },
					{ "time": 6.1, "name": "high_xx_shadow01_003_" },
					{ "time": 6.2, "name": "high_xx_shadow01_006_" },
					{ "time": 6.3, "name": "high_xx_shadow01_009_" },
					{ "time": 6.4, "name": "high_xx_shadow01_012_" },
					{ "time": 6.5, "name": "high_xx_shadow01_015_" },
					{ "time": 6.6, "name": "high_xx_shadow01_018_" },
					{ "time": 6.7, "name": "high_xx_shadow01_021_" },
					{ "time": 6.8, "name": "high_xx_shadow01_024_" },
					{ "time": 6.9, "name": "high_xx_shadow01_027_" },
					{ "time": 7, "name": "high_xx_shadow01_030_" },
					{ "time": 7.1, "name": "high_xx_shadow01_033_" },
					{ "time": 7.2, "name": "high_xx_shadow01_036_" },
					{ "time": 7.3, "name": null }
				]
			},
			"high_xx_shadow02": {
				"attachment": [
					{ "time": 9.1333, "name": null }
				]
			},
			"high_xx_shadow03": {
				"attachment": [
					{ "time": 11.2, "name": null }
				]
			},
			"high_xx_trail01": {
				"attachment": [
					{ "time": 6.5, "name": "high_xx_trail01_015_" },
					{ "time": 6.6, "name": "high_xx_trail01_018_" },
					{ "time": 6.7, "name": "high_xx_trail01_021_" },
					{ "time": 6.8, "name": "high_xx_trail01_024_" },
					{ "time": 6.9, "name": "high_xx_trail01_027_" },
					{ "time": 7, "name": "high_xx_trail01_030_" },
					{ "time": 7.1, "name": "high_xx_trail01_033_" },
					{ "time": 7.2, "name": "high_xx_trail01_036_" },
					{ "time": 7.3, "name": null }
				]
			},
			"high_xx_trail02": {
				"attachment": [
					{ "time": 9.1333, "name": null }
				]
			},
			"high_xx_trail03": {
				"attachment": [
					{ "time": 11.2, "name": null }
				]
			},
			"high_xx_yu01": {
				"attachment": [
					{ "time": 6, "name": "high_xx_yu01_003_" },
					{ "time": 6.1, "name": "high_xx_yu01_006_" },
					{ "time": 6.2, "name": "high_xx_yu01_009_" },
					{ "time": 6.3, "name": "high_xx_yu01_012_" },
					{ "time": 6.4, "name": "high_xx_yu01_015_" },
					{ "time": 6.5, "name": "high_xx_yu01_018_" },
					{ "time": 6.6, "name": "high_xx_yu01_021_" },
					{ "time": 6.7, "name": "high_xx_yu01_024_" },
					{ "time": 6.8, "name": "high_xx_yu01_027_" },
					{ "time": 6.9, "name": "high_xx_yu01_030_" },
					{ "time": 7, "name": "high_xx_yu01_033_" },
					{ "time": 7.1, "name": "high_xx_yu01_036_" },
					{ "time": 7.2, "name": null }
				]
			},
			"high_xx_yu02": {
				"attachment": [
					{ "time": 9.1333, "name": null }
				]
			},
			"high_xx_yu03": {
				"attachment": [
					{ "time": 11.2, "name": null }
				]
			},
			"xx_body03_": {
				"attachment": [
					{ "time": 11.2, "name": null }
				]
			}
		},
		"bones": {
			"door_1": {
				"rotate": [
					{ "time": 0, "angle": 0, "curve": "stepped" },
					{ "time": 7.9, "angle": 0 }
				],
				"translate": [
					{ "time": 0, "x": 771.64, "y": -213.92, "curve": "stepped" },
					{ "time": 7.9, "x": 771.64, "y": -213.92 },
					{ "time": 9.0333, "x": -939.82, "y": -24.36 }
				],
				"scale": [
					{ "time": 0, "x": 1, "y": 1, "curve": "stepped" },
					{ "time": 7.9, "x": 1, "y": 1 },
					{ "time": 9.0333, "x": -1, "y": 1 }
				]
			},
			"door_2": {
				"rotate": [
					{ "time": 0, "angle": 0, "curve": "stepped" },
					{ "time": 8.5, "angle": 0 }
				],
				"translate": [
					{ "time": 0, "x": 267.4, "y": 527.16, "curve": "stepped" },
					{ "time": 8.5, "x": 267.4, "y": 527.16 },
					{ "time": 9.7667, "x": -702.06, "y": 494.66 }
				],
				"scale": [
					{ "time": 0, "x": 1, "y": 1, "curve": "stepped" },
					{ "time": 8.5, "x": 1, "y": 1 },
					{ "time": 9.7667, "x": 0.94, "y": 0.993 }
				]
			},
			"ctrl": {
				"translate": [
					{ "time": 0, "x": -175, "y": 125, "curve": "stepped" },
					{ "time": 11.2, "x": -175, "y": 125 }
				]
			}
		}
	}
}
}