{
"skeleton": { "hash": "xKDpip3v7dr0baxRLf5nJh8trpI", "spine": "3.4.02", "width": 364, "height": 223 },
"bones": [
	{ "name": "root" }
],
"slots": [
	{ "name": "ice_castle01_", "bone": "root" }
],
"skins": {
	"default": {
		"ice_castle01_": {
			"ice_castle03_": { "x": 15.42, "y": 33.44, "width": 357, "height": 239 }
		}
	}
},
"animations": {
	"animation": {
		"slots": {
			"ice_castle01_": {
				"attachment": [
					{ "time": 0, "name": "ice_castle03_" },
					{ "time": 0.6666, "name": "ice_castle03_" }
				]
			}
		},
		"bones": {
			"root": {
				"rotate": [
					{ "time": 0, "angle": 0, "curve": "stepped" },
					{ "time": 0.6666, "angle": 0 }
				],
				"translate": [
					{ "time": 0, "x": 0, "y": 0, "curve": "stepped" },
					{ "time": 0.6666, "x": 0, "y": 0 }
				],
				"scale": [
					{ "time": 0, "x": 1, "y": 1, "curve": "stepped" },
					{ "time": 0.6666, "x": 1, "y": 1 }
				]
			}
		}
	}
}
}