{
"skeleton": { "hash": "qOy6jMzTnK822VMwB4MUwaNiw4E", "spine": "3.7.94", "width": 0, "height": 0, "images": "", "audio": "E:/列王纷争项目/角色/埃及艳后/埃及艳后/SPINE" },
"bones": [
	{ "name": "root" },
	{ "name": "bone", "parent": "root", "y": -123.2 },
	{ "name": "bone2", "parent": "bone", "y": 123.2 }
],
"slots": [
	{ "name": "yz_0_", "bone": "bone2" },
	{ "name": "YH_5_0000_0036_", "bone": "bone" },
	{ "name": "YH_5_0000_0032_", "bone": "bone" },
	{ "name": "YH_5_0000_0028_", "bone": "bone" },
	{ "name": "YH_5_0000_0024_", "bone": "bone" },
	{ "name": "YH_5_0000_0020_", "bone": "bone" },
	{ "name": "YH_5_0000_0016_", "bone": "bone" },
	{ "name": "YH_5_0000_0012_", "bone": "bone" },
	{ "name": "YH_5_0000_0008_", "bone": "bone" },
	{ "name": "YH_5_0000_0004_", "bone": "bone" },
	{ "name": "YH_5_0000_0000_", "bone": "bone" },
	{ "name": "YH_4_0000_0036_", "bone": "bone" },
	{ "name": "YH_4_0000_0032_", "bone": "bone" },
	{ "name": "YH_4_0000_0028_", "bone": "bone" },
	{ "name": "YH_4_0000_0024_", "bone": "bone" },
	{ "name": "YH_4_0000_0020_", "bone": "bone" },
	{ "name": "YH_4_0000_0016_", "bone": "bone" },
	{ "name": "YH_4_0000_0012_", "bone": "bone" },
	{ "name": "YH_4_0000_0008_", "bone": "bone" },
	{ "name": "YH_4_0000_0004_", "bone": "bone" },
	{ "name": "YH_4_0000_0000_", "bone": "bone" },
	{ "name": "YH_3_0000_0036_", "bone": "bone" },
	{ "name": "YH_3_0000_0032_", "bone": "bone" },
	{ "name": "YH_3_0000_0028_", "bone": "bone" },
	{ "name": "YH_3_0000_0024_", "bone": "bone" },
	{ "name": "YH_3_0000_0020_", "bone": "bone" },
	{ "name": "YH_3_0000_0016_", "bone": "bone" },
	{ "name": "YH_3_0000_0012_", "bone": "bone" },
	{ "name": "YH_3_0000_0008_", "bone": "bone" },
	{ "name": "YH_3_0000_0004_", "bone": "bone" },
	{ "name": "YH_3_0000_0000_", "bone": "bone" },
	{ "name": "YH_2_0000_0036_", "bone": "bone" },
	{ "name": "YH_2_0000_0032_", "bone": "bone" },
	{ "name": "YH_2_0000_0028_", "bone": "bone" },
	{ "name": "YH_2_0000_0024_", "bone": "bone" },
	{ "name": "YH_2_0000_0020_", "bone": "bone" },
	{ "name": "YH_2_0000_0016_", "bone": "bone" },
	{ "name": "YH_2_0000_0012_", "bone": "bone" },
	{ "name": "YH_2_0000_0008_", "bone": "bone" },
	{ "name": "YH_2_0000_0004_", "bone": "bone" },
	{ "name": "YH_2_0000_0000_", "bone": "bone" },
	{ "name": "YH_1_0000_0036_", "bone": "bone" },
	{ "name": "YH_1_0000_0032_", "bone": "bone" },
	{ "name": "YH_1_0000_0028_", "bone": "bone" },
	{ "name": "YH_1_0000_0024_", "bone": "bone" },
	{ "name": "YH_1_0000_0020_", "bone": "bone" },
	{ "name": "YH_1_0000_0016_", "bone": "bone" },
	{ "name": "YH_1_0000_0012_", "bone": "bone" },
	{ "name": "YH_1_0000_0008_", "bone": "bone" },
	{ "name": "YH_1_0000_0004_", "bone": "bone" },
	{ "name": "YH_1_0000_0000_", "bone": "bone" }
],
"skins": {
	"default": {
		"YH_1_0000_0000_": {
			"YH_1_0000_0000_": { "x": -1.11, "y": 131.56, "width": 178, "height": 170 }
		},
		"YH_1_0000_0004_": {
			"YH_1_0000_0004_": { "x": 1.39, "y": 124.06, "width": 181, "height": 161 }
		},
		"YH_1_0000_0008_": {
			"YH_1_0000_0008_": { "x": 7.39, "y": 119.56, "width": 183, "height": 154 }
		},
		"YH_1_0000_0012_": {
			"YH_1_0000_0012_": { "x": 8.89, "y": 122.06, "width": 190, "height": 149 }
		},
		"YH_1_0000_0016_": {
			"YH_1_0000_0016_": { "x": 10.89, "y": 122.56, "width": 188, "height": 150 }
		},
		"YH_1_0000_0020_": {
			"YH_1_0000_0020_": { "x": 6.39, "y": 120.56, "width": 189, "height": 154 }
		},
		"YH_1_0000_0024_": {
			"YH_1_0000_0024_": { "x": 1.39, "y": 122.56, "width": 183, "height": 166 }
		},
		"YH_1_0000_0028_": {
			"YH_1_0000_0028_": { "x": 4.89, "y": 131.56, "width": 178, "height": 188 }
		},
		"YH_1_0000_0032_": {
			"YH_1_0000_0032_": { "x": 0.39, "y": 140.56, "width": 175, "height": 196 }
		},
		"YH_1_0000_0036_": {
			"YH_1_0000_0036_": { "x": -0.11, "y": 139.06, "width": 166, "height": 181 }
		},
		"YH_2_0000_0000_": {
			"YH_2_0000_0000_": { "x": 19.89, "y": 117.56, "width": 154, "height": 144 }
		},
		"YH_2_0000_0004_": {
			"YH_2_0000_0004_": { "x": 19.39, "y": 120.06, "width": 159, "height": 141 }
		},
		"YH_2_0000_0008_": {
			"YH_2_0000_0008_": { "x": 13.39, "y": 123.06, "width": 159, "height": 139 }
		},
		"YH_2_0000_0012_": {
			"YH_2_0000_0012_": { "x": 12.89, "y": 121.06, "width": 166, "height": 145 }
		},
		"YH_2_0000_0016_": {
			"YH_2_0000_0016_": { "x": 10.39, "y": 119.06, "width": 165, "height": 151 }
		},
		"YH_2_0000_0020_": {
			"YH_2_0000_0020_": { "x": 13.89, "y": 117.06, "width": 164, "height": 153 }
		},
		"YH_2_0000_0024_": {
			"YH_2_0000_0024_": { "x": 18.39, "y": 114.06, "width": 161, "height": 155 }
		},
		"YH_2_0000_0028_": {
			"YH_2_0000_0028_": { "x": 15.39, "y": 115.06, "width": 157, "height": 147 }
		},
		"YH_2_0000_0032_": {
			"YH_2_0000_0032_": { "x": 18.89, "y": 115.06, "width": 154, "height": 145 }
		},
		"YH_2_0000_0036_": {
			"YH_2_0000_0036_": { "x": 19.89, "y": 116.56, "width": 146, "height": 144 }
		},
		"YH_3_0000_0000_": {
			"YH_3_0000_0000_": { "x": -7.11, "y": 115.56, "width": 166, "height": 144 }
		},
		"YH_3_0000_0004_": {
			"YH_3_0000_0004_": { "x": -10.11, "y": 119.06, "width": 162, "height": 141 }
		},
		"YH_3_0000_0008_": {
			"YH_3_0000_0008_": { "x": -15.11, "y": 121.56, "width": 156, "height": 140 }
		},
		"YH_3_0000_0012_": {
			"YH_3_0000_0012_": { "x": -19.11, "y": 123.56, "width": 148, "height": 142 }
		},
		"YH_3_0000_0016_": {
			"YH_3_0000_0016_": { "x": -16.61, "y": 125.06, "width": 151, "height": 141 }
		},
		"YH_3_0000_0020_": {
			"YH_3_0000_0020_": { "x": -16.11, "y": 124.06, "width": 156, "height": 143 }
		},
		"YH_3_0000_0024_": {
			"YH_3_0000_0024_": { "x": -14.11, "y": 124.06, "width": 164, "height": 139 }
		},
		"YH_3_0000_0028_": {
			"YH_3_0000_0028_": { "x": -11.61, "y": 121.06, "width": 179, "height": 137 }
		},
		"YH_3_0000_0032_": {
			"YH_3_0000_0032_": { "x": -8.61, "y": 115.56, "width": 181, "height": 144 }
		},
		"YH_3_0000_0036_": {
			"YH_3_0000_0036_": { "x": -6.11, "y": 116.06, "width": 170, "height": 143 }
		},
		"YH_4_0000_0000_": {
			"YH_4_0000_0000_": { "x": -4.61, "y": 127.06, "width": 151, "height": 123 }
		},
		"YH_4_0000_0004_": {
			"YH_4_0000_0004_": { "x": -7.61, "y": 125.56, "width": 137, "height": 116 }
		},
		"YH_4_0000_0008_": {
			"YH_4_0000_0008_": { "x": -5.61, "y": 122.56, "width": 135, "height": 128 }
		},
		"YH_4_0000_0012_": {
			"YH_4_0000_0012_": { "x": -4.11, "y": 125.56, "width": 140, "height": 128 }
		},
		"YH_4_0000_0016_": {
			"YH_4_0000_0016_": { "x": -2.61, "y": 130.56, "width": 139, "height": 124 }
		},
		"YH_4_0000_0020_": {
			"YH_4_0000_0020_": { "x": -10.61, "y": 130.56, "width": 149, "height": 126 }
		},
		"YH_4_0000_0024_": {
			"YH_4_0000_0024_": { "x": -13.61, "y": 131.06, "width": 167, "height": 123 }
		},
		"YH_4_0000_0028_": {
			"YH_4_0000_0028_": { "x": -12.61, "y": 138.06, "width": 187, "height": 131 }
		},
		"YH_4_0000_0032_": {
			"YH_4_0000_0032_": { "x": -10.61, "y": 133.06, "width": 187, "height": 131 }
		},
		"YH_4_0000_0036_": {
			"YH_4_0000_0036_": { "x": -6.61, "y": 129.56, "width": 169, "height": 126 }
		},
		"YH_5_0000_0000_": {
			"YH_5_0000_0000_": { "x": 17.39, "y": 140.06, "width": 119, "height": 155 }
		},
		"YH_5_0000_0004_": {
			"YH_5_0000_0004_": { "x": 13.89, "y": 133.06, "width": 108, "height": 153 }
		},
		"YH_5_0000_0008_": {
			"YH_5_0000_0008_": { "x": 11.89, "y": 130.06, "width": 98, "height": 149 }
		},
		"YH_5_0000_0012_": {
			"YH_5_0000_0012_": { "x": 7.89, "y": 130.56, "width": 108, "height": 142 }
		},
		"YH_5_0000_0016_": {
			"YH_5_0000_0016_": { "x": 7.89, "y": 127.06, "width": 114, "height": 127 }
		},
		"YH_5_0000_0020_": {
			"YH_5_0000_0020_": { "x": 8.39, "y": 126.56, "width": 109, "height": 126 }
		},
		"YH_5_0000_0024_": {
			"YH_5_0000_0024_": { "x": 9.89, "y": 131.56, "width": 116, "height": 140 }
		},
		"YH_5_0000_0028_": {
			"YH_5_0000_0028_": { "x": 17.89, "y": 137.56, "width": 134, "height": 154 }
		},
		"YH_5_0000_0032_": {
			"YH_5_0000_0032_": { "x": 20.39, "y": 145.06, "width": 139, "height": 165 }
		},
		"YH_5_0000_0036_": {
			"YH_5_0000_0036_": { "x": 17.39, "y": 146.06, "width": 133, "height": 163 }
		},
		"yz_0_": {
			"yz_0_": { "x": -0.12, "y": -1.78, "width": 85, "height": 85 }
		}
	}
},
"animations": {
	"walk_0": {
		"slots": {
			"YH_4_0000_0000_": {
				"attachment": [
					{ "time": 0, "name": "YH_4_0000_0000_" },
					{ "time": 0.1333, "name": null },
					{ "time": 1.3333, "name": "YH_4_0000_0000_" }
				]
			},
			"YH_4_0000_0004_": {
				"attachment": [
					{ "time": 0.1333, "name": "YH_4_0000_0004_" },
					{ "time": 0.2667, "name": null }
				]
			},
			"YH_4_0000_0008_": {
				"attachment": [
					{ "time": 0.2667, "name": "YH_4_0000_0008_" },
					{ "time": 0.4, "name": null }
				]
			},
			"YH_4_0000_0012_": {
				"attachment": [
					{ "time": 0.4, "name": "YH_4_0000_0012_" },
					{ "time": 0.5333, "name": null }
				]
			},
			"YH_4_0000_0016_": {
				"attachment": [
					{ "time": 0.5333, "name": "YH_4_0000_0016_" },
					{ "time": 0.6667, "name": null }
				]
			},
			"YH_4_0000_0020_": {
				"attachment": [
					{ "time": 0.6667, "name": "YH_4_0000_0020_" },
					{ "time": 0.8, "name": null }
				]
			},
			"YH_4_0000_0024_": {
				"attachment": [
					{ "time": 0.8, "name": "YH_4_0000_0024_" },
					{ "time": 0.9333, "name": null }
				]
			},
			"YH_4_0000_0028_": {
				"attachment": [
					{ "time": 0.9333, "name": "YH_4_0000_0028_" },
					{ "time": 1.0667, "name": null }
				]
			},
			"YH_4_0000_0032_": {
				"attachment": [
					{ "time": 1.0667, "name": "YH_4_0000_0032_" },
					{ "time": 1.2, "name": null }
				]
			},
			"YH_4_0000_0036_": {
				"attachment": [
					{ "time": 1.2, "name": "YH_4_0000_0036_" }
				]
			},
			"yz_0_": {
				"attachment": [
					{ "time": 0, "name": "yz_0_" }
				]
			}
		},
		"bones": {
			"bone": {
				"translate": [
					{ "time": 0, "x": 15.76, "y": -6.67 }
				],
				"shear": [
					{ "time": 0, "x": -180, "y": 0 }
				]
			},
			"bone2": {
				"translate": [
					{ "time": 0, "x": 5.19, "y": 2.22 }
				],
				"scale": [
					{ "time": 0, "x": 0.7, "y": 0.7 }
				]
			}
		}
	},
	"walk_1": {
		"slots": {
			"YH_5_0000_0000_": {
				"attachment": [
					{ "time": 0, "name": "YH_5_0000_0000_" },
					{ "time": 0.1333, "name": null },
					{ "time": 1.3333, "name": "YH_5_0000_0000_" }
				]
			},
			"YH_5_0000_0004_": {
				"attachment": [
					{ "time": 0.1333, "name": "YH_5_0000_0004_" },
					{ "time": 0.2667, "name": null }
				]
			},
			"YH_5_0000_0008_": {
				"attachment": [
					{ "time": 0.2667, "name": "YH_5_0000_0008_" },
					{ "time": 0.4, "name": null }
				]
			},
			"YH_5_0000_0012_": {
				"attachment": [
					{ "time": 0.4, "name": "YH_5_0000_0012_" },
					{ "time": 0.5333, "name": null }
				]
			},
			"YH_5_0000_0016_": {
				"attachment": [
					{ "time": 0.5333, "name": "YH_5_0000_0016_" },
					{ "time": 0.6667, "name": null }
				]
			},
			"YH_5_0000_0020_": {
				"attachment": [
					{ "time": 0.6667, "name": "YH_5_0000_0020_" },
					{ "time": 0.8, "name": null }
				]
			},
			"YH_5_0000_0024_": {
				"attachment": [
					{ "time": 0.8, "name": "YH_5_0000_0024_" },
					{ "time": 0.9333, "name": null }
				]
			},
			"YH_5_0000_0028_": {
				"attachment": [
					{ "time": 0.9333, "name": "YH_5_0000_0028_" },
					{ "time": 1.0667, "name": null }
				]
			},
			"YH_5_0000_0032_": {
				"attachment": [
					{ "time": 1.0667, "name": "YH_5_0000_0032_" },
					{ "time": 1.2, "name": null }
				]
			},
			"YH_5_0000_0036_": {
				"attachment": [
					{ "time": 1.2, "name": "YH_5_0000_0036_" }
				]
			},
			"yz_0_": {
				"attachment": [
					{ "time": 0, "name": "yz_0_" }
				]
			}
		},
		"bones": {
			"bone": {
				"translate": [
					{ "time": 0, "x": 26.66, "y": -6.67 }
				],
				"shear": [
					{ "time": 0, "x": -180, "y": 0 }
				]
			},
			"bone2": {
				"translate": [
					{ "time": 0, "x": 16.87, "y": 3.89 }
				],
				"scale": [
					{ "time": 0, "x": 0.7, "y": 0.7 }
				]
			}
		}
	},
	"walk_2": {
		"slots": {
			"YH_1_0000_0000_": {
				"attachment": [
					{ "time": 0, "name": "YH_1_0000_0000_" },
					{ "time": 0.1333, "name": null },
					{ "time": 1.3333, "name": "YH_1_0000_0000_" }
				]
			},
			"YH_1_0000_0004_": {
				"attachment": [
					{ "time": 0.1333, "name": "YH_1_0000_0004_" },
					{ "time": 0.2667, "name": null }
				]
			},
			"YH_1_0000_0008_": {
				"attachment": [
					{ "time": 0.2667, "name": "YH_1_0000_0008_" },
					{ "time": 0.4, "name": null }
				]
			},
			"YH_1_0000_0012_": {
				"attachment": [
					{ "time": 0.4, "name": "YH_1_0000_0012_" },
					{ "time": 0.5333, "name": null }
				]
			},
			"YH_1_0000_0016_": {
				"attachment": [
					{ "time": 0.5333, "name": "YH_1_0000_0016_" },
					{ "time": 0.6667, "name": null }
				]
			},
			"YH_1_0000_0020_": {
				"attachment": [
					{ "time": 0.6667, "name": "YH_1_0000_0020_" },
					{ "time": 0.8, "name": null }
				]
			},
			"YH_1_0000_0024_": {
				"attachment": [
					{ "time": 0.8, "name": "YH_1_0000_0024_" },
					{ "time": 0.9333, "name": null }
				]
			},
			"YH_1_0000_0028_": {
				"attachment": [
					{ "time": 0.9333, "name": "YH_1_0000_0028_" },
					{ "time": 1.0667, "name": null }
				]
			},
			"YH_1_0000_0032_": {
				"attachment": [
					{ "time": 1.0667, "name": "YH_1_0000_0032_" },
					{ "time": 1.2, "name": null }
				]
			},
			"YH_1_0000_0036_": {
				"attachment": [
					{ "time": 1.2, "name": "YH_1_0000_0036_" }
				]
			},
			"yz_0_": {
				"attachment": [
					{ "time": 0, "name": "yz_0_" }
				]
			}
		},
		"bones": {
			"bone": {
				"translate": [
					{ "time": 0, "x": 9.09, "y": 0 }
				]
			},
			"bone2": {
				"translate": [
					{ "time": 0, "x": -2.28, "y": -3.9 }
				],
				"scale": [
					{ "time": 0, "x": 0.7, "y": 0.7 }
				]
			}
		}
	},
	"walk_3": {
		"slots": {
			"YH_5_0000_0000_": {
				"attachment": [
					{ "time": 0, "name": "YH_5_0000_0000_" },
					{ "time": 0.1333, "name": null },
					{ "time": 1.3333, "name": "YH_5_0000_0000_" }
				]
			},
			"YH_5_0000_0004_": {
				"attachment": [
					{ "time": 0.1333, "name": "YH_5_0000_0004_" },
					{ "time": 0.2667, "name": null }
				]
			},
			"YH_5_0000_0008_": {
				"attachment": [
					{ "time": 0.2667, "name": "YH_5_0000_0008_" },
					{ "time": 0.4, "name": null }
				]
			},
			"YH_5_0000_0012_": {
				"attachment": [
					{ "time": 0.4, "name": "YH_5_0000_0012_" },
					{ "time": 0.5333, "name": null }
				]
			},
			"YH_5_0000_0016_": {
				"attachment": [
					{ "time": 0.5333, "name": "YH_5_0000_0016_" },
					{ "time": 0.6667, "name": null }
				]
			},
			"YH_5_0000_0020_": {
				"attachment": [
					{ "time": 0.6667, "name": "YH_5_0000_0020_" },
					{ "time": 0.8, "name": null }
				]
			},
			"YH_5_0000_0024_": {
				"attachment": [
					{ "time": 0.8, "name": "YH_5_0000_0024_" },
					{ "time": 0.9333, "name": null }
				]
			},
			"YH_5_0000_0028_": {
				"attachment": [
					{ "time": 0.9333, "name": "YH_5_0000_0028_" },
					{ "time": 1.0667, "name": null }
				]
			},
			"YH_5_0000_0032_": {
				"attachment": [
					{ "time": 1.0667, "name": "YH_5_0000_0032_" },
					{ "time": 1.2, "name": null }
				]
			},
			"YH_5_0000_0036_": {
				"attachment": [
					{ "time": 1.2, "name": "YH_5_0000_0036_" }
				]
			},
			"yz_0_": {
				"attachment": [
					{ "time": 0, "name": "yz_0_" }
				]
			}
		},
		"bones": {
			"bone": {
				"translate": [
					{ "time": 0, "x": -18.79, "y": -6.67 }
				]
			},
			"bone2": {
				"translate": [
					{ "time": 0, "x": 13.53, "y": 6.67 }
				],
				"scale": [
					{ "time": 0, "x": 0.7, "y": 0.7 }
				]
			}
		}
	},
	"walk_4": {
		"slots": {
			"YH_4_0000_0000_": {
				"attachment": [
					{ "time": 0, "name": "YH_4_0000_0000_" },
					{ "time": 0.1333, "name": null },
					{ "time": 1.3333, "name": "YH_4_0000_0000_" }
				]
			},
			"YH_4_0000_0004_": {
				"attachment": [
					{ "time": 0.1333, "name": "YH_4_0000_0004_" },
					{ "time": 0.2667, "name": null }
				]
			},
			"YH_4_0000_0008_": {
				"attachment": [
					{ "time": 0.2667, "name": "YH_4_0000_0008_" },
					{ "time": 0.4, "name": null }
				]
			},
			"YH_4_0000_0012_": {
				"attachment": [
					{ "time": 0.4, "name": "YH_4_0000_0012_" },
					{ "time": 0.5333, "name": null }
				]
			},
			"YH_4_0000_0016_": {
				"attachment": [
					{ "time": 0.5333, "name": "YH_4_0000_0016_" },
					{ "time": 0.6667, "name": null }
				]
			},
			"YH_4_0000_0020_": {
				"attachment": [
					{ "time": 0.6667, "name": "YH_4_0000_0020_" },
					{ "time": 0.8, "name": null }
				]
			},
			"YH_4_0000_0024_": {
				"attachment": [
					{ "time": 0.8, "name": "YH_4_0000_0024_" },
					{ "time": 0.9333, "name": null }
				]
			},
			"YH_4_0000_0028_": {
				"attachment": [
					{ "time": 0.9333, "name": "YH_4_0000_0028_" },
					{ "time": 1.0667, "name": null }
				]
			},
			"YH_4_0000_0032_": {
				"attachment": [
					{ "time": 1.0667, "name": "YH_4_0000_0032_" },
					{ "time": 1.2, "name": null }
				]
			},
			"YH_4_0000_0036_": {
				"attachment": [
					{ "time": 1.2, "name": "YH_4_0000_0036_" }
				]
			},
			"yz_0_": {
				"attachment": [
					{ "time": 0, "name": "yz_0_" }
				]
			}
		},
		"bones": {
			"bone": {
				"translate": [
					{ "time": 0, "x": -18.79, "y": -6.67 }
				]
			},
			"bone2": {
				"translate": [
					{ "time": 0, "x": 7.97, "y": 2.77 }
				],
				"scale": [
					{ "time": 0, "x": 0.7, "y": 0.7 }
				]
			}
		}
	},
	"walk_5": {
		"slots": {
			"YH_3_0000_0000_": {
				"attachment": [
					{ "time": 0, "name": "YH_3_0000_0000_" },
					{ "time": 0.1333, "name": null },
					{ "time": 1.3333, "name": "YH_3_0000_0000_" }
				]
			},
			"YH_3_0000_0004_": {
				"attachment": [
					{ "time": 0.1333, "name": "YH_3_0000_0004_" },
					{ "time": 0.2667, "name": null }
				]
			},
			"YH_3_0000_0008_": {
				"attachment": [
					{ "time": 0.2667, "name": "YH_3_0000_0008_" },
					{ "time": 0.4, "name": null }
				]
			},
			"YH_3_0000_0012_": {
				"attachment": [
					{ "time": 0.4, "name": "YH_3_0000_0012_" },
					{ "time": 0.5333, "name": null }
				]
			},
			"YH_3_0000_0016_": {
				"attachment": [
					{ "time": 0.5333, "name": "YH_3_0000_0016_" },
					{ "time": 0.6667, "name": null }
				]
			},
			"YH_3_0000_0020_": {
				"attachment": [
					{ "time": 0.6667, "name": "YH_3_0000_0020_" },
					{ "time": 0.8, "name": null }
				]
			},
			"YH_3_0000_0024_": {
				"attachment": [
					{ "time": 0.8, "name": "YH_3_0000_0024_" },
					{ "time": 0.9333, "name": null }
				]
			},
			"YH_3_0000_0028_": {
				"attachment": [
					{ "time": 0.9333, "name": "YH_3_0000_0028_" },
					{ "time": 1.0667, "name": null }
				]
			},
			"YH_3_0000_0032_": {
				"attachment": [
					{ "time": 1.0667, "name": "YH_3_0000_0032_" },
					{ "time": 1.2, "name": null }
				]
			},
			"YH_3_0000_0036_": {
				"attachment": [
					{ "time": 1.2, "name": "YH_3_0000_0036_" }
				]
			},
			"yz_0_": {
				"attachment": [
					{ "time": 0, "name": "yz_0_" }
				]
			}
		},
		"bones": {
			"bone": {
				"translate": [
					{ "time": 0, "x": -18.79, "y": 2.42 }
				]
			},
			"bone2": {
				"translate": [
					{ "time": 0, "x": 11.31, "y": -4.45 }
				],
				"scale": [
					{ "time": 0, "x": 0.7, "y": 0.7 }
				]
			}
		}
	},
	"walk_6": {
		"slots": {
			"YH_2_0000_0000_": {
				"attachment": [
					{ "time": 0, "name": "YH_2_0000_0000_" },
					{ "time": 0.1333, "name": null },
					{ "time": 1.3333, "name": "YH_2_0000_0000_" }
				]
			},
			"YH_2_0000_0004_": {
				"attachment": [
					{ "time": 0.1333, "name": "YH_2_0000_0004_" },
					{ "time": 0.2667, "name": null }
				]
			},
			"YH_2_0000_0008_": {
				"attachment": [
					{ "time": 0.2667, "name": "YH_2_0000_0008_" },
					{ "time": 0.4, "name": null }
				]
			},
			"YH_2_0000_0012_": {
				"attachment": [
					{ "time": 0.4, "name": "YH_2_0000_0012_" },
					{ "time": 0.5333, "name": null }
				]
			},
			"YH_2_0000_0016_": {
				"attachment": [
					{ "time": 0.5333, "name": "YH_2_0000_0016_" },
					{ "time": 0.6667, "name": null }
				]
			},
			"YH_2_0000_0020_": {
				"attachment": [
					{ "time": 0.6667, "name": "YH_2_0000_0020_" },
					{ "time": 0.8, "name": null }
				]
			},
			"YH_2_0000_0024_": {
				"attachment": [
					{ "time": 0.8, "name": "YH_2_0000_0024_" },
					{ "time": 0.9333, "name": null }
				]
			},
			"YH_2_0000_0028_": {
				"attachment": [
					{ "time": 0.9333, "name": "YH_2_0000_0028_" },
					{ "time": 1.0667, "name": null }
				]
			},
			"YH_2_0000_0032_": {
				"attachment": [
					{ "time": 1.0667, "name": "YH_2_0000_0032_" },
					{ "time": 1.2, "name": null }
				]
			},
			"YH_2_0000_0036_": {
				"attachment": [
					{ "time": 1.2, "name": "YH_2_0000_0036_" }
				]
			},
			"yz_0_": {
				"attachment": [
					{ "time": 0, "name": "yz_0_" }
				]
			}
		},
		"bones": {
			"bone": {
				"translate": [
					{ "time": 0, "x": -26.66, "y": 0.61 }
				]
			},
			"bone2": {
				"translate": [
					{ "time": 0, "x": 23.54, "y": -7.79 }
				],
				"scale": [
					{ "time": 0, "x": 0.7, "y": 0.7 }
				]
			}
		}
	},
	"walk_7": {
		"slots": {
			"YH_3_0000_0000_": {
				"attachment": [
					{ "time": 0, "name": "YH_3_0000_0000_" },
					{ "time": 0.1333, "name": null },
					{ "time": 1.3333, "name": "YH_3_0000_0000_" }
				]
			},
			"YH_3_0000_0004_": {
				"attachment": [
					{ "time": 0.1333, "name": "YH_3_0000_0004_" },
					{ "time": 0.2667, "name": null }
				]
			},
			"YH_3_0000_0008_": {
				"attachment": [
					{ "time": 0.2667, "name": "YH_3_0000_0008_" },
					{ "time": 0.4, "name": null }
				]
			},
			"YH_3_0000_0012_": {
				"attachment": [
					{ "time": 0.4, "name": "YH_3_0000_0012_" },
					{ "time": 0.5333, "name": null }
				]
			},
			"YH_3_0000_0016_": {
				"attachment": [
					{ "time": 0.5333, "name": "YH_3_0000_0016_" },
					{ "time": 0.6667, "name": null }
				]
			},
			"YH_3_0000_0020_": {
				"attachment": [
					{ "time": 0.6667, "name": "YH_3_0000_0020_" },
					{ "time": 0.8, "name": null }
				]
			},
			"YH_3_0000_0024_": {
				"attachment": [
					{ "time": 0.8, "name": "YH_3_0000_0024_" },
					{ "time": 0.9333, "name": null }
				]
			},
			"YH_3_0000_0028_": {
				"attachment": [
					{ "time": 0.9333, "name": "YH_3_0000_0028_" },
					{ "time": 1.0667, "name": null }
				]
			},
			"YH_3_0000_0032_": {
				"attachment": [
					{ "time": 1.0667, "name": "YH_3_0000_0032_" },
					{ "time": 1.2, "name": null }
				]
			},
			"YH_3_0000_0036_": {
				"attachment": [
					{ "time": 1.2, "name": "YH_3_0000_0036_" }
				]
			},
			"yz_0_": {
				"attachment": [
					{ "time": 0, "name": "yz_0_" }
				]
			}
		},
		"bones": {
			"bone": {
				"translate": [
					{ "time": 0, "x": 20, "y": 2.42 }
				],
				"shear": [
					{ "time": 0, "x": -180, "y": 0 }
				]
			},
			"bone2": {
				"translate": [
					{ "time": 0, "x": 11.31, "y": -4.45 }
				],
				"scale": [
					{ "time": 0, "x": 0.7, "y": 0.7 }
				]
			}
		}
	}
}
}