{"skeleton":{"hash":"RoLGE/sNKCwH+E+KpLE1m0OqkW0","spine":"3.7.94","width":646.3,"height":613.67,"images":"","audio":"E:/文明幸运日/文明幸运日spine"},"bones":[{"name":"root"},{"name":"bone","parent":"root"},{"name":"shan7","parent":"root","x":200.91,"y":-21.44},{"name":"shan1","parent":"root","x":-260.9,"y":-15.62,"scaleX":1.106,"scaleY":1.106},{"name":"shan3","parent":"root","x":-131.3,"y":118.5,"scaleX":1.189,"scaleY":1.189},{"name":"shan6","parent":"root","x":254.61,"y":1.68,"scaleX":1.189,"scaleY":1.189},{"name":"shan4","parent":"root","x":125.79,"y":145.83,"scaleX":0.612,"scaleY":0.612},{"name":"shan2","parent":"root","x":-190.59,"y":2.11,"scaleX":1.204,"scaleY":1.204},{"name":"shan5","parent":"root","x":227.57,"y":57.11,"scaleX":1.204,"scaleY":1.204},{"name":"deng","parent":"root","x":5.92,"y":-126.17},{"name":"zhuan","parent":"deng"},{"name":"shuijingqiu","parent":"root","x":9.91,"y":34.55},{"name":"xian1","parent":"root","x":-201.25,"y":-43.69},{"name":"xian2","parent":"root","x":230.09,"y":-234.77}],"slots":[{"name":"ren_","bone":"root","attachment":"ren_"},{"name":"guagnqiu_4","bone":"shuijingqiu"},{"name":"guagnqiu_5","bone":"shuijingqiu","blend":"additive"},{"name":"shuijingqiu_","bone":"shuijingqiu","attachment":"shuijingqiu_","blend":"additive"},{"name":"ying_","bone":"root","attachment":"ying_"},{"name":"kuang_","bone":"root","attachment":"kuang_"},{"name":"xian1","bone":"xian1","color":"ff8d09a3"},{"name":"xian2","bone":"xian2","color":"ff8d09a3"},{"name":"xx_01","bone":"zhuan","blend":"additive"},{"name":"xx_02","bone":"zhuan","blend":"additive"},{"name":"xx_03","bone":"zhuan","blend":"additive"},{"name":"xx_04","bone":"zhuan","blend":"additive"},{"name":"xx_05","bone":"zhuan","blend":"additive"},{"name":"xx_06","bone":"zhuan","blend":"additive"},{"name":"xx_07","bone":"zhuan","blend":"additive"},{"name":"xx_08","bone":"zhuan","blend":"additive"},{"name":"xx_09","bone":"zhuan","blend":"additive"},{"name":"xx_10","bone":"zhuan","blend":"additive"},{"name":"xx_11","bone":"zhuan","blend":"additive"},{"name":"xx_12","bone":"zhuan","blend":"additive"},{"name":"xx_13","bone":"zhuan","blend":"additive"},{"name":"xx_14","bone":"zhuan","blend":"additive"},{"name":"xx_15","bone":"zhuan","blend":"additive"},{"name":"xx_16","bone":"zhuan","blend":"additive"},{"name":"deng1a","bone":"deng","attachment":"deng2_","blend":"additive"},{"name":"deng2a","bone":"deng","blend":"additive"},{"name":"deng1c","bone":"deng","attachment":"deng2_","blend":"additive"},{"name":"deng2c","bone":"deng","blend":"additive"},{"name":"deng1b","bone":"deng","attachment":"deng1_","blend":"additive"},{"name":"deng2b","bone":"deng","blend":"additive"},{"name":"deng1d","bone":"deng","attachment":"deng1_","blend":"additive"},{"name":"deng2d","bone":"deng","blend":"additive"},{"name":"xian2_","bone":"root","attachment":"xian2_"},{"name":"xian2_2","bone":"root","blend":"additive"},{"name":"xian1_","bone":"root","attachment":"xian1_"},{"name":"xian1_2","bone":"root","blend":"additive"},{"name":"baiqiu_4","bone":"shan7","color":"ff6e00e3","attachment":"guagnqiu_","blend":"additive"},{"name":"baiqiu_1","bone":"shan7","color":"fff780ff","attachment":"baiqiu_"},{"name":"baiqiu_2","bone":"shan1","color":"e8de90ba","attachment":"baiqiu_"},{"name":"guagnqiu_2","bone":"shan2","color":"ffaa1bff","attachment":"guagnqiu_","blend":"additive"},{"name":"guagnqiu_3","bone":"shan5","color":"ff7a1aff","attachment":"guagnqiu_","blend":"additive"},{"name":"baiqiu_6","bone":"shan4","color":"ffffffc1","attachment":"guagnqiu_","blend":"additive"},{"name":"baiqiu_3","bone":"shan3","color":"ffaa30b5","attachment":"baiqiu_"},{"name":"baiqiu_5","bone":"shan6","color":"ffe5af85","attachment":"baiqiu_"},{"name":"guagnqiu_1","bone":"shan6","color":"ff6400c2","attachment":"guagnqiu_","blend":"additive"},{"name":"xx_huang_","bone":"shan5","attachment":"xx_huang_","blend":"screen"},{"name":"xx_huang_2","bone":"shan3","attachment":"xx_huang_","blend":"screen"},{"name":"xx_lan_1","bone":"shan1","attachment":"xx_ju_","blend":"additive"},{"name":"xx_lan_2","bone":"shan4","attachment":"xx_ju_","blend":"additive"},{"name":"xx_ju_","bone":"shan2","attachment":"xx_ju_","blend":"additive"}],"skins":{"default":{"baiqiu_1":{"baiqiu_":{"x":0.3,"y":-0.92,"scaleX":0.913,"scaleY":0.913,"width":28,"height":27}},"baiqiu_2":{"baiqiu_":{"x":2.62,"y":2.55,"scaleX":2,"scaleY":2,"width":28,"height":27}},"baiqiu_3":{"baiqiu_":{"x":-1.04,"y":1.27,"scaleX":2,"scaleY":2,"width":28,"height":27}},"baiqiu_4":{"guagnqiu_":{"x":-1.16,"y":1.27,"scaleX":1.171,"scaleY":1.171,"width":64,"height":64}},"baiqiu_5":{"baiqiu_":{"x":0.43,"y":0.39,"scaleX":0.8,"scaleY":0.8,"width":28,"height":27}},"baiqiu_6":{"guagnqiu_":{"x":0.7,"y":1.27,"scaleX":2.191,"scaleY":2.191,"width":64,"height":64}},"deng1a":{"deng2_":{"x":-304.12,"y":-3.02,"width":34,"height":160}},"deng1b":{"deng1_":{"x":-2.68,"y":92.81,"width":566,"height":34}},"deng1c":{"deng2_":{"x":294.44,"y":-2.44,"rotation":180,"width":34,"height":160}},"deng1d":{"deng1_":{"x":-2.68,"y":-101.11,"scaleX":-1,"scaleY":-1,"width":566,"height":34}},"deng2a":{"deng2_":{"x":-304.12,"y":-3.02,"rotation":180,"width":34,"height":160}},"deng2b":{"deng1_":{"x":-2.68,"y":92.81,"scaleX":-1,"width":566,"height":34}},"deng2c":{"deng2_":{"x":294.44,"y":-2.44,"scaleY":-1,"rotation":180,"width":34,"height":160}},"deng2d":{"deng1_":{"x":-2.68,"y":-101.11,"scaleY":-1,"width":566,"height":34}},"guagnqiu_1":{"guagnqiu_":{"x":-1.2,"y":0.22,"scaleX":1.179,"scaleY":1.263,"rotation":28.25,"width":64,"height":64}},"guagnqiu_2":{"guagnqiu_":{"x":-0.93,"y":0.45,"scaleX":1.313,"scaleY":1.406,"rotation":28.25,"width":64,"height":64}},"guagnqiu_3":{"guagnqiu_":{"x":-0.93,"y":2.6,"scaleX":1.313,"scaleY":1.406,"rotation":28.25,"width":64,"height":64}},"guagnqiu_4":{"guagnqiu_":{"scaleX":6.741,"scaleY":6.741,"width":64,"height":64}},"guagnqiu_5":{"guagnqiu_":{"y":-50.14,"scaleX":22.202,"scaleY":9.245,"width":64,"height":64}},"kuang_":{"kuang_":{"x":0.63,"y":-134.67,"width":623,"height":225}},"ren_":{"ren_":{"width":640,"height":598}},"shuijingqiu_":{"shuijingqiu_":{"x":-2.88,"y":2.78,"width":276,"height":275}},"xian1":{"baiqiu_":{"width":28,"height":27}},"xian1_":{"xian1_":{"x":-152.87,"y":70.83,"width":210,"height":218}},"xian1_2":{"xian1_":{"x":-152.87,"y":70.83,"width":210,"height":218}},"xian2":{"baiqiu_":{"width":28,"height":27}},"xian2_":{"xian2_":{"x":162.13,"y":62.83,"width":188,"height":182}},"xian2_2":{"xian2_":{"x":162.13,"y":62.83,"width":188,"height":182}},"xx_01":{"guagnqiu_":{"x":-221.94,"y":93.08,"scaleX":2.642,"scaleY":2.642,"width":64,"height":64}},"xx_02":{"guagnqiu_":{"x":-123.82,"y":93.35,"scaleX":2.642,"scaleY":2.642,"width":64,"height":64}},"xx_03":{"guagnqiu_":{"x":-26.69,"y":95.97,"scaleX":2.642,"scaleY":2.642,"width":64,"height":64}},"xx_04":{"guagnqiu_":{"x":70.18,"y":92.7,"scaleX":2.642,"scaleY":2.642,"width":64,"height":64}},"xx_05":{"guagnqiu_":{"x":167.2,"y":92.7,"scaleX":2.642,"scaleY":2.642,"width":64,"height":64}},"xx_06":{"guagnqiu_":{"x":263.83,"y":92.7,"scaleX":2.642,"scaleY":2.642,"width":64,"height":64}},"xx_07":{"guagnqiu_":{"x":293.82,"y":16.93,"scaleX":2.642,"scaleY":2.642,"width":64,"height":64}},"xx_08":{"guagnqiu_":{"x":293.11,"y":-65.72,"scaleX":2.642,"scaleY":2.642,"width":64,"height":64}},"xx_09":{"guagnqiu_":{"x":216.34,"y":-101.31,"scaleX":2.642,"scaleY":2.642,"width":64,"height":64}},"xx_10":{"guagnqiu_":{"x":119.74,"y":-101.31,"scaleX":2.642,"scaleY":2.642,"width":64,"height":64}},"xx_11":{"guagnqiu_":{"x":23.6,"y":-101.31,"scaleX":2.642,"scaleY":2.642,"width":64,"height":64}},"xx_12":{"guagnqiu_":{"x":-74.94,"y":-101.31,"scaleX":2.642,"scaleY":2.642,"width":64,"height":64}},"xx_13":{"guagnqiu_":{"x":-170.86,"y":-100.87,"scaleX":2.642,"scaleY":2.642,"width":64,"height":64}},"xx_14":{"guagnqiu_":{"x":-267,"y":-101.31,"scaleX":2.642,"scaleY":2.642,"width":64,"height":64}},"xx_15":{"guagnqiu_":{"x":-303.27,"y":-23.09,"scaleX":2.642,"scaleY":2.642,"width":64,"height":64}},"xx_16":{"guagnqiu_":{"x":-303.27,"y":59.94,"scaleX":2.642,"scaleY":2.642,"width":64,"height":64}},"xx_huang_":{"xx_huang_":{"x":-0.99,"y":2.86,"width":78,"height":64}},"xx_huang_2":{"xx_huang_":{"x":-2.52,"y":2.21,"width":78,"height":64}},"xx_ju_":{"xx_ju_":{"x":-1.04,"y":0.92,"width":115,"height":98}},"xx_lan_1":{"xx_ju_":{"x":0.32,"y":1.45,"width":115,"height":98}},"xx_lan_2":{"xx_ju_":{"x":0.32,"y":1.45,"scaleX":0.686,"scaleY":0.686,"width":115,"height":98}},"ying_":{"ying_":{"x":0.13,"y":-154.67,"scaleX":4,"scaleY":4,"width":161,"height":80}}}},"animations":{"animation":{"slots":{"baiqiu_1":{"color":[{"time":0,"color":"fff780ff"},{"time":0.7,"color":"ffffffff"},{"time":1.5,"color":"fff780ff","curve":"stepped"},{"time":1.6333,"color":"fff780ff"},{"time":2.3333,"color":"ffffffff"},{"time":3.1333,"color":"fff780ff","curve":"stepped"},{"time":3.2,"color":"fff780ff"},{"time":3.9,"color":"ffffffff"},{"time":4.7,"color":"fff780ff","curve":"stepped"},{"time":4.7667,"color":"fff780ff"},{"time":5.4667,"color":"ffffffff"},{"time":6.2667,"color":"fff780ff"}]},"baiqiu_2":{"color":[{"time":0,"color":"e8de90ba"},{"time":0.5667,"color":"ffd0008b"},{"time":1.3667,"color":"e8de90ba","curve":"stepped"},{"time":1.6,"color":"e8de90ba"},{"time":2.1667,"color":"ffd0008b"},{"time":2.9667,"color":"e8de90ba","curve":"stepped"},{"time":3.2,"color":"e8de90ba"},{"time":3.7667,"color":"ffd0008b"},{"time":4.5667,"color":"e8de90ba","curve":"stepped"},{"time":4.7667,"color":"e8de90ba"},{"time":5.3333,"color":"ffd0008b"},{"time":6.1333,"color":"e8de90ba"}]},"baiqiu_3":{"color":[{"time":0,"color":"ff9500b0"},{"time":0.6667,"color":"ff950080"},{"time":1.2333,"color":"ff9500b0"},{"time":1.9333,"color":"ffa93087"},{"time":2.5,"color":"ff9500b0"},{"time":3.2,"color":"ffaa30b5"},{"time":3.7667,"color":"ff9500b0"},{"time":4.4667,"color":"ffaa30b5"},{"time":5.0333,"color":"ff9500b0"},{"time":5.7333,"color":"ffaa30b5"},{"time":6.3333,"color":"ff9500b0"}]},"deng1a":{"attachment":[{"time":0.3667,"name":null},{"time":0.7,"name":"deng2_"},{"time":1.0667,"name":null},{"time":1.4,"name":"deng2_"},{"time":1.7667,"name":null},{"time":2.1,"name":"deng2_"},{"time":2.4667,"name":null},{"time":2.8,"name":"deng2_"},{"time":3.1667,"name":null},{"time":3.5,"name":"deng2_"},{"time":3.8667,"name":null},{"time":4.2,"name":"deng2_"},{"time":4.5667,"name":null},{"time":4.9333,"name":"deng2_"},{"time":5.2667,"name":null},{"time":5.6333,"name":"deng2_"},{"time":5.9667,"name":null},{"time":6.3333,"name":"deng2_"}]},"deng1b":{"attachment":[{"time":0.3667,"name":null},{"time":0.7,"name":"deng1_"},{"time":1.0667,"name":null},{"time":1.4,"name":"deng1_"},{"time":1.7667,"name":null},{"time":2.1,"name":"deng1_"},{"time":2.4667,"name":null},{"time":2.8,"name":"deng1_"},{"time":3.1667,"name":null},{"time":3.5,"name":"deng1_"},{"time":3.8667,"name":null},{"time":4.2,"name":"deng1_"},{"time":4.5667,"name":null},{"time":4.9333,"name":"deng1_"},{"time":5.2667,"name":null},{"time":5.6333,"name":"deng1_"},{"time":5.9667,"name":null},{"time":6.3333,"name":"deng1_"}]},"deng1c":{"attachment":[{"time":0.3667,"name":null},{"time":0.7,"name":"deng2_"},{"time":1.0667,"name":null},{"time":1.4,"name":"deng2_"},{"time":1.7667,"name":null},{"time":2.1,"name":"deng2_"},{"time":2.4667,"name":null},{"time":2.8,"name":"deng2_"},{"time":3.1667,"name":null},{"time":3.5,"name":"deng2_"},{"time":3.8667,"name":null},{"time":4.2,"name":"deng2_"},{"time":4.5667,"name":null},{"time":4.9333,"name":"deng2_"},{"time":5.2667,"name":null},{"time":5.6333,"name":"deng2_"},{"time":5.9667,"name":null},{"time":6.3333,"name":"deng2_"}]},"deng1d":{"attachment":[{"time":0.3667,"name":null},{"time":0.7,"name":"deng1_"},{"time":1.0667,"name":null},{"time":1.4,"name":"deng1_"},{"time":1.7667,"name":null},{"time":2.1,"name":"deng1_"},{"time":2.4667,"name":null},{"time":2.8,"name":"deng1_"},{"time":3.1667,"name":null},{"time":3.5,"name":"deng1_"},{"time":3.8667,"name":null},{"time":4.2,"name":"deng1_"},{"time":4.5667,"name":null},{"time":4.9333,"name":"deng1_"},{"time":5.2667,"name":null},{"time":5.6333,"name":"deng1_"},{"time":5.9667,"name":null},{"time":6.3333,"name":"deng1_"}]},"deng2a":{"attachment":[{"time":0.3667,"name":"deng2_"},{"time":0.7,"name":null},{"time":1.0667,"name":"deng2_"},{"time":1.4,"name":null},{"time":1.7667,"name":"deng2_"},{"time":2.1,"name":null},{"time":2.4667,"name":"deng2_"},{"time":2.8,"name":null},{"time":3.1667,"name":"deng2_"},{"time":3.5,"name":null},{"time":3.8667,"name":"deng2_"},{"time":4.2,"name":null},{"time":4.5667,"name":"deng2_"},{"time":4.9333,"name":null},{"time":5.2667,"name":"deng2_"},{"time":5.6333,"name":null},{"time":5.9667,"name":"deng2_"},{"time":6.3333,"name":null}]},"deng2b":{"attachment":[{"time":0.3667,"name":"deng1_"},{"time":0.7,"name":null},{"time":1.0667,"name":"deng1_"},{"time":1.4,"name":null},{"time":1.7667,"name":"deng1_"},{"time":2.1,"name":null},{"time":2.4667,"name":"deng1_"},{"time":2.8,"name":null},{"time":3.1667,"name":"deng1_"},{"time":3.5,"name":null},{"time":3.8667,"name":"deng1_"},{"time":4.2,"name":null},{"time":4.5667,"name":"deng1_"},{"time":4.9333,"name":null},{"time":5.2667,"name":"deng1_"},{"time":5.6333,"name":null},{"time":5.9667,"name":"deng1_"},{"time":6.3333,"name":null}]},"deng2c":{"attachment":[{"time":0.3667,"name":"deng2_"},{"time":0.7,"name":null},{"time":1.0667,"name":"deng2_"},{"time":1.4,"name":null},{"time":1.7667,"name":"deng2_"},{"time":2.1,"name":null},{"time":2.4667,"name":"deng2_"},{"time":2.8,"name":null},{"time":3.1667,"name":"deng2_"},{"time":3.5,"name":null},{"time":3.8667,"name":"deng2_"},{"time":4.2,"name":null},{"time":4.5667,"name":"deng2_"},{"time":4.9333,"name":null},{"time":5.2667,"name":"deng2_"},{"time":5.6333,"name":null},{"time":5.9667,"name":"deng2_"},{"time":6.3333,"name":null}]},"deng2d":{"attachment":[{"time":0.3667,"name":"deng1_"},{"time":0.7,"name":null},{"time":1.0667,"name":"deng1_"},{"time":1.4,"name":null},{"time":1.7667,"name":"deng1_"},{"time":2.1,"name":null},{"time":2.4667,"name":"deng1_"},{"time":2.8,"name":null},{"time":3.1667,"name":"deng1_"},{"time":3.5,"name":null},{"time":3.8667,"name":"deng1_"},{"time":4.2,"name":null},{"time":4.5667,"name":"deng1_"},{"time":4.9333,"name":null},{"time":5.2667,"name":"deng1_"},{"time":5.6333,"name":null},{"time":5.9667,"name":"deng1_"},{"time":6.3333,"name":null}]},"guagnqiu_2":{"color":[{"time":0,"color":"ffa91a61","curve":"stepped"},{"time":0.3667,"color":"ffa91a61"},{"time":1,"color":"ffa91a00"},{"time":1.7667,"color":"ffaa1bff","curve":"stepped"},{"time":1.9,"color":"ffaa1bff"},{"time":2.5333,"color":"ff791940"},{"time":3.3,"color":"ffaa1bff","curve":"stepped"},{"time":3.4333,"color":"ffaa1bff"},{"time":4.0667,"color":"ff791940"},{"time":4.8333,"color":"ffaa1bff","curve":"stepped"},{"time":4.9333,"color":"ffaa1bff"},{"time":5.5667,"color":"ff791940"},{"time":6.3333,"color":"ffa91a61"}]},"guagnqiu_4":{"color":[{"time":0,"color":"00b7ffff"},{"time":0.7333,"color":"000effff"},{"time":1.5667,"color":"c600ffff"},{"time":3.1667,"color":"00b7ffff"},{"time":4.7333,"color":"c700ffff"},{"time":6.3333,"color":"00b7ffff"}],"attachment":[{"time":0,"name":"guagnqiu_"}]},"guagnqiu_5":{"color":[{"time":0,"color":"ff27fdff"},{"time":1.5667,"color":"ffcf00ff"},{"time":3.1667,"color":"9038ffec"},{"time":4.7333,"color":"2cb3ffff"},{"time":6.3333,"color":"ff27fdff"}],"attachment":[{"time":0,"name":"guagnqiu_"}]},"xian1":{"color":[{"time":0,"color":"ff5c0700"},{"time":1.1,"color":"ff924fa0"},{"time":2.3333,"color":"ff930600"}],"attachment":[{"time":0,"name":"baiqiu_"}]},"xian2":{"color":[{"time":1.5667,"color":"ff5c0700"},{"time":2.9,"color":"ff71056b"},{"time":4.2333,"color":"ff5c0700"}],"attachment":[{"time":1.5667,"name":"baiqiu_"}]},"xian1_2":{"color":[{"time":0,"color":"ffbf3900"},{"time":0.6333,"color":"ffc039ff"},{"time":1.6,"color":"ffbf3900"},{"time":2.2333,"color":"ffc039ff"},{"time":3.1667,"color":"ffbf3900"},{"time":3.8,"color":"ffc039ff"},{"time":4.7667,"color":"ffbf3900"},{"time":5.4,"color":"ffc039ff"},{"time":6.3333,"color":"ffbf3900"}],"attachment":[{"time":0,"name":"xian1_"}]},"xian2_2":{"color":[{"time":0,"color":"ffbf3900"},{"time":0.6333,"color":"ffc039ff"},{"time":1.6,"color":"ffbf3900"},{"time":2.2333,"color":"ffc039ff"},{"time":3.1667,"color":"ffbf3900"},{"time":3.8,"color":"ffc039ff"},{"time":4.7667,"color":"ffbf3900"},{"time":5.4,"color":"ffc039ff"},{"time":6.3333,"color":"ffbf3900"}],"attachment":[{"time":0,"name":"xian2_"}]},"xx_01":{"color":[{"time":0,"color":"ffab0000"},{"time":0.4,"color":"ffab00ff"},{"time":0.8,"color":"ffab0000","curve":"stepped"},{"time":3.1667,"color":"ffab0000"},{"time":3.5667,"color":"ffab00ff"},{"time":3.9667,"color":"ffab0000"}],"attachment":[{"time":0,"name":"guagnqiu_"}]},"xx_02":{"color":[{"time":0,"color":"ffab0000","curve":"stepped"},{"time":0.2,"color":"ffab0000"},{"time":0.6,"color":"ffab00bb"},{"time":1,"color":"ffab0000","curve":"stepped"},{"time":3.3667,"color":"ffab0000"},{"time":3.7667,"color":"ffab00bb"},{"time":4.1667,"color":"ffab0000"}],"attachment":[{"time":0,"name":"guagnqiu_"}]},"xx_03":{"color":[{"time":0,"color":"ffab0000","curve":"stepped"},{"time":0.4,"color":"ffab0000"},{"time":0.8,"color":"ffab009a"},{"time":1.2,"color":"ffab0000","curve":"stepped"},{"time":3.5667,"color":"ffab0000"},{"time":3.9667,"color":"ffab009a"},{"time":4.3667,"color":"ffab0000"}],"attachment":[{"time":0,"name":"guagnqiu_"}]},"xx_04":{"color":[{"time":0,"color":"ffab0000","curve":"stepped"},{"time":0.6,"color":"ffab0000"},{"time":1,"color":"ffab00ff"},{"time":1.4,"color":"ffab0000","curve":"stepped"},{"time":3.7667,"color":"ffab0000"},{"time":4.1667,"color":"ffab00ff"},{"time":4.5667,"color":"ffab0000"}],"attachment":[{"time":0,"name":"guagnqiu_"}]},"xx_05":{"color":[{"time":0,"color":"ffab0000","curve":"stepped"},{"time":0.8,"color":"ffab0000"},{"time":1.2,"color":"ffab00b5"},{"time":1.6,"color":"ffab0000","curve":"stepped"},{"time":3.9667,"color":"ffab0000"},{"time":4.3667,"color":"ffab00b5"},{"time":4.7667,"color":"ffab0000"}],"attachment":[{"time":0,"name":"guagnqiu_"}]},"xx_06":{"color":[{"time":0,"color":"ffab0000","curve":"stepped"},{"time":1,"color":"ffab0000"},{"time":1.4,"color":"ffab00ff"},{"time":1.8,"color":"ffab0000","curve":"stepped"},{"time":4.1667,"color":"ffab0000"},{"time":4.5667,"color":"ffab00ff"},{"time":4.9667,"color":"ffab0000"}],"attachment":[{"time":0,"name":"guagnqiu_"}]},"xx_07":{"color":[{"time":0,"color":"ffab0000","curve":"stepped"},{"time":1.2,"color":"ffab0000"},{"time":1.6,"color":"ffab00ff"},{"time":1.9667,"color":"ffab0000","curve":"stepped"},{"time":4.3667,"color":"ffab0000"},{"time":4.7667,"color":"ffab00ff"},{"time":5.1333,"color":"ffab0000"}],"attachment":[{"time":0,"name":"guagnqiu_"}]},"xx_08":{"color":[{"time":0,"color":"ffab0000","curve":"stepped"},{"time":1.4,"color":"ffab0000"},{"time":1.8,"color":"ffab00ff"},{"time":2.1667,"color":"ffab0000","curve":"stepped"},{"time":4.5667,"color":"ffab0000"},{"time":4.9667,"color":"ffab00ff"},{"time":5.3333,"color":"ffab0000"}],"attachment":[{"time":0,"name":"guagnqiu_"}]},"xx_09":{"color":[{"time":0,"color":"ffab0000","curve":"stepped"},{"time":1.6,"color":"ffab0000"},{"time":1.9667,"color":"ffab00ff"},{"time":2.3667,"color":"ffab0000","curve":"stepped"},{"time":4.7667,"color":"ffab0000"},{"time":5.1333,"color":"ffab00ff"},{"time":5.5333,"color":"ffab0000"}],"attachment":[{"time":0,"name":"guagnqiu_"}]},"xx_10":{"color":[{"time":0,"color":"ffab0000","curve":"stepped"},{"time":1.8,"color":"ffab0000"},{"time":2.1667,"color":"ffab00d5"},{"time":2.5667,"color":"ffab0000","curve":"stepped"},{"time":4.9667,"color":"ffab0000"},{"time":5.3333,"color":"ffab00d5"},{"time":5.7333,"color":"ffab0000"}],"attachment":[{"time":0,"name":"guagnqiu_"}]},"xx_11":{"color":[{"time":0,"color":"ffab0000","curve":"stepped"},{"time":1.9667,"color":"ffab0000"},{"time":2.3667,"color":"ffab00ff"},{"time":2.7667,"color":"ffab0000","curve":"stepped"},{"time":5.1333,"color":"ffab0000"},{"time":5.5333,"color":"ffab00ff"},{"time":5.9333,"color":"ffab0000"}],"attachment":[{"time":0,"name":"guagnqiu_"}]},"xx_12":{"color":[{"time":0,"color":"ffab0000","curve":"stepped"},{"time":2.1667,"color":"ffab0000"},{"time":2.5667,"color":"ffab00ff"},{"time":2.9667,"color":"ffab0000","curve":"stepped"},{"time":5.3333,"color":"ffab0000"},{"time":5.7333,"color":"ffab00ff"},{"time":6.1333,"color":"ffab0000"}],"attachment":[{"time":0,"name":"guagnqiu_"}]},"xx_13":{"color":[{"time":0,"color":"ffab0000","curve":"stepped"},{"time":2.3667,"color":"ffab0000"},{"time":2.7667,"color":"ffab00ff"},{"time":3.1667,"color":"ffab0000","curve":"stepped"},{"time":5.5333,"color":"ffab0000"},{"time":5.9333,"color":"ffab00ff"},{"time":6.3333,"color":"ffab0000"}],"attachment":[{"time":0,"name":"guagnqiu_"}]},"xx_14":{"color":[{"time":0,"color":"ffab007f"},{"time":0.2,"color":"ffab0000","curve":"stepped"},{"time":2.5667,"color":"ffab0000"},{"time":2.9667,"color":"ffab00ff"},{"time":3.1667,"color":"ffab007f"},{"time":3.3667,"color":"ffab0000","curve":"stepped"},{"time":5.7333,"color":"ffab0000"},{"time":6.1333,"color":"ffab00ff"},{"time":6.3333,"color":"ffab007f"}],"attachment":[{"time":0,"name":"guagnqiu_"}]},"xx_15":{"color":[{"time":0,"color":"ffab00ff"},{"time":0.4,"color":"ffab0000","curve":"stepped"},{"time":2.7667,"color":"ffab0000"},{"time":3.1667,"color":"ffab00ff"},{"time":3.5667,"color":"ffab0000","curve":"stepped"},{"time":5.9333,"color":"ffab0000"},{"time":6.3333,"color":"ffab00ff"}],"attachment":[{"time":0,"name":"guagnqiu_"}]},"xx_16":{"color":[{"time":0,"color":"ffab007f"},{"time":0.2,"color":"ffab00ff"},{"time":0.6,"color":"ffab0000","curve":"stepped"},{"time":2.9667,"color":"ffab0000"},{"time":3.1667,"color":"ffab007f"},{"time":3.3667,"color":"ffab00ff"},{"time":3.7667,"color":"ffab0000","curve":"stepped"},{"time":6.1333,"color":"ffab0000"},{"time":6.3333,"color":"ffab007f"}],"attachment":[{"time":0,"name":"guagnqiu_"}]}},"bones":{"shuijingqiu":{"rotate":[{"time":0,"angle":0,"curve":[0.25,0,0.75,1]},{"time":1.5667,"angle":1.3,"curve":[0.25,0,0.75,1]},{"time":4.7333,"angle":-3,"curve":[0.25,0,0.75,1]},{"time":6.3333,"angle":0}],"translate":[{"time":0,"x":0,"y":0,"curve":[0.25,0,0.75,1]},{"time":3.1667,"x":0,"y":-7.22,"curve":[0.25,0,0.75,1]},{"time":6.3333,"x":0,"y":0}]},"shan1":{"scale":[{"time":0,"x":1,"y":1},{"time":0.5667,"x":0.624,"y":0.624},{"time":1.3667,"x":1,"y":1,"curve":"stepped"},{"time":1.6,"x":1,"y":1},{"time":2.1667,"x":0.624,"y":0.624},{"time":2.9667,"x":1,"y":1,"curve":"stepped"},{"time":3.2,"x":1,"y":1},{"time":3.7667,"x":0.624,"y":0.624},{"time":4.5667,"x":1,"y":1,"curve":"stepped"},{"time":4.7667,"x":1,"y":1},{"time":5.3333,"x":0.624,"y":0.624},{"time":6.1333,"x":1,"y":1}]},"shan2":{"scale":[{"time":0.3667,"x":1,"y":1},{"time":1,"x":0.76,"y":0.76},{"time":1.7667,"x":1,"y":1,"curve":"stepped"},{"time":1.9,"x":1,"y":1},{"time":2.5333,"x":0.76,"y":0.76},{"time":3.3,"x":1,"y":1,"curve":"stepped"},{"time":3.4333,"x":1,"y":1},{"time":4.0667,"x":0.76,"y":0.76},{"time":4.8333,"x":1,"y":1,"curve":"stepped"},{"time":4.9333,"x":1,"y":1},{"time":5.5667,"x":0.76,"y":0.76},{"time":6.3333,"x":1,"y":1}]},"shan3":{"scale":[{"time":0,"x":0.561,"y":0.561},{"time":0.6667,"x":1,"y":1},{"time":1.2333,"x":0.561,"y":0.561},{"time":1.9333,"x":1,"y":1},{"time":2.5,"x":0.561,"y":0.561},{"time":3.2,"x":1,"y":1},{"time":3.7667,"x":0.561,"y":0.561},{"time":4.4667,"x":1,"y":1},{"time":5.0333,"x":0.561,"y":0.561},{"time":5.7333,"x":1,"y":1},{"time":6.3333,"x":0.561,"y":0.561}]},"shan4":{"scale":[{"time":0,"x":0.691,"y":0.691},{"time":0.9667,"x":1,"y":1},{"time":1.5,"x":0.691,"y":0.691},{"time":2.2,"x":1,"y":1},{"time":2.7333,"x":0.691,"y":0.691},{"time":3.4333,"x":1,"y":1},{"time":3.9667,"x":0.691,"y":0.691},{"time":4.6667,"x":1,"y":1},{"time":5.2,"x":0.691,"y":0.691},{"time":5.9,"x":1,"y":1},{"time":6.3333,"x":0.691,"y":0.691}]},"shan5":{"scale":[{"time":0,"x":1,"y":1},{"time":0.5667,"x":0.687,"y":0.687},{"time":1.3333,"x":1,"y":1},{"time":1.8333,"x":0.687,"y":0.687},{"time":2.6,"x":1,"y":1},{"time":3.1667,"x":0.687,"y":0.687},{"time":3.9333,"x":1,"y":1},{"time":4.5,"x":0.687,"y":0.687},{"time":5.2667,"x":1,"y":1}]},"shan6":{"scale":[{"time":0,"x":1,"y":1},{"time":0.6,"x":0.515,"y":0.515},{"time":1.4,"x":1,"y":1}]},"shan7":{"scale":[{"time":0,"x":1,"y":1},{"time":0.7,"x":0.682,"y":0.682},{"time":1.5,"x":1,"y":1,"curve":"stepped"},{"time":1.6333,"x":1,"y":1},{"time":2.3333,"x":0.682,"y":0.682},{"time":3.1333,"x":1,"y":1,"curve":"stepped"},{"time":3.2,"x":1,"y":1},{"time":3.9,"x":0.682,"y":0.682},{"time":4.7,"x":1,"y":1,"curve":"stepped"},{"time":4.7667,"x":1,"y":1},{"time":5.4667,"x":0.682,"y":0.682},{"time":6.2667,"x":1,"y":1}]},"xian1":{"translate":[{"time":0,"x":-10.59,"y":7.94,"curve":[0.209,0.14,0.918,0.82]},{"time":2.3333,"x":466.05,"y":0}],"scale":[{"time":0,"x":8.449,"y":3.219},{"time":1.1,"x":20.404,"y":3.165},{"time":2.3333,"x":8.449,"y":3.219}]},"xian2":{"translate":[{"time":1.5667,"x":-4.55,"y":-10.53},{"time":4.2333,"x":-484.81,"y":7.94}],"scale":[{"time":1.5667,"x":12.543,"y":3.448},{"time":2.9,"x":23.785,"y":4.396},{"time":4.2333,"x":12.543,"y":3.448}]}}}}}