{
"skeleton": { "hash": "wDBA3G6C0DOhxCAdu2Arr8DaOHQ", "spine": "2.1.27", "width": 343, "height": 288 },
"bones": [
	{ "name": "root" },
	{ "name": "bone", "parent": "root", "length": 10.54, "x": -33.03, "y": 165.29, "rotation": -79.73 },
	{ "name": "bone11", "parent": "root", "x": -63.96, "y": 243.65 },
	{ "name": "bone12", "parent": "root", "x": -25.22, "y": 250.94 },
	{ "name": "bone13", "parent": "root", "length": 14.32, "x": -55.93, "y": 213.4, "rotation": -85.49 },
	{ "name": "bone2", "parent": "root", "x": -54.91, "y": 135.38 },
	{ "name": "bone3", "parent": "root", "x": -101.68, "y": 169.29 },
	{ "name": "bone4", "parent": "root", "x": -80.41, "y": 231.72 },
	{ "name": "bone8", "parent": "root", "x": -57.58, "y": 223.47 },
	{ "name": "bone14", "parent": "bone", "length": 23.23, "x": -2.25, "y": -73.71, "rotation": -78.43 },
	{ "name": "bone5", "parent": "bone4", "length": 10.29, "x": -18.32, "y": -25.55, "rotation": -122.52 },
	{ "name": "bone9", "parent": "bone8", "length": 30.68, "x": 2.65, "y": -3.51, "rotation": -34.71 },
	{ "name": "bone10", "parent": "bone9", "length": 22.47, "x": 15.88, "y": -8.79, "rotation": -20.05 },
	{ "name": "bone15", "parent": "bone14", "length": 23.05, "x": 25.71, "y": 0.89, "rotation": 65.45 },
	{ "name": "bone19", "parent": "bone9", "length": 13.91, "x": 43.31, "y": 13.94, "rotation": 171.49 },
	{ "name": "bone21", "parent": "bone9", "length": 14.37, "x": 36.41, "y": -5.82, "rotation": -177.74 },
	{ "name": "bone6", "parent": "bone5", "length": 11.48, "x": 9.76, "y": -0.06, "rotation": 71.7 },
	{ "name": "bone16", "parent": "bone15", "length": 28.74, "x": 23.05, "y": -0.12, "rotation": 37.37 },
	{ "name": "bone20", "parent": "bone19", "length": 13.37, "x": 16.33, "y": 0.1, "rotation": -25.65 },
	{ "name": "bone22", "parent": "bone21", "length": 14.39, "x": 12.99, "y": -0.04, "rotation": -10.7 },
	{ "name": "bone7", "parent": "bone6", "length": 6.85, "x": 11.92, "y": 2.41, "rotation": 61.13 },
	{ "name": "bone17", "parent": "bone16", "length": 22.29, "x": 28.75, "y": 0.01, "rotation": 24.34 },
	{ "name": "bone23", "parent": "bone22", "length": 13.64, "x": 14.39, "y": -0.1, "rotation": 28 },
	{ "name": "bone18", "parent": "bone17", "length": 26.36, "x": 22.29, "y": -0.04, "rotation": 30.89 }
],
"slots": [
	{ "name": "root", "bone": "root", "attachment": "djlg09_" },
	{ "name": "djlg08_", "bone": "root", "attachment": "djlg08_" },
	{ "name": "djlg07_", "bone": "root", "attachment": "djlg07_" },
	{ "name": "djlg06_", "bone": "root", "attachment": "djlg06_" },
	{ "name": "djlg05_", "bone": "root", "attachment": "djlg05_" },
	{ "name": "djlg04_2", "bone": "bone4", "attachment": "djlg04_" },
	{ "name": "djlg03_2", "bone": "bone12", "attachment": "djlg03_" },
	{ "name": "djlg02_", "bone": "root", "attachment": "djlg02_" },
	{ "name": "djlg012_2", "bone": "bone10", "attachment": "djlg012_" },
	{ "name": "djlg011_2", "bone": "bone9", "attachment": "djlg011_" },
	{ "name": "bone9", "bone": "bone9", "attachment": "djlg013_" }
],
"skins": {
	"default": {
		"bone9": {
			"djlg013_": {
				"type": "skinnedmesh",
				"uvs": [ 1, 0.59762, 1, 0.67923, 1, 0.77219, 1, 1, 0.70965, 1, 0.63683, 1, 0.57522, 1, 0, 1, 0, 0.54835, 0, 0.44933, 0, 0, 0.6494, 0, 0.73483, 0, 1, 0, 0.80779, 0.75173, 0.80873, 0.85014, 0.92683, 0.84898, 0.84619, 0.74934, 0.85856, 0.84965, 0.91437, 0.74096, 0.95566, 0.70617, 0.92323, 0.61293, 0.85104, 0.53876, 0.89042, 0.45716, 0.95414, 0.67848, 0.96275, 0.54988, 0.7999, 0.38091, 0.7276, 0.4158, 0.72656, 0.25093, 0.64277, 0.26836, 0.62802, 0.1331, 0.69291, 0.13004, 0.7481, 0.80061, 0.77287, 0.82563, 0.79448, 0.89665, 0.75607, 0.95264, 0.70647, 0.89262, 0.64005, 0.9266, 0.57204, 0.91058, 0.54083, 0.97358, 0.49517, 0.84754, 0.44236, 0.89053, 0.43949, 0.74599, 0.38747, 0.79198, 0.36225, 0.64138, 0.30463, 0.69037, 0.25773, 0.54027, 0.21451, 0.61127, 0.14893, 0.47339, 0.12091, 0.54839 ],
				"triangles": [ 47, 8, 49, 49, 48, 46, 48, 49, 9, 49, 8, 9, 48, 9, 10, 46, 48, 29, 47, 7, 8, 47, 49, 46, 45, 44, 42, 45, 47, 44, 47, 46, 44, 44, 46, 29, 42, 44, 27, 43, 45, 42, 43, 42, 40, 7, 47, 45, 27, 32, 42, 5, 6, 37, 39, 38, 6, 6, 38, 37, 39, 41, 38, 38, 41, 40, 3, 34, 18, 33, 14, 15, 37, 36, 4, 4, 36, 35, 35, 36, 34, 36, 38, 32, 36, 33, 34, 34, 33, 15, 36, 32, 33, 40, 42, 32, 7, 39, 6, 7, 41, 39, 7, 43, 41, 4, 35, 3, 35, 34, 3, 34, 15, 18, 5, 37, 4, 37, 38, 36, 32, 38, 40, 33, 32, 14, 14, 32, 27, 41, 43, 40, 7, 45, 43, 18, 16, 3, 16, 2, 3, 15, 17, 18, 15, 14, 17, 16, 18, 19, 18, 17, 19, 16, 19, 2, 19, 20, 2, 20, 1, 2, 17, 14, 22, 21, 19, 17, 27, 22, 14, 19, 24, 20, 19, 21, 24, 21, 17, 22, 20, 24, 1, 24, 0, 1, 24, 21, 0, 21, 25, 0, 21, 22, 25, 25, 13, 0, 22, 23, 25, 25, 23, 13, 27, 26, 22, 22, 26, 23, 23, 26, 13, 27, 44, 29, 29, 48, 30, 29, 28, 27, 27, 28, 26, 26, 28, 13, 12, 13, 31, 29, 31, 28, 29, 30, 31, 13, 28, 31, 30, 11, 31, 30, 10, 11, 31, 11, 12, 30, 48, 10 ],
				"vertices": [ 1, 14, 0.98, -2.27, 1, 5, 11, 44.53, 13.65, 0.00164, 14, -1.24, 0.1, 0.99336, 15, -8.88, -19.12999, 0.00498, 19, -17.95999, -22.82, 0, 22, -39.23, -4.87, 0, 5, 11, 46.65, 10.59, 0.02962, 14, -3.79, 2.81, 0.88723, 15, -10.88, -15.99, 0.0831, 19, -20.5, -20.11, 3.0E-5, 22, -40.2, -1.28, 0, 5, 11, 51.84, 3.1, 0.04317, 14, -10.03, 9.43999, 0.70845, 15, -15.77, -8.31, 0.24826, 19, -26.73, -13.46, 8.0E-5, 22, -42.58, 7.5, 1.0E-5, 1, 15, -3.52, -0.52, 1, 1, 15, -0.45, 1.43, 1, 1, 15, 2.14, 3.08, 1, 1, 15, 26.4, 18.51, 1, 1, 22, 10.38, 3.15, 1, 1, 22, 11.42, -0.67, 1, 4, 11, -12.03, 7.5, 0.99377, 18, 27.49, 29.24, 0.00549, 15, 47.87, -15.22, 2.6E-4, 19, 37.08, -8.43999, 4.6E-4, 5, 11, 14.65, 25.99, 0.01023, 18, 15.8, -1.03, 0.98792, 14, 30.13, -7.67, 0.00183, 15, 20.46999, -32.65, 0, 22, -15.21, -26.5, 0, 4, 18, 14.26, -5.02, 0.93843, 14, 27.01, -10.6, 0.06156, 15, 16.87, -34.93999, 0, 22, -19.33, -27.62, 0, 5, 11, 29.05, 35.98, 1.0E-5, 18, 9.47999, -17.37999, 0.59916, 14, 17.36, -19.68, 0.4008, 15, 5.69, -42.05, 1.0E-5, 22, -32.12, -31.09, 0, 5, 11, 38.29, 5.79, 0.28674, 14, 3.76, 8.8, 0.56794, 15, -2.33, -11.53, 0.14521, 19, -12.93, -14.13, 8.0E-5, 22, -30.71, 0.43, 0, 5, 11, 40.57, 2.58, 0.27816, 14, 1.03, 11.63, 0.39591, 15, -4.48, -8.22999, 0.3258, 19, -15.66, -11.29, 8.0E-5, 22, -31.79, 4.21999, 1.0E-5, 5, 11, 45.39, 5.99, 0.08567, 14, -3.23, 7.55, 0.78765, 15, -9.43999, -11.44, 0.12661, 19, -19.93, -15.36, 5.0E-5, 22, -37.47, 2.63, 0, 5, 11, 39.81, 6.96, 0.28674, 14, 2.43, 7.41, 0.56794, 15, -3.9, -12.64, 0.14521, 19, -14.26, -15.51, 8.0E-5, 22, -32.54, -0.15, 0, 5, 11, 42.6, 4.02, 0.15894, 14, -0.76, 9.91, 0.57669, 15, -6.58, -9.59, 0.26426, 19, -17.45999, -13.01, 8.0E-5, 22, -34.18999, 3.55, 1.0E-5, 5, 11, 42.42, 9.18, 0.08567, 14, 0.17, 4.83, 0.78765, 15, -6.6, -14.75, 0.12661, 19, -16.52, -18.09, 5.0E-5, 22, -35.74, -1.37, 0, 5, 11, 43.32, 11.5, 0.02761, 14, -0.37, 2.4, 0.94213, 15, -7.59, -17.03, 0.03022, 19, -17.08, -20.52, 1.0E-5, 22, -37.37, -3.25, 0, 1, 14, 3.36, 0.8, 1, 1, 14, 8.02, 1.11, 1, 2, 18, -5.59, -5.69, 0.00813, 14, 8.82, -2.60999, 0.99186, 5, 11, 42.63, 12.37, 0.02761, 14, 0.44, 1.65, 0.94213, 15, -6.93, -17.93, 0.03022, 19, -16.26, -21.27, 1.0E-5, 22, -37.00999, -4.3, 0, 1, 14, 3.65, -2.38, 1, 1, 14, 14.21, -1.73, 1, 5, 11, 27.34, 14.55, 0.16223, 18, -1.12, 1.29999, 0.46615, 14, 15.88, 1.76, 0.37142, 19, -0.82, -21.19, 1.8E-4, 22, -23.33, -11.48, 0, 6, 11, 23.54, 19.94, 0.00127, 18, 5.04, -1.02, 0.98973, 14, 20.44, -3, 0.00899, 15, 11.83, -26.25, 0, 19, 3.72, -25.96, 0, 22, -21.55, -17.83, 0, 4, 11, 20.49, 16.98, 0.25745, 18, 5.9, 3.13, 0.74242, 19, 6.3, -22.59, 1.1E-4, 22, -17.69, -16.06, 0, 4, 11, 16.79999, 21.01, 0.19131, 18, 11.21, 1.87, 0.80866, 19, 10.54, -26.03, 1.0E-5, 22, -15.57, -21.09, 0, 1, 18, 10.16, -1.19, 1, 1, 15, -0.86, -8.28, 1, 1, 15, -2.44, -8.1, 1, 1, 15, -4.88, -6.28, 1, 1, 15, -4.46, -3.36, 1, 1, 15, -1.08, -4.06, 1, 1, 15, 0.98, -1.13, 1, 2, 15, 4.19, 0.15, 0.81599, 19, -8.68, -1.43, 0.184, 2, 15, 4.16, 3.11, 0.81599, 19, -9.26, 1.46, 0.184, 2, 15, 8.79, 0.08, 0.504, 19, -4.15, -0.64999, 0.49599, 2, 15, 10.09, 2.95, 0.504, 19, -3.4, 2.4, 0.49599, 2, 15, 13.32, -1.84, 0.48799, 19, 0.64999, -1.7, 0.512, 2, 15, 14.52, 1.1, 0.49599, 19, 1.29, 1.41, 0.504, 3, 15, 18.82, -3.3, 0.16972, 19, 6.33, -2.10999, 0.64626, 22, -8.06, 2, 0.184, 3, 15, 20.2, -0.1, 0.16972, 19, 7.09, 1.27, 0.64626, 22, -5.79, 4.64, 0.184, 2, 19, 12.9, -1.49, 0.504, 22, -1.96, -0.52999, 0.49599, 2, 19, 12.54, 2.05, 0.504, 22, -0.62, 2.77, 0.49599, 2, 19, 18.7, 0.27, 0.136, 22, 3.98, -1.69, 0.86399, 2, 19, 17.67, 3.42, 0.136, 22, 4.55, 1.57, 0.86399 ],
				"hull": 14
			}
		},
		"djlg011_2": {
			"djlg011_": { "x": -1.04, "y": 5.95, "rotation": 34.71, "width": 70, "height": 63 }
		},
		"djlg012_2": {
			"djlg012_": { "x": 9.28, "y": -3.39, "rotation": 54.77, "width": 29, "height": 29 }
		},
		"djlg02_": {
			"djlg02_": {
				"type": "skinnedmesh",
				"uvs": [ 1, 0.65631, 1, 0.92797, 1, 1, 0.77754, 1, 0.5628, 1, 0, 1, 0, 0.45014, 0, 0.24882, 0, 0, 0.04582, 0, 0.12271, 0, 1, 0, 0.61317, 0.55444, 0.54689, 0.42831, 0.05113, 0.68299, 0.73475, 0.58388, 0.38782, 0.92311, 0.92601, 0.49865, 0.62993, 0.80032, 0.36859, 0.64426, 0.31139, 0.43771, 0.34805, 0.11784, 0.20489, 0.09601, 0.55219, 0.24882, 0.32973, 0.2777, 0.54985, 0.32828, 0.857, 0.52585, 0.8796, 0.6722, 0.85781, 0.8747, 0.02346, 0.1214, 0.18091, 0.18872, 0.33748, 0.21009, 0.16812, 0.26354 ],
				"triangles": [ 6, 32, 20, 13, 20, 25, 25, 24, 23, 32, 30, 24, 24, 31, 23, 24, 30, 31, 32, 7, 30, 31, 21, 23, 7, 29, 30, 7, 8, 29, 30, 22, 31, 31, 22, 21, 22, 30, 29, 29, 9, 10, 22, 29, 10, 29, 8, 9, 21, 22, 10, 26, 25, 23, 23, 21, 11, 11, 21, 10, 6, 7, 32, 20, 32, 24, 25, 20, 24, 26, 13, 25, 14, 20, 19, 14, 6, 20, 19, 13, 12, 19, 20, 13, 5, 6, 14, 14, 19, 16, 19, 12, 18, 15, 12, 13, 3, 1, 2, 3, 28, 1, 4, 18, 3, 3, 18, 28, 5, 16, 4, 4, 16, 18, 5, 14, 16, 1, 28, 0, 28, 27, 0, 16, 19, 18, 28, 18, 27, 18, 15, 27, 18, 12, 15, 15, 26, 27, 27, 17, 0, 27, 26, 17, 17, 11, 0, 26, 15, 13, 23, 17, 26, 17, 23, 11 ],
				"vertices": [ 1, 11, 13.3, 14.33, 1, 1, 11, 20.58, 3.83, 1, 1, 11, 22.51, 1.04999, 1, 1, 11, 14.64, -4.39, 1, 1, 11, 7.05, -9.64999, 1, 1, 11, -12.84, -23.43, 1, 2, 8, -21.24, 10.38, 0.51999, 2, -14.87, -9.79, 0.48, 2, 8, -21.24, 19.84, 0.08799, 2, -14.87, -0.33, 0.912, 1, 2, -14.87, 11.36, 1, 1, 2, -12.9, 11.36, 1, 1, 2, -9.6, 11.36, 1, 1, 11, -4.25, 39.68999, 1, 2, 8, 5.11, 5.48, 0.872, 2, 11.48, -14.69, 0.128, 2, 8, 2.26, 11.4, 0.51999, 2, 8.63, -8.76, 0.48, 2, 8, -19.04999, -0.56, 0.872, 2, -12.67, -20.73, 0.128, 1, 11, 1.99, 10.63, 1, 1, 11, -1.19, -10.96, 1, 1, 11, 6.47, 18.61, 1, 1, 11, 4.08, -0.29, 1, 2, 8, -5.39, 1.25, 0.872, 2, 0.97, -18.91, 0.128, 2, 8, -7.85, 10.96, 0.51999, 2, -1.48, -9.21, 0.48, 1, 2, 0.08, 5.82, 1, 1, 2, -6.06, 6.84, 1, 1, 2, 8.85999, -0.33, 1, 2, 8, -7.07, 18.48, 0.08799, 2, -0.69, -1.69, 0.912, 2, 8, 2.39, 16.11, 0.08799, 2, 8.76, -4.06, 0.912, 1, 11, 4.76, 15.87, 1, 1, 11, 9.47, 10.77, 1, 1, 11, 14.12, 2.41, 1, 1, 2, -13.86, 5.65, 1, 1, 2, -7.09, 2.49, 1, 1, 2, -0.36, 1.48, 1, 2, 8, -14.01, 19.15, 0.08799, 2, -7.64, -1.02, 0.912 ],
				"hull": 12
			}
		},
		"djlg03_2": {
			"djlg03_": {
				"type": "skinnedmesh",
				"uvs": [ 1, 0.31429, 1, 0.42014, 1, 1, 0, 1, 0, 0.43083, 0, 0.33018, 0, 0, 0.45536, 0, 0.68641, 0, 1, 0, 0.32767, 0.44002, 0.23193, 0.53659, 0.06602, 0.50957, 0.24523, 0.34771, 0.11745, 0.31589, 0.14364, 0.43278, 0.02352, 0.21994, 0.24177, 0.2628, 0.39256, 0.36669, 0.38542, 0.21215, 0.47272, 0.32708, 0.16003, 0.10306, 0.5625, 0.19088, 0.57044, 0.32205, 0.29743, 0.02855, 0.77212, 0.25716, 0.84117, 0.09028, 0.67316, 0.1903, 0.60149, 0.33119, 0.65467, 0.36625, 0.96489, 0.22218, 0.84981, 0.3527, 0.64029, 0.43062, 0.83517, 0.4513, 0.80952, 0.53879, 0.94999, 0.59528, 0.6119, 0.50242, 0.70297, 0.64606, 0.84662, 0.7493, 0.48234, 0.58047, 0.34436, 0.64053, 0.55769, 0.75235, 0.7488, 0.88962, 0.5288, 0.93416, 0.39436, 0.83962, 0.29769, 0.74326, 0.4291, 0.98129 ],
				"triangles": [ 42, 37, 38, 41, 39, 37, 46, 44, 43, 43, 42, 2, 42, 38, 2, 46, 3, 44, 46, 43, 2, 41, 37, 42, 40, 39, 41, 43, 41, 42, 43, 44, 41, 45, 40, 44, 44, 40, 41, 3, 45, 44, 45, 11, 40, 3, 46, 2, 40, 10, 39, 38, 35, 2, 45, 12, 11, 45, 3, 12, 3, 4, 12, 11, 10, 40, 10, 18, 39, 18, 20, 39, 12, 15, 11, 10, 15, 13, 10, 11, 15, 12, 4, 15, 10, 13, 18, 4, 14, 15, 15, 14, 13, 4, 5, 14, 20, 18, 19, 14, 17, 13, 19, 18, 17, 18, 13, 17, 5, 16, 14, 16, 5, 6, 14, 16, 17, 16, 21, 17, 17, 21, 19, 16, 6, 21, 21, 24, 19, 21, 6, 24, 24, 6, 7, 34, 33, 35, 36, 32, 34, 38, 34, 35, 37, 36, 34, 36, 39, 20, 20, 19, 22, 19, 24, 7, 23, 36, 20, 23, 20, 22, 19, 7, 22, 28, 23, 22, 8, 22, 7, 35, 33, 1, 34, 32, 33, 32, 29, 31, 31, 30, 0, 32, 28, 29, 29, 25, 31, 31, 25, 30, 27, 28, 22, 30, 26, 9, 27, 22, 8, 26, 8, 9, 25, 29, 27, 29, 28, 27, 25, 26, 30, 25, 27, 26, 27, 8, 26, 32, 23, 28, 33, 31, 1, 33, 32, 31, 31, 0, 1, 30, 9, 0, 32, 36, 23, 35, 1, 2, 37, 34, 38, 39, 36, 37 ],
				"vertices": [ 1, 3, 12.39, -1.13, 1, 2, 3, 12.39, -9.28, 0.856, 4, -24.79, 45.17, 0.14399, 1, 4, 19.70999, 41.66999, 1, 1, 2, -11.87, -46.63, 1, 1, 2, -11.87, -2.81, 1, 1, 2, -11.87, 4.92999, 1, 1, 2, -11.87, 30.36, 1, 2, 3, -21.92, 23.06, 0.78399, 2, 16.81, 30.36, 0.216, 2, 3, -7.36, 23.06, 0.792, 2, 31.36, 30.36, 0.20799, 1, 2, 51.12, 30.36, 1, 1, 2, 8.76, -3.51, 1, 1, 2, 2.73, -10.95, 1, 1, 2, -7.71, -8.87, 1, 1, 2, 3.57, 3.58, 1, 1, 2, -4.46999, 6.03, 1, 1, 2, -2.82, -2.96, 1, 1, 2, -10.39, 13.42, 1, 1, 2, 3.35, 10.12, 1, 1, 2, 12.85, 2.11999, 1, 2, 3, -26.32, 6.73, 0.48799, 2, 12.4, 14.02, 0.512, 2, 3, -20.82, -2.10999, 0.48799, 2, 17.9, 5.17, 0.512, 1, 2, -1.79, 22.42, 1, 2, 3, -15.17, 8.37, 0.78399, 2, 23.55, 15.66, 0.216, 2, 3, -14.67, -1.72, 0.78399, 2, 24.05, 5.56, 0.216, 2, 3, -31.87, 20.87, 0.48799, 2, 6.86, 28.16, 0.512, 2, 3, -1.96, 3.26, 0.93599, 2, 36.75999, 10.55, 0.064, 2, 3, 2.38, 16.11, 0.93599, 2, 41.11, 23.4, 0.064, 2, 3, -8.18999, 8.41, 0.792, 2, 30.53, 15.7, 0.20799, 2, 3, -12.71, -2.43, 0.792, 2, 26.01, 4.85, 0.20799, 2, 3, -9.35999, -5.13, 0.93599, 2, 29.36, 2.15, 0.064, 1, 3, 10.17, 5.96, 1, 1, 3, 2.92, -4.08, 1, 2, 3, -10.26, -10.08, 0.856, 4, -25.76, 22.51, 0.14399, 2, 3, 2, -11.68, 0.856, 4, -23.21, 34.63, 0.14399, 2, 3, 0.39, -18.41, 0.67999, 4, -16.62, 32.49, 0.32, 2, 3, 9.24, -22.76, 0.67999, 4, -11.59, 40.97, 0.32, 2, 3, -12.05, -15.61, 0.67999, 4, -20.39, 20.29999, 0.32, 2, 3, -6.32, -26.67, 0.472, 4, -8.91, 25.15, 0.52799, 2, 3, 2.72, -34.62, 0.472, 4, -0.28, 33.55, 0.52799, 2, 3, -20.21999, -21.62, 0.472, 4, -15.04, 11.69, 0.52799, 2, 3, -28.91, -26.25, 0.28799, 4, -11.11, 2.66, 0.71199, 2, 3, -15.47, -34.86, 0.28799, 4, -1.47, 15.39, 0.71199, 2, 3, -3.43, -45.43, 0.28799, 4, 10, 26.56, 0.71199, 1, 4, 12.33, 12.47, 1, 1, 4, 4.41, 4.6, 1, 1, 4, -3.45, -0.88, 1, 1, 4, 15.46, 5.93, 1 ],
				"hull": 10
			}
		},
		"djlg04_2": {
			"djlg04_": {
				"type": "skinnedmesh",
				"uvs": [ 1, 0.55587, 1, 0.69059, 1, 1, 0, 1, 0, 0.5519, 0, 0, 0.42925, 0, 0.57236, 0, 1, 0, 0.80091, 0.439, 0.8958, 0.77338, 0.95491, 0.439, 0.84921, 0.60923, 0.87091, 0.439, 0.94033, 0.57698, 0.9468, 0.73285, 0.59402, 0.62404, 0.59869, 0.45848, 0.61424, 0.89349, 0.79002, 0.89511, 0.73459, 0.62372, 0.70461, 0.44866, 0.38259, 0.87654, 0.43703, 0.60872, 0.59103, 0.43017, 0.67503, 0.28895, 0.69992, 0.06333, 0.20837, 0.13962, 0.03259, 0.35875, 0.13214, 0.75318, 0.25413, 0.49567, 0.4034, 0.2877, 0.56148, 0.13312 ],
				"triangles": [ 9, 21, 25, 20, 21, 9, 10, 12, 15, 12, 14, 15, 15, 14, 1, 14, 0, 1, 12, 13, 14, 12, 9, 13, 14, 11, 0, 14, 13, 11, 11, 8, 0, 13, 9, 25, 11, 13, 8, 10, 15, 2, 15, 1, 2, 20, 12, 10, 20, 9, 12, 19, 20, 10, 3, 29, 22, 29, 30, 23, 23, 24, 17, 16, 23, 17, 22, 16, 18, 18, 16, 20, 2, 3, 18, 18, 19, 2, 18, 20, 19, 20, 16, 21, 16, 17, 21, 22, 23, 16, 17, 24, 21, 19, 10, 2, 3, 22, 18, 22, 29, 23, 23, 30, 31, 29, 4, 30, 3, 4, 29, 24, 23, 31, 4, 28, 30, 28, 4, 5, 28, 27, 30, 30, 27, 31, 25, 21, 24, 8, 25, 26, 24, 31, 25, 28, 5, 27, 31, 32, 25, 25, 32, 26, 31, 6, 32, 31, 27, 6, 27, 5, 6, 32, 7, 26, 32, 6, 7, 26, 7, 8, 8, 13, 25 ],
				"vertices": [ 1, 3, -16.6, -33.28, 1, 1, 3, -16.6, -42.58, 1, 1, 4, 27.41, 11.98, 1, 2, 7, -33.41, -44.7, 0.85084, 4, 21.77, -59.79, 0.14915, 2, 7, -33.41, -13.78, 0.6809, 4, -9.04, -57.37, 0.31909, 1, 7, -33.41, 24.29, 1, 2, 7, -2.51, 24.29, 0.98486, 4, -44.59, -23.58, 0.01513, 2, 7, 7.79, 24.29, 0.89933, 4, -43.78, -13.3, 0.10066, 2, 7, 38.58, 24.29, 0.49621, 4, -41.37, 17.37999, 0.50378, 1, 3, -30.94, -25.22, 1, 1, 3, -24.11, -48.29, 1, 1, 3, -19.85, -25.22, 1, 1, 3, -27.46, -36.96, 1, 1, 3, -25.9, -25.22, 1, 1, 3, -20.9, -34.74, 1, 1, 3, -20.43, -45.49, 1, 2, 7, 9.35, -18.76, 0.29599, 4, -0.73, -15.12, 0.704, 2, 7, 9.68, -7.34, 0.29599, 4, -12.09, -13.89, 0.704, 2, 7, 10.8, -37.34999, 0.29599, 4, 17.91, -15.13, 0.704, 3, 7, 23.46, -37.47, 0.00693, 4, 19.01, -2.52, 0.69237, 3, -31.72, -56.69, 0.30069, 3, 7, 19.46999, -18.74, 0.01016, 4, 0.03, -5.03, 0.75425, 3, -35.71, -37.96, 0.23558, 3, 7, 17.31, -6.66, 0.21352, 4, -12.17, -6.24, 0.28246, 3, -37.87, -25.88, 0.504, 2, 7, -5.87, -36.18, 0.25085, 4, 15.44, -31.66, 0.74914, 2, 7, -1.95, -17.7, 0.38798, 4, -2.67, -26.31, 0.61201, 2, 7, 9.13, -5.38, 0.57695, 4, -14.08, -14.29, 0.42304, 2, 7, 15.18, 4.35, 0.70674, 4, -23.32, -7.5, 0.29325, 2, 7, 16.96999, 19.92, 0.7438, 4, -38.71, -4.48999, 0.25619, 2, 7, -18.41, 14.65, 0.816, 4, -36.23, -40.18999, 0.18399, 2, 7, -31.07, -0.46, 0.73365, 4, -22.15, -53.99, 0.26633, 2, 7, -23.9, -27.67, 0.38571, 4, 5.54, -48.97, 0.61428, 2, 7, -15.12, -9.89999, 0.40819, 4, -11.48, -38.83, 0.59179, 2, 7, -4.37, 4.44, 0.64, 4, -24.94, -26.99, 0.35999, 2, 7, 7, 15.1, 0.89404, 4, -34.68, -14.8, 0.10595 ],
				"hull": 9
			}
		},
		"djlg05_": {
			"djlg05_": {
				"type": "skinnedmesh",
				"uvs": [ 1, 0.68622, 1, 0.78611, 1, 1, 0.55453, 1, 0.337, 1, 0, 1, 0, 0.47939, 0, 0, 1, 0, 0.52478, 0.561, 0.75346, 0.45688, 0.77577, 0.20644, 0.51362, 0.08122, 0.11018, 0.13187, 0.06741, 0.31759, 0.41234, 0.38762, 0.3016, 0.52629, 0.39835, 0.65386, 0.54709, 0.59195, 0.205, 0.72983, 0.05812, 0.66089, 0.36, 0.6033, 0.15343, 0.70563, 0.3277, 0.73687, 0.56196, 0.87335, 0.79065, 0.75235, 0.82039, 0.51879, 0.53965, 0.7017, 0.64959, 0.82698, 0.76834, 0.67215, 0.73045, 0.54287, 0.90964, 0.60198, 0.4374, 0.73406 ],
				"triangles": [ 12, 7, 8, 13, 7, 12, 11, 12, 8, 8, 31, 11, 14, 7, 13, 15, 13, 12, 15, 12, 11, 18, 9, 30, 28, 25, 2, 28, 27, 29, 29, 27, 18, 25, 1, 2, 29, 18, 30, 28, 29, 25, 31, 26, 11, 29, 30, 26, 29, 26, 31, 31, 8, 0, 25, 29, 31, 25, 31, 0, 25, 0, 1, 30, 10, 26, 22, 16, 21, 2, 3, 28, 16, 15, 9, 21, 16, 9, 17, 21, 9, 17, 9, 18, 27, 17, 18, 32, 17, 27, 23, 19, 17, 23, 17, 32, 24, 27, 28, 32, 27, 24, 4, 23, 32, 4, 32, 24, 19, 23, 4, 3, 4, 24, 3, 24, 28, 19, 21, 17, 4, 5, 19, 19, 22, 21, 5, 22, 19, 30, 9, 10, 10, 11, 26, 14, 13, 15, 10, 15, 11, 6, 7, 14, 16, 14, 15, 6, 14, 16, 10, 9, 15, 20, 6, 16, 22, 20, 16, 5, 6, 20, 5, 20, 22 ],
				"vertices": [ 1, 20, 10.69, -1.57, 1, 1, 20, 10.03, -5.19999, 1, 1, 16, 27.46, 3.69, 1, 1, 16, 19.58, -5.97, 1, 1, 16, 15.73, -10.7, 1, 2, 10, 29.93, 3.54, 0.60546, 16, 9.77, -18.01, 0.39453, 3, 10, 13.69, -6.8, 0.9636, 16, -5.16, -5.84, 0.03639, 20, -15.48, 10.97, 0, 1, 7, -31.41, -15.7, 1, 1, 7, -3.41, -15.7, 1, 1, 16, 6.46, 3.63, 1, 1, 10, 1.65, 10.53, 1, 1, 7, -9.68999, -23.34, 1, 1, 7, -17.03, -18.70999, 1, 1, 7, -28.33, -20.58, 1, 1, 10, 7.62, -8.42, 1, 1, 10, 4.62, 1.1, 1, 1, 16, 1.51, -0.39, 1, 1, 16, 6.89, -1.27, 1, 2, 16, 7.74, 3.39, 0.49599, 20, -1.15, 4.13, 0.504, 1, 16, 5.64, -7.25, 1, 3, 10, 18.46999, -1.82, 0.92325, 16, 1.07, -8.82, 0.07673, 20, -15.08, 4.07, 0, 1, 16, 4.76, -0.92, 1, 3, 10, 18.44, 1.30999, 0.80662, 16, 4.04, -7.8, 0.19337, 20, -12.75, 1.96, 0, 1, 16, 8.02, -4.75, 1, 1, 16, 16.08, -2.85, 1, 1, 20, 4.48999, -2.92, 1, 1, 20, 6.85, 5.42, 1, 2, 16, 10.76, 0.67, 0.49599, 20, -2.08, 0.17, 0.504, 2, 16, 16.29999, 0.13, 0.49599, 20, 0.11, -4.92999, 0.504, 1, 20, 4.4, 0.1, 1, 1, 20, 4.21999, 4.98999, 1, 1, 20, 8.76, 1.94, 1, 1, 16, 9.88, -2.3, 1 ],
				"hull": 9
			}
		},
		"djlg06_": {
			"djlg06_": {
				"type": "skinnedmesh",
				"uvs": [ 1, 0.70069, 1, 1, 0.77674, 1, 0.7121, 1, 0.52642, 1, 0, 1, 0, 0.42104, 1.0E-5, 0.28909, 0, 0.14603, 0, 0, 1, 0, 0.8084, 0.67478, 0.84603, 0.63473, 0.90846, 0.61195, 0.95807, 0.61824, 0.91017, 0.72347, 0.80326, 0.72896, 0.80608, 0.6992, 0.86142, 0.66586, 0.92044, 0.64701, 0.97471, 0.65098, 0.8828, 0.79501, 0.96833, 0.79109, 0.7784, 0.7701, 0.79098, 0.84024, 0.89789, 0.90385, 0.9569, 0.85202, 0.72171, 0.79233, 0.70992, 0.89962, 0.78241, 0.95332, 0.66355, 0.80542, 0.56511, 0.80157, 0.56168, 0.88799, 0.40957, 0.82756, 0.43543, 0.73692, 0.3038, 0.91604, 0.18981, 0.78656, 0.28607, 0.74324, 0.33771, 0.67198, 0.26058, 0.50097, 0.16128, 0.50633, 0.0351, 0.59322, 0.20801, 0.60931, 0.28675, 0.58236, 0.12116, 0.70076, 0.24423, 0.41031, 0.15668, 0.41993, 0.16829, 0.26978, 0.26409, 0.29231, 0.19915, 0.16534, 0.29378, 0.20395, 0.25557, 0.0981, 0.30546, 0.14603, 0.12204, 0.0527, 0.04025, 0.05806 ],
				"triangles": [ 25, 21, 26, 24, 23, 21, 1, 2, 25, 24, 21, 25, 2, 29, 25, 29, 24, 25, 27, 23, 24, 2, 3, 29, 29, 28, 24, 28, 27, 24, 35, 33, 4, 33, 34, 31, 5, 35, 4, 31, 34, 17, 17, 30, 31, 32, 28, 3, 3, 28, 29, 28, 32, 30, 28, 30, 27, 4, 32, 3, 32, 31, 30, 4, 33, 32, 32, 33, 31, 27, 30, 17, 16, 23, 27, 13, 48, 50, 10, 50, 52, 39, 45, 48, 6, 7, 46, 46, 47, 45, 46, 7, 47, 45, 47, 48, 48, 47, 50, 7, 8, 47, 47, 49, 50, 47, 8, 49, 50, 49, 52, 49, 8, 53, 8, 54, 53, 49, 51, 52, 49, 53, 51, 52, 51, 10, 8, 9, 54, 51, 53, 10, 54, 9, 53, 53, 9, 10, 40, 6, 46, 40, 46, 45, 39, 48, 12, 36, 37, 35, 34, 37, 38, 36, 44, 37, 38, 37, 42, 5, 41, 44, 44, 42, 37, 38, 42, 43, 40, 41, 6, 39, 11, 43, 40, 45, 39, 44, 41, 42, 41, 40, 42, 42, 39, 43, 42, 40, 39, 5, 44, 36, 43, 34, 38, 5, 36, 35, 35, 37, 33, 33, 37, 34, 43, 11, 34, 5, 6, 41, 25, 26, 1, 26, 22, 1, 22, 0, 1, 26, 21, 22, 23, 16, 21, 21, 15, 22, 21, 16, 15, 22, 15, 0, 17, 16, 27, 16, 18, 15, 16, 17, 18, 11, 17, 34, 15, 20, 0, 15, 19, 20, 15, 18, 19, 20, 10, 0, 17, 11, 18, 11, 12, 18, 39, 12, 11, 19, 18, 13, 19, 14, 20, 20, 14, 10, 18, 12, 13, 19, 13, 14, 48, 13, 12, 14, 13, 10, 13, 50, 10 ],
				"vertices": [ 2, 1, 12.54, 11.13, 0.928, 5, 35.08, 19.54999, 0.07199, 1, 1, 44.94, 5.26, 1, 1, 5, 12.53, -13.36, 1, 1, 5, 6, -13.36, 1, 1, 5, -12.74, -13.36, 1, 1, 1, 26.93, -94.12, 1, 2, 6, -19.15, 16.4, 0.256, 7, -40.41, -46.02, 0.74399, 2, 6, -19.15, 30.92, 0.04, 7, -40.41, -31.5, 0.95999, 1, 7, -40.41, -15.77, 1, 1, 7, -40.41, 0.29, 1, 1, 1, -63.29, 24.88, 1, 1, 1, 6.29, -7.39, 1, 1, 1, 2.63, -2.87, 1, 1, 1, 1.29, 3.77, 1, 1, 1, 2.86, 8.58, 1, 2, 1, 13.39, 1.76, 0.928, 5, 26, 17.04999, 0.07199, 2, 1, 12.06, -8.97, 0.928, 5, 15.21, 16.44, 0.07199, 1, 1, 8.89, -8.1, 1, 1, 1, 6.27, -1.95, 1, 1, 1, 5.3, 4.28, 1, 1, 1, 6.7, 9.59, 1, 2, 1, 20.64, -2.35999, 0.51999, 5, 23.24, 9.18, 0.48, 2, 1, 21.76, 6.21, 0.832, 5, 31.88, 9.60999, 0.16799, 2, 1, 16.06, -12.25, 0.51999, 5, 12.7, 11.92, 0.48, 1, 5, 13.97, 4.19999, 1, 1, 5, 24.76, -2.78, 1, 2, 1, 28.15, 3.88, 0.51999, 5, 30.72, 2.91, 0.48, 1, 5, 6.97, 9.47, 1, 1, 5, 5.78, -2.32, 1, 1, 5, 13.1, -8.22999, 1, 1, 5, 1.1, 8.03, 1, 1, 5, -8.84, 8.46, 1, 1, 5, -9.18, -1.04, 1, 2, 6, 22.21, -28.31, 0.52799, 5, -24.55, 5.6, 0.472, 2, 6, 24.82, -18.34, 0.52799, 5, -21.94, 15.57, 0.472, 2, 6, 11.52, -38.04, 0.52799, 5, -35.23, -4.13, 0.472, 2, 6, 0.01, -23.8, 0.784, 5, -46.74, 10.10999, 0.21599, 2, 6, 9.72999, -19.03, 0.784, 5, -37.02, 14.87, 0.21599, 2, 6, 14.95, -11.19, 0.784, 5, -31.8, 22.71, 0.21599, 2, 6, 7.16, 7.61, 0.90399, 7, -14.09, -54.81, 0.096, 2, 6, -2.86, 7.02, 0.90399, 7, -24.12, -55.4, 0.096, 2, 6, -15.61, -2.53, 0.90399, 7, -36.87, -64.96, 0.096, 1, 6, 1.85, -4.3, 1, 1, 6, 9.8, -1.33, 1, 1, 6, -6.91, -14.36, 1, 2, 6, 5.51, 17.58, 0.256, 7, -15.75, -44.84, 0.74399, 2, 6, -3.33, 16.52, 0.256, 7, -24.59, -45.9, 0.74399, 2, 6, -2.15, 33.04, 0.04, 7, -23.42, -29.38, 0.95999, 2, 6, 7.51, 30.56, 0.04, 7, -13.74, -31.86, 0.95999, 1, 7, -20.29999, -17.89, 1, 1, 7, -10.74, -22.14, 1, 1, 7, -14.6, -10.49, 1, 1, 7, -9.56, -15.77, 1, 1, 7, -28.09, -5.5, 1, 1, 7, -36.34999, -6.09, 1 ],
				"hull": 11
			}
		},
		"djlg07_": {
			"djlg07_": { "x": -31.33, "y": 160.51, "width": 57, "height": 37 }
		},
		"djlg08_": {
			"djlg08_": {
				"type": "skinnedmesh",
				"uvs": [ 1, 0.91303, 1, 0.9751, 1, 1, 0.86545, 1, 0.7759, 1, 0, 1, 0, 0.4584, 0, 0.30561, 0, 0, 0.44217, 0, 0.49247, 0, 0.55022, 0, 1, 0, 0.50364, 0.19312, 0.66014, 0.16793, 0.62847, 0.0588, 0.57631, 0.18142, 0.47916, 0.1162, 0.53877, 0.10017, 0.32255, 0.24683, 0.29179, 0.16792, 0.19866, 0.08565, 0.19117, 0.2267, 0.26383, 0.30561, 0.06076, 0.1545, 0.15019, 0.37445, 0.25079, 0.40299, 0.17813, 0.50877, 0.28432, 0.49366, 0.05145, 0.55242, 0.29364, 0.63814, 0.36257, 0.60792, 0.20325, 0.68371, 0.41101, 0.80269, 0.47249, 0.73888, 0.32345, 0.84298, 0.59723, 0.82964, 0.55544, 0.88165, 0.4848, 0.93186, 0.70567, 0.88075, 0.6818, 0.93276, 0.61514, 0.98566, 0.80277, 0.84578, 0.82167, 0.92648, 0.90326, 0.83681, 0.90823, 0.93365, 0.34921, 0.03481, 0.39478, 0.13871, 0.42917, 0.215 ],
				"triangles": [ 30, 31, 33, 32, 30, 35, 27, 28, 30, 32, 27, 30, 29, 27, 32, 30, 28, 31, 5, 29, 32, 16, 34, 31, 33, 31, 34, 35, 30, 33, 31, 28, 48, 44, 42, 14, 44, 12, 0, 43, 42, 44, 39, 42, 43, 40, 39, 43, 45, 44, 0, 43, 44, 45, 45, 0, 1, 4, 40, 43, 41, 40, 4, 3, 43, 45, 4, 43, 3, 3, 45, 1, 3, 1, 2, 39, 36, 42, 5, 38, 41, 33, 34, 37, 35, 33, 38, 5, 35, 38, 5, 41, 4, 40, 36, 39, 41, 37, 40, 37, 36, 40, 38, 37, 41, 37, 34, 36, 38, 33, 37, 34, 42, 36, 5, 32, 35, 27, 25, 26, 6, 25, 27, 6, 7, 25, 25, 22, 23, 7, 8, 24, 25, 7, 22, 7, 24, 22, 26, 25, 23, 29, 6, 27, 48, 28, 26, 5, 6, 29, 27, 26, 28, 15, 11, 12, 14, 15, 12, 44, 14, 12, 14, 42, 34, 24, 8, 21, 22, 21, 20, 22, 20, 19, 22, 24, 21, 23, 22, 19, 46, 8, 9, 21, 8, 46, 47, 46, 9, 20, 21, 46, 20, 46, 47, 48, 47, 17, 19, 20, 47, 19, 47, 48, 19, 48, 26, 13, 31, 48, 19, 26, 23, 17, 47, 9, 48, 17, 13, 17, 10, 18, 13, 18, 16, 18, 10, 11, 18, 11, 15, 16, 18, 15, 14, 16, 15, 14, 34, 16, 16, 31, 13, 17, 9, 10, 13, 17, 18 ],
				"vertices": [ 1, 23, 24.21, 0.89, 1, 1, 23, 24.22, -4.12, 1, 1, 23, 24.22, -6.14, 1, 1, 23, 14.4, -6.15, 1, 2, 21, 32.21, -1.29, 0.128, 23, 7.86, -6.16, 0.872, 4, 9, 62.82, 54.91, 0, 13, 64.96, -11.5, 0.17614, 21, -16.35, -30.45, 0.82385, 23, -48.77, -6.24, 0, 2, 13, 21.14, -13.56, 0.824, 17, -9.67, -9.51, 0.176, 4, 9, 41.89, 2.7, 0.15448, 13, 8.78, -14.14, 0.68649, 23, -48.85, 50, 3.0E-5, 17, -19.85, -2.47, 0.15897, 4, 9, 32.66999, -20.26, 0.59001, 13, -15.94, -15.3, 0.40946, 21, -58.05, 39, 0, 23, -48.88, 74.75, 5.2E-4, 1, 9, 2.71, -8.25, 1, 1, 9, -0.68, -6.88, 1, 1, 9, -4.6, -5.31, 1, 1, 1, -2.52, -37.96, 1, 1, 9, 4.37, 7.93, 1, 1, 9, -6.98, 10.29, 1, 1, 9, -8.13, 1.22, 1, 1, 9, -0.89, 9.03, 1, 1, 9, 3.71, 1.48, 1, 1, 9, -0.8, 1.9, 1, 2, 9, 18.26, 7.05, 0.85599, 13, 2.92, 9.14, 0.14399, 2, 9, 17.96999, 0.28, 0.85599, 13, -3.35, 6.6, 0.14399, 2, 9, 21.8, -8.43, 0.85599, 13, -9.68999, -0.49, 0.14399, 2, 9, 26.56, 1.97, 0.528, 13, 1.74, -0.5, 0.47199, 2, 9, 24.01, 9.87, 0.528, 13, 7.87, 5.09, 0.47199, 2, 9, 33.21, -7, 0.528, 13, -3.65, -10.29, 0.47199, 3, 9, 33.79, 11.96, 0.064, 13, 13.83, -2.93, 0.77126, 17, -9.03, 3.36, 0.16473, 3, 9, 27.83, 16.84, 0.064, 13, 15.8, 4.51, 0.77126, 17, -2.95, 8.09, 0.16473, 2, 13, 24.6, -0.38, 0.55198, 17, 1.07, -1.14, 0.448, 2, 13, 23.02, 7.3, 0.55198, 17, 4.48, 5.92, 0.448, 2, 13, 28.57, -9.45, 0.55198, 17, -1.27, -10.76, 0.448, 2, 21, -13.06, 5.71, 0.15199, 17, 14.49, -0.16, 0.848, 2, 21, -10, 10.39999, 0.15199, 17, 15.34, 5.36, 0.848, 2, 21, -16.82, -0.84, 0.15199, 17, 13.77, -7.69, 0.848, 2, 21, 1.14, -1.29999, 0.536, 17, 30.33, -0.7, 0.464, 2, 21, 2.33, 5.43, 0.536, 17, 28.63, 5.92, 0.464, 2, 21, -2.65, -7.39, 0.536, 17, 29.38, -7.81, 0.464, 3, 21, 13.92, 3.81, 0.67897, 23, -5.19, 7.61, 0.176, 17, 39.86, 9.22999, 0.14501, 3, 21, 13.47, -1.36, 0.67897, 23, -8.24, 3.39, 0.176, 17, 41.59, 4.33, 0.14501, 3, 21, 11.15, -7.5, 0.67897, 23, -13.39, -0.67, 0.176, 17, 42, -2.22, 0.14501, 2, 21, 22.84, 4.34, 0.552, 23, 2.72, 3.48, 0.448, 2, 21, 23.52, -0.16, 0.552, 23, 0.98, -0.72, 0.448, 2, 21, 21.55, -6.34, 0.552, 23, -3.87, -5.02, 0.448, 2, 21, 27.46, 10.42, 0.128, 23, 9.81, 6.32, 0.872, 2, 21, 32.00999, 5.52, 0.128, 23, 11.19, -0.2, 0.872, 1, 23, 17.14, 7.06, 1, 1, 23, 17.51, -0.77, 1, 1, 9, 10.06, -8.16, 1, 1, 9, 10.10999, 0.88, 1, 1, 9, 10.08, 7.55, 1 ],
				"hull": 13
			}
		},
		"root": {
			"djlg09_": { "x": 6.66, "y": 141.01, "width": 343, "height": 288 }
		}
	}
},
"animations": {
	"dj": {
		"bones": {
			"bone14": {
				"rotate": [
					{
						"time": 0,
						"angle": 0,
						"curve": [ 0.18, 0.26, 0.75, 1 ]
					},
					{
						"time": 0.5,
						"angle": -3.83,
						"curve": [ 0.25, 0, 0.75, 1 ]
					},
					{
						"time": 1.5,
						"angle": 2.69,
						"curve": [ 0.25, 0, 0.846, 0.76 ]
					},
					{ "time": 2, "angle": 0 }
				],
				"translate": [
					{
						"time": 0,
						"x": 0,
						"y": 0,
						"curve": [ 0.25, 0, 0.75, 1 ]
					},
					{
						"time": 1,
						"x": 1.94,
						"y": 0.39,
						"curve": [ 0.25, 0, 0.75, 1 ]
					},
					{ "time": 2, "x": 0, "y": 0 }
				],
				"scale": [
					{ "time": 0, "x": 1, "y": 1, "curve": "stepped" },
					{ "time": 2, "x": 1, "y": 1 }
				]
			},
			"bone15": {
				"rotate": [
					{
						"time": 0,
						"angle": 0,
						"curve": [ 0.25, 0, 0.75, 1 ]
					},
					{
						"time": 1,
						"angle": -12.88,
						"curve": [ 0.25, 0, 0.75, 1 ]
					},
					{ "time": 2, "angle": 0 }
				],
				"translate": [
					{ "time": 0, "x": 0, "y": 0, "curve": "stepped" },
					{ "time": 2, "x": 0, "y": 0 }
				],
				"scale": [
					{ "time": 0, "x": 1, "y": 1, "curve": "stepped" },
					{ "time": 2, "x": 1, "y": 1 }
				]
			},
			"bone16": {
				"rotate": [
					{
						"time": 0,
						"angle": 0,
						"curve": [ 0.295, 0.43, 0.762, 1 ]
					},
					{
						"time": 0.5,
						"angle": 12.1,
						"curve": [ 0.25, 0, 0.75, 1 ]
					},
					{
						"time": 1.5,
						"angle": -8.04,
						"curve": [ 0.25, 0, 0.84, 0.68 ]
					},
					{ "time": 2, "angle": 0 }
				],
				"translate": [
					{ "time": 0, "x": 0, "y": 0, "curve": "stepped" },
					{ "time": 2, "x": 0, "y": 0 }
				],
				"scale": [
					{ "time": 0, "x": 1, "y": 1, "curve": "stepped" },
					{ "time": 2, "x": 1, "y": 1 }
				]
			},
			"bone17": {
				"rotate": [
					{
						"time": 0,
						"angle": 0,
						"curve": [ 0.25, 0, 0.75, 1 ]
					},
					{
						"time": 1,
						"angle": 14.38,
						"curve": [ 0.25, 0, 0.75, 1 ]
					},
					{ "time": 2, "angle": 0 }
				],
				"translate": [
					{ "time": 0, "x": 0, "y": 0, "curve": "stepped" },
					{ "time": 2, "x": 0, "y": 0 }
				],
				"scale": [
					{ "time": 0, "x": 1, "y": 1, "curve": "stepped" },
					{ "time": 2, "x": 1, "y": 1 }
				]
			},
			"bone18": {
				"rotate": [
					{
						"time": 0,
						"angle": 0,
						"curve": [ 0.25, 0, 0.75, 1 ]
					},
					{
						"time": 1,
						"angle": 11.78,
						"curve": [ 0.25, 0, 0.75, 1 ]
					},
					{ "time": 2, "angle": 0 }
				],
				"translate": [
					{ "time": 0, "x": 0, "y": 0, "curve": "stepped" },
					{ "time": 2, "x": 0, "y": 0 }
				],
				"scale": [
					{ "time": 0, "x": 1, "y": 1, "curve": "stepped" },
					{ "time": 2, "x": 1, "y": 1 }
				]
			},
			"bone2": {
				"rotate": [
					{
						"time": 0,
						"angle": 0,
						"curve": [ 0.24, 0.38, 0.75, 1 ]
					},
					{
						"time": 0.5,
						"angle": 2.42,
						"curve": [ 0.25, 0, 0.75, 1 ]
					},
					{
						"time": 1.5,
						"angle": -0.97,
						"curve": [ 0.25, 0, 0.837, 0.75 ]
					},
					{ "time": 2, "angle": 0 }
				],
				"translate": [
					{
						"time": 0,
						"x": 0,
						"y": 0,
						"curve": [ 0.25, 0, 0.75, 1 ]
					},
					{
						"time": 1,
						"x": 0,
						"y": -2.13,
						"curve": [ 0.25, 0, 0.75, 1 ]
					},
					{ "time": 2, "x": 0, "y": 0 }
				],
				"scale": [
					{ "time": 0, "x": 1, "y": 1, "curve": "stepped" },
					{ "time": 2, "x": 1, "y": 1 }
				]
			},
			"bone3": {
				"rotate": [
					{
						"time": 0,
						"angle": 0,
						"curve": [ 0.25, 0, 0.75, 1 ]
					},
					{
						"time": 1,
						"angle": -1.88,
						"curve": [ 0.25, 0, 0.75, 1 ]
					},
					{ "time": 2, "angle": 0 }
				],
				"translate": [
					{
						"time": 0,
						"x": 0,
						"y": 0,
						"curve": [ 0.25, 0, 0.75, 1 ]
					},
					{
						"time": 1,
						"x": -0.32,
						"y": -1.63,
						"curve": [ 0.25, 0, 0.75, 1 ]
					},
					{ "time": 2, "x": 0, "y": 0 }
				],
				"scale": [
					{ "time": 0, "x": 1, "y": 1, "curve": "stepped" },
					{ "time": 2, "x": 1, "y": 1 }
				]
			},
			"bone4": {
				"rotate": [
					{ "time": 0, "angle": 0, "curve": "stepped" },
					{ "time": 2, "angle": 0 }
				],
				"translate": [
					{
						"time": 0,
						"x": 0,
						"y": 0,
						"curve": [ 0.207, 0.34, 0.75, 1 ]
					},
					{
						"time": 0.5,
						"x": 0,
						"y": 1.26,
						"curve": [ 0.25, 0, 0.75, 1 ]
					},
					{
						"time": 1.5,
						"x": 0,
						"y": -3.65,
						"curve": [ 0.25, 0, 0.846, 0.74 ]
					},
					{ "time": 2, "x": 0, "y": 0 }
				],
				"scale": [
					{ "time": 0, "x": 1, "y": 1 },
					{ "time": 1, "x": 1, "y": 0.972 },
					{ "time": 2, "x": 1, "y": 1 }
				]
			},
			"bone": {
				"rotate": [
					{
						"time": 0,
						"angle": 0,
						"curve": [ 0.25, 0, 0.75, 1 ]
					},
					{
						"time": 1,
						"angle": 3.14,
						"curve": [ 0.25, 0, 0.75, 1 ]
					},
					{ "time": 2, "angle": 0 }
				],
				"translate": [
					{ "time": 0, "x": 0, "y": 0, "curve": "stepped" },
					{ "time": 2, "x": 0, "y": 0 }
				],
				"scale": [
					{ "time": 0, "x": 1, "y": 1, "curve": "stepped" },
					{ "time": 2, "x": 1, "y": 1 }
				]
			},
			"bone5": {
				"rotate": [
					{
						"time": 0,
						"angle": 0,
						"curve": [ 0.25, 0, 0.75, 1 ]
					},
					{
						"time": 1,
						"angle": -8.55,
						"curve": [ 0.25, 0, 0.75, 1 ]
					},
					{ "time": 2, "angle": 0 }
				],
				"translate": [
					{ "time": 0, "x": 0, "y": 0, "curve": "stepped" },
					{ "time": 2, "x": 0, "y": 0 }
				],
				"scale": [
					{ "time": 0, "x": 1, "y": 1, "curve": "stepped" },
					{ "time": 2, "x": 1, "y": 1 }
				]
			},
			"bone6": {
				"rotate": [
					{
						"time": 0,
						"angle": 0,
						"curve": [ 0.21, 0.33, 0.75, 1 ]
					},
					{
						"time": 0.5,
						"angle": 6.74,
						"curve": [ 0.25, 0, 0.75, 1 ]
					},
					{
						"time": 1.5,
						"angle": -5.25,
						"curve": [ 0.25, 0, 0.873, 0.77 ]
					},
					{ "time": 2, "angle": 0 }
				],
				"translate": [
					{ "time": 0, "x": 0, "y": 0, "curve": "stepped" },
					{ "time": 2, "x": 0, "y": 0 }
				],
				"scale": [
					{ "time": 0, "x": 1, "y": 1, "curve": "stepped" },
					{ "time": 2, "x": 1, "y": 1 }
				]
			},
			"bone7": {
				"rotate": [
					{
						"time": 0,
						"angle": 0,
						"curve": [ 0.25, 0, 0.75, 1 ]
					},
					{
						"time": 1,
						"angle": 9.36,
						"curve": [ 0.25, 0, 0.75, 1 ]
					},
					{ "time": 2, "angle": 0 }
				],
				"translate": [
					{ "time": 0, "x": 0, "y": 0, "curve": "stepped" },
					{ "time": 2, "x": 0, "y": 0 }
				],
				"scale": [
					{ "time": 0, "x": 1, "y": 1, "curve": "stepped" },
					{ "time": 2, "x": 1, "y": 1 }
				]
			},
			"bone11": {
				"rotate": [
					{ "time": 0, "angle": 0, "curve": "stepped" },
					{ "time": 2, "angle": 0 }
				],
				"translate": [
					{
						"time": 0,
						"x": 0,
						"y": 0,
						"curve": [ 0.216, 0.34, 0.75, 1 ]
					},
					{
						"time": 0.5,
						"x": 0,
						"y": -1.95,
						"curve": [ 0.25, 0, 0.75, 1 ]
					},
					{
						"time": 1.5,
						"x": 0,
						"y": 0.87,
						"curve": [ 0.25, 0, 0.822, 0.73 ]
					},
					{ "time": 2, "x": 0, "y": 0 }
				],
				"scale": [
					{ "time": 0, "x": 1, "y": 1, "curve": "stepped" },
					{ "time": 2, "x": 1, "y": 1 }
				]
			},
			"bone8": {
				"rotate": [
					{ "time": 0, "angle": 0, "curve": "stepped" },
					{ "time": 2, "angle": 0 }
				],
				"translate": [
					{
						"time": 0,
						"x": 0,
						"y": 0,
						"curve": [ 0.25, 0, 0.75, 1 ]
					},
					{
						"time": 1,
						"x": 0,
						"y": -3.78,
						"curve": [ 0.25, 0, 0.75, 1 ]
					},
					{ "time": 2, "x": 0, "y": 0 }
				],
				"scale": [
					{ "time": 0, "x": 1, "y": 1, "curve": "stepped" },
					{ "time": 2, "x": 1, "y": 1 }
				]
			},
			"bone10": {
				"rotate": [
					{
						"time": 0,
						"angle": 0,
						"curve": [ 0.25, 0, 0.75, 1 ]
					},
					{
						"time": 1,
						"angle": 6.78,
						"curve": [ 0.25, 0, 0.75, 1 ]
					},
					{ "time": 2, "angle": 0 }
				],
				"translate": [
					{ "time": 0, "x": 0, "y": 0, "curve": "stepped" },
					{ "time": 2, "x": 0, "y": 0 }
				],
				"scale": [
					{ "time": 0, "x": 1, "y": 1, "curve": "stepped" },
					{ "time": 2, "x": 1, "y": 1 }
				]
			},
			"bone9": {
				"rotate": [
					{
						"time": 0,
						"angle": 0,
						"curve": [ 0.216, 0.32, 0.75, 1 ]
					},
					{
						"time": 0.5,
						"angle": 2.75,
						"curve": [ 0.25, 0, 0.75, 1 ]
					},
					{
						"time": 1.5,
						"angle": -2.15,
						"curve": [ 0.25, 0, 0.846, 0.75 ]
					},
					{ "time": 2, "angle": 0 }
				],
				"translate": [
					{ "time": 0, "x": 0, "y": 0, "curve": "stepped" },
					{ "time": 2, "x": 0, "y": 0 }
				],
				"scale": [
					{ "time": 0, "x": 1, "y": 1, "curve": "stepped" },
					{ "time": 2, "x": 1, "y": 1 }
				]
			},
			"bone12": {
				"rotate": [
					{
						"time": 0,
						"angle": 0,
						"curve": [ 0.25, 0, 0.75, 1 ]
					},
					{
						"time": 1,
						"angle": -5,
						"curve": [ 0.25, 0, 0.75, 1 ]
					},
					{ "time": 2, "angle": 0 }
				],
				"translate": [
					{
						"time": 0,
						"x": 0,
						"y": 0,
						"curve": [ 0.25, 0, 0.75, 1 ]
					},
					{
						"time": 1,
						"x": 0,
						"y": -3.4,
						"curve": [ 0.25, 0, 0.75, 1 ]
					},
					{ "time": 2, "x": 0, "y": 0 }
				],
				"scale": [
					{ "time": 0, "x": 1, "y": 1, "curve": "stepped" },
					{ "time": 2, "x": 1, "y": 1 }
				]
			},
			"bone13": {
				"rotate": [
					{ "time": 0, "angle": 0, "curve": "stepped" },
					{ "time": 2, "angle": 0 }
				],
				"translate": [
					{
						"time": 0,
						"x": 0,
						"y": 0,
						"curve": [ 0.25, 0, 0.75, 1 ]
					},
					{
						"time": 1,
						"x": 0,
						"y": 2.29,
						"curve": [ 0.25, 0, 0.75, 1 ]
					},
					{ "time": 2, "x": 0, "y": 0 }
				],
				"scale": [
					{ "time": 0, "x": 1, "y": 1, "curve": "stepped" },
					{ "time": 2, "x": 1, "y": 1 }
				]
			},
			"bone19": {
				"rotate": [
					{
						"time": 0,
						"angle": 0,
						"curve": [ 0.25, 0, 0.75, 1 ]
					},
					{
						"time": 1,
						"angle": -8.52,
						"curve": [ 0.25, 0, 0.75, 1 ]
					},
					{ "time": 2, "angle": 0 }
				],
				"translate": [
					{
						"time": 0,
						"x": -1.07,
						"y": -0.15,
						"curve": [ 0.275, 0, 0.62, 0.4 ]
					},
					{
						"time": 1,
						"x": -2.33,
						"y": -0.22,
						"curve": [ 0.314, 0.27, 0.657, 0.63 ]
					},
					{ "time": 2, "x": -1.07, "y": -0.15 }
				],
				"scale": [
					{ "time": 0, "x": 1, "y": 1, "curve": "stepped" },
					{ "time": 2, "x": 1, "y": 1 }
				]
			},
			"bone20": {
				"rotate": [
					{
						"time": 0,
						"angle": 0,
						"curve": [ 0.189, 0.31, 0.75, 1 ]
					},
					{
						"time": 0.5,
						"angle": 9.01,
						"curve": [ 0.25, 0, 0.75, 1 ]
					},
					{
						"time": 1.5,
						"angle": -6.34,
						"curve": [ 0.25, 0, 0.84, 0.76 ]
					},
					{ "time": 2, "angle": 0 }
				],
				"translate": [
					{ "time": 0, "x": 0, "y": 0, "curve": "stepped" },
					{ "time": 2, "x": 0, "y": 0 }
				],
				"scale": [
					{ "time": 0, "x": 1, "y": 1, "curve": "stepped" },
					{ "time": 2, "x": 1, "y": 1 }
				]
			},
			"bone21": {
				"rotate": [
					{
						"time": 0,
						"angle": 0,
						"curve": [ 0.25, 0, 0.75, 1 ]
					},
					{
						"time": 1,
						"angle": 6.34,
						"curve": [ 0.25, 0, 0.75, 1 ]
					},
					{ "time": 2, "angle": 0 }
				],
				"translate": [
					{ "time": 0, "x": 0, "y": 0, "curve": "stepped" },
					{ "time": 2, "x": 0, "y": 0 }
				],
				"scale": [
					{ "time": 0, "x": 1, "y": 1, "curve": "stepped" },
					{ "time": 2, "x": 1, "y": 1 }
				]
			},
			"bone22": {
				"rotate": [
					{
						"time": 0,
						"angle": 0,
						"curve": [ 0.243, 0.36, 0.75, 1 ]
					},
					{
						"time": 0.5,
						"angle": -7.76,
						"curve": [ 0.25, 0, 0.75, 1 ]
					},
					{
						"time": 1.5,
						"angle": 3.17,
						"curve": [ 0.25, 0, 0.84, 0.68 ]
					},
					{ "time": 2, "angle": 0 }
				],
				"translate": [
					{ "time": 0, "x": 0, "y": 0, "curve": "stepped" },
					{ "time": 2, "x": 0, "y": 0 }
				],
				"scale": [
					{ "time": 0, "x": 1, "y": 1, "curve": "stepped" },
					{ "time": 2, "x": 1, "y": 1 }
				]
			},
			"bone23": {
				"rotate": [
					{
						"time": 0,
						"angle": 0,
						"curve": [ 0.25, 0, 0.75, 1 ]
					},
					{
						"time": 1,
						"angle": -13.2,
						"curve": [ 0.25, 0, 0.75, 1 ]
					},
					{ "time": 2, "angle": 0 }
				],
				"translate": [
					{ "time": 0, "x": 0, "y": 0, "curve": "stepped" },
					{ "time": 2, "x": 0, "y": 0 }
				],
				"scale": [
					{ "time": 0, "x": 1, "y": 1, "curve": "stepped" },
					{ "time": 2, "x": 1, "y": 1 }
				]
			}
		}
	},
	"xx": {
		"bones": {
			"bone14": {
				"rotate": [
					{
						"time": 0,
						"angle": 0,
						"curve": [ 0.18, 0.26, 0.75, 1 ]
					},
					{
						"time": 0.5,
						"angle": -3.83,
						"curve": [ 0.25, 0, 0.75, 1 ]
					},
					{
						"time": 1.5,
						"angle": 2.69,
						"curve": [ 0.25, 0, 0.846, 0.76 ]
					},
					{ "time": 2, "angle": 0 }
				],
				"translate": [
					{
						"time": 0,
						"x": 0,
						"y": 0,
						"curve": [ 0.25, 0, 0.75, 1 ]
					},
					{
						"time": 1,
						"x": 1.94,
						"y": 0.39,
						"curve": [ 0.25, 0, 0.75, 1 ]
					},
					{ "time": 2, "x": 0, "y": 0 }
				],
				"scale": [
					{ "time": 0, "x": 1, "y": 1, "curve": "stepped" },
					{ "time": 2, "x": 1, "y": 1 }
				]
			},
			"bone15": {
				"rotate": [
					{
						"time": 0,
						"angle": 0,
						"curve": [ 0.25, 0, 0.75, 1 ]
					},
					{
						"time": 1,
						"angle": -12.88,
						"curve": [ 0.25, 0, 0.75, 1 ]
					},
					{ "time": 2, "angle": 0 }
				],
				"translate": [
					{ "time": 0, "x": 0, "y": 0, "curve": "stepped" },
					{ "time": 2, "x": 0, "y": 0 }
				],
				"scale": [
					{ "time": 0, "x": 1, "y": 1, "curve": "stepped" },
					{ "time": 2, "x": 1, "y": 1 }
				]
			},
			"bone16": {
				"rotate": [
					{
						"time": 0,
						"angle": 0,
						"curve": [ 0.231, 0.41, 0.75, 1 ]
					},
					{
						"time": 0.5,
						"angle": 12.1,
						"curve": [ 0.25, 0, 0.75, 1 ]
					},
					{
						"time": 1.5,
						"angle": -5.55,
						"curve": [ 0.25, 0, 0.828, 0.75 ]
					},
					{ "time": 2, "angle": 0 }
				],
				"translate": [
					{ "time": 0, "x": 0, "y": 0, "curve": "stepped" },
					{ "time": 2, "x": 0, "y": 0 }
				],
				"scale": [
					{ "time": 0, "x": 1, "y": 1, "curve": "stepped" },
					{ "time": 2, "x": 1, "y": 1 }
				]
			},
			"bone17": {
				"rotate": [
					{
						"time": 0,
						"angle": 0,
						"curve": [ 0.25, 0, 0.75, 1 ]
					},
					{
						"time": 1,
						"angle": 14.38,
						"curve": [ 0.25, 0, 0.75, 1 ]
					},
					{ "time": 2, "angle": 0 }
				],
				"translate": [
					{ "time": 0, "x": 0, "y": 0, "curve": "stepped" },
					{ "time": 2, "x": 0, "y": 0 }
				],
				"scale": [
					{ "time": 0, "x": 1, "y": 1, "curve": "stepped" },
					{ "time": 2, "x": 1, "y": 1 }
				]
			},
			"bone18": {
				"rotate": [
					{
						"time": 0,
						"angle": 0,
						"curve": [ 0.25, 0, 0.75, 1 ]
					},
					{
						"time": 1,
						"angle": 11.78,
						"curve": [ 0.25, 0, 0.75, 1 ]
					},
					{ "time": 2, "angle": 0 }
				],
				"translate": [
					{ "time": 0, "x": 0, "y": 0, "curve": "stepped" },
					{ "time": 2, "x": 0, "y": 0 }
				],
				"scale": [
					{ "time": 0, "x": 1, "y": 1, "curve": "stepped" },
					{ "time": 2, "x": 1, "y": 1 }
				]
			},
			"bone2": {
				"rotate": [
					{
						"time": 0,
						"angle": 0,
						"curve": [ 0.24, 0.38, 0.75, 1 ]
					},
					{
						"time": 0.5,
						"angle": 2.42,
						"curve": [ 0.25, 0, 0.75, 1 ]
					},
					{
						"time": 1.5,
						"angle": -0.97,
						"curve": [ 0.25, 0, 0.837, 0.75 ]
					},
					{ "time": 2, "angle": 0 }
				],
				"translate": [
					{
						"time": 0,
						"x": 0,
						"y": 0,
						"curve": [ 0.25, 0, 0.75, 1 ]
					},
					{
						"time": 1,
						"x": 0,
						"y": -2.13,
						"curve": [ 0.25, 0, 0.75, 1 ]
					},
					{ "time": 2, "x": 0, "y": 0 }
				],
				"scale": [
					{ "time": 0, "x": 1, "y": 1, "curve": "stepped" },
					{ "time": 2, "x": 1, "y": 1 }
				]
			},
			"bone3": {
				"rotate": [
					{ "time": 0, "angle": 0 },
					{ "time": 1, "angle": -1.88 },
					{ "time": 2, "angle": 0 }
				],
				"translate": [
					{
						"time": 0,
						"x": 0,
						"y": 0,
						"curve": [ 0.25, 0, 0.75, 1 ]
					},
					{
						"time": 1,
						"x": -0.32,
						"y": -1.63,
						"curve": [ 0.25, 0, 0.75, 1 ]
					},
					{ "time": 2, "x": 0, "y": 0 }
				],
				"scale": [
					{ "time": 0, "x": 1, "y": 1, "curve": "stepped" },
					{ "time": 2, "x": 1, "y": 1 }
				]
			},
			"bone4": {
				"rotate": [
					{ "time": 0, "angle": 0, "curve": "stepped" },
					{ "time": 2, "angle": 0 }
				],
				"translate": [
					{
						"time": 0,
						"x": 0,
						"y": 0,
						"curve": [ 0.207, 0.34, 0.75, 1 ]
					},
					{
						"time": 0.5,
						"x": 0,
						"y": 1.26,
						"curve": [ 0.25, 0, 0.75, 1 ]
					},
					{
						"time": 1.5,
						"x": 0,
						"y": -0.97,
						"curve": [ 0.25, 0, 0.846, 0.74 ]
					},
					{ "time": 2, "x": 0, "y": 0 }
				],
				"scale": [
					{ "time": 0, "x": 1, "y": 1 },
					{ "time": 1, "x": 1, "y": 0.972 },
					{ "time": 2, "x": 1, "y": 1 }
				]
			},
			"bone": {
				"rotate": [
					{
						"time": 0,
						"angle": 0,
						"curve": [ 0.25, 0, 0.75, 1 ]
					},
					{
						"time": 1,
						"angle": 3.14,
						"curve": [ 0.25, 0, 0.75, 1 ]
					},
					{ "time": 2, "angle": 0 }
				],
				"translate": [
					{ "time": 0, "x": 0, "y": 0, "curve": "stepped" },
					{ "time": 2, "x": 0, "y": 0 }
				],
				"scale": [
					{ "time": 0, "x": 1, "y": 1, "curve": "stepped" },
					{ "time": 2, "x": 1, "y": 1 }
				]
			},
			"bone5": {
				"rotate": [
					{
						"time": 0,
						"angle": 0,
						"curve": [ 0.25, 0, 0.75, 1 ]
					},
					{
						"time": 1,
						"angle": -5.13,
						"curve": [ 0.25, 0, 0.75, 1 ]
					},
					{ "time": 2, "angle": 0 }
				],
				"translate": [
					{ "time": 0, "x": 0, "y": 0, "curve": "stepped" },
					{ "time": 2, "x": 0, "y": 0 }
				],
				"scale": [
					{ "time": 0, "x": 1, "y": 1, "curve": "stepped" },
					{ "time": 2, "x": 1, "y": 1 }
				]
			},
			"bone6": {
				"rotate": [
					{
						"time": 0,
						"angle": 0,
						"curve": [ 0.21, 0.33, 0.75, 1 ]
					},
					{
						"time": 0.5,
						"angle": 6.74,
						"curve": [ 0.25, 0, 0.75, 1 ]
					},
					{
						"time": 1.5,
						"angle": -1.09,
						"curve": [ 0.25, 0, 0.873, 0.77 ]
					},
					{ "time": 2, "angle": 0 }
				],
				"translate": [
					{ "time": 0, "x": 0, "y": 0, "curve": "stepped" },
					{ "time": 2, "x": 0, "y": 0 }
				],
				"scale": [
					{ "time": 0, "x": 1, "y": 1, "curve": "stepped" },
					{ "time": 2, "x": 1, "y": 1 }
				]
			},
			"bone7": {
				"rotate": [
					{
						"time": 0,
						"angle": 0,
						"curve": [ 0.25, 0, 0.75, 1 ]
					},
					{
						"time": 1,
						"angle": 9.36,
						"curve": [ 0.25, 0, 0.75, 1 ]
					},
					{ "time": 2, "angle": 0 }
				],
				"translate": [
					{ "time": 0, "x": 0, "y": 0, "curve": "stepped" },
					{ "time": 2, "x": 0, "y": 0 }
				],
				"scale": [
					{ "time": 0, "x": 1, "y": 1, "curve": "stepped" },
					{ "time": 2, "x": 1, "y": 1 }
				]
			},
			"bone11": {
				"rotate": [
					{ "time": 0, "angle": 0, "curve": "stepped" },
					{ "time": 2, "angle": 0 }
				],
				"translate": [
					{
						"time": 0,
						"x": 0,
						"y": 0,
						"curve": [ 0.222, 0.27, 0.606, 0.67 ]
					},
					{
						"time": 1,
						"x": 1.74,
						"y": -5.24,
						"curve": [ 0.373, 0.55, 0.756, 1 ]
					},
					{ "time": 2, "x": 0, "y": 0 }
				],
				"scale": [
					{ "time": 0, "x": 1, "y": 1, "curve": "stepped" },
					{ "time": 2, "x": 1, "y": 1 }
				]
			},
			"bone8": {
				"rotate": [
					{ "time": 0, "angle": 0 },
					{ "time": 0.3666, "angle": 8.77 },
					{ "time": 1.3333, "angle": -18.1 },
					{ "time": 2, "angle": 0 }
				],
				"translate": [
					{
						"time": 0,
						"x": 0,
						"y": 0,
						"curve": [ 0.25, 0, 0.625, 0.5 ]
					},
					{
						"time": 0.5,
						"x": 6.84,
						"y": 10.88,
						"curve": [ 0.345, 0.37, 0.69, 0.74 ]
					},
					{
						"time": 1.3333,
						"x": 3.24,
						"y": -0.77,
						"curve": [ 0.377, 0.6, 0.719, 1 ]
					},
					{ "time": 2, "x": 0, "y": 0 }
				],
				"scale": [
					{ "time": 0, "x": 1, "y": 1, "curve": "stepped" },
					{ "time": 2, "x": 1, "y": 1 }
				]
			},
			"bone10": {
				"rotate": [
					{
						"time": 0,
						"angle": 0,
						"curve": [ 0.25, 0, 0.75, 1 ]
					},
					{
						"time": 1,
						"angle": 6.78,
						"curve": [ 0.25, 0, 0.75, 1 ]
					},
					{ "time": 2, "angle": 0 }
				],
				"translate": [
					{ "time": 0, "x": 0, "y": 0, "curve": "stepped" },
					{ "time": 2, "x": 0, "y": 0 }
				],
				"scale": [
					{ "time": 0, "x": 1, "y": 1, "curve": "stepped" },
					{ "time": 2, "x": 1, "y": 1 }
				]
			},
			"bone9": {
				"rotate": [
					{
						"time": 0,
						"angle": 0,
						"curve": [ 0.216, 0.32, 0.75, 1 ]
					},
					{
						"time": 0.5,
						"angle": 2.75,
						"curve": [ 0.25, 0, 0.75, 1 ]
					},
					{
						"time": 1.5,
						"angle": -2.15,
						"curve": [ 0.25, 0, 0.846, 0.75 ]
					},
					{ "time": 2, "angle": 0 }
				],
				"translate": [
					{ "time": 0, "x": 0, "y": 0, "curve": "stepped" },
					{ "time": 2, "x": 0, "y": 0 }
				],
				"scale": [
					{ "time": 0, "x": 1, "y": 1, "curve": "stepped" },
					{ "time": 2, "x": 1, "y": 1 }
				]
			},
			"bone12": {
				"rotate": [
					{
						"time": 0,
						"angle": 0,
						"curve": [ 0.25, 0, 0.75, 1 ]
					},
					{
						"time": 1,
						"angle": -5,
						"curve": [ 0.25, 0, 0.75, 1 ]
					},
					{ "time": 2, "angle": 0 }
				],
				"translate": [
					{
						"time": 0,
						"x": 0,
						"y": 0,
						"curve": [ 0.25, 0, 0.75, 1 ]
					},
					{
						"time": 1,
						"x": -5.24,
						"y": -9.96,
						"curve": [ 0.25, 0, 0.75, 1 ]
					},
					{ "time": 2, "x": 0, "y": 0 }
				],
				"scale": [
					{ "time": 0, "x": 1, "y": 1, "curve": "stepped" },
					{ "time": 2, "x": 1, "y": 1 }
				]
			},
			"bone13": {
				"rotate": [
					{ "time": 0, "angle": 0, "curve": "stepped" },
					{ "time": 2, "angle": 0 }
				],
				"translate": [
					{
						"time": 0,
						"x": 0,
						"y": 0,
						"curve": [ 0.25, 0, 0.75, 1 ]
					},
					{
						"time": 1,
						"x": 0,
						"y": 2.29,
						"curve": [ 0.25, 0, 0.75, 1 ]
					},
					{ "time": 2, "x": 0, "y": 0 }
				],
				"scale": [
					{ "time": 0, "x": 1, "y": 1, "curve": "stepped" },
					{ "time": 2, "x": 1, "y": 1 }
				]
			},
			"bone19": {
				"rotate": [
					{
						"time": 0,
						"angle": 0,
						"curve": [ 0.25, 0, 0.75, 1 ]
					},
					{
						"time": 1,
						"angle": -8.52,
						"curve": [ 0.25, 0, 0.75, 1 ]
					},
					{ "time": 2, "angle": 0 }
				],
				"translate": [
					{
						"time": 0,
						"x": -1.07,
						"y": -0.15,
						"curve": [ 0.275, 0, 0.62, 0.4 ]
					},
					{
						"time": 1,
						"x": -2.33,
						"y": -0.22,
						"curve": [ 0.314, 0.27, 0.657, 0.63 ]
					},
					{ "time": 2, "x": -1.07, "y": -0.15 }
				],
				"scale": [
					{ "time": 0, "x": 1, "y": 1, "curve": "stepped" },
					{ "time": 2, "x": 1, "y": 1 }
				]
			},
			"bone20": {
				"rotate": [
					{
						"time": 0,
						"angle": 0,
						"curve": [ 0.189, 0.31, 0.75, 1 ]
					},
					{
						"time": 0.5,
						"angle": 9.01,
						"curve": [ 0.25, 0, 0.75, 1 ]
					},
					{
						"time": 1.5,
						"angle": -6.34,
						"curve": [ 0.25, 0, 0.84, 0.76 ]
					},
					{ "time": 2, "angle": 0 }
				],
				"translate": [
					{ "time": 0, "x": 0, "y": 0, "curve": "stepped" },
					{ "time": 2, "x": 0, "y": 0 }
				],
				"scale": [
					{ "time": 0, "x": 1, "y": 1, "curve": "stepped" },
					{ "time": 2, "x": 1, "y": 1 }
				]
			},
			"bone21": {
				"rotate": [
					{
						"time": 0,
						"angle": 0,
						"curve": [ 0.25, 0, 0.75, 1 ]
					},
					{
						"time": 1,
						"angle": 6.34,
						"curve": [ 0.25, 0, 0.75, 1 ]
					},
					{ "time": 2, "angle": 0 }
				],
				"translate": [
					{ "time": 0, "x": 0, "y": 0, "curve": "stepped" },
					{ "time": 2, "x": 0, "y": 0 }
				],
				"scale": [
					{ "time": 0, "x": 1, "y": 1, "curve": "stepped" },
					{ "time": 2, "x": 1, "y": 1 }
				]
			},
			"bone22": {
				"rotate": [
					{
						"time": 0,
						"angle": 0,
						"curve": [ 0.243, 0.36, 0.75, 1 ]
					},
					{
						"time": 0.5,
						"angle": -7.76,
						"curve": [ 0.25, 0, 0.75, 1 ]
					},
					{
						"time": 1.5,
						"angle": 3.17,
						"curve": [ 0.25, 0, 0.84, 0.68 ]
					},
					{ "time": 2, "angle": 0 }
				],
				"translate": [
					{ "time": 0, "x": 0, "y": 0, "curve": "stepped" },
					{ "time": 2, "x": 0, "y": 0 }
				],
				"scale": [
					{ "time": 0, "x": 1, "y": 1, "curve": "stepped" },
					{ "time": 2, "x": 1, "y": 1 }
				]
			},
			"bone23": {
				"rotate": [
					{
						"time": 0,
						"angle": 0,
						"curve": [ 0.25, 0, 0.75, 1 ]
					},
					{
						"time": 1,
						"angle": -13.2,
						"curve": [ 0.25, 0, 0.75, 1 ]
					},
					{ "time": 2, "angle": 0 }
				],
				"translate": [
					{ "time": 0, "x": 0, "y": 0, "curve": "stepped" },
					{ "time": 2, "x": 0, "y": 0 }
				],
				"scale": [
					{ "time": 0, "x": 1, "y": 1, "curve": "stepped" },
					{ "time": 2, "x": 1, "y": 1 }
				]
			}
		}
	}
}
}