{
"skeleton": { "hash": "qp8/5tH/O3wCWLrt6TUhcYijn9M", "spine": "2.1.27", "width": 59.52, "height": 59.52, "images": "" },
"bones": [
	{ "name": "root" },
	{ "name": "bone", "parent": "root", "length": 140.33, "y": -3.79, "rotation": 89.09 },
	{ "name": "bone2", "parent": "root", "length": 73.71, "x": -5.91, "y": -8.07, "scaleX": 0.7, "scaleY": 0.7, "rotation": 90.45 }
],
"slots": [
	{ "name": "kuloubing04_walk_0016_", "bone": "bone" },
	{ "name": "kuloubing04_walk_0015_", "bone": "bone" },
	{ "name": "kuloubing04_walk_0014_", "bone": "bone" },
	{ "name": "kuloubing04_walk_0013_", "bone": "bone" },
	{ "name": "kuloubing04_walk_0012_", "bone": "bone" },
	{ "name": "kuloubing04_walk_0011_", "bone": "bone" },
	{ "name": "kuloubing04_walk_0010_", "bone": "bone" },
	{ "name": "kuloubing04_walk_0009_", "bone": "bone" },
	{ "name": "kuloubing04_walk_0008_", "bone": "bone" },
	{ "name": "kuloubing04_walk_0007_", "bone": "bone" },
	{ "name": "kuloubing04_walk_0006_", "bone": "bone" },
	{ "name": "kuloubing04_walk_0005_", "bone": "bone" },
	{ "name": "kuloubing04_walk_0004_", "bone": "bone" },
	{ "name": "kuloubing04_walk_0003_", "bone": "bone" },
	{ "name": "kuloubing04_walk_0002_", "bone": "bone" },
	{ "name": "kuloubing04_walk_0001_", "bone": "bone" },
	{ "name": "kuloubing04_walk_0000_", "bone": "bone" },
	{ "name": "kuloubing04_gj_0020_", "bone": "bone" },
	{ "name": "kuloubing04_gj_0019_", "bone": "bone" },
	{ "name": "kuloubing04_gj_0018_", "bone": "bone" },
	{ "name": "kuloubing04_gj_0017_", "bone": "bone" },
	{ "name": "kuloubing04_gj_0016_", "bone": "bone" },
	{ "name": "kuloubing04_gj_0015_", "bone": "bone" },
	{ "name": "kuloubing04_gj_0014_", "bone": "bone" },
	{ "name": "kuloubing04_gj_0013_", "bone": "bone" },
	{ "name": "kuloubing04_gj_0012_", "bone": "bone" },
	{ "name": "kuloubing04_gj_0011_", "bone": "bone" },
	{ "name": "kuloubing04_gj_0010_", "bone": "bone" },
	{ "name": "kuloubing04_gj_0009_", "bone": "bone" },
	{ "name": "kuloubing04_gj_0008_", "bone": "bone" },
	{ "name": "kuloubing04_gj_0007_", "bone": "bone" },
	{ "name": "kuloubing04_gj_0006_", "bone": "bone" },
	{ "name": "kuloubing04_gj_0005_", "bone": "bone" },
	{ "name": "kuloubing04_gj_0004_", "bone": "bone" },
	{ "name": "kuloubing04_gj_0003_", "bone": "bone" },
	{ "name": "kuloubing04_gj_0002_", "bone": "bone" },
	{ "name": "kuloubing04_gj_0001_", "bone": "bone" },
	{ "name": "kuloubing04_gj_0000_", "bone": "bone" },
	{ "name": "kuloubing04_dj_0022_", "bone": "bone" },
	{ "name": "kuloubing04_dj_0021_", "bone": "bone" },
	{ "name": "kuloubing04_dj_0020_", "bone": "bone" },
	{ "name": "kuloubing04_dj_0019_", "bone": "bone" },
	{ "name": "kuloubing04_dj_0018_", "bone": "bone" },
	{ "name": "kuloubing04_dj_0017_", "bone": "bone" },
	{ "name": "kuloubing04_dj_0016_", "bone": "bone" },
	{ "name": "kuloubing04_dj_0015_", "bone": "bone" },
	{ "name": "kuloubing04_dj_0014_", "bone": "bone" },
	{ "name": "kuloubing04_dj_0013_", "bone": "bone" },
	{ "name": "kuloubing04_dj_0012_", "bone": "bone" },
	{ "name": "kuloubing04_dj_0011_", "bone": "bone" },
	{ "name": "kuloubing04_dj_0010_", "bone": "bone" },
	{ "name": "kuloubing04_dj_0009_", "bone": "bone" },
	{ "name": "kuloubing04_dj_0008_", "bone": "bone" },
	{ "name": "kuloubing04_dj_0007_", "bone": "bone" },
	{ "name": "kuloubing04_dj_0006_", "bone": "bone" },
	{ "name": "kuloubing04_dj_0005_", "bone": "bone" },
	{ "name": "kuloubing04_dj_0004_", "bone": "bone" },
	{ "name": "kuloubing04_dj_0003_", "bone": "bone" },
	{ "name": "kuloubing04_dj_0002_", "bone": "bone" },
	{ "name": "kuloubing04_dj_0001_", "bone": "bone" },
	{ "name": "kuloubing04_dj_0000_", "bone": "bone" },
	{ "name": "yz_0_", "bone": "bone2", "attachment": "yz_0_" }
],
"skins": {
	"default": {
		"kuloubing04_dj_0000_": {
			"kuloubing04_dj_0000_": { "x": 49.9, "y": 10.53, "rotation": -89.09, "width": 68, "height": 91 }
		},
		"kuloubing04_dj_0001_": {
			"kuloubing04_dj_0001_": { "x": 49.9, "y": 10.53, "rotation": -89.09, "width": 68, "height": 91 }
		},
		"kuloubing04_dj_0002_": {
			"kuloubing04_dj_0002_": { "x": 49.41, "y": 10.03, "rotation": -89.09, "width": 67, "height": 90 }
		},
		"kuloubing04_dj_0003_": {
			"kuloubing04_dj_0003_": { "x": 49.41, "y": 9.53, "rotation": -89.09, "width": 66, "height": 90 }
		},
		"kuloubing04_dj_0004_": {
			"kuloubing04_dj_0004_": { "x": 48.91, "y": 9.52, "rotation": -89.09, "width": 66, "height": 89 }
		},
		"kuloubing04_dj_0005_": {
			"kuloubing04_dj_0005_": { "x": 48.43, "y": 8.51, "rotation": -89.09, "width": 66, "height": 90 }
		},
		"kuloubing04_dj_0006_": {
			"kuloubing04_dj_0006_": { "x": 47.44, "y": 7.99, "rotation": -89.09, "width": 65, "height": 90 }
		},
		"kuloubing04_dj_0007_": {
			"kuloubing04_dj_0007_": { "x": 45.92, "y": 8.97, "rotation": -89.09, "width": 65, "height": 91 }
		},
		"kuloubing04_dj_0008_": {
			"kuloubing04_dj_0008_": { "x": 44.92, "y": 8.95, "rotation": -89.09, "width": 65, "height": 91 }
		},
		"kuloubing04_dj_0009_": {
			"kuloubing04_dj_0009_": { "x": 43.91, "y": 9.94, "rotation": -89.09, "width": 65, "height": 91 }
		},
		"kuloubing04_dj_0010_": {
			"kuloubing04_dj_0010_": { "x": 43.4, "y": 10.43, "rotation": -89.09, "width": 66, "height": 90 }
		},
		"kuloubing04_dj_0011_": {
			"kuloubing04_dj_0011_": { "x": 43.38, "y": 11.43, "rotation": -89.09, "width": 66, "height": 90 }
		},
		"kuloubing04_dj_0012_": {
			"kuloubing04_dj_0012_": { "x": 43.88, "y": 11.44, "rotation": -89.09, "width": 66, "height": 89 }
		},
		"kuloubing04_dj_0013_": {
			"kuloubing04_dj_0013_": { "x": 44.87, "y": 12.45, "rotation": -89.09, "width": 66, "height": 87 }
		},
		"kuloubing04_dj_0014_": {
			"kuloubing04_dj_0014_": { "x": 46.37, "y": 12.48, "rotation": -89.09, "width": 66, "height": 86 }
		},
		"kuloubing04_dj_0015_": {
			"kuloubing04_dj_0015_": { "x": 47.35, "y": 13.49, "rotation": -89.09, "width": 66, "height": 86 }
		},
		"kuloubing04_dj_0016_": {
			"kuloubing04_dj_0016_": { "x": 47.85, "y": 13.5, "rotation": -89.09, "width": 66, "height": 87 }
		},
		"kuloubing04_dj_0017_": {
			"kuloubing04_dj_0017_": { "x": 47.86, "y": 13, "rotation": -89.09, "width": 67, "height": 87 }
		},
		"kuloubing04_dj_0018_": {
			"kuloubing04_dj_0018_": { "x": 48.37, "y": 12.01, "rotation": -89.09, "width": 67, "height": 88 }
		},
		"kuloubing04_dj_0019_": {
			"kuloubing04_dj_0019_": { "x": 48.87, "y": 12.02, "rotation": -89.09, "width": 67, "height": 89 }
		},
		"kuloubing04_dj_0020_": {
			"kuloubing04_dj_0020_": { "x": 49.39, "y": 11.03, "rotation": -89.09, "width": 67, "height": 90 }
		},
		"kuloubing04_dj_0021_": {
			"kuloubing04_dj_0021_": { "x": 49.9, "y": 10.53, "rotation": -89.09, "width": 68, "height": 91 }
		},
		"kuloubing04_dj_0022_": {
			"kuloubing04_dj_0022_": { "x": 49.9, "y": 10.53, "rotation": -89.09, "width": 68, "height": 91 }
		},
		"kuloubing04_gj_0000_": {
			"kuloubing04_gj_0000_": { "x": 50.36, "y": 13.04, "rotation": -89.09, "width": 75, "height": 90 }
		},
		"kuloubing04_gj_0001_": {
			"kuloubing04_gj_0001_": { "x": 48.94, "y": 8.02, "rotation": -89.09, "width": 67, "height": 85 }
		},
		"kuloubing04_gj_0002_": {
			"kuloubing04_gj_0002_": { "x": 45.87, "y": 11.97, "rotation": -89.09, "width": 75, "height": 79 }
		},
		"kuloubing04_gj_0003_": {
			"kuloubing04_gj_0003_": { "x": 48.28, "y": 18.01, "rotation": -89.09, "width": 85, "height": 84 }
		},
		"kuloubing04_gj_0004_": {
			"kuloubing04_gj_0004_": { "x": 49.73, "y": 21.03, "rotation": -89.09, "width": 91, "height": 87 }
		},
		"kuloubing04_gj_0005_": {
			"kuloubing04_gj_0005_": { "x": 51.21, "y": 22.56, "rotation": -89.09, "width": 98, "height": 90 }
		},
		"kuloubing04_gj_0006_": {
			"kuloubing04_gj_0006_": { "x": 52.19, "y": 23.57, "rotation": -89.09, "width": 102, "height": 92 }
		},
		"kuloubing04_gj_0007_": {
			"kuloubing04_gj_0007_": { "x": 53.2, "y": 23.09, "rotation": -89.09, "width": 105, "height": 94 }
		},
		"kuloubing04_gj_0008_": {
			"kuloubing04_gj_0008_": { "x": 53.27, "y": 18.59, "rotation": -89.09, "width": 100, "height": 94 }
		},
		"kuloubing04_gj_0009_": {
			"kuloubing04_gj_0009_": { "x": 55.94, "y": 8.13, "rotation": -89.09, "width": 87, "height": 99 }
		},
		"kuloubing04_gj_0010_": {
			"kuloubing04_gj_0010_": { "x": 72.51, "y": 3.89, "rotation": -89.09, "width": 74, "height": 132 }
		},
		"kuloubing04_gj_0011_": {
			"kuloubing04_gj_0011_": { "x": 49.59, "y": -1.46, "rotation": -89.09, "width": 76, "height": 86 }
		},
		"kuloubing04_gj_0012_": {
			"kuloubing04_gj_0012_": { "x": 49.11, "y": -34.47, "rotation": -89.09, "width": 142, "height": 84 }
		},
		"kuloubing04_gj_0013_": {
			"kuloubing04_gj_0013_": { "x": 48.96, "y": -24.98, "rotation": -89.09, "width": 123, "height": 84 }
		},
		"kuloubing04_gj_0014_": {
			"kuloubing04_gj_0014_": { "x": 48.85, "y": -17.98, "rotation": -89.09, "width": 109, "height": 84 }
		},
		"kuloubing04_gj_0015_": {
			"kuloubing04_gj_0015_": { "x": 48.8, "y": -14.98, "rotation": -89.09, "width": 103, "height": 84 }
		},
		"kuloubing04_gj_0016_": {
			"kuloubing04_gj_0016_": { "x": 48.76, "y": -12.48, "rotation": -89.09, "width": 98, "height": 84 }
		},
		"kuloubing04_gj_0017_": {
			"kuloubing04_gj_0017_": { "x": 47.21, "y": -9, "rotation": -89.09, "width": 93, "height": 83 }
		},
		"kuloubing04_gj_0018_": {
			"kuloubing04_gj_0018_": { "x": 44.55, "y": 0.95, "rotation": -89.09, "width": 93, "height": 84 }
		},
		"kuloubing04_gj_0019_": {
			"kuloubing04_gj_0019_": { "x": 47.38, "y": 11.49, "rotation": -89.09, "width": 80, "height": 88 }
		},
		"kuloubing04_gj_0020_": {
			"kuloubing04_gj_0020_": { "x": 50.36, "y": 13.04, "rotation": -89.09, "width": 75, "height": 90 }
		},
		"kuloubing04_walk_0000_": {
			"kuloubing04_walk_0000_": { "x": 51.98, "y": -25.93, "rotation": -89.09, "width": 111, "height": 96 }
		},
		"kuloubing04_walk_0001_": {
			"kuloubing04_walk_0001_": { "x": 51.99, "y": -26.43, "rotation": -89.09, "width": 114, "height": 98 }
		},
		"kuloubing04_walk_0002_": {
			"kuloubing04_walk_0002_": { "x": 52, "y": -27.43, "rotation": -89.09, "width": 112, "height": 100 }
		},
		"kuloubing04_walk_0003_": {
			"kuloubing04_walk_0003_": { "x": 55.55, "y": -30.37, "rotation": -89.09, "width": 102, "height": 95 }
		},
		"kuloubing04_walk_0004_": {
			"kuloubing04_walk_0004_": { "x": 57.52, "y": -28.34, "rotation": -89.09, "width": 102, "height": 91 }
		},
		"kuloubing04_walk_0005_": {
			"kuloubing04_walk_0005_": { "x": 56.98, "y": -25.85, "rotation": -89.09, "width": 103, "height": 90 }
		},
		"kuloubing04_walk_0006_": {
			"kuloubing04_walk_0006_": { "x": 55.46, "y": -24.87, "rotation": -89.09, "width": 103, "height": 91 }
		},
		"kuloubing04_walk_0007_": {
			"kuloubing04_walk_0007_": { "x": 54.44, "y": -23.39, "rotation": -89.09, "width": 102, "height": 89 }
		},
		"kuloubing04_walk_0008_": {
			"kuloubing04_walk_0008_": { "x": 51.92, "y": -22.43, "rotation": -89.09, "width": 102, "height": 92 }
		},
		"kuloubing04_walk_0009_": {
			"kuloubing04_walk_0009_": { "x": 51.44, "y": -23.44, "rotation": -89.09, "width": 102, "height": 93 }
		},
		"kuloubing04_walk_0010_": {
			"kuloubing04_walk_0010_": { "x": 51.96, "y": -24.93, "rotation": -89.09, "width": 103, "height": 94 }
		},
		"kuloubing04_walk_0011_": {
			"kuloubing04_walk_0011_": { "x": 52.48, "y": -25.92, "rotation": -89.09, "width": 103, "height": 95 }
		},
		"kuloubing04_walk_0012_": {
			"kuloubing04_walk_0012_": { "x": 53.01, "y": -27.91, "rotation": -89.09, "width": 103, "height": 96 }
		},
		"kuloubing04_walk_0013_": {
			"kuloubing04_walk_0013_": { "x": 53.03, "y": -28.91, "rotation": -89.09, "width": 103, "height": 96 }
		},
		"kuloubing04_walk_0014_": {
			"kuloubing04_walk_0014_": { "x": 52.53, "y": -28.92, "rotation": -89.09, "width": 105, "height": 97 }
		},
		"kuloubing04_walk_0015_": {
			"kuloubing04_walk_0015_": { "x": 52.53, "y": -28.92, "rotation": -89.09, "width": 105, "height": 97 }
		},
		"kuloubing04_walk_0016_": {
			"kuloubing04_walk_0016_": { "x": 51.98, "y": -25.93, "rotation": -89.09, "width": 111, "height": 96 }
		},
		"yz_0_": {
			"yz_0_": { "x": 27.69, "y": -1.02, "rotation": -90.45, "width": 85, "height": 85 }
		}
	}
},
"animations": {
	"dj": {
		"slots": {
			"kuloubing04_dj_0000_": {
				"attachment": [
					{ "time": 0, "name": "kuloubing04_dj_0000_" },
					{ "time": 0.0666, "name": null }
				]
			},
			"kuloubing04_dj_0001_": {
				"attachment": [
					{ "time": 0, "name": null },
					{ "time": 0.0666, "name": "kuloubing04_dj_0001_" },
					{ "time": 0.1333, "name": null }
				]
			},
			"kuloubing04_dj_0002_": {
				"attachment": [
					{ "time": 0, "name": null },
					{ "time": 0.1333, "name": "kuloubing04_dj_0002_" },
					{ "time": 0.2, "name": null }
				]
			},
			"kuloubing04_dj_0003_": {
				"attachment": [
					{ "time": 0, "name": null },
					{ "time": 0.2, "name": "kuloubing04_dj_0003_" },
					{ "time": 0.2666, "name": null }
				]
			},
			"kuloubing04_dj_0004_": {
				"attachment": [
					{ "time": 0, "name": null },
					{ "time": 0.2666, "name": "kuloubing04_dj_0004_" },
					{ "time": 0.3333, "name": null }
				]
			},
			"kuloubing04_dj_0005_": {
				"attachment": [
					{ "time": 0, "name": null },
					{ "time": 0.3333, "name": "kuloubing04_dj_0005_" },
					{ "time": 0.4, "name": null }
				]
			},
			"kuloubing04_dj_0006_": {
				"attachment": [
					{ "time": 0, "name": null },
					{ "time": 0.4, "name": "kuloubing04_dj_0006_" },
					{ "time": 0.4666, "name": null }
				]
			},
			"kuloubing04_dj_0007_": {
				"attachment": [
					{ "time": 0, "name": null },
					{ "time": 0.4666, "name": "kuloubing04_dj_0007_" },
					{ "time": 0.5333, "name": null }
				]
			},
			"kuloubing04_dj_0008_": {
				"attachment": [
					{ "time": 0, "name": null },
					{ "time": 0.5333, "name": "kuloubing04_dj_0008_" },
					{ "time": 0.6, "name": null }
				]
			},
			"kuloubing04_dj_0009_": {
				"attachment": [
					{ "time": 0, "name": null },
					{ "time": 0.6, "name": "kuloubing04_dj_0009_" },
					{ "time": 0.6666, "name": null }
				]
			},
			"kuloubing04_dj_0010_": {
				"attachment": [
					{ "time": 0, "name": null },
					{ "time": 0.6666, "name": "kuloubing04_dj_0010_" },
					{ "time": 0.7333, "name": null }
				]
			},
			"kuloubing04_dj_0011_": {
				"attachment": [
					{ "time": 0, "name": null },
					{ "time": 0.7333, "name": "kuloubing04_dj_0011_" },
					{ "time": 0.8, "name": null }
				]
			},
			"kuloubing04_dj_0012_": {
				"attachment": [
					{ "time": 0, "name": null },
					{ "time": 0.8, "name": "kuloubing04_dj_0012_" },
					{ "time": 0.8666, "name": null }
				]
			},
			"kuloubing04_dj_0013_": {
				"attachment": [
					{ "time": 0, "name": null },
					{ "time": 0.8666, "name": "kuloubing04_dj_0013_" },
					{ "time": 0.9333, "name": null }
				]
			},
			"kuloubing04_dj_0014_": {
				"attachment": [
					{ "time": 0, "name": null },
					{ "time": 0.9333, "name": "kuloubing04_dj_0014_" },
					{ "time": 1, "name": null }
				]
			},
			"kuloubing04_dj_0015_": {
				"attachment": [
					{ "time": 0, "name": null },
					{ "time": 1, "name": "kuloubing04_dj_0015_" },
					{ "time": 1.0666, "name": null }
				]
			},
			"kuloubing04_dj_0016_": {
				"attachment": [
					{ "time": 0, "name": null },
					{ "time": 1.0666, "name": "kuloubing04_dj_0016_" },
					{ "time": 1.1333, "name": null }
				]
			},
			"kuloubing04_dj_0017_": {
				"attachment": [
					{ "time": 0, "name": null },
					{ "time": 1.1333, "name": "kuloubing04_dj_0017_" },
					{ "time": 1.2, "name": null }
				]
			},
			"kuloubing04_dj_0018_": {
				"attachment": [
					{ "time": 0, "name": null },
					{ "time": 1.2, "name": "kuloubing04_dj_0018_" },
					{ "time": 1.2666, "name": null }
				]
			},
			"kuloubing04_dj_0019_": {
				"attachment": [
					{ "time": 0, "name": null },
					{ "time": 1.2666, "name": "kuloubing04_dj_0019_" },
					{ "time": 1.3333, "name": null }
				]
			},
			"kuloubing04_dj_0020_": {
				"attachment": [
					{ "time": 0, "name": null },
					{ "time": 1.3333, "name": "kuloubing04_dj_0020_" },
					{ "time": 1.4, "name": null }
				]
			},
			"kuloubing04_dj_0021_": {
				"attachment": [
					{ "time": 0, "name": null },
					{ "time": 1.4, "name": "kuloubing04_dj_0021_" },
					{ "time": 1.4666, "name": null }
				]
			},
			"kuloubing04_dj_0022_": {
				"attachment": [
					{ "time": 0, "name": null },
					{ "time": 1.4666, "name": "kuloubing04_dj_0022_" }
				]
			},
			"kuloubing04_gj_0000_": {
				"attachment": [
					{ "time": 0, "name": null }
				]
			},
			"kuloubing04_gj_0001_": {
				"attachment": [
					{ "time": 0, "name": null }
				]
			},
			"kuloubing04_gj_0002_": {
				"attachment": [
					{ "time": 0, "name": null }
				]
			},
			"kuloubing04_gj_0003_": {
				"attachment": [
					{ "time": 0, "name": null }
				]
			},
			"kuloubing04_gj_0004_": {
				"attachment": [
					{ "time": 0, "name": null }
				]
			},
			"kuloubing04_gj_0005_": {
				"attachment": [
					{ "time": 0, "name": null }
				]
			},
			"kuloubing04_gj_0006_": {
				"attachment": [
					{ "time": 0, "name": null }
				]
			},
			"kuloubing04_gj_0007_": {
				"attachment": [
					{ "time": 0, "name": null }
				]
			},
			"kuloubing04_gj_0008_": {
				"attachment": [
					{ "time": 0, "name": null }
				]
			},
			"kuloubing04_gj_0009_": {
				"attachment": [
					{ "time": 0, "name": null }
				]
			},
			"kuloubing04_gj_0010_": {
				"attachment": [
					{ "time": 0, "name": null }
				]
			},
			"kuloubing04_gj_0011_": {
				"attachment": [
					{ "time": 0, "name": null }
				]
			},
			"kuloubing04_gj_0012_": {
				"attachment": [
					{ "time": 0, "name": null }
				]
			},
			"kuloubing04_gj_0013_": {
				"attachment": [
					{ "time": 0, "name": null }
				]
			},
			"kuloubing04_gj_0014_": {
				"attachment": [
					{ "time": 0, "name": null }
				]
			},
			"kuloubing04_gj_0015_": {
				"attachment": [
					{ "time": 0, "name": null }
				]
			},
			"kuloubing04_gj_0016_": {
				"attachment": [
					{ "time": 0, "name": null }
				]
			},
			"kuloubing04_gj_0017_": {
				"attachment": [
					{ "time": 0, "name": null }
				]
			},
			"kuloubing04_gj_0018_": {
				"attachment": [
					{ "time": 0, "name": null }
				]
			},
			"kuloubing04_gj_0019_": {
				"attachment": [
					{ "time": 0, "name": null }
				]
			},
			"kuloubing04_gj_0020_": {
				"attachment": [
					{ "time": 0, "name": null }
				]
			},
			"kuloubing04_walk_0000_": {
				"attachment": [
					{ "time": 0, "name": null }
				]
			},
			"kuloubing04_walk_0001_": {
				"attachment": [
					{ "time": 0, "name": null }
				]
			},
			"kuloubing04_walk_0002_": {
				"attachment": [
					{ "time": 0, "name": null }
				]
			},
			"kuloubing04_walk_0003_": {
				"attachment": [
					{ "time": 0, "name": null }
				]
			},
			"kuloubing04_walk_0004_": {
				"attachment": [
					{ "time": 0, "name": null }
				]
			},
			"kuloubing04_walk_0005_": {
				"attachment": [
					{ "time": 0, "name": null }
				]
			},
			"kuloubing04_walk_0006_": {
				"attachment": [
					{ "time": 0, "name": null }
				]
			},
			"kuloubing04_walk_0007_": {
				"attachment": [
					{ "time": 0, "name": null }
				]
			},
			"kuloubing04_walk_0008_": {
				"attachment": [
					{ "time": 0, "name": null }
				]
			},
			"kuloubing04_walk_0009_": {
				"attachment": [
					{ "time": 0, "name": null }
				]
			},
			"kuloubing04_walk_0010_": {
				"attachment": [
					{ "time": 0, "name": null }
				]
			},
			"kuloubing04_walk_0011_": {
				"attachment": [
					{ "time": 0, "name": null }
				]
			},
			"kuloubing04_walk_0012_": {
				"attachment": [
					{ "time": 0, "name": null }
				]
			},
			"kuloubing04_walk_0013_": {
				"attachment": [
					{ "time": 0, "name": null }
				]
			},
			"kuloubing04_walk_0014_": {
				"attachment": [
					{ "time": 0, "name": null }
				]
			},
			"kuloubing04_walk_0015_": {
				"attachment": [
					{ "time": 0, "name": null }
				]
			},
			"kuloubing04_walk_0016_": {
				"attachment": [
					{ "time": 0, "name": null }
				]
			}
		},
		"bones": {
			"bone": {
				"translate": [
					{ "time": 0, "x": 0, "y": 0 }
				]
			}
		}
	},
	"gj": {
		"slots": {
			"kuloubing04_dj_0000_": {
				"attachment": [
					{ "time": 0, "name": null }
				]
			},
			"kuloubing04_dj_0001_": {
				"attachment": [
					{ "time": 0, "name": null }
				]
			},
			"kuloubing04_dj_0002_": {
				"attachment": [
					{ "time": 0, "name": null }
				]
			},
			"kuloubing04_dj_0003_": {
				"attachment": [
					{ "time": 0, "name": null }
				]
			},
			"kuloubing04_dj_0004_": {
				"attachment": [
					{ "time": 0, "name": null }
				]
			},
			"kuloubing04_dj_0005_": {
				"attachment": [
					{ "time": 0, "name": null }
				]
			},
			"kuloubing04_dj_0006_": {
				"attachment": [
					{ "time": 0, "name": null }
				]
			},
			"kuloubing04_dj_0007_": {
				"attachment": [
					{ "time": 0, "name": null }
				]
			},
			"kuloubing04_dj_0008_": {
				"attachment": [
					{ "time": 0, "name": null }
				]
			},
			"kuloubing04_dj_0009_": {
				"attachment": [
					{ "time": 0, "name": null }
				]
			},
			"kuloubing04_dj_0010_": {
				"attachment": [
					{ "time": 0, "name": null }
				]
			},
			"kuloubing04_dj_0011_": {
				"attachment": [
					{ "time": 0, "name": null }
				]
			},
			"kuloubing04_dj_0012_": {
				"attachment": [
					{ "time": 0, "name": null }
				]
			},
			"kuloubing04_dj_0013_": {
				"attachment": [
					{ "time": 0, "name": null }
				]
			},
			"kuloubing04_dj_0014_": {
				"attachment": [
					{ "time": 0, "name": null }
				]
			},
			"kuloubing04_dj_0015_": {
				"attachment": [
					{ "time": 0, "name": null }
				]
			},
			"kuloubing04_dj_0016_": {
				"attachment": [
					{ "time": 0, "name": null }
				]
			},
			"kuloubing04_dj_0017_": {
				"attachment": [
					{ "time": 0, "name": null }
				]
			},
			"kuloubing04_dj_0018_": {
				"attachment": [
					{ "time": 0, "name": null }
				]
			},
			"kuloubing04_dj_0019_": {
				"attachment": [
					{ "time": 0, "name": null }
				]
			},
			"kuloubing04_dj_0020_": {
				"attachment": [
					{ "time": 0, "name": null }
				]
			},
			"kuloubing04_dj_0021_": {
				"attachment": [
					{ "time": 0, "name": null }
				]
			},
			"kuloubing04_dj_0022_": {
				"attachment": [
					{ "time": 0, "name": null }
				]
			},
			"kuloubing04_gj_0000_": {
				"attachment": [
					{ "time": 0, "name": "kuloubing04_gj_0000_" },
					{ "time": 0.0666, "name": null }
				]
			},
			"kuloubing04_gj_0001_": {
				"attachment": [
					{ "time": 0, "name": null },
					{ "time": 0.0666, "name": "kuloubing04_gj_0001_" },
					{ "time": 0.1333, "name": null }
				]
			},
			"kuloubing04_gj_0002_": {
				"attachment": [
					{ "time": 0, "name": null },
					{ "time": 0.1333, "name": "kuloubing04_gj_0002_" },
					{ "time": 0.2, "name": null }
				]
			},
			"kuloubing04_gj_0003_": {
				"attachment": [
					{ "time": 0, "name": null },
					{ "time": 0.2, "name": "kuloubing04_gj_0003_" },
					{ "time": 0.2666, "name": null }
				]
			},
			"kuloubing04_gj_0004_": {
				"attachment": [
					{ "time": 0, "name": null },
					{ "time": 0.2666, "name": "kuloubing04_gj_0004_" },
					{ "time": 0.3333, "name": null }
				]
			},
			"kuloubing04_gj_0005_": {
				"attachment": [
					{ "time": 0, "name": null },
					{ "time": 0.3333, "name": "kuloubing04_gj_0005_" },
					{ "time": 0.4, "name": null }
				]
			},
			"kuloubing04_gj_0006_": {
				"attachment": [
					{ "time": 0, "name": null },
					{ "time": 0.4, "name": "kuloubing04_gj_0006_" },
					{ "time": 0.4666, "name": null }
				]
			},
			"kuloubing04_gj_0007_": {
				"attachment": [
					{ "time": 0, "name": null },
					{ "time": 0.4666, "name": "kuloubing04_gj_0007_" },
					{ "time": 0.5333, "name": null }
				]
			},
			"kuloubing04_gj_0008_": {
				"attachment": [
					{ "time": 0, "name": null },
					{ "time": 0.5333, "name": "kuloubing04_gj_0008_" },
					{ "time": 0.6, "name": null }
				]
			},
			"kuloubing04_gj_0009_": {
				"attachment": [
					{ "time": 0, "name": null },
					{ "time": 0.6, "name": "kuloubing04_gj_0009_" },
					{ "time": 0.6666, "name": null }
				]
			},
			"kuloubing04_gj_0010_": {
				"attachment": [
					{ "time": 0, "name": null },
					{ "time": 0.6666, "name": "kuloubing04_gj_0010_" },
					{ "time": 0.7333, "name": null }
				]
			},
			"kuloubing04_gj_0011_": {
				"attachment": [
					{ "time": 0, "name": null },
					{ "time": 0.7333, "name": "kuloubing04_gj_0011_" },
					{ "time": 0.8, "name": null }
				]
			},
			"kuloubing04_gj_0012_": {
				"attachment": [
					{ "time": 0, "name": null },
					{ "time": 0.8, "name": "kuloubing04_gj_0012_" },
					{ "time": 0.8666, "name": null }
				]
			},
			"kuloubing04_gj_0013_": {
				"attachment": [
					{ "time": 0, "name": null },
					{ "time": 0.8666, "name": "kuloubing04_gj_0013_" },
					{ "time": 0.9333, "name": null }
				]
			},
			"kuloubing04_gj_0014_": {
				"attachment": [
					{ "time": 0, "name": null },
					{ "time": 0.9333, "name": "kuloubing04_gj_0014_" },
					{ "time": 1, "name": null }
				]
			},
			"kuloubing04_gj_0015_": {
				"attachment": [
					{ "time": 0, "name": null },
					{ "time": 1, "name": "kuloubing04_gj_0015_" },
					{ "time": 1.0666, "name": null }
				]
			},
			"kuloubing04_gj_0016_": {
				"attachment": [
					{ "time": 0, "name": null },
					{ "time": 1.0666, "name": "kuloubing04_gj_0016_" },
					{ "time": 1.1333, "name": null }
				]
			},
			"kuloubing04_gj_0017_": {
				"attachment": [
					{ "time": 0, "name": null },
					{ "time": 1.1333, "name": "kuloubing04_gj_0017_" },
					{ "time": 1.2, "name": null }
				]
			},
			"kuloubing04_gj_0018_": {
				"attachment": [
					{ "time": 0, "name": null },
					{ "time": 1.2, "name": "kuloubing04_gj_0018_" },
					{ "time": 1.2666, "name": null }
				]
			},
			"kuloubing04_gj_0019_": {
				"attachment": [
					{ "time": 0, "name": null },
					{ "time": 1.2666, "name": "kuloubing04_gj_0019_" },
					{ "time": 1.3333, "name": null }
				]
			},
			"kuloubing04_gj_0020_": {
				"attachment": [
					{ "time": 0, "name": null },
					{ "time": 1.3333, "name": "kuloubing04_gj_0020_" }
				]
			},
			"kuloubing04_walk_0000_": {
				"attachment": [
					{ "time": 0, "name": null }
				]
			},
			"kuloubing04_walk_0001_": {
				"attachment": [
					{ "time": 0, "name": null }
				]
			},
			"kuloubing04_walk_0002_": {
				"attachment": [
					{ "time": 0, "name": null }
				]
			},
			"kuloubing04_walk_0003_": {
				"attachment": [
					{ "time": 0, "name": null }
				]
			},
			"kuloubing04_walk_0004_": {
				"attachment": [
					{ "time": 0, "name": null }
				]
			},
			"kuloubing04_walk_0005_": {
				"attachment": [
					{ "time": 0, "name": null }
				]
			},
			"kuloubing04_walk_0006_": {
				"attachment": [
					{ "time": 0, "name": null }
				]
			},
			"kuloubing04_walk_0007_": {
				"attachment": [
					{ "time": 0, "name": null }
				]
			},
			"kuloubing04_walk_0008_": {
				"attachment": [
					{ "time": 0, "name": null }
				]
			},
			"kuloubing04_walk_0009_": {
				"attachment": [
					{ "time": 0, "name": null }
				]
			},
			"kuloubing04_walk_0010_": {
				"attachment": [
					{ "time": 0, "name": null }
				]
			},
			"kuloubing04_walk_0011_": {
				"attachment": [
					{ "time": 0, "name": null }
				]
			},
			"kuloubing04_walk_0012_": {
				"attachment": [
					{ "time": 0, "name": null }
				]
			},
			"kuloubing04_walk_0013_": {
				"attachment": [
					{ "time": 0, "name": null }
				]
			},
			"kuloubing04_walk_0014_": {
				"attachment": [
					{ "time": 0, "name": null }
				]
			},
			"kuloubing04_walk_0015_": {
				"attachment": [
					{ "time": 0, "name": null }
				]
			},
			"kuloubing04_walk_0016_": {
				"attachment": [
					{ "time": 0, "name": null }
				]
			}
		},
		"bones": {
			"bone": {
				"translate": [
					{ "time": 0, "x": 0, "y": 0 }
				]
			}
		}
	},
	"walk": {
		"slots": {
			"kuloubing04_dj_0000_": {
				"attachment": [
					{ "time": 0, "name": null }
				]
			},
			"kuloubing04_dj_0001_": {
				"attachment": [
					{ "time": 0, "name": null }
				]
			},
			"kuloubing04_dj_0002_": {
				"attachment": [
					{ "time": 0, "name": null }
				]
			},
			"kuloubing04_dj_0003_": {
				"attachment": [
					{ "time": 0, "name": null }
				]
			},
			"kuloubing04_dj_0004_": {
				"attachment": [
					{ "time": 0, "name": null }
				]
			},
			"kuloubing04_dj_0005_": {
				"attachment": [
					{ "time": 0, "name": null }
				]
			},
			"kuloubing04_dj_0006_": {
				"attachment": [
					{ "time": 0, "name": null }
				]
			},
			"kuloubing04_dj_0007_": {
				"attachment": [
					{ "time": 0, "name": null }
				]
			},
			"kuloubing04_dj_0008_": {
				"attachment": [
					{ "time": 0, "name": null }
				]
			},
			"kuloubing04_dj_0009_": {
				"attachment": [
					{ "time": 0, "name": null }
				]
			},
			"kuloubing04_dj_0010_": {
				"attachment": [
					{ "time": 0, "name": null }
				]
			},
			"kuloubing04_dj_0011_": {
				"attachment": [
					{ "time": 0, "name": null }
				]
			},
			"kuloubing04_dj_0012_": {
				"attachment": [
					{ "time": 0, "name": null }
				]
			},
			"kuloubing04_dj_0013_": {
				"attachment": [
					{ "time": 0, "name": null }
				]
			},
			"kuloubing04_dj_0014_": {
				"attachment": [
					{ "time": 0, "name": null }
				]
			},
			"kuloubing04_dj_0015_": {
				"attachment": [
					{ "time": 0, "name": null }
				]
			},
			"kuloubing04_dj_0016_": {
				"attachment": [
					{ "time": 0, "name": null }
				]
			},
			"kuloubing04_dj_0017_": {
				"attachment": [
					{ "time": 0, "name": null }
				]
			},
			"kuloubing04_dj_0018_": {
				"attachment": [
					{ "time": 0, "name": null }
				]
			},
			"kuloubing04_dj_0019_": {
				"attachment": [
					{ "time": 0, "name": null }
				]
			},
			"kuloubing04_dj_0020_": {
				"attachment": [
					{ "time": 0, "name": null }
				]
			},
			"kuloubing04_dj_0021_": {
				"attachment": [
					{ "time": 0, "name": null }
				]
			},
			"kuloubing04_dj_0022_": {
				"attachment": [
					{ "time": 0, "name": null }
				]
			},
			"kuloubing04_gj_0000_": {
				"attachment": [
					{ "time": 0, "name": null }
				]
			},
			"kuloubing04_gj_0001_": {
				"attachment": [
					{ "time": 0, "name": null }
				]
			},
			"kuloubing04_gj_0002_": {
				"attachment": [
					{ "time": 0, "name": null }
				]
			},
			"kuloubing04_gj_0003_": {
				"attachment": [
					{ "time": 0, "name": null }
				]
			},
			"kuloubing04_gj_0004_": {
				"attachment": [
					{ "time": 0, "name": null }
				]
			},
			"kuloubing04_gj_0005_": {
				"attachment": [
					{ "time": 0, "name": null }
				]
			},
			"kuloubing04_gj_0006_": {
				"attachment": [
					{ "time": 0, "name": null }
				]
			},
			"kuloubing04_gj_0007_": {
				"attachment": [
					{ "time": 0, "name": null }
				]
			},
			"kuloubing04_gj_0008_": {
				"attachment": [
					{ "time": 0, "name": null }
				]
			},
			"kuloubing04_gj_0009_": {
				"attachment": [
					{ "time": 0, "name": null }
				]
			},
			"kuloubing04_gj_0010_": {
				"attachment": [
					{ "time": 0, "name": null }
				]
			},
			"kuloubing04_gj_0011_": {
				"attachment": [
					{ "time": 0, "name": null }
				]
			},
			"kuloubing04_gj_0012_": {
				"attachment": [
					{ "time": 0, "name": null }
				]
			},
			"kuloubing04_gj_0013_": {
				"attachment": [
					{ "time": 0, "name": null }
				]
			},
			"kuloubing04_gj_0014_": {
				"attachment": [
					{ "time": 0, "name": null }
				]
			},
			"kuloubing04_gj_0015_": {
				"attachment": [
					{ "time": 0, "name": null }
				]
			},
			"kuloubing04_gj_0016_": {
				"attachment": [
					{ "time": 0, "name": null }
				]
			},
			"kuloubing04_gj_0017_": {
				"attachment": [
					{ "time": 0, "name": null }
				]
			},
			"kuloubing04_gj_0018_": {
				"attachment": [
					{ "time": 0, "name": null }
				]
			},
			"kuloubing04_gj_0019_": {
				"attachment": [
					{ "time": 0, "name": null }
				]
			},
			"kuloubing04_gj_0020_": {
				"attachment": [
					{ "time": 0, "name": null }
				]
			},
			"kuloubing04_walk_0000_": {
				"attachment": [
					{ "time": 0, "name": "kuloubing04_walk_0000_" },
					{ "time": 0.0666, "name": null }
				]
			},
			"kuloubing04_walk_0001_": {
				"attachment": [
					{ "time": 0, "name": null },
					{ "time": 0.0666, "name": "kuloubing04_walk_0001_" },
					{ "time": 0.1333, "name": null }
				]
			},
			"kuloubing04_walk_0002_": {
				"attachment": [
					{ "time": 0, "name": null },
					{ "time": 0.1333, "name": "kuloubing04_walk_0002_" },
					{ "time": 0.2, "name": null }
				]
			},
			"kuloubing04_walk_0003_": {
				"attachment": [
					{ "time": 0, "name": null },
					{ "time": 0.2, "name": "kuloubing04_walk_0003_" },
					{ "time": 0.2666, "name": null }
				]
			},
			"kuloubing04_walk_0004_": {
				"attachment": [
					{ "time": 0, "name": null },
					{ "time": 0.2666, "name": "kuloubing04_walk_0004_" },
					{ "time": 0.3333, "name": null }
				]
			},
			"kuloubing04_walk_0005_": {
				"attachment": [
					{ "time": 0, "name": null },
					{ "time": 0.3333, "name": "kuloubing04_walk_0005_" },
					{ "time": 0.4, "name": null }
				]
			},
			"kuloubing04_walk_0006_": {
				"attachment": [
					{ "time": 0, "name": null },
					{ "time": 0.4, "name": "kuloubing04_walk_0006_" },
					{ "time": 0.4666, "name": null }
				]
			},
			"kuloubing04_walk_0007_": {
				"attachment": [
					{ "time": 0, "name": null },
					{ "time": 0.4666, "name": "kuloubing04_walk_0007_" },
					{ "time": 0.5333, "name": null }
				]
			},
			"kuloubing04_walk_0008_": {
				"attachment": [
					{ "time": 0, "name": null },
					{ "time": 0.5333, "name": "kuloubing04_walk_0008_" },
					{ "time": 0.6, "name": null }
				]
			},
			"kuloubing04_walk_0009_": {
				"attachment": [
					{ "time": 0, "name": null },
					{ "time": 0.6, "name": "kuloubing04_walk_0009_" },
					{ "time": 0.6666, "name": null }
				]
			},
			"kuloubing04_walk_0010_": {
				"attachment": [
					{ "time": 0, "name": null },
					{ "time": 0.6666, "name": "kuloubing04_walk_0010_" },
					{ "time": 0.7333, "name": null }
				]
			},
			"kuloubing04_walk_0011_": {
				"attachment": [
					{ "time": 0, "name": null },
					{ "time": 0.7333, "name": "kuloubing04_walk_0011_" },
					{ "time": 0.8, "name": null }
				]
			},
			"kuloubing04_walk_0012_": {
				"attachment": [
					{ "time": 0, "name": null },
					{ "time": 0.8, "name": "kuloubing04_walk_0012_" },
					{ "time": 0.8666, "name": null }
				]
			},
			"kuloubing04_walk_0013_": {
				"attachment": [
					{ "time": 0, "name": null },
					{ "time": 0.8666, "name": "kuloubing04_walk_0013_" },
					{ "time": 0.9333, "name": null }
				]
			},
			"kuloubing04_walk_0014_": {
				"attachment": [
					{ "time": 0, "name": null },
					{ "time": 0.9333, "name": "kuloubing04_walk_0014_" },
					{ "time": 1, "name": null }
				]
			},
			"kuloubing04_walk_0015_": {
				"attachment": [
					{ "time": 0, "name": null },
					{ "time": 1, "name": "kuloubing04_walk_0015_" },
					{ "time": 1.0666, "name": null }
				]
			},
			"kuloubing04_walk_0016_": {
				"attachment": [
					{ "time": 0, "name": null },
					{ "time": 1.0666, "name": "kuloubing04_walk_0016_" }
				]
			}
		},
		"bones": {
			"bone": {
				"translate": [
					{ "time": 0, "x": 0, "y": 0 }
				]
			}
		}
	}
}
}