{"skeleton":{"hash":"gM2cYhQRitgruuXIzHywpP3gvFw","spine":"3.7.94","width":0,"height":0,"images":"./images/","audio":"F:/COK项目/Spine工程/节日皮肤—虎年春节Spine/虎年皮肤_Spine/hncj_idle_B"},"bones":[{"name":"root"},{"name":"ctr","parent":"root","scaleX":1.25,"scaleY":1.25},{"name":"hncjidle_UL_","parent":"ctr"},{"name":"hncjidle_UR_","parent":"ctr"},{"name":"hncjidle_DL_","parent":"ctr"},{"name":"hncjidle_DR_","parent":"ctr"}],"slots":[{"name":"hncjidle_UL_","bone":"hncjidle_UL_"},{"name":"hncjidle_UR_","bone":"hncjidle_UR_"},{"name":"hncjidle_DL_","bone":"hncjidle_DL_"},{"name":"hncjidle_DR_","bone":"hncjidle_DR_"}],"skins":{"default":{"hncjidle_DL_":{"hncjidle_DL_00093_":{"x":-196.5,"y":-222.5,"width":393,"height":445},"hncjidle_DL_00096_":{"x":-196.5,"y":-222.5,"width":393,"height":445},"hncjidle_DL_00099_":{"x":-196.5,"y":-222.5,"width":393,"height":445},"hncjidle_DL_00102_":{"x":-196.5,"y":-222.5,"width":393,"height":445},"hncjidle_DL_00105_":{"x":-196.5,"y":-222.5,"width":393,"height":445},"hncjidle_DL_00108_":{"x":-196.5,"y":-222.5,"width":393,"height":445},"hncjidle_DL_00111_":{"x":-196.5,"y":-222.5,"width":393,"height":445},"hncjidle_DL_00114_":{"x":-196.5,"y":-222.5,"width":393,"height":445},"hncjidle_DL_00117_":{"x":-196.5,"y":-222.5,"width":393,"height":445},"hncjidle_DL_00120_":{"x":-196.5,"y":-222.5,"width":393,"height":445},"hncjidle_DL_00123_":{"x":-196.5,"y":-222.5,"width":393,"height":445},"hncjidle_DL_00126_":{"x":-196.5,"y":-222.5,"width":393,"height":445},"hncjidle_DL_00129_":{"x":-196.5,"y":-222.5,"width":393,"height":445},"hncjidle_DL_00132_":{"x":-196.5,"y":-222.5,"width":393,"height":445},"hncjidle_DL_00135_":{"x":-196.5,"y":-222.5,"width":393,"height":445},"hncjidle_DL_00138_":{"x":-196.5,"y":-222.5,"width":393,"height":445},"hncjidle_DL_00141_":{"x":-196.5,"y":-222.5,"width":393,"height":445}},"hncjidle_DR_":{"hncjidle_DR_00093_":{"x":223.5,"y":-222.5,"width":447,"height":445},"hncjidle_DR_00096_":{"x":223.5,"y":-222.5,"width":447,"height":445},"hncjidle_DR_00099_":{"x":223.5,"y":-222.5,"width":447,"height":445},"hncjidle_DR_00102_":{"x":223.5,"y":-222.5,"width":447,"height":445},"hncjidle_DR_00105_":{"x":223.5,"y":-222.5,"width":447,"height":445},"hncjidle_DR_00108_":{"x":223.5,"y":-222.5,"width":447,"height":445},"hncjidle_DR_00111_":{"x":223.5,"y":-222.5,"width":447,"height":445},"hncjidle_DR_00114_":{"x":223.5,"y":-222.5,"width":447,"height":445},"hncjidle_DR_00117_":{"x":223.5,"y":-222.5,"width":447,"height":445},"hncjidle_DR_00120_":{"x":223.5,"y":-222.5,"width":447,"height":445},"hncjidle_DR_00123_":{"x":223.5,"y":-222.5,"width":447,"height":445},"hncjidle_DR_00126_":{"x":223.5,"y":-222.5,"width":447,"height":445},"hncjidle_DR_00129_":{"x":223.5,"y":-222.5,"width":447,"height":445},"hncjidle_DR_00132_":{"x":223.5,"y":-222.5,"width":447,"height":445},"hncjidle_DR_00135_":{"x":223.5,"y":-222.5,"width":447,"height":445},"hncjidle_DR_00138_":{"x":223.5,"y":-222.5,"width":447,"height":445},"hncjidle_DR_00141_":{"x":223.5,"y":-222.5,"width":447,"height":445}},"hncjidle_UL_":{"hncjidle_UL_00093_":{"x":-196.5,"y":197.5,"width":393,"height":395},"hncjidle_UL_00096_":{"x":-196.5,"y":197.5,"width":393,"height":395},"hncjidle_UL_00099_":{"x":-196.5,"y":197.5,"width":393,"height":395},"hncjidle_UL_00102_":{"x":-196.5,"y":197.5,"width":393,"height":395},"hncjidle_UL_00105_":{"x":-196.5,"y":197.5,"width":393,"height":395},"hncjidle_UL_00108_":{"x":-196.5,"y":197.5,"width":393,"height":395},"hncjidle_UL_00111_":{"x":-196.5,"y":197.5,"width":393,"height":395},"hncjidle_UL_00114_":{"x":-196.5,"y":197.5,"width":393,"height":395},"hncjidle_UL_00117_":{"x":-196.5,"y":197.5,"width":393,"height":395},"hncjidle_UL_00120_":{"x":-196.5,"y":197.5,"width":393,"height":395},"hncjidle_UL_00123_":{"x":-196.5,"y":197.5,"width":393,"height":395},"hncjidle_UL_00126_":{"x":-196.5,"y":197.5,"width":393,"height":395},"hncjidle_UL_00129_":{"x":-196.5,"y":197.5,"width":393,"height":395},"hncjidle_UL_00132_":{"x":-196.5,"y":197.5,"width":393,"height":395},"hncjidle_UL_00135_":{"x":-196.5,"y":197.5,"width":393,"height":395},"hncjidle_UL_00138_":{"x":-196.5,"y":197.5,"width":393,"height":395},"hncjidle_UL_00141_":{"x":-196.5,"y":197.5,"width":393,"height":395}},"hncjidle_UR_":{"hncjidle_UR_00093_":{"x":223.5,"y":197.5,"width":447,"height":395},"hncjidle_UR_00096_":{"x":223.5,"y":197.5,"width":447,"height":395},"hncjidle_UR_00099_":{"x":223.5,"y":197.5,"width":447,"height":395},"hncjidle_UR_00102_":{"x":223.5,"y":197.5,"width":447,"height":395},"hncjidle_UR_00105_":{"x":223.5,"y":197.5,"width":447,"height":395},"hncjidle_UR_00108_":{"x":223.5,"y":197.5,"width":447,"height":395},"hncjidle_UR_00111_":{"x":223.5,"y":197.5,"width":447,"height":395},"hncjidle_UR_00114_":{"x":223.5,"y":197.5,"width":447,"height":395},"hncjidle_UR_00117_":{"x":223.5,"y":197.5,"width":447,"height":395},"hncjidle_UR_00120_":{"x":223.5,"y":197.5,"width":447,"height":395},"hncjidle_UR_00123_":{"x":223.5,"y":197.5,"width":447,"height":395},"hncjidle_UR_00126_":{"x":223.5,"y":197.5,"width":447,"height":395},"hncjidle_UR_00129_":{"x":223.5,"y":197.5,"width":447,"height":395},"hncjidle_UR_00132_":{"x":223.5,"y":197.5,"width":447,"height":395},"hncjidle_UR_00135_":{"x":223.5,"y":197.5,"width":447,"height":395},"hncjidle_UR_00138_":{"x":223.5,"y":197.5,"width":447,"height":395},"hncjidle_UR_00141_":{"x":223.5,"y":197.5,"width":447,"height":395}}}},"animations":{"animation":{"slots":{"hncjidle_DL_":{"attachment":[{"time":3.1,"name":"hncjidle_DL_00093_"},{"time":3.2,"name":"hncjidle_DL_00096_"},{"time":3.3,"name":"hncjidle_DL_00099_"},{"time":3.4,"name":"hncjidle_DL_00102_"},{"time":3.5,"name":"hncjidle_DL_00105_"},{"time":3.6,"name":"hncjidle_DL_00108_"},{"time":3.7,"name":"hncjidle_DL_00111_"},{"time":3.8,"name":"hncjidle_DL_00114_"},{"time":3.9,"name":"hncjidle_DL_00117_"},{"time":4,"name":"hncjidle_DL_00120_"},{"time":4.1,"name":"hncjidle_DL_00123_"},{"time":4.2,"name":"hncjidle_DL_00126_"},{"time":4.3,"name":"hncjidle_DL_00129_"},{"time":4.4,"name":"hncjidle_DL_00132_"},{"time":4.5,"name":"hncjidle_DL_00135_"},{"time":4.6,"name":"hncjidle_DL_00138_"},{"time":4.7,"name":"hncjidle_DL_00141_"},{"time":4.8,"name":null}]},"hncjidle_DR_":{"attachment":[{"time":3.1,"name":"hncjidle_DR_00093_"},{"time":3.2,"name":"hncjidle_DR_00096_"},{"time":3.3,"name":"hncjidle_DR_00099_"},{"time":3.4,"name":"hncjidle_DR_00102_"},{"time":3.5,"name":"hncjidle_DR_00105_"},{"time":3.6,"name":"hncjidle_DR_00108_"},{"time":3.7,"name":"hncjidle_DR_00111_"},{"time":3.8,"name":"hncjidle_DR_00114_"},{"time":3.9,"name":"hncjidle_DR_00117_"},{"time":4,"name":"hncjidle_DR_00120_"},{"time":4.1,"name":"hncjidle_DR_00123_"},{"time":4.2,"name":"hncjidle_DR_00126_"},{"time":4.3,"name":"hncjidle_DR_00129_"},{"time":4.4,"name":"hncjidle_DR_00132_"},{"time":4.5,"name":"hncjidle_DR_00135_"},{"time":4.6,"name":"hncjidle_DR_00138_"},{"time":4.7,"name":"hncjidle_DR_00141_"},{"time":4.8,"name":null}]},"hncjidle_UL_":{"attachment":[{"time":3.1,"name":"hncjidle_UL_00093_"},{"time":3.2,"name":"hncjidle_UL_00096_"},{"time":3.3,"name":"hncjidle_UL_00099_"},{"time":3.4,"name":"hncjidle_UL_00102_"},{"time":3.5,"name":"hncjidle_UL_00105_"},{"time":3.6,"name":"hncjidle_UL_00108_"},{"time":3.7,"name":"hncjidle_UL_00111_"},{"time":3.8,"name":"hncjidle_UL_00114_"},{"time":3.9,"name":"hncjidle_UL_00117_"},{"time":4,"name":"hncjidle_UL_00120_"},{"time":4.1,"name":"hncjidle_UL_00123_"},{"time":4.2,"name":"hncjidle_UL_00126_"},{"time":4.3,"name":"hncjidle_UL_00129_"},{"time":4.4,"name":"hncjidle_UL_00132_"},{"time":4.5,"name":"hncjidle_UL_00135_"},{"time":4.6,"name":"hncjidle_UL_00138_"},{"time":4.7,"name":"hncjidle_UL_00141_"},{"time":4.8,"name":null}]},"hncjidle_UR_":{"attachment":[{"time":3.1,"name":"hncjidle_UR_00093_"},{"time":3.2,"name":"hncjidle_UR_00096_"},{"time":3.3,"name":"hncjidle_UR_00099_"},{"time":3.4,"name":"hncjidle_UR_00102_"},{"time":3.5,"name":"hncjidle_UR_00105_"},{"time":3.6,"name":"hncjidle_UR_00108_"},{"time":3.7,"name":"hncjidle_UR_00111_"},{"time":3.8,"name":"hncjidle_UR_00114_"},{"time":3.9,"name":"hncjidle_UR_00117_"},{"time":4,"name":"hncjidle_UR_00120_"},{"time":4.1,"name":"hncjidle_UR_00123_"},{"time":4.2,"name":"hncjidle_UR_00126_"},{"time":4.3,"name":"hncjidle_UR_00129_"},{"time":4.4,"name":"hncjidle_UR_00132_"},{"time":4.5,"name":"hncjidle_UR_00135_"},{"time":4.6,"name":"hncjidle_UR_00138_"},{"time":4.7,"name":"hncjidle_UR_00141_"},{"time":4.8,"name":null},{"time":6.7,"name":null}]}},"bones":{"ctr":{"translate":[{"time":0,"x":-18,"y":135}]}}}}}