{"skeleton":{"hash":"2V3spCtgQhmSzMmw/ZgO9KwKjX4","spine":"3.7.94","width":0,"height":0,"images":"./images/","audio":"F:/COK项目/Spine工程/外包皮肤—3个盲盒/盲盒主教_Spine/mhzj_idle_A"},"bones":[{"name":"root"},{"name":"ctr","parent":"root","scaleX":1.25,"scaleY":1.25},{"name":"mhzjidle_UL_","parent":"ctr"},{"name":"mhzjidle_UR_","parent":"ctr"},{"name":"mhzjidle_DL_","parent":"ctr"},{"name":"mhzjidle_DR_","parent":"ctr"}],"slots":[{"name":"mhzjidle_UL_","bone":"mhzjidle_UL_"},{"name":"mhzjidle_UR_","bone":"mhzjidle_UR_"},{"name":"mhzjidle_DL_","bone":"mhzjidle_DL_"},{"name":"mhzjidle_DR_","bone":"mhzjidle_DR_"}],"skins":{"default":{"mhzjidle_DL_":{"mhzjidle_DL_0000_":{"x":-171.5,"y":-205,"width":343,"height":410},"mhzjidle_DL_0003_":{"x":-171.5,"y":-205,"width":343,"height":410},"mhzjidle_DL_0006_":{"x":-171.5,"y":-205,"width":343,"height":410},"mhzjidle_DL_0009_":{"x":-171.5,"y":-205,"width":343,"height":410},"mhzjidle_DL_0012_":{"x":-171.5,"y":-205,"width":343,"height":410},"mhzjidle_DL_0015_":{"x":-171.5,"y":-205,"width":343,"height":410},"mhzjidle_DL_0018_":{"x":-171.5,"y":-205,"width":343,"height":410},"mhzjidle_DL_0021_":{"x":-171.5,"y":-205,"width":343,"height":410},"mhzjidle_DL_0024_":{"x":-171.5,"y":-205,"width":343,"height":410},"mhzjidle_DL_0027_":{"x":-171.5,"y":-205,"width":343,"height":410},"mhzjidle_DL_0030_":{"x":-171.5,"y":-205,"width":343,"height":410},"mhzjidle_DL_0033_":{"x":-171.5,"y":-205,"width":343,"height":410},"mhzjidle_DL_0036_":{"x":-171.5,"y":-205,"width":343,"height":410},"mhzjidle_DL_0039_":{"x":-171.5,"y":-205,"width":343,"height":410},"mhzjidle_DL_0042_":{"x":-171.5,"y":-205,"width":343,"height":410},"mhzjidle_DL_0045_":{"x":-171.5,"y":-205,"width":343,"height":410},"mhzjidle_DL_0048_":{"x":-171.5,"y":-205,"width":343,"height":410},"mhzjidle_DL_0051_":{"x":-171.5,"y":-205,"width":343,"height":410},"mhzjidle_DL_0054_":{"x":-171.5,"y":-205,"width":343,"height":410},"mhzjidle_DL_0057_":{"x":-171.5,"y":-205,"width":343,"height":410},"mhzjidle_DL_0060_":{"x":-171.5,"y":-205,"width":343,"height":410},"mhzjidle_DL_0063_":{"x":-171.5,"y":-205,"width":343,"height":410},"mhzjidle_DL_0066_":{"x":-171.5,"y":-205,"width":343,"height":410},"mhzjidle_DL_0069_":{"x":-171.5,"y":-205,"width":343,"height":410},"mhzjidle_DL_0072_":{"x":-171.5,"y":-205,"width":343,"height":410},"mhzjidle_DL_0075_":{"x":-171.5,"y":-205,"width":343,"height":410},"mhzjidle_DL_0078_":{"x":-171.5,"y":-205,"width":343,"height":410},"mhzjidle_DL_0081_":{"x":-171.5,"y":-205,"width":343,"height":410},"mhzjidle_DL_0084_":{"x":-171.5,"y":-205,"width":343,"height":410},"mhzjidle_DL_0087_":{"x":-171.5,"y":-205,"width":343,"height":410},"mhzjidle_DL_0090_":{"x":-171.5,"y":-205,"width":343,"height":410},"mhzjidle_DL_0093_":{"x":-171.5,"y":-205,"width":343,"height":410},"mhzjidle_DL_0096_":{"x":-171.5,"y":-205,"width":343,"height":410},"mhzjidle_DL_0099_":{"x":-171.5,"y":-205,"width":343,"height":410},"mhzjidle_DL_0102_":{"x":-171.5,"y":-205,"width":343,"height":410},"mhzjidle_DL_0105_":{"x":-171.5,"y":-205,"width":343,"height":410},"mhzjidle_DL_0108_":{"x":-171.5,"y":-205,"width":343,"height":410},"mhzjidle_DL_0111_":{"x":-171.5,"y":-205,"width":343,"height":410},"mhzjidle_DL_0114_":{"x":-171.5,"y":-205,"width":343,"height":410},"mhzjidle_DL_0117_":{"x":-171.5,"y":-205,"width":343,"height":410},"mhzjidle_DL_0120_":{"x":-171.5,"y":-205,"width":343,"height":410},"mhzjidle_DL_0123_":{"x":-171.5,"y":-205,"width":343,"height":410},"mhzjidle_DL_0126_":{"x":-171.5,"y":-205,"width":343,"height":410},"mhzjidle_DL_0129_":{"x":-171.5,"y":-205,"width":343,"height":410},"mhzjidle_DL_0132_":{"x":-171.5,"y":-205,"width":343,"height":410},"mhzjidle_DL_0135_":{"x":-171.5,"y":-205,"width":343,"height":410},"mhzjidle_DL_0138_":{"x":-171.5,"y":-205,"width":343,"height":410},"mhzjidle_DL_0141_":{"x":-171.5,"y":-205,"width":343,"height":410},"mhzjidle_DL_0144_":{"x":-171.5,"y":-205,"width":343,"height":410},"mhzjidle_DL_0147_":{"x":-171.5,"y":-205,"width":343,"height":410},"mhzjidle_DL_0150_":{"x":-171.5,"y":-205,"width":343,"height":410},"mhzjidle_DL_0153_":{"x":-171.5,"y":-205,"width":343,"height":410},"mhzjidle_DL_0156_":{"x":-171.5,"y":-205,"width":343,"height":410},"mhzjidle_DL_0159_":{"x":-171.5,"y":-205,"width":343,"height":410},"mhzjidle_DL_0160_":{"x":-171.5,"y":-205,"width":343,"height":410}},"mhzjidle_DR_":{"mhzjidle_DR_0000_":{"x":228.5,"y":-205,"width":457,"height":410},"mhzjidle_DR_0003_":{"x":228.5,"y":-205,"width":457,"height":410},"mhzjidle_DR_0006_":{"x":228.5,"y":-205,"width":457,"height":410},"mhzjidle_DR_0009_":{"x":228.5,"y":-205,"width":457,"height":410},"mhzjidle_DR_0012_":{"x":228.5,"y":-205,"width":457,"height":410},"mhzjidle_DR_0015_":{"x":228.5,"y":-205,"width":457,"height":410},"mhzjidle_DR_0018_":{"x":228.5,"y":-205,"width":457,"height":410},"mhzjidle_DR_0021_":{"x":228.5,"y":-205,"width":457,"height":410},"mhzjidle_DR_0024_":{"x":228.5,"y":-205,"width":457,"height":410},"mhzjidle_DR_0027_":{"x":228.5,"y":-205,"width":457,"height":410},"mhzjidle_DR_0030_":{"x":228.5,"y":-205,"width":457,"height":410},"mhzjidle_DR_0033_":{"x":228.5,"y":-205,"width":457,"height":410},"mhzjidle_DR_0036_":{"x":228.5,"y":-205,"width":457,"height":410},"mhzjidle_DR_0039_":{"x":228.5,"y":-205,"width":457,"height":410},"mhzjidle_DR_0042_":{"x":228.5,"y":-205,"width":457,"height":410},"mhzjidle_DR_0045_":{"x":228.5,"y":-205,"width":457,"height":410},"mhzjidle_DR_0048_":{"x":228.5,"y":-205,"width":457,"height":410},"mhzjidle_DR_0051_":{"x":228.5,"y":-205,"width":457,"height":410},"mhzjidle_DR_0054_":{"x":228.5,"y":-205,"width":457,"height":410},"mhzjidle_DR_0057_":{"x":228.5,"y":-205,"width":457,"height":410},"mhzjidle_DR_0060_":{"x":228.5,"y":-205,"width":457,"height":410},"mhzjidle_DR_0063_":{"x":228.5,"y":-205,"width":457,"height":410},"mhzjidle_DR_0066_":{"x":228.5,"y":-205,"width":457,"height":410},"mhzjidle_DR_0069_":{"x":228.5,"y":-205,"width":457,"height":410},"mhzjidle_DR_0072_":{"x":228.5,"y":-205,"width":457,"height":410},"mhzjidle_DR_0075_":{"x":228.5,"y":-205,"width":457,"height":410},"mhzjidle_DR_0078_":{"x":228.5,"y":-205,"width":457,"height":410},"mhzjidle_DR_0081_":{"x":228.5,"y":-205,"width":457,"height":410},"mhzjidle_DR_0084_":{"x":228.5,"y":-205,"width":457,"height":410},"mhzjidle_DR_0087_":{"x":228.5,"y":-205,"width":457,"height":410},"mhzjidle_DR_0090_":{"x":228.5,"y":-205,"width":457,"height":410},"mhzjidle_DR_0093_":{"x":228.5,"y":-205,"width":457,"height":410},"mhzjidle_DR_0096_":{"x":228.5,"y":-205,"width":457,"height":410},"mhzjidle_DR_0099_":{"x":228.5,"y":-205,"width":457,"height":410},"mhzjidle_DR_0102_":{"x":228.5,"y":-205,"width":457,"height":410},"mhzjidle_DR_0105_":{"x":228.5,"y":-205,"width":457,"height":410},"mhzjidle_DR_0108_":{"x":228.5,"y":-205,"width":457,"height":410},"mhzjidle_DR_0111_":{"x":228.5,"y":-205,"width":457,"height":410},"mhzjidle_DR_0114_":{"x":228.5,"y":-205,"width":457,"height":410},"mhzjidle_DR_0117_":{"x":228.5,"y":-205,"width":457,"height":410},"mhzjidle_DR_0120_":{"x":228.5,"y":-205,"width":457,"height":410},"mhzjidle_DR_0123_":{"x":228.5,"y":-205,"width":457,"height":410},"mhzjidle_DR_0126_":{"x":228.5,"y":-205,"width":457,"height":410},"mhzjidle_DR_0129_":{"x":228.5,"y":-205,"width":457,"height":410},"mhzjidle_DR_0132_":{"x":228.5,"y":-205,"width":457,"height":410},"mhzjidle_DR_0135_":{"x":228.5,"y":-205,"width":457,"height":410},"mhzjidle_DR_0138_":{"x":228.5,"y":-205,"width":457,"height":410},"mhzjidle_DR_0141_":{"x":228.5,"y":-205,"width":457,"height":410},"mhzjidle_DR_0144_":{"x":228.5,"y":-205,"width":457,"height":410},"mhzjidle_DR_0147_":{"x":228.5,"y":-205,"width":457,"height":410},"mhzjidle_DR_0150_":{"x":228.5,"y":-205,"width":457,"height":410},"mhzjidle_DR_0153_":{"x":228.5,"y":-205,"width":457,"height":410},"mhzjidle_DR_0156_":{"x":228.5,"y":-205,"width":457,"height":410},"mhzjidle_DR_0159_":{"x":228.5,"y":-205,"width":457,"height":410},"mhzjidle_DR_0160_":{"x":228.5,"y":-205,"width":457,"height":410}},"mhzjidle_UL_":{"mhzjidle_UL_0000_":{"x":-171.5,"y":195,"width":343,"height":390},"mhzjidle_UL_0003_":{"x":-171.5,"y":195,"width":343,"height":390},"mhzjidle_UL_0006_":{"x":-171.5,"y":195,"width":343,"height":390},"mhzjidle_UL_0009_":{"x":-171.5,"y":195,"width":343,"height":390},"mhzjidle_UL_0012_":{"x":-171.5,"y":195,"width":343,"height":390},"mhzjidle_UL_0015_":{"x":-171.5,"y":195,"width":343,"height":390},"mhzjidle_UL_0018_":{"x":-171.5,"y":195,"width":343,"height":390},"mhzjidle_UL_0021_":{"x":-171.5,"y":195,"width":343,"height":390},"mhzjidle_UL_0024_":{"x":-171.5,"y":195,"width":343,"height":390},"mhzjidle_UL_0027_":{"x":-171.5,"y":195,"width":343,"height":390},"mhzjidle_UL_0030_":{"x":-171.5,"y":195,"width":343,"height":390},"mhzjidle_UL_0033_":{"x":-171.5,"y":195,"width":343,"height":390},"mhzjidle_UL_0036_":{"x":-171.5,"y":195,"width":343,"height":390},"mhzjidle_UL_0039_":{"x":-171.5,"y":195,"width":343,"height":390},"mhzjidle_UL_0042_":{"x":-171.5,"y":195,"width":343,"height":390},"mhzjidle_UL_0045_":{"x":-171.5,"y":195,"width":343,"height":390},"mhzjidle_UL_0048_":{"x":-171.5,"y":195,"width":343,"height":390},"mhzjidle_UL_0051_":{"x":-171.5,"y":195,"width":343,"height":390},"mhzjidle_UL_0054_":{"x":-171.5,"y":195,"width":343,"height":390},"mhzjidle_UL_0057_":{"x":-171.5,"y":195,"width":343,"height":390},"mhzjidle_UL_0060_":{"x":-171.5,"y":195,"width":343,"height":390},"mhzjidle_UL_0063_":{"x":-171.5,"y":195,"width":343,"height":390},"mhzjidle_UL_0066_":{"x":-171.5,"y":195,"width":343,"height":390},"mhzjidle_UL_0069_":{"x":-171.5,"y":195,"width":343,"height":390},"mhzjidle_UL_0072_":{"x":-171.5,"y":195,"width":343,"height":390},"mhzjidle_UL_0075_":{"x":-171.5,"y":195,"width":343,"height":390},"mhzjidle_UL_0078_":{"x":-171.5,"y":195,"width":343,"height":390},"mhzjidle_UL_0081_":{"x":-171.5,"y":195,"width":343,"height":390},"mhzjidle_UL_0084_":{"x":-171.5,"y":195,"width":343,"height":390},"mhzjidle_UL_0087_":{"x":-171.5,"y":195,"width":343,"height":390},"mhzjidle_UL_0090_":{"x":-171.5,"y":195,"width":343,"height":390},"mhzjidle_UL_0093_":{"x":-171.5,"y":195,"width":343,"height":390},"mhzjidle_UL_0096_":{"x":-171.5,"y":195,"width":343,"height":390},"mhzjidle_UL_0099_":{"x":-171.5,"y":195,"width":343,"height":390},"mhzjidle_UL_0102_":{"x":-171.5,"y":195,"width":343,"height":390},"mhzjidle_UL_0105_":{"x":-171.5,"y":195,"width":343,"height":390},"mhzjidle_UL_0108_":{"x":-171.5,"y":195,"width":343,"height":390},"mhzjidle_UL_0111_":{"x":-171.5,"y":195,"width":343,"height":390},"mhzjidle_UL_0114_":{"x":-171.5,"y":195,"width":343,"height":390},"mhzjidle_UL_0117_":{"x":-171.5,"y":195,"width":343,"height":390},"mhzjidle_UL_0120_":{"x":-171.5,"y":195,"width":343,"height":390},"mhzjidle_UL_0123_":{"x":-171.5,"y":195,"width":343,"height":390},"mhzjidle_UL_0126_":{"x":-171.5,"y":195,"width":343,"height":390},"mhzjidle_UL_0129_":{"x":-171.5,"y":195,"width":343,"height":390},"mhzjidle_UL_0132_":{"x":-171.5,"y":195,"width":343,"height":390},"mhzjidle_UL_0135_":{"x":-171.5,"y":195,"width":343,"height":390},"mhzjidle_UL_0138_":{"x":-171.5,"y":195,"width":343,"height":390},"mhzjidle_UL_0141_":{"x":-171.5,"y":195,"width":343,"height":390},"mhzjidle_UL_0144_":{"x":-171.5,"y":195,"width":343,"height":390},"mhzjidle_UL_0147_":{"x":-171.5,"y":195,"width":343,"height":390},"mhzjidle_UL_0150_":{"x":-171.5,"y":195,"width":343,"height":390},"mhzjidle_UL_0153_":{"x":-171.5,"y":195,"width":343,"height":390},"mhzjidle_UL_0156_":{"x":-171.5,"y":195,"width":343,"height":390},"mhzjidle_UL_0159_":{"x":-171.5,"y":195,"width":343,"height":390},"mhzjidle_UL_0160_":{"x":-171.5,"y":195,"width":343,"height":390}},"mhzjidle_UR_":{"mhzjidle_UR_0000_":{"x":228.5,"y":195,"width":457,"height":390},"mhzjidle_UR_0003_":{"x":228.5,"y":195,"width":457,"height":390},"mhzjidle_UR_0006_":{"x":228.5,"y":195,"width":457,"height":390},"mhzjidle_UR_0009_":{"x":228.5,"y":195,"width":457,"height":390},"mhzjidle_UR_0012_":{"x":228.5,"y":195,"width":457,"height":390},"mhzjidle_UR_0015_":{"x":228.5,"y":195,"width":457,"height":390},"mhzjidle_UR_0018_":{"x":228.5,"y":195,"width":457,"height":390},"mhzjidle_UR_0021_":{"x":228.5,"y":195,"width":457,"height":390},"mhzjidle_UR_0024_":{"x":228.5,"y":195,"width":457,"height":390},"mhzjidle_UR_0027_":{"x":228.5,"y":195,"width":457,"height":390},"mhzjidle_UR_0030_":{"x":228.5,"y":195,"width":457,"height":390},"mhzjidle_UR_0033_":{"x":228.5,"y":195,"width":457,"height":390},"mhzjidle_UR_0036_":{"x":228.5,"y":195,"width":457,"height":390},"mhzjidle_UR_0039_":{"x":228.5,"y":195,"width":457,"height":390},"mhzjidle_UR_0042_":{"x":228.5,"y":195,"width":457,"height":390},"mhzjidle_UR_0045_":{"x":228.5,"y":195,"width":457,"height":390},"mhzjidle_UR_0048_":{"x":228.5,"y":195,"width":457,"height":390},"mhzjidle_UR_0051_":{"x":228.5,"y":195,"width":457,"height":390},"mhzjidle_UR_0054_":{"x":228.5,"y":195,"width":457,"height":390},"mhzjidle_UR_0057_":{"x":228.5,"y":195,"width":457,"height":390},"mhzjidle_UR_0060_":{"x":228.5,"y":195,"width":457,"height":390},"mhzjidle_UR_0063_":{"x":228.5,"y":195,"width":457,"height":390},"mhzjidle_UR_0066_":{"x":228.5,"y":195,"width":457,"height":390},"mhzjidle_UR_0069_":{"x":228.5,"y":195,"width":457,"height":390},"mhzjidle_UR_0072_":{"x":228.5,"y":195,"width":457,"height":390},"mhzjidle_UR_0075_":{"x":228.5,"y":195,"width":457,"height":390},"mhzjidle_UR_0078_":{"x":228.5,"y":195,"width":457,"height":390},"mhzjidle_UR_0081_":{"x":228.5,"y":195,"width":457,"height":390},"mhzjidle_UR_0084_":{"x":228.5,"y":195,"width":457,"height":390},"mhzjidle_UR_0087_":{"x":228.5,"y":195,"width":457,"height":390},"mhzjidle_UR_0090_":{"x":228.5,"y":195,"width":457,"height":390},"mhzjidle_UR_0093_":{"x":228.5,"y":195,"width":457,"height":390},"mhzjidle_UR_0096_":{"x":228.5,"y":195,"width":457,"height":390},"mhzjidle_UR_0099_":{"x":228.5,"y":195,"width":457,"height":390},"mhzjidle_UR_0102_":{"x":228.5,"y":195,"width":457,"height":390},"mhzjidle_UR_0105_":{"x":228.5,"y":195,"width":457,"height":390},"mhzjidle_UR_0108_":{"x":228.5,"y":195,"width":457,"height":390},"mhzjidle_UR_0111_":{"x":228.5,"y":195,"width":457,"height":390},"mhzjidle_UR_0114_":{"x":228.5,"y":195,"width":457,"height":390},"mhzjidle_UR_0117_":{"x":228.5,"y":195,"width":457,"height":390},"mhzjidle_UR_0120_":{"x":228.5,"y":195,"width":457,"height":390},"mhzjidle_UR_0123_":{"x":228.5,"y":195,"width":457,"height":390},"mhzjidle_UR_0126_":{"x":228.5,"y":195,"width":457,"height":390},"mhzjidle_UR_0129_":{"x":228.5,"y":195,"width":457,"height":390},"mhzjidle_UR_0132_":{"x":228.5,"y":195,"width":457,"height":390},"mhzjidle_UR_0135_":{"x":228.5,"y":195,"width":457,"height":390},"mhzjidle_UR_0138_":{"x":228.5,"y":195,"width":457,"height":390},"mhzjidle_UR_0141_":{"x":228.5,"y":195,"width":457,"height":390},"mhzjidle_UR_0144_":{"x":228.5,"y":195,"width":457,"height":390},"mhzjidle_UR_0147_":{"x":228.5,"y":195,"width":457,"height":390},"mhzjidle_UR_0150_":{"x":228.5,"y":195,"width":457,"height":390},"mhzjidle_UR_0153_":{"x":228.5,"y":195,"width":457,"height":390},"mhzjidle_UR_0156_":{"x":228.5,"y":195,"width":457,"height":390},"mhzjidle_UR_0159_":{"x":228.5,"y":195,"width":457,"height":390},"mhzjidle_UR_0160_":{"x":228.5,"y":195,"width":457,"height":390}}}},"animations":{"animation":{"slots":{"mhzjidle_DL_":{"attachment":[{"time":0,"name":"mhzjidle_DL_0000_"},{"time":0.1,"name":"mhzjidle_DL_0003_"},{"time":0.2,"name":"mhzjidle_DL_0006_"},{"time":0.3,"name":"mhzjidle_DL_0009_"},{"time":0.4,"name":"mhzjidle_DL_0012_"},{"time":0.5,"name":"mhzjidle_DL_0015_"},{"time":0.6,"name":"mhzjidle_DL_0018_"},{"time":0.7,"name":"mhzjidle_DL_0021_"},{"time":0.8,"name":"mhzjidle_DL_0024_"},{"time":0.9,"name":"mhzjidle_DL_0027_"},{"time":1,"name":"mhzjidle_DL_0030_"},{"time":1.1,"name":"mhzjidle_DL_0033_"},{"time":1.2,"name":"mhzjidle_DL_0036_"},{"time":1.3,"name":"mhzjidle_DL_0039_"},{"time":1.4,"name":"mhzjidle_DL_0042_"},{"time":1.5,"name":"mhzjidle_DL_0045_"},{"time":1.6,"name":"mhzjidle_DL_0048_"},{"time":1.7,"name":"mhzjidle_DL_0051_"},{"time":1.8,"name":"mhzjidle_DL_0054_"},{"time":1.9,"name":"mhzjidle_DL_0057_"},{"time":2,"name":"mhzjidle_DL_0060_"},{"time":2.1,"name":"mhzjidle_DL_0063_"},{"time":2.2,"name":"mhzjidle_DL_0066_"},{"time":2.3,"name":"mhzjidle_DL_0069_"},{"time":2.4,"name":"mhzjidle_DL_0072_"},{"time":2.5,"name":"mhzjidle_DL_0075_"},{"time":2.6,"name":"mhzjidle_DL_0078_"},{"time":2.7,"name":"mhzjidle_DL_0081_"},{"time":2.8,"name":"mhzjidle_DL_0084_"},{"time":2.9,"name":"mhzjidle_DL_0087_"},{"time":3,"name":"mhzjidle_DL_0090_"},{"time":3.1,"name":"mhzjidle_DL_0093_"},{"time":3.2,"name":"mhzjidle_DL_0096_"},{"time":3.3,"name":"mhzjidle_DL_0099_"},{"time":3.4,"name":"mhzjidle_DL_0102_"},{"time":3.5,"name":"mhzjidle_DL_0105_"},{"time":3.6,"name":"mhzjidle_DL_0108_"},{"time":3.7,"name":"mhzjidle_DL_0111_"},{"time":3.8,"name":"mhzjidle_DL_0114_"},{"time":3.9,"name":"mhzjidle_DL_0117_"},{"time":4,"name":"mhzjidle_DL_0120_"},{"time":4.1,"name":"mhzjidle_DL_0123_"},{"time":4.2,"name":"mhzjidle_DL_0126_"},{"time":4.3,"name":"mhzjidle_DL_0129_"},{"time":4.4,"name":"mhzjidle_DL_0132_"},{"time":4.5,"name":"mhzjidle_DL_0135_"},{"time":4.6,"name":"mhzjidle_DL_0138_"},{"time":4.7,"name":"mhzjidle_DL_0141_"},{"time":4.8,"name":"mhzjidle_DL_0144_"},{"time":4.9,"name":"mhzjidle_DL_0147_"},{"time":5,"name":"mhzjidle_DL_0150_"},{"time":5.1,"name":"mhzjidle_DL_0153_"},{"time":5.2,"name":"mhzjidle_DL_0156_"},{"time":5.3,"name":"mhzjidle_DL_0159_"},{"time":5.4,"name":"mhzjidle_DL_0160_"}]},"mhzjidle_DR_":{"attachment":[{"time":0,"name":"mhzjidle_DR_0000_"},{"time":0.1,"name":"mhzjidle_DR_0003_"},{"time":0.2,"name":"mhzjidle_DR_0006_"},{"time":0.3,"name":"mhzjidle_DR_0009_"},{"time":0.4,"name":"mhzjidle_DR_0012_"},{"time":0.5,"name":"mhzjidle_DR_0015_"},{"time":0.6,"name":"mhzjidle_DR_0018_"},{"time":0.7,"name":"mhzjidle_DR_0021_"},{"time":0.8,"name":"mhzjidle_DR_0024_"},{"time":0.9,"name":"mhzjidle_DR_0027_"},{"time":1,"name":"mhzjidle_DR_0030_"},{"time":1.1,"name":"mhzjidle_DR_0033_"},{"time":1.2,"name":"mhzjidle_DR_0036_"},{"time":1.3,"name":"mhzjidle_DR_0039_"},{"time":1.4,"name":"mhzjidle_DR_0042_"},{"time":1.5,"name":"mhzjidle_DR_0045_"},{"time":1.6,"name":"mhzjidle_DR_0048_"},{"time":1.7,"name":"mhzjidle_DR_0051_"},{"time":1.8,"name":"mhzjidle_DR_0054_"},{"time":1.9,"name":"mhzjidle_DR_0057_"},{"time":2,"name":"mhzjidle_DR_0060_"},{"time":2.1,"name":"mhzjidle_DR_0063_"},{"time":2.2,"name":"mhzjidle_DR_0066_"},{"time":2.3,"name":"mhzjidle_DR_0069_"},{"time":2.4,"name":"mhzjidle_DR_0072_"},{"time":2.5,"name":"mhzjidle_DR_0075_"},{"time":2.6,"name":"mhzjidle_DR_0078_"},{"time":2.7,"name":"mhzjidle_DR_0081_"},{"time":2.8,"name":"mhzjidle_DR_0084_"},{"time":2.9,"name":"mhzjidle_DR_0087_"},{"time":3,"name":"mhzjidle_DR_0090_"},{"time":3.1,"name":"mhzjidle_DR_0093_"},{"time":3.2,"name":"mhzjidle_DR_0096_"},{"time":3.3,"name":"mhzjidle_DR_0099_"},{"time":3.4,"name":"mhzjidle_DR_0102_"},{"time":3.5,"name":"mhzjidle_DR_0105_"},{"time":3.6,"name":"mhzjidle_DR_0108_"},{"time":3.7,"name":"mhzjidle_DR_0111_"},{"time":3.8,"name":"mhzjidle_DR_0114_"},{"time":3.9,"name":"mhzjidle_DR_0117_"},{"time":4,"name":"mhzjidle_DR_0120_"},{"time":4.1,"name":"mhzjidle_DR_0123_"},{"time":4.2,"name":"mhzjidle_DR_0126_"},{"time":4.3,"name":"mhzjidle_DR_0129_"},{"time":4.4,"name":"mhzjidle_DR_0132_"},{"time":4.5,"name":"mhzjidle_DR_0135_"},{"time":4.6,"name":"mhzjidle_DR_0138_"},{"time":4.7,"name":"mhzjidle_DR_0141_"},{"time":4.8,"name":"mhzjidle_DR_0144_"},{"time":4.9,"name":"mhzjidle_DR_0147_"},{"time":5,"name":"mhzjidle_DR_0150_"},{"time":5.1,"name":"mhzjidle_DR_0153_"},{"time":5.2,"name":"mhzjidle_DR_0156_"},{"time":5.3,"name":"mhzjidle_DR_0159_"},{"time":5.4,"name":"mhzjidle_DR_0160_"}]},"mhzjidle_UL_":{"attachment":[{"time":0,"name":"mhzjidle_UL_0000_"},{"time":0.1,"name":"mhzjidle_UL_0003_"},{"time":0.2,"name":"mhzjidle_UL_0006_"},{"time":0.3,"name":"mhzjidle_UL_0009_"},{"time":0.4,"name":"mhzjidle_UL_0012_"},{"time":0.5,"name":"mhzjidle_UL_0015_"},{"time":0.6,"name":"mhzjidle_UL_0018_"},{"time":0.7,"name":"mhzjidle_UL_0021_"},{"time":0.8,"name":"mhzjidle_UL_0024_"},{"time":0.9,"name":"mhzjidle_UL_0027_"},{"time":1,"name":"mhzjidle_UL_0030_"},{"time":1.1,"name":"mhzjidle_UL_0033_"},{"time":1.2,"name":"mhzjidle_UL_0036_"},{"time":1.3,"name":"mhzjidle_UL_0039_"},{"time":1.4,"name":"mhzjidle_UL_0042_"},{"time":1.5,"name":"mhzjidle_UL_0045_"},{"time":1.6,"name":"mhzjidle_UL_0048_"},{"time":1.7,"name":"mhzjidle_UL_0051_"},{"time":1.8,"name":"mhzjidle_UL_0054_"},{"time":1.9,"name":"mhzjidle_UL_0057_"},{"time":2,"name":"mhzjidle_UL_0060_"},{"time":2.1,"name":"mhzjidle_UL_0063_"},{"time":2.2,"name":"mhzjidle_UL_0066_"},{"time":2.3,"name":"mhzjidle_UL_0069_"},{"time":2.4,"name":"mhzjidle_UL_0072_"},{"time":2.5,"name":"mhzjidle_UL_0075_"},{"time":2.6,"name":"mhzjidle_UL_0078_"},{"time":2.7,"name":"mhzjidle_UL_0081_"},{"time":2.8,"name":"mhzjidle_UL_0084_"},{"time":2.9,"name":"mhzjidle_UL_0087_"},{"time":3,"name":"mhzjidle_UL_0090_"},{"time":3.1,"name":"mhzjidle_UL_0093_"},{"time":3.2,"name":"mhzjidle_UL_0096_"},{"time":3.3,"name":"mhzjidle_UL_0099_"},{"time":3.4,"name":"mhzjidle_UL_0102_"},{"time":3.5,"name":"mhzjidle_UL_0105_"},{"time":3.6,"name":"mhzjidle_UL_0108_"},{"time":3.7,"name":"mhzjidle_UL_0111_"},{"time":3.8,"name":"mhzjidle_UL_0114_"},{"time":3.9,"name":"mhzjidle_UL_0117_"},{"time":4,"name":"mhzjidle_UL_0120_"},{"time":4.1,"name":"mhzjidle_UL_0123_"},{"time":4.2,"name":"mhzjidle_UL_0126_"},{"time":4.3,"name":"mhzjidle_UL_0129_"},{"time":4.4,"name":"mhzjidle_UL_0132_"},{"time":4.5,"name":"mhzjidle_UL_0135_"},{"time":4.6,"name":"mhzjidle_UL_0138_"},{"time":4.7,"name":"mhzjidle_UL_0141_"},{"time":4.8,"name":"mhzjidle_UL_0144_"},{"time":4.9,"name":"mhzjidle_UL_0147_"},{"time":5,"name":"mhzjidle_UL_0150_"},{"time":5.1,"name":"mhzjidle_UL_0153_"},{"time":5.2,"name":"mhzjidle_UL_0156_"},{"time":5.3,"name":"mhzjidle_UL_0159_"},{"time":5.4,"name":"mhzjidle_UL_0160_"}]},"mhzjidle_UR_":{"attachment":[{"time":0,"name":"mhzjidle_UR_0000_"},{"time":0.1,"name":"mhzjidle_UR_0003_"},{"time":0.2,"name":"mhzjidle_UR_0006_"},{"time":0.3,"name":"mhzjidle_UR_0009_"},{"time":0.4,"name":"mhzjidle_UR_0012_"},{"time":0.5,"name":"mhzjidle_UR_0015_"},{"time":0.6,"name":"mhzjidle_UR_0018_"},{"time":0.7,"name":"mhzjidle_UR_0021_"},{"time":0.8,"name":"mhzjidle_UR_0024_"},{"time":0.9,"name":"mhzjidle_UR_0027_"},{"time":1,"name":"mhzjidle_UR_0030_"},{"time":1.1,"name":"mhzjidle_UR_0033_"},{"time":1.2,"name":"mhzjidle_UR_0036_"},{"time":1.3,"name":"mhzjidle_UR_0039_"},{"time":1.4,"name":"mhzjidle_UR_0042_"},{"time":1.5,"name":"mhzjidle_UR_0045_"},{"time":1.6,"name":"mhzjidle_UR_0048_"},{"time":1.7,"name":"mhzjidle_UR_0051_"},{"time":1.8,"name":"mhzjidle_UR_0054_"},{"time":1.9,"name":"mhzjidle_UR_0057_"},{"time":2,"name":"mhzjidle_UR_0060_"},{"time":2.1,"name":"mhzjidle_UR_0063_"},{"time":2.2,"name":"mhzjidle_UR_0066_"},{"time":2.3,"name":"mhzjidle_UR_0069_"},{"time":2.4,"name":"mhzjidle_UR_0072_"},{"time":2.5,"name":"mhzjidle_UR_0075_"},{"time":2.6,"name":"mhzjidle_UR_0078_"},{"time":2.7,"name":"mhzjidle_UR_0081_"},{"time":2.8,"name":"mhzjidle_UR_0084_"},{"time":2.9,"name":"mhzjidle_UR_0087_"},{"time":3,"name":"mhzjidle_UR_0090_"},{"time":3.1,"name":"mhzjidle_UR_0093_"},{"time":3.2,"name":"mhzjidle_UR_0096_"},{"time":3.3,"name":"mhzjidle_UR_0099_"},{"time":3.4,"name":"mhzjidle_UR_0102_"},{"time":3.5,"name":"mhzjidle_UR_0105_"},{"time":3.6,"name":"mhzjidle_UR_0108_"},{"time":3.7,"name":"mhzjidle_UR_0111_"},{"time":3.8,"name":"mhzjidle_UR_0114_"},{"time":3.9,"name":"mhzjidle_UR_0117_"},{"time":4,"name":"mhzjidle_UR_0120_"},{"time":4.1,"name":"mhzjidle_UR_0123_"},{"time":4.2,"name":"mhzjidle_UR_0126_"},{"time":4.3,"name":"mhzjidle_UR_0129_"},{"time":4.4,"name":"mhzjidle_UR_0132_"},{"time":4.5,"name":"mhzjidle_UR_0135_"},{"time":4.6,"name":"mhzjidle_UR_0138_"},{"time":4.7,"name":"mhzjidle_UR_0141_"},{"time":4.8,"name":"mhzjidle_UR_0144_"},{"time":4.9,"name":"mhzjidle_UR_0147_"},{"time":5,"name":"mhzjidle_UR_0150_"},{"time":5.1,"name":"mhzjidle_UR_0153_"},{"time":5.2,"name":"mhzjidle_UR_0156_"},{"time":5.3,"name":"mhzjidle_UR_0159_"},{"time":5.4,"name":"mhzjidle_UR_0160_"}]}},"bones":{"ctr":{"translate":[{"time":0,"x":-5.96,"y":169.87}]}}}}}