{
"skeleton": { "hash": "uVU0x+EXhqT+h0Hs7RdKbwTSJ8o", "spine": "2.1.27", "width": 662, "height": 581 },
"bones": [
	{ "name": "root", "x": -182.75, "y": -84.4 }
],
"slots": [
	{ "name": "shu_cai_1_", "bone": "root", "attachment": "shu_cai_1_" },
	{ "name": "shu_cai_", "bone": "root", "attachment": "shu_cai_" },
	{ "name": "tu_pian_", "bone": "root", "attachment": "tu_pian_" },
	{ "name": "ti_zi_", "bone": "root", "attachment": "ti_zi_" },
	{ "name": "ti_zi_1_", "bone": "root", "attachment": "ti_zi_1_" },
	{ "name": "ti_zi_2_", "bone": "root", "attachment": "ti_zi_2_" }
],
"skins": {
	"default": {
		"shu_cai_": {
			"shu_cai_": {
				"type": "mesh",
				"uvs": [ 1, 1, 0, 1, 0, 0, 1, 0 ],
				"triangles": [ 1, 2, 3, 1, 3, 0 ],
				"vertices": [ 634, 0, 0, 0, 0, 390, 634, 390 ],
				"hull": 4
			}
		},
		"shu_cai_1_": {
			"shu_cai_1_": {
				"type": "mesh",
				"uvs": [ 1, 1, 0, 1, 0, 0, 1, 0 ],
				"triangles": [ 1, 2, 3, 1, 3, 0 ],
				"vertices": [ 662, 0, 0, 0, 0, 581, 662, 581 ],
				"hull": 4
			}
		},
		"ti_zi_": {
			"ti_zi_": {
				"type": "mesh",
				"uvs": [ 1, 1, 0, 1, 0, 0, 1, 0 ],
				"triangles": [ 1, 2, 3, 1, 3, 0 ],
				"vertices": [ 547, 97, 79, 97, 79, 348, 547, 348 ],
				"hull": 4
			}
		},
		"ti_zi_1_": {
			"ti_zi_1_": {
				"type": "mesh",
				"uvs": [ 1, 1, 0, 1, 0, 0, 1, 0 ],
				"triangles": [ 1, 2, 3, 1, 3, 0 ],
				"vertices": [ 389, 68, 0, 68, 0, 270, 389, 270 ],
				"hull": 4
			}
		},
		"ti_zi_2_": {
			"ti_zi_2_": {
				"type": "mesh",
				"uvs": [ 1, 1, 0, 1, 0, 0, 1, 0 ],
				"triangles": [ 1, 2, 3, 1, 3, 0 ],
				"vertices": [ 305, 22, 0, 22, 0, 225, 305, 225 ],
				"hull": 4
			}
		},
		"tu_pian_": {
			"tu_pian_": { "x": 212.5, "y": 197.5, "width": 425, "height": 245 }
		}
	}
},
"animations": {
	"animation": {
		"ffd": {
			"default": {
				"shu_cai_": {
					"shu_cai_": [
						{
							"time": 0,
							"vertices": [ -135.06197, -98.96796, -135.06197, -98.96796, -135.06197, -98.96796, -135.06197, -98.96796 ]
						}
					]
				},
				"shu_cai_1_": {
					"shu_cai_1_": [
						{
							"time": 0,
							"vertices": [ -135.06197, -98.96796, -135.06197, -98.96796, -135.06197, -98.96796, -135.06197, -98.96796 ]
						}
					]
				},
				"ti_zi_": {
					"ti_zi_": [
						{
							"time": 0,
							"vertices": [ -135.06197, -98.96796, -135.06197, -98.96796, -135.06197, -98.96796, -135.06197, -98.96796 ]
						}
					]
				},
				"ti_zi_1_": {
					"ti_zi_1_": [
						{
							"time": 0,
							"vertices": [ -135.06197, -98.96796, -135.06197, -98.96796, -135.06197, -98.96796, -135.06197, -98.96796 ]
						}
					]
				},
				"ti_zi_2_": {
					"ti_zi_2_": [
						{
							"time": 0,
							"vertices": [ -135.06197, -98.96796, -135.06197, -98.96796, -135.06197, -98.96796, -135.06197, -98.96796 ]
						}
					]
				}
			}
		}
	}
}
}