{
"skeleton": { "hash": "uSrcEIBBsQqcFGcMRVuCvegVKTU", "spine": "2.1.27", "width": 662, "height": 413 },
"bones": [
	{ "name": "root" }
],
"slots": [
	{ "name": "shu_cai_1_", "bone": "root", "attachment": "shu_cai_1_" },
	{ "name": "shu_cai_", "bone": "root", "attachment": "shu_cai_" },
	{ "name": "tu_pian_", "bone": "root", "attachment": "tu_pian_" },
	{ "name": "ti_zi_2_", "bone": "root", "attachment": "ti_zi_2_" },
	{ "name": "ti_zi_1_", "bone": "root", "attachment": "ti_zi_1_" },
	{ "name": "ti_zi_", "bone": "root", "attachment": "ti_zi_" }
],
"skins": {
	"default": {
		"shu_cai_": {
			"shu_cai_": {
				"type": "mesh",
				"uvs": [ 1, 1, 0, 1, 0, 0, 1, 0 ],
				"triangles": [ 1, 2, 3, 1, 3, 0 ],
				"vertices": [ 257.74, -47.64, -145.25, -47.64, -145.25, 258.35, 257.74, 258.35 ],
				"hull": 4
			}
		},
		"shu_cai_1_": {
			"shu_cai_1_": {
				"type": "mesh",
				"uvs": [ 1, 1, 0, 1, 0, 0, 1, 0 ],
				"triangles": [ 1, 2, 3, 1, 3, 0 ],
				"vertices": [ 516.74, -27.64, -145.25, -27.64, -145.25, 365.35, 516.74, 365.35 ],
				"hull": 4
			}
		},
		"ti_zi_": {
			"ti_zi_": {
				"type": "mesh",
				"uvs": [ 1, 1, 0, 1, 0, 0, 1, 0 ],
				"triangles": [ 1, 2, 3, 1, 3, 0 ],
				"vertices": [ 325.74, 48.35, 7.74, 48.35, 7.74, 239.35, 325.74, 239.35 ],
				"hull": 4
			}
		},
		"ti_zi_1_": {
			"ti_zi_1_": {
				"type": "mesh",
				"uvs": [ 1, 1, 0, 1, 0, 0, 1, 0 ],
				"triangles": [ 1, 2, 3, 1, 3, 0 ],
				"vertices": [ 337.74, 100.35, 119.74, 100.35, 119.74, 266.35, 337.74, 266.35 ],
				"hull": 4
			}
		},
		"ti_zi_2_": {
			"ti_zi_2_": {
				"type": "mesh",
				"uvs": [ 1, 1, 0, 1, 0, 0, 1, 0 ],
				"triangles": [ 1, 2, 3, 1, 3, 0 ],
				"vertices": [ 206.74, 40.34999, -9.25, 40.34999, -9.25, 203.35, 206.74, 203.35 ],
				"hull": 4
			}
		},
		"tu_pian_": {
			"tu_pian_": {
				"type": "mesh",
				"uvs": [ 1, 1, 0, 1, 0, 0, 1, 0 ],
				"triangles": [ 1, 2, 3, 1, 3, 0 ],
				"vertices": [ 318.74, 105.35, -53.25, 105.35, -53.25, 289.35, 318.74, 289.35 ],
				"hull": 4
			}
		}
	}
},
"animations": {
	"animation": {
		"ffd": {
			"default": {
				"shu_cai_": {
					"shu_cai_": [
						{
							"time": 0,
							"vertices": [ -64.66998, -32.33499, -64.66998, -32.33499, -64.66998, -32.33499, -64.66998, -32.33499 ]
						}
					]
				},
				"shu_cai_1_": {
					"shu_cai_1_": [
						{
							"time": 0,
							"vertices": [ -64.66998, -32.33499, -64.66998, -32.33499, -64.66998, -32.33499, -64.66998, -32.33499 ]
						}
					]
				},
				"ti_zi_": {
					"ti_zi_": [
						{
							"time": 0,
							"vertices": [ -83.40399, -42.19497, -83.40399, -42.19497, -83.40399, -42.19497, -83.40399, -42.19497 ]
						}
					]
				},
				"ti_zi_1_": {
					"ti_zi_1_": [
						{
							"time": 0,
							"vertices": [ -93.26401, -45.15295, -93.26401, -45.15295, -93.26401, -45.15295, -93.26401, -45.15295 ]
						}
					]
				},
				"ti_zi_2_": {
					"ti_zi_2_": [
						{
							"time": 0,
							"vertices": [ -110.02603, -55.01301, -110.02603, -55.01301, -110.02603, -55.01301, -110.02603, -55.01301 ]
						}
					]
				},
				"tu_pian_": {
					"tu_pian_": [
						{
							"time": 0,
							"vertices": [ -64.66998, -32.33499, -64.66998, -32.33499, -64.66998, -32.33499, -64.66998, -32.33499 ]
						}
					]
				}
			}
		}
	}
}
}