{
"skeleton": { "hash": "oQdo1YOTWrFztJCMymdG3jIIOkU", "spine": "3.7.94", "width": 245, "height": 89, "images": "./images/", "audio": "F:/COK项目/Spine工程/UI—四兵种铭牌Spine/弓兵铭牌/images" },
"bones": [
	{ "name": "root" },
	{ "name": "bg_lg", "parent": "root", "scaleX": 1.25, "scaleY": 1.25 },
	{ "name": "gong_lg", "parent": "root", "scaleX": 1.25, "scaleY": 1.25 },
	{ "name": "骨骼3", "parent": "root" },
	{ "name": "骨骼4", "parent": "root" }
],
"slots": [
	{ "name": "back_", "bone": "root", "attachment": "back_" },
	{ "name": "gong_", "bone": "root", "attachment": "gong_" },
	{ "name": "jian_glow_", "bone": "root", "attachment": "jian_glow_", "blend": "additive" },
	{ "name": "qi_R_", "bone": "root", "attachment": "qi_R_" },
	{ "name": "qi_L_", "bone": "root", "attachment": "qi_L_" },
	{ "name": "bg_lg", "bone": "bg_lg", "blend": "additive" },
	{ "name": "gong_lg", "bone": "gong_lg", "blend": "additive" }
],
"skins": {
	"default": {
		"back_": {
			"back_": { "x": -0.8, "y": -3.07, "width": 245, "height": 89 }
		},
		"bg_lg": {
			"bg_lg_02_": { "width": 288, "height": 144 },
			"bg_lg_04_": { "width": 288, "height": 144 },
			"bg_lg_06_": { "width": 288, "height": 144 },
			"bg_lg_08_": { "width": 288, "height": 144 },
			"bg_lg_10_": { "width": 288, "height": 144 },
			"bg_lg_12_": { "width": 288, "height": 144 },
			"bg_lg_14_": { "width": 288, "height": 144 },
			"bg_lg_16_": { "width": 288, "height": 144 },
			"bg_lg_18_": { "width": 288, "height": 144 },
			"bg_lg_20_": { "width": 288, "height": 144 },
			"bg_lg_22_": { "width": 288, "height": 144 },
			"bg_lg_24_": { "width": 288, "height": 144 },
			"bg_lg_26_": { "width": 288, "height": 144 },
			"bg_lg_28_": { "width": 288, "height": 144 }
		},
		"gong_": {
			"gong_": { "x": -2.8, "y": 8.93, "width": 81, "height": 59 }
		},
		"gong_lg": {
			"gong_lg_00_": { "width": 288, "height": 144 },
			"gong_lg_02_": { "width": 288, "height": 144 },
			"gong_lg_04_": { "width": 288, "height": 144 },
			"gong_lg_06_": { "width": 288, "height": 144 },
			"gong_lg_08_": { "width": 288, "height": 144 },
			"gong_lg_10_": { "width": 288, "height": 144 },
			"gong_lg_12_": { "width": 288, "height": 144 },
			"gong_lg_14_": { "width": 288, "height": 144 },
			"gong_lg_16_": { "width": 288, "height": 144 },
			"gong_lg_18_": { "width": 288, "height": 144 },
			"gong_lg_20_": { "width": 288, "height": 144 },
			"gong_lg_22_": { "width": 288, "height": 144 },
			"gong_lg_24_": { "width": 288, "height": 144 },
			"gong_lg_26_": { "width": 288, "height": 144 },
			"gong_lg_28_": { "width": 288, "height": 144 },
			"gong_lg_30_": { "width": 288, "height": 144 },
			"gong_lg_32_": { "width": 288, "height": 144 },
			"gong_lg_34_": { "width": 288, "height": 144 },
			"gong_lg_36_": { "width": 288, "height": 144 },
			"gong_lg_38_": { "width": 288, "height": 144 }
		},
		"jian_glow_": {
			"jian_glow_": { "x": -7.8, "y": 9.43, "width": 93, "height": 54 }
		},
		"qi_L_": {
			"qi_L_": { "x": -107.8, "y": -20.57, "width": 25, "height": 52 }
		},
		"qi_R_": {
			"qi_R_": { "x": 107.7, "y": -20.57, "width": 24, "height": 52 }
		}
	}
},
"animations": {
	"animation": {
		"slots": {
			"bg_lg": {
				"attachment": [
					{ "time": 0, "name": "bg_lg_02_" },
					{ "time": 0.0667, "name": "bg_lg_04_" },
					{ "time": 0.1333, "name": "bg_lg_06_" },
					{ "time": 0.2, "name": "bg_lg_08_" },
					{ "time": 0.2667, "name": "bg_lg_10_" },
					{ "time": 0.3333, "name": "bg_lg_12_" },
					{ "time": 0.4, "name": "bg_lg_14_" },
					{ "time": 0.4667, "name": "bg_lg_16_" },
					{ "time": 0.5333, "name": "bg_lg_18_" },
					{ "time": 0.6, "name": "bg_lg_20_" },
					{ "time": 0.6667, "name": "bg_lg_22_" },
					{ "time": 0.7333, "name": "bg_lg_24_" },
					{ "time": 0.8, "name": "bg_lg_26_" },
					{ "time": 0.8667, "name": "bg_lg_28_" },
					{ "time": 0.9333, "name": null }
				]
			},
			"gong_lg": {
				"attachment": [
					{ "time": 0.6667, "name": "gong_lg_00_" },
					{ "time": 0.7333, "name": "gong_lg_02_" },
					{ "time": 0.8, "name": "gong_lg_04_" },
					{ "time": 0.8667, "name": "gong_lg_06_" },
					{ "time": 0.9333, "name": "gong_lg_08_" },
					{ "time": 1, "name": "gong_lg_10_" },
					{ "time": 1.0667, "name": "gong_lg_12_" },
					{ "time": 1.1333, "name": "gong_lg_14_" },
					{ "time": 1.2, "name": "gong_lg_16_" },
					{ "time": 1.2667, "name": "gong_lg_18_" },
					{ "time": 1.3333, "name": "gong_lg_20_" },
					{ "time": 1.4, "name": "gong_lg_22_" },
					{ "time": 1.4667, "name": "gong_lg_24_" },
					{ "time": 1.5333, "name": "gong_lg_26_" },
					{ "time": 1.6, "name": "gong_lg_28_" },
					{ "time": 1.6667, "name": "gong_lg_30_" },
					{ "time": 1.7333, "name": "gong_lg_32_" },
					{ "time": 1.8, "name": "gong_lg_34_" },
					{ "time": 1.8667, "name": "gong_lg_36_" },
					{ "time": 1.9333, "name": "gong_lg_38_" },
					{ "time": 2, "name": null }
				]
			}
		},
		"bones": {
			"bg_lg": {
				"translate": [
					{ "time": 0, "x": -1.4, "y": -3.27 }
				]
			},
			"gong_lg": {
				"translate": [
					{ "time": 0, "x": -1.87, "y": -2.8 }
				]
			}
		}
	}
}
}