{
"skeleton": { "hash": "9QVge+FueUCUtXb+F0I1lq5SLMI", "spine": "2.1.27", "width": 410, "height": 290 },
"bones": [
	{ "name": "root" },
	{ "name": "2", "parent": "root", "length": 151.15, "y": -156.81, "rotation": 270 }
],
"slots": [
	{ "name": "Xbagua_000_", "bone": "2", "attachment": "Xbagua_000_" }
],
"skins": {
	"default": {
		"Xbagua_000_": {
			"Xbagua_000_": { "x": -156.81, "rotation": 90, "width": 410, "height": 290 },
			"Xbagua_001_": { "x": -156.81, "rotation": 90, "width": 410, "height": 290 },
			"Xbagua_002_": { "x": -156.81, "rotation": 90, "width": 410, "height": 290 },
			"Xbagua_003_": { "x": -156.81, "rotation": 90, "width": 410, "height": 290 },
			"Xbagua_004_": { "x": -156.81, "rotation": 90, "width": 410, "height": 290 },
			"Xbagua_005_": { "x": -156.81, "rotation": 90, "width": 410, "height": 290 },
			"Xbagua_006_": { "x": -156.81, "rotation": 90, "width": 410, "height": 290 },
			"Xbagua_007_": { "x": -156.81, "rotation": 90, "width": 410, "height": 290 },
			"Xbagua_008_": { "x": -156.81, "rotation": 90, "width": 410, "height": 290 },
			"Xbagua_009_": { "x": -156.81, "rotation": 90, "width": 410, "height": 290 },
			"Xbagua_010_": { "x": -156.81, "rotation": 90, "width": 410, "height": 290 },
			"Xbagua_011_": { "x": -156.81, "rotation": 90, "width": 410, "height": 290 },
			"Xbagua_012_": { "x": -156.81, "rotation": 90, "width": 410, "height": 290 },
			"Xbagua_013_": { "x": -156.81, "rotation": 90, "width": 410, "height": 290 },
			"Xbagua_014_": { "x": -156.81, "rotation": 90, "width": 410, "height": 290 },
			"Xbagua_015_": { "x": -156.81, "rotation": 90, "width": 410, "height": 290 }
		}
	}
},
"animations": {
	"dj": {
		"slots": {
			"Xbagua_000_": {
				"attachment": [
					{ "time": 0, "name": "Xbagua_000_" },
					{ "time": 0.1333, "name": "Xbagua_001_" },
					{ "time": 0.2333, "name": "Xbagua_002_" },
					{ "time": 0.3666, "name": "Xbagua_003_" },
					{ "time": 0.5, "name": "Xbagua_004_" },
					{ "time": 0.6333, "name": "Xbagua_005_" },
					{ "time": 0.7333, "name": "Xbagua_006_" },
					{ "time": 0.8666, "name": "Xbagua_007_" },
					{ "time": 1, "name": "Xbagua_008_" },
					{ "time": 1.1333, "name": "Xbagua_009_" },
					{ "time": 1.2333, "name": "Xbagua_010_" },
					{ "time": 1.3666, "name": "Xbagua_011_" },
					{ "time": 1.5, "name": "Xbagua_012_" },
					{ "time": 1.6333, "name": "Xbagua_013_" },
					{ "time": 1.7333, "name": "Xbagua_014_" },
					{ "time": 1.8666, "name": "Xbagua_015_" },
					{ "time": 2, "name": "Xbagua_000_" }
				]
			}
		},
		"bones": {
			"2": {
				"rotate": [
					{ "time": 0, "angle": 0 }
				],
				"translate": [
					{ "time": 0, "x": 26.8, "y": 96.35 }
				],
				"scale": [
					{ "time": 0, "x": 1, "y": 1 }
				]
			}
		}
	}
}
}