{
"skeleton": { "hash": "A2sD84Ze5OmBbL4oG7sGtA47dL4", "spine": "2.1.27", "width": 358, "height": 295 },
"bones": [
	{ "name": "root" }
],
"slots": [
	{ "name": "chengbao001_", "bone": "root", "attachment": "chengbao001_" }
],
"skins": {
	"default": {
		"chengbao001_": {
			"chengbao001_": { "x": -14, "y": 148, "width": 358, "height": 295 }
		}
	}
},
"animations": {
	"dj": {
		"slots": {
			"chengbao001_": {
				"attachment": [
					{ "time": 0, "name": "chengbao001_" }
				]
			}
		},
		"bones": {
			"root": {
				"rotate": [
					{ "time": 0, "angle": 0 }
				],
				"translate": [
					{ "time": 0, "x": 0, "y": 0 }
				],
				"scale": [
					{ "time": 0, "x": 1, "y": 1 }
				]
			}
		}
	}
}
}