{
"skeleton": { "hash": "gEq8AR/OW6GtQ4xWdK0jdI7TN9k", "spine": "2.1.27", "width": 90, "height": 83 },
"bones": [
	{ "name": "root" }
],
"slots": [
	{ "name": "kuangshi", "bone": "root", "attachment": "kuangshi" },
	{ "name": "FLOW_01_", "bone": "root", "color": "ffffffe7", "attachment": "FLOW_01_", "blend": "additive" },
	{ "name": "FLOW_02_", "bone": "root", "color": "ffffffe7", "attachment": "FLOW_02_", "blend": "additive" },
	{ "name": "FLOW_03_", "bone": "root", "color": "ffffffe7", "attachment": "FLOW_03_", "blend": "additive" },
	{ "name": "FLOW_04_", "bone": "root", "color": "ffffffe7", "attachment": "FLOW_04_", "blend": "additive" },
	{ "name": "FLOW_05_", "bone": "root", "color": "ffffffe7", "attachment": "FLOW_05_", "blend": "additive" },
	{ "name": "FLOW_06_", "bone": "root", "color": "ffffffe7", "attachment": "FLOW_06_", "blend": "additive" },
	{ "name": "FLOW_07_", "bone": "root", "color": "ffffffe7", "attachment": "FLOW_07_", "blend": "additive" },
	{ "name": "FLOW_08_", "bone": "root", "color": "ffffffe7", "attachment": "FLOW_08_", "blend": "additive" },
	{ "name": "FLOW_09_", "bone": "root", "color": "ffffffe7", "attachment": "FLOW_09_", "blend": "additive" }
],
"skins": {
	"default": {
		"FLOW_01_": {
			"FLOW_01_": { "width": 90, "height": 83 }
		},
		"FLOW_02_": {
			"FLOW_02_": { "width": 90, "height": 83 }
		},
		"FLOW_03_": {
			"FLOW_03_": { "width": 90, "height": 83 }
		},
		"FLOW_04_": {
			"FLOW_04_": { "width": 90, "height": 83 }
		},
		"FLOW_05_": {
			"FLOW_05_": { "width": 90, "height": 83 }
		},
		"FLOW_06_": {
			"FLOW_06_": { "width": 90, "height": 83 }
		},
		"FLOW_07_": {
			"FLOW_07_": { "width": 90, "height": 83 }
		},
		"FLOW_08_": {
			"FLOW_08_": { "width": 90, "height": 83 }
		},
		"FLOW_09_": {
			"FLOW_09_": { "width": 90, "height": 83 }
		},
		"kuangshi": {
			"kuangshi": { "width": 90, "height": 83 }
		}
	}
},
"animations": {
	"animation": {
		"slots": {
			"FLOW_01_": {
				"attachment": [
					{ "time": 0, "name": null },
					{ "time": 0.1333, "name": "FLOW_01_" },
					{ "time": 0.2666, "name": null },
					{ "time": 1.3333, "name": null }
				]
			},
			"FLOW_02_": {
				"attachment": [
					{ "time": 0, "name": null },
					{ "time": 0.1333, "name": null },
					{ "time": 0.2666, "name": "FLOW_02_" },
					{ "time": 0.4, "name": null },
					{ "time": 1.3333, "name": null }
				]
			},
			"FLOW_03_": {
				"attachment": [
					{ "time": 0, "name": null },
					{ "time": 0.2666, "name": null },
					{ "time": 0.4, "name": "FLOW_03_" },
					{ "time": 0.5333, "name": null },
					{ "time": 1.3333, "name": null }
				]
			},
			"FLOW_04_": {
				"attachment": [
					{ "time": 0, "name": null },
					{ "time": 0.4, "name": null },
					{ "time": 0.5333, "name": "FLOW_04_" },
					{ "time": 0.6666, "name": null },
					{ "time": 1.3333, "name": null }
				]
			},
			"FLOW_05_": {
				"attachment": [
					{ "time": 0, "name": null },
					{ "time": 0.5333, "name": null },
					{ "time": 0.6666, "name": "FLOW_05_" },
					{ "time": 0.8, "name": null },
					{ "time": 1.3333, "name": null }
				]
			},
			"FLOW_06_": {
				"attachment": [
					{ "time": 0, "name": null },
					{ "time": 0.6666, "name": null },
					{ "time": 0.8, "name": "FLOW_06_" },
					{ "time": 0.9333, "name": null },
					{ "time": 1.3333, "name": null }
				]
			},
			"FLOW_07_": {
				"attachment": [
					{ "time": 0, "name": null },
					{ "time": 0.8, "name": null },
					{ "time": 0.9333, "name": "FLOW_07_" },
					{ "time": 1.0666, "name": null },
					{ "time": 1.3333, "name": null }
				]
			},
			"FLOW_08_": {
				"attachment": [
					{ "time": 0, "name": null },
					{ "time": 0.9333, "name": null },
					{ "time": 1.0666, "name": "FLOW_08_" },
					{ "time": 1.2, "name": null },
					{ "time": 1.3333, "name": null }
				]
			},
			"FLOW_09_": {
				"attachment": [
					{ "time": 0, "name": null },
					{ "time": 1.0666, "name": null },
					{ "time": 1.2, "name": "FLOW_09_" },
					{ "time": 1.3333, "name": null }
				]
			}
		}
	}
}
}