{
"skeleton": { "hash": "mkXq2UZ5RaqwxaThjZxZaj3+JOs", "spine": "2.1.27", "width": 456, "height": 653.87 },
"bones": [
	{ "name": "root", "scaleX": 0.8, "scaleY": 0.8 },
	{ "name": "texiaodian_", "parent": "root", "x": 31.36, "y": 491.24 }
],
"slots": [
	{ "name": "shuaizi_wai_", "bone": "root", "attachment": "shuaizi_wai_" },
	{ "name": "shuangzi_shouhu_", "bone": "root", "attachment": "shuangzi_shouhu_" },
	{ "name": "shuangzi_shouhu_V1", "bone": "root", "attachment": "shuangzi_shouhu_" },
	{ "name": "12skin_01_", "bone": "root", "blend": "additive" },
	{ "name": "12skin_02_", "bone": "root", "blend": "additive" },
	{ "name": "12skin_03_", "bone": "root", "blend": "additive" },
	{ "name": "12skin_04_", "bone": "root", "blend": "additive" },
	{ "name": "12skin_05_", "bone": "root", "blend": "additive" },
	{ "name": "12skin_06_", "bone": "root", "blend": "additive" }
],
"skins": {
	"default": {
		"12skin_01_": {
			"12skin_01_": { "y": 567.62, "scaleX": 3.03, "scaleY": 3.03, "width": 128, "height": 300 }
		},
		"12skin_02_": {
			"12skin_02_": { "y": 567.62, "scaleX": 3.03, "scaleY": 3.03, "width": 128, "height": 300 }
		},
		"12skin_03_": {
			"12skin_03_": { "y": 567.62, "scaleX": 3.03, "scaleY": 3.03, "width": 128, "height": 300 }
		},
		"12skin_04_": {
			"12skin_04_": { "y": 567.62, "scaleX": 3.03, "scaleY": 3.03, "width": 128, "height": 300 }
		},
		"12skin_05_": {
			"12skin_05_": { "y": 567.62, "scaleX": 3.03, "scaleY": 3.03, "width": 128, "height": 300 }
		},
		"12skin_06_": {
			"12skin_06_": { "y": 567.62, "scaleX": 3.03, "scaleY": 3.03, "width": 128, "height": 300 }
		},
		"shuaizi_wai_": {
			"shuaizi_wai_": { "x": -20.11, "y": 171.93, "width": 570, "height": 463 }
		},
		"shuangzi_shouhu_": {
			"shuangzi_shouhu_": {
				"type": "mesh",
				"uvs": [ 1, 1, 0, 1, 0, 0, 1, 0 ],
				"triangles": [ 1, 2, 3, 1, 3, 0 ],
				"vertices": [ 180.84, 248.54, -191.15, 248.54, -191.15, 757.54, 180.84, 757.54 ],
				"hull": 4
			}
		},
		"shuangzi_shouhu_V1": {
			"shuangzi_shouhu_": {
				"type": "mesh",
				"uvs": [ 1, 1, 0, 1, 0, 0, 1, 0 ],
				"triangles": [ 1, 2, 3, 1, 3, 0 ],
				"vertices": [ 181.42, 248.78, -190.57, 248.78, -190.57, 757.78, 181.42, 757.78 ],
				"hull": 4
			}
		}
	}
},
"animations": {
	"chuzheng": {
		"slots": {
			"12skin_01_": {
				"attachment": [
					{ "time": 0, "name": null },
					{ "time": 0.5666, "name": null },
					{ "time": 0.6, "name": "12skin_01_" },
					{ "time": 0.6666, "name": "12skin_01_" },
					{ "time": 0.7, "name": null },
					{ "time": 14.6, "name": null }
				]
			},
			"12skin_02_": {
				"attachment": [
					{ "time": 0, "name": null },
					{ "time": 0.6666, "name": null },
					{ "time": 0.7, "name": "12skin_02_" },
					{ "time": 0.7666, "name": "12skin_02_" },
					{ "time": 0.8, "name": null },
					{ "time": 14.6, "name": null }
				]
			},
			"12skin_03_": {
				"attachment": [
					{ "time": 0, "name": null },
					{ "time": 0.7666, "name": null },
					{ "time": 0.8, "name": "12skin_03_" },
					{ "time": 0.8666, "name": "12skin_03_" },
					{ "time": 0.9, "name": null },
					{ "time": 14.6, "name": null }
				]
			},
			"12skin_04_": {
				"attachment": [
					{ "time": 0, "name": null },
					{ "time": 0.8666, "name": null },
					{ "time": 0.9, "name": "12skin_04_" },
					{ "time": 0.9666, "name": "12skin_04_" },
					{ "time": 1, "name": null },
					{ "time": 14.6, "name": null }
				]
			},
			"12skin_05_": {
				"attachment": [
					{ "time": 0, "name": null },
					{ "time": 0.9666, "name": null },
					{ "time": 1, "name": "12skin_05_" },
					{ "time": 1.0666, "name": "12skin_05_" },
					{ "time": 1.1, "name": null },
					{ "time": 14.6, "name": null }
				]
			},
			"12skin_06_": {
				"attachment": [
					{ "time": 0, "name": null },
					{ "time": 1.0666, "name": null },
					{ "time": 1.1, "name": "12skin_06_" },
					{ "time": 1.2666, "name": "12skin_06_" },
					{ "time": 1.3, "name": null },
					{ "time": 14.6, "name": null }
				],
				"color": [
					{ "time": 0, "color": "ffffffff", "curve": "stepped" },
					{ "time": 1.0666, "color": "ffffffff", "curve": "stepped" },
					{ "time": 1.1, "color": "ffffffff" },
					{ "time": 1.3666, "color": "ffffff01" },
					{ "time": 1.4, "color": "ffffffff", "curve": "stepped" },
					{ "time": 14.6, "color": "ffffffff" }
				]
			},
			"shuangzi_shouhu_": {
				"attachment": [
					{ "time": 0, "name": null },
					{ "time": 0.2333, "name": null },
					{ "time": 0.2666, "name": "shuangzi_shouhu_" },
					{ "time": 0.8333, "name": "shuangzi_shouhu_" },
					{ "time": 14.6, "name": null }
				],
				"color": [
					{ "time": 0, "color": "ffffffff", "curve": "stepped" },
					{ "time": 0.2333, "color": "ffffffff" },
					{ "time": 0.2666, "color": "ffffff00" },
					{ "time": 0.8333, "color": "ffffff9e" },
					{ "time": 1.2, "color": "ffffffff", "curve": "stepped" },
					{ "time": 1.4, "color": "ffffffff" },
					{ "time": 2.8666, "color": "ffffff85" },
					{ "time": 4.1333, "color": "ffffffff" },
					{ "time": 5.6333, "color": "ffffff85" },
					{ "time": 7.1, "color": "ffffffff" },
					{ "time": 8.6666, "color": "ffffff85" },
					{ "time": 9.9333, "color": "ffffffff" },
					{ "time": 11.4333, "color": "ffffff85" },
					{ "time": 12.9333, "color": "ffffffff" },
					{ "time": 14.5666, "color": "ffffff00" },
					{ "time": 14.6, "color": "ffffffff" }
				]
			},
			"shuangzi_shouhu_V1": {
				"attachment": [
					{ "time": 0, "name": null },
					{ "time": 0.1333, "name": null },
					{ "time": 0.1666, "name": "shuangzi_shouhu_" },
					{ "time": 14.5666, "name": null },
					{ "time": 14.6, "name": null }
				],
				"color": [
					{ "time": 0, "color": "ffffffff", "curve": "stepped" },
					{ "time": 0.1333, "color": "ffffffff" },
					{ "time": 0.1666, "color": "ffffff00" },
					{ "time": 0.3666, "color": "ffffffff" },
					{ "time": 0.8, "color": "ffffff7a" },
					{ "time": 1.0333, "color": "ffffff00", "curve": "stepped" },
					{ "time": 14.5666, "color": "ffffff00" },
					{ "time": 14.6, "color": "ffffffff" }
				]
			}
		},
		"ffd": {
			"default": {
				"shuangzi_shouhu_": {
					"shuangzi_shouhu_": [
						{ "time": 0, "curve": "stepped" },
						{ "time": 0.0333, "curve": "stepped" },
						{ "time": 14.6 }
					]
				},
				"shuangzi_shouhu_V1": {
					"shuangzi_shouhu_": [
						{ "time": 0, "curve": "stepped" },
						{ "time": 0.1333 },
						{
							"time": 0.3666,
							"vertices": [ 60.94603, -83.39123, -60.94604, -83.39123, -60.94604, 83.39123, 60.94603, 83.39123 ]
						},
						{
							"time": 0.8333,
							"vertices": [ 67.49714, -92.35501, -67.49719, -92.35501, -67.49719, 92.35498, 67.49714, 92.35498 ]
						},
						{ "time": 14.6 }
					]
				}
			}
		},
		"drawOrder": [
			{ "time": 0 },
			{ "time": 1.0666 },
			{
				"time": 1.4,
				"offsets": [
					{ "slot": "shuaizi_wai_", "offset": 6 },
					{ "slot": "shuangzi_shouhu_", "offset": 6 },
					{ "slot": "shuangzi_shouhu_V1", "offset": 6 }
				]
			},
			{ "time": 14.6 }
		]
	},
	"dj": {
		"slots": {
			"12skin_01_": {
				"attachment": [
					{ "time": 0, "name": null },
					{ "time": 1, "name": null }
				]
			},
			"12skin_02_": {
				"attachment": [
					{ "time": 0, "name": null },
					{ "time": 1, "name": null }
				]
			},
			"12skin_03_": {
				"attachment": [
					{ "time": 0, "name": null },
					{ "time": 1, "name": null }
				]
			},
			"12skin_04_": {
				"attachment": [
					{ "time": 0, "name": null },
					{ "time": 1, "name": null }
				]
			},
			"12skin_05_": {
				"attachment": [
					{ "time": 0, "name": null },
					{ "time": 1, "name": null }
				]
			},
			"12skin_06_": {
				"attachment": [
					{ "time": 0, "name": null },
					{ "time": 1, "name": null }
				]
			},
			"shuangzi_shouhu_": {
				"attachment": [
					{ "time": 0, "name": null },
					{ "time": 1, "name": null }
				]
			},
			"shuangzi_shouhu_V1": {
				"attachment": [
					{ "time": 0, "name": null },
					{ "time": 1, "name": null }
				]
			}
		},
		"bones": {
			"root": {
				"rotate": [
					{ "time": 0, "angle": 0, "curve": "stepped" },
					{ "time": 1, "angle": 0 }
				],
				"translate": [
					{ "time": 0, "x": 0, "y": 0, "curve": "stepped" },
					{ "time": 1, "x": 0, "y": 0 }
				],
				"scale": [
					{ "time": 0, "x": 1, "y": 1, "curve": "stepped" },
					{ "time": 1, "x": 1, "y": 1 }
				]
			}
		}
	},
	"gj": {
		"slots": {
			"12skin_01_": {
				"attachment": [
					{ "time": 0, "name": null },
					{ "time": 0.5666, "name": null },
					{ "time": 0.6, "name": "12skin_01_" },
					{ "time": 0.6666, "name": "12skin_01_" },
					{ "time": 0.7, "name": null },
					{ "time": 14.6, "name": null }
				]
			},
			"12skin_02_": {
				"attachment": [
					{ "time": 0, "name": null },
					{ "time": 0.6666, "name": null },
					{ "time": 0.7, "name": "12skin_02_" },
					{ "time": 0.7666, "name": "12skin_02_" },
					{ "time": 0.8, "name": null },
					{ "time": 14.6, "name": null }
				]
			},
			"12skin_03_": {
				"attachment": [
					{ "time": 0, "name": null },
					{ "time": 0.7666, "name": null },
					{ "time": 0.8, "name": "12skin_03_" },
					{ "time": 0.8666, "name": "12skin_03_" },
					{ "time": 0.9, "name": null },
					{ "time": 14.6, "name": null }
				]
			},
			"12skin_04_": {
				"attachment": [
					{ "time": 0, "name": null },
					{ "time": 0.8666, "name": null },
					{ "time": 0.9, "name": "12skin_04_" },
					{ "time": 0.9666, "name": "12skin_04_" },
					{ "time": 1, "name": null },
					{ "time": 14.6, "name": null }
				]
			},
			"12skin_05_": {
				"attachment": [
					{ "time": 0, "name": null },
					{ "time": 0.9666, "name": null },
					{ "time": 1, "name": "12skin_05_" },
					{ "time": 1.0666, "name": "12skin_05_" },
					{ "time": 1.1, "name": null },
					{ "time": 14.6, "name": null }
				]
			},
			"12skin_06_": {
				"attachment": [
					{ "time": 0, "name": null },
					{ "time": 1.0666, "name": null },
					{ "time": 1.1, "name": "12skin_06_" },
					{ "time": 1.2666, "name": "12skin_06_" },
					{ "time": 1.3, "name": null },
					{ "time": 14.6, "name": null }
				],
				"color": [
					{ "time": 0, "color": "ffffffff", "curve": "stepped" },
					{ "time": 1.0666, "color": "ffffffff", "curve": "stepped" },
					{ "time": 1.1, "color": "ffffffff" },
					{ "time": 1.3666, "color": "ffffff01" },
					{ "time": 1.4, "color": "ffffffff", "curve": "stepped" },
					{ "time": 14.6, "color": "ffffffff" }
				]
			},
			"shuangzi_shouhu_": {
				"attachment": [
					{ "time": 0, "name": null },
					{ "time": 0.2333, "name": null },
					{ "time": 0.2666, "name": "shuangzi_shouhu_" },
					{ "time": 0.8333, "name": "shuangzi_shouhu_" },
					{ "time": 14.6, "name": null }
				],
				"color": [
					{ "time": 0, "color": "ffffffff", "curve": "stepped" },
					{ "time": 0.2333, "color": "ffffffff" },
					{ "time": 0.2666, "color": "ffffff00" },
					{ "time": 0.8333, "color": "ffffff9e" },
					{ "time": 1.2, "color": "ffffffff", "curve": "stepped" },
					{ "time": 1.4, "color": "ffffffff" },
					{ "time": 2.8666, "color": "ffffff85" },
					{ "time": 4.1333, "color": "ffffffff" },
					{ "time": 5.6333, "color": "ffffff85" },
					{ "time": 7.1, "color": "ffffffff" },
					{ "time": 8.6666, "color": "ffffff85" },
					{ "time": 9.9333, "color": "ffffffff" },
					{ "time": 11.4333, "color": "ffffff85" },
					{ "time": 12.9333, "color": "ffffffff" },
					{ "time": 14.5666, "color": "ffffff00" },
					{ "time": 14.6, "color": "ffffffff" }
				]
			},
			"shuangzi_shouhu_V1": {
				"attachment": [
					{ "time": 0, "name": null },
					{ "time": 0.1333, "name": null },
					{ "time": 0.1666, "name": "shuangzi_shouhu_" },
					{ "time": 14.5666, "name": null },
					{ "time": 14.6, "name": null }
				],
				"color": [
					{ "time": 0, "color": "ffffffff", "curve": "stepped" },
					{ "time": 0.1333, "color": "ffffffff" },
					{ "time": 0.1666, "color": "ffffff00" },
					{ "time": 0.3666, "color": "ffffffff" },
					{ "time": 0.8, "color": "ffffff7a" },
					{ "time": 1.0333, "color": "ffffff00", "curve": "stepped" },
					{ "time": 14.5666, "color": "ffffff00" },
					{ "time": 14.6, "color": "ffffffff" }
				]
			}
		},
		"ffd": {
			"default": {
				"shuangzi_shouhu_": {
					"shuangzi_shouhu_": [
						{ "time": 0, "curve": "stepped" },
						{ "time": 0.0333, "curve": "stepped" },
						{ "time": 14.6 }
					]
				},
				"shuangzi_shouhu_V1": {
					"shuangzi_shouhu_": [
						{ "time": 0, "curve": "stepped" },
						{ "time": 0.1333 },
						{
							"time": 0.3666,
							"vertices": [ 60.94603, -83.39123, -60.94604, -83.39123, -60.94604, 83.39123, 60.94603, 83.39123 ]
						},
						{
							"time": 0.8333,
							"vertices": [ 67.49714, -92.35501, -67.49719, -92.35501, -67.49719, 92.35498, 67.49714, 92.35498 ]
						},
						{ "time": 14.6 }
					]
				}
			}
		},
		"drawOrder": [
			{ "time": 0 },
			{ "time": 1.0666 },
			{
				"time": 1.4,
				"offsets": [
					{ "slot": "shuaizi_wai_", "offset": 6 },
					{ "slot": "shuangzi_shouhu_", "offset": 6 },
					{ "slot": "shuangzi_shouhu_V1", "offset": 6 }
				]
			},
			{ "time": 14.6 }
		]
	},
	"show": {
		"slots": {
			"12skin_01_": {
				"attachment": [
					{ "time": 0, "name": null },
					{ "time": 1, "name": null },
					{ "time": 1.5666, "name": null },
					{ "time": 1.6, "name": "12skin_01_" },
					{ "time": 1.6666, "name": "12skin_01_" },
					{ "time": 1.7, "name": null },
					{ "time": 15.6, "name": null }
				]
			},
			"12skin_02_": {
				"attachment": [
					{ "time": 0, "name": null },
					{ "time": 1, "name": null },
					{ "time": 1.6666, "name": null },
					{ "time": 1.7, "name": "12skin_02_" },
					{ "time": 1.7666, "name": "12skin_02_" },
					{ "time": 1.8, "name": null },
					{ "time": 15.6, "name": null }
				]
			},
			"12skin_03_": {
				"attachment": [
					{ "time": 0, "name": null },
					{ "time": 1, "name": null },
					{ "time": 1.7666, "name": null },
					{ "time": 1.8, "name": "12skin_03_" },
					{ "time": 1.8666, "name": "12skin_03_" },
					{ "time": 1.9, "name": null },
					{ "time": 15.6, "name": null }
				]
			},
			"12skin_04_": {
				"attachment": [
					{ "time": 0, "name": null },
					{ "time": 1, "name": null },
					{ "time": 1.8666, "name": null },
					{ "time": 1.9, "name": "12skin_04_" },
					{ "time": 1.9666, "name": "12skin_04_" },
					{ "time": 2, "name": null },
					{ "time": 15.6, "name": null }
				]
			},
			"12skin_05_": {
				"attachment": [
					{ "time": 0, "name": null },
					{ "time": 1, "name": null },
					{ "time": 1.9666, "name": null },
					{ "time": 2, "name": "12skin_05_" },
					{ "time": 2.0666, "name": "12skin_05_" },
					{ "time": 2.1, "name": null },
					{ "time": 15.6, "name": null }
				]
			},
			"12skin_06_": {
				"attachment": [
					{ "time": 0, "name": null },
					{ "time": 1, "name": null },
					{ "time": 2.0666, "name": null },
					{ "time": 2.1, "name": "12skin_06_" },
					{ "time": 2.2666, "name": "12skin_06_" },
					{ "time": 2.3, "name": null },
					{ "time": 15.6, "name": null }
				],
				"color": [
					{ "time": 0, "color": "ffffffff", "curve": "stepped" },
					{ "time": 1, "color": "ffffffff", "curve": "stepped" },
					{ "time": 2.0666, "color": "ffffffff", "curve": "stepped" },
					{ "time": 2.1, "color": "ffffffff" },
					{ "time": 2.3666, "color": "ffffff01" },
					{ "time": 2.4, "color": "ffffffff", "curve": "stepped" },
					{ "time": 15.6, "color": "ffffffff" }
				]
			},
			"shuangzi_shouhu_": {
				"attachment": [
					{ "time": 0, "name": null },
					{ "time": 1, "name": null },
					{ "time": 1.2333, "name": null },
					{ "time": 1.2666, "name": "shuangzi_shouhu_" },
					{ "time": 1.8333, "name": "shuangzi_shouhu_" },
					{ "time": 15.6, "name": null }
				],
				"color": [
					{ "time": 0, "color": "ffffffff", "curve": "stepped" },
					{ "time": 1, "color": "ffffffff", "curve": "stepped" },
					{ "time": 1.2333, "color": "ffffffff" },
					{ "time": 1.2666, "color": "ffffff00" },
					{ "time": 1.8333, "color": "ffffff9e" },
					{ "time": 2.2, "color": "ffffffff", "curve": "stepped" },
					{ "time": 2.4, "color": "ffffffff" },
					{ "time": 3.8666, "color": "ffffff85" },
					{ "time": 5.1333, "color": "ffffffff" },
					{ "time": 6.6333, "color": "ffffff85" },
					{ "time": 8.1, "color": "ffffffff" },
					{ "time": 9.6666, "color": "ffffff85" },
					{ "time": 10.9333, "color": "ffffffff" },
					{ "time": 12.4333, "color": "ffffff85" },
					{ "time": 13.9333, "color": "ffffffff" },
					{ "time": 15.5666, "color": "ffffff00" },
					{ "time": 15.6, "color": "ffffffff" }
				]
			},
			"shuangzi_shouhu_V1": {
				"attachment": [
					{ "time": 0, "name": null },
					{ "time": 1, "name": null },
					{ "time": 1.1333, "name": null },
					{ "time": 1.1666, "name": "shuangzi_shouhu_" },
					{ "time": 15.5666, "name": null },
					{ "time": 15.6, "name": null }
				],
				"color": [
					{ "time": 0, "color": "ffffffff", "curve": "stepped" },
					{ "time": 1, "color": "ffffffff", "curve": "stepped" },
					{ "time": 1.1333, "color": "ffffffff" },
					{ "time": 1.1666, "color": "ffffff00" },
					{ "time": 1.3666, "color": "ffffffff" },
					{ "time": 1.8, "color": "ffffff7a" },
					{ "time": 2.0333, "color": "ffffff00", "curve": "stepped" },
					{ "time": 15.5666, "color": "ffffff00" },
					{ "time": 15.6, "color": "ffffffff" }
				]
			}
		},
		"ffd": {
			"default": {
				"shuangzi_shouhu_": {
					"shuangzi_shouhu_": [
						{ "time": 0, "curve": "stepped" },
						{ "time": 1, "curve": "stepped" },
						{ "time": 1.0333, "curve": "stepped" },
						{ "time": 15.6 }
					]
				},
				"shuangzi_shouhu_V1": {
					"shuangzi_shouhu_": [
						{ "time": 0, "curve": "stepped" },
						{ "time": 1, "curve": "stepped" },
						{ "time": 1.1333 },
						{
							"time": 1.3666,
							"vertices": [ 60.94603, -83.39123, -60.94604, -83.39123, -60.94604, 83.39123, 60.94603, 83.39123 ]
						},
						{
							"time": 1.8333,
							"vertices": [ 67.49714, -92.35501, -67.49719, -92.35501, -67.49719, 92.35498, 67.49714, 92.35498 ]
						},
						{ "time": 15.6 }
					]
				}
			}
		},
		"drawOrder": [
			{ "time": 0 },
			{ "time": 1 },
			{ "time": 2.0666 },
			{
				"time": 2.4,
				"offsets": [
					{ "slot": "shuaizi_wai_", "offset": 6 },
					{ "slot": "shuangzi_shouhu_", "offset": 6 },
					{ "slot": "shuangzi_shouhu_V1", "offset": 6 }
				]
			},
			{ "time": 15.6 }
		]
	}
}
}