{
"skeleton": { "hash": "FpQNDOlJIuP9JYzxA1gh5lygSDc", "spine": "3.7.94", "width": 0, "height": 0, "images": "./images/", "audio": "D:/WORK/COK/皮肤特效/恶龙鹿2皮肤/恶龙融合鹿2皮肤spine/攻击_group/elPF2gj_B" },
"bones": [
	{ "name": "root" },
	{ "name": "ctr", "parent": "root", "x": -13, "y": 33, "scaleX": 1.25, "scaleY": 1.25 },
	{ "name": "elPF2gj_UL_", "parent": "ctr" },
	{ "name": "elPF2gj_UR_", "parent": "ctr" },
	{ "name": "elPF2gj_DL_", "parent": "ctr" },
	{ "name": "elPF2gj_DR_", "parent": "ctr" }
],
"slots": [
	{ "name": "elPF2gj_UL_", "bone": "elPF2gj_UL_" },
	{ "name": "elPF2gj_UR_", "bone": "elPF2gj_UR_" },
	{ "name": "elPF2gj_DL_", "bone": "elPF2gj_DL_" },
	{ "name": "elPF2gj_DR_", "bone": "elPF2gj_DR_" }
],
"skins": {
	"default": {
		"elPF2gj_DL_": {
			"elPF2gj_DL_00066_": { "x": -264, "y": -223, "width": 528, "height": 446 },
			"elPF2gj_DL_00069_": { "x": -264, "y": -223, "width": 528, "height": 446 },
			"elPF2gj_DL_00072_": { "x": -264, "y": -223, "width": 528, "height": 446 },
			"elPF2gj_DL_00075_": { "x": -264, "y": -223, "width": 528, "height": 446 },
			"elPF2gj_DL_00078_": { "x": -264, "y": -223, "width": 528, "height": 446 },
			"elPF2gj_DL_00081_": { "x": -264, "y": -223, "width": 528, "height": 446 },
			"elPF2gj_DL_00084_": { "x": -264, "y": -223, "width": 528, "height": 446 },
			"elPF2gj_DL_00087_": { "x": -264, "y": -223, "width": 528, "height": 446 },
			"elPF2gj_DL_00090_": { "x": -264, "y": -223, "width": 528, "height": 446 },
			"elPF2gj_DL_00093_": { "x": -264, "y": -223, "width": 528, "height": 446 },
			"elPF2gj_DL_00096_": { "x": -264, "y": -223, "width": 528, "height": 446 },
			"elPF2gj_DL_00099_": { "x": -264, "y": -223, "width": 528, "height": 446 },
			"elPF2gj_DL_00102_": { "x": -264, "y": -223, "width": 528, "height": 446 },
			"elPF2gj_DL_00105_": { "x": -264, "y": -223, "width": 528, "height": 446 },
			"elPF2gj_DL_00108_": { "x": -264, "y": -223, "width": 528, "height": 446 },
			"elPF2gj_DL_00111_": { "x": -264, "y": -223, "width": 528, "height": 446 },
			"elPF2gj_DL_00112_": { "x": -264, "y": -223, "width": 528, "height": 446 },
			"elPF2gj_DL_00113_": { "x": -264, "y": -223, "width": 528, "height": 446 }
		},
		"elPF2gj_DR_": {
			"elPF2gj_DR_00066_": { "x": 280, "y": -223, "width": 560, "height": 446 },
			"elPF2gj_DR_00069_": { "x": 280, "y": -223, "width": 560, "height": 446 },
			"elPF2gj_DR_00072_": { "x": 280, "y": -223, "width": 560, "height": 446 },
			"elPF2gj_DR_00075_": { "x": 280, "y": -223, "width": 560, "height": 446 },
			"elPF2gj_DR_00078_": { "x": 280, "y": -223, "width": 560, "height": 446 },
			"elPF2gj_DR_00081_": { "x": 280, "y": -223, "width": 560, "height": 446 },
			"elPF2gj_DR_00084_": { "x": 280, "y": -223, "width": 560, "height": 446 },
			"elPF2gj_DR_00087_": { "x": 280, "y": -223, "width": 560, "height": 446 },
			"elPF2gj_DR_00090_": { "x": 280, "y": -223, "width": 560, "height": 446 },
			"elPF2gj_DR_00093_": { "x": 280, "y": -223, "width": 560, "height": 446 },
			"elPF2gj_DR_00096_": { "x": 280, "y": -223, "width": 560, "height": 446 },
			"elPF2gj_DR_00099_": { "x": 280, "y": -223, "width": 560, "height": 446 },
			"elPF2gj_DR_00102_": { "x": 280, "y": -223, "width": 560, "height": 446 },
			"elPF2gj_DR_00105_": { "x": 280, "y": -223, "width": 560, "height": 446 },
			"elPF2gj_DR_00108_": { "x": 280, "y": -223, "width": 560, "height": 446 },
			"elPF2gj_DR_00111_": { "x": 280, "y": -223, "width": 560, "height": 446 },
			"elPF2gj_DR_00112_": { "x": 280, "y": -223, "width": 560, "height": 446 },
			"elPF2gj_DR_00113_": { "x": 280, "y": -223, "width": 560, "height": 446 }
		},
		"elPF2gj_UL_": {
			"elPF2gj_UL_00066_": { "x": -264, "y": 321, "width": 528, "height": 642 },
			"elPF2gj_UL_00069_": { "x": -264, "y": 321, "width": 528, "height": 642 },
			"elPF2gj_UL_00072_": { "x": -264, "y": 321, "width": 528, "height": 642 },
			"elPF2gj_UL_00075_": { "x": -264, "y": 321, "width": 528, "height": 642 },
			"elPF2gj_UL_00078_": { "x": -264, "y": 321, "width": 528, "height": 642 },
			"elPF2gj_UL_00081_": { "x": -264, "y": 321, "width": 528, "height": 642 },
			"elPF2gj_UL_00084_": { "x": -264, "y": 321, "width": 528, "height": 642 },
			"elPF2gj_UL_00087_": { "x": -264, "y": 321, "width": 528, "height": 642 },
			"elPF2gj_UL_00090_": { "x": -264, "y": 321, "width": 528, "height": 642 },
			"elPF2gj_UL_00093_": { "x": -264, "y": 321, "width": 528, "height": 642 },
			"elPF2gj_UL_00096_": { "x": -264, "y": 321, "width": 528, "height": 642 },
			"elPF2gj_UL_00099_": { "x": -264, "y": 321, "width": 528, "height": 642 },
			"elPF2gj_UL_00102_": { "x": -264, "y": 321, "width": 528, "height": 642 },
			"elPF2gj_UL_00105_": { "x": -264, "y": 321, "width": 528, "height": 642 },
			"elPF2gj_UL_00108_": { "x": -264, "y": 321, "width": 528, "height": 642 },
			"elPF2gj_UL_00111_": { "x": -264, "y": 321, "width": 528, "height": 642 },
			"elPF2gj_UL_00112_": { "x": -264, "y": 321, "width": 528, "height": 642 },
			"elPF2gj_UL_00113_": { "x": -264, "y": 321, "width": 528, "height": 642 }
		},
		"elPF2gj_UR_": {
			"elPF2gj_UR_00066_": { "x": 280, "y": 321, "width": 560, "height": 642 },
			"elPF2gj_UR_00069_": { "x": 280, "y": 321, "width": 560, "height": 642 },
			"elPF2gj_UR_00072_": { "x": 280, "y": 321, "width": 560, "height": 642 },
			"elPF2gj_UR_00075_": { "x": 280, "y": 321, "width": 560, "height": 642 },
			"elPF2gj_UR_00078_": { "x": 280, "y": 321, "width": 560, "height": 642 },
			"elPF2gj_UR_00081_": { "x": 280, "y": 321, "width": 560, "height": 642 },
			"elPF2gj_UR_00084_": { "x": 280, "y": 321, "width": 560, "height": 642 },
			"elPF2gj_UR_00087_": { "x": 280, "y": 321, "width": 560, "height": 642 },
			"elPF2gj_UR_00090_": { "x": 280, "y": 321, "width": 560, "height": 642 },
			"elPF2gj_UR_00093_": { "x": 280, "y": 321, "width": 560, "height": 642 },
			"elPF2gj_UR_00096_": { "x": 280, "y": 321, "width": 560, "height": 642 },
			"elPF2gj_UR_00099_": { "x": 280, "y": 321, "width": 560, "height": 642 },
			"elPF2gj_UR_00102_": { "x": 280, "y": 321, "width": 560, "height": 642 },
			"elPF2gj_UR_00105_": { "x": 280, "y": 321, "width": 560, "height": 642 },
			"elPF2gj_UR_00108_": { "x": 280, "y": 321, "width": 560, "height": 642 },
			"elPF2gj_UR_00111_": { "x": 280, "y": 321, "width": 560, "height": 642 },
			"elPF2gj_UR_00112_": { "x": 280, "y": 321, "width": 560, "height": 642 },
			"elPF2gj_UR_00113_": { "x": 280, "y": 321, "width": 560, "height": 642 }
		}
	}
},
"animations": {
	"animation": {
		"slots": {
			"elPF2gj_DL_": {
				"attachment": [
					{ "time": 2.2, "name": "elPF2gj_DL_00066_" },
					{ "time": 2.3, "name": "elPF2gj_DL_00069_" },
					{ "time": 2.4, "name": "elPF2gj_DL_00072_" },
					{ "time": 2.5, "name": "elPF2gj_DL_00075_" },
					{ "time": 2.6, "name": "elPF2gj_DL_00078_" },
					{ "time": 2.7, "name": "elPF2gj_DL_00081_" },
					{ "time": 2.8, "name": "elPF2gj_DL_00084_" },
					{ "time": 2.9, "name": "elPF2gj_DL_00087_" },
					{ "time": 3, "name": "elPF2gj_DL_00090_" },
					{ "time": 3.1, "name": "elPF2gj_DL_00093_" },
					{ "time": 3.2, "name": "elPF2gj_DL_00096_" },
					{ "time": 3.3, "name": "elPF2gj_DL_00099_" },
					{ "time": 3.4, "name": "elPF2gj_DL_00102_" },
					{ "time": 3.5, "name": "elPF2gj_DL_00105_" },
					{ "time": 3.6, "name": "elPF2gj_DL_00108_" },
					{ "time": 3.7, "name": "elPF2gj_DL_00111_" },
					{ "time": 3.8, "name": "elPF2gj_DL_00112_" },
					{ "time": 3.9, "name": "elPF2gj_DL_00113_" }
				]
			},
			"elPF2gj_DR_": {
				"attachment": [
					{ "time": 2.2, "name": "elPF2gj_DR_00066_" },
					{ "time": 2.3, "name": "elPF2gj_DR_00069_" },
					{ "time": 2.4, "name": "elPF2gj_DR_00072_" },
					{ "time": 2.5, "name": "elPF2gj_DR_00075_" },
					{ "time": 2.6, "name": "elPF2gj_DR_00078_" },
					{ "time": 2.7, "name": "elPF2gj_DR_00081_" },
					{ "time": 2.8, "name": "elPF2gj_DR_00084_" },
					{ "time": 2.9, "name": "elPF2gj_DR_00087_" },
					{ "time": 3, "name": "elPF2gj_DR_00090_" },
					{ "time": 3.1, "name": "elPF2gj_DR_00093_" },
					{ "time": 3.2, "name": "elPF2gj_DR_00096_" },
					{ "time": 3.3, "name": "elPF2gj_DR_00099_" },
					{ "time": 3.4, "name": "elPF2gj_DR_00102_" },
					{ "time": 3.5, "name": "elPF2gj_DR_00105_" },
					{ "time": 3.6, "name": "elPF2gj_DR_00108_" },
					{ "time": 3.7, "name": "elPF2gj_DR_00111_" },
					{ "time": 3.8, "name": "elPF2gj_DR_00112_" },
					{ "time": 3.9, "name": "elPF2gj_DR_00113_" }
				]
			},
			"elPF2gj_UL_": {
				"attachment": [
					{ "time": 2.2, "name": "elPF2gj_UL_00066_" },
					{ "time": 2.3, "name": "elPF2gj_UL_00069_" },
					{ "time": 2.4, "name": "elPF2gj_UL_00072_" },
					{ "time": 2.5, "name": "elPF2gj_UL_00075_" },
					{ "time": 2.6, "name": "elPF2gj_UL_00078_" },
					{ "time": 2.7, "name": "elPF2gj_UL_00081_" },
					{ "time": 2.8, "name": "elPF2gj_UL_00084_" },
					{ "time": 2.9, "name": "elPF2gj_UL_00087_" },
					{ "time": 3, "name": "elPF2gj_UL_00090_" },
					{ "time": 3.1, "name": "elPF2gj_UL_00093_" },
					{ "time": 3.2, "name": "elPF2gj_UL_00096_" },
					{ "time": 3.3, "name": "elPF2gj_UL_00099_" },
					{ "time": 3.4, "name": "elPF2gj_UL_00102_" },
					{ "time": 3.5, "name": "elPF2gj_UL_00105_" },
					{ "time": 3.6, "name": "elPF2gj_UL_00108_" },
					{ "time": 3.7, "name": "elPF2gj_UL_00111_" },
					{ "time": 3.8, "name": "elPF2gj_UL_00112_" },
					{ "time": 3.9, "name": "elPF2gj_UL_00113_" }
				]
			},
			"elPF2gj_UR_": {
				"attachment": [
					{ "time": 2.2, "name": "elPF2gj_UR_00066_" },
					{ "time": 2.3, "name": "elPF2gj_UR_00069_" },
					{ "time": 2.4, "name": "elPF2gj_UR_00072_" },
					{ "time": 2.5, "name": "elPF2gj_UR_00075_" },
					{ "time": 2.6, "name": "elPF2gj_UR_00078_" },
					{ "time": 2.7, "name": "elPF2gj_UR_00081_" },
					{ "time": 2.8, "name": "elPF2gj_UR_00084_" },
					{ "time": 2.9, "name": "elPF2gj_UR_00087_" },
					{ "time": 3, "name": "elPF2gj_UR_00090_" },
					{ "time": 3.1, "name": "elPF2gj_UR_00093_" },
					{ "time": 3.2, "name": "elPF2gj_UR_00096_" },
					{ "time": 3.3, "name": "elPF2gj_UR_00099_" },
					{ "time": 3.4, "name": "elPF2gj_UR_00102_" },
					{ "time": 3.5, "name": "elPF2gj_UR_00105_" },
					{ "time": 3.6, "name": "elPF2gj_UR_00108_" },
					{ "time": 3.7, "name": "elPF2gj_UR_00111_" },
					{ "time": 3.8, "name": "elPF2gj_UR_00112_" },
					{ "time": 3.9, "name": "elPF2gj_UR_00113_" }
				]
			}
		},
		"bones": {
			"ctr": {
				"translate": [
					{ "time": 0, "x": 0, "y": 0 }
				]
			}
		}
	}
}
}