{
"skeleton": { "hash": "jIU1B9khqmFVysLfr+Znh+xQXdM", "spine": "3.7.94", "width": 0, "height": 0 },
"bones": [
	{ "name": "root" },
	{ "name": "bone", "parent": "root", "x": 110, "y": 40, "scaleX": 1.25, "scaleY": 1.25 },
	{ "name": "a", "parent": "bone" },
	{ "name": "b1", "parent": "bone", "x": -359.58, "y": 359.63 },
	{ "name": "b2", "parent": "bone", "x": -119.93, "y": 359.82 },
	{ "name": "b3", "parent": "bone", "x": 122.57, "y": 353.17 },
	{ "name": "b4", "parent": "bone", "x": 124.49, "y": 115.01 },
	{ "name": "b5", "parent": "bone", "x": 121.59, "y": -121.3 },
	{ "name": "b6", "parent": "bone", "x": -118.7, "y": -123.72 },
	{ "name": "b7", "parent": "bone", "x": -359.44, "y": -120.46 },
	{ "name": "b8", "parent": "bone", "x": -358.73, "y": 117.28 }
],
"slots": [
	{ "name": "a_00_", "bone": "a" },
	{ "name": "b1_00_", "bone": "b1" },
	{ "name": "b2_00_", "bone": "b2" },
	{ "name": "b3_00_", "bone": "b3" },
	{ "name": "b4_00_", "bone": "b4" },
	{ "name": "b5_00_", "bone": "b5" },
	{ "name": "b7_00_", "bone": "b7" },
	{ "name": "b6_00_", "bone": "b6" },
	{ "name": "b8_00_", "bone": "b8" }
],
"skins": {
	"default": {
		"a_00_": {
			"a_21_": { "width": 240, "height": 240 },
			"a_22_": { "width": 240, "height": 240 },
			"a_23_": { "width": 240, "height": 240 },
			"a_24_": { "width": 240, "height": 240 },
			"a_25_": { "width": 240, "height": 240 },
			"a_26_": { "width": 240, "height": 240 },
			"a_27_": { "width": 240, "height": 240 },
			"a_28_": { "width": 240, "height": 240 },
			"a_29_": { "width": 240, "height": 240 },
			"a_30_": { "width": 240, "height": 240 },
			"a_31_": { "width": 240, "height": 240 },
			"a_32_": { "width": 240, "height": 240 },
			"a_33_": { "width": 240, "height": 240 },
			"a_34_": { "width": 240, "height": 240 },
			"a_35_": { "width": 240, "height": 240 }
		},
		"b1_00_": {
			"b1_21_": { "x": 119.58, "y": -119.64, "width": 240, "height": 240 },
			"b1_22_": { "x": 119.58, "y": -119.64, "width": 240, "height": 240 },
			"b1_23_": { "x": 119.58, "y": -119.64, "width": 240, "height": 240 },
			"b1_24_": { "x": 119.58, "y": -119.64, "width": 240, "height": 240 },
			"b1_25_": { "x": 119.58, "y": -119.64, "width": 240, "height": 240 },
			"b1_26_": { "x": 119.58, "y": -119.64, "width": 240, "height": 240 },
			"b1_27_": { "x": 119.58, "y": -119.64, "width": 240, "height": 240 },
			"b1_28_": { "x": 119.58, "y": -119.64, "width": 240, "height": 240 },
			"b1_29_": { "x": 119.58, "y": -119.64, "width": 240, "height": 240 },
			"b1_30_": { "x": 119.58, "y": -119.64, "width": 240, "height": 240 },
			"b1_31_": { "x": 119.58, "y": -119.64, "width": 240, "height": 240 },
			"b1_32_": { "x": 119.58, "y": -119.64, "width": 240, "height": 240 },
			"b1_33_": { "x": 119.58, "y": -119.64, "width": 240, "height": 240 },
			"b1_34_": { "x": 119.58, "y": -119.64, "width": 240, "height": 240 },
			"b1_35_": { "x": 119.58, "y": -119.64, "width": 240, "height": 240 }
		},
		"b2_00_": {
			"b2_21_": { "x": 119.95, "y": -119.84, "width": 240, "height": 240 },
			"b2_22_": { "x": 119.95, "y": -119.84, "width": 240, "height": 240 },
			"b2_23_": { "x": 119.95, "y": -119.84, "width": 240, "height": 240 },
			"b2_24_": { "x": 119.95, "y": -119.84, "width": 240, "height": 240 },
			"b2_25_": { "x": 119.95, "y": -119.84, "width": 240, "height": 240 },
			"b2_26_": { "x": 119.95, "y": -119.84, "width": 240, "height": 240 },
			"b2_27_": { "x": 119.95, "y": -119.84, "width": 240, "height": 240 },
			"b2_28_": { "x": 119.95, "y": -119.84, "width": 240, "height": 240 },
			"b2_29_": { "x": 119.95, "y": -119.84, "width": 240, "height": 240 },
			"b2_30_": { "x": 119.95, "y": -119.84, "width": 240, "height": 240 },
			"b2_31_": { "x": 119.95, "y": -119.84, "width": 240, "height": 240 },
			"b2_32_": { "x": 119.95, "y": -119.84, "width": 240, "height": 240 },
			"b2_33_": { "x": 119.95, "y": -119.84, "width": 240, "height": 240 },
			"b2_34_": { "x": 119.95, "y": -119.84, "width": 240, "height": 240 },
			"b2_35_": { "x": 119.95, "y": -119.84, "width": 240, "height": 240 }
		},
		"b3_00_": {
			"b3_21_": { "x": 117.43, "y": -113.17, "width": 240, "height": 240 },
			"b3_22_": { "x": 117.43, "y": -113.17, "width": 240, "height": 240 },
			"b3_23_": { "x": 117.43, "y": -113.17, "width": 240, "height": 240 },
			"b3_24_": { "x": 117.43, "y": -113.17, "width": 240, "height": 240 },
			"b3_25_": { "x": 117.43, "y": -113.17, "width": 240, "height": 240 },
			"b3_26_": { "x": 117.43, "y": -113.17, "width": 240, "height": 240 },
			"b3_27_": { "x": 117.43, "y": -113.17, "width": 240, "height": 240 },
			"b3_28_": { "x": 117.43, "y": -113.17, "width": 240, "height": 240 },
			"b3_29_": { "x": 117.43, "y": -113.17, "width": 240, "height": 240 },
			"b3_30_": { "x": 117.43, "y": -113.17, "width": 240, "height": 240 },
			"b3_31_": { "x": 117.43, "y": -113.17, "width": 240, "height": 240 },
			"b3_32_": { "x": 117.43, "y": -113.17, "width": 240, "height": 240 },
			"b3_33_": { "x": 117.43, "y": -113.17, "width": 240, "height": 240 },
			"b3_34_": { "x": 117.43, "y": -113.17, "width": 240, "height": 240 },
			"b3_35_": { "x": 117.43, "y": -113.17, "width": 240, "height": 240 }
		},
		"b4_00_": {
			"b4_21_": { "x": 115.51, "y": -115.02, "width": 240, "height": 240 },
			"b4_22_": { "x": 115.51, "y": -115.02, "width": 240, "height": 240 },
			"b4_23_": { "x": 115.51, "y": -115.02, "width": 240, "height": 240 },
			"b4_24_": { "x": 115.51, "y": -115.02, "width": 240, "height": 240 },
			"b4_25_": { "x": 115.51, "y": -115.02, "width": 240, "height": 240 },
			"b4_26_": { "x": 115.51, "y": -115.02, "width": 240, "height": 240 },
			"b4_27_": { "x": 115.51, "y": -115.02, "width": 240, "height": 240 },
			"b4_28_": { "x": 115.51, "y": -115.02, "width": 240, "height": 240 },
			"b4_29_": { "x": 115.51, "y": -115.02, "width": 240, "height": 240 },
			"b4_30_": { "x": 115.51, "y": -115.02, "width": 240, "height": 240 },
			"b4_31_": { "x": 115.51, "y": -115.02, "width": 240, "height": 240 },
			"b4_32_": { "x": 115.51, "y": -115.02, "width": 240, "height": 240 },
			"b4_33_": { "x": 115.51, "y": -115.02, "width": 240, "height": 240 },
			"b4_34_": { "x": 115.51, "y": -115.02, "width": 240, "height": 240 },
			"b4_35_": { "x": 115.51, "y": -115.02, "width": 240, "height": 240 }
		},
		"b5_00_": {
			"b5_21_": { "x": 118.41, "y": -118.7, "width": 240, "height": 240 },
			"b5_22_": { "x": 118.41, "y": -118.7, "width": 240, "height": 240 },
			"b5_23_": { "x": 118.41, "y": -118.7, "width": 240, "height": 240 },
			"b5_24_": { "x": 118.41, "y": -118.7, "width": 240, "height": 240 },
			"b5_25_": { "x": 118.41, "y": -118.7, "width": 240, "height": 240 },
			"b5_26_": { "x": 118.41, "y": -118.7, "width": 240, "height": 240 },
			"b5_27_": { "x": 118.41, "y": -118.7, "width": 240, "height": 240 },
			"b5_28_": { "x": 118.41, "y": -118.7, "width": 240, "height": 240 },
			"b5_29_": { "x": 118.41, "y": -118.7, "width": 240, "height": 240 },
			"b5_30_": { "x": 118.41, "y": -118.7, "width": 240, "height": 240 },
			"b5_31_": { "x": 118.41, "y": -118.7, "width": 240, "height": 240 },
			"b5_32_": { "x": 118.41, "y": -118.7, "width": 240, "height": 240 },
			"b5_33_": { "x": 118.41, "y": -118.7, "width": 240, "height": 240 },
			"b5_34_": { "x": 118.41, "y": -118.7, "width": 240, "height": 240 },
			"b5_35_": { "x": 118.41, "y": -118.7, "width": 240, "height": 240 }
		},
		"b6_00_": {
			"b6_21_": { "x": 118.69, "y": -116.28, "width": 240, "height": 240 },
			"b6_22_": { "x": 118.69, "y": -116.28, "width": 240, "height": 240 },
			"b6_23_": { "x": 118.69, "y": -116.28, "width": 240, "height": 240 },
			"b6_24_": { "x": 118.69, "y": -116.28, "width": 240, "height": 240 },
			"b6_25_": { "x": 118.69, "y": -116.28, "width": 240, "height": 240 },
			"b6_26_": { "x": 118.69, "y": -116.28, "width": 240, "height": 240 },
			"b6_27_": { "x": 118.69, "y": -116.28, "width": 240, "height": 240 },
			"b6_28_": { "x": 118.69, "y": -116.28, "width": 240, "height": 240 },
			"b6_29_": { "x": 118.69, "y": -116.28, "width": 240, "height": 240 },
			"b6_30_": { "x": 118.69, "y": -116.28, "width": 240, "height": 240 },
			"b6_31_": { "x": 118.69, "y": -116.28, "width": 240, "height": 240 },
			"b6_32_": { "x": 118.69, "y": -116.28, "width": 240, "height": 240 },
			"b6_33_": { "x": 118.69, "y": -116.28, "width": 240, "height": 240 },
			"b6_34_": { "x": 118.69, "y": -116.28, "width": 240, "height": 240 },
			"b6_35_": { "x": 118.69, "y": -116.28, "width": 240, "height": 240 }
		},
		"b7_00_": {
			"b7_21_": { "x": 119.44, "y": -119.55, "width": 240, "height": 240 },
			"b7_22_": { "x": 119.44, "y": -119.55, "width": 240, "height": 240 },
			"b7_23_": { "x": 119.44, "y": -119.55, "width": 240, "height": 240 },
			"b7_24_": { "x": 119.44, "y": -119.55, "width": 240, "height": 240 },
			"b7_25_": { "x": 119.44, "y": -119.55, "width": 240, "height": 240 },
			"b7_26_": { "x": 119.44, "y": -119.55, "width": 240, "height": 240 },
			"b7_27_": { "x": 119.44, "y": -119.55, "width": 240, "height": 240 },
			"b7_28_": { "x": 119.44, "y": -119.55, "width": 240, "height": 240 },
			"b7_29_": { "x": 119.44, "y": -119.55, "width": 240, "height": 240 },
			"b7_30_": { "x": 119.44, "y": -119.55, "width": 240, "height": 240 },
			"b7_31_": { "x": 119.44, "y": -119.55, "width": 240, "height": 240 },
			"b7_32_": { "x": 119.44, "y": -119.55, "width": 240, "height": 240 },
			"b7_33_": { "x": 119.44, "y": -119.55, "width": 240, "height": 240 },
			"b7_34_": { "x": 119.44, "y": -119.55, "width": 240, "height": 240 },
			"b7_35_": { "x": 119.44, "y": -119.55, "width": 240, "height": 240 }
		},
		"b8_00_": {
			"b8_21_": { "x": 118.73, "y": -117.29, "width": 240, "height": 240 },
			"b8_22_": { "x": 118.73, "y": -117.29, "width": 240, "height": 240 },
			"b8_23_": { "x": 118.73, "y": -117.29, "width": 240, "height": 240 },
			"b8_24_": { "x": 118.73, "y": -117.29, "width": 240, "height": 240 },
			"b8_25_": { "x": 118.73, "y": -117.29, "width": 240, "height": 240 },
			"b8_26_": { "x": 118.73, "y": -117.29, "width": 240, "height": 240 },
			"b8_27_": { "x": 118.73, "y": -117.29, "width": 240, "height": 240 },
			"b8_28_": { "x": 118.73, "y": -117.29, "width": 240, "height": 240 },
			"b8_29_": { "x": 118.73, "y": -117.29, "width": 240, "height": 240 },
			"b8_30_": { "x": 118.73, "y": -117.29, "width": 240, "height": 240 },
			"b8_31_": { "x": 118.73, "y": -117.29, "width": 240, "height": 240 },
			"b8_32_": { "x": 118.73, "y": -117.29, "width": 240, "height": 240 },
			"b8_33_": { "x": 118.73, "y": -117.29, "width": 240, "height": 240 },
			"b8_34_": { "x": 118.73, "y": -117.29, "width": 240, "height": 240 },
			"b8_35_": { "x": 118.73, "y": -117.29, "width": 240, "height": 240 }
		}
	}
},
"animations": {
	"animation": {
		"slots": {
			"a_00_": {
				"attachment": [
					{ "time": 0, "name": null },
					{ "time": 2.3333, "name": "a_21_" },
					{ "time": 2.4333, "name": "a_22_" },
					{ "time": 2.5667, "name": "a_23_" },
					{ "time": 2.6667, "name": "a_24_" },
					{ "time": 2.7667, "name": "a_25_" },
					{ "time": 2.8667, "name": "a_26_" },
					{ "time": 3, "name": "a_27_" },
					{ "time": 3.1, "name": "a_28_" },
					{ "time": 3.2, "name": "a_29_" },
					{ "time": 3.3333, "name": "a_30_" },
					{ "time": 3.4333, "name": "a_31_" },
					{ "time": 3.5333, "name": "a_32_" },
					{ "time": 3.6667, "name": "a_33_" },
					{ "time": 3.7667, "name": "a_34_" },
					{ "time": 3.8667, "name": "a_35_" }
				]
			},
			"b1_00_": {
				"attachment": [
					{ "time": 0, "name": null },
					{ "time": 2.3333, "name": "b1_21_" },
					{ "time": 2.4333, "name": "b1_22_" },
					{ "time": 2.5667, "name": "b1_23_" },
					{ "time": 2.6667, "name": "b1_24_" },
					{ "time": 2.7667, "name": "b1_25_" },
					{ "time": 2.8667, "name": "b1_26_" },
					{ "time": 3, "name": "b1_27_" },
					{ "time": 3.1, "name": "b1_28_" },
					{ "time": 3.2, "name": "b1_29_" },
					{ "time": 3.3333, "name": "b1_30_" },
					{ "time": 3.4333, "name": "b1_31_" },
					{ "time": 3.5333, "name": "b1_32_" },
					{ "time": 3.6667, "name": "b1_33_" },
					{ "time": 3.7667, "name": "b1_34_" },
					{ "time": 3.8667, "name": "b1_35_" }
				]
			},
			"b2_00_": {
				"attachment": [
					{ "time": 0, "name": null },
					{ "time": 2.3333, "name": "b2_21_" },
					{ "time": 2.4333, "name": "b2_22_" },
					{ "time": 2.5667, "name": "b2_23_" },
					{ "time": 2.6667, "name": "b2_24_" },
					{ "time": 2.7667, "name": "b2_25_" },
					{ "time": 2.8667, "name": "b2_26_" },
					{ "time": 3, "name": "b2_27_" },
					{ "time": 3.1, "name": "b2_28_" },
					{ "time": 3.2, "name": "b2_29_" },
					{ "time": 3.3333, "name": "b2_30_" },
					{ "time": 3.4333, "name": "b2_31_" },
					{ "time": 3.5333, "name": "b2_32_" },
					{ "time": 3.6667, "name": "b2_33_" },
					{ "time": 3.7667, "name": "b2_34_" },
					{ "time": 3.8667, "name": "b2_35_" }
				]
			},
			"b3_00_": {
				"attachment": [
					{ "time": 0, "name": null },
					{ "time": 2.3333, "name": "b3_21_" },
					{ "time": 2.4333, "name": "b3_22_" },
					{ "time": 2.5667, "name": "b3_23_" },
					{ "time": 2.6667, "name": "b3_24_" },
					{ "time": 2.7667, "name": "b3_25_" },
					{ "time": 2.8667, "name": "b3_26_" },
					{ "time": 3, "name": "b3_27_" },
					{ "time": 3.1, "name": "b3_28_" },
					{ "time": 3.2, "name": "b3_29_" },
					{ "time": 3.3333, "name": "b3_30_" },
					{ "time": 3.4333, "name": "b3_31_" },
					{ "time": 3.5333, "name": "b3_32_" },
					{ "time": 3.6667, "name": "b3_33_" },
					{ "time": 3.7667, "name": "b3_34_" },
					{ "time": 3.8667, "name": "b3_35_" }
				]
			},
			"b4_00_": {
				"attachment": [
					{ "time": 0, "name": null },
					{ "time": 2.3333, "name": "b4_21_" },
					{ "time": 2.4333, "name": "b4_22_" },
					{ "time": 2.5667, "name": "b4_23_" },
					{ "time": 2.6667, "name": "b4_24_" },
					{ "time": 2.7667, "name": "b4_25_" },
					{ "time": 2.8667, "name": "b4_26_" },
					{ "time": 3, "name": "b4_27_" },
					{ "time": 3.1, "name": "b4_28_" },
					{ "time": 3.2, "name": "b4_29_" },
					{ "time": 3.3333, "name": "b4_30_" },
					{ "time": 3.4333, "name": "b4_31_" },
					{ "time": 3.5333, "name": "b4_32_" },
					{ "time": 3.6667, "name": "b4_33_" },
					{ "time": 3.7667, "name": "b4_34_" },
					{ "time": 3.8667, "name": "b4_35_" }
				]
			},
			"b5_00_": {
				"attachment": [
					{ "time": 0, "name": null },
					{ "time": 2.3333, "name": "b5_21_" },
					{ "time": 2.4333, "name": "b5_22_" },
					{ "time": 2.5667, "name": "b5_23_" },
					{ "time": 2.6667, "name": "b5_24_" },
					{ "time": 2.7667, "name": "b5_25_" },
					{ "time": 2.8667, "name": "b5_26_" },
					{ "time": 3, "name": "b5_27_" },
					{ "time": 3.1, "name": "b5_28_" },
					{ "time": 3.2, "name": "b5_29_" },
					{ "time": 3.3333, "name": "b5_30_" },
					{ "time": 3.4333, "name": "b5_31_" },
					{ "time": 3.5333, "name": "b5_32_" },
					{ "time": 3.6667, "name": "b5_33_" },
					{ "time": 3.7667, "name": "b5_34_" },
					{ "time": 3.8667, "name": "b5_35_" }
				]
			},
			"b6_00_": {
				"attachment": [
					{ "time": 0, "name": null },
					{ "time": 2.3333, "name": "b6_21_" },
					{ "time": 2.4333, "name": "b6_22_" },
					{ "time": 2.5667, "name": "b6_23_" },
					{ "time": 2.6667, "name": "b6_24_" },
					{ "time": 2.7667, "name": "b6_25_" },
					{ "time": 2.8667, "name": "b6_26_" },
					{ "time": 3, "name": "b6_27_" },
					{ "time": 3.1, "name": "b6_28_" },
					{ "time": 3.2, "name": "b6_29_" },
					{ "time": 3.3333, "name": "b6_30_" },
					{ "time": 3.4333, "name": "b6_31_" },
					{ "time": 3.5333, "name": "b6_32_" },
					{ "time": 3.6667, "name": "b6_33_" },
					{ "time": 3.7667, "name": "b6_34_" },
					{ "time": 3.8667, "name": "b6_35_" }
				]
			},
			"b7_00_": {
				"attachment": [
					{ "time": 0, "name": null },
					{ "time": 2.3333, "name": "b7_21_" },
					{ "time": 2.4333, "name": "b7_22_" },
					{ "time": 2.5667, "name": "b7_23_" },
					{ "time": 2.6667, "name": "b7_24_" },
					{ "time": 2.7667, "name": "b7_25_" },
					{ "time": 2.8667, "name": "b7_26_" },
					{ "time": 3, "name": "b7_27_" },
					{ "time": 3.1, "name": "b7_28_" },
					{ "time": 3.2, "name": "b7_29_" },
					{ "time": 3.3333, "name": "b7_30_" },
					{ "time": 3.4333, "name": "b7_31_" },
					{ "time": 3.5333, "name": "b7_32_" },
					{ "time": 3.6667, "name": "b7_33_" },
					{ "time": 3.7667, "name": "b7_34_" },
					{ "time": 3.8667, "name": "b7_35_" }
				]
			},
			"b8_00_": {
				"attachment": [
					{ "time": 0, "name": null },
					{ "time": 2.3333, "name": "b8_21_" },
					{ "time": 2.4333, "name": "b8_22_" },
					{ "time": 2.5667, "name": "b8_23_" },
					{ "time": 2.6667, "name": "b8_24_" },
					{ "time": 2.7667, "name": "b8_25_" },
					{ "time": 2.8667, "name": "b8_26_" },
					{ "time": 3, "name": "b8_27_" },
					{ "time": 3.1, "name": "b8_28_" },
					{ "time": 3.2, "name": "b8_29_" },
					{ "time": 3.3333, "name": "b8_30_" },
					{ "time": 3.4333, "name": "b8_31_" },
					{ "time": 3.5333, "name": "b8_32_" },
					{ "time": 3.6667, "name": "b8_33_" },
					{ "time": 3.7667, "name": "b8_34_" },
					{ "time": 3.8667, "name": "b8_35_" }
				]
			}
		}
	}
}
}