{
"skeleton": { "hash": "yVow4f95zybcMPxUgk7r1foGtVA", "spine": "2.1.27", "width": 718, "height": 511.99 },
"bones": [
	{ "name": "root" }
],
"slots": [
	{ "name": "niulangzhinv_01_", "bone": "root", "color": "ffffffc6", "attachment": "niulangzhinv_01_", "blend": "additive" },
	{ "name": "niulangzhinv_02_", "bone": "root", "color": "ffffffc6", "attachment": "niulangzhinv_02_", "blend": "additive" },
	{ "name": "niulangzhinv_03_", "bone": "root", "color": "ffffffc6", "attachment": "niulangzhinv_03_", "blend": "additive" },
	{ "name": "niulangzhinv_04_", "bone": "root", "color": "ffffffc6", "attachment": "niulangzhinv_04_", "blend": "additive" },
	{ "name": "niulangzhinv_05_", "bone": "root", "color": "ffffffc6", "attachment": "niulangzhinv_05_", "blend": "additive" },
	{ "name": "niulangzhinv_06_", "bone": "root", "color": "ffffffc6", "attachment": "niulangzhinv_06_", "blend": "additive" },
	{ "name": "niulangzhinv_07_", "bone": "root", "color": "ffffffc6", "attachment": "niulangzhinv_07_", "blend": "additive" },
	{ "name": "niulangzhinv_08_", "bone": "root", "color": "ffffffc6", "attachment": "niulangzhinv_08_", "blend": "additive" },
	{ "name": "niulangzhinv_09_", "bone": "root", "color": "ffffffc6", "attachment": "niulangzhinv_09_", "blend": "additive" },
	{ "name": "niulangzhinv_10_", "bone": "root", "color": "ffffffc6", "attachment": "niulangzhinv_10_", "blend": "additive" },
	{ "name": "niulangzhinv_11_", "bone": "root", "color": "ffffffc6", "attachment": "niulangzhinv_11_", "blend": "additive" },
	{ "name": "niulangzhinv_12_", "bone": "root", "color": "ffffffc6", "attachment": "niulangzhinv_12_", "blend": "additive" },
	{ "name": "niulangzhinv_13_", "bone": "root", "color": "ffffffc6", "attachment": "niulangzhinv_13_", "blend": "additive" },
	{ "name": "niulangzhinv_14_", "bone": "root", "color": "ffffffc6", "attachment": "niulangzhinv_14_", "blend": "additive" },
	{ "name": "niulangzhinv_15_", "bone": "root", "color": "ffffffc6", "attachment": "niulangzhinv_15_", "blend": "additive" }
],
"skins": {
	"default": {
		"niulangzhinv_01_": {
			"niulangzhinv_01_": { "x": -60.48, "y": 216.67, "width": 254, "height": 243 }
		},
		"niulangzhinv_02_": {
			"niulangzhinv_02_": { "x": -53.48, "y": 178.67, "width": 518, "height": 325 }
		},
		"niulangzhinv_03_": {
			"niulangzhinv_03_": { "x": -31.98, "y": 224.67, "width": 559, "height": 415 }
		},
		"niulangzhinv_04_": {
			"niulangzhinv_04_": { "x": -15.48, "y": 264.17, "width": 604, "height": 490 }
		},
		"niulangzhinv_05_": {
			"niulangzhinv_05_": { "x": -15.98, "y": 260.17, "width": 595, "height": 482 }
		},
		"niulangzhinv_06_": {
			"niulangzhinv_06_": { "x": -19.48, "y": 256.17, "width": 582, "height": 472 }
		},
		"niulangzhinv_07_": {
			"niulangzhinv_07_": { "x": -15.98, "y": 270.17, "width": 653, "height": 498 }
		},
		"niulangzhinv_08_": {
			"niulangzhinv_08_": { "x": -4.98, "y": 264.67, "width": 711, "height": 509 }
		},
		"niulangzhinv_09_": {
			"niulangzhinv_09_": { "x": -45.98, "y": 262.67, "width": 643, "height": 511 }
		},
		"niulangzhinv_10_": {
			"niulangzhinv_10_": { "x": -27.98, "y": 257.67, "width": 541, "height": 501 }
		},
		"niulangzhinv_11_": {
			"niulangzhinv_11_": { "x": -27.48, "y": 277.17, "width": 536, "height": 440 }
		},
		"niulangzhinv_12_": {
			"niulangzhinv_12_": { "x": -26.98, "y": 274.67, "width": 533, "height": 429 }
		},
		"niulangzhinv_13_": {
			"niulangzhinv_13_": { "x": -25.98, "y": 269.17, "width": 527, "height": 412 }
		},
		"niulangzhinv_14_": {
			"niulangzhinv_14_": { "x": -73.48, "y": 381.67, "width": 424, "height": 171 }
		},
		"niulangzhinv_15_": {
			"niulangzhinv_15_": { "x": 25.51, "y": 380.17, "width": 182, "height": 154 }
		}
	}
},
"animations": {
	"animation": {
		"slots": {
			"niulangzhinv_01_": {
				"attachment": [
					{ "time": 0, "name": null },
					{ "time": 0.1666, "name": "niulangzhinv_01_" },
					{ "time": 0.3333, "name": null },
					{ "time": 2.6666, "name": null }
				]
			},
			"niulangzhinv_02_": {
				"attachment": [
					{ "time": 0, "name": null },
					{ "time": 0.1666, "name": null },
					{ "time": 0.3333, "name": "niulangzhinv_02_" },
					{ "time": 0.5, "name": null },
					{ "time": 2.6666, "name": null }
				]
			},
			"niulangzhinv_03_": {
				"attachment": [
					{ "time": 0, "name": null },
					{ "time": 0.3333, "name": null },
					{ "time": 0.5, "name": "niulangzhinv_03_" },
					{ "time": 0.6666, "name": null },
					{ "time": 2.6666, "name": null }
				]
			},
			"niulangzhinv_04_": {
				"attachment": [
					{ "time": 0, "name": null },
					{ "time": 0.5, "name": null },
					{ "time": 0.6666, "name": "niulangzhinv_04_" },
					{ "time": 0.8333, "name": null },
					{ "time": 2.6666, "name": null }
				]
			},
			"niulangzhinv_05_": {
				"attachment": [
					{ "time": 0, "name": null },
					{ "time": 0.6666, "name": null },
					{ "time": 0.8333, "name": "niulangzhinv_05_" },
					{ "time": 1, "name": null },
					{ "time": 2.6666, "name": null }
				]
			},
			"niulangzhinv_06_": {
				"attachment": [
					{ "time": 0, "name": null },
					{ "time": 0.8333, "name": null },
					{ "time": 1, "name": "niulangzhinv_06_" },
					{ "time": 1.1666, "name": null },
					{ "time": 2.6666, "name": null }
				]
			},
			"niulangzhinv_07_": {
				"attachment": [
					{ "time": 0, "name": null },
					{ "time": 1, "name": null },
					{ "time": 1.1666, "name": "niulangzhinv_07_" },
					{ "time": 1.3333, "name": null },
					{ "time": 2.6666, "name": null }
				]
			},
			"niulangzhinv_08_": {
				"attachment": [
					{ "time": 0, "name": null },
					{ "time": 1.1666, "name": null },
					{ "time": 1.3333, "name": "niulangzhinv_08_" },
					{ "time": 1.5, "name": null },
					{ "time": 2.6666, "name": null }
				]
			},
			"niulangzhinv_09_": {
				"attachment": [
					{ "time": 0, "name": null },
					{ "time": 1.3333, "name": null },
					{ "time": 1.5, "name": "niulangzhinv_09_" },
					{ "time": 1.6666, "name": null },
					{ "time": 2.6666, "name": null }
				]
			},
			"niulangzhinv_10_": {
				"attachment": [
					{ "time": 0, "name": null },
					{ "time": 1.5, "name": null },
					{ "time": 1.6666, "name": "niulangzhinv_10_" },
					{ "time": 1.8333, "name": null },
					{ "time": 2.6666, "name": null }
				]
			},
			"niulangzhinv_11_": {
				"attachment": [
					{ "time": 0, "name": null },
					{ "time": 1.6666, "name": null },
					{ "time": 1.8333, "name": "niulangzhinv_11_" },
					{ "time": 2, "name": null },
					{ "time": 2.6666, "name": null }
				]
			},
			"niulangzhinv_12_": {
				"attachment": [
					{ "time": 0, "name": null },
					{ "time": 1.8333, "name": null },
					{ "time": 2, "name": "niulangzhinv_12_" },
					{ "time": 2.1666, "name": null },
					{ "time": 2.6666, "name": null }
				]
			},
			"niulangzhinv_13_": {
				"attachment": [
					{ "time": 0, "name": null },
					{ "time": 2, "name": null },
					{ "time": 2.1666, "name": "niulangzhinv_13_" },
					{ "time": 2.3333, "name": null },
					{ "time": 2.6666, "name": null }
				]
			},
			"niulangzhinv_14_": {
				"attachment": [
					{ "time": 0, "name": null },
					{ "time": 2.1666, "name": null },
					{ "time": 2.3333, "name": "niulangzhinv_14_" },
					{ "time": 2.5, "name": null },
					{ "time": 2.6666, "name": null }
				]
			},
			"niulangzhinv_15_": {
				"attachment": [
					{ "time": 0, "name": null },
					{ "time": 2.3333, "name": null },
					{ "time": 2.5, "name": "niulangzhinv_15_" },
					{ "time": 2.6666, "name": null }
				]
			}
		}
	}
}
}