{"skeleton":{"hash":"M7dw0zHL0MUXd/kNEB94X/f8vSU","spine":"3.7.94","width":957.83,"height":456.68,"images":"","audio":""},"bones":[{"name":"root"},{"name":"bone","parent":"root","x":-116.79,"y":93.27},{"name":"bone2","parent":"root","x":116.27,"y":93.27,"scaleX":-1},{"name":"bone3","parent":"root","x":-152.21,"y":97.17},{"name":"bone4","parent":"root","x":150.76,"y":97.17,"scaleX":-1}],"slots":[{"name":"guangqiu_","bone":"bone3","color":"1cb6ffff","attachment":"guangqiu_"},{"name":"guangqiu_2","bone":"bone4","color":"1cb6ffff","attachment":"guangqiu_"},{"name":"a","bone":"bone","attachment":"feimacb_a_00_"},{"name":"a2","bone":"bone2","attachment":"feimacb_a_00_"},{"name":"b","bone":"bone","attachment":"feimacb_b_00_"},{"name":"b2","bone":"bone2","attachment":"feimacb_b_00_"}],"skins":{"default":{"a":{"feimacb_a_00_":{"x":-201.35,"y":77.05,"width":322,"height":456},"feimacb_a_01_":{"x":-201.35,"y":77.05,"width":322,"height":456},"feimacb_a_02_":{"x":-201.35,"y":77.05,"width":322,"height":456},"feimacb_a_03_":{"x":-201.35,"y":77.05,"width":322,"height":456},"feimacb_a_04_":{"x":-201.35,"y":77.05,"width":322,"height":456},"feimacb_a_05_":{"x":-201.35,"y":77.05,"width":322,"height":456},"feimacb_a_06_":{"x":-201.35,"y":77.05,"width":322,"height":456},"feimacb_a_07_":{"x":-201.35,"y":77.05,"width":322,"height":456},"feimacb_a_08_":{"x":-201.35,"y":77.05,"width":322,"height":456},"feimacb_a_09_":{"x":-201.35,"y":77.05,"width":322,"height":456},"feimacb_a_10_":{"x":-201.35,"y":77.05,"width":322,"height":456},"feimacb_a_11_":{"x":-201.35,"y":77.05,"width":322,"height":456},"feimacb_a_12_":{"x":-201.35,"y":77.05,"width":322,"height":456},"feimacb_a_13_":{"x":-201.35,"y":77.05,"width":322,"height":456},"feimacb_a_14_":{"x":-201.35,"y":77.05,"width":322,"height":456},"feimacb_a_15_":{"x":-201.35,"y":77.05,"width":322,"height":456},"feimacb_a_16_":{"x":-201.35,"y":77.05,"width":322,"height":456},"feimacb_a_17_":{"x":-201.35,"y":77.05,"width":322,"height":456},"feimacb_a_18_":{"x":-201.35,"y":77.05,"width":322,"height":456},"feimacb_a_19_":{"x":-201.35,"y":77.05,"width":322,"height":456},"feimacb_a_20_":{"x":-201.35,"y":77.05,"width":322,"height":456},"feimacb_a_21_":{"x":-201.35,"y":77.05,"width":322,"height":456},"feimacb_a_22_":{"x":-201.35,"y":77.05,"width":322,"height":456},"feimacb_a_23_":{"x":-201.35,"y":77.05,"width":322,"height":456}},"a2":{"feimacb_a_00_":{"x":-201.42,"y":77.05,"width":322,"height":456},"feimacb_a_01_":{"x":-201.42,"y":77.05,"width":322,"height":456},"feimacb_a_02_":{"x":-201.42,"y":77.05,"width":322,"height":456},"feimacb_a_03_":{"x":-201.42,"y":77.05,"width":322,"height":456},"feimacb_a_04_":{"x":-201.42,"y":77.05,"width":322,"height":456},"feimacb_a_05_":{"x":-201.42,"y":77.05,"width":322,"height":456},"feimacb_a_06_":{"x":-201.42,"y":77.05,"width":322,"height":456},"feimacb_a_07_":{"x":-201.42,"y":77.05,"width":322,"height":456},"feimacb_a_08_":{"x":-201.42,"y":77.05,"width":322,"height":456},"feimacb_a_09_":{"x":-201.42,"y":77.05,"width":322,"height":456},"feimacb_a_10_":{"x":-201.42,"y":77.05,"width":322,"height":456},"feimacb_a_11_":{"x":-201.42,"y":77.05,"width":322,"height":456},"feimacb_a_12_":{"x":-201.42,"y":77.05,"width":322,"height":456},"feimacb_a_13_":{"x":-201.42,"y":77.05,"width":322,"height":456},"feimacb_a_14_":{"x":-201.42,"y":77.05,"width":322,"height":456},"feimacb_a_15_":{"x":-201.42,"y":77.05,"width":322,"height":456},"feimacb_a_16_":{"x":-201.42,"y":77.05,"width":322,"height":456},"feimacb_a_17_":{"x":-201.42,"y":77.05,"width":322,"height":456},"feimacb_a_18_":{"x":-201.42,"y":77.05,"width":322,"height":456},"feimacb_a_19_":{"x":-201.42,"y":77.05,"width":322,"height":456},"feimacb_a_20_":{"x":-201.42,"y":77.05,"width":322,"height":456},"feimacb_a_21_":{"x":-201.42,"y":77.05,"width":322,"height":456},"feimacb_a_22_":{"x":-201.42,"y":77.05,"width":322,"height":456},"feimacb_a_23_":{"x":-201.42,"y":77.05,"width":322,"height":456}},"b":{"feimacb_b_00_":{"x":20.42,"y":8.37,"width":122,"height":320},"feimacb_b_01_":{"x":20.42,"y":8.37,"width":122,"height":320},"feimacb_b_02_":{"x":20.42,"y":8.37,"width":122,"height":320},"feimacb_b_03_":{"x":20.42,"y":8.37,"width":122,"height":320},"feimacb_b_04_":{"x":20.42,"y":8.37,"width":122,"height":320},"feimacb_b_05_":{"x":20.42,"y":8.37,"width":122,"height":320},"feimacb_b_06_":{"x":20.42,"y":8.37,"width":122,"height":320},"feimacb_b_07_":{"x":20.42,"y":8.37,"width":122,"height":320},"feimacb_b_08_":{"x":20.42,"y":8.37,"width":122,"height":320},"feimacb_b_09_":{"x":20.42,"y":8.37,"width":122,"height":320},"feimacb_b_10_":{"x":20.42,"y":8.37,"width":122,"height":320},"feimacb_b_11_":{"x":20.42,"y":8.37,"width":122,"height":320},"feimacb_b_12_":{"x":20.42,"y":8.37,"width":122,"height":320},"feimacb_b_13_":{"x":20.42,"y":8.37,"width":122,"height":320},"feimacb_b_14_":{"x":20.42,"y":8.37,"width":122,"height":320},"feimacb_b_15_":{"x":20.42,"y":8.37,"width":122,"height":320},"feimacb_b_16_":{"x":20.42,"y":8.37,"width":122,"height":320},"feimacb_b_17_":{"x":20.42,"y":8.37,"width":122,"height":320},"feimacb_b_18_":{"x":20.42,"y":8.37,"width":122,"height":320},"feimacb_b_19_":{"x":20.42,"y":8.37,"width":122,"height":320},"feimacb_b_20_":{"x":20.42,"y":8.37,"width":122,"height":320},"feimacb_b_21_":{"x":20.42,"y":8.37,"width":122,"height":320},"feimacb_b_22_":{"x":20.42,"y":8.37,"width":122,"height":320},"feimacb_b_23_":{"x":20.42,"y":8.37,"width":122,"height":320}},"b2":{"feimacb_b_00_":{"x":20.42,"y":8.37,"width":122,"height":320},"feimacb_b_01_":{"x":20.42,"y":8.37,"width":122,"height":320},"feimacb_b_02_":{"x":20.42,"y":8.37,"width":122,"height":320},"feimacb_b_03_":{"x":20.42,"y":8.37,"width":122,"height":320},"feimacb_b_04_":{"x":20.42,"y":8.37,"width":122,"height":320},"feimacb_b_05_":{"x":20.42,"y":8.37,"width":122,"height":320},"feimacb_b_06_":{"x":20.42,"y":8.37,"width":122,"height":320},"feimacb_b_07_":{"x":20.42,"y":8.37,"width":122,"height":320},"feimacb_b_08_":{"x":20.42,"y":8.37,"width":122,"height":320},"feimacb_b_09_":{"x":20.42,"y":8.37,"width":122,"height":320},"feimacb_b_10_":{"x":20.42,"y":8.37,"width":122,"height":320},"feimacb_b_11_":{"x":20.42,"y":8.37,"width":122,"height":320},"feimacb_b_12_":{"x":20.42,"y":8.37,"width":122,"height":320},"feimacb_b_13_":{"x":20.42,"y":8.37,"width":122,"height":320},"feimacb_b_14_":{"x":20.42,"y":8.37,"width":122,"height":320},"feimacb_b_15_":{"x":20.42,"y":8.37,"width":122,"height":320},"feimacb_b_16_":{"x":20.42,"y":8.37,"width":122,"height":320},"feimacb_b_17_":{"x":20.42,"y":8.37,"width":122,"height":320},"feimacb_b_18_":{"x":20.42,"y":8.37,"width":122,"height":320},"feimacb_b_19_":{"x":20.42,"y":8.37,"width":122,"height":320},"feimacb_b_20_":{"x":20.42,"y":8.37,"width":122,"height":320},"feimacb_b_21_":{"x":20.42,"y":8.37,"width":122,"height":320},"feimacb_b_22_":{"x":20.42,"y":8.37,"width":122,"height":320},"feimacb_b_23_":{"x":20.42,"y":8.37,"width":122,"height":320}},"guangqiu_":{"guangqiu_":{"x":-1.69,"y":10.58,"scaleX":2.327,"scaleY":4.599,"width":64,"height":60}},"guangqiu_2":{"guangqiu_":{"x":-1.69,"y":10.58,"scaleX":2.327,"scaleY":4.599,"width":64,"height":60}}}},"animations":{"animation":{"slots":{"a":{"attachment":[{"time":0.0667,"name":"feimacb_a_01_"},{"time":0.1333,"name":"feimacb_a_02_"},{"time":0.2,"name":"feimacb_a_03_"},{"time":0.2667,"name":"feimacb_a_04_"},{"time":0.3333,"name":"feimacb_a_05_"},{"time":0.4,"name":"feimacb_a_06_"},{"time":0.4667,"name":"feimacb_a_07_"},{"time":0.5333,"name":"feimacb_a_08_"},{"time":0.6,"name":"feimacb_a_09_"},{"time":0.6667,"name":"feimacb_a_10_"},{"time":0.7333,"name":"feimacb_a_11_"},{"time":0.8,"name":"feimacb_a_12_"},{"time":0.8667,"name":"feimacb_a_13_"},{"time":0.9333,"name":"feimacb_a_14_"},{"time":1,"name":"feimacb_a_15_"},{"time":1.0667,"name":"feimacb_a_16_"},{"time":1.1333,"name":"feimacb_a_17_"},{"time":1.2,"name":"feimacb_a_18_"},{"time":1.2667,"name":"feimacb_a_19_"},{"time":1.3333,"name":"feimacb_a_20_"},{"time":1.4,"name":"feimacb_a_21_"},{"time":1.4667,"name":"feimacb_a_22_"},{"time":1.5333,"name":"feimacb_a_23_"},{"time":1.6,"name":"feimacb_a_00_"}]},"a2":{"attachment":[{"time":0.0667,"name":"feimacb_a_01_"},{"time":0.1333,"name":"feimacb_a_02_"},{"time":0.2,"name":"feimacb_a_03_"},{"time":0.2667,"name":"feimacb_a_04_"},{"time":0.3333,"name":"feimacb_a_05_"},{"time":0.4,"name":"feimacb_a_06_"},{"time":0.4667,"name":"feimacb_a_07_"},{"time":0.5333,"name":"feimacb_a_08_"},{"time":0.6,"name":"feimacb_a_09_"},{"time":0.6667,"name":"feimacb_a_10_"},{"time":0.7333,"name":"feimacb_a_11_"},{"time":0.8,"name":"feimacb_a_12_"},{"time":0.8667,"name":"feimacb_a_13_"},{"time":0.9333,"name":"feimacb_a_14_"},{"time":1,"name":"feimacb_a_15_"},{"time":1.0667,"name":"feimacb_a_16_"},{"time":1.1333,"name":"feimacb_a_17_"},{"time":1.2,"name":"feimacb_a_18_"},{"time":1.2667,"name":"feimacb_a_19_"},{"time":1.3333,"name":"feimacb_a_20_"},{"time":1.4,"name":"feimacb_a_21_"},{"time":1.4667,"name":"feimacb_a_22_"},{"time":1.5333,"name":"feimacb_a_23_"},{"time":1.6,"name":"feimacb_a_00_"}]},"b":{"attachment":[{"time":0.0667,"name":"feimacb_b_01_"},{"time":0.1333,"name":"feimacb_b_02_"},{"time":0.2,"name":"feimacb_b_03_"},{"time":0.2667,"name":"feimacb_b_04_"},{"time":0.3333,"name":"feimacb_b_05_"},{"time":0.4,"name":"feimacb_b_06_"},{"time":0.4667,"name":"feimacb_b_07_"},{"time":0.5333,"name":"feimacb_b_08_"},{"time":0.6,"name":"feimacb_b_09_"},{"time":0.6667,"name":"feimacb_b_10_"},{"time":0.7333,"name":"feimacb_b_11_"},{"time":0.8,"name":"feimacb_b_12_"},{"time":0.8667,"name":"feimacb_b_13_"},{"time":0.9333,"name":"feimacb_b_14_"},{"time":1,"name":"feimacb_b_15_"},{"time":1.0667,"name":"feimacb_b_16_"},{"time":1.1333,"name":"feimacb_b_17_"},{"time":1.2,"name":"feimacb_b_18_"},{"time":1.2667,"name":"feimacb_b_19_"},{"time":1.3333,"name":"feimacb_b_20_"},{"time":1.4,"name":"feimacb_b_21_"},{"time":1.4667,"name":"feimacb_b_22_"},{"time":1.5333,"name":"feimacb_b_23_"},{"time":1.6,"name":"feimacb_b_00_"}]},"b2":{"attachment":[{"time":0.0667,"name":"feimacb_b_01_"},{"time":0.1333,"name":"feimacb_b_02_"},{"time":0.2,"name":"feimacb_b_03_"},{"time":0.2667,"name":"feimacb_b_04_"},{"time":0.3333,"name":"feimacb_b_05_"},{"time":0.4,"name":"feimacb_b_06_"},{"time":0.4667,"name":"feimacb_b_07_"},{"time":0.5333,"name":"feimacb_b_08_"},{"time":0.6,"name":"feimacb_b_09_"},{"time":0.6667,"name":"feimacb_b_10_"},{"time":0.7333,"name":"feimacb_b_11_"},{"time":0.8,"name":"feimacb_b_12_"},{"time":0.8667,"name":"feimacb_b_13_"},{"time":0.9333,"name":"feimacb_b_14_"},{"time":1,"name":"feimacb_b_15_"},{"time":1.0667,"name":"feimacb_b_16_"},{"time":1.1333,"name":"feimacb_b_17_"},{"time":1.2,"name":"feimacb_b_18_"},{"time":1.2667,"name":"feimacb_b_19_"},{"time":1.3333,"name":"feimacb_b_20_"},{"time":1.4,"name":"feimacb_b_21_"},{"time":1.4667,"name":"feimacb_b_22_"},{"time":1.5333,"name":"feimacb_b_23_"},{"time":1.6,"name":"feimacb_b_00_"}]}},"bones":{"bone3":{"translate":[{"time":0,"x":0,"y":0},{"time":0.4667,"x":0,"y":13.82},{"time":0.8,"x":0,"y":47.77},{"time":1.6,"x":0,"y":0}]},"bone4":{"translate":[{"time":0,"x":0,"y":0},{"time":0.4667,"x":0,"y":13.82},{"time":0.8,"x":0,"y":47.77},{"time":1.6,"x":0,"y":0}]}}}}}