{"skeleton":{"hash":"HGuqOv839ID66BbG1eVBGvAgUlU","spine":"3.7.94","width":0,"height":0,"images":"./images/","audio":"F:/COK项目/Spine工程/光环—火山Spine/火山光环前景_group/gh_hs_front_B"},"bones":[{"name":"root"},{"name":"ctr","parent":"root"},{"name":"ghhsfront_UL_","parent":"ctr"},{"name":"ghhsfront_UR_","parent":"ctr"},{"name":"ghhsfront_DL_","parent":"ctr"},{"name":"ghhsfront_DR_","parent":"ctr"}],"slots":[{"name":"ghhsfront_UL_","bone":"ghhsfront_UL_"},{"name":"ghhsfront_UR_","bone":"ghhsfront_UR_"},{"name":"ghhsfront_DL_","bone":"ghhsfront_DL_"},{"name":"ghhsfront_DR_","bone":"ghhsfront_DR_"}],"skins":{"default":{"ghhsfront_DL_":{"ghhsfront_DL_33_":{"x":-144,"y":-175,"width":288,"height":350},"ghhsfront_DL_36_":{"x":-144,"y":-175,"width":288,"height":350},"ghhsfront_DL_39_":{"x":-144,"y":-175,"width":288,"height":350},"ghhsfront_DL_42_":{"x":-144,"y":-175,"width":288,"height":350},"ghhsfront_DL_45_":{"x":-144,"y":-175,"width":288,"height":350},"ghhsfront_DL_48_":{"x":-144,"y":-175,"width":288,"height":350},"ghhsfront_DL_51_":{"x":-144,"y":-175,"width":288,"height":350},"ghhsfront_DL_54_":{"x":-144,"y":-175,"width":288,"height":350},"ghhsfront_DL_57_":{"x":-144,"y":-175,"width":288,"height":350},"ghhsfront_DL_58_":{"x":-144,"y":-175,"width":288,"height":350},"ghhsfront_DL_59_":{"x":-144,"y":-175,"width":288,"height":350}},"ghhsfront_DR_":{"ghhsfront_DR_33_":{"x":144,"y":-175,"width":288,"height":350},"ghhsfront_DR_36_":{"x":144,"y":-175,"width":288,"height":350},"ghhsfront_DR_39_":{"x":144,"y":-175,"width":288,"height":350},"ghhsfront_DR_42_":{"x":144,"y":-175,"width":288,"height":350},"ghhsfront_DR_45_":{"x":144,"y":-175,"width":288,"height":350},"ghhsfront_DR_48_":{"x":144,"y":-175,"width":288,"height":350},"ghhsfront_DR_51_":{"x":144,"y":-175,"width":288,"height":350},"ghhsfront_DR_54_":{"x":144,"y":-175,"width":288,"height":350},"ghhsfront_DR_57_":{"x":144,"y":-175,"width":288,"height":350},"ghhsfront_DR_58_":{"x":144,"y":-175,"width":288,"height":350},"ghhsfront_DR_59_":{"x":144,"y":-175,"width":288,"height":350}},"ghhsfront_UL_":{"ghhsfront_UL_33_":{"x":-144,"y":185,"width":288,"height":370},"ghhsfront_UL_36_":{"x":-144,"y":185,"width":288,"height":370},"ghhsfront_UL_39_":{"x":-144,"y":185,"width":288,"height":370},"ghhsfront_UL_42_":{"x":-144,"y":185,"width":288,"height":370},"ghhsfront_UL_45_":{"x":-144,"y":185,"width":288,"height":370},"ghhsfront_UL_48_":{"x":-144,"y":185,"width":288,"height":370},"ghhsfront_UL_51_":{"x":-144,"y":185,"width":288,"height":370},"ghhsfront_UL_54_":{"x":-144,"y":185,"width":288,"height":370},"ghhsfront_UL_57_":{"x":-144,"y":185,"width":288,"height":370},"ghhsfront_UL_58_":{"x":-144,"y":185,"width":288,"height":370},"ghhsfront_UL_59_":{"x":-144,"y":185,"width":288,"height":370}},"ghhsfront_UR_":{"ghhsfront_UR_33_":{"x":144,"y":185,"width":288,"height":370},"ghhsfront_UR_36_":{"x":144,"y":185,"width":288,"height":370},"ghhsfront_UR_39_":{"x":144,"y":185,"width":288,"height":370},"ghhsfront_UR_42_":{"x":144,"y":185,"width":288,"height":370},"ghhsfront_UR_45_":{"x":144,"y":185,"width":288,"height":370},"ghhsfront_UR_48_":{"x":144,"y":185,"width":288,"height":370},"ghhsfront_UR_51_":{"x":144,"y":185,"width":288,"height":370},"ghhsfront_UR_54_":{"x":144,"y":185,"width":288,"height":370},"ghhsfront_UR_57_":{"x":144,"y":185,"width":288,"height":370},"ghhsfront_UR_58_":{"x":144,"y":185,"width":288,"height":370},"ghhsfront_UR_59_":{"x":144,"y":185,"width":288,"height":370}}}},"animations":{"animation":{"slots":{"ghhsfront_DL_":{"attachment":[{"time":1.1,"name":"ghhsfront_DL_33_"},{"time":1.2,"name":"ghhsfront_DL_36_"},{"time":1.3,"name":"ghhsfront_DL_39_"},{"time":1.4,"name":"ghhsfront_DL_42_"},{"time":1.5,"name":"ghhsfront_DL_45_"},{"time":1.6,"name":"ghhsfront_DL_48_"},{"time":1.7,"name":"ghhsfront_DL_51_"},{"time":1.8,"name":"ghhsfront_DL_54_"},{"time":1.9,"name":"ghhsfront_DL_57_"},{"time":2,"name":"ghhsfront_DL_58_"},{"time":2.1,"name":"ghhsfront_DL_59_"},{"time":2.2,"name":null}]},"ghhsfront_DR_":{"attachment":[{"time":1.1,"name":"ghhsfront_DR_33_"},{"time":1.2,"name":"ghhsfront_DR_36_"},{"time":1.3,"name":"ghhsfront_DR_39_"},{"time":1.4,"name":"ghhsfront_DR_42_"},{"time":1.5,"name":"ghhsfront_DR_45_"},{"time":1.6,"name":"ghhsfront_DR_48_"},{"time":1.7,"name":"ghhsfront_DR_51_"},{"time":1.8,"name":"ghhsfront_DR_54_"},{"time":1.9,"name":"ghhsfront_DR_57_"},{"time":2,"name":"ghhsfront_DR_58_"},{"time":2.1,"name":"ghhsfront_DR_59_"},{"time":2.2,"name":null}]},"ghhsfront_UL_":{"attachment":[{"time":1.1,"name":"ghhsfront_UL_33_"},{"time":1.2,"name":"ghhsfront_UL_36_"},{"time":1.3,"name":"ghhsfront_UL_39_"},{"time":1.4,"name":"ghhsfront_UL_42_"},{"time":1.5,"name":"ghhsfront_UL_45_"},{"time":1.6,"name":"ghhsfront_UL_48_"},{"time":1.7,"name":"ghhsfront_UL_51_"},{"time":1.8,"name":"ghhsfront_UL_54_"},{"time":1.9,"name":"ghhsfront_UL_57_"},{"time":2,"name":"ghhsfront_UL_58_"},{"time":2.1,"name":"ghhsfront_UL_59_"},{"time":2.2,"name":null}]},"ghhsfront_UR_":{"attachment":[{"time":1.1,"name":"ghhsfront_UR_33_"},{"time":1.2,"name":"ghhsfront_UR_36_"},{"time":1.3,"name":"ghhsfront_UR_39_"},{"time":1.4,"name":"ghhsfront_UR_42_"},{"time":1.5,"name":"ghhsfront_UR_45_"},{"time":1.6,"name":"ghhsfront_UR_48_"},{"time":1.7,"name":"ghhsfront_UR_51_"},{"time":1.8,"name":"ghhsfront_UR_54_"},{"time":1.9,"name":"ghhsfront_UR_57_"},{"time":2,"name":"ghhsfront_UR_58_"},{"time":2.1,"name":"ghhsfront_UR_59_"},{"time":2.2,"name":null}]}},"bones":{"ctr":{"translate":[{"time":0,"x":-9,"y":108}]}}}}}