{
"skeleton": { "hash": "Ctsm9Bu0L+I0cGwqXCP/CTndSbQ", "spine": "3.7.94", "width": 0, "height": 0, "images": "./images/", "audio": "D:/WORK/COK/皮肤特效/世界杯冠亚季皮肤-稻草人/稻草人低中高级spine/稻草人低级/低级攻击/DCRDJgj_B" },
"bones": [
	{ "name": "root" },
	{ "name": "ctr", "parent": "root", "x": -24, "y": 187, "scaleX": 1.25, "scaleY": 1.25 },
	{ "name": "DCRDJgj_UL_", "parent": "ctr" },
	{ "name": "DCRDJgj_UR_", "parent": "ctr" },
	{ "name": "DCRDJgj_DL_", "parent": "ctr" },
	{ "name": "DCRDJgj_DR_", "parent": "ctr" }
],
"slots": [
	{ "name": "DCRDJgj_UL_", "bone": "DCRDJgj_UL_" },
	{ "name": "DCRDJgj_UR_", "bone": "DCRDJgj_UR_" },
	{ "name": "DCRDJgj_DL_", "bone": "DCRDJgj_DL_" },
	{ "name": "DCRDJgj_DR_", "bone": "DCRDJgj_DR_" }
],
"skins": {
	"default": {
		"DCRDJgj_DL_": {
			"DCRDJgj_DL_00243_": { "x": -229, "y": -283.5, "width": 458, "height": 567 },
			"DCRDJgj_DL_00246_": { "x": -229, "y": -283.5, "width": 458, "height": 567 },
			"DCRDJgj_DL_00249_": { "x": -229, "y": -283.5, "width": 458, "height": 567 },
			"DCRDJgj_DL_00252_": { "x": -229, "y": -283.5, "width": 458, "height": 567 },
			"DCRDJgj_DL_00255_": { "x": -229, "y": -283.5, "width": 458, "height": 567 },
			"DCRDJgj_DL_00258_": { "x": -229, "y": -283.5, "width": 458, "height": 567 },
			"DCRDJgj_DL_00261_": { "x": -229, "y": -283.5, "width": 458, "height": 567 },
			"DCRDJgj_DL_00264_": { "x": -229, "y": -283.5, "width": 458, "height": 567 },
			"DCRDJgj_DL_00267_": { "x": -229, "y": -283.5, "width": 458, "height": 567 },
			"DCRDJgj_DL_00270_": { "x": -229, "y": -283.5, "width": 458, "height": 567 },
			"DCRDJgj_DL_00273_": { "x": -229, "y": -283.5, "width": 458, "height": 567 },
			"DCRDJgj_DL_00276_": { "x": -229, "y": -283.5, "width": 458, "height": 567 },
			"DCRDJgj_DL_00279_": { "x": -229, "y": -283.5, "width": 458, "height": 567 },
			"DCRDJgj_DL_00282_": { "x": -229, "y": -283.5, "width": 458, "height": 567 },
			"DCRDJgj_DL_00285_": { "x": -229, "y": -283.5, "width": 458, "height": 567 },
			"DCRDJgj_DL_00286_": { "x": -229, "y": -283.5, "width": 458, "height": 567 },
			"DCRDJgj_DL_00287_": { "x": -229, "y": -283.5, "width": 458, "height": 567 }
		},
		"DCRDJgj_DR_": {
			"DCRDJgj_DR_00243_": { "x": 251, "y": -283.5, "width": 502, "height": 567 },
			"DCRDJgj_DR_00246_": { "x": 251, "y": -283.5, "width": 502, "height": 567 },
			"DCRDJgj_DR_00249_": { "x": 251, "y": -283.5, "width": 502, "height": 567 },
			"DCRDJgj_DR_00252_": { "x": 251, "y": -283.5, "width": 502, "height": 567 },
			"DCRDJgj_DR_00255_": { "x": 251, "y": -283.5, "width": 502, "height": 567 },
			"DCRDJgj_DR_00258_": { "x": 251, "y": -283.5, "width": 502, "height": 567 },
			"DCRDJgj_DR_00261_": { "x": 251, "y": -283.5, "width": 502, "height": 567 },
			"DCRDJgj_DR_00264_": { "x": 251, "y": -283.5, "width": 502, "height": 567 },
			"DCRDJgj_DR_00267_": { "x": 251, "y": -283.5, "width": 502, "height": 567 },
			"DCRDJgj_DR_00270_": { "x": 251, "y": -283.5, "width": 502, "height": 567 },
			"DCRDJgj_DR_00273_": { "x": 251, "y": -283.5, "width": 502, "height": 567 },
			"DCRDJgj_DR_00276_": { "x": 251, "y": -283.5, "width": 502, "height": 567 },
			"DCRDJgj_DR_00279_": { "x": 251, "y": -283.5, "width": 502, "height": 567 },
			"DCRDJgj_DR_00282_": { "x": 251, "y": -283.5, "width": 502, "height": 567 },
			"DCRDJgj_DR_00285_": { "x": 251, "y": -283.5, "width": 502, "height": 567 },
			"DCRDJgj_DR_00286_": { "x": 251, "y": -283.5, "width": 502, "height": 567 },
			"DCRDJgj_DR_00287_": { "x": 251, "y": -283.5, "width": 502, "height": 567 }
		},
		"DCRDJgj_UL_": {
			"DCRDJgj_UL_00243_": { "x": -229, "y": 196.5, "width": 458, "height": 393 },
			"DCRDJgj_UL_00246_": { "x": -229, "y": 196.5, "width": 458, "height": 393 },
			"DCRDJgj_UL_00249_": { "x": -229, "y": 196.5, "width": 458, "height": 393 },
			"DCRDJgj_UL_00252_": { "x": -229, "y": 196.5, "width": 458, "height": 393 },
			"DCRDJgj_UL_00255_": { "x": -229, "y": 196.5, "width": 458, "height": 393 },
			"DCRDJgj_UL_00258_": { "x": -229, "y": 196.5, "width": 458, "height": 393 },
			"DCRDJgj_UL_00261_": { "x": -229, "y": 196.5, "width": 458, "height": 393 },
			"DCRDJgj_UL_00264_": { "x": -229, "y": 196.5, "width": 458, "height": 393 },
			"DCRDJgj_UL_00267_": { "x": -229, "y": 196.5, "width": 458, "height": 393 },
			"DCRDJgj_UL_00270_": { "x": -229, "y": 196.5, "width": 458, "height": 393 },
			"DCRDJgj_UL_00273_": { "x": -229, "y": 196.5, "width": 458, "height": 393 },
			"DCRDJgj_UL_00276_": { "x": -229, "y": 196.5, "width": 458, "height": 393 },
			"DCRDJgj_UL_00279_": { "x": -229, "y": 196.5, "width": 458, "height": 393 },
			"DCRDJgj_UL_00282_": { "x": -229, "y": 196.5, "width": 458, "height": 393 },
			"DCRDJgj_UL_00285_": { "x": -229, "y": 196.5, "width": 458, "height": 393 },
			"DCRDJgj_UL_00286_": { "x": -229, "y": 196.5, "width": 458, "height": 393 },
			"DCRDJgj_UL_00287_": { "x": -229, "y": 196.5, "width": 458, "height": 393 }
		},
		"DCRDJgj_UR_": {
			"DCRDJgj_UR_00243_": { "x": 251, "y": 196.5, "width": 502, "height": 393 },
			"DCRDJgj_UR_00246_": { "x": 251, "y": 196.5, "width": 502, "height": 393 },
			"DCRDJgj_UR_00249_": { "x": 251, "y": 196.5, "width": 502, "height": 393 },
			"DCRDJgj_UR_00252_": { "x": 251, "y": 196.5, "width": 502, "height": 393 },
			"DCRDJgj_UR_00255_": { "x": 251, "y": 196.5, "width": 502, "height": 393 },
			"DCRDJgj_UR_00258_": { "x": 251, "y": 196.5, "width": 502, "height": 393 },
			"DCRDJgj_UR_00261_": { "x": 251, "y": 196.5, "width": 502, "height": 393 },
			"DCRDJgj_UR_00264_": { "x": 251, "y": 196.5, "width": 502, "height": 393 },
			"DCRDJgj_UR_00267_": { "x": 251, "y": 196.5, "width": 502, "height": 393 },
			"DCRDJgj_UR_00270_": { "x": 251, "y": 196.5, "width": 502, "height": 393 },
			"DCRDJgj_UR_00273_": { "x": 251, "y": 196.5, "width": 502, "height": 393 },
			"DCRDJgj_UR_00276_": { "x": 251, "y": 196.5, "width": 502, "height": 393 },
			"DCRDJgj_UR_00279_": { "x": 251, "y": 196.5, "width": 502, "height": 393 },
			"DCRDJgj_UR_00282_": { "x": 251, "y": 196.5, "width": 502, "height": 393 },
			"DCRDJgj_UR_00285_": { "x": 251, "y": 196.5, "width": 502, "height": 393 },
			"DCRDJgj_UR_00286_": { "x": 251, "y": 196.5, "width": 502, "height": 393 },
			"DCRDJgj_UR_00287_": { "x": 251, "y": 196.5, "width": 502, "height": 393 }
		}
	}
},
"animations": {
	"animation": {
		"slots": {
			"DCRDJgj_DL_": {
				"attachment": [
					{ "time": 1.2, "name": "DCRDJgj_DL_00243_" },
					{ "time": 1.3, "name": "DCRDJgj_DL_00246_" },
					{ "time": 1.4, "name": "DCRDJgj_DL_00249_" },
					{ "time": 1.5, "name": "DCRDJgj_DL_00252_" },
					{ "time": 1.6, "name": "DCRDJgj_DL_00255_" },
					{ "time": 1.7, "name": "DCRDJgj_DL_00258_" },
					{ "time": 1.8, "name": "DCRDJgj_DL_00261_" },
					{ "time": 1.9, "name": "DCRDJgj_DL_00264_" },
					{ "time": 2, "name": "DCRDJgj_DL_00267_" },
					{ "time": 2.1, "name": "DCRDJgj_DL_00270_" },
					{ "time": 2.2, "name": "DCRDJgj_DL_00273_" },
					{ "time": 2.3, "name": "DCRDJgj_DL_00276_" },
					{ "time": 2.4, "name": "DCRDJgj_DL_00279_" },
					{ "time": 2.5, "name": "DCRDJgj_DL_00282_" },
					{ "time": 2.6, "name": "DCRDJgj_DL_00285_" },
					{ "time": 2.7, "name": "DCRDJgj_DL_00286_" },
					{ "time": 2.8, "name": "DCRDJgj_DL_00287_" }
				]
			},
			"DCRDJgj_DR_": {
				"attachment": [
					{ "time": 1.2, "name": "DCRDJgj_DR_00243_" },
					{ "time": 1.3, "name": "DCRDJgj_DR_00246_" },
					{ "time": 1.4, "name": "DCRDJgj_DR_00249_" },
					{ "time": 1.5, "name": "DCRDJgj_DR_00252_" },
					{ "time": 1.6, "name": "DCRDJgj_DR_00255_" },
					{ "time": 1.7, "name": "DCRDJgj_DR_00258_" },
					{ "time": 1.8, "name": "DCRDJgj_DR_00261_" },
					{ "time": 1.9, "name": "DCRDJgj_DR_00264_" },
					{ "time": 2, "name": "DCRDJgj_DR_00267_" },
					{ "time": 2.1, "name": "DCRDJgj_DR_00270_" },
					{ "time": 2.2, "name": "DCRDJgj_DR_00273_" },
					{ "time": 2.3, "name": "DCRDJgj_DR_00276_" },
					{ "time": 2.4, "name": "DCRDJgj_DR_00279_" },
					{ "time": 2.5, "name": "DCRDJgj_DR_00282_" },
					{ "time": 2.6, "name": "DCRDJgj_DR_00285_" },
					{ "time": 2.7, "name": "DCRDJgj_DR_00286_" },
					{ "time": 2.8, "name": "DCRDJgj_DR_00287_" }
				]
			},
			"DCRDJgj_UL_": {
				"attachment": [
					{ "time": 1.2, "name": "DCRDJgj_UL_00243_" },
					{ "time": 1.3, "name": "DCRDJgj_UL_00246_" },
					{ "time": 1.4, "name": "DCRDJgj_UL_00249_" },
					{ "time": 1.5, "name": "DCRDJgj_UL_00252_" },
					{ "time": 1.6, "name": "DCRDJgj_UL_00255_" },
					{ "time": 1.7, "name": "DCRDJgj_UL_00258_" },
					{ "time": 1.8, "name": "DCRDJgj_UL_00261_" },
					{ "time": 1.9, "name": "DCRDJgj_UL_00264_" },
					{ "time": 2, "name": "DCRDJgj_UL_00267_" },
					{ "time": 2.1, "name": "DCRDJgj_UL_00270_" },
					{ "time": 2.2, "name": "DCRDJgj_UL_00273_" },
					{ "time": 2.3, "name": "DCRDJgj_UL_00276_" },
					{ "time": 2.4, "name": "DCRDJgj_UL_00279_" },
					{ "time": 2.5, "name": "DCRDJgj_UL_00282_" },
					{ "time": 2.6, "name": "DCRDJgj_UL_00285_" },
					{ "time": 2.7, "name": "DCRDJgj_UL_00286_" },
					{ "time": 2.8, "name": "DCRDJgj_UL_00287_" }
				]
			},
			"DCRDJgj_UR_": {
				"attachment": [
					{ "time": 1.2, "name": "DCRDJgj_UR_00243_" },
					{ "time": 1.3, "name": "DCRDJgj_UR_00246_" },
					{ "time": 1.4, "name": "DCRDJgj_UR_00249_" },
					{ "time": 1.5, "name": "DCRDJgj_UR_00252_" },
					{ "time": 1.6, "name": "DCRDJgj_UR_00255_" },
					{ "time": 1.7, "name": "DCRDJgj_UR_00258_" },
					{ "time": 1.8, "name": "DCRDJgj_UR_00261_" },
					{ "time": 1.9, "name": "DCRDJgj_UR_00264_" },
					{ "time": 2, "name": "DCRDJgj_UR_00267_" },
					{ "time": 2.1, "name": "DCRDJgj_UR_00270_" },
					{ "time": 2.2, "name": "DCRDJgj_UR_00273_" },
					{ "time": 2.3, "name": "DCRDJgj_UR_00276_" },
					{ "time": 2.4, "name": "DCRDJgj_UR_00279_" },
					{ "time": 2.5, "name": "DCRDJgj_UR_00282_" },
					{ "time": 2.6, "name": "DCRDJgj_UR_00285_" },
					{ "time": 2.7, "name": "DCRDJgj_UR_00286_" },
					{ "time": 2.8, "name": "DCRDJgj_UR_00287_" }
				]
			}
		},
		"bones": {
			"ctr": {
				"translate": [
					{ "time": 0, "x": 0, "y": 0 }
				]
			}
		}
	}
}
}