{
"skeleton": { "hash": "jpDLQD6a+E55FUIttQlQ1Zg27Ag", "spine": "2.1.27", "width": 1200, "height": 899.99 },
"bones": [
	{ "name": "root" },
	{ "name": "B", "parent": "root", "length": 375.72, "y": -179.96, "rotation": 360 }
],
"slots": [
	{ "name": "SjlongA_E2_051_", "bone": "B", "color": "ffeac8da", "attachment": "SjlongA_E2_051_" },
	{ "name": "SjlongA_E2_052_", "bone": "B", "color": "ffeac8da" },
	{ "name": "SjlongA_E2_054_", "bone": "B", "color": "ffeac8da" },
	{ "name": "SjlongA_E2_055_", "bone": "B", "color": "ffeac8da" },
	{ "name": "SjlongA_E2_061_", "bone": "B", "color": "ffeac8da" },
	{ "name": "SjlongA_E2_063_", "bone": "B", "color": "ffeac8da" },
	{ "name": "SjlongA_E2_068_", "bone": "B", "color": "ffeac8da" },
	{ "name": "SjlongA_E2_074_", "bone": "B", "color": "ffeac8da" },
	{ "name": "SjlongA_E2_079_", "bone": "B", "color": "ffeac8da" },
	{ "name": "SjlongA_E2_083_", "bone": "B", "color": "ffeac8da" },
	{ "name": "SjlongA_E2_086_", "bone": "B", "color": "ffeac8da" },
	{ "name": "SjlongA_E2_090_", "bone": "B", "color": "ffeac8da" },
	{ "name": "SjlongA_E2_097_", "bone": "B", "color": "ffeac8da" },
	{ "name": "SjlongA_E2_099_", "bone": "B", "color": "ffeac8da" },
	{ "name": "SjlongA_E2_101_", "bone": "B", "color": "ffeac8da" },
	{ "name": "SjlongA_E2_103_", "bone": "B", "color": "ffeac8da" },
	{ "name": "SjlongA_E2_106_", "bone": "B", "color": "ffeac8da" },
	{ "name": "SjlongA_E2_108_", "bone": "B", "color": "ffeac8da" }
],
"skins": {
	"default": {
		"SjlongA_E2_051_": {
			"SjlongA_E2_051_": { "y": -118.25, "scaleX": 2, "scaleY": 2, "width": 600, "height": 450 }
		},
		"SjlongA_E2_052_": {
			"SjlongA_E2_052_": { "y": -118.25, "scaleX": 2, "scaleY": 2, "width": 600, "height": 450 }
		},
		"SjlongA_E2_054_": {
			"SjlongA_E2_054_": { "y": -118.25, "scaleX": 2, "scaleY": 2, "width": 600, "height": 450 }
		},
		"SjlongA_E2_055_": {
			"SjlongA_E2_055_": { "y": -118.25, "scaleX": 2, "scaleY": 2, "width": 600, "height": 450 }
		},
		"SjlongA_E2_061_": {
			"SjlongA_E2_061_": { "y": -118.25, "scaleX": 2, "scaleY": 2, "width": 600, "height": 450 }
		},
		"SjlongA_E2_063_": {
			"SjlongA_E2_063_": { "y": -118.25, "scaleX": 2, "scaleY": 2, "width": 600, "height": 450 }
		},
		"SjlongA_E2_068_": {
			"SjlongA_E2_068_": { "y": -118.25, "scaleX": 2, "scaleY": 2, "width": 600, "height": 450 }
		},
		"SjlongA_E2_074_": {
			"SjlongA_E2_074_": { "y": -118.25, "scaleX": 2, "scaleY": 2, "width": 600, "height": 450 }
		},
		"SjlongA_E2_079_": {
			"SjlongA_E2_079_": { "y": -118.25, "scaleX": 2, "scaleY": 2, "width": 600, "height": 450 }
		},
		"SjlongA_E2_083_": {
			"SjlongA_E2_083_": { "y": -118.25, "scaleX": 2, "scaleY": 2, "width": 600, "height": 450 }
		},
		"SjlongA_E2_086_": {
			"SjlongA_E2_086_": { "y": -118.25, "scaleX": 2, "scaleY": 2, "width": 600, "height": 450 }
		},
		"SjlongA_E2_090_": {
			"SjlongA_E2_090_": { "y": -118.25, "scaleX": 2, "scaleY": 2, "width": 600, "height": 450 }
		},
		"SjlongA_E2_097_": {
			"SjlongA_E2_097_": { "y": -118.25, "scaleX": 2, "scaleY": 2, "width": 600, "height": 450 }
		},
		"SjlongA_E2_099_": {
			"SjlongA_E2_099_": { "y": -118.25, "scaleX": 2, "scaleY": 2, "width": 600, "height": 450 }
		},
		"SjlongA_E2_101_": {
			"SjlongA_E2_101_": { "y": -118.25, "scaleX": 2, "scaleY": 2, "width": 600, "height": 450 }
		},
		"SjlongA_E2_103_": {
			"SjlongA_E2_103_": { "y": -118.25, "scaleX": 2, "scaleY": 2, "width": 600, "height": 450 }
		},
		"SjlongA_E2_106_": {
			"SjlongA_E2_106_": { "y": -118.25, "scaleX": 2, "scaleY": 2, "width": 600, "height": 450 }
		},
		"SjlongA_E2_108_": {
			"SjlongA_E2_108_": { "y": -118.25, "scaleX": 2, "scaleY": 2, "width": 600, "height": 450 }
		}
	}
},
"animations": {
	"dj": {
		"slots": {
			"SjlongA_E2_051_": {
				"attachment": [
					{ "time": 0, "name": null },
					{ "time": 1.5, "name": "SjlongA_E2_051_" },
					{ "time": 1.5666, "name": null },
					{ "time": 1.6666, "name": null }
				]
			},
			"SjlongA_E2_052_": {
				"attachment": [
					{ "time": 1.5666, "name": "SjlongA_E2_052_" },
					{ "time": 1.6666, "name": null }
				]
			},
			"SjlongA_E2_054_": {
				"attachment": [
					{ "time": 1.6666, "name": "SjlongA_E2_054_" },
					{ "time": 1.7666, "name": null }
				]
			},
			"SjlongA_E2_055_": {
				"attachment": [
					{ "time": 1.7666, "name": "SjlongA_E2_055_" },
					{ "time": 1.8333, "name": null }
				]
			},
			"SjlongA_E2_061_": {
				"attachment": [
					{ "time": 1.8333, "name": "SjlongA_E2_061_" },
					{ "time": 1.9, "name": null }
				]
			},
			"SjlongA_E2_063_": {
				"attachment": [
					{ "time": 1.9, "name": "SjlongA_E2_063_" },
					{ "time": 1.9666, "name": null }
				]
			},
			"SjlongA_E2_068_": {
				"attachment": [
					{ "time": 1.9666, "name": "SjlongA_E2_068_" },
					{ "time": 2.0333, "name": null }
				]
			},
			"SjlongA_E2_074_": {
				"attachment": [
					{ "time": 2.0333, "name": "SjlongA_E2_074_" },
					{ "time": 2.1666, "name": null }
				]
			},
			"SjlongA_E2_079_": {
				"attachment": [
					{ "time": 2.1666, "name": "SjlongA_E2_079_" },
					{ "time": 2.3, "name": null }
				]
			},
			"SjlongA_E2_083_": {
				"attachment": [
					{ "time": 2.3, "name": "SjlongA_E2_083_" },
					{ "time": 2.4333, "name": null }
				]
			},
			"SjlongA_E2_086_": {
				"attachment": [
					{ "time": 2.4333, "name": "SjlongA_E2_086_" },
					{ "time": 2.5666, "name": null }
				]
			},
			"SjlongA_E2_090_": {
				"attachment": [
					{ "time": 2.5666, "name": "SjlongA_E2_090_" },
					{ "time": 2.7, "name": null }
				]
			},
			"SjlongA_E2_097_": {
				"attachment": [
					{ "time": 2.7, "name": "SjlongA_E2_097_" },
					{ "time": 2.8333, "name": null }
				]
			},
			"SjlongA_E2_099_": {
				"attachment": [
					{ "time": 2.8333, "name": "SjlongA_E2_099_" },
					{ "time": 2.9666, "name": null }
				]
			},
			"SjlongA_E2_101_": {
				"attachment": [
					{ "time": 2.9666, "name": "SjlongA_E2_101_" },
					{ "time": 3.1, "name": null }
				]
			},
			"SjlongA_E2_103_": {
				"attachment": [
					{ "time": 3.1, "name": "SjlongA_E2_103_" },
					{ "time": 3.2333, "name": null }
				]
			},
			"SjlongA_E2_106_": {
				"attachment": [
					{ "time": 3.2333, "name": "SjlongA_E2_106_" },
					{ "time": 3.3, "name": null },
					{ "time": 3.3333, "name": null }
				]
			},
			"SjlongA_E2_108_": {
				"attachment": [
					{ "time": 3.3, "name": "SjlongA_E2_108_" },
					{ "time": 3.3333, "name": null }
				]
			}
		},
		"bones": {
			"B": {
				"rotate": [
					{ "time": 0, "angle": 0 }
				],
				"translate": [
					{ "time": 0, "x": 19.2, "y": 19.96, "curve": "stepped" },
					{ "time": 0.3, "x": 23.46, "y": 19.96, "curve": "stepped" },
					{ "time": 1.5, "x": 19.2, "y": 19.96, "curve": "stepped" },
					{ "time": 1.5666, "x": 19.2, "y": 19.96, "curve": "stepped" },
					{ "time": 1.6333, "x": 24.15, "y": -30.86, "curve": "stepped" },
					{ "time": 1.8333, "x": 24.15, "y": -30.86, "curve": "stepped" },
					{ "time": 1.9666, "x": 10.52, "y": -15.98, "curve": "stepped" },
					{ "time": 2.1666, "x": 21.04, "y": -17.22, "curve": "stepped" },
					{ "time": 2.5666, "x": -3.83, "y": -11.2, "curve": "stepped" },
					{ "time": 2.7, "x": -1.19, "y": -3.17 }
				],
				"scale": [
					{ "time": 0, "x": 1, "y": 1 }
				]
			}
		}
	}
}
}