{
"skeleton": { "hash": "u3JmJNZkMqnor5qMUasxWjujyqg", "spine": "3.7.94", "width": 0, "height": 0 },
"bones": [
	{ "name": "root" },
	{ "name": "chongci_", "parent": "root", "scaleX": 2, "scaleY": 2 },
	{ "name": "xuli_", "parent": "root", "scaleX": 2, "scaleY": 2 },
	{ "name": "guanghuan", "parent": "root", "scaleX": 2, "scaleY": 2 },
	{ "name": "gongji_lizi", "parent": "root", "scaleX": 2.5, "scaleY": 2.5 },
	{ "name": "gongji_body", "parent": "root", "scaleX": 1.38, "scaleY": 1.38 },
	{ "name": "daoguang_gj", "parent": "root", "scaleX": 2, "scaleY": 2 },
	{ "name": "chongci_lizi", "parent": "root", "scaleX": 2.5, "scaleY": 2.5 }
],
"slots": [
	{ "name": "guanghuan", "bone": "guanghuan" },
	{ "name": "gongji_body", "bone": "gongji_body" },
	{ "name": "gongji_lizi", "bone": "gongji_lizi", "blend": "additive" },
	{ "name": "xuli_", "bone": "xuli_", "blend": "additive" },
	{ "name": "chongci_lizi", "bone": "chongci_lizi" },
	{ "name": "chongci_", "bone": "chongci_" }
],
"skins": {
	"default": {
		"chongci_": {
			"chongci_000_": { "width": 640, "height": 320 },
			"chongci_002_": { "width": 640, "height": 320 },
			"chongci_004_": { "width": 640, "height": 320 }
		},
		"chongci_lizi": {
			"chongci_lizi_000_": { "width": 512, "height": 256 },
			"chongci_lizi_002_": { "width": 512, "height": 256 },
			"chongci_lizi_004_": { "width": 512, "height": 256 }
		},
		"gongji_body": {
			"gongji_body_000_": { "width": 1080, "height": 1080 },
			"gongji_body_003_": { "width": 1080, "height": 1080 },
			"gongji_body_006_": { "width": 1080, "height": 1080 },
			"gongji_body_009_": { "width": 1080, "height": 1080 },
			"gongji_body_012_": { "width": 1080, "height": 1080 },
			"gongji_body_015_": { "width": 1080, "height": 1080 },
			"gongji_body_018_": { "width": 1080, "height": 1080 },
			"gongji_body_021_": { "width": 1080, "height": 1080 },
			"gongji_body_024_": { "width": 1080, "height": 1080 },
			"gongji_body_027_": { "width": 1080, "height": 1080 },
			"gongji_body_030_": { "width": 1080, "height": 1080 },
			"gongji_body_033_": { "width": 1080, "height": 1080 },
			"gongji_body_036_": { "width": 1080, "height": 1080 },
			"gongji_body_039_": { "width": 1080, "height": 1080 },
			"gongji_body_042_": { "width": 1080, "height": 1080 }
		},
		"gongji_lizi": {
			"gongji_lizi_000_": { "width": 600, "height": 600 },
			"gongji_lizi_002_": { "width": 600, "height": 600 },
			"gongji_lizi_004_": { "width": 600, "height": 600 },
			"gongji_lizi_006_": { "width": 600, "height": 600 },
			"gongji_lizi_008_": { "width": 600, "height": 600 },
			"gongji_lizi_010_": { "width": 600, "height": 600 },
			"gongji_lizi_012_": { "width": 600, "height": 600 },
			"gongji_lizi_014_": { "width": 600, "height": 600 },
			"gongji_lizi_016_": { "width": 600, "height": 600 },
			"gongji_lizi_018_": { "width": 600, "height": 600 },
			"gongji_lizi_020_": { "width": 600, "height": 600 },
			"gongji_lizi_022_": { "width": 600, "height": 600 },
			"gongji_lizi_024_": { "width": 600, "height": 600 },
			"gongji_lizi_026_": { "width": 600, "height": 600 },
			"gongji_lizi_028_": { "width": 600, "height": 600 },
			"gongji_lizi_030_": { "width": 600, "height": 600 },
			"gongji_lizi_032_": { "width": 600, "height": 600 },
			"gongji_lizi_034_": { "width": 600, "height": 600 },
			"gongji_lizi_036_": { "width": 600, "height": 600 },
			"gongji_lizi_038_": { "width": 600, "height": 600 },
			"gongji_lizi_040_": { "width": 600, "height": 600 },
			"gongji_lizi_042_": { "width": 600, "height": 600 },
			"gongji_lizi_044_": { "width": 600, "height": 600 }
		},
		"guanghuan": {
			"guanghuan_000_": { "width": 180, "height": 120 },
			"guanghuan_004_": { "width": 180, "height": 120 },
			"guanghuan_008_": { "width": 180, "height": 120 },
			"guanghuan_012_": { "width": 180, "height": 120 },
			"guanghuan_016_": { "width": 180, "height": 120 },
			"guanghuan_020_": { "width": 180, "height": 120 },
			"guanghuan_024_": { "width": 180, "height": 120 },
			"guanghuan_028_": { "width": 180, "height": 120 },
			"guanghuan_032_": { "width": 180, "height": 120 },
			"guanghuan_036_": { "width": 180, "height": 120 },
			"guanghuan_040_": { "width": 180, "height": 120 },
			"guanghuan_044_": { "width": 180, "height": 120 },
			"guanghuan_048_": { "width": 180, "height": 120 },
			"guanghuan_052_": { "width": 180, "height": 120 },
			"guanghuan_056_": { "width": 180, "height": 120 }
		},
		"xuli_": {
			"xuli_009_": { "width": 400, "height": 300 },
			"xuli_010_": { "width": 400, "height": 300 },
			"xuli_012_": { "width": 400, "height": 300 },
			"xuli_014_": { "width": 400, "height": 300 },
			"xuli_016_": { "width": 400, "height": 300 },
			"xuli_018_": { "width": 400, "height": 300 },
			"xuli_020_": { "width": 400, "height": 300 },
			"xuli_022_": { "width": 400, "height": 300 },
			"xuli_024_": { "width": 400, "height": 300 },
			"xuli_026_": { "width": 400, "height": 300 },
			"xuli_028_": { "width": 400, "height": 300 }
		}
	}
},
"animations": {
	"animation": {
		"slots": {
			"chongci_": {
				"attachment": [
					{ "time": 1.3, "name": "chongci_000_" },
					{ "time": 1.4, "name": "chongci_002_" },
					{ "time": 1.4667, "name": "chongci_004_" },
					{ "time": 1.5333, "name": null }
				]
			},
			"chongci_lizi": {
				"attachment": [
					{ "time": 1.3, "name": "chongci_lizi_000_" },
					{ "time": 1.3667, "name": "chongci_lizi_002_" },
					{ "time": 1.4333, "name": "chongci_lizi_004_" },
					{ "time": 1.5333, "name": null }
				]
			},
			"gongji_body": {
				"attachment": [
					{ "time": 0, "name": "gongji_body_000_" },
					{ "time": 0.1, "name": "gongji_body_003_" },
					{ "time": 0.2, "name": "gongji_body_006_" },
					{ "time": 0.3, "name": "gongji_body_009_" },
					{ "time": 0.4, "name": "gongji_body_012_" },
					{ "time": 0.5, "name": "gongji_body_015_" },
					{ "time": 0.6, "name": "gongji_body_018_" },
					{ "time": 0.7, "name": "gongji_body_021_" },
					{ "time": 0.8, "name": "gongji_body_024_" },
					{ "time": 0.9, "name": "gongji_body_027_" },
					{ "time": 1, "name": "gongji_body_030_" },
					{ "time": 1.1, "name": "gongji_body_033_" },
					{ "time": 1.2, "name": "gongji_body_036_" },
					{ "time": 1.3, "name": "gongji_body_039_" },
					{ "time": 1.4, "name": "gongji_body_042_" },
					{ "time": 1.5333, "name": null }
				]
			},
			"gongji_lizi": {
				"attachment": [
					{ "time": 0, "name": "gongji_lizi_000_" },
					{ "time": 0.0667, "name": "gongji_lizi_002_" },
					{ "time": 0.1333, "name": "gongji_lizi_004_" },
					{ "time": 0.2, "name": "gongji_lizi_006_" },
					{ "time": 0.2667, "name": "gongji_lizi_008_" },
					{ "time": 0.3333, "name": "gongji_lizi_010_" },
					{ "time": 0.4, "name": "gongji_lizi_012_" },
					{ "time": 0.4667, "name": "gongji_lizi_014_" },
					{ "time": 0.5333, "name": "gongji_lizi_016_" },
					{ "time": 0.6, "name": "gongji_lizi_018_" },
					{ "time": 0.6667, "name": "gongji_lizi_020_" },
					{ "time": 0.7333, "name": "gongji_lizi_022_" },
					{ "time": 0.8, "name": "gongji_lizi_024_" },
					{ "time": 0.8667, "name": "gongji_lizi_026_" },
					{ "time": 0.9333, "name": "gongji_lizi_028_" },
					{ "time": 1, "name": "gongji_lizi_030_" },
					{ "time": 1.0667, "name": "gongji_lizi_032_" },
					{ "time": 1.1333, "name": "gongji_lizi_034_" },
					{ "time": 1.2, "name": "gongji_lizi_036_" },
					{ "time": 1.2667, "name": "gongji_lizi_038_" },
					{ "time": 1.3333, "name": "gongji_lizi_040_" },
					{ "time": 1.4, "name": "gongji_lizi_042_" },
					{ "time": 1.4667, "name": "gongji_lizi_044_" },
					{ "time": 1.5333, "name": null }
				]
			},
			"guanghuan": {
				"attachment": [
					{ "time": 0, "name": "guanghuan_000_" },
					{ "time": 0.1, "name": "guanghuan_004_" },
					{ "time": 0.2, "name": "guanghuan_008_" },
					{ "time": 0.3, "name": "guanghuan_012_" },
					{ "time": 0.4, "name": "guanghuan_016_" },
					{ "time": 0.5, "name": "guanghuan_020_" },
					{ "time": 0.6, "name": "guanghuan_024_" },
					{ "time": 0.7, "name": "guanghuan_028_" },
					{ "time": 0.8, "name": "guanghuan_032_" },
					{ "time": 0.9, "name": "guanghuan_036_" },
					{ "time": 1, "name": "guanghuan_040_" },
					{ "time": 1.1, "name": "guanghuan_044_" },
					{ "time": 1.2, "name": "guanghuan_048_" },
					{ "time": 1.3, "name": "guanghuan_052_" },
					{ "time": 1.4, "name": "guanghuan_056_" },
					{ "time": 1.5, "name": "guanghuan_000_" },
					{ "time": 1.6, "name": "guanghuan_004_" },
					{ "time": 1.7, "name": "guanghuan_008_" },
					{ "time": 1.8, "name": "guanghuan_012_" },
					{ "time": 1.9, "name": "guanghuan_016_" },
					{ "time": 2, "name": "guanghuan_020_" },
					{ "time": 2.1, "name": "guanghuan_024_" },
					{ "time": 2.2, "name": "guanghuan_028_" },
					{ "time": 2.3, "name": "guanghuan_032_" },
					{ "time": 2.4, "name": "guanghuan_036_" },
					{ "time": 2.5, "name": "guanghuan_040_" },
					{ "time": 2.6, "name": "guanghuan_044_" },
					{ "time": 2.7, "name": "guanghuan_048_" },
					{ "time": 2.8, "name": "guanghuan_052_" },
					{ "time": 2.9, "name": "guanghuan_056_" },
					{ "time": 3, "name": null }
				]
			},
			"xuli_": {
				"attachment": [
					{ "time": 0.3667, "name": "xuli_009_" },
					{ "time": 0.4333, "name": "xuli_010_" },
					{ "time": 0.5, "name": "xuli_012_" },
					{ "time": 0.5667, "name": "xuli_014_" },
					{ "time": 0.6333, "name": "xuli_016_" },
					{ "time": 0.7, "name": "xuli_018_" },
					{ "time": 0.7667, "name": "xuli_020_" },
					{ "time": 0.8333, "name": "xuli_022_" },
					{ "time": 0.9, "name": "xuli_024_" },
					{ "time": 0.9667, "name": "xuli_026_" },
					{ "time": 1.0333, "name": "xuli_028_" },
					{ "time": 1.1, "name": null }
				]
			}
		},
		"bones": {
			"xuli_": {
				"translate": [
					{ "time": 0, "x": 24.98, "y": 290.79 }
				]
			},
			"chongci_": {
				"rotate": [
					{ "time": 0, "angle": -38.47 }
				],
				"translate": [
					{ "time": 0, "x": 108.75, "y": 122.78 }
				]
			},
			"daoguang_gj": {
				"translate": [
					{ "time": 0, "x": 34.96, "y": 119.86 }
				]
			},
			"chongci_lizi": {
				"rotate": [
					{ "time": 0, "angle": -38.47 }
				],
				"translate": [
					{ "time": 0, "x": 108.75, "y": 122.78 }
				]
			}
		}
	}
}
}