{
"skeleton": { "hash": "dUZjO50g9Sd+EAf3MDeoHcoOPyg", "spine": "3.7.94", "width": 0, "height": 0 },
"bones": [
	{ "name": "root" },
	{ "name": "chongci_", "parent": "root", "scaleX": 2, "scaleY": 2 },
	{ "name": "xuli_", "parent": "root", "scaleX": 2, "scaleY": 2 },
	{ "name": "guanghuan", "parent": "root", "scaleX": 2, "scaleY": 2 },
	{ "name": "gongji_lizi", "parent": "root", "scaleX": 2.5, "scaleY": 2.5 },
	{ "name": "gongji_body", "parent": "root", "scaleX": 1.38, "scaleY": 1.38 },
	{ "name": "daoguang_gj", "parent": "root", "scaleX": 2, "scaleY": 2 },
	{ "name": "chongci_lizi", "parent": "root", "scaleX": 2.5, "scaleY": 2.5 }
],
"slots": [
	{ "name": "gongji_body", "bone": "gongji_body" },
	{ "name": "gongji_lizi", "bone": "gongji_lizi", "blend": "additive" },
	{ "name": "daoguang_gj", "bone": "daoguang_gj", "blend": "additive" },
	{ "name": "chongci_lizi", "bone": "chongci_lizi" },
	{ "name": "chongci_", "bone": "chongci_" }
],
"skins": {
	"default": {
		"chongci_": {
			"chongci_006_": { "width": 640, "height": 320 },
			"chongci_008_": { "width": 640, "height": 320 },
			"chongci_010_": { "width": 640, "height": 320 }
		},
		"chongci_lizi": {
			"chongci_lizi_006_": { "width": 512, "height": 256 },
			"chongci_lizi_008_": { "width": 512, "height": 256 },
			"chongci_lizi_010_": { "width": 512, "height": 256 },
			"chongci_lizi_012_": { "width": 512, "height": 256 },
			"chongci_lizi_014_": { "width": 512, "height": 256 },
			"chongci_lizi_016_": { "width": 512, "height": 256 },
			"chongci_lizi_018_": { "width": 512, "height": 256 }
		},
		"daoguang_gj": {
			"daoguang_gj_067_": { "width": 400, "height": 400 },
			"daoguang_gj_069_": { "width": 400, "height": 400 },
			"daoguang_gj_071_": { "width": 400, "height": 400 },
			"daoguang_gj_073_": { "width": 400, "height": 400 },
			"daoguang_gj_075_": { "width": 400, "height": 400 },
			"daoguang_gj_077_": { "width": 400, "height": 400 },
			"daoguang_gj_079_": { "width": 400, "height": 400 },
			"daoguang_gj_081_": { "width": 400, "height": 400 },
			"daoguang_gj_083_": { "width": 400, "height": 400 },
			"daoguang_gj_085_": { "width": 400, "height": 400 },
			"daoguang_gj_087_": { "width": 400, "height": 400 },
			"daoguang_gj_089_": { "width": 400, "height": 400 }
		},
		"gongji_body": {
			"gongji_body_045_": { "width": 1080, "height": 1080 },
			"gongji_body_048_": { "width": 1080, "height": 1080 },
			"gongji_body_051_": { "width": 1080, "height": 1080 },
			"gongji_body_054_": { "width": 1080, "height": 1080 },
			"gongji_body_057_": { "width": 1080, "height": 1080 },
			"gongji_body_060_": { "width": 1080, "height": 1080 },
			"gongji_body_063_": { "width": 1080, "height": 1080 },
			"gongji_body_066_": { "width": 1080, "height": 1080 },
			"gongji_body_069_": { "width": 1080, "height": 1080 },
			"gongji_body_072_": { "width": 1080, "height": 1080 },
			"gongji_body_075_": { "width": 1080, "height": 1080 },
			"gongji_body_078_": { "width": 1080, "height": 1080 },
			"gongji_body_081_": { "width": 1080, "height": 1080 },
			"gongji_body_084_": { "width": 1080, "height": 1080 },
			"gongji_body_087_": { "width": 1080, "height": 1080 },
			"gongji_body_090_": { "width": 1080, "height": 1080 }
		},
		"gongji_lizi": {
			"gongji_lizi_046_": { "width": 600, "height": 600 },
			"gongji_lizi_048_": { "width": 600, "height": 600 },
			"gongji_lizi_050_": { "width": 600, "height": 600 },
			"gongji_lizi_052_": { "width": 600, "height": 600 },
			"gongji_lizi_054_": { "width": 600, "height": 600 },
			"gongji_lizi_056_": { "width": 600, "height": 600 },
			"gongji_lizi_058_": { "width": 600, "height": 600 },
			"gongji_lizi_060_": { "width": 600, "height": 600 },
			"gongji_lizi_062_": { "width": 600, "height": 600 },
			"gongji_lizi_064_": { "width": 600, "height": 600 },
			"gongji_lizi_066_": { "width": 600, "height": 600 },
			"gongji_lizi_068_": { "width": 600, "height": 600 },
			"gongji_lizi_070_": { "width": 600, "height": 600 },
			"gongji_lizi_072_": { "width": 600, "height": 600 },
			"gongji_lizi_074_": { "width": 600, "height": 600 },
			"gongji_lizi_076_": { "width": 600, "height": 600 },
			"gongji_lizi_078_": { "width": 600, "height": 600 },
			"gongji_lizi_080_": { "width": 600, "height": 600 },
			"gongji_lizi_082_": { "width": 600, "height": 600 },
			"gongji_lizi_084_": { "width": 600, "height": 600 },
			"gongji_lizi_086_": { "width": 600, "height": 600 },
			"gongji_lizi_088_": { "width": 600, "height": 600 },
			"gongji_lizi_090_": { "width": 600, "height": 600 }
		}
	}
},
"animations": {
	"animation": {
		"slots": {
			"chongci_": {
				"attachment": [
					{ "time": 1.5333, "name": "chongci_006_" },
					{ "time": 1.6, "name": "chongci_008_" },
					{ "time": 1.6667, "name": "chongci_010_" },
					{ "time": 1.7333, "name": null }
				]
			},
			"chongci_lizi": {
				"attachment": [
					{ "time": 1.5333, "name": "chongci_lizi_006_" },
					{ "time": 1.5667, "name": "chongci_lizi_008_" },
					{ "time": 1.6333, "name": "chongci_lizi_010_" },
					{ "time": 1.7, "name": "chongci_lizi_012_" },
					{ "time": 1.7667, "name": "chongci_lizi_014_" },
					{ "time": 1.8333, "name": "chongci_lizi_016_" },
					{ "time": 1.9, "name": "chongci_lizi_018_" },
					{ "time": 1.9667, "name": null }
				]
			},
			"daoguang_gj": {
				"attachment": [
					{ "time": 2.2, "name": "daoguang_gj_067_" },
					{ "time": 2.2667, "name": "daoguang_gj_069_" },
					{ "time": 2.3333, "name": "daoguang_gj_071_" },
					{ "time": 2.4, "name": "daoguang_gj_073_" },
					{ "time": 2.4667, "name": "daoguang_gj_075_" },
					{ "time": 2.5333, "name": "daoguang_gj_077_" },
					{ "time": 2.6, "name": "daoguang_gj_079_" },
					{ "time": 2.6667, "name": "daoguang_gj_081_" },
					{ "time": 2.7333, "name": "daoguang_gj_083_" },
					{ "time": 2.8, "name": "daoguang_gj_085_" },
					{ "time": 2.8667, "name": "daoguang_gj_087_" },
					{ "time": 2.9333, "name": "daoguang_gj_089_" },
					{ "time": 3, "name": null }
				]
			},
			"gongji_body": {
				"attachment": [
					{ "time": 1.5333, "name": "gongji_body_045_" },
					{ "time": 1.6, "name": "gongji_body_048_" },
					{ "time": 1.7, "name": "gongji_body_051_" },
					{ "time": 1.8, "name": "gongji_body_054_" },
					{ "time": 1.9, "name": "gongji_body_057_" },
					{ "time": 2, "name": "gongji_body_060_" },
					{ "time": 2.1, "name": "gongji_body_063_" },
					{ "time": 2.2, "name": "gongji_body_066_" },
					{ "time": 2.3, "name": "gongji_body_069_" },
					{ "time": 2.4, "name": "gongji_body_072_" },
					{ "time": 2.5, "name": "gongji_body_075_" },
					{ "time": 2.6, "name": "gongji_body_078_" },
					{ "time": 2.7, "name": "gongji_body_081_" },
					{ "time": 2.8, "name": "gongji_body_084_" },
					{ "time": 2.9, "name": "gongji_body_087_" },
					{ "time": 3, "name": "gongji_body_090_" }
				]
			},
			"gongji_lizi": {
				"attachment": [
					{ "time": 1.5333, "name": "gongji_lizi_046_" },
					{ "time": 1.6, "name": "gongji_lizi_048_" },
					{ "time": 1.6667, "name": "gongji_lizi_050_" },
					{ "time": 1.7333, "name": "gongji_lizi_052_" },
					{ "time": 1.8, "name": "gongji_lizi_054_" },
					{ "time": 1.8667, "name": "gongji_lizi_056_" },
					{ "time": 1.9333, "name": "gongji_lizi_058_" },
					{ "time": 2, "name": "gongji_lizi_060_" },
					{ "time": 2.0667, "name": "gongji_lizi_062_" },
					{ "time": 2.1333, "name": "gongji_lizi_064_" },
					{ "time": 2.2, "name": "gongji_lizi_066_" },
					{ "time": 2.2667, "name": "gongji_lizi_068_" },
					{ "time": 2.3333, "name": "gongji_lizi_070_" },
					{ "time": 2.4, "name": "gongji_lizi_072_" },
					{ "time": 2.4667, "name": "gongji_lizi_074_" },
					{ "time": 2.5333, "name": "gongji_lizi_076_" },
					{ "time": 2.6, "name": "gongji_lizi_078_" },
					{ "time": 2.6667, "name": "gongji_lizi_080_" },
					{ "time": 2.7333, "name": "gongji_lizi_082_" },
					{ "time": 2.8, "name": "gongji_lizi_084_" },
					{ "time": 2.8667, "name": "gongji_lizi_086_" },
					{ "time": 2.9333, "name": "gongji_lizi_088_" },
					{ "time": 3, "name": "gongji_lizi_090_" }
				]
			}
		},
		"bones": {
			"xuli_": {
				"translate": [
					{ "time": 0, "x": 24.98, "y": 290.79 }
				]
			},
			"chongci_": {
				"rotate": [
					{ "time": 0, "angle": -38.47 }
				],
				"translate": [
					{ "time": 0, "x": 108.75, "y": 122.78 }
				]
			},
			"daoguang_gj": {
				"translate": [
					{ "time": 0, "x": 34.96, "y": 119.86 }
				]
			},
			"chongci_lizi": {
				"rotate": [
					{ "time": 0, "angle": -38.47 }
				],
				"translate": [
					{ "time": 0, "x": 108.75, "y": 122.78 }
				]
			}
		}
	}
}
}