{
"skeleton": { "hash": "cPxv7fLJP7+rcDEqw613j8+8f/g", "spine": "3.7.94", "width": 0, "height": 0 },
"bones": [
	{ "name": "root" },
	{ "name": "walk5", "parent": "root" },
	{ "name": "yz_0_", "parent": "walk5", "x": -1, "y": 28 },
	{ "name": "walk2", "parent": "root" },
	{ "name": "walk3", "parent": "root" },
	{ "name": "walk4", "parent": "root" },
	{ "name": "walk6", "parent": "root" },
	{ "name": "yz_0_2", "parent": "walk2", "x": -1, "y": 28 },
	{ "name": "yz_0_3", "parent": "walk3", "x": -1, "y": 28 },
	{ "name": "yz_0_4", "parent": "walk4", "x": -1, "y": 28 },
	{ "name": "yz_0_5", "parent": "walk6", "x": -1, "y": 28 }
],
"slots": [
	{ "name": "Nezha_walk2_000_", "bone": "walk2" },
	{ "name": "Nezha_walk2_001_", "bone": "walk2" },
	{ "name": "Nezha_walk2_002_", "bone": "walk2" },
	{ "name": "Nezha_walk2_003_", "bone": "walk2" },
	{ "name": "Nezha_walk2_004_", "bone": "walk2" },
	{ "name": "Nezha_walk2_005_", "bone": "walk2" },
	{ "name": "Nezha_walk2_006_", "bone": "walk2" },
	{ "name": "Nezha_walk2_007_", "bone": "walk2" },
	{ "name": "Nezha_walk2_008_", "bone": "walk2" },
	{ "name": "Nezha_walk2_009_", "bone": "walk2" },
	{ "name": "Nezha_walk2_010_", "bone": "walk2" },
	{ "name": "Nezha_walk2_011_", "bone": "walk2" },
	{ "name": "Nezha_walk2_012_", "bone": "walk2" },
	{ "name": "Nezha_walk2_013_", "bone": "walk2" },
	{ "name": "Nezha_walk2_014_", "bone": "walk2" },
	{ "name": "Nezha_walk2_015_", "bone": "walk2" },
	{ "name": "Nezha_walk3_000_", "bone": "walk3" },
	{ "name": "Nezha_walk3_001_", "bone": "walk3" },
	{ "name": "Nezha_walk3_002_", "bone": "walk3" },
	{ "name": "Nezha_walk3_003_", "bone": "walk3" },
	{ "name": "Nezha_walk3_004_", "bone": "walk3" },
	{ "name": "Nezha_walk3_005_", "bone": "walk3" },
	{ "name": "Nezha_walk3_006_", "bone": "walk3" },
	{ "name": "Nezha_walk3_007_", "bone": "walk3" },
	{ "name": "Nezha_walk3_008_", "bone": "walk3" },
	{ "name": "Nezha_walk3_009_", "bone": "walk3" },
	{ "name": "Nezha_walk3_010_", "bone": "walk3" },
	{ "name": "Nezha_walk3_011_", "bone": "walk3" },
	{ "name": "Nezha_walk3_012_", "bone": "walk3" },
	{ "name": "Nezha_walk3_013_", "bone": "walk3" },
	{ "name": "Nezha_walk3_014_", "bone": "walk3" },
	{ "name": "Nezha_walk3_015_", "bone": "walk3" },
	{ "name": "Nezha_walk4_000_", "bone": "walk4" },
	{ "name": "Nezha_walk4_001_", "bone": "walk4" },
	{ "name": "Nezha_walk4_002_", "bone": "walk4" },
	{ "name": "Nezha_walk4_003_", "bone": "walk4" },
	{ "name": "Nezha_walk4_004_", "bone": "walk4" },
	{ "name": "Nezha_walk4_005_", "bone": "walk4" },
	{ "name": "Nezha_walk4_006_", "bone": "walk4" },
	{ "name": "Nezha_walk4_007_", "bone": "walk4" },
	{ "name": "Nezha_walk4_008_", "bone": "walk4" },
	{ "name": "Nezha_walk4_009_", "bone": "walk4" },
	{ "name": "Nezha_walk4_010_", "bone": "walk4" },
	{ "name": "Nezha_walk4_011_", "bone": "walk4" },
	{ "name": "Nezha_walk4_012_", "bone": "walk4" },
	{ "name": "Nezha_walk4_013_", "bone": "walk4" },
	{ "name": "Nezha_walk4_014_", "bone": "walk4" },
	{ "name": "Nezha_walk4_015_", "bone": "walk4" },
	{ "name": "Nezha_walk5_000_", "bone": "walk5" },
	{ "name": "Nezha_walk5_001_", "bone": "walk5" },
	{ "name": "Nezha_walk5_002_", "bone": "walk5" },
	{ "name": "Nezha_walk5_003_", "bone": "walk5" },
	{ "name": "Nezha_walk5_004_", "bone": "walk5" },
	{ "name": "Nezha_walk5_005_", "bone": "walk5" },
	{ "name": "Nezha_walk5_006_", "bone": "walk5" },
	{ "name": "Nezha_walk5_007_", "bone": "walk5" },
	{ "name": "Nezha_walk5_008_", "bone": "walk5" },
	{ "name": "Nezha_walk5_009_", "bone": "walk5" },
	{ "name": "Nezha_walk5_010_", "bone": "walk5" },
	{ "name": "Nezha_walk5_011_", "bone": "walk5" },
	{ "name": "Nezha_walk5_012_", "bone": "walk5" },
	{ "name": "Nezha_walk5_013_", "bone": "walk5" },
	{ "name": "Nezha_walk5_014_", "bone": "walk5" },
	{ "name": "Nezha_walk5_015_", "bone": "walk5" },
	{ "name": "Nezha_walk6_000_", "bone": "walk6" },
	{ "name": "Nezha_walk6_001_", "bone": "walk6" },
	{ "name": "Nezha_walk6_002_", "bone": "walk6" },
	{ "name": "Nezha_walk6_003_", "bone": "walk6" },
	{ "name": "Nezha_walk6_004_", "bone": "walk6" },
	{ "name": "Nezha_walk6_005_", "bone": "walk6" },
	{ "name": "Nezha_walk6_006_", "bone": "walk6" },
	{ "name": "Nezha_walk6_007_", "bone": "walk6" },
	{ "name": "Nezha_walk6_008_", "bone": "walk6" },
	{ "name": "Nezha_walk6_009_", "bone": "walk6" },
	{ "name": "Nezha_walk6_010_", "bone": "walk6" },
	{ "name": "Nezha_walk6_011_", "bone": "walk6" },
	{ "name": "Nezha_walk6_012_", "bone": "walk6" },
	{ "name": "Nezha_walk6_013_", "bone": "walk6" },
	{ "name": "Nezha_walk6_014_", "bone": "walk6" },
	{ "name": "Nezha_walk6_015_", "bone": "walk6" },
	{ "name": "yz_0_", "bone": "yz_0_", "color": "ffffff79" },
	{ "name": "yz_0_2", "bone": "yz_0_2", "color": "ffffff79" },
	{ "name": "yz_0_3", "bone": "yz_0_3", "color": "ffffff79" },
	{ "name": "yz_0_4", "bone": "yz_0_4", "color": "ffffff79" },
	{ "name": "yz_0_5", "bone": "yz_0_5", "color": "ffffff79" }
],
"skins": {
	"default": {
		"Nezha_walk2_000_": {
			"Nezha_walk2_000_": { "y": 37, "width": 1000, "height": 1000 }
		},
		"Nezha_walk2_001_": {
			"Nezha_walk2_001_": { "y": 37, "width": 1000, "height": 1000 }
		},
		"Nezha_walk2_002_": {
			"Nezha_walk2_002_": { "y": 37, "width": 1000, "height": 1000 }
		},
		"Nezha_walk2_003_": {
			"Nezha_walk2_003_": { "y": 37, "width": 1000, "height": 1000 }
		},
		"Nezha_walk2_004_": {
			"Nezha_walk2_004_": { "y": 37, "width": 1000, "height": 1000 }
		},
		"Nezha_walk2_005_": {
			"Nezha_walk2_005_": { "y": 37, "width": 1000, "height": 1000 }
		},
		"Nezha_walk2_006_": {
			"Nezha_walk2_006_": { "y": 37, "width": 1000, "height": 1000 }
		},
		"Nezha_walk2_007_": {
			"Nezha_walk2_007_": { "y": 37, "width": 1000, "height": 1000 }
		},
		"Nezha_walk2_008_": {
			"Nezha_walk2_008_": { "y": 37, "width": 1000, "height": 1000 }
		},
		"Nezha_walk2_009_": {
			"Nezha_walk2_009_": { "y": 37, "width": 1000, "height": 1000 }
		},
		"Nezha_walk2_010_": {
			"Nezha_walk2_010_": { "y": 37, "width": 1000, "height": 1000 }
		},
		"Nezha_walk2_011_": {
			"Nezha_walk2_011_": { "y": 37, "width": 1000, "height": 1000 }
		},
		"Nezha_walk2_012_": {
			"Nezha_walk2_012_": { "y": 37, "width": 1000, "height": 1000 }
		},
		"Nezha_walk2_013_": {
			"Nezha_walk2_013_": { "y": 37, "width": 1000, "height": 1000 }
		},
		"Nezha_walk2_014_": {
			"Nezha_walk2_014_": { "y": 37, "width": 1000, "height": 1000 }
		},
		"Nezha_walk2_015_": {
			"Nezha_walk2_015_": { "y": 37, "width": 1000, "height": 1000 }
		},
		"Nezha_walk3_000_": {
			"Nezha_walk3_000_": { "y": 37, "width": 1000, "height": 1000 }
		},
		"Nezha_walk3_001_": {
			"Nezha_walk3_001_": { "y": 37, "width": 1000, "height": 1000 }
		},
		"Nezha_walk3_002_": {
			"Nezha_walk3_002_": { "y": 37, "width": 1000, "height": 1000 }
		},
		"Nezha_walk3_003_": {
			"Nezha_walk3_003_": { "y": 37, "width": 1000, "height": 1000 }
		},
		"Nezha_walk3_004_": {
			"Nezha_walk3_004_": { "y": 37, "width": 1000, "height": 1000 }
		},
		"Nezha_walk3_005_": {
			"Nezha_walk3_005_": { "y": 37, "width": 1000, "height": 1000 }
		},
		"Nezha_walk3_006_": {
			"Nezha_walk3_006_": { "y": 37, "width": 1000, "height": 1000 }
		},
		"Nezha_walk3_007_": {
			"Nezha_walk3_007_": { "y": 37, "width": 1000, "height": 1000 }
		},
		"Nezha_walk3_008_": {
			"Nezha_walk3_008_": { "y": 37, "width": 1000, "height": 1000 }
		},
		"Nezha_walk3_009_": {
			"Nezha_walk3_009_": { "y": 37, "width": 1000, "height": 1000 }
		},
		"Nezha_walk3_010_": {
			"Nezha_walk3_010_": { "y": 37, "width": 1000, "height": 1000 }
		},
		"Nezha_walk3_011_": {
			"Nezha_walk3_011_": { "y": 37, "width": 1000, "height": 1000 }
		},
		"Nezha_walk3_012_": {
			"Nezha_walk3_012_": { "y": 37, "width": 1000, "height": 1000 }
		},
		"Nezha_walk3_013_": {
			"Nezha_walk3_013_": { "y": 37, "width": 1000, "height": 1000 }
		},
		"Nezha_walk3_014_": {
			"Nezha_walk3_014_": { "y": 37, "width": 1000, "height": 1000 }
		},
		"Nezha_walk3_015_": {
			"Nezha_walk3_015_": { "y": 37, "width": 1000, "height": 1000 }
		},
		"Nezha_walk4_000_": {
			"Nezha_walk4_000_": { "y": 37, "width": 1000, "height": 1000 }
		},
		"Nezha_walk4_001_": {
			"Nezha_walk4_001_": { "y": 37, "width": 1000, "height": 1000 }
		},
		"Nezha_walk4_002_": {
			"Nezha_walk4_002_": { "y": 37, "width": 1000, "height": 1000 }
		},
		"Nezha_walk4_003_": {
			"Nezha_walk4_003_": { "y": 37, "width": 1000, "height": 1000 }
		},
		"Nezha_walk4_004_": {
			"Nezha_walk4_004_": { "y": 37, "width": 1000, "height": 1000 }
		},
		"Nezha_walk4_005_": {
			"Nezha_walk4_005_": { "y": 37, "width": 1000, "height": 1000 }
		},
		"Nezha_walk4_006_": {
			"Nezha_walk4_006_": { "y": 37, "width": 1000, "height": 1000 }
		},
		"Nezha_walk4_007_": {
			"Nezha_walk4_007_": { "y": 37, "width": 1000, "height": 1000 }
		},
		"Nezha_walk4_008_": {
			"Nezha_walk4_008_": { "y": 37, "width": 1000, "height": 1000 }
		},
		"Nezha_walk4_009_": {
			"Nezha_walk4_009_": { "y": 37, "width": 1000, "height": 1000 }
		},
		"Nezha_walk4_010_": {
			"Nezha_walk4_010_": { "y": 37, "width": 1000, "height": 1000 }
		},
		"Nezha_walk4_011_": {
			"Nezha_walk4_011_": { "y": 37, "width": 1000, "height": 1000 }
		},
		"Nezha_walk4_012_": {
			"Nezha_walk4_012_": { "y": 37, "width": 1000, "height": 1000 }
		},
		"Nezha_walk4_013_": {
			"Nezha_walk4_013_": { "y": 37, "width": 1000, "height": 1000 }
		},
		"Nezha_walk4_014_": {
			"Nezha_walk4_014_": { "y": 37, "width": 1000, "height": 1000 }
		},
		"Nezha_walk4_015_": {
			"Nezha_walk4_015_": { "y": 37, "width": 1000, "height": 1000 }
		},
		"Nezha_walk5_000_": {
			"Nezha_walk5_000_": { "y": 37, "width": 1000, "height": 1000 }
		},
		"Nezha_walk5_001_": {
			"Nezha_walk5_001_": { "y": 37, "width": 1000, "height": 1000 }
		},
		"Nezha_walk5_002_": {
			"Nezha_walk5_002_": { "y": 37, "width": 1000, "height": 1000 }
		},
		"Nezha_walk5_003_": {
			"Nezha_walk5_003_": { "y": 37, "width": 1000, "height": 1000 }
		},
		"Nezha_walk5_004_": {
			"Nezha_walk5_004_": { "y": 37, "width": 1000, "height": 1000 }
		},
		"Nezha_walk5_005_": {
			"Nezha_walk5_005_": { "y": 37, "width": 1000, "height": 1000 }
		},
		"Nezha_walk5_006_": {
			"Nezha_walk5_006_": { "y": 37, "width": 1000, "height": 1000 }
		},
		"Nezha_walk5_007_": {
			"Nezha_walk5_007_": { "y": 37, "width": 1000, "height": 1000 }
		},
		"Nezha_walk5_008_": {
			"Nezha_walk5_008_": { "y": 37, "width": 1000, "height": 1000 }
		},
		"Nezha_walk5_009_": {
			"Nezha_walk5_009_": { "y": 37, "width": 1000, "height": 1000 }
		},
		"Nezha_walk5_010_": {
			"Nezha_walk5_010_": { "y": 37, "width": 1000, "height": 1000 }
		},
		"Nezha_walk5_011_": {
			"Nezha_walk5_011_": { "y": 37, "width": 1000, "height": 1000 }
		},
		"Nezha_walk5_012_": {
			"Nezha_walk5_012_": { "y": 37, "width": 1000, "height": 1000 }
		},
		"Nezha_walk5_013_": {
			"Nezha_walk5_013_": { "y": 37, "width": 1000, "height": 1000 }
		},
		"Nezha_walk5_014_": {
			"Nezha_walk5_014_": { "y": 37, "width": 1000, "height": 1000 }
		},
		"Nezha_walk5_015_": {
			"Nezha_walk5_015_": { "y": 37, "width": 1000, "height": 1000 }
		},
		"Nezha_walk6_000_": {
			"Nezha_walk6_000_": { "y": 37, "width": 1000, "height": 1000 }
		},
		"Nezha_walk6_001_": {
			"Nezha_walk6_001_": { "y": 37, "width": 1000, "height": 1000 }
		},
		"Nezha_walk6_002_": {
			"Nezha_walk6_002_": { "y": 37, "width": 1000, "height": 1000 }
		},
		"Nezha_walk6_003_": {
			"Nezha_walk6_003_": { "y": 37, "width": 1000, "height": 1000 }
		},
		"Nezha_walk6_004_": {
			"Nezha_walk6_004_": { "y": 37, "width": 1000, "height": 1000 }
		},
		"Nezha_walk6_005_": {
			"Nezha_walk6_005_": { "y": 37, "width": 1000, "height": 1000 }
		},
		"Nezha_walk6_006_": {
			"Nezha_walk6_006_": { "y": 37, "width": 1000, "height": 1000 }
		},
		"Nezha_walk6_007_": {
			"Nezha_walk6_007_": { "y": 37, "width": 1000, "height": 1000 }
		},
		"Nezha_walk6_008_": {
			"Nezha_walk6_008_": { "y": 37, "width": 1000, "height": 1000 }
		},
		"Nezha_walk6_009_": {
			"Nezha_walk6_009_": { "y": 37, "width": 1000, "height": 1000 }
		},
		"Nezha_walk6_010_": {
			"Nezha_walk6_010_": { "y": 37, "width": 1000, "height": 1000 }
		},
		"Nezha_walk6_011_": {
			"Nezha_walk6_011_": { "y": 37, "width": 1000, "height": 1000 }
		},
		"Nezha_walk6_012_": {
			"Nezha_walk6_012_": { "y": 37, "width": 1000, "height": 1000 }
		},
		"Nezha_walk6_013_": {
			"Nezha_walk6_013_": { "y": 37, "width": 1000, "height": 1000 }
		},
		"Nezha_walk6_014_": {
			"Nezha_walk6_014_": { "y": 37, "width": 1000, "height": 1000 }
		},
		"Nezha_walk6_015_": {
			"Nezha_walk6_015_": { "y": 37, "width": 1000, "height": 1000 }
		},
		"yz_0_": {
			"yz_0_": { "x": 1.5, "y": -4.5, "width": 85, "height": 85 }
		},
		"yz_0_2": {
			"yz_0_": { "x": 1.5, "y": -4.5, "width": 85, "height": 85 }
		},
		"yz_0_3": {
			"yz_0_": { "x": 1.5, "y": -4.5, "width": 85, "height": 85 }
		},
		"yz_0_4": {
			"yz_0_": { "x": 1.5, "y": -4.5, "width": 85, "height": 85 }
		},
		"yz_0_5": {
			"yz_0_": { "x": 1.5, "y": -4.5, "width": 85, "height": 85 }
		}
	}
},
"animations": {
	"walk_0": {
		"slots": {
			"Nezha_walk4_000_": {
				"attachment": [
					{ "time": 0, "name": "Nezha_walk4_000_" },
					{ "time": 0.1, "name": null }
				]
			},
			"Nezha_walk4_001_": {
				"attachment": [
					{ "time": 0.1, "name": "Nezha_walk4_001_" },
					{ "time": 0.1667, "name": null }
				]
			},
			"Nezha_walk4_002_": {
				"attachment": [
					{ "time": 0.1667, "name": "Nezha_walk4_002_" },
					{ "time": 0.2667, "name": null }
				]
			},
			"Nezha_walk4_003_": {
				"attachment": [
					{ "time": 0.2667, "name": "Nezha_walk4_003_" },
					{ "time": 0.3333, "name": null }
				]
			},
			"Nezha_walk4_004_": {
				"attachment": [
					{ "time": 0.3333, "name": "Nezha_walk4_004_" },
					{ "time": 0.4333, "name": null }
				]
			},
			"Nezha_walk4_005_": {
				"attachment": [
					{ "time": 0.4333, "name": "Nezha_walk4_005_" },
					{ "time": 0.5333, "name": null }
				]
			},
			"Nezha_walk4_006_": {
				"attachment": [
					{ "time": 0.5333, "name": "Nezha_walk4_006_" },
					{ "time": 0.6, "name": null }
				]
			},
			"Nezha_walk4_007_": {
				"attachment": [
					{ "time": 0.6, "name": "Nezha_walk4_007_" },
					{ "time": 0.7, "name": null }
				]
			},
			"Nezha_walk4_008_": {
				"attachment": [
					{ "time": 0.7, "name": "Nezha_walk4_008_" },
					{ "time": 0.7667, "name": null }
				]
			},
			"Nezha_walk4_009_": {
				"attachment": [
					{ "time": 0.7667, "name": "Nezha_walk4_009_" },
					{ "time": 0.8667, "name": null }
				]
			},
			"Nezha_walk4_010_": {
				"attachment": [
					{ "time": 0.8667, "name": "Nezha_walk4_010_" },
					{ "time": 0.9667, "name": null }
				]
			},
			"Nezha_walk4_011_": {
				"attachment": [
					{ "time": 0.9667, "name": "Nezha_walk4_011_" },
					{ "time": 1.0333, "name": null }
				]
			},
			"Nezha_walk4_012_": {
				"attachment": [
					{ "time": 1.0333, "name": "Nezha_walk4_012_" },
					{ "time": 1.1333, "name": null }
				]
			},
			"Nezha_walk4_013_": {
				"attachment": [
					{ "time": 1.1333, "name": "Nezha_walk4_013_" },
					{ "time": 1.2, "name": null }
				]
			},
			"Nezha_walk4_014_": {
				"attachment": [
					{ "time": 1.2, "name": "Nezha_walk4_014_" },
					{ "time": 1.3, "name": null }
				]
			},
			"Nezha_walk4_015_": {
				"attachment": [
					{ "time": 1.3, "name": "Nezha_walk4_015_" },
					{ "time": 1.4, "name": null }
				]
			},
			"yz_0_4": {
				"attachment": [
					{ "time": 0, "name": "yz_0_" }
				]
			}
		},
		"bones": {
			"walk4": {
				"scale": [
					{ "time": 0, "x": -1, "y": 1 }
				]
			}
		}
	},
	"walk_1": {
		"slots": {
			"Nezha_walk3_000_": {
				"attachment": [
					{ "time": 0, "name": "Nezha_walk3_000_" },
					{ "time": 0.1, "name": null }
				]
			},
			"Nezha_walk3_001_": {
				"attachment": [
					{ "time": 0.1, "name": "Nezha_walk3_001_" },
					{ "time": 0.1667, "name": null }
				]
			},
			"Nezha_walk3_002_": {
				"attachment": [
					{ "time": 0.1667, "name": "Nezha_walk3_002_" },
					{ "time": 0.2667, "name": null }
				]
			},
			"Nezha_walk3_003_": {
				"attachment": [
					{ "time": 0.2667, "name": "Nezha_walk3_003_" },
					{ "time": 0.3333, "name": null }
				]
			},
			"Nezha_walk3_004_": {
				"attachment": [
					{ "time": 0.3333, "name": "Nezha_walk3_004_" },
					{ "time": 0.4333, "name": null }
				]
			},
			"Nezha_walk3_005_": {
				"attachment": [
					{ "time": 0.4333, "name": "Nezha_walk3_005_" },
					{ "time": 0.5333, "name": null }
				]
			},
			"Nezha_walk3_006_": {
				"attachment": [
					{ "time": 0.5333, "name": "Nezha_walk3_006_" },
					{ "time": 0.6, "name": null }
				]
			},
			"Nezha_walk3_007_": {
				"attachment": [
					{ "time": 0.6, "name": "Nezha_walk3_007_" },
					{ "time": 0.7, "name": null }
				]
			},
			"Nezha_walk3_008_": {
				"attachment": [
					{ "time": 0.7, "name": "Nezha_walk3_008_" },
					{ "time": 0.7667, "name": null }
				]
			},
			"Nezha_walk3_009_": {
				"attachment": [
					{ "time": 0.7667, "name": "Nezha_walk3_009_" },
					{ "time": 0.8667, "name": null }
				]
			},
			"Nezha_walk3_010_": {
				"attachment": [
					{ "time": 0.8667, "name": "Nezha_walk3_010_" },
					{ "time": 0.9667, "name": null }
				]
			},
			"Nezha_walk3_011_": {
				"attachment": [
					{ "time": 0.9667, "name": "Nezha_walk3_011_" },
					{ "time": 1.0333, "name": null }
				]
			},
			"Nezha_walk3_012_": {
				"attachment": [
					{ "time": 1.0333, "name": "Nezha_walk3_012_" },
					{ "time": 1.1333, "name": null }
				]
			},
			"Nezha_walk3_013_": {
				"attachment": [
					{ "time": 1.1333, "name": "Nezha_walk3_013_" },
					{ "time": 1.2, "name": null }
				]
			},
			"Nezha_walk3_014_": {
				"attachment": [
					{ "time": 1.2, "name": "Nezha_walk3_014_" },
					{ "time": 1.3, "name": null }
				]
			},
			"Nezha_walk3_015_": {
				"attachment": [
					{ "time": 1.3, "name": "Nezha_walk3_015_" },
					{ "time": 1.4, "name": null }
				]
			},
			"yz_0_3": {
				"attachment": [
					{ "time": 0, "name": "yz_0_" }
				]
			}
		},
		"bones": {
			"walk3": {
				"scale": [
					{ "time": 0, "x": -1, "y": 1 }
				]
			}
		}
	},
	"walk_2": {
		"slots": {
			"Nezha_walk2_000_": {
				"attachment": [
					{ "time": 0, "name": "Nezha_walk2_000_" },
					{ "time": 0.1, "name": null }
				]
			},
			"Nezha_walk2_001_": {
				"attachment": [
					{ "time": 0.1, "name": "Nezha_walk2_001_" },
					{ "time": 0.1667, "name": null }
				]
			},
			"Nezha_walk2_002_": {
				"attachment": [
					{ "time": 0.1667, "name": "Nezha_walk2_002_" },
					{ "time": 0.2667, "name": null }
				]
			},
			"Nezha_walk2_003_": {
				"attachment": [
					{ "time": 0.2667, "name": "Nezha_walk2_003_" },
					{ "time": 0.3667, "name": null }
				]
			},
			"Nezha_walk2_004_": {
				"attachment": [
					{ "time": 0.3667, "name": "Nezha_walk2_004_" },
					{ "time": 0.4333, "name": null }
				]
			},
			"Nezha_walk2_005_": {
				"attachment": [
					{ "time": 0.4333, "name": "Nezha_walk2_005_" },
					{ "time": 0.5333, "name": null }
				]
			},
			"Nezha_walk2_006_": {
				"attachment": [
					{ "time": 0.5333, "name": "Nezha_walk2_006_" },
					{ "time": 0.6333, "name": null }
				]
			},
			"Nezha_walk2_007_": {
				"attachment": [
					{ "time": 0.6333, "name": "Nezha_walk2_007_" },
					{ "time": 0.7, "name": null }
				]
			},
			"Nezha_walk2_008_": {
				"attachment": [
					{ "time": 0.7, "name": "Nezha_walk2_008_" },
					{ "time": 0.8, "name": null }
				]
			},
			"Nezha_walk2_009_": {
				"attachment": [
					{ "time": 0.8, "name": "Nezha_walk2_009_" },
					{ "time": 0.8667, "name": null }
				]
			},
			"Nezha_walk2_010_": {
				"attachment": [
					{ "time": 0.8667, "name": "Nezha_walk2_010_" },
					{ "time": 0.9667, "name": null }
				]
			},
			"Nezha_walk2_011_": {
				"attachment": [
					{ "time": 0.9667, "name": "Nezha_walk2_011_" },
					{ "time": 1.0667, "name": null }
				]
			},
			"Nezha_walk2_012_": {
				"attachment": [
					{ "time": 1.0667, "name": "Nezha_walk2_012_" },
					{ "time": 1.1333, "name": null }
				]
			},
			"Nezha_walk2_013_": {
				"attachment": [
					{ "time": 1.1333, "name": "Nezha_walk2_013_" },
					{ "time": 1.2333, "name": null }
				]
			},
			"Nezha_walk2_014_": {
				"attachment": [
					{ "time": 1.2333, "name": "Nezha_walk2_014_" },
					{ "time": 1.3333, "name": null }
				]
			},
			"Nezha_walk2_015_": {
				"attachment": [
					{ "time": 1.3333, "name": "Nezha_walk2_015_" },
					{ "time": 1.4, "name": null }
				]
			},
			"yz_0_2": {
				"attachment": [
					{ "time": 0, "name": "yz_0_" }
				]
			}
		}
	},
	"walk_3": {
		"slots": {
			"Nezha_walk3_000_": {
				"attachment": [
					{ "time": 0, "name": "Nezha_walk3_000_" },
					{ "time": 0.1, "name": null }
				]
			},
			"Nezha_walk3_001_": {
				"attachment": [
					{ "time": 0.1, "name": "Nezha_walk3_001_" },
					{ "time": 0.1667, "name": null }
				]
			},
			"Nezha_walk3_002_": {
				"attachment": [
					{ "time": 0.1667, "name": "Nezha_walk3_002_" },
					{ "time": 0.2667, "name": null }
				]
			},
			"Nezha_walk3_003_": {
				"attachment": [
					{ "time": 0.2667, "name": "Nezha_walk3_003_" },
					{ "time": 0.3333, "name": null }
				]
			},
			"Nezha_walk3_004_": {
				"attachment": [
					{ "time": 0.3333, "name": "Nezha_walk3_004_" },
					{ "time": 0.4333, "name": null }
				]
			},
			"Nezha_walk3_005_": {
				"attachment": [
					{ "time": 0.4333, "name": "Nezha_walk3_005_" },
					{ "time": 0.5333, "name": null }
				]
			},
			"Nezha_walk3_006_": {
				"attachment": [
					{ "time": 0.5333, "name": "Nezha_walk3_006_" },
					{ "time": 0.6, "name": null }
				]
			},
			"Nezha_walk3_007_": {
				"attachment": [
					{ "time": 0.6, "name": "Nezha_walk3_007_" },
					{ "time": 0.7, "name": null }
				]
			},
			"Nezha_walk3_008_": {
				"attachment": [
					{ "time": 0.7, "name": "Nezha_walk3_008_" },
					{ "time": 0.7667, "name": null }
				]
			},
			"Nezha_walk3_009_": {
				"attachment": [
					{ "time": 0.7667, "name": "Nezha_walk3_009_" },
					{ "time": 0.8667, "name": null }
				]
			},
			"Nezha_walk3_010_": {
				"attachment": [
					{ "time": 0.8667, "name": "Nezha_walk3_010_" },
					{ "time": 0.9667, "name": null }
				]
			},
			"Nezha_walk3_011_": {
				"attachment": [
					{ "time": 0.9667, "name": "Nezha_walk3_011_" },
					{ "time": 1.0333, "name": null }
				]
			},
			"Nezha_walk3_012_": {
				"attachment": [
					{ "time": 1.0333, "name": "Nezha_walk3_012_" },
					{ "time": 1.1333, "name": null }
				]
			},
			"Nezha_walk3_013_": {
				"attachment": [
					{ "time": 1.1333, "name": "Nezha_walk3_013_" },
					{ "time": 1.2, "name": null }
				]
			},
			"Nezha_walk3_014_": {
				"attachment": [
					{ "time": 1.2, "name": "Nezha_walk3_014_" },
					{ "time": 1.3, "name": null }
				]
			},
			"Nezha_walk3_015_": {
				"attachment": [
					{ "time": 1.3, "name": "Nezha_walk3_015_" },
					{ "time": 1.4, "name": null }
				]
			},
			"yz_0_3": {
				"attachment": [
					{ "time": 0, "name": "yz_0_" }
				]
			}
		}
	},
	"walk_4": {
		"slots": {
			"Nezha_walk4_000_": {
				"attachment": [
					{ "time": 0, "name": "Nezha_walk4_000_" },
					{ "time": 0.1, "name": null }
				]
			},
			"Nezha_walk4_001_": {
				"attachment": [
					{ "time": 0.1, "name": "Nezha_walk4_001_" },
					{ "time": 0.1667, "name": null }
				]
			},
			"Nezha_walk4_002_": {
				"attachment": [
					{ "time": 0.1667, "name": "Nezha_walk4_002_" },
					{ "time": 0.2667, "name": null }
				]
			},
			"Nezha_walk4_003_": {
				"attachment": [
					{ "time": 0.2667, "name": "Nezha_walk4_003_" },
					{ "time": 0.3333, "name": null }
				]
			},
			"Nezha_walk4_004_": {
				"attachment": [
					{ "time": 0.3333, "name": "Nezha_walk4_004_" },
					{ "time": 0.4333, "name": null }
				]
			},
			"Nezha_walk4_005_": {
				"attachment": [
					{ "time": 0.4333, "name": "Nezha_walk4_005_" },
					{ "time": 0.5333, "name": null }
				]
			},
			"Nezha_walk4_006_": {
				"attachment": [
					{ "time": 0.5333, "name": "Nezha_walk4_006_" },
					{ "time": 0.6, "name": null }
				]
			},
			"Nezha_walk4_007_": {
				"attachment": [
					{ "time": 0.6, "name": "Nezha_walk4_007_" },
					{ "time": 0.7, "name": null }
				]
			},
			"Nezha_walk4_008_": {
				"attachment": [
					{ "time": 0.7, "name": "Nezha_walk4_008_" },
					{ "time": 0.7667, "name": null }
				]
			},
			"Nezha_walk4_009_": {
				"attachment": [
					{ "time": 0.7667, "name": "Nezha_walk4_009_" },
					{ "time": 0.8667, "name": null }
				]
			},
			"Nezha_walk4_010_": {
				"attachment": [
					{ "time": 0.8667, "name": "Nezha_walk4_010_" },
					{ "time": 0.9667, "name": null }
				]
			},
			"Nezha_walk4_011_": {
				"attachment": [
					{ "time": 0.9667, "name": "Nezha_walk4_011_" },
					{ "time": 1.0333, "name": null }
				]
			},
			"Nezha_walk4_012_": {
				"attachment": [
					{ "time": 1.0333, "name": "Nezha_walk4_012_" },
					{ "time": 1.1333, "name": null }
				]
			},
			"Nezha_walk4_013_": {
				"attachment": [
					{ "time": 1.1333, "name": "Nezha_walk4_013_" },
					{ "time": 1.2, "name": null }
				]
			},
			"Nezha_walk4_014_": {
				"attachment": [
					{ "time": 1.2, "name": "Nezha_walk4_014_" },
					{ "time": 1.3, "name": null }
				]
			},
			"Nezha_walk4_015_": {
				"attachment": [
					{ "time": 1.3, "name": "Nezha_walk4_015_" },
					{ "time": 1.4, "name": null }
				]
			},
			"yz_0_4": {
				"attachment": [
					{ "time": 0, "name": "yz_0_" }
				]
			}
		}
	},
	"walk_5": {
		"slots": {
			"Nezha_walk5_000_": {
				"attachment": [
					{ "time": 0, "name": "Nezha_walk5_000_" },
					{ "time": 0.1, "name": null }
				]
			},
			"Nezha_walk5_001_": {
				"attachment": [
					{ "time": 0.1, "name": "Nezha_walk5_001_" },
					{ "time": 0.1667, "name": null }
				]
			},
			"Nezha_walk5_002_": {
				"attachment": [
					{ "time": 0.1667, "name": "Nezha_walk5_002_" },
					{ "time": 0.2667, "name": null }
				]
			},
			"Nezha_walk5_003_": {
				"attachment": [
					{ "time": 0.2667, "name": "Nezha_walk5_003_" },
					{ "time": 0.3333, "name": null }
				]
			},
			"Nezha_walk5_004_": {
				"attachment": [
					{ "time": 0.3333, "name": "Nezha_walk5_004_" },
					{ "time": 0.4333, "name": null }
				]
			},
			"Nezha_walk5_005_": {
				"attachment": [
					{ "time": 0.4333, "name": "Nezha_walk5_005_" },
					{ "time": 0.5333, "name": null }
				]
			},
			"Nezha_walk5_006_": {
				"attachment": [
					{ "time": 0.5333, "name": "Nezha_walk5_006_" },
					{ "time": 0.6, "name": null }
				]
			},
			"Nezha_walk5_007_": {
				"attachment": [
					{ "time": 0.6, "name": "Nezha_walk5_007_" },
					{ "time": 0.7, "name": null }
				]
			},
			"Nezha_walk5_008_": {
				"attachment": [
					{ "time": 0.7, "name": "Nezha_walk5_008_" },
					{ "time": 0.7667, "name": null }
				]
			},
			"Nezha_walk5_009_": {
				"attachment": [
					{ "time": 0.7667, "name": "Nezha_walk5_009_" },
					{ "time": 0.8667, "name": null }
				]
			},
			"Nezha_walk5_010_": {
				"attachment": [
					{ "time": 0.8667, "name": "Nezha_walk5_010_" },
					{ "time": 0.9667, "name": null }
				]
			},
			"Nezha_walk5_011_": {
				"attachment": [
					{ "time": 0.9667, "name": "Nezha_walk5_011_" },
					{ "time": 1.0333, "name": null }
				]
			},
			"Nezha_walk5_012_": {
				"attachment": [
					{ "time": 1.0333, "name": "Nezha_walk5_012_" },
					{ "time": 1.1333, "name": null }
				]
			},
			"Nezha_walk5_013_": {
				"attachment": [
					{ "time": 1.1333, "name": "Nezha_walk5_013_" },
					{ "time": 1.2, "name": null }
				]
			},
			"Nezha_walk5_014_": {
				"attachment": [
					{ "time": 1.2, "name": "Nezha_walk5_014_" },
					{ "time": 1.3, "name": null }
				]
			},
			"Nezha_walk5_015_": {
				"attachment": [
					{ "time": 1.3, "name": "Nezha_walk5_015_" },
					{ "time": 1.4, "name": null }
				]
			},
			"yz_0_": {
				"attachment": [
					{ "time": 0, "name": "yz_0_" }
				]
			}
		}
	},
	"walk_6": {
		"slots": {
			"Nezha_walk6_000_": {
				"attachment": [
					{ "time": 0, "name": "Nezha_walk6_000_" },
					{ "time": 0.1, "name": null }
				]
			},
			"Nezha_walk6_001_": {
				"attachment": [
					{ "time": 0.1, "name": "Nezha_walk6_001_" },
					{ "time": 0.1667, "name": null }
				]
			},
			"Nezha_walk6_002_": {
				"attachment": [
					{ "time": 0.1667, "name": "Nezha_walk6_002_" },
					{ "time": 0.2667, "name": null }
				]
			},
			"Nezha_walk6_003_": {
				"attachment": [
					{ "time": 0.2667, "name": "Nezha_walk6_003_" },
					{ "time": 0.3667, "name": null }
				]
			},
			"Nezha_walk6_004_": {
				"attachment": [
					{ "time": 0.3667, "name": "Nezha_walk6_004_" },
					{ "time": 0.4333, "name": null }
				]
			},
			"Nezha_walk6_005_": {
				"attachment": [
					{ "time": 0.4333, "name": "Nezha_walk6_005_" },
					{ "time": 0.5333, "name": null }
				]
			},
			"Nezha_walk6_006_": {
				"attachment": [
					{ "time": 0.5333, "name": "Nezha_walk6_006_" },
					{ "time": 0.6333, "name": null }
				]
			},
			"Nezha_walk6_007_": {
				"attachment": [
					{ "time": 0.6333, "name": "Nezha_walk6_007_" },
					{ "time": 0.7, "name": null }
				]
			},
			"Nezha_walk6_008_": {
				"attachment": [
					{ "time": 0.7, "name": "Nezha_walk6_008_" },
					{ "time": 0.8, "name": null }
				]
			},
			"Nezha_walk6_009_": {
				"attachment": [
					{ "time": 0.8, "name": "Nezha_walk6_009_" },
					{ "time": 0.8667, "name": null }
				]
			},
			"Nezha_walk6_010_": {
				"attachment": [
					{ "time": 0.8667, "name": "Nezha_walk6_010_" },
					{ "time": 0.9667, "name": null }
				]
			},
			"Nezha_walk6_011_": {
				"attachment": [
					{ "time": 0.9667, "name": "Nezha_walk6_011_" },
					{ "time": 1.0667, "name": null }
				]
			},
			"Nezha_walk6_012_": {
				"attachment": [
					{ "time": 1.0667, "name": "Nezha_walk6_012_" },
					{ "time": 1.1333, "name": null }
				]
			},
			"Nezha_walk6_013_": {
				"attachment": [
					{ "time": 1.1333, "name": "Nezha_walk6_013_" },
					{ "time": 1.2333, "name": null }
				]
			},
			"Nezha_walk6_014_": {
				"attachment": [
					{ "time": 1.2333, "name": "Nezha_walk6_014_" },
					{ "time": 1.3333, "name": null }
				]
			},
			"Nezha_walk6_015_": {
				"attachment": [
					{ "time": 1.3333, "name": "Nezha_walk6_015_" },
					{ "time": 1.4, "name": null }
				]
			},
			"yz_0_5": {
				"attachment": [
					{ "time": 0, "name": "yz_0_" }
				]
			}
		}
	},
	"walk_7": {
		"slots": {
			"Nezha_walk5_000_": {
				"attachment": [
					{ "time": 0, "name": "Nezha_walk5_000_" },
					{ "time": 0.1, "name": null }
				]
			},
			"Nezha_walk5_001_": {
				"attachment": [
					{ "time": 0.1, "name": "Nezha_walk5_001_" },
					{ "time": 0.1667, "name": null }
				]
			},
			"Nezha_walk5_002_": {
				"attachment": [
					{ "time": 0.1667, "name": "Nezha_walk5_002_" },
					{ "time": 0.2667, "name": null }
				]
			},
			"Nezha_walk5_003_": {
				"attachment": [
					{ "time": 0.2667, "name": "Nezha_walk5_003_" },
					{ "time": 0.3333, "name": null }
				]
			},
			"Nezha_walk5_004_": {
				"attachment": [
					{ "time": 0.3333, "name": "Nezha_walk5_004_" },
					{ "time": 0.4333, "name": null }
				]
			},
			"Nezha_walk5_005_": {
				"attachment": [
					{ "time": 0.4333, "name": "Nezha_walk5_005_" },
					{ "time": 0.5333, "name": null }
				]
			},
			"Nezha_walk5_006_": {
				"attachment": [
					{ "time": 0.5333, "name": "Nezha_walk5_006_" },
					{ "time": 0.6, "name": null }
				]
			},
			"Nezha_walk5_007_": {
				"attachment": [
					{ "time": 0.6, "name": "Nezha_walk5_007_" },
					{ "time": 0.7, "name": null }
				]
			},
			"Nezha_walk5_008_": {
				"attachment": [
					{ "time": 0.7, "name": "Nezha_walk5_008_" },
					{ "time": 0.7667, "name": null }
				]
			},
			"Nezha_walk5_009_": {
				"attachment": [
					{ "time": 0.7667, "name": "Nezha_walk5_009_" },
					{ "time": 0.8667, "name": null }
				]
			},
			"Nezha_walk5_010_": {
				"attachment": [
					{ "time": 0.8667, "name": "Nezha_walk5_010_" },
					{ "time": 0.9667, "name": null }
				]
			},
			"Nezha_walk5_011_": {
				"attachment": [
					{ "time": 0.9667, "name": "Nezha_walk5_011_" },
					{ "time": 1.0333, "name": null }
				]
			},
			"Nezha_walk5_012_": {
				"attachment": [
					{ "time": 1.0333, "name": "Nezha_walk5_012_" },
					{ "time": 1.1333, "name": null }
				]
			},
			"Nezha_walk5_013_": {
				"attachment": [
					{ "time": 1.1333, "name": "Nezha_walk5_013_" },
					{ "time": 1.2, "name": null }
				]
			},
			"Nezha_walk5_014_": {
				"attachment": [
					{ "time": 1.2, "name": "Nezha_walk5_014_" },
					{ "time": 1.3, "name": null }
				]
			},
			"Nezha_walk5_015_": {
				"attachment": [
					{ "time": 1.3, "name": "Nezha_walk5_015_" },
					{ "time": 1.4, "name": null }
				]
			},
			"yz_0_": {
				"attachment": [
					{ "time": 0, "name": "yz_0_" }
				]
			}
		},
		"bones": {
			"walk5": {
				"scale": [
					{ "time": 0, "x": -1, "y": 1 }
				]
			}
		}
	}
}
}