{
"skeleton": { "hash": "gb+3tXDJvesQSNbnJcqkm6PlH8Y", "spine": "2.1.27", "width": 74.92, "height": 55.75 },
"bones": [
	{ "name": "root" }
],
"slots": [
	{ "name": "heroChallenge_ying_zi_", "bone": "root", "attachment": "heroChallenge_ying_zi_" },
	{ "name": "shibing_siwang_01_0029_", "bone": "root" },
	{ "name": "shibing_siwang_01_0028_", "bone": "root" },
	{ "name": "shibing_siwang_01_0027_", "bone": "root" },
	{ "name": "shibing_siwang_01_0026_", "bone": "root" },
	{ "name": "shibing_siwang_01_0025_", "bone": "root" },
	{ "name": "shibing_siwang_01_0024_", "bone": "root" },
	{ "name": "shibing_siwang_01_0023_", "bone": "root" },
	{ "name": "shibing_siwang_01_0022_", "bone": "root" },
	{ "name": "shibing_siwang_01_0021_", "bone": "root" },
	{ "name": "shibing_siwang_01_0020_", "bone": "root" },
	{ "name": "shibing_daiji_01_0019_", "bone": "root" },
	{ "name": "shibing_daiji_01_0018_", "bone": "root" },
	{ "name": "shibing_daiji_01_0017_", "bone": "root" },
	{ "name": "shibing_daiji_01_0016_", "bone": "root" },
	{ "name": "shibing_daiji_01_0015_", "bone": "root" },
	{ "name": "shibing_daiji_01_0014_", "bone": "root" },
	{ "name": "shibing_daiji_01_0013_", "bone": "root" },
	{ "name": "shibing_daiji_01_0012_", "bone": "root" },
	{ "name": "shibing_daiji_01_0011_", "bone": "root" },
	{ "name": "shibing_daiji_01_0010_", "bone": "root" },
	{ "name": "shibing_gongji_01_0009_", "bone": "root" },
	{ "name": "shibing_gongji_01_0008_", "bone": "root" },
	{ "name": "shibing_gongji_01_0007_", "bone": "root" },
	{ "name": "shibing_gongji_01_0006_", "bone": "root" },
	{ "name": "shibing_gongji_01_0005_", "bone": "root" },
	{ "name": "shibing_gongji_01_0004_", "bone": "root" },
	{ "name": "shibing_gongji_01_0003_", "bone": "root" },
	{ "name": "shibing_gongji_01_0002_", "bone": "root" },
	{ "name": "shibing_gongji_01_0001_", "bone": "root" },
	{ "name": "shibing_gongji_01_0000_", "bone": "root" },
	{ "name": "shibing_gongji_00_0002_", "bone": "root" },
	{ "name": "shibing_gongji_00_0001_", "bone": "root" }
],
"skins": {
	"default": {
		"shibing_daiji_01_0010_": {
			"shibing_daiji_01_0010_": { "x": -26.92, "y": 61.85, "width": 146, "height": 172 }
		},
		"shibing_daiji_01_0011_": {
			"shibing_daiji_01_0011_": { "x": -26.92, "y": 61.35, "width": 146, "height": 171 }
		},
		"shibing_daiji_01_0012_": {
			"shibing_daiji_01_0012_": { "x": -27.42, "y": 60.85, "width": 147, "height": 170 }
		},
		"shibing_daiji_01_0013_": {
			"shibing_daiji_01_0013_": { "x": -27.92, "y": 59.85, "width": 148, "height": 168 }
		},
		"shibing_daiji_01_0014_": {
			"shibing_daiji_01_0014_": { "x": -27.42, "y": 59.35, "width": 149, "height": 167 }
		},
		"shibing_daiji_01_0015_": {
			"shibing_daiji_01_0015_": { "x": -27.92, "y": 59.85, "width": 150, "height": 166 }
		},
		"shibing_daiji_01_0016_": {
			"shibing_daiji_01_0016_": { "x": -27.92, "y": 60.85, "width": 150, "height": 166 }
		},
		"shibing_daiji_01_0017_": {
			"shibing_daiji_01_0017_": { "x": -27.42, "y": 61.35, "width": 149, "height": 167 }
		},
		"shibing_daiji_01_0018_": {
			"shibing_daiji_01_0018_": { "x": -27.42, "y": 62.35, "width": 149, "height": 167 }
		},
		"shibing_daiji_01_0019_": {
			"shibing_daiji_01_0019_": { "x": -26.92, "y": 61.85, "width": 146, "height": 170 }
		},
		"shibing_gongji_00_0001_": {
			"shibing_gongji_00_0001_": { "x": -26.92, "y": 61.85, "width": 146, "height": 172 }
		},
		"shibing_gongji_00_0002_": {
			"shibing_gongji_00_0002_": { "x": -36.92, "y": 63.35, "width": 156, "height": 143 }
		},
		"shibing_gongji_01_0000_": {
			"shibing_gongji_01_0000_": { "x": -42.92, "y": 59.85, "width": 148, "height": 142 }
		},
		"shibing_gongji_01_0001_": {
			"shibing_gongji_01_0001_": { "x": -30.42, "y": 51.85, "width": 139, "height": 126 }
		},
		"shibing_gongji_01_0002_": {
			"shibing_gongji_01_0002_": { "x": -26.42, "y": 50.35, "width": 151, "height": 123 }
		},
		"shibing_gongji_01_0003_": {
			"shibing_gongji_01_0003_": { "x": -29.92, "y": 50.85, "width": 158, "height": 124 }
		},
		"shibing_gongji_01_0004_": {
			"shibing_gongji_01_0004_": { "x": -104.92, "y": 19.35, "width": 264, "height": 133 }
		},
		"shibing_gongji_01_0005_": {
			"shibing_gongji_01_0005_": { "x": -108.42, "y": 18.85, "width": 271, "height": 128 }
		},
		"shibing_gongji_01_0006_": {
			"shibing_gongji_01_0006_": { "x": -103.42, "y": 21.85, "width": 261, "height": 138 }
		},
		"shibing_gongji_01_0007_": {
			"shibing_gongji_01_0007_": { "x": -69.92, "y": 46.35, "width": 194, "height": 123 }
		},
		"shibing_gongji_01_0008_": {
			"shibing_gongji_01_0008_": { "x": -45.92, "y": 54.35, "width": 146, "height": 151 }
		},
		"shibing_gongji_01_0009_": {
			"shibing_gongji_01_0009_": { "x": -34.42, "y": 57.35, "width": 139, "height": 171 }
		},
		"shibing_siwang_01_0020_": {
			"shibing_siwang_01_0020_": { "x": -26.92, "y": 61.85, "width": 146, "height": 172 }
		},
		"shibing_siwang_01_0021_": {
			"shibing_siwang_01_0021_": { "x": -28.92, "y": 58.35, "width": 136, "height": 165 }
		},
		"shibing_siwang_01_0022_": {
			"shibing_siwang_01_0022_": { "x": -27.42, "y": 67.85, "width": 147, "height": 160 }
		},
		"shibing_siwang_01_0023_": {
			"shibing_siwang_01_0023_": { "x": -26.42, "y": 56.35, "width": 169, "height": 185 }
		},
		"shibing_siwang_01_0024_": {
			"shibing_siwang_01_0024_": { "x": -36.92, "y": 59.85, "width": 172, "height": 178 }
		},
		"shibing_siwang_01_0025_": {
			"shibing_siwang_01_0025_": { "x": -53.92, "y": 36.85, "width": 198, "height": 146 }
		},
		"shibing_siwang_01_0026_": {
			"shibing_siwang_01_0026_": { "x": -58.92, "y": -6.64, "width": 216, "height": 113 }
		},
		"shibing_siwang_01_0027_": {
			"shibing_siwang_01_0027_": { "x": -57.92, "y": -17.64, "width": 218, "height": 127 }
		},
		"shibing_siwang_01_0028_": {
			"shibing_siwang_01_0028_": { "x": -57.92, "y": -17.14, "width": 218, "height": 126 }
		},
		"shibing_siwang_01_0029_": {
			"shibing_siwang_01_0029_": { "x": -57.92, "y": -17.14, "width": 218, "height": 126 }
		},
		"heroChallenge_ying_zi_": {
			"heroChallenge_ying_zi_": { "x": 3.07, "y": 8.85, "scaleX": 0.871, "scaleY": 0.871, "width": 86, "height": 64 }
		}
	}
},
"animations": {
	"dj": {
		"slots": {
			"shibing_daiji_01_0010_": {
				"attachment": [
					{ "time": 0, "name": "shibing_daiji_01_0010_" },
					{ "time": 0.1, "name": "shibing_daiji_01_0010_" },
					{ "time": 0.1333, "name": null },
					{ "time": 1.3, "name": null }
				]
			},
			"shibing_daiji_01_0011_": {
				"attachment": [
					{ "time": 0, "name": null },
					{ "time": 0.1, "name": null },
					{ "time": 0.1333, "name": "shibing_daiji_01_0011_" },
					{ "time": 0.2333, "name": "shibing_daiji_01_0011_" },
					{ "time": 0.2666, "name": null },
					{ "time": 1.3, "name": null }
				]
			},
			"shibing_daiji_01_0012_": {
				"attachment": [
					{ "time": 0, "name": null },
					{ "time": 0.2333, "name": null },
					{ "time": 0.2666, "name": "shibing_daiji_01_0012_" },
					{ "time": 0.3666, "name": "shibing_daiji_01_0012_" },
					{ "time": 0.4, "name": null },
					{ "time": 1.3, "name": null }
				]
			},
			"shibing_daiji_01_0013_": {
				"attachment": [
					{ "time": 0, "name": null },
					{ "time": 0.3666, "name": null },
					{ "time": 0.4, "name": "shibing_daiji_01_0013_" },
					{ "time": 0.5, "name": "shibing_daiji_01_0013_" },
					{ "time": 0.5333, "name": null },
					{ "time": 1.3, "name": null }
				]
			},
			"shibing_daiji_01_0014_": {
				"attachment": [
					{ "time": 0, "name": null },
					{ "time": 0.5, "name": null },
					{ "time": 0.5333, "name": "shibing_daiji_01_0014_" },
					{ "time": 0.6333, "name": "shibing_daiji_01_0014_" },
					{ "time": 0.6666, "name": null },
					{ "time": 1.3, "name": null }
				]
			},
			"shibing_daiji_01_0015_": {
				"attachment": [
					{ "time": 0, "name": null },
					{ "time": 0.6333, "name": null },
					{ "time": 0.6666, "name": "shibing_daiji_01_0015_" },
					{ "time": 0.7666, "name": "shibing_daiji_01_0015_" },
					{ "time": 0.8, "name": null },
					{ "time": 1.3, "name": null }
				]
			},
			"shibing_daiji_01_0016_": {
				"attachment": [
					{ "time": 0, "name": null },
					{ "time": 0.7666, "name": null },
					{ "time": 0.8, "name": "shibing_daiji_01_0016_" },
					{ "time": 0.9, "name": "shibing_daiji_01_0016_" },
					{ "time": 0.9333, "name": null },
					{ "time": 1.3, "name": null }
				]
			},
			"shibing_daiji_01_0017_": {
				"attachment": [
					{ "time": 0, "name": null },
					{ "time": 0.9, "name": null },
					{ "time": 0.9333, "name": "shibing_daiji_01_0017_" },
					{ "time": 1.0333, "name": "shibing_daiji_01_0017_" },
					{ "time": 1.0666, "name": null },
					{ "time": 1.3, "name": null }
				]
			},
			"shibing_daiji_01_0018_": {
				"attachment": [
					{ "time": 0, "name": null },
					{ "time": 1.0333, "name": null },
					{ "time": 1.0666, "name": "shibing_daiji_01_0018_" },
					{ "time": 1.1666, "name": "shibing_daiji_01_0018_" },
					{ "time": 1.2, "name": null },
					{ "time": 1.3, "name": null }
				]
			},
			"shibing_daiji_01_0019_": {
				"attachment": [
					{ "time": 0, "name": null },
					{ "time": 1.1666, "name": null },
					{ "time": 1.2, "name": "shibing_daiji_01_0019_" },
					{ "time": 1.3, "name": "shibing_daiji_01_0019_" }
				]
			}
		}
	},
	"gj": {
		"slots": {
			"shibing_gongji_00_0001_": {
				"attachment": [
					{ "time": 0, "name": "shibing_gongji_00_0001_" },
					{ "time": 0.1, "name": "shibing_gongji_00_0001_" },
					{ "time": 0.1333, "name": null },
					{ "time": 1.5666, "name": null }
				]
			},
			"shibing_gongji_00_0002_": {
				"attachment": [
					{ "time": 0, "name": null },
					{ "time": 0.1, "name": null },
					{ "time": 0.1333, "name": "shibing_gongji_00_0002_" },
					{ "time": 0.2333, "name": "shibing_gongji_00_0002_" },
					{ "time": 0.2666, "name": null },
					{ "time": 1.5666, "name": null }
				]
			},
			"shibing_gongji_01_0000_": {
				"attachment": [
					{ "time": 0, "name": null },
					{ "time": 0.2333, "name": null },
					{ "time": 0.2666, "name": "shibing_gongji_01_0000_" },
					{ "time": 0.3666, "name": "shibing_gongji_01_0000_" },
					{ "time": 0.4, "name": null },
					{ "time": 1.5666, "name": null }
				]
			},
			"shibing_gongji_01_0001_": {
				"attachment": [
					{ "time": 0, "name": null },
					{ "time": 0.3666, "name": null },
					{ "time": 0.4, "name": "shibing_gongji_01_0001_" },
					{ "time": 0.5, "name": "shibing_gongji_01_0001_" },
					{ "time": 0.5333, "name": null },
					{ "time": 1.5666, "name": null }
				]
			},
			"shibing_gongji_01_0002_": {
				"attachment": [
					{ "time": 0, "name": null },
					{ "time": 0.5, "name": null },
					{ "time": 0.5333, "name": "shibing_gongji_01_0002_" },
					{ "time": 0.6333, "name": "shibing_gongji_01_0002_" },
					{ "time": 0.6666, "name": null },
					{ "time": 1.5666, "name": null }
				]
			},
			"shibing_gongji_01_0003_": {
				"attachment": [
					{ "time": 0, "name": null },
					{ "time": 0.6333, "name": null },
					{ "time": 0.6666, "name": "shibing_gongji_01_0003_" },
					{ "time": 0.7666, "name": "shibing_gongji_01_0003_" },
					{ "time": 0.8, "name": null },
					{ "time": 1.5666, "name": null }
				]
			},
			"shibing_gongji_01_0004_": {
				"attachment": [
					{ "time": 0, "name": null },
					{ "time": 0.7666, "name": null },
					{ "time": 0.8, "name": "shibing_gongji_01_0004_" },
					{ "time": 0.9, "name": "shibing_gongji_01_0004_" },
					{ "time": 0.9333, "name": null },
					{ "time": 1.5666, "name": null }
				]
			},
			"shibing_gongji_01_0005_": {
				"attachment": [
					{ "time": 0, "name": null },
					{ "time": 0.9, "name": null },
					{ "time": 0.9333, "name": "shibing_gongji_01_0005_" },
					{ "time": 1.0333, "name": "shibing_gongji_01_0005_" },
					{ "time": 1.0666, "name": null },
					{ "time": 1.5666, "name": null }
				]
			},
			"shibing_gongji_01_0006_": {
				"attachment": [
					{ "time": 0, "name": null },
					{ "time": 1.0333, "name": null },
					{ "time": 1.0666, "name": "shibing_gongji_01_0006_" },
					{ "time": 1.1666, "name": "shibing_gongji_01_0006_" },
					{ "time": 1.2, "name": null },
					{ "time": 1.5666, "name": null }
				]
			},
			"shibing_gongji_01_0007_": {
				"attachment": [
					{ "time": 0, "name": null },
					{ "time": 1.1666, "name": null },
					{ "time": 1.2, "name": "shibing_gongji_01_0007_" },
					{ "time": 1.3, "name": "shibing_gongji_01_0007_" },
					{ "time": 1.3333, "name": null },
					{ "time": 1.5666, "name": null }
				]
			},
			"shibing_gongji_01_0008_": {
				"attachment": [
					{ "time": 0, "name": null },
					{ "time": 1.3, "name": null },
					{ "time": 1.3333, "name": "shibing_gongji_01_0008_" },
					{ "time": 1.4333, "name": "shibing_gongji_01_0008_" },
					{ "time": 1.4666, "name": null },
					{ "time": 1.5666, "name": null }
				]
			},
			"shibing_gongji_01_0009_": {
				"attachment": [
					{ "time": 0, "name": null },
					{ "time": 1.4333, "name": null },
					{ "time": 1.4666, "name": "shibing_gongji_01_0009_" },
					{ "time": 1.5666, "name": "shibing_gongji_01_0009_" }
				]
			}
		}
	},
	"sw": {
		"slots": {
			"shibing_siwang_01_0020_": {
				"attachment": [
					{ "time": 0, "name": "shibing_siwang_01_0020_" },
					{ "time": 0.1, "name": "shibing_siwang_01_0020_" },
					{ "time": 0.1333, "name": null },
					{ "time": 1.6333, "name": null }
				]
			},
			"shibing_siwang_01_0021_": {
				"attachment": [
					{ "time": 0, "name": null },
					{ "time": 0.1, "name": null },
					{ "time": 0.1333, "name": "shibing_siwang_01_0021_" },
					{ "time": 0.2333, "name": "shibing_siwang_01_0021_" },
					{ "time": 0.2666, "name": null },
					{ "time": 1.6333, "name": null }
				]
			},
			"shibing_siwang_01_0022_": {
				"attachment": [
					{ "time": 0, "name": null },
					{ "time": 0.2333, "name": null },
					{ "time": 0.2666, "name": "shibing_siwang_01_0022_" },
					{ "time": 0.3666, "name": "shibing_siwang_01_0022_" },
					{ "time": 0.4, "name": null },
					{ "time": 1.6333, "name": null }
				]
			},
			"shibing_siwang_01_0023_": {
				"attachment": [
					{ "time": 0, "name": null },
					{ "time": 0.3666, "name": null },
					{ "time": 0.4, "name": "shibing_siwang_01_0023_" },
					{ "time": 0.5, "name": "shibing_siwang_01_0023_" },
					{ "time": 0.5333, "name": null },
					{ "time": 1.6333, "name": null }
				]
			},
			"shibing_siwang_01_0024_": {
				"attachment": [
					{ "time": 0, "name": null },
					{ "time": 0.5, "name": null },
					{ "time": 0.5333, "name": "shibing_siwang_01_0024_" },
					{ "time": 0.6333, "name": "shibing_siwang_01_0024_" },
					{ "time": 0.6666, "name": null },
					{ "time": 1.6333, "name": null }
				]
			},
			"shibing_siwang_01_0025_": {
				"attachment": [
					{ "time": 0, "name": null },
					{ "time": 0.6333, "name": null },
					{ "time": 0.6666, "name": "shibing_siwang_01_0025_" },
					{ "time": 0.7666, "name": "shibing_siwang_01_0025_" },
					{ "time": 0.8, "name": null },
					{ "time": 1.6333, "name": null }
				]
			},
			"shibing_siwang_01_0026_": {
				"attachment": [
					{ "time": 0, "name": null },
					{ "time": 0.7666, "name": null },
					{ "time": 0.8, "name": "shibing_siwang_01_0026_" },
					{ "time": 0.9, "name": "shibing_siwang_01_0026_" },
					{ "time": 0.9333, "name": null },
					{ "time": 1.6333, "name": null }
				]
			},
			"shibing_siwang_01_0027_": {
				"attachment": [
					{ "time": 0, "name": null },
					{ "time": 0.9, "name": null },
					{ "time": 0.9333, "name": "shibing_siwang_01_0027_" },
					{ "time": 1.0333, "name": "shibing_siwang_01_0027_" },
					{ "time": 1.0666, "name": null },
					{ "time": 1.6333, "name": null }
				]
			},
			"shibing_siwang_01_0028_": {
				"attachment": [
					{ "time": 0, "name": null },
					{ "time": 1.0333, "name": null },
					{ "time": 1.0666, "name": "shibing_siwang_01_0028_" },
					{ "time": 1.1666, "name": "shibing_siwang_01_0028_" },
					{ "time": 1.2, "name": null },
					{ "time": 1.6333, "name": null }
				]
			},
			"shibing_siwang_01_0029_": {
				"attachment": [
					{ "time": 0, "name": null },
					{ "time": 1.1666, "name": null },
					{ "time": 1.2, "name": "shibing_siwang_01_0029_" },
					{ "time": 1.6333, "name": "shibing_siwang_01_0029_" }
				]
			}
		}
	}
}
}