{
"skeleton": { "hash": "Y1+VNBWLjoCoamWhDeIeKveN7tk", "spine": "2.1.27", "width": 86, "height": 64 },
"bones": [
	{ "name": "root" }
],
"slots": [
	{ "name": "heroChallenge_ying_zi_", "bone": "root", "attachment": "heroChallenge_ying_zi_" },
	{ "name": "nvzhanshi_siwang_0009_", "bone": "root" },
	{ "name": "nvzhanshi_siwang_0008_", "bone": "root" },
	{ "name": "nvzhanshi_siwang_0007_", "bone": "root" },
	{ "name": "nvzhanshi_siwang_0006_", "bone": "root" },
	{ "name": "nvzhanshi_siwang_0005_", "bone": "root" },
	{ "name": "nvzhanshi_siwang_0004_", "bone": "root" },
	{ "name": "nvzhanshi_siwang_0003_", "bone": "root" },
	{ "name": "nvzhanshi_siwang_0002_", "bone": "root" },
	{ "name": "nvzhanshi_siwang_0001_", "bone": "root" },
	{ "name": "nvzhanshi_siwang_0000_", "bone": "root" },
	{ "name": "nvzhanshi_gongji_0011_", "bone": "root" },
	{ "name": "nvzhanshi_gongji_0010_", "bone": "root" },
	{ "name": "nvzhanshi_gongji_0009_", "bone": "root" },
	{ "name": "nvzhanshi_gongji_0008_", "bone": "root" },
	{ "name": "nvzhanshi_gongji_0007_", "bone": "root" },
	{ "name": "nvzhanshi_gongji_0006_", "bone": "root" },
	{ "name": "nvzhanshi_gongji_0005_", "bone": "root" },
	{ "name": "nvzhanshi_gongji_0004_", "bone": "root" },
	{ "name": "nvzhanshi_gongji_0003_", "bone": "root" },
	{ "name": "nvzhanshi_gongji_0002_", "bone": "root" },
	{ "name": "nvzhanshi_gongji_0001_", "bone": "root" },
	{ "name": "nvzhanshi_gongji_0000_", "bone": "root" },
	{ "name": "nvzhanshi_daiji_0008_", "bone": "root" },
	{ "name": "nvzhanshi_daiji_0007_", "bone": "root" },
	{ "name": "nvzhanshi_daiji_0006_", "bone": "root" },
	{ "name": "nvzhanshi_daiji_0005_", "bone": "root" },
	{ "name": "nvzhanshi_daiji_0004_", "bone": "root" },
	{ "name": "nvzhanshi_daiji_0003_", "bone": "root" },
	{ "name": "nvzhanshi_daiji_0002_", "bone": "root" },
	{ "name": "nvzhanshi_daiji_0001_", "bone": "root" },
	{ "name": "nvzhanshi_daiji_0000_", "bone": "root" }
],
"skins": {
	"default": {
		"nvzhanshi_daiji_0000_": {
			"nvzhanshi_daiji_0000_": { "x": -6.19, "y": 65.05, "width": 142, "height": 147 }
		},
		"nvzhanshi_daiji_0001_": {
			"nvzhanshi_daiji_0001_": { "x": -4.69, "y": 65.55, "width": 141, "height": 148 }
		},
		"nvzhanshi_daiji_0002_": {
			"nvzhanshi_daiji_0002_": { "x": -4.69, "y": 65.55, "width": 141, "height": 148 }
		},
		"nvzhanshi_daiji_0003_": {
			"nvzhanshi_daiji_0003_": { "x": -5.69, "y": 65.55, "width": 143, "height": 148 }
		},
		"nvzhanshi_daiji_0004_": {
			"nvzhanshi_daiji_0004_": { "x": -6.19, "y": 65.55, "width": 144, "height": 148 }
		},
		"nvzhanshi_daiji_0005_": {
			"nvzhanshi_daiji_0005_": { "x": -6.19, "y": 65.55, "width": 146, "height": 148 }
		},
		"nvzhanshi_daiji_0006_": {
			"nvzhanshi_daiji_0006_": { "x": -6.69, "y": 65.55, "width": 147, "height": 148 }
		},
		"nvzhanshi_daiji_0007_": {
			"nvzhanshi_daiji_0007_": { "x": -6.19, "y": 65.05, "width": 144, "height": 147 }
		},
		"nvzhanshi_daiji_0008_": {
			"nvzhanshi_daiji_0008_": { "x": -5.19, "y": 65.05, "width": 142, "height": 147 }
		},
		"nvzhanshi_gongji_0000_": {
			"nvzhanshi_gongji_0000_": { "x": -5.69, "y": 65.69, "width": 143, "height": 148 }
		},
		"nvzhanshi_gongji_0001_": {
			"nvzhanshi_gongji_0001_": { "x": -3.69, "y": 63.05, "width": 127, "height": 141 }
		},
		"nvzhanshi_gongji_0002_": {
			"nvzhanshi_gongji_0002_": { "x": 5.8, "y": 67.05, "width": 92, "height": 149 }
		},
		"nvzhanshi_gongji_0003_": {
			"nvzhanshi_gongji_0003_": { "x": 3.3, "y": 67.55, "width": 113, "height": 150 }
		},
		"nvzhanshi_gongji_0004_": {
			"nvzhanshi_gongji_0004_": { "x": -11.19, "y": 74.55, "width": 112, "height": 152 }
		},
		"nvzhanshi_gongji_0005_": {
			"nvzhanshi_gongji_0005_": { "x": -44.19, "y": 19.55, "width": 162, "height": 148 }
		},
		"nvzhanshi_gongji_0006_": {
			"nvzhanshi_gongji_0006_": { "x": -50.69, "y": 19.05, "width": 149, "height": 149 }
		},
		"nvzhanshi_gongji_0007_": {
			"nvzhanshi_gongji_0007_": { "x": -24.19, "y": 30.55, "width": 108, "height": 156 }
		},
		"nvzhanshi_gongji_0008_": {
			"nvzhanshi_gongji_0008_": { "x": -29.69, "y": 58.55, "width": 89, "height": 184 }
		},
		"nvzhanshi_gongji_0009_": {
			"nvzhanshi_gongji_0009_": { "x": -18.19, "y": 62.05, "width": 60, "height": 191 }
		},
		"nvzhanshi_gongji_0010_": {
			"nvzhanshi_gongji_0010_": { "x": -36.19, "y": 64.05, "width": 160, "height": 143 }
		},
		"nvzhanshi_gongji_0011_": {
			"nvzhanshi_gongji_0011_": { "x": -5.69, "y": 66.55, "width": 143, "height": 148 }
		},
		"nvzhanshi_siwang_0000_": {
			"nvzhanshi_siwang_0000_": { "x": -5.19, "y": 65.05, "width": 142, "height": 147 }
		},
		"nvzhanshi_siwang_0001_": {
			"nvzhanshi_siwang_0001_": { "x": -20.19, "y": 59.55, "width": 128, "height": 136 }
		},
		"nvzhanshi_siwang_0002_": {
			"nvzhanshi_siwang_0002_": { "x": -17.69, "y": 65.55, "width": 117, "height": 146 }
		},
		"nvzhanshi_siwang_0003_": {
			"nvzhanshi_siwang_0003_": { "x": -23.19, "y": 71.55, "width": 122, "height": 140 }
		},
		"nvzhanshi_siwang_0004_": {
			"nvzhanshi_siwang_0004_": { "x": -23.19, "y": 71.55, "width": 138, "height": 126 }
		},
		"nvzhanshi_siwang_0005_": {
			"nvzhanshi_siwang_0005_": { "x": -32.19, "y": 37.55, "width": 140, "height": 114 }
		},
		"nvzhanshi_siwang_0006_": {
			"nvzhanshi_siwang_0006_": { "x": -43.19, "y": 11.05, "width": 160, "height": 107 }
		},
		"nvzhanshi_siwang_0007_": {
			"nvzhanshi_siwang_0007_": { "x": -47.19, "y": -1.94, "width": 164, "height": 103 }
		},
		"nvzhanshi_siwang_0008_": {
			"nvzhanshi_siwang_0008_": { "x": -49.19, "y": -6.94, "width": 160, "height": 87 }
		},
		"nvzhanshi_siwang_0009_": {
			"nvzhanshi_siwang_0009_": { "x": -49.19, "y": -7.94, "width": 160, "height": 89 }
		},
		"heroChallenge_ying_zi_": {
			"heroChallenge_ying_zi_": { "x": 1.8, "y": 11.05, "width": 86, "height": 64 }
		}
	}
},
"animations": {
	"dj": {
		"slots": {
			"nvzhanshi_daiji_0000_": {
				"attachment": [
					{ "time": 0, "name": "nvzhanshi_daiji_0000_" },
					{ "time": 0.1, "name": "nvzhanshi_daiji_0000_" },
					{ "time": 0.1333, "name": null },
					{ "time": 1.0333, "name": null }
				]
			},
			"nvzhanshi_daiji_0001_": {
				"attachment": [
					{ "time": 0, "name": null },
					{ "time": 0.1, "name": null },
					{ "time": 0.1333, "name": "nvzhanshi_daiji_0001_" },
					{ "time": 0.2333, "name": "nvzhanshi_daiji_0001_" },
					{ "time": 0.2666, "name": null },
					{ "time": 1.0333, "name": null }
				]
			},
			"nvzhanshi_daiji_0002_": {
				"attachment": [
					{ "time": 0, "name": null },
					{ "time": 0.2333, "name": null },
					{ "time": 0.2666, "name": "nvzhanshi_daiji_0002_" },
					{ "time": 0.3666, "name": "nvzhanshi_daiji_0002_" },
					{ "time": 0.4, "name": null },
					{ "time": 1.0333, "name": null }
				]
			},
			"nvzhanshi_daiji_0003_": {
				"attachment": [
					{ "time": 0, "name": null },
					{ "time": 0.3666, "name": null },
					{ "time": 0.4, "name": "nvzhanshi_daiji_0003_" },
					{ "time": 0.5, "name": "nvzhanshi_daiji_0003_" },
					{ "time": 0.5333, "name": null },
					{ "time": 1.0333, "name": null }
				]
			},
			"nvzhanshi_daiji_0004_": {
				"attachment": [
					{ "time": 0, "name": null },
					{ "time": 0.5, "name": null },
					{ "time": 0.5333, "name": "nvzhanshi_daiji_0004_" },
					{ "time": 0.6333, "name": "nvzhanshi_daiji_0004_" },
					{ "time": 0.6666, "name": null },
					{ "time": 1.0333, "name": null }
				]
			},
			"nvzhanshi_daiji_0005_": {
				"attachment": [
					{ "time": 0, "name": null },
					{ "time": 0.6333, "name": null },
					{ "time": 0.6666, "name": "nvzhanshi_daiji_0005_" },
					{ "time": 0.7666, "name": "nvzhanshi_daiji_0005_" },
					{ "time": 0.8, "name": null },
					{ "time": 1.0333, "name": null }
				]
			},
			"nvzhanshi_daiji_0006_": {
				"attachment": [
					{ "time": 0, "name": null },
					{ "time": 0.7666, "name": null },
					{ "time": 0.8, "name": "nvzhanshi_daiji_0006_" },
					{ "time": 0.9, "name": "nvzhanshi_daiji_0006_" },
					{ "time": 0.9333, "name": null },
					{ "time": 1.0333, "name": null }
				]
			},
			"nvzhanshi_daiji_0007_": {
				"attachment": [
					{ "time": 0, "name": null },
					{ "time": 0.9, "name": null },
					{ "time": 0.9333, "name": "nvzhanshi_daiji_0007_" },
					{ "time": 1.0333, "name": "nvzhanshi_daiji_0007_" }
				]
			}
		}
	},
	"gj": {
		"slots": {
			"nvzhanshi_gongji_0000_": {
				"attachment": [
					{ "time": 0, "name": "nvzhanshi_gongji_0000_" },
					{ "time": 0.1, "name": "nvzhanshi_gongji_0000_" },
					{ "time": 0.1333, "name": null },
					{ "time": 1.7, "name": null }
				]
			},
			"nvzhanshi_gongji_0001_": {
				"attachment": [
					{ "time": 0, "name": null },
					{ "time": 0.1, "name": null },
					{ "time": 0.1333, "name": "nvzhanshi_gongji_0001_" },
					{ "time": 0.2333, "name": "nvzhanshi_gongji_0001_" },
					{ "time": 0.2666, "name": null },
					{ "time": 1.7, "name": null }
				]
			},
			"nvzhanshi_gongji_0002_": {
				"attachment": [
					{ "time": 0, "name": null },
					{ "time": 0.2333, "name": null },
					{ "time": 0.2666, "name": "nvzhanshi_gongji_0002_" },
					{ "time": 0.3666, "name": "nvzhanshi_gongji_0002_" },
					{ "time": 0.4, "name": null },
					{ "time": 1.7, "name": null }
				]
			},
			"nvzhanshi_gongji_0003_": {
				"attachment": [
					{ "time": 0, "name": null },
					{ "time": 0.3666, "name": null },
					{ "time": 0.4, "name": "nvzhanshi_gongji_0003_" },
					{ "time": 0.5, "name": "nvzhanshi_gongji_0003_" },
					{ "time": 0.5333, "name": null },
					{ "time": 1.7, "name": null }
				]
			},
			"nvzhanshi_gongji_0004_": {
				"attachment": [
					{ "time": 0, "name": null },
					{ "time": 0.5, "name": null },
					{ "time": 0.5333, "name": "nvzhanshi_gongji_0004_" },
					{ "time": 0.6333, "name": "nvzhanshi_gongji_0004_" },
					{ "time": 0.6666, "name": null },
					{ "time": 1.7, "name": null }
				]
			},
			"nvzhanshi_gongji_0005_": {
				"attachment": [
					{ "time": 0, "name": null },
					{ "time": 0.6333, "name": null },
					{ "time": 0.6666, "name": "nvzhanshi_gongji_0005_" },
					{ "time": 0.7666, "name": "nvzhanshi_gongji_0005_" },
					{ "time": 0.8, "name": null },
					{ "time": 1.7, "name": null }
				]
			},
			"nvzhanshi_gongji_0006_": {
				"attachment": [
					{ "time": 0, "name": null },
					{ "time": 0.7666, "name": null },
					{ "time": 0.8, "name": "nvzhanshi_gongji_0006_" },
					{ "time": 0.9, "name": "nvzhanshi_gongji_0006_" },
					{ "time": 0.9333, "name": null },
					{ "time": 1.7, "name": null }
				]
			},
			"nvzhanshi_gongji_0007_": {
				"attachment": [
					{ "time": 0, "name": null },
					{ "time": 0.9, "name": null },
					{ "time": 0.9333, "name": "nvzhanshi_gongji_0007_" },
					{ "time": 1.0333, "name": "nvzhanshi_gongji_0007_" },
					{ "time": 1.0666, "name": null },
					{ "time": 1.7, "name": null }
				]
			},
			"nvzhanshi_gongji_0008_": {
				"attachment": [
					{ "time": 0, "name": null },
					{ "time": 1.0333, "name": null },
					{ "time": 1.0666, "name": "nvzhanshi_gongji_0008_" },
					{ "time": 1.1666, "name": "nvzhanshi_gongji_0008_" },
					{ "time": 1.2, "name": null },
					{ "time": 1.7, "name": null }
				]
			},
			"nvzhanshi_gongji_0009_": {
				"attachment": [
					{ "time": 0, "name": null },
					{ "time": 1.1666, "name": null },
					{ "time": 1.2, "name": "nvzhanshi_gongji_0009_" },
					{ "time": 1.3666, "name": "nvzhanshi_gongji_0009_" },
					{ "time": 1.4, "name": null },
					{ "time": 1.7, "name": null }
				]
			},
			"nvzhanshi_gongji_0010_": {
				"attachment": [
					{ "time": 0, "name": null },
					{ "time": 1.3666, "name": null },
					{ "time": 1.4, "name": "nvzhanshi_gongji_0010_" },
					{ "time": 1.5666, "name": "nvzhanshi_gongji_0010_" },
					{ "time": 1.6, "name": null },
					{ "time": 1.7, "name": null }
				]
			},
			"nvzhanshi_gongji_0011_": {
				"attachment": [
					{ "time": 0, "name": null },
					{ "time": 1.5666, "name": null },
					{ "time": 1.6, "name": "nvzhanshi_gongji_0011_" },
					{ "time": 1.7, "name": "nvzhanshi_gongji_0011_" }
				]
			}
		}
	},
	"sw": {
		"slots": {
			"nvzhanshi_siwang_0000_": {
				"attachment": [
					{ "time": 0, "name": "nvzhanshi_siwang_0000_" },
					{ "time": 0.1, "name": "nvzhanshi_siwang_0000_" },
					{ "time": 0.1333, "name": null },
					{ "time": 1.6, "name": null }
				]
			},
			"nvzhanshi_siwang_0001_": {
				"attachment": [
					{ "time": 0, "name": null },
					{ "time": 0.1, "name": null },
					{ "time": 0.1333, "name": "nvzhanshi_siwang_0001_" },
					{ "time": 0.2333, "name": "nvzhanshi_siwang_0001_" },
					{ "time": 0.2666, "name": null },
					{ "time": 1.6, "name": null }
				]
			},
			"nvzhanshi_siwang_0002_": {
				"attachment": [
					{ "time": 0, "name": null },
					{ "time": 0.2333, "name": null },
					{ "time": 0.2666, "name": "nvzhanshi_siwang_0002_" },
					{ "time": 0.3666, "name": "nvzhanshi_siwang_0002_" },
					{ "time": 0.4, "name": null },
					{ "time": 1.6, "name": null }
				]
			},
			"nvzhanshi_siwang_0003_": {
				"attachment": [
					{ "time": 0, "name": null },
					{ "time": 0.3666, "name": null },
					{ "time": 0.4, "name": "nvzhanshi_siwang_0003_" },
					{ "time": 0.5, "name": "nvzhanshi_siwang_0003_" },
					{ "time": 0.5333, "name": null },
					{ "time": 1.6, "name": null }
				]
			},
			"nvzhanshi_siwang_0004_": {
				"attachment": [
					{ "time": 0, "name": null },
					{ "time": 0.5, "name": null },
					{ "time": 0.5333, "name": "nvzhanshi_siwang_0004_" },
					{ "time": 0.6333, "name": "nvzhanshi_siwang_0004_" },
					{ "time": 0.6666, "name": null },
					{ "time": 1.6, "name": null }
				]
			},
			"nvzhanshi_siwang_0005_": {
				"attachment": [
					{ "time": 0, "name": null },
					{ "time": 0.6333, "name": null },
					{ "time": 0.6666, "name": "nvzhanshi_siwang_0005_" },
					{ "time": 0.7666, "name": "nvzhanshi_siwang_0005_" },
					{ "time": 0.8, "name": null },
					{ "time": 1.6, "name": null }
				]
			},
			"nvzhanshi_siwang_0006_": {
				"attachment": [
					{ "time": 0, "name": null },
					{ "time": 0.7666, "name": null },
					{ "time": 0.8, "name": "nvzhanshi_siwang_0006_" },
					{ "time": 0.9, "name": "nvzhanshi_siwang_0006_" },
					{ "time": 0.9333, "name": null },
					{ "time": 1.6, "name": null }
				]
			},
			"nvzhanshi_siwang_0007_": {
				"attachment": [
					{ "time": 0, "name": null },
					{ "time": 0.9, "name": null },
					{ "time": 0.9333, "name": "nvzhanshi_siwang_0007_" },
					{ "time": 1.0333, "name": "nvzhanshi_siwang_0007_" },
					{ "time": 1.0666, "name": null },
					{ "time": 1.6, "name": null }
				]
			},
			"nvzhanshi_siwang_0008_": {
				"attachment": [
					{ "time": 0, "name": null },
					{ "time": 1.0333, "name": null },
					{ "time": 1.0666, "name": "nvzhanshi_siwang_0008_" },
					{ "time": 1.1666, "name": "nvzhanshi_siwang_0008_" },
					{ "time": 1.2, "name": null },
					{ "time": 1.6, "name": null }
				]
			},
			"nvzhanshi_siwang_0009_": {
				"attachment": [
					{ "time": 0, "name": null },
					{ "time": 1.1666, "name": null },
					{ "time": 1.2, "name": "nvzhanshi_siwang_0009_" },
					{ "time": 1.6, "name": "nvzhanshi_siwang_0009_" }
				]
			}
		}
	}
}
}