{"skeleton":{"hash":"/tG7gZrIHZETGkTmuJFXqXD3LpE","spine":"3.7.94","width":0,"height":0,"images":"","audio":""},"bones":[{"name":"root"}],"slots":[{"name":"pubu_00_","bone":"root","blend":"additive"}],"skins":{"default":{"pubu_00_":{"pubu_00_":{"x":59.51,"y":-72.82,"width":134,"height":140},"pubu_01_":{"x":59.51,"y":-72.82,"width":134,"height":140},"pubu_02_":{"x":59.51,"y":-72.82,"width":134,"height":140},"pubu_03_":{"x":59.51,"y":-72.82,"width":134,"height":140},"pubu_04_":{"x":59.51,"y":-72.82,"width":134,"height":140},"pubu_05_":{"x":59.51,"y":-72.82,"width":134,"height":140},"pubu_06_":{"x":59.51,"y":-72.82,"width":134,"height":140},"pubu_07_":{"x":59.51,"y":-72.82,"width":134,"height":140},"pubu_08_":{"x":59.51,"y":-72.82,"width":134,"height":140},"pubu_09_":{"x":59.51,"y":-72.82,"width":134,"height":140},"pubu_10_":{"x":59.51,"y":-72.82,"width":134,"height":140},"pubu_11_":{"x":59.51,"y":-72.82,"width":134,"height":140},"pubu_12_":{"x":59.51,"y":-72.82,"width":134,"height":140},"pubu_13_":{"x":59.51,"y":-72.82,"width":134,"height":140}}}},"animations":{"animation":{"slots":{"pubu_00_":{"attachment":[{"time":0,"name":"pubu_00_"},{"time":0.0667,"name":"pubu_01_"},{"time":0.1333,"name":"pubu_02_"},{"time":0.2,"name":"pubu_03_"},{"time":0.2667,"name":"pubu_04_"},{"time":0.3333,"name":"pubu_05_"},{"time":0.4,"name":"pubu_06_"},{"time":0.4667,"name":"pubu_07_"},{"time":0.5333,"name":"pubu_08_"},{"time":0.6,"name":"pubu_09_"},{"time":0.6667,"name":"pubu_10_"},{"time":0.7333,"name":"pubu_11_"},{"time":0.8,"name":"pubu_12_"},{"time":0.8667,"name":"pubu_13_"},{"time":0.9333,"name":"pubu_00_"}]}}}}}