{
"skeleton": { "hash": "LtPXgsphZ+6GfGD9y2lQIsS9KNs", "spine": "2.1.27", "width": 445.99, "height": 445 },
"bones": [
	{ "name": "root" }
],
"slots": [
	{ "name": "TaoxinB_0054_01_", "bone": "root", "attachment": "TaoxinB_0054_01_" },
	{ "name": "TaoxinB_0053_01_", "bone": "root", "attachment": "TaoxinB_0053_01_" },
	{ "name": "TaoxinB_0052_01_", "bone": "root", "attachment": "TaoxinB_0052_01_" },
	{ "name": "TaoxinB_0051_03_", "bone": "root", "attachment": "TaoxinB_0051_03_" },
	{ "name": "TaoxinB_0051_02_", "bone": "root", "attachment": "TaoxinB_0051_02_" },
	{ "name": "TaoxinB_0051_01_", "bone": "root", "attachment": "TaoxinB_0051_01_" },
	{ "name": "TaoxinB_0050_02_", "bone": "root", "attachment": "TaoxinB_0050_02_" },
	{ "name": "TaoxinB_0050_01_", "bone": "root", "attachment": "TaoxinB_0050_01_" },
	{ "name": "TaoxinB_0049_03_", "bone": "root", "attachment": "TaoxinB_0049_03_" },
	{ "name": "TaoxinB_0049_02_", "bone": "root", "attachment": "TaoxinB_0049_02_" },
	{ "name": "TaoxinB_0049_01_", "bone": "root", "attachment": "TaoxinB_0049_01_" },
	{ "name": "TaoxinB_0048_02_", "bone": "root", "attachment": "TaoxinB_0048_02_" },
	{ "name": "TaoxinB_0048_01_", "bone": "root", "attachment": "TaoxinB_0048_01_" },
	{ "name": "TaoxinB_0047_02_", "bone": "root", "attachment": "TaoxinB_0047_02_" },
	{ "name": "TaoxinB_0047_01_", "bone": "root", "attachment": "TaoxinB_0047_01_" },
	{ "name": "TaoxinB_0046_02_", "bone": "root", "attachment": "TaoxinB_0046_02_" },
	{ "name": "TaoxinB_0046_01_", "bone": "root", "attachment": "TaoxinB_0046_01_" },
	{ "name": "TaoxinB_0045_02_", "bone": "root", "attachment": "TaoxinB_0045_02_" },
	{ "name": "TaoxinB_0045_01_", "bone": "root", "attachment": "TaoxinB_0045_01_" },
	{ "name": "TaoxinB_0044_02_", "bone": "root", "attachment": "TaoxinB_0044_02_" },
	{ "name": "TaoxinB_0044_01_", "bone": "root", "attachment": "TaoxinB_0044_01_" },
	{ "name": "TaoxinB_0043_02_", "bone": "root", "attachment": "TaoxinB_0043_02_" },
	{ "name": "TaoxinB_0043_01_", "bone": "root", "attachment": "TaoxinB_0043_01_" },
	{ "name": "TaoxinB_0042_02_", "bone": "root", "attachment": "TaoxinB_0042_02_" },
	{ "name": "TaoxinB_0042_01_", "bone": "root", "attachment": "TaoxinB_0042_01_" },
	{ "name": "TaoxinB_0041_02_", "bone": "root", "attachment": "TaoxinB_0041_02_" },
	{ "name": "TaoxinB_0041_01_", "bone": "root", "attachment": "TaoxinB_0041_01_" },
	{ "name": "TaoxinB_0040_02_", "bone": "root", "attachment": "TaoxinB_0040_02_" },
	{ "name": "TaoxinB_0040_01_", "bone": "root", "attachment": "TaoxinB_0040_01_" },
	{ "name": "TaoxinB_0039_02_", "bone": "root", "attachment": "TaoxinB_0039_02_" },
	{ "name": "TaoxinB_0039_01_", "bone": "root", "attachment": "TaoxinB_0039_01_" },
	{ "name": "TaoxinB_0038_01_", "bone": "root", "attachment": "TaoxinB_0038_01_" },
	{ "name": "TaoxinB_0037_01_", "bone": "root", "attachment": "TaoxinB_0037_01_" },
	{ "name": "TaoxinB_0036_02_", "bone": "root", "attachment": "TaoxinB_0036_02_" },
	{ "name": "TaoxinB_0036_01_", "bone": "root", "attachment": "TaoxinB_0036_01_" },
	{ "name": "TaoxinB_0035_02_", "bone": "root", "attachment": "TaoxinB_0035_02_" },
	{ "name": "TaoxinB_0035_01_", "bone": "root", "attachment": "TaoxinB_0035_01_" },
	{ "name": "TaoxinB_0034_04_", "bone": "root", "attachment": "TaoxinB_0034_04_" },
	{ "name": "TaoxinB_0034_03_", "bone": "root", "attachment": "TaoxinB_0034_03_" },
	{ "name": "TaoxinB_0034_02_", "bone": "root", "attachment": "TaoxinB_0034_02_" },
	{ "name": "TaoxinB_0034_01_", "bone": "root", "attachment": "TaoxinB_0034_01_" },
	{ "name": "TaoxinB_0033_04_", "bone": "root", "attachment": "TaoxinB_0033_04_" },
	{ "name": "TaoxinB_0033_03_", "bone": "root", "attachment": "TaoxinB_0033_03_" },
	{ "name": "TaoxinB_0033_02_", "bone": "root", "attachment": "TaoxinB_0033_02_" },
	{ "name": "TaoxinB_0033_01_", "bone": "root", "attachment": "TaoxinB_0033_01_" },
	{ "name": "TaoxinB_0032_04_", "bone": "root", "attachment": "TaoxinB_0032_04_" },
	{ "name": "TaoxinB_0032_03_", "bone": "root", "attachment": "TaoxinB_0032_03_" },
	{ "name": "TaoxinB_0032_02_", "bone": "root", "attachment": "TaoxinB_0032_02_" },
	{ "name": "TaoxinB_0032_01_", "bone": "root", "attachment": "TaoxinB_0032_01_" },
	{ "name": "TaoxinB_0031_04_", "bone": "root", "attachment": "TaoxinB_0031_04_" },
	{ "name": "TaoxinB_0031_03_", "bone": "root", "attachment": "TaoxinB_0031_03_" },
	{ "name": "TaoxinB_0031_02_", "bone": "root", "attachment": "TaoxinB_0031_02_" },
	{ "name": "TaoxinB_0031_01_", "bone": "root", "attachment": "TaoxinB_0031_01_" },
	{ "name": "TaoxinB_0030_02_", "bone": "root", "attachment": "TaoxinB_0030_02_" },
	{ "name": "TaoxinB_0030_01_", "bone": "root", "attachment": "TaoxinB_0030_01_" },
	{ "name": "TaoxinB_0029_03_", "bone": "root", "attachment": "TaoxinB_0029_03_" },
	{ "name": "TaoxinB_0029_02_", "bone": "root", "attachment": "TaoxinB_0029_02_" },
	{ "name": "TaoxinB_0029_01_", "bone": "root", "attachment": "TaoxinB_0029_01_" },
	{ "name": "TaoxinB_0028_03_", "bone": "root", "attachment": "TaoxinB_0028_03_" },
	{ "name": "TaoxinB_0028_02_", "bone": "root", "attachment": "TaoxinB_0028_02_" },
	{ "name": "TaoxinB_0028_01_", "bone": "root", "attachment": "TaoxinB_0028_01_" },
	{ "name": "TaoxinB_0027_03_", "bone": "root", "attachment": "TaoxinB_0027_03_" },
	{ "name": "TaoxinB_0027_02_", "bone": "root", "attachment": "TaoxinB_0027_02_" },
	{ "name": "TaoxinB_0027_01_", "bone": "root", "attachment": "TaoxinB_0027_01_" },
	{ "name": "TaoxinB_0026_04_", "bone": "root", "attachment": "TaoxinB_0026_04_" },
	{ "name": "TaoxinB_0026_03_", "bone": "root", "attachment": "TaoxinB_0026_03_" },
	{ "name": "TaoxinB_0026_02_", "bone": "root", "attachment": "TaoxinB_0026_02_" },
	{ "name": "TaoxinB_0026_01_", "bone": "root", "attachment": "TaoxinB_0026_01_" },
	{ "name": "TaoxinB_0025_05_", "bone": "root", "attachment": "TaoxinB_0025_05_" },
	{ "name": "TaoxinB_0025_04_", "bone": "root", "attachment": "TaoxinB_0025_04_" },
	{ "name": "TaoxinB_0025_03_", "bone": "root", "attachment": "TaoxinB_0025_03_" },
	{ "name": "TaoxinB_0025_02_", "bone": "root", "attachment": "TaoxinB_0025_02_" },
	{ "name": "TaoxinB_0025_01_", "bone": "root", "attachment": "TaoxinB_0025_01_" },
	{ "name": "TaoxinB_0024_05_", "bone": "root", "attachment": "TaoxinB_0024_05_" },
	{ "name": "TaoxinB_0024_04_", "bone": "root", "attachment": "TaoxinB_0024_04_" },
	{ "name": "TaoxinB_0024_03_", "bone": "root", "attachment": "TaoxinB_0024_03_" },
	{ "name": "TaoxinB_0024_02_", "bone": "root", "attachment": "TaoxinB_0024_02_" },
	{ "name": "TaoxinB_0024_01_", "bone": "root", "attachment": "TaoxinB_0024_01_" },
	{ "name": "TaoxinB_0023_05_", "bone": "root", "attachment": "TaoxinB_0023_05_" },
	{ "name": "TaoxinB_0023_04_", "bone": "root", "attachment": "TaoxinB_0023_04_" },
	{ "name": "TaoxinB_0023_03_", "bone": "root", "attachment": "TaoxinB_0023_03_" },
	{ "name": "TaoxinB_0023_02_", "bone": "root", "attachment": "TaoxinB_0023_02_" },
	{ "name": "TaoxinB_0023_01_", "bone": "root", "attachment": "TaoxinB_0023_01_" },
	{ "name": "TaoxinB_0022_04_", "bone": "root", "attachment": "TaoxinB_0022_04_" },
	{ "name": "TaoxinB_0022_03_", "bone": "root", "attachment": "TaoxinB_0022_03_" },
	{ "name": "TaoxinB_0022_02_", "bone": "root", "attachment": "TaoxinB_0022_02_" },
	{ "name": "TaoxinB_0022_01_", "bone": "root", "attachment": "TaoxinB_0022_01_" },
	{ "name": "TaoxinB_0021_04_", "bone": "root", "attachment": "TaoxinB_0021_04_" },
	{ "name": "TaoxinB_0021_03_", "bone": "root", "attachment": "TaoxinB_0021_03_" },
	{ "name": "TaoxinB_0021_02_", "bone": "root", "attachment": "TaoxinB_0021_02_" },
	{ "name": "TaoxinB_0021_01_", "bone": "root", "attachment": "TaoxinB_0021_01_" },
	{ "name": "TaoxinB_0020_03_", "bone": "root", "attachment": "TaoxinB_0020_03_" },
	{ "name": "TaoxinB_0020_02_", "bone": "root", "attachment": "TaoxinB_0020_02_" },
	{ "name": "TaoxinB_0020_01_", "bone": "root", "attachment": "TaoxinB_0020_01_" },
	{ "name": "TaoxinB_0019_02_", "bone": "root", "attachment": "TaoxinB_0019_02_" },
	{ "name": "TaoxinB_0019_01_", "bone": "root", "attachment": "TaoxinB_0019_01_" },
	{ "name": "TaoxinB_0018_02_", "bone": "root", "attachment": "TaoxinB_0018_02_" },
	{ "name": "TaoxinB_0018_01_", "bone": "root", "attachment": "TaoxinB_0018_01_" },
	{ "name": "TaoxinB_0017_01_", "bone": "root", "attachment": "TaoxinB_0017_01_" },
	{ "name": "TaoxinB_0016_01_", "bone": "root", "attachment": "TaoxinB_0016_01_" },
	{ "name": "TaoxinB_0015_01_", "bone": "root", "attachment": "TaoxinB_0015_01_" },
	{ "name": "TaoxinB_0014_01_", "bone": "root", "attachment": "TaoxinB_0014_01_" },
	{ "name": "TaoxinB_0013_01_", "bone": "root", "attachment": "TaoxinB_0013_01_" },
	{ "name": "TaoxinB_0012_01_", "bone": "root", "attachment": "TaoxinB_0012_01_" },
	{ "name": "TaoxinB_0011_01_", "bone": "root", "attachment": "TaoxinB_0011_01_" },
	{ "name": "TaoxinB_0010_01_", "bone": "root", "attachment": "TaoxinB_0010_01_" },
	{ "name": "TaoxinB_0009_01_", "bone": "root", "attachment": "TaoxinB_0009_01_" },
	{ "name": "TaoxinB_0008_01_", "bone": "root", "attachment": "TaoxinB_0008_01_" },
	{ "name": "TaoxinB_0007_01_", "bone": "root", "attachment": "TaoxinB_0007_01_" },
	{ "name": "TaoxinB_0006_01_", "bone": "root", "attachment": "TaoxinB_0006_01_" },
	{ "name": "TaoxinB_0005_01_", "bone": "root", "attachment": "TaoxinB_0005_01_" },
	{ "name": "TaoxinB_0004_01_", "bone": "root", "attachment": "TaoxinB_0004_01_" },
	{ "name": "TaoxinB_0003_01_", "bone": "root", "attachment": "TaoxinB_0003_01_" },
	{ "name": "TaoxinB_0002_01_", "bone": "root", "attachment": "TaoxinB_0002_01_" },
	{ "name": "TaoxinB_0001_01_", "bone": "root", "attachment": "TaoxinB_0001_01_" },
	{ "name": "TaoxinB_0000_01_", "bone": "root", "attachment": "TaoxinB_0000_01_" }
],
"skins": {
	"default": {
		"TaoxinB_0000_01_": {
			"TaoxinB_0000_01_": { "x": 19.36, "y": 65.21, "width": 125, "height": 148 }
		},
		"TaoxinB_0001_01_": {
			"TaoxinB_0001_01_": { "x": -0.63, "y": 66.21, "width": 111, "height": 146 }
		},
		"TaoxinB_0002_01_": {
			"TaoxinB_0002_01_": { "x": 10.86, "y": 73.71, "width": 122, "height": 149 }
		},
		"TaoxinB_0003_01_": {
			"TaoxinB_0003_01_": { "x": -9.13, "y": 73.71, "width": 112, "height": 143 }
		},
		"TaoxinB_0004_01_": {
			"TaoxinB_0004_01_": { "x": 4.36, "y": 80.71, "width": 123, "height": 149 }
		},
		"TaoxinB_0005_01_": {
			"TaoxinB_0005_01_": { "x": -14.63, "y": 76.71, "width": 111, "height": 141 }
		},
		"TaoxinB_0006_01_": {
			"TaoxinB_0006_01_": { "x": 6.86, "y": 77.21, "width": 122, "height": 150 }
		},
		"TaoxinB_0007_01_": {
			"TaoxinB_0007_01_": { "x": -12.63, "y": 68.71, "width": 107, "height": 139 }
		},
		"TaoxinB_0008_01_": {
			"TaoxinB_0008_01_": { "x": 15.36, "y": 69.21, "width": 121, "height": 150 }
		},
		"TaoxinB_0009_01_": {
			"TaoxinB_0009_01_": { "x": -5.13, "y": 62.21, "width": 104, "height": 138 }
		},
		"TaoxinB_0010_01_": {
			"TaoxinB_0010_01_": { "x": 22.86, "y": 69.71, "width": 126, "height": 149 }
		},
		"TaoxinB_0011_01_": {
			"TaoxinB_0011_01_": { "x": 4.36, "y": 66.71, "width": 103, "height": 139 }
		},
		"TaoxinB_0012_01_": {
			"TaoxinB_0012_01_": { "x": 26.86, "y": 74.71, "width": 132, "height": 149 }
		},
		"TaoxinB_0013_01_": {
			"TaoxinB_0013_01_": { "x": 8.86, "y": 71.71, "width": 102, "height": 141 }
		},
		"TaoxinB_0014_01_": {
			"TaoxinB_0014_01_": { "x": 23.36, "y": 76.21, "width": 129, "height": 156 }
		},
		"TaoxinB_0015_01_": {
			"TaoxinB_0015_01_": { "x": 21.86, "y": 73.71, "width": 128, "height": 157 }
		},
		"TaoxinB_0016_01_": {
			"TaoxinB_0016_01_": { "x": 3.36, "y": 64.21, "width": 107, "height": 146 }
		},
		"TaoxinB_0017_01_": {
			"TaoxinB_0017_01_": { "x": 0.86, "y": 58.71, "width": 162, "height": 161 }
		},
		"TaoxinB_0018_01_": {
			"TaoxinB_0018_01_": { "x": -1.13, "y": 26.21, "width": 120, "height": 150 }
		},
		"TaoxinB_0018_02_": {
			"TaoxinB_0018_02_": { "x": -81.63, "y": -16.78, "width": 31, "height": 34 }
		},
		"TaoxinB_0019_01_": {
			"TaoxinB_0019_01_": { "x": 8.36, "y": 74.21, "width": 137, "height": 204 }
		},
		"TaoxinB_0019_02_": {
			"TaoxinB_0019_02_": { "x": -95.63, "y": -26.78, "width": 31, "height": 34 }
		},
		"TaoxinB_0020_01_": {
			"TaoxinB_0020_01_": { "x": 22.86, "y": 151.71, "width": 152, "height": 183 }
		},
		"TaoxinB_0020_02_": {
			"TaoxinB_0020_02_": { "x": 2.36, "y": 6.71, "width": 135, "height": 79 }
		},
		"TaoxinB_0020_03_": {
			"TaoxinB_0020_03_": { "x": -112.63, "y": -40.28, "width": 31, "height": 33 }
		},
		"TaoxinB_0021_01_": {
			"TaoxinB_0021_01_": { "x": 4.36, "y": 194.21, "width": 183, "height": 142 }
		},
		"TaoxinB_0021_02_": {
			"TaoxinB_0021_02_": { "x": 24.86, "y": 77.71, "width": 98, "height": 49 }
		},
		"TaoxinB_0021_03_": {
			"TaoxinB_0021_03_": { "x": 2.86, "y": 3.21, "width": 146, "height": 82 }
		},
		"TaoxinB_0021_04_": {
			"TaoxinB_0021_04_": { "x": -127.13, "y": -50.28, "width": 30, "height": 33 }
		},
		"TaoxinB_0022_01_": {
			"TaoxinB_0022_01_": { "x": -11.63, "y": 208.71, "width": 177, "height": 173 }
		},
		"TaoxinB_0022_02_": {
			"TaoxinB_0022_02_": { "x": 27.86, "y": 71.21, "width": 106, "height": 52 }
		},
		"TaoxinB_0022_03_": {
			"TaoxinB_0022_03_": { "x": 3.36, "y": 0.21, "width": 159, "height": 86 }
		},
		"TaoxinB_0022_04_": {
			"TaoxinB_0022_04_": { "x": -143.63, "y": -62.78, "width": 29, "height": 32 }
		},
		"TaoxinB_0023_01_": {
			"TaoxinB_0023_01_": { "x": 6.86, "y": 205.71, "width": 140, "height": 183 }
		},
		"TaoxinB_0023_02_": {
			"TaoxinB_0023_02_": { "x": -94.13, "y": 192.71, "width": 34, "height": 31 }
		},
		"TaoxinB_0023_03_": {
			"TaoxinB_0023_03_": { "x": 31.36, "y": 24.21, "width": 117, "height": 136 }
		},
		"TaoxinB_0023_04_": {
			"TaoxinB_0023_04_": { "x": -61.13, "y": -26.28, "width": 40, "height": 41 }
		},
		"TaoxinB_0023_05_": {
			"TaoxinB_0023_05_": { "x": -157.63, "y": -74.28, "width": 29, "height": 31 }
		},
		"TaoxinB_0024_01_": {
			"TaoxinB_0024_01_": { "x": -56.13, "y": 113.21, "width": 34, "height": 30 }
		},
		"TaoxinB_0024_02_": {
			"TaoxinB_0024_02_": { "x": 33.86, "y": 14.71, "width": 126, "height": 143 }
		},
		"TaoxinB_0024_03_": {
			"TaoxinB_0024_03_": { "x": -67.13, "y": -31.78, "width": 40, "height": 40 }
		},
		"TaoxinB_0024_04_": {
			"TaoxinB_0024_04_": { "x": -108.13, "y": 189.71, "width": 34, "height": 31 }
		},
		"TaoxinB_0024_05_": {
			"TaoxinB_0024_05_": { "x": 13.36, "y": 202.21, "width": 127, "height": 158 }
		},
		"TaoxinB_0025_01_": {
			"TaoxinB_0025_01_": { "x": 81.36, "y": 50.21, "width": 41, "height": 56 }
		},
		"TaoxinB_0025_02_": {
			"TaoxinB_0025_02_": { "x": 36.86, "y": -15.78, "width": 134, "height": 108 }
		},
		"TaoxinB_0025_03_": {
			"TaoxinB_0025_03_": { "x": -72.63, "y": -37.28, "width": 39, "height": 39 }
		},
		"TaoxinB_0025_04_": {
			"TaoxinB_0025_04_": { "x": -3.13, "y": 156.71, "width": 160, "height": 209 }
		},
		"TaoxinB_0025_05_": {
			"TaoxinB_0025_05_": { "x": -121.13, "y": 186.71, "width": 36, "height": 31 }
		},
		"TaoxinB_0026_01_": {
			"TaoxinB_0026_01_": { "x": -11.63, "y": -58.78, "width": 41, "height": 46 }
		},
		"TaoxinB_0026_02_": {
			"TaoxinB_0026_02_": { "x": -77.63, "y": -41.78, "width": 37, "height": 36 }
		},
		"TaoxinB_0026_03_": {
			"TaoxinB_0026_03_": { "x": 9.36, "y": 85.21, "width": 201, "height": 274 }
		},
		"TaoxinB_0026_04_": {
			"TaoxinB_0026_04_": { "x": -132.13, "y": 184.71, "width": 34, "height": 31 }
		},
		"TaoxinB_0027_01_": {
			"TaoxinB_0027_01_": { "x": 28.86, "y": 63.71, "width": 176, "height": 317 }
		},
		"TaoxinB_0027_02_": {
			"TaoxinB_0027_02_": { "x": -146.13, "y": 181.21, "width": 34, "height": 30 }
		},
		"TaoxinB_0027_03_": {
			"TaoxinB_0027_03_": { "x": -84.13, "y": 68.21, "width": 34, "height": 30 }
		},
		"TaoxinB_0028_01_": {
			"TaoxinB_0028_01_": { "x": 26.86, "y": 112.71, "width": 184, "height": 219 }
		},
		"TaoxinB_0028_02_": {
			"TaoxinB_0028_02_": { "x": -92.63, "y": 54.71, "width": 33, "height": 29 }
		},
		"TaoxinB_0028_03_": {
			"TaoxinB_0028_03_": { "x": -157.63, "y": 179.21, "width": 33, "height": 30 }
		},
		"TaoxinB_0029_01_": {
			"TaoxinB_0029_01_": { "x": 27.86, "y": 103.71, "width": 198, "height": 235 }
		},
		"TaoxinB_0029_02_": {
			"TaoxinB_0029_02_": { "x": -101.13, "y": 38.71, "width": 32, "height": 29 }
		},
		"TaoxinB_0029_03_": {
			"TaoxinB_0029_03_": { "x": -171.13, "y": 176.21, "width": 32, "height": 28 }
		},
		"TaoxinB_0030_01_": {
			"TaoxinB_0030_01_": { "x": 31.36, "y": 94.71, "width": 215, "height": 253 }
		},
		"TaoxinB_0030_02_": {
			"TaoxinB_0030_02_": { "x": -109.63, "y": 25.21, "width": 31, "height": 26 }
		},
		"TaoxinB_0031_01_": {
			"TaoxinB_0031_01_": { "x": 61.86, "y": 120.71, "width": 182, "height": 199 }
		},
		"TaoxinB_0031_02_": {
			"TaoxinB_0031_02_": { "x": -62.63, "y": 135.71, "width": 39, "height": 43 }
		},
		"TaoxinB_0031_03_": {
			"TaoxinB_0031_03_": { "x": -62.63, "y": 6.71, "width": 33, "height": 35 }
		},
		"TaoxinB_0031_04_": {
			"TaoxinB_0031_04_": { "x": 41.86, "y": -35.28, "width": 34, "height": 35 }
		},
		"TaoxinB_0032_01_": {
			"TaoxinB_0032_01_": { "x": 72.36, "y": 128.71, "width": 185, "height": 179 }
		},
		"TaoxinB_0032_02_": {
			"TaoxinB_0032_02_": { "x": -67.63, "y": 133.71, "width": 39, "height": 43 }
		},
		"TaoxinB_0032_03_": {
			"TaoxinB_0032_03_": { "x": 43.86, "y": -52.78, "width": 34, "height": 34 }
		},
		"TaoxinB_0032_04_": {
			"TaoxinB_0032_04_": { "x": -73.13, "y": -9.28, "width": 32, "height": 35 }
		},
		"TaoxinB_0033_01_": {
			"TaoxinB_0033_01_": { "x": 76.86, "y": 126.21, "width": 204, "height": 162 }
		},
		"TaoxinB_0033_02_": {
			"TaoxinB_0033_02_": { "x": -73.13, "y": 133.21, "width": 36, "height": 42 }
		},
		"TaoxinB_0033_03_": {
			"TaoxinB_0033_03_": { "x": 44.36, "y": -73.78, "width": 33, "height": 34 }
		},
		"TaoxinB_0033_04_": {
			"TaoxinB_0033_04_": { "x": -85.63, "y": -26.78, "width": 31, "height": 34 }
		},
		"TaoxinB_0034_01_": {
			"TaoxinB_0034_01_": { "x": 64.36, "y": 134.21, "width": 151, "height": 180 }
		},
		"TaoxinB_0034_02_": {
			"TaoxinB_0034_02_": { "x": 178.36, "y": 111.21, "width": 29, "height": 30 }
		},
		"TaoxinB_0034_03_": {
			"TaoxinB_0034_03_": { "x": 46.36, "y": -94.78, "width": 33, "height": 34 }
		},
		"TaoxinB_0034_04_": {
			"TaoxinB_0034_04_": { "x": -99.13, "y": -44.28, "width": 28, "height": 31 }
		},
		"TaoxinB_0035_01_": {
			"TaoxinB_0035_01_": { "x": 49.36, "y": 129.21, "width": 187, "height": 178 }
		},
		"TaoxinB_0035_02_": {
			"TaoxinB_0035_02_": { "x": 47.36, "y": -111.78, "width": 31, "height": 32 }
		},
		"TaoxinB_0036_01_": {
			"TaoxinB_0036_01_": { "x": 49.86, "y": 131.21, "width": 194, "height": 146 }
		},
		"TaoxinB_0036_02_": {
			"TaoxinB_0036_02_": { "x": 48.86, "y": -132.28, "width": 30, "height": 31 }
		},
		"TaoxinB_0037_01_": {
			"TaoxinB_0037_01_": { "x": 50.86, "y": 127.21, "width": 202, "height": 166 }
		},
		"TaoxinB_0038_01_": {
			"TaoxinB_0038_01_": { "x": 50.36, "y": 143.71, "width": 207, "height": 223 }
		},
		"TaoxinB_0039_01_": {
			"TaoxinB_0039_01_": { "x": 28.86, "y": 162.71, "width": 170, "height": 209 }
		},
		"TaoxinB_0039_02_": {
			"TaoxinB_0039_02_": { "x": 15.36, "y": 27.71, "width": 27, "height": 23 }
		},
		"TaoxinB_0040_01_": {
			"TaoxinB_0040_01_": { "x": 26.36, "y": 141.71, "width": 171, "height": 167 }
		},
		"TaoxinB_0040_02_": {
			"TaoxinB_0040_02_": { "x": 14.36, "y": 13.21, "width": 27, "height": 24 }
		},
		"TaoxinB_0041_01_": {
			"TaoxinB_0041_01_": { "x": 23.36, "y": 152.21, "width": 171, "height": 186 }
		},
		"TaoxinB_0041_02_": {
			"TaoxinB_0041_02_": { "x": 13.86, "y": -0.28, "width": 26, "height": 23 }
		},
		"TaoxinB_0042_01_": {
			"TaoxinB_0042_01_": { "x": 22.36, "y": 146.71, "width": 173, "height": 171 }
		},
		"TaoxinB_0042_02_": {
			"TaoxinB_0042_02_": { "x": 12.86, "y": -12.78, "width": 26, "height": 24 }
		},
		"TaoxinB_0043_01_": {
			"TaoxinB_0043_01_": { "x": 21.36, "y": 117.71, "width": 201, "height": 195 }
		},
		"TaoxinB_0043_02_": {
			"TaoxinB_0043_02_": { "x": 11.86, "y": -27.78, "width": 26, "height": 24 }
		},
		"TaoxinB_0044_01_": {
			"TaoxinB_0044_01_": { "x": -21.13, "y": 41.21, "width": 196, "height": 190 }
		},
		"TaoxinB_0044_02_": {
			"TaoxinB_0044_02_": { "x": 110.86, "y": 98.21, "width": 48, "height": 114 }
		},
		"TaoxinB_0045_01_": {
			"TaoxinB_0045_01_": { "x": -28.13, "y": 30.21, "width": 218, "height": 192 }
		},
		"TaoxinB_0045_02_": {
			"TaoxinB_0045_02_": { "x": 123.86, "y": 92.21, "width": 50, "height": 116 }
		},
		"TaoxinB_0046_01_": {
			"TaoxinB_0046_01_": { "x": -40.63, "y": 39.21, "width": 255, "height": 172 }
		},
		"TaoxinB_0046_02_": {
			"TaoxinB_0046_02_": { "x": 140.86, "y": 82.71, "width": 56, "height": 119 }
		},
		"TaoxinB_0047_01_": {
			"TaoxinB_0047_01_": { "x": -38.13, "y": 41.21, "width": 262, "height": 166 }
		},
		"TaoxinB_0047_02_": {
			"TaoxinB_0047_02_": { "x": 153.86, "y": 76.21, "width": 62, "height": 120 }
		},
		"TaoxinB_0048_01_": {
			"TaoxinB_0048_01_": { "x": -24.13, "y": 48.21, "width": 250, "height": 204 }
		},
		"TaoxinB_0048_02_": {
			"TaoxinB_0048_02_": { "x": 171.36, "y": 67.71, "width": 67, "height": 123 }
		},
		"TaoxinB_0049_01_": {
			"TaoxinB_0049_01_": { "x": -79.63, "y": 48.71, "width": 159, "height": 237 }
		},
		"TaoxinB_0049_02_": {
			"TaoxinB_0049_02_": { "x": 56.86, "y": 28.21, "width": 108, "height": 156 }
		},
		"TaoxinB_0049_03_": {
			"TaoxinB_0049_03_": { "x": 187.86, "y": 59.21, "width": 74, "height": 126 }
		},
		"TaoxinB_0050_01_": {
			"TaoxinB_0050_01_": { "x": -20.63, "y": 45.21, "width": 279, "height": 258 }
		},
		"TaoxinB_0050_02_": {
			"TaoxinB_0050_02_": { "x": 202.86, "y": 51.21, "width": 76, "height": 126 }
		},
		"TaoxinB_0051_01_": {
			"TaoxinB_0051_01_": { "x": -19.63, "y": 56.21, "width": 297, "height": 252 }
		},
		"TaoxinB_0051_02_": {
			"TaoxinB_0051_02_": { "x": -34.13, "y": -84.28, "width": 26, "height": 29 }
		},
		"TaoxinB_0051_03_": {
			"TaoxinB_0051_03_": { "x": 241.36, "y": 21.71, "width": 35, "height": 85 }
		},
		"TaoxinB_0052_01_": {
			"TaoxinB_0052_01_": { "x": 1.86, "y": 57.21, "width": 272, "height": 246 }
		},
		"TaoxinB_0053_01_": {
			"TaoxinB_0053_01_": { "x": 1.86, "y": 54.21, "width": 286, "height": 248 }
		},
		"TaoxinB_0054_01_": {
			"TaoxinB_0054_01_": { "x": -11.13, "y": 51.71, "width": 272, "height": 195 }
		}
	}
},
"animations": {
	"animation": {
		"slots": {
			"TaoxinB_0000_01_": {
				"attachment": [
					{ "time": 0, "name": "TaoxinB_0000_01_" },
					{ "time": 0.0666, "name": "TaoxinB_0000_01_" },
					{ "time": 0.1, "name": null }
				]
			},
			"TaoxinB_0001_01_": {
				"attachment": [
					{ "time": 0, "name": null },
					{ "time": 0.0666, "name": null },
					{ "time": 0.1, "name": "TaoxinB_0001_01_" },
					{ "time": 0.1666, "name": "TaoxinB_0001_01_" },
					{ "time": 0.2, "name": null }
				]
			},
			"TaoxinB_0002_01_": {
				"attachment": [
					{ "time": 0, "name": null },
					{ "time": 0.1666, "name": null },
					{ "time": 0.2, "name": "TaoxinB_0002_01_" },
					{ "time": 0.2666, "name": "TaoxinB_0002_01_" },
					{ "time": 0.3, "name": null }
				]
			},
			"TaoxinB_0003_01_": {
				"attachment": [
					{ "time": 0, "name": null },
					{ "time": 0.2666, "name": null },
					{ "time": 0.3, "name": "TaoxinB_0003_01_" },
					{ "time": 0.3666, "name": "TaoxinB_0003_01_" },
					{ "time": 0.4, "name": null }
				]
			},
			"TaoxinB_0004_01_": {
				"attachment": [
					{ "time": 0, "name": null },
					{ "time": 0.3666, "name": null },
					{ "time": 0.4, "name": "TaoxinB_0004_01_" },
					{ "time": 0.4666, "name": "TaoxinB_0004_01_" },
					{ "time": 0.5, "name": null }
				]
			},
			"TaoxinB_0005_01_": {
				"attachment": [
					{ "time": 0, "name": null },
					{ "time": 0.4666, "name": null },
					{ "time": 0.5, "name": "TaoxinB_0005_01_" },
					{ "time": 0.5666, "name": "TaoxinB_0005_01_" },
					{ "time": 0.6, "name": null }
				]
			},
			"TaoxinB_0006_01_": {
				"attachment": [
					{ "time": 0, "name": null },
					{ "time": 0.5666, "name": null },
					{ "time": 0.6, "name": "TaoxinB_0006_01_" },
					{ "time": 0.6666, "name": "TaoxinB_0006_01_" },
					{ "time": 0.7, "name": null }
				]
			},
			"TaoxinB_0007_01_": {
				"attachment": [
					{ "time": 0, "name": null },
					{ "time": 0.6666, "name": null },
					{ "time": 0.7, "name": "TaoxinB_0007_01_" },
					{ "time": 0.7666, "name": "TaoxinB_0007_01_" },
					{ "time": 0.8, "name": null }
				]
			},
			"TaoxinB_0008_01_": {
				"attachment": [
					{ "time": 0, "name": null },
					{ "time": 0.7666, "name": null },
					{ "time": 0.8, "name": "TaoxinB_0008_01_" },
					{ "time": 0.8666, "name": "TaoxinB_0008_01_" },
					{ "time": 0.9, "name": null }
				]
			},
			"TaoxinB_0009_01_": {
				"attachment": [
					{ "time": 0, "name": null },
					{ "time": 0.8666, "name": null },
					{ "time": 0.9, "name": "TaoxinB_0009_01_" },
					{ "time": 0.9666, "name": "TaoxinB_0009_01_" },
					{ "time": 1, "name": null }
				]
			},
			"TaoxinB_0010_01_": {
				"attachment": [
					{ "time": 0, "name": null },
					{ "time": 0.9666, "name": null },
					{ "time": 1, "name": "TaoxinB_0010_01_" },
					{ "time": 1.0666, "name": "TaoxinB_0010_01_" },
					{ "time": 1.1, "name": null }
				]
			},
			"TaoxinB_0011_01_": {
				"attachment": [
					{ "time": 0, "name": null },
					{ "time": 1.0666, "name": null },
					{ "time": 1.1, "name": "TaoxinB_0011_01_" },
					{ "time": 1.1666, "name": "TaoxinB_0011_01_" },
					{ "time": 1.2, "name": null }
				]
			},
			"TaoxinB_0012_01_": {
				"attachment": [
					{ "time": 0, "name": null },
					{ "time": 1.1666, "name": null },
					{ "time": 1.2, "name": "TaoxinB_0012_01_" },
					{ "time": 1.2666, "name": "TaoxinB_0012_01_" },
					{ "time": 1.3, "name": null }
				]
			},
			"TaoxinB_0013_01_": {
				"attachment": [
					{ "time": 0, "name": null },
					{ "time": 1.2666, "name": null },
					{ "time": 1.3, "name": "TaoxinB_0013_01_" },
					{ "time": 1.3666, "name": "TaoxinB_0013_01_" },
					{ "time": 1.4, "name": null }
				]
			},
			"TaoxinB_0014_01_": {
				"attachment": [
					{ "time": 0, "name": null },
					{ "time": 1.3666, "name": null },
					{ "time": 1.4, "name": "TaoxinB_0014_01_" },
					{ "time": 1.4666, "name": "TaoxinB_0014_01_" },
					{ "time": 1.5, "name": null }
				]
			},
			"TaoxinB_0015_01_": {
				"attachment": [
					{ "time": 0, "name": null },
					{ "time": 1.4666, "name": null },
					{ "time": 1.5, "name": "TaoxinB_0015_01_" },
					{ "time": 1.5666, "name": "TaoxinB_0015_01_" },
					{ "time": 1.6, "name": null }
				]
			},
			"TaoxinB_0016_01_": {
				"attachment": [
					{ "time": 0, "name": null },
					{ "time": 1.5666, "name": null },
					{ "time": 1.6, "name": "TaoxinB_0016_01_" },
					{ "time": 1.6666, "name": "TaoxinB_0016_01_" },
					{ "time": 1.7, "name": null }
				]
			},
			"TaoxinB_0017_01_": {
				"attachment": [
					{ "time": 0, "name": null },
					{ "time": 1.6666, "name": null },
					{ "time": 1.7, "name": "TaoxinB_0017_01_" },
					{ "time": 1.7666, "name": "TaoxinB_0017_01_" },
					{ "time": 1.8, "name": null }
				]
			},
			"TaoxinB_0018_01_": {
				"attachment": [
					{ "time": 0, "name": null },
					{ "time": 1.7666, "name": null },
					{ "time": 1.8, "name": "TaoxinB_0018_01_" },
					{ "time": 1.8666, "name": "TaoxinB_0018_01_" },
					{ "time": 1.9, "name": null }
				]
			},
			"TaoxinB_0018_02_": {
				"attachment": [
					{ "time": 0, "name": null },
					{ "time": 1.7666, "name": null },
					{ "time": 1.8, "name": "TaoxinB_0018_02_" },
					{ "time": 1.8666, "name": "TaoxinB_0018_02_" },
					{ "time": 1.9, "name": null }
				]
			},
			"TaoxinB_0019_01_": {
				"attachment": [
					{ "time": 0, "name": null },
					{ "time": 1.8666, "name": null },
					{ "time": 1.9, "name": "TaoxinB_0019_01_" },
					{ "time": 1.9666, "name": "TaoxinB_0019_01_" },
					{ "time": 2, "name": null }
				]
			},
			"TaoxinB_0019_02_": {
				"attachment": [
					{ "time": 0, "name": null },
					{ "time": 1.8666, "name": null },
					{ "time": 1.9, "name": "TaoxinB_0019_02_" },
					{ "time": 1.9666, "name": "TaoxinB_0019_02_" },
					{ "time": 2, "name": null }
				]
			},
			"TaoxinB_0020_01_": {
				"attachment": [
					{ "time": 0, "name": null },
					{ "time": 1.9666, "name": null },
					{ "time": 2, "name": "TaoxinB_0020_01_" },
					{ "time": 2.0666, "name": "TaoxinB_0020_01_" },
					{ "time": 2.1, "name": null }
				]
			},
			"TaoxinB_0020_02_": {
				"attachment": [
					{ "time": 0, "name": null },
					{ "time": 1.9666, "name": null },
					{ "time": 2, "name": "TaoxinB_0020_02_" },
					{ "time": 2.0666, "name": "TaoxinB_0020_02_" },
					{ "time": 2.1, "name": null }
				]
			},
			"TaoxinB_0020_03_": {
				"attachment": [
					{ "time": 0, "name": null },
					{ "time": 1.9666, "name": null },
					{ "time": 2, "name": "TaoxinB_0020_03_" },
					{ "time": 2.0666, "name": "TaoxinB_0020_03_" },
					{ "time": 2.1, "name": null }
				]
			},
			"TaoxinB_0021_01_": {
				"attachment": [
					{ "time": 0, "name": null },
					{ "time": 2.0666, "name": null },
					{ "time": 2.1, "name": "TaoxinB_0021_01_" },
					{ "time": 2.1666, "name": "TaoxinB_0021_01_" },
					{ "time": 2.2, "name": null }
				]
			},
			"TaoxinB_0021_02_": {
				"attachment": [
					{ "time": 0, "name": null },
					{ "time": 2.0666, "name": null },
					{ "time": 2.1, "name": "TaoxinB_0021_02_" },
					{ "time": 2.1666, "name": "TaoxinB_0021_02_" },
					{ "time": 2.2, "name": null }
				]
			},
			"TaoxinB_0021_03_": {
				"attachment": [
					{ "time": 0, "name": null },
					{ "time": 2.0666, "name": null },
					{ "time": 2.1, "name": "TaoxinB_0021_03_" },
					{ "time": 2.1666, "name": "TaoxinB_0021_03_" },
					{ "time": 2.2, "name": null }
				]
			},
			"TaoxinB_0021_04_": {
				"attachment": [
					{ "time": 0, "name": null },
					{ "time": 2.0666, "name": null },
					{ "time": 2.1, "name": "TaoxinB_0021_04_" },
					{ "time": 2.1666, "name": "TaoxinB_0021_04_" },
					{ "time": 2.2, "name": null }
				]
			},
			"TaoxinB_0022_01_": {
				"attachment": [
					{ "time": 0, "name": null },
					{ "time": 2.1666, "name": null },
					{ "time": 2.2, "name": "TaoxinB_0022_01_" },
					{ "time": 2.2666, "name": "TaoxinB_0022_01_" },
					{ "time": 2.3, "name": null }
				]
			},
			"TaoxinB_0022_02_": {
				"attachment": [
					{ "time": 0, "name": null },
					{ "time": 2.1666, "name": null },
					{ "time": 2.2, "name": "TaoxinB_0022_02_" },
					{ "time": 2.2666, "name": "TaoxinB_0022_02_" },
					{ "time": 2.3, "name": null }
				]
			},
			"TaoxinB_0022_03_": {
				"attachment": [
					{ "time": 0, "name": null },
					{ "time": 2.1666, "name": null },
					{ "time": 2.2, "name": "TaoxinB_0022_03_" },
					{ "time": 2.2666, "name": "TaoxinB_0022_03_" },
					{ "time": 2.3, "name": null }
				]
			},
			"TaoxinB_0022_04_": {
				"attachment": [
					{ "time": 0, "name": null },
					{ "time": 2.1666, "name": null },
					{ "time": 2.2, "name": "TaoxinB_0022_04_" },
					{ "time": 2.2666, "name": "TaoxinB_0022_04_" },
					{ "time": 2.3, "name": null }
				]
			},
			"TaoxinB_0023_01_": {
				"attachment": [
					{ "time": 0, "name": null },
					{ "time": 2.2666, "name": null },
					{ "time": 2.3, "name": "TaoxinB_0023_01_" },
					{ "time": 2.3666, "name": "TaoxinB_0023_01_" },
					{ "time": 2.4, "name": null }
				]
			},
			"TaoxinB_0023_02_": {
				"attachment": [
					{ "time": 0, "name": null },
					{ "time": 2.2666, "name": null },
					{ "time": 2.3, "name": "TaoxinB_0023_02_" },
					{ "time": 2.3666, "name": "TaoxinB_0023_02_" },
					{ "time": 2.4, "name": null }
				]
			},
			"TaoxinB_0023_03_": {
				"attachment": [
					{ "time": 0, "name": null },
					{ "time": 2.2666, "name": null },
					{ "time": 2.3, "name": "TaoxinB_0023_03_" },
					{ "time": 2.3666, "name": "TaoxinB_0023_03_" },
					{ "time": 2.4, "name": null }
				]
			},
			"TaoxinB_0023_04_": {
				"attachment": [
					{ "time": 0, "name": null },
					{ "time": 2.2666, "name": null },
					{ "time": 2.3, "name": "TaoxinB_0023_04_" },
					{ "time": 2.3666, "name": "TaoxinB_0023_04_" },
					{ "time": 2.4, "name": null }
				]
			},
			"TaoxinB_0023_05_": {
				"attachment": [
					{ "time": 0, "name": null },
					{ "time": 2.2666, "name": null },
					{ "time": 2.3, "name": "TaoxinB_0023_05_" },
					{ "time": 2.3666, "name": "TaoxinB_0023_05_" },
					{ "time": 2.4, "name": null }
				]
			},
			"TaoxinB_0024_01_": {
				"attachment": [
					{ "time": 0, "name": null },
					{ "time": 2.3666, "name": null },
					{ "time": 2.4, "name": "TaoxinB_0024_01_" },
					{ "time": 2.4666, "name": "TaoxinB_0024_01_" },
					{ "time": 2.5, "name": null }
				]
			},
			"TaoxinB_0024_02_": {
				"attachment": [
					{ "time": 0, "name": null },
					{ "time": 2.3666, "name": null },
					{ "time": 2.4, "name": "TaoxinB_0024_02_" },
					{ "time": 2.4666, "name": "TaoxinB_0024_02_" },
					{ "time": 2.5, "name": null }
				]
			},
			"TaoxinB_0024_03_": {
				"attachment": [
					{ "time": 0, "name": null },
					{ "time": 2.3666, "name": null },
					{ "time": 2.4, "name": "TaoxinB_0024_03_" },
					{ "time": 2.4666, "name": "TaoxinB_0024_03_" },
					{ "time": 2.5, "name": null }
				]
			},
			"TaoxinB_0024_04_": {
				"attachment": [
					{ "time": 0, "name": null },
					{ "time": 2.3666, "name": null },
					{ "time": 2.4, "name": "TaoxinB_0024_04_" },
					{ "time": 2.4666, "name": "TaoxinB_0024_04_" },
					{ "time": 2.5, "name": null }
				]
			},
			"TaoxinB_0024_05_": {
				"attachment": [
					{ "time": 0, "name": null },
					{ "time": 2.3666, "name": null },
					{ "time": 2.4, "name": "TaoxinB_0024_05_" },
					{ "time": 2.4666, "name": "TaoxinB_0024_05_" },
					{ "time": 2.5, "name": null }
				]
			},
			"TaoxinB_0025_01_": {
				"attachment": [
					{ "time": 0, "name": null },
					{ "time": 2.4666, "name": null },
					{ "time": 2.5, "name": "TaoxinB_0025_01_" },
					{ "time": 2.5666, "name": "TaoxinB_0025_01_" },
					{ "time": 2.6, "name": null }
				]
			},
			"TaoxinB_0025_02_": {
				"attachment": [
					{ "time": 0, "name": null },
					{ "time": 2.4666, "name": null },
					{ "time": 2.5, "name": "TaoxinB_0025_02_" },
					{ "time": 2.5666, "name": "TaoxinB_0025_02_" },
					{ "time": 2.6, "name": null }
				]
			},
			"TaoxinB_0025_03_": {
				"attachment": [
					{ "time": 0, "name": null },
					{ "time": 2.4666, "name": null },
					{ "time": 2.5, "name": "TaoxinB_0025_03_" },
					{ "time": 2.5666, "name": "TaoxinB_0025_03_" },
					{ "time": 2.6, "name": null }
				]
			},
			"TaoxinB_0025_04_": {
				"attachment": [
					{ "time": 0, "name": null },
					{ "time": 2.4666, "name": null },
					{ "time": 2.5, "name": "TaoxinB_0025_04_" },
					{ "time": 2.5666, "name": "TaoxinB_0025_04_" },
					{ "time": 2.6, "name": null }
				]
			},
			"TaoxinB_0025_05_": {
				"attachment": [
					{ "time": 0, "name": null },
					{ "time": 2.4666, "name": null },
					{ "time": 2.5, "name": "TaoxinB_0025_05_" },
					{ "time": 2.5666, "name": "TaoxinB_0025_05_" },
					{ "time": 2.6, "name": null }
				]
			},
			"TaoxinB_0026_01_": {
				"attachment": [
					{ "time": 0, "name": null },
					{ "time": 2.5666, "name": null },
					{ "time": 2.6, "name": "TaoxinB_0026_01_" },
					{ "time": 2.6666, "name": "TaoxinB_0026_01_" },
					{ "time": 2.7, "name": null }
				]
			},
			"TaoxinB_0026_02_": {
				"attachment": [
					{ "time": 0, "name": null },
					{ "time": 2.5666, "name": null },
					{ "time": 2.6, "name": "TaoxinB_0026_02_" },
					{ "time": 2.6666, "name": "TaoxinB_0026_02_" },
					{ "time": 2.7, "name": null }
				]
			},
			"TaoxinB_0026_03_": {
				"attachment": [
					{ "time": 0, "name": null },
					{ "time": 2.5666, "name": null },
					{ "time": 2.6, "name": "TaoxinB_0026_03_" },
					{ "time": 2.6666, "name": "TaoxinB_0026_03_" },
					{ "time": 2.7, "name": null }
				]
			},
			"TaoxinB_0026_04_": {
				"attachment": [
					{ "time": 0, "name": null },
					{ "time": 2.5666, "name": null },
					{ "time": 2.6, "name": "TaoxinB_0026_04_" },
					{ "time": 2.6666, "name": "TaoxinB_0026_04_" },
					{ "time": 2.7, "name": null }
				]
			},
			"TaoxinB_0027_01_": {
				"attachment": [
					{ "time": 0, "name": null },
					{ "time": 2.6666, "name": null },
					{ "time": 2.7, "name": "TaoxinB_0027_01_" },
					{ "time": 2.7666, "name": "TaoxinB_0027_01_" },
					{ "time": 2.8, "name": null }
				]
			},
			"TaoxinB_0027_02_": {
				"attachment": [
					{ "time": 0, "name": null },
					{ "time": 2.6666, "name": null },
					{ "time": 2.7, "name": "TaoxinB_0027_02_" },
					{ "time": 2.7666, "name": "TaoxinB_0027_02_" },
					{ "time": 2.8, "name": null }
				]
			},
			"TaoxinB_0027_03_": {
				"attachment": [
					{ "time": 0, "name": null },
					{ "time": 2.6666, "name": null },
					{ "time": 2.7, "name": "TaoxinB_0027_03_" },
					{ "time": 2.7666, "name": "TaoxinB_0027_03_" },
					{ "time": 2.8, "name": null }
				]
			},
			"TaoxinB_0028_01_": {
				"attachment": [
					{ "time": 0, "name": null },
					{ "time": 2.7666, "name": null },
					{ "time": 2.8, "name": "TaoxinB_0028_01_" },
					{ "time": 2.8666, "name": "TaoxinB_0028_01_" },
					{ "time": 2.9, "name": null }
				]
			},
			"TaoxinB_0028_02_": {
				"attachment": [
					{ "time": 0, "name": null },
					{ "time": 2.7666, "name": null },
					{ "time": 2.8, "name": "TaoxinB_0028_02_" },
					{ "time": 2.8666, "name": "TaoxinB_0028_02_" },
					{ "time": 2.9, "name": null }
				]
			},
			"TaoxinB_0028_03_": {
				"attachment": [
					{ "time": 0, "name": null },
					{ "time": 2.7666, "name": null },
					{ "time": 2.8, "name": "TaoxinB_0028_03_" },
					{ "time": 2.8666, "name": "TaoxinB_0028_03_" },
					{ "time": 2.9, "name": null }
				]
			},
			"TaoxinB_0029_01_": {
				"attachment": [
					{ "time": 0, "name": null },
					{ "time": 2.8666, "name": null },
					{ "time": 2.9, "name": "TaoxinB_0029_01_" },
					{ "time": 2.9666, "name": "TaoxinB_0029_01_" },
					{ "time": 3, "name": null }
				]
			},
			"TaoxinB_0029_02_": {
				"attachment": [
					{ "time": 0, "name": null },
					{ "time": 2.8666, "name": null },
					{ "time": 2.9, "name": "TaoxinB_0029_02_" },
					{ "time": 2.9666, "name": "TaoxinB_0029_02_" },
					{ "time": 3, "name": null }
				]
			},
			"TaoxinB_0029_03_": {
				"attachment": [
					{ "time": 0, "name": null },
					{ "time": 2.8666, "name": null },
					{ "time": 2.9, "name": "TaoxinB_0029_03_" },
					{ "time": 2.9666, "name": "TaoxinB_0029_03_" },
					{ "time": 3, "name": null }
				]
			},
			"TaoxinB_0030_01_": {
				"attachment": [
					{ "time": 0, "name": null },
					{ "time": 2.9666, "name": null },
					{ "time": 3, "name": "TaoxinB_0030_01_" },
					{ "time": 3.0666, "name": "TaoxinB_0030_01_" },
					{ "time": 3.1, "name": null }
				]
			},
			"TaoxinB_0030_02_": {
				"attachment": [
					{ "time": 0, "name": null },
					{ "time": 2.9666, "name": null },
					{ "time": 3, "name": "TaoxinB_0030_02_" },
					{ "time": 3.0666, "name": "TaoxinB_0030_02_" },
					{ "time": 3.1, "name": null }
				]
			},
			"TaoxinB_0031_01_": {
				"attachment": [
					{ "time": 0, "name": null },
					{ "time": 3.0666, "name": null },
					{ "time": 3.1, "name": "TaoxinB_0031_01_" },
					{ "time": 3.1666, "name": "TaoxinB_0031_01_" },
					{ "time": 3.2, "name": null }
				]
			},
			"TaoxinB_0031_02_": {
				"attachment": [
					{ "time": 0, "name": null },
					{ "time": 3.0666, "name": null },
					{ "time": 3.1, "name": "TaoxinB_0031_02_" },
					{ "time": 3.1666, "name": "TaoxinB_0031_02_" },
					{ "time": 3.2, "name": null }
				]
			},
			"TaoxinB_0031_03_": {
				"attachment": [
					{ "time": 0, "name": null },
					{ "time": 3.0666, "name": null },
					{ "time": 3.1, "name": "TaoxinB_0031_03_" },
					{ "time": 3.1666, "name": "TaoxinB_0031_03_" },
					{ "time": 3.2, "name": null }
				]
			},
			"TaoxinB_0031_04_": {
				"attachment": [
					{ "time": 0, "name": null },
					{ "time": 3.0666, "name": null },
					{ "time": 3.1, "name": "TaoxinB_0031_04_" },
					{ "time": 3.1666, "name": "TaoxinB_0031_04_" },
					{ "time": 3.2, "name": null }
				]
			},
			"TaoxinB_0032_01_": {
				"attachment": [
					{ "time": 0, "name": null },
					{ "time": 3.1666, "name": null },
					{ "time": 3.2, "name": "TaoxinB_0032_01_" },
					{ "time": 3.2666, "name": "TaoxinB_0032_01_" },
					{ "time": 3.3, "name": null }
				]
			},
			"TaoxinB_0032_02_": {
				"attachment": [
					{ "time": 0, "name": null },
					{ "time": 3.1666, "name": null },
					{ "time": 3.2, "name": "TaoxinB_0032_02_" },
					{ "time": 3.2666, "name": "TaoxinB_0032_02_" },
					{ "time": 3.3, "name": null }
				]
			},
			"TaoxinB_0032_03_": {
				"attachment": [
					{ "time": 0, "name": null },
					{ "time": 3.1666, "name": null },
					{ "time": 3.2, "name": "TaoxinB_0032_03_" },
					{ "time": 3.2666, "name": "TaoxinB_0032_03_" },
					{ "time": 3.3, "name": null }
				]
			},
			"TaoxinB_0032_04_": {
				"attachment": [
					{ "time": 0, "name": null },
					{ "time": 3.1666, "name": null },
					{ "time": 3.2, "name": "TaoxinB_0032_04_" },
					{ "time": 3.2666, "name": "TaoxinB_0032_04_" },
					{ "time": 3.3, "name": null }
				]
			},
			"TaoxinB_0033_01_": {
				"attachment": [
					{ "time": 0, "name": null },
					{ "time": 3.2666, "name": null },
					{ "time": 3.3, "name": "TaoxinB_0033_01_" },
					{ "time": 3.3666, "name": "TaoxinB_0033_01_" },
					{ "time": 3.4, "name": null }
				]
			},
			"TaoxinB_0033_02_": {
				"attachment": [
					{ "time": 0, "name": null },
					{ "time": 3.2666, "name": null },
					{ "time": 3.3, "name": "TaoxinB_0033_02_" },
					{ "time": 3.3666, "name": "TaoxinB_0033_02_" },
					{ "time": 3.4, "name": null }
				]
			},
			"TaoxinB_0033_03_": {
				"attachment": [
					{ "time": 0, "name": null },
					{ "time": 3.2666, "name": null },
					{ "time": 3.3, "name": "TaoxinB_0033_03_" },
					{ "time": 3.3666, "name": "TaoxinB_0033_03_" },
					{ "time": 3.4, "name": null }
				]
			},
			"TaoxinB_0033_04_": {
				"attachment": [
					{ "time": 0, "name": null },
					{ "time": 3.2666, "name": null },
					{ "time": 3.3, "name": "TaoxinB_0033_04_" },
					{ "time": 3.3666, "name": "TaoxinB_0033_04_" },
					{ "time": 3.4, "name": null }
				]
			},
			"TaoxinB_0034_01_": {
				"attachment": [
					{ "time": 0, "name": null },
					{ "time": 3.3666, "name": null },
					{ "time": 3.4, "name": "TaoxinB_0034_01_" },
					{ "time": 3.4666, "name": "TaoxinB_0034_01_" },
					{ "time": 3.5, "name": null }
				]
			},
			"TaoxinB_0034_02_": {
				"attachment": [
					{ "time": 0, "name": null },
					{ "time": 3.3666, "name": null },
					{ "time": 3.4, "name": "TaoxinB_0034_02_" },
					{ "time": 3.4666, "name": "TaoxinB_0034_02_" },
					{ "time": 3.5, "name": null }
				]
			},
			"TaoxinB_0034_03_": {
				"attachment": [
					{ "time": 0, "name": null },
					{ "time": 3.3666, "name": null },
					{ "time": 3.4, "name": "TaoxinB_0034_03_" },
					{ "time": 3.4666, "name": "TaoxinB_0034_03_" },
					{ "time": 3.5, "name": null }
				]
			},
			"TaoxinB_0034_04_": {
				"attachment": [
					{ "time": 0, "name": null },
					{ "time": 3.3666, "name": null },
					{ "time": 3.4, "name": "TaoxinB_0034_04_" },
					{ "time": 3.4666, "name": "TaoxinB_0034_04_" },
					{ "time": 3.5, "name": null }
				]
			},
			"TaoxinB_0035_01_": {
				"attachment": [
					{ "time": 0, "name": null },
					{ "time": 3.4666, "name": null },
					{ "time": 3.5, "name": "TaoxinB_0035_01_" },
					{ "time": 3.5666, "name": "TaoxinB_0035_01_" },
					{ "time": 3.6, "name": null }
				]
			},
			"TaoxinB_0035_02_": {
				"attachment": [
					{ "time": 0, "name": null },
					{ "time": 3.4666, "name": null },
					{ "time": 3.5, "name": "TaoxinB_0035_02_" },
					{ "time": 3.5666, "name": "TaoxinB_0035_02_" },
					{ "time": 3.6, "name": null }
				]
			},
			"TaoxinB_0036_01_": {
				"attachment": [
					{ "time": 0, "name": null },
					{ "time": 3.5666, "name": null },
					{ "time": 3.6, "name": "TaoxinB_0036_01_" },
					{ "time": 3.6666, "name": "TaoxinB_0036_01_" },
					{ "time": 3.7, "name": null }
				]
			},
			"TaoxinB_0036_02_": {
				"attachment": [
					{ "time": 0, "name": null },
					{ "time": 3.5666, "name": null },
					{ "time": 3.6, "name": "TaoxinB_0036_02_" },
					{ "time": 3.6666, "name": "TaoxinB_0036_02_" },
					{ "time": 3.7, "name": null }
				]
			},
			"TaoxinB_0037_01_": {
				"attachment": [
					{ "time": 0, "name": null },
					{ "time": 3.6666, "name": null },
					{ "time": 3.7, "name": "TaoxinB_0037_01_" },
					{ "time": 3.7666, "name": "TaoxinB_0037_01_" },
					{ "time": 3.8, "name": null }
				]
			},
			"TaoxinB_0038_01_": {
				"attachment": [
					{ "time": 0, "name": null },
					{ "time": 3.7666, "name": null },
					{ "time": 3.8, "name": "TaoxinB_0038_01_" },
					{ "time": 3.8666, "name": "TaoxinB_0038_01_" },
					{ "time": 3.9, "name": null }
				]
			},
			"TaoxinB_0039_01_": {
				"attachment": [
					{ "time": 0, "name": null },
					{ "time": 3.8666, "name": null },
					{ "time": 3.9, "name": "TaoxinB_0039_01_" },
					{ "time": 3.9666, "name": "TaoxinB_0039_01_" },
					{ "time": 4, "name": null }
				]
			},
			"TaoxinB_0039_02_": {
				"attachment": [
					{ "time": 0, "name": null },
					{ "time": 3.8666, "name": null },
					{ "time": 3.9, "name": "TaoxinB_0039_02_" },
					{ "time": 3.9666, "name": "TaoxinB_0039_02_" },
					{ "time": 4, "name": null }
				]
			},
			"TaoxinB_0040_01_": {
				"attachment": [
					{ "time": 0, "name": null },
					{ "time": 3.9666, "name": null },
					{ "time": 4, "name": "TaoxinB_0040_01_" },
					{ "time": 4.0666, "name": "TaoxinB_0040_01_" },
					{ "time": 4.1, "name": null }
				]
			},
			"TaoxinB_0040_02_": {
				"attachment": [
					{ "time": 0, "name": null },
					{ "time": 3.9666, "name": null },
					{ "time": 4, "name": "TaoxinB_0040_02_" },
					{ "time": 4.0666, "name": "TaoxinB_0040_02_" },
					{ "time": 4.1, "name": null }
				]
			},
			"TaoxinB_0041_01_": {
				"attachment": [
					{ "time": 0, "name": null },
					{ "time": 4.0666, "name": null },
					{ "time": 4.1, "name": "TaoxinB_0041_01_" },
					{ "time": 4.1666, "name": "TaoxinB_0041_01_" },
					{ "time": 4.2, "name": null }
				]
			},
			"TaoxinB_0041_02_": {
				"attachment": [
					{ "time": 0, "name": null },
					{ "time": 4.0666, "name": null },
					{ "time": 4.1, "name": "TaoxinB_0041_02_" },
					{ "time": 4.1666, "name": "TaoxinB_0041_02_" },
					{ "time": 4.2, "name": null }
				]
			},
			"TaoxinB_0042_01_": {
				"attachment": [
					{ "time": 0, "name": null },
					{ "time": 4.1666, "name": null },
					{ "time": 4.2, "name": "TaoxinB_0042_01_" },
					{ "time": 4.2666, "name": "TaoxinB_0042_01_" },
					{ "time": 4.3, "name": null }
				]
			},
			"TaoxinB_0042_02_": {
				"attachment": [
					{ "time": 0, "name": null },
					{ "time": 4.1666, "name": null },
					{ "time": 4.2, "name": "TaoxinB_0042_02_" },
					{ "time": 4.2666, "name": "TaoxinB_0042_02_" },
					{ "time": 4.3, "name": null }
				]
			},
			"TaoxinB_0043_01_": {
				"attachment": [
					{ "time": 0, "name": null },
					{ "time": 4.2666, "name": null },
					{ "time": 4.3, "name": "TaoxinB_0043_01_" },
					{ "time": 4.3666, "name": "TaoxinB_0043_01_" },
					{ "time": 4.4, "name": null }
				]
			},
			"TaoxinB_0043_02_": {
				"attachment": [
					{ "time": 0, "name": null },
					{ "time": 4.2666, "name": null },
					{ "time": 4.3, "name": "TaoxinB_0043_02_" },
					{ "time": 4.3666, "name": "TaoxinB_0043_02_" },
					{ "time": 4.4, "name": null }
				]
			},
			"TaoxinB_0044_01_": {
				"attachment": [
					{ "time": 0, "name": null },
					{ "time": 4.3666, "name": null },
					{ "time": 4.4, "name": "TaoxinB_0044_01_" },
					{ "time": 4.4666, "name": "TaoxinB_0044_01_" },
					{ "time": 4.5, "name": null }
				]
			},
			"TaoxinB_0044_02_": {
				"attachment": [
					{ "time": 0, "name": null },
					{ "time": 4.3666, "name": null },
					{ "time": 4.4, "name": "TaoxinB_0044_02_" },
					{ "time": 4.4666, "name": "TaoxinB_0044_02_" },
					{ "time": 4.5, "name": null }
				]
			},
			"TaoxinB_0045_01_": {
				"attachment": [
					{ "time": 0, "name": null },
					{ "time": 4.4666, "name": null },
					{ "time": 4.5, "name": "TaoxinB_0045_01_" },
					{ "time": 4.5666, "name": "TaoxinB_0045_01_" },
					{ "time": 4.6, "name": null }
				]
			},
			"TaoxinB_0045_02_": {
				"attachment": [
					{ "time": 0, "name": null },
					{ "time": 4.4666, "name": null },
					{ "time": 4.5, "name": "TaoxinB_0045_02_" },
					{ "time": 4.5666, "name": "TaoxinB_0045_02_" },
					{ "time": 4.6, "name": null }
				]
			},
			"TaoxinB_0046_01_": {
				"attachment": [
					{ "time": 0, "name": null },
					{ "time": 4.5666, "name": null },
					{ "time": 4.6, "name": "TaoxinB_0046_01_" },
					{ "time": 4.6666, "name": "TaoxinB_0046_01_" },
					{ "time": 4.7, "name": null }
				]
			},
			"TaoxinB_0046_02_": {
				"attachment": [
					{ "time": 0, "name": null },
					{ "time": 4.5666, "name": null },
					{ "time": 4.6, "name": "TaoxinB_0046_02_" },
					{ "time": 4.6666, "name": "TaoxinB_0046_02_" },
					{ "time": 4.7, "name": null }
				]
			},
			"TaoxinB_0047_01_": {
				"attachment": [
					{ "time": 0, "name": null },
					{ "time": 4.6666, "name": null },
					{ "time": 4.7, "name": "TaoxinB_0047_01_" },
					{ "time": 4.7666, "name": "TaoxinB_0047_01_" },
					{ "time": 4.8, "name": null }
				]
			},
			"TaoxinB_0047_02_": {
				"attachment": [
					{ "time": 0, "name": null },
					{ "time": 4.6666, "name": null },
					{ "time": 4.7, "name": "TaoxinB_0047_02_" },
					{ "time": 4.7666, "name": "TaoxinB_0047_02_" },
					{ "time": 4.8, "name": null }
				]
			},
			"TaoxinB_0048_01_": {
				"attachment": [
					{ "time": 0, "name": null },
					{ "time": 4.7666, "name": null },
					{ "time": 4.8, "name": "TaoxinB_0048_01_" },
					{ "time": 4.8666, "name": "TaoxinB_0048_01_" },
					{ "time": 4.9, "name": null }
				]
			},
			"TaoxinB_0048_02_": {
				"attachment": [
					{ "time": 0, "name": null },
					{ "time": 4.7666, "name": null },
					{ "time": 4.8, "name": "TaoxinB_0048_02_" },
					{ "time": 4.8666, "name": "TaoxinB_0048_02_" },
					{ "time": 4.9, "name": null }
				]
			},
			"TaoxinB_0049_01_": {
				"attachment": [
					{ "time": 0, "name": null },
					{ "time": 4.8666, "name": null },
					{ "time": 4.9, "name": "TaoxinB_0049_01_" },
					{ "time": 4.9666, "name": "TaoxinB_0049_01_" },
					{ "time": 5, "name": null }
				]
			},
			"TaoxinB_0049_02_": {
				"attachment": [
					{ "time": 0, "name": null },
					{ "time": 4.8666, "name": null },
					{ "time": 4.9, "name": "TaoxinB_0049_02_" },
					{ "time": 4.9666, "name": "TaoxinB_0049_02_" },
					{ "time": 5, "name": null }
				]
			},
			"TaoxinB_0049_03_": {
				"attachment": [
					{ "time": 0, "name": null },
					{ "time": 4.8666, "name": null },
					{ "time": 4.9, "name": "TaoxinB_0049_03_" },
					{ "time": 4.9666, "name": "TaoxinB_0049_03_" },
					{ "time": 5, "name": null }
				]
			},
			"TaoxinB_0050_01_": {
				"attachment": [
					{ "time": 0, "name": null },
					{ "time": 4.9666, "name": null },
					{ "time": 5, "name": "TaoxinB_0050_01_" },
					{ "time": 5.0666, "name": "TaoxinB_0050_01_" },
					{ "time": 5.1, "name": null }
				]
			},
			"TaoxinB_0050_02_": {
				"attachment": [
					{ "time": 0, "name": null },
					{ "time": 4.9666, "name": null },
					{ "time": 5, "name": "TaoxinB_0050_02_" },
					{ "time": 5.0666, "name": "TaoxinB_0050_02_" },
					{ "time": 5.1, "name": null }
				]
			},
			"TaoxinB_0051_01_": {
				"attachment": [
					{ "time": 0, "name": null },
					{ "time": 5.0666, "name": null },
					{ "time": 5.1, "name": "TaoxinB_0051_01_" },
					{ "time": 5.1666, "name": "TaoxinB_0051_01_" },
					{ "time": 5.2, "name": null }
				]
			},
			"TaoxinB_0051_02_": {
				"attachment": [
					{ "time": 0, "name": null },
					{ "time": 5.0666, "name": null },
					{ "time": 5.1, "name": "TaoxinB_0051_02_" },
					{ "time": 5.1666, "name": "TaoxinB_0051_02_" },
					{ "time": 5.2, "name": null }
				]
			},
			"TaoxinB_0051_03_": {
				"attachment": [
					{ "time": 0, "name": null },
					{ "time": 5.0666, "name": null },
					{ "time": 5.1, "name": "TaoxinB_0051_03_" },
					{ "time": 5.1666, "name": "TaoxinB_0051_03_" },
					{ "time": 5.2, "name": null }
				]
			},
			"TaoxinB_0052_01_": {
				"attachment": [
					{ "time": 0, "name": null },
					{ "time": 5.1666, "name": null },
					{ "time": 5.2, "name": "TaoxinB_0052_01_" },
					{ "time": 5.2666, "name": "TaoxinB_0052_01_" },
					{ "time": 5.3, "name": null }
				]
			},
			"TaoxinB_0053_01_": {
				"attachment": [
					{ "time": 0, "name": null },
					{ "time": 5.2666, "name": null },
					{ "time": 5.3, "name": "TaoxinB_0053_01_" },
					{ "time": 5.3666, "name": "TaoxinB_0053_01_" },
					{ "time": 5.4, "name": null }
				]
			},
			"TaoxinB_0054_01_": {
				"attachment": [
					{ "time": 0, "name": null },
					{ "time": 5.3666, "name": null },
					{ "time": 5.4, "name": "TaoxinB_0054_01_" },
					{ "time": 5.4666, "name": "TaoxinB_0054_01_" },
					{ "time": 5.5, "name": null }
				]
			}
		}
	}
}
}