{
"skeleton": { "hash": "Q0XljCUBVeBowCTmx0HlZK1PSWM", "spine": "2.1.27", "width": 412.24, "height": 369.29 },
"bones": [
	{ "name": "root" }
],
"slots": [
	{ "name": "longwangcheng_shitou_", "bone": "root", "attachment": "longwangcheng_shitou_" },
	{ "name": "shitoulong_", "bone": "root", "attachment": "shitoulong_" }
],
"skins": {
	"default": {
		"longwangcheng_shitou_": {
			"longwangcheng_shitou_": { "width": 368, "height": 315 }
		},
		"shitoulong_": {
			"shitoulong_": { "x": -108.24, "y": 91.79, "width": 240, "height": 240 }
		}
	}
},
"animations": {
	"animation": {}
}
}