{
"skeleton": { "hash": "A9RpIPFznzqH0Ro7rNDSEpQE7jY", "spine": "3.7.94", "width": 640, "height": 1136, "images": "./images/", "audio": "F:/COK项目/Spine工程/UI—英雄展示界面动效/images" },
"bones": [
	{ "name": "root" },
	{ "name": "menban_glow_", "parent": "root", "y": 100 },
	{ "name": "menban_", "parent": "root", "y": 200 },
	{ "name": "yanchen", "parent": "root" },
	{ "name": "yanchen_UL_", "parent": "yanchen", "scaleX": 2, "scaleY": 2 },
	{ "name": "yanchen_UR_", "parent": "yanchen", "scaleX": 2, "scaleY": 2 },
	{ "name": "yanchen_DL_", "parent": "yanchen", "scaleX": 2, "scaleY": 2 },
	{ "name": "yanchen_DR_", "parent": "yanchen", "scaleX": 2, "scaleY": 2 },
	{ "name": "shengguang", "parent": "root", "scaleX": 2, "scaleY": 2 },
	{ "name": "shengguang_UL_", "parent": "shengguang" },
	{ "name": "shengguang_UR_", "parent": "shengguang" },
	{ "name": "shengguang_DL_", "parent": "shengguang" },
	{ "name": "shengguang_DR_", "parent": "shengguang" },
	{ "name": "LG", "parent": "root", "scaleX": 2, "scaleY": 2 },
	{ "name": "lg_UL_", "parent": "LG" },
	{ "name": "lg_UR_", "parent": "LG" },
	{ "name": "lg_DL_", "parent": "LG" },
	{ "name": "lg_DR_", "parent": "LG" },
	{ "name": "shengguang2", "parent": "root", "scaleX": 2, "scaleY": 2 },
	{ "name": "shengguang_UL_2", "parent": "shengguang2" },
	{ "name": "shengguang_UR_2", "parent": "shengguang2" },
	{ "name": "shengguang_DL_2", "parent": "shengguang2" },
	{ "name": "shengguang_DR_2", "parent": "shengguang2" },
	{ "name": "menban_2", "parent": "root", "y": 200, "scaleX": -1 },
	{ "name": "menban_glow_2", "parent": "root", "y": 100, "scaleX": -1 },
	{ "name": "LG2", "parent": "root", "scaleX": -2, "scaleY": 2 },
	{ "name": "lg_UL_2", "parent": "LG2" },
	{ "name": "lg_UR_2", "parent": "LG2" },
	{ "name": "lg_DL_2", "parent": "LG2" },
	{ "name": "lg_DR_2", "parent": "LG2" },
	{ "name": "black_mask_", "parent": "root" }
],
"slots": [
	{ "name": "black_mask_", "bone": "black_mask_" },
	{ "name": "shengguang_UL_", "bone": "shengguang_UL_", "blend": "screen" },
	{ "name": "shengguang_UL_2", "bone": "shengguang_UL_2", "color": "ffffff96", "blend": "screen" },
	{ "name": "shengguang_UR_", "bone": "shengguang_UR_", "blend": "screen" },
	{ "name": "shengguang_UR_2", "bone": "shengguang_UR_2", "color": "ffffff96", "blend": "screen" },
	{ "name": "shengguang_DL_", "bone": "shengguang_DL_", "blend": "screen" },
	{ "name": "shengguang_DL_2", "bone": "shengguang_DL_2", "color": "ffffff96", "blend": "screen" },
	{ "name": "shengguang_DR_", "bone": "shengguang_DR_", "blend": "screen" },
	{ "name": "shengguang_DR_2", "bone": "shengguang_DR_2", "color": "ffffff96", "blend": "screen" },
	{ "name": "menban_", "bone": "menban_", "attachment": "menban_" },
	{ "name": "menban_2", "bone": "menban_2", "attachment": "menban_" },
	{ "name": "menban_glow_", "bone": "menban_glow_", "blend": "additive" },
	{ "name": "menban_glow_2", "bone": "menban_glow_2", "blend": "additive" },
	{ "name": "lg_UL_", "bone": "lg_UL_" },
	{ "name": "lg_UL_2", "bone": "lg_UL_2" },
	{ "name": "lg_UR_", "bone": "lg_UR_" },
	{ "name": "lg_UR_2", "bone": "lg_UR_2" },
	{ "name": "lg_DL_", "bone": "lg_DL_" },
	{ "name": "lg_DL_2", "bone": "lg_DL_2" },
	{ "name": "lg_DR_", "bone": "lg_DR_" },
	{ "name": "lg_DR_2", "bone": "lg_DR_2" },
	{ "name": "yanchen_UL_", "bone": "yanchen_UL_" },
	{ "name": "yanchen_UR_", "bone": "yanchen_UR_" },
	{ "name": "yanchen_DL_", "bone": "yanchen_DL_" },
	{ "name": "yanchen_DR_", "bone": "yanchen_DR_" }
],
"skins": {
	"default": {
		"black_mask_": {
			"black_mask_": { "y": 568.4, "scaleX": 70, "scaleY": 120, "width": 10, "height": 10 }
		},
		"lg_DL_": {
			"lg_DL_0000_": { "x": -81, "y": -163.5, "width": 162, "height": 327 },
			"lg_DL_0003_": { "x": -81, "y": -163.5, "width": 162, "height": 327 },
			"lg_DL_0006_": { "x": -81, "y": -163.5, "width": 162, "height": 327 },
			"lg_DL_0009_": { "x": -81, "y": -163.5, "width": 162, "height": 327 },
			"lg_DL_0012_": { "x": -81, "y": -163.5, "width": 162, "height": 327 },
			"lg_DL_0015_": { "x": -81, "y": -163.5, "width": 162, "height": 327 },
			"lg_DL_0018_": { "x": -81, "y": -163.5, "width": 162, "height": 327 },
			"lg_DL_0021_": { "x": -81, "y": -163.5, "width": 162, "height": 327 },
			"lg_DL_0024_": { "x": -81, "y": -163.5, "width": 162, "height": 327 },
			"lg_DL_0027_": { "x": -81, "y": -163.5, "width": 162, "height": 327 },
			"lg_DL_0030_": { "x": -81, "y": -163.5, "width": 162, "height": 327 },
			"lg_DL_0031_": { "x": -81, "y": -163.5, "width": 162, "height": 327 }
		},
		"lg_DL_2": {
			"lg_DL_0000_": { "x": -81, "y": -163.5, "width": 162, "height": 327 },
			"lg_DL_0003_": { "x": -81, "y": -163.5, "width": 162, "height": 327 },
			"lg_DL_0006_": { "x": -81, "y": -163.5, "width": 162, "height": 327 },
			"lg_DL_0009_": { "x": -81, "y": -163.5, "width": 162, "height": 327 },
			"lg_DL_0012_": { "x": -81, "y": -163.5, "width": 162, "height": 327 },
			"lg_DL_0015_": { "x": -81, "y": -163.5, "width": 162, "height": 327 },
			"lg_DL_0018_": { "x": -81, "y": -163.5, "width": 162, "height": 327 },
			"lg_DL_0021_": { "x": -81, "y": -163.5, "width": 162, "height": 327 },
			"lg_DL_0024_": { "x": -81, "y": -163.5, "width": 162, "height": 327 },
			"lg_DL_0027_": { "x": -81, "y": -163.5, "width": 162, "height": 327 },
			"lg_DL_0030_": { "x": -81, "y": -163.5, "width": 162, "height": 327 },
			"lg_DL_0031_": { "x": -81, "y": -163.5, "width": 162, "height": 327 }
		},
		"lg_DR_": {
			"lg_DR_0000_": { "x": 79, "y": -163.5, "width": 158, "height": 327 },
			"lg_DR_0003_": { "x": 79, "y": -163.5, "width": 158, "height": 327 },
			"lg_DR_0006_": { "x": 79, "y": -163.5, "width": 158, "height": 327 },
			"lg_DR_0009_": { "x": 79, "y": -163.5, "width": 158, "height": 327 },
			"lg_DR_0012_": { "x": 79, "y": -163.5, "width": 158, "height": 327 },
			"lg_DR_0015_": { "x": 79, "y": -163.5, "width": 158, "height": 327 },
			"lg_DR_0018_": { "x": 79, "y": -163.5, "width": 158, "height": 327 },
			"lg_DR_0021_": { "x": 79, "y": -163.5, "width": 158, "height": 327 },
			"lg_DR_0024_": { "x": 79, "y": -163.5, "width": 158, "height": 327 },
			"lg_DR_0027_": { "x": 79, "y": -163.5, "width": 158, "height": 327 },
			"lg_DR_0030_": { "x": 79, "y": -163.5, "width": 158, "height": 327 },
			"lg_DR_0031_": { "x": 79, "y": -163.5, "width": 158, "height": 327 }
		},
		"lg_DR_2": {
			"lg_DR_0000_": { "x": 79, "y": -163.5, "width": 158, "height": 327 },
			"lg_DR_0003_": { "x": 79, "y": -163.5, "width": 158, "height": 327 },
			"lg_DR_0006_": { "x": 79, "y": -163.5, "width": 158, "height": 327 },
			"lg_DR_0009_": { "x": 79, "y": -163.5, "width": 158, "height": 327 },
			"lg_DR_0012_": { "x": 79, "y": -163.5, "width": 158, "height": 327 },
			"lg_DR_0015_": { "x": 79, "y": -163.5, "width": 158, "height": 327 },
			"lg_DR_0018_": { "x": 79, "y": -163.5, "width": 158, "height": 327 },
			"lg_DR_0021_": { "x": 79, "y": -163.5, "width": 158, "height": 327 },
			"lg_DR_0024_": { "x": 79, "y": -163.5, "width": 158, "height": 327 },
			"lg_DR_0027_": { "x": 79, "y": -163.5, "width": 158, "height": 327 },
			"lg_DR_0030_": { "x": 79, "y": -163.5, "width": 158, "height": 327 },
			"lg_DR_0031_": { "x": 79, "y": -163.5, "width": 158, "height": 327 }
		},
		"lg_UL_": {
			"lg_UL_0000_": { "x": -81, "y": 120, "width": 162, "height": 240 },
			"lg_UL_0003_": { "x": -81, "y": 120, "width": 162, "height": 240 },
			"lg_UL_0006_": { "x": -81, "y": 120, "width": 162, "height": 240 },
			"lg_UL_0009_": { "x": -81, "y": 120, "width": 162, "height": 240 },
			"lg_UL_0012_": { "x": -81, "y": 120, "width": 162, "height": 240 },
			"lg_UL_0015_": { "x": -81, "y": 120, "width": 162, "height": 240 },
			"lg_UL_0018_": { "x": -81, "y": 120, "width": 162, "height": 240 },
			"lg_UL_0021_": { "x": -81, "y": 120, "width": 162, "height": 240 },
			"lg_UL_0024_": { "x": -81, "y": 120, "width": 162, "height": 240 },
			"lg_UL_0027_": { "x": -81, "y": 120, "width": 162, "height": 240 },
			"lg_UL_0030_": { "x": -81, "y": 120, "width": 162, "height": 240 },
			"lg_UL_0031_": { "x": -81, "y": 120, "width": 162, "height": 240 }
		},
		"lg_UL_2": {
			"lg_UL_0000_": { "x": -81, "y": 120, "width": 162, "height": 240 },
			"lg_UL_0003_": { "x": -81, "y": 120, "width": 162, "height": 240 },
			"lg_UL_0006_": { "x": -81, "y": 120, "width": 162, "height": 240 },
			"lg_UL_0009_": { "x": -81, "y": 120, "width": 162, "height": 240 },
			"lg_UL_0012_": { "x": -81, "y": 120, "width": 162, "height": 240 },
			"lg_UL_0015_": { "x": -81, "y": 120, "width": 162, "height": 240 },
			"lg_UL_0018_": { "x": -81, "y": 120, "width": 162, "height": 240 },
			"lg_UL_0021_": { "x": -81, "y": 120, "width": 162, "height": 240 },
			"lg_UL_0024_": { "x": -81, "y": 120, "width": 162, "height": 240 },
			"lg_UL_0027_": { "x": -81, "y": 120, "width": 162, "height": 240 },
			"lg_UL_0030_": { "x": -81, "y": 120, "width": 162, "height": 240 },
			"lg_UL_0031_": { "x": -81, "y": 120, "width": 162, "height": 240 }
		},
		"lg_UR_": {
			"lg_UR_0000_": { "x": 79, "y": 120, "width": 158, "height": 240 },
			"lg_UR_0003_": { "x": 79, "y": 120, "width": 158, "height": 240 },
			"lg_UR_0006_": { "x": 79, "y": 120, "width": 158, "height": 240 },
			"lg_UR_0009_": { "x": 79, "y": 120, "width": 158, "height": 240 },
			"lg_UR_0012_": { "x": 79, "y": 120, "width": 158, "height": 240 },
			"lg_UR_0015_": { "x": 79, "y": 120, "width": 158, "height": 240 },
			"lg_UR_0018_": { "x": 79, "y": 120, "width": 158, "height": 240 },
			"lg_UR_0021_": { "x": 79, "y": 120, "width": 158, "height": 240 },
			"lg_UR_0024_": { "x": 79, "y": 120, "width": 158, "height": 240 },
			"lg_UR_0027_": { "x": 79, "y": 120, "width": 158, "height": 240 },
			"lg_UR_0030_": { "x": 79, "y": 120, "width": 158, "height": 240 },
			"lg_UR_0031_": { "x": 79, "y": 120, "width": 158, "height": 240 }
		},
		"lg_UR_2": {
			"lg_UR_0000_": { "x": 79, "y": 120, "width": 158, "height": 240 },
			"lg_UR_0003_": { "x": 79, "y": 120, "width": 158, "height": 240 },
			"lg_UR_0006_": { "x": 79, "y": 120, "width": 158, "height": 240 },
			"lg_UR_0009_": { "x": 79, "y": 120, "width": 158, "height": 240 },
			"lg_UR_0012_": { "x": 79, "y": 120, "width": 158, "height": 240 },
			"lg_UR_0015_": { "x": 79, "y": 120, "width": 158, "height": 240 },
			"lg_UR_0018_": { "x": 79, "y": 120, "width": 158, "height": 240 },
			"lg_UR_0021_": { "x": 79, "y": 120, "width": 158, "height": 240 },
			"lg_UR_0024_": { "x": 79, "y": 120, "width": 158, "height": 240 },
			"lg_UR_0027_": { "x": 79, "y": 120, "width": 158, "height": 240 },
			"lg_UR_0030_": { "x": 79, "y": 120, "width": 158, "height": 240 },
			"lg_UR_0031_": { "x": 79, "y": 120, "width": 158, "height": 240 }
		},
		"menban_": {
			"menban_": { "x": -157.5, "y": 368, "width": 325, "height": 1136 }
		},
		"menban_2": {
			"menban_": { "x": -157.5, "y": 368, "width": 325, "height": 1136 }
		},
		"menban_glow_": {
			"menban_glow_": { "x": -153, "y": 415.5, "scaleX": 2, "scaleY": 2, "width": 158, "height": 516 }
		},
		"menban_glow_2": {
			"menban_glow_": { "x": -153, "y": 415.5, "scaleX": 2, "scaleY": 2, "width": 158, "height": 516 }
		},
		"shengguang_DL_": {
			"shengguang_DL_0000_": { "x": -63.5, "y": -165, "width": 127, "height": 330 },
			"shengguang_DL_0002_": { "x": -63.5, "y": -165, "width": 127, "height": 330 },
			"shengguang_DL_0004_": { "x": -63.5, "y": -165, "width": 127, "height": 330 },
			"shengguang_DL_0006_": { "x": -63.5, "y": -165, "width": 127, "height": 330 },
			"shengguang_DL_0008_": { "x": -63.5, "y": -165, "width": 127, "height": 330 },
			"shengguang_DL_0010_": { "x": -63.5, "y": -165, "width": 127, "height": 330 },
			"shengguang_DL_0012_": { "x": -63.5, "y": -165, "width": 127, "height": 330 },
			"shengguang_DL_0014_": { "x": -63.5, "y": -165, "width": 127, "height": 330 },
			"shengguang_DL_0016_": { "x": -63.5, "y": -165, "width": 127, "height": 330 },
			"shengguang_DL_0018_": { "x": -63.5, "y": -165, "width": 127, "height": 330 },
			"shengguang_DL_0020_": { "x": -63.5, "y": -165, "width": 127, "height": 330 },
			"shengguang_DL_0022_": { "x": -63.5, "y": -165, "width": 127, "height": 330 },
			"shengguang_DL_0024_": { "x": -63.5, "y": -165, "width": 127, "height": 330 },
			"shengguang_DL_0026_": { "x": -63.5, "y": -165, "width": 127, "height": 330 },
			"shengguang_DL_0028_": { "x": -63.5, "y": -165, "width": 127, "height": 330 },
			"shengguang_DL_0030_": { "x": -63.5, "y": -165, "width": 127, "height": 330 },
			"shengguang_DL_0032_": { "x": -63.5, "y": -165, "width": 127, "height": 330 },
			"shengguang_DL_0034_": { "x": -63.5, "y": -165, "width": 127, "height": 330 },
			"shengguang_DL_0036_": { "x": -63.5, "y": -165, "width": 127, "height": 330 },
			"shengguang_DL_0038_": { "x": -63.5, "y": -165, "width": 127, "height": 330 },
			"shengguang_DL_0040_": { "x": -63.5, "y": -165, "width": 127, "height": 330 },
			"shengguang_DL_0042_": { "x": -63.5, "y": -165, "width": 127, "height": 330 },
			"shengguang_DL_0044_": { "x": -63.5, "y": -165, "width": 127, "height": 330 }
		},
		"shengguang_DL_2": {
			"shengguang_DL_0000_": { "x": -63.5, "y": -165, "width": 127, "height": 330 },
			"shengguang_DL_0002_": { "x": -63.5, "y": -165, "width": 127, "height": 330 },
			"shengguang_DL_0004_": { "x": -63.5, "y": -165, "width": 127, "height": 330 },
			"shengguang_DL_0006_": { "x": -63.5, "y": -165, "width": 127, "height": 330 },
			"shengguang_DL_0008_": { "x": -63.5, "y": -165, "width": 127, "height": 330 },
			"shengguang_DL_0010_": { "x": -63.5, "y": -165, "width": 127, "height": 330 },
			"shengguang_DL_0012_": { "x": -63.5, "y": -165, "width": 127, "height": 330 },
			"shengguang_DL_0014_": { "x": -63.5, "y": -165, "width": 127, "height": 330 },
			"shengguang_DL_0016_": { "x": -63.5, "y": -165, "width": 127, "height": 330 },
			"shengguang_DL_0018_": { "x": -63.5, "y": -165, "width": 127, "height": 330 },
			"shengguang_DL_0020_": { "x": -63.5, "y": -165, "width": 127, "height": 330 },
			"shengguang_DL_0022_": { "x": -63.5, "y": -165, "width": 127, "height": 330 },
			"shengguang_DL_0024_": { "x": -63.5, "y": -165, "width": 127, "height": 330 },
			"shengguang_DL_0026_": { "x": -63.5, "y": -165, "width": 127, "height": 330 },
			"shengguang_DL_0028_": { "x": -63.5, "y": -165, "width": 127, "height": 330 },
			"shengguang_DL_0030_": { "x": -63.5, "y": -165, "width": 127, "height": 330 },
			"shengguang_DL_0032_": { "x": -63.5, "y": -165, "width": 127, "height": 330 },
			"shengguang_DL_0034_": { "x": -63.5, "y": -165, "width": 127, "height": 330 },
			"shengguang_DL_0036_": { "x": -63.5, "y": -165, "width": 127, "height": 330 },
			"shengguang_DL_0038_": { "x": -63.5, "y": -165, "width": 127, "height": 330 },
			"shengguang_DL_0040_": { "x": -63.5, "y": -165, "width": 127, "height": 330 },
			"shengguang_DL_0042_": { "x": -63.5, "y": -165, "width": 127, "height": 330 },
			"shengguang_DL_0044_": { "x": -63.5, "y": -165, "width": 127, "height": 330 }
		},
		"shengguang_DR_": {
			"shengguang_DR_0000_": { "x": 64.5, "y": -165, "width": 129, "height": 330 },
			"shengguang_DR_0002_": { "x": 64.5, "y": -165, "width": 129, "height": 330 },
			"shengguang_DR_0004_": { "x": 64.5, "y": -165, "width": 129, "height": 330 },
			"shengguang_DR_0006_": { "x": 64.5, "y": -165, "width": 129, "height": 330 },
			"shengguang_DR_0008_": { "x": 64.5, "y": -165, "width": 129, "height": 330 },
			"shengguang_DR_0010_": { "x": 64.5, "y": -165, "width": 129, "height": 330 },
			"shengguang_DR_0012_": { "x": 64.5, "y": -165, "width": 129, "height": 330 },
			"shengguang_DR_0014_": { "x": 64.5, "y": -165, "width": 129, "height": 330 },
			"shengguang_DR_0016_": { "x": 64.5, "y": -165, "width": 129, "height": 330 },
			"shengguang_DR_0018_": { "x": 64.5, "y": -165, "width": 129, "height": 330 },
			"shengguang_DR_0020_": { "x": 64.5, "y": -165, "width": 129, "height": 330 },
			"shengguang_DR_0022_": { "x": 64.5, "y": -165, "width": 129, "height": 330 },
			"shengguang_DR_0024_": { "x": 64.5, "y": -165, "width": 129, "height": 330 },
			"shengguang_DR_0026_": { "x": 64.5, "y": -165, "width": 129, "height": 330 },
			"shengguang_DR_0028_": { "x": 64.5, "y": -165, "width": 129, "height": 330 },
			"shengguang_DR_0030_": { "x": 64.5, "y": -165, "width": 129, "height": 330 },
			"shengguang_DR_0032_": { "x": 64.5, "y": -165, "width": 129, "height": 330 },
			"shengguang_DR_0034_": { "x": 64.5, "y": -165, "width": 129, "height": 330 },
			"shengguang_DR_0036_": { "x": 64.5, "y": -165, "width": 129, "height": 330 },
			"shengguang_DR_0038_": { "x": 64.5, "y": -165, "width": 129, "height": 330 },
			"shengguang_DR_0040_": { "x": 64.5, "y": -165, "width": 129, "height": 330 },
			"shengguang_DR_0042_": { "x": 64.5, "y": -165, "width": 129, "height": 330 },
			"shengguang_DR_0044_": { "x": 64.5, "y": -165, "width": 129, "height": 330 }
		},
		"shengguang_DR_2": {
			"shengguang_DR_0000_": { "x": 64.5, "y": -165, "width": 129, "height": 330 },
			"shengguang_DR_0002_": { "x": 64.5, "y": -165, "width": 129, "height": 330 },
			"shengguang_DR_0004_": { "x": 64.5, "y": -165, "width": 129, "height": 330 },
			"shengguang_DR_0006_": { "x": 64.5, "y": -165, "width": 129, "height": 330 },
			"shengguang_DR_0008_": { "x": 64.5, "y": -165, "width": 129, "height": 330 },
			"shengguang_DR_0010_": { "x": 64.5, "y": -165, "width": 129, "height": 330 },
			"shengguang_DR_0012_": { "x": 64.5, "y": -165, "width": 129, "height": 330 },
			"shengguang_DR_0014_": { "x": 64.5, "y": -165, "width": 129, "height": 330 },
			"shengguang_DR_0016_": { "x": 64.5, "y": -165, "width": 129, "height": 330 },
			"shengguang_DR_0018_": { "x": 64.5, "y": -165, "width": 129, "height": 330 },
			"shengguang_DR_0020_": { "x": 64.5, "y": -165, "width": 129, "height": 330 },
			"shengguang_DR_0022_": { "x": 64.5, "y": -165, "width": 129, "height": 330 },
			"shengguang_DR_0024_": { "x": 64.5, "y": -165, "width": 129, "height": 330 },
			"shengguang_DR_0026_": { "x": 64.5, "y": -165, "width": 129, "height": 330 },
			"shengguang_DR_0028_": { "x": 64.5, "y": -165, "width": 129, "height": 330 },
			"shengguang_DR_0030_": { "x": 64.5, "y": -165, "width": 129, "height": 330 },
			"shengguang_DR_0032_": { "x": 64.5, "y": -165, "width": 129, "height": 330 },
			"shengguang_DR_0034_": { "x": 64.5, "y": -165, "width": 129, "height": 330 },
			"shengguang_DR_0036_": { "x": 64.5, "y": -165, "width": 129, "height": 330 },
			"shengguang_DR_0038_": { "x": 64.5, "y": -165, "width": 129, "height": 330 },
			"shengguang_DR_0040_": { "x": 64.5, "y": -165, "width": 129, "height": 330 },
			"shengguang_DR_0042_": { "x": 64.5, "y": -165, "width": 129, "height": 330 },
			"shengguang_DR_0044_": { "x": 64.5, "y": -165, "width": 129, "height": 330 }
		},
		"shengguang_UL_": {
			"shengguang_UL_0000_": { "x": -63.5, "y": 47.5, "width": 127, "height": 95 },
			"shengguang_UL_0002_": { "x": -63.5, "y": 47.5, "width": 127, "height": 95 },
			"shengguang_UL_0004_": { "x": -63.5, "y": 47.5, "width": 127, "height": 95 },
			"shengguang_UL_0006_": { "x": -63.5, "y": 47.5, "width": 127, "height": 95 },
			"shengguang_UL_0008_": { "x": -63.5, "y": 47.5, "width": 127, "height": 95 },
			"shengguang_UL_0010_": { "x": -63.5, "y": 47.5, "width": 127, "height": 95 },
			"shengguang_UL_0012_": { "x": -63.5, "y": 47.5, "width": 127, "height": 95 },
			"shengguang_UL_0014_": { "x": -63.5, "y": 47.5, "width": 127, "height": 95 },
			"shengguang_UL_0016_": { "x": -63.5, "y": 47.5, "width": 127, "height": 95 },
			"shengguang_UL_0018_": { "x": -63.5, "y": 47.5, "width": 127, "height": 95 },
			"shengguang_UL_0020_": { "x": -63.5, "y": 47.5, "width": 127, "height": 95 },
			"shengguang_UL_0022_": { "x": -63.5, "y": 47.5, "width": 127, "height": 95 },
			"shengguang_UL_0024_": { "x": -63.5, "y": 47.5, "width": 127, "height": 95 },
			"shengguang_UL_0026_": { "x": -63.5, "y": 47.5, "width": 127, "height": 95 },
			"shengguang_UL_0028_": { "x": -63.5, "y": 47.5, "width": 127, "height": 95 },
			"shengguang_UL_0030_": { "x": -63.5, "y": 47.5, "width": 127, "height": 95 },
			"shengguang_UL_0032_": { "x": -63.5, "y": 47.5, "width": 127, "height": 95 },
			"shengguang_UL_0034_": { "x": -63.5, "y": 47.5, "width": 127, "height": 95 },
			"shengguang_UL_0036_": { "x": -63.5, "y": 47.5, "width": 127, "height": 95 },
			"shengguang_UL_0038_": { "x": -63.5, "y": 47.5, "width": 127, "height": 95 },
			"shengguang_UL_0040_": { "x": -63.5, "y": 47.5, "width": 127, "height": 95 },
			"shengguang_UL_0042_": { "x": -63.5, "y": 47.5, "width": 127, "height": 95 },
			"shengguang_UL_0044_": { "x": -63.5, "y": 47.5, "width": 127, "height": 95 }
		},
		"shengguang_UL_2": {
			"shengguang_UL_0000_": { "x": -63.5, "y": 47.5, "width": 127, "height": 95 },
			"shengguang_UL_0002_": { "x": -63.5, "y": 47.5, "width": 127, "height": 95 },
			"shengguang_UL_0004_": { "x": -63.5, "y": 47.5, "width": 127, "height": 95 },
			"shengguang_UL_0006_": { "x": -63.5, "y": 47.5, "width": 127, "height": 95 },
			"shengguang_UL_0008_": { "x": -63.5, "y": 47.5, "width": 127, "height": 95 },
			"shengguang_UL_0010_": { "x": -63.5, "y": 47.5, "width": 127, "height": 95 },
			"shengguang_UL_0012_": { "x": -63.5, "y": 47.5, "width": 127, "height": 95 },
			"shengguang_UL_0014_": { "x": -63.5, "y": 47.5, "width": 127, "height": 95 },
			"shengguang_UL_0016_": { "x": -63.5, "y": 47.5, "width": 127, "height": 95 },
			"shengguang_UL_0018_": { "x": -63.5, "y": 47.5, "width": 127, "height": 95 },
			"shengguang_UL_0020_": { "x": -63.5, "y": 47.5, "width": 127, "height": 95 },
			"shengguang_UL_0022_": { "x": -63.5, "y": 47.5, "width": 127, "height": 95 },
			"shengguang_UL_0024_": { "x": -63.5, "y": 47.5, "width": 127, "height": 95 },
			"shengguang_UL_0026_": { "x": -63.5, "y": 47.5, "width": 127, "height": 95 },
			"shengguang_UL_0028_": { "x": -63.5, "y": 47.5, "width": 127, "height": 95 },
			"shengguang_UL_0030_": { "x": -63.5, "y": 47.5, "width": 127, "height": 95 },
			"shengguang_UL_0032_": { "x": -63.5, "y": 47.5, "width": 127, "height": 95 },
			"shengguang_UL_0034_": { "x": -63.5, "y": 47.5, "width": 127, "height": 95 },
			"shengguang_UL_0036_": { "x": -63.5, "y": 47.5, "width": 127, "height": 95 },
			"shengguang_UL_0038_": { "x": -63.5, "y": 47.5, "width": 127, "height": 95 },
			"shengguang_UL_0040_": { "x": -63.5, "y": 47.5, "width": 127, "height": 95 },
			"shengguang_UL_0042_": { "x": -63.5, "y": 47.5, "width": 127, "height": 95 },
			"shengguang_UL_0044_": { "x": -63.5, "y": 47.5, "width": 127, "height": 95 }
		},
		"shengguang_UR_": {
			"shengguang_UR_0000_": { "x": 64.5, "y": 47.5, "width": 129, "height": 95 },
			"shengguang_UR_0002_": { "x": 64.5, "y": 47.5, "width": 129, "height": 95 },
			"shengguang_UR_0004_": { "x": 64.5, "y": 47.5, "width": 129, "height": 95 },
			"shengguang_UR_0006_": { "x": 64.5, "y": 47.5, "width": 129, "height": 95 },
			"shengguang_UR_0008_": { "x": 64.5, "y": 47.5, "width": 129, "height": 95 },
			"shengguang_UR_0010_": { "x": 64.5, "y": 47.5, "width": 129, "height": 95 },
			"shengguang_UR_0012_": { "x": 64.5, "y": 47.5, "width": 129, "height": 95 },
			"shengguang_UR_0014_": { "x": 64.5, "y": 47.5, "width": 129, "height": 95 },
			"shengguang_UR_0016_": { "x": 64.5, "y": 47.5, "width": 129, "height": 95 },
			"shengguang_UR_0018_": { "x": 64.5, "y": 47.5, "width": 129, "height": 95 },
			"shengguang_UR_0020_": { "x": 64.5, "y": 47.5, "width": 129, "height": 95 },
			"shengguang_UR_0022_": { "x": 64.5, "y": 47.5, "width": 129, "height": 95 },
			"shengguang_UR_0024_": { "x": 64.5, "y": 47.5, "width": 129, "height": 95 },
			"shengguang_UR_0026_": { "x": 64.5, "y": 47.5, "width": 129, "height": 95 },
			"shengguang_UR_0028_": { "x": 64.5, "y": 47.5, "width": 129, "height": 95 },
			"shengguang_UR_0030_": { "x": 64.5, "y": 47.5, "width": 129, "height": 95 },
			"shengguang_UR_0032_": { "x": 64.5, "y": 47.5, "width": 129, "height": 95 },
			"shengguang_UR_0034_": { "x": 64.5, "y": 47.5, "width": 129, "height": 95 },
			"shengguang_UR_0036_": { "x": 64.5, "y": 47.5, "width": 129, "height": 95 },
			"shengguang_UR_0038_": { "x": 64.5, "y": 47.5, "width": 129, "height": 95 },
			"shengguang_UR_0040_": { "x": 64.5, "y": 47.5, "width": 129, "height": 95 },
			"shengguang_UR_0042_": { "x": 64.5, "y": 47.5, "width": 129, "height": 95 },
			"shengguang_UR_0044_": { "x": 64.5, "y": 47.5, "width": 129, "height": 95 }
		},
		"shengguang_UR_2": {
			"shengguang_UR_0000_": { "x": 64.5, "y": 47.5, "width": 129, "height": 95 },
			"shengguang_UR_0002_": { "x": 64.5, "y": 47.5, "width": 129, "height": 95 },
			"shengguang_UR_0004_": { "x": 64.5, "y": 47.5, "width": 129, "height": 95 },
			"shengguang_UR_0006_": { "x": 64.5, "y": 47.5, "width": 129, "height": 95 },
			"shengguang_UR_0008_": { "x": 64.5, "y": 47.5, "width": 129, "height": 95 },
			"shengguang_UR_0010_": { "x": 64.5, "y": 47.5, "width": 129, "height": 95 },
			"shengguang_UR_0012_": { "x": 64.5, "y": 47.5, "width": 129, "height": 95 },
			"shengguang_UR_0014_": { "x": 64.5, "y": 47.5, "width": 129, "height": 95 },
			"shengguang_UR_0016_": { "x": 64.5, "y": 47.5, "width": 129, "height": 95 },
			"shengguang_UR_0018_": { "x": 64.5, "y": 47.5, "width": 129, "height": 95 },
			"shengguang_UR_0020_": { "x": 64.5, "y": 47.5, "width": 129, "height": 95 },
			"shengguang_UR_0022_": { "x": 64.5, "y": 47.5, "width": 129, "height": 95 },
			"shengguang_UR_0024_": { "x": 64.5, "y": 47.5, "width": 129, "height": 95 },
			"shengguang_UR_0026_": { "x": 64.5, "y": 47.5, "width": 129, "height": 95 },
			"shengguang_UR_0028_": { "x": 64.5, "y": 47.5, "width": 129, "height": 95 },
			"shengguang_UR_0030_": { "x": 64.5, "y": 47.5, "width": 129, "height": 95 },
			"shengguang_UR_0032_": { "x": 64.5, "y": 47.5, "width": 129, "height": 95 },
			"shengguang_UR_0034_": { "x": 64.5, "y": 47.5, "width": 129, "height": 95 },
			"shengguang_UR_0036_": { "x": 64.5, "y": 47.5, "width": 129, "height": 95 },
			"shengguang_UR_0038_": { "x": 64.5, "y": 47.5, "width": 129, "height": 95 },
			"shengguang_UR_0040_": { "x": 64.5, "y": 47.5, "width": 129, "height": 95 },
			"shengguang_UR_0042_": { "x": 64.5, "y": 47.5, "width": 129, "height": 95 },
			"shengguang_UR_0044_": { "x": 64.5, "y": 47.5, "width": 129, "height": 95 }
		},
		"yanchen_DL_": {
			"yanchen_DL_0000_": { "x": -80.5, "y": -141.5, "width": 161, "height": 283 },
			"yanchen_DL_0003_": { "x": -80.5, "y": -141.5, "width": 161, "height": 283 },
			"yanchen_DL_0006_": { "x": -80.5, "y": -141.5, "width": 161, "height": 283 },
			"yanchen_DL_0009_": { "x": -80.5, "y": -141.5, "width": 161, "height": 283 },
			"yanchen_DL_0012_": { "x": -80.5, "y": -141.5, "width": 161, "height": 283 },
			"yanchen_DL_0015_": { "x": -80.5, "y": -141.5, "width": 161, "height": 283 },
			"yanchen_DL_0018_": { "x": -80.5, "y": -141.5, "width": 161, "height": 283 },
			"yanchen_DL_0021_": { "x": -80.5, "y": -141.5, "width": 161, "height": 283 },
			"yanchen_DL_0024_": { "x": -80.5, "y": -141.5, "width": 161, "height": 283 }
		},
		"yanchen_DR_": {
			"yanchen_DR_0000_": { "x": 79.5, "y": -141.5, "width": 159, "height": 283 },
			"yanchen_DR_0003_": { "x": 79.5, "y": -141.5, "width": 159, "height": 283 },
			"yanchen_DR_0006_": { "x": 79.5, "y": -141.5, "width": 159, "height": 283 },
			"yanchen_DR_0009_": { "x": 79.5, "y": -141.5, "width": 159, "height": 283 },
			"yanchen_DR_0012_": { "x": 79.5, "y": -141.5, "width": 159, "height": 283 },
			"yanchen_DR_0015_": { "x": 79.5, "y": -141.5, "width": 159, "height": 283 },
			"yanchen_DR_0018_": { "x": 79.5, "y": -141.5, "width": 159, "height": 283 },
			"yanchen_DR_0021_": { "x": 79.5, "y": -141.5, "width": 159, "height": 283 },
			"yanchen_DR_0024_": { "x": 79.5, "y": -141.5, "width": 159, "height": 283 }
		},
		"yanchen_UL_": {
			"yanchen_UL_0000_": { "x": -80.5, "y": 142, "width": 161, "height": 284 },
			"yanchen_UL_0003_": { "x": -80.5, "y": 142, "width": 161, "height": 284 },
			"yanchen_UL_0006_": { "x": -80.5, "y": 142, "width": 161, "height": 284 },
			"yanchen_UL_0009_": { "x": -80.5, "y": 142, "width": 161, "height": 284 },
			"yanchen_UL_0012_": { "x": -80.5, "y": 142, "width": 161, "height": 284 },
			"yanchen_UL_0015_": { "x": -80.5, "y": 142, "width": 161, "height": 284 },
			"yanchen_UL_0018_": { "x": -80.5, "y": 142, "width": 161, "height": 284 },
			"yanchen_UL_0021_": { "x": -80.5, "y": 142, "width": 161, "height": 284 },
			"yanchen_UL_0024_": { "x": -80.5, "y": 142, "width": 161, "height": 284 }
		},
		"yanchen_UR_": {
			"yanchen_UR_0000_": { "x": 79.5, "y": 142, "width": 159, "height": 284 },
			"yanchen_UR_0003_": { "x": 79.5, "y": 142, "width": 159, "height": 284 },
			"yanchen_UR_0006_": { "x": 79.5, "y": 142, "width": 159, "height": 284 },
			"yanchen_UR_0009_": { "x": 79.5, "y": 142, "width": 159, "height": 284 },
			"yanchen_UR_0012_": { "x": 79.5, "y": 142, "width": 159, "height": 284 },
			"yanchen_UR_0015_": { "x": 79.5, "y": 142, "width": 159, "height": 284 },
			"yanchen_UR_0018_": { "x": 79.5, "y": 142, "width": 159, "height": 284 },
			"yanchen_UR_0021_": { "x": 79.5, "y": 142, "width": 159, "height": 284 },
			"yanchen_UR_0024_": { "x": 79.5, "y": 142, "width": 159, "height": 284 }
		}
	}
},
"events": {
	"drop": {}
},
"animations": {
	"end": {
		"slots": {
			"black_mask_": {
				"color": [
					{ "time": 0, "color": "ffffff00", "curve": "stepped" },
					{
						"time": 0.1333,
						"color": "ffffff00",
						"curve": [ 0.25, 0, 0.75, 1 ]
					},
					{ "time": 0.3667, "color": "ffffffc7" }
				],
				"attachment": [
					{ "time": 0, "name": "black_mask_" }
				]
			},
			"menban_glow_": {
				"color": [
					{ "time": 0, "color": "ffffff00", "curve": "stepped" },
					{
						"time": 0.1667,
						"color": "ffffff00",
						"curve": [ 0.25, 0, 1, 0.92 ]
					},
					{
						"time": 0.5,
						"color": "ffffffff",
						"curve": [ 0, 0.19, 0.724, 0.84 ]
					},
					{ "time": 0.6, "color": "ffffff00" }
				],
				"attachment": [
					{ "time": 0, "name": "menban_glow_" }
				]
			},
			"menban_glow_2": {
				"color": [
					{ "time": 0, "color": "ffffff00", "curve": "stepped" },
					{
						"time": 0.1667,
						"color": "ffffff00",
						"curve": [ 0.25, 0, 1, 0.92 ]
					},
					{
						"time": 0.5,
						"color": "ffffffff",
						"curve": [ 0, 0.19, 0.724, 0.84 ]
					},
					{ "time": 0.6, "color": "ffffff00" }
				],
				"attachment": [
					{ "time": 0, "name": "menban_glow_" }
				]
			},
			"yanchen_DL_": {
				"attachment": [
					{ "time": 0.5, "name": "yanchen_DL_0000_" },
					{ "time": 0.6, "name": "yanchen_DL_0003_" },
					{ "time": 0.7, "name": "yanchen_DL_0006_" },
					{ "time": 0.8, "name": "yanchen_DL_0009_" },
					{ "time": 0.9, "name": "yanchen_DL_0012_" },
					{ "time": 1, "name": "yanchen_DL_0015_" },
					{ "time": 1.1, "name": "yanchen_DL_0018_" },
					{ "time": 1.2, "name": "yanchen_DL_0021_" },
					{ "time": 1.3, "name": "yanchen_DL_0024_" },
					{ "time": 1.4, "name": null }
				]
			},
			"yanchen_DR_": {
				"attachment": [
					{ "time": 0.5, "name": "yanchen_DR_0000_" },
					{ "time": 0.6, "name": "yanchen_DR_0003_" },
					{ "time": 0.7, "name": "yanchen_DR_0006_" },
					{ "time": 0.8, "name": "yanchen_DR_0009_" },
					{ "time": 0.9, "name": "yanchen_DR_0012_" },
					{ "time": 1, "name": "yanchen_DR_0015_" },
					{ "time": 1.1, "name": "yanchen_DR_0018_" },
					{ "time": 1.2, "name": "yanchen_DR_0021_" },
					{ "time": 1.3, "name": "yanchen_DR_0024_" },
					{ "time": 1.4, "name": null }
				]
			},
			"yanchen_UL_": {
				"attachment": [
					{ "time": 0.5, "name": "yanchen_UL_0000_" },
					{ "time": 0.6, "name": "yanchen_UL_0003_" },
					{ "time": 0.7, "name": "yanchen_UL_0006_" },
					{ "time": 0.8, "name": "yanchen_UL_0009_" },
					{ "time": 0.9, "name": "yanchen_UL_0012_" },
					{ "time": 1, "name": "yanchen_UL_0015_" },
					{ "time": 1.1, "name": "yanchen_UL_0018_" },
					{ "time": 1.2, "name": "yanchen_UL_0021_" },
					{ "time": 1.3, "name": "yanchen_UL_0024_" },
					{ "time": 1.4, "name": null }
				]
			},
			"yanchen_UR_": {
				"attachment": [
					{ "time": 0.5, "name": "yanchen_UR_0000_" },
					{ "time": 0.6, "name": "yanchen_UR_0003_" },
					{ "time": 0.7, "name": "yanchen_UR_0006_" },
					{ "time": 0.8, "name": "yanchen_UR_0009_" },
					{ "time": 0.9, "name": "yanchen_UR_0012_" },
					{ "time": 1, "name": "yanchen_UR_0015_" },
					{ "time": 1.1, "name": "yanchen_UR_0018_" },
					{ "time": 1.2, "name": "yanchen_UR_0021_" },
					{ "time": 1.3, "name": "yanchen_UR_0024_" },
					{ "time": 1.4, "name": null }
				]
			}
		},
		"bones": {
			"LG": {
				"translate": [
					{ "time": 0, "x": 4.48, "y": 653.63 }
				]
			},
			"menban_glow_": {
				"translate": [
					{ "time": 0, "x": -325.6, "y": 0 },
					{ "time": 0.5, "x": 0, "y": 0 }
				]
			},
			"menban_": {
				"translate": [
					{ "time": 0, "x": -325.6, "y": 0 },
					{ "time": 0.5, "x": 0, "y": 0 }
				]
			},
			"shengguang": {
				"translate": [
					{ "time": 0, "x": 0, "y": 994.03 }
				],
				"scale": [
					{ "time": 0, "x": 1.545, "y": 1.786 }
				]
			},
			"shengguang2": {
				"translate": [
					{ "time": 0, "x": 0, "y": 994.03 }
				],
				"scale": [
					{ "time": 0, "x": 1.545, "y": 1.786 }
				]
			},
			"menban_2": {
				"translate": [
					{ "time": 0, "x": 325.6, "y": 0 },
					{ "time": 0.5, "x": 0, "y": 0 }
				]
			},
			"menban_glow_2": {
				"translate": [
					{ "time": 0, "x": 325.6, "y": 0 },
					{ "time": 0.5, "x": 0, "y": 0 }
				]
			},
			"LG2": {
				"translate": [
					{ "time": 0, "x": 4.48, "y": 653.63 }
				]
			},
			"yanchen": {
				"translate": [
					{ "time": 0, "x": 0, "y": 578.12 }
				]
			}
		}
	},
	"start": {
		"slots": {
			"black_mask_": {
				"color": [
					{ "time": 0, "color": "ffffffc7", "curve": "stepped" },
					{
						"time": 1.2333,
						"color": "ffffffc7",
						"curve": [ 0.25, 0, 1, 0.9 ]
					},
					{ "time": 1.8667, "color": "ffffff00" }
				],
				"attachment": [
					{ "time": 1.2333, "name": "black_mask_" }
				]
			},
			"lg_DL_": {
				"attachment": [
					{ "time": 0, "name": "lg_DL_0000_" },
					{ "time": 0.1, "name": "lg_DL_0003_" },
					{ "time": 0.2, "name": "lg_DL_0006_" },
					{ "time": 0.3, "name": "lg_DL_0009_" },
					{ "time": 0.4, "name": "lg_DL_0012_" },
					{ "time": 0.5, "name": "lg_DL_0015_" },
					{ "time": 0.6, "name": "lg_DL_0018_" },
					{ "time": 0.7, "name": "lg_DL_0021_" },
					{ "time": 0.8, "name": "lg_DL_0024_" },
					{ "time": 0.9, "name": "lg_DL_0027_" },
					{ "time": 1, "name": "lg_DL_0030_" },
					{ "time": 1.1, "name": "lg_DL_0031_" },
					{ "time": 1.2, "name": null }
				]
			},
			"lg_DL_2": {
				"attachment": [
					{ "time": 0, "name": "lg_DL_0000_" },
					{ "time": 0.1, "name": "lg_DL_0003_" },
					{ "time": 0.2, "name": "lg_DL_0006_" },
					{ "time": 0.3, "name": "lg_DL_0009_" },
					{ "time": 0.4, "name": "lg_DL_0012_" },
					{ "time": 0.5, "name": "lg_DL_0015_" },
					{ "time": 0.6, "name": "lg_DL_0018_" },
					{ "time": 0.7, "name": "lg_DL_0021_" },
					{ "time": 0.8, "name": "lg_DL_0024_" },
					{ "time": 0.9, "name": "lg_DL_0027_" },
					{ "time": 1, "name": "lg_DL_0030_" },
					{ "time": 1.1, "name": "lg_DL_0031_" },
					{ "time": 1.2, "name": null }
				]
			},
			"lg_DR_": {
				"attachment": [
					{ "time": 0, "name": "lg_DR_0000_" },
					{ "time": 0.1, "name": "lg_DR_0003_" },
					{ "time": 0.2, "name": "lg_DR_0006_" },
					{ "time": 0.3, "name": "lg_DR_0009_" },
					{ "time": 0.4, "name": "lg_DR_0012_" },
					{ "time": 0.5, "name": "lg_DR_0015_" },
					{ "time": 0.6, "name": "lg_DR_0018_" },
					{ "time": 0.7, "name": "lg_DR_0021_" },
					{ "time": 0.8, "name": "lg_DR_0024_" },
					{ "time": 0.9, "name": "lg_DR_0027_" },
					{ "time": 1, "name": "lg_DR_0030_" },
					{ "time": 1.1, "name": "lg_DR_0031_" },
					{ "time": 1.2, "name": null }
				]
			},
			"lg_DR_2": {
				"attachment": [
					{ "time": 0, "name": "lg_DR_0000_" },
					{ "time": 0.1, "name": "lg_DR_0003_" },
					{ "time": 0.2, "name": "lg_DR_0006_" },
					{ "time": 0.3, "name": "lg_DR_0009_" },
					{ "time": 0.4, "name": "lg_DR_0012_" },
					{ "time": 0.5, "name": "lg_DR_0015_" },
					{ "time": 0.6, "name": "lg_DR_0018_" },
					{ "time": 0.7, "name": "lg_DR_0021_" },
					{ "time": 0.8, "name": "lg_DR_0024_" },
					{ "time": 0.9, "name": "lg_DR_0027_" },
					{ "time": 1, "name": "lg_DR_0030_" },
					{ "time": 1.1, "name": "lg_DR_0031_" },
					{ "time": 1.2, "name": null }
				]
			},
			"lg_UL_": {
				"attachment": [
					{ "time": 0, "name": "lg_UL_0000_" },
					{ "time": 0.1, "name": "lg_UL_0003_" },
					{ "time": 0.2, "name": "lg_UL_0006_" },
					{ "time": 0.3, "name": "lg_UL_0009_" },
					{ "time": 0.4, "name": "lg_UL_0012_" },
					{ "time": 0.5, "name": "lg_UL_0015_" },
					{ "time": 0.6, "name": "lg_UL_0018_" },
					{ "time": 0.7, "name": "lg_UL_0021_" },
					{ "time": 0.8, "name": "lg_UL_0024_" },
					{ "time": 0.9, "name": "lg_UL_0027_" },
					{ "time": 1, "name": "lg_UL_0030_" },
					{ "time": 1.1, "name": "lg_UL_0031_" },
					{ "time": 1.2, "name": null }
				]
			},
			"lg_UL_2": {
				"attachment": [
					{ "time": 0, "name": "lg_UL_0000_" },
					{ "time": 0.1, "name": "lg_UL_0003_" },
					{ "time": 0.2, "name": "lg_UL_0006_" },
					{ "time": 0.3, "name": "lg_UL_0009_" },
					{ "time": 0.4, "name": "lg_UL_0012_" },
					{ "time": 0.5, "name": "lg_UL_0015_" },
					{ "time": 0.6, "name": "lg_UL_0018_" },
					{ "time": 0.7, "name": "lg_UL_0021_" },
					{ "time": 0.8, "name": "lg_UL_0024_" },
					{ "time": 0.9, "name": "lg_UL_0027_" },
					{ "time": 1, "name": "lg_UL_0030_" },
					{ "time": 1.1, "name": "lg_UL_0031_" },
					{ "time": 1.2, "name": null }
				]
			},
			"lg_UR_": {
				"attachment": [
					{ "time": 0, "name": "lg_UR_0000_" },
					{ "time": 0.1, "name": "lg_UR_0003_" },
					{ "time": 0.2, "name": "lg_UR_0006_" },
					{ "time": 0.3, "name": "lg_UR_0009_" },
					{ "time": 0.4, "name": "lg_UR_0012_" },
					{ "time": 0.5, "name": "lg_UR_0015_" },
					{ "time": 0.6, "name": "lg_UR_0018_" },
					{ "time": 0.7, "name": "lg_UR_0021_" },
					{ "time": 0.8, "name": "lg_UR_0024_" },
					{ "time": 0.9, "name": "lg_UR_0027_" },
					{ "time": 1, "name": "lg_UR_0030_" },
					{ "time": 1.1, "name": "lg_UR_0031_" },
					{ "time": 1.2, "name": null }
				]
			},
			"lg_UR_2": {
				"attachment": [
					{ "time": 0, "name": "lg_UR_0000_" },
					{ "time": 0.1, "name": "lg_UR_0003_" },
					{ "time": 0.2, "name": "lg_UR_0006_" },
					{ "time": 0.3, "name": "lg_UR_0009_" },
					{ "time": 0.4, "name": "lg_UR_0012_" },
					{ "time": 0.5, "name": "lg_UR_0015_" },
					{ "time": 0.6, "name": "lg_UR_0018_" },
					{ "time": 0.7, "name": "lg_UR_0021_" },
					{ "time": 0.8, "name": "lg_UR_0024_" },
					{ "time": 0.9, "name": "lg_UR_0027_" },
					{ "time": 1, "name": "lg_UR_0030_" },
					{ "time": 1.1, "name": "lg_UR_0031_" },
					{ "time": 1.2, "name": null }
				]
			},
			"menban_glow_": {
				"color": [
					{ "time": 0, "color": "ffffff00", "curve": "stepped" },
					{
						"time": 1.1667,
						"color": "ffffff00",
						"curve": [ 0, 0.1, 0.75, 1 ]
					},
					{
						"time": 1.3333,
						"color": "ffffffff",
						"curve": [ 0.25, 0, 0.986, 0.91 ]
					},
					{ "time": 1.6333, "color": "ffffff00" }
				],
				"attachment": [
					{ "time": 1.1667, "name": "menban_glow_" }
				]
			},
			"menban_glow_2": {
				"color": [
					{ "time": 0, "color": "ffffff00", "curve": "stepped" },
					{
						"time": 1.1667,
						"color": "ffffff00",
						"curve": [ 0, 0.1, 0.75, 1 ]
					},
					{
						"time": 1.3333,
						"color": "ffffffff",
						"curve": [ 0.25, 0, 0.986, 0.91 ]
					},
					{ "time": 1.6333, "color": "ffffff00" }
				],
				"attachment": [
					{ "time": 1.1667, "name": "menban_glow_" }
				]
			},
			"shengguang_DL_": {
				"attachment": [
					{ "time": 1.2333, "name": "shengguang_DL_0000_" },
					{ "time": 1.3, "name": "shengguang_DL_0002_" },
					{ "time": 1.3667, "name": "shengguang_DL_0004_" },
					{ "time": 1.4333, "name": "shengguang_DL_0006_" },
					{ "time": 1.5, "name": "shengguang_DL_0008_" },
					{ "time": 1.5667, "name": "shengguang_DL_0010_" },
					{ "time": 1.6333, "name": "shengguang_DL_0012_" },
					{ "time": 1.7, "name": "shengguang_DL_0014_" },
					{ "time": 1.7667, "name": "shengguang_DL_0016_" },
					{ "time": 1.8333, "name": "shengguang_DL_0018_" },
					{ "time": 1.9, "name": "shengguang_DL_0020_" },
					{ "time": 1.9667, "name": "shengguang_DL_0022_" },
					{ "time": 2.0333, "name": "shengguang_DL_0024_" },
					{ "time": 2.1, "name": "shengguang_DL_0026_" },
					{ "time": 2.1667, "name": "shengguang_DL_0028_" },
					{ "time": 2.2333, "name": "shengguang_DL_0030_" },
					{ "time": 2.3, "name": "shengguang_DL_0032_" },
					{ "time": 2.3667, "name": "shengguang_DL_0034_" },
					{ "time": 2.4333, "name": "shengguang_DL_0036_" },
					{ "time": 2.5, "name": "shengguang_DL_0038_" },
					{ "time": 2.5667, "name": "shengguang_DL_0040_" },
					{ "time": 2.6333, "name": "shengguang_DL_0042_" },
					{ "time": 2.7, "name": "shengguang_DL_0044_" },
					{ "time": 2.7667, "name": null }
				]
			},
			"shengguang_DL_2": {
				"attachment": [
					{ "time": 1.2333, "name": "shengguang_DL_0000_" },
					{ "time": 1.3, "name": "shengguang_DL_0002_" },
					{ "time": 1.3667, "name": "shengguang_DL_0004_" },
					{ "time": 1.4333, "name": "shengguang_DL_0006_" },
					{ "time": 1.5, "name": "shengguang_DL_0008_" },
					{ "time": 1.5667, "name": "shengguang_DL_0010_" },
					{ "time": 1.6333, "name": "shengguang_DL_0012_" },
					{ "time": 1.7, "name": "shengguang_DL_0014_" },
					{ "time": 1.7667, "name": "shengguang_DL_0016_" },
					{ "time": 1.8333, "name": "shengguang_DL_0018_" },
					{ "time": 1.9, "name": "shengguang_DL_0020_" },
					{ "time": 1.9667, "name": "shengguang_DL_0022_" },
					{ "time": 2.0333, "name": "shengguang_DL_0024_" },
					{ "time": 2.1, "name": "shengguang_DL_0026_" },
					{ "time": 2.1667, "name": "shengguang_DL_0028_" },
					{ "time": 2.2333, "name": "shengguang_DL_0030_" },
					{ "time": 2.3, "name": "shengguang_DL_0032_" },
					{ "time": 2.3667, "name": "shengguang_DL_0034_" },
					{ "time": 2.4333, "name": "shengguang_DL_0036_" },
					{ "time": 2.5, "name": "shengguang_DL_0038_" },
					{ "time": 2.5667, "name": "shengguang_DL_0040_" },
					{ "time": 2.6333, "name": "shengguang_DL_0042_" },
					{ "time": 2.7, "name": "shengguang_DL_0044_" },
					{ "time": 2.7667, "name": null }
				]
			},
			"shengguang_DR_": {
				"attachment": [
					{ "time": 1.2333, "name": "shengguang_DR_0000_" },
					{ "time": 1.3, "name": "shengguang_DR_0002_" },
					{ "time": 1.3667, "name": "shengguang_DR_0004_" },
					{ "time": 1.4333, "name": "shengguang_DR_0006_" },
					{ "time": 1.5, "name": "shengguang_DR_0008_" },
					{ "time": 1.5667, "name": "shengguang_DR_0010_" },
					{ "time": 1.6333, "name": "shengguang_DR_0012_" },
					{ "time": 1.7, "name": "shengguang_DR_0014_" },
					{ "time": 1.7667, "name": "shengguang_DR_0016_" },
					{ "time": 1.8333, "name": "shengguang_DR_0018_" },
					{ "time": 1.9, "name": "shengguang_DR_0020_" },
					{ "time": 1.9667, "name": "shengguang_DR_0022_" },
					{ "time": 2.0333, "name": "shengguang_DR_0024_" },
					{ "time": 2.1, "name": "shengguang_DR_0026_" },
					{ "time": 2.1667, "name": "shengguang_DR_0028_" },
					{ "time": 2.2333, "name": "shengguang_DR_0030_" },
					{ "time": 2.3, "name": "shengguang_DR_0032_" },
					{ "time": 2.3667, "name": "shengguang_DR_0034_" },
					{ "time": 2.4333, "name": "shengguang_DR_0036_" },
					{ "time": 2.5, "name": "shengguang_DR_0038_" },
					{ "time": 2.5667, "name": "shengguang_DR_0040_" },
					{ "time": 2.6333, "name": "shengguang_DR_0042_" },
					{ "time": 2.7, "name": "shengguang_DR_0044_" },
					{ "time": 2.7667, "name": null }
				]
			},
			"shengguang_DR_2": {
				"attachment": [
					{ "time": 1.2333, "name": "shengguang_DR_0000_" },
					{ "time": 1.3, "name": "shengguang_DR_0002_" },
					{ "time": 1.3667, "name": "shengguang_DR_0004_" },
					{ "time": 1.4333, "name": "shengguang_DR_0006_" },
					{ "time": 1.5, "name": "shengguang_DR_0008_" },
					{ "time": 1.5667, "name": "shengguang_DR_0010_" },
					{ "time": 1.6333, "name": "shengguang_DR_0012_" },
					{ "time": 1.7, "name": "shengguang_DR_0014_" },
					{ "time": 1.7667, "name": "shengguang_DR_0016_" },
					{ "time": 1.8333, "name": "shengguang_DR_0018_" },
					{ "time": 1.9, "name": "shengguang_DR_0020_" },
					{ "time": 1.9667, "name": "shengguang_DR_0022_" },
					{ "time": 2.0333, "name": "shengguang_DR_0024_" },
					{ "time": 2.1, "name": "shengguang_DR_0026_" },
					{ "time": 2.1667, "name": "shengguang_DR_0028_" },
					{ "time": 2.2333, "name": "shengguang_DR_0030_" },
					{ "time": 2.3, "name": "shengguang_DR_0032_" },
					{ "time": 2.3667, "name": "shengguang_DR_0034_" },
					{ "time": 2.4333, "name": "shengguang_DR_0036_" },
					{ "time": 2.5, "name": "shengguang_DR_0038_" },
					{ "time": 2.5667, "name": "shengguang_DR_0040_" },
					{ "time": 2.6333, "name": "shengguang_DR_0042_" },
					{ "time": 2.7, "name": "shengguang_DR_0044_" },
					{ "time": 2.7667, "name": null }
				]
			},
			"shengguang_UL_": {
				"attachment": [
					{ "time": 1.2333, "name": "shengguang_UL_0000_" },
					{ "time": 1.3, "name": "shengguang_UL_0002_" },
					{ "time": 1.3667, "name": "shengguang_UL_0004_" },
					{ "time": 1.4333, "name": "shengguang_UL_0006_" },
					{ "time": 1.5, "name": "shengguang_UL_0008_" },
					{ "time": 1.5667, "name": "shengguang_UL_0010_" },
					{ "time": 1.6333, "name": "shengguang_UL_0012_" },
					{ "time": 1.7, "name": "shengguang_UL_0014_" },
					{ "time": 1.7667, "name": "shengguang_UL_0016_" },
					{ "time": 1.8333, "name": "shengguang_UL_0018_" },
					{ "time": 1.9, "name": "shengguang_UL_0020_" },
					{ "time": 1.9667, "name": "shengguang_UL_0022_" },
					{ "time": 2.0333, "name": "shengguang_UL_0024_" },
					{ "time": 2.1, "name": "shengguang_UL_0026_" },
					{ "time": 2.1667, "name": "shengguang_UL_0028_" },
					{ "time": 2.2333, "name": "shengguang_UL_0030_" },
					{ "time": 2.3, "name": "shengguang_UL_0032_" },
					{ "time": 2.3667, "name": "shengguang_UL_0034_" },
					{ "time": 2.4333, "name": "shengguang_UL_0036_" },
					{ "time": 2.5, "name": "shengguang_UL_0038_" },
					{ "time": 2.5667, "name": "shengguang_UL_0040_" },
					{ "time": 2.6333, "name": "shengguang_UL_0042_" },
					{ "time": 2.7, "name": "shengguang_UL_0044_" },
					{ "time": 2.7667, "name": null }
				]
			},
			"shengguang_UL_2": {
				"attachment": [
					{ "time": 1.2333, "name": "shengguang_UL_0000_" },
					{ "time": 1.3, "name": "shengguang_UL_0002_" },
					{ "time": 1.3667, "name": "shengguang_UL_0004_" },
					{ "time": 1.4333, "name": "shengguang_UL_0006_" },
					{ "time": 1.5, "name": "shengguang_UL_0008_" },
					{ "time": 1.5667, "name": "shengguang_UL_0010_" },
					{ "time": 1.6333, "name": "shengguang_UL_0012_" },
					{ "time": 1.7, "name": "shengguang_UL_0014_" },
					{ "time": 1.7667, "name": "shengguang_UL_0016_" },
					{ "time": 1.8333, "name": "shengguang_UL_0018_" },
					{ "time": 1.9, "name": "shengguang_UL_0020_" },
					{ "time": 1.9667, "name": "shengguang_UL_0022_" },
					{ "time": 2.0333, "name": "shengguang_UL_0024_" },
					{ "time": 2.1, "name": "shengguang_UL_0026_" },
					{ "time": 2.1667, "name": "shengguang_UL_0028_" },
					{ "time": 2.2333, "name": "shengguang_UL_0030_" },
					{ "time": 2.3, "name": "shengguang_UL_0032_" },
					{ "time": 2.3667, "name": "shengguang_UL_0034_" },
					{ "time": 2.4333, "name": "shengguang_UL_0036_" },
					{ "time": 2.5, "name": "shengguang_UL_0038_" },
					{ "time": 2.5667, "name": "shengguang_UL_0040_" },
					{ "time": 2.6333, "name": "shengguang_UL_0042_" },
					{ "time": 2.7, "name": "shengguang_UL_0044_" },
					{ "time": 2.7667, "name": null }
				]
			},
			"shengguang_UR_": {
				"attachment": [
					{ "time": 1.2333, "name": "shengguang_UR_0000_" },
					{ "time": 1.3, "name": "shengguang_UR_0002_" },
					{ "time": 1.3667, "name": "shengguang_UR_0004_" },
					{ "time": 1.4333, "name": "shengguang_UR_0006_" },
					{ "time": 1.5, "name": "shengguang_UR_0008_" },
					{ "time": 1.5667, "name": "shengguang_UR_0010_" },
					{ "time": 1.6333, "name": "shengguang_UR_0012_" },
					{ "time": 1.7, "name": "shengguang_UR_0014_" },
					{ "time": 1.7667, "name": "shengguang_UR_0016_" },
					{ "time": 1.8333, "name": "shengguang_UR_0018_" },
					{ "time": 1.9, "name": "shengguang_UR_0020_" },
					{ "time": 1.9667, "name": "shengguang_UR_0022_" },
					{ "time": 2.0333, "name": "shengguang_UR_0024_" },
					{ "time": 2.1, "name": "shengguang_UR_0026_" },
					{ "time": 2.1667, "name": "shengguang_UR_0028_" },
					{ "time": 2.2333, "name": "shengguang_UR_0030_" },
					{ "time": 2.3, "name": "shengguang_UR_0032_" },
					{ "time": 2.3667, "name": "shengguang_UR_0034_" },
					{ "time": 2.4333, "name": "shengguang_UR_0036_" },
					{ "time": 2.5, "name": "shengguang_UR_0038_" },
					{ "time": 2.5667, "name": "shengguang_UR_0040_" },
					{ "time": 2.6333, "name": "shengguang_UR_0042_" },
					{ "time": 2.7, "name": "shengguang_UR_0044_" },
					{ "time": 2.7667, "name": null }
				]
			},
			"shengguang_UR_2": {
				"attachment": [
					{ "time": 1.2333, "name": "shengguang_UR_0000_" },
					{ "time": 1.3, "name": "shengguang_UR_0002_" },
					{ "time": 1.3667, "name": "shengguang_UR_0004_" },
					{ "time": 1.4333, "name": "shengguang_UR_0006_" },
					{ "time": 1.5, "name": "shengguang_UR_0008_" },
					{ "time": 1.5667, "name": "shengguang_UR_0010_" },
					{ "time": 1.6333, "name": "shengguang_UR_0012_" },
					{ "time": 1.7, "name": "shengguang_UR_0014_" },
					{ "time": 1.7667, "name": "shengguang_UR_0016_" },
					{ "time": 1.8333, "name": "shengguang_UR_0018_" },
					{ "time": 1.9, "name": "shengguang_UR_0020_" },
					{ "time": 1.9667, "name": "shengguang_UR_0022_" },
					{ "time": 2.0333, "name": "shengguang_UR_0024_" },
					{ "time": 2.1, "name": "shengguang_UR_0026_" },
					{ "time": 2.1667, "name": "shengguang_UR_0028_" },
					{ "time": 2.2333, "name": "shengguang_UR_0030_" },
					{ "time": 2.3, "name": "shengguang_UR_0032_" },
					{ "time": 2.3667, "name": "shengguang_UR_0034_" },
					{ "time": 2.4333, "name": "shengguang_UR_0036_" },
					{ "time": 2.5, "name": "shengguang_UR_0038_" },
					{ "time": 2.5667, "name": "shengguang_UR_0040_" },
					{ "time": 2.6333, "name": "shengguang_UR_0042_" },
					{ "time": 2.7, "name": "shengguang_UR_0044_" },
					{ "time": 2.7667, "name": null }
				]
			}
		},
		"bones": {
			"LG": {
				"translate": [
					{ "time": 0, "x": 2.38, "y": 652.57 }
				]
			},
			"menban_glow_": {
				"translate": [
					{ "time": 0, "x": 0, "y": 0, "curve": "stepped" },
					{
						"time": 1.2333,
						"x": 0,
						"y": 0,
						"curve": [ 0.25, 0, 0.75, 1 ]
					},
					{ "time": 1.9, "x": -325.6, "y": 0 }
				]
			},
			"menban_": {
				"translate": [
					{ "time": 0, "x": 0, "y": 0, "curve": "stepped" },
					{
						"time": 1.2333,
						"x": 0,
						"y": 0,
						"curve": [ 0.25, 0, 0.75, 1 ]
					},
					{ "time": 1.9, "x": -325.6, "y": 0 }
				]
			},
			"shengguang": {
				"translate": [
					{ "time": 0, "x": 0, "y": 994.03 }
				],
				"scale": [
					{ "time": 0, "x": 1.545, "y": 1.786 }
				]
			},
			"shengguang2": {
				"translate": [
					{ "time": 0, "x": 0, "y": 994.03 }
				],
				"scale": [
					{ "time": 0, "x": 1.545, "y": 1.786 }
				]
			},
			"menban_2": {
				"translate": [
					{ "time": 0, "x": 0, "y": 0, "curve": "stepped" },
					{
						"time": 1.2333,
						"x": 0,
						"y": 0,
						"curve": [ 0.25, 0, 0.75, 1 ]
					},
					{ "time": 1.9, "x": 325.6, "y": 0 }
				]
			},
			"menban_glow_2": {
				"translate": [
					{ "time": 0, "x": 0, "y": 0, "curve": "stepped" },
					{
						"time": 1.2333,
						"x": 0,
						"y": 0,
						"curve": [ 0.25, 0, 0.75, 1 ]
					},
					{ "time": 1.9, "x": 325.6, "y": 0 }
				]
			},
			"LG2": {
				"translate": [
					{ "time": 0, "x": -1.82, "y": 653.63 }
				]
			}
		},
		"events": [
			{ "time": 1.5667, "name": "drop" }
		]
	}
}
}