{"skeleton":{"hash":"SMNoj/craBy3Of3RaIyB1kdKKeM","spine":"3.7.94","width":640,"height":640,"images":"./images/","audio":"F:/COK项目/Spine工程/皮肤—白月之轮（紫金色）Spine"},"bones":[{"name":"root","y":100},{"name":"huache_","parent":"root","scaleX":1.25,"scaleY":1.25},{"name":"gongji","parent":"root","scaleX":1.25,"scaleY":1.25},{"name":"gongji_lizi","parent":"root","scaleX":2,"scaleY":2},{"name":"gongji_fx","parent":"root","scaleX":2,"scaleY":2},{"name":"huache_lizi01","parent":"root","scaleX":1.25,"scaleY":1.25},{"name":"chibang_glow01","parent":"root","scaleX":2,"scaleY":2},{"name":"chibang_glow02","parent":"root","scaleX":2,"scaleY":2},{"name":"chibang_glow1","parent":"root"},{"name":"chibang_glow2","parent":"root"},{"name":"huache_lizi2","parent":"root","scaleX":1.25,"scaleY":1.25},{"name":"huache_lizi1","parent":"root","scaleX":1.25,"scaleY":1.25},{"name":"huache_lizi3","parent":"root","scaleX":1.25,"scaleY":1.25}],"slots":[{"name":"huache_","bone":"huache_","attachment":"huache_00_"},{"name":"chibang_glow01","bone":"chibang_glow01","blend":"additive"},{"name":"chibang_glow1","bone":"chibang_glow1","blend":"additive"},{"name":"chibang_glow02","bone":"chibang_glow02","blend":"additive"},{"name":"chibang_glow2","bone":"chibang_glow2","blend":"additive"},{"name":"huache_lizi01","bone":"huache_lizi01","blend":"additive"},{"name":"huache_lizi1","bone":"huache_lizi1","blend":"additive"},{"name":"huache_lizi2","bone":"huache_lizi2","blend":"additive"},{"name":"huache_lizi3","bone":"huache_lizi3","blend":"additive"},{"name":"gongji","bone":"gongji"},{"name":"gongji_lizi","bone":"gongji_lizi","blend":"additive"},{"name":"gongji_fx","bone":"gongji_fx","blend":"additive"}],"skins":{"default":{"chibang_glow01":{"chibang_glow01_12_":{"width":320,"height":320},"chibang_glow01_14_":{"width":320,"height":320},"chibang_glow01_16_":{"width":320,"height":320},"chibang_glow01_18_":{"width":320,"height":320},"chibang_glow01_20_":{"width":320,"height":320},"chibang_glow01_22_":{"width":320,"height":320},"chibang_glow01_24_":{"width":320,"height":320},"chibang_glow01_26_":{"width":320,"height":320},"chibang_glow01_28_":{"width":320,"height":320},"chibang_glow01_30_":{"width":320,"height":320},"chibang_glow01_32_":{"width":320,"height":320},"chibang_glow01_34_":{"width":320,"height":320},"chibang_glow01_36_":{"width":320,"height":320},"chibang_glow01_38_":{"width":320,"height":320},"chibang_glow01_40_":{"width":320,"height":320},"chibang_glow01_42_":{"width":320,"height":320},"chibang_glow01_44_":{"width":320,"height":320},"chibang_glow01_46_":{"width":320,"height":320},"chibang_glow01_48_":{"width":320,"height":320},"chibang_glow01_50_":{"width":320,"height":320},"chibang_glow01_52_":{"width":320,"height":320},"chibang_glow01_54_":{"width":320,"height":320},"chibang_glow01_56_":{"width":320,"height":320}},"chibang_glow02":{"chibang_glow02_12_":{"width":320,"height":320},"chibang_glow02_14_":{"width":320,"height":320},"chibang_glow02_16_":{"width":320,"height":320},"chibang_glow02_18_":{"width":320,"height":320},"chibang_glow02_20_":{"width":320,"height":320},"chibang_glow02_22_":{"width":320,"height":320},"chibang_glow02_24_":{"width":320,"height":320},"chibang_glow02_26_":{"width":320,"height":320},"chibang_glow02_28_":{"width":320,"height":320},"chibang_glow02_30_":{"width":320,"height":320},"chibang_glow02_32_":{"width":320,"height":320},"chibang_glow02_34_":{"width":320,"height":320},"chibang_glow02_36_":{"width":320,"height":320},"chibang_glow02_38_":{"width":320,"height":320},"chibang_glow02_40_":{"width":320,"height":320},"chibang_glow02_42_":{"width":320,"height":320},"chibang_glow02_44_":{"width":320,"height":320},"chibang_glow02_46_":{"width":320,"height":320},"chibang_glow02_48_":{"width":320,"height":320},"chibang_glow02_50_":{"width":320,"height":320},"chibang_glow02_52_":{"width":320,"height":320},"chibang_glow02_54_":{"width":320,"height":320},"chibang_glow02_56_":{"width":320,"height":320}},"chibang_glow1":{"chibang_glow01_12_":{"width":320,"height":320},"chibang_glow01_14_":{"width":320,"height":320},"chibang_glow01_16_":{"width":320,"height":320},"chibang_glow01_18_":{"width":320,"height":320},"chibang_glow01_20_":{"width":320,"height":320},"chibang_glow01_22_":{"width":320,"height":320},"chibang_glow01_24_":{"width":320,"height":320},"chibang_glow01_26_":{"width":320,"height":320},"chibang_glow01_28_":{"width":320,"height":320},"chibang_glow01_30_":{"width":320,"height":320},"chibang_glow01_32_":{"width":320,"height":320},"chibang_glow01_34_":{"width":320,"height":320},"chibang_glow01_36_":{"width":320,"height":320},"chibang_glow01_38_":{"width":320,"height":320},"chibang_glow01_40_":{"width":320,"height":320},"chibang_glow01_42_":{"width":320,"height":320},"chibang_glow01_44_":{"width":320,"height":320},"chibang_glow01_46_":{"width":320,"height":320},"chibang_glow01_48_":{"width":320,"height":320},"chibang_glow01_50_":{"width":320,"height":320},"chibang_glow01_52_":{"width":320,"height":320},"chibang_glow01_54_":{"width":320,"height":320},"chibang_glow01_56_":{"width":320,"height":320}},"chibang_glow2":{"chibang_glow02_12_":{"width":320,"height":320},"chibang_glow02_14_":{"width":320,"height":320},"chibang_glow02_16_":{"width":320,"height":320},"chibang_glow02_18_":{"width":320,"height":320},"chibang_glow02_20_":{"width":320,"height":320},"chibang_glow02_22_":{"width":320,"height":320},"chibang_glow02_24_":{"width":320,"height":320},"chibang_glow02_26_":{"width":320,"height":320},"chibang_glow02_28_":{"width":320,"height":320},"chibang_glow02_30_":{"width":320,"height":320},"chibang_glow02_32_":{"width":320,"height":320},"chibang_glow02_34_":{"width":320,"height":320},"chibang_glow02_36_":{"width":320,"height":320},"chibang_glow02_38_":{"width":320,"height":320},"chibang_glow02_40_":{"width":320,"height":320},"chibang_glow02_42_":{"width":320,"height":320},"chibang_glow02_44_":{"width":320,"height":320},"chibang_glow02_46_":{"width":320,"height":320},"chibang_glow02_48_":{"width":320,"height":320},"chibang_glow02_50_":{"width":320,"height":320},"chibang_glow02_52_":{"width":320,"height":320},"chibang_glow02_54_":{"width":320,"height":320},"chibang_glow02_56_":{"width":320,"height":320}},"gongji":{"gongji_00_":{"width":512,"height":512},"gongji_03_":{"width":512,"height":512},"gongji_06_":{"width":512,"height":512},"gongji_09_":{"width":512,"height":512},"gongji_12_":{"width":512,"height":512},"gongji_15_":{"width":512,"height":512},"gongji_18_":{"width":512,"height":512},"gongji_21_":{"width":512,"height":512},"gongji_24_":{"width":512,"height":512},"gongji_27_":{"width":512,"height":512},"gongji_30_":{"width":512,"height":512},"gongji_33_":{"width":512,"height":512},"gongji_36_":{"width":512,"height":512},"gongji_39_":{"width":512,"height":512},"gongji_42_":{"width":512,"height":512},"gongji_45_":{"width":512,"height":512},"gongji_48_":{"width":512,"height":512},"gongji_51_":{"width":512,"height":512},"gongji_54_":{"width":512,"height":512},"gongji_57_":{"width":512,"height":512},"gongji_60_":{"width":512,"height":512}},"gongji_fx":{"gongji_fx_28_":{"width":320,"height":320},"gongji_fx_30_":{"width":320,"height":320},"gongji_fx_32_":{"width":320,"height":320},"gongji_fx_34_":{"width":320,"height":320},"gongji_fx_36_":{"width":320,"height":320},"gongji_fx_38_":{"width":320,"height":320},"gongji_fx_40_":{"width":320,"height":320},"gongji_fx_42_":{"width":320,"height":320},"gongji_fx_44_":{"width":320,"height":320},"gongji_fx_46_":{"width":320,"height":320},"gongji_fx_48_":{"width":320,"height":320},"gongji_fx_50_":{"width":320,"height":320},"gongji_fx_52_":{"width":320,"height":320},"gongji_fx_54_":{"width":320,"height":320},"gongji_fx_56_":{"width":320,"height":320},"gongji_fx_58_":{"width":320,"height":320},"gongji_fx_60_":{"width":320,"height":320}},"gongji_lizi":{"gongji_lizi_00_":{"width":320,"height":320},"gongji_lizi_03_":{"width":320,"height":320},"gongji_lizi_06_":{"width":320,"height":320},"gongji_lizi_09_":{"width":320,"height":320},"gongji_lizi_12_":{"width":320,"height":320},"gongji_lizi_15_":{"width":320,"height":320},"gongji_lizi_18_":{"width":320,"height":320},"gongji_lizi_21_":{"width":320,"height":320},"gongji_lizi_24_":{"width":320,"height":320},"gongji_lizi_27_":{"width":320,"height":320},"gongji_lizi_30_":{"width":320,"height":320},"gongji_lizi_33_":{"width":320,"height":320},"gongji_lizi_36_":{"width":320,"height":320},"gongji_lizi_39_":{"width":320,"height":320},"gongji_lizi_42_":{"width":320,"height":320},"gongji_lizi_45_":{"width":320,"height":320},"gongji_lizi_48_":{"width":320,"height":320},"gongji_lizi_51_":{"width":320,"height":320},"gongji_lizi_54_":{"width":320,"height":320},"gongji_lizi_57_":{"width":320,"height":320},"gongji_lizi_60_":{"width":320,"height":320}},"huache_":{"huache_00_":{"width":512,"height":512}},"huache_lizi01":{"huache_lizi01_00_":{"width":320,"height":320},"huache_lizi01_02_":{"width":320,"height":320},"huache_lizi01_04_":{"width":320,"height":320},"huache_lizi01_06_":{"width":320,"height":320},"huache_lizi01_08_":{"width":320,"height":320},"huache_lizi01_10_":{"width":320,"height":320},"huache_lizi01_12_":{"width":320,"height":320},"huache_lizi01_14_":{"width":320,"height":320},"huache_lizi01_16_":{"width":320,"height":320},"huache_lizi01_18_":{"width":320,"height":320},"huache_lizi01_20_":{"width":320,"height":320},"huache_lizi01_22_":{"width":320,"height":320},"huache_lizi01_24_":{"width":320,"height":320},"huache_lizi01_26_":{"width":320,"height":320},"huache_lizi01_28_":{"width":320,"height":320},"huache_lizi01_30_":{"width":320,"height":320},"huache_lizi01_32_":{"width":320,"height":320},"huache_lizi01_34_":{"width":320,"height":320},"huache_lizi01_36_":{"width":320,"height":320},"huache_lizi01_38_":{"width":320,"height":320},"huache_lizi01_40_":{"width":320,"height":320},"huache_lizi01_42_":{"width":320,"height":320},"huache_lizi01_44_":{"width":320,"height":320},"huache_lizi01_46_":{"width":320,"height":320},"huache_lizi01_48_":{"width":320,"height":320},"huache_lizi01_50_":{"width":320,"height":320},"huache_lizi01_52_":{"width":320,"height":320},"huache_lizi01_54_":{"width":320,"height":320},"huache_lizi01_56_":{"width":320,"height":320},"huache_lizi01_58_":{"width":320,"height":320},"huache_lizi01_60_":{"width":320,"height":320}},"huache_lizi1":{"huache_lizi01_00_":{"width":320,"height":320},"huache_lizi01_02_":{"width":320,"height":320},"huache_lizi01_04_":{"width":320,"height":320},"huache_lizi01_06_":{"width":320,"height":320},"huache_lizi01_08_":{"width":320,"height":320},"huache_lizi01_10_":{"width":320,"height":320},"huache_lizi01_12_":{"width":320,"height":320},"huache_lizi01_14_":{"width":320,"height":320},"huache_lizi01_16_":{"width":320,"height":320},"huache_lizi01_18_":{"width":320,"height":320},"huache_lizi01_20_":{"width":320,"height":320},"huache_lizi01_22_":{"width":320,"height":320},"huache_lizi01_24_":{"width":320,"height":320},"huache_lizi01_26_":{"width":320,"height":320},"huache_lizi01_28_":{"width":320,"height":320},"huache_lizi01_30_":{"width":320,"height":320},"huache_lizi01_32_":{"width":320,"height":320},"huache_lizi01_34_":{"width":320,"height":320},"huache_lizi01_36_":{"width":320,"height":320},"huache_lizi01_38_":{"width":320,"height":320},"huache_lizi01_40_":{"width":320,"height":320},"huache_lizi01_42_":{"width":320,"height":320},"huache_lizi01_44_":{"width":320,"height":320},"huache_lizi01_46_":{"width":320,"height":320},"huache_lizi01_48_":{"width":320,"height":320},"huache_lizi01_50_":{"width":320,"height":320},"huache_lizi01_52_":{"width":320,"height":320},"huache_lizi01_54_":{"width":320,"height":320},"huache_lizi01_56_":{"width":320,"height":320},"huache_lizi01_58_":{"width":320,"height":320},"huache_lizi01_60_":{"width":320,"height":320}},"huache_lizi2":{"huache_lizi02_00_":{"width":320,"height":320},"huache_lizi02_02_":{"width":320,"height":320},"huache_lizi02_04_":{"width":320,"height":320},"huache_lizi02_06_":{"width":320,"height":320},"huache_lizi02_08_":{"width":320,"height":320},"huache_lizi02_10_":{"width":320,"height":320},"huache_lizi02_12_":{"width":320,"height":320},"huache_lizi02_14_":{"width":320,"height":320},"huache_lizi02_16_":{"width":320,"height":320},"huache_lizi02_18_":{"width":320,"height":320},"huache_lizi02_20_":{"width":320,"height":320},"huache_lizi02_22_":{"width":320,"height":320},"huache_lizi02_24_":{"width":320,"height":320},"huache_lizi02_26_":{"width":320,"height":320},"huache_lizi02_28_":{"width":320,"height":320},"huache_lizi02_30_":{"width":320,"height":320},"huache_lizi02_32_":{"width":320,"height":320},"huache_lizi02_34_":{"width":320,"height":320},"huache_lizi02_36_":{"width":320,"height":320},"huache_lizi02_38_":{"width":320,"height":320},"huache_lizi02_40_":{"width":320,"height":320},"huache_lizi02_42_":{"width":320,"height":320},"huache_lizi02_44_":{"width":320,"height":320},"huache_lizi02_46_":{"width":320,"height":320},"huache_lizi02_48_":{"width":320,"height":320},"huache_lizi02_50_":{"width":320,"height":320},"huache_lizi02_52_":{"width":320,"height":320},"huache_lizi02_54_":{"width":320,"height":320},"huache_lizi02_56_":{"width":320,"height":320},"huache_lizi02_58_":{"width":320,"height":320},"huache_lizi02_60_":{"width":320,"height":320}},"huache_lizi3":{"huache_lizi02_00_":{"width":320,"height":320},"huache_lizi02_02_":{"width":320,"height":320},"huache_lizi02_04_":{"width":320,"height":320},"huache_lizi02_06_":{"width":320,"height":320},"huache_lizi02_08_":{"width":320,"height":320},"huache_lizi02_10_":{"width":320,"height":320},"huache_lizi02_12_":{"width":320,"height":320},"huache_lizi02_14_":{"width":320,"height":320},"huache_lizi02_16_":{"width":320,"height":320},"huache_lizi02_18_":{"width":320,"height":320},"huache_lizi02_20_":{"width":320,"height":320},"huache_lizi02_22_":{"width":320,"height":320},"huache_lizi02_24_":{"width":320,"height":320},"huache_lizi02_26_":{"width":320,"height":320},"huache_lizi02_28_":{"width":320,"height":320},"huache_lizi02_30_":{"width":320,"height":320},"huache_lizi02_32_":{"width":320,"height":320},"huache_lizi02_34_":{"width":320,"height":320},"huache_lizi02_36_":{"width":320,"height":320},"huache_lizi02_38_":{"width":320,"height":320},"huache_lizi02_40_":{"width":320,"height":320},"huache_lizi02_42_":{"width":320,"height":320},"huache_lizi02_44_":{"width":320,"height":320},"huache_lizi02_46_":{"width":320,"height":320},"huache_lizi02_48_":{"width":320,"height":320},"huache_lizi02_50_":{"width":320,"height":320},"huache_lizi02_52_":{"width":320,"height":320},"huache_lizi02_54_":{"width":320,"height":320},"huache_lizi02_56_":{"width":320,"height":320},"huache_lizi02_58_":{"width":320,"height":320},"huache_lizi02_60_":{"width":320,"height":320}}}},"animations":{"gongji":{"slots":{"chibang_glow01":{"attachment":[{"time":0.5667,"name":"chibang_glow01_12_"},{"time":0.6333,"name":"chibang_glow01_14_"},{"time":0.7,"name":"chibang_glow01_16_"},{"time":0.7667,"name":"chibang_glow01_18_"},{"time":0.8333,"name":"chibang_glow01_20_"},{"time":0.9,"name":"chibang_glow01_22_"},{"time":0.9667,"name":"chibang_glow01_24_"},{"time":1.0333,"name":"chibang_glow01_26_"},{"time":1.1,"name":"chibang_glow01_28_"},{"time":1.1667,"name":"chibang_glow01_30_"},{"time":1.2333,"name":"chibang_glow01_32_"},{"time":1.3,"name":"chibang_glow01_34_"},{"time":1.3667,"name":"chibang_glow01_36_"},{"time":1.4333,"name":"chibang_glow01_38_"},{"time":1.5,"name":"chibang_glow01_40_"},{"time":1.5667,"name":"chibang_glow01_42_"},{"time":1.6333,"name":"chibang_glow01_44_"},{"time":1.7,"name":"chibang_glow01_46_"},{"time":1.7667,"name":"chibang_glow01_48_"},{"time":1.8333,"name":"chibang_glow01_50_"},{"time":1.9,"name":"chibang_glow01_52_"},{"time":1.9667,"name":"chibang_glow01_54_"},{"time":2.0333,"name":"chibang_glow01_56_"},{"time":2.1,"name":null}]},"chibang_glow1":{"attachment":[{"time":0.4667,"name":"chibang_glow01_12_"},{"time":0.5333,"name":"chibang_glow01_14_"},{"time":0.6,"name":"chibang_glow01_16_"},{"time":0.6667,"name":"chibang_glow01_18_"},{"time":0.7333,"name":"chibang_glow01_20_"},{"time":0.8,"name":"chibang_glow01_22_"},{"time":0.8667,"name":"chibang_glow01_24_"},{"time":0.9333,"name":"chibang_glow01_26_"},{"time":1,"name":"chibang_glow01_28_"},{"time":1.0667,"name":"chibang_glow01_30_"},{"time":1.1333,"name":"chibang_glow01_32_"},{"time":1.2,"name":"chibang_glow01_34_"},{"time":1.2667,"name":"chibang_glow01_36_"},{"time":1.3333,"name":"chibang_glow01_38_"},{"time":1.4,"name":"chibang_glow01_40_"},{"time":1.4667,"name":"chibang_glow01_42_"},{"time":1.5333,"name":"chibang_glow01_44_"},{"time":1.6,"name":"chibang_glow01_46_"},{"time":1.6667,"name":"chibang_glow01_48_"},{"time":1.7333,"name":"chibang_glow01_50_"},{"time":1.8,"name":"chibang_glow01_52_"},{"time":1.8667,"name":"chibang_glow01_54_"},{"time":1.9333,"name":"chibang_glow01_56_"},{"time":2,"name":null}]},"chibang_glow02":{"attachment":[{"time":0.5667,"name":"chibang_glow02_12_"},{"time":0.6333,"name":"chibang_glow02_14_"},{"time":0.7,"name":"chibang_glow02_16_"},{"time":0.7667,"name":"chibang_glow02_18_"},{"time":0.8333,"name":"chibang_glow02_20_"},{"time":0.9,"name":"chibang_glow02_22_"},{"time":0.9667,"name":"chibang_glow02_24_"},{"time":1.0333,"name":"chibang_glow02_26_"},{"time":1.1,"name":"chibang_glow02_28_"},{"time":1.1667,"name":"chibang_glow02_30_"},{"time":1.2333,"name":"chibang_glow02_32_"},{"time":1.3,"name":"chibang_glow02_34_"},{"time":1.3667,"name":"chibang_glow02_36_"},{"time":1.4333,"name":"chibang_glow02_38_"},{"time":1.5,"name":"chibang_glow02_40_"},{"time":1.5667,"name":"chibang_glow02_42_"},{"time":1.6333,"name":"chibang_glow02_44_"},{"time":1.7,"name":"chibang_glow02_46_"},{"time":1.7667,"name":"chibang_glow02_48_"},{"time":1.8333,"name":"chibang_glow02_50_"},{"time":1.9,"name":"chibang_glow02_52_"},{"time":1.9667,"name":"chibang_glow02_54_"},{"time":2.0333,"name":"chibang_glow02_56_"},{"time":2.1,"name":null}]},"chibang_glow2":{"attachment":[{"time":0.5667,"name":"chibang_glow02_12_"},{"time":0.6333,"name":"chibang_glow02_14_"},{"time":0.7,"name":"chibang_glow02_16_"},{"time":0.7667,"name":"chibang_glow02_18_"},{"time":0.8333,"name":"chibang_glow02_20_"},{"time":0.9,"name":"chibang_glow02_22_"},{"time":0.9667,"name":"chibang_glow02_24_"},{"time":1.0333,"name":"chibang_glow02_26_"},{"time":1.1,"name":"chibang_glow02_28_"},{"time":1.1667,"name":"chibang_glow02_30_"},{"time":1.2333,"name":"chibang_glow02_32_"},{"time":1.3,"name":"chibang_glow02_34_"},{"time":1.3667,"name":"chibang_glow02_36_"},{"time":1.4333,"name":"chibang_glow02_38_"},{"time":1.5,"name":"chibang_glow02_40_"},{"time":1.5667,"name":"chibang_glow02_42_"},{"time":1.6333,"name":"chibang_glow02_44_"},{"time":1.7,"name":"chibang_glow02_46_"},{"time":1.7667,"name":"chibang_glow02_48_"},{"time":1.8333,"name":"chibang_glow02_50_"},{"time":1.9,"name":"chibang_glow02_52_"},{"time":1.9667,"name":"chibang_glow02_54_"},{"time":2.0333,"name":"chibang_glow02_56_"},{"time":2.1,"name":null}]},"gongji":{"attachment":[{"time":0,"name":"gongji_00_"},{"time":0.1,"name":"gongji_03_"},{"time":0.2,"name":"gongji_06_"},{"time":0.3,"name":"gongji_09_"},{"time":0.4,"name":"gongji_12_"},{"time":0.5,"name":"gongji_15_"},{"time":0.6,"name":"gongji_18_"},{"time":0.7,"name":"gongji_21_"},{"time":0.8,"name":"gongji_24_"},{"time":0.9,"name":"gongji_27_"},{"time":1,"name":"gongji_30_"},{"time":1.1,"name":"gongji_33_"},{"time":1.2,"name":"gongji_36_"},{"time":1.3,"name":"gongji_39_"},{"time":1.4,"name":"gongji_42_"},{"time":1.5,"name":"gongji_45_"},{"time":1.6,"name":"gongji_48_"},{"time":1.7,"name":"gongji_51_"},{"time":1.8,"name":"gongji_54_"},{"time":1.9,"name":"gongji_57_"},{"time":2,"name":"gongji_60_"},{"time":2.1,"name":null}]},"gongji_fx":{"attachment":[{"time":0.9667,"name":"gongji_fx_28_"},{"time":1.0333,"name":"gongji_fx_30_"},{"time":1.1,"name":"gongji_fx_32_"},{"time":1.1667,"name":"gongji_fx_34_"},{"time":1.2333,"name":"gongji_fx_36_"},{"time":1.3,"name":"gongji_fx_38_"},{"time":1.3667,"name":"gongji_fx_40_"},{"time":1.4333,"name":"gongji_fx_42_"},{"time":1.5,"name":"gongji_fx_44_"},{"time":1.5667,"name":"gongji_fx_46_"},{"time":1.6333,"name":"gongji_fx_48_"},{"time":1.7,"name":"gongji_fx_50_"},{"time":1.7667,"name":"gongji_fx_52_"},{"time":1.8333,"name":"gongji_fx_54_"},{"time":1.9,"name":"gongji_fx_56_"},{"time":1.9667,"name":"gongji_fx_58_"},{"time":2.0333,"name":"gongji_fx_60_"},{"time":2.1,"name":null}]},"gongji_lizi":{"attachment":[{"time":0,"name":"gongji_lizi_00_"},{"time":0.1,"name":"gongji_lizi_03_"},{"time":0.2,"name":"gongji_lizi_06_"},{"time":0.3,"name":"gongji_lizi_09_"},{"time":0.4,"name":"gongji_lizi_12_"},{"time":0.5,"name":"gongji_lizi_15_"},{"time":0.6,"name":"gongji_lizi_18_"},{"time":0.7,"name":"gongji_lizi_21_"},{"time":0.8,"name":"gongji_lizi_24_"},{"time":0.9,"name":"gongji_lizi_27_"},{"time":1,"name":"gongji_lizi_30_"},{"time":1.1,"name":"gongji_lizi_33_"},{"time":1.2,"name":"gongji_lizi_36_"},{"time":1.3,"name":"gongji_lizi_39_"},{"time":1.4,"name":"gongji_lizi_42_"},{"time":1.5,"name":"gongji_lizi_45_"},{"time":1.6,"name":"gongji_lizi_48_"},{"time":1.7,"name":"gongji_lizi_51_"},{"time":1.8,"name":"gongji_lizi_54_"},{"time":1.9,"name":"gongji_lizi_57_"},{"time":2,"name":"gongji_lizi_60_"},{"time":2.1,"name":null}]},"huache_lizi01":{"attachment":[{"time":0,"name":"huache_lizi01_00_"},{"time":0.0667,"name":"huache_lizi01_02_"},{"time":0.1333,"name":"huache_lizi01_04_"},{"time":0.2,"name":"huache_lizi01_06_"},{"time":0.2667,"name":"huache_lizi01_08_"},{"time":0.3333,"name":"huache_lizi01_10_"},{"time":0.4,"name":"huache_lizi01_12_"},{"time":0.4667,"name":"huache_lizi01_14_"},{"time":0.5333,"name":"huache_lizi01_16_"},{"time":0.6,"name":"huache_lizi01_18_"},{"time":0.6667,"name":"huache_lizi01_20_"},{"time":0.7333,"name":"huache_lizi01_22_"},{"time":0.8,"name":"huache_lizi01_24_"},{"time":0.8667,"name":"huache_lizi01_26_"},{"time":0.9333,"name":"huache_lizi01_28_"},{"time":1,"name":"huache_lizi01_30_"},{"time":1.0667,"name":"huache_lizi01_32_"},{"time":1.1333,"name":"huache_lizi01_34_"},{"time":1.2,"name":"huache_lizi01_36_"},{"time":1.2667,"name":"huache_lizi01_38_"},{"time":1.3333,"name":"huache_lizi01_40_"},{"time":1.4,"name":"huache_lizi01_42_"},{"time":1.4667,"name":"huache_lizi01_44_"},{"time":1.5333,"name":"huache_lizi01_46_"},{"time":1.6,"name":"huache_lizi01_48_"},{"time":1.6667,"name":"huache_lizi01_50_"},{"time":1.7333,"name":"huache_lizi01_52_"},{"time":1.8,"name":"huache_lizi01_54_"},{"time":1.8667,"name":"huache_lizi01_56_"},{"time":1.9333,"name":"huache_lizi01_58_"},{"time":2,"name":"huache_lizi01_60_"},{"time":2.0667,"name":null}]},"huache_lizi1":{"attachment":[{"time":0,"name":"huache_lizi01_00_"},{"time":0.0667,"name":"huache_lizi01_02_"},{"time":0.1333,"name":"huache_lizi01_04_"},{"time":0.2,"name":"huache_lizi01_06_"},{"time":0.2667,"name":"huache_lizi01_08_"},{"time":0.3333,"name":"huache_lizi01_10_"},{"time":0.4,"name":"huache_lizi01_12_"},{"time":0.4667,"name":"huache_lizi01_14_"},{"time":0.5333,"name":"huache_lizi01_16_"},{"time":0.6,"name":"huache_lizi01_18_"},{"time":0.6667,"name":"huache_lizi01_20_"},{"time":0.7333,"name":"huache_lizi01_22_"},{"time":0.8,"name":"huache_lizi01_24_"},{"time":0.8667,"name":"huache_lizi01_26_"},{"time":0.9333,"name":"huache_lizi01_28_"},{"time":1,"name":"huache_lizi01_30_"},{"time":1.0667,"name":"huache_lizi01_32_"},{"time":1.1333,"name":"huache_lizi01_34_"},{"time":1.2,"name":"huache_lizi01_36_"},{"time":1.2667,"name":"huache_lizi01_38_"},{"time":1.3333,"name":"huache_lizi01_40_"},{"time":1.4,"name":"huache_lizi01_42_"},{"time":1.4667,"name":"huache_lizi01_44_"},{"time":1.5333,"name":"huache_lizi01_46_"},{"time":1.6,"name":"huache_lizi01_48_"},{"time":1.6667,"name":"huache_lizi01_50_"},{"time":1.7333,"name":"huache_lizi01_52_"},{"time":1.8,"name":"huache_lizi01_54_"},{"time":1.8667,"name":"huache_lizi01_56_"},{"time":1.9333,"name":"huache_lizi01_58_"},{"time":2,"name":"huache_lizi01_60_"},{"time":2.0667,"name":null}]},"huache_lizi2":{"attachment":[{"time":0,"name":"huache_lizi02_00_"},{"time":0.0667,"name":"huache_lizi02_02_"},{"time":0.1333,"name":"huache_lizi02_04_"},{"time":0.2,"name":"huache_lizi02_06_"},{"time":0.2667,"name":"huache_lizi02_08_"},{"time":0.3333,"name":"huache_lizi02_10_"},{"time":0.4,"name":"huache_lizi02_12_"},{"time":0.4667,"name":"huache_lizi02_14_"},{"time":0.5333,"name":"huache_lizi02_16_"},{"time":0.6,"name":"huache_lizi02_18_"},{"time":0.6667,"name":"huache_lizi02_20_"},{"time":0.7333,"name":"huache_lizi02_22_"},{"time":0.8,"name":"huache_lizi02_24_"},{"time":0.8667,"name":"huache_lizi02_26_"},{"time":0.9333,"name":"huache_lizi02_28_"},{"time":1,"name":"huache_lizi02_30_"},{"time":1.0667,"name":"huache_lizi02_32_"},{"time":1.1333,"name":"huache_lizi02_34_"},{"time":1.2,"name":"huache_lizi02_36_"},{"time":1.2667,"name":"huache_lizi02_38_"},{"time":1.3333,"name":"huache_lizi02_40_"},{"time":1.4,"name":"huache_lizi02_42_"},{"time":1.4667,"name":"huache_lizi02_44_"},{"time":1.5333,"name":"huache_lizi02_46_"},{"time":1.6,"name":"huache_lizi02_48_"},{"time":1.6667,"name":"huache_lizi02_50_"},{"time":1.7333,"name":"huache_lizi02_52_"},{"time":1.8,"name":"huache_lizi02_54_"},{"time":1.8667,"name":"huache_lizi02_56_"},{"time":1.9333,"name":"huache_lizi02_58_"},{"time":2,"name":"huache_lizi02_60_"},{"time":2.0667,"name":null}]},"huache_lizi3":{"attachment":[{"time":0,"name":"huache_lizi02_00_"},{"time":0.0667,"name":"huache_lizi02_02_"},{"time":0.1333,"name":"huache_lizi02_04_"},{"time":0.2,"name":"huache_lizi02_06_"},{"time":0.2667,"name":"huache_lizi02_08_"},{"time":0.3333,"name":"huache_lizi02_10_"},{"time":0.4,"name":"huache_lizi02_12_"},{"time":0.4667,"name":"huache_lizi02_14_"},{"time":0.5333,"name":"huache_lizi02_16_"},{"time":0.6,"name":"huache_lizi02_18_"},{"time":0.6667,"name":"huache_lizi02_20_"},{"time":0.7333,"name":"huache_lizi02_22_"},{"time":0.8,"name":"huache_lizi02_24_"},{"time":0.8667,"name":"huache_lizi02_26_"},{"time":0.9333,"name":"huache_lizi02_28_"},{"time":1,"name":"huache_lizi02_30_"},{"time":1.0667,"name":"huache_lizi02_32_"},{"time":1.1333,"name":"huache_lizi02_34_"},{"time":1.2,"name":"huache_lizi02_36_"},{"time":1.2667,"name":"huache_lizi02_38_"},{"time":1.3333,"name":"huache_lizi02_40_"},{"time":1.4,"name":"huache_lizi02_42_"},{"time":1.4667,"name":"huache_lizi02_44_"},{"time":1.5333,"name":"huache_lizi02_46_"},{"time":1.6,"name":"huache_lizi02_48_"},{"time":1.6667,"name":"huache_lizi02_50_"},{"time":1.7333,"name":"huache_lizi02_52_"},{"time":1.8,"name":"huache_lizi02_54_"},{"time":1.8667,"name":"huache_lizi02_56_"},{"time":1.9333,"name":"huache_lizi02_58_"},{"time":2,"name":"huache_lizi02_60_"},{"time":2.0667,"name":null}]}},"bones":{"chibang_glow1":{"translate":[{"time":0,"x":92.19,"y":-114.93}]},"chibang_glow2":{"translate":[{"time":0,"x":124.22,"y":-100.31}]}}}}}