{
"skeleton": { "hash": "S7igK2S276HgGyYWsgUxiEYkPYo", "spine": "2.1.27", "width": 0, "height": 0 },
"bones": [
	{ "name": "root" },
	{ "name": "bone", "parent": "root", "x": 0.5, "y": 75, "scaleX": 2, "scaleY": 2 }
],
"slots": [
	{ "name": "BE08_2_", "bone": "bone" },
	{ "name": "BE08_1_", "bone": "bone" },
	{ "name": "BE07_2_", "bone": "bone" },
	{ "name": "BE07_1_", "bone": "bone" },
	{ "name": "BE06_3_", "bone": "bone" },
	{ "name": "BE06_2_", "bone": "bone" },
	{ "name": "BE06_1_", "bone": "bone" },
	{ "name": "BE05_3_", "bone": "bone" },
	{ "name": "BE05_2_", "bone": "bone" },
	{ "name": "BE05_1_", "bone": "bone" },
	{ "name": "BE04_3_", "bone": "bone" },
	{ "name": "BE04_2_", "bone": "bone" },
	{ "name": "BE04_1_", "bone": "bone" },
	{ "name": "BE03_4_", "bone": "bone" },
	{ "name": "BE03_3_", "bone": "bone" },
	{ "name": "BE03_2_", "bone": "bone" },
	{ "name": "BE03_1_", "bone": "bone" },
	{ "name": "BE02_3_", "bone": "bone" },
	{ "name": "BE02_2_", "bone": "bone" },
	{ "name": "BE02_1_", "bone": "bone" },
	{ "name": "BE01_3_", "bone": "bone" },
	{ "name": "BE01_2_", "bone": "bone" },
	{ "name": "BE01_1_", "bone": "bone" }
],
"skins": {
	"default": {
		"BE01_1_": {
			"BE01_1_": { "x": 7.77, "y": 3.64, "width": 17, "height": 13 }
		},
		"BE01_2_": {
			"BE01_2_": { "x": 5.77, "y": -9.35, "width": 13, "height": 13 }
		},
		"BE01_3_": {
			"BE01_3_": { "x": 19.27, "y": -9.35, "width": 14, "height": 13 }
		},
		"BE02_1_": {
			"BE02_1_": { "x": 7.77, "y": 2.64, "width": 17, "height": 15 }
		},
		"BE02_2_": {
			"BE02_2_": { "x": 6.77, "y": -11.85, "width": 15, "height": 14 }
		},
		"BE02_3_": {
			"BE02_3_": { "x": 19.27, "y": -11.85, "width": 10, "height": 14 }
		},
		"BE03_1_": {
			"BE03_1_": { "x": 5.27, "y": 3.14, "width": 12, "height": 14 }
		},
		"BE03_2_": {
			"BE03_2_": { "x": 5.27, "y": -11.35, "width": 12, "height": 15 }
		},
		"BE03_3_": {
			"BE03_3_": { "x": 15.77, "y": -1.85, "width": 9, "height": 18 }
		},
		"BE03_4_": {
			"BE03_4_": { "x": 16.27, "y": -15.85, "width": 10, "height": 10 }
		},
		"BE04_1_": {
			"BE04_1_": { "x": 5.77, "y": -0.85, "width": 13, "height": 22 }
		},
		"BE04_2_": {
			"BE04_2_": { "x": 17.27, "y": -1.35, "width": 10, "height": 17 }
		},
		"BE04_3_": {
			"BE04_3_": { "x": 15.77, "y": -15.35, "width": 9, "height": 11 }
		},
		"BE05_1_": {
			"BE05_1_": { "x": 6.27, "y": 0.14, "width": 14, "height": 20 }
		},
		"BE05_2_": {
			"BE05_2_": { "x": 21.77, "y": 0.64, "width": 17, "height": 15 }
		},
		"BE05_3_": {
			"BE05_3_": { "x": 19.27, "y": -12.35, "width": 12, "height": 11 }
		},
		"BE06_1_": {
			"BE06_1_": { "x": 7.77, "y": -0.35, "width": 17, "height": 21 }
		},
		"BE06_2_": {
			"BE06_2_": { "x": 25.27, "y": 1.14, "width": 18, "height": 12 }
		},
		"BE06_3_": {
			"BE06_3_": { "x": 23.27, "y": -10.85, "width": 14, "height": 12 }
		},
		"BE07_1_": {
			"BE07_1_": { "x": 6.77, "y": -0.85, "width": 15, "height": 22 }
		},
		"BE07_2_": {
			"BE07_2_": { "x": 24.27, "y": -3.85, "width": 20, "height": 22 }
		},
		"BE08_1_": {
			"BE08_1_": { "x": 6.77, "y": -1.85, "width": 15, "height": 24 }
		},
		"BE08_2_": {
			"BE08_2_": { "x": 21.77, "y": -4.35, "width": 15, "height": 19 }
		}
	}
},
"animations": {
	"animation": {
		"slots": {
			"BE01_1_": {
				"attachment": [
					{ "time": 0, "name": "BE01_1_" },
					{ "time": 0.1666, "name": null },
					{ "time": 1.3333, "name": "BE01_1_" }
				]
			},
			"BE01_2_": {
				"attachment": [
					{ "time": 0, "name": "BE01_2_" },
					{ "time": 0.1666, "name": null },
					{ "time": 1.3333, "name": "BE01_2_" }
				]
			},
			"BE01_3_": {
				"attachment": [
					{ "time": 0, "name": "BE01_3_" },
					{ "time": 0.1666, "name": null },
					{ "time": 1.3333, "name": "BE01_3_" }
				]
			},
			"BE02_1_": {
				"attachment": [
					{ "time": 0, "name": null },
					{ "time": 0.1666, "name": "BE02_1_" },
					{ "time": 0.3333, "name": null },
					{ "time": 1.3333, "name": null }
				]
			},
			"BE02_2_": {
				"attachment": [
					{ "time": 0, "name": null },
					{ "time": 0.1666, "name": "BE02_2_" },
					{ "time": 0.3333, "name": null },
					{ "time": 1.3333, "name": null }
				]
			},
			"BE02_3_": {
				"attachment": [
					{ "time": 0, "name": null },
					{ "time": 0.1666, "name": "BE02_3_" },
					{ "time": 0.3333, "name": null },
					{ "time": 1.3333, "name": null }
				]
			},
			"BE03_1_": {
				"attachment": [
					{ "time": 0, "name": null },
					{ "time": 0.3333, "name": "BE03_1_" },
					{ "time": 0.5, "name": null },
					{ "time": 1.3333, "name": null }
				]
			},
			"BE03_2_": {
				"attachment": [
					{ "time": 0, "name": null },
					{ "time": 0.3333, "name": "BE03_2_" },
					{ "time": 0.5, "name": null },
					{ "time": 1.3333, "name": null }
				]
			},
			"BE03_3_": {
				"attachment": [
					{ "time": 0, "name": null },
					{ "time": 0.3333, "name": "BE03_3_" },
					{ "time": 0.5, "name": null },
					{ "time": 1.3333, "name": null }
				]
			},
			"BE03_4_": {
				"attachment": [
					{ "time": 0, "name": null },
					{ "time": 0.3333, "name": "BE03_4_" },
					{ "time": 0.5, "name": null },
					{ "time": 1.3333, "name": null }
				]
			},
			"BE04_1_": {
				"attachment": [
					{ "time": 0, "name": null },
					{ "time": 0.5, "name": "BE04_1_" },
					{ "time": 0.6666, "name": null },
					{ "time": 1.3333, "name": null }
				]
			},
			"BE04_2_": {
				"attachment": [
					{ "time": 0, "name": null },
					{ "time": 0.5, "name": "BE04_2_" },
					{ "time": 0.6666, "name": null },
					{ "time": 1.3333, "name": null }
				]
			},
			"BE04_3_": {
				"attachment": [
					{ "time": 0, "name": null },
					{ "time": 0.5, "name": "BE04_3_" },
					{ "time": 0.6666, "name": null },
					{ "time": 1.3333, "name": null }
				]
			},
			"BE05_1_": {
				"attachment": [
					{ "time": 0, "name": null },
					{ "time": 0.6666, "name": "BE05_1_" },
					{ "time": 0.8333, "name": null },
					{ "time": 1.3333, "name": null }
				]
			},
			"BE05_2_": {
				"attachment": [
					{ "time": 0, "name": null },
					{ "time": 0.6666, "name": "BE05_2_" },
					{ "time": 0.8333, "name": null },
					{ "time": 1.3333, "name": null }
				]
			},
			"BE05_3_": {
				"attachment": [
					{ "time": 0, "name": null },
					{ "time": 0.6666, "name": "BE05_3_" },
					{ "time": 0.8333, "name": null },
					{ "time": 1.3333, "name": null }
				]
			},
			"BE06_1_": {
				"attachment": [
					{ "time": 0, "name": null },
					{ "time": 0.8333, "name": "BE06_1_" },
					{ "time": 1, "name": null },
					{ "time": 1.3333, "name": null }
				]
			},
			"BE06_2_": {
				"attachment": [
					{ "time": 0, "name": null },
					{ "time": 0.8333, "name": "BE06_2_" },
					{ "time": 1, "name": null },
					{ "time": 1.3333, "name": null }
				]
			},
			"BE06_3_": {
				"attachment": [
					{ "time": 0, "name": null },
					{ "time": 0.8333, "name": "BE06_3_" },
					{ "time": 1, "name": null },
					{ "time": 1.3333, "name": null }
				]
			},
			"BE07_1_": {
				"attachment": [
					{ "time": 0, "name": null },
					{ "time": 1, "name": "BE07_1_" },
					{ "time": 1.1666, "name": null },
					{ "time": 1.3333, "name": null }
				]
			},
			"BE07_2_": {
				"attachment": [
					{ "time": 0, "name": null },
					{ "time": 1, "name": "BE07_2_" },
					{ "time": 1.1666, "name": null },
					{ "time": 1.3333, "name": null }
				]
			},
			"BE08_1_": {
				"attachment": [
					{ "time": 0, "name": null },
					{ "time": 1.1666, "name": "BE08_1_" },
					{ "time": 1.3333, "name": null }
				]
			},
			"BE08_2_": {
				"attachment": [
					{ "time": 0, "name": null },
					{ "time": 1.1666, "name": "BE08_2_" },
					{ "time": 1.3333, "name": null }
				]
			}
		}
	}
}
}