{
"skeleton": { "hash": "LHkxHBemWn6qp8Mz+s7I2rFHS84", "spine": "2.1.27", "width": 0, "height": 0 },
"bones": [
	{ "name": "root" },
	{ "name": "bone", "parent": "root", "x": 0.5, "y": 75, "scaleX": 2, "scaleY": 2 }
],
"slots": [
	{ "name": "BG_4_2_", "bone": "bone" },
	{ "name": "BG_4_1_", "bone": "bone" },
	{ "name": "BG_4_0_", "bone": "bone" },
	{ "name": "BG_3_3_", "bone": "bone" },
	{ "name": "BG_3_2_", "bone": "bone" },
	{ "name": "BG_3_1_", "bone": "bone" },
	{ "name": "BG_3_0_", "bone": "bone" },
	{ "name": "BG_2_3_", "bone": "bone" },
	{ "name": "BG_2_2_", "bone": "bone" },
	{ "name": "BG_2_1_", "bone": "bone" },
	{ "name": "BG_2_0_", "bone": "bone" },
	{ "name": "BG_1_2_", "bone": "bone" },
	{ "name": "BG_1_1_", "bone": "bone" },
	{ "name": "BG_1_0_", "bone": "bone" },
	{ "name": "BG_0_2_", "bone": "bone" },
	{ "name": "BG_0_1_", "bone": "bone" },
	{ "name": "BG_0_0_", "bone": "bone" }
],
"skins": {
	"default": {
		"BG_0_0_": {
			"BG_0_0_": { "x": 6.63, "y": 4.48, "width": 14, "height": 10 }
		},
		"BG_0_1_": {
			"BG_0_1_": { "x": 2.13, "y": -6.51, "width": 5, "height": 12 }
		},
		"BG_0_2_": {
			"BG_0_2_": { "x": 15.63, "y": -8.51, "width": 22, "height": 16 }
		},
		"BG_1_0_": {
			"BG_1_0_": { "x": 8.63, "y": 1.98, "width": 18, "height": 15 }
		},
		"BG_1_1_": {
			"BG_1_1_": { "x": 3.63, "y": -9.01, "width": 8, "height": 7 }
		},
		"BG_1_2_": {
			"BG_1_2_": { "x": 14.63, "y": -13.51, "width": 14, "height": 16 }
		},
		"BG_2_0_": {
			"BG_2_0_": { "x": 4.63, "y": -0.51, "width": 10, "height": 20 }
		},
		"BG_2_1_": {
			"BG_2_1_": { "x": 17.13, "y": -1.51, "width": 15, "height": 18 }
		},
		"BG_2_2_": {
			"BG_2_2_": { "x": 27.63, "y": -2.01, "width": 6, "height": 13 }
		},
		"BG_2_3_": {
			"BG_2_3_": { "x": 19.13, "y": -14.51, "width": 9, "height": 8 }
		},
		"BG_3_0_": {
			"BG_3_0_": { "x": 7.13, "y": -1.51, "width": 15, "height": 22 }
		},
		"BG_3_1_": {
			"BG_3_1_": { "x": 18.63, "y": -4.01, "width": 8, "height": 17 }
		},
		"BG_3_2_": {
			"BG_3_2_": { "x": 28.63, "y": 0.98, "width": 12, "height": 11 }
		},
		"BG_3_3_": {
			"BG_3_3_": { "x": 27.13, "y": -10.01, "width": 9, "height": 11 }
		},
		"BG_4_0_": {
			"BG_4_0_": { "x": 6.13, "y": -2.51, "width": 13, "height": 24 }
		},
		"BG_4_1_": {
			"BG_4_1_": { "x": 17.63, "y": -6.51, "width": 10, "height": 16 }
		},
		"BG_4_2_": {
			"BG_4_2_": { "x": 26.13, "y": -4.51, "width": 7, "height": 16 }
		}
	}
},
"animations": {
	"animation": {
		"slots": {
			"BG_0_0_": {
				"attachment": [
					{ "time": 0, "name": "BG_0_0_" },
					{ "time": 0.3333, "name": null },
					{ "time": 1.3333, "name": "BG_0_0_" }
				]
			},
			"BG_0_1_": {
				"attachment": [
					{ "time": 0, "name": "BG_0_1_" },
					{ "time": 0.3333, "name": null },
					{ "time": 1.3333, "name": "BG_0_1_" }
				]
			},
			"BG_0_2_": {
				"attachment": [
					{ "time": 0, "name": "BG_0_2_" },
					{ "time": 0.3333, "name": null },
					{ "time": 1.3333, "name": "BG_0_2_" }
				]
			},
			"BG_1_0_": {
				"attachment": [
					{ "time": 0, "name": null },
					{ "time": 0.3333, "name": "BG_1_0_" },
					{ "time": 0.6666, "name": null },
					{ "time": 1.3333, "name": null }
				]
			},
			"BG_1_1_": {
				"attachment": [
					{ "time": 0, "name": null },
					{ "time": 0.3333, "name": "BG_1_1_" },
					{ "time": 0.6666, "name": null },
					{ "time": 1.3333, "name": null }
				]
			},
			"BG_1_2_": {
				"attachment": [
					{ "time": 0, "name": null },
					{ "time": 0.3333, "name": "BG_1_2_" },
					{ "time": 0.6666, "name": null },
					{ "time": 1.3333, "name": null }
				]
			},
			"BG_2_0_": {
				"attachment": [
					{ "time": 0, "name": null },
					{ "time": 0.6666, "name": "BG_2_0_" },
					{ "time": 1, "name": null },
					{ "time": 1.3333, "name": null }
				]
			},
			"BG_2_1_": {
				"attachment": [
					{ "time": 0, "name": null },
					{ "time": 0.6666, "name": "BG_2_1_" },
					{ "time": 1, "name": null },
					{ "time": 1.3333, "name": null }
				]
			},
			"BG_2_2_": {
				"attachment": [
					{ "time": 0, "name": null },
					{ "time": 0.6666, "name": "BG_2_2_" },
					{ "time": 1, "name": null },
					{ "time": 1.3333, "name": null }
				]
			},
			"BG_2_3_": {
				"attachment": [
					{ "time": 0, "name": null },
					{ "time": 0.6666, "name": "BG_2_3_" },
					{ "time": 1, "name": null },
					{ "time": 1.3333, "name": null }
				]
			},
			"BG_3_0_": {
				"attachment": [
					{ "time": 0, "name": null },
					{ "time": 1, "name": "BG_3_0_" },
					{ "time": 1.1666, "name": null },
					{ "time": 1.3333, "name": null }
				]
			},
			"BG_3_1_": {
				"attachment": [
					{ "time": 0, "name": null },
					{ "time": 1, "name": "BG_3_1_" },
					{ "time": 1.1666, "name": null },
					{ "time": 1.3333, "name": null }
				]
			},
			"BG_3_2_": {
				"attachment": [
					{ "time": 0, "name": null },
					{ "time": 1, "name": "BG_3_2_" },
					{ "time": 1.1666, "name": null },
					{ "time": 1.3333, "name": null }
				]
			},
			"BG_3_3_": {
				"attachment": [
					{ "time": 0, "name": null },
					{ "time": 1, "name": "BG_3_3_" },
					{ "time": 1.1666, "name": null },
					{ "time": 1.3333, "name": null }
				]
			},
			"BG_4_0_": {
				"attachment": [
					{ "time": 0, "name": null },
					{ "time": 1.1666, "name": "BG_4_0_" },
					{ "time": 1.3333, "name": null }
				]
			},
			"BG_4_1_": {
				"attachment": [
					{ "time": 0, "name": null },
					{ "time": 1.1666, "name": "BG_4_1_" },
					{ "time": 1.3333, "name": null }
				]
			},
			"BG_4_2_": {
				"attachment": [
					{ "time": 0, "name": null },
					{ "time": 1.1666, "name": "BG_4_2_" },
					{ "time": 1.3333, "name": null }
				]
			}
		}
	}
}
}