{
"skeleton": { "hash": "rrkeNqhWQ6r6qgH5KgN0DsYQvxM", "spine": "2.1.27", "width": 0, "height": 0 },
"bones": [
	{ "name": "root" },
	{ "name": "bone", "parent": "root", "x": 0.5, "y": 75, "scaleX": 2, "scaleY": 2 }
],
"slots": [
	{ "name": "ca08_2_", "bone": "bone" },
	{ "name": "ca08_1_", "bone": "bone" },
	{ "name": "ca08_3_", "bone": "bone" },
	{ "name": "ca07_4_", "bone": "bone" },
	{ "name": "ca07_3_", "bone": "bone" },
	{ "name": "ca07_2_", "bone": "bone" },
	{ "name": "ca07_1_", "bone": "bone" },
	{ "name": "ca06_3_", "bone": "bone" },
	{ "name": "ca06_2_", "bone": "bone" },
	{ "name": "ca06_1_", "bone": "bone" },
	{ "name": "ca05_3_", "bone": "bone" },
	{ "name": "ca05_2_", "bone": "bone" },
	{ "name": "ca05_1_", "bone": "bone" },
	{ "name": "ca04_4_", "bone": "bone" },
	{ "name": "ca04_3_", "bone": "bone" },
	{ "name": "ca04_2_", "bone": "bone" },
	{ "name": "ca04_1_", "bone": "bone" },
	{ "name": "ca03_4_", "bone": "bone" },
	{ "name": "ca03_2_", "bone": "bone" },
	{ "name": "ca03_1_", "bone": "bone" },
	{ "name": "ca02_3_", "bone": "bone" },
	{ "name": "ca02_2_", "bone": "bone" },
	{ "name": "ca02_1_", "bone": "bone" },
	{ "name": "ca01_3_", "bone": "bone" },
	{ "name": "ca01_2_", "bone": "bone" },
	{ "name": "ca01_1_", "bone": "bone" }
],
"skins": {
	"default": {
		"ca01_1_": {
			"ca01_1_": { "x": 8.19, "y": 2.04, "width": 17, "height": 13 }
		},
		"ca01_2_": {
			"ca01_2_": { "x": 7.19, "y": -10.95, "width": 15, "height": 13 }
		},
		"ca01_3_": {
			"ca01_3_": { "x": 20.69, "y": -10.95, "width": 12, "height": 13 }
		},
		"ca02_1_": {
			"ca02_1_": { "x": 8.19, "y": 1.54, "width": 17, "height": 14 }
		},
		"ca02_2_": {
			"ca02_2_": { "x": 6.69, "y": -12.95, "width": 14, "height": 15 }
		},
		"ca02_3_": {
			"ca02_3_": { "x": 19.19, "y": -12.95, "width": 11, "height": 15 }
		},
		"ca03_1_": {
			"ca03_1_": { "x": 4.69, "y": -2.95, "width": 10, "height": 23 }
		},
		"ca03_2_": {
			"ca03_2_": { "x": 15.19, "y": -3.45, "width": 11, "height": 18 }
		},
		"ca03_4_": {
			"ca03_4_": { "x": 15.19, "y": -17.45, "width": 13, "height": 10 }
		},
		"ca04_1_": {
			"ca04_1_": { "x": 6.19, "y": 2.04, "width": 13, "height": 13 }
		},
		"ca04_2_": {
			"ca04_2_": { "x": 6.19, "y": -9.45, "width": 13, "height": 10 }
		},
		"ca04_3_": {
			"ca04_3_": { "x": 17.69, "y": -1.95, "width": 10, "height": 15 }
		},
		"ca04_4_": {
			"ca04_4_": { "x": 17.19, "y": -15.95, "width": 9, "height": 13 }
		},
		"ca05_1_": {
			"ca05_1_": { "x": 7.19, "y": -1.45, "width": 15, "height": 20 }
		},
		"ca05_2_": {
			"ca05_2_": { "x": 22.69, "y": 0.04, "width": 16, "height": 13 }
		},
		"ca05_3_": {
			"ca05_3_": { "x": 21.19, "y": -12.95, "width": 13, "height": 13 }
		},
		"ca06_1_": {
			"ca06_1_": { "x": 7.69, "y": -1.95, "width": 16, "height": 21 }
		},
		"ca06_2_": {
			"ca06_2_": { "x": 25.19, "y": 0.04, "width": 19, "height": 11 }
		},
		"ca06_3_": {
			"ca06_3_": { "x": 23.69, "y": -11.95, "width": 16, "height": 13 }
		},
		"ca07_1_": {
			"ca07_1_": { "x": 8.19, "y": 1.54, "width": 17, "height": 14 }
		},
		"ca07_2_": {
			"ca07_2_": { "x": 25.69, "y": 0.04, "width": 18, "height": 11 }
		},
		"ca07_3_": {
			"ca07_3_": { "x": 24.19, "y": -10.95, "width": 15, "height": 11 }
		},
		"ca07_4_": {
			"ca07_4_": { "x": 8.19, "y": -9.45, "width": 17, "height": 8 }
		},
		"ca08_1_": {
			"ca08_1_": { "x": 7.69, "y": 3.54, "width": 16, "height": 10 }
		},
		"ca08_2_": {
			"ca08_2_": { "x": 22.69, "y": -5.45, "width": 14, "height": 18 }
		},
		"ca08_3_": {
			"ca08_3_": { "x": 7.69, "y": -8.45, "width": 16, "height": 14 }
		}
	}
},
"animations": {
	"animation": {
		"slots": {
			"ca01_1_": {
				"attachment": [
					{ "time": 0, "name": "ca01_1_" },
					{ "time": 0.1666, "name": null },
					{ "time": 1.3333, "name": "ca01_1_" }
				]
			},
			"ca01_2_": {
				"attachment": [
					{ "time": 0, "name": "ca01_2_" },
					{ "time": 0.1666, "name": null },
					{ "time": 1.3333, "name": "ca01_2_" }
				]
			},
			"ca01_3_": {
				"attachment": [
					{ "time": 0, "name": "ca01_3_" },
					{ "time": 0.1666, "name": null },
					{ "time": 1.3333, "name": "ca01_3_" }
				]
			},
			"ca02_1_": {
				"attachment": [
					{ "time": 0, "name": null },
					{ "time": 0.1666, "name": "ca02_1_" },
					{ "time": 0.3333, "name": null },
					{ "time": 1.3333, "name": null }
				]
			},
			"ca02_2_": {
				"attachment": [
					{ "time": 0, "name": null },
					{ "time": 0.1666, "name": "ca02_2_" },
					{ "time": 0.3333, "name": null },
					{ "time": 1.3333, "name": null }
				]
			},
			"ca02_3_": {
				"attachment": [
					{ "time": 0, "name": null },
					{ "time": 0.1666, "name": "ca02_3_" },
					{ "time": 0.3333, "name": null },
					{ "time": 1.3333, "name": null }
				]
			},
			"ca03_1_": {
				"attachment": [
					{ "time": 0, "name": null },
					{ "time": 0.3333, "name": "ca03_1_" },
					{ "time": 0.5, "name": null },
					{ "time": 1.3333, "name": null }
				]
			},
			"ca03_2_": {
				"attachment": [
					{ "time": 0, "name": null },
					{ "time": 0.3333, "name": "ca03_2_" },
					{ "time": 0.5, "name": null },
					{ "time": 1.3333, "name": null }
				]
			},
			"ca03_4_": {
				"attachment": [
					{ "time": 0, "name": null },
					{ "time": 0.3333, "name": "ca03_4_" },
					{ "time": 0.5, "name": null },
					{ "time": 1.3333, "name": null }
				]
			},
			"ca04_1_": {
				"attachment": [
					{ "time": 0, "name": null },
					{ "time": 0.5, "name": "ca04_1_" },
					{ "time": 0.6666, "name": null },
					{ "time": 1.3333, "name": null }
				]
			},
			"ca04_2_": {
				"attachment": [
					{ "time": 0, "name": null },
					{ "time": 0.5, "name": "ca04_2_" },
					{ "time": 0.6666, "name": null },
					{ "time": 1.3333, "name": null }
				]
			},
			"ca04_3_": {
				"attachment": [
					{ "time": 0, "name": null },
					{ "time": 0.5, "name": "ca04_3_" },
					{ "time": 0.6666, "name": null },
					{ "time": 1.3333, "name": null }
				]
			},
			"ca04_4_": {
				"attachment": [
					{ "time": 0, "name": null },
					{ "time": 0.5, "name": "ca04_4_" },
					{ "time": 0.6666, "name": null },
					{ "time": 1.3333, "name": null }
				]
			},
			"ca05_1_": {
				"attachment": [
					{ "time": 0, "name": null },
					{ "time": 0.6666, "name": "ca05_1_" },
					{ "time": 0.8333, "name": null },
					{ "time": 1.3333, "name": null }
				]
			},
			"ca05_2_": {
				"attachment": [
					{ "time": 0, "name": null },
					{ "time": 0.6666, "name": "ca05_2_" },
					{ "time": 0.8333, "name": null },
					{ "time": 1.3333, "name": null }
				]
			},
			"ca05_3_": {
				"attachment": [
					{ "time": 0, "name": null },
					{ "time": 0.6666, "name": "ca05_3_" },
					{ "time": 0.8333, "name": null },
					{ "time": 1.3333, "name": null }
				]
			},
			"ca06_1_": {
				"attachment": [
					{ "time": 0, "name": null },
					{ "time": 0.8333, "name": "ca06_1_" },
					{ "time": 1, "name": null },
					{ "time": 1.3333, "name": null }
				]
			},
			"ca06_2_": {
				"attachment": [
					{ "time": 0, "name": null },
					{ "time": 0.8333, "name": "ca06_2_" },
					{ "time": 1, "name": null },
					{ "time": 1.3333, "name": null }
				]
			},
			"ca06_3_": {
				"attachment": [
					{ "time": 0, "name": null },
					{ "time": 0.8333, "name": "ca06_3_" },
					{ "time": 1, "name": null },
					{ "time": 1.3333, "name": null }
				]
			},
			"ca07_1_": {
				"attachment": [
					{ "time": 0, "name": null },
					{ "time": 1, "name": "ca07_1_" },
					{ "time": 1.1666, "name": null },
					{ "time": 1.3333, "name": null }
				]
			},
			"ca07_2_": {
				"attachment": [
					{ "time": 0, "name": null },
					{ "time": 1, "name": "ca07_2_" },
					{ "time": 1.1666, "name": null },
					{ "time": 1.3333, "name": null }
				]
			},
			"ca07_3_": {
				"attachment": [
					{ "time": 0, "name": null },
					{ "time": 1, "name": "ca07_3_" },
					{ "time": 1.1666, "name": null },
					{ "time": 1.3333, "name": null }
				]
			},
			"ca07_4_": {
				"attachment": [
					{ "time": 0, "name": null },
					{ "time": 1, "name": "ca07_4_" },
					{ "time": 1.1666, "name": null },
					{ "time": 1.3333, "name": null }
				]
			},
			"ca08_1_": {
				"attachment": [
					{ "time": 0, "name": null },
					{ "time": 1.1666, "name": "ca08_1_" },
					{ "time": 1.3333, "name": null }
				]
			},
			"ca08_2_": {
				"attachment": [
					{ "time": 0, "name": null },
					{ "time": 1.1666, "name": "ca08_2_" },
					{ "time": 1.3333, "name": null }
				]
			},
			"ca08_3_": {
				"attachment": [
					{ "time": 0, "name": null },
					{ "time": 1.1666, "name": "ca08_3_" },
					{ "time": 1.3333, "name": null }
				]
			}
		}
	}
}
}