{
"skeleton": { "hash": "sNovQVSm/NcLOvaVh0vsdxuWZwA", "spine": "2.1.27", "width": 0, "height": 0 },
"bones": [
	{ "name": "root" },
	{ "name": "bone", "parent": "root", "x": 0.5, "y": 75, "scaleX": 2, "scaleY": 2 }
],
"slots": [
	{ "name": "HK_7_3_", "bone": "bone" },
	{ "name": "HK_7_2_", "bone": "bone" },
	{ "name": "HK_7_1_", "bone": "bone" },
	{ "name": "HK_7_0_", "bone": "bone" },
	{ "name": "HK_6_3_", "bone": "bone" },
	{ "name": "HK_6_2_", "bone": "bone" },
	{ "name": "HK_6_1_", "bone": "bone" },
	{ "name": "HK_6_0_", "bone": "bone" },
	{ "name": "HK_5_3_", "bone": "bone" },
	{ "name": "HK_5_2_", "bone": "bone" },
	{ "name": "HK_5_1_", "bone": "bone" },
	{ "name": "HK_5_0_", "bone": "bone" },
	{ "name": "HK_4_3_", "bone": "bone" },
	{ "name": "HK_4_2_", "bone": "bone" },
	{ "name": "HK_4_1_", "bone": "bone" },
	{ "name": "HK_4_0_", "bone": "bone" },
	{ "name": "HK_3_2_", "bone": "bone" },
	{ "name": "HK_3_1_", "bone": "bone" },
	{ "name": "HK_3_0_", "bone": "bone" },
	{ "name": "HK_2_3_", "bone": "bone" },
	{ "name": "HK_2_2_", "bone": "bone" },
	{ "name": "HK_2_1_", "bone": "bone" },
	{ "name": "HK_2_0_", "bone": "bone" },
	{ "name": "HK_1_3_", "bone": "bone" },
	{ "name": "HK_1_2_", "bone": "bone" },
	{ "name": "HK_1_1_", "bone": "bone" },
	{ "name": "HK_1_0_", "bone": "bone" },
	{ "name": "HK_0_4_", "bone": "bone" },
	{ "name": "HK_0_3_", "bone": "bone" },
	{ "name": "HK_0_2_", "bone": "bone" },
	{ "name": "HK_0_1_", "bone": "bone" },
	{ "name": "HK_0_0_", "bone": "bone" }
],
"skins": {
	"default": {
		"HK_0_0_": {
			"HK_0_0_": { "x": 2.25, "y": -1.19, "width": 5, "height": 21 }
		},
		"HK_0_1_": {
			"HK_0_1_": { "x": 9.25, "y": 3.8, "width": 9, "height": 9 }
		},
		"HK_0_2_": {
			"HK_0_2_": { "x": 9.25, "y": -8.69, "width": 9, "height": 16 }
		},
		"HK_0_3_": {
			"HK_0_3_": { "x": 15.75, "y": -3.19, "width": 4, "height": 3 }
		},
		"HK_0_4_": {
			"HK_0_4_": { "x": 20.25, "y": -10.69, "width": 13, "height": 12 }
		},
		"HK_1_0_": {
			"HK_1_0_": { "x": 7.25, "y": -0.19, "width": 15, "height": 19 }
		},
		"HK_1_1_": {
			"HK_1_1_": { "x": 16.75, "y": -5.69, "width": 4, "height": 4 }
		},
		"HK_1_2_": {
			"HK_1_2_": { "x": 19.75, "y": -13.69, "width": 10, "height": 12 }
		},
		"HK_1_3_": {
			"HK_1_3_": { "x": 7.75, "y": -14.69, "width": 14, "height": 10 }
		},
		"HK_2_0_": {
			"HK_2_0_": { "x": 8.75, "y": 1.8, "width": 18, "height": 15 }
		},
		"HK_2_1_": {
			"HK_2_1_": { "x": 9.75, "y": -8.69, "width": 20, "height": 6 }
		},
		"HK_2_2_": {
			"HK_2_2_": { "x": 13.75, "y": -13.69, "width": 16, "height": 4 }
		},
		"HK_2_3_": {
			"HK_2_3_": { "x": 15.25, "y": -18.69, "width": 13, "height": 6 }
		},
		"HK_3_0_": {
			"HK_3_0_": { "x": 5.25, "y": -1.19, "width": 11, "height": 21 }
		},
		"HK_3_1_": {
			"HK_3_1_": { "x": 16.75, "y": -2.69, "width": 12, "height": 18 }
		},
		"HK_3_2_": {
			"HK_3_2_": { "x": 16.25, "y": -16.69, "width": 9, "height": 10 }
		},
		"HK_4_0_": {
			"HK_4_0_": { "x": 3.75, "y": -0.69, "width": 8, "height": 20 }
		},
		"HK_4_1_": {
			"HK_4_1_": { "x": 17.25, "y": -2.19, "width": 19, "height": 17 }
		},
		"HK_4_2_": {
			"HK_4_2_": { "x": 28.75, "y": -1.69, "width": 4, "height": 10 }
		},
		"HK_4_3_": {
			"HK_4_3_": { "x": 19.25, "y": -14.69, "width": 9, "height": 8 }
		},
		"HK_5_0_": {
			"HK_5_0_": { "x": 4.75, "y": -0.69, "width": 10, "height": 20 }
		},
		"HK_5_1_": {
			"HK_5_1_": { "x": 19.75, "y": -2.69, "width": 20, "height": 18 }
		},
		"HK_5_2_": {
			"HK_5_2_": { "x": 32.25, "y": -1.19, "width": 5, "height": 11 }
		},
		"HK_5_3_": {
			"HK_5_3_": { "x": 23.25, "y": -14.69, "width": 7, "height": 6 }
		},
		"HK_6_0_": {
			"HK_6_0_": { "x": 5.25, "y": -1.69, "width": 11, "height": 22 }
		},
		"HK_6_1_": {
			"HK_6_1_": { "x": 16.25, "y": -4.19, "width": 11, "height": 17 }
		},
		"HK_6_2_": {
			"HK_6_2_": { "x": 28.25, "y": -2.69, "width": 13, "height": 18 }
		},
		"HK_6_3_": {
			"HK_6_3_": { "x": 26.25, "y": -13.69, "width": 7, "height": 4 }
		},
		"HK_7_0_": {
			"HK_7_0_": { "x": 3.75, "y": -2.69, "width": 8, "height": 24 }
		},
		"HK_7_1_": {
			"HK_7_1_": { "x": 11.25, "y": 3.8, "width": 7, "height": 7 }
		},
		"HK_7_2_": {
			"HK_7_2_": { "x": 14.25, "y": -7.19, "width": 13, "height": 15 }
		},
		"HK_7_3_": {
			"HK_7_3_": { "x": 25.25, "y": -4.19, "width": 9, "height": 17 }
		}
	}
},
"animations": {
	"animation": {
		"slots": {
			"HK_0_0_": {
				"attachment": [
					{ "time": 0, "name": "HK_0_0_" },
					{ "time": 0.1666, "name": null },
					{ "time": 1.3333, "name": "HK_0_0_" }
				]
			},
			"HK_0_1_": {
				"attachment": [
					{ "time": 0, "name": "HK_0_1_" },
					{ "time": 0.1666, "name": null },
					{ "time": 1.3333, "name": "HK_0_1_" }
				]
			},
			"HK_0_2_": {
				"attachment": [
					{ "time": 0, "name": "HK_0_2_" },
					{ "time": 0.1666, "name": null },
					{ "time": 1.3333, "name": "HK_0_2_" }
				]
			},
			"HK_0_3_": {
				"attachment": [
					{ "time": 0, "name": "HK_0_3_" },
					{ "time": 0.1666, "name": null },
					{ "time": 1.3333, "name": "HK_0_3_" }
				]
			},
			"HK_0_4_": {
				"attachment": [
					{ "time": 0, "name": "HK_0_4_" },
					{ "time": 0.1666, "name": null },
					{ "time": 1.3333, "name": "HK_0_4_" }
				]
			},
			"HK_1_0_": {
				"attachment": [
					{ "time": 0, "name": null },
					{ "time": 0.1666, "name": "HK_1_0_" },
					{ "time": 0.3333, "name": null },
					{ "time": 1.3333, "name": null }
				]
			},
			"HK_1_1_": {
				"attachment": [
					{ "time": 0, "name": null },
					{ "time": 0.1666, "name": "HK_1_1_" },
					{ "time": 0.3333, "name": null },
					{ "time": 1.3333, "name": null }
				]
			},
			"HK_1_2_": {
				"attachment": [
					{ "time": 0, "name": null },
					{ "time": 0.1666, "name": "HK_1_2_" },
					{ "time": 0.3333, "name": null },
					{ "time": 1.3333, "name": null }
				]
			},
			"HK_1_3_": {
				"attachment": [
					{ "time": 0, "name": null },
					{ "time": 0.1666, "name": "HK_1_3_" },
					{ "time": 0.3333, "name": null },
					{ "time": 1.3333, "name": null }
				]
			},
			"HK_2_0_": {
				"attachment": [
					{ "time": 0, "name": null },
					{ "time": 0.3333, "name": "HK_2_0_" },
					{ "time": 0.5, "name": null },
					{ "time": 1.3333, "name": null }
				]
			},
			"HK_2_1_": {
				"attachment": [
					{ "time": 0, "name": null },
					{ "time": 0.3333, "name": "HK_2_1_" },
					{ "time": 0.5, "name": null },
					{ "time": 1.3333, "name": null }
				]
			},
			"HK_2_2_": {
				"attachment": [
					{ "time": 0, "name": null },
					{ "time": 0.3333, "name": "HK_2_2_" },
					{ "time": 0.5, "name": null },
					{ "time": 1.3333, "name": null }
				]
			},
			"HK_2_3_": {
				"attachment": [
					{ "time": 0, "name": null },
					{ "time": 0.3333, "name": "HK_2_3_" },
					{ "time": 0.5, "name": null },
					{ "time": 1.3333, "name": null }
				]
			},
			"HK_3_0_": {
				"attachment": [
					{ "time": 0, "name": null },
					{ "time": 0.5, "name": "HK_3_0_" },
					{ "time": 0.6666, "name": null },
					{ "time": 1.3333, "name": null }
				]
			},
			"HK_3_1_": {
				"attachment": [
					{ "time": 0, "name": null },
					{ "time": 0.5, "name": "HK_3_1_" },
					{ "time": 0.6666, "name": null },
					{ "time": 1.3333, "name": null }
				]
			},
			"HK_3_2_": {
				"attachment": [
					{ "time": 0, "name": null },
					{ "time": 0.5, "name": "HK_3_2_" },
					{ "time": 0.6666, "name": null },
					{ "time": 1.3333, "name": null }
				]
			},
			"HK_4_0_": {
				"attachment": [
					{ "time": 0, "name": null },
					{ "time": 0.6666, "name": "HK_4_0_" },
					{ "time": 0.8333, "name": null },
					{ "time": 1.3333, "name": null }
				]
			},
			"HK_4_1_": {
				"attachment": [
					{ "time": 0, "name": null },
					{ "time": 0.6666, "name": "HK_4_1_" },
					{ "time": 0.8333, "name": null },
					{ "time": 1.3333, "name": null }
				]
			},
			"HK_4_2_": {
				"attachment": [
					{ "time": 0, "name": null },
					{ "time": 0.6666, "name": "HK_4_2_" },
					{ "time": 0.8333, "name": null },
					{ "time": 1.3333, "name": null }
				]
			},
			"HK_4_3_": {
				"attachment": [
					{ "time": 0, "name": null },
					{ "time": 0.6666, "name": "HK_4_3_" },
					{ "time": 0.8333, "name": null },
					{ "time": 1.3333, "name": null }
				]
			},
			"HK_5_0_": {
				"attachment": [
					{ "time": 0, "name": null },
					{ "time": 0.8333, "name": "HK_5_0_" },
					{ "time": 1, "name": null },
					{ "time": 1.3333, "name": null }
				]
			},
			"HK_5_1_": {
				"attachment": [
					{ "time": 0, "name": null },
					{ "time": 0.8333, "name": "HK_5_1_" },
					{ "time": 1, "name": null },
					{ "time": 1.3333, "name": null }
				]
			},
			"HK_5_2_": {
				"attachment": [
					{ "time": 0, "name": null },
					{ "time": 0.8333, "name": "HK_5_2_" },
					{ "time": 1, "name": null },
					{ "time": 1.3333, "name": null }
				]
			},
			"HK_5_3_": {
				"attachment": [
					{ "time": 0, "name": null },
					{ "time": 0.8333, "name": "HK_5_3_" },
					{ "time": 1, "name": null },
					{ "time": 1.3333, "name": null }
				]
			},
			"HK_6_0_": {
				"attachment": [
					{ "time": 0, "name": null },
					{ "time": 1, "name": "HK_6_0_" },
					{ "time": 1.1666, "name": null },
					{ "time": 1.3333, "name": null }
				]
			},
			"HK_6_1_": {
				"attachment": [
					{ "time": 0, "name": null },
					{ "time": 1, "name": "HK_6_1_" },
					{ "time": 1.1666, "name": null },
					{ "time": 1.3333, "name": null }
				]
			},
			"HK_6_2_": {
				"attachment": [
					{ "time": 0, "name": null },
					{ "time": 1, "name": "HK_6_2_" },
					{ "time": 1.1666, "name": null },
					{ "time": 1.3333, "name": null }
				]
			},
			"HK_6_3_": {
				"attachment": [
					{ "time": 0, "name": null },
					{ "time": 1, "name": "HK_6_3_" },
					{ "time": 1.1666, "name": null },
					{ "time": 1.3333, "name": null }
				]
			},
			"HK_7_0_": {
				"attachment": [
					{ "time": 0, "name": null },
					{ "time": 1.1666, "name": "HK_7_0_" },
					{ "time": 1.3333, "name": null }
				]
			},
			"HK_7_1_": {
				"attachment": [
					{ "time": 0, "name": null },
					{ "time": 1.1666, "name": "HK_7_1_" },
					{ "time": 1.3333, "name": null }
				]
			},
			"HK_7_2_": {
				"attachment": [
					{ "time": 0, "name": null },
					{ "time": 1.1666, "name": "HK_7_2_" },
					{ "time": 1.3333, "name": null }
				]
			},
			"HK_7_3_": {
				"attachment": [
					{ "time": 0, "name": null },
					{ "time": 1.1666, "name": "HK_7_3_" },
					{ "time": 1.3333, "name": null }
				]
			}
		}
	}
}
}