{
"skeleton": { "hash": "rPLs5TrIazbXAOzRtv1EZktryOw", "spine": "2.1.27", "width": 0, "height": 0 },
"bones": [
	{ "name": "root", "x": 0.8 },
	{ "name": "bone", "parent": "root", "x": 0.5, "y": 75 }
],
"slots": [
	{ "name": "IN08_6_", "bone": "bone" },
	{ "name": "IN08_5_", "bone": "bone" },
	{ "name": "IN08_4_", "bone": "bone" },
	{ "name": "IN08_3_", "bone": "bone" },
	{ "name": "IN08_2_", "bone": "bone" },
	{ "name": "IN08_1_", "bone": "bone" },
	{ "name": "IN07_6_", "bone": "bone" },
	{ "name": "IN07_5_", "bone": "bone" },
	{ "name": "IN07_4_", "bone": "bone" },
	{ "name": "IN07_3_", "bone": "bone" },
	{ "name": "IN07_2_", "bone": "bone" },
	{ "name": "IN07_1_", "bone": "bone" },
	{ "name": "IN06_5_", "bone": "bone" },
	{ "name": "IN06_4_", "bone": "bone" },
	{ "name": "IN06_3_", "bone": "bone" },
	{ "name": "IN06_2_", "bone": "bone" },
	{ "name": "IN06_1_", "bone": "bone" },
	{ "name": "IN05_4_", "bone": "bone" },
	{ "name": "IN05_3_", "bone": "bone" },
	{ "name": "IN05_2_", "bone": "bone" },
	{ "name": "IN05_1_", "bone": "bone" },
	{ "name": "IN04_4_", "bone": "bone" },
	{ "name": "IN04_3_", "bone": "bone" },
	{ "name": "IN04_2_", "bone": "bone" },
	{ "name": "IN04_1_", "bone": "bone" },
	{ "name": "IN03_4_", "bone": "bone" },
	{ "name": "IN03_3_", "bone": "bone" },
	{ "name": "IN03_2_", "bone": "bone" },
	{ "name": "IN03_1_", "bone": "bone" },
	{ "name": "IN02_3_", "bone": "bone" },
	{ "name": "IN02_2_", "bone": "bone" },
	{ "name": "IN02_1_", "bone": "bone" },
	{ "name": "IN01_4_", "bone": "bone" },
	{ "name": "IN01_3_", "bone": "bone" },
	{ "name": "IN01_2_", "bone": "bone" },
	{ "name": "IN01_1_", "bone": "bone" }
],
"skins": {
	"default": {
		"IN01_1_": {
			"IN01_1_": { "x": 12.42, "y": 3.48, "width": 27, "height": 28 }
		},
		"IN01_2_": {
			"IN01_2_": { "x": 12.42, "y": -23.01, "width": 27, "height": 25 }
		},
		"IN01_3_": {
			"IN01_3_": { "x": 32.42, "y": -7.01, "width": 13, "height": 11 }
		},
		"IN01_4_": {
			"IN01_4_": { "x": 38.92, "y": -23.51, "width": 26, "height": 24 }
		},
		"IN02_1_": {
			"IN02_1_": { "x": 13.92, "y": 3.98, "width": 30, "height": 27 }
		},
		"IN02_2_": {
			"IN02_2_": { "x": 10.42, "y": -24.01, "width": 23, "height": 29 }
		},
		"IN02_3_": {
			"IN02_3_": { "x": 34.92, "y": -22.51, "width": 26, "height": 34 }
		},
		"IN03_1_": {
			"IN03_1_": { "x": 11.92, "y": 2.48, "width": 26, "height": 30 }
		},
		"IN03_2_": {
			"IN03_2_": { "x": 8.42, "y": -21.51, "width": 19, "height": 18 }
		},
		"IN03_3_": {
			"IN03_3_": { "x": 29.92, "y": -1.51, "width": 10, "height": 22 }
		},
		"IN03_4_": {
			"IN03_4_": { "x": 29.92, "y": -28.01, "width": 26, "height": 31 }
		},
		"IN04_1_": {
			"IN04_1_": { "x": 11.42, "y": 2.98, "width": 25, "height": 29 }
		},
		"IN04_2_": {
			"IN04_2_": { "x": 11.42, "y": -19.01, "width": 25, "height": 15 }
		},
		"IN04_3_": {
			"IN04_3_": { "x": 34.92, "y": -3.01, "width": 22, "height": 29 }
		},
		"IN04_4_": {
			"IN04_4_": { "x": 32.92, "y": -31.01, "width": 18, "height": 27 }
		},
		"IN05_1_": {
			"IN05_1_": { "x": 11.92, "y": 4.98, "width": 26, "height": 25 }
		},
		"IN05_2_": {
			"IN05_2_": { "x": 11.92, "y": -15.01, "width": 26, "height": 15 }
		},
		"IN05_3_": {
			"IN05_3_": { "x": 42.92, "y": -1.01, "width": 36, "height": 27 }
		},
		"IN05_4_": {
			"IN05_4_": { "x": 38.92, "y": -27.01, "width": 28, "height": 25 }
		},
		"IN06_1_": {
			"IN06_1_": { "x": 13.42, "y": 4.48, "width": 29, "height": 26 }
		},
		"IN06_2_": {
			"IN06_2_": { "x": 13.42, "y": -16.01, "width": 29, "height": 15 }
		},
		"IN06_3_": {
			"IN06_3_": { "x": 37.92, "y": 0.98, "width": 20, "height": 21 }
		},
		"IN06_4_": {
			"IN06_4_": { "x": 58.42, "y": 0.98, "width": 21, "height": 21 }
		},
		"IN06_5_": {
			"IN06_5_": { "x": 45.42, "y": -23.01, "width": 35, "height": 27 }
		},
		"IN07_1_": {
			"IN07_1_": { "x": 13.92, "y": 3.98, "width": 30, "height": 27 }
		},
		"IN07_2_": {
			"IN07_2_": { "x": 13.92, "y": -18.01, "width": 30, "height": 17 }
		},
		"IN07_3_": {
			"IN07_3_": { "x": 39.42, "y": -0.51, "width": 21, "height": 20 }
		},
		"IN07_4_": {
			"IN07_4_": { "x": 39.42, "y": -19.01, "width": 21, "height": 17 }
		},
		"IN07_5_": {
			"IN07_5_": { "x": 59.42, "y": -0.51, "width": 19, "height": 22 }
		},
		"IN07_6_": {
			"IN07_6_": { "x": 56.42, "y": -22.51, "width": 13, "height": 22 }
		},
		"IN08_1_": {
			"IN08_1_": { "x": 11.42, "y": 2.48, "width": 25, "height": 30 }
		},
		"IN08_2_": {
			"IN08_2_": { "x": 11.42, "y": -21.51, "width": 25, "height": 18 }
		},
		"IN08_3_": {
			"IN08_3_": { "x": 32.92, "y": -6.51, "width": 18, "height": 20 }
		},
		"IN08_4_": {
			"IN08_4_": { "x": 32.92, "y": -23.51, "width": 18, "height": 14 }
		},
		"IN08_5_": {
			"IN08_5_": { "x": 49.92, "y": -2.01, "width": 16, "height": 17 }
		},
		"IN08_6_": {
			"IN08_6_": { "x": 50.92, "y": -18.51, "width": 18, "height": 16 }
		}
	}
},
"animations": {
	"animation": {
		"slots": {
			"IN01_1_": {
				"attachment": [
					{ "time": 0, "name": "IN01_1_" },
					{ "time": 0.1666, "name": null },
					{ "time": 1.3333, "name": "IN01_1_" }
				]
			},
			"IN01_2_": {
				"attachment": [
					{ "time": 0, "name": "IN01_2_" },
					{ "time": 0.1666, "name": null },
					{ "time": 1.3333, "name": "IN01_2_" }
				]
			},
			"IN01_3_": {
				"attachment": [
					{ "time": 0, "name": "IN01_3_" },
					{ "time": 0.1666, "name": null },
					{ "time": 1.3333, "name": "IN01_3_" }
				]
			},
			"IN01_4_": {
				"attachment": [
					{ "time": 0, "name": "IN01_4_" },
					{ "time": 0.1666, "name": null },
					{ "time": 1.3333, "name": "IN01_4_" }
				]
			},
			"IN02_1_": {
				"attachment": [
					{ "time": 0, "name": null },
					{ "time": 0.1666, "name": "IN02_1_" },
					{ "time": 0.3333, "name": null },
					{ "time": 1.3333, "name": null }
				]
			},
			"IN02_2_": {
				"attachment": [
					{ "time": 0, "name": null },
					{ "time": 0.1666, "name": "IN02_2_" },
					{ "time": 0.3333, "name": null },
					{ "time": 1.3333, "name": null }
				]
			},
			"IN02_3_": {
				"attachment": [
					{ "time": 0, "name": null },
					{ "time": 0.1666, "name": "IN02_3_" },
					{ "time": 0.3333, "name": null },
					{ "time": 1.3333, "name": null }
				]
			},
			"IN03_1_": {
				"attachment": [
					{ "time": 0, "name": null },
					{ "time": 0.3333, "name": "IN03_1_" },
					{ "time": 0.5, "name": null },
					{ "time": 1.3333, "name": null }
				]
			},
			"IN03_2_": {
				"attachment": [
					{ "time": 0, "name": null },
					{ "time": 0.3333, "name": "IN03_2_" },
					{ "time": 0.5, "name": null },
					{ "time": 1.3333, "name": null }
				]
			},
			"IN03_3_": {
				"attachment": [
					{ "time": 0, "name": null },
					{ "time": 0.3333, "name": "IN03_3_" },
					{ "time": 0.5, "name": null },
					{ "time": 1.3333, "name": null }
				]
			},
			"IN03_4_": {
				"attachment": [
					{ "time": 0, "name": null },
					{ "time": 0.3333, "name": "IN03_4_" },
					{ "time": 0.5, "name": null },
					{ "time": 1.3333, "name": null }
				]
			},
			"IN04_1_": {
				"attachment": [
					{ "time": 0, "name": null },
					{ "time": 0.5, "name": "IN04_1_" },
					{ "time": 0.6666, "name": null },
					{ "time": 1.3333, "name": null }
				]
			},
			"IN04_2_": {
				"attachment": [
					{ "time": 0, "name": null },
					{ "time": 0.5, "name": "IN04_2_" },
					{ "time": 0.6666, "name": null },
					{ "time": 1.3333, "name": null }
				]
			},
			"IN04_3_": {
				"attachment": [
					{ "time": 0, "name": null },
					{ "time": 0.5, "name": "IN04_3_" },
					{ "time": 0.6666, "name": null },
					{ "time": 1.3333, "name": null }
				]
			},
			"IN04_4_": {
				"attachment": [
					{ "time": 0, "name": null },
					{ "time": 0.5, "name": "IN04_4_" },
					{ "time": 0.6666, "name": null },
					{ "time": 1.3333, "name": null }
				]
			},
			"IN05_1_": {
				"attachment": [
					{ "time": 0, "name": null },
					{ "time": 0.6666, "name": "IN05_1_" },
					{ "time": 0.8333, "name": null },
					{ "time": 1.3333, "name": null }
				]
			},
			"IN05_2_": {
				"attachment": [
					{ "time": 0, "name": null },
					{ "time": 0.6666, "name": "IN05_2_" },
					{ "time": 0.8333, "name": null },
					{ "time": 1.3333, "name": null }
				]
			},
			"IN05_3_": {
				"attachment": [
					{ "time": 0, "name": null },
					{ "time": 0.6666, "name": "IN05_3_" },
					{ "time": 0.8333, "name": null },
					{ "time": 1.3333, "name": null }
				]
			},
			"IN05_4_": {
				"attachment": [
					{ "time": 0, "name": null },
					{ "time": 0.6666, "name": "IN05_4_" },
					{ "time": 0.8333, "name": null },
					{ "time": 1.3333, "name": null }
				]
			},
			"IN06_1_": {
				"attachment": [
					{ "time": 0, "name": null },
					{ "time": 0.8333, "name": "IN06_1_" },
					{ "time": 1, "name": null },
					{ "time": 1.3333, "name": null }
				]
			},
			"IN06_2_": {
				"attachment": [
					{ "time": 0, "name": null },
					{ "time": 0.8333, "name": "IN06_2_" },
					{ "time": 1, "name": null },
					{ "time": 1.3333, "name": null }
				]
			},
			"IN06_3_": {
				"attachment": [
					{ "time": 0, "name": null },
					{ "time": 0.8333, "name": "IN06_3_" },
					{ "time": 1, "name": null },
					{ "time": 1.3333, "name": null }
				]
			},
			"IN06_4_": {
				"attachment": [
					{ "time": 0, "name": null },
					{ "time": 0.8333, "name": "IN06_4_" },
					{ "time": 1, "name": null },
					{ "time": 1.3333, "name": null }
				]
			},
			"IN06_5_": {
				"attachment": [
					{ "time": 0, "name": null },
					{ "time": 0.8333, "name": "IN06_5_" },
					{ "time": 1, "name": null },
					{ "time": 1.3333, "name": null }
				]
			},
			"IN07_1_": {
				"attachment": [
					{ "time": 0, "name": null },
					{ "time": 1, "name": "IN07_1_" },
					{ "time": 1.1666, "name": null },
					{ "time": 1.3333, "name": null }
				]
			},
			"IN07_2_": {
				"attachment": [
					{ "time": 0, "name": null },
					{ "time": 1, "name": "IN07_2_" },
					{ "time": 1.1666, "name": null },
					{ "time": 1.3333, "name": null }
				]
			},
			"IN07_3_": {
				"attachment": [
					{ "time": 0, "name": null },
					{ "time": 1, "name": "IN07_3_" },
					{ "time": 1.1666, "name": null },
					{ "time": 1.3333, "name": null }
				]
			},
			"IN07_4_": {
				"attachment": [
					{ "time": 0, "name": null },
					{ "time": 1, "name": "IN07_4_" },
					{ "time": 1.1666, "name": null },
					{ "time": 1.3333, "name": null }
				]
			},
			"IN07_5_": {
				"attachment": [
					{ "time": 0, "name": null },
					{ "time": 1, "name": "IN07_5_" },
					{ "time": 1.1666, "name": null },
					{ "time": 1.3333, "name": null }
				]
			},
			"IN07_6_": {
				"attachment": [
					{ "time": 0, "name": null },
					{ "time": 1, "name": "IN07_6_" },
					{ "time": 1.1666, "name": null },
					{ "time": 1.3333, "name": null }
				]
			},
			"IN08_1_": {
				"attachment": [
					{ "time": 0, "name": null },
					{ "time": 1.1666, "name": "IN08_1_" },
					{ "time": 1.3333, "name": null }
				]
			},
			"IN08_2_": {
				"attachment": [
					{ "time": 0, "name": null },
					{ "time": 1.1666, "name": "IN08_2_" },
					{ "time": 1.3333, "name": null }
				]
			},
			"IN08_3_": {
				"attachment": [
					{ "time": 0, "name": null },
					{ "time": 1.1666, "name": "IN08_3_" },
					{ "time": 1.3333, "name": null }
				]
			},
			"IN08_4_": {
				"attachment": [
					{ "time": 0, "name": null },
					{ "time": 1.1666, "name": "IN08_4_" },
					{ "time": 1.3333, "name": null }
				]
			},
			"IN08_5_": {
				"attachment": [
					{ "time": 0, "name": null },
					{ "time": 1.1666, "name": "IN08_5_" },
					{ "time": 1.3333, "name": null }
				]
			},
			"IN08_6_": {
				"attachment": [
					{ "time": 0, "name": null },
					{ "time": 1.1666, "name": "IN08_6_" },
					{ "time": 1.3333, "name": null }
				]
			}
		}
	}
}
}