{
"skeleton": { "hash": "e3eC0mcl0DUX6Uz2NTZbcZfBbNE", "spine": "2.1.27", "width": 0, "height": 0 },
"bones": [
	{ "name": "root" },
	{ "name": "bone", "parent": "root", "x": 0.5, "y": 75, "scaleX": 2, "scaleY": 2 }
],
"slots": [
	{ "name": "mx_7_4_", "bone": "bone" },
	{ "name": "mx_7_3_", "bone": "bone" },
	{ "name": "mx_7_2_", "bone": "bone" },
	{ "name": "mx_7_1_", "bone": "bone" },
	{ "name": "mx_7_0_", "bone": "bone" },
	{ "name": "mx_6_3_", "bone": "bone" },
	{ "name": "mx_6_2_", "bone": "bone" },
	{ "name": "mx_6_1_", "bone": "bone" },
	{ "name": "mx_6_0_", "bone": "bone" },
	{ "name": "mx_5_3_", "bone": "bone" },
	{ "name": "mx_5_2_", "bone": "bone" },
	{ "name": "mx_5_1_", "bone": "bone" },
	{ "name": "mx_5_0_", "bone": "bone" },
	{ "name": "mx_4_3_", "bone": "bone" },
	{ "name": "mx_4_2_", "bone": "bone" },
	{ "name": "mx_4_1_", "bone": "bone" },
	{ "name": "mx_4_0_", "bone": "bone" },
	{ "name": "mx_3_2_", "bone": "bone" },
	{ "name": "mx_3_1_", "bone": "bone" },
	{ "name": "mx_3_0_", "bone": "bone" },
	{ "name": "mx_2_2_", "bone": "bone" },
	{ "name": "mx_2_1_", "bone": "bone" },
	{ "name": "mx_2_0_", "bone": "bone" },
	{ "name": "mx_1_4_", "bone": "bone" },
	{ "name": "mx_1_3_", "bone": "bone" },
	{ "name": "mx_1_2_", "bone": "bone" },
	{ "name": "mx_1_1_", "bone": "bone" },
	{ "name": "mx_1_0_", "bone": "bone" },
	{ "name": "mx_0_3_", "bone": "bone" },
	{ "name": "mx_0_2_", "bone": "bone" },
	{ "name": "mx_0_1_", "bone": "bone" },
	{ "name": "mx_0_0_", "bone": "bone" }
],
"skins": {
	"default": {
		"mx_0_0_": {
			"mx_0_0_": { "x": 2.22, "y": 0.36, "width": 5, "height": 21 }
		},
		"mx_0_1_": {
			"mx_0_1_": { "x": 9.72, "y": 4.36, "width": 10, "height": 11 }
		},
		"mx_0_2_": {
			"mx_0_2_": { "x": 9.72, "y": -8.13, "width": 10, "height": 14 }
		},
		"mx_0_3_": {
			"mx_0_3_": { "x": 20.72, "y": -8.13, "width": 12, "height": 14 }
		},
		"mx_1_0_": {
			"mx_1_0_": { "x": 7.22, "y": 5.36, "width": 15, "height": 11 }
		},
		"mx_1_1_": {
			"mx_1_1_": { "x": 9.22, "y": -3.13, "width": 19, "height": 6 }
		},
		"mx_1_2_": {
			"mx_1_2_": { "x": 19.72, "y": -12.13, "width": 10, "height": 12 }
		},
		"mx_1_3_": {
			"mx_1_3_": { "x": 10.22, "y": -12.13, "width": 9, "height": 12 }
		},
		"mx_1_4_": {
			"mx_1_4_": { "x": 2.72, "y": -9.13, "width": 6, "height": 6 }
		},
		"mx_2_0_": {
			"mx_2_0_": { "x": 8.72, "y": 3.36, "width": 18, "height": 15 }
		},
		"mx_2_1_": {
			"mx_2_1_": { "x": 10.22, "y": -7.63, "width": 21, "height": 7 }
		},
		"mx_2_2_": {
			"mx_2_2_": { "x": 14.72, "y": -15.63, "width": 14, "height": 9 }
		},
		"mx_3_0_": {
			"mx_3_0_": { "x": 4.22, "y": 0.36, "width": 9, "height": 21 }
		},
		"mx_3_1_": {
			"mx_3_1_": { "x": 15.72, "y": -1.13, "width": 14, "height": 18 }
		},
		"mx_3_2_": {
			"mx_3_2_": { "x": 15.72, "y": -15.13, "width": 10, "height": 10 }
		},
		"mx_4_0_": {
			"mx_4_0_": { "x": 4.72, "y": 0.86, "width": 10, "height": 20 }
		},
		"mx_4_1_": {
			"mx_4_1_": { "x": 17.22, "y": -0.63, "width": 15, "height": 17 }
		},
		"mx_4_2_": {
			"mx_4_2_": { "x": 27.72, "y": -1.13, "width": 6, "height": 14 }
		},
		"mx_4_3_": {
			"mx_4_3_": { "x": 19.22, "y": -13.13, "width": 9, "height": 8 }
		},
		"mx_5_0_": {
			"mx_5_0_": { "x": 7.22, "y": 0.86, "width": 15, "height": 20 }
		},
		"mx_5_1_": {
			"mx_5_1_": { "x": 21.22, "y": -0.63, "width": 13, "height": 17 }
		},
		"mx_5_2_": {
			"mx_5_2_": { "x": 31.22, "y": -0.63, "width": 7, "height": 15 }
		},
		"mx_5_3_": {
			"mx_5_3_": { "x": 22.22, "y": -12.63, "width": 9, "height": 7 }
		},
		"mx_6_0_": {
			"mx_6_0_": { "x": 5.72, "y": -0.13, "width": 12, "height": 22 }
		},
		"mx_6_1_": {
			"mx_6_1_": { "x": 17.22, "y": -2.13, "width": 11, "height": 18 }
		},
		"mx_6_2_": {
			"mx_6_2_": { "x": 28.72, "y": 3.86, "width": 12, "height": 8 }
		},
		"mx_6_3_": {
			"mx_6_3_": { "x": 27.72, "y": -7.13, "width": 10, "height": 14 }
		},
		"mx_7_0_": {
			"mx_7_0_": { "x": 3.22, "y": -0.63, "width": 7, "height": 23 }
		},
		"mx_7_1_": {
			"mx_7_1_": { "x": 10.72, "y": 5.36, "width": 8, "height": 7 }
		},
		"mx_7_2_": {
			"mx_7_2_": { "x": 10.72, "y": -5.63, "width": 8, "height": 15 }
		},
		"mx_7_3_": {
			"mx_7_3_": { "x": 22.22, "y": -5.13, "width": 15, "height": 14 }
		},
		"mx_7_4_": {
			"mx_7_4_": { "x": 24.22, "y": 3.86, "width": 9, "height": 4 }
		}
	}
},
"animations": {
	"animation": {
		"slots": {
			"mx_0_0_": {
				"attachment": [
					{ "time": 0, "name": "mx_0_0_" },
					{ "time": 0.1666, "name": null },
					{ "time": 1.3333, "name": "mx_0_0_" }
				]
			},
			"mx_0_1_": {
				"attachment": [
					{ "time": 0, "name": "mx_0_1_" },
					{ "time": 0.1666, "name": null },
					{ "time": 1.3333, "name": "mx_0_1_" }
				]
			},
			"mx_0_2_": {
				"attachment": [
					{ "time": 0, "name": "mx_0_2_" },
					{ "time": 0.1666, "name": null },
					{ "time": 1.3333, "name": "mx_0_2_" }
				]
			},
			"mx_0_3_": {
				"attachment": [
					{ "time": 0, "name": "mx_0_3_" },
					{ "time": 0.1666, "name": null },
					{ "time": 1.3333, "name": "mx_0_3_" }
				]
			},
			"mx_1_0_": {
				"attachment": [
					{ "time": 0, "name": null },
					{ "time": 0.1666, "name": "mx_1_0_" },
					{ "time": 0.3333, "name": null },
					{ "time": 1.3333, "name": null }
				]
			},
			"mx_1_1_": {
				"attachment": [
					{ "time": 0, "name": null },
					{ "time": 0.1666, "name": "mx_1_1_" },
					{ "time": 0.3333, "name": null },
					{ "time": 1.3333, "name": null }
				]
			},
			"mx_1_2_": {
				"attachment": [
					{ "time": 0, "name": null },
					{ "time": 0.1666, "name": "mx_1_2_" },
					{ "time": 0.3333, "name": null },
					{ "time": 1.3333, "name": null }
				]
			},
			"mx_1_3_": {
				"attachment": [
					{ "time": 0, "name": null },
					{ "time": 0.1666, "name": "mx_1_3_" },
					{ "time": 0.3333, "name": null },
					{ "time": 1.3333, "name": null }
				]
			},
			"mx_1_4_": {
				"attachment": [
					{ "time": 0, "name": null },
					{ "time": 0.1666, "name": "mx_1_4_" },
					{ "time": 0.3333, "name": null },
					{ "time": 1.3333, "name": null }
				]
			},
			"mx_2_0_": {
				"attachment": [
					{ "time": 0, "name": null },
					{ "time": 0.3333, "name": "mx_2_0_" },
					{ "time": 0.5, "name": null },
					{ "time": 1.3333, "name": null }
				]
			},
			"mx_2_1_": {
				"attachment": [
					{ "time": 0, "name": null },
					{ "time": 0.3333, "name": "mx_2_1_" },
					{ "time": 0.5, "name": null },
					{ "time": 1.3333, "name": null }
				]
			},
			"mx_2_2_": {
				"attachment": [
					{ "time": 0, "name": null },
					{ "time": 0.3333, "name": "mx_2_2_" },
					{ "time": 0.5, "name": null },
					{ "time": 1.3333, "name": null }
				]
			},
			"mx_3_0_": {
				"attachment": [
					{ "time": 0, "name": null },
					{ "time": 0.5, "name": "mx_3_0_" },
					{ "time": 0.6666, "name": null },
					{ "time": 1.3333, "name": null }
				]
			},
			"mx_3_1_": {
				"attachment": [
					{ "time": 0, "name": null },
					{ "time": 0.5, "name": "mx_3_1_" },
					{ "time": 0.6666, "name": null },
					{ "time": 1.3333, "name": null }
				]
			},
			"mx_3_2_": {
				"attachment": [
					{ "time": 0, "name": null },
					{ "time": 0.5, "name": "mx_3_2_" },
					{ "time": 0.6666, "name": null },
					{ "time": 1.3333, "name": null }
				]
			},
			"mx_4_0_": {
				"attachment": [
					{ "time": 0, "name": null },
					{ "time": 0.6666, "name": "mx_4_0_" },
					{ "time": 0.8333, "name": null },
					{ "time": 1.3333, "name": null }
				]
			},
			"mx_4_1_": {
				"attachment": [
					{ "time": 0, "name": null },
					{ "time": 0.6666, "name": "mx_4_1_" },
					{ "time": 0.8333, "name": null },
					{ "time": 1.3333, "name": null }
				]
			},
			"mx_4_2_": {
				"attachment": [
					{ "time": 0, "name": null },
					{ "time": 0.6666, "name": "mx_4_2_" },
					{ "time": 0.8333, "name": null },
					{ "time": 1.3333, "name": null }
				]
			},
			"mx_4_3_": {
				"attachment": [
					{ "time": 0, "name": null },
					{ "time": 0.6666, "name": "mx_4_3_" },
					{ "time": 0.8333, "name": null },
					{ "time": 1.3333, "name": null }
				]
			},
			"mx_5_0_": {
				"attachment": [
					{ "time": 0, "name": null },
					{ "time": 0.8333, "name": "mx_5_0_" },
					{ "time": 1, "name": null },
					{ "time": 1.3333, "name": null }
				]
			},
			"mx_5_1_": {
				"attachment": [
					{ "time": 0, "name": null },
					{ "time": 0.8333, "name": "mx_5_1_" },
					{ "time": 1, "name": null },
					{ "time": 1.3333, "name": null }
				]
			},
			"mx_5_2_": {
				"attachment": [
					{ "time": 0, "name": null },
					{ "time": 0.8333, "name": "mx_5_2_" },
					{ "time": 1, "name": null },
					{ "time": 1.3333, "name": null }
				]
			},
			"mx_5_3_": {
				"attachment": [
					{ "time": 0, "name": null },
					{ "time": 0.8333, "name": "mx_5_3_" },
					{ "time": 1, "name": null },
					{ "time": 1.3333, "name": null }
				]
			},
			"mx_6_0_": {
				"attachment": [
					{ "time": 0, "name": null },
					{ "time": 1, "name": "mx_6_0_" },
					{ "time": 1.1666, "name": null },
					{ "time": 1.3333, "name": null }
				]
			},
			"mx_6_1_": {
				"attachment": [
					{ "time": 0, "name": null },
					{ "time": 1, "name": "mx_6_1_" },
					{ "time": 1.1666, "name": null },
					{ "time": 1.3333, "name": null }
				]
			},
			"mx_6_2_": {
				"attachment": [
					{ "time": 0, "name": null },
					{ "time": 1, "name": "mx_6_2_" },
					{ "time": 1.1666, "name": null },
					{ "time": 1.3333, "name": null }
				]
			},
			"mx_6_3_": {
				"attachment": [
					{ "time": 0, "name": null },
					{ "time": 1, "name": "mx_6_3_" },
					{ "time": 1.1666, "name": null },
					{ "time": 1.3333, "name": null }
				]
			},
			"mx_7_0_": {
				"attachment": [
					{ "time": 0, "name": null },
					{ "time": 1.1666, "name": "mx_7_0_" },
					{ "time": 1.3333, "name": null }
				]
			},
			"mx_7_1_": {
				"attachment": [
					{ "time": 0, "name": null },
					{ "time": 1.1666, "name": "mx_7_1_" },
					{ "time": 1.3333, "name": null }
				]
			},
			"mx_7_2_": {
				"attachment": [
					{ "time": 0, "name": null },
					{ "time": 1.1666, "name": "mx_7_2_" },
					{ "time": 1.3333, "name": null }
				]
			},
			"mx_7_3_": {
				"attachment": [
					{ "time": 0, "name": null },
					{ "time": 1.1666, "name": "mx_7_3_" },
					{ "time": 1.3333, "name": null }
				]
			},
			"mx_7_4_": {
				"attachment": [
					{ "time": 0, "name": null },
					{ "time": 1.1666, "name": "mx_7_4_" },
					{ "time": 1.3333, "name": null }
				]
			}
		}
	}
}
}