{
"skeleton": { "hash": "mAoILTSR68we/rmLzuJO1x/RkAM", "spine": "2.1.27", "width": 0, "height": 0 },
"bones": [
	{ "name": "root" },
	{ "name": "bone", "parent": "root", "x": 0.5, "y": 75, "scaleX": 2, "scaleY": 2 }
],
"slots": [
	{ "name": "vn_7_3_", "bone": "bone" },
	{ "name": "vn_7_2_", "bone": "bone" },
	{ "name": "vn_7_1_", "bone": "bone" },
	{ "name": "vn_7_0_", "bone": "bone" },
	{ "name": "vn_6_3_", "bone": "bone" },
	{ "name": "vn_6_2_", "bone": "bone" },
	{ "name": "vn_6_1_", "bone": "bone" },
	{ "name": "vn_6_0_", "bone": "bone" },
	{ "name": "vn_5_3_", "bone": "bone" },
	{ "name": "vn_5_2_", "bone": "bone" },
	{ "name": "vn_5_1_", "bone": "bone" },
	{ "name": "vn_5_0_", "bone": "bone" },
	{ "name": "vn_4_3_", "bone": "bone" },
	{ "name": "vn_4_2_", "bone": "bone" },
	{ "name": "vn_4_1_", "bone": "bone" },
	{ "name": "vn_4_0_", "bone": "bone" },
	{ "name": "vn_3_1_", "bone": "bone" },
	{ "name": "vn_3_0_", "bone": "bone" },
	{ "name": "vn_2_2_", "bone": "bone" },
	{ "name": "vn_2_1_", "bone": "bone" },
	{ "name": "vn_2_0_", "bone": "bone" },
	{ "name": "vn_1_2_", "bone": "bone" },
	{ "name": "vn_1_1_", "bone": "bone" },
	{ "name": "vn_1_0_", "bone": "bone" },
	{ "name": "vn_0_2_", "bone": "bone" },
	{ "name": "vn_0_1_", "bone": "bone" },
	{ "name": "vn_0_0_", "bone": "bone" }
],
"skins": {
	"default": {
		"vn_0_0_": {
			"vn_0_0_": { "x": 6.75, "y": 4.08, "width": 14, "height": 11 }
		},
		"vn_0_1_": {
			"vn_0_1_": { "x": 2.25, "y": -6.91, "width": 5, "height": 11 }
		},
		"vn_0_2_": {
			"vn_0_2_": { "x": 15.75, "y": -8.91, "width": 22, "height": 15 }
		},
		"vn_1_0_": {
			"vn_1_0_": { "x": 7.75, "y": 2.58, "width": 16, "height": 14 }
		},
		"vn_1_1_": {
			"vn_1_1_": { "x": 2.75, "y": -8.91, "width": 6, "height": 9 }
		},
		"vn_1_2_": {
			"vn_1_2_": { "x": 15.25, "y": -11.91, "width": 19, "height": 15 }
		},
		"vn_2_0_": {
			"vn_2_0_": { "x": 8.75, "y": 2.08, "width": 18, "height": 15 }
		},
		"vn_2_1_": {
			"vn_2_1_": { "x": 4.25, "y": -9.41, "width": 9, "height": 8 }
		},
		"vn_2_2_": {
			"vn_2_2_": { "x": 15.25, "y": -13.41, "width": 13, "height": 16 }
		},
		"vn_3_0_": {
			"vn_3_0_": { "x": 11.25, "y": -0.91, "width": 23, "height": 21 }
		},
		"vn_3_1_": {
			"vn_3_1_": { "x": 16.25, "y": -16.41, "width": 9, "height": 10 }
		},
		"vn_4_0_": {
			"vn_4_0_": { "x": 7.25, "y": -0.41, "width": 15, "height": 20 }
		},
		"vn_4_1_": {
			"vn_4_1_": { "x": 22.75, "y": 2.58, "width": 16, "height": 10 }
		},
		"vn_4_2_": {
			"vn_4_2_": { "x": 21.75, "y": -6.91, "width": 14, "height": 9 }
		},
		"vn_4_3_": {
			"vn_4_3_": { "x": 19.25, "y": -14.91, "width": 7, "height": 7 }
		},
		"vn_5_0_": {
			"vn_5_0_": { "x": 8.25, "y": -0.41, "width": 17, "height": 20 }
		},
		"vn_5_1_": {
			"vn_5_1_": { "x": 24.25, "y": -2.41, "width": 15, "height": 18 }
		},
		"vn_5_2_": {
			"vn_5_2_": { "x": 33.25, "y": 0.08, "width": 3, "height": 7 }
		},
		"vn_5_3_": {
			"vn_5_3_": { "x": 22.75, "y": -14.41, "width": 8, "height": 6 }
		},
		"vn_6_0_": {
			"vn_6_0_": { "x": 7.25, "y": -1.41, "width": 15, "height": 22 }
		},
		"vn_6_1_": {
			"vn_6_1_": { "x": 20.25, "y": -3.91, "width": 11, "height": 19 }
		},
		"vn_6_2_": {
			"vn_6_2_": { "x": 30.25, "y": 1.08, "width": 9, "height": 11 }
		},
		"vn_6_3_": {
			"vn_6_3_": { "x": 28.75, "y": -9.91, "width": 6, "height": 11 }
		},
		"vn_7_0_": {
			"vn_7_0_": { "x": 6.75, "y": 5.58, "width": 14, "height": 8 }
		},
		"vn_7_1_": {
			"vn_7_1_": { "x": 7.25, "y": -6.41, "width": 15, "height": 16 }
		},
		"vn_7_2_": {
			"vn_7_2_": { "x": 22.25, "y": -6.91, "width": 15, "height": 15 }
		},
		"vn_7_3_": {
			"vn_7_3_": { "x": 24.75, "y": 2.58, "width": 8, "height": 4 }
		}
	}
},
"animations": {
	"animation": {
		"slots": {
			"vn_0_0_": {
				"attachment": [
					{ "time": 0, "name": "vn_0_0_" },
					{ "time": 0.1666, "name": null },
					{ "time": 1.3333, "name": "vn_0_0_" }
				]
			},
			"vn_0_1_": {
				"attachment": [
					{ "time": 0, "name": "vn_0_1_" },
					{ "time": 0.1666, "name": null },
					{ "time": 1.3333, "name": "vn_0_1_" }
				]
			},
			"vn_0_2_": {
				"attachment": [
					{ "time": 0, "name": "vn_0_2_" },
					{ "time": 0.1666, "name": null },
					{ "time": 1.3333, "name": "vn_0_2_" }
				]
			},
			"vn_1_0_": {
				"attachment": [
					{ "time": 0, "name": null },
					{ "time": 0.1666, "name": "vn_1_0_" },
					{ "time": 0.3333, "name": null },
					{ "time": 1.3333, "name": null }
				]
			},
			"vn_1_1_": {
				"attachment": [
					{ "time": 0, "name": null },
					{ "time": 0.1666, "name": "vn_1_1_" },
					{ "time": 0.3333, "name": null },
					{ "time": 1.3333, "name": null }
				]
			},
			"vn_1_2_": {
				"attachment": [
					{ "time": 0, "name": null },
					{ "time": 0.1666, "name": "vn_1_2_" },
					{ "time": 0.3333, "name": null },
					{ "time": 1.3333, "name": null }
				]
			},
			"vn_2_0_": {
				"attachment": [
					{ "time": 0, "name": null },
					{ "time": 0.3333, "name": "vn_2_0_" },
					{ "time": 0.5, "name": null },
					{ "time": 1.3333, "name": null }
				]
			},
			"vn_2_1_": {
				"attachment": [
					{ "time": 0, "name": null },
					{ "time": 0.3333, "name": "vn_2_1_" },
					{ "time": 0.5, "name": null },
					{ "time": 1.3333, "name": null }
				]
			},
			"vn_2_2_": {
				"attachment": [
					{ "time": 0, "name": null },
					{ "time": 0.3333, "name": "vn_2_2_" },
					{ "time": 0.5, "name": null },
					{ "time": 1.3333, "name": null }
				]
			},
			"vn_3_0_": {
				"attachment": [
					{ "time": 0, "name": null },
					{ "time": 0.5, "name": "vn_3_0_" },
					{ "time": 0.6666, "name": null },
					{ "time": 1.3333, "name": null }
				]
			},
			"vn_3_1_": {
				"attachment": [
					{ "time": 0, "name": null },
					{ "time": 0.5, "name": "vn_3_1_" },
					{ "time": 0.6666, "name": null },
					{ "time": 1.3333, "name": null }
				]
			},
			"vn_4_0_": {
				"attachment": [
					{ "time": 0, "name": null },
					{ "time": 0.6666, "name": "vn_4_0_" },
					{ "time": 0.8333, "name": null },
					{ "time": 1.3333, "name": null }
				]
			},
			"vn_4_1_": {
				"attachment": [
					{ "time": 0, "name": null },
					{ "time": 0.6666, "name": "vn_4_1_" },
					{ "time": 0.8333, "name": null },
					{ "time": 1.3333, "name": null }
				]
			},
			"vn_4_2_": {
				"attachment": [
					{ "time": 0, "name": null },
					{ "time": 0.6666, "name": "vn_4_2_" },
					{ "time": 0.8333, "name": null },
					{ "time": 1.3333, "name": null }
				]
			},
			"vn_4_3_": {
				"attachment": [
					{ "time": 0, "name": null },
					{ "time": 0.6666, "name": "vn_4_3_" },
					{ "time": 0.8333, "name": null },
					{ "time": 1.3333, "name": null }
				]
			},
			"vn_5_0_": {
				"attachment": [
					{ "time": 0, "name": null },
					{ "time": 0.8333, "name": "vn_5_0_" },
					{ "time": 1, "name": null },
					{ "time": 1.3333, "name": null }
				]
			},
			"vn_5_1_": {
				"attachment": [
					{ "time": 0, "name": null },
					{ "time": 0.8333, "name": "vn_5_1_" },
					{ "time": 1, "name": null },
					{ "time": 1.3333, "name": null }
				]
			},
			"vn_5_2_": {
				"attachment": [
					{ "time": 0, "name": null },
					{ "time": 0.8333, "name": "vn_5_2_" },
					{ "time": 1, "name": null },
					{ "time": 1.3333, "name": null }
				]
			},
			"vn_5_3_": {
				"attachment": [
					{ "time": 0, "name": null },
					{ "time": 0.8333, "name": "vn_5_3_" },
					{ "time": 1, "name": null },
					{ "time": 1.3333, "name": null }
				]
			},
			"vn_6_0_": {
				"attachment": [
					{ "time": 0, "name": null },
					{ "time": 1, "name": "vn_6_0_" },
					{ "time": 1.1666, "name": null },
					{ "time": 1.3333, "name": null }
				]
			},
			"vn_6_1_": {
				"attachment": [
					{ "time": 0, "name": null },
					{ "time": 1, "name": "vn_6_1_" },
					{ "time": 1.1666, "name": null },
					{ "time": 1.3333, "name": null }
				]
			},
			"vn_6_2_": {
				"attachment": [
					{ "time": 0, "name": null },
					{ "time": 1, "name": "vn_6_2_" },
					{ "time": 1.1666, "name": null },
					{ "time": 1.3333, "name": null }
				]
			},
			"vn_6_3_": {
				"attachment": [
					{ "time": 0, "name": null },
					{ "time": 1, "name": "vn_6_3_" },
					{ "time": 1.1666, "name": null },
					{ "time": 1.3333, "name": null }
				]
			},
			"vn_7_0_": {
				"attachment": [
					{ "time": 0, "name": null },
					{ "time": 1.1666, "name": "vn_7_0_" },
					{ "time": 1.3333, "name": null }
				]
			},
			"vn_7_1_": {
				"attachment": [
					{ "time": 0, "name": null },
					{ "time": 1.1666, "name": "vn_7_1_" },
					{ "time": 1.3333, "name": null }
				]
			},
			"vn_7_2_": {
				"attachment": [
					{ "time": 0, "name": null },
					{ "time": 1.1666, "name": "vn_7_2_" },
					{ "time": 1.3333, "name": null }
				]
			},
			"vn_7_3_": {
				"attachment": [
					{ "time": 0, "name": null },
					{ "time": 1.1666, "name": "vn_7_3_" },
					{ "time": 1.3333, "name": null }
				]
			}
		}
	}
}
}