{
"skeleton": { "hash": "izWJMa23OLGy6d7Wwd5vxD/ZT8c", "spine": "3.4.02", "width": 403, "height": 441 },
"bones": [
	{ "name": "root" },
	{ "name": "bone", "parent": "root", "x": 1.54, "y": 172.37 },
	{ "name": "chenwaisuiza01_2", "parent": "root", "x": -31.92, "y": 195.57 },
	{ "name": "chenwaisuiza02_", "parent": "root", "x": -1.24, "y": 198.78 },
	{ "name": "chenwaisuiza03_", "parent": "root", "x": -45.77, "y": 151.51 },
	{ "name": "chenwaisuiza04_", "parent": "root", "x": -71.82, "y": 198.18 },
	{ "name": "chenwaisuiza05_", "parent": "root", "x": -19.16, "y": 172.9 },
	{ "name": "chenwaisuiza06_2", "parent": "root", "x": -36.5, "y": 228.27 }
],
"slots": [
	{ "name": "chenwaisuiza31_", "bone": "root", "attachment": "chenwaisuiza31_" },
	{ "name": "chenwaisuiza30_", "bone": "root", "attachment": "chenwaisuiza30_" },
	{ "name": "chenwaisuiza29_", "bone": "root", "attachment": "chenwaisuiza29_" },
	{ "name": "chenwaisuiza28_", "bone": "root", "attachment": "chenwaisuiza28_" },
	{ "name": "chenwaisuiza27_", "bone": "root", "attachment": "chenwaisuiza27_" },
	{ "name": "chenwaisuiza26_", "bone": "root", "attachment": "chenwaisuiza26_" },
	{ "name": "chenwaisuiza25_", "bone": "root", "attachment": "chenwaisuiza25_" },
	{ "name": "chenwaisuiza24_", "bone": "root", "attachment": "chenwaisuiza24_" },
	{ "name": "chenwaisuiza23_", "bone": "root", "attachment": "chenwaisuiza23_" },
	{ "name": "chenwaisuiza22_", "bone": "root", "attachment": "chenwaisuiza22_" },
	{ "name": "chenwaisuiza21_", "bone": "root", "attachment": "chenwaisuiza21_" },
	{ "name": "chenwaisuiza20_", "bone": "root", "attachment": "chenwaisuiza20_" },
	{ "name": "chenwaisuiza19_", "bone": "root", "attachment": "chenwaisuiza19_" },
	{ "name": "chenwaisuiza18_", "bone": "root", "attachment": "chenwaisuiza18_" },
	{ "name": "chenwaisuiza17_", "bone": "root", "attachment": "chenwaisuiza17_" },
	{ "name": "chenwaisuiza16_", "bone": "root", "attachment": "chenwaisuiza16_" },
	{ "name": "chenwaisuiza15_", "bone": "root", "attachment": "chenwaisuiza15_" },
	{ "name": "chenwaisuiza14_", "bone": "root", "attachment": "chenwaisuiza14_" },
	{ "name": "chenwaisuiza13_", "bone": "root", "attachment": "chenwaisuiza13_" },
	{ "name": "chenwaisuiza12_", "bone": "root", "attachment": "chenwaisuiza12_" },
	{ "name": "chenwaisuiza11_", "bone": "root", "attachment": "chenwaisuiza11_" },
	{ "name": "chenwaisuiza10_", "bone": "root", "attachment": "chenwaisuiza10_" },
	{ "name": "chenwaisuiza09_", "bone": "root", "attachment": "chenwaisuiza09_" },
	{ "name": "chenwaisuiza08_", "bone": "root", "attachment": "chenwaisuiza08_" },
	{ "name": "chenwaisuiza07_", "bone": "root", "attachment": "chenwaisuiza07_" },
	{ "name": "chenwaisuiza33_", "bone": "root", "attachment": "chenwaisuiza33_" },
	{ "name": "chenwaiguang03_", "bone": "bone", "attachment": "chenwaiguang03_", "blend": "additive" },
	{ "name": "chenwaiguang02_", "bone": "bone", "attachment": "chenwaiguang02_", "blend": "additive" },
	{ "name": "chenwaiguang01_", "bone": "bone", "attachment": "chenwaiguang01_", "blend": "additive" },
	{ "name": "chenwaisuiza06_", "bone": "chenwaisuiza06_2", "attachment": "chenwaisuiza06_" },
	{ "name": "chenwaisuiza05_", "bone": "chenwaisuiza05_", "attachment": "chenwaisuiza05_" },
	{ "name": "chenwaisuiza04_", "bone": "chenwaisuiza04_", "attachment": "chenwaisuiza04_" },
	{ "name": "chenwaisuiza03_", "bone": "chenwaisuiza03_", "attachment": "chenwaisuiza03_" },
	{ "name": "chenwaisuiza02_", "bone": "chenwaisuiza02_", "attachment": "chenwaisuiza02_" },
	{ "name": "chenwaisuiza01_", "bone": "chenwaisuiza01_2", "attachment": "chenwaisuiza01_" },
	{ "name": "chenwaicaodi01_", "bone": "root", "attachment": "chenwaicaodi01_" }
],
"skins": {
	"default": {
		"chenwaicaodi01_": {
			"chenwaicaodi01_": { "x": 1.4, "y": 44.4, "width": 341, "height": 180 }
		},
		"chenwaiguang01_": {
			"chenwaiguang01_": { "x": -28.64, "y": -3.47, "width": 400, "height": 435 }
		},
		"chenwaiguang02_": {
			"chenwaiguang02_": { "x": -50.14, "y": 11.02, "width": 149, "height": 112 }
		},
		"chenwaiguang03_": {
			"chenwaiguang03_": { "x": -50.14, "y": 32.52, "width": 237, "height": 173 }
		},
		"chenwaisuiza01_": {
			"chenwaisuiza01_": { "x": 5.32, "y": -12.67, "width": 121, "height": 97 }
		},
		"chenwaisuiza02_": {
			"chenwaisuiza02_": { "x": -1.35, "y": 42.61, "width": 57, "height": 158 }
		},
		"chenwaisuiza03_": {
			"chenwaisuiza03_": { "x": -1.82, "y": 34.38, "width": 41, "height": 93 }
		},
		"chenwaisuiza04_": {
			"chenwaisuiza04_": { "x": 8.22, "y": 13.71, "width": 75, "height": 43 }
		},
		"chenwaisuiza05_": {
			"chenwaisuiza05_": { "x": 15.06, "y": 4.49, "width": 62, "height": 22 }
		},
		"chenwaisuiza06_": {
			"chenwaisuiza06_": { "x": -4.09, "y": 2.12, "width": 49, "height": 38 }
		},
		"chenwaisuiza07_": {
			"chenwaisuiza07_": { "x": -147.59, "y": 45.4, "width": 45, "height": 32 }
		},
		"chenwaisuiza08_": {
			"chenwaisuiza08_": { "x": 29.9, "y": 52.4, "width": 36, "height": 26 }
		},
		"chenwaisuiza09_": {
			"chenwaisuiza09_": { "x": 134.9, "y": 13.9, "width": 34, "height": 29 }
		},
		"chenwaisuiza10_": {
			"chenwaisuiza10_": { "x": 117.9, "y": 18.4, "width": 96, "height": 70 }
		},
		"chenwaisuiza11_": {
			"chenwaisuiza11_": { "x": 21.9, "y": 66.4, "width": 250, "height": 124 }
		},
		"chenwaisuiza12_": {
			"chenwaisuiza12_": { "x": 151.9, "y": 45.9, "width": 48, "height": 43 }
		},
		"chenwaisuiza13_": {
			"chenwaisuiza13_": { "x": -61.59, "y": -19.59, "width": 63, "height": 40 }
		},
		"chenwaisuiza14_": {
			"chenwaisuiza14_": { "x": -98.59, "y": -8.09, "width": 47, "height": 43 }
		},
		"chenwaisuiza15_": {
			"chenwaisuiza15_": { "x": 57.4, "y": 3.9, "width": 47, "height": 43 }
		},
		"chenwaisuiza16_": {
			"chenwaisuiza16_": { "x": -128.59, "y": 11.9, "width": 47, "height": 43 }
		},
		"chenwaisuiza17_": {
			"chenwaisuiza17_": { "x": -26.59, "y": -16.09, "width": 99, "height": 77 }
		},
		"chenwaisuiza18_": {
			"chenwaisuiza18_": { "x": 18.4, "y": 16.4, "width": 95, "height": 88 }
		},
		"chenwaisuiza19_": {
			"chenwaisuiza19_": { "x": -148.59, "y": 73.9, "width": 95, "height": 87 }
		},
		"chenwaisuiza20_": {
			"chenwaisuiza20_": { "x": 77.9, "y": -2.09, "width": 70, "height": 51 }
		},
		"chenwaisuiza21_": {
			"chenwaisuiza21_": { "x": 146.9, "y": 56.9, "width": 54, "height": 59 }
		},
		"chenwaisuiza22_": {
			"chenwaisuiza22_": { "x": -143.59, "y": 39.9, "width": 53, "height": 59 }
		},
		"chenwaisuiza23_": {
			"chenwaisuiza23_": { "x": -29.09, "y": 5.9, "width": 78, "height": 63 }
		},
		"chenwaisuiza24_": {
			"chenwaisuiza24_": { "x": -70.59, "y": 12.4, "width": 79, "height": 62 }
		},
		"chenwaisuiza25_": {
			"chenwaisuiza25_": { "x": -99.59, "y": 12.4, "width": 79, "height": 62 }
		},
		"chenwaisuiza26_": {
			"chenwaisuiza26_": { "x": -114.59, "y": 25.9, "width": 79, "height": 63 }
		},
		"chenwaisuiza27_": {
			"chenwaisuiza27_": { "x": -87.59, "y": 9.9, "width": 79, "height": 63 }
		},
		"chenwaisuiza28_": {
			"chenwaisuiza28_": { "x": 33.4, "y": 1.9, "width": 79, "height": 63 }
		},
		"chenwaisuiza29_": {
			"chenwaisuiza29_": { "x": 55.4, "y": 8.4, "width": 79, "height": 62 }
		},
		"chenwaisuiza30_": {
			"chenwaisuiza30_": { "x": 131.4, "y": 29.4, "width": 79, "height": 62 }
		},
		"chenwaisuiza31_": {
			"chenwaisuiza31_": { "x": 112.4, "y": 18.9, "width": 79, "height": 63 }
		},
		"chenwaisuiza33_": {
			"chenwaisuiza33_": { "x": -22.09, "y": 110.4, "width": 300, "height": 248 }
		}
	}
},
"animations": {
	"animation": {
		"slots": {
			"chenwaicaodi01_": {
				"attachment": [
					{ "time": 0, "name": "chenwaicaodi01_" },
					{ "time": 4, "name": "chenwaicaodi01_" }
				]
			},
			"chenwaiguang01_": {
				"color": [
					{ "time": 0, "color": "ffffffff" },
					{ "time": 2, "color": "ffffff38" },
					{ "time": 4, "color": "ffffffff" }
				],
				"attachment": [
					{ "time": 0, "name": "chenwaiguang01_" },
					{ "time": 4, "name": "chenwaiguang01_" }
				]
			},
			"chenwaiguang02_": {
				"color": [
					{ "time": 0, "color": "ffffffff" },
					{ "time": 2, "color": "ffffff38" },
					{ "time": 4, "color": "ffffffff" }
				],
				"attachment": [
					{ "time": 0, "name": "chenwaiguang02_" },
					{ "time": 4, "name": "chenwaiguang02_" }
				]
			},
			"chenwaiguang03_": {
				"color": [
					{ "time": 0, "color": "ffffffff" },
					{ "time": 2, "color": "ffffff38" },
					{ "time": 4, "color": "ffffffff" }
				],
				"attachment": [
					{ "time": 0, "name": "chenwaiguang03_" },
					{ "time": 4, "name": "chenwaiguang03_" }
				]
			},
			"chenwaisuiza07_": {
				"attachment": [
					{ "time": 0, "name": "chenwaisuiza07_" },
					{ "time": 4, "name": "chenwaisuiza07_" }
				]
			},
			"chenwaisuiza08_": {
				"attachment": [
					{ "time": 0, "name": "chenwaisuiza08_" },
					{ "time": 4, "name": "chenwaisuiza08_" }
				]
			},
			"chenwaisuiza09_": {
				"attachment": [
					{ "time": 0, "name": "chenwaisuiza09_" },
					{ "time": 4, "name": "chenwaisuiza09_" }
				]
			},
			"chenwaisuiza10_": {
				"attachment": [
					{ "time": 0, "name": "chenwaisuiza10_" },
					{ "time": 4, "name": "chenwaisuiza10_" }
				]
			},
			"chenwaisuiza11_": {
				"attachment": [
					{ "time": 0, "name": "chenwaisuiza11_" },
					{ "time": 4, "name": "chenwaisuiza11_" }
				]
			},
			"chenwaisuiza12_": {
				"attachment": [
					{ "time": 0, "name": "chenwaisuiza12_" },
					{ "time": 4, "name": "chenwaisuiza12_" }
				]
			},
			"chenwaisuiza13_": {
				"attachment": [
					{ "time": 0, "name": "chenwaisuiza13_" },
					{ "time": 4, "name": "chenwaisuiza13_" }
				]
			},
			"chenwaisuiza14_": {
				"attachment": [
					{ "time": 0, "name": "chenwaisuiza14_" },
					{ "time": 4, "name": "chenwaisuiza14_" }
				]
			},
			"chenwaisuiza15_": {
				"attachment": [
					{ "time": 0, "name": "chenwaisuiza15_" },
					{ "time": 4, "name": "chenwaisuiza15_" }
				]
			},
			"chenwaisuiza16_": {
				"attachment": [
					{ "time": 0, "name": "chenwaisuiza16_" },
					{ "time": 4, "name": "chenwaisuiza16_" }
				]
			},
			"chenwaisuiza17_": {
				"attachment": [
					{ "time": 0, "name": "chenwaisuiza17_" },
					{ "time": 4, "name": "chenwaisuiza17_" }
				]
			},
			"chenwaisuiza18_": {
				"attachment": [
					{ "time": 0, "name": "chenwaisuiza18_" },
					{ "time": 4, "name": "chenwaisuiza18_" }
				]
			},
			"chenwaisuiza19_": {
				"attachment": [
					{ "time": 0, "name": "chenwaisuiza19_" },
					{ "time": 4, "name": "chenwaisuiza19_" }
				]
			},
			"chenwaisuiza20_": {
				"attachment": [
					{ "time": 0, "name": "chenwaisuiza20_" },
					{ "time": 4, "name": "chenwaisuiza20_" }
				]
			},
			"chenwaisuiza21_": {
				"attachment": [
					{ "time": 0, "name": "chenwaisuiza21_" },
					{ "time": 4, "name": "chenwaisuiza21_" }
				]
			},
			"chenwaisuiza22_": {
				"attachment": [
					{ "time": 0, "name": "chenwaisuiza22_" },
					{ "time": 4, "name": "chenwaisuiza22_" }
				]
			},
			"chenwaisuiza23_": {
				"attachment": [
					{ "time": 0, "name": "chenwaisuiza23_" },
					{ "time": 4, "name": "chenwaisuiza23_" }
				]
			},
			"chenwaisuiza24_": {
				"attachment": [
					{ "time": 0, "name": "chenwaisuiza24_" },
					{ "time": 4, "name": "chenwaisuiza24_" }
				]
			},
			"chenwaisuiza25_": {
				"attachment": [
					{ "time": 0, "name": "chenwaisuiza25_" },
					{ "time": 4, "name": "chenwaisuiza25_" }
				]
			},
			"chenwaisuiza26_": {
				"attachment": [
					{ "time": 0, "name": "chenwaisuiza26_" },
					{ "time": 4, "name": "chenwaisuiza26_" }
				]
			},
			"chenwaisuiza27_": {
				"attachment": [
					{ "time": 0, "name": "chenwaisuiza27_" },
					{ "time": 4, "name": "chenwaisuiza27_" }
				]
			},
			"chenwaisuiza28_": {
				"attachment": [
					{ "time": 0, "name": "chenwaisuiza28_" },
					{ "time": 4, "name": "chenwaisuiza28_" }
				]
			},
			"chenwaisuiza29_": {
				"attachment": [
					{ "time": 0, "name": "chenwaisuiza29_" },
					{ "time": 4, "name": "chenwaisuiza29_" }
				]
			},
			"chenwaisuiza30_": {
				"attachment": [
					{ "time": 0, "name": "chenwaisuiza30_" },
					{ "time": 4, "name": "chenwaisuiza30_" }
				]
			},
			"chenwaisuiza31_": {
				"attachment": [
					{ "time": 0, "name": "chenwaisuiza31_" },
					{ "time": 4, "name": "chenwaisuiza31_" }
				]
			},
			"chenwaisuiza33_": {
				"attachment": [
					{ "time": 0, "name": "chenwaisuiza33_" },
					{ "time": 4, "name": "chenwaisuiza33_" }
				]
			}
		},
		"bones": {
			"bone": {
				"rotate": [
					{ "time": 0, "angle": 0, "curve": "stepped" },
					{ "time": 2, "angle": 0, "curve": "stepped" },
					{ "time": 4, "angle": 0 }
				],
				"translate": [
					{ "time": 0, "x": 0, "y": 0, "curve": "stepped" },
					{ "time": 2, "x": 0, "y": 0, "curve": "stepped" },
					{ "time": 4, "x": 0, "y": 0 }
				],
				"scale": [
					{ "time": 0, "x": 1, "y": 1 },
					{ "time": 2, "x": 1.069, "y": 1.069 },
					{ "time": 4, "x": 1, "y": 1 }
				]
			},
			"chenwaisuiza01_2": {
				"rotate": [
					{ "time": 0, "angle": 0, "curve": "stepped" },
					{ "time": 4, "angle": 0 }
				],
				"translate": [
					{ "time": 0, "x": 0, "y": 0 },
					{ "time": 2, "x": 0, "y": 3.92 },
					{ "time": 4, "x": 0, "y": 0 }
				],
				"scale": [
					{ "time": 0, "x": 1, "y": 1 },
					{ "time": 2, "x": 1.133, "y": 1.133 },
					{ "time": 4, "x": 1, "y": 1 }
				]
			},
			"chenwaisuiza04_": {
				"rotate": [
					{ "time": 0, "angle": 0, "curve": "stepped" },
					{ "time": 4, "angle": 0 }
				],
				"translate": [
					{ "time": 0, "x": 0, "y": 0 },
					{ "time": 2, "x": 5.68, "y": -7.41 },
					{ "time": 4, "x": 0, "y": 0 }
				],
				"scale": [
					{ "time": 0, "x": 1, "y": 1, "curve": "stepped" },
					{ "time": 4, "x": 1, "y": 1 }
				]
			},
			"chenwaisuiza06_2": {
				"rotate": [
					{ "time": 0, "angle": 0, "curve": "stepped" },
					{ "time": 2, "angle": 0, "curve": "stepped" },
					{ "time": 4, "angle": 0 }
				],
				"translate": [
					{ "time": 0, "x": 0, "y": 0 },
					{ "time": 2, "x": -10.41, "y": -12.9 },
					{ "time": 4, "x": 0, "y": 0 }
				],
				"scale": [
					{ "time": 0, "x": 1, "y": 1, "curve": "stepped" },
					{ "time": 2, "x": 1, "y": 1, "curve": "stepped" },
					{ "time": 4, "x": 1, "y": 1 }
				]
			},
			"chenwaisuiza02_": {
				"rotate": [
					{ "time": 0, "angle": 0 },
					{ "time": 2, "angle": 2.79 },
					{ "time": 4, "angle": 0 }
				],
				"translate": [
					{ "time": 0, "x": 0, "y": 0 },
					{ "time": 2, "x": 0.94, "y": 3.33 },
					{ "time": 4, "x": 0, "y": 0 }
				],
				"scale": [
					{ "time": 0, "x": 1, "y": 1, "curve": "stepped" },
					{ "time": 2, "x": 1, "y": 1, "curve": "stepped" },
					{ "time": 4, "x": 1, "y": 1 }
				]
			},
			"chenwaisuiza03_": {
				"rotate": [
					{ "time": 0, "angle": 0 },
					{ "time": 2, "angle": -1.82 },
					{ "time": 4, "angle": 0 }
				],
				"translate": [
					{ "time": 0, "x": 0, "y": 0 },
					{ "time": 2, "x": -3.89, "y": -2.84 },
					{ "time": 4, "x": 0, "y": 0 }
				],
				"scale": [
					{ "time": 0, "x": 1, "y": 1, "curve": "stepped" },
					{ "time": 4, "x": 1, "y": 1 }
				]
			},
			"chenwaisuiza05_": {
				"rotate": [
					{ "time": 0, "angle": 0 },
					{ "time": 2, "angle": 6.04 },
					{ "time": 4, "angle": 0 }
				],
				"translate": [
					{ "time": 0, "x": 0, "y": 0 },
					{ "time": 2, "x": 0.07, "y": 2.68 },
					{ "time": 4, "x": 0, "y": 0 }
				],
				"scale": [
					{ "time": 0, "x": 1, "y": 1, "curve": "stepped" },
					{ "time": 4, "x": 1, "y": 1 }
				]
			},
			"root": {
				"rotate": [
					{ "time": 0, "angle": 0, "curve": "stepped" },
					{ "time": 4, "angle": 0 }
				],
				"translate": [
					{ "time": 0, "x": 0, "y": 0, "curve": "stepped" },
					{ "time": 4, "x": 0, "y": 0 }
				],
				"scale": [
					{ "time": 0, "x": 1, "y": 1, "curve": "stepped" },
					{ "time": 4, "x": 1, "y": 1 }
				]
			}
		}
	}
}
}