{
"skeleton": { "hash": "iKOmCj5EY9JSXIff7dVp9x+GThw", "spine": "2.1.27", "width": 0, "height": 0 },
"bones": [
	{ "name": "root" },
	{ "name": "bone", "parent": "root", "length": 281.14, "y": -200, "scaleX": 1.2, "scaleY": 1.2 },
	{ "name": "bone2", "parent": "root", "length": 210.66 }
],
"slots": [
	{ "name": "Tm_yinzi_2", "bone": "bone2" },
	{ "name": "GTMGJ_001_", "bone": "bone" }
],
"skins": {
	"default": {
		"GTMGJ_001_": {
			"GTMGJ_001_": { "y": 200, "width": 950, "height": 867 },
			"GTMGJ_002_": { "y": 200, "width": 950, "height": 867 },
			"GTMGJ_003_": { "y": 200, "width": 950, "height": 867 },
			"GTMGJ_004_": { "y": 200, "width": 950, "height": 867 },
			"GTMGJ_005_": { "y": 200, "width": 950, "height": 867 },
			"GTMGJ_006_": { "y": 200, "width": 950, "height": 867 },
			"GTMGJ_007_": { "y": 200, "width": 950, "height": 867 },
			"GTMGJ_008_": { "y": 200, "width": 950, "height": 867 },
			"GTMGJ_009_": { "y": 200, "width": 950, "height": 867 },
			"GTMGJ_010_": { "y": 200, "width": 950, "height": 867 },
			"GTMGJ_011_": { "y": 200, "width": 950, "height": 867 },
			"GTMGJ_012_": { "y": 200, "width": 950, "height": 867 },
			"GTMGJ_013_": { "y": 200, "width": 950, "height": 867 },
			"GTMGJ_014_": { "y": 200, "width": 950, "height": 867 },
			"GTMGJ_015_": { "y": 200, "width": 950, "height": 867 },
			"GTMGJ_016_": { "y": 200, "width": 950, "height": 867 },
			"GTMGJ_017_": { "y": 200, "width": 950, "height": 867 }
		},
		"Tm_yinzi_2": {
			"Tm_yinzi_": { "width": 190, "height": 159 }
		}
	}
},
"animations": {
	"gj": {
		"slots": {
			"GTMGJ_001_": {
				"attachment": [
					{ "time": 0, "name": "GTMGJ_001_" },
					{ "time": 0.1333, "name": "GTMGJ_002_" },
					{ "time": 0.2666, "name": "GTMGJ_003_" },
					{ "time": 0.4, "name": "GTMGJ_004_" },
					{ "time": 0.5666, "name": "GTMGJ_005_" },
					{ "time": 0.7, "name": "GTMGJ_006_" },
					{ "time": 0.8333, "name": "GTMGJ_007_" },
					{ "time": 0.9666, "name": "GTMGJ_008_" },
					{ "time": 1.1, "name": "GTMGJ_009_" },
					{ "time": 1.2333, "name": "GTMGJ_010_" },
					{ "time": 1.4, "name": "GTMGJ_011_" },
					{ "time": 1.5333, "name": "GTMGJ_012_" },
					{ "time": 1.6666, "name": "GTMGJ_013_" },
					{ "time": 1.8, "name": "GTMGJ_014_" },
					{ "time": 1.9333, "name": "GTMGJ_015_" },
					{ "time": 2.0666, "name": "GTMGJ_016_" },
					{ "time": 2.2333, "name": "GTMGJ_017_" },
					{ "time": 2.3666, "name": "GTMGJ_001_" }
				]
			},
			"Tm_yinzi_2": {
				"attachment": [
					{ "time": 0, "name": "Tm_yinzi_" }
				]
			}
		},
		"bones": {
			"bone": {
				"translate": [
					{ "time": 0, "x": 36.41, "y": 111.76, "curve": "stepped" },
					{ "time": 2.3666, "x": 36.41, "y": 111.76 }
				]
			},
			"bone2": {
				"translate": [
					{ "time": 0, "x": 20.46, "y": 18.95 }
				]
			}
		}
	}
}
}