{"skeleton":{"hash":"3JuRHj9nIG2UQBAJKZ2I+kPtfsI","spine":"3.6.47","width":128,"height":128,"fps":12,"images":"E:/COQ/火2(1)/image"},"bones":[{"name":"root"},{"name":"LV2_small","parent":"root","x":298.93,"y":84.94},{"name":"Particle_Trail08","parent":"root","x":-1.45,"y":-164.6},{"name":"fire1","parent":"root","x":-96.24,"y":71.53},{"name":"fire2","parent":"root","rotation":-90,"x":1.37,"y":67.44},{"name":"fire11","parent":"root","x":-96.24,"y":71.53},{"name":"fire12","parent":"root","x":-96.24,"y":71.53},{"name":"glow1","parent":"root","rotation":-90,"x":134.35,"y":67.4},{"name":"glow2","parent":"root","rotation":-90,"x":134.35,"y":67.4}],"slots":[{"name":"LV2_small","bone":"LV2_small"},{"name":"Particle_Trail08","bone":"Particle_Trail08","blend":"additive"},{"name":"sequence_1097_001","bone":"fire1","blend":"additive"},{"name":"fire2 (1)","bone":"fire2","blend":"additive"},{"name":"glow","bone":"glow1","blend":"additive"},{"name":"glow1","bone":"glow2","blend":"additive"},{"name":"sequence_1097_0011","bone":"fire11","attachment":"sequence10_","blend":"additive"},{"name":"sequence_1097_0012","bone":"fire12","blend":"additive"}],"skins":{"default":{"LV2_small":{"LV2_small":{"x":-1.89,"y":0.56,"width":477,"height":358}},"Particle_Trail08":{"Particle_Trail":{"width":128,"height":128}},"fire2 (1)":{"fire1_":{"width":128,"height":128},"fire2_":{"width":128,"height":128},"fire3_":{"width":128,"height":128},"fire4_":{"width":128,"height":128},"fire5_":{"width":128,"height":128},"fire6_":{"width":128,"height":128},"fire7_":{"width":128,"height":128},"fire8_":{"width":128,"height":128}},"glow":{"glow":{"rotation":90,"width":256,"height":256}},"glow1":{"glow":{"rotation":90,"width":256,"height":256}},"sequence_1097_001":{"sequence10_":{"width":128,"height":128},"sequence11_":{"width":128,"height":128},"sequence12_":{"width":128,"height":128},"sequence13_":{"width":128,"height":128},"sequence14_":{"width":128,"height":128},"sequence15_":{"width":128,"height":128},"sequence16_":{"width":128,"height":128},"sequence1_":{"width":128,"height":128},"sequence2_":{"width":128,"height":128},"sequence3_":{"width":128,"height":128},"sequence4_":{"width":128,"height":128},"sequence5_":{"width":128,"height":128},"sequence6_":{"width":128,"height":128},"sequence7_":{"width":128,"height":128},"sequence8_":{"width":128,"height":128},"sequence9_":{"width":128,"height":128}},"sequence_1097_0011":{"sequence10_":{"width":128,"height":128},"sequence11_":{"width":128,"height":128},"sequence12_":{"width":128,"height":128},"sequence13_":{"width":128,"height":128},"sequence14_":{"width":128,"height":128},"sequence15_":{"width":128,"height":128},"sequence16_":{"width":128,"height":128},"sequence1_":{"width":128,"height":128},"sequence2_":{"width":128,"height":128},"sequence3_":{"width":128,"height":128},"sequence4_":{"width":128,"height":128},"sequence5_":{"width":128,"height":128},"sequence6_":{"width":128,"height":128},"sequence7_":{"width":128,"height":128},"sequence8_":{"width":128,"height":128},"sequence9_":{"width":128,"height":128}},"sequence_1097_0012":{"sequence10_":{"width":128,"height":128},"sequence11_":{"width":128,"height":128},"sequence12_":{"width":128,"height":128},"sequence13_":{"width":128,"height":128},"sequence14_":{"width":128,"height":128},"sequence15_":{"width":128,"height":128},"sequence16_":{"width":128,"height":128},"sequence1_":{"width":128,"height":128},"sequence2_":{"width":128,"height":128},"sequence3_":{"width":128,"height":128},"sequence4_":{"width":128,"height":128},"sequence5_":{"width":128,"height":128},"sequence6_":{"width":128,"height":128},"sequence7_":{"width":128,"height":128},"sequence8_":{"width":128,"height":128},"sequence9_":{"width":128,"height":128}}}},"animations":{"lv2":{"slots":{"LV2_small":{"attachment":[{"time":0,"name":"LV2_small"}]},"Particle_Trail08":{"color":[{"time":0,"color":"457affff"},{"time":2,"color":"5254d900"},{"time":4,"color":"457affff"}],"attachment":[{"time":0,"name":"Particle_Trail"}]},"fire2 (1)":{"color":[{"time":0,"color":"ffffffff"},{"time":0.4167,"color":"ffffffb3"},{"time":0.9167,"color":"ffffffff"},{"time":1.4167,"color":"ffffffb3"},{"time":1.8333,"color":"ffffffff","curve":"stepped"},{"time":1.9167,"color":"ffffffff"},{"time":2.3333,"color":"ffffffb3"},{"time":2.8333,"color":"ffffffff"},{"time":3.3333,"color":"ffffffb3"},{"time":3.75,"color":"ffffffff"}],"attachment":[{"time":0,"name":"fire1_"},{"time":0.0833,"name":"fire2_"},{"time":0.1667,"name":"fire3_"},{"time":0.25,"name":"fire4_"},{"time":0.3333,"name":"fire5_"},{"time":0.4167,"name":"fire6_"},{"time":0.5,"name":"fire7_"},{"time":0.5833,"name":"fire8_"},{"time":0.6667,"name":"fire1_"},{"time":0.75,"name":"fire2_"},{"time":0.8333,"name":"fire3_"},{"time":0.9167,"name":"fire4_"},{"time":1,"name":"fire5_"},{"time":1.0833,"name":"fire6_"},{"time":1.1667,"name":"fire7_"},{"time":1.25,"name":"fire8_"},{"time":1.3333,"name":"fire1_"},{"time":1.4167,"name":"fire2_"},{"time":1.5,"name":"fire3_"},{"time":1.5833,"name":"fire4_"},{"time":1.6667,"name":"fire5_"},{"time":1.75,"name":"fire6_"},{"time":1.8333,"name":"fire7_"},{"time":1.9167,"name":"fire8_"},{"time":2,"name":"fire1_"},{"time":2.0825,"name":"fire2_"},{"time":2.1658,"name":"fire3_"},{"time":2.2491,"name":"fire4_"},{"time":2.3324,"name":"fire5_"},{"time":2.4157,"name":"fire6_"},{"time":2.499,"name":"fire7_"},{"time":2.5823,"name":"fire8_"},{"time":2.6656,"name":"fire1_"},{"time":2.7489,"name":"fire2_"},{"time":2.8322,"name":"fire3_"},{"time":2.9155,"name":"fire4_"},{"time":2.9988,"name":"fire5_"},{"time":3.0821,"name":"fire6_"},{"time":3.1654,"name":"fire7_"},{"time":3.2487,"name":"fire8_"},{"time":3.332,"name":"fire1_"},{"time":3.4153,"name":"fire2_"},{"time":3.4986,"name":"fire3_"},{"time":3.5819,"name":"fire4_"},{"time":3.6652,"name":"fire5_"},{"time":3.7485,"name":"fire6_"},{"time":3.8318,"name":"fire7_"},{"time":3.9151,"name":"fire8_"}]},"glow":{"color":[{"time":0,"color":"ffffffcc"},{"time":1,"color":"ffffff73"},{"time":2,"color":"ffffffcc"},{"time":3,"color":"ffffff73"},{"time":4,"color":"ffffffcc"}],"attachment":[{"time":0,"name":"glow"}]},"glow1":{"color":[{"time":0,"color":"ffffffcc"},{"time":1,"color":"ffffff73"},{"time":2,"color":"ffffffcc"},{"time":3,"color":"ffffff73"},{"time":4,"color":"ffffffcc"}],"attachment":[{"time":0,"name":"glow"}]},"sequence_1097_001":{"color":[{"time":0,"color":"ffffffff"},{"time":1,"color":"ffffff99"},{"time":2,"color":"ffffffff"},{"time":3,"color":"ffffff99"},{"time":4,"color":"ffffffff"}],"attachment":[{"time":0,"name":"sequence1_"},{"time":0.0833,"name":"sequence2_"},{"time":0.1667,"name":"sequence3_"},{"time":0.25,"name":"sequence4_"},{"time":0.3333,"name":"sequence5_"},{"time":0.4167,"name":"sequence6_"},{"time":0.5,"name":"sequence7_"},{"time":0.5833,"name":"sequence8_"},{"time":0.6667,"name":"sequence9_"},{"time":0.75,"name":"sequence10_"},{"time":0.8333,"name":"sequence11_"},{"time":0.9167,"name":"sequence12_"},{"time":1,"name":"sequence13_"},{"time":1.0833,"name":"sequence14_"},{"time":1.1667,"name":"sequence15_"},{"time":1.25,"name":"sequence16_"},{"time":1.3333,"name":"sequence1_"},{"time":1.4167,"name":"sequence2_"},{"time":1.5,"name":"sequence3_"},{"time":1.5833,"name":"sequence4_"},{"time":1.6667,"name":"sequence5_"},{"time":1.75,"name":"sequence6_"},{"time":1.8333,"name":"sequence7_"},{"time":1.9167,"name":"sequence8_"},{"time":2,"name":"sequence9_"},{"time":2.0825,"name":"sequence10_"},{"time":2.1658,"name":"sequence11_"},{"time":2.2491,"name":"sequence12_"},{"time":2.3324,"name":"sequence13_"},{"time":2.4157,"name":"sequence14_"},{"time":2.499,"name":"sequence15_"},{"time":2.5823,"name":"sequence16_"},{"time":2.6656,"name":"sequence1_"},{"time":2.7489,"name":"sequence2_"},{"time":2.8322,"name":"sequence3_"},{"time":2.9155,"name":"sequence4_"},{"time":2.9988,"name":"sequence5_"},{"time":3.0821,"name":"sequence6_"},{"time":3.1654,"name":"sequence7_"},{"time":3.2487,"name":"sequence8_"},{"time":3.332,"name":"sequence9_"},{"time":3.4153,"name":"sequence10_"},{"time":3.4986,"name":"sequence11_"},{"time":3.5819,"name":"sequence12_"},{"time":3.6652,"name":"sequence13_"},{"time":3.7485,"name":"sequence14_"},{"time":3.8318,"name":"sequence15_"},{"time":3.9151,"name":"sequence16_"}]},"sequence_1097_0011":{"color":[{"time":0,"color":"ffffffff"},{"time":1,"color":"ffffff99"},{"time":2,"color":"ffffffff"},{"time":3,"color":"ffffff99"},{"time":3.3333,"color":"ffffffff"}],"attachment":[{"time":0,"name":"sequence1_"},{"time":0.0833,"name":"sequence2_"},{"time":0.1667,"name":"sequence3_"},{"time":0.25,"name":"sequence4_"},{"time":0.3333,"name":"sequence5_"},{"time":0.4167,"name":"sequence6_"},{"time":0.5,"name":"sequence7_"},{"time":0.5833,"name":"sequence8_"},{"time":0.6667,"name":"sequence9_"},{"time":0.75,"name":"sequence10_"},{"time":0.8333,"name":"sequence11_"},{"time":0.9167,"name":"sequence12_"},{"time":1,"name":"sequence13_"},{"time":1.0833,"name":"sequence14_"},{"time":1.1667,"name":"sequence15_"},{"time":1.25,"name":"sequence16_"},{"time":1.3333,"name":"sequence1_"},{"time":1.4167,"name":"sequence2_"},{"time":1.5,"name":"sequence3_"},{"time":1.5833,"name":"sequence4_"},{"time":1.6667,"name":"sequence5_"},{"time":1.75,"name":"sequence6_"},{"time":1.8333,"name":"sequence7_"},{"time":1.9167,"name":"sequence8_"},{"time":2,"name":"sequence9_"},{"time":2.0825,"name":"sequence10_"},{"time":2.1658,"name":"sequence11_"},{"time":2.2491,"name":"sequence12_"},{"time":2.3324,"name":"sequence13_"},{"time":2.4157,"name":"sequence14_"},{"time":2.499,"name":"sequence15_"},{"time":2.5823,"name":"sequence16_"},{"time":2.6656,"name":"sequence1_"},{"time":2.7489,"name":"sequence2_"},{"time":2.8322,"name":"sequence3_"},{"time":2.9155,"name":"sequence4_"},{"time":2.9988,"name":"sequence5_"},{"time":3.0821,"name":"sequence6_"},{"time":3.1654,"name":"sequence7_"},{"time":3.2487,"name":"sequence8_"},{"time":3.332,"name":"sequence9_"},{"time":3.4153,"name":"sequence10_"},{"time":3.4986,"name":"sequence11_"},{"time":3.5819,"name":"sequence12_"},{"time":3.6652,"name":"sequence13_"},{"time":3.7485,"name":"sequence14_"},{"time":3.8318,"name":"sequence15_"},{"time":3.9151,"name":"sequence16_"}]},"sequence_1097_0012":{"color":[{"time":0,"color":"ffffffff"},{"time":1,"color":"ffffff99"},{"time":2,"color":"ffffffff"},{"time":3,"color":"ffffff99"},{"time":4,"color":"ffffffff"}],"attachment":[{"time":0,"name":"sequence1_"},{"time":0.0833,"name":"sequence2_"},{"time":0.1667,"name":"sequence3_"},{"time":0.25,"name":"sequence4_"},{"time":0.3333,"name":"sequence5_"},{"time":0.4167,"name":"sequence6_"},{"time":0.5,"name":"sequence7_"},{"time":0.5833,"name":"sequence8_"},{"time":0.6667,"name":"sequence9_"},{"time":0.75,"name":"sequence10_"},{"time":0.8333,"name":"sequence11_"},{"time":0.9167,"name":"sequence12_"},{"time":1,"name":"sequence13_"},{"time":1.0833,"name":"sequence14_"},{"time":1.1667,"name":"sequence15_"},{"time":1.25,"name":"sequence16_"},{"time":1.3333,"name":"sequence1_"},{"time":1.4167,"name":"sequence2_"},{"time":1.5,"name":"sequence3_"},{"time":1.5833,"name":"sequence4_"},{"time":1.6667,"name":"sequence5_"},{"time":1.75,"name":"sequence6_"},{"time":1.8333,"name":"sequence7_"},{"time":1.9167,"name":"sequence8_"},{"time":2,"name":"sequence9_"},{"time":2.0825,"name":"sequence10_"},{"time":2.1658,"name":"sequence11_"},{"time":2.2491,"name":"sequence12_"},{"time":2.3324,"name":"sequence13_"},{"time":2.4157,"name":"sequence14_"},{"time":2.499,"name":"sequence15_"},{"time":2.5823,"name":"sequence16_"},{"time":2.6656,"name":"sequence1_"},{"time":2.7489,"name":"sequence2_"},{"time":2.8322,"name":"sequence3_"},{"time":2.9155,"name":"sequence4_"},{"time":2.9988,"name":"sequence5_"},{"time":3.0821,"name":"sequence6_"},{"time":3.1654,"name":"sequence7_"},{"time":3.2487,"name":"sequence8_"},{"time":3.332,"name":"sequence9_"},{"time":3.4153,"name":"sequence10_"},{"time":3.4986,"name":"sequence11_"},{"time":3.5819,"name":"sequence12_"},{"time":3.6652,"name":"sequence13_"},{"time":3.7485,"name":"sequence14_"},{"time":3.8318,"name":"sequence15_"},{"time":3.9151,"name":"sequence16_"}]}},"bones":{"fire1":{"translate":[{"time":0,"x":206.24,"y":-71.53},{"time":1,"x":206.24,"y":-56.53},{"time":3,"x":206.24,"y":-86.53},{"time":4,"x":206.24,"y":-71.53}],"scale":[{"time":0,"x":0.5,"y":0.95}]},"fire2":{"rotate":[{"time":0,"angle":90}],"translate":[{"time":0,"x":-79.53,"y":-132.74}],"scale":[{"time":0,"x":0.3,"y":0.3}]},"glow1":{"translate":[{"time":0,"x":-119.67,"y":-77.88}],"scale":[{"time":0,"x":0.38,"y":0.34}]},"LV2_small":{"translate":[{"time":0,"x":-298.93,"y":-84.94}]},"glow2":{"translate":[{"time":0,"x":-45.73,"y":-38.4}],"scale":[{"time":0,"x":0.38,"y":0.34}]},"fire11":{"translate":[{"time":0,"x":56.24,"y":-1.53},{"time":1,"x":56.24,"y":-16.53},{"time":3,"x":56.24,"y":13.47},{"time":4,"x":56.24,"y":-1.53}],"scale":[{"time":0,"x":-0.6,"y":1}]},"Particle_Trail08":{"rotate":[{"time":0,"angle":-23}],"translate":[{"time":0,"x":99.37,"y":112.05}],"scale":[{"time":0,"x":0.7,"y":0.85}]},"fire12":{"translate":[{"time":0,"x":116.24,"y":-136.53},{"time":1,"x":116.24,"y":-151.53},{"time":3,"x":116.24,"y":-121.53},{"time":4,"x":116.24,"y":-136.53}],"scale":[{"time":0,"x":-0.45,"y":1}]}}}}}