{"skeleton":{"hash":"aOIhcMmHaPeFmIlVvOIVkrs8Pfg","spine":"3.7.94","width":387,"height":398.57,"images":"","audio":"E:/赛事建筑入口/赛事建筑入口spine/images"},"bones":[{"name":"root"},{"name":"cuan1","parent":"root","x":-68.97,"y":200.49,"scaleX":0.909,"scaleY":0.5},{"name":"guangqiu1","parent":"root","rotation":90,"x":-4.87,"y":182.56,"scaleX":1.227,"scaleY":1.958},{"name":"cuan2","parent":"root","x":-68.97,"y":200.49,"scaleX":0.909,"scaleY":0.5},{"name":"cuan3","parent":"root","x":61.25,"y":200.49,"scaleX":0.94,"scaleY":0.5},{"name":"cuan4","parent":"root","x":61.25,"y":200.49,"scaleX":0.94,"scaleY":0.5},{"name":"guangqiu2","parent":"root","x":-68.86,"y":166.53,"scaleX":0.532,"scaleY":1.777},{"name":"guangqiu3","parent":"root","x":61,"y":186.38,"scaleX":0.683,"scaleY":2.284},{"name":"guangqiu4","parent":"root","x":-2.25,"y":190.08,"scaleX":0.466,"scaleY":0.751},{"name":"xx1","parent":"root","y":186.37}],"slots":[{"name":"chengbao_","bone":"root","attachment":"chengbao_"},{"name":"guangqiu_4","bone":"guangqiu4","color":"007affff","blend":"additive"},{"name":"guang1_","bone":"root","attachment":"guang1_"},{"name":"guang2_","bone":"root","attachment":"guang1_"},{"name":"guang3_","bone":"root","attachment":"guang2_"},{"name":"guangqiu_2","bone":"guangqiu2","blend":"additive"},{"name":"guangqiu_3","bone":"guangqiu3","blend":"additive"},{"name":"cuan_3","bone":"cuan1","blend":"additive"},{"name":"cuan_5","bone":"cuan3","blend":"additive"},{"name":"cuan_4","bone":"cuan2","blend":"additive"},{"name":"cuan_6","bone":"cuan4","blend":"additive"},{"name":"guangqiu_","bone":"guangqiu1","blend":"additive"},{"name":"guangqiu_5","bone":"root","blend":"additive"},{"name":"xx_00_","bone":"xx1","blend":"additive"},{"name":"xx_01_","bone":"xx1","blend":"additive"},{"name":"xx_02_","bone":"xx1","blend":"additive"},{"name":"xx_03_","bone":"xx1","blend":"additive"},{"name":"xx_04_","bone":"xx1","blend":"additive"},{"name":"xx_05_","bone":"xx1","blend":"additive"},{"name":"xx_06_","bone":"xx1","blend":"additive"},{"name":"xx_07_","bone":"xx1","blend":"additive"},{"name":"xx_08_","bone":"xx1","blend":"additive"},{"name":"xx_09_","bone":"xx1","blend":"additive"},{"name":"xx_10_","bone":"xx1","blend":"additive"},{"name":"xx_11_","bone":"xx1","blend":"additive"}],"skins":{"default":{"chengbao_":{"chengbao_":{"x":-29.12,"y":84.42,"width":387,"height":312}},"cuan_3":{"cuan_":{"x":-0.66,"y":53.59,"scaleX":0.373,"width":79,"height":109}},"cuan_4":{"cuan_":{"x":-0.66,"y":53.59,"scaleX":0.373,"width":79,"height":109}},"cuan_5":{"cuan_":{"x":-0.66,"y":53.59,"scaleX":0.373,"width":79,"height":109}},"cuan_6":{"cuan_":{"x":-0.66,"y":53.59,"scaleX":0.373,"width":79,"height":109}},"guang1_":{"guang1_":{"x":-69.3,"y":199.28,"width":8,"height":126}},"guang2_":{"guang1_":{"x":60.7,"y":200.31,"width":8,"height":126}},"guang3_":{"guang2_":{"x":-2.83,"y":245.49,"width":43,"height":163}},"guangqiu_":{"guangqiu_":{"width":91,"height":91}},"guangqiu_2":{"guangqiu_":{"width":91,"height":91}},"guangqiu_3":{"guangqiu_":{"width":91,"height":91}},"guangqiu_4":{"thund002_":{"y":45.23,"width":128,"height":198}},"guangqiu_5":{"guangqiu_":{"x":-8.39,"y":174.33,"scaleX":5.581,"scaleY":5.581,"width":91,"height":91}},"xx_00_":{"xx_00_":{"width":226,"height":174}},"xx_01_":{"xx_01_":{"width":226,"height":174}},"xx_02_":{"xx_02_":{"width":226,"height":174}},"xx_03_":{"xx_03_":{"width":226,"height":174}},"xx_04_":{"xx_04_":{"width":226,"height":174}},"xx_05_":{"xx_05_":{"width":226,"height":174}},"xx_06_":{"xx_06_":{"width":226,"height":174}},"xx_07_":{"xx_07_":{"width":226,"height":174}},"xx_08_":{"xx_08_":{"width":226,"height":174}},"xx_09_":{"xx_09_":{"width":226,"height":174}},"xx_10_":{"xx_10_":{"width":226,"height":174}},"xx_11_":{"xx_11_":{"width":226,"height":174}}}},"animations":{"animation":{"slots":{"cuan_3":{"color":[{"time":0,"color":"3085ffff"},{"time":3.3333,"color":"3085ff00"}],"attachment":[{"time":0,"name":"cuan_"}]},"cuan_4":{"color":[{"time":0,"color":"3085ff00"},{"time":3.3333,"color":"3085ffff"}],"attachment":[{"time":0,"name":"cuan_"}]},"cuan_5":{"color":[{"time":0,"color":"3085ffff"},{"time":3.3333,"color":"3085ff00"}],"attachment":[{"time":0,"name":"cuan_"}]},"cuan_6":{"color":[{"time":0,"color":"3085ff00"},{"time":3.3333,"color":"3085ffff"}],"attachment":[{"time":0,"name":"cuan_"}]},"guangqiu_":{"color":[{"time":0,"color":"ffffffff"},{"time":0.8333,"color":"ffffff74"},{"time":1.6667,"color":"ffffffff"},{"time":2.5,"color":"ffffff74"},{"time":3.3333,"color":"ffffffff"}],"attachment":[{"time":0,"name":"guangqiu_"}]},"guangqiu_2":{"color":[{"time":0,"color":"ffffff00"},{"time":0.8333,"color":"ffffffff"},{"time":1.6667,"color":"ffffff00"},{"time":2.5,"color":"ffffffff"},{"time":3.3333,"color":"ffffff00"}],"attachment":[{"time":0,"name":"guangqiu_"}]},"guangqiu_3":{"color":[{"time":0,"color":"ffffff00"},{"time":0.8333,"color":"ffffffff"},{"time":1.6667,"color":"ffffff00"},{"time":2.5,"color":"ffffffff"},{"time":3.3333,"color":"ffffff00"}],"attachment":[{"time":0,"name":"guangqiu_"}]},"guangqiu_4":{"color":[{"time":0,"color":"ffffff00"},{"time":0.8333,"color":"43c3ffff"},{"time":1.6667,"color":"ffffff00"},{"time":2.5,"color":"43c3ffff"},{"time":3.3333,"color":"ffffff00"}],"attachment":[{"time":0,"name":"thund002_"}]},"guangqiu_5":{"color":[{"time":0,"color":"ffffff4e"},{"time":0.8333,"color":"ffffff00"},{"time":1.6667,"color":"ffffff4e"},{"time":2.5,"color":"ffffff00"},{"time":3.3333,"color":"ffffff4e"}],"attachment":[{"time":0,"name":"guangqiu_"}]},"xx_00_":{"color":[{"time":0,"color":"ffffffff"},{"time":0.1,"color":"ffffff00","curve":"stepped"},{"time":1.0333,"color":"ffffff00"},{"time":1.1333,"color":"ffffffff"},{"time":1.2333,"color":"ffffff00","curve":"stepped"},{"time":2.2,"color":"ffffff00"},{"time":2.3,"color":"ffffffff"},{"time":2.4,"color":"ffffff00"}],"attachment":[{"time":0,"name":"xx_00_"}]},"xx_01_":{"color":[{"time":0,"color":"ffffff00"},{"time":0.1,"color":"ffffffff"},{"time":0.2,"color":"ffffff00","curve":"stepped"},{"time":1.1333,"color":"ffffff00"},{"time":1.2333,"color":"ffffffff"},{"time":1.3333,"color":"ffffff00","curve":"stepped"},{"time":2.3,"color":"ffffff00"},{"time":2.4,"color":"ffffffff"},{"time":2.4667,"color":"ffffff00"}],"attachment":[{"time":0,"name":"xx_01_"}]},"xx_02_":{"color":[{"time":0,"color":"ffffff00","curve":"stepped"},{"time":0.1,"color":"ffffff00"},{"time":0.2,"color":"ffffffff"},{"time":0.3,"color":"ffffff00","curve":"stepped"},{"time":1.2333,"color":"ffffff00"},{"time":1.3333,"color":"ffffffff"},{"time":1.4333,"color":"ffffff00","curve":"stepped"},{"time":2.4,"color":"ffffff00"},{"time":2.4667,"color":"ffffffff"},{"time":2.5667,"color":"ffffff00"}],"attachment":[{"time":0,"name":"xx_02_"}]},"xx_03_":{"color":[{"time":0,"color":"ffffff00","curve":"stepped"},{"time":0.2,"color":"ffffff00"},{"time":0.3,"color":"ffffffff"},{"time":0.3667,"color":"ffffff00","curve":"stepped"},{"time":1.3333,"color":"ffffff00"},{"time":1.4333,"color":"ffffffff"},{"time":1.5333,"color":"ffffff00","curve":"stepped"},{"time":2.4667,"color":"ffffff00"},{"time":2.5667,"color":"ffffffff"},{"time":2.6667,"color":"ffffff00"}],"attachment":[{"time":0,"name":"xx_03_"}]},"xx_04_":{"color":[{"time":0,"color":"ffffff00","curve":"stepped"},{"time":0.3,"color":"ffffff00"},{"time":0.3667,"color":"ffffffff"},{"time":0.4667,"color":"ffffff00","curve":"stepped"},{"time":1.4333,"color":"ffffff00"},{"time":1.5333,"color":"ffffffff"},{"time":1.6333,"color":"ffffff00","curve":"stepped"},{"time":2.5667,"color":"ffffff00"},{"time":2.6667,"color":"ffffffff"},{"time":2.7667,"color":"ffffff00"}],"attachment":[{"time":0,"name":"xx_04_"}]},"xx_05_":{"color":[{"time":0,"color":"ffffff00","curve":"stepped"},{"time":0.3667,"color":"ffffff00"},{"time":0.4667,"color":"ffffffff"},{"time":0.5667,"color":"ffffff00","curve":"stepped"},{"time":1.5333,"color":"ffffff00"},{"time":1.6333,"color":"ffffffff"},{"time":1.7333,"color":"ffffff00","curve":"stepped"},{"time":2.6667,"color":"ffffff00"},{"time":2.7667,"color":"ffffffff"},{"time":2.8667,"color":"ffffff00"}],"attachment":[{"time":0,"name":"xx_05_"}]},"xx_06_":{"color":[{"time":0,"color":"ffffff00","curve":"stepped"},{"time":0.4667,"color":"ffffff00"},{"time":0.5667,"color":"ffffffff"},{"time":0.6667,"color":"ffffff00","curve":"stepped"},{"time":1.6333,"color":"ffffff00"},{"time":1.7333,"color":"ffffffff"},{"time":1.8,"color":"ffffff00","curve":"stepped"},{"time":2.7667,"color":"ffffff00"},{"time":2.8667,"color":"ffffffff"},{"time":2.9667,"color":"ffffff00"}],"attachment":[{"time":0,"name":"xx_06_"}]},"xx_07_":{"color":[{"time":0,"color":"ffffff00","curve":"stepped"},{"time":0.5667,"color":"ffffff00"},{"time":0.6667,"color":"ffffffff"},{"time":0.7667,"color":"ffffff00","curve":"stepped"},{"time":1.7333,"color":"ffffff00"},{"time":1.8,"color":"ffffffff"},{"time":1.9,"color":"ffffff00","curve":"stepped"},{"time":2.8667,"color":"ffffff00"},{"time":2.9667,"color":"ffffffff"},{"time":3.0667,"color":"ffffff00"}],"attachment":[{"time":0,"name":"xx_07_"}]},"xx_08_":{"color":[{"time":0,"color":"ffffff00","curve":"stepped"},{"time":0.6667,"color":"ffffff00"},{"time":0.7667,"color":"ffffffff"},{"time":0.8667,"color":"ffffff00","curve":"stepped"},{"time":1.8,"color":"ffffff00"},{"time":1.9,"color":"ffffffff"},{"time":2,"color":"ffffff00","curve":"stepped"},{"time":2.9667,"color":"ffffff00"},{"time":3.0667,"color":"ffffffff"},{"time":3.1333,"color":"ffffff00"}],"attachment":[{"time":0,"name":"xx_08_"}]},"xx_09_":{"color":[{"time":0,"color":"ffffff00","curve":"stepped"},{"time":0.7667,"color":"ffffff00"},{"time":0.8667,"color":"ffffffff"},{"time":0.9667,"color":"ffffff00","curve":"stepped"},{"time":1.9,"color":"ffffff00"},{"time":2,"color":"ffffffff"},{"time":2.1,"color":"ffffff00","curve":"stepped"},{"time":3.0667,"color":"ffffff00"},{"time":3.1333,"color":"ffffffff"},{"time":3.2333,"color":"ffffff00"}],"attachment":[{"time":0,"name":"xx_09_"}]},"xx_10_":{"color":[{"time":0,"color":"ffffff00","curve":"stepped"},{"time":0.8667,"color":"ffffff00"},{"time":0.9667,"color":"ffffffff"},{"time":1.0333,"color":"ffffff00","curve":"stepped"},{"time":2,"color":"ffffff00"},{"time":2.1,"color":"ffffffff"},{"time":2.2,"color":"ffffff00","curve":"stepped"},{"time":3.1333,"color":"ffffff00"},{"time":3.2333,"color":"ffffffff"},{"time":3.3333,"color":"ffffff00"}],"attachment":[{"time":0,"name":"xx_10_"}]},"xx_11_":{"color":[{"time":0,"color":"ffffff00","curve":"stepped"},{"time":0.9667,"color":"ffffff00"},{"time":1.0333,"color":"ffffffff"},{"time":1.1333,"color":"ffffff00","curve":"stepped"},{"time":2.1,"color":"ffffff00"},{"time":2.2,"color":"ffffffff"},{"time":2.3,"color":"ffffff00","curve":"stepped"},{"time":3.2333,"color":"ffffff00"},{"time":3.3333,"color":"ffffffff"}],"attachment":[{"time":0,"name":"xx_11_"}]}},"bones":{"cuan1":{"translate":[{"time":0,"x":0,"y":-24.2},{"time":3.3333,"x":0,"y":18.66}],"scale":[{"time":0,"x":0.971,"y":1.079},{"time":3.3333,"x":0.971,"y":1.191}]},"cuan2":{"translate":[{"time":0,"x":0,"y":-65.92},{"time":3.3333,"x":0,"y":-24.2}],"scale":[{"time":0,"x":0.971,"y":1.079}]},"cuan3":{"translate":[{"time":0,"x":0,"y":-24.2},{"time":3.3333,"x":0,"y":18.66}],"scale":[{"time":0,"x":0.971,"y":1.079},{"time":3.3333,"x":0.971,"y":1.191}]},"cuan4":{"translate":[{"time":0,"x":0,"y":-65.92},{"time":3.3333,"x":0,"y":-24.2}],"scale":[{"time":0,"x":0.971,"y":1.079}]},"guangqiu4":{"translate":[{"time":0,"x":0,"y":-11.3},{"time":3.3333,"x":0,"y":0}],"scale":[{"time":0,"x":1,"y":1},{"time":3.3333,"x":1,"y":1.408}]}}}}}