{"skeleton":{"hash":"MchRpPJfwYDXhoXKXa5G2a9sMoQ","spine":"3.7.94","width":0,"height":0,"images":"./images/","audio":""},"bones":[{"name":"root"},{"name":"guanghuan_","parent":"root","scaleX":1.25,"scaleY":1.25}],"slots":[{"name":"guanghuan_","bone":"guanghuan_","blend":"additive"}],"skins":{"default":{"guanghuan_":{"guanghuan_00_":{"width":176,"height":176},"guanghuan_04_":{"width":176,"height":176},"guanghuan_08_":{"width":176,"height":176},"guanghuan_12_":{"width":176,"height":176},"guanghuan_16_":{"width":176,"height":176},"guanghuan_20_":{"width":176,"height":176},"guanghuan_24_":{"width":176,"height":176},"guanghuan_28_":{"width":176,"height":176},"guanghuan_32_":{"width":176,"height":176},"guanghuan_36_":{"width":176,"height":176},"guanghuan_40_":{"width":176,"height":176},"guanghuan_44_":{"width":176,"height":176},"guanghuan_48_":{"width":176,"height":176},"guanghuan_52_":{"width":176,"height":176},"guanghuan_56_":{"width":176,"height":176},"guanghuan_60_":{"width":176,"height":176}}}},"animations":{"animation":{"slots":{"guanghuan_":{"attachment":[{"time":0,"name":"guanghuan_00_"},{"time":0.1333,"name":"guanghuan_04_"},{"time":0.2667,"name":"guanghuan_08_"},{"time":0.4,"name":"guanghuan_12_"},{"time":0.5333,"name":"guanghuan_16_"},{"time":0.6667,"name":"guanghuan_20_"},{"time":0.8,"name":"guanghuan_24_"},{"time":0.9333,"name":"guanghuan_28_"},{"time":1.0667,"name":"guanghuan_32_"},{"time":1.2,"name":"guanghuan_36_"},{"time":1.3333,"name":"guanghuan_40_"},{"time":1.4667,"name":"guanghuan_44_"},{"time":1.6,"name":"guanghuan_48_"},{"time":1.7333,"name":"guanghuan_52_"},{"time":1.8667,"name":"guanghuan_56_"},{"time":2,"name":null}]}}}}}