{
"skeleton": { "hash": "Uc0gBn6mO8qf7jer5mDO1jUQbAw", "spine": "2.1.27", "width": 466.8, "height": 402 },
"bones": [
	{ "name": "root" },
	{ "name": "bone", "parent": "root", "scaleX": 1.2, "scaleY": 1.2 }
],
"slots": [
	{ "name": "Afuluo_gj_059_01_", "bone": "bone", "attachment": "Afuluo_gj_059_01_" },
	{ "name": "Afuluo_gj_058_01_", "bone": "bone", "attachment": "Afuluo_gj_058_01_" },
	{ "name": "Afuluo_gj_057_01_", "bone": "bone", "attachment": "Afuluo_gj_057_01_" },
	{ "name": "Afuluo_gj_056_01_", "bone": "bone", "attachment": "Afuluo_gj_056_01_" },
	{ "name": "Afuluo_gj_055_01_", "bone": "bone", "attachment": "Afuluo_gj_055_01_" },
	{ "name": "Afuluo_gj_054_01_", "bone": "bone", "attachment": "Afuluo_gj_054_01_" },
	{ "name": "Afuluo_gj_053_01_", "bone": "bone", "attachment": "Afuluo_gj_053_01_" },
	{ "name": "Afuluo_gj_052_01_", "bone": "bone", "attachment": "Afuluo_gj_052_01_" },
	{ "name": "Afuluo_gj_051_01_", "bone": "bone", "attachment": "Afuluo_gj_051_01_" },
	{ "name": "Afuluo_gj_050_02_", "bone": "bone", "attachment": "Afuluo_gj_050_02_" },
	{ "name": "Afuluo_gj_050_01_", "bone": "bone", "attachment": "Afuluo_gj_050_01_" },
	{ "name": "Afuluo_gj_049_02_", "bone": "bone", "attachment": "Afuluo_gj_049_02_" },
	{ "name": "Afuluo_gj_049_01_", "bone": "bone", "attachment": "Afuluo_gj_049_01_" },
	{ "name": "Afuluo_gj_048_02_", "bone": "bone", "attachment": "Afuluo_gj_048_02_" },
	{ "name": "Afuluo_gj_048_01_", "bone": "bone", "attachment": "Afuluo_gj_048_01_" },
	{ "name": "Afuluo_gj_047_02_", "bone": "bone", "attachment": "Afuluo_gj_047_02_" },
	{ "name": "Afuluo_gj_047_01_", "bone": "bone", "attachment": "Afuluo_gj_047_01_" },
	{ "name": "Afuluo_gj_046_02_", "bone": "bone", "attachment": "Afuluo_gj_046_02_" },
	{ "name": "Afuluo_gj_046_01_", "bone": "bone", "attachment": "Afuluo_gj_046_01_" },
	{ "name": "Afuluo_gj_045_02_", "bone": "bone", "attachment": "Afuluo_gj_045_02_" },
	{ "name": "Afuluo_gj_045_01_", "bone": "bone", "attachment": "Afuluo_gj_045_01_" },
	{ "name": "Afuluo_gj_044_02_", "bone": "bone", "attachment": "Afuluo_gj_044_02_" },
	{ "name": "Afuluo_gj_044_01_", "bone": "bone", "attachment": "Afuluo_gj_044_01_" },
	{ "name": "Afuluo_gj_043_02_", "bone": "bone", "attachment": "Afuluo_gj_043_02_" },
	{ "name": "Afuluo_gj_043_01_", "bone": "bone", "attachment": "Afuluo_gj_043_01_" },
	{ "name": "Afuluo_gj_042_02_", "bone": "bone", "attachment": "Afuluo_gj_042_02_" },
	{ "name": "Afuluo_gj_042_01_", "bone": "bone", "attachment": "Afuluo_gj_042_01_" },
	{ "name": "Afuluo_gj_041_02_", "bone": "bone", "attachment": "Afuluo_gj_041_02_" },
	{ "name": "Afuluo_gj_041_01_", "bone": "bone", "attachment": "Afuluo_gj_041_01_" },
	{ "name": "Afuluo_gj_040_02_", "bone": "bone", "attachment": "Afuluo_gj_040_02_" },
	{ "name": "Afuluo_gj_040_01_", "bone": "bone", "attachment": "Afuluo_gj_040_01_" },
	{ "name": "Afuluo_gj_039_02_", "bone": "bone", "attachment": "Afuluo_gj_039_02_" },
	{ "name": "Afuluo_gj_039_01_", "bone": "bone", "attachment": "Afuluo_gj_039_01_" },
	{ "name": "Afuluo_gj_038_02_", "bone": "bone", "attachment": "Afuluo_gj_038_02_" },
	{ "name": "Afuluo_gj_038_01_", "bone": "bone", "attachment": "Afuluo_gj_038_01_" },
	{ "name": "Afuluo_gj_037_02_", "bone": "bone", "attachment": "Afuluo_gj_037_02_" },
	{ "name": "Afuluo_gj_037_01_", "bone": "bone", "attachment": "Afuluo_gj_037_01_" },
	{ "name": "Afuluo_gj_036_02_", "bone": "bone", "attachment": "Afuluo_gj_036_02_" },
	{ "name": "Afuluo_gj_036_01_", "bone": "bone", "attachment": "Afuluo_gj_036_01_" },
	{ "name": "Afuluo_gj_035_02_", "bone": "bone", "attachment": "Afuluo_gj_035_02_" },
	{ "name": "Afuluo_gj_035_01_", "bone": "bone", "attachment": "Afuluo_gj_035_01_" },
	{ "name": "Afuluo_gj_034_02_", "bone": "bone", "attachment": "Afuluo_gj_034_02_" },
	{ "name": "Afuluo_gj_034_01_", "bone": "bone", "attachment": "Afuluo_gj_034_01_" },
	{ "name": "Afuluo_gj_033_02_", "bone": "bone", "attachment": "Afuluo_gj_033_02_" },
	{ "name": "Afuluo_gj_033_01_", "bone": "bone", "attachment": "Afuluo_gj_033_01_" },
	{ "name": "Afuluo_gj_032_02_", "bone": "bone", "attachment": "Afuluo_gj_032_02_" },
	{ "name": "Afuluo_gj_032_01_", "bone": "bone", "attachment": "Afuluo_gj_032_01_" },
	{ "name": "Afuluo_gj_031_02_", "bone": "bone", "attachment": "Afuluo_gj_031_02_" },
	{ "name": "Afuluo_gj_031_01_", "bone": "bone", "attachment": "Afuluo_gj_031_01_" },
	{ "name": "Afuluo_gj_030_02_", "bone": "bone", "attachment": "Afuluo_gj_030_02_" },
	{ "name": "Afuluo_gj_030_01_", "bone": "bone", "attachment": "Afuluo_gj_030_01_" },
	{ "name": "Afuluo_gj_029_01_", "bone": "bone", "attachment": "Afuluo_gj_029_01_" },
	{ "name": "Afuluo_gj_028_01_", "bone": "bone", "attachment": "Afuluo_gj_028_01_" },
	{ "name": "Afuluo_gj_027_01_", "bone": "bone", "attachment": "Afuluo_gj_027_01_" },
	{ "name": "Afuluo_gj_026_01_", "bone": "bone", "attachment": "Afuluo_gj_026_01_" },
	{ "name": "Afuluo_gj_025_02_", "bone": "bone", "attachment": "Afuluo_gj_025_02_" },
	{ "name": "Afuluo_gj_025_01_", "bone": "bone", "attachment": "Afuluo_gj_025_01_" },
	{ "name": "Afuluo_gj_024_02_", "bone": "bone", "attachment": "Afuluo_gj_024_02_" },
	{ "name": "Afuluo_gj_024_01_", "bone": "bone", "attachment": "Afuluo_gj_024_01_" },
	{ "name": "Afuluo_gj_023_02_", "bone": "bone", "attachment": "Afuluo_gj_023_02_" },
	{ "name": "Afuluo_gj_023_01_", "bone": "bone", "attachment": "Afuluo_gj_023_01_" },
	{ "name": "Afuluo_gj_022_02_", "bone": "bone", "attachment": "Afuluo_gj_022_02_" },
	{ "name": "Afuluo_gj_022_01_", "bone": "bone", "attachment": "Afuluo_gj_022_01_" },
	{ "name": "Afuluo_gj_021_02_", "bone": "bone", "attachment": "Afuluo_gj_021_02_" },
	{ "name": "Afuluo_gj_021_01_", "bone": "bone", "attachment": "Afuluo_gj_021_01_" },
	{ "name": "Afuluo_gj_020_02_", "bone": "bone", "attachment": "Afuluo_gj_020_02_" },
	{ "name": "Afuluo_gj_020_01_", "bone": "bone", "attachment": "Afuluo_gj_020_01_" },
	{ "name": "Afuluo_gj_019_01_", "bone": "bone", "attachment": "Afuluo_gj_019_01_" },
	{ "name": "Afuluo_gj_018_01_", "bone": "bone", "attachment": "Afuluo_gj_018_01_" },
	{ "name": "Afuluo_gj_017_01_", "bone": "bone", "attachment": "Afuluo_gj_017_01_" },
	{ "name": "Afuluo_gj_016_01_", "bone": "bone", "attachment": "Afuluo_gj_016_01_" },
	{ "name": "Afuluo_gj_015_01_", "bone": "bone", "attachment": "Afuluo_gj_015_01_" },
	{ "name": "Afuluo_gj_014_01_", "bone": "bone", "attachment": "Afuluo_gj_014_01_" },
	{ "name": "Afuluo_gj_013_01_", "bone": "bone", "attachment": "Afuluo_gj_013_01_" },
	{ "name": "Afuluo_gj_012_01_", "bone": "bone", "attachment": "Afuluo_gj_012_01_" },
	{ "name": "Afuluo_gj_011_01_", "bone": "bone", "attachment": "Afuluo_gj_011_01_" },
	{ "name": "Afuluo_gj_010_01_", "bone": "bone", "attachment": "Afuluo_gj_010_01_" },
	{ "name": "Afuluo_gj_009_01_", "bone": "bone", "attachment": "Afuluo_gj_009_01_" },
	{ "name": "Afuluo_gj_008_01_", "bone": "bone", "attachment": "Afuluo_gj_008_01_" },
	{ "name": "Afuluo_gj_007_01_", "bone": "bone", "attachment": "Afuluo_gj_007_01_" },
	{ "name": "Afuluo_gj_006_01_", "bone": "bone", "attachment": "Afuluo_gj_006_01_" },
	{ "name": "Afuluo_gj_005_01_", "bone": "bone", "attachment": "Afuluo_gj_005_01_" },
	{ "name": "Afuluo_gj_004_01_", "bone": "bone", "attachment": "Afuluo_gj_004_01_" },
	{ "name": "Afuluo_gj_003_01_", "bone": "bone", "attachment": "Afuluo_gj_003_01_" },
	{ "name": "Afuluo_gj_002_01_", "bone": "bone", "attachment": "Afuluo_gj_002_01_" },
	{ "name": "Afuluo_gj_001_01_", "bone": "bone", "attachment": "Afuluo_gj_001_01_" },
	{ "name": "Afuluo_gj_000_01_", "bone": "bone", "attachment": "Afuluo_gj_000_01_" }
],
"skins": {
	"default": {
		"Afuluo_gj_000_01_": {
			"Afuluo_gj_000_01_": { "x": -2.99, "y": 99.16, "width": 164, "height": 256 }
		},
		"Afuluo_gj_001_01_": {
			"Afuluo_gj_001_01_": { "x": -6.49, "y": 99.16, "width": 167, "height": 254 }
		},
		"Afuluo_gj_002_01_": {
			"Afuluo_gj_002_01_": { "x": -6.49, "y": 99.16, "width": 169, "height": 254 }
		},
		"Afuluo_gj_003_01_": {
			"Afuluo_gj_003_01_": { "x": -3.99, "y": 98.66, "width": 166, "height": 253 }
		},
		"Afuluo_gj_004_01_": {
			"Afuluo_gj_004_01_": { "x": -5.99, "y": 98.16, "width": 172, "height": 252 }
		},
		"Afuluo_gj_005_01_": {
			"Afuluo_gj_005_01_": { "x": 2, "y": 96.66, "width": 174, "height": 255 }
		},
		"Afuluo_gj_006_01_": {
			"Afuluo_gj_006_01_": { "x": -4.49, "y": 94.66, "width": 183, "height": 257 }
		},
		"Afuluo_gj_007_01_": {
			"Afuluo_gj_007_01_": { "x": -4.49, "y": 93.16, "width": 183, "height": 258 }
		},
		"Afuluo_gj_008_01_": {
			"Afuluo_gj_008_01_": { "x": -3.99, "y": 92.66, "width": 182, "height": 259 }
		},
		"Afuluo_gj_009_01_": {
			"Afuluo_gj_009_01_": { "x": -4.99, "y": 92.66, "width": 182, "height": 263 }
		},
		"Afuluo_gj_010_01_": {
			"Afuluo_gj_010_01_": { "x": -3.49, "y": 96.66, "width": 167, "height": 269 }
		},
		"Afuluo_gj_011_01_": {
			"Afuluo_gj_011_01_": { "x": -9.99, "y": 104.66, "width": 174, "height": 265 }
		},
		"Afuluo_gj_012_01_": {
			"Afuluo_gj_012_01_": { "x": -9.99, "y": 105.16, "width": 170, "height": 268 }
		},
		"Afuluo_gj_013_01_": {
			"Afuluo_gj_013_01_": { "x": -7.49, "y": 106.66, "width": 165, "height": 269 }
		},
		"Afuluo_gj_014_01_": {
			"Afuluo_gj_014_01_": { "x": -9.99, "y": 105.66, "width": 172, "height": 267 }
		},
		"Afuluo_gj_015_01_": {
			"Afuluo_gj_015_01_": { "x": -7.99, "y": 105.16, "width": 174, "height": 266 }
		},
		"Afuluo_gj_016_01_": {
			"Afuluo_gj_016_01_": { "x": -11.99, "y": 105.16, "width": 168, "height": 266 }
		},
		"Afuluo_gj_017_01_": {
			"Afuluo_gj_017_01_": { "x": -12.99, "y": 106.16, "width": 166, "height": 264 }
		},
		"Afuluo_gj_018_01_": {
			"Afuluo_gj_018_01_": { "x": -9.99, "y": 100.66, "width": 172, "height": 253 }
		},
		"Afuluo_gj_019_01_": {
			"Afuluo_gj_019_01_": { "x": -9.49, "y": 94.66, "width": 179, "height": 243 }
		},
		"Afuluo_gj_020_01_": {
			"Afuluo_gj_020_01_": { "x": -20.99, "y": 157.16, "width": 168, "height": 120 }
		},
		"Afuluo_gj_020_02_": {
			"Afuluo_gj_020_02_": { "x": -3.99, "y": 33.16, "width": 180, "height": 128 }
		},
		"Afuluo_gj_021_01_": {
			"Afuluo_gj_021_01_": { "x": -21.99, "y": 162.66, "width": 174, "height": 115 }
		},
		"Afuluo_gj_021_02_": {
			"Afuluo_gj_021_02_": { "x": -3.99, "y": 36.16, "width": 180, "height": 138 }
		},
		"Afuluo_gj_022_01_": {
			"Afuluo_gj_022_01_": { "x": -19.99, "y": 150.16, "width": 172, "height": 120 }
		},
		"Afuluo_gj_022_02_": {
			"Afuluo_gj_022_02_": { "x": -4.49, "y": 27.16, "width": 181, "height": 126 }
		},
		"Afuluo_gj_023_01_": {
			"Afuluo_gj_023_01_": { "x": -28.99, "y": 142.66, "width": 156, "height": 123 }
		},
		"Afuluo_gj_023_02_": {
			"Afuluo_gj_023_02_": { "x": -5.99, "y": 22.16, "width": 184, "height": 118 }
		},
		"Afuluo_gj_024_01_": {
			"Afuluo_gj_024_01_": { "x": -28.99, "y": 138.66, "width": 156, "height": 129 }
		},
		"Afuluo_gj_024_02_": {
			"Afuluo_gj_024_02_": { "x": -10.49, "y": 17.66, "width": 183, "height": 113 }
		},
		"Afuluo_gj_025_01_": {
			"Afuluo_gj_025_01_": { "x": -6.49, "y": 131.66, "width": 197, "height": 139 }
		},
		"Afuluo_gj_025_02_": {
			"Afuluo_gj_025_02_": { "x": -17.49, "y": 12.16, "width": 185, "height": 100 }
		},
		"Afuluo_gj_026_01_": {
			"Afuluo_gj_026_01_": { "x": -9.99, "y": 88.66, "width": 208, "height": 227 }
		},
		"Afuluo_gj_027_01_": {
			"Afuluo_gj_027_01_": { "x": 2.5, "y": 88.16, "width": 229, "height": 232 }
		},
		"Afuluo_gj_028_01_": {
			"Afuluo_gj_028_01_": { "x": 15.5, "y": 87.66, "width": 247, "height": 231 }
		},
		"Afuluo_gj_029_01_": {
			"Afuluo_gj_029_01_": { "x": 26.5, "y": 90.16, "width": 257, "height": 234 }
		},
		"Afuluo_gj_030_01_": {
			"Afuluo_gj_030_01_": { "x": -25.99, "y": 90.66, "width": 134, "height": 241 }
		},
		"Afuluo_gj_030_02_": {
			"Afuluo_gj_030_02_": { "x": 96.5, "y": 61.66, "width": 123, "height": 195 }
		},
		"Afuluo_gj_031_01_": {
			"Afuluo_gj_031_01_": { "x": -18.49, "y": 91.16, "width": 149, "height": 252 }
		},
		"Afuluo_gj_031_02_": {
			"Afuluo_gj_031_02_": { "x": 115.5, "y": 56.66, "width": 135, "height": 195 }
		},
		"Afuluo_gj_032_01_": {
			"Afuluo_gj_032_01_": { "x": -3.99, "y": 94.16, "width": 164, "height": 248 }
		},
		"Afuluo_gj_032_02_": {
			"Afuluo_gj_032_02_": { "x": 136.5, "y": 50.16, "width": 161, "height": 196 }
		},
		"Afuluo_gj_033_01_": {
			"Afuluo_gj_033_01_": { "x": -2.99, "y": 98.16, "width": 166, "height": 252 }
		},
		"Afuluo_gj_033_02_": {
			"Afuluo_gj_033_02_": { "x": 144.5, "y": 45.66, "width": 189, "height": 197 }
		},
		"Afuluo_gj_034_01_": {
			"Afuluo_gj_034_01_": { "x": 161, "y": 38.66, "width": 170, "height": 197 }
		},
		"Afuluo_gj_034_02_": {
			"Afuluo_gj_034_02_": { "x": -5.49, "y": 97.66, "width": 163, "height": 245 }
		},
		"Afuluo_gj_035_01_": {
			"Afuluo_gj_035_01_": { "x": 156.5, "y": 51.66, "width": 187, "height": 223 }
		},
		"Afuluo_gj_035_02_": {
			"Afuluo_gj_035_02_": { "x": -5.49, "y": 99.16, "width": 153, "height": 252 }
		},
		"Afuluo_gj_036_01_": {
			"Afuluo_gj_036_01_": { "x": 159, "y": 41.66, "width": 164, "height": 211 }
		},
		"Afuluo_gj_036_02_": {
			"Afuluo_gj_036_02_": { "x": -4.49, "y": 105.16, "width": 163, "height": 276 }
		},
		"Afuluo_gj_037_01_": {
			"Afuluo_gj_037_01_": { "x": 168, "y": 44.66, "width": 152, "height": 219 }
		},
		"Afuluo_gj_037_02_": {
			"Afuluo_gj_037_02_": { "x": 3.5, "y": 100.16, "width": 177, "height": 294 }
		},
		"Afuluo_gj_038_01_": {
			"Afuluo_gj_038_01_": { "x": 172, "y": 75.66, "width": 174, "height": 267 }
		},
		"Afuluo_gj_038_02_": {
			"Afuluo_gj_038_02_": { "x": 3, "y": 104.66, "width": 174, "height": 283 }
		},
		"Afuluo_gj_039_01_": {
			"Afuluo_gj_039_01_": { "x": 165, "y": 87.16, "width": 156, "height": 258 }
		},
		"Afuluo_gj_039_02_": {
			"Afuluo_gj_039_02_": { "x": -1.49, "y": 106.16, "width": 177, "height": 282 }
		},
		"Afuluo_gj_040_01_": {
			"Afuluo_gj_040_01_": { "x": 171.5, "y": 94.66, "width": 157, "height": 261 }
		},
		"Afuluo_gj_040_02_": {
			"Afuluo_gj_040_02_": { "x": 5, "y": 103.66, "width": 182, "height": 289 }
		},
		"Afuluo_gj_041_01_": {
			"Afuluo_gj_041_01_": { "x": 175.5, "y": 103.16, "width": 163, "height": 258 }
		},
		"Afuluo_gj_041_02_": {
			"Afuluo_gj_041_02_": { "x": 2.5, "y": 111.66, "width": 179, "height": 275 }
		},
		"Afuluo_gj_042_01_": {
			"Afuluo_gj_042_01_": { "x": 177, "y": 103.66, "width": 172, "height": 271 }
		},
		"Afuluo_gj_042_02_": {
			"Afuluo_gj_042_02_": { "x": 3.5, "y": 119.16, "width": 175, "height": 288 }
		},
		"Afuluo_gj_043_01_": {
			"Afuluo_gj_043_01_": { "x": 178.5, "y": 105.16, "width": 179, "height": 280 }
		},
		"Afuluo_gj_043_02_": {
			"Afuluo_gj_043_02_": { "x": 4.5, "y": 119.66, "width": 169, "height": 293 }
		},
		"Afuluo_gj_044_01_": {
			"Afuluo_gj_044_01_": { "x": 182.5, "y": 110.66, "width": 179, "height": 273 }
		},
		"Afuluo_gj_044_02_": {
			"Afuluo_gj_044_02_": { "x": 5.5, "y": 120.66, "width": 175, "height": 297 }
		},
		"Afuluo_gj_045_01_": {
			"Afuluo_gj_045_01_": { "x": 193.5, "y": 115.16, "width": 159, "height": 268 }
		},
		"Afuluo_gj_045_02_": {
			"Afuluo_gj_045_02_": { "x": 1.5, "y": 120.16, "width": 173, "height": 296 }
		},
		"Afuluo_gj_046_01_": {
			"Afuluo_gj_046_01_": { "x": 196.5, "y": 110.16, "width": 157, "height": 198 }
		},
		"Afuluo_gj_046_02_": {
			"Afuluo_gj_046_02_": { "x": -0.99, "y": 119.16, "width": 170, "height": 294 }
		},
		"Afuluo_gj_047_01_": {
			"Afuluo_gj_047_01_": { "x": 195, "y": 117.66, "width": 156, "height": 185 }
		},
		"Afuluo_gj_047_02_": {
			"Afuluo_gj_047_02_": { "x": 1, "y": 118.16, "width": 166, "height": 292 }
		},
		"Afuluo_gj_048_01_": {
			"Afuluo_gj_048_01_": { "x": 179, "y": 117.16, "width": 122, "height": 184 }
		},
		"Afuluo_gj_048_02_": {
			"Afuluo_gj_048_02_": { "x": -2.49, "y": 119.66, "width": 169, "height": 295 }
		},
		"Afuluo_gj_049_01_": {
			"Afuluo_gj_049_01_": { "x": 163, "y": 159.66, "width": 92, "height": 111 }
		},
		"Afuluo_gj_049_02_": {
			"Afuluo_gj_049_02_": { "x": -1.49, "y": 121.16, "width": 161, "height": 298 }
		},
		"Afuluo_gj_050_01_": {
			"Afuluo_gj_050_01_": { "x": 165.5, "y": 204.66, "width": 55, "height": 35 }
		},
		"Afuluo_gj_050_02_": {
			"Afuluo_gj_050_02_": { "x": -0.99, "y": 114.16, "width": 162, "height": 290 }
		},
		"Afuluo_gj_051_01_": {
			"Afuluo_gj_051_01_": { "x": -0.49, "y": 112.16, "width": 171, "height": 292 }
		},
		"Afuluo_gj_052_01_": {
			"Afuluo_gj_052_01_": { "x": 0.5, "y": 111.66, "width": 171, "height": 295 }
		},
		"Afuluo_gj_053_01_": {
			"Afuluo_gj_053_01_": { "x": -0.49, "y": 110.16, "width": 173, "height": 294 }
		},
		"Afuluo_gj_054_01_": {
			"Afuluo_gj_054_01_": { "x": -4.49, "y": 109.66, "width": 171, "height": 297 }
		},
		"Afuluo_gj_055_01_": {
			"Afuluo_gj_055_01_": { "x": -5.49, "y": 110.66, "width": 161, "height": 297 }
		},
		"Afuluo_gj_056_01_": {
			"Afuluo_gj_056_01_": { "x": -3.99, "y": 114.16, "width": 166, "height": 284 }
		},
		"Afuluo_gj_057_01_": {
			"Afuluo_gj_057_01_": { "x": -3.99, "y": 117.16, "width": 160, "height": 290 }
		},
		"Afuluo_gj_058_01_": {
			"Afuluo_gj_058_01_": { "x": -1.99, "y": 111.16, "width": 156, "height": 278 }
		},
		"Afuluo_gj_059_01_": {
			"Afuluo_gj_059_01_": { "x": -2.99, "y": 103.66, "width": 158, "height": 263 }
		}
	}
},
"animations": {
	"animation": {
		"slots": {
			"Afuluo_gj_000_01_": {
				"attachment": [
					{ "time": 0, "name": "Afuluo_gj_000_01_" },
					{ "time": 0.0333, "name": "Afuluo_gj_000_01_" },
					{ "time": 0.0666, "name": null }
				]
			},
			"Afuluo_gj_001_01_": {
				"attachment": [
					{ "time": 0, "name": null },
					{ "time": 0.0333, "name": null },
					{ "time": 0.0666, "name": "Afuluo_gj_001_01_" },
					{ "time": 0.1, "name": null }
				]
			},
			"Afuluo_gj_002_01_": {
				"attachment": [
					{ "time": 0, "name": null },
					{ "time": 0.0666, "name": null },
					{ "time": 0.1, "name": "Afuluo_gj_002_01_" },
					{ "time": 0.1333, "name": "Afuluo_gj_002_01_" },
					{ "time": 0.1666, "name": null }
				]
			},
			"Afuluo_gj_003_01_": {
				"attachment": [
					{ "time": 0, "name": null },
					{ "time": 0.1333, "name": null },
					{ "time": 0.1666, "name": "Afuluo_gj_003_01_" },
					{ "time": 0.2, "name": null }
				]
			},
			"Afuluo_gj_004_01_": {
				"attachment": [
					{ "time": 0, "name": null },
					{ "time": 0.1666, "name": null },
					{ "time": 0.2, "name": "Afuluo_gj_004_01_" },
					{ "time": 0.2333, "name": "Afuluo_gj_004_01_" },
					{ "time": 0.2666, "name": null }
				]
			},
			"Afuluo_gj_005_01_": {
				"attachment": [
					{ "time": 0, "name": null },
					{ "time": 0.2333, "name": null },
					{ "time": 0.2666, "name": "Afuluo_gj_005_01_" },
					{ "time": 0.3, "name": null }
				]
			},
			"Afuluo_gj_006_01_": {
				"attachment": [
					{ "time": 0, "name": null },
					{ "time": 0.2666, "name": null },
					{ "time": 0.3, "name": "Afuluo_gj_006_01_" },
					{ "time": 0.3333, "name": "Afuluo_gj_006_01_" },
					{ "time": 0.3666, "name": null }
				]
			},
			"Afuluo_gj_007_01_": {
				"attachment": [
					{ "time": 0, "name": null },
					{ "time": 0.3333, "name": null },
					{ "time": 0.3666, "name": "Afuluo_gj_007_01_" },
					{ "time": 0.4, "name": null }
				]
			},
			"Afuluo_gj_008_01_": {
				"attachment": [
					{ "time": 0, "name": null },
					{ "time": 0.3666, "name": null },
					{ "time": 0.4, "name": "Afuluo_gj_008_01_" },
					{ "time": 0.4333, "name": "Afuluo_gj_008_01_" },
					{ "time": 0.4666, "name": null }
				]
			},
			"Afuluo_gj_009_01_": {
				"attachment": [
					{ "time": 0, "name": null },
					{ "time": 0.4333, "name": null },
					{ "time": 0.4666, "name": "Afuluo_gj_009_01_" },
					{ "time": 0.5, "name": null }
				]
			},
			"Afuluo_gj_010_01_": {
				"attachment": [
					{ "time": 0, "name": null },
					{ "time": 0.4666, "name": null },
					{ "time": 0.5, "name": "Afuluo_gj_010_01_" },
					{ "time": 0.5333, "name": "Afuluo_gj_010_01_" },
					{ "time": 0.5666, "name": null }
				]
			},
			"Afuluo_gj_011_01_": {
				"attachment": [
					{ "time": 0, "name": null },
					{ "time": 0.5333, "name": null },
					{ "time": 0.5666, "name": "Afuluo_gj_011_01_" },
					{ "time": 0.6, "name": null }
				]
			},
			"Afuluo_gj_012_01_": {
				"attachment": [
					{ "time": 0, "name": null },
					{ "time": 0.5666, "name": null },
					{ "time": 0.6, "name": "Afuluo_gj_012_01_" },
					{ "time": 0.6333, "name": "Afuluo_gj_012_01_" },
					{ "time": 0.6666, "name": null }
				]
			},
			"Afuluo_gj_013_01_": {
				"attachment": [
					{ "time": 0, "name": null },
					{ "time": 0.6333, "name": null },
					{ "time": 0.6666, "name": "Afuluo_gj_013_01_" },
					{ "time": 0.7, "name": null }
				]
			},
			"Afuluo_gj_014_01_": {
				"attachment": [
					{ "time": 0, "name": null },
					{ "time": 0.6666, "name": null },
					{ "time": 0.7, "name": "Afuluo_gj_014_01_" },
					{ "time": 0.7333, "name": "Afuluo_gj_014_01_" },
					{ "time": 0.7666, "name": null }
				]
			},
			"Afuluo_gj_015_01_": {
				"attachment": [
					{ "time": 0, "name": null },
					{ "time": 0.7333, "name": null },
					{ "time": 0.7666, "name": "Afuluo_gj_015_01_" },
					{ "time": 0.8, "name": null }
				]
			},
			"Afuluo_gj_016_01_": {
				"attachment": [
					{ "time": 0, "name": null },
					{ "time": 0.7666, "name": null },
					{ "time": 0.8, "name": "Afuluo_gj_016_01_" },
					{ "time": 0.8333, "name": "Afuluo_gj_016_01_" },
					{ "time": 0.8666, "name": null }
				]
			},
			"Afuluo_gj_017_01_": {
				"attachment": [
					{ "time": 0, "name": null },
					{ "time": 0.8333, "name": null },
					{ "time": 0.8666, "name": "Afuluo_gj_017_01_" },
					{ "time": 0.9, "name": null }
				]
			},
			"Afuluo_gj_018_01_": {
				"attachment": [
					{ "time": 0, "name": null },
					{ "time": 0.8666, "name": null },
					{ "time": 0.9, "name": "Afuluo_gj_018_01_" },
					{ "time": 0.9333, "name": "Afuluo_gj_018_01_" },
					{ "time": 0.9666, "name": null }
				]
			},
			"Afuluo_gj_019_01_": {
				"attachment": [
					{ "time": 0, "name": null },
					{ "time": 0.9333, "name": null },
					{ "time": 0.9666, "name": "Afuluo_gj_019_01_" },
					{ "time": 1, "name": null }
				]
			},
			"Afuluo_gj_020_01_": {
				"attachment": [
					{ "time": 0, "name": null },
					{ "time": 0.9666, "name": null },
					{ "time": 1, "name": "Afuluo_gj_020_01_" },
					{ "time": 1.0333, "name": "Afuluo_gj_020_01_" },
					{ "time": 1.0666, "name": null }
				]
			},
			"Afuluo_gj_020_02_": {
				"attachment": [
					{ "time": 0, "name": null },
					{ "time": 0.9666, "name": null },
					{ "time": 1, "name": "Afuluo_gj_020_02_" },
					{ "time": 1.0333, "name": "Afuluo_gj_020_02_" },
					{ "time": 1.0666, "name": null }
				]
			},
			"Afuluo_gj_021_01_": {
				"attachment": [
					{ "time": 0, "name": null },
					{ "time": 1.0333, "name": null },
					{ "time": 1.0666, "name": "Afuluo_gj_021_01_" },
					{ "time": 1.1, "name": null }
				]
			},
			"Afuluo_gj_021_02_": {
				"attachment": [
					{ "time": 0, "name": null },
					{ "time": 1.0333, "name": null },
					{ "time": 1.0666, "name": "Afuluo_gj_021_02_" },
					{ "time": 1.1, "name": null }
				]
			},
			"Afuluo_gj_022_01_": {
				"attachment": [
					{ "time": 0, "name": null },
					{ "time": 1.0666, "name": null },
					{ "time": 1.1, "name": "Afuluo_gj_022_01_" },
					{ "time": 1.1333, "name": "Afuluo_gj_022_01_" },
					{ "time": 1.1666, "name": null }
				]
			},
			"Afuluo_gj_022_02_": {
				"attachment": [
					{ "time": 0, "name": null },
					{ "time": 1.0666, "name": null },
					{ "time": 1.1, "name": "Afuluo_gj_022_02_" },
					{ "time": 1.1333, "name": "Afuluo_gj_022_02_" },
					{ "time": 1.1666, "name": null }
				]
			},
			"Afuluo_gj_023_01_": {
				"attachment": [
					{ "time": 0, "name": null },
					{ "time": 1.1333, "name": null },
					{ "time": 1.1666, "name": "Afuluo_gj_023_01_" },
					{ "time": 1.2, "name": null }
				]
			},
			"Afuluo_gj_023_02_": {
				"attachment": [
					{ "time": 0, "name": null },
					{ "time": 1.1333, "name": null },
					{ "time": 1.1666, "name": "Afuluo_gj_023_02_" },
					{ "time": 1.2, "name": null }
				]
			},
			"Afuluo_gj_024_01_": {
				"attachment": [
					{ "time": 0, "name": null },
					{ "time": 1.1666, "name": null },
					{ "time": 1.2, "name": "Afuluo_gj_024_01_" },
					{ "time": 1.2333, "name": "Afuluo_gj_024_01_" },
					{ "time": 1.2666, "name": null }
				]
			},
			"Afuluo_gj_024_02_": {
				"attachment": [
					{ "time": 0, "name": null },
					{ "time": 1.1666, "name": null },
					{ "time": 1.2, "name": "Afuluo_gj_024_02_" },
					{ "time": 1.2333, "name": "Afuluo_gj_024_02_" },
					{ "time": 1.2666, "name": null }
				]
			},
			"Afuluo_gj_025_01_": {
				"attachment": [
					{ "time": 0, "name": null },
					{ "time": 1.2333, "name": null },
					{ "time": 1.2666, "name": "Afuluo_gj_025_01_" },
					{ "time": 1.3, "name": null }
				]
			},
			"Afuluo_gj_025_02_": {
				"attachment": [
					{ "time": 0, "name": null },
					{ "time": 1.2333, "name": null },
					{ "time": 1.2666, "name": "Afuluo_gj_025_02_" },
					{ "time": 1.3, "name": null }
				]
			},
			"Afuluo_gj_026_01_": {
				"attachment": [
					{ "time": 0, "name": null },
					{ "time": 1.2666, "name": null },
					{ "time": 1.3, "name": "Afuluo_gj_026_01_" },
					{ "time": 1.3333, "name": "Afuluo_gj_026_01_" },
					{ "time": 1.3666, "name": null }
				]
			},
			"Afuluo_gj_027_01_": {
				"attachment": [
					{ "time": 0, "name": null },
					{ "time": 1.3333, "name": null },
					{ "time": 1.3666, "name": "Afuluo_gj_027_01_" },
					{ "time": 1.4, "name": null }
				]
			},
			"Afuluo_gj_028_01_": {
				"attachment": [
					{ "time": 0, "name": null },
					{ "time": 1.3666, "name": null },
					{ "time": 1.4, "name": "Afuluo_gj_028_01_" },
					{ "time": 1.4333, "name": "Afuluo_gj_028_01_" },
					{ "time": 1.4666, "name": null }
				]
			},
			"Afuluo_gj_029_01_": {
				"attachment": [
					{ "time": 0, "name": null },
					{ "time": 1.4333, "name": null },
					{ "time": 1.4666, "name": "Afuluo_gj_029_01_" },
					{ "time": 1.5, "name": null }
				]
			},
			"Afuluo_gj_030_01_": {
				"attachment": [
					{ "time": 0, "name": null },
					{ "time": 1.4666, "name": null },
					{ "time": 1.5, "name": "Afuluo_gj_030_01_" },
					{ "time": 1.5333, "name": "Afuluo_gj_030_01_" },
					{ "time": 1.5666, "name": null }
				]
			},
			"Afuluo_gj_030_02_": {
				"attachment": [
					{ "time": 0, "name": null },
					{ "time": 1.4666, "name": null },
					{ "time": 1.5, "name": "Afuluo_gj_030_02_" },
					{ "time": 1.5333, "name": "Afuluo_gj_030_02_" },
					{ "time": 1.5666, "name": null }
				]
			},
			"Afuluo_gj_031_01_": {
				"attachment": [
					{ "time": 0, "name": null },
					{ "time": 1.5333, "name": null },
					{ "time": 1.5666, "name": "Afuluo_gj_031_01_" },
					{ "time": 1.6, "name": null }
				]
			},
			"Afuluo_gj_031_02_": {
				"attachment": [
					{ "time": 0, "name": null },
					{ "time": 1.5333, "name": null },
					{ "time": 1.5666, "name": "Afuluo_gj_031_02_" },
					{ "time": 1.6, "name": null }
				]
			},
			"Afuluo_gj_032_01_": {
				"attachment": [
					{ "time": 0, "name": null },
					{ "time": 1.5666, "name": null },
					{ "time": 1.6, "name": "Afuluo_gj_032_01_" },
					{ "time": 1.6333, "name": "Afuluo_gj_032_01_" },
					{ "time": 1.6666, "name": null }
				]
			},
			"Afuluo_gj_032_02_": {
				"attachment": [
					{ "time": 0, "name": null },
					{ "time": 1.5666, "name": null },
					{ "time": 1.6, "name": "Afuluo_gj_032_02_" },
					{ "time": 1.6333, "name": "Afuluo_gj_032_02_" },
					{ "time": 1.6666, "name": null }
				]
			},
			"Afuluo_gj_033_01_": {
				"attachment": [
					{ "time": 0, "name": null },
					{ "time": 1.6333, "name": null },
					{ "time": 1.6666, "name": "Afuluo_gj_033_01_" },
					{ "time": 1.7, "name": null }
				]
			},
			"Afuluo_gj_033_02_": {
				"attachment": [
					{ "time": 0, "name": null },
					{ "time": 1.6333, "name": null },
					{ "time": 1.6666, "name": "Afuluo_gj_033_02_" },
					{ "time": 1.7, "name": null }
				]
			},
			"Afuluo_gj_034_01_": {
				"attachment": [
					{ "time": 0, "name": null },
					{ "time": 1.6666, "name": null },
					{ "time": 1.7, "name": "Afuluo_gj_034_01_" },
					{ "time": 1.7333, "name": "Afuluo_gj_034_01_" },
					{ "time": 1.7666, "name": null }
				]
			},
			"Afuluo_gj_034_02_": {
				"attachment": [
					{ "time": 0, "name": null },
					{ "time": 1.6666, "name": null },
					{ "time": 1.7, "name": "Afuluo_gj_034_02_" },
					{ "time": 1.7333, "name": "Afuluo_gj_034_02_" },
					{ "time": 1.7666, "name": null }
				]
			},
			"Afuluo_gj_035_01_": {
				"attachment": [
					{ "time": 0, "name": null },
					{ "time": 1.7333, "name": null },
					{ "time": 1.7666, "name": "Afuluo_gj_035_01_" },
					{ "time": 1.8, "name": null }
				]
			},
			"Afuluo_gj_035_02_": {
				"attachment": [
					{ "time": 0, "name": null },
					{ "time": 1.7333, "name": null },
					{ "time": 1.7666, "name": "Afuluo_gj_035_02_" },
					{ "time": 1.8, "name": null }
				]
			},
			"Afuluo_gj_036_01_": {
				"attachment": [
					{ "time": 0, "name": null },
					{ "time": 1.7666, "name": null },
					{ "time": 1.8, "name": "Afuluo_gj_036_01_" },
					{ "time": 1.8333, "name": "Afuluo_gj_036_01_" },
					{ "time": 1.8666, "name": null }
				]
			},
			"Afuluo_gj_036_02_": {
				"attachment": [
					{ "time": 0, "name": null },
					{ "time": 1.7666, "name": null },
					{ "time": 1.8, "name": "Afuluo_gj_036_02_" },
					{ "time": 1.8333, "name": "Afuluo_gj_036_02_" },
					{ "time": 1.8666, "name": null }
				]
			},
			"Afuluo_gj_037_01_": {
				"attachment": [
					{ "time": 0, "name": null },
					{ "time": 1.8333, "name": null },
					{ "time": 1.8666, "name": "Afuluo_gj_037_01_" },
					{ "time": 1.9, "name": null }
				]
			},
			"Afuluo_gj_037_02_": {
				"attachment": [
					{ "time": 0, "name": null },
					{ "time": 1.8333, "name": null },
					{ "time": 1.8666, "name": "Afuluo_gj_037_02_" },
					{ "time": 1.9, "name": null }
				]
			},
			"Afuluo_gj_038_01_": {
				"attachment": [
					{ "time": 0, "name": null },
					{ "time": 1.8666, "name": null },
					{ "time": 1.9, "name": "Afuluo_gj_038_01_" },
					{ "time": 1.9333, "name": "Afuluo_gj_038_01_" },
					{ "time": 1.9666, "name": null }
				]
			},
			"Afuluo_gj_038_02_": {
				"attachment": [
					{ "time": 0, "name": null },
					{ "time": 1.8666, "name": null },
					{ "time": 1.9, "name": "Afuluo_gj_038_02_" },
					{ "time": 1.9333, "name": "Afuluo_gj_038_02_" },
					{ "time": 1.9666, "name": null }
				]
			},
			"Afuluo_gj_039_01_": {
				"attachment": [
					{ "time": 0, "name": null },
					{ "time": 1.9333, "name": null },
					{ "time": 1.9666, "name": "Afuluo_gj_039_01_" },
					{ "time": 2, "name": null }
				]
			},
			"Afuluo_gj_039_02_": {
				"attachment": [
					{ "time": 0, "name": null },
					{ "time": 1.9333, "name": null },
					{ "time": 1.9666, "name": "Afuluo_gj_039_02_" },
					{ "time": 2, "name": null }
				]
			},
			"Afuluo_gj_040_01_": {
				"attachment": [
					{ "time": 0, "name": null },
					{ "time": 1.9666, "name": null },
					{ "time": 2, "name": "Afuluo_gj_040_01_" },
					{ "time": 2.0333, "name": "Afuluo_gj_040_01_" },
					{ "time": 2.0666, "name": null }
				]
			},
			"Afuluo_gj_040_02_": {
				"attachment": [
					{ "time": 0, "name": null },
					{ "time": 1.9666, "name": null },
					{ "time": 2, "name": "Afuluo_gj_040_02_" },
					{ "time": 2.0333, "name": "Afuluo_gj_040_02_" },
					{ "time": 2.0666, "name": null }
				]
			},
			"Afuluo_gj_041_01_": {
				"attachment": [
					{ "time": 0, "name": null },
					{ "time": 2.0333, "name": null },
					{ "time": 2.0666, "name": "Afuluo_gj_041_01_" },
					{ "time": 2.1, "name": null }
				]
			},
			"Afuluo_gj_041_02_": {
				"attachment": [
					{ "time": 0, "name": null },
					{ "time": 2.0333, "name": null },
					{ "time": 2.0666, "name": "Afuluo_gj_041_02_" },
					{ "time": 2.1, "name": null }
				]
			},
			"Afuluo_gj_042_01_": {
				"attachment": [
					{ "time": 0, "name": null },
					{ "time": 2.0666, "name": null },
					{ "time": 2.1, "name": "Afuluo_gj_042_01_" },
					{ "time": 2.1333, "name": "Afuluo_gj_042_01_" },
					{ "time": 2.1666, "name": null }
				]
			},
			"Afuluo_gj_042_02_": {
				"attachment": [
					{ "time": 0, "name": null },
					{ "time": 2.0666, "name": null },
					{ "time": 2.1, "name": "Afuluo_gj_042_02_" },
					{ "time": 2.1333, "name": "Afuluo_gj_042_02_" },
					{ "time": 2.1666, "name": null }
				]
			},
			"Afuluo_gj_043_01_": {
				"attachment": [
					{ "time": 0, "name": null },
					{ "time": 2.1333, "name": null },
					{ "time": 2.1666, "name": "Afuluo_gj_043_01_" },
					{ "time": 2.2, "name": null }
				]
			},
			"Afuluo_gj_043_02_": {
				"attachment": [
					{ "time": 0, "name": null },
					{ "time": 2.1333, "name": null },
					{ "time": 2.1666, "name": "Afuluo_gj_043_02_" },
					{ "time": 2.2, "name": null }
				]
			},
			"Afuluo_gj_044_01_": {
				"attachment": [
					{ "time": 0, "name": null },
					{ "time": 2.1666, "name": null },
					{ "time": 2.2, "name": "Afuluo_gj_044_01_" },
					{ "time": 2.2333, "name": "Afuluo_gj_044_01_" },
					{ "time": 2.2666, "name": null }
				]
			},
			"Afuluo_gj_044_02_": {
				"attachment": [
					{ "time": 0, "name": null },
					{ "time": 2.1666, "name": null },
					{ "time": 2.2, "name": "Afuluo_gj_044_02_" },
					{ "time": 2.2333, "name": "Afuluo_gj_044_02_" },
					{ "time": 2.2666, "name": null }
				]
			},
			"Afuluo_gj_045_01_": {
				"attachment": [
					{ "time": 0, "name": null },
					{ "time": 2.2333, "name": null },
					{ "time": 2.2666, "name": "Afuluo_gj_045_01_" },
					{ "time": 2.3, "name": null }
				]
			},
			"Afuluo_gj_045_02_": {
				"attachment": [
					{ "time": 0, "name": null },
					{ "time": 2.2333, "name": null },
					{ "time": 2.2666, "name": "Afuluo_gj_045_02_" },
					{ "time": 2.3, "name": null }
				]
			},
			"Afuluo_gj_046_01_": {
				"attachment": [
					{ "time": 0, "name": null },
					{ "time": 2.2666, "name": null },
					{ "time": 2.3, "name": "Afuluo_gj_046_01_" },
					{ "time": 2.3333, "name": "Afuluo_gj_046_01_" },
					{ "time": 2.3666, "name": null }
				]
			},
			"Afuluo_gj_046_02_": {
				"attachment": [
					{ "time": 0, "name": null },
					{ "time": 2.2666, "name": null },
					{ "time": 2.3, "name": "Afuluo_gj_046_02_" },
					{ "time": 2.3333, "name": "Afuluo_gj_046_02_" },
					{ "time": 2.3666, "name": null }
				]
			},
			"Afuluo_gj_047_01_": {
				"attachment": [
					{ "time": 0, "name": null },
					{ "time": 2.3333, "name": null },
					{ "time": 2.3666, "name": "Afuluo_gj_047_01_" },
					{ "time": 2.4, "name": null }
				]
			},
			"Afuluo_gj_047_02_": {
				"attachment": [
					{ "time": 0, "name": null },
					{ "time": 2.3333, "name": null },
					{ "time": 2.3666, "name": "Afuluo_gj_047_02_" },
					{ "time": 2.4, "name": null }
				]
			},
			"Afuluo_gj_048_01_": {
				"attachment": [
					{ "time": 0, "name": null },
					{ "time": 2.3666, "name": null },
					{ "time": 2.4, "name": "Afuluo_gj_048_01_" },
					{ "time": 2.4333, "name": "Afuluo_gj_048_01_" },
					{ "time": 2.4666, "name": null }
				]
			},
			"Afuluo_gj_048_02_": {
				"attachment": [
					{ "time": 0, "name": null },
					{ "time": 2.3666, "name": null },
					{ "time": 2.4, "name": "Afuluo_gj_048_02_" },
					{ "time": 2.4333, "name": "Afuluo_gj_048_02_" },
					{ "time": 2.4666, "name": null }
				]
			},
			"Afuluo_gj_049_01_": {
				"attachment": [
					{ "time": 0, "name": null },
					{ "time": 2.4333, "name": null },
					{ "time": 2.4666, "name": "Afuluo_gj_049_01_" },
					{ "time": 2.5, "name": null }
				]
			},
			"Afuluo_gj_049_02_": {
				"attachment": [
					{ "time": 0, "name": null },
					{ "time": 2.4333, "name": null },
					{ "time": 2.4666, "name": "Afuluo_gj_049_02_" },
					{ "time": 2.5, "name": null }
				]
			},
			"Afuluo_gj_050_01_": {
				"attachment": [
					{ "time": 0, "name": null },
					{ "time": 2.4666, "name": null },
					{ "time": 2.5, "name": "Afuluo_gj_050_01_" },
					{ "time": 2.5333, "name": "Afuluo_gj_050_01_" },
					{ "time": 2.5666, "name": null }
				]
			},
			"Afuluo_gj_050_02_": {
				"attachment": [
					{ "time": 0, "name": null },
					{ "time": 2.4666, "name": null },
					{ "time": 2.5, "name": "Afuluo_gj_050_02_" },
					{ "time": 2.5333, "name": "Afuluo_gj_050_02_" },
					{ "time": 2.5666, "name": null }
				]
			},
			"Afuluo_gj_051_01_": {
				"attachment": [
					{ "time": 0, "name": null },
					{ "time": 2.5333, "name": null },
					{ "time": 2.5666, "name": "Afuluo_gj_051_01_" },
					{ "time": 2.6, "name": null }
				]
			},
			"Afuluo_gj_052_01_": {
				"attachment": [
					{ "time": 0, "name": null },
					{ "time": 2.5666, "name": null },
					{ "time": 2.6, "name": "Afuluo_gj_052_01_" },
					{ "time": 2.6333, "name": "Afuluo_gj_052_01_" },
					{ "time": 2.6666, "name": null }
				]
			},
			"Afuluo_gj_053_01_": {
				"attachment": [
					{ "time": 0, "name": null },
					{ "time": 2.6333, "name": null },
					{ "time": 2.6666, "name": "Afuluo_gj_053_01_" },
					{ "time": 2.7, "name": null }
				]
			},
			"Afuluo_gj_054_01_": {
				"attachment": [
					{ "time": 0, "name": null },
					{ "time": 2.6666, "name": null },
					{ "time": 2.7, "name": "Afuluo_gj_054_01_" },
					{ "time": 2.7333, "name": "Afuluo_gj_054_01_" },
					{ "time": 2.7666, "name": null }
				]
			},
			"Afuluo_gj_055_01_": {
				"attachment": [
					{ "time": 0, "name": null },
					{ "time": 2.7333, "name": null },
					{ "time": 2.7666, "name": "Afuluo_gj_055_01_" },
					{ "time": 2.8, "name": null }
				]
			},
			"Afuluo_gj_056_01_": {
				"attachment": [
					{ "time": 0, "name": null },
					{ "time": 2.7666, "name": null },
					{ "time": 2.8, "name": "Afuluo_gj_056_01_" },
					{ "time": 2.8333, "name": "Afuluo_gj_056_01_" },
					{ "time": 2.8666, "name": null }
				]
			},
			"Afuluo_gj_057_01_": {
				"attachment": [
					{ "time": 0, "name": null },
					{ "time": 2.8333, "name": null },
					{ "time": 2.8666, "name": "Afuluo_gj_057_01_" },
					{ "time": 2.9, "name": null }
				]
			},
			"Afuluo_gj_058_01_": {
				"attachment": [
					{ "time": 0, "name": null },
					{ "time": 2.8666, "name": null },
					{ "time": 2.9, "name": "Afuluo_gj_058_01_" },
					{ "time": 2.9333, "name": "Afuluo_gj_058_01_" },
					{ "time": 2.9666, "name": null }
				]
			},
			"Afuluo_gj_059_01_": {
				"attachment": [
					{ "time": 0, "name": null },
					{ "time": 2.9333, "name": null },
					{ "time": 2.9666, "name": "Afuluo_gj_059_01_" },
					{ "time": 3, "name": null }
				]
			}
		}
	}
}
}