{
"skeleton": { "hash": "ve9o+mH9EnxDuANi4TIoBuXhjgI", "spine": "2.1.27", "width": 0, "height": 0, "images": "" },
"bones": [
	{ "name": "root" },
	{ "name": "bone", "parent": "root", "length": 123.91, "x": 0.94, "rotation": 270 },
	{ "name": "bone2", "parent": "bone", "x": -422.83, "y": 17.33 },
	{ "name": "bone11", "parent": "bone2", "length": 129.84, "x": 47.06, "y": -29.72, "rotation": -7.18 },
	{ "name": "bone13", "parent": "bone2", "length": 115.83, "x": 45.82, "y": 89.7, "rotation": 17.07 },
	{ "name": "bone15", "parent": "bone2", "length": 113.44, "x": 50.17, "y": -149.73, "rotation": -22.65 },
	{ "name": "bone17", "parent": "bone2", "length": 47.14, "x": 24.09, "y": -61.2, "rotation": 171.93 },
	{ "name": "bone18", "parent": "bone2", "length": 31.12, "x": 12.89, "y": 3.48, "rotation": 2.25 },
	{ "name": "bone19", "parent": "bone2", "length": 48.3, "x": 20.98, "y": -136.46, "rotation": 168.43 },
	{ "name": "bone20", "parent": "bone2", "length": 66.16, "x": 6.04, "y": -157.56, "rotation": -81.05 },
	{ "name": "bone3", "parent": "bone2", "length": 134.95, "x": -13.07, "y": -1, "rotation": -172.37 },
	{ "name": "bone12", "parent": "bone11", "length": 139.58, "x": 129.84, "y": -0.58, "rotation": -2.72 },
	{ "name": "bone14", "parent": "bone13", "length": 112.95, "x": 115.88, "y": 0.22 },
	{ "name": "bone16", "parent": "bone15", "length": 144.24, "x": 114.01, "y": -0.28, "rotation": -0.9 },
	{ "name": "bone4", "parent": "bone3", "length": 158.68, "x": 134.94, "y": 0.22, "rotation": 11.56 },
	{ "name": "bone21", "parent": "bone4", "length": 186.59, "x": 86.26, "y": 90.54, "rotation": -162.39 },
	{ "name": "bone30", "parent": "bone4", "length": 64.18, "x": 138.01, "y": -103.95, "rotation": -76.89 },
	{ "name": "bone5", "parent": "bone4", "length": 94.32, "x": 148.34, "y": -31.38, "rotation": -26.74 },
	{ "name": "bone22", "parent": "bone21", "length": 167.36, "x": 186.59, "y": 0.24, "rotation": 41.91 },
	{ "name": "bone24", "parent": "bone21", "length": 47.91, "x": -38.8, "y": -8.25, "rotation": -7.23 },
	{ "name": "bone25", "parent": "bone21", "length": 63.43, "x": -14.67, "y": -6.11, "rotation": -11.13 },
	{ "name": "bone26", "parent": "bone5", "length": 48.85, "x": -38.72, "y": -1.78, "rotation": -154.29 },
	{ "name": "bone31", "parent": "bone5", "length": 39.42, "x": 104.75, "y": 42.07, "rotation": 102 },
	{ "name": "bone36", "parent": "bone5", "length": 49.91, "x": -30.21, "y": -92.38, "rotation": -132.87 },
	{ "name": "bone6", "parent": "bone5", "length": 15.66, "x": 43.3, "y": -35.75, "rotation": -163.34 },
	{ "name": "bone7", "parent": "bone5", "length": 68.65, "x": -48.59, "y": -72.21, "rotation": -111.09 },
	{ "name": "bone23", "parent": "bone22", "length": 80.77, "x": 161.01, "y": 0.41, "rotation": 17.89 },
	{ "name": "bone27", "parent": "bone26", "length": 49.57, "x": 48.85, "y": 0.04, "rotation": 40.37 },
	{ "name": "bone32", "parent": "bone31", "length": 39.03, "x": 39.42, "y": 0.14, "rotation": 29.2 },
	{ "name": "bone37", "parent": "bone36", "length": 44.85, "x": 49.92, "y": 0.15, "rotation": -3.15 },
	{ "name": "bone8", "parent": "bone7", "length": 69.49, "x": 66.96, "y": 0.34, "rotation": 28.09 },
	{ "name": "bone28", "parent": "bone27", "length": 53.44, "x": 49.58, "y": 0.16, "rotation": 27.81 },
	{ "name": "bone33", "parent": "bone32", "length": 38.14, "x": 39.03, "y": 0.02, "rotation": -21.48 },
	{ "name": "bone38", "parent": "bone37", "length": 52.4, "x": 44.84, "y": -0.03, "rotation": -2.25 },
	{ "name": "bone9", "parent": "bone8", "length": 68.42, "x": 66.04, "y": -0.21, "rotation": 13.58 },
	{ "name": "bone10", "parent": "bone9", "length": 51.44, "x": 68.09, "y": 0.03, "rotation": -41.89 },
	{ "name": "bone29", "parent": "bone28", "length": 42.05, "x": 60.03, "y": 0.91, "rotation": 13.71 },
	{ "name": "bone34", "parent": "bone33", "length": 33.63, "x": 38.53, "y": -0.1, "rotation": -51.28 },
	{ "name": "bone39", "parent": "bone38", "length": 39.28, "x": 52.97, "y": -0.36, "rotation": -5.89 },
	{ "name": "bone35", "parent": "bone34", "length": 34.64, "x": 33.63, "y": -0.04, "rotation": -34.93 }
],
"slots": [
	{ "name": "20_2", "bone": "bone20" },
	{ "name": "20_", "bone": "root" },
	{ "name": "18_", "bone": "root" },
	{ "name": "17_2", "bone": "bone" },
	{ "name": "17_", "bone": "root" },
	{ "name": "16_", "bone": "root" },
	{ "name": "15_", "bone": "root" },
	{ "name": "14_", "bone": "root" },
	{ "name": "13_2", "bone": "bone18" },
	{ "name": "13_", "bone": "root" },
	{ "name": "12_2", "bone": "bone17" },
	{ "name": "12_", "bone": "root" },
	{ "name": "11_2", "bone": "bone19" },
	{ "name": "11_", "bone": "root" },
	{ "name": "10_", "bone": "root" },
	{ "name": "09_", "bone": "root" },
	{ "name": "08_2", "bone": "bone30" },
	{ "name": "19_", "bone": "root" },
	{ "name": "08_", "bone": "root" },
	{ "name": "07_2", "bone": "bone5" },
	{ "name": "07_", "bone": "root" },
	{ "name": "06_2", "bone": "bone6" },
	{ "name": "06_", "bone": "root" },
	{ "name": "05_", "bone": "root" },
	{ "name": "04_", "bone": "root" },
	{ "name": "bone5", "bone": "bone5" },
	{ "name": "03_", "bone": "root" },
	{ "name": "02_", "bone": "root" },
	{ "name": "09_2", "bone": "bone25" },
	{ "name": "01_2", "bone": "bone24" },
	{ "name": "01_", "bone": "root" }
],
"skins": {
	"default": {
		"01_2": {
			"hero_53565_001_": { "x": 50.51, "y": 2.95, "rotation": 60.43, "width": 216, "height": 218 }
		},
		"02_": {
			"hero_53565_002_": {
				"type": "skinnedmesh",
				"uvs": [ 1, 0.43964, 1, 1, 0.85081, 1, 0.72051, 1, 0, 1, 0, 0.27918, 0, 0.19889, 0, 0.13847, 0, 0.09932, 0, 0.06188, 0, 0.03124, 0, 0, 1, 0, 0.17791, 0.06103, 0.16923, 0.14187, 0.17502, 0.2023, 0.1739, 0.09841, 0.17429, 0.02784, 0.1866, 0.26216, 0.03025, 0.36769, 0.21628, 0.31578, 0.24306, 0.36854, 0.04979, 0.42981, 0.08868, 0.49995, 0.2653, 0.4174, 0.3017, 0.45303, 0.1232, 0.55689, 0.17024, 0.62349, 0.34203, 0.47882, 0.42437, 0.51658, 0.25371, 0.71528, 0.34637, 0.76156, 0.46983, 0.55004, 0.53387, 0.57664, 0.43266, 0.80764, 0.57215, 0.84664, 0.60532, 0.59564, 0.70265, 0.51464, 0.63716, 0.93364, 0.82586, 0.48356, 0.90747, 0.46298, 0.42613, 0.62491 ],
				"triangles": [ 8, 9, 16, 9, 17, 13, 9, 10, 17, 13, 17, 12, 10, 11, 17, 17, 11, 12, 16, 9, 13, 13, 12, 16, 4, 5, 19, 22, 19, 20, 19, 18, 20, 19, 5, 18, 12, 20, 15, 5, 15, 18, 5, 6, 15, 20, 18, 15, 6, 14, 15, 14, 16, 15, 12, 15, 16, 6, 7, 14, 16, 14, 8, 14, 7, 8, 4, 30, 31, 4, 27, 30, 4, 26, 27, 4, 23, 26, 4, 22, 23, 4, 19, 22, 29, 30, 28, 30, 27, 28, 27, 25, 28, 27, 26, 25, 26, 24, 25, 26, 23, 24, 23, 21, 24, 23, 22, 21, 25, 12, 28, 12, 25, 21, 22, 20, 21, 25, 24, 21, 21, 20, 12, 34, 38, 4, 4, 31, 34, 34, 35, 38, 35, 36, 38, 38, 36, 37, 36, 35, 33, 35, 34, 33, 31, 41, 34, 33, 41, 32, 33, 34, 41, 31, 30, 41, 29, 41, 30, 41, 29, 32, 36, 33, 37, 33, 32, 37, 32, 29, 37, 29, 28, 37, 39, 37, 12, 28, 12, 37, 2, 40, 1, 40, 0, 1, 3, 39, 2, 2, 39, 40, 4, 38, 3, 3, 38, 39, 39, 38, 37, 40, 39, 12, 0, 40, 12 ],
				"vertices": [ 3, 36, 55.34, 40.4, 0.65576, 31, 104.25, 53.27, 0.32729, 21, 75.71, 148.87, 0.01693, 1, 36, 55.07, -42.52, 1, 2, 36, 29.12, -42.44, 0.98011, 31, 98.37, -33.43, 0.01988, 3, 36, 6.44, -42.36, 0.79463, 31, 76.32, -38.72, 0.205, 27, 135.17, 1.54, 3.6E-4, 2, 31, -45.58, -68, 0.19978, 27, 41.00999, -81.26, 0.80021, 2, 27, -29.44, -1.14, 0.0166, 21, 27.17, -19.9, 0.98339, 1, 21, 15.41, -18.19, 1, 2, 21, 6.56, -16.91, 0.808, 17, -49.64, 12.69, 0.19199, 2, 21, 0.83, -16.07, 0.52799, 17, -43.9, 13.45, 0.472, 1, 17, -38.41, 14.18, 1, 1, 17, -33.91, 14.78, 1, 1, 17, -29.33, 15.39, 1, 3, 36, 55.56, 105.47, 0.24131, 31, 89.05, 116.54, 0.68244, 21, 11.32, 158.23, 0.07624, 1, 17, -34.22, -16.48, 1, 4, 31, -46.6, 62.37, 0.01897, 27, -20.75, 33.56, 0.0048, 21, 11.29, 12.15, 0.78422, 17, -46.28, -16.54999, 0.19199, 3, 31, -43.54, 53.91, 0.01558, 27, -14.09, 27.51, 0.01423, 21, 20.29, 11.86, 0.97017, 4, 31, -47.32, 68.81, 0.01239, 27, -24.39, 38.93, 0.00314, 21, 5.05, 13.88, 0.51246, 17, -39.79, -16.51, 0.472, 1, 17, -29.43, -15.21, 1, 3, 31, -39.50999, 45.76, 0.01117, 27, -6.72, 22.19, 0.05114, 21, 29.35, 12.58, 0.93767, 2, 27, -16.84, -7.5, 0.22999, 21, 40.89, -16.58, 0.77, 3, 31, -32.63, 39.25, 0.01957, 27, 2.39, 19.64, 0.35216, 21, 37.93999, 16.54999, 0.62826, 3, 31, -26.28, 32.75, 0.07495, 27, 11.05, 16.85, 0.69141, 21, 46.34, 20.04, 0.23363, 2, 27, -8.21, -12.16, 0.56429, 21, 50.48, -14.54, 0.4357, 3, 31, -47.86, 7.56, 0.00597, 27, 3.72, -15.49, 0.86815, 21, 61.72, -9.33, 0.12587, 3, 31, -20.83, 26.62, 0.07495, 27, 18.73, 13.98, 0.69141, 21, 54.06, 22.83, 0.23363, 3, 31, -13.43, 22.97, 0.13407, 27, 26.97, 14.2, 0.82427, 21, 60.19, 28.34, 0.04164, 1, 27, 13.79, -17.85, 1, 2, 31, -29.79, -6.9, 0.01777, 27, 26.45, -19.85, 0.98222, 3, 31, -5.72, 20.9, 0.13407, 27, 34.75999, 15.97, 0.82427, 21, 64.97, 34.73, 0.04164, 3, 31, 9.51, 18.81, 0.77091, 27, 49.21, 21.24, 0.19117, 21, 72.57, 48.11, 0.03791, 2, 31, -12.49, -16.70999, 0.38683, 27, 46.33, -20.45, 0.61316, 2, 31, 4.78, -19.61, 0.73977, 27, 62.97, -14.95, 0.26022, 3, 31, 18.36, 15.84, 0.77091, 27, 58.43, 22.74, 0.19117, 21, 78.6, 55.22, 0.03791, 2, 31, 30.11, 14.61, 0.9925, 21, 84.1, 65.68, 0.00749, 3, 36, -43.54, -13.73, 0.0221, 31, 20.96999, -22.74, 0.88105, 27, 78.75, -10.16, 0.09684, 3, 36, -19.29, -19.58, 0.1878, 31, 45.92, -22.68, 0.79963, 27, 100.79, 1.53, 0.01256, 2, 31, 42.86, 14.78, 0.9925, 21, 88.68, 77.58, 0.00749, 3, 36, 3.57, 29.47, 0.41128, 31, 56.53, 30.39, 0.57381, 21, 79.25, 96.07, 0.01489, 3, 36, -8.02, -32.49, 0.41873, 31, 59.93, -32.56, 0.56457, 27, 117.79, -0.66, 0.01669, 3, 36, 25.02, 34, 0.66093, 31, 76.3, 39.87, 0.32508, 21, 77.78, 117.95, 0.01397, 3, 36, 39.23, 37, 0.7276, 31, 89.4, 46.15, 0.26095, 21, 76.81, 132.44, 0.01143, 1, 31, 13.55, 3.29, 1 ],
				"hull": 13,
				"edges": [ 22, 24, 18, 26, 28, 14, 12, 14, 12, 30, 30, 28, 26, 32, 32, 28, 14, 16, 16, 18, 32, 16, 26, 34, 18, 20, 20, 22, 34, 20, 30, 36, 8, 10, 10, 12, 36, 10, 10, 38, 38, 40, 40, 36, 40, 42, 42, 44, 44, 38, 44, 46, 46, 48, 48, 42, 48, 50, 50, 52, 52, 46, 52, 54, 54, 56, 56, 50, 56, 58, 58, 60, 60, 54, 60, 62, 64, 58, 64, 66, 66, 68, 68, 62, 68, 70, 70, 72, 72, 66, 72, 74, 74, 76, 76, 70, 6, 8, 76, 6, 2, 0, 0, 24, 78, 74, 78, 6, 0, 80, 80, 78, 2, 4, 4, 6, 80, 4, 62, 82, 82, 64, 82, 68 ],
				"width": 174,
				"height": 148
			}
		},
		"04_": {
			"hero_53565_004_": {
				"type": "skinnedmesh",
				"uvs": [ 1, 0.18688, 1, 0.33778, 1, 0.66786, 1, 1, 0.91477, 1, 0.82121, 1, 0, 1, 0, 0.23063, 0, 0.17546, 0, 0, 0.07847, 0, 0.10923, 0, 1, 0, 0.03669, 0.05898, 0.02102, 0.40852, 0.1568, 0.06828, 0.2091, 0.14471, 0.092, 0.57184, 0.27865, 0.21467, 0.22013, 0.76009, 0.36457, 0.24729, 0.34664, 0.80637, 0.42519, 0.26725, 0.44251, 0.78278, 0.48428, 0.18553, 0.52536, 0.7107, 0.55912, 0.11401, 0.57723, 0.61262, 0.60508, 0.54927, 0.59394, 0.12218, 0.71966, 0.07518, 0.75378, 0.08744, 0.7127, 0.55949, 0.68972, 0.53292, 0.73347, 0.10063, 0.70877, 0.52666, 0.7079, 0.27613, 0.80193, 0.11334, 0.71873, 0.58134, 0.72263, 0.67164, 0.85697, 0.16167, 0.92189, 0.23351, 0.73161, 0.86993, 0.72014, 0.7937, 0.89509, 0.20386, 0.9425, 0.14046, 0.78364, 0.96843, 0.54297, 0.3726 ],
				"triangles": [ 18, 16, 24, 15, 14, 7, 15, 7, 11, 11, 13, 10, 13, 11, 8, 11, 7, 8, 8, 9, 13, 13, 9, 10, 6, 14, 17, 14, 6, 7, 18, 17, 16, 15, 16, 14, 16, 17, 14, 16, 15, 26, 11, 26, 15, 18, 19, 17, 12, 30, 11, 4, 2, 3, 4, 5, 2, 43, 25, 39, 2, 5, 1, 46, 1, 5, 1, 46, 0, 39, 42, 43, 46, 42, 41, 41, 42, 39, 44, 41, 39, 46, 41, 0, 0, 41, 45, 41, 44, 45, 44, 40, 45, 45, 12, 0, 40, 37, 45, 45, 37, 12, 37, 31, 12, 37, 32, 31, 37, 38, 32, 40, 38, 37, 38, 39, 33, 38, 40, 39, 39, 40, 44, 31, 30, 12, 6, 46, 5, 46, 23, 42, 43, 42, 25, 25, 23, 22, 33, 39, 27, 38, 33, 32, 33, 35, 32, 35, 33, 36, 31, 32, 35, 34, 35, 36, 31, 35, 34, 34, 30, 31, 30, 26, 11, 33, 27, 28, 36, 28, 29, 29, 26, 30, 25, 47, 27, 29, 28, 26, 47, 26, 27, 26, 47, 24, 27, 26, 28, 24, 16, 26, 28, 36, 33, 34, 29, 30, 34, 36, 29, 39, 25, 27, 47, 25, 24, 25, 22, 24, 42, 23, 25, 46, 6, 21, 6, 19, 21, 23, 46, 21, 23, 21, 22, 19, 20, 21, 21, 20, 22, 22, 20, 24, 20, 18, 24, 18, 20, 19, 6, 17, 19 ],
				"vertices": [ 1, 35, 55.74, 40.52, 1, 1, 35, 62.44, 28.36, 1, 1, 35, 77.08999, 1.76, 1, 1, 35, 91.83, -25, 1, 1, 35, 71.67, -36.11, 1, 1, 35, 49.54, -48.3, 1, 1, 30, -68.76, -52.28, 1, 1, 25, -3.01, -16.02, 1, 1, 25, -5.44, -11.56, 1, 1, 25, -13.17, 2.59999, 1, 1, 25, 5.42, 12.75, 1, 1, 25, 12.71, 16.73, 1, 1, 35, 47.44, 55.59, 1, 1, 25, -1.88, 2.58, 1, 1, 25, 9.81, -27.67, 1, 1, 25, 26.99, 17.37, 1, 1, 25, 42.76, 17.95999, 1, 1, 25, 33.83, -31.67, 1, 2, 30, 5.78, 20.67, 0.512, 25, 62.33, 21.31, 0.48799, 2, 30, -9.54, -29.65, 0.512, 25, 72.5, -30.3, 0.48799, 3, 30, 29.01, 17.89, 0.61465, 34, -31.74, 26.29, 0.216, 25, 84.14, 29.79, 0.16934, 3, 30, 24.65, -33.58, 0.61465, 34, -48.07, -22.72, 0.216, 25, 104.53, -17.68, 0.16934, 3, 30, 45.39, 16.2, 0.5326, 34, -16.21999, 20.81, 0.416, 25, 99.38, 36.02, 0.05139, 3, 30, 50.51, -31.17, 0.5326, 34, -22.36, -26.44, 0.416, 25, 126.21, -3.37, 0.05139, 2, 30, 61.27, 23.87, 0.28799, 34, 1.01, 24.53, 0.712, 2, 30, 72.82, -24.33, 0.28799, 34, 0.92, -25.03, 0.712, 2, 30, 81.42, 30.64, 0.05599, 34, 22.19, 26.38, 0.944, 2, 30, 86.74, -15.17, 0.07999, 34, 16.6, -19.4, 0.92, 1, 34, 25.24, -15.42, 1, 1, 34, 31.17, 23.53, 1, 2, 34, 65.22, 20.08, 0.79999, 35, -15.52, 13, 0.2, 2, 34, 73.94, 16.9, 0.504, 35, -6.91, 16.45999, 0.49599, 2, 34, 53.33, -22.89, 0.504, 35, 4.32, -26.93, 0.49599, 2, 34, 47.84, -19.11, 0.79999, 35, -2.28, -27.78, 0.2, 2, 34, 68.32, 16.95999, 0.63998, 35, -11.13, 12.75, 0.36, 2, 34, 52.98, -19.70999, 0.63998, 35, 1.93, -24.79, 0.36, 2, 34, 57.95, 2.79, 0.63998, 35, -9.38, -4.71, 0.36, 2, 34, 86.07, 11.65, 0.36799, 35, 5.62, 20.65, 0.632, 2, 34, 54.47, -25.22, 0.36799, 35, 6.72, -27.9, 0.632, 2, 34, 53.62, -33.55, 0.24799, 35, 11.65, -34.66999, 0.752, 2, 34, 99.54, 3.96, 0.24799, 35, 20.79, 23.92, 0.752, 1, 35, 39.33, 26.59, 1, 1, 35, 22.58, -49.48, 1, 2, 34, 50.43, -44.34, 0.09599, 35, 16.48, -44.84, 0.904, 2, 34, 108.69, -2.13, 0.09599, 35, 31.68, 25.49, 0.904, 1, 35, 40.08, 36.77, 1, 1, 35, 39.25, -50.65, 1, 2, 30, 77.28, 6.81, 0.088, 34, 12.57, 4.19, 0.91199 ],
				"hull": 13,
				"edges": [ 12, 14, 22, 24, 14, 22, 14, 16, 16, 18, 16, 26, 18, 20, 20, 22, 26, 20, 14, 28, 28, 30, 30, 22, 30, 32, 32, 34, 34, 28, 32, 36, 36, 38, 38, 34, 36, 40, 40, 42, 42, 38, 40, 44, 44, 46, 46, 42, 44, 48, 48, 50, 50, 46, 48, 52, 52, 54, 54, 50, 54, 56, 56, 58, 58, 52, 58, 60, 60, 62, 62, 64, 64, 66, 66, 56, 62, 68, 68, 70, 70, 66, 70, 64, 68, 72, 72, 70, 62, 74, 74, 76, 76, 64, 76, 78, 78, 80, 80, 74, 82, 84, 84, 86, 86, 78, 80, 88, 88, 82, 82, 90, 0, 24, 90, 0, 84, 92, 92, 0, 0, 2, 10, 12, 2, 10, 92, 10, 2, 4, 4, 6, 6, 8, 8, 10, 4, 8, 52, 94, 94, 54 ],
				"width": 270,
				"height": 92
			}
		},
		"05_": {
			"hero_53565_005_": {
				"type": "skinnedmesh",
				"uvs": [ 1, 0.66687, 1, 0.82373, 1, 1, 0.77359, 1, 0.60655, 1, 0, 1, 0, 0.15588, 0, 0.10573, 0, 0.05903, 0, 0, 0.0477, 0, 1, 0, 0.08652, 0.02963, 0.14044, 0.05212, 0.22886, 0.10054, 0.04986, 0.18356, 0.10593, 0.26138, 0.31297, 0.16453, 0.39492, 0.25619, 0.14691, 0.35823, 0.22368, 0.45121, 0.46782, 0.34129, 0.5492, 0.43518, 0.32684, 0.54399, 0.62197, 0.51077, 0.40466, 0.61418, 0.49776, 0.70998, 0.70478, 0.61037, 0.82927, 0.65313, 0.47948, 0.82373, 0.52659, 0.93135, 0.9227, 0.66065, 0.36875, 0.58179, 0.58926, 0.47678 ],
				"triangles": [ 15, 6, 13, 11, 13, 10, 13, 7, 12, 13, 12, 10, 12, 7, 8, 12, 8, 10, 8, 9, 10, 13, 6, 7, 19, 6, 16, 18, 17, 11, 19, 16, 17, 19, 17, 18, 16, 14, 17, 16, 6, 15, 16, 15, 14, 17, 14, 11, 15, 13, 14, 14, 13, 11, 5, 20, 23, 22, 21, 11, 5, 19, 20, 23, 20, 21, 21, 18, 11, 20, 18, 21, 20, 19, 18, 23, 21, 22, 32, 23, 22, 32, 22, 33, 29, 26, 27, 29, 25, 26, 26, 24, 27, 26, 25, 24, 25, 33, 24, 28, 27, 24, 5, 32, 25, 25, 32, 33, 24, 33, 11, 33, 22, 11, 5, 23, 32, 29, 27, 28, 3, 1, 2, 1, 3, 0, 0, 3, 4, 4, 30, 31, 30, 28, 31, 30, 29, 28, 4, 31, 0, 5, 25, 29, 11, 31, 24, 6, 19, 5, 5, 30, 4, 5, 29, 30, 31, 11, 0, 24, 31, 28 ],
				"vertices": [ 1, 38, 23.66, 53.49, 1, 1, 38, 52.26, 38.11, 1, 1, 38, 84.4, 20.83, 1, 1, 38, 66.6, -12.27, 1, 1, 38, 53.46, -36.68999, 1, 1, 38, 5.76, -125.38, 1, 2, 23, -6.21, -20.45, 0.376, 17, -40.97, -73.91, 0.62399, 2, 23, -14.21, -13.84, 0.28, 17, -30.68, -72.54, 0.71999, 1, 17, -21.09, -71.26999, 1, 1, 17, -8.97999, -69.67, 1, 1, 17, -7.94, -77.51999, 1, 1, 38, -97.92, 118.89, 1, 2, 23, -17.2, 7.26, 0.28, 17, -13.17, -84.71, 0.71999, 2, 23, -7.91, 11.2, 0.376, 17, -16.61, -94.2, 0.62399, 2, 23, 9.16, 16.12999, 0.70399, 17, -24.62, -110.07, 0.296, 2, 23, 3.47, -17.71999, 0.70399, 17, -45.56, -82.87, 0.296, 2, 23, 21.82, -20.81, 0.89599, 17, -60.31, -94.21, 0.104, 2, 23, 28.27, 18.45, 0.89599, 17, -35.91999, -125.65, 0.104, 2, 29, 0.72, 16.76, 0.48, 23, 51.56, 16.85, 0.51999, 2, 29, -6.73, -28.91, 0.48, 23, 41.62, -28.34, 0.51999, 3, 33, -27.31, -31.15, 0.14105, 29, 16.32, -30.08, 0.78694, 23, 64.57, -30.78, 0.07199, 3, 33, -23.38, 15.16, 0.14105, 29, 22.08, 16.03, 0.78694, 23, 72.85, 14.96, 0.07199, 2, 33, 0.28, 15.42, 0.44, 29, 45.74, 15.36, 0.55999, 2, 33, -1.8, -27.77, 0.44, 29, 41.95, -27.71, 0.55999, 2, 33, 20.02, 16.62999, 0.90399, 29, 65.51, 15.79, 0.096, 2, 33, 17.46999, -25.24, 0.90399, 29, 61.31, -25.94, 0.096, 2, 38, -7.96, -24.16, 0.24, 33, 42.56, -23.58, 0.75999, 2, 38, -9.84, 15.87, 0.24, 33, 44.8, 16.43, 0.75999, 2, 38, 7.73, 29.88, 0.71999, 33, 63.73, 28.56, 0.28, 2, 38, 11.33, -37.99, 0.71999, 33, 60.35, -39.32, 0.28, 2, 38, 34.66, -41.65, 0.81599, 33, 83.17, -45.36, 0.184, 2, 38, 16.45, 42.8, 0.81599, 33, 73.73, 40.52, 0.184, 2, 33, 8.58, -26.4, 0.78399, 29, 52.38, -26.76, 0.216, 2, 33, 11.15, 16.09, 0.78399, 29, 56.62, 15.6, 0.216 ],
				"hull": 12,
				"edges": [ 14, 24, 18, 20, 20, 22, 24, 20, 14, 16, 16, 18, 20, 16, 10, 12, 12, 14, 12, 26, 26, 24, 26, 28, 28, 30, 30, 12, 30, 32, 32, 34, 34, 28, 34, 36, 36, 38, 38, 32, 38, 40, 40, 42, 42, 36, 42, 44, 44, 46, 46, 40, 48, 50, 50, 52, 52, 54, 54, 56, 0, 22, 52, 58, 58, 60, 8, 10, 60, 8, 58, 56, 0, 62, 62, 56, 60, 62, 0, 8, 4, 6, 6, 8, 0, 2, 2, 4, 6, 2, 48, 54, 46, 64, 64, 50, 44, 66, 66, 48, 64, 66 ],
				"width": 166,
				"height": 207
			}
		},
		"06_2": {
			"hero_53565_006_": { "x": -3.32, "y": -6.8, "rotation": 80.89, "width": 74, "height": 15 }
		},
		"07_2": {
			"hero_53565_007_": { "x": 31.93, "y": -16.84, "rotation": -82.44, "width": 188, "height": 205 }
		},
		"08_2": {
			"hero_53565_008_": { "x": 17.46, "y": -4.12, "rotation": -32.29, "width": 126, "height": 138 }
		},
		"09_2": {
			"hero_53565_009_": { "x": 50.58, "y": 16.55, "rotation": 64.33, "width": 225, "height": 228 }
		},
		"10_": {
			"hero_53565_010_": {
				"type": "skinnedmesh",
				"uvs": [ 1, 0.73105, 1, 1, 0.8549, 1, 0, 1, 0, 0.57843, 0, 0.524, 0, 0, 0.59532, 0, 1, 0, 0.07568, 0.48404, 0.24401, 0.46612, 0.40174, 0.54812, 0.0545, 0.67145, 0.18616, 0.74897, 0.4463, 0.62288, 0.51339, 0.68558, 0.31211, 0.79858, 0.36155, 0.82958, 0.44394, 0.8537, 0.56636, 0.69454, 0.544, 0.88953, 0.66524, 0.7097, 0.72409, 0.71728, 0.63581, 0.91089, 0.48612, 0.8688, 0.57813, 0.822, 0.6005, 0.77102, 0.79522, 0.75271, 0.78352, 0.90335, 0.81962, 0.90833, 0.81218, 0.76018, 0.76996, 0.74012, 0.71416, 0.90689, 0.62758, 0.38796, 0.73955, 0.52238, 0.68813, 0.55448, 0.57959, 0.41471, 0.6053, 0.40038, 0.71585, 0.53717, 0.6093, 0.57789, 0.52246, 0.42942, 0.51675, 0.47423, 0.57159, 0.56986, 0.28215, 0.1874 ],
				"triangles": [ 40, 36, 39, 39, 19, 42, 42, 14, 41, 41, 11, 40, 39, 42, 41, 40, 39, 41, 21, 39, 35, 35, 39, 36, 36, 40, 37, 10, 9, 43, 13, 11, 14, 3, 13, 16, 3, 12, 13, 3, 4, 12, 13, 12, 11, 12, 9, 10, 12, 4, 9, 4, 5, 9, 5, 6, 9, 17, 3, 16, 16, 13, 14, 15, 14, 42, 17, 16, 14, 14, 11, 41, 12, 10, 11, 40, 11, 10, 15, 17, 14, 19, 15, 42, 18, 17, 15, 18, 24, 3, 19, 18, 15, 31, 22, 34, 21, 35, 22, 27, 32, 31, 20, 3, 24, 3, 20, 23, 23, 32, 2, 23, 22, 32, 23, 20, 25, 23, 25, 26, 22, 23, 26, 32, 22, 31, 22, 26, 21, 20, 24, 25, 24, 18, 25, 18, 19, 26, 26, 25, 18, 26, 19, 21, 28, 32, 27, 19, 39, 21, 3, 17, 18, 34, 27, 31, 23, 2, 3, 10, 43, 40, 36, 37, 35, 35, 37, 38, 37, 33, 38, 38, 33, 34, 34, 33, 8, 37, 40, 43, 37, 43, 33, 43, 7, 33, 33, 7, 8, 1, 29, 0, 28, 29, 2, 1, 2, 29, 28, 30, 29, 29, 30, 0, 28, 27, 30, 0, 30, 34, 34, 30, 27, 34, 8, 0, 35, 38, 22, 22, 38, 34, 43, 6, 7, 32, 28, 2, 43, 9, 6 ],
				"vertices": [ 1, 26, 104.07, 58.19, 1, 1, 26, 79.6, -153.13, 1, 1, 26, 12.87, -145.41, 1, 3, 18, -170.23, -211.46, 0.1936, 15, 201.22, -270.82, 0.80602, 14, -187.42, 287.85, 3.6E-4, 1, 15, -65.81, -71.11, 1, 1, 15, -100.29, -45.32, 1, 1, 14, 559.6, 27.8, 1, 1, 26, -15.56, 654.16, 1, 1, 26, 170.56, 632.61, 1, 1, 15, -104.61, 1.67, 1, 1, 15, -69.28, 72.56, 1, 1, 15, 26.39, 92.2, 1, 1, 15, 8.22, -94.97, 1, 1, 15, 93.83, -82.87999, 1, 2, 18, -25.95, 121.49, 0.368, 15, 86.1, 73.3, 0.63199, 2, 18, 14.21, 78.94, 0.60799, 15, 144.42, 68.47, 0.392, 2, 18, -59.69, -26.94, 0.31199, 15, 160.18, -59.68, 0.688, 2, 18, -32.43999, -46.51, 0.79199, 15, 193.53, -56.04, 0.208, 2, 18, 8.68999, -57.76, 0.58398, 15, 231.66, -36.91, 0.416, 2, 18, 39.64, 76.79, 0.58398, 15, 164.79, 83.87, 0.416, 1, 18, 59.66, -76.48, 1, 1, 18, 86.88, 73.98, 1, 1, 18, 114.78, 73.44, 1, 4, 26, -79.78, -63.72, 0.09157, 18, 104.66, -84.73, 0.86694, 15, 321.09, 7.13, 0.04117, 14, -217.63, -13.34, 3.1E-4, 1, 18, 30.18, -65.65, 1, 1, 18, 64.71, -21.01, 1, 1, 18, 66.98, 20.54999, 1, 2, 26, 7.91, 52.07, 0.472, 18, 152.56, 52.4, 0.52799, 2, 26, -11.16, -65.66, 0.47673, 18, 170.56, -65.51, 0.52326, 1, 26, 4.98, -71.5, 1, 1, 26, 15.03, 45.3, 1, 2, 26, -2.55, 63.3, 0.176, 18, 139.14, 59.87, 0.82399, 2, 26, -43.38, -64.75, 0.176, 18, 139.61, -74.54, 0.82399, 1, 26, -36, 347.6, 1, 1, 26, 3.26, 236.01, 1, 2, 26, -23.3, 213.53, 0.56799, 14, 40.64, -128.9, 0.432, 2, 26, -60.51, 329.13, 0.56799, 14, 161.58, -117.78, 0.432, 2, 26, -47.38, 339.03, 0.912, 14, 168.37, -132.75, 0.08799, 2, 26, -8.97, 225.65, 0.912, 14, 49.35, -145.52, 0.08799, 1, 14, 35.15, -88.34, 1, 1, 14, 159.28, -88.98, 1, 1, 14, 126.68, -74.83, 1, 1, 14, 46.89, -73.94, 1, 1, 26, -176.64, 523.57, 1 ],
				"hull": 9,
				"edges": [ 10, 12, 10, 18, 18, 20, 20, 22, 22, 24, 6, 8, 8, 10, 24, 8, 24, 26, 26, 28, 28, 22, 28, 30, 32, 26, 32, 34, 34, 36, 30, 38, 38, 36, 38, 42, 42, 44, 46, 40, 36, 48, 48, 40, 48, 50, 50, 52, 52, 38, 54, 56, 56, 58, 58, 60, 60, 54, 2, 4, 4, 6, 58, 4, 44, 46, 44, 62, 62, 54, 46, 64, 64, 56, 62, 64, 2, 0, 0, 16, 60, 0, 66, 68, 70, 72, 66, 74, 74, 72, 68, 76, 76, 70, 74, 76, 70, 78, 78, 80, 80, 72, 80, 82, 82, 84, 78, 84, 66, 86, 12, 14, 14, 16, 86, 14 ],
				"width": 463,
				"height": 791
			}
		},
		"11_2": {
			"hero_53565_011_": { "x": -10.22, "y": -1.71, "rotation": -78.43, "width": 77, "height": 275 }
		},
		"12_2": {
			"hero_53565_012_": { "x": -31.52, "y": -3.83, "rotation": -81.93, "width": 113, "height": 180 }
		},
		"13_2": {
			"hero_53565_013_": { "x": -3.7, "y": -29.19, "rotation": 87.74, "width": 285, "height": 89 }
		},
		"14_": {
			"hero_53565_014_": {
				"type": "skinnedmesh",
				"uvs": [ 1, 0.08518, 1, 0.17196, 1, 0.29514, 1, 0.4267, 1, 0.57775, 1, 0.76251, 1, 0.89128, 1, 1, 0.89826, 1, 0.58044, 1, 0, 1, 0, 0.93607, 0, 0.85489, 0, 0.74851, 0, 0, 0.26917, 0, 1, 0, 0.12501, 0.39311, 0.21121, 0.15804, 0.16738, 0.27757, 0.24791, 0.05797, 0.0693, 0.54976 ],
				"triangles": [ 15, 16, 0, 8, 6, 7, 8, 9, 6, 12, 6, 9, 9, 10, 11, 9, 11, 12, 12, 5, 6, 12, 13, 5, 13, 21, 5, 21, 4, 5, 21, 13, 14, 21, 17, 4, 17, 3, 4, 21, 14, 17, 17, 19, 3, 19, 2, 3, 17, 14, 19, 19, 18, 2, 18, 1, 2, 19, 14, 18, 18, 20, 1, 20, 0, 1, 18, 14, 20, 20, 15, 0, 20, 14, 15 ],
				"vertices": [ 3, 3, 9.39, 94.29, 0.80423, 11, -124.82, 89.04, 0.00376, 2, 68.16, 62.66, 0.192, 2, 3, 35.99, 97.64, 0.96788, 11, -98.4, 93.65, 0.0321, 2, 3, 73.76, 102.39, 0.85485, 11, -60.91, 100.19, 0.14514, 2, 3, 114.09, 107.47, 0.60845, 11, -20.86, 107.18, 0.39154, 2, 3, 160.4, 113.3, 0.28446, 11, 25.11, 115.2, 0.71553, 2, 3, 217.04, 120.43, 0.06039, 11, 81.35, 125.02, 0.9396, 2, 3, 256.52, 125.4, 0.01008, 11, 120.55, 131.86, 0.98991, 2, 3, 289.85, 129.59, 9.0E-5, 11, 153.64, 137.63, 0.9999, 1, 11, 158.26, 111.18, 1, 1, 11, 172.68, 28.52, 1, 1, 11, 199.02, -122.43, 1, 2, 3, 303.22, -134.8, 8.3E-4, 11, 179.56, -125.82, 0.99916, 2, 3, 278.33, -137.93, 0.00824, 11, 154.85, -130.13, 0.99175, 2, 3, 245.72, -142.04, 0.03967, 11, 122.47, -135.79, 0.96032, 2, 3, 16.24, -170.92, 0.91666, 11, -105.37, -175.55, 0.08333, 1, 2, 41.83, -130.27, 1, 1, 2, 41.83, 62.66, 1, 2, 3, 132.64, -123.01, 0.42025, 11, 8.60999, -122.15, 0.57974, 2, 3, 57.73, -109.5, 0.86438, 11, -66.85, -112.22, 0.13561, 2, 3, 95.82, -116.37, 0.68467, 11, -28.47, -117.27, 0.31531, 3, 3, 25.84, -103.75, 0.76443, 11, -98.97, -107.99, 0.04356, 2, 59.75, -135.88, 0.192, 2, 3, 182.5, -131.55, 0.19514, 11, 58.83, -128.32, 0.80485 ],
				"hull": 17,
				"edges": [ 28, 30, 30, 32, 34, 6, 36, 2, 34, 38, 38, 36, 2, 4, 4, 6, 38, 4, 30, 40, 40, 36, 2, 0, 0, 32, 40, 0, 34, 42, 6, 8, 42, 8, 26, 28, 42, 26, 8, 10, 26, 10, 20, 22, 18, 20, 22, 18, 22, 24, 24, 26, 10, 12, 12, 14, 24, 12, 14, 16, 16, 18, 12, 16 ],
				"width": 264,
				"height": 309
			}
		},
		"15_": {
			"hero_53565_015_": {
				"type": "skinnedmesh",
				"uvs": [ 1, 0.03861, 1, 0.07543, 1, 1, 0.31703, 1, 0.20487, 1, 0, 1, 0, 0.95732, 0, 0.91433, 0, 0, 0.72475, 0, 1, 0, 0.74544, 0.47749, 0.37813, 0.40532, 0.69455, 0.0353, 0.64099, 0.09794, 0.9615, 0.13623, 0.52596, 0.23245, 0.87123, 0.2788, 0.45307, 0.31769, 0.80855, 0.37781, 0.65351, 0.60671, 0.28539, 0.55226, 0.51546, 0.77536, 0.17035, 0.70802, 0.35441, 0.97164 ],
				"triangles": [ 9, 0, 1, 9, 10, 0, 13, 8, 9, 13, 9, 1, 11, 18, 19, 19, 17, 2, 18, 8, 16, 18, 16, 19, 19, 16, 17, 14, 13, 15, 15, 13, 1, 15, 1, 2, 17, 14, 15, 14, 8, 13, 16, 14, 17, 17, 15, 2, 16, 8, 14, 12, 18, 11, 3, 24, 2, 24, 22, 2, 22, 20, 2, 20, 11, 2, 3, 4, 24, 7, 24, 4, 4, 5, 6, 24, 7, 23, 24, 23, 22, 7, 4, 6, 7, 8, 23, 23, 21, 22, 22, 21, 20, 23, 8, 21, 21, 12, 20, 20, 12, 11, 21, 8, 12, 11, 19, 2, 12, 8, 18 ],
				"vertices": [ 1, 2, 47.45, -132.33, 1, 2, 5, 0.13, 18.9, 0.496, 2, 57.58, -132.33, 0.50399, 1, 13, 118.92, 118.96, 1, 1, 13, 156.29, 33.18999, 1, 1, 13, 162.43, 19.1, 1, 1, 13, 173.64, -6.62, 1, 1, 13, 162.88, -11.31, 1, 1, 13, 152.05, -16.03, 1, 1, 13, -78.46, -116.47, 1, 1, 2, 36.83, -170.04, 1, 1, 2, 36.83, -132.33, 1, 2, 13, 1.12, 29.6, 0.51199, 5, 115.6, 29.28, 0.488, 2, 13, 3.03, -24.45, 0.51199, 5, 116.66, -24.79, 0.488, 2, 5, 6.06, -23.95, 0.496, 2, 46.54, -174.18, 0.50399, 1, 5, 24.78, -24.09, 1, 1, 5, 17.59, 20.46999, 1, 1, 5, 64.99, -24.4, 1, 1, 5, 58.54, 24.16, 1, 2, 13, -23.16, -24.67, 0.11999, 5, 90.47, -24.59, 0.88, 2, 13, -27.45, 26.57, 0.11999, 5, 86.97, 26.71, 0.88, 2, 13, 38.73, 32.24, 0.824, 5, 153.25, 31.34, 0.17599, 2, 13, 45.15, -19.95999, 0.824, 5, 158.85, -20.95999, 0.17599, 2, 13, 88.8, 33.43, 0.92, 5, 203.33, 31.74, 0.07999, 2, 13, 90.71, -17.29999, 0.92, 5, 204.44, -19.01, 0.07999, 1, 13, 147.1, 34.77, 1 ],
				"hull": 11,
				"edges": [ 4, 2, 22, 24, 16, 18, 18, 20, 2, 0, 0, 20, 18, 0, 18, 26, 2, 26, 28, 26, 2, 30, 28, 30, 32, 28, 34, 30, 32, 34, 24, 36, 36, 32, 22, 38, 38, 34, 36, 38, 22, 40, 40, 42, 42, 24, 40, 44, 44, 46, 46, 42, 14, 16, 46, 14, 10, 12, 12, 14, 8, 10, 12, 8, 48, 44, 4, 6, 6, 8, 48, 6, 48, 14 ],
				"width": 137,
				"height": 275
			}
		},
		"16_": {
			"hero_53565_016_": {
				"type": "skinnedmesh",
				"uvs": [ 1, 1, 0.67247, 1, 0.54084, 1, 0, 1, 0, 0.32772, 0, 0.16618, 0, 0.12285, 0, 0.07163, 0, 0, 0.33536, 0, 1, 0, 0.40846, 0.08739, 0.37339, 0.04547, 0.48887, 0.24695, 0.0722, 0.48728, 0.57293, 0.41636, 0.63829, 0.51082, 0.09142, 0.59058, 0.1306, 0.72243, 0.72516, 0.63622, 0.20425, 0.84627, 0.80245, 0.7604, 0.88662, 0.86409, 0.35756, 0.93862, 0.2765, 0.88979, 0.84716, 0.81548, 0.93471, 0.93862, 0.91786, 0.9125, 0.0815, 0.53723, 0.60479, 0.4624, 0.52636, 0.32251, 0.02845, 0.39059 ],
				"triangles": [ 5, 6, 12, 6, 7, 9, 7, 8, 9, 6, 9, 12, 12, 9, 10, 28, 14, 15, 14, 30, 15, 4, 11, 13, 5, 12, 11, 4, 5, 11, 3, 4, 31, 14, 31, 30, 31, 13, 30, 31, 4, 13, 30, 13, 10, 13, 11, 10, 28, 31, 14, 15, 30, 10, 28, 15, 29, 17, 29, 16, 29, 15, 10, 1, 26, 0, 10, 0, 22, 1, 27, 26, 1, 2, 27, 2, 22, 27, 3, 23, 2, 3, 24, 23, 3, 20, 24, 2, 23, 22, 3, 18, 20, 3, 17, 18, 3, 28, 17, 0, 26, 27, 23, 25, 22, 23, 24, 25, 0, 27, 22, 24, 21, 25, 24, 20, 21, 22, 25, 10, 20, 19, 21, 20, 18, 19, 25, 21, 10, 21, 19, 10, 18, 16, 19, 18, 17, 16, 19, 16, 10, 16, 29, 10, 28, 3, 31, 17, 28, 29, 11, 12, 10 ],
				"vertices": [ 1, 12, 182.29, 44.2, 1, 1, 12, 166.34, -7.76, 1, 1, 12, 159.93, -28.65, 1, 1, 12, 133.58, -114.48, 1, 1, 4, 51.52, -53.51, 1, 1, 4, 3.95, -38.91, 1, 1, 2, 47.67, 53.66, 1, 1, 2, 31.9, 53.66, 1, 1, 2, 9.83, 53.66, 1, 1, 2, 9.83, 109.33, 1, 1, 12, -112.15, 134.57, 1, 1, 4, 0.64999, 33.02, 1, 1, 2, 23.84, 115.64, 1, 1, 4, 51.55, 31.36, 1, 2, 12, -13.86, -56.69, 0.22399, 4, 102.01, -56.47, 0.776, 2, 12, -10.35, 29.17, 0.22399, 4, 105.52, 29.39, 0.776, 2, 12, 20.64, 31.01, 0.68799, 4, 136.52, 31.23, 0.312, 2, 12, 17.49, -62.97, 0.68799, 4, 133.37, -62.75, 0.312, 2, 12, 58.22, -68.67, 0.768, 4, 174.1, -68.44999, 0.23199, 2, 12, 61.79, 33.46, 0.768, 4, 177.67, 33.68, 0.23199, 2, 12, 98.27, -68.17, 0.90399, 4, 214.15, -67.94999, 0.096, 2, 12, 102.12, 34.50999, 0.90399, 4, 218, 34.73, 0.096, 1, 12, 136.75, 38.49, 1, 1, 12, 132.93, -52.19, 1, 1, 12, 114.6, -60.64, 1, 1, 12, 120.51, 36.62, 1, 1, 12, 161.04, 39.39, 1, 1, 12, 152.53, 39.08, 1, 2, 12, 1.29, -59.73, 0.49599, 4, 117.17, -59.51, 0.504, 2, 12, 4.75, 30.07, 0.49599, 4, 120.63, 30.29, 0.504, 2, 12, -40.25, 30.26, 0.08799, 4, 75.62, 30.48, 0.912, 2, 12, -44.46, -54.89, 0.08799, 4, 71.42, -54.67, 0.912 ],
				"hull": 11,
				"edges": [ 0, 20, 10, 22, 16, 18, 18, 20, 14, 16, 18, 14, 10, 12, 12, 14, 18, 24, 24, 22, 12, 24, 22, 26, 6, 8, 8, 10, 26, 8, 28, 30, 32, 34, 34, 36, 36, 38, 38, 32, 36, 40, 40, 42, 42, 38, 44, 46, 40, 48, 48, 46, 42, 50, 50, 44, 48, 50, 4, 6, 46, 4, 44, 54, 54, 52, 4, 54, 0, 2, 2, 4, 52, 2, 28, 56, 56, 34, 30, 58, 58, 32, 56, 58, 26, 60, 60, 30, 8, 62, 62, 28, 60, 62 ],
				"width": 166,
				"height": 308
			}
		},
		"17_2": {
			"hero_53565_017_": { "x": -229.5, "y": -6, "rotation": 90, "width": 514, "height": 459 }
		},
		"18_": {
			"hero_53565_018_": {
				"type": "skinnedmesh",
				"uvs": [ 1, 1, 0, 1, 0, 0.5071, 0, 0.27159, 0, 0, 0.26236, 0, 0.38855, 0, 1, 0, 0.11722, 0.83463, 0.72024, 0.85148, 0.10316, 0.76721, 0.75973, 0.76343, 0.74446, 0.64901, 0.08372, 0.70854, 0.04098, 0.61451, 0.72463, 0.53814, 0.6795, 0.38812, 0.61068, 0.20536, 0.54915, 0.08131, 0.07152, 0.16227, 0.19145, 0.058, 0.49492, 0.04206, 0.11192, 0.8092, 0.73733, 0.81337 ],
				"triangles": [ 0, 1, 9, 1, 2, 14, 21, 6, 7, 20, 4, 5, 20, 5, 6, 20, 6, 21, 18, 21, 7, 19, 4, 20, 18, 19, 20, 18, 20, 21, 17, 18, 7, 3, 4, 19, 17, 3, 19, 17, 19, 18, 16, 17, 7, 2, 3, 17, 2, 17, 16, 14, 2, 16, 15, 16, 7, 14, 16, 15, 13, 14, 15, 9, 23, 0, 9, 8, 22, 1, 22, 8, 0, 11, 12, 0, 12, 7, 13, 15, 12, 10, 13, 12, 10, 12, 11, 23, 22, 10, 11, 23, 10, 1, 13, 10, 1, 10, 22, 23, 11, 0, 23, 9, 22, 1, 14, 13, 1, 8, 9, 12, 15, 7 ],
				"vertices": [ 1, 2, 63.83, 266.66, 1, 1, 2, 63.83, -227.33, 1, 2, 10, 158.94, 207.09, 0.28799, 14, 65.03, 197.85, 0.71199, 2, 10, 256.98, 193.99, 0.16799, 14, 158.44, 165.33, 0.832, 1, 14, 266.17, 127.83, 1, 1, 14, 223.56, 5.42, 1, 1, 14, 203.07, -53.44, 1, 3, 10, 304.6, -310.76, 0.36224, 14, 103.77, -338.7, 0.63689, 2, -356.16, 266.66, 8.5E-4, 1, 10, 14.92, 167.92, 1, 1, 10, -31.55, -126.4, 1, 1, 10, 43.9, 171.05, 1, 1, 10, 2.5, -150.63, 1, 2, 10, 51.14, -149.52, 0.88, 14, -112.16, -129.87, 0.11999, 2, 10, 69.6, 177.31, 0.88, 14, -28.46, 186.6, 0.11999, 2, 10, 111.54, 193, 0.69599, 14, 15.77, 193.56, 0.30399, 2, 10, 98.59, -145.98, 0.69599, 14, -64.96, -135.93, 0.30399, 2, 10, 164, -132.23, 0.28799, 14, 1.87, -135.59, 0.71199, 2, 10, 244.59, -108.7, 0.16799, 14, 85.54, -128.72, 0.832, 1, 14, 144.74, -117.14, 1, 1, 14, 190.19, 116.86, 1, 1, 14, 212.07, 46.52, 1, 1, 14, 169.11, -97.26, 1, 1, 10, 25.85, 169.1, 1, 1, 10, -16.81, -136.89, 1 ],
				"hull": 8,
				"edges": [ 0, 2, 0, 14, 16, 18, 20, 22, 22, 24, 24, 26, 26, 20, 26, 28, 28, 30, 30, 24, 30, 32, 2, 4, 32, 4, 4, 28, 4, 6, 6, 8, 6, 34, 34, 32, 34, 36, 36, 38, 38, 6, 38, 40, 40, 42, 42, 36, 12, 14, 42, 12, 8, 10, 10, 12, 40, 10, 16, 44, 44, 20, 18, 46, 46, 22, 44, 46 ],
				"width": 494,
				"height": 420
			}
		},
		"19_": {
			"hero_53565_019_": {
				"type": "skinnedmesh",
				"uvs": [ 1, 1, 0, 1, 0, 0.52654, 0, 0, 0.07271, 0, 0.15406, 0, 0.26226, 0, 1, 0, 0.79827, 0.29842, 0.70551, 0.46446, 0.74181, 0.47745, 0.81441, 0.36339, 0.84264, 0.43558, 0.78618, 0.48612, 0.66922, 0.46302, 0.73173, 0.20891, 0.58553, 0.1656, 0.64099, 0.51932, 0.6067, 0.57996, 0.53411, 0.17137, 0.4716, 0.21468, 0.5815, 0.66514, 0.50789, 0.7691, 0.40111, 0.27273, 0.34826, 0.31125, 0.39434, 0.84562, 0.2658, 0.84562, 0.28653, 0.32096, 0.20318, 0.26139, 0.09287, 0.62328, 0.24823, 0.07195, 0.02229, 0.23345, 0.23665, 0.31975, 0.16526, 0.69943, 0.25706, 0.32683, 0.21667, 0.77417, 0.31379, 0.31175, 0.32812, 0.84562, 0.3698, 0.29554, 0.44955, 0.80841, 0.43284, 0.2466, 0.5452, 0.71641, 0.22066, 0.29357, 0.12979, 0.66211, 0.04504, 0.57346, 0.20028, 0.19289, 0.21445, 0.1338, 0.11436, 0.3171, 0.01335, 0.35098, 0.816, 0.45943, 0.78148, 0.41513, 0.74862, 0.3873, 0.69724, 0.34909, 0.61233, 0.33652, 0.57042, 0.37574, 0.52421, 0.43033, 0.487, 0.47306, 0.45096, 0.50444, 0.40778, 0.53975, 0.36977, 0.56071, 0.32064, 0.56703, 0.27695, 0.56351, 0.2373, 0.54567, 0.19988, 0.51533, 0.17644, 0.47291, 0.15381, 0.42336, 0.13012, 0.36489, 0.1304, 0.19579, 0.14208, 0.11692 ],
				"triangles": [ 8, 52, 15, 11, 8, 7, 51, 52, 8, 11, 51, 8, 50, 51, 11, 12, 11, 7, 50, 11, 12, 49, 50, 12, 9, 14, 52, 51, 9, 52, 10, 9, 51, 50, 10, 51, 13, 10, 50, 49, 13, 50, 17, 9, 10, 49, 12, 0, 13, 49, 0, 17, 10, 13, 30, 23, 38, 28, 38, 36, 38, 24, 36, 36, 27, 42, 27, 34, 42, 38, 23, 57, 38, 58, 24, 57, 58, 38, 60, 27, 36, 59, 60, 36, 58, 59, 24, 27, 62, 34, 60, 61, 27, 61, 62, 27, 36, 24, 59, 57, 22, 58, 59, 58, 39, 62, 61, 35, 26, 35, 61, 22, 39, 58, 59, 25, 60, 26, 61, 60, 59, 39, 25, 60, 37, 26, 25, 37, 60, 39, 22, 0, 25, 39, 0, 1, 37, 25, 6, 68, 5, 68, 4, 5, 30, 68, 6, 30, 67, 68, 6, 20, 30, 30, 46, 67, 3, 4, 31, 46, 47, 67, 30, 28, 46, 46, 28, 45, 4, 68, 31, 67, 31, 68, 38, 28, 30, 42, 28, 36, 47, 31, 67, 45, 47, 46, 42, 34, 32, 48, 31, 47, 65, 66, 28, 45, 66, 47, 45, 28, 66, 42, 65, 28, 2, 48, 47, 42, 64, 65, 42, 32, 64, 3, 31, 48, 48, 2, 3, 2, 66, 44, 47, 66, 2, 65, 44, 66, 64, 32, 63, 34, 63, 32, 62, 63, 34, 65, 29, 44, 64, 29, 65, 64, 43, 29, 63, 43, 64, 33, 43, 63, 62, 33, 63, 62, 35, 33, 1, 44, 29, 1, 29, 43, 1, 43, 33, 1, 33, 35, 1, 35, 26, 1, 26, 37, 25, 0, 1, 1, 2, 44, 13, 21, 18, 19, 20, 6, 30, 20, 40, 40, 23, 30, 20, 19, 54, 55, 40, 20, 23, 40, 56, 20, 54, 55, 54, 18, 55, 40, 55, 56, 23, 56, 57, 56, 55, 21, 57, 56, 41, 55, 18, 21, 56, 21, 41, 57, 41, 22, 41, 21, 0, 22, 41, 0, 16, 6, 7, 16, 19, 6, 15, 16, 7, 8, 15, 7, 53, 16, 15, 52, 53, 15, 53, 19, 16, 53, 54, 19, 14, 53, 52, 17, 54, 53, 53, 14, 17, 54, 17, 18, 17, 14, 9, 12, 7, 0, 13, 18, 17, 0, 21, 13 ],
				"vertices": [ 1, 22, -57.99, 116.27, 1, 1, 37, 1.39, 102.38, 1, 2, 37, 51.88, 40.3, 0.43999, 39, -8.12, 43.53, 0.56, 1, 39, 77.42, 19.04999, 1, 1, 39, 72.58, 2.14, 1, 1, 39, 67.17, -16.78, 1, 1, 39, 59.97, -41.96, 1, 1, 22, -71.1, -52.21, 1, 2, 22, -18.52, -5.71, 0.216, 17, 114.19, 25.14, 0.78399, 2, 22, 6.03, 20.51, 0.216, 17, 83.42, 43.71, 0.78399, 1, 17, 82.4, 34.71, 1, 1, 17, 103.82, 19.83, 1, 1, 17, 92.62, 11.45, 1, 1, 17, 82.36, 23.87, 1, 3, 22, 14.76, 19.59, 0.43948, 28, -12.04, 29, 0.128, 17, 82.51, 52.45, 0.43251, 3, 22, -3.64, -22.04, 0.43948, 28, -48.42, 1.63, 0.128, 17, 127.07, 43.09, 0.43251, 2, 22, 31.06, -32.09, 0.79199, 28, -23.03, -24.06, 0.208, 2, 22, 22.31, 28.54, 0.79199, 28, -1.07, 33.13, 0.208, 2, 22, 31.38, 38.12, 0.344, 28, 11.5, 37.07, 0.65599, 2, 22, 43.54, -32.08, 0.48799, 28, -12.13, -30.14, 0.512, 3, 22, 59.19, -25.95, 0.19891, 28, 4.51, -32.43, 0.68908, 32, -20.23, -42.85, 0.11199, 3, 22, 38.58, 52, 0.3463, 28, 24.55, 45.67, 0.44287, 32, -30.19, 37.16999, 0.21081, 2, 28, 49.12, 50.42, 0.45599, 32, -9.08, 50.59, 0.544, 2, 28, 24.14, -33.72, 0.48799, 32, -1.49, -36.84999, 0.512, 3, 28, 38.4, -35.38, 0.16332, 37, 9.45, -41.09, 0.07199, 32, 12.38, -33.18, 0.76467, 3, 28, 79.16, 45.96, 0.15487, 37, -56.17, 21.92, 0.12, 32, 20.5, 57.44, 0.72512, 2, 37, -32.04, 41.55, 0.408, 32, 50.91, 50.89, 0.59199, 2, 37, 20, -30.4, 0.264, 32, 27.33, -34.72, 0.73599, 2, 37, 42.01, -25.48, 0.28799, 39, 21.43, -16.06, 0.712, 2, 37, 24.13, 38.8, 0.68799, 39, -30.02, 26.41, 0.312, 1, 39, 49.21, -35.34999, 1, 1, 39, 38.00999, 24.72, 1, 3, 37, 29.5, -22.94, 0.31334, 39, 9.72, -21.14, 0.50265, 32, 39.09, -37.47, 0.184, 2, 37, 2.41, 37.73, 0.816, 32, 69.49, 21.61, 0.18399, 3, 37, 24.91, -25.13, 0.46592, 39, 7.21, -25.56, 0.09408, 32, 34.50999, -35.25999, 0.43999, 2, 37, -15.2, 39.68, 0.592, 32, 59.99, 36.58, 0.40799, 2, 37, 15.87, -35.77, 0.112, 32, 20.54999, -34.86, 0.88799, 3, 28, 92.5, 37.08, 0.07946, 37, -43.74, 32.03, 0.24145, 32, 36.16999, 54.06, 0.67907, 2, 28, 32.59, -34.7, 0.30318, 32, 6.72, -34.68, 0.69681, 3, 28, 64.55, 48.13, 0.20706, 37, -62.57, 8.60999, 0.04, 32, 6.12, 54.11, 0.75293, 3, 22, 68.96, -21.3, 0.08953, 28, 15.31, -33.14, 0.57851, 32, -9.92, -39.55, 0.33195, 3, 22, 48.01, 59.95, 0.10765, 28, 36.66999, 48.01, 0.55478, 32, -19.78, 43.78, 0.33756, 2, 37, 35.29, -23.93, 0.224, 39, 15.04, -18.62999, 0.77599, 3, 37, 13.05, 38.25999, 0.77126, 39, -38.79, 19.62999, 0.16473, 32, 76.55, 13.64, 0.064, 2, 37, 38.41999, 39.57, 0.4, 39, -18.74, 35.23, 0.59999, 1, 39, 32.75, -18.57, 1, 1, 39, 41.41, -24.62, 1, 1, 39, 18.29, 7.18, 1, 2, 37, 68.08999, 15.24, 0.16, 39, 19.51, 32.25999, 0.83999, 1, 17, 87.78, 17.31, 1, 1, 17, 94.1, 26.58, 1, 2, 22, -5.38, 8.32, 0.216, 17, 97.72, 35.08, 0.78399, 3, 22, 6.51, 0.92, 0.43948, 28, -28.35, 16.73, 0.128, 17, 102.49, 48.25, 0.43251, 2, 22, 26.83, -2.78, 0.79199, 28, -12.42, 3.57, 0.208, 2, 22, 37.46, 3.03, 0.48799, 28, -0.31, 3.47, 0.512, 3, 22, 49.32, 11.36, 0.19805, 28, 14.11, 4.94999, 0.68611, 32, -25, -4.54, 0.11582, 3, 22, 58.86, 17.86, 0.09453, 28, 25.6, 5.98, 0.58249, 32, -14.67, 0.61, 0.32295, 2, 28, 35.8, 5.56, 0.48799, 32, -5.03, 3.96, 0.512, 3, 28, 47.81, 4.73, 0.2574, 37, -26.08, -20.21999, 0.01904, 32, 6.43, 7.59, 0.72353, 3, 28, 57.43, 2.58, 0.15938, 37, -21.18, -11.67, 0.0944, 32, 16.17, 9.12, 0.7462, 3, 28, 67.92, -3.1, 0.03799, 37, -12.63, -3.34, 0.1739, 32, 28.02, 7.66, 0.78809, 2, 37, -4.05, 2.86, 0.33057, 32, 38.23, 4.85, 0.66942, 3, 37, 5.28, 6.57, 0.53151, 39, -27.02, -10.79, 0.04805, 32, 46.97, -0.11, 0.42042, 3, 37, 15.55, 8.31, 0.60935, 39, -19.6, -3.49, 0.24373, 32, 54.75, -7.03, 0.14691, 2, 37, 24.47, 6.33, 0.51598, 39, -11.15, -0.01, 0.48401, 2, 37, 34, 3.29, 0.46703, 39, -1.59, 2.94, 0.53296, 2, 37, 44.68, -0.75, 0.18077, 39, 9.47, 5.74, 0.81922, 1, 39, 36.93, -2.18, 1, 1, 39, 48.97, -8.56, 1 ],
				"hull": 8,
				"edges": [ 0, 2, 0, 14, 22, 16, 22, 24, 26, 20, 20, 18, 18, 28, 30, 16, 30, 32, 34, 28, 34, 36, 38, 32, 38, 40, 42, 36, 2, 4, 4, 6, 12, 14, 12, 60, 60, 56, 6, 8, 62, 8, 54, 68, 68, 64, 52, 70, 70, 66, 48, 72, 72, 54, 50, 74, 74, 52, 46, 76, 76, 48, 44, 78, 78, 50, 40, 80, 80, 46, 42, 82, 82, 44, 56, 84, 84, 64, 58, 86, 86, 66, 4, 88, 88, 58, 90, 56, 92, 60, 90, 92, 4, 94, 94, 92, 4, 96, 96, 62, 94, 96, 24, 98, 98, 26, 20, 100, 100, 22, 98, 100, 16, 102, 102, 18, 100, 102, 28, 104, 104, 30, 102, 104, 32, 106, 106, 34, 104, 106, 36, 108, 108, 38, 106, 108, 40, 110, 110, 42, 108, 110, 80, 112, 112, 82, 110, 112, 44, 114, 114, 46, 112, 114, 76, 116, 116, 78, 114, 116, 48, 118, 118, 50, 116, 118, 72, 120, 120, 74, 118, 120, 52, 122, 122, 54, 120, 122, 68, 124, 124, 70, 122, 124, 64, 126, 126, 66, 124, 126, 84, 128, 128, 86, 126, 128, 56, 130, 130, 58, 128, 130, 88, 132, 132, 90, 130, 132, 132, 94, 94, 134, 134, 60, 134, 62, 12, 136, 136, 62, 134, 136, 8, 10, 10, 12, 136, 10 ],
				"width": 242,
				"height": 169
			}
		},
		"20_2": {
			"hero_53565_020_": { "x": 21.29, "y": -11.15, "rotation": 171.05, "width": 202, "height": 127 }
		},
		"bone5": {
			"hero_53565_003_": {
				"type": "skinnedmesh",
				"uvs": [ 1, 0.25146, 1, 0.53337, 1, 0.63673, 1, 1, 0.57793, 1, 0.47843, 1, 0.267, 1, 0, 1, 0, 0.65082, 0, 0.21387, 0, 0, 0.20897, 0, 0.66914, 0, 1, 0, 0.09289, 0.84815, 0.91788, 0.11521 ],
				"triangles": [ 15, 12, 13, 9, 10, 11, 15, 13, 0, 0, 14, 15, 14, 0, 6, 8, 9, 11, 8, 11, 12, 14, 8, 12, 14, 12, 15, 7, 8, 14, 7, 14, 6, 6, 0, 1, 1, 4, 5, 2, 4, 1, 4, 2, 3, 1, 5, 6 ],
				"vertices": [ 2, 25, 3.13, 35.33, 0.504, 17, -16.75, -87.84, 0.49599, 2, 25, 11.24, 20.48, 0.88, 17, -33.50999, -90.07, 0.11999, 1, 25, 14.21, 15.04, 1, 1, 25, 24.65, -4.08, 1, 1, 25, -0.54, -17.84, 1, 2, 25, -6.47, -21.08, 0.88, 17, -65.93, -58.59, 0.11999, 2, 25, -19.1, -27.97, 0.504, 17, -67.81, -44.33, 0.49599, 1, 17, -70.19999, -26.34, 1, 1, 17, -49.43, -23.58, 1, 1, 17, -23.44, -20.14, 1, 1, 17, -10.72, -18.45999, 1, 1, 17, -8.85999, -32.54, 1, 1, 17, -4.75, -63.56, 1, 1, 17, -1.79, -85.86, 1, 2, 25, -33.84999, -25.64, 0.15199, 17, -60.34, -31.4, 0.848, 2, 25, -5.68, 39.83, 0.48799, 17, -9.38, -81.24, 0.512 ],
				"hull": 14,
				"edges": [ 10, 2, 2, 4, 4, 6, 6, 8, 8, 10, 4, 8, 2, 0, 0, 26, 10, 12, 12, 14, 0, 12, 12, 28, 28, 30, 30, 0, 24, 26, 30, 24, 14, 16, 16, 28, 16, 18, 18, 20, 20, 22, 22, 24, 18, 22, 16, 24 ],
				"width": 68,
				"height": 60
			}
		}
	}
},
"animations": {
	"dj": {
		"slots": {
			"01_2": {
				"attachment": [
					{ "time": 0, "name": "hero_53565_001_" }
				]
			},
			"02_": {
				"attachment": [
					{ "time": 0, "name": "hero_53565_002_" }
				]
			},
			"04_": {
				"attachment": [
					{ "time": 0, "name": "hero_53565_004_" }
				]
			},
			"05_": {
				"attachment": [
					{ "time": 0, "name": "hero_53565_005_" }
				]
			},
			"06_2": {
				"attachment": [
					{ "time": 0, "name": null },
					{ "time": 0.5, "name": null },
					{ "time": 0.6333, "name": "hero_53565_006_" },
					{ "time": 0.7666, "name": null },
					{ "time": 2, "name": null }
				]
			},
			"07_2": {
				"attachment": [
					{ "time": 0, "name": "hero_53565_007_" }
				]
			},
			"08_2": {
				"attachment": [
					{ "time": 0, "name": "hero_53565_008_" }
				]
			},
			"09_2": {
				"attachment": [
					{ "time": 0, "name": "hero_53565_009_" }
				]
			},
			"10_": {
				"attachment": [
					{ "time": 0, "name": "hero_53565_010_" }
				]
			},
			"11_2": {
				"attachment": [
					{ "time": 0, "name": "hero_53565_011_" }
				]
			},
			"12_2": {
				"attachment": [
					{ "time": 0, "name": "hero_53565_012_" }
				]
			},
			"13_2": {
				"attachment": [
					{ "time": 0, "name": "hero_53565_013_" }
				]
			},
			"14_": {
				"attachment": [
					{ "time": 0, "name": "hero_53565_014_" }
				]
			},
			"15_": {
				"attachment": [
					{ "time": 0, "name": "hero_53565_015_" }
				]
			},
			"16_": {
				"attachment": [
					{ "time": 0, "name": "hero_53565_016_" }
				]
			},
			"17_2": {
				"attachment": [
					{ "time": 0, "name": "hero_53565_017_" }
				]
			},
			"18_": {
				"attachment": [
					{ "time": 0, "name": "hero_53565_018_" }
				]
			},
			"19_": {
				"attachment": [
					{ "time": 0, "name": "hero_53565_019_" }
				]
			},
			"20_2": {
				"attachment": [
					{ "time": 0, "name": "hero_53565_020_" }
				]
			},
			"bone5": {
				"attachment": [
					{ "time": 0, "name": "hero_53565_003_" }
				]
			}
		},
		"bones": {
			"bone2": {
				"rotate": [
					{ "time": 0, "angle": 0, "curve": "stepped" },
					{ "time": 2, "angle": 0 }
				],
				"translate": [
					{
						"time": 0,
						"x": 0,
						"y": 0,
						"curve": [ 0.152, 0.24, 0.75, 1 ]
					},
					{
						"time": 0.5,
						"x": 4.43,
						"y": 0,
						"curve": [ 0.25, 0, 0.75, 1 ]
					},
					{
						"time": 1.5,
						"x": -7.41,
						"y": 0,
						"curve": [ 0.25, 0, 0.861, 0.79 ]
					},
					{ "time": 2, "x": 0, "y": 0 }
				],
				"scale": [
					{ "time": 0, "x": 1, "y": 1, "curve": "stepped" },
					{ "time": 2, "x": 1, "y": 1 }
				]
			},
			"bone13": {
				"rotate": [
					{
						"time": 0,
						"angle": 0,
						"curve": [ 0.25, 0, 0.75, 1 ]
					},
					{
						"time": 1,
						"angle": 4.65,
						"curve": [ 0.25, 0, 0.75, 1 ]
					},
					{ "time": 2, "angle": 0 }
				],
				"translate": [
					{ "time": 0, "x": 0, "y": 0, "curve": "stepped" },
					{ "time": 2, "x": 0, "y": 0 }
				],
				"scale": [
					{ "time": 0, "x": 1, "y": 1, "curve": "stepped" },
					{ "time": 2, "x": 1, "y": 1 }
				]
			},
			"bone14": {
				"rotate": [
					{
						"time": 0,
						"angle": 0,
						"curve": [ 0.143, 0.19, 0.75, 1 ]
					},
					{
						"time": 0.5,
						"angle": -4.79,
						"curve": [ 0.25, 0, 0.75, 1 ]
					},
					{
						"time": 1.5,
						"angle": 7.11,
						"curve": [ 0.25, 0, 0.851, 0.79 ]
					},
					{ "time": 2, "angle": 0 }
				],
				"scale": [
					{ "time": 0, "x": 1, "y": 1, "curve": "stepped" },
					{ "time": 2, "x": 1, "y": 1 }
				]
			},
			"bone11": {
				"rotate": [
					{
						"time": 0,
						"angle": 0,
						"curve": [ 0.25, 0, 0.75, 1 ]
					},
					{
						"time": 1,
						"angle": -4.43,
						"curve": [ 0.25, 0, 0.75, 1 ]
					},
					{ "time": 2, "angle": 0 }
				],
				"translate": [
					{ "time": 0, "x": 0, "y": 0, "curve": "stepped" },
					{ "time": 2, "x": 0, "y": 0 }
				],
				"scale": [
					{ "time": 0, "x": 1, "y": 1, "curve": "stepped" },
					{ "time": 2, "x": 1, "y": 1 }
				]
			},
			"bone12": {
				"rotate": [
					{
						"time": 0,
						"angle": 0,
						"curve": [ 0.162, 0.21, 0.75, 1 ]
					},
					{
						"time": 0.5,
						"angle": 5.64,
						"curve": [ 0.25, 0, 0.75, 1 ]
					},
					{
						"time": 1.5,
						"angle": -5.13,
						"curve": [ 0.25, 0, 0.861, 0.78 ]
					},
					{ "time": 2, "angle": 0 }
				],
				"translate": [
					{ "time": 0, "x": 0, "y": 0, "curve": "stepped" },
					{ "time": 2, "x": 0, "y": 0 }
				],
				"scale": [
					{ "time": 0, "x": 1, "y": 1, "curve": "stepped" },
					{ "time": 2, "x": 1, "y": 1 }
				]
			},
			"bone15": {
				"rotate": [
					{
						"time": 0,
						"angle": -1.08,
						"curve": [ 0.25, 0, 0.75, 1 ]
					},
					{
						"time": 1,
						"angle": 3.41,
						"curve": [ 0.25, 0, 0.75, 1 ]
					},
					{ "time": 2, "angle": -1.08 }
				],
				"translate": [
					{ "time": 0, "x": 0, "y": 0, "curve": "stepped" },
					{ "time": 2, "x": 0, "y": 0 }
				],
				"scale": [
					{ "time": 0, "x": 1, "y": 1, "curve": "stepped" },
					{ "time": 2, "x": 1, "y": 1 }
				]
			},
			"bone16": {
				"rotate": [
					{
						"time": 0,
						"angle": 0,
						"curve": [ 0.167, 0.22, 0.75, 1 ]
					},
					{
						"time": 0.5,
						"angle": -6.56,
						"curve": [ 0.25, 0, 0.75, 1 ]
					},
					{
						"time": 1.5,
						"angle": 3.72,
						"curve": [ 0.25, 0, 0.856, 0.79 ]
					},
					{ "time": 2, "angle": 0 }
				],
				"translate": [
					{ "time": 0, "x": 0, "y": 0, "curve": "stepped" },
					{ "time": 2, "x": 0, "y": 0 }
				],
				"scale": [
					{ "time": 0, "x": 1, "y": 1, "curve": "stepped" },
					{ "time": 2, "x": 1, "y": 1 }
				]
			},
			"bone20": {
				"rotate": [
					{
						"time": 0,
						"angle": 0,
						"curve": [ 0.25, 0, 0.75, 1 ]
					},
					{
						"time": 1,
						"angle": -7.34,
						"curve": [ 0.25, 0, 0.75, 1 ]
					},
					{ "time": 2, "angle": 0 }
				],
				"translate": [
					{ "time": 0, "x": 0, "y": 0, "curve": "stepped" },
					{ "time": 2, "x": 0, "y": 0 }
				],
				"scale": [
					{
						"time": 0,
						"x": 1,
						"y": 1,
						"curve": [ 0.25, 0, 0.75, 1 ]
					},
					{
						"time": 1,
						"x": 1,
						"y": 0.964,
						"curve": [ 0.25, 0, 0.75, 1 ]
					},
					{ "time": 2, "x": 1, "y": 1 }
				]
			},
			"bone6": {
				"rotate": [
					{ "time": 0, "angle": 0, "curve": "stepped" },
					{ "time": 2, "angle": 0 }
				],
				"translate": [
					{ "time": 0, "x": 0, "y": 0, "curve": "stepped" },
					{ "time": 2, "x": 0, "y": 0 }
				],
				"scale": [
					{ "time": 0, "x": 1, "y": 1, "curve": "stepped" },
					{ "time": 2, "x": 1, "y": 1 }
				]
			},
			"bone7": {
				"rotate": [
					{
						"time": 0,
						"angle": 0,
						"curve": [ 0.148, 0.23, 0.75, 1 ]
					},
					{
						"time": 0.5,
						"angle": -7.83,
						"curve": [ 0.25, 0, 0.75, 1 ]
					},
					{
						"time": 1.5,
						"angle": 7.66,
						"curve": [ 0.25, 0, 0.851, 0.77 ]
					},
					{ "time": 2, "angle": 0 }
				],
				"translate": [
					{
						"time": 0,
						"x": 0,
						"y": 0,
						"curve": [ 0.25, 0, 0.75, 1 ]
					},
					{
						"time": 1,
						"x": 6.4,
						"y": -2.77,
						"curve": [ 0.25, 0, 0.75, 1 ]
					},
					{ "time": 2, "x": 0, "y": 0 }
				],
				"scale": [
					{ "time": 0, "x": 1, "y": 1, "curve": "stepped" },
					{ "time": 2, "x": 1, "y": 1 }
				]
			},
			"bone8": {
				"rotate": [
					{
						"time": 0,
						"angle": -9.79,
						"curve": [ 0.25, 0, 0.75, 1 ]
					},
					{
						"time": 1,
						"angle": -31.27,
						"curve": [ 0.25, 0, 0.75, 1 ]
					},
					{ "time": 2, "angle": -9.79 }
				],
				"translate": [
					{ "time": 0, "x": 0, "y": 0, "curve": "stepped" },
					{ "time": 2, "x": 0, "y": 0 }
				],
				"scale": [
					{ "time": 0, "x": 1, "y": 1, "curve": "stepped" },
					{ "time": 2, "x": 1, "y": 1 }
				]
			},
			"bone9": {
				"rotate": [
					{
						"time": 0,
						"angle": 0,
						"curve": [ 0.186, 0.26, 0.75, 1 ]
					},
					{
						"time": 0.5,
						"angle": 14.36,
						"curve": [ 0.25, 0, 0.75, 1 ]
					},
					{
						"time": 1.5,
						"angle": -13.57,
						"curve": [ 0.25, 0, 0.856, 0.75 ]
					},
					{ "time": 2, "angle": 0 }
				],
				"translate": [
					{
						"time": 0,
						"x": 0,
						"y": 0,
						"curve": [ 0.25, 0, 0.75, 1 ]
					},
					{
						"time": 1,
						"x": 5.96,
						"y": 1.48,
						"curve": [ 0.25, 0, 0.75, 1 ]
					},
					{ "time": 2, "x": 0, "y": 0 }
				],
				"scale": [
					{ "time": 0, "x": 1, "y": 1, "curve": "stepped" },
					{ "time": 2, "x": 1, "y": 1 }
				]
			},
			"bone10": {
				"rotate": [
					{
						"time": 0,
						"angle": 0,
						"curve": [ 0.22, 0.3, 0.75, 1 ]
					},
					{
						"time": 0.5,
						"angle": 25.23,
						"curve": [ 0.25, 0, 0.75, 1 ]
					},
					{
						"time": 1.5,
						"angle": -17.17,
						"curve": [ 0.25, 0, 0.861, 0.78 ]
					},
					{ "time": 2, "angle": 0 }
				],
				"translate": [
					{
						"time": 0,
						"x": 0,
						"y": 0,
						"curve": [ 0.25, 0, 0.75, 1 ]
					},
					{
						"time": 1,
						"x": -7.14,
						"y": 5.55,
						"curve": [ 0.25, 0, 0.75, 1 ]
					},
					{ "time": 2, "x": 0, "y": 0 }
				],
				"scale": [
					{
						"time": 0,
						"x": 1,
						"y": 1,
						"curve": [ 0.25, 0, 0.75, 1 ]
					},
					{
						"time": 1,
						"x": 0.86,
						"y": 0.74,
						"curve": [ 0.25, 0, 0.75, 1 ]
					},
					{ "time": 2, "x": 1, "y": 1 }
				]
			},
			"bone3": {
				"rotate": [
					{
						"time": 0,
						"angle": 0,
						"curve": [ 0.25, 0, 0.75, 1 ]
					},
					{
						"time": 1,
						"angle": 1.12,
						"curve": [ 0.25, 0, 0.75, 1 ]
					},
					{ "time": 2, "angle": 0 }
				],
				"translate": [
					{
						"time": 0,
						"x": 0,
						"y": 0,
						"curve": [ 0.25, 0, 0.75, 1 ]
					},
					{
						"time": 1,
						"x": -8.83,
						"y": 0,
						"curve": [ 0.25, 0, 0.75, 1 ]
					},
					{ "time": 2, "x": 0, "y": 0 }
				],
				"scale": [
					{ "time": 0, "x": 1, "y": 1, "curve": "stepped" },
					{ "time": 2, "x": 1, "y": 1 }
				]
			},
			"bone4": {
				"rotate": [
					{
						"time": 0,
						"angle": 0,
						"curve": [ 0.25, 0, 0.75, 1 ]
					},
					{
						"time": 1,
						"angle": 4.39,
						"curve": [ 0.25, 0, 0.75, 1 ]
					},
					{ "time": 2, "angle": 0 }
				],
				"translate": [
					{
						"time": 0,
						"x": 4.99,
						"y": -0.66,
						"curve": [ 0.25, 0, 0.75, 1 ]
					},
					{
						"time": 1,
						"x": -4.57,
						"y": 0.98,
						"curve": [ 0.25, 0, 0.75, 1 ]
					},
					{ "time": 2, "x": 4.99, "y": -0.66 }
				],
				"scale": [
					{ "time": 0, "x": 1, "y": 1, "curve": "stepped" },
					{ "time": 2, "x": 1, "y": 1 }
				]
			},
			"bone26": {
				"rotate": [
					{
						"time": 0,
						"angle": 0,
						"curve": [ 0.172, 0.23, 0.75, 1 ]
					},
					{
						"time": 0.5,
						"angle": 7.55,
						"curve": [ 0.25, 0, 0.75, 1 ]
					},
					{
						"time": 1.5,
						"angle": -7,
						"curve": [ 0.25, 0, 0.866, 0.81 ]
					},
					{ "time": 2, "angle": 0 }
				],
				"translate": [
					{ "time": 0, "x": 0, "y": 0, "curve": "stepped" },
					{ "time": 2, "x": 0, "y": 0 }
				],
				"scale": [
					{ "time": 0, "x": 1, "y": 1, "curve": "stepped" },
					{ "time": 2, "x": 1, "y": 1 }
				]
			},
			"bone27": {
				"rotate": [
					{
						"time": 0,
						"angle": -9.28,
						"curve": [ 0.25, 0, 0.75, 1 ]
					},
					{
						"time": 1,
						"angle": 12.47,
						"curve": [ 0.25, 0, 0.75, 1 ]
					},
					{ "time": 2, "angle": -9.28 }
				],
				"translate": [
					{ "time": 0, "x": 0, "y": 0, "curve": "stepped" },
					{ "time": 2, "x": 0, "y": 0 }
				],
				"scale": [
					{ "time": 0, "x": 1, "y": 1, "curve": "stepped" },
					{ "time": 2, "x": 1, "y": 1 }
				]
			},
			"bone28": {
				"rotate": [
					{
						"time": 0,
						"angle": 4.4,
						"curve": [ 0.148, 0.22, 0.75, 1 ]
					},
					{
						"time": 0.5,
						"angle": -7.82,
						"curve": [ 0.25, 0, 0.75, 1 ]
					},
					{
						"time": 1.5,
						"angle": 11.47,
						"curve": [ 0.25, 0, 0.871, 0.83 ]
					},
					{ "time": 2, "angle": 4.4 }
				],
				"translate": [
					{ "time": 0, "x": 0, "y": 0, "curve": "stepped" },
					{ "time": 2, "x": 0, "y": 0 }
				],
				"scale": [
					{ "time": 0, "x": 1, "y": 1, "curve": "stepped" },
					{ "time": 2, "x": 1, "y": 1 }
				]
			},
			"bone29": {
				"rotate": [
					{
						"time": 0,
						"angle": 0,
						"curve": [ 0.206, 0.3, 0.75, 1 ]
					},
					{
						"time": 0.5,
						"angle": -16.44,
						"curve": [ 0.25, 0, 0.75, 1 ]
					},
					{
						"time": 1.5,
						"angle": 9.26,
						"curve": [ 0.25, 0, 0.89, 0.83 ]
					},
					{ "time": 2, "angle": 0 }
				],
				"translate": [
					{
						"time": 0,
						"x": 0,
						"y": 0,
						"curve": [ 0.25, 0, 0.75, 1 ]
					},
					{
						"time": 1,
						"x": -7.59,
						"y": -1.35,
						"curve": [ 0.25, 0, 0.75, 1 ]
					},
					{ "time": 2, "x": 0, "y": 0 }
				],
				"scale": [
					{
						"time": 0,
						"x": 1,
						"y": 1,
						"curve": [ 0.25, 0, 0.75, 1 ]
					},
					{
						"time": 1,
						"x": 0.88,
						"y": 0.823,
						"curve": [ 0.25, 0, 0.75, 1 ]
					},
					{ "time": 2, "x": 1, "y": 1 }
				]
			},
			"bone36": {
				"rotate": [
					{
						"time": 0,
						"angle": 0,
						"curve": [ 0.25, 0, 0.75, 1 ]
					},
					{
						"time": 1,
						"angle": 14.89,
						"curve": [ 0.25, 0, 0.75, 1 ]
					},
					{ "time": 2, "angle": 0 }
				],
				"translate": [
					{ "time": 0, "x": 0, "y": 0, "curve": "stepped" },
					{ "time": 2, "x": 0, "y": 0 }
				],
				"scale": [
					{ "time": 0, "x": 1, "y": 1, "curve": "stepped" },
					{ "time": 2, "x": 1, "y": 1 }
				]
			},
			"bone37": {
				"rotate": [
					{
						"time": 0,
						"angle": 0,
						"curve": [ 0.22, 0.27, 0.75, 1 ]
					},
					{
						"time": 0.5,
						"angle": -10.36,
						"curve": [ 0.25, 0, 0.75, 1 ]
					},
					{
						"time": 1.5,
						"angle": 14.83,
						"curve": [ 0.25, 0, 0.881, 0.84 ]
					},
					{ "time": 2, "angle": 0 }
				],
				"translate": [
					{ "time": 0, "x": 0, "y": 0, "curve": "stepped" },
					{ "time": 2, "x": 0, "y": 0 }
				],
				"scale": [
					{ "time": 0, "x": 1, "y": 1, "curve": "stepped" },
					{ "time": 2, "x": 1, "y": 1 }
				]
			},
			"bone38": {
				"rotate": [
					{
						"time": 0,
						"angle": 7.1,
						"curve": [ 0.25, 0, 0.75, 1 ]
					},
					{
						"time": 1,
						"angle": -15.56,
						"curve": [ 0.25, 0, 0.75, 1 ]
					},
					{ "time": 2, "angle": 7.1 }
				],
				"translate": [
					{ "time": 0, "x": 0, "y": 0, "curve": "stepped" },
					{ "time": 2, "x": 0, "y": 0 }
				],
				"scale": [
					{ "time": 0, "x": 1, "y": 1, "curve": "stepped" },
					{ "time": 2, "x": 1, "y": 1 }
				]
			},
			"bone39": {
				"rotate": [
					{
						"time": 0,
						"angle": 27.87,
						"curve": [ 0.25, 0, 0.75, 1 ]
					},
					{
						"time": 1,
						"angle": -11.08,
						"curve": [ 0.25, 0, 0.75, 1 ]
					},
					{ "time": 2, "angle": 27.87 }
				],
				"translate": [
					{
						"time": 0,
						"x": 0,
						"y": 0,
						"curve": [ 0.25, 0, 0.75, 1 ]
					},
					{
						"time": 1,
						"x": -6.12,
						"y": 1.86,
						"curve": [ 0.25, 0, 0.75, 1 ]
					},
					{ "time": 2, "x": 0, "y": 0 }
				],
				"scale": [
					{
						"time": 0,
						"x": 1,
						"y": 0.894,
						"curve": [ 0.25, 0, 0.75, 1 ]
					},
					{
						"time": 1,
						"x": 1.057,
						"y": 1.004,
						"curve": [ 0.25, 0, 0.75, 1 ]
					},
					{ "time": 2, "x": 1, "y": 0.894 }
				]
			},
			"bone31": {
				"rotate": [
					{
						"time": 0,
						"angle": 0,
						"curve": [ 0.25, 0, 0.75, 1 ]
					},
					{
						"time": 0.5,
						"angle": -28.7,
						"curve": [ 0.25, 0, 0.75, 1 ]
					},
					{
						"time": 1,
						"angle": 0,
						"curve": [ 0.25, 0, 0.75, 1 ]
					},
					{
						"time": 1.5,
						"angle": -28.7,
						"curve": [ 0.25, 0, 0.75, 1 ]
					},
					{ "time": 2, "angle": 0 }
				],
				"translate": [
					{ "time": 0, "x": 0, "y": 0, "curve": "stepped" },
					{ "time": 1, "x": 0, "y": 0, "curve": "stepped" },
					{ "time": 2, "x": 0, "y": 0 }
				],
				"scale": [
					{ "time": 0, "x": 1, "y": 1, "curve": "stepped" },
					{ "time": 1, "x": 1, "y": 1, "curve": "stepped" },
					{ "time": 2, "x": 1, "y": 1 }
				]
			},
			"bone32": {
				"rotate": [
					{
						"time": 0,
						"angle": 0,
						"curve": [ 0.201, 0.26, 0.75, 1 ]
					},
					{
						"time": 0.2666,
						"angle": 21.84,
						"curve": [ 0.25, 0, 0.75, 1 ]
					},
					{
						"time": 0.7666,
						"angle": -24.55,
						"curve": [ 0.25, 0, 0.861, 0.77 ]
					},
					{
						"time": 1,
						"angle": 0,
						"curve": [ 0.201, 0.26, 0.75, 1 ]
					},
					{
						"time": 1.2666,
						"angle": 21.84,
						"curve": [ 0.25, 0, 0.75, 1 ]
					},
					{
						"time": 1.7666,
						"angle": -24.55,
						"curve": [ 0.25, 0, 0.861, 0.77 ]
					},
					{ "time": 2, "angle": 0 }
				],
				"translate": [
					{ "time": 0, "x": 0, "y": 0, "curve": "stepped" },
					{ "time": 1, "x": 0, "y": 0, "curve": "stepped" },
					{ "time": 2, "x": 0, "y": 0 }
				],
				"scale": [
					{ "time": 0, "x": 1, "y": 1, "curve": "stepped" },
					{ "time": 1, "x": 1, "y": 1, "curve": "stepped" },
					{ "time": 2, "x": 1, "y": 1 }
				]
			},
			"bone33": {
				"rotate": [
					{
						"time": 0,
						"angle": 0,
						"curve": [ 0.25, 0, 0.75, 1 ]
					},
					{
						"time": 0.5,
						"angle": 44.34,
						"curve": [ 0.25, 0, 0.75, 1 ]
					},
					{
						"time": 1,
						"angle": 0,
						"curve": [ 0.25, 0, 0.75, 1 ]
					},
					{
						"time": 1.5,
						"angle": 44.34,
						"curve": [ 0.25, 0, 0.75, 1 ]
					},
					{ "time": 2, "angle": 0 }
				],
				"translate": [
					{ "time": 0, "x": 0, "y": 0, "curve": "stepped" },
					{ "time": 1, "x": 0, "y": 0, "curve": "stepped" },
					{ "time": 2, "x": 0, "y": 0 }
				],
				"scale": [
					{ "time": 0, "x": 1, "y": 1, "curve": "stepped" },
					{ "time": 1, "x": 1, "y": 1, "curve": "stepped" },
					{ "time": 2, "x": 1, "y": 1 }
				]
			},
			"bone34": {
				"rotate": [
					{
						"time": 0,
						"angle": 30.94,
						"curve": [ 0.25, 0, 0.75, 1 ]
					},
					{
						"time": 0.5,
						"angle": 71.79,
						"curve": [ 0.25, 0, 0.75, 1 ]
					},
					{
						"time": 1,
						"angle": 30.94,
						"curve": [ 0.25, 0, 0.75, 1 ]
					},
					{
						"time": 1.5,
						"angle": 71.79,
						"curve": [ 0.25, 0, 0.75, 1 ]
					},
					{ "time": 2, "angle": 30.94 }
				],
				"translate": [
					{ "time": 0, "x": 0, "y": 0, "curve": "stepped" },
					{ "time": 1, "x": 0, "y": 0, "curve": "stepped" },
					{ "time": 2, "x": 0, "y": 0 }
				],
				"scale": [
					{ "time": 0, "x": 1, "y": 1, "curve": "stepped" },
					{ "time": 1, "x": 1, "y": 1, "curve": "stepped" },
					{ "time": 2, "x": 1, "y": 1 }
				]
			},
			"bone35": {
				"rotate": [
					{
						"time": 0,
						"angle": 17.67,
						"curve": [ 0.157, 0.26, 0.75, 1 ]
					},
					{
						"time": 0.2666,
						"angle": -7.5,
						"curve": [ 0.25, 0, 0.75, 1 ]
					},
					{
						"time": 0.7666,
						"angle": 33.71,
						"curve": [ 0.25, 0, 0.842, 0.76 ]
					},
					{
						"time": 1,
						"angle": 17.67,
						"curve": [ 0.157, 0.26, 0.75, 1 ]
					},
					{
						"time": 1.2666,
						"angle": -7.5,
						"curve": [ 0.25, 0, 0.75, 1 ]
					},
					{
						"time": 1.7666,
						"angle": 33.71,
						"curve": [ 0.25, 0, 0.842, 0.76 ]
					},
					{ "time": 2, "angle": 17.67 }
				],
				"translate": [
					{ "time": 0, "x": 0, "y": 0, "curve": "stepped" },
					{ "time": 1, "x": 0, "y": 0, "curve": "stepped" },
					{ "time": 2, "x": 0, "y": 0 }
				],
				"scale": [
					{
						"time": 0,
						"x": 1,
						"y": 1,
						"curve": [ 0.25, 0, 0.75, 1 ]
					},
					{
						"time": 0.5,
						"x": 0.894,
						"y": 0.571,
						"curve": [ 0.25, 0, 0.75, 1 ]
					},
					{
						"time": 1,
						"x": 1,
						"y": 1,
						"curve": [ 0.25, 0, 0.75, 1 ]
					},
					{
						"time": 1.5,
						"x": 0.804,
						"y": 0.821,
						"curve": [ 0.25, 0, 0.75, 1 ]
					},
					{ "time": 2, "x": 1, "y": 1 }
				]
			},
			"bone30": {
				"rotate": [
					{
						"time": 0,
						"angle": 0,
						"curve": [ 0.167, 0.25, 0.75, 1 ]
					},
					{
						"time": 0.5,
						"angle": -10.55,
						"curve": [ 0.25, 0, 0.75, 1 ]
					},
					{
						"time": 1.5,
						"angle": 15.39,
						"curve": [ 0.25, 0, 0.866, 0.79 ]
					},
					{ "time": 2, "angle": 0 }
				],
				"translate": [
					{
						"time": 0,
						"x": 0,
						"y": 0,
						"curve": [ 0.25, 0, 0.75, 1 ]
					},
					{
						"time": 1,
						"x": 7.48,
						"y": 1.7,
						"curve": [ 0.25, 0, 0.75, 1 ]
					},
					{ "time": 2, "x": 0, "y": 0 }
				],
				"scale": [
					{
						"time": 0,
						"x": 1,
						"y": 1,
						"curve": [ 0.25, 0, 0.75, 1 ]
					},
					{
						"time": 1,
						"x": 0.792,
						"y": 0.926,
						"curve": [ 0.25, 0, 0.75, 1 ]
					},
					{ "time": 2, "x": 1, "y": 1 }
				]
			},
			"bone21": {
				"rotate": [
					{
						"time": 0,
						"angle": 0,
						"curve": [ 0.182, 0.25, 0.75, 1 ]
					},
					{
						"time": 0.5,
						"angle": -3.65,
						"curve": [ 0.25, 0, 0.75, 1 ]
					},
					{
						"time": 1.5,
						"angle": 3.68,
						"curve": [ 0.25, 0, 0.876, 0.82 ]
					},
					{ "time": 2, "angle": 0 }
				],
				"translate": [
					{ "time": 0, "x": 0, "y": 0, "curve": "stepped" },
					{ "time": 2, "x": 0, "y": 0 }
				],
				"scale": [
					{ "time": 0, "x": 1, "y": 1, "curve": "stepped" },
					{ "time": 2, "x": 1, "y": 1 }
				]
			},
			"bone22": {
				"rotate": [
					{
						"time": 0,
						"angle": -3.93,
						"curve": [ 0.25, 0, 0.75, 1 ]
					},
					{
						"time": 1,
						"angle": 5.39,
						"curve": [ 0.25, 0, 0.75, 1 ]
					},
					{ "time": 2, "angle": -3.93 }
				],
				"translate": [
					{ "time": 0, "x": 0, "y": 0, "curve": "stepped" },
					{ "time": 2, "x": 0, "y": 0 }
				],
				"scale": [
					{ "time": 0, "x": 1, "y": 1, "curve": "stepped" },
					{ "time": 2, "x": 1, "y": 1 }
				]
			},
			"bone23": {
				"rotate": [
					{
						"time": 0,
						"angle": 0,
						"curve": [ 0.172, 0.23, 0.75, 1 ]
					},
					{
						"time": 0.5,
						"angle": 2.8,
						"curve": [ 0.25, 0, 0.75, 1 ]
					},
					{
						"time": 1.5,
						"angle": -1.85,
						"curve": [ 0.25, 0, 0.866, 0.77 ]
					},
					{ "time": 2, "angle": 0 }
				],
				"translate": [
					{ "time": 0, "x": 0, "y": 0, "curve": "stepped" },
					{ "time": 2, "x": 0, "y": 0 }
				],
				"scale": [
					{
						"time": 0,
						"x": 1,
						"y": 1,
						"curve": [ 0.25, 0, 0.75, 1 ]
					},
					{
						"time": 1,
						"x": 1,
						"y": 0.904,
						"curve": [ 0.25, 0, 0.75, 1 ]
					},
					{ "time": 2, "x": 1, "y": 1 }
				]
			},
			"bone5": {
				"rotate": [
					{
						"time": 0,
						"angle": 0,
						"curve": [ 0.25, 0, 0.75, 1 ]
					},
					{
						"time": 1,
						"angle": -6.71,
						"curve": [ 0.25, 0, 0.75, 1 ]
					},
					{ "time": 2, "angle": 0 }
				],
				"translate": [
					{
						"time": 0,
						"x": 0,
						"y": 0,
						"curve": [ 0.25, 0, 0.75, 1 ]
					},
					{
						"time": 1,
						"x": -4.54,
						"y": 1.58,
						"curve": [ 0.25, 0, 0.75, 1 ]
					},
					{ "time": 2, "x": 0, "y": 0 }
				],
				"scale": [
					{ "time": 0, "x": 1, "y": 1, "curve": "stepped" },
					{ "time": 2, "x": 1, "y": 1 }
				]
			},
			"bone24": {
				"rotate": [
					{
						"time": 0,
						"angle": 0,
						"curve": [ 0.25, 0, 0.75, 1 ]
					},
					{
						"time": 1,
						"angle": -6.6,
						"curve": [ 0.25, 0, 0.75, 1 ]
					},
					{ "time": 2, "angle": 0 }
				],
				"translate": [
					{ "time": 0, "x": 0, "y": 0, "curve": "stepped" },
					{ "time": 2, "x": 0, "y": 0 }
				],
				"scale": [
					{ "time": 0, "x": 1, "y": 1, "curve": "stepped" },
					{ "time": 2, "x": 1, "y": 1 }
				]
			},
			"bone25": {
				"rotate": [
					{
						"time": 0,
						"angle": 3.87,
						"curve": [ 0.25, 0, 0.75, 1 ]
					},
					{
						"time": 1,
						"angle": 0.02,
						"curve": [ 0.25, 0, 0.75, 1 ]
					},
					{ "time": 2, "angle": 3.87 }
				],
				"translate": [
					{ "time": 0, "x": 0, "y": 0, "curve": "stepped" },
					{ "time": 2, "x": 0, "y": 0 }
				],
				"scale": [
					{ "time": 0, "x": 1, "y": 1, "curve": "stepped" },
					{ "time": 2, "x": 1, "y": 1 }
				]
			},
			"bone17": {
				"rotate": [
					{
						"time": 0,
						"angle": 0,
						"curve": [ 0.25, 0, 0.75, 1 ]
					},
					{
						"time": 1,
						"angle": 4.38,
						"curve": [ 0.25, 0, 0.75, 1 ]
					},
					{ "time": 2, "angle": 0 }
				],
				"translate": [
					{ "time": 0, "x": 0, "y": 0, "curve": "stepped" },
					{ "time": 2, "x": 0, "y": 0 }
				],
				"scale": [
					{
						"time": 0,
						"x": 1,
						"y": 1,
						"curve": [ 0.25, 0, 0.75, 1 ]
					},
					{
						"time": 1,
						"x": 1,
						"y": 0.944,
						"curve": [ 0.25, 0, 0.75, 1 ]
					},
					{ "time": 2, "x": 1, "y": 1 }
				]
			},
			"bone19": {
				"rotate": [
					{
						"time": 0,
						"angle": 0,
						"curve": [ 0.152, 0.19, 0.75, 1 ]
					},
					{
						"time": 0.5,
						"angle": 3.63,
						"curve": [ 0.25, 0, 0.75, 1 ]
					},
					{
						"time": 1.5,
						"angle": -5.03,
						"curve": [ 0.25, 0, 0.861, 0.81 ]
					},
					{ "time": 2, "angle": 0 }
				],
				"translate": [
					{ "time": 0, "x": 0, "y": 0, "curve": "stepped" },
					{ "time": 2, "x": 0, "y": 0 }
				],
				"scale": [
					{ "time": 0, "x": 1, "y": 1, "curve": "stepped" },
					{ "time": 2, "x": 1, "y": 1 }
				]
			},
			"bone18": {
				"rotate": [
					{
						"time": 0,
						"angle": 0,
						"curve": [ 0.25, 0, 0.75, 1 ]
					},
					{
						"time": 1,
						"angle": -2.31,
						"curve": [ 0.25, 0, 0.75, 1 ]
					},
					{ "time": 2, "angle": 0 }
				],
				"translate": [
					{ "time": 0, "x": 0, "y": 0, "curve": "stepped" },
					{ "time": 2, "x": 0, "y": 0 }
				],
				"scale": [
					{
						"time": 0,
						"x": 1,
						"y": 1,
						"curve": [ 0.25, 0, 0.75, 1 ]
					},
					{
						"time": 1,
						"x": 1,
						"y": 0.99,
						"curve": [ 0.25, 0, 0.75, 1 ]
					},
					{ "time": 2, "x": 1, "y": 1 }
				]
			}
		}
	}
}
}