{
"skeleton": { "hash": "E1tHYPPixH+riXwj/zfEboLaWR4", "spine": "3.7.94", "width": 0, "height": 0, "images": "./images/", "audio": "D:/COK项目/Spine工程/皮肤—小丑/小丑攻击" },
"bones": [
	{ "name": "root" },
	{ "name": "baozha_", "parent": "root", "x": 145, "y": 50, "scaleX": 1.25, "scaleY": 1.25 },
	{ "name": "zhadan_lizi", "parent": "root", "x": 145, "y": 50, "scaleX": 1.25, "scaleY": 1.25 },
	{ "name": "suduxian", "parent": "root", "x": 145, "y": 50, "scaleX": 1.25, "scaleY": 1.25 },
	{ "name": "shadow_gj_", "parent": "root", "x": 145, "y": 50, "scaleX": 2, "scaleY": 2 },
	{ "name": "gj_zhadan", "parent": "root", "x": 145, "y": 50, "scaleX": 1.25, "scaleY": 1.25 },
	{ "name": "gj_body", "parent": "root", "x": 145, "y": 50, "scaleX": 1.25, "scaleY": 1.25 }
],
"slots": [
	{ "name": "shadow_gj_", "bone": "shadow_gj_" },
	{ "name": "gj_zhadan", "bone": "gj_zhadan" },
	{ "name": "zhadan_lizi", "bone": "zhadan_lizi" },
	{ "name": "gj_body", "bone": "gj_body" },
	{ "name": "suduxian", "bone": "suduxian" },
	{ "name": "baozha_00_", "bone": "baozha_" }
],
"skins": {
	"default": {
		"baozha_00_": {
			"baozha_00_": { "width": 480, "height": 480 },
			"baozha_02_": { "width": 480, "height": 480 },
			"baozha_08_": { "width": 480, "height": 480 },
			"baozha_10_": { "width": 480, "height": 480 },
			"baozha_12_": { "width": 480, "height": 480 },
			"baozha_14_": { "width": 480, "height": 480 },
			"baozha_16_": { "width": 480, "height": 480 },
			"baozha_18_": { "width": 480, "height": 480 },
			"baozha_20_": { "width": 480, "height": 480 },
			"baozha_22_": { "width": 480, "height": 480 },
			"baozha_24_": { "width": 480, "height": 480 },
			"baozha_26_": { "width": 480, "height": 480 },
			"baozha_30_": { "width": 480, "height": 480 }
		},
		"gj_body": {
			"gj_body_00_": { "width": 736, "height": 736 },
			"gj_body_03_": { "width": 736, "height": 736 },
			"gj_body_06_": { "width": 736, "height": 736 },
			"gj_body_09_": { "width": 736, "height": 736 },
			"gj_body_12_": { "width": 736, "height": 736 },
			"gj_body_15_": { "width": 736, "height": 736 },
			"gj_body_18_": { "width": 736, "height": 736 },
			"gj_body_21_": { "width": 736, "height": 736 },
			"gj_body_24_": { "width": 736, "height": 736 },
			"gj_body_27_": { "width": 736, "height": 736 },
			"gj_body_30_": { "width": 736, "height": 736 },
			"gj_body_33_": { "width": 736, "height": 736 },
			"gj_body_36_": { "width": 736, "height": 736 },
			"gj_body_39_": { "width": 736, "height": 736 },
			"gj_body_42_": { "width": 736, "height": 736 },
			"gj_body_45_": { "width": 736, "height": 736 },
			"gj_body_48_": { "width": 736, "height": 736 },
			"gj_body_51_": { "width": 736, "height": 736 },
			"gj_body_54_": { "width": 736, "height": 736 },
			"gj_body_57_": { "width": 736, "height": 736 },
			"gj_body_60_": { "width": 736, "height": 736 }
		},
		"gj_zhadan": {
			"gj_zhadan00_": { "width": 736, "height": 736 },
			"gj_zhadan03_": { "width": 736, "height": 736 },
			"gj_zhadan06_": { "width": 736, "height": 736 },
			"gj_zhadan09_": { "width": 736, "height": 736 },
			"gj_zhadan12_": { "width": 736, "height": 736 },
			"gj_zhadan15_": { "width": 736, "height": 736 },
			"gj_zhadan18_": { "width": 736, "height": 736 },
			"gj_zhadan21_": { "width": 736, "height": 736 },
			"gj_zhadan24_": { "width": 736, "height": 736 },
			"gj_zhadan27_": { "width": 736, "height": 736 },
			"gj_zhadan30_": { "width": 736, "height": 736 },
			"gj_zhadan33_": { "width": 736, "height": 736 },
			"gj_zhadan51_": { "width": 736, "height": 736 },
			"gj_zhadan54_": { "width": 736, "height": 736 },
			"gj_zhadan57_": { "width": 736, "height": 736 },
			"gj_zhadan60_": { "width": 736, "height": 736 }
		},
		"shadow_gj_": {
			"shadow_gj_00_": { "width": 460, "height": 460 },
			"shadow_gj_03_": { "width": 460, "height": 460 },
			"shadow_gj_06_": { "width": 460, "height": 460 },
			"shadow_gj_09_": { "width": 460, "height": 460 },
			"shadow_gj_12_": { "width": 460, "height": 460 },
			"shadow_gj_15_": { "width": 460, "height": 460 },
			"shadow_gj_18_": { "width": 460, "height": 460 },
			"shadow_gj_21_": { "width": 460, "height": 460 },
			"shadow_gj_24_": { "width": 460, "height": 460 },
			"shadow_gj_27_": { "width": 460, "height": 460 },
			"shadow_gj_30_": { "width": 460, "height": 460 },
			"shadow_gj_33_": { "width": 460, "height": 460 },
			"shadow_gj_36_": { "width": 460, "height": 460 },
			"shadow_gj_39_": { "width": 460, "height": 460 },
			"shadow_gj_42_": { "width": 460, "height": 460 },
			"shadow_gj_45_": { "width": 460, "height": 460 },
			"shadow_gj_48_": { "width": 460, "height": 460 },
			"shadow_gj_51_": { "width": 460, "height": 460 },
			"shadow_gj_54_": { "width": 460, "height": 460 },
			"shadow_gj_57_": { "width": 460, "height": 460 },
			"shadow_gj_60_": { "width": 460, "height": 460 }
		},
		"suduxian": {
			"suduxian_28_": { "width": 736, "height": 736 },
			"suduxian_30_": { "width": 736, "height": 736 },
			"suduxian_32_": { "width": 736, "height": 736 },
			"suduxian_34_": { "width": 736, "height": 736 },
			"suduxian_36_": { "width": 736, "height": 736 },
			"suduxian_38_": { "width": 736, "height": 736 }
		},
		"zhadan_lizi": {
			"zhadan_lizi_00_": { "width": 736, "height": 736 },
			"zhadan_lizi_03_": { "width": 736, "height": 736 },
			"zhadan_lizi_06_": { "width": 736, "height": 736 },
			"zhadan_lizi_09_": { "width": 736, "height": 736 },
			"zhadan_lizi_12_": { "width": 736, "height": 736 },
			"zhadan_lizi_15_": { "width": 736, "height": 736 },
			"zhadan_lizi_18_": { "width": 736, "height": 736 },
			"zhadan_lizi_21_": { "width": 736, "height": 736 },
			"zhadan_lizi_24_": { "width": 736, "height": 736 },
			"zhadan_lizi_27_": { "width": 736, "height": 736 },
			"zhadan_lizi_30_": { "width": 736, "height": 736 },
			"zhadan_lizi_33_": { "width": 736, "height": 736 },
			"zhadan_lizi_36_": { "width": 736, "height": 736 },
			"zhadan_lizi_39_": { "width": 736, "height": 736 },
			"zhadan_lizi_42_": { "width": 736, "height": 736 },
			"zhadan_lizi_45_": { "width": 736, "height": 736 },
			"zhadan_lizi_48_": { "width": 736, "height": 736 },
			"zhadan_lizi_51_": { "width": 736, "height": 736 },
			"zhadan_lizi_54_": { "width": 736, "height": 736 },
			"zhadan_lizi_57_": { "width": 736, "height": 736 }
		}
	}
},
"animations": {
	"animation": {
		"slots": {
			"baozha_00_": {
				"color": [
					{ "time": 1.9333, "color": "ffffffff" },
					{ "time": 2.1, "color": "ffffff00" }
				],
				"attachment": [
					{ "time": 1.2, "name": "baozha_00_" },
					{ "time": 1.2667, "name": "baozha_02_" },
					{ "time": 1.3333, "name": "baozha_08_" },
					{ "time": 1.4, "name": "baozha_10_" },
					{ "time": 1.4667, "name": "baozha_12_" },
					{ "time": 1.5333, "name": "baozha_14_" },
					{ "time": 1.6, "name": "baozha_16_" },
					{ "time": 1.6667, "name": "baozha_18_" },
					{ "time": 1.7333, "name": "baozha_20_" },
					{ "time": 1.8, "name": "baozha_22_" },
					{ "time": 1.8667, "name": "baozha_24_" },
					{ "time": 1.9333, "name": "baozha_26_" },
					{ "time": 2, "name": "baozha_30_" }
				]
			},
			"gj_body": {
				"attachment": [
					{ "time": 0, "name": "gj_body_00_" },
					{ "time": 0.1, "name": "gj_body_03_" },
					{ "time": 0.2, "name": "gj_body_06_" },
					{ "time": 0.3, "name": "gj_body_09_" },
					{ "time": 0.4, "name": "gj_body_12_" },
					{ "time": 0.5, "name": "gj_body_15_" },
					{ "time": 0.6, "name": "gj_body_18_" },
					{ "time": 0.7, "name": "gj_body_21_" },
					{ "time": 0.8, "name": "gj_body_24_" },
					{ "time": 0.9, "name": "gj_body_27_" },
					{ "time": 1, "name": "gj_body_30_" },
					{ "time": 1.1, "name": "gj_body_33_" },
					{ "time": 1.2, "name": "gj_body_36_" },
					{ "time": 1.3, "name": "gj_body_39_" },
					{ "time": 1.4, "name": "gj_body_42_" },
					{ "time": 1.5, "name": "gj_body_45_" },
					{ "time": 1.6, "name": "gj_body_48_" },
					{ "time": 1.7, "name": "gj_body_51_" },
					{ "time": 1.8, "name": "gj_body_54_" },
					{ "time": 1.9, "name": "gj_body_57_" },
					{ "time": 2, "name": "gj_body_60_" },
					{ "time": 2.1, "name": null }
				]
			},
			"gj_zhadan": {
				"attachment": [
					{ "time": 0, "name": "gj_zhadan00_" },
					{ "time": 0.1, "name": "gj_zhadan03_" },
					{ "time": 0.2, "name": "gj_zhadan06_" },
					{ "time": 0.3, "name": "gj_zhadan09_" },
					{ "time": 0.4, "name": "gj_zhadan12_" },
					{ "time": 0.5, "name": "gj_zhadan15_" },
					{ "time": 0.6, "name": "gj_zhadan18_" },
					{ "time": 0.7, "name": "gj_zhadan21_" },
					{ "time": 0.8, "name": "gj_zhadan24_" },
					{ "time": 0.9, "name": "gj_zhadan27_" },
					{ "time": 1, "name": "gj_zhadan30_" },
					{ "time": 1.1, "name": "gj_zhadan33_" },
					{ "time": 1.2333, "name": null },
					{ "time": 1.7, "name": "gj_zhadan51_" },
					{ "time": 1.8, "name": "gj_zhadan54_" },
					{ "time": 1.9, "name": "gj_zhadan57_" },
					{ "time": 2, "name": "gj_zhadan60_" },
					{ "time": 2.1, "name": null }
				]
			},
			"shadow_gj_": {
				"attachment": [
					{ "time": 0, "name": "shadow_gj_00_" },
					{ "time": 0.1, "name": "shadow_gj_03_" },
					{ "time": 0.2, "name": "shadow_gj_06_" },
					{ "time": 0.3, "name": "shadow_gj_09_" },
					{ "time": 0.4, "name": "shadow_gj_12_" },
					{ "time": 0.5, "name": "shadow_gj_15_" },
					{ "time": 0.6, "name": "shadow_gj_18_" },
					{ "time": 0.7, "name": "shadow_gj_21_" },
					{ "time": 0.8, "name": "shadow_gj_24_" },
					{ "time": 0.9, "name": "shadow_gj_27_" },
					{ "time": 1, "name": "shadow_gj_30_" },
					{ "time": 1.1, "name": "shadow_gj_33_" },
					{ "time": 1.2, "name": "shadow_gj_36_" },
					{ "time": 1.3, "name": "shadow_gj_39_" },
					{ "time": 1.4, "name": "shadow_gj_42_" },
					{ "time": 1.5, "name": "shadow_gj_45_" },
					{ "time": 1.6, "name": "shadow_gj_48_" },
					{ "time": 1.7, "name": "shadow_gj_51_" },
					{ "time": 1.8, "name": "shadow_gj_54_" },
					{ "time": 1.9, "name": "shadow_gj_57_" },
					{ "time": 2, "name": "shadow_gj_60_" },
					{ "time": 2.1, "name": null }
				]
			},
			"suduxian": {
				"attachment": [
					{ "time": 1, "name": "suduxian_28_" },
					{ "time": 1.0667, "name": "suduxian_30_" },
					{ "time": 1.1333, "name": "suduxian_32_" },
					{ "time": 1.2, "name": "suduxian_34_" },
					{ "time": 1.2667, "name": "suduxian_36_" },
					{ "time": 1.3333, "name": "suduxian_38_" },
					{ "time": 1.4, "name": null }
				]
			},
			"zhadan_lizi": {
				"attachment": [
					{ "time": 0, "name": "zhadan_lizi_00_" },
					{ "time": 0.1, "name": "zhadan_lizi_03_" },
					{ "time": 0.2, "name": "zhadan_lizi_06_" },
					{ "time": 0.3, "name": "zhadan_lizi_09_" },
					{ "time": 0.4333, "name": "zhadan_lizi_12_" },
					{ "time": 0.5333, "name": "zhadan_lizi_15_" },
					{ "time": 0.6333, "name": "zhadan_lizi_18_" },
					{ "time": 0.7333, "name": "zhadan_lizi_21_" },
					{ "time": 0.8333, "name": "zhadan_lizi_24_" },
					{ "time": 0.9333, "name": "zhadan_lizi_27_" },
					{ "time": 1.0333, "name": "zhadan_lizi_30_" },
					{ "time": 1.1667, "name": "zhadan_lizi_33_" },
					{ "time": 1.2667, "name": "zhadan_lizi_36_" },
					{ "time": 1.3667, "name": "zhadan_lizi_39_" },
					{ "time": 1.4667, "name": "zhadan_lizi_42_" },
					{ "time": 1.5667, "name": "zhadan_lizi_45_" },
					{ "time": 1.6667, "name": "zhadan_lizi_48_" },
					{ "time": 1.7667, "name": "zhadan_lizi_51_" },
					{ "time": 1.8667, "name": "zhadan_lizi_54_" },
					{ "time": 2, "name": "zhadan_lizi_57_" },
					{ "time": 2.1, "name": null }
				]
			}
		},
		"bones": {
			"baozha_": {
				"translate": [
					{ "time": 0, "x": 135, "y": 16 }
				]
			},
			"gj_body": {
				"translate": [
					{ "time": 0, "x": 0, "y": 0 }
				]
			},
			"gj_zhadan": {
				"translate": [
					{ "time": 0, "x": 0, "y": 0 }
				]
			},
			"shadow_gj_": {
				"translate": [
					{ "time": 0, "x": 0, "y": 0 }
				]
			},
			"suduxian": {
				"translate": [
					{ "time": 0, "x": 0, "y": 0 }
				]
			},
			"zhadan_lizi": {
				"translate": [
					{ "time": 0, "x": 0, "y": 0 }
				]
			},
			"root": {
				"translate": [
					{ "time": 0, "x": 0, "y": 0 }
				]
			}
		}
	}
}
}