{"skeleton":{"hash":"zKmZ5KGvANfq6WsjPY9FSFS91tY","spine":"3.7.94","width":0,"height":0,"images":"./images/","audio":"F:/COK项目/Spine工程/盲盒骑士—禁卫军（绿青蓝）Spine/盲盒骑士_禁卫军_绿_Spine/禁卫军_绿_攻击特效_Spine"},"bones":[{"name":"root"},{"name":"ctr","parent":"root","scaleX":1.25,"scaleY":1.25},{"name":"mhjwjgreenattack_UL_","parent":"ctr"},{"name":"mhjwjgreenattack_UR_","parent":"ctr"},{"name":"mhjwjgreenattack_DL_","parent":"ctr"},{"name":"mhjwjgreenattack_DR_","parent":"ctr"}],"slots":[{"name":"mhjwjgreenattack_UL_","bone":"mhjwjgreenattack_UL_"},{"name":"mhjwjgreenattack_UR_","bone":"mhjwjgreenattack_UR_"},{"name":"mhjwjgreenattack_DL_","bone":"mhjwjgreenattack_DL_"},{"name":"mhjwjgreenattack_DR_","bone":"mhjwjgreenattack_DR_"}],"skins":{"default":{"mhjwjgreenattack_DL_":{"mhjwjgreenattack_DL_00000_":{"x":-322,"y":-383,"width":644,"height":766},"mhjwjgreenattack_DL_00003_":{"x":-322,"y":-383,"width":644,"height":766},"mhjwjgreenattack_DL_00006_":{"x":-322,"y":-383,"width":644,"height":766},"mhjwjgreenattack_DL_00009_":{"x":-322,"y":-383,"width":644,"height":766},"mhjwjgreenattack_DL_00012_":{"x":-322,"y":-383,"width":644,"height":766},"mhjwjgreenattack_DL_00015_":{"x":-322,"y":-383,"width":644,"height":766},"mhjwjgreenattack_DL_00018_":{"x":-322,"y":-383,"width":644,"height":766},"mhjwjgreenattack_DL_00021_":{"x":-322,"y":-383,"width":644,"height":766},"mhjwjgreenattack_DL_00024_":{"x":-322,"y":-383,"width":644,"height":766},"mhjwjgreenattack_DL_00027_":{"x":-322,"y":-383,"width":644,"height":766},"mhjwjgreenattack_DL_00030_":{"x":-322,"y":-383,"width":644,"height":766},"mhjwjgreenattack_DL_00033_":{"x":-322,"y":-383,"width":644,"height":766},"mhjwjgreenattack_DL_00036_":{"x":-322,"y":-383,"width":644,"height":766},"mhjwjgreenattack_DL_00039_":{"x":-322,"y":-383,"width":644,"height":766},"mhjwjgreenattack_DL_00042_":{"x":-322,"y":-383,"width":644,"height":766},"mhjwjgreenattack_DL_00045_":{"x":-322,"y":-383,"width":644,"height":766},"mhjwjgreenattack_DL_00048_":{"x":-322,"y":-383,"width":644,"height":766},"mhjwjgreenattack_DL_00051_":{"x":-322,"y":-383,"width":644,"height":766},"mhjwjgreenattack_DL_00054_":{"x":-322,"y":-383,"width":644,"height":766},"mhjwjgreenattack_DL_00057_":{"x":-322,"y":-383,"width":644,"height":766},"mhjwjgreenattack_DL_00060_":{"x":-322,"y":-383,"width":644,"height":766}},"mhjwjgreenattack_DR_":{"mhjwjgreenattack_DR_00000_":{"x":358,"y":-383,"width":716,"height":766},"mhjwjgreenattack_DR_00003_":{"x":358,"y":-383,"width":716,"height":766},"mhjwjgreenattack_DR_00006_":{"x":358,"y":-383,"width":716,"height":766},"mhjwjgreenattack_DR_00009_":{"x":358,"y":-383,"width":716,"height":766},"mhjwjgreenattack_DR_00012_":{"x":358,"y":-383,"width":716,"height":766},"mhjwjgreenattack_DR_00015_":{"x":358,"y":-383,"width":716,"height":766},"mhjwjgreenattack_DR_00018_":{"x":358,"y":-383,"width":716,"height":766},"mhjwjgreenattack_DR_00021_":{"x":358,"y":-383,"width":716,"height":766},"mhjwjgreenattack_DR_00024_":{"x":358,"y":-383,"width":716,"height":766},"mhjwjgreenattack_DR_00027_":{"x":358,"y":-383,"width":716,"height":766},"mhjwjgreenattack_DR_00030_":{"x":358,"y":-383,"width":716,"height":766},"mhjwjgreenattack_DR_00033_":{"x":358,"y":-383,"width":716,"height":766},"mhjwjgreenattack_DR_00036_":{"x":358,"y":-383,"width":716,"height":766},"mhjwjgreenattack_DR_00039_":{"x":358,"y":-383,"width":716,"height":766},"mhjwjgreenattack_DR_00042_":{"x":358,"y":-383,"width":716,"height":766},"mhjwjgreenattack_DR_00045_":{"x":358,"y":-383,"width":716,"height":766},"mhjwjgreenattack_DR_00048_":{"x":358,"y":-383,"width":716,"height":766},"mhjwjgreenattack_DR_00051_":{"x":358,"y":-383,"width":716,"height":766},"mhjwjgreenattack_DR_00054_":{"x":358,"y":-383,"width":716,"height":766},"mhjwjgreenattack_DR_00057_":{"x":358,"y":-383,"width":716,"height":766},"mhjwjgreenattack_DR_00060_":{"x":358,"y":-383,"width":716,"height":766}},"mhjwjgreenattack_UL_":{"mhjwjgreenattack_UL_00000_":{"x":-322,"y":297,"width":644,"height":594},"mhjwjgreenattack_UL_00003_":{"x":-322,"y":297,"width":644,"height":594},"mhjwjgreenattack_UL_00006_":{"x":-322,"y":297,"width":644,"height":594},"mhjwjgreenattack_UL_00009_":{"x":-322,"y":297,"width":644,"height":594},"mhjwjgreenattack_UL_00012_":{"x":-322,"y":297,"width":644,"height":594},"mhjwjgreenattack_UL_00015_":{"x":-322,"y":297,"width":644,"height":594},"mhjwjgreenattack_UL_00018_":{"x":-322,"y":297,"width":644,"height":594},"mhjwjgreenattack_UL_00021_":{"x":-322,"y":297,"width":644,"height":594},"mhjwjgreenattack_UL_00024_":{"x":-322,"y":297,"width":644,"height":594},"mhjwjgreenattack_UL_00027_":{"x":-322,"y":297,"width":644,"height":594},"mhjwjgreenattack_UL_00030_":{"x":-322,"y":297,"width":644,"height":594},"mhjwjgreenattack_UL_00033_":{"x":-322,"y":297,"width":644,"height":594},"mhjwjgreenattack_UL_00036_":{"x":-322,"y":297,"width":644,"height":594},"mhjwjgreenattack_UL_00039_":{"x":-322,"y":297,"width":644,"height":594},"mhjwjgreenattack_UL_00042_":{"x":-322,"y":297,"width":644,"height":594},"mhjwjgreenattack_UL_00045_":{"x":-322,"y":297,"width":644,"height":594},"mhjwjgreenattack_UL_00048_":{"x":-322,"y":297,"width":644,"height":594},"mhjwjgreenattack_UL_00051_":{"x":-322,"y":297,"width":644,"height":594},"mhjwjgreenattack_UL_00054_":{"x":-322,"y":297,"width":644,"height":594},"mhjwjgreenattack_UL_00057_":{"x":-322,"y":297,"width":644,"height":594},"mhjwjgreenattack_UL_00060_":{"x":-322,"y":297,"width":644,"height":594}},"mhjwjgreenattack_UR_":{"mhjwjgreenattack_UR_00000_":{"x":358,"y":297,"width":716,"height":594},"mhjwjgreenattack_UR_00003_":{"x":358,"y":297,"width":716,"height":594},"mhjwjgreenattack_UR_00006_":{"x":358,"y":297,"width":716,"height":594},"mhjwjgreenattack_UR_00009_":{"x":358,"y":297,"width":716,"height":594},"mhjwjgreenattack_UR_00012_":{"x":358,"y":297,"width":716,"height":594},"mhjwjgreenattack_UR_00015_":{"x":358,"y":297,"width":716,"height":594},"mhjwjgreenattack_UR_00018_":{"x":358,"y":297,"width":716,"height":594},"mhjwjgreenattack_UR_00021_":{"x":358,"y":297,"width":716,"height":594},"mhjwjgreenattack_UR_00024_":{"x":358,"y":297,"width":716,"height":594},"mhjwjgreenattack_UR_00027_":{"x":358,"y":297,"width":716,"height":594},"mhjwjgreenattack_UR_00030_":{"x":358,"y":297,"width":716,"height":594},"mhjwjgreenattack_UR_00033_":{"x":358,"y":297,"width":716,"height":594},"mhjwjgreenattack_UR_00036_":{"x":358,"y":297,"width":716,"height":594},"mhjwjgreenattack_UR_00039_":{"x":358,"y":297,"width":716,"height":594},"mhjwjgreenattack_UR_00042_":{"x":358,"y":297,"width":716,"height":594},"mhjwjgreenattack_UR_00045_":{"x":358,"y":297,"width":716,"height":594},"mhjwjgreenattack_UR_00048_":{"x":358,"y":297,"width":716,"height":594},"mhjwjgreenattack_UR_00051_":{"x":358,"y":297,"width":716,"height":594},"mhjwjgreenattack_UR_00054_":{"x":358,"y":297,"width":716,"height":594},"mhjwjgreenattack_UR_00057_":{"x":358,"y":297,"width":716,"height":594},"mhjwjgreenattack_UR_00060_":{"x":358,"y":297,"width":716,"height":594}}}},"animations":{"animation":{"slots":{"mhjwjgreenattack_DL_":{"attachment":[{"time":0,"name":"mhjwjgreenattack_DL_00000_"},{"time":0.1,"name":"mhjwjgreenattack_DL_00003_"},{"time":0.2,"name":"mhjwjgreenattack_DL_00006_"},{"time":0.3,"name":"mhjwjgreenattack_DL_00009_"},{"time":0.4,"name":"mhjwjgreenattack_DL_00012_"},{"time":0.5,"name":"mhjwjgreenattack_DL_00015_"},{"time":0.6,"name":"mhjwjgreenattack_DL_00018_"},{"time":0.7,"name":"mhjwjgreenattack_DL_00021_"},{"time":0.8,"name":"mhjwjgreenattack_DL_00024_"},{"time":0.9,"name":"mhjwjgreenattack_DL_00027_"},{"time":1,"name":"mhjwjgreenattack_DL_00030_"},{"time":1.1,"name":"mhjwjgreenattack_DL_00033_"},{"time":1.2,"name":"mhjwjgreenattack_DL_00036_"},{"time":1.3,"name":"mhjwjgreenattack_DL_00039_"},{"time":1.4,"name":"mhjwjgreenattack_DL_00042_"},{"time":1.5,"name":"mhjwjgreenattack_DL_00045_"},{"time":1.6,"name":"mhjwjgreenattack_DL_00048_"},{"time":1.7,"name":"mhjwjgreenattack_DL_00051_"},{"time":1.8,"name":"mhjwjgreenattack_DL_00054_"},{"time":1.9,"name":"mhjwjgreenattack_DL_00057_"},{"time":2,"name":"mhjwjgreenattack_DL_00060_"}]},"mhjwjgreenattack_DR_":{"attachment":[{"time":0,"name":"mhjwjgreenattack_DR_00000_"},{"time":0.1,"name":"mhjwjgreenattack_DR_00003_"},{"time":0.2,"name":"mhjwjgreenattack_DR_00006_"},{"time":0.3,"name":"mhjwjgreenattack_DR_00009_"},{"time":0.4,"name":"mhjwjgreenattack_DR_00012_"},{"time":0.5,"name":"mhjwjgreenattack_DR_00015_"},{"time":0.6,"name":"mhjwjgreenattack_DR_00018_"},{"time":0.7,"name":"mhjwjgreenattack_DR_00021_"},{"time":0.8,"name":"mhjwjgreenattack_DR_00024_"},{"time":0.9,"name":"mhjwjgreenattack_DR_00027_"},{"time":1,"name":"mhjwjgreenattack_DR_00030_"},{"time":1.1,"name":"mhjwjgreenattack_DR_00033_"},{"time":1.2,"name":"mhjwjgreenattack_DR_00036_"},{"time":1.3,"name":"mhjwjgreenattack_DR_00039_"},{"time":1.4,"name":"mhjwjgreenattack_DR_00042_"},{"time":1.5,"name":"mhjwjgreenattack_DR_00045_"},{"time":1.6,"name":"mhjwjgreenattack_DR_00048_"},{"time":1.7,"name":"mhjwjgreenattack_DR_00051_"},{"time":1.8,"name":"mhjwjgreenattack_DR_00054_"},{"time":1.9,"name":"mhjwjgreenattack_DR_00057_"},{"time":2,"name":"mhjwjgreenattack_DR_00060_"}]},"mhjwjgreenattack_UL_":{"attachment":[{"time":0,"name":"mhjwjgreenattack_UL_00000_"},{"time":0.1,"name":"mhjwjgreenattack_UL_00003_"},{"time":0.2,"name":"mhjwjgreenattack_UL_00006_"},{"time":0.3,"name":"mhjwjgreenattack_UL_00009_"},{"time":0.4,"name":"mhjwjgreenattack_UL_00012_"},{"time":0.5,"name":"mhjwjgreenattack_UL_00015_"},{"time":0.6,"name":"mhjwjgreenattack_UL_00018_"},{"time":0.7,"name":"mhjwjgreenattack_UL_00021_"},{"time":0.8,"name":"mhjwjgreenattack_UL_00024_"},{"time":0.9,"name":"mhjwjgreenattack_UL_00027_"},{"time":1,"name":"mhjwjgreenattack_UL_00030_"},{"time":1.1,"name":"mhjwjgreenattack_UL_00033_"},{"time":1.2,"name":"mhjwjgreenattack_UL_00036_"},{"time":1.3,"name":"mhjwjgreenattack_UL_00039_"},{"time":1.4,"name":"mhjwjgreenattack_UL_00042_"},{"time":1.5,"name":"mhjwjgreenattack_UL_00045_"},{"time":1.6,"name":"mhjwjgreenattack_UL_00048_"},{"time":1.7,"name":"mhjwjgreenattack_UL_00051_"},{"time":1.8,"name":"mhjwjgreenattack_UL_00054_"},{"time":1.9,"name":"mhjwjgreenattack_UL_00057_"},{"time":2,"name":"mhjwjgreenattack_UL_00060_"}]},"mhjwjgreenattack_UR_":{"attachment":[{"time":0,"name":"mhjwjgreenattack_UR_00000_"},{"time":0.1,"name":"mhjwjgreenattack_UR_00003_"},{"time":0.2,"name":"mhjwjgreenattack_UR_00006_"},{"time":0.3,"name":"mhjwjgreenattack_UR_00009_"},{"time":0.4,"name":"mhjwjgreenattack_UR_00012_"},{"time":0.5,"name":"mhjwjgreenattack_UR_00015_"},{"time":0.6,"name":"mhjwjgreenattack_UR_00018_"},{"time":0.7,"name":"mhjwjgreenattack_UR_00021_"},{"time":0.8,"name":"mhjwjgreenattack_UR_00024_"},{"time":0.9,"name":"mhjwjgreenattack_UR_00027_"},{"time":1,"name":"mhjwjgreenattack_UR_00030_"},{"time":1.1,"name":"mhjwjgreenattack_UR_00033_"},{"time":1.2,"name":"mhjwjgreenattack_UR_00036_"},{"time":1.3,"name":"mhjwjgreenattack_UR_00039_"},{"time":1.4,"name":"mhjwjgreenattack_UR_00042_"},{"time":1.5,"name":"mhjwjgreenattack_UR_00045_"},{"time":1.6,"name":"mhjwjgreenattack_UR_00048_"},{"time":1.7,"name":"mhjwjgreenattack_UR_00051_"},{"time":1.8,"name":"mhjwjgreenattack_UR_00054_"},{"time":1.9,"name":"mhjwjgreenattack_UR_00057_"},{"time":2,"name":"mhjwjgreenattack_UR_00060_"}]}},"bones":{"ctr":{"translate":[{"time":0,"x":-65,"y":105}]}}}}}