{"skeleton":{"hash":"/8Lt/4qGtCrl2FGIZAUnuYT1PyY","spine":"3.7.94","width":0,"height":0,"images":"./images/","audio":"F:/COK项目/Spine工程/盲盒骑士—禁卫军（绿青蓝）Spine/盲盒骑士_禁卫军_绿_Spine/禁卫军_绿_休闲待机特效_Spine"},"bones":[{"name":"root"},{"name":"ctr","parent":"root","scaleX":1.25,"scaleY":1.25},{"name":"mhjwjgreenidle_UL_","parent":"ctr"},{"name":"mhjwjgreenidle_UR_","parent":"ctr"},{"name":"mhjwjgreenidle_DL_","parent":"ctr"},{"name":"mhjwjgreenidle_DR_","parent":"ctr"}],"slots":[{"name":"mhjwjgreenidle_UL_","bone":"mhjwjgreenidle_UL_"},{"name":"mhjwjgreenidle_UR_","bone":"mhjwjgreenidle_UR_"},{"name":"mhjwjgreenidle_DL_","bone":"mhjwjgreenidle_DL_"},{"name":"mhjwjgreenidle_DR_","bone":"mhjwjgreenidle_DR_"}],"skins":{"default":{"mhjwjgreenidle_DL_":{"mhjwjgreenidle_DL_00000_":{"x":-322,"y":-384,"width":644,"height":768},"mhjwjgreenidle_DL_00003_":{"x":-322,"y":-384,"width":644,"height":768},"mhjwjgreenidle_DL_00006_":{"x":-322,"y":-384,"width":644,"height":768},"mhjwjgreenidle_DL_00009_":{"x":-322,"y":-384,"width":644,"height":768},"mhjwjgreenidle_DL_00012_":{"x":-322,"y":-384,"width":644,"height":768},"mhjwjgreenidle_DL_00015_":{"x":-322,"y":-384,"width":644,"height":768},"mhjwjgreenidle_DL_00018_":{"x":-322,"y":-384,"width":644,"height":768},"mhjwjgreenidle_DL_00021_":{"x":-322,"y":-384,"width":644,"height":768},"mhjwjgreenidle_DL_00024_":{"x":-322,"y":-384,"width":644,"height":768},"mhjwjgreenidle_DL_00027_":{"x":-322,"y":-384,"width":644,"height":768},"mhjwjgreenidle_DL_00030_":{"x":-322,"y":-384,"width":644,"height":768},"mhjwjgreenidle_DL_00033_":{"x":-322,"y":-384,"width":644,"height":768},"mhjwjgreenidle_DL_00036_":{"x":-322,"y":-384,"width":644,"height":768},"mhjwjgreenidle_DL_00039_":{"x":-322,"y":-384,"width":644,"height":768},"mhjwjgreenidle_DL_00042_":{"x":-322,"y":-384,"width":644,"height":768},"mhjwjgreenidle_DL_00045_":{"x":-322,"y":-384,"width":644,"height":768},"mhjwjgreenidle_DL_00048_":{"x":-322,"y":-384,"width":644,"height":768},"mhjwjgreenidle_DL_00051_":{"x":-322,"y":-384,"width":644,"height":768},"mhjwjgreenidle_DL_00054_":{"x":-322,"y":-384,"width":644,"height":768},"mhjwjgreenidle_DL_00057_":{"x":-322,"y":-384,"width":644,"height":768},"mhjwjgreenidle_DL_00060_":{"x":-322,"y":-384,"width":644,"height":768},"mhjwjgreenidle_DL_00063_":{"x":-322,"y":-384,"width":644,"height":768},"mhjwjgreenidle_DL_00066_":{"x":-322,"y":-384,"width":644,"height":768},"mhjwjgreenidle_DL_00069_":{"x":-322,"y":-384,"width":644,"height":768},"mhjwjgreenidle_DL_00072_":{"x":-322,"y":-384,"width":644,"height":768},"mhjwjgreenidle_DL_00075_":{"x":-322,"y":-384,"width":644,"height":768},"mhjwjgreenidle_DL_00078_":{"x":-322,"y":-384,"width":644,"height":768},"mhjwjgreenidle_DL_00081_":{"x":-322,"y":-384,"width":644,"height":768},"mhjwjgreenidle_DL_00084_":{"x":-322,"y":-384,"width":644,"height":768},"mhjwjgreenidle_DL_00087_":{"x":-322,"y":-384,"width":644,"height":768},"mhjwjgreenidle_DL_00090_":{"x":-322,"y":-384,"width":644,"height":768},"mhjwjgreenidle_DL_00093_":{"x":-322,"y":-384,"width":644,"height":768},"mhjwjgreenidle_DL_00096_":{"x":-322,"y":-384,"width":644,"height":768},"mhjwjgreenidle_DL_00099_":{"x":-322,"y":-384,"width":644,"height":768},"mhjwjgreenidle_DL_00102_":{"x":-322,"y":-384,"width":644,"height":768},"mhjwjgreenidle_DL_00105_":{"x":-322,"y":-384,"width":644,"height":768},"mhjwjgreenidle_DL_00106_":{"x":-322,"y":-384,"width":644,"height":768}},"mhjwjgreenidle_DR_":{"mhjwjgreenidle_DR_00000_":{"x":358,"y":-384,"width":716,"height":768},"mhjwjgreenidle_DR_00003_":{"x":358,"y":-384,"width":716,"height":768},"mhjwjgreenidle_DR_00006_":{"x":358,"y":-384,"width":716,"height":768},"mhjwjgreenidle_DR_00009_":{"x":358,"y":-384,"width":716,"height":768},"mhjwjgreenidle_DR_00012_":{"x":358,"y":-384,"width":716,"height":768},"mhjwjgreenidle_DR_00015_":{"x":358,"y":-384,"width":716,"height":768},"mhjwjgreenidle_DR_00018_":{"x":358,"y":-384,"width":716,"height":768},"mhjwjgreenidle_DR_00021_":{"x":358,"y":-384,"width":716,"height":768},"mhjwjgreenidle_DR_00024_":{"x":358,"y":-384,"width":716,"height":768},"mhjwjgreenidle_DR_00027_":{"x":358,"y":-384,"width":716,"height":768},"mhjwjgreenidle_DR_00030_":{"x":358,"y":-384,"width":716,"height":768},"mhjwjgreenidle_DR_00033_":{"x":358,"y":-384,"width":716,"height":768},"mhjwjgreenidle_DR_00036_":{"x":358,"y":-384,"width":716,"height":768},"mhjwjgreenidle_DR_00039_":{"x":358,"y":-384,"width":716,"height":768},"mhjwjgreenidle_DR_00042_":{"x":358,"y":-384,"width":716,"height":768},"mhjwjgreenidle_DR_00045_":{"x":358,"y":-384,"width":716,"height":768},"mhjwjgreenidle_DR_00048_":{"x":358,"y":-384,"width":716,"height":768},"mhjwjgreenidle_DR_00051_":{"x":358,"y":-384,"width":716,"height":768},"mhjwjgreenidle_DR_00054_":{"x":358,"y":-384,"width":716,"height":768},"mhjwjgreenidle_DR_00057_":{"x":358,"y":-384,"width":716,"height":768},"mhjwjgreenidle_DR_00060_":{"x":358,"y":-384,"width":716,"height":768},"mhjwjgreenidle_DR_00063_":{"x":358,"y":-384,"width":716,"height":768},"mhjwjgreenidle_DR_00066_":{"x":358,"y":-384,"width":716,"height":768},"mhjwjgreenidle_DR_00069_":{"x":358,"y":-384,"width":716,"height":768},"mhjwjgreenidle_DR_00072_":{"x":358,"y":-384,"width":716,"height":768},"mhjwjgreenidle_DR_00075_":{"x":358,"y":-384,"width":716,"height":768},"mhjwjgreenidle_DR_00078_":{"x":358,"y":-384,"width":716,"height":768},"mhjwjgreenidle_DR_00081_":{"x":358,"y":-384,"width":716,"height":768},"mhjwjgreenidle_DR_00084_":{"x":358,"y":-384,"width":716,"height":768},"mhjwjgreenidle_DR_00087_":{"x":358,"y":-384,"width":716,"height":768},"mhjwjgreenidle_DR_00090_":{"x":358,"y":-384,"width":716,"height":768},"mhjwjgreenidle_DR_00093_":{"x":358,"y":-384,"width":716,"height":768},"mhjwjgreenidle_DR_00096_":{"x":358,"y":-384,"width":716,"height":768},"mhjwjgreenidle_DR_00099_":{"x":358,"y":-384,"width":716,"height":768},"mhjwjgreenidle_DR_00102_":{"x":358,"y":-384,"width":716,"height":768},"mhjwjgreenidle_DR_00105_":{"x":358,"y":-384,"width":716,"height":768},"mhjwjgreenidle_DR_00106_":{"x":358,"y":-384,"width":716,"height":768}},"mhjwjgreenidle_UL_":{"mhjwjgreenidle_UL_00000_":{"x":-322,"y":296,"width":644,"height":592},"mhjwjgreenidle_UL_00003_":{"x":-322,"y":296,"width":644,"height":592},"mhjwjgreenidle_UL_00006_":{"x":-322,"y":296,"width":644,"height":592},"mhjwjgreenidle_UL_00009_":{"x":-322,"y":296,"width":644,"height":592},"mhjwjgreenidle_UL_00012_":{"x":-322,"y":296,"width":644,"height":592},"mhjwjgreenidle_UL_00015_":{"x":-322,"y":296,"width":644,"height":592},"mhjwjgreenidle_UL_00018_":{"x":-322,"y":296,"width":644,"height":592},"mhjwjgreenidle_UL_00021_":{"x":-322,"y":296,"width":644,"height":592},"mhjwjgreenidle_UL_00024_":{"x":-322,"y":296,"width":644,"height":592},"mhjwjgreenidle_UL_00027_":{"x":-322,"y":296,"width":644,"height":592},"mhjwjgreenidle_UL_00030_":{"x":-322,"y":296,"width":644,"height":592},"mhjwjgreenidle_UL_00033_":{"x":-322,"y":296,"width":644,"height":592},"mhjwjgreenidle_UL_00036_":{"x":-322,"y":296,"width":644,"height":592},"mhjwjgreenidle_UL_00039_":{"x":-322,"y":296,"width":644,"height":592},"mhjwjgreenidle_UL_00042_":{"x":-322,"y":296,"width":644,"height":592},"mhjwjgreenidle_UL_00045_":{"x":-322,"y":296,"width":644,"height":592},"mhjwjgreenidle_UL_00048_":{"x":-322,"y":296,"width":644,"height":592},"mhjwjgreenidle_UL_00051_":{"x":-322,"y":296,"width":644,"height":592},"mhjwjgreenidle_UL_00054_":{"x":-322,"y":296,"width":644,"height":592},"mhjwjgreenidle_UL_00057_":{"x":-322,"y":296,"width":644,"height":592},"mhjwjgreenidle_UL_00060_":{"x":-322,"y":296,"width":644,"height":592},"mhjwjgreenidle_UL_00063_":{"x":-322,"y":296,"width":644,"height":592},"mhjwjgreenidle_UL_00066_":{"x":-322,"y":296,"width":644,"height":592},"mhjwjgreenidle_UL_00069_":{"x":-322,"y":296,"width":644,"height":592},"mhjwjgreenidle_UL_00072_":{"x":-322,"y":296,"width":644,"height":592},"mhjwjgreenidle_UL_00075_":{"x":-322,"y":296,"width":644,"height":592},"mhjwjgreenidle_UL_00078_":{"x":-322,"y":296,"width":644,"height":592},"mhjwjgreenidle_UL_00081_":{"x":-322,"y":296,"width":644,"height":592},"mhjwjgreenidle_UL_00084_":{"x":-322,"y":296,"width":644,"height":592},"mhjwjgreenidle_UL_00087_":{"x":-322,"y":296,"width":644,"height":592},"mhjwjgreenidle_UL_00090_":{"x":-322,"y":296,"width":644,"height":592},"mhjwjgreenidle_UL_00093_":{"x":-322,"y":296,"width":644,"height":592},"mhjwjgreenidle_UL_00096_":{"x":-322,"y":296,"width":644,"height":592},"mhjwjgreenidle_UL_00099_":{"x":-322,"y":296,"width":644,"height":592},"mhjwjgreenidle_UL_00102_":{"x":-322,"y":296,"width":644,"height":592},"mhjwjgreenidle_UL_00105_":{"x":-322,"y":296,"width":644,"height":592},"mhjwjgreenidle_UL_00106_":{"x":-322,"y":296,"width":644,"height":592}},"mhjwjgreenidle_UR_":{"mhjwjgreenidle_UR_00000_":{"x":358,"y":296,"width":716,"height":592},"mhjwjgreenidle_UR_00003_":{"x":358,"y":296,"width":716,"height":592},"mhjwjgreenidle_UR_00006_":{"x":358,"y":296,"width":716,"height":592},"mhjwjgreenidle_UR_00009_":{"x":358,"y":296,"width":716,"height":592},"mhjwjgreenidle_UR_00012_":{"x":358,"y":296,"width":716,"height":592},"mhjwjgreenidle_UR_00015_":{"x":358,"y":296,"width":716,"height":592},"mhjwjgreenidle_UR_00018_":{"x":358,"y":296,"width":716,"height":592},"mhjwjgreenidle_UR_00021_":{"x":358,"y":296,"width":716,"height":592},"mhjwjgreenidle_UR_00024_":{"x":358,"y":296,"width":716,"height":592},"mhjwjgreenidle_UR_00027_":{"x":358,"y":296,"width":716,"height":592},"mhjwjgreenidle_UR_00030_":{"x":358,"y":296,"width":716,"height":592},"mhjwjgreenidle_UR_00033_":{"x":358,"y":296,"width":716,"height":592},"mhjwjgreenidle_UR_00036_":{"x":358,"y":296,"width":716,"height":592},"mhjwjgreenidle_UR_00039_":{"x":358,"y":296,"width":716,"height":592},"mhjwjgreenidle_UR_00042_":{"x":358,"y":296,"width":716,"height":592},"mhjwjgreenidle_UR_00045_":{"x":358,"y":296,"width":716,"height":592},"mhjwjgreenidle_UR_00048_":{"x":358,"y":296,"width":716,"height":592},"mhjwjgreenidle_UR_00051_":{"x":358,"y":296,"width":716,"height":592},"mhjwjgreenidle_UR_00054_":{"x":358,"y":296,"width":716,"height":592},"mhjwjgreenidle_UR_00057_":{"x":358,"y":296,"width":716,"height":592},"mhjwjgreenidle_UR_00060_":{"x":358,"y":296,"width":716,"height":592},"mhjwjgreenidle_UR_00063_":{"x":358,"y":296,"width":716,"height":592},"mhjwjgreenidle_UR_00066_":{"x":358,"y":296,"width":716,"height":592},"mhjwjgreenidle_UR_00069_":{"x":358,"y":296,"width":716,"height":592},"mhjwjgreenidle_UR_00072_":{"x":358,"y":296,"width":716,"height":592},"mhjwjgreenidle_UR_00075_":{"x":358,"y":296,"width":716,"height":592},"mhjwjgreenidle_UR_00078_":{"x":358,"y":296,"width":716,"height":592},"mhjwjgreenidle_UR_00081_":{"x":358,"y":296,"width":716,"height":592},"mhjwjgreenidle_UR_00084_":{"x":358,"y":296,"width":716,"height":592},"mhjwjgreenidle_UR_00087_":{"x":358,"y":296,"width":716,"height":592},"mhjwjgreenidle_UR_00090_":{"x":358,"y":296,"width":716,"height":592},"mhjwjgreenidle_UR_00093_":{"x":358,"y":296,"width":716,"height":592},"mhjwjgreenidle_UR_00096_":{"x":358,"y":296,"width":716,"height":592},"mhjwjgreenidle_UR_00099_":{"x":358,"y":296,"width":716,"height":592},"mhjwjgreenidle_UR_00102_":{"x":358,"y":296,"width":716,"height":592},"mhjwjgreenidle_UR_00105_":{"x":358,"y":296,"width":716,"height":592},"mhjwjgreenidle_UR_00106_":{"x":358,"y":296,"width":716,"height":592}}}},"animations":{"animation":{"slots":{"mhjwjgreenidle_DL_":{"attachment":[{"time":0,"name":"mhjwjgreenidle_DL_00000_"},{"time":0.1,"name":"mhjwjgreenidle_DL_00003_"},{"time":0.2,"name":"mhjwjgreenidle_DL_00006_"},{"time":0.3,"name":"mhjwjgreenidle_DL_00009_"},{"time":0.4,"name":"mhjwjgreenidle_DL_00012_"},{"time":0.5,"name":"mhjwjgreenidle_DL_00015_"},{"time":0.6,"name":"mhjwjgreenidle_DL_00018_"},{"time":0.7,"name":"mhjwjgreenidle_DL_00021_"},{"time":0.8,"name":"mhjwjgreenidle_DL_00024_"},{"time":0.9,"name":"mhjwjgreenidle_DL_00027_"},{"time":1,"name":"mhjwjgreenidle_DL_00030_"},{"time":1.1,"name":"mhjwjgreenidle_DL_00033_"},{"time":1.2,"name":"mhjwjgreenidle_DL_00036_"},{"time":1.3,"name":"mhjwjgreenidle_DL_00039_"},{"time":1.4,"name":"mhjwjgreenidle_DL_00042_"},{"time":1.5,"name":"mhjwjgreenidle_DL_00045_"},{"time":1.6,"name":"mhjwjgreenidle_DL_00048_"},{"time":1.7,"name":"mhjwjgreenidle_DL_00051_"},{"time":1.8,"name":"mhjwjgreenidle_DL_00054_"},{"time":1.9,"name":"mhjwjgreenidle_DL_00057_"},{"time":2,"name":"mhjwjgreenidle_DL_00060_"},{"time":2.1,"name":"mhjwjgreenidle_DL_00063_"},{"time":2.2,"name":"mhjwjgreenidle_DL_00066_"},{"time":2.3,"name":"mhjwjgreenidle_DL_00069_"},{"time":2.4,"name":"mhjwjgreenidle_DL_00072_"},{"time":2.5,"name":"mhjwjgreenidle_DL_00075_"},{"time":2.6,"name":"mhjwjgreenidle_DL_00078_"},{"time":2.7,"name":"mhjwjgreenidle_DL_00081_"},{"time":2.8,"name":"mhjwjgreenidle_DL_00084_"},{"time":2.9,"name":"mhjwjgreenidle_DL_00087_"},{"time":3,"name":"mhjwjgreenidle_DL_00090_"},{"time":3.1,"name":"mhjwjgreenidle_DL_00093_"},{"time":3.2,"name":"mhjwjgreenidle_DL_00096_"},{"time":3.3,"name":"mhjwjgreenidle_DL_00099_"},{"time":3.4,"name":"mhjwjgreenidle_DL_00102_"},{"time":3.5,"name":"mhjwjgreenidle_DL_00105_"},{"time":3.6,"name":"mhjwjgreenidle_DL_00106_"}]},"mhjwjgreenidle_DR_":{"attachment":[{"time":0,"name":"mhjwjgreenidle_DR_00000_"},{"time":0.1,"name":"mhjwjgreenidle_DR_00003_"},{"time":0.2,"name":"mhjwjgreenidle_DR_00006_"},{"time":0.3,"name":"mhjwjgreenidle_DR_00009_"},{"time":0.4,"name":"mhjwjgreenidle_DR_00012_"},{"time":0.5,"name":"mhjwjgreenidle_DR_00015_"},{"time":0.6,"name":"mhjwjgreenidle_DR_00018_"},{"time":0.7,"name":"mhjwjgreenidle_DR_00021_"},{"time":0.8,"name":"mhjwjgreenidle_DR_00024_"},{"time":0.9,"name":"mhjwjgreenidle_DR_00027_"},{"time":1,"name":"mhjwjgreenidle_DR_00030_"},{"time":1.1,"name":"mhjwjgreenidle_DR_00033_"},{"time":1.2,"name":"mhjwjgreenidle_DR_00036_"},{"time":1.3,"name":"mhjwjgreenidle_DR_00039_"},{"time":1.4,"name":"mhjwjgreenidle_DR_00042_"},{"time":1.5,"name":"mhjwjgreenidle_DR_00045_"},{"time":1.6,"name":"mhjwjgreenidle_DR_00048_"},{"time":1.7,"name":"mhjwjgreenidle_DR_00051_"},{"time":1.8,"name":"mhjwjgreenidle_DR_00054_"},{"time":1.9,"name":"mhjwjgreenidle_DR_00057_"},{"time":2,"name":"mhjwjgreenidle_DR_00060_"},{"time":2.1,"name":"mhjwjgreenidle_DR_00063_"},{"time":2.2,"name":"mhjwjgreenidle_DR_00066_"},{"time":2.3,"name":"mhjwjgreenidle_DR_00069_"},{"time":2.4,"name":"mhjwjgreenidle_DR_00072_"},{"time":2.5,"name":"mhjwjgreenidle_DR_00075_"},{"time":2.6,"name":"mhjwjgreenidle_DR_00078_"},{"time":2.7,"name":"mhjwjgreenidle_DR_00081_"},{"time":2.8,"name":"mhjwjgreenidle_DR_00084_"},{"time":2.9,"name":"mhjwjgreenidle_DR_00087_"},{"time":3,"name":"mhjwjgreenidle_DR_00090_"},{"time":3.1,"name":"mhjwjgreenidle_DR_00093_"},{"time":3.2,"name":"mhjwjgreenidle_DR_00096_"},{"time":3.3,"name":"mhjwjgreenidle_DR_00099_"},{"time":3.4,"name":"mhjwjgreenidle_DR_00102_"},{"time":3.5,"name":"mhjwjgreenidle_DR_00105_"},{"time":3.6,"name":"mhjwjgreenidle_DR_00106_"}]},"mhjwjgreenidle_UL_":{"attachment":[{"time":0,"name":"mhjwjgreenidle_UL_00000_"},{"time":0.1,"name":"mhjwjgreenidle_UL_00003_"},{"time":0.2,"name":"mhjwjgreenidle_UL_00006_"},{"time":0.3,"name":"mhjwjgreenidle_UL_00009_"},{"time":0.4,"name":"mhjwjgreenidle_UL_00012_"},{"time":0.5,"name":"mhjwjgreenidle_UL_00015_"},{"time":0.6,"name":"mhjwjgreenidle_UL_00018_"},{"time":0.7,"name":"mhjwjgreenidle_UL_00021_"},{"time":0.8,"name":"mhjwjgreenidle_UL_00024_"},{"time":0.9,"name":"mhjwjgreenidle_UL_00027_"},{"time":1,"name":"mhjwjgreenidle_UL_00030_"},{"time":1.1,"name":"mhjwjgreenidle_UL_00033_"},{"time":1.2,"name":"mhjwjgreenidle_UL_00036_"},{"time":1.3,"name":"mhjwjgreenidle_UL_00039_"},{"time":1.4,"name":"mhjwjgreenidle_UL_00042_"},{"time":1.5,"name":"mhjwjgreenidle_UL_00045_"},{"time":1.6,"name":"mhjwjgreenidle_UL_00048_"},{"time":1.7,"name":"mhjwjgreenidle_UL_00051_"},{"time":1.8,"name":"mhjwjgreenidle_UL_00054_"},{"time":1.9,"name":"mhjwjgreenidle_UL_00057_"},{"time":2,"name":"mhjwjgreenidle_UL_00060_"},{"time":2.1,"name":"mhjwjgreenidle_UL_00063_"},{"time":2.2,"name":"mhjwjgreenidle_UL_00066_"},{"time":2.3,"name":"mhjwjgreenidle_UL_00069_"},{"time":2.4,"name":"mhjwjgreenidle_UL_00072_"},{"time":2.5,"name":"mhjwjgreenidle_UL_00075_"},{"time":2.6,"name":"mhjwjgreenidle_UL_00078_"},{"time":2.7,"name":"mhjwjgreenidle_UL_00081_"},{"time":2.8,"name":"mhjwjgreenidle_UL_00084_"},{"time":2.9,"name":"mhjwjgreenidle_UL_00087_"},{"time":3,"name":"mhjwjgreenidle_UL_00090_"},{"time":3.1,"name":"mhjwjgreenidle_UL_00093_"},{"time":3.2,"name":"mhjwjgreenidle_UL_00096_"},{"time":3.3,"name":"mhjwjgreenidle_UL_00099_"},{"time":3.4,"name":"mhjwjgreenidle_UL_00102_"},{"time":3.5,"name":"mhjwjgreenidle_UL_00105_"},{"time":3.6,"name":"mhjwjgreenidle_UL_00106_"}]},"mhjwjgreenidle_UR_":{"attachment":[{"time":0,"name":"mhjwjgreenidle_UR_00000_"},{"time":0.1,"name":"mhjwjgreenidle_UR_00003_"},{"time":0.2,"name":"mhjwjgreenidle_UR_00006_"},{"time":0.3,"name":"mhjwjgreenidle_UR_00009_"},{"time":0.4,"name":"mhjwjgreenidle_UR_00012_"},{"time":0.5,"name":"mhjwjgreenidle_UR_00015_"},{"time":0.6,"name":"mhjwjgreenidle_UR_00018_"},{"time":0.7,"name":"mhjwjgreenidle_UR_00021_"},{"time":0.8,"name":"mhjwjgreenidle_UR_00024_"},{"time":0.9,"name":"mhjwjgreenidle_UR_00027_"},{"time":1,"name":"mhjwjgreenidle_UR_00030_"},{"time":1.1,"name":"mhjwjgreenidle_UR_00033_"},{"time":1.2,"name":"mhjwjgreenidle_UR_00036_"},{"time":1.3,"name":"mhjwjgreenidle_UR_00039_"},{"time":1.4,"name":"mhjwjgreenidle_UR_00042_"},{"time":1.5,"name":"mhjwjgreenidle_UR_00045_"},{"time":1.6,"name":"mhjwjgreenidle_UR_00048_"},{"time":1.7,"name":"mhjwjgreenidle_UR_00051_"},{"time":1.8,"name":"mhjwjgreenidle_UR_00054_"},{"time":1.9,"name":"mhjwjgreenidle_UR_00057_"},{"time":2,"name":"mhjwjgreenidle_UR_00060_"},{"time":2.1,"name":"mhjwjgreenidle_UR_00063_"},{"time":2.2,"name":"mhjwjgreenidle_UR_00066_"},{"time":2.3,"name":"mhjwjgreenidle_UR_00069_"},{"time":2.4,"name":"mhjwjgreenidle_UR_00072_"},{"time":2.5,"name":"mhjwjgreenidle_UR_00075_"},{"time":2.6,"name":"mhjwjgreenidle_UR_00078_"},{"time":2.7,"name":"mhjwjgreenidle_UR_00081_"},{"time":2.8,"name":"mhjwjgreenidle_UR_00084_"},{"time":2.9,"name":"mhjwjgreenidle_UR_00087_"},{"time":3,"name":"mhjwjgreenidle_UR_00090_"},{"time":3.1,"name":"mhjwjgreenidle_UR_00093_"},{"time":3.2,"name":"mhjwjgreenidle_UR_00096_"},{"time":3.3,"name":"mhjwjgreenidle_UR_00099_"},{"time":3.4,"name":"mhjwjgreenidle_UR_00102_"},{"time":3.5,"name":"mhjwjgreenidle_UR_00105_"},{"time":3.6,"name":"mhjwjgreenidle_UR_00106_"}]}},"bones":{"ctr":{"translate":[{"time":0,"x":-65,"y":105}]}}}}}