{
"skeleton": { "hash": "gWS9WGhna91UGisxUO4dLtt3Huc", "spine": "2.1.27", "width": 0, "height": 0, "images": "" },
"bones": [
	{ "name": "root" },
	{ "name": "bone", "parent": "root", "length": 140.72, "y": 10.78, "rotation": 0.45 }
],
"slots": [
	{ "name": "daiji_xiuxian27_2_", "bone": "bone" },
	{ "name": "daiji_xiuxian00_", "bone": "bone" },
	{ "name": "daiji_xiuxian00_1_", "bone": "bone" }
],
"skins": {
	"default": {
		"daiji_xiuxian00_": {
			"daiji_xiuxian00_": { "x": -10.44, "y": 108.91, "rotation": -0.45, "width": 324, "height": 203 },
			"daiji_xiuxian02_": { "x": -0.6, "y": 87.33, "rotation": -0.45, "width": 296, "height": 162 },
			"daiji_xiuxian04_": { "x": -4.68, "y": 77.86, "rotation": -0.45, "width": 274, "height": 145 },
			"daiji_xiuxian06_": { "x": -8.73, "y": 70.89, "rotation": -0.45, "width": 254, "height": 131 },
			"daiji_xiuxian08_": { "x": -7.71, "y": 73.89, "rotation": -0.45, "width": 258, "height": 133 },
			"daiji_xiuxian10_": { "x": -6.69, "y": 75.88, "rotation": -0.45, "width": 258, "height": 131 },
			"daiji_xiuxian12_": { "x": -6.18, "y": 77.87, "rotation": -0.45, "width": 261, "height": 133 },
			"daiji_xiuxian14_": { "x": -6.2, "y": 74.87, "rotation": -0.45, "width": 257, "height": 127 },
			"daiji_xiuxian16_": { "x": -8.76, "y": 67.89, "rotation": -0.45, "width": 246, "height": 113 },
			"daiji_xiuxian18_": { "x": -8.18, "y": 77.39, "rotation": -0.45, "width": 259, "height": 132 },
			"daiji_xiuxian20_": { "x": -0.6, "y": 87.33, "rotation": -0.45, "width": 290, "height": 154 },
			"daiji_xiuxian23_": { "x": -3.6, "y": 87.35, "rotation": -0.45, "width": 292, "height": 168 },
			"daiji_xiuxian25_": { "x": -3.12, "y": 84.85, "rotation": -0.45, "width": 303, "height": 169 },
			"daiji_xiuxian27_": { "x": 198.03, "y": 104.77, "rotation": -0.45, "width": 47, "height": 50 },
			"daiji_xiuxian29_": { "x": 29.02, "y": 104.6, "rotation": -0.45, "width": 419, "height": 203 },
			"daiji_xiuxian31_": { "x": 28.54, "y": 106.6, "rotation": -0.45, "width": 430, "height": 191 },
			"daiji_xiuxian33_": { "x": 29.08, "y": 112.1, "rotation": -0.45, "width": 441, "height": 202 },
			"daiji_xiuxian37_": { "x": 28.52, "y": 104.1, "rotation": -0.45, "width": 414, "height": 186 },
			"daiji_xiuxian39_": { "x": 26.97, "y": 97.61, "rotation": -0.45, "width": 411, "height": 173 },
			"daiji_xiuxian41_": { "x": 25.49, "y": 100.13, "rotation": -0.45, "width": 408, "height": 178 },
			"daiji_xiuxian43_": { "x": 10.68, "y": 125.24, "rotation": -0.45, "width": 430, "height": 196 },
			"daiji_xiuxian45_": { "x": 33.08, "y": 112.07, "rotation": -0.45, "width": 393, "height": 174 },
			"daiji_xiuxian47_": { "x": 189.06, "y": 236.34, "rotation": -0.45, "width": 105, "height": 293 },
			"daiji_xiuxian49_": { "x": -3.99, "y": 101.86, "rotation": -0.45, "width": 329, "height": 181 },
			"daiji_xiuxian51_": { "x": -6.58, "y": 90.38, "rotation": -0.45, "width": 284, "height": 142 },
			"daiji_xiuxian53_": { "x": -11.52, "y": 97.92, "rotation": -0.45, "width": 272, "height": 167 },
			"daiji_xiuxian55_": { "x": -5.03, "y": 97.37, "rotation": -0.45, "width": 263, "height": 172 },
			"daiji_xiuxian56_": { "x": -5.02, "y": 98.37, "rotation": -0.45, "width": 277, "height": 176 }
		},
		"daiji_xiuxian00_1_": {
			"daiji_xiuxian00_1_": { "x": -15.39, "y": 304.95, "rotation": -0.45, "width": 339, "height": 189 },
			"daiji_xiuxian02_1_": { "x": -14.06, "y": 283.94, "rotation": -0.45, "width": 344, "height": 231 },
			"daiji_xiuxian04_1_": { "x": -6.63, "y": 274.88, "rotation": -0.45, "width": 357, "height": 249 },
			"daiji_xiuxian06_1_": { "x": -6.69, "y": 267.88, "rotation": -0.45, "width": 357, "height": 263 },
			"daiji_xiuxian08_1_": { "x": -9.17, "y": 269.9, "rotation": -0.45, "width": 352, "height": 259 },
			"daiji_xiuxian10_1_": { "x": -10.13, "y": 275.41, "rotation": -0.45, "width": 350, "height": 268 },
			"daiji_xiuxian12_1_": { "x": -5.6, "y": 278.88, "rotation": -0.45, "width": 353, "height": 269 },
			"daiji_xiuxian14_1_": { "x": 0.32, "y": 269.83, "rotation": -0.45, "width": 363, "height": 263 },
			"daiji_xiuxian16_1_": { "x": -10.71, "y": 264.42, "rotation": -0.45, "width": 351, "height": 280 },
			"daiji_xiuxian18_1_": { "x": -7.13, "y": 274.39, "rotation": -0.45, "width": 356, "height": 262 },
			"daiji_xiuxian20_1_": { "x": -4.58, "y": 281.87, "rotation": -0.45, "width": 347, "height": 235 },
			"daiji_xiuxian23_1_": { "x": -12.55, "y": 285.43, "rotation": -0.45, "width": 339, "height": 228 },
			"daiji_xiuxian25_1_": { "x": -15.06, "y": 284.45, "rotation": -0.45, "width": 340, "height": 230 },
			"daiji_xiuxian27_1_": { "x": 32.5, "y": 293.08, "rotation": -0.45, "width": 437, "height": 222 },
			"daiji_xiuxian29_1_": { "x": 35.11, "y": 307.06, "rotation": -0.45, "width": 432, "height": 202 },
			"daiji_xiuxian31_1_": { "x": 33.14, "y": 310.07, "rotation": -0.45, "width": 436, "height": 216 },
			"daiji_xiuxian33_1_": { "x": 26.67, "y": 314.62, "rotation": -0.45, "width": 429, "height": 203 },
			"daiji_xiuxian37_1_": { "x": 26.09, "y": 304.63, "rotation": -0.45, "width": 422, "height": 215 },
			"daiji_xiuxian39_1_": { "x": 17.02, "y": 295.7, "rotation": -0.45, "width": 434, "height": 223 },
			"daiji_xiuxian41_1_": { "x": 26.04, "y": 298.13, "rotation": -0.45, "width": 410, "height": 218 },
			"daiji_xiuxian43_1_": { "x": 13.71, "y": 319.22, "rotation": -0.45, "width": 435, "height": 192 },
			"daiji_xiuxian45_1_": { "x": 27.09, "y": 304.62, "rotation": -0.45, "width": 408, "height": 211 },
			"daiji_xiuxian47_1_": { "x": -19.14, "y": 209.48, "rotation": -0.45, "width": 311, "height": 396 },
			"daiji_xiuxian49_1_": { "x": 6.52, "y": 295.78, "rotation": -0.45, "width": 353, "height": 207 },
			"daiji_xiuxian51_1_": { "x": 2.4, "y": 279.81, "rotation": -0.45, "width": 331, "height": 237 },
			"daiji_xiuxian53_1_": { "x": 6.97, "y": 288.78, "rotation": -0.45, "width": 318, "height": 215 },
			"daiji_xiuxian55_1_": { "x": 8.99, "y": 291.26, "rotation": -0.45, "width": 310, "height": 216 },
			"daiji_xiuxian56_1_": { "x": 8, "y": 292.77, "rotation": -0.45, "width": 312, "height": 213 }
		},
		"daiji_xiuxian27_2_": {
			"daiji_xiuxian27_2_": { "x": -2.07, "y": 91.34, "rotation": -0.45, "width": 305, "height": 182 }
		}
	}
},
"animations": {
	"animation": {
		"slots": {
			"daiji_xiuxian00_": {
				"attachment": [
					{ "time": 0, "name": "daiji_xiuxian00_" },
					{ "time": 0.1, "name": "daiji_xiuxian02_" },
					{ "time": 0.2, "name": "daiji_xiuxian04_" },
					{ "time": 0.3, "name": "daiji_xiuxian06_" },
					{ "time": 0.4, "name": "daiji_xiuxian08_" },
					{ "time": 0.5, "name": "daiji_xiuxian10_" },
					{ "time": 0.6, "name": "daiji_xiuxian12_" },
					{ "time": 0.7, "name": "daiji_xiuxian14_" },
					{ "time": 0.8, "name": "daiji_xiuxian16_" },
					{ "time": 0.9, "name": "daiji_xiuxian18_" },
					{ "time": 1, "name": "daiji_xiuxian20_" },
					{ "time": 1.1, "name": "daiji_xiuxian00_" },
					{ "time": 1.2, "name": "daiji_xiuxian02_" },
					{ "time": 1.3, "name": "daiji_xiuxian04_" },
					{ "time": 1.4, "name": "daiji_xiuxian06_" },
					{ "time": 1.5, "name": "daiji_xiuxian08_" },
					{ "time": 1.6, "name": "daiji_xiuxian10_" },
					{ "time": 1.7, "name": "daiji_xiuxian12_" },
					{ "time": 1.8, "name": "daiji_xiuxian14_" },
					{ "time": 1.9, "name": "daiji_xiuxian16_" },
					{ "time": 2, "name": "daiji_xiuxian18_" },
					{ "time": 2.1, "name": "daiji_xiuxian20_" },
					{ "time": 2.2, "name": "daiji_xiuxian00_" },
					{ "time": 2.3, "name": "daiji_xiuxian02_" },
					{ "time": 2.4, "name": "daiji_xiuxian04_" },
					{ "time": 2.5, "name": "daiji_xiuxian06_" },
					{ "time": 2.6, "name": "daiji_xiuxian08_" },
					{ "time": 2.7, "name": "daiji_xiuxian10_" },
					{ "time": 2.8, "name": "daiji_xiuxian12_" },
					{ "time": 2.9, "name": "daiji_xiuxian14_" },
					{ "time": 3, "name": "daiji_xiuxian16_" },
					{ "time": 3.1, "name": "daiji_xiuxian18_" },
					{ "time": 3.2, "name": "daiji_xiuxian20_" },
					{ "time": 3.3, "name": "daiji_xiuxian00_" },
					{ "time": 3.3666, "name": "daiji_xiuxian23_" },
					{ "time": 3.4666, "name": "daiji_xiuxian25_" },
					{ "time": 3.5666, "name": "daiji_xiuxian27_" },
					{ "time": 3.6333, "name": "daiji_xiuxian29_" },
					{ "time": 3.7333, "name": "daiji_xiuxian31_" },
					{ "time": 3.8333, "name": "daiji_xiuxian33_" },
					{ "time": 3.9333, "name": "daiji_xiuxian37_" },
					{ "time": 4.0333, "name": "daiji_xiuxian39_" },
					{ "time": 4.1333, "name": "daiji_xiuxian41_" },
					{ "time": 4.2, "name": "daiji_xiuxian43_" },
					{ "time": 4.3, "name": "daiji_xiuxian45_" },
					{ "time": 4.4, "name": "daiji_xiuxian47_" },
					{ "time": 4.5, "name": "daiji_xiuxian49_" },
					{ "time": 4.5666, "name": "daiji_xiuxian51_" },
					{ "time": 4.6666, "name": "daiji_xiuxian53_" },
					{ "time": 4.7666, "name": "daiji_xiuxian55_" },
					{ "time": 4.8666, "name": "daiji_xiuxian56_" },
					{ "time": 4.9333, "name": "daiji_xiuxian23_" }
				]
			},
			"daiji_xiuxian00_1_": {
				"attachment": [
					{ "time": 0, "name": "daiji_xiuxian00_1_" },
					{ "time": 0.1, "name": "daiji_xiuxian02_1_" },
					{ "time": 0.2, "name": "daiji_xiuxian04_1_" },
					{ "time": 0.3, "name": "daiji_xiuxian06_1_" },
					{ "time": 0.4, "name": "daiji_xiuxian08_1_" },
					{ "time": 0.5, "name": "daiji_xiuxian10_1_" },
					{ "time": 0.6, "name": "daiji_xiuxian12_1_" },
					{ "time": 0.7, "name": "daiji_xiuxian14_1_" },
					{ "time": 0.8, "name": "daiji_xiuxian16_1_" },
					{ "time": 0.9, "name": "daiji_xiuxian18_1_" },
					{ "time": 1, "name": "daiji_xiuxian20_1_" },
					{ "time": 1.1, "name": "daiji_xiuxian00_1_" },
					{ "time": 1.2, "name": "daiji_xiuxian02_1_" },
					{ "time": 1.3, "name": "daiji_xiuxian04_1_" },
					{ "time": 1.4, "name": "daiji_xiuxian06_1_" },
					{ "time": 1.5, "name": "daiji_xiuxian08_1_" },
					{ "time": 1.6, "name": "daiji_xiuxian10_1_" },
					{ "time": 1.7, "name": "daiji_xiuxian12_1_" },
					{ "time": 1.8, "name": "daiji_xiuxian14_1_" },
					{ "time": 1.9, "name": "daiji_xiuxian16_1_" },
					{ "time": 2, "name": "daiji_xiuxian18_1_" },
					{ "time": 2.1, "name": "daiji_xiuxian20_1_" },
					{ "time": 2.2, "name": "daiji_xiuxian00_1_" },
					{ "time": 2.3, "name": "daiji_xiuxian02_1_" },
					{ "time": 2.4, "name": "daiji_xiuxian04_1_" },
					{ "time": 2.5, "name": "daiji_xiuxian06_1_" },
					{ "time": 2.6, "name": "daiji_xiuxian08_1_" },
					{ "time": 2.7, "name": "daiji_xiuxian10_1_" },
					{ "time": 2.8, "name": "daiji_xiuxian12_1_" },
					{ "time": 2.9, "name": "daiji_xiuxian14_1_" },
					{ "time": 3, "name": "daiji_xiuxian16_1_" },
					{ "time": 3.1, "name": "daiji_xiuxian18_1_" },
					{ "time": 3.2, "name": "daiji_xiuxian20_1_" },
					{ "time": 3.3, "name": "daiji_xiuxian00_1_" },
					{ "time": 3.3666, "name": "daiji_xiuxian23_1_" },
					{ "time": 3.4666, "name": "daiji_xiuxian25_1_" },
					{ "time": 3.5666, "name": "daiji_xiuxian27_1_" },
					{ "time": 3.6333, "name": "daiji_xiuxian29_1_" },
					{ "time": 3.7333, "name": "daiji_xiuxian31_1_" },
					{ "time": 3.8333, "name": "daiji_xiuxian33_1_" },
					{ "time": 3.9333, "name": "daiji_xiuxian37_1_" },
					{ "time": 4.0333, "name": "daiji_xiuxian39_1_" },
					{ "time": 4.1333, "name": "daiji_xiuxian41_1_" },
					{ "time": 4.2, "name": "daiji_xiuxian43_1_" },
					{ "time": 4.3, "name": "daiji_xiuxian45_1_" },
					{ "time": 4.4, "name": "daiji_xiuxian47_1_" },
					{ "time": 4.5, "name": "daiji_xiuxian49_1_" },
					{ "time": 4.5666, "name": "daiji_xiuxian51_1_" },
					{ "time": 4.6666, "name": "daiji_xiuxian53_1_" },
					{ "time": 4.7666, "name": "daiji_xiuxian55_1_" },
					{ "time": 4.8666, "name": "daiji_xiuxian56_1_" },
					{ "time": 4.9333, "name": "daiji_xiuxian23_1_" }
				]
			},
			"daiji_xiuxian27_2_": {
				"attachment": [
					{ "time": 3.5666, "name": "daiji_xiuxian27_2_" },
					{ "time": 3.6333, "name": null }
				]
			}
		},
		"bones": {
			"bone": {
				"translate": [
					{ "time": 0, "x": 0, "y": 0, "curve": "stepped" },
					{ "time": 1.1, "x": 0, "y": 0, "curve": "stepped" },
					{ "time": 2.2, "x": 0, "y": 0, "curve": "stepped" },
					{ "time": 3.3666, "x": 0, "y": 0 }
				]
			}
		}
	}
}
}