{
"skeleton": { "hash": "eKr4ZW/rLK7Omzwm6SW7TBZirho", "spine": "2.1.27", "width": 477.17, "height": 117.97 },
"bones": [
	{ "name": "root" },
	{ "name": "Halloween_shenti_", "parent": "root", "x": 114.59, "y": 125.89 },
	{ "name": "Halloween_shenti_2", "parent": "root", "x": 304.55, "y": 220.87 },
	{ "name": "Halloween_shenti_3", "parent": "root", "x": 402.38, "y": 220.87 },
	{ "name": "Halloween_shenti_4", "parent": "root", "x": 499.76, "y": 220.87 },
	{ "name": "Halloween_shenti_5", "parent": "root", "x": 121.66, "y": 220.87 },
	{ "name": "Halloween_shenti_6", "parent": "root", "x": 209.57, "y": 220.87 },
	{ "name": "Halloween_you_chibang_", "parent": "Halloween_shenti_", "x": 4.72, "y": 6.17 },
	{ "name": "Halloween_you_chibang_2", "parent": "Halloween_shenti_2", "x": 4.72, "y": 6.17 },
	{ "name": "Halloween_you_chibang_3", "parent": "Halloween_shenti_3", "x": 4.72, "y": 6.17 },
	{ "name": "Halloween_you_chibang_4", "parent": "Halloween_shenti_4", "x": 4.72, "y": 6.17 },
	{ "name": "Halloween_you_chibang_5", "parent": "Halloween_shenti_5", "x": 4.72, "y": 6.17 },
	{ "name": "Halloween_you_chibang_6", "parent": "Halloween_shenti_6", "x": 4.72, "y": 6.17 },
	{ "name": "Halloween_zuo_chibang_", "parent": "Halloween_shenti_", "x": -4.13, "y": 6.31 },
	{ "name": "Halloween_zuo_chibang_2", "parent": "Halloween_shenti_2", "x": -4.13, "y": 6.31 },
	{ "name": "Halloween_zuo_chibang_3", "parent": "Halloween_shenti_3", "x": -4.13, "y": 6.31 },
	{ "name": "Halloween_zuo_chibang_4", "parent": "Halloween_shenti_4", "x": -4.13, "y": 6.31 },
	{ "name": "Halloween_zuo_chibang_5", "parent": "Halloween_shenti_5", "x": -4.13, "y": 6.31 },
	{ "name": "Halloween_zuo_chibang_6", "parent": "Halloween_shenti_6", "x": -4.13, "y": 6.31 },
	{ "name": "Halloween_ditu_", "parent": "Halloween_zuo_chibang_", "x": -13.96, "y": 4.17 },
	{ "name": "Halloween_ditu_2", "parent": "Halloween_zuo_chibang_2", "x": -13.96, "y": 4.17 },
	{ "name": "Halloween_ditu_3", "parent": "Halloween_zuo_chibang_3", "x": -13.96, "y": 4.17 },
	{ "name": "Halloween_ditu_4", "parent": "Halloween_zuo_chibang_4", "x": -13.96, "y": 4.17 },
	{ "name": "Halloween_ditu_5", "parent": "Halloween_zuo_chibang_5", "x": -13.96, "y": 4.17 },
	{ "name": "Halloween_ditu_6", "parent": "Halloween_zuo_chibang_6", "x": -13.96, "y": 4.17 },
	{ "name": "Halloween_you_chibang_1_", "parent": "Halloween_you_chibang_", "x": 11.3, "y": 4.1 },
	{ "name": "Halloween_you_chibang_1_2", "parent": "Halloween_you_chibang_2", "x": 11.3, "y": 4.1 },
	{ "name": "Halloween_you_chibang_1_3", "parent": "Halloween_you_chibang_3", "x": 11.3, "y": 4.1 },
	{ "name": "Halloween_you_chibang_1_4", "parent": "Halloween_you_chibang_4", "x": 11.3, "y": 4.1 },
	{ "name": "Halloween_you_chibang_1_5", "parent": "Halloween_you_chibang_5", "x": 11.3, "y": 4.1 },
	{ "name": "Halloween_you_chibang_1_6", "parent": "Halloween_you_chibang_6", "x": 11.3, "y": 4.1 }
],
"slots": [
	{ "name": "Halloween_shenti_", "bone": "Halloween_shenti_", "attachment": "Halloween_shenti_" },
	{ "name": "Halloween_shenti_2", "bone": "Halloween_shenti_2", "attachment": "Halloween_shenti_" },
	{ "name": "Halloween_shenti_3", "bone": "Halloween_shenti_3", "attachment": "Halloween_shenti_" },
	{ "name": "Halloween_shenti_4", "bone": "Halloween_shenti_4", "attachment": "Halloween_shenti_" },
	{ "name": "Halloween_shenti_5", "bone": "Halloween_shenti_5", "attachment": "Halloween_shenti_" },
	{ "name": "Halloween_shenti_6", "bone": "Halloween_shenti_6", "attachment": "Halloween_shenti_" },
	{ "name": "Halloween_zuo_chibang_", "bone": "Halloween_zuo_chibang_", "attachment": "Halloween_zuo_chibang_" },
	{ "name": "Halloween_zuo_chibang_2", "bone": "Halloween_zuo_chibang_2", "attachment": "Halloween_zuo_chibang_" },
	{ "name": "Halloween_zuo_chibang_3", "bone": "Halloween_zuo_chibang_3", "attachment": "Halloween_zuo_chibang_" },
	{ "name": "Halloween_zuo_chibang_4", "bone": "Halloween_zuo_chibang_4", "attachment": "Halloween_zuo_chibang_" },
	{ "name": "Halloween_zuo_chibang_5", "bone": "Halloween_zuo_chibang_5", "attachment": "Halloween_zuo_chibang_" },
	{ "name": "Halloween_zuo_chibang_6", "bone": "Halloween_zuo_chibang_6", "attachment": "Halloween_zuo_chibang_" },
	{ "name": "Halloween_zuo_chibang_1_", "bone": "Halloween_ditu_", "attachment": "Halloween_zuo_chibang_1_" },
	{ "name": "Halloween_zuo_chibang_1_2", "bone": "Halloween_ditu_2", "attachment": "Halloween_zuo_chibang_1_" },
	{ "name": "Halloween_zuo_chibang_1_3", "bone": "Halloween_ditu_3", "attachment": "Halloween_zuo_chibang_1_" },
	{ "name": "Halloween_zuo_chibang_1_4", "bone": "Halloween_ditu_4", "attachment": "Halloween_zuo_chibang_1_" },
	{ "name": "Halloween_zuo_chibang_1_5", "bone": "Halloween_ditu_5", "attachment": "Halloween_zuo_chibang_1_" },
	{ "name": "Halloween_zuo_chibang_1_6", "bone": "Halloween_ditu_6", "attachment": "Halloween_zuo_chibang_1_" },
	{ "name": "Halloween_you_chibang_", "bone": "Halloween_you_chibang_", "attachment": "Halloween_you_chibang_" },
	{ "name": "Halloween_you_chibang_2", "bone": "Halloween_you_chibang_2", "attachment": "Halloween_you_chibang_" },
	{ "name": "Halloween_you_chibang_3", "bone": "Halloween_you_chibang_3", "attachment": "Halloween_you_chibang_" },
	{ "name": "Halloween_you_chibang_4", "bone": "Halloween_you_chibang_4", "attachment": "Halloween_you_chibang_" },
	{ "name": "Halloween_you_chibang_5", "bone": "Halloween_you_chibang_5", "attachment": "Halloween_you_chibang_" },
	{ "name": "Halloween_you_chibang_6", "bone": "Halloween_you_chibang_6", "attachment": "Halloween_you_chibang_" },
	{ "name": "Halloween_you_chibang_1_", "bone": "Halloween_you_chibang_1_", "attachment": "Halloween_you_chibang_1_" },
	{ "name": "Halloween_you_chibang_1_2", "bone": "Halloween_you_chibang_1_2", "attachment": "Halloween_you_chibang_1_" },
	{ "name": "Halloween_you_chibang_1_3", "bone": "Halloween_you_chibang_1_3", "attachment": "Halloween_you_chibang_1_" },
	{ "name": "Halloween_you_chibang_1_4", "bone": "Halloween_you_chibang_1_4", "attachment": "Halloween_you_chibang_1_" },
	{ "name": "Halloween_you_chibang_1_5", "bone": "Halloween_you_chibang_1_5", "attachment": "Halloween_you_chibang_1_" },
	{ "name": "Halloween_you_chibang_1_6", "bone": "Halloween_you_chibang_1_6", "attachment": "Halloween_you_chibang_1_" }
],
"skins": {
	"default": {
		"Halloween_shenti_": {
			"Halloween_shenti_": { "x": 0.9, "y": 9.1, "width": 17, "height": 20 }
		},
		"Halloween_shenti_2": {
			"Halloween_shenti_": { "x": 0.9, "y": 9.1, "width": 17, "height": 20 }
		},
		"Halloween_shenti_3": {
			"Halloween_shenti_": { "x": 0.9, "y": 9.1, "width": 17, "height": 20 }
		},
		"Halloween_shenti_4": {
			"Halloween_shenti_": { "x": 0.9, "y": 9.1, "width": 17, "height": 20 }
		},
		"Halloween_shenti_5": {
			"Halloween_shenti_": { "x": 0.9, "y": 9.1, "width": 17, "height": 20 }
		},
		"Halloween_shenti_6": {
			"Halloween_shenti_": { "x": 0.9, "y": 9.1, "width": 17, "height": 20 }
		},
		"Halloween_you_chibang_": {
			"Halloween_you_chibang_": { "x": 9.68, "y": 3.93, "width": 20, "height": 16 }
		},
		"Halloween_you_chibang_1_": {
			"Halloween_you_chibang_1_": { "x": 13.38, "y": 3.32, "width": 32, "height": 17 }
		},
		"Halloween_you_chibang_1_2": {
			"Halloween_you_chibang_1_": { "x": 13.38, "y": 3.32, "width": 32, "height": 17 }
		},
		"Halloween_you_chibang_1_3": {
			"Halloween_you_chibang_1_": { "x": 13.38, "y": 3.32, "width": 32, "height": 17 }
		},
		"Halloween_you_chibang_1_4": {
			"Halloween_you_chibang_1_": { "x": 13.38, "y": 3.32, "width": 32, "height": 17 }
		},
		"Halloween_you_chibang_1_5": {
			"Halloween_you_chibang_1_": { "x": 13.38, "y": 3.32, "width": 32, "height": 17 }
		},
		"Halloween_you_chibang_1_6": {
			"Halloween_you_chibang_1_": { "x": 13.38, "y": 3.32, "width": 32, "height": 17 }
		},
		"Halloween_you_chibang_2": {
			"Halloween_you_chibang_": { "x": 9.68, "y": 3.93, "width": 20, "height": 16 }
		},
		"Halloween_you_chibang_3": {
			"Halloween_you_chibang_": { "x": 9.68, "y": 3.93, "width": 20, "height": 16 }
		},
		"Halloween_you_chibang_4": {
			"Halloween_you_chibang_": { "x": 9.68, "y": 3.93, "width": 20, "height": 16 }
		},
		"Halloween_you_chibang_5": {
			"Halloween_you_chibang_": { "x": 9.68, "y": 3.93, "width": 20, "height": 16 }
		},
		"Halloween_you_chibang_6": {
			"Halloween_you_chibang_": { "x": 9.68, "y": 3.93, "width": 20, "height": 16 }
		},
		"Halloween_zuo_chibang_": {
			"Halloween_zuo_chibang_": { "x": -9.95, "y": 2.28, "width": 21, "height": 15 }
		},
		"Halloween_zuo_chibang_1_": {
			"Halloween_zuo_chibang_1_": { "x": -13.99, "y": 2.61, "width": 29, "height": 18 }
		},
		"Halloween_zuo_chibang_1_2": {
			"Halloween_zuo_chibang_1_": { "x": -13.99, "y": 2.61, "width": 29, "height": 18 }
		},
		"Halloween_zuo_chibang_1_3": {
			"Halloween_zuo_chibang_1_": { "x": -13.99, "y": 2.61, "width": 29, "height": 18 }
		},
		"Halloween_zuo_chibang_1_4": {
			"Halloween_zuo_chibang_1_": { "x": -13.99, "y": 2.61, "width": 29, "height": 18 }
		},
		"Halloween_zuo_chibang_1_5": {
			"Halloween_zuo_chibang_1_": { "x": -13.99, "y": 2.61, "width": 29, "height": 18 }
		},
		"Halloween_zuo_chibang_1_6": {
			"Halloween_zuo_chibang_1_": { "x": -13.99, "y": 2.61, "width": 29, "height": 18 }
		},
		"Halloween_zuo_chibang_2": {
			"Halloween_zuo_chibang_": { "x": -9.95, "y": 2.28, "width": 21, "height": 15 }
		},
		"Halloween_zuo_chibang_3": {
			"Halloween_zuo_chibang_": { "x": -9.95, "y": 2.28, "width": 21, "height": 15 }
		},
		"Halloween_zuo_chibang_4": {
			"Halloween_zuo_chibang_": { "x": -9.95, "y": 2.28, "width": 21, "height": 15 }
		},
		"Halloween_zuo_chibang_5": {
			"Halloween_zuo_chibang_": { "x": -9.95, "y": 2.28, "width": 21, "height": 15 }
		},
		"Halloween_zuo_chibang_6": {
			"Halloween_zuo_chibang_": { "x": -9.95, "y": 2.28, "width": 21, "height": 15 }
		}
	}
},
"animations": {
	"animation": {
		"slots": {
			"Halloween_shenti_": {
				"color": [
					{ "time": 0, "color": "ffffff00", "curve": "stepped" },
					{ "time": 0.7, "color": "ffffff00" },
					{ "time": 0.9, "color": "ffffffff", "curve": "stepped" },
					{ "time": 2.5, "color": "ffffffff" },
					{ "time": 2.9333, "color": "ffffff00", "curve": "stepped" },
					{ "time": 3.8, "color": "ffffff00", "curve": "stepped" },
					{ "time": 3.8333, "color": "ffffff00" }
				]
			},
			"Halloween_shenti_2": {
				"color": [
					{ "time": 0, "color": "ffffff00" },
					{ "time": 0.3333, "color": "ffffffff", "curve": "stepped" },
					{ "time": 1.0333, "color": "ffffffff", "curve": "stepped" },
					{ "time": 1.3666, "color": "ffffffff" },
					{ "time": 1.7, "color": "ffffff00", "curve": "stepped" },
					{ "time": 1.8666, "color": "ffffff00", "curve": "stepped" },
					{ "time": 2.5, "color": "ffffff00", "curve": "stepped" },
					{ "time": 3.7333, "color": "ffffff00", "curve": "stepped" },
					{ "time": 4.0333, "color": "ffffff00" }
				]
			},
			"Halloween_shenti_3": {
				"color": [
					{ "time": 0, "color": "ffffff00" },
					{ "time": 0.2, "color": "ffffffff", "curve": "stepped" },
					{ "time": 0.7666, "color": "ffffffff", "curve": "stepped" },
					{ "time": 0.9, "color": "ffffffff" },
					{ "time": 1.2, "color": "ffffff00", "curve": "stepped" },
					{ "time": 1.3666, "color": "ffffff00", "curve": "stepped" },
					{ "time": 2.5, "color": "ffffff00", "curve": "stepped" },
					{ "time": 3.7333, "color": "ffffff00", "curve": "stepped" },
					{ "time": 4.0333, "color": "ffffff00" }
				]
			},
			"Halloween_shenti_4": {
				"color": [
					{ "time": 0, "color": "ffffff00" },
					{ "time": 0.3, "color": "ffffffff", "curve": "stepped" },
					{ "time": 1.1333, "color": "ffffffff", "curve": "stepped" },
					{ "time": 1.4666, "color": "ffffffff" },
					{ "time": 1.7, "color": "ffffff00", "curve": "stepped" },
					{ "time": 1.8666, "color": "ffffff00", "curve": "stepped" },
					{ "time": 2.5, "color": "ffffff00", "curve": "stepped" },
					{ "time": 3.7333, "color": "ffffff00", "curve": "stepped" },
					{ "time": 4.0333, "color": "ffffff00" }
				]
			},
			"Halloween_shenti_5": {
				"color": [
					{ "time": 0, "color": "ffffff00", "curve": "stepped" },
					{ "time": 0.5333, "color": "ffffff00" },
					{ "time": 0.9, "color": "ffffffff", "curve": "stepped" },
					{ "time": 1.4333, "color": "ffffffff" },
					{ "time": 1.7, "color": "ffffff00", "curve": "stepped" },
					{ "time": 1.8666, "color": "ffffff00", "curve": "stepped" },
					{ "time": 2.5, "color": "ffffff00", "curve": "stepped" },
					{ "time": 3.7333, "color": "ffffff00", "curve": "stepped" },
					{ "time": 4.0333, "color": "ffffff00" }
				]
			},
			"Halloween_shenti_6": {
				"color": [
					{ "time": 0, "color": "ffffff00", "curve": "stepped" },
					{ "time": 0.7, "color": "ffffff00" },
					{ "time": 0.9666, "color": "ffffffff", "curve": "stepped" },
					{ "time": 1.5333, "color": "ffffffff" },
					{ "time": 1.8666, "color": "ffffff00", "curve": "stepped" },
					{ "time": 2.5, "color": "ffffff00", "curve": "stepped" },
					{ "time": 3.7333, "color": "ffffff00", "curve": "stepped" },
					{ "time": 4.0333, "color": "ffffff00" }
				]
			},
			"Halloween_you_chibang_": {
				"color": [
					{ "time": 0, "color": "ffffff00", "curve": "stepped" },
					{ "time": 0.6, "color": "ffffff00" },
					{ "time": 0.9, "color": "ffffffff", "curve": "stepped" },
					{ "time": 2.5, "color": "ffffffff" },
					{ "time": 2.9333, "color": "ffffff00", "curve": "stepped" },
					{ "time": 3.8333, "color": "ffffff00" }
				]
			},
			"Halloween_you_chibang_2": {
				"color": [
					{ "time": 0, "color": "ffffff00" },
					{ "time": 0.3333, "color": "ffffffff", "curve": "stepped" },
					{ "time": 1.0333, "color": "ffffffff", "curve": "stepped" },
					{ "time": 1.3666, "color": "ffffffff" },
					{ "time": 1.7, "color": "ffffff00", "curve": "stepped" },
					{ "time": 1.8666, "color": "ffffff00", "curve": "stepped" },
					{ "time": 2.5, "color": "ffffff00", "curve": "stepped" },
					{ "time": 3.7333, "color": "ffffff00", "curve": "stepped" },
					{ "time": 4.0333, "color": "ffffff00" }
				]
			},
			"Halloween_you_chibang_3": {
				"color": [
					{ "time": 0, "color": "ffffff00" },
					{ "time": 0.2, "color": "ffffffff", "curve": "stepped" },
					{ "time": 0.7666, "color": "ffffffff", "curve": "stepped" },
					{ "time": 0.9, "color": "ffffffff" },
					{ "time": 1.2, "color": "ffffff00", "curve": "stepped" },
					{ "time": 1.3666, "color": "ffffff00", "curve": "stepped" },
					{ "time": 2.5, "color": "ffffff00", "curve": "stepped" },
					{ "time": 3.7333, "color": "ffffff00", "curve": "stepped" },
					{ "time": 4.0333, "color": "ffffff00" }
				]
			},
			"Halloween_you_chibang_4": {
				"color": [
					{ "time": 0, "color": "ffffff00" },
					{ "time": 0.3, "color": "ffffffff", "curve": "stepped" },
					{ "time": 0.9, "color": "ffffffff", "curve": "stepped" },
					{ "time": 1.4666, "color": "ffffffff" },
					{ "time": 1.7, "color": "ffffff00", "curve": "stepped" },
					{ "time": 1.8666, "color": "ffffff00", "curve": "stepped" },
					{ "time": 2.5, "color": "ffffff00", "curve": "stepped" },
					{ "time": 3.7333, "color": "ffffff00", "curve": "stepped" },
					{ "time": 4.0333, "color": "ffffff00" }
				]
			},
			"Halloween_you_chibang_5": {
				"color": [
					{ "time": 0, "color": "ffffff00", "curve": "stepped" },
					{ "time": 0.5333, "color": "ffffff00" },
					{ "time": 0.9, "color": "ffffffff", "curve": "stepped" },
					{ "time": 1.4, "color": "ffffffff" },
					{ "time": 1.7, "color": "ffffff00", "curve": "stepped" },
					{ "time": 1.8666, "color": "ffffff00", "curve": "stepped" },
					{ "time": 2.5, "color": "ffffff00", "curve": "stepped" },
					{ "time": 3.7333, "color": "ffffff00", "curve": "stepped" },
					{ "time": 4.0333, "color": "ffffff00" }
				]
			},
			"Halloween_you_chibang_6": {
				"color": [
					{ "time": 0, "color": "ffffff00", "curve": "stepped" },
					{ "time": 0.7, "color": "ffffff00" },
					{ "time": 0.9666, "color": "ffffffff", "curve": "stepped" },
					{ "time": 1.5333, "color": "ffffffff" },
					{ "time": 1.8666, "color": "ffffff00", "curve": "stepped" },
					{ "time": 2.5, "color": "ffffff00", "curve": "stepped" },
					{ "time": 3.7333, "color": "ffffff00", "curve": "stepped" },
					{ "time": 4.0333, "color": "ffffff00" }
				]
			},
			"Halloween_you_chibang_1_": {
				"color": [
					{ "time": 0, "color": "ffffff00", "curve": "stepped" },
					{ "time": 0.7, "color": "ffffff00" },
					{ "time": 0.9, "color": "ffffffff", "curve": "stepped" },
					{ "time": 2.5, "color": "ffffffff" },
					{ "time": 2.9333, "color": "ffffff00", "curve": "stepped" },
					{ "time": 3.8333, "color": "ffffff00" }
				]
			},
			"Halloween_you_chibang_1_2": {
				"color": [
					{ "time": 0, "color": "ffffff00" },
					{ "time": 0.3333, "color": "ffffffff", "curve": "stepped" },
					{ "time": 1.0333, "color": "ffffffff", "curve": "stepped" },
					{ "time": 1.3666, "color": "ffffffff" },
					{ "time": 1.7, "color": "ffffff00", "curve": "stepped" },
					{ "time": 1.8666, "color": "ffffff00", "curve": "stepped" },
					{ "time": 2.5, "color": "ffffff00", "curve": "stepped" },
					{ "time": 3.7333, "color": "ffffff00", "curve": "stepped" },
					{ "time": 4.0333, "color": "ffffff00" }
				]
			},
			"Halloween_you_chibang_1_3": {
				"color": [
					{ "time": 0, "color": "ffffff00" },
					{ "time": 0.2, "color": "ffffffff", "curve": "stepped" },
					{ "time": 0.7666, "color": "ffffffff", "curve": "stepped" },
					{ "time": 0.9, "color": "ffffffff" },
					{ "time": 1.2, "color": "ffffff00", "curve": "stepped" },
					{ "time": 1.3666, "color": "ffffff00", "curve": "stepped" },
					{ "time": 2.5, "color": "ffffff00", "curve": "stepped" },
					{ "time": 3.7333, "color": "ffffff00", "curve": "stepped" },
					{ "time": 4.0333, "color": "ffffff00" }
				]
			},
			"Halloween_you_chibang_1_4": {
				"color": [
					{ "time": 0, "color": "ffffff00" },
					{ "time": 0.3, "color": "ffffffff", "curve": "stepped" },
					{ "time": 1.4666, "color": "ffffffff" },
					{ "time": 1.7, "color": "ffffff00", "curve": "stepped" },
					{ "time": 1.8666, "color": "ffffff00", "curve": "stepped" },
					{ "time": 2.5, "color": "ffffff00", "curve": "stepped" },
					{ "time": 3.7333, "color": "ffffff00", "curve": "stepped" },
					{ "time": 4.0333, "color": "ffffff00" }
				]
			},
			"Halloween_you_chibang_1_5": {
				"color": [
					{ "time": 0, "color": "ffffff00", "curve": "stepped" },
					{ "time": 0.5333, "color": "ffffff00" },
					{ "time": 0.9, "color": "ffffffff", "curve": "stepped" },
					{ "time": 1.4, "color": "ffffffff" },
					{ "time": 1.7, "color": "ffffff00", "curve": "stepped" },
					{ "time": 1.8666, "color": "ffffff00", "curve": "stepped" },
					{ "time": 2.5, "color": "ffffff00", "curve": "stepped" },
					{ "time": 3.7333, "color": "ffffff00", "curve": "stepped" },
					{ "time": 4.0333, "color": "ffffff00" }
				]
			},
			"Halloween_you_chibang_1_6": {
				"color": [
					{ "time": 0, "color": "ffffff00", "curve": "stepped" },
					{ "time": 0.7, "color": "ffffff00" },
					{ "time": 0.9666, "color": "ffffffff", "curve": "stepped" },
					{ "time": 1.5333, "color": "ffffffff" },
					{ "time": 1.8666, "color": "ffffff00", "curve": "stepped" },
					{ "time": 2.5, "color": "ffffff00", "curve": "stepped" },
					{ "time": 3.7333, "color": "ffffff00", "curve": "stepped" },
					{ "time": 4.0333, "color": "ffffff00" }
				]
			},
			"Halloween_zuo_chibang_": {
				"color": [
					{ "time": 0, "color": "ffffff00", "curve": "stepped" },
					{ "time": 0.7, "color": "ffffff00" },
					{ "time": 0.9, "color": "ffffffff", "curve": "stepped" },
					{ "time": 2.5, "color": "ffffffff" },
					{ "time": 2.9333, "color": "ffffff00", "curve": "stepped" },
					{ "time": 3.3333, "color": "ffffff00", "curve": "stepped" },
					{ "time": 3.8, "color": "ffffff00", "curve": "stepped" },
					{ "time": 3.8333, "color": "ffffff00" }
				]
			},
			"Halloween_zuo_chibang_2": {
				"color": [
					{ "time": 0, "color": "ffffff00" },
					{ "time": 0.3333, "color": "ffffffff", "curve": "stepped" },
					{ "time": 1.0333, "color": "ffffffff", "curve": "stepped" },
					{ "time": 1.3666, "color": "ffffffff" },
					{ "time": 1.7, "color": "ffffff00", "curve": "stepped" },
					{ "time": 1.8666, "color": "ffffff00", "curve": "stepped" },
					{ "time": 2.5, "color": "ffffff00", "curve": "stepped" },
					{ "time": 3.7333, "color": "ffffff00", "curve": "stepped" },
					{ "time": 4.0333, "color": "ffffff00" }
				]
			},
			"Halloween_zuo_chibang_3": {
				"color": [
					{ "time": 0, "color": "ffffff00" },
					{ "time": 0.2, "color": "ffffffff", "curve": "stepped" },
					{ "time": 0.7666, "color": "ffffffff", "curve": "stepped" },
					{ "time": 0.9, "color": "ffffffff" },
					{ "time": 1.2, "color": "ffffff00", "curve": "stepped" },
					{ "time": 1.3666, "color": "ffffff00", "curve": "stepped" },
					{ "time": 2.5, "color": "ffffff00", "curve": "stepped" },
					{ "time": 3.7333, "color": "ffffff00", "curve": "stepped" },
					{ "time": 4.0333, "color": "ffffff00" }
				]
			},
			"Halloween_zuo_chibang_4": {
				"color": [
					{ "time": 0, "color": "ffffff00" },
					{ "time": 0.3, "color": "ffffffff", "curve": "stepped" },
					{ "time": 1.4666, "color": "ffffffff" },
					{ "time": 1.7, "color": "ffffff00", "curve": "stepped" },
					{ "time": 1.8666, "color": "ffffff00", "curve": "stepped" },
					{ "time": 2.5, "color": "ffffff00", "curve": "stepped" },
					{ "time": 3.7333, "color": "ffffff00", "curve": "stepped" },
					{ "time": 4.0333, "color": "ffffff00" }
				]
			},
			"Halloween_zuo_chibang_5": {
				"color": [
					{ "time": 0, "color": "ffffff00", "curve": "stepped" },
					{ "time": 0.5333, "color": "ffffff00" },
					{ "time": 0.9, "color": "ffffffff", "curve": "stepped" },
					{ "time": 1.4, "color": "ffffffff" },
					{ "time": 1.7, "color": "ffffff00", "curve": "stepped" },
					{ "time": 1.8666, "color": "ffffff00", "curve": "stepped" },
					{ "time": 2.5, "color": "ffffff00", "curve": "stepped" },
					{ "time": 3.7333, "color": "ffffff00", "curve": "stepped" },
					{ "time": 4.0333, "color": "ffffff00" }
				]
			},
			"Halloween_zuo_chibang_6": {
				"color": [
					{ "time": 0, "color": "ffffff00", "curve": "stepped" },
					{ "time": 0.7, "color": "ffffff00" },
					{ "time": 0.9666, "color": "ffffffff", "curve": "stepped" },
					{ "time": 1.5333, "color": "ffffffff" },
					{ "time": 1.8666, "color": "ffffff00", "curve": "stepped" },
					{ "time": 2.5, "color": "ffffff00", "curve": "stepped" },
					{ "time": 3.7333, "color": "ffffff00", "curve": "stepped" },
					{ "time": 4.0333, "color": "ffffff00" }
				]
			},
			"Halloween_zuo_chibang_1_": {
				"color": [
					{ "time": 0, "color": "ffffff00", "curve": "stepped" },
					{ "time": 0.7, "color": "ffffff00" },
					{ "time": 0.9, "color": "ffffffff", "curve": "stepped" },
					{ "time": 2.5, "color": "ffffffff" },
					{ "time": 2.9333, "color": "ffffff00", "curve": "stepped" },
					{ "time": 3.8, "color": "ffffff00", "curve": "stepped" },
					{ "time": 3.8333, "color": "ffffff00" }
				]
			},
			"Halloween_zuo_chibang_1_2": {
				"color": [
					{ "time": 0, "color": "ffffff00" },
					{ "time": 0.3333, "color": "ffffffff", "curve": "stepped" },
					{ "time": 1.3666, "color": "ffffffff" },
					{ "time": 1.7, "color": "ffffff00", "curve": "stepped" },
					{ "time": 1.8666, "color": "ffffff00", "curve": "stepped" },
					{ "time": 2.5, "color": "ffffff00", "curve": "stepped" },
					{ "time": 3.7333, "color": "ffffff00", "curve": "stepped" },
					{ "time": 4.0333, "color": "ffffff00" }
				]
			},
			"Halloween_zuo_chibang_1_3": {
				"color": [
					{ "time": 0, "color": "ffffff00" },
					{ "time": 0.2, "color": "ffffffff", "curve": "stepped" },
					{ "time": 0.7666, "color": "ffffffff", "curve": "stepped" },
					{ "time": 0.9, "color": "ffffffff" },
					{ "time": 1.2, "color": "ffffff00", "curve": "stepped" },
					{ "time": 1.3666, "color": "ffffff00", "curve": "stepped" },
					{ "time": 2.5, "color": "ffffff00", "curve": "stepped" },
					{ "time": 3.7333, "color": "ffffff00", "curve": "stepped" },
					{ "time": 4.0333, "color": "ffffff00" }
				]
			},
			"Halloween_zuo_chibang_1_4": {
				"color": [
					{ "time": 0, "color": "ffffff00" },
					{ "time": 0.3, "color": "ffffffff", "curve": "stepped" },
					{ "time": 1.4666, "color": "ffffffff" },
					{ "time": 1.7, "color": "ffffff00", "curve": "stepped" },
					{ "time": 1.8666, "color": "ffffff00", "curve": "stepped" },
					{ "time": 2.5, "color": "ffffff00", "curve": "stepped" },
					{ "time": 3.7333, "color": "ffffff00", "curve": "stepped" },
					{ "time": 4.0333, "color": "ffffff00" }
				]
			},
			"Halloween_zuo_chibang_1_5": {
				"color": [
					{ "time": 0, "color": "ffffff00", "curve": "stepped" },
					{ "time": 0.5333, "color": "ffffff00" },
					{ "time": 0.9, "color": "ffffffff", "curve": "stepped" },
					{ "time": 1.4, "color": "ffffffff" },
					{ "time": 1.7, "color": "ffffff00", "curve": "stepped" },
					{ "time": 1.8666, "color": "ffffff00", "curve": "stepped" },
					{ "time": 2.5, "color": "ffffff00", "curve": "stepped" },
					{ "time": 3.7333, "color": "ffffff00", "curve": "stepped" },
					{ "time": 4.0333, "color": "ffffff00" }
				]
			},
			"Halloween_zuo_chibang_1_6": {
				"color": [
					{ "time": 0, "color": "ffffff00", "curve": "stepped" },
					{ "time": 0.7, "color": "ffffff00" },
					{ "time": 0.9666, "color": "ffffffff", "curve": "stepped" },
					{ "time": 1.5333, "color": "ffffffff" },
					{ "time": 1.8666, "color": "ffffff00", "curve": "stepped" },
					{ "time": 2.5, "color": "ffffff00", "curve": "stepped" },
					{ "time": 3.7333, "color": "ffffff00", "curve": "stepped" },
					{ "time": 4.0333, "color": "ffffff00" }
				]
			}
		},
		"bones": {
			"Halloween_shenti_": {
				"rotate": [
					{ "time": 0, "angle": 18.05 },
					{ "time": 1.1666, "angle": -15.23 },
					{ "time": 2.8333, "angle": 1.56, "curve": "stepped" },
					{ "time": 4.0333, "angle": 1.56, "curve": "stepped" },
					{ "time": 4.3333, "angle": 1.56 }
				],
				"translate": [
					{ "time": 0, "x": -208.44, "y": -127.71 },
					{ "time": 0.6, "x": -208.28, "y": -127.71 },
					{ "time": 0.7333, "x": -208.44, "y": -127.71 },
					{ "time": 1.9333, "x": -172.01, "y": 35.99 },
					{ "time": 2.8333, "x": -105.54, "y": 80.97 },
					{ "time": 3.5333, "x": -97.22, "y": 61.22 }
				],
				"scale": [
					{ "time": 0, "x": 0.771, "y": 0.771, "curve": "stepped" },
					{ "time": 4.0333, "x": 0.771, "y": 0.771, "curve": "stepped" },
					{ "time": 4.3333, "x": 0.771, "y": 0.771 }
				]
			},
			"Halloween_you_chibang_": {
				"rotate": [
					{ "time": 0, "angle": -69.89 },
					{ "time": 0.0666, "angle": 53.49 },
					{ "time": 0.2333, "angle": -64.2 },
					{ "time": 0.3333, "angle": 30.43 },
					{ "time": 0.4666, "angle": -68.89 },
					{ "time": 0.5333, "angle": 54.37 },
					{ "time": 0.6666, "angle": -69.48 },
					{ "time": 0.8, "angle": 51.66 },
					{ "time": 0.9333, "angle": -74.17 },
					{ "time": 1, "angle": 34.97 },
					{ "time": 1.1333, "angle": -79.3 },
					{ "time": 1.2333, "angle": 36.04 },
					{ "time": 1.3666, "angle": -78.79 },
					{ "time": 1.4666, "angle": 37.17 },
					{ "time": 1.6, "angle": -76.77 },
					{ "time": 1.7, "angle": 30.43 },
					{ "time": 1.8333, "angle": -41.7 },
					{ "time": 1.9333, "angle": 53.49 },
					{ "time": 2.1, "angle": -64.2 },
					{ "time": 2.2, "angle": 30.43 },
					{ "time": 2.3333, "angle": -68.89 },
					{ "time": 2.4, "angle": 54.37 },
					{ "time": 2.5333, "angle": -69.48 },
					{ "time": 2.6666, "angle": 51.66 },
					{ "time": 2.8, "angle": -74.17 },
					{ "time": 2.8666, "angle": 34.97 },
					{ "time": 3, "angle": -79.3 },
					{ "time": 3.1, "angle": 36.04 },
					{ "time": 3.2333, "angle": -78.79 },
					{ "time": 3.3333, "angle": 37.17 },
					{ "time": 3.4666, "angle": -76.77 },
					{ "time": 3.5666, "angle": 30.43 },
					{ "time": 3.7, "angle": -41.7, "curve": "stepped" },
					{ "time": 4.0333, "angle": -41.7, "curve": "stepped" },
					{ "time": 4.3333, "angle": -41.7 }
				],
				"translate": [
					{ "time": 4.0333, "x": 0, "y": 0, "curve": "stepped" },
					{ "time": 4.3333, "x": 0, "y": 0 }
				],
				"scale": [
					{ "time": 4.0333, "x": 1, "y": 1, "curve": "stepped" },
					{ "time": 4.3333, "x": 1, "y": 1 }
				]
			},
			"Halloween_you_chibang_1_": {
				"rotate": [
					{ "time": 0, "angle": -25.68 },
					{ "time": 0.0666, "angle": 29.34 },
					{ "time": 0.2, "angle": 42.02 },
					{ "time": 0.2333, "angle": -25.68 },
					{ "time": 0.2666, "angle": -23.44 },
					{ "time": 0.3333, "angle": 29.34 },
					{ "time": 0.4, "angle": 42.02 },
					{ "time": 0.4666, "angle": -25.68 },
					{ "time": 0.5333, "angle": -23.44 },
					{ "time": 0.6333, "angle": 42.02 },
					{ "time": 0.6666, "angle": -25.68 },
					{ "time": 0.7333, "angle": -23.44 },
					{ "time": 0.8, "angle": 29.34 },
					{ "time": 0.8666, "angle": 42.02 },
					{ "time": 0.9333, "angle": -25.68 },
					{ "time": 0.9666, "angle": -23.44 },
					{ "time": 1, "angle": 29.34 },
					{ "time": 1.1, "angle": 42.02 },
					{ "time": 1.1333, "angle": -25.68 },
					{ "time": 1.2, "angle": -23.44 },
					{ "time": 1.2333, "angle": 29.34 },
					{ "time": 1.3333, "angle": 42.02 },
					{ "time": 1.3666, "angle": -25.68 },
					{ "time": 1.4, "angle": -23.44 },
					{ "time": 1.4666, "angle": 29.34 },
					{ "time": 1.5666, "angle": 42.02 },
					{ "time": 1.6, "angle": -25.68 },
					{ "time": 1.6666, "angle": -23.44 },
					{ "time": 1.7, "angle": 29.34 },
					{ "time": 1.7666, "angle": 42.02 },
					{ "time": 1.8333, "angle": -25.68 },
					{ "time": 1.9333, "angle": 29.34 },
					{ "time": 2.0666, "angle": 42.02 },
					{ "time": 2.1, "angle": -25.68 },
					{ "time": 2.1333, "angle": -23.44 },
					{ "time": 2.2, "angle": 29.34 },
					{ "time": 2.2666, "angle": 42.02 },
					{ "time": 2.3333, "angle": -25.68 },
					{ "time": 2.4, "angle": -23.44 },
					{ "time": 2.5, "angle": 42.02 },
					{ "time": 2.5333, "angle": -25.68 },
					{ "time": 2.6, "angle": -23.44 },
					{ "time": 2.6666, "angle": 29.34 },
					{ "time": 2.7333, "angle": 42.02 },
					{ "time": 2.8, "angle": -25.68 },
					{ "time": 2.8333, "angle": -23.44 },
					{ "time": 2.8666, "angle": 29.34 },
					{ "time": 2.9666, "angle": 42.02 },
					{ "time": 3, "angle": -25.68 },
					{ "time": 3.0666, "angle": -23.44 },
					{ "time": 3.1, "angle": 29.34 },
					{ "time": 3.2, "angle": 42.02 },
					{ "time": 3.2333, "angle": -25.68 },
					{ "time": 3.2666, "angle": -23.44 },
					{ "time": 3.3333, "angle": 29.34 },
					{ "time": 3.4333, "angle": 42.02 },
					{ "time": 3.4666, "angle": -25.68 },
					{ "time": 3.5333, "angle": -23.44 },
					{ "time": 3.5666, "angle": 29.34 },
					{ "time": 3.6333, "angle": 42.02 },
					{ "time": 3.7, "angle": -25.68, "curve": "stepped" },
					{ "time": 4.0333, "angle": -25.68, "curve": "stepped" },
					{ "time": 4.3333, "angle": -25.68 }
				],
				"translate": [
					{ "time": 0, "x": 0, "y": 0, "curve": "stepped" },
					{ "time": 0.0666, "x": 0, "y": 0, "curve": "stepped" },
					{ "time": 0.2333, "x": 0, "y": 0, "curve": "stepped" },
					{ "time": 0.2666, "x": 0, "y": 0, "curve": "stepped" },
					{ "time": 0.4666, "x": 0, "y": 0, "curve": "stepped" },
					{ "time": 0.5333, "x": 0, "y": 0, "curve": "stepped" },
					{ "time": 0.6666, "x": 0, "y": 0, "curve": "stepped" },
					{ "time": 0.7333, "x": 0, "y": 0, "curve": "stepped" },
					{ "time": 0.9333, "x": 0, "y": 0, "curve": "stepped" },
					{ "time": 0.9666, "x": 0, "y": 0, "curve": "stepped" },
					{ "time": 1.1333, "x": 0, "y": 0, "curve": "stepped" },
					{ "time": 1.2, "x": 0, "y": 0, "curve": "stepped" },
					{ "time": 1.3666, "x": 0, "y": 0, "curve": "stepped" },
					{ "time": 1.4, "x": 0, "y": 0, "curve": "stepped" },
					{ "time": 1.6, "x": 0, "y": 0, "curve": "stepped" },
					{ "time": 1.6666, "x": 0, "y": 0, "curve": "stepped" },
					{ "time": 1.8333, "x": 0, "y": 0, "curve": "stepped" },
					{ "time": 1.9333, "x": 0, "y": 0, "curve": "stepped" },
					{ "time": 2.1, "x": 0, "y": 0, "curve": "stepped" },
					{ "time": 2.1333, "x": 0, "y": 0, "curve": "stepped" },
					{ "time": 2.3333, "x": 0, "y": 0, "curve": "stepped" },
					{ "time": 2.4, "x": 0, "y": 0, "curve": "stepped" },
					{ "time": 2.5333, "x": 0, "y": 0, "curve": "stepped" },
					{ "time": 2.6, "x": 0, "y": 0, "curve": "stepped" },
					{ "time": 2.8, "x": 0, "y": 0, "curve": "stepped" },
					{ "time": 2.8333, "x": 0, "y": 0, "curve": "stepped" },
					{ "time": 3, "x": 0, "y": 0, "curve": "stepped" },
					{ "time": 3.0666, "x": 0, "y": 0, "curve": "stepped" },
					{ "time": 3.2333, "x": 0, "y": 0, "curve": "stepped" },
					{ "time": 3.2666, "x": 0, "y": 0, "curve": "stepped" },
					{ "time": 3.4666, "x": 0, "y": 0, "curve": "stepped" },
					{ "time": 3.5333, "x": 0, "y": 0, "curve": "stepped" },
					{ "time": 3.7, "x": 0, "y": 0, "curve": "stepped" },
					{ "time": 4.0333, "x": 0, "y": 0, "curve": "stepped" },
					{ "time": 4.3333, "x": 0, "y": 0 }
				],
				"scale": [
					{ "time": 0, "x": 1, "y": 1, "curve": "stepped" },
					{ "time": 0.0666, "x": 1, "y": 1, "curve": "stepped" },
					{ "time": 0.2333, "x": 1, "y": 1, "curve": "stepped" },
					{ "time": 0.2666, "x": 1, "y": 1, "curve": "stepped" },
					{ "time": 0.4666, "x": 1, "y": 1, "curve": "stepped" },
					{ "time": 0.5333, "x": 1, "y": 1, "curve": "stepped" },
					{ "time": 0.6666, "x": 1, "y": 1, "curve": "stepped" },
					{ "time": 0.7333, "x": 1, "y": 1, "curve": "stepped" },
					{ "time": 0.9333, "x": 1, "y": 1, "curve": "stepped" },
					{ "time": 0.9666, "x": 1, "y": 1, "curve": "stepped" },
					{ "time": 1.1333, "x": 1, "y": 1, "curve": "stepped" },
					{ "time": 1.2, "x": 1, "y": 1, "curve": "stepped" },
					{ "time": 1.3666, "x": 1, "y": 1, "curve": "stepped" },
					{ "time": 1.4, "x": 1, "y": 1, "curve": "stepped" },
					{ "time": 1.6, "x": 1, "y": 1, "curve": "stepped" },
					{ "time": 1.6666, "x": 1, "y": 1, "curve": "stepped" },
					{ "time": 1.8333, "x": 1, "y": 1, "curve": "stepped" },
					{ "time": 1.9333, "x": 1, "y": 1, "curve": "stepped" },
					{ "time": 2.1, "x": 1, "y": 1, "curve": "stepped" },
					{ "time": 2.1333, "x": 1, "y": 1, "curve": "stepped" },
					{ "time": 2.3333, "x": 1, "y": 1, "curve": "stepped" },
					{ "time": 2.4, "x": 1, "y": 1, "curve": "stepped" },
					{ "time": 2.5333, "x": 1, "y": 1, "curve": "stepped" },
					{ "time": 2.6, "x": 1, "y": 1, "curve": "stepped" },
					{ "time": 2.8, "x": 1, "y": 1, "curve": "stepped" },
					{ "time": 2.8333, "x": 1, "y": 1, "curve": "stepped" },
					{ "time": 3, "x": 1, "y": 1, "curve": "stepped" },
					{ "time": 3.0666, "x": 1, "y": 1, "curve": "stepped" },
					{ "time": 3.2333, "x": 1, "y": 1, "curve": "stepped" },
					{ "time": 3.2666, "x": 1, "y": 1, "curve": "stepped" },
					{ "time": 3.4666, "x": 1, "y": 1, "curve": "stepped" },
					{ "time": 3.5333, "x": 1, "y": 1, "curve": "stepped" },
					{ "time": 3.7, "x": 1, "y": 1, "curve": "stepped" },
					{ "time": 4.0333, "x": 1, "y": 1, "curve": "stepped" },
					{ "time": 4.3333, "x": 1, "y": 1 }
				]
			},
			"Halloween_zuo_chibang_": {
				"rotate": [
					{ "time": 0, "angle": 83.49 },
					{ "time": 0.0666, "angle": -29.8 },
					{ "time": 0.2333, "angle": 76.76 },
					{ "time": 0.3333, "angle": -44.79 },
					{ "time": 0.4666, "angle": 83.97 },
					{ "time": 0.5333, "angle": -49.81 },
					{ "time": 0.6666, "angle": 79.26 },
					{ "time": 0.8, "angle": -41.59 },
					{ "time": 0.9333, "angle": 80.22 },
					{ "time": 1, "angle": -45.85 },
					{ "time": 1.1333, "angle": 70.29 },
					{ "time": 1.2333, "angle": -51.19 },
					{ "time": 1.3666, "angle": 80.09 },
					{ "time": 1.4666, "angle": -29.8 },
					{ "time": 1.6, "angle": 79.35 },
					{ "time": 1.7, "angle": -49.16 },
					{ "time": 1.8333, "angle": 35.25 },
					{ "time": 1.9333, "angle": -29.8 },
					{ "time": 2.1, "angle": 76.76 },
					{ "time": 2.2, "angle": -44.79 },
					{ "time": 2.3333, "angle": 83.97 },
					{ "time": 2.4, "angle": -49.81 },
					{ "time": 2.5333, "angle": 79.26 },
					{ "time": 2.6666, "angle": -41.59 },
					{ "time": 2.8, "angle": 80.22 },
					{ "time": 2.8666, "angle": -45.85 },
					{ "time": 3, "angle": 70.29 },
					{ "time": 3.1, "angle": -51.19 },
					{ "time": 3.2333, "angle": 80.09 },
					{ "time": 3.3333, "angle": -29.8 },
					{ "time": 3.4666, "angle": 79.35 },
					{ "time": 3.5666, "angle": -49.16 },
					{ "time": 3.7, "angle": 35.25, "curve": "stepped" },
					{ "time": 4.0333, "angle": 35.25, "curve": "stepped" },
					{ "time": 4.3333, "angle": 35.25 }
				],
				"translate": [
					{ "time": 0, "x": 0, "y": 0, "curve": "stepped" },
					{ "time": 0.2333, "x": 0, "y": 0, "curve": "stepped" },
					{ "time": 0.4666, "x": 0, "y": 0, "curve": "stepped" },
					{ "time": 0.6666, "x": 0, "y": 0, "curve": "stepped" },
					{ "time": 0.9333, "x": 0, "y": 0, "curve": "stepped" },
					{ "time": 1.1333, "x": 0, "y": 0, "curve": "stepped" },
					{ "time": 1.3666, "x": 0, "y": 0, "curve": "stepped" },
					{ "time": 1.6, "x": 0, "y": 0, "curve": "stepped" },
					{ "time": 1.8333, "x": 0, "y": 0, "curve": "stepped" },
					{ "time": 2.1, "x": 0, "y": 0, "curve": "stepped" },
					{ "time": 2.3333, "x": 0, "y": 0, "curve": "stepped" },
					{ "time": 2.5333, "x": 0, "y": 0, "curve": "stepped" },
					{ "time": 2.8, "x": 0, "y": 0, "curve": "stepped" },
					{ "time": 3, "x": 0, "y": 0, "curve": "stepped" },
					{ "time": 3.2333, "x": 0, "y": 0, "curve": "stepped" },
					{ "time": 3.4666, "x": 0, "y": 0, "curve": "stepped" },
					{ "time": 3.7, "x": 0, "y": 0, "curve": "stepped" },
					{ "time": 4.0333, "x": 0, "y": 0, "curve": "stepped" },
					{ "time": 4.3333, "x": 0, "y": 0 }
				],
				"scale": [
					{ "time": 0, "x": 1, "y": 1, "curve": "stepped" },
					{ "time": 0.2333, "x": 1, "y": 1, "curve": "stepped" },
					{ "time": 0.4666, "x": 1, "y": 1, "curve": "stepped" },
					{ "time": 0.6666, "x": 1, "y": 1, "curve": "stepped" },
					{ "time": 0.9333, "x": 1, "y": 1, "curve": "stepped" },
					{ "time": 1.1333, "x": 1, "y": 1, "curve": "stepped" },
					{ "time": 1.3666, "x": 1, "y": 1, "curve": "stepped" },
					{ "time": 1.6, "x": 1, "y": 1, "curve": "stepped" },
					{ "time": 1.8333, "x": 1, "y": 1, "curve": "stepped" },
					{ "time": 2.1, "x": 1, "y": 1, "curve": "stepped" },
					{ "time": 2.3333, "x": 1, "y": 1, "curve": "stepped" },
					{ "time": 2.5333, "x": 1, "y": 1, "curve": "stepped" },
					{ "time": 2.8, "x": 1, "y": 1, "curve": "stepped" },
					{ "time": 3, "x": 1, "y": 1, "curve": "stepped" },
					{ "time": 3.2333, "x": 1, "y": 1, "curve": "stepped" },
					{ "time": 3.4666, "x": 1, "y": 1, "curve": "stepped" },
					{ "time": 3.7, "x": 1, "y": 1, "curve": "stepped" },
					{ "time": 4.0333, "x": 1, "y": 1, "curve": "stepped" },
					{ "time": 4.3333, "x": 1, "y": 1 }
				]
			},
			"Halloween_ditu_": {
				"rotate": [
					{ "time": 0, "angle": 25.63 },
					{ "time": 0.0666, "angle": 2.7 },
					{ "time": 0.1333, "angle": -43.48 },
					{ "time": 0.2, "angle": -19.97 },
					{ "time": 0.2333, "angle": 25.63 },
					{ "time": 0.3, "angle": 2.7 },
					{ "time": 0.3666, "angle": -43.48 },
					{ "time": 0.4333, "angle": -19.97 },
					{ "time": 0.4666, "angle": 25.63 },
					{ "time": 0.5333, "angle": 2.7 },
					{ "time": 0.5666, "angle": -43.48 },
					{ "time": 0.6666, "angle": 25.63 },
					{ "time": 0.7666, "angle": 2.7 },
					{ "time": 0.8333, "angle": -43.48 },
					{ "time": 0.9, "angle": -19.97 },
					{ "time": 0.9333, "angle": 25.63 },
					{ "time": 0.9666, "angle": 2.7 },
					{ "time": 1.0333, "angle": -43.48 },
					{ "time": 1.1, "angle": -19.97 },
					{ "time": 1.1333, "angle": 25.63 },
					{ "time": 1.2333, "angle": 2.7 },
					{ "time": 1.2666, "angle": -43.48 },
					{ "time": 1.3666, "angle": 25.63 },
					{ "time": 1.4333, "angle": 2.7 },
					{ "time": 1.5, "angle": -43.48 },
					{ "time": 1.5666, "angle": -19.97 },
					{ "time": 1.6, "angle": 25.63 },
					{ "time": 1.7, "angle": 2.7 },
					{ "time": 1.8, "angle": -19.97 },
					{ "time": 1.8333, "angle": 25.63 },
					{ "time": 1.9333, "angle": 2.7 },
					{ "time": 2, "angle": -43.48 },
					{ "time": 2.0666, "angle": -19.97 },
					{ "time": 2.1, "angle": 25.63 },
					{ "time": 2.1666, "angle": 2.7 },
					{ "time": 2.2333, "angle": -43.48 },
					{ "time": 2.3, "angle": -19.97 },
					{ "time": 2.3333, "angle": 25.63 },
					{ "time": 2.4, "angle": 2.7 },
					{ "time": 2.4333, "angle": -43.48 },
					{ "time": 2.5333, "angle": 25.63 },
					{ "time": 2.6333, "angle": 2.7 },
					{ "time": 2.7, "angle": -43.48 },
					{ "time": 2.7666, "angle": -19.97 },
					{ "time": 2.8, "angle": 25.63 },
					{ "time": 2.8333, "angle": 2.7 },
					{ "time": 2.9, "angle": -43.48 },
					{ "time": 2.9666, "angle": -19.97 },
					{ "time": 3, "angle": 25.63 },
					{ "time": 3.1, "angle": 2.7 },
					{ "time": 3.1333, "angle": -43.48 },
					{ "time": 3.2333, "angle": 25.63 },
					{ "time": 3.3, "angle": 2.7 },
					{ "time": 3.3666, "angle": -43.48 },
					{ "time": 3.4333, "angle": -19.97 },
					{ "time": 3.4666, "angle": 25.63 },
					{ "time": 3.5666, "angle": 2.7 },
					{ "time": 3.6666, "angle": -19.97 },
					{ "time": 3.7, "angle": 25.63, "curve": "stepped" },
					{ "time": 4.0333, "angle": 25.63, "curve": "stepped" },
					{ "time": 4.3333, "angle": 25.63 }
				],
				"translate": [
					{ "time": 0, "x": 0, "y": 0, "curve": "stepped" },
					{ "time": 0.2333, "x": 0, "y": 0, "curve": "stepped" },
					{ "time": 0.4666, "x": 0, "y": 0, "curve": "stepped" },
					{ "time": 0.6666, "x": 0, "y": 0, "curve": "stepped" },
					{ "time": 0.9333, "x": 0, "y": 0, "curve": "stepped" },
					{ "time": 1.1333, "x": 0, "y": 0, "curve": "stepped" },
					{ "time": 1.3666, "x": 0, "y": 0, "curve": "stepped" },
					{ "time": 1.6, "x": 0, "y": 0, "curve": "stepped" },
					{ "time": 1.8333, "x": 0, "y": 0, "curve": "stepped" },
					{ "time": 2.1, "x": 0, "y": 0, "curve": "stepped" },
					{ "time": 2.3333, "x": 0, "y": 0, "curve": "stepped" },
					{ "time": 2.5333, "x": 0, "y": 0, "curve": "stepped" },
					{ "time": 2.8, "x": 0, "y": 0, "curve": "stepped" },
					{ "time": 3, "x": 0, "y": 0, "curve": "stepped" },
					{ "time": 3.2333, "x": 0, "y": 0, "curve": "stepped" },
					{ "time": 3.4666, "x": 0, "y": 0, "curve": "stepped" },
					{ "time": 3.7, "x": 0, "y": 0, "curve": "stepped" },
					{ "time": 4.0333, "x": 0, "y": 0, "curve": "stepped" },
					{ "time": 4.3333, "x": 0, "y": 0 }
				],
				"scale": [
					{ "time": 0, "x": 1, "y": 1, "curve": "stepped" },
					{ "time": 0.2333, "x": 1, "y": 1, "curve": "stepped" },
					{ "time": 0.4666, "x": 1, "y": 1, "curve": "stepped" },
					{ "time": 0.6666, "x": 1, "y": 1, "curve": "stepped" },
					{ "time": 0.9333, "x": 1, "y": 1, "curve": "stepped" },
					{ "time": 1.1333, "x": 1, "y": 1, "curve": "stepped" },
					{ "time": 1.3666, "x": 1, "y": 1, "curve": "stepped" },
					{ "time": 1.6, "x": 1, "y": 1, "curve": "stepped" },
					{ "time": 1.8333, "x": 1, "y": 1, "curve": "stepped" },
					{ "time": 2.1, "x": 1, "y": 1, "curve": "stepped" },
					{ "time": 2.3333, "x": 1, "y": 1, "curve": "stepped" },
					{ "time": 2.5333, "x": 1, "y": 1, "curve": "stepped" },
					{ "time": 2.8, "x": 1, "y": 1, "curve": "stepped" },
					{ "time": 3, "x": 1, "y": 1, "curve": "stepped" },
					{ "time": 3.2333, "x": 1, "y": 1, "curve": "stepped" },
					{ "time": 3.4666, "x": 1, "y": 1, "curve": "stepped" },
					{ "time": 3.7, "x": 1, "y": 1, "curve": "stepped" },
					{ "time": 4.0333, "x": 1, "y": 1, "curve": "stepped" },
					{ "time": 4.3333, "x": 1, "y": 1 }
				]
			},
			"Halloween_shenti_5": {
				"rotate": [
					{ "time": 0, "angle": -18.2, "curve": "stepped" },
					{ "time": 4.0333, "angle": -18.2, "curve": "stepped" },
					{ "time": 4.3333, "angle": -18.2 }
				],
				"translate": [
					{
						"time": 0,
						"x": -217.8,
						"y": -210.76,
						"curve": [ 0.25, 0, 0.75, 1 ]
					},
					{
						"time": 0.6333,
						"x": -251.08,
						"y": -210.76,
						"curve": [ 0.25, 0, 0.75, 1 ]
					},
					{ "time": 1.8, "x": -140.1, "y": -45.84 }
				],
				"scale": [
					{ "time": 0, "x": 0.394, "y": 0.394, "curve": "stepped" },
					{ "time": 4.0333, "x": 0.394, "y": 0.394, "curve": "stepped" },
					{ "time": 4.3333, "x": 0.394, "y": 0.394 }
				]
			},
			"Halloween_zuo_chibang_5": {
				"rotate": [
					{ "time": 0, "angle": 69.52 },
					{ "time": 0.1, "angle": -47.77 },
					{ "time": 0.2333, "angle": 73.62 },
					{ "time": 0.3333, "angle": -29.8 },
					{ "time": 0.4333, "angle": 63.28 },
					{ "time": 0.5333, "angle": -45.47 },
					{ "time": 0.6333, "angle": 80.01 },
					{ "time": 0.7333, "angle": -53.03 },
					{ "time": 0.8666, "angle": 77.03 },
					{ "time": 0.9333, "angle": -55.6 },
					{ "time": 1.0666, "angle": 76.31 },
					{ "time": 1.1333, "angle": -58.15 },
					{ "time": 1.2666, "angle": 84.42 },
					{ "time": 1.3666, "angle": -29.8 },
					{ "time": 1.5, "angle": 64.21 },
					{ "time": 1.5666, "angle": -74.84 },
					{ "time": 1.7, "angle": 35.25, "curve": "stepped" },
					{ "time": 4.0333, "angle": 35.25, "curve": "stepped" },
					{ "time": 4.3333, "angle": 35.25 }
				],
				"translate": [
					{ "time": 0, "x": 0, "y": 0, "curve": "stepped" },
					{ "time": 0.2333, "x": 0, "y": 0, "curve": "stepped" },
					{ "time": 0.4333, "x": 0, "y": 0, "curve": "stepped" },
					{ "time": 0.6333, "x": 0, "y": 0, "curve": "stepped" },
					{ "time": 0.8666, "x": 0, "y": 0, "curve": "stepped" },
					{ "time": 1.0666, "x": 0, "y": 0, "curve": "stepped" },
					{ "time": 1.2666, "x": 0, "y": 0, "curve": "stepped" },
					{ "time": 1.5, "x": 0, "y": 0, "curve": "stepped" },
					{ "time": 1.7, "x": 0, "y": 0, "curve": "stepped" },
					{ "time": 4.0333, "x": 0, "y": 0, "curve": "stepped" },
					{ "time": 4.3333, "x": 0, "y": 0 }
				],
				"scale": [
					{ "time": 0, "x": 1, "y": 1, "curve": "stepped" },
					{ "time": 0.2333, "x": 1, "y": 1, "curve": "stepped" },
					{ "time": 0.4333, "x": 1, "y": 1, "curve": "stepped" },
					{ "time": 0.6333, "x": 1, "y": 1, "curve": "stepped" },
					{ "time": 0.8666, "x": 1, "y": 1, "curve": "stepped" },
					{ "time": 1.0666, "x": 1, "y": 1, "curve": "stepped" },
					{ "time": 1.2666, "x": 1, "y": 1, "curve": "stepped" },
					{ "time": 1.5, "x": 1, "y": 1, "curve": "stepped" },
					{ "time": 1.7, "x": 1, "y": 1, "curve": "stepped" },
					{ "time": 4.0333, "x": 1, "y": 1, "curve": "stepped" },
					{ "time": 4.3333, "x": 1, "y": 1 }
				]
			},
			"Halloween_ditu_5": {
				"rotate": [
					{ "time": 0, "angle": 25.63 },
					{ "time": 0.1, "angle": 2.7 },
					{ "time": 0.1333, "angle": -43.48 },
					{ "time": 0.2, "angle": -19.97 },
					{ "time": 0.2333, "angle": 25.63 },
					{ "time": 0.3, "angle": 2.7 },
					{ "time": 0.3333, "angle": -43.48 },
					{ "time": 0.4333, "angle": 25.63 },
					{ "time": 0.5333, "angle": -43.48 },
					{ "time": 0.6333, "angle": -19.97 },
					{ "time": 0.7333, "angle": 2.7 },
					{ "time": 0.7666, "angle": -43.48 },
					{ "time": 0.8333, "angle": -19.97 },
					{ "time": 0.8666, "angle": 25.63 },
					{ "time": 0.9333, "angle": 2.7 },
					{ "time": 0.9666, "angle": -43.48 },
					{ "time": 1.0333, "angle": -19.97 },
					{ "time": 1.0666, "angle": 25.63 },
					{ "time": 1.1333, "angle": 2.7 },
					{ "time": 1.2, "angle": -43.48 },
					{ "time": 1.2666, "angle": -19.97 },
					{ "time": 1.3333, "angle": 2.7 },
					{ "time": 1.4, "angle": -43.48 },
					{ "time": 1.4666, "angle": -19.97 },
					{ "time": 1.5, "angle": 25.63 },
					{ "time": 1.5666, "angle": 2.7 },
					{ "time": 1.6, "angle": -43.48 },
					{ "time": 1.6666, "angle": -19.97 },
					{ "time": 1.7, "angle": 25.63, "curve": "stepped" },
					{ "time": 4.0333, "angle": 25.63, "curve": "stepped" },
					{ "time": 4.3333, "angle": 25.63 }
				],
				"translate": [
					{ "time": 0, "x": 0, "y": 0, "curve": "stepped" },
					{ "time": 0.2333, "x": 0, "y": 0, "curve": "stepped" },
					{ "time": 0.4333, "x": 0, "y": 0, "curve": "stepped" },
					{ "time": 0.6333, "x": 0, "y": 0, "curve": "stepped" },
					{ "time": 0.8666, "x": 0, "y": 0, "curve": "stepped" },
					{ "time": 1.0666, "x": 0, "y": 0, "curve": "stepped" },
					{ "time": 1.2666, "x": 0, "y": 0, "curve": "stepped" },
					{ "time": 1.5, "x": 0, "y": 0, "curve": "stepped" },
					{ "time": 1.7, "x": 0, "y": 0, "curve": "stepped" },
					{ "time": 4.0333, "x": 0, "y": 0, "curve": "stepped" },
					{ "time": 4.3333, "x": 0, "y": 0 }
				],
				"scale": [
					{ "time": 0, "x": 1, "y": 1, "curve": "stepped" },
					{ "time": 0.2333, "x": 1, "y": 1, "curve": "stepped" },
					{ "time": 0.4333, "x": 1, "y": 1, "curve": "stepped" },
					{ "time": 0.6333, "x": 1, "y": 1, "curve": "stepped" },
					{ "time": 0.8666, "x": 1, "y": 1, "curve": "stepped" },
					{ "time": 1.0666, "x": 1, "y": 1, "curve": "stepped" },
					{ "time": 1.2666, "x": 1, "y": 1, "curve": "stepped" },
					{ "time": 1.5, "x": 1, "y": 1, "curve": "stepped" },
					{ "time": 1.7, "x": 1, "y": 1, "curve": "stepped" },
					{ "time": 4.0333, "x": 1, "y": 1, "curve": "stepped" },
					{ "time": 4.3333, "x": 1, "y": 1 }
				]
			},
			"Halloween_you_chibang_5": {
				"rotate": [
					{ "time": 0, "angle": -68.72 },
					{ "time": 0.1, "angle": 51.48 },
					{ "time": 0.2333, "angle": -70.38 },
					{ "time": 0.3333, "angle": 47.28 },
					{ "time": 0.4333, "angle": -82.32 },
					{ "time": 0.5333, "angle": 30.43 },
					{ "time": 0.6333, "angle": -71.78 },
					{ "time": 0.7333, "angle": 29.76 },
					{ "time": 0.8666, "angle": -77.58 },
					{ "time": 0.9333, "angle": 32.43 },
					{ "time": 1.0666, "angle": -72.88 },
					{ "time": 1.1333, "angle": 48.62 },
					{ "time": 1.2666, "angle": -83.65 },
					{ "time": 1.3666, "angle": 29.03 },
					{ "time": 1.5, "angle": -84.62 },
					{ "time": 1.5666, "angle": 30.43 },
					{ "time": 1.7, "angle": -41.7, "curve": "stepped" },
					{ "time": 4.0333, "angle": -41.7, "curve": "stepped" },
					{ "time": 4.3333, "angle": -41.7 }
				],
				"translate": [
					{ "time": 4.0333, "x": 0, "y": 0, "curve": "stepped" },
					{ "time": 4.3333, "x": 0, "y": 0 }
				],
				"scale": [
					{ "time": 4.0333, "x": 1, "y": 1, "curve": "stepped" },
					{ "time": 4.3333, "x": 1, "y": 1 }
				]
			},
			"Halloween_you_chibang_1_5": {
				"rotate": [
					{ "time": 0, "angle": -25.68 },
					{ "time": 0.0666, "angle": -23.44 },
					{ "time": 0.1, "angle": 29.34 },
					{ "time": 0.2, "angle": 42.02 },
					{ "time": 0.2333, "angle": -25.68 },
					{ "time": 0.2666, "angle": -23.44 },
					{ "time": 0.3333, "angle": 29.34 },
					{ "time": 0.4, "angle": 42.02 },
					{ "time": 0.4333, "angle": -25.68 },
					{ "time": 0.5, "angle": -23.44 },
					{ "time": 0.5333, "angle": 29.34 },
					{ "time": 0.6, "angle": 42.02 },
					{ "time": 0.6333, "angle": -25.68 },
					{ "time": 0.7, "angle": -23.44 },
					{ "time": 0.7333, "angle": 29.34 },
					{ "time": 0.8333, "angle": 42.02 },
					{ "time": 0.8666, "angle": -25.68 },
					{ "time": 0.9333, "angle": 29.34 },
					{ "time": 1.0333, "angle": 42.02 },
					{ "time": 1.0666, "angle": -25.68 },
					{ "time": 1.1333, "angle": -23.44 },
					{ "time": 1.2333, "angle": 42.02 },
					{ "time": 1.2666, "angle": -25.68 },
					{ "time": 1.3333, "angle": -23.44 },
					{ "time": 1.3666, "angle": 29.34 },
					{ "time": 1.4333, "angle": 42.02 },
					{ "time": 1.5, "angle": -25.68 },
					{ "time": 1.5333, "angle": -23.44 },
					{ "time": 1.5666, "angle": 29.34 },
					{ "time": 1.6333, "angle": 42.02 },
					{ "time": 1.7, "angle": -25.68, "curve": "stepped" },
					{ "time": 4.0333, "angle": -25.68, "curve": "stepped" },
					{ "time": 4.3333, "angle": -25.68 }
				],
				"translate": [
					{ "time": 0, "x": 0, "y": 0, "curve": "stepped" },
					{ "time": 0.0666, "x": 0, "y": 0, "curve": "stepped" },
					{ "time": 0.2333, "x": 0, "y": 0, "curve": "stepped" },
					{ "time": 0.2666, "x": 0, "y": 0, "curve": "stepped" },
					{ "time": 0.4333, "x": 0, "y": 0, "curve": "stepped" },
					{ "time": 0.5, "x": 0, "y": 0, "curve": "stepped" },
					{ "time": 0.6333, "x": 0, "y": 0, "curve": "stepped" },
					{ "time": 0.7, "x": 0, "y": 0, "curve": "stepped" },
					{ "time": 0.8666, "x": 0, "y": 0, "curve": "stepped" },
					{ "time": 0.9333, "x": 0, "y": 0, "curve": "stepped" },
					{ "time": 1.0666, "x": 0, "y": 0, "curve": "stepped" },
					{ "time": 1.1333, "x": 0, "y": 0, "curve": "stepped" },
					{ "time": 1.2666, "x": 0, "y": 0, "curve": "stepped" },
					{ "time": 1.3333, "x": 0, "y": 0, "curve": "stepped" },
					{ "time": 1.5, "x": 0, "y": 0, "curve": "stepped" },
					{ "time": 1.5333, "x": 0, "y": 0, "curve": "stepped" },
					{ "time": 1.7, "x": 0, "y": 0, "curve": "stepped" },
					{ "time": 4.0333, "x": 0, "y": 0, "curve": "stepped" },
					{ "time": 4.3333, "x": 0, "y": 0 }
				],
				"scale": [
					{ "time": 0, "x": 1, "y": 1, "curve": "stepped" },
					{ "time": 0.0666, "x": 1, "y": 1, "curve": "stepped" },
					{ "time": 0.2333, "x": 1, "y": 1, "curve": "stepped" },
					{ "time": 0.2666, "x": 1, "y": 1, "curve": "stepped" },
					{ "time": 0.4333, "x": 1, "y": 1, "curve": "stepped" },
					{ "time": 0.5, "x": 1, "y": 1, "curve": "stepped" },
					{ "time": 0.6333, "x": 1, "y": 1, "curve": "stepped" },
					{ "time": 0.7, "x": 1, "y": 1, "curve": "stepped" },
					{ "time": 0.8666, "x": 1, "y": 1, "curve": "stepped" },
					{ "time": 0.9333, "x": 1, "y": 1, "curve": "stepped" },
					{ "time": 1.0666, "x": 1, "y": 1, "curve": "stepped" },
					{ "time": 1.1333, "x": 1, "y": 1, "curve": "stepped" },
					{ "time": 1.2666, "x": 1, "y": 1, "curve": "stepped" },
					{ "time": 1.3333, "x": 1, "y": 1, "curve": "stepped" },
					{ "time": 1.5, "x": 1, "y": 1, "curve": "stepped" },
					{ "time": 1.5333, "x": 1, "y": 1, "curve": "stepped" },
					{ "time": 1.7, "x": 1, "y": 1, "curve": "stepped" },
					{ "time": 4.0333, "x": 1, "y": 1, "curve": "stepped" },
					{ "time": 4.3333, "x": 1, "y": 1 }
				]
			},
			"Halloween_shenti_6": {
				"rotate": [
					{ "time": 0, "angle": -13.24, "curve": "stepped" },
					{ "time": 4.0333, "angle": -13.24, "curve": "stepped" },
					{ "time": 4.3333, "angle": -13.24 }
				],
				"translate": [
					{ "time": 0, "x": -283.09, "y": -228.98, "curve": "stepped" },
					{
						"time": 0.8666,
						"x": -283.09,
						"y": -228.98,
						"curve": [ 0.25, 0, 0.75, 1 ]
					},
					{ "time": 1.7333, "x": -245.51, "y": -12.44 }
				],
				"scale": [
					{ "time": 0, "x": 0.294, "y": 0.294, "curve": "stepped" },
					{ "time": 4.0333, "x": 0.294, "y": 0.294, "curve": "stepped" },
					{ "time": 4.3333, "x": 0.294, "y": 0.294 }
				]
			},
			"Halloween_you_chibang_6": {
				"rotate": [
					{ "time": 0, "angle": -64.59 },
					{ "time": 0.1, "angle": 47.13 },
					{ "time": 0.2333, "angle": -71.21 },
					{ "time": 0.3333, "angle": 30.43 },
					{ "time": 0.4666, "angle": -69.97 },
					{ "time": 0.5666, "angle": 42.63 },
					{ "time": 0.7, "angle": -70.72 },
					{ "time": 0.8, "angle": 30.43 },
					{ "time": 0.9666, "angle": -66.94 },
					{ "time": 1.0333, "angle": 41.29 },
					{ "time": 1.1666, "angle": -78.83 },
					{ "time": 1.2666, "angle": 38.36 },
					{ "time": 1.4, "angle": -74.8 },
					{ "time": 1.5, "angle": 56.38 },
					{ "time": 1.6333, "angle": -73.52 },
					{ "time": 1.7333, "angle": 30.43 },
					{ "time": 1.8666, "angle": -41.7, "curve": "stepped" },
					{ "time": 4.0333, "angle": -41.7, "curve": "stepped" },
					{ "time": 4.3333, "angle": -41.7 }
				],
				"translate": [
					{ "time": 4.0333, "x": 0, "y": 0, "curve": "stepped" },
					{ "time": 4.3333, "x": 0, "y": 0 }
				],
				"scale": [
					{ "time": 4.0333, "x": 1, "y": 1, "curve": "stepped" },
					{ "time": 4.3333, "x": 1, "y": 1 }
				]
			},
			"Halloween_you_chibang_1_6": {
				"rotate": [
					{ "time": 0, "angle": -25.68 },
					{ "time": 0.0666, "angle": -23.44 },
					{ "time": 0.1, "angle": 29.34 },
					{ "time": 0.2, "angle": 42.02 },
					{ "time": 0.2333, "angle": -25.68 },
					{ "time": 0.3, "angle": -23.44 },
					{ "time": 0.3333, "angle": 29.34 },
					{ "time": 0.4333, "angle": 42.02 },
					{ "time": 0.4666, "angle": -25.68 },
					{ "time": 0.5333, "angle": -23.44 },
					{ "time": 0.5666, "angle": 29.34 },
					{ "time": 0.6333, "angle": 42.02 },
					{ "time": 0.7, "angle": -25.68 },
					{ "time": 0.7666, "angle": -23.44 },
					{ "time": 0.8, "angle": 29.34 },
					{ "time": 0.9, "angle": 42.02 },
					{ "time": 0.9666, "angle": -25.68 },
					{ "time": 1, "angle": -23.44 },
					{ "time": 1.0333, "angle": 29.34 },
					{ "time": 1.1333, "angle": 42.02 },
					{ "time": 1.1666, "angle": -25.68 },
					{ "time": 1.2333, "angle": -23.44 },
					{ "time": 1.2666, "angle": 29.34 },
					{ "time": 1.3666, "angle": 42.02 },
					{ "time": 1.4, "angle": -25.68 },
					{ "time": 1.4333, "angle": -23.44 },
					{ "time": 1.5, "angle": 29.34 },
					{ "time": 1.6, "angle": 42.02 },
					{ "time": 1.6333, "angle": -25.68 },
					{ "time": 1.7, "angle": -23.44 },
					{ "time": 1.7333, "angle": 29.34 },
					{ "time": 1.8, "angle": 42.02 },
					{ "time": 1.8666, "angle": -25.68, "curve": "stepped" },
					{ "time": 4.0333, "angle": -25.68, "curve": "stepped" },
					{ "time": 4.3333, "angle": -25.68 }
				],
				"translate": [
					{ "time": 0, "x": 0, "y": 0, "curve": "stepped" },
					{ "time": 0.0666, "x": 0, "y": 0, "curve": "stepped" },
					{ "time": 0.2333, "x": 0, "y": 0, "curve": "stepped" },
					{ "time": 0.3, "x": 0, "y": 0, "curve": "stepped" },
					{ "time": 0.4666, "x": 0, "y": 0, "curve": "stepped" },
					{ "time": 0.5333, "x": 0, "y": 0, "curve": "stepped" },
					{ "time": 0.7, "x": 0, "y": 0, "curve": "stepped" },
					{ "time": 0.7666, "x": 0, "y": 0, "curve": "stepped" },
					{ "time": 0.9666, "x": 0, "y": 0, "curve": "stepped" },
					{ "time": 1, "x": 0, "y": 0, "curve": "stepped" },
					{ "time": 1.1666, "x": 0, "y": 0, "curve": "stepped" },
					{ "time": 1.2333, "x": 0, "y": 0, "curve": "stepped" },
					{ "time": 1.4, "x": 0, "y": 0, "curve": "stepped" },
					{ "time": 1.4333, "x": 0, "y": 0, "curve": "stepped" },
					{ "time": 1.6333, "x": 0, "y": 0, "curve": "stepped" },
					{ "time": 1.7, "x": 0, "y": 0, "curve": "stepped" },
					{ "time": 1.8666, "x": 0, "y": 0, "curve": "stepped" },
					{ "time": 4.0333, "x": 0, "y": 0, "curve": "stepped" },
					{ "time": 4.3333, "x": 0, "y": 0 }
				],
				"scale": [
					{ "time": 0, "x": 1, "y": 1, "curve": "stepped" },
					{ "time": 0.0666, "x": 1, "y": 1, "curve": "stepped" },
					{ "time": 0.2333, "x": 1, "y": 1, "curve": "stepped" },
					{ "time": 0.3, "x": 1, "y": 1, "curve": "stepped" },
					{ "time": 0.4666, "x": 1, "y": 1, "curve": "stepped" },
					{ "time": 0.5333, "x": 1, "y": 1, "curve": "stepped" },
					{ "time": 0.7, "x": 1, "y": 1, "curve": "stepped" },
					{ "time": 0.7666, "x": 1, "y": 1, "curve": "stepped" },
					{ "time": 0.9666, "x": 1, "y": 1, "curve": "stepped" },
					{ "time": 1, "x": 1, "y": 1, "curve": "stepped" },
					{ "time": 1.1666, "x": 1, "y": 1, "curve": "stepped" },
					{ "time": 1.2333, "x": 1, "y": 1, "curve": "stepped" },
					{ "time": 1.4, "x": 1, "y": 1, "curve": "stepped" },
					{ "time": 1.4333, "x": 1, "y": 1, "curve": "stepped" },
					{ "time": 1.6333, "x": 1, "y": 1, "curve": "stepped" },
					{ "time": 1.7, "x": 1, "y": 1, "curve": "stepped" },
					{ "time": 1.8666, "x": 1, "y": 1, "curve": "stepped" },
					{ "time": 4.0333, "x": 1, "y": 1, "curve": "stepped" },
					{ "time": 4.3333, "x": 1, "y": 1 }
				]
			},
			"Halloween_zuo_chibang_6": {
				"rotate": [
					{ "time": 0, "angle": 59.43 },
					{ "time": 0.1, "angle": -29.8 },
					{ "time": 0.2333, "angle": 56.55 },
					{ "time": 0.3333, "angle": -54.72 },
					{ "time": 0.4666, "angle": 82.44 },
					{ "time": 0.5666, "angle": -29.8 },
					{ "time": 0.7, "angle": 62.95 },
					{ "time": 0.8, "angle": -51.46 },
					{ "time": 0.9666, "angle": 84.63 },
					{ "time": 1.0333, "angle": -47.6 },
					{ "time": 1.1666, "angle": 67.25 },
					{ "time": 1.2666, "angle": -51.19 },
					{ "time": 1.4, "angle": 94.74 },
					{ "time": 1.5, "angle": -45.41 },
					{ "time": 1.6333, "angle": 80.25 },
					{ "time": 1.7333, "angle": -29.8 },
					{ "time": 1.8666, "angle": 35.25, "curve": "stepped" },
					{ "time": 4.0333, "angle": 35.25, "curve": "stepped" },
					{ "time": 4.3333, "angle": 35.25 }
				],
				"translate": [
					{ "time": 0, "x": 0, "y": 0, "curve": "stepped" },
					{ "time": 0.2333, "x": 0, "y": 0, "curve": "stepped" },
					{ "time": 0.4666, "x": 0, "y": 0, "curve": "stepped" },
					{ "time": 0.7, "x": 0, "y": 0, "curve": "stepped" },
					{ "time": 0.9666, "x": 0, "y": 0, "curve": "stepped" },
					{ "time": 1.1666, "x": 0, "y": 0, "curve": "stepped" },
					{ "time": 1.4, "x": 0, "y": 0, "curve": "stepped" },
					{ "time": 1.6333, "x": 0, "y": 0, "curve": "stepped" },
					{ "time": 1.8666, "x": 0, "y": 0, "curve": "stepped" },
					{ "time": 4.0333, "x": 0, "y": 0, "curve": "stepped" },
					{ "time": 4.3333, "x": 0, "y": 0 }
				],
				"scale": [
					{ "time": 0, "x": 1, "y": 1, "curve": "stepped" },
					{ "time": 0.2333, "x": 1, "y": 1, "curve": "stepped" },
					{ "time": 0.4666, "x": 1, "y": 1, "curve": "stepped" },
					{ "time": 0.7, "x": 1, "y": 1, "curve": "stepped" },
					{ "time": 0.9666, "x": 1, "y": 1, "curve": "stepped" },
					{ "time": 1.1666, "x": 1, "y": 1, "curve": "stepped" },
					{ "time": 1.4, "x": 1, "y": 1, "curve": "stepped" },
					{ "time": 1.6333, "x": 1, "y": 1, "curve": "stepped" },
					{ "time": 1.8666, "x": 1, "y": 1, "curve": "stepped" },
					{ "time": 4.0333, "x": 1, "y": 1, "curve": "stepped" },
					{ "time": 4.3333, "x": 1, "y": 1 }
				]
			},
			"Halloween_ditu_6": {
				"rotate": [
					{ "time": 0, "angle": 25.63 },
					{ "time": 0.1, "angle": 2.7 },
					{ "time": 0.1333, "angle": -43.48 },
					{ "time": 0.2, "angle": -19.97 },
					{ "time": 0.2333, "angle": 25.63 },
					{ "time": 0.3, "angle": 2.7 },
					{ "time": 0.3666, "angle": -43.48 },
					{ "time": 0.4666, "angle": -19.97 },
					{ "time": 0.5666, "angle": 2.7 },
					{ "time": 0.6, "angle": -43.48 },
					{ "time": 0.6666, "angle": -19.97 },
					{ "time": 0.7, "angle": 25.63 },
					{ "time": 0.8, "angle": 2.7 },
					{ "time": 0.8333, "angle": -43.48 },
					{ "time": 0.9333, "angle": -19.97 },
					{ "time": 0.9666, "angle": 25.63 },
					{ "time": 1, "angle": 2.7 },
					{ "time": 1.0666, "angle": -43.48 },
					{ "time": 1.1333, "angle": -19.97 },
					{ "time": 1.1666, "angle": 25.63 },
					{ "time": 1.2666, "angle": 2.7 },
					{ "time": 1.3, "angle": -43.48 },
					{ "time": 1.4, "angle": -19.97 },
					{ "time": 1.4666, "angle": 2.7 },
					{ "time": 1.5333, "angle": -43.48 },
					{ "time": 1.6, "angle": -19.97 },
					{ "time": 1.6333, "angle": 25.63 },
					{ "time": 1.7333, "angle": 2.7 },
					{ "time": 1.7666, "angle": -43.48 },
					{ "time": 1.8333, "angle": -19.97 },
					{ "time": 1.8666, "angle": 25.63, "curve": "stepped" },
					{ "time": 4.0333, "angle": 25.63, "curve": "stepped" },
					{ "time": 4.3333, "angle": 25.63 }
				],
				"translate": [
					{ "time": 0, "x": 0, "y": 0, "curve": "stepped" },
					{ "time": 0.2333, "x": 0, "y": 0, "curve": "stepped" },
					{ "time": 0.4666, "x": 0, "y": 0, "curve": "stepped" },
					{ "time": 0.7, "x": 0, "y": 0, "curve": "stepped" },
					{ "time": 0.9666, "x": 0, "y": 0, "curve": "stepped" },
					{ "time": 1.1666, "x": 0, "y": 0, "curve": "stepped" },
					{ "time": 1.4, "x": 0, "y": 0, "curve": "stepped" },
					{ "time": 1.6333, "x": 0, "y": 0, "curve": "stepped" },
					{ "time": 1.8666, "x": 0, "y": 0, "curve": "stepped" },
					{ "time": 4.0333, "x": 0, "y": 0, "curve": "stepped" },
					{ "time": 4.3333, "x": 0, "y": 0 }
				],
				"scale": [
					{ "time": 0, "x": 1, "y": 1, "curve": "stepped" },
					{ "time": 0.2333, "x": 1, "y": 1, "curve": "stepped" },
					{ "time": 0.4666, "x": 1, "y": 1, "curve": "stepped" },
					{ "time": 0.7, "x": 1, "y": 1, "curve": "stepped" },
					{ "time": 0.9666, "x": 1, "y": 1, "curve": "stepped" },
					{ "time": 1.1666, "x": 1, "y": 1, "curve": "stepped" },
					{ "time": 1.4, "x": 1, "y": 1, "curve": "stepped" },
					{ "time": 1.6333, "x": 1, "y": 1, "curve": "stepped" },
					{ "time": 1.8666, "x": 1, "y": 1, "curve": "stepped" },
					{ "time": 4.0333, "x": 1, "y": 1, "curve": "stepped" },
					{ "time": 4.3333, "x": 1, "y": 1 }
				]
			},
			"Halloween_zuo_chibang_2": {
				"rotate": [
					{ "time": 0, "angle": 35.25 },
					{ "time": 0.1, "angle": -29.8 },
					{ "time": 0.2333, "angle": 35.25 },
					{ "time": 0.3333, "angle": -29.8 },
					{ "time": 0.4333, "angle": 35.25 },
					{ "time": 0.5333, "angle": -29.8 },
					{ "time": 0.6333, "angle": 35.25 },
					{ "time": 0.7333, "angle": -29.8 },
					{ "time": 0.8666, "angle": 35.25 },
					{ "time": 0.9333, "angle": -29.8 },
					{ "time": 1.0666, "angle": 35.25 },
					{ "time": 1.1333, "angle": -29.8 },
					{ "time": 1.2666, "angle": 35.25 },
					{ "time": 1.3666, "angle": -29.8 },
					{ "time": 1.5, "angle": 35.25 },
					{ "time": 1.5666, "angle": -29.8 },
					{ "time": 1.7, "angle": 35.25, "curve": "stepped" },
					{ "time": 4.0333, "angle": 35.25, "curve": "stepped" },
					{ "time": 4.3333, "angle": 35.25 }
				],
				"translate": [
					{ "time": 0, "x": 0, "y": 0, "curve": "stepped" },
					{ "time": 0.2333, "x": 0, "y": 0, "curve": "stepped" },
					{ "time": 0.4333, "x": 0, "y": 0, "curve": "stepped" },
					{ "time": 0.6333, "x": 0, "y": 0, "curve": "stepped" },
					{ "time": 0.8666, "x": 0, "y": 0, "curve": "stepped" },
					{ "time": 1.0666, "x": 0, "y": 0, "curve": "stepped" },
					{ "time": 1.2666, "x": 0, "y": 0, "curve": "stepped" },
					{ "time": 1.5, "x": 0, "y": 0, "curve": "stepped" },
					{ "time": 1.7, "x": 0, "y": 0, "curve": "stepped" },
					{ "time": 4.0333, "x": 0, "y": 0, "curve": "stepped" },
					{ "time": 4.3333, "x": 0, "y": 0 }
				],
				"scale": [
					{ "time": 0, "x": 1, "y": 1, "curve": "stepped" },
					{ "time": 0.2333, "x": 1, "y": 1, "curve": "stepped" },
					{ "time": 0.4333, "x": 1, "y": 1, "curve": "stepped" },
					{ "time": 0.6333, "x": 1, "y": 1, "curve": "stepped" },
					{ "time": 0.8666, "x": 1, "y": 1, "curve": "stepped" },
					{ "time": 1.0666, "x": 1, "y": 1, "curve": "stepped" },
					{ "time": 1.2666, "x": 1, "y": 1, "curve": "stepped" },
					{ "time": 1.5, "x": 1, "y": 1, "curve": "stepped" },
					{ "time": 1.7, "x": 1, "y": 1, "curve": "stepped" },
					{ "time": 4.0333, "x": 1, "y": 1, "curve": "stepped" },
					{ "time": 4.3333, "x": 1, "y": 1 }
				]
			},
			"Halloween_ditu_2": {
				"rotate": [
					{ "time": 0, "angle": 25.63 },
					{ "time": 0.1, "angle": 2.7 },
					{ "time": 0.1333, "angle": -43.48 },
					{ "time": 0.2, "angle": -19.97 },
					{ "time": 0.2333, "angle": 25.63 },
					{ "time": 0.3, "angle": 2.7 },
					{ "time": 0.3333, "angle": -43.48 },
					{ "time": 0.4333, "angle": -19.97 },
					{ "time": 0.5333, "angle": 2.7 },
					{ "time": 0.6333, "angle": -19.97 },
					{ "time": 0.7333, "angle": 2.7 },
					{ "time": 0.7666, "angle": -43.48 },
					{ "time": 0.8333, "angle": -19.97 },
					{ "time": 0.8666, "angle": 25.63 },
					{ "time": 0.9333, "angle": 2.7 },
					{ "time": 0.9666, "angle": -43.48 },
					{ "time": 1.0333, "angle": -19.97 },
					{ "time": 1.0666, "angle": 25.63 },
					{ "time": 1.1333, "angle": 2.7 },
					{ "time": 1.2, "angle": -43.48 },
					{ "time": 1.2666, "angle": -19.97 },
					{ "time": 1.3333, "angle": 2.7 },
					{ "time": 1.4, "angle": -43.48 },
					{ "time": 1.4666, "angle": -19.97 },
					{ "time": 1.5, "angle": 25.63 },
					{ "time": 1.5666, "angle": 2.7 },
					{ "time": 1.6, "angle": -43.48 },
					{ "time": 1.6666, "angle": -19.97 },
					{ "time": 1.7, "angle": 25.63, "curve": "stepped" },
					{ "time": 4.0333, "angle": 25.63, "curve": "stepped" },
					{ "time": 4.3333, "angle": 25.63 }
				],
				"translate": [
					{ "time": 0, "x": 0, "y": 0, "curve": "stepped" },
					{ "time": 0.2333, "x": 0, "y": 0, "curve": "stepped" },
					{ "time": 0.4333, "x": 0, "y": 0, "curve": "stepped" },
					{ "time": 0.6333, "x": 0, "y": 0, "curve": "stepped" },
					{ "time": 0.8666, "x": 0, "y": 0, "curve": "stepped" },
					{ "time": 1.0666, "x": 0, "y": 0, "curve": "stepped" },
					{ "time": 1.2666, "x": 0, "y": 0, "curve": "stepped" },
					{ "time": 1.5, "x": 0, "y": 0, "curve": "stepped" },
					{ "time": 1.7, "x": 0, "y": 0, "curve": "stepped" },
					{ "time": 4.0333, "x": 0, "y": 0, "curve": "stepped" },
					{ "time": 4.3333, "x": 0, "y": 0 }
				],
				"scale": [
					{ "time": 0, "x": 1, "y": 1, "curve": "stepped" },
					{ "time": 0.2333, "x": 1, "y": 1, "curve": "stepped" },
					{ "time": 0.4333, "x": 1, "y": 1, "curve": "stepped" },
					{ "time": 0.6333, "x": 1, "y": 1, "curve": "stepped" },
					{ "time": 0.8666, "x": 1, "y": 1, "curve": "stepped" },
					{ "time": 1.0666, "x": 1, "y": 1, "curve": "stepped" },
					{ "time": 1.2666, "x": 1, "y": 1, "curve": "stepped" },
					{ "time": 1.5, "x": 1, "y": 1, "curve": "stepped" },
					{ "time": 1.7, "x": 1, "y": 1, "curve": "stepped" },
					{ "time": 4.0333, "x": 1, "y": 1, "curve": "stepped" },
					{ "time": 4.3333, "x": 1, "y": 1 }
				]
			},
			"Halloween_you_chibang_2": {
				"rotate": [
					{ "time": 0, "angle": -41.7 },
					{ "time": 0.1, "angle": 30.43 },
					{ "time": 0.2333, "angle": -41.7 },
					{ "time": 0.3333, "angle": 30.43 },
					{ "time": 0.4333, "angle": -41.7 },
					{ "time": 0.5333, "angle": 30.43 },
					{ "time": 0.6333, "angle": -41.7 },
					{ "time": 0.7333, "angle": 30.43 },
					{ "time": 0.8666, "angle": -41.7 },
					{ "time": 0.9333, "angle": 30.43 },
					{ "time": 1.0666, "angle": -41.7 },
					{ "time": 1.1333, "angle": 30.43 },
					{ "time": 1.2666, "angle": -41.7 },
					{ "time": 1.3666, "angle": 30.43 },
					{ "time": 1.5, "angle": -41.7 },
					{ "time": 1.5666, "angle": 30.43 },
					{ "time": 1.7, "angle": -41.7, "curve": "stepped" },
					{ "time": 4.0333, "angle": -41.7, "curve": "stepped" },
					{ "time": 4.3333, "angle": -41.7 }
				],
				"translate": [
					{ "time": 4.0333, "x": 0, "y": 0, "curve": "stepped" },
					{ "time": 4.3333, "x": 0, "y": 0 }
				],
				"scale": [
					{ "time": 4.0333, "x": 1, "y": 1, "curve": "stepped" },
					{ "time": 4.3333, "x": 1, "y": 1 }
				]
			},
			"Halloween_you_chibang_1_2": {
				"rotate": [
					{ "time": 0, "angle": -25.68 },
					{ "time": 0.0666, "angle": -23.44 },
					{ "time": 0.1, "angle": 29.34 },
					{ "time": 0.2, "angle": 42.02 },
					{ "time": 0.2333, "angle": -25.68 },
					{ "time": 0.2666, "angle": -23.44 },
					{ "time": 0.3333, "angle": 29.34 },
					{ "time": 0.4, "angle": 42.02 },
					{ "time": 0.4333, "angle": -25.68 },
					{ "time": 0.5, "angle": -23.44 },
					{ "time": 0.5333, "angle": 29.34 },
					{ "time": 0.6, "angle": 42.02 },
					{ "time": 0.6333, "angle": -25.68 },
					{ "time": 0.7, "angle": -23.44 },
					{ "time": 0.7333, "angle": 29.34 },
					{ "time": 0.8333, "angle": 42.02 },
					{ "time": 0.8666, "angle": -25.68 },
					{ "time": 0.9333, "angle": 29.34 },
					{ "time": 1.0333, "angle": 42.02 },
					{ "time": 1.0666, "angle": -25.68 },
					{ "time": 1.1333, "angle": -23.44 },
					{ "time": 1.2333, "angle": 42.02 },
					{ "time": 1.2666, "angle": -25.68 },
					{ "time": 1.3333, "angle": -23.44 },
					{ "time": 1.3666, "angle": 29.34 },
					{ "time": 1.4333, "angle": 42.02 },
					{ "time": 1.5, "angle": -25.68 },
					{ "time": 1.5333, "angle": -23.44 },
					{ "time": 1.5666, "angle": 29.34 },
					{ "time": 1.6333, "angle": 42.02 },
					{ "time": 1.7, "angle": -25.68, "curve": "stepped" },
					{ "time": 4.0333, "angle": -25.68, "curve": "stepped" },
					{ "time": 4.3333, "angle": -25.68 }
				],
				"translate": [
					{ "time": 0, "x": 0, "y": 0, "curve": "stepped" },
					{ "time": 0.0666, "x": 0, "y": 0, "curve": "stepped" },
					{ "time": 0.2333, "x": 0, "y": 0, "curve": "stepped" },
					{ "time": 0.2666, "x": 0, "y": 0, "curve": "stepped" },
					{ "time": 0.4333, "x": 0, "y": 0, "curve": "stepped" },
					{ "time": 0.5, "x": 0, "y": 0, "curve": "stepped" },
					{ "time": 0.6333, "x": 0, "y": 0, "curve": "stepped" },
					{ "time": 0.7, "x": 0, "y": 0, "curve": "stepped" },
					{ "time": 0.8666, "x": 0, "y": 0, "curve": "stepped" },
					{ "time": 0.9333, "x": 0, "y": 0, "curve": "stepped" },
					{ "time": 1.0666, "x": 0, "y": 0, "curve": "stepped" },
					{ "time": 1.1333, "x": 0, "y": 0, "curve": "stepped" },
					{ "time": 1.2666, "x": 0, "y": 0, "curve": "stepped" },
					{ "time": 1.3333, "x": 0, "y": 0, "curve": "stepped" },
					{ "time": 1.5, "x": 0, "y": 0, "curve": "stepped" },
					{ "time": 1.5333, "x": 0, "y": 0, "curve": "stepped" },
					{ "time": 1.7, "x": 0, "y": 0, "curve": "stepped" },
					{ "time": 4.0333, "x": 0, "y": 0, "curve": "stepped" },
					{ "time": 4.3333, "x": 0, "y": 0 }
				],
				"scale": [
					{ "time": 0, "x": 1, "y": 1, "curve": "stepped" },
					{ "time": 0.0666, "x": 1, "y": 1, "curve": "stepped" },
					{ "time": 0.2333, "x": 1, "y": 1, "curve": "stepped" },
					{ "time": 0.2666, "x": 1, "y": 1, "curve": "stepped" },
					{ "time": 0.4333, "x": 1, "y": 1, "curve": "stepped" },
					{ "time": 0.5, "x": 1, "y": 1, "curve": "stepped" },
					{ "time": 0.6333, "x": 1, "y": 1, "curve": "stepped" },
					{ "time": 0.7, "x": 1, "y": 1, "curve": "stepped" },
					{ "time": 0.8666, "x": 1, "y": 1, "curve": "stepped" },
					{ "time": 0.9333, "x": 1, "y": 1, "curve": "stepped" },
					{ "time": 1.0666, "x": 1, "y": 1, "curve": "stepped" },
					{ "time": 1.1333, "x": 1, "y": 1, "curve": "stepped" },
					{ "time": 1.2666, "x": 1, "y": 1, "curve": "stepped" },
					{ "time": 1.3333, "x": 1, "y": 1, "curve": "stepped" },
					{ "time": 1.5, "x": 1, "y": 1, "curve": "stepped" },
					{ "time": 1.5333, "x": 1, "y": 1, "curve": "stepped" },
					{ "time": 1.7, "x": 1, "y": 1, "curve": "stepped" },
					{ "time": 4.0333, "x": 1, "y": 1, "curve": "stepped" },
					{ "time": 4.3333, "x": 1, "y": 1 }
				]
			},
			"Halloween_shenti_2": {
				"rotate": [
					{ "time": 0, "angle": -14.89 },
					{ "time": 4.0333, "angle": 28.33, "curve": "stepped" },
					{ "time": 4.3333, "angle": 28.33 }
				],
				"translate": [
					{ "time": 0, "x": -442.52, "y": -201.55 },
					{ "time": 0.6666, "x": -395.93, "y": -166.6 },
					{ "time": 1.8666, "x": -228.64, "y": -40.59 }
				],
				"scale": [
					{ "time": 0, "x": 0.224, "y": 0.224, "curve": "stepped" },
					{ "time": 4.0333, "x": 0.224, "y": 0.224, "curve": "stepped" },
					{ "time": 4.3333, "x": 0.224, "y": 0.224 }
				]
			},
			"Halloween_zuo_chibang_3": {
				"rotate": [
					{ "time": 0, "angle": 78.33 },
					{ "time": 0.1, "angle": -52.45 },
					{ "time": 0.2333, "angle": 80.05 },
					{ "time": 0.3333, "angle": -29.8 },
					{ "time": 0.4333, "angle": 74.71 },
					{ "time": 0.5333, "angle": -42.47 },
					{ "time": 0.6333, "angle": 80.87 },
					{ "time": 0.7333, "angle": -56.64 },
					{ "time": 0.8666, "angle": 83.77 },
					{ "time": 0.9333, "angle": -47.19 },
					{ "time": 1.0666, "angle": 77.58 },
					{ "time": 1.1333, "angle": -51.74 },
					{ "time": 1.2666, "angle": 76.55 },
					{ "time": 1.3666, "angle": -47.11 },
					{ "time": 1.5, "angle": 81.4 },
					{ "time": 1.5666, "angle": -29.8 },
					{ "time": 1.7, "angle": 35.25, "curve": "stepped" },
					{ "time": 4.0333, "angle": 35.25, "curve": "stepped" },
					{ "time": 4.3333, "angle": 35.25 }
				],
				"translate": [
					{ "time": 0, "x": 0, "y": 0, "curve": "stepped" },
					{ "time": 0.2333, "x": 0, "y": 0, "curve": "stepped" },
					{ "time": 0.4333, "x": 0, "y": 0, "curve": "stepped" },
					{ "time": 0.6333, "x": 0, "y": 0, "curve": "stepped" },
					{ "time": 0.8666, "x": 0, "y": 0, "curve": "stepped" },
					{ "time": 1.0666, "x": 0, "y": 0, "curve": "stepped" },
					{ "time": 1.2666, "x": 0, "y": 0, "curve": "stepped" },
					{ "time": 1.5, "x": 0, "y": 0, "curve": "stepped" },
					{ "time": 1.7, "x": 0, "y": 0, "curve": "stepped" },
					{ "time": 4.0333, "x": 0, "y": 0, "curve": "stepped" },
					{ "time": 4.3333, "x": 0, "y": 0 }
				],
				"scale": [
					{ "time": 0, "x": 1, "y": 1, "curve": "stepped" },
					{ "time": 0.2333, "x": 1, "y": 1, "curve": "stepped" },
					{ "time": 0.4333, "x": 1, "y": 1, "curve": "stepped" },
					{ "time": 0.6333, "x": 1, "y": 1, "curve": "stepped" },
					{ "time": 0.8666, "x": 1, "y": 1, "curve": "stepped" },
					{ "time": 1.0666, "x": 1, "y": 1, "curve": "stepped" },
					{ "time": 1.2666, "x": 1, "y": 1, "curve": "stepped" },
					{ "time": 1.5, "x": 1, "y": 1, "curve": "stepped" },
					{ "time": 1.7, "x": 1, "y": 1, "curve": "stepped" },
					{ "time": 4.0333, "x": 1, "y": 1, "curve": "stepped" },
					{ "time": 4.3333, "x": 1, "y": 1 }
				]
			},
			"Halloween_ditu_3": {
				"rotate": [
					{ "time": 0, "angle": 25.63 },
					{ "time": 0.1, "angle": 2.7 },
					{ "time": 0.1333, "angle": -43.48 },
					{ "time": 0.2, "angle": -19.97 },
					{ "time": 0.2333, "angle": 25.63 },
					{ "time": 0.3, "angle": 2.7 },
					{ "time": 0.3333, "angle": -43.48 },
					{ "time": 0.4333, "angle": 25.63 },
					{ "time": 0.5333, "angle": -43.48 },
					{ "time": 0.6333, "angle": -19.97 },
					{ "time": 0.7333, "angle": 2.7 },
					{ "time": 0.7666, "angle": -43.48 },
					{ "time": 0.8333, "angle": -19.97 },
					{ "time": 0.8666, "angle": 25.63 },
					{ "time": 0.9333, "angle": 2.7 },
					{ "time": 0.9666, "angle": -43.48 },
					{ "time": 1.0333, "angle": -19.97 },
					{ "time": 1.0666, "angle": 25.63 },
					{ "time": 1.1333, "angle": 2.7 },
					{ "time": 1.2, "angle": -43.48 },
					{ "time": 1.2666, "angle": 25.63 },
					{ "time": 1.3333, "angle": 2.7 },
					{ "time": 1.4, "angle": -43.48 },
					{ "time": 1.4666, "angle": -19.97 },
					{ "time": 1.5, "angle": 25.63 },
					{ "time": 1.5666, "angle": 2.7 },
					{ "time": 1.6, "angle": -43.48 },
					{ "time": 1.6666, "angle": -19.97 },
					{ "time": 1.7, "angle": 25.63, "curve": "stepped" },
					{ "time": 4.0333, "angle": 25.63, "curve": "stepped" },
					{ "time": 4.3333, "angle": 25.63 }
				],
				"translate": [
					{ "time": 0, "x": 0, "y": 0, "curve": "stepped" },
					{ "time": 0.2333, "x": 0, "y": 0, "curve": "stepped" },
					{ "time": 0.4333, "x": 0, "y": 0, "curve": "stepped" },
					{ "time": 0.6333, "x": 0, "y": 0, "curve": "stepped" },
					{ "time": 0.8666, "x": 0, "y": 0, "curve": "stepped" },
					{ "time": 1.0666, "x": 0, "y": 0, "curve": "stepped" },
					{ "time": 1.2666, "x": 0, "y": 0, "curve": "stepped" },
					{ "time": 1.5, "x": 0, "y": 0, "curve": "stepped" },
					{ "time": 1.7, "x": 0, "y": 0, "curve": "stepped" },
					{ "time": 4.0333, "x": 0, "y": 0, "curve": "stepped" },
					{ "time": 4.3333, "x": 0, "y": 0 }
				],
				"scale": [
					{ "time": 0, "x": 1, "y": 1, "curve": "stepped" },
					{ "time": 0.2333, "x": 1, "y": 1, "curve": "stepped" },
					{ "time": 0.4333, "x": 1, "y": 1, "curve": "stepped" },
					{ "time": 0.6333, "x": 1, "y": 1, "curve": "stepped" },
					{ "time": 0.8666, "x": 1, "y": 1, "curve": "stepped" },
					{ "time": 1.0666, "x": 1, "y": 1, "curve": "stepped" },
					{ "time": 1.2666, "x": 1, "y": 1, "curve": "stepped" },
					{ "time": 1.5, "x": 1, "y": 1, "curve": "stepped" },
					{ "time": 1.7, "x": 1, "y": 1, "curve": "stepped" },
					{ "time": 4.0333, "x": 1, "y": 1, "curve": "stepped" },
					{ "time": 4.3333, "x": 1, "y": 1 }
				]
			},
			"Halloween_you_chibang_3": {
				"rotate": [
					{ "time": 0, "angle": -86.18 },
					{ "time": 0.1, "angle": 46.53 },
					{ "time": 0.2333, "angle": -74.19 },
					{ "time": 0.3333, "angle": 51.25 },
					{ "time": 0.4333, "angle": -80.26 },
					{ "time": 0.5333, "angle": 45.42 },
					{ "time": 0.6333, "angle": -85.3 },
					{ "time": 0.7333, "angle": 30.43 },
					{ "time": 0.8666, "angle": -72.97 },
					{ "time": 0.9333, "angle": 65.99 },
					{ "time": 1.0666, "angle": -84.57 },
					{ "time": 1.1333, "angle": 57.12 },
					{ "time": 1.2666, "angle": -77.6 },
					{ "time": 1.3666, "angle": 46.55 },
					{ "time": 1.5, "angle": -75 },
					{ "time": 1.5666, "angle": 30.43 },
					{ "time": 1.7, "angle": -41.7, "curve": "stepped" },
					{ "time": 4.0333, "angle": -41.7, "curve": "stepped" },
					{ "time": 4.3333, "angle": -41.7 }
				],
				"translate": [
					{ "time": 4.0333, "x": 0, "y": 0, "curve": "stepped" },
					{ "time": 4.3333, "x": 0, "y": 0 }
				],
				"scale": [
					{ "time": 4.0333, "x": 1, "y": 1, "curve": "stepped" },
					{ "time": 4.3333, "x": 1, "y": 1 }
				]
			},
			"Halloween_you_chibang_1_3": {
				"rotate": [
					{ "time": 0, "angle": -25.68 },
					{ "time": 0.0666, "angle": -23.44 },
					{ "time": 0.1, "angle": 29.34 },
					{ "time": 0.2, "angle": 42.02 },
					{ "time": 0.2333, "angle": -25.68 },
					{ "time": 0.2666, "angle": -23.44 },
					{ "time": 0.3333, "angle": 29.34 },
					{ "time": 0.4, "angle": 42.02 },
					{ "time": 0.4333, "angle": -25.68 },
					{ "time": 0.5, "angle": -23.44 },
					{ "time": 0.5333, "angle": 29.34 },
					{ "time": 0.6, "angle": 42.02 },
					{ "time": 0.6333, "angle": -25.68 },
					{ "time": 0.7, "angle": -23.44 },
					{ "time": 0.7333, "angle": 29.34 },
					{ "time": 0.8333, "angle": 42.02 },
					{ "time": 0.8666, "angle": -25.68 },
					{ "time": 0.9333, "angle": -23.44 },
					{ "time": 1.0333, "angle": 42.02 },
					{ "time": 1.0666, "angle": -25.68 },
					{ "time": 1.1333, "angle": -23.44 },
					{ "time": 1.2333, "angle": 42.02 },
					{ "time": 1.2666, "angle": -25.68 },
					{ "time": 1.3333, "angle": -23.44 },
					{ "time": 1.3666, "angle": 29.34 },
					{ "time": 1.4333, "angle": 42.02 },
					{ "time": 1.5, "angle": -25.68 },
					{ "time": 1.5333, "angle": -23.44 },
					{ "time": 1.5666, "angle": 29.34 },
					{ "time": 1.6333, "angle": 42.02 },
					{ "time": 1.7, "angle": -25.68, "curve": "stepped" },
					{ "time": 4.0333, "angle": -25.68, "curve": "stepped" },
					{ "time": 4.3333, "angle": -25.68 }
				],
				"translate": [
					{ "time": 0, "x": 0, "y": 0, "curve": "stepped" },
					{ "time": 0.0666, "x": 0, "y": 0, "curve": "stepped" },
					{ "time": 0.2333, "x": 0, "y": 0, "curve": "stepped" },
					{ "time": 0.2666, "x": 0, "y": 0, "curve": "stepped" },
					{ "time": 0.4333, "x": 0, "y": 0, "curve": "stepped" },
					{ "time": 0.5, "x": 0, "y": 0, "curve": "stepped" },
					{ "time": 0.6333, "x": 0, "y": 0, "curve": "stepped" },
					{ "time": 0.7, "x": 0, "y": 0, "curve": "stepped" },
					{ "time": 0.8666, "x": 0, "y": 0, "curve": "stepped" },
					{ "time": 0.9333, "x": 0, "y": 0, "curve": "stepped" },
					{ "time": 1.0666, "x": 0, "y": 0, "curve": "stepped" },
					{ "time": 1.1333, "x": 0, "y": 0, "curve": "stepped" },
					{ "time": 1.2666, "x": 0, "y": 0, "curve": "stepped" },
					{ "time": 1.3333, "x": 0, "y": 0, "curve": "stepped" },
					{ "time": 1.5, "x": 0, "y": 0, "curve": "stepped" },
					{ "time": 1.5333, "x": 0, "y": 0, "curve": "stepped" },
					{ "time": 1.7, "x": 0, "y": 0, "curve": "stepped" },
					{ "time": 4.0333, "x": 0, "y": 0, "curve": "stepped" },
					{ "time": 4.3333, "x": 0, "y": 0 }
				],
				"scale": [
					{ "time": 0, "x": 1, "y": 1, "curve": "stepped" },
					{ "time": 0.0666, "x": 1, "y": 1, "curve": "stepped" },
					{ "time": 0.2333, "x": 1, "y": 1, "curve": "stepped" },
					{ "time": 0.2666, "x": 1, "y": 1, "curve": "stepped" },
					{ "time": 0.4333, "x": 1, "y": 1, "curve": "stepped" },
					{ "time": 0.5, "x": 1, "y": 1, "curve": "stepped" },
					{ "time": 0.6333, "x": 1, "y": 1, "curve": "stepped" },
					{ "time": 0.7, "x": 1, "y": 1, "curve": "stepped" },
					{ "time": 0.8666, "x": 1, "y": 1, "curve": "stepped" },
					{ "time": 0.9333, "x": 1, "y": 1, "curve": "stepped" },
					{ "time": 1.0666, "x": 1, "y": 1, "curve": "stepped" },
					{ "time": 1.1333, "x": 1, "y": 1, "curve": "stepped" },
					{ "time": 1.2666, "x": 1, "y": 1, "curve": "stepped" },
					{ "time": 1.3333, "x": 1, "y": 1, "curve": "stepped" },
					{ "time": 1.5, "x": 1, "y": 1, "curve": "stepped" },
					{ "time": 1.5333, "x": 1, "y": 1, "curve": "stepped" },
					{ "time": 1.7, "x": 1, "y": 1, "curve": "stepped" },
					{ "time": 4.0333, "x": 1, "y": 1, "curve": "stepped" },
					{ "time": 4.3333, "x": 1, "y": 1 }
				]
			},
			"Halloween_shenti_3": {
				"rotate": [
					{ "time": 0, "angle": 39.37, "curve": "stepped" },
					{ "time": 4.0333, "angle": 39.37, "curve": "stepped" },
					{ "time": 4.3333, "angle": 39.37 }
				],
				"translate": [
					{ "time": 0, "x": -512.84, "y": -223.69 },
					{ "time": 0.9333, "x": -462.43, "y": -46.35 }
				],
				"scale": [
					{ "time": 0, "x": 0.411, "y": 0.411, "curve": "stepped" },
					{ "time": 4.0333, "x": 0.411, "y": 0.411, "curve": "stepped" },
					{ "time": 4.3333, "x": 0.411, "y": 0.411 }
				]
			},
			"Halloween_zuo_chibang_4": {
				"rotate": [
					{ "time": 0, "angle": 59.78 },
					{ "time": 0.1, "angle": -57.82 },
					{ "time": 0.2333, "angle": 73 },
					{ "time": 0.3333, "angle": -55.77 },
					{ "time": 0.4333, "angle": 75.54 },
					{ "time": 0.5333, "angle": -46.08 },
					{ "time": 0.6333, "angle": 79.9 },
					{ "time": 0.7333, "angle": -45.53 },
					{ "time": 0.8666, "angle": 67.9 },
					{ "time": 0.9333, "angle": -31.14 },
					{ "time": 1.0666, "angle": 68.63 },
					{ "time": 1.1333, "angle": -29.8 },
					{ "time": 1.2666, "angle": 35.25 },
					{ "time": 1.3666, "angle": -29.8 },
					{ "time": 1.5, "angle": 35.25 },
					{ "time": 1.5666, "angle": -29.8 },
					{ "time": 1.7, "angle": 35.25, "curve": "stepped" },
					{ "time": 4.0333, "angle": 35.25, "curve": "stepped" },
					{ "time": 4.3333, "angle": 35.25 }
				],
				"translate": [
					{ "time": 0, "x": 0, "y": 0, "curve": "stepped" },
					{ "time": 0.2333, "x": 0, "y": 0, "curve": "stepped" },
					{ "time": 0.4333, "x": 0, "y": 0, "curve": "stepped" },
					{ "time": 0.6333, "x": 0, "y": 0, "curve": "stepped" },
					{ "time": 0.8666, "x": 0, "y": 0, "curve": "stepped" },
					{ "time": 1.0666, "x": 0, "y": 0, "curve": "stepped" },
					{ "time": 1.2666, "x": 0, "y": 0, "curve": "stepped" },
					{ "time": 1.5, "x": 0, "y": 0, "curve": "stepped" },
					{ "time": 1.7, "x": 0, "y": 0, "curve": "stepped" },
					{ "time": 4.0333, "x": 0, "y": 0, "curve": "stepped" },
					{ "time": 4.3333, "x": 0, "y": 0 }
				],
				"scale": [
					{ "time": 0, "x": 1, "y": 1, "curve": "stepped" },
					{ "time": 0.2333, "x": 1, "y": 1, "curve": "stepped" },
					{ "time": 0.4333, "x": 1, "y": 1, "curve": "stepped" },
					{ "time": 0.6333, "x": 1, "y": 1, "curve": "stepped" },
					{ "time": 0.8666, "x": 1, "y": 1, "curve": "stepped" },
					{ "time": 1.0666, "x": 1, "y": 1, "curve": "stepped" },
					{ "time": 1.2666, "x": 1, "y": 1, "curve": "stepped" },
					{ "time": 1.5, "x": 1, "y": 1, "curve": "stepped" },
					{ "time": 1.7, "x": 1, "y": 1, "curve": "stepped" },
					{ "time": 4.0333, "x": 1, "y": 1, "curve": "stepped" },
					{ "time": 4.3333, "x": 1, "y": 1 }
				]
			},
			"Halloween_ditu_4": {
				"rotate": [
					{ "time": 0, "angle": 25.63 },
					{ "time": 0.1, "angle": 2.7 },
					{ "time": 0.1333, "angle": -43.48 },
					{ "time": 0.2, "angle": -19.97 },
					{ "time": 0.2333, "angle": 25.63 },
					{ "time": 0.3, "angle": 2.7 },
					{ "time": 0.3333, "angle": -43.48 },
					{ "time": 0.4333, "angle": -19.97 },
					{ "time": 0.5333, "angle": 2.7 },
					{ "time": 0.6333, "angle": -19.97 },
					{ "time": 0.7333, "angle": 2.7 },
					{ "time": 0.7666, "angle": -43.48 },
					{ "time": 0.8333, "angle": -19.97 },
					{ "time": 0.8666, "angle": 25.63 },
					{ "time": 0.9333, "angle": 2.7 },
					{ "time": 0.9666, "angle": -43.48 },
					{ "time": 1.0333, "angle": -19.97 },
					{ "time": 1.0666, "angle": 25.63 },
					{ "time": 1.1333, "angle": 2.7 },
					{ "time": 1.2, "angle": -43.48 },
					{ "time": 1.2666, "angle": -19.97 },
					{ "time": 1.3333, "angle": 2.7 },
					{ "time": 1.4, "angle": -43.48 },
					{ "time": 1.4666, "angle": -19.97 },
					{ "time": 1.5, "angle": 25.63 },
					{ "time": 1.5666, "angle": 2.7 },
					{ "time": 1.6, "angle": -43.48 },
					{ "time": 1.6666, "angle": -19.97 },
					{ "time": 1.7, "angle": 25.63, "curve": "stepped" },
					{ "time": 4.0333, "angle": 25.63, "curve": "stepped" },
					{ "time": 4.3333, "angle": 25.63 }
				],
				"translate": [
					{ "time": 0, "x": 0, "y": 0, "curve": "stepped" },
					{ "time": 0.2333, "x": 0, "y": 0, "curve": "stepped" },
					{ "time": 0.4333, "x": 0, "y": 0, "curve": "stepped" },
					{ "time": 0.6333, "x": 0, "y": 0, "curve": "stepped" },
					{ "time": 0.8666, "x": 0, "y": 0, "curve": "stepped" },
					{ "time": 1.0666, "x": 0, "y": 0, "curve": "stepped" },
					{ "time": 1.2666, "x": 0, "y": 0, "curve": "stepped" },
					{ "time": 1.5, "x": 0, "y": 0, "curve": "stepped" },
					{ "time": 1.7, "x": 0, "y": 0, "curve": "stepped" },
					{ "time": 4.0333, "x": 0, "y": 0, "curve": "stepped" },
					{ "time": 4.3333, "x": 0, "y": 0 }
				],
				"scale": [
					{ "time": 0, "x": 1, "y": 1, "curve": "stepped" },
					{ "time": 0.2333, "x": 1, "y": 1, "curve": "stepped" },
					{ "time": 0.4333, "x": 1, "y": 1, "curve": "stepped" },
					{ "time": 0.6333, "x": 1, "y": 1, "curve": "stepped" },
					{ "time": 0.8666, "x": 1, "y": 1, "curve": "stepped" },
					{ "time": 1.0666, "x": 1, "y": 1, "curve": "stepped" },
					{ "time": 1.2666, "x": 1, "y": 1, "curve": "stepped" },
					{ "time": 1.5, "x": 1, "y": 1, "curve": "stepped" },
					{ "time": 1.7, "x": 1, "y": 1, "curve": "stepped" },
					{ "time": 4.0333, "x": 1, "y": 1, "curve": "stepped" },
					{ "time": 4.3333, "x": 1, "y": 1 }
				]
			},
			"Halloween_you_chibang_4": {
				"rotate": [
					{ "time": 0, "angle": -60.3 },
					{ "time": 0.1, "angle": 30.43 },
					{ "time": 0.2333, "angle": -59.02 },
					{ "time": 0.3333, "angle": 30.43 },
					{ "time": 0.4333, "angle": -64.33 },
					{ "time": 0.5333, "angle": 45.01 },
					{ "time": 0.6333, "angle": -70.16 },
					{ "time": 0.7333, "angle": 50.32 },
					{ "time": 0.8666, "angle": -78.99 },
					{ "time": 0.9333, "angle": 45.92 },
					{ "time": 1.0666, "angle": -65.49 },
					{ "time": 1.1333, "angle": 30.43 },
					{ "time": 1.2666, "angle": -41.7 },
					{ "time": 1.3666, "angle": 30.43 },
					{ "time": 1.5, "angle": -41.7 },
					{ "time": 1.5666, "angle": 30.43 },
					{ "time": 1.7, "angle": -41.7, "curve": "stepped" },
					{ "time": 4.0333, "angle": -41.7, "curve": "stepped" },
					{ "time": 4.3333, "angle": -41.7 }
				],
				"translate": [
					{ "time": 4.0333, "x": 0, "y": 0, "curve": "stepped" },
					{ "time": 4.3333, "x": 0, "y": 0 }
				],
				"scale": [
					{ "time": 4.0333, "x": 1, "y": 1, "curve": "stepped" },
					{ "time": 4.3333, "x": 1, "y": 1 }
				]
			},
			"Halloween_you_chibang_1_4": {
				"rotate": [
					{ "time": 0, "angle": -25.68 },
					{ "time": 0.0666, "angle": -23.44 },
					{ "time": 0.1, "angle": 29.34 },
					{ "time": 0.2, "angle": 42.02 },
					{ "time": 0.2333, "angle": -25.68 },
					{ "time": 0.2666, "angle": -23.44 },
					{ "time": 0.3333, "angle": 29.34 },
					{ "time": 0.4, "angle": 42.02 },
					{ "time": 0.4333, "angle": -25.68 },
					{ "time": 0.5, "angle": -23.44 },
					{ "time": 0.5333, "angle": 29.34 },
					{ "time": 0.6, "angle": 42.02 },
					{ "time": 0.6333, "angle": -25.68 },
					{ "time": 0.7, "angle": -23.44 },
					{ "time": 0.7333, "angle": 29.34 },
					{ "time": 0.8333, "angle": 42.02 },
					{ "time": 0.8666, "angle": -25.68 },
					{ "time": 0.9333, "angle": 29.34 },
					{ "time": 1.0333, "angle": 42.02 },
					{ "time": 1.0666, "angle": -25.68 },
					{ "time": 1.1333, "angle": 29.34 },
					{ "time": 1.2333, "angle": 42.02 },
					{ "time": 1.2666, "angle": -25.68 },
					{ "time": 1.3333, "angle": -23.44 },
					{ "time": 1.3666, "angle": 29.34 },
					{ "time": 1.4333, "angle": 42.02 },
					{ "time": 1.5, "angle": -25.68 },
					{ "time": 1.5333, "angle": -23.44 },
					{ "time": 1.5666, "angle": 29.34 },
					{ "time": 1.6333, "angle": 42.02 },
					{ "time": 1.7, "angle": -25.68, "curve": "stepped" },
					{ "time": 4.0333, "angle": -25.68, "curve": "stepped" },
					{ "time": 4.3333, "angle": -25.68 }
				],
				"translate": [
					{ "time": 0, "x": 0, "y": 0, "curve": "stepped" },
					{ "time": 0.0666, "x": 0, "y": 0, "curve": "stepped" },
					{ "time": 0.2333, "x": 0, "y": 0, "curve": "stepped" },
					{ "time": 0.2666, "x": 0, "y": 0, "curve": "stepped" },
					{ "time": 0.4333, "x": 0, "y": 0, "curve": "stepped" },
					{ "time": 0.5, "x": 0, "y": 0, "curve": "stepped" },
					{ "time": 0.6333, "x": 0, "y": 0, "curve": "stepped" },
					{ "time": 0.7, "x": 0, "y": 0, "curve": "stepped" },
					{ "time": 0.8666, "x": 0, "y": 0, "curve": "stepped" },
					{ "time": 0.9333, "x": 0, "y": 0, "curve": "stepped" },
					{ "time": 1.0666, "x": 0, "y": 0, "curve": "stepped" },
					{ "time": 1.1333, "x": 0, "y": 0, "curve": "stepped" },
					{ "time": 1.2666, "x": 0, "y": 0, "curve": "stepped" },
					{ "time": 1.3333, "x": 0, "y": 0, "curve": "stepped" },
					{ "time": 1.5, "x": 0, "y": 0, "curve": "stepped" },
					{ "time": 1.5333, "x": 0, "y": 0, "curve": "stepped" },
					{ "time": 1.7, "x": 0, "y": 0, "curve": "stepped" },
					{ "time": 4.0333, "x": 0, "y": 0, "curve": "stepped" },
					{ "time": 4.3333, "x": 0, "y": 0 }
				],
				"scale": [
					{ "time": 0, "x": 1, "y": 1, "curve": "stepped" },
					{ "time": 0.0666, "x": 1, "y": 1, "curve": "stepped" },
					{ "time": 0.2333, "x": 1, "y": 1, "curve": "stepped" },
					{ "time": 0.2666, "x": 1, "y": 1, "curve": "stepped" },
					{ "time": 0.4333, "x": 1, "y": 1, "curve": "stepped" },
					{ "time": 0.5, "x": 1, "y": 1, "curve": "stepped" },
					{ "time": 0.6333, "x": 1, "y": 1, "curve": "stepped" },
					{ "time": 0.7, "x": 1, "y": 1, "curve": "stepped" },
					{ "time": 0.8666, "x": 1, "y": 1, "curve": "stepped" },
					{ "time": 0.9333, "x": 1, "y": 1, "curve": "stepped" },
					{ "time": 1.0666, "x": 1, "y": 1, "curve": "stepped" },
					{ "time": 1.1333, "x": 1, "y": 1, "curve": "stepped" },
					{ "time": 1.2666, "x": 1, "y": 1, "curve": "stepped" },
					{ "time": 1.3333, "x": 1, "y": 1, "curve": "stepped" },
					{ "time": 1.5, "x": 1, "y": 1, "curve": "stepped" },
					{ "time": 1.5333, "x": 1, "y": 1, "curve": "stepped" },
					{ "time": 1.7, "x": 1, "y": 1, "curve": "stepped" },
					{ "time": 4.0333, "x": 1, "y": 1, "curve": "stepped" },
					{ "time": 4.3333, "x": 1, "y": 1 }
				]
			},
			"Halloween_shenti_4": {
				"rotate": [
					{ "time": 0, "angle": 30.04, "curve": "stepped" },
					{ "time": 4.0333, "angle": 30.04, "curve": "stepped" },
					{ "time": 4.3333, "angle": 30.04 }
				],
				"translate": [
					{ "time": 0, "x": -631.88, "y": -214.72 },
					{ "time": 1.4666, "x": -519.49, "y": -54 }
				],
				"scale": [
					{ "time": 0, "x": 0.202, "y": 0.202, "curve": "stepped" },
					{ "time": 4.0333, "x": 0.202, "y": 0.202, "curve": "stepped" },
					{ "time": 4.3333, "x": 0.202, "y": 0.202 }
				]
			}
		},
		"drawOrder": [
			{ "time": 0 }
		]
	}
}
}