{
"skeleton": { "hash": "dV5I5fj83PSOs5uTHqZNWPsNYrw", "spine": "2.1.27", "width": 1155, "height": 1260 },
"bones": [
	{ "name": "root" },
	{ "name": "bone2", "parent": "root", "length": 217.8, "x": 6.97, "y": 574.15, "rotation": 90 },
	{ "name": "bone3", "parent": "bone2", "length": 187.5, "x": 76.07, "y": 4.24, "scaleX": 3.5, "scaleY": 3.5 }
],
"slots": [
	{ "name": "neicheng_", "bone": "root", "attachment": "neicheng_" },
	{ "name": "neicheng_ding_", "bone": "bone2", "attachment": "neicheng_ding_" },
	{ "name": "sanzhounian_42_", "bone": "bone3", "attachment": "sanzhounian_42_" },
	{ "name": "sanzhounian_41_", "bone": "bone3", "attachment": "sanzhounian_41_" },
	{ "name": "sanzhounian_40_", "bone": "bone3", "attachment": "sanzhounian_40_" },
	{ "name": "sanzhounian_39_", "bone": "bone3", "attachment": "sanzhounian_39_" },
	{ "name": "sanzhounian_38_", "bone": "bone3", "attachment": "sanzhounian_38_" },
	{ "name": "sanzhounian_37_", "bone": "bone3", "attachment": "sanzhounian_37_" },
	{ "name": "sanzhounian_36_", "bone": "bone3", "attachment": "sanzhounian_36_" },
	{ "name": "sanzhounian_35_", "bone": "bone3", "attachment": "sanzhounian_35_" },
	{ "name": "sanzhounian_34_", "bone": "bone3", "attachment": "sanzhounian_34_" },
	{ "name": "sanzhounian_33_", "bone": "bone3", "attachment": "sanzhounian_33_" },
	{ "name": "sanzhounian_32_", "bone": "bone3", "attachment": "sanzhounian_32_" },
	{ "name": "sanzhounian_31_", "bone": "bone3", "attachment": "sanzhounian_31_" },
	{ "name": "sanzhounian_30_", "bone": "bone3", "attachment": "sanzhounian_30_" },
	{ "name": "sanzhounian_29_", "bone": "bone3", "attachment": "sanzhounian_29_" },
	{ "name": "sanzhounian_28_", "bone": "bone3", "attachment": "sanzhounian_28_" },
	{ "name": "sanzhounian_27_", "bone": "bone3", "attachment": "sanzhounian_27_" },
	{ "name": "sanzhounian_26_", "bone": "bone3", "attachment": "sanzhounian_26_" },
	{ "name": "sanzhounian_25_", "bone": "bone3", "attachment": "sanzhounian_25_" },
	{ "name": "sanzhounian_24_", "bone": "bone3", "attachment": "sanzhounian_24_" },
	{ "name": "sanzhounian_23_", "bone": "bone3", "attachment": "sanzhounian_23_" },
	{ "name": "sanzhounian_22_", "bone": "bone3", "attachment": "sanzhounian_22_" },
	{ "name": "sanzhounian_21_", "bone": "bone3", "attachment": "sanzhounian_21_" },
	{ "name": "sanzhounian_20_", "bone": "bone3", "attachment": "sanzhounian_20_" },
	{ "name": "sanzhounian_19_", "bone": "bone3", "attachment": "sanzhounian_19_" },
	{ "name": "sanzhounian_18_", "bone": "bone3", "attachment": "sanzhounian_18_" },
	{ "name": "sanzhounian_17_", "bone": "bone3", "attachment": "sanzhounian_17_" },
	{ "name": "sanzhounian_16_", "bone": "bone3", "attachment": "sanzhounian_16_" },
	{ "name": "sanzhounian_15_", "bone": "bone3", "attachment": "sanzhounian_15_" },
	{ "name": "sanzhounian_14_", "bone": "bone3", "attachment": "sanzhounian_14_" },
	{ "name": "sanzhounian_13_", "bone": "bone3", "attachment": "sanzhounian_13_" },
	{ "name": "sanzhounian_12_", "bone": "bone3", "attachment": "sanzhounian_12_" },
	{ "name": "sanzhounian_11_", "bone": "bone3", "attachment": "sanzhounian_11_" },
	{ "name": "sanzhounian_10_", "bone": "bone3", "attachment": "sanzhounian_10_" },
	{ "name": "sanzhounian_09_", "bone": "bone3", "attachment": "sanzhounian_09_" },
	{ "name": "sanzhounian_08_", "bone": "bone3", "attachment": "sanzhounian_08_" },
	{ "name": "sanzhounian_07_", "bone": "bone3", "attachment": "sanzhounian_07_" },
	{ "name": "sanzhounian_06_", "bone": "bone3", "attachment": "sanzhounian_06_" },
	{ "name": "sanzhounian_05_", "bone": "bone3", "attachment": "sanzhounian_05_" },
	{ "name": "sanzhounian_04_", "bone": "bone3", "attachment": "sanzhounian_04_" },
	{ "name": "sanzhounian_03_", "bone": "bone3", "attachment": "sanzhounian_03_" },
	{ "name": "sanzhounian_02_", "bone": "bone3", "attachment": "sanzhounian_02_" },
	{ "name": "sanzhounian_01_", "bone": "bone3", "attachment": "sanzhounian_01_" }
],
"skins": {
	"default": {
		"neicheng_": {
			"neicheng_": { "y": 306.24, "width": 765, "height": 598 }
		},
		"neicheng_ding_": {
			"neicheng_ding_": { "x": 156.13, "y": -6.38, "rotation": -90, "width": 89, "height": 324 }
		},
		"sanzhounian_01_": {
			"sanzhounian_01_": { "x": 5.18, "y": -2.85, "scaleX": 2, "scaleY": 2, "rotation": -90, "width": 42, "height": 29 }
		},
		"sanzhounian_02_": {
			"sanzhounian_02_": { "x": -0.81, "y": -2.85, "scaleX": 2, "scaleY": 2, "rotation": -90, "width": 48, "height": 39 }
		},
		"sanzhounian_03_": {
			"sanzhounian_03_": { "x": -0.81, "y": -1.85, "scaleX": 2, "scaleY": 2, "rotation": -90, "width": 51, "height": 39 }
		},
		"sanzhounian_04_": {
			"sanzhounian_04_": { "x": -0.81, "y": -1.85, "scaleX": 2, "scaleY": 2, "rotation": -90, "width": 53, "height": 43 }
		},
		"sanzhounian_05_": {
			"sanzhounian_05_": { "x": -0.81, "y": -1.85, "scaleX": 2, "scaleY": 2, "rotation": -90, "width": 53, "height": 45 }
		},
		"sanzhounian_06_": {
			"sanzhounian_06_": { "x": 1.18, "y": -1.85, "scaleX": 2, "scaleY": 2, "rotation": -90, "width": 55, "height": 49 }
		},
		"sanzhounian_07_": {
			"sanzhounian_07_": { "x": 11.18, "y": -1.85, "scaleX": 2, "scaleY": 2, "rotation": -90, "width": 55, "height": 61 }
		},
		"sanzhounian_08_": {
			"sanzhounian_08_": { "x": 11.18, "y": -1.85, "scaleX": 2, "scaleY": 2, "rotation": -90, "width": 55, "height": 61 }
		},
		"sanzhounian_09_": {
			"sanzhounian_09_": { "x": 11.18, "y": -2.85, "scaleX": 2, "scaleY": 2, "rotation": -90, "width": 56, "height": 61 }
		},
		"sanzhounian_10_": {
			"sanzhounian_10_": { "x": 26.18, "y": -2.85, "scaleX": 2, "scaleY": 2, "rotation": -90, "width": 56, "height": 78 }
		},
		"sanzhounian_11_": {
			"sanzhounian_11_": { "x": 26.18, "y": -2.85, "scaleX": 2, "scaleY": 2, "rotation": -90, "width": 56, "height": 78 }
		},
		"sanzhounian_12_": {
			"sanzhounian_12_": { "x": 26.18, "y": -1.85, "scaleX": 2, "scaleY": 2, "rotation": -90, "width": 57, "height": 78 }
		},
		"sanzhounian_13_": {
			"sanzhounian_13_": { "x": 26.18, "y": -1.85, "scaleX": 2, "scaleY": 2, "rotation": -90, "width": 57, "height": 78 }
		},
		"sanzhounian_14_": {
			"sanzhounian_14_": { "x": 26.18, "y": -1.85, "scaleX": 2, "scaleY": 2, "rotation": -90, "width": 57, "height": 78 }
		},
		"sanzhounian_15_": {
			"sanzhounian_15_": { "x": 25.18, "y": -1.85, "scaleX": 2, "scaleY": 2, "rotation": -90, "width": 57, "height": 79 }
		},
		"sanzhounian_16_": {
			"sanzhounian_16_": { "x": 25.18, "y": -1.85, "scaleX": 2, "scaleY": 2, "rotation": -90, "width": 57, "height": 79 }
		},
		"sanzhounian_17_": {
			"sanzhounian_17_": { "x": 28.18, "y": -1.85, "scaleX": 2, "scaleY": 2, "rotation": -90, "width": 57, "height": 82 }
		},
		"sanzhounian_18_": {
			"sanzhounian_18_": { "x": 32.18, "y": -2.85, "scaleX": 2, "scaleY": 2, "rotation": -90, "width": 56, "height": 84 }
		},
		"sanzhounian_19_": {
			"sanzhounian_19_": { "x": 36.18, "y": -1.85, "scaleX": 2, "scaleY": 2, "rotation": -90, "width": 55, "height": 88 }
		},
		"sanzhounian_20_": {
			"sanzhounian_20_": { "x": 39.18, "y": -1.85, "scaleX": 2, "scaleY": 2, "rotation": -90, "width": 57, "height": 89 }
		},
		"sanzhounian_21_": {
			"sanzhounian_21_": { "x": 59.18, "y": -2.85, "scaleX": 2, "scaleY": 2, "rotation": -90, "width": 66, "height": 77 }
		},
		"sanzhounian_22_": {
			"sanzhounian_22_": { "x": 61.18, "y": -2.85, "scaleX": 2, "scaleY": 2, "rotation": -90, "width": 72, "height": 79 }
		},
		"sanzhounian_23_": {
			"sanzhounian_23_": { "x": 57.18, "y": -2.85, "scaleX": 2, "scaleY": 2, "rotation": -90, "width": 82, "height": 87 }
		},
		"sanzhounian_24_": {
			"sanzhounian_24_": { "x": 53.18, "y": -2.85, "scaleX": 2, "scaleY": 2, "rotation": -90, "width": 88, "height": 93 }
		},
		"sanzhounian_25_": {
			"sanzhounian_25_": { "x": 46.18, "y": -2.85, "scaleX": 2, "scaleY": 2, "rotation": -90, "width": 98, "height": 102 }
		},
		"sanzhounian_26_": {
			"sanzhounian_26_": { "x": 41.18, "y": -3.85, "scaleX": 2, "scaleY": 2, "rotation": -90, "width": 105, "height": 109 }
		},
		"sanzhounian_27_": {
			"sanzhounian_27_": { "x": 31.18, "y": -4.85, "scaleX": 2, "scaleY": 2, "rotation": -90, "width": 114, "height": 117 }
		},
		"sanzhounian_28_": {
			"sanzhounian_28_": { "x": 24.18, "y": -4.85, "scaleX": 2, "scaleY": 2, "rotation": -90, "width": 120, "height": 124 }
		},
		"sanzhounian_29_": {
			"sanzhounian_29_": { "x": 9.18, "y": -4.85, "scaleX": 2, "scaleY": 2, "rotation": -90, "width": 130, "height": 131 }
		},
		"sanzhounian_30_": {
			"sanzhounian_30_": { "x": -2.81, "y": -3.85, "scaleX": 2, "scaleY": 2, "rotation": -90, "width": 135, "height": 135 }
		},
		"sanzhounian_31_": {
			"sanzhounian_31_": { "x": -17.81, "y": -2.85, "scaleX": 2, "scaleY": 2, "rotation": -90, "width": 142, "height": 144 }
		},
		"sanzhounian_32_": {
			"sanzhounian_32_": { "x": -27.81, "y": -0.85, "scaleX": 2, "scaleY": 2, "rotation": -90, "width": 142, "height": 148 }
		},
		"sanzhounian_33_": {
			"sanzhounian_33_": { "x": -45.81, "y": 1.14, "scaleX": 2, "scaleY": 2, "rotation": -90, "width": 148, "height": 154 }
		},
		"sanzhounian_34_": {
			"sanzhounian_34_": { "x": -52.81, "y": 1.14, "scaleX": 2, "scaleY": 2, "rotation": -90, "width": 150, "height": 155 }
		},
		"sanzhounian_35_": {
			"sanzhounian_35_": { "x": -54.81, "y": 1.14, "scaleX": 2, "scaleY": 2, "rotation": -90, "width": 154, "height": 155 }
		},
		"sanzhounian_36_": {
			"sanzhounian_36_": { "x": -56.81, "y": 1.14, "scaleX": 2, "scaleY": 2, "rotation": -90, "width": 156, "height": 153 }
		},
		"sanzhounian_37_": {
			"sanzhounian_37_": { "x": -57.81, "y": 0.14, "scaleX": 2, "scaleY": 2, "rotation": -90, "width": 159, "height": 148 }
		},
		"sanzhounian_38_": {
			"sanzhounian_38_": { "x": -62.81, "y": 0.14, "scaleX": 2, "scaleY": 2, "rotation": -90, "width": 161, "height": 147 }
		},
		"sanzhounian_39_": {
			"sanzhounian_39_": { "x": -67.81, "y": 10.14, "scaleX": 2, "scaleY": 2, "rotation": -90, "width": 155, "height": 142 }
		},
		"sanzhounian_40_": {
			"sanzhounian_40_": { "x": -71.81, "y": 10.14, "scaleX": 2, "scaleY": 2, "rotation": -90, "width": 157, "height": 138 }
		},
		"sanzhounian_41_": {
			"sanzhounian_41_": { "x": -84.81, "y": 9.14, "scaleX": 2, "scaleY": 2, "rotation": -90, "width": 160, "height": 125 }
		},
		"sanzhounian_42_": {
			"sanzhounian_42_": { "x": -91.81, "y": -10.85, "scaleX": 2, "scaleY": 2, "rotation": -90, "width": 122, "height": 118 }
		}
	}
},
"animations": {
	"animation": {
		"slots": {
			"sanzhounian_01_": {
				"attachment": [
					{ "time": 0, "name": null },
					{ "time": 0.0666, "name": "sanzhounian_01_" },
					{ "time": 0.1333, "name": null },
					{ "time": 2.8666, "name": null },
					{ "time": 4.8666, "name": null }
				]
			},
			"sanzhounian_02_": {
				"attachment": [
					{ "time": 0, "name": null },
					{ "time": 0.0666, "name": null },
					{ "time": 0.1333, "name": "sanzhounian_02_" },
					{ "time": 0.2, "name": null },
					{ "time": 2.8666, "name": null },
					{ "time": 4.8666, "name": null }
				]
			},
			"sanzhounian_03_": {
				"attachment": [
					{ "time": 0, "name": null },
					{ "time": 0.1333, "name": null },
					{ "time": 0.2, "name": "sanzhounian_03_" },
					{ "time": 0.2666, "name": null },
					{ "time": 2.8666, "name": null },
					{ "time": 4.8666, "name": null }
				]
			},
			"sanzhounian_04_": {
				"attachment": [
					{ "time": 0, "name": null },
					{ "time": 0.2, "name": null },
					{ "time": 0.2666, "name": "sanzhounian_04_" },
					{ "time": 0.3333, "name": null },
					{ "time": 2.8666, "name": null },
					{ "time": 4.8666, "name": null }
				]
			},
			"sanzhounian_05_": {
				"attachment": [
					{ "time": 0, "name": null },
					{ "time": 0.2666, "name": null },
					{ "time": 0.3333, "name": "sanzhounian_05_" },
					{ "time": 0.4, "name": null },
					{ "time": 2.8666, "name": null },
					{ "time": 4.8666, "name": null }
				]
			},
			"sanzhounian_06_": {
				"attachment": [
					{ "time": 0, "name": null },
					{ "time": 0.3333, "name": null },
					{ "time": 0.4, "name": "sanzhounian_06_" },
					{ "time": 0.4666, "name": null },
					{ "time": 2.8666, "name": null },
					{ "time": 4.8666, "name": null }
				]
			},
			"sanzhounian_07_": {
				"attachment": [
					{ "time": 0, "name": null },
					{ "time": 0.4, "name": null },
					{ "time": 0.4666, "name": "sanzhounian_07_" },
					{ "time": 0.5333, "name": null },
					{ "time": 2.8666, "name": null },
					{ "time": 4.8666, "name": null }
				]
			},
			"sanzhounian_08_": {
				"attachment": [
					{ "time": 0, "name": null },
					{ "time": 0.4666, "name": null },
					{ "time": 0.5333, "name": "sanzhounian_08_" },
					{ "time": 0.6, "name": null },
					{ "time": 2.8666, "name": null },
					{ "time": 4.8666, "name": null }
				]
			},
			"sanzhounian_09_": {
				"attachment": [
					{ "time": 0, "name": null },
					{ "time": 0.5333, "name": null },
					{ "time": 0.6, "name": "sanzhounian_09_" },
					{ "time": 0.6666, "name": null },
					{ "time": 2.8666, "name": null },
					{ "time": 4.8666, "name": null }
				]
			},
			"sanzhounian_10_": {
				"attachment": [
					{ "time": 0, "name": null },
					{ "time": 0.6, "name": null },
					{ "time": 0.6666, "name": "sanzhounian_10_" },
					{ "time": 0.7333, "name": null },
					{ "time": 2.8666, "name": null },
					{ "time": 4.8666, "name": null }
				]
			},
			"sanzhounian_11_": {
				"attachment": [
					{ "time": 0, "name": null },
					{ "time": 0.6666, "name": null },
					{ "time": 0.7333, "name": "sanzhounian_11_" },
					{ "time": 0.8, "name": null },
					{ "time": 2.8666, "name": null },
					{ "time": 4.8666, "name": null }
				]
			},
			"sanzhounian_12_": {
				"attachment": [
					{ "time": 0, "name": null },
					{ "time": 0.7333, "name": null },
					{ "time": 0.8, "name": "sanzhounian_12_" },
					{ "time": 0.8666, "name": null },
					{ "time": 2.8666, "name": null },
					{ "time": 4.8666, "name": null }
				]
			},
			"sanzhounian_13_": {
				"attachment": [
					{ "time": 0, "name": null },
					{ "time": 0.8, "name": null },
					{ "time": 0.8666, "name": "sanzhounian_13_" },
					{ "time": 0.9333, "name": null },
					{ "time": 2.8666, "name": null },
					{ "time": 4.8666, "name": null }
				]
			},
			"sanzhounian_14_": {
				"attachment": [
					{ "time": 0, "name": null },
					{ "time": 0.8666, "name": null },
					{ "time": 0.9333, "name": "sanzhounian_14_" },
					{ "time": 1, "name": null },
					{ "time": 2.8666, "name": null },
					{ "time": 4.8666, "name": null }
				]
			},
			"sanzhounian_15_": {
				"attachment": [
					{ "time": 0, "name": null },
					{ "time": 0.9333, "name": null },
					{ "time": 1, "name": "sanzhounian_15_" },
					{ "time": 1.0666, "name": null },
					{ "time": 2.8666, "name": null },
					{ "time": 4.8666, "name": null }
				]
			},
			"sanzhounian_16_": {
				"attachment": [
					{ "time": 0, "name": null },
					{ "time": 1, "name": null },
					{ "time": 1.0666, "name": "sanzhounian_16_" },
					{ "time": 1.1333, "name": null },
					{ "time": 2.8666, "name": null },
					{ "time": 4.8666, "name": null }
				]
			},
			"sanzhounian_17_": {
				"attachment": [
					{ "time": 0, "name": null },
					{ "time": 1.0666, "name": null },
					{ "time": 1.1333, "name": "sanzhounian_17_" },
					{ "time": 1.2, "name": null },
					{ "time": 2.8666, "name": null },
					{ "time": 4.8666, "name": null }
				]
			},
			"sanzhounian_18_": {
				"attachment": [
					{ "time": 0, "name": null },
					{ "time": 1.1333, "name": null },
					{ "time": 1.2, "name": "sanzhounian_18_" },
					{ "time": 1.2666, "name": null },
					{ "time": 2.8666, "name": null },
					{ "time": 4.8666, "name": null }
				]
			},
			"sanzhounian_19_": {
				"attachment": [
					{ "time": 0, "name": null },
					{ "time": 1.2, "name": null },
					{ "time": 1.2666, "name": "sanzhounian_19_" },
					{ "time": 1.3333, "name": null },
					{ "time": 2.8666, "name": null },
					{ "time": 4.8666, "name": null }
				]
			},
			"sanzhounian_20_": {
				"attachment": [
					{ "time": 0, "name": null },
					{ "time": 1.2666, "name": null },
					{ "time": 1.3333, "name": "sanzhounian_20_" },
					{ "time": 1.4, "name": null },
					{ "time": 2.8666, "name": null },
					{ "time": 4.8666, "name": null }
				]
			},
			"sanzhounian_21_": {
				"attachment": [
					{ "time": 0, "name": null },
					{ "time": 1.3333, "name": null },
					{ "time": 1.4, "name": "sanzhounian_21_" },
					{ "time": 1.4666, "name": null },
					{ "time": 2.8666, "name": null },
					{ "time": 4.8666, "name": null }
				]
			},
			"sanzhounian_22_": {
				"attachment": [
					{ "time": 0, "name": null },
					{ "time": 1.4, "name": null },
					{ "time": 1.4666, "name": "sanzhounian_22_" },
					{ "time": 1.5333, "name": null },
					{ "time": 2.8666, "name": null },
					{ "time": 4.8666, "name": null }
				]
			},
			"sanzhounian_23_": {
				"attachment": [
					{ "time": 0, "name": null },
					{ "time": 1.4666, "name": null },
					{ "time": 1.5333, "name": "sanzhounian_23_" },
					{ "time": 1.6, "name": null },
					{ "time": 2.8666, "name": null },
					{ "time": 4.8666, "name": null }
				]
			},
			"sanzhounian_24_": {
				"attachment": [
					{ "time": 0, "name": null },
					{ "time": 1.5333, "name": null },
					{ "time": 1.6, "name": "sanzhounian_24_" },
					{ "time": 1.6666, "name": null },
					{ "time": 2.8666, "name": null },
					{ "time": 4.8666, "name": null }
				]
			},
			"sanzhounian_25_": {
				"attachment": [
					{ "time": 0, "name": null },
					{ "time": 1.6, "name": null },
					{ "time": 1.6666, "name": "sanzhounian_25_" },
					{ "time": 1.7333, "name": null },
					{ "time": 2.8666, "name": null },
					{ "time": 4.8666, "name": null }
				]
			},
			"sanzhounian_26_": {
				"attachment": [
					{ "time": 0, "name": null },
					{ "time": 1.6666, "name": null },
					{ "time": 1.7333, "name": "sanzhounian_26_" },
					{ "time": 1.8, "name": null },
					{ "time": 2.8666, "name": null },
					{ "time": 4.8666, "name": null }
				]
			},
			"sanzhounian_27_": {
				"attachment": [
					{ "time": 0, "name": null },
					{ "time": 1.7333, "name": null },
					{ "time": 1.8, "name": "sanzhounian_27_" },
					{ "time": 1.8666, "name": null },
					{ "time": 2.8666, "name": null },
					{ "time": 4.8666, "name": null }
				]
			},
			"sanzhounian_28_": {
				"attachment": [
					{ "time": 0, "name": null },
					{ "time": 1.8, "name": null },
					{ "time": 1.8666, "name": "sanzhounian_28_" },
					{ "time": 1.9333, "name": null },
					{ "time": 2.8666, "name": null },
					{ "time": 4.8666, "name": null }
				]
			},
			"sanzhounian_29_": {
				"attachment": [
					{ "time": 0, "name": null },
					{ "time": 1.8666, "name": null },
					{ "time": 1.9333, "name": "sanzhounian_29_" },
					{ "time": 2, "name": null },
					{ "time": 2.8666, "name": null },
					{ "time": 4.8666, "name": null }
				]
			},
			"sanzhounian_30_": {
				"attachment": [
					{ "time": 0, "name": null },
					{ "time": 1.9333, "name": null },
					{ "time": 2, "name": "sanzhounian_30_" },
					{ "time": 2.0666, "name": null },
					{ "time": 2.8666, "name": null },
					{ "time": 4.8666, "name": null }
				]
			},
			"sanzhounian_31_": {
				"attachment": [
					{ "time": 0, "name": null },
					{ "time": 2, "name": null },
					{ "time": 2.0666, "name": "sanzhounian_31_" },
					{ "time": 2.1333, "name": null },
					{ "time": 2.8666, "name": null },
					{ "time": 4.8666, "name": null }
				]
			},
			"sanzhounian_32_": {
				"attachment": [
					{ "time": 0, "name": null },
					{ "time": 2.0666, "name": null },
					{ "time": 2.1333, "name": "sanzhounian_32_" },
					{ "time": 2.2, "name": null },
					{ "time": 2.8666, "name": null },
					{ "time": 4.8666, "name": null }
				]
			},
			"sanzhounian_33_": {
				"attachment": [
					{ "time": 0, "name": null },
					{ "time": 2.1333, "name": null },
					{ "time": 2.2, "name": "sanzhounian_33_" },
					{ "time": 2.2666, "name": null },
					{ "time": 2.8666, "name": null },
					{ "time": 4.8666, "name": null }
				]
			},
			"sanzhounian_34_": {
				"attachment": [
					{ "time": 0, "name": null },
					{ "time": 2.2, "name": null },
					{ "time": 2.2666, "name": "sanzhounian_34_" },
					{ "time": 2.3333, "name": null },
					{ "time": 2.8666, "name": null },
					{ "time": 4.8666, "name": null }
				]
			},
			"sanzhounian_35_": {
				"attachment": [
					{ "time": 0, "name": null },
					{ "time": 2.2666, "name": null },
					{ "time": 2.3333, "name": "sanzhounian_35_" },
					{ "time": 2.4, "name": null },
					{ "time": 2.8666, "name": null },
					{ "time": 4.8666, "name": null }
				]
			},
			"sanzhounian_36_": {
				"attachment": [
					{ "time": 0, "name": null },
					{ "time": 2.3333, "name": null },
					{ "time": 2.4, "name": "sanzhounian_36_" },
					{ "time": 2.4666, "name": null },
					{ "time": 2.8666, "name": null },
					{ "time": 4.8666, "name": null }
				]
			},
			"sanzhounian_37_": {
				"attachment": [
					{ "time": 0, "name": null },
					{ "time": 2.4, "name": null },
					{ "time": 2.4666, "name": "sanzhounian_37_" },
					{ "time": 2.5333, "name": null },
					{ "time": 2.8666, "name": null },
					{ "time": 4.8666, "name": null }
				]
			},
			"sanzhounian_38_": {
				"attachment": [
					{ "time": 0, "name": null },
					{ "time": 2.4666, "name": null },
					{ "time": 2.5333, "name": "sanzhounian_38_" },
					{ "time": 2.6, "name": null },
					{ "time": 2.8666, "name": null },
					{ "time": 4.8666, "name": null }
				]
			},
			"sanzhounian_39_": {
				"attachment": [
					{ "time": 0, "name": null },
					{ "time": 2.5333, "name": null },
					{ "time": 2.6, "name": "sanzhounian_39_" },
					{ "time": 2.6666, "name": null },
					{ "time": 2.8666, "name": null },
					{ "time": 4.8666, "name": null }
				]
			},
			"sanzhounian_40_": {
				"attachment": [
					{ "time": 0, "name": null },
					{ "time": 2.6, "name": null },
					{ "time": 2.6666, "name": "sanzhounian_40_" },
					{ "time": 2.7333, "name": null },
					{ "time": 2.8666, "name": null },
					{ "time": 4.8666, "name": null }
				]
			},
			"sanzhounian_41_": {
				"attachment": [
					{ "time": 0, "name": null },
					{ "time": 2.6666, "name": null },
					{ "time": 2.7333, "name": "sanzhounian_41_" },
					{ "time": 2.8, "name": null },
					{ "time": 2.8666, "name": null },
					{ "time": 4.8666, "name": null }
				]
			},
			"sanzhounian_42_": {
				"attachment": [
					{ "time": 0, "name": null },
					{ "time": 2.7333, "name": null },
					{ "time": 2.8, "name": "sanzhounian_42_" },
					{ "time": 2.8666, "name": null },
					{ "time": 4.8666, "name": null }
				]
			}
		},
		"bones": {
			"bone2": {
				"translate": [
					{
						"time": 0,
						"x": 0,
						"y": 0,
						"curve": [ 0.25, 0, 0.75, 1 ]
					},
					{
						"time": 1.3333,
						"x": 0,
						"y": 10.6,
						"curve": [ 0.25, 0, 0.75, 1 ]
					},
					{ "time": 2.8666, "x": 0, "y": 0, "curve": "stepped" },
					{ "time": 4.8666, "x": 0, "y": 0 }
				]
			}
		}
	}
}
}