{
"skeleton": { "hash": "eTKoMmaRtefEwvLt71ESjyjHu2A", "spine": "3.7.94", "width": 0, "height": 0, "images": "", "audio": "E:/2018.08.08/皮肤/沐光仙子/九色鹿spine动画/images" },
"bones": [
	{ "name": "root" },
	{ "name": "dj", "parent": "root" },
	{ "name": "yz1", "parent": "dj", "y": 26.1 }
],
"slots": [
	{ "name": "yz_0_3", "bone": "yz1", "color": "ffffff9a" },
	{ "name": "dj_0_000_", "bone": "dj" },
	{ "name": "dj_0_001_", "bone": "dj" },
	{ "name": "dj_0_002_", "bone": "dj" },
	{ "name": "dj_0_003_", "bone": "dj" },
	{ "name": "dj_0_004_", "bone": "dj" },
	{ "name": "dj_0_005_", "bone": "dj" },
	{ "name": "dj_0_006_", "bone": "dj" },
	{ "name": "dj_0_007_", "bone": "dj" },
	{ "name": "dj_0_008_", "bone": "dj" },
	{ "name": "dj_0_009_", "bone": "dj" },
	{ "name": "dj_0_010_", "bone": "dj" },
	{ "name": "dj_0_011_", "bone": "dj" },
	{ "name": "dj_0_012_", "bone": "dj" },
	{ "name": "dj_0_013_", "bone": "dj" },
	{ "name": "dj_0_014_", "bone": "dj" },
	{ "name": "dj_0_015_", "bone": "dj" },
	{ "name": "dj_0_016_", "bone": "dj" },
	{ "name": "dj_0_017_", "bone": "dj" },
	{ "name": "dj_0_018_", "bone": "dj" },
	{ "name": "dj_0_019_", "bone": "dj" },
	{ "name": "dj_0_020_", "bone": "dj" },
	{ "name": "dj_0_021_", "bone": "dj" },
	{ "name": "dj_0_022_", "bone": "dj" },
	{ "name": "dj_0_023_", "bone": "dj" },
	{ "name": "dj_0_024_", "bone": "dj" },
	{ "name": "dj_0_025_", "bone": "dj" },
	{ "name": "dj_0_026_", "bone": "dj" },
	{ "name": "dj_0_027_", "bone": "dj" },
	{ "name": "dj_0_028_", "bone": "dj" },
	{ "name": "dj_0_029_", "bone": "dj" },
	{ "name": "dj_0_030_", "bone": "dj" },
	{ "name": "dj_0_031_", "bone": "dj" },
	{ "name": "dj_0_032_", "bone": "dj" },
	{ "name": "dj_0_033_", "bone": "dj" },
	{ "name": "dj_0_034_", "bone": "dj" },
	{ "name": "dj_0_035_", "bone": "dj" },
	{ "name": "dj_0_036_", "bone": "dj" },
	{ "name": "dj_0_037_", "bone": "dj" },
	{ "name": "dj_0_038_", "bone": "dj" },
	{ "name": "dj_0_039_", "bone": "dj" },
	{ "name": "dj_0_040_", "bone": "dj" },
	{ "name": "dj_0_041_", "bone": "dj" },
	{ "name": "dj_0_042_", "bone": "dj" },
	{ "name": "dj_0_043_", "bone": "dj" },
	{ "name": "dj_0_044_", "bone": "dj" },
	{ "name": "dj_0_045_", "bone": "dj" },
	{ "name": "dj_0_046_", "bone": "dj" },
	{ "name": "dj_0_047_", "bone": "dj" },
	{ "name": "dj_0_048_", "bone": "dj" },
	{ "name": "dj_0_049_", "bone": "dj" },
	{ "name": "dj_0_050_", "bone": "dj" },
	{ "name": "dj_0_051_", "bone": "dj" },
	{ "name": "dj_0_052_", "bone": "dj" },
	{ "name": "dj_0_053_", "bone": "dj" },
	{ "name": "dj_0_054_", "bone": "dj" },
	{ "name": "dj_0_055_", "bone": "dj" },
	{ "name": "dj_0_056_", "bone": "dj" },
	{ "name": "dj_0_057_", "bone": "dj" },
	{ "name": "dj_0_058_", "bone": "dj" },
	{ "name": "dj_0_059_", "bone": "dj" },
	{ "name": "dj_0_060_", "bone": "dj" },
	{ "name": "dj_0_061_", "bone": "dj" },
	{ "name": "dj_0_062_", "bone": "dj" },
	{ "name": "dj_0_063_", "bone": "dj" },
	{ "name": "dj_0_064_", "bone": "dj" },
	{ "name": "dj_0_065_", "bone": "dj" },
	{ "name": "dj_0_066_", "bone": "dj" },
	{ "name": "dj_0_067_", "bone": "dj" },
	{ "name": "dj_0_068_", "bone": "dj" },
	{ "name": "dj_0_069_", "bone": "dj" },
	{ "name": "dj_0_070_", "bone": "dj" },
	{ "name": "dj_0_071_", "bone": "dj" },
	{ "name": "dj_0_072_", "bone": "dj" }
],
"skins": {
	"default": {
		"dj_0_000_": {
			"dj_0_000_": { "y": 96, "width": 500, "height": 500 }
		},
		"dj_0_001_": {
			"dj_0_001_": { "y": 96, "width": 500, "height": 500 }
		},
		"dj_0_002_": {
			"dj_0_002_": { "y": 96, "width": 500, "height": 500 }
		},
		"dj_0_003_": {
			"dj_0_003_": { "y": 96, "width": 500, "height": 500 }
		},
		"dj_0_004_": {
			"dj_0_004_": { "y": 96, "width": 500, "height": 500 }
		},
		"dj_0_005_": {
			"dj_0_005_": { "y": 96, "width": 500, "height": 500 }
		},
		"dj_0_006_": {
			"dj_0_006_": { "y": 96, "width": 500, "height": 500 }
		},
		"dj_0_007_": {
			"dj_0_007_": { "y": 96, "width": 500, "height": 500 }
		},
		"dj_0_008_": {
			"dj_0_008_": { "y": 96, "width": 500, "height": 500 }
		},
		"dj_0_009_": {
			"dj_0_009_": { "y": 96, "width": 500, "height": 500 }
		},
		"dj_0_010_": {
			"dj_0_010_": { "y": 96, "width": 500, "height": 500 }
		},
		"dj_0_011_": {
			"dj_0_011_": { "y": 96, "width": 500, "height": 500 }
		},
		"dj_0_012_": {
			"dj_0_012_": { "y": 96, "width": 500, "height": 500 }
		},
		"dj_0_013_": {
			"dj_0_013_": { "y": 96, "width": 500, "height": 500 }
		},
		"dj_0_014_": {
			"dj_0_014_": { "y": 96, "width": 500, "height": 500 }
		},
		"dj_0_015_": {
			"dj_0_015_": { "y": 96, "width": 500, "height": 500 }
		},
		"dj_0_016_": {
			"dj_0_016_": { "y": 96, "width": 500, "height": 500 }
		},
		"dj_0_017_": {
			"dj_0_017_": { "y": 96, "width": 500, "height": 500 }
		},
		"dj_0_018_": {
			"dj_0_018_": { "y": 96, "width": 500, "height": 500 }
		},
		"dj_0_019_": {
			"dj_0_019_": { "y": 96, "width": 500, "height": 500 }
		},
		"dj_0_020_": {
			"dj_0_020_": { "y": 96, "width": 500, "height": 500 }
		},
		"dj_0_021_": {
			"dj_0_021_": { "y": 96, "width": 500, "height": 500 }
		},
		"dj_0_022_": {
			"dj_0_022_": { "y": 96, "width": 500, "height": 500 }
		},
		"dj_0_023_": {
			"dj_0_023_": { "y": 96, "width": 500, "height": 500 }
		},
		"dj_0_024_": {
			"dj_0_024_": { "y": 96, "width": 500, "height": 500 }
		},
		"dj_0_025_": {
			"dj_0_025_": { "y": 96, "width": 500, "height": 500 }
		},
		"dj_0_026_": {
			"dj_0_026_": { "y": 96, "width": 500, "height": 500 }
		},
		"dj_0_027_": {
			"dj_0_027_": { "y": 96, "width": 500, "height": 500 }
		},
		"dj_0_028_": {
			"dj_0_028_": { "y": 96, "width": 500, "height": 500 }
		},
		"dj_0_029_": {
			"dj_0_029_": { "y": 96, "width": 500, "height": 500 }
		},
		"dj_0_030_": {
			"dj_0_030_": { "y": 96, "width": 500, "height": 500 }
		},
		"dj_0_031_": {
			"dj_0_031_": { "y": 96, "width": 500, "height": 500 }
		},
		"dj_0_032_": {
			"dj_0_032_": { "y": 96, "width": 500, "height": 500 }
		},
		"dj_0_033_": {
			"dj_0_033_": { "y": 96, "width": 500, "height": 500 }
		},
		"dj_0_034_": {
			"dj_0_034_": { "y": 96, "width": 500, "height": 500 }
		},
		"dj_0_035_": {
			"dj_0_035_": { "y": 96, "width": 500, "height": 500 }
		},
		"dj_0_036_": {
			"dj_0_036_": { "y": 96, "width": 500, "height": 500 }
		},
		"dj_0_037_": {
			"dj_0_037_": { "y": 96, "width": 500, "height": 500 }
		},
		"dj_0_038_": {
			"dj_0_038_": { "y": 96, "width": 500, "height": 500 }
		},
		"dj_0_039_": {
			"dj_0_039_": { "y": 96, "width": 500, "height": 500 }
		},
		"dj_0_040_": {
			"dj_0_040_": { "y": 96, "width": 500, "height": 500 }
		},
		"dj_0_041_": {
			"dj_0_041_": { "y": 96, "width": 500, "height": 500 }
		},
		"dj_0_042_": {
			"dj_0_042_": { "y": 96, "width": 500, "height": 500 }
		},
		"dj_0_043_": {
			"dj_0_043_": { "y": 96, "width": 500, "height": 500 }
		},
		"dj_0_044_": {
			"dj_0_044_": { "y": 96, "width": 500, "height": 500 }
		},
		"dj_0_045_": {
			"dj_0_045_": { "y": 96, "width": 500, "height": 500 }
		},
		"dj_0_046_": {
			"dj_0_046_": { "y": 96, "width": 500, "height": 500 }
		},
		"dj_0_047_": {
			"dj_0_047_": { "y": 96, "width": 500, "height": 500 }
		},
		"dj_0_048_": {
			"dj_0_048_": { "y": 96, "width": 500, "height": 500 }
		},
		"dj_0_049_": {
			"dj_0_049_": { "y": 96, "width": 500, "height": 500 }
		},
		"dj_0_050_": {
			"dj_0_050_": { "y": 96, "width": 500, "height": 500 }
		},
		"dj_0_051_": {
			"dj_0_051_": { "y": 96, "width": 500, "height": 500 }
		},
		"dj_0_052_": {
			"dj_0_052_": { "y": 96, "width": 500, "height": 500 }
		},
		"dj_0_053_": {
			"dj_0_053_": { "y": 96, "width": 500, "height": 500 }
		},
		"dj_0_054_": {
			"dj_0_054_": { "y": 96, "width": 500, "height": 500 }
		},
		"dj_0_055_": {
			"dj_0_055_": { "y": 96, "width": 500, "height": 500 }
		},
		"dj_0_056_": {
			"dj_0_056_": { "y": 96, "width": 500, "height": 500 }
		},
		"dj_0_057_": {
			"dj_0_057_": { "y": 96, "width": 500, "height": 500 }
		},
		"dj_0_058_": {
			"dj_0_058_": { "y": 96, "width": 500, "height": 500 }
		},
		"dj_0_059_": {
			"dj_0_059_": { "y": 96, "width": 500, "height": 500 }
		},
		"dj_0_060_": {
			"dj_0_060_": { "y": 96, "width": 500, "height": 500 }
		},
		"dj_0_061_": {
			"dj_0_061_": { "y": 96, "width": 500, "height": 500 }
		},
		"dj_0_062_": {
			"dj_0_062_": { "y": 96, "width": 500, "height": 500 }
		},
		"dj_0_063_": {
			"dj_0_063_": { "y": 96, "width": 500, "height": 500 }
		},
		"dj_0_064_": {
			"dj_0_064_": { "y": 96, "width": 500, "height": 500 }
		},
		"dj_0_065_": {
			"dj_0_065_": { "y": 96, "width": 500, "height": 500 }
		},
		"dj_0_066_": {
			"dj_0_066_": { "y": 96, "width": 500, "height": 500 }
		},
		"dj_0_067_": {
			"dj_0_067_": { "y": 96, "width": 500, "height": 500 }
		},
		"dj_0_068_": {
			"dj_0_068_": { "y": 96, "width": 500, "height": 500 }
		},
		"dj_0_069_": {
			"dj_0_069_": { "y": 96, "width": 500, "height": 500 }
		},
		"dj_0_070_": {
			"dj_0_070_": { "y": 96, "width": 500, "height": 500 }
		},
		"dj_0_071_": {
			"dj_0_071_": { "y": 96, "width": 500, "height": 500 }
		},
		"dj_0_072_": {
			"dj_0_072_": { "y": 96, "width": 500, "height": 500 }
		},
		"yz_0_3": {
			"yz_0_": { "x": 0.5, "y": 33.5, "scaleX": 1.2, "width": 85, "height": 85 }
		}
	}
},
"animations": {
	"dj": {
		"slots": {
			"dj_0_000_": {
				"attachment": [
					{ "time": 0, "name": "dj_0_000_" },
					{ "time": 0.1, "name": null }
				]
			},
			"dj_0_001_": {
				"attachment": [
					{ "time": 0.1, "name": "dj_0_001_" },
					{ "time": 0.2, "name": null }
				]
			},
			"dj_0_002_": {
				"attachment": [
					{ "time": 0.2, "name": "dj_0_002_" },
					{ "time": 0.3, "name": null }
				]
			},
			"dj_0_003_": {
				"attachment": [
					{ "time": 0.3, "name": "dj_0_003_" },
					{ "time": 0.4, "name": null }
				]
			},
			"dj_0_004_": {
				"attachment": [
					{ "time": 0.4, "name": "dj_0_004_" },
					{ "time": 0.4667, "name": null }
				]
			},
			"dj_0_005_": {
				"attachment": [
					{ "time": 0.4667, "name": "dj_0_005_" },
					{ "time": 0.5667, "name": null }
				]
			},
			"dj_0_006_": {
				"attachment": [
					{ "time": 0.5667, "name": "dj_0_006_" },
					{ "time": 0.6667, "name": null }
				]
			},
			"dj_0_007_": {
				"attachment": [
					{ "time": 0.6667, "name": "dj_0_007_" },
					{ "time": 0.7667, "name": null }
				]
			},
			"dj_0_008_": {
				"attachment": [
					{ "time": 0.7667, "name": "dj_0_008_" },
					{ "time": 0.8667, "name": null }
				]
			},
			"dj_0_009_": {
				"attachment": [
					{ "time": 0.8667, "name": "dj_0_009_" },
					{ "time": 0.9667, "name": null }
				]
			},
			"dj_0_010_": {
				"attachment": [
					{ "time": 0.9667, "name": "dj_0_010_" },
					{ "time": 1.0667, "name": null }
				]
			},
			"dj_0_011_": {
				"attachment": [
					{ "time": 1.0667, "name": "dj_0_011_" },
					{ "time": 1.1667, "name": null }
				]
			},
			"dj_0_012_": {
				"attachment": [
					{ "time": 1.1667, "name": "dj_0_012_" },
					{ "time": 1.2333, "name": null }
				]
			},
			"dj_0_013_": {
				"attachment": [
					{ "time": 1.2333, "name": "dj_0_013_" },
					{ "time": 1.3333, "name": null }
				]
			},
			"dj_0_014_": {
				"attachment": [
					{ "time": 1.3333, "name": "dj_0_014_" },
					{ "time": 1.4333, "name": null }
				]
			},
			"dj_0_015_": {
				"attachment": [
					{ "time": 1.4333, "name": "dj_0_015_" },
					{ "time": 1.5333, "name": null }
				]
			},
			"dj_0_016_": {
				"attachment": [
					{ "time": 1.5333, "name": "dj_0_016_" },
					{ "time": 1.6333, "name": null }
				]
			},
			"dj_0_017_": {
				"attachment": [
					{ "time": 1.6333, "name": "dj_0_017_" },
					{ "time": 1.7333, "name": null }
				]
			},
			"dj_0_018_": {
				"attachment": [
					{ "time": 1.7333, "name": "dj_0_018_" },
					{ "time": 1.8333, "name": null }
				]
			},
			"dj_0_019_": {
				"attachment": [
					{ "time": 1.8333, "name": "dj_0_019_" },
					{ "time": 1.9333, "name": null }
				]
			},
			"dj_0_020_": {
				"attachment": [
					{ "time": 1.9333, "name": "dj_0_020_" },
					{ "time": 2, "name": null }
				]
			},
			"dj_0_021_": {
				"attachment": [
					{ "time": 2, "name": "dj_0_021_" },
					{ "time": 2.1, "name": null }
				]
			},
			"dj_0_022_": {
				"attachment": [
					{ "time": 2.1, "name": "dj_0_022_" },
					{ "time": 2.2, "name": null }
				]
			},
			"dj_0_023_": {
				"attachment": [
					{ "time": 2.2, "name": "dj_0_023_" },
					{ "time": 2.3, "name": null }
				]
			},
			"dj_0_024_": {
				"attachment": [
					{ "time": 2.3, "name": "dj_0_024_" },
					{ "time": 2.4, "name": null }
				]
			},
			"dj_0_025_": {
				"attachment": [
					{ "time": 2.4, "name": "dj_0_025_" },
					{ "time": 2.5, "name": null }
				]
			},
			"dj_0_026_": {
				"attachment": [
					{ "time": 2.5, "name": "dj_0_026_" },
					{ "time": 2.6, "name": null }
				]
			},
			"dj_0_027_": {
				"attachment": [
					{ "time": 2.6, "name": "dj_0_027_" },
					{ "time": 2.7, "name": null }
				]
			},
			"dj_0_028_": {
				"attachment": [
					{ "time": 2.7, "name": "dj_0_028_" },
					{ "time": 2.7667, "name": null }
				]
			},
			"dj_0_029_": {
				"attachment": [
					{ "time": 2.7667, "name": "dj_0_029_" },
					{ "time": 2.8667, "name": null }
				]
			},
			"dj_0_030_": {
				"attachment": [
					{ "time": 2.8667, "name": "dj_0_030_" },
					{ "time": 2.9667, "name": null }
				]
			},
			"dj_0_031_": {
				"attachment": [
					{ "time": 2.9667, "name": "dj_0_031_" },
					{ "time": 3.0667, "name": null }
				]
			},
			"dj_0_032_": {
				"attachment": [
					{ "time": 3.0667, "name": "dj_0_032_" },
					{ "time": 3.1667, "name": null }
				]
			},
			"dj_0_033_": {
				"attachment": [
					{ "time": 3.1667, "name": "dj_0_033_" },
					{ "time": 3.2667, "name": null }
				]
			},
			"dj_0_034_": {
				"attachment": [
					{ "time": 3.2667, "name": "dj_0_034_" },
					{ "time": 3.3667, "name": null }
				]
			},
			"dj_0_035_": {
				"attachment": [
					{ "time": 3.3667, "name": "dj_0_035_" },
					{ "time": 3.4667, "name": null }
				]
			},
			"dj_0_036_": {
				"attachment": [
					{ "time": 3.4667, "name": "dj_0_036_" },
					{ "time": 3.5333, "name": null }
				]
			},
			"dj_0_037_": {
				"attachment": [
					{ "time": 3.5333, "name": "dj_0_037_" },
					{ "time": 3.6333, "name": null }
				]
			},
			"dj_0_038_": {
				"attachment": [
					{ "time": 3.6333, "name": "dj_0_038_" },
					{ "time": 3.7333, "name": null }
				]
			},
			"dj_0_039_": {
				"attachment": [
					{ "time": 3.7333, "name": "dj_0_039_" },
					{ "time": 3.8333, "name": null }
				]
			},
			"dj_0_040_": {
				"attachment": [
					{ "time": 3.8333, "name": "dj_0_040_" },
					{ "time": 3.9333, "name": null }
				]
			},
			"dj_0_041_": {
				"attachment": [
					{ "time": 3.9333, "name": "dj_0_041_" },
					{ "time": 4.0333, "name": null }
				]
			},
			"dj_0_042_": {
				"attachment": [
					{ "time": 4.0333, "name": "dj_0_042_" },
					{ "time": 4.1333, "name": null }
				]
			},
			"dj_0_043_": {
				"attachment": [
					{ "time": 4.1333, "name": "dj_0_043_" },
					{ "time": 4.2333, "name": null }
				]
			},
			"dj_0_044_": {
				"attachment": [
					{ "time": 4.2333, "name": "dj_0_044_" },
					{ "time": 4.3, "name": null }
				]
			},
			"dj_0_045_": {
				"attachment": [
					{ "time": 4.3, "name": "dj_0_045_" },
					{ "time": 4.4, "name": null }
				]
			},
			"dj_0_046_": {
				"attachment": [
					{ "time": 4.4, "name": "dj_0_046_" },
					{ "time": 4.5, "name": null }
				]
			},
			"dj_0_047_": {
				"attachment": [
					{ "time": 4.5, "name": "dj_0_047_" },
					{ "time": 4.6, "name": null }
				]
			},
			"dj_0_048_": {
				"attachment": [
					{ "time": 4.6, "name": "dj_0_048_" },
					{ "time": 4.7, "name": null }
				]
			},
			"dj_0_049_": {
				"attachment": [
					{ "time": 4.7, "name": "dj_0_049_" },
					{ "time": 4.8, "name": null }
				]
			},
			"dj_0_050_": {
				"attachment": [
					{ "time": 4.8, "name": "dj_0_050_" },
					{ "time": 4.9, "name": null }
				]
			},
			"dj_0_051_": {
				"attachment": [
					{ "time": 4.9, "name": "dj_0_051_" },
					{ "time": 5, "name": null }
				]
			},
			"dj_0_052_": {
				"attachment": [
					{ "time": 5, "name": "dj_0_052_" },
					{ "time": 5.0667, "name": null }
				]
			},
			"dj_0_053_": {
				"attachment": [
					{ "time": 5.0667, "name": "dj_0_053_" },
					{ "time": 5.1667, "name": null }
				]
			},
			"dj_0_054_": {
				"attachment": [
					{ "time": 5.1667, "name": "dj_0_054_" },
					{ "time": 5.2667, "name": null }
				]
			},
			"dj_0_055_": {
				"attachment": [
					{ "time": 5.2667, "name": "dj_0_055_" },
					{ "time": 5.3667, "name": null }
				]
			},
			"dj_0_056_": {
				"attachment": [
					{ "time": 5.3667, "name": "dj_0_056_" },
					{ "time": 5.4667, "name": null }
				]
			},
			"dj_0_057_": {
				"attachment": [
					{ "time": 5.4667, "name": "dj_0_057_" },
					{ "time": 5.5667, "name": null }
				]
			},
			"dj_0_058_": {
				"attachment": [
					{ "time": 5.5667, "name": "dj_0_058_" },
					{ "time": 5.6667, "name": null }
				]
			},
			"dj_0_059_": {
				"attachment": [
					{ "time": 5.6667, "name": "dj_0_059_" },
					{ "time": 5.7667, "name": null }
				]
			},
			"dj_0_060_": {
				"attachment": [
					{ "time": 5.7667, "name": "dj_0_060_" },
					{ "time": 5.8333, "name": null }
				]
			},
			"dj_0_061_": {
				"attachment": [
					{ "time": 5.8333, "name": "dj_0_061_" },
					{ "time": 5.9333, "name": null }
				]
			},
			"dj_0_062_": {
				"attachment": [
					{ "time": 5.9333, "name": "dj_0_062_" },
					{ "time": 6.0333, "name": null }
				]
			},
			"dj_0_063_": {
				"attachment": [
					{ "time": 6.0333, "name": "dj_0_063_" },
					{ "time": 6.1333, "name": null }
				]
			},
			"dj_0_064_": {
				"attachment": [
					{ "time": 6.1333, "name": "dj_0_064_" },
					{ "time": 6.2333, "name": null }
				]
			},
			"dj_0_065_": {
				"attachment": [
					{ "time": 6.2333, "name": "dj_0_065_" },
					{ "time": 6.3333, "name": null }
				]
			},
			"dj_0_066_": {
				"attachment": [
					{ "time": 6.3333, "name": "dj_0_066_" },
					{ "time": 6.4333, "name": null }
				]
			},
			"dj_0_067_": {
				"attachment": [
					{ "time": 6.4333, "name": "dj_0_067_" },
					{ "time": 6.5333, "name": null }
				]
			},
			"dj_0_068_": {
				"attachment": [
					{ "time": 6.5333, "name": "dj_0_068_" },
					{ "time": 6.6, "name": null }
				]
			},
			"dj_0_069_": {
				"attachment": [
					{ "time": 6.6, "name": "dj_0_069_" },
					{ "time": 6.7, "name": null }
				]
			},
			"dj_0_070_": {
				"attachment": [
					{ "time": 6.7, "name": "dj_0_070_" },
					{ "time": 6.8, "name": null }
				]
			},
			"dj_0_071_": {
				"attachment": [
					{ "time": 6.8, "name": "dj_0_071_" },
					{ "time": 6.9, "name": null }
				]
			},
			"dj_0_072_": {
				"attachment": [
					{ "time": 6.9, "name": "dj_0_072_" },
					{ "time": 7, "name": null }
				]
			},
			"yz_0_3": {
				"attachment": [
					{ "time": 0, "name": "yz_0_" }
				]
			}
		},
		"bones": {
			"yz1": {
				"translate": [
					{ "time": 0, "x": -16.06, "y": -26.1 }
				]
			}
		}
	}
}
}