{
"skeleton": { "hash": "oKA7e0mbuxKP5U3i6jNu8rSBGSw", "spine": "3.7.94", "width": 0, "height": 0, "images": "", "audio": "E:/2018.08.08/皮肤/沐光仙子/九色鹿spine动画/images" },
"bones": [
	{ "name": "root" },
	{ "name": "gj", "parent": "root", "y": 26.1 },
	{ "name": "yz01", "parent": "gj" }
],
"slots": [
	{ "name": "yz_0_2", "bone": "yz01", "color": "ffffff9a" },
	{ "name": "gj_0_000_", "bone": "gj" },
	{ "name": "gj_0_001_", "bone": "gj" },
	{ "name": "gj_0_002_", "bone": "gj" },
	{ "name": "gj_0_003_", "bone": "gj" },
	{ "name": "gj_0_004_", "bone": "gj" },
	{ "name": "gj_0_005_", "bone": "gj" },
	{ "name": "gj_0_006_", "bone": "gj" },
	{ "name": "gj_0_007_", "bone": "gj" },
	{ "name": "gj_0_008_", "bone": "gj" },
	{ "name": "gj_0_009_", "bone": "gj" },
	{ "name": "gj_0_010_", "bone": "gj" },
	{ "name": "gj_0_011_", "bone": "gj" },
	{ "name": "gj_0_012_", "bone": "gj" },
	{ "name": "gj_0_013_", "bone": "gj" },
	{ "name": "gj_0_014_", "bone": "gj" },
	{ "name": "gj_0_015_", "bone": "gj" },
	{ "name": "gj_0_016_", "bone": "gj" },
	{ "name": "gj_0_017_", "bone": "gj" },
	{ "name": "gj_0_018_", "bone": "gj" },
	{ "name": "gj_0_019_", "bone": "gj" },
	{ "name": "gj_0_020_", "bone": "gj" },
	{ "name": "gj_0_021_", "bone": "gj" },
	{ "name": "gj_0_022_", "bone": "gj" },
	{ "name": "gj_0_023_", "bone": "gj" },
	{ "name": "gj_0_024_", "bone": "gj" },
	{ "name": "gj_0_025_", "bone": "gj" },
	{ "name": "gj_0_026_", "bone": "gj" },
	{ "name": "gj_0_027_", "bone": "gj" },
	{ "name": "gj_0_028_", "bone": "gj" },
	{ "name": "gj_0_029_", "bone": "gj" },
	{ "name": "gj_0_030_", "bone": "gj" },
	{ "name": "gj_0_031_", "bone": "gj" },
	{ "name": "gj_0_032_", "bone": "gj" },
	{ "name": "gj_0_033_", "bone": "gj" },
	{ "name": "gj_0_034_", "bone": "gj" },
	{ "name": "gj_0_035_", "bone": "gj" },
	{ "name": "gj_0_036_", "bone": "gj" },
	{ "name": "gj_0_037_", "bone": "gj" },
	{ "name": "gj_0_038_", "bone": "gj" },
	{ "name": "gj_0_039_", "bone": "gj" },
	{ "name": "gj_0_040_", "bone": "gj" },
	{ "name": "gj_0_041_", "bone": "gj" },
	{ "name": "gj_0_042_", "bone": "gj" },
	{ "name": "gj_0_043_", "bone": "gj" },
	{ "name": "gj_0_044_", "bone": "gj" },
	{ "name": "gj_0_045_", "bone": "gj" },
	{ "name": "gj_0_046_", "bone": "gj" },
	{ "name": "gj_0_047_", "bone": "gj" },
	{ "name": "gj_0_048_", "bone": "gj" },
	{ "name": "gj_0_049_", "bone": "gj" },
	{ "name": "gj_0_050_", "bone": "gj" },
	{ "name": "gj_0_051_", "bone": "gj" },
	{ "name": "gj_0_052_", "bone": "gj" },
	{ "name": "gj_0_053_", "bone": "gj" },
	{ "name": "gj_0_054_", "bone": "gj" },
	{ "name": "gj_0_055_", "bone": "gj" },
	{ "name": "gj_0_056_", "bone": "gj" },
	{ "name": "gj_0_057_", "bone": "gj" },
	{ "name": "gj_0_058_", "bone": "gj" },
	{ "name": "gj_0_059_", "bone": "gj" },
	{ "name": "gj_0_060_", "bone": "gj" },
	{ "name": "gj_0_061_", "bone": "gj" },
	{ "name": "gj_0_062_", "bone": "gj" },
	{ "name": "gj_0_063_", "bone": "gj" },
	{ "name": "gj_0_064_", "bone": "gj" },
	{ "name": "gj_0_065_", "bone": "gj" },
	{ "name": "gj_0_066_", "bone": "gj" },
	{ "name": "gj_0_067_", "bone": "gj" },
	{ "name": "gj_0_068_", "bone": "gj" },
	{ "name": "gj_0_069_", "bone": "gj" },
	{ "name": "gj_0_070_", "bone": "gj" },
	{ "name": "gj_0_071_", "bone": "gj" },
	{ "name": "gj_0_072_", "bone": "gj" },
	{ "name": "gj_0_073_", "bone": "gj" },
	{ "name": "gj_0_074_", "bone": "gj" },
	{ "name": "gj_0_075_", "bone": "gj" },
	{ "name": "gj_0_076_", "bone": "gj" },
	{ "name": "gj_0_077_", "bone": "gj" },
	{ "name": "gj_0_078_", "bone": "gj" },
	{ "name": "gj_0_079_", "bone": "gj" },
	{ "name": "gj_0_080_", "bone": "gj" }
],
"skins": {
	"default": {
		"gj_0_000_": {
			"gj_0_000_": { "y": 70.9, "width": 500, "height": 500 }
		},
		"gj_0_001_": {
			"gj_0_001_": { "y": 70.9, "width": 500, "height": 500 }
		},
		"gj_0_002_": {
			"gj_0_002_": { "y": 70.9, "width": 500, "height": 500 }
		},
		"gj_0_003_": {
			"gj_0_003_": { "y": 70.9, "width": 500, "height": 500 }
		},
		"gj_0_004_": {
			"gj_0_004_": { "y": 70.9, "width": 500, "height": 500 }
		},
		"gj_0_005_": {
			"gj_0_005_": { "y": 70.9, "width": 500, "height": 500 }
		},
		"gj_0_006_": {
			"gj_0_006_": { "y": 70.9, "width": 500, "height": 500 }
		},
		"gj_0_007_": {
			"gj_0_007_": { "y": 70.9, "width": 500, "height": 500 }
		},
		"gj_0_008_": {
			"gj_0_008_": { "y": 70.9, "width": 500, "height": 500 }
		},
		"gj_0_009_": {
			"gj_0_009_": { "y": 70.9, "width": 500, "height": 500 }
		},
		"gj_0_010_": {
			"gj_0_010_": { "y": 70.9, "width": 500, "height": 500 }
		},
		"gj_0_011_": {
			"gj_0_011_": { "y": 70.9, "width": 500, "height": 500 }
		},
		"gj_0_012_": {
			"gj_0_012_": { "y": 70.9, "width": 500, "height": 500 }
		},
		"gj_0_013_": {
			"gj_0_013_": { "y": 70.9, "width": 500, "height": 500 }
		},
		"gj_0_014_": {
			"gj_0_014_": { "y": 70.9, "width": 500, "height": 500 }
		},
		"gj_0_015_": {
			"gj_0_015_": { "y": 70.9, "width": 500, "height": 500 }
		},
		"gj_0_016_": {
			"gj_0_016_": { "y": 70.9, "width": 500, "height": 500 }
		},
		"gj_0_017_": {
			"gj_0_017_": { "y": 70.9, "width": 500, "height": 500 }
		},
		"gj_0_018_": {
			"gj_0_018_": { "y": 70.9, "width": 500, "height": 500 }
		},
		"gj_0_019_": {
			"gj_0_019_": { "y": 70.9, "width": 500, "height": 500 }
		},
		"gj_0_020_": {
			"gj_0_020_": { "y": 70.9, "width": 500, "height": 500 }
		},
		"gj_0_021_": {
			"gj_0_021_": { "y": 70.9, "width": 500, "height": 500 }
		},
		"gj_0_022_": {
			"gj_0_022_": { "y": 70.9, "width": 500, "height": 500 }
		},
		"gj_0_023_": {
			"gj_0_023_": { "y": 70.9, "width": 500, "height": 500 }
		},
		"gj_0_024_": {
			"gj_0_024_": { "y": 70.9, "width": 500, "height": 500 }
		},
		"gj_0_025_": {
			"gj_0_025_": { "y": 70.9, "width": 500, "height": 500 }
		},
		"gj_0_026_": {
			"gj_0_026_": { "y": 70.9, "width": 500, "height": 500 }
		},
		"gj_0_027_": {
			"gj_0_027_": { "y": 70.9, "width": 500, "height": 500 }
		},
		"gj_0_028_": {
			"gj_0_028_": { "y": 70.9, "width": 500, "height": 500 }
		},
		"gj_0_029_": {
			"gj_0_029_": { "y": 70.9, "width": 500, "height": 500 }
		},
		"gj_0_030_": {
			"gj_0_030_": { "y": 70.9, "width": 500, "height": 500 }
		},
		"gj_0_031_": {
			"gj_0_031_": { "y": 70.9, "width": 500, "height": 500 }
		},
		"gj_0_032_": {
			"gj_0_032_": { "y": 70.9, "width": 500, "height": 500 }
		},
		"gj_0_033_": {
			"gj_0_033_": { "y": 70.9, "width": 500, "height": 500 }
		},
		"gj_0_034_": {
			"gj_0_034_": { "y": 70.9, "width": 500, "height": 500 }
		},
		"gj_0_035_": {
			"gj_0_035_": { "y": 70.9, "width": 500, "height": 500 }
		},
		"gj_0_036_": {
			"gj_0_036_": { "y": 70.9, "width": 500, "height": 500 }
		},
		"gj_0_037_": {
			"gj_0_037_": { "y": 70.9, "width": 500, "height": 500 }
		},
		"gj_0_038_": {
			"gj_0_038_": { "y": 70.9, "width": 500, "height": 500 }
		},
		"gj_0_039_": {
			"gj_0_039_": { "y": 70.9, "width": 500, "height": 500 }
		},
		"gj_0_040_": {
			"gj_0_040_": { "y": 70.9, "width": 500, "height": 500 }
		},
		"gj_0_041_": {
			"gj_0_041_": { "y": 70.9, "width": 500, "height": 500 }
		},
		"gj_0_042_": {
			"gj_0_042_": { "y": 70.9, "width": 500, "height": 500 }
		},
		"gj_0_043_": {
			"gj_0_043_": { "y": 70.9, "width": 500, "height": 500 }
		},
		"gj_0_044_": {
			"gj_0_044_": { "y": 70.9, "width": 500, "height": 500 }
		},
		"gj_0_045_": {
			"gj_0_045_": { "y": 70.9, "width": 500, "height": 500 }
		},
		"gj_0_046_": {
			"gj_0_046_": { "y": 70.9, "width": 500, "height": 500 }
		},
		"gj_0_047_": {
			"gj_0_047_": { "y": 70.9, "width": 500, "height": 500 }
		},
		"gj_0_048_": {
			"gj_0_048_": { "y": 70.9, "width": 500, "height": 500 }
		},
		"gj_0_049_": {
			"gj_0_049_": { "y": 70.9, "width": 500, "height": 500 }
		},
		"gj_0_050_": {
			"gj_0_050_": { "y": 70.9, "width": 500, "height": 500 }
		},
		"gj_0_051_": {
			"gj_0_051_": { "y": 70.9, "width": 500, "height": 500 }
		},
		"gj_0_052_": {
			"gj_0_052_": { "y": 70.9, "width": 500, "height": 500 }
		},
		"gj_0_053_": {
			"gj_0_053_": { "y": 70.9, "width": 500, "height": 500 }
		},
		"gj_0_054_": {
			"gj_0_054_": { "y": 70.9, "width": 500, "height": 500 }
		},
		"gj_0_055_": {
			"gj_0_055_": { "y": 70.9, "width": 500, "height": 500 }
		},
		"gj_0_056_": {
			"gj_0_056_": { "y": 70.9, "width": 500, "height": 500 }
		},
		"gj_0_057_": {
			"gj_0_057_": { "y": 70.9, "width": 500, "height": 500 }
		},
		"gj_0_058_": {
			"gj_0_058_": { "y": 70.9, "width": 500, "height": 500 }
		},
		"gj_0_059_": {
			"gj_0_059_": { "y": 70.9, "width": 500, "height": 500 }
		},
		"gj_0_060_": {
			"gj_0_060_": { "y": 70.9, "width": 500, "height": 500 }
		},
		"gj_0_061_": {
			"gj_0_061_": { "y": 70.9, "width": 500, "height": 500 }
		},
		"gj_0_062_": {
			"gj_0_062_": { "y": 70.9, "width": 500, "height": 500 }
		},
		"gj_0_063_": {
			"gj_0_063_": { "y": 70.9, "width": 500, "height": 500 }
		},
		"gj_0_064_": {
			"gj_0_064_": { "y": 70.9, "width": 500, "height": 500 }
		},
		"gj_0_065_": {
			"gj_0_065_": { "y": 70.9, "width": 500, "height": 500 }
		},
		"gj_0_066_": {
			"gj_0_066_": { "y": 70.9, "width": 500, "height": 500 }
		},
		"gj_0_067_": {
			"gj_0_067_": { "y": 70.9, "width": 500, "height": 500 }
		},
		"gj_0_068_": {
			"gj_0_068_": { "y": 70.9, "width": 500, "height": 500 }
		},
		"gj_0_069_": {
			"gj_0_069_": { "y": 70.9, "width": 500, "height": 500 }
		},
		"gj_0_070_": {
			"gj_0_070_": { "y": 70.9, "width": 500, "height": 500 }
		},
		"gj_0_071_": {
			"gj_0_071_": { "y": 70.9, "width": 500, "height": 500 }
		},
		"gj_0_072_": {
			"gj_0_072_": { "y": 70.9, "width": 500, "height": 500 }
		},
		"gj_0_073_": {
			"gj_0_073_": { "y": 70.9, "width": 500, "height": 500 }
		},
		"gj_0_074_": {
			"gj_0_074_": { "y": 70.9, "width": 500, "height": 500 }
		},
		"gj_0_075_": {
			"gj_0_075_": { "y": 70.9, "width": 500, "height": 500 }
		},
		"gj_0_076_": {
			"gj_0_076_": { "y": 70.9, "width": 500, "height": 500 }
		},
		"gj_0_077_": {
			"gj_0_077_": { "y": 70.9, "width": 500, "height": 500 }
		},
		"gj_0_078_": {
			"gj_0_078_": { "y": 70.9, "width": 500, "height": 500 }
		},
		"gj_0_079_": {
			"gj_0_079_": { "y": 70.9, "width": 500, "height": 500 }
		},
		"gj_0_080_": {
			"gj_0_080_": { "y": 70.9, "width": 500, "height": 500 }
		},
		"yz_0_2": {
			"yz_0_": { "x": 0.5, "y": 33.5, "scaleX": 1.2, "width": 85, "height": 85 }
		}
	}
},
"animations": {
	"gj": {
		"slots": {
			"gj_0_000_": {
				"attachment": [
					{ "time": 0, "name": "gj_0_000_" },
					{ "time": 0.0333, "name": null }
				]
			},
			"gj_0_001_": {
				"attachment": [
					{ "time": 0, "name": null },
					{ "time": 0.0333, "name": "gj_0_001_" },
					{ "time": 0.0667, "name": null }
				]
			},
			"gj_0_002_": {
				"attachment": [
					{ "time": 0, "name": null },
					{ "time": 0.0333, "name": null },
					{ "time": 0.0667, "name": "gj_0_002_" },
					{ "time": 0.1, "name": null }
				]
			},
			"gj_0_003_": {
				"attachment": [
					{ "time": 0, "name": null },
					{ "time": 0.0667, "name": null },
					{ "time": 0.1, "name": "gj_0_003_" },
					{ "time": 0.1333, "name": null }
				]
			},
			"gj_0_004_": {
				"attachment": [
					{ "time": 0, "name": null },
					{ "time": 0.1, "name": null },
					{ "time": 0.1333, "name": "gj_0_004_" },
					{ "time": 0.1667, "name": null }
				]
			},
			"gj_0_005_": {
				"attachment": [
					{ "time": 0, "name": null },
					{ "time": 0.1333, "name": null },
					{ "time": 0.1667, "name": "gj_0_005_" },
					{ "time": 0.2, "name": null }
				]
			},
			"gj_0_006_": {
				"attachment": [
					{ "time": 0, "name": null },
					{ "time": 0.1667, "name": null },
					{ "time": 0.2, "name": "gj_0_006_" },
					{ "time": 0.2333, "name": null }
				]
			},
			"gj_0_007_": {
				"attachment": [
					{ "time": 0, "name": null },
					{ "time": 0.2, "name": null },
					{ "time": 0.2333, "name": "gj_0_007_" },
					{ "time": 0.2667, "name": null }
				]
			},
			"gj_0_008_": {
				"attachment": [
					{ "time": 0, "name": null },
					{ "time": 0.2333, "name": null },
					{ "time": 0.2667, "name": "gj_0_008_" },
					{ "time": 0.3, "name": null }
				]
			},
			"gj_0_009_": {
				"attachment": [
					{ "time": 0, "name": null },
					{ "time": 0.2667, "name": null },
					{ "time": 0.3, "name": "gj_0_009_" },
					{ "time": 0.3333, "name": null }
				]
			},
			"gj_0_010_": {
				"attachment": [
					{ "time": 0, "name": null },
					{ "time": 0.3, "name": null },
					{ "time": 0.3333, "name": "gj_0_010_" },
					{ "time": 0.3667, "name": null }
				]
			},
			"gj_0_011_": {
				"attachment": [
					{ "time": 0, "name": null },
					{ "time": 0.3333, "name": null },
					{ "time": 0.3667, "name": "gj_0_011_" },
					{ "time": 0.4, "name": null }
				]
			},
			"gj_0_012_": {
				"attachment": [
					{ "time": 0, "name": null },
					{ "time": 0.3667, "name": null },
					{ "time": 0.4, "name": "gj_0_012_" },
					{ "time": 0.4333, "name": null }
				]
			},
			"gj_0_013_": {
				"attachment": [
					{ "time": 0, "name": null },
					{ "time": 0.4, "name": null },
					{ "time": 0.4333, "name": "gj_0_013_" },
					{ "time": 0.4667, "name": null }
				]
			},
			"gj_0_014_": {
				"attachment": [
					{ "time": 0, "name": null },
					{ "time": 0.4333, "name": null },
					{ "time": 0.4667, "name": "gj_0_014_" },
					{ "time": 0.5, "name": null }
				]
			},
			"gj_0_015_": {
				"attachment": [
					{ "time": 0, "name": null },
					{ "time": 0.4667, "name": null },
					{ "time": 0.5, "name": "gj_0_015_" },
					{ "time": 0.5333, "name": null }
				]
			},
			"gj_0_016_": {
				"attachment": [
					{ "time": 0, "name": null },
					{ "time": 0.5, "name": null },
					{ "time": 0.5333, "name": "gj_0_016_" },
					{ "time": 0.5667, "name": null }
				]
			},
			"gj_0_017_": {
				"attachment": [
					{ "time": 0, "name": null },
					{ "time": 0.5333, "name": null },
					{ "time": 0.5667, "name": "gj_0_017_" },
					{ "time": 0.6, "name": null }
				]
			},
			"gj_0_018_": {
				"attachment": [
					{ "time": 0, "name": null },
					{ "time": 0.5667, "name": null },
					{ "time": 0.6, "name": "gj_0_018_" },
					{ "time": 0.6333, "name": null }
				]
			},
			"gj_0_019_": {
				"attachment": [
					{ "time": 0, "name": null },
					{ "time": 0.6, "name": null },
					{ "time": 0.6333, "name": "gj_0_019_" },
					{ "time": 0.6667, "name": null }
				]
			},
			"gj_0_020_": {
				"attachment": [
					{ "time": 0, "name": null },
					{ "time": 0.6333, "name": null },
					{ "time": 0.6667, "name": "gj_0_020_" },
					{ "time": 0.7, "name": null }
				]
			},
			"gj_0_021_": {
				"attachment": [
					{ "time": 0, "name": null },
					{ "time": 0.6667, "name": null },
					{ "time": 0.7, "name": "gj_0_021_" },
					{ "time": 0.7333, "name": null }
				]
			},
			"gj_0_022_": {
				"attachment": [
					{ "time": 0, "name": null },
					{ "time": 0.7, "name": null },
					{ "time": 0.7333, "name": "gj_0_022_" },
					{ "time": 0.7667, "name": null }
				]
			},
			"gj_0_023_": {
				"attachment": [
					{ "time": 0, "name": null },
					{ "time": 0.7333, "name": null },
					{ "time": 0.7667, "name": "gj_0_023_" },
					{ "time": 0.8, "name": null }
				]
			},
			"gj_0_024_": {
				"attachment": [
					{ "time": 0, "name": null },
					{ "time": 0.7667, "name": null },
					{ "time": 0.8, "name": "gj_0_024_" },
					{ "time": 0.8333, "name": null }
				]
			},
			"gj_0_025_": {
				"attachment": [
					{ "time": 0, "name": null },
					{ "time": 0.8, "name": null },
					{ "time": 0.8333, "name": "gj_0_025_" },
					{ "time": 0.8667, "name": null }
				]
			},
			"gj_0_026_": {
				"attachment": [
					{ "time": 0, "name": null },
					{ "time": 0.8333, "name": null },
					{ "time": 0.8667, "name": "gj_0_026_" },
					{ "time": 0.9, "name": null }
				]
			},
			"gj_0_027_": {
				"attachment": [
					{ "time": 0, "name": null },
					{ "time": 0.8667, "name": null },
					{ "time": 0.9, "name": "gj_0_027_" },
					{ "time": 0.9333, "name": null }
				]
			},
			"gj_0_028_": {
				"attachment": [
					{ "time": 0, "name": null },
					{ "time": 0.9, "name": null },
					{ "time": 0.9333, "name": "gj_0_028_" },
					{ "time": 0.9667, "name": null }
				]
			},
			"gj_0_029_": {
				"attachment": [
					{ "time": 0, "name": null },
					{ "time": 0.9333, "name": null },
					{ "time": 0.9667, "name": "gj_0_029_" },
					{ "time": 1, "name": null }
				]
			},
			"gj_0_030_": {
				"attachment": [
					{ "time": 0, "name": null },
					{ "time": 0.9667, "name": null },
					{ "time": 1, "name": "gj_0_030_" },
					{ "time": 1.0333, "name": null }
				]
			},
			"gj_0_031_": {
				"attachment": [
					{ "time": 0, "name": null },
					{ "time": 1, "name": null },
					{ "time": 1.0333, "name": "gj_0_031_" },
					{ "time": 1.0667, "name": null }
				]
			},
			"gj_0_032_": {
				"attachment": [
					{ "time": 0, "name": null },
					{ "time": 1.0333, "name": null },
					{ "time": 1.0667, "name": "gj_0_032_" },
					{ "time": 1.1, "name": null }
				]
			},
			"gj_0_033_": {
				"attachment": [
					{ "time": 0, "name": null },
					{ "time": 1.0667, "name": null },
					{ "time": 1.1, "name": "gj_0_033_" },
					{ "time": 1.1333, "name": null }
				]
			},
			"gj_0_034_": {
				"attachment": [
					{ "time": 0, "name": null },
					{ "time": 1.1, "name": null },
					{ "time": 1.1333, "name": "gj_0_034_" },
					{ "time": 1.1667, "name": null }
				]
			},
			"gj_0_035_": {
				"attachment": [
					{ "time": 0, "name": null },
					{ "time": 1.1333, "name": null },
					{ "time": 1.1667, "name": "gj_0_035_" },
					{ "time": 1.2, "name": null }
				]
			},
			"gj_0_036_": {
				"attachment": [
					{ "time": 0, "name": null },
					{ "time": 1.1667, "name": null },
					{ "time": 1.2, "name": "gj_0_036_" },
					{ "time": 1.2333, "name": null }
				]
			},
			"gj_0_037_": {
				"attachment": [
					{ "time": 0, "name": null },
					{ "time": 1.2, "name": null },
					{ "time": 1.2333, "name": "gj_0_037_" },
					{ "time": 1.2667, "name": null }
				]
			},
			"gj_0_038_": {
				"attachment": [
					{ "time": 0, "name": null },
					{ "time": 1.2333, "name": null },
					{ "time": 1.2667, "name": "gj_0_038_" },
					{ "time": 1.3, "name": null }
				]
			},
			"gj_0_039_": {
				"attachment": [
					{ "time": 0, "name": null },
					{ "time": 1.2667, "name": null },
					{ "time": 1.3, "name": "gj_0_039_" },
					{ "time": 1.3333, "name": null }
				]
			},
			"gj_0_040_": {
				"attachment": [
					{ "time": 0, "name": null },
					{ "time": 1.3, "name": null },
					{ "time": 1.3333, "name": "gj_0_040_" },
					{ "time": 1.3667, "name": null }
				]
			},
			"gj_0_041_": {
				"attachment": [
					{ "time": 0, "name": null },
					{ "time": 1.3333, "name": null },
					{ "time": 1.3667, "name": "gj_0_041_" },
					{ "time": 1.4, "name": null }
				]
			},
			"gj_0_042_": {
				"attachment": [
					{ "time": 0, "name": null },
					{ "time": 1.3667, "name": null },
					{ "time": 1.4, "name": "gj_0_042_" },
					{ "time": 1.4333, "name": null }
				]
			},
			"gj_0_043_": {
				"attachment": [
					{ "time": 0, "name": null },
					{ "time": 1.4, "name": null },
					{ "time": 1.4333, "name": "gj_0_043_" },
					{ "time": 1.4667, "name": null }
				]
			},
			"gj_0_044_": {
				"attachment": [
					{ "time": 0, "name": null },
					{ "time": 1.4333, "name": null },
					{ "time": 1.4667, "name": "gj_0_044_" },
					{ "time": 1.5, "name": null }
				]
			},
			"gj_0_045_": {
				"attachment": [
					{ "time": 0, "name": null },
					{ "time": 1.4667, "name": null },
					{ "time": 1.5, "name": "gj_0_045_" },
					{ "time": 1.5333, "name": null }
				]
			},
			"gj_0_046_": {
				"attachment": [
					{ "time": 0, "name": null },
					{ "time": 1.5, "name": null },
					{ "time": 1.5333, "name": "gj_0_046_" },
					{ "time": 1.5667, "name": null }
				]
			},
			"gj_0_047_": {
				"attachment": [
					{ "time": 0, "name": null },
					{ "time": 1.5333, "name": null },
					{ "time": 1.5667, "name": "gj_0_047_" },
					{ "time": 1.6, "name": null }
				]
			},
			"gj_0_048_": {
				"attachment": [
					{ "time": 0, "name": null },
					{ "time": 1.5667, "name": null },
					{ "time": 1.6, "name": "gj_0_048_" },
					{ "time": 1.6333, "name": null }
				]
			},
			"gj_0_049_": {
				"attachment": [
					{ "time": 0, "name": null },
					{ "time": 1.6, "name": null },
					{ "time": 1.6333, "name": "gj_0_049_" },
					{ "time": 1.6667, "name": null }
				]
			},
			"gj_0_050_": {
				"attachment": [
					{ "time": 0, "name": null },
					{ "time": 1.6333, "name": null },
					{ "time": 1.6667, "name": "gj_0_050_" },
					{ "time": 1.7, "name": null }
				]
			},
			"gj_0_051_": {
				"attachment": [
					{ "time": 0, "name": null },
					{ "time": 1.6667, "name": null },
					{ "time": 1.7, "name": "gj_0_051_" },
					{ "time": 1.7333, "name": null }
				]
			},
			"gj_0_052_": {
				"attachment": [
					{ "time": 0, "name": null },
					{ "time": 1.7, "name": null },
					{ "time": 1.7333, "name": "gj_0_052_" },
					{ "time": 1.7667, "name": null }
				]
			},
			"gj_0_053_": {
				"attachment": [
					{ "time": 0, "name": null },
					{ "time": 1.7333, "name": null },
					{ "time": 1.7667, "name": "gj_0_053_" },
					{ "time": 1.8, "name": null }
				]
			},
			"gj_0_054_": {
				"attachment": [
					{ "time": 0, "name": null },
					{ "time": 1.7667, "name": null },
					{ "time": 1.8, "name": "gj_0_054_" },
					{ "time": 1.8333, "name": null }
				]
			},
			"gj_0_055_": {
				"attachment": [
					{ "time": 0, "name": null },
					{ "time": 1.8, "name": null },
					{ "time": 1.8333, "name": "gj_0_055_" },
					{ "time": 1.8667, "name": null }
				]
			},
			"gj_0_056_": {
				"attachment": [
					{ "time": 0, "name": null },
					{ "time": 1.8333, "name": null },
					{ "time": 1.8667, "name": "gj_0_056_" },
					{ "time": 1.9, "name": null }
				]
			},
			"gj_0_057_": {
				"attachment": [
					{ "time": 0, "name": null },
					{ "time": 1.8667, "name": null },
					{ "time": 1.9, "name": "gj_0_057_" },
					{ "time": 1.9333, "name": null }
				]
			},
			"gj_0_058_": {
				"attachment": [
					{ "time": 0, "name": null },
					{ "time": 1.9, "name": null },
					{ "time": 1.9333, "name": "gj_0_058_" },
					{ "time": 1.9667, "name": null }
				]
			},
			"gj_0_059_": {
				"attachment": [
					{ "time": 0, "name": null },
					{ "time": 1.9333, "name": null },
					{ "time": 1.9667, "name": "gj_0_059_" },
					{ "time": 2, "name": null }
				]
			},
			"gj_0_060_": {
				"attachment": [
					{ "time": 0, "name": null },
					{ "time": 1.9667, "name": null },
					{ "time": 2, "name": "gj_0_060_" },
					{ "time": 2.0333, "name": null }
				]
			},
			"gj_0_061_": {
				"attachment": [
					{ "time": 0, "name": null },
					{ "time": 2, "name": null },
					{ "time": 2.0333, "name": "gj_0_061_" },
					{ "time": 2.0667, "name": null }
				]
			},
			"gj_0_062_": {
				"attachment": [
					{ "time": 0, "name": null },
					{ "time": 2.0333, "name": null },
					{ "time": 2.0667, "name": "gj_0_062_" },
					{ "time": 2.1, "name": null }
				]
			},
			"gj_0_063_": {
				"attachment": [
					{ "time": 0, "name": null },
					{ "time": 2.0667, "name": null },
					{ "time": 2.1, "name": "gj_0_063_" },
					{ "time": 2.1333, "name": null }
				]
			},
			"gj_0_064_": {
				"attachment": [
					{ "time": 0, "name": null },
					{ "time": 2.1, "name": null },
					{ "time": 2.1333, "name": "gj_0_064_" },
					{ "time": 2.1667, "name": null }
				]
			},
			"gj_0_065_": {
				"attachment": [
					{ "time": 0, "name": null },
					{ "time": 2.1333, "name": null },
					{ "time": 2.1667, "name": "gj_0_065_" },
					{ "time": 2.2, "name": null }
				]
			},
			"gj_0_066_": {
				"attachment": [
					{ "time": 0, "name": null },
					{ "time": 2.1667, "name": null },
					{ "time": 2.2, "name": "gj_0_066_" },
					{ "time": 2.2333, "name": null }
				]
			},
			"gj_0_067_": {
				"attachment": [
					{ "time": 0, "name": null },
					{ "time": 2.2, "name": null },
					{ "time": 2.2333, "name": "gj_0_067_" },
					{ "time": 2.2667, "name": null }
				]
			},
			"gj_0_068_": {
				"attachment": [
					{ "time": 0, "name": null },
					{ "time": 2.2333, "name": null },
					{ "time": 2.2667, "name": "gj_0_068_" },
					{ "time": 2.3, "name": null }
				]
			},
			"gj_0_069_": {
				"attachment": [
					{ "time": 0, "name": null },
					{ "time": 2.2667, "name": null },
					{ "time": 2.3, "name": "gj_0_069_" },
					{ "time": 2.3333, "name": null }
				]
			},
			"gj_0_070_": {
				"attachment": [
					{ "time": 0, "name": null },
					{ "time": 2.3, "name": null },
					{ "time": 2.3333, "name": "gj_0_070_" },
					{ "time": 2.3667, "name": null }
				]
			},
			"gj_0_071_": {
				"attachment": [
					{ "time": 0, "name": null },
					{ "time": 2.3333, "name": null },
					{ "time": 2.3667, "name": "gj_0_071_" },
					{ "time": 2.4, "name": null }
				]
			},
			"gj_0_072_": {
				"attachment": [
					{ "time": 0, "name": null },
					{ "time": 2.3667, "name": null },
					{ "time": 2.4, "name": "gj_0_072_" },
					{ "time": 2.4333, "name": null }
				]
			},
			"gj_0_073_": {
				"attachment": [
					{ "time": 0, "name": null },
					{ "time": 2.4, "name": null },
					{ "time": 2.4333, "name": "gj_0_073_" },
					{ "time": 2.4667, "name": null }
				]
			},
			"gj_0_074_": {
				"attachment": [
					{ "time": 0, "name": null },
					{ "time": 2.4333, "name": null },
					{ "time": 2.4667, "name": "gj_0_074_" },
					{ "time": 2.5, "name": null }
				]
			},
			"gj_0_075_": {
				"attachment": [
					{ "time": 0, "name": null },
					{ "time": 2.4667, "name": null },
					{ "time": 2.5, "name": "gj_0_075_" },
					{ "time": 2.5333, "name": null }
				]
			},
			"gj_0_076_": {
				"attachment": [
					{ "time": 0, "name": null },
					{ "time": 2.5, "name": null },
					{ "time": 2.5333, "name": "gj_0_076_" },
					{ "time": 2.5667, "name": null }
				]
			},
			"gj_0_077_": {
				"attachment": [
					{ "time": 0, "name": null },
					{ "time": 2.5333, "name": null },
					{ "time": 2.5667, "name": "gj_0_077_" },
					{ "time": 2.6, "name": null }
				]
			},
			"gj_0_078_": {
				"attachment": [
					{ "time": 0, "name": null },
					{ "time": 2.5667, "name": null },
					{ "time": 2.6, "name": "gj_0_078_" },
					{ "time": 2.6333, "name": null }
				]
			},
			"gj_0_079_": {
				"attachment": [
					{ "time": 0, "name": null },
					{ "time": 2.6, "name": null },
					{ "time": 2.6333, "name": "gj_0_079_" },
					{ "time": 2.6667, "name": null }
				]
			},
			"gj_0_080_": {
				"attachment": [
					{ "time": 0, "name": null },
					{ "time": 2.6333, "name": null },
					{ "time": 2.6667, "name": "gj_0_080_" },
					{ "time": 2.7, "name": null }
				]
			},
			"yz_0_2": {
				"attachment": [
					{ "time": 0, "name": "yz_0_" }
				]
			}
		},
		"bones": {
			"yz01": {
				"translate": [
					{ "time": 0, "x": -10.04, "y": -30.12 }
				]
			}
		}
	}
}
}