{
"skeleton": { "hash": "KzQd6vH4U4uQfe1XD/zV/HA+OXg", "spine": "2.1.27", "width": 708, "height": 496 },
"bones": [
	{ "name": "root" },
	{ "name": "A", "parent": "root", "y": -22.06, "scaleX": 2, "scaleY": 2 },
	{ "name": "B", "parent": "root", "y": -22.06, "scaleX": 2, "scaleY": 2 }
],
"slots": [
	{ "name": "Gq01_A_000_", "bone": "A", "attachment": "Gq01_A_000_" },
	{ "name": "Gq01_A_001_", "bone": "A", "attachment": "Gq01_A_001_" },
	{ "name": "Gq01_A_002_", "bone": "A", "attachment": "Gq01_A_002_" },
	{ "name": "Gq01_A_003_", "bone": "A", "attachment": "Gq01_A_003_" },
	{ "name": "Gq01_A_004_", "bone": "A", "attachment": "Gq01_A_004_" },
	{ "name": "Gq01_A_005_", "bone": "A", "attachment": "Gq01_A_005_" },
	{ "name": "Gq01_A_006_", "bone": "A", "attachment": "Gq01_A_006_" },
	{ "name": "Gq01_A_007_", "bone": "A", "attachment": "Gq01_A_007_" },
	{ "name": "Gq01_A_008_", "bone": "A", "attachment": "Gq01_A_008_" },
	{ "name": "Gq01_A_009_", "bone": "A", "attachment": "Gq01_A_009_" },
	{ "name": "Gq01_A_010_", "bone": "A", "attachment": "Gq01_A_010_" },
	{ "name": "Gq01_A_011_", "bone": "A", "attachment": "Gq01_A_011_" },
	{ "name": "Gq01_A_012_", "bone": "A", "attachment": "Gq01_A_012_" },
	{ "name": "Gq01_A_013_", "bone": "A", "attachment": "Gq01_A_013_" },
	{ "name": "Gq01_A_014_", "bone": "A", "attachment": "Gq01_A_014_" },
	{ "name": "Gq01_b_000_", "bone": "B", "attachment": "Gq01_b_000_" },
	{ "name": "Gq01_b_001_", "bone": "B", "attachment": "Gq01_b_001_" },
	{ "name": "Gq01_b_002_", "bone": "B", "attachment": "Gq01_b_002_" },
	{ "name": "Gq01_b_003_", "bone": "B", "attachment": "Gq01_b_003_" },
	{ "name": "Gq01_b_004_", "bone": "B", "attachment": "Gq01_b_004_" },
	{ "name": "Gq01_b_005_", "bone": "B", "attachment": "Gq01_b_005_" },
	{ "name": "Gq01_b_006_", "bone": "B", "attachment": "Gq01_b_006_" },
	{ "name": "Gq01_b_007_", "bone": "B", "attachment": "Gq01_b_007_" },
	{ "name": "Gq01_b_008_", "bone": "B", "attachment": "Gq01_b_008_" },
	{ "name": "Gq01_b_009_", "bone": "B", "attachment": "Gq01_b_009_" },
	{ "name": "Gq01_b_010_", "bone": "B", "attachment": "Gq01_b_010_" },
	{ "name": "Gq01_b_011_", "bone": "B", "attachment": "Gq01_b_011_" },
	{ "name": "Gq01_b_012_", "bone": "B", "attachment": "Gq01_b_012_" },
	{ "name": "Gq01_b_013_", "bone": "B", "attachment": "Gq01_b_013_" },
	{ "name": "Gq01_b_014_", "bone": "B", "attachment": "Gq01_b_014_" }
],
"skins": {
	"default": {
		"Gq01_A_000_": {
			"Gq01_A_000_": { "y": 86.99, "width": 354, "height": 248 }
		},
		"Gq01_A_001_": {
			"Gq01_A_001_": { "y": 86.99, "width": 354, "height": 248 }
		},
		"Gq01_A_002_": {
			"Gq01_A_002_": { "y": 86.99, "width": 354, "height": 248 }
		},
		"Gq01_A_003_": {
			"Gq01_A_003_": { "y": 86.99, "width": 354, "height": 248 }
		},
		"Gq01_A_004_": {
			"Gq01_A_004_": { "y": 86.99, "width": 354, "height": 248 }
		},
		"Gq01_A_005_": {
			"Gq01_A_005_": { "y": 86.99, "width": 354, "height": 248 }
		},
		"Gq01_A_006_": {
			"Gq01_A_006_": { "y": 86.99, "width": 354, "height": 248 }
		},
		"Gq01_A_007_": {
			"Gq01_A_007_": { "y": 86.99, "width": 354, "height": 248 }
		},
		"Gq01_A_008_": {
			"Gq01_A_008_": { "y": 86.99, "width": 354, "height": 248 }
		},
		"Gq01_A_009_": {
			"Gq01_A_009_": { "y": 86.99, "width": 354, "height": 248 }
		},
		"Gq01_A_010_": {
			"Gq01_A_010_": { "y": 86.99, "width": 354, "height": 248 }
		},
		"Gq01_A_011_": {
			"Gq01_A_011_": { "y": 86.99, "width": 354, "height": 248 }
		},
		"Gq01_A_012_": {
			"Gq01_A_012_": { "y": 86.99, "width": 354, "height": 248 }
		},
		"Gq01_A_013_": {
			"Gq01_A_013_": { "y": 86.99, "width": 354, "height": 248 }
		},
		"Gq01_A_014_": {
			"Gq01_A_014_": { "y": 86.99, "width": 354, "height": 248 }
		},
		"Gq01_b_000_": {
			"Gq01_b_000_": { "y": 86.99, "width": 354, "height": 248 }
		},
		"Gq01_b_001_": {
			"Gq01_b_001_": { "y": 86.99, "width": 354, "height": 248 }
		},
		"Gq01_b_002_": {
			"Gq01_b_002_": { "y": 86.99, "width": 354, "height": 248 }
		},
		"Gq01_b_003_": {
			"Gq01_b_003_": { "y": 86.99, "width": 354, "height": 248 }
		},
		"Gq01_b_004_": {
			"Gq01_b_004_": { "y": 86.99, "width": 354, "height": 248 }
		},
		"Gq01_b_005_": {
			"Gq01_b_005_": { "y": 86.99, "width": 354, "height": 248 }
		},
		"Gq01_b_006_": {
			"Gq01_b_006_": { "y": 86.99, "width": 354, "height": 248 }
		},
		"Gq01_b_007_": {
			"Gq01_b_007_": { "y": 86.99, "width": 354, "height": 248 }
		},
		"Gq01_b_008_": {
			"Gq01_b_008_": { "y": 86.99, "width": 354, "height": 248 }
		},
		"Gq01_b_009_": {
			"Gq01_b_009_": { "y": 86.99, "width": 354, "height": 248 }
		},
		"Gq01_b_010_": {
			"Gq01_b_010_": { "y": 86.99, "width": 354, "height": 248 }
		},
		"Gq01_b_011_": {
			"Gq01_b_011_": { "y": 86.99, "width": 354, "height": 248 }
		},
		"Gq01_b_012_": {
			"Gq01_b_012_": { "y": 86.99, "width": 354, "height": 248 }
		},
		"Gq01_b_013_": {
			"Gq01_b_013_": { "y": 86.99, "width": 354, "height": 248 }
		},
		"Gq01_b_014_": {
			"Gq01_b_014_": { "y": 86.99, "width": 354, "height": 248 }
		}
	}
},
"animations": {
	"A": {
		"slots": {
			"Gq01_A_000_": {
				"attachment": [
					{ "time": 0, "name": "Gq01_A_000_" },
					{ "time": 0.0333, "name": "Gq01_A_000_" },
					{ "time": 0.0666, "name": null }
				]
			},
			"Gq01_A_001_": {
				"attachment": [
					{ "time": 0, "name": null },
					{ "time": 0.0333, "name": null },
					{ "time": 0.0666, "name": "Gq01_A_001_" },
					{ "time": 0.1, "name": "Gq01_A_001_" },
					{ "time": 0.1333, "name": null }
				]
			},
			"Gq01_A_002_": {
				"attachment": [
					{ "time": 0, "name": null },
					{ "time": 0.1, "name": null },
					{ "time": 0.1333, "name": "Gq01_A_002_" },
					{ "time": 0.1666, "name": "Gq01_A_002_" },
					{ "time": 0.2, "name": null }
				]
			},
			"Gq01_A_003_": {
				"attachment": [
					{ "time": 0, "name": null },
					{ "time": 0.1666, "name": null },
					{ "time": 0.2, "name": "Gq01_A_003_" },
					{ "time": 0.2333, "name": "Gq01_A_003_" },
					{ "time": 0.2666, "name": null }
				]
			},
			"Gq01_A_004_": {
				"attachment": [
					{ "time": 0, "name": null },
					{ "time": 0.2333, "name": null },
					{ "time": 0.2666, "name": "Gq01_A_004_" },
					{ "time": 0.3, "name": "Gq01_A_004_" },
					{ "time": 0.3333, "name": null }
				]
			},
			"Gq01_A_005_": {
				"attachment": [
					{ "time": 0, "name": null },
					{ "time": 0.3, "name": null },
					{ "time": 0.3333, "name": "Gq01_A_005_" },
					{ "time": 0.3666, "name": "Gq01_A_005_" },
					{ "time": 0.4, "name": null }
				]
			},
			"Gq01_A_006_": {
				"attachment": [
					{ "time": 0, "name": null },
					{ "time": 0.3666, "name": null },
					{ "time": 0.4, "name": "Gq01_A_006_" },
					{ "time": 0.4333, "name": "Gq01_A_006_" },
					{ "time": 0.4666, "name": null }
				]
			},
			"Gq01_A_007_": {
				"attachment": [
					{ "time": 0, "name": null },
					{ "time": 0.4333, "name": null },
					{ "time": 0.4666, "name": "Gq01_A_007_" },
					{ "time": 0.5, "name": "Gq01_A_007_" },
					{ "time": 0.5333, "name": null }
				]
			},
			"Gq01_A_008_": {
				"attachment": [
					{ "time": 0, "name": null },
					{ "time": 0.5, "name": null },
					{ "time": 0.5333, "name": "Gq01_A_008_" },
					{ "time": 0.5666, "name": "Gq01_A_008_" },
					{ "time": 0.6, "name": null }
				]
			},
			"Gq01_A_009_": {
				"attachment": [
					{ "time": 0, "name": null },
					{ "time": 0.5666, "name": null },
					{ "time": 0.6, "name": "Gq01_A_009_" },
					{ "time": 0.6333, "name": "Gq01_A_009_" },
					{ "time": 0.6666, "name": null }
				]
			},
			"Gq01_A_010_": {
				"attachment": [
					{ "time": 0, "name": null },
					{ "time": 0.6333, "name": null },
					{ "time": 0.6666, "name": "Gq01_A_010_" },
					{ "time": 0.7, "name": "Gq01_A_010_" },
					{ "time": 0.7333, "name": null }
				]
			},
			"Gq01_A_011_": {
				"attachment": [
					{ "time": 0, "name": null },
					{ "time": 0.7, "name": null },
					{ "time": 0.7333, "name": "Gq01_A_011_" },
					{ "time": 0.7666, "name": "Gq01_A_011_" },
					{ "time": 0.8, "name": null }
				]
			},
			"Gq01_A_012_": {
				"attachment": [
					{ "time": 0, "name": null },
					{ "time": 0.7666, "name": null },
					{ "time": 0.8, "name": "Gq01_A_012_" },
					{ "time": 0.8333, "name": "Gq01_A_012_" },
					{ "time": 0.8666, "name": null }
				]
			},
			"Gq01_A_013_": {
				"attachment": [
					{ "time": 0, "name": null },
					{ "time": 0.8333, "name": null },
					{ "time": 0.8666, "name": "Gq01_A_013_" },
					{ "time": 0.9, "name": "Gq01_A_013_" },
					{ "time": 0.9333, "name": null }
				]
			},
			"Gq01_A_014_": {
				"attachment": [
					{ "time": 0, "name": null },
					{ "time": 0.9, "name": null },
					{ "time": 0.9333, "name": "Gq01_A_014_" },
					{ "time": 0.9666, "name": "Gq01_A_014_" },
					{ "time": 1, "name": null }
				]
			},
			"Gq01_b_000_": {
				"attachment": [
					{ "time": 0, "name": null }
				]
			},
			"Gq01_b_001_": {
				"attachment": [
					{ "time": 0, "name": null }
				]
			},
			"Gq01_b_002_": {
				"attachment": [
					{ "time": 0, "name": null }
				]
			},
			"Gq01_b_003_": {
				"attachment": [
					{ "time": 0, "name": null }
				]
			},
			"Gq01_b_004_": {
				"attachment": [
					{ "time": 0, "name": null }
				]
			},
			"Gq01_b_005_": {
				"attachment": [
					{ "time": 0, "name": null }
				]
			},
			"Gq01_b_006_": {
				"attachment": [
					{ "time": 0, "name": null }
				]
			},
			"Gq01_b_007_": {
				"attachment": [
					{ "time": 0, "name": null }
				]
			},
			"Gq01_b_008_": {
				"attachment": [
					{ "time": 0, "name": null }
				]
			},
			"Gq01_b_009_": {
				"attachment": [
					{ "time": 0, "name": null }
				]
			},
			"Gq01_b_010_": {
				"attachment": [
					{ "time": 0, "name": null }
				]
			},
			"Gq01_b_011_": {
				"attachment": [
					{ "time": 0, "name": null }
				]
			},
			"Gq01_b_012_": {
				"attachment": [
					{ "time": 0, "name": null }
				]
			},
			"Gq01_b_013_": {
				"attachment": [
					{ "time": 0, "name": null }
				]
			},
			"Gq01_b_014_": {
				"attachment": [
					{ "time": 0, "name": null }
				]
			}
		},
		"bones": {
			"B": {
				"translate": [
					{ "time": 0, "x": 0, "y": -59.39 }
				]
			},
			"A": {
				"translate": [
					{ "time": 0, "x": 0, "y": -59.39 }
				]
			}
		}
	},
	"B": {
		"slots": {
			"Gq01_A_000_": {
				"attachment": [
					{ "time": 0, "name": null }
				]
			},
			"Gq01_A_001_": {
				"attachment": [
					{ "time": 0, "name": null }
				]
			},
			"Gq01_A_002_": {
				"attachment": [
					{ "time": 0, "name": null }
				]
			},
			"Gq01_A_003_": {
				"attachment": [
					{ "time": 0, "name": null }
				]
			},
			"Gq01_A_004_": {
				"attachment": [
					{ "time": 0, "name": null }
				]
			},
			"Gq01_A_005_": {
				"attachment": [
					{ "time": 0, "name": null }
				]
			},
			"Gq01_A_006_": {
				"attachment": [
					{ "time": 0, "name": null }
				]
			},
			"Gq01_A_007_": {
				"attachment": [
					{ "time": 0, "name": null }
				]
			},
			"Gq01_A_008_": {
				"attachment": [
					{ "time": 0, "name": null }
				]
			},
			"Gq01_A_009_": {
				"attachment": [
					{ "time": 0, "name": null }
				]
			},
			"Gq01_A_010_": {
				"attachment": [
					{ "time": 0, "name": null }
				]
			},
			"Gq01_A_011_": {
				"attachment": [
					{ "time": 0, "name": null }
				]
			},
			"Gq01_A_012_": {
				"attachment": [
					{ "time": 0, "name": null }
				]
			},
			"Gq01_A_013_": {
				"attachment": [
					{ "time": 0, "name": null }
				]
			},
			"Gq01_A_014_": {
				"attachment": [
					{ "time": 0, "name": null }
				]
			},
			"Gq01_b_000_": {
				"attachment": [
					{ "time": 0, "name": "Gq01_b_000_" },
					{ "time": 0.0333, "name": "Gq01_b_000_" },
					{ "time": 0.0666, "name": null }
				]
			},
			"Gq01_b_001_": {
				"attachment": [
					{ "time": 0, "name": null },
					{ "time": 0.0333, "name": null },
					{ "time": 0.0666, "name": "Gq01_b_001_" },
					{ "time": 0.1, "name": "Gq01_b_001_" },
					{ "time": 0.1333, "name": null }
				]
			},
			"Gq01_b_002_": {
				"attachment": [
					{ "time": 0, "name": null },
					{ "time": 0.1, "name": null },
					{ "time": 0.1333, "name": "Gq01_b_002_" },
					{ "time": 0.1666, "name": "Gq01_b_002_" },
					{ "time": 0.2, "name": null }
				]
			},
			"Gq01_b_003_": {
				"attachment": [
					{ "time": 0, "name": null },
					{ "time": 0.1666, "name": null },
					{ "time": 0.2, "name": "Gq01_b_003_" },
					{ "time": 0.2333, "name": "Gq01_b_003_" },
					{ "time": 0.2666, "name": null }
				]
			},
			"Gq01_b_004_": {
				"attachment": [
					{ "time": 0, "name": null },
					{ "time": 0.2333, "name": null },
					{ "time": 0.2666, "name": "Gq01_b_004_" },
					{ "time": 0.3, "name": "Gq01_b_004_" },
					{ "time": 0.3333, "name": null }
				]
			},
			"Gq01_b_005_": {
				"attachment": [
					{ "time": 0, "name": null },
					{ "time": 0.3, "name": null },
					{ "time": 0.3333, "name": "Gq01_b_005_" },
					{ "time": 0.3666, "name": "Gq01_b_005_" },
					{ "time": 0.4, "name": null }
				]
			},
			"Gq01_b_006_": {
				"attachment": [
					{ "time": 0, "name": null },
					{ "time": 0.3666, "name": null },
					{ "time": 0.4, "name": "Gq01_b_006_" },
					{ "time": 0.4333, "name": "Gq01_b_006_" },
					{ "time": 0.4666, "name": null }
				]
			},
			"Gq01_b_007_": {
				"attachment": [
					{ "time": 0, "name": null },
					{ "time": 0.4333, "name": null },
					{ "time": 0.4666, "name": "Gq01_b_007_" },
					{ "time": 0.5, "name": "Gq01_b_007_" },
					{ "time": 0.5333, "name": null }
				]
			},
			"Gq01_b_008_": {
				"attachment": [
					{ "time": 0, "name": null },
					{ "time": 0.5, "name": null },
					{ "time": 0.5333, "name": "Gq01_b_008_" },
					{ "time": 0.5666, "name": "Gq01_b_008_" },
					{ "time": 0.6, "name": null }
				]
			},
			"Gq01_b_009_": {
				"attachment": [
					{ "time": 0, "name": null },
					{ "time": 0.5666, "name": null },
					{ "time": 0.6, "name": "Gq01_b_009_" },
					{ "time": 0.6333, "name": "Gq01_b_009_" },
					{ "time": 0.6666, "name": null }
				]
			},
			"Gq01_b_010_": {
				"attachment": [
					{ "time": 0, "name": null },
					{ "time": 0.6333, "name": null },
					{ "time": 0.6666, "name": "Gq01_b_010_" },
					{ "time": 0.7, "name": "Gq01_b_010_" },
					{ "time": 0.7333, "name": null }
				]
			},
			"Gq01_b_011_": {
				"attachment": [
					{ "time": 0, "name": null },
					{ "time": 0.7, "name": null },
					{ "time": 0.7333, "name": "Gq01_b_011_" },
					{ "time": 0.7666, "name": "Gq01_b_011_" },
					{ "time": 0.8, "name": null }
				]
			},
			"Gq01_b_012_": {
				"attachment": [
					{ "time": 0, "name": null },
					{ "time": 0.7666, "name": null },
					{ "time": 0.8, "name": "Gq01_b_012_" },
					{ "time": 0.8333, "name": "Gq01_b_012_" },
					{ "time": 0.8666, "name": null }
				]
			},
			"Gq01_b_013_": {
				"attachment": [
					{ "time": 0, "name": null },
					{ "time": 0.8333, "name": null },
					{ "time": 0.8666, "name": "Gq01_b_013_" },
					{ "time": 0.9, "name": "Gq01_b_013_" },
					{ "time": 0.9333, "name": null }
				]
			},
			"Gq01_b_014_": {
				"attachment": [
					{ "time": 0, "name": null },
					{ "time": 0.9, "name": null },
					{ "time": 0.9333, "name": "Gq01_b_014_" },
					{ "time": 0.9666, "name": "Gq01_b_014_" },
					{ "time": 1, "name": null }
				]
			}
		},
		"bones": {
			"B": {
				"translate": [
					{ "time": 0, "x": 0, "y": -59.39 }
				]
			}
		}
	}
}
}