{
"skeleton": { "hash": "341VFxwxx+F7c42ilt91YtMpb/A", "spine": "2.1.27", "width": 741, "height": 525.7 },
"bones": [
	{ "name": "kongmingdeng" },
	{
		"name": "deng_01_",
		"parent": "kongmingdeng",
		"length": 147.38,
		"x": -0.61,
		"y": -0.66,
		"scaleX": 0.25,
		"scaleY": 0.25,
		"rotation": 90
	},
	{
		"name": "deng_02_",
		"parent": "kongmingdeng",
		"length": 147.38,
		"x": 92.69,
		"y": -0.66,
		"scaleX": 0.25,
		"scaleY": 0.25,
		"rotation": 90
	},
	{
		"name": "deng_03_",
		"parent": "kongmingdeng",
		"length": 147.38,
		"x": -186.47,
		"y": 84.34,
		"scaleX": 0.25,
		"scaleY": 0.25,
		"rotation": 90
	},
	{
		"name": "deng_04_",
		"parent": "kongmingdeng",
		"length": 147.38,
		"x": -42.54,
		"y": 161.62,
		"scaleX": 0.25,
		"scaleY": 0.25,
		"rotation": 90
	},
	{
		"name": "deng_05_",
		"parent": "kongmingdeng",
		"length": 147.38,
		"x": 106.37,
		"y": 102.31,
		"scaleX": 0.25,
		"scaleY": 0.25,
		"rotation": 90
	}
],
"slots": [
	{ "name": "kongmingdeng", "bone": "kongmingdeng", "attachment": "neicheng_zhinv_" },
	{ "name": "deng_", "bone": "deng_01_", "attachment": "deng_" },
	{ "name": "deng_2", "bone": "deng_02_", "attachment": "deng_" },
	{ "name": "deng_3", "bone": "deng_03_", "attachment": "deng_" },
	{ "name": "deng_4", "bone": "deng_04_", "attachment": "deng_" },
	{ "name": "deng_5", "bone": "deng_05_", "attachment": "deng_" },
	{ "name": "huo_01_", "bone": "deng_01_", "color": "ffffff4a", "attachment": "huo_01_", "blend": "additive" },
	{ "name": "huo_01_2", "bone": "deng_02_", "color": "ffffff4a", "attachment": "huo_01_", "blend": "additive" },
	{ "name": "huo_01_3", "bone": "deng_03_", "color": "ffffff4a", "attachment": "huo_01_", "blend": "additive" },
	{ "name": "huo_01_4", "bone": "deng_04_", "color": "ffffff4a", "attachment": "huo_01_", "blend": "additive" },
	{ "name": "huo_01_5", "bone": "deng_05_", "color": "ffffff4a", "attachment": "huo_01_", "blend": "additive" },
	{ "name": "huo_02_", "bone": "deng_01_", "color": "ffffff4a", "attachment": "huo_02_", "blend": "additive" },
	{ "name": "huo_02_2", "bone": "deng_02_", "color": "ffffff4a", "attachment": "huo_02_", "blend": "additive" },
	{ "name": "huo_02_3", "bone": "deng_03_", "color": "ffffff4a", "attachment": "huo_02_" },
	{ "name": "huo_02_4", "bone": "deng_04_", "color": "ffffff4a", "attachment": "huo_02_", "blend": "additive" },
	{ "name": "huo_02_5", "bone": "deng_05_", "color": "ffffff4a", "attachment": "huo_02_", "blend": "additive" },
	{ "name": "huo_03_", "bone": "deng_01_", "color": "ffffff4a", "attachment": "huo_03_", "blend": "additive" },
	{ "name": "huo_03_2", "bone": "deng_02_", "color": "ffffff4a", "attachment": "huo_03_", "blend": "additive" },
	{ "name": "huo_03_3", "bone": "deng_03_", "color": "ffffff4a", "attachment": "huo_03_", "blend": "additive" },
	{ "name": "huo_03_4", "bone": "deng_04_", "color": "ffffff4a", "attachment": "huo_03_", "blend": "additive" },
	{ "name": "huo_03_5", "bone": "deng_05_", "color": "ffffff4a", "attachment": "huo_03_", "blend": "additive" },
	{ "name": "glow_", "bone": "deng_01_", "color": "ffffffa6", "attachment": "glow_", "blend": "additive" },
	{ "name": "glow_2", "bone": "deng_02_", "color": "ffffffa6", "attachment": "glow_", "blend": "additive" },
	{ "name": "glow_3", "bone": "deng_03_", "color": "ffffffa6", "attachment": "glow_", "blend": "additive" },
	{ "name": "glow_4", "bone": "deng_04_", "color": "ffffffa6", "attachment": "glow_", "blend": "additive" },
	{ "name": "glow_5", "bone": "deng_05_", "color": "ffffffa6", "attachment": "glow_", "blend": "additive" },
	{ "name": "GuangYun_01_", "bone": "kongmingdeng", "color": "ffffff95", "attachment": "glow_", "blend": "additive" },
	{ "name": "GuangYun_07_", "bone": "kongmingdeng", "color": "ffffff95", "attachment": "glow_", "blend": "additive" },
	{ "name": "GuangYun_02_", "bone": "kongmingdeng", "color": "ffffff95", "attachment": "glow_", "blend": "additive" },
	{ "name": "GuangYun_03_", "bone": "kongmingdeng", "color": "ffffff64", "attachment": "glow_", "blend": "additive" },
	{ "name": "GuangYun_04_", "bone": "kongmingdeng", "color": "ffffff64", "attachment": "glow_", "blend": "additive" },
	{ "name": "GuangYun_05_", "bone": "kongmingdeng", "color": "ffffff64", "attachment": "glow_", "blend": "additive" },
	{ "name": "GuangYun_06_", "bone": "kongmingdeng", "color": "ffffff64", "attachment": "glow_", "blend": "additive" }
],
"skins": {
	"default": {
		"GuangYun_01_": {
			"glow_": { "x": -79.64, "y": -147.52, "scaleX": 0.3, "scaleY": 0.3, "width": 128, "height": 128 }
		},
		"GuangYun_02_": {
			"glow_": { "x": 130.06, "y": -49.64, "scaleX": 0.3, "scaleY": 0.3, "width": 128, "height": 128 }
		},
		"GuangYun_03_": {
			"glow_": { "x": -109.73, "y": -18.08, "scaleX": 0.4, "scaleY": 0.4, "width": 128, "height": 128 }
		},
		"GuangYun_04_": {
			"glow_": { "x": -52.67, "y": -14.23, "scaleX": 0.4, "scaleY": 0.4, "width": 128, "height": 128 }
		},
		"GuangYun_05_": {
			"glow_": { "x": 51.42, "y": 36.7, "scaleX": 0.4, "scaleY": 0.4, "width": 128, "height": 128 }
		},
		"GuangYun_06_": {
			"glow_": { "x": -183.72, "y": 18.14, "scaleX": 0.4, "scaleY": 0.4, "width": 128, "height": 128 }
		},
		"GuangYun_07_": {
			"glow_": { "x": -207.62, "y": -171.51, "scaleX": 0.4, "scaleY": 0.4, "width": 128, "height": 128 }
		},
		"deng_": {
			"deng_": { "x": 74.03, "y": -2.25, "rotation": -90, "width": 113, "height": 151 }
		},
		"deng_2": {
			"deng_": { "x": 74.03, "y": -2.25, "rotation": -90, "width": 113, "height": 151 }
		},
		"deng_3": {
			"deng_": { "x": 74.03, "y": -2.25, "rotation": -90, "width": 113, "height": 151 }
		},
		"deng_4": {
			"deng_": { "x": 74.03, "y": -2.25, "rotation": -90, "width": 113, "height": 151 }
		},
		"deng_5": {
			"deng_": { "x": 74.03, "y": -2.25, "rotation": -90, "width": 113, "height": 151 }
		},
		"glow_": {
			"glow_": { "x": 19.7, "y": -1.92, "rotation": -90, "width": 128, "height": 128 }
		},
		"glow_2": {
			"glow_": { "x": 19.7, "y": -1.92, "rotation": -90, "width": 128, "height": 128 }
		},
		"glow_3": {
			"glow_": { "x": 19.7, "y": -1.92, "rotation": -90, "width": 128, "height": 128 }
		},
		"glow_4": {
			"glow_": { "x": 19.7, "y": -1.92, "rotation": -90, "width": 128, "height": 128 }
		},
		"glow_5": {
			"glow_": { "x": 19.7, "y": -1.92, "rotation": -90, "width": 128, "height": 128 }
		},
		"huo_01_": {
			"huo_01_": { "x": 29.22, "y": -0.98, "rotation": -90, "width": 64, "height": 64 }
		},
		"huo_01_2": {
			"huo_01_": { "x": 29.22, "y": -0.98, "rotation": -90, "width": 64, "height": 64 }
		},
		"huo_01_3": {
			"huo_01_": { "x": 29.22, "y": -0.98, "rotation": -90, "width": 64, "height": 64 }
		},
		"huo_01_4": {
			"huo_01_": { "x": 29.22, "y": -0.98, "rotation": -90, "width": 64, "height": 64 }
		},
		"huo_01_5": {
			"huo_01_": { "x": 29.22, "y": -0.98, "rotation": -90, "width": 64, "height": 64 }
		},
		"huo_02_": {
			"huo_02_": { "x": 29.22, "y": -0.98, "rotation": -90, "width": 64, "height": 64 }
		},
		"huo_02_2": {
			"huo_02_": { "x": 29.22, "y": -0.98, "rotation": -90, "width": 64, "height": 64 }
		},
		"huo_02_3": {
			"huo_02_": { "x": 29.22, "y": -0.98, "rotation": -90, "width": 64, "height": 64 }
		},
		"huo_02_4": {
			"huo_02_": { "x": 29.22, "y": -0.98, "rotation": -90, "width": 64, "height": 64 }
		},
		"huo_02_5": {
			"huo_02_": { "x": 29.22, "y": -0.98, "rotation": -90, "width": 64, "height": 64 }
		},
		"huo_03_": {
			"huo_03_": { "x": 29.22, "y": -0.98, "rotation": -90, "width": 64, "height": 64 }
		},
		"huo_03_2": {
			"huo_03_": { "x": 29.22, "y": -0.98, "rotation": -90, "width": 64, "height": 64 }
		},
		"huo_03_3": {
			"huo_03_": { "x": 29.22, "y": -0.98, "rotation": -90, "width": 64, "height": 64 }
		},
		"huo_03_4": {
			"huo_03_": { "x": 29.22, "y": -0.98, "rotation": -90, "width": 64, "height": 64 }
		},
		"huo_03_5": {
			"huo_03_": { "x": 29.22, "y": -0.98, "rotation": -90, "width": 64, "height": 64 }
		},
		"kongmingdeng": {
			"neicheng_zhinv_": { "y": -74.68, "width": 741, "height": 504 }
		}
	}
},
"animations": {
	"animation": {
		"slots": {
			"GuangYun_01_": {
				"color": [
					{ "time": 0, "color": "ffffff95" },
					{ "time": 1.5, "color": "ffffff59" },
					{ "time": 3, "color": "ffffff95" },
					{ "time": 4, "color": "ffffff64" },
					{ "time": 5, "color": "ffffff95" }
				]
			},
			"GuangYun_02_": {
				"color": [
					{ "time": 0, "color": "ffffff59" },
					{ "time": 1.5, "color": "ffffff95" },
					{ "time": 3, "color": "ffffff59" },
					{ "time": 4, "color": "ffffff95" },
					{ "time": 5, "color": "ffffff59" }
				]
			},
			"GuangYun_03_": {
				"color": [
					{ "time": 0, "color": "ffffff64" },
					{ "time": 1, "color": "ffffff4f" },
					{ "time": 2, "color": "ffffff64" },
					{ "time": 4, "color": "ffffff4f" },
					{ "time": 5, "color": "ffffff6e" }
				]
			},
			"GuangYun_04_": {
				"color": [
					{ "time": 0, "color": "ffffff4f" },
					{ "time": 1, "color": "ffffff6e" },
					{ "time": 2, "color": "ffffff4f" },
					{ "time": 3, "color": "ffffff6e" },
					{ "time": 5, "color": "ffffff4f" }
				]
			},
			"GuangYun_05_": {
				"color": [
					{ "time": 0, "color": "ffffff59" },
					{ "time": 1.5, "color": "ffffff6e" },
					{ "time": 3, "color": "ffffff59" },
					{ "time": 4, "color": "ffffff64" },
					{ "time": 5, "color": "ffffff59" }
				]
			},
			"GuangYun_06_": {
				"color": [
					{ "time": 0, "color": "ffffff64" },
					{ "time": 1, "color": "ffffff4f" },
					{ "time": 2, "color": "ffffff64" },
					{ "time": 4, "color": "ffffff4f" },
					{ "time": 5, "color": "ffffff6e" }
				]
			},
			"GuangYun_07_": {
				"color": [
					{ "time": 0, "color": "ffffff95" },
					{ "time": 1.3333, "color": "ffffff64" },
					{ "time": 2.6666, "color": "ffffff95" },
					{ "time": 3.8333, "color": "ffffff59" },
					{ "time": 5, "color": "ffffff95" }
				]
			},
			"deng_": {
				"color": [
					{ "time": 0, "color": "ffffff00" },
					{ "time": 0.5333, "color": "ffffffff", "curve": "stepped" },
					{ "time": 3.1666, "color": "ffffffff" },
					{ "time": 4.2333, "color": "ffffff00", "curve": "stepped" },
					{ "time": 5, "color": "ffffff00" }
				]
			},
			"deng_2": {
				"color": [
					{ "time": 0, "color": "ffffff00" },
					{ "time": 0.8, "color": "ffffffff", "curve": "stepped" },
					{ "time": 4.2333, "color": "ffffffff" },
					{ "time": 4.7666, "color": "ffffff00", "curve": "stepped" },
					{ "time": 5, "color": "ffffff00" }
				]
			},
			"deng_3": {
				"color": [
					{ "time": 0, "color": "ffffff00", "curve": "stepped" },
					{ "time": 0.0666, "color": "ffffff00" },
					{ "time": 0.3333, "color": "ffffffff", "curve": "stepped" },
					{ "time": 2.0666, "color": "ffffffff" },
					{ "time": 2.6666, "color": "ffffff00", "curve": "stepped" },
					{ "time": 5, "color": "ffffff00" }
				]
			},
			"deng_4": {
				"color": [
					{ "time": 0, "color": "ffffff00", "curve": "stepped" },
					{ "time": 0.2666, "color": "ffffff00" },
					{ "time": 1.0333, "color": "ffffffff", "curve": "stepped" },
					{ "time": 3, "color": "ffffffff" },
					{ "time": 4, "color": "ffffff00", "curve": "stepped" },
					{ "time": 5, "color": "ffffff00" }
				]
			},
			"deng_5": {
				"color": [
					{ "time": 0, "color": "ffffff00" },
					{ "time": 0.2666, "color": "ffffffff", "curve": "stepped" },
					{ "time": 4.6666, "color": "ffffffff" },
					{ "time": 5, "color": "ffffff00" }
				]
			},
			"glow_": {
				"color": [
					{ "time": 0, "color": "ffffff00" },
					{ "time": 0.5333, "color": "ffffffa6" },
					{ "time": 1.5666, "color": "ffffff79" },
					{ "time": 2.6666, "color": "ffffffa6" },
					{ "time": 3.7, "color": "ffffff79" },
					{ "time": 4.2333, "color": "ffffff00", "curve": "stepped" },
					{ "time": 5, "color": "ffffff00" }
				]
			},
			"glow_2": {
				"color": [
					{ "time": 0, "color": "ffffff00" },
					{ "time": 0.5333, "color": "ffffffa6", "curve": "stepped" },
					{ "time": 4.2333, "color": "ffffffa6" },
					{ "time": 4.7666, "color": "ffffff00", "curve": "stepped" },
					{ "time": 5, "color": "ffffff00" }
				]
			},
			"glow_3": {
				"color": [
					{ "time": 0, "color": "ffffff00", "curve": "stepped" },
					{ "time": 0.0666, "color": "ffffff00" },
					{ "time": 0.3333, "color": "ffffffa6", "curve": "stepped" },
					{ "time": 2.0666, "color": "ffffffa6" },
					{ "time": 2.6666, "color": "ffffff00", "curve": "stepped" },
					{ "time": 5, "color": "ffffff00" }
				]
			},
			"glow_4": {
				"color": [
					{ "time": 0, "color": "ffffff00", "curve": "stepped" },
					{ "time": 0.2666, "color": "ffffff00" },
					{ "time": 1.0333, "color": "ffffffa6", "curve": "stepped" },
					{ "time": 3, "color": "ffffffa6" },
					{ "time": 4, "color": "ffffff00", "curve": "stepped" },
					{ "time": 5, "color": "ffffff00" }
				]
			},
			"glow_5": {
				"color": [
					{ "time": 0, "color": "ffffff00" },
					{ "time": 0.2666, "color": "ffffffa6", "curve": "stepped" },
					{ "time": 4.6666, "color": "ffffffa6" },
					{ "time": 5, "color": "ffffff00" }
				]
			},
			"huo_01_": {
				"color": [
					{ "time": 0, "color": "ffffff00" },
					{ "time": 0.6666, "color": "ffffff4a" },
					{ "time": 1.3333, "color": "ffffff00", "curve": "stepped" },
					{ "time": 2.6666, "color": "ffffff00" },
					{ "time": 3.3333, "color": "ffffff4a" },
					{ "time": 4, "color": "ffffff00", "curve": "stepped" },
					{ "time": 5, "color": "ffffff00" }
				]
			},
			"huo_01_2": {
				"color": [
					{ "time": 0, "color": "ffffff00" },
					{ "time": 0.6666, "color": "ffffff4a" },
					{ "time": 1.3333, "color": "ffffff00", "curve": "stepped" },
					{ "time": 2.6666, "color": "ffffff00" },
					{ "time": 3.3333, "color": "ffffff4a" },
					{ "time": 4, "color": "ffffff00", "curve": "stepped" },
					{ "time": 5, "color": "ffffff00" }
				]
			},
			"huo_01_3": {
				"color": [
					{ "time": 0, "color": "ffffff00" },
					{ "time": 0.6666, "color": "ffffff4a" },
					{ "time": 1.3333, "color": "ffffff00", "curve": "stepped" },
					{ "time": 2.6666, "color": "ffffff00", "curve": "stepped" },
					{ "time": 5, "color": "ffffff00" }
				]
			},
			"huo_01_4": {
				"color": [
					{ "time": 0, "color": "ffffff00" },
					{ "time": 0.6666, "color": "ffffff4a" },
					{ "time": 1.3333, "color": "ffffff00", "curve": "stepped" },
					{ "time": 2.6666, "color": "ffffff00" },
					{ "time": 3.3333, "color": "ffffff4a" },
					{ "time": 4, "color": "ffffff00", "curve": "stepped" },
					{ "time": 5, "color": "ffffff00" }
				]
			},
			"huo_01_5": {
				"color": [
					{ "time": 0, "color": "ffffff00" },
					{ "time": 0.6666, "color": "ffffff4a" },
					{ "time": 1.3333, "color": "ffffff00" },
					{ "time": 2, "color": "ffffff4a" },
					{ "time": 2.6666, "color": "ffffff00" },
					{ "time": 3.3333, "color": "ffffff4a" },
					{ "time": 4, "color": "ffffff00", "curve": "stepped" },
					{ "time": 5, "color": "ffffff00" }
				]
			},
			"huo_02_": {
				"color": [
					{ "time": 0, "color": "ffffff00", "curve": "stepped" },
					{ "time": 0.6666, "color": "ffffff00" },
					{ "time": 1.3333, "color": "ffffff4a" },
					{ "time": 2, "color": "ffffff00", "curve": "stepped" },
					{ "time": 3.3333, "color": "ffffff00" },
					{ "time": 4, "color": "ffffff4a" },
					{ "time": 4.6666, "color": "ffffff00", "curve": "stepped" },
					{ "time": 5, "color": "ffffff00" }
				]
			},
			"huo_02_2": {
				"color": [
					{ "time": 0, "color": "ffffff00", "curve": "stepped" },
					{ "time": 0.6666, "color": "ffffff00" },
					{ "time": 1.3333, "color": "ffffff4a" },
					{ "time": 2, "color": "ffffff00", "curve": "stepped" },
					{ "time": 3.3333, "color": "ffffff00" },
					{ "time": 4, "color": "ffffff4a" },
					{ "time": 4.6666, "color": "ffffff00", "curve": "stepped" },
					{ "time": 5, "color": "ffffff00" }
				]
			},
			"huo_02_3": {
				"color": [
					{ "time": 0, "color": "ffffff00", "curve": "stepped" },
					{ "time": 0.6666, "color": "ffffff00" },
					{ "time": 1.3333, "color": "ffffff4a" },
					{ "time": 2, "color": "ffffff00", "curve": "stepped" },
					{ "time": 2.6666, "color": "ffffff00", "curve": "stepped" },
					{ "time": 5, "color": "ffffff00" }
				]
			},
			"huo_02_4": {
				"color": [
					{ "time": 0, "color": "ffffff00", "curve": "stepped" },
					{ "time": 0.6666, "color": "ffffff00" },
					{ "time": 1.3333, "color": "ffffff4a" },
					{ "time": 2, "color": "ffffff00", "curve": "stepped" },
					{ "time": 4, "color": "ffffff00" },
					{ "time": 4.5, "color": "ffffff4a" },
					{ "time": 5, "color": "ffffff00" }
				]
			},
			"huo_02_5": {
				"color": [
					{ "time": 0, "color": "ffffff00", "curve": "stepped" },
					{ "time": 0.6666, "color": "ffffff00" },
					{ "time": 1.3333, "color": "ffffff4a" },
					{ "time": 2, "color": "ffffff00" },
					{ "time": 2.6666, "color": "ffffff4a" },
					{ "time": 3.3333, "color": "ffffff00" },
					{ "time": 4, "color": "ffffff4a" },
					{ "time": 4.6666, "color": "ffffff00", "curve": "stepped" },
					{ "time": 5, "color": "ffffff00" }
				]
			},
			"huo_03_": {
				"color": [
					{ "time": 0, "color": "ffffff00", "curve": "stepped" },
					{ "time": 1.3333, "color": "ffffff00" },
					{ "time": 2, "color": "ffffff4a" },
					{ "time": 2.6666, "color": "ffffff00", "curve": "stepped" },
					{ "time": 4.6666, "color": "ffffff00", "curve": "stepped" },
					{ "time": 5, "color": "ffffff00" }
				]
			},
			"huo_03_2": {
				"color": [
					{ "time": 0, "color": "ffffff00", "curve": "stepped" },
					{ "time": 1.3333, "color": "ffffff00" },
					{ "time": 2, "color": "ffffff4a" },
					{ "time": 2.6666, "color": "ffffff00", "curve": "stepped" },
					{ "time": 4, "color": "ffffff00" },
					{ "time": 4.6666, "color": "ffffff4a" },
					{ "time": 5, "color": "ffffff00" }
				]
			},
			"huo_03_3": {
				"color": [
					{ "time": 0, "color": "ffffff00", "curve": "stepped" },
					{ "time": 1.3333, "color": "ffffff00" },
					{ "time": 2, "color": "ffffff4a" },
					{ "time": 2.6666, "color": "ffffff00", "curve": "stepped" },
					{ "time": 5, "color": "ffffff00" }
				]
			},
			"huo_03_4": {
				"color": [
					{ "time": 0, "color": "ffffff00", "curve": "stepped" },
					{ "time": 1.3333, "color": "ffffff00" },
					{ "time": 2, "color": "ffffff4a" },
					{ "time": 2.6666, "color": "ffffff00", "curve": "stepped" },
					{ "time": 5, "color": "ffffff00" }
				]
			},
			"huo_03_5": {
				"color": [
					{ "time": 0, "color": "ffffff00", "curve": "stepped" },
					{ "time": 1.3333, "color": "ffffff00" },
					{ "time": 2, "color": "ffffff4a" },
					{ "time": 2.6666, "color": "ffffff00" },
					{ "time": 3.3333, "color": "ffffff4a" },
					{ "time": 4, "color": "ffffff00" },
					{ "time": 4.6666, "color": "ffffff4a" },
					{ "time": 5, "color": "ffffff00" }
				]
			}
		},
		"bones": {
			"deng_01_": {
				"translate": [
					{ "time": 0, "x": -99.82, "y": -54.23 },
					{ "time": 4.6666, "x": -263.88, "y": 235.36 },
					{ "time": 5, "x": -277.76, "y": 277 }
				]
			},
			"deng_02_": {
				"translate": [
					{ "time": 0, "x": -23.57, "y": 30.37 },
					{ "time": 0.8, "x": -34.06, "y": 88.98 },
					{ "time": 4.2333, "x": -79.1, "y": 280.43 },
					{ "time": 5, "x": -82.88, "y": 330.91 }
				]
			},
			"deng_03_": {
				"translate": [
					{ "time": 0, "x": -25.11, "y": -36.7 },
					{ "time": 1.8333, "x": -150.04, "y": 121.71 },
					{ "time": 2.6666, "x": -181.75, "y": 143.81, "curve": "stepped" },
					{ "time": 5, "x": -181.75, "y": 143.81 }
				]
			},
			"deng_04_": {
				"translate": [
					{ "time": 0, "x": 0, "y": 0 },
					{ "time": 2.6666, "x": -49.08, "y": 107.3 },
					{ "time": 4, "x": -69.37, "y": 186.6 },
					{ "time": 5, "x": -90.83, "y": 186.6 }
				]
			},
			"deng_05_": {
				"translate": [
					{ "time": 0, "x": 0, "y": 0 },
					{ "time": 3.3333, "x": -156.48, "y": 108.53 },
					{ "time": 4.8333, "x": -237.25, "y": 169.1 },
					{ "time": 5, "x": -253.66, "y": 175.41 }
				]
			},
			"kongmingdeng": {
				"rotate": [
					{ "time": 0, "angle": 0.29 }
				]
			}
		}
	}
}
}