{
"skeleton": { "hash": "UHfWyNClOXZyxWAeaqxotbQjhSA", "spine": "2.1.27", "width": 516, "height": 476 },
"bones": [
	{ "name": "root" }
],
"slots": [
	{ "name": "changwai01_", "bone": "root", "attachment": "chengwai01_" },
	{ "name": "glow01_", "bone": "root", "color": "ffffff78", "attachment": "glow_", "blend": "additive" },
	{ "name": "glow02_", "bone": "root", "color": "ffffff78", "attachment": "glow_", "blend": "additive" },
	{ "name": "glow03_", "bone": "root", "color": "ffffff78", "attachment": "glow_", "blend": "additive" },
	{ "name": "glow04_", "bone": "root", "color": "ffffff78", "attachment": "glow_", "blend": "additive" },
	{ "name": "glow05_", "bone": "root", "color": "ffffff78", "attachment": "glow_", "blend": "additive" },
	{ "name": "glow06_", "bone": "root", "color": "ffffff78", "attachment": "glow_", "blend": "additive" },
	{ "name": "glow07_", "bone": "root", "color": "ffffff78", "attachment": "glow_", "blend": "additive" },
	{ "name": "glow08_", "bone": "root", "color": "ffffff78", "attachment": "glow_", "blend": "additive" }
],
"skins": {
	"default": {
		"changwai01_": {
			"chengwai01_": { "width": 516, "height": 476 }
		},
		"glow01_": {
			"glow_": { "x": -112.65, "y": -79.04, "scaleX": 0.2, "scaleY": 0.2, "width": 128, "height": 128 }
		},
		"glow02_": {
			"glow_": { "x": 87.73, "y": -0.65, "scaleX": 0.15, "scaleY": 0.15, "width": 128, "height": 128 }
		},
		"glow03_": {
			"glow_": { "x": -96.81, "y": 34.42, "scaleX": 0.15, "scaleY": 0.15, "width": 128, "height": 128 }
		},
		"glow04_": {
			"glow_": { "x": -53.46, "y": 13.32, "scaleX": 0.15, "scaleY": 0.15, "width": 128, "height": 128 }
		},
		"glow05_": {
			"glow_": { "x": -19.82, "y": 14.51, "scaleX": 0.15, "scaleY": 0.15, "width": 128, "height": 128 }
		},
		"glow06_": {
			"glow_": { "x": 42.73, "y": 45.27, "scaleX": 0.15, "scaleY": 0.15, "width": 128, "height": 128 }
		},
		"glow07_": {
			"glow_": { "x": -36.3, "y": -62.56, "scaleX": 0.15, "scaleY": 0.15, "width": 128, "height": 128 }
		},
		"glow08_": {
			"glow_": { "x": 21.72, "y": -99.52, "scaleX": 0.12, "scaleY": 0.12, "width": 128, "height": 128 }
		}
	}
},
"animations": {
	"animation": {
		"slots": {
			"glow01_": {
				"color": [
					{ "time": 0, "color": "ffffff78" },
					{ "time": 1.3333, "color": "ffffff59" },
					{ "time": 2.6666, "color": "ffffff78" }
				]
			},
			"glow02_": {
				"color": [
					{ "time": 0, "color": "ffffff78" },
					{ "time": 1.3333, "color": "ffffff59" },
					{ "time": 2.6666, "color": "ffffff78" }
				]
			},
			"glow03_": {
				"color": [
					{ "time": 0, "color": "ffffff78" },
					{ "time": 1.3333, "color": "ffffff4f" },
					{ "time": 2.6666, "color": "ffffff78" }
				]
			},
			"glow04_": {
				"color": [
					{ "time": 0, "color": "ffffff78" },
					{ "time": 1.3333, "color": "ffffff4f" },
					{ "time": 2.6666, "color": "ffffff78" }
				]
			},
			"glow05_": {
				"color": [
					{ "time": 0, "color": "ffffff78" },
					{ "time": 1.3333, "color": "ffffff4f" },
					{ "time": 2.6666, "color": "ffffff78" }
				]
			},
			"glow06_": {
				"color": [
					{ "time": 0, "color": "ffffff78" },
					{ "time": 1.3333, "color": "ffffff59" },
					{ "time": 2.6666, "color": "ffffff78" }
				]
			},
			"glow08_": {
				"color": [
					{ "time": 0, "color": "ffffff78" },
					{ "time": 1.3333, "color": "ffffff4f" },
					{ "time": 2.6666, "color": "ffffff78" }
				]
			}
		}
	}
}
}