{
"skeleton": { "hash": "u+bCLQF1yfnGe/P9jIOwm9rT8es", "spine": "2.1.27", "width": 526, "height": 437 },
"bones": [
	{ "name": "root" }
],
"slots": [
	{ "name": "TaoxinA_0057_02_", "bone": "root", "attachment": "TaoxinA_0057_02_" },
	{ "name": "TaoxinA_0057_01_", "bone": "root", "attachment": "TaoxinA_0057_01_" },
	{ "name": "TaoxinA_0056_02_", "bone": "root", "attachment": "TaoxinA_0056_02_" },
	{ "name": "TaoxinA_0056_01_", "bone": "root", "attachment": "TaoxinA_0056_01_" },
	{ "name": "TaoxinA_0055_03_", "bone": "root", "attachment": "TaoxinA_0055_03_" },
	{ "name": "TaoxinA_0055_02_", "bone": "root", "attachment": "TaoxinA_0055_02_" },
	{ "name": "TaoxinA_0055_01_", "bone": "root", "attachment": "TaoxinA_0055_01_" },
	{ "name": "TaoxinA_0054_03_", "bone": "root", "attachment": "TaoxinA_0054_03_" },
	{ "name": "TaoxinA_0054_02_", "bone": "root", "attachment": "TaoxinA_0054_02_" },
	{ "name": "TaoxinA_0054_01_", "bone": "root", "attachment": "TaoxinA_0054_01_" },
	{ "name": "TaoxinA_0053_04_", "bone": "root", "attachment": "TaoxinA_0053_04_" },
	{ "name": "TaoxinA_0053_03_", "bone": "root", "attachment": "TaoxinA_0053_03_" },
	{ "name": "TaoxinA_0053_02_", "bone": "root", "attachment": "TaoxinA_0053_02_" },
	{ "name": "TaoxinA_0053_01_", "bone": "root", "attachment": "TaoxinA_0053_01_" },
	{ "name": "TaoxinA_0052_04_", "bone": "root", "attachment": "TaoxinA_0052_04_" },
	{ "name": "TaoxinA_0052_03_", "bone": "root", "attachment": "TaoxinA_0052_03_" },
	{ "name": "TaoxinA_0052_02_", "bone": "root", "attachment": "TaoxinA_0052_02_" },
	{ "name": "TaoxinA_0052_01_", "bone": "root", "attachment": "TaoxinA_0052_01_" },
	{ "name": "TaoxinA_0051_04_", "bone": "root", "attachment": "TaoxinA_0051_04_" },
	{ "name": "TaoxinA_0051_03_", "bone": "root", "attachment": "TaoxinA_0051_03_" },
	{ "name": "TaoxinA_0051_02_", "bone": "root", "attachment": "TaoxinA_0051_02_" },
	{ "name": "TaoxinA_0051_01_", "bone": "root", "attachment": "TaoxinA_0051_01_" },
	{ "name": "TaoxinA_0050_05_", "bone": "root", "attachment": "TaoxinA_0050_05_" },
	{ "name": "TaoxinA_0050_04_", "bone": "root", "attachment": "TaoxinA_0050_04_" },
	{ "name": "TaoxinA_0050_03_", "bone": "root", "attachment": "TaoxinA_0050_03_" },
	{ "name": "TaoxinA_0050_02_", "bone": "root", "attachment": "TaoxinA_0050_02_" },
	{ "name": "TaoxinA_0050_01_", "bone": "root", "attachment": "TaoxinA_0050_01_" },
	{ "name": "TaoxinA_0049_05_", "bone": "root", "attachment": "TaoxinA_0049_05_" },
	{ "name": "TaoxinA_0049_04_", "bone": "root", "attachment": "TaoxinA_0049_04_" },
	{ "name": "TaoxinA_0049_03_", "bone": "root", "attachment": "TaoxinA_0049_03_" },
	{ "name": "TaoxinA_0049_02_", "bone": "root", "attachment": "TaoxinA_0049_02_" },
	{ "name": "TaoxinA_0049_01_", "bone": "root", "attachment": "TaoxinA_0049_01_" },
	{ "name": "TaoxinA_0048_05_", "bone": "root", "attachment": "TaoxinA_0048_05_" },
	{ "name": "TaoxinA_0048_04_", "bone": "root", "attachment": "TaoxinA_0048_04_" },
	{ "name": "TaoxinA_0048_03_", "bone": "root", "attachment": "TaoxinA_0048_03_" },
	{ "name": "TaoxinA_0048_02_", "bone": "root", "attachment": "TaoxinA_0048_02_" },
	{ "name": "TaoxinA_0048_01_", "bone": "root", "attachment": "TaoxinA_0048_01_" },
	{ "name": "TaoxinA_0047_04_", "bone": "root", "attachment": "TaoxinA_0047_04_" },
	{ "name": "TaoxinA_0047_03_", "bone": "root", "attachment": "TaoxinA_0047_03_" },
	{ "name": "TaoxinA_0047_02_", "bone": "root", "attachment": "TaoxinA_0047_02_" },
	{ "name": "TaoxinA_0047_01_", "bone": "root", "attachment": "TaoxinA_0047_01_" },
	{ "name": "TaoxinA_0046_04_", "bone": "root", "attachment": "TaoxinA_0046_04_" },
	{ "name": "TaoxinA_0046_03_", "bone": "root", "attachment": "TaoxinA_0046_03_" },
	{ "name": "TaoxinA_0046_02_", "bone": "root", "attachment": "TaoxinA_0046_02_" },
	{ "name": "TaoxinA_0046_01_", "bone": "root", "attachment": "TaoxinA_0046_01_" },
	{ "name": "TaoxinA_0045_03_", "bone": "root", "attachment": "TaoxinA_0045_03_" },
	{ "name": "TaoxinA_0045_02_", "bone": "root", "attachment": "TaoxinA_0045_02_" },
	{ "name": "TaoxinA_0045_01_", "bone": "root", "attachment": "TaoxinA_0045_01_" },
	{ "name": "TaoxinA_0044_02_", "bone": "root", "attachment": "TaoxinA_0044_02_" },
	{ "name": "TaoxinA_0044_01_", "bone": "root", "attachment": "TaoxinA_0044_01_" },
	{ "name": "TaoxinA_0043_03_", "bone": "root", "attachment": "TaoxinA_0043_03_" },
	{ "name": "TaoxinA_0043_02_", "bone": "root", "attachment": "TaoxinA_0043_02_" },
	{ "name": "TaoxinA_0043_01_", "bone": "root", "attachment": "TaoxinA_0043_01_" },
	{ "name": "TaoxinA_0042_02_", "bone": "root", "attachment": "TaoxinA_0042_02_" },
	{ "name": "TaoxinA_0042_01_", "bone": "root", "attachment": "TaoxinA_0042_01_" },
	{ "name": "TaoxinA_0041_02_", "bone": "root", "attachment": "TaoxinA_0041_02_" },
	{ "name": "TaoxinA_0041_01_", "bone": "root", "attachment": "TaoxinA_0041_01_" },
	{ "name": "TaoxinA_0040_03_", "bone": "root", "attachment": "TaoxinA_0040_03_" },
	{ "name": "TaoxinA_0040_02_", "bone": "root", "attachment": "TaoxinA_0040_02_" },
	{ "name": "TaoxinA_0040_01_", "bone": "root", "attachment": "TaoxinA_0040_01_" },
	{ "name": "TaoxinA_0039_02_", "bone": "root", "attachment": "TaoxinA_0039_02_" },
	{ "name": "TaoxinA_0039_01_", "bone": "root", "attachment": "TaoxinA_0039_01_" },
	{ "name": "TaoxinA_0038_03_", "bone": "root", "attachment": "TaoxinA_0038_03_" },
	{ "name": "TaoxinA_0038_02_", "bone": "root", "attachment": "TaoxinA_0038_02_" },
	{ "name": "TaoxinA_0038_01_", "bone": "root", "attachment": "TaoxinA_0038_01_" },
	{ "name": "TaoxinA_0037_04_", "bone": "root", "attachment": "TaoxinA_0037_04_" },
	{ "name": "TaoxinA_0037_03_", "bone": "root", "attachment": "TaoxinA_0037_03_" },
	{ "name": "TaoxinA_0037_02_", "bone": "root", "attachment": "TaoxinA_0037_02_" },
	{ "name": "TaoxinA_0037_01_", "bone": "root", "attachment": "TaoxinA_0037_01_" },
	{ "name": "TaoxinA_0036_07_", "bone": "root", "attachment": "TaoxinA_0036_07_" },
	{ "name": "TaoxinA_0036_06_", "bone": "root", "attachment": "TaoxinA_0036_06_" },
	{ "name": "TaoxinA_0036_05_", "bone": "root", "attachment": "TaoxinA_0036_05_" },
	{ "name": "TaoxinA_0036_04_", "bone": "root", "attachment": "TaoxinA_0036_04_" },
	{ "name": "TaoxinA_0036_03_", "bone": "root", "attachment": "TaoxinA_0036_03_" },
	{ "name": "TaoxinA_0036_02_", "bone": "root", "attachment": "TaoxinA_0036_02_" },
	{ "name": "TaoxinA_0036_01_", "bone": "root", "attachment": "TaoxinA_0036_01_" },
	{ "name": "TaoxinA_0035_07_", "bone": "root", "attachment": "TaoxinA_0035_07_" },
	{ "name": "TaoxinA_0035_06_", "bone": "root", "attachment": "TaoxinA_0035_06_" },
	{ "name": "TaoxinA_0035_05_", "bone": "root", "attachment": "TaoxinA_0035_05_" },
	{ "name": "TaoxinA_0035_04_", "bone": "root", "attachment": "TaoxinA_0035_04_" },
	{ "name": "TaoxinA_0035_03_", "bone": "root", "attachment": "TaoxinA_0035_03_" },
	{ "name": "TaoxinA_0035_02_", "bone": "root", "attachment": "TaoxinA_0035_02_" },
	{ "name": "TaoxinA_0035_01_", "bone": "root", "attachment": "TaoxinA_0035_01_" },
	{ "name": "TaoxinA_0034_05_", "bone": "root", "attachment": "TaoxinA_0034_05_" },
	{ "name": "TaoxinA_0034_04_", "bone": "root", "attachment": "TaoxinA_0034_04_" },
	{ "name": "TaoxinA_0034_03_", "bone": "root", "attachment": "TaoxinA_0034_03_" },
	{ "name": "TaoxinA_0034_02_", "bone": "root", "attachment": "TaoxinA_0034_02_" },
	{ "name": "TaoxinA_0034_01_", "bone": "root", "attachment": "TaoxinA_0034_01_" },
	{ "name": "TaoxinA_0033_03_", "bone": "root", "attachment": "TaoxinA_0033_03_" },
	{ "name": "TaoxinA_0033_02_", "bone": "root", "attachment": "TaoxinA_0033_02_" },
	{ "name": "TaoxinA_0033_01_", "bone": "root", "attachment": "TaoxinA_0033_01_" },
	{ "name": "TaoxinA_0032_03_", "bone": "root", "attachment": "TaoxinA_0032_03_" },
	{ "name": "TaoxinA_0032_02_", "bone": "root", "attachment": "TaoxinA_0032_02_" },
	{ "name": "TaoxinA_0032_01_", "bone": "root", "attachment": "TaoxinA_0032_01_" },
	{ "name": "TaoxinA_0031_04_", "bone": "root", "attachment": "TaoxinA_0031_04_" },
	{ "name": "TaoxinA_0031_03_", "bone": "root", "attachment": "TaoxinA_0031_03_" },
	{ "name": "TaoxinA_0031_02_", "bone": "root", "attachment": "TaoxinA_0031_02_" },
	{ "name": "TaoxinA_0031_01_", "bone": "root", "attachment": "TaoxinA_0031_01_" },
	{ "name": "TaoxinA_0030_04_", "bone": "root", "attachment": "TaoxinA_0030_04_" },
	{ "name": "TaoxinA_0030_03_", "bone": "root", "attachment": "TaoxinA_0030_03_" },
	{ "name": "TaoxinA_0030_02_", "bone": "root", "attachment": "TaoxinA_0030_02_" },
	{ "name": "TaoxinA_0030_01_", "bone": "root", "attachment": "TaoxinA_0030_01_" },
	{ "name": "TaoxinA_0029_03_", "bone": "root", "attachment": "TaoxinA_0029_03_" },
	{ "name": "TaoxinA_0029_02_", "bone": "root", "attachment": "TaoxinA_0029_02_" },
	{ "name": "TaoxinA_0029_01_", "bone": "root", "attachment": "TaoxinA_0029_01_" },
	{ "name": "TaoxinA_0028_02_", "bone": "root", "attachment": "TaoxinA_0028_02_" },
	{ "name": "TaoxinA_0028_01_", "bone": "root", "attachment": "TaoxinA_0028_01_" },
	{ "name": "TaoxinA_0027_02_", "bone": "root", "attachment": "TaoxinA_0027_02_" },
	{ "name": "TaoxinA_0027_01_", "bone": "root", "attachment": "TaoxinA_0027_01_" },
	{ "name": "TaoxinA_0026_02_", "bone": "root", "attachment": "TaoxinA_0026_02_" },
	{ "name": "TaoxinA_0026_01_", "bone": "root", "attachment": "TaoxinA_0026_01_" },
	{ "name": "TaoxinA_0025_02_", "bone": "root", "attachment": "TaoxinA_0025_02_" },
	{ "name": "TaoxinA_0025_01_", "bone": "root", "attachment": "TaoxinA_0025_01_" },
	{ "name": "TaoxinA_0024_03_", "bone": "root", "attachment": "TaoxinA_0024_03_" },
	{ "name": "TaoxinA_0024_02_", "bone": "root", "attachment": "TaoxinA_0024_02_" },
	{ "name": "TaoxinA_0024_01_", "bone": "root", "attachment": "TaoxinA_0024_01_" },
	{ "name": "TaoxinA_0023_02_", "bone": "root", "attachment": "TaoxinA_0023_02_" },
	{ "name": "TaoxinA_0023_01_", "bone": "root", "attachment": "TaoxinA_0023_01_" },
	{ "name": "TaoxinA_0022_02_", "bone": "root", "attachment": "TaoxinA_0022_02_" },
	{ "name": "TaoxinA_0022_01_", "bone": "root", "attachment": "TaoxinA_0022_01_" },
	{ "name": "TaoxinA_0021_02_", "bone": "root", "attachment": "TaoxinA_0021_02_" },
	{ "name": "TaoxinA_0021_01_", "bone": "root", "attachment": "TaoxinA_0021_01_" },
	{ "name": "TaoxinA_0020_02_", "bone": "root", "attachment": "TaoxinA_0020_02_" },
	{ "name": "TaoxinA_0020_01_", "bone": "root", "attachment": "TaoxinA_0020_01_" },
	{ "name": "TaoxinA_0019_02_", "bone": "root", "attachment": "TaoxinA_0019_02_" },
	{ "name": "TaoxinA_0019_01_", "bone": "root", "attachment": "TaoxinA_0019_01_" },
	{ "name": "TaoxinA_0018_02_", "bone": "root", "attachment": "TaoxinA_0018_02_" },
	{ "name": "TaoxinA_0018_01_", "bone": "root", "attachment": "TaoxinA_0018_01_" },
	{ "name": "TaoxinA_0017_03_", "bone": "root", "attachment": "TaoxinA_0017_03_" },
	{ "name": "TaoxinA_0017_02_", "bone": "root", "attachment": "TaoxinA_0017_02_" },
	{ "name": "TaoxinA_0017_01_", "bone": "root", "attachment": "TaoxinA_0017_01_" },
	{ "name": "TaoxinA_0016_01_", "bone": "root", "attachment": "TaoxinA_0016_01_" },
	{ "name": "TaoxinA_0015_01_", "bone": "root", "attachment": "TaoxinA_0015_01_" },
	{ "name": "TaoxinA_0014_01_", "bone": "root", "attachment": "TaoxinA_0014_01_" },
	{ "name": "TaoxinA_0013_01_", "bone": "root", "attachment": "TaoxinA_0013_01_" },
	{ "name": "TaoxinA_0012_01_", "bone": "root", "attachment": "TaoxinA_0012_01_" },
	{ "name": "TaoxinA_0011_01_", "bone": "root", "attachment": "TaoxinA_0011_01_" },
	{ "name": "TaoxinA_0010_01_", "bone": "root", "attachment": "TaoxinA_0010_01_" },
	{ "name": "TaoxinA_0009_01_", "bone": "root", "attachment": "TaoxinA_0009_01_" },
	{ "name": "TaoxinA_0008_01_", "bone": "root", "attachment": "TaoxinA_0008_01_" },
	{ "name": "TaoxinA_0007_01_", "bone": "root", "attachment": "TaoxinA_0007_01_" },
	{ "name": "TaoxinA_0006_01_", "bone": "root", "attachment": "TaoxinA_0006_01_" },
	{ "name": "TaoxinA_0005_01_", "bone": "root", "attachment": "TaoxinA_0005_01_" },
	{ "name": "TaoxinA_0004_01_", "bone": "root", "attachment": "TaoxinA_0004_01_" },
	{ "name": "TaoxinA_0003_01_", "bone": "root", "attachment": "TaoxinA_0003_01_" },
	{ "name": "TaoxinA_0002_01_", "bone": "root", "attachment": "TaoxinA_0002_01_" },
	{ "name": "TaoxinA_0001_01_", "bone": "root", "attachment": "TaoxinA_0001_01_" },
	{ "name": "TaoxinA_0000_01_", "bone": "root", "attachment": "TaoxinA_0000_01_" }
],
"skins": {
	"default": {
		"TaoxinA_0000_01_": {
			"TaoxinA_0000_01_": { "x": -19.05, "y": 147.11, "width": 123, "height": 168 }
		},
		"TaoxinA_0001_01_": {
			"TaoxinA_0001_01_": { "x": -18.55, "y": 146.61, "width": 122, "height": 167 }
		},
		"TaoxinA_0002_01_": {
			"TaoxinA_0002_01_": { "x": -11.05, "y": 142.11, "width": 113, "height": 158 }
		},
		"TaoxinA_0003_01_": {
			"TaoxinA_0003_01_": { "x": -0.55, "y": 136.61, "width": 112, "height": 145 }
		},
		"TaoxinA_0004_01_": {
			"TaoxinA_0004_01_": { "x": 5.94, "y": 128.11, "width": 109, "height": 126 }
		},
		"TaoxinA_0005_01_": {
			"TaoxinA_0005_01_": { "x": 5.94, "y": 128.61, "width": 109, "height": 127 }
		},
		"TaoxinA_0006_01_": {
			"TaoxinA_0006_01_": { "x": -6.05, "y": 146.11, "width": 111, "height": 156 }
		},
		"TaoxinA_0007_01_": {
			"TaoxinA_0007_01_": { "x": -17.55, "y": 154.11, "width": 108, "height": 170 }
		},
		"TaoxinA_0008_01_": {
			"TaoxinA_0008_01_": { "x": -20.55, "y": 155.61, "width": 114, "height": 169 }
		},
		"TaoxinA_0009_01_": {
			"TaoxinA_0009_01_": { "x": -21.05, "y": 156.11, "width": 115, "height": 170 }
		},
		"TaoxinA_0010_01_": {
			"TaoxinA_0010_01_": { "x": -19.05, "y": 156.61, "width": 111, "height": 173 }
		},
		"TaoxinA_0011_01_": {
			"TaoxinA_0011_01_": { "x": -11.55, "y": 150.61, "width": 110, "height": 163 }
		},
		"TaoxinA_0012_01_": {
			"TaoxinA_0012_01_": { "x": 3.94, "y": 134.11, "width": 109, "height": 134 }
		},
		"TaoxinA_0013_01_": {
			"TaoxinA_0013_01_": { "x": 4.44, "y": 130.61, "width": 110, "height": 129 }
		},
		"TaoxinA_0014_01_": {
			"TaoxinA_0014_01_": { "x": 3.44, "y": 134.11, "width": 110, "height": 138 }
		},
		"TaoxinA_0015_01_": {
			"TaoxinA_0015_01_": { "x": -2.55, "y": 138.11, "width": 112, "height": 148 }
		},
		"TaoxinA_0016_01_": {
			"TaoxinA_0016_01_": { "x": -17.55, "y": 146.11, "width": 120, "height": 166 }
		},
		"TaoxinA_0017_01_": {
			"TaoxinA_0017_01_": { "x": -19.05, "y": 147.11, "width": 123, "height": 168 }
		},
		"TaoxinA_0017_02_": {
			"TaoxinA_0017_02_": { "x": 97.94, "y": 164.61, "width": 41, "height": 39 }
		},
		"TaoxinA_0017_03_": {
			"TaoxinA_0017_03_": { "x": 193.94, "y": 40.11, "width": 33, "height": 32 }
		},
		"TaoxinA_0018_01_": {
			"TaoxinA_0018_01_": { "x": -1.55, "y": 168.11, "width": 102, "height": 130 }
		},
		"TaoxinA_0018_02_": {
			"TaoxinA_0018_02_": { "x": 109.44, "y": 164.11, "width": 42, "height": 38 }
		},
		"TaoxinA_0019_01_": {
			"TaoxinA_0019_01_": { "x": -16.55, "y": 184.11, "width": 114, "height": 172 }
		},
		"TaoxinA_0019_02_": {
			"TaoxinA_0019_02_": { "x": 119.94, "y": 164.11, "width": 41, "height": 38 }
		},
		"TaoxinA_0020_01_": {
			"TaoxinA_0020_01_": { "x": -7.55, "y": 164.11, "width": 134, "height": 150 }
		},
		"TaoxinA_0020_02_": {
			"TaoxinA_0020_02_": { "x": 131.94, "y": 163.61, "width": 41, "height": 39 }
		},
		"TaoxinA_0021_01_": {
			"TaoxinA_0021_01_": { "x": -0.55, "y": 166.11, "width": 152, "height": 170 }
		},
		"TaoxinA_0021_02_": {
			"TaoxinA_0021_02_": { "x": 143.94, "y": 163.11, "width": 41, "height": 38 }
		},
		"TaoxinA_0022_01_": {
			"TaoxinA_0022_01_": { "x": 2.44, "y": 146.11, "width": 158, "height": 142 }
		},
		"TaoxinA_0022_02_": {
			"TaoxinA_0022_02_": { "x": 152.44, "y": 163.11, "width": 40, "height": 38 }
		},
		"TaoxinA_0023_01_": {
			"TaoxinA_0023_01_": { "x": 5.44, "y": 150.11, "width": 166, "height": 166 }
		},
		"TaoxinA_0023_02_": {
			"TaoxinA_0023_02_": { "x": 163.94, "y": 162.61, "width": 39, "height": 37 }
		},
		"TaoxinA_0024_01_": {
			"TaoxinA_0024_01_": { "x": -9.55, "y": 134.11, "width": 138, "height": 156 }
		},
		"TaoxinA_0024_02_": {
			"TaoxinA_0024_02_": { "x": 81.44, "y": 200.11, "width": 34, "height": 34 }
		},
		"TaoxinA_0024_03_": {
			"TaoxinA_0024_03_": { "x": 179.94, "y": 162.11, "width": 37, "height": 34 }
		},
		"TaoxinA_0025_01_": {
			"TaoxinA_0025_01_": { "x": -2.05, "y": 120.11, "width": 171, "height": 142 }
		},
		"TaoxinA_0025_02_": {
			"TaoxinA_0025_02_": { "x": 89.44, "y": 200.61, "width": 34, "height": 33 }
		},
		"TaoxinA_0026_01_": {
			"TaoxinA_0026_01_": { "x": -25.55, "y": 105.11, "width": 150, "height": 144 }
		},
		"TaoxinA_0026_02_": {
			"TaoxinA_0026_02_": { "x": 80.94, "y": 182.11, "width": 63, "height": 70 }
		},
		"TaoxinA_0027_01_": {
			"TaoxinA_0027_01_": { "x": -75.55, "y": 97.61, "width": 178, "height": 153 }
		},
		"TaoxinA_0027_02_": {
			"TaoxinA_0027_02_": { "x": 68.44, "y": 171.11, "width": 102, "height": 90 }
		},
		"TaoxinA_0028_01_": {
			"TaoxinA_0028_01_": { "x": -102.55, "y": 70.61, "width": 238, "height": 115 }
		},
		"TaoxinA_0028_02_": {
			"TaoxinA_0028_02_": { "x": 72.44, "y": 169.61, "width": 110, "height": 93 }
		},
		"TaoxinA_0029_01_": {
			"TaoxinA_0029_01_": { "x": -158.55, "y": 74.11, "width": 110, "height": 134 }
		},
		"TaoxinA_0029_02_": {
			"TaoxinA_0029_02_": { "x": -30.05, "y": 75.61, "width": 97, "height": 55 }
		},
		"TaoxinA_0029_03_": {
			"TaoxinA_0029_03_": { "x": 75.94, "y": 170.61, "width": 117, "height": 91 }
		},
		"TaoxinA_0030_01_": {
			"TaoxinA_0030_01_": { "x": -158.55, "y": 75.61, "width": 122, "height": 173 }
		},
		"TaoxinA_0030_02_": {
			"TaoxinA_0030_02_": { "x": -30.55, "y": 71.11, "width": 102, "height": 58 }
		},
		"TaoxinA_0030_03_": {
			"TaoxinA_0030_03_": { "x": 71.94, "y": 156.11, "width": 107, "height": 64 }
		},
		"TaoxinA_0030_04_": {
			"TaoxinA_0030_04_": { "x": 126.44, "y": 200.11, "width": 28, "height": 28 }
		},
		"TaoxinA_0031_01_": {
			"TaoxinA_0031_01_": { "x": -161.55, "y": 60.61, "width": 150, "height": 179 }
		},
		"TaoxinA_0031_02_": {
			"TaoxinA_0031_02_": { "x": -32.05, "y": 66.61, "width": 109, "height": 59 }
		},
		"TaoxinA_0031_03_": {
			"TaoxinA_0031_03_": { "x": 102.94, "y": 156.61, "width": 67, "height": 65 }
		},
		"TaoxinA_0031_04_": {
			"TaoxinA_0031_04_": { "x": 34.44, "y": 158.61, "width": 30, "height": 31 }
		},
		"TaoxinA_0032_01_": {
			"TaoxinA_0032_01_": { "x": -113.05, "y": 80.11, "width": 275, "height": 184 }
		},
		"TaoxinA_0032_02_": {
			"TaoxinA_0032_02_": { "x": -191.05, "y": -30.38, "width": 35, "height": 37 }
		},
		"TaoxinA_0032_03_": {
			"TaoxinA_0032_03_": { "x": 112.94, "y": 156.61, "width": 65, "height": 65 }
		},
		"TaoxinA_0033_01_": {
			"TaoxinA_0033_01_": { "x": -179.55, "y": 47.61, "width": 166, "height": 233 }
		},
		"TaoxinA_0033_02_": {
			"TaoxinA_0033_02_": { "x": -35.05, "y": 69.11, "width": 123, "height": 88 }
		},
		"TaoxinA_0033_03_": {
			"TaoxinA_0033_03_": { "x": 122.44, "y": 156.61, "width": 62, "height": 65 }
		},
		"TaoxinA_0034_01_": {
			"TaoxinA_0034_01_": { "x": -204.05, "y": 66.61, "width": 151, "height": 177 }
		},
		"TaoxinA_0034_02_": {
			"TaoxinA_0034_02_": { "x": -110.55, "y": -19.38, "width": 38, "height": 35 }
		},
		"TaoxinA_0034_03_": {
			"TaoxinA_0034_03_": { "x": -199.05, "y": -69.38, "width": 35, "height": 37 }
		},
		"TaoxinA_0034_04_": {
			"TaoxinA_0034_04_": { "x": -33.05, "y": 64.61, "width": 123, "height": 91 }
		},
		"TaoxinA_0034_05_": {
			"TaoxinA_0034_05_": { "x": 127.44, "y": 153.61, "width": 52, "height": 57 }
		},
		"TaoxinA_0035_01_": {
			"TaoxinA_0035_01_": { "x": -191.05, "y": 64.11, "width": 125, "height": 184 }
		},
		"TaoxinA_0035_02_": {
			"TaoxinA_0035_02_": { "x": -275.05, "y": 51.11, "width": 43, "height": 42 }
		},
		"TaoxinA_0035_03_": {
			"TaoxinA_0035_03_": { "x": -203.05, "y": -89.38, "width": 35, "height": 37 }
		},
		"TaoxinA_0035_04_": {
			"TaoxinA_0035_04_": { "x": -54.55, "y": 84.11, "width": 40, "height": 48 }
		},
		"TaoxinA_0035_05_": {
			"TaoxinA_0035_05_": { "x": -107.55, "y": -32.88, "width": 38, "height": 34 }
		},
		"TaoxinA_0035_06_": {
			"TaoxinA_0035_06_": { "x": -33.55, "y": 39.11, "width": 128, "height": 52 }
		},
		"TaoxinA_0035_07_": {
			"TaoxinA_0035_07_": { "x": 139.94, "y": 151.61, "width": 55, "height": 53 }
		},
		"TaoxinA_0036_01_": {
			"TaoxinA_0036_01_": { "x": -171.55, "y": 91.11, "width": 122, "height": 182 }
		},
		"TaoxinA_0036_02_": {
			"TaoxinA_0036_02_": { "x": -293.55, "y": 44.61, "width": 44, "height": 39 }
		},
		"TaoxinA_0036_03_": {
			"TaoxinA_0036_03_": { "x": -207.55, "y": -111.38, "width": 34, "height": 35 }
		},
		"TaoxinA_0036_04_": {
			"TaoxinA_0036_04_": { "x": -135.05, "y": -31.88, "width": 101, "height": 64 }
		},
		"TaoxinA_0036_05_": {
			"TaoxinA_0036_05_": { "x": -40.55, "y": 85.11, "width": 38, "height": 40 }
		},
		"TaoxinA_0036_06_": {
			"TaoxinA_0036_06_": { "x": -35.05, "y": 27.11, "width": 129, "height": 44 }
		},
		"TaoxinA_0036_07_": {
			"TaoxinA_0036_07_": { "x": 172.44, "y": 166.61, "width": 26, "height": 29 }
		},
		"TaoxinA_0037_01_": {
			"TaoxinA_0037_01_": { "x": -170.05, "y": 96.61, "width": 117, "height": 187 }
		},
		"TaoxinA_0037_02_": {
			"TaoxinA_0037_02_": { "x": -27.05, "y": 82.61, "width": 37, "height": 39 }
		},
		"TaoxinA_0037_03_": {
			"TaoxinA_0037_03_": { "x": -131.55, "y": -45.88, "width": 100, "height": 64 }
		},
		"TaoxinA_0037_04_": {
			"TaoxinA_0037_04_": { "x": -212.05, "y": -132.38, "width": 31, "height": 33 }
		},
		"TaoxinA_0038_01_": {
			"TaoxinA_0038_01_": { "x": -177.05, "y": 83.61, "width": 125, "height": 171 }
		},
		"TaoxinA_0038_02_": {
			"TaoxinA_0038_02_": { "x": -154.55, "y": -45.38, "width": 48, "height": 43 }
		},
		"TaoxinA_0038_03_": {
			"TaoxinA_0038_03_": { "x": -17.05, "y": 80.61, "width": 35, "height": 37 }
		},
		"TaoxinA_0039_01_": {
			"TaoxinA_0039_01_": { "x": -176.55, "y": 72.11, "width": 130, "height": 174 }
		},
		"TaoxinA_0039_02_": {
			"TaoxinA_0039_02_": { "x": -151.05, "y": -60.38, "width": 47, "height": 41 }
		},
		"TaoxinA_0040_01_": {
			"TaoxinA_0040_01_": { "x": -151.55, "y": 108.11, "width": 130, "height": 170 }
		},
		"TaoxinA_0040_02_": {
			"TaoxinA_0040_02_": { "x": -193.55, "y": -6.38, "width": 40, "height": 41 }
		},
		"TaoxinA_0040_03_": {
			"TaoxinA_0040_03_": { "x": -146.05, "y": -73.38, "width": 43, "height": 37 }
		},
		"TaoxinA_0041_01_": {
			"TaoxinA_0041_01_": { "x": -126.05, "y": 108.61, "width": 149, "height": 145 }
		},
		"TaoxinA_0041_02_": {
			"TaoxinA_0041_02_": { "x": -193.05, "y": -18.88, "width": 39, "height": 42 }
		},
		"TaoxinA_0042_01_": {
			"TaoxinA_0042_01_": { "x": -113.05, "y": 133.61, "width": 235, "height": 109 }
		},
		"TaoxinA_0042_02_": {
			"TaoxinA_0042_02_": { "x": -192.55, "y": -28.88, "width": 38, "height": 40 }
		},
		"TaoxinA_0043_01_": {
			"TaoxinA_0043_01_": { "x": -47.55, "y": 153.61, "width": 188, "height": 125 }
		},
		"TaoxinA_0043_02_": {
			"TaoxinA_0043_02_": { "x": -192.05, "y": 116.61, "width": 91, "height": 47 }
		},
		"TaoxinA_0043_03_": {
			"TaoxinA_0043_03_": { "x": -191.55, "y": -41.88, "width": 36, "height": 38 }
		},
		"TaoxinA_0044_01_": {
			"TaoxinA_0044_01_": { "x": -34.55, "y": 172.61, "width": 206, "height": 177 }
		},
		"TaoxinA_0044_02_": {
			"TaoxinA_0044_02_": { "x": -194.55, "y": 110.61, "width": 100, "height": 49 }
		},
		"TaoxinA_0045_01_": {
			"TaoxinA_0045_01_": { "x": 2.94, "y": 189.11, "width": 137, "height": 170 }
		},
		"TaoxinA_0045_02_": {
			"TaoxinA_0045_02_": { "x": -118.05, "y": 118.61, "width": 105, "height": 83 }
		},
		"TaoxinA_0045_03_": {
			"TaoxinA_0045_03_": { "x": -230.55, "y": 109.11, "width": 42, "height": 44 }
		},
		"TaoxinA_0046_01_": {
			"TaoxinA_0046_01_": { "x": 9.44, "y": 180.11, "width": 136, "height": 160 }
		},
		"TaoxinA_0046_02_": {
			"TaoxinA_0046_02_": { "x": -98.05, "y": 114.11, "width": 67, "height": 88 }
		},
		"TaoxinA_0046_03_": {
			"TaoxinA_0046_03_": { "x": -153.05, "y": 86.61, "width": 29, "height": 27 }
		},
		"TaoxinA_0046_04_": {
			"TaoxinA_0046_04_": { "x": -236.55, "y": 105.11, "width": 42, "height": 44 }
		},
		"TaoxinA_0047_01_": {
			"TaoxinA_0047_01_": { "x": 130.44, "y": 233.11, "width": 44, "height": 46 }
		},
		"TaoxinA_0047_02_": {
			"TaoxinA_0047_02_": { "x": -115.55, "y": 110.11, "width": 98, "height": 94 }
		},
		"TaoxinA_0047_03_": {
			"TaoxinA_0047_03_": { "x": 8.94, "y": 179.11, "width": 137, "height": 184 }
		},
		"TaoxinA_0047_04_": {
			"TaoxinA_0047_04_": { "x": -243.55, "y": 100.61, "width": 42, "height": 43 }
		},
		"TaoxinA_0048_01_": {
			"TaoxinA_0048_01_": { "x": 135.94, "y": 234.11, "width": 43, "height": 46 }
		},
		"TaoxinA_0048_02_": {
			"TaoxinA_0048_02_": { "x": 34.94, "y": 116.61, "width": 61, "height": 51 }
		},
		"TaoxinA_0048_03_": {
			"TaoxinA_0048_03_": { "x": 38.44, "y": 210.11, "width": 130, "height": 148 }
		},
		"TaoxinA_0048_04_": {
			"TaoxinA_0048_04_": { "x": -84.05, "y": 106.11, "width": 153, "height": 100 }
		},
		"TaoxinA_0048_05_": {
			"TaoxinA_0048_05_": { "x": -250.55, "y": 95.61, "width": 40, "height": 43 }
		},
		"TaoxinA_0049_01_": {
			"TaoxinA_0049_01_": { "x": 35.44, "y": 210.11, "width": 118, "height": 150 }
		},
		"TaoxinA_0049_02_": {
			"TaoxinA_0049_02_": { "x": 35.94, "y": 110.61, "width": 63, "height": 49 }
		},
		"TaoxinA_0049_03_": {
			"TaoxinA_0049_03_": { "x": 141.94, "y": 235.61, "width": 43, "height": 45 }
		},
		"TaoxinA_0049_04_": {
			"TaoxinA_0049_04_": { "x": -86.05, "y": 101.61, "width": 141, "height": 105 }
		},
		"TaoxinA_0049_05_": {
			"TaoxinA_0049_05_": { "x": -257.05, "y": 91.61, "width": 39, "height": 41 }
		},
		"TaoxinA_0050_01_": {
			"TaoxinA_0050_01_": { "x": 38.94, "y": 197.61, "width": 149, "height": 103 }
		},
		"TaoxinA_0050_02_": {
			"TaoxinA_0050_02_": { "x": 147.94, "y": 237.11, "width": 43, "height": 46 }
		},
		"TaoxinA_0050_03_": {
			"TaoxinA_0050_03_": { "x": 36.44, "y": 108.11, "width": 64, "height": 52 }
		},
		"TaoxinA_0050_04_": {
			"TaoxinA_0050_04_": { "x": -71.05, "y": 98.11, "width": 115, "height": 110 }
		},
		"TaoxinA_0050_05_": {
			"TaoxinA_0050_05_": { "x": -264.55, "y": 86.61, "width": 36, "height": 39 }
		},
		"TaoxinA_0051_01_": {
			"TaoxinA_0051_01_": { "x": 40.44, "y": 211.61, "width": 152, "height": 127 }
		},
		"TaoxinA_0051_02_": {
			"TaoxinA_0051_02_": { "x": 152.94, "y": 238.11, "width": 43, "height": 46 }
		},
		"TaoxinA_0051_03_": {
			"TaoxinA_0051_03_": { "x": 37.44, "y": 104.11, "width": 66, "height": 52 }
		},
		"TaoxinA_0051_04_": {
			"TaoxinA_0051_04_": { "x": -68.05, "y": 93.61, "width": 117, "height": 115 }
		},
		"TaoxinA_0052_01_": {
			"TaoxinA_0052_01_": { "x": 47.94, "y": 218.61, "width": 143, "height": 139 }
		},
		"TaoxinA_0052_02_": {
			"TaoxinA_0052_02_": { "x": 158.44, "y": 239.61, "width": 42, "height": 45 }
		},
		"TaoxinA_0052_03_": {
			"TaoxinA_0052_03_": { "x": 38.94, "y": 100.11, "width": 67, "height": 52 }
		},
		"TaoxinA_0052_04_": {
			"TaoxinA_0052_04_": { "x": -83.05, "y": 85.61, "width": 83, "height": 127 }
		},
		"TaoxinA_0053_01_": {
			"TaoxinA_0053_01_": { "x": 43.44, "y": 214.11, "width": 156, "height": 132 }
		},
		"TaoxinA_0053_02_": {
			"TaoxinA_0053_02_": { "x": 164.44, "y": 240.11, "width": 42, "height": 44 }
		},
		"TaoxinA_0053_03_": {
			"TaoxinA_0053_03_": { "x": 37.44, "y": 97.61, "width": 62, "height": 45 }
		},
		"TaoxinA_0053_04_": {
			"TaoxinA_0053_04_": { "x": -65.55, "y": 27.11, "width": 30, "height": 32 }
		},
		"TaoxinA_0054_01_": {
			"TaoxinA_0054_01_": { "x": 23.44, "y": 213.11, "width": 118, "height": 136 }
		},
		"TaoxinA_0054_02_": {
			"TaoxinA_0054_02_": { "x": 170.44, "y": 241.61, "width": 42, "height": 43 }
		},
		"TaoxinA_0054_03_": {
			"TaoxinA_0054_03_": { "x": 107.94, "y": 160.61, "width": 35, "height": 33 }
		},
		"TaoxinA_0055_01_": {
			"TaoxinA_0055_01_": { "x": 25.94, "y": 210.11, "width": 121, "height": 144 }
		},
		"TaoxinA_0055_02_": {
			"TaoxinA_0055_02_": { "x": 110.44, "y": 157.11, "width": 34, "height": 34 }
		},
		"TaoxinA_0055_03_": {
			"TaoxinA_0055_03_": { "x": 176.44, "y": 242.61, "width": 38, "height": 41 }
		},
		"TaoxinA_0056_01_": {
			"TaoxinA_0056_01_": { "x": 26.44, "y": 197.11, "width": 136, "height": 154 }
		},
		"TaoxinA_0056_02_": {
			"TaoxinA_0056_02_": { "x": 112.94, "y": 154.11, "width": 33, "height": 32 }
		},
		"TaoxinA_0057_01_": {
			"TaoxinA_0057_01_": { "x": 22.44, "y": 180.61, "width": 150, "height": 141 }
		},
		"TaoxinA_0057_02_": {
			"TaoxinA_0057_02_": { "x": 115.44, "y": 151.61, "width": 32, "height": 31 }
		}
	}
},
"animations": {
	"animation": {
		"slots": {
			"TaoxinA_0000_01_": {
				"attachment": [
					{ "time": 0, "name": "TaoxinA_0000_01_" },
					{ "time": 0.0666, "name": "TaoxinA_0000_01_" },
					{ "time": 0.1, "name": null }
				]
			},
			"TaoxinA_0001_01_": {
				"attachment": [
					{ "time": 0, "name": "TaoxinA_0001_01_" },
					{ "time": 0.0666, "name": "TaoxinA_0001_01_" },
					{ "time": 0.1, "name": null }
				]
			},
			"TaoxinA_0002_01_": {
				"attachment": [
					{ "time": 0, "name": null },
					{ "time": 0.0666, "name": null },
					{ "time": 0.1, "name": "TaoxinA_0002_01_" },
					{ "time": 0.1666, "name": "TaoxinA_0002_01_" },
					{ "time": 0.2, "name": null }
				]
			},
			"TaoxinA_0003_01_": {
				"attachment": [
					{ "time": 0, "name": null },
					{ "time": 0.1666, "name": null },
					{ "time": 0.2, "name": "TaoxinA_0003_01_" },
					{ "time": 0.2666, "name": "TaoxinA_0003_01_" },
					{ "time": 0.3, "name": null }
				]
			},
			"TaoxinA_0004_01_": {
				"attachment": [
					{ "time": 0, "name": null },
					{ "time": 0.2666, "name": null },
					{ "time": 0.3, "name": "TaoxinA_0004_01_" },
					{ "time": 0.3666, "name": "TaoxinA_0004_01_" },
					{ "time": 0.4, "name": null }
				]
			},
			"TaoxinA_0005_01_": {
				"attachment": [
					{ "time": 0, "name": null },
					{ "time": 0.3666, "name": null },
					{ "time": 0.4, "name": "TaoxinA_0005_01_" },
					{ "time": 0.4666, "name": "TaoxinA_0005_01_" },
					{ "time": 0.5, "name": null }
				]
			},
			"TaoxinA_0006_01_": {
				"attachment": [
					{ "time": 0, "name": null },
					{ "time": 0.4666, "name": null },
					{ "time": 0.5, "name": "TaoxinA_0006_01_" },
					{ "time": 0.5666, "name": "TaoxinA_0006_01_" },
					{ "time": 0.6, "name": null }
				]
			},
			"TaoxinA_0007_01_": {
				"attachment": [
					{ "time": 0, "name": null },
					{ "time": 0.5666, "name": null },
					{ "time": 0.6, "name": "TaoxinA_0007_01_" },
					{ "time": 0.6666, "name": "TaoxinA_0007_01_" },
					{ "time": 0.7, "name": null }
				]
			},
			"TaoxinA_0008_01_": {
				"attachment": [
					{ "time": 0, "name": null },
					{ "time": 0.6666, "name": null },
					{ "time": 0.7, "name": "TaoxinA_0008_01_" },
					{ "time": 0.7666, "name": "TaoxinA_0008_01_" },
					{ "time": 0.8, "name": null }
				]
			},
			"TaoxinA_0009_01_": {
				"attachment": [
					{ "time": 0, "name": null },
					{ "time": 0.7666, "name": null },
					{ "time": 0.8, "name": "TaoxinA_0009_01_" },
					{ "time": 0.8666, "name": "TaoxinA_0009_01_" },
					{ "time": 0.9, "name": null }
				]
			},
			"TaoxinA_0010_01_": {
				"attachment": [
					{ "time": 0, "name": null },
					{ "time": 0.8666, "name": null },
					{ "time": 0.9, "name": "TaoxinA_0010_01_" },
					{ "time": 0.9666, "name": "TaoxinA_0010_01_" },
					{ "time": 1, "name": null }
				]
			},
			"TaoxinA_0011_01_": {
				"attachment": [
					{ "time": 0, "name": null },
					{ "time": 0.9666, "name": null },
					{ "time": 1, "name": "TaoxinA_0011_01_" },
					{ "time": 1.0666, "name": "TaoxinA_0011_01_" },
					{ "time": 1.1, "name": null }
				]
			},
			"TaoxinA_0012_01_": {
				"attachment": [
					{ "time": 0, "name": null },
					{ "time": 1.0666, "name": null },
					{ "time": 1.1, "name": "TaoxinA_0012_01_" },
					{ "time": 1.1666, "name": "TaoxinA_0012_01_" },
					{ "time": 1.2, "name": null }
				]
			},
			"TaoxinA_0013_01_": {
				"attachment": [
					{ "time": 0, "name": null },
					{ "time": 1.1666, "name": null },
					{ "time": 1.2, "name": "TaoxinA_0013_01_" },
					{ "time": 1.2666, "name": "TaoxinA_0013_01_" },
					{ "time": 1.3, "name": null }
				]
			},
			"TaoxinA_0014_01_": {
				"attachment": [
					{ "time": 0, "name": null },
					{ "time": 1.2666, "name": null },
					{ "time": 1.3, "name": "TaoxinA_0014_01_" },
					{ "time": 1.3666, "name": "TaoxinA_0014_01_" },
					{ "time": 1.4, "name": null }
				]
			},
			"TaoxinA_0015_01_": {
				"attachment": [
					{ "time": 0, "name": null },
					{ "time": 1.3666, "name": null },
					{ "time": 1.4, "name": "TaoxinA_0015_01_" },
					{ "time": 1.4666, "name": "TaoxinA_0015_01_" },
					{ "time": 1.5, "name": null }
				]
			},
			"TaoxinA_0016_01_": {
				"attachment": [
					{ "time": 0, "name": null },
					{ "time": 1.4666, "name": null },
					{ "time": 1.5, "name": "TaoxinA_0016_01_" },
					{ "time": 1.5666, "name": "TaoxinA_0016_01_" },
					{ "time": 1.6, "name": null }
				]
			},
			"TaoxinA_0017_01_": {
				"attachment": [
					{ "time": 0, "name": null },
					{ "time": 1.5666, "name": null },
					{ "time": 1.6, "name": "TaoxinA_0017_01_" },
					{ "time": 1.6666, "name": "TaoxinA_0017_01_" },
					{ "time": 1.7, "name": null }
				]
			},
			"TaoxinA_0017_02_": {
				"attachment": [
					{ "time": 0, "name": null },
					{ "time": 1.5666, "name": null },
					{ "time": 1.6, "name": "TaoxinA_0017_02_" },
					{ "time": 1.6666, "name": "TaoxinA_0017_02_" },
					{ "time": 1.7, "name": null }
				]
			},
			"TaoxinA_0017_03_": {
				"attachment": [
					{ "time": 0, "name": null },
					{ "time": 1.5666, "name": null },
					{ "time": 1.6, "name": "TaoxinA_0017_03_" },
					{ "time": 1.6666, "name": "TaoxinA_0017_03_" },
					{ "time": 1.7, "name": null }
				]
			},
			"TaoxinA_0018_01_": {
				"attachment": [
					{ "time": 0, "name": null },
					{ "time": 1.6666, "name": null },
					{ "time": 1.7, "name": "TaoxinA_0018_01_" },
					{ "time": 1.7666, "name": "TaoxinA_0018_01_" },
					{ "time": 1.8, "name": null }
				]
			},
			"TaoxinA_0018_02_": {
				"attachment": [
					{ "time": 0, "name": null },
					{ "time": 1.6666, "name": null },
					{ "time": 1.7, "name": "TaoxinA_0018_02_" },
					{ "time": 1.7666, "name": "TaoxinA_0018_02_" },
					{ "time": 1.8, "name": null }
				]
			},
			"TaoxinA_0019_01_": {
				"attachment": [
					{ "time": 0, "name": null },
					{ "time": 1.7666, "name": null },
					{ "time": 1.8, "name": "TaoxinA_0019_01_" },
					{ "time": 1.8666, "name": "TaoxinA_0019_01_" },
					{ "time": 1.9, "name": null }
				]
			},
			"TaoxinA_0019_02_": {
				"attachment": [
					{ "time": 0, "name": null },
					{ "time": 1.7666, "name": null },
					{ "time": 1.8, "name": "TaoxinA_0019_02_" },
					{ "time": 1.8666, "name": "TaoxinA_0019_02_" },
					{ "time": 1.9, "name": null }
				]
			},
			"TaoxinA_0020_01_": {
				"attachment": [
					{ "time": 0, "name": null },
					{ "time": 1.8666, "name": null },
					{ "time": 1.9, "name": "TaoxinA_0020_01_" },
					{ "time": 1.9666, "name": "TaoxinA_0020_01_" },
					{ "time": 2, "name": null }
				]
			},
			"TaoxinA_0020_02_": {
				"attachment": [
					{ "time": 0, "name": null },
					{ "time": 1.8666, "name": null },
					{ "time": 1.9, "name": "TaoxinA_0020_02_" },
					{ "time": 1.9666, "name": "TaoxinA_0020_02_" },
					{ "time": 2, "name": null }
				]
			},
			"TaoxinA_0021_01_": {
				"attachment": [
					{ "time": 0, "name": null },
					{ "time": 1.9666, "name": null },
					{ "time": 2, "name": "TaoxinA_0021_01_" },
					{ "time": 2.0666, "name": "TaoxinA_0021_01_" },
					{ "time": 2.1, "name": null }
				]
			},
			"TaoxinA_0021_02_": {
				"attachment": [
					{ "time": 0, "name": null },
					{ "time": 1.9666, "name": null },
					{ "time": 2, "name": "TaoxinA_0021_02_" },
					{ "time": 2.0666, "name": "TaoxinA_0021_02_" },
					{ "time": 2.1, "name": null }
				]
			},
			"TaoxinA_0022_01_": {
				"attachment": [
					{ "time": 0, "name": null },
					{ "time": 2.0666, "name": null },
					{ "time": 2.1, "name": "TaoxinA_0022_01_" },
					{ "time": 2.1666, "name": "TaoxinA_0022_01_" },
					{ "time": 2.2, "name": null }
				]
			},
			"TaoxinA_0022_02_": {
				"attachment": [
					{ "time": 0, "name": null },
					{ "time": 2.0666, "name": null },
					{ "time": 2.1, "name": "TaoxinA_0022_02_" },
					{ "time": 2.1666, "name": "TaoxinA_0022_02_" },
					{ "time": 2.2, "name": null }
				]
			},
			"TaoxinA_0023_01_": {
				"attachment": [
					{ "time": 0, "name": null },
					{ "time": 2.1666, "name": null },
					{ "time": 2.2, "name": "TaoxinA_0023_01_" },
					{ "time": 2.2666, "name": "TaoxinA_0023_01_" },
					{ "time": 2.3, "name": null }
				]
			},
			"TaoxinA_0023_02_": {
				"attachment": [
					{ "time": 0, "name": null },
					{ "time": 2.1666, "name": null },
					{ "time": 2.2, "name": "TaoxinA_0023_02_" },
					{ "time": 2.2666, "name": "TaoxinA_0023_02_" },
					{ "time": 2.3, "name": null }
				]
			},
			"TaoxinA_0024_01_": {
				"attachment": [
					{ "time": 0, "name": null },
					{ "time": 2.2666, "name": null },
					{ "time": 2.3, "name": "TaoxinA_0024_01_" },
					{ "time": 2.3666, "name": "TaoxinA_0024_01_" },
					{ "time": 2.4, "name": null }
				]
			},
			"TaoxinA_0024_02_": {
				"attachment": [
					{ "time": 0, "name": null },
					{ "time": 2.2666, "name": null },
					{ "time": 2.3, "name": "TaoxinA_0024_02_" },
					{ "time": 2.3666, "name": "TaoxinA_0024_02_" },
					{ "time": 2.4, "name": null }
				]
			},
			"TaoxinA_0024_03_": {
				"attachment": [
					{ "time": 0, "name": null },
					{ "time": 2.2666, "name": null },
					{ "time": 2.3, "name": "TaoxinA_0024_03_" },
					{ "time": 2.3666, "name": "TaoxinA_0024_03_" },
					{ "time": 2.4, "name": null }
				]
			},
			"TaoxinA_0025_01_": {
				"attachment": [
					{ "time": 0, "name": null },
					{ "time": 2.3666, "name": null },
					{ "time": 2.4, "name": "TaoxinA_0025_01_" },
					{ "time": 2.4666, "name": "TaoxinA_0025_01_" },
					{ "time": 2.5, "name": null }
				]
			},
			"TaoxinA_0025_02_": {
				"attachment": [
					{ "time": 0, "name": null },
					{ "time": 2.3666, "name": null },
					{ "time": 2.4, "name": "TaoxinA_0025_02_" },
					{ "time": 2.4666, "name": "TaoxinA_0025_02_" },
					{ "time": 2.5, "name": null }
				]
			},
			"TaoxinA_0026_01_": {
				"attachment": [
					{ "time": 0, "name": null },
					{ "time": 2.4666, "name": null },
					{ "time": 2.5, "name": "TaoxinA_0026_01_" },
					{ "time": 2.5666, "name": "TaoxinA_0026_01_" },
					{ "time": 2.6, "name": null }
				]
			},
			"TaoxinA_0026_02_": {
				"attachment": [
					{ "time": 0, "name": null },
					{ "time": 2.4666, "name": null },
					{ "time": 2.5, "name": "TaoxinA_0026_02_" },
					{ "time": 2.5666, "name": "TaoxinA_0026_02_" },
					{ "time": 2.6, "name": null }
				]
			},
			"TaoxinA_0027_01_": {
				"attachment": [
					{ "time": 0, "name": null },
					{ "time": 2.5666, "name": null },
					{ "time": 2.6, "name": "TaoxinA_0027_01_" },
					{ "time": 2.6666, "name": "TaoxinA_0027_01_" },
					{ "time": 2.7, "name": null }
				]
			},
			"TaoxinA_0027_02_": {
				"attachment": [
					{ "time": 0, "name": null },
					{ "time": 2.5666, "name": null },
					{ "time": 2.6, "name": "TaoxinA_0027_02_" },
					{ "time": 2.6666, "name": "TaoxinA_0027_02_" },
					{ "time": 2.7, "name": null }
				]
			},
			"TaoxinA_0028_01_": {
				"attachment": [
					{ "time": 0, "name": null },
					{ "time": 2.6666, "name": null },
					{ "time": 2.7, "name": "TaoxinA_0028_01_" },
					{ "time": 2.7666, "name": "TaoxinA_0028_01_" },
					{ "time": 2.8, "name": null }
				]
			},
			"TaoxinA_0028_02_": {
				"attachment": [
					{ "time": 0, "name": null },
					{ "time": 2.6666, "name": null },
					{ "time": 2.7, "name": "TaoxinA_0028_02_" },
					{ "time": 2.7666, "name": "TaoxinA_0028_02_" },
					{ "time": 2.8, "name": null }
				]
			},
			"TaoxinA_0029_01_": {
				"attachment": [
					{ "time": 0, "name": null },
					{ "time": 2.7666, "name": null },
					{ "time": 2.8, "name": "TaoxinA_0029_01_" },
					{ "time": 2.8666, "name": "TaoxinA_0029_01_" },
					{ "time": 2.9, "name": null }
				]
			},
			"TaoxinA_0029_02_": {
				"attachment": [
					{ "time": 0, "name": null },
					{ "time": 2.7666, "name": null },
					{ "time": 2.8, "name": "TaoxinA_0029_02_" },
					{ "time": 2.8666, "name": "TaoxinA_0029_02_" },
					{ "time": 2.9, "name": null }
				]
			},
			"TaoxinA_0029_03_": {
				"attachment": [
					{ "time": 0, "name": null },
					{ "time": 2.7666, "name": null },
					{ "time": 2.8, "name": "TaoxinA_0029_03_" },
					{ "time": 2.8666, "name": "TaoxinA_0029_03_" },
					{ "time": 2.9, "name": null }
				]
			},
			"TaoxinA_0030_01_": {
				"attachment": [
					{ "time": 0, "name": null },
					{ "time": 2.8666, "name": null },
					{ "time": 2.9, "name": "TaoxinA_0030_01_" },
					{ "time": 2.9666, "name": "TaoxinA_0030_01_" },
					{ "time": 3, "name": null }
				]
			},
			"TaoxinA_0030_02_": {
				"attachment": [
					{ "time": 0, "name": null },
					{ "time": 2.8666, "name": null },
					{ "time": 2.9, "name": "TaoxinA_0030_02_" },
					{ "time": 2.9666, "name": "TaoxinA_0030_02_" },
					{ "time": 3, "name": null }
				]
			},
			"TaoxinA_0030_03_": {
				"attachment": [
					{ "time": 0, "name": null },
					{ "time": 2.8666, "name": null },
					{ "time": 2.9, "name": "TaoxinA_0030_03_" },
					{ "time": 2.9666, "name": "TaoxinA_0030_03_" },
					{ "time": 3, "name": null }
				]
			},
			"TaoxinA_0030_04_": {
				"attachment": [
					{ "time": 0, "name": null },
					{ "time": 2.8666, "name": null },
					{ "time": 2.9, "name": "TaoxinA_0030_04_" },
					{ "time": 2.9666, "name": "TaoxinA_0030_04_" },
					{ "time": 3, "name": null }
				]
			},
			"TaoxinA_0031_01_": {
				"attachment": [
					{ "time": 0, "name": null },
					{ "time": 2.9666, "name": null },
					{ "time": 3, "name": "TaoxinA_0031_01_" },
					{ "time": 3.0666, "name": "TaoxinA_0031_01_" },
					{ "time": 3.1, "name": null }
				]
			},
			"TaoxinA_0031_02_": {
				"attachment": [
					{ "time": 0, "name": null },
					{ "time": 2.9666, "name": null },
					{ "time": 3, "name": "TaoxinA_0031_02_" },
					{ "time": 3.0666, "name": "TaoxinA_0031_02_" },
					{ "time": 3.1, "name": null }
				]
			},
			"TaoxinA_0031_03_": {
				"attachment": [
					{ "time": 0, "name": null },
					{ "time": 2.9666, "name": null },
					{ "time": 3, "name": "TaoxinA_0031_03_" },
					{ "time": 3.0666, "name": "TaoxinA_0031_03_" },
					{ "time": 3.1, "name": null }
				]
			},
			"TaoxinA_0031_04_": {
				"attachment": [
					{ "time": 0, "name": null },
					{ "time": 2.9666, "name": null },
					{ "time": 3, "name": "TaoxinA_0031_04_" },
					{ "time": 3.0666, "name": "TaoxinA_0031_04_" },
					{ "time": 3.1, "name": null }
				]
			},
			"TaoxinA_0032_01_": {
				"attachment": [
					{ "time": 0, "name": null },
					{ "time": 3.0666, "name": null },
					{ "time": 3.1, "name": "TaoxinA_0032_01_" },
					{ "time": 3.1666, "name": "TaoxinA_0032_01_" },
					{ "time": 3.2, "name": null }
				]
			},
			"TaoxinA_0032_02_": {
				"attachment": [
					{ "time": 0, "name": null },
					{ "time": 3.0666, "name": null },
					{ "time": 3.1, "name": "TaoxinA_0032_02_" },
					{ "time": 3.1666, "name": "TaoxinA_0032_02_" },
					{ "time": 3.2, "name": null }
				]
			},
			"TaoxinA_0032_03_": {
				"attachment": [
					{ "time": 0, "name": null },
					{ "time": 3.0666, "name": null },
					{ "time": 3.1, "name": "TaoxinA_0032_03_" },
					{ "time": 3.1666, "name": "TaoxinA_0032_03_" },
					{ "time": 3.2, "name": null }
				]
			},
			"TaoxinA_0033_01_": {
				"attachment": [
					{ "time": 0, "name": null },
					{ "time": 3.1666, "name": null },
					{ "time": 3.2, "name": "TaoxinA_0033_01_" },
					{ "time": 3.2666, "name": "TaoxinA_0033_01_" },
					{ "time": 3.3, "name": null }
				]
			},
			"TaoxinA_0033_02_": {
				"attachment": [
					{ "time": 0, "name": null },
					{ "time": 3.1666, "name": null },
					{ "time": 3.2, "name": "TaoxinA_0033_02_" },
					{ "time": 3.2666, "name": "TaoxinA_0033_02_" },
					{ "time": 3.3, "name": null }
				]
			},
			"TaoxinA_0033_03_": {
				"attachment": [
					{ "time": 0, "name": null },
					{ "time": 3.1666, "name": null },
					{ "time": 3.2, "name": "TaoxinA_0033_03_" },
					{ "time": 3.2666, "name": "TaoxinA_0033_03_" },
					{ "time": 3.3, "name": null }
				]
			},
			"TaoxinA_0034_01_": {
				"attachment": [
					{ "time": 0, "name": null },
					{ "time": 3.2666, "name": null },
					{ "time": 3.3, "name": "TaoxinA_0034_01_" },
					{ "time": 3.3666, "name": "TaoxinA_0034_01_" },
					{ "time": 3.4, "name": null }
				]
			},
			"TaoxinA_0034_02_": {
				"attachment": [
					{ "time": 0, "name": null },
					{ "time": 3.2666, "name": null },
					{ "time": 3.3, "name": "TaoxinA_0034_02_" },
					{ "time": 3.3666, "name": "TaoxinA_0034_02_" },
					{ "time": 3.4, "name": null }
				]
			},
			"TaoxinA_0034_03_": {
				"attachment": [
					{ "time": 0, "name": null },
					{ "time": 3.2666, "name": null },
					{ "time": 3.3, "name": "TaoxinA_0034_03_" },
					{ "time": 3.3666, "name": "TaoxinA_0034_03_" },
					{ "time": 3.4, "name": null }
				]
			},
			"TaoxinA_0034_04_": {
				"attachment": [
					{ "time": 0, "name": null },
					{ "time": 3.2666, "name": null },
					{ "time": 3.3, "name": "TaoxinA_0034_04_" },
					{ "time": 3.3666, "name": "TaoxinA_0034_04_" },
					{ "time": 3.4, "name": null }
				]
			},
			"TaoxinA_0034_05_": {
				"attachment": [
					{ "time": 0, "name": null },
					{ "time": 3.2666, "name": null },
					{ "time": 3.3, "name": "TaoxinA_0034_05_" },
					{ "time": 3.3666, "name": "TaoxinA_0034_05_" },
					{ "time": 3.4, "name": null }
				]
			},
			"TaoxinA_0035_01_": {
				"attachment": [
					{ "time": 0, "name": null },
					{ "time": 3.3666, "name": null },
					{ "time": 3.4, "name": "TaoxinA_0035_01_" },
					{ "time": 3.4666, "name": "TaoxinA_0035_01_" },
					{ "time": 3.5, "name": null }
				]
			},
			"TaoxinA_0035_02_": {
				"attachment": [
					{ "time": 0, "name": null },
					{ "time": 3.3666, "name": null },
					{ "time": 3.4, "name": "TaoxinA_0035_02_" },
					{ "time": 3.4666, "name": "TaoxinA_0035_02_" },
					{ "time": 3.5, "name": null }
				]
			},
			"TaoxinA_0035_03_": {
				"attachment": [
					{ "time": 0, "name": null },
					{ "time": 3.3666, "name": null },
					{ "time": 3.4, "name": "TaoxinA_0035_03_" },
					{ "time": 3.4666, "name": "TaoxinA_0035_03_" },
					{ "time": 3.5, "name": null }
				]
			},
			"TaoxinA_0035_04_": {
				"attachment": [
					{ "time": 0, "name": null },
					{ "time": 3.3666, "name": null },
					{ "time": 3.4, "name": "TaoxinA_0035_04_" },
					{ "time": 3.4666, "name": "TaoxinA_0035_04_" },
					{ "time": 3.5, "name": null }
				]
			},
			"TaoxinA_0035_05_": {
				"attachment": [
					{ "time": 0, "name": null },
					{ "time": 3.3666, "name": null },
					{ "time": 3.4, "name": "TaoxinA_0035_05_" },
					{ "time": 3.4666, "name": "TaoxinA_0035_05_" },
					{ "time": 3.5, "name": null }
				]
			},
			"TaoxinA_0035_06_": {
				"attachment": [
					{ "time": 0, "name": null },
					{ "time": 3.3666, "name": null },
					{ "time": 3.4, "name": "TaoxinA_0035_06_" },
					{ "time": 3.4666, "name": "TaoxinA_0035_06_" },
					{ "time": 3.5, "name": null }
				]
			},
			"TaoxinA_0035_07_": {
				"attachment": [
					{ "time": 0, "name": null },
					{ "time": 3.3666, "name": null },
					{ "time": 3.4, "name": "TaoxinA_0035_07_" },
					{ "time": 3.4666, "name": "TaoxinA_0035_07_" },
					{ "time": 3.5, "name": null }
				]
			},
			"TaoxinA_0036_01_": {
				"attachment": [
					{ "time": 0, "name": null },
					{ "time": 3.4666, "name": null },
					{ "time": 3.5, "name": "TaoxinA_0036_01_" },
					{ "time": 3.5666, "name": "TaoxinA_0036_01_" },
					{ "time": 3.6, "name": null }
				]
			},
			"TaoxinA_0036_02_": {
				"attachment": [
					{ "time": 0, "name": null },
					{ "time": 3.4666, "name": null },
					{ "time": 3.5, "name": "TaoxinA_0036_02_" },
					{ "time": 3.5666, "name": "TaoxinA_0036_02_" },
					{ "time": 3.6, "name": null }
				]
			},
			"TaoxinA_0036_03_": {
				"attachment": [
					{ "time": 0, "name": null },
					{ "time": 3.4666, "name": null },
					{ "time": 3.5, "name": "TaoxinA_0036_03_" },
					{ "time": 3.5666, "name": "TaoxinA_0036_03_" },
					{ "time": 3.6, "name": null }
				]
			},
			"TaoxinA_0036_04_": {
				"attachment": [
					{ "time": 0, "name": null },
					{ "time": 3.4666, "name": null },
					{ "time": 3.5, "name": "TaoxinA_0036_04_" },
					{ "time": 3.5666, "name": "TaoxinA_0036_04_" },
					{ "time": 3.6, "name": null }
				]
			},
			"TaoxinA_0036_05_": {
				"attachment": [
					{ "time": 0, "name": null },
					{ "time": 3.4666, "name": null },
					{ "time": 3.5, "name": "TaoxinA_0036_05_" },
					{ "time": 3.5666, "name": "TaoxinA_0036_05_" },
					{ "time": 3.6, "name": null }
				]
			},
			"TaoxinA_0036_06_": {
				"attachment": [
					{ "time": 0, "name": null },
					{ "time": 3.4666, "name": null },
					{ "time": 3.5, "name": "TaoxinA_0036_06_" },
					{ "time": 3.5666, "name": "TaoxinA_0036_06_" },
					{ "time": 3.6, "name": null }
				]
			},
			"TaoxinA_0036_07_": {
				"attachment": [
					{ "time": 0, "name": null },
					{ "time": 3.4666, "name": null },
					{ "time": 3.5, "name": "TaoxinA_0036_07_" },
					{ "time": 3.5666, "name": "TaoxinA_0036_07_" },
					{ "time": 3.6, "name": null }
				]
			},
			"TaoxinA_0037_01_": {
				"attachment": [
					{ "time": 0, "name": null },
					{ "time": 3.5666, "name": null },
					{ "time": 3.6, "name": "TaoxinA_0037_01_" },
					{ "time": 3.6666, "name": "TaoxinA_0037_01_" },
					{ "time": 3.7, "name": null }
				]
			},
			"TaoxinA_0037_02_": {
				"attachment": [
					{ "time": 0, "name": null },
					{ "time": 3.5666, "name": null },
					{ "time": 3.6, "name": "TaoxinA_0037_02_" },
					{ "time": 3.6666, "name": "TaoxinA_0037_02_" },
					{ "time": 3.7, "name": null }
				]
			},
			"TaoxinA_0037_03_": {
				"attachment": [
					{ "time": 0, "name": null },
					{ "time": 3.5666, "name": null },
					{ "time": 3.6, "name": "TaoxinA_0037_03_" },
					{ "time": 3.6666, "name": "TaoxinA_0037_03_" },
					{ "time": 3.7, "name": null }
				]
			},
			"TaoxinA_0037_04_": {
				"attachment": [
					{ "time": 0, "name": null },
					{ "time": 3.5666, "name": null },
					{ "time": 3.6, "name": "TaoxinA_0037_04_" },
					{ "time": 3.6666, "name": "TaoxinA_0037_04_" },
					{ "time": 3.7, "name": null }
				]
			},
			"TaoxinA_0038_01_": {
				"attachment": [
					{ "time": 0, "name": null },
					{ "time": 3.6666, "name": null },
					{ "time": 3.7, "name": "TaoxinA_0038_01_" },
					{ "time": 3.7666, "name": "TaoxinA_0038_01_" },
					{ "time": 3.8, "name": null }
				]
			},
			"TaoxinA_0038_02_": {
				"attachment": [
					{ "time": 0, "name": null },
					{ "time": 3.6666, "name": null },
					{ "time": 3.7, "name": "TaoxinA_0038_02_" },
					{ "time": 3.7666, "name": "TaoxinA_0038_02_" },
					{ "time": 3.8, "name": null }
				]
			},
			"TaoxinA_0038_03_": {
				"attachment": [
					{ "time": 0, "name": null },
					{ "time": 3.6666, "name": null },
					{ "time": 3.7, "name": "TaoxinA_0038_03_" },
					{ "time": 3.7666, "name": "TaoxinA_0038_03_" },
					{ "time": 3.8, "name": null }
				]
			},
			"TaoxinA_0039_01_": {
				"attachment": [
					{ "time": 0, "name": null },
					{ "time": 3.7666, "name": null },
					{ "time": 3.8, "name": "TaoxinA_0039_01_" },
					{ "time": 3.8666, "name": "TaoxinA_0039_01_" },
					{ "time": 3.9, "name": null }
				]
			},
			"TaoxinA_0039_02_": {
				"attachment": [
					{ "time": 0, "name": null },
					{ "time": 3.7666, "name": null },
					{ "time": 3.8, "name": "TaoxinA_0039_02_" },
					{ "time": 3.8666, "name": "TaoxinA_0039_02_" },
					{ "time": 3.9, "name": null }
				]
			},
			"TaoxinA_0040_01_": {
				"attachment": [
					{ "time": 0, "name": null },
					{ "time": 3.8666, "name": null },
					{ "time": 3.9, "name": "TaoxinA_0040_01_" },
					{ "time": 3.9666, "name": "TaoxinA_0040_01_" },
					{ "time": 4, "name": null }
				]
			},
			"TaoxinA_0040_02_": {
				"attachment": [
					{ "time": 0, "name": null },
					{ "time": 3.8666, "name": null },
					{ "time": 3.9, "name": "TaoxinA_0040_02_" },
					{ "time": 3.9666, "name": "TaoxinA_0040_02_" },
					{ "time": 4, "name": null }
				]
			},
			"TaoxinA_0040_03_": {
				"attachment": [
					{ "time": 0, "name": null },
					{ "time": 3.8666, "name": null },
					{ "time": 3.9, "name": "TaoxinA_0040_03_" },
					{ "time": 3.9666, "name": "TaoxinA_0040_03_" },
					{ "time": 4, "name": null }
				]
			},
			"TaoxinA_0041_01_": {
				"attachment": [
					{ "time": 0, "name": null },
					{ "time": 3.9666, "name": null },
					{ "time": 4, "name": "TaoxinA_0041_01_" },
					{ "time": 4.0666, "name": "TaoxinA_0041_01_" },
					{ "time": 4.1, "name": null }
				]
			},
			"TaoxinA_0041_02_": {
				"attachment": [
					{ "time": 0, "name": null },
					{ "time": 3.9666, "name": null },
					{ "time": 4, "name": "TaoxinA_0041_02_" },
					{ "time": 4.0666, "name": "TaoxinA_0041_02_" },
					{ "time": 4.1, "name": null }
				]
			},
			"TaoxinA_0042_01_": {
				"attachment": [
					{ "time": 0, "name": null },
					{ "time": 4.0666, "name": null },
					{ "time": 4.1, "name": "TaoxinA_0042_01_" },
					{ "time": 4.1666, "name": "TaoxinA_0042_01_" },
					{ "time": 4.2, "name": null }
				]
			},
			"TaoxinA_0042_02_": {
				"attachment": [
					{ "time": 0, "name": null },
					{ "time": 4.0666, "name": null },
					{ "time": 4.1, "name": "TaoxinA_0042_02_" },
					{ "time": 4.1666, "name": "TaoxinA_0042_02_" },
					{ "time": 4.2, "name": null }
				]
			},
			"TaoxinA_0043_01_": {
				"attachment": [
					{ "time": 0, "name": null },
					{ "time": 4.1666, "name": null },
					{ "time": 4.2, "name": "TaoxinA_0043_01_" },
					{ "time": 4.2666, "name": "TaoxinA_0043_01_" },
					{ "time": 4.3, "name": null }
				]
			},
			"TaoxinA_0043_02_": {
				"attachment": [
					{ "time": 0, "name": null },
					{ "time": 4.1666, "name": null },
					{ "time": 4.2, "name": "TaoxinA_0043_02_" },
					{ "time": 4.2666, "name": "TaoxinA_0043_02_" },
					{ "time": 4.3, "name": null }
				]
			},
			"TaoxinA_0043_03_": {
				"attachment": [
					{ "time": 0, "name": null },
					{ "time": 4.1666, "name": null },
					{ "time": 4.2, "name": "TaoxinA_0043_03_" },
					{ "time": 4.2666, "name": "TaoxinA_0043_03_" },
					{ "time": 4.3, "name": null }
				]
			},
			"TaoxinA_0044_01_": {
				"attachment": [
					{ "time": 0, "name": null },
					{ "time": 4.2666, "name": null },
					{ "time": 4.3, "name": "TaoxinA_0044_01_" },
					{ "time": 4.3666, "name": "TaoxinA_0044_01_" },
					{ "time": 4.4, "name": null }
				]
			},
			"TaoxinA_0044_02_": {
				"attachment": [
					{ "time": 0, "name": null },
					{ "time": 4.2666, "name": null },
					{ "time": 4.3, "name": "TaoxinA_0044_02_" },
					{ "time": 4.3666, "name": "TaoxinA_0044_02_" },
					{ "time": 4.4, "name": null }
				]
			},
			"TaoxinA_0045_01_": {
				"attachment": [
					{ "time": 0, "name": null },
					{ "time": 4.3666, "name": null },
					{ "time": 4.4, "name": "TaoxinA_0045_01_" },
					{ "time": 4.4666, "name": "TaoxinA_0045_01_" },
					{ "time": 4.5, "name": null }
				]
			},
			"TaoxinA_0045_02_": {
				"attachment": [
					{ "time": 0, "name": null },
					{ "time": 4.3666, "name": null },
					{ "time": 4.4, "name": "TaoxinA_0045_02_" },
					{ "time": 4.4666, "name": "TaoxinA_0045_02_" },
					{ "time": 4.5, "name": null }
				]
			},
			"TaoxinA_0045_03_": {
				"attachment": [
					{ "time": 0, "name": null },
					{ "time": 4.3666, "name": null },
					{ "time": 4.4, "name": "TaoxinA_0045_03_" },
					{ "time": 4.4666, "name": "TaoxinA_0045_03_" },
					{ "time": 4.5, "name": null }
				]
			},
			"TaoxinA_0046_01_": {
				"attachment": [
					{ "time": 0, "name": null },
					{ "time": 4.4666, "name": null },
					{ "time": 4.5, "name": "TaoxinA_0046_01_" },
					{ "time": 4.5666, "name": "TaoxinA_0046_01_" },
					{ "time": 4.6, "name": null }
				]
			},
			"TaoxinA_0046_02_": {
				"attachment": [
					{ "time": 0, "name": null },
					{ "time": 4.4666, "name": null },
					{ "time": 4.5, "name": "TaoxinA_0046_02_" },
					{ "time": 4.5666, "name": "TaoxinA_0046_02_" },
					{ "time": 4.6, "name": null }
				]
			},
			"TaoxinA_0046_03_": {
				"attachment": [
					{ "time": 0, "name": null },
					{ "time": 4.4666, "name": null },
					{ "time": 4.5, "name": "TaoxinA_0046_03_" },
					{ "time": 4.5666, "name": "TaoxinA_0046_03_" },
					{ "time": 4.6, "name": null }
				]
			},
			"TaoxinA_0046_04_": {
				"attachment": [
					{ "time": 0, "name": null },
					{ "time": 4.4666, "name": null },
					{ "time": 4.5, "name": "TaoxinA_0046_04_" },
					{ "time": 4.5666, "name": "TaoxinA_0046_04_" },
					{ "time": 4.6, "name": null }
				]
			},
			"TaoxinA_0047_01_": {
				"attachment": [
					{ "time": 0, "name": null },
					{ "time": 4.5666, "name": null },
					{ "time": 4.6, "name": "TaoxinA_0047_01_" },
					{ "time": 4.6666, "name": "TaoxinA_0047_01_" },
					{ "time": 4.7, "name": null }
				]
			},
			"TaoxinA_0047_02_": {
				"attachment": [
					{ "time": 0, "name": null },
					{ "time": 4.5666, "name": null },
					{ "time": 4.6, "name": "TaoxinA_0047_02_" },
					{ "time": 4.6666, "name": "TaoxinA_0047_02_" },
					{ "time": 4.7, "name": null }
				]
			},
			"TaoxinA_0047_03_": {
				"attachment": [
					{ "time": 0, "name": null },
					{ "time": 4.5666, "name": null },
					{ "time": 4.6, "name": "TaoxinA_0047_03_" },
					{ "time": 4.6666, "name": "TaoxinA_0047_03_" },
					{ "time": 4.7, "name": null }
				]
			},
			"TaoxinA_0047_04_": {
				"attachment": [
					{ "time": 0, "name": null },
					{ "time": 4.5666, "name": null },
					{ "time": 4.6, "name": "TaoxinA_0047_04_" },
					{ "time": 4.6666, "name": "TaoxinA_0047_04_" },
					{ "time": 4.7, "name": null }
				]
			},
			"TaoxinA_0048_01_": {
				"attachment": [
					{ "time": 0, "name": null },
					{ "time": 4.6666, "name": null },
					{ "time": 4.7, "name": "TaoxinA_0048_01_" },
					{ "time": 4.7666, "name": "TaoxinA_0048_01_" },
					{ "time": 4.8, "name": null }
				]
			},
			"TaoxinA_0048_02_": {
				"attachment": [
					{ "time": 0, "name": null },
					{ "time": 4.6666, "name": null },
					{ "time": 4.7, "name": "TaoxinA_0048_02_" },
					{ "time": 4.7666, "name": "TaoxinA_0048_02_" },
					{ "time": 4.8, "name": null }
				]
			},
			"TaoxinA_0048_03_": {
				"attachment": [
					{ "time": 0, "name": null },
					{ "time": 4.6666, "name": null },
					{ "time": 4.7, "name": "TaoxinA_0048_03_" },
					{ "time": 4.7666, "name": "TaoxinA_0048_03_" },
					{ "time": 4.8, "name": null }
				]
			},
			"TaoxinA_0048_04_": {
				"attachment": [
					{ "time": 0, "name": null },
					{ "time": 4.6666, "name": null },
					{ "time": 4.7, "name": "TaoxinA_0048_04_" },
					{ "time": 4.7666, "name": "TaoxinA_0048_04_" },
					{ "time": 4.8, "name": null }
				]
			},
			"TaoxinA_0048_05_": {
				"attachment": [
					{ "time": 0, "name": null },
					{ "time": 4.6666, "name": null },
					{ "time": 4.7, "name": "TaoxinA_0048_05_" },
					{ "time": 4.7666, "name": "TaoxinA_0048_05_" },
					{ "time": 4.8, "name": null }
				]
			},
			"TaoxinA_0049_01_": {
				"attachment": [
					{ "time": 0, "name": null },
					{ "time": 4.7666, "name": null },
					{ "time": 4.8, "name": "TaoxinA_0049_01_" },
					{ "time": 4.8666, "name": "TaoxinA_0049_01_" },
					{ "time": 4.9, "name": null }
				]
			},
			"TaoxinA_0049_02_": {
				"attachment": [
					{ "time": 0, "name": null },
					{ "time": 4.7666, "name": null },
					{ "time": 4.8, "name": "TaoxinA_0049_02_" },
					{ "time": 4.8666, "name": "TaoxinA_0049_02_" },
					{ "time": 4.9, "name": null }
				]
			},
			"TaoxinA_0049_03_": {
				"attachment": [
					{ "time": 0, "name": null },
					{ "time": 4.7666, "name": null },
					{ "time": 4.8, "name": "TaoxinA_0049_03_" },
					{ "time": 4.8666, "name": "TaoxinA_0049_03_" },
					{ "time": 4.9, "name": null }
				]
			},
			"TaoxinA_0049_04_": {
				"attachment": [
					{ "time": 0, "name": null },
					{ "time": 4.7666, "name": null },
					{ "time": 4.8, "name": "TaoxinA_0049_04_" },
					{ "time": 4.8666, "name": "TaoxinA_0049_04_" },
					{ "time": 4.9, "name": null }
				]
			},
			"TaoxinA_0049_05_": {
				"attachment": [
					{ "time": 0, "name": null },
					{ "time": 4.7666, "name": null },
					{ "time": 4.8, "name": "TaoxinA_0049_05_" },
					{ "time": 4.8666, "name": "TaoxinA_0049_05_" },
					{ "time": 4.9, "name": null }
				]
			},
			"TaoxinA_0050_01_": {
				"attachment": [
					{ "time": 0, "name": null },
					{ "time": 4.8666, "name": null },
					{ "time": 4.9, "name": "TaoxinA_0050_01_" },
					{ "time": 4.9666, "name": "TaoxinA_0050_01_" },
					{ "time": 5, "name": null }
				]
			},
			"TaoxinA_0050_02_": {
				"attachment": [
					{ "time": 0, "name": null },
					{ "time": 4.8666, "name": null },
					{ "time": 4.9, "name": "TaoxinA_0050_02_" },
					{ "time": 4.9666, "name": "TaoxinA_0050_02_" },
					{ "time": 5, "name": null }
				]
			},
			"TaoxinA_0050_03_": {
				"attachment": [
					{ "time": 0, "name": null },
					{ "time": 4.8666, "name": null },
					{ "time": 4.9, "name": "TaoxinA_0050_03_" },
					{ "time": 4.9666, "name": "TaoxinA_0050_03_" },
					{ "time": 5, "name": null }
				]
			},
			"TaoxinA_0050_04_": {
				"attachment": [
					{ "time": 0, "name": null },
					{ "time": 4.8666, "name": null },
					{ "time": 4.9, "name": "TaoxinA_0050_04_" },
					{ "time": 4.9666, "name": "TaoxinA_0050_04_" },
					{ "time": 5, "name": null }
				]
			},
			"TaoxinA_0050_05_": {
				"attachment": [
					{ "time": 0, "name": null },
					{ "time": 4.8666, "name": null },
					{ "time": 4.9, "name": "TaoxinA_0050_05_" },
					{ "time": 4.9666, "name": "TaoxinA_0050_05_" },
					{ "time": 5, "name": null }
				]
			},
			"TaoxinA_0051_01_": {
				"attachment": [
					{ "time": 0, "name": null },
					{ "time": 4.9666, "name": null },
					{ "time": 5, "name": "TaoxinA_0051_01_" },
					{ "time": 5.0666, "name": "TaoxinA_0051_01_" },
					{ "time": 5.1, "name": null }
				]
			},
			"TaoxinA_0051_02_": {
				"attachment": [
					{ "time": 0, "name": null },
					{ "time": 4.9666, "name": null },
					{ "time": 5, "name": "TaoxinA_0051_02_" },
					{ "time": 5.0666, "name": "TaoxinA_0051_02_" },
					{ "time": 5.1, "name": null }
				]
			},
			"TaoxinA_0051_03_": {
				"attachment": [
					{ "time": 0, "name": null },
					{ "time": 4.9666, "name": null },
					{ "time": 5, "name": "TaoxinA_0051_03_" },
					{ "time": 5.0666, "name": "TaoxinA_0051_03_" },
					{ "time": 5.1, "name": null }
				]
			},
			"TaoxinA_0051_04_": {
				"attachment": [
					{ "time": 0, "name": null },
					{ "time": 4.9666, "name": null },
					{ "time": 5, "name": "TaoxinA_0051_04_" },
					{ "time": 5.0666, "name": "TaoxinA_0051_04_" },
					{ "time": 5.1, "name": null }
				]
			},
			"TaoxinA_0052_01_": {
				"attachment": [
					{ "time": 0, "name": null },
					{ "time": 5.0666, "name": null },
					{ "time": 5.1, "name": "TaoxinA_0052_01_" },
					{ "time": 5.1666, "name": "TaoxinA_0052_01_" },
					{ "time": 5.2, "name": null }
				]
			},
			"TaoxinA_0052_02_": {
				"attachment": [
					{ "time": 0, "name": null },
					{ "time": 5.0666, "name": null },
					{ "time": 5.1, "name": "TaoxinA_0052_02_" },
					{ "time": 5.1666, "name": "TaoxinA_0052_02_" },
					{ "time": 5.2, "name": null }
				]
			},
			"TaoxinA_0052_03_": {
				"attachment": [
					{ "time": 0, "name": null },
					{ "time": 5.0666, "name": null },
					{ "time": 5.1, "name": "TaoxinA_0052_03_" },
					{ "time": 5.1666, "name": "TaoxinA_0052_03_" },
					{ "time": 5.2, "name": null }
				]
			},
			"TaoxinA_0052_04_": {
				"attachment": [
					{ "time": 0, "name": null },
					{ "time": 5.0666, "name": null },
					{ "time": 5.1, "name": "TaoxinA_0052_04_" },
					{ "time": 5.1666, "name": "TaoxinA_0052_04_" },
					{ "time": 5.2, "name": null }
				]
			},
			"TaoxinA_0053_01_": {
				"attachment": [
					{ "time": 0, "name": null },
					{ "time": 5.1666, "name": null },
					{ "time": 5.2, "name": "TaoxinA_0053_01_" },
					{ "time": 5.2666, "name": "TaoxinA_0053_01_" },
					{ "time": 5.3, "name": null }
				]
			},
			"TaoxinA_0053_02_": {
				"attachment": [
					{ "time": 0, "name": null },
					{ "time": 5.1666, "name": null },
					{ "time": 5.2, "name": "TaoxinA_0053_02_" },
					{ "time": 5.2666, "name": "TaoxinA_0053_02_" },
					{ "time": 5.3, "name": null }
				]
			},
			"TaoxinA_0053_03_": {
				"attachment": [
					{ "time": 0, "name": null },
					{ "time": 5.1666, "name": null },
					{ "time": 5.2, "name": "TaoxinA_0053_03_" },
					{ "time": 5.2666, "name": "TaoxinA_0053_03_" },
					{ "time": 5.3, "name": null }
				]
			},
			"TaoxinA_0053_04_": {
				"attachment": [
					{ "time": 0, "name": null },
					{ "time": 5.1666, "name": null },
					{ "time": 5.2, "name": "TaoxinA_0053_04_" },
					{ "time": 5.2666, "name": "TaoxinA_0053_04_" },
					{ "time": 5.3, "name": null }
				]
			},
			"TaoxinA_0054_01_": {
				"attachment": [
					{ "time": 0, "name": null },
					{ "time": 5.2666, "name": null },
					{ "time": 5.3, "name": "TaoxinA_0054_01_" },
					{ "time": 5.3666, "name": "TaoxinA_0054_01_" },
					{ "time": 5.4, "name": null }
				]
			},
			"TaoxinA_0054_02_": {
				"attachment": [
					{ "time": 0, "name": null },
					{ "time": 5.2666, "name": null },
					{ "time": 5.3, "name": "TaoxinA_0054_02_" },
					{ "time": 5.3666, "name": "TaoxinA_0054_02_" },
					{ "time": 5.4, "name": null }
				]
			},
			"TaoxinA_0054_03_": {
				"attachment": [
					{ "time": 0, "name": null },
					{ "time": 5.2666, "name": null },
					{ "time": 5.3, "name": "TaoxinA_0054_03_" },
					{ "time": 5.3666, "name": "TaoxinA_0054_03_" },
					{ "time": 5.4, "name": null }
				]
			},
			"TaoxinA_0055_01_": {
				"attachment": [
					{ "time": 0, "name": null },
					{ "time": 5.3666, "name": null },
					{ "time": 5.4, "name": "TaoxinA_0055_01_" },
					{ "time": 5.4666, "name": "TaoxinA_0055_01_" },
					{ "time": 5.5, "name": null }
				]
			},
			"TaoxinA_0055_02_": {
				"attachment": [
					{ "time": 0, "name": null },
					{ "time": 5.3666, "name": null },
					{ "time": 5.4, "name": "TaoxinA_0055_02_" },
					{ "time": 5.4666, "name": "TaoxinA_0055_02_" },
					{ "time": 5.5, "name": null }
				]
			},
			"TaoxinA_0055_03_": {
				"attachment": [
					{ "time": 0, "name": null },
					{ "time": 5.3666, "name": null },
					{ "time": 5.4, "name": "TaoxinA_0055_03_" },
					{ "time": 5.4666, "name": "TaoxinA_0055_03_" },
					{ "time": 5.5, "name": null }
				]
			},
			"TaoxinA_0056_01_": {
				"attachment": [
					{ "time": 0, "name": null },
					{ "time": 5.4666, "name": null },
					{ "time": 5.5, "name": "TaoxinA_0056_01_" },
					{ "time": 5.5666, "name": "TaoxinA_0056_01_" },
					{ "time": 5.6, "name": null }
				]
			},
			"TaoxinA_0056_02_": {
				"attachment": [
					{ "time": 0, "name": null },
					{ "time": 5.4666, "name": null },
					{ "time": 5.5, "name": "TaoxinA_0056_02_" },
					{ "time": 5.5666, "name": "TaoxinA_0056_02_" },
					{ "time": 5.6, "name": null }
				]
			},
			"TaoxinA_0057_01_": {
				"attachment": [
					{ "time": 0, "name": null },
					{ "time": 5.5666, "name": null },
					{ "time": 5.6, "name": "TaoxinA_0057_01_" },
					{ "time": 5.6666, "name": "TaoxinA_0057_01_" },
					{ "time": 5.7, "name": null }
				]
			},
			"TaoxinA_0057_02_": {
				"attachment": [
					{ "time": 0, "name": null },
					{ "time": 5.5666, "name": null },
					{ "time": 5.6, "name": "TaoxinA_0057_02_" },
					{ "time": 5.6666, "name": "TaoxinA_0057_02_" },
					{ "time": 5.7, "name": null }
				]
			}
		}
	}
}
}