{
"skeleton": { "hash": "ZOcJa/3fUYyuupni57Sq+kNfJv4", "spine": "2.1.27", "width": 310.1, "height": 335.3 },
"bones": [
	{ "name": "root", "scaleX": 0.7, "scaleY": 0.7 },
	{ "name": "jingyingzhen_", "parent": "root" },
	{ "name": "siwang", "parent": "root", "scaleX": 1.8, "scaleY": 1.8 }
],
"slots": [
	{ "name": "jingyingzhen_", "bone": "jingyingzhen_", "attachment": "jingyingzhen_" },
	{ "name": "brm_gj07_02_", "bone": "root", "attachment": "brm_gj07_02_" },
	{ "name": "brm_gj07_01_", "bone": "root", "attachment": "brm_gj07_01_" },
	{ "name": "brm_gj06_03_", "bone": "root", "attachment": "brm_gj06_03_" },
	{ "name": "brm_gj06_02_", "bone": "root", "attachment": "brm_gj06_02_" },
	{ "name": "brm_gj06_01_", "bone": "root", "attachment": "brm_gj06_01_" },
	{ "name": "brm_gj05_02_", "bone": "root", "attachment": "brm_gj05_02_" },
	{ "name": "brm_gj05_01_", "bone": "root", "attachment": "brm_gj05_01_" },
	{ "name": "brm_gj04_02_", "bone": "root", "attachment": "brm_gj04_02_" },
	{ "name": "brm_gj04_01_", "bone": "root", "attachment": "brm_gj04_01_" },
	{ "name": "brm_gj03_02_", "bone": "root", "attachment": "brm_gj03_02_" },
	{ "name": "brm_gj03_01_", "bone": "root", "attachment": "brm_gj03_01_" },
	{ "name": "brm_gj02_02_", "bone": "root", "attachment": "brm_gj02_02_" },
	{ "name": "brm_gj02_01_", "bone": "root", "attachment": "brm_gj02_01_" },
	{ "name": "brm_gj01_03_", "bone": "root", "attachment": "brm_gj01_03_" },
	{ "name": "brm_gj01_02_", "bone": "root", "attachment": "brm_gj01_02_" },
	{ "name": "brm_gj01_01_", "bone": "root", "attachment": "brm_gj01_01_" },
	{ "name": "brm_dj06_03_", "bone": "root", "attachment": "brm_dj06_03_" },
	{ "name": "brm_dj06_02_", "bone": "root", "attachment": "brm_dj06_02_" },
	{ "name": "brm_dj06_01_", "bone": "root", "attachment": "brm_dj06_01_" },
	{ "name": "brm_dj05_03_", "bone": "root", "attachment": "brm_dj05_03_" },
	{ "name": "brm_dj05_02_", "bone": "root", "attachment": "brm_dj05_02_" },
	{ "name": "brm_dj05_01_", "bone": "root", "attachment": "brm_dj05_01_" },
	{ "name": "brm_dj04_03_", "bone": "root", "attachment": "brm_dj04_03_" },
	{ "name": "brm_dj04_02_", "bone": "root", "attachment": "brm_dj04_02_" },
	{ "name": "brm_dj04_01_", "bone": "root", "attachment": "brm_dj04_01_" },
	{ "name": "brm_dj03_03_", "bone": "root", "attachment": "brm_dj03_03_" },
	{ "name": "brm_dj03_02_", "bone": "root", "attachment": "brm_dj03_02_" },
	{ "name": "brm_dj03_01_", "bone": "root", "attachment": "brm_dj03_01_" },
	{ "name": "brm_dj02_03_", "bone": "root", "attachment": "brm_dj02_03_" },
	{ "name": "brm_dj02_02_", "bone": "root", "attachment": "brm_dj02_02_" },
	{ "name": "brm_dj02_01_", "bone": "root", "attachment": "brm_dj02_01_" },
	{ "name": "brm_dj01_03_", "bone": "root", "attachment": "brm_dj01_03_" },
	{ "name": "brm_dj01_02_", "bone": "root", "attachment": "brm_dj01_02_" },
	{ "name": "brm_dj01_01_", "bone": "root", "attachment": "brm_dj01_01_" },
	{ "name": "siwang_0_", "bone": "siwang", "attachment": "siwang_0_" },
	{ "name": "siwang_1_", "bone": "siwang", "attachment": "siwang_1_" },
	{ "name": "siwang_2_", "bone": "siwang", "attachment": "siwang_2_" },
	{ "name": "siwang_3_", "bone": "siwang", "attachment": "siwang_3_" },
	{ "name": "siwang_4_", "bone": "siwang", "attachment": "siwang_4_" },
	{ "name": "siwang_5_", "bone": "siwang", "attachment": "siwang_5_" },
	{ "name": "siwang_6_", "bone": "siwang", "attachment": "siwang_6_" }
],
"skins": {
	"default": {
		"brm_dj01_01_": {
			"brm_dj01_01_": { "x": 141.08, "y": 218.66, "width": 107, "height": 113 }
		},
		"brm_dj01_02_": {
			"brm_dj01_02_": { "x": -4.41, "y": 287.16, "width": 184, "height": 164 }
		},
		"brm_dj01_03_": {
			"brm_dj01_03_": { "x": 0.08, "y": 103.16, "width": 207, "height": 204 }
		},
		"brm_dj02_01_": {
			"brm_dj02_01_": { "x": 143.08, "y": 218.16, "width": 105, "height": 114 }
		},
		"brm_dj02_02_": {
			"brm_dj02_02_": { "x": -4.91, "y": 270.16, "width": 191, "height": 198 }
		},
		"brm_dj02_03_": {
			"brm_dj02_03_": { "x": 0.08, "y": 86.16, "width": 207, "height": 170 }
		},
		"brm_dj03_01_": {
			"brm_dj03_01_": { "x": 144.58, "y": 216.66, "width": 106, "height": 113 }
		},
		"brm_dj03_02_": {
			"brm_dj03_02_": { "x": -3.91, "y": 262.66, "width": 191, "height": 207 }
		},
		"brm_dj03_03_": {
			"brm_dj03_03_": { "x": 1.58, "y": 80.16, "width": 204, "height": 158 }
		},
		"brm_dj04_01_": {
			"brm_dj04_01_": { "x": 144.58, "y": 215.66, "width": 108, "height": 113 }
		},
		"brm_dj04_02_": {
			"brm_dj04_02_": { "x": -3.41, "y": 265.16, "width": 188, "height": 206 }
		},
		"brm_dj04_03_": {
			"brm_dj04_03_": { "x": 2.58, "y": 81.66, "width": 202, "height": 161 }
		},
		"brm_dj05_01_": {
			"brm_dj05_01_": { "x": 144.58, "y": 216.66, "width": 106, "height": 113 }
		},
		"brm_dj05_02_": {
			"brm_dj05_02_": { "x": -3.41, "y": 265.16, "width": 190, "height": 208 }
		},
		"brm_dj05_03_": {
			"brm_dj05_03_": { "x": 2.58, "y": 81.16, "width": 202, "height": 160 }
		},
		"brm_dj06_01_": {
			"brm_dj06_01_": { "x": 141.58, "y": 218.16, "width": 106, "height": 114 }
		},
		"brm_dj06_02_": {
			"brm_dj06_02_": { "x": -6.41, "y": 266.16, "width": 190, "height": 206 }
		},
		"brm_dj06_03_": {
			"brm_dj06_03_": { "x": 0.58, "y": 82.16, "width": 206, "height": 162 }
		},
		"brm_gj01_01_": {
			"brm_gj01_01_": { "x": 142.08, "y": 229.16, "width": 107, "height": 114 }
		},
		"brm_gj01_02_": {
			"brm_gj01_02_": { "x": -6.41, "y": 274.66, "width": 190, "height": 207 }
		},
		"brm_gj01_03_": {
			"brm_gj01_03_": { "x": 0.58, "y": 87.66, "width": 206, "height": 167 }
		},
		"brm_gj02_01_": {
			"brm_gj02_01_": { "x": -11.91, "y": 360.16, "width": 215, "height": 204 }
		},
		"brm_gj02_02_": {
			"brm_gj02_02_": { "x": -4.91, "y": 169.66, "width": 207, "height": 177 }
		},
		"brm_gj03_01_": {
			"brm_gj03_01_": { "x": -57.41, "y": 333.66, "width": 282, "height": 169 }
		},
		"brm_gj03_02_": {
			"brm_gj03_02_": { "x": -1.91, "y": 154.66, "width": 209, "height": 189 }
		},
		"brm_gj04_01_": {
			"brm_gj04_01_": { "x": 10.08, "y": 248.66, "width": 253, "height": 175 }
		},
		"brm_gj04_02_": {
			"brm_gj04_02_": { "x": 9.58, "y": 82.16, "width": 216, "height": 158 }
		},
		"brm_gj05_01_": {
			"brm_gj05_01_": { "x": -32.41, "y": 268.66, "width": 370, "height": 145 }
		},
		"brm_gj05_02_": {
			"brm_gj05_02_": { "x": 9.58, "y": 89.66, "width": 226, "height": 213 }
		},
		"brm_gj06_01_": {
			"brm_gj06_01_": { "x": 21.58, "y": 294.16, "width": 150, "height": 112 }
		},
		"brm_gj06_02_": {
			"brm_gj06_02_": { "x": -161.91, "y": 207.66, "width": 165, "height": 73 }
		},
		"brm_gj06_03_": {
			"brm_gj06_03_": { "x": 11.58, "y": 112.66, "width": 222, "height": 251 }
		},
		"brm_gj07_01_": {
			"brm_gj07_01_": { "x": 9.08, "y": 266.66, "width": 219, "height": 213 }
		},
		"brm_gj07_02_": {
			"brm_gj07_02_": { "x": 1.08, "y": 81.16, "width": 207, "height": 158 }
		},
		"jingyingzhen_": {
			"jingyingzhen_": { "y": 43.17, "scaleX": 2.442, "scaleY": 0.756, "width": 140, "height": 149 }
		},
		"siwang_0_": {
			"siwang_0_": { "y": 71.56, "width": 165, "height": 156 }
		},
		"siwang_1_": {
			"siwang_1_": { "y": 71.56, "width": 165, "height": 156 }
		},
		"siwang_2_": {
			"siwang_2_": { "y": 71.56, "width": 165, "height": 156 }
		},
		"siwang_3_": {
			"siwang_3_": { "y": 71.56, "width": 165, "height": 156 }
		},
		"siwang_4_": {
			"siwang_4_": { "y": 71.56, "width": 165, "height": 156 }
		},
		"siwang_5_": {
			"siwang_5_": { "y": 71.56, "width": 165, "height": 156 }
		},
		"siwang_6_": {
			"siwang_6_": { "y": 71.56, "width": 165, "height": 156 }
		}
	}
},
"animations": {
	"dj": {
		"slots": {
			"brm_dj01_01_": {
				"attachment": [
					{ "time": 0, "name": "brm_dj01_01_" },
					{ "time": 0.2, "name": null },
					{ "time": 1, "name": null }
				]
			},
			"brm_dj01_02_": {
				"attachment": [
					{ "time": 0, "name": "brm_dj01_02_" },
					{ "time": 0.2, "name": null },
					{ "time": 1, "name": null }
				]
			},
			"brm_dj01_03_": {
				"attachment": [
					{ "time": 0, "name": "brm_dj01_03_" },
					{ "time": 0.2, "name": null },
					{ "time": 1, "name": null }
				]
			},
			"brm_dj02_01_": {
				"attachment": [
					{ "time": 0, "name": null },
					{ "time": 0.2, "name": "brm_dj02_01_" },
					{ "time": 0.4, "name": null },
					{ "time": 1, "name": null }
				]
			},
			"brm_dj02_02_": {
				"attachment": [
					{ "time": 0, "name": null },
					{ "time": 0.2, "name": "brm_dj02_02_" },
					{ "time": 0.4, "name": null },
					{ "time": 1, "name": null }
				]
			},
			"brm_dj02_03_": {
				"attachment": [
					{ "time": 0, "name": null },
					{ "time": 0.2, "name": "brm_dj02_03_" },
					{ "time": 0.4, "name": null },
					{ "time": 1, "name": null }
				]
			},
			"brm_dj03_01_": {
				"attachment": [
					{ "time": 0, "name": null },
					{ "time": 0.2, "name": null },
					{ "time": 0.4, "name": "brm_dj03_01_" },
					{ "time": 0.6, "name": null },
					{ "time": 1, "name": null }
				]
			},
			"brm_dj03_02_": {
				"attachment": [
					{ "time": 0, "name": null },
					{ "time": 0.2, "name": null },
					{ "time": 0.4, "name": "brm_dj03_02_" },
					{ "time": 0.6, "name": null },
					{ "time": 1, "name": null }
				]
			},
			"brm_dj03_03_": {
				"attachment": [
					{ "time": 0, "name": null },
					{ "time": 0.2, "name": null },
					{ "time": 0.4, "name": "brm_dj03_03_" },
					{ "time": 0.6, "name": null },
					{ "time": 1, "name": null }
				]
			},
			"brm_dj04_01_": {
				"attachment": [
					{ "time": 0, "name": null },
					{ "time": 0.4, "name": null },
					{ "time": 0.6, "name": "brm_dj04_01_" },
					{ "time": 0.8, "name": null },
					{ "time": 1, "name": null }
				]
			},
			"brm_dj04_02_": {
				"attachment": [
					{ "time": 0, "name": null },
					{ "time": 0.4, "name": null },
					{ "time": 0.6, "name": "brm_dj04_02_" },
					{ "time": 0.8, "name": null },
					{ "time": 1, "name": null }
				]
			},
			"brm_dj04_03_": {
				"attachment": [
					{ "time": 0, "name": null },
					{ "time": 0.4, "name": null },
					{ "time": 0.6, "name": "brm_dj04_03_" },
					{ "time": 0.8, "name": null },
					{ "time": 1, "name": null }
				]
			},
			"brm_dj05_01_": {
				"attachment": [
					{ "time": 0, "name": null },
					{ "time": 0.6, "name": null },
					{ "time": 0.8, "name": "brm_dj05_01_" },
					{ "time": 1, "name": null }
				]
			},
			"brm_dj05_02_": {
				"attachment": [
					{ "time": 0, "name": null },
					{ "time": 0.6, "name": null },
					{ "time": 0.8, "name": "brm_dj05_02_" },
					{ "time": 1, "name": null }
				]
			},
			"brm_dj05_03_": {
				"attachment": [
					{ "time": 0, "name": null },
					{ "time": 0.6, "name": null },
					{ "time": 0.8, "name": "brm_dj05_03_" },
					{ "time": 1, "name": null }
				]
			},
			"brm_dj06_01_": {
				"attachment": [
					{ "time": 0, "name": null },
					{ "time": 0.8, "name": null },
					{ "time": 1, "name": "brm_dj06_01_" }
				]
			},
			"brm_dj06_02_": {
				"attachment": [
					{ "time": 0, "name": null },
					{ "time": 0.8, "name": null },
					{ "time": 1, "name": "brm_dj06_02_" }
				]
			},
			"brm_dj06_03_": {
				"attachment": [
					{ "time": 0, "name": null },
					{ "time": 0.8, "name": null },
					{ "time": 1, "name": "brm_dj06_03_" }
				]
			},
			"brm_gj01_01_": {
				"attachment": [
					{ "time": 0, "name": null }
				]
			},
			"brm_gj01_02_": {
				"attachment": [
					{ "time": 0, "name": null }
				]
			},
			"brm_gj01_03_": {
				"attachment": [
					{ "time": 0, "name": null }
				]
			},
			"brm_gj02_01_": {
				"attachment": [
					{ "time": 0, "name": null }
				]
			},
			"brm_gj02_02_": {
				"attachment": [
					{ "time": 0, "name": null }
				]
			},
			"brm_gj03_01_": {
				"attachment": [
					{ "time": 0, "name": null }
				]
			},
			"brm_gj03_02_": {
				"attachment": [
					{ "time": 0, "name": null }
				]
			},
			"brm_gj04_01_": {
				"attachment": [
					{ "time": 0, "name": null }
				]
			},
			"brm_gj04_02_": {
				"attachment": [
					{ "time": 0, "name": null }
				]
			},
			"brm_gj05_01_": {
				"attachment": [
					{ "time": 0, "name": null }
				]
			},
			"brm_gj05_02_": {
				"attachment": [
					{ "time": 0, "name": null }
				]
			},
			"brm_gj06_01_": {
				"attachment": [
					{ "time": 0, "name": null }
				]
			},
			"brm_gj06_02_": {
				"attachment": [
					{ "time": 0, "name": null }
				]
			},
			"brm_gj06_03_": {
				"attachment": [
					{ "time": 0, "name": null }
				]
			},
			"brm_gj07_01_": {
				"attachment": [
					{ "time": 0, "name": null }
				]
			},
			"brm_gj07_02_": {
				"attachment": [
					{ "time": 0, "name": null }
				]
			},
			"jingyingzhen_": {
				"color": [
					{ "time": 0, "color": "ffffffcf" },
					{ "time": 0.5, "color": "ffffffff" },
					{ "time": 1, "color": "ffffffcf" }
				]
			},
			"siwang_0_": {
				"attachment": [
					{ "time": 0, "name": null }
				]
			},
			"siwang_1_": {
				"attachment": [
					{ "time": 0, "name": null }
				]
			},
			"siwang_2_": {
				"attachment": [
					{ "time": 0, "name": null }
				]
			},
			"siwang_3_": {
				"attachment": [
					{ "time": 0, "name": null }
				]
			},
			"siwang_4_": {
				"attachment": [
					{ "time": 0, "name": null }
				]
			},
			"siwang_5_": {
				"attachment": [
					{ "time": 0, "name": null }
				]
			},
			"siwang_6_": {
				"attachment": [
					{ "time": 0, "name": null }
				]
			}
		},
		"bones": {
			"jingyingzhen_": {
				"scale": [
					{ "time": 0, "x": 1, "y": 1 },
					{ "time": 0.5, "x": 1.1, "y": 1.1 },
					{ "time": 1, "x": 1, "y": 1 }
				]
			}
		}
	},
	"gj": {
		"slots": {
			"brm_dj01_01_": {
				"attachment": [
					{ "time": 0, "name": null }
				]
			},
			"brm_dj01_02_": {
				"attachment": [
					{ "time": 0, "name": null }
				]
			},
			"brm_dj01_03_": {
				"attachment": [
					{ "time": 0, "name": null }
				]
			},
			"brm_dj02_01_": {
				"attachment": [
					{ "time": 0, "name": null }
				]
			},
			"brm_dj02_02_": {
				"attachment": [
					{ "time": 0, "name": null }
				]
			},
			"brm_dj02_03_": {
				"attachment": [
					{ "time": 0, "name": null }
				]
			},
			"brm_dj03_01_": {
				"attachment": [
					{ "time": 0, "name": null }
				]
			},
			"brm_dj03_02_": {
				"attachment": [
					{ "time": 0, "name": null }
				]
			},
			"brm_dj03_03_": {
				"attachment": [
					{ "time": 0, "name": null }
				]
			},
			"brm_dj04_01_": {
				"attachment": [
					{ "time": 0, "name": null }
				]
			},
			"brm_dj04_02_": {
				"attachment": [
					{ "time": 0, "name": null }
				]
			},
			"brm_dj04_03_": {
				"attachment": [
					{ "time": 0, "name": null }
				]
			},
			"brm_dj05_01_": {
				"attachment": [
					{ "time": 0, "name": null }
				]
			},
			"brm_dj05_02_": {
				"attachment": [
					{ "time": 0, "name": null }
				]
			},
			"brm_dj05_03_": {
				"attachment": [
					{ "time": 0, "name": null }
				]
			},
			"brm_dj06_01_": {
				"attachment": [
					{ "time": 0, "name": null }
				]
			},
			"brm_dj06_02_": {
				"attachment": [
					{ "time": 0, "name": null }
				]
			},
			"brm_dj06_03_": {
				"attachment": [
					{ "time": 0, "name": null }
				]
			},
			"brm_gj01_01_": {
				"attachment": [
					{ "time": 0, "name": "brm_gj01_01_" },
					{ "time": 0.1666, "name": null },
					{ "time": 1, "name": null }
				]
			},
			"brm_gj01_02_": {
				"attachment": [
					{ "time": 0, "name": "brm_gj01_02_" },
					{ "time": 0.1666, "name": null },
					{ "time": 1, "name": null }
				]
			},
			"brm_gj01_03_": {
				"attachment": [
					{ "time": 0, "name": "brm_gj01_03_" },
					{ "time": 0.1666, "name": null },
					{ "time": 1, "name": null }
				]
			},
			"brm_gj02_01_": {
				"attachment": [
					{ "time": 0, "name": null },
					{ "time": 0.1666, "name": "brm_gj02_01_" },
					{ "time": 0.3333, "name": null },
					{ "time": 1, "name": null }
				]
			},
			"brm_gj02_02_": {
				"attachment": [
					{ "time": 0, "name": null },
					{ "time": 0.1666, "name": "brm_gj02_02_" },
					{ "time": 0.3333, "name": null },
					{ "time": 1, "name": null }
				]
			},
			"brm_gj03_01_": {
				"attachment": [
					{ "time": 0, "name": null },
					{ "time": 0.1666, "name": null },
					{ "time": 0.3333, "name": "brm_gj03_01_" },
					{ "time": 0.5, "name": null },
					{ "time": 1, "name": null }
				]
			},
			"brm_gj03_02_": {
				"attachment": [
					{ "time": 0, "name": null },
					{ "time": 0.1666, "name": null },
					{ "time": 0.3333, "name": "brm_gj03_02_" },
					{ "time": 0.5, "name": null },
					{ "time": 1, "name": null }
				]
			},
			"brm_gj04_01_": {
				"attachment": [
					{ "time": 0, "name": null },
					{ "time": 0.3333, "name": null },
					{ "time": 0.5, "name": "brm_gj04_01_" },
					{ "time": 0.6666, "name": null },
					{ "time": 1, "name": null }
				]
			},
			"brm_gj04_02_": {
				"attachment": [
					{ "time": 0, "name": null },
					{ "time": 0.3333, "name": null },
					{ "time": 0.5, "name": "brm_gj04_02_" },
					{ "time": 0.6666, "name": null },
					{ "time": 1, "name": null }
				]
			},
			"brm_gj05_01_": {
				"attachment": [
					{ "time": 0, "name": null },
					{ "time": 0.5, "name": null },
					{ "time": 0.6666, "name": "brm_gj05_01_" },
					{ "time": 0.8333, "name": null },
					{ "time": 1, "name": null }
				]
			},
			"brm_gj05_02_": {
				"attachment": [
					{ "time": 0, "name": null },
					{ "time": 0.5, "name": null },
					{ "time": 0.6666, "name": "brm_gj05_02_" },
					{ "time": 0.8333, "name": null },
					{ "time": 1, "name": null }
				]
			},
			"brm_gj06_01_": {
				"attachment": [
					{ "time": 0, "name": null },
					{ "time": 0.6666, "name": null },
					{ "time": 0.8333, "name": "brm_gj06_01_" },
					{ "time": 1, "name": null }
				]
			},
			"brm_gj06_02_": {
				"attachment": [
					{ "time": 0, "name": null },
					{ "time": 0.6666, "name": null },
					{ "time": 0.8333, "name": "brm_gj06_02_" },
					{ "time": 1, "name": null }
				]
			},
			"brm_gj06_03_": {
				"attachment": [
					{ "time": 0, "name": null },
					{ "time": 0.6666, "name": null },
					{ "time": 0.8333, "name": "brm_gj06_03_" },
					{ "time": 1, "name": null }
				]
			},
			"brm_gj07_01_": {
				"attachment": [
					{ "time": 0, "name": null },
					{ "time": 0.8333, "name": null },
					{ "time": 1, "name": "brm_gj07_01_" }
				]
			},
			"brm_gj07_02_": {
				"attachment": [
					{ "time": 0, "name": null },
					{ "time": 0.8333, "name": null },
					{ "time": 1, "name": "brm_gj07_02_" }
				]
			},
			"jingyingzhen_": {
				"color": [
					{ "time": 0, "color": "ffffffcf" },
					{ "time": 0.4, "color": "fffffff2" },
					{ "time": 0.7333, "color": "ffffffff" },
					{ "time": 1, "color": "ffffffcf" }
				]
			},
			"siwang_0_": {
				"attachment": [
					{ "time": 0, "name": null }
				]
			},
			"siwang_1_": {
				"attachment": [
					{ "time": 0, "name": null }
				]
			},
			"siwang_2_": {
				"attachment": [
					{ "time": 0, "name": null }
				]
			},
			"siwang_3_": {
				"attachment": [
					{ "time": 0, "name": null }
				]
			},
			"siwang_4_": {
				"attachment": [
					{ "time": 0, "name": null }
				]
			},
			"siwang_5_": {
				"attachment": [
					{ "time": 0, "name": null }
				]
			},
			"siwang_6_": {
				"attachment": [
					{ "time": 0, "name": null }
				]
			}
		},
		"bones": {
			"jingyingzhen_": {
				"scale": [
					{ "time": 0, "x": 1, "y": 1 },
					{ "time": 0.4, "x": 1.179, "y": 1.179 },
					{ "time": 0.6333, "x": 0.924, "y": 0.924 },
					{ "time": 1, "x": 1, "y": 1 }
				]
			}
		}
	},
	"sw": {
		"slots": {
			"brm_dj01_01_": {
				"attachment": [
					{ "time": 0, "name": null }
				]
			},
			"brm_dj01_02_": {
				"attachment": [
					{ "time": 0, "name": null }
				]
			},
			"brm_dj01_03_": {
				"attachment": [
					{ "time": 0, "name": null }
				]
			},
			"brm_dj02_01_": {
				"attachment": [
					{ "time": 0, "name": null }
				]
			},
			"brm_dj02_02_": {
				"attachment": [
					{ "time": 0, "name": null }
				]
			},
			"brm_dj02_03_": {
				"attachment": [
					{ "time": 0, "name": null }
				]
			},
			"brm_dj03_01_": {
				"attachment": [
					{ "time": 0, "name": null }
				]
			},
			"brm_dj03_02_": {
				"attachment": [
					{ "time": 0, "name": null }
				]
			},
			"brm_dj03_03_": {
				"attachment": [
					{ "time": 0, "name": null }
				]
			},
			"brm_dj04_01_": {
				"attachment": [
					{ "time": 0, "name": null }
				]
			},
			"brm_dj04_02_": {
				"attachment": [
					{ "time": 0, "name": null }
				]
			},
			"brm_dj04_03_": {
				"attachment": [
					{ "time": 0, "name": null }
				]
			},
			"brm_dj05_01_": {
				"attachment": [
					{ "time": 0, "name": null }
				]
			},
			"brm_dj05_02_": {
				"attachment": [
					{ "time": 0, "name": null }
				]
			},
			"brm_dj05_03_": {
				"attachment": [
					{ "time": 0, "name": null }
				]
			},
			"brm_dj06_01_": {
				"attachment": [
					{ "time": 0, "name": null }
				]
			},
			"brm_dj06_02_": {
				"attachment": [
					{ "time": 0, "name": null }
				]
			},
			"brm_dj06_03_": {
				"attachment": [
					{ "time": 0, "name": null }
				]
			},
			"brm_gj01_01_": {
				"attachment": [
					{ "time": 0, "name": "brm_gj01_01_" },
					{ "time": 0.1666, "name": "brm_gj01_01_" },
					{ "time": 0.2666, "name": null }
				]
			},
			"brm_gj01_02_": {
				"attachment": [
					{ "time": 0, "name": "brm_gj01_02_" },
					{ "time": 0.1666, "name": "brm_gj01_02_" },
					{ "time": 0.2666, "name": null }
				]
			},
			"brm_gj01_03_": {
				"attachment": [
					{ "time": 0, "name": "brm_gj01_03_" },
					{ "time": 0.1666, "name": "brm_gj01_03_" },
					{ "time": 0.2666, "name": null }
				]
			},
			"brm_gj02_01_": {
				"attachment": [
					{ "time": 0, "name": null }
				]
			},
			"brm_gj02_02_": {
				"attachment": [
					{ "time": 0, "name": null }
				]
			},
			"brm_gj03_01_": {
				"attachment": [
					{ "time": 0, "name": null }
				]
			},
			"brm_gj03_02_": {
				"attachment": [
					{ "time": 0, "name": null }
				]
			},
			"brm_gj04_01_": {
				"attachment": [
					{ "time": 0, "name": null }
				]
			},
			"brm_gj04_02_": {
				"attachment": [
					{ "time": 0, "name": null }
				]
			},
			"brm_gj05_01_": {
				"attachment": [
					{ "time": 0, "name": null }
				]
			},
			"brm_gj05_02_": {
				"attachment": [
					{ "time": 0, "name": null }
				]
			},
			"brm_gj06_01_": {
				"attachment": [
					{ "time": 0, "name": null }
				]
			},
			"brm_gj06_02_": {
				"attachment": [
					{ "time": 0, "name": null }
				]
			},
			"brm_gj06_03_": {
				"attachment": [
					{ "time": 0, "name": null }
				]
			},
			"brm_gj07_01_": {
				"attachment": [
					{ "time": 0, "name": null }
				]
			},
			"brm_gj07_02_": {
				"attachment": [
					{ "time": 0, "name": null }
				]
			},
			"jingyingzhen_": {
				"color": [
					{ "time": 0, "color": "ffffffcf", "curve": "stepped" },
					{ "time": 0.1666, "color": "ffffffcf" },
					{ "time": 0.3333, "color": "ffffff00", "curve": "stepped" },
					{ "time": 0.9666, "color": "ffffff00" }
				]
			},
			"siwang_0_": {
				"attachment": [
					{ "time": 0, "name": null },
					{ "time": 0.1666, "name": null },
					{ "time": 0.2666, "name": "siwang_0_" },
					{ "time": 0.3666, "name": null }
				]
			},
			"siwang_1_": {
				"attachment": [
					{ "time": 0, "name": null },
					{ "time": 0.2666, "name": null },
					{ "time": 0.3666, "name": "siwang_1_" },
					{ "time": 0.4666, "name": null }
				]
			},
			"siwang_2_": {
				"attachment": [
					{ "time": 0, "name": null },
					{ "time": 0.3666, "name": null },
					{ "time": 0.4666, "name": "siwang_2_" },
					{ "time": 0.5666, "name": null }
				]
			},
			"siwang_3_": {
				"attachment": [
					{ "time": 0, "name": null },
					{ "time": 0.4666, "name": null },
					{ "time": 0.5666, "name": "siwang_3_" },
					{ "time": 0.6666, "name": null }
				]
			},
			"siwang_4_": {
				"attachment": [
					{ "time": 0, "name": null },
					{ "time": 0.5666, "name": null },
					{ "time": 0.6666, "name": "siwang_4_" },
					{ "time": 0.7666, "name": null }
				]
			},
			"siwang_5_": {
				"attachment": [
					{ "time": 0, "name": null },
					{ "time": 0.6666, "name": null },
					{ "time": 0.7666, "name": "siwang_5_" },
					{ "time": 0.8666, "name": null }
				]
			},
			"siwang_6_": {
				"attachment": [
					{ "time": 0, "name": null },
					{ "time": 0.7666, "name": null },
					{ "time": 0.8666, "name": "siwang_6_" },
					{ "time": 0.9666, "name": null }
				]
			}
		}
	}
}
}