{
"skeleton": { "hash": "tY4nsRrPiEx4n6VSjgsI0ntUqSE", "spine": "2.1.27", "width": 0, "height": 0 },
"bones": [
	{ "name": "root" },
	{ "name": "bone", "parent": "root" },
	{ "name": "bone2", "parent": "root" },
	{ "name": "bone3", "parent": "root" }
],
"slots": [
	{ "name": "scws_dj_0_15_", "bone": "root" },
	{ "name": "scws_dj_0_14_", "bone": "root" },
	{ "name": "scws_dj_0_13_", "bone": "root" },
	{ "name": "scws_dj_0_12_", "bone": "root" },
	{ "name": "scws_dj_0_11_", "bone": "root" },
	{ "name": "scws_dj_0_10_", "bone": "root" },
	{ "name": "scws_dj_0_9_", "bone": "root" },
	{ "name": "scws_dj_0_8_", "bone": "root" },
	{ "name": "scws_dj_0_7_", "bone": "root" },
	{ "name": "scws_dj_0_6_", "bone": "root" },
	{ "name": "scws_dj_0_5_", "bone": "root" },
	{ "name": "scws_dj_0_4_", "bone": "root" },
	{ "name": "scws_dj_0_3_", "bone": "root" },
	{ "name": "scws_dj_0_2_", "bone": "root" },
	{ "name": "scws_dj_0_1_", "bone": "root" },
	{ "name": "scws_dj_0_0_", "bone": "root" },
	{ "name": "scws_dj_1_11_", "bone": "root" },
	{ "name": "scws_dj_1_10_", "bone": "root" },
	{ "name": "scws_dj_1_9_", "bone": "root" },
	{ "name": "scws_dj_1_8_", "bone": "root" },
	{ "name": "scws_dj_1_7_", "bone": "root" },
	{ "name": "scws_dj_1_6_", "bone": "root" },
	{ "name": "scws_dj_1_5_", "bone": "root" },
	{ "name": "scws_dj_1_4_", "bone": "root" },
	{ "name": "scws_dj_1_3_", "bone": "root" },
	{ "name": "scws_dj_1_2_", "bone": "root" },
	{ "name": "scws_dj_1_1_", "bone": "root" },
	{ "name": "scws_dj_1_0_", "bone": "root" },
	{ "name": "scws_dj_2_0_", "bone": "root" },
	{ "name": "scws_dj_2_1_", "bone": "root" },
	{ "name": "scws_dj_2_2_", "bone": "root" },
	{ "name": "scws_dj_2_3_", "bone": "root" },
	{ "name": "scws_dj_2_4_", "bone": "root" },
	{ "name": "scws_dj_2_5_", "bone": "root" },
	{ "name": "scws_dj_2_6_", "bone": "root" },
	{ "name": "scws_dj_2_7_", "bone": "root" },
	{ "name": "scws_dj_2_8_", "bone": "root" },
	{ "name": "scws_dj_2_9_", "bone": "root" },
	{ "name": "scws_dj_2_10_", "bone": "root" },
	{ "name": "scws_dj_2_11_", "bone": "root" },
	{ "name": "scws_dj_2_12_", "bone": "root" },
	{ "name": "scws_dj_2_13_", "bone": "root" },
	{ "name": "scws_gj_2_0_", "bone": "root" },
	{ "name": "scws_gj_2_1_", "bone": "root" },
	{ "name": "scws_gj_2_2_", "bone": "root" },
	{ "name": "scws_gj_2_3_", "bone": "root" },
	{ "name": "scws_gj_2_4_", "bone": "root" },
	{ "name": "scws_gj_2_5_", "bone": "root" },
	{ "name": "scws_gj_2_6_", "bone": "root" },
	{ "name": "scws_gj_2_7_", "bone": "root" },
	{ "name": "scws_gj_2_8_", "bone": "root" },
	{ "name": "scws_gj_2_9_", "bone": "root" },
	{ "name": "scws_gj_2_10_", "bone": "root" },
	{ "name": "scws_gj_2_11_", "bone": "root" },
	{ "name": "scws_gj_1_0_", "bone": "root" },
	{ "name": "scws_gj_1_1_", "bone": "root" },
	{ "name": "scws_gj_1_2_", "bone": "root" },
	{ "name": "scws_gj_1_3_", "bone": "root" },
	{ "name": "scws_gj_1_4_", "bone": "root" },
	{ "name": "scws_gj_1_5_", "bone": "root" },
	{ "name": "scws_gj_1_6_", "bone": "root" },
	{ "name": "scws_gj_1_7_", "bone": "root" },
	{ "name": "siwang", "bone": "bone" },
	{ "name": "siwang2", "bone": "bone2" },
	{ "name": "rm", "bone": "bone3" }
],
"skins": {
	"default": {
		"scws_dj_0_0_": {
			"scws_dj_0_0_": { "x": 13.62, "y": 198.69, "width": 105, "height": 74 }
		},
		"scws_dj_0_10_": {
			"scws_dj_0_10_": { "x": 12.12, "y": 33.69, "width": 62, "height": 62 }
		},
		"scws_dj_0_11_": {
			"scws_dj_0_11_": { "x": 78.62, "y": 35.69, "width": 71, "height": 58 }
		},
		"scws_dj_0_12_": {
			"scws_dj_0_12_": { "x": 133.12, "y": 52.69, "width": 40, "height": 34 }
		},
		"scws_dj_0_13_": {
			"scws_dj_0_13_": { "x": 171.62, "y": 63.19, "width": 37, "height": 31 }
		},
		"scws_dj_0_14_": {
			"scws_dj_0_14_": { "x": 203.12, "y": 70.19, "width": 26, "height": 23 }
		},
		"scws_dj_0_15_": {
			"scws_dj_0_15_": { "x": -0.87, "y": -7.3, "width": 20, "height": 20 }
		},
		"scws_dj_0_1_": {
			"scws_dj_0_1_": { "x": 24.62, "y": 153.69, "width": 83, "height": 16 }
		},
		"scws_dj_0_2_": {
			"scws_dj_0_2_": { "x": 78.12, "y": 158.19, "width": 24, "height": 25 }
		},
		"scws_dj_0_3_": {
			"scws_dj_0_3_": { "x": 14.12, "y": 105.19, "width": 104, "height": 81 }
		},
		"scws_dj_0_4_": {
			"scws_dj_0_4_": { "x": 89.12, "y": 105.19, "width": 46, "height": 81 }
		},
		"scws_dj_0_5_": {
			"scws_dj_0_5_": { "x": -49.87, "y": 106.19, "width": 24, "height": 47 }
		},
		"scws_dj_0_6_": {
			"scws_dj_0_6_": { "x": -58.87, "y": 74.19, "width": 42, "height": 19 }
		},
		"scws_dj_0_7_": {
			"scws_dj_0_7_": { "x": -52.37, "y": 56.19, "width": 55, "height": 17 }
		},
		"scws_dj_0_8_": {
			"scws_dj_0_8_": { "x": -38.37, "y": 19.19, "width": 41, "height": 57 }
		},
		"scws_dj_0_9_": {
			"scws_dj_0_9_": { "x": -71.37, "y": -6.8, "width": 37, "height": 25 }
		},
		"scws_dj_1_0_": {
			"scws_dj_1_0_": { "x": 8.62, "y": 209.69, "width": 105, "height": 62 }
		},
		"scws_dj_1_10_": {
			"scws_dj_1_10_": { "x": 144.62, "y": 45.69, "width": 51, "height": 32 }
		},
		"scws_dj_1_11_": {
			"scws_dj_1_11_": { "x": 191.62, "y": 53.69, "width": 43, "height": 26 }
		},
		"scws_dj_1_1_": {
			"scws_dj_1_1_": { "x": 31.12, "y": 162.19, "width": 110, "height": 33 }
		},
		"scws_dj_1_2_": {
			"scws_dj_1_2_": { "x": -30.87, "y": 149.19, "width": 14, "height": 7 }
		},
		"scws_dj_1_3_": {
			"scws_dj_1_3_": { "x": -44.37, "y": 117.19, "width": 41, "height": 57 }
		},
		"scws_dj_1_4_": {
			"scws_dj_1_4_": { "x": -51.87, "y": 70.69, "width": 60, "height": 36 }
		},
		"scws_dj_1_5_": {
			"scws_dj_1_5_": { "x": -40.87, "y": 23.69, "width": 40, "height": 58 }
		},
		"scws_dj_1_6_": {
			"scws_dj_1_6_": { "x": -77.37, "y": -0.3, "width": 33, "height": 22 }
		},
		"scws_dj_1_7_": {
			"scws_dj_1_7_": { "x": 20.62, "y": 75.19, "width": 89, "height": 141 }
		},
		"scws_dj_1_8_": {
			"scws_dj_1_8_": { "x": 92.12, "y": 78.19, "width": 54, "height": 135 }
		},
		"scws_dj_1_9_": {
			"scws_dj_1_9_": { "x": -6.87, "y": -5.8, "width": 18, "height": 21 }
		},
		"scws_dj_2_0_": {
			"scws_dj_2_0_": { "x": 192.12, "y": 63.19, "width": 50, "height": 29 }
		},
		"scws_dj_2_10_": {
			"scws_dj_2_10_": { "x": -28.37, "y": 149.69, "width": 17, "height": 8 }
		},
		"scws_dj_2_11_": {
			"scws_dj_2_11_": { "x": 69.62, "y": 168.19, "width": 35, "height": 45 }
		},
		"scws_dj_2_12_": {
			"scws_dj_2_12_": { "x": -31.87, "y": 208.69, "width": 24, "height": 46 }
		},
		"scws_dj_2_13_": {
			"scws_dj_2_13_": { "x": 16.12, "y": 193.19, "width": 72, "height": 95 }
		},
		"scws_dj_2_1_": {
			"scws_dj_2_1_": { "x": 144.12, "y": 53.19, "width": 46, "height": 33 }
		},
		"scws_dj_2_2_": {
			"scws_dj_2_2_": { "x": -2.87, "y": -2.8, "width": 20, "height": 21 }
		},
		"scws_dj_2_3_": {
			"scws_dj_2_3_": { "x": 51.62, "y": 36.19, "width": 139, "height": 57 }
		},
		"scws_dj_2_4_": {
			"scws_dj_2_4_": { "x": -76.87, "y": 0.69, "width": 32, "height": 22 }
		},
		"scws_dj_2_5_": {
			"scws_dj_2_5_": { "x": -39.37, "y": 25.19, "width": 43, "height": 57 }
		},
		"scws_dj_2_6_": {
			"scws_dj_2_6_": { "x": -51.37, "y": 59.19, "width": 53, "height": 11 }
		},
		"scws_dj_2_7_": {
			"scws_dj_2_7_": { "x": -59.37, "y": 77.69, "width": 43, "height": 26 }
		},
		"scws_dj_2_8_": {
			"scws_dj_2_8_": { "x": -50.87, "y": 113.69, "width": 26, "height": 46 }
		},
		"scws_dj_2_9_": {
			"scws_dj_2_9_": { "x": 41.62, "y": 105.19, "width": 159, "height": 81 }
		},
		"scws_gj_1_0_": {
			"scws_gj_1_0_": { "x": -24.37, "y": 18.69, "width": 57, "height": 46 }
		},
		"scws_gj_1_1_": {
			"scws_gj_1_1_": { "x": -67.37, "y": 88.19, "width": 57, "height": 95 }
		},
		"scws_gj_1_2_": {
			"scws_gj_1_2_": { "x": 11.62, "y": 93.19, "width": 101, "height": 107 }
		},
		"scws_gj_1_3_": {
			"scws_gj_1_3_": { "x": -63.87, "y": 150.19, "width": 52, "height": 31 }
		},
		"scws_gj_1_4_": {
			"scws_gj_1_4_": { "x": 12.12, "y": 169.69, "width": 100, "height": 48 }
		},
		"scws_gj_1_5_": {
			"scws_gj_1_5_": { "x": 13.62, "y": 219.69, "width": 131, "height": 54 }
		},
		"scws_gj_1_6_": {
			"scws_gj_1_6_": { "x": 86.62, "y": 144.69, "width": 49, "height": 96 }
		},
		"scws_gj_1_7_": {
			"scws_gj_1_7_": { "x": -127.87, "y": 135.69, "width": 76, "height": 30 }
		},
		"scws_gj_2_0_": {
			"scws_gj_2_0_": { "x": -184.37, "y": -2.3, "width": 33, "height": 32 }
		},
		"scws_gj_2_10_": {
			"scws_gj_2_10_": { "x": -4.87, "y": 117.69, "width": 66, "height": 106 }
		},
		"scws_gj_2_11_": {
			"scws_gj_2_11_": { "x": -5.37, "y": 203.69, "width": 39, "height": 68 }
		},
		"scws_gj_2_1_": {
			"scws_gj_2_1_": { "x": -151.37, "y": 21.69, "width": 33, "height": 32 }
		},
		"scws_gj_2_2_": {
			"scws_gj_2_2_": { "x": -119.87, "y": 49.19, "width": 40, "height": 31 }
		},
		"scws_gj_2_3_": {
			"scws_gj_2_3_": { "x": -99.87, "y": 73.69, "width": 20, "height": 18 }
		},
		"scws_gj_2_4_": {
			"scws_gj_2_4_": { "x": -75.37, "y": 86.19, "width": 29, "height": 23 }
		},
		"scws_gj_2_5_": {
			"scws_gj_2_5_": { "x": -58.37, "y": 133.69, "width": 41, "height": 72 }
		},
		"scws_gj_2_6_": {
			"scws_gj_2_6_": { "x": -5.87, "y": 55.19, "width": 32, "height": 19 }
		},
		"scws_gj_2_7_": {
			"scws_gj_2_7_": { "x": 52.12, "y": 33.69, "width": 84, "height": 62 }
		},
		"scws_gj_2_8_": {
			"scws_gj_2_8_": { "x": 95.12, "y": 111.19, "width": 12, "height": 43 }
		},
		"scws_gj_2_9_": {
			"scws_gj_2_9_": { "x": 58.62, "y": 110.19, "width": 61, "height": 91 }
		},
		"siwang": {
			"jingyingzhen_": { "x": -0.19, "y": 1.67, "width": 140, "height": 149 },
			"siwang_0_": { "x": -0.19, "y": 1.67, "width": 165, "height": 156 },
			"siwang_1_": { "x": -0.19, "y": 1.67, "width": 165, "height": 156 },
			"siwang_2_": { "x": -0.19, "y": 1.67, "width": 165, "height": 156 },
			"siwang_3_": { "x": -0.19, "y": 1.67, "width": 165, "height": 156 },
			"siwang_4_": { "x": -0.19, "y": 1.67, "width": 165, "height": 156 },
			"siwang_5_": { "x": -0.19, "y": 1.67, "width": 165, "height": 156 },
			"siwang_6_": { "x": -0.19, "y": 1.67, "width": 165, "height": 156 }
		},
		"siwang2": {
			"jingyingzhen_": { "x": -0.19, "y": 1.67, "width": 140, "height": 149 },
			"siwang_0_": { "x": -0.19, "y": 1.67, "width": 165, "height": 156 },
			"siwang_1_": { "x": -0.19, "y": 1.67, "width": 165, "height": 156 },
			"siwang_2_": { "x": -0.19, "y": 1.67, "width": 165, "height": 156 },
			"siwang_3_": { "x": -0.19, "y": 1.67, "width": 165, "height": 156 },
			"siwang_4_": { "x": -0.19, "y": 1.67, "width": 165, "height": 156 },
			"siwang_5_": { "x": -0.19, "y": 1.67, "width": 165, "height": 156 },
			"siwang_6_": { "x": -0.19, "y": 1.67, "width": 165, "height": 156 }
		}
	}
},
"animations": {
	"dj": {
		"slots": {
			"scws_dj_0_0_": {
				"attachment": [
					{ "time": 0, "name": "scws_dj_0_0_" },
					{ "time": 0.2, "name": null },
					{ "time": 0.6666, "name": "scws_dj_0_0_" }
				]
			},
			"scws_dj_0_10_": {
				"attachment": [
					{ "time": 0, "name": "scws_dj_0_10_" },
					{ "time": 0.2, "name": null },
					{ "time": 0.6666, "name": "scws_dj_0_10_" }
				]
			},
			"scws_dj_0_11_": {
				"attachment": [
					{ "time": 0, "name": "scws_dj_0_11_" },
					{ "time": 0.2, "name": null },
					{ "time": 0.6666, "name": "scws_dj_0_11_" }
				]
			},
			"scws_dj_0_12_": {
				"attachment": [
					{ "time": 0, "name": "scws_dj_0_12_" },
					{ "time": 0.2, "name": null },
					{ "time": 0.6666, "name": "scws_dj_0_12_" }
				]
			},
			"scws_dj_0_13_": {
				"attachment": [
					{ "time": 0, "name": "scws_dj_0_13_" },
					{ "time": 0.2, "name": null },
					{ "time": 0.6666, "name": "scws_dj_0_13_" }
				]
			},
			"scws_dj_0_14_": {
				"attachment": [
					{ "time": 0, "name": "scws_dj_0_14_" },
					{ "time": 0.2, "name": null },
					{ "time": 0.6666, "name": "scws_dj_0_14_" }
				]
			},
			"scws_dj_0_15_": {
				"attachment": [
					{ "time": 0, "name": "scws_dj_0_15_" },
					{ "time": 0.2, "name": null },
					{ "time": 0.6666, "name": "scws_dj_0_15_" }
				]
			},
			"scws_dj_0_1_": {
				"attachment": [
					{ "time": 0, "name": "scws_dj_0_1_" },
					{ "time": 0.2, "name": null },
					{ "time": 0.6666, "name": "scws_dj_0_1_" }
				]
			},
			"scws_dj_0_2_": {
				"attachment": [
					{ "time": 0, "name": "scws_dj_0_2_" },
					{ "time": 0.2, "name": null },
					{ "time": 0.6666, "name": "scws_dj_0_2_" }
				]
			},
			"scws_dj_0_3_": {
				"attachment": [
					{ "time": 0, "name": "scws_dj_0_3_" },
					{ "time": 0.2, "name": null },
					{ "time": 0.6666, "name": "scws_dj_0_3_" }
				]
			},
			"scws_dj_0_4_": {
				"attachment": [
					{ "time": 0, "name": "scws_dj_0_4_" },
					{ "time": 0.2, "name": null },
					{ "time": 0.6666, "name": "scws_dj_0_4_" }
				]
			},
			"scws_dj_0_5_": {
				"attachment": [
					{ "time": 0, "name": "scws_dj_0_5_" },
					{ "time": 0.2, "name": null },
					{ "time": 0.6666, "name": "scws_dj_0_5_" }
				]
			},
			"scws_dj_0_6_": {
				"attachment": [
					{ "time": 0, "name": "scws_dj_0_6_" },
					{ "time": 0.2, "name": null },
					{ "time": 0.6666, "name": "scws_dj_0_6_" }
				]
			},
			"scws_dj_0_7_": {
				"attachment": [
					{ "time": 0, "name": "scws_dj_0_7_" },
					{ "time": 0.2, "name": null },
					{ "time": 0.6666, "name": "scws_dj_0_7_" }
				]
			},
			"scws_dj_0_8_": {
				"attachment": [
					{ "time": 0, "name": "scws_dj_0_8_" },
					{ "time": 0.2, "name": null },
					{ "time": 0.6666, "name": "scws_dj_0_8_" }
				]
			},
			"scws_dj_0_9_": {
				"attachment": [
					{ "time": 0, "name": "scws_dj_0_9_" },
					{ "time": 0.2, "name": null },
					{ "time": 0.6666, "name": "scws_dj_0_9_" }
				]
			},
			"scws_dj_1_0_": {
				"attachment": [
					{ "time": 0, "name": null },
					{ "time": 0.2, "name": "scws_dj_1_0_" },
					{ "time": 0.4666, "name": null },
					{ "time": 0.6666, "name": null }
				]
			},
			"scws_dj_1_10_": {
				"attachment": [
					{ "time": 0, "name": null },
					{ "time": 0.2, "name": "scws_dj_1_10_" },
					{ "time": 0.4666, "name": null },
					{ "time": 0.6666, "name": null }
				]
			},
			"scws_dj_1_11_": {
				"attachment": [
					{ "time": 0, "name": null },
					{ "time": 0.2, "name": "scws_dj_1_11_" },
					{ "time": 0.4666, "name": null },
					{ "time": 0.6666, "name": null }
				]
			},
			"scws_dj_1_1_": {
				"attachment": [
					{ "time": 0, "name": null },
					{ "time": 0.2, "name": "scws_dj_1_1_" },
					{ "time": 0.4666, "name": null },
					{ "time": 0.6666, "name": null }
				]
			},
			"scws_dj_1_2_": {
				"attachment": [
					{ "time": 0, "name": null },
					{ "time": 0.2, "name": "scws_dj_1_2_" },
					{ "time": 0.4666, "name": null },
					{ "time": 0.6666, "name": null }
				]
			},
			"scws_dj_1_3_": {
				"attachment": [
					{ "time": 0, "name": null },
					{ "time": 0.2, "name": "scws_dj_1_3_" },
					{ "time": 0.4666, "name": null },
					{ "time": 0.6666, "name": null }
				]
			},
			"scws_dj_1_4_": {
				"attachment": [
					{ "time": 0, "name": null },
					{ "time": 0.2, "name": "scws_dj_1_4_" },
					{ "time": 0.4666, "name": null },
					{ "time": 0.6666, "name": null }
				]
			},
			"scws_dj_1_5_": {
				"attachment": [
					{ "time": 0, "name": null },
					{ "time": 0.2, "name": "scws_dj_1_5_" },
					{ "time": 0.4666, "name": null },
					{ "time": 0.6666, "name": null }
				]
			},
			"scws_dj_1_6_": {
				"attachment": [
					{ "time": 0, "name": null },
					{ "time": 0.2, "name": "scws_dj_1_6_" },
					{ "time": 0.4666, "name": null },
					{ "time": 0.6666, "name": null }
				]
			},
			"scws_dj_1_7_": {
				"attachment": [
					{ "time": 0, "name": null },
					{ "time": 0.2, "name": "scws_dj_1_7_" },
					{ "time": 0.4666, "name": null },
					{ "time": 0.6666, "name": null }
				]
			},
			"scws_dj_1_8_": {
				"attachment": [
					{ "time": 0, "name": null },
					{ "time": 0.2, "name": "scws_dj_1_8_" },
					{ "time": 0.4666, "name": null },
					{ "time": 0.6666, "name": null }
				]
			},
			"scws_dj_1_9_": {
				"attachment": [
					{ "time": 0, "name": null },
					{ "time": 0.2, "name": "scws_dj_1_9_" },
					{ "time": 0.4666, "name": null },
					{ "time": 0.6666, "name": null }
				]
			},
			"scws_dj_2_0_": {
				"attachment": [
					{ "time": 0, "name": null },
					{ "time": 0.4666, "name": "scws_dj_2_0_" },
					{ "time": 0.6666, "name": null }
				]
			},
			"scws_dj_2_10_": {
				"attachment": [
					{ "time": 0, "name": null },
					{ "time": 0.4666, "name": "scws_dj_2_10_" },
					{ "time": 0.6666, "name": null }
				]
			},
			"scws_dj_2_11_": {
				"attachment": [
					{ "time": 0, "name": null },
					{ "time": 0.4666, "name": "scws_dj_2_11_" },
					{ "time": 0.6666, "name": null }
				]
			},
			"scws_dj_2_12_": {
				"attachment": [
					{ "time": 0, "name": null },
					{ "time": 0.4666, "name": "scws_dj_2_12_" },
					{ "time": 0.6666, "name": null }
				]
			},
			"scws_dj_2_13_": {
				"attachment": [
					{ "time": 0, "name": null },
					{ "time": 0.4666, "name": "scws_dj_2_13_" },
					{ "time": 0.6666, "name": null }
				]
			},
			"scws_dj_2_1_": {
				"attachment": [
					{ "time": 0, "name": null },
					{ "time": 0.4666, "name": "scws_dj_2_1_" },
					{ "time": 0.6666, "name": null }
				]
			},
			"scws_dj_2_2_": {
				"attachment": [
					{ "time": 0, "name": null },
					{ "time": 0.4666, "name": "scws_dj_2_2_" },
					{ "time": 0.6666, "name": null }
				]
			},
			"scws_dj_2_3_": {
				"attachment": [
					{ "time": 0, "name": null },
					{ "time": 0.4666, "name": "scws_dj_2_3_" },
					{ "time": 0.6666, "name": null }
				]
			},
			"scws_dj_2_4_": {
				"attachment": [
					{ "time": 0, "name": null },
					{ "time": 0.4666, "name": "scws_dj_2_4_" },
					{ "time": 0.6666, "name": null }
				]
			},
			"scws_dj_2_5_": {
				"attachment": [
					{ "time": 0, "name": null },
					{ "time": 0.4666, "name": "scws_dj_2_5_" },
					{ "time": 0.6666, "name": null }
				]
			},
			"scws_dj_2_6_": {
				"attachment": [
					{ "time": 0, "name": null },
					{ "time": 0.4666, "name": "scws_dj_2_6_" },
					{ "time": 0.6666, "name": null }
				]
			},
			"scws_dj_2_7_": {
				"attachment": [
					{ "time": 0, "name": null },
					{ "time": 0.4666, "name": "scws_dj_2_7_" },
					{ "time": 0.6666, "name": null }
				]
			},
			"scws_dj_2_8_": {
				"attachment": [
					{ "time": 0, "name": null },
					{ "time": 0.4666, "name": "scws_dj_2_8_" },
					{ "time": 0.6666, "name": null }
				]
			},
			"scws_dj_2_9_": {
				"attachment": [
					{ "time": 0, "name": null },
					{ "time": 0.4666, "name": "scws_dj_2_9_" },
					{ "time": 0.6666, "name": null }
				]
			},
			"scws_gj_1_0_": {
				"attachment": [
					{ "time": 0, "name": null },
					{ "time": 0.6666, "name": null }
				]
			},
			"scws_gj_1_1_": {
				"attachment": [
					{ "time": 0, "name": null },
					{ "time": 0.6666, "name": null }
				]
			},
			"scws_gj_1_2_": {
				"attachment": [
					{ "time": 0, "name": null },
					{ "time": 0.6666, "name": null }
				]
			},
			"scws_gj_1_3_": {
				"attachment": [
					{ "time": 0, "name": null },
					{ "time": 0.6666, "name": null }
				]
			},
			"scws_gj_1_4_": {
				"attachment": [
					{ "time": 0, "name": null },
					{ "time": 0.6666, "name": null }
				]
			},
			"scws_gj_1_5_": {
				"attachment": [
					{ "time": 0, "name": null },
					{ "time": 0.6666, "name": null }
				]
			},
			"scws_gj_1_6_": {
				"attachment": [
					{ "time": 0, "name": null },
					{ "time": 0.6666, "name": null }
				]
			},
			"scws_gj_1_7_": {
				"attachment": [
					{ "time": 0, "name": null },
					{ "time": 0.6666, "name": null }
				]
			},
			"scws_gj_2_0_": {
				"attachment": [
					{ "time": 0, "name": null },
					{ "time": 0.6666, "name": null }
				]
			},
			"scws_gj_2_10_": {
				"attachment": [
					{ "time": 0, "name": null },
					{ "time": 0.6666, "name": null }
				]
			},
			"scws_gj_2_11_": {
				"attachment": [
					{ "time": 0, "name": null },
					{ "time": 0.6666, "name": null }
				]
			},
			"scws_gj_2_1_": {
				"attachment": [
					{ "time": 0, "name": null },
					{ "time": 0.6666, "name": null }
				]
			},
			"scws_gj_2_2_": {
				"attachment": [
					{ "time": 0, "name": null },
					{ "time": 0.6666, "name": null }
				]
			},
			"scws_gj_2_3_": {
				"attachment": [
					{ "time": 0, "name": null },
					{ "time": 0.6666, "name": null }
				]
			},
			"scws_gj_2_4_": {
				"attachment": [
					{ "time": 0, "name": null },
					{ "time": 0.6666, "name": null }
				]
			},
			"scws_gj_2_5_": {
				"attachment": [
					{ "time": 0, "name": null },
					{ "time": 0.6666, "name": null }
				]
			},
			"scws_gj_2_6_": {
				"attachment": [
					{ "time": 0, "name": null },
					{ "time": 0.6666, "name": null }
				]
			},
			"scws_gj_2_7_": {
				"attachment": [
					{ "time": 0, "name": null },
					{ "time": 0.6666, "name": null }
				]
			},
			"scws_gj_2_8_": {
				"attachment": [
					{ "time": 0, "name": null },
					{ "time": 0.6666, "name": null }
				]
			},
			"scws_gj_2_9_": {
				"attachment": [
					{ "time": 0, "name": null },
					{ "time": 0.6666, "name": null }
				]
			},
			"siwang": {
				"attachment": [
					{ "time": 0, "name": "jingyingzhen_" },
					{ "time": 0.6666, "name": "jingyingzhen_" }
				],
				"color": [
					{ "time": 0, "color": "ffffff00" },
					{ "time": 0.3333, "color": "ffffffff" },
					{ "time": 0.6666, "color": "ffffff00" }
				]
			},
			"siwang2": {
				"attachment": [
					{ "time": 0, "name": null },
					{ "time": 0.1666, "name": null }
				]
			}
		},
		"bones": {
			"root": {
				"scale": [
					{ "time": 0, "x": 0.4, "y": 0.4, "curve": "stepped" },
					{ "time": 0.6666, "x": 0.399, "y": 0.399 }
				]
			},
			"bone": {
				"translate": [
					{ "time": 0, "x": 21.02, "y": -32.48 },
					{ "time": 0.3333, "x": 21.25, "y": -32.48 },
					{ "time": 0.6666, "x": 21.02, "y": -32.48 }
				],
				"scale": [
					{ "time": 0, "x": 1.179, "y": 0.518 },
					{ "time": 0.6666, "x": 1.725, "y": 0.75 }
				]
			}
		},
		"drawOrder": [
			{
				"time": 0,
				"offsets": [
					{ "slot": "siwang", "offset": -62 }
				]
			},
			{
				"time": 0.6666,
				"offsets": [
					{ "slot": "siwang", "offset": -62 }
				]
			}
		]
	},
	"gj": {
		"slots": {
			"scws_dj_0_0_": {
				"attachment": [
					{ "time": 0, "name": "scws_dj_0_0_" },
					{ "time": 0.1, "name": "scws_dj_0_0_" },
					{ "time": 0.2, "name": null },
					{ "time": 0.3, "name": null },
					{ "time": 0.4, "name": null },
					{ "time": 0.6666, "name": "scws_dj_0_0_" }
				]
			},
			"scws_dj_0_10_": {
				"attachment": [
					{ "time": 0, "name": "scws_dj_0_10_" },
					{ "time": 0.1, "name": "scws_dj_0_10_" },
					{ "time": 0.2, "name": null },
					{ "time": 0.3, "name": null },
					{ "time": 0.4, "name": null },
					{ "time": 0.6666, "name": "scws_dj_0_10_" }
				]
			},
			"scws_dj_0_11_": {
				"attachment": [
					{ "time": 0, "name": "scws_dj_0_11_" },
					{ "time": 0.1, "name": "scws_dj_0_11_" },
					{ "time": 0.2, "name": null },
					{ "time": 0.3, "name": null },
					{ "time": 0.4, "name": null },
					{ "time": 0.6666, "name": "scws_dj_0_11_" }
				]
			},
			"scws_dj_0_12_": {
				"attachment": [
					{ "time": 0, "name": "scws_dj_0_12_" },
					{ "time": 0.1, "name": "scws_dj_0_12_" },
					{ "time": 0.2, "name": null },
					{ "time": 0.3, "name": null },
					{ "time": 0.4, "name": null },
					{ "time": 0.6666, "name": "scws_dj_0_12_" }
				]
			},
			"scws_dj_0_13_": {
				"attachment": [
					{ "time": 0, "name": "scws_dj_0_13_" },
					{ "time": 0.1, "name": "scws_dj_0_13_" },
					{ "time": 0.2, "name": null },
					{ "time": 0.3, "name": null },
					{ "time": 0.4, "name": null },
					{ "time": 0.6666, "name": "scws_dj_0_13_" }
				]
			},
			"scws_dj_0_14_": {
				"attachment": [
					{ "time": 0, "name": "scws_dj_0_14_" },
					{ "time": 0.1, "name": "scws_dj_0_14_" },
					{ "time": 0.2, "name": null },
					{ "time": 0.3, "name": null },
					{ "time": 0.4, "name": null },
					{ "time": 0.6666, "name": "scws_dj_0_14_" }
				]
			},
			"scws_dj_0_15_": {
				"attachment": [
					{ "time": 0, "name": "scws_dj_0_15_" },
					{ "time": 0.1, "name": "scws_dj_0_15_" },
					{ "time": 0.2, "name": null },
					{ "time": 0.3, "name": null },
					{ "time": 0.4, "name": null },
					{ "time": 0.6666, "name": "scws_dj_0_15_" }
				]
			},
			"scws_dj_0_1_": {
				"attachment": [
					{ "time": 0, "name": "scws_dj_0_1_" },
					{ "time": 0.1, "name": "scws_dj_0_1_" },
					{ "time": 0.2, "name": null },
					{ "time": 0.3, "name": null },
					{ "time": 0.4, "name": null },
					{ "time": 0.6666, "name": "scws_dj_0_1_" }
				]
			},
			"scws_dj_0_2_": {
				"attachment": [
					{ "time": 0, "name": "scws_dj_0_2_" },
					{ "time": 0.1, "name": "scws_dj_0_2_" },
					{ "time": 0.2, "name": null },
					{ "time": 0.3, "name": null },
					{ "time": 0.4, "name": null },
					{ "time": 0.6666, "name": "scws_dj_0_2_" }
				]
			},
			"scws_dj_0_3_": {
				"attachment": [
					{ "time": 0, "name": "scws_dj_0_3_" },
					{ "time": 0.1, "name": "scws_dj_0_3_" },
					{ "time": 0.2, "name": null },
					{ "time": 0.3, "name": null },
					{ "time": 0.4, "name": null },
					{ "time": 0.6666, "name": "scws_dj_0_3_" }
				]
			},
			"scws_dj_0_4_": {
				"attachment": [
					{ "time": 0, "name": "scws_dj_0_4_" },
					{ "time": 0.1, "name": "scws_dj_0_4_" },
					{ "time": 0.2, "name": null },
					{ "time": 0.3, "name": null },
					{ "time": 0.4, "name": null },
					{ "time": 0.6666, "name": "scws_dj_0_4_" }
				]
			},
			"scws_dj_0_5_": {
				"attachment": [
					{ "time": 0, "name": "scws_dj_0_5_" },
					{ "time": 0.1, "name": "scws_dj_0_5_" },
					{ "time": 0.2, "name": null },
					{ "time": 0.3, "name": null },
					{ "time": 0.4, "name": null },
					{ "time": 0.6666, "name": "scws_dj_0_5_" }
				]
			},
			"scws_dj_0_6_": {
				"attachment": [
					{ "time": 0, "name": "scws_dj_0_6_" },
					{ "time": 0.1, "name": "scws_dj_0_6_" },
					{ "time": 0.2, "name": null },
					{ "time": 0.3, "name": null },
					{ "time": 0.4, "name": null },
					{ "time": 0.6666, "name": "scws_dj_0_6_" }
				]
			},
			"scws_dj_0_7_": {
				"attachment": [
					{ "time": 0, "name": "scws_dj_0_7_" },
					{ "time": 0.1, "name": "scws_dj_0_7_" },
					{ "time": 0.2, "name": null },
					{ "time": 0.3, "name": null },
					{ "time": 0.4, "name": null },
					{ "time": 0.6666, "name": "scws_dj_0_7_" }
				]
			},
			"scws_dj_0_8_": {
				"attachment": [
					{ "time": 0, "name": "scws_dj_0_8_" },
					{ "time": 0.1, "name": "scws_dj_0_8_" },
					{ "time": 0.2, "name": null },
					{ "time": 0.3, "name": null },
					{ "time": 0.4, "name": null },
					{ "time": 0.6666, "name": "scws_dj_0_8_" }
				]
			},
			"scws_dj_0_9_": {
				"attachment": [
					{ "time": 0, "name": "scws_dj_0_9_" },
					{ "time": 0.1, "name": "scws_dj_0_9_" },
					{ "time": 0.2, "name": null },
					{ "time": 0.3, "name": null },
					{ "time": 0.4, "name": null },
					{ "time": 0.6666, "name": "scws_dj_0_9_" }
				]
			},
			"scws_dj_1_0_": {
				"attachment": [
					{ "time": 0, "name": null },
					{ "time": 0.1, "name": null },
					{ "time": 0.6666, "name": null }
				]
			},
			"scws_dj_1_10_": {
				"attachment": [
					{ "time": 0, "name": null },
					{ "time": 0.1, "name": null },
					{ "time": 0.6666, "name": null }
				]
			},
			"scws_dj_1_11_": {
				"attachment": [
					{ "time": 0, "name": null },
					{ "time": 0.1, "name": null },
					{ "time": 0.6666, "name": null }
				]
			},
			"scws_dj_1_1_": {
				"attachment": [
					{ "time": 0, "name": null },
					{ "time": 0.1, "name": null },
					{ "time": 0.6666, "name": null }
				]
			},
			"scws_dj_1_2_": {
				"attachment": [
					{ "time": 0, "name": null },
					{ "time": 0.1, "name": null },
					{ "time": 0.6666, "name": null }
				]
			},
			"scws_dj_1_3_": {
				"attachment": [
					{ "time": 0, "name": null },
					{ "time": 0.1, "name": null },
					{ "time": 0.6666, "name": null }
				]
			},
			"scws_dj_1_4_": {
				"attachment": [
					{ "time": 0, "name": null },
					{ "time": 0.1, "name": null },
					{ "time": 0.6666, "name": null }
				]
			},
			"scws_dj_1_5_": {
				"attachment": [
					{ "time": 0, "name": null },
					{ "time": 0.1, "name": null },
					{ "time": 0.6666, "name": null }
				]
			},
			"scws_dj_1_6_": {
				"attachment": [
					{ "time": 0, "name": null },
					{ "time": 0.1, "name": null },
					{ "time": 0.6666, "name": null }
				]
			},
			"scws_dj_1_7_": {
				"attachment": [
					{ "time": 0, "name": null },
					{ "time": 0.1, "name": null },
					{ "time": 0.6666, "name": null }
				]
			},
			"scws_dj_1_8_": {
				"attachment": [
					{ "time": 0, "name": null },
					{ "time": 0.1, "name": null },
					{ "time": 0.6666, "name": null }
				]
			},
			"scws_dj_1_9_": {
				"attachment": [
					{ "time": 0, "name": null },
					{ "time": 0.1, "name": null },
					{ "time": 0.6666, "name": null }
				]
			},
			"scws_dj_2_0_": {
				"attachment": [
					{ "time": 0, "name": null },
					{ "time": 0.1, "name": null },
					{ "time": 0.6666, "name": null }
				]
			},
			"scws_dj_2_10_": {
				"attachment": [
					{ "time": 0, "name": null },
					{ "time": 0.1, "name": null },
					{ "time": 0.6666, "name": null }
				]
			},
			"scws_dj_2_11_": {
				"attachment": [
					{ "time": 0, "name": null },
					{ "time": 0.1, "name": null },
					{ "time": 0.6666, "name": null }
				]
			},
			"scws_dj_2_12_": {
				"attachment": [
					{ "time": 0, "name": null },
					{ "time": 0.1, "name": null },
					{ "time": 0.6666, "name": null }
				]
			},
			"scws_dj_2_13_": {
				"attachment": [
					{ "time": 0, "name": null },
					{ "time": 0.1, "name": null },
					{ "time": 0.6666, "name": null }
				]
			},
			"scws_dj_2_1_": {
				"attachment": [
					{ "time": 0, "name": null },
					{ "time": 0.1, "name": null },
					{ "time": 0.6666, "name": null }
				]
			},
			"scws_dj_2_2_": {
				"attachment": [
					{ "time": 0, "name": null },
					{ "time": 0.1, "name": null },
					{ "time": 0.6666, "name": null }
				]
			},
			"scws_dj_2_3_": {
				"attachment": [
					{ "time": 0, "name": null },
					{ "time": 0.1, "name": null },
					{ "time": 0.6666, "name": null }
				]
			},
			"scws_dj_2_4_": {
				"attachment": [
					{ "time": 0, "name": null },
					{ "time": 0.1, "name": null },
					{ "time": 0.6666, "name": null }
				]
			},
			"scws_dj_2_5_": {
				"attachment": [
					{ "time": 0, "name": null },
					{ "time": 0.1, "name": null },
					{ "time": 0.6666, "name": null }
				]
			},
			"scws_dj_2_6_": {
				"attachment": [
					{ "time": 0, "name": null },
					{ "time": 0.1, "name": null },
					{ "time": 0.6666, "name": null }
				]
			},
			"scws_dj_2_7_": {
				"attachment": [
					{ "time": 0, "name": null },
					{ "time": 0.1, "name": null },
					{ "time": 0.6666, "name": null }
				]
			},
			"scws_dj_2_8_": {
				"attachment": [
					{ "time": 0, "name": null },
					{ "time": 0.1, "name": null },
					{ "time": 0.6666, "name": null }
				]
			},
			"scws_dj_2_9_": {
				"attachment": [
					{ "time": 0, "name": null },
					{ "time": 0.1, "name": null },
					{ "time": 0.6666, "name": null }
				]
			},
			"scws_gj_1_0_": {
				"attachment": [
					{ "time": 0, "name": null },
					{ "time": 0.1, "name": null },
					{ "time": 0.2, "name": "scws_gj_1_0_" },
					{ "time": 0.3, "name": "scws_gj_1_0_" },
					{ "time": 0.4, "name": null },
					{ "time": 0.4666, "name": null },
					{ "time": 0.5666, "name": null },
					{ "time": 0.6666, "name": null }
				]
			},
			"scws_gj_1_1_": {
				"attachment": [
					{ "time": 0, "name": null },
					{ "time": 0.1, "name": null },
					{ "time": 0.2, "name": "scws_gj_1_1_" },
					{ "time": 0.3, "name": "scws_gj_1_1_" },
					{ "time": 0.4, "name": null },
					{ "time": 0.4666, "name": null },
					{ "time": 0.5666, "name": null },
					{ "time": 0.6666, "name": null }
				]
			},
			"scws_gj_1_2_": {
				"attachment": [
					{ "time": 0, "name": null },
					{ "time": 0.1, "name": null },
					{ "time": 0.2, "name": "scws_gj_1_2_" },
					{ "time": 0.3, "name": "scws_gj_1_2_" },
					{ "time": 0.4, "name": null },
					{ "time": 0.4666, "name": null },
					{ "time": 0.5666, "name": null },
					{ "time": 0.6666, "name": null }
				]
			},
			"scws_gj_1_3_": {
				"attachment": [
					{ "time": 0, "name": null },
					{ "time": 0.1, "name": null },
					{ "time": 0.2, "name": "scws_gj_1_3_" },
					{ "time": 0.3, "name": "scws_gj_1_3_" },
					{ "time": 0.4, "name": null },
					{ "time": 0.4666, "name": null },
					{ "time": 0.5666, "name": null },
					{ "time": 0.6666, "name": null }
				]
			},
			"scws_gj_1_4_": {
				"attachment": [
					{ "time": 0, "name": null },
					{ "time": 0.1, "name": null },
					{ "time": 0.2, "name": "scws_gj_1_4_" },
					{ "time": 0.3, "name": "scws_gj_1_4_" },
					{ "time": 0.4, "name": null },
					{ "time": 0.4666, "name": null },
					{ "time": 0.5666, "name": null },
					{ "time": 0.6666, "name": null }
				]
			},
			"scws_gj_1_5_": {
				"attachment": [
					{ "time": 0, "name": null },
					{ "time": 0.1, "name": null },
					{ "time": 0.2, "name": "scws_gj_1_5_" },
					{ "time": 0.3, "name": "scws_gj_1_5_" },
					{ "time": 0.4, "name": null },
					{ "time": 0.4666, "name": null },
					{ "time": 0.5666, "name": null },
					{ "time": 0.6666, "name": null }
				]
			},
			"scws_gj_1_6_": {
				"attachment": [
					{ "time": 0, "name": null },
					{ "time": 0.1, "name": null },
					{ "time": 0.2, "name": "scws_gj_1_6_" },
					{ "time": 0.3, "name": "scws_gj_1_6_" },
					{ "time": 0.4, "name": null },
					{ "time": 0.4666, "name": null },
					{ "time": 0.5666, "name": null },
					{ "time": 0.6666, "name": null }
				]
			},
			"scws_gj_1_7_": {
				"attachment": [
					{ "time": 0, "name": null },
					{ "time": 0.1, "name": null },
					{ "time": 0.2, "name": "scws_gj_1_7_" },
					{ "time": 0.3, "name": "scws_gj_1_7_" },
					{ "time": 0.4, "name": null },
					{ "time": 0.4666, "name": null },
					{ "time": 0.5666, "name": null },
					{ "time": 0.6666, "name": null }
				]
			},
			"scws_gj_2_0_": {
				"attachment": [
					{ "time": 0, "name": null },
					{ "time": 0.1, "name": null },
					{ "time": 0.4, "name": "scws_gj_2_0_" },
					{ "time": 0.4666, "name": "scws_gj_2_0_" },
					{ "time": 0.5666, "name": "scws_gj_2_0_" },
					{ "time": 0.6666, "name": null }
				]
			},
			"scws_gj_2_10_": {
				"attachment": [
					{ "time": 0, "name": null },
					{ "time": 0.1, "name": null },
					{ "time": 0.4, "name": "scws_gj_2_10_" },
					{ "time": 0.4666, "name": "scws_gj_2_10_" },
					{ "time": 0.5666, "name": "scws_gj_2_10_" },
					{ "time": 0.6666, "name": null }
				]
			},
			"scws_gj_2_11_": {
				"attachment": [
					{ "time": 0, "name": null },
					{ "time": 0.1, "name": null },
					{ "time": 0.4, "name": "scws_gj_2_11_" },
					{ "time": 0.4666, "name": "scws_gj_2_11_" },
					{ "time": 0.5666, "name": "scws_gj_2_11_" },
					{ "time": 0.6666, "name": null }
				]
			},
			"scws_gj_2_1_": {
				"attachment": [
					{ "time": 0, "name": null },
					{ "time": 0.1, "name": null },
					{ "time": 0.4, "name": "scws_gj_2_1_" },
					{ "time": 0.4666, "name": "scws_gj_2_1_" },
					{ "time": 0.5666, "name": "scws_gj_2_1_" },
					{ "time": 0.6666, "name": null }
				]
			},
			"scws_gj_2_2_": {
				"attachment": [
					{ "time": 0, "name": null },
					{ "time": 0.1, "name": null },
					{ "time": 0.4, "name": "scws_gj_2_2_" },
					{ "time": 0.4666, "name": "scws_gj_2_2_" },
					{ "time": 0.5666, "name": "scws_gj_2_2_" },
					{ "time": 0.6666, "name": null }
				]
			},
			"scws_gj_2_3_": {
				"attachment": [
					{ "time": 0, "name": null },
					{ "time": 0.1, "name": null },
					{ "time": 0.4, "name": "scws_gj_2_3_" },
					{ "time": 0.4666, "name": "scws_gj_2_3_" },
					{ "time": 0.5666, "name": "scws_gj_2_3_" },
					{ "time": 0.6666, "name": null }
				]
			},
			"scws_gj_2_4_": {
				"attachment": [
					{ "time": 0, "name": null },
					{ "time": 0.1, "name": null },
					{ "time": 0.4, "name": "scws_gj_2_4_" },
					{ "time": 0.4666, "name": "scws_gj_2_4_" },
					{ "time": 0.5666, "name": "scws_gj_2_4_" },
					{ "time": 0.6666, "name": null }
				]
			},
			"scws_gj_2_5_": {
				"attachment": [
					{ "time": 0, "name": null },
					{ "time": 0.1, "name": null },
					{ "time": 0.4, "name": "scws_gj_2_5_" },
					{ "time": 0.4666, "name": "scws_gj_2_5_" },
					{ "time": 0.5666, "name": "scws_gj_2_5_" },
					{ "time": 0.6666, "name": null }
				]
			},
			"scws_gj_2_6_": {
				"attachment": [
					{ "time": 0, "name": null },
					{ "time": 0.1, "name": null },
					{ "time": 0.4, "name": "scws_gj_2_6_" },
					{ "time": 0.4666, "name": "scws_gj_2_6_" },
					{ "time": 0.5666, "name": "scws_gj_2_6_" },
					{ "time": 0.6666, "name": null }
				]
			},
			"scws_gj_2_7_": {
				"attachment": [
					{ "time": 0, "name": null },
					{ "time": 0.1, "name": null },
					{ "time": 0.4, "name": "scws_gj_2_7_" },
					{ "time": 0.4666, "name": "scws_gj_2_7_" },
					{ "time": 0.5666, "name": "scws_gj_2_7_" },
					{ "time": 0.6666, "name": null }
				]
			},
			"scws_gj_2_8_": {
				"attachment": [
					{ "time": 0, "name": null },
					{ "time": 0.1, "name": null },
					{ "time": 0.4, "name": "scws_gj_2_8_" },
					{ "time": 0.4666, "name": "scws_gj_2_8_" },
					{ "time": 0.5666, "name": "scws_gj_2_8_" },
					{ "time": 0.6666, "name": null }
				]
			},
			"scws_gj_2_9_": {
				"attachment": [
					{ "time": 0, "name": null },
					{ "time": 0.1, "name": null },
					{ "time": 0.4, "name": "scws_gj_2_9_" },
					{ "time": 0.4666, "name": "scws_gj_2_9_" },
					{ "time": 0.5666, "name": "scws_gj_2_9_" },
					{ "time": 0.6666, "name": null }
				]
			},
			"siwang": {
				"attachment": [
					{ "time": 0, "name": "jingyingzhen_" },
					{ "time": 0.3333, "name": "jingyingzhen_" }
				],
				"color": [
					{ "time": 0, "color": "ffffff00" },
					{ "time": 0.3333, "color": "ffffffff" },
					{ "time": 0.6666, "color": "ffffff00" }
				]
			},
			"siwang2": {
				"attachment": [
					{ "time": 0, "name": null },
					{ "time": 0.2333, "name": null }
				]
			}
		},
		"bones": {
			"root": {
				"scale": [
					{ "time": 0, "x": 0.4, "y": 0.4, "curve": "stepped" },
					{ "time": 0.6666, "x": 0.399, "y": 0.399 }
				]
			},
			"bone": {
				"translate": [
					{ "time": 0, "x": 21.02, "y": -32.48 },
					{ "time": 0.3333, "x": 21.25, "y": -32.47 }
				],
				"scale": [
					{ "time": 0, "x": 1.179, "y": 0.518 },
					{ "time": 0.6666, "x": 1.75, "y": 0.775 }
				]
			}
		},
		"drawOrder": [
			{
				"time": 0,
				"offsets": [
					{ "slot": "siwang", "offset": -62 }
				]
			},
			{
				"time": 0.6666,
				"offsets": [
					{ "slot": "siwang", "offset": -62 }
				]
			}
		]
	},
	"sw": {
		"slots": {
			"scws_dj_0_0_": {
				"attachment": [
					{ "time": 0, "name": "scws_dj_0_0_" }
				],
				"color": [
					{ "time": 0, "color": "ffffffff" },
					{ "time": 0.6666, "color": "ffffff00" }
				]
			},
			"scws_dj_0_10_": {
				"attachment": [
					{ "time": 0, "name": "scws_dj_0_10_" }
				],
				"color": [
					{ "time": 0, "color": "ffffffff" },
					{ "time": 0.6666, "color": "ffffff00" }
				]
			},
			"scws_dj_0_11_": {
				"attachment": [
					{ "time": 0, "name": "scws_dj_0_11_" }
				],
				"color": [
					{ "time": 0, "color": "ffffffff" },
					{ "time": 0.6666, "color": "ffffff00" }
				]
			},
			"scws_dj_0_12_": {
				"attachment": [
					{ "time": 0, "name": "scws_dj_0_12_" }
				],
				"color": [
					{ "time": 0, "color": "ffffffff" },
					{ "time": 0.6666, "color": "ffffff00" }
				]
			},
			"scws_dj_0_13_": {
				"attachment": [
					{ "time": 0, "name": "scws_dj_0_13_" }
				],
				"color": [
					{ "time": 0, "color": "ffffffff" },
					{ "time": 0.6666, "color": "ffffff00" }
				]
			},
			"scws_dj_0_14_": {
				"attachment": [
					{ "time": 0, "name": "scws_dj_0_14_" }
				],
				"color": [
					{ "time": 0, "color": "ffffffff" },
					{ "time": 0.6666, "color": "ffffff00" }
				]
			},
			"scws_dj_0_15_": {
				"attachment": [
					{ "time": 0, "name": "scws_dj_0_15_" }
				],
				"color": [
					{ "time": 0, "color": "ffffffff" },
					{ "time": 0.6666, "color": "ffffff00" }
				]
			},
			"scws_dj_0_1_": {
				"attachment": [
					{ "time": 0, "name": "scws_dj_0_1_" }
				],
				"color": [
					{ "time": 0, "color": "ffffffff" },
					{ "time": 0.6666, "color": "ffffff00" }
				]
			},
			"scws_dj_0_2_": {
				"attachment": [
					{ "time": 0, "name": "scws_dj_0_2_" }
				],
				"color": [
					{ "time": 0, "color": "ffffffff" },
					{ "time": 0.6666, "color": "ffffff00" }
				]
			},
			"scws_dj_0_3_": {
				"attachment": [
					{ "time": 0, "name": "scws_dj_0_3_" }
				],
				"color": [
					{ "time": 0, "color": "ffffffff" },
					{ "time": 0.6666, "color": "ffffff00" }
				]
			},
			"scws_dj_0_4_": {
				"attachment": [
					{ "time": 0, "name": "scws_dj_0_4_" }
				],
				"color": [
					{ "time": 0, "color": "ffffffff" },
					{ "time": 0.6666, "color": "ffffff00" }
				]
			},
			"scws_dj_0_5_": {
				"attachment": [
					{ "time": 0, "name": "scws_dj_0_5_" }
				],
				"color": [
					{ "time": 0, "color": "ffffffff" },
					{ "time": 0.6666, "color": "ffffff00" }
				]
			},
			"scws_dj_0_6_": {
				"attachment": [
					{ "time": 0, "name": "scws_dj_0_6_" }
				],
				"color": [
					{ "time": 0, "color": "ffffffff" },
					{ "time": 0.6666, "color": "ffffff00" }
				]
			},
			"scws_dj_0_7_": {
				"attachment": [
					{ "time": 0, "name": "scws_dj_0_7_" }
				],
				"color": [
					{ "time": 0, "color": "ffffffff" },
					{ "time": 0.6666, "color": "ffffff00" }
				]
			},
			"scws_dj_0_8_": {
				"attachment": [
					{ "time": 0, "name": "scws_dj_0_8_" }
				],
				"color": [
					{ "time": 0, "color": "ffffffff" },
					{ "time": 0.6666, "color": "ffffff00" }
				]
			},
			"scws_dj_0_9_": {
				"attachment": [
					{ "time": 0, "name": "scws_dj_0_9_" }
				],
				"color": [
					{ "time": 0, "color": "ffffffff" },
					{ "time": 0.6666, "color": "ffffff00" }
				]
			},
			"scws_dj_1_0_": {
				"attachment": [
					{ "time": 0, "name": null }
				]
			},
			"scws_dj_1_10_": {
				"attachment": [
					{ "time": 0, "name": null }
				]
			},
			"scws_dj_1_11_": {
				"attachment": [
					{ "time": 0, "name": null }
				]
			},
			"scws_dj_1_1_": {
				"attachment": [
					{ "time": 0, "name": null }
				]
			},
			"scws_dj_1_2_": {
				"attachment": [
					{ "time": 0, "name": null }
				]
			},
			"scws_dj_1_3_": {
				"attachment": [
					{ "time": 0, "name": null }
				]
			},
			"scws_dj_1_4_": {
				"attachment": [
					{ "time": 0, "name": null }
				]
			},
			"scws_dj_1_5_": {
				"attachment": [
					{ "time": 0, "name": null }
				]
			},
			"scws_dj_1_6_": {
				"attachment": [
					{ "time": 0, "name": null }
				]
			},
			"scws_dj_1_7_": {
				"attachment": [
					{ "time": 0, "name": null }
				]
			},
			"scws_dj_1_8_": {
				"attachment": [
					{ "time": 0, "name": null }
				]
			},
			"scws_dj_1_9_": {
				"attachment": [
					{ "time": 0, "name": null }
				]
			},
			"scws_dj_2_0_": {
				"attachment": [
					{ "time": 0, "name": null }
				]
			},
			"scws_dj_2_10_": {
				"attachment": [
					{ "time": 0, "name": null }
				]
			},
			"scws_dj_2_11_": {
				"attachment": [
					{ "time": 0, "name": null }
				]
			},
			"scws_dj_2_12_": {
				"attachment": [
					{ "time": 0, "name": null }
				]
			},
			"scws_dj_2_13_": {
				"attachment": [
					{ "time": 0, "name": null }
				]
			},
			"scws_dj_2_1_": {
				"attachment": [
					{ "time": 0, "name": null }
				]
			},
			"scws_dj_2_2_": {
				"attachment": [
					{ "time": 0, "name": null }
				]
			},
			"scws_dj_2_3_": {
				"attachment": [
					{ "time": 0, "name": null }
				]
			},
			"scws_dj_2_4_": {
				"attachment": [
					{ "time": 0, "name": null }
				]
			},
			"scws_dj_2_5_": {
				"attachment": [
					{ "time": 0, "name": null }
				]
			},
			"scws_dj_2_6_": {
				"attachment": [
					{ "time": 0, "name": null }
				]
			},
			"scws_dj_2_7_": {
				"attachment": [
					{ "time": 0, "name": null }
				]
			},
			"scws_dj_2_8_": {
				"attachment": [
					{ "time": 0, "name": null }
				]
			},
			"scws_dj_2_9_": {
				"attachment": [
					{ "time": 0, "name": null }
				]
			},
			"scws_gj_1_0_": {
				"attachment": [
					{ "time": 0, "name": null }
				]
			},
			"scws_gj_1_1_": {
				"attachment": [
					{ "time": 0, "name": null }
				]
			},
			"scws_gj_1_2_": {
				"attachment": [
					{ "time": 0, "name": null }
				]
			},
			"scws_gj_1_3_": {
				"attachment": [
					{ "time": 0, "name": null }
				]
			},
			"scws_gj_1_4_": {
				"attachment": [
					{ "time": 0, "name": null }
				]
			},
			"scws_gj_1_5_": {
				"attachment": [
					{ "time": 0, "name": null }
				]
			},
			"scws_gj_1_6_": {
				"attachment": [
					{ "time": 0, "name": null }
				]
			},
			"scws_gj_1_7_": {
				"attachment": [
					{ "time": 0, "name": null }
				]
			},
			"scws_gj_2_0_": {
				"attachment": [
					{ "time": 0, "name": null }
				]
			},
			"scws_gj_2_10_": {
				"attachment": [
					{ "time": 0, "name": null }
				]
			},
			"scws_gj_2_11_": {
				"attachment": [
					{ "time": 0, "name": null }
				]
			},
			"scws_gj_2_1_": {
				"attachment": [
					{ "time": 0, "name": null }
				]
			},
			"scws_gj_2_2_": {
				"attachment": [
					{ "time": 0, "name": null }
				]
			},
			"scws_gj_2_3_": {
				"attachment": [
					{ "time": 0, "name": null }
				]
			},
			"scws_gj_2_4_": {
				"attachment": [
					{ "time": 0, "name": null }
				]
			},
			"scws_gj_2_5_": {
				"attachment": [
					{ "time": 0, "name": null }
				]
			},
			"scws_gj_2_6_": {
				"attachment": [
					{ "time": 0, "name": null }
				]
			},
			"scws_gj_2_7_": {
				"attachment": [
					{ "time": 0, "name": null }
				]
			},
			"scws_gj_2_8_": {
				"attachment": [
					{ "time": 0, "name": null }
				]
			},
			"scws_gj_2_9_": {
				"attachment": [
					{ "time": 0, "name": null }
				]
			},
			"siwang": {
				"attachment": [
					{ "time": 0, "name": "jingyingzhen_" }
				],
				"color": [
					{ "time": 0, "color": "ffffffff" },
					{ "time": 0.5666, "color": "ffffff00" }
				]
			},
			"siwang2": {
				"attachment": [
					{ "time": 0, "name": null },
					{ "time": 0.1, "name": "siwang_0_" },
					{ "time": 0.2, "name": "siwang_1_" },
					{ "time": 0.3, "name": "siwang_2_" },
					{ "time": 0.4, "name": "siwang_3_" },
					{ "time": 0.4666, "name": "siwang_4_" },
					{ "time": 0.5666, "name": "siwang_5_" },
					{ "time": 0.6666, "name": "siwang_6_" }
				]
			}
		},
		"bones": {
			"root": {
				"scale": [
					{ "time": 0, "x": 0.4, "y": 0.4, "curve": "stepped" },
					{ "time": 0.6666, "x": 0.399, "y": 0.399 }
				]
			},
			"bone": {
				"translate": [
					{ "time": 0, "x": 21.02, "y": -32.48 }
				],
				"scale": [
					{ "time": 0, "x": 1.179, "y": 0.518 }
				]
			},
			"bone2": {
				"translate": [
					{ "time": 0.1, "x": 17.19, "y": 70.7 }
				],
				"scale": [
					{ "time": 0.1, "x": 1.675, "y": 1.675 }
				]
			}
		},
		"drawOrder": [
			{
				"time": 0,
				"offsets": [
					{ "slot": "siwang", "offset": -62 }
				]
			}
		]
	}
}
}