{
"skeleton": { "hash": "zZYVE2uu6LBEAZt6vMC7hBFLNQo", "spine": "2.1.27", "width": 0, "height": 0 },
"bones": [
	{ "name": "root" },
	{ "name": "bone", "parent": "root" },
	{ "name": "bone2", "parent": "root" }
],
"slots": [
	{ "name": "rm_yy_", "bone": "bone" },
	{ "name": "renma_daiji_0_3_", "bone": "root" },
	{ "name": "renma_daiji_0_2_", "bone": "root" },
	{ "name": "renma_daiji_0_1_", "bone": "root" },
	{ "name": "renma_daiji_0_0_", "bone": "root" },
	{ "name": "renma_daiji_1_3_", "bone": "root" },
	{ "name": "renma_daiji_1_2_", "bone": "root" },
	{ "name": "renma_daiji_1_1_", "bone": "root" },
	{ "name": "renma_daiji_1_0_", "bone": "root" },
	{ "name": "renma_daiji_2_3_", "bone": "root" },
	{ "name": "renma_daiji_2_2_", "bone": "root" },
	{ "name": "renma_daiji_2_1_", "bone": "root" },
	{ "name": "renma_daiji_2_0_", "bone": "root" },
	{ "name": "renma_daiji_3_3_", "bone": "root" },
	{ "name": "renma_daiji_3_2_", "bone": "root" },
	{ "name": "renma_daiji_3_1_", "bone": "root" },
	{ "name": "renma_daiji_3_0_", "bone": "root" },
	{ "name": "renma_daiji_4_3_", "bone": "root" },
	{ "name": "renma_daiji_4_2_", "bone": "root" },
	{ "name": "renma_daiji_4_1_", "bone": "root" },
	{ "name": "renma_daiji_4_0_", "bone": "root" },
	{ "name": "renma_gongji_0_3_", "bone": "root" },
	{ "name": "renma_gongji_0_2_", "bone": "root" },
	{ "name": "renma_gongji_0_1_", "bone": "root" },
	{ "name": "renma_gongji_0_0_", "bone": "root" },
	{ "name": "renma_gongji_1_3_", "bone": "root" },
	{ "name": "renma_gongji_1_2_", "bone": "root" },
	{ "name": "renma_gongji_1_1_", "bone": "root" },
	{ "name": "renma_gongji_1_0_", "bone": "root" },
	{ "name": "renma_gongji_2_4_", "bone": "root" },
	{ "name": "renma_gongji_2_3_", "bone": "root" },
	{ "name": "renma_gongji_2_2_", "bone": "root" },
	{ "name": "renma_gongji_2_1_", "bone": "root" },
	{ "name": "renma_gongji_2_0_", "bone": "root" },
	{ "name": "renma_gongji_3_3_", "bone": "root" },
	{ "name": "renma_gongji_3_2_", "bone": "root" },
	{ "name": "renma_gongji_3_1_", "bone": "root" },
	{ "name": "renma_gongji_3_0_", "bone": "root" },
	{ "name": "renma_gongji_4_5_", "bone": "root" },
	{ "name": "renma_gongji_4_4_", "bone": "root" },
	{ "name": "renma_gongji_4_3_", "bone": "root" },
	{ "name": "renma_gongji_4_2_", "bone": "root" },
	{ "name": "renma_gongji_4_1_", "bone": "root" },
	{ "name": "renma_gongji_4_0_", "bone": "root" },
	{ "name": "renma_gongji_5_3_", "bone": "root" },
	{ "name": "renma_gongji_5_2_", "bone": "root" },
	{ "name": "renma_gongji_5_1_", "bone": "root" },
	{ "name": "renma_gongji_5_0_", "bone": "root" },
	{ "name": "renma_gongji_6_1_", "bone": "root" },
	{ "name": "renma_gongji_6_0_", "bone": "root" },
	{ "name": "siwang_0_", "bone": "bone2" }
],
"skins": {
	"default": {
		"renma_daiji_0_0_": {
			"renma_daiji_0_0_": { "x": 1, "y": 71.5, "width": 84, "height": 69 }
		},
		"renma_daiji_0_1_": {
			"renma_daiji_0_1_": { "x": 60.5, "y": 98.5, "width": 35, "height": 45 }
		},
		"renma_daiji_0_2_": {
			"renma_daiji_0_2_": { "x": 18.5, "y": 24, "width": 21, "height": 26 }
		},
		"renma_daiji_0_3_": {
			"renma_daiji_0_3_": { "x": 4.5, "y": 132.5, "width": 77, "height": 53 }
		},
		"renma_daiji_1_0_": {
			"renma_daiji_1_0_": { "x": 0.5, "y": 71, "width": 83, "height": 68 }
		},
		"renma_daiji_1_1_": {
			"renma_daiji_1_1_": { "x": 60, "y": 98, "width": 36, "height": 46 }
		},
		"renma_daiji_1_2_": {
			"renma_daiji_1_2_": { "x": 19, "y": 24, "width": 20, "height": 26 }
		},
		"renma_daiji_1_3_": {
			"renma_daiji_1_3_": { "x": 3, "y": 131.5, "width": 78, "height": 53 }
		},
		"renma_daiji_2_0_": {
			"renma_daiji_2_0_": { "x": 1, "y": 70, "width": 82, "height": 66 }
		},
		"renma_daiji_2_1_": {
			"renma_daiji_2_1_": { "x": 60.5, "y": 97.5, "width": 37, "height": 45 }
		},
		"renma_daiji_2_2_": {
			"renma_daiji_2_2_": { "x": 19, "y": 24, "width": 20, "height": 26 }
		},
		"renma_daiji_2_3_": {
			"renma_daiji_2_3_": { "x": 3, "y": 128.5, "width": 78, "height": 51 }
		},
		"renma_daiji_3_0_": {
			"renma_daiji_3_0_": { "x": 1.5, "y": 70.5, "width": 81, "height": 69 }
		},
		"renma_daiji_3_1_": {
			"renma_daiji_3_1_": { "x": 60.5, "y": 97, "width": 37, "height": 46 }
		},
		"renma_daiji_3_2_": {
			"renma_daiji_3_2_": { "x": 19, "y": 23.5, "width": 20, "height": 25 }
		},
		"renma_daiji_3_3_": {
			"renma_daiji_3_3_": { "x": 1.5, "y": 131.5, "width": 73, "height": 53 }
		},
		"renma_daiji_4_0_": {
			"renma_daiji_4_0_": { "x": 1.5, "y": 70, "width": 83, "height": 66 }
		},
		"renma_daiji_4_1_": {
			"renma_daiji_4_1_": { "x": 19, "y": 24, "width": 20, "height": 26 }
		},
		"renma_daiji_4_2_": {
			"renma_daiji_4_2_": { "x": 60.5, "y": 97.5, "width": 35, "height": 45 }
		},
		"renma_daiji_4_3_": {
			"renma_daiji_4_3_": { "x": 4.5, "y": 129, "width": 77, "height": 52 }
		},
		"renma_gongji_0_0_": {
			"renma_gongji_0_0_": { "x": 0.5, "y": 68.5, "width": 83, "height": 73 }
		},
		"renma_gongji_0_1_": {
			"renma_gongji_0_1_": { "x": 17.5, "y": 21, "width": 19, "height": 22 }
		},
		"renma_gongji_0_2_": {
			"renma_gongji_0_2_": { "x": 61, "y": 99, "width": 38, "height": 46 }
		},
		"renma_gongji_0_3_": {
			"renma_gongji_0_3_": { "x": 3.5, "y": 131, "width": 77, "height": 52 }
		},
		"renma_gongji_1_0_": {
			"renma_gongji_1_0_": { "x": -1.49, "y": 76, "width": 83, "height": 70 }
		},
		"renma_gongji_1_1_": {
			"renma_gongji_1_1_": { "x": 2, "y": 125.5, "width": 58, "height": 29 }
		},
		"renma_gongji_1_2_": {
			"renma_gongji_1_2_": { "x": -2.99, "y": 158.5, "width": 86, "height": 37 }
		},
		"renma_gongji_1_3_": {
			"renma_gongji_1_3_": { "x": 13.5, "y": 182, "width": 7, "height": 10 }
		},
		"renma_gongji_2_0_": {
			"renma_gongji_2_0_": { "x": -30.99, "y": 66, "width": 22, "height": 68 }
		},
		"renma_gongji_2_1_": {
			"renma_gongji_2_1_": { "x": 11, "y": 72, "width": 62, "height": 56 }
		},
		"renma_gongji_2_2_": {
			"renma_gongji_2_2_": { "x": 4.5, "y": 123, "width": 63, "height": 46 }
		},
		"renma_gongji_2_3_": {
			"renma_gongji_2_3_": { "x": -50.99, "y": 129.5, "width": 48, "height": 31 }
		},
		"renma_gongji_2_4_": {
			"renma_gongji_2_4_": { "x": -24.99, "y": 160.5, "width": 68, "height": 29 }
		},
		"renma_gongji_3_0_": {
			"renma_gongji_3_0_": { "x": 5, "y": 114.5, "width": 102, "height": 53 }
		},
		"renma_gongji_3_1_": {
			"renma_gongji_3_1_": { "x": 9.5, "y": 59.5, "width": 79, "height": 57 }
		},
		"renma_gongji_3_2_": {
			"renma_gongji_3_2_": { "x": 32.5, "y": 20.5, "width": 23, "height": 21 }
		},
		"renma_gongji_3_3_": {
			"renma_gongji_3_3_": { "x": -34.49, "y": 46.5, "width": 9, "height": 29 }
		},
		"renma_gongji_4_0_": {
			"renma_gongji_4_0_": { "x": 6, "y": 66.5, "width": 94, "height": 69 }
		},
		"renma_gongji_4_1_": {
			"renma_gongji_4_1_": { "x": 28.5, "y": 17, "width": 31, "height": 30 }
		},
		"renma_gongji_4_2_": {
			"renma_gongji_4_2_": { "x": 34, "y": 122, "width": 56, "height": 42 }
		},
		"renma_gongji_4_3_": {
			"renma_gongji_4_3_": { "x": -8.99, "y": 107.5, "width": 30, "height": 13 }
		},
		"renma_gongji_4_4_": {
			"renma_gongji_4_4_": { "x": -55.49, "y": 117, "width": 63, "height": 32 }
		},
		"renma_gongji_4_5_": {
			"renma_gongji_4_5_": { "x": -44.49, "y": 94.5, "width": 7, "height": 11 }
		},
		"renma_gongji_5_0_": {
			"renma_gongji_5_0_": { "x": 5, "y": 69, "width": 90, "height": 82 }
		},
		"renma_gongji_5_1_": {
			"renma_gongji_5_1_": { "x": 30, "y": 16, "width": 28, "height": 24 }
		},
		"renma_gongji_5_2_": {
			"renma_gongji_5_2_": { "x": 9, "y": 128, "width": 60, "height": 36 }
		},
		"renma_gongji_5_3_": {
			"renma_gongji_5_3_": { "x": -68.49, "y": 90.5, "width": 57, "height": 27 }
		},
		"renma_gongji_6_0_": {
			"renma_gongji_6_0_": { "x": 4.5, "y": 62, "width": 89, "height": 104 }
		},
		"renma_gongji_6_1_": {
			"renma_gongji_6_1_": { "x": -5.99, "y": 135, "width": 56, "height": 42 }
		},
		"rm_yy_": {
			"rm_yy_": { "x": 1.86, "y": 27.41, "width": 107, "height": 82 }
		},
		"siwang_0_": {
			"siwang_0_": { "width": 165, "height": 156 },
			"siwang_1_": { "width": 165, "height": 156 },
			"siwang_2_": { "width": 165, "height": 156 },
			"siwang_3_": { "width": 165, "height": 156 },
			"siwang_4_": { "width": 165, "height": 156 },
			"siwang_5_": { "width": 165, "height": 156 },
			"siwang_6_": { "width": 165, "height": 156 }
		}
	}
},
"animations": {
	"dj": {
		"slots": {
			"renma_daiji_0_0_": {
				"attachment": [
					{ "time": 0, "name": "renma_daiji_0_0_" },
					{ "time": 0.1666, "name": null },
					{ "time": 0.8333, "name": "renma_daiji_0_0_" }
				]
			},
			"renma_daiji_0_1_": {
				"attachment": [
					{ "time": 0, "name": "renma_daiji_0_1_" },
					{ "time": 0.1666, "name": null },
					{ "time": 0.8333, "name": "renma_daiji_0_1_" }
				]
			},
			"renma_daiji_0_2_": {
				"attachment": [
					{ "time": 0, "name": "renma_daiji_0_2_" },
					{ "time": 0.1666, "name": null },
					{ "time": 0.8333, "name": "renma_daiji_0_2_" }
				]
			},
			"renma_daiji_0_3_": {
				"attachment": [
					{ "time": 0, "name": "renma_daiji_0_3_" },
					{ "time": 0.1666, "name": null },
					{ "time": 0.8333, "name": "renma_daiji_0_3_" }
				]
			},
			"renma_daiji_1_0_": {
				"attachment": [
					{ "time": 0, "name": null },
					{ "time": 0.1666, "name": "renma_daiji_1_0_" },
					{ "time": 0.3333, "name": null },
					{ "time": 0.8333, "name": null }
				]
			},
			"renma_daiji_1_1_": {
				"attachment": [
					{ "time": 0, "name": null },
					{ "time": 0.1666, "name": "renma_daiji_1_1_" },
					{ "time": 0.3333, "name": null },
					{ "time": 0.8333, "name": null }
				]
			},
			"renma_daiji_1_2_": {
				"attachment": [
					{ "time": 0, "name": null },
					{ "time": 0.1666, "name": "renma_daiji_1_2_" },
					{ "time": 0.3333, "name": null },
					{ "time": 0.8333, "name": null }
				]
			},
			"renma_daiji_1_3_": {
				"attachment": [
					{ "time": 0, "name": null },
					{ "time": 0.1666, "name": "renma_daiji_1_3_" },
					{ "time": 0.3333, "name": null },
					{ "time": 0.8333, "name": null }
				]
			},
			"renma_daiji_2_0_": {
				"attachment": [
					{ "time": 0, "name": null },
					{ "time": 0.3333, "name": "renma_daiji_2_0_" },
					{ "time": 0.5, "name": null },
					{ "time": 0.8333, "name": null }
				]
			},
			"renma_daiji_2_1_": {
				"attachment": [
					{ "time": 0, "name": null },
					{ "time": 0.3333, "name": "renma_daiji_2_1_" },
					{ "time": 0.5, "name": null },
					{ "time": 0.8333, "name": null }
				]
			},
			"renma_daiji_2_2_": {
				"attachment": [
					{ "time": 0, "name": null },
					{ "time": 0.3333, "name": "renma_daiji_2_2_" },
					{ "time": 0.5, "name": null },
					{ "time": 0.8333, "name": null }
				]
			},
			"renma_daiji_2_3_": {
				"attachment": [
					{ "time": 0, "name": null },
					{ "time": 0.3333, "name": "renma_daiji_2_3_" },
					{ "time": 0.5, "name": null },
					{ "time": 0.8333, "name": null }
				]
			},
			"renma_daiji_3_0_": {
				"attachment": [
					{ "time": 0, "name": null },
					{ "time": 0.5, "name": "renma_daiji_3_0_" },
					{ "time": 0.6666, "name": null },
					{ "time": 0.8333, "name": null }
				]
			},
			"renma_daiji_3_1_": {
				"attachment": [
					{ "time": 0, "name": null },
					{ "time": 0.5, "name": "renma_daiji_3_1_" },
					{ "time": 0.6666, "name": null },
					{ "time": 0.8333, "name": null }
				]
			},
			"renma_daiji_3_2_": {
				"attachment": [
					{ "time": 0, "name": null },
					{ "time": 0.5, "name": "renma_daiji_3_2_" },
					{ "time": 0.6666, "name": null },
					{ "time": 0.8333, "name": null }
				]
			},
			"renma_daiji_3_3_": {
				"attachment": [
					{ "time": 0, "name": null },
					{ "time": 0.5, "name": "renma_daiji_3_3_" },
					{ "time": 0.6666, "name": null },
					{ "time": 0.8333, "name": null }
				]
			},
			"renma_daiji_4_0_": {
				"attachment": [
					{ "time": 0, "name": null },
					{ "time": 0.6666, "name": "renma_daiji_4_0_" },
					{ "time": 0.8333, "name": null }
				]
			},
			"renma_daiji_4_1_": {
				"attachment": [
					{ "time": 0, "name": null },
					{ "time": 0.6666, "name": "renma_daiji_4_1_" },
					{ "time": 0.8333, "name": null }
				]
			},
			"renma_daiji_4_2_": {
				"attachment": [
					{ "time": 0, "name": null },
					{ "time": 0.6666, "name": "renma_daiji_4_2_" },
					{ "time": 0.8333, "name": null }
				]
			},
			"renma_daiji_4_3_": {
				"attachment": [
					{ "time": 0, "name": null },
					{ "time": 0.6666, "name": "renma_daiji_4_3_" },
					{ "time": 0.8333, "name": null }
				]
			},
			"renma_gongji_0_0_": {
				"attachment": [
					{ "time": 0, "name": null },
					{ "time": 0.8333, "name": null }
				]
			},
			"renma_gongji_0_1_": {
				"attachment": [
					{ "time": 0, "name": null },
					{ "time": 0.8333, "name": null }
				]
			},
			"renma_gongji_0_2_": {
				"attachment": [
					{ "time": 0, "name": null },
					{ "time": 0.8333, "name": null }
				]
			},
			"renma_gongji_0_3_": {
				"attachment": [
					{ "time": 0, "name": null },
					{ "time": 0.8333, "name": null }
				]
			},
			"renma_gongji_1_0_": {
				"attachment": [
					{ "time": 0, "name": null },
					{ "time": 0.8333, "name": null }
				]
			},
			"renma_gongji_1_1_": {
				"attachment": [
					{ "time": 0, "name": null },
					{ "time": 0.8333, "name": null }
				]
			},
			"renma_gongji_1_2_": {
				"attachment": [
					{ "time": 0, "name": null },
					{ "time": 0.8333, "name": null }
				]
			},
			"renma_gongji_1_3_": {
				"attachment": [
					{ "time": 0, "name": null },
					{ "time": 0.8333, "name": null }
				]
			},
			"renma_gongji_2_0_": {
				"attachment": [
					{ "time": 0, "name": null },
					{ "time": 0.8333, "name": null }
				]
			},
			"renma_gongji_2_1_": {
				"attachment": [
					{ "time": 0, "name": null },
					{ "time": 0.8333, "name": null }
				]
			},
			"renma_gongji_2_2_": {
				"attachment": [
					{ "time": 0, "name": null },
					{ "time": 0.8333, "name": null }
				]
			},
			"renma_gongji_2_3_": {
				"attachment": [
					{ "time": 0, "name": null },
					{ "time": 0.8333, "name": null }
				]
			},
			"renma_gongji_2_4_": {
				"attachment": [
					{ "time": 0, "name": null },
					{ "time": 0.8333, "name": null }
				]
			},
			"renma_gongji_3_0_": {
				"attachment": [
					{ "time": 0, "name": null },
					{ "time": 0.8333, "name": null }
				]
			},
			"renma_gongji_3_1_": {
				"attachment": [
					{ "time": 0, "name": null },
					{ "time": 0.8333, "name": null }
				]
			},
			"renma_gongji_3_2_": {
				"attachment": [
					{ "time": 0, "name": null },
					{ "time": 0.8333, "name": null }
				]
			},
			"renma_gongji_3_3_": {
				"attachment": [
					{ "time": 0, "name": null },
					{ "time": 0.8333, "name": null }
				]
			},
			"renma_gongji_4_0_": {
				"attachment": [
					{ "time": 0, "name": null },
					{ "time": 0.8333, "name": null }
				]
			},
			"renma_gongji_4_1_": {
				"attachment": [
					{ "time": 0, "name": null },
					{ "time": 0.8333, "name": null }
				]
			},
			"renma_gongji_4_2_": {
				"attachment": [
					{ "time": 0, "name": null },
					{ "time": 0.8333, "name": null }
				]
			},
			"renma_gongji_4_3_": {
				"attachment": [
					{ "time": 0, "name": null },
					{ "time": 0.8333, "name": null }
				]
			},
			"renma_gongji_4_4_": {
				"attachment": [
					{ "time": 0, "name": null },
					{ "time": 0.8333, "name": null }
				]
			},
			"renma_gongji_4_5_": {
				"attachment": [
					{ "time": 0, "name": null },
					{ "time": 0.8333, "name": null }
				]
			},
			"renma_gongji_5_0_": {
				"attachment": [
					{ "time": 0, "name": null },
					{ "time": 0.8333, "name": null }
				]
			},
			"renma_gongji_5_1_": {
				"attachment": [
					{ "time": 0, "name": null },
					{ "time": 0.8333, "name": null }
				]
			},
			"renma_gongji_5_2_": {
				"attachment": [
					{ "time": 0, "name": null },
					{ "time": 0.8333, "name": null }
				]
			},
			"renma_gongji_5_3_": {
				"attachment": [
					{ "time": 0, "name": null },
					{ "time": 0.8333, "name": null }
				]
			},
			"renma_gongji_6_0_": {
				"attachment": [
					{ "time": 0, "name": null },
					{ "time": 0.8333, "name": null }
				]
			},
			"renma_gongji_6_1_": {
				"attachment": [
					{ "time": 0, "name": null },
					{ "time": 0.8333, "name": null }
				]
			},
			"rm_yy_": {
				"attachment": [
					{ "time": 0, "name": "rm_yy_" },
					{ "time": 0.8333, "name": "rm_yy_" }
				]
			},
			"siwang_0_": {
				"attachment": [
					{ "time": 0, "name": null },
					{ "time": 0.8333, "name": null }
				]
			}
		}
	},
	"gj": {
		"slots": {
			"renma_daiji_0_0_": {
				"attachment": [
					{ "time": 0, "name": "renma_daiji_0_0_" },
					{ "time": 0.1333, "name": null },
					{ "time": 0.9333, "name": "renma_daiji_0_0_" }
				]
			},
			"renma_daiji_0_1_": {
				"attachment": [
					{ "time": 0, "name": "renma_daiji_0_1_" },
					{ "time": 0.1333, "name": null },
					{ "time": 0.9333, "name": "renma_daiji_0_1_" }
				]
			},
			"renma_daiji_0_2_": {
				"attachment": [
					{ "time": 0, "name": "renma_daiji_0_2_" },
					{ "time": 0.1333, "name": null },
					{ "time": 0.9333, "name": "renma_daiji_0_2_" }
				]
			},
			"renma_daiji_0_3_": {
				"attachment": [
					{ "time": 0, "name": "renma_daiji_0_3_" },
					{ "time": 0.1333, "name": null },
					{ "time": 0.9333, "name": "renma_daiji_0_3_" }
				]
			},
			"renma_daiji_1_0_": {
				"attachment": [
					{ "time": 0, "name": null },
					{ "time": 0.9333, "name": null }
				]
			},
			"renma_daiji_1_1_": {
				"attachment": [
					{ "time": 0, "name": null },
					{ "time": 0.9333, "name": null }
				]
			},
			"renma_daiji_1_2_": {
				"attachment": [
					{ "time": 0, "name": null },
					{ "time": 0.9333, "name": null }
				]
			},
			"renma_daiji_1_3_": {
				"attachment": [
					{ "time": 0, "name": null },
					{ "time": 0.9333, "name": null }
				]
			},
			"renma_daiji_2_0_": {
				"attachment": [
					{ "time": 0, "name": null },
					{ "time": 0.9333, "name": null }
				]
			},
			"renma_daiji_2_1_": {
				"attachment": [
					{ "time": 0, "name": null },
					{ "time": 0.9333, "name": null }
				]
			},
			"renma_daiji_2_2_": {
				"attachment": [
					{ "time": 0, "name": null },
					{ "time": 0.9333, "name": null }
				]
			},
			"renma_daiji_2_3_": {
				"attachment": [
					{ "time": 0, "name": null },
					{ "time": 0.9333, "name": null }
				]
			},
			"renma_daiji_3_0_": {
				"attachment": [
					{ "time": 0, "name": null },
					{ "time": 0.9333, "name": null }
				]
			},
			"renma_daiji_3_1_": {
				"attachment": [
					{ "time": 0, "name": null },
					{ "time": 0.9333, "name": null }
				]
			},
			"renma_daiji_3_2_": {
				"attachment": [
					{ "time": 0, "name": null },
					{ "time": 0.9333, "name": null }
				]
			},
			"renma_daiji_3_3_": {
				"attachment": [
					{ "time": 0, "name": null },
					{ "time": 0.9333, "name": null }
				]
			},
			"renma_daiji_4_0_": {
				"attachment": [
					{ "time": 0, "name": null },
					{ "time": 0.9333, "name": null }
				]
			},
			"renma_daiji_4_1_": {
				"attachment": [
					{ "time": 0, "name": null },
					{ "time": 0.9333, "name": null }
				]
			},
			"renma_daiji_4_2_": {
				"attachment": [
					{ "time": 0, "name": null },
					{ "time": 0.9333, "name": null }
				]
			},
			"renma_daiji_4_3_": {
				"attachment": [
					{ "time": 0, "name": null },
					{ "time": 0.9333, "name": null }
				]
			},
			"renma_gongji_0_0_": {
				"attachment": [
					{ "time": 0, "name": null },
					{ "time": 0.9333, "name": null }
				]
			},
			"renma_gongji_0_1_": {
				"attachment": [
					{ "time": 0, "name": null },
					{ "time": 0.9333, "name": null }
				]
			},
			"renma_gongji_0_2_": {
				"attachment": [
					{ "time": 0, "name": null },
					{ "time": 0.9333, "name": null }
				]
			},
			"renma_gongji_0_3_": {
				"attachment": [
					{ "time": 0, "name": null },
					{ "time": 0.9333, "name": null }
				]
			},
			"renma_gongji_1_0_": {
				"attachment": [
					{ "time": 0, "name": null },
					{ "time": 0.1333, "name": "renma_gongji_1_0_" },
					{ "time": 0.2666, "name": null },
					{ "time": 0.9333, "name": null }
				]
			},
			"renma_gongji_1_1_": {
				"attachment": [
					{ "time": 0, "name": null },
					{ "time": 0.1333, "name": "renma_gongji_1_1_" },
					{ "time": 0.2666, "name": null },
					{ "time": 0.9333, "name": null }
				]
			},
			"renma_gongji_1_2_": {
				"attachment": [
					{ "time": 0, "name": null },
					{ "time": 0.1333, "name": "renma_gongji_1_2_" },
					{ "time": 0.2666, "name": null },
					{ "time": 0.9333, "name": null }
				]
			},
			"renma_gongji_1_3_": {
				"attachment": [
					{ "time": 0, "name": null },
					{ "time": 0.1333, "name": "renma_gongji_1_3_" },
					{ "time": 0.2666, "name": null },
					{ "time": 0.9333, "name": null }
				]
			},
			"renma_gongji_2_0_": {
				"attachment": [
					{ "time": 0, "name": null },
					{ "time": 0.2666, "name": "renma_gongji_2_0_" },
					{ "time": 0.4, "name": null },
					{ "time": 0.9333, "name": null }
				]
			},
			"renma_gongji_2_1_": {
				"attachment": [
					{ "time": 0, "name": null },
					{ "time": 0.2666, "name": "renma_gongji_2_1_" },
					{ "time": 0.4, "name": null },
					{ "time": 0.9333, "name": null }
				]
			},
			"renma_gongji_2_2_": {
				"attachment": [
					{ "time": 0, "name": null },
					{ "time": 0.2666, "name": "renma_gongji_2_2_" },
					{ "time": 0.4, "name": null },
					{ "time": 0.9333, "name": null }
				]
			},
			"renma_gongji_2_3_": {
				"attachment": [
					{ "time": 0, "name": null },
					{ "time": 0.2666, "name": "renma_gongji_2_3_" },
					{ "time": 0.4, "name": null },
					{ "time": 0.9333, "name": null }
				]
			},
			"renma_gongji_2_4_": {
				"attachment": [
					{ "time": 0, "name": null },
					{ "time": 0.2666, "name": "renma_gongji_2_4_" },
					{ "time": 0.4, "name": null },
					{ "time": 0.9333, "name": null }
				]
			},
			"renma_gongji_3_0_": {
				"attachment": [
					{ "time": 0, "name": null },
					{ "time": 0.4, "name": "renma_gongji_3_0_" },
					{ "time": 0.5333, "name": null },
					{ "time": 0.9333, "name": null }
				]
			},
			"renma_gongji_3_1_": {
				"attachment": [
					{ "time": 0, "name": null },
					{ "time": 0.4, "name": "renma_gongji_3_1_" },
					{ "time": 0.5333, "name": null },
					{ "time": 0.9333, "name": null }
				]
			},
			"renma_gongji_3_2_": {
				"attachment": [
					{ "time": 0, "name": null },
					{ "time": 0.4, "name": "renma_gongji_3_2_" },
					{ "time": 0.5333, "name": null },
					{ "time": 0.9333, "name": null }
				]
			},
			"renma_gongji_3_3_": {
				"attachment": [
					{ "time": 0, "name": null },
					{ "time": 0.4, "name": "renma_gongji_3_3_" },
					{ "time": 0.5333, "name": null },
					{ "time": 0.9333, "name": null }
				]
			},
			"renma_gongji_4_0_": {
				"attachment": [
					{ "time": 0, "name": null },
					{ "time": 0.5333, "name": "renma_gongji_4_0_" },
					{ "time": 0.6666, "name": null },
					{ "time": 0.9333, "name": null }
				]
			},
			"renma_gongji_4_1_": {
				"attachment": [
					{ "time": 0, "name": null },
					{ "time": 0.5333, "name": "renma_gongji_4_1_" },
					{ "time": 0.6666, "name": null },
					{ "time": 0.9333, "name": null }
				]
			},
			"renma_gongji_4_2_": {
				"attachment": [
					{ "time": 0, "name": null },
					{ "time": 0.5333, "name": "renma_gongji_4_2_" },
					{ "time": 0.6666, "name": null },
					{ "time": 0.9333, "name": null }
				]
			},
			"renma_gongji_4_3_": {
				"attachment": [
					{ "time": 0, "name": null },
					{ "time": 0.5333, "name": "renma_gongji_4_3_" },
					{ "time": 0.6666, "name": null },
					{ "time": 0.9333, "name": null }
				]
			},
			"renma_gongji_4_4_": {
				"attachment": [
					{ "time": 0, "name": null },
					{ "time": 0.5333, "name": "renma_gongji_4_4_" },
					{ "time": 0.6666, "name": null },
					{ "time": 0.9333, "name": null }
				]
			},
			"renma_gongji_4_5_": {
				"attachment": [
					{ "time": 0, "name": null },
					{ "time": 0.5333, "name": "renma_gongji_4_5_" },
					{ "time": 0.6666, "name": null },
					{ "time": 0.9333, "name": null }
				]
			},
			"renma_gongji_5_0_": {
				"attachment": [
					{ "time": 0, "name": null },
					{ "time": 0.6666, "name": "renma_gongji_5_0_" },
					{ "time": 0.8, "name": null },
					{ "time": 0.9333, "name": null }
				]
			},
			"renma_gongji_5_1_": {
				"attachment": [
					{ "time": 0, "name": null },
					{ "time": 0.6666, "name": "renma_gongji_5_1_" },
					{ "time": 0.8, "name": null },
					{ "time": 0.9333, "name": null }
				]
			},
			"renma_gongji_5_2_": {
				"attachment": [
					{ "time": 0, "name": null },
					{ "time": 0.6666, "name": "renma_gongji_5_2_" },
					{ "time": 0.8, "name": null },
					{ "time": 0.9333, "name": null }
				]
			},
			"renma_gongji_5_3_": {
				"attachment": [
					{ "time": 0, "name": null },
					{ "time": 0.6666, "name": "renma_gongji_5_3_" },
					{ "time": 0.8, "name": null },
					{ "time": 0.9333, "name": null }
				]
			},
			"renma_gongji_6_0_": {
				"attachment": [
					{ "time": 0, "name": null },
					{ "time": 0.8, "name": "renma_gongji_6_0_" },
					{ "time": 0.9333, "name": null }
				]
			},
			"renma_gongji_6_1_": {
				"attachment": [
					{ "time": 0, "name": null },
					{ "time": 0.8, "name": "renma_gongji_6_1_" },
					{ "time": 0.9333, "name": null }
				]
			},
			"rm_yy_": {
				"attachment": [
					{ "time": 0, "name": "rm_yy_" },
					{ "time": 0.9333, "name": "rm_yy_" }
				]
			},
			"siwang_0_": {
				"attachment": [
					{ "time": 0, "name": null },
					{ "time": 0.9333, "name": null }
				]
			}
		}
	},
	"sw": {
		"slots": {
			"renma_daiji_0_0_": {
				"attachment": [
					{ "time": 0, "name": "renma_daiji_0_0_" },
					{ "time": 0.9333, "name": "renma_daiji_0_0_" }
				],
				"color": [
					{ "time": 0, "color": "ffffffff" },
					{ "time": 0.6666, "color": "ffffff00" }
				]
			},
			"renma_daiji_0_1_": {
				"attachment": [
					{ "time": 0, "name": "renma_daiji_0_1_" },
					{ "time": 0.9333, "name": "renma_daiji_0_1_" }
				],
				"color": [
					{ "time": 0, "color": "ffffffff" },
					{ "time": 0.6666, "color": "ffffff00" }
				]
			},
			"renma_daiji_0_2_": {
				"attachment": [
					{ "time": 0, "name": "renma_daiji_0_2_" },
					{ "time": 0.9333, "name": "renma_daiji_0_2_" }
				],
				"color": [
					{ "time": 0, "color": "ffffffff" },
					{ "time": 0.6666, "color": "ffffff00" }
				]
			},
			"renma_daiji_0_3_": {
				"attachment": [
					{ "time": 0, "name": "renma_daiji_0_3_" },
					{ "time": 0.9333, "name": "renma_daiji_0_3_" }
				],
				"color": [
					{ "time": 0, "color": "ffffffff" },
					{ "time": 0.6666, "color": "ffffff00" }
				]
			},
			"renma_daiji_1_0_": {
				"attachment": [
					{ "time": 0, "name": null },
					{ "time": 0.9333, "name": null }
				]
			},
			"renma_daiji_1_1_": {
				"attachment": [
					{ "time": 0, "name": null },
					{ "time": 0.9333, "name": null }
				]
			},
			"renma_daiji_1_2_": {
				"attachment": [
					{ "time": 0, "name": null },
					{ "time": 0.9333, "name": null }
				]
			},
			"renma_daiji_1_3_": {
				"attachment": [
					{ "time": 0, "name": null },
					{ "time": 0.9333, "name": null }
				]
			},
			"renma_daiji_2_0_": {
				"attachment": [
					{ "time": 0, "name": null },
					{ "time": 0.9333, "name": null }
				]
			},
			"renma_daiji_2_1_": {
				"attachment": [
					{ "time": 0, "name": null },
					{ "time": 0.9333, "name": null }
				]
			},
			"renma_daiji_2_2_": {
				"attachment": [
					{ "time": 0, "name": null },
					{ "time": 0.9333, "name": null }
				]
			},
			"renma_daiji_2_3_": {
				"attachment": [
					{ "time": 0, "name": null },
					{ "time": 0.9333, "name": null }
				]
			},
			"renma_daiji_3_0_": {
				"attachment": [
					{ "time": 0, "name": null },
					{ "time": 0.9333, "name": null }
				]
			},
			"renma_daiji_3_1_": {
				"attachment": [
					{ "time": 0, "name": null },
					{ "time": 0.9333, "name": null }
				]
			},
			"renma_daiji_3_2_": {
				"attachment": [
					{ "time": 0, "name": null },
					{ "time": 0.9333, "name": null }
				]
			},
			"renma_daiji_3_3_": {
				"attachment": [
					{ "time": 0, "name": null },
					{ "time": 0.9333, "name": null }
				]
			},
			"renma_daiji_4_0_": {
				"attachment": [
					{ "time": 0, "name": null },
					{ "time": 0.9333, "name": null }
				]
			},
			"renma_daiji_4_1_": {
				"attachment": [
					{ "time": 0, "name": null },
					{ "time": 0.9333, "name": null }
				]
			},
			"renma_daiji_4_2_": {
				"attachment": [
					{ "time": 0, "name": null },
					{ "time": 0.9333, "name": null }
				]
			},
			"renma_daiji_4_3_": {
				"attachment": [
					{ "time": 0, "name": null },
					{ "time": 0.9333, "name": null }
				]
			},
			"renma_gongji_0_0_": {
				"attachment": [
					{ "time": 0, "name": null },
					{ "time": 0.9333, "name": null }
				]
			},
			"renma_gongji_0_1_": {
				"attachment": [
					{ "time": 0, "name": null },
					{ "time": 0.9333, "name": null }
				]
			},
			"renma_gongji_0_2_": {
				"attachment": [
					{ "time": 0, "name": null },
					{ "time": 0.9333, "name": null }
				]
			},
			"renma_gongji_0_3_": {
				"attachment": [
					{ "time": 0, "name": null },
					{ "time": 0.9333, "name": null }
				]
			},
			"renma_gongji_1_0_": {
				"attachment": [
					{ "time": 0, "name": null },
					{ "time": 0.9333, "name": null }
				]
			},
			"renma_gongji_1_1_": {
				"attachment": [
					{ "time": 0, "name": null },
					{ "time": 0.9333, "name": null }
				]
			},
			"renma_gongji_1_2_": {
				"attachment": [
					{ "time": 0, "name": null },
					{ "time": 0.9333, "name": null }
				]
			},
			"renma_gongji_1_3_": {
				"attachment": [
					{ "time": 0, "name": null },
					{ "time": 0.9333, "name": null }
				]
			},
			"renma_gongji_2_0_": {
				"attachment": [
					{ "time": 0, "name": null },
					{ "time": 0.9333, "name": null }
				]
			},
			"renma_gongji_2_1_": {
				"attachment": [
					{ "time": 0, "name": null },
					{ "time": 0.9333, "name": null }
				]
			},
			"renma_gongji_2_2_": {
				"attachment": [
					{ "time": 0, "name": null },
					{ "time": 0.9333, "name": null }
				]
			},
			"renma_gongji_2_3_": {
				"attachment": [
					{ "time": 0, "name": null },
					{ "time": 0.9333, "name": null }
				]
			},
			"renma_gongji_2_4_": {
				"attachment": [
					{ "time": 0, "name": null },
					{ "time": 0.9333, "name": null }
				]
			},
			"renma_gongji_3_0_": {
				"attachment": [
					{ "time": 0, "name": null },
					{ "time": 0.9333, "name": null }
				]
			},
			"renma_gongji_3_1_": {
				"attachment": [
					{ "time": 0, "name": null },
					{ "time": 0.9333, "name": null }
				]
			},
			"renma_gongji_3_2_": {
				"attachment": [
					{ "time": 0, "name": null },
					{ "time": 0.9333, "name": null }
				]
			},
			"renma_gongji_3_3_": {
				"attachment": [
					{ "time": 0, "name": null },
					{ "time": 0.9333, "name": null }
				]
			},
			"renma_gongji_4_0_": {
				"attachment": [
					{ "time": 0, "name": null },
					{ "time": 0.9333, "name": null }
				]
			},
			"renma_gongji_4_1_": {
				"attachment": [
					{ "time": 0, "name": null },
					{ "time": 0.9333, "name": null }
				]
			},
			"renma_gongji_4_2_": {
				"attachment": [
					{ "time": 0, "name": null },
					{ "time": 0.9333, "name": null }
				]
			},
			"renma_gongji_4_3_": {
				"attachment": [
					{ "time": 0, "name": null },
					{ "time": 0.9333, "name": null }
				]
			},
			"renma_gongji_4_4_": {
				"attachment": [
					{ "time": 0, "name": null },
					{ "time": 0.9333, "name": null }
				]
			},
			"renma_gongji_4_5_": {
				"attachment": [
					{ "time": 0, "name": null },
					{ "time": 0.9333, "name": null }
				]
			},
			"renma_gongji_5_0_": {
				"attachment": [
					{ "time": 0, "name": null },
					{ "time": 0.9333, "name": null }
				]
			},
			"renma_gongji_5_1_": {
				"attachment": [
					{ "time": 0, "name": null },
					{ "time": 0.9333, "name": null }
				]
			},
			"renma_gongji_5_2_": {
				"attachment": [
					{ "time": 0, "name": null },
					{ "time": 0.9333, "name": null }
				]
			},
			"renma_gongji_5_3_": {
				"attachment": [
					{ "time": 0, "name": null },
					{ "time": 0.9333, "name": null }
				]
			},
			"renma_gongji_6_0_": {
				"attachment": [
					{ "time": 0, "name": null },
					{ "time": 0.9333, "name": null }
				]
			},
			"renma_gongji_6_1_": {
				"attachment": [
					{ "time": 0, "name": null },
					{ "time": 0.9333, "name": null }
				]
			},
			"rm_yy_": {
				"attachment": [
					{ "time": 0, "name": "rm_yy_" },
					{ "time": 0.9333, "name": "rm_yy_" }
				],
				"color": [
					{ "time": 0, "color": "ffffffff" },
					{ "time": 0.6666, "color": "ffffff00" }
				]
			},
			"siwang_0_": {
				"attachment": [
					{ "time": 0, "name": null },
					{ "time": 0.1333, "name": "siwang_0_" },
					{ "time": 0.2666, "name": "siwang_1_" },
					{ "time": 0.4, "name": "siwang_2_" },
					{ "time": 0.5333, "name": "siwang_3_" },
					{ "time": 0.6666, "name": "siwang_4_" },
					{ "time": 0.8, "name": "siwang_5_" },
					{ "time": 0.9333, "name": null }
				]
			}
		},
		"bones": {
			"bone2": {
				"translate": [
					{ "time": 0, "x": 0, "y": 65.41 }
				]
			}
		}
	}
}
}