{
"skeleton": { "hash": "Q9hLvCaGD+VsoZlTgm9MFToJoAQ", "spine": "2.1.27", "width": 0, "height": 0 },
"bones": [
	{ "name": "root" },
	{ "name": "bone", "parent": "root", "x": 3, "y": 26 },
	{ "name": "bone2", "parent": "root", "y": 62.99 }
],
"slots": [
	{ "name": "rm_yy_", "bone": "bone" },
	{ "name": "renma_daiji_0_2_", "bone": "root" },
	{ "name": "renma_daiji_0_1_", "bone": "root" },
	{ "name": "renma_daiji_0_0_", "bone": "root" },
	{ "name": "renma_daiji_1_2_", "bone": "root" },
	{ "name": "renma_daiji_1_1_", "bone": "root" },
	{ "name": "renma_daiji_1_0_", "bone": "root" },
	{ "name": "renma_daiji_2_2_", "bone": "root" },
	{ "name": "renma_daiji_2_1_", "bone": "root" },
	{ "name": "renma_daiji_2_0_", "bone": "root" },
	{ "name": "renma_daiji_3_2_", "bone": "root" },
	{ "name": "renma_daiji_3_1_", "bone": "root" },
	{ "name": "renma_daiji_3_0_", "bone": "root" },
	{ "name": "renma_daiji_4_2_", "bone": "root" },
	{ "name": "renma_daiji_4_1_", "bone": "root" },
	{ "name": "renma_daiji_4_0_", "bone": "root" },
	{ "name": "renma_daiji_5_3_", "bone": "root" },
	{ "name": "renma_daiji_5_2_", "bone": "root" },
	{ "name": "renma_daiji_5_1_", "bone": "root" },
	{ "name": "renma_daiji_5_0_", "bone": "root" },
	{ "name": "renma_gongji_0_2_", "bone": "root" },
	{ "name": "renma_gongji_0_1_", "bone": "root" },
	{ "name": "renma_gongji_0_0_", "bone": "root" },
	{ "name": "renma_gongji_1_3_", "bone": "root" },
	{ "name": "renma_gongji_1_2_", "bone": "root" },
	{ "name": "renma_gongji_1_1_", "bone": "root" },
	{ "name": "renma_gongji_1_0_", "bone": "root" },
	{ "name": "renma_gongji_2_2_", "bone": "root" },
	{ "name": "renma_gongji_2_1_", "bone": "root" },
	{ "name": "renma_gongji_2_0_", "bone": "root" },
	{ "name": "renma_gongji_3_3_", "bone": "root" },
	{ "name": "renma_gongji_3_2_", "bone": "root" },
	{ "name": "renma_gongji_3_1_", "bone": "root" },
	{ "name": "renma_gongji_3_0_", "bone": "root" },
	{ "name": "renma_gongji_4_2_", "bone": "root" },
	{ "name": "renma_gongji_4_1_", "bone": "root" },
	{ "name": "renma_gongji_4_0_", "bone": "root" },
	{ "name": "renma_gongji_5_2_", "bone": "root" },
	{ "name": "renma_gongji_5_1_", "bone": "root" },
	{ "name": "renma_gongji_5_0_", "bone": "root" },
	{ "name": "renma_gongji_6_3_", "bone": "root" },
	{ "name": "renma_gongji_6_2_", "bone": "root" },
	{ "name": "renma_gongji_6_1_", "bone": "root" },
	{ "name": "renma_gongji_6_0_", "bone": "root" },
	{ "name": "siwang_0_", "bone": "bone2" }
],
"skins": {
	"default": {
		"renma_daiji_0_0_": {
			"renma_3_daiji_0_0_": { "x": -15.49, "y": 71.5, "width": 39, "height": 67 }
		},
		"renma_daiji_0_1_": {
			"renma_3_daiji_0_1_": { "x": 27.5, "y": 77, "width": 47, "height": 130 }
		},
		"renma_daiji_0_2_": {
			"renma_3_daiji_0_2_": { "x": 67.5, "y": 101, "width": 33, "height": 38 }
		},
		"renma_daiji_1_0_": {
			"renma_3_daiji_1_0_": { "x": -14.49, "y": 71.5, "width": 41, "height": 67 }
		},
		"renma_daiji_1_1_": {
			"renma_3_daiji_1_1_": { "x": 27.5, "y": 79, "width": 43, "height": 134 }
		},
		"renma_daiji_1_2_": {
			"renma_3_daiji_1_2_": { "x": 66, "y": 104, "width": 34, "height": 40 }
		},
		"renma_daiji_2_0_": {
			"renma_3_daiji_2_0_": { "x": -14.49, "y": 71, "width": 39, "height": 66 }
		},
		"renma_daiji_2_1_": {
			"renma_3_daiji_2_1_": { "x": 27, "y": 78, "width": 44, "height": 132 }
		},
		"renma_daiji_2_2_": {
			"renma_3_daiji_2_2_": { "x": 66, "y": 105.5, "width": 34, "height": 41 }
		},
		"renma_daiji_3_0_": {
			"renma_3_daiji_3_0_": { "x": -12.99, "y": 71, "width": 40, "height": 66 }
		},
		"renma_daiji_3_1_": {
			"renma_3_daiji_3_1_": { "x": 28, "y": 78.5, "width": 42, "height": 133 }
		},
		"renma_daiji_3_2_": {
			"renma_3_daiji_3_2_": { "x": 66, "y": 105.5, "width": 34, "height": 41 }
		},
		"renma_daiji_4_0_": {
			"renma_3_daiji_4_0_": { "x": -14.49, "y": 71, "width": 37, "height": 66 }
		},
		"renma_daiji_4_1_": {
			"renma_3_daiji_4_1_": { "x": 26, "y": 77.5, "width": 44, "height": 131 }
		},
		"renma_daiji_4_2_": {
			"renma_3_daiji_4_2_": { "x": 66, "y": 104, "width": 36, "height": 40 }
		},
		"renma_daiji_5_0_": {
			"renma_3_daiji_5_0_": { "x": -13.99, "y": 72, "width": 40, "height": 68 }
		},
		"renma_daiji_5_1_": {
			"renma_3_daiji_5_1_": { "x": 28, "y": 65.5, "width": 44, "height": 107 }
		},
		"renma_daiji_5_2_": {
			"renma_3_daiji_5_2_": { "x": 67, "y": 102, "width": 34, "height": 38 }
		},
		"renma_daiji_5_3_": {
			"renma_3_daiji_5_3_": { "x": 15.5, "y": 132.5, "width": 19, "height": 27 }
		},
		"renma_gongji_0_0_": {
			"renma_3_gongji_0_0_": { "x": 3, "y": 78, "width": 80, "height": 74 }
		},
		"renma_gongji_0_1_": {
			"renma_3_gongji_0_1_": { "x": 12, "y": 145, "width": 52, "height": 60 }
		},
		"renma_gongji_0_2_": {
			"renma_3_gongji_0_2_": { "x": 18, "y": 183, "width": 12, "height": 16 }
		},
		"renma_gongji_1_0_": {
			"renma_3_gongji_1_0_": { "x": 5, "y": 82, "width": 80, "height": 50 }
		},
		"renma_gongji_1_1_": {
			"renma_3_gongji_1_1_": { "x": -21.49, "y": 44.5, "width": 29, "height": 25 }
		},
		"renma_gongji_1_2_": {
			"renma_3_gongji_1_2_": { "x": -9.99, "y": 125, "width": 94, "height": 36 }
		},
		"renma_gongji_1_3_": {
			"renma_3_gongji_1_3_": { "x": -14.49, "y": 160.5, "width": 75, "height": 35 }
		},
		"renma_gongji_2_0_": {
			"renma_3_gongji_2_0_": { "x": 7.5, "y": 64.5, "width": 87, "height": 69 }
		},
		"renma_gongji_2_1_": {
			"renma_3_gongji_2_1_": { "x": 36.5, "y": 20, "width": 23, "height": 20 }
		},
		"renma_gongji_2_2_": {
			"renma_3_gongji_2_2_": { "x": 19, "y": 117, "width": 64, "height": 36 }
		},
		"renma_gongji_3_0_": {
			"renma_3_gongji_3_0_": { "x": 10, "y": 55.5, "width": 92, "height": 83 }
		},
		"renma_gongji_3_1_": {
			"renma_3_gongji_3_1_": { "x": 34, "y": 8, "width": 24, "height": 12 }
		},
		"renma_gongji_3_2_": {
			"renma_3_gongji_3_2_": { "x": 25.5, "y": 107, "width": 75, "height": 20 }
		},
		"renma_gongji_3_3_": {
			"renma_3_gongji_3_3_": { "x": -46.49, "y": 114.5, "width": 69, "height": 35 }
		},
		"renma_gongji_4_0_": {
			"renma_3_gongji_4_0_": { "x": -12.99, "y": 65.5, "width": 54, "height": 67 }
		},
		"renma_gongji_4_1_": {
			"renma_3_gongji_4_1_": { "x": 34.5, "y": 65.5, "width": 41, "height": 125 }
		},
		"renma_gongji_4_2_": {
			"renma_3_gongji_4_2_": { "x": -65.99, "y": 90, "width": 52, "height": 26 }
		},
		"renma_gongji_5_0_": {
			"renma_3_gongji_5_0_": { "x": 9.5, "y": 67, "width": 89, "height": 94 }
		},
		"renma_gongji_5_1_": {
			"renma_3_gongji_5_1_": { "x": 22, "y": 12, "width": 32, "height": 16 }
		},
		"renma_gongji_5_2_": {
			"renma_3_gongji_5_2_": { "x": 19.5, "y": 128, "width": 19, "height": 28 }
		},
		"renma_gongji_6_0_": {
			"renma_3_gongji_6_0_": { "x": 7.5, "y": 71, "width": 85, "height": 76 }
		},
		"renma_gongji_6_1_": {
			"renma_3_gongji_6_1_": { "x": 67, "y": 101, "width": 34, "height": 38 }
		},
		"renma_gongji_6_2_": {
			"renma_3_gongji_6_2_": { "x": 20.5, "y": 21.5, "width": 19, "height": 23 }
		},
		"renma_gongji_6_3_": {
			"renma_3_gongji_6_3_": { "x": 21, "y": 127, "width": 32, "height": 36 }
		},
		"rm_yy_": {
			"rm_yy_": { "width": 107, "height": 82 }
		},
		"siwang_0_": {
			"siwang_0_": { "width": 165, "height": 156 },
			"siwang_1_": { "width": 165, "height": 156 },
			"siwang_2_": { "width": 165, "height": 156 },
			"siwang_3_": { "width": 165, "height": 156 },
			"siwang_4_": { "width": 165, "height": 156 },
			"siwang_5_": { "width": 165, "height": 156 },
			"siwang_6_": { "width": 165, "height": 156 }
		}
	}
},
"animations": {
	"dj": {
		"slots": {
			"renma_daiji_0_0_": {
				"attachment": [
					{ "time": 0, "name": "renma_3_daiji_0_0_" },
					{ "time": 0.1, "name": null },
					{ "time": 0.8333, "name": "renma_3_daiji_0_0_" }
				]
			},
			"renma_daiji_0_1_": {
				"attachment": [
					{ "time": 0, "name": "renma_3_daiji_0_1_" },
					{ "time": 0.1, "name": null },
					{ "time": 0.8333, "name": "renma_3_daiji_0_1_" }
				]
			},
			"renma_daiji_0_2_": {
				"attachment": [
					{ "time": 0, "name": "renma_3_daiji_0_2_" },
					{ "time": 0.1, "name": null },
					{ "time": 0.8333, "name": "renma_3_daiji_0_2_" }
				]
			},
			"renma_daiji_1_0_": {
				"attachment": [
					{ "time": 0, "name": null },
					{ "time": 0.1, "name": "renma_3_daiji_1_0_" },
					{ "time": 0.2333, "name": null },
					{ "time": 0.8333, "name": null }
				]
			},
			"renma_daiji_1_1_": {
				"attachment": [
					{ "time": 0, "name": null },
					{ "time": 0.1, "name": "renma_3_daiji_1_1_" },
					{ "time": 0.2333, "name": null },
					{ "time": 0.8333, "name": null }
				]
			},
			"renma_daiji_1_2_": {
				"attachment": [
					{ "time": 0, "name": null },
					{ "time": 0.1, "name": "renma_3_daiji_1_2_" },
					{ "time": 0.2333, "name": null },
					{ "time": 0.8333, "name": null }
				]
			},
			"renma_daiji_2_0_": {
				"attachment": [
					{ "time": 0, "name": null },
					{ "time": 0.2333, "name": "renma_3_daiji_2_0_" },
					{ "time": 0.4, "name": null },
					{ "time": 0.8333, "name": null }
				]
			},
			"renma_daiji_2_1_": {
				"attachment": [
					{ "time": 0, "name": null },
					{ "time": 0.2333, "name": "renma_3_daiji_2_1_" },
					{ "time": 0.4, "name": null },
					{ "time": 0.8333, "name": null }
				]
			},
			"renma_daiji_2_2_": {
				"attachment": [
					{ "time": 0, "name": null },
					{ "time": 0.2333, "name": "renma_3_daiji_2_2_" },
					{ "time": 0.4, "name": null },
					{ "time": 0.8333, "name": null }
				]
			},
			"renma_daiji_3_0_": {
				"attachment": [
					{ "time": 0, "name": null },
					{ "time": 0.4, "name": "renma_3_daiji_3_0_" },
					{ "time": 0.5333, "name": null },
					{ "time": 0.8333, "name": null }
				]
			},
			"renma_daiji_3_1_": {
				"attachment": [
					{ "time": 0, "name": null },
					{ "time": 0.4, "name": "renma_3_daiji_3_1_" },
					{ "time": 0.5333, "name": null },
					{ "time": 0.8333, "name": null }
				]
			},
			"renma_daiji_3_2_": {
				"attachment": [
					{ "time": 0, "name": null },
					{ "time": 0.4, "name": "renma_3_daiji_3_2_" },
					{ "time": 0.5333, "name": null },
					{ "time": 0.8333, "name": null }
				]
			},
			"renma_daiji_4_0_": {
				"attachment": [
					{ "time": 0, "name": null },
					{ "time": 0.5333, "name": "renma_3_daiji_4_0_" },
					{ "time": 0.7, "name": null },
					{ "time": 0.8333, "name": null }
				]
			},
			"renma_daiji_4_1_": {
				"attachment": [
					{ "time": 0, "name": null },
					{ "time": 0.5333, "name": "renma_3_daiji_4_1_" },
					{ "time": 0.7, "name": null },
					{ "time": 0.8333, "name": null }
				]
			},
			"renma_daiji_4_2_": {
				"attachment": [
					{ "time": 0, "name": null },
					{ "time": 0.5333, "name": "renma_3_daiji_4_2_" },
					{ "time": 0.7, "name": null },
					{ "time": 0.8333, "name": null }
				]
			},
			"renma_daiji_5_0_": {
				"attachment": [
					{ "time": 0, "name": null },
					{ "time": 0.7, "name": "renma_3_daiji_5_0_" },
					{ "time": 0.8333, "name": "renma_3_daiji_5_0_" }
				]
			},
			"renma_daiji_5_1_": {
				"attachment": [
					{ "time": 0, "name": null },
					{ "time": 0.7, "name": "renma_3_daiji_5_1_" },
					{ "time": 0.8333, "name": "renma_3_daiji_5_1_" }
				]
			},
			"renma_daiji_5_2_": {
				"attachment": [
					{ "time": 0, "name": null },
					{ "time": 0.7, "name": "renma_3_daiji_5_2_" },
					{ "time": 0.8333, "name": "renma_3_daiji_5_2_" }
				]
			},
			"renma_daiji_5_3_": {
				"attachment": [
					{ "time": 0, "name": null },
					{ "time": 0.7, "name": "renma_3_daiji_5_3_" },
					{ "time": 0.8333, "name": "renma_3_daiji_5_3_" }
				]
			},
			"renma_gongji_0_0_": {
				"attachment": [
					{ "time": 0, "name": null },
					{ "time": 0.8333, "name": null }
				]
			},
			"renma_gongji_0_1_": {
				"attachment": [
					{ "time": 0, "name": null },
					{ "time": 0.8333, "name": null }
				]
			},
			"renma_gongji_0_2_": {
				"attachment": [
					{ "time": 0, "name": null },
					{ "time": 0.8333, "name": null }
				]
			},
			"renma_gongji_1_0_": {
				"attachment": [
					{ "time": 0, "name": null },
					{ "time": 0.8333, "name": null }
				]
			},
			"renma_gongji_1_1_": {
				"attachment": [
					{ "time": 0, "name": null },
					{ "time": 0.8333, "name": null }
				]
			},
			"renma_gongji_1_2_": {
				"attachment": [
					{ "time": 0, "name": null },
					{ "time": 0.8333, "name": null }
				]
			},
			"renma_gongji_1_3_": {
				"attachment": [
					{ "time": 0, "name": null },
					{ "time": 0.8333, "name": null }
				]
			},
			"renma_gongji_2_0_": {
				"attachment": [
					{ "time": 0, "name": null },
					{ "time": 0.8333, "name": null }
				]
			},
			"renma_gongji_2_1_": {
				"attachment": [
					{ "time": 0, "name": null },
					{ "time": 0.8333, "name": null }
				]
			},
			"renma_gongji_2_2_": {
				"attachment": [
					{ "time": 0, "name": null },
					{ "time": 0.8333, "name": null }
				]
			},
			"renma_gongji_3_0_": {
				"attachment": [
					{ "time": 0, "name": null },
					{ "time": 0.8333, "name": null }
				]
			},
			"renma_gongji_3_1_": {
				"attachment": [
					{ "time": 0, "name": null },
					{ "time": 0.8333, "name": null }
				]
			},
			"renma_gongji_3_2_": {
				"attachment": [
					{ "time": 0, "name": null },
					{ "time": 0.8333, "name": null }
				]
			},
			"renma_gongji_3_3_": {
				"attachment": [
					{ "time": 0, "name": null },
					{ "time": 0.8333, "name": null }
				]
			},
			"renma_gongji_4_0_": {
				"attachment": [
					{ "time": 0, "name": null },
					{ "time": 0.8333, "name": null }
				]
			},
			"renma_gongji_4_1_": {
				"attachment": [
					{ "time": 0, "name": null },
					{ "time": 0.8333, "name": null }
				]
			},
			"renma_gongji_4_2_": {
				"attachment": [
					{ "time": 0, "name": null },
					{ "time": 0.8333, "name": null }
				]
			},
			"renma_gongji_5_0_": {
				"attachment": [
					{ "time": 0, "name": null },
					{ "time": 0.8333, "name": null }
				]
			},
			"renma_gongji_5_1_": {
				"attachment": [
					{ "time": 0, "name": null },
					{ "time": 0.8333, "name": null }
				]
			},
			"renma_gongji_5_2_": {
				"attachment": [
					{ "time": 0, "name": null },
					{ "time": 0.8333, "name": null }
				]
			},
			"renma_gongji_6_0_": {
				"attachment": [
					{ "time": 0, "name": null },
					{ "time": 0.8333, "name": null }
				]
			},
			"renma_gongji_6_1_": {
				"attachment": [
					{ "time": 0, "name": null },
					{ "time": 0.8333, "name": null }
				]
			},
			"renma_gongji_6_2_": {
				"attachment": [
					{ "time": 0, "name": null },
					{ "time": 0.8333, "name": null }
				]
			},
			"renma_gongji_6_3_": {
				"attachment": [
					{ "time": 0, "name": null },
					{ "time": 0.8333, "name": null }
				]
			},
			"rm_yy_": {
				"attachment": [
					{ "time": 0, "name": "rm_yy_" },
					{ "time": 0.5333, "name": "rm_yy_" },
					{ "time": 0.8333, "name": "rm_yy_" }
				]
			},
			"siwang_0_": {
				"attachment": [
					{ "time": 0, "name": null },
					{ "time": 0.8333, "name": null }
				]
			}
		}
	},
	"gj": {
		"slots": {
			"renma_daiji_0_0_": {
				"attachment": [
					{ "time": 0, "name": "renma_3_daiji_0_0_" },
					{ "time": 0.1333, "name": null },
					{ "time": 0.9333, "name": null }
				]
			},
			"renma_daiji_0_1_": {
				"attachment": [
					{ "time": 0, "name": "renma_3_daiji_0_1_" },
					{ "time": 0.1333, "name": null },
					{ "time": 0.9333, "name": null }
				]
			},
			"renma_daiji_0_2_": {
				"attachment": [
					{ "time": 0, "name": "renma_3_daiji_0_2_" },
					{ "time": 0.1333, "name": null },
					{ "time": 0.9333, "name": null }
				]
			},
			"renma_daiji_1_0_": {
				"attachment": [
					{ "time": 0, "name": null },
					{ "time": 0.9333, "name": null }
				]
			},
			"renma_daiji_1_1_": {
				"attachment": [
					{ "time": 0, "name": null },
					{ "time": 0.9333, "name": null }
				]
			},
			"renma_daiji_1_2_": {
				"attachment": [
					{ "time": 0, "name": null },
					{ "time": 0.9333, "name": null }
				]
			},
			"renma_daiji_2_0_": {
				"attachment": [
					{ "time": 0, "name": null },
					{ "time": 0.9333, "name": null }
				]
			},
			"renma_daiji_2_1_": {
				"attachment": [
					{ "time": 0, "name": null },
					{ "time": 0.9333, "name": null }
				]
			},
			"renma_daiji_2_2_": {
				"attachment": [
					{ "time": 0, "name": null },
					{ "time": 0.9333, "name": null }
				]
			},
			"renma_daiji_3_0_": {
				"attachment": [
					{ "time": 0, "name": null },
					{ "time": 0.9333, "name": null }
				]
			},
			"renma_daiji_3_1_": {
				"attachment": [
					{ "time": 0, "name": null },
					{ "time": 0.9333, "name": null }
				]
			},
			"renma_daiji_3_2_": {
				"attachment": [
					{ "time": 0, "name": null },
					{ "time": 0.9333, "name": null }
				]
			},
			"renma_daiji_4_0_": {
				"attachment": [
					{ "time": 0, "name": null },
					{ "time": 0.9333, "name": null }
				]
			},
			"renma_daiji_4_1_": {
				"attachment": [
					{ "time": 0, "name": null },
					{ "time": 0.9333, "name": null }
				]
			},
			"renma_daiji_4_2_": {
				"attachment": [
					{ "time": 0, "name": null },
					{ "time": 0.9333, "name": null }
				]
			},
			"renma_daiji_5_0_": {
				"attachment": [
					{ "time": 0, "name": null },
					{ "time": 0.9333, "name": null }
				]
			},
			"renma_daiji_5_1_": {
				"attachment": [
					{ "time": 0, "name": null },
					{ "time": 0.9333, "name": null }
				]
			},
			"renma_daiji_5_2_": {
				"attachment": [
					{ "time": 0, "name": null },
					{ "time": 0.9333, "name": null }
				]
			},
			"renma_daiji_5_3_": {
				"attachment": [
					{ "time": 0, "name": null },
					{ "time": 0.9333, "name": null }
				]
			},
			"renma_gongji_0_0_": {
				"attachment": [
					{ "time": 0, "name": null },
					{ "time": 0.1333, "name": "renma_3_gongji_0_0_" },
					{ "time": 0.2666, "name": null },
					{ "time": 0.9333, "name": null }
				]
			},
			"renma_gongji_0_1_": {
				"attachment": [
					{ "time": 0, "name": null },
					{ "time": 0.1333, "name": "renma_3_gongji_0_1_" },
					{ "time": 0.2666, "name": null },
					{ "time": 0.9333, "name": null }
				]
			},
			"renma_gongji_0_2_": {
				"attachment": [
					{ "time": 0, "name": null },
					{ "time": 0.1333, "name": "renma_3_gongji_0_2_" },
					{ "time": 0.2666, "name": null },
					{ "time": 0.9333, "name": null }
				]
			},
			"renma_gongji_1_0_": {
				"attachment": [
					{ "time": 0, "name": null },
					{ "time": 0.2666, "name": "renma_3_gongji_1_0_" },
					{ "time": 0.4, "name": null },
					{ "time": 0.9333, "name": null }
				]
			},
			"renma_gongji_1_1_": {
				"attachment": [
					{ "time": 0, "name": null },
					{ "time": 0.2666, "name": "renma_3_gongji_1_1_" },
					{ "time": 0.4, "name": null },
					{ "time": 0.9333, "name": null }
				]
			},
			"renma_gongji_1_2_": {
				"attachment": [
					{ "time": 0, "name": null },
					{ "time": 0.2666, "name": "renma_3_gongji_1_2_" },
					{ "time": 0.4, "name": null },
					{ "time": 0.9333, "name": null }
				]
			},
			"renma_gongji_1_3_": {
				"attachment": [
					{ "time": 0, "name": null },
					{ "time": 0.2666, "name": "renma_3_gongji_1_3_" },
					{ "time": 0.4, "name": null },
					{ "time": 0.9333, "name": null }
				]
			},
			"renma_gongji_2_0_": {
				"attachment": [
					{ "time": 0, "name": null },
					{ "time": 0.4, "name": "renma_3_gongji_2_0_" },
					{ "time": 0.5333, "name": null },
					{ "time": 0.9333, "name": null }
				]
			},
			"renma_gongji_2_1_": {
				"attachment": [
					{ "time": 0, "name": null },
					{ "time": 0.4, "name": "renma_3_gongji_2_1_" },
					{ "time": 0.5333, "name": null },
					{ "time": 0.9333, "name": null }
				]
			},
			"renma_gongji_2_2_": {
				"attachment": [
					{ "time": 0, "name": null },
					{ "time": 0.4, "name": "renma_3_gongji_2_2_" },
					{ "time": 0.5333, "name": null },
					{ "time": 0.9333, "name": null }
				]
			},
			"renma_gongji_3_0_": {
				"attachment": [
					{ "time": 0, "name": null },
					{ "time": 0.5333, "name": "renma_3_gongji_3_0_" },
					{ "time": 0.6666, "name": null },
					{ "time": 0.9333, "name": null }
				]
			},
			"renma_gongji_3_1_": {
				"attachment": [
					{ "time": 0, "name": null },
					{ "time": 0.5333, "name": "renma_3_gongji_3_1_" },
					{ "time": 0.6666, "name": null },
					{ "time": 0.9333, "name": null }
				]
			},
			"renma_gongji_3_2_": {
				"attachment": [
					{ "time": 0, "name": null },
					{ "time": 0.5333, "name": "renma_3_gongji_3_2_" },
					{ "time": 0.6666, "name": null },
					{ "time": 0.9333, "name": null }
				]
			},
			"renma_gongji_3_3_": {
				"attachment": [
					{ "time": 0, "name": null },
					{ "time": 0.5333, "name": "renma_3_gongji_3_3_" },
					{ "time": 0.6666, "name": null },
					{ "time": 0.9333, "name": null }
				]
			},
			"renma_gongji_4_0_": {
				"attachment": [
					{ "time": 0, "name": null },
					{ "time": 0.6666, "name": "renma_3_gongji_4_0_" },
					{ "time": 0.8, "name": null },
					{ "time": 0.9333, "name": null }
				]
			},
			"renma_gongji_4_1_": {
				"attachment": [
					{ "time": 0, "name": null },
					{ "time": 0.6666, "name": "renma_3_gongji_4_1_" },
					{ "time": 0.8, "name": null },
					{ "time": 0.9333, "name": null }
				]
			},
			"renma_gongji_4_2_": {
				"attachment": [
					{ "time": 0, "name": null },
					{ "time": 0.6666, "name": "renma_3_gongji_4_2_" },
					{ "time": 0.8, "name": null },
					{ "time": 0.9333, "name": null }
				]
			},
			"renma_gongji_5_0_": {
				"attachment": [
					{ "time": 0, "name": null },
					{ "time": 0.8, "name": "renma_3_gongji_5_0_" },
					{ "time": 0.9333, "name": null }
				]
			},
			"renma_gongji_5_1_": {
				"attachment": [
					{ "time": 0, "name": null },
					{ "time": 0.8, "name": "renma_3_gongji_5_1_" },
					{ "time": 0.9333, "name": null }
				]
			},
			"renma_gongji_5_2_": {
				"attachment": [
					{ "time": 0, "name": null },
					{ "time": 0.8, "name": "renma_3_gongji_5_2_" },
					{ "time": 0.9333, "name": null }
				]
			},
			"renma_gongji_6_0_": {
				"attachment": [
					{ "time": 0, "name": null },
					{ "time": 0.9333, "name": "renma_3_gongji_6_0_" }
				]
			},
			"renma_gongji_6_1_": {
				"attachment": [
					{ "time": 0, "name": null },
					{ "time": 0.9333, "name": "renma_3_gongji_6_1_" }
				]
			},
			"renma_gongji_6_2_": {
				"attachment": [
					{ "time": 0, "name": null },
					{ "time": 0.9333, "name": "renma_3_gongji_6_2_" }
				]
			},
			"renma_gongji_6_3_": {
				"attachment": [
					{ "time": 0, "name": null },
					{ "time": 0.9333, "name": "renma_3_gongji_6_3_" }
				]
			},
			"rm_yy_": {
				"attachment": [
					{ "time": 0, "name": "rm_yy_" },
					{ "time": 0.4666, "name": "rm_yy_" },
					{ "time": 0.9333, "name": "rm_yy_" }
				]
			},
			"siwang_0_": {
				"attachment": [
					{ "time": 0, "name": null },
					{ "time": 0.9333, "name": null }
				]
			}
		}
	},
	"sw": {
		"slots": {
			"renma_daiji_0_0_": {
				"attachment": [
					{ "time": 0, "name": "renma_3_daiji_0_0_" },
					{ "time": 0.8666, "name": "renma_3_daiji_0_0_" }
				],
				"color": [
					{ "time": 0, "color": "ffffffff" },
					{ "time": 0.6666, "color": "ffffff00" }
				]
			},
			"renma_daiji_0_1_": {
				"attachment": [
					{ "time": 0, "name": "renma_3_daiji_0_1_" },
					{ "time": 0.8666, "name": "renma_3_daiji_0_1_" }
				],
				"color": [
					{ "time": 0, "color": "ffffffff" },
					{ "time": 0.6666, "color": "ffffff00" }
				]
			},
			"renma_daiji_0_2_": {
				"attachment": [
					{ "time": 0, "name": "renma_3_daiji_0_2_" },
					{ "time": 0.8666, "name": "renma_3_daiji_0_2_" }
				],
				"color": [
					{ "time": 0, "color": "ffffffff" },
					{ "time": 0.6666, "color": "ffffff00" }
				]
			},
			"renma_daiji_1_0_": {
				"attachment": [
					{ "time": 0, "name": null },
					{ "time": 0.8666, "name": null }
				]
			},
			"renma_daiji_1_1_": {
				"attachment": [
					{ "time": 0, "name": null },
					{ "time": 0.8666, "name": null }
				]
			},
			"renma_daiji_1_2_": {
				"attachment": [
					{ "time": 0, "name": null },
					{ "time": 0.8666, "name": null }
				]
			},
			"renma_daiji_2_0_": {
				"attachment": [
					{ "time": 0, "name": null },
					{ "time": 0.8666, "name": null }
				]
			},
			"renma_daiji_2_1_": {
				"attachment": [
					{ "time": 0, "name": null },
					{ "time": 0.8666, "name": null }
				]
			},
			"renma_daiji_2_2_": {
				"attachment": [
					{ "time": 0, "name": null },
					{ "time": 0.8666, "name": null }
				]
			},
			"renma_daiji_3_0_": {
				"attachment": [
					{ "time": 0, "name": null },
					{ "time": 0.8666, "name": null }
				]
			},
			"renma_daiji_3_1_": {
				"attachment": [
					{ "time": 0, "name": null },
					{ "time": 0.8666, "name": null }
				]
			},
			"renma_daiji_3_2_": {
				"attachment": [
					{ "time": 0, "name": null },
					{ "time": 0.8666, "name": null }
				]
			},
			"renma_daiji_4_0_": {
				"attachment": [
					{ "time": 0, "name": null },
					{ "time": 0.8666, "name": null }
				]
			},
			"renma_daiji_4_1_": {
				"attachment": [
					{ "time": 0, "name": null },
					{ "time": 0.8666, "name": null }
				]
			},
			"renma_daiji_4_2_": {
				"attachment": [
					{ "time": 0, "name": null },
					{ "time": 0.8666, "name": null }
				]
			},
			"renma_daiji_5_0_": {
				"attachment": [
					{ "time": 0, "name": null },
					{ "time": 0.8666, "name": null }
				]
			},
			"renma_daiji_5_1_": {
				"attachment": [
					{ "time": 0, "name": null },
					{ "time": 0.8666, "name": null }
				]
			},
			"renma_daiji_5_2_": {
				"attachment": [
					{ "time": 0, "name": null },
					{ "time": 0.8666, "name": null }
				]
			},
			"renma_daiji_5_3_": {
				"attachment": [
					{ "time": 0, "name": null },
					{ "time": 0.8666, "name": null }
				]
			},
			"renma_gongji_0_0_": {
				"attachment": [
					{ "time": 0, "name": null },
					{ "time": 0.8666, "name": null }
				]
			},
			"renma_gongji_0_1_": {
				"attachment": [
					{ "time": 0, "name": null },
					{ "time": 0.8666, "name": null }
				]
			},
			"renma_gongji_0_2_": {
				"attachment": [
					{ "time": 0, "name": null },
					{ "time": 0.8666, "name": null }
				]
			},
			"renma_gongji_1_0_": {
				"attachment": [
					{ "time": 0, "name": null },
					{ "time": 0.8666, "name": null }
				]
			},
			"renma_gongji_1_1_": {
				"attachment": [
					{ "time": 0, "name": null },
					{ "time": 0.8666, "name": null }
				]
			},
			"renma_gongji_1_2_": {
				"attachment": [
					{ "time": 0, "name": null },
					{ "time": 0.8666, "name": null }
				]
			},
			"renma_gongji_1_3_": {
				"attachment": [
					{ "time": 0, "name": null },
					{ "time": 0.8666, "name": null }
				]
			},
			"renma_gongji_2_0_": {
				"attachment": [
					{ "time": 0, "name": null },
					{ "time": 0.8666, "name": null }
				]
			},
			"renma_gongji_2_1_": {
				"attachment": [
					{ "time": 0, "name": null },
					{ "time": 0.8666, "name": null }
				]
			},
			"renma_gongji_2_2_": {
				"attachment": [
					{ "time": 0, "name": null },
					{ "time": 0.8666, "name": null }
				]
			},
			"renma_gongji_3_0_": {
				"attachment": [
					{ "time": 0, "name": null },
					{ "time": 0.8666, "name": null }
				]
			},
			"renma_gongji_3_1_": {
				"attachment": [
					{ "time": 0, "name": null },
					{ "time": 0.8666, "name": null }
				]
			},
			"renma_gongji_3_2_": {
				"attachment": [
					{ "time": 0, "name": null },
					{ "time": 0.8666, "name": null }
				]
			},
			"renma_gongji_3_3_": {
				"attachment": [
					{ "time": 0, "name": null },
					{ "time": 0.8666, "name": null }
				]
			},
			"renma_gongji_4_0_": {
				"attachment": [
					{ "time": 0, "name": null },
					{ "time": 0.8666, "name": null }
				]
			},
			"renma_gongji_4_1_": {
				"attachment": [
					{ "time": 0, "name": null },
					{ "time": 0.8666, "name": null }
				]
			},
			"renma_gongji_4_2_": {
				"attachment": [
					{ "time": 0, "name": null },
					{ "time": 0.8666, "name": null }
				]
			},
			"renma_gongji_5_0_": {
				"attachment": [
					{ "time": 0, "name": null },
					{ "time": 0.8666, "name": null }
				]
			},
			"renma_gongji_5_1_": {
				"attachment": [
					{ "time": 0, "name": null },
					{ "time": 0.8666, "name": null }
				]
			},
			"renma_gongji_5_2_": {
				"attachment": [
					{ "time": 0, "name": null },
					{ "time": 0.8666, "name": null }
				]
			},
			"renma_gongji_6_0_": {
				"attachment": [
					{ "time": 0, "name": null },
					{ "time": 0.8666, "name": null }
				]
			},
			"renma_gongji_6_1_": {
				"attachment": [
					{ "time": 0, "name": null },
					{ "time": 0.8666, "name": null }
				]
			},
			"renma_gongji_6_2_": {
				"attachment": [
					{ "time": 0, "name": null },
					{ "time": 0.8666, "name": null }
				]
			},
			"renma_gongji_6_3_": {
				"attachment": [
					{ "time": 0, "name": null },
					{ "time": 0.8666, "name": null }
				]
			},
			"rm_yy_": {
				"attachment": [
					{ "time": 0, "name": "rm_yy_" },
					{ "time": 0.4666, "name": "rm_yy_" },
					{ "time": 0.8666, "name": "rm_yy_" }
				],
				"color": [
					{ "time": 0, "color": "ffffffff" },
					{ "time": 0.6666, "color": "ffffff00" }
				]
			},
			"siwang_0_": {
				"attachment": [
					{ "time": 0, "name": null },
					{ "time": 0.1, "name": "siwang_0_" },
					{ "time": 0.2, "name": "siwang_1_" },
					{ "time": 0.3333, "name": "siwang_2_" },
					{ "time": 0.4666, "name": "siwang_3_" },
					{ "time": 0.6, "name": "siwang_4_" },
					{ "time": 0.7333, "name": "siwang_5_" },
					{ "time": 0.8666, "name": null }
				]
			}
		}
	}
}
}