{
"skeleton": { "hash": "g7jEGmQtVIGisYnvuDCETJqjUmM", "spine": "2.1.27", "width": 263, "height": 422.99 },
"bones": [
	{ "name": "root" },
	{ "name": "jingyingzhen", "parent": "root", "x": -8.17 },
	{ "name": "siwang", "parent": "root", "scaleX": 1.27, "scaleY": 1.27 },
	{ "name": "str", "parent": "root" }
],
"slots": [
	{ "name": "jingyingzhen_", "bone": "jingyingzhen", "attachment": "jingyingzhen_" },
	{ "name": "str029_02_", "bone": "str", "attachment": "str029_02_" },
	{ "name": "str029_01_", "bone": "str", "attachment": "str029_01_" },
	{ "name": "str028_02_", "bone": "str", "attachment": "str028_02_" },
	{ "name": "str028_01_", "bone": "str", "attachment": "str028_01_" },
	{ "name": "str027_02_", "bone": "str", "attachment": "str027_02_" },
	{ "name": "str027_01_", "bone": "str", "attachment": "str027_01_" },
	{ "name": "str026_02_", "bone": "str", "attachment": "str026_02_" },
	{ "name": "str026_01_", "bone": "str", "attachment": "str026_01_" },
	{ "name": "str025_02_", "bone": "str", "attachment": "str025_02_" },
	{ "name": "str025_01_", "bone": "str", "attachment": "str025_01_" },
	{ "name": "str024_03_", "bone": "str", "attachment": "str024_03_" },
	{ "name": "str024_02_", "bone": "str", "attachment": "str024_02_" },
	{ "name": "str024_01_", "bone": "str", "attachment": "str024_01_" },
	{ "name": "str023_03_", "bone": "str", "attachment": "str023_03_" },
	{ "name": "str023_02_", "bone": "str", "attachment": "str023_02_" },
	{ "name": "str023_01_", "bone": "str", "attachment": "str023_01_" },
	{ "name": "str022_04_", "bone": "str", "attachment": "str022_04_" },
	{ "name": "str022_03_", "bone": "str", "attachment": "str022_03_" },
	{ "name": "str022_02_", "bone": "str", "attachment": "str022_02_" },
	{ "name": "str022_01_", "bone": "str", "attachment": "str022_01_" },
	{ "name": "str021_04_", "bone": "str", "attachment": "str021_04_" },
	{ "name": "str021_03_", "bone": "str", "attachment": "str021_03_" },
	{ "name": "str021_02_", "bone": "str", "attachment": "str021_02_" },
	{ "name": "str021_01_", "bone": "str", "attachment": "str021_01_" },
	{ "name": "str020_03_", "bone": "str", "attachment": "str020_03_" },
	{ "name": "str020_02_", "bone": "str", "attachment": "str020_02_" },
	{ "name": "str020_01_", "bone": "str", "attachment": "str020_01_" },
	{ "name": "str019_03_", "bone": "str", "attachment": "str019_03_" },
	{ "name": "str019_02_", "bone": "str", "attachment": "str019_02_" },
	{ "name": "str019_01_", "bone": "str", "attachment": "str019_01_" },
	{ "name": "str018_04_", "bone": "str", "attachment": "str018_04_" },
	{ "name": "str018_03_", "bone": "str", "attachment": "str018_03_" },
	{ "name": "str018_02_", "bone": "str", "attachment": "str018_02_" },
	{ "name": "str018_01_", "bone": "str", "attachment": "str018_01_" },
	{ "name": "str017_04_", "bone": "str", "attachment": "str017_04_" },
	{ "name": "str017_03_", "bone": "str", "attachment": "str017_03_" },
	{ "name": "str017_02_", "bone": "str", "attachment": "str017_02_" },
	{ "name": "str017_01_", "bone": "str", "attachment": "str017_01_" },
	{ "name": "str016_03_", "bone": "str", "attachment": "str016_03_" },
	{ "name": "str016_02_", "bone": "str", "attachment": "str016_02_" },
	{ "name": "str016_01_", "bone": "str", "attachment": "str016_01_" },
	{ "name": "str015_03_", "bone": "str", "attachment": "str015_03_" },
	{ "name": "str015_02_", "bone": "str", "attachment": "str015_02_" },
	{ "name": "str015_01_", "bone": "str", "attachment": "str015_01_" },
	{ "name": "str014_03_", "bone": "str", "attachment": "str014_03_" },
	{ "name": "str014_02_", "bone": "str", "attachment": "str014_02_" },
	{ "name": "str014_01_", "bone": "str", "attachment": "str014_01_" },
	{ "name": "str013_03_", "bone": "str", "attachment": "str013_03_" },
	{ "name": "str013_02_", "bone": "str", "attachment": "str013_02_" },
	{ "name": "str013_01_", "bone": "str", "attachment": "str013_01_" },
	{ "name": "str012_03_", "bone": "str", "attachment": "str012_03_" },
	{ "name": "str012_02_", "bone": "str", "attachment": "str012_02_" },
	{ "name": "str012_01_", "bone": "str", "attachment": "str012_01_" },
	{ "name": "str011_03_", "bone": "str", "attachment": "str011_03_" },
	{ "name": "str011_02_", "bone": "str", "attachment": "str011_02_" },
	{ "name": "str011_01_", "bone": "str", "attachment": "str011_01_" },
	{ "name": "str010_03_", "bone": "str", "attachment": "str010_03_" },
	{ "name": "str010_02_", "bone": "str", "attachment": "str010_02_" },
	{ "name": "str010_01_", "bone": "str", "attachment": "str010_01_" },
	{ "name": "str09_03_", "bone": "str", "attachment": "str09_03_" },
	{ "name": "str09_02_", "bone": "str", "attachment": "str09_02_" },
	{ "name": "str09_01_", "bone": "str", "attachment": "str09_01_" },
	{ "name": "str08_03_", "bone": "str", "attachment": "str08_03_" },
	{ "name": "str08_02_", "bone": "str", "attachment": "str08_02_" },
	{ "name": "str08_01_", "bone": "str", "attachment": "str08_01_" },
	{ "name": "str07_03_", "bone": "str", "attachment": "str07_03_" },
	{ "name": "str07_02_", "bone": "str", "attachment": "str07_02_" },
	{ "name": "str07_01_", "bone": "str", "attachment": "str07_01_" },
	{ "name": "str06_03_", "bone": "str", "attachment": "str06_03_" },
	{ "name": "str06_02_", "bone": "str", "attachment": "str06_02_" },
	{ "name": "str06_01_", "bone": "str", "attachment": "str06_01_" },
	{ "name": "str05_03_", "bone": "str", "attachment": "str05_03_" },
	{ "name": "str05_02_", "bone": "str", "attachment": "str05_02_" },
	{ "name": "str05_01_", "bone": "str", "attachment": "str05_01_" },
	{ "name": "str04_03_", "bone": "str", "attachment": "str04_03_" },
	{ "name": "str04_02_", "bone": "str", "attachment": "str04_02_" },
	{ "name": "str04_01_", "bone": "str", "attachment": "str04_01_" },
	{ "name": "str03_03_", "bone": "str", "attachment": "str03_03_" },
	{ "name": "str03_02_", "bone": "str", "attachment": "str03_02_" },
	{ "name": "str03_01_", "bone": "str", "attachment": "str03_01_" },
	{ "name": "str02_03_", "bone": "str", "attachment": "str02_03_" },
	{ "name": "str02_02_", "bone": "str", "attachment": "str02_02_" },
	{ "name": "str02_01_", "bone": "str", "attachment": "str02_01_" },
	{ "name": "str01_03_", "bone": "str", "attachment": "str01_03_" },
	{ "name": "str01_02_", "bone": "str", "attachment": "str01_02_" },
	{ "name": "str01_01_", "bone": "str", "attachment": "str01_01_" },
	{ "name": "siwang_0_", "bone": "siwang", "attachment": "siwang_0_" },
	{ "name": "siwang_1_", "bone": "siwang", "attachment": "siwang_1_" },
	{ "name": "siwang_2_", "bone": "siwang", "attachment": "siwang_2_" },
	{ "name": "siwang_3_", "bone": "siwang", "attachment": "siwang_3_" },
	{ "name": "siwang_4_", "bone": "siwang", "attachment": "siwang_4_" },
	{ "name": "siwang_5_", "bone": "siwang", "attachment": "siwang_5_" },
	{ "name": "siwang_6_", "bone": "siwang", "attachment": "siwang_6_" }
],
"skins": {
	"default": {
		"jingyingzhen_": {
			"jingyingzhen_": { "x": 2.45, "y": 0.33, "scaleX": 1.3, "scaleY": 0.27, "width": 140, "height": 149 }
		},
		"siwang_0_": {
			"siwang_0_": { "y": 80.35, "width": 165, "height": 156 }
		},
		"siwang_1_": {
			"siwang_1_": { "y": 80.35, "width": 165, "height": 156 }
		},
		"siwang_2_": {
			"siwang_2_": { "y": 80.35, "width": 165, "height": 156 }
		},
		"siwang_3_": {
			"siwang_3_": { "y": 80.35, "width": 165, "height": 156 }
		},
		"siwang_4_": {
			"siwang_4_": { "y": 80.35, "width": 165, "height": 156 }
		},
		"siwang_5_": {
			"siwang_5_": { "y": 80.35, "width": 165, "height": 156 }
		},
		"siwang_6_": {
			"siwang_6_": { "y": 80.35, "width": 165, "height": 156 }
		},
		"str010_01_": {
			"str010_01_": { "x": -21.05, "y": 210.88, "width": 70, "height": 39 }
		},
		"str010_02_": {
			"str010_02_": { "x": -62.05, "y": 96.38, "width": 84, "height": 190 }
		},
		"str010_03_": {
			"str010_03_": { "x": 27.44, "y": 95.38, "width": 95, "height": 192 }
		},
		"str011_01_": {
			"str011_01_": { "x": -23.55, "y": 204.38, "width": 73, "height": 54 }
		},
		"str011_02_": {
			"str011_02_": { "x": -62.55, "y": 89.38, "width": 79, "height": 176 }
		},
		"str011_03_": {
			"str011_03_": { "x": 25.94, "y": 95.38, "width": 98, "height": 196 }
		},
		"str012_01_": {
			"str012_01_": { "x": -21.55, "y": 203.88, "width": 79, "height": 55 }
		},
		"str012_02_": {
			"str012_02_": { "x": -62.05, "y": 88.88, "width": 80, "height": 175 }
		},
		"str012_03_": {
			"str012_03_": { "x": 26.44, "y": 94.38, "width": 97, "height": 194 }
		},
		"str013_01_": {
			"str013_01_": { "x": -24.55, "y": 201.38, "width": 73, "height": 60 }
		},
		"str013_02_": {
			"str013_02_": { "x": -61.05, "y": 86.38, "width": 82, "height": 170 }
		},
		"str013_03_": {
			"str013_03_": { "x": 26.44, "y": 93.88, "width": 93, "height": 201 }
		},
		"str014_01_": {
			"str014_01_": { "x": -21.55, "y": 202.88, "width": 77, "height": 57 }
		},
		"str014_02_": {
			"str014_02_": { "x": -62.55, "y": 87.88, "width": 79, "height": 173 }
		},
		"str014_03_": {
			"str014_03_": { "x": 24.94, "y": 92.88, "width": 96, "height": 199 }
		},
		"str015_01_": {
			"str015_01_": { "x": -25.05, "y": 199.88, "width": 78, "height": 63 }
		},
		"str015_02_": {
			"str015_02_": { "x": -62.05, "y": 84.88, "width": 80, "height": 167 }
		},
		"str015_03_": {
			"str015_03_": { "x": 24.44, "y": 96.38, "width": 93, "height": 194 }
		},
		"str016_01_": {
			"str016_01_": { "x": -11.05, "y": 208.38, "width": 92, "height": 46 }
		},
		"str016_02_": {
			"str016_02_": { "x": -61.55, "y": 93.38, "width": 81, "height": 184 }
		},
		"str016_03_": {
			"str016_03_": { "x": 24.94, "y": 95.88, "width": 92, "height": 193 }
		},
		"str017_01_": {
			"str017_01_": { "x": 27.94, "y": 182.38, "width": 112, "height": 66 }
		},
		"str017_02_": {
			"str017_02_": { "x": -53.55, "y": 93.38, "width": 61, "height": 184 }
		},
		"str017_03_": {
			"str017_03_": { "x": 91.44, "y": 86.88, "width": 103, "height": 57 }
		},
		"str017_04_": {
			"str017_04_": { "x": 14.44, "y": 74.38, "width": 75, "height": 150 }
		},
		"str018_01_": {
			"str018_01_": { "x": 29.94, "y": 182.38, "width": 108, "height": 66 }
		},
		"str018_02_": {
			"str018_02_": { "x": -53.05, "y": 93.38, "width": 62, "height": 184 }
		},
		"str018_03_": {
			"str018_03_": { "x": 91.94, "y": 87.38, "width": 102, "height": 56 }
		},
		"str018_04_": {
			"str018_04_": { "x": 14.94, "y": 74.38, "width": 74, "height": 150 }
		},
		"str019_01_": {
			"str019_01_": { "x": 24.94, "y": 191.88, "width": 136, "height": 57 }
		},
		"str019_02_": {
			"str019_02_": { "x": -20.05, "y": 123.88, "width": 200, "height": 81 }
		},
		"str019_03_": {
			"str019_03_": { "x": -7.05, "y": 41.38, "width": 118, "height": 84 }
		},
		"str01_01_": {
			"str01_01_": { "x": -14.05, "y": 208.88, "width": 86, "height": 43 }
		},
		"str01_02_": {
			"str01_02_": { "x": -62.55, "y": 94.38, "width": 79, "height": 186 }
		},
		"str01_03_": {
			"str01_03_": { "x": 23.94, "y": 95.88, "width": 94, "height": 193 }
		},
		"str020_01_": {
			"str020_01_": { "x": 24.94, "y": 193.38, "width": 136, "height": 54 }
		},
		"str020_02_": {
			"str020_02_": { "x": -20.05, "y": 128.38, "width": 200, "height": 76 }
		},
		"str020_03_": {
			"str020_03_": { "x": -7.05, "y": 44.88, "width": 118, "height": 91 }
		},
		"str021_01_": {
			"str021_01_": { "x": -69.05, "y": 252.38, "width": 68, "height": 58 }
		},
		"str021_02_": {
			"str021_02_": { "x": -28.55, "y": 198.88, "width": 63, "height": 49 }
		},
		"str021_03_": {
			"str021_03_": { "x": -34.55, "y": 136.38, "width": 161, "height": 76 }
		},
		"str021_04_": {
			"str021_04_": { "x": -7.05, "y": 48.88, "width": 118, "height": 99 }
		},
		"str022_01_": {
			"str022_01_": { "x": -68.55, "y": 251.88, "width": 69, "height": 59 }
		},
		"str022_02_": {
			"str022_02_": { "x": -27.55, "y": 196.88, "width": 61, "height": 51 }
		},
		"str022_03_": {
			"str022_03_": { "x": -34.55, "y": 134.38, "width": 161, "height": 74 }
		},
		"str022_04_": {
			"str022_04_": { "x": -7.05, "y": 48.38, "width": 118, "height": 98 }
		},
		"str023_01_": {
			"str023_01_": { "x": -9.05, "y": 122.88, "width": 104, "height": 77 }
		},
		"str023_02_": {
			"str023_02_": { "x": -5.55, "y": 31.38, "width": 141, "height": 110 }
		},
		"str023_03_": {
			"str023_03_": { "x": 55.94, "y": -82.61, "width": 110, "height": 118 }
		},
		"str024_01_": {
			"str024_01_": { "x": -9.05, "y": 124.88, "width": 104, "height": 73 }
		},
		"str024_02_": {
			"str024_02_": { "x": -5.55, "y": 33.38, "width": 141, "height": 110 }
		},
		"str024_03_": {
			"str024_03_": { "x": 54.94, "y": -81.61, "width": 112, "height": 120 }
		},
		"str025_01_": {
			"str025_01_": { "x": -12.05, "y": 110.38, "width": 144, "height": 138 }
		},
		"str025_02_": {
			"str025_02_": { "x": 12.44, "y": 14.88, "width": 157, "height": 53 }
		},
		"str026_01_": {
			"str026_01_": { "x": -12.05, "y": 107.38, "width": 144, "height": 144 }
		},
		"str026_02_": {
			"str026_02_": { "x": 12.44, "y": 12.38, "width": 157, "height": 48 }
		},
		"str027_01_": {
			"str027_01_": { "x": -18.55, "y": 146.88, "width": 143, "height": 127 }
		},
		"str027_02_": {
			"str027_02_": { "x": 1.94, "y": 37.88, "width": 154, "height": 91 }
		},
		"str028_01_": {
			"str028_01_": { "x": -18.55, "y": 147.38, "width": 143, "height": 126 }
		},
		"str028_02_": {
			"str028_02_": { "x": 1.94, "y": 38.38, "width": 154, "height": 92 }
		},
		"str029_01_": {
			"str029_01_": { "x": -15.55, "y": 154.38, "width": 173, "height": 154 }
		},
		"str029_02_": {
			"str029_02_": { "x": -24.05, "y": 38.38, "width": 152, "height": 78 }
		},
		"str02_01_": {
			"str02_01_": { "x": -14.55, "y": 210.88, "width": 83, "height": 41 }
		},
		"str02_02_": {
			"str02_02_": { "x": -62.05, "y": 95.88, "width": 80, "height": 189 }
		},
		"str02_03_": {
			"str02_03_": { "x": 24.44, "y": 95.88, "width": 93, "height": 193 }
		},
		"str03_01_": {
			"str03_01_": { "x": -12.55, "y": 208.88, "width": 83, "height": 43 }
		},
		"str03_02_": {
			"str03_02_": { "x": -63.55, "y": 94.38, "width": 77, "height": 186 }
		},
		"str03_03_": {
			"str03_03_": { "x": 23.44, "y": 94.88, "width": 97, "height": 191 }
		},
		"str04_01_": {
			"str04_01_": { "x": -20.55, "y": 211.38, "width": 65, "height": 38 }
		},
		"str04_02_": {
			"str04_02_": { "x": -62.05, "y": 96.88, "width": 80, "height": 191 }
		},
		"str04_03_": {
			"str04_03_": { "x": 24.94, "y": 95.88, "width": 94, "height": 193 }
		},
		"str05_01_": {
			"str05_01_": { "x": -19.55, "y": 209.38, "width": 63, "height": 36 }
		},
		"str05_02_": {
			"str05_02_": { "x": -62.55, "y": 96.38, "width": 81, "height": 190 }
		},
		"str05_03_": {
			"str05_03_": { "x": 25.94, "y": 95.38, "width": 96, "height": 192 }
		},
		"str06_01_": {
			"str06_01_": { "x": -19.55, "y": 209.88, "width": 63, "height": 37 }
		},
		"str06_02_": {
			"str06_02_": { "x": -62.05, "y": 96.38, "width": 82, "height": 190 }
		},
		"str06_03_": {
			"str06_03_": { "x": 26.44, "y": 95.38, "width": 95, "height": 192 }
		},
		"str07_01_": {
			"str07_01_": { "x": -20.55, "y": 209.88, "width": 65, "height": 37 }
		},
		"str07_02_": {
			"str07_02_": { "x": -63.55, "y": 96.38, "width": 79, "height": 190 }
		},
		"str07_03_": {
			"str07_03_": { "x": 25.44, "y": 95.38, "width": 99, "height": 192 }
		},
		"str08_01_": {
			"str08_01_": { "x": -20.05, "y": 209.38, "width": 66, "height": 38 }
		},
		"str08_02_": {
			"str08_02_": { "x": -59.55, "y": 95.88, "width": 87, "height": 189 }
		},
		"str08_03_": {
			"str08_03_": { "x": 29.44, "y": 94.88, "width": 91, "height": 191 }
		},
		"str09_01_": {
			"str09_01_": { "x": -21.55, "y": 211.88, "width": 67, "height": 37 }
		},
		"str09_02_": {
			"str09_02_": { "x": -63.05, "y": 97.38, "width": 82, "height": 192 }
		},
		"str09_03_": {
			"str09_03_": { "x": 26.44, "y": 96.38, "width": 97, "height": 194 }
		}
	}
},
"animations": {
	"dj": {
		"slots": {
			"jingyingzhen_": {
				"attachment": [
					{ "time": 0, "name": "jingyingzhen_" }
				],
				"color": [
					{ "time": 0, "color": "ffffffca" },
					{ "time": 0.6666, "color": "ffffffff" },
					{ "time": 1.3333, "color": "ffffffca" }
				]
			},
			"siwang_0_": {
				"attachment": [
					{ "time": 0, "name": null }
				]
			},
			"siwang_1_": {
				"attachment": [
					{ "time": 0, "name": null }
				]
			},
			"siwang_2_": {
				"attachment": [
					{ "time": 0, "name": null }
				]
			},
			"siwang_3_": {
				"attachment": [
					{ "time": 0, "name": null }
				]
			},
			"siwang_4_": {
				"attachment": [
					{ "time": 0, "name": null }
				]
			},
			"siwang_5_": {
				"attachment": [
					{ "time": 0, "name": null }
				]
			},
			"siwang_6_": {
				"attachment": [
					{ "time": 0, "name": null }
				]
			},
			"str010_01_": {
				"attachment": [
					{ "time": 0, "name": null },
					{ "time": 0.7666, "name": null },
					{ "time": 0.8666, "name": "str010_01_" },
					{ "time": 0.9666, "name": null }
				]
			},
			"str010_02_": {
				"attachment": [
					{ "time": 0, "name": null },
					{ "time": 0.7666, "name": null },
					{ "time": 0.8666, "name": "str010_02_" },
					{ "time": 0.9666, "name": null }
				]
			},
			"str010_03_": {
				"attachment": [
					{ "time": 0, "name": null },
					{ "time": 0.7666, "name": null },
					{ "time": 0.8666, "name": "str010_03_" },
					{ "time": 0.9666, "name": null }
				]
			},
			"str011_01_": {
				"attachment": [
					{ "time": 0, "name": null },
					{ "time": 0.8666, "name": null },
					{ "time": 0.9666, "name": "str011_01_" },
					{ "time": 1.0666, "name": null }
				]
			},
			"str011_02_": {
				"attachment": [
					{ "time": 0, "name": null },
					{ "time": 0.8666, "name": null },
					{ "time": 0.9666, "name": "str011_02_" },
					{ "time": 1.0666, "name": null }
				]
			},
			"str011_03_": {
				"attachment": [
					{ "time": 0, "name": null },
					{ "time": 0.8666, "name": null },
					{ "time": 0.9666, "name": "str011_03_" },
					{ "time": 1.0666, "name": null }
				]
			},
			"str012_01_": {
				"attachment": [
					{ "time": 0, "name": null },
					{ "time": 0.9666, "name": null },
					{ "time": 1.0666, "name": "str012_01_" },
					{ "time": 1.1333, "name": null }
				]
			},
			"str012_02_": {
				"attachment": [
					{ "time": 0, "name": null },
					{ "time": 0.9666, "name": null },
					{ "time": 1.0666, "name": "str012_02_" },
					{ "time": 1.1333, "name": null }
				]
			},
			"str012_03_": {
				"attachment": [
					{ "time": 0, "name": null },
					{ "time": 0.9666, "name": null },
					{ "time": 1.0666, "name": "str012_03_" },
					{ "time": 1.1333, "name": null }
				]
			},
			"str013_01_": {
				"attachment": [
					{ "time": 0, "name": null },
					{ "time": 1.0666, "name": null },
					{ "time": 1.1333, "name": "str013_01_" },
					{ "time": 1.2333, "name": null }
				]
			},
			"str013_02_": {
				"attachment": [
					{ "time": 0, "name": null },
					{ "time": 1.0666, "name": null },
					{ "time": 1.1333, "name": "str013_02_" },
					{ "time": 1.2333, "name": null }
				]
			},
			"str013_03_": {
				"attachment": [
					{ "time": 0, "name": null },
					{ "time": 1.0666, "name": null },
					{ "time": 1.1333, "name": "str013_03_" },
					{ "time": 1.2333, "name": null }
				]
			},
			"str014_01_": {
				"attachment": [
					{ "time": 0, "name": null },
					{ "time": 1.1333, "name": null },
					{ "time": 1.2333, "name": "str014_01_" },
					{ "time": 1.3333, "name": null }
				]
			},
			"str014_02_": {
				"attachment": [
					{ "time": 0, "name": null },
					{ "time": 1.1333, "name": null },
					{ "time": 1.2333, "name": "str014_02_" },
					{ "time": 1.3333, "name": null }
				]
			},
			"str014_03_": {
				"attachment": [
					{ "time": 0, "name": null },
					{ "time": 1.1333, "name": null },
					{ "time": 1.2333, "name": "str014_03_" },
					{ "time": 1.3333, "name": null }
				]
			},
			"str015_01_": {
				"attachment": [
					{ "time": 0, "name": null },
					{ "time": 1.2333, "name": null },
					{ "time": 1.3333, "name": "str015_01_" }
				]
			},
			"str015_02_": {
				"attachment": [
					{ "time": 0, "name": null },
					{ "time": 1.2333, "name": null },
					{ "time": 1.3333, "name": "str015_02_" }
				]
			},
			"str015_03_": {
				"attachment": [
					{ "time": 0, "name": null },
					{ "time": 1.2333, "name": null },
					{ "time": 1.3333, "name": "str015_03_" }
				]
			},
			"str016_01_": {
				"attachment": [
					{ "time": 0, "name": null }
				]
			},
			"str016_02_": {
				"attachment": [
					{ "time": 0, "name": null }
				]
			},
			"str016_03_": {
				"attachment": [
					{ "time": 0, "name": null }
				]
			},
			"str017_01_": {
				"attachment": [
					{ "time": 0, "name": null }
				]
			},
			"str017_02_": {
				"attachment": [
					{ "time": 0, "name": null }
				]
			},
			"str017_03_": {
				"attachment": [
					{ "time": 0, "name": null }
				]
			},
			"str017_04_": {
				"attachment": [
					{ "time": 0, "name": null }
				]
			},
			"str018_01_": {
				"attachment": [
					{ "time": 0, "name": null }
				]
			},
			"str018_02_": {
				"attachment": [
					{ "time": 0, "name": null }
				]
			},
			"str018_03_": {
				"attachment": [
					{ "time": 0, "name": null }
				]
			},
			"str018_04_": {
				"attachment": [
					{ "time": 0, "name": null }
				]
			},
			"str019_01_": {
				"attachment": [
					{ "time": 0, "name": null }
				]
			},
			"str019_02_": {
				"attachment": [
					{ "time": 0, "name": null }
				]
			},
			"str019_03_": {
				"attachment": [
					{ "time": 0, "name": null }
				]
			},
			"str01_01_": {
				"attachment": [
					{ "time": 0, "name": "str01_01_" },
					{ "time": 0.1, "name": null },
					{ "time": 0.2, "name": null }
				]
			},
			"str01_02_": {
				"attachment": [
					{ "time": 0, "name": "str01_02_" },
					{ "time": 0.1, "name": null },
					{ "time": 0.2, "name": null }
				]
			},
			"str01_03_": {
				"attachment": [
					{ "time": 0, "name": "str01_03_" },
					{ "time": 0.1, "name": null },
					{ "time": 0.2, "name": null }
				]
			},
			"str020_01_": {
				"attachment": [
					{ "time": 0, "name": null }
				]
			},
			"str020_02_": {
				"attachment": [
					{ "time": 0, "name": null }
				]
			},
			"str020_03_": {
				"attachment": [
					{ "time": 0, "name": null }
				]
			},
			"str021_01_": {
				"attachment": [
					{ "time": 0, "name": null }
				]
			},
			"str021_02_": {
				"attachment": [
					{ "time": 0, "name": null }
				]
			},
			"str021_03_": {
				"attachment": [
					{ "time": 0, "name": null }
				]
			},
			"str021_04_": {
				"attachment": [
					{ "time": 0, "name": null }
				]
			},
			"str022_01_": {
				"attachment": [
					{ "time": 0, "name": null }
				]
			},
			"str022_02_": {
				"attachment": [
					{ "time": 0, "name": null }
				]
			},
			"str022_03_": {
				"attachment": [
					{ "time": 0, "name": null }
				]
			},
			"str022_04_": {
				"attachment": [
					{ "time": 0, "name": null }
				]
			},
			"str023_01_": {
				"attachment": [
					{ "time": 0, "name": null }
				]
			},
			"str023_02_": {
				"attachment": [
					{ "time": 0, "name": null }
				]
			},
			"str023_03_": {
				"attachment": [
					{ "time": 0, "name": null }
				]
			},
			"str024_01_": {
				"attachment": [
					{ "time": 0, "name": null }
				]
			},
			"str024_02_": {
				"attachment": [
					{ "time": 0, "name": null }
				]
			},
			"str024_03_": {
				"attachment": [
					{ "time": 0, "name": null }
				]
			},
			"str025_01_": {
				"attachment": [
					{ "time": 0, "name": null }
				]
			},
			"str025_02_": {
				"attachment": [
					{ "time": 0, "name": null }
				]
			},
			"str026_01_": {
				"attachment": [
					{ "time": 0, "name": null }
				]
			},
			"str026_02_": {
				"attachment": [
					{ "time": 0, "name": null }
				]
			},
			"str027_01_": {
				"attachment": [
					{ "time": 0, "name": null }
				]
			},
			"str027_02_": {
				"attachment": [
					{ "time": 0, "name": null }
				]
			},
			"str028_01_": {
				"attachment": [
					{ "time": 0, "name": null }
				]
			},
			"str028_02_": {
				"attachment": [
					{ "time": 0, "name": null }
				]
			},
			"str029_01_": {
				"attachment": [
					{ "time": 0, "name": null }
				]
			},
			"str029_02_": {
				"attachment": [
					{ "time": 0, "name": null }
				]
			},
			"str02_01_": {
				"attachment": [
					{ "time": 0, "name": null },
					{ "time": 0.1, "name": "str02_01_" },
					{ "time": 0.2, "name": null }
				]
			},
			"str02_02_": {
				"attachment": [
					{ "time": 0, "name": null },
					{ "time": 0.1, "name": "str02_02_" },
					{ "time": 0.2, "name": null }
				]
			},
			"str02_03_": {
				"attachment": [
					{ "time": 0, "name": null },
					{ "time": 0.1, "name": "str02_03_" },
					{ "time": 0.2, "name": null }
				]
			},
			"str03_01_": {
				"attachment": [
					{ "time": 0, "name": null },
					{ "time": 0.1, "name": null },
					{ "time": 0.2, "name": "str03_01_" },
					{ "time": 0.3, "name": null }
				]
			},
			"str03_02_": {
				"attachment": [
					{ "time": 0, "name": null },
					{ "time": 0.1, "name": null },
					{ "time": 0.2, "name": "str03_02_" },
					{ "time": 0.3, "name": null }
				]
			},
			"str03_03_": {
				"attachment": [
					{ "time": 0, "name": null },
					{ "time": 0.1, "name": null },
					{ "time": 0.2, "name": "str03_03_" },
					{ "time": 0.3, "name": null }
				]
			},
			"str04_01_": {
				"attachment": [
					{ "time": 0, "name": null },
					{ "time": 0.2, "name": null },
					{ "time": 0.3, "name": "str04_01_" },
					{ "time": 0.3666, "name": null }
				]
			},
			"str04_02_": {
				"attachment": [
					{ "time": 0, "name": null },
					{ "time": 0.2, "name": null },
					{ "time": 0.3, "name": "str04_02_" },
					{ "time": 0.3666, "name": null }
				]
			},
			"str04_03_": {
				"attachment": [
					{ "time": 0, "name": null },
					{ "time": 0.2, "name": null },
					{ "time": 0.3, "name": "str04_03_" },
					{ "time": 0.3666, "name": null }
				]
			},
			"str05_01_": {
				"attachment": [
					{ "time": 0, "name": null },
					{ "time": 0.3, "name": null },
					{ "time": 0.3666, "name": "str05_01_" },
					{ "time": 0.4666, "name": null }
				]
			},
			"str05_02_": {
				"attachment": [
					{ "time": 0, "name": null },
					{ "time": 0.3, "name": null },
					{ "time": 0.3666, "name": "str05_02_" },
					{ "time": 0.4666, "name": null }
				]
			},
			"str05_03_": {
				"attachment": [
					{ "time": 0, "name": null },
					{ "time": 0.3, "name": null },
					{ "time": 0.3666, "name": "str05_03_" },
					{ "time": 0.4666, "name": null }
				]
			},
			"str06_01_": {
				"attachment": [
					{ "time": 0, "name": null },
					{ "time": 0.3666, "name": null },
					{ "time": 0.4666, "name": "str06_01_" },
					{ "time": 0.5666, "name": null }
				]
			},
			"str06_02_": {
				"attachment": [
					{ "time": 0, "name": null },
					{ "time": 0.3666, "name": null },
					{ "time": 0.4666, "name": "str06_02_" },
					{ "time": 0.5666, "name": null }
				]
			},
			"str06_03_": {
				"attachment": [
					{ "time": 0, "name": null },
					{ "time": 0.3666, "name": null },
					{ "time": 0.4666, "name": "str06_03_" },
					{ "time": 0.5666, "name": null }
				]
			},
			"str07_01_": {
				"attachment": [
					{ "time": 0, "name": null },
					{ "time": 0.4666, "name": null },
					{ "time": 0.5666, "name": "str07_01_" },
					{ "time": 0.6666, "name": null }
				]
			},
			"str07_02_": {
				"attachment": [
					{ "time": 0, "name": null },
					{ "time": 0.4666, "name": null },
					{ "time": 0.5666, "name": "str07_02_" },
					{ "time": 0.6666, "name": null }
				]
			},
			"str07_03_": {
				"attachment": [
					{ "time": 0, "name": null },
					{ "time": 0.4666, "name": null },
					{ "time": 0.5666, "name": "str07_03_" },
					{ "time": 0.6666, "name": null }
				]
			},
			"str08_01_": {
				"attachment": [
					{ "time": 0, "name": null },
					{ "time": 0.5666, "name": null },
					{ "time": 0.6666, "name": "str08_01_" },
					{ "time": 0.7666, "name": null }
				]
			},
			"str08_02_": {
				"attachment": [
					{ "time": 0, "name": null },
					{ "time": 0.5666, "name": null },
					{ "time": 0.6666, "name": "str08_02_" },
					{ "time": 0.7666, "name": null }
				]
			},
			"str08_03_": {
				"attachment": [
					{ "time": 0, "name": null },
					{ "time": 0.5666, "name": null },
					{ "time": 0.6666, "name": "str08_03_" },
					{ "time": 0.7666, "name": null }
				]
			},
			"str09_01_": {
				"attachment": [
					{ "time": 0, "name": null },
					{ "time": 0.6666, "name": null },
					{ "time": 0.7666, "name": "str09_01_" },
					{ "time": 0.8666, "name": null }
				]
			},
			"str09_02_": {
				"attachment": [
					{ "time": 0, "name": null },
					{ "time": 0.6666, "name": null },
					{ "time": 0.7666, "name": "str09_02_" },
					{ "time": 0.8666, "name": null }
				]
			},
			"str09_03_": {
				"attachment": [
					{ "time": 0, "name": null },
					{ "time": 0.6666, "name": null },
					{ "time": 0.7666, "name": "str09_03_" },
					{ "time": 0.8666, "name": null }
				]
			}
		},
		"bones": {
			"jingyingzhen": {
				"scale": [
					{ "time": 0, "x": 1, "y": 1 },
					{ "time": 0.6666, "x": 1.297, "y": 1.297 },
					{ "time": 1.3333, "x": 1, "y": 1 }
				]
			}
		}
	},
	"gj": {
		"slots": {
			"jingyingzhen_": {
				"color": [
					{ "time": 0, "color": "ffffffca" },
					{ "time": 0.6333, "color": "ffffffff" },
					{ "time": 0.8, "color": "ffffff77" },
					{ "time": 1.1666, "color": "ffffffca" }
				]
			},
			"siwang_0_": {
				"attachment": [
					{ "time": 0, "name": null }
				]
			},
			"siwang_1_": {
				"attachment": [
					{ "time": 0, "name": null }
				]
			},
			"siwang_2_": {
				"attachment": [
					{ "time": 0, "name": null }
				]
			},
			"siwang_3_": {
				"attachment": [
					{ "time": 0, "name": null }
				]
			},
			"siwang_4_": {
				"attachment": [
					{ "time": 0, "name": null }
				]
			},
			"siwang_5_": {
				"attachment": [
					{ "time": 0, "name": null }
				]
			},
			"siwang_6_": {
				"attachment": [
					{ "time": 0, "name": null }
				]
			},
			"str010_01_": {
				"attachment": [
					{ "time": 0, "name": null }
				]
			},
			"str010_02_": {
				"attachment": [
					{ "time": 0, "name": null }
				]
			},
			"str010_03_": {
				"attachment": [
					{ "time": 0, "name": null }
				]
			},
			"str011_01_": {
				"attachment": [
					{ "time": 0, "name": null }
				]
			},
			"str011_02_": {
				"attachment": [
					{ "time": 0, "name": null }
				]
			},
			"str011_03_": {
				"attachment": [
					{ "time": 0, "name": null }
				]
			},
			"str012_01_": {
				"attachment": [
					{ "time": 0, "name": null }
				]
			},
			"str012_02_": {
				"attachment": [
					{ "time": 0, "name": null }
				]
			},
			"str012_03_": {
				"attachment": [
					{ "time": 0, "name": null }
				]
			},
			"str013_01_": {
				"attachment": [
					{ "time": 0, "name": null }
				]
			},
			"str013_02_": {
				"attachment": [
					{ "time": 0, "name": null }
				]
			},
			"str013_03_": {
				"attachment": [
					{ "time": 0, "name": null }
				]
			},
			"str014_01_": {
				"attachment": [
					{ "time": 0, "name": null }
				]
			},
			"str014_02_": {
				"attachment": [
					{ "time": 0, "name": null }
				]
			},
			"str014_03_": {
				"attachment": [
					{ "time": 0, "name": null }
				]
			},
			"str015_01_": {
				"attachment": [
					{ "time": 0, "name": "str015_01_" },
					{ "time": 0.0666, "name": null },
					{ "time": 1.1666, "name": null }
				]
			},
			"str015_02_": {
				"attachment": [
					{ "time": 0, "name": "str015_02_" },
					{ "time": 0.0666, "name": null },
					{ "time": 1.1666, "name": null }
				]
			},
			"str015_03_": {
				"attachment": [
					{ "time": 0, "name": "str015_03_" },
					{ "time": 0.0666, "name": null },
					{ "time": 1.1666, "name": null }
				]
			},
			"str016_01_": {
				"attachment": [
					{ "time": 0, "name": null },
					{ "time": 0.0666, "name": "str016_01_" },
					{ "time": 0.1666, "name": null },
					{ "time": 1.1666, "name": null }
				]
			},
			"str016_02_": {
				"attachment": [
					{ "time": 0, "name": null },
					{ "time": 0.0666, "name": "str016_02_" },
					{ "time": 0.1666, "name": null },
					{ "time": 1.1666, "name": null }
				]
			},
			"str016_03_": {
				"attachment": [
					{ "time": 0, "name": null },
					{ "time": 0.0666, "name": "str016_03_" },
					{ "time": 0.1666, "name": null },
					{ "time": 1.1666, "name": null }
				]
			},
			"str017_01_": {
				"attachment": [
					{ "time": 0, "name": null },
					{ "time": 0.0666, "name": null },
					{ "time": 0.1666, "name": "str017_01_" },
					{ "time": 0.2333, "name": null },
					{ "time": 1.1666, "name": null }
				]
			},
			"str017_02_": {
				"attachment": [
					{ "time": 0, "name": null },
					{ "time": 0.0666, "name": null },
					{ "time": 0.1666, "name": "str017_02_" },
					{ "time": 0.2333, "name": null },
					{ "time": 1.1666, "name": null }
				]
			},
			"str017_03_": {
				"attachment": [
					{ "time": 0, "name": null },
					{ "time": 0.0666, "name": null },
					{ "time": 0.1666, "name": "str017_03_" },
					{ "time": 0.2333, "name": null },
					{ "time": 1.1666, "name": null }
				]
			},
			"str017_04_": {
				"attachment": [
					{ "time": 0, "name": null },
					{ "time": 0.0666, "name": null },
					{ "time": 0.1666, "name": "str017_04_" },
					{ "time": 0.2333, "name": null },
					{ "time": 1.1666, "name": null }
				]
			},
			"str018_01_": {
				"attachment": [
					{ "time": 0, "name": null },
					{ "time": 0.1666, "name": null },
					{ "time": 0.2333, "name": "str018_01_" },
					{ "time": 0.3333, "name": null },
					{ "time": 1.1666, "name": null }
				]
			},
			"str018_02_": {
				"attachment": [
					{ "time": 0, "name": null },
					{ "time": 0.1666, "name": null },
					{ "time": 0.2333, "name": "str018_02_" },
					{ "time": 0.3333, "name": null },
					{ "time": 1.1666, "name": null }
				]
			},
			"str018_03_": {
				"attachment": [
					{ "time": 0, "name": null },
					{ "time": 0.1666, "name": null },
					{ "time": 0.2333, "name": "str018_03_" },
					{ "time": 0.3333, "name": null },
					{ "time": 1.1666, "name": null }
				]
			},
			"str018_04_": {
				"attachment": [
					{ "time": 0, "name": null },
					{ "time": 0.1666, "name": null },
					{ "time": 0.2333, "name": "str018_04_" },
					{ "time": 0.3333, "name": null },
					{ "time": 1.1666, "name": null }
				]
			},
			"str019_01_": {
				"attachment": [
					{ "time": 0, "name": null },
					{ "time": 0.2333, "name": null },
					{ "time": 0.3333, "name": "str019_01_" },
					{ "time": 0.4, "name": null },
					{ "time": 1.1666, "name": null }
				]
			},
			"str019_02_": {
				"attachment": [
					{ "time": 0, "name": null },
					{ "time": 0.2333, "name": null },
					{ "time": 0.3333, "name": "str019_02_" },
					{ "time": 0.4, "name": null },
					{ "time": 1.1666, "name": null }
				]
			},
			"str019_03_": {
				"attachment": [
					{ "time": 0, "name": null },
					{ "time": 0.2333, "name": null },
					{ "time": 0.3333, "name": "str019_03_" },
					{ "time": 0.4, "name": null },
					{ "time": 1.1666, "name": null }
				]
			},
			"str01_01_": {
				"attachment": [
					{ "time": 0, "name": null }
				]
			},
			"str01_02_": {
				"attachment": [
					{ "time": 0, "name": null }
				]
			},
			"str01_03_": {
				"attachment": [
					{ "time": 0, "name": null }
				]
			},
			"str020_01_": {
				"attachment": [
					{ "time": 0, "name": null },
					{ "time": 0.3333, "name": null },
					{ "time": 0.4, "name": "str020_01_" },
					{ "time": 0.5, "name": null },
					{ "time": 1.1666, "name": null }
				]
			},
			"str020_02_": {
				"attachment": [
					{ "time": 0, "name": null },
					{ "time": 0.3333, "name": null },
					{ "time": 0.4, "name": "str020_02_" },
					{ "time": 0.5, "name": null },
					{ "time": 1.1666, "name": null }
				]
			},
			"str020_03_": {
				"attachment": [
					{ "time": 0, "name": null },
					{ "time": 0.3333, "name": null },
					{ "time": 0.4, "name": "str020_03_" },
					{ "time": 0.5, "name": null },
					{ "time": 1.1666, "name": null }
				]
			},
			"str021_01_": {
				"attachment": [
					{ "time": 0, "name": null },
					{ "time": 0.4, "name": null },
					{ "time": 0.5, "name": "str021_01_" },
					{ "time": 0.5666, "name": null },
					{ "time": 1.1666, "name": null }
				]
			},
			"str021_02_": {
				"attachment": [
					{ "time": 0, "name": null },
					{ "time": 0.4, "name": null },
					{ "time": 0.5, "name": "str021_02_" },
					{ "time": 0.5666, "name": null },
					{ "time": 1.1666, "name": null }
				]
			},
			"str021_03_": {
				"attachment": [
					{ "time": 0, "name": null },
					{ "time": 0.4, "name": null },
					{ "time": 0.5, "name": "str021_03_" },
					{ "time": 0.5666, "name": null },
					{ "time": 1.1666, "name": null }
				]
			},
			"str021_04_": {
				"attachment": [
					{ "time": 0, "name": null },
					{ "time": 0.4, "name": null },
					{ "time": 0.5, "name": "str021_04_" },
					{ "time": 0.5666, "name": null },
					{ "time": 1.1666, "name": null }
				]
			},
			"str022_01_": {
				"attachment": [
					{ "time": 0, "name": null },
					{ "time": 0.5, "name": null },
					{ "time": 0.5666, "name": "str022_01_" },
					{ "time": 0.6666, "name": null },
					{ "time": 1.1666, "name": null }
				]
			},
			"str022_02_": {
				"attachment": [
					{ "time": 0, "name": null },
					{ "time": 0.5, "name": null },
					{ "time": 0.5666, "name": "str022_02_" },
					{ "time": 0.6666, "name": null },
					{ "time": 1.1666, "name": null }
				]
			},
			"str022_03_": {
				"attachment": [
					{ "time": 0, "name": null },
					{ "time": 0.5, "name": null },
					{ "time": 0.5666, "name": "str022_03_" },
					{ "time": 0.6666, "name": null },
					{ "time": 1.1666, "name": null }
				]
			},
			"str022_04_": {
				"attachment": [
					{ "time": 0, "name": null },
					{ "time": 0.5, "name": null },
					{ "time": 0.5666, "name": "str022_04_" },
					{ "time": 0.6666, "name": null },
					{ "time": 1.1666, "name": null }
				]
			},
			"str023_01_": {
				"attachment": [
					{ "time": 0, "name": null },
					{ "time": 0.5666, "name": null },
					{ "time": 0.6666, "name": "str023_01_" },
					{ "time": 0.7333, "name": null },
					{ "time": 1.1666, "name": null }
				]
			},
			"str023_02_": {
				"attachment": [
					{ "time": 0, "name": null },
					{ "time": 0.5666, "name": null },
					{ "time": 0.6666, "name": "str023_02_" },
					{ "time": 0.7333, "name": null },
					{ "time": 1.1666, "name": null }
				]
			},
			"str023_03_": {
				"attachment": [
					{ "time": 0, "name": null },
					{ "time": 0.5666, "name": null },
					{ "time": 0.6666, "name": "str023_03_" },
					{ "time": 0.7333, "name": null },
					{ "time": 1.1666, "name": null }
				]
			},
			"str024_01_": {
				"attachment": [
					{ "time": 0, "name": null },
					{ "time": 0.6666, "name": null },
					{ "time": 0.7333, "name": "str024_01_" },
					{ "time": 0.8333, "name": null },
					{ "time": 1.1666, "name": null }
				]
			},
			"str024_02_": {
				"attachment": [
					{ "time": 0, "name": null },
					{ "time": 0.6666, "name": null },
					{ "time": 0.7333, "name": "str024_02_" },
					{ "time": 0.8333, "name": null },
					{ "time": 1.1666, "name": null }
				]
			},
			"str024_03_": {
				"attachment": [
					{ "time": 0, "name": null },
					{ "time": 0.6666, "name": null },
					{ "time": 0.7333, "name": "str024_03_" },
					{ "time": 0.8333, "name": null },
					{ "time": 1.1666, "name": null }
				]
			},
			"str025_01_": {
				"attachment": [
					{ "time": 0, "name": null },
					{ "time": 0.7333, "name": null },
					{ "time": 0.8333, "name": "str025_01_" },
					{ "time": 0.9, "name": null },
					{ "time": 1.1666, "name": null }
				]
			},
			"str025_02_": {
				"attachment": [
					{ "time": 0, "name": null },
					{ "time": 0.7333, "name": null },
					{ "time": 0.8333, "name": "str025_02_" },
					{ "time": 0.9, "name": null },
					{ "time": 1.1666, "name": null }
				]
			},
			"str026_01_": {
				"attachment": [
					{ "time": 0, "name": null },
					{ "time": 0.8333, "name": null },
					{ "time": 0.9, "name": "str026_01_" },
					{ "time": 1, "name": null },
					{ "time": 1.1666, "name": null }
				]
			},
			"str026_02_": {
				"attachment": [
					{ "time": 0, "name": null },
					{ "time": 0.8333, "name": null },
					{ "time": 0.9, "name": "str026_02_" },
					{ "time": 1, "name": null },
					{ "time": 1.1666, "name": null }
				]
			},
			"str027_01_": {
				"attachment": [
					{ "time": 0, "name": null },
					{ "time": 0.9, "name": null },
					{ "time": 1, "name": "str027_01_" },
					{ "time": 1.0666, "name": null },
					{ "time": 1.1666, "name": null }
				]
			},
			"str027_02_": {
				"attachment": [
					{ "time": 0, "name": null },
					{ "time": 0.9, "name": null },
					{ "time": 1, "name": "str027_02_" },
					{ "time": 1.0666, "name": null },
					{ "time": 1.1666, "name": null }
				]
			},
			"str028_01_": {
				"attachment": [
					{ "time": 0, "name": null },
					{ "time": 1, "name": null },
					{ "time": 1.0666, "name": "str028_01_" },
					{ "time": 1.1666, "name": null }
				]
			},
			"str028_02_": {
				"attachment": [
					{ "time": 0, "name": null },
					{ "time": 1, "name": null },
					{ "time": 1.0666, "name": "str028_02_" },
					{ "time": 1.1666, "name": null }
				]
			},
			"str029_01_": {
				"attachment": [
					{ "time": 0, "name": null },
					{ "time": 1.0666, "name": null },
					{ "time": 1.1666, "name": "str029_01_" }
				]
			},
			"str029_02_": {
				"attachment": [
					{ "time": 0, "name": null },
					{ "time": 1.0666, "name": null },
					{ "time": 1.1666, "name": "str029_02_" }
				]
			},
			"str02_01_": {
				"attachment": [
					{ "time": 0, "name": null }
				]
			},
			"str02_02_": {
				"attachment": [
					{ "time": 0, "name": null }
				]
			},
			"str02_03_": {
				"attachment": [
					{ "time": 0, "name": null }
				]
			},
			"str03_01_": {
				"attachment": [
					{ "time": 0, "name": null }
				]
			},
			"str03_02_": {
				"attachment": [
					{ "time": 0, "name": null }
				]
			},
			"str03_03_": {
				"attachment": [
					{ "time": 0, "name": null }
				]
			},
			"str04_01_": {
				"attachment": [
					{ "time": 0, "name": null }
				]
			},
			"str04_02_": {
				"attachment": [
					{ "time": 0, "name": null }
				]
			},
			"str04_03_": {
				"attachment": [
					{ "time": 0, "name": null }
				]
			},
			"str05_01_": {
				"attachment": [
					{ "time": 0, "name": null }
				]
			},
			"str05_02_": {
				"attachment": [
					{ "time": 0, "name": null }
				]
			},
			"str05_03_": {
				"attachment": [
					{ "time": 0, "name": null }
				]
			},
			"str06_01_": {
				"attachment": [
					{ "time": 0, "name": null }
				]
			},
			"str06_02_": {
				"attachment": [
					{ "time": 0, "name": null }
				]
			},
			"str06_03_": {
				"attachment": [
					{ "time": 0, "name": null }
				]
			},
			"str07_01_": {
				"attachment": [
					{ "time": 0, "name": null }
				]
			},
			"str07_02_": {
				"attachment": [
					{ "time": 0, "name": null }
				]
			},
			"str07_03_": {
				"attachment": [
					{ "time": 0, "name": null }
				]
			},
			"str08_01_": {
				"attachment": [
					{ "time": 0, "name": null }
				]
			},
			"str08_02_": {
				"attachment": [
					{ "time": 0, "name": null }
				]
			},
			"str08_03_": {
				"attachment": [
					{ "time": 0, "name": null }
				]
			},
			"str09_01_": {
				"attachment": [
					{ "time": 0, "name": null }
				]
			},
			"str09_02_": {
				"attachment": [
					{ "time": 0, "name": null }
				]
			},
			"str09_03_": {
				"attachment": [
					{ "time": 0, "name": null }
				]
			}
		},
		"bones": {
			"jingyingzhen": {
				"scale": [
					{ "time": 0, "x": 1, "y": 1 },
					{ "time": 0.6333, "x": 1.205, "y": 1.205 },
					{ "time": 0.8, "x": 0.91, "y": 0.91 },
					{ "time": 1.1666, "x": 1, "y": 1 }
				]
			}
		}
	},
	"sw": {
		"slots": {
			"jingyingzhen_": {
				"color": [
					{ "time": 0, "color": "ffffffca", "curve": "stepped" },
					{ "time": 0.1666, "color": "ffffffca" },
					{ "time": 0.3666, "color": "ffffff00" }
				]
			},
			"siwang_0_": {
				"attachment": [
					{ "time": 0, "name": null },
					{ "time": 0.4333, "name": "siwang_0_" },
					{ "time": 0.5333, "name": null },
					{ "time": 1.1333, "name": null }
				]
			},
			"siwang_1_": {
				"attachment": [
					{ "time": 0, "name": null },
					{ "time": 0.4333, "name": null },
					{ "time": 0.5333, "name": "siwang_1_" },
					{ "time": 0.6333, "name": null },
					{ "time": 1.1333, "name": null }
				]
			},
			"siwang_2_": {
				"attachment": [
					{ "time": 0, "name": null },
					{ "time": 0.5333, "name": null },
					{ "time": 0.6333, "name": "siwang_2_" },
					{ "time": 0.7333, "name": null },
					{ "time": 1.1333, "name": null }
				]
			},
			"siwang_3_": {
				"attachment": [
					{ "time": 0, "name": null },
					{ "time": 0.6333, "name": null },
					{ "time": 0.7333, "name": "siwang_3_" },
					{ "time": 0.8333, "name": null },
					{ "time": 1.1333, "name": null }
				]
			},
			"siwang_4_": {
				"attachment": [
					{ "time": 0, "name": null },
					{ "time": 0.7333, "name": null },
					{ "time": 0.8333, "name": "siwang_4_" },
					{ "time": 0.9333, "name": null },
					{ "time": 1.1333, "name": null }
				]
			},
			"siwang_5_": {
				"attachment": [
					{ "time": 0, "name": null },
					{ "time": 0.8333, "name": null },
					{ "time": 0.9333, "name": "siwang_5_" },
					{ "time": 1.0333, "name": null },
					{ "time": 1.1333, "name": null }
				]
			},
			"siwang_6_": {
				"attachment": [
					{ "time": 0, "name": null },
					{ "time": 0.9333, "name": null },
					{ "time": 1.0333, "name": "siwang_6_" },
					{ "time": 1.1333, "name": null }
				]
			},
			"str010_01_": {
				"attachment": [
					{ "time": 0, "name": null }
				]
			},
			"str010_02_": {
				"attachment": [
					{ "time": 0, "name": null }
				]
			},
			"str010_03_": {
				"attachment": [
					{ "time": 0, "name": null }
				]
			},
			"str011_01_": {
				"attachment": [
					{ "time": 0, "name": null }
				]
			},
			"str011_02_": {
				"attachment": [
					{ "time": 0, "name": null }
				]
			},
			"str011_03_": {
				"attachment": [
					{ "time": 0, "name": null }
				]
			},
			"str012_01_": {
				"attachment": [
					{ "time": 0, "name": null }
				]
			},
			"str012_02_": {
				"attachment": [
					{ "time": 0, "name": null }
				]
			},
			"str012_03_": {
				"attachment": [
					{ "time": 0, "name": null }
				]
			},
			"str013_01_": {
				"attachment": [
					{ "time": 0, "name": null }
				]
			},
			"str013_02_": {
				"attachment": [
					{ "time": 0, "name": null }
				]
			},
			"str013_03_": {
				"attachment": [
					{ "time": 0, "name": null }
				]
			},
			"str014_01_": {
				"attachment": [
					{ "time": 0, "name": null }
				]
			},
			"str014_02_": {
				"attachment": [
					{ "time": 0, "name": null }
				]
			},
			"str014_03_": {
				"attachment": [
					{ "time": 0, "name": null }
				]
			},
			"str015_01_": {
				"attachment": [
					{ "time": 0, "name": "str015_01_" },
					{ "time": 0.2, "name": "str015_01_" },
					{ "time": 0.3333, "name": null }
				]
			},
			"str015_02_": {
				"attachment": [
					{ "time": 0, "name": "str015_02_" },
					{ "time": 0.2, "name": "str015_02_" },
					{ "time": 0.3333, "name": null }
				]
			},
			"str015_03_": {
				"attachment": [
					{ "time": 0, "name": "str015_03_" },
					{ "time": 0.2, "name": "str015_03_" },
					{ "time": 0.3333, "name": null }
				]
			},
			"str016_01_": {
				"attachment": [
					{ "time": 0, "name": null }
				]
			},
			"str016_02_": {
				"attachment": [
					{ "time": 0, "name": null }
				]
			},
			"str016_03_": {
				"attachment": [
					{ "time": 0, "name": null }
				]
			},
			"str017_01_": {
				"attachment": [
					{ "time": 0, "name": null }
				]
			},
			"str017_02_": {
				"attachment": [
					{ "time": 0, "name": null }
				]
			},
			"str017_03_": {
				"attachment": [
					{ "time": 0, "name": null }
				]
			},
			"str017_04_": {
				"attachment": [
					{ "time": 0, "name": null }
				]
			},
			"str018_01_": {
				"attachment": [
					{ "time": 0, "name": null }
				]
			},
			"str018_02_": {
				"attachment": [
					{ "time": 0, "name": null }
				]
			},
			"str018_03_": {
				"attachment": [
					{ "time": 0, "name": null }
				]
			},
			"str018_04_": {
				"attachment": [
					{ "time": 0, "name": null }
				]
			},
			"str019_01_": {
				"attachment": [
					{ "time": 0, "name": null }
				]
			},
			"str019_02_": {
				"attachment": [
					{ "time": 0, "name": null }
				]
			},
			"str019_03_": {
				"attachment": [
					{ "time": 0, "name": null }
				]
			},
			"str01_01_": {
				"attachment": [
					{ "time": 0, "name": null }
				]
			},
			"str01_02_": {
				"attachment": [
					{ "time": 0, "name": null }
				]
			},
			"str01_03_": {
				"attachment": [
					{ "time": 0, "name": null }
				]
			},
			"str020_01_": {
				"attachment": [
					{ "time": 0, "name": null }
				]
			},
			"str020_02_": {
				"attachment": [
					{ "time": 0, "name": null }
				]
			},
			"str020_03_": {
				"attachment": [
					{ "time": 0, "name": null }
				]
			},
			"str021_01_": {
				"attachment": [
					{ "time": 0, "name": null }
				]
			},
			"str021_02_": {
				"attachment": [
					{ "time": 0, "name": null }
				]
			},
			"str021_03_": {
				"attachment": [
					{ "time": 0, "name": null }
				]
			},
			"str021_04_": {
				"attachment": [
					{ "time": 0, "name": null }
				]
			},
			"str022_01_": {
				"attachment": [
					{ "time": 0, "name": null }
				]
			},
			"str022_02_": {
				"attachment": [
					{ "time": 0, "name": null }
				]
			},
			"str022_03_": {
				"attachment": [
					{ "time": 0, "name": null }
				]
			},
			"str022_04_": {
				"attachment": [
					{ "time": 0, "name": null }
				]
			},
			"str023_01_": {
				"attachment": [
					{ "time": 0, "name": null }
				]
			},
			"str023_02_": {
				"attachment": [
					{ "time": 0, "name": null }
				]
			},
			"str023_03_": {
				"attachment": [
					{ "time": 0, "name": null }
				]
			},
			"str024_01_": {
				"attachment": [
					{ "time": 0, "name": null }
				]
			},
			"str024_02_": {
				"attachment": [
					{ "time": 0, "name": null }
				]
			},
			"str024_03_": {
				"attachment": [
					{ "time": 0, "name": null }
				]
			},
			"str025_01_": {
				"attachment": [
					{ "time": 0, "name": null }
				]
			},
			"str025_02_": {
				"attachment": [
					{ "time": 0, "name": null }
				]
			},
			"str026_01_": {
				"attachment": [
					{ "time": 0, "name": null }
				]
			},
			"str026_02_": {
				"attachment": [
					{ "time": 0, "name": null }
				]
			},
			"str027_01_": {
				"attachment": [
					{ "time": 0, "name": null }
				]
			},
			"str027_02_": {
				"attachment": [
					{ "time": 0, "name": null }
				]
			},
			"str028_01_": {
				"attachment": [
					{ "time": 0, "name": null }
				]
			},
			"str028_02_": {
				"attachment": [
					{ "time": 0, "name": null }
				]
			},
			"str029_01_": {
				"attachment": [
					{ "time": 0, "name": null }
				]
			},
			"str029_02_": {
				"attachment": [
					{ "time": 0, "name": null }
				]
			},
			"str02_01_": {
				"attachment": [
					{ "time": 0, "name": null }
				]
			},
			"str02_02_": {
				"attachment": [
					{ "time": 0, "name": null }
				]
			},
			"str02_03_": {
				"attachment": [
					{ "time": 0, "name": null }
				]
			},
			"str03_01_": {
				"attachment": [
					{ "time": 0, "name": null }
				]
			},
			"str03_02_": {
				"attachment": [
					{ "time": 0, "name": null }
				]
			},
			"str03_03_": {
				"attachment": [
					{ "time": 0, "name": null }
				]
			},
			"str04_01_": {
				"attachment": [
					{ "time": 0, "name": null }
				]
			},
			"str04_02_": {
				"attachment": [
					{ "time": 0, "name": null }
				]
			},
			"str04_03_": {
				"attachment": [
					{ "time": 0, "name": null }
				]
			},
			"str05_01_": {
				"attachment": [
					{ "time": 0, "name": null }
				]
			},
			"str05_02_": {
				"attachment": [
					{ "time": 0, "name": null }
				]
			},
			"str05_03_": {
				"attachment": [
					{ "time": 0, "name": null }
				]
			},
			"str06_01_": {
				"attachment": [
					{ "time": 0, "name": null }
				]
			},
			"str06_02_": {
				"attachment": [
					{ "time": 0, "name": null }
				]
			},
			"str06_03_": {
				"attachment": [
					{ "time": 0, "name": null }
				]
			},
			"str07_01_": {
				"attachment": [
					{ "time": 0, "name": null }
				]
			},
			"str07_02_": {
				"attachment": [
					{ "time": 0, "name": null }
				]
			},
			"str07_03_": {
				"attachment": [
					{ "time": 0, "name": null }
				]
			},
			"str08_01_": {
				"attachment": [
					{ "time": 0, "name": null }
				]
			},
			"str08_02_": {
				"attachment": [
					{ "time": 0, "name": null }
				]
			},
			"str08_03_": {
				"attachment": [
					{ "time": 0, "name": null }
				]
			},
			"str09_01_": {
				"attachment": [
					{ "time": 0, "name": null }
				]
			},
			"str09_02_": {
				"attachment": [
					{ "time": 0, "name": null }
				]
			},
			"str09_03_": {
				"attachment": [
					{ "time": 0, "name": null }
				]
			}
		}
	}
}
}