{
"skeleton": { "hash": "rWrydCPp30DxlON5+K/89pPMfS4", "spine": "3.7.94", "width": 0, "height": 0, "images": "./images/", "audio": "D:/WORK/COK/皮肤特效/老鹰BOSS/老鹰BOSSspine/攻击_group/GJ_A" },
"bones": [
	{ "name": "root" },
	{ "name": "ctr", "parent": "root", "x": 2, "y": 31, "scaleX": 1.25, "scaleY": 1.25 },
	{ "name": "GJ_UL_", "parent": "ctr" },
	{ "name": "GJ_UR_", "parent": "ctr" },
	{ "name": "GJ_DL_", "parent": "ctr" },
	{ "name": "GJ_DR_", "parent": "ctr" }
],
"slots": [
	{ "name": "GJ_UL_", "bone": "GJ_UL_" },
	{ "name": "GJ_UR_", "bone": "GJ_UR_" },
	{ "name": "GJ_DL_", "bone": "GJ_DL_" },
	{ "name": "GJ_DR_", "bone": "GJ_DR_" }
],
"skins": {
	"default": {
		"GJ_DL_": {
			"GJ_DL_00044_": { "x": -319, "y": -441, "width": 638, "height": 882 },
			"GJ_DL_00047_": { "x": -319, "y": -441, "width": 638, "height": 882 },
			"GJ_DL_00050_": { "x": -319, "y": -441, "width": 638, "height": 882 },
			"GJ_DL_00053_": { "x": -319, "y": -441, "width": 638, "height": 882 },
			"GJ_DL_00056_": { "x": -319, "y": -441, "width": 638, "height": 882 },
			"GJ_DL_00059_": { "x": -319, "y": -441, "width": 638, "height": 882 }
		},
		"GJ_DR_": {
			"GJ_DR_00044_": { "x": 481, "y": -441, "width": 962, "height": 882 },
			"GJ_DR_00047_": { "x": 481, "y": -441, "width": 962, "height": 882 },
			"GJ_DR_00050_": { "x": 481, "y": -441, "width": 962, "height": 882 },
			"GJ_DR_00053_": { "x": 481, "y": -441, "width": 962, "height": 882 },
			"GJ_DR_00056_": { "x": 481, "y": -441, "width": 962, "height": 882 },
			"GJ_DR_00059_": { "x": 481, "y": -441, "width": 962, "height": 882 }
		},
		"GJ_UL_": {
			"GJ_UL_00044_": { "x": -319, "y": 359, "width": 638, "height": 718 },
			"GJ_UL_00047_": { "x": -319, "y": 359, "width": 638, "height": 718 },
			"GJ_UL_00050_": { "x": -319, "y": 359, "width": 638, "height": 718 },
			"GJ_UL_00053_": { "x": -319, "y": 359, "width": 638, "height": 718 },
			"GJ_UL_00056_": { "x": -319, "y": 359, "width": 638, "height": 718 },
			"GJ_UL_00059_": { "x": -319, "y": 359, "width": 638, "height": 718 }
		},
		"GJ_UR_": {
			"GJ_UR_00044_": { "x": 481, "y": 359, "width": 962, "height": 718 },
			"GJ_UR_00047_": { "x": 481, "y": 359, "width": 962, "height": 718 },
			"GJ_UR_00050_": { "x": 481, "y": 359, "width": 962, "height": 718 },
			"GJ_UR_00053_": { "x": 481, "y": 359, "width": 962, "height": 718 },
			"GJ_UR_00056_": { "x": 481, "y": 359, "width": 962, "height": 718 },
			"GJ_UR_00059_": { "x": 481, "y": 359, "width": 962, "height": 718 }
		}
	}
},
"animations": {
	"animation": {
		"slots": {
			"GJ_DL_": {
				"attachment": [
					{ "time": 0, "name": "GJ_DL_00044_" },
					{ "time": 0.1, "name": "GJ_DL_00047_" },
					{ "time": 0.2, "name": "GJ_DL_00050_" },
					{ "time": 0.3, "name": "GJ_DL_00053_" },
					{ "time": 0.4, "name": "GJ_DL_00056_" },
					{ "time": 0.5, "name": "GJ_DL_00059_" },
					{ "time": 0.6, "name": null },
					{ "time": 2, "name": null }
				]
			},
			"GJ_DR_": {
				"attachment": [
					{ "time": 0, "name": "GJ_DR_00044_" },
					{ "time": 0.1, "name": "GJ_DR_00047_" },
					{ "time": 0.2, "name": "GJ_DR_00050_" },
					{ "time": 0.3, "name": "GJ_DR_00053_" },
					{ "time": 0.4, "name": "GJ_DR_00056_" },
					{ "time": 0.5, "name": "GJ_DR_00059_" },
					{ "time": 0.6, "name": null },
					{ "time": 2, "name": null }
				]
			},
			"GJ_UL_": {
				"attachment": [
					{ "time": 0, "name": "GJ_UL_00044_" },
					{ "time": 0.1, "name": "GJ_UL_00047_" },
					{ "time": 0.2, "name": "GJ_UL_00050_" },
					{ "time": 0.3, "name": "GJ_UL_00053_" },
					{ "time": 0.4, "name": "GJ_UL_00056_" },
					{ "time": 0.5, "name": "GJ_UL_00059_" },
					{ "time": 0.6, "name": null },
					{ "time": 2, "name": null }
				]
			},
			"GJ_UR_": {
				"attachment": [
					{ "time": 0, "name": "GJ_UR_00044_" },
					{ "time": 0.1, "name": "GJ_UR_00047_" },
					{ "time": 0.2, "name": "GJ_UR_00050_" },
					{ "time": 0.3, "name": "GJ_UR_00053_" },
					{ "time": 0.4, "name": "GJ_UR_00056_" },
					{ "time": 0.5, "name": "GJ_UR_00059_" },
					{ "time": 0.6, "name": null },
					{ "time": 2, "name": null }
				]
			}
		},
		"bones": {
			"ctr": {
				"translate": [
					{ "time": 0, "x": 0, "y": 0 }
				]
			}
		}
	}
}
}