{
"skeleton": { "hash": "DgK5IFPvdoKUMj15tozxDE7Vk+4", "spine": "3.7.94", "width": 0, "height": 0, "images": "./images/", "audio": "D:/WORK/COK/皮肤特效/老鹰BOSS/老鹰BOSSspine/攻击_group/GJ_E" },
"bones": [
	{ "name": "root" },
	{ "name": "ctr", "parent": "root", "x": 2, "y": 31, "scaleX": 1.25, "scaleY": 1.25 },
	{ "name": "GJ_UL_", "parent": "ctr" },
	{ "name": "GJ_UR_", "parent": "ctr" },
	{ "name": "GJ_DL_", "parent": "ctr" },
	{ "name": "GJ_DR_", "parent": "ctr" }
],
"slots": [
	{ "name": "GJ_UL_", "bone": "GJ_UL_" },
	{ "name": "GJ_UR_", "bone": "GJ_UR_" },
	{ "name": "GJ_DL_", "bone": "GJ_DL_" },
	{ "name": "GJ_DR_", "bone": "GJ_DR_" }
],
"skins": {
	"default": {
		"GJ_DL_": {
			"GJ_DL_00101_": { "x": -319, "y": -441, "width": 638, "height": 882 },
			"GJ_DL_00104_": { "x": -319, "y": -441, "width": 638, "height": 882 }
		},
		"GJ_DR_": {
			"GJ_DR_00101_": { "x": 481, "y": -441, "width": 962, "height": 882 },
			"GJ_DR_00104_": { "x": 481, "y": -441, "width": 962, "height": 882 }
		},
		"GJ_UL_": {
			"GJ_UL_00101_": { "x": -319, "y": 359, "width": 638, "height": 718 },
			"GJ_UL_00104_": { "x": -319, "y": 359, "width": 638, "height": 718 }
		},
		"GJ_UR_": {
			"GJ_UR_00101_": { "x": 481, "y": 359, "width": 962, "height": 718 },
			"GJ_UR_00104_": { "x": 481, "y": 359, "width": 962, "height": 718 }
		}
	}
},
"animations": {
	"animation": {
		"slots": {
			"GJ_DL_": {
				"attachment": [
					{ "time": 1.9, "name": "GJ_DL_00101_" },
					{ "time": 2, "name": "GJ_DL_00104_" }
				]
			},
			"GJ_DR_": {
				"attachment": [
					{ "time": 1.9, "name": "GJ_DR_00101_" },
					{ "time": 2, "name": "GJ_DR_00104_" }
				]
			},
			"GJ_UL_": {
				"attachment": [
					{ "time": 1.9, "name": "GJ_UL_00101_" },
					{ "time": 2, "name": "GJ_UL_00104_" }
				]
			},
			"GJ_UR_": {
				"attachment": [
					{ "time": 1.9, "name": "GJ_UR_00101_" },
					{ "time": 2, "name": "GJ_UR_00104_" }
				]
			}
		},
		"bones": {
			"ctr": {
				"translate": [
					{ "time": 0, "x": 0, "y": 0 }
				]
			}
		}
	}
}
}