{
"skeleton": { "hash": "tk6/x1dqBb9GYqKBfeE8e2RXxTA", "spine": "2.1.27", "width": 127.5, "height": 85 },
"bones": [
	{ "name": "root" }
],
"slots": [
	{ "name": "root", "bone": "root", "attachment": "yz_0_" },
	{ "name": "Yeren03_gj_0_20_", "bone": "root" },
	{ "name": "Yeren03_gj_0_19_", "bone": "root" },
	{ "name": "Yeren03_gj_0_18_", "bone": "root" },
	{ "name": "Yeren03_gj_0_17_", "bone": "root" },
	{ "name": "Yeren03_gj_0_16_", "bone": "root" },
	{ "name": "Yeren03_gj_0_15_", "bone": "root" },
	{ "name": "Yeren03_gj_0_14_", "bone": "root" },
	{ "name": "Yeren03_gj_0_13_", "bone": "root" },
	{ "name": "Yeren03_gj_0_12_", "bone": "root" },
	{ "name": "Yeren03_gj_0_11_", "bone": "root" },
	{ "name": "Yeren03_gj_0_10_", "bone": "root" },
	{ "name": "Yeren03_gj_0_09_", "bone": "root" },
	{ "name": "Yeren03_gj_0_08_", "bone": "root" },
	{ "name": "Yeren03_gj_0_07_", "bone": "root" },
	{ "name": "Yeren03_gj_0_06_", "bone": "root" },
	{ "name": "Yeren03_gj_0_05_", "bone": "root" },
	{ "name": "Yeren03_gj_0_04_", "bone": "root" },
	{ "name": "Yeren03_gj_0_03_", "bone": "root" },
	{ "name": "Yeren03_gj_0_02_", "bone": "root" },
	{ "name": "Yeren03_gj_0_01_", "bone": "root" },
	{ "name": "Yeren03_gj_0_00_", "bone": "root" },
	{ "name": "Yeren03_dj_0_07_", "bone": "root" },
	{ "name": "Yeren03_dj_0_06_", "bone": "root" },
	{ "name": "Yeren03_dj_0_05_", "bone": "root" },
	{ "name": "Yeren03_dj_0_04_", "bone": "root" },
	{ "name": "Yeren03_dj_0_03_", "bone": "root" },
	{ "name": "Yeren03_dj_0_02_", "bone": "root" },
	{ "name": "Yeren03_dj_0_01_", "bone": "root" },
	{ "name": "Yeren03_dj_0_00_", "bone": "root" },
	{ "name": "Yeren03_xz_0_11_", "bone": "root" },
	{ "name": "Yeren03_xz_0_10_", "bone": "root" },
	{ "name": "Yeren03_xz_0_09_", "bone": "root" },
	{ "name": "Yeren03_xz_0_08_", "bone": "root" },
	{ "name": "Yeren03_xz_0_07_", "bone": "root" },
	{ "name": "Yeren03_xz_0_06_", "bone": "root" },
	{ "name": "Yeren03_xz_0_05_", "bone": "root" },
	{ "name": "Yeren03_xz_0_04_", "bone": "root" },
	{ "name": "Yeren03_xz_0_03_", "bone": "root" },
	{ "name": "Yeren03_xz_0_02_", "bone": "root" },
	{ "name": "Yeren03_xz_0_01_", "bone": "root" },
	{ "name": "Yeren03_xz_0_00_", "bone": "root" }
],
"skins": {
	"default": {
		"Yeren03_dj_0_00_": {
			"Yeren03_dj_0_00_": { "x": -4.99, "y": 58.49, "width": 96, "height": 121 }
		},
		"Yeren03_dj_0_01_": {
			"Yeren03_dj_0_01_": { "x": -4.49, "y": 58.49, "width": 95, "height": 121 }
		},
		"Yeren03_dj_0_02_": {
			"Yeren03_dj_0_02_": { "x": -3.99, "y": 58.99, "width": 94, "height": 122 }
		},
		"Yeren03_dj_0_03_": {
			"Yeren03_dj_0_03_": { "x": -2.99, "y": 58.99, "width": 92, "height": 122 }
		},
		"Yeren03_dj_0_04_": {
			"Yeren03_dj_0_04_": { "x": -2.99, "y": 58.99, "width": 92, "height": 122 }
		},
		"Yeren03_dj_0_05_": {
			"Yeren03_dj_0_05_": { "x": -2.99, "y": 58.49, "width": 92, "height": 121 }
		},
		"Yeren03_dj_0_06_": {
			"Yeren03_dj_0_06_": { "x": -3.49, "y": 58.49, "width": 93, "height": 121 }
		},
		"Yeren03_dj_0_07_": {
			"Yeren03_dj_0_07_": { "x": -3.99, "y": 58.49, "width": 94, "height": 121 }
		},
		"Yeren03_gj_0_00_": {
			"Yeren03_gj_0_00_": { "x": -4.99, "y": 58.49, "width": 96, "height": 121 }
		},
		"Yeren03_gj_0_01_": {
			"Yeren03_gj_0_01_": { "x": -8.49, "y": 62.99, "width": 101, "height": 130 }
		},
		"Yeren03_gj_0_02_": {
			"Yeren03_gj_0_02_": { "x": -15.49, "y": 67.49, "width": 115, "height": 139 }
		},
		"Yeren03_gj_0_03_": {
			"Yeren03_gj_0_03_": { "x": -20.99, "y": 70.49, "width": 126, "height": 145 }
		},
		"Yeren03_gj_0_04_": {
			"Yeren03_gj_0_04_": { "x": -24.49, "y": 71.99, "width": 133, "height": 148 }
		},
		"Yeren03_gj_0_05_": {
			"Yeren03_gj_0_05_": { "x": -26.49, "y": 72.49, "width": 137, "height": 149 }
		},
		"Yeren03_gj_0_06_": {
			"Yeren03_gj_0_06_": { "x": -27.49, "y": 72.99, "width": 139, "height": 150 }
		},
		"Yeren03_gj_0_07_": {
			"Yeren03_gj_0_07_": { "x": -27.99, "y": 73.49, "width": 140, "height": 151 }
		},
		"Yeren03_gj_0_08_": {
			"Yeren03_gj_0_08_": { "x": -26.49, "y": 77.49, "width": 137, "height": 159 }
		},
		"Yeren03_gj_0_09_": {
			"Yeren03_gj_0_09_": { "x": -23.49, "y": 82.49, "width": 131, "height": 169 }
		},
		"Yeren03_gj_0_10_": {
			"Yeren03_gj_0_10_": { "x": -16.99, "y": 86.99, "width": 118, "height": 178 }
		},
		"Yeren03_gj_0_11_": {
			"Yeren03_gj_0_11_": { "x": -6.49, "y": 88.49, "width": 97, "height": 181 }
		},
		"Yeren03_gj_0_12_": {
			"Yeren03_gj_0_12_": { "x": 0.5, "y": 80.99, "width": 87, "height": 166 }
		},
		"Yeren03_gj_0_13_": {
			"Yeren03_gj_0_13_": { "x": 15, "y": 76.49, "width": 114, "height": 157 }
		},
		"Yeren03_gj_0_14_": {
			"Yeren03_gj_0_14_": { "x": 40.5, "y": 39.99, "width": 165, "height": 104 }
		},
		"Yeren03_gj_0_15_": {
			"Yeren03_gj_0_15_": { "x": 37, "y": 39.99, "width": 158, "height": 100 }
		},
		"Yeren03_gj_0_16_": {
			"Yeren03_gj_0_16_": { "x": 34.5, "y": 43.49, "width": 153, "height": 91 }
		},
		"Yeren03_gj_0_17_": {
			"Yeren03_gj_0_17_": { "x": 30, "y": 40.49, "width": 144, "height": 95 }
		},
		"Yeren03_gj_0_18_": {
			"Yeren03_gj_0_18_": { "x": 20, "y": 36.99, "width": 124, "height": 106 }
		},
		"Yeren03_gj_0_19_": {
			"Yeren03_gj_0_19_": { "x": 3.5, "y": 35.49, "width": 91, "height": 113 }
		},
		"Yeren03_gj_0_20_": {
			"Yeren03_gj_0_20_": { "y": 40.49, "width": 84, "height": 111 }
		},
		"Yeren03_xz_0_00_": {
			"Yeren03_xz_0_00_": { "x": 21, "y": 58.99, "width": 126, "height": 124 }
		},
		"Yeren03_xz_0_01_": {
			"Yeren03_xz_0_01_": { "x": 22.5, "y": 58.99, "width": 127, "height": 122 }
		},
		"Yeren03_xz_0_02_": {
			"Yeren03_xz_0_02_": { "x": 27, "y": 60.49, "width": 116, "height": 119 }
		},
		"Yeren03_xz_0_03_": {
			"Yeren03_xz_0_03_": { "x": 30, "y": 61.49, "width": 100, "height": 121 }
		},
		"Yeren03_xz_0_04_": {
			"Yeren03_xz_0_04_": { "x": 24.5, "y": 62.99, "width": 97, "height": 120 }
		},
		"Yeren03_xz_0_05_": {
			"Yeren03_xz_0_05_": { "x": 15.5, "y": 62.99, "width": 97, "height": 120 }
		},
		"Yeren03_xz_0_06_": {
			"Yeren03_xz_0_06_": { "x": 7, "y": 58.99, "width": 98, "height": 124 }
		},
		"Yeren03_xz_0_07_": {
			"Yeren03_xz_0_07_": { "x": 7, "y": 57.99, "width": 96, "height": 124 }
		},
		"Yeren03_xz_0_08_": {
			"Yeren03_xz_0_08_": { "x": 13, "y": 57.99, "width": 88, "height": 124 }
		},
		"Yeren03_xz_0_09_": {
			"Yeren03_xz_0_09_": { "x": 18, "y": 59.49, "width": 86, "height": 125 }
		},
		"Yeren03_xz_0_10_": {
			"Yeren03_xz_0_10_": { "x": 22.5, "y": 59.49, "width": 91, "height": 127 }
		},
		"Yeren03_xz_0_11_": {
			"Yeren03_xz_0_11_": { "x": 22, "y": 59.49, "width": 110, "height": 127 }
		},
		"root": {
			"yz_0_": { "color": "ffffff99", "x": -7, "y": 7, "scaleX": 1.5, "width": 85, "height": 85 }
		}
	}
},
"animations": {
	"dj": {
		"slots": {
			"Yeren03_dj_0_00_": {
				"attachment": [
					{ "time": 0, "name": "Yeren03_dj_0_00_" },
					{ "time": 0.0666, "name": "Yeren03_dj_0_00_" },
					{ "time": 0.1333, "name": null }
				]
			},
			"Yeren03_dj_0_01_": {
				"attachment": [
					{ "time": 0, "name": null },
					{ "time": 0.0666, "name": null },
					{ "time": 0.1333, "name": "Yeren03_dj_0_01_" },
					{ "time": 0.2, "name": "Yeren03_dj_0_01_" },
					{ "time": 0.2666, "name": null }
				]
			},
			"Yeren03_dj_0_02_": {
				"attachment": [
					{ "time": 0, "name": null },
					{ "time": 0.2, "name": null },
					{ "time": 0.2666, "name": "Yeren03_dj_0_02_" },
					{ "time": 0.3, "name": "Yeren03_dj_0_02_" },
					{ "time": 0.3666, "name": null }
				]
			},
			"Yeren03_dj_0_03_": {
				"attachment": [
					{ "time": 0, "name": null },
					{ "time": 0.3, "name": null },
					{ "time": 0.3666, "name": "Yeren03_dj_0_03_" },
					{ "time": 0.4333, "name": "Yeren03_dj_0_03_" },
					{ "time": 0.5, "name": null }
				]
			},
			"Yeren03_dj_0_04_": {
				"attachment": [
					{ "time": 0, "name": null },
					{ "time": 0.4333, "name": null },
					{ "time": 0.5, "name": "Yeren03_dj_0_04_" },
					{ "time": 0.5666, "name": "Yeren03_dj_0_04_" },
					{ "time": 0.6333, "name": null }
				]
			},
			"Yeren03_dj_0_05_": {
				"attachment": [
					{ "time": 0, "name": null },
					{ "time": 0.5666, "name": null },
					{ "time": 0.6333, "name": "Yeren03_dj_0_05_" },
					{ "time": 0.7, "name": "Yeren03_dj_0_05_" },
					{ "time": 0.7666, "name": null }
				]
			},
			"Yeren03_dj_0_06_": {
				"attachment": [
					{ "time": 0, "name": null },
					{ "time": 0.7, "name": null },
					{ "time": 0.7666, "name": "Yeren03_dj_0_06_" },
					{ "time": 0.8333, "name": "Yeren03_dj_0_06_" },
					{ "time": 0.8666, "name": null }
				]
			},
			"Yeren03_dj_0_07_": {
				"attachment": [
					{ "time": 0, "name": null },
					{ "time": 0.8333, "name": null },
					{ "time": 0.8666, "name": "Yeren03_dj_0_07_" },
					{ "time": 0.9333, "name": "Yeren03_dj_0_07_" },
					{ "time": 1, "name": null }
				]
			}
		}
	},
	"gj": {
		"slots": {
			"Yeren03_gj_0_00_": {
				"attachment": [
					{ "time": 0, "name": "Yeren03_gj_0_00_" },
					{ "time": 0.0333, "name": "Yeren03_gj_0_00_" },
					{ "time": 0.0666, "name": null }
				]
			},
			"Yeren03_gj_0_01_": {
				"attachment": [
					{ "time": 0, "name": null },
					{ "time": 0.0333, "name": null },
					{ "time": 0.0666, "name": "Yeren03_gj_0_01_" },
					{ "time": 0.1, "name": "Yeren03_gj_0_01_" },
					{ "time": 0.1333, "name": null }
				]
			},
			"Yeren03_gj_0_02_": {
				"attachment": [
					{ "time": 0, "name": null },
					{ "time": 0.1, "name": null },
					{ "time": 0.1333, "name": "Yeren03_gj_0_02_" },
					{ "time": 0.1666, "name": "Yeren03_gj_0_02_" },
					{ "time": 0.2, "name": null }
				]
			},
			"Yeren03_gj_0_03_": {
				"attachment": [
					{ "time": 0, "name": null },
					{ "time": 0.1666, "name": null },
					{ "time": 0.2, "name": "Yeren03_gj_0_03_" },
					{ "time": 0.2333, "name": "Yeren03_gj_0_03_" },
					{ "time": 0.2666, "name": null }
				]
			},
			"Yeren03_gj_0_04_": {
				"attachment": [
					{ "time": 0, "name": null },
					{ "time": 0.2333, "name": null },
					{ "time": 0.2666, "name": "Yeren03_gj_0_04_" },
					{ "time": 0.3, "name": "Yeren03_gj_0_04_" },
					{ "time": 0.3333, "name": null }
				]
			},
			"Yeren03_gj_0_05_": {
				"attachment": [
					{ "time": 0, "name": null },
					{ "time": 0.3, "name": null },
					{ "time": 0.3333, "name": "Yeren03_gj_0_05_" },
					{ "time": 0.3666, "name": "Yeren03_gj_0_05_" },
					{ "time": 0.4, "name": null }
				]
			},
			"Yeren03_gj_0_06_": {
				"attachment": [
					{ "time": 0, "name": null },
					{ "time": 0.3666, "name": null },
					{ "time": 0.4, "name": "Yeren03_gj_0_06_" },
					{ "time": 0.4333, "name": "Yeren03_gj_0_06_" },
					{ "time": 0.4666, "name": null }
				]
			},
			"Yeren03_gj_0_07_": {
				"attachment": [
					{ "time": 0, "name": null },
					{ "time": 0.4333, "name": null },
					{ "time": 0.4666, "name": "Yeren03_gj_0_07_" },
					{ "time": 0.5, "name": "Yeren03_gj_0_07_" },
					{ "time": 0.5333, "name": null }
				]
			},
			"Yeren03_gj_0_08_": {
				"attachment": [
					{ "time": 0, "name": null },
					{ "time": 0.5, "name": null },
					{ "time": 0.5333, "name": "Yeren03_gj_0_08_" },
					{ "time": 0.5666, "name": "Yeren03_gj_0_08_" },
					{ "time": 0.6, "name": null }
				]
			},
			"Yeren03_gj_0_09_": {
				"attachment": [
					{ "time": 0, "name": null },
					{ "time": 0.5666, "name": null },
					{ "time": 0.6, "name": "Yeren03_gj_0_09_" },
					{ "time": 0.6333, "name": "Yeren03_gj_0_09_" },
					{ "time": 0.6666, "name": null }
				]
			},
			"Yeren03_gj_0_10_": {
				"attachment": [
					{ "time": 0, "name": null },
					{ "time": 0.6333, "name": null },
					{ "time": 0.6666, "name": "Yeren03_gj_0_10_" },
					{ "time": 0.7, "name": "Yeren03_gj_0_10_" },
					{ "time": 0.7333, "name": null }
				]
			},
			"Yeren03_gj_0_11_": {
				"attachment": [
					{ "time": 0, "name": null },
					{ "time": 0.7, "name": null },
					{ "time": 0.7333, "name": "Yeren03_gj_0_11_" },
					{ "time": 0.7666, "name": "Yeren03_gj_0_11_" },
					{ "time": 0.8, "name": null }
				]
			},
			"Yeren03_gj_0_12_": {
				"attachment": [
					{ "time": 0, "name": null },
					{ "time": 0.7666, "name": null },
					{ "time": 0.8, "name": "Yeren03_gj_0_12_" },
					{ "time": 0.8333, "name": "Yeren03_gj_0_12_" },
					{ "time": 0.8666, "name": null }
				]
			},
			"Yeren03_gj_0_13_": {
				"attachment": [
					{ "time": 0, "name": null },
					{ "time": 0.8333, "name": null },
					{ "time": 0.8666, "name": "Yeren03_gj_0_13_" },
					{ "time": 0.9, "name": "Yeren03_gj_0_13_" },
					{ "time": 0.9333, "name": null }
				]
			},
			"Yeren03_gj_0_14_": {
				"attachment": [
					{ "time": 0, "name": null },
					{ "time": 0.9, "name": null },
					{ "time": 0.9333, "name": "Yeren03_gj_0_14_" },
					{ "time": 0.9666, "name": "Yeren03_gj_0_14_" },
					{ "time": 1, "name": null }
				]
			},
			"Yeren03_gj_0_15_": {
				"attachment": [
					{ "time": 0, "name": null },
					{ "time": 0.9666, "name": null },
					{ "time": 1, "name": "Yeren03_gj_0_15_" },
					{ "time": 1.0333, "name": "Yeren03_gj_0_15_" },
					{ "time": 1.0666, "name": null }
				]
			},
			"Yeren03_gj_0_16_": {
				"attachment": [
					{ "time": 0, "name": null },
					{ "time": 1.0333, "name": null },
					{ "time": 1.0666, "name": "Yeren03_gj_0_16_" },
					{ "time": 1.1, "name": "Yeren03_gj_0_16_" },
					{ "time": 1.1333, "name": null }
				]
			},
			"Yeren03_gj_0_17_": {
				"attachment": [
					{ "time": 0, "name": null },
					{ "time": 1.1, "name": null },
					{ "time": 1.1333, "name": "Yeren03_gj_0_17_" },
					{ "time": 1.1666, "name": "Yeren03_gj_0_17_" },
					{ "time": 1.2, "name": null }
				]
			},
			"Yeren03_gj_0_18_": {
				"attachment": [
					{ "time": 0, "name": null },
					{ "time": 1.1666, "name": null },
					{ "time": 1.2, "name": "Yeren03_gj_0_18_" },
					{ "time": 1.2333, "name": "Yeren03_gj_0_18_" },
					{ "time": 1.2666, "name": null }
				]
			},
			"Yeren03_gj_0_19_": {
				"attachment": [
					{ "time": 0, "name": null },
					{ "time": 1.2333, "name": null },
					{ "time": 1.2666, "name": "Yeren03_gj_0_19_" },
					{ "time": 1.3, "name": "Yeren03_gj_0_19_" },
					{ "time": 1.3333, "name": null }
				]
			},
			"Yeren03_gj_0_20_": {
				"attachment": [
					{ "time": 0, "name": null },
					{ "time": 1.3, "name": null },
					{ "time": 1.3333, "name": "Yeren03_gj_0_20_" },
					{ "time": 1.3666, "name": "Yeren03_gj_0_20_" },
					{ "time": 1.4, "name": null }
				]
			}
		}
	},
	"walk": {
		"slots": {
			"Yeren03_xz_0_00_": {
				"attachment": [
					{ "time": 0, "name": "Yeren03_xz_0_00_" },
					{ "time": 0.0333, "name": "Yeren03_xz_0_00_" },
					{ "time": 0.0666, "name": null }
				]
			},
			"Yeren03_xz_0_01_": {
				"attachment": [
					{ "time": 0, "name": null },
					{ "time": 0.0333, "name": null },
					{ "time": 0.0666, "name": "Yeren03_xz_0_01_" },
					{ "time": 0.1, "name": "Yeren03_xz_0_01_" },
					{ "time": 0.1333, "name": null }
				]
			},
			"Yeren03_xz_0_02_": {
				"attachment": [
					{ "time": 0, "name": null },
					{ "time": 0.1, "name": null },
					{ "time": 0.1333, "name": "Yeren03_xz_0_02_" },
					{ "time": 0.1666, "name": "Yeren03_xz_0_02_" },
					{ "time": 0.2, "name": null }
				]
			},
			"Yeren03_xz_0_03_": {
				"attachment": [
					{ "time": 0, "name": null },
					{ "time": 0.1666, "name": null },
					{ "time": 0.2, "name": "Yeren03_xz_0_03_" },
					{ "time": 0.2333, "name": "Yeren03_xz_0_03_" },
					{ "time": 0.2666, "name": null }
				]
			},
			"Yeren03_xz_0_04_": {
				"attachment": [
					{ "time": 0, "name": null },
					{ "time": 0.2333, "name": null },
					{ "time": 0.2666, "name": "Yeren03_xz_0_04_" },
					{ "time": 0.3, "name": "Yeren03_xz_0_04_" },
					{ "time": 0.3333, "name": null }
				]
			},
			"Yeren03_xz_0_05_": {
				"attachment": [
					{ "time": 0, "name": null },
					{ "time": 0.3, "name": null },
					{ "time": 0.3333, "name": "Yeren03_xz_0_05_" },
					{ "time": 0.3666, "name": "Yeren03_xz_0_05_" },
					{ "time": 0.4, "name": null }
				]
			},
			"Yeren03_xz_0_06_": {
				"attachment": [
					{ "time": 0, "name": null },
					{ "time": 0.3666, "name": null },
					{ "time": 0.4, "name": "Yeren03_xz_0_06_" },
					{ "time": 0.4333, "name": "Yeren03_xz_0_06_" },
					{ "time": 0.4666, "name": null }
				]
			},
			"Yeren03_xz_0_07_": {
				"attachment": [
					{ "time": 0, "name": null },
					{ "time": 0.4333, "name": null },
					{ "time": 0.4666, "name": "Yeren03_xz_0_07_" },
					{ "time": 0.5, "name": "Yeren03_xz_0_07_" },
					{ "time": 0.5333, "name": null }
				]
			},
			"Yeren03_xz_0_08_": {
				"attachment": [
					{ "time": 0, "name": null },
					{ "time": 0.5, "name": null },
					{ "time": 0.5333, "name": "Yeren03_xz_0_08_" },
					{ "time": 0.5666, "name": "Yeren03_xz_0_08_" },
					{ "time": 0.6, "name": null }
				]
			},
			"Yeren03_xz_0_09_": {
				"attachment": [
					{ "time": 0, "name": null },
					{ "time": 0.5666, "name": null },
					{ "time": 0.6, "name": "Yeren03_xz_0_09_" },
					{ "time": 0.6333, "name": "Yeren03_xz_0_09_" },
					{ "time": 0.6666, "name": null }
				]
			},
			"Yeren03_xz_0_10_": {
				"attachment": [
					{ "time": 0, "name": null },
					{ "time": 0.6333, "name": null },
					{ "time": 0.6666, "name": "Yeren03_xz_0_10_" },
					{ "time": 0.7, "name": "Yeren03_xz_0_10_" },
					{ "time": 0.7333, "name": null }
				]
			},
			"Yeren03_xz_0_11_": {
				"attachment": [
					{ "time": 0, "name": null },
					{ "time": 0.7, "name": null },
					{ "time": 0.7333, "name": "Yeren03_xz_0_11_" },
					{ "time": 0.7666, "name": "Yeren03_xz_0_11_" },
					{ "time": 0.8, "name": null }
				]
			}
		}
	}
}
}