{
"skeleton": { "hash": "/JTqJwzv158gw2oQmO1wlkKYvmk", "spine": "3.7.94", "width": 0, "height": 0, "images": "./images/", "audio": "" },
"bones": [
	{ "name": "root", "scaleX": 0.8, "scaleY": 0.8 },
	{ "name": "doaguang_", "parent": "root", "scaleX": 2.5, "scaleY": 2.5 },
	{ "name": "gj_smoke", "parent": "root", "scaleX": 2.5, "scaleY": 2.5 },
	{ "name": "gj_shadow_", "parent": "root", "scaleX": 5, "scaleY": 5 },
	{ "name": "gj_lizi_", "parent": "root", "scaleX": 1.95, "scaleY": 1.95 },
	{ "name": "gj_daoren_", "parent": "root", "scaleX": 1.56, "scaleY": 1.56 },
	{ "name": "gj_body", "parent": "root", "scaleX": 1.389, "scaleY": 1.39 },
	{ "name": "gj_lizi_2", "parent": "root", "scaleX": 1.95, "scaleY": 1.95 }
],
"slots": [
	{ "name": "gj_shadow_", "bone": "gj_shadow_" },
	{ "name": "gj_lizi_2", "bone": "gj_lizi_2" },
	{ "name": "gj_body", "bone": "gj_body" },
	{ "name": "gj_smoke", "bone": "gj_smoke" },
	{ "name": "gj_lizi_", "bone": "gj_lizi_" },
	{ "name": "gj_daoren_", "bone": "gj_daoren_" },
	{ "name": "doaguang_", "bone": "doaguang_" }
],
"skins": {
	"default": {
		"doaguang_": {
			"doaguang_016_": { "width": 400, "height": 400 },
			"doaguang_018_": { "width": 400, "height": 400 },
			"doaguang_020_": { "width": 400, "height": 400 },
			"doaguang_022_": { "width": 400, "height": 400 },
			"doaguang_024_": { "width": 400, "height": 400 },
			"doaguang_026_": { "width": 400, "height": 400 },
			"doaguang_028_": { "width": 400, "height": 400 },
			"doaguang_030_": { "width": 400, "height": 400 },
			"doaguang_032_": { "width": 400, "height": 400 },
			"doaguang_034_": { "width": 400, "height": 400 },
			"doaguang_036_": { "width": 400, "height": 400 },
			"doaguang_038_": { "width": 400, "height": 400 },
			"doaguang_042_": { "width": 400, "height": 400 }
		},
		"gj_daoren_": {
			"gj_daoren_000_": { "width": 640, "height": 640 },
			"gj_daoren_003_": { "width": 640, "height": 640 },
			"gj_daoren_006_": { "width": 640, "height": 640 },
			"gj_daoren_009_": { "width": 640, "height": 640 },
			"gj_daoren_012_": { "width": 640, "height": 640 },
			"gj_daoren_015_": { "width": 640, "height": 640 },
			"gj_daoren_018_": { "width": 640, "height": 640 },
			"gj_daoren_021_": { "width": 640, "height": 640 },
			"gj_daoren_024_": { "width": 640, "height": 640 },
			"gj_daoren_027_": { "width": 640, "height": 640 },
			"gj_daoren_030_": { "width": 640, "height": 640 },
			"gj_daoren_033_": { "width": 640, "height": 640 },
			"gj_daoren_036_": { "width": 640, "height": 640 },
			"gj_daoren_039_": { "width": 640, "height": 640 },
			"gj_daoren_042_": { "width": 640, "height": 640 },
			"gj_daoren_045_": { "width": 640, "height": 640 }
		},
		"gj_lizi_": {
			"gj_lizi_000_": { "width": 307, "height": 154 },
			"gj_lizi_002_": { "width": 307, "height": 154 },
			"gj_lizi_004_": { "width": 307, "height": 154 },
			"gj_lizi_006_": { "width": 307, "height": 154 },
			"gj_lizi_008_": { "width": 307, "height": 154 },
			"gj_lizi_010_": { "width": 307, "height": 154 },
			"gj_lizi_012_": { "width": 307, "height": 154 },
			"gj_lizi_014_": { "width": 307, "height": 154 },
			"gj_lizi_016_": { "width": 307, "height": 154 },
			"gj_lizi_018_": { "width": 307, "height": 154 },
			"gj_lizi_020_": { "width": 307, "height": 154 },
			"gj_lizi_022_": { "width": 307, "height": 154 },
			"gj_lizi_024_": { "width": 307, "height": 154 },
			"gj_lizi_026_": { "width": 307, "height": 154 },
			"gj_lizi_028_": { "width": 307, "height": 154 },
			"gj_lizi_030_": { "width": 307, "height": 154 },
			"gj_lizi_032_": { "width": 307, "height": 154 },
			"gj_lizi_034_": { "width": 307, "height": 154 },
			"gj_lizi_036_": { "width": 307, "height": 154 },
			"gj_lizi_038_": { "width": 307, "height": 154 },
			"gj_lizi_040_": { "width": 307, "height": 154 },
			"gj_lizi_042_": { "width": 307, "height": 154 },
			"gj_lizi_044_": { "width": 307, "height": 154 },
			"gj_lizi_046_": { "width": 307, "height": 154 }
		},
		"gj_lizi_2": {
			"gj_lizi_000_": { "width": 307, "height": 154 },
			"gj_lizi_002_": { "width": 307, "height": 154 },
			"gj_lizi_004_": { "width": 307, "height": 154 },
			"gj_lizi_006_": { "width": 307, "height": 154 },
			"gj_lizi_008_": { "width": 307, "height": 154 },
			"gj_lizi_010_": { "width": 307, "height": 154 },
			"gj_lizi_012_": { "width": 307, "height": 154 },
			"gj_lizi_014_": { "width": 307, "height": 154 },
			"gj_lizi_016_": { "width": 307, "height": 154 },
			"gj_lizi_018_": { "width": 307, "height": 154 },
			"gj_lizi_020_": { "width": 307, "height": 154 },
			"gj_lizi_022_": { "width": 307, "height": 154 },
			"gj_lizi_024_": { "width": 307, "height": 154 },
			"gj_lizi_026_": { "width": 307, "height": 154 },
			"gj_lizi_028_": { "width": 307, "height": 154 },
			"gj_lizi_030_": { "width": 307, "height": 154 },
			"gj_lizi_032_": { "width": 307, "height": 154 },
			"gj_lizi_034_": { "width": 307, "height": 154 },
			"gj_lizi_036_": { "width": 307, "height": 154 },
			"gj_lizi_038_": { "width": 307, "height": 154 },
			"gj_lizi_040_": { "width": 307, "height": 154 },
			"gj_lizi_042_": { "width": 307, "height": 154 },
			"gj_lizi_044_": { "width": 307, "height": 154 },
			"gj_lizi_046_": { "width": 307, "height": 154 }
		}
	}
},
"animations": {
	"animation": {
		"slots": {
			"doaguang_": {
				"attachment": [
					{ "time": 0.5667, "name": "doaguang_016_" },
					{ "time": 0.6333, "name": "doaguang_018_" },
					{ "time": 0.7, "name": "doaguang_020_" },
					{ "time": 0.7667, "name": "doaguang_022_" },
					{ "time": 0.8333, "name": "doaguang_024_" },
					{ "time": 0.9, "name": "doaguang_026_" },
					{ "time": 0.9667, "name": "doaguang_028_" },
					{ "time": 1.0333, "name": "doaguang_030_" },
					{ "time": 1.1, "name": "doaguang_032_" },
					{ "time": 1.1667, "name": "doaguang_034_" },
					{ "time": 1.2333, "name": "doaguang_036_" },
					{ "time": 1.3, "name": "doaguang_038_" },
					{ "time": 1.3667, "name": "doaguang_042_" },
					{ "time": 1.4333, "name": null }
				]
			},
			"gj_body": {
				"attachment": [
					{ "time": 1.6, "name": null }
				]
			},
			"gj_daoren_": {
				"attachment": [
					{ "time": 0, "name": "gj_daoren_000_" },
					{ "time": 0.1, "name": "gj_daoren_003_" },
					{ "time": 0.2, "name": "gj_daoren_006_" },
					{ "time": 0.3, "name": "gj_daoren_009_" },
					{ "time": 0.4, "name": "gj_daoren_012_" },
					{ "time": 0.5, "name": "gj_daoren_015_" },
					{ "time": 0.6, "name": "gj_daoren_018_" },
					{ "time": 0.7, "name": "gj_daoren_021_" },
					{ "time": 0.8, "name": "gj_daoren_024_" },
					{ "time": 0.9, "name": "gj_daoren_027_" },
					{ "time": 1, "name": "gj_daoren_030_" },
					{ "time": 1.1, "name": "gj_daoren_033_" },
					{ "time": 1.2, "name": "gj_daoren_036_" },
					{ "time": 1.3, "name": "gj_daoren_039_" },
					{ "time": 1.4, "name": "gj_daoren_042_" },
					{ "time": 1.5, "name": "gj_daoren_045_" },
					{ "time": 1.6, "name": null }
				]
			},
			"gj_lizi_": {
				"attachment": [
					{ "time": 0, "name": "gj_lizi_000_" },
					{ "time": 0.0667, "name": "gj_lizi_002_" },
					{ "time": 0.1333, "name": "gj_lizi_004_" },
					{ "time": 0.2, "name": "gj_lizi_006_" },
					{ "time": 0.2667, "name": "gj_lizi_008_" },
					{ "time": 0.3333, "name": "gj_lizi_010_" },
					{ "time": 0.4, "name": "gj_lizi_012_" },
					{ "time": 0.4667, "name": "gj_lizi_014_" },
					{ "time": 0.5333, "name": "gj_lizi_016_" },
					{ "time": 0.6, "name": "gj_lizi_018_" },
					{ "time": 0.6667, "name": "gj_lizi_020_" },
					{ "time": 0.7333, "name": "gj_lizi_022_" },
					{ "time": 0.8, "name": "gj_lizi_024_" },
					{ "time": 0.8667, "name": "gj_lizi_026_" },
					{ "time": 0.9333, "name": "gj_lizi_028_" },
					{ "time": 1, "name": "gj_lizi_030_" },
					{ "time": 1.0667, "name": "gj_lizi_032_" },
					{ "time": 1.1333, "name": "gj_lizi_034_" },
					{ "time": 1.2, "name": "gj_lizi_036_" },
					{ "time": 1.2667, "name": "gj_lizi_038_" },
					{ "time": 1.3333, "name": "gj_lizi_040_" },
					{ "time": 1.4, "name": "gj_lizi_042_" },
					{ "time": 1.4667, "name": "gj_lizi_044_" },
					{ "time": 1.5333, "name": "gj_lizi_046_" },
					{ "time": 1.6, "name": null }
				]
			},
			"gj_lizi_2": {
				"attachment": [
					{ "time": 0, "name": "gj_lizi_030_" },
					{ "time": 0.0667, "name": "gj_lizi_002_" },
					{ "time": 0.1333, "name": "gj_lizi_004_" },
					{ "time": 0.2, "name": "gj_lizi_006_" },
					{ "time": 0.2667, "name": "gj_lizi_008_" },
					{ "time": 0.3333, "name": "gj_lizi_010_" },
					{ "time": 0.4, "name": "gj_lizi_012_" },
					{ "time": 0.4667, "name": "gj_lizi_014_" },
					{ "time": 0.5333, "name": "gj_lizi_016_" },
					{ "time": 0.6, "name": "gj_lizi_018_" },
					{ "time": 0.6667, "name": "gj_lizi_020_" },
					{ "time": 0.7333, "name": "gj_lizi_022_" },
					{ "time": 0.8, "name": "gj_lizi_024_" },
					{ "time": 0.8667, "name": "gj_lizi_026_" },
					{ "time": 0.9333, "name": "gj_lizi_028_" },
					{ "time": 1, "name": "gj_lizi_030_" },
					{ "time": 1.0667, "name": "gj_lizi_032_" },
					{ "time": 1.1333, "name": "gj_lizi_034_" },
					{ "time": 1.2, "name": "gj_lizi_036_" },
					{ "time": 1.2667, "name": "gj_lizi_038_" },
					{ "time": 1.3333, "name": "gj_lizi_040_" },
					{ "time": 1.4, "name": "gj_lizi_042_" },
					{ "time": 1.4667, "name": "gj_lizi_044_" },
					{ "time": 1.5333, "name": "gj_lizi_046_" },
					{ "time": 1.6, "name": null }
				]
			},
			"gj_shadow_": {
				"attachment": [
					{ "time": 1.6, "name": null }
				]
			},
			"gj_smoke": {
				"attachment": [
					{ "time": 1.6, "name": null }
				]
			}
		},
		"bones": {
			"gj_lizi_": {
				"rotate": [
					{ "time": 0, "angle": -45 }
				],
				"translate": [
					{ "time": 0, "x": -123.98, "y": -114.91 }
				]
			},
			"gj_shadow_": {
				"translate": [
					{ "time": 0, "x": -40, "y": -50 }
				]
			},
			"gj_lizi_2": {
				"rotate": [
					{ "time": 0, "angle": -45 }
				],
				"translate": [
					{ "time": 0, "x": 105.84, "y": 102.82 }
				],
				"scale": [
					{ "time": 0, "x": 0.864, "y": 0.864 }
				]
			}
		}
	}
}
}