{
"skeleton": { "hash": "Brkxw2L8GSWUWmVv+Xfzeey7FIg", "spine": "3.7.94", "width": 758.75, "height": 641.25, "images": "", "audio": "" },
"bones": [
	{ "name": "root" },
	{ "name": "bone", "parent": "root", "x": -8.82, "y": 98.53 },
	{ "name": "bone2", "parent": "bone", "x": 75.74, "y": -57.62 }
],
"slots": [
	{ "name": "gj_a00_", "bone": "bone", "attachment": "gj_a00_" },
	{ "name": "gj_b00_", "bone": "bone" },
	{ "name": "gj_c00_", "bone": "bone" },
	{ "name": "gj_d00_", "bone": "bone" }
],
"skins": {
	"default": {
		"gj_a00_": {
			"gj_a00_": { "x": 59.78, "y": -2.45, "scaleX": 1.25, "scaleY": 1.25, "width": 607, "height": 513 },
			"gj_a01_": { "x": 59.78, "y": -2.45, "scaleX": 1.25, "scaleY": 1.25, "width": 607, "height": 513 },
			"gj_a02_": { "x": 59.78, "y": -2.45, "scaleX": 1.25, "scaleY": 1.25, "width": 607, "height": 513 },
			"gj_a03_": { "x": 59.78, "y": -2.45, "scaleX": 1.25, "scaleY": 1.25, "width": 607, "height": 513 },
			"gj_a04_": { "x": 59.78, "y": -2.45, "scaleX": 1.25, "scaleY": 1.25, "width": 607, "height": 513 },
			"gj_a05_": { "x": 59.78, "y": -2.45, "scaleX": 1.25, "scaleY": 1.25, "width": 607, "height": 513 },
			"gj_a06_": { "x": 59.78, "y": -2.45, "scaleX": 1.25, "scaleY": 1.25, "width": 607, "height": 513 },
			"gj_a07_": { "x": 59.78, "y": -2.45, "scaleX": 1.25, "scaleY": 1.25, "width": 607, "height": 513 },
			"gj_a08_": { "x": 59.78, "y": -2.45, "scaleX": 1.25, "scaleY": 1.25, "width": 607, "height": 513 },
			"gj_a09_": { "x": 59.78, "y": -2.45, "scaleX": 1.25, "scaleY": 1.25, "width": 607, "height": 513 },
			"gj_a10_": { "x": 59.78, "y": -2.45, "scaleX": 1.25, "scaleY": 1.25, "width": 607, "height": 513 },
			"gj_a11_": { "x": 59.78, "y": -2.45, "scaleX": 1.25, "scaleY": 1.25, "width": 607, "height": 513 },
			"gj_a12_": { "x": 59.78, "y": -2.45, "scaleX": 1.25, "scaleY": 1.25, "width": 607, "height": 513 },
			"gj_a13_": { "x": 59.78, "y": -2.45, "scaleX": 1.25, "scaleY": 1.25, "width": 607, "height": 513 },
			"gj_a14_": { "x": 59.78, "y": -2.45, "scaleX": 1.25, "scaleY": 1.25, "width": 607, "height": 513 },
			"gj_a15_": { "x": 59.78, "y": -2.45, "scaleX": 1.25, "scaleY": 1.25, "width": 607, "height": 513 },
			"gj_a16_": { "x": 59.78, "y": -2.45, "scaleX": 1.25, "scaleY": 1.25, "width": 607, "height": 513 },
			"gj_a17_": { "x": 59.78, "y": -2.45, "scaleX": 1.25, "scaleY": 1.25, "width": 607, "height": 513 },
			"gj_a18_": { "x": 59.78, "y": -2.45, "scaleX": 1.25, "scaleY": 1.25, "width": 607, "height": 513 },
			"gj_a19_": { "x": 59.78, "y": -2.45, "scaleX": 1.25, "scaleY": 1.25, "width": 607, "height": 513 },
			"gj_a20_": { "x": 59.78, "y": -2.45, "scaleX": 1.25, "scaleY": 1.25, "width": 607, "height": 513 },
			"gj_a21_": { "x": 59.78, "y": -2.45, "scaleX": 1.25, "scaleY": 1.25, "width": 607, "height": 513 },
			"gj_a22_": { "x": 59.78, "y": -2.45, "scaleX": 1.25, "scaleY": 1.25, "width": 607, "height": 513 },
			"gj_a23_": { "x": 59.78, "y": -2.45, "scaleX": 1.25, "scaleY": 1.25, "width": 607, "height": 513 },
			"gj_a24_": { "x": 59.78, "y": -2.45, "scaleX": 1.25, "scaleY": 1.25, "width": 607, "height": 513 },
			"gj_a25_": { "x": 59.78, "y": -2.45, "scaleX": 1.25, "scaleY": 1.25, "width": 607, "height": 513 }
		},
		"gj_b00_": {
			"gj_b03_": { "x": 59.16, "y": -2.45, "scaleX": 1.25, "scaleY": 1.25, "width": 607, "height": 513 },
			"gj_b04_": { "x": 59.16, "y": -2.45, "scaleX": 1.25, "scaleY": 1.25, "width": 607, "height": 513 },
			"gj_b05_": { "x": 59.16, "y": -2.45, "scaleX": 1.25, "scaleY": 1.25, "width": 607, "height": 513 },
			"gj_b06_": { "x": 59.16, "y": -2.45, "scaleX": 1.25, "scaleY": 1.25, "width": 607, "height": 513 },
			"gj_b07_": { "x": 59.16, "y": -2.45, "scaleX": 1.25, "scaleY": 1.25, "width": 607, "height": 513 },
			"gj_b08_": { "x": 59.16, "y": -2.45, "scaleX": 1.25, "scaleY": 1.25, "width": 607, "height": 513 },
			"gj_b09_": { "x": 59.16, "y": -2.45, "scaleX": 1.25, "scaleY": 1.25, "width": 607, "height": 513 },
			"gj_b10_": { "x": 59.16, "y": -2.45, "scaleX": 1.25, "scaleY": 1.25, "width": 607, "height": 513 },
			"gj_b11_": { "x": 59.16, "y": -2.45, "scaleX": 1.25, "scaleY": 1.25, "width": 607, "height": 513 },
			"gj_b12_": { "x": 59.16, "y": -2.45, "scaleX": 1.25, "scaleY": 1.25, "width": 607, "height": 513 },
			"gj_b13_": { "x": 59.16, "y": -2.45, "scaleX": 1.25, "scaleY": 1.25, "width": 607, "height": 513 },
			"gj_b14_": { "x": 59.16, "y": -2.45, "scaleX": 1.25, "scaleY": 1.25, "width": 607, "height": 513 },
			"gj_b15_": { "x": 59.16, "y": -2.45, "scaleX": 1.25, "scaleY": 1.25, "width": 607, "height": 513 },
			"gj_b16_": { "x": 59.16, "y": -2.45, "scaleX": 1.25, "scaleY": 1.25, "width": 607, "height": 513 },
			"gj_b17_": { "x": 59.16, "y": -2.45, "scaleX": 1.25, "scaleY": 1.25, "width": 607, "height": 513 },
			"gj_b18_": { "x": 59.16, "y": -2.45, "scaleX": 1.25, "scaleY": 1.25, "width": 607, "height": 513 },
			"gj_b19_": { "x": 59.16, "y": -2.45, "scaleX": 1.25, "scaleY": 1.25, "width": 607, "height": 513 },
			"gj_b20_": { "x": 59.16, "y": -2.45, "scaleX": 1.25, "scaleY": 1.25, "width": 607, "height": 513 },
			"gj_b21_": { "x": 59.16, "y": -2.45, "scaleX": 1.25, "scaleY": 1.25, "width": 607, "height": 513 },
			"gj_b22_": { "x": 59.16, "y": -2.45, "scaleX": 1.25, "scaleY": 1.25, "width": 607, "height": 513 },
			"gj_b23_": { "x": 59.16, "y": -2.45, "scaleX": 1.25, "scaleY": 1.25, "width": 607, "height": 513 }
		},
		"gj_c00_": {
			"gj_c04_": { "x": 59.78, "y": -1.95, "scaleX": 1.25, "scaleY": 1.25, "width": 607, "height": 513 },
			"gj_c05_": { "x": 59.78, "y": -1.95, "scaleX": 1.25, "scaleY": 1.25, "width": 607, "height": 513 },
			"gj_c06_": { "x": 59.78, "y": -1.95, "scaleX": 1.25, "scaleY": 1.25, "width": 607, "height": 513 },
			"gj_c07_": { "x": 59.78, "y": -1.95, "scaleX": 1.25, "scaleY": 1.25, "width": 607, "height": 513 },
			"gj_c08_": { "x": 59.78, "y": -1.95, "scaleX": 1.25, "scaleY": 1.25, "width": 607, "height": 513 },
			"gj_c09_": { "x": 59.78, "y": -1.95, "scaleX": 1.25, "scaleY": 1.25, "width": 607, "height": 513 },
			"gj_c10_": { "x": 59.78, "y": -1.95, "scaleX": 1.25, "scaleY": 1.25, "width": 607, "height": 513 },
			"gj_c11_": { "x": 59.78, "y": -1.95, "scaleX": 1.25, "scaleY": 1.25, "width": 607, "height": 513 },
			"gj_c12_": { "x": 59.78, "y": -1.95, "scaleX": 1.25, "scaleY": 1.25, "width": 607, "height": 513 },
			"gj_c13_": { "x": 59.78, "y": -1.95, "scaleX": 1.25, "scaleY": 1.25, "width": 607, "height": 513 },
			"gj_c14_": { "x": 59.78, "y": -1.95, "scaleX": 1.25, "scaleY": 1.25, "width": 607, "height": 513 },
			"gj_c15_": { "x": 59.78, "y": -1.95, "scaleX": 1.25, "scaleY": 1.25, "width": 607, "height": 513 },
			"gj_c16_": { "x": 59.78, "y": -1.95, "scaleX": 1.25, "scaleY": 1.25, "width": 607, "height": 513 },
			"gj_c17_": { "x": 59.78, "y": -1.95, "scaleX": 1.25, "scaleY": 1.25, "width": 607, "height": 513 },
			"gj_c18_": { "x": 59.78, "y": -1.95, "scaleX": 1.25, "scaleY": 1.25, "width": 607, "height": 513 },
			"gj_c19_": { "x": 59.78, "y": -1.95, "scaleX": 1.25, "scaleY": 1.25, "width": 607, "height": 513 },
			"gj_c20_": { "x": 59.78, "y": -1.95, "scaleX": 1.25, "scaleY": 1.25, "width": 607, "height": 513 },
			"gj_c21_": { "x": 59.78, "y": -1.95, "scaleX": 1.25, "scaleY": 1.25, "width": 607, "height": 513 }
		},
		"gj_d00_": {
			"gj_d05_": { "x": 59.78, "y": -2.45, "scaleX": 1.25, "scaleY": 1.25, "width": 607, "height": 513 },
			"gj_d06_": { "x": 59.78, "y": -2.45, "scaleX": 1.25, "scaleY": 1.25, "width": 607, "height": 513 },
			"gj_d07_": { "x": 59.78, "y": -2.45, "scaleX": 1.25, "scaleY": 1.25, "width": 607, "height": 513 },
			"gj_d08_": { "x": 59.78, "y": -2.45, "scaleX": 1.25, "scaleY": 1.25, "width": 607, "height": 513 },
			"gj_d09_": { "x": 59.78, "y": -2.45, "scaleX": 1.25, "scaleY": 1.25, "width": 607, "height": 513 },
			"gj_d10_": { "x": 59.78, "y": -2.45, "scaleX": 1.25, "scaleY": 1.25, "width": 607, "height": 513 },
			"gj_d11_": { "x": 59.78, "y": -2.45, "scaleX": 1.25, "scaleY": 1.25, "width": 607, "height": 513 },
			"gj_d12_": { "x": 59.78, "y": -2.45, "scaleX": 1.25, "scaleY": 1.25, "width": 607, "height": 513 }
		}
	}
},
"animations": {
	"gj": {
		"slots": {
			"gj_a00_": {
				"attachment": [
					{ "time": 0, "name": "gj_a00_" },
					{ "time": 0.0667, "name": "gj_a01_" },
					{ "time": 0.1333, "name": "gj_a02_" },
					{ "time": 0.2, "name": "gj_a03_" },
					{ "time": 0.2667, "name": "gj_a04_" },
					{ "time": 0.3333, "name": "gj_a05_" },
					{ "time": 0.4, "name": "gj_a06_" },
					{ "time": 0.4667, "name": "gj_a07_" },
					{ "time": 0.5333, "name": "gj_a08_" },
					{ "time": 0.6, "name": "gj_a09_" },
					{ "time": 0.6667, "name": "gj_a10_" },
					{ "time": 0.7333, "name": "gj_a11_" },
					{ "time": 0.8, "name": "gj_a12_" },
					{ "time": 0.8667, "name": "gj_a13_" },
					{ "time": 0.9333, "name": "gj_a14_" },
					{ "time": 1.0333, "name": "gj_a15_" },
					{ "time": 1.1, "name": "gj_a16_" },
					{ "time": 1.1667, "name": "gj_a17_" },
					{ "time": 1.2333, "name": "gj_a18_" },
					{ "time": 1.3, "name": "gj_a19_" },
					{ "time": 1.3667, "name": "gj_a20_" },
					{ "time": 1.4667, "name": "gj_a21_" },
					{ "time": 1.5333, "name": "gj_a22_" },
					{ "time": 1.6, "name": "gj_a23_" },
					{ "time": 1.6667, "name": "gj_a24_" },
					{ "time": 1.7333, "name": "gj_a25_" },
					{ "time": 1.8, "name": "gj_a00_" }
				]
			},
			"gj_b00_": {
				"attachment": [
					{ "time": 0, "name": null },
					{ "time": 0.2, "name": "gj_b03_" },
					{ "time": 0.2667, "name": "gj_b04_" },
					{ "time": 0.3333, "name": "gj_b05_" },
					{ "time": 0.4, "name": "gj_b06_" },
					{ "time": 0.4667, "name": "gj_b07_" },
					{ "time": 0.5333, "name": "gj_b08_" },
					{ "time": 0.6, "name": "gj_b09_" },
					{ "time": 0.6667, "name": "gj_b10_" },
					{ "time": 0.7333, "name": "gj_b11_" },
					{ "time": 0.8, "name": "gj_b12_" },
					{ "time": 0.8667, "name": "gj_b13_" },
					{ "time": 0.9333, "name": "gj_b14_" },
					{ "time": 1.0333, "name": "gj_b15_" },
					{ "time": 1.1, "name": "gj_b16_" },
					{ "time": 1.1667, "name": "gj_b17_" },
					{ "time": 1.2333, "name": "gj_b18_" },
					{ "time": 1.3, "name": "gj_b19_" },
					{ "time": 1.3667, "name": "gj_b20_" },
					{ "time": 1.4667, "name": "gj_b21_" },
					{ "time": 1.5333, "name": "gj_b22_" },
					{ "time": 1.6, "name": "gj_b23_" },
					{ "time": 1.8, "name": null }
				]
			},
			"gj_c00_": {
				"attachment": [
					{ "time": 0, "name": null },
					{ "time": 0.2667, "name": "gj_c04_" },
					{ "time": 0.3333, "name": "gj_c05_" },
					{ "time": 0.4, "name": "gj_c06_" },
					{ "time": 0.4667, "name": "gj_c07_" },
					{ "time": 0.5333, "name": "gj_c08_" },
					{ "time": 0.6, "name": "gj_c09_" },
					{ "time": 0.6667, "name": "gj_c10_" },
					{ "time": 0.7333, "name": "gj_c11_" },
					{ "time": 0.8, "name": "gj_c12_" },
					{ "time": 0.8667, "name": "gj_c13_" },
					{ "time": 0.9333, "name": "gj_c14_" },
					{ "time": 1.0333, "name": "gj_c15_" },
					{ "time": 1.1, "name": "gj_c16_" },
					{ "time": 1.1667, "name": "gj_c17_" },
					{ "time": 1.2333, "name": "gj_c18_" },
					{ "time": 1.3, "name": "gj_c19_" },
					{ "time": 1.3667, "name": "gj_c20_" },
					{ "time": 1.4667, "name": "gj_c21_" },
					{ "time": 1.8, "name": null }
				]
			},
			"gj_d00_": {
				"attachment": [
					{ "time": 0, "name": null },
					{ "time": 0.3333, "name": "gj_d05_" },
					{ "time": 0.4, "name": "gj_d06_" },
					{ "time": 0.4667, "name": "gj_d07_" },
					{ "time": 0.5333, "name": "gj_d08_" },
					{ "time": 0.6, "name": "gj_d09_" },
					{ "time": 0.6667, "name": "gj_d10_" },
					{ "time": 0.7333, "name": "gj_d11_" },
					{ "time": 0.8, "name": "gj_d12_" },
					{ "time": 1.8, "name": null }
				]
			}
		}
	}
}
}