{
"skeleton": { "hash": "pJD77BlDw+/EiSXVFFrDnDslzJs", "spine": "3.7.94", "width": 0, "height": 0, "images": "./images/", "audio": "F:/COK项目/Spine工程/翅膀—圣洁冰玉情人节" },
"bones": [
	{ "name": "root" },
	{ "name": "wings_sg", "parent": "root", "scaleX": 1.25, "scaleY": 1.25 },
	{ "name": "wing_L", "parent": "wings_sg" },
	{ "name": "wing_R", "parent": "wings_sg" },
	{ "name": "wings_sg2", "parent": "root", "scaleX": -1.25, "scaleY": 1.25 },
	{ "name": "wing_L2", "parent": "wings_sg2" },
	{ "name": "wing_R2", "parent": "wings_sg2" },
	{ "name": "heart_", "parent": "root", "scaleX": 1.3, "scaleY": 1.3 },
	{ "name": "骨骼2", "parent": "root" },
	{ "name": "heart_2", "parent": "root", "rotation": 147, "scaleX": -1.3, "scaleY": 1.3 }
],
"slots": [
	{ "name": "heart_", "bone": "heart_" },
	{ "name": "heart_2", "bone": "heart_2" },
	{ "name": "wing_R", "bone": "wing_R" },
	{ "name": "wing_R2", "bone": "wing_R2" },
	{ "name": "wing_L", "bone": "wing_L" },
	{ "name": "wing_L2", "bone": "wing_L2" }
],
"skins": {
	"default": {
		"heart_": {
			"heart_03_": { "y": 0.5, "width": 896, "height": 787 },
			"heart_06_": { "y": 0.5, "width": 896, "height": 787 },
			"heart_09_": { "y": 0.5, "width": 896, "height": 787 },
			"heart_12_": { "y": 0.5, "width": 896, "height": 787 },
			"heart_15_": { "y": 0.5, "width": 896, "height": 787 },
			"heart_18_": { "y": 0.5, "width": 896, "height": 787 },
			"heart_21_": { "y": 0.5, "width": 896, "height": 787 },
			"heart_24_": { "y": 0.5, "width": 896, "height": 787 },
			"heart_27_": { "y": 0.5, "width": 896, "height": 787 },
			"heart_30_": { "y": 0.5, "width": 896, "height": 787 },
			"heart_33_": { "y": 0.5, "width": 896, "height": 787 },
			"heart_36_": { "y": 0.5, "width": 896, "height": 787 },
			"heart_39_": { "y": 0.5, "width": 896, "height": 787 },
			"heart_42_": { "y": 0.5, "width": 896, "height": 787 },
			"heart_45_": { "y": 0.5, "width": 896, "height": 787 },
			"heart_48_": { "y": 0.5, "width": 896, "height": 787 },
			"heart_51_": { "y": 0.5, "width": 896, "height": 787 },
			"heart_54_": { "y": 0.5, "width": 896, "height": 787 },
			"heart_57_": { "y": 0.5, "width": 896, "height": 787 },
			"heart_60_": { "y": 0.5, "width": 896, "height": 787 }
		},
		"heart_2": {
			"heart_03_": { "y": 0.5, "width": 896, "height": 787 },
			"heart_06_": { "y": 0.5, "width": 896, "height": 787 },
			"heart_09_": { "y": 0.5, "width": 896, "height": 787 },
			"heart_12_": { "y": 0.5, "width": 896, "height": 787 },
			"heart_15_": { "y": 0.5, "width": 896, "height": 787 },
			"heart_18_": { "y": 0.5, "width": 896, "height": 787 },
			"heart_21_": { "y": 0.5, "width": 896, "height": 787 },
			"heart_24_": { "y": 0.5, "width": 896, "height": 787 },
			"heart_27_": { "y": 0.5, "width": 896, "height": 787 },
			"heart_30_": { "y": 0.5, "width": 896, "height": 787 },
			"heart_33_": { "y": 0.5, "width": 896, "height": 787 },
			"heart_36_": { "y": 0.5, "width": 896, "height": 787 },
			"heart_39_": { "y": 0.5, "width": 896, "height": 787 },
			"heart_42_": { "y": 0.5, "width": 896, "height": 787 },
			"heart_45_": { "y": 0.5, "width": 896, "height": 787 },
			"heart_48_": { "y": 0.5, "width": 896, "height": 787 },
			"heart_51_": { "y": 0.5, "width": 896, "height": 787 },
			"heart_54_": { "y": 0.5, "width": 896, "height": 787 },
			"heart_57_": { "y": 0.5, "width": 896, "height": 787 },
			"heart_60_": { "y": 0.5, "width": 896, "height": 787 }
		}
	}
},
"animations": {
	"animation": {
		"slots": {
			"heart_": {
				"attachment": [
					{ "time": 0, "name": "heart_03_" },
					{ "time": 0.1, "name": "heart_06_" },
					{ "time": 0.2, "name": "heart_09_" },
					{ "time": 0.3, "name": "heart_12_" },
					{ "time": 0.4, "name": "heart_15_" },
					{ "time": 0.5, "name": "heart_18_" },
					{ "time": 0.6, "name": "heart_21_" },
					{ "time": 0.7, "name": "heart_24_" },
					{ "time": 0.8, "name": "heart_27_" },
					{ "time": 0.9, "name": "heart_30_" },
					{ "time": 1, "name": "heart_33_" },
					{ "time": 1.1, "name": "heart_36_" },
					{ "time": 1.2, "name": "heart_39_" },
					{ "time": 1.3, "name": "heart_42_" },
					{ "time": 1.4, "name": "heart_45_" },
					{ "time": 1.5, "name": "heart_48_" },
					{ "time": 1.6, "name": "heart_51_" },
					{ "time": 1.7, "name": "heart_54_" },
					{ "time": 1.8, "name": "heart_57_" },
					{ "time": 1.9, "name": "heart_60_" },
					{ "time": 2, "name": null }
				]
			},
			"heart_2": {
				"attachment": [
					{ "time": 0, "name": "heart_03_" },
					{ "time": 0.1, "name": "heart_06_" },
					{ "time": 0.2, "name": "heart_09_" },
					{ "time": 0.3, "name": "heart_12_" },
					{ "time": 0.4, "name": "heart_15_" },
					{ "time": 0.5, "name": "heart_18_" },
					{ "time": 0.6, "name": "heart_21_" },
					{ "time": 0.7, "name": "heart_24_" },
					{ "time": 0.8, "name": "heart_27_" },
					{ "time": 0.9, "name": "heart_30_" },
					{ "time": 1, "name": "heart_33_" },
					{ "time": 1.1, "name": "heart_36_" },
					{ "time": 1.2, "name": "heart_39_" },
					{ "time": 1.3, "name": "heart_42_" },
					{ "time": 1.4, "name": "heart_45_" },
					{ "time": 1.5, "name": "heart_48_" },
					{ "time": 1.6, "name": "heart_51_" },
					{ "time": 1.7, "name": "heart_54_" },
					{ "time": 1.8, "name": "heart_57_" },
					{ "time": 1.9, "name": "heart_60_" },
					{ "time": 2, "name": null }
				]
			},
			"wing_L": {
				"attachment": [
					{ "time": 2, "name": null }
				]
			},
			"wing_L2": {
				"attachment": [
					{ "time": 2, "name": null }
				]
			},
			"wing_R": {
				"attachment": [
					{ "time": 2, "name": null }
				]
			},
			"wing_R2": {
				"attachment": [
					{ "time": 2, "name": null }
				]
			}
		},
		"bones": {
			"wings_sg": {
				"translate": [
					{ "time": 0, "x": -310, "y": 120 }
				]
			},
			"wing_L": {
				"translate": [
					{ "time": 0, "x": -200, "y": 0 }
				]
			},
			"wing_R": {
				"translate": [
					{ "time": 0, "x": 200, "y": 0 }
				]
			},
			"wing_L2": {
				"translate": [
					{ "time": 0, "x": -200, "y": 0 }
				]
			},
			"wing_R2": {
				"translate": [
					{ "time": 0, "x": 200, "y": 0 }
				]
			},
			"wings_sg2": {
				"translate": [
					{ "time": 0, "x": 310, "y": 120 }
				]
			},
			"heart_": {
				"rotate": [
					{ "time": 0, "angle": 5 }
				],
				"translate": [
					{ "time": 0, "x": 9, "y": 98 }
				]
			},
			"heart_2": {
				"rotate": [
					{ "time": 0, "angle": -151.95 }
				],
				"translate": [
					{ "time": 0, "x": -9, "y": 98 }
				]
			}
		}
	}
}
}