{
"skeleton": { "hash": "zY9XzhiW7FV1B7fpTRglzlAHOB4", "spine": "2.1.27", "width": 0, "height": 0 },
"bones": [
	{ "name": "root", "y": -10 },
	{ "name": "dong", "parent": "root", "x": -0.9, "y": 49.8 },
	{ "name": "zhedang", "parent": "root", "x": 1.26, "y": 54.51 },
	{ "name": "zhuan", "parent": "root", "x": 2.08, "y": 57.41 },
	{ "name": "bone", "parent": "dong", "x": 0.62, "y": 0.44 }
],
"slots": [
	{ "name": "baoxiang0005_", "bone": "dong" },
	{ "name": "baoxiang0004_", "bone": "dong" },
	{ "name": "baoxiang2_", "bone": "bone" },
	{ "name": "baoxiang1_", "bone": "bone" },
	{ "name": "fangsheguang_01_", "bone": "zhuan", "blend": "additive" },
	{ "name": "guang_01_", "bone": "zhedang", "blend": "additive" }
],
"skins": {
	"default": {
		"baoxiang0004_": {
			"baoxiang0004_": { "x": -0.59, "y": -3.8, "width": 135, "height": 112 }
		},
		"baoxiang0005_": {
			"baoxiang0005_": { "x": 4.4, "y": 6.69, "width": 131, "height": 133 }
		},
		"baoxiang1_": {
			"baoxiang1_": { "x": -1.38, "y": 15.85, "width": 196, "height": 196 }
		},
		"baoxiang2_": {
			"baoxiang2_": { "x": -3.22, "y": 1.75, "width": 209, "height": 170 }
		},
		"fangsheguang_01_": {
			"fangsheguang_01_": { "y": -10, "width": 594, "height": 557 }
		},
		"guang_01_": {
			"guang_01_": { "y": -10, "width": 370, "height": 341 }
		}
	}
},
"animations": {
	"animation": {
		"slots": {
			"baoxiang0004_": {
				"attachment": [
					{ "time": 0, "name": "baoxiang0004_" },
					{ "time": 1.0333, "name": "baoxiang0004_" },
					{ "time": 1.2333, "name": "baoxiang0004_" },
					{ "time": 1.9333, "name": "baoxiang0004_" },
					{ "time": 2.3333, "name": "baoxiang0004_" }
				],
				"color": [
					{ "time": 0, "color": "ffffff00" },
					{ "time": 0.1666, "color": "ffffffff", "curve": "stepped" },
					{ "time": 0.4333, "color": "ffffffff", "curve": "stepped" },
					{ "time": 1.0333, "color": "ffffffff" },
					{ "time": 1.0666, "color": "ffffff00", "curve": "stepped" },
					{ "time": 1.1, "color": "ffffff00", "curve": "stepped" },
					{ "time": 1.1666, "color": "ffffff00", "curve": "stepped" },
					{ "time": 1.2333, "color": "ffffff00", "curve": "stepped" },
					{ "time": 1.4, "color": "ffffff00", "curve": "stepped" },
					{ "time": 1.9333, "color": "ffffff00", "curve": "stepped" },
					{ "time": 2.3333, "color": "ffffff00" }
				]
			},
			"baoxiang0005_": {
				"attachment": [
					{ "time": 0, "name": "baoxiang0005_" },
					{ "time": 1.0333, "name": "baoxiang0005_" },
					{ "time": 1.2333, "name": "baoxiang0005_" },
					{ "time": 1.9333, "name": "baoxiang0005_" },
					{ "time": 2.3333, "name": "baoxiang0005_" }
				],
				"color": [
					{ "time": 0, "color": "ffffff00", "curve": "stepped" },
					{ "time": 1.0333, "color": "ffffff00" },
					{ "time": 1.1, "color": "ffffffff", "curve": "stepped" },
					{ "time": 1.1666, "color": "ffffffff", "curve": "stepped" },
					{ "time": 1.2333, "color": "ffffffff", "curve": "stepped" },
					{ "time": 1.4, "color": "ffffffff", "curve": "stepped" },
					{ "time": 1.9333, "color": "ffffffff", "curve": "stepped" },
					{ "time": 2.3333, "color": "ffffffff" }
				]
			},
			"baoxiang1_": {
				"attachment": [
					{ "time": 0, "name": "baoxiang1_" },
					{ "time": 1.0333, "name": "baoxiang1_" },
					{ "time": 1.2333, "name": "baoxiang1_" },
					{ "time": 1.9333, "name": "baoxiang1_" },
					{ "time": 2.3333, "name": "baoxiang1_" }
				],
				"color": [
					{ "time": 0, "color": "ffffff00", "curve": "stepped" },
					{ "time": 1.0333, "color": "ffffff00" },
					{ "time": 1.0666, "color": "fffffffd" },
					{ "time": 1.1, "color": "ffffffff", "curve": "stepped" },
					{ "time": 1.1666, "color": "ffffffff", "curve": "stepped" },
					{ "time": 1.2333, "color": "ffffffff", "curve": "stepped" },
					{ "time": 1.4, "color": "ffffffff" },
					{ "time": 1.9333, "color": "ffffff00", "curve": "stepped" },
					{ "time": 2.3333, "color": "ffffff00" }
				]
			},
			"baoxiang2_": {
				"attachment": [
					{ "time": 0, "name": "baoxiang2_" },
					{ "time": 0.4333, "name": "baoxiang2_" },
					{ "time": 0.9, "name": "baoxiang2_" },
					{ "time": 1.0333, "name": "baoxiang2_" },
					{ "time": 1.2333, "name": "baoxiang2_" },
					{ "time": 1.9333, "name": "baoxiang2_" },
					{ "time": 2.3333, "name": "baoxiang2_" }
				],
				"color": [
					{ "time": 0, "color": "ffffff00", "curve": "stepped" },
					{ "time": 0.4333, "color": "ffffff00" },
					{ "time": 0.9, "color": "ffffffff", "curve": "stepped" },
					{ "time": 1.0333, "color": "ffffffff" },
					{ "time": 1.0666, "color": "ffffff00", "curve": "stepped" },
					{ "time": 1.1, "color": "ffffff00", "curve": "stepped" },
					{ "time": 1.1666, "color": "ffffff00", "curve": "stepped" },
					{ "time": 1.2333, "color": "ffffff00", "curve": "stepped" },
					{ "time": 1.4, "color": "ffffff00", "curve": "stepped" },
					{ "time": 1.9333, "color": "ffffff00", "curve": "stepped" },
					{ "time": 2.3333, "color": "ffffff00" }
				]
			},
			"fangsheguang_01_": {
				"attachment": [
					{ "time": 0, "name": "fangsheguang_01_" },
					{ "time": 0.9666, "name": "fangsheguang_01_" }
				],
				"color": [
					{ "time": 0, "color": "ffffff00", "curve": "stepped" },
					{ "time": 0.9333, "color": "ffffff00" },
					{ "time": 0.9666, "color": "ffffff15" },
					{ "time": 1.0333, "color": "ffffffff" },
					{ "time": 1.3, "color": "ffffff6b" },
					{ "time": 1.6, "color": "ffffff13" },
					{ "time": 1.9, "color": "ffffff00" }
				]
			},
			"guang_01_": {
				"attachment": [
					{ "time": 0, "name": "guang_01_" },
					{ "time": 1.0333, "name": "guang_01_" }
				],
				"color": [
					{ "time": 0, "color": "ffffff00", "curve": "stepped" },
					{ "time": 0.9, "color": "ffffff00" },
					{ "time": 1.0333, "color": "ffffffff", "curve": "stepped" },
					{ "time": 1.3, "color": "ffffffff" },
					{ "time": 1.5, "color": "ffffff0d" },
					{ "time": 1.9333, "color": "ffffff00", "curve": "stepped" },
					{ "time": 2.3333, "color": "ffffff00" }
				]
			}
		},
		"bones": {
			"dong": {
				"rotate": [
					{ "time": 0, "angle": 0, "curve": "stepped" },
					{ "time": 0.1666, "angle": 0, "curve": "stepped" },
					{ "time": 0.4333, "angle": 0 },
					{ "time": 0.5333, "angle": -7.7 },
					{ "time": 0.6333, "angle": -1.19 },
					{ "time": 0.7333, "angle": -12.11 },
					{ "time": 0.8333, "angle": -4.13 },
					{ "time": 0.9333, "angle": -12.11 },
					{ "time": 1.0333, "angle": -1.19 }
				],
				"translate": [
					{ "time": 0, "x": 0, "y": 148.83 },
					{ "time": 0.1666, "x": 0, "y": 0 },
					{ "time": 0.3, "x": 0, "y": 20.13 },
					{ "time": 0.4333, "x": 0, "y": 0 },
					{ "time": 1.1, "x": 0, "y": 4.61, "curve": "stepped" },
					{ "time": 1.1666, "x": 0, "y": 4.61 },
					{ "time": 1.4, "x": 0, "y": 0, "curve": "stepped" },
					{ "time": 1.9333, "x": 0, "y": 0, "curve": "stepped" },
					{ "time": 2.3333, "x": 0, "y": 0 }
				],
				"scale": [
					{ "time": 0, "x": 1, "y": 1, "curve": "stepped" },
					{ "time": 0.1666, "x": 1, "y": 1, "curve": "stepped" },
					{ "time": 0.4333, "x": 1, "y": 1, "curve": "stepped" },
					{ "time": 1.0333, "x": 1, "y": 1 },
					{ "time": 1.1, "x": 1.259, "y": 1.259, "curve": "stepped" },
					{ "time": 1.1666, "x": 1.259, "y": 1.259 },
					{ "time": 1.4, "x": 1, "y": 1, "curve": "stepped" },
					{ "time": 1.9333, "x": 1, "y": 1, "curve": "stepped" },
					{ "time": 2.3333, "x": 1, "y": 1 }
				]
			},
			"bone": {
				"translate": [
					{ "time": 0.4333, "x": -0.38, "y": -3.93, "curve": "stepped" },
					{ "time": 0.6, "x": -0.38, "y": -3.93, "curve": "stepped" },
					{ "time": 0.9, "x": -0.38, "y": -3.93 },
					{ "time": 1.5, "x": 4.69, "y": -3.83 }
				],
				"scale": [
					{ "time": 0.4333, "x": 0.913, "y": 0.913, "curve": "stepped" },
					{ "time": 0.6, "x": 0.913, "y": 0.913 },
					{ "time": 0.9, "x": 1, "y": 1 },
					{ "time": 1.2333, "x": 1.014, "y": 1.014 },
					{ "time": 1.5, "x": 0.938, "y": 0.938 }
				]
			},
			"zhuan": {
				"rotate": [
					{ "time": 0, "angle": 0, "curve": "stepped" },
					{ "time": 0.9666, "angle": 0, "curve": "stepped" },
					{ "time": 1.0333, "angle": 0 },
					{ "time": 1.9, "angle": -30.5 }
				],
				"translate": [
					{ "time": 0, "x": 0, "y": 0, "curve": "stepped" },
					{ "time": 0.9666, "x": 0, "y": 0, "curve": "stepped" },
					{ "time": 1.0333, "x": 0, "y": 0 }
				],
				"scale": [
					{ "time": 0, "x": 1, "y": 1, "curve": "stepped" },
					{ "time": 0.9666, "x": 1, "y": 1, "curve": "stepped" },
					{ "time": 1.0333, "x": 1, "y": 1 }
				]
			},
			"zhedang": {
				"rotate": [
					{ "time": 0, "angle": 0, "curve": "stepped" },
					{ "time": 1.0333, "angle": 0 }
				],
				"translate": [
					{ "time": 0, "x": 0, "y": 0, "curve": "stepped" },
					{ "time": 1.0333, "x": 0, "y": 0 },
					{ "time": 1.0666, "x": 0, "y": 22.57 }
				],
				"scale": [
					{ "time": 0, "x": 1.148, "y": 1.148, "curve": "stepped" },
					{ "time": 1.0333, "x": 1.148, "y": 1.148 },
					{ "time": 1.0666, "x": 1.157, "y": 1.157 },
					{ "time": 1.3, "x": 1.249, "y": 1.249 }
				]
			}
		}
	}
}
}