{
"skeleton": { "hash": "ygWeoxdStG40n0GcHYP9B9LzDXE", "spine": "2.1.27", "width": 321, "height": 276 },
"bones": [
	{ "name": "root" }
],
"slots": [
	{ "name": "HJTY_cb_diji_", "bone": "root", "attachment": "HJTY_cb_diji_" }
],
"skins": {
	"default": {
		"HJTY_cb_diji_": {
			"HJTY_cb_diji_": { "x": -23.5, "y": 138, "width": 321, "height": 276 }
		}
	}
},
"animations": {
	"animation": {
		"bones": {
			"root": {
				"rotate": [
					{ "time": 0, "angle": 0, "curve": "stepped" },
					{ "time": 1, "angle": 0 }
				],
				"translate": [
					{ "time": 0, "x": 0, "y": 0, "curve": "stepped" },
					{ "time": 1, "x": 0, "y": 0 }
				],
				"scale": [
					{ "time": 0, "x": 1, "y": 1, "curve": "stepped" },
					{ "time": 1, "x": 1, "y": 1 }
				]
			}
		}
	}
}
}