{
"skeleton": { "hash": "MonDTtocUcIjJELMA82SPXbk3I0", "spine": "3.4.02", "width": 74, "height": 70 },
"bones": [
	{ "name": "root" },
	{ "name": "bone", "parent": "root", "x": 3.38, "y": 48.64 },
	{ "name": "bone2", "parent": "bone", "x": 51.19, "y": -41.39 }
],
"slots": [
	{ "name": "jullong01_", "bone": "bone", "attachment": "jullong01_" },
	{ "name": "jullong02_", "bone": "bone2", "attachment": "jullong04_" }
],
"skins": {
	"default": {
		"jullong01_": {
			"jullong01_": { "x": -1.98, "y": -40.98, "width": 74, "height": 70 }
		},
		"jullong02_": {
			"jullong02_": { "x": -53.18, "y": 0.4, "width": 74, "height": 70 },
			"jullong03_": { "x": -53.18, "y": 0.4, "width": 74, "height": 70 },
			"jullong04_": { "x": -53.18, "y": 0.4, "width": 74, "height": 70 },
			"jullong05_": { "x": -53.18, "y": 0.4, "width": 74, "height": 70 }
		}
	}
},
"animations": {
	"animation": {
		"slots": {
			"jullong01_": {
				"attachment": [
					{ "time": 0, "name": "jullong01_" },
					{ "time": 1, "name": "jullong01_" }
				]
			},
			"jullong02_": {
				"attachment": [
					{ "time": 0, "name": null },
					{ "time": 0.1666, "name": "jullong02_" },
					{ "time": 0.3333, "name": "jullong03_" },
					{ "time": 0.5, "name": "jullong04_" },
					{ "time": 0.6666, "name": "jullong05_" },
					{ "time": 0.8333, "name": null },
					{ "time": 1, "name": null }
				]
			}
		},
		"bones": {
			"bone": {
				"rotate": [
					{ "time": 0, "angle": 0, "curve": "stepped" },
					{ "time": 1, "angle": 0 }
				],
				"translate": [
					{ "time": 0, "x": 0, "y": 0 },
					{ "time": 0.5, "x": 0, "y": -7.26 },
					{ "time": 1, "x": 0, "y": 0 }
				],
				"scale": [
					{ "time": 0, "x": 1, "y": 1, "curve": "stepped" },
					{ "time": 1, "x": 1, "y": 1 }
				]
			},
			"bone2": {
				"rotate": [
					{ "time": 0, "angle": 0, "curve": "stepped" },
					{ "time": 1, "angle": 0 }
				],
				"translate": [
					{ "time": 0, "x": 0, "y": 0, "curve": "stepped" },
					{ "time": 1, "x": 0, "y": 0 }
				],
				"scale": [
					{ "time": 0, "x": 1, "y": 1, "curve": "stepped" },
					{ "time": 1, "x": 1, "y": 1 }
				]
			},
			"root": {
				"rotate": [
					{ "time": 0, "angle": 0, "curve": "stepped" },
					{ "time": 1, "angle": 0 }
				],
				"translate": [
					{ "time": 0, "x": 0, "y": 0, "curve": "stepped" },
					{ "time": 1, "x": 0, "y": 0 }
				],
				"scale": [
					{ "time": 0, "x": 1, "y": 1, "curve": "stepped" },
					{ "time": 1, "x": 1, "y": 1 }
				]
			}
		}
	}
}
}