{
"skeleton": { "hash": "f1WL7DHa0f5E/m03hNazJdIrJmw", "spine": "3.7.94", "width": 1199.6, "height": 900.95 },
"bones": [
	{ "name": "root" },
	{ "name": "bone", "parent": "root", "scaleX": 1.25, "scaleY": 1.25 },
	{ "name": "a", "parent": "bone", "x": 120, "y": 62.4 },
	{ "name": "b1", "parent": "bone", "x": -239.58, "y": 422.03 },
	{ "name": "b2", "parent": "bone", "x": 0.07, "y": 422.22 },
	{ "name": "b3", "parent": "bone", "x": 242.57, "y": 415.57 },
	{ "name": "b4", "parent": "bone", "x": 244.49, "y": 177.41 },
	{ "name": "b5", "parent": "bone", "x": 241.59, "y": -58.9 },
	{ "name": "b6", "parent": "bone", "x": 1.3, "y": -61.32 },
	{ "name": "b7", "parent": "bone", "x": -239.44, "y": -58.06 },
	{ "name": "b8", "parent": "bone", "x": -238.73, "y": 179.68 },
	{ "name": "c14", "parent": "bone", "x": -478.82, "y": -58.16 },
	{ "name": "c15", "parent": "bone", "x": -478.6, "y": 181.39 },
	{ "name": "c16", "parent": "bone", "x": -478.6, "y": 421.15 }
],
"slots": [
	{ "name": "a_00_", "bone": "a", "attachment": "a_00_" },
	{ "name": "b1_00_", "bone": "b1", "attachment": "b1_00_" },
	{ "name": "b2_00_", "bone": "b2", "attachment": "b2_00_" },
	{ "name": "b3_00_", "bone": "b3", "attachment": "b3_00_" },
	{ "name": "b4_00_", "bone": "b4", "attachment": "b4_00_" },
	{ "name": "b5_00_", "bone": "b5", "attachment": "b5_00_" },
	{ "name": "b7_00_", "bone": "b7", "attachment": "b7_00_" },
	{ "name": "b6_00_", "bone": "b6", "attachment": "b6_00_" },
	{ "name": "b8_00_", "bone": "b8", "attachment": "b8_00_" },
	{ "name": "c14_", "bone": "c14", "attachment": "c14_00_" },
	{ "name": "c15_", "bone": "c15", "attachment": "c15_00_" },
	{ "name": "c16_", "bone": "c16", "attachment": "c16_00_" }
],
"skins": {
	"default": {
		"a_00_": {
			"a_00_": { "width": 240, "height": 240 },
			"a_01_": { "width": 240, "height": 240 },
			"a_02_": { "width": 240, "height": 240 },
			"a_03_": { "width": 240, "height": 240 },
			"a_04_": { "width": 240, "height": 240 },
			"a_05_": { "width": 240, "height": 240 },
			"a_06_": { "width": 240, "height": 240 },
			"a_07_": { "width": 240, "height": 240 },
			"a_08_": { "width": 240, "height": 240 },
			"a_09_": { "width": 240, "height": 240 },
			"a_10_": { "width": 240, "height": 240 },
			"a_11_": { "width": 240, "height": 240 },
			"a_12_": { "width": 240, "height": 240 },
			"a_13_": { "width": 240, "height": 240 },
			"a_14_": { "width": 240, "height": 240 },
			"a_15_": { "width": 240, "height": 240 },
			"a_16_": { "width": 240, "height": 240 },
			"a_17_": { "width": 240, "height": 240 },
			"a_18_": { "width": 240, "height": 240 },
			"a_19_": { "width": 240, "height": 240 },
			"a_20_": { "width": 240, "height": 240 },
			"a_21_": { "width": 240, "height": 240 },
			"a_22_": { "width": 240, "height": 240 },
			"a_23_": { "width": 240, "height": 240 },
			"a_24_": { "width": 240, "height": 240 }
		},
		"b1_00_": {
			"b1_00_": { "x": 119.58, "y": -119.64, "width": 240, "height": 240 },
			"b1_01_": { "x": 119.58, "y": -119.64, "width": 240, "height": 240 },
			"b1_02_": { "x": 119.58, "y": -119.64, "width": 240, "height": 240 },
			"b1_03_": { "x": 119.58, "y": -119.64, "width": 240, "height": 240 },
			"b1_04_": { "x": 119.58, "y": -119.64, "width": 240, "height": 240 },
			"b1_05_": { "x": 119.58, "y": -119.64, "width": 240, "height": 240 },
			"b1_06_": { "x": 119.58, "y": -119.64, "width": 240, "height": 240 },
			"b1_07_": { "x": 119.58, "y": -119.64, "width": 240, "height": 240 },
			"b1_08_": { "x": 119.58, "y": -119.64, "width": 240, "height": 240 },
			"b1_09_": { "x": 119.58, "y": -119.64, "width": 240, "height": 240 },
			"b1_10_": { "x": 119.58, "y": -119.64, "width": 240, "height": 240 },
			"b1_11_": { "x": 119.58, "y": -119.64, "width": 240, "height": 240 },
			"b1_12_": { "x": 119.58, "y": -119.64, "width": 240, "height": 240 },
			"b1_13_": { "x": 119.58, "y": -119.64, "width": 240, "height": 240 },
			"b1_14_": { "x": 119.58, "y": -119.64, "width": 240, "height": 240 },
			"b1_15_": { "x": 119.58, "y": -119.64, "width": 240, "height": 240 },
			"b1_16_": { "x": 119.58, "y": -119.64, "width": 240, "height": 240 },
			"b1_17_": { "x": 119.58, "y": -119.64, "width": 240, "height": 240 },
			"b1_18_": { "x": 119.58, "y": -119.64, "width": 240, "height": 240 },
			"b1_19_": { "x": 119.58, "y": -119.64, "width": 240, "height": 240 },
			"b1_20_": { "x": 119.58, "y": -119.64, "width": 240, "height": 240 },
			"b1_21_": { "x": 119.58, "y": -119.64, "width": 240, "height": 240 },
			"b1_22_": { "x": 119.58, "y": -119.64, "width": 240, "height": 240 },
			"b1_23_": { "x": 119.58, "y": -119.64, "width": 240, "height": 240 },
			"b1_24_": { "x": 119.58, "y": -119.64, "width": 240, "height": 240 }
		},
		"b2_00_": {
			"b2_00_": { "x": 119.94, "y": -119.83, "width": 240, "height": 240 },
			"b2_01_": { "x": 119.95, "y": -119.84, "width": 240, "height": 240 },
			"b2_02_": { "x": 119.95, "y": -119.84, "width": 240, "height": 240 },
			"b2_03_": { "x": 119.95, "y": -119.84, "width": 240, "height": 240 },
			"b2_04_": { "x": 119.95, "y": -119.84, "width": 240, "height": 240 },
			"b2_05_": { "x": 119.95, "y": -119.84, "width": 240, "height": 240 },
			"b2_06_": { "x": 119.95, "y": -119.84, "width": 240, "height": 240 },
			"b2_07_": { "x": 119.95, "y": -119.84, "width": 240, "height": 240 },
			"b2_08_": { "x": 119.95, "y": -119.84, "width": 240, "height": 240 },
			"b2_09_": { "x": 119.95, "y": -119.84, "width": 240, "height": 240 },
			"b2_10_": { "x": 119.95, "y": -119.84, "width": 240, "height": 240 },
			"b2_11_": { "x": 119.95, "y": -119.84, "width": 240, "height": 240 },
			"b2_12_": { "x": 119.95, "y": -119.84, "width": 240, "height": 240 },
			"b2_13_": { "x": 119.95, "y": -119.84, "width": 240, "height": 240 },
			"b2_14_": { "x": 119.95, "y": -119.84, "width": 240, "height": 240 },
			"b2_15_": { "x": 119.95, "y": -119.84, "width": 240, "height": 240 },
			"b2_16_": { "x": 119.95, "y": -119.84, "width": 240, "height": 240 },
			"b2_17_": { "x": 119.95, "y": -119.84, "width": 240, "height": 240 },
			"b2_18_": { "x": 119.95, "y": -119.84, "width": 240, "height": 240 },
			"b2_19_": { "x": 119.95, "y": -119.84, "width": 240, "height": 240 },
			"b2_20_": { "x": 119.95, "y": -119.84, "width": 240, "height": 240 },
			"b2_21_": { "x": 119.95, "y": -119.84, "width": 240, "height": 240 },
			"b2_22_": { "x": 119.95, "y": -119.84, "width": 240, "height": 240 },
			"b2_23_": { "x": 119.95, "y": -119.84, "width": 240, "height": 240 },
			"b2_24_": { "x": 119.95, "y": -119.84, "width": 240, "height": 240 }
		},
		"b3_00_": {
			"b3_00_": { "x": 117.43, "y": -113.17, "width": 240, "height": 240 },
			"b3_01_": { "x": 117.43, "y": -113.17, "width": 240, "height": 240 },
			"b3_02_": { "x": 117.43, "y": -113.17, "width": 240, "height": 240 },
			"b3_03_": { "x": 117.43, "y": -113.17, "width": 240, "height": 240 },
			"b3_04_": { "x": 117.43, "y": -113.17, "width": 240, "height": 240 },
			"b3_05_": { "x": 117.43, "y": -113.17, "width": 240, "height": 240 },
			"b3_06_": { "x": 117.43, "y": -113.17, "width": 240, "height": 240 },
			"b3_07_": { "x": 117.43, "y": -113.17, "width": 240, "height": 240 },
			"b3_08_": { "x": 117.43, "y": -113.17, "width": 240, "height": 240 },
			"b3_09_": { "x": 117.43, "y": -113.17, "width": 240, "height": 240 },
			"b3_10_": { "x": 117.43, "y": -113.17, "width": 240, "height": 240 },
			"b3_11_": { "x": 117.43, "y": -113.17, "width": 240, "height": 240 },
			"b3_12_": { "x": 117.43, "y": -113.17, "width": 240, "height": 240 },
			"b3_13_": { "x": 117.43, "y": -113.17, "width": 240, "height": 240 },
			"b3_14_": { "x": 117.43, "y": -113.17, "width": 240, "height": 240 },
			"b3_15_": { "x": 117.43, "y": -113.17, "width": 240, "height": 240 },
			"b3_16_": { "x": 117.43, "y": -113.17, "width": 240, "height": 240 },
			"b3_17_": { "x": 117.43, "y": -113.17, "width": 240, "height": 240 },
			"b3_18_": { "x": 117.43, "y": -113.17, "width": 240, "height": 240 },
			"b3_19_": { "x": 117.43, "y": -113.17, "width": 240, "height": 240 },
			"b3_20_": { "x": 117.43, "y": -113.17, "width": 240, "height": 240 },
			"b3_21_": { "x": 117.43, "y": -113.17, "width": 240, "height": 240 },
			"b3_22_": { "x": 117.43, "y": -113.17, "width": 240, "height": 240 },
			"b3_23_": { "x": 117.43, "y": -113.17, "width": 240, "height": 240 },
			"b3_24_": { "x": 117.43, "y": -113.17, "width": 240, "height": 240 }
		},
		"b4_00_": {
			"b4_00_": { "x": 115.51, "y": -115.02, "width": 240, "height": 240 },
			"b4_01_": { "x": 115.51, "y": -115.02, "width": 240, "height": 240 },
			"b4_02_": { "x": 115.51, "y": -115.02, "width": 240, "height": 240 },
			"b4_03_": { "x": 115.51, "y": -115.02, "width": 240, "height": 240 },
			"b4_04_": { "x": 115.51, "y": -115.02, "width": 240, "height": 240 },
			"b4_05_": { "x": 115.51, "y": -115.02, "width": 240, "height": 240 },
			"b4_06_": { "x": 115.51, "y": -115.02, "width": 240, "height": 240 },
			"b4_07_": { "x": 115.51, "y": -115.02, "width": 240, "height": 240 },
			"b4_08_": { "x": 115.51, "y": -115.02, "width": 240, "height": 240 },
			"b4_09_": { "x": 115.51, "y": -115.02, "width": 240, "height": 240 },
			"b4_10_": { "x": 115.51, "y": -115.02, "width": 240, "height": 240 },
			"b4_11_": { "x": 115.51, "y": -115.02, "width": 240, "height": 240 },
			"b4_12_": { "x": 115.51, "y": -115.02, "width": 240, "height": 240 },
			"b4_13_": { "x": 115.51, "y": -115.02, "width": 240, "height": 240 },
			"b4_14_": { "x": 115.51, "y": -115.02, "width": 240, "height": 240 },
			"b4_15_": { "x": 115.51, "y": -115.02, "width": 240, "height": 240 },
			"b4_16_": { "x": 115.51, "y": -115.02, "width": 240, "height": 240 },
			"b4_17_": { "x": 115.51, "y": -115.02, "width": 240, "height": 240 },
			"b4_18_": { "x": 115.51, "y": -115.02, "width": 240, "height": 240 },
			"b4_19_": { "x": 115.51, "y": -115.02, "width": 240, "height": 240 },
			"b4_20_": { "x": 115.51, "y": -115.02, "width": 240, "height": 240 },
			"b4_21_": { "x": 115.51, "y": -115.02, "width": 240, "height": 240 },
			"b4_22_": { "x": 115.51, "y": -115.02, "width": 240, "height": 240 },
			"b4_23_": { "x": 115.51, "y": -115.02, "width": 240, "height": 240 },
			"b4_24_": { "x": 115.51, "y": -115.02, "width": 240, "height": 240 }
		},
		"b5_00_": {
			"b5_00_": { "x": 118.41, "y": -118.7, "width": 240, "height": 240 },
			"b5_01_": { "x": 118.41, "y": -118.7, "width": 240, "height": 240 },
			"b5_02_": { "x": 118.41, "y": -118.7, "width": 240, "height": 240 },
			"b5_03_": { "x": 118.41, "y": -118.7, "width": 240, "height": 240 },
			"b5_04_": { "x": 118.41, "y": -118.7, "width": 240, "height": 240 },
			"b5_05_": { "x": 118.41, "y": -118.7, "width": 240, "height": 240 },
			"b5_06_": { "x": 118.41, "y": -118.7, "width": 240, "height": 240 },
			"b5_07_": { "x": 118.41, "y": -118.7, "width": 240, "height": 240 },
			"b5_08_": { "x": 118.41, "y": -118.7, "width": 240, "height": 240 },
			"b5_09_": { "x": 118.41, "y": -118.7, "width": 240, "height": 240 },
			"b5_10_": { "x": 118.41, "y": -118.7, "width": 240, "height": 240 },
			"b5_11_": { "x": 118.41, "y": -118.7, "width": 240, "height": 240 },
			"b5_12_": { "x": 118.41, "y": -118.7, "width": 240, "height": 240 },
			"b5_13_": { "x": 118.41, "y": -118.7, "width": 240, "height": 240 },
			"b5_14_": { "x": 118.41, "y": -118.7, "width": 240, "height": 240 },
			"b5_15_": { "x": 118.41, "y": -118.7, "width": 240, "height": 240 },
			"b5_16_": { "x": 118.41, "y": -118.7, "width": 240, "height": 240 },
			"b5_17_": { "x": 118.41, "y": -118.7, "width": 240, "height": 240 },
			"b5_18_": { "x": 118.41, "y": -118.7, "width": 240, "height": 240 },
			"b5_19_": { "x": 118.41, "y": -118.7, "width": 240, "height": 240 },
			"b5_20_": { "x": 118.41, "y": -118.7, "width": 240, "height": 240 },
			"b5_21_": { "x": 118.41, "y": -118.7, "width": 240, "height": 240 },
			"b5_22_": { "x": 118.41, "y": -118.7, "width": 240, "height": 240 },
			"b5_23_": { "x": 118.41, "y": -118.7, "width": 240, "height": 240 },
			"b5_24_": { "x": 118.41, "y": -118.7, "width": 240, "height": 240 }
		},
		"b6_00_": {
			"b6_00_": { "x": 118.69, "y": -116.28, "width": 240, "height": 240 },
			"b6_01_": { "x": 118.69, "y": -116.28, "width": 240, "height": 240 },
			"b6_02_": { "x": 118.69, "y": -116.28, "width": 240, "height": 240 },
			"b6_03_": { "x": 118.69, "y": -116.28, "width": 240, "height": 240 },
			"b6_04_": { "x": 118.69, "y": -116.28, "width": 240, "height": 240 },
			"b6_05_": { "x": 118.69, "y": -116.28, "width": 240, "height": 240 },
			"b6_06_": { "x": 118.69, "y": -116.28, "width": 240, "height": 240 },
			"b6_07_": { "x": 118.69, "y": -116.28, "width": 240, "height": 240 },
			"b6_08_": { "x": 118.69, "y": -116.28, "width": 240, "height": 240 },
			"b6_09_": { "x": 118.69, "y": -116.28, "width": 240, "height": 240 },
			"b6_10_": { "x": 118.69, "y": -116.28, "width": 240, "height": 240 },
			"b6_11_": { "x": 118.69, "y": -116.28, "width": 240, "height": 240 },
			"b6_12_": { "x": 118.69, "y": -116.28, "width": 240, "height": 240 },
			"b6_13_": { "x": 118.69, "y": -116.28, "width": 240, "height": 240 },
			"b6_14_": { "x": 118.69, "y": -116.28, "width": 240, "height": 240 },
			"b6_15_": { "x": 118.69, "y": -116.28, "width": 240, "height": 240 },
			"b6_16_": { "x": 118.69, "y": -116.28, "width": 240, "height": 240 },
			"b6_17_": { "x": 118.69, "y": -116.28, "width": 240, "height": 240 },
			"b6_18_": { "x": 118.69, "y": -116.28, "width": 240, "height": 240 },
			"b6_19_": { "x": 118.69, "y": -116.28, "width": 240, "height": 240 },
			"b6_20_": { "x": 118.69, "y": -116.28, "width": 240, "height": 240 },
			"b6_21_": { "x": 118.69, "y": -116.28, "width": 240, "height": 240 },
			"b6_22_": { "x": 118.69, "y": -116.28, "width": 240, "height": 240 },
			"b6_23_": { "x": 118.69, "y": -116.28, "width": 240, "height": 240 },
			"b6_24_": { "x": 118.69, "y": -116.28, "width": 240, "height": 240 }
		},
		"b7_00_": {
			"b7_00_": { "x": 119.44, "y": -119.55, "width": 240, "height": 240 },
			"b7_01_": { "x": 119.44, "y": -119.55, "width": 240, "height": 240 },
			"b7_02_": { "x": 119.44, "y": -119.55, "width": 240, "height": 240 },
			"b7_03_": { "x": 119.44, "y": -119.55, "width": 240, "height": 240 },
			"b7_04_": { "x": 119.44, "y": -119.55, "width": 240, "height": 240 },
			"b7_05_": { "x": 119.44, "y": -119.55, "width": 240, "height": 240 },
			"b7_06_": { "x": 119.44, "y": -119.55, "width": 240, "height": 240 },
			"b7_07_": { "x": 119.44, "y": -119.55, "width": 240, "height": 240 },
			"b7_08_": { "x": 119.44, "y": -119.55, "width": 240, "height": 240 },
			"b7_09_": { "x": 119.44, "y": -119.55, "width": 240, "height": 240 },
			"b7_10_": { "x": 119.44, "y": -119.55, "width": 240, "height": 240 },
			"b7_11_": { "x": 119.44, "y": -119.55, "width": 240, "height": 240 },
			"b7_12_": { "x": 119.44, "y": -119.55, "width": 240, "height": 240 },
			"b7_13_": { "x": 119.44, "y": -119.55, "width": 240, "height": 240 },
			"b7_14_": { "x": 119.44, "y": -119.55, "width": 240, "height": 240 },
			"b7_15_": { "x": 119.44, "y": -119.55, "width": 240, "height": 240 },
			"b7_16_": { "x": 119.44, "y": -119.55, "width": 240, "height": 240 },
			"b7_17_": { "x": 119.44, "y": -119.55, "width": 240, "height": 240 },
			"b7_18_": { "x": 119.44, "y": -119.55, "width": 240, "height": 240 },
			"b7_19_": { "x": 119.44, "y": -119.55, "width": 240, "height": 240 },
			"b7_20_": { "x": 119.44, "y": -119.55, "width": 240, "height": 240 },
			"b7_21_": { "x": 119.44, "y": -119.55, "width": 240, "height": 240 },
			"b7_22_": { "x": 119.44, "y": -119.55, "width": 240, "height": 240 },
			"b7_23_": { "x": 119.44, "y": -119.55, "width": 240, "height": 240 },
			"b7_24_": { "x": 119.44, "y": -119.55, "width": 240, "height": 240 }
		},
		"b8_00_": {
			"b8_00_": { "x": 118.73, "y": -117.29, "width": 240, "height": 240 },
			"b8_01_": { "x": 118.73, "y": -117.29, "width": 240, "height": 240 },
			"b8_02_": { "x": 118.73, "y": -117.29, "width": 240, "height": 240 },
			"b8_03_": { "x": 118.73, "y": -117.29, "width": 240, "height": 240 },
			"b8_04_": { "x": 118.73, "y": -117.29, "width": 240, "height": 240 },
			"b8_05_": { "x": 118.73, "y": -117.29, "width": 240, "height": 240 },
			"b8_06_": { "x": 118.73, "y": -117.29, "width": 240, "height": 240 },
			"b8_07_": { "x": 118.73, "y": -117.29, "width": 240, "height": 240 },
			"b8_08_": { "x": 118.73, "y": -117.29, "width": 240, "height": 240 },
			"b8_09_": { "x": 118.73, "y": -117.29, "width": 240, "height": 240 },
			"b8_10_": { "x": 118.73, "y": -117.29, "width": 240, "height": 240 },
			"b8_11_": { "x": 118.73, "y": -117.29, "width": 240, "height": 240 },
			"b8_12_": { "x": 118.73, "y": -117.29, "width": 240, "height": 240 },
			"b8_13_": { "x": 118.73, "y": -117.29, "width": 240, "height": 240 },
			"b8_14_": { "x": 118.73, "y": -117.29, "width": 240, "height": 240 },
			"b8_15_": { "x": 118.73, "y": -117.29, "width": 240, "height": 240 },
			"b8_16_": { "x": 118.73, "y": -117.29, "width": 240, "height": 240 },
			"b8_17_": { "x": 118.73, "y": -117.29, "width": 240, "height": 240 },
			"b8_18_": { "x": 118.73, "y": -117.29, "width": 240, "height": 240 },
			"b8_19_": { "x": 118.73, "y": -117.29, "width": 240, "height": 240 },
			"b8_20_": { "x": 118.73, "y": -117.29, "width": 240, "height": 240 },
			"b8_21_": { "x": 118.73, "y": -117.29, "width": 240, "height": 240 },
			"b8_22_": { "x": 118.73, "y": -117.29, "width": 240, "height": 240 },
			"b8_23_": { "x": 118.73, "y": -117.29, "width": 240, "height": 240 },
			"b8_24_": { "x": 118.73, "y": -117.29, "width": 240, "height": 240 }
		},
		"c14_": {
			"c14_00_": { "x": 119.14, "y": -118, "width": 240, "height": 240 },
			"c14_01_": { "x": 119.14, "y": -118, "width": 240, "height": 240 },
			"c14_02_": { "x": 119.14, "y": -118, "width": 240, "height": 240 },
			"c14_03_": { "x": 119.14, "y": -118, "width": 240, "height": 240 },
			"c14_04_": { "x": 119.14, "y": -118, "width": 240, "height": 240 },
			"c14_05_": { "x": 119.14, "y": -118, "width": 240, "height": 240 },
			"c14_06_": { "x": 119.14, "y": -118, "width": 240, "height": 240 },
			"c14_07_": { "x": 119.14, "y": -118, "width": 240, "height": 240 },
			"c14_08_": { "x": 119.14, "y": -118, "width": 240, "height": 240 },
			"c14_09_": { "x": 119.14, "y": -118, "width": 240, "height": 240 },
			"c14_10_": { "x": 119.14, "y": -118, "width": 240, "height": 240 },
			"c14_11_": { "x": 119.14, "y": -118, "width": 240, "height": 240 },
			"c14_12_": { "x": 119.14, "y": -118, "width": 240, "height": 240 },
			"c14_13_": { "x": 119.14, "y": -118, "width": 240, "height": 240 },
			"c14_14_": { "x": 119.14, "y": -118, "width": 240, "height": 240 },
			"c14_15_": { "x": 119.14, "y": -118, "width": 240, "height": 240 },
			"c14_16_": { "x": 119.14, "y": -118, "width": 240, "height": 240 },
			"c14_17_": { "x": 119.14, "y": -118, "width": 240, "height": 240 },
			"c14_18_": { "x": 119.14, "y": -118, "width": 240, "height": 240 },
			"c14_19_": { "x": 119.14, "y": -118, "width": 240, "height": 240 },
			"c14_20_": { "x": 119.14, "y": -118, "width": 240, "height": 240 },
			"c14_21_": { "x": 119.14, "y": -118, "width": 240, "height": 240 },
			"c14_22_": { "x": 119.14, "y": -118, "width": 240, "height": 240 },
			"c14_23_": { "x": 119.14, "y": -118, "width": 240, "height": 240 },
			"c14_24_": { "x": 119.14, "y": -118, "width": 240, "height": 240 }
		},
		"c15_": {
			"c15_00_": { "x": 119.14, "y": -118, "width": 240, "height": 240 },
			"c15_01_": { "x": 119.14, "y": -118, "width": 240, "height": 240 },
			"c15_02_": { "x": 119.14, "y": -118, "width": 240, "height": 240 },
			"c15_03_": { "x": 119.14, "y": -118, "width": 240, "height": 240 },
			"c15_04_": { "x": 119.14, "y": -118, "width": 240, "height": 240 },
			"c15_05_": { "x": 119.14, "y": -118, "width": 240, "height": 240 },
			"c15_06_": { "x": 119.14, "y": -118, "width": 240, "height": 240 },
			"c15_07_": { "x": 119.14, "y": -118, "width": 240, "height": 240 },
			"c15_08_": { "x": 119.14, "y": -118, "width": 240, "height": 240 },
			"c15_09_": { "x": 119.14, "y": -118, "width": 240, "height": 240 },
			"c15_10_": { "x": 119.14, "y": -118, "width": 240, "height": 240 },
			"c15_11_": { "x": 119.14, "y": -118, "width": 240, "height": 240 },
			"c15_12_": { "x": 119.14, "y": -118, "width": 240, "height": 240 },
			"c15_13_": { "x": 119.14, "y": -118, "width": 240, "height": 240 },
			"c15_14_": { "x": 119.14, "y": -118, "width": 240, "height": 240 },
			"c15_15_": { "x": 119.14, "y": -118, "width": 240, "height": 240 },
			"c15_16_": { "x": 119.14, "y": -118, "width": 240, "height": 240 },
			"c15_17_": { "x": 119.14, "y": -118, "width": 240, "height": 240 },
			"c15_18_": { "x": 119.14, "y": -118, "width": 240, "height": 240 },
			"c15_19_": { "x": 119.14, "y": -118, "width": 240, "height": 240 },
			"c15_20_": { "x": 119.14, "y": -118, "width": 240, "height": 240 },
			"c15_21_": { "x": 119.14, "y": -118, "width": 240, "height": 240 },
			"c15_22_": { "x": 119.14, "y": -118, "width": 240, "height": 240 },
			"c15_23_": { "x": 119.14, "y": -118, "width": 240, "height": 240 },
			"c15_24_": { "x": 119.14, "y": -118, "width": 240, "height": 240 }
		},
		"c16_": {
			"c16_00_": { "x": 119.14, "y": -118, "width": 240, "height": 240 },
			"c16_01_": { "x": 119.14, "y": -118, "width": 240, "height": 240 },
			"c16_02_": { "x": 119.14, "y": -118, "width": 240, "height": 240 },
			"c16_03_": { "x": 119.14, "y": -118, "width": 240, "height": 240 },
			"c16_04_": { "x": 119.14, "y": -118, "width": 240, "height": 240 },
			"c16_05_": { "x": 119.14, "y": -118, "width": 240, "height": 240 },
			"c16_06_": { "x": 119.14, "y": -118, "width": 240, "height": 240 },
			"c16_07_": { "x": 119.14, "y": -118, "width": 240, "height": 240 },
			"c16_08_": { "x": 119.14, "y": -118, "width": 240, "height": 240 },
			"c16_09_": { "x": 119.14, "y": -118, "width": 240, "height": 240 },
			"c16_10_": { "x": 119.14, "y": -118, "width": 240, "height": 240 },
			"c16_11_": { "x": 119.14, "y": -118, "width": 240, "height": 240 },
			"c16_12_": { "x": 119.14, "y": -118, "width": 240, "height": 240 },
			"c16_13_": { "x": 119.14, "y": -118, "width": 240, "height": 240 },
			"c16_14_": { "x": 119.14, "y": -118, "width": 240, "height": 240 },
			"c16_15_": { "x": 119.14, "y": -118, "width": 240, "height": 240 },
			"c16_16_": { "x": 119.14, "y": -118, "width": 240, "height": 240 },
			"c16_17_": { "x": 119.14, "y": -118, "width": 240, "height": 240 },
			"c16_18_": { "x": 119.14, "y": -118, "width": 240, "height": 240 },
			"c16_19_": { "x": 119.14, "y": -118, "width": 240, "height": 240 },
			"c16_20_": { "x": 119.14, "y": -118, "width": 240, "height": 240 },
			"c16_21_": { "x": 119.14, "y": -118, "width": 240, "height": 240 },
			"c16_22_": { "x": 119.14, "y": -118, "width": 240, "height": 240 },
			"c16_23_": { "x": 119.14, "y": -118, "width": 240, "height": 240 },
			"c16_24_": { "x": 119.14, "y": -118, "width": 240, "height": 240 }
		}
	}
},
"animations": {
	"animation": {
		"slots": {
			"a_00_": {
				"attachment": [
					{ "time": 0, "name": "a_00_" },
					{ "time": 0.1, "name": "a_01_" },
					{ "time": 0.2333, "name": "a_02_" },
					{ "time": 0.3333, "name": "a_03_" },
					{ "time": 0.4333, "name": "a_04_" },
					{ "time": 0.5333, "name": "a_05_" },
					{ "time": 0.6667, "name": "a_06_" },
					{ "time": 0.7667, "name": "a_07_" },
					{ "time": 0.8667, "name": "a_08_" },
					{ "time": 1, "name": "a_09_" },
					{ "time": 1.1, "name": "a_10_" },
					{ "time": 1.2, "name": "a_11_" },
					{ "time": 1.3, "name": "a_12_" },
					{ "time": 1.4333, "name": "a_13_" },
					{ "time": 1.5333, "name": "a_14_" },
					{ "time": 1.6333, "name": "a_15_" },
					{ "time": 1.7667, "name": "a_16_" },
					{ "time": 1.8667, "name": "a_17_" },
					{ "time": 1.9667, "name": "a_00_" },
					{ "time": 2.0667, "name": "a_01_" },
					{ "time": 2.2, "name": "a_02_" },
					{ "time": 2.3, "name": "a_03_" },
					{ "time": 2.4, "name": "a_04_" },
					{ "time": 2.5, "name": "a_05_" },
					{ "time": 2.6333, "name": "a_06_" },
					{ "time": 2.7333, "name": "a_07_" },
					{ "time": 2.8333, "name": "a_08_" },
					{ "time": 2.9667, "name": "a_09_" },
					{ "time": 3.0667, "name": "a_10_" },
					{ "time": 3.1667, "name": "a_11_" },
					{ "time": 3.2667, "name": "a_12_" },
					{ "time": 3.4, "name": "a_13_" },
					{ "time": 3.5, "name": "a_14_" },
					{ "time": 3.6, "name": "a_15_" },
					{ "time": 3.7, "name": "a_16_" },
					{ "time": 3.8, "name": "a_17_" },
					{ "time": 3.9, "name": "a_18_" },
					{ "time": 4.0333, "name": "a_19_" },
					{ "time": 4.1667, "name": "a_20_" },
					{ "time": 4.2667, "name": "a_21_" },
					{ "time": 4.3667, "name": "a_22_" },
					{ "time": 4.5, "name": "a_23_" },
					{ "time": 4.6, "name": "a_24_" },
					{ "time": 4.7, "name": null },
					{ "time": 6.3333, "name": null }
				]
			},
			"b1_00_": {
				"attachment": [
					{ "time": 0, "name": "b1_00_" },
					{ "time": 0.1, "name": "b1_01_" },
					{ "time": 0.2333, "name": "b1_02_" },
					{ "time": 0.3333, "name": "b1_03_" },
					{ "time": 0.4333, "name": "b1_04_" },
					{ "time": 0.5333, "name": "b1_05_" },
					{ "time": 0.6667, "name": "b1_06_" },
					{ "time": 0.7667, "name": "b1_07_" },
					{ "time": 0.8667, "name": "b1_08_" },
					{ "time": 1, "name": "b1_09_" },
					{ "time": 1.1, "name": "b1_10_" },
					{ "time": 1.2, "name": "b1_11_" },
					{ "time": 1.3, "name": "b1_12_" },
					{ "time": 1.4333, "name": "b1_13_" },
					{ "time": 1.5333, "name": "b1_14_" },
					{ "time": 1.6333, "name": "b1_15_" },
					{ "time": 1.7667, "name": "b1_16_" },
					{ "time": 1.8667, "name": "b1_17_" },
					{ "time": 1.9667, "name": "b1_00_" },
					{ "time": 2.0667, "name": "b1_01_" },
					{ "time": 2.2, "name": "b1_02_" },
					{ "time": 2.3, "name": "b1_03_" },
					{ "time": 2.4, "name": "b1_04_" },
					{ "time": 2.5, "name": "b1_05_" },
					{ "time": 2.6333, "name": "b1_06_" },
					{ "time": 2.7333, "name": "b1_07_" },
					{ "time": 2.8333, "name": "b1_08_" },
					{ "time": 2.9667, "name": "b1_09_" },
					{ "time": 3.0667, "name": "b1_10_" },
					{ "time": 3.1667, "name": "b1_11_" },
					{ "time": 3.2667, "name": "b1_12_" },
					{ "time": 3.4, "name": "b1_13_" },
					{ "time": 3.5, "name": "b1_14_" },
					{ "time": 3.6, "name": "b1_15_" },
					{ "time": 3.7, "name": "b1_16_" },
					{ "time": 3.8, "name": "b1_17_" },
					{ "time": 3.9, "name": "b1_18_" },
					{ "time": 4.0333, "name": "b1_19_" },
					{ "time": 4.1667, "name": "b1_20_" },
					{ "time": 4.2667, "name": "b1_21_" },
					{ "time": 4.3667, "name": "b1_22_" },
					{ "time": 4.5, "name": "b1_23_" },
					{ "time": 4.6, "name": "b1_24_" },
					{ "time": 4.7, "name": null },
					{ "time": 6.3333, "name": null }
				]
			},
			"b2_00_": {
				"attachment": [
					{ "time": 0, "name": "b2_00_" },
					{ "time": 0.1, "name": "b2_01_" },
					{ "time": 0.2333, "name": "b2_02_" },
					{ "time": 0.3333, "name": "b2_03_" },
					{ "time": 0.4333, "name": "b2_04_" },
					{ "time": 0.5333, "name": "b2_05_" },
					{ "time": 0.6667, "name": "b2_06_" },
					{ "time": 0.7667, "name": "b2_07_" },
					{ "time": 0.8667, "name": "b2_08_" },
					{ "time": 1, "name": "b2_09_" },
					{ "time": 1.1, "name": "b2_10_" },
					{ "time": 1.2, "name": "b2_11_" },
					{ "time": 1.3, "name": "b2_12_" },
					{ "time": 1.4333, "name": "b2_13_" },
					{ "time": 1.5333, "name": "b2_14_" },
					{ "time": 1.6333, "name": "b2_15_" },
					{ "time": 1.7667, "name": "b2_16_" },
					{ "time": 1.8667, "name": "b2_17_" },
					{ "time": 1.9667, "name": "b2_00_" },
					{ "time": 2.0667, "name": "b2_01_" },
					{ "time": 2.2, "name": "b2_02_" },
					{ "time": 2.3, "name": "b2_03_" },
					{ "time": 2.4, "name": "b2_04_" },
					{ "time": 2.5, "name": "b2_05_" },
					{ "time": 2.6333, "name": "b2_06_" },
					{ "time": 2.7333, "name": "b2_07_" },
					{ "time": 2.8333, "name": "b2_08_" },
					{ "time": 2.9667, "name": "b2_09_" },
					{ "time": 3.0667, "name": "b2_10_" },
					{ "time": 3.1667, "name": "b2_11_" },
					{ "time": 3.2667, "name": "b2_12_" },
					{ "time": 3.4, "name": "b2_13_" },
					{ "time": 3.5, "name": "b2_14_" },
					{ "time": 3.6, "name": "b2_15_" },
					{ "time": 3.7, "name": "b2_16_" },
					{ "time": 3.8, "name": "b2_17_" },
					{ "time": 3.9, "name": "b2_18_" },
					{ "time": 4.0333, "name": "b2_19_" },
					{ "time": 4.1667, "name": "b2_20_" },
					{ "time": 4.2667, "name": "b2_21_" },
					{ "time": 4.3667, "name": "b2_22_" },
					{ "time": 4.5, "name": "b2_23_" },
					{ "time": 4.6, "name": "b2_24_" },
					{ "time": 4.7, "name": null },
					{ "time": 6.3333, "name": null }
				]
			},
			"b3_00_": {
				"attachment": [
					{ "time": 0, "name": "b3_00_" },
					{ "time": 0.1, "name": "b3_01_" },
					{ "time": 0.2333, "name": "b3_02_" },
					{ "time": 0.3333, "name": "b3_03_" },
					{ "time": 0.4333, "name": "b3_04_" },
					{ "time": 0.5333, "name": "b3_05_" },
					{ "time": 0.6667, "name": "b3_06_" },
					{ "time": 0.7667, "name": "b3_07_" },
					{ "time": 0.8667, "name": "b3_08_" },
					{ "time": 1, "name": "b3_09_" },
					{ "time": 1.1, "name": "b3_10_" },
					{ "time": 1.2, "name": "b3_11_" },
					{ "time": 1.3, "name": "b3_12_" },
					{ "time": 1.4333, "name": "b3_13_" },
					{ "time": 1.5333, "name": "b3_14_" },
					{ "time": 1.6333, "name": "b3_15_" },
					{ "time": 1.7667, "name": "b3_16_" },
					{ "time": 1.8667, "name": "b3_17_" },
					{ "time": 1.9667, "name": "b3_00_" },
					{ "time": 2.0667, "name": "b3_01_" },
					{ "time": 2.2, "name": "b3_02_" },
					{ "time": 2.3, "name": "b3_03_" },
					{ "time": 2.4, "name": "b3_04_" },
					{ "time": 2.5, "name": "b3_05_" },
					{ "time": 2.6333, "name": "b3_06_" },
					{ "time": 2.7333, "name": "b3_07_" },
					{ "time": 2.8333, "name": "b3_08_" },
					{ "time": 2.9667, "name": "b3_09_" },
					{ "time": 3.0667, "name": "b3_10_" },
					{ "time": 3.1667, "name": "b3_11_" },
					{ "time": 3.2667, "name": "b3_12_" },
					{ "time": 3.4, "name": "b3_13_" },
					{ "time": 3.5, "name": "b3_14_" },
					{ "time": 3.6, "name": "b3_15_" },
					{ "time": 3.7, "name": "b3_16_" },
					{ "time": 3.8, "name": "b3_17_" },
					{ "time": 3.9, "name": "b3_18_" },
					{ "time": 4.0333, "name": "b3_19_" },
					{ "time": 4.1667, "name": "b3_20_" },
					{ "time": 4.2667, "name": "b3_21_" },
					{ "time": 4.3667, "name": "b3_22_" },
					{ "time": 4.5, "name": "b3_23_" },
					{ "time": 4.6, "name": "b3_24_" },
					{ "time": 4.7, "name": null },
					{ "time": 6.3333, "name": null }
				]
			},
			"b4_00_": {
				"attachment": [
					{ "time": 0, "name": "b4_00_" },
					{ "time": 0.1, "name": "b4_01_" },
					{ "time": 0.2333, "name": "b4_02_" },
					{ "time": 0.3333, "name": "b4_03_" },
					{ "time": 0.4333, "name": "b4_04_" },
					{ "time": 0.5333, "name": "b4_05_" },
					{ "time": 0.6667, "name": "b4_06_" },
					{ "time": 0.7667, "name": "b4_07_" },
					{ "time": 0.8667, "name": "b4_08_" },
					{ "time": 1, "name": "b4_09_" },
					{ "time": 1.1, "name": "b4_10_" },
					{ "time": 1.2, "name": "b4_11_" },
					{ "time": 1.3, "name": "b4_12_" },
					{ "time": 1.4333, "name": "b4_13_" },
					{ "time": 1.5333, "name": "b4_14_" },
					{ "time": 1.6333, "name": "b4_15_" },
					{ "time": 1.7667, "name": "b4_16_" },
					{ "time": 1.8667, "name": "b4_17_" },
					{ "time": 1.9667, "name": "b4_00_" },
					{ "time": 2.0667, "name": "b4_01_" },
					{ "time": 2.2, "name": "b4_02_" },
					{ "time": 2.3, "name": "b4_03_" },
					{ "time": 2.4, "name": "b4_04_" },
					{ "time": 2.5, "name": "b4_05_" },
					{ "time": 2.6333, "name": "b4_06_" },
					{ "time": 2.7333, "name": "b4_07_" },
					{ "time": 2.8333, "name": "b4_08_" },
					{ "time": 2.9667, "name": "b4_09_" },
					{ "time": 3.0667, "name": "b4_10_" },
					{ "time": 3.1667, "name": "b4_11_" },
					{ "time": 3.2667, "name": "b4_12_" },
					{ "time": 3.4, "name": "b4_13_" },
					{ "time": 3.5, "name": "b4_14_" },
					{ "time": 3.6, "name": "b4_15_" },
					{ "time": 3.7, "name": "b4_16_" },
					{ "time": 3.8, "name": "b4_17_" },
					{ "time": 3.9, "name": "b4_18_" },
					{ "time": 4.0333, "name": "b4_19_" },
					{ "time": 4.1667, "name": "b4_20_" },
					{ "time": 4.2667, "name": "b4_21_" },
					{ "time": 4.3667, "name": "b4_22_" },
					{ "time": 4.5, "name": "b4_23_" },
					{ "time": 4.6, "name": "b4_24_" },
					{ "time": 4.7, "name": null },
					{ "time": 6.3333, "name": null }
				]
			},
			"b5_00_": {
				"attachment": [
					{ "time": 0, "name": "b5_00_" },
					{ "time": 0.1, "name": "b5_01_" },
					{ "time": 0.2333, "name": "b5_02_" },
					{ "time": 0.3333, "name": "b5_03_" },
					{ "time": 0.4333, "name": "b5_04_" },
					{ "time": 0.5333, "name": "b5_05_" },
					{ "time": 0.6667, "name": "b5_06_" },
					{ "time": 0.7667, "name": "b5_07_" },
					{ "time": 0.8667, "name": "b5_08_" },
					{ "time": 1, "name": "b5_09_" },
					{ "time": 1.1, "name": "b5_10_" },
					{ "time": 1.2, "name": "b5_11_" },
					{ "time": 1.3, "name": "b5_12_" },
					{ "time": 1.4333, "name": "b5_13_" },
					{ "time": 1.5333, "name": "b5_14_" },
					{ "time": 1.6333, "name": "b5_15_" },
					{ "time": 1.7667, "name": "b5_16_" },
					{ "time": 1.8667, "name": "b5_17_" },
					{ "time": 1.9667, "name": "b5_00_" },
					{ "time": 2.0667, "name": "b5_01_" },
					{ "time": 2.2, "name": "b5_02_" },
					{ "time": 2.3, "name": "b5_03_" },
					{ "time": 2.4, "name": "b5_04_" },
					{ "time": 2.5, "name": "b5_05_" },
					{ "time": 2.6333, "name": "b5_06_" },
					{ "time": 2.7333, "name": "b5_07_" },
					{ "time": 2.8333, "name": "b5_08_" },
					{ "time": 2.9667, "name": "b5_09_" },
					{ "time": 3.0667, "name": "b5_10_" },
					{ "time": 3.1667, "name": "b5_11_" },
					{ "time": 3.2667, "name": "b5_12_" },
					{ "time": 3.4, "name": "b5_13_" },
					{ "time": 3.5, "name": "b5_14_" },
					{ "time": 3.6, "name": "b5_15_" },
					{ "time": 3.7, "name": "b5_16_" },
					{ "time": 3.8, "name": "b5_17_" },
					{ "time": 3.9, "name": "b5_18_" },
					{ "time": 4.0333, "name": "b5_19_" },
					{ "time": 4.1667, "name": "b5_20_" },
					{ "time": 4.2667, "name": "b5_21_" },
					{ "time": 4.3667, "name": "b5_22_" },
					{ "time": 4.5, "name": "b5_23_" },
					{ "time": 4.6, "name": "b5_24_" },
					{ "time": 4.7, "name": null },
					{ "time": 6.3333, "name": null }
				]
			},
			"b6_00_": {
				"attachment": [
					{ "time": 0, "name": "b6_00_" },
					{ "time": 0.1, "name": "b6_01_" },
					{ "time": 0.2333, "name": "b6_02_" },
					{ "time": 0.3333, "name": "b6_03_" },
					{ "time": 0.4333, "name": "b6_04_" },
					{ "time": 0.5333, "name": "b6_05_" },
					{ "time": 0.6667, "name": "b6_06_" },
					{ "time": 0.7667, "name": "b6_07_" },
					{ "time": 0.8667, "name": "b6_08_" },
					{ "time": 1, "name": "b6_09_" },
					{ "time": 1.1, "name": "b6_10_" },
					{ "time": 1.2, "name": "b6_11_" },
					{ "time": 1.3, "name": "b6_12_" },
					{ "time": 1.4333, "name": "b6_13_" },
					{ "time": 1.5333, "name": "b6_14_" },
					{ "time": 1.6333, "name": "b6_15_" },
					{ "time": 1.7667, "name": "b6_16_" },
					{ "time": 1.8667, "name": "b6_17_" },
					{ "time": 1.9667, "name": "b6_00_" },
					{ "time": 2.0667, "name": "b6_01_" },
					{ "time": 2.2, "name": "b6_02_" },
					{ "time": 2.3, "name": "b6_03_" },
					{ "time": 2.4, "name": "b6_04_" },
					{ "time": 2.5, "name": "b6_05_" },
					{ "time": 2.6333, "name": "b6_06_" },
					{ "time": 2.7333, "name": "b6_07_" },
					{ "time": 2.8333, "name": "b6_08_" },
					{ "time": 2.9667, "name": "b6_09_" },
					{ "time": 3.0667, "name": "b6_10_" },
					{ "time": 3.1667, "name": "b6_11_" },
					{ "time": 3.2667, "name": "b6_12_" },
					{ "time": 3.4, "name": "b6_13_" },
					{ "time": 3.5, "name": "b6_14_" },
					{ "time": 3.6, "name": "b6_15_" },
					{ "time": 3.7, "name": "b6_16_" },
					{ "time": 3.8, "name": "b6_17_" },
					{ "time": 3.9, "name": "b6_18_" },
					{ "time": 4.0333, "name": "b6_19_" },
					{ "time": 4.1667, "name": "b6_20_" },
					{ "time": 4.2667, "name": "b6_21_" },
					{ "time": 4.3667, "name": "b6_22_" },
					{ "time": 4.5, "name": "b6_23_" },
					{ "time": 4.6, "name": "b6_24_" },
					{ "time": 4.7, "name": null },
					{ "time": 6.3333, "name": null }
				]
			},
			"b7_00_": {
				"attachment": [
					{ "time": 0, "name": "b7_00_" },
					{ "time": 0.1, "name": "b7_01_" },
					{ "time": 0.2333, "name": "b7_02_" },
					{ "time": 0.3333, "name": "b7_03_" },
					{ "time": 0.4333, "name": "b7_04_" },
					{ "time": 0.5333, "name": "b7_05_" },
					{ "time": 0.6667, "name": "b7_06_" },
					{ "time": 0.7667, "name": "b7_07_" },
					{ "time": 0.8667, "name": "b7_08_" },
					{ "time": 1, "name": "b7_09_" },
					{ "time": 1.1, "name": "b7_10_" },
					{ "time": 1.2, "name": "b7_11_" },
					{ "time": 1.3, "name": "b7_12_" },
					{ "time": 1.4333, "name": "b7_13_" },
					{ "time": 1.5333, "name": "b7_14_" },
					{ "time": 1.6333, "name": "b7_15_" },
					{ "time": 1.7667, "name": "b7_16_" },
					{ "time": 1.8667, "name": "b7_17_" },
					{ "time": 1.9667, "name": "b7_00_" },
					{ "time": 2.0667, "name": "b7_01_" },
					{ "time": 2.2, "name": "b7_02_" },
					{ "time": 2.3, "name": "b7_03_" },
					{ "time": 2.4, "name": "b7_04_" },
					{ "time": 2.5, "name": "b7_05_" },
					{ "time": 2.6333, "name": "b7_06_" },
					{ "time": 2.7333, "name": "b7_07_" },
					{ "time": 2.8333, "name": "b7_08_" },
					{ "time": 2.9667, "name": "b7_09_" },
					{ "time": 3.0667, "name": "b7_10_" },
					{ "time": 3.1667, "name": "b7_11_" },
					{ "time": 3.2667, "name": "b7_12_" },
					{ "time": 3.4, "name": "b7_13_" },
					{ "time": 3.5, "name": "b7_14_" },
					{ "time": 3.6, "name": "b7_15_" },
					{ "time": 3.7, "name": "b7_16_" },
					{ "time": 3.8, "name": "b7_17_" },
					{ "time": 3.9, "name": "b7_18_" },
					{ "time": 4.0333, "name": "b7_19_" },
					{ "time": 4.1667, "name": "b7_20_" },
					{ "time": 4.2667, "name": "b7_21_" },
					{ "time": 4.3667, "name": "b7_22_" },
					{ "time": 4.5, "name": "b7_23_" },
					{ "time": 4.6, "name": "b7_24_" },
					{ "time": 4.7, "name": null },
					{ "time": 6.3333, "name": null }
				]
			},
			"b8_00_": {
				"attachment": [
					{ "time": 0, "name": "b8_00_" },
					{ "time": 0.1, "name": "b8_01_" },
					{ "time": 0.2333, "name": "b8_02_" },
					{ "time": 0.3333, "name": "b8_03_" },
					{ "time": 0.4333, "name": "b8_04_" },
					{ "time": 0.5333, "name": "b8_05_" },
					{ "time": 0.6667, "name": "b8_06_" },
					{ "time": 0.7667, "name": "b8_07_" },
					{ "time": 0.8667, "name": "b8_08_" },
					{ "time": 1, "name": "b8_09_" },
					{ "time": 1.1, "name": "b8_10_" },
					{ "time": 1.2, "name": "b8_11_" },
					{ "time": 1.3, "name": "b8_12_" },
					{ "time": 1.4333, "name": "b8_13_" },
					{ "time": 1.5333, "name": "b8_14_" },
					{ "time": 1.6333, "name": "b8_15_" },
					{ "time": 1.7667, "name": "b8_16_" },
					{ "time": 1.8667, "name": "b8_17_" },
					{ "time": 1.9667, "name": "b8_00_" },
					{ "time": 2.0667, "name": "b8_01_" },
					{ "time": 2.2, "name": "b8_02_" },
					{ "time": 2.3, "name": "b8_03_" },
					{ "time": 2.4, "name": "b8_04_" },
					{ "time": 2.5, "name": "b8_05_" },
					{ "time": 2.6333, "name": "b8_06_" },
					{ "time": 2.7333, "name": "b8_07_" },
					{ "time": 2.8333, "name": "b8_08_" },
					{ "time": 2.9667, "name": "b8_09_" },
					{ "time": 3.0667, "name": "b8_10_" },
					{ "time": 3.1667, "name": "b8_11_" },
					{ "time": 3.2667, "name": "b8_12_" },
					{ "time": 3.4, "name": "b8_13_" },
					{ "time": 3.5, "name": "b8_14_" },
					{ "time": 3.6, "name": "b8_15_" },
					{ "time": 3.7, "name": "b8_16_" },
					{ "time": 3.8, "name": "b8_17_" },
					{ "time": 3.9, "name": "b8_18_" },
					{ "time": 4.0333, "name": "b8_19_" },
					{ "time": 4.1667, "name": "b8_20_" },
					{ "time": 4.2667, "name": "b8_21_" },
					{ "time": 4.3667, "name": "b8_22_" },
					{ "time": 4.5, "name": "b8_23_" },
					{ "time": 4.6, "name": "b8_24_" },
					{ "time": 4.7, "name": null },
					{ "time": 6.3333, "name": null }
				]
			},
			"c14_": {
				"attachment": [
					{ "time": 0, "name": "c14_00_" },
					{ "time": 0.1, "name": "c14_01_" },
					{ "time": 0.2333, "name": "c14_02_" },
					{ "time": 0.3333, "name": "c14_03_" },
					{ "time": 0.4333, "name": "c14_04_" },
					{ "time": 0.5333, "name": "c14_05_" },
					{ "time": 0.6667, "name": "c14_06_" },
					{ "time": 0.7667, "name": "c14_07_" },
					{ "time": 0.8667, "name": "c14_08_" },
					{ "time": 1, "name": "c14_09_" },
					{ "time": 1.1, "name": "c14_10_" },
					{ "time": 1.2, "name": "c14_11_" },
					{ "time": 1.3, "name": "c14_12_" },
					{ "time": 1.4333, "name": "c14_13_" },
					{ "time": 1.5333, "name": "c14_14_" },
					{ "time": 1.6333, "name": "c14_15_" },
					{ "time": 1.7667, "name": "c14_16_" },
					{ "time": 1.8667, "name": "c14_17_" },
					{ "time": 1.9667, "name": "c14_00_" },
					{ "time": 2.0667, "name": "c14_01_" },
					{ "time": 2.2, "name": "c14_02_" },
					{ "time": 2.3, "name": "c14_03_" },
					{ "time": 2.4, "name": "c14_04_" },
					{ "time": 2.5, "name": "c14_05_" },
					{ "time": 2.6333, "name": "c14_06_" },
					{ "time": 2.7333, "name": "c14_07_" },
					{ "time": 2.8333, "name": "c14_08_" },
					{ "time": 2.9667, "name": "c14_09_" },
					{ "time": 3.0667, "name": "c14_10_" },
					{ "time": 3.1667, "name": "c14_11_" },
					{ "time": 3.2667, "name": "c14_12_" },
					{ "time": 3.4, "name": "c14_13_" },
					{ "time": 3.5, "name": "c14_14_" },
					{ "time": 3.6, "name": "c14_15_" },
					{ "time": 3.7, "name": "c14_16_" },
					{ "time": 3.8, "name": "c14_17_" },
					{ "time": 3.9, "name": "c14_18_" },
					{ "time": 4.0333, "name": "c14_19_" },
					{ "time": 4.1667, "name": "c14_20_" },
					{ "time": 4.2667, "name": "c14_21_" },
					{ "time": 4.3667, "name": "c14_22_" },
					{ "time": 4.5, "name": "c14_23_" },
					{ "time": 4.6, "name": "c14_24_" },
					{ "time": 4.7, "name": null },
					{ "time": 6.3333, "name": null }
				]
			},
			"c15_": {
				"attachment": [
					{ "time": 0, "name": "c15_00_" },
					{ "time": 0.1, "name": "c15_01_" },
					{ "time": 0.2333, "name": "c15_02_" },
					{ "time": 0.3333, "name": "c15_03_" },
					{ "time": 0.4333, "name": "c15_04_" },
					{ "time": 0.5333, "name": "c15_05_" },
					{ "time": 0.6667, "name": "c15_06_" },
					{ "time": 0.7667, "name": "c15_07_" },
					{ "time": 0.8667, "name": "c15_08_" },
					{ "time": 1, "name": "c15_09_" },
					{ "time": 1.1, "name": "c15_10_" },
					{ "time": 1.2, "name": "c15_11_" },
					{ "time": 1.3, "name": "c15_12_" },
					{ "time": 1.4333, "name": "c15_13_" },
					{ "time": 1.5333, "name": "c15_14_" },
					{ "time": 1.6333, "name": "c15_15_" },
					{ "time": 1.7667, "name": "c15_16_" },
					{ "time": 1.8667, "name": "c15_17_" },
					{ "time": 1.9667, "name": "c15_00_" },
					{ "time": 2.0667, "name": "c15_01_" },
					{ "time": 2.2, "name": "c15_02_" },
					{ "time": 2.3, "name": "c15_03_" },
					{ "time": 2.4, "name": "c15_04_" },
					{ "time": 2.5, "name": "c15_05_" },
					{ "time": 2.6333, "name": "c15_06_" },
					{ "time": 2.7333, "name": "c15_07_" },
					{ "time": 2.8333, "name": "c15_08_" },
					{ "time": 2.9667, "name": "c15_09_" },
					{ "time": 3.0667, "name": "c15_10_" },
					{ "time": 3.1667, "name": "c15_11_" },
					{ "time": 3.2667, "name": "c15_12_" },
					{ "time": 3.4, "name": "c15_13_" },
					{ "time": 3.5, "name": "c15_14_" },
					{ "time": 3.6, "name": "c15_15_" },
					{ "time": 3.7, "name": "c15_16_" },
					{ "time": 3.8, "name": "c15_17_" },
					{ "time": 3.9, "name": "c15_18_" },
					{ "time": 4.0333, "name": "c15_19_" },
					{ "time": 4.1667, "name": "c15_20_" },
					{ "time": 4.2667, "name": "c15_21_" },
					{ "time": 4.3667, "name": "c15_22_" },
					{ "time": 4.5, "name": "c15_23_" },
					{ "time": 4.6, "name": "c15_24_" },
					{ "time": 4.7, "name": null },
					{ "time": 6.3333, "name": null }
				]
			},
			"c16_": {
				"attachment": [
					{ "time": 0, "name": "c16_00_" },
					{ "time": 0.1, "name": "c16_01_" },
					{ "time": 0.2333, "name": "c16_02_" },
					{ "time": 0.3333, "name": "c16_03_" },
					{ "time": 0.4333, "name": "c16_04_" },
					{ "time": 0.5333, "name": "c16_05_" },
					{ "time": 0.6667, "name": "c16_06_" },
					{ "time": 0.7667, "name": "c16_07_" },
					{ "time": 0.8667, "name": "c16_08_" },
					{ "time": 1, "name": "c16_09_" },
					{ "time": 1.1, "name": "c16_10_" },
					{ "time": 1.2, "name": "c16_11_" },
					{ "time": 1.3, "name": "c16_12_" },
					{ "time": 1.4333, "name": "c16_13_" },
					{ "time": 1.5333, "name": "c16_14_" },
					{ "time": 1.6333, "name": "c16_15_" },
					{ "time": 1.7667, "name": "c16_16_" },
					{ "time": 1.8667, "name": "c16_17_" },
					{ "time": 1.9667, "name": "c16_00_" },
					{ "time": 2.0667, "name": "c16_01_" },
					{ "time": 2.2, "name": "c16_02_" },
					{ "time": 2.3, "name": "c16_03_" },
					{ "time": 2.4, "name": "c16_04_" },
					{ "time": 2.5, "name": "c16_05_" },
					{ "time": 2.6333, "name": "c16_06_" },
					{ "time": 2.7333, "name": "c16_07_" },
					{ "time": 2.8333, "name": "c16_08_" },
					{ "time": 2.9667, "name": "c16_09_" },
					{ "time": 3.0667, "name": "c16_10_" },
					{ "time": 3.1667, "name": "c16_11_" },
					{ "time": 3.2667, "name": "c16_12_" },
					{ "time": 3.4, "name": "c16_13_" },
					{ "time": 3.5, "name": "c16_14_" },
					{ "time": 3.6, "name": "c16_15_" },
					{ "time": 3.7, "name": "c16_16_" },
					{ "time": 3.8, "name": "c16_17_" },
					{ "time": 3.9, "name": "c16_18_" },
					{ "time": 4.0333, "name": "c16_19_" },
					{ "time": 4.1667, "name": "c16_20_" },
					{ "time": 4.2667, "name": "c16_21_" },
					{ "time": 4.3667, "name": "c16_22_" },
					{ "time": 4.5, "name": "c16_23_" },
					{ "time": 4.6, "name": "c16_24_" },
					{ "time": 4.7, "name": null },
					{ "time": 6.3333, "name": null }
				]
			}
		}
	}
}
}