{
"skeleton": { "hash": "JXUxEx6Nd8Gk2itPPVTAsa5QIFc", "spine": "3.7.94", "width": 1018.86, "height": 390, "images": "", "audio": "" },
"bones": [
	{ "name": "root" },
	{ "name": "bone", "parent": "root", "x": 101.8, "y": 57.63, "scaleX": -0.99 }
],
"slots": [
	{ "name": "a", "bone": "root", "attachment": "heicb_a_00_" },
	{ "name": "a2", "bone": "bone", "attachment": "heicb_a_00_" },
	{ "name": "b", "bone": "root", "attachment": "heicb_b_00_" },
	{ "name": "b2", "bone": "bone", "attachment": "heicb_b_00_" }
],
"skins": {
	"default": {
		"a": {
			"heicb_a_00_": { "x": -423.55, "y": 185.65, "width": 225, "height": 390 },
			"heicb_a_01_": { "x": -423.55, "y": 185.65, "width": 225, "height": 390 },
			"heicb_a_02_": { "x": -423.55, "y": 185.65, "width": 225, "height": 390 },
			"heicb_a_03_": { "x": -423.55, "y": 185.65, "width": 225, "height": 390 },
			"heicb_a_04_": { "x": -423.55, "y": 185.65, "width": 225, "height": 390 },
			"heicb_a_05_": { "x": -423.55, "y": 185.65, "width": 225, "height": 390 },
			"heicb_a_06_": { "x": -423.55, "y": 185.65, "width": 225, "height": 390 },
			"heicb_a_07_": { "x": -423.55, "y": 185.65, "width": 225, "height": 390 },
			"heicb_a_08_": { "x": -423.55, "y": 185.65, "width": 225, "height": 390 },
			"heicb_a_09_": { "x": -423.55, "y": 185.65, "width": 225, "height": 390 },
			"heicb_a_10_": { "x": -423.55, "y": 185.65, "width": 225, "height": 390 },
			"heicb_a_11_": { "x": -423.55, "y": 185.65, "width": 225, "height": 390 },
			"heicb_a_12_": { "x": -423.55, "y": 185.65, "width": 225, "height": 390 },
			"heicb_a_13_": { "x": -423.55, "y": 185.65, "width": 225, "height": 390 },
			"heicb_a_14_": { "x": -423.55, "y": 185.65, "width": 225, "height": 390 },
			"heicb_a_15_": { "x": -423.55, "y": 185.65, "width": 225, "height": 390 },
			"heicb_a_16_": { "x": -423.55, "y": 185.65, "width": 225, "height": 390 },
			"heicb_a_17_": { "x": -423.55, "y": 185.65, "width": 225, "height": 390 },
			"heicb_a_18_": { "x": -423.55, "y": 185.65, "width": 225, "height": 390 },
			"heicb_a_19_": { "x": -423.55, "y": 185.65, "width": 225, "height": 390 },
			"heicb_a_20_": { "x": -423.55, "y": 185.65, "width": 225, "height": 390 },
			"heicb_a_21_": { "x": -423.55, "y": 185.65, "width": 225, "height": 390 },
			"heicb_a_22_": { "x": -423.55, "y": 185.65, "width": 225, "height": 390 },
			"heicb_a_23_": { "x": -423.55, "y": 185.65, "width": 225, "height": 390 }
		},
		"a2": {
			"heicb_a_00_": { "x": -272.35, "y": 128.02, "width": 225, "height": 390 },
			"heicb_a_01_": { "x": -272.35, "y": 128.02, "width": 225, "height": 390 },
			"heicb_a_02_": { "x": -272.35, "y": 128.02, "width": 225, "height": 390 },
			"heicb_a_03_": { "x": -272.35, "y": 128.02, "width": 225, "height": 390 },
			"heicb_a_04_": { "x": -272.35, "y": 128.02, "width": 225, "height": 390 },
			"heicb_a_05_": { "x": -272.35, "y": 128.02, "width": 225, "height": 390 },
			"heicb_a_06_": { "x": -272.35, "y": 128.02, "width": 225, "height": 390 },
			"heicb_a_07_": { "x": -272.35, "y": 128.02, "width": 225, "height": 390 },
			"heicb_a_08_": { "x": -272.35, "y": 128.02, "width": 225, "height": 390 },
			"heicb_a_09_": { "x": -272.35, "y": 128.02, "width": 225, "height": 390 },
			"heicb_a_10_": { "x": -272.35, "y": 128.02, "width": 225, "height": 390 },
			"heicb_a_11_": { "x": -272.35, "y": 128.02, "width": 225, "height": 390 },
			"heicb_a_12_": { "x": -272.35, "y": 128.02, "width": 225, "height": 390 },
			"heicb_a_13_": { "x": -272.35, "y": 128.02, "width": 225, "height": 390 },
			"heicb_a_14_": { "x": -272.35, "y": 128.02, "width": 225, "height": 390 },
			"heicb_a_15_": { "x": -272.35, "y": 128.02, "width": 225, "height": 390 },
			"heicb_a_16_": { "x": -272.35, "y": 128.02, "width": 225, "height": 390 },
			"heicb_a_17_": { "x": -272.35, "y": 128.02, "width": 225, "height": 390 },
			"heicb_a_18_": { "x": -272.35, "y": 128.02, "width": 225, "height": 390 },
			"heicb_a_19_": { "x": -272.35, "y": 128.02, "width": 225, "height": 390 },
			"heicb_a_20_": { "x": -272.35, "y": 128.02, "width": 225, "height": 390 },
			"heicb_a_21_": { "x": -272.35, "y": 128.02, "width": 225, "height": 390 },
			"heicb_a_22_": { "x": -272.35, "y": 128.02, "width": 225, "height": 390 },
			"heicb_a_23_": { "x": -272.35, "y": 128.02, "width": 225, "height": 390 }
		},
		"b": {
			"heicb_b_00_": { "x": -198.55, "y": 185.65, "width": 225, "height": 390 },
			"heicb_b_01_": { "x": -198.55, "y": 185.65, "width": 225, "height": 390 },
			"heicb_b_02_": { "x": -198.55, "y": 185.65, "width": 225, "height": 390 },
			"heicb_b_03_": { "x": -198.55, "y": 185.65, "width": 225, "height": 390 },
			"heicb_b_04_": { "x": -198.55, "y": 185.65, "width": 225, "height": 390 },
			"heicb_b_05_": { "x": -198.55, "y": 185.65, "width": 225, "height": 390 },
			"heicb_b_06_": { "x": -198.55, "y": 185.65, "width": 225, "height": 390 },
			"heicb_b_07_": { "x": -198.55, "y": 185.65, "width": 225, "height": 390 },
			"heicb_b_08_": { "x": -198.55, "y": 185.65, "width": 225, "height": 390 },
			"heicb_b_09_": { "x": -198.55, "y": 185.65, "width": 225, "height": 390 },
			"heicb_b_10_": { "x": -198.55, "y": 185.65, "width": 225, "height": 390 },
			"heicb_b_11_": { "x": -198.55, "y": 185.65, "width": 225, "height": 390 },
			"heicb_b_12_": { "x": -198.55, "y": 185.65, "width": 225, "height": 390 },
			"heicb_b_13_": { "x": -198.55, "y": 185.65, "width": 225, "height": 390 },
			"heicb_b_14_": { "x": -198.55, "y": 185.65, "width": 225, "height": 390 },
			"heicb_b_15_": { "x": -198.55, "y": 185.65, "width": 225, "height": 390 },
			"heicb_b_16_": { "x": -198.55, "y": 185.65, "width": 225, "height": 390 },
			"heicb_b_17_": { "x": -198.55, "y": 185.65, "width": 225, "height": 390 },
			"heicb_b_18_": { "x": -198.55, "y": 185.65, "width": 225, "height": 390 },
			"heicb_b_19_": { "x": -198.55, "y": 185.65, "width": 225, "height": 390 },
			"heicb_b_20_": { "x": -198.55, "y": 185.65, "width": 225, "height": 390 },
			"heicb_b_21_": { "x": -198.55, "y": 185.65, "width": 225, "height": 390 },
			"heicb_b_22_": { "x": -198.55, "y": 185.65, "width": 225, "height": 390 },
			"heicb_b_23_": { "x": -198.55, "y": 185.65, "width": 225, "height": 390 }
		},
		"b2": {
			"heicb_b_00_": { "x": -47.38, "y": 128.02, "width": 225, "height": 390 },
			"heicb_b_01_": { "x": -47.38, "y": 128.02, "width": 225, "height": 390 },
			"heicb_b_02_": { "x": -47.38, "y": 128.02, "width": 225, "height": 390 },
			"heicb_b_03_": { "x": -47.38, "y": 128.02, "width": 225, "height": 390 },
			"heicb_b_04_": { "x": -47.38, "y": 128.02, "width": 225, "height": 390 },
			"heicb_b_05_": { "x": -47.38, "y": 128.02, "width": 225, "height": 390 },
			"heicb_b_06_": { "x": -47.38, "y": 128.02, "width": 225, "height": 390 },
			"heicb_b_07_": { "x": -47.38, "y": 128.02, "width": 225, "height": 390 },
			"heicb_b_08_": { "x": -47.38, "y": 128.02, "width": 225, "height": 390 },
			"heicb_b_09_": { "x": -47.38, "y": 128.02, "width": 225, "height": 390 },
			"heicb_b_10_": { "x": -47.38, "y": 128.02, "width": 225, "height": 390 },
			"heicb_b_11_": { "x": -47.38, "y": 128.02, "width": 225, "height": 390 },
			"heicb_b_12_": { "x": -47.38, "y": 128.02, "width": 225, "height": 390 },
			"heicb_b_13_": { "x": -47.38, "y": 128.02, "width": 225, "height": 390 },
			"heicb_b_14_": { "x": -47.38, "y": 128.02, "width": 225, "height": 390 },
			"heicb_b_15_": { "x": -47.38, "y": 128.02, "width": 225, "height": 390 },
			"heicb_b_16_": { "x": -47.38, "y": 128.02, "width": 225, "height": 390 },
			"heicb_b_17_": { "x": -47.38, "y": 128.02, "width": 225, "height": 390 },
			"heicb_b_18_": { "x": -47.38, "y": 128.02, "width": 225, "height": 390 },
			"heicb_b_19_": { "x": -47.38, "y": 128.02, "width": 225, "height": 390 },
			"heicb_b_20_": { "x": -47.38, "y": 128.02, "width": 225, "height": 390 },
			"heicb_b_21_": { "x": -47.38, "y": 128.02, "width": 225, "height": 390 },
			"heicb_b_22_": { "x": -47.38, "y": 128.02, "width": 225, "height": 390 },
			"heicb_b_23_": { "x": -47.38, "y": 128.02, "width": 225, "height": 390 }
		}
	}
},
"animations": {
	"animation": {
		"slots": {
			"a": {
				"attachment": [
					{ "time": 0, "name": "heicb_a_00_" },
					{ "time": 0.0667, "name": "heicb_a_01_" },
					{ "time": 0.1333, "name": "heicb_a_02_" },
					{ "time": 0.2, "name": "heicb_a_03_" },
					{ "time": 0.2667, "name": "heicb_a_04_" },
					{ "time": 0.3333, "name": "heicb_a_05_" },
					{ "time": 0.4, "name": "heicb_a_06_" },
					{ "time": 0.4667, "name": "heicb_a_07_" },
					{ "time": 0.5333, "name": "heicb_a_08_" },
					{ "time": 0.6, "name": "heicb_a_09_" },
					{ "time": 0.6667, "name": "heicb_a_10_" },
					{ "time": 0.7333, "name": "heicb_a_11_" },
					{ "time": 0.8333, "name": "heicb_a_12_" },
					{ "time": 0.9, "name": "heicb_a_13_" },
					{ "time": 0.9667, "name": "heicb_a_14_" },
					{ "time": 1.0333, "name": "heicb_a_15_" },
					{ "time": 1.1, "name": "heicb_a_16_" },
					{ "time": 1.1667, "name": "heicb_a_17_" },
					{ "time": 1.2333, "name": "heicb_a_18_" },
					{ "time": 1.3, "name": "heicb_a_19_" },
					{ "time": 1.3667, "name": "heicb_a_20_" },
					{ "time": 1.4333, "name": "heicb_a_21_" },
					{ "time": 1.5, "name": "heicb_a_22_" },
					{ "time": 1.5667, "name": "heicb_a_23_" },
					{ "time": 1.6333, "name": "heicb_a_00_" }
				]
			},
			"a2": {
				"attachment": [
					{ "time": 0, "name": "heicb_a_00_" },
					{ "time": 0.0667, "name": "heicb_a_01_" },
					{ "time": 0.1333, "name": "heicb_a_02_" },
					{ "time": 0.2, "name": "heicb_a_03_" },
					{ "time": 0.2667, "name": "heicb_a_04_" },
					{ "time": 0.3333, "name": "heicb_a_05_" },
					{ "time": 0.4, "name": "heicb_a_06_" },
					{ "time": 0.4667, "name": "heicb_a_07_" },
					{ "time": 0.5333, "name": "heicb_a_08_" },
					{ "time": 0.6, "name": "heicb_a_09_" },
					{ "time": 0.6667, "name": "heicb_a_10_" },
					{ "time": 0.7333, "name": "heicb_a_11_" },
					{ "time": 0.8333, "name": "heicb_a_12_" },
					{ "time": 0.9, "name": "heicb_a_13_" },
					{ "time": 0.9667, "name": "heicb_a_14_" },
					{ "time": 1.0333, "name": "heicb_a_15_" },
					{ "time": 1.1, "name": "heicb_a_16_" },
					{ "time": 1.1667, "name": "heicb_a_17_" },
					{ "time": 1.2333, "name": "heicb_a_18_" },
					{ "time": 1.3, "name": "heicb_a_19_" },
					{ "time": 1.3667, "name": "heicb_a_20_" },
					{ "time": 1.4333, "name": "heicb_a_21_" },
					{ "time": 1.5, "name": "heicb_a_22_" },
					{ "time": 1.5667, "name": "heicb_a_23_" },
					{ "time": 1.6333, "name": "heicb_a_00_" }
				]
			},
			"b": {
				"attachment": [
					{ "time": 0, "name": "heicb_b_00_" },
					{ "time": 0.0667, "name": "heicb_b_01_" },
					{ "time": 0.1333, "name": "heicb_b_02_" },
					{ "time": 0.2, "name": "heicb_b_03_" },
					{ "time": 0.2667, "name": "heicb_b_04_" },
					{ "time": 0.3333, "name": "heicb_b_05_" },
					{ "time": 0.4, "name": "heicb_b_06_" },
					{ "time": 0.4667, "name": "heicb_b_07_" },
					{ "time": 0.5333, "name": "heicb_b_08_" },
					{ "time": 0.6, "name": "heicb_b_09_" },
					{ "time": 0.6667, "name": "heicb_b_10_" },
					{ "time": 0.7333, "name": "heicb_b_11_" },
					{ "time": 0.8333, "name": "heicb_b_12_" },
					{ "time": 0.9, "name": "heicb_b_13_" },
					{ "time": 0.9667, "name": "heicb_b_14_" },
					{ "time": 1.0333, "name": "heicb_b_15_" },
					{ "time": 1.1, "name": "heicb_b_16_" },
					{ "time": 1.1667, "name": "heicb_b_17_" },
					{ "time": 1.2333, "name": "heicb_b_18_" },
					{ "time": 1.3, "name": "heicb_b_19_" },
					{ "time": 1.3667, "name": "heicb_b_20_" },
					{ "time": 1.4333, "name": "heicb_b_21_" },
					{ "time": 1.5, "name": "heicb_b_22_" },
					{ "time": 1.5667, "name": "heicb_b_23_" },
					{ "time": 1.6333, "name": "heicb_b_00_" }
				]
			},
			"b2": {
				"attachment": [
					{ "time": 0, "name": "heicb_b_00_" },
					{ "time": 0.0667, "name": "heicb_b_01_" },
					{ "time": 0.1333, "name": "heicb_b_02_" },
					{ "time": 0.2, "name": "heicb_b_03_" },
					{ "time": 0.2667, "name": "heicb_b_04_" },
					{ "time": 0.3333, "name": "heicb_b_05_" },
					{ "time": 0.4, "name": "heicb_b_06_" },
					{ "time": 0.4667, "name": "heicb_b_07_" },
					{ "time": 0.5333, "name": "heicb_b_08_" },
					{ "time": 0.6, "name": "heicb_b_09_" },
					{ "time": 0.6667, "name": "heicb_b_10_" },
					{ "time": 0.7333, "name": "heicb_b_11_" },
					{ "time": 0.8333, "name": "heicb_b_12_" },
					{ "time": 0.9, "name": "heicb_b_13_" },
					{ "time": 0.9667, "name": "heicb_b_14_" },
					{ "time": 1.0333, "name": "heicb_b_15_" },
					{ "time": 1.1, "name": "heicb_b_16_" },
					{ "time": 1.1667, "name": "heicb_b_17_" },
					{ "time": 1.2333, "name": "heicb_b_18_" },
					{ "time": 1.3, "name": "heicb_b_19_" },
					{ "time": 1.3667, "name": "heicb_b_20_" },
					{ "time": 1.4333, "name": "heicb_b_21_" },
					{ "time": 1.5, "name": "heicb_b_22_" },
					{ "time": 1.5667, "name": "heicb_b_23_" },
					{ "time": 1.6333, "name": "heicb_b_00_" }
				]
			}
		}
	}
}
}