{"skeleton":{"hash":"YIzS/1iZLbxUvPxzP5B6zypLJKQ","spine":"3.7.94","width":1136.05,"height":3228.43,"images":"","audio":""},"bones":[{"name":"root"},{"name":"yun","parent":"root"},{"name":"yun1a","parent":"yun","color":"0000ffff"},{"name":"yun1b","parent":"yun","color":"0000ffff"},{"name":"yun2a","parent":"yun","x":-197.6,"y":66.88,"scaleX":0.512,"scaleY":0.512,"color":"21ff00ff"},{"name":"yun2b","parent":"yun","x":-197.6,"y":66.88,"scaleX":0.512,"scaleY":0.512,"color":"21ff00ff"},{"name":"wu1","parent":"root","x":-296.77,"y":37.52,"scaleX":1.523,"scaleY":1.523},{"name":"wu1a","parent":"wu1"},{"name":"wu1b","parent":"wu1"},{"name":"wu2","parent":"root","x":-299.04,"y":1295.54,"scaleX":0.667,"scaleY":0.667},{"name":"wu2a","parent":"wu2"},{"name":"wu2b","parent":"wu2"},{"name":"yun3b","parent":"yun","x":-136.2,"y":1380.16,"color":"ff0000ff"},{"name":"yun3a","parent":"yun","x":-136.2,"y":1380.16,"color":"ff0000ff"},{"name":"wu3","parent":"root","x":136.13,"y":-159.55},{"name":"wu3a","parent":"wu3"},{"name":"wu3b","parent":"wu3"},{"name":"wu4","parent":"root","x":-191.28,"y":-605.51},{"name":"wu4a","parent":"wu4"},{"name":"wu4b","parent":"wu4"},{"name":"yun4a","parent":"yun","x":-220.34,"y":-577,"scaleX":0.873,"scaleY":0.873,"color":"abac00ff"},{"name":"yun4b","parent":"yun","x":-220.34,"y":-577,"scaleX":0.873,"scaleY":0.873,"color":"abac00ff"},{"name":"yun5a","parent":"yun","x":-45.46,"y":-690.29,"scaleX":0.512,"scaleY":0.512,"color":"9b52ffff"},{"name":"yun5b","parent":"yun","x":-45.46,"y":-690.29,"scaleX":0.512,"scaleY":0.512,"color":"9b52ffff"},{"name":"yun7b","parent":"yun","x":236.14,"y":-1376.37,"scaleX":1.524,"scaleY":1.524,"color":"ffb017ff"},{"name":"yun7a","parent":"yun","x":236.14,"y":-1376.37,"scaleX":1.524,"scaleY":1.524,"color":"ffb017ff"},{"name":"yun6b","parent":"yun","x":61.26,"y":-1263.08,"scaleX":0.694,"scaleY":0.694,"color":"29ffffff"},{"name":"yun6a","parent":"yun","x":61.26,"y":-1263.08,"scaleX":0.694,"scaleY":0.694,"color":"29ffffff"},{"name":"yun8b","parent":"yun","x":-2.02,"y":880.2,"scaleX":1.524,"scaleY":1.524,"color":"000000ff"},{"name":"yun8a","parent":"yun","x":-2.02,"y":880.2,"scaleX":1.524,"scaleY":1.524,"color":"000000ff"},{"name":"yun9a","parent":"yun","x":-233.41,"y":839.4,"scaleX":0.512,"scaleY":0.512,"color":"21ff00ff"},{"name":"yun9b","parent":"yun","x":-233.41,"y":839.4,"scaleX":0.512,"scaleY":0.512,"color":"21ff00ff"},{"name":"yun8b2","parent":"yun","x":-302.96,"y":-1681.46,"scaleX":1.063,"scaleY":1.063,"color":"000000ff"},{"name":"yun8a2","parent":"yun","x":-302.96,"y":-1681.46,"scaleX":1.063,"scaleY":1.063,"color":"000000ff"}],"slots":[{"name":"yun1a","bone":"yun1a","attachment":"yun1127_"},{"name":"yun4a","bone":"yun4a","attachment":"yun1127_"},{"name":"yun6a","bone":"yun6a","attachment":"yun1127_"},{"name":"yun3a","bone":"yun3a","color":"ffffffaa","attachment":"yun1127_"},{"name":"wu1a","bone":"wu1a","color":"d7ebc8ff","attachment":"yun_"},{"name":"wu2a","bone":"wu2a","color":"a0b4aaff","attachment":"yun_"},{"name":"wu3a","bone":"wu3a","color":"ffffffc7","attachment":"yun_"},{"name":"wu4a","bone":"wu4a","color":"ffffffc7","attachment":"yun_"},{"name":"yun2a","bone":"yun2a","attachment":"yun1127a_"},{"name":"yun9a","bone":"yun9a","attachment":"yun1127a_"},{"name":"yun5a","bone":"yun5a","attachment":"yun1127a_"},{"name":"yun7a","bone":"yun7a","attachment":"yun1127a_"},{"name":"yun8a","bone":"yun8a","color":"ffffffaa","attachment":"yun1127a_"},{"name":"yun8a2","bone":"yun8a2","attachment":"yun1127a_"},{"name":"yun1b","bone":"yun1b"},{"name":"yun4b","bone":"yun4b"},{"name":"yun6b","bone":"yun6b"},{"name":"yun3b","bone":"yun3b"},{"name":"wu1b","bone":"wu1b","color":"d7ebc8ff"},{"name":"wu2b","bone":"wu2b","color":"a0b4aaff"},{"name":"wu3b","bone":"wu3b"},{"name":"wu4b","bone":"wu4b"},{"name":"yun2b","bone":"yun2b"},{"name":"yun9b","bone":"yun9b"},{"name":"yun5b","bone":"yun5b"},{"name":"yun7b","bone":"yun7b"},{"name":"yun8b","bone":"yun8b"},{"name":"yun8b2","bone":"yun8b2"}],"skins":{"default":{"wu1a":{"yun_":{"x":9.57,"y":3.19,"scaleX":2,"scaleY":2,"width":230,"height":142}},"wu1b":{"yun_":{"x":9.57,"y":3.19,"scaleX":2,"scaleY":2,"width":230,"height":142}},"wu2a":{"yun_":{"x":9.57,"y":3.19,"scaleX":2,"scaleY":2,"width":230,"height":142}},"wu2b":{"yun_":{"x":9.57,"y":3.19,"scaleX":2,"scaleY":2,"width":230,"height":142}},"wu3a":{"yun_":{"x":9.57,"y":3.19,"scaleX":2,"scaleY":2,"width":230,"height":142}},"wu3b":{"yun_":{"x":9.57,"y":3.19,"scaleX":2,"scaleY":2,"width":230,"height":142}},"wu4a":{"yun_":{"x":9.57,"y":3.19,"scaleX":2,"scaleY":2,"width":230,"height":142}},"wu4b":{"yun_":{"x":9.57,"y":3.19,"scaleX":2,"scaleY":2,"width":230,"height":142}},"yun1a":{"yun1127_":{"x":9.57,"y":3.19,"scaleX":2,"scaleY":2,"width":195,"height":82}},"yun1b":{"yun1127_":{"x":9.57,"y":3.19,"scaleX":2,"scaleY":2,"width":195,"height":82}},"yun2a":{"yun1127a_":{"x":9.57,"y":3.19,"scaleX":2,"scaleY":2,"width":166,"height":80}},"yun2b":{"yun1127a_":{"x":9.57,"y":3.19,"scaleX":2,"scaleY":2,"width":166,"height":80}},"yun3a":{"yun1127_":{"x":9.57,"y":3.19,"scaleX":2,"scaleY":2,"width":195,"height":82}},"yun3b":{"yun1127_":{"x":9.57,"y":3.19,"scaleX":2,"scaleY":2,"width":195,"height":82}},"yun4a":{"yun1127_":{"x":9.57,"y":3.19,"scaleX":2,"scaleY":2,"width":195,"height":82}},"yun4b":{"yun1127_":{"x":9.57,"y":3.19,"scaleX":2,"scaleY":2,"width":195,"height":82}},"yun5a":{"yun1127a_":{"x":9.57,"y":3.19,"scaleX":2,"scaleY":2,"width":166,"height":80}},"yun5b":{"yun1127a_":{"x":9.57,"y":3.19,"scaleX":2,"scaleY":2,"width":166,"height":80}},"yun6a":{"yun1127_":{"x":9.57,"y":3.19,"scaleX":2,"scaleY":2,"width":195,"height":82}},"yun6b":{"yun1127_":{"x":9.57,"y":3.19,"scaleX":2,"scaleY":2,"width":195,"height":82}},"yun7a":{"yun1127a_":{"x":9.57,"y":3.19,"scaleX":2,"scaleY":2,"width":166,"height":80}},"yun7b":{"yun1127a_":{"x":9.57,"y":3.19,"scaleX":2,"scaleY":2,"width":166,"height":80}},"yun8a":{"yun1127a_":{"x":9.57,"y":3.19,"scaleX":-2,"scaleY":2,"width":166,"height":80}},"yun8a2":{"yun1127a_":{"x":9.57,"y":3.19,"scaleX":-2,"scaleY":2,"width":166,"height":80}},"yun8b":{"yun1127a_":{"x":9.57,"y":3.19,"scaleX":-2,"scaleY":2,"width":166,"height":80}},"yun8b2":{"yun1127a_":{"x":9.57,"y":3.19,"scaleX":-2,"scaleY":2,"width":166,"height":80}},"yun9a":{"yun1127a_":{"x":9.57,"y":3.19,"scaleX":2,"scaleY":2,"width":166,"height":80}},"yun9b":{"yun1127a_":{"x":9.57,"y":3.19,"scaleX":2,"scaleY":2,"width":166,"height":80}}}},"animations":{"animation":{"slots":{"wu1a":{"color":[{"time":0,"color":"c4dcb200"},{"time":4.6667,"color":"d7ebc8ff"}]},"wu1b":{"color":[{"time":0,"color":"d7ebc8ff"},{"time":4.6667,"color":"c4dcb200"}],"attachment":[{"time":0,"name":"yun_"}]},"wu2a":{"color":[{"time":0,"color":"9fb3aa00"},{"time":4.6667,"color":"a0b4aaff"}]},"wu2b":{"color":[{"time":0,"color":"a0b4aaff"},{"time":4.6667,"color":"9fb3aa00"}],"attachment":[{"time":0,"name":"yun_"}]},"wu3a":{"color":[{"time":0,"color":"ffffff00"},{"time":4.6667,"color":"ffffffc7"}]},"wu3b":{"color":[{"time":0,"color":"ffffffc7"},{"time":4.6667,"color":"ffffff00"}],"attachment":[{"time":0,"name":"yun_"}]},"wu4a":{"color":[{"time":0,"color":"ffffff00"},{"time":4.6667,"color":"ffffffc7"}]},"wu4b":{"color":[{"time":0,"color":"ffffffc7"},{"time":4.6667,"color":"ffffff00"}],"attachment":[{"time":0,"name":"yun_"}]},"yun1a":{"color":[{"time":0,"color":"ffffff00"},{"time":2.6667,"color":"ffffffc5"},{"time":4.6667,"color":"ffffffff"}]},"yun1b":{"color":[{"time":0,"color":"ffffffff"},{"time":4.6667,"color":"ffffff00"}],"attachment":[{"time":0,"name":"yun1127_"}]},"yun2a":{"color":[{"time":0,"color":"ffffff00"},{"time":2.6667,"color":"ffffffaa"}]},"yun2b":{"color":[{"time":0,"color":"ffffffaa"},{"time":0.6667,"color":"ffffffc7"},{"time":2.6667,"color":"ffffff00"}],"attachment":[{"time":0,"name":"yun1127a_"}]},"yun3a":{"color":[{"time":0,"color":"ffffff00"},{"time":4.6667,"color":"ffffffaa"}]},"yun3b":{"color":[{"time":0,"color":"ffffffaa"},{"time":4.6667,"color":"ffffff00"}],"attachment":[{"time":0,"name":"yun1127_"}]},"yun4a":{"color":[{"time":0,"color":"ffffff00"},{"time":2.6667,"color":"ffffffc5"},{"time":4.6667,"color":"ffffffff"}]},"yun4b":{"color":[{"time":0,"color":"ffffffff"},{"time":4.6667,"color":"ffffff00"}],"attachment":[{"time":0,"name":"yun1127_"}]},"yun5a":{"color":[{"time":0,"color":"ffffff00"},{"time":2.6667,"color":"ffffffaa"}]},"yun5b":{"color":[{"time":0,"color":"ffffffaa"},{"time":0.6667,"color":"ffffffc7"},{"time":2.6667,"color":"ffffff00"}],"attachment":[{"time":0,"name":"yun1127a_"}]},"yun6a":{"color":[{"time":0,"color":"ffffff00"},{"time":2.6667,"color":"ffffffc5"},{"time":4.6667,"color":"ffffffff"}]},"yun6b":{"color":[{"time":0,"color":"ffffffff"},{"time":4.6667,"color":"ffffff00"}],"attachment":[{"time":0,"name":"yun1127_"}]},"yun7a":{"color":[{"time":0,"color":"ffffff00"},{"time":4.6667,"color":"ffffffaa"}]},"yun7b":{"color":[{"time":0,"color":"ffffffaa"},{"time":4.6667,"color":"ffffff00"}],"attachment":[{"time":0,"name":"yun1127a_"}]},"yun8a":{"color":[{"time":0,"color":"ffffff00"},{"time":4.6667,"color":"ffffffaa"}]},"yun8b":{"color":[{"time":0,"color":"ffffffaa"},{"time":4.6667,"color":"ffffff00"}],"attachment":[{"time":0,"name":"yun1127a_"}]},"yun9a":{"color":[{"time":0,"color":"ffffff00"},{"time":4.6667,"color":"ffffffaa"}]},"yun9b":{"color":[{"time":0,"color":"ffffffaa"},{"time":4.6667,"color":"ffffff00"}],"attachment":[{"time":0,"name":"yun1127a_"}]},"yun8a2":{"color":[{"time":0,"color":"ffffff00"},{"time":4.6667,"color":"ffffffff"}]},"yun8b2":{"color":[{"time":0,"color":"ffffffff"},{"time":4.6667,"color":"ffffff00"}],"attachment":[{"time":0,"name":"yun1127a_"}]}},"bones":{"yun1a":{"translate":[{"time":0,"x":-60,"y":0},{"time":4.6667,"x":0,"y":0}],"scale":[{"time":0,"x":0.8,"y":0.8},{"time":4.6667,"x":1,"y":1}]},"yun1b":{"translate":[{"time":0,"x":0,"y":0},{"time":4.6667,"x":60,"y":0}],"scale":[{"time":0,"x":1,"y":1},{"time":4.6667,"x":0.8,"y":0.8}]},"yun2a":{"translate":[{"time":0,"x":-40,"y":0},{"time":4.6667,"x":0,"y":0}],"scale":[{"time":0,"x":0.9,"y":0.9},{"time":4.6667,"x":1,"y":1}]},"yun2b":{"translate":[{"time":0,"x":0,"y":0},{"time":4.6667,"x":40,"y":0}],"scale":[{"time":0,"x":1,"y":1},{"time":4.6667,"x":0.9,"y":0.9}]},"wu1a":{"translate":[{"time":0,"x":-112.54,"y":0},{"time":4.6667,"x":0,"y":0}],"scale":[{"time":0,"x":0.8,"y":0.8},{"time":4.6667,"x":1,"y":1}]},"wu1b":{"translate":[{"time":0,"x":0,"y":0},{"time":4.6667,"x":112.54,"y":0}],"scale":[{"time":0,"x":1,"y":1},{"time":4.6667,"x":0.8,"y":0.8}]},"wu2a":{"translate":[{"time":0,"x":-134.94,"y":0},{"time":4.6667,"x":0,"y":0}],"scale":[{"time":0,"x":0.8,"y":0.8},{"time":4.6667,"x":1,"y":1}]},"wu2b":{"translate":[{"time":0,"x":0,"y":0},{"time":4.6667,"x":134.94,"y":0}],"scale":[{"time":0,"x":1,"y":1},{"time":4.6667,"x":0.8,"y":0.8}]},"yun3b":{"translate":[{"time":0,"x":0,"y":0},{"time":4.6667,"x":60,"y":0}],"scale":[{"time":0,"x":1,"y":1},{"time":4.6667,"x":0.8,"y":0.8}]},"yun3a":{"translate":[{"time":0,"x":-60,"y":0},{"time":4.6667,"x":0,"y":0}],"scale":[{"time":0,"x":0.8,"y":0.8},{"time":4.6667,"x":1,"y":1}]},"wu3a":{"translate":[{"time":0,"x":-134.94,"y":0},{"time":4.6667,"x":0,"y":0}],"scale":[{"time":0,"x":0.8,"y":0.8},{"time":4.6667,"x":1,"y":1}]},"wu3b":{"translate":[{"time":0,"x":0,"y":0},{"time":4.6667,"x":134.94,"y":0}],"scale":[{"time":0,"x":1,"y":1},{"time":4.6667,"x":0.8,"y":0.8}]},"wu4a":{"translate":[{"time":0,"x":-134.94,"y":0},{"time":4.6667,"x":0,"y":0}],"scale":[{"time":0,"x":0.8,"y":0.8},{"time":4.6667,"x":1,"y":1}]},"wu4b":{"translate":[{"time":0,"x":0,"y":0},{"time":4.6667,"x":134.94,"y":0}],"scale":[{"time":0,"x":1,"y":1},{"time":4.6667,"x":0.8,"y":0.8}]},"yun4a":{"translate":[{"time":0,"x":-60,"y":0},{"time":4.6667,"x":0,"y":0}],"scale":[{"time":0,"x":0.8,"y":0.8},{"time":4.6667,"x":1,"y":1}]},"yun4b":{"translate":[{"time":0,"x":0,"y":0},{"time":4.6667,"x":60,"y":0}],"scale":[{"time":0,"x":1,"y":1},{"time":4.6667,"x":0.8,"y":0.8}]},"yun5a":{"translate":[{"time":0,"x":-40,"y":0},{"time":4.6667,"x":0,"y":0}],"scale":[{"time":0,"x":0.9,"y":0.9},{"time":4.6667,"x":1,"y":1}]},"yun5b":{"translate":[{"time":0,"x":0,"y":0},{"time":4.6667,"x":40,"y":0}],"scale":[{"time":0,"x":1,"y":1},{"time":4.6667,"x":0.9,"y":0.9}]},"yun7b":{"translate":[{"time":0,"x":0,"y":0},{"time":4.6667,"x":90,"y":0}],"scale":[{"time":0,"x":1,"y":1},{"time":4.6667,"x":0.9,"y":0.9}]},"yun7a":{"translate":[{"time":0,"x":-90,"y":0},{"time":4.6667,"x":0,"y":0}],"scale":[{"time":0,"x":0.9,"y":0.9},{"time":4.6667,"x":1,"y":1}]},"yun6b":{"translate":[{"time":0,"x":0,"y":0},{"time":4.6667,"x":60,"y":0}],"scale":[{"time":0,"x":1,"y":1},{"time":4.6667,"x":0.8,"y":0.8}]},"yun6a":{"translate":[{"time":0,"x":-60,"y":0},{"time":4.6667,"x":0,"y":0}],"scale":[{"time":0,"x":0.8,"y":0.8},{"time":4.6667,"x":1,"y":1}]},"yun8b":{"translate":[{"time":0,"x":0,"y":0},{"time":4.6667,"x":90,"y":0}],"scale":[{"time":0,"x":1,"y":1},{"time":4.6667,"x":0.9,"y":0.9}]},"yun8a":{"translate":[{"time":0,"x":-90,"y":0},{"time":4.6667,"x":0,"y":0}],"scale":[{"time":0,"x":0.9,"y":0.9},{"time":4.6667,"x":1,"y":1}]},"yun9a":{"translate":[{"time":0,"x":-60,"y":0},{"time":4.6667,"x":0,"y":0}],"scale":[{"time":0,"x":0.9,"y":0.9},{"time":4.6667,"x":1,"y":1}]},"yun9b":{"translate":[{"time":0,"x":0,"y":0},{"time":4.6667,"x":60,"y":0}],"scale":[{"time":0,"x":1,"y":1},{"time":4.6667,"x":0.9,"y":0.9}]},"yun8b2":{"translate":[{"time":0,"x":0,"y":0},{"time":4.6667,"x":90,"y":0}],"scale":[{"time":0,"x":1,"y":1},{"time":4.6667,"x":0.9,"y":0.9}]},"yun8a2":{"translate":[{"time":0,"x":-90,"y":0},{"time":4.6667,"x":0,"y":0}],"scale":[{"time":0,"x":0.9,"y":0.9},{"time":4.6667,"x":1,"y":1}]}}}}}