{"skeleton":{"hash":"pVfkf+h5cDjcYMXHxaNAlHIlGzM","spine":"3.7.94","width":696.93,"height":256,"images":"./images/","audio":"E:/胜利失败/胜利失败spine/images"},"bones":[{"name":"root"},{"name":"victory","parent":"root","color":"ffe500ff"},{"name":"deffat","parent":"root"},{"name":"victory_zi","parent":"root","x":-0.71,"y":-7.21,"color":"ffef00ff"},{"name":"victory_k_","parent":"root","x":1.83,"y":59.84,"color":"ffe500ff"},{"name":"victory_l_1","parent":"victory","rotation":-88.67,"x":-162.51,"y":56.79},{"name":"victory_l_1a","parent":"victory_l_1","length":22.84,"rotation":0.06,"x":23.96},{"name":"victory_l_1b","parent":"victory_l_1a","length":22.29,"rotation":0.04,"x":22.84},{"name":"victory_l_1c","parent":"victory_l_1b","length":22.29,"x":22.29},{"name":"victory_l_2","parent":"victory","x":-29.3,"y":50.37},{"name":"victory_l_3","parent":"victory","x":-301.85,"y":45.97},{"name":"victory_guanga_","parent":"victory","x":-1.23,"y":12.18,"color":"ffde00ff"},{"name":"victory_guangb","parent":"victory","x":1.79,"y":-42.49,"color":"ffe500ff"},{"name":"xing_1","parent":"root","x":-50.52,"y":61.24,"color":"fff900ff"},{"name":"xing_2","parent":"root","x":170.47,"y":14.73,"color":"fff900ff"},{"name":"xing_3","parent":"root","x":-161.03,"y":13.27,"color":"fff900ff"},{"name":"victory2","parent":"victory","x":5.06,"y":-1.07,"scaleX":-1,"color":"ffe500ff"},{"name":"victory_r_1","parent":"victory2","rotation":-88.67,"x":-162.51,"y":56.79},{"name":"victory_r_1a","parent":"victory_r_1","length":22.84,"rotation":0.06,"x":23.96},{"name":"victory_r_1b","parent":"victory_r_1a","length":22.29,"rotation":0.04,"x":22.84},{"name":"victory_r_1c","parent":"victory_r_1b","length":22.29,"x":22.29},{"name":"victory_r_2","parent":"victory2","x":-29.3,"y":50.37},{"name":"victory_r_3","parent":"victory2","x":-301.85,"y":45.97},{"name":"victory_guangc","parent":"victory","x":-174.46,"y":14.86,"scaleX":0.337,"color":"ffe500ff"},{"name":"lingx","parent":"root","color":"ffe800ff"},{"name":"lingx_1","parent":"lingx","rotation":30.55,"x":125.33,"y":-107.25,"color":"fff200ff"},{"name":"lingx_2","parent":"lingx","rotation":-137.68,"x":-220.57,"y":115.85,"scaleX":-1.801,"scaleY":1.69,"color":"fff200ff"},{"name":"lingx_3","parent":"lingx","rotation":-149.68,"x":-59.44,"y":-96.72,"scaleX":-0.843,"scaleY":0.791,"color":"fff200ff"},{"name":"lingx_4","parent":"lingx","rotation":151.89,"x":162.61,"y":172.72,"scaleX":-0.843,"scaleY":1.146,"shearY":24.05,"color":"fff200ff"},{"name":"lingx_5","parent":"lingx","rotation":137.31,"x":-215.15,"y":79.3,"scaleX":-0.476,"scaleY":0.844,"shearY":24.05,"color":"fff200ff"},{"name":"lingx_6","parent":"lingx","rotation":137.31,"x":153.13,"y":-75.06,"scaleX":-0.765,"scaleY":0.844,"shearY":24.05,"color":"fff200ff"},{"name":"lingx_7","parent":"lingx","rotation":171.76,"x":211.71,"y":79.23,"scaleX":-0.462,"scaleY":0.584,"shearX":74.54,"shearY":24.05,"color":"fff200ff"},{"name":"deffat_zi","parent":"deffat","y":-1.88},{"name":"deffat_k","parent":"deffat","rotation":-13.62,"x":6.02,"y":40.58},{"name":"deffat_r","parent":"deffat","x":5.06,"y":-1.07,"scaleX":-1,"color":"ffffffff"},{"name":"victory_r_4","parent":"deffat_r","rotation":-88.67,"x":-162.51,"y":56.79},{"name":"victory_r_1a2","parent":"victory_r_4","length":22.84,"rotation":0.06,"x":23.96},{"name":"victory_r_1b2","parent":"victory_r_1a2","length":22.29,"rotation":0.04,"x":22.84},{"name":"victory_r_1c2","parent":"victory_r_1b2","length":22.29,"x":22.29},{"name":"victory_r_5","parent":"deffat_r","x":-29.3,"y":50.37},{"name":"victory_r_6","parent":"deffat_r","x":-301.85,"y":45.97},{"name":"deffat_l","parent":"deffat","x":5.06,"y":-1.07,"color":"ffffffff"},{"name":"victory_r_7","parent":"deffat_l","rotation":-88.67,"x":-162.51,"y":56.79},{"name":"victory_r_1a3","parent":"victory_r_7","length":22.84,"rotation":0.06,"x":23.96},{"name":"victory_r_1b3","parent":"victory_r_1a3","length":22.29,"rotation":0.04,"x":22.84},{"name":"victory_r_1c3","parent":"victory_r_1b3","length":22.29,"x":22.29},{"name":"victory_r_8","parent":"deffat_l","x":-29.3,"y":50.37},{"name":"victory_r_9","parent":"deffat_l","x":-301.85,"y":45.97},{"name":"tu1","parent":"root"},{"name":"tu2","parent":"root"},{"name":"tu3","parent":"root"}],"slots":[{"name":"victory_di_","bone":"victory","attachment":"victory_di_"},{"name":"victory_k_","bone":"victory_k_","attachment":"victory_k_"},{"name":"victory_l_","bone":"victory","attachment":"victory_l_"},{"name":"victory_r_","bone":"victory2","attachment":"victory_l_"},{"name":"victory_","bone":"victory_zi","attachment":"victory_"},{"name":"victory_2","bone":"victory_zi","blend":"additive"},{"name":"deffat_di_","bone":"deffat"},{"name":"deffat_k_","bone":"deffat_k"},{"name":"deffat_r_","bone":"deffat_r"},{"name":"deffat_r_2","bone":"deffat_l"},{"name":"huichen_2","bone":"tu2"},{"name":"huichen_","bone":"tu1"},{"name":"deffat_","bone":"deffat_zi"},{"name":"deffat_2","bone":"deffat_zi"},{"name":"deffat_3","bone":"deffat_zi","blend":"additive"},{"name":"victory_guanga_","bone":"victory_guanga_","blend":"additive"},{"name":"victory_guangb_","bone":"victory_guangb","blend":"additive"},{"name":"victory_guangc","bone":"victory_guangc","attachment":"victory_guangb_","blend":"additive"},{"name":"xing_1","bone":"xing_1","blend":"screen"},{"name":"xing_2","bone":"xing_2","blend":"screen"},{"name":"xing_3","bone":"xing_3","blend":"screen"},{"name":"lingx_1","bone":"lingx_1"},{"name":"lingx_2","bone":"lingx_2","blend":"additive"},{"name":"lingx_3","bone":"lingx_3","blend":"additive"},{"name":"lingx_4","bone":"lingx_4","blend":"additive"},{"name":"lingx_5","bone":"lingx_5","blend":"additive"},{"name":"lingx_6","bone":"lingx_6","blend":"additive"},{"name":"lingx_7","bone":"lingx_7","blend":"additive"},{"name":"huichen_3","bone":"tu3"}],"skins":{"default":{"deffat_":{"deffat_":{"x":-2.93,"y":-3.84,"width":320,"height":79}},"deffat_2":{"deffat_":{"x":-2.93,"y":-3.84,"width":320,"height":79}},"deffat_3":{"deffat_":{"x":-2.93,"y":-3.84,"width":320,"height":79}},"deffat_di_":{"deffat_di_":{"x":0.07,"y":12.78,"width":498,"height":256}},"deffat_k_":{"deffat_k_":{"x":7.28,"y":33.87,"rotation":13.62,"width":130,"height":98}},"deffat_r_":{"deffat_r_":{"type":"mesh","uvs":[1,1,0,1,0,0.32378,0,0,0.50932,0,0.77492,0,0.90425,0,1,0,0.21706,0.64113,0.31651,0.83697,0.44774,0.9397,0.5596,0.96195,0.66206,0.86596,0.77096,0.76238,0.8597,0.55522,0.93554,0.26975,0.59619,0.16068,0.41058,0.15947,0.32727,0.11059,0.19316,0.04699,0.06893,0.12783,0.15089,0.18779,0.25089,0.25398,0.34544,0.35426,0.44918,0.40172,0.56803,0.39273,0.66038,0.37318,0.37717,0.61995,0.69781,0.57705,0.75863,0.24773,0.28719,0.53427,0.47155,0.67262,0.58316,0.65111,0.10115,0.32902,0.17411,0.43612,0.49561,0.1755,0.6917,0.08624,0.81026,0.43255],"triangles":[29,36,5,15,6,7,29,5,6,15,29,6,37,29,15,26,29,37,28,26,37,14,37,15,28,37,14,13,28,14,7,0,15,14,15,0,13,14,0,12,13,0,19,3,4,20,3,19,21,20,19,21,19,18,22,21,18,2,3,20,2,20,21,33,2,21,33,21,22,23,22,17,34,33,22,34,22,23,30,34,23,30,23,24,27,30,24,8,34,30,8,30,27,2,8,1,34,2,33,8,2,34,9,8,27,1,8,9,1,9,10,9,27,31,32,28,13,12,32,13,10,9,31,31,32,12,10,31,12,11,10,12,11,12,0,1,10,11,1,11,0,31,27,24,32,31,24,25,26,28,32,25,28,24,25,32,36,4,5,18,19,4,17,18,4,16,4,36,35,17,4,16,35,4,16,36,29,22,18,17,23,17,35,26,16,29,25,35,16,25,16,26,24,23,35,25,24,35],"vertices":[4,37,60.51,171,0.00479,38,38.23,171,0.13111,40,312.92,-92.19,0,39,40.37,-96.59,0.86409,3,37,51.59,-185.89,0.01039,38,29.3,-185.89,0.07026,40,-44.08,-92.19,0.91934,3,37,-25.47,-183.96,3.3E-4,38,-47.76,-183.96,0.00984,40,-44.08,-15.1,0.98983,1,40,-44.08,21.81,1,3,35,-11.03,-1.34,0.99379,40,137.75,21.81,0.0045,39,-134.8,17.41,0.00171,6,35,-8.82,93.45,0.184,36,-32.67,93.49,0.06269,37,-55.46,93.52,0.01731,38,-77.75,93.52,0.0179,40,232.57,21.81,0,39,-39.99,17.41,0.7181,3,35,-7.75,139.61,0.00105,36,-31.55,139.64,1.4E-4,39,6.19,17.41,0.99882,1,39,40.37,17.41,1,5,35,59.62,-107.35,0.03981,36,35.54,-107.39,0.03236,37,12.63,-107.4,0.06306,38,-9.66,-107.4,0.16464,40,33.41,-51.28,0.70013,5,35,82.76,-72.38,0.02663,36,58.72,-72.44,0.04509,37,35.84,-72.47,0.125,38,13.55,-72.47,0.40583,40,68.91,-73.61,0.39745,5,35,95.56,-25.82,2.6E-4,36,71.57,-25.9,0.00451,37,48.71,-25.93,0.05439,38,26.43,-25.93,0.86855,40,115.76,-85.32,0.07229,4,36,75.08,13.97,8.9E-4,37,52.25,13.94,0.00526,38,29.96,13.94,0.96388,39,-116.85,-92.25,0.02998,6,35,88.93,50.87,0.00653,36,65.03,50.8,0.04357,37,42.22,50.77,0.09421,38,19.94,50.77,0.61316,40,192.27,-76.91,1.0E-5,39,-80.28,-81.31,0.24253,6,35,78.03,90.02,0.01868,36,54.18,89.96,0.04671,37,31.39,89.94,0.06001,38,9.1,89.94,0.31469,40,231.15,-65.1,0,39,-41.4,-69.5,0.5599,6,35,55.16,122.24,0.01464,36,31.34,122.2,0.02053,37,8.57,122.2,0.0205,38,-13.71,122.2,0.12672,40,262.83,-41.49,0,39,-9.72,-45.88,0.8176,5,36,-0.53,150.06,2.8E-4,37,-23.28,150.07,6.1E-4,38,-45.57,150.07,0.0169,40,289.91,-8.94,0,39,17.35,-13.34,0.98221,6,35,8.01,29.23,0.71838,36,-15.92,29.25,0.13858,37,-38.74,29.27,0.01961,38,-61.03,29.27,0.00807,40,168.76,3.49,0,39,-103.79,-0.9,0.11537,5,35,6.33,-37.01,0.66899,36,-17.67,-36.99,0.11938,37,-40.54,-36.96,0.0375,38,-62.82,-36.96,0.00965,40,102.5,3.63,0.16448,5,35,0.07,-66.61,0.4221,36,-23.97,-66.59,0.08811,37,-46.85,-66.56,0.0446,38,-69.14,-66.56,0.02082,40,72.75,9.2,0.42438,5,35,-8.29,-114.31,0.09018,36,-32.38,-114.27,0.02002,37,-55.29,-114.24,0.0121,38,-77.58,-114.24,0.00562,40,24.88,16.45,0.87208,2,38,-69.48,-158.8,2.7E-4,40,-19.47,7.24,0.99973,5,35,7.4,-129.77,0.02271,36,-16.7,-129.75,0.006,37,-39.63,-129.72,0.0049,38,-61.91,-129.72,0.00541,40,9.79,0.4,0.96098,5,35,15.78,-94.25,0.17761,36,-8.29,-94.24,0.05487,37,-31.19,-94.22,0.04403,38,-53.48,-94.22,0.04691,40,45.49,-7.15,0.67657,5,35,27.99,-60.77,0.29972,36,3.96,-60.78,0.14812,37,-18.92,-60.76,0.11113,38,-41.2,-60.76,0.09165,40,79.24,-18.58,0.34938,5,35,34.26,-23.87,0.25838,36,10.27,-23.88,0.45573,37,-12.58,-23.88,0.17216,38,-34.87,-23.88,0.03998,40,116.28,-23.99,0.07375,6,35,34.22,18.57,0.20925,36,10.28,18.55,0.57723,37,-12.55,18.56,0.13482,38,-34.83,18.56,0.02735,40,158.7,-22.96,0,39,-113.85,-27.36,0.05135,6,35,32.76,51.58,0.26725,36,8.86,51.57,0.21861,37,-13.95,51.58,0.11651,38,-36.24,51.58,0.11672,40,191.68,-20.73,0,39,-80.88,-25.13,0.28091,5,35,58.53,-50.15,0.09282,36,34.52,-50.19,0.13332,37,11.64,-50.2,0.22432,38,-10.64,-50.2,0.31243,40,90.57,-48.87,0.2371,6,35,56.31,64.4,0.08882,36,32.42,64.36,0.12483,37,9.62,64.35,0.12672,38,-12.67,64.35,0.28787,40,205.04,-43.98,0,39,-67.52,-48.37,0.37175,6,35,19.28,86.98,0.17957,36,-4.58,86.98,0.08535,37,-27.37,87,0.03737,38,-49.66,87,0.06362,40,226.75,-6.43,0,39,-45.8,-10.83,0.63409,5,35,48.02,-82.04,0.117,36,23.97,-82.07,0.0791,37,1.08,-82.07,0.10537,38,-21.21,-82.07,0.18223,40,58.44,-39.1,0.5163,5,35,65.32,-16.61,0.00838,36,41.34,-16.66,0.04957,37,18.49,-16.67,0.50428,38,-3.8,-16.67,0.40081,40,124.26,-54.87,0.03695,6,35,63.79,23.28,0.01568,36,39.86,23.24,0.09938,37,17.03,23.23,0.40858,38,-5.25,23.23,0.40677,40,164.11,-52.42,0,39,-108.45,-56.81,0.06959,5,35,23.08,-147.9,0.00144,36,-1.04,-147.89,0.00123,37,-23.97,-147.88,0.00337,38,-46.26,-147.88,0.01501,40,-7.97,-15.7,0.97896,5,35,35.9,-122.14,0.03727,36,11.8,-122.15,0.01869,37,-11.12,-122.14,0.02809,38,-33.4,-122.14,0.06453,40,18.08,-27.91,0.85143,4,35,8.86,-6.7,0.9634,36,-15.1,-6.69,0.02485,37,-37.95,-6.66,0.00134,40,132.85,1.8,0.01042,6,35,0.32,63.52,0.41644,36,-23.57,63.54,0.11889,37,-46.37,63.57,0.02989,38,-68.66,63.57,0.02522,40,202.85,11.98,0,39,-69.7,7.58,0.40955,6,35,40.77,104.92,0.05747,36,16.93,104.9,0.04624,37,-5.85,104.9,0.03327,38,-28.14,104.9,0.11528,40,245.18,-27.5,0,39,-27.37,-31.9,0.74774],"hull":8,"edges":[14,0,0,2,2,4,4,6,12,14,6,8,8,10,10,12],"width":357,"height":114}},"deffat_r_2":{"deffat_l_":{"type":"mesh","uvs":[1,1,0,1,0,0.32378,0,0,0.50932,0,0.77492,0,0.90425,0,1,0,0.21706,0.64113,0.31651,0.83697,0.44774,0.9397,0.5596,0.96195,0.66206,0.86596,0.77096,0.76238,0.8597,0.55522,0.93554,0.26975,0.59619,0.16068,0.41058,0.15947,0.32727,0.11059,0.19316,0.04699,0.06893,0.12783,0.15089,0.18779,0.25089,0.25398,0.34544,0.35426,0.44918,0.40172,0.56803,0.39273,0.66038,0.37318,0.37717,0.61995,0.69781,0.57705,0.75863,0.24773,0.28719,0.53427,0.47155,0.67262,0.58316,0.65111,0.10115,0.32902,0.17411,0.43612,0.49561,0.1755,0.6917,0.08624,0.81026,0.43255],"triangles":[29,36,5,15,6,7,29,5,6,15,29,6,37,29,15,26,29,37,28,26,37,14,37,15,28,37,14,13,28,14,7,0,15,14,15,0,13,14,0,12,13,0,19,3,4,20,3,19,21,20,19,21,19,18,22,21,18,2,3,20,2,20,21,33,2,21,33,21,22,23,22,17,34,33,22,34,22,23,30,34,23,30,23,24,27,30,24,8,34,30,8,30,27,2,8,1,34,2,33,8,2,34,9,8,27,1,8,9,1,9,10,9,27,31,32,28,13,12,32,13,10,9,31,31,32,12,10,31,12,11,10,12,11,12,0,1,10,11,1,11,0,31,27,24,32,31,24,25,26,28,32,25,28,24,25,32,36,4,5,18,19,4,17,18,4,16,4,36,35,17,4,16,35,4,16,36,29,22,18,17,23,17,35,26,16,29,25,35,16,25,16,26,24,23,35,25,24,35],"vertices":[4,44,60.51,171,0.00479,45,38.23,171,0.13111,47,312.92,-92.19,0,46,40.37,-96.59,0.86409,3,44,51.59,-185.89,0.01039,45,29.3,-185.89,0.07026,47,-44.08,-92.19,0.91934,3,44,-25.47,-183.96,3.3E-4,45,-47.76,-183.96,0.00984,47,-44.08,-15.1,0.98983,1,47,-44.08,21.81,1,3,42,-11.03,-1.34,0.99379,47,137.75,21.81,0.0045,46,-134.8,17.41,0.00171,6,42,-8.82,93.45,0.184,43,-32.67,93.49,0.06269,44,-55.46,93.52,0.01731,45,-77.75,93.52,0.0179,47,232.57,21.81,0,46,-39.99,17.41,0.7181,3,42,-7.75,139.61,0.00105,43,-31.55,139.64,1.4E-4,46,6.19,17.41,0.99882,1,46,40.37,17.41,1,5,42,59.62,-107.35,0.03981,43,35.54,-107.39,0.03236,44,12.63,-107.4,0.06306,45,-9.66,-107.4,0.16464,47,33.41,-51.28,0.70013,5,42,82.76,-72.38,0.02663,43,58.72,-72.44,0.04509,44,35.84,-72.47,0.125,45,13.55,-72.47,0.40583,47,68.91,-73.61,0.39745,5,42,95.56,-25.82,2.6E-4,43,71.57,-25.9,0.00451,44,48.71,-25.93,0.05439,45,26.43,-25.93,0.86855,47,115.76,-85.32,0.07229,4,43,75.08,13.97,8.9E-4,44,52.25,13.94,0.00526,45,29.96,13.94,0.96388,46,-116.85,-92.25,0.02998,6,42,88.93,50.87,0.00653,43,65.03,50.8,0.04357,44,42.22,50.77,0.09421,45,19.94,50.77,0.61316,47,192.27,-76.91,1.0E-5,46,-80.28,-81.31,0.24253,6,42,78.03,90.02,0.01868,43,54.18,89.96,0.04671,44,31.39,89.94,0.06001,45,9.1,89.94,0.31469,47,231.15,-65.1,0,46,-41.4,-69.5,0.5599,6,42,55.16,122.24,0.01464,43,31.34,122.2,0.02053,44,8.57,122.2,0.0205,45,-13.71,122.2,0.12672,47,262.83,-41.49,0,46,-9.72,-45.88,0.8176,5,43,-0.53,150.06,2.8E-4,44,-23.28,150.07,6.1E-4,45,-45.57,150.07,0.0169,47,289.91,-8.94,0,46,17.35,-13.34,0.98221,6,42,8.01,29.23,0.71838,43,-15.92,29.25,0.13858,44,-38.74,29.27,0.01961,45,-61.03,29.27,0.00807,47,168.76,3.49,0,46,-103.79,-0.9,0.11537,5,42,6.33,-37.01,0.66899,43,-17.67,-36.99,0.11938,44,-40.54,-36.96,0.0375,45,-62.82,-36.96,0.00965,47,102.5,3.63,0.16448,5,42,0.07,-66.61,0.4221,43,-23.97,-66.59,0.08811,44,-46.85,-66.56,0.0446,45,-69.14,-66.56,0.02082,47,72.75,9.2,0.42438,5,42,-8.29,-114.31,0.09018,43,-32.38,-114.27,0.02002,44,-55.29,-114.24,0.0121,45,-77.58,-114.24,0.00562,47,24.88,16.45,0.87208,2,45,-69.48,-158.8,2.7E-4,47,-19.47,7.24,0.99973,5,42,7.4,-129.77,0.02271,43,-16.7,-129.75,0.006,44,-39.63,-129.72,0.0049,45,-61.91,-129.72,0.00541,47,9.79,0.4,0.96098,5,42,15.78,-94.25,0.17761,43,-8.29,-94.24,0.05487,44,-31.19,-94.22,0.04403,45,-53.48,-94.22,0.04691,47,45.49,-7.15,0.67657,5,42,27.99,-60.77,0.29972,43,3.96,-60.78,0.14812,44,-18.92,-60.76,0.11113,45,-41.2,-60.76,0.09165,47,79.24,-18.58,0.34938,5,42,34.26,-23.87,0.25838,43,10.27,-23.88,0.45573,44,-12.58,-23.88,0.17216,45,-34.87,-23.88,0.03998,47,116.28,-23.99,0.07375,6,42,34.22,18.57,0.20925,43,10.28,18.55,0.57723,44,-12.55,18.56,0.13482,45,-34.83,18.56,0.02735,47,158.7,-22.96,0,46,-113.85,-27.36,0.05135,6,42,32.76,51.58,0.26725,43,8.86,51.57,0.21861,44,-13.95,51.58,0.11651,45,-36.24,51.58,0.11672,47,191.68,-20.73,0,46,-80.88,-25.13,0.28091,5,42,58.53,-50.15,0.09282,43,34.52,-50.19,0.13332,44,11.64,-50.2,0.22432,45,-10.64,-50.2,0.31243,47,90.57,-48.87,0.2371,6,42,56.31,64.4,0.08882,43,32.42,64.36,0.12483,44,9.62,64.35,0.12672,45,-12.67,64.35,0.28787,47,205.04,-43.98,0,46,-67.52,-48.37,0.37175,6,42,19.28,86.98,0.17957,43,-4.58,86.98,0.08535,44,-27.37,87,0.03737,45,-49.66,87,0.06362,47,226.75,-6.43,0,46,-45.8,-10.83,0.63409,5,42,48.02,-82.04,0.117,43,23.97,-82.07,0.0791,44,1.08,-82.07,0.10537,45,-21.21,-82.07,0.18223,47,58.44,-39.1,0.5163,5,42,65.32,-16.61,0.00838,43,41.34,-16.66,0.04957,44,18.49,-16.67,0.50428,45,-3.8,-16.67,0.40081,47,124.26,-54.87,0.03695,6,42,63.79,23.28,0.01568,43,39.86,23.24,0.09938,44,17.03,23.23,0.40858,45,-5.25,23.23,0.40677,47,164.11,-52.42,0,46,-108.45,-56.81,0.06959,5,42,23.08,-147.9,0.00144,43,-1.04,-147.89,0.00123,44,-23.97,-147.88,0.00337,45,-46.26,-147.88,0.01501,47,-7.97,-15.7,0.97896,5,42,35.9,-122.14,0.03727,43,11.8,-122.15,0.01869,44,-11.12,-122.14,0.02809,45,-33.4,-122.14,0.06453,47,18.08,-27.91,0.85143,4,42,8.86,-6.7,0.9634,43,-15.1,-6.69,0.02485,44,-37.95,-6.66,0.00134,47,132.85,1.8,0.01042,6,42,0.32,63.52,0.41644,43,-23.57,63.54,0.11889,44,-46.37,63.57,0.02989,45,-68.66,63.57,0.02522,47,202.85,11.98,0,46,-69.7,7.58,0.40955,6,42,40.77,104.92,0.05747,43,16.93,104.9,0.04624,44,-5.85,104.9,0.03327,45,-28.14,104.9,0.11528,47,245.18,-27.5,0,46,-27.37,-31.9,0.74774],"hull":8,"edges":[14,0,0,2,2,4,4,6,12,14,6,8,8,10,10,12],"width":357,"height":114}},"huichen_":{"huichen_":{"x":-2.93,"y":-27.76,"rotation":85.63,"width":100,"height":67}},"huichen_2":{"huichen_":{"x":-2.93,"y":-5.16,"rotation":177.22,"width":100,"height":67}},"huichen_3":{"huichen_":{"x":-2.93,"y":-27.76,"scaleX":-0.861,"rotation":90.15,"width":100,"height":67}},"lingx_1":{"lingx_":{"x":0.32,"y":0.72,"rotation":-30.25,"width":64,"height":64}},"lingx_2":{"lingx_":{"x":0.32,"y":0.72,"rotation":-30.25,"width":64,"height":64}},"lingx_3":{"lingx_":{"x":0.32,"y":0.72,"rotation":-30.25,"width":64,"height":64}},"lingx_4":{"lingx_":{"x":0.32,"y":0.72,"rotation":-30.25,"width":64,"height":64}},"lingx_5":{"lingx_":{"x":0.32,"y":0.72,"rotation":-30.25,"width":64,"height":64}},"lingx_6":{"lingx_":{"x":0.32,"y":0.72,"rotation":-30.25,"width":64,"height":64}},"lingx_7":{"lingx_":{"x":0.32,"y":0.72,"rotation":-30.25,"width":64,"height":64}},"victory_":{"victory_":{"x":-8.23,"y":-3.01,"width":374,"height":80}},"victory_2":{"victory_":{"x":-8.23,"y":-3.01,"width":374,"height":80}},"victory_di_":{"victory_di_":{"x":0.07,"y":12.78,"width":498,"height":256}},"victory_guanga_":{"victory_guanga_":{"x":-38.49,"y":-1.22,"width":505,"height":137}},"victory_guangb_":{"victory_guangb_":{"x":-36.73,"y":0.61,"width":500,"height":72}},"victory_guangc":{"victory_guangb_":{"x":-36.73,"y":0.61,"width":500,"height":72}},"victory_k_":{"victory_k_":{"x":0.23,"y":28.94,"width":138,"height":94}},"victory_l_":{"victory_l_":{"type":"mesh","uvs":[1,1,0,1,0,0.32378,0,0,0.50932,0,0.77492,0,0.90425,0,1,0,0.21706,0.64113,0.31651,0.83697,0.44774,0.9397,0.5596,0.96195,0.66206,0.86596,0.77096,0.76238,0.8597,0.55522,0.93554,0.26975,0.59619,0.16068,0.41058,0.15947,0.32727,0.11059,0.19316,0.04699,0.06893,0.12783,0.15089,0.18779,0.25089,0.25398,0.34544,0.35426,0.44918,0.40172,0.56803,0.39273,0.66038,0.37318,0.37717,0.61995,0.69781,0.57705,0.75863,0.24773,0.28719,0.53427,0.47155,0.67262,0.58316,0.65111,0.10115,0.32902,0.17411,0.43612,0.49561,0.1755,0.6917,0.08624,0.81026,0.43255],"triangles":[29,36,5,15,6,7,29,5,6,15,29,6,37,29,15,26,29,37,28,26,37,14,37,15,28,37,14,13,28,14,7,0,15,14,15,0,13,14,0,12,13,0,19,3,4,20,3,19,21,20,19,21,19,18,22,21,18,2,3,20,2,20,21,33,2,21,33,21,22,23,22,17,34,33,22,34,22,23,30,34,23,30,23,24,27,30,24,8,34,30,8,30,27,2,8,1,34,2,33,8,2,34,9,8,27,1,8,9,1,9,10,9,27,31,32,28,13,12,32,13,10,9,31,31,32,12,10,31,12,11,10,12,11,12,0,1,10,11,1,11,0,31,27,24,32,31,24,25,26,28,32,25,28,24,25,32,36,4,5,18,19,4,17,18,4,16,4,36,35,17,4,16,35,4,16,36,29,22,18,17,23,17,35,26,16,29,25,35,16,25,16,26,24,23,35,25,24,35],"vertices":[4,7,60.51,171,0.00479,8,38.23,171,0.13111,10,312.92,-92.19,0,9,40.37,-96.59,0.86409,3,7,51.59,-185.89,0.01039,8,29.3,-185.89,0.07026,10,-44.08,-92.19,0.91934,3,7,-25.47,-183.96,3.3E-4,8,-47.76,-183.96,0.00984,10,-44.08,-15.1,0.98983,1,10,-44.08,21.81,1,3,5,-11.03,-1.34,0.99379,10,137.75,21.81,0.0045,9,-134.8,17.41,0.00171,6,5,-8.82,93.45,0.184,6,-32.67,93.49,0.06269,7,-55.46,93.52,0.01731,8,-77.75,93.52,0.0179,10,232.57,21.81,0,9,-39.99,17.41,0.7181,3,5,-7.75,139.61,0.00105,6,-31.55,139.64,1.4E-4,9,6.19,17.41,0.99882,1,9,40.37,17.41,1,5,5,59.62,-107.35,0.03981,6,35.54,-107.39,0.03236,7,12.63,-107.4,0.06306,8,-9.66,-107.4,0.16464,10,33.41,-51.28,0.70013,5,5,82.76,-72.38,0.02663,6,58.72,-72.44,0.04509,7,35.84,-72.47,0.125,8,13.55,-72.47,0.40583,10,68.91,-73.61,0.39745,5,5,95.56,-25.82,2.6E-4,6,71.57,-25.9,0.00451,7,48.71,-25.93,0.05439,8,26.43,-25.93,0.86855,10,115.76,-85.32,0.07229,4,6,75.08,13.97,8.9E-4,7,52.25,13.94,0.00526,8,29.96,13.94,0.96388,9,-116.85,-92.25,0.02998,6,5,88.93,50.87,0.00653,6,65.03,50.8,0.04357,7,42.22,50.77,0.09421,8,19.94,50.77,0.61316,10,192.27,-76.91,1.0E-5,9,-80.28,-81.31,0.24253,6,5,78.03,90.02,0.01868,6,54.18,89.96,0.04671,7,31.39,89.94,0.06001,8,9.1,89.94,0.31469,10,231.15,-65.1,0,9,-41.4,-69.5,0.5599,6,5,55.16,122.24,0.01464,6,31.34,122.2,0.02053,7,8.57,122.2,0.0205,8,-13.71,122.2,0.12672,10,262.83,-41.49,0,9,-9.72,-45.88,0.8176,5,6,-0.53,150.06,2.8E-4,7,-23.28,150.07,6.1E-4,8,-45.57,150.07,0.0169,10,289.91,-8.94,0,9,17.35,-13.34,0.98221,6,5,8.01,29.23,0.71838,6,-15.92,29.25,0.13858,7,-38.74,29.27,0.01961,8,-61.03,29.27,0.00807,10,168.76,3.49,0,9,-103.79,-0.9,0.11537,5,5,6.33,-37.01,0.66899,6,-17.67,-36.99,0.11938,7,-40.54,-36.96,0.0375,8,-62.82,-36.96,0.00965,10,102.5,3.63,0.16448,5,5,0.07,-66.61,0.4221,6,-23.97,-66.59,0.08811,7,-46.85,-66.56,0.0446,8,-69.14,-66.56,0.02082,10,72.75,9.2,0.42438,5,5,-8.29,-114.31,0.09018,6,-32.38,-114.27,0.02002,7,-55.29,-114.24,0.0121,8,-77.58,-114.24,0.00562,10,24.88,16.45,0.87208,2,8,-69.48,-158.8,2.7E-4,10,-19.47,7.24,0.99973,5,5,7.4,-129.77,0.02271,6,-16.7,-129.75,0.006,7,-39.63,-129.72,0.0049,8,-61.91,-129.72,0.00541,10,9.79,0.4,0.96098,5,5,15.78,-94.25,0.17761,6,-8.29,-94.24,0.05487,7,-31.19,-94.22,0.04403,8,-53.48,-94.22,0.04691,10,45.49,-7.15,0.67657,5,5,27.99,-60.77,0.29972,6,3.96,-60.78,0.14812,7,-18.92,-60.76,0.11113,8,-41.2,-60.76,0.09165,10,79.24,-18.58,0.34938,5,5,34.26,-23.87,0.25838,6,10.27,-23.88,0.45573,7,-12.58,-23.88,0.17216,8,-34.87,-23.88,0.03998,10,116.28,-23.99,0.07375,6,5,34.22,18.57,0.20925,6,10.28,18.55,0.57723,7,-12.55,18.56,0.13482,8,-34.83,18.56,0.02735,10,158.7,-22.96,0,9,-113.85,-27.36,0.05135,6,5,32.76,51.58,0.26725,6,8.86,51.57,0.21861,7,-13.95,51.58,0.11651,8,-36.24,51.58,0.11672,10,191.68,-20.73,0,9,-80.88,-25.13,0.28091,5,5,58.53,-50.15,0.09282,6,34.52,-50.19,0.13332,7,11.64,-50.2,0.22432,8,-10.64,-50.2,0.31243,10,90.57,-48.87,0.2371,6,5,56.31,64.4,0.08882,6,32.42,64.36,0.12483,7,9.62,64.35,0.12672,8,-12.67,64.35,0.28787,10,205.04,-43.98,0,9,-67.52,-48.37,0.37175,6,5,19.28,86.98,0.17957,6,-4.58,86.98,0.08535,7,-27.37,87,0.03737,8,-49.66,87,0.06362,10,226.75,-6.43,0,9,-45.8,-10.83,0.63409,5,5,48.02,-82.04,0.117,6,23.97,-82.07,0.0791,7,1.08,-82.07,0.10537,8,-21.21,-82.07,0.18223,10,58.44,-39.1,0.5163,5,5,65.32,-16.61,0.00838,6,41.34,-16.66,0.04957,7,18.49,-16.67,0.50428,8,-3.8,-16.67,0.40081,10,124.26,-54.87,0.03695,6,5,63.79,23.28,0.01568,6,39.86,23.24,0.09938,7,17.03,23.23,0.40858,8,-5.25,23.23,0.40677,10,164.11,-52.42,0,9,-108.45,-56.81,0.06959,5,5,23.08,-147.9,0.00144,6,-1.04,-147.89,0.00123,7,-23.97,-147.88,0.00337,8,-46.26,-147.88,0.01501,10,-7.97,-15.7,0.97896,5,5,35.9,-122.14,0.03727,6,11.8,-122.15,0.01869,7,-11.12,-122.14,0.02809,8,-33.4,-122.14,0.06453,10,18.08,-27.91,0.85143,4,5,8.86,-6.7,0.9634,6,-15.1,-6.69,0.02485,7,-37.95,-6.66,0.00134,10,132.85,1.8,0.01042,6,5,0.32,63.52,0.41644,6,-23.57,63.54,0.11889,7,-46.37,63.57,0.02989,8,-68.66,63.57,0.02522,10,202.85,11.98,0,9,-69.7,7.58,0.40955,6,5,40.77,104.92,0.05747,6,16.93,104.9,0.04624,7,-5.85,104.9,0.03327,8,-28.14,104.9,0.11528,10,245.18,-27.5,0,9,-27.37,-31.9,0.74774],"hull":8,"edges":[14,0,0,2,2,4,4,6,12,14,6,8,8,10,10,12],"width":357,"height":114}},"victory_r_":{"victory_l_":{"type":"mesh","uvs":[1,1,0,1,0,0.32378,0,0,0.50932,0,0.77492,0,0.90425,0,1,0,0.21706,0.64113,0.31651,0.83697,0.44774,0.9397,0.5596,0.96195,0.66206,0.86596,0.77096,0.76238,0.8597,0.55522,0.93554,0.26975,0.59619,0.16068,0.41058,0.15947,0.32727,0.11059,0.19316,0.04699,0.06893,0.12783,0.15089,0.18779,0.25089,0.25398,0.34544,0.35426,0.44918,0.40172,0.56803,0.39273,0.66038,0.37318,0.37717,0.61995,0.69781,0.57705,0.75863,0.24773,0.28719,0.53427,0.47155,0.67262,0.58316,0.65111,0.10115,0.32902,0.17411,0.43612,0.49561,0.1755,0.6917,0.08624,0.81026,0.43255],"triangles":[29,36,5,15,6,7,29,5,6,15,29,6,37,29,15,26,29,37,28,26,37,14,37,15,28,37,14,13,28,14,7,0,15,14,15,0,13,14,0,12,13,0,19,3,4,20,3,19,21,20,19,21,19,18,22,21,18,2,3,20,2,20,21,33,2,21,33,21,22,23,22,17,34,33,22,34,22,23,30,34,23,30,23,24,27,30,24,8,34,30,8,30,27,2,8,1,34,2,33,8,2,34,9,8,27,1,8,9,1,9,10,9,27,31,32,28,13,12,32,13,10,9,31,31,32,12,10,31,12,11,10,12,11,12,0,1,10,11,1,11,0,31,27,24,32,31,24,25,26,28,32,25,28,24,25,32,36,4,5,18,19,4,17,18,4,16,4,36,35,17,4,16,35,4,16,36,29,22,18,17,23,17,35,26,16,29,25,35,16,25,16,26,24,23,35,25,24,35],"vertices":[4,19,60.51,171,0.00479,20,38.23,171,0.13111,22,312.92,-92.19,0,21,40.37,-96.59,0.86409,3,19,51.59,-185.89,0.01039,20,29.3,-185.89,0.07026,22,-44.08,-92.19,0.91934,3,19,-25.47,-183.96,3.3E-4,20,-47.76,-183.96,0.00984,22,-44.08,-15.1,0.98983,1,22,-44.08,21.81,1,3,17,-11.03,-1.34,0.99379,22,137.75,21.81,0.0045,21,-134.8,17.41,0.00171,6,17,-8.82,93.45,0.184,18,-32.67,93.49,0.06269,19,-55.46,93.52,0.01731,20,-77.75,93.52,0.0179,22,232.57,21.81,0,21,-39.99,17.41,0.7181,3,17,-7.75,139.61,0.00105,18,-31.55,139.64,1.4E-4,21,6.19,17.41,0.99882,1,21,40.37,17.41,1,5,17,59.62,-107.35,0.03981,18,35.54,-107.39,0.03236,19,12.63,-107.4,0.06306,20,-9.66,-107.4,0.16464,22,33.41,-51.28,0.70013,5,17,82.76,-72.38,0.02663,18,58.72,-72.44,0.04509,19,35.84,-72.47,0.125,20,13.55,-72.47,0.40583,22,68.91,-73.61,0.39745,5,17,95.56,-25.82,2.6E-4,18,71.57,-25.9,0.00451,19,48.71,-25.93,0.05439,20,26.43,-25.93,0.86855,22,115.76,-85.32,0.07229,4,18,75.08,13.97,8.9E-4,19,52.25,13.94,0.00526,20,29.96,13.94,0.96388,21,-116.85,-92.25,0.02998,6,17,88.93,50.87,0.00653,18,65.03,50.8,0.04357,19,42.22,50.77,0.09421,20,19.94,50.77,0.61316,22,192.27,-76.91,1.0E-5,21,-80.28,-81.31,0.24253,6,17,78.03,90.02,0.01868,18,54.18,89.96,0.04671,19,31.39,89.94,0.06001,20,9.1,89.94,0.31469,22,231.15,-65.1,0,21,-41.4,-69.5,0.5599,6,17,55.16,122.24,0.01464,18,31.34,122.2,0.02053,19,8.57,122.2,0.0205,20,-13.71,122.2,0.12672,22,262.83,-41.49,0,21,-9.72,-45.88,0.8176,5,18,-0.53,150.06,2.8E-4,19,-23.28,150.07,6.1E-4,20,-45.57,150.07,0.0169,22,289.91,-8.94,0,21,17.35,-13.34,0.98221,6,17,8.01,29.23,0.71838,18,-15.92,29.25,0.13858,19,-38.74,29.27,0.01961,20,-61.03,29.27,0.00807,22,168.76,3.49,0,21,-103.79,-0.9,0.11537,5,17,6.33,-37.01,0.66899,18,-17.67,-36.99,0.11938,19,-40.54,-36.96,0.0375,20,-62.82,-36.96,0.00965,22,102.5,3.63,0.16448,5,17,0.07,-66.61,0.4221,18,-23.97,-66.59,0.08811,19,-46.85,-66.56,0.0446,20,-69.14,-66.56,0.02082,22,72.75,9.2,0.42438,5,17,-8.29,-114.31,0.09018,18,-32.38,-114.27,0.02002,19,-55.29,-114.24,0.0121,20,-77.58,-114.24,0.00562,22,24.88,16.45,0.87208,2,20,-69.48,-158.8,2.7E-4,22,-19.47,7.24,0.99973,5,17,7.4,-129.77,0.02271,18,-16.7,-129.75,0.006,19,-39.63,-129.72,0.0049,20,-61.91,-129.72,0.00541,22,9.79,0.4,0.96098,5,17,15.78,-94.25,0.17761,18,-8.29,-94.24,0.05487,19,-31.19,-94.22,0.04403,20,-53.48,-94.22,0.04691,22,45.49,-7.15,0.67657,5,17,27.99,-60.77,0.29972,18,3.96,-60.78,0.14812,19,-18.92,-60.76,0.11113,20,-41.2,-60.76,0.09165,22,79.24,-18.58,0.34938,5,17,34.26,-23.87,0.25838,18,10.27,-23.88,0.45573,19,-12.58,-23.88,0.17216,20,-34.87,-23.88,0.03998,22,116.28,-23.99,0.07375,6,17,34.22,18.57,0.20925,18,10.28,18.55,0.57723,19,-12.55,18.56,0.13482,20,-34.83,18.56,0.02735,22,158.7,-22.96,0,21,-113.85,-27.36,0.05135,6,17,32.76,51.58,0.26725,18,8.86,51.57,0.21861,19,-13.95,51.58,0.11651,20,-36.24,51.58,0.11672,22,191.68,-20.73,0,21,-80.88,-25.13,0.28091,5,17,58.53,-50.15,0.09282,18,34.52,-50.19,0.13332,19,11.64,-50.2,0.22432,20,-10.64,-50.2,0.31243,22,90.57,-48.87,0.2371,6,17,56.31,64.4,0.08882,18,32.42,64.36,0.12483,19,9.62,64.35,0.12672,20,-12.67,64.35,0.28787,22,205.04,-43.98,0,21,-67.52,-48.37,0.37175,6,17,19.28,86.98,0.17957,18,-4.58,86.98,0.08535,19,-27.37,87,0.03737,20,-49.66,87,0.06362,22,226.75,-6.43,0,21,-45.8,-10.83,0.63409,5,17,48.02,-82.04,0.117,18,23.97,-82.07,0.0791,19,1.08,-82.07,0.10537,20,-21.21,-82.07,0.18223,22,58.44,-39.1,0.5163,5,17,65.32,-16.61,0.00838,18,41.34,-16.66,0.04957,19,18.49,-16.67,0.50428,20,-3.8,-16.67,0.40081,22,124.26,-54.87,0.03695,6,17,63.79,23.28,0.01568,18,39.86,23.24,0.09938,19,17.03,23.23,0.40858,20,-5.25,23.23,0.40677,22,164.11,-52.42,0,21,-108.45,-56.81,0.06959,5,17,23.08,-147.9,0.00144,18,-1.04,-147.89,0.00123,19,-23.97,-147.88,0.00337,20,-46.26,-147.88,0.01501,22,-7.97,-15.7,0.97896,5,17,35.9,-122.14,0.03727,18,11.8,-122.15,0.01869,19,-11.12,-122.14,0.02809,20,-33.4,-122.14,0.06453,22,18.08,-27.91,0.85143,4,17,8.86,-6.7,0.9634,18,-15.1,-6.69,0.02485,19,-37.95,-6.66,0.00134,22,132.85,1.8,0.01042,6,17,0.32,63.52,0.41644,18,-23.57,63.54,0.11889,19,-46.37,63.57,0.02989,20,-68.66,63.57,0.02522,22,202.85,11.98,0,21,-69.7,7.58,0.40955,6,17,40.77,104.92,0.05747,18,16.93,104.9,0.04624,19,-5.85,104.9,0.03327,20,-28.14,104.9,0.11528,22,245.18,-27.5,0,21,-27.37,-31.9,0.74774],"hull":8,"edges":[14,0,0,2,2,4,4,6,12,14,6,8,8,10,10,12],"width":357,"height":114}},"xing_1":{"xing_":{"x":3.91,"y":3.04,"width":122,"height":114}},"xing_2":{"xing_":{"x":3.91,"y":3.04,"width":122,"height":114}},"xing_3":{"xing_":{"x":4.44,"y":3.38,"width":122,"height":114}}}},"animations":{"deffat":{"slots":{"deffat_":{"attachment":[{"time":0.1667,"name":"deffat_"}]},"deffat_2":{"color":[{"time":0.1667,"color":"000000ff"},{"time":0.4,"color":"ffffffff"},{"time":0.6667,"color":"707070ff"},{"time":0.9,"color":"8a8a8aff","curve":[0.236,0.7,0.88,0.59]},{"time":1.3333,"color":"8a8a8a00"}],"attachment":[{"time":0.1667,"name":"deffat_"}]},"deffat_3":{"color":[{"time":0.6667,"color":"698cff00","curve":[0.236,0.7,0.88,0.59]},{"time":1.1667,"color":"92acffff","curve":[0.236,0.7,0.88,0.59]},{"time":1.6667,"color":"698cff00"}],"attachment":[{"time":0.6667,"name":"deffat_"}]},"deffat_di_":{"color":[{"time":0,"color":"ffffff00"},{"time":0.3333,"color":"ffffffff"}],"attachment":[{"time":0,"name":"deffat_di_"}]},"deffat_k_":{"color":[{"time":0,"color":"ffffff00"},{"time":0.3333,"color":"ffffffff"}],"attachment":[{"time":0,"name":"deffat_k_"}]},"deffat_r_":{"color":[{"time":0,"color":"ffffff00"},{"time":0.3333,"color":"ffffffff"}],"attachment":[{"time":0,"name":"deffat_r_"}]},"deffat_r_2":{"color":[{"time":0,"color":"ffffff00"},{"time":0.3333,"color":"ffffffff"}],"attachment":[{"time":0,"name":"deffat_l_"}]},"huichen_":{"color":[{"time":0.3333,"color":"96847011"},{"time":0.7,"color":"968570ff"},{"time":1.7,"color":"96847000"}],"attachment":[{"time":0.3333,"name":"huichen_"}]},"huichen_2":{"color":[{"time":1.0667,"color":"96847011"},{"time":1.4333,"color":"968570ff"},{"time":2.6333,"color":"96847000"}],"attachment":[{"time":1.0667,"name":"huichen_"}]},"huichen_3":{"color":[{"time":1.6667,"color":"9683700c"},{"time":2.0667,"color":"96847084"},{"time":3.4,"color":"96847000"}],"attachment":[{"time":1.6667,"name":"huichen_"}]},"victory_":{"attachment":[{"time":0,"name":null}]},"victory_di_":{"attachment":[{"time":0,"name":null}]},"victory_guangc":{"attachment":[{"time":0,"name":null}]},"victory_k_":{"attachment":[{"time":0,"name":null}]},"victory_l_":{"attachment":[{"time":0,"name":null}]},"victory_r_":{"attachment":[{"time":0,"name":null}]}},"bones":{"deffat":{"translate":[{"time":0,"x":0,"y":166,"curve":[0.536,0.39,0.16,0.94]},{"time":0.6667,"x":0,"y":-9.4,"curve":[0.25,0,0.75,1]},{"time":1.3333,"x":0,"y":0}]},"deffat_zi":{"translate":[{"time":0.1667,"x":0,"y":0,"curve":[0.25,0,0.75,1]},{"time":0.4,"x":0,"y":8.63,"curve":[0.25,0,0.75,1]},{"time":0.9,"x":0,"y":-7.19,"curve":[0.25,0,0.75,1]},{"time":1.4,"x":0,"y":0}],"scale":[{"time":0.1667,"x":1.096,"y":1.096,"curve":[0.744,0.37,0.578,0.97]},{"time":0.9,"x":1,"y":1}]},"deffat_k":{"rotate":[{"time":0,"angle":13.66,"curve":"stepped"},{"time":1,"angle":13.66},{"time":1.0667,"angle":18.99},{"time":1.2333,"angle":0}],"translate":[{"time":0,"x":-3.03,"y":17.24,"curve":"stepped"},{"time":1.0333,"x":-3.03,"y":17.24},{"time":1.2333,"x":0,"y":0}]},"victory_r_1b2":{"rotate":[{"time":0,"angle":-7.65,"curve":[0.25,0,0.75,1]},{"time":0.9667,"angle":5.54,"curve":[0.25,0,0.75,1]},{"time":2,"angle":0}],"translate":[{"time":0.6667,"x":0,"y":0,"curve":[0.25,0,0.75,1]},{"time":1.6,"x":-0.17,"y":-7.14,"curve":[0.25,0,0.75,1]},{"time":2.5,"x":0,"y":0}]},"victory_r_4":{"translate":[{"time":0,"x":0,"y":16.34,"curve":[0.25,0,0.75,1]},{"time":0.6667,"x":0,"y":-4.09,"curve":[0.25,0,0.75,1]},{"time":1.3333,"x":0,"y":4.45,"curve":[0.25,0,0.75,1]},{"time":1.8333,"x":0,"y":0}]},"victory_r_1b3":{"rotate":[{"time":0,"angle":-7.65,"curve":[0.25,0,0.75,1]},{"time":0.9667,"angle":5.54,"curve":[0.25,0,0.75,1]},{"time":2,"angle":0}],"translate":[{"time":0.6667,"x":0,"y":0,"curve":[0.25,0,0.75,1]},{"time":1.6,"x":-0.17,"y":-7.14,"curve":[0.25,0,0.75,1]},{"time":2.5,"x":0,"y":0}]},"victory_r_7":{"translate":[{"time":0,"x":0,"y":16.34,"curve":[0.25,0,0.75,1]},{"time":0.6667,"x":0,"y":-4.09,"curve":[0.25,0,0.75,1]},{"time":1.3333,"x":0,"y":4.45,"curve":[0.25,0,0.75,1]},{"time":1.8333,"x":0,"y":0}]},"tu1":{"translate":[{"time":0.3333,"x":-75.75,"y":80.29,"curve":[0.25,0,0.75,1]},{"time":1.7,"x":-75.75,"y":31.34}],"scale":[{"time":0.3333,"x":2.473,"y":2.473,"curve":[0.25,0,0.75,1]},{"time":1.7,"x":2.635,"y":2.635}]},"tu2":{"translate":[{"time":1.0667,"x":62.17,"y":62.24,"curve":[0.25,0,0.75,1]},{"time":2.6333,"x":62.17,"y":13.29}],"scale":[{"time":1.0667,"x":2.473,"y":2.473,"curve":[0.25,0,0.75,1]},{"time":2.6333,"x":2.635,"y":2.635}]},"tu3":{"translate":[{"time":1.6667,"x":43.36,"y":-3.09,"curve":[0.25,0,0.75,1]},{"time":3.4,"x":43.36,"y":-33.79}],"scale":[{"time":1.6667,"x":1.436,"y":1.324,"curve":[0.25,0,0.75,1]},{"time":3.4,"x":1.436,"y":1.436}]}}},"victory":{"slots":{"lingx_1":{"attachment":[{"time":0.5,"name":"lingx_"}]},"lingx_2":{"attachment":[{"time":0.5,"name":"lingx_"}]},"lingx_3":{"attachment":[{"time":0.5,"name":"lingx_"}]},"lingx_4":{"attachment":[{"time":0.5,"name":"lingx_"}]},"lingx_5":{"attachment":[{"time":0.5,"name":"lingx_"}]},"lingx_6":{"attachment":[{"time":0.5,"name":"lingx_"}]},"lingx_7":{"attachment":[{"time":0.5,"name":"lingx_"}]},"victory_":{"attachment":[{"time":0,"name":null},{"time":0.5,"name":"victory_"}]},"victory_2":{"color":[{"time":0,"color":"ffde0000","curve":"stepped"},{"time":0.2667,"color":"ffde0000"},{"time":0.4667,"color":"ffc680ff","curve":"stepped"},{"time":0.5333,"color":"ffc680ff"},{"time":0.9333,"color":"ffffff00"}],"attachment":[{"time":0.2667,"name":"victory_"}]},"victory_guanga_":{"color":[{"time":0.3333,"color":"ffffff00"},{"time":0.8333,"color":"ffffffff"}],"attachment":[{"time":0.3333,"name":"victory_guanga_"}]},"victory_guangb_":{"color":[{"time":0,"color":"ffffff00"},{"time":0.8333,"color":"ffffffff"}],"attachment":[{"time":0,"name":"victory_guangb_"}]},"victory_guangc":{"color":[{"time":0.6667,"color":"ffffff00","curve":[0.236,0.7,0.88,0.59]},{"time":0.9667,"color":"ffffffff"}],"attachment":[{"time":0,"name":null},{"time":0.6667,"name":"victory_guangb_"}]},"victory_k_":{"color":[{"time":0.5,"color":"ffffff00","curve":[0.236,0.7,0.88,0.59]},{"time":0.6667,"color":"ffffffff"}],"attachment":[{"time":0,"name":null},{"time":0.5,"name":"victory_k_"}]},"xing_1":{"attachment":[{"time":1.7333,"name":"xing_"}]},"xing_2":{"attachment":[{"time":1,"name":"xing_"}]},"xing_3":{"attachment":[{"time":1.4667,"name":"xing_"}]}},"bones":{"victory":{"translate":[{"time":0.5333,"x":0,"y":0},{"time":0.6,"x":0,"y":-6.43},{"time":0.7,"x":0,"y":0}],"scale":[{"time":0,"x":0,"y":0,"curve":[0.572,0.28,0.429,0.9]},{"time":0.2667,"x":1.1,"y":1.1,"curve":[0.572,0.28,0.429,0.9]},{"time":0.4,"x":1,"y":1,"curve":"stepped"},{"time":0.5333,"x":1,"y":1},{"time":0.6,"x":0.96,"y":0.96},{"time":0.7,"x":1,"y":1}]},"victory_zi":{"scale":[{"time":0,"x":4.739,"y":4.739,"curve":[0.648,0.22,0.91,0.8]},{"time":0.2667,"x":10,"y":10,"curve":[0.648,0.22,0.91,0.8]},{"time":0.5,"x":0.9,"y":0.9},{"time":0.5667,"x":1.1,"y":1.1},{"time":0.6667,"x":1,"y":1}]},"victory_k_":{"translate":[{"time":0.5,"x":0,"y":-50.46,"curve":[0.143,0.35,0.931,0.7]},{"time":0.6667,"x":0,"y":30.72,"curve":[0.143,0.35,0.931,0.7]},{"time":0.9,"x":0,"y":0}],"scale":[{"time":0.5,"x":1,"y":0.66},{"time":0.6667,"x":0.912,"y":1.033},{"time":0.9,"x":1,"y":0.934},{"time":1.1,"x":1,"y":1}]},"victory_l_1":{"translate":[{"time":0.5,"x":0,"y":16.34,"curve":[0.25,0,0.75,1]},{"time":0.8333,"x":0,"y":-4.09,"curve":[0.25,0,0.75,1]},{"time":1.3333,"x":0,"y":4.45,"curve":[0.25,0,0.75,1]},{"time":1.8333,"x":0,"y":0}]},"victory_l_1b":{"translate":[{"time":0.8333,"x":0,"y":0,"curve":[0.25,0,0.75,1]},{"time":1.6,"x":-0.62,"y":-25.48,"curve":[0.25,0,0.75,1]},{"time":2.5,"x":0,"y":0}]},"victory_guanga_":{"translate":[{"time":0.3333,"x":-24.21,"y":0,"curve":[0.236,0.7,0.88,0.59]},{"time":2.5,"x":0,"y":0}],"scale":[{"time":2.9667,"x":1,"y":1}]},"victory_guangb":{"translate":[{"time":0,"x":10.27,"y":0,"curve":[0.24,0.46,0.6,0.77]},{"time":2.1667,"x":28.35,"y":0}],"scale":[{"time":0,"x":0.742,"y":0.479},{"time":1,"x":1,"y":1},{"time":2.1667,"x":0.852,"y":0.701}]},"xing_1":{"rotate":[{"time":1.7333,"angle":0},{"time":2.6,"angle":-46.32}],"scale":[{"time":1.7333,"x":0,"y":0},{"time":2.0667,"x":1,"y":1},{"time":2.6,"x":0,"y":0}]},"xing_2":{"rotate":[{"time":1,"angle":20.77},{"time":2.1333,"angle":-33.66}],"scale":[{"time":1,"x":0,"y":0},{"time":1.5,"x":0.911,"y":0.911},{"time":2.1333,"x":0,"y":0}]},"xing_3":{"rotate":[{"time":1.4667,"angle":0},{"time":2.3333,"angle":-33.66}],"scale":[{"time":1.4667,"x":0,"y":0},{"time":1.8667,"x":1,"y":1},{"time":2.3333,"x":0,"y":0}]},"victory_r_1b":{"translate":[{"time":0.8333,"x":0,"y":0,"curve":[0.25,0,0.75,1]},{"time":1.6,"x":-0.62,"y":-25.48,"curve":[0.25,0,0.75,1]},{"time":2.5,"x":0,"y":0}]},"victory_r_1":{"translate":[{"time":0.5,"x":0,"y":16.34,"curve":[0.25,0,0.75,1]},{"time":0.8333,"x":0,"y":-4.09,"curve":[0.25,0,0.75,1]},{"time":1.3333,"x":0,"y":4.45,"curve":[0.25,0,0.75,1]},{"time":1.8333,"x":0,"y":0}]},"victory_guangc":{"scale":[{"time":0.6667,"x":1,"y":1},{"time":2,"x":2.287,"y":1}]},"lingx_1":{"rotate":[{"time":0.5,"angle":119.3,"curve":[0.236,0.7,0.88,0.59]},{"time":2,"angle":0}],"scale":[{"time":0.5,"x":0.303,"y":0.737},{"time":2,"x":1,"y":1}]},"lingx_2":{"rotate":[{"time":0.5,"angle":-34.49,"curve":[0,0.23,0.902,0.77]},{"time":2,"angle":0}],"scale":[{"time":0.5,"x":0.567,"y":0.567},{"time":2,"x":1,"y":1}]},"lingx_3":{"rotate":[{"time":0.5,"angle":0,"curve":[0.25,0,0.75,1]},{"time":1.6667,"angle":-104}]},"lingx_4":{"rotate":[{"time":0.5,"angle":-78.69,"curve":[0.019,0.44,0.923,0.68]},{"time":2.1,"angle":0}],"scale":[{"time":0.5,"x":0.608,"y":0.608,"curve":[0.25,0,0.75,1]},{"time":2.1,"x":1,"y":1}]},"lingx_5":{"rotate":[{"time":0.5,"angle":-91.65,"curve":[0.236,0.7,0.88,0.59]},{"time":2.1,"angle":0}],"scale":[{"time":0.5,"x":0.81,"y":0.61,"curve":[0.236,0.7,0.88,0.59]},{"time":2.1,"x":1,"y":1}]},"lingx_6":{"rotate":[{"time":0.5,"angle":86.13,"curve":[0.236,0.7,0.88,0.59]},{"time":2.1,"angle":0}],"scale":[{"time":0.5,"x":1.194,"y":1.194,"curve":[0.236,0.7,0.88,0.59]},{"time":2.1,"x":1,"y":1}]},"lingx_7":{"rotate":[{"time":0.5,"angle":-26.86,"curve":[0.25,0,0.75,1]},{"time":1.8333,"angle":0}],"scale":[{"time":0.5,"x":0.387,"y":1,"curve":[0.25,0,0.75,1]},{"time":1.8333,"x":1,"y":1}]},"lingx":{"scale":[{"time":0.5,"x":0.8,"y":0.8,"curve":[0,0.66,1,0.75]},{"time":2.1667,"x":1,"y":1}]},"victory_r_1b2":{"translate":[{"time":0.8333,"x":0,"y":0,"curve":[0.25,0,0.75,1]},{"time":1.6,"x":-0.62,"y":-25.48,"curve":[0.25,0,0.75,1]},{"time":2.5,"x":0,"y":0}]},"victory_r_4":{"translate":[{"time":0.5,"x":0,"y":16.34,"curve":[0.25,0,0.75,1]},{"time":0.8333,"x":0,"y":-4.09,"curve":[0.25,0,0.75,1]},{"time":1.3333,"x":0,"y":4.45,"curve":[0.25,0,0.75,1]},{"time":1.8333,"x":0,"y":0}]},"victory_r_1b3":{"translate":[{"time":0.8333,"x":0,"y":0,"curve":[0.25,0,0.75,1]},{"time":1.6,"x":-0.62,"y":-25.48,"curve":[0.25,0,0.75,1]},{"time":2.5,"x":0,"y":0}]},"victory_r_7":{"translate":[{"time":0.5,"x":0,"y":16.34,"curve":[0.25,0,0.75,1]},{"time":0.8333,"x":0,"y":-4.09,"curve":[0.25,0,0.75,1]},{"time":1.3333,"x":0,"y":4.45,"curve":[0.25,0,0.75,1]},{"time":1.8333,"x":0,"y":0}]}}}}}