{
"skeleton": { "hash": "M2gHHOdLks4cY1o3RJG9oYRvUOA", "spine": "3.7.94", "width": 0, "height": 0 },
"bones": [
	{ "name": "root" },
	{ "name": "bone", "parent": "root" }
],
"slots": [
	{ "name": "idle_019_12_", "bone": "bone" },
	{ "name": "idle_019_11_", "bone": "bone" },
	{ "name": "idle_019_10_", "bone": "bone" },
	{ "name": "idle_019_09_", "bone": "bone" },
	{ "name": "idle_019_08_", "bone": "bone" },
	{ "name": "idle_019_07_", "bone": "bone" },
	{ "name": "idle_019_06_", "bone": "bone" },
	{ "name": "idle_019_05_", "bone": "bone" },
	{ "name": "idle_019_04_", "bone": "bone" },
	{ "name": "idle_019_03_", "bone": "bone" },
	{ "name": "idle_019_02_", "bone": "bone" },
	{ "name": "idle_019_01_", "bone": "bone" },
	{ "name": "idle_018_10_", "bone": "bone" },
	{ "name": "idle_018_09_", "bone": "bone" },
	{ "name": "idle_018_08_", "bone": "bone" },
	{ "name": "idle_018_07_", "bone": "bone" },
	{ "name": "idle_018_06_", "bone": "bone" },
	{ "name": "idle_018_05_", "bone": "bone" },
	{ "name": "idle_018_04_", "bone": "bone" },
	{ "name": "idle_018_03_", "bone": "bone" },
	{ "name": "idle_018_02_", "bone": "bone" },
	{ "name": "idle_018_01_", "bone": "bone" },
	{ "name": "idle_017_15_", "bone": "bone" },
	{ "name": "idle_017_14_", "bone": "bone" },
	{ "name": "idle_017_13_", "bone": "bone" },
	{ "name": "idle_017_12_", "bone": "bone" },
	{ "name": "idle_017_11_", "bone": "bone" },
	{ "name": "idle_017_10_", "bone": "bone" },
	{ "name": "idle_017_09_", "bone": "bone" },
	{ "name": "idle_017_08_", "bone": "bone" },
	{ "name": "idle_017_07_", "bone": "bone" },
	{ "name": "idle_017_06_", "bone": "bone" },
	{ "name": "idle_017_05_", "bone": "bone" },
	{ "name": "idle_017_04_", "bone": "bone" },
	{ "name": "idle_017_03_", "bone": "bone" },
	{ "name": "idle_017_02_", "bone": "bone" },
	{ "name": "idle_017_01_", "bone": "bone" },
	{ "name": "idle_016_18_", "bone": "bone" },
	{ "name": "idle_016_17_", "bone": "bone" },
	{ "name": "idle_016_16_", "bone": "bone" },
	{ "name": "idle_016_15_", "bone": "bone" },
	{ "name": "idle_016_14_", "bone": "bone" },
	{ "name": "idle_016_13_", "bone": "bone" },
	{ "name": "idle_016_12_", "bone": "bone" },
	{ "name": "idle_016_11_", "bone": "bone" },
	{ "name": "idle_016_10_", "bone": "bone" },
	{ "name": "idle_016_09_", "bone": "bone" },
	{ "name": "idle_016_08_", "bone": "bone" },
	{ "name": "idle_016_07_", "bone": "bone" },
	{ "name": "idle_016_06_", "bone": "bone" },
	{ "name": "idle_016_05_", "bone": "bone" },
	{ "name": "idle_016_04_", "bone": "bone" },
	{ "name": "idle_016_03_", "bone": "bone" },
	{ "name": "idle_016_02_", "bone": "bone" },
	{ "name": "idle_016_01_", "bone": "bone" },
	{ "name": "idle_015_19_", "bone": "bone" },
	{ "name": "idle_015_18_", "bone": "bone" },
	{ "name": "idle_015_17_", "bone": "bone" },
	{ "name": "idle_015_16_", "bone": "bone" },
	{ "name": "idle_015_15_", "bone": "bone" },
	{ "name": "idle_015_14_", "bone": "bone" },
	{ "name": "idle_015_13_", "bone": "bone" },
	{ "name": "idle_015_12_", "bone": "bone" },
	{ "name": "idle_015_11_", "bone": "bone" },
	{ "name": "idle_015_10_", "bone": "bone" },
	{ "name": "idle_015_09_", "bone": "bone" },
	{ "name": "idle_015_08_", "bone": "bone" },
	{ "name": "idle_015_07_", "bone": "bone" },
	{ "name": "idle_015_06_", "bone": "bone" },
	{ "name": "idle_015_05_", "bone": "bone" },
	{ "name": "idle_015_04_", "bone": "bone" },
	{ "name": "idle_015_03_", "bone": "bone" },
	{ "name": "idle_015_02_", "bone": "bone" },
	{ "name": "idle_015_01_", "bone": "bone" },
	{ "name": "idle_014_17_", "bone": "bone" },
	{ "name": "idle_014_16_", "bone": "bone" },
	{ "name": "idle_014_15_", "bone": "bone" },
	{ "name": "idle_014_14_", "bone": "bone" },
	{ "name": "idle_014_13_", "bone": "bone" },
	{ "name": "idle_014_12_", "bone": "bone" },
	{ "name": "idle_014_11_", "bone": "bone" },
	{ "name": "idle_014_10_", "bone": "bone" },
	{ "name": "idle_014_09_", "bone": "bone" },
	{ "name": "idle_014_08_", "bone": "bone" },
	{ "name": "idle_014_07_", "bone": "bone" },
	{ "name": "idle_014_06_", "bone": "bone" },
	{ "name": "idle_014_05_", "bone": "bone" },
	{ "name": "idle_014_04_", "bone": "bone" },
	{ "name": "idle_014_03_", "bone": "bone" },
	{ "name": "idle_014_02_", "bone": "bone" },
	{ "name": "idle_014_01_", "bone": "bone" },
	{ "name": "idle_013_18_", "bone": "bone" },
	{ "name": "idle_013_17_", "bone": "bone" },
	{ "name": "idle_013_16_", "bone": "bone" },
	{ "name": "idle_013_15_", "bone": "bone" },
	{ "name": "idle_013_14_", "bone": "bone" },
	{ "name": "idle_013_13_", "bone": "bone" },
	{ "name": "idle_013_12_", "bone": "bone" },
	{ "name": "idle_013_11_", "bone": "bone" },
	{ "name": "idle_013_10_", "bone": "bone" },
	{ "name": "idle_013_09_", "bone": "bone" },
	{ "name": "idle_013_08_", "bone": "bone" },
	{ "name": "idle_013_07_", "bone": "bone" },
	{ "name": "idle_013_06_", "bone": "bone" },
	{ "name": "idle_013_05_", "bone": "bone" },
	{ "name": "idle_013_04_", "bone": "bone" },
	{ "name": "idle_013_03_", "bone": "bone" },
	{ "name": "idle_013_02_", "bone": "bone" },
	{ "name": "idle_013_01_", "bone": "bone" },
	{ "name": "idle_012_18_", "bone": "bone" },
	{ "name": "idle_012_17_", "bone": "bone" },
	{ "name": "idle_012_16_", "bone": "bone" },
	{ "name": "idle_012_15_", "bone": "bone" },
	{ "name": "idle_012_14_", "bone": "bone" },
	{ "name": "idle_012_13_", "bone": "bone" },
	{ "name": "idle_012_12_", "bone": "bone" },
	{ "name": "idle_012_11_", "bone": "bone" },
	{ "name": "idle_012_10_", "bone": "bone" },
	{ "name": "idle_012_09_", "bone": "bone" },
	{ "name": "idle_012_08_", "bone": "bone" },
	{ "name": "idle_012_07_", "bone": "bone" },
	{ "name": "idle_012_06_", "bone": "bone" },
	{ "name": "idle_012_05_", "bone": "bone" },
	{ "name": "idle_012_04_", "bone": "bone" },
	{ "name": "idle_012_03_", "bone": "bone" },
	{ "name": "idle_012_02_", "bone": "bone" },
	{ "name": "idle_012_01_", "bone": "bone" },
	{ "name": "idle_011_18_", "bone": "bone" },
	{ "name": "idle_011_17_", "bone": "bone" },
	{ "name": "idle_011_16_", "bone": "bone" },
	{ "name": "idle_011_15_", "bone": "bone" },
	{ "name": "idle_011_14_", "bone": "bone" },
	{ "name": "idle_011_13_", "bone": "bone" },
	{ "name": "idle_011_12_", "bone": "bone" },
	{ "name": "idle_011_11_", "bone": "bone" },
	{ "name": "idle_011_10_", "bone": "bone" },
	{ "name": "idle_011_09_", "bone": "bone" },
	{ "name": "idle_011_08_", "bone": "bone" },
	{ "name": "idle_011_07_", "bone": "bone" },
	{ "name": "idle_011_06_", "bone": "bone" },
	{ "name": "idle_011_05_", "bone": "bone" },
	{ "name": "idle_011_04_", "bone": "bone" },
	{ "name": "idle_011_03_", "bone": "bone" },
	{ "name": "idle_011_02_", "bone": "bone" },
	{ "name": "idle_011_01_", "bone": "bone" },
	{ "name": "idle_010_21_", "bone": "bone" },
	{ "name": "idle_010_20_", "bone": "bone" },
	{ "name": "idle_010_19_", "bone": "bone" },
	{ "name": "idle_010_18_", "bone": "bone" },
	{ "name": "idle_010_17_", "bone": "bone" },
	{ "name": "idle_010_16_", "bone": "bone" },
	{ "name": "idle_010_15_", "bone": "bone" },
	{ "name": "idle_010_14_", "bone": "bone" },
	{ "name": "idle_010_13_", "bone": "bone" },
	{ "name": "idle_010_12_", "bone": "bone" },
	{ "name": "idle_010_11_", "bone": "bone" },
	{ "name": "idle_010_10_", "bone": "bone" },
	{ "name": "idle_010_07_", "bone": "bone" },
	{ "name": "idle_010_06_", "bone": "bone" },
	{ "name": "idle_010_05_", "bone": "bone" },
	{ "name": "idle_010_04_", "bone": "bone" },
	{ "name": "idle_010_03_", "bone": "bone" },
	{ "name": "idle_010_02_", "bone": "bone" },
	{ "name": "idle_010_01_", "bone": "bone" },
	{ "name": "idle_009_15_", "bone": "bone" },
	{ "name": "idle_009_14_", "bone": "bone" },
	{ "name": "idle_009_13_", "bone": "bone" },
	{ "name": "idle_009_12_", "bone": "bone" },
	{ "name": "idle_009_11_", "bone": "bone" },
	{ "name": "idle_009_10_", "bone": "bone" },
	{ "name": "idle_009_09_", "bone": "bone" },
	{ "name": "idle_009_08_", "bone": "bone" },
	{ "name": "idle_009_07_", "bone": "bone" },
	{ "name": "idle_009_06_", "bone": "bone" },
	{ "name": "idle_009_05_", "bone": "bone" },
	{ "name": "idle_009_04_", "bone": "bone" },
	{ "name": "idle_009_03_", "bone": "bone" },
	{ "name": "idle_009_02_", "bone": "bone" },
	{ "name": "idle_009_01_", "bone": "bone" },
	{ "name": "idle_008_12_", "bone": "bone" },
	{ "name": "idle_008_11_", "bone": "bone" },
	{ "name": "idle_008_10_", "bone": "bone" },
	{ "name": "idle_008_09_", "bone": "bone" },
	{ "name": "idle_008_08_", "bone": "bone" },
	{ "name": "idle_008_07_", "bone": "bone" },
	{ "name": "idle_008_06_", "bone": "bone" },
	{ "name": "idle_008_05_", "bone": "bone" },
	{ "name": "idle_008_04_", "bone": "bone" },
	{ "name": "idle_008_03_", "bone": "bone" },
	{ "name": "idle_008_02_", "bone": "bone" },
	{ "name": "idle_008_01_", "bone": "bone" },
	{ "name": "idle_007_14_", "bone": "bone" },
	{ "name": "idle_007_13_", "bone": "bone" },
	{ "name": "idle_007_12_", "bone": "bone" },
	{ "name": "idle_007_11_", "bone": "bone" },
	{ "name": "idle_007_10_", "bone": "bone" },
	{ "name": "idle_007_09_", "bone": "bone" },
	{ "name": "idle_007_08_", "bone": "bone" },
	{ "name": "idle_007_07_", "bone": "bone" },
	{ "name": "idle_007_06_", "bone": "bone" },
	{ "name": "idle_007_05_", "bone": "bone" },
	{ "name": "idle_007_04_", "bone": "bone" },
	{ "name": "idle_007_03_", "bone": "bone" },
	{ "name": "idle_007_02_", "bone": "bone" },
	{ "name": "idle_007_01_", "bone": "bone" },
	{ "name": "idle_006_12_", "bone": "bone" },
	{ "name": "idle_006_11_", "bone": "bone" },
	{ "name": "idle_006_10_", "bone": "bone" },
	{ "name": "idle_006_09_", "bone": "bone" },
	{ "name": "idle_006_08_", "bone": "bone" },
	{ "name": "idle_006_07_", "bone": "bone" },
	{ "name": "idle_006_06_", "bone": "bone" },
	{ "name": "idle_006_05_", "bone": "bone" },
	{ "name": "idle_006_04_", "bone": "bone" },
	{ "name": "idle_006_03_", "bone": "bone" },
	{ "name": "idle_006_02_", "bone": "bone" },
	{ "name": "idle_006_01_", "bone": "bone" },
	{ "name": "idle_005_14_", "bone": "bone" },
	{ "name": "idle_005_13_", "bone": "bone" },
	{ "name": "idle_005_12_", "bone": "bone" },
	{ "name": "idle_005_11_", "bone": "bone" },
	{ "name": "idle_005_10_", "bone": "bone" },
	{ "name": "idle_005_09_", "bone": "bone" },
	{ "name": "idle_005_08_", "bone": "bone" },
	{ "name": "idle_005_07_", "bone": "bone" },
	{ "name": "idle_005_06_", "bone": "bone" },
	{ "name": "idle_005_05_", "bone": "bone" },
	{ "name": "idle_005_04_", "bone": "bone" },
	{ "name": "idle_005_03_", "bone": "bone" },
	{ "name": "idle_005_02_", "bone": "bone" },
	{ "name": "idle_005_01_", "bone": "bone" },
	{ "name": "idle_004_06_", "bone": "bone" },
	{ "name": "idle_004_05_", "bone": "bone" },
	{ "name": "idle_004_04_", "bone": "bone" },
	{ "name": "idle_004_03_", "bone": "bone" },
	{ "name": "idle_004_02_", "bone": "bone" },
	{ "name": "idle_004_01_", "bone": "bone" },
	{ "name": "idle_003_06_", "bone": "bone" },
	{ "name": "idle_003_05_", "bone": "bone" },
	{ "name": "idle_003_04_", "bone": "bone" },
	{ "name": "idle_003_03_", "bone": "bone" },
	{ "name": "idle_003_02_", "bone": "bone" },
	{ "name": "idle_003_01_", "bone": "bone" },
	{ "name": "idle_002_04_", "bone": "bone" },
	{ "name": "idle_002_03_", "bone": "bone" },
	{ "name": "idle_002_02_", "bone": "bone" },
	{ "name": "idle_002_01_", "bone": "bone" },
	{ "name": "idle_001_04_", "bone": "bone" },
	{ "name": "idle_001_03_", "bone": "bone" },
	{ "name": "idle_001_02_", "bone": "bone" },
	{ "name": "idle_001_01_", "bone": "bone" },
	{ "name": "idle_000_04_", "bone": "bone" },
	{ "name": "idle_000_03_", "bone": "bone" },
	{ "name": "idle_000_02_", "bone": "bone" },
	{ "name": "idle_000_01_", "bone": "bone" },
	{ "name": "DJ_011_04_", "bone": "bone" },
	{ "name": "DJ_011_03_", "bone": "bone" },
	{ "name": "DJ_011_02_", "bone": "bone" },
	{ "name": "DJ_011_01_", "bone": "bone" },
	{ "name": "DJ_010_04_", "bone": "bone" },
	{ "name": "DJ_010_03_", "bone": "bone" },
	{ "name": "DJ_010_02_", "bone": "bone" },
	{ "name": "DJ_010_01_", "bone": "bone" },
	{ "name": "DJ_009_04_", "bone": "bone" },
	{ "name": "DJ_009_03_", "bone": "bone" },
	{ "name": "DJ_009_02_", "bone": "bone" },
	{ "name": "DJ_009_01_", "bone": "bone" },
	{ "name": "DJ_008_04_", "bone": "bone" },
	{ "name": "DJ_008_03_", "bone": "bone" },
	{ "name": "DJ_008_02_", "bone": "bone" },
	{ "name": "DJ_008_01_", "bone": "bone" },
	{ "name": "DJ_007_04_", "bone": "bone" },
	{ "name": "DJ_007_03_", "bone": "bone" },
	{ "name": "DJ_007_02_", "bone": "bone" },
	{ "name": "DJ_007_01_", "bone": "bone" },
	{ "name": "DJ_006_04_", "bone": "bone" },
	{ "name": "DJ_006_03_", "bone": "bone" },
	{ "name": "DJ_006_02_", "bone": "bone" },
	{ "name": "DJ_006_01_", "bone": "bone" },
	{ "name": "DJ_005_04_", "bone": "bone" },
	{ "name": "DJ_005_03_", "bone": "bone" },
	{ "name": "DJ_005_02_", "bone": "bone" },
	{ "name": "DJ_005_01_", "bone": "bone" },
	{ "name": "DJ_004_04_", "bone": "bone" },
	{ "name": "DJ_004_03_", "bone": "bone" },
	{ "name": "DJ_004_02_", "bone": "bone" },
	{ "name": "DJ_004_01_", "bone": "bone" },
	{ "name": "DJ_003_04_", "bone": "bone" },
	{ "name": "DJ_003_03_", "bone": "bone" },
	{ "name": "DJ_003_02_", "bone": "bone" },
	{ "name": "DJ_003_01_", "bone": "bone" },
	{ "name": "DJ_002_04_", "bone": "bone" },
	{ "name": "DJ_002_03_", "bone": "bone" },
	{ "name": "DJ_002_02_", "bone": "bone" },
	{ "name": "DJ_002_01_", "bone": "bone" },
	{ "name": "DJ_001_04_", "bone": "bone" },
	{ "name": "DJ_001_03_", "bone": "bone" },
	{ "name": "DJ_001_02_", "bone": "bone" },
	{ "name": "DJ_001_01_", "bone": "bone" },
	{ "name": "DJ_000_04_", "bone": "bone" },
	{ "name": "DJ_000_03_", "bone": "bone" },
	{ "name": "DJ_000_02_", "bone": "bone" },
	{ "name": "DJ_000_01_", "bone": "bone" }
],
"skins": {
	"default": {
		"DJ_000_01_": {
			"DJ_000_01_": { "x": -28.58, "y": 290.44, "width": 106, "height": 121 }
		},
		"DJ_000_02_": {
			"DJ_000_02_": { "x": 77.92, "y": 291.44, "width": 109, "height": 123 }
		},
		"DJ_000_03_": {
			"DJ_000_03_": { "x": -27.58, "y": 168.44, "width": 104, "height": 123 }
		},
		"DJ_000_04_": {
			"DJ_000_04_": { "x": 80.92, "y": 172.94, "width": 113, "height": 114 }
		},
		"DJ_001_01_": {
			"DJ_001_01_": { "x": -29.08, "y": 293.94, "width": 107, "height": 128 }
		},
		"DJ_001_02_": {
			"DJ_001_02_": { "x": 79.92, "y": 293.94, "width": 111, "height": 128 }
		},
		"DJ_001_03_": {
			"DJ_001_03_": { "x": -28.58, "y": 168.44, "width": 106, "height": 123 }
		},
		"DJ_001_04_": {
			"DJ_001_04_": { "x": 82.92, "y": 172.44, "width": 117, "height": 115 }
		},
		"DJ_002_01_": {
			"DJ_002_01_": { "x": -29.08, "y": 293.94, "width": 107, "height": 128 }
		},
		"DJ_002_02_": {
			"DJ_002_02_": { "x": 79.92, "y": 293.94, "width": 111, "height": 128 }
		},
		"DJ_002_03_": {
			"DJ_002_03_": { "x": -28.08, "y": 167.94, "width": 105, "height": 124 }
		},
		"DJ_002_04_": {
			"DJ_002_04_": { "x": 82.92, "y": 173.44, "width": 117, "height": 113 }
		},
		"DJ_003_01_": {
			"DJ_003_01_": { "x": -31.08, "y": 293.94, "width": 111, "height": 128 }
		},
		"DJ_003_02_": {
			"DJ_003_02_": { "x": 80.42, "y": 293.44, "width": 112, "height": 127 }
		},
		"DJ_003_03_": {
			"DJ_003_03_": { "x": -29.08, "y": 167.94, "width": 107, "height": 124 }
		},
		"DJ_003_04_": {
			"DJ_003_04_": { "x": 82.92, "y": 171.44, "width": 117, "height": 117 }
		},
		"DJ_004_01_": {
			"DJ_004_01_": { "x": -31.08, "y": 294.94, "width": 111, "height": 130 }
		},
		"DJ_004_02_": {
			"DJ_004_02_": { "x": 79.92, "y": 294.44, "width": 111, "height": 129 }
		},
		"DJ_004_03_": {
			"DJ_004_03_": { "x": -28.58, "y": 168.44, "width": 106, "height": 123 }
		},
		"DJ_004_04_": {
			"DJ_004_04_": { "x": 82.92, "y": 173.44, "width": 117, "height": 113 }
		},
		"DJ_005_01_": {
			"DJ_005_01_": { "x": -31.08, "y": 294.94, "width": 111, "height": 130 }
		},
		"DJ_005_02_": {
			"DJ_005_02_": { "x": 80.42, "y": 294.44, "width": 112, "height": 129 }
		},
		"DJ_005_03_": {
			"DJ_005_03_": { "x": -28.58, "y": 168.44, "width": 106, "height": 123 }
		},
		"DJ_005_04_": {
			"DJ_005_04_": { "x": 82.92, "y": 171.44, "width": 117, "height": 117 }
		},
		"DJ_006_01_": {
			"DJ_006_01_": { "x": -31.08, "y": 293.44, "width": 111, "height": 127 }
		},
		"DJ_006_02_": {
			"DJ_006_02_": { "x": 78.92, "y": 293.94, "width": 111, "height": 128 }
		},
		"DJ_006_03_": {
			"DJ_006_03_": { "x": -28.58, "y": 167.94, "width": 106, "height": 124 }
		},
		"DJ_006_04_": {
			"DJ_006_04_": { "x": 82.92, "y": 171.44, "width": 117, "height": 117 }
		},
		"DJ_007_01_": {
			"DJ_007_01_": { "x": -31.08, "y": 294.44, "width": 111, "height": 129 }
		},
		"DJ_007_02_": {
			"DJ_007_02_": { "x": 79.92, "y": 294.44, "width": 111, "height": 129 }
		},
		"DJ_007_03_": {
			"DJ_007_03_": { "x": -28.58, "y": 168.94, "width": 106, "height": 122 }
		},
		"DJ_007_04_": {
			"DJ_007_04_": { "x": 82.92, "y": 173.44, "width": 117, "height": 113 }
		},
		"DJ_008_01_": {
			"DJ_008_01_": { "x": -29.08, "y": 294.44, "width": 107, "height": 129 }
		},
		"DJ_008_02_": {
			"DJ_008_02_": { "x": 78.42, "y": 292.44, "width": 108, "height": 125 }
		},
		"DJ_008_03_": {
			"DJ_008_03_": { "x": -27.08, "y": 169.44, "width": 103, "height": 121 }
		},
		"DJ_008_04_": {
			"DJ_008_04_": { "x": 82.92, "y": 173.44, "width": 117, "height": 113 }
		},
		"DJ_009_01_": {
			"DJ_009_01_": { "x": -29.08, "y": 292.94, "width": 107, "height": 126 }
		},
		"DJ_009_02_": {
			"DJ_009_02_": { "x": 79.42, "y": 292.44, "width": 110, "height": 125 }
		},
		"DJ_009_03_": {
			"DJ_009_03_": { "x": -27.08, "y": 169.44, "width": 103, "height": 121 }
		},
		"DJ_009_04_": {
			"DJ_009_04_": { "x": 82.92, "y": 171.44, "width": 117, "height": 117 }
		},
		"DJ_010_01_": {
			"DJ_010_01_": { "x": -29.08, "y": 293.94, "width": 107, "height": 128 }
		},
		"DJ_010_02_": {
			"DJ_010_02_": { "x": 79.42, "y": 292.44, "width": 110, "height": 125 }
		},
		"DJ_010_03_": {
			"DJ_010_03_": { "x": -27.08, "y": 169.44, "width": 103, "height": 121 }
		},
		"DJ_010_04_": {
			"DJ_010_04_": { "x": 82.92, "y": 171.94, "width": 117, "height": 116 }
		},
		"DJ_011_01_": {
			"DJ_011_01_": { "x": -28.58, "y": 293.44, "width": 106, "height": 127 }
		},
		"DJ_011_02_": {
			"DJ_011_02_": { "x": 78.92, "y": 292.94, "width": 109, "height": 126 }
		},
		"DJ_011_03_": {
			"DJ_011_03_": { "x": -25.58, "y": 168.94, "width": 100, "height": 122 }
		},
		"DJ_011_04_": {
			"DJ_011_04_": { "x": 82.92, "y": 173.94, "width": 117, "height": 112 }
		},
		"idle_000_01_": {
			"idle_000_01_": { "x": -28.58, "y": 292.44, "width": 106, "height": 125 }
		},
		"idle_000_02_": {
			"idle_000_02_": { "x": 78.42, "y": 292.94, "width": 110, "height": 126 }
		},
		"idle_000_03_": {
			"idle_000_03_": { "x": -26.58, "y": 169.44, "width": 102, "height": 121 }
		},
		"idle_000_04_": {
			"idle_000_04_": { "x": 80.92, "y": 173.44, "width": 113, "height": 113 }
		},
		"idle_001_01_": {
			"idle_001_01_": { "x": -26.58, "y": 276.94, "width": 102, "height": 94 }
		},
		"idle_001_02_": {
			"idle_001_02_": { "x": 66.92, "y": 276.94, "width": 85, "height": 94 }
		},
		"idle_001_03_": {
			"idle_001_03_": { "x": -26.58, "y": 168.94, "width": 102, "height": 122 }
		},
		"idle_001_04_": {
			"idle_001_04_": { "x": 77.42, "y": 172.94, "width": 106, "height": 114 }
		},
		"idle_002_01_": {
			"idle_002_01_": { "x": -28.08, "y": 303.44, "width": 105, "height": 147 }
		},
		"idle_002_02_": {
			"idle_002_02_": { "x": 65.42, "y": 297.44, "width": 82, "height": 135 }
		},
		"idle_002_03_": {
			"idle_002_03_": { "x": -27.58, "y": 168.94, "width": 104, "height": 122 }
		},
		"idle_002_04_": {
			"idle_002_04_": { "x": 72.42, "y": 174.94, "width": 96, "height": 110 }
		},
		"idle_003_01_": {
			"idle_003_01_": { "x": -28.58, "y": 303.94, "width": 106, "height": 148 }
		},
		"idle_003_02_": {
			"idle_003_02_": { "x": 76.42, "y": 297.94, "width": 104, "height": 136 }
		},
		"idle_003_03_": {
			"idle_003_03_": { "x": -28.58, "y": 167.94, "width": 106, "height": 124 }
		},
		"idle_003_04_": {
			"idle_003_04_": { "x": 76.42, "y": 170.94, "width": 104, "height": 118 }
		},
		"idle_003_05_": {
			"idle_003_05_": { "x": -104.08, "y": 229.94, "width": 45, "height": 114 }
		},
		"idle_003_06_": {
			"idle_003_06_": { "x": 148.42, "y": 222.94, "width": 40, "height": 98 }
		},
		"idle_004_01_": {
			"idle_004_01_": { "x": -28.58, "y": 305.94, "width": 106, "height": 152 }
		},
		"idle_004_02_": {
			"idle_004_02_": { "x": 76.42, "y": 301.44, "width": 104, "height": 143 }
		},
		"idle_004_03_": {
			"idle_004_03_": { "x": -101.58, "y": 225.44, "width": 40, "height": 155 }
		},
		"idle_004_04_": {
			"idle_004_04_": { "x": -28.58, "y": 165.94, "width": 106, "height": 128 }
		},
		"idle_004_05_": {
			"idle_004_05_": { "x": 76.42, "y": 165.94, "width": 104, "height": 128 }
		},
		"idle_004_06_": {
			"idle_004_06_": { "x": 153.42, "y": 238.94, "width": 50, "height": 110 }
		},
		"idle_005_01_": {
			"idle_005_01_": { "x": -38.58, "y": 465.94, "width": 126, "height": 150 }
		},
		"idle_005_02_": {
			"idle_005_02_": { "x": 67.42, "y": 465.94, "width": 86, "height": 150 }
		},
		"idle_005_03_": {
			"idle_005_03_": { "x": -38.58, "y": 307.44, "width": 126, "height": 167 }
		},
		"idle_005_04_": {
			"idle_005_04_": { "x": -120.08, "y": 294.94, "width": 37, "height": 142 }
		},
		"idle_005_05_": {
			"idle_005_05_": { "x": -166.08, "y": 196.44, "width": 57, "height": 189 }
		},
		"idle_005_06_": {
			"idle_005_06_": { "x": -147.58, "y": 56.44, "width": 92, "height": 93 }
		},
		"idle_005_07_": {
			"idle_005_07_": { "x": -56.58, "y": 162.94, "width": 162, "height": 122 }
		},
		"idle_005_08_": {
			"idle_005_08_": { "x": 85.42, "y": 307.44, "width": 122, "height": 167 }
		},
		"idle_005_09_": {
			"idle_005_09_": { "x": 183.92, "y": 284.94, "width": 75, "height": 122 }
		},
		"idle_005_10_": {
			"idle_005_10_": { "x": 85.42, "y": 162.94, "width": 122, "height": 122 }
		},
		"idle_005_11_": {
			"idle_005_11_": { "x": 191.92, "y": 162.94, "width": 91, "height": 122 }
		},
		"idle_005_12_": {
			"idle_005_12_": { "x": -38.58, "y": 50.94, "width": 126, "height": 102 }
		},
		"idle_005_13_": {
			"idle_005_13_": { "x": 84.92, "y": 50.44, "width": 123, "height": 103 }
		},
		"idle_005_14_": {
			"idle_005_14_": { "x": 188.92, "y": 51.44, "width": 85, "height": 101 }
		},
		"idle_006_01_": {
			"idle_006_01_": { "x": -38.58, "y": 465.94, "width": 126, "height": 150 }
		},
		"idle_006_02_": {
			"idle_006_02_": { "x": 65.42, "y": 465.94, "width": 82, "height": 150 }
		},
		"idle_006_03_": {
			"idle_006_03_": { "x": -187.08, "y": 191.94, "width": 61, "height": 180 }
		},
		"idle_006_04_": {
			"idle_006_04_": { "x": -165.08, "y": 56.94, "width": 127, "height": 92 }
		},
		"idle_006_05_": {
			"idle_006_05_": { "x": -129.58, "y": 234.94, "width": 56, "height": 264 }
		},
		"idle_006_06_": {
			"idle_006_06_": { "x": -38.58, "y": 307.44, "width": 126, "height": 167 }
		},
		"idle_006_07_": {
			"idle_006_07_": { "x": 85.42, "y": 307.44, "width": 122, "height": 167 }
		},
		"idle_006_08_": {
			"idle_006_08_": { "x": 183.92, "y": 296.94, "width": 75, "height": 146 }
		},
		"idle_006_09_": {
			"idle_006_09_": { "x": -38.58, "y": 112.44, "width": 126, "height": 223 }
		},
		"idle_006_10_": {
			"idle_006_10_": { "x": 85.42, "y": 112.44, "width": 122, "height": 223 }
		},
		"idle_006_11_": {
			"idle_006_11_": { "x": 190.42, "y": 115.94, "width": 88, "height": 216 }
		},
		"idle_006_12_": {
			"idle_006_12_": { "x": 248.42, "y": 149.44, "width": 28, "height": 75 }
		},
		"idle_007_01_": {
			"idle_007_01_": { "x": -38.58, "y": 474.44, "width": 126, "height": 133 }
		},
		"idle_007_02_": {
			"idle_007_02_": { "x": 64.42, "y": 474.44, "width": 80, "height": 133 }
		},
		"idle_007_03_": {
			"idle_007_03_": { "x": -38.58, "y": 342.94, "width": 126, "height": 130 }
		},
		"idle_007_04_": {
			"idle_007_04_": { "x": -129.58, "y": 193.44, "width": 56, "height": 171 }
		},
		"idle_007_05_": {
			"idle_007_05_": { "x": -176.08, "y": 210.94, "width": 37, "height": 60 }
		},
		"idle_007_06_": {
			"idle_007_06_": { "x": -191.08, "y": 94.44, "width": 69, "height": 173 }
		},
		"idle_007_07_": {
			"idle_007_07_": { "x": -239.58, "y": 53.44, "width": 28, "height": 31 }
		},
		"idle_007_08_": {
			"idle_007_08_": { "x": 85.42, "y": 343.44, "width": 122, "height": 131 }
		},
		"idle_007_09_": {
			"idle_007_09_": { "x": -38.58, "y": 192.94, "width": 126, "height": 170 }
		},
		"idle_007_10_": {
			"idle_007_10_": { "x": 85.42, "y": 192.94, "width": 122, "height": 170 }
		},
		"idle_007_11_": {
			"idle_007_11_": { "x": 183.92, "y": 193.44, "width": 75, "height": 171 }
		},
		"idle_007_12_": {
			"idle_007_12_": { "x": 250.42, "y": 154.44, "width": 58, "height": 93 }
		},
		"idle_007_13_": {
			"idle_007_13_": { "x": -66.58, "y": 53.94, "width": 182, "height": 108 }
		},
		"idle_007_14_": {
			"idle_007_14_": { "x": 137.42, "y": 53.94, "width": 226, "height": 108 }
		},
		"idle_008_01_": {
			"idle_008_01_": { "x": -12.58, "y": 474.44, "width": 132, "height": 133 }
		},
		"idle_008_02_": {
			"idle_008_02_": { "x": -48.58, "y": 343.44, "width": 146, "height": 131 }
		},
		"idle_008_03_": {
			"idle_008_03_": { "x": 85.42, "y": 343.44, "width": 122, "height": 131 }
		},
		"idle_008_04_": {
			"idle_008_04_": { "x": -81.58, "y": 229.94, "width": 212, "height": 98 }
		},
		"idle_008_05_": {
			"idle_008_05_": { "x": 122.92, "y": 229.94, "width": 197, "height": 98 }
		},
		"idle_008_06_": {
			"idle_008_06_": { "x": -100.58, "y": 144.44, "width": 250, "height": 73 }
		},
		"idle_008_07_": {
			"idle_008_07_": { "x": 122.92, "y": 144.44, "width": 197, "height": 73 }
		},
		"idle_008_08_": {
			"idle_008_08_": { "x": -190.58, "y": 57.44, "width": 178, "height": 101 }
		},
		"idle_008_09_": {
			"idle_008_09_": { "x": -38.58, "y": 48.44, "width": 126, "height": 119 }
		},
		"idle_008_10_": {
			"idle_008_10_": { "x": 122.92, "y": 53.94, "width": 197, "height": 108 }
		},
		"idle_008_11_": {
			"idle_008_11_": { "x": 237.42, "y": 110.94, "width": 32, "height": 172 }
		},
		"idle_008_12_": {
			"idle_008_12_": { "x": 275.42, "y": 161.44, "width": 44, "height": 89 }
		},
		"idle_009_01_": {
			"idle_009_01_": { "x": 14.92, "y": 426.94, "width": 121, "height": 38 }
		},
		"idle_009_02_": {
			"idle_009_02_": { "x": -38.58, "y": 343.44, "width": 126, "height": 131 }
		},
		"idle_009_03_": {
			"idle_009_03_": { "x": 85.42, "y": 343.44, "width": 122, "height": 131 }
		},
		"idle_009_04_": {
			"idle_009_04_": { "x": -129.58, "y": 267.44, "width": 56, "height": 173 }
		},
		"idle_009_05_": {
			"idle_009_05_": { "x": -175.58, "y": 236.44, "width": 36, "height": 111 }
		},
		"idle_009_06_": {
			"idle_009_06_": { "x": -38.58, "y": 229.44, "width": 126, "height": 97 }
		},
		"idle_009_07_": {
			"idle_009_07_": { "x": 85.42, "y": 229.44, "width": 122, "height": 97 }
		},
		"idle_009_08_": {
			"idle_009_08_": { "x": 176.42, "y": 261.44, "width": 60, "height": 161 }
		},
		"idle_009_09_": {
			"idle_009_09_": { "x": -163.58, "y": 144.44, "width": 124, "height": 73 }
		},
		"idle_009_10_": {
			"idle_009_10_": { "x": 22.42, "y": 144.44, "width": 248, "height": 73 }
		},
		"idle_009_11_": {
			"idle_009_11_": { "x": 219.42, "y": 144.44, "width": 146, "height": 73 }
		},
		"idle_009_12_": {
			"idle_009_12_": { "x": 257.42, "y": 192.44, "width": 102, "height": 23 }
		},
		"idle_009_13_": {
			"idle_009_13_": { "x": -229.58, "y": 57.94, "width": 146, "height": 102 }
		},
		"idle_009_14_": {
			"idle_009_14_": { "x": -66.08, "y": 47.44, "width": 181, "height": 121 }
		},
		"idle_009_15_": {
			"idle_009_15_": { "x": 141.92, "y": 51.44, "width": 235, "height": 113 }
		},
		"idle_010_01_": {
			"idle_010_01_": { "x": -66.58, "y": 343.44, "width": 182, "height": 131 }
		},
		"idle_010_02_": {
			"idle_010_02_": { "x": 79.42, "y": 343.44, "width": 110, "height": 131 }
		},
		"idle_010_03_": {
			"idle_010_03_": { "x": 177.92, "y": 320.94, "width": 87, "height": 86 }
		},
		"idle_010_04_": {
			"idle_010_04_": { "x": -66.58, "y": 229.44, "width": 182, "height": 97 }
		},
		"idle_010_05_": {
			"idle_010_05_": { "x": 79.42, "y": 229.44, "width": 110, "height": 97 }
		},
		"idle_010_06_": {
			"idle_010_06_": { "x": 189.92, "y": 229.94, "width": 111, "height": 98 }
		},
		"idle_010_07_": {
			"idle_010_07_": { "x": -170.08, "y": 296.94, "width": 25, "height": 20 }
		},
		"idle_010_10_": {
			"idle_010_10_": { "x": -182.58, "y": 229.94, "width": 50, "height": 98 }
		},
		"idle_010_11_": {
			"idle_010_11_": { "x": -171.58, "y": 144.44, "width": 140, "height": 73 }
		},
		"idle_010_12_": {
			"idle_010_12_": { "x": 16.42, "y": 144.44, "width": 236, "height": 73 }
		},
		"idle_010_13_": {
			"idle_010_13_": { "x": 189.92, "y": 144.44, "width": 111, "height": 73 }
		},
		"idle_010_14_": {
			"idle_010_14_": { "x": 280.92, "y": 156.94, "width": 71, "height": 98 }
		},
		"idle_010_15_": {
			"idle_010_15_": { "x": -209.08, "y": 54.44, "width": 105, "height": 109 }
		},
		"idle_010_16_": {
			"idle_010_16_": { "x": -292.08, "y": 48.94, "width": 61, "height": 24 }
		},
		"idle_010_17_": {
			"idle_010_17_": { "x": -129.08, "y": 53.94, "width": 55, "height": 108 }
		},
		"idle_010_18_": {
			"idle_010_18_": { "x": -38.58, "y": 44.94, "width": 126, "height": 126 }
		},
		"idle_010_19_": {
			"idle_010_19_": { "x": 122.92, "y": 50.44, "width": 197, "height": 115 }
		},
		"idle_010_20_": {
			"idle_010_20_": { "x": 243.92, "y": 39.94, "width": 45, "height": 66 }
		},
		"idle_010_21_": {
			"idle_010_21_": { "x": 239.92, "y": 103.44, "width": 37, "height": 9 }
		},
		"idle_011_01_": {
			"idle_011_01_": { "x": -129.58, "y": 325.94, "width": 56, "height": 96 }
		},
		"idle_011_02_": {
			"idle_011_02_": { "x": -38.58, "y": 335.94, "width": 126, "height": 116 }
		},
		"idle_011_03_": {
			"idle_011_03_": { "x": 79.42, "y": 331.44, "width": 110, "height": 107 }
		},
		"idle_011_04_": {
			"idle_011_04_": { "x": -161.08, "y": 229.94, "width": 119, "height": 98 }
		},
		"idle_011_05_": {
			"idle_011_05_": { "x": -38.58, "y": 229.44, "width": 126, "height": 97 }
		},
		"idle_011_06_": {
			"idle_011_06_": { "x": 79.42, "y": 229.44, "width": 110, "height": 97 }
		},
		"idle_011_07_": {
			"idle_011_07_": { "x": 177.92, "y": 245.94, "width": 87, "height": 130 }
		},
		"idle_011_08_": {
			"idle_011_08_": { "x": 265.92, "y": 154.44, "width": 89, "height": 111 }
		},
		"idle_011_09_": {
			"idle_011_09_": { "x": -179.08, "y": 144.44, "width": 155, "height": 73 }
		},
		"idle_011_10_": {
			"idle_011_10_": { "x": -38.58, "y": 144.44, "width": 126, "height": 73 }
		},
		"idle_011_11_": {
			"idle_011_11_": { "x": 122.92, "y": 144.44, "width": 197, "height": 73 }
		},
		"idle_011_12_": {
			"idle_011_12_": { "x": -189.08, "y": 54.44, "width": 175, "height": 109 }
		},
		"idle_011_13_": {
			"idle_011_13_": { "x": -38.58, "y": 53.94, "width": 126, "height": 108 }
		},
		"idle_011_14_": {
			"idle_011_14_": { "x": -28.08, "y": -12.56, "width": 93, "height": 25 }
		},
		"idle_011_15_": {
			"idle_011_15_": { "x": 79.42, "y": 53.94, "width": 110, "height": 108 }
		},
		"idle_011_16_": {
			"idle_011_16_": { "x": 177.92, "y": 53.94, "width": 87, "height": 108 }
		},
		"idle_011_17_": {
			"idle_011_17_": { "x": 246.92, "y": 45.44, "width": 51, "height": 75 }
		},
		"idle_011_18_": {
			"idle_011_18_": { "x": 126.92, "y": -4.56, "width": 45, "height": 9 }
		},
		"idle_012_01_": {
			"idle_012_01_": { "x": -116.08, "y": 339.44, "width": 77, "height": 85 }
		},
		"idle_012_02_": {
			"idle_012_02_": { "x": -14.58, "y": 341.44, "width": 126, "height": 89 }
		},
		"idle_012_03_": {
			"idle_012_03_": { "x": 90.42, "y": 332.44, "width": 84, "height": 71 }
		},
		"idle_012_04_": {
			"idle_012_04_": { "x": -153.08, "y": 243.44, "width": 151, "height": 107 }
		},
		"idle_012_05_": {
			"idle_012_05_": { "x": -14.58, "y": 243.44, "width": 126, "height": 107 }
		},
		"idle_012_06_": {
			"idle_012_06_": { "x": 127.92, "y": 243.44, "width": 159, "height": 107 }
		},
		"idle_012_07_": {
			"idle_012_07_": { "x": -131.58, "y": 148.94, "width": 108, "height": 82 }
		},
		"idle_012_08_": {
			"idle_012_08_": { "x": -225.08, "y": 135.94, "width": 79, "height": 56 }
		},
		"idle_012_09_": {
			"idle_012_09_": { "x": -14.58, "y": 148.94, "width": 126, "height": 82 }
		},
		"idle_012_10_": {
			"idle_012_10_": { "x": 130.42, "y": 148.94, "width": 164, "height": 82 }
		},
		"idle_012_11_": {
			"idle_012_11_": { "x": 260.42, "y": 148.94, "width": 96, "height": 82 }
		},
		"idle_012_12_": {
			"idle_012_12_": { "x": -226.08, "y": 55.94, "width": 83, "height": 104 }
		},
		"idle_012_13_": {
			"idle_012_13_": { "x": -131.58, "y": 51.94, "width": 108, "height": 112 }
		},
		"idle_012_14_": {
			"idle_012_14_": { "x": -14.58, "y": 40.94, "width": 126, "height": 134 }
		},
		"idle_012_15_": {
			"idle_012_15_": { "x": 94.42, "y": 48.44, "width": 92, "height": 119 }
		},
		"idle_012_16_": {
			"idle_012_16_": { "x": 176.42, "y": 50.94, "width": 72, "height": 114 }
		},
		"idle_012_17_": {
			"idle_012_17_": { "x": 244.42, "y": 40.94, "width": 64, "height": 56 }
		},
		"idle_012_18_": {
			"idle_012_18_": { "x": 247.42, "y": 92.94, "width": 70, "height": 30 }
		},
		"idle_013_01_": {
			"idle_013_01_": { "x": -128.08, "y": 337.44, "width": 101, "height": 81 }
		},
		"idle_013_02_": {
			"idle_013_02_": { "x": -14.58, "y": 339.44, "width": 126, "height": 85 }
		},
		"idle_013_03_": {
			"idle_013_03_": { "x": 94.42, "y": 331.44, "width": 92, "height": 69 }
		},
		"idle_013_04_": {
			"idle_013_04_": { "x": -131.58, "y": 243.44, "width": 108, "height": 107 }
		},
		"idle_013_05_": {
			"idle_013_05_": { "x": -207.58, "y": 229.94, "width": 44, "height": 80 }
		},
		"idle_013_06_": {
			"idle_013_06_": { "x": -14.58, "y": 243.44, "width": 126, "height": 107 }
		},
		"idle_013_07_": {
			"idle_013_07_": { "x": 130.42, "y": 243.44, "width": 164, "height": 107 }
		},
		"idle_013_08_": {
			"idle_013_08_": { "x": -131.58, "y": 148.94, "width": 108, "height": 82 }
		},
		"idle_013_09_": {
			"idle_013_09_": { "x": -230.08, "y": 82.94, "width": 91, "height": 174 }
		},
		"idle_013_10_": {
			"idle_013_10_": { "x": -131.08, "y": 52.44, "width": 107, "height": 111 }
		},
		"idle_013_11_": {
			"idle_013_11_": { "x": 31.42, "y": 148.94, "width": 218, "height": 82 }
		},
		"idle_013_12_": {
			"idle_013_12_": { "x": 224.92, "y": 148.94, "width": 169, "height": 82 }
		},
		"idle_013_13_": {
			"idle_013_13_": { "x": -14.58, "y": 48.44, "width": 126, "height": 119 }
		},
		"idle_013_14_": {
			"idle_013_14_": { "x": 94.42, "y": 50.94, "width": 92, "height": 114 }
		},
		"idle_013_15_": {
			"idle_013_15_": { "x": 176.42, "y": 53.94, "width": 72, "height": 108 }
		},
		"idle_013_16_": {
			"idle_013_16_": { "x": -30.58, "y": -23.06, "width": 78, "height": 24 }
		},
		"idle_013_17_": {
			"idle_013_17_": { "x": 120.42, "y": -12.56, "width": 26, "height": 13 }
		},
		"idle_013_18_": {
			"idle_013_18_": { "x": 247.42, "y": 49.94, "width": 70, "height": 48 }
		},
		"idle_014_01_": {
			"idle_014_01_": { "x": -131.58, "y": 324.44, "width": 108, "height": 55 }
		},
		"idle_014_02_": {
			"idle_014_02_": { "x": -14.58, "y": 337.94, "width": 126, "height": 82 }
		},
		"idle_014_03_": {
			"idle_014_03_": { "x": 94.42, "y": 329.44, "width": 92, "height": 65 }
		},
		"idle_014_04_": {
			"idle_014_04_": { "x": -151.08, "y": 243.44, "width": 147, "height": 107 }
		},
		"idle_014_05_": {
			"idle_014_05_": { "x": -14.58, "y": 243.44, "width": 126, "height": 107 }
		},
		"idle_014_06_": {
			"idle_014_06_": { "x": 124.92, "y": 243.44, "width": 153, "height": 107 }
		},
		"idle_014_07_": {
			"idle_014_07_": { "x": -131.58, "y": 148.94, "width": 108, "height": 82 }
		},
		"idle_014_08_": {
			"idle_014_08_": { "x": -229.08, "y": 86.44, "width": 89, "height": 169 }
		},
		"idle_014_09_": {
			"idle_014_09_": { "x": -131.58, "y": 53.44, "width": 108, "height": 109 }
		},
		"idle_014_10_": {
			"idle_014_10_": { "x": 31.42, "y": 148.94, "width": 218, "height": 82 }
		},
		"idle_014_11_": {
			"idle_014_11_": { "x": 176.42, "y": 148.94, "width": 72, "height": 82 }
		},
		"idle_014_12_": {
			"idle_014_12_": { "x": 31.42, "y": 50.94, "width": 218, "height": 114 }
		},
		"idle_014_13_": {
			"idle_014_13_": { "x": 176.42, "y": 55.94, "width": 72, "height": 104 }
		},
		"idle_014_14_": {
			"idle_014_14_": { "x": 245.92, "y": 148.94, "width": 67, "height": 82 }
		},
		"idle_014_15_": {
			"idle_014_15_": { "x": 241.92, "y": 43.44, "width": 59, "height": 41 }
		},
		"idle_014_16_": {
			"idle_014_16_": { "x": 124.42, "y": -14.56, "width": 20, "height": 17 }
		},
		"idle_014_17_": {
			"idle_014_17_": { "x": -35.08, "y": -20.56, "width": 69, "height": 29 }
		},
		"idle_015_01_": {
			"idle_015_01_": { "x": -127.58, "y": 318.94, "width": 100, "height": 44 }
		},
		"idle_015_02_": {
			"idle_015_02_": { "x": -14.58, "y": 339.94, "width": 126, "height": 86 }
		},
		"idle_015_03_": {
			"idle_015_03_": { "x": 94.42, "y": 331.44, "width": 92, "height": 69 }
		},
		"idle_015_04_": {
			"idle_015_04_": { "x": -131.58, "y": 243.44, "width": 108, "height": 107 }
		},
		"idle_015_05_": {
			"idle_015_05_": { "x": -209.08, "y": 236.94, "width": 47, "height": 94 }
		},
		"idle_015_06_": {
			"idle_015_06_": { "x": -14.58, "y": 243.44, "width": 126, "height": 107 }
		},
		"idle_015_07_": {
			"idle_015_07_": { "x": 125.42, "y": 243.44, "width": 154, "height": 107 }
		},
		"idle_015_08_": {
			"idle_015_08_": { "x": -136.58, "y": 148.94, "width": 118, "height": 82 }
		},
		"idle_015_09_": {
			"idle_015_09_": { "x": -224.08, "y": 135.44, "width": 57, "height": 55 }
		},
		"idle_015_10_": {
			"idle_015_10_": { "x": -228.58, "y": 62.44, "width": 66, "height": 93 }
		},
		"idle_015_11_": {
			"idle_015_11_": { "x": -136.58, "y": 53.94, "width": 118, "height": 108 }
		},
		"idle_015_12_": {
			"idle_015_12_": { "x": 31.42, "y": 148.94, "width": 218, "height": 82 }
		},
		"idle_015_13_": {
			"idle_015_13_": { "x": 176.42, "y": 148.94, "width": 72, "height": 82 }
		},
		"idle_015_14_": {
			"idle_015_14_": { "x": 242.42, "y": 153.94, "width": 60, "height": 72 }
		},
		"idle_015_15_": {
			"idle_015_15_": { "x": -14.58, "y": 50.94, "width": 126, "height": 114 }
		},
		"idle_015_16_": {
			"idle_015_16_": { "x": 94.42, "y": 50.94, "width": 92, "height": 114 }
		},
		"idle_015_17_": {
			"idle_015_17_": { "x": 176.42, "y": 55.94, "width": 72, "height": 104 }
		},
		"idle_015_18_": {
			"idle_015_18_": { "x": -45.08, "y": -20.56, "width": 61, "height": 29 }
		},
		"idle_015_19_": {
			"idle_015_19_": { "x": 126.92, "y": -16.06, "width": 21, "height": 20 }
		},
		"idle_016_01_": {
			"idle_016_01_": { "x": -127.08, "y": 319.44, "width": 99, "height": 45 }
		},
		"idle_016_02_": {
			"idle_016_02_": { "x": -14.58, "y": 336.94, "width": 126, "height": 80 }
		},
		"idle_016_03_": {
			"idle_016_03_": { "x": 94.42, "y": 333.44, "width": 92, "height": 73 }
		},
		"idle_016_04_": {
			"idle_016_04_": { "x": 170.42, "y": 259.44, "width": 60, "height": 139 }
		},
		"idle_016_05_": {
			"idle_016_05_": { "x": -136.58, "y": 243.44, "width": 118, "height": 107 }
		},
		"idle_016_06_": {
			"idle_016_06_": { "x": -208.58, "y": 255.94, "width": 26, "height": 66 }
		},
		"idle_016_07_": {
			"idle_016_07_": { "x": -14.58, "y": 243.44, "width": 126, "height": 107 }
		},
		"idle_016_08_": {
			"idle_016_08_": { "x": 94.42, "y": 243.44, "width": 92, "height": 107 }
		},
		"idle_016_09_": {
			"idle_016_09_": { "x": -222.58, "y": 99.44, "width": 54, "height": 121 }
		},
		"idle_016_10_": {
			"idle_016_10_": { "x": -136.58, "y": 97.44, "width": 118, "height": 185 }
		},
		"idle_016_11_": {
			"idle_016_11_": { "x": 31.42, "y": 148.94, "width": 218, "height": 82 }
		},
		"idle_016_12_": {
			"idle_016_12_": { "x": 176.42, "y": 148.94, "width": 72, "height": 82 }
		},
		"idle_016_13_": {
			"idle_016_13_": { "x": 237.92, "y": 160.44, "width": 51, "height": 59 }
		},
		"idle_016_14_": {
			"idle_016_14_": { "x": -14.58, "y": 50.94, "width": 126, "height": 114 }
		},
		"idle_016_15_": {
			"idle_016_15_": { "x": 94.42, "y": 50.94, "width": 92, "height": 114 }
		},
		"idle_016_16_": {
			"idle_016_16_": { "x": 173.42, "y": 55.94, "width": 66, "height": 104 }
		},
		"idle_016_17_": {
			"idle_016_17_": { "x": -37.08, "y": -20.56, "width": 81, "height": 29 }
		},
		"idle_016_18_": {
			"idle_016_18_": { "x": 125.92, "y": -16.06, "width": 17, "height": 20 }
		},
		"idle_017_01_": {
			"idle_017_01_": { "x": -128.08, "y": 323.94, "width": 101, "height": 54 }
		},
		"idle_017_02_": {
			"idle_017_02_": { "x": -14.58, "y": 340.94, "width": 126, "height": 88 }
		},
		"idle_017_03_": {
			"idle_017_03_": { "x": 94.42, "y": 338.94, "width": 92, "height": 84 }
		},
		"idle_017_04_": {
			"idle_017_04_": { "x": -136.58, "y": 243.44, "width": 118, "height": 107 }
		},
		"idle_017_05_": {
			"idle_017_05_": { "x": -14.58, "y": 243.44, "width": 126, "height": 107 }
		},
		"idle_017_06_": {
			"idle_017_06_": { "x": 94.42, "y": 243.44, "width": 92, "height": 107 }
		},
		"idle_017_07_": {
			"idle_017_07_": { "x": 162.42, "y": 260.44, "width": 44, "height": 141 }
		},
		"idle_017_08_": {
			"idle_017_08_": { "x": -136.58, "y": 148.94, "width": 118, "height": 82 }
		},
		"idle_017_09_": {
			"idle_017_09_": { "x": 31.42, "y": 148.94, "width": 218, "height": 82 }
		},
		"idle_017_10_": {
			"idle_017_10_": { "x": 183.42, "y": 148.94, "width": 86, "height": 82 }
		},
		"idle_017_11_": {
			"idle_017_11_": { "x": -136.58, "y": 60.44, "width": 118, "height": 95 }
		},
		"idle_017_12_": {
			"idle_017_12_": { "x": -222.08, "y": 99.94, "width": 53, "height": 124 }
		},
		"idle_017_13_": {
			"idle_017_13_": { "x": -14.58, "y": 50.94, "width": 126, "height": 114 }
		},
		"idle_017_14_": {
			"idle_017_14_": { "x": 120.92, "y": 50.94, "width": 145, "height": 114 }
		},
		"idle_017_15_": {
			"idle_017_15_": { "x": -23.08, "y": -20.56, "width": 33, "height": 29 }
		},
		"idle_018_01_": {
			"idle_018_01_": { "x": -123.58, "y": 323.44, "width": 92, "height": 53 }
		},
		"idle_018_02_": {
			"idle_018_02_": { "x": -14.58, "y": 342.94, "width": 126, "height": 92 }
		},
		"idle_018_03_": {
			"idle_018_03_": { "x": 94.42, "y": 341.94, "width": 92, "height": 90 }
		},
		"idle_018_04_": {
			"idle_018_04_": { "x": -126.58, "y": 243.44, "width": 98, "height": 107 }
		},
		"idle_018_05_": {
			"idle_018_05_": { "x": -14.58, "y": 243.44, "width": 126, "height": 107 }
		},
		"idle_018_06_": {
			"idle_018_06_": { "x": 94.42, "y": 243.44, "width": 92, "height": 107 }
		},
		"idle_018_07_": {
			"idle_018_07_": { "x": 160.92, "y": 250.94, "width": 41, "height": 192 }
		},
		"idle_018_08_": {
			"idle_018_08_": { "x": -32.58, "y": 148.94, "width": 162, "height": 82 }
		},
		"idle_018_09_": {
			"idle_018_09_": { "x": 94.42, "y": 148.94, "width": 92, "height": 82 }
		},
		"idle_018_10_": {
			"idle_018_10_": { "x": -14.58, "y": 67.44, "width": 126, "height": 81 }
		},
		"idle_019_01_": {
			"idle_019_01_": { "x": -106.58, "y": 323.44, "width": 92, "height": 53 }
		},
		"idle_019_02_": {
			"idle_019_02_": { "x": -11.58, "y": 346.44, "width": 100, "height": 99 }
		},
		"idle_019_03_": {
			"idle_019_03_": { "x": 89.42, "y": 345.94, "width": 102, "height": 98 }
		},
		"idle_019_04_": {
			"idle_019_04_": { "x": -110.08, "y": 243.44, "width": 99, "height": 107 }
		},
		"idle_019_05_": {
			"idle_019_05_": { "x": -11.08, "y": 243.44, "width": 99, "height": 107 }
		},
		"idle_019_06_": {
			"idle_019_06_": { "x": 89.42, "y": 243.44, "width": 102, "height": 107 }
		},
		"idle_019_07_": {
			"idle_019_07_": { "x": 159.42, "y": 243.94, "width": 38, "height": 170 }
		},
		"idle_019_08_": {
			"idle_019_08_": { "x": -85.08, "y": 139.44, "width": 49, "height": 101 }
		},
		"idle_019_09_": {
			"idle_019_09_": { "x": 39.92, "y": 148.94, "width": 201, "height": 82 }
		},
		"idle_019_10_": {
			"idle_019_10_": { "x": 76.92, "y": 66.44, "width": 77, "height": 83 }
		},
		"idle_019_11_": {
			"idle_019_11_": { "x": 9.92, "y": 56.44, "width": 57, "height": 103 }
		},
		"idle_019_12_": {
			"idle_019_12_": { "x": -40.08, "y": 87.44, "width": 43, "height": 41 }
		}
	}
},
"animations": {
	"animation": {
		"slots": {
			"DJ_000_01_": {
				"attachment": [
					{ "time": 0, "name": "DJ_000_01_" },
					{ "time": 0.1667, "name": null }
				]
			},
			"DJ_000_02_": {
				"attachment": [
					{ "time": 0, "name": "DJ_000_02_" },
					{ "time": 0.1667, "name": null }
				]
			},
			"DJ_000_03_": {
				"attachment": [
					{ "time": 0, "name": "DJ_000_03_" },
					{ "time": 0.1667, "name": null }
				]
			},
			"DJ_000_04_": {
				"attachment": [
					{ "time": 0, "name": "DJ_000_04_" },
					{ "time": 0.1667, "name": null }
				]
			},
			"DJ_001_01_": {
				"attachment": [
					{ "time": 0.1667, "name": "DJ_001_01_" },
					{ "time": 0.3333, "name": null }
				]
			},
			"DJ_001_02_": {
				"attachment": [
					{ "time": 0.1667, "name": "DJ_001_02_" },
					{ "time": 0.3333, "name": null }
				]
			},
			"DJ_001_03_": {
				"attachment": [
					{ "time": 0.1667, "name": "DJ_001_03_" },
					{ "time": 0.3333, "name": null }
				]
			},
			"DJ_001_04_": {
				"attachment": [
					{ "time": 0.1667, "name": "DJ_001_04_" },
					{ "time": 0.3333, "name": null }
				]
			},
			"DJ_002_01_": {
				"attachment": [
					{ "time": 0.3333, "name": "DJ_002_01_" },
					{ "time": 0.5, "name": null }
				]
			},
			"DJ_002_02_": {
				"attachment": [
					{ "time": 0.3333, "name": "DJ_002_02_" },
					{ "time": 0.5, "name": null }
				]
			},
			"DJ_002_03_": {
				"attachment": [
					{ "time": 0.3333, "name": "DJ_002_03_" },
					{ "time": 0.5, "name": null }
				]
			},
			"DJ_002_04_": {
				"attachment": [
					{ "time": 0.3333, "name": "DJ_002_04_" },
					{ "time": 0.5, "name": null }
				]
			},
			"DJ_003_01_": {
				"attachment": [
					{ "time": 0.5, "name": "DJ_003_01_" },
					{ "time": 0.6667, "name": null }
				]
			},
			"DJ_003_02_": {
				"attachment": [
					{ "time": 0.5, "name": "DJ_003_02_" },
					{ "time": 0.6667, "name": null }
				]
			},
			"DJ_003_03_": {
				"attachment": [
					{ "time": 0.5, "name": "DJ_003_03_" },
					{ "time": 0.6667, "name": null }
				]
			},
			"DJ_003_04_": {
				"attachment": [
					{ "time": 0.5, "name": "DJ_003_04_" },
					{ "time": 0.6667, "name": null }
				]
			},
			"DJ_004_01_": {
				"attachment": [
					{ "time": 0.6667, "name": "DJ_004_01_" },
					{ "time": 0.8333, "name": null }
				]
			},
			"DJ_004_02_": {
				"attachment": [
					{ "time": 0.6667, "name": "DJ_004_02_" },
					{ "time": 0.8333, "name": null }
				]
			},
			"DJ_004_03_": {
				"attachment": [
					{ "time": 0.6667, "name": "DJ_004_03_" },
					{ "time": 0.8333, "name": null }
				]
			},
			"DJ_004_04_": {
				"attachment": [
					{ "time": 0.6667, "name": "DJ_004_04_" },
					{ "time": 0.8333, "name": null }
				]
			},
			"DJ_005_01_": {
				"attachment": [
					{ "time": 0.8333, "name": "DJ_005_01_" },
					{ "time": 1, "name": null }
				]
			},
			"DJ_005_02_": {
				"attachment": [
					{ "time": 0.8333, "name": "DJ_005_02_" },
					{ "time": 1, "name": null }
				]
			},
			"DJ_005_03_": {
				"attachment": [
					{ "time": 0.8333, "name": "DJ_005_03_" },
					{ "time": 1, "name": null }
				]
			},
			"DJ_005_04_": {
				"attachment": [
					{ "time": 0.8333, "name": "DJ_005_04_" },
					{ "time": 1, "name": null }
				]
			},
			"DJ_006_01_": {
				"attachment": [
					{ "time": 1, "name": "DJ_006_01_" },
					{ "time": 1.1667, "name": null }
				]
			},
			"DJ_006_02_": {
				"attachment": [
					{ "time": 1, "name": "DJ_006_02_" },
					{ "time": 1.1667, "name": null }
				]
			},
			"DJ_006_03_": {
				"attachment": [
					{ "time": 1, "name": "DJ_006_03_" },
					{ "time": 1.1667, "name": null }
				]
			},
			"DJ_006_04_": {
				"attachment": [
					{ "time": 1, "name": "DJ_006_04_" },
					{ "time": 1.1667, "name": null }
				]
			},
			"DJ_007_01_": {
				"attachment": [
					{ "time": 1.1667, "name": "DJ_007_01_" },
					{ "time": 1.3333, "name": null }
				]
			},
			"DJ_007_02_": {
				"attachment": [
					{ "time": 1.1667, "name": "DJ_007_02_" },
					{ "time": 1.3333, "name": null }
				]
			},
			"DJ_007_03_": {
				"attachment": [
					{ "time": 1.1667, "name": "DJ_007_03_" },
					{ "time": 1.3333, "name": null }
				]
			},
			"DJ_007_04_": {
				"attachment": [
					{ "time": 1.1667, "name": "DJ_007_04_" },
					{ "time": 1.3333, "name": null }
				]
			},
			"DJ_008_01_": {
				"attachment": [
					{ "time": 1.3333, "name": "DJ_008_01_" },
					{ "time": 1.5, "name": null }
				]
			},
			"DJ_008_02_": {
				"attachment": [
					{ "time": 1.3333, "name": "DJ_008_02_" },
					{ "time": 1.5, "name": null }
				]
			},
			"DJ_008_03_": {
				"attachment": [
					{ "time": 1.3333, "name": "DJ_008_03_" },
					{ "time": 1.5, "name": null }
				]
			},
			"DJ_008_04_": {
				"attachment": [
					{ "time": 1.3333, "name": "DJ_008_04_" },
					{ "time": 1.5, "name": null }
				]
			},
			"DJ_009_01_": {
				"attachment": [
					{ "time": 1.5, "name": "DJ_009_01_" },
					{ "time": 1.6667, "name": null }
				]
			},
			"DJ_009_02_": {
				"attachment": [
					{ "time": 1.5, "name": "DJ_009_02_" },
					{ "time": 1.6667, "name": null }
				]
			},
			"DJ_009_03_": {
				"attachment": [
					{ "time": 1.5, "name": "DJ_009_03_" },
					{ "time": 1.6667, "name": null }
				]
			},
			"DJ_009_04_": {
				"attachment": [
					{ "time": 1.5, "name": "DJ_009_04_" },
					{ "time": 1.6667, "name": null }
				]
			},
			"DJ_010_01_": {
				"attachment": [
					{ "time": 1.6667, "name": "DJ_010_01_" },
					{ "time": 1.8333, "name": null }
				]
			},
			"DJ_010_02_": {
				"attachment": [
					{ "time": 1.6667, "name": "DJ_010_02_" },
					{ "time": 1.8333, "name": null }
				]
			},
			"DJ_010_03_": {
				"attachment": [
					{ "time": 1.6667, "name": "DJ_010_03_" },
					{ "time": 1.8333, "name": null }
				]
			},
			"DJ_010_04_": {
				"attachment": [
					{ "time": 1.6667, "name": "DJ_010_04_" },
					{ "time": 1.8333, "name": null }
				]
			},
			"DJ_011_01_": {
				"attachment": [
					{ "time": 1.8333, "name": "DJ_011_01_" },
					{ "time": 2, "name": null }
				]
			},
			"DJ_011_02_": {
				"attachment": [
					{ "time": 1.8333, "name": "DJ_011_02_" },
					{ "time": 2, "name": null }
				]
			},
			"DJ_011_03_": {
				"attachment": [
					{ "time": 1.8333, "name": "DJ_011_03_" },
					{ "time": 2, "name": null }
				]
			},
			"DJ_011_04_": {
				"attachment": [
					{ "time": 1.8333, "name": "DJ_011_04_" },
					{ "time": 2, "name": null }
				]
			},
			"idle_000_01_": {
				"attachment": [
					{ "time": 2, "name": "idle_000_01_" },
					{ "time": 2.1667, "name": null }
				]
			},
			"idle_000_02_": {
				"attachment": [
					{ "time": 2, "name": "idle_000_02_" },
					{ "time": 2.1667, "name": null }
				]
			},
			"idle_000_03_": {
				"attachment": [
					{ "time": 2, "name": "idle_000_03_" },
					{ "time": 2.1667, "name": null }
				]
			},
			"idle_000_04_": {
				"attachment": [
					{ "time": 2, "name": "idle_000_04_" },
					{ "time": 2.1667, "name": null }
				]
			},
			"idle_001_01_": {
				"attachment": [
					{ "time": 2.1667, "name": "idle_001_01_" },
					{ "time": 2.3333, "name": null }
				]
			},
			"idle_001_02_": {
				"attachment": [
					{ "time": 2.1667, "name": "idle_001_02_" },
					{ "time": 2.3333, "name": null }
				]
			},
			"idle_001_03_": {
				"attachment": [
					{ "time": 2.1667, "name": "idle_001_03_" },
					{ "time": 2.3333, "name": null }
				]
			},
			"idle_001_04_": {
				"attachment": [
					{ "time": 2.1667, "name": "idle_001_04_" },
					{ "time": 2.3333, "name": null }
				]
			},
			"idle_002_01_": {
				"attachment": [
					{ "time": 2.3333, "name": "idle_002_01_" },
					{ "time": 2.5, "name": null }
				]
			},
			"idle_002_02_": {
				"attachment": [
					{ "time": 2.3333, "name": "idle_002_02_" },
					{ "time": 2.5, "name": null }
				]
			},
			"idle_002_03_": {
				"attachment": [
					{ "time": 2.3333, "name": "idle_002_03_" },
					{ "time": 2.5, "name": null }
				]
			},
			"idle_002_04_": {
				"attachment": [
					{ "time": 2.3333, "name": "idle_002_04_" },
					{ "time": 2.5, "name": null }
				]
			},
			"idle_003_01_": {
				"attachment": [
					{ "time": 2.5, "name": "idle_003_01_" },
					{ "time": 2.6667, "name": null }
				]
			},
			"idle_003_02_": {
				"attachment": [
					{ "time": 2.5, "name": "idle_003_02_" },
					{ "time": 2.6667, "name": null }
				]
			},
			"idle_003_03_": {
				"attachment": [
					{ "time": 2.5, "name": "idle_003_03_" },
					{ "time": 2.6667, "name": null }
				]
			},
			"idle_003_04_": {
				"attachment": [
					{ "time": 2.5, "name": "idle_003_04_" },
					{ "time": 2.6667, "name": null }
				]
			},
			"idle_003_05_": {
				"attachment": [
					{ "time": 2.5, "name": "idle_003_05_" },
					{ "time": 2.6667, "name": null }
				]
			},
			"idle_003_06_": {
				"attachment": [
					{ "time": 2.5, "name": "idle_003_06_" },
					{ "time": 2.6667, "name": null }
				]
			},
			"idle_004_01_": {
				"attachment": [
					{ "time": 2.6667, "name": "idle_004_01_" },
					{ "time": 2.8333, "name": null }
				]
			},
			"idle_004_02_": {
				"attachment": [
					{ "time": 2.6667, "name": "idle_004_02_" },
					{ "time": 2.8333, "name": null }
				]
			},
			"idle_004_03_": {
				"attachment": [
					{ "time": 2.6667, "name": "idle_004_03_" },
					{ "time": 2.8333, "name": null }
				]
			},
			"idle_004_04_": {
				"attachment": [
					{ "time": 2.6667, "name": "idle_004_04_" },
					{ "time": 2.8333, "name": null }
				]
			},
			"idle_004_05_": {
				"attachment": [
					{ "time": 2.6667, "name": "idle_004_05_" },
					{ "time": 2.8333, "name": null }
				]
			},
			"idle_004_06_": {
				"attachment": [
					{ "time": 2.6667, "name": "idle_004_06_" },
					{ "time": 2.8333, "name": null }
				]
			},
			"idle_005_01_": {
				"attachment": [
					{ "time": 2.8333, "name": "idle_005_01_" },
					{ "time": 3, "name": null }
				]
			},
			"idle_005_02_": {
				"attachment": [
					{ "time": 2.8333, "name": "idle_005_02_" },
					{ "time": 3, "name": null }
				]
			},
			"idle_005_03_": {
				"attachment": [
					{ "time": 2.8333, "name": "idle_005_03_" },
					{ "time": 3, "name": null }
				]
			},
			"idle_005_04_": {
				"attachment": [
					{ "time": 2.8333, "name": "idle_005_04_" },
					{ "time": 3, "name": null }
				]
			},
			"idle_005_05_": {
				"attachment": [
					{ "time": 2.8333, "name": "idle_005_05_" },
					{ "time": 3, "name": null }
				]
			},
			"idle_005_06_": {
				"attachment": [
					{ "time": 2.8333, "name": "idle_005_06_" },
					{ "time": 3, "name": null }
				]
			},
			"idle_005_07_": {
				"attachment": [
					{ "time": 2.8333, "name": "idle_005_07_" },
					{ "time": 3, "name": null }
				]
			},
			"idle_005_08_": {
				"attachment": [
					{ "time": 2.8333, "name": "idle_005_08_" },
					{ "time": 3, "name": null }
				]
			},
			"idle_005_09_": {
				"attachment": [
					{ "time": 2.8333, "name": "idle_005_09_" },
					{ "time": 3, "name": null }
				]
			},
			"idle_005_10_": {
				"attachment": [
					{ "time": 2.8333, "name": "idle_005_10_" },
					{ "time": 3, "name": null }
				]
			},
			"idle_005_11_": {
				"attachment": [
					{ "time": 2.8333, "name": "idle_005_11_" },
					{ "time": 3, "name": null }
				]
			},
			"idle_005_12_": {
				"attachment": [
					{ "time": 2.8333, "name": "idle_005_12_" },
					{ "time": 3, "name": null }
				]
			},
			"idle_005_13_": {
				"attachment": [
					{ "time": 2.8333, "name": "idle_005_13_" },
					{ "time": 3, "name": null }
				]
			},
			"idle_005_14_": {
				"attachment": [
					{ "time": 2.8333, "name": "idle_005_14_" },
					{ "time": 3, "name": null }
				]
			},
			"idle_006_01_": {
				"attachment": [
					{ "time": 3, "name": "idle_006_01_" },
					{ "time": 3.1667, "name": null }
				]
			},
			"idle_006_02_": {
				"attachment": [
					{ "time": 3, "name": "idle_006_02_" },
					{ "time": 3.1667, "name": null }
				]
			},
			"idle_006_03_": {
				"attachment": [
					{ "time": 3, "name": "idle_006_03_" },
					{ "time": 3.1667, "name": null }
				]
			},
			"idle_006_04_": {
				"attachment": [
					{ "time": 3, "name": "idle_006_04_" },
					{ "time": 3.1667, "name": null }
				]
			},
			"idle_006_05_": {
				"attachment": [
					{ "time": 3, "name": "idle_006_05_" },
					{ "time": 3.1667, "name": null }
				]
			},
			"idle_006_06_": {
				"attachment": [
					{ "time": 3, "name": "idle_006_06_" },
					{ "time": 3.1667, "name": null }
				]
			},
			"idle_006_07_": {
				"attachment": [
					{ "time": 3, "name": "idle_006_07_" },
					{ "time": 3.1667, "name": null }
				]
			},
			"idle_006_08_": {
				"attachment": [
					{ "time": 3, "name": "idle_006_08_" },
					{ "time": 3.1667, "name": null }
				]
			},
			"idle_006_09_": {
				"attachment": [
					{ "time": 3, "name": "idle_006_09_" },
					{ "time": 3.1667, "name": null }
				]
			},
			"idle_006_10_": {
				"attachment": [
					{ "time": 3, "name": "idle_006_10_" },
					{ "time": 3.1667, "name": null }
				]
			},
			"idle_006_11_": {
				"attachment": [
					{ "time": 3, "name": "idle_006_11_" },
					{ "time": 3.1667, "name": null }
				]
			},
			"idle_006_12_": {
				"attachment": [
					{ "time": 3, "name": "idle_006_12_" },
					{ "time": 3.1667, "name": null }
				]
			},
			"idle_007_01_": {
				"attachment": [
					{ "time": 3.1667, "name": "idle_007_01_" },
					{ "time": 3.3333, "name": null }
				]
			},
			"idle_007_02_": {
				"attachment": [
					{ "time": 3.1667, "name": "idle_007_02_" },
					{ "time": 3.3333, "name": null }
				]
			},
			"idle_007_03_": {
				"attachment": [
					{ "time": 3.1667, "name": "idle_007_03_" },
					{ "time": 3.3333, "name": null }
				]
			},
			"idle_007_04_": {
				"attachment": [
					{ "time": 3.1667, "name": "idle_007_04_" },
					{ "time": 3.3333, "name": null }
				]
			},
			"idle_007_05_": {
				"attachment": [
					{ "time": 3.1667, "name": "idle_007_05_" },
					{ "time": 3.3333, "name": null }
				]
			},
			"idle_007_06_": {
				"attachment": [
					{ "time": 3.1667, "name": "idle_007_06_" },
					{ "time": 3.3333, "name": null }
				]
			},
			"idle_007_07_": {
				"attachment": [
					{ "time": 3.1667, "name": "idle_007_07_" },
					{ "time": 3.3333, "name": null }
				]
			},
			"idle_007_08_": {
				"attachment": [
					{ "time": 3.1667, "name": "idle_007_08_" },
					{ "time": 3.3333, "name": null }
				]
			},
			"idle_007_09_": {
				"attachment": [
					{ "time": 3.1667, "name": "idle_007_09_" },
					{ "time": 3.3333, "name": null }
				]
			},
			"idle_007_10_": {
				"attachment": [
					{ "time": 3.1667, "name": "idle_007_10_" },
					{ "time": 3.3333, "name": null }
				]
			},
			"idle_007_11_": {
				"attachment": [
					{ "time": 3.1667, "name": "idle_007_11_" },
					{ "time": 3.3333, "name": null }
				]
			},
			"idle_007_12_": {
				"attachment": [
					{ "time": 3.1667, "name": "idle_007_12_" },
					{ "time": 3.3333, "name": null }
				]
			},
			"idle_007_13_": {
				"attachment": [
					{ "time": 3.1667, "name": "idle_007_13_" },
					{ "time": 3.3333, "name": null }
				]
			},
			"idle_007_14_": {
				"attachment": [
					{ "time": 3.1667, "name": "idle_007_14_" },
					{ "time": 3.3333, "name": null }
				]
			},
			"idle_008_01_": {
				"attachment": [
					{ "time": 3.3333, "name": "idle_008_01_" },
					{ "time": 3.5, "name": null }
				]
			},
			"idle_008_02_": {
				"attachment": [
					{ "time": 3.3333, "name": "idle_008_02_" },
					{ "time": 3.5, "name": null }
				]
			},
			"idle_008_03_": {
				"attachment": [
					{ "time": 3.3333, "name": "idle_008_03_" },
					{ "time": 3.5, "name": null }
				]
			},
			"idle_008_04_": {
				"attachment": [
					{ "time": 3.3333, "name": "idle_008_04_" },
					{ "time": 3.5, "name": null }
				]
			},
			"idle_008_05_": {
				"attachment": [
					{ "time": 3.3333, "name": "idle_008_05_" },
					{ "time": 3.5, "name": null }
				]
			},
			"idle_008_06_": {
				"attachment": [
					{ "time": 3.3333, "name": "idle_008_06_" },
					{ "time": 3.5, "name": null }
				]
			},
			"idle_008_07_": {
				"attachment": [
					{ "time": 3.3333, "name": "idle_008_07_" },
					{ "time": 3.5, "name": null }
				]
			},
			"idle_008_08_": {
				"attachment": [
					{ "time": 3.3333, "name": "idle_008_08_" },
					{ "time": 3.5, "name": null }
				]
			},
			"idle_008_09_": {
				"attachment": [
					{ "time": 3.3333, "name": "idle_008_09_" },
					{ "time": 3.5, "name": null }
				]
			},
			"idle_008_10_": {
				"attachment": [
					{ "time": 3.3333, "name": "idle_008_10_" },
					{ "time": 3.5, "name": null }
				]
			},
			"idle_008_11_": {
				"attachment": [
					{ "time": 3.3333, "name": "idle_008_11_" },
					{ "time": 3.5, "name": null }
				]
			},
			"idle_008_12_": {
				"attachment": [
					{ "time": 3.3333, "name": "idle_008_12_" },
					{ "time": 3.5, "name": null }
				]
			},
			"idle_009_01_": {
				"attachment": [
					{ "time": 3.5, "name": "idle_009_01_" },
					{ "time": 3.6667, "name": null }
				]
			},
			"idle_009_02_": {
				"attachment": [
					{ "time": 3.5, "name": "idle_009_02_" },
					{ "time": 3.6667, "name": null }
				]
			},
			"idle_009_03_": {
				"attachment": [
					{ "time": 3.5, "name": "idle_009_03_" },
					{ "time": 3.6667, "name": null }
				]
			},
			"idle_009_04_": {
				"attachment": [
					{ "time": 3.5, "name": "idle_009_04_" },
					{ "time": 3.6667, "name": null }
				]
			},
			"idle_009_05_": {
				"attachment": [
					{ "time": 3.5, "name": "idle_009_05_" },
					{ "time": 3.6667, "name": null }
				]
			},
			"idle_009_06_": {
				"attachment": [
					{ "time": 3.5, "name": "idle_009_06_" },
					{ "time": 3.6667, "name": null }
				]
			},
			"idle_009_07_": {
				"attachment": [
					{ "time": 3.5, "name": "idle_009_07_" },
					{ "time": 3.6667, "name": null }
				]
			},
			"idle_009_08_": {
				"attachment": [
					{ "time": 3.5, "name": "idle_009_08_" },
					{ "time": 3.6667, "name": null }
				]
			},
			"idle_009_09_": {
				"attachment": [
					{ "time": 3.5, "name": "idle_009_09_" },
					{ "time": 3.6667, "name": null }
				]
			},
			"idle_009_10_": {
				"attachment": [
					{ "time": 3.5, "name": "idle_009_10_" },
					{ "time": 3.6667, "name": null }
				]
			},
			"idle_009_11_": {
				"attachment": [
					{ "time": 3.5, "name": "idle_009_11_" },
					{ "time": 3.6667, "name": null }
				]
			},
			"idle_009_12_": {
				"attachment": [
					{ "time": 3.5, "name": "idle_009_12_" },
					{ "time": 3.6667, "name": null }
				]
			},
			"idle_009_13_": {
				"attachment": [
					{ "time": 3.5, "name": "idle_009_13_" },
					{ "time": 3.6667, "name": null }
				]
			},
			"idle_009_14_": {
				"attachment": [
					{ "time": 3.5, "name": "idle_009_14_" },
					{ "time": 3.6667, "name": null }
				]
			},
			"idle_009_15_": {
				"attachment": [
					{ "time": 3.5, "name": "idle_009_15_" },
					{ "time": 3.6667, "name": null }
				]
			},
			"idle_010_01_": {
				"attachment": [
					{ "time": 3.6667, "name": "idle_010_01_" },
					{ "time": 3.8333, "name": null }
				]
			},
			"idle_010_02_": {
				"attachment": [
					{ "time": 3.6667, "name": "idle_010_02_" },
					{ "time": 3.8333, "name": null }
				]
			},
			"idle_010_03_": {
				"attachment": [
					{ "time": 3.6667, "name": "idle_010_03_" },
					{ "time": 3.8333, "name": null }
				]
			},
			"idle_010_04_": {
				"attachment": [
					{ "time": 3.6667, "name": "idle_010_04_" },
					{ "time": 3.8333, "name": null }
				]
			},
			"idle_010_05_": {
				"attachment": [
					{ "time": 3.6667, "name": "idle_010_05_" },
					{ "time": 3.8333, "name": null }
				]
			},
			"idle_010_06_": {
				"attachment": [
					{ "time": 3.6667, "name": "idle_010_06_" },
					{ "time": 3.8333, "name": null }
				]
			},
			"idle_010_07_": {
				"attachment": [
					{ "time": 3.6667, "name": "idle_010_07_" },
					{ "time": 3.8333, "name": null }
				]
			},
			"idle_010_10_": {
				"attachment": [
					{ "time": 3.6667, "name": "idle_010_10_" },
					{ "time": 3.8333, "name": null }
				]
			},
			"idle_010_11_": {
				"attachment": [
					{ "time": 3.6667, "name": "idle_010_11_" },
					{ "time": 3.8333, "name": null }
				]
			},
			"idle_010_12_": {
				"attachment": [
					{ "time": 3.6667, "name": "idle_010_12_" },
					{ "time": 3.8333, "name": null }
				]
			},
			"idle_010_13_": {
				"attachment": [
					{ "time": 3.6667, "name": "idle_010_13_" },
					{ "time": 3.8333, "name": null }
				]
			},
			"idle_010_14_": {
				"attachment": [
					{ "time": 3.6667, "name": "idle_010_14_" },
					{ "time": 3.8333, "name": null }
				]
			},
			"idle_010_15_": {
				"attachment": [
					{ "time": 3.6667, "name": "idle_010_15_" },
					{ "time": 3.8333, "name": null }
				]
			},
			"idle_010_16_": {
				"attachment": [
					{ "time": 3.6667, "name": "idle_010_16_" },
					{ "time": 3.8333, "name": null }
				]
			},
			"idle_010_17_": {
				"attachment": [
					{ "time": 3.6667, "name": "idle_010_17_" },
					{ "time": 3.8333, "name": null }
				]
			},
			"idle_010_18_": {
				"attachment": [
					{ "time": 3.6667, "name": "idle_010_18_" },
					{ "time": 3.8333, "name": null }
				]
			},
			"idle_010_19_": {
				"attachment": [
					{ "time": 3.6667, "name": "idle_010_19_" },
					{ "time": 3.8333, "name": null }
				]
			},
			"idle_010_20_": {
				"attachment": [
					{ "time": 3.6667, "name": "idle_010_20_" },
					{ "time": 3.8333, "name": null }
				]
			},
			"idle_010_21_": {
				"attachment": [
					{ "time": 3.6667, "name": "idle_010_21_" },
					{ "time": 3.8333, "name": null }
				]
			},
			"idle_011_01_": {
				"attachment": [
					{ "time": 3.8333, "name": "idle_011_01_" },
					{ "time": 4, "name": null }
				]
			},
			"idle_011_02_": {
				"attachment": [
					{ "time": 3.8333, "name": "idle_011_02_" },
					{ "time": 4, "name": null }
				]
			},
			"idle_011_03_": {
				"attachment": [
					{ "time": 3.8333, "name": "idle_011_03_" },
					{ "time": 4, "name": null }
				]
			},
			"idle_011_04_": {
				"attachment": [
					{ "time": 3.8333, "name": "idle_011_04_" },
					{ "time": 4, "name": null }
				]
			},
			"idle_011_05_": {
				"attachment": [
					{ "time": 3.8333, "name": "idle_011_05_" },
					{ "time": 4, "name": null }
				]
			},
			"idle_011_06_": {
				"attachment": [
					{ "time": 3.8333, "name": "idle_011_06_" },
					{ "time": 4, "name": null }
				]
			},
			"idle_011_07_": {
				"attachment": [
					{ "time": 3.8333, "name": "idle_011_07_" },
					{ "time": 4, "name": null }
				]
			},
			"idle_011_08_": {
				"attachment": [
					{ "time": 3.8333, "name": "idle_011_08_" },
					{ "time": 4, "name": null }
				]
			},
			"idle_011_09_": {
				"attachment": [
					{ "time": 3.8333, "name": "idle_011_09_" },
					{ "time": 4, "name": null }
				]
			},
			"idle_011_10_": {
				"attachment": [
					{ "time": 3.8333, "name": "idle_011_10_" },
					{ "time": 4, "name": null }
				]
			},
			"idle_011_11_": {
				"attachment": [
					{ "time": 3.8333, "name": "idle_011_11_" },
					{ "time": 4, "name": null }
				]
			},
			"idle_011_12_": {
				"attachment": [
					{ "time": 3.8333, "name": "idle_011_12_" },
					{ "time": 4, "name": null }
				]
			},
			"idle_011_13_": {
				"attachment": [
					{ "time": 3.8333, "name": "idle_011_13_" },
					{ "time": 4, "name": null }
				]
			},
			"idle_011_14_": {
				"attachment": [
					{ "time": 3.8333, "name": "idle_011_14_" },
					{ "time": 4, "name": null }
				]
			},
			"idle_011_15_": {
				"attachment": [
					{ "time": 3.8333, "name": "idle_011_15_" },
					{ "time": 4, "name": null }
				]
			},
			"idle_011_16_": {
				"attachment": [
					{ "time": 3.8333, "name": "idle_011_16_" },
					{ "time": 4, "name": null }
				]
			},
			"idle_011_17_": {
				"attachment": [
					{ "time": 3.8333, "name": "idle_011_17_" },
					{ "time": 4, "name": null }
				]
			},
			"idle_011_18_": {
				"attachment": [
					{ "time": 3.8333, "name": "idle_011_18_" },
					{ "time": 4, "name": null }
				]
			},
			"idle_012_01_": {
				"attachment": [
					{ "time": 4, "name": "idle_012_01_" },
					{ "time": 4.1667, "name": null }
				]
			},
			"idle_012_02_": {
				"attachment": [
					{ "time": 4, "name": "idle_012_02_" },
					{ "time": 4.1667, "name": null }
				]
			},
			"idle_012_03_": {
				"attachment": [
					{ "time": 4, "name": "idle_012_03_" },
					{ "time": 4.1667, "name": null }
				]
			},
			"idle_012_04_": {
				"attachment": [
					{ "time": 4, "name": "idle_012_04_" },
					{ "time": 4.1667, "name": null }
				]
			},
			"idle_012_05_": {
				"attachment": [
					{ "time": 4, "name": "idle_012_05_" },
					{ "time": 4.1667, "name": null }
				]
			},
			"idle_012_06_": {
				"attachment": [
					{ "time": 4, "name": "idle_012_06_" },
					{ "time": 4.1667, "name": null }
				]
			},
			"idle_012_07_": {
				"attachment": [
					{ "time": 4, "name": "idle_012_07_" },
					{ "time": 4.1667, "name": null }
				]
			},
			"idle_012_08_": {
				"attachment": [
					{ "time": 4, "name": "idle_012_08_" },
					{ "time": 4.1667, "name": null }
				]
			},
			"idle_012_09_": {
				"attachment": [
					{ "time": 4, "name": "idle_012_09_" },
					{ "time": 4.1667, "name": null }
				]
			},
			"idle_012_10_": {
				"attachment": [
					{ "time": 4, "name": "idle_012_10_" },
					{ "time": 4.1667, "name": null }
				]
			},
			"idle_012_11_": {
				"attachment": [
					{ "time": 4, "name": "idle_012_11_" },
					{ "time": 4.1667, "name": null }
				]
			},
			"idle_012_12_": {
				"attachment": [
					{ "time": 4, "name": "idle_012_12_" },
					{ "time": 4.1667, "name": null }
				]
			},
			"idle_012_13_": {
				"attachment": [
					{ "time": 4, "name": "idle_012_13_" },
					{ "time": 4.1667, "name": null }
				]
			},
			"idle_012_14_": {
				"attachment": [
					{ "time": 4, "name": "idle_012_14_" },
					{ "time": 4.1667, "name": null }
				]
			},
			"idle_012_15_": {
				"attachment": [
					{ "time": 4, "name": "idle_012_15_" },
					{ "time": 4.1667, "name": null }
				]
			},
			"idle_012_16_": {
				"attachment": [
					{ "time": 4, "name": "idle_012_16_" },
					{ "time": 4.1667, "name": null }
				]
			},
			"idle_012_17_": {
				"attachment": [
					{ "time": 4, "name": "idle_012_17_" },
					{ "time": 4.1667, "name": null }
				]
			},
			"idle_012_18_": {
				"attachment": [
					{ "time": 4, "name": "idle_012_18_" },
					{ "time": 4.1667, "name": null }
				]
			},
			"idle_013_01_": {
				"attachment": [
					{ "time": 4.1667, "name": "idle_013_01_" },
					{ "time": 4.3333, "name": null }
				]
			},
			"idle_013_02_": {
				"attachment": [
					{ "time": 4.1667, "name": "idle_013_02_" },
					{ "time": 4.3333, "name": null }
				]
			},
			"idle_013_03_": {
				"attachment": [
					{ "time": 4.1667, "name": "idle_013_03_" },
					{ "time": 4.3333, "name": null }
				]
			},
			"idle_013_04_": {
				"attachment": [
					{ "time": 4.1667, "name": "idle_013_04_" },
					{ "time": 4.3333, "name": null }
				]
			},
			"idle_013_05_": {
				"attachment": [
					{ "time": 4.1667, "name": "idle_013_05_" },
					{ "time": 4.3333, "name": null }
				]
			},
			"idle_013_06_": {
				"attachment": [
					{ "time": 4.1667, "name": "idle_013_06_" },
					{ "time": 4.3333, "name": null }
				]
			},
			"idle_013_07_": {
				"attachment": [
					{ "time": 4.1667, "name": "idle_013_07_" },
					{ "time": 4.3333, "name": null }
				]
			},
			"idle_013_08_": {
				"attachment": [
					{ "time": 4.1667, "name": "idle_013_08_" },
					{ "time": 4.3333, "name": null }
				]
			},
			"idle_013_09_": {
				"attachment": [
					{ "time": 4.1667, "name": "idle_013_09_" },
					{ "time": 4.3333, "name": null }
				]
			},
			"idle_013_10_": {
				"attachment": [
					{ "time": 4.1667, "name": "idle_013_10_" },
					{ "time": 4.3333, "name": null }
				]
			},
			"idle_013_11_": {
				"attachment": [
					{ "time": 4.1667, "name": "idle_013_11_" },
					{ "time": 4.3333, "name": null }
				]
			},
			"idle_013_12_": {
				"attachment": [
					{ "time": 4.1667, "name": "idle_013_12_" },
					{ "time": 4.3333, "name": null }
				]
			},
			"idle_013_13_": {
				"attachment": [
					{ "time": 4.1667, "name": "idle_013_13_" },
					{ "time": 4.3333, "name": null }
				]
			},
			"idle_013_14_": {
				"attachment": [
					{ "time": 4.1667, "name": "idle_013_14_" },
					{ "time": 4.3333, "name": null }
				]
			},
			"idle_013_15_": {
				"attachment": [
					{ "time": 4.1667, "name": "idle_013_15_" },
					{ "time": 4.3333, "name": null }
				]
			},
			"idle_013_16_": {
				"attachment": [
					{ "time": 4.1667, "name": "idle_013_16_" },
					{ "time": 4.3333, "name": null }
				]
			},
			"idle_013_17_": {
				"attachment": [
					{ "time": 4.1667, "name": "idle_013_17_" },
					{ "time": 4.3333, "name": null }
				]
			},
			"idle_013_18_": {
				"attachment": [
					{ "time": 4.1667, "name": "idle_013_18_" },
					{ "time": 4.3333, "name": null }
				]
			},
			"idle_014_01_": {
				"attachment": [
					{ "time": 4.3333, "name": "idle_014_01_" },
					{ "time": 4.5, "name": null }
				]
			},
			"idle_014_02_": {
				"attachment": [
					{ "time": 4.3333, "name": "idle_014_02_" },
					{ "time": 4.5, "name": null }
				]
			},
			"idle_014_03_": {
				"attachment": [
					{ "time": 4.3333, "name": "idle_014_03_" },
					{ "time": 4.5, "name": null }
				]
			},
			"idle_014_04_": {
				"attachment": [
					{ "time": 4.3333, "name": "idle_014_04_" },
					{ "time": 4.5, "name": null }
				]
			},
			"idle_014_05_": {
				"attachment": [
					{ "time": 4.3333, "name": "idle_014_05_" },
					{ "time": 4.5, "name": null }
				]
			},
			"idle_014_06_": {
				"attachment": [
					{ "time": 4.3333, "name": "idle_014_06_" },
					{ "time": 4.5, "name": null }
				]
			},
			"idle_014_07_": {
				"attachment": [
					{ "time": 4.3333, "name": "idle_014_07_" },
					{ "time": 4.5, "name": null }
				]
			},
			"idle_014_08_": {
				"attachment": [
					{ "time": 4.3333, "name": "idle_014_08_" },
					{ "time": 4.5, "name": null }
				]
			},
			"idle_014_09_": {
				"attachment": [
					{ "time": 4.3333, "name": "idle_014_09_" },
					{ "time": 4.5, "name": null }
				]
			},
			"idle_014_10_": {
				"attachment": [
					{ "time": 4.3333, "name": "idle_014_10_" },
					{ "time": 4.5, "name": null }
				]
			},
			"idle_014_11_": {
				"attachment": [
					{ "time": 4.3333, "name": "idle_014_11_" },
					{ "time": 4.5, "name": null }
				]
			},
			"idle_014_12_": {
				"attachment": [
					{ "time": 4.3333, "name": "idle_014_12_" },
					{ "time": 4.5, "name": null }
				]
			},
			"idle_014_13_": {
				"attachment": [
					{ "time": 4.3333, "name": "idle_014_13_" },
					{ "time": 4.5, "name": null }
				]
			},
			"idle_014_14_": {
				"attachment": [
					{ "time": 4.3333, "name": "idle_014_14_" },
					{ "time": 4.5, "name": null }
				]
			},
			"idle_014_15_": {
				"attachment": [
					{ "time": 4.3333, "name": "idle_014_15_" },
					{ "time": 4.5, "name": null }
				]
			},
			"idle_014_16_": {
				"attachment": [
					{ "time": 4.3333, "name": "idle_014_16_" },
					{ "time": 4.5, "name": null }
				]
			},
			"idle_014_17_": {
				"attachment": [
					{ "time": 4.3333, "name": "idle_014_17_" },
					{ "time": 4.5, "name": null }
				]
			},
			"idle_015_01_": {
				"attachment": [
					{ "time": 4.5, "name": "idle_015_01_" },
					{ "time": 4.6667, "name": null }
				]
			},
			"idle_015_02_": {
				"attachment": [
					{ "time": 4.5, "name": "idle_015_02_" },
					{ "time": 4.6667, "name": null }
				]
			},
			"idle_015_03_": {
				"attachment": [
					{ "time": 4.5, "name": "idle_015_03_" },
					{ "time": 4.6667, "name": null }
				]
			},
			"idle_015_04_": {
				"attachment": [
					{ "time": 4.5, "name": "idle_015_04_" },
					{ "time": 4.6667, "name": null }
				]
			},
			"idle_015_05_": {
				"attachment": [
					{ "time": 4.5, "name": "idle_015_05_" },
					{ "time": 4.6667, "name": null }
				]
			},
			"idle_015_06_": {
				"attachment": [
					{ "time": 4.5, "name": "idle_015_06_" },
					{ "time": 4.6667, "name": null }
				]
			},
			"idle_015_07_": {
				"attachment": [
					{ "time": 4.5, "name": "idle_015_07_" },
					{ "time": 4.6667, "name": null }
				]
			},
			"idle_015_08_": {
				"attachment": [
					{ "time": 4.5, "name": "idle_015_08_" },
					{ "time": 4.6667, "name": null }
				]
			},
			"idle_015_09_": {
				"attachment": [
					{ "time": 4.5, "name": "idle_015_09_" },
					{ "time": 4.6667, "name": null }
				]
			},
			"idle_015_10_": {
				"attachment": [
					{ "time": 4.5, "name": "idle_015_10_" },
					{ "time": 4.6667, "name": null }
				]
			},
			"idle_015_11_": {
				"attachment": [
					{ "time": 4.5, "name": "idle_015_11_" },
					{ "time": 4.6667, "name": null }
				]
			},
			"idle_015_12_": {
				"attachment": [
					{ "time": 4.5, "name": "idle_015_12_" },
					{ "time": 4.6667, "name": null }
				]
			},
			"idle_015_13_": {
				"attachment": [
					{ "time": 4.5, "name": "idle_015_13_" },
					{ "time": 4.6667, "name": null }
				]
			},
			"idle_015_14_": {
				"attachment": [
					{ "time": 4.5, "name": "idle_015_14_" },
					{ "time": 4.6667, "name": null }
				]
			},
			"idle_015_15_": {
				"attachment": [
					{ "time": 4.5, "name": "idle_015_15_" },
					{ "time": 4.6667, "name": null }
				]
			},
			"idle_015_16_": {
				"attachment": [
					{ "time": 4.5, "name": "idle_015_16_" },
					{ "time": 4.6667, "name": null }
				]
			},
			"idle_015_17_": {
				"attachment": [
					{ "time": 4.5, "name": "idle_015_17_" },
					{ "time": 4.6667, "name": null }
				]
			},
			"idle_015_18_": {
				"attachment": [
					{ "time": 4.5, "name": "idle_015_18_" },
					{ "time": 4.6667, "name": null }
				]
			},
			"idle_015_19_": {
				"attachment": [
					{ "time": 4.5, "name": "idle_015_19_" },
					{ "time": 4.6667, "name": null }
				]
			},
			"idle_016_01_": {
				"attachment": [
					{ "time": 4.6667, "name": "idle_016_01_" },
					{ "time": 4.8333, "name": null }
				]
			},
			"idle_016_02_": {
				"attachment": [
					{ "time": 4.6667, "name": "idle_016_02_" },
					{ "time": 4.8333, "name": null }
				]
			},
			"idle_016_03_": {
				"attachment": [
					{ "time": 4.6667, "name": "idle_016_03_" },
					{ "time": 4.8333, "name": null }
				]
			},
			"idle_016_04_": {
				"attachment": [
					{ "time": 4.6667, "name": "idle_016_04_" },
					{ "time": 4.8333, "name": null }
				]
			},
			"idle_016_05_": {
				"attachment": [
					{ "time": 4.6667, "name": "idle_016_05_" },
					{ "time": 4.8333, "name": null }
				]
			},
			"idle_016_06_": {
				"attachment": [
					{ "time": 4.6667, "name": "idle_016_06_" },
					{ "time": 4.8333, "name": null }
				]
			},
			"idle_016_07_": {
				"attachment": [
					{ "time": 4.6667, "name": "idle_016_07_" },
					{ "time": 4.8333, "name": null }
				]
			},
			"idle_016_08_": {
				"attachment": [
					{ "time": 4.6667, "name": "idle_016_08_" },
					{ "time": 4.8333, "name": null }
				]
			},
			"idle_016_09_": {
				"attachment": [
					{ "time": 4.6667, "name": "idle_016_09_" },
					{ "time": 4.8333, "name": null }
				]
			},
			"idle_016_10_": {
				"attachment": [
					{ "time": 4.6667, "name": "idle_016_10_" },
					{ "time": 4.8333, "name": null }
				]
			},
			"idle_016_11_": {
				"attachment": [
					{ "time": 4.6667, "name": "idle_016_11_" },
					{ "time": 4.8333, "name": null }
				]
			},
			"idle_016_12_": {
				"attachment": [
					{ "time": 4.6667, "name": "idle_016_12_" },
					{ "time": 4.8333, "name": null }
				]
			},
			"idle_016_13_": {
				"attachment": [
					{ "time": 4.6667, "name": "idle_016_13_" },
					{ "time": 4.8333, "name": null }
				]
			},
			"idle_016_14_": {
				"attachment": [
					{ "time": 4.6667, "name": "idle_016_14_" },
					{ "time": 4.8333, "name": null }
				]
			},
			"idle_016_15_": {
				"attachment": [
					{ "time": 4.6667, "name": "idle_016_15_" },
					{ "time": 4.8333, "name": null }
				]
			},
			"idle_016_16_": {
				"attachment": [
					{ "time": 4.6667, "name": "idle_016_16_" },
					{ "time": 4.8333, "name": null }
				]
			},
			"idle_016_17_": {
				"attachment": [
					{ "time": 4.6667, "name": "idle_016_17_" },
					{ "time": 4.8333, "name": null }
				]
			},
			"idle_016_18_": {
				"attachment": [
					{ "time": 4.6667, "name": "idle_016_18_" },
					{ "time": 4.8333, "name": null }
				]
			},
			"idle_017_01_": {
				"attachment": [
					{ "time": 4.8333, "name": "idle_017_01_" },
					{ "time": 5, "name": null }
				]
			},
			"idle_017_02_": {
				"attachment": [
					{ "time": 4.8333, "name": "idle_017_02_" },
					{ "time": 5, "name": null }
				]
			},
			"idle_017_03_": {
				"attachment": [
					{ "time": 4.8333, "name": "idle_017_03_" },
					{ "time": 5, "name": null }
				]
			},
			"idle_017_04_": {
				"attachment": [
					{ "time": 4.8333, "name": "idle_017_04_" },
					{ "time": 5, "name": null }
				]
			},
			"idle_017_05_": {
				"attachment": [
					{ "time": 4.8333, "name": "idle_017_05_" },
					{ "time": 5, "name": null }
				]
			},
			"idle_017_06_": {
				"attachment": [
					{ "time": 4.8333, "name": "idle_017_06_" },
					{ "time": 5, "name": null }
				]
			},
			"idle_017_07_": {
				"attachment": [
					{ "time": 4.8333, "name": "idle_017_07_" },
					{ "time": 5, "name": null }
				]
			},
			"idle_017_08_": {
				"attachment": [
					{ "time": 4.8333, "name": "idle_017_08_" },
					{ "time": 5, "name": null }
				]
			},
			"idle_017_09_": {
				"attachment": [
					{ "time": 4.8333, "name": "idle_017_09_" },
					{ "time": 5, "name": null }
				]
			},
			"idle_017_10_": {
				"attachment": [
					{ "time": 4.8333, "name": "idle_017_10_" },
					{ "time": 5, "name": null }
				]
			},
			"idle_017_11_": {
				"attachment": [
					{ "time": 4.8333, "name": "idle_017_11_" },
					{ "time": 5, "name": null }
				]
			},
			"idle_017_12_": {
				"attachment": [
					{ "time": 4.8333, "name": "idle_017_12_" },
					{ "time": 5, "name": null }
				]
			},
			"idle_017_13_": {
				"attachment": [
					{ "time": 4.8333, "name": "idle_017_13_" },
					{ "time": 5, "name": null }
				]
			},
			"idle_017_14_": {
				"attachment": [
					{ "time": 4.8333, "name": "idle_017_14_" },
					{ "time": 5, "name": null }
				]
			},
			"idle_017_15_": {
				"attachment": [
					{ "time": 4.8333, "name": "idle_017_15_" },
					{ "time": 5, "name": null }
				]
			},
			"idle_018_01_": {
				"attachment": [
					{ "time": 5, "name": "idle_018_01_" },
					{ "time": 5.1667, "name": null }
				]
			},
			"idle_018_02_": {
				"attachment": [
					{ "time": 5, "name": "idle_018_02_" },
					{ "time": 5.1667, "name": null }
				]
			},
			"idle_018_03_": {
				"attachment": [
					{ "time": 5, "name": "idle_018_03_" },
					{ "time": 5.1667, "name": null }
				]
			},
			"idle_018_04_": {
				"attachment": [
					{ "time": 5, "name": "idle_018_04_" },
					{ "time": 5.1667, "name": null }
				]
			},
			"idle_018_05_": {
				"attachment": [
					{ "time": 5, "name": "idle_018_05_" },
					{ "time": 5.1667, "name": null }
				]
			},
			"idle_018_06_": {
				"attachment": [
					{ "time": 5, "name": "idle_018_06_" },
					{ "time": 5.1667, "name": null }
				]
			},
			"idle_018_07_": {
				"attachment": [
					{ "time": 5, "name": "idle_018_07_" },
					{ "time": 5.1667, "name": null }
				]
			},
			"idle_018_08_": {
				"attachment": [
					{ "time": 5, "name": "idle_018_08_" },
					{ "time": 5.1667, "name": null }
				]
			},
			"idle_018_09_": {
				"attachment": [
					{ "time": 5, "name": "idle_018_09_" },
					{ "time": 5.1667, "name": null }
				]
			},
			"idle_018_10_": {
				"attachment": [
					{ "time": 5, "name": "idle_018_10_" },
					{ "time": 5.1667, "name": null }
				]
			},
			"idle_019_01_": {
				"attachment": [
					{ "time": 5.1667, "name": "idle_019_01_" },
					{ "time": 5.3333, "name": null }
				]
			},
			"idle_019_02_": {
				"attachment": [
					{ "time": 5.1667, "name": "idle_019_02_" },
					{ "time": 5.3333, "name": null }
				]
			},
			"idle_019_03_": {
				"attachment": [
					{ "time": 5.1667, "name": "idle_019_03_" },
					{ "time": 5.3333, "name": null }
				]
			},
			"idle_019_04_": {
				"attachment": [
					{ "time": 5.1667, "name": "idle_019_04_" },
					{ "time": 5.3333, "name": null }
				]
			},
			"idle_019_05_": {
				"attachment": [
					{ "time": 5.1667, "name": "idle_019_05_" },
					{ "time": 5.3333, "name": null }
				]
			},
			"idle_019_06_": {
				"attachment": [
					{ "time": 5.1667, "name": "idle_019_06_" },
					{ "time": 5.3333, "name": null }
				]
			},
			"idle_019_07_": {
				"attachment": [
					{ "time": 5.1667, "name": "idle_019_07_" },
					{ "time": 5.3333, "name": null }
				]
			},
			"idle_019_08_": {
				"attachment": [
					{ "time": 5.1667, "name": "idle_019_08_" },
					{ "time": 5.3333, "name": null }
				]
			},
			"idle_019_09_": {
				"attachment": [
					{ "time": 5.1667, "name": "idle_019_09_" },
					{ "time": 5.3333, "name": null }
				]
			},
			"idle_019_10_": {
				"attachment": [
					{ "time": 5.1667, "name": "idle_019_10_" },
					{ "time": 5.3333, "name": null }
				]
			},
			"idle_019_11_": {
				"attachment": [
					{ "time": 5.1667, "name": "idle_019_11_" },
					{ "time": 5.3333, "name": null }
				]
			},
			"idle_019_12_": {
				"attachment": [
					{ "time": 5.1667, "name": "idle_019_12_" },
					{ "time": 5.3333, "name": null },
					{ "time": 10.6, "name": null }
				]
			}
		},
		"bones": {
			"bone": {
				"translate": [
					{ "time": 0, "x": 0, "y": -120 }
				]
			}
		}
	}
}
}