{"skeleton":{"hash":"Muf2aA2fCqB00hSx71HI7aK242E","spine":"3.7.94","width":534,"height":427,"images":"","audio":"E:/2018.08.08/皮肤/六一儿童节/images"},"bones":[{"name":"root"},{"name":"bone","parent":"root","x":0.13,"y":-0.95},{"name":"Star01_","parent":"root","x":-225.33,"y":223.83},{"name":"Star02_","parent":"root","x":-132.45,"y":309.97},{"name":"Star03_","parent":"root","x":-27.47,"y":307.28},{"name":"Feichuan_","parent":"root","x":-93.42,"y":322.76},{"name":"B_yun01_","parent":"root","x":-186.29,"y":293.82},{"name":"B_yun02_","parent":"root","x":-177.54,"y":301.9},{"name":"tutu_","parent":"root","x":-30.95,"y":360.66},{"name":"Qiqiu_","parent":"root","x":152.9,"y":252.1},{"name":"R_yun02_","parent":"root","x":150.88,"y":215.75},{"name":"R_yun01_","parent":"root","x":160.3,"y":221.81},{"name":"L_Yun_01_","parent":"root","x":-16.7,"y":111.44},{"name":"L_Yun_02_","parent":"root","x":-9.97,"y":121.53},{"name":"L_Yun_03_","parent":"bone","x":-17.5,"y":127.87},{"name":"R_yun03_","parent":"root","x":70.79,"y":277},{"name":"B_yun03_","parent":"root","x":-114.96,"y":207.01},{"name":"Rainbow_","parent":"bone","length":123.27,"rotation":-155.13,"x":-84.71,"y":185.12},{"name":"Rainbow_2","parent":"bone","length":123.27,"rotation":-155.13,"x":-84.71,"y":185.12},{"name":"tx_huo","parent":"Feichuan_","rotation":20.4,"x":4.65,"y":-14.56,"color":"ffc735ff"},{"name":"tx","parent":"root","color":"ffbb14ff"},{"name":"tx_xxtw","parent":"tx","x":-114.36,"y":270.13,"scaleX":0.98,"scaleY":0.98,"color":"ffbb14ff"},{"name":"tx_guangqiu","parent":"tx","color":"ffbb14ff"},{"name":"tx_penhuo","parent":"tx","rotation":23.89,"x":66.07,"y":84.89,"color":"ffbb14ff"},{"name":"tx_zhutw","parent":"tx","x":-121.18,"y":268.67,"scaleX":1.2,"scaleY":1.2,"color":"ffbb14ff"}],"slots":[{"name":"Yingzi_","bone":"root","attachment":"Yingzi_"},{"name":"Rainbow_","bone":"Rainbow_","attachment":"Rainbow_"},{"name":"Rainbow_2","bone":"Rainbow_2","attachment":"Rainbow_"},{"name":"Star03_","bone":"Star03_","attachment":"Star03_"},{"name":"Star02_","bone":"Star02_","attachment":"Star02_"},{"name":"Star01_","bone":"Star01_","attachment":"Star01_"},{"name":"Dibiao_","bone":"root","attachment":"Dibiao_"},{"name":"R_Tree03_","bone":"root","attachment":"R_Tree03_"},{"name":"B_Tree01_","bone":"root","attachment":"B_Tree01_"},{"name":"R_Dian05_","bone":"root","attachment":"R_Dian05_"},{"name":"B_Dian01_","bone":"root","attachment":"B_Dian01_"},{"name":"R_yun03_","bone":"R_yun03_","attachment":"R_yun03_"},{"name":"R_Tree01_","bone":"root","attachment":"R_Tree01_"},{"name":"R_Dian04_","bone":"root","attachment":"R_Dian04_"},{"name":"R_Dian03_","bone":"root","attachment":"R_Dian03_"},{"name":"Chengbao_3","bone":"root","blend":"screen"},{"name":"Chengbao_","bone":"root","attachment":"Chengbao_"},{"name":"Chengbao_2","bone":"root"},{"name":"B_yun02_","bone":"B_yun02_","attachment":"B_yun02_"},{"name":"R_yun01_","bone":"R_yun01_","attachment":"R_yun01_"},{"name":"L_Yun_03_","bone":"L_Yun_03_","attachment":"L_Yun_03_"},{"name":"B_yun01_","bone":"B_yun01_","attachment":"B_yun01_"},{"name":"B_yun03_","bone":"B_yun03_","attachment":"B_yun03_"},{"name":"L_Yun_02_","bone":"L_Yun_02_","attachment":"L_Yun_02_"},{"name":"L_Yun_01_","bone":"L_Yun_01_","attachment":"L_Yun_01_"},{"name":"R_yun02_","bone":"R_yun02_","attachment":"R_yun02_"},{"name":"tx_txzhu_00_","bone":"tx_zhutw"},{"name":"tx_txzhu_01_","bone":"tx_zhutw"},{"name":"tx_txzhu_02_","bone":"tx_zhutw"},{"name":"tx_txzhu_03_","bone":"tx_zhutw"},{"name":"tx_txzhu_04_","bone":"tx_zhutw"},{"name":"tx_txzhu_05_","bone":"tx_zhutw"},{"name":"tx_txzhu_06_","bone":"tx_zhutw"},{"name":"tx_txzhu_07_","bone":"tx_zhutw"},{"name":"tx_txzhu_08_","bone":"tx_zhutw"},{"name":"tx_txzhu_09_","bone":"tx_zhutw"},{"name":"tx_txzhu_10_","bone":"tx_zhutw"},{"name":"tx_txzhu_11_","bone":"tx_zhutw"},{"name":"tx_txzhu_12_","bone":"tx_zhutw"},{"name":"tx_txzhu_13_","bone":"tx_zhutw"},{"name":"tx_txzhu_14_","bone":"tx_zhutw"},{"name":"tx_txzhu_15_","bone":"tx_zhutw"},{"name":"tx_txzhu_16_","bone":"tx_zhutw"},{"name":"tx_txzhu_17_","bone":"tx_zhutw"},{"name":"tx_txzhu_18_","bone":"tx_zhutw"},{"name":"tx_txzhu_19_","bone":"tx_zhutw"},{"name":"tx_txzhu_20_","bone":"tx_zhutw"},{"name":"tx_txzhu_21_","bone":"tx_zhutw"},{"name":"tx_txzhu_22_","bone":"tx_zhutw"},{"name":"tx_txzhu_23_","bone":"tx_zhutw"},{"name":"tx_txzhu_24_","bone":"tx_zhutw"},{"name":"tx_txzhu_25_","bone":"tx_zhutw"},{"name":"tx_txzhu_26_","bone":"tx_zhutw"},{"name":"tx_txzhu_27_","bone":"tx_zhutw"},{"name":"tx_txzhu_28_","bone":"tx_zhutw"},{"name":"tx_txzhu_29_","bone":"tx_zhutw"},{"name":"tx_txzhu_30_","bone":"tx_zhutw"},{"name":"tx_txzhu_31_","bone":"tx_zhutw"},{"name":"tx_txzhu_32_","bone":"tx_zhutw"},{"name":"tx_txzhu_33_","bone":"tx_zhutw"},{"name":"tutu_","bone":"tutu_","attachment":"tutu_"},{"name":"R_R_Tree02_","bone":"root","attachment":"R_R_Tree02_"},{"name":"R_Dian02_","bone":"root","attachment":"R_Dian02_"},{"name":"R_Dian01_","bone":"root","attachment":"R_Dian01_"},{"name":"L_Tree02_","bone":"root","attachment":"L_Tree02_"},{"name":"L_Tree01_","bone":"root","attachment":"L_Tree01_"},{"name":"L_Dian06_","bone":"root","attachment":"L_Dian06_"},{"name":"L_Dian05_","bone":"root","attachment":"L_Dian05_"},{"name":"L_Dian04_","bone":"root","attachment":"L_Dian04_"},{"name":"L_Dian03_","bone":"root","attachment":"L_Dian03_"},{"name":"L_Dian02_","bone":"root","attachment":"L_Dian02_"},{"name":"L_Dian01_","bone":"root","attachment":"L_Dian01_"},{"name":"Qiqiu_","bone":"Qiqiu_","attachment":"Qiqiu_"},{"name":"tx_guangqiu_","bone":"tx_guangqiu","blend":"additive"},{"name":"tx_huo_0_","bone":"tx_huo"},{"name":"Feichuan_","bone":"Feichuan_","attachment":"Feichuan_"},{"name":"tx_penhuo","bone":"tx_penhuo"},{"name":"tx_twxx_00_","bone":"tx_xxtw","blend":"additive"}],"skins":{"default":{"B_Dian01_":{"B_Dian01_":{"x":-62.53,"y":189.5,"width":134,"height":71}},"B_Tree01_":{"B_Tree01_":{"x":-137.53,"y":161,"width":124,"height":92}},"B_yun01_":{"B_yun01_":{"x":0.76,"y":-1.32,"width":34,"height":23}},"B_yun02_":{"B_yun02_":{"x":1.51,"y":1.1,"width":41,"height":32}},"B_yun03_":{"B_yun03_":{"x":1.92,"y":-1.01,"width":33,"height":22}},"Chengbao_":{"Chengbao_":{"x":20.97,"y":181,"width":363,"height":288}},"Chengbao_2":{"guang_":{"x":22.75,"y":171.46,"width":477,"height":425}},"Chengbao_3":{"shine_":{"x":20.97,"y":181,"scaleX":2,"scaleY":2,"width":398,"height":315}},"Dibiao_":{"Dibiao_":{"x":14.97,"y":125,"width":447,"height":224}},"Feichuan_":{"Feichuan_":{"x":1.38,"y":-5.26,"width":33,"height":39}},"L_Dian01_":{"L_Dian01_":{"x":92.97,"y":58.5,"width":47,"height":39}},"L_Dian02_":{"L_Dian02_":{"x":-15.03,"y":38,"width":55,"height":38}},"L_Dian03_":{"L_Dian03_":{"x":-49.03,"y":45.5,"width":29,"height":25}},"L_Dian04_":{"L_Dian04_":{"x":-104.53,"y":74.5,"width":124,"height":71}},"L_Dian05_":{"L_Dian05_":{"x":-155.03,"y":99.5,"width":29,"height":25}},"L_Dian06_":{"L_Dian06_":{"x":-179.03,"y":115.5,"width":47,"height":37}},"L_Tree01_":{"L_Tree01_":{"x":-159.53,"y":121.5,"width":124,"height":93}},"L_Tree02_":{"L_Tree02_":{"x":-179.03,"y":138,"width":85,"height":64}},"L_Yun_01_":{"L_Yun_01_":{"x":-0.34,"y":-0.44,"width":33,"height":22}},"L_Yun_02_":{"L_Yun_02_":{"x":-1.07,"y":-0.53,"width":33,"height":22}},"L_Yun_03_":{"L_Yun_03_":{"x":0.34,"y":-1.42,"width":33,"height":23}},"Qiqiu_":{"Qiqiu_":{"x":0.07,"y":32.4,"width":73,"height":105}},"R_Dian01_":{"R_Dian01_":{"x":133.97,"y":78,"width":29,"height":24}},"R_Dian02_":{"R_Dian02_":{"x":193.97,"y":111.5,"width":29,"height":25}},"R_Dian03_":{"R_Dian03_":{"x":210.97,"y":126.5,"width":47,"height":37}},"R_Dian04_":{"R_Dian04_":{"x":172.97,"y":164.5,"width":47,"height":37}},"R_Dian05_":{"R_Dian05_":{"x":80.47,"y":199,"width":124,"height":72}},"R_R_Tree02_":{"R_R_Tree02_":{"x":195.47,"y":163.5,"width":124,"height":91}},"R_Tree01_":{"R_Tree01_":{"x":221.97,"y":139,"width":85,"height":64}},"R_Tree03_":{"R_Tree03_":{"x":108.97,"y":196,"width":125,"height":92}},"R_yun01_":{"R_yun01_":{"x":0.66,"y":1.19,"width":41,"height":32}},"R_yun02_":{"R_yun02_":{"x":-0.41,"y":0.25,"width":34,"height":22}},"R_yun03_":{"R_yun03_":{"x":3.17,"y":2,"width":41,"height":32}},"Rainbow_":{"Rainbow_":{"x":7.82,"y":-36.5,"rotation":155.13,"width":223,"height":182}},"Rainbow_2":{"Rainbow_":{"x":7.82,"y":-36.5,"rotation":155.13,"width":223,"height":182}},"Star01_":{"Star01_":{"x":1.79,"y":-1.33,"width":52,"height":39}},"Star02_":{"Star02_":{"x":-1.58,"y":1.03,"width":37,"height":40}},"Star03_":{"Star03_":{"x":-1.07,"y":-0.28,"width":26,"height":32}},"Yingzi_":{"Yingzi_":{"x":-11.03,"y":75.5,"width":517,"height":151}},"tutu_":{"tutu_":{"x":2.41,"y":19.34,"width":82,"height":94}},"tx_guangqiu_":{"tx_guangqiu_":{"x":1.12,"y":-0.51,"width":115,"height":86}},"tx_huo_0_":{"tx_huo_0_":{"y":-36.02,"rotation":180,"width":55,"height":80},"tx_huo_1_":{"y":-36.02,"rotation":180,"width":55,"height":80},"tx_huo_2_":{"y":-36.02,"rotation":180,"width":55,"height":80},"tx_huo_3_":{"y":-36.02,"rotation":180,"width":55,"height":80},"tx_huo_4_":{"y":-36.02,"rotation":180,"width":55,"height":80},"tx_huo_5_":{"y":-36.02,"rotation":180,"width":55,"height":80},"tx_huo_6_":{"y":-36.02,"rotation":180,"width":55,"height":80}},"tx_penhuo":{"tx_penhuo_00_":{"x":3.05,"y":-31.8,"width":90,"height":100},"tx_penhuo_01_":{"x":3.05,"y":-31.8,"width":90,"height":100},"tx_penhuo_02_":{"x":3.05,"y":-31.8,"width":90,"height":100},"tx_penhuo_03_":{"x":3.05,"y":-31.8,"width":90,"height":100},"tx_penhuo_04_":{"x":3.05,"y":-31.8,"width":90,"height":100},"tx_penhuo_05_":{"x":3.05,"y":-31.8,"width":90,"height":100},"tx_penhuo_06_":{"x":3.05,"y":-31.8,"width":90,"height":100},"tx_penhuo_07_":{"x":3.05,"y":-31.8,"width":90,"height":100},"tx_penhuo_08_":{"x":3.05,"y":-31.8,"width":90,"height":100},"tx_penhuo_09_":{"x":3.05,"y":-31.8,"width":90,"height":100},"tx_penhuo_10_":{"x":3.05,"y":-31.8,"width":90,"height":100},"tx_penhuo_11_":{"x":3.05,"y":-31.8,"width":90,"height":100},"tx_penhuo_12_":{"x":3.05,"y":-31.8,"width":90,"height":100}},"tx_twxx_00_":{"tx_twxx_00_":{"scaleX":1.25,"scaleY":1.25,"width":320,"height":340},"tx_twxx_01_":{"scaleX":1.25,"scaleY":1.25,"width":320,"height":340},"tx_twxx_02_":{"scaleX":1.25,"scaleY":1.25,"width":320,"height":340},"tx_twxx_03_":{"scaleX":1.25,"scaleY":1.25,"width":320,"height":340},"tx_twxx_04_":{"scaleX":1.25,"scaleY":1.25,"width":320,"height":340},"tx_twxx_05_":{"scaleX":1.25,"scaleY":1.25,"width":320,"height":340},"tx_twxx_06_":{"scaleX":1.25,"scaleY":1.25,"width":320,"height":340},"tx_twxx_07_":{"scaleX":1.25,"scaleY":1.25,"width":320,"height":340},"tx_twxx_08_":{"scaleX":1.25,"scaleY":1.25,"width":320,"height":340},"tx_twxx_09_":{"scaleX":1.25,"scaleY":1.25,"width":320,"height":340},"tx_twxx_10_":{"scaleX":1.25,"scaleY":1.25,"width":320,"height":340},"tx_twxx_11_":{"scaleX":1.25,"scaleY":1.25,"width":320,"height":340},"tx_twxx_12_":{"scaleX":1.25,"scaleY":1.25,"width":320,"height":340},"tx_twxx_13_":{"scaleX":1.25,"scaleY":1.25,"width":320,"height":340},"tx_twxx_14_":{"scaleX":1.25,"scaleY":1.25,"width":320,"height":340},"tx_twxx_15_":{"scaleX":1.25,"scaleY":1.25,"width":320,"height":340},"tx_twxx_16_":{"scaleX":1.25,"scaleY":1.25,"width":320,"height":340},"tx_twxx_17_":{"scaleX":1.25,"scaleY":1.25,"width":320,"height":340},"tx_twxx_18_":{"scaleX":1.25,"scaleY":1.25,"width":320,"height":340},"tx_twxx_19_":{"scaleX":1.25,"scaleY":1.25,"width":320,"height":340},"tx_twxx_20_":{"scaleX":1.25,"scaleY":1.25,"width":320,"height":340},"tx_twxx_21_":{"scaleX":1.25,"scaleY":1.25,"width":320,"height":340},"tx_twxx_22_":{"scaleX":1.25,"scaleY":1.25,"width":320,"height":340},"tx_twxx_23_":{"scaleX":1.25,"scaleY":1.25,"width":320,"height":340},"tx_twxx_24_":{"scaleX":1.25,"scaleY":1.25,"width":320,"height":340},"tx_twxx_25_":{"scaleX":1.25,"scaleY":1.25,"width":320,"height":340},"tx_twxx_26_":{"scaleX":1.25,"scaleY":1.25,"width":320,"height":340},"tx_twxx_27_":{"scaleX":1.25,"scaleY":1.25,"width":320,"height":340},"tx_twxx_28_":{"scaleX":1.25,"scaleY":1.25,"width":320,"height":340},"tx_twxx_29_":{"scaleX":1.25,"scaleY":1.25,"width":320,"height":340},"tx_twxx_30_":{"scaleX":1.25,"scaleY":1.25,"width":320,"height":340},"tx_twxx_31_":{"scaleX":1.25,"scaleY":1.25,"width":320,"height":340},"tx_twxx_32_":{"scaleX":1.25,"scaleY":1.25,"width":320,"height":340},"tx_twxx_33_":{"scaleX":1.25,"scaleY":1.25,"width":320,"height":340}},"tx_txzhu_00_":{"tx_txzhu_00_":{"width":340,"height":360}},"tx_txzhu_01_":{"tx_txzhu_01_":{"width":340,"height":360}},"tx_txzhu_02_":{"tx_txzhu_02_":{"width":340,"height":360}},"tx_txzhu_03_":{"tx_txzhu_03_":{"width":340,"height":360}},"tx_txzhu_04_":{"tx_txzhu_04_":{"width":340,"height":360}},"tx_txzhu_05_":{"tx_txzhu_05_":{"width":340,"height":360}},"tx_txzhu_06_":{"tx_txzhu_06_":{"width":340,"height":360}},"tx_txzhu_07_":{"tx_txzhu_07_":{"width":340,"height":360}},"tx_txzhu_08_":{"tx_txzhu_08_":{"width":340,"height":360}},"tx_txzhu_09_":{"tx_txzhu_09_":{"width":340,"height":360}},"tx_txzhu_10_":{"tx_txzhu_10_":{"width":340,"height":360}},"tx_txzhu_11_":{"tx_txzhu_11_":{"width":340,"height":360}},"tx_txzhu_12_":{"tx_txzhu_12_":{"width":340,"height":360}},"tx_txzhu_13_":{"tx_txzhu_13_":{"width":340,"height":360}},"tx_txzhu_14_":{"tx_txzhu_14_":{"width":340,"height":360}},"tx_txzhu_15_":{"tx_txzhu_15_":{"width":340,"height":360}},"tx_txzhu_16_":{"tx_txzhu_16_":{"width":340,"height":360}},"tx_txzhu_17_":{"tx_txzhu_17_":{"width":340,"height":360}},"tx_txzhu_18_":{"tx_txzhu_18_":{"width":340,"height":360}},"tx_txzhu_19_":{"tx_txzhu_19_":{"width":340,"height":360}},"tx_txzhu_20_":{"tx_txzhu_20_":{"width":340,"height":360}},"tx_txzhu_21_":{"tx_txzhu_21_":{"width":340,"height":360}},"tx_txzhu_22_":{"tx_txzhu_22_":{"width":340,"height":360}},"tx_txzhu_23_":{"tx_txzhu_23_":{"width":340,"height":360}},"tx_txzhu_24_":{"tx_txzhu_24_":{"width":340,"height":360}},"tx_txzhu_25_":{"tx_txzhu_25_":{"width":340,"height":360}},"tx_txzhu_26_":{"tx_txzhu_26_":{"width":340,"height":360}},"tx_txzhu_27_":{"tx_txzhu_27_":{"width":340,"height":360}},"tx_txzhu_28_":{"tx_txzhu_28_":{"width":340,"height":360}},"tx_txzhu_29_":{"tx_txzhu_29_":{"width":340,"height":360}},"tx_txzhu_30_":{"tx_txzhu_30_":{"width":340,"height":360}},"tx_txzhu_31_":{"tx_txzhu_31_":{"width":340,"height":360}},"tx_txzhu_32_":{"tx_txzhu_32_":{"width":340,"height":360}},"tx_txzhu_33_":{"tx_txzhu_33_":{"width":340,"height":360}}}},"animations":{"animation":{"slots":{"B_yun01_":{"color":[{"time":0,"color":"ffffffc7"}]},"B_yun02_":{"color":[{"time":0,"color":"ffffff00"},{"time":1.6667,"color":"ffffffe1","curve":"stepped"},{"time":3.6667,"color":"ffffffe1"},{"time":5,"color":"ffffff00"}]},"Chengbao_2":{"color":[{"time":0,"color":"ffffff00","curve":"stepped"},{"time":0.6667,"color":"ffffff00"},{"time":2.3333,"color":"ffffffff","curve":"stepped"},{"time":3,"color":"ffffffff"},{"time":5,"color":"ffffff00"}],"attachment":[{"time":0,"name":"guang_"}]},"Chengbao_3":{"color":[{"time":0,"color":"ffffff00","curve":"stepped"},{"time":1.6667,"color":"ffffff00"},{"time":2.6667,"color":"ffffffff","curve":"stepped"},{"time":3,"color":"ffffffff"},{"time":4,"color":"ffffff00"}],"attachment":[{"time":0,"name":"shine_"}]},"Feichuan_":{"color":[{"time":1.3333,"color":"ffffffff"},{"time":1.6667,"color":"ffffff00"}]},"L_Yun_02_":{"color":[{"time":0,"color":"ffffff00"},{"time":0.6667,"color":"ffffffff","curve":"stepped"},{"time":4,"color":"ffffffff"},{"time":5,"color":"ffffff00"}]},"Rainbow_":{"color":[{"time":0.3333,"color":"ffffffff"},{"time":1.5,"color":"ffffff10"},{"time":2.6667,"color":"ffffffff"}],"attachment":[{"time":2.8333,"name":null},{"time":3,"name":"Rainbow_"},{"time":3.1667,"name":null},{"time":3.3333,"name":"Rainbow_"},{"time":3.5,"name":null},{"time":3.6667,"name":"Rainbow_"}]},"Rainbow_2":{"color":[{"time":0,"color":"ffffff0d","curve":"stepped"},{"time":0.3333,"color":"ffffff0d"},{"time":0.6667,"color":"ffffff00"}]},"Star01_":{"color":[{"time":0,"color":"ffffffff"},{"time":0.6667,"color":"ffffff16"},{"time":1.3333,"color":"ffffffff"},{"time":2,"color":"ffffff16"},{"time":2.6667,"color":"ffffffff"},{"time":3.8333,"color":"ffffff97"},{"time":5,"color":"ffffffff"}]},"Star02_":{"color":[{"time":0.3333,"color":"ffffffff"},{"time":1,"color":"ffffff10"},{"time":1.6667,"color":"ffffffff"},{"time":2.3333,"color":"ffffff10"},{"time":3,"color":"ffffffff"},{"time":4,"color":"ffffff93"},{"time":5,"color":"ffffffff"}]},"Star03_":{"color":[{"time":0.6667,"color":"ffffffff"},{"time":1.3333,"color":"ffffff13"},{"time":2,"color":"ffffffff"},{"time":2.6667,"color":"ffffff13"},{"time":3.3333,"color":"ffffffff"},{"time":4.1667,"color":"ffffff82"},{"time":5,"color":"ffffffff"}]},"tutu_":{"color":[{"time":0,"color":"ffffff00"},{"time":0.6667,"color":"ffffffff","curve":"stepped"},{"time":2.8333,"color":"ffffffff"},{"time":3.6667,"color":"ffffff00"}]},"tx_guangqiu_":{"color":[{"time":0.4333,"color":"ffffff00"},{"time":0.6,"color":"ffffffff","curve":"stepped"},{"time":0.7,"color":"ffffffff"},{"time":1,"color":"ffffff00"}],"attachment":[{"time":0.4333,"name":"tx_guangqiu_"}]},"tx_huo_0_":{"color":[{"time":1.4667,"color":"ffffffff"},{"time":1.7333,"color":"a82b0000"}],"attachment":[{"time":0,"name":"tx_huo_0_"},{"time":0.0333,"name":"tx_huo_1_"},{"time":0.0667,"name":"tx_huo_2_"},{"time":0.1,"name":"tx_huo_3_"},{"time":0.1333,"name":"tx_huo_4_"},{"time":0.1667,"name":"tx_huo_5_"},{"time":0.2,"name":"tx_huo_6_"},{"time":0.2333,"name":"tx_huo_0_"},{"time":0.2667,"name":"tx_huo_1_"},{"time":0.3,"name":"tx_huo_2_"},{"time":0.3333,"name":"tx_huo_3_"},{"time":0.3667,"name":"tx_huo_4_"},{"time":0.4,"name":"tx_huo_5_"},{"time":0.4333,"name":"tx_huo_6_"},{"time":0.4667,"name":"tx_huo_0_"},{"time":0.5,"name":"tx_huo_1_"},{"time":0.5333,"name":"tx_huo_2_"},{"time":0.5667,"name":"tx_huo_3_"},{"time":0.6,"name":"tx_huo_4_"},{"time":0.6333,"name":"tx_huo_5_"},{"time":0.6667,"name":"tx_huo_6_"},{"time":0.7,"name":"tx_huo_0_"},{"time":0.7333,"name":"tx_huo_1_"},{"time":0.7667,"name":"tx_huo_2_"},{"time":0.8,"name":"tx_huo_3_"},{"time":0.8333,"name":"tx_huo_4_"},{"time":0.8667,"name":"tx_huo_5_"},{"time":0.9,"name":"tx_huo_6_"},{"time":0.9333,"name":"tx_huo_0_"},{"time":0.9667,"name":"tx_huo_1_"},{"time":1,"name":"tx_huo_2_"},{"time":1.0333,"name":"tx_huo_3_"},{"time":1.0667,"name":"tx_huo_4_"},{"time":1.1,"name":"tx_huo_5_"},{"time":1.1333,"name":"tx_huo_6_"},{"time":1.1667,"name":"tx_huo_0_"},{"time":1.2,"name":"tx_huo_1_"},{"time":1.2333,"name":"tx_huo_2_"},{"time":1.2667,"name":"tx_huo_3_"},{"time":1.3,"name":"tx_huo_4_"},{"time":1.3333,"name":"tx_huo_5_"},{"time":1.3667,"name":"tx_huo_6_"},{"time":1.4,"name":"tx_huo_0_"},{"time":1.4333,"name":"tx_huo_1_"},{"time":1.4667,"name":"tx_huo_2_"},{"time":1.5,"name":"tx_huo_3_"},{"time":1.5333,"name":"tx_huo_4_"},{"time":1.5667,"name":"tx_huo_5_"},{"time":1.6,"name":"tx_huo_6_"},{"time":1.6333,"name":"tx_huo_0_"},{"time":1.6667,"name":"tx_huo_1_"},{"time":1.7,"name":"tx_huo_2_"},{"time":1.7333,"name":"tx_huo_3_"},{"time":1.7667,"name":"tx_huo_4_"},{"time":1.8,"name":"tx_huo_5_"},{"time":1.8333,"name":"tx_huo_6_"},{"time":1.8667,"name":"tx_huo_0_"},{"time":1.9,"name":"tx_huo_1_"},{"time":1.9333,"name":"tx_huo_2_"},{"time":1.9667,"name":"tx_huo_3_"},{"time":2,"name":"tx_huo_4_"},{"time":2.0333,"name":"tx_huo_5_"},{"time":2.0667,"name":"tx_huo_6_"}]},"tx_penhuo":{"color":[{"time":0.6667,"color":"ffffffff"},{"time":0.9,"color":"ffffff00"}],"attachment":[{"time":0.1667,"name":"tx_penhuo_00_"},{"time":0.2,"name":"tx_penhuo_01_"},{"time":0.2333,"name":"tx_penhuo_02_"},{"time":0.2667,"name":"tx_penhuo_03_"},{"time":0.3,"name":"tx_penhuo_04_"},{"time":0.3333,"name":"tx_penhuo_05_"},{"time":0.4,"name":"tx_penhuo_06_"},{"time":0.4667,"name":"tx_penhuo_07_"},{"time":0.5333,"name":"tx_penhuo_08_"},{"time":0.6,"name":"tx_penhuo_09_"},{"time":0.6667,"name":"tx_penhuo_10_"},{"time":0.7333,"name":"tx_penhuo_11_"},{"time":0.8,"name":"tx_penhuo_12_"},{"time":0.8667,"name":null}]},"tx_twxx_00_":{"attachment":[{"time":0.1333,"name":"tx_twxx_00_"},{"time":0.2333,"name":"tx_twxx_01_"},{"time":0.3333,"name":"tx_twxx_02_"},{"time":0.4333,"name":"tx_twxx_03_"},{"time":0.5333,"name":"tx_twxx_04_"},{"time":0.6667,"name":"tx_twxx_05_"},{"time":0.7667,"name":"tx_twxx_06_"},{"time":0.8667,"name":"tx_twxx_07_"},{"time":0.9667,"name":"tx_twxx_08_"},{"time":1.0667,"name":"tx_twxx_09_"},{"time":1.1667,"name":"tx_twxx_10_"},{"time":1.2667,"name":"tx_twxx_11_"},{"time":1.3667,"name":"tx_twxx_12_"},{"time":1.4667,"name":"tx_twxx_13_"},{"time":1.6,"name":"tx_twxx_14_"},{"time":1.7,"name":"tx_twxx_15_"},{"time":1.8,"name":"tx_twxx_16_"},{"time":1.9,"name":"tx_twxx_17_"},{"time":2,"name":"tx_twxx_18_"},{"time":2.1,"name":"tx_twxx_19_"},{"time":2.2,"name":"tx_twxx_20_"},{"time":2.3,"name":"tx_twxx_21_"},{"time":2.4,"name":"tx_twxx_22_"},{"time":2.5333,"name":"tx_twxx_23_"},{"time":2.6333,"name":"tx_twxx_24_"},{"time":2.7333,"name":"tx_twxx_25_"},{"time":2.8333,"name":"tx_twxx_26_"},{"time":2.9333,"name":"tx_twxx_27_"},{"time":3.0333,"name":"tx_twxx_28_"},{"time":3.1333,"name":"tx_twxx_29_"},{"time":3.2333,"name":"tx_twxx_30_"},{"time":3.3333,"name":"tx_twxx_31_"},{"time":3.4667,"name":"tx_twxx_32_"},{"time":3.5667,"name":"tx_twxx_33_"},{"time":3.6667,"name":null}]},"tx_txzhu_00_":{"color":[{"time":0,"color":"ffffff00","curve":"stepped"},{"time":0.1333,"color":"ffffff00"},{"time":0.2333,"color":"ffffffff"},{"time":0.3333,"color":"ffffff00"}],"attachment":[{"time":0,"name":"tx_txzhu_00_"}]},"tx_txzhu_01_":{"color":[{"time":0,"color":"ffffff00","curve":"stepped"},{"time":0.2333,"color":"ffffff00"},{"time":0.3333,"color":"ffffffff"},{"time":0.4333,"color":"ffffff00"}],"attachment":[{"time":0,"name":"tx_txzhu_01_"}]},"tx_txzhu_02_":{"color":[{"time":0,"color":"ffffff00","curve":"stepped"},{"time":0.3333,"color":"ffffff00"},{"time":0.4333,"color":"ffffffff"},{"time":0.5333,"color":"ffffff00"}],"attachment":[{"time":0,"name":"tx_txzhu_02_"}]},"tx_txzhu_03_":{"color":[{"time":0,"color":"ffffff00","curve":"stepped"},{"time":0.4333,"color":"ffffff00"},{"time":0.5333,"color":"ffffffff"},{"time":0.6333,"color":"ffffff00"}],"attachment":[{"time":0,"name":"tx_txzhu_03_"}]},"tx_txzhu_04_":{"color":[{"time":0,"color":"ffffff00","curve":"stepped"},{"time":0.5333,"color":"ffffff00"},{"time":0.6333,"color":"ffffffff"},{"time":0.7333,"color":"ffffff00"}],"attachment":[{"time":0,"name":"tx_txzhu_04_"}]},"tx_txzhu_05_":{"color":[{"time":0,"color":"ffffff00","curve":"stepped"},{"time":0.6333,"color":"ffffff00"},{"time":0.7333,"color":"ffffffff"},{"time":0.8333,"color":"ffffff00"}],"attachment":[{"time":0,"name":"tx_txzhu_05_"}]},"tx_txzhu_06_":{"color":[{"time":0,"color":"ffffff00","curve":"stepped"},{"time":0.7333,"color":"ffffff00"},{"time":0.8333,"color":"ffffffff"},{"time":0.9333,"color":"ffffff00"}],"attachment":[{"time":0,"name":"tx_txzhu_06_"}]},"tx_txzhu_07_":{"color":[{"time":0,"color":"ffffff00","curve":"stepped"},{"time":0.8333,"color":"ffffff00"},{"time":0.9333,"color":"ffffffff"},{"time":1.0333,"color":"ffffff00"}],"attachment":[{"time":0,"name":"tx_txzhu_07_"}]},"tx_txzhu_08_":{"color":[{"time":0,"color":"ffffff00","curve":"stepped"},{"time":0.9333,"color":"ffffff00"},{"time":1.0333,"color":"ffffffff"},{"time":1.1333,"color":"ffffff00"}],"attachment":[{"time":0,"name":"tx_txzhu_08_"}]},"tx_txzhu_09_":{"color":[{"time":0,"color":"ffffff00","curve":"stepped"},{"time":1.0333,"color":"ffffff00"},{"time":1.1333,"color":"ffffffff"},{"time":1.2333,"color":"ffffff00"}],"attachment":[{"time":0,"name":"tx_txzhu_09_"}]},"tx_txzhu_10_":{"color":[{"time":0,"color":"ffffff00","curve":"stepped"},{"time":1.1333,"color":"ffffff00"},{"time":1.2333,"color":"ffffffff"},{"time":1.3333,"color":"ffffff00"}],"attachment":[{"time":0,"name":"tx_txzhu_10_"}]},"tx_txzhu_11_":{"color":[{"time":0,"color":"ffffff00","curve":"stepped"},{"time":1.2333,"color":"ffffff00"},{"time":1.3333,"color":"ffffffff"},{"time":1.4333,"color":"ffffff00"}],"attachment":[{"time":0,"name":"tx_txzhu_11_"}]},"tx_txzhu_12_":{"color":[{"time":0,"color":"ffffff00","curve":"stepped"},{"time":1.3333,"color":"ffffff00"},{"time":1.4333,"color":"ffffffff"},{"time":1.5333,"color":"ffffff00"}],"attachment":[{"time":0,"name":"tx_txzhu_12_"}]},"tx_txzhu_13_":{"color":[{"time":0,"color":"ffffff00","curve":"stepped"},{"time":1.4333,"color":"ffffff00"},{"time":1.5333,"color":"ffffffff"},{"time":1.6333,"color":"ffffff00"}],"attachment":[{"time":0,"name":"tx_txzhu_13_"}]},"tx_txzhu_14_":{"color":[{"time":0,"color":"ffffff00","curve":"stepped"},{"time":1.5333,"color":"ffffff00"},{"time":1.6333,"color":"ffffffff"},{"time":1.7333,"color":"ffffff00"}],"attachment":[{"time":0,"name":"tx_txzhu_14_"}]},"tx_txzhu_15_":{"color":[{"time":0,"color":"ffffff00","curve":"stepped"},{"time":1.6333,"color":"ffffff00"},{"time":1.7333,"color":"ffffffff"},{"time":1.8333,"color":"ffffff00"}],"attachment":[{"time":0,"name":"tx_txzhu_15_"}]},"tx_txzhu_16_":{"color":[{"time":0,"color":"ffffff00","curve":"stepped"},{"time":1.7333,"color":"ffffff00"},{"time":1.8333,"color":"ffffffff"},{"time":1.9333,"color":"ffffff00"}],"attachment":[{"time":0,"name":"tx_txzhu_16_"}]},"tx_txzhu_17_":{"color":[{"time":0,"color":"ffffff00","curve":"stepped"},{"time":1.8333,"color":"ffffff00"},{"time":1.9333,"color":"ffffffff"},{"time":2.0333,"color":"ffffff00"}],"attachment":[{"time":0,"name":"tx_txzhu_17_"}]},"tx_txzhu_18_":{"color":[{"time":0,"color":"ffffff00","curve":"stepped"},{"time":1.9333,"color":"ffffff00"},{"time":2.0333,"color":"ffffffff"},{"time":2.1333,"color":"ffffff00"}],"attachment":[{"time":0,"name":"tx_txzhu_18_"}]},"tx_txzhu_19_":{"color":[{"time":0,"color":"ffffff00","curve":"stepped"},{"time":2.0333,"color":"ffffff00"},{"time":2.1333,"color":"ffffffff"},{"time":2.2333,"color":"ffffff00"}],"attachment":[{"time":0,"name":"tx_txzhu_19_"}]},"tx_txzhu_20_":{"color":[{"time":0,"color":"ffffff00","curve":"stepped"},{"time":2.1333,"color":"ffffff00"},{"time":2.2333,"color":"ffffffff"},{"time":2.3333,"color":"ffffff00"}],"attachment":[{"time":0,"name":"tx_txzhu_20_"}]},"tx_txzhu_21_":{"color":[{"time":0,"color":"ffffff00","curve":"stepped"},{"time":2.2333,"color":"ffffff00"},{"time":2.3333,"color":"ffffffff"},{"time":2.4333,"color":"ffffff00"}],"attachment":[{"time":0,"name":"tx_txzhu_21_"}]},"tx_txzhu_22_":{"color":[{"time":0,"color":"ffffff00","curve":"stepped"},{"time":2.3333,"color":"ffffff00"},{"time":2.4333,"color":"ffffffff"},{"time":2.5333,"color":"ffffff00"}],"attachment":[{"time":0,"name":"tx_txzhu_22_"}]},"tx_txzhu_23_":{"color":[{"time":0,"color":"ffffff00","curve":"stepped"},{"time":2.4333,"color":"ffffff00"},{"time":2.5333,"color":"ffffffff"},{"time":2.6333,"color":"ffffff00"}],"attachment":[{"time":0,"name":"tx_txzhu_23_"}]},"tx_txzhu_24_":{"color":[{"time":0,"color":"ffffff00","curve":"stepped"},{"time":2.5333,"color":"ffffff00"},{"time":2.6333,"color":"ffffffff"},{"time":2.7333,"color":"ffffff00"}],"attachment":[{"time":0,"name":"tx_txzhu_24_"}]},"tx_txzhu_25_":{"color":[{"time":0,"color":"ffffff00","curve":"stepped"},{"time":2.6333,"color":"ffffff00"},{"time":2.7333,"color":"ffffffff"},{"time":2.8333,"color":"ffffff00"}],"attachment":[{"time":0,"name":"tx_txzhu_25_"}]},"tx_txzhu_26_":{"color":[{"time":0,"color":"ffffff00","curve":"stepped"},{"time":2.7333,"color":"ffffff00"},{"time":2.8333,"color":"ffffffff"},{"time":2.9333,"color":"ffffff00"}],"attachment":[{"time":0,"name":"tx_txzhu_26_"}]},"tx_txzhu_27_":{"color":[{"time":0,"color":"ffffff00","curve":"stepped"},{"time":2.8333,"color":"ffffff00"},{"time":2.9333,"color":"ffffffff"},{"time":3.0333,"color":"ffffff00"}],"attachment":[{"time":0,"name":"tx_txzhu_27_"}]},"tx_txzhu_28_":{"color":[{"time":0,"color":"ffffff00","curve":"stepped"},{"time":2.9333,"color":"ffffff00"},{"time":3.0333,"color":"ffffffff"},{"time":3.1333,"color":"ffffff00"}],"attachment":[{"time":0,"name":"tx_txzhu_28_"}]},"tx_txzhu_29_":{"color":[{"time":0,"color":"ffffff00","curve":"stepped"},{"time":3.0333,"color":"ffffff00"},{"time":3.1333,"color":"ffffffb9"},{"time":3.2333,"color":"ffffff00"}],"attachment":[{"time":0,"name":"tx_txzhu_29_"}]},"tx_txzhu_30_":{"color":[{"time":0,"color":"ffffff00","curve":"stepped"},{"time":3.1333,"color":"ffffff00"},{"time":3.2333,"color":"ffffff9e"},{"time":3.3333,"color":"ffffff00"}],"attachment":[{"time":0,"name":"tx_txzhu_30_"}]},"tx_txzhu_31_":{"color":[{"time":0,"color":"ffffff00","curve":"stepped"},{"time":3.2333,"color":"ffffff00"},{"time":3.3333,"color":"ffffff82"},{"time":3.4333,"color":"ffffff00"}],"attachment":[{"time":0,"name":"tx_txzhu_31_"}]},"tx_txzhu_32_":{"color":[{"time":0,"color":"ffffff00","curve":"stepped"},{"time":3.3333,"color":"ffffff00"},{"time":3.4333,"color":"ffffff5b"},{"time":3.5333,"color":"ffffff00"}],"attachment":[{"time":0,"name":"tx_txzhu_32_"}]},"tx_txzhu_33_":{"color":[{"time":0,"color":"ffffff00","curve":"stepped"},{"time":3.4333,"color":"ffffff00"},{"time":3.5333,"color":"ffffff4a"},{"time":3.6333,"color":"ffffff00"}],"attachment":[{"time":0,"name":"tx_txzhu_33_"}]}},"bones":{"Qiqiu_":{"translate":[{"time":0,"x":0,"y":0,"curve":[0.25,0,0.75,1]},{"time":2.5,"x":0,"y":27.25,"curve":[0.25,0,0.75,1]},{"time":5,"x":0,"y":0}]},"Star03_":{"scale":[{"time":0.6667,"x":1,"y":1},{"time":1.3333,"x":1.5,"y":1.5},{"time":2,"x":1,"y":1},{"time":2.6667,"x":1.5,"y":1.5},{"time":3.3333,"x":1,"y":1},{"time":4.1667,"x":1.05,"y":1.05},{"time":5,"x":1,"y":1}]},"Star02_":{"scale":[{"time":0.3333,"x":1,"y":1},{"time":1,"x":1.5,"y":1.5},{"time":1.6667,"x":1,"y":1},{"time":2.3333,"x":1.5,"y":1.5},{"time":3,"x":1,"y":1},{"time":4,"x":1.1,"y":1.1},{"time":5,"x":1,"y":1}]},"Star01_":{"scale":[{"time":0,"x":1,"y":1},{"time":0.6667,"x":1.5,"y":1.5},{"time":1.3333,"x":1,"y":1},{"time":2,"x":1.5,"y":1.5},{"time":2.6667,"x":1,"y":1},{"time":3.8333,"x":1.2,"y":1.2},{"time":5,"x":1,"y":1}]},"tutu_":{"rotate":[{"time":1.3333,"angle":0,"curve":[0.25,0,0.75,1]},{"time":2,"angle":21.01,"curve":[0.25,0,0.75,1]},{"time":2.5,"angle":0}],"translate":[{"time":0,"x":-214.62,"y":-238.55,"curve":[0.089,0.16,0.558,1]},{"time":1.3333,"x":-134.7,"y":-112.75,"curve":[0.442,0,0.973,0.9]},{"time":2,"x":-100.66,"y":-148.27,"curve":[0.058,0.1,0.564,1]},{"time":3.6667,"x":29.58,"y":18.97}],"scale":[{"time":1.9,"x":1,"y":1},{"time":2,"x":0.8,"y":1},{"time":2.1,"x":1,"y":1.2},{"time":2.2,"x":1,"y":1}]},"R_yun03_":{"translate":[{"time":0,"x":0,"y":0},{"time":2.5,"x":22.27,"y":0},{"time":5,"x":0,"y":0}]},"R_yun02_":{"translate":[{"time":0,"x":0,"y":0},{"time":2.5,"x":-18.13,"y":0},{"time":5,"x":0,"y":0}]},"R_yun01_":{"translate":[{"time":0,"x":0,"y":0},{"time":2.5,"x":16.95,"y":0},{"time":5,"x":0,"y":0}]},"B_yun03_":{"translate":[{"time":0,"x":0,"y":0},{"time":1.3333,"x":-13.21,"y":0},{"time":3.6667,"x":16.06,"y":0},{"time":5,"x":0,"y":0}]},"L_Yun_01_":{"translate":[{"time":0,"x":0,"y":0},{"time":2.5,"x":16.83,"y":0},{"time":5,"x":0,"y":0}]},"L_Yun_02_":{"translate":[{"time":0,"x":30.84,"y":0},{"time":5,"x":64.41,"y":0}]},"L_Yun_03_":{"rotate":[{"time":0,"angle":-1.2}],"translate":[{"time":0,"x":0,"y":0},{"time":2.5,"x":-16.17,"y":0},{"time":5,"x":0,"y":0}]},"Rainbow_":{"rotate":[{"time":0,"angle":-176.24},{"time":0.3333,"angle":0}],"scale":[{"time":0,"x":0,"y":1},{"time":0.3333,"x":1,"y":1}]},"Feichuan_":{"translate":[{"time":0,"x":148.45,"y":-214.22},{"time":0.0667,"x":148.45,"y":-222.05},{"time":0.1333,"x":148.45,"y":-214.22},{"time":0.2,"x":148.45,"y":-222.05},{"time":0.2667,"x":148.45,"y":-214.22},{"time":0.3333,"x":148.45,"y":-222.05},{"time":0.4,"x":148.45,"y":-214.22},{"time":0.4667,"x":148.45,"y":-222.05},{"time":0.5333,"x":148.45,"y":-214.22,"curve":[0.058,0.15,0.564,1]},{"time":1.6667,"x":-16.15,"y":83.66}],"scale":[{"time":0,"x":1,"y":1},{"time":0.6667,"x":1.2,"y":1.2}]},"B_yun01_":{"translate":[{"time":0,"x":0,"y":0},{"time":2.5,"x":-24.07,"y":0},{"time":5,"x":0,"y":0}]},"B_yun02_":{"translate":[{"time":0,"x":-20.4,"y":-43.74},{"time":5,"x":86.42,"y":-16.49}]},"tx_huo":{"translate":[{"time":0,"x":0.67,"y":0.25}],"scale":[{"time":0,"x":0.161,"y":0.098},{"time":0.3,"x":1,"y":1},{"time":0.5,"x":1.82,"y":1.318},{"time":0.6,"x":0.699,"y":0.699},{"time":0.7,"x":1,"y":1,"curve":"stepped"},{"time":1.4,"x":1,"y":1},{"time":1.7333,"x":0.503,"y":0.503}]},"tx_guangqiu":{"translate":[{"time":0.4333,"x":41.24,"y":67.84,"curve":"stepped"},{"time":0.6,"x":41.24,"y":67.84},{"time":1,"x":27.84,"y":92.28}],"scale":[{"time":0.4333,"x":1,"y":1},{"time":1,"x":7.047,"y":7.047}]},"tx_penhuo":{"translate":[{"time":0,"x":-5.29,"y":8.57},{"time":0.0667,"x":-4.37,"y":0.22},{"time":0.1333,"x":-4.28,"y":5.68},{"time":0.2,"x":-6.21,"y":-0.11},{"time":0.2667,"x":-4.72,"y":6.3},{"time":0.3333,"x":-6.66,"y":-0.82},{"time":0.4,"x":-5.27,"y":4.82},{"time":0.4667,"x":-4.76,"y":-2.96},{"time":0.5333,"x":-3.63,"y":1.41}]}}}}}