{
"skeleton": { "hash": "4803SDrtf9WJ6sJqtNzoemWJgww", "spine": "3.7.94", "width": 1080, "height": 825.6 },
"bones": [
	{ "name": "root" },
	{ "name": "ctr", "parent": "root", "x": 17.1, "y": 84.26, "scaleX": 1.2, "scaleY": 1.2 },
	{ "name": "aatk_UL_", "parent": "ctr", "x": -57, "y": 81 },
	{ "name": "aatk_UR_", "parent": "ctr", "x": -57, "y": 81 },
	{ "name": "aatk_DL_", "parent": "ctr", "x": -57, "y": 81 },
	{ "name": "aatk_DR_", "parent": "ctr", "x": -57, "y": 81 }
],
"slots": [
	{ "name": "aatk_UL_", "bone": "aatk_UL_", "attachment": "aatk_UL_00_" },
	{ "name": "aatk_UR_", "bone": "aatk_UR_", "attachment": "aatk_UR_00_" },
	{ "name": "aatk_DL_", "bone": "aatk_DL_", "attachment": "aatk_DL_00_" },
	{ "name": "aatk_DR_", "bone": "aatk_DR_", "attachment": "aatk_DR_00_" }
],
"skins": {
	"default": {
		"aatk_DL_": {
			"aatk_DL_00_": { "x": -138.5, "y": -173, "width": 277, "height": 346 },
			"aatk_DL_01_": { "x": -138.5, "y": -173, "width": 277, "height": 346 },
			"aatk_DL_02_": { "x": -138.5, "y": -173, "width": 277, "height": 346 },
			"aatk_DL_03_": { "x": -138.5, "y": -173, "width": 277, "height": 346 },
			"aatk_DL_04_": { "x": -138.5, "y": -173, "width": 277, "height": 346 },
			"aatk_DL_05_": { "x": -138.5, "y": -173, "width": 277, "height": 346 },
			"aatk_DL_06_": { "x": -138.5, "y": -173, "width": 277, "height": 346 },
			"aatk_DL_07_": { "x": -138.5, "y": -173, "width": 277, "height": 346 },
			"aatk_DL_08_": { "x": -138.5, "y": -173, "width": 277, "height": 346 },
			"aatk_DL_09_": { "x": -138.5, "y": -173, "width": 277, "height": 346 },
			"aatk_DL_10_": { "x": -138.5, "y": -173, "width": 277, "height": 346 },
			"aatk_DL_11_": { "x": -138.5, "y": -173, "width": 277, "height": 346 },
			"aatk_DL_12_": { "x": -138.5, "y": -173, "width": 277, "height": 346 },
			"aatk_DL_13_": { "x": -138.5, "y": -173, "width": 277, "height": 346 },
			"aatk_DL_14_": { "x": -138.5, "y": -173, "width": 277, "height": 346 },
			"aatk_DL_15_": { "x": -138.5, "y": -173, "width": 277, "height": 346 },
			"aatk_DL_16_": { "x": -138.5, "y": -173, "width": 277, "height": 346 },
			"aatk_DL_17_": { "x": -138.5, "y": -173, "width": 277, "height": 346 }
		},
		"aatk_DR_": {
			"aatk_DR_00_": { "x": 311.5, "y": -173, "width": 623, "height": 346 },
			"aatk_DR_01_": { "x": 311.5, "y": -173, "width": 623, "height": 346 },
			"aatk_DR_02_": { "x": 311.5, "y": -173, "width": 623, "height": 346 },
			"aatk_DR_03_": { "x": 311.5, "y": -173, "width": 623, "height": 346 },
			"aatk_DR_04_": { "x": 311.5, "y": -173, "width": 623, "height": 346 },
			"aatk_DR_05_": { "x": 311.5, "y": -173, "width": 623, "height": 346 },
			"aatk_DR_06_": { "x": 311.5, "y": -173, "width": 623, "height": 346 },
			"aatk_DR_07_": { "x": 311.5, "y": -173, "width": 623, "height": 346 },
			"aatk_DR_08_": { "x": 311.5, "y": -173, "width": 623, "height": 346 },
			"aatk_DR_09_": { "x": 311.5, "y": -173, "width": 623, "height": 346 },
			"aatk_DR_10_": { "x": 311.5, "y": -173, "width": 623, "height": 346 },
			"aatk_DR_11_": { "x": 311.5, "y": -173, "width": 623, "height": 346 },
			"aatk_DR_12_": { "x": 311.5, "y": -173, "width": 623, "height": 346 },
			"aatk_DR_13_": { "x": 311.5, "y": -173, "width": 623, "height": 346 },
			"aatk_DR_14_": { "x": 311.5, "y": -173, "width": 623, "height": 346 },
			"aatk_DR_15_": { "x": 311.5, "y": -173, "width": 623, "height": 346 },
			"aatk_DR_16_": { "x": 311.5, "y": -173, "width": 623, "height": 346 },
			"aatk_DR_17_": { "x": 311.5, "y": -173, "width": 623, "height": 346 }
		},
		"aatk_UL_": {
			"aatk_UL_00_": { "x": -138.5, "y": 171, "width": 277, "height": 342 },
			"aatk_UL_01_": { "x": -138.5, "y": 171, "width": 277, "height": 342 },
			"aatk_UL_02_": { "x": -138.5, "y": 171, "width": 277, "height": 342 },
			"aatk_UL_03_": { "x": -138.5, "y": 171, "width": 277, "height": 342 },
			"aatk_UL_04_": { "x": -138.5, "y": 171, "width": 277, "height": 342 },
			"aatk_UL_05_": { "x": -138.5, "y": 171, "width": 277, "height": 342 },
			"aatk_UL_06_": { "x": -138.5, "y": 171, "width": 277, "height": 342 },
			"aatk_UL_07_": { "x": -138.5, "y": 171, "width": 277, "height": 342 },
			"aatk_UL_08_": { "x": -138.5, "y": 171, "width": 277, "height": 342 },
			"aatk_UL_09_": { "x": -138.5, "y": 171, "width": 277, "height": 342 },
			"aatk_UL_10_": { "x": -138.5, "y": 171, "width": 277, "height": 342 },
			"aatk_UL_11_": { "x": -138.5, "y": 171, "width": 277, "height": 342 },
			"aatk_UL_12_": { "x": -138.5, "y": 171, "width": 277, "height": 342 },
			"aatk_UL_13_": { "x": -138.5, "y": 171, "width": 277, "height": 342 },
			"aatk_UL_14_": { "x": -138.5, "y": 171, "width": 277, "height": 342 },
			"aatk_UL_15_": { "x": -138.5, "y": 171, "width": 277, "height": 342 },
			"aatk_UL_16_": { "x": -138.5, "y": 171, "width": 277, "height": 342 },
			"aatk_UL_17_": { "x": -138.5, "y": 171, "width": 277, "height": 342 }
		},
		"aatk_UR_": {
			"aatk_UR_00_": { "x": 311.5, "y": 171, "width": 623, "height": 342 },
			"aatk_UR_01_": { "x": 311.5, "y": 171, "width": 623, "height": 342 },
			"aatk_UR_02_": { "x": 311.5, "y": 171, "width": 623, "height": 342 },
			"aatk_UR_03_": { "x": 311.5, "y": 171, "width": 623, "height": 342 },
			"aatk_UR_04_": { "x": 311.5, "y": 171, "width": 623, "height": 342 },
			"aatk_UR_05_": { "x": 311.5, "y": 171, "width": 623, "height": 342 },
			"aatk_UR_06_": { "x": 311.5, "y": 171, "width": 623, "height": 342 },
			"aatk_UR_07_": { "x": 311.5, "y": 171, "width": 623, "height": 342 },
			"aatk_UR_08_": { "x": 311.5, "y": 171, "width": 623, "height": 342 },
			"aatk_UR_09_": { "x": 311.5, "y": 171, "width": 623, "height": 342 },
			"aatk_UR_10_": { "x": 311.5, "y": 171, "width": 623, "height": 342 },
			"aatk_UR_11_": { "x": 311.5, "y": 171, "width": 623, "height": 342 },
			"aatk_UR_12_": { "x": 311.5, "y": 171, "width": 623, "height": 342 },
			"aatk_UR_13_": { "x": 311.5, "y": 171, "width": 623, "height": 342 },
			"aatk_UR_14_": { "x": 311.5, "y": 171, "width": 623, "height": 342 },
			"aatk_UR_15_": { "x": 311.5, "y": 171, "width": 623, "height": 342 },
			"aatk_UR_16_": { "x": 311.5, "y": 171, "width": 623, "height": 342 },
			"aatk_UR_17_": { "x": 311.5, "y": 171, "width": 623, "height": 342 }
		}
	}
},
"animations": {
	"animation": {
		"slots": {
			"aatk_DL_": {
				"attachment": [
					{ "time": 0, "name": "aatk_DL_00_" },
					{ "time": 0.1, "name": "aatk_DL_01_" },
					{ "time": 0.2, "name": "aatk_DL_02_" },
					{ "time": 0.3, "name": "aatk_DL_03_" },
					{ "time": 0.4, "name": "aatk_DL_04_" },
					{ "time": 0.5, "name": "aatk_DL_05_" },
					{ "time": 0.6, "name": "aatk_DL_06_" },
					{ "time": 0.7, "name": "aatk_DL_07_" },
					{ "time": 0.8, "name": "aatk_DL_08_" },
					{ "time": 0.9, "name": "aatk_DL_09_" },
					{ "time": 1, "name": "aatk_DL_10_" },
					{ "time": 1.1, "name": "aatk_DL_11_" },
					{ "time": 1.2, "name": "aatk_DL_12_" },
					{ "time": 1.3, "name": "aatk_DL_13_" },
					{ "time": 1.4, "name": "aatk_DL_14_" },
					{ "time": 1.5, "name": "aatk_DL_15_" },
					{ "time": 1.6, "name": "aatk_DL_16_" },
					{ "time": 1.7, "name": "aatk_DL_17_" },
					{ "time": 1.8, "name": null }
				]
			},
			"aatk_DR_": {
				"attachment": [
					{ "time": 0, "name": "aatk_DR_00_" },
					{ "time": 0.1, "name": "aatk_DR_01_" },
					{ "time": 0.2, "name": "aatk_DR_02_" },
					{ "time": 0.3, "name": "aatk_DR_03_" },
					{ "time": 0.4, "name": "aatk_DR_04_" },
					{ "time": 0.5, "name": "aatk_DR_05_" },
					{ "time": 0.6, "name": "aatk_DR_06_" },
					{ "time": 0.7, "name": "aatk_DR_07_" },
					{ "time": 0.8, "name": "aatk_DR_08_" },
					{ "time": 0.9, "name": "aatk_DR_09_" },
					{ "time": 1, "name": "aatk_DR_10_" },
					{ "time": 1.1, "name": "aatk_DR_11_" },
					{ "time": 1.2, "name": "aatk_DR_12_" },
					{ "time": 1.3, "name": "aatk_DR_13_" },
					{ "time": 1.4, "name": "aatk_DR_14_" },
					{ "time": 1.5, "name": "aatk_DR_15_" },
					{ "time": 1.6, "name": "aatk_DR_16_" },
					{ "time": 1.7, "name": "aatk_DR_17_" },
					{ "time": 1.8, "name": null }
				]
			},
			"aatk_UL_": {
				"attachment": [
					{ "time": 0, "name": "aatk_UL_00_" },
					{ "time": 0.1, "name": "aatk_UL_01_" },
					{ "time": 0.2, "name": "aatk_UL_02_" },
					{ "time": 0.3, "name": "aatk_UL_03_" },
					{ "time": 0.4, "name": "aatk_UL_04_" },
					{ "time": 0.5, "name": "aatk_UL_05_" },
					{ "time": 0.6, "name": "aatk_UL_06_" },
					{ "time": 0.7, "name": "aatk_UL_07_" },
					{ "time": 0.8, "name": "aatk_UL_08_" },
					{ "time": 0.9, "name": "aatk_UL_09_" },
					{ "time": 1, "name": "aatk_UL_10_" },
					{ "time": 1.1, "name": "aatk_UL_11_" },
					{ "time": 1.2, "name": "aatk_UL_12_" },
					{ "time": 1.3, "name": "aatk_UL_13_" },
					{ "time": 1.4, "name": "aatk_UL_14_" },
					{ "time": 1.5, "name": "aatk_UL_15_" },
					{ "time": 1.6, "name": "aatk_UL_16_" },
					{ "time": 1.7, "name": "aatk_UL_17_" },
					{ "time": 1.8, "name": null }
				]
			},
			"aatk_UR_": {
				"attachment": [
					{ "time": 0, "name": "aatk_UR_00_" },
					{ "time": 0.1, "name": "aatk_UR_01_" },
					{ "time": 0.2, "name": "aatk_UR_02_" },
					{ "time": 0.3, "name": "aatk_UR_03_" },
					{ "time": 0.4, "name": "aatk_UR_04_" },
					{ "time": 0.5, "name": "aatk_UR_05_" },
					{ "time": 0.6, "name": "aatk_UR_06_" },
					{ "time": 0.7, "name": "aatk_UR_07_" },
					{ "time": 0.8, "name": "aatk_UR_08_" },
					{ "time": 0.9, "name": "aatk_UR_09_" },
					{ "time": 1, "name": "aatk_UR_10_" },
					{ "time": 1.1, "name": "aatk_UR_11_" },
					{ "time": 1.2, "name": "aatk_UR_12_" },
					{ "time": 1.3, "name": "aatk_UR_13_" },
					{ "time": 1.4, "name": "aatk_UR_14_" },
					{ "time": 1.5, "name": "aatk_UR_15_" },
					{ "time": 1.6, "name": "aatk_UR_16_" },
					{ "time": 1.7, "name": "aatk_UR_17_" },
					{ "time": 1.8, "name": null }
				]
			}
		}
	}
}
}