{"skeleton":{"hash":"USf7oJZFoT2micRF5BMIu2hgpIU","spine":"3.7.94","width":0,"height":0,"images":"./images/","audio":"D:/COK项目/Spine工程/皮肤—暗黑海盗船"},"bones":[{"name":"root"},{"name":"youling","parent":"root","scaleX":2,"scaleY":2},{"name":"smoke_body","parent":"root","scaleX":2.5,"scaleY":2.5},{"name":"shuiwen","parent":"root","scaleX":2.5,"scaleY":2.5},{"name":"shadow","parent":"root","scaleX":2.5,"scaleY":2.5},{"name":"lizi_R","parent":"root","scaleX":2.5,"scaleY":2.5},{"name":"lizi_L_","parent":"root","scaleX":2.5,"scaleY":2.5},{"name":"langhua","parent":"root","scaleX":2.5,"scaleY":2.5},{"name":"chuanti","parent":"root","scaleX":1.54,"scaleY":1.54},{"name":"chibang_L_","parent":"root","scaleX":1.54,"scaleY":1.54},{"name":"chibang_R","parent":"root","scaleX":1.54,"scaleY":1.54},{"name":"langhua02","parent":"root","scaleX":2,"scaleY":2}],"slots":[{"name":"shuiwen","bone":"shuiwen"},{"name":"shadow","bone":"shadow"},{"name":"chibang_R","bone":"chibang_R"},{"name":"lizi_R","bone":"lizi_R"},{"name":"chuanti","bone":"chuanti"},{"name":"youling","bone":"youling"},{"name":"smoke_body","bone":"smoke_body"},{"name":"langhua","bone":"langhua"},{"name":"chibang_L_","bone":"chibang_L_"},{"name":"lizi_L_","bone":"lizi_L_"},{"name":"langhua02","bone":"langhua02"}],"skins":{"default":{"chibang_L_":{"chibang_L_000_":{"width":466,"height":332},"chibang_L_003_":{"width":466,"height":332},"chibang_L_006_":{"width":466,"height":332},"chibang_L_009_":{"width":466,"height":332},"chibang_L_012_":{"width":466,"height":332},"chibang_L_015_":{"width":466,"height":332},"chibang_L_018_":{"width":466,"height":332},"chibang_L_021_":{"width":466,"height":332},"chibang_L_024_":{"width":466,"height":332},"chibang_L_027_":{"width":466,"height":332},"chibang_L_030_":{"width":466,"height":332},"chibang_L_033_":{"width":466,"height":332},"chibang_L_036_":{"width":466,"height":332},"chibang_L_039_":{"width":466,"height":332},"chibang_L_042_":{"width":466,"height":332},"chibang_L_045_":{"width":466,"height":332},"chibang_L_048_":{"width":466,"height":332},"chibang_L_051_":{"width":466,"height":332},"chibang_L_054_":{"width":466,"height":332},"chibang_L_057_":{"width":466,"height":332},"chibang_L_060_":{"width":466,"height":332}},"chibang_R":{"chibang_R_000_":{"width":466,"height":332},"chibang_R_003_":{"width":466,"height":332},"chibang_R_006_":{"width":466,"height":332},"chibang_R_009_":{"width":466,"height":332},"chibang_R_012_":{"width":466,"height":332},"chibang_R_015_":{"width":466,"height":332},"chibang_R_018_":{"width":466,"height":332},"chibang_R_021_":{"width":466,"height":332},"chibang_R_024_":{"width":466,"height":332},"chibang_R_027_":{"width":466,"height":332},"chibang_R_030_":{"width":466,"height":332},"chibang_R_033_":{"width":466,"height":332},"chibang_R_036_":{"width":466,"height":332},"chibang_R_039_":{"width":466,"height":332},"chibang_R_042_":{"width":466,"height":332},"chibang_R_045_":{"width":466,"height":332},"chibang_R_048_":{"width":466,"height":332},"chibang_R_051_":{"width":466,"height":332},"chibang_R_054_":{"width":466,"height":332},"chibang_R_057_":{"width":466,"height":332},"chibang_R_060_":{"width":466,"height":332}},"chuanti":{"chuanti_000_":{"width":466,"height":331},"chuanti_003_":{"width":466,"height":331},"chuanti_006_":{"width":466,"height":331},"chuanti_009_":{"width":466,"height":331},"chuanti_012_":{"width":466,"height":331},"chuanti_015_":{"width":466,"height":331},"chuanti_018_":{"width":466,"height":331},"chuanti_021_":{"width":466,"height":331},"chuanti_024_":{"width":466,"height":331},"chuanti_027_":{"width":466,"height":331},"chuanti_030_":{"width":466,"height":331},"chuanti_033_":{"width":466,"height":331},"chuanti_036_":{"width":466,"height":331},"chuanti_039_":{"width":466,"height":331},"chuanti_042_":{"width":466,"height":331},"chuanti_045_":{"width":466,"height":331},"chuanti_048_":{"width":466,"height":331},"chuanti_051_":{"width":466,"height":331},"chuanti_054_":{"width":466,"height":331},"chuanti_057_":{"width":466,"height":331},"chuanti_060_":{"width":466,"height":331}},"langhua":{"langhua_000_":{"width":288,"height":205},"langhua_003_":{"width":288,"height":205},"langhua_006_":{"width":288,"height":205},"langhua_009_":{"width":288,"height":205},"langhua_012_":{"width":288,"height":205},"langhua_015_":{"width":288,"height":205},"langhua_018_":{"width":288,"height":205},"langhua_021_":{"width":288,"height":205},"langhua_024_":{"width":288,"height":205},"langhua_027_":{"width":288,"height":205},"langhua_030_":{"width":288,"height":205},"langhua_033_":{"width":288,"height":205},"langhua_036_":{"width":288,"height":205},"langhua_039_":{"width":288,"height":205},"langhua_042_":{"width":288,"height":205},"langhua_045_":{"width":288,"height":205},"langhua_048_":{"width":288,"height":205},"langhua_051_":{"width":288,"height":205},"langhua_054_":{"width":288,"height":205},"langhua_057_":{"width":288,"height":205},"langhua_060_":{"width":288,"height":205}},"langhua02":{"langhua02_000_":{"width":360,"height":256},"langhua02_003_":{"width":360,"height":256},"langhua02_006_":{"width":360,"height":256},"langhua02_009_":{"width":360,"height":256},"langhua02_012_":{"width":360,"height":256},"langhua02_015_":{"width":360,"height":256},"langhua02_018_":{"width":360,"height":256},"langhua02_021_":{"width":360,"height":256},"langhua02_024_":{"width":360,"height":256},"langhua02_027_":{"width":360,"height":256},"langhua02_030_":{"width":360,"height":256},"langhua02_033_":{"width":360,"height":256},"langhua02_036_":{"width":360,"height":256},"langhua02_039_":{"width":360,"height":256},"langhua02_042_":{"width":360,"height":256},"langhua02_045_":{"width":360,"height":256},"langhua02_048_":{"width":360,"height":256},"langhua02_051_":{"width":360,"height":256},"langhua02_054_":{"width":360,"height":256},"langhua02_057_":{"width":360,"height":256},"langhua02_060_":{"width":360,"height":256}},"lizi_L_":{"lizi_L_000_":{"width":288,"height":205},"lizi_L_003_":{"width":288,"height":205},"lizi_L_006_":{"width":288,"height":205},"lizi_L_009_":{"width":288,"height":205},"lizi_L_012_":{"width":288,"height":205},"lizi_L_015_":{"width":288,"height":205},"lizi_L_018_":{"width":288,"height":205},"lizi_L_021_":{"width":288,"height":205},"lizi_L_024_":{"width":288,"height":205},"lizi_L_027_":{"width":288,"height":205},"lizi_L_030_":{"width":288,"height":205},"lizi_L_033_":{"width":288,"height":205},"lizi_L_036_":{"width":288,"height":205},"lizi_L_039_":{"width":288,"height":205},"lizi_L_042_":{"width":288,"height":205},"lizi_L_045_":{"width":288,"height":205},"lizi_L_048_":{"width":288,"height":205},"lizi_L_051_":{"width":288,"height":205},"lizi_L_054_":{"width":288,"height":205},"lizi_L_057_":{"width":288,"height":205},"lizi_L_060_":{"width":288,"height":205}},"lizi_R":{"lizi_R_000_":{"width":288,"height":205},"lizi_R_003_":{"width":288,"height":205},"lizi_R_006_":{"width":288,"height":205},"lizi_R_009_":{"width":288,"height":205},"lizi_R_012_":{"width":288,"height":205},"lizi_R_015_":{"width":288,"height":205},"lizi_R_018_":{"width":288,"height":205},"lizi_R_021_":{"width":288,"height":205},"lizi_R_024_":{"width":288,"height":205},"lizi_R_027_":{"width":288,"height":205},"lizi_R_030_":{"width":288,"height":205},"lizi_R_033_":{"width":288,"height":205},"lizi_R_036_":{"width":288,"height":205},"lizi_R_039_":{"width":288,"height":205},"lizi_R_042_":{"width":288,"height":205},"lizi_R_045_":{"width":288,"height":205},"lizi_R_048_":{"width":288,"height":205},"lizi_R_051_":{"width":288,"height":205},"lizi_R_054_":{"width":288,"height":205},"lizi_R_057_":{"width":288,"height":205},"lizi_R_060_":{"width":288,"height":205}},"shadow":{"shadow_000_":{"width":230,"height":164},"shadow_003_":{"width":230,"height":164},"shadow_006_":{"width":230,"height":164},"shadow_009_":{"width":230,"height":164},"shadow_012_":{"width":230,"height":164},"shadow_015_":{"width":230,"height":164},"shadow_018_":{"width":230,"height":164},"shadow_021_":{"width":230,"height":164},"shadow_024_":{"width":230,"height":164},"shadow_027_":{"width":230,"height":164},"shadow_030_":{"width":230,"height":164},"shadow_033_":{"width":230,"height":164},"shadow_036_":{"width":230,"height":164},"shadow_039_":{"width":230,"height":164},"shadow_042_":{"width":230,"height":164},"shadow_045_":{"width":230,"height":164},"shadow_048_":{"width":230,"height":164},"shadow_051_":{"width":230,"height":164},"shadow_054_":{"width":230,"height":164},"shadow_057_":{"width":230,"height":164},"shadow_060_":{"width":230,"height":164}},"shuiwen":{"shuiwen_000_":{"width":288,"height":205},"shuiwen_003_":{"width":288,"height":205},"shuiwen_006_":{"width":288,"height":205},"shuiwen_009_":{"width":288,"height":205},"shuiwen_012_":{"width":288,"height":205},"shuiwen_015_":{"width":288,"height":205},"shuiwen_018_":{"width":288,"height":205},"shuiwen_021_":{"width":288,"height":205},"shuiwen_024_":{"width":288,"height":205},"shuiwen_027_":{"width":288,"height":205},"shuiwen_030_":{"width":288,"height":205},"shuiwen_033_":{"width":288,"height":205},"shuiwen_036_":{"width":288,"height":205},"shuiwen_039_":{"width":288,"height":205},"shuiwen_042_":{"width":288,"height":205},"shuiwen_045_":{"width":288,"height":205},"shuiwen_048_":{"width":288,"height":205},"shuiwen_051_":{"width":288,"height":205},"shuiwen_054_":{"width":288,"height":205},"shuiwen_057_":{"width":288,"height":205},"shuiwen_060_":{"width":288,"height":205}},"smoke_body":{"smoke_body_000_":{"width":288,"height":205},"smoke_body_003_":{"width":288,"height":205},"smoke_body_006_":{"width":288,"height":205},"smoke_body_009_":{"width":288,"height":205},"smoke_body_012_":{"width":288,"height":205},"smoke_body_015_":{"width":288,"height":205},"smoke_body_018_":{"width":288,"height":205},"smoke_body_021_":{"width":288,"height":205},"smoke_body_024_":{"width":288,"height":205},"smoke_body_027_":{"width":288,"height":205},"smoke_body_030_":{"width":288,"height":205},"smoke_body_033_":{"width":288,"height":205},"smoke_body_036_":{"width":288,"height":205},"smoke_body_039_":{"width":288,"height":205},"smoke_body_042_":{"width":288,"height":205},"smoke_body_045_":{"width":288,"height":205},"smoke_body_048_":{"width":288,"height":205},"smoke_body_051_":{"width":288,"height":205},"smoke_body_054_":{"width":288,"height":205},"smoke_body_057_":{"width":288,"height":205},"smoke_body_060_":{"width":288,"height":205}},"youling":{"youling_000_":{"width":360,"height":256},"youling_003_":{"width":360,"height":256},"youling_006_":{"width":360,"height":256},"youling_009_":{"width":360,"height":256},"youling_012_":{"width":360,"height":256},"youling_015_":{"width":360,"height":256},"youling_018_":{"width":360,"height":256},"youling_021_":{"width":360,"height":256},"youling_024_":{"width":360,"height":256},"youling_027_":{"width":360,"height":256},"youling_030_":{"width":360,"height":256},"youling_033_":{"width":360,"height":256},"youling_036_":{"width":360,"height":256},"youling_039_":{"width":360,"height":256},"youling_042_":{"width":360,"height":256},"youling_045_":{"width":360,"height":256},"youling_048_":{"width":360,"height":256},"youling_051_":{"width":360,"height":256},"youling_054_":{"width":360,"height":256},"youling_057_":{"width":360,"height":256},"youling_060_":{"width":360,"height":256}}}},"animations":{"animation":{"slots":{"chibang_L_":{"attachment":[{"time":0,"name":"chibang_L_000_"},{"time":0.2,"name":"chibang_L_003_"},{"time":0.4,"name":"chibang_L_006_"},{"time":0.6,"name":"chibang_L_009_"},{"time":0.8,"name":"chibang_L_012_"},{"time":1,"name":"chibang_L_015_"},{"time":1.2,"name":"chibang_L_018_"},{"time":1.4,"name":"chibang_L_021_"},{"time":1.6,"name":"chibang_L_024_"},{"time":1.8,"name":"chibang_L_027_"},{"time":2,"name":"chibang_L_030_"},{"time":2.2,"name":"chibang_L_033_"},{"time":2.4,"name":"chibang_L_036_"},{"time":2.6,"name":"chibang_L_039_"},{"time":2.8,"name":"chibang_L_042_"},{"time":3,"name":"chibang_L_045_"},{"time":3.2,"name":"chibang_L_048_"},{"time":3.4,"name":"chibang_L_051_"},{"time":3.6,"name":"chibang_L_054_"},{"time":3.8,"name":"chibang_L_057_"},{"time":4,"name":"chibang_L_060_"}]},"chibang_R":{"attachment":[{"time":0,"name":"chibang_R_000_"},{"time":0.2,"name":"chibang_R_003_"},{"time":0.4,"name":"chibang_R_006_"},{"time":0.6,"name":"chibang_R_009_"},{"time":0.8,"name":"chibang_R_012_"},{"time":1,"name":"chibang_R_015_"},{"time":1.2,"name":"chibang_R_018_"},{"time":1.4,"name":"chibang_R_021_"},{"time":1.6,"name":"chibang_R_024_"},{"time":1.8,"name":"chibang_R_027_"},{"time":2,"name":"chibang_R_030_"},{"time":2.2,"name":"chibang_R_033_"},{"time":2.4,"name":"chibang_R_036_"},{"time":2.6,"name":"chibang_R_039_"},{"time":2.8,"name":"chibang_R_042_"},{"time":3,"name":"chibang_R_045_"},{"time":3.2,"name":"chibang_R_048_"},{"time":3.4,"name":"chibang_R_051_"},{"time":3.6,"name":"chibang_R_054_"},{"time":3.8,"name":"chibang_R_057_"},{"time":4,"name":"chibang_R_060_"}]},"chuanti":{"attachment":[{"time":0,"name":"chuanti_000_"},{"time":0.2,"name":"chuanti_003_"},{"time":0.4,"name":"chuanti_006_"},{"time":0.6,"name":"chuanti_009_"},{"time":0.8,"name":"chuanti_012_"},{"time":1,"name":"chuanti_015_"},{"time":1.2,"name":"chuanti_018_"},{"time":1.4,"name":"chuanti_021_"},{"time":1.6,"name":"chuanti_024_"},{"time":1.8,"name":"chuanti_027_"},{"time":2,"name":"chuanti_030_"},{"time":2.2,"name":"chuanti_033_"},{"time":2.4,"name":"chuanti_036_"},{"time":2.6,"name":"chuanti_039_"},{"time":2.8,"name":"chuanti_042_"},{"time":3,"name":"chuanti_045_"},{"time":3.2,"name":"chuanti_048_"},{"time":3.4,"name":"chuanti_051_"},{"time":3.6,"name":"chuanti_054_"},{"time":3.8,"name":"chuanti_057_"},{"time":4,"name":"chuanti_060_"}]},"langhua":{"attachment":[{"time":0,"name":"langhua_000_"},{"time":0.2,"name":"langhua_003_"},{"time":0.4,"name":"langhua_006_"},{"time":0.6,"name":"langhua_009_"},{"time":0.8,"name":"langhua_012_"},{"time":1,"name":"langhua_015_"},{"time":1.2,"name":"langhua_018_"},{"time":1.4,"name":"langhua_021_"},{"time":1.6,"name":"langhua_024_"},{"time":1.8,"name":"langhua_027_"},{"time":2,"name":"langhua_030_"},{"time":2.2,"name":"langhua_033_"},{"time":2.4,"name":"langhua_036_"},{"time":2.6,"name":"langhua_039_"},{"time":2.8,"name":"langhua_042_"},{"time":3,"name":"langhua_045_"},{"time":3.2,"name":"langhua_048_"},{"time":3.4,"name":"langhua_051_"},{"time":3.6,"name":"langhua_054_"},{"time":3.8,"name":"langhua_057_"},{"time":4,"name":"langhua_060_"}]},"langhua02":{"attachment":[{"time":0,"name":"langhua02_000_"},{"time":0.2,"name":"langhua02_003_"},{"time":0.4,"name":"langhua02_006_"},{"time":0.6,"name":"langhua02_009_"},{"time":0.8,"name":"langhua02_012_"},{"time":1,"name":"langhua02_015_"},{"time":1.2,"name":"langhua02_018_"},{"time":1.4,"name":"langhua02_021_"},{"time":1.6,"name":"langhua02_024_"},{"time":1.8,"name":"langhua02_027_"},{"time":2,"name":"langhua02_030_"},{"time":2.2,"name":"langhua02_033_"},{"time":2.4,"name":"langhua02_036_"},{"time":2.6,"name":"langhua02_039_"},{"time":2.8,"name":"langhua02_042_"},{"time":3,"name":"langhua02_045_"},{"time":3.2,"name":"langhua02_048_"},{"time":3.4,"name":"langhua02_051_"},{"time":3.6,"name":"langhua02_054_"},{"time":3.8,"name":"langhua02_057_"},{"time":4,"name":"langhua02_060_"}]},"lizi_L_":{"attachment":[{"time":0,"name":"lizi_L_000_"},{"time":0.2,"name":"lizi_L_003_"},{"time":0.4,"name":"lizi_L_006_"},{"time":0.6,"name":"lizi_L_009_"},{"time":0.8,"name":"lizi_L_012_"},{"time":1,"name":"lizi_L_015_"},{"time":1.2,"name":"lizi_L_018_"},{"time":1.4,"name":"lizi_L_021_"},{"time":1.6,"name":"lizi_L_024_"},{"time":1.8,"name":"lizi_L_027_"},{"time":2,"name":"lizi_L_030_"},{"time":2.2,"name":"lizi_L_033_"},{"time":2.4,"name":"lizi_L_036_"},{"time":2.6,"name":"lizi_L_039_"},{"time":2.8,"name":"lizi_L_042_"},{"time":3,"name":"lizi_L_045_"},{"time":3.2,"name":"lizi_L_048_"},{"time":3.4,"name":"lizi_L_051_"},{"time":3.6,"name":"lizi_L_054_"},{"time":3.8,"name":"lizi_L_057_"},{"time":4,"name":"lizi_L_060_"}]},"lizi_R":{"attachment":[{"time":0,"name":"lizi_R_000_"},{"time":0.2,"name":"lizi_R_003_"},{"time":0.4,"name":"lizi_R_006_"},{"time":0.6,"name":"lizi_R_009_"},{"time":0.8,"name":"lizi_R_012_"},{"time":1,"name":"lizi_R_015_"},{"time":1.2,"name":"lizi_R_018_"},{"time":1.4,"name":"lizi_R_021_"},{"time":1.6,"name":"lizi_R_024_"},{"time":1.8,"name":"lizi_R_027_"},{"time":2,"name":"lizi_R_030_"},{"time":2.2,"name":"lizi_R_033_"},{"time":2.4,"name":"lizi_R_036_"},{"time":2.6,"name":"lizi_R_039_"},{"time":2.8,"name":"lizi_R_042_"},{"time":3,"name":"lizi_R_045_"},{"time":3.2,"name":"lizi_R_048_"},{"time":3.4,"name":"lizi_R_051_"},{"time":3.6,"name":"lizi_R_054_"},{"time":3.8,"name":"lizi_R_057_"},{"time":4,"name":"lizi_R_060_"}]},"shadow":{"attachment":[{"time":0,"name":"shadow_000_"},{"time":0.2,"name":"shadow_003_"},{"time":0.4,"name":"shadow_006_"},{"time":0.6,"name":"shadow_009_"},{"time":0.8,"name":"shadow_012_"},{"time":1,"name":"shadow_015_"},{"time":1.2,"name":"shadow_018_"},{"time":1.4,"name":"shadow_021_"},{"time":1.6,"name":"shadow_024_"},{"time":1.8,"name":"shadow_027_"},{"time":2,"name":"shadow_030_"},{"time":2.2,"name":"shadow_033_"},{"time":2.4,"name":"shadow_036_"},{"time":2.6,"name":"shadow_039_"},{"time":2.8,"name":"shadow_042_"},{"time":3,"name":"shadow_045_"},{"time":3.2,"name":"shadow_048_"},{"time":3.4,"name":"shadow_051_"},{"time":3.6,"name":"shadow_054_"},{"time":3.8,"name":"shadow_057_"},{"time":4,"name":"shadow_060_"}]},"shuiwen":{"attachment":[{"time":0,"name":"shuiwen_000_"},{"time":0.2,"name":"shuiwen_003_"},{"time":0.4,"name":"shuiwen_006_"},{"time":0.6,"name":"shuiwen_009_"},{"time":0.8,"name":"shuiwen_012_"},{"time":1,"name":"shuiwen_015_"},{"time":1.2,"name":"shuiwen_018_"},{"time":1.4,"name":"shuiwen_021_"},{"time":1.6,"name":"shuiwen_024_"},{"time":1.8,"name":"shuiwen_027_"},{"time":2,"name":"shuiwen_030_"},{"time":2.2,"name":"shuiwen_033_"},{"time":2.4,"name":"shuiwen_036_"},{"time":2.6,"name":"shuiwen_039_"},{"time":2.8,"name":"shuiwen_042_"},{"time":3,"name":"shuiwen_045_"},{"time":3.2,"name":"shuiwen_048_"},{"time":3.4,"name":"shuiwen_051_"},{"time":3.6,"name":"shuiwen_054_"},{"time":3.8,"name":"shuiwen_057_"},{"time":4,"name":"shuiwen_060_"}]},"smoke_body":{"attachment":[{"time":0,"name":"smoke_body_000_"},{"time":0.2,"name":"smoke_body_003_"},{"time":0.4,"name":"smoke_body_006_"},{"time":0.6,"name":"smoke_body_009_"},{"time":0.8,"name":"smoke_body_012_"},{"time":1,"name":"smoke_body_015_"},{"time":1.2,"name":"smoke_body_018_"},{"time":1.4,"name":"smoke_body_021_"},{"time":1.6,"name":"smoke_body_024_"},{"time":1.8,"name":"smoke_body_027_"},{"time":2,"name":"smoke_body_030_"},{"time":2.2,"name":"smoke_body_033_"},{"time":2.4,"name":"smoke_body_036_"},{"time":2.6,"name":"smoke_body_039_"},{"time":2.8,"name":"smoke_body_042_"},{"time":3,"name":"smoke_body_045_"},{"time":3.2,"name":"smoke_body_048_"},{"time":3.4,"name":"smoke_body_051_"},{"time":3.6,"name":"smoke_body_054_"},{"time":3.8,"name":"smoke_body_057_"},{"time":4,"name":"smoke_body_060_"}]},"youling":{"attachment":[{"time":0,"name":"youling_000_"},{"time":0.2,"name":"youling_003_"},{"time":0.4,"name":"youling_006_"},{"time":0.6,"name":"youling_009_"},{"time":0.8,"name":"youling_012_"},{"time":1,"name":"youling_015_"},{"time":1.2,"name":"youling_018_"},{"time":1.4,"name":"youling_021_"},{"time":1.6,"name":"youling_024_"},{"time":1.8,"name":"youling_027_"},{"time":2,"name":"youling_030_"},{"time":2.2,"name":"youling_033_"},{"time":2.4,"name":"youling_036_"},{"time":2.6,"name":"youling_039_"},{"time":2.8,"name":"youling_042_"},{"time":3,"name":"youling_045_"},{"time":3.2,"name":"youling_048_"},{"time":3.4,"name":"youling_051_"},{"time":3.6,"name":"youling_054_"},{"time":3.8,"name":"youling_057_"},{"time":4,"name":"youling_060_"}]}},"bones":{"chuanti":{"translate":[{"time":0,"x":-102.6,"y":93.83}]},"chibang_L_":{"translate":[{"time":0,"x":-102.6,"y":93.83}]},"chibang_R":{"translate":[{"time":0,"x":-102.6,"y":93.83}]},"langhua":{"translate":[{"time":0,"x":-102.6,"y":93.83}]},"lizi_L_":{"translate":[{"time":0,"x":-102.6,"y":93.83}]},"lizi_R":{"translate":[{"time":0,"x":-102.6,"y":93.83}]},"shadow":{"translate":[{"time":0,"x":-102.6,"y":93.83}]},"shuiwen":{"translate":[{"time":0,"x":-98.54,"y":87.06}]},"smoke_body":{"translate":[{"time":0,"x":-78.23,"y":119.55}]},"youling":{"translate":[{"time":0,"x":-102.6,"y":93.83}]},"langhua02":{"translate":[{"time":0,"x":-88.16,"y":95.14}]}}}}}