{
"skeleton": { "hash": "cUEXW/EJvQ32akvI8suP0NIK4fk", "spine": "2.1.27", "width": 911.59, "height": 1197.84 },
"bones": [
	{ "name": "root" },
	{ "name": "bone", "parent": "root", "length": 119.99, "x": -3.69, "y": 405.64, "rotation": 89.54 },
	{ "name": "yanwu_", "parent": "root", "length": 79.55, "x": 3.41, "y": -31.48, "rotation": 89.54 },
	{ "name": "F_qunbai_", "parent": "bone", "length": 110.89, "x": -91.17, "y": -0.09, "rotation": 180 },
	{ "name": "bone2", "parent": "bone", "length": 106.38, "x": 119.99, "y": -0.29, "rotation": 0.9 },
	{ "name": "xiaqunbai_", "parent": "bone", "length": 144.96, "x": -3.5, "y": 64.72, "rotation": 171.05 },
	{ "name": "xiaqunbai_2", "parent": "bone", "length": 150.45, "x": 2.78, "y": -55.47, "rotation": -170.17 },
	{ "name": "yupei_", "parent": "bone", "length": 113.28, "x": 20.96, "y": 110.79, "rotation": 178.64 },
	{ "name": "bone17", "parent": "yupei_", "length": 114.49, "x": 113.28, "y": -0.19, "rotation": 2.72 },
	{ "name": "bone25", "parent": "F_qunbai_", "length": 118.93, "x": 110.89, "y": -0.46, "rotation": -0.45 },
	{ "name": "bone28", "parent": "xiaqunbai_", "length": 124.99, "x": 141, "y": -1.04, "rotation": -0.9 },
	{ "name": "bone3", "parent": "bone2", "length": 169.5, "x": 106.38, "y": 0.4, "rotation": -1.36 },
	{ "name": "bone31", "parent": "xiaqunbai_2", "length": 123.96, "x": 150.45, "y": 0.89, "rotation": -1.8 },
	{ "name": "L_dapie_", "parent": "bone3", "length": 203.04, "x": 158.87, "y": 68.07, "rotation": 135.92 },
	{ "name": "L_piaodai_", "parent": "bone3", "length": 107.28, "x": 96.2, "y": 110.37, "rotation": 175.94 },
	{ "name": "R_dapie_", "parent": "bone3", "length": 161.91, "x": 162.09, "y": -62.3, "rotation": -131.66 },
	{ "name": "R_piaodai_", "parent": "bone3", "length": 113.75, "x": 115.46, "y": -92.41, "rotation": -175.94 },
	{ "name": "bone21", "parent": "bone17", "length": 81.22, "x": 114.49, "y": 0.06, "rotation": -3.15 },
	{ "name": "bone26", "parent": "bone25", "length": 96.19, "x": 114.96, "y": -3.51, "rotation": 0.9 },
	{ "name": "bone29", "parent": "bone28", "length": 131, "x": 124.99, "y": -0.38, "rotation": -1.36 },
	{ "name": "bone32", "parent": "bone31", "length": 118.48, "x": 123.95, "y": -0.29 },
	{ "name": "bone4", "parent": "bone3", "length": 199.16, "x": 167.03, "y": -1.05, "rotation": 0.9 },
	{ "name": "B_mianliu_", "parent": "bone4", "length": 44.72, "x": 220.64, "y": 7.06, "rotation": -179.54 },
	{ "name": "F_mianliu_", "parent": "bone4", "length": 44.03, "x": 234.4, "y": -1.19, "rotation": -179.09 },
	{ "name": "L_xiuzi_", "parent": "R_dapie_", "length": 187.4, "x": 151.47, "y": 0.83, "rotation": -15.94 },
	{ "name": "bone22", "parent": "bone21", "length": 100.01, "x": 81.22, "y": -0.61, "rotation": 2.7 },
	{ "name": "bone27", "parent": "bone26", "length": 102.95, "x": 96.19, "rotation": -1.8 },
	{ "name": "bone30", "parent": "bone29", "length": 108.99, "x": 131, "y": -0.25 },
	{ "name": "bone33", "parent": "bone32", "length": 106.75, "x": 118.48, "y": -0.92, "rotation": 0.9 },
	{ "name": "bone34", "parent": "L_piaodai_", "length": 113.63, "x": 107.28, "y": -0.04, "rotation": 2.7 },
	{ "name": "bone38", "parent": "R_piaodai_", "length": 112.23, "x": 113.75, "y": 0.46, "rotation": -2.25 },
	{ "name": "youxiu_", "parent": "L_dapie_", "length": 212.46, "x": 198.18, "y": 4, "rotation": 28.16 },
	{ "name": "zhuyin_", "parent": "bone4", "length": 45.67, "x": -6.56, "y": -1.5, "rotation": -180 },
	{ "name": "bone13", "parent": "L_xiuzi_", "length": 102.62, "x": 187.39, "y": -0.71, "rotation": -62.53 },
	{ "name": "bone19", "parent": "zhuyin_", "length": 26.99, "x": 45.67, "rotation": 1.35 },
	{ "name": "bone35", "parent": "bone34", "length": 108.24, "x": 113.62, "y": 0.45, "rotation": 0.45 },
	{ "name": "bone39", "parent": "bone38", "length": 120.3, "x": 112.23, "y": -0.4, "rotation": 0.9 },
	{ "name": "bone45", "parent": "F_mianliu_", "length": 46.78, "x": 44.03, "rotation": -0.45 },
	{ "name": "bone47", "parent": "B_mianliu_", "length": 39.9, "x": 44.72, "y": 0.33, "rotation": -1.35 },
	{ "name": "bone5", "parent": "youxiu_", "length": 191.32, "x": 212.46, "y": 0.88, "rotation": 13.71 },
	{ "name": "L_hand_", "parent": "bone13", "length": 91.06, "x": 98.48, "y": 0.51, "rotation": -31.88 },
	{ "name": "L_xiuzi_2", "parent": "bone13", "length": 117.78, "x": 82.39, "y": 2.85, "rotation": 38.76 },
	{ "name": "R_hand_", "parent": "bone5", "length": 57.17, "x": 181.04, "y": -0.47, "rotation": -16.78 },
	{ "name": "R_houxiubai_", "parent": "bone5", "length": 110.82, "x": 195.71, "y": -38.63, "rotation": -4.5 },
	{ "name": "R_qianxiubai_", "parent": "bone5", "length": 97.26, "x": 206.36, "y": -2.53, "rotation": 4.08 },
	{ "name": "bone20", "parent": "bone19", "length": 32.52, "x": 26.99, "y": 0.05, "rotation": -0.9 },
	{ "name": "bone36", "parent": "bone35", "length": 133.62, "x": 108.24, "y": 0.75, "rotation": 0.45 },
	{ "name": "bone40", "parent": "bone39", "length": 124.25, "x": 120.3, "y": 0.24, "rotation": -0.9 },
	{ "name": "bone46", "parent": "bone45", "length": 43.34, "x": 46.78, "y": -0.36 },
	{ "name": "bone48", "parent": "bone47", "length": 37.15, "x": 39.9, "y": -0.06, "rotation": 0.45 },
	{ "name": "bone10", "parent": "R_houxiubai_", "length": 94.5, "x": 110.82, "y": -0.19, "rotation": 0.45 },
	{ "name": "bone12", "parent": "R_qianxiubai_", "length": 89.34, "x": 97.26, "y": 0.62, "rotation": -3.6 },
	{ "name": "bone14", "parent": "L_xiuzi_2", "length": 84.45, "x": 117.78, "y": 0.23, "rotation": 0.45 },
	{ "name": "bone37", "parent": "bone36", "length": 149.63, "x": 133.62, "y": 0.47, "rotation": 0.45 },
	{ "name": "bone41", "parent": "bone40", "length": 157.69, "x": 124.25, "y": -0.59, "rotation": 0.45 },
	{ "name": "bone6", "parent": "R_hand_", "length": 52.69, "x": 57.17, "y": 0.01, "rotation": 46.87 },
	{ "name": "bone8", "parent": "R_hand_", "length": 38.82, "x": 4.8, "y": 10.25, "rotation": 65.08 },
	{ "name": "jianbing_", "parent": "L_hand_", "length": 545, "x": 56.8, "y": -54.74, "rotation": 75.01 },
	{ "name": "bone11", "parent": "bone10", "length": 88.11, "x": 94.5, "y": 0.32, "rotation": 5.39 },
	{ "name": "bone15", "parent": "bone14", "length": 99.85, "x": 84.45, "y": 0.59, "rotation": -3.15 },
	{ "name": "bone18", "parent": "bone12", "length": 91.51, "x": 92.77, "y": -0.32, "rotation": 2.25 },
	{ "name": "bone7", "parent": "bone6", "length": 30.8, "x": 52.69, "y": 0.11, "rotation": 31.55 },
	{ "name": "bone9", "parent": "bone8", "length": 53.56, "x": 38.82, "y": -0.12, "rotation": -24.91 },
	{ "name": "bone16", "parent": "bone15", "length": 134.34, "x": 99.85, "y": -0.69 }
],
"slots": [
	{ "name": "beijing_", "bone": "root", "attachment": "beijing_" },
	{ "name": "zhongyi_", "bone": "bone3", "attachment": "zhongyi_" },
	{ "name": "zhuyin_", "bone": "zhuyin_", "attachment": "zhuyin_" },
	{ "name": "L_xiuzi_", "bone": "L_xiuzi_2", "attachment": "L_xiuzi_" },
	{ "name": "R_dapie_", "bone": "R_dapie_", "attachment": "R_dapie_" },
	{ "name": "xiaqunbai_", "bone": "xiaqunbai_2", "attachment": "xiaqunbai_" },
	{ "name": "L_dapie_", "bone": "L_dapie_", "attachment": "L_dapie_" },
	{ "name": "L_yijin_", "bone": "root", "attachment": "L_yijin_" },
	{ "name": "R_yijin_", "bone": "root", "attachment": "R_yijin_" },
	{ "name": "R_houxiubai_", "bone": "R_houxiubai_", "attachment": "R_houxiubai_" },
	{ "name": "R_qianxiubai_", "bone": "R_qianxiubai_", "attachment": "R_qianxiubai_" },
	{ "name": "R_hand_", "bone": "R_hand_", "attachment": "R_hand_" },
	{ "name": "youxiu_", "bone": "youxiu_", "attachment": "youxiu_" },
	{ "name": "F_qunbai_", "bone": "F_qunbai_", "attachment": "F_qunbai_" },
	{ "name": "yaofen_", "bone": "bone", "attachment": "yaofen_" },
	{ "name": "yupei_", "bone": "yupei_", "attachment": "yupei_" },
	{ "name": "peijian_", "bone": "jianbing_", "attachment": "peijian_" },
	{ "name": "L_hand_", "bone": "L_hand_", "attachment": "L_hand_" },
	{ "name": "jianbing_", "bone": "jianbing_", "attachment": "jianbing_" },
	{ "name": "B_mianliu_", "bone": "B_mianliu_", "attachment": "B_mianliu_" },
	{ "name": "Tou_", "bone": "bone4", "attachment": "Tou_" },
	{ "name": "F_mianliu_", "bone": "F_mianliu_", "attachment": "F_mianliu_" },
	{ "name": "R_piaodai_", "bone": "R_piaodai_", "attachment": "R_piaodai_" },
	{ "name": "L_piaodai_", "bone": "L_piaodai_", "attachment": "L_piaodai_" },
	{ "name": "dise_", "bone": "root", "attachment": "dise_" },
	{ "name": "yanwu_", "bone": "yanwu_", "attachment": "yanwu_" },
	{ "name": "yanwu_2", "bone": "yanwu_", "color": "ffffff7d", "attachment": "yanwu_" }
],
"skins": {
	"default": {
		"B_mianliu_": {
			"B_mianliu_": {
				"type": "skinnedmesh",
				"uvs": [ 1, 0.13951, 1, 0.32639, 1, 0.46534, 1, 0.61868, 1, 0.82711, 1, 1, 0.76492, 1, 0.51401, 1, 0.2295, 1, 0, 1, 0, 0.82711, 0, 0.62347, 0, 0.47732, 0, 0.33118, 0, 0.13711, 0, 0, 0.22726, 0, 0.50057, 0, 0.75148, 0, 1, 0, 0.505, 0.32876, 0.50737, 0.62104, 0.50242, 0.13681, 0.50617, 0.47235, 0.51085, 0.81967, 0.75377, 0.13817, 0.75373, 0.32757, 0.75827, 0.46877, 0.76274, 0.61981, 0.76292, 0.82351, 0.2295, 0.13697, 0.23172, 0.33007, 0.23402, 0.47502, 0.23403, 0.62235, 0.23167, 0.82374 ],
				"triangles": [ 24, 21, 28, 34, 11, 33, 24, 34, 33, 24, 33, 21, 10, 11, 34, 8, 9, 10, 34, 8, 10, 34, 24, 7, 8, 34, 7, 29, 28, 3, 24, 28, 29, 29, 3, 4, 6, 29, 4, 7, 29, 6, 6, 4, 5, 7, 24, 29, 33, 32, 21, 11, 12, 33, 21, 27, 28, 3, 28, 2, 21, 23, 27, 32, 23, 21, 12, 32, 33, 12, 13, 31, 23, 20, 26, 32, 31, 20, 32, 20, 23, 12, 31, 32, 27, 26, 1, 2, 27, 1, 28, 27, 2, 23, 26, 27, 31, 22, 20, 13, 30, 31, 26, 25, 0, 26, 20, 25, 1, 26, 0, 25, 20, 22, 31, 30, 22, 13, 14, 30, 25, 19, 0, 30, 17, 22, 14, 16, 30, 25, 18, 19, 22, 17, 18, 30, 16, 17, 14, 15, 16, 22, 18, 25 ],
				"vertices": [ 2, 21, 203.94, -60.22, 0.5, 22, 17.23, 67.15, 0.5, 2, 22, 44.14, 66.93, 0.5, 38, -2.13, 66.57, 0.5, 2, 38, 17.86, 66.87999, 0.8, 49, -21.52, 67.11, 0.2, 2, 38, 39.93999, 67.22, 0.5, 49, 0.55, 67.29, 0.5, 2, 38, 69.94999, 67.69, 0.2, 49, 30.56, 67.51999, 0.8, 1, 49, 55.46, 67.72, 1, 1, 49, 55.74, 31.52, 1, 1, 49, 56.04, -7.11, 1, 1, 49, 56.39, -50.92, 1, 1, 49, 56.67, -86.27, 1, 2, 38, 72.33999, -86.28, 0.2, 49, 31.77, -86.46, 0.8, 2, 38, 43.02, -86.74, 0.5, 49, 2.45, -86.69, 0.5, 2, 38, 21.98, -87.07, 0.8, 49, -18.59, -86.86, 0.2, 2, 22, 43.62, -87.06, 0.5, 38, 0.94, -87.39, 0.5, 2, 21, 204.26, 93.77, 0.5, 22, 15.67, -86.84, 0.5, 1, 21, 224, 93.77, 1, 1, 21, 224.01, 58.78, 1, 1, 21, 224.02, 16.69, 1, 1, 21, 224.03, -21.94, 1, 1, 21, 224.03, -60.22, 1, 2, 22, 43.88, -9.28, 0.5, 38, -0.61, -9.64, 0.5, 2, 38, 41.46, -8.62, 0.5, 49, 1.48, -8.56, 0.5, 2, 21, 204.32, 16.4, 0.5, 22, 16.24, -9.47, 0.5, 2, 38, 20.04999, -9.14, 0.8, 49, -19.91, -8.92, 0.2, 2, 38, 70.05, -7.64, 0.2, 49, 30.08, -7.8, 0.8, 2, 21, 204.13, -22.3, 0.5, 22, 16.74, 29.23, 0.5, 2, 22, 44.01, 29.01, 0.5, 38, -1.37, 28.65, 0.5, 2, 38, 18.94, 29.66, 0.8, 49, -20.73, 29.89, 0.2, 2, 38, 40.66999, 30.69, 0.5, 49, 1, 30.75, 0.5, 2, 38, 70, 31.17, 0.2, 49, 30.33, 31.01, 0.8, 2, 21, 204.29, 58.43, 0.5, 22, 15.93, -51.49, 0.5, 2, 22, 43.74, -51.37, 0.5, 38, 0.22, -51.72, 0.5, 2, 38, 21.09, -51.04, 0.8, 49, -19.2, -50.82, 0.2, 2, 38, 42.3, -50.71, 0.5, 49, 2, -50.66, 0.5, 2, 38, 71.3, -50.62, 0.2, 49, 31.01, -50.79, 0.8 ],
				"hull": 20
			}
		},
		"F_mianliu_": {
			"F_mianliu_": {
				"type": "skinnedmesh",
				"uvs": [ 1, 0.15277, 1, 0.28439, 1, 0.42, 1, 0.57355, 1, 0.71315, 1, 0.86671, 1, 1, 0.75869, 1, 0.51779, 1, 0.26201, 1, 0, 1, 0, 0.87269, 0, 0.70916, 0, 0.56159, 0, 0.40604, 0, 0.27641, 0, 0.15078, 0, 0, 0.24714, 0, 0.50886, 0, 0.7468, 0, 1, 0, 0.51237, 0.2805, 0.52033, 0.56781, 0.52053, 0.86957, 0.24753, 0.27839, 0.25253, 0.56461, 0.26228, 0.87112, 0.74389, 0.28235, 0.74385, 0.57049, 0.74982, 0.8682, 0.24979, 0.40785, 0.51602, 0.41245, 0.74387, 0.41601, 0.25725, 0.71288, 0.52043, 0.71515, 0.74671, 0.7131, 0.24735, 0.15078, 0.5108, 0.15474, 0.74523, 0.15265 ],
				"triangles": [ 37, 18, 19, 16, 17, 18, 39, 19, 20, 20, 21, 0, 16, 18, 37, 39, 20, 0, 38, 19, 39, 37, 19, 38, 12, 13, 26, 34, 26, 23, 36, 29, 3, 35, 23, 29, 12, 26, 34, 36, 3, 4, 35, 29, 36, 34, 23, 35, 30, 36, 4, 5, 30, 4, 24, 35, 36, 24, 36, 30, 27, 34, 35, 27, 35, 24, 11, 12, 34, 11, 34, 27, 9, 10, 11, 27, 9, 11, 8, 27, 24, 9, 27, 8, 7, 30, 5, 8, 24, 30, 7, 8, 30, 7, 5, 6, 14, 15, 25, 31, 25, 22, 14, 25, 31, 32, 22, 28, 31, 22, 32, 33, 32, 28, 33, 28, 1, 33, 1, 2, 13, 14, 31, 26, 31, 32, 23, 32, 33, 29, 33, 2, 13, 31, 26, 26, 32, 23, 29, 23, 33, 29, 2, 3, 15, 16, 37, 25, 37, 38, 22, 38, 39, 39, 0, 1, 15, 37, 25, 25, 38, 22, 28, 22, 39, 28, 39, 1 ],
				"vertices": [ 2, 23, 21.68, 56.69, 0.5, 21, 213.6, -58.22, 0.5, 2, 23, 44.45, 56.34, 0.5, 37, -0.01, 56.34, 0.5, 3, 23, 67.91, 55.98, 0.17, 37, 23.44, 56.15, 0.68, 48, -23.33, 56.52, 0.15, 2, 37, 50.01, 55.94, 0.5, 48, 3.22, 56.31, 0.5, 2, 37, 74.15, 55.75, 0.35, 48, 27.37, 56.12, 0.64999, 1, 48, 53.94, 55.91, 1, 1, 48, 76.99, 55.73, 1, 1, 48, 76.76999, 27.74, 1, 1, 48, 76.56, -0.19, 1, 1, 48, 76.32, -29.86, 1, 1, 48, 76.08, -60.25, 1, 1, 48, 54.06, -60.08, 1, 2, 37, 72.55, -60.23, 0.35, 48, 25.77, -59.86, 0.64999, 2, 37, 47.02, -60.03, 0.5, 48, 0.24, -59.66, 0.5, 3, 23, 63.69, -59.96, 0.17, 37, 20.11, -59.81, 0.68, 48, -26.66, -59.45, 0.15, 2, 23, 41.27, -59.61, 0.5, 37, -2.3, -59.64, 0.5, 2, 23, 19.54, -59.28, 0.5, 21, 213.93, 57.77, 0.5, 1, 21, 240.01, 57.78, 1, 1, 21, 240.02, 29.11, 1, 1, 21, 240.02, -1.24, 1, 1, 21, 240.03, -28.84, 1, 1, 21, 240.03, -58.21, 1, 2, 23, 42.9, -0.2, 0.5, 37, -1.13, -0.21, 0.5, 2, 37, 48.57, 0.31, 0.5, 48, 1.79, 0.68, 0.5, 1, 48, 54, 0.29, 1, 2, 23, 42.06, -30.91, 0.5, 37, -1.73, -30.93, 0.5, 2, 37, 47.78, -30.74, 0.5, 48, 0.99, -30.37, 0.5, 1, 48, 54.03, -29.65, 1, 2, 23, 43.64, 26.64, 0.5, 37, -0.58999, 26.63, 0.5, 2, 37, 49.24, 26.24, 0.5, 48, 2.46, 26.6, 0.5, 1, 48, 53.97, 26.89, 1, 3, 23, 64.46, -30.99, 0.17, 37, 20.66, -30.84, 0.68, 48, -26.12, -30.47, 0.15, 3, 23, 65.73, -0.13, 0.17, 37, 21.69, 0.02, 0.68, 48, -25.08, 0.39, 0.15, 3, 23, 66.76, 26.28, 0.17, 37, 22.52, 26.45, 0.68, 48, -24.25, 26.82, 0.15, 2, 37, 73.43, -30.39, 0.35, 48, 26.65, -30.02, 0.64999, 2, 37, 74.06, 0.12, 0.35, 48, 27.28, 0.49, 0.64999, 2, 37, 73.91, 26.37, 0.35, 48, 27.13, 26.74, 0.64999, 2, 23, 19.98, -30.59, 0.5, 21, 213.93, 29.08, 0.5, 2, 23, 21.14, -0.04, 0.5, 21, 213.25, -1.47, 0.5, 2, 23, 21.21, 27.14, 0.5, 21, 213.62, -28.66, 0.5 ],
				"hull": 22
			}
		},
		"F_qunbai_": {
			"F_qunbai_": {
				"type": "skinnedmesh",
				"uvs": [ 1, 0.16894, 1, 0.30697, 1, 0.4634, 1, 0.60143, 1, 0.71416, 1, 0.84068, 1, 1, 0.73589, 1, 0.28515, 1, 0, 1, 0, 0.84529, 0, 0.71876, 0, 0.60373, 0, 0.4588, 0, 0.30237, 0, 0.15744, 0, 0, 0.27246, 0, 0.70098, 0, 1, 0, 0.27632, 0.30451, 0.71169, 0.30671, 0.2801, 0.60157, 0.72198, 0.60151, 0.28322, 0.8477, 0.73032, 0.84055, 0.27451, 0.16202, 0.70695, 0.17107, 0.27831, 0.46085, 0.71717, 0.4638, 0.28158, 0.71891, 0.72585, 0.71239 ],
				"triangles": [ 7, 25, 5, 8, 24, 25, 9, 10, 24, 7, 5, 6, 8, 25, 7, 9, 24, 8, 30, 22, 23, 11, 12, 22, 31, 23, 3, 10, 30, 24, 24, 31, 25, 24, 30, 31, 10, 11, 30, 25, 4, 5, 25, 31, 4, 11, 22, 30, 30, 23, 31, 31, 3, 4, 29, 21, 1, 28, 20, 21, 13, 14, 20, 12, 13, 28, 22, 28, 29, 23, 29, 2, 28, 21, 29, 2, 29, 1, 13, 20, 28, 12, 28, 22, 22, 29, 23, 3, 23, 2, 21, 0, 1, 20, 27, 21, 21, 27, 0, 14, 26, 20, 20, 26, 27, 14, 15, 26, 26, 18, 27, 0, 27, 19, 15, 17, 26, 27, 18, 19, 26, 17, 18, 15, 16, 17 ],
				"vertices": [ 2, 1, -138.37, -145.06, 0.2, 3, 47.19, 144.96, 0.8, 2, 3, 101.85, 145.39, 0.5, 9, -10.21, 145.78, 0.5, 3, 3, 163.8, 145.88, 0.15, 9, 51.72, 146.77, 0.7225, 18, -60.84, 151.27, 0.1275, 2, 9, 106.37, 147.64, 0.5, 18, -6.18, 151.27, 0.5, 3, 9, 151.01, 148.35, 0.15, 18, 38.45, 151.27, 0.7225, 26, -62.43, 149.39, 0.1275, 2, 18, 88.56, 151.27, 0.5, 26, -12.35, 150.96, 0.5, 1, 26, 50.7, 152.93, 1, 1, 26, 53.07, 77.17, 1, 1, 26, 57.11, -52.12, 1, 1, 26, 59.67, -133.92, 1, 2, 18, 90.38, -135.72, 0.5, 26, -1.56, -135.84, 0.5, 3, 9, 157.4, -138.58, 0.15, 18, 40.27, -135.72, 0.7225, 26, -51.64, -137.4, 0.1275, 2, 9, 111.85, -139.3, 0.5, 18, -5.27, -135.72, 0.5, 3, 3, 164.23, -141.12, 0.15, 9, 54.47, -140.22, 0.7225, 18, -62.66, -135.72, 0.1275, 2, 3, 102.28, -141.6, 0.5, 9, -7.46, -141.2, 0.5, 2, 1, -136.07, 141.96, 0.2, 3, 44.89, -142.05, 0.8, 1, 1, -73.72, 142.45, 1, 1, 1, -73.11, 64.25, 1, 1, 1, -72.14, -58.72, 1, 1, 1, -71.47, -144.54, 1, 2, 3, 102.51, -62.29, 0.5, 9, -7.88, -61.89, 0.5, 2, 3, 102.4, 62.65, 0.5, 9, -8.99, 63.04, 0.5, 2, 9, 109.72, -58.94, 0.5, 18, -6.12, -55.33, 0.5, 2, 9, 107.68, 67.86, 0.5, 18, -6.14, 71.48, 0.5, 2, 18, 91.34, -54.44, 0.5, 26, -3.14, -54.56, 0.5, 2, 18, 88.51, 73.87, 0.5, 26, -9.97999, 73.6, 0.5, 2, 1, -137.27, 63.16, 0.2, 3, 46.09, -63.26, 0.8, 2, 1, -139.87, -60.97, 0.2, 3, 48.7, 60.87, 0.8, 3, 3, 164.41, -61.24, 0.15, 9, 54.01, -60.34, 0.7225, 18, -61.85, -55.85, 0.1275, 3, 3, 164.59, 64.71, 0.15, 9, 53.17, 65.61, 0.7225, 18, -60.68, 70.1, 0.1275, 3, 9, 156.17, -57.77, 0.15, 18, 40.33, -54.91, 0.7225, 26, -54.1, -56.62, 0.1275, 3, 9, 151.56, 69.66, 0.15, 18, 37.75, 72.58999, 0.7225, 26, -60.67, 70.73, 0.1275 ],
				"hull": 20
			}
		},
		"L_dapie_": {
			"L_dapie_": {
				"type": "skinnedmesh",
				"uvs": [ 1, 0.14011, 1, 0.38388, 1, 0.64722, 1, 0.86074, 1, 1, 0.56384, 1, 0.28602, 1, 0, 1, 0, 0.89989, 0, 0.69348, 0, 0.49242, 0, 0.3127, 0, 0, 0.2723, 0, 0.67702, 0, 1, 0, 0.37709, 0.13853, 0.48083, 0.54462, 0.53745, 0.76409, 0.43099, 0.34954, 0.55786, 0.94654, 0.08787, 0.66628, 0.1581, 0.85994 ],
				"triangles": [ 9, 10, 21, 22, 8, 9, 7, 8, 22, 22, 9, 21, 7, 22, 6, 21, 10, 19, 10, 11, 19, 16, 13, 14, 14, 15, 0, 11, 12, 13, 11, 13, 16, 19, 16, 14, 11, 16, 19, 19, 14, 0, 19, 0, 1, 17, 19, 1, 17, 21, 19, 6, 22, 18, 22, 21, 17, 18, 17, 2, 18, 22, 17, 18, 2, 3, 17, 1, 2, 20, 18, 3, 20, 6, 18, 4, 5, 20, 6, 20, 5, 4, 20, 3 ],
				"vertices": [ 2, 4, 266.89, 22.16, 0.3, 13, -30.33, 29.78, 0.7, 2, 4, 163.05, 22.98, 0.5, 13, 43.1, 103.2, 0.5, 1, 4, 50.87, 23.86, 1, 1, 1, 79.53, 23.65, 1, 1, 1, 20.20999, 23.18, 1, 1, 1, 19.45, 119.57, 1, 2, 1, 18.96999, 180.96, 0.5, 31, 207.01, 85.56, 0.5, 2, 1, 18.46999, 244.17, 0.5, 31, 225.3, 25.06, 0.5, 2, 4, -55.01, 245.7, 0.5, 31, 184.48, 12.72, 0.5, 3, 4, 32.9, 245.01, 0.25, 13, 292.62, 40.14, 0.25, 31, 100.31, -12.72, 0.5, 3, 4, 118.55, 244.33, 0.15, 13, 232.05, -20.4, 0.35, 31, 18.32, -37.5, 0.5, 2, 13, 177.9, -74.53, 0.5, 31, -54.95, -59.66, 0.5, 1, 13, 83.69, -168.7, 1, 1, 13, 41.14, -126.14, 1, 1, 13, -22.08, -62.88, 1, 1, 13, -72.54, -12.4, 1, 1, 13, 66.51, -68.04, 1, 2, 4, 95.48, 138.25, 0.5, 13, 172.65, 70.46, 0.5, 1, 4, 1.89, 126.47, 1, 2, 4, 178.67, 148.61, 0.3, 13, 121.66, 3.92, 0.7, 1, 1, 42.21, 121.07, 1, 3, 4, 44.34, 225.49, 0.25, 13, 270.7, 45.68, 0.25, 31, 83.6, 2.51, 0.5, 2, 4, -38.27, 210.62, 0.5, 31, 158.08, 41.24, 0.5 ],
				"hull": 16
			}
		},
		"L_hand_": {
			"L_hand_": { "x": 56.24, "y": 0.36, "rotation": 152.94, "width": 130, "height": 95 }
		},
		"L_piaodai_": {
			"L_piaodai_": {
				"type": "skinnedmesh",
				"uvs": [ 1, 0.07649, 1, 0.14838, 1, 0.22392, 1, 0.30311, 1, 0.38962, 1, 0.4676, 1, 0.54436, 1, 0.62964, 1, 0.73442, 1, 0.80509, 1, 0.89769, 1, 1, 0, 1, 0, 0.90256, 0, 0.80753, 0, 0.73321, 0, 0.63086, 0, 0.54557, 0, 0.4676, 0, 0.3884, 0, 0.30068, 0, 0.2227, 0, 0.1496, 0, 0.07771, 0, 0, 1, 0 ],
				"triangles": [ 11, 13, 10, 11, 12, 13, 13, 14, 10, 14, 9, 10, 14, 15, 9, 15, 8, 9, 8, 16, 7, 8, 15, 16, 16, 17, 7, 17, 6, 7, 17, 18, 6, 18, 5, 6, 18, 4, 5, 18, 19, 4, 20, 21, 2, 19, 3, 4, 19, 20, 3, 20, 2, 3, 21, 1, 2, 21, 22, 1, 22, 23, 1, 23, 0, 1, 24, 25, 0, 23, 24, 0 ],
				"vertices": [ 2, 11, 92.14, 103.5, 0.5, 14, 3.56, 7.14, 0.5, 2, 11, 42.11, 102.7, 0.15, 14, 53.4, 11.48, 0.85, 2, 14, 105.78, 16.04, 0.5, 29, -0.73, 16.14, 0.5, 2, 29, 54.34, 18.31, 0.85, 35, -59.14, 18.29999, 0.15, 2, 29, 114.5, 20.67, 0.5, 35, 1.02, 20.20999, 0.5, 3, 29, 168.73, 22.8, 0.1275, 35, 55.27, 21.92, 0.7225, 46, -52.79, 21.6, 0.15, 2, 35, 108.67, 23.61, 0.5, 46, 0.6, 22.86, 0.5, 3, 35, 168, 25.49, 0.1275, 46, 59.95, 24.26, 0.7225, 53, -73.48, 24.34, 0.15, 2, 46, 132.86, 25.98, 0.5, 53, -0.56, 25.5, 0.5, 2, 46, 182.03, 27.14, 0.15, 53, 48.6, 26.28, 0.85, 1, 53, 113.04, 27.31, 1, 1, 53, 184.24, 28.44, 1, 1, 53, 185, -19.54, 1, 1, 53, 117.2, -20.62, 1, 2, 46, 184.85, -20.79999, 0.15, 53, 51.06, -21.67, 0.85, 2, 46, 133.14, -22.02, 0.5, 53, -0.64999, -22.5, 0.5, 3, 35, 170.36, -22.45, 0.1275, 46, 61.93, -23.7, 0.7225, 53, -71.87, -23.63, 0.15, 2, 35, 111.03, -24.33, 0.5, 46, 2.58, -25.1, 0.5, 3, 29, 170.62, -25.15, 0.1275, 35, 56.79, -26.04, 0.7225, 46, -51.66, -26.38, 0.15, 2, 29, 115.54, -27.32, 0.5, 35, 1.7, -27.79, 0.5, 2, 29, 54.53, -29.71, 0.85, 35, -59.32, -29.72, 0.15, 2, 14, 109.1, -31.84, 0.5, 29, 0.3, -31.85, 0.5, 2, 11, 40.5, 150.68, 0.15, 14, 58.41, -36.25999, 0.85, 2, 11, 90.53, 151.48, 0.5, 14, 8.57, -40.59999, 0.5, 1, 11, 144.61, 152.34, 1, 1, 11, 145.38, 104.35, 1 ],
				"hull": 26
			}
		},
		"L_xiuzi_": {
			"L_xiuzi_": {
				"type": "skinnedmesh",
				"uvs": [ 1, 0.49668, 1, 0.55627, 1, 0.71765, 1, 1, 0.88323, 1, 0.63541, 1, 0, 1, 0, 0, 0.54765, 0, 0.60445, 0, 0.65435, 0, 1, 0, 0.51495, 0.46068, 0.68705, 0.44951, 0.82817, 0.61586, 0.51914, 0.40166, 0.7404, 0.34523, 0.95036, 0.34786, 0.53896, 0.12245, 0.72285, 0.08049, 0.53122, 0.23153, 0.67845, 0.19254, 0.80436, 0.17628, 0.52517, 0.31667, 0.7077, 0.27323, 0.87196, 0.25571, 0.63343, 0.10089, 0.90045, 0.43461, 0.81989, 0.38962, 0.74493, 0.51773, 0.95447, 0.50063, 0.90565, 0.66176, 0.53433, 0.54744, 0.56161, 0.66957, 0.58533, 0.77578, 0.60478, 0.86285, 0.97947, 0.76728, 0.62142, 0.93736, 0.9249, 0.89924 ],
				"triangles": [ 6, 32, 33, 6, 34, 35, 18, 7, 8, 20, 7, 18, 23, 7, 20, 15, 7, 23, 12, 7, 15, 6, 7, 12, 35, 34, 31, 38, 35, 36, 36, 2, 3, 37, 35, 38, 6, 35, 37, 4, 5, 37, 6, 37, 5, 38, 4, 37, 38, 36, 3, 4, 38, 3, 35, 31, 36, 6, 33, 34, 34, 33, 14, 34, 14, 31, 33, 29, 14, 33, 32, 29, 36, 31, 2, 31, 1, 2, 31, 14, 30, 1, 31, 30, 30, 27, 0, 30, 0, 1, 14, 27, 30, 27, 17, 0, 14, 29, 27, 27, 29, 28, 32, 13, 29, 29, 13, 28, 13, 15, 16, 13, 16, 28, 12, 15, 13, 32, 12, 13, 28, 16, 17, 6, 12, 32, 27, 28, 17, 21, 20, 18, 24, 23, 20, 16, 15, 23, 21, 26, 19, 21, 19, 22, 21, 18, 26, 25, 22, 11, 24, 21, 22, 24, 22, 25, 24, 20, 21, 16, 24, 25, 17, 25, 11, 16, 25, 17, 16, 23, 24, 18, 8, 26, 26, 10, 19, 22, 19, 11, 19, 10, 11, 26, 9, 10, 8, 9, 26, 17, 11, 0 ],
				"vertices": [ 2, 33, 60.14, 151.41, 0.5, 52, -41.13, 129.92, 0.5, 2, 33, 98.43, 174.45, 0.5, 52, 3.1, 123.57, 0.5, 3, 33, 202.13, 236.86, 0.5, 59, 32.56, 107.75, 0.25, 63, -67.29, 108.44, 0.25, 1, 63, 143.65, 89.99, 1, 1, 63, 138.15, 27.06, 1, 1, 63, 126.47, -106.48, 1, 1, 11, -610.55, 158.31, 1, 1, 11, 139.3, 170.25, 1, 1, 15, 59.59, 28.81, 1, 1, 15, 82.23, 49.6, 1, 1, 15, 102.12, 67.86, 1, 1, 15, 239.87, 194.36, 1, 1, 33, 172.29, -87.33, 1, 1, 33, 117.11, -11.88, 1, 3, 33, 184.64, 117.85, 0.5, 41, 151.72, 25.71, 0.25, 52, 34.14, 25.21, 0.25, 2, 24, 152.86, -168.84, 0.5, 11, -157.41, -115.35, 0.5, 2, 24, 179.28, -44.64, 0.5, 33, 35.22, -27.47, 0.5, 3, 24, 240.28, 51.2, 0.4, 33, -21.65, 70.86, 0.4, 41, -38.59999, 118.16, 0.2, 2, 24, -20.14, -50.32, 0.5, 11, 52.12, -122.73, 0.5, 2, 15, 170.25, 48.46, 0.5, 24, 4.96, 50.95, 0.5, 2, 24, 47.44, -96.63, 0.5, 11, -29.73, -119.85, 0.5, 2, 15, 209.41, -29.69, 0.1, 24, 64.1, -13.42, 0.9, 2, 15, 251.34, 25.36, 0.1, 24, 89.27, 51.04, 0.9, 2, 24, 100.19, -132.77, 0.5, 11, -93.63, -117.6, 0.5, 2, 24, 123.98, -31.53, 0.85, 33, -1.92, -70.46, 0.15, 2, 24, 159.18, 51.11, 0.85, 33, -58.99, -1.1, 0.15, 2, 15, 144.97, 4.46, 0.5, 24, -7.24, 1.7, 0.5, 3, 33, 48.02, 81.26999, 0.5, 41, 22.26, 82.68, 0.25, 52, -94.85, 83.22, 0.25, 2, 33, 41.58, 26.53, 0.5, 41, -17.01, 44.01, 0.5, 3, 33, 144.81, 41.32, 0.425, 41, 72.76, -9.04, 0.425, 59, -128.82, -16.65, 0.15, 2, 33, 75.37, 131.84, 0.5, 52, -41.68999, 105.11, 0.5, 5, 33, 192.53, 171.51, 0.45292, 41, 191.45, 62.64, 0.01076, 52, 74.17, 61.81, 0.22646, 59, -13.64, 60.55, 0.15, 63, -113.49, 61.25, 0.15985, 3, 33, 222.64, -44.8, 0.425, 41, 79.57, -124.93, 0.425, 59, -116.55, -132.08, 0.15, 2, 41, 172.32, -122.58, 0.5, 52, 53.54, -123.25, 0.5, 4, 41, 252.97, -120.54, 0.01467, 52, 134.21, -121.86, 0.61741, 59, 56.43, -119.52, 0.15, 63, -43.41, -118.82, 0.21791, 2, 59, 122.41, -114.73, 0.5, 63, 22.56, -114.03, 0.5, 2, 59, 68.66, 93.44, 0.5, 63, -31.18, 94.14, 0.5, 2, 59, 178.86, -110.63, 0.15, 63, 79.01, -109.93, 0.85, 2, 59, 164.68, 55.41, 0.15, 63, 64.83, 56.11, 0.85 ],
				"hull": 12
			}
		},
		"L_yijin_": {
			"L_yijin_": {
				"type": "skinnedmesh",
				"uvs": [ 1, 0.22398, 1, 0.40472, 1, 0.5729, 1, 0.75364, 1, 1, 0, 1, 0, 0.75113, 0, 0.57039, 0, 0.3997, 0, 0.22649, 0, 0, 1, 0 ],
				"triangles": [ 8, 0, 1, 8, 9, 0, 9, 10, 0, 10, 11, 0, 6, 2, 3, 7, 1, 2, 7, 8, 1, 6, 7, 2, 5, 3, 4, 5, 6, 3 ],
				"vertices": [ 1, 15, 49.62, 18.56, 1, 2, 4, 184.69, -114.19, 0.5, 15, 91.56, -27.1, 0.5, 2, 4, 127, -113.73, 0.8, 15, 130.58, -69.6, 0.2, 2, 1, 186.78, -112.5, 0.5, 4, 65.01, -113.25, 0.5, 1, 1, 102.28, -113.17, 1, 1, 1, 101.74, -44.17, 1, 2, 1, 187.1, -43.5, 0.5, 4, 66.42, -44.26, 0.5, 2, 4, 128.41, -44.74, 0.8, 15, 79.17, -115.64, 0.2, 2, 4, 186.95, -45.2, 0.5, 15, 39.56, -72.51, 0.5, 1, 15, -0.62, -28.74, 1, 1, 15, -53.18, 28.48, 1, 1, 15, -2.33999, 75.16, 1 ],
				"hull": 12
			}
		},
		"R_dapie_": {
			"R_dapie_": {
				"type": "skinnedmesh",
				"uvs": [ 1, 0.16373, 1, 0.45703, 1, 0.58851, 1, 0.77225, 1, 0.91552, 1, 1, 0.34531, 1, 0, 1, 0, 0.87837, 0, 0.70981, 0, 0.53619, 0, 0.35919, 0, 0.16366, 0, 0, 0.31601, 0, 1, 0, 0.65404, 0.08091, 0.40023, 0.91885, 0.58075, 0.32286, 0.53279, 0.4812, 0.48265, 0.64673, 0.44051, 0.78587 ],
				"triangles": [ 21, 17, 9, 17, 21, 4, 17, 8, 9, 6, 7, 8, 17, 6, 8, 5, 17, 4, 6, 17, 5, 19, 11, 18, 10, 11, 19, 19, 1, 2, 20, 10, 19, 9, 10, 20, 20, 19, 2, 3, 20, 2, 21, 20, 3, 21, 9, 20, 4, 21, 3, 16, 14, 15, 12, 13, 14, 16, 15, 0, 18, 14, 16, 12, 14, 18, 11, 12, 18, 18, 16, 0, 1, 18, 0, 19, 18, 1 ],
				"vertices": [ 1, 15, 95.97, 70.05, 1, 1, 15, 181.1, -22.6, 1, 2, 15, 219.26, -64.14, 0.2, 4, 70.51999, -182.29, 0.8, 1, 4, -8.28, -181.68, 1, 2, 4, -69.73, -181.21, 0.5, 1, 53.11, -182.58, 0.5, 1, 1, 16.87999, -182.87, 1, 1, 1, 16.12, -87.96, 1, 1, 1, 15.71, -37.91, 1, 1, 1, 67.87999, -37.48, 1, 2, 4, 19.6, -36.91999, 0.5, 1, 140.18, -36.9, 0.5, 1, 4, 94.07, -37.49, 1, 2, 15, 45.92, -89.79, 0.2, 4, 169.98, -38.07, 0.8, 1, 15, -10.82, -28.01, 1, 1, 15, -58.32, 23.68, 1, 1, 15, -24.57, 54.68, 1, 1, 15, 48.45, 121.78, 1, 1, 15, 35, 62.28, 1, 1, 1, 50.98, -95.64, 1, 1, 15, 97.39, -21.34, 1, 2, 15, 138.22, -76.07, 0.2, 4, 117.06, -114.91, 0.8, 1, 4, 46.12, -107.1, 1, 2, 4, -13.5, -100.53, 0.5, 1, 108.07, -101.02, 0.5 ],
				"hull": 16
			}
		},
		"R_hand_": {
			"R_hand_": {
				"type": "skinnedmesh",
				"uvs": [ 1, 0.53603, 1, 0.68759, 1, 0.92033, 1, 1, 0.74412, 1, 0, 1, 0, 0.57933, 0, 0.40884, 0, 0.18151, 0, 0, 0.27565, 0, 0.47526, 0, 0.78893, 0, 1, 0, 0.20639, 0.80937, 0.62191, 0.6091, 0.55266, 0.4359, 0.68302, 0.59016, 0.87855, 0.74442, 0.91114, 0.24105, 0.48341, 0.43319, 0.22388, 0.42012, 0.40034, 0.71589, 0.07936, 0.66779, 0.3141, 0.57135, 0.54521, 0.51169, 0.44845, 0.89518, 0.5844, 0.8031, 0.75489, 0.71856, 0.8489, 0.92841, 0.91755, 0.85246, 0.47923, 0.21111, 0.83263, 0.08618, 0.21054, 0.19451 ],
				"triangles": [ 17, 16, 19, 19, 0, 17, 18, 28, 17, 17, 0, 18, 1, 18, 0, 30, 18, 1, 17, 25, 16, 19, 13, 0, 19, 16, 31, 19, 31, 32, 31, 12, 32, 19, 32, 13, 29, 28, 30, 27, 28, 29, 4, 27, 29, 29, 30, 2, 3, 29, 2, 4, 29, 3, 15, 17, 28, 28, 18, 30, 30, 1, 2, 27, 15, 28, 27, 22, 15, 26, 22, 27, 26, 27, 4, 5, 26, 4, 14, 22, 26, 5, 14, 26, 5, 23, 14, 15, 25, 17, 24, 20, 25, 22, 24, 25, 22, 25, 15, 25, 20, 16, 23, 6, 21, 24, 23, 21, 14, 23, 24, 5, 6, 23, 14, 24, 22, 24, 21, 20, 6, 7, 21, 31, 16, 20, 7, 33, 21, 21, 31, 20, 7, 8, 33, 21, 33, 31, 33, 10, 31, 33, 8, 9, 32, 12, 13, 31, 11, 12, 10, 11, 31, 10, 33, 9 ],
				"vertices": [ 1, 62, 41.07, 13.88, 1, 1, 62, 61.4, 6.37, 1, 1, 61, 61.84, 10.32, 1, 1, 61, 67.79, 0.6, 1, 1, 61, 47.05, -12.08, 1, 1, 61, -13.24, -48.96, 1, 1, 55, 13.43, -21.24, 1, 2, 42, 58.93, -12.99, 0.5, 55, -8.29, -10.17, 0.5, 1, 42, 28.37, -24.05, 1, 1, 39, 175.33, -33.11, 1, 1, 39, 173.91, -6.96, 1, 1, 39, 172.89, 11.97, 1, 1, 39, 171.27, 41.72, 1, 1, 39, 170.18, 61.74, 1, 2, 55, 51.64, -18.69, 0.5, 61, -10.74, -15.48, 0.5, 2, 55, 44.04, 29.47, 0.5, 61, 7.98, 29.54, 0.5, 2, 56, 41.68999, -24.63, 0.5, 62, 12.92, -21.01, 0.5, 1, 62, 37.9, -17.04, 1, 1, 62, 65.03, -7.25, 1, 2, 56, 46.21, 19.12999, 0.5, 62, -1.41, 20.58, 0.5, 2, 42, 46.58, 31.37, 0.5, 55, 15.65, 29.16, 0.5, 2, 42, 53.21, 7.55, 0.5, 55, 2.79, 8.04, 0.5, 2, 55, 48.09, 3.78, 0.5, 61, -2, 5.53, 0.5, 2, 55, 28.12, -20.26, 0.8, 61, -31.6, -4.51, 0.2, 2, 55, 25.96, 5.86, 0.8, 61, -19.77, 18.89, 0.2, 2, 55, 28.32, 29.3, 0.8, 61, -5.5, 37.62, 0.2, 2, 55, 73.01, -3.77, 0.2, 61, 15.27, -13.95, 0.8, 2, 55, 67.14, 13.7, 0.2, 61, 19.42, 4.01, 0.8, 2, 55, 63.72, 33.62, 0.2, 61, 26.92, 22.78, 0.8, 1, 61, 50.2, 1.84, 1, 1, 61, 50.1, 14.51, 1, 2, 42, 16.85, 20.19, 0.5, 56, 14.08, -6.74, 0.5, 1, 56, 25.31, 29.59, 1, 1, 42, 23.31, -4.61, 1 ],
				"hull": 14
			}
		},
		"R_houxiubai_": {
			"R_houxiubai_": {
				"type": "skinnedmesh",
				"uvs": [ 1, 0.27712, 1, 0.44463, 1, 0.68283, 1, 0.87032, 1, 1, 0.68309, 1, 0.42616, 1, 0.24025, 1, 0.13162, 1, 0, 1, 0, 0.76735, 0, 0.65363, 0, 0.56911, 0, 0, 0.80633, 0, 1, 0, 0.20473, 0.18184, 0.54832, 0.06315, 0.35288, 0.13066, 0.07382, 0.42946, 0.31297, 0.43868, 0.49881, 0.44283, 0.75145, 0.44529, 0.28357, 0.6656, 0.4692, 0.66989, 0.72292, 0.67683, 0.04026, 0.83852, 0.26001, 0.84748, 0.44588, 0.84872, 0.70102, 0.85448, 0.15373, 0.27832, 0.33233, 0.28928, 0.51902, 0.2878, 0.77089, 0.2876 ],
				"triangles": [ 28, 24, 29, 27, 23, 28, 28, 23, 24, 5, 29, 4, 29, 3, 4, 5, 28, 29, 7, 8, 27, 9, 26, 8, 8, 26, 27, 9, 10, 26, 29, 25, 3, 27, 26, 23, 26, 10, 23, 25, 2, 3, 29, 24, 25, 10, 11, 23, 6, 28, 5, 7, 27, 6, 6, 27, 28, 22, 1, 2, 25, 21, 22, 24, 20, 21, 23, 19, 20, 12, 13, 19, 25, 22, 2, 23, 12, 19, 24, 21, 25, 23, 20, 24, 23, 11, 12, 22, 33, 1, 19, 13, 30, 31, 18, 32, 22, 32, 33, 33, 0, 1, 33, 14, 0, 32, 17, 33, 21, 31, 32, 20, 30, 31, 30, 16, 31, 21, 32, 22, 20, 31, 21, 19, 30, 20, 33, 17, 14, 14, 15, 0, 31, 16, 18, 32, 18, 17, 30, 13, 16, 16, 13, 18, 18, 13, 17, 17, 13, 14 ],
				"vertices": [ 2, 43, 31.91, 136.04, 0.8, 50, -77.81, 136.86, 0.2, 2, 43, 92.84, 144.19, 0.5, 50, -16.81, 144.52, 0.5, 2, 50, 69.92, 155.4, 0.5, 58, -9.92, 156.69, 0.5, 2, 50, 138.19, 163.97, 0.2, 58, 58.85, 158.82, 0.8, 1, 58, 106.42, 160.29, 1, 1, 58, 109.06, 74.76, 1, 1, 58, 111.2, 5.42, 1, 1, 58, 112.75, -44.74, 1, 1, 58, 113.65, -74.05, 1, 1, 58, 114.75, -109.57, 1, 2, 50, 134.31, -108.63, 0.2, 58, 29.41, -112.21, 0.8, 2, 50, 92.9, -113.82, 0.5, 58, -12.3, -113.5, 0.5, 2, 43, 173.89, -117.37, 0.2, 50, 62.12, -117.68, 0.8, 1, 39, 151.3, -180.63, 1, 1, 39, 139.49, 36.75, 1, 1, 39, 136.66, 88.96, 1, 1, 39, 214.94, -121.81, 1, 1, 39, 166.41, -31.54, 1, 1, 39, 194.02, -82.89, 1, 2, 43, 120.45, -104.4, 0.5, 50, 8.79, -104.29, 0.5, 2, 43, 115.25, -39.95, 0.5, 50, 4.1, -39.8, 0.5, 2, 43, 110.11, 9.97, 0.5, 50, -0.62, 10.17, 0.5, 2, 43, 101.97, 77.69999, 0.5, 50, -8.22, 77.96, 0.5, 2, 50, 87.72, -37.31, 0.5, 58, -10.27, -36.83, 0.5, 2, 50, 83.05, 12.61, 0.5, 58, -10.24, 13.3, 0.5, 2, 50, 77.05, 80.9, 0.5, 58, -9.81, 81.85, 0.5, 2, 50, 158.87, -94.59, 0.2, 58, 55.18, -100.54, 0.8, 2, 50, 154.75, -35.31, 0.2, 58, 56.64, -41.13, 0.8, 2, 50, 148.95, 14.53, 0.2, 58, 55.54, 9.03, 0.8, 2, 50, 142.47, 83.15, 0.2, 58, 55.53, 77.94999, 0.8, 2, 43, 62.62, -90.37, 0.8, 50, -48.92, -89.79, 0.2, 2, 43, 60.21, -42.04, 0.8, 50, -50.94, -41.43999, 0.2, 2, 43, 53, 7.84, 0.8, 50, -57.75, 8.5, 0.2, 2, 43, 43.92, 75.24, 0.8, 50, -66.29, 75.96, 0.2 ],
				"hull": 16
			}
		},
		"R_piaodai_": {
			"R_piaodai_": {
				"type": "skinnedmesh",
				"uvs": [ 1, 0.11111, 1, 0.21665, 1, 0.29239, 1, 0.38551, 1, 0.46869, 1, 0.56678, 1, 0.64376, 1, 0.74557, 1, 0.83869, 1, 0.9194, 1, 1, 0, 1, 0, 0.92064, 0, 0.83869, 0, 0.74433, 0, 0.64376, 0, 0.5643, 0, 0.46869, 0, 0.38178, 0, 0.29114, 0, 0.21417, 0, 0.11111, 0, 0, 1, 0 ],
				"triangles": [ 13, 14, 7, 10, 12, 9, 10, 11, 12, 12, 13, 9, 13, 8, 9, 13, 7, 8, 14, 6, 7, 15, 16, 5, 14, 15, 6, 15, 5, 6, 17, 18, 3, 16, 4, 5, 16, 17, 4, 17, 3, 4, 19, 20, 1, 18, 2, 3, 18, 19, 2, 19, 1, 2, 20, 0, 1, 20, 21, 0, 21, 23, 0, 21, 22, 23 ],
				"vertices": [ 3, 11, 77.11, -124.76, 0.42538, 16, 40.53, 29.56, 0.42461, 30, -74.3, 26.21, 0.15, 2, 16, 112.51, 25.62, 0.5, 30, -2.23, 25.09, 0.5, 3, 16, 164.16, 22.8, 0.15, 30, 49.49, 24.29, 0.84999, 47, -183.02, 22.55, 0, 3, 30, 113.08, 23.3, 0.49984, 36, 1.22, 23.69, 0.5, 47, -119.43, 21.56, 1.5E-4, 3, 30, 169.89, 22.42, 0.1275, 36, 58.01, 21.91, 0.7225, 47, -62.62, 20.68, 0.15, 2, 36, 124.97, 19.82, 0.5, 47, 4.35, 19.64, 0.5, 2, 47, 56.92, 18.83, 0.85, 54, -67.17, 19.94, 0.15, 2, 47, 126.45, 17.75, 0.5, 54, 2.33999, 18.32, 0.5, 2, 47, 190.04, 16.76, 0.15, 54, 65.92, 16.85, 0.85, 2, 47, 245.16, 15.9, 0, 54, 121.03, 15.57, 0.99999, 1, 54, 176.06, 14.29, 1, 1, 54, 174.99, -31.69, 1, 1, 54, 120.81, -30.43, 1, 2, 47, 189.33, -29.23, 0.15, 54, 64.85, -29.13, 0.85, 2, 47, 124.89, -28.22, 0.5, 54, 0.42, -27.64, 0.5, 2, 47, 56.21, -27.16, 0.85, 54, -68.24, -26.04, 0.15, 2, 36, 121.84, -26.09, 0.5, 47, 1.94, -26.32, 0.5, 3, 30, 169.17, -23.57, 0.1275, 36, 56.57, -24.05, 0.7225, 47, -63.34, -25.3, 0.15, 2, 30, 109.82, -22.65, 0.5, 36, -2.75, -22.2, 0.5, 2, 16, 160.8, -23.08, 0.15, 30, 47.92, -21.69, 0.85, 2, 16, 108.3, -20.2, 0.5, 30, -4.64, -20.87, 0.5, 4, 11, 76.37999, -78.76, 0.425, 16, 38.02, -16.36, 0.425, 30, -75.01, -19.78, 0.15, 47, -307.53, -21.51, 0, 1, 11, 152.26, -77.56, 1, 1, 11, 153, -123.55, 1 ],
				"hull": 24
			}
		},
		"R_qianxiubai_": {
			"R_qianxiubai_": {
				"type": "skinnedmesh",
				"uvs": [ 1, 0.19209, 1, 0.35449, 1, 0.50186, 1, 0.66465, 1, 0.83184, 1, 1, 0.70678, 1, 0.32585, 1, 0, 1, 0, 0.83184, 0, 0.65891, 0, 0.50692, 0, 0.35258, 0, 0.18873, 0, 0, 0.33033, 0, 0.7023, 0, 1, 0, 0.32577, 0.3532, 0.32955, 0.6608, 0.70234, 0.35392, 0.69775, 0.66291, 0.32769, 0.83191, 0.70227, 0.83183, 0.32764, 0.50526, 0.70012, 0.50348, 0.32785, 0.19217, 0.70232, 0.19041 ],
				"triangles": [ 7, 8, 9, 6, 7, 23, 6, 4, 5, 23, 21, 3, 23, 3, 4, 22, 9, 10, 19, 22, 10, 22, 19, 21, 22, 21, 23, 22, 7, 9, 6, 23, 4, 7, 22, 23, 10, 11, 24, 21, 19, 24, 10, 24, 19, 25, 21, 24, 25, 2, 3, 21, 25, 3, 20, 1, 2, 25, 18, 20, 25, 20, 2, 24, 18, 25, 11, 12, 18, 11, 18, 24, 18, 12, 13, 18, 26, 20, 20, 0, 1, 26, 13, 14, 27, 17, 0, 27, 26, 15, 26, 18, 13, 20, 27, 0, 26, 27, 20, 27, 16, 17, 15, 26, 14, 27, 15, 16 ],
				"vertices": [ 3, 39, 249.93, 63.07, 0.1, 44, 48.13, 62.34, 0.80999, 51, -52.9, 58.5, 0.09, 2, 44, 99.44, 61.46, 0.5, 51, -1.64, 60.85, 0.5, 3, 44, 146.01, 60.67, 0.1722, 51, 44.87, 62.98, 0.67779, 60, -45.36, 65.15, 0.15, 2, 51, 96.26, 65.33999, 0.5, 60, 6.07, 65.48, 0.5, 2, 51, 149.03, 67.76, 0.15, 60, 58.9, 65.81, 0.85, 1, 60, 112.04, 66.15, 1, 1, 60, 112.29, 26.56, 1, 1, 60, 112.62, -24.85, 1, 1, 60, 112.89, -68.83999, 1, 2, 51, 155.22, -67.08999, 0.15, 60, 59.76, -69.18, 0.85, 2, 51, 100.63, -69.58999, 0.5, 60, 5.11, -69.51999, 0.5, 3, 44, 145.3, -74.33, 0.1722, 51, 52.65, -71.79, 0.67779, 60, -42.91, -69.82, 0.15, 2, 44, 96.54, -73.5, 0.5, 51, 3.93, -74.03, 0.5, 3, 39, 256.19, -71.78, 0.1, 44, 44.77, -72.61, 0.80999, 51, -47.78, -76.4, 0.09, 1, 39, 196.64, -75.01, 1, 1, 39, 194.22, -30.48, 1, 1, 39, 191.5, 19.65, 1, 1, 39, 189.32, 59.78, 1, 2, 44, 97.48, -29.53, 0.5, 51, 2.10999, -30.08, 0.5, 2, 51, 99.19, -25.12, 0.5, 60, 5.43, -25.03, 0.5, 2, 44, 98.58, 21.29, 0.5, 51, 0.01, 20.7, 0.5, 2, 51, 97.58, 24.55, 0.5, 60, 5.78, 24.67, 0.5, 2, 51, 153.21, -22.89, 0.15, 60, 59.5, -24.94, 0.85, 2, 51, 150.87, 27.61, 0.15, 60, 59.15, 25.62, 0.85, 3, 44, 145.53, -30.1, 0.1722, 51, 50.1, -27.63, 0.67779, 60, -43.71, -25.6, 0.15, 3, 44, 145.83, 20.18, 0.1722, 51, 47.24, 22.57, 0.67779, 60, -44.59, 24.67, 0.15, 3, 39, 254.88, -27.52, 0.1, 44, 46.61, -28.38, 0.80999, 51, -48.72, -32.13, 0.09, 3, 39, 251.58, 22.92, 0.1, 44, 46.92, 22.17, 0.80999, 51, -51.59, 18.33, 0.09 ],
				"hull": 18
			}
		},
		"R_yijin_": {
			"R_yijin_": {
				"type": "skinnedmesh",
				"uvs": [ 1, 0.10478, 1, 0.3269, 1, 0.52655, 1, 0.72621, 1, 1, 0, 1, 0, 0.71872, 0, 0.52156, 0, 0.31941, 0, 0.10478, 0, 0, 1, 0 ],
				"triangles": [ 10, 11, 0, 9, 10, 0, 8, 9, 0, 8, 0, 1, 5, 6, 3, 5, 3, 4, 7, 1, 2, 6, 7, 2, 6, 2, 3, 7, 8, 1 ],
				"vertices": [ 1, 13, -37.49, 4.25, 1, 2, 4, 212.6, 35.59, 0.5, 13, 17.32, 59.05, 0.5, 2, 4, 142.92, 36.13, 0.8, 13, 66.6, 108.31, 0.2, 2, 4, 73.24, 36.68, 0.5, 1, 192.65, 37.54, 0.5, 1, 1, 97.1, 36.78, 1, 1, 1, 96.32, 135.78, 1, 2, 4, 76.62999, 135.66, 0.5, 1, 194.49, 136.55, 0.5, 2, 4, 145.44, 135.12, 0.8, 13, 135.36, 37.06, 0.2, 2, 4, 215.99, 134.56, 0.5, 13, 85.47, -12.8, 0.5, 1, 13, 32.49, -65.76, 1, 1, 13, 6.63, -91.61, 1, 1, 13, -63.35, -21.6, 1 ],
				"hull": 12
			}
		},
		"Tou_": {
			"Tou_": { "x": -232.97, "y": 6.69, "rotation": -89.98, "width": 234, "height": 996 }
		},
		"beijing_": {
			"beijing_": { "y": 566.89, "width": 900, "height": 1136 }
		},
		"dise_": {
			"dise_": { "y": 120, "width": 900, "height": 250 }
		},
		"jianbing_": {
			"jianbing_": { "x": -20.07, "y": 0.29, "rotation": 77.93, "width": 59, "height": 90 }
		},
		"peijian_": {
			"peijian_": { "x": 220.4, "y": -87.45, "rotation": 77.93, "width": 326, "height": 597 }
		},
		"xiaqunbai_": {
			"xiaqunbai_": {
				"type": "skinnedmesh",
				"uvs": [ 1, 0.174, 1, 0.33806, 1, 0.45285, 1, 0.57456, 1, 0.69627, 1, 0.81952, 1, 0.9212, 1, 1, 0.76901, 1, 0.52281, 1, 0.23245, 1, 0, 1, 0, 0.91965, 0, 0.81951, 0, 0.6901, 0, 0.57301, 0, 0.4513, 0, 0.33032, 0, 0.16474, 0, 0, 0.23707, 0, 0.53053, 0, 0.76441, 0, 1, 0, 0.52796, 0.33283, 0.5261, 0.57445, 0.52419, 0.82091, 0.24168, 0.33147, 0.23862, 0.57366, 0.23709, 0.82015, 0.76603, 0.33547, 0.76594, 0.57451, 0.76595, 0.82021, 0.23938, 0.16617, 0.52924, 0.1677, 0.76524, 0.17083, 0.24017, 0.45115, 0.52706, 0.44981, 0.76599, 0.45131, 0.23789, 0.69168, 0.52517, 0.69472, 0.76595, 0.69627, 0.23452, 0.91983, 0.52339, 0.92427, 0.76772, 0.92396 ],
				"triangles": [ 10, 42, 9, 9, 42, 43, 42, 10, 12, 10, 11, 12, 42, 29, 43, 29, 42, 13, 42, 12, 13, 9, 43, 44, 8, 6, 7, 8, 9, 44, 8, 44, 6, 43, 32, 44, 6, 44, 5, 44, 32, 5, 43, 26, 32, 32, 41, 5, 41, 4, 5, 41, 3, 4, 41, 31, 3, 40, 25, 41, 32, 26, 40, 32, 40, 41, 25, 31, 41, 43, 29, 26, 40, 26, 39, 26, 29, 39, 29, 13, 39, 13, 14, 39, 39, 28, 40, 39, 14, 28, 14, 15, 28, 31, 37, 38, 38, 37, 30, 25, 37, 31, 31, 2, 3, 31, 38, 2, 38, 1, 2, 38, 30, 1, 40, 28, 25, 28, 36, 25, 25, 36, 37, 36, 28, 16, 28, 15, 16, 16, 17, 36, 36, 27, 37, 36, 17, 27, 37, 24, 30, 30, 0, 1, 24, 35, 30, 30, 35, 0, 24, 34, 35, 35, 23, 0, 35, 34, 22, 18, 20, 33, 24, 27, 34, 17, 33, 27, 27, 33, 34, 17, 18, 33, 34, 33, 21, 37, 27, 24, 34, 21, 22, 35, 22, 23, 33, 20, 21, 18, 19, 20 ],
				"vertices": [ 2, 6, 100.27, 155.21, 0.85, 12, -55.01, 152.66, 0.15, 2, 6, 178.13, 142.36, 0.5, 12, 23.21, 142.26, 0.5, 3, 6, 232.61, 133.37, 0.1275, 12, 77.94, 134.99, 0.7225, 20, -46.01, 135.29, 0.15, 2, 12, 135.97, 127.28, 0.5, 20, 12.01, 127.58, 0.5, 3, 12, 194.01, 119.57, 0.1275, 20, 70.05, 119.87, 0.7225, 28, -46.52, 121.54, 0.15, 2, 20, 128.81, 112.06, 0.5, 28, 12.1, 112.8, 0.5, 2, 20, 177.29, 105.62, 0.15, 28, 60.48, 105.6, 0.85, 3, 19, 131.55, 370.69, 0, 20, 214.86, 100.62, 0.14889, 28, 97.96, 100.02, 0.8511, 6, 1, -467.68, -117.31, 0, 5, 430.23, 251.97, 0, 19, 154.04, 261.66, 0.00863, 20, 200.2, -9.72999, 0.01311, 28, 81.56, -10.09, 0.96827, 27, 23.03, 261.91, 0.00997, 2, 28, 64.08, -127.47, 0.5, 27, 47.01, 145.7, 0.5, 1, 27, 75.29, 8.64, 1, 1, 27, 97.92, -101.08, 1, 2, 19, 191.09, -109.14, 0.15, 27, 60.08, -108.88, 0.85, 2, 19, 143.92, -118.87, 0.5, 27, 12.91, -118.62, 0.5, 3, 10, 204.8, -133.76, 0.15, 19, 82.96, -131.45, 0.7225, 27, -48.04, -131.19, 0.1275, 2, 10, 149.39, -143.83, 0.5, 19, 27.8, -142.83, 0.5, 3, 5, 230.36, -156.76, 0.15, 10, 91.79, -154.29, 0.7225, 19, -29.52, -154.65, 0.1275, 2, 5, 172.96, -166.26, 0.5, 10, 34.54, -164.69, 0.5, 2, 5, 94.38, -179.26, 0.85, 10, -43.8, -178.92, 0.15, 1, 1, 10.35, 257.1, 1, 1, 1, 11.25, 142.84, 1, 1, 1, 12.36, 1.4, 1, 1, 1, 13.25, -111.31, 1, 1, 1, 14.14, -224.85, 1, 2, 5, 132.61, 84.98, 0.5, 6, 138.6, -81.69999, 0.5, 2, 10, 104.76, 105.77, 0.5, 12, 105.83, -99.13, 0.5, 2, 19, 93.53, 128.69, 0.5, 20, 99.27, -115.35, 0.5, 2, 5, 154.49, -51.25, 0.5, 10, 14.27, -49.98, 0.5, 2, 10, 129.14, -30.61, 0.5, 19, 4.87, -30.13, 0.5, 2, 19, 121.12, -6.89, 0.5, 27, -9.87, -6.64, 0.5, 2, 6, 158.54, 31.3, 0.5, 12, 7.12, 30.64, 0.5, 2, 12, 121.09, 15.45, 0.5, 20, -2.86, 15.75, 0.5, 2, 20, 114.28, 0.19, 0.5, 28, -4.17999, 1.17999, 0.5, 2, 5, 76.23, -65.32, 0.85, 10, -63.75, -65.28, 0.15, 2, 5, 54.15, 72.62, 0.5, 6, 60.33, -68.16, 0.5, 2, 6, 80.33999, 43.82, 0.85, 12, -71.42, 40.68999, 0.15, 3, 5, 211.4, -42.57, 0.15, 10, 71.03, -40.41, 0.7225, 19, -52.98, -41.3, 0.1275, 2, 10, 45.69, 95.51, 0.5, 12, 46.46, -90.77, 0.5, 3, 6, 213.51, 22.21, 0.1275, 12, 62.35, 23.28, 0.7225, 20, -61.6, 23.58, 0.15, 3, 10, 185.05, -20.82, 0.15, 19, 60.53, -19, 0.7225, 27, -70.47, -18.75, 0.1275, 2, 19, 33.99, 116.89, 0.5, 20, 39.16, -106.89, 0.5, 3, 12, 179.14, 7.74, 0.1275, 20, 55.19, 8.04, 0.7225, 28, -63.14, 9.96, 0.15, 2, 19, 168.33, 1.57, 0.15, 27, 37.32, 1.82, 0.85, 2, 28, 28.1, -121.82, 0.5, 27, 11.28, 138.61, 0.5, 2, 20, 163.86, -5.53, 0.15, 28, 45.3, -5.32, 0.85 ],
				"hull": 24
			}
		},
		"yanwu_": {
			"yanwu_": {
				"type": "mesh",
				"uvs": [ 1, 0.38105, 1, 0.73272, 1, 1, 0.83361, 1, 0.67029, 1, 0.52058, 1, 0.34667, 1, 0.17276, 1, 0, 1, 0, 0.85716, 0, 0.61071, 0, 0, 0.17428, 0, 0.34818, 0, 0.51604, 0, 0.71717, 0, 0.82907, 0, 1, 0, 0.34818, 0.61497, 0.6718, 0.38955, 0.518, 0.49668, 0.17426, 0.61284, 0.83084, 0.38889, 0.51926, 0.74235, 0.67093, 0.73905, 0.83242, 0.73903, 0.34723, 0.85674, 0.1733, 0.86034 ],
				"triangles": [ 16, 17, 0, 22, 16, 0, 19, 14, 15, 15, 16, 22, 19, 15, 22, 20, 14, 19, 10, 11, 12, 13, 14, 20, 21, 12, 13, 21, 10, 12, 21, 13, 18, 20, 18, 13, 22, 0, 1, 25, 22, 1, 24, 20, 19, 23, 18, 20, 19, 22, 25, 24, 19, 25, 24, 23, 20, 26, 21, 18, 26, 18, 23, 9, 10, 21, 27, 9, 21, 26, 27, 21, 8, 9, 27, 7, 8, 27, 6, 27, 26, 7, 27, 6, 4, 5, 23, 26, 23, 5, 6, 26, 5, 24, 4, 23, 2, 3, 25, 4, 24, 25, 3, 4, 25, 2, 25, 1 ],
				"vertices": [ 188.47, 450.84, 75.94, 451.72, -9.58, 452.39, -10.75, 302.65, -11.91, 155.67, -12.97, 20.93, -14.2, -135.57, -15.43, -292.08, -16.65, -447.57, 29.05, -447.92, 107.9, -448.54, 303.33, -450.08, 304.56, -293.23, 305.79, -136.72, 306.98, 14.33, 308.4, 195.34, 309.19, 296.05, 310.4, 449.88, 109.01, -135.18, 183.43, 155.49, 148.06, 17.34, 108.46, -291.71, 184.76, 298.62, 69.46, 19.1, 71.58999, 155.59, 72.73, 300.93, 31.64, -135.42, 29.25, -291.94 ],
				"hull": 18
			}
		},
		"yanwu_2": {
			"yanwu_": {
				"type": "mesh",
				"uvs": [ 1, 0.38105, 1, 0.73272, 1, 1, 0.83361, 1, 0.67029, 1, 0.52058, 1, 0.34667, 1, 0.17276, 1, 0, 1, 0, 0.85716, 0, 0.61071, 0, 0, 0.17428, 0, 0.34818, 0, 0.51604, 0, 0.71717, 0, 0.82907, 0, 1, 0, 0.34818, 0.61497, 0.6718, 0.38955, 0.518, 0.49668, 0.17426, 0.61284, 0.83084, 0.38889, 0.51926, 0.74235, 0.67093, 0.73905, 0.83242, 0.73903, 0.34723, 0.85674, 0.1733, 0.86034 ],
				"triangles": [ 16, 17, 0, 22, 16, 0, 19, 14, 15, 15, 16, 22, 19, 15, 22, 20, 14, 19, 10, 11, 12, 13, 14, 20, 21, 12, 13, 21, 10, 12, 21, 13, 18, 20, 18, 13, 22, 0, 1, 25, 22, 1, 24, 20, 19, 23, 18, 20, 19, 22, 25, 24, 19, 25, 24, 23, 20, 26, 21, 18, 26, 18, 23, 9, 10, 21, 27, 9, 21, 26, 27, 21, 8, 9, 27, 7, 8, 27, 6, 27, 26, 7, 27, 6, 4, 5, 23, 26, 23, 5, 6, 26, 5, 24, 4, 23, 2, 3, 25, 4, 24, 25, 3, 4, 25, 2, 25, 1 ],
				"vertices": [ 199.29, -448.44, 86.75, -449.32, 1.23, -450, 0.05, -300.25, -1.09, -153.27, -2.15, -18.53, -3.38, 137.97, -4.61, 294.48, -5.84, 449.96, 39.86, 450.32, 118.72, 450.94, 314.14, 452.48, 315.38, 295.63, 316.61, 139.12, 317.79, -11.94, 319.22, -192.94, 320.01, -293.65, 321.22, -447.48, 119.82, 137.57, 194.24, -153.09, 158.87, -14.95, 119.27, 294.1, 195.58, -296.22, 80.26999, -16.7, 82.4, -153.19, 83.55, -298.53, 42.45, 137.82, 40.07, 294.34 ],
				"hull": 18
			}
		},
		"yaofen_": {
			"yaofen_": {
				"type": "mesh",
				"uvs": [ 1, 0.23218, 1, 0.47536, 1, 0.77915, 1, 1, 0.47052, 1, 0, 1, 0, 0.77064, 0, 0.46957, 0, 0.23218, 0, 0, 0.47288, 0, 1, 0, 0.47175, 0.47821, 0.47232, 0.2351, 0.47106, 0.77073 ],
				"triangles": [ 8, 9, 10, 10, 11, 0, 13, 8, 10, 13, 10, 0, 7, 8, 13, 13, 0, 1, 12, 7, 13, 12, 13, 1, 6, 7, 12, 14, 6, 12, 14, 12, 1, 2, 14, 1, 4, 5, 6, 14, 4, 6, 4, 14, 2, 4, 2, 3 ],
				"vertices": [ 78.4, -191.36, 6.67, -191.92, -82.94, -192.63, -148.09, -193.14, -149.59, -1.48, -150.93, 168.84, -83.28, 169.37, 5.53, 170.07, 75.55, 170.62, 144.05, 171.16, 145.39, -0.01, 146.89, -190.82, 4.32, -0.71, 76.04, -0.35, -81.96, -1.14 ],
				"hull": 12
			}
		},
		"youxiu_": {
			"youxiu_": {
				"type": "skinnedmesh",
				"uvs": [ 1, 0.48425, 1, 0.56607, 1, 0.70198, 1, 1, 0.78694, 1, 0.42482, 1, 0, 1, 0, 0.83095, 0, 0.75606, 0, 0, 0.56061, 0, 0.75299, 0, 1, 0, 0.84233, 0.17514, 0.53442, 0.5571, 0.63966, 0.42655, 0.4034, 0.16921, 0.74293, 0.29844, 0.94851, 0.38332, 0.50995, 0.05452, 0.02013, 0.71434, 0.49822, 0.70336, 0.95195, 0.76919, 0.47008, 0.81708, 0.876, 0.87542, 0.15039, 0.50505, 0.26356, 0.34141 ],
				"triangles": [ 5, 23, 4, 23, 5, 7, 23, 21, 24, 23, 20, 21, 20, 25, 21, 22, 21, 14, 21, 25, 14, 24, 22, 3, 22, 2, 3, 5, 6, 7, 24, 21, 22, 2, 22, 14, 4, 24, 3, 4, 23, 24, 7, 20, 23, 7, 8, 20, 20, 8, 9, 20, 9, 25, 14, 15, 2, 25, 26, 14, 15, 1, 2, 0, 1, 15, 14, 26, 15, 15, 17, 18, 17, 13, 18, 17, 19, 13, 16, 19, 17, 26, 16, 15, 26, 9, 16, 15, 18, 0, 15, 16, 17, 25, 9, 26, 19, 9, 10, 16, 9, 19, 18, 12, 0, 18, 13, 12, 13, 19, 11, 19, 10, 11, 13, 11, 12 ],
				"vertices": [ 2, 13, 267.37, 190.23, 0.5, 31, 148.9, 131.5, 0.5, 3, 13, 299.83, 222.68, 3.0E-4, 31, 192.83, 144.78, 0.74969, 39, 15.04, 144.45, 0.25, 2, 31, 265.82, 166.85, 0.5, 39, 91.17, 148.59, 0.5, 1, 39, 258.11, 157.65, 1, 1, 39, 261.29, 99.15, 1, 1, 39, 266.69, -0.28, 1, 1, 39, 273.02, -116.93, 1, 1, 39, 178.33, -122.08, 1, 1, 39, 136.38, -124.35, 1, 1, 31, -31.56, -210.33, 1, 2, 13, 160.66, -87.28, 0.5, 31, -76.18, -62.76, 0.5, 2, 13, 123.25, -49.87, 0.5, 31, -91.48, -12.12, 0.5, 2, 13, 75.23, -1.83, 0.5, 31, -111.14, 52.89, 0.5, 2, 13, 175.38, 36.96, 0.5, 31, -4.54, 39.82, 0.5, 2, 31, 225.07, 20.77, 0.5, 39, 16.95999, 16.33, 0.5, 2, 31, 146.59, 27.28, 0.75, 39, -57.73, 41.25999, 0.25, 1, 31, 27.19, -76.67, 1, 1, 31, 69.57, 33.66999, 1, 2, 13, 237.33, 140.18, 0.5, 31, 98.79, 101.57, 0.5, 2, 13, 192.14, -75.51, 0.5, 31, -42.86, -67.24, 0.5, 2, 31, 350.43, -89.07, 0.25, 39, 112.71, -120.1, 0.75, 2, 31, 306.48, 34.99, 0.25, 39, 99.42, 10.84, 0.75, 2, 31, 305.73, 165.11, 0.25, 39, 129.53, 137.44, 0.75, 1, 39, 163.55, 6.58, 1, 1, 39, 190.18, 119.81, 1, 2, 31, 227.67, -88.76, 0.5, 39, -6.46, -90.69, 0.5, 2, 31, 130.79, -85.53, 0.75, 39, -99.82, -64.6, 0.25 ],
				"hull": 13
			}
		},
		"yupei_": {
			"yupei_": {
				"type": "skinnedmesh",
				"uvs": [ 1, 0.13594, 1, 0.25017, 1, 0.43236, 1, 0.59431, 1, 0.7418, 1, 0.88061, 1, 1, 0, 1, 0, 0.88061, 0, 0.74614, 0, 0.5972, 0, 0.43092, 0, 0.25306, 0, 0.13883, 0, 0, 1, 0 ],
				"triangles": [ 5, 9, 4, 5, 8, 9, 7, 8, 5, 7, 5, 6, 2, 12, 1, 2, 11, 12, 11, 2, 3, 10, 11, 3, 10, 3, 4, 9, 10, 4, 13, 14, 0, 13, 0, 1, 12, 13, 1, 14, 15, 0 ],
				"vertices": [ 2, 7, 50.04, 49.21, 0.8, 8, -60.81, 52.35, 0.2, 2, 7, 99.71, 50.78, 0.5, 8, -11.13, 51.56, 0.5, 1, 8, 68.11, 50.3, 1, 1, 8, 138.55, 49.18, 1, 2, 17, 85.43, 52.85, 0.5, 25, 6.72, 53.21, 0.5, 1, 25, 67.11, 52.71, 1, 1, 25, 119.03, 52.28, 1, 1, 25, 118.27, -40.7, 1, 1, 25, 66.33999, -40.28, 1, 2, 17, 90.94, -39.99, 0.5, 25, 7.84, -39.79, 0.5, 1, 8, 138.32, -43.82, 1, 1, 8, 66, -42.67, 1, 2, 7, 103.91, -42.12, 0.5, 8, -11.35, -41.43999, 0.5, 2, 7, 54.24, -43.69, 0.8, 8, -61.03, -40.65, 0.2, 1, 1, 28.16, 156.25, 1, 1, 1, 28.89, 63.25, 1 ],
				"hull": 16
			}
		},
		"zhongyi_": {
			"zhongyi_": {
				"type": "skinnedmesh",
				"uvs": [ 1, 0.17801, 1, 0.39994, 1, 0.60199, 1, 0.7908, 1, 1, 0.74054, 1, 0.50029, 1, 0.23363, 1, 0, 1, 0, 0.78914, 0, 0.59868, 0, 0.39331, 0, 0.17967, 0, 0, 0.23099, 0, 0.50293, 0, 0.74054, 0, 1, 0, 0.50558, 0.17883, 0.50807, 0.39668, 0.50804, 0.60036, 0.50437, 0.78931, 0.23094, 0.17928, 0.23377, 0.39486, 0.23625, 0.59946, 0.23363, 0.78922, 0.73787, 0.17844, 0.73507, 0.39818, 0.73784, 0.60112, 0.7379, 0.79001 ],
				"triangles": [ 26, 15, 16, 26, 16, 0, 18, 15, 26, 22, 13, 14, 22, 14, 15, 22, 15, 18, 23, 22, 18, 19, 18, 26, 23, 18, 19, 27, 19, 26, 16, 17, 0, 12, 13, 22, 11, 12, 22, 11, 22, 23, 26, 0, 1, 27, 26, 1, 10, 11, 23, 24, 23, 19, 20, 19, 27, 28, 27, 1, 25, 9, 10, 29, 2, 3, 21, 6, 25, 5, 29, 3, 21, 29, 5, 8, 9, 25, 25, 24, 21, 21, 20, 29, 10, 23, 24, 20, 24, 19, 20, 27, 28, 28, 1, 2, 21, 24, 20, 24, 25, 10, 29, 28, 2, 20, 28, 29, 7, 8, 25, 6, 7, 25, 6, 21, 5, 5, 3, 4 ],
				"vertices": [ 1, 11, 163.07, -116.39, 1, 1, 11, 78.51999, -117.73, 1, 2, 4, 105.11, -118.56, 0.8, 11, 1.55, -118.96, 0.2, 1, 4, 33.18, -118, 1, 1, 1, 75.32, -118.38, 1, 1, 1, 74.83999, -56.37, 1, 1, 1, 74.37999, 1.04, 1, 1, 1, 73.87999, 64.76, 1, 1, 1, 73.44, 120.6, 1, 1, 4, 35.68999, 120.98, 1, 2, 4, 108.25, 120.41, 0.8, 11, -0.98, 120.02, 0.2, 1, 11, 77.24, 121.26, 1, 1, 11, 158.63, 122.56, 1, 1, 11, 227.08, 123.65, 1, 1, 11, 227.96, 68.44999, 1, 1, 11, 228.99, 3.46, 1, 1, 11, 229.89, -53.31, 1, 1, 11, 230.88, -115.31, 1, 1, 11, 160.87, 1.75, 1, 1, 11, 77.89, -0.16, 1, 2, 4, 106.66, -0.99, 0.8, 11, 0.3, -1.39, 0.2, 1, 4, 34.68, 0.44, 1, 1, 11, 159.66, 67.37, 1, 1, 11, 77.54, 65.39, 1, 2, 4, 107.51, 63.95, 0.8, 11, -0.38, 63.56, 0.2, 1, 4, 35.22, 65.14, 1, 1, 11, 161.9, -53.75, 1, 1, 11, 78.18, -54.41, 1, 2, 4, 105.93, -55.91, 0.8, 11, 0.88, -56.31, 0.2, 1, 4, 33.97, -55.36, 1 ],
				"hull": 18
			}
		},
		"zhuyin_": {
			"zhuyin_": {
				"type": "skinnedmesh",
				"uvs": [ 1, 0.1973, 1, 0.3965, 1, 0.64422, 1, 0.82554, 1, 1, 0.51938, 1, 0, 1, 0, 0.82554, 0, 0.63911, 0, 0.38884, 0, 0.19474, 0, 0, 0.51274, 0, 1, 0, 0.51538, 0.39648, 0.51699, 0.63919, 0.51822, 0.82549, 0.51404, 0.19476 ],
				"triangles": [ 16, 15, 2, 7, 15, 16, 6, 7, 16, 5, 16, 3, 6, 16, 5, 5, 3, 4, 16, 2, 3, 7, 8, 15, 8, 14, 15, 15, 1, 2, 8, 9, 14, 15, 14, 1, 9, 10, 17, 14, 17, 0, 9, 17, 14, 14, 0, 1, 10, 12, 17, 17, 13, 0, 10, 11, 12, 17, 12, 13 ],
				"vertices": [ 2, 21, -26.61, -25.26, 0.3, 32, 20.04999, 23.76, 0.7, 2, 32, 45.95, 23.76, 0.5, 34, 0.84, 23.74, 0.5, 2, 34, 33.03, 22.98, 0.5, 45, 5.67, 23.02, 0.5, 2, 34, 56.6, 22.43, 0.2, 45, 29.24, 22.83, 0.8, 1, 45, 51.92, 22.66, 1, 1, 45, 51.73, -1.36, 1, 1, 45, 51.53, -27.33, 1, 2, 34, 55.42, -27.55, 0.2, 45, 28.85, -27.15, 0.8, 2, 34, 31.19, -26.98, 0.5, 45, 4.62, -26.96, 0.5, 2, 32, 44.95, -26.23, 0.5, 34, -1.33, -26.21, 0.5, 2, 21, -26.29, 24.73, 0.3, 32, 19.71999, -26.23, 0.7, 1, 21, -0.97, 24.73, 1, 1, 21, -0.97, -0.9, 1, 1, 21, -0.96, -25.26, 1, 2, 32, 45.95, -0.47, 0.5, 34, 0.26, -0.47, 0.5, 2, 34, 31.81, -1.14, 0.5, 45, 4.83, -1.12, 0.5, 2, 34, 56.02, -1.64, 0.2, 45, 29.05, -1.24, 0.8, 2, 21, -26.29, -0.97, 0.3, 32, 19.71999, -0.52999, 0.7 ],
				"hull": 14
			}
		}
	}
},
"animations": {
	"animation": {
		"bones": {
			"bone3": {
				"translate": [
					{
						"time": 0,
						"x": 0,
						"y": 0,
						"curve": [ 0.25, 0, 0.75, 1 ]
					},
					{
						"time": 1.3333,
						"x": 1.1,
						"y": -0.02,
						"curve": [ 0.25, 0, 0.75, 1 ]
					},
					{ "time": 2.6666, "x": 0, "y": 0 }
				],
				"scale": [
					{
						"time": 0,
						"x": 1,
						"y": 1,
						"curve": [ 0.25, 0, 0.75, 1 ]
					},
					{
						"time": 1.3333,
						"x": 1.02,
						"y": 1.02,
						"curve": [ 0.25, 0, 0.75, 1 ]
					},
					{ "time": 2.6666, "x": 1, "y": 1 }
				]
			},
			"bone4": {
				"scale": [
					{
						"time": 0,
						"x": 1,
						"y": 1,
						"curve": [ 0.25, 0, 0.75, 1 ]
					},
					{
						"time": 1.3333,
						"x": 0.98,
						"y": 0.98,
						"curve": [ 0.25, 0, 0.75, 1 ]
					},
					{ "time": 2.6666, "x": 1, "y": 1 }
				]
			},
			"L_dapie_": {
				"rotate": [
					{
						"time": 0,
						"angle": 0,
						"curve": [ 0.25, 0, 0.75, 1 ]
					},
					{
						"time": 1.6666,
						"angle": -1.64,
						"curve": [ 0.25, 0, 0.75, 1 ]
					},
					{
						"time": 2.6666,
						"angle": -0.21,
						"curve": [ 0.25, 0, 0.974, 0.9 ]
					},
					{ "time": 3.3333, "angle": 0 }
				],
				"translate": [
					{ "time": 0, "x": 0, "y": 0 }
				],
				"scale": [
					{
						"time": 0,
						"x": 1,
						"y": 1,
						"curve": [ 0.25, 0, 0.75, 1 ]
					},
					{
						"time": 1.6666,
						"x": 0.98,
						"y": 0.98,
						"curve": [ 0.25, 0, 0.75, 1 ]
					},
					{ "time": 3.3333, "x": 1, "y": 1 }
				]
			},
			"R_dapie_": {
				"scale": [
					{
						"time": 0,
						"x": 1,
						"y": 1,
						"curve": [ 0.25, 0, 0.75, 1 ]
					},
					{
						"time": 1.3333,
						"x": 0.98,
						"y": 0.98,
						"curve": [ 0.25, 0, 0.75, 1 ]
					},
					{ "time": 2.6666, "x": 1, "y": 1 }
				]
			},
			"youxiu_": {
				"rotate": [
					{
						"time": 0,
						"angle": 0,
						"curve": [ 0.01, 0.07, 0.75, 1 ]
					},
					{
						"time": 0.8333,
						"angle": 1.3,
						"curve": [ 0.25, 0, 0.75, 1 ]
					},
					{
						"time": 2.6666,
						"angle": -0.6,
						"curve": [ 0.25, 0, 0.979, 0.9 ]
					},
					{ "time": 3.3333, "angle": 0 }
				]
			},
			"bone37": {
				"rotate": [
					{
						"time": 0,
						"angle": -8.05,
						"curve": [ 0.045, 0.07, 0.75, 1 ]
					},
					{
						"time": 0.8333,
						"angle": -14.18,
						"curve": [ 0.25, 0, 0.75, 1 ]
					},
					{
						"time": 1.6666,
						"angle": -5.81,
						"curve": [ 0.25, 0, 0.75, 1 ]
					},
					{
						"time": 2.5,
						"angle": -5.76,
						"curve": [ 0.25, 0, 0.989, 0.93 ]
					},
					{ "time": 3.3333, "angle": -8.05 }
				]
			},
			"bone5": {
				"rotate": [
					{
						"time": 0,
						"angle": 0,
						"curve": [ 0.25, 0, 0.75, 1 ]
					},
					{
						"time": 1.6666,
						"angle": 2.67,
						"curve": [ 0.25, 0, 0.75, 1 ]
					},
					{
						"time": 3,
						"angle": 0.11,
						"curve": [ 0.25, 0, 0.984, 0.93 ]
					},
					{ "time": 3.3333, "angle": 0 }
				]
			},
			"R_hand_": {
				"rotate": [
					{
						"time": 0,
						"angle": 0,
						"curve": [ 0.25, 0, 0.75, 1 ]
					},
					{
						"time": 1.6666,
						"angle": -2.07,
						"curve": [ 0.25, 0, 0.75, 1 ]
					},
					{
						"time": 2.6666,
						"angle": 1.9,
						"curve": [ 0.25, 0, 0.954, 0.91 ]
					},
					{ "time": 3.3333, "angle": 0 }
				]
			},
			"bone7": {
				"rotate": [
					{ "time": 0, "angle": 9.13 },
					{ "time": 1.6666, "angle": -1.98 },
					{ "time": 3.3333, "angle": 9.13 }
				]
			},
			"bone6": {
				"rotate": [
					{
						"time": 0,
						"angle": 0,
						"curve": [ 0.04, 0.07, 0.75, 1 ]
					},
					{
						"time": 0.8333,
						"angle": -2.24,
						"curve": [ 0.25, 0, 0.75, 1 ]
					},
					{
						"time": 2.5,
						"angle": -0.44,
						"curve": [ 0.25, 0, 0.989, 0.93 ]
					},
					{ "time": 3.3333, "angle": 0 }
				]
			},
			"bone8": {
				"rotate": [
					{
						"time": 0,
						"angle": 0,
						"curve": [ 0.25, 0, 0.75, 1 ]
					},
					{
						"time": 1.7,
						"angle": 3.63,
						"curve": [ 0.25, 0, 0.75, 1 ]
					},
					{ "time": 3.3333, "angle": 0 }
				]
			},
			"bone9": {
				"rotate": [
					{
						"time": 0,
						"angle": 0,
						"curve": [ 0.045, 0.07, 0.75, 1 ]
					},
					{
						"time": 0.8333,
						"angle": -6.38,
						"curve": [ 0.25, 0, 0.75, 1 ]
					},
					{
						"time": 2.5,
						"angle": -1.46,
						"curve": [ 0.25, 0, 0.979, 0.92 ]
					},
					{ "time": 3.3333, "angle": 0 }
				]
			},
			"R_qianxiubai_": {
				"rotate": [
					{
						"time": 0,
						"angle": 3.02,
						"curve": [ 0.035, 0.06, 0.75, 1 ]
					},
					{
						"time": 1.6666,
						"angle": 5.85,
						"curve": [ 0.25, 0, 0.75, 1 ]
					},
					{ "time": 3.3333, "angle": 3.02 }
				]
			},
			"R_houxiubai_": {
				"rotate": [
					{
						"time": 0,
						"angle": 0,
						"curve": [ 0.066, 0.08, 0.75, 1 ]
					},
					{
						"time": 0.8333,
						"angle": -2.75,
						"curve": [ 0.25, 0, 0.75, 1 ]
					},
					{
						"time": 2.5,
						"angle": 4.12,
						"curve": [ 0.25, 0, 0.984, 0.93 ]
					},
					{ "time": 3.3333, "angle": 0 }
				]
			},
			"bone10": {
				"rotate": [
					{
						"time": 0,
						"angle": 1.8,
						"curve": [ 0.25, 0, 0.75, 1 ]
					},
					{
						"time": 1.6666,
						"angle": -5.37,
						"curve": [ 0.25, 0, 0.75, 1 ]
					},
					{ "time": 3.3333, "angle": 1.8 }
				]
			},
			"bone11": {
				"rotate": [
					{
						"time": 0,
						"angle": 0,
						"curve": [ 0.035, 0.06, 0.75, 1 ]
					},
					{
						"time": 0.8333,
						"angle": 4.88,
						"curve": [ 0.25, 0, 0.75, 1 ]
					},
					{
						"time": 2.5,
						"angle": -5.9,
						"curve": [ 0.25, 0, 0.979, 0.91 ]
					},
					{ "time": 3.3333, "angle": 0 }
				]
			},
			"bone12": {
				"rotate": [
					{
						"time": 0,
						"angle": 3.78,
						"curve": [ 0.025, 0.04, 0.75, 1 ]
					},
					{
						"time": 0.8333,
						"angle": -2.09,
						"curve": [ 0.25, 0, 0.75, 1 ]
					},
					{
						"time": 2.5,
						"angle": 8.59,
						"curve": [ 0.25, 0, 0.948, 0.91 ]
					},
					{ "time": 3.3333, "angle": 3.78 }
				]
			},
			"bone18": {
				"rotate": [
					{
						"time": 0,
						"angle": -3.4,
						"curve": [ 0.25, 0, 0.75, 1 ]
					},
					{
						"time": 1.6666,
						"angle": -12.19,
						"curve": [ 0.25, 0, 0.75, 1 ]
					},
					{ "time": 3.3333, "angle": -3.4 }
				]
			},
			"bone2": {
				"translate": [
					{
						"time": 0,
						"x": 0,
						"y": 0,
						"curve": [ 0.25, 0, 0.75, 1 ]
					},
					{
						"time": 1.6666,
						"x": 1.32,
						"y": 0.02,
						"curve": [ 0.25, 0, 0.75, 1 ]
					},
					{ "time": 3.3333, "x": 0, "y": 0 }
				]
			},
			"L_hand_": {
				"rotate": [
					{
						"time": 0,
						"angle": 0,
						"curve": [ 0.045, 0.06, 0.75, 1 ]
					},
					{
						"time": 0.8333,
						"angle": 0.46,
						"curve": [ 0.25, 0, 0.75, 1 ]
					},
					{
						"time": 2.5,
						"angle": -0.49,
						"curve": [ 0.25, 0, 0.959, 0.91 ]
					},
					{ "time": 3.3333, "angle": 0 }
				]
			},
			"F_mianliu_": {
				"rotate": [
					{
						"time": 0,
						"angle": 356.14,
						"curve": [ 0.25, 0, 0.75, 1 ]
					},
					{
						"time": 1.6666,
						"angle": 3,
						"curve": [ 0.258, 0.03, 0.751, 1 ]
					},
					{ "time": 3.3333, "angle": 356.14 }
				]
			},
			"bone45": {
				"rotate": [
					{
						"time": 0,
						"angle": 0,
						"curve": [ 0.035, 0.08, 0.75, 1 ]
					},
					{
						"time": 0.8333,
						"angle": -6.25,
						"curve": [ 0.25, 0, 0.75, 1 ]
					},
					{
						"time": 2.5,
						"angle": 4.96,
						"curve": [ 0.25, 0, 0.984, 0.91 ]
					},
					{ "time": 3.3333, "angle": 0 }
				]
			},
			"bone46": {
				"rotate": [
					{
						"time": 0,
						"angle": 0,
						"curve": [ 0.25, 0, 0.75, 1 ]
					},
					{
						"time": 1.6666,
						"angle": -6.22,
						"curve": [ 0.25, 0, 0.75, 1 ]
					},
					{ "time": 3.3333, "angle": 0 }
				]
			},
			"B_mianliu_": {
				"rotate": [
					{
						"time": 0,
						"angle": 2.34,
						"curve": [ 0.25, 0, 0.75, 1 ]
					},
					{
						"time": 1.6666,
						"angle": 356.29,
						"curve": [ 0.25, 0, 0.75, 1 ]
					},
					{ "time": 3.3333, "angle": 2.34 }
				]
			},
			"bone47": {
				"rotate": [
					{
						"time": 0,
						"angle": 0,
						"curve": [ 0.045, 0.07, 0.75, 1 ]
					},
					{
						"time": 0.8333,
						"angle": 6.04,
						"curve": [ 0.25, 0, 0.75, 1 ]
					},
					{
						"time": 2.5,
						"angle": -1.61,
						"curve": [ 0.025, 0.05, 0.75, 1 ]
					},
					{ "time": 3.3333, "angle": 0 }
				]
			},
			"bone48": {
				"rotate": [
					{
						"time": 0,
						"angle": 0,
						"curve": [ 0.25, 0, 0.75, 1 ]
					},
					{
						"time": 1.6666,
						"angle": 3.84,
						"curve": [ 0.25, 0, 0.75, 1 ]
					},
					{ "time": 3.3333, "angle": 0 }
				]
			},
			"zhuyin_": {
				"rotate": [
					{
						"time": 0,
						"angle": 3.15,
						"curve": [ 0.25, 0, 0.75, 1 ]
					},
					{
						"time": 1.6666,
						"angle": 355.94,
						"curve": [ 0.25, 0, 0.75, 1 ]
					},
					{ "time": 3.3333, "angle": 3.15 }
				]
			},
			"bone19": {
				"rotate": [
					{
						"time": 0,
						"angle": 0,
						"curve": [ 0.035, 0.05, 0.75, 1 ]
					},
					{
						"time": 0.8333,
						"angle": 4.08,
						"curve": [ 0.25, 0, 0.75, 1 ]
					},
					{
						"time": 2.5,
						"angle": -5.86,
						"curve": [ 0.25, 0, 0.974, 0.92 ]
					},
					{ "time": 3.3333, "angle": 0 }
				]
			},
			"bone20": {
				"rotate": [
					{
						"time": 0,
						"angle": 0,
						"curve": [ 0.25, 0, 0.75, 1 ]
					},
					{
						"time": 1.6666,
						"angle": 9,
						"curve": [ 0.25, 0, 0.75, 1 ]
					},
					{ "time": 3.3333, "angle": 0 }
				]
			},
			"L_xiuzi_2": {
				"rotate": [
					{
						"time": 0,
						"angle": 0,
						"curve": [ 0.25, 0, 0.75, 1 ]
					},
					{
						"time": 1.6666,
						"angle": -6.97,
						"curve": [ 0.25, 0, 0.75, 1 ]
					},
					{ "time": 3.3333, "angle": 0 }
				]
			},
			"bone14": {
				"rotate": [
					{
						"time": 0,
						"angle": 0,
						"curve": [ 0.035, 0.06, 0.75, 1 ]
					},
					{
						"time": 0.8333,
						"angle": 6.61,
						"curve": [ 0.25, 0, 0.75, 1 ]
					},
					{
						"time": 2.5,
						"angle": -5.01,
						"curve": [ 0.25, 0, 0.948, 0.92 ]
					},
					{ "time": 3.3333, "angle": 0 }
				]
			},
			"bone15": {
				"rotate": [
					{
						"time": 0,
						"angle": -1.83,
						"curve": [ 0.25, 0, 0.75, 1 ]
					},
					{
						"time": 1.6666,
						"angle": 12.48,
						"curve": [ 0.25, 0, 0.75, 1 ]
					},
					{ "time": 3.3333, "angle": -1.83 }
				]
			},
			"bone16": {
				"rotate": [
					{
						"time": 0,
						"angle": 0,
						"curve": [ 0.04, 0.07, 0.75, 1 ]
					},
					{
						"time": 0.8333,
						"angle": -5.54,
						"curve": [ 0.25, 0, 0.625, 0.5 ]
					},
					{
						"time": 1.6666,
						"angle": 5.33,
						"curve": [ 0.375, 0.5, 0.75, 1 ]
					},
					{
						"time": 2.5,
						"angle": 8.15,
						"curve": [ 0.25, 0, 0.964, 0.95 ]
					},
					{ "time": 3.3333, "angle": 0 }
				]
			},
			"F_qunbai_": {
				"rotate": [
					{
						"time": 0,
						"angle": -358.1,
						"curve": [ 0.25, 0, 0.75, 1 ]
					},
					{
						"time": 1.6666,
						"angle": -1.85,
						"curve": [ 0.25, 0, 0.75, 1 ]
					},
					{ "time": 3.3333, "angle": -358.1 }
				]
			},
			"bone25": {
				"rotate": [
					{
						"time": 0,
						"angle": 0,
						"curve": [ 0.03, 0.05, 0.75, 1 ]
					},
					{
						"time": 0.8333,
						"angle": 3.12,
						"curve": [ 0.25, 0, 0.75, 1 ]
					},
					{
						"time": 2.5,
						"angle": -2.7,
						"curve": [ 0.25, 0, 0.974, 0.92 ]
					},
					{ "time": 3.3333, "angle": 0 }
				]
			},
			"bone26": {
				"rotate": [
					{
						"time": 0,
						"angle": -2.25,
						"curve": [ 0.25, 0, 0.75, 1 ]
					},
					{
						"time": 1.6666,
						"angle": 3.88,
						"curve": [ 0.25, 0, 0.75, 1 ]
					},
					{ "time": 3.3333, "angle": -2.25 }
				]
			},
			"bone27": {
				"rotate": [
					{
						"time": 0,
						"angle": 360,
						"curve": [ 0.056, 0.08, 0.75, 1 ]
					},
					{
						"time": 2.5,
						"angle": 1.36,
						"curve": [ 0.25, 0, 0.948, 0.91 ]
					},
					{ "time": 3.3333, "angle": 360 }
				]
			},
			"xiaqunbai_": {
				"rotate": [
					{
						"time": 0,
						"angle": 0,
						"curve": [ 0.035, 0.05, 0.75, 1 ]
					},
					{
						"time": 0.8333,
						"angle": -1.13,
						"curve": [ 0.25, 0, 0.75, 1 ]
					},
					{
						"time": 2.5,
						"angle": 1.18,
						"curve": [ 0.25, 0, 0.979, 0.93 ]
					},
					{ "time": 3.3333, "angle": 0 }
				]
			},
			"xiaqunbai_2": {
				"rotate": [
					{
						"time": 0,
						"angle": 0,
						"curve": [ 0.02, 0.07, 0.75, 1 ]
					},
					{
						"time": 0.8333,
						"angle": 1.41,
						"curve": [ 0.25, 0, 0.75, 1 ]
					},
					{
						"time": 2.5,
						"angle": -0.76,
						"curve": [ 0.25, 0, 0.994, 0.93 ]
					},
					{ "time": 3.3333, "angle": 0 }
				]
			},
			"bone31": {
				"rotate": [
					{
						"time": 0,
						"angle": -1.33,
						"curve": [ 0.25, 0, 0.75, 1 ]
					},
					{
						"time": 1.6666,
						"angle": 3.36,
						"curve": [ 0.25, 0, 0.75, 1 ]
					},
					{ "time": 3.3333, "angle": -1.33 }
				]
			},
			"bone32": {
				"rotate": [
					{
						"time": 0,
						"angle": 0,
						"curve": [ 0.025, 0.06, 0.75, 1 ]
					},
					{
						"time": 0.6666,
						"angle": -2.78,
						"curve": [ 0.25, 0, 0.75, 1 ]
					},
					{
						"time": 2.5,
						"angle": 2.09,
						"curve": [ 0.25, 0, 0.964, 0.91 ]
					},
					{ "time": 3.3333, "angle": 0 }
				]
			},
			"bone33": {
				"rotate": [
					{
						"time": 0,
						"angle": 3.11,
						"curve": [ 0.25, 0, 0.75, 1 ]
					},
					{
						"time": 1.6666,
						"angle": -5.51,
						"curve": [ 0.25, 0, 0.75, 1 ]
					},
					{ "time": 3.3333, "angle": 3.11 }
				]
			},
			"yupei_": {
				"rotate": [
					{
						"time": 0,
						"angle": 0,
						"curve": [ 0.04, 0.07, 0.75, 1 ]
					},
					{
						"time": 0.8333,
						"angle": -358.05,
						"curve": [ 0.25, 0, 0.75, 1 ]
					},
					{
						"time": 2.5,
						"angle": -1.22,
						"curve": [ 0.25, 0, 0.964, 0.93 ]
					},
					{ "time": 3.3333, "angle": 0 }
				]
			},
			"bone21": {
				"rotate": [
					{
						"time": 0,
						"angle": 0,
						"curve": [ 0.25, 0, 0.75, 1 ]
					},
					{
						"time": 1.6666,
						"angle": 3.16,
						"curve": [ 0.25, 0, 0.75, 1 ]
					},
					{ "time": 3.3333, "angle": 0 }
				]
			},
			"bone22": {
				"rotate": [
					{
						"time": 0,
						"angle": 0,
						"curve": [ 0.25, 0, 0.75, 1 ]
					},
					{
						"time": 0.8333,
						"angle": -3.88,
						"curve": [ 0.03, 0.06, 0.75, 1 ]
					},
					{
						"time": 2.5,
						"angle": 2.68,
						"curve": [ 0.25, 0, 0.989, 0.94 ]
					},
					{ "time": 3.3333, "angle": 0 }
				]
			},
			"L_piaodai_": {
				"rotate": [
					{
						"time": 0,
						"angle": 0,
						"curve": [ 0.02, 0.04, 0.75, 1 ]
					},
					{
						"time": 0.8333,
						"angle": 1.22,
						"curve": [ 0.25, 0, 0.75, 1 ]
					},
					{
						"time": 2.5,
						"angle": -0.63,
						"curve": [ 0.25, 0, 0.984, 0.93 ]
					},
					{ "time": 3.3333, "angle": 0 }
				]
			},
			"R_piaodai_": {
				"rotate": [
					{
						"time": 0,
						"angle": 0,
						"curve": [ 0.025, 0.05, 0.75, 1 ]
					},
					{
						"time": 0.8333,
						"angle": 1.69,
						"curve": [ 0.25, 0, 0.75, 1 ]
					},
					{
						"time": 2.5,
						"angle": -0.74,
						"curve": [ 0.25, 0, 0.994, 0.92 ]
					},
					{ "time": 3.3333, "angle": 0 }
				]
			},
			"bone34": {
				"rotate": [
					{
						"time": 0,
						"angle": 0,
						"curve": [ 0.25, 0, 0.75, 1 ]
					},
					{
						"time": 1.6666,
						"angle": 4.82,
						"curve": [ 0.25, 0, 0.75, 1 ]
					},
					{ "time": 3.3333, "angle": 0 }
				]
			},
			"bone35": {
				"rotate": [
					{
						"time": 0,
						"angle": 0,
						"curve": [ 0.061, 0.08, 0.75, 1 ]
					},
					{
						"time": 0.8333,
						"angle": -5.25,
						"curve": [ 0.25, 0, 0.75, 1 ]
					},
					{
						"time": 2.5,
						"angle": 3.17,
						"curve": [ 0.25, 0, 0.979, 0.94 ]
					},
					{ "time": 3.3333, "angle": 0 }
				]
			},
			"bone36": {
				"rotate": [
					{
						"time": 0,
						"angle": 0,
						"curve": [ 0.25, 0, 0.75, 1 ]
					},
					{
						"time": 1.6666,
						"angle": -5.81,
						"curve": [ 0.25, 0, 0.75, 1 ]
					},
					{ "time": 3.3333, "angle": 0 }
				]
			},
			"bone38": {
				"rotate": [
					{
						"time": 0,
						"angle": 0,
						"curve": [ 0.25, 0, 0.75, 1 ]
					},
					{
						"time": 1.6666,
						"angle": 5.5,
						"curve": [ 0.25, 0, 0.75, 1 ]
					},
					{ "time": 3.3333, "angle": 0 }
				]
			},
			"bone39": {
				"rotate": [
					{
						"time": 0,
						"angle": 1.27,
						"curve": [ 0.045, 0.06, 0.75, 1 ]
					},
					{
						"time": 0.8333,
						"angle": -4.69,
						"curve": [ 0.25, 0, 0.75, 1 ]
					},
					{
						"time": 2.5,
						"angle": 4.93,
						"curve": [ 0.25, 0, 0.979, 0.93 ]
					},
					{ "time": 3.3333, "angle": 1.27 }
				]
			},
			"bone40": {
				"rotate": [
					{
						"time": 0,
						"angle": 2.08,
						"curve": [ 0.25, 0, 0.75, 1 ]
					},
					{
						"time": 1.6666,
						"angle": -5.2,
						"curve": [ 0.25, 0, 0.75, 1 ]
					},
					{ "time": 3.3333, "angle": 2.08 }
				]
			},
			"bone41": {
				"rotate": [
					{
						"time": 0,
						"angle": 0,
						"curve": [ 0.25, 0, 0.75, 1 ]
					},
					{
						"time": 0.8333,
						"angle": 2.58,
						"curve": [ 0.25, 0, 0.75, 1 ]
					},
					{
						"time": 1.6666,
						"angle": -1.26,
						"curve": [ 0.25, 0, 0.75, 1 ]
					},
					{
						"time": 2.5,
						"angle": -2.38,
						"curve": [ 0.25, 0, 0.974, 0.93 ]
					},
					{ "time": 3.3333, "angle": 0 }
				]
			}
		},
		"ffd": {
			"default": {
				"yanwu_": {
					"yanwu_": [
						{
							"time": 0,
							"vertices": [ -11.16795, -0.08795, -11.16795, -0.08795, -11.16795, -0.08795, -11.16795, -0.08795, -11.16795, -0.08795, -11.16795, -0.08795, -11.16795, -0.08795, -11.16795, -0.08795, -11.16795, -0.08795, -11.16795, -0.08795, -11.16795, -0.08795, -11.16795, -0.08795, -11.16795, -0.08795, -11.16795, -0.08795, -11.16795, -0.08795, -11.16795, -0.08795, -11.16795, -0.08795, -11.16795, -0.08795, -11.16795, -0.08795, -11.16795, -0.08795, -11.16795, -0.08795, -11.16795, -0.08795, -11.16795, -0.08795, -11.16795, -0.08795, -11.16795, -0.08795, -11.16795, -0.08795, -11.16795, -0.08795, -11.16795, -0.08795 ],
							"curve": [ 0.025, 0.06, 0.75, 1 ]
						},
						{
							"time": 0.8333,
							"vertices": [ -5.69132, 13.57608, -5.69132, 13.57608, -5.69132, 13.57608, -5.69132, 13.57608, -5.69132, 13.57608, -5.69132, 13.57608, -5.69132, 13.57608, -5.69132, 13.57608, -5.69132, 13.57608, -5.69132, 13.57608, -5.69132, 13.57608, -5.69132, 13.57608, -5.69132, 13.57608, -5.69132, 13.57608, -5.69132, 13.57608, 4.68833, -0.03851, 4.68833, -0.03851, -5.69132, 13.57608, -5.69132, 13.57608, 4.68833, -0.03851, 1.2912, -3.48951, -5.69132, 13.57608, 4.68833, -0.03851, -5.69132, 13.57608, -5.69132, 13.57608, -5.69132, 13.57608, -5.69132, 13.57608, -5.69132, 13.57608 ],
							"curve": [ 0.25, 0, 0.75, 1 ]
						},
						{
							"time": 2.5,
							"vertices": [ -9.82618, 6.82482, -9.82618, 6.82482, -9.82618, 6.82482, -9.70527, -8.53067, -9.70527, -8.53067, -9.70527, -8.53067, -9.70527, -8.53067, -9.70527, -8.53067, -9.70527, -8.53067, -9.70527, -8.53067, -9.70527, -8.53067, -9.70527, -8.53067, -9.70527, -8.53067, -9.70527, -8.53067, -9.70527, -8.53067, -9.70527, -8.53067, -9.70527, -8.53067, -9.82618, 6.82482, -9.70527, -8.53067, -9.70527, -8.53067, -9.70527, -8.53067, -9.70527, -8.53067, -9.70527, -8.53067, -9.70527, -8.53067, -9.70527, -8.53067, -9.70527, -8.53067, -9.70527, -8.53067, -9.70527, -8.53067 ],
							"curve": [ 0.25, 0, 0.994, 0.94 ]
						},
						{
							"time": 3.3333,
							"vertices": [ -11.16795, -0.08795, -11.16795, -0.08795, -11.16795, -0.08795, -11.16795, -0.08795, -11.16795, -0.08795, -11.16795, -0.08795, -11.16795, -0.08795, -11.16795, -0.08795, -11.16795, -0.08795, -11.16795, -0.08795, -11.16795, -0.08795, -11.16795, -0.08795, -11.16795, -0.08795, -11.16795, -0.08795, -11.16795, -0.08795, -11.16795, -0.08795, -11.16795, -0.08795, -11.16795, -0.08795, -11.16795, -0.08795, -11.16795, -0.08795, -11.16795, -0.08795, -11.16795, -0.08795, -11.16795, -0.08795, -11.16795, -0.08795, -11.16795, -0.08795, -11.16795, -0.08795, -11.16795, -0.08795, -11.16795, -0.08795 ]
						}
					]
				},
				"yanwu_2": {
					"yanwu_": [
						{ "time": 0 },
						{
							"time": 1.6666,
							"vertices": [ 0.25492, -32.37477, 0.25492, -32.37477, 0.25492, -32.37477, 0.25492, -32.37477, 0.25492, -32.37477, 0.25492, -32.37477, 0.25492, -32.37477, 0.25492, -32.37477, 0.25492, -32.37477, 0.25492, -32.37477, 0.25492, -32.37477, 0.25492, -32.37477, 0.25492, -32.37477, 3.67893, -32.34782, 0.25492, -32.37477, 10.52651, -32.2939, 24.27605, -39.03381, 0.25492, -32.37477, 27.64612, -32.15908, 10.52651, -32.2939, 0.25492, -32.37477, 0.25492, -32.37477, 24.27605, -39.03381, 0.25492, -32.37477, 10.52651, -32.2939, 10.52651, -32.2939, 0.25492, -32.37477, 0.25492, -32.37477 ],
							"curve": [ 0.25, 0, 0.75, 1 ]
						},
						{ "time": 3.3333 }
					]
				},
				"yaofen_": {
					"yaofen_": [
						{ "time": 0 },
						{
							"time": 1.6666,
							"vertices": [ 2.47286, 0.01947, 0.48049, 0.00376, 0, 0, 0, 0, 0, 0, 0, 0, 0, 0, 0.51202, 0.00402, 2.47296, 0.01947, 3.73446, 0.0294, 3.73443, 0.02939, 3.73437, 0.0294, 0.46505, 0.00365, 2.45706, 0.01933 ],
							"curve": [ 0.25, 0, 0.75, 1 ]
						},
						{ "time": 3.3333 }
					]
				}
			}
		}
	}
}
}