{"skeleton":{"hash":"dFjXzr/jUDMo78vfKQMKYNv0N2o","spine":"3.7.94","width":968.34,"height":472.18,"images":"","audio":""},"bones":[{"name":"root"},{"name":"bone","parent":"root","x":143.03,"y":116.29,"scaleX":-1}],"slots":[{"name":"a","bone":"root","attachment":"cb_a_00_"},{"name":"a2","bone":"bone","attachment":"cb_a_00_"},{"name":"b","bone":"root","attachment":"cb_b_00_"},{"name":"b2","bone":"bone","attachment":"cb_b_00_"},{"name":"c","bone":"root","attachment":"cb_c_00_"},{"name":"c2","bone":"bone","attachment":"cb_c_00_"}],"skins":{"default":{"a":{"cb_a_00_":{"x":-422.69,"y":165.64,"width":120,"height":472},"cb_a_01_":{"x":-422.69,"y":165.64,"width":120,"height":472},"cb_a_02_":{"x":-422.69,"y":165.64,"width":120,"height":472},"cb_a_03_":{"x":-422.69,"y":165.64,"width":120,"height":472},"cb_a_04_":{"x":-422.69,"y":165.64,"width":120,"height":472},"cb_a_05_":{"x":-422.69,"y":165.64,"width":120,"height":472},"cb_a_06_":{"x":-422.69,"y":165.64,"width":120,"height":472},"cb_a_07_":{"x":-422.69,"y":165.64,"width":120,"height":472},"cb_a_08_":{"x":-422.69,"y":165.64,"width":120,"height":472},"cb_a_09_":{"x":-422.69,"y":165.64,"width":120,"height":472},"cb_a_10_":{"x":-422.69,"y":165.64,"width":120,"height":472},"cb_a_11_":{"x":-422.69,"y":165.64,"width":120,"height":472},"cb_a_12_":{"x":-422.69,"y":165.64,"width":120,"height":472},"cb_a_13_":{"x":-422.69,"y":165.64,"width":120,"height":472},"cb_a_14_":{"x":-422.69,"y":165.64,"width":120,"height":472},"cb_a_15_":{"x":-422.69,"y":165.64,"width":120,"height":472},"cb_a_16_":{"x":-422.69,"y":165.64,"width":120,"height":472},"cb_a_17_":{"x":-422.69,"y":165.64,"width":120,"height":472},"cb_a_18_":{"x":-422.69,"y":165.64,"width":120,"height":472},"cb_a_19_":{"x":-422.69,"y":165.64,"width":120,"height":472},"cb_a_20_":{"x":-422.69,"y":165.64,"width":120,"height":472},"cb_a_21_":{"x":-422.69,"y":165.64,"width":120,"height":472},"cb_a_22_":{"x":-422.69,"y":165.64,"width":120,"height":472},"cb_a_23_":{"x":-422.69,"y":165.64,"width":120,"height":472}},"a2":{"cb_a_00_":{"x":-282.62,"y":49.35,"width":120,"height":472},"cb_a_01_":{"x":-282.62,"y":49.35,"width":120,"height":472},"cb_a_02_":{"x":-282.62,"y":49.35,"width":120,"height":472},"cb_a_03_":{"x":-282.62,"y":49.35,"width":120,"height":472},"cb_a_04_":{"x":-282.62,"y":49.35,"width":120,"height":472},"cb_a_05_":{"x":-282.62,"y":49.35,"width":120,"height":472},"cb_a_06_":{"x":-282.62,"y":49.35,"width":120,"height":472},"cb_a_07_":{"x":-282.62,"y":49.35,"width":120,"height":472},"cb_a_08_":{"x":-282.62,"y":49.35,"width":120,"height":472},"cb_a_09_":{"x":-282.62,"y":49.35,"width":120,"height":472},"cb_a_10_":{"x":-282.62,"y":49.35,"width":120,"height":472},"cb_a_11_":{"x":-282.62,"y":49.35,"width":120,"height":472},"cb_a_12_":{"x":-282.62,"y":49.35,"width":120,"height":472},"cb_a_13_":{"x":-282.62,"y":49.35,"width":120,"height":472},"cb_a_14_":{"x":-282.62,"y":49.35,"width":120,"height":472},"cb_a_15_":{"x":-282.62,"y":49.35,"width":120,"height":472},"cb_a_16_":{"x":-282.62,"y":49.35,"width":120,"height":472},"cb_a_17_":{"x":-282.62,"y":49.35,"width":120,"height":472},"cb_a_18_":{"x":-282.62,"y":49.35,"width":120,"height":472},"cb_a_19_":{"x":-282.62,"y":49.35,"width":120,"height":472},"cb_a_20_":{"x":-282.62,"y":49.35,"width":120,"height":472},"cb_a_21_":{"x":-282.62,"y":49.35,"width":120,"height":472},"cb_a_22_":{"x":-282.62,"y":49.35,"width":120,"height":472},"cb_a_23_":{"x":-282.62,"y":49.35,"width":120,"height":472}},"b":{"cb_b_00_":{"x":-208.68,"y":225.46,"width":308,"height":352},"cb_b_01_":{"x":-208.68,"y":225.46,"width":308,"height":352},"cb_b_02_":{"x":-208.68,"y":225.46,"width":308,"height":352},"cb_b_03_":{"x":-208.68,"y":225.46,"width":308,"height":352},"cb_b_04_":{"x":-208.68,"y":225.46,"width":308,"height":352},"cb_b_05_":{"x":-208.68,"y":225.46,"width":308,"height":352},"cb_b_06_":{"x":-208.68,"y":225.46,"width":308,"height":352},"cb_b_07_":{"x":-208.68,"y":225.46,"width":308,"height":352},"cb_b_08_":{"x":-208.68,"y":225.46,"width":308,"height":352},"cb_b_09_":{"x":-208.68,"y":225.46,"width":308,"height":352},"cb_b_10_":{"x":-208.68,"y":225.46,"width":308,"height":352},"cb_b_11_":{"x":-208.68,"y":225.46,"width":308,"height":352},"cb_b_12_":{"x":-208.68,"y":225.46,"width":308,"height":352},"cb_b_13_":{"x":-208.68,"y":225.46,"width":308,"height":352},"cb_b_14_":{"x":-208.68,"y":225.46,"width":308,"height":352},"cb_b_15_":{"x":-208.68,"y":225.46,"width":308,"height":352},"cb_b_16_":{"x":-208.68,"y":225.46,"width":308,"height":352},"cb_b_17_":{"x":-208.68,"y":225.46,"width":308,"height":352},"cb_b_18_":{"x":-208.68,"y":225.46,"width":308,"height":352},"cb_b_19_":{"x":-208.68,"y":225.46,"width":308,"height":352},"cb_b_20_":{"x":-208.68,"y":225.46,"width":308,"height":352},"cb_b_21_":{"x":-208.68,"y":225.46,"width":308,"height":352},"cb_b_22_":{"x":-208.68,"y":225.46,"width":308,"height":352},"cb_b_23_":{"x":-208.68,"y":225.46,"width":308,"height":352}},"b2":{"cb_b_00_":{"x":-68.61,"y":109.17,"width":308,"height":352},"cb_b_01_":{"x":-68.61,"y":109.17,"width":308,"height":352},"cb_b_02_":{"x":-68.61,"y":109.17,"width":308,"height":352},"cb_b_03_":{"x":-68.61,"y":109.17,"width":308,"height":352},"cb_b_04_":{"x":-68.61,"y":109.17,"width":308,"height":352},"cb_b_05_":{"x":-68.61,"y":109.17,"width":308,"height":352},"cb_b_06_":{"x":-68.61,"y":109.17,"width":308,"height":352},"cb_b_07_":{"x":-68.61,"y":109.17,"width":308,"height":352},"cb_b_08_":{"x":-68.61,"y":109.17,"width":308,"height":352},"cb_b_09_":{"x":-68.61,"y":109.17,"width":308,"height":352},"cb_b_10_":{"x":-68.61,"y":109.17,"width":308,"height":352},"cb_b_11_":{"x":-68.61,"y":109.17,"width":308,"height":352},"cb_b_12_":{"x":-68.61,"y":109.17,"width":308,"height":352},"cb_b_13_":{"x":-68.61,"y":109.17,"width":308,"height":352},"cb_b_14_":{"x":-68.61,"y":109.17,"width":308,"height":352},"cb_b_15_":{"x":-68.61,"y":109.17,"width":308,"height":352},"cb_b_16_":{"x":-68.61,"y":109.17,"width":308,"height":352},"cb_b_17_":{"x":-68.61,"y":109.17,"width":308,"height":352},"cb_b_18_":{"x":-68.61,"y":109.17,"width":308,"height":352},"cb_b_19_":{"x":-68.61,"y":109.17,"width":308,"height":352},"cb_b_20_":{"x":-68.61,"y":109.17,"width":308,"height":352},"cb_b_21_":{"x":-68.61,"y":109.17,"width":308,"height":352},"cb_b_22_":{"x":-68.61,"y":109.17,"width":308,"height":352},"cb_b_23_":{"x":-68.61,"y":109.17,"width":308,"height":352}},"c":{"cb_c_00_":{"x":-208.35,"y":-10.54,"width":308,"height":120},"cb_c_01_":{"x":-208.35,"y":-10.54,"width":308,"height":120},"cb_c_02_":{"x":-208.35,"y":-10.54,"width":308,"height":120},"cb_c_03_":{"x":-208.35,"y":-10.54,"width":308,"height":120},"cb_c_04_":{"x":-208.35,"y":-10.54,"width":308,"height":120},"cb_c_05_":{"x":-208.35,"y":-10.54,"width":308,"height":120},"cb_c_06_":{"x":-208.35,"y":-10.54,"width":308,"height":120},"cb_c_07_":{"x":-208.35,"y":-10.54,"width":308,"height":120},"cb_c_08_":{"x":-208.35,"y":-10.54,"width":308,"height":120},"cb_c_09_":{"x":-208.35,"y":-10.54,"width":308,"height":120},"cb_c_10_":{"x":-208.35,"y":-10.54,"width":308,"height":120},"cb_c_11_":{"x":-208.35,"y":-10.54,"width":308,"height":120},"cb_c_12_":{"x":-208.35,"y":-10.54,"width":308,"height":120},"cb_c_13_":{"x":-208.35,"y":-10.54,"width":308,"height":120},"cb_c_14_":{"x":-208.35,"y":-10.54,"width":308,"height":120},"cb_c_15_":{"x":-208.35,"y":-10.54,"width":308,"height":120},"cb_c_16_":{"x":-208.35,"y":-10.54,"width":308,"height":120},"cb_c_17_":{"x":-208.35,"y":-10.54,"width":308,"height":120},"cb_c_18_":{"x":-208.35,"y":-10.54,"width":308,"height":120},"cb_c_19_":{"x":-208.35,"y":-10.54,"width":308,"height":120},"cb_c_20_":{"x":-208.35,"y":-10.54,"width":308,"height":120},"cb_c_21_":{"x":-208.35,"y":-10.54,"width":308,"height":120},"cb_c_22_":{"x":-208.35,"y":-10.54,"width":308,"height":120},"cb_c_23_":{"x":-208.35,"y":-10.54,"width":308,"height":120}},"c2":{"cb_c_00_":{"x":-68.29,"y":-126.83,"width":308,"height":120},"cb_c_01_":{"x":-68.29,"y":-126.83,"width":308,"height":120},"cb_c_02_":{"x":-68.29,"y":-126.83,"width":308,"height":120},"cb_c_03_":{"x":-68.29,"y":-126.83,"width":308,"height":120},"cb_c_04_":{"x":-68.29,"y":-126.83,"width":308,"height":120},"cb_c_05_":{"x":-68.29,"y":-126.83,"width":308,"height":120},"cb_c_06_":{"x":-68.29,"y":-126.83,"width":308,"height":120},"cb_c_07_":{"x":-68.29,"y":-126.83,"width":308,"height":120},"cb_c_08_":{"x":-68.29,"y":-126.83,"width":308,"height":120},"cb_c_09_":{"x":-68.29,"y":-126.83,"width":308,"height":120},"cb_c_10_":{"x":-68.29,"y":-126.83,"width":308,"height":120},"cb_c_11_":{"x":-68.29,"y":-126.83,"width":308,"height":120},"cb_c_12_":{"x":-68.29,"y":-126.83,"width":308,"height":120},"cb_c_13_":{"x":-68.29,"y":-126.83,"width":308,"height":120},"cb_c_14_":{"x":-68.29,"y":-126.83,"width":308,"height":120},"cb_c_15_":{"x":-68.29,"y":-126.83,"width":308,"height":120},"cb_c_16_":{"x":-68.29,"y":-126.83,"width":308,"height":120},"cb_c_17_":{"x":-68.29,"y":-126.83,"width":308,"height":120},"cb_c_18_":{"x":-68.29,"y":-126.83,"width":308,"height":120},"cb_c_19_":{"x":-68.29,"y":-126.83,"width":308,"height":120},"cb_c_20_":{"x":-68.29,"y":-126.83,"width":308,"height":120},"cb_c_21_":{"x":-68.29,"y":-126.83,"width":308,"height":120},"cb_c_22_":{"x":-68.29,"y":-126.83,"width":308,"height":120},"cb_c_23_":{"x":-68.29,"y":-126.83,"width":308,"height":120}}}},"animations":{"animation":{"slots":{"a":{"attachment":[{"time":0.1,"name":"cb_a_01_"},{"time":0.1667,"name":"cb_a_02_"},{"time":0.2667,"name":"cb_a_03_"},{"time":0.3333,"name":"cb_a_04_"},{"time":0.4333,"name":"cb_a_05_"},{"time":0.5,"name":"cb_a_06_"},{"time":0.6,"name":"cb_a_07_"},{"time":0.6667,"name":"cb_a_08_"},{"time":0.7667,"name":"cb_a_09_"},{"time":0.8333,"name":"cb_a_10_"},{"time":0.9333,"name":"cb_a_11_"},{"time":1,"name":"cb_a_12_"},{"time":1.1,"name":"cb_a_13_"},{"time":1.1667,"name":"cb_a_14_"},{"time":1.2667,"name":"cb_a_15_"},{"time":1.3333,"name":"cb_a_16_"},{"time":1.4333,"name":"cb_a_17_"},{"time":1.5,"name":"cb_a_18_"},{"time":1.6,"name":"cb_a_19_"},{"time":1.6667,"name":"cb_a_20_"},{"time":1.7667,"name":"cb_a_21_"},{"time":1.8333,"name":"cb_a_22_"},{"time":1.9333,"name":"cb_a_23_"},{"time":2,"name":"cb_a_00_"}]},"a2":{"attachment":[{"time":0.1,"name":"cb_a_01_"},{"time":0.1667,"name":"cb_a_02_"},{"time":0.2667,"name":"cb_a_03_"},{"time":0.3333,"name":"cb_a_04_"},{"time":0.4333,"name":"cb_a_05_"},{"time":0.5,"name":"cb_a_06_"},{"time":0.6,"name":"cb_a_07_"},{"time":0.6667,"name":"cb_a_08_"},{"time":0.7667,"name":"cb_a_09_"},{"time":0.8333,"name":"cb_a_10_"},{"time":0.9333,"name":"cb_a_11_"},{"time":1,"name":"cb_a_12_"},{"time":1.1,"name":"cb_a_13_"},{"time":1.1667,"name":"cb_a_14_"},{"time":1.2667,"name":"cb_a_15_"},{"time":1.3333,"name":"cb_a_16_"},{"time":1.4333,"name":"cb_a_17_"},{"time":1.5,"name":"cb_a_18_"},{"time":1.6,"name":"cb_a_19_"},{"time":1.6667,"name":"cb_a_20_"},{"time":1.7667,"name":"cb_a_21_"},{"time":1.8333,"name":"cb_a_22_"},{"time":1.9333,"name":"cb_a_23_"},{"time":2,"name":"cb_a_00_"}]},"b":{"attachment":[{"time":0.1,"name":"cb_b_01_"},{"time":0.1667,"name":"cb_b_02_"},{"time":0.2667,"name":"cb_b_03_"},{"time":0.3333,"name":"cb_b_04_"},{"time":0.4333,"name":"cb_b_05_"},{"time":0.5,"name":"cb_b_06_"},{"time":0.6,"name":"cb_b_07_"},{"time":0.6667,"name":"cb_b_08_"},{"time":0.7667,"name":"cb_b_09_"},{"time":0.8333,"name":"cb_b_10_"},{"time":0.9333,"name":"cb_b_11_"},{"time":1,"name":"cb_b_12_"},{"time":1.1,"name":"cb_b_13_"},{"time":1.1667,"name":"cb_b_14_"},{"time":1.2667,"name":"cb_b_15_"},{"time":1.3333,"name":"cb_b_16_"},{"time":1.4333,"name":"cb_b_17_"},{"time":1.5,"name":"cb_b_18_"},{"time":1.6,"name":"cb_b_19_"},{"time":1.6667,"name":"cb_b_20_"},{"time":1.7667,"name":"cb_b_21_"},{"time":1.8333,"name":"cb_b_22_"},{"time":1.9333,"name":"cb_b_23_"},{"time":2,"name":"cb_b_00_"}]},"b2":{"attachment":[{"time":0.1,"name":"cb_b_01_"},{"time":0.1667,"name":"cb_b_02_"},{"time":0.2667,"name":"cb_b_03_"},{"time":0.3333,"name":"cb_b_04_"},{"time":0.4333,"name":"cb_b_05_"},{"time":0.5,"name":"cb_b_06_"},{"time":0.6,"name":"cb_b_07_"},{"time":0.6667,"name":"cb_b_08_"},{"time":0.7667,"name":"cb_b_09_"},{"time":0.8333,"name":"cb_b_10_"},{"time":0.9333,"name":"cb_b_11_"},{"time":1,"name":"cb_b_12_"},{"time":1.1,"name":"cb_b_13_"},{"time":1.1667,"name":"cb_b_14_"},{"time":1.2667,"name":"cb_b_15_"},{"time":1.3333,"name":"cb_b_16_"},{"time":1.4333,"name":"cb_b_17_"},{"time":1.5,"name":"cb_b_18_"},{"time":1.6,"name":"cb_b_19_"},{"time":1.6667,"name":"cb_b_20_"},{"time":1.7667,"name":"cb_b_21_"},{"time":1.8333,"name":"cb_b_22_"},{"time":1.9333,"name":"cb_b_23_"},{"time":2,"name":"cb_b_00_"}]},"c":{"attachment":[{"time":0.1,"name":"cb_c_01_"},{"time":0.1667,"name":"cb_c_02_"},{"time":0.2667,"name":"cb_c_03_"},{"time":0.3333,"name":"cb_c_04_"},{"time":0.4333,"name":"cb_c_05_"},{"time":0.5,"name":"cb_c_06_"},{"time":0.6,"name":"cb_c_07_"},{"time":0.6667,"name":"cb_c_08_"},{"time":0.7667,"name":"cb_c_09_"},{"time":0.8333,"name":"cb_c_10_"},{"time":0.9333,"name":"cb_c_11_"},{"time":1,"name":"cb_c_12_"},{"time":1.1,"name":"cb_c_13_"},{"time":1.1667,"name":"cb_c_14_"},{"time":1.2667,"name":"cb_c_15_"},{"time":1.3333,"name":"cb_c_16_"},{"time":1.4333,"name":"cb_c_17_"},{"time":1.5,"name":"cb_c_18_"},{"time":1.6,"name":"cb_c_19_"},{"time":1.6667,"name":"cb_c_20_"},{"time":1.7667,"name":"cb_c_21_"},{"time":1.8333,"name":"cb_c_22_"},{"time":1.9333,"name":"cb_c_23_"},{"time":2,"name":"cb_c_00_"}]},"c2":{"attachment":[{"time":0.1,"name":"cb_c_01_"},{"time":0.1667,"name":"cb_c_02_"},{"time":0.2667,"name":"cb_c_03_"},{"time":0.3333,"name":"cb_c_04_"},{"time":0.4333,"name":"cb_c_05_"},{"time":0.5,"name":"cb_c_06_"},{"time":0.6,"name":"cb_c_07_"},{"time":0.6667,"name":"cb_c_08_"},{"time":0.7667,"name":"cb_c_09_"},{"time":0.8333,"name":"cb_c_10_"},{"time":0.9333,"name":"cb_c_11_"},{"time":1,"name":"cb_c_12_"},{"time":1.1,"name":"cb_c_13_"},{"time":1.1667,"name":"cb_c_14_"},{"time":1.2667,"name":"cb_c_15_"},{"time":1.3333,"name":"cb_c_16_"},{"time":1.4333,"name":"cb_c_17_"},{"time":1.5,"name":"cb_c_18_"},{"time":1.6,"name":"cb_c_19_"},{"time":1.6667,"name":"cb_c_20_"},{"time":1.7667,"name":"cb_c_21_"},{"time":1.8333,"name":"cb_c_22_"},{"time":1.9333,"name":"cb_c_23_"},{"time":2,"name":"cb_c_00_"}]}}}}}