{
"skeleton": { "hash": "/Y+e7X/Qo1DjfjFPnvr6dMSLTTI", "spine": "2.1.27", "width": 212.5, "height": 85 },
"bones": [
	{ "name": "root" }
],
"slots": [
	{ "name": "root", "bone": "root", "color": "ffffffa4", "attachment": "yz_0_" },
	{ "name": "Emo_xx_058_04_", "bone": "root" },
	{ "name": "Emo_xx_058_03_", "bone": "root" },
	{ "name": "Emo_xx_058_02_", "bone": "root" },
	{ "name": "Emo_xx_058_01_", "bone": "root" },
	{ "name": "Emo_xx_056_03_", "bone": "root" },
	{ "name": "Emo_xx_056_02_", "bone": "root" },
	{ "name": "Emo_xx_056_01_", "bone": "root" },
	{ "name": "Emo_xx_052_05_", "bone": "root" },
	{ "name": "Emo_xx_052_04_", "bone": "root" },
	{ "name": "Emo_xx_052_03_", "bone": "root" },
	{ "name": "Emo_xx_052_02_", "bone": "root" },
	{ "name": "Emo_xx_052_01_", "bone": "root" },
	{ "name": "Emo_xx_050_03_", "bone": "root" },
	{ "name": "Emo_xx_050_02_", "bone": "root" },
	{ "name": "Emo_xx_050_01_", "bone": "root" },
	{ "name": "Emo_xx_048_03_", "bone": "root" },
	{ "name": "Emo_xx_048_02_", "bone": "root" },
	{ "name": "Emo_xx_048_01_", "bone": "root" },
	{ "name": "Emo_xx_046_03_", "bone": "root" },
	{ "name": "Emo_xx_046_02_", "bone": "root" },
	{ "name": "Emo_xx_046_01_", "bone": "root" },
	{ "name": "Emo_xx_044_02_", "bone": "root" },
	{ "name": "Emo_xx_044_01_", "bone": "root" },
	{ "name": "Emo_xx_042_02_", "bone": "root" },
	{ "name": "Emo_xx_042_01_", "bone": "root" },
	{ "name": "Emo_xx_040_02_", "bone": "root" },
	{ "name": "Emo_xx_040_01_", "bone": "root" },
	{ "name": "Emo_xx_038_02_", "bone": "root" },
	{ "name": "Emo_xx_038_01_", "bone": "root" },
	{ "name": "Emo_xx_036_02_", "bone": "root" },
	{ "name": "Emo_xx_036_01_", "bone": "root" },
	{ "name": "Emo_xx_034_02_", "bone": "root" },
	{ "name": "Emo_xx_034_01_", "bone": "root" },
	{ "name": "Emo_xx_032_03_", "bone": "root" },
	{ "name": "Emo_xx_032_02_", "bone": "root" },
	{ "name": "Emo_xx_032_01_", "bone": "root" },
	{ "name": "Emo_xx_030_03_", "bone": "root" },
	{ "name": "Emo_xx_030_02_", "bone": "root" },
	{ "name": "Emo_xx_030_01_", "bone": "root" },
	{ "name": "Emo_xx_028_04_", "bone": "root" },
	{ "name": "Emo_xx_028_03_", "bone": "root" },
	{ "name": "Emo_xx_028_02_", "bone": "root" },
	{ "name": "Emo_xx_028_01_", "bone": "root" },
	{ "name": "Emo_xx_026_04_", "bone": "root" },
	{ "name": "Emo_xx_026_03_", "bone": "root" },
	{ "name": "Emo_xx_026_02_", "bone": "root" },
	{ "name": "Emo_xx_026_01_", "bone": "root" },
	{ "name": "Emo_xx_024_04_", "bone": "root" },
	{ "name": "Emo_xx_024_03_", "bone": "root" },
	{ "name": "Emo_xx_024_02_", "bone": "root" },
	{ "name": "Emo_xx_024_01_", "bone": "root" },
	{ "name": "Emo_xx_022_04_", "bone": "root" },
	{ "name": "Emo_xx_022_03_", "bone": "root" },
	{ "name": "Emo_xx_022_02_", "bone": "root" },
	{ "name": "Emo_xx_022_01_", "bone": "root" },
	{ "name": "Emo_xx_020_05_", "bone": "root" },
	{ "name": "Emo_xx_020_04_", "bone": "root" },
	{ "name": "Emo_xx_020_03_", "bone": "root" },
	{ "name": "Emo_xx_020_02_", "bone": "root" },
	{ "name": "Emo_xx_020_01_", "bone": "root" },
	{ "name": "Emo_xx_018_03_", "bone": "root" },
	{ "name": "Emo_xx_018_02_", "bone": "root" },
	{ "name": "Emo_xx_018_01_", "bone": "root" },
	{ "name": "Emo_xx_016_03_", "bone": "root" },
	{ "name": "Emo_xx_016_02_", "bone": "root" },
	{ "name": "Emo_xx_016_01_", "bone": "root" },
	{ "name": "Emo_xx_014_03_", "bone": "root" },
	{ "name": "Emo_xx_014_02_", "bone": "root" },
	{ "name": "Emo_xx_014_01_", "bone": "root" },
	{ "name": "Emo_xx_012_03_", "bone": "root" },
	{ "name": "Emo_xx_012_02_", "bone": "root" },
	{ "name": "Emo_xx_012_01_", "bone": "root" },
	{ "name": "Emo_xx_010_02_", "bone": "root" },
	{ "name": "Emo_xx_010_01_", "bone": "root" },
	{ "name": "Emo_xx_008_03_", "bone": "root" },
	{ "name": "Emo_xx_008_02_", "bone": "root" },
	{ "name": "Emo_xx_008_01_", "bone": "root" },
	{ "name": "Emo_xx_006_04_", "bone": "root" },
	{ "name": "Emo_xx_006_03_", "bone": "root" },
	{ "name": "Emo_xx_006_02_", "bone": "root" },
	{ "name": "Emo_xx_006_01_", "bone": "root" },
	{ "name": "Emo_xx_004_04_", "bone": "root" },
	{ "name": "Emo_xx_004_03_", "bone": "root" },
	{ "name": "Emo_xx_004_02_", "bone": "root" },
	{ "name": "Emo_xx_004_01_", "bone": "root" },
	{ "name": "Emo_xx_002_05_", "bone": "root" },
	{ "name": "Emo_xx_002_04_", "bone": "root" },
	{ "name": "Emo_xx_002_03_", "bone": "root" },
	{ "name": "Emo_xx_002_02_", "bone": "root" },
	{ "name": "Emo_xx_002_01_", "bone": "root" },
	{ "name": "Emo_xx_000_04_", "bone": "root" },
	{ "name": "Emo_xx_000_03_", "bone": "root" },
	{ "name": "Emo_xx_000_02_", "bone": "root" },
	{ "name": "Emo_xx_000_01_", "bone": "root" },
	{ "name": "Emo_dj_027_04_", "bone": "root" },
	{ "name": "Emo_dj_027_03_", "bone": "root" },
	{ "name": "Emo_dj_027_02_", "bone": "root" },
	{ "name": "Emo_dj_027_01_", "bone": "root" },
	{ "name": "Emo_dj_024_04_", "bone": "root" },
	{ "name": "Emo_dj_024_03_", "bone": "root" },
	{ "name": "Emo_dj_024_02_", "bone": "root" },
	{ "name": "Emo_dj_024_01_", "bone": "root" },
	{ "name": "Emo_dj_021_04_", "bone": "root" },
	{ "name": "Emo_dj_021_03_", "bone": "root" },
	{ "name": "Emo_dj_021_02_", "bone": "root" },
	{ "name": "Emo_dj_021_01_", "bone": "root" },
	{ "name": "Emo_dj_018_04_", "bone": "root" },
	{ "name": "Emo_dj_018_03_", "bone": "root" },
	{ "name": "Emo_dj_018_02_", "bone": "root" },
	{ "name": "Emo_dj_018_01_", "bone": "root" },
	{ "name": "Emo_dj_015_04_", "bone": "root" },
	{ "name": "Emo_dj_015_03_", "bone": "root" },
	{ "name": "Emo_dj_015_02_", "bone": "root" },
	{ "name": "Emo_dj_015_01_", "bone": "root" },
	{ "name": "Emo_dj_012_04_", "bone": "root" },
	{ "name": "Emo_dj_012_03_", "bone": "root" },
	{ "name": "Emo_dj_012_02_", "bone": "root" },
	{ "name": "Emo_dj_012_01_", "bone": "root" },
	{ "name": "Emo_dj_009_04_", "bone": "root" },
	{ "name": "Emo_dj_009_03_", "bone": "root" },
	{ "name": "Emo_dj_009_02_", "bone": "root" },
	{ "name": "Emo_dj_009_01_", "bone": "root" },
	{ "name": "Emo_dj_006_04_", "bone": "root" },
	{ "name": "Emo_dj_006_03_", "bone": "root" },
	{ "name": "Emo_dj_006_02_", "bone": "root" },
	{ "name": "Emo_dj_006_01_", "bone": "root" },
	{ "name": "Emo_dj_003_04_", "bone": "root" },
	{ "name": "Emo_dj_003_03_", "bone": "root" },
	{ "name": "Emo_dj_003_02_", "bone": "root" },
	{ "name": "Emo_dj_003_01_", "bone": "root" },
	{ "name": "Emo_dj_000_04_", "bone": "root" },
	{ "name": "Emo_dj_000_03_", "bone": "root" },
	{ "name": "Emo_dj_000_02_", "bone": "root" },
	{ "name": "Emo_dj_000_01_", "bone": "root" }
],
"skins": {
	"default": {
		"Emo_dj_000_01_": {
			"Emo_dj_000_01_": { "x": -21.99, "y": 190, "width": 116, "height": 92 }
		},
		"Emo_dj_000_02_": {
			"Emo_dj_000_02_": { "x": -121.49, "y": 116, "width": 97, "height": 56 }
		},
		"Emo_dj_000_03_": {
			"Emo_dj_000_03_": { "x": -14.99, "y": 69, "width": 122, "height": 150 }
		},
		"Emo_dj_000_04_": {
			"Emo_dj_000_04_": { "x": 89, "y": 118, "width": 86, "height": 34 }
		},
		"Emo_dj_003_01_": {
			"Emo_dj_003_01_": { "x": 77.5, "y": 120.5, "width": 103, "height": 39 }
		},
		"Emo_dj_003_02_": {
			"Emo_dj_003_02_": { "x": -125.99, "y": 109.5, "width": 80, "height": 55 }
		},
		"Emo_dj_003_03_": {
			"Emo_dj_003_03_": { "x": -24.99, "y": 163.5, "width": 122, "height": 145 }
		},
		"Emo_dj_003_04_": {
			"Emo_dj_003_04_": { "x": -11.99, "y": 42.5, "width": 110, "height": 97 }
		},
		"Emo_dj_006_01_": {
			"Emo_dj_006_01_": { "x": 77, "y": 121.5, "width": 100, "height": 45 }
		},
		"Emo_dj_006_02_": {
			"Emo_dj_006_02_": { "x": -121.99, "y": 113, "width": 78, "height": 68 }
		},
		"Emo_dj_006_03_": {
			"Emo_dj_006_03_": { "x": -23.49, "y": 161, "width": 119, "height": 152 }
		},
		"Emo_dj_006_04_": {
			"Emo_dj_006_04_": { "x": -12.99, "y": 39.5, "width": 114, "height": 91 }
		},
		"Emo_dj_009_01_": {
			"Emo_dj_009_01_": { "x": 75.5, "y": 122, "width": 101, "height": 40 }
		},
		"Emo_dj_009_02_": {
			"Emo_dj_009_02_": { "x": -123.99, "y": 118.5, "width": 82, "height": 87 }
		},
		"Emo_dj_009_03_": {
			"Emo_dj_009_03_": { "x": -23.99, "y": 164.5, "width": 118, "height": 145 }
		},
		"Emo_dj_009_04_": {
			"Emo_dj_009_04_": { "x": -11.49, "y": 43, "width": 111, "height": 98 }
		},
		"Emo_dj_012_01_": {
			"Emo_dj_012_01_": { "x": -128.49, "y": 111, "width": 73, "height": 54 }
		},
		"Emo_dj_012_02_": {
			"Emo_dj_012_02_": { "x": 78.5, "y": 119, "width": 91, "height": 36 }
		},
		"Emo_dj_012_03_": {
			"Emo_dj_012_03_": { "x": -28.99, "y": 165.5, "width": 126, "height": 145 }
		},
		"Emo_dj_012_04_": {
			"Emo_dj_012_04_": { "x": -12.49, "y": 43.5, "width": 113, "height": 99 }
		},
		"Emo_dj_015_01_": {
			"Emo_dj_015_01_": { "x": 73, "y": 114, "width": 98, "height": 32 }
		},
		"Emo_dj_015_02_": {
			"Emo_dj_015_02_": { "x": -124.99, "y": 107, "width": 84, "height": 48 }
		},
		"Emo_dj_015_03_": {
			"Emo_dj_015_03_": { "x": -24.99, "y": 164, "width": 116, "height": 148 }
		},
		"Emo_dj_015_04_": {
			"Emo_dj_015_04_": { "x": -12.99, "y": 41.5, "width": 114, "height": 97 }
		},
		"Emo_dj_018_01_": {
			"Emo_dj_018_01_": { "x": 74, "y": 112, "width": 94, "height": 32 }
		},
		"Emo_dj_018_02_": {
			"Emo_dj_018_02_": { "x": -119.49, "y": 95, "width": 73, "height": 52 }
		},
		"Emo_dj_018_03_": {
			"Emo_dj_018_03_": { "x": -25.49, "y": 165, "width": 115, "height": 144 }
		},
		"Emo_dj_018_04_": {
			"Emo_dj_018_04_": { "x": -13.99, "y": 43.5, "width": 126, "height": 99 }
		},
		"Emo_dj_021_01_": {
			"Emo_dj_021_01_": { "x": 76, "y": 113.5, "width": 92, "height": 39 }
		},
		"Emo_dj_021_02_": {
			"Emo_dj_021_02_": { "x": -116.49, "y": 89.5, "width": 53, "height": 69 }
		},
		"Emo_dj_021_03_": {
			"Emo_dj_021_03_": { "x": -29.99, "y": 159.5, "width": 120, "height": 155 }
		},
		"Emo_dj_021_04_": {
			"Emo_dj_021_04_": { "x": -18.99, "y": 37.5, "width": 124, "height": 89 }
		},
		"Emo_dj_024_01_": {
			"Emo_dj_024_01_": { "x": 76, "y": 110, "width": 102, "height": 32 }
		},
		"Emo_dj_024_02_": {
			"Emo_dj_024_02_": { "x": -118.49, "y": 99.5, "width": 57, "height": 87 }
		},
		"Emo_dj_024_03_": {
			"Emo_dj_024_03_": { "x": -29.49, "y": 162.5, "width": 121, "height": 149 }
		},
		"Emo_dj_024_04_": {
			"Emo_dj_024_04_": { "x": -13.49, "y": 41, "width": 115, "height": 94 }
		},
		"Emo_dj_027_01_": {
			"Emo_dj_027_01_": { "x": 78.5, "y": 114.5, "width": 105, "height": 33 }
		},
		"Emo_dj_027_02_": {
			"Emo_dj_027_02_": { "x": -122.49, "y": 110.5, "width": 77, "height": 75 }
		},
		"Emo_dj_027_03_": {
			"Emo_dj_027_03_": { "x": -24.99, "y": 163, "width": 118, "height": 146 }
		},
		"Emo_dj_027_04_": {
			"Emo_dj_027_04_": { "x": -15.49, "y": 42, "width": 117, "height": 96 }
		},
		"Emo_xx_000_01_": {
			"Emo_xx_000_01_": { "x": -128.99, "y": 121.5, "width": 92, "height": 97 }
		},
		"Emo_xx_000_02_": {
			"Emo_xx_000_02_": { "x": -16.99, "y": 174.5, "width": 132, "height": 187 }
		},
		"Emo_xx_000_03_": {
			"Emo_xx_000_03_": { "x": 92, "y": 126, "width": 86, "height": 98 }
		},
		"Emo_xx_000_04_": {
			"Emo_xx_000_04_": { "x": -15.99, "y": 24.5, "width": 126, "height": 113 }
		},
		"Emo_xx_002_01_": {
			"Emo_xx_002_01_": { "x": 7, "y": 231.5, "width": 124, "height": 79 }
		},
		"Emo_xx_002_02_": {
			"Emo_xx_002_02_": { "x": -132.99, "y": 131.5, "width": 64, "height": 77 }
		},
		"Emo_xx_002_03_": {
			"Emo_xx_002_03_": { "x": -13.99, "y": 137.5, "width": 174, "height": 127 }
		},
		"Emo_xx_002_04_": {
			"Emo_xx_002_04_": { "x": 6.5, "y": 23, "width": 181, "height": 102 }
		},
		"Emo_xx_002_05_": {
			"Emo_xx_002_05_": { "x": 99.5, "y": 102.5, "width": 53, "height": 51 }
		},
		"Emo_xx_004_01_": {
			"Emo_xx_004_01_": { "x": 86, "y": 288, "width": 42, "height": 178 }
		},
		"Emo_xx_004_02_": {
			"Emo_xx_004_02_": { "x": -12.49, "y": 186.5, "width": 291, "height": 167 }
		},
		"Emo_xx_004_03_": {
			"Emo_xx_004_03_": { "x": -13.99, "y": 35.5, "width": 228, "height": 135 }
		},
		"Emo_xx_004_04_": {
			"Emo_xx_004_04_": { "x": 125, "y": 71.5, "width": 50, "height": 23 }
		},
		"Emo_xx_006_01_": {
			"Emo_xx_006_01_": { "x": -16.49, "y": 175.5, "width": 293, "height": 179 }
		},
		"Emo_xx_006_02_": {
			"Emo_xx_006_02_": { "x": -15.49, "y": 27.5, "width": 267, "height": 117 }
		},
		"Emo_xx_006_03_": {
			"Emo_xx_006_03_": { "x": -6.99, "y": 310, "width": 52, "height": 90 }
		},
		"Emo_xx_006_04_": {
			"Emo_xx_006_04_": { "x": 90.5, "y": 301.5, "width": 15, "height": 73 }
		},
		"Emo_xx_008_01_": {
			"Emo_xx_008_01_": { "x": -10.99, "y": 189.5, "width": 310, "height": 181 }
		},
		"Emo_xx_008_02_": {
			"Emo_xx_008_02_": { "x": -10.49, "y": 32.5, "width": 309, "height": 133 }
		},
		"Emo_xx_008_03_": {
			"Emo_xx_008_03_": { "x": 14, "y": 312, "width": 60, "height": 64 }
		},
		"Emo_xx_010_01_": {
			"Emo_xx_010_01_": { "x": -14.99, "y": 201, "width": 326, "height": 204 }
		},
		"Emo_xx_010_02_": {
			"Emo_xx_010_02_": { "x": -6.99, "y": 33, "width": 300, "height": 132 }
		},
		"Emo_xx_012_01_": {
			"Emo_xx_012_01_": { "x": 114, "y": 129.5, "width": 104, "height": 235 }
		},
		"Emo_xx_012_02_": {
			"Emo_xx_012_02_": { "x": -52.99, "y": 194.5, "width": 230, "height": 201 }
		},
		"Emo_xx_012_03_": {
			"Emo_xx_012_03_": { "x": -44.49, "y": 31, "width": 213, "height": 126 }
		},
		"Emo_xx_014_01_": {
			"Emo_xx_014_01_": { "x": 120, "y": 150, "width": 90, "height": 216 }
		},
		"Emo_xx_014_02_": {
			"Emo_xx_014_02_": { "x": -47.49, "y": 201.5, "width": 247, "height": 161 }
		},
		"Emo_xx_014_03_": {
			"Emo_xx_014_03_": { "x": -26.49, "y": 43.5, "width": 257, "height": 155 }
		},
		"Emo_xx_016_01_": {
			"Emo_xx_016_01_": { "x": -95.49, "y": 122.5, "width": 135, "height": 263 }
		},
		"Emo_xx_016_02_": {
			"Emo_xx_016_02_": { "x": 64.5, "y": 201.5, "width": 185, "height": 205 }
		},
		"Emo_xx_016_03_": {
			"Emo_xx_016_03_": { "x": 60, "y": 31, "width": 180, "height": 136 }
		},
		"Emo_xx_018_01_": {
			"Emo_xx_018_01_": { "x": 87, "y": 120.5, "width": 120, "height": 317 }
		},
		"Emo_xx_018_02_": {
			"Emo_xx_018_02_": { "x": -12.99, "y": 240.5, "width": 80, "height": 71 }
		},
		"Emo_xx_018_03_": {
			"Emo_xx_018_03_": { "x": -59.49, "y": 87, "width": 173, "height": 236 }
		},
		"Emo_xx_020_01_": {
			"Emo_xx_020_01_": { "x": 121, "y": 156.5, "width": 112, "height": 235 }
		},
		"Emo_xx_020_02_": {
			"Emo_xx_020_02_": { "x": -12.49, "y": 238.5, "width": 81, "height": 71 }
		},
		"Emo_xx_020_03_": {
			"Emo_xx_020_03_": { "x": -40.49, "y": 157.5, "width": 211, "height": 113 }
		},
		"Emo_xx_020_04_": {
			"Emo_xx_020_04_": { "x": -40.49, "y": 27, "width": 223, "height": 148 }
		},
		"Emo_xx_020_05_": {
			"Emo_xx_020_05_": { "x": 89, "y": 22, "width": 36, "height": 34 }
		},
		"Emo_xx_022_01_": {
			"Emo_xx_022_01_": { "x": -75.49, "y": 99.5, "width": 189, "height": 333 }
		},
		"Emo_xx_022_02_": {
			"Emo_xx_022_02_": { "x": 108.5, "y": 180.5, "width": 179, "height": 131 }
		},
		"Emo_xx_022_03_": {
			"Emo_xx_022_03_": { "x": 84.5, "y": 28, "width": 131, "height": 174 }
		},
		"Emo_xx_022_04_": {
			"Emo_xx_022_04_": { "x": -189.49, "y": 90, "width": 39, "height": 10 }
		},
		"Emo_xx_024_01_": {
			"Emo_xx_024_01_": { "x": -34.99, "y": 316, "width": 144, "height": 112 }
		},
		"Emo_xx_024_02_": {
			"Emo_xx_024_02_": { "x": 2.5, "y": 200, "width": 371, "height": 176 }
		},
		"Emo_xx_024_03_": {
			"Emo_xx_024_03_": { "x": -102.49, "y": 19.5, "width": 189, "height": 185 }
		},
		"Emo_xx_024_04_": {
			"Emo_xx_024_04_": { "x": 64, "y": 13, "width": 144, "height": 198 }
		},
		"Emo_xx_026_01_": {
			"Emo_xx_026_01_": { "x": -105.99, "y": 310, "width": 320, "height": 98 }
		},
		"Emo_xx_026_02_": {
			"Emo_xx_026_02_": { "x": -34.99, "y": 208, "width": 372, "height": 106 }
		},
		"Emo_xx_026_03_": {
			"Emo_xx_026_03_": { "x": -19.49, "y": 105, "width": 327, "height": 100 }
		},
		"Emo_xx_026_04_": {
			"Emo_xx_026_04_": { "x": -15.99, "y": -14.99, "width": 308, "height": 140 }
		},
		"Emo_xx_028_01_": {
			"Emo_xx_028_01_": { "x": -15.49, "y": 321.5, "width": 133, "height": 29 }
		},
		"Emo_xx_028_02_": {
			"Emo_xx_028_02_": { "x": -9.49, "y": 258.5, "width": 269, "height": 97 }
		},
		"Emo_xx_028_03_": {
			"Emo_xx_028_03_": { "x": -16.99, "y": 141.5, "width": 332, "height": 137 }
		},
		"Emo_xx_028_04_": {
			"Emo_xx_028_04_": { "x": -15.99, "y": -7.99, "width": 324, "height": 162 }
		},
		"Emo_xx_030_01_": {
			"Emo_xx_030_01_": { "x": -25.99, "y": 267, "width": 322, "height": 186 }
		},
		"Emo_xx_030_02_": {
			"Emo_xx_030_02_": { "x": -14.99, "y": 116, "width": 338, "height": 116 }
		},
		"Emo_xx_030_03_": {
			"Emo_xx_030_03_": { "x": -13.99, "y": -16.49, "width": 332, "height": 149 }
		},
		"Emo_xx_032_01_": {
			"Emo_xx_032_01_": { "x": -25.49, "y": 270.5, "width": 353, "height": 207 }
		},
		"Emo_xx_032_02_": {
			"Emo_xx_032_02_": { "x": -16.49, "y": 96, "width": 357, "height": 142 }
		},
		"Emo_xx_032_03_": {
			"Emo_xx_032_03_": { "x": -21.49, "y": -34.49, "width": 317, "height": 119 }
		},
		"Emo_xx_034_01_": {
			"Emo_xx_034_01_": { "x": -22.99, "y": 273.5, "width": 384, "height": 235 }
		},
		"Emo_xx_034_02_": {
			"Emo_xx_034_02_": { "x": -21.49, "y": 68, "width": 377, "height": 176 }
		},
		"Emo_xx_036_01_": {
			"Emo_xx_036_01_": { "x": -22.49, "y": 288.5, "width": 377, "height": 199 }
		},
		"Emo_xx_036_02_": {
			"Emo_xx_036_02_": { "x": -20.99, "y": 87, "width": 380, "height": 204 }
		},
		"Emo_xx_038_01_": {
			"Emo_xx_038_01_": { "x": -1.99, "y": 197, "width": 342, "height": 184 }
		},
		"Emo_xx_038_02_": {
			"Emo_xx_038_02_": { "x": 19.5, "y": 45, "width": 303, "height": 120 }
		},
		"Emo_xx_040_01_": {
			"Emo_xx_040_01_": { "x": 2.5, "y": 206.5, "width": 327, "height": 175 }
		},
		"Emo_xx_040_02_": {
			"Emo_xx_040_02_": { "x": 19.5, "y": 52, "width": 295, "height": 134 }
		},
		"Emo_xx_042_01_": {
			"Emo_xx_042_01_": { "x": 18.5, "y": 199, "width": 315, "height": 184 }
		},
		"Emo_xx_042_02_": {
			"Emo_xx_042_02_": { "x": 26, "y": 46.5, "width": 302, "height": 121 }
		},
		"Emo_xx_044_01_": {
			"Emo_xx_044_01_": { "x": 3.5, "y": 266.5, "width": 297, "height": 145 }
		},
		"Emo_xx_044_02_": {
			"Emo_xx_044_02_": { "x": 25, "y": 82.5, "width": 308, "height": 223 }
		},
		"Emo_xx_046_01_": {
			"Emo_xx_046_01_": { "x": 5, "y": 250, "width": 284, "height": 168 }
		},
		"Emo_xx_046_02_": {
			"Emo_xx_046_02_": { "x": -0.49, "y": 65, "width": 179, "height": 202 }
		},
		"Emo_xx_046_03_": {
			"Emo_xx_046_03_": { "x": 131.49, "y": 100.5, "width": 85, "height": 107 }
		},
		"Emo_xx_048_01_": {
			"Emo_xx_048_01_": { "x": -51.99, "y": 264, "width": 118, "height": 48 }
		},
		"Emo_xx_048_02_": {
			"Emo_xx_048_02_": { "x": 14.5, "y": 213.5, "width": 171, "height": 155 }
		},
		"Emo_xx_048_03_": {
			"Emo_xx_048_03_": { "x": 10.5, "y": 49.5, "width": 197, "height": 173 }
		},
		"Emo_xx_050_01_": {
			"Emo_xx_050_01_": { "x": 74.5, "y": 217.5, "width": 33, "height": 121 }
		},
		"Emo_xx_050_02_": {
			"Emo_xx_050_02_": { "x": -126.49, "y": 88.5, "width": 111, "height": 249 }
		},
		"Emo_xx_050_03_": {
			"Emo_xx_050_03_": { "x": 16, "y": 98.5, "width": 174, "height": 277 }
		},
		"Emo_xx_052_01_": {
			"Emo_xx_052_01_": { "x": -136.49, "y": 100, "width": 159, "height": 254 }
		},
		"Emo_xx_052_02_": {
			"Emo_xx_052_02_": { "x": 13, "y": 98.5, "width": 140, "height": 275 }
		},
		"Emo_xx_052_03_": {
			"Emo_xx_052_03_": { "x": -163.49, "y": 167.5, "width": 101, "height": 127 }
		},
		"Emo_xx_052_04_": {
			"Emo_xx_052_04_": { "x": -30.99, "y": 156.5, "width": 170, "height": 157 }
		},
		"Emo_xx_052_05_": {
			"Emo_xx_052_05_": { "x": -44.49, "y": 14.5, "width": 219, "height": 127 }
		},
		"Emo_xx_056_01_": {
			"Emo_xx_056_01_": { "x": -147.49, "y": 140, "width": 117, "height": 126 }
		},
		"Emo_xx_056_02_": {
			"Emo_xx_056_02_": { "x": -20.99, "y": 162.5, "width": 136, "height": 143 }
		},
		"Emo_xx_056_03_": {
			"Emo_xx_056_03_": { "x": 5, "y": 26.5, "width": 188, "height": 129 }
		},
		"Emo_xx_058_01_": {
			"Emo_xx_058_01_": { "x": -121.99, "y": 127, "width": 104, "height": 116 }
		},
		"Emo_xx_058_02_": {
			"Emo_xx_058_02_": { "x": 91, "y": 130.5, "width": 92, "height": 107 }
		},
		"Emo_xx_058_03_": {
			"Emo_xx_058_03_": { "x": -12.49, "y": 161, "width": 115, "height": 168 }
		},
		"Emo_xx_058_04_": {
			"Emo_xx_058_04_": { "x": 15, "y": 30, "width": 152, "height": 94 }
		},
		"root": {
			"yz_0_": { "scaleX": 2.5, "width": 85, "height": 85 }
		}
	}
},
"animations": {
	"animation": {
		"slots": {
			"Emo_dj_000_01_": {
				"attachment": [
					{ "time": 0, "name": "Emo_dj_000_01_" },
					{ "time": 0.0666, "name": "Emo_dj_000_01_" },
					{ "time": 0.1333, "name": null },
					{ "time": 1.3333, "name": "Emo_dj_000_01_" },
					{ "time": 1.4, "name": "Emo_dj_000_01_" },
					{ "time": 1.4666, "name": null }
				]
			},
			"Emo_dj_000_02_": {
				"attachment": [
					{ "time": 0, "name": "Emo_dj_000_02_" },
					{ "time": 0.0666, "name": "Emo_dj_000_02_" },
					{ "time": 0.1333, "name": null },
					{ "time": 1.3333, "name": "Emo_dj_000_02_" },
					{ "time": 1.4, "name": "Emo_dj_000_02_" },
					{ "time": 1.4666, "name": null }
				]
			},
			"Emo_dj_000_03_": {
				"attachment": [
					{ "time": 0, "name": "Emo_dj_000_03_" },
					{ "time": 0.0666, "name": "Emo_dj_000_03_" },
					{ "time": 0.1333, "name": null },
					{ "time": 1.3333, "name": "Emo_dj_000_03_" },
					{ "time": 1.4, "name": "Emo_dj_000_03_" },
					{ "time": 1.4666, "name": null }
				]
			},
			"Emo_dj_000_04_": {
				"attachment": [
					{ "time": 0, "name": "Emo_dj_000_04_" },
					{ "time": 0.0666, "name": "Emo_dj_000_04_" },
					{ "time": 0.1333, "name": null },
					{ "time": 1.3333, "name": "Emo_dj_000_04_" },
					{ "time": 1.4, "name": "Emo_dj_000_04_" },
					{ "time": 1.4666, "name": null }
				]
			},
			"Emo_dj_003_01_": {
				"attachment": [
					{ "time": 0, "name": null },
					{ "time": 0.0666, "name": null },
					{ "time": 0.1333, "name": "Emo_dj_003_01_" },
					{ "time": 0.2, "name": "Emo_dj_003_01_" },
					{ "time": 0.2666, "name": null },
					{ "time": 1.3333, "name": null },
					{ "time": 1.4, "name": null },
					{ "time": 1.4666, "name": "Emo_dj_003_01_" },
					{ "time": 1.5333, "name": "Emo_dj_003_01_" },
					{ "time": 1.6, "name": null }
				]
			},
			"Emo_dj_003_02_": {
				"attachment": [
					{ "time": 0, "name": null },
					{ "time": 0.0666, "name": null },
					{ "time": 0.1333, "name": "Emo_dj_003_02_" },
					{ "time": 0.2, "name": "Emo_dj_003_02_" },
					{ "time": 0.2666, "name": null },
					{ "time": 1.3333, "name": null },
					{ "time": 1.4, "name": null },
					{ "time": 1.4666, "name": "Emo_dj_003_02_" },
					{ "time": 1.5333, "name": "Emo_dj_003_02_" },
					{ "time": 1.6, "name": null }
				]
			},
			"Emo_dj_003_03_": {
				"attachment": [
					{ "time": 0, "name": null },
					{ "time": 0.0666, "name": null },
					{ "time": 0.1333, "name": "Emo_dj_003_03_" },
					{ "time": 0.2, "name": "Emo_dj_003_03_" },
					{ "time": 0.2666, "name": null },
					{ "time": 1.3333, "name": null },
					{ "time": 1.4, "name": null },
					{ "time": 1.4666, "name": "Emo_dj_003_03_" },
					{ "time": 1.5333, "name": "Emo_dj_003_03_" },
					{ "time": 1.6, "name": null }
				]
			},
			"Emo_dj_003_04_": {
				"attachment": [
					{ "time": 0, "name": null },
					{ "time": 0.0666, "name": null },
					{ "time": 0.1333, "name": "Emo_dj_003_04_" },
					{ "time": 0.2, "name": "Emo_dj_003_04_" },
					{ "time": 0.2666, "name": null },
					{ "time": 1.3333, "name": null },
					{ "time": 1.4, "name": null },
					{ "time": 1.4666, "name": "Emo_dj_003_04_" },
					{ "time": 1.5333, "name": "Emo_dj_003_04_" },
					{ "time": 1.6, "name": null }
				]
			},
			"Emo_dj_006_01_": {
				"attachment": [
					{ "time": 0, "name": null },
					{ "time": 0.2, "name": null },
					{ "time": 0.2666, "name": "Emo_dj_006_01_" },
					{ "time": 0.3333, "name": "Emo_dj_006_01_" },
					{ "time": 0.4, "name": null },
					{ "time": 1.3333, "name": null },
					{ "time": 1.5333, "name": null },
					{ "time": 1.6, "name": "Emo_dj_006_01_" },
					{ "time": 1.6666, "name": "Emo_dj_006_01_" },
					{ "time": 1.7333, "name": null }
				]
			},
			"Emo_dj_006_02_": {
				"attachment": [
					{ "time": 0, "name": null },
					{ "time": 0.2, "name": null },
					{ "time": 0.2666, "name": "Emo_dj_006_02_" },
					{ "time": 0.3333, "name": "Emo_dj_006_02_" },
					{ "time": 0.4, "name": null },
					{ "time": 1.3333, "name": null },
					{ "time": 1.5333, "name": null },
					{ "time": 1.6, "name": "Emo_dj_006_02_" },
					{ "time": 1.6666, "name": "Emo_dj_006_02_" },
					{ "time": 1.7333, "name": null }
				]
			},
			"Emo_dj_006_03_": {
				"attachment": [
					{ "time": 0, "name": null },
					{ "time": 0.2, "name": null },
					{ "time": 0.2666, "name": "Emo_dj_006_03_" },
					{ "time": 0.3333, "name": "Emo_dj_006_03_" },
					{ "time": 0.4, "name": null },
					{ "time": 1.3333, "name": null },
					{ "time": 1.5333, "name": null },
					{ "time": 1.6, "name": "Emo_dj_006_03_" },
					{ "time": 1.6666, "name": "Emo_dj_006_03_" },
					{ "time": 1.7333, "name": null }
				]
			},
			"Emo_dj_006_04_": {
				"attachment": [
					{ "time": 0, "name": null },
					{ "time": 0.2, "name": null },
					{ "time": 0.2666, "name": "Emo_dj_006_04_" },
					{ "time": 0.3333, "name": "Emo_dj_006_04_" },
					{ "time": 0.4, "name": null },
					{ "time": 1.3333, "name": null },
					{ "time": 1.5333, "name": null },
					{ "time": 1.6, "name": "Emo_dj_006_04_" },
					{ "time": 1.6666, "name": "Emo_dj_006_04_" },
					{ "time": 1.7333, "name": null }
				]
			},
			"Emo_dj_009_01_": {
				"attachment": [
					{ "time": 0, "name": null },
					{ "time": 0.3333, "name": null },
					{ "time": 0.4, "name": "Emo_dj_009_01_" },
					{ "time": 0.4666, "name": "Emo_dj_009_01_" },
					{ "time": 0.5333, "name": null },
					{ "time": 1.3333, "name": null },
					{ "time": 1.6666, "name": null },
					{ "time": 1.7333, "name": "Emo_dj_009_01_" },
					{ "time": 1.8, "name": "Emo_dj_009_01_" },
					{ "time": 1.8666, "name": null }
				]
			},
			"Emo_dj_009_02_": {
				"attachment": [
					{ "time": 0, "name": null },
					{ "time": 0.3333, "name": null },
					{ "time": 0.4, "name": "Emo_dj_009_02_" },
					{ "time": 0.4666, "name": "Emo_dj_009_02_" },
					{ "time": 0.5333, "name": null },
					{ "time": 1.3333, "name": null },
					{ "time": 1.6666, "name": null },
					{ "time": 1.7333, "name": "Emo_dj_009_02_" },
					{ "time": 1.8, "name": "Emo_dj_009_02_" },
					{ "time": 1.8666, "name": null }
				]
			},
			"Emo_dj_009_03_": {
				"attachment": [
					{ "time": 0, "name": null },
					{ "time": 0.3333, "name": null },
					{ "time": 0.4, "name": "Emo_dj_009_03_" },
					{ "time": 0.4666, "name": "Emo_dj_009_03_" },
					{ "time": 0.5333, "name": null },
					{ "time": 1.3333, "name": null },
					{ "time": 1.6666, "name": null },
					{ "time": 1.7333, "name": "Emo_dj_009_03_" },
					{ "time": 1.8, "name": "Emo_dj_009_03_" },
					{ "time": 1.8666, "name": null }
				]
			},
			"Emo_dj_009_04_": {
				"attachment": [
					{ "time": 0, "name": null },
					{ "time": 0.3333, "name": null },
					{ "time": 0.4, "name": "Emo_dj_009_04_" },
					{ "time": 0.4666, "name": "Emo_dj_009_04_" },
					{ "time": 0.5333, "name": null },
					{ "time": 1.3333, "name": null },
					{ "time": 1.6666, "name": null },
					{ "time": 1.7333, "name": "Emo_dj_009_04_" },
					{ "time": 1.8, "name": "Emo_dj_009_04_" },
					{ "time": 1.8666, "name": null }
				]
			},
			"Emo_dj_012_01_": {
				"attachment": [
					{ "time": 0, "name": null },
					{ "time": 0.4666, "name": null },
					{ "time": 0.5333, "name": "Emo_dj_012_01_" },
					{ "time": 0.6, "name": "Emo_dj_012_01_" },
					{ "time": 0.6666, "name": null },
					{ "time": 1.3333, "name": null },
					{ "time": 1.8, "name": null },
					{ "time": 1.8666, "name": "Emo_dj_012_01_" },
					{ "time": 1.9333, "name": "Emo_dj_012_01_" },
					{ "time": 2, "name": null }
				]
			},
			"Emo_dj_012_02_": {
				"attachment": [
					{ "time": 0, "name": null },
					{ "time": 0.4666, "name": null },
					{ "time": 0.5333, "name": "Emo_dj_012_02_" },
					{ "time": 0.6, "name": "Emo_dj_012_02_" },
					{ "time": 0.6666, "name": null },
					{ "time": 1.3333, "name": null },
					{ "time": 1.8, "name": null },
					{ "time": 1.8666, "name": "Emo_dj_012_02_" },
					{ "time": 1.9333, "name": "Emo_dj_012_02_" },
					{ "time": 2, "name": null }
				]
			},
			"Emo_dj_012_03_": {
				"attachment": [
					{ "time": 0, "name": null },
					{ "time": 0.4666, "name": null },
					{ "time": 0.5333, "name": "Emo_dj_012_03_" },
					{ "time": 0.6, "name": "Emo_dj_012_03_" },
					{ "time": 0.6666, "name": null },
					{ "time": 1.3333, "name": null },
					{ "time": 1.8, "name": null },
					{ "time": 1.8666, "name": "Emo_dj_012_03_" },
					{ "time": 1.9333, "name": "Emo_dj_012_03_" },
					{ "time": 2, "name": null }
				]
			},
			"Emo_dj_012_04_": {
				"attachment": [
					{ "time": 0, "name": null },
					{ "time": 0.4666, "name": null },
					{ "time": 0.5333, "name": "Emo_dj_012_04_" },
					{ "time": 0.6, "name": "Emo_dj_012_04_" },
					{ "time": 0.6666, "name": null },
					{ "time": 1.3333, "name": null },
					{ "time": 1.8, "name": null },
					{ "time": 1.8666, "name": "Emo_dj_012_04_" },
					{ "time": 1.9333, "name": "Emo_dj_012_04_" },
					{ "time": 2, "name": null }
				]
			},
			"Emo_dj_015_01_": {
				"attachment": [
					{ "time": 0, "name": null },
					{ "time": 0.6, "name": null },
					{ "time": 0.6666, "name": "Emo_dj_015_01_" },
					{ "time": 0.7333, "name": "Emo_dj_015_01_" },
					{ "time": 0.8, "name": null },
					{ "time": 1.3333, "name": null },
					{ "time": 1.9333, "name": null },
					{ "time": 2, "name": "Emo_dj_015_01_" },
					{ "time": 2.0666, "name": "Emo_dj_015_01_" },
					{ "time": 2.1333, "name": null }
				]
			},
			"Emo_dj_015_02_": {
				"attachment": [
					{ "time": 0, "name": null },
					{ "time": 0.6, "name": null },
					{ "time": 0.6666, "name": "Emo_dj_015_02_" },
					{ "time": 0.7333, "name": "Emo_dj_015_02_" },
					{ "time": 0.8, "name": null },
					{ "time": 1.3333, "name": null },
					{ "time": 1.9333, "name": null },
					{ "time": 2, "name": "Emo_dj_015_02_" },
					{ "time": 2.0666, "name": "Emo_dj_015_02_" },
					{ "time": 2.1333, "name": null }
				]
			},
			"Emo_dj_015_03_": {
				"attachment": [
					{ "time": 0, "name": null },
					{ "time": 0.6, "name": null },
					{ "time": 0.6666, "name": "Emo_dj_015_03_" },
					{ "time": 0.7333, "name": "Emo_dj_015_03_" },
					{ "time": 0.8, "name": null },
					{ "time": 1.3333, "name": null },
					{ "time": 1.9333, "name": null },
					{ "time": 2, "name": "Emo_dj_015_03_" },
					{ "time": 2.0666, "name": "Emo_dj_015_03_" },
					{ "time": 2.1333, "name": null }
				]
			},
			"Emo_dj_015_04_": {
				"attachment": [
					{ "time": 0, "name": null },
					{ "time": 0.6, "name": null },
					{ "time": 0.6666, "name": "Emo_dj_015_04_" },
					{ "time": 0.7333, "name": "Emo_dj_015_04_" },
					{ "time": 0.8, "name": null },
					{ "time": 1.3333, "name": null },
					{ "time": 1.9333, "name": null },
					{ "time": 2, "name": "Emo_dj_015_04_" },
					{ "time": 2.0666, "name": "Emo_dj_015_04_" },
					{ "time": 2.1333, "name": null }
				]
			},
			"Emo_dj_018_01_": {
				"attachment": [
					{ "time": 0, "name": null },
					{ "time": 0.7333, "name": null },
					{ "time": 0.8, "name": "Emo_dj_018_01_" },
					{ "time": 0.8666, "name": "Emo_dj_018_01_" },
					{ "time": 0.9333, "name": null },
					{ "time": 1.3333, "name": null },
					{ "time": 2.0666, "name": null },
					{ "time": 2.1333, "name": "Emo_dj_018_01_" },
					{ "time": 2.2, "name": "Emo_dj_018_01_" },
					{ "time": 2.2666, "name": null }
				]
			},
			"Emo_dj_018_02_": {
				"attachment": [
					{ "time": 0, "name": null },
					{ "time": 0.7333, "name": null },
					{ "time": 0.8, "name": "Emo_dj_018_02_" },
					{ "time": 0.8666, "name": "Emo_dj_018_02_" },
					{ "time": 0.9333, "name": null },
					{ "time": 1.3333, "name": null },
					{ "time": 2.0666, "name": null },
					{ "time": 2.1333, "name": "Emo_dj_018_02_" },
					{ "time": 2.2, "name": "Emo_dj_018_02_" },
					{ "time": 2.2666, "name": null }
				]
			},
			"Emo_dj_018_03_": {
				"attachment": [
					{ "time": 0, "name": null },
					{ "time": 0.7333, "name": null },
					{ "time": 0.8, "name": "Emo_dj_018_03_" },
					{ "time": 0.8666, "name": "Emo_dj_018_03_" },
					{ "time": 0.9333, "name": null },
					{ "time": 1.3333, "name": null },
					{ "time": 2.0666, "name": null },
					{ "time": 2.1333, "name": "Emo_dj_018_03_" },
					{ "time": 2.2, "name": "Emo_dj_018_03_" },
					{ "time": 2.2666, "name": null }
				]
			},
			"Emo_dj_018_04_": {
				"attachment": [
					{ "time": 0, "name": null },
					{ "time": 0.7333, "name": null },
					{ "time": 0.8, "name": "Emo_dj_018_04_" },
					{ "time": 0.8666, "name": "Emo_dj_018_04_" },
					{ "time": 0.9333, "name": null },
					{ "time": 1.3333, "name": null },
					{ "time": 2.0666, "name": null },
					{ "time": 2.1333, "name": "Emo_dj_018_04_" },
					{ "time": 2.2, "name": "Emo_dj_018_04_" },
					{ "time": 2.2666, "name": null }
				]
			},
			"Emo_dj_021_01_": {
				"attachment": [
					{ "time": 0, "name": null },
					{ "time": 0.8666, "name": null },
					{ "time": 0.9333, "name": "Emo_dj_021_01_" },
					{ "time": 1, "name": "Emo_dj_021_01_" },
					{ "time": 1.0666, "name": null },
					{ "time": 1.3333, "name": null },
					{ "time": 2.2, "name": null },
					{ "time": 2.2666, "name": "Emo_dj_021_01_" },
					{ "time": 2.3333, "name": "Emo_dj_021_01_" },
					{ "time": 2.4, "name": null }
				]
			},
			"Emo_dj_021_02_": {
				"attachment": [
					{ "time": 0, "name": null },
					{ "time": 0.8666, "name": null },
					{ "time": 0.9333, "name": "Emo_dj_021_02_" },
					{ "time": 1, "name": "Emo_dj_021_02_" },
					{ "time": 1.0666, "name": null },
					{ "time": 1.3333, "name": null },
					{ "time": 2.2, "name": null },
					{ "time": 2.2666, "name": "Emo_dj_021_02_" },
					{ "time": 2.3333, "name": "Emo_dj_021_02_" },
					{ "time": 2.4, "name": null }
				]
			},
			"Emo_dj_021_03_": {
				"attachment": [
					{ "time": 0, "name": null },
					{ "time": 0.8666, "name": null },
					{ "time": 0.9333, "name": "Emo_dj_021_03_" },
					{ "time": 1, "name": "Emo_dj_021_03_" },
					{ "time": 1.0666, "name": null },
					{ "time": 1.3333, "name": null },
					{ "time": 2.2, "name": null },
					{ "time": 2.2666, "name": "Emo_dj_021_03_" },
					{ "time": 2.3333, "name": "Emo_dj_021_03_" },
					{ "time": 2.4, "name": null }
				]
			},
			"Emo_dj_021_04_": {
				"attachment": [
					{ "time": 0, "name": null },
					{ "time": 0.8666, "name": null },
					{ "time": 0.9333, "name": "Emo_dj_021_04_" },
					{ "time": 1, "name": "Emo_dj_021_04_" },
					{ "time": 1.0666, "name": null },
					{ "time": 1.3333, "name": null },
					{ "time": 2.2, "name": null },
					{ "time": 2.2666, "name": "Emo_dj_021_04_" },
					{ "time": 2.3333, "name": "Emo_dj_021_04_" },
					{ "time": 2.4, "name": null }
				]
			},
			"Emo_dj_024_01_": {
				"attachment": [
					{ "time": 0, "name": null },
					{ "time": 1, "name": null },
					{ "time": 1.0666, "name": "Emo_dj_024_01_" },
					{ "time": 1.1333, "name": "Emo_dj_024_01_" },
					{ "time": 1.2, "name": null },
					{ "time": 1.3333, "name": null },
					{ "time": 2.3333, "name": null },
					{ "time": 2.4, "name": "Emo_dj_024_01_" },
					{ "time": 2.4666, "name": "Emo_dj_024_01_" },
					{ "time": 2.5333, "name": null }
				]
			},
			"Emo_dj_024_02_": {
				"attachment": [
					{ "time": 0, "name": null },
					{ "time": 1, "name": null },
					{ "time": 1.0666, "name": "Emo_dj_024_02_" },
					{ "time": 1.1333, "name": "Emo_dj_024_02_" },
					{ "time": 1.2, "name": null },
					{ "time": 1.3333, "name": null },
					{ "time": 2.3333, "name": null },
					{ "time": 2.4, "name": "Emo_dj_024_02_" },
					{ "time": 2.4666, "name": "Emo_dj_024_02_" },
					{ "time": 2.5333, "name": null }
				]
			},
			"Emo_dj_024_03_": {
				"attachment": [
					{ "time": 0, "name": null },
					{ "time": 1, "name": null },
					{ "time": 1.0666, "name": "Emo_dj_024_03_" },
					{ "time": 1.1333, "name": "Emo_dj_024_03_" },
					{ "time": 1.2, "name": null },
					{ "time": 1.3333, "name": null },
					{ "time": 2.3333, "name": null },
					{ "time": 2.4, "name": "Emo_dj_024_03_" },
					{ "time": 2.4666, "name": "Emo_dj_024_03_" },
					{ "time": 2.5333, "name": null }
				]
			},
			"Emo_dj_024_04_": {
				"attachment": [
					{ "time": 0, "name": null },
					{ "time": 1, "name": null },
					{ "time": 1.0666, "name": "Emo_dj_024_04_" },
					{ "time": 1.1333, "name": "Emo_dj_024_04_" },
					{ "time": 1.2, "name": null },
					{ "time": 1.3333, "name": null },
					{ "time": 2.3333, "name": null },
					{ "time": 2.4, "name": "Emo_dj_024_04_" },
					{ "time": 2.4666, "name": "Emo_dj_024_04_" },
					{ "time": 2.5333, "name": null }
				]
			},
			"Emo_dj_027_01_": {
				"attachment": [
					{ "time": 0, "name": null },
					{ "time": 1.1333, "name": null },
					{ "time": 1.2, "name": "Emo_dj_027_01_" },
					{ "time": 1.2666, "name": "Emo_dj_027_01_" },
					{ "time": 1.3333, "name": null },
					{ "time": 2.4666, "name": null },
					{ "time": 2.5333, "name": "Emo_dj_027_01_" },
					{ "time": 2.6, "name": "Emo_dj_027_01_" },
					{ "time": 2.6666, "name": null }
				]
			},
			"Emo_dj_027_02_": {
				"attachment": [
					{ "time": 0, "name": null },
					{ "time": 1.1333, "name": null },
					{ "time": 1.2, "name": "Emo_dj_027_02_" },
					{ "time": 1.2666, "name": "Emo_dj_027_02_" },
					{ "time": 1.3333, "name": null },
					{ "time": 2.4666, "name": null },
					{ "time": 2.5333, "name": "Emo_dj_027_02_" },
					{ "time": 2.6, "name": "Emo_dj_027_02_" },
					{ "time": 2.6666, "name": null }
				]
			},
			"Emo_dj_027_03_": {
				"attachment": [
					{ "time": 0, "name": null },
					{ "time": 1.1333, "name": null },
					{ "time": 1.2, "name": "Emo_dj_027_03_" },
					{ "time": 1.2666, "name": "Emo_dj_027_03_" },
					{ "time": 1.3333, "name": null },
					{ "time": 2.4666, "name": null },
					{ "time": 2.5333, "name": "Emo_dj_027_03_" },
					{ "time": 2.6, "name": "Emo_dj_027_03_" },
					{ "time": 2.6666, "name": null }
				]
			},
			"Emo_dj_027_04_": {
				"attachment": [
					{ "time": 0, "name": null },
					{ "time": 1.1333, "name": null },
					{ "time": 1.2, "name": "Emo_dj_027_04_" },
					{ "time": 1.2666, "name": "Emo_dj_027_04_" },
					{ "time": 1.3333, "name": null },
					{ "time": 2.4666, "name": null },
					{ "time": 2.5333, "name": "Emo_dj_027_04_" },
					{ "time": 2.6, "name": "Emo_dj_027_04_" },
					{ "time": 2.6666, "name": null }
				]
			},
			"Emo_xx_000_01_": {
				"attachment": [
					{ "time": 0, "name": null },
					{ "time": 2.6, "name": null },
					{ "time": 2.6666, "name": "Emo_xx_000_01_" },
					{ "time": 2.7333, "name": "Emo_xx_000_01_" },
					{ "time": 2.8, "name": null }
				]
			},
			"Emo_xx_000_02_": {
				"attachment": [
					{ "time": 0, "name": null },
					{ "time": 2.6, "name": null },
					{ "time": 2.6666, "name": "Emo_xx_000_02_" },
					{ "time": 2.7333, "name": "Emo_xx_000_02_" },
					{ "time": 2.8, "name": null }
				]
			},
			"Emo_xx_000_03_": {
				"attachment": [
					{ "time": 0, "name": null },
					{ "time": 2.6, "name": null },
					{ "time": 2.6666, "name": "Emo_xx_000_03_" },
					{ "time": 2.7333, "name": "Emo_xx_000_03_" },
					{ "time": 2.8, "name": null }
				]
			},
			"Emo_xx_000_04_": {
				"attachment": [
					{ "time": 0, "name": null },
					{ "time": 2.6, "name": null },
					{ "time": 2.6666, "name": "Emo_xx_000_04_" },
					{ "time": 2.7333, "name": "Emo_xx_000_04_" },
					{ "time": 2.8, "name": null }
				]
			},
			"Emo_xx_002_01_": {
				"attachment": [
					{ "time": 0, "name": null },
					{ "time": 2.7333, "name": null },
					{ "time": 2.8, "name": "Emo_xx_002_01_" },
					{ "time": 2.8666, "name": "Emo_xx_002_01_" },
					{ "time": 2.9333, "name": null }
				]
			},
			"Emo_xx_002_02_": {
				"attachment": [
					{ "time": 0, "name": null },
					{ "time": 2.7333, "name": null },
					{ "time": 2.8, "name": "Emo_xx_002_02_" },
					{ "time": 2.8666, "name": "Emo_xx_002_02_" },
					{ "time": 2.9333, "name": null }
				]
			},
			"Emo_xx_002_03_": {
				"attachment": [
					{ "time": 0, "name": null },
					{ "time": 2.7333, "name": null },
					{ "time": 2.8, "name": "Emo_xx_002_03_" },
					{ "time": 2.8666, "name": "Emo_xx_002_03_" },
					{ "time": 2.9333, "name": null }
				]
			},
			"Emo_xx_002_04_": {
				"attachment": [
					{ "time": 0, "name": null },
					{ "time": 2.7333, "name": null },
					{ "time": 2.8, "name": "Emo_xx_002_04_" },
					{ "time": 2.8666, "name": "Emo_xx_002_04_" },
					{ "time": 2.9333, "name": null }
				]
			},
			"Emo_xx_002_05_": {
				"attachment": [
					{ "time": 0, "name": null },
					{ "time": 2.7333, "name": null },
					{ "time": 2.8, "name": "Emo_xx_002_05_" },
					{ "time": 2.8666, "name": "Emo_xx_002_05_" },
					{ "time": 2.9333, "name": null }
				]
			},
			"Emo_xx_004_01_": {
				"attachment": [
					{ "time": 0, "name": null },
					{ "time": 2.8666, "name": null },
					{ "time": 2.9333, "name": "Emo_xx_004_01_" },
					{ "time": 3, "name": "Emo_xx_004_01_" },
					{ "time": 3.0666, "name": null }
				]
			},
			"Emo_xx_004_02_": {
				"attachment": [
					{ "time": 0, "name": null },
					{ "time": 2.8666, "name": null },
					{ "time": 2.9333, "name": "Emo_xx_004_02_" },
					{ "time": 3, "name": "Emo_xx_004_02_" },
					{ "time": 3.0666, "name": null }
				]
			},
			"Emo_xx_004_03_": {
				"attachment": [
					{ "time": 0, "name": null },
					{ "time": 2.8666, "name": null },
					{ "time": 2.9333, "name": "Emo_xx_004_03_" },
					{ "time": 3, "name": "Emo_xx_004_03_" },
					{ "time": 3.0666, "name": null }
				]
			},
			"Emo_xx_004_04_": {
				"attachment": [
					{ "time": 0, "name": null },
					{ "time": 2.8666, "name": null },
					{ "time": 2.9333, "name": "Emo_xx_004_04_" },
					{ "time": 3, "name": "Emo_xx_004_04_" },
					{ "time": 3.0666, "name": null }
				]
			},
			"Emo_xx_006_01_": {
				"attachment": [
					{ "time": 0, "name": null },
					{ "time": 3, "name": null },
					{ "time": 3.0666, "name": "Emo_xx_006_01_" },
					{ "time": 3.1333, "name": "Emo_xx_006_01_" },
					{ "time": 3.2, "name": null }
				]
			},
			"Emo_xx_006_02_": {
				"attachment": [
					{ "time": 0, "name": null },
					{ "time": 3, "name": null },
					{ "time": 3.0666, "name": "Emo_xx_006_02_" },
					{ "time": 3.1333, "name": "Emo_xx_006_02_" },
					{ "time": 3.2, "name": null }
				]
			},
			"Emo_xx_006_03_": {
				"attachment": [
					{ "time": 0, "name": null },
					{ "time": 3, "name": null },
					{ "time": 3.0666, "name": "Emo_xx_006_03_" },
					{ "time": 3.1333, "name": "Emo_xx_006_03_" },
					{ "time": 3.2, "name": null }
				]
			},
			"Emo_xx_006_04_": {
				"attachment": [
					{ "time": 0, "name": null },
					{ "time": 3, "name": null },
					{ "time": 3.0666, "name": "Emo_xx_006_04_" },
					{ "time": 3.1333, "name": "Emo_xx_006_04_" },
					{ "time": 3.2, "name": null }
				]
			},
			"Emo_xx_008_01_": {
				"attachment": [
					{ "time": 0, "name": null },
					{ "time": 3.1333, "name": null },
					{ "time": 3.2, "name": "Emo_xx_008_01_" },
					{ "time": 3.2666, "name": "Emo_xx_008_01_" },
					{ "time": 3.3333, "name": null }
				]
			},
			"Emo_xx_008_02_": {
				"attachment": [
					{ "time": 0, "name": null },
					{ "time": 3.1333, "name": null },
					{ "time": 3.2, "name": "Emo_xx_008_02_" },
					{ "time": 3.2666, "name": "Emo_xx_008_02_" },
					{ "time": 3.3333, "name": null }
				]
			},
			"Emo_xx_008_03_": {
				"attachment": [
					{ "time": 0, "name": null },
					{ "time": 3.1333, "name": null },
					{ "time": 3.2, "name": "Emo_xx_008_03_" },
					{ "time": 3.2666, "name": "Emo_xx_008_03_" },
					{ "time": 3.3333, "name": null }
				]
			},
			"Emo_xx_010_01_": {
				"attachment": [
					{ "time": 0, "name": null },
					{ "time": 3.2666, "name": null },
					{ "time": 3.3333, "name": "Emo_xx_010_01_" },
					{ "time": 3.4, "name": "Emo_xx_010_01_" },
					{ "time": 3.4666, "name": null }
				]
			},
			"Emo_xx_010_02_": {
				"attachment": [
					{ "time": 0, "name": null },
					{ "time": 3.2666, "name": null },
					{ "time": 3.3333, "name": "Emo_xx_010_02_" },
					{ "time": 3.4, "name": "Emo_xx_010_02_" },
					{ "time": 3.4666, "name": null }
				]
			},
			"Emo_xx_012_01_": {
				"attachment": [
					{ "time": 0, "name": null },
					{ "time": 3.4, "name": null },
					{ "time": 3.4666, "name": "Emo_xx_012_01_" },
					{ "time": 3.5333, "name": "Emo_xx_012_01_" },
					{ "time": 3.6, "name": null }
				]
			},
			"Emo_xx_012_02_": {
				"attachment": [
					{ "time": 0, "name": null },
					{ "time": 3.4, "name": null },
					{ "time": 3.4666, "name": "Emo_xx_012_02_" },
					{ "time": 3.5333, "name": "Emo_xx_012_02_" },
					{ "time": 3.6, "name": null }
				]
			},
			"Emo_xx_012_03_": {
				"attachment": [
					{ "time": 0, "name": null },
					{ "time": 3.4, "name": null },
					{ "time": 3.4666, "name": "Emo_xx_012_03_" },
					{ "time": 3.5333, "name": "Emo_xx_012_03_" },
					{ "time": 3.6, "name": null }
				]
			},
			"Emo_xx_014_01_": {
				"attachment": [
					{ "time": 0, "name": null },
					{ "time": 3.5333, "name": null },
					{ "time": 3.6, "name": "Emo_xx_014_01_" },
					{ "time": 3.6666, "name": "Emo_xx_014_01_" },
					{ "time": 3.7333, "name": null }
				]
			},
			"Emo_xx_014_02_": {
				"attachment": [
					{ "time": 0, "name": null },
					{ "time": 3.5333, "name": null },
					{ "time": 3.6, "name": "Emo_xx_014_02_" },
					{ "time": 3.6666, "name": "Emo_xx_014_02_" },
					{ "time": 3.7333, "name": null }
				]
			},
			"Emo_xx_014_03_": {
				"attachment": [
					{ "time": 0, "name": null },
					{ "time": 3.5333, "name": null },
					{ "time": 3.6, "name": "Emo_xx_014_03_" },
					{ "time": 3.6666, "name": "Emo_xx_014_03_" },
					{ "time": 3.7333, "name": null }
				]
			},
			"Emo_xx_016_01_": {
				"attachment": [
					{ "time": 0, "name": null },
					{ "time": 3.6666, "name": null },
					{ "time": 3.7333, "name": "Emo_xx_016_01_" },
					{ "time": 3.8, "name": "Emo_xx_016_01_" },
					{ "time": 3.8666, "name": null }
				]
			},
			"Emo_xx_016_02_": {
				"attachment": [
					{ "time": 0, "name": null },
					{ "time": 3.6666, "name": null },
					{ "time": 3.7333, "name": "Emo_xx_016_02_" },
					{ "time": 3.8, "name": "Emo_xx_016_02_" },
					{ "time": 3.8666, "name": null }
				]
			},
			"Emo_xx_016_03_": {
				"attachment": [
					{ "time": 0, "name": null },
					{ "time": 3.6666, "name": null },
					{ "time": 3.7333, "name": "Emo_xx_016_03_" },
					{ "time": 3.8, "name": "Emo_xx_016_03_" },
					{ "time": 3.8666, "name": null }
				]
			},
			"Emo_xx_018_01_": {
				"attachment": [
					{ "time": 0, "name": null },
					{ "time": 3.8, "name": null },
					{ "time": 3.8666, "name": "Emo_xx_018_01_" },
					{ "time": 3.9333, "name": "Emo_xx_018_01_" },
					{ "time": 4, "name": null }
				]
			},
			"Emo_xx_018_02_": {
				"attachment": [
					{ "time": 0, "name": null },
					{ "time": 3.8, "name": null },
					{ "time": 3.8666, "name": "Emo_xx_018_02_" },
					{ "time": 3.9333, "name": "Emo_xx_018_02_" },
					{ "time": 4, "name": null }
				]
			},
			"Emo_xx_018_03_": {
				"attachment": [
					{ "time": 0, "name": null },
					{ "time": 3.8, "name": null },
					{ "time": 3.8666, "name": "Emo_xx_018_03_" },
					{ "time": 3.9333, "name": "Emo_xx_018_03_" },
					{ "time": 4, "name": null }
				]
			},
			"Emo_xx_020_01_": {
				"attachment": [
					{ "time": 0, "name": null },
					{ "time": 3.9333, "name": null },
					{ "time": 4, "name": "Emo_xx_020_01_" },
					{ "time": 4.0666, "name": "Emo_xx_020_01_" },
					{ "time": 4.1333, "name": null }
				]
			},
			"Emo_xx_020_02_": {
				"attachment": [
					{ "time": 0, "name": null },
					{ "time": 3.9333, "name": null },
					{ "time": 4, "name": "Emo_xx_020_02_" },
					{ "time": 4.0666, "name": "Emo_xx_020_02_" },
					{ "time": 4.1333, "name": null }
				]
			},
			"Emo_xx_020_03_": {
				"attachment": [
					{ "time": 0, "name": null },
					{ "time": 3.9333, "name": null },
					{ "time": 4, "name": "Emo_xx_020_03_" },
					{ "time": 4.0666, "name": "Emo_xx_020_03_" },
					{ "time": 4.1333, "name": null }
				]
			},
			"Emo_xx_020_04_": {
				"attachment": [
					{ "time": 0, "name": null },
					{ "time": 3.9333, "name": null },
					{ "time": 4, "name": "Emo_xx_020_04_" },
					{ "time": 4.0666, "name": "Emo_xx_020_04_" },
					{ "time": 4.1333, "name": null }
				]
			},
			"Emo_xx_020_05_": {
				"attachment": [
					{ "time": 0, "name": null },
					{ "time": 3.9333, "name": null },
					{ "time": 4, "name": "Emo_xx_020_05_" },
					{ "time": 4.0666, "name": "Emo_xx_020_05_" },
					{ "time": 4.1333, "name": null }
				]
			},
			"Emo_xx_022_01_": {
				"attachment": [
					{ "time": 0, "name": null },
					{ "time": 4.0666, "name": null },
					{ "time": 4.1333, "name": "Emo_xx_022_01_" },
					{ "time": 4.2, "name": "Emo_xx_022_01_" },
					{ "time": 4.2666, "name": null }
				]
			},
			"Emo_xx_022_02_": {
				"attachment": [
					{ "time": 0, "name": null },
					{ "time": 4.0666, "name": null },
					{ "time": 4.1333, "name": "Emo_xx_022_02_" },
					{ "time": 4.2, "name": "Emo_xx_022_02_" },
					{ "time": 4.2666, "name": null }
				]
			},
			"Emo_xx_022_03_": {
				"attachment": [
					{ "time": 0, "name": null },
					{ "time": 4.0666, "name": null },
					{ "time": 4.1333, "name": "Emo_xx_022_03_" },
					{ "time": 4.2, "name": "Emo_xx_022_03_" },
					{ "time": 4.2666, "name": null }
				]
			},
			"Emo_xx_022_04_": {
				"attachment": [
					{ "time": 0, "name": null },
					{ "time": 4.0666, "name": null },
					{ "time": 4.1333, "name": "Emo_xx_022_04_" },
					{ "time": 4.2, "name": "Emo_xx_022_04_" },
					{ "time": 4.2666, "name": null }
				]
			},
			"Emo_xx_024_01_": {
				"attachment": [
					{ "time": 0, "name": null },
					{ "time": 4.2, "name": null },
					{ "time": 4.2666, "name": "Emo_xx_024_01_" },
					{ "time": 4.3333, "name": "Emo_xx_024_01_" },
					{ "time": 4.4, "name": null }
				]
			},
			"Emo_xx_024_02_": {
				"attachment": [
					{ "time": 0, "name": null },
					{ "time": 4.2, "name": null },
					{ "time": 4.2666, "name": "Emo_xx_024_02_" },
					{ "time": 4.3333, "name": "Emo_xx_024_02_" },
					{ "time": 4.4, "name": null }
				]
			},
			"Emo_xx_024_03_": {
				"attachment": [
					{ "time": 0, "name": null },
					{ "time": 4.2, "name": null },
					{ "time": 4.2666, "name": "Emo_xx_024_03_" },
					{ "time": 4.3333, "name": "Emo_xx_024_03_" },
					{ "time": 4.4, "name": null }
				]
			},
			"Emo_xx_024_04_": {
				"attachment": [
					{ "time": 0, "name": null },
					{ "time": 4.2, "name": null },
					{ "time": 4.2666, "name": "Emo_xx_024_04_" },
					{ "time": 4.3333, "name": "Emo_xx_024_04_" },
					{ "time": 4.4, "name": null }
				]
			},
			"Emo_xx_026_01_": {
				"attachment": [
					{ "time": 0, "name": null },
					{ "time": 4.3333, "name": null },
					{ "time": 4.4, "name": "Emo_xx_026_01_" },
					{ "time": 4.4666, "name": "Emo_xx_026_01_" },
					{ "time": 4.5333, "name": null }
				]
			},
			"Emo_xx_026_02_": {
				"attachment": [
					{ "time": 0, "name": null },
					{ "time": 4.3333, "name": null },
					{ "time": 4.4, "name": "Emo_xx_026_02_" },
					{ "time": 4.4666, "name": "Emo_xx_026_02_" },
					{ "time": 4.5333, "name": null }
				]
			},
			"Emo_xx_026_03_": {
				"attachment": [
					{ "time": 0, "name": null },
					{ "time": 4.3333, "name": null },
					{ "time": 4.4, "name": "Emo_xx_026_03_" },
					{ "time": 4.4666, "name": "Emo_xx_026_03_" },
					{ "time": 4.5333, "name": null }
				]
			},
			"Emo_xx_026_04_": {
				"attachment": [
					{ "time": 0, "name": null },
					{ "time": 4.3333, "name": null },
					{ "time": 4.4, "name": "Emo_xx_026_04_" },
					{ "time": 4.4666, "name": "Emo_xx_026_04_" },
					{ "time": 4.5333, "name": null }
				]
			},
			"Emo_xx_028_01_": {
				"attachment": [
					{ "time": 0, "name": null },
					{ "time": 4.4666, "name": null },
					{ "time": 4.5333, "name": "Emo_xx_028_01_" },
					{ "time": 4.6, "name": "Emo_xx_028_01_" },
					{ "time": 4.6666, "name": null }
				]
			},
			"Emo_xx_028_02_": {
				"attachment": [
					{ "time": 0, "name": null },
					{ "time": 4.4666, "name": null },
					{ "time": 4.5333, "name": "Emo_xx_028_02_" },
					{ "time": 4.6, "name": "Emo_xx_028_02_" },
					{ "time": 4.6666, "name": null }
				]
			},
			"Emo_xx_028_03_": {
				"attachment": [
					{ "time": 0, "name": null },
					{ "time": 4.4666, "name": null },
					{ "time": 4.5333, "name": "Emo_xx_028_03_" },
					{ "time": 4.6, "name": "Emo_xx_028_03_" },
					{ "time": 4.6666, "name": null }
				]
			},
			"Emo_xx_028_04_": {
				"attachment": [
					{ "time": 0, "name": null },
					{ "time": 4.4666, "name": null },
					{ "time": 4.5333, "name": "Emo_xx_028_04_" },
					{ "time": 4.6, "name": "Emo_xx_028_04_" },
					{ "time": 4.6666, "name": null }
				]
			},
			"Emo_xx_030_01_": {
				"attachment": [
					{ "time": 0, "name": null },
					{ "time": 4.6, "name": null },
					{ "time": 4.6666, "name": "Emo_xx_030_01_" },
					{ "time": 4.7333, "name": "Emo_xx_030_01_" },
					{ "time": 4.8, "name": null }
				]
			},
			"Emo_xx_030_02_": {
				"attachment": [
					{ "time": 0, "name": null },
					{ "time": 4.6, "name": null },
					{ "time": 4.6666, "name": "Emo_xx_030_02_" },
					{ "time": 4.7333, "name": "Emo_xx_030_02_" },
					{ "time": 4.8, "name": null }
				]
			},
			"Emo_xx_030_03_": {
				"attachment": [
					{ "time": 0, "name": null },
					{ "time": 4.6, "name": null },
					{ "time": 4.6666, "name": "Emo_xx_030_03_" },
					{ "time": 4.7333, "name": "Emo_xx_030_03_" },
					{ "time": 4.8, "name": null }
				]
			},
			"Emo_xx_032_01_": {
				"attachment": [
					{ "time": 0, "name": null },
					{ "time": 4.7333, "name": null },
					{ "time": 4.8, "name": "Emo_xx_032_01_" },
					{ "time": 4.8666, "name": "Emo_xx_032_01_" },
					{ "time": 4.9333, "name": null }
				]
			},
			"Emo_xx_032_02_": {
				"attachment": [
					{ "time": 0, "name": null },
					{ "time": 4.7333, "name": null },
					{ "time": 4.8, "name": "Emo_xx_032_02_" },
					{ "time": 4.8666, "name": "Emo_xx_032_02_" },
					{ "time": 4.9333, "name": null }
				]
			},
			"Emo_xx_032_03_": {
				"attachment": [
					{ "time": 0, "name": null },
					{ "time": 4.7333, "name": null },
					{ "time": 4.8, "name": "Emo_xx_032_03_" },
					{ "time": 4.8666, "name": "Emo_xx_032_03_" },
					{ "time": 4.9333, "name": null }
				]
			},
			"Emo_xx_034_01_": {
				"attachment": [
					{ "time": 0, "name": null },
					{ "time": 4.8666, "name": null },
					{ "time": 4.9333, "name": "Emo_xx_034_01_" },
					{ "time": 5, "name": "Emo_xx_034_01_" },
					{ "time": 5.0666, "name": null }
				]
			},
			"Emo_xx_034_02_": {
				"attachment": [
					{ "time": 0, "name": null },
					{ "time": 4.8666, "name": null },
					{ "time": 4.9333, "name": "Emo_xx_034_02_" },
					{ "time": 5, "name": "Emo_xx_034_02_" },
					{ "time": 5.0666, "name": null }
				]
			},
			"Emo_xx_036_01_": {
				"attachment": [
					{ "time": 0, "name": null },
					{ "time": 5, "name": null },
					{ "time": 5.0666, "name": "Emo_xx_036_01_" },
					{ "time": 5.1333, "name": "Emo_xx_036_01_" },
					{ "time": 5.2, "name": null }
				]
			},
			"Emo_xx_036_02_": {
				"attachment": [
					{ "time": 0, "name": null },
					{ "time": 5, "name": null },
					{ "time": 5.0666, "name": "Emo_xx_036_02_" },
					{ "time": 5.1333, "name": "Emo_xx_036_02_" },
					{ "time": 5.2, "name": null }
				]
			},
			"Emo_xx_038_01_": {
				"attachment": [
					{ "time": 0, "name": null },
					{ "time": 5.1333, "name": null },
					{ "time": 5.2, "name": "Emo_xx_038_01_" },
					{ "time": 5.2666, "name": "Emo_xx_038_01_" },
					{ "time": 5.3333, "name": null }
				]
			},
			"Emo_xx_038_02_": {
				"attachment": [
					{ "time": 0, "name": null },
					{ "time": 5.1333, "name": null },
					{ "time": 5.2, "name": "Emo_xx_038_02_" },
					{ "time": 5.2666, "name": "Emo_xx_038_02_" },
					{ "time": 5.3333, "name": null }
				]
			},
			"Emo_xx_040_01_": {
				"attachment": [
					{ "time": 0, "name": null },
					{ "time": 5.2666, "name": null },
					{ "time": 5.3333, "name": "Emo_xx_040_01_" },
					{ "time": 5.4, "name": "Emo_xx_040_01_" },
					{ "time": 5.4666, "name": null }
				]
			},
			"Emo_xx_040_02_": {
				"attachment": [
					{ "time": 0, "name": null },
					{ "time": 5.2666, "name": null },
					{ "time": 5.3333, "name": "Emo_xx_040_02_" },
					{ "time": 5.4, "name": "Emo_xx_040_02_" },
					{ "time": 5.4666, "name": null }
				]
			},
			"Emo_xx_042_01_": {
				"attachment": [
					{ "time": 0, "name": null },
					{ "time": 5.4, "name": null },
					{ "time": 5.4666, "name": "Emo_xx_042_01_" },
					{ "time": 5.5333, "name": "Emo_xx_042_01_" },
					{ "time": 5.6, "name": null }
				]
			},
			"Emo_xx_042_02_": {
				"attachment": [
					{ "time": 0, "name": null },
					{ "time": 5.4, "name": null },
					{ "time": 5.4666, "name": "Emo_xx_042_02_" },
					{ "time": 5.5333, "name": "Emo_xx_042_02_" },
					{ "time": 5.6, "name": null }
				]
			},
			"Emo_xx_044_01_": {
				"attachment": [
					{ "time": 0, "name": null },
					{ "time": 5.5333, "name": null },
					{ "time": 5.6, "name": "Emo_xx_044_01_" },
					{ "time": 5.6666, "name": "Emo_xx_044_01_" },
					{ "time": 5.7333, "name": null }
				]
			},
			"Emo_xx_044_02_": {
				"attachment": [
					{ "time": 0, "name": null },
					{ "time": 5.5333, "name": null },
					{ "time": 5.6, "name": "Emo_xx_044_02_" },
					{ "time": 5.6666, "name": "Emo_xx_044_02_" },
					{ "time": 5.7333, "name": null }
				]
			},
			"Emo_xx_046_01_": {
				"attachment": [
					{ "time": 0, "name": null },
					{ "time": 5.6666, "name": null },
					{ "time": 5.7333, "name": "Emo_xx_046_01_" },
					{ "time": 5.8, "name": "Emo_xx_046_01_" },
					{ "time": 5.8666, "name": null }
				]
			},
			"Emo_xx_046_02_": {
				"attachment": [
					{ "time": 0, "name": null },
					{ "time": 5.6666, "name": null },
					{ "time": 5.7333, "name": "Emo_xx_046_02_" },
					{ "time": 5.8, "name": "Emo_xx_046_02_" },
					{ "time": 5.8666, "name": null }
				]
			},
			"Emo_xx_046_03_": {
				"attachment": [
					{ "time": 0, "name": null },
					{ "time": 5.6666, "name": null },
					{ "time": 5.7333, "name": "Emo_xx_046_03_" },
					{ "time": 5.8, "name": "Emo_xx_046_03_" },
					{ "time": 5.8666, "name": null }
				]
			},
			"Emo_xx_048_01_": {
				"attachment": [
					{ "time": 0, "name": null },
					{ "time": 5.8, "name": null },
					{ "time": 5.8666, "name": "Emo_xx_048_01_" },
					{ "time": 5.9333, "name": "Emo_xx_048_01_" },
					{ "time": 6, "name": null }
				]
			},
			"Emo_xx_048_02_": {
				"attachment": [
					{ "time": 0, "name": null },
					{ "time": 5.8, "name": null },
					{ "time": 5.8666, "name": "Emo_xx_048_02_" },
					{ "time": 5.9333, "name": "Emo_xx_048_02_" },
					{ "time": 6, "name": null }
				]
			},
			"Emo_xx_048_03_": {
				"attachment": [
					{ "time": 0, "name": null },
					{ "time": 5.8, "name": null },
					{ "time": 5.8666, "name": "Emo_xx_048_03_" },
					{ "time": 5.9333, "name": "Emo_xx_048_03_" },
					{ "time": 6, "name": null }
				]
			},
			"Emo_xx_050_01_": {
				"attachment": [
					{ "time": 0, "name": null },
					{ "time": 5.9333, "name": null },
					{ "time": 6, "name": "Emo_xx_050_01_" },
					{ "time": 6.0666, "name": "Emo_xx_050_01_" },
					{ "time": 6.1333, "name": null }
				]
			},
			"Emo_xx_050_02_": {
				"attachment": [
					{ "time": 0, "name": null },
					{ "time": 5.9333, "name": null },
					{ "time": 6, "name": "Emo_xx_050_02_" },
					{ "time": 6.0666, "name": "Emo_xx_050_02_" },
					{ "time": 6.1333, "name": null }
				]
			},
			"Emo_xx_050_03_": {
				"attachment": [
					{ "time": 0, "name": null },
					{ "time": 5.9333, "name": null },
					{ "time": 6, "name": "Emo_xx_050_03_" },
					{ "time": 6.0666, "name": "Emo_xx_050_03_" },
					{ "time": 6.1333, "name": null }
				]
			},
			"Emo_xx_052_01_": {
				"attachment": [
					{ "time": 0, "name": null },
					{ "time": 6.0666, "name": null },
					{ "time": 6.1333, "name": "Emo_xx_052_01_" },
					{ "time": 6.2, "name": "Emo_xx_052_01_" },
					{ "time": 6.2666, "name": null }
				]
			},
			"Emo_xx_052_02_": {
				"attachment": [
					{ "time": 0, "name": null },
					{ "time": 6.0666, "name": null },
					{ "time": 6.1333, "name": "Emo_xx_052_02_" },
					{ "time": 6.2, "name": "Emo_xx_052_02_" },
					{ "time": 6.2666, "name": null }
				]
			},
			"Emo_xx_052_03_": {
				"attachment": [
					{ "time": 0, "name": null },
					{ "time": 6.0666, "name": null },
					{ "time": 6.1333, "name": "Emo_xx_052_03_" },
					{ "time": 6.2, "name": "Emo_xx_052_03_" },
					{ "time": 6.2666, "name": null }
				]
			},
			"Emo_xx_052_04_": {
				"attachment": [
					{ "time": 0, "name": null },
					{ "time": 6.0666, "name": null },
					{ "time": 6.1333, "name": "Emo_xx_052_04_" },
					{ "time": 6.2, "name": "Emo_xx_052_04_" },
					{ "time": 6.2666, "name": null }
				]
			},
			"Emo_xx_052_05_": {
				"attachment": [
					{ "time": 0, "name": null },
					{ "time": 6.0666, "name": null },
					{ "time": 6.1333, "name": "Emo_xx_052_05_" },
					{ "time": 6.2, "name": "Emo_xx_052_05_" },
					{ "time": 6.2666, "name": null }
				]
			},
			"Emo_xx_056_01_": {
				"attachment": [
					{ "time": 0, "name": null },
					{ "time": 6.2, "name": null },
					{ "time": 6.2666, "name": "Emo_xx_056_01_" },
					{ "time": 6.3333, "name": "Emo_xx_056_01_" },
					{ "time": 6.4, "name": null }
				]
			},
			"Emo_xx_056_02_": {
				"attachment": [
					{ "time": 0, "name": null },
					{ "time": 6.2, "name": null },
					{ "time": 6.2666, "name": "Emo_xx_056_02_" },
					{ "time": 6.3333, "name": "Emo_xx_056_02_" },
					{ "time": 6.4, "name": null }
				]
			},
			"Emo_xx_056_03_": {
				"attachment": [
					{ "time": 0, "name": null },
					{ "time": 6.2, "name": null },
					{ "time": 6.2666, "name": "Emo_xx_056_03_" },
					{ "time": 6.3333, "name": "Emo_xx_056_03_" },
					{ "time": 6.4, "name": null }
				]
			},
			"Emo_xx_058_01_": {
				"attachment": [
					{ "time": 0, "name": null },
					{ "time": 6.3333, "name": null },
					{ "time": 6.4, "name": "Emo_xx_058_01_" },
					{ "time": 6.4666, "name": "Emo_xx_058_01_" },
					{ "time": 6.5333, "name": null }
				]
			},
			"Emo_xx_058_02_": {
				"attachment": [
					{ "time": 0, "name": null },
					{ "time": 6.3333, "name": null },
					{ "time": 6.4, "name": "Emo_xx_058_02_" },
					{ "time": 6.4666, "name": "Emo_xx_058_02_" },
					{ "time": 6.5333, "name": null }
				]
			},
			"Emo_xx_058_03_": {
				"attachment": [
					{ "time": 0, "name": null },
					{ "time": 6.3333, "name": null },
					{ "time": 6.4, "name": "Emo_xx_058_03_" },
					{ "time": 6.4666, "name": "Emo_xx_058_03_" },
					{ "time": 6.5333, "name": null }
				]
			},
			"Emo_xx_058_04_": {
				"attachment": [
					{ "time": 0, "name": null },
					{ "time": 6.3333, "name": null },
					{ "time": 6.4, "name": "Emo_xx_058_04_" },
					{ "time": 6.4666, "name": "Emo_xx_058_04_" },
					{ "time": 6.5333, "name": null }
				]
			}
		}
	}
}
}