{
"skeleton": { "hash": "pXIF+cnecwUTFOhG3UHh0olGSno", "spine": "2.1.27", "width": 0, "height": 0 },
"bones": [
	{ "name": "root" }
],
"slots": [
	{ "name": "root", "bone": "root", "color": "ffffff72" },
	{ "name": "Emo_gj_022_04_", "bone": "root" },
	{ "name": "Emo_gj_022_03_", "bone": "root" },
	{ "name": "Emo_gj_022_02_", "bone": "root" },
	{ "name": "Emo_gj_022_01_", "bone": "root" },
	{ "name": "Emo_gj_020_03_", "bone": "root" },
	{ "name": "Emo_gj_020_02_", "bone": "root" },
	{ "name": "Emo_gj_020_01_", "bone": "root" },
	{ "name": "Emo_gj_018_06_", "bone": "root" },
	{ "name": "Emo_gj_018_05_", "bone": "root" },
	{ "name": "Emo_gj_018_04_", "bone": "root" },
	{ "name": "Emo_gj_018_03_", "bone": "root" },
	{ "name": "Emo_gj_018_02_", "bone": "root" },
	{ "name": "Emo_gj_018_01_", "bone": "root" },
	{ "name": "Emo_gj_016_04_", "bone": "root" },
	{ "name": "Emo_gj_016_03_", "bone": "root" },
	{ "name": "Emo_gj_016_02_", "bone": "root" },
	{ "name": "Emo_gj_016_01_", "bone": "root" },
	{ "name": "Emo_gj_014_06_", "bone": "root" },
	{ "name": "Emo_gj_014_05_", "bone": "root" },
	{ "name": "Emo_gj_014_04_", "bone": "root" },
	{ "name": "Emo_gj_014_03_", "bone": "root" },
	{ "name": "Emo_gj_014_02_", "bone": "root" },
	{ "name": "Emo_gj_014_01_", "bone": "root" },
	{ "name": "Emo_gj_012_05_", "bone": "root" },
	{ "name": "Emo_gj_012_04_", "bone": "root" },
	{ "name": "Emo_gj_012_03_", "bone": "root" },
	{ "name": "Emo_gj_012_02_", "bone": "root" },
	{ "name": "Emo_gj_012_01_", "bone": "root" },
	{ "name": "Emo_gj_010_05_", "bone": "root" },
	{ "name": "Emo_gj_010_04_", "bone": "root" },
	{ "name": "Emo_gj_010_03_", "bone": "root" },
	{ "name": "Emo_gj_010_02_", "bone": "root" },
	{ "name": "Emo_gj_010_01_", "bone": "root" },
	{ "name": "Emo_gj_008_05_", "bone": "root" },
	{ "name": "Emo_gj_008_04_", "bone": "root" },
	{ "name": "Emo_gj_008_03_", "bone": "root" },
	{ "name": "Emo_gj_008_02_", "bone": "root" },
	{ "name": "Emo_gj_008_01_", "bone": "root" },
	{ "name": "Emo_gj_006_07_", "bone": "root" },
	{ "name": "Emo_gj_006_06_", "bone": "root" },
	{ "name": "Emo_gj_006_05_", "bone": "root" },
	{ "name": "Emo_gj_006_04_", "bone": "root" },
	{ "name": "Emo_gj_006_03_", "bone": "root" },
	{ "name": "Emo_gj_006_02_", "bone": "root" },
	{ "name": "Emo_gj_006_01_", "bone": "root" },
	{ "name": "Emo_gj_004_05_", "bone": "root" },
	{ "name": "Emo_gj_004_04_", "bone": "root" },
	{ "name": "Emo_gj_004_03_", "bone": "root" },
	{ "name": "Emo_gj_004_02_", "bone": "root" },
	{ "name": "Emo_gj_004_01_", "bone": "root" },
	{ "name": "Emo_gj_002_07_", "bone": "root" },
	{ "name": "Emo_gj_002_06_", "bone": "root" },
	{ "name": "Emo_gj_002_05_", "bone": "root" },
	{ "name": "Emo_gj_002_04_", "bone": "root" },
	{ "name": "Emo_gj_002_03_", "bone": "root" },
	{ "name": "Emo_gj_002_02_", "bone": "root" },
	{ "name": "Emo_gj_002_01_", "bone": "root" },
	{ "name": "Emo_gj_000_05_", "bone": "root" },
	{ "name": "Emo_gj_000_04_", "bone": "root" },
	{ "name": "Emo_gj_000_03_", "bone": "root" },
	{ "name": "Emo_gj_000_02_", "bone": "root" },
	{ "name": "Emo_gj_000_01_", "bone": "root" }
],
"skins": {
	"default": {
		"Emo_gj_000_01_": {
			"Emo_gj_000_01_": { "x": -124.77, "y": 185.94, "width": 114, "height": 183 }
		},
		"Emo_gj_000_02_": {
			"Emo_gj_000_02_": { "x": -89.27, "y": 31.94, "width": 47, "height": 87 }
		},
		"Emo_gj_000_03_": {
			"Emo_gj_000_03_": { "x": -24.27, "y": 127.94, "width": 89, "height": 209 }
		},
		"Emo_gj_000_04_": {
			"Emo_gj_000_04_": { "x": 68.22, "y": 123.94, "width": 96, "height": 151 }
		},
		"Emo_gj_000_05_": {
			"Emo_gj_000_05_": { "x": 78.72, "y": 16.44, "width": 91, "height": 64 }
		},
		"Emo_gj_002_01_": {
			"Emo_gj_002_01_": { "x": -241.77, "y": 310.44, "width": 24, "height": 30 }
		},
		"Emo_gj_002_02_": {
			"Emo_gj_002_02_": { "x": -176.27, "y": 339.94, "width": 123, "height": 71 }
		},
		"Emo_gj_002_03_": {
			"Emo_gj_002_03_": { "x": -71.27, "y": 310.94, "width": 101, "height": 119 }
		},
		"Emo_gj_002_04_": {
			"Emo_gj_002_04_": { "x": -161.27, "y": 190.94, "width": 149, "height": 161 }
		},
		"Emo_gj_002_05_": {
			"Emo_gj_002_05_": { "x": 9.72, "y": 157.94, "width": 193, "height": 155 }
		},
		"Emo_gj_002_06_": {
			"Emo_gj_002_06_": { "x": -45.77, "y": 34.44, "width": 134, "height": 92 }
		},
		"Emo_gj_002_07_": {
			"Emo_gj_002_07_": { "x": 72.72, "y": 32.44, "width": 103, "height": 96 }
		},
		"Emo_gj_004_01_": {
			"Emo_gj_004_01_": { "x": -183.27, "y": 248.44, "width": 173, "height": 252 }
		},
		"Emo_gj_004_02_": {
			"Emo_gj_004_02_": { "x": -60.77, "y": 286.94, "width": 72, "height": 145 }
		},
		"Emo_gj_004_03_": {
			"Emo_gj_004_03_": { "x": -7.77, "y": 146.44, "width": 178, "height": 136 }
		},
		"Emo_gj_004_04_": {
			"Emo_gj_004_04_": { "x": -55.77, "y": 33.44, "width": 114, "height": 90 }
		},
		"Emo_gj_004_05_": {
			"Emo_gj_004_05_": { "x": 62.72, "y": 31.44, "width": 123, "height": 94 }
		},
		"Emo_gj_006_01_": {
			"Emo_gj_006_01_": { "x": -95.77, "y": 409.94, "width": 48, "height": 35 }
		},
		"Emo_gj_006_02_": {
			"Emo_gj_006_02_": { "x": -178.27, "y": 399.94, "width": 67, "height": 63 }
		},
		"Emo_gj_006_03_": {
			"Emo_gj_006_03_": { "x": -168.27, "y": 253.44, "width": 167, "height": 230 }
		},
		"Emo_gj_006_04_": {
			"Emo_gj_006_04_": { "x": -20.27, "y": 286.94, "width": 129, "height": 173 }
		},
		"Emo_gj_006_05_": {
			"Emo_gj_006_05_": { "x": -83.77, "y": 15.94, "width": 58, "height": 55 }
		},
		"Emo_gj_006_06_": {
			"Emo_gj_006_06_": { "x": -2.77, "y": 118.44, "width": 202, "height": 164 }
		},
		"Emo_gj_006_07_": {
			"Emo_gj_006_07_": { "x": 77.72, "y": 11.94, "width": 75, "height": 49 }
		},
		"Emo_gj_008_01_": {
			"Emo_gj_008_01_": { "x": -179.77, "y": 259.94, "width": 118, "height": 213 }
		},
		"Emo_gj_008_02_": {
			"Emo_gj_008_02_": { "x": -14.27, "y": 263.44, "width": 213, "height": 238 }
		},
		"Emo_gj_008_03_": {
			"Emo_gj_008_03_": { "x": -2.27, "y": 91.44, "width": 201, "height": 106 }
		},
		"Emo_gj_008_04_": {
			"Emo_gj_008_04_": { "x": 74.72, "y": 17.44, "width": 67, "height": 42 }
		},
		"Emo_gj_008_05_": {
			"Emo_gj_008_05_": { "x": -82.77, "y": 13.44, "width": 60, "height": 50 }
		},
		"Emo_gj_010_01_": {
			"Emo_gj_010_01_": { "x": -130.77, "y": 284.44, "width": 190, "height": 240 }
		},
		"Emo_gj_010_02_": {
			"Emo_gj_010_02_": { "x": 23.22, "y": 286.94, "width": 118, "height": 165 }
		},
		"Emo_gj_010_03_": {
			"Emo_gj_010_03_": { "x": 13.72, "y": 123.94, "width": 225, "height": 167 }
		},
		"Emo_gj_010_04_": {
			"Emo_gj_010_04_": { "x": 82.72, "y": 12.44, "width": 83, "height": 56 }
		},
		"Emo_gj_010_05_": {
			"Emo_gj_010_05_": { "x": -76.27, "y": 14.44, "width": 73, "height": 52 }
		},
		"Emo_gj_012_01_": {
			"Emo_gj_012_01_": { "x": -115.77, "y": 298.44, "width": 176, "height": 256 }
		},
		"Emo_gj_012_02_": {
			"Emo_gj_012_02_": { "x": 42.22, "y": 267.44, "width": 140, "height": 192 }
		},
		"Emo_gj_012_03_": {
			"Emo_gj_012_03_": { "x": -165.27, "y": 106.94, "width": 103, "height": 135 }
		},
		"Emo_gj_012_04_": {
			"Emo_gj_012_04_": { "x": 30.72, "y": 119.94, "width": 289, "height": 103 }
		},
		"Emo_gj_012_05_": {
			"Emo_gj_012_05_": { "x": 32.72, "y": 9.94, "width": 293, "height": 117 }
		},
		"Emo_gj_014_01_": {
			"Emo_gj_014_01_": { "x": 1.22, "y": 343.44, "width": 26, "height": 26 }
		},
		"Emo_gj_014_02_": {
			"Emo_gj_014_02_": { "x": -71.27, "y": 382.94, "width": 145, "height": 145 }
		},
		"Emo_gj_014_03_": {
			"Emo_gj_014_03_": { "x": -22.77, "y": 257.44, "width": 252, "height": 140 }
		},
		"Emo_gj_014_04_": {
			"Emo_gj_014_04_": { "x": 25.72, "y": 126.44, "width": 283, "height": 124 }
		},
		"Emo_gj_014_05_": {
			"Emo_gj_014_05_": { "x": -51.77, "y": 26.44, "width": 122, "height": 76 }
		},
		"Emo_gj_014_06_": {
			"Emo_gj_014_06_": { "x": 69.72, "y": 24.44, "width": 109, "height": 80 }
		},
		"Emo_gj_016_01_": {
			"Emo_gj_016_01_": { "x": -39.77, "y": 359.44, "width": 174, "height": 176 }
		},
		"Emo_gj_016_02_": {
			"Emo_gj_016_02_": { "x": 15.72, "y": 206.94, "width": 247, "height": 145 }
		},
		"Emo_gj_016_03_": {
			"Emo_gj_016_03_": { "x": -55.27, "y": 61.44, "width": 123, "height": 146 }
		},
		"Emo_gj_016_04_": {
			"Emo_gj_016_04_": { "x": 65.22, "y": 59.44, "width": 118, "height": 150 }
		},
		"Emo_gj_018_01_": {
			"Emo_gj_018_01_": { "x": -37.27, "y": 281.94, "width": 99, "height": 197 }
		},
		"Emo_gj_018_02_": {
			"Emo_gj_018_02_": { "x": 20.72, "y": 355.94, "width": 17, "height": 41 }
		},
		"Emo_gj_018_03_": {
			"Emo_gj_018_03_": { "x": 19.22, "y": 276.44, "width": 14, "height": 12 }
		},
		"Emo_gj_018_04_": {
			"Emo_gj_018_04_": { "x": 0.22, "y": 133.44, "width": 242, "height": 152 }
		},
		"Emo_gj_018_05_": {
			"Emo_gj_018_05_": { "x": -65.77, "y": 22.94, "width": 94, "height": 69 }
		},
		"Emo_gj_018_06_": {
			"Emo_gj_018_06_": { "x": 63.22, "y": 20.94, "width": 122, "height": 73 }
		},
		"Emo_gj_020_01_": {
			"Emo_gj_020_01_": { "x": -67.27, "y": 151.44, "width": 105, "height": 326 }
		},
		"Emo_gj_020_02_": {
			"Emo_gj_020_02_": { "x": 50.72, "y": 114.94, "width": 131, "height": 185 }
		},
		"Emo_gj_020_03_": {
			"Emo_gj_020_03_": { "x": 91.72, "y": 3.44, "width": 65, "height": 38 }
		},
		"Emo_gj_022_01_": {
			"Emo_gj_022_01_": { "x": -78.27, "y": 191.44, "width": 121, "height": 186 }
		},
		"Emo_gj_022_02_": {
			"Emo_gj_022_02_": { "x": -67.27, "y": 43.44, "width": 91, "height": 110 }
		},
		"Emo_gj_022_03_": {
			"Emo_gj_022_03_": { "x": 58.72, "y": 142.44, "width": 161, "height": 112 }
		},
		"Emo_gj_022_04_": {
			"Emo_gj_022_04_": { "x": 51.22, "y": 35.44, "width": 146, "height": 102 }
		},
		"root": {
			"yz_0_": { "y": 9.58, "scaleX": 3, "width": 85, "height": 85 }
		}
	}
},
"animations": {
	"animation": {
		"slots": {
			"Emo_gj_000_01_": {
				"attachment": [
					{ "time": 0, "name": "Emo_gj_000_01_" },
					{ "time": 0.0666, "name": "Emo_gj_000_01_" },
					{ "time": 0.1333, "name": null }
				]
			},
			"Emo_gj_000_02_": {
				"attachment": [
					{ "time": 0, "name": "Emo_gj_000_02_" },
					{ "time": 0.0666, "name": "Emo_gj_000_02_" },
					{ "time": 0.1333, "name": null }
				]
			},
			"Emo_gj_000_03_": {
				"attachment": [
					{ "time": 0, "name": "Emo_gj_000_03_" },
					{ "time": 0.0666, "name": "Emo_gj_000_03_" },
					{ "time": 0.1333, "name": null }
				]
			},
			"Emo_gj_000_04_": {
				"attachment": [
					{ "time": 0, "name": "Emo_gj_000_04_" },
					{ "time": 0.0666, "name": "Emo_gj_000_04_" },
					{ "time": 0.1333, "name": null }
				]
			},
			"Emo_gj_000_05_": {
				"attachment": [
					{ "time": 0, "name": "Emo_gj_000_05_" },
					{ "time": 0.0666, "name": "Emo_gj_000_05_" },
					{ "time": 0.1333, "name": null }
				]
			},
			"Emo_gj_002_01_": {
				"attachment": [
					{ "time": 0, "name": null },
					{ "time": 0.0666, "name": null },
					{ "time": 0.1333, "name": "Emo_gj_002_01_" },
					{ "time": 0.2, "name": "Emo_gj_002_01_" },
					{ "time": 0.2666, "name": null }
				]
			},
			"Emo_gj_002_02_": {
				"attachment": [
					{ "time": 0, "name": null },
					{ "time": 0.0666, "name": null },
					{ "time": 0.1333, "name": "Emo_gj_002_02_" },
					{ "time": 0.2, "name": "Emo_gj_002_02_" },
					{ "time": 0.2666, "name": null }
				]
			},
			"Emo_gj_002_03_": {
				"attachment": [
					{ "time": 0, "name": null },
					{ "time": 0.0666, "name": null },
					{ "time": 0.1333, "name": "Emo_gj_002_03_" },
					{ "time": 0.2, "name": "Emo_gj_002_03_" },
					{ "time": 0.2666, "name": null }
				]
			},
			"Emo_gj_002_04_": {
				"attachment": [
					{ "time": 0, "name": null },
					{ "time": 0.0666, "name": null },
					{ "time": 0.1333, "name": "Emo_gj_002_04_" },
					{ "time": 0.2, "name": "Emo_gj_002_04_" },
					{ "time": 0.2666, "name": null }
				]
			},
			"Emo_gj_002_05_": {
				"attachment": [
					{ "time": 0, "name": null },
					{ "time": 0.0666, "name": null },
					{ "time": 0.1333, "name": "Emo_gj_002_05_" },
					{ "time": 0.2, "name": "Emo_gj_002_05_" },
					{ "time": 0.2666, "name": null }
				]
			},
			"Emo_gj_002_06_": {
				"attachment": [
					{ "time": 0, "name": null },
					{ "time": 0.0666, "name": null },
					{ "time": 0.1333, "name": "Emo_gj_002_06_" },
					{ "time": 0.2, "name": "Emo_gj_002_06_" },
					{ "time": 0.2666, "name": null }
				]
			},
			"Emo_gj_002_07_": {
				"attachment": [
					{ "time": 0, "name": null },
					{ "time": 0.0666, "name": null },
					{ "time": 0.1333, "name": "Emo_gj_002_07_" },
					{ "time": 0.2, "name": "Emo_gj_002_07_" },
					{ "time": 0.2666, "name": null }
				]
			},
			"Emo_gj_004_01_": {
				"attachment": [
					{ "time": 0, "name": null },
					{ "time": 0.2, "name": null },
					{ "time": 0.2666, "name": "Emo_gj_004_01_" },
					{ "time": 0.3333, "name": "Emo_gj_004_01_" },
					{ "time": 0.4, "name": null }
				]
			},
			"Emo_gj_004_02_": {
				"attachment": [
					{ "time": 0, "name": null },
					{ "time": 0.2, "name": null },
					{ "time": 0.2666, "name": "Emo_gj_004_02_" },
					{ "time": 0.3333, "name": "Emo_gj_004_02_" },
					{ "time": 0.4, "name": null }
				]
			},
			"Emo_gj_004_03_": {
				"attachment": [
					{ "time": 0, "name": null },
					{ "time": 0.2, "name": null },
					{ "time": 0.2666, "name": "Emo_gj_004_03_" },
					{ "time": 0.3333, "name": "Emo_gj_004_03_" },
					{ "time": 0.4, "name": null }
				]
			},
			"Emo_gj_004_04_": {
				"attachment": [
					{ "time": 0, "name": null },
					{ "time": 0.2, "name": null },
					{ "time": 0.2666, "name": "Emo_gj_004_04_" },
					{ "time": 0.3333, "name": "Emo_gj_004_04_" },
					{ "time": 0.4, "name": null }
				]
			},
			"Emo_gj_004_05_": {
				"attachment": [
					{ "time": 0, "name": null },
					{ "time": 0.2, "name": null },
					{ "time": 0.2666, "name": "Emo_gj_004_05_" },
					{ "time": 0.3333, "name": "Emo_gj_004_05_" },
					{ "time": 0.4, "name": null }
				]
			},
			"Emo_gj_006_01_": {
				"attachment": [
					{ "time": 0, "name": null },
					{ "time": 0.3333, "name": null },
					{ "time": 0.4, "name": "Emo_gj_006_01_" },
					{ "time": 0.4666, "name": "Emo_gj_006_01_" },
					{ "time": 0.5333, "name": null }
				]
			},
			"Emo_gj_006_02_": {
				"attachment": [
					{ "time": 0, "name": null },
					{ "time": 0.3333, "name": null },
					{ "time": 0.4, "name": "Emo_gj_006_02_" },
					{ "time": 0.4666, "name": "Emo_gj_006_02_" },
					{ "time": 0.5333, "name": null }
				]
			},
			"Emo_gj_006_03_": {
				"attachment": [
					{ "time": 0, "name": null },
					{ "time": 0.3333, "name": null },
					{ "time": 0.4, "name": "Emo_gj_006_03_" },
					{ "time": 0.4666, "name": "Emo_gj_006_03_" },
					{ "time": 0.5333, "name": null }
				]
			},
			"Emo_gj_006_04_": {
				"attachment": [
					{ "time": 0, "name": null },
					{ "time": 0.3333, "name": null },
					{ "time": 0.4, "name": "Emo_gj_006_04_" },
					{ "time": 0.4666, "name": "Emo_gj_006_04_" },
					{ "time": 0.5333, "name": null }
				]
			},
			"Emo_gj_006_05_": {
				"attachment": [
					{ "time": 0, "name": null },
					{ "time": 0.3333, "name": null },
					{ "time": 0.4, "name": "Emo_gj_006_05_" },
					{ "time": 0.4666, "name": "Emo_gj_006_05_" },
					{ "time": 0.5333, "name": null }
				]
			},
			"Emo_gj_006_06_": {
				"attachment": [
					{ "time": 0, "name": null },
					{ "time": 0.3333, "name": null },
					{ "time": 0.4, "name": "Emo_gj_006_06_" },
					{ "time": 0.4666, "name": "Emo_gj_006_06_" },
					{ "time": 0.5333, "name": null }
				]
			},
			"Emo_gj_006_07_": {
				"attachment": [
					{ "time": 0, "name": null },
					{ "time": 0.3333, "name": null },
					{ "time": 0.4, "name": "Emo_gj_006_07_" },
					{ "time": 0.4666, "name": "Emo_gj_006_07_" },
					{ "time": 0.5333, "name": null }
				]
			},
			"Emo_gj_008_01_": {
				"attachment": [
					{ "time": 0, "name": null },
					{ "time": 0.4666, "name": null },
					{ "time": 0.5333, "name": "Emo_gj_008_01_" },
					{ "time": 0.6, "name": "Emo_gj_008_01_" },
					{ "time": 0.6666, "name": null }
				]
			},
			"Emo_gj_008_02_": {
				"attachment": [
					{ "time": 0, "name": null },
					{ "time": 0.4666, "name": null },
					{ "time": 0.5333, "name": "Emo_gj_008_02_" },
					{ "time": 0.6, "name": "Emo_gj_008_02_" },
					{ "time": 0.6666, "name": null }
				]
			},
			"Emo_gj_008_03_": {
				"attachment": [
					{ "time": 0, "name": null },
					{ "time": 0.4666, "name": null },
					{ "time": 0.5333, "name": "Emo_gj_008_03_" },
					{ "time": 0.6, "name": "Emo_gj_008_03_" },
					{ "time": 0.6666, "name": null }
				]
			},
			"Emo_gj_008_04_": {
				"attachment": [
					{ "time": 0, "name": null },
					{ "time": 0.4666, "name": null },
					{ "time": 0.5333, "name": "Emo_gj_008_04_" },
					{ "time": 0.6, "name": "Emo_gj_008_04_" },
					{ "time": 0.6666, "name": null }
				]
			},
			"Emo_gj_008_05_": {
				"attachment": [
					{ "time": 0, "name": null },
					{ "time": 0.4666, "name": null },
					{ "time": 0.5333, "name": "Emo_gj_008_05_" },
					{ "time": 0.6, "name": "Emo_gj_008_05_" },
					{ "time": 0.6666, "name": null }
				]
			},
			"Emo_gj_010_01_": {
				"attachment": [
					{ "time": 0, "name": null },
					{ "time": 0.6, "name": null },
					{ "time": 0.6666, "name": "Emo_gj_010_01_" },
					{ "time": 0.7333, "name": "Emo_gj_010_01_" },
					{ "time": 0.8, "name": null }
				]
			},
			"Emo_gj_010_02_": {
				"attachment": [
					{ "time": 0, "name": null },
					{ "time": 0.6, "name": null },
					{ "time": 0.6666, "name": "Emo_gj_010_02_" },
					{ "time": 0.7333, "name": "Emo_gj_010_02_" },
					{ "time": 0.8, "name": null }
				]
			},
			"Emo_gj_010_03_": {
				"attachment": [
					{ "time": 0, "name": null },
					{ "time": 0.6, "name": null },
					{ "time": 0.6666, "name": "Emo_gj_010_03_" },
					{ "time": 0.7333, "name": "Emo_gj_010_03_" },
					{ "time": 0.8, "name": null }
				]
			},
			"Emo_gj_010_04_": {
				"attachment": [
					{ "time": 0, "name": null },
					{ "time": 0.6, "name": null },
					{ "time": 0.6666, "name": "Emo_gj_010_04_" },
					{ "time": 0.7333, "name": "Emo_gj_010_04_" },
					{ "time": 0.8, "name": null }
				]
			},
			"Emo_gj_010_05_": {
				"attachment": [
					{ "time": 0, "name": null },
					{ "time": 0.6, "name": null },
					{ "time": 0.6666, "name": "Emo_gj_010_05_" },
					{ "time": 0.7333, "name": "Emo_gj_010_05_" },
					{ "time": 0.8, "name": null }
				]
			},
			"Emo_gj_012_01_": {
				"attachment": [
					{ "time": 0, "name": null },
					{ "time": 0.7333, "name": null },
					{ "time": 0.8, "name": "Emo_gj_012_01_" },
					{ "time": 0.8666, "name": "Emo_gj_012_01_" },
					{ "time": 0.9, "name": null }
				]
			},
			"Emo_gj_012_02_": {
				"attachment": [
					{ "time": 0, "name": null },
					{ "time": 0.7333, "name": null },
					{ "time": 0.8, "name": "Emo_gj_012_02_" },
					{ "time": 0.8666, "name": "Emo_gj_012_02_" },
					{ "time": 0.9, "name": null }
				]
			},
			"Emo_gj_012_03_": {
				"attachment": [
					{ "time": 0, "name": null },
					{ "time": 0.7333, "name": null },
					{ "time": 0.8, "name": "Emo_gj_012_03_" },
					{ "time": 0.8666, "name": "Emo_gj_012_03_" },
					{ "time": 0.9, "name": null }
				]
			},
			"Emo_gj_012_04_": {
				"attachment": [
					{ "time": 0, "name": null },
					{ "time": 0.7333, "name": null },
					{ "time": 0.8, "name": "Emo_gj_012_04_" },
					{ "time": 0.8666, "name": "Emo_gj_012_04_" },
					{ "time": 0.9, "name": null }
				]
			},
			"Emo_gj_012_05_": {
				"attachment": [
					{ "time": 0, "name": null },
					{ "time": 0.7333, "name": null },
					{ "time": 0.8, "name": "Emo_gj_012_05_" },
					{ "time": 0.8666, "name": "Emo_gj_012_05_" },
					{ "time": 0.9, "name": null }
				]
			},
			"Emo_gj_014_01_": {
				"attachment": [
					{ "time": 0, "name": null },
					{ "time": 0.8666, "name": null },
					{ "time": 0.9, "name": "Emo_gj_014_01_" },
					{ "time": 0.9666, "name": "Emo_gj_014_01_" },
					{ "time": 1.0333, "name": null }
				]
			},
			"Emo_gj_014_02_": {
				"attachment": [
					{ "time": 0, "name": null },
					{ "time": 0.8666, "name": null },
					{ "time": 0.9, "name": "Emo_gj_014_02_" },
					{ "time": 0.9666, "name": "Emo_gj_014_02_" },
					{ "time": 1.0333, "name": null }
				]
			},
			"Emo_gj_014_03_": {
				"attachment": [
					{ "time": 0, "name": null },
					{ "time": 0.8666, "name": null },
					{ "time": 0.9, "name": "Emo_gj_014_03_" },
					{ "time": 0.9666, "name": "Emo_gj_014_03_" },
					{ "time": 1.0333, "name": null }
				]
			},
			"Emo_gj_014_04_": {
				"attachment": [
					{ "time": 0, "name": null },
					{ "time": 0.8666, "name": null },
					{ "time": 0.9, "name": "Emo_gj_014_04_" },
					{ "time": 0.9666, "name": "Emo_gj_014_04_" },
					{ "time": 1.0333, "name": null }
				]
			},
			"Emo_gj_014_05_": {
				"attachment": [
					{ "time": 0, "name": null },
					{ "time": 0.8666, "name": null },
					{ "time": 0.9, "name": "Emo_gj_014_05_" },
					{ "time": 0.9666, "name": "Emo_gj_014_05_" },
					{ "time": 1.0333, "name": null }
				]
			},
			"Emo_gj_014_06_": {
				"attachment": [
					{ "time": 0, "name": null },
					{ "time": 0.8666, "name": null },
					{ "time": 0.9, "name": "Emo_gj_014_06_" },
					{ "time": 0.9666, "name": "Emo_gj_014_06_" },
					{ "time": 1.0333, "name": null }
				]
			},
			"Emo_gj_016_01_": {
				"attachment": [
					{ "time": 0, "name": null },
					{ "time": 0.9666, "name": null },
					{ "time": 1.0333, "name": "Emo_gj_016_01_" },
					{ "time": 1.1, "name": "Emo_gj_016_01_" },
					{ "time": 1.1666, "name": null }
				]
			},
			"Emo_gj_016_02_": {
				"attachment": [
					{ "time": 0, "name": null },
					{ "time": 0.9666, "name": null },
					{ "time": 1.0333, "name": "Emo_gj_016_02_" },
					{ "time": 1.1, "name": "Emo_gj_016_02_" },
					{ "time": 1.1666, "name": null }
				]
			},
			"Emo_gj_016_03_": {
				"attachment": [
					{ "time": 0, "name": null },
					{ "time": 0.9666, "name": null },
					{ "time": 1.0333, "name": "Emo_gj_016_03_" },
					{ "time": 1.1, "name": "Emo_gj_016_03_" },
					{ "time": 1.1666, "name": null }
				]
			},
			"Emo_gj_016_04_": {
				"attachment": [
					{ "time": 0, "name": null },
					{ "time": 0.9666, "name": null },
					{ "time": 1.0333, "name": "Emo_gj_016_04_" },
					{ "time": 1.1, "name": "Emo_gj_016_04_" },
					{ "time": 1.1666, "name": null }
				]
			},
			"Emo_gj_018_01_": {
				"attachment": [
					{ "time": 0, "name": null },
					{ "time": 1.1, "name": null },
					{ "time": 1.1666, "name": "Emo_gj_018_01_" },
					{ "time": 1.2333, "name": "Emo_gj_018_01_" },
					{ "time": 1.3, "name": null }
				]
			},
			"Emo_gj_018_02_": {
				"attachment": [
					{ "time": 0, "name": null },
					{ "time": 1.1, "name": null },
					{ "time": 1.1666, "name": "Emo_gj_018_02_" },
					{ "time": 1.2333, "name": "Emo_gj_018_02_" },
					{ "time": 1.3, "name": null }
				]
			},
			"Emo_gj_018_03_": {
				"attachment": [
					{ "time": 0, "name": null },
					{ "time": 1.1, "name": null },
					{ "time": 1.1666, "name": "Emo_gj_018_03_" },
					{ "time": 1.2333, "name": "Emo_gj_018_03_" },
					{ "time": 1.3, "name": null }
				]
			},
			"Emo_gj_018_04_": {
				"attachment": [
					{ "time": 0, "name": null },
					{ "time": 1.1, "name": null },
					{ "time": 1.1666, "name": "Emo_gj_018_04_" },
					{ "time": 1.2333, "name": "Emo_gj_018_04_" },
					{ "time": 1.3, "name": null }
				]
			},
			"Emo_gj_018_05_": {
				"attachment": [
					{ "time": 0, "name": null },
					{ "time": 1.1, "name": null },
					{ "time": 1.1666, "name": "Emo_gj_018_05_" },
					{ "time": 1.2333, "name": "Emo_gj_018_05_" },
					{ "time": 1.3, "name": null }
				]
			},
			"Emo_gj_018_06_": {
				"attachment": [
					{ "time": 0, "name": null },
					{ "time": 1.1, "name": null },
					{ "time": 1.1666, "name": "Emo_gj_018_06_" },
					{ "time": 1.2333, "name": "Emo_gj_018_06_" },
					{ "time": 1.3, "name": null }
				]
			},
			"Emo_gj_020_01_": {
				"attachment": [
					{ "time": 0, "name": null },
					{ "time": 1.2333, "name": null },
					{ "time": 1.3, "name": "Emo_gj_020_01_" },
					{ "time": 1.3666, "name": "Emo_gj_020_01_" },
					{ "time": 1.4333, "name": null }
				]
			},
			"Emo_gj_020_02_": {
				"attachment": [
					{ "time": 0, "name": null },
					{ "time": 1.2333, "name": null },
					{ "time": 1.3, "name": "Emo_gj_020_02_" },
					{ "time": 1.3666, "name": "Emo_gj_020_02_" },
					{ "time": 1.4333, "name": null }
				]
			},
			"Emo_gj_020_03_": {
				"attachment": [
					{ "time": 0, "name": null },
					{ "time": 1.2333, "name": null },
					{ "time": 1.3, "name": "Emo_gj_020_03_" },
					{ "time": 1.3666, "name": "Emo_gj_020_03_" },
					{ "time": 1.4333, "name": null }
				]
			},
			"Emo_gj_022_01_": {
				"attachment": [
					{ "time": 0, "name": null },
					{ "time": 1.3666, "name": null },
					{ "time": 1.4333, "name": "Emo_gj_022_01_" },
					{ "time": 1.5, "name": "Emo_gj_022_01_" },
					{ "time": 1.5666, "name": null }
				]
			},
			"Emo_gj_022_02_": {
				"attachment": [
					{ "time": 0, "name": null },
					{ "time": 1.3666, "name": null },
					{ "time": 1.4333, "name": "Emo_gj_022_02_" },
					{ "time": 1.5, "name": "Emo_gj_022_02_" },
					{ "time": 1.5666, "name": null }
				]
			},
			"Emo_gj_022_03_": {
				"attachment": [
					{ "time": 0, "name": null },
					{ "time": 1.3666, "name": null },
					{ "time": 1.4333, "name": "Emo_gj_022_03_" },
					{ "time": 1.5, "name": "Emo_gj_022_03_" },
					{ "time": 1.5666, "name": null }
				]
			},
			"Emo_gj_022_04_": {
				"attachment": [
					{ "time": 0, "name": null },
					{ "time": 1.3666, "name": null },
					{ "time": 1.4333, "name": "Emo_gj_022_04_" },
					{ "time": 1.5, "name": "Emo_gj_022_04_" },
					{ "time": 1.5666, "name": null }
				]
			},
			"root": {
				"attachment": [
					{ "time": 0, "name": "yz_0_" }
				]
			}
		}
	}
}
}