{
"skeleton": { "hash": "DkDbtzQVOCNRJHLFZtarmiJuwLM", "spine": "2.1.27", "width": 0, "height": 0 },
"bones": [
	{ "name": "root" },
	{ "name": "waicheng_di_fudao_", "parent": "root", "x": -119.27, "y": 150.42 },
	{ "name": "waicheng_di_zhucheng_", "parent": "root", "length": 8.54, "x": -63.26, "y": 115.19, "rotation": -98.5 },
	{ "name": "waicheng_di_zhucheng_2", "parent": "root", "length": 9.85, "x": -112.97, "y": 124.53, "rotation": -92.72 }
],
"slots": [
	{ "name": "waicheng_di_zhucheng_", "bone": "waicheng_di_zhucheng_" },
	{ "name": "waicheng_di_fudao_", "bone": "waicheng_di_fudao_" }
],
"skins": {
	"default": {
		"waicheng_di_fudao_": {
			"waicheng_di_fudao_": { "x": 1.79, "y": 24.08, "width": 25, "height": 53 }
		},
		"waicheng_di_zhucheng_": {
			"waicheng_di_zhucheng_": {
				"type": "skinnedmesh",
				"uvs": [ 1, 1, 0, 1, 0, 0, 0.46984, 0, 1, 0, 0.01968, 0.5404, 0.47931, 0.94668, 0.70832, 0.77022, 0.92786, 0.52336, 0.2921, 0.07024, 0.16147, 0.27938, 0.20824, 0.46237, 0.23968, 0.4188, 0.28242, 0.40899, 0.30742, 0.42533, 0.32194, 0.47762, 0.32435, 0.51683, 0.31226, 0.58109, 0.26871, 0.65189, 0.22561, 0.72243, 0.19775, 0.50049, 0.21388, 0.57129, 0.25178, 0.62357, 0.34491, 0.51071, 0.3503, 0.49067, 0.37087, 0.4802, 0.38132, 0.48338, 0.40357, 0.49477, 0.4211, 0.53621, 0.40998, 0.58448, 0.36918, 0.58539, 0.3294, 0.56672, 0.33277, 0.52938, 0.35974, 0.50706, 0.37593, 0.49613, 0.39615, 0.51435, 0.39986, 0.5444, 0.37188, 0.56262, 0.35469, 0.55124, 0.35132, 0.52164, 0.22287, 0.49841, 0.22826, 0.46744, 0.26198, 0.44285, 0.29164, 0.47109, 0.30277, 0.52209, 0.27748, 0.56308, 0.24242, 0.55807 ],
				"triangles": [ 9, 2, 3, 10, 2, 9, 13, 10, 9, 12, 10, 13, 14, 9, 3, 13, 9, 14, 42, 12, 13, 42, 13, 14, 11, 10, 12, 41, 11, 12, 25, 15, 14, 43, 14, 15, 14, 26, 25, 3, 26, 14, 24, 15, 25, 27, 26, 3, 34, 25, 26, 34, 26, 27, 24, 25, 34, 11, 5, 10, 20, 11, 40, 23, 15, 24, 23, 24, 33, 16, 15, 23, 44, 15, 16, 8, 3, 4, 27, 3, 8, 32, 16, 23, 32, 23, 39, 28, 27, 8, 35, 27, 28, 5, 2, 10, 20, 5, 11, 16, 17, 44, 31, 32, 38, 16, 32, 17, 21, 20, 40, 32, 31, 17, 29, 36, 28, 30, 37, 29, 31, 38, 30, 22, 45, 17, 21, 46, 22, 18, 22, 17, 19, 21, 22, 19, 22, 18, 17, 31, 30, 5, 20, 21, 19, 5, 21, 7, 28, 8, 29, 28, 7, 6, 29, 7, 18, 30, 29, 18, 17, 30, 29, 6, 18, 19, 18, 6, 5, 1, 2, 1, 5, 19, 1, 19, 6, 4, 0, 8, 7, 8, 0, 6, 7, 0, 1, 6, 0, 44, 40, 43, 43, 41, 42, 43, 40, 41, 46, 40, 44, 45, 46, 44, 42, 41, 12, 43, 42, 14, 40, 11, 41, 44, 43, 15, 17, 45, 44, 21, 40, 46, 22, 46, 45, 33, 24, 34, 35, 34, 27, 39, 23, 33, 36, 35, 28, 32, 39, 38, 37, 36, 29, 30, 38, 37, 36, 38, 39, 33, 34, 35, 36, 39, 35, 35, 39, 33, 37, 38, 36 ],
				"vertices": [ 1, 0, 210.08, -41.91, 1, 1, 0, -228.91, -42.08, 1, 1, 0, -229.04, 282.91, 1, 1, 0, -22.77, 282.99, 1, 1, 0, 209.95, 283.08, 1, 1, 0, -220.33, 107.28, 1, 1, 0, -18.5, -24.67, 1, 1, 0, 82, 32.71, 1, 1, 0, 178.35, 112.97, 1, 1, 0, -100.79, 260.13, 1, 1, 0, -158.12, 192.14, 1, 1, 0, -137.56, 132.68, 1, 1, 0, -123.76, 146.84, 1, 1, 0, -105, 150.03, 1, 1, 0, -94.02, 144.73, 1, 1, 0, -87.65, 127.74, 1, 1, 0, -86.58, 115, 1, 1, 0, -91.88, 94.11, 1, 1, 0, -110.99, 71.08999, 1, 1, 0, -129.9, 48.16, 1, 1, 0, -142.16, 120.28, 1, 1, 0, -135.07, 97.28, 1, 1, 0, -118.43, 80.29, 1, 1, 0, -77.56, 116.99, 1, 1, 0, -75.19, 123.5, 1, 1, 0, -66.16, 126.91, 1, 1, 0, -61.58, 125.87, 1, 1, 0, -51.81, 122.18, 1, 1, 0, -44.1, 108.71, 1, 1, 0, -48.98, 93.02, 1, 1, 0, -66.89, 92.72, 1, 1, 0, -84.36, 98.78, 1, 1, 0, -82.87999, 110.92, 1, 1, 2, -1.8, -8.14, 1, 1, 2, -6.37, -1.64, 1, 1, 2, -1.83, 8.01, 1, 1, 2, 7.58, 11.07, 1, 1, 2, 15.26, -0.19, 1, 1, 2, 12.72, -8.21, 1, 1, 2, 3.42, -11.09, 1, 1, 3, 4.42, -17.96999, 1, 1, 3, -5.74, -16.08, 1, 1, 3, -14.43, -1.68, 1, 1, 3, -5.88, 11.76, 1, 1, 3, 10.43, 17.43, 1, 1, 3, 24.26, 6.98, 1, 1, 3, 23.37, -8.47, 1 ],
				"hull": 5
			}
		}
	}
},
"animations": {
	"animation": {
		"slots": {
			"waicheng_di_fudao_": {
				"attachment": [
					{ "time": 0, "name": "waicheng_di_fudao_" },
					{ "time": 5.3333, "name": "waicheng_di_fudao_" }
				]
			},
			"waicheng_di_zhucheng_": {
				"attachment": [
					{ "time": 0, "name": "waicheng_di_zhucheng_" },
					{ "time": 1.3333, "name": "waicheng_di_zhucheng_" },
					{ "time": 2.6666, "name": "waicheng_di_zhucheng_" },
					{ "time": 4, "name": "waicheng_di_zhucheng_" },
					{ "time": 5.3333, "name": "waicheng_di_zhucheng_" }
				]
			}
		},
		"bones": {
			"waicheng_di_fudao_": {
				"rotate": [
					{ "time": 0, "angle": 0, "curve": "stepped" },
					{ "time": 5.3333, "angle": 0 }
				],
				"translate": [
					{
						"time": 0,
						"x": 0,
						"y": 0,
						"curve": [ 0.25, 0, 0.75, 1 ]
					},
					{
						"time": 2,
						"x": 0,
						"y": -3.72,
						"curve": [ 0.25, 0, 0.75, 1 ]
					},
					{ "time": 5.3333, "x": 0, "y": 0 }
				],
				"scale": [
					{ "time": 0, "x": 1, "y": 1, "curve": "stepped" },
					{ "time": 5.3333, "x": 1, "y": 1 }
				]
			},
			"waicheng_di_zhucheng_": {
				"rotate": [
					{
						"time": 0,
						"angle": 0,
						"curve": [ 0.25, 0, 0.75, 1 ]
					},
					{
						"time": 0.6666,
						"angle": -1.59,
						"curve": [ 0.25, 0, 0.75, 1 ]
					},
					{
						"time": 1.3333,
						"angle": 0,
						"curve": [ 0.25, 0, 0.75, 1 ]
					},
					{
						"time": 2,
						"angle": -1.59,
						"curve": [ 0.25, 0, 0.75, 1 ]
					},
					{
						"time": 2.6666,
						"angle": 0,
						"curve": [ 0.25, 0, 0.75, 1 ]
					},
					{
						"time": 3.3333,
						"angle": -1.59,
						"curve": [ 0.25, 0, 0.75, 1 ]
					},
					{
						"time": 4,
						"angle": 0,
						"curve": [ 0.25, 0, 0.75, 1 ]
					},
					{
						"time": 4.6666,
						"angle": -1.59,
						"curve": [ 0.25, 0, 0.75, 1 ]
					},
					{ "time": 5.3333, "angle": 0 }
				],
				"scale": [
					{ "time": 0, "x": 1, "y": 1, "curve": "stepped" },
					{ "time": 1.3333, "x": 1, "y": 1, "curve": "stepped" },
					{ "time": 2.6666, "x": 1, "y": 1, "curve": "stepped" },
					{ "time": 4, "x": 1, "y": 1, "curve": "stepped" },
					{ "time": 5.3333, "x": 1, "y": 1 }
				]
			},
			"waicheng_di_zhucheng_2": {
				"rotate": [
					{
						"time": 0,
						"angle": -0.93,
						"curve": [ 0.25, 0, 0.75, 1 ]
					},
					{
						"time": 0.6666,
						"angle": 0,
						"curve": [ 0.25, 0, 0.75, 1 ]
					},
					{
						"time": 1.3333,
						"angle": -0.93,
						"curve": [ 0.25, 0, 0.75, 1 ]
					},
					{
						"time": 2,
						"angle": 0,
						"curve": [ 0.25, 0, 0.75, 1 ]
					},
					{
						"time": 2.6666,
						"angle": -0.93,
						"curve": [ 0.25, 0, 0.75, 1 ]
					},
					{
						"time": 3.3333,
						"angle": 0,
						"curve": [ 0.25, 0, 0.75, 1 ]
					},
					{
						"time": 4,
						"angle": -0.93,
						"curve": [ 0.25, 0, 0.75, 1 ]
					},
					{
						"time": 4.6666,
						"angle": 0,
						"curve": [ 0.25, 0, 0.75, 1 ]
					},
					{ "time": 5.3333, "angle": -0.93 }
				],
				"translate": [
					{
						"time": 0,
						"x": 0,
						"y": -0.62,
						"curve": [ 0.25, 0, 0.75, 1 ]
					},
					{
						"time": 0.6666,
						"x": 0,
						"y": -0.93,
						"curve": [ 0.25, 0, 0.75, 1 ]
					},
					{
						"time": 1.3333,
						"x": 0,
						"y": -0.62,
						"curve": [ 0.25, 0, 0.75, 1 ]
					},
					{
						"time": 2,
						"x": 0,
						"y": -0.93,
						"curve": [ 0.25, 0, 0.75, 1 ]
					},
					{
						"time": 2.6666,
						"x": 0,
						"y": -0.62,
						"curve": [ 0.25, 0, 0.75, 1 ]
					},
					{
						"time": 3.3333,
						"x": 0,
						"y": -0.93,
						"curve": [ 0.25, 0, 0.75, 1 ]
					},
					{
						"time": 4,
						"x": 0,
						"y": -0.62,
						"curve": [ 0.25, 0, 0.75, 1 ]
					},
					{
						"time": 4.6666,
						"x": 0,
						"y": -0.93,
						"curve": [ 0.25, 0, 0.75, 1 ]
					},
					{ "time": 5.3333, "x": 0, "y": -0.62 }
				],
				"scale": [
					{ "time": 0, "x": 1, "y": 1, "curve": "stepped" },
					{ "time": 0.6666, "x": 1, "y": 1, "curve": "stepped" },
					{ "time": 1.3333, "x": 1, "y": 1, "curve": "stepped" },
					{ "time": 2, "x": 1, "y": 1, "curve": "stepped" },
					{ "time": 2.6666, "x": 1, "y": 1, "curve": "stepped" },
					{ "time": 3.3333, "x": 1, "y": 1, "curve": "stepped" },
					{ "time": 4, "x": 1, "y": 1, "curve": "stepped" },
					{ "time": 4.6666, "x": 1, "y": 1, "curve": "stepped" },
					{ "time": 5.3333, "x": 1, "y": 1 }
				]
			}
		}
	}
}
}