{
"skeleton": { "hash": "wFrN+CiTLkIPycQX1dJXhICtjQY", "spine": "2.1.27", "width": 433.99, "height": 323.99 },
"bones": [
	{ "name": "root" },
	{ "name": "bone", "parent": "root", "x": -51.37, "y": 106.5 },
	{ "name": "waicheng_yunduo_1_", "parent": "root", "x": -47.11, "y": 268.87 },
	{ "name": "waicheng_yunduo_2_", "parent": "root", "x": 43.57, "y": 227.02 },
	{ "name": "waicheng_yunduo_3_", "parent": "root", "x": -98.01, "y": 214.92 },
	{ "name": "waicheng_yunduo_5_", "parent": "root", "x": 86.22, "y": 212.72 },
	{ "name": "waicheng_zhong_fudao_1_", "parent": "root", "x": -115.82, "y": 165.55 },
	{ "name": "waicheng_zhong_fudao_2_", "parent": "root", "x": 94.39, "y": 180.82 },
	{ "name": "waicheng_zhong_zhucheng_", "parent": "root", "length": 9.38, "x": -119.38, "y": 119.92, "rotation": -93.6 },
	{ "name": "waicheng_zhong_zhucheng_2", "parent": "root", "length": 6.24, "x": -51.37, "y": 106.5, "rotation": -87.29 }
],
"slots": [
	{ "name": "waicheng_yunduo_5_", "bone": "waicheng_yunduo_5_", "attachment": "waicheng_yunduo_5_" },
	{ "name": "waicheng_zhong_zhucheng_", "bone": "waicheng_zhong_zhucheng_2", "attachment": "waicheng_zhong_zhucheng_" },
	{ "name": "waicheng_zhong_fudao_1_", "bone": "waicheng_zhong_fudao_1_", "attachment": "waicheng_zhong_fudao_1_" },
	{ "name": "waicheng_zhong_fudao_2_", "bone": "waicheng_zhong_fudao_2_", "attachment": "waicheng_zhong_fudao_2_" },
	{ "name": "waicheng_yunduo_3_", "bone": "waicheng_yunduo_3_", "attachment": "waicheng_yunduo_3_" },
	{ "name": "waicheng_yunduo_2_", "bone": "waicheng_yunduo_2_", "attachment": "waicheng_yunduo_2_" }
],
"skins": {
	"default": {
		"waicheng_yunduo_2_": {
			"waicheng_yunduo_2_": { "x": -3.76, "y": 1.68, "width": 51, "height": 40 }
		},
		"waicheng_yunduo_3_": {
			"waicheng_yunduo_3_": { "x": -3.77, "y": 2.19, "width": 74, "height": 38 }
		},
		"waicheng_yunduo_5_": {
			"waicheng_yunduo_5_": { "x": -6.04, "y": -3.34, "width": 87, "height": 53 }
		},
		"waicheng_zhong_fudao_1_": {
			"waicheng_zhong_fudao_1_": { "x": 1.03, "y": 25.56, "width": 26, "height": 52 }
		},
		"waicheng_zhong_fudao_2_": {
			"waicheng_zhong_fudao_2_": { "x": 9.32, "y": 22.79, "width": 61, "height": 107 }
		},
		"waicheng_zhong_zhucheng_": {
			"waicheng_zhong_zhucheng_": {
				"type": "skinnedmesh",
				"uvs": [ 1, 0.5193, 1, 0.63611, 1, 1, 0.51685, 1, 0, 1, 0, 0, 0.44168, 0, 0.63513, 0, 1, 0, 0.33544, 0.14472, 0.147, 0.34879, 0.02873, 0.57032, 0.19311, 0.79453, 0.36946, 0.58733, 0.37323, 0.56944, 0.38891, 0.54299, 0.41939, 0.53366, 0.43739, 0.52938, 0.46642, 0.56283, 0.467, 0.59588, 0.44639, 0.62427, 0.41533, 0.6266, 0.38572, 0.61338, 0.39704, 0.56205, 0.41242, 0.55233, 0.4342, 0.55505, 0.44407, 0.58305, 0.43013, 0.60871, 0.40517, 0.60327, 0.39123, 0.58655, 0.22626, 0.56453, 0.20506, 0.53576, 0.201, 0.48676, 0.237, 0.45487, 0.29042, 0.44009, 0.31974, 0.48015, 0.32874, 0.53537, 0.31858, 0.57776, 0.27648, 0.60031, 0.23148, 0.58942, 0.23729, 0.51515, 0.24368, 0.49298, 0.27474, 0.48248, 0.29477, 0.51787, 0.2878, 0.54937, 0.264, 0.56337, 0.24193, 0.54703 ],
				"triangles": [ 3, 1, 2, 4, 12, 3, 3, 12, 21, 12, 22, 21, 22, 38, 37, 37, 13, 22, 12, 38, 22, 21, 20, 3, 20, 19, 3, 3, 19, 1, 4, 11, 12, 11, 4, 5, 12, 39, 38, 30, 39, 31, 31, 39, 11, 11, 39, 12, 19, 0, 1, 22, 28, 21, 21, 27, 20, 20, 27, 19, 22, 13, 29, 39, 45, 38, 38, 44, 37, 26, 18, 19, 19, 18, 0, 45, 39, 30, 13, 14, 29, 13, 37, 14, 37, 36, 14, 37, 44, 36, 11, 32, 31, 11, 10, 32, 11, 5, 10, 14, 15, 23, 14, 36, 15, 30, 31, 46, 25, 17, 18, 18, 17, 7, 18, 7, 0, 6, 7, 9, 25, 16, 17, 24, 15, 16, 16, 15, 35, 31, 32, 40, 43, 35, 36, 15, 36, 35, 16, 35, 17, 17, 34, 9, 7, 17, 9, 7, 8, 0, 32, 33, 41, 32, 10, 33, 42, 34, 35, 42, 33, 34, 17, 35, 34, 33, 10, 34, 34, 10, 9, 10, 5, 9, 9, 5, 6, 38, 45, 44, 45, 30, 46, 44, 43, 36, 31, 40, 46, 43, 42, 35, 40, 32, 41, 41, 33, 42, 45, 46, 44, 44, 46, 43, 41, 43, 40, 43, 41, 42, 43, 46, 40, 21, 28, 27, 22, 29, 28, 27, 26, 19, 29, 14, 23, 26, 25, 18, 23, 15, 24, 24, 16, 25, 27, 28, 26, 26, 24, 25, 23, 24, 26, 29, 23, 28, 26, 28, 23 ],
				"vertices": [ 1, 0, 201.2, 119.85, 1, 1, 0, 201.2, 82.01, 1, 1, 0, 201.2, -35.88, 1, 1, 0, -8.47, -35.88, 1, 1, 0, -232.78, -35.88, 1, 1, 0, -232.78, 288.11, 1, 1, 0, -41.09, 288.11, 1, 1, 0, 42.85, 288.11, 1, 1, 0, 201.2, 288.11, 1, 1, 0, -87.2, 241.22, 1, 1, 0, -168.98, 175.1, 1, 1, 0, -220.31, 103.32, 1, 1, 0, -148.97, 30.68, 1, 1, 0, -72.44, 97.81, 1, 1, 0, -70.8, 103.61, 1, 1, 0, -63.99, 112.18, 1, 1, 0, -50.76, 115.2, 1, 1, 0, -42.95, 116.59, 1, 1, 0, -30.35, 105.75, 1, 1, 0, -30.1, 95.04, 1, 1, 0, -39.05, 85.84, 1, 1, 0, -52.53, 85.09, 1, 1, 0, -65.37999, 89.37, 1, 1, 9, 0.06, -9.10999, 1, 1, 9, -2.76, -2.29, 1, 1, 9, -1.43, 7.1, 1, 1, 9, 7.82, 10.95, 1, 1, 9, 15.84, 4.51, 1, 1, 9, 13.57, -6.22, 1, 1, 9, 7.87, -12, 1, 1, 0, -134.58, 105.2, 1, 1, 0, -143.78, 114.52, 1, 1, 0, -145.54, 130.4, 1, 1, 0, -129.92, 140.73, 1, 1, 0, -106.74, 145.52, 1, 1, 0, -94.01, 132.54, 1, 1, 0, -90.11, 114.65, 1, 1, 0, -94.52, 100.91, 1, 1, 0, -112.79, 93.61, 1, 1, 0, -132.31, 97.13, 1, 1, 8, -0.62, -10.47, 1, 1, 8, -5.49, -9.38, 1, 1, 8, -10.08, 1.43, 1, 1, 8, -1.11, 11.33, 1, 1, 8, 11.33, 10.09, 1, 1, 8, 16.04, -0.58, 1, 1, 8, 10.64, -9, 1 ],
				"hull": 9
			}
		}
	}
},
"animations": {
	"animation": {
		"slots": {
			"waicheng_yunduo_2_": {
				"color": [
					{ "time": 0, "color": "ffffff00", "curve": "stepped" },
					{ "time": 1.6666, "color": "ffffff00" },
					{ "time": 2.6666, "color": "ffffffff", "curve": "stepped" },
					{ "time": 4, "color": "ffffffff" },
					{ "time": 4.6666, "color": "ffffff00" }
				]
			},
			"waicheng_yunduo_3_": {
				"color": [
					{ "time": 0, "color": "ffffff00", "curve": "stepped" },
					{ "time": 0.6, "color": "ffffff00" },
					{ "time": 1.8, "color": "ffffffff", "curve": "stepped" },
					{ "time": 3, "color": "ffffffff" },
					{ "time": 4, "color": "ffffff00" }
				]
			},
			"waicheng_yunduo_5_": {
				"color": [
					{ "time": 0, "color": "ffffff00" },
					{ "time": 1.6666, "color": "ffffffff", "curve": "stepped" },
					{ "time": 3, "color": "ffffffff" },
					{ "time": 4, "color": "ffffff00" }
				]
			}
		},
		"bones": {
			"waicheng_zhong_fudao_2_": {
				"rotate": [
					{ "time": 0, "angle": 0, "curve": "stepped" },
					{ "time": 4.6666, "angle": 0 }
				],
				"translate": [
					{
						"time": 0,
						"x": 0,
						"y": 0,
						"curve": [ 0.25, 0, 0.75, 1 ]
					},
					{
						"time": 2,
						"x": 0,
						"y": -4.08,
						"curve": [ 0.25, 0, 0.75, 1 ]
					},
					{ "time": 4.6666, "x": 0, "y": 0 }
				],
				"scale": [
					{ "time": 0, "x": 1, "y": 1, "curve": "stepped" },
					{ "time": 4.6666, "x": 1, "y": 1 }
				]
			},
			"waicheng_zhong_fudao_1_": {
				"rotate": [
					{ "time": 0, "angle": 0, "curve": "stepped" },
					{ "time": 4.6666, "angle": 0 }
				],
				"translate": [
					{
						"time": 0,
						"x": 0,
						"y": 0,
						"curve": [ 0.25, 0, 0.75, 1 ]
					},
					{
						"time": 3,
						"x": 0,
						"y": 4.08,
						"curve": [ 0.25, 0, 0.75, 1 ]
					},
					{ "time": 4.6666, "x": 0, "y": 0 }
				],
				"scale": [
					{ "time": 0, "x": 1, "y": 1, "curve": "stepped" },
					{ "time": 4.6666, "x": 1, "y": 1 }
				]
			},
			"waicheng_zhong_zhucheng_": {
				"rotate": [
					{ "time": 0, "angle": 0 },
					{ "time": 0.6666, "angle": 1.66 },
					{ "time": 1.3333, "angle": 0 },
					{ "time": 2, "angle": 1.66 },
					{ "time": 2.6666, "angle": 0 },
					{ "time": 3.3333, "angle": 1.66 },
					{ "time": 4, "angle": 0, "curve": "stepped" },
					{ "time": 4.6666, "angle": 0 }
				],
				"translate": [
					{ "time": 0, "x": 0, "y": 0, "curve": "stepped" },
					{ "time": 1.3333, "x": 0, "y": 0, "curve": "stepped" },
					{ "time": 2.6666, "x": 0, "y": 0, "curve": "stepped" },
					{ "time": 4, "x": 0, "y": 0, "curve": "stepped" },
					{ "time": 4.6666, "x": 0, "y": 0 }
				],
				"scale": [
					{ "time": 0, "x": 1, "y": 1, "curve": "stepped" },
					{ "time": 1.3333, "x": 1, "y": 1, "curve": "stepped" },
					{ "time": 2.6666, "x": 1, "y": 1, "curve": "stepped" },
					{ "time": 4, "x": 1, "y": 1, "curve": "stepped" },
					{ "time": 4.6666, "x": 1, "y": 1 }
				]
			},
			"waicheng_zhong_zhucheng_2": {
				"rotate": [
					{ "time": 0, "angle": -1.75 },
					{ "time": 0.6666, "angle": -0.47 },
					{ "time": 1.3333, "angle": -1.75 },
					{ "time": 2, "angle": -0.47 },
					{ "time": 2.6666, "angle": -1.75 },
					{ "time": 3.3333, "angle": -0.47 },
					{ "time": 4, "angle": -1.75, "curve": "stepped" },
					{ "time": 4.6666, "angle": -1.75 }
				],
				"translate": [
					{ "time": 0, "x": 0, "y": 0, "curve": "stepped" },
					{ "time": 1.3333, "x": 0, "y": 0, "curve": "stepped" },
					{ "time": 2.6666, "x": 0, "y": 0, "curve": "stepped" },
					{ "time": 4, "x": 0, "y": 0, "curve": "stepped" },
					{ "time": 4.6666, "x": 0, "y": 0 }
				],
				"scale": [
					{ "time": 0, "x": 1, "y": 1, "curve": "stepped" },
					{ "time": 1.3333, "x": 1, "y": 1, "curve": "stepped" },
					{ "time": 2.6666, "x": 1, "y": 1, "curve": "stepped" },
					{ "time": 4, "x": 1, "y": 1, "curve": "stepped" },
					{ "time": 4.6666, "x": 1, "y": 1 }
				]
			},
			"waicheng_yunduo_1_": {
				"rotate": [
					{ "time": 0, "angle": 0, "curve": "stepped" },
					{ "time": 4.6666, "angle": 0 }
				],
				"translate": [
					{
						"time": 0,
						"x": 0,
						"y": 0,
						"curve": [ 0.25, 0, 0.75, 1 ]
					},
					{
						"time": 2,
						"x": 0.67,
						"y": -3.36,
						"curve": [ 0.25, 0, 0.75, 1 ]
					},
					{ "time": 4.6666, "x": 0, "y": 0 }
				],
				"scale": [
					{ "time": 0, "x": 1, "y": 1, "curve": "stepped" },
					{ "time": 4.6666, "x": 1, "y": 1 }
				]
			},
			"waicheng_yunduo_5_": {
				"rotate": [
					{ "time": 0, "angle": 0 }
				],
				"translate": [
					{ "time": 0, "x": 41.75, "y": 0 },
					{ "time": 4, "x": 22.22, "y": 0 }
				],
				"scale": [
					{ "time": 0, "x": 1.166, "y": 1.166 }
				]
			},
			"waicheng_yunduo_2_": {
				"rotate": [
					{ "time": 0, "angle": 0, "curve": "stepped" },
					{ "time": 2.6666, "angle": 0 }
				],
				"translate": [
					{ "time": 0, "x": 38.38, "y": -1.34, "curve": "stepped" },
					{ "time": 1.6666, "x": 38.38, "y": -1.34 },
					{ "time": 4.6666, "x": 21.55, "y": -1.34 }
				],
				"scale": [
					{ "time": 0, "x": 1, "y": 1, "curve": "stepped" },
					{ "time": 2.6666, "x": 1, "y": 1 }
				]
			},
			"waicheng_yunduo_3_": {
				"rotate": [
					{ "time": 0, "angle": 0 }
				],
				"translate": [
					{ "time": 0, "x": 0, "y": 0 },
					{ "time": 3.6666, "x": -18.03, "y": 0 }
				],
				"scale": [
					{ "time": 0, "x": 1, "y": 1 }
				]
			}
		}
	}
}
}