{
"skeleton": { "hash": "W5/lWY0KBUqiTaP2ip+jZFrPOJQ", "spine": "2.1.27", "width": 347, "height": 283 },
"bones": [
	{ "name": "root" },
	{ "name": "bone", "parent": "root", "x": 3.96, "y": 92.73 }
],
"slots": [
	{ "name": "Arab01_", "bone": "bone", "attachment": "Arab01_" }
],
"skins": {
	"default": {
		"Arab01_": {
			"Arab01_": { "width": 347, "height": 283 }
		}
	}
},
"animations": {
	"animation": {
		"bones": {
			"bone": {
				"rotate": [
					{ "time": 0, "angle": 0, "curve": "stepped" },
					{ "time": 0.0666, "angle": 0 }
				],
				"translate": [
					{ "time": 0, "x": 0, "y": 0, "curve": "stepped" },
					{ "time": 0.0666, "x": 0, "y": 0 }
				],
				"scale": [
					{ "time": 0, "x": 1, "y": 1, "curve": "stepped" },
					{ "time": 0.0666, "x": 1, "y": 1 }
				]
			}
		}
	}
}
}