{
"skeleton": { "hash": "KU9664tt8AnPQ5D+m4cdLOWssyA", "spine": "2.1.27", "width": 349, "height": 304 },
"bones": [
	{ "name": "root" },
	{ "name": "bone", "parent": "root", "x": -2, "y": 90 }
],
"slots": [
	{ "name": "Arab02_", "bone": "bone", "attachment": "Arab02_" }
],
"skins": {
	"default": {
		"Arab02_": {
			"Arab02_": { "width": 349, "height": 304 }
		}
	}
},
"animations": {
	"animation": {
		"bones": {
			"bone": {
				"rotate": [
					{ "time": 0, "angle": 0, "curve": "stepped" },
					{ "time": 0.0666, "angle": 0 }
				],
				"translate": [
					{ "time": 0, "x": 0, "y": 0, "curve": "stepped" },
					{ "time": 0.0666, "x": 0, "y": 0 }
				],
				"scale": [
					{ "time": 0, "x": 1, "y": 1, "curve": "stepped" },
					{ "time": 0.0666, "x": 1, "y": 1 }
				]
			}
		}
	}
}
}