{"skeleton":{"hash":"X5g6ezA05c8jAd5pynKeFBlrW3w","spine":"2.1.27","width":0,"height":0,"images":"./images/"},"bones":[{"name":"root"},{"name":"BG_bai_","parent":"root"},{"name":"BG_cheng_","parent":"root"},{"name":"BG_jin_","parent":"root"},{"name":"BG_lan_","parent":"root"},{"name":"BG_lv_","parent":"root"},{"name":"BG_zi_","parent":"root"},{"name":"blue_","parent":"root","scaleX":1.25,"scaleY":1.25},{"name":"golden_","parent":"root","scaleX":1.25,"scaleY":1.25},{"name":"green_","parent":"root","scaleX":1.25,"scaleY":1.25},{"name":"orange_","parent":"root","scaleX":1.25,"scaleY":1.25},{"name":"purple_","parent":"root","scaleX":1.25,"scaleY":1.25},{"name":"white_","parent":"root","scaleX":1.25,"scaleY":1.25}],"slots":[{"name":"BG_bai_","bone":"BG_bai_","blend":"additive"},{"name":"BG_cheng_","bone":"BG_cheng_","blend":"additive"},{"name":"BG_jin_","bone":"BG_jin_","blend":"additive"},{"name":"BG_lan_","bone":"BG_lan_","blend":"additive"},{"name":"BG_lv_","bone":"BG_lv_","blend":"additive"},{"name":"BG_zi_","bone":"BG_zi_","blend":"additive"},{"name":"blue_","bone":"blue_","blend":"additive"},{"name":"golden_","bone":"golden_","blend":"additive"},{"name":"green_","bone":"green_","blend":"additive"},{"name":"orange_","bone":"orange_","blend":"additive"},{"name":"purple_","bone":"purple_","blend":"additive"},{"name":"white_","bone":"white_","blend":"additive"}],"skins":{"default":{"BG_bai_":{"BG_bai_":{"scaleX":1.25,"scaleY":1.25,"width":75,"height":75}},"BG_cheng_":{"BG_cheng_":{"scaleX":1.25,"scaleY":1.25,"width":75,"height":75}},"BG_jin_":{"BG_jin_":{"scaleX":1.25,"scaleY":1.25,"width":75,"height":75}},"BG_lan_":{"BG_lan_":{"scaleX":1.25,"scaleY":1.25,"width":75,"height":75}},"BG_lv_":{"BG_lv_":{"scaleX":1.25,"scaleY":1.25,"width":75,"height":75}},"BG_zi_":{"BG_zi_":{"scaleX":1.25,"scaleY":1.25,"width":75,"height":75}},"blue_":{"blue_00_":{"width":104,"height":104},"blue_02_":{"width":104,"height":104},"blue_04_":{"width":104,"height":104},"blue_06_":{"width":104,"height":104},"blue_08_":{"width":104,"height":104},"blue_10_":{"width":104,"height":104},"blue_12_":{"width":104,"height":104},"blue_14_":{"width":104,"height":104},"blue_16_":{"width":104,"height":104},"blue_18_":{"width":104,"height":104},"blue_20_":{"width":104,"height":104},"blue_22_":{"width":104,"height":104},"blue_24_":{"width":104,"height":104},"blue_26_":{"width":104,"height":104},"blue_28_":{"width":104,"height":104}},"golden_":{"golden_00_":{"width":104,"height":104},"golden_02_":{"width":104,"height":104},"golden_04_":{"width":104,"height":104},"golden_06_":{"width":104,"height":104},"golden_08_":{"width":104,"height":104},"golden_10_":{"width":104,"height":104},"golden_12_":{"width":104,"height":104},"golden_14_":{"width":104,"height":104},"golden_16_":{"width":104,"height":104},"golden_18_":{"width":104,"height":104},"golden_20_":{"width":104,"height":104},"golden_22_":{"width":104,"height":104},"golden_24_":{"width":104,"height":104},"golden_26_":{"width":104,"height":104},"golden_28_":{"width":104,"height":104}},"green_":{"green_00_":{"width":104,"height":104},"green_02_":{"width":104,"height":104},"green_04_":{"width":104,"height":104},"green_06_":{"width":104,"height":104},"green_08_":{"width":104,"height":104},"green_10_":{"width":104,"height":104},"green_12_":{"width":104,"height":104},"green_14_":{"width":104,"height":104},"green_16_":{"width":104,"height":104},"green_18_":{"width":104,"height":104},"green_20_":{"width":104,"height":104},"green_22_":{"width":104,"height":104},"green_24_":{"width":104,"height":104},"green_26_":{"width":104,"height":104},"green_28_":{"width":104,"height":104}},"orange_":{"orange_00_":{"width":104,"height":104},"orange_02_":{"width":104,"height":104},"orange_04_":{"width":104,"height":104},"orange_06_":{"width":104,"height":104},"orange_08_":{"width":104,"height":104},"orange_10_":{"width":104,"height":104},"orange_12_":{"width":104,"height":104},"orange_14_":{"width":104,"height":104},"orange_16_":{"width":104,"height":104},"orange_18_":{"width":104,"height":104},"orange_20_":{"width":104,"height":104},"orange_22_":{"width":104,"height":104},"orange_24_":{"width":104,"height":104},"orange_26_":{"width":104,"height":104},"orange_28_":{"width":104,"height":104}},"purple_":{"purple_00_":{"width":104,"height":104},"purple_02_":{"width":104,"height":104},"purple_04_":{"width":104,"height":104},"purple_06_":{"width":104,"height":104},"purple_08_":{"width":104,"height":104},"purple_10_":{"width":104,"height":104},"purple_12_":{"width":104,"height":104},"purple_14_":{"width":104,"height":104},"purple_16_":{"width":104,"height":104},"purple_18_":{"width":104,"height":104},"purple_20_":{"width":104,"height":104},"purple_22_":{"width":104,"height":104},"purple_24_":{"width":104,"height":104},"purple_26_":{"width":104,"height":104},"purple_28_":{"width":104,"height":104}},"white_":{"white_00_":{"width":104,"height":104},"white_02_":{"width":104,"height":104},"white_04_":{"width":104,"height":104},"white_06_":{"width":104,"height":104},"white_08_":{"width":104,"height":104},"white_10_":{"width":104,"height":104},"white_12_":{"width":104,"height":104},"white_14_":{"width":104,"height":104},"white_16_":{"width":104,"height":104},"white_18_":{"width":104,"height":104},"white_20_":{"width":104,"height":104},"white_22_":{"width":104,"height":104},"white_24_":{"width":104,"height":104},"white_26_":{"width":104,"height":104},"white_28_":{"width":104,"height":104}}}},"animations":{"blue":{"slots":{"BG_lan_":{"attachment":[{"time":0,"name":"BG_lan_"}],"color":[{"time":0,"color":"ffffffe6"},{"time":1,"color":"ffffff00"},{"time":2,"color":"ffffffe6"}]},"blue_":{"attachment":[{"time":0,"name":"blue_00_"},{"time":0.0666,"name":"blue_02_"},{"time":0.1333,"name":"blue_04_"},{"time":0.2,"name":"blue_06_"},{"time":0.2666,"name":"blue_08_"},{"time":0.3333,"name":"blue_10_"},{"time":0.4,"name":"blue_12_"},{"time":0.4666,"name":"blue_14_"},{"time":0.5333,"name":"blue_16_"},{"time":0.6,"name":"blue_18_"},{"time":0.6666,"name":"blue_20_"},{"time":0.7333,"name":"blue_22_"},{"time":0.8,"name":"blue_24_"},{"time":0.8666,"name":"blue_26_"},{"time":0.9333,"name":"blue_28_"},{"time":1,"name":"blue_00_"},{"time":1.0666,"name":"blue_02_"},{"time":1.1333,"name":"blue_04_"},{"time":1.2,"name":"blue_06_"},{"time":1.2666,"name":"blue_08_"},{"time":1.3333,"name":"blue_10_"},{"time":1.4,"name":"blue_12_"},{"time":1.4666,"name":"blue_14_"},{"time":1.5333,"name":"blue_16_"},{"time":1.6,"name":"blue_18_"},{"time":1.6666,"name":"blue_20_"},{"time":1.7333,"name":"blue_22_"},{"time":1.8,"name":"blue_24_"},{"time":1.8666,"name":"blue_26_"},{"time":1.9333,"name":"blue_28_"},{"time":2,"name":null}]}}},"golden":{"slots":{"BG_jin_":{"attachment":[{"time":0,"name":"BG_jin_"}],"color":[{"time":0,"color":"ffffffe6"},{"time":1,"color":"ffffff00"},{"time":2,"color":"ffffffe6"}]},"BG_lan_":{"color":[{"time":0,"color":"ffffffe6"},{"time":1,"color":"ffffff00"},{"time":2,"color":"ffffffe6"}]},"golden_":{"attachment":[{"time":0,"name":"golden_00_"},{"time":0.0666,"name":"golden_02_"},{"time":0.1333,"name":"golden_04_"},{"time":0.2,"name":"golden_06_"},{"time":0.2666,"name":"golden_08_"},{"time":0.3333,"name":"golden_10_"},{"time":0.4,"name":"golden_12_"},{"time":0.4666,"name":"golden_14_"},{"time":0.5333,"name":"golden_16_"},{"time":0.6,"name":"golden_18_"},{"time":0.6666,"name":"golden_20_"},{"time":0.7333,"name":"golden_22_"},{"time":0.8,"name":"golden_24_"},{"time":0.8666,"name":"golden_26_"},{"time":0.9333,"name":"golden_28_"},{"time":1,"name":"golden_00_"},{"time":1.0666,"name":"golden_02_"},{"time":1.1333,"name":"golden_04_"},{"time":1.2,"name":"golden_06_"},{"time":1.2666,"name":"golden_08_"},{"time":1.3333,"name":"golden_10_"},{"time":1.4,"name":"golden_12_"},{"time":1.4666,"name":"golden_14_"},{"time":1.5333,"name":"golden_16_"},{"time":1.6,"name":"golden_18_"},{"time":1.6666,"name":"golden_20_"},{"time":1.7333,"name":"golden_22_"},{"time":1.8,"name":"golden_24_"},{"time":1.8666,"name":"golden_26_"},{"time":1.9333,"name":"golden_28_"},{"time":2,"name":null}]}}},"green":{"slots":{"BG_lv_":{"attachment":[{"time":0,"name":"BG_lv_"}],"color":[{"time":0,"color":"ffffffe6"},{"time":1,"color":"ffffff00"},{"time":2,"color":"ffffffe6"}]},"green_":{"attachment":[{"time":0,"name":"green_00_"},{"time":0.0666,"name":"green_02_"},{"time":0.1333,"name":"green_04_"},{"time":0.2,"name":"green_06_"},{"time":0.2666,"name":"green_08_"},{"time":0.3333,"name":"green_10_"},{"time":0.4,"name":"green_12_"},{"time":0.4666,"name":"green_14_"},{"time":0.5333,"name":"green_16_"},{"time":0.6,"name":"green_18_"},{"time":0.6666,"name":"green_20_"},{"time":0.7333,"name":"green_22_"},{"time":0.8,"name":"green_24_"},{"time":0.8666,"name":"green_26_"},{"time":0.9333,"name":"green_28_"},{"time":1,"name":"green_00_"},{"time":1.0666,"name":"green_02_"},{"time":1.1333,"name":"green_04_"},{"time":1.2,"name":"green_06_"},{"time":1.2666,"name":"green_08_"},{"time":1.3333,"name":"green_10_"},{"time":1.4,"name":"green_12_"},{"time":1.4666,"name":"green_14_"},{"time":1.5333,"name":"green_16_"},{"time":1.6,"name":"green_18_"},{"time":1.6666,"name":"green_20_"},{"time":1.7333,"name":"green_22_"},{"time":1.8,"name":"green_24_"},{"time":1.8666,"name":"green_26_"},{"time":1.9333,"name":"green_28_"},{"time":2,"name":null}]}}},"orange":{"slots":{"BG_cheng_":{"attachment":[{"time":0,"name":"BG_cheng_"}],"color":[{"time":0,"color":"ff1e0bff"},{"time":1,"color":"ffffff00"},{"time":2,"color":"ff1e0bff"}]},"BG_lv_":{"color":[{"time":0,"color":"ffffffe6"},{"time":1,"color":"ffffff00"},{"time":2,"color":"ffffffe6"}]},"orange_":{"attachment":[{"time":0,"name":"orange_00_"},{"time":0.0666,"name":"orange_02_"},{"time":0.1333,"name":"orange_04_"},{"time":0.2,"name":"orange_06_"},{"time":0.2666,"name":"orange_08_"},{"time":0.3333,"name":"orange_10_"},{"time":0.4,"name":"orange_12_"},{"time":0.4666,"name":"orange_14_"},{"time":0.5333,"name":"orange_16_"},{"time":0.6,"name":"orange_18_"},{"time":0.6666,"name":"orange_20_"},{"time":0.7333,"name":"orange_22_"},{"time":0.8,"name":"orange_24_"},{"time":0.8666,"name":"orange_26_"},{"time":0.9333,"name":"orange_28_"},{"time":1,"name":"orange_00_"},{"time":1.0666,"name":"orange_02_"},{"time":1.1333,"name":"orange_04_"},{"time":1.2,"name":"orange_06_"},{"time":1.2666,"name":"orange_08_"},{"time":1.3333,"name":"orange_10_"},{"time":1.4,"name":"orange_12_"},{"time":1.4666,"name":"orange_14_"},{"time":1.5333,"name":"orange_16_"},{"time":1.6,"name":"orange_18_"},{"time":1.6666,"name":"orange_20_"},{"time":1.7333,"name":"orange_22_"},{"time":1.8,"name":"orange_24_"},{"time":1.8666,"name":"orange_26_"},{"time":1.9333,"name":"orange_28_"},{"time":2,"name":null}]}}},"purple":{"slots":{"BG_cheng_":{"color":[{"time":0,"color":"ffffffe6"},{"time":1,"color":"ffffff00"},{"time":2,"color":"ffffffe6"}]},"BG_zi_":{"attachment":[{"time":0,"name":"BG_zi_"}],"color":[{"time":0,"color":"ffffffe6"},{"time":1,"color":"ffffff00"},{"time":2,"color":"ffffffe6"}]},"purple_":{"attachment":[{"time":0,"name":"purple_00_"},{"time":0.0666,"name":"purple_02_"},{"time":0.1333,"name":"purple_04_"},{"time":0.2,"name":"purple_06_"},{"time":0.2666,"name":"purple_08_"},{"time":0.3333,"name":"purple_10_"},{"time":0.4,"name":"purple_12_"},{"time":0.4666,"name":"purple_14_"},{"time":0.5333,"name":"purple_16_"},{"time":0.6,"name":"purple_18_"},{"time":0.6666,"name":"purple_20_"},{"time":0.7333,"name":"purple_22_"},{"time":0.8,"name":"purple_24_"},{"time":0.8666,"name":"purple_26_"},{"time":0.9333,"name":"purple_28_"},{"time":1,"name":"purple_00_"},{"time":1.0666,"name":"purple_02_"},{"time":1.1333,"name":"purple_04_"},{"time":1.2,"name":"purple_06_"},{"time":1.2666,"name":"purple_08_"},{"time":1.3333,"name":"purple_10_"},{"time":1.4,"name":"purple_12_"},{"time":1.4666,"name":"purple_14_"},{"time":1.5333,"name":"purple_16_"},{"time":1.6,"name":"purple_18_"},{"time":1.6666,"name":"purple_20_"},{"time":1.7333,"name":"purple_22_"},{"time":1.8,"name":"purple_24_"},{"time":1.8666,"name":"purple_26_"},{"time":1.9333,"name":"purple_28_"},{"time":2,"name":null}]}}},"white":{"slots":{"BG_bai_":{"attachment":[{"time":0,"name":"BG_bai_"}],"color":[{"time":0,"color":"ffffffe6"},{"time":1,"color":"ffffff00"},{"time":2,"color":"ffffffe6"}]},"white_":{"attachment":[{"time":0,"name":"white_00_"},{"time":0.0666,"name":"white_02_"},{"time":0.1333,"name":"white_04_"},{"time":0.2,"name":"white_06_"},{"time":0.2666,"name":"white_08_"},{"time":0.3333,"name":"white_10_"},{"time":0.4,"name":"white_12_"},{"time":0.4666,"name":"white_14_"},{"time":0.5333,"name":"white_16_"},{"time":0.6,"name":"white_18_"},{"time":0.6666,"name":"white_20_"},{"time":0.7333,"name":"white_22_"},{"time":0.8,"name":"white_24_"},{"time":0.8666,"name":"white_26_"},{"time":0.9333,"name":"white_28_"},{"time":1,"name":"white_00_"},{"time":1.0666,"name":"white_02_"},{"time":1.1333,"name":"white_04_"},{"time":1.2,"name":"white_06_"},{"time":1.2666,"name":"white_08_"},{"time":1.3333,"name":"white_10_"},{"time":1.4,"name":"white_12_"},{"time":1.4666,"name":"white_14_"},{"time":1.5333,"name":"white_16_"},{"time":1.6,"name":"white_18_"},{"time":1.6666,"name":"white_20_"},{"time":1.7333,"name":"white_22_"},{"time":1.8,"name":"white_24_"},{"time":1.8666,"name":"white_26_"},{"time":1.9333,"name":"white_28_"},{"time":2,"name":null}]}}}}}