{
"skeleton": { "hash": "UwHrne8dsfTwCTgFIyRlCYmdEXc", "spine": "2.1.27", "width": 660, "height": 569 },
"bones": [
	{ "name": "root" }
],
"slots": [
	{ "name": "root", "bone": "root", "attachment": "yz_0_" },
	{ "name": "Aruis_gj_025_03_", "bone": "root", "attachment": "Aruis_gj_025_03_" },
	{ "name": "Aruis_gj_025_02_", "bone": "root", "attachment": "Aruis_gj_025_02_" },
	{ "name": "Aruis_gj_025_01_", "bone": "root", "attachment": "Aruis_gj_025_01_" },
	{ "name": "Aruis_gj_024_03_", "bone": "root", "attachment": "Aruis_gj_024_03_" },
	{ "name": "Aruis_gj_024_02_", "bone": "root", "attachment": "Aruis_gj_024_02_" },
	{ "name": "Aruis_gj_024_01_", "bone": "root", "attachment": "Aruis_gj_024_01_" },
	{ "name": "Aruis_gj_023_03_", "bone": "root", "attachment": "Aruis_gj_023_03_" },
	{ "name": "Aruis_gj_023_02_", "bone": "root", "attachment": "Aruis_gj_023_02_" },
	{ "name": "Aruis_gj_023_01_", "bone": "root", "attachment": "Aruis_gj_023_01_" },
	{ "name": "Aruis_gj_022_03_", "bone": "root", "attachment": "Aruis_gj_022_03_" },
	{ "name": "Aruis_gj_022_02_", "bone": "root", "attachment": "Aruis_gj_022_02_" },
	{ "name": "Aruis_gj_022_01_", "bone": "root", "attachment": "Aruis_gj_022_01_" },
	{ "name": "Aruis_gj_021_04_", "bone": "root", "attachment": "Aruis_gj_021_04_" },
	{ "name": "Aruis_gj_021_03_", "bone": "root", "attachment": "Aruis_gj_021_03_" },
	{ "name": "Aruis_gj_021_02_", "bone": "root", "attachment": "Aruis_gj_021_02_" },
	{ "name": "Aruis_gj_021_01_", "bone": "root", "attachment": "Aruis_gj_021_01_" },
	{ "name": "Aruis_gj_020_04_", "bone": "root", "attachment": "Aruis_gj_020_04_" },
	{ "name": "Aruis_gj_020_03_", "bone": "root", "attachment": "Aruis_gj_020_03_" },
	{ "name": "Aruis_gj_020_02_", "bone": "root", "attachment": "Aruis_gj_020_02_" },
	{ "name": "Aruis_gj_020_01_", "bone": "root", "attachment": "Aruis_gj_020_01_" },
	{ "name": "Aruis_gj_019_04_", "bone": "root", "attachment": "Aruis_gj_019_04_" },
	{ "name": "Aruis_gj_019_03_", "bone": "root", "attachment": "Aruis_gj_019_03_" },
	{ "name": "Aruis_gj_019_02_", "bone": "root", "attachment": "Aruis_gj_019_02_" },
	{ "name": "Aruis_gj_019_01_", "bone": "root", "attachment": "Aruis_gj_019_01_" },
	{ "name": "Aruis_gj_018_06_", "bone": "root", "attachment": "Aruis_gj_018_06_" },
	{ "name": "Aruis_gj_018_05_", "bone": "root", "attachment": "Aruis_gj_018_05_" },
	{ "name": "Aruis_gj_018_04_", "bone": "root", "attachment": "Aruis_gj_018_04_" },
	{ "name": "Aruis_gj_018_03_", "bone": "root", "attachment": "Aruis_gj_018_03_" },
	{ "name": "Aruis_gj_018_02_", "bone": "root", "attachment": "Aruis_gj_018_02_" },
	{ "name": "Aruis_gj_018_01_", "bone": "root", "attachment": "Aruis_gj_018_01_" },
	{ "name": "Aruis_gj_017_04_", "bone": "root", "attachment": "Aruis_gj_017_04_" },
	{ "name": "Aruis_gj_017_03_", "bone": "root", "attachment": "Aruis_gj_017_03_" },
	{ "name": "Aruis_gj_017_02_", "bone": "root", "attachment": "Aruis_gj_017_02_" },
	{ "name": "Aruis_gj_017_01_", "bone": "root", "attachment": "Aruis_gj_017_01_" },
	{ "name": "Aruis_gj_016_04_", "bone": "root", "attachment": "Aruis_gj_016_04_" },
	{ "name": "Aruis_gj_016_03_", "bone": "root", "attachment": "Aruis_gj_016_03_" },
	{ "name": "Aruis_gj_016_02_", "bone": "root", "attachment": "Aruis_gj_016_02_" },
	{ "name": "Aruis_gj_016_01_", "bone": "root", "attachment": "Aruis_gj_016_01_" },
	{ "name": "Aruis_gj_015_04_", "bone": "root", "attachment": "Aruis_gj_015_04_" },
	{ "name": "Aruis_gj_015_03_", "bone": "root", "attachment": "Aruis_gj_015_03_" },
	{ "name": "Aruis_gj_015_02_", "bone": "root", "attachment": "Aruis_gj_015_02_" },
	{ "name": "Aruis_gj_015_01_", "bone": "root", "attachment": "Aruis_gj_015_01_" },
	{ "name": "Aruis_gj_014_04_", "bone": "root", "attachment": "Aruis_gj_014_04_" },
	{ "name": "Aruis_gj_014_03_", "bone": "root", "attachment": "Aruis_gj_014_03_" },
	{ "name": "Aruis_gj_014_02_", "bone": "root", "attachment": "Aruis_gj_014_02_" },
	{ "name": "Aruis_gj_014_01_", "bone": "root", "attachment": "Aruis_gj_014_01_" },
	{ "name": "Aruis_gj_013_05_", "bone": "root", "attachment": "Aruis_gj_013_05_" },
	{ "name": "Aruis_gj_013_04_", "bone": "root", "attachment": "Aruis_gj_013_04_" },
	{ "name": "Aruis_gj_013_03_", "bone": "root", "attachment": "Aruis_gj_013_03_" },
	{ "name": "Aruis_gj_013_02_", "bone": "root", "attachment": "Aruis_gj_013_02_" },
	{ "name": "Aruis_gj_013_01_", "bone": "root", "attachment": "Aruis_gj_013_01_" },
	{ "name": "Aruis_gj_012_04_", "bone": "root", "attachment": "Aruis_gj_012_04_" },
	{ "name": "Aruis_gj_012_03_", "bone": "root", "attachment": "Aruis_gj_012_03_" },
	{ "name": "Aruis_gj_012_02_", "bone": "root", "attachment": "Aruis_gj_012_02_" },
	{ "name": "Aruis_gj_012_01_", "bone": "root", "attachment": "Aruis_gj_012_01_" },
	{ "name": "Aruis_gj_011_04_", "bone": "root", "attachment": "Aruis_gj_011_04_" },
	{ "name": "Aruis_gj_011_03_", "bone": "root", "attachment": "Aruis_gj_011_03_" },
	{ "name": "Aruis_gj_011_02_", "bone": "root", "attachment": "Aruis_gj_011_02_" },
	{ "name": "Aruis_gj_011_01_", "bone": "root", "attachment": "Aruis_gj_011_01_" },
	{ "name": "Aruis_gj_010_06_", "bone": "root", "attachment": "Aruis_gj_010_06_" },
	{ "name": "Aruis_gj_010_05_", "bone": "root", "attachment": "Aruis_gj_010_05_" },
	{ "name": "Aruis_gj_010_04_", "bone": "root", "attachment": "Aruis_gj_010_04_" },
	{ "name": "Aruis_gj_010_03_", "bone": "root", "attachment": "Aruis_gj_010_03_" },
	{ "name": "Aruis_gj_010_02_", "bone": "root", "attachment": "Aruis_gj_010_02_" },
	{ "name": "Aruis_gj_010_01_", "bone": "root", "attachment": "Aruis_gj_010_01_" },
	{ "name": "Aruis_gj_009_07_", "bone": "root", "attachment": "Aruis_gj_009_07_" },
	{ "name": "Aruis_gj_009_06_", "bone": "root", "attachment": "Aruis_gj_009_06_" },
	{ "name": "Aruis_gj_009_05_", "bone": "root", "attachment": "Aruis_gj_009_05_" },
	{ "name": "Aruis_gj_009_04_", "bone": "root", "attachment": "Aruis_gj_009_04_" },
	{ "name": "Aruis_gj_009_03_", "bone": "root", "attachment": "Aruis_gj_009_03_" },
	{ "name": "Aruis_gj_009_02_", "bone": "root", "attachment": "Aruis_gj_009_02_" },
	{ "name": "Aruis_gj_009_01_", "bone": "root", "attachment": "Aruis_gj_009_01_" },
	{ "name": "Aruis_gj_008_06_", "bone": "root", "attachment": "Aruis_gj_008_06_" },
	{ "name": "Aruis_gj_008_05_", "bone": "root", "attachment": "Aruis_gj_008_05_" },
	{ "name": "Aruis_gj_008_04_", "bone": "root", "attachment": "Aruis_gj_008_04_" },
	{ "name": "Aruis_gj_008_03_", "bone": "root", "attachment": "Aruis_gj_008_03_" },
	{ "name": "Aruis_gj_008_02_", "bone": "root", "attachment": "Aruis_gj_008_02_" },
	{ "name": "Aruis_gj_008_01_", "bone": "root", "attachment": "Aruis_gj_008_01_" },
	{ "name": "Aruis_gj_007_05_", "bone": "root", "attachment": "Aruis_gj_007_05_" },
	{ "name": "Aruis_gj_007_04_", "bone": "root", "attachment": "Aruis_gj_007_04_" },
	{ "name": "Aruis_gj_007_03_", "bone": "root", "attachment": "Aruis_gj_007_03_" },
	{ "name": "Aruis_gj_007_02_", "bone": "root", "attachment": "Aruis_gj_007_02_" },
	{ "name": "Aruis_gj_007_01_", "bone": "root", "attachment": "Aruis_gj_007_01_" },
	{ "name": "Aruis_gj_006_04_", "bone": "root", "attachment": "Aruis_gj_006_04_" },
	{ "name": "Aruis_gj_006_03_", "bone": "root", "attachment": "Aruis_gj_006_03_" },
	{ "name": "Aruis_gj_006_02_", "bone": "root", "attachment": "Aruis_gj_006_02_" },
	{ "name": "Aruis_gj_006_01_", "bone": "root", "attachment": "Aruis_gj_006_01_" },
	{ "name": "Aruis_gj_005_03_", "bone": "root", "attachment": "Aruis_gj_005_03_" },
	{ "name": "Aruis_gj_005_02_", "bone": "root", "attachment": "Aruis_gj_005_02_" },
	{ "name": "Aruis_gj_005_01_", "bone": "root", "attachment": "Aruis_gj_005_01_" },
	{ "name": "Aruis_gj_004_03_", "bone": "root", "attachment": "Aruis_gj_004_03_" },
	{ "name": "Aruis_gj_004_02_", "bone": "root", "attachment": "Aruis_gj_004_02_" },
	{ "name": "Aruis_gj_004_01_", "bone": "root", "attachment": "Aruis_gj_004_01_" },
	{ "name": "Aruis_gj_003_03_", "bone": "root", "attachment": "Aruis_gj_003_03_" },
	{ "name": "Aruis_gj_003_02_", "bone": "root", "attachment": "Aruis_gj_003_02_" },
	{ "name": "Aruis_gj_003_01_", "bone": "root", "attachment": "Aruis_gj_003_01_" },
	{ "name": "Aruis_gj_002_03_", "bone": "root", "attachment": "Aruis_gj_002_03_" },
	{ "name": "Aruis_gj_002_02_", "bone": "root", "attachment": "Aruis_gj_002_02_" },
	{ "name": "Aruis_gj_002_01_", "bone": "root", "attachment": "Aruis_gj_002_01_" },
	{ "name": "Aruis_gj_001_02_", "bone": "root", "attachment": "Aruis_gj_001_02_" },
	{ "name": "Aruis_gj_001_01_", "bone": "root", "attachment": "Aruis_gj_001_01_" },
	{ "name": "Aruis_gj_000_02_", "bone": "root", "attachment": "Aruis_gj_000_02_" },
	{ "name": "Aruis_gj_000_01_", "bone": "root", "attachment": "Aruis_gj_000_01_" }
],
"skins": {
	"default": {
		"Aruis_gj_000_01_": {
			"Aruis_gj_000_01_": { "x": -3.13, "y": 150.2, "width": 193, "height": 172 }
		},
		"Aruis_gj_000_02_": {
			"Aruis_gj_000_02_": { "x": -7.63, "y": 30.2, "width": 170, "height": 68 }
		},
		"Aruis_gj_001_01_": {
			"Aruis_gj_001_01_": { "x": 0.86, "y": 170.2, "width": 205, "height": 170 }
		},
		"Aruis_gj_001_02_": {
			"Aruis_gj_001_02_": { "x": -11.63, "y": 41.2, "width": 198, "height": 88 }
		},
		"Aruis_gj_002_01_": {
			"Aruis_gj_002_01_": { "x": 2.36, "y": 163.7, "width": 226, "height": 225 }
		},
		"Aruis_gj_002_02_": {
			"Aruis_gj_002_02_": { "x": -24.63, "y": 25.2, "width": 206, "height": 52 }
		},
		"Aruis_gj_002_03_": {
			"Aruis_gj_002_03_": { "x": -109.63, "y": -22.79, "width": 42, "height": 60 }
		},
		"Aruis_gj_003_01_": {
			"Aruis_gj_003_01_": { "x": 19.86, "y": 187.2, "width": 227, "height": 212 }
		},
		"Aruis_gj_003_02_": {
			"Aruis_gj_003_02_": { "x": -36.13, "y": 55.2, "width": 245, "height": 110 }
		},
		"Aruis_gj_003_03_": {
			"Aruis_gj_003_03_": { "x": -141.63, "y": -23.29, "width": 58, "height": 47 }
		},
		"Aruis_gj_004_01_": {
			"Aruis_gj_004_01_": { "x": 9.86, "y": 170.7, "width": 237, "height": 177 }
		},
		"Aruis_gj_004_02_": {
			"Aruis_gj_004_02_": { "x": -35.13, "y": 48.2, "width": 247, "height": 92 }
		},
		"Aruis_gj_004_03_": {
			"Aruis_gj_004_03_": { "x": -148.63, "y": -20.79, "width": 70, "height": 58 }
		},
		"Aruis_gj_005_01_": {
			"Aruis_gj_005_01_": { "x": -114.13, "y": -79.29, "width": 175, "height": 209 }
		},
		"Aruis_gj_005_02_": {
			"Aruis_gj_005_02_": { "x": -23.13, "y": 183.7, "width": 265, "height": 167 }
		},
		"Aruis_gj_005_03_": {
			"Aruis_gj_005_03_": { "x": -52.13, "y": 56.2, "width": 275, "height": 104 }
		},
		"Aruis_gj_006_01_": {
			"Aruis_gj_006_01_": { "x": -24.13, "y": 184.2, "width": 211, "height": 186 }
		},
		"Aruis_gj_006_02_": {
			"Aruis_gj_006_02_": { "x": -7.13, "y": 45.2, "width": 203, "height": 92 }
		},
		"Aruis_gj_006_03_": {
			"Aruis_gj_006_03_": { "x": -118.13, "y": -64.79, "width": 193, "height": 262 }
		},
		"Aruis_gj_006_04_": {
			"Aruis_gj_006_04_": { "x": 70.36, "y": -95.29, "width": 184, "height": 201 }
		},
		"Aruis_gj_007_01_": {
			"Aruis_gj_007_01_": { "x": -12.63, "y": 217.2, "width": 178, "height": 152 }
		},
		"Aruis_gj_007_02_": {
			"Aruis_gj_007_02_": { "x": -18.63, "y": 71.2, "width": 242, "height": 140 }
		},
		"Aruis_gj_007_03_": {
			"Aruis_gj_007_03_": { "x": -103.63, "y": -93.79, "width": 178, "height": 228 }
		},
		"Aruis_gj_007_04_": {
			"Aruis_gj_007_04_": { "x": 165.36, "y": 49.2, "width": 158, "height": 186 }
		},
		"Aruis_gj_007_05_": {
			"Aruis_gj_007_05_": { "x": 91.36, "y": -114.79, "width": 212, "height": 160 }
		},
		"Aruis_gj_008_01_": {
			"Aruis_gj_008_01_": { "x": -30.63, "y": 206.2, "width": 158, "height": 156 }
		},
		"Aruis_gj_008_02_": {
			"Aruis_gj_008_02_": { "x": -30.63, "y": 67.2, "width": 232, "height": 134 }
		},
		"Aruis_gj_008_03_": {
			"Aruis_gj_008_03_": { "x": 104.86, "y": 180.2, "width": 113, "height": 132 }
		},
		"Aruis_gj_008_04_": {
			"Aruis_gj_008_04_": { "x": 210.86, "y": 169.2, "width": 123, "height": 264 }
		},
		"Aruis_gj_008_05_": {
			"Aruis_gj_008_05_": { "x": 154.86, "y": -26.29, "width": 163, "height": 145 }
		},
		"Aruis_gj_008_06_": {
			"Aruis_gj_008_06_": { "x": 6.36, "y": -147.29, "width": 328, "height": 131 }
		},
		"Aruis_gj_009_01_": {
			"Aruis_gj_009_01_": { "x": -6.13, "y": 207.7, "width": 239, "height": 155 }
		},
		"Aruis_gj_009_02_": {
			"Aruis_gj_009_02_": { "x": 43.86, "y": 303.2, "width": 51, "height": 36 }
		},
		"Aruis_gj_009_03_": {
			"Aruis_gj_009_03_": { "x": 134.36, "y": 137.2, "width": 42, "height": 90 }
		},
		"Aruis_gj_009_04_": {
			"Aruis_gj_009_04_": { "x": -35.63, "y": 66.2, "width": 248, "height": 128 }
		},
		"Aruis_gj_009_05_": {
			"Aruis_gj_009_05_": { "x": 197.36, "y": 186.7, "width": 138, "height": 291 }
		},
		"Aruis_gj_009_06_": {
			"Aruis_gj_009_06_": { "x": 164.36, "y": -53.29, "width": 152, "height": 207 }
		},
		"Aruis_gj_009_07_": {
			"Aruis_gj_009_07_": { "x": 41.86, "y": -136.29, "width": 93, "height": 71 }
		},
		"Aruis_gj_010_01_": {
			"Aruis_gj_010_01_": { "x": -29.13, "y": 226.2, "width": 201, "height": 184 }
		},
		"Aruis_gj_010_02_": {
			"Aruis_gj_010_02_": { "x": -39.13, "y": 67.7, "width": 255, "height": 133 }
		},
		"Aruis_gj_010_03_": {
			"Aruis_gj_010_03_": { "x": 126.36, "y": 196.7, "width": 110, "height": 103 }
		},
		"Aruis_gj_010_04_": {
			"Aruis_gj_010_04_": { "x": 183.36, "y": 274.2, "width": 140, "height": 164 }
		},
		"Aruis_gj_010_05_": {
			"Aruis_gj_010_05_": { "x": 208.36, "y": 90.7, "width": 128, "height": 219 }
		},
		"Aruis_gj_010_06_": {
			"Aruis_gj_010_06_": { "x": 140.36, "y": -55.29, "width": 132, "height": 113 }
		},
		"Aruis_gj_011_01_": {
			"Aruis_gj_011_01_": { "x": 213.36, "y": 189.2, "width": 118, "height": 206 }
		},
		"Aruis_gj_011_02_": {
			"Aruis_gj_011_02_": { "x": 4.36, "y": 201.2, "width": 276, "height": 136 }
		},
		"Aruis_gj_011_03_": {
			"Aruis_gj_011_03_": { "x": -41.63, "y": 64.7, "width": 256, "height": 137 }
		},
		"Aruis_gj_011_04_": {
			"Aruis_gj_011_04_": { "x": 177.86, "y": -4.79, "width": 157, "height": 202 }
		},
		"Aruis_gj_012_01_": {
			"Aruis_gj_012_01_": { "x": 176.36, "y": 118.7, "width": 158, "height": 111 }
		},
		"Aruis_gj_012_02_": {
			"Aruis_gj_012_02_": { "x": -28.63, "y": 204.7, "width": 176, "height": 135 }
		},
		"Aruis_gj_012_03_": {
			"Aruis_gj_012_03_": { "x": -36.13, "y": 65.7, "width": 283, "height": 143 }
		},
		"Aruis_gj_012_04_": {
			"Aruis_gj_012_04_": { "x": 220.36, "y": 230.7, "width": 90, "height": 129 }
		},
		"Aruis_gj_013_01_": {
			"Aruis_gj_013_01_": { "x": 162.36, "y": 266.7, "width": 176, "height": 91 }
		},
		"Aruis_gj_013_02_": {
			"Aruis_gj_013_02_": { "x": -10.63, "y": 132.7, "width": 246, "height": 199 }
		},
		"Aruis_gj_013_03_": {
			"Aruis_gj_013_03_": { "x": 194.36, "y": 158.7, "width": 164, "height": 125 }
		},
		"Aruis_gj_013_04_": {
			"Aruis_gj_013_04_": { "x": -4.13, "y": -57.29, "width": 227, "height": 181 }
		},
		"Aruis_gj_013_05_": {
			"Aruis_gj_013_05_": { "x": 221.36, "y": -7.29, "width": 224, "height": 257 }
		},
		"Aruis_gj_014_01_": {
			"Aruis_gj_014_01_": { "x": 169.86, "y": 236.7, "width": 193, "height": 161 }
		},
		"Aruis_gj_014_02_": {
			"Aruis_gj_014_02_": { "x": 210.36, "y": 30.2, "width": 246, "height": 252 }
		},
		"Aruis_gj_014_03_": {
			"Aruis_gj_014_03_": { "x": -28.63, "y": 112.2, "width": 232, "height": 252 }
		},
		"Aruis_gj_014_04_": {
			"Aruis_gj_014_04_": { "x": -3.63, "y": -73.79, "width": 260, "height": 120 }
		},
		"Aruis_gj_015_01_": {
			"Aruis_gj_015_01_": { "x": 192.86, "y": 172.2, "width": 195, "height": 248 }
		},
		"Aruis_gj_015_02_": {
			"Aruis_gj_015_02_": { "x": -31.63, "y": 104.2, "width": 272, "height": 250 }
		},
		"Aruis_gj_015_03_": {
			"Aruis_gj_015_03_": { "x": -22.13, "y": -73.29, "width": 285, "height": 169 }
		},
		"Aruis_gj_015_04_": {
			"Aruis_gj_015_04_": { "x": 207.36, "y": -20.29, "width": 194, "height": 153 }
		},
		"Aruis_gj_016_01_": {
			"Aruis_gj_016_01_": { "x": 207.36, "y": 187.7, "width": 152, "height": 207 }
		},
		"Aruis_gj_016_02_": {
			"Aruis_gj_016_02_": { "x": 214.86, "y": -6.79, "width": 159, "height": 182 }
		},
		"Aruis_gj_016_03_": {
			"Aruis_gj_016_03_": { "x": -22.13, "y": -72.29, "width": 331, "height": 169 }
		},
		"Aruis_gj_016_04_": {
			"Aruis_gj_016_04_": { "x": -25.63, "y": 114.7, "width": 322, "height": 205 }
		},
		"Aruis_gj_017_01_": {
			"Aruis_gj_017_01_": { "x": 211.36, "y": 180.7, "width": 154, "height": 215 }
		},
		"Aruis_gj_017_02_": {
			"Aruis_gj_017_02_": { "x": 216.36, "y": -14.29, "width": 160, "height": 175 }
		},
		"Aruis_gj_017_03_": {
			"Aruis_gj_017_03_": { "x": -44.13, "y": -75.29, "width": 371, "height": 179 }
		},
		"Aruis_gj_017_04_": {
			"Aruis_gj_017_04_": { "x": -38.63, "y": 116.2, "width": 350, "height": 204 }
		},
		"Aruis_gj_018_01_": {
			"Aruis_gj_018_01_": { "x": -135.63, "y": -93.29, "width": 258, "height": 183 }
		},
		"Aruis_gj_018_02_": {
			"Aruis_gj_018_02_": { "x": 32.86, "y": 107.2, "width": 265, "height": 254 }
		},
		"Aruis_gj_018_03_": {
			"Aruis_gj_018_03_": { "x": -171.63, "y": 79.2, "width": 144, "height": 162 }
		},
		"Aruis_gj_018_04_": {
			"Aruis_gj_018_04_": { "x": 78.86, "y": -84.29, "width": 171, "height": 129 }
		},
		"Aruis_gj_018_05_": {
			"Aruis_gj_018_05_": { "x": 231.86, "y": 36.2, "width": 135, "height": 232 }
		},
		"Aruis_gj_018_06_": {
			"Aruis_gj_018_06_": { "x": 215.36, "y": 217.7, "width": 114, "height": 131 }
		},
		"Aruis_gj_019_01_": {
			"Aruis_gj_019_01_": { "x": 220.36, "y": -0.29, "width": 162, "height": 171 }
		},
		"Aruis_gj_019_02_": {
			"Aruis_gj_019_02_": { "x": -156.63, "y": -86.29, "width": 278, "height": 213 }
		},
		"Aruis_gj_019_03_": {
			"Aruis_gj_019_03_": { "x": -42.63, "y": 127.2, "width": 378, "height": 222 }
		},
		"Aruis_gj_019_04_": {
			"Aruis_gj_019_04_": { "x": 60.86, "y": -79.29, "width": 157, "height": 191 }
		},
		"Aruis_gj_020_01_": {
			"Aruis_gj_020_01_": { "x": 25.86, "y": 110.7, "width": 257, "height": 259 }
		},
		"Aruis_gj_020_02_": {
			"Aruis_gj_020_02_": { "x": 208.86, "y": 3.2, "width": 155, "height": 182 }
		},
		"Aruis_gj_020_03_": {
			"Aruis_gj_020_03_": { "x": -182.13, "y": 79.7, "width": 159, "height": 155 }
		},
		"Aruis_gj_020_04_": {
			"Aruis_gj_020_04_": { "x": -97.63, "y": -84.79, "width": 458, "height": 198 }
		},
		"Aruis_gj_021_01_": {
			"Aruis_gj_021_01_": { "x": 5.86, "y": 110.7, "width": 249, "height": 271 }
		},
		"Aruis_gj_021_02_": {
			"Aruis_gj_021_02_": { "x": 174.86, "y": -10.79, "width": 203, "height": 202 }
		},
		"Aruis_gj_021_03_": {
			"Aruis_gj_021_03_": { "x": -161.63, "y": -30.79, "width": 280, "height": 290 }
		},
		"Aruis_gj_021_04_": {
			"Aruis_gj_021_04_": { "x": 34.36, "y": -103.79, "width": 112, "height": 126 }
		},
		"Aruis_gj_022_01_": {
			"Aruis_gj_022_01_": { "x": -10.63, "y": 113.2, "width": 276, "height": 268 }
		},
		"Aruis_gj_022_02_": {
			"Aruis_gj_022_02_": { "x": -178.13, "y": -15.79, "width": 201, "height": 312 }
		},
		"Aruis_gj_022_03_": {
			"Aruis_gj_022_03_": { "x": 78.36, "y": -54.29, "width": 312, "height": 215 }
		},
		"Aruis_gj_023_01_": {
			"Aruis_gj_023_01_": { "x": 5.86, "y": 111.7, "width": 237, "height": 271 }
		},
		"Aruis_gj_023_02_": {
			"Aruis_gj_023_02_": { "x": -188.13, "y": -15.29, "width": 219, "height": 315 }
		},
		"Aruis_gj_023_03_": {
			"Aruis_gj_023_03_": { "x": 41.86, "y": -89.29, "width": 241, "height": 153 }
		},
		"Aruis_gj_024_01_": {
			"Aruis_gj_024_01_": { "x": -1.13, "y": 117.2, "width": 239, "height": 262 }
		},
		"Aruis_gj_024_02_": {
			"Aruis_gj_024_02_": { "x": -208.13, "y": 78.7, "width": 175, "height": 179 }
		},
		"Aruis_gj_024_03_": {
			"Aruis_gj_024_03_": { "x": -146.13, "y": -93.79, "width": 209, "height": 166 }
		},
		"Aruis_gj_025_01_": {
			"Aruis_gj_025_01_": { "x": -11.13, "y": 125.7, "width": 253, "height": 263 }
		},
		"Aruis_gj_025_02_": {
			"Aruis_gj_025_02_": { "x": -218.13, "y": 74.7, "width": 157, "height": 179 }
		},
		"Aruis_gj_025_03_": {
			"Aruis_gj_025_03_": { "x": -151.63, "y": -96.29, "width": 232, "height": 163 }
		},
		"root": {
			"yz_0_": { "color": "ffffff85", "y": 25.47, "scaleX": 2.5, "scaleY": 1.5, "width": 85, "height": 85 }
		}
	}
},
"animations": {
	"animation": {
		"slots": {
			"Aruis_gj_000_01_": {
				"attachment": [
					{ "time": 0, "name": "Aruis_gj_000_01_" },
					{ "time": 0.0333, "name": "Aruis_gj_000_01_" },
					{ "time": 0.0666, "name": null }
				]
			},
			"Aruis_gj_000_02_": {
				"attachment": [
					{ "time": 0, "name": "Aruis_gj_000_02_" },
					{ "time": 0.0333, "name": "Aruis_gj_000_02_" },
					{ "time": 0.0666, "name": null }
				]
			},
			"Aruis_gj_001_01_": {
				"attachment": [
					{ "time": 0, "name": null },
					{ "time": 0.0333, "name": null },
					{ "time": 0.0666, "name": "Aruis_gj_001_01_" },
					{ "time": 0.1333, "name": "Aruis_gj_001_01_" },
					{ "time": 0.1666, "name": null }
				]
			},
			"Aruis_gj_001_02_": {
				"attachment": [
					{ "time": 0, "name": null },
					{ "time": 0.0333, "name": null },
					{ "time": 0.0666, "name": "Aruis_gj_001_02_" },
					{ "time": 0.1333, "name": "Aruis_gj_001_02_" },
					{ "time": 0.1666, "name": null }
				]
			},
			"Aruis_gj_002_01_": {
				"attachment": [
					{ "time": 0, "name": null },
					{ "time": 0.1333, "name": null },
					{ "time": 0.1666, "name": "Aruis_gj_002_01_" },
					{ "time": 0.2, "name": "Aruis_gj_002_01_" },
					{ "time": 0.2333, "name": null }
				]
			},
			"Aruis_gj_002_02_": {
				"attachment": [
					{ "time": 0, "name": null },
					{ "time": 0.1333, "name": null },
					{ "time": 0.1666, "name": "Aruis_gj_002_02_" },
					{ "time": 0.2, "name": "Aruis_gj_002_02_" },
					{ "time": 0.2333, "name": null }
				]
			},
			"Aruis_gj_002_03_": {
				"attachment": [
					{ "time": 0, "name": null },
					{ "time": 0.1333, "name": null },
					{ "time": 0.1666, "name": "Aruis_gj_002_03_" },
					{ "time": 0.2, "name": "Aruis_gj_002_03_" },
					{ "time": 0.2333, "name": null }
				]
			},
			"Aruis_gj_003_01_": {
				"attachment": [
					{ "time": 0, "name": null },
					{ "time": 0.2, "name": null },
					{ "time": 0.2333, "name": "Aruis_gj_003_01_" },
					{ "time": 0.3, "name": "Aruis_gj_003_01_" },
					{ "time": 0.3333, "name": null }
				]
			},
			"Aruis_gj_003_02_": {
				"attachment": [
					{ "time": 0, "name": null },
					{ "time": 0.2, "name": null },
					{ "time": 0.2333, "name": "Aruis_gj_003_02_" },
					{ "time": 0.3, "name": "Aruis_gj_003_02_" },
					{ "time": 0.3333, "name": null }
				]
			},
			"Aruis_gj_003_03_": {
				"attachment": [
					{ "time": 0, "name": null },
					{ "time": 0.2, "name": null },
					{ "time": 0.2333, "name": "Aruis_gj_003_03_" },
					{ "time": 0.3, "name": "Aruis_gj_003_03_" },
					{ "time": 0.3333, "name": null }
				]
			},
			"Aruis_gj_004_01_": {
				"attachment": [
					{ "time": 0, "name": null },
					{ "time": 0.3, "name": null },
					{ "time": 0.3333, "name": "Aruis_gj_004_01_" },
					{ "time": 0.3666, "name": "Aruis_gj_004_01_" },
					{ "time": 0.4, "name": null }
				]
			},
			"Aruis_gj_004_02_": {
				"attachment": [
					{ "time": 0, "name": null },
					{ "time": 0.3, "name": null },
					{ "time": 0.3333, "name": "Aruis_gj_004_02_" },
					{ "time": 0.3666, "name": "Aruis_gj_004_02_" },
					{ "time": 0.4, "name": null }
				]
			},
			"Aruis_gj_004_03_": {
				"attachment": [
					{ "time": 0, "name": null },
					{ "time": 0.3, "name": null },
					{ "time": 0.3333, "name": "Aruis_gj_004_03_" },
					{ "time": 0.3666, "name": "Aruis_gj_004_03_" },
					{ "time": 0.4, "name": null }
				]
			},
			"Aruis_gj_005_01_": {
				"attachment": [
					{ "time": 0, "name": null },
					{ "time": 0.3666, "name": null },
					{ "time": 0.4, "name": "Aruis_gj_005_01_" },
					{ "time": 0.4333, "name": "Aruis_gj_005_01_" },
					{ "time": 0.5, "name": null }
				]
			},
			"Aruis_gj_005_02_": {
				"attachment": [
					{ "time": 0, "name": null },
					{ "time": 0.3666, "name": null },
					{ "time": 0.4, "name": "Aruis_gj_005_02_" },
					{ "time": 0.4333, "name": "Aruis_gj_005_02_" },
					{ "time": 0.5, "name": null }
				]
			},
			"Aruis_gj_005_03_": {
				"attachment": [
					{ "time": 0, "name": null },
					{ "time": 0.3666, "name": null },
					{ "time": 0.4, "name": "Aruis_gj_005_03_" },
					{ "time": 0.4333, "name": "Aruis_gj_005_03_" },
					{ "time": 0.5, "name": null }
				]
			},
			"Aruis_gj_006_01_": {
				"attachment": [
					{ "time": 0, "name": null },
					{ "time": 0.4333, "name": null },
					{ "time": 0.5, "name": "Aruis_gj_006_01_" },
					{ "time": 0.5333, "name": "Aruis_gj_006_01_" },
					{ "time": 0.5666, "name": null }
				]
			},
			"Aruis_gj_006_02_": {
				"attachment": [
					{ "time": 0, "name": null },
					{ "time": 0.4333, "name": null },
					{ "time": 0.5, "name": "Aruis_gj_006_02_" },
					{ "time": 0.5333, "name": "Aruis_gj_006_02_" },
					{ "time": 0.5666, "name": null }
				]
			},
			"Aruis_gj_006_03_": {
				"attachment": [
					{ "time": 0, "name": null },
					{ "time": 0.4333, "name": null },
					{ "time": 0.5, "name": "Aruis_gj_006_03_" },
					{ "time": 0.5333, "name": "Aruis_gj_006_03_" },
					{ "time": 0.5666, "name": null }
				]
			},
			"Aruis_gj_006_04_": {
				"attachment": [
					{ "time": 0, "name": null },
					{ "time": 0.4333, "name": null },
					{ "time": 0.5, "name": "Aruis_gj_006_04_" },
					{ "time": 0.5333, "name": "Aruis_gj_006_04_" },
					{ "time": 0.5666, "name": null }
				]
			},
			"Aruis_gj_007_01_": {
				"attachment": [
					{ "time": 0, "name": null },
					{ "time": 0.5333, "name": null },
					{ "time": 0.5666, "name": "Aruis_gj_007_01_" },
					{ "time": 0.6, "name": "Aruis_gj_007_01_" },
					{ "time": 0.6666, "name": null }
				]
			},
			"Aruis_gj_007_02_": {
				"attachment": [
					{ "time": 0, "name": null },
					{ "time": 0.5333, "name": null },
					{ "time": 0.5666, "name": "Aruis_gj_007_02_" },
					{ "time": 0.6, "name": "Aruis_gj_007_02_" },
					{ "time": 0.6666, "name": null }
				]
			},
			"Aruis_gj_007_03_": {
				"attachment": [
					{ "time": 0, "name": null },
					{ "time": 0.5333, "name": null },
					{ "time": 0.5666, "name": "Aruis_gj_007_03_" },
					{ "time": 0.6, "name": "Aruis_gj_007_03_" },
					{ "time": 0.6666, "name": null }
				]
			},
			"Aruis_gj_007_04_": {
				"attachment": [
					{ "time": 0, "name": null },
					{ "time": 0.5333, "name": null },
					{ "time": 0.5666, "name": "Aruis_gj_007_04_" },
					{ "time": 0.6, "name": "Aruis_gj_007_04_" },
					{ "time": 0.6666, "name": null }
				]
			},
			"Aruis_gj_007_05_": {
				"attachment": [
					{ "time": 0, "name": null },
					{ "time": 0.5333, "name": null },
					{ "time": 0.5666, "name": "Aruis_gj_007_05_" },
					{ "time": 0.6, "name": "Aruis_gj_007_05_" },
					{ "time": 0.6666, "name": null }
				]
			},
			"Aruis_gj_008_01_": {
				"attachment": [
					{ "time": 0, "name": null },
					{ "time": 0.6, "name": null },
					{ "time": 0.6666, "name": "Aruis_gj_008_01_" },
					{ "time": 0.7, "name": "Aruis_gj_008_01_" },
					{ "time": 0.7333, "name": null }
				]
			},
			"Aruis_gj_008_02_": {
				"attachment": [
					{ "time": 0, "name": null },
					{ "time": 0.6, "name": null },
					{ "time": 0.6666, "name": "Aruis_gj_008_02_" },
					{ "time": 0.7, "name": "Aruis_gj_008_02_" },
					{ "time": 0.7333, "name": null }
				]
			},
			"Aruis_gj_008_03_": {
				"attachment": [
					{ "time": 0, "name": null },
					{ "time": 0.6, "name": null },
					{ "time": 0.6666, "name": "Aruis_gj_008_03_" },
					{ "time": 0.7, "name": "Aruis_gj_008_03_" },
					{ "time": 0.7333, "name": null }
				]
			},
			"Aruis_gj_008_04_": {
				"attachment": [
					{ "time": 0, "name": null },
					{ "time": 0.6, "name": null },
					{ "time": 0.6666, "name": "Aruis_gj_008_04_" },
					{ "time": 0.7, "name": "Aruis_gj_008_04_" },
					{ "time": 0.7333, "name": null }
				]
			},
			"Aruis_gj_008_05_": {
				"attachment": [
					{ "time": 0, "name": null },
					{ "time": 0.6, "name": null },
					{ "time": 0.6666, "name": "Aruis_gj_008_05_" },
					{ "time": 0.7, "name": "Aruis_gj_008_05_" },
					{ "time": 0.7333, "name": null }
				]
			},
			"Aruis_gj_008_06_": {
				"attachment": [
					{ "time": 0, "name": null },
					{ "time": 0.6, "name": null },
					{ "time": 0.6666, "name": "Aruis_gj_008_06_" },
					{ "time": 0.7, "name": "Aruis_gj_008_06_" },
					{ "time": 0.7333, "name": null }
				]
			},
			"Aruis_gj_009_01_": {
				"attachment": [
					{ "time": 0, "name": null },
					{ "time": 0.7, "name": null },
					{ "time": 0.7333, "name": "Aruis_gj_009_01_" },
					{ "time": 0.7666, "name": "Aruis_gj_009_01_" },
					{ "time": 0.8, "name": null }
				]
			},
			"Aruis_gj_009_02_": {
				"attachment": [
					{ "time": 0, "name": null },
					{ "time": 0.7, "name": null },
					{ "time": 0.7333, "name": "Aruis_gj_009_02_" },
					{ "time": 0.7666, "name": "Aruis_gj_009_02_" },
					{ "time": 0.8, "name": null }
				]
			},
			"Aruis_gj_009_03_": {
				"attachment": [
					{ "time": 0, "name": null },
					{ "time": 0.7, "name": null },
					{ "time": 0.7333, "name": "Aruis_gj_009_03_" },
					{ "time": 0.7666, "name": "Aruis_gj_009_03_" },
					{ "time": 0.8, "name": null }
				]
			},
			"Aruis_gj_009_04_": {
				"attachment": [
					{ "time": 0, "name": null },
					{ "time": 0.7, "name": null },
					{ "time": 0.7333, "name": "Aruis_gj_009_04_" },
					{ "time": 0.7666, "name": "Aruis_gj_009_04_" },
					{ "time": 0.8, "name": null }
				]
			},
			"Aruis_gj_009_05_": {
				"attachment": [
					{ "time": 0, "name": null },
					{ "time": 0.7, "name": null },
					{ "time": 0.7333, "name": "Aruis_gj_009_05_" },
					{ "time": 0.7666, "name": "Aruis_gj_009_05_" },
					{ "time": 0.8, "name": null }
				]
			},
			"Aruis_gj_009_06_": {
				"attachment": [
					{ "time": 0, "name": null },
					{ "time": 0.7, "name": null },
					{ "time": 0.7333, "name": "Aruis_gj_009_06_" },
					{ "time": 0.7666, "name": "Aruis_gj_009_06_" },
					{ "time": 0.8, "name": null }
				]
			},
			"Aruis_gj_009_07_": {
				"attachment": [
					{ "time": 0, "name": null },
					{ "time": 0.7, "name": null },
					{ "time": 0.7333, "name": "Aruis_gj_009_07_" },
					{ "time": 0.7666, "name": "Aruis_gj_009_07_" },
					{ "time": 0.8, "name": null }
				]
			},
			"Aruis_gj_010_01_": {
				"attachment": [
					{ "time": 0, "name": null },
					{ "time": 0.7666, "name": null },
					{ "time": 0.8, "name": "Aruis_gj_010_01_" },
					{ "time": 0.8666, "name": "Aruis_gj_010_01_" },
					{ "time": 0.9, "name": null }
				]
			},
			"Aruis_gj_010_02_": {
				"attachment": [
					{ "time": 0, "name": null },
					{ "time": 0.7666, "name": null },
					{ "time": 0.8, "name": "Aruis_gj_010_02_" },
					{ "time": 0.8666, "name": "Aruis_gj_010_02_" },
					{ "time": 0.9, "name": null }
				]
			},
			"Aruis_gj_010_03_": {
				"attachment": [
					{ "time": 0, "name": null },
					{ "time": 0.7666, "name": null },
					{ "time": 0.8, "name": "Aruis_gj_010_03_" },
					{ "time": 0.8666, "name": "Aruis_gj_010_03_" },
					{ "time": 0.9, "name": null }
				]
			},
			"Aruis_gj_010_04_": {
				"attachment": [
					{ "time": 0, "name": null },
					{ "time": 0.7666, "name": null },
					{ "time": 0.8, "name": "Aruis_gj_010_04_" },
					{ "time": 0.8666, "name": "Aruis_gj_010_04_" },
					{ "time": 0.9, "name": null }
				]
			},
			"Aruis_gj_010_05_": {
				"attachment": [
					{ "time": 0, "name": null },
					{ "time": 0.7666, "name": null },
					{ "time": 0.8, "name": "Aruis_gj_010_05_" },
					{ "time": 0.8666, "name": "Aruis_gj_010_05_" },
					{ "time": 0.9, "name": null }
				]
			},
			"Aruis_gj_010_06_": {
				"attachment": [
					{ "time": 0, "name": null },
					{ "time": 0.7666, "name": null },
					{ "time": 0.8, "name": "Aruis_gj_010_06_" },
					{ "time": 0.8666, "name": "Aruis_gj_010_06_" },
					{ "time": 0.9, "name": null }
				]
			},
			"Aruis_gj_011_01_": {
				"attachment": [
					{ "time": 0, "name": null },
					{ "time": 0.8666, "name": null },
					{ "time": 0.9, "name": "Aruis_gj_011_01_" },
					{ "time": 0.9333, "name": "Aruis_gj_011_01_" },
					{ "time": 0.9666, "name": null }
				]
			},
			"Aruis_gj_011_02_": {
				"attachment": [
					{ "time": 0, "name": null },
					{ "time": 0.8666, "name": null },
					{ "time": 0.9, "name": "Aruis_gj_011_02_" },
					{ "time": 0.9333, "name": "Aruis_gj_011_02_" },
					{ "time": 0.9666, "name": null }
				]
			},
			"Aruis_gj_011_03_": {
				"attachment": [
					{ "time": 0, "name": null },
					{ "time": 0.8666, "name": null },
					{ "time": 0.9, "name": "Aruis_gj_011_03_" },
					{ "time": 0.9333, "name": "Aruis_gj_011_03_" },
					{ "time": 0.9666, "name": null }
				]
			},
			"Aruis_gj_011_04_": {
				"attachment": [
					{ "time": 0, "name": null },
					{ "time": 0.8666, "name": null },
					{ "time": 0.9, "name": "Aruis_gj_011_04_" },
					{ "time": 0.9333, "name": "Aruis_gj_011_04_" },
					{ "time": 0.9666, "name": null }
				]
			},
			"Aruis_gj_012_01_": {
				"attachment": [
					{ "time": 0, "name": null },
					{ "time": 0.9333, "name": null },
					{ "time": 0.9666, "name": "Aruis_gj_012_01_" },
					{ "time": 1.0333, "name": "Aruis_gj_012_01_" },
					{ "time": 1.0666, "name": null }
				]
			},
			"Aruis_gj_012_02_": {
				"attachment": [
					{ "time": 0, "name": null },
					{ "time": 0.9333, "name": null },
					{ "time": 0.9666, "name": "Aruis_gj_012_02_" },
					{ "time": 1.0333, "name": "Aruis_gj_012_02_" },
					{ "time": 1.0666, "name": null }
				]
			},
			"Aruis_gj_012_03_": {
				"attachment": [
					{ "time": 0, "name": null },
					{ "time": 0.9333, "name": null },
					{ "time": 0.9666, "name": "Aruis_gj_012_03_" },
					{ "time": 1.0333, "name": "Aruis_gj_012_03_" },
					{ "time": 1.0666, "name": null }
				]
			},
			"Aruis_gj_012_04_": {
				"attachment": [
					{ "time": 0, "name": null },
					{ "time": 0.9333, "name": null },
					{ "time": 0.9666, "name": "Aruis_gj_012_04_" },
					{ "time": 1.0333, "name": "Aruis_gj_012_04_" },
					{ "time": 1.0666, "name": null }
				]
			},
			"Aruis_gj_013_01_": {
				"attachment": [
					{ "time": 0, "name": null },
					{ "time": 1.0333, "name": null },
					{ "time": 1.0666, "name": "Aruis_gj_013_01_" },
					{ "time": 1.1, "name": "Aruis_gj_013_01_" },
					{ "time": 1.1333, "name": null }
				]
			},
			"Aruis_gj_013_02_": {
				"attachment": [
					{ "time": 0, "name": null },
					{ "time": 1.0333, "name": null },
					{ "time": 1.0666, "name": "Aruis_gj_013_02_" },
					{ "time": 1.1, "name": "Aruis_gj_013_02_" },
					{ "time": 1.1333, "name": null }
				]
			},
			"Aruis_gj_013_03_": {
				"attachment": [
					{ "time": 0, "name": null },
					{ "time": 1.0333, "name": null },
					{ "time": 1.0666, "name": "Aruis_gj_013_03_" },
					{ "time": 1.1, "name": "Aruis_gj_013_03_" },
					{ "time": 1.1333, "name": null }
				]
			},
			"Aruis_gj_013_04_": {
				"attachment": [
					{ "time": 0, "name": null },
					{ "time": 1.0333, "name": null },
					{ "time": 1.0666, "name": "Aruis_gj_013_04_" },
					{ "time": 1.1, "name": "Aruis_gj_013_04_" },
					{ "time": 1.1333, "name": null }
				]
			},
			"Aruis_gj_013_05_": {
				"attachment": [
					{ "time": 0, "name": null },
					{ "time": 1.0333, "name": null },
					{ "time": 1.0666, "name": "Aruis_gj_013_05_" },
					{ "time": 1.1, "name": "Aruis_gj_013_05_" },
					{ "time": 1.1333, "name": null }
				]
			},
			"Aruis_gj_014_01_": {
				"attachment": [
					{ "time": 0, "name": null },
					{ "time": 1.1, "name": null },
					{ "time": 1.1333, "name": "Aruis_gj_014_01_" },
					{ "time": 1.1666, "name": "Aruis_gj_014_01_" },
					{ "time": 1.2333, "name": null }
				]
			},
			"Aruis_gj_014_02_": {
				"attachment": [
					{ "time": 0, "name": null },
					{ "time": 1.1, "name": null },
					{ "time": 1.1333, "name": "Aruis_gj_014_02_" },
					{ "time": 1.1666, "name": "Aruis_gj_014_02_" },
					{ "time": 1.2333, "name": null }
				]
			},
			"Aruis_gj_014_03_": {
				"attachment": [
					{ "time": 0, "name": null },
					{ "time": 1.1, "name": null },
					{ "time": 1.1333, "name": "Aruis_gj_014_03_" },
					{ "time": 1.1666, "name": "Aruis_gj_014_03_" },
					{ "time": 1.2333, "name": null }
				]
			},
			"Aruis_gj_014_04_": {
				"attachment": [
					{ "time": 0, "name": null },
					{ "time": 1.1, "name": null },
					{ "time": 1.1333, "name": "Aruis_gj_014_04_" },
					{ "time": 1.1666, "name": "Aruis_gj_014_04_" },
					{ "time": 1.2333, "name": null }
				]
			},
			"Aruis_gj_015_01_": {
				"attachment": [
					{ "time": 0, "name": null },
					{ "time": 1.1666, "name": null },
					{ "time": 1.2333, "name": "Aruis_gj_015_01_" },
					{ "time": 1.2666, "name": "Aruis_gj_015_01_" },
					{ "time": 1.3, "name": null }
				]
			},
			"Aruis_gj_015_02_": {
				"attachment": [
					{ "time": 0, "name": null },
					{ "time": 1.1666, "name": null },
					{ "time": 1.2333, "name": "Aruis_gj_015_02_" },
					{ "time": 1.2666, "name": "Aruis_gj_015_02_" },
					{ "time": 1.3, "name": null }
				]
			},
			"Aruis_gj_015_03_": {
				"attachment": [
					{ "time": 0, "name": null },
					{ "time": 1.1666, "name": null },
					{ "time": 1.2333, "name": "Aruis_gj_015_03_" },
					{ "time": 1.2666, "name": "Aruis_gj_015_03_" },
					{ "time": 1.3, "name": null }
				]
			},
			"Aruis_gj_015_04_": {
				"attachment": [
					{ "time": 0, "name": null },
					{ "time": 1.1666, "name": null },
					{ "time": 1.2333, "name": "Aruis_gj_015_04_" },
					{ "time": 1.2666, "name": "Aruis_gj_015_04_" },
					{ "time": 1.3, "name": null }
				]
			},
			"Aruis_gj_016_01_": {
				"attachment": [
					{ "time": 0, "name": null },
					{ "time": 1.2666, "name": null },
					{ "time": 1.3, "name": "Aruis_gj_016_01_" },
					{ "time": 1.3333, "name": "Aruis_gj_016_01_" },
					{ "time": 1.4, "name": null }
				]
			},
			"Aruis_gj_016_02_": {
				"attachment": [
					{ "time": 0, "name": null },
					{ "time": 1.2666, "name": null },
					{ "time": 1.3, "name": "Aruis_gj_016_02_" },
					{ "time": 1.3333, "name": "Aruis_gj_016_02_" },
					{ "time": 1.4, "name": null }
				]
			},
			"Aruis_gj_016_03_": {
				"attachment": [
					{ "time": 0, "name": null },
					{ "time": 1.2666, "name": null },
					{ "time": 1.3, "name": "Aruis_gj_016_03_" },
					{ "time": 1.3333, "name": "Aruis_gj_016_03_" },
					{ "time": 1.4, "name": null }
				]
			},
			"Aruis_gj_016_04_": {
				"attachment": [
					{ "time": 0, "name": null },
					{ "time": 1.2666, "name": null },
					{ "time": 1.3, "name": "Aruis_gj_016_04_" },
					{ "time": 1.3333, "name": "Aruis_gj_016_04_" },
					{ "time": 1.4, "name": null }
				]
			},
			"Aruis_gj_017_01_": {
				"attachment": [
					{ "time": 0, "name": null },
					{ "time": 1.3333, "name": null },
					{ "time": 1.4, "name": "Aruis_gj_017_01_" },
					{ "time": 1.4333, "name": "Aruis_gj_017_01_" },
					{ "time": 1.4666, "name": null }
				]
			},
			"Aruis_gj_017_02_": {
				"attachment": [
					{ "time": 0, "name": null },
					{ "time": 1.3333, "name": null },
					{ "time": 1.4, "name": "Aruis_gj_017_02_" },
					{ "time": 1.4333, "name": "Aruis_gj_017_02_" },
					{ "time": 1.4666, "name": null }
				]
			},
			"Aruis_gj_017_03_": {
				"attachment": [
					{ "time": 0, "name": null },
					{ "time": 1.3333, "name": null },
					{ "time": 1.4, "name": "Aruis_gj_017_03_" },
					{ "time": 1.4333, "name": "Aruis_gj_017_03_" },
					{ "time": 1.4666, "name": null }
				]
			},
			"Aruis_gj_017_04_": {
				"attachment": [
					{ "time": 0, "name": null },
					{ "time": 1.3333, "name": null },
					{ "time": 1.4, "name": "Aruis_gj_017_04_" },
					{ "time": 1.4333, "name": "Aruis_gj_017_04_" },
					{ "time": 1.4666, "name": null }
				]
			},
			"Aruis_gj_018_01_": {
				"attachment": [
					{ "time": 0, "name": null },
					{ "time": 1.4333, "name": null },
					{ "time": 1.4666, "name": "Aruis_gj_018_01_" },
					{ "time": 1.5, "name": "Aruis_gj_018_01_" },
					{ "time": 1.5333, "name": null }
				]
			},
			"Aruis_gj_018_02_": {
				"attachment": [
					{ "time": 0, "name": null },
					{ "time": 1.4333, "name": null },
					{ "time": 1.4666, "name": "Aruis_gj_018_02_" },
					{ "time": 1.5, "name": "Aruis_gj_018_02_" },
					{ "time": 1.5333, "name": null }
				]
			},
			"Aruis_gj_018_03_": {
				"attachment": [
					{ "time": 0, "name": null },
					{ "time": 1.4333, "name": null },
					{ "time": 1.4666, "name": "Aruis_gj_018_03_" },
					{ "time": 1.5, "name": "Aruis_gj_018_03_" },
					{ "time": 1.5333, "name": null }
				]
			},
			"Aruis_gj_018_04_": {
				"attachment": [
					{ "time": 0, "name": null },
					{ "time": 1.4333, "name": null },
					{ "time": 1.4666, "name": "Aruis_gj_018_04_" },
					{ "time": 1.5, "name": "Aruis_gj_018_04_" },
					{ "time": 1.5333, "name": null }
				]
			},
			"Aruis_gj_018_05_": {
				"attachment": [
					{ "time": 0, "name": null },
					{ "time": 1.4333, "name": null },
					{ "time": 1.4666, "name": "Aruis_gj_018_05_" },
					{ "time": 1.5, "name": "Aruis_gj_018_05_" },
					{ "time": 1.5333, "name": null }
				]
			},
			"Aruis_gj_018_06_": {
				"attachment": [
					{ "time": 0, "name": null },
					{ "time": 1.4333, "name": null },
					{ "time": 1.4666, "name": "Aruis_gj_018_06_" },
					{ "time": 1.5, "name": "Aruis_gj_018_06_" },
					{ "time": 1.5333, "name": null }
				]
			},
			"Aruis_gj_019_01_": {
				"attachment": [
					{ "time": 0, "name": null },
					{ "time": 1.5, "name": null },
					{ "time": 1.5333, "name": "Aruis_gj_019_01_" },
					{ "time": 1.6, "name": "Aruis_gj_019_01_" },
					{ "time": 1.6333, "name": null }
				]
			},
			"Aruis_gj_019_02_": {
				"attachment": [
					{ "time": 0, "name": null },
					{ "time": 1.5, "name": null },
					{ "time": 1.5333, "name": "Aruis_gj_019_02_" },
					{ "time": 1.6, "name": "Aruis_gj_019_02_" },
					{ "time": 1.6333, "name": null }
				]
			},
			"Aruis_gj_019_03_": {
				"attachment": [
					{ "time": 0, "name": null },
					{ "time": 1.5, "name": null },
					{ "time": 1.5333, "name": "Aruis_gj_019_03_" },
					{ "time": 1.6, "name": "Aruis_gj_019_03_" },
					{ "time": 1.6333, "name": null }
				]
			},
			"Aruis_gj_019_04_": {
				"attachment": [
					{ "time": 0, "name": null },
					{ "time": 1.5, "name": null },
					{ "time": 1.5333, "name": "Aruis_gj_019_04_" },
					{ "time": 1.6, "name": "Aruis_gj_019_04_" },
					{ "time": 1.6333, "name": null }
				]
			},
			"Aruis_gj_020_01_": {
				"attachment": [
					{ "time": 0, "name": null },
					{ "time": 1.6, "name": null },
					{ "time": 1.6333, "name": "Aruis_gj_020_01_" },
					{ "time": 1.6666, "name": "Aruis_gj_020_01_" },
					{ "time": 1.7, "name": null }
				]
			},
			"Aruis_gj_020_02_": {
				"attachment": [
					{ "time": 0, "name": null },
					{ "time": 1.6, "name": null },
					{ "time": 1.6333, "name": "Aruis_gj_020_02_" },
					{ "time": 1.6666, "name": "Aruis_gj_020_02_" },
					{ "time": 1.7, "name": null }
				]
			},
			"Aruis_gj_020_03_": {
				"attachment": [
					{ "time": 0, "name": null },
					{ "time": 1.6, "name": null },
					{ "time": 1.6333, "name": "Aruis_gj_020_03_" },
					{ "time": 1.6666, "name": "Aruis_gj_020_03_" },
					{ "time": 1.7, "name": null }
				]
			},
			"Aruis_gj_020_04_": {
				"attachment": [
					{ "time": 0, "name": null },
					{ "time": 1.6, "name": null },
					{ "time": 1.6333, "name": "Aruis_gj_020_04_" },
					{ "time": 1.6666, "name": "Aruis_gj_020_04_" },
					{ "time": 1.7, "name": null }
				]
			},
			"Aruis_gj_021_01_": {
				"attachment": [
					{ "time": 0, "name": null },
					{ "time": 1.6666, "name": null },
					{ "time": 1.7, "name": "Aruis_gj_021_01_" },
					{ "time": 1.7666, "name": "Aruis_gj_021_01_" },
					{ "time": 1.8, "name": null }
				]
			},
			"Aruis_gj_021_02_": {
				"attachment": [
					{ "time": 0, "name": null },
					{ "time": 1.6666, "name": null },
					{ "time": 1.7, "name": "Aruis_gj_021_02_" },
					{ "time": 1.7666, "name": "Aruis_gj_021_02_" },
					{ "time": 1.8, "name": null }
				]
			},
			"Aruis_gj_021_03_": {
				"attachment": [
					{ "time": 0, "name": null },
					{ "time": 1.6666, "name": null },
					{ "time": 1.7, "name": "Aruis_gj_021_03_" },
					{ "time": 1.7666, "name": "Aruis_gj_021_03_" },
					{ "time": 1.8, "name": null }
				]
			},
			"Aruis_gj_021_04_": {
				"attachment": [
					{ "time": 0, "name": null },
					{ "time": 1.6666, "name": null },
					{ "time": 1.7, "name": "Aruis_gj_021_04_" },
					{ "time": 1.7666, "name": "Aruis_gj_021_04_" },
					{ "time": 1.8, "name": null }
				]
			},
			"Aruis_gj_022_01_": {
				"attachment": [
					{ "time": 0, "name": null },
					{ "time": 1.7666, "name": null },
					{ "time": 1.8, "name": "Aruis_gj_022_01_" },
					{ "time": 1.8333, "name": "Aruis_gj_022_01_" },
					{ "time": 1.8666, "name": null }
				]
			},
			"Aruis_gj_022_02_": {
				"attachment": [
					{ "time": 0, "name": null },
					{ "time": 1.7666, "name": null },
					{ "time": 1.8, "name": "Aruis_gj_022_02_" },
					{ "time": 1.8333, "name": "Aruis_gj_022_02_" },
					{ "time": 1.8666, "name": null }
				]
			},
			"Aruis_gj_022_03_": {
				"attachment": [
					{ "time": 0, "name": null },
					{ "time": 1.7666, "name": null },
					{ "time": 1.8, "name": "Aruis_gj_022_03_" },
					{ "time": 1.8333, "name": "Aruis_gj_022_03_" },
					{ "time": 1.8666, "name": null }
				]
			},
			"Aruis_gj_023_01_": {
				"attachment": [
					{ "time": 0, "name": null },
					{ "time": 1.8333, "name": null },
					{ "time": 1.8666, "name": "Aruis_gj_023_01_" },
					{ "time": 1.9, "name": "Aruis_gj_023_01_" },
					{ "time": 1.9666, "name": null }
				]
			},
			"Aruis_gj_023_02_": {
				"attachment": [
					{ "time": 0, "name": null },
					{ "time": 1.8333, "name": null },
					{ "time": 1.8666, "name": "Aruis_gj_023_02_" },
					{ "time": 1.9, "name": "Aruis_gj_023_02_" },
					{ "time": 1.9666, "name": null }
				]
			},
			"Aruis_gj_023_03_": {
				"attachment": [
					{ "time": 0, "name": null },
					{ "time": 1.8333, "name": null },
					{ "time": 1.8666, "name": "Aruis_gj_023_03_" },
					{ "time": 1.9, "name": "Aruis_gj_023_03_" },
					{ "time": 1.9666, "name": null }
				]
			},
			"Aruis_gj_024_01_": {
				"attachment": [
					{ "time": 0, "name": null },
					{ "time": 1.9, "name": null },
					{ "time": 1.9666, "name": "Aruis_gj_024_01_" },
					{ "time": 2, "name": "Aruis_gj_024_01_" },
					{ "time": 2.0333, "name": null }
				]
			},
			"Aruis_gj_024_02_": {
				"attachment": [
					{ "time": 0, "name": null },
					{ "time": 1.9, "name": null },
					{ "time": 1.9666, "name": "Aruis_gj_024_02_" },
					{ "time": 2, "name": "Aruis_gj_024_02_" },
					{ "time": 2.0333, "name": null }
				]
			},
			"Aruis_gj_024_03_": {
				"attachment": [
					{ "time": 0, "name": null },
					{ "time": 1.9, "name": null },
					{ "time": 1.9666, "name": "Aruis_gj_024_03_" },
					{ "time": 2, "name": "Aruis_gj_024_03_" },
					{ "time": 2.0333, "name": null }
				]
			},
			"Aruis_gj_025_01_": {
				"attachment": [
					{ "time": 0, "name": null },
					{ "time": 2, "name": null },
					{ "time": 2.0333, "name": "Aruis_gj_025_01_" },
					{ "time": 2.0666, "name": "Aruis_gj_025_01_" },
					{ "time": 2.1333, "name": null }
				]
			},
			"Aruis_gj_025_02_": {
				"attachment": [
					{ "time": 0, "name": null },
					{ "time": 2, "name": null },
					{ "time": 2.0333, "name": "Aruis_gj_025_02_" },
					{ "time": 2.0666, "name": "Aruis_gj_025_02_" },
					{ "time": 2.1333, "name": null }
				]
			},
			"Aruis_gj_025_03_": {
				"attachment": [
					{ "time": 0, "name": null },
					{ "time": 2, "name": null },
					{ "time": 2.0333, "name": "Aruis_gj_025_03_" },
					{ "time": 2.0666, "name": "Aruis_gj_025_03_" },
					{ "time": 2.1333, "name": null }
				]
			}
		}
	}
}
}