{
"skeleton": { "hash": "kF5+rdEgd4Sdvqqnmc60bPhw/jw", "spine": "3.7.94", "width": 0, "height": 0, "images": "./images/", "audio": "F:/COK项目/Spine工程/皮肤—鸡腿小屋Spine/待机休闲Spine" },
"bones": [
	{ "name": "root" },
	{ "name": "idle_", "parent": "root", "scaleX": 1.25, "scaleY": 1.25 },
	{ "name": "idle_shadow", "parent": "root", "scaleX": 5, "scaleY": 5 }
],
"slots": [
	{ "name": "idle_shadow", "bone": "idle_shadow" },
	{ "name": "idle_", "bone": "idle_" }
],
"skins": {
	"default": {
		"idle_": {
			"idle_00_": { "width": 600, "height": 600 },
			"idle_03_": { "width": 600, "height": 600 },
			"idle_06_": { "width": 600, "height": 600 },
			"idle_09_": { "width": 600, "height": 600 },
			"idle_12_": { "width": 600, "height": 600 },
			"idle_15_": { "width": 600, "height": 600 },
			"idle_18_": { "width": 600, "height": 600 },
			"idle_21_": { "width": 600, "height": 600 },
			"idle_24_": { "width": 600, "height": 600 },
			"idle_27_": { "width": 600, "height": 600 },
			"idle_30_": { "width": 600, "height": 600 },
			"idle_33_": { "width": 600, "height": 600 },
			"idle_36_": { "width": 600, "height": 600 },
			"idle_39_": { "width": 600, "height": 600 },
			"idle_42_": { "width": 600, "height": 600 },
			"idle_45_": { "width": 600, "height": 600 },
			"idle_48_": { "width": 600, "height": 600 },
			"idle_51_": { "width": 600, "height": 600 },
			"idle_54_": { "width": 600, "height": 600 },
			"idle_57_": { "width": 600, "height": 600 },
			"idle_60_": { "width": 600, "height": 600 }
		},
		"idle_shadow": {
			"idle_shadow_00_": { "width": 150, "height": 150 },
			"idle_shadow_03_": { "width": 150, "height": 150 },
			"idle_shadow_06_": { "width": 150, "height": 150 },
			"idle_shadow_09_": { "width": 150, "height": 150 },
			"idle_shadow_12_": { "width": 150, "height": 150 },
			"idle_shadow_15_": { "width": 150, "height": 150 },
			"idle_shadow_18_": { "width": 150, "height": 150 },
			"idle_shadow_21_": { "width": 150, "height": 150 },
			"idle_shadow_24_": { "width": 150, "height": 150 },
			"idle_shadow_27_": { "width": 150, "height": 150 },
			"idle_shadow_30_": { "width": 150, "height": 150 },
			"idle_shadow_33_": { "width": 150, "height": 150 },
			"idle_shadow_36_": { "width": 150, "height": 150 },
			"idle_shadow_39_": { "width": 150, "height": 150 },
			"idle_shadow_42_": { "width": 150, "height": 150 },
			"idle_shadow_45_": { "width": 150, "height": 150 },
			"idle_shadow_48_": { "width": 150, "height": 150 },
			"idle_shadow_51_": { "width": 150, "height": 150 },
			"idle_shadow_54_": { "width": 150, "height": 150 },
			"idle_shadow_57_": { "width": 150, "height": 150 },
			"idle_shadow_60_": { "width": 150, "height": 150 }
		}
	}
},
"animations": {
	"animation": {
		"slots": {
			"idle_": {
				"attachment": [
					{ "time": 0, "name": "idle_00_" },
					{ "time": 0.1, "name": "idle_03_" },
					{ "time": 0.2, "name": "idle_06_" },
					{ "time": 0.3, "name": "idle_09_" },
					{ "time": 0.4, "name": "idle_12_" },
					{ "time": 0.5, "name": "idle_15_" },
					{ "time": 0.6, "name": "idle_18_" },
					{ "time": 0.7, "name": "idle_21_" },
					{ "time": 0.8, "name": "idle_24_" },
					{ "time": 0.9, "name": "idle_27_" },
					{ "time": 1, "name": "idle_30_" },
					{ "time": 1.1, "name": "idle_33_" },
					{ "time": 1.2, "name": "idle_36_" },
					{ "time": 1.3, "name": "idle_39_" },
					{ "time": 1.4, "name": "idle_42_" },
					{ "time": 1.5, "name": "idle_45_" },
					{ "time": 1.6, "name": "idle_48_" },
					{ "time": 1.7, "name": "idle_51_" },
					{ "time": 1.8, "name": "idle_54_" },
					{ "time": 1.9, "name": "idle_57_" },
					{ "time": 2, "name": "idle_60_" },
					{ "time": 2.1, "name": null },
					{ "time": 6.1, "name": null }
				]
			},
			"idle_shadow": {
				"attachment": [
					{ "time": 0, "name": "idle_shadow_00_" },
					{ "time": 0.1, "name": "idle_shadow_03_" },
					{ "time": 0.2, "name": "idle_shadow_06_" },
					{ "time": 0.3, "name": "idle_shadow_09_" },
					{ "time": 0.4, "name": "idle_shadow_12_" },
					{ "time": 0.5, "name": "idle_shadow_15_" },
					{ "time": 0.6, "name": "idle_shadow_18_" },
					{ "time": 0.7, "name": "idle_shadow_21_" },
					{ "time": 0.8, "name": "idle_shadow_24_" },
					{ "time": 0.9, "name": "idle_shadow_27_" },
					{ "time": 1, "name": "idle_shadow_30_" },
					{ "time": 1.1, "name": "idle_shadow_33_" },
					{ "time": 1.2, "name": "idle_shadow_36_" },
					{ "time": 1.3, "name": "idle_shadow_39_" },
					{ "time": 1.4, "name": "idle_shadow_42_" },
					{ "time": 1.5, "name": "idle_shadow_45_" },
					{ "time": 1.6, "name": "idle_shadow_48_" },
					{ "time": 1.7, "name": "idle_shadow_51_" },
					{ "time": 1.8, "name": "idle_shadow_54_" },
					{ "time": 1.9, "name": "idle_shadow_57_" },
					{ "time": 2, "name": "idle_shadow_60_" },
					{ "time": 2.1, "name": null },
					{ "time": 6.1, "name": null }
				]
			}
		},
		"bones": {
			"idle_": {
				"translate": [
					{ "time": 0, "x": 8, "y": 140 }
				]
			},
			"idle_shadow": {
				"translate": [
					{ "time": 0, "x": 8, "y": 140 }
				]
			}
		}
	}
}
}