{
"skeleton": { "hash": "4AgTMwUyEVL7s1hWBw67b7i7NVw", "spine": "2.1.27", "width": 542, "height": 973.66 },
"bones": [
	{ "name": "root" },
	{ "name": "texiaodian_", "parent": "root", "x": 8.98, "y": 474.22 }
],
"slots": [
	{ "name": "12skin_01_", "bone": "root", "attachment": "12skin_01_", "blend": "additive" },
	{ "name": "12skin_02_", "bone": "root", "attachment": "12skin_02_", "blend": "additive" },
	{ "name": "12skin_03_", "bone": "root", "attachment": "12skin_03_", "blend": "additive" },
	{ "name": "12skin_04_", "bone": "root", "attachment": "12skin_04_", "blend": "additive" },
	{ "name": "12skin_05_", "bone": "root", "attachment": "12skin_05_", "blend": "additive" },
	{ "name": "12skin_06_", "bone": "root", "attachment": "12skin_06_", "blend": "additive" },
	{ "name": "juxie_wai_", "bone": "root", "attachment": "juxie_wai_" },
	{ "name": "juxie_shouhu", "bone": "root", "attachment": "juxie_shouhu_" },
	{ "name": "juxie_shouhu_V1", "bone": "root", "attachment": "juxie_shouhu_" }
],
"skins": {
	"default": {
		"12skin_01_": {
			"12skin_01_": { "y": 348.7, "scaleX": 3.034, "scaleY": 3.034, "width": 128, "height": 300 }
		},
		"12skin_02_": {
			"12skin_02_": { "y": 348.7, "scaleX": 3.034, "scaleY": 3.034, "width": 128, "height": 300 }
		},
		"12skin_03_": {
			"12skin_03_": { "y": 348.7, "scaleX": 3.034, "scaleY": 3.034, "width": 128, "height": 300 }
		},
		"12skin_04_": {
			"12skin_04_": { "y": 348.7, "scaleX": 3.034, "scaleY": 3.034, "width": 128, "height": 300 }
		},
		"12skin_05_": {
			"12skin_05_": { "y": 348.7, "scaleX": 3.034, "scaleY": 3.034, "width": 128, "height": 300 }
		},
		"12skin_06_": {
			"12skin_06_": { "y": 348.7, "scaleX": 3.034, "scaleY": 3.034, "width": 128, "height": 300 }
		},
		"juxie_shouhu": {
			"juxie_shouhu_": {
				"type": "mesh",
				"uvs": [ 1, 1, 0, 1, 0, 0, 1, 0 ],
				"triangles": [ 1, 2, 3, 1, 3, 0 ],
				"vertices": [ 200.5, 28.75, -200.5, 28.75, -200.5, 603.75, 200.5, 603.75 ],
				"hull": 4
			}
		},
		"juxie_shouhu_V1": {
			"juxie_shouhu_": {
				"type": "mesh",
				"uvs": [ 1, 1, 0, 1, 0, 0, 1, 0 ],
				"triangles": [ 1, 2, 3, 1, 3, 0 ],
				"vertices": [ 200.5, 29.25, -200.5, 29.25, -200.5, 604.25, 200.5, 604.25 ],
				"hull": 4
			}
		},
		"juxie_wai_": {
			"juxie_wai_": { "x": -13.99, "y": 27.65, "width": 542, "height": 395 }
		}
	}
},
"animations": {
	"chuzheng": {
		"slots": {
			"12skin_01_": {
				"attachment": [
					{ "time": 0, "name": null },
					{ "time": 0.6, "name": null },
					{ "time": 0.6333, "name": "12skin_01_" },
					{ "time": 0.7, "name": "12skin_01_" },
					{ "time": 0.7333, "name": null },
					{ "time": 1.2333, "name": null },
					{ "time": 1.4, "name": null },
					{ "time": 7.1, "name": null },
					{ "time": 12.9333, "name": null },
					{ "time": 14.6, "name": null }
				]
			},
			"12skin_02_": {
				"attachment": [
					{ "time": 0, "name": null },
					{ "time": 0.6333, "name": null },
					{ "time": 0.7, "name": null },
					{ "time": 0.7333, "name": "12skin_02_" },
					{ "time": 0.8, "name": "12skin_02_" },
					{ "time": 0.8333, "name": null },
					{ "time": 1.2333, "name": null },
					{ "time": 1.4, "name": null },
					{ "time": 7.1, "name": null },
					{ "time": 12.9333, "name": null },
					{ "time": 14.6, "name": null }
				]
			},
			"12skin_03_": {
				"attachment": [
					{ "time": 0, "name": null },
					{ "time": 0.6333, "name": null },
					{ "time": 0.8, "name": null },
					{ "time": 0.8333, "name": "12skin_03_" },
					{ "time": 0.9, "name": "12skin_03_" },
					{ "time": 0.9333, "name": null },
					{ "time": 1.2333, "name": null },
					{ "time": 1.4, "name": null },
					{ "time": 7.1, "name": null },
					{ "time": 12.9333, "name": null },
					{ "time": 14.6, "name": null }
				]
			},
			"12skin_04_": {
				"attachment": [
					{ "time": 0, "name": null },
					{ "time": 0.6333, "name": null },
					{ "time": 0.9, "name": null },
					{ "time": 0.9333, "name": "12skin_04_" },
					{ "time": 1, "name": "12skin_04_" },
					{ "time": 1.0333, "name": null },
					{ "time": 1.2333, "name": null },
					{ "time": 1.4, "name": null },
					{ "time": 7.1, "name": null },
					{ "time": 12.9333, "name": null },
					{ "time": 14.6, "name": null }
				]
			},
			"12skin_05_": {
				"attachment": [
					{ "time": 0, "name": null },
					{ "time": 0.6333, "name": null },
					{ "time": 1, "name": null },
					{ "time": 1.0333, "name": "12skin_05_" },
					{ "time": 1.1, "name": "12skin_05_" },
					{ "time": 1.1333, "name": null },
					{ "time": 1.2333, "name": null },
					{ "time": 1.4, "name": null },
					{ "time": 7.1, "name": null },
					{ "time": 12.9333, "name": null },
					{ "time": 14.6, "name": null }
				]
			},
			"12skin_06_": {
				"attachment": [
					{ "time": 0, "name": null },
					{ "time": 0.6333, "name": null },
					{ "time": 1.1, "name": null },
					{ "time": 1.1333, "name": "12skin_06_" },
					{ "time": 1.2, "name": "12skin_06_" },
					{ "time": 1.3666, "name": "12skin_06_" },
					{ "time": 1.4, "name": null },
					{ "time": 7.1, "name": null },
					{ "time": 12.9333, "name": null },
					{ "time": 14.6, "name": null }
				],
				"color": [
					{ "time": 0, "color": "ffffffff", "curve": "stepped" },
					{ "time": 1.2, "color": "ffffffff" },
					{ "time": 1.3666, "color": "ffffff00", "curve": "stepped" },
					{ "time": 7.1, "color": "ffffff00", "curve": "stepped" },
					{ "time": 12.9333, "color": "ffffff00", "curve": "stepped" },
					{ "time": 14.6, "color": "ffffff00" }
				]
			},
			"juxie_shouhu": {
				"attachment": [
					{ "time": 0, "name": null },
					{ "time": 0.2333, "name": null },
					{ "time": 0.2666, "name": "juxie_shouhu_" },
					{ "time": 14.5666, "name": "juxie_shouhu_" },
					{ "time": 14.6, "name": null }
				],
				"color": [
					{ "time": 0, "color": "ffffffff", "curve": "stepped" },
					{ "time": 0.2333, "color": "ffffffff" },
					{ "time": 0.2666, "color": "ffffff00" },
					{ "time": 0.8333, "color": "ffffff61" },
					{ "time": 1.2, "color": "ffffffff", "curve": "stepped" },
					{ "time": 1.4, "color": "ffffffff" },
					{ "time": 2.8666, "color": "ffffff5e" },
					{ "time": 4.1333, "color": "ffffffff" },
					{ "time": 5.6333, "color": "ffffff5e" },
					{ "time": 7.1, "color": "ffffffff" },
					{ "time": 8.6666, "color": "ffffff5e" },
					{ "time": 9.9333, "color": "ffffffff" },
					{ "time": 11.4333, "color": "ffffff5e" },
					{ "time": 12.9333, "color": "ffffffff" },
					{ "time": 14.5666, "color": "ffffff00" },
					{ "time": 14.6, "color": "ffffffff" }
				]
			},
			"juxie_shouhu_V1": {
				"attachment": [
					{ "time": 0, "name": null },
					{ "time": 0.1333, "name": null },
					{ "time": 0.1666, "name": "juxie_shouhu_" },
					{ "time": 14.6, "name": null }
				],
				"color": [
					{ "time": 0, "color": "ffffffff", "curve": "stepped" },
					{ "time": 0.1333, "color": "ffffffff" },
					{ "time": 0.1666, "color": "ffffff00" },
					{ "time": 0.3666, "color": "ffffffc1" },
					{ "time": 0.7333, "color": "ffffff9e" },
					{ "time": 0.9, "color": "ffffff62" },
					{ "time": 1.1, "color": "ffffff00", "curve": "stepped" },
					{ "time": 7.1, "color": "ffffff00", "curve": "stepped" },
					{ "time": 12.9333, "color": "ffffff00", "curve": "stepped" },
					{ "time": 14.6, "color": "ffffff00" }
				]
			}
		},
		"bones": {
			"root": {
				"scale": [
					{ "time": 0, "x": 1, "y": 1, "curve": "stepped" },
					{ "time": 0.1666, "x": 1, "y": 1, "curve": "stepped" },
					{ "time": 14.6, "x": 1, "y": 1 }
				]
			}
		},
		"ffd": {
			"default": {
				"juxie_shouhu": {
					"juxie_shouhu_": [
						{ "time": 0, "curve": "stepped" },
						{ "time": 14.6 }
					]
				},
				"juxie_shouhu_V1": {
					"juxie_shouhu_": [
						{ "time": 0 },
						{
							"time": 0.3666,
							"vertices": [ 60.88565, -87.30481, -60.88565, -87.30481, -60.88565, 87.30487, 60.88565, 87.30487 ]
						},
						{
							"time": 0.8333,
							"vertices": [ 63.36978, -90.86683, -63.36978, -90.86683, -63.36978, 90.86699, 63.36978, 90.86699 ]
						},
						{
							"time": 14.6,
							"vertices": [ 90.3703, -129.58328, -90.3703, -129.58328, -90.3703, 129.58342, 90.3703, 129.58342 ]
						}
					]
				}
			}
		},
		"drawOrder": [
			{
				"time": 0,
				"offsets": [
					{ "slot": "juxie_wai_", "offset": -6 },
					{ "slot": "juxie_shouhu", "offset": -6 },
					{ "slot": "juxie_shouhu_V1", "offset": -6 }
				]
			},
			{
				"time": 0.6,
				"offsets": [
					{ "slot": "juxie_wai_", "offset": -6 },
					{ "slot": "juxie_shouhu", "offset": -6 },
					{ "slot": "juxie_shouhu_V1", "offset": -6 }
				]
			},
			{
				"time": 1.1,
				"offsets": [
					{ "slot": "juxie_wai_", "offset": -6 },
					{ "slot": "juxie_shouhu", "offset": -6 },
					{ "slot": "juxie_shouhu_V1", "offset": -6 }
				]
			},
			{
				"time": 1.2,
				"offsets": [
					{ "slot": "juxie_wai_", "offset": -6 },
					{ "slot": "juxie_shouhu", "offset": -6 },
					{ "slot": "juxie_shouhu_V1", "offset": -6 }
				]
			},
			{ "time": 1.3 },
			{ "time": 7.1 },
			{ "time": 12.9333 },
			{ "time": 14.6 }
		]
	},
	"dj": {
		"slots": {
			"12skin_01_": {
				"attachment": [
					{ "time": 0, "name": null },
					{ "time": 1, "name": null }
				]
			},
			"12skin_02_": {
				"attachment": [
					{ "time": 0, "name": null },
					{ "time": 1, "name": null }
				]
			},
			"12skin_03_": {
				"attachment": [
					{ "time": 0, "name": null },
					{ "time": 1, "name": null }
				]
			},
			"12skin_04_": {
				"attachment": [
					{ "time": 0, "name": null },
					{ "time": 1, "name": null }
				]
			},
			"12skin_05_": {
				"attachment": [
					{ "time": 0, "name": null },
					{ "time": 1, "name": null }
				]
			},
			"12skin_06_": {
				"attachment": [
					{ "time": 0, "name": null },
					{ "time": 1, "name": null }
				]
			},
			"juxie_shouhu": {
				"attachment": [
					{ "time": 0, "name": null },
					{ "time": 1, "name": null }
				]
			},
			"juxie_shouhu_V1": {
				"attachment": [
					{ "time": 0, "name": null },
					{ "time": 1, "name": null }
				]
			}
		},
		"bones": {
			"root": {
				"rotate": [
					{ "time": 0, "angle": 0, "curve": "stepped" },
					{ "time": 1, "angle": 0 }
				],
				"translate": [
					{ "time": 0, "x": 0, "y": 0, "curve": "stepped" },
					{ "time": 1, "x": 0, "y": 0 }
				],
				"scale": [
					{ "time": 0, "x": 1, "y": 1, "curve": "stepped" },
					{ "time": 1, "x": 1, "y": 1 }
				]
			},
			"texiaodian_": {
				"rotate": [
					{ "time": 0, "angle": 0, "curve": "stepped" },
					{ "time": 1, "angle": 0 }
				],
				"translate": [
					{ "time": 0, "x": 0, "y": 0, "curve": "stepped" },
					{ "time": 1, "x": 0, "y": 0 }
				],
				"scale": [
					{ "time": 0, "x": 1, "y": 1, "curve": "stepped" },
					{ "time": 1, "x": 1, "y": 1 }
				]
			}
		}
	},
	"gj": {
		"slots": {
			"12skin_01_": {
				"attachment": [
					{ "time": 0, "name": null },
					{ "time": 0.6, "name": null },
					{ "time": 0.6333, "name": "12skin_01_" },
					{ "time": 0.7, "name": "12skin_01_" },
					{ "time": 0.7333, "name": null },
					{ "time": 1.2333, "name": null },
					{ "time": 1.4, "name": null },
					{ "time": 7.1, "name": null },
					{ "time": 12.9333, "name": null },
					{ "time": 14.6, "name": null }
				]
			},
			"12skin_02_": {
				"attachment": [
					{ "time": 0, "name": null },
					{ "time": 0.6333, "name": null },
					{ "time": 0.7, "name": null },
					{ "time": 0.7333, "name": "12skin_02_" },
					{ "time": 0.8, "name": "12skin_02_" },
					{ "time": 0.8333, "name": null },
					{ "time": 1.2333, "name": null },
					{ "time": 1.4, "name": null },
					{ "time": 7.1, "name": null },
					{ "time": 12.9333, "name": null },
					{ "time": 14.6, "name": null }
				]
			},
			"12skin_03_": {
				"attachment": [
					{ "time": 0, "name": null },
					{ "time": 0.6333, "name": null },
					{ "time": 0.8, "name": null },
					{ "time": 0.8333, "name": "12skin_03_" },
					{ "time": 0.9, "name": "12skin_03_" },
					{ "time": 0.9333, "name": null },
					{ "time": 1.2333, "name": null },
					{ "time": 1.4, "name": null },
					{ "time": 7.1, "name": null },
					{ "time": 12.9333, "name": null },
					{ "time": 14.6, "name": null }
				]
			},
			"12skin_04_": {
				"attachment": [
					{ "time": 0, "name": null },
					{ "time": 0.6333, "name": null },
					{ "time": 0.9, "name": null },
					{ "time": 0.9333, "name": "12skin_04_" },
					{ "time": 1, "name": "12skin_04_" },
					{ "time": 1.0333, "name": null },
					{ "time": 1.2333, "name": null },
					{ "time": 1.4, "name": null },
					{ "time": 7.1, "name": null },
					{ "time": 12.9333, "name": null },
					{ "time": 14.6, "name": null }
				]
			},
			"12skin_05_": {
				"attachment": [
					{ "time": 0, "name": null },
					{ "time": 0.6333, "name": null },
					{ "time": 1, "name": null },
					{ "time": 1.0333, "name": "12skin_05_" },
					{ "time": 1.1, "name": "12skin_05_" },
					{ "time": 1.1333, "name": null },
					{ "time": 1.2333, "name": null },
					{ "time": 1.4, "name": null },
					{ "time": 7.1, "name": null },
					{ "time": 12.9333, "name": null },
					{ "time": 14.6, "name": null }
				]
			},
			"12skin_06_": {
				"attachment": [
					{ "time": 0, "name": null },
					{ "time": 0.6333, "name": null },
					{ "time": 1.1, "name": null },
					{ "time": 1.1333, "name": "12skin_06_" },
					{ "time": 1.2, "name": "12skin_06_" },
					{ "time": 1.3666, "name": "12skin_06_" },
					{ "time": 1.4, "name": null },
					{ "time": 7.1, "name": null },
					{ "time": 12.9333, "name": null },
					{ "time": 14.6, "name": null }
				],
				"color": [
					{ "time": 0, "color": "ffffffff", "curve": "stepped" },
					{ "time": 1.2, "color": "ffffffff" },
					{ "time": 1.3666, "color": "ffffff00", "curve": "stepped" },
					{ "time": 7.1, "color": "ffffff00", "curve": "stepped" },
					{ "time": 12.9333, "color": "ffffff00", "curve": "stepped" },
					{ "time": 14.6, "color": "ffffff00" }
				]
			},
			"juxie_shouhu": {
				"attachment": [
					{ "time": 0, "name": null },
					{ "time": 0.2333, "name": null },
					{ "time": 0.2666, "name": "juxie_shouhu_" },
					{ "time": 14.5666, "name": "juxie_shouhu_" },
					{ "time": 14.6, "name": null }
				],
				"color": [
					{ "time": 0, "color": "ffffffff", "curve": "stepped" },
					{ "time": 0.2333, "color": "ffffffff" },
					{ "time": 0.2666, "color": "ffffff00" },
					{ "time": 0.8333, "color": "ffffff61" },
					{ "time": 1.2, "color": "ffffffff", "curve": "stepped" },
					{ "time": 1.4, "color": "ffffffff" },
					{ "time": 2.8666, "color": "ffffff5e" },
					{ "time": 4.1333, "color": "ffffffff" },
					{ "time": 5.6333, "color": "ffffff5e" },
					{ "time": 7.1, "color": "ffffffff" },
					{ "time": 8.6666, "color": "ffffff5e" },
					{ "time": 9.9333, "color": "ffffffff" },
					{ "time": 11.4333, "color": "ffffff5e" },
					{ "time": 12.9333, "color": "ffffffff" },
					{ "time": 14.5666, "color": "ffffff00" },
					{ "time": 14.6, "color": "ffffffff" }
				]
			},
			"juxie_shouhu_V1": {
				"attachment": [
					{ "time": 0, "name": null },
					{ "time": 0.1333, "name": null },
					{ "time": 0.1666, "name": "juxie_shouhu_" },
					{ "time": 14.6, "name": null }
				],
				"color": [
					{ "time": 0, "color": "ffffffff", "curve": "stepped" },
					{ "time": 0.1333, "color": "ffffffff" },
					{ "time": 0.1666, "color": "ffffff00" },
					{ "time": 0.3666, "color": "ffffffc1" },
					{ "time": 0.7333, "color": "ffffff9e" },
					{ "time": 0.9, "color": "ffffff62" },
					{ "time": 1.1, "color": "ffffff00", "curve": "stepped" },
					{ "time": 7.1, "color": "ffffff00", "curve": "stepped" },
					{ "time": 12.9333, "color": "ffffff00", "curve": "stepped" },
					{ "time": 14.6, "color": "ffffff00" }
				]
			}
		},
		"bones": {
			"root": {
				"scale": [
					{ "time": 0, "x": 1, "y": 1, "curve": "stepped" },
					{ "time": 0.1666, "x": 1, "y": 1, "curve": "stepped" },
					{ "time": 14.6, "x": 1, "y": 1 }
				]
			}
		},
		"ffd": {
			"default": {
				"juxie_shouhu": {
					"juxie_shouhu_": [
						{ "time": 0, "curve": "stepped" },
						{ "time": 14.6 }
					]
				},
				"juxie_shouhu_V1": {
					"juxie_shouhu_": [
						{ "time": 0 },
						{
							"time": 0.3666,
							"vertices": [ 60.88565, -87.30481, -60.88565, -87.30481, -60.88565, 87.30487, 60.88565, 87.30487 ]
						},
						{
							"time": 0.8333,
							"vertices": [ 63.36978, -90.86683, -63.36978, -90.86683, -63.36978, 90.86699, 63.36978, 90.86699 ]
						},
						{
							"time": 14.6,
							"vertices": [ 90.3703, -129.58328, -90.3703, -129.58328, -90.3703, 129.58342, 90.3703, 129.58342 ]
						}
					]
				}
			}
		},
		"drawOrder": [
			{
				"time": 0,
				"offsets": [
					{ "slot": "juxie_wai_", "offset": -6 },
					{ "slot": "juxie_shouhu", "offset": -6 },
					{ "slot": "juxie_shouhu_V1", "offset": -6 }
				]
			},
			{
				"time": 0.6,
				"offsets": [
					{ "slot": "juxie_wai_", "offset": -6 },
					{ "slot": "juxie_shouhu", "offset": -6 },
					{ "slot": "juxie_shouhu_V1", "offset": -6 }
				]
			},
			{
				"time": 1.1,
				"offsets": [
					{ "slot": "juxie_wai_", "offset": -6 },
					{ "slot": "juxie_shouhu", "offset": -6 },
					{ "slot": "juxie_shouhu_V1", "offset": -6 }
				]
			},
			{
				"time": 1.2,
				"offsets": [
					{ "slot": "juxie_wai_", "offset": -6 },
					{ "slot": "juxie_shouhu", "offset": -6 },
					{ "slot": "juxie_shouhu_V1", "offset": -6 }
				]
			},
			{ "time": 1.3 },
			{ "time": 7.1 },
			{ "time": 12.9333 },
			{ "time": 14.6 }
		]
	},
	"show": {
		"slots": {
			"12skin_01_": {
				"attachment": [
					{ "time": 0, "name": null },
					{ "time": 1, "name": null },
					{ "time": 1.6, "name": null },
					{ "time": 1.6333, "name": "12skin_01_" },
					{ "time": 1.7, "name": "12skin_01_" },
					{ "time": 1.7333, "name": null },
					{ "time": 2.2333, "name": null },
					{ "time": 2.4, "name": null },
					{ "time": 8.1, "name": null },
					{ "time": 13.9333, "name": null },
					{ "time": 15.6, "name": null }
				]
			},
			"12skin_02_": {
				"attachment": [
					{ "time": 0, "name": null },
					{ "time": 1, "name": null },
					{ "time": 1.6333, "name": null },
					{ "time": 1.7, "name": null },
					{ "time": 1.7333, "name": "12skin_02_" },
					{ "time": 1.8, "name": "12skin_02_" },
					{ "time": 1.8333, "name": null },
					{ "time": 2.2333, "name": null },
					{ "time": 2.4, "name": null },
					{ "time": 8.1, "name": null },
					{ "time": 13.9333, "name": null },
					{ "time": 15.6, "name": null }
				]
			},
			"12skin_03_": {
				"attachment": [
					{ "time": 0, "name": null },
					{ "time": 1, "name": null },
					{ "time": 1.6333, "name": null },
					{ "time": 1.8, "name": null },
					{ "time": 1.8333, "name": "12skin_03_" },
					{ "time": 1.9, "name": "12skin_03_" },
					{ "time": 1.9333, "name": null },
					{ "time": 2.2333, "name": null },
					{ "time": 2.4, "name": null },
					{ "time": 8.1, "name": null },
					{ "time": 13.9333, "name": null },
					{ "time": 15.6, "name": null }
				]
			},
			"12skin_04_": {
				"attachment": [
					{ "time": 0, "name": null },
					{ "time": 1, "name": null },
					{ "time": 1.6333, "name": null },
					{ "time": 1.9, "name": null },
					{ "time": 1.9333, "name": "12skin_04_" },
					{ "time": 2, "name": "12skin_04_" },
					{ "time": 2.0333, "name": null },
					{ "time": 2.2333, "name": null },
					{ "time": 2.4, "name": null },
					{ "time": 8.1, "name": null },
					{ "time": 13.9333, "name": null },
					{ "time": 15.6, "name": null }
				]
			},
			"12skin_05_": {
				"attachment": [
					{ "time": 0, "name": null },
					{ "time": 1, "name": null },
					{ "time": 1.6333, "name": null },
					{ "time": 2, "name": null },
					{ "time": 2.0333, "name": "12skin_05_" },
					{ "time": 2.1, "name": "12skin_05_" },
					{ "time": 2.1333, "name": null },
					{ "time": 2.2333, "name": null },
					{ "time": 2.4, "name": null },
					{ "time": 8.1, "name": null },
					{ "time": 13.9333, "name": null },
					{ "time": 15.6, "name": null }
				]
			},
			"12skin_06_": {
				"attachment": [
					{ "time": 0, "name": null },
					{ "time": 1, "name": null },
					{ "time": 1.6333, "name": null },
					{ "time": 2.1, "name": null },
					{ "time": 2.1333, "name": "12skin_06_" },
					{ "time": 2.2, "name": "12skin_06_" },
					{ "time": 2.3666, "name": "12skin_06_" },
					{ "time": 2.4, "name": null },
					{ "time": 8.1, "name": null },
					{ "time": 13.9333, "name": null },
					{ "time": 15.6, "name": null }
				],
				"color": [
					{ "time": 0, "color": "ffffffff", "curve": "stepped" },
					{ "time": 1, "color": "ffffffff", "curve": "stepped" },
					{ "time": 2.2, "color": "ffffffff" },
					{ "time": 2.3666, "color": "ffffff00", "curve": "stepped" },
					{ "time": 8.1, "color": "ffffff00", "curve": "stepped" },
					{ "time": 13.9333, "color": "ffffff00", "curve": "stepped" },
					{ "time": 15.6, "color": "ffffff00" }
				]
			},
			"juxie_shouhu": {
				"attachment": [
					{ "time": 0, "name": null },
					{ "time": 1, "name": null },
					{ "time": 1.2333, "name": null },
					{ "time": 1.2666, "name": "juxie_shouhu_" },
					{ "time": 15.5666, "name": "juxie_shouhu_" },
					{ "time": 15.6, "name": null }
				],
				"color": [
					{ "time": 0, "color": "ffffffff", "curve": "stepped" },
					{ "time": 1, "color": "ffffffff", "curve": "stepped" },
					{ "time": 1.2333, "color": "ffffffff" },
					{ "time": 1.2666, "color": "ffffff00" },
					{ "time": 1.8333, "color": "ffffff61" },
					{ "time": 2.2, "color": "ffffffff", "curve": "stepped" },
					{ "time": 2.4, "color": "ffffffff" },
					{ "time": 3.8666, "color": "ffffff5e" },
					{ "time": 5.1333, "color": "ffffffff" },
					{ "time": 6.6333, "color": "ffffff5e" },
					{ "time": 8.1, "color": "ffffffff" },
					{ "time": 9.6666, "color": "ffffff5e" },
					{ "time": 10.9333, "color": "ffffffff" },
					{ "time": 12.4333, "color": "ffffff5e" },
					{ "time": 13.9333, "color": "ffffffff" },
					{ "time": 15.5666, "color": "ffffff00" },
					{ "time": 15.6, "color": "ffffffff" }
				]
			},
			"juxie_shouhu_V1": {
				"attachment": [
					{ "time": 0, "name": null },
					{ "time": 1, "name": null },
					{ "time": 1.1333, "name": null },
					{ "time": 1.1666, "name": "juxie_shouhu_" },
					{ "time": 15.6, "name": null }
				],
				"color": [
					{ "time": 0, "color": "ffffffff", "curve": "stepped" },
					{ "time": 1, "color": "ffffffff", "curve": "stepped" },
					{ "time": 1.1333, "color": "ffffffff" },
					{ "time": 1.1666, "color": "ffffff00" },
					{ "time": 1.3666, "color": "ffffffc1" },
					{ "time": 1.7333, "color": "ffffff9e" },
					{ "time": 1.9, "color": "ffffff62" },
					{ "time": 2.1, "color": "ffffff00", "curve": "stepped" },
					{ "time": 8.1, "color": "ffffff00", "curve": "stepped" },
					{ "time": 13.9333, "color": "ffffff00", "curve": "stepped" },
					{ "time": 15.6, "color": "ffffff00" }
				]
			}
		},
		"bones": {
			"root": {
				"scale": [
					{ "time": 0, "x": 1, "y": 1, "curve": "stepped" },
					{ "time": 1, "x": 1, "y": 1, "curve": "stepped" },
					{ "time": 1.1666, "x": 1, "y": 1, "curve": "stepped" },
					{ "time": 15.6, "x": 1, "y": 1 }
				]
			}
		},
		"ffd": {
			"default": {
				"juxie_shouhu": {
					"juxie_shouhu_": [
						{ "time": 0, "curve": "stepped" },
						{ "time": 1, "curve": "stepped" },
						{ "time": 15.6 }
					]
				},
				"juxie_shouhu_V1": {
					"juxie_shouhu_": [
						{ "time": 0, "curve": "stepped" },
						{ "time": 1 },
						{
							"time": 1.3666,
							"vertices": [ 60.88565, -87.30481, -60.88565, -87.30481, -60.88565, 87.30487, 60.88565, 87.30487 ]
						},
						{
							"time": 1.8333,
							"vertices": [ 63.36978, -90.86683, -63.36978, -90.86683, -63.36978, 90.86699, 63.36978, 90.86699 ]
						},
						{
							"time": 15.6,
							"vertices": [ 90.3703, -129.58328, -90.3703, -129.58328, -90.3703, 129.58342, 90.3703, 129.58342 ]
						}
					]
				}
			}
		},
		"drawOrder": [
			{
				"time": 0,
				"offsets": [
					{ "slot": "juxie_wai_", "offset": -6 },
					{ "slot": "juxie_shouhu", "offset": -6 },
					{ "slot": "juxie_shouhu_V1", "offset": -6 }
				]
			},
			{
				"time": 1,
				"offsets": [
					{ "slot": "juxie_wai_", "offset": -6 },
					{ "slot": "juxie_shouhu", "offset": -6 },
					{ "slot": "juxie_shouhu_V1", "offset": -6 }
				]
			},
			{
				"time": 1.6,
				"offsets": [
					{ "slot": "juxie_wai_", "offset": -6 },
					{ "slot": "juxie_shouhu", "offset": -6 },
					{ "slot": "juxie_shouhu_V1", "offset": -6 }
				]
			},
			{
				"time": 2.1,
				"offsets": [
					{ "slot": "juxie_wai_", "offset": -6 },
					{ "slot": "juxie_shouhu", "offset": -6 },
					{ "slot": "juxie_shouhu_V1", "offset": -6 }
				]
			},
			{
				"time": 2.2,
				"offsets": [
					{ "slot": "juxie_wai_", "offset": -6 },
					{ "slot": "juxie_shouhu", "offset": -6 },
					{ "slot": "juxie_shouhu_V1", "offset": -6 }
				]
			},
			{ "time": 2.3 },
			{ "time": 8.1 },
			{ "time": 13.9333 },
			{ "time": 15.6 }
		]
	}
}
}