{
"skeleton": { "hash": "qM+yTH+IMLtD3TxVshUYVNoQ0AA", "spine": "2.1.27", "width": 0, "height": 0 },
"bones": [
	{ "name": "root" },
	{ "name": "all", "parent": "root" }
],
"slots": [
	{ "name": "shitou_000_", "bone": "all" },
	{ "name": "016_11_", "bone": "all" },
	{ "name": "016_10_", "bone": "all" },
	{ "name": "016_09_", "bone": "all" },
	{ "name": "016_08_", "bone": "all" },
	{ "name": "016_07_", "bone": "all" },
	{ "name": "016_06_", "bone": "all" },
	{ "name": "016_05_", "bone": "all" },
	{ "name": "016_04_", "bone": "all" },
	{ "name": "016_03_", "bone": "all" },
	{ "name": "016_02_", "bone": "all" },
	{ "name": "016_01_", "bone": "all" },
	{ "name": "015_11_", "bone": "all" },
	{ "name": "015_10_", "bone": "all" },
	{ "name": "015_09_", "bone": "all" },
	{ "name": "015_08_", "bone": "all" },
	{ "name": "015_07_", "bone": "all" },
	{ "name": "015_06_", "bone": "all" },
	{ "name": "015_05_", "bone": "all" },
	{ "name": "015_04_", "bone": "all" },
	{ "name": "015_03_", "bone": "all" },
	{ "name": "015_02_", "bone": "all" },
	{ "name": "015_01_", "bone": "all" },
	{ "name": "014_10_", "bone": "all" },
	{ "name": "014_09_", "bone": "all" },
	{ "name": "014_08_", "bone": "all" },
	{ "name": "014_07_", "bone": "all" },
	{ "name": "014_06_", "bone": "all" },
	{ "name": "014_05_", "bone": "all" },
	{ "name": "014_04_", "bone": "all" },
	{ "name": "014_03_", "bone": "all" },
	{ "name": "014_02_", "bone": "all" },
	{ "name": "014_01_", "bone": "all" },
	{ "name": "013_05_", "bone": "all" },
	{ "name": "013_04_", "bone": "all" },
	{ "name": "013_03_", "bone": "all" },
	{ "name": "013_02_", "bone": "all" },
	{ "name": "013_01_", "bone": "all" },
	{ "name": "012_04_", "bone": "all" },
	{ "name": "012_03_", "bone": "all" },
	{ "name": "012_02_", "bone": "all" },
	{ "name": "012_01_", "bone": "all" },
	{ "name": "011_06_", "bone": "all" },
	{ "name": "011_05_", "bone": "all" },
	{ "name": "011_04_", "bone": "all" },
	{ "name": "011_03_", "bone": "all" },
	{ "name": "011_02_", "bone": "all" },
	{ "name": "011_01_", "bone": "all" },
	{ "name": "010_04_", "bone": "all" },
	{ "name": "010_03_", "bone": "all" },
	{ "name": "010_02_", "bone": "all" },
	{ "name": "010_01_", "bone": "all" },
	{ "name": "009_04_", "bone": "all" },
	{ "name": "009_03_", "bone": "all" },
	{ "name": "009_02_", "bone": "all" },
	{ "name": "009_01_", "bone": "all" },
	{ "name": "008_03_", "bone": "all" },
	{ "name": "008_02_", "bone": "all" },
	{ "name": "008_01_", "bone": "all" },
	{ "name": "007_05_", "bone": "all" },
	{ "name": "007_04_", "bone": "all" },
	{ "name": "007_03_", "bone": "all" },
	{ "name": "007_02_", "bone": "all" },
	{ "name": "007_01_", "bone": "all" },
	{ "name": "006_04_", "bone": "all" },
	{ "name": "006_03_", "bone": "all" },
	{ "name": "006_02_", "bone": "all" },
	{ "name": "006_01_", "bone": "all" },
	{ "name": "005_04_", "bone": "all" },
	{ "name": "005_03_", "bone": "all" },
	{ "name": "005_02_", "bone": "all" },
	{ "name": "005_01_", "bone": "all" },
	{ "name": "004_04_", "bone": "all" },
	{ "name": "004_03_", "bone": "all" },
	{ "name": "004_02_", "bone": "all" },
	{ "name": "004_01_", "bone": "all" },
	{ "name": "003_03_", "bone": "all" },
	{ "name": "003_02_", "bone": "all" },
	{ "name": "003_01_", "bone": "all" },
	{ "name": "002_03_", "bone": "all" },
	{ "name": "002_02_", "bone": "all" },
	{ "name": "002_01_", "bone": "all" },
	{ "name": "001_03_", "bone": "all" },
	{ "name": "001_02_", "bone": "all" },
	{ "name": "001_01_", "bone": "all" },
	{ "name": "000_02_", "bone": "all" },
	{ "name": "000_01_", "bone": "all" }
],
"skins": {
	"default": {
		"000_01_": {
			"000_01_": { "x": -96.44, "y": 301.73, "width": 150, "height": 447 }
		},
		"000_02_": {
			"000_02_": { "x": 57.05, "y": 334.73, "width": 157, "height": 381 }
		},
		"001_01_": {
			"001_01_": { "x": -255.94, "y": 328.23, "width": 169, "height": 188 }
		},
		"001_02_": {
			"001_02_": { "x": -96.44, "y": 329.73, "width": 150, "height": 391 }
		},
		"001_03_": {
			"001_03_": { "x": 57.05, "y": 342.23, "width": 157, "height": 366 }
		},
		"002_01_": {
			"002_01_": { "x": -260.44, "y": 410.73, "width": 178, "height": 153 }
		},
		"002_02_": {
			"002_02_": { "x": -96.44, "y": 340.73, "width": 150, "height": 347 }
		},
		"002_03_": {
			"002_03_": { "x": 37.55, "y": 356.23, "width": 120, "height": 338 }
		},
		"003_01_": {
			"003_01_": { "x": -295.94, "y": 362.23, "width": 179, "height": 168 }
		},
		"003_02_": {
			"003_02_": { "x": -119.44, "y": 348.23, "width": 174, "height": 372 }
		},
		"003_03_": {
			"003_03_": { "x": 45.05, "y": 384.73, "width": 155, "height": 323 }
		},
		"004_01_": {
			"004_01_": { "x": -224.44, "y": 517.23, "width": 74, "height": 128 }
		},
		"004_02_": {
			"004_02_": { "x": -104.44, "y": 385.23, "width": 166, "height": 432 }
		},
		"004_03_": {
			"004_03_": { "x": 56.55, "y": 392.23, "width": 158, "height": 424 }
		},
		"004_04_": {
			"004_04_": { "x": 233.05, "y": 400.73, "width": 195, "height": 317 }
		},
		"005_01_": {
			"005_01_": { "x": -217.94, "y": 361.23, "width": 91, "height": 162 }
		},
		"005_02_": {
			"005_02_": { "x": -96.94, "y": 342.73, "width": 151, "height": 365 }
		},
		"005_03_": {
			"005_03_": { "x": 56.55, "y": 395.73, "width": 158, "height": 443 }
		},
		"005_04_": {
			"005_04_": { "x": 250.55, "y": 393.73, "width": 230, "height": 381 }
		},
		"006_01_": {
			"006_01_": { "x": -96.94, "y": 361.23, "width": 151, "height": 390 }
		},
		"006_02_": {
			"006_02_": { "x": 57.05, "y": 351.23, "width": 157, "height": 348 }
		},
		"006_03_": {
			"006_03_": { "x": 250.55, "y": 355.73, "width": 230, "height": 339 }
		},
		"006_04_": {
			"006_04_": { "x": 165.55, "y": 564.73, "width": 218, "height": 79 }
		},
		"007_01_": {
			"007_01_": { "x": -96.94, "y": 369.23, "width": 151, "height": 386 }
		},
		"007_02_": {
			"007_02_": { "x": 39.55, "y": 362.23, "width": 122, "height": 354 }
		},
		"007_03_": {
			"007_03_": { "x": 146.05, "y": 290.73, "width": 91, "height": 237 }
		},
		"007_04_": {
			"007_04_": { "x": 278.55, "y": 351.23, "width": 174, "height": 348 }
		},
		"007_05_": {
			"007_05_": { "x": 209.05, "y": 541.23, "width": 79, "height": 32 }
		},
		"008_01_": {
			"008_01_": { "x": -221.94, "y": 451.23, "width": 99, "height": 438 }
		},
		"008_02_": {
			"008_02_": { "x": -96.94, "y": 441.73, "width": 151, "height": 583 }
		},
		"008_03_": {
			"008_03_": { "x": 56.05, "y": 439.73, "width": 155, "height": 557 }
		},
		"009_01_": {
			"009_01_": { "x": -226.94, "y": 345.23, "width": 109, "height": 390 }
		},
		"009_02_": {
			"009_02_": { "x": -96.94, "y": 327.73, "width": 151, "height": 457 }
		},
		"009_03_": {
			"009_03_": { "x": 39.55, "y": 317.23, "width": 122, "height": 416 }
		},
		"009_04_": {
			"009_04_": { "x": 172.05, "y": 324.23, "width": 143, "height": 348 }
		},
		"010_01_": {
			"010_01_": { "x": -217.94, "y": 332.23, "width": 91, "height": 280 }
		},
		"010_02_": {
			"010_02_": { "x": -96.94, "y": 405.23, "width": 151, "height": 488 }
		},
		"010_03_": {
			"010_03_": { "x": 39.05, "y": 439.73, "width": 123, "height": 515 }
		},
		"010_04_": {
			"010_04_": { "x": 206.05, "y": 444.23, "width": 211, "height": 504 }
		},
		"011_01_": {
			"011_01_": { "x": -240.94, "y": 414.23, "width": 137, "height": 222 }
		},
		"011_02_": {
			"011_02_": { "x": -96.94, "y": 510.23, "width": 151, "height": 414 }
		},
		"011_03_": {
			"011_03_": { "x": 39.05, "y": 511.73, "width": 123, "height": 417 }
		},
		"011_04_": {
			"011_04_": { "x": 156.55, "y": 499.23, "width": 112, "height": 392 }
		},
		"011_05_": {
			"011_05_": { "x": 255.55, "y": 486.23, "width": 86, "height": 330 }
		},
		"011_06_": {
			"011_06_": { "x": -34.44, "y": 238.73, "width": 310, "height": 129 }
		},
		"012_01_": {
			"012_01_": { "x": 44.55, "y": 357.23, "width": 134, "height": 336 }
		},
		"012_02_": {
			"012_02_": { "x": -97.44, "y": 350.23, "width": 150, "height": 350 }
		},
		"012_03_": {
			"012_03_": { "x": -231.94, "y": 348.23, "width": 119, "height": 144 }
		},
		"012_04_": {
			"012_04_": { "x": -141.44, "y": 596.73, "width": 180, "height": 143 }
		},
		"013_01_": {
			"013_01_": { "x": -225.94, "y": 391.73, "width": 107, "height": 287 }
		},
		"013_02_": {
			"013_02_": { "x": -96.94, "y": 375.73, "width": 151, "height": 357 }
		},
		"013_03_": {
			"013_03_": { "x": 39.05, "y": 385.23, "width": 123, "height": 422 }
		},
		"013_04_": {
			"013_04_": { "x": 141.05, "y": 472.73, "width": 81, "height": 221 }
		},
		"013_05_": {
			"013_05_": { "x": 195.55, "y": 269.23, "width": 190, "height": 186 }
		},
		"014_01_": {
			"014_01_": { "x": -89.44, "y": 413.73, "width": 136, "height": 273 }
		},
		"014_02_": {
			"014_02_": { "x": 39.05, "y": 442.23, "width": 123, "height": 330 }
		},
		"014_03_": {
			"014_03_": { "x": 161.55, "y": 520.73, "width": 122, "height": 123 }
		},
		"014_04_": {
			"014_04_": { "x": 127.55, "y": 332.23, "width": 54, "height": 110 }
		},
		"014_05_": {
			"014_05_": { "x": -60.94, "y": 200.73, "width": 323, "height": 153 }
		},
		"014_06_": {
			"014_06_": { "x": -62.94, "y": 42.23, "width": 327, "height": 164 }
		},
		"014_07_": {
			"014_07_": { "x": 161.55, "y": 120.23, "width": 122, "height": 314 }
		},
		"014_08_": {
			"014_08_": { "x": 311.05, "y": 35.73, "width": 177, "height": 125 }
		},
		"014_09_": {
			"014_09_": { "x": 396.05, "y": 253.73, "width": 181, "height": 311 }
		},
		"014_10_": {
			"014_10_": { "x": 264.05, "y": 205.73, "width": 83, "height": 215 }
		},
		"015_01_": {
			"015_01_": { "x": -220.94, "y": 497.23, "width": 97, "height": 160 }
		},
		"015_02_": {
			"015_02_": { "x": -3.44, "y": 636.73, "width": 184, "height": 133 }
		},
		"015_03_": {
			"015_03_": { "x": -96.94, "y": 423.73, "width": 151, "height": 293 }
		},
		"015_04_": {
			"015_04_": { "x": 39.55, "y": 423.73, "width": 122, "height": 293 }
		},
		"015_05_": {
			"015_05_": { "x": 149.05, "y": 326.23, "width": 97, "height": 98 }
		},
		"015_06_": {
			"015_06_": { "x": -62.94, "y": 187.73, "width": 327, "height": 179 }
		},
		"015_07_": {
			"015_07_": { "x": -62.44, "y": 20.73, "width": 326, "height": 155 }
		},
		"015_08_": {
			"015_08_": { "x": 161.55, "y": 112.73, "width": 122, "height": 329 }
		},
		"015_09_": {
			"015_09_": { "x": 264.05, "y": 138.23, "width": 83, "height": 346 }
		},
		"015_10_": {
			"015_10_": { "x": 406.55, "y": 253.73, "width": 202, "height": 311 }
		},
		"015_11_": {
			"015_11_": { "x": 363.55, "y": 39.23, "width": 116, "height": 118 }
		},
		"016_01_": {
			"016_01_": { "x": -248.44, "y": 481.23, "width": 110, "height": 158 }
		},
		"016_02_": {
			"016_02_": { "x": -119.44, "y": 512.73, "width": 148, "height": 301 }
		},
		"016_03_": {
			"016_03_": { "x": 27.55, "y": 401.23, "width": 146, "height": 248 }
		},
		"016_04_": {
			"016_04_": { "x": -113.94, "y": 279.73, "width": 137, "height": 165 }
		},
		"016_05_": {
			"016_05_": { "x": -145.44, "y": 86.23, "width": 200, "height": 222 }
		},
		"016_06_": {
			"016_06_": { "x": 27.55, "y": 100.23, "width": 146, "height": 354 }
		},
		"016_07_": {
			"016_07_": { "x": 161.55, "y": 144.23, "width": 122, "height": 432 }
		},
		"016_08_": {
			"016_08_": { "x": 264.05, "y": 121.73, "width": 83, "height": 339 }
		},
		"016_09_": {
			"016_09_": { "x": 416.55, "y": 277.23, "width": 222, "height": 278 }
		},
		"016_10_": {
			"016_10_": { "x": 343.05, "y": 60.23, "width": 75, "height": 156 }
		},
		"016_11_": {
			"016_11_": { "x": 411.55, "y": 7.23, "width": 48, "height": 56 }
		},
		"shitou_000_": {
			"shitou_000_": { "x": -53, "y": 113.5, "width": 433, "height": 324 }
		}
	}
},
"animations": {
	"animation": {
		"slots": {
			"000_01_": {
				"attachment": [
					{ "time": 0, "name": "000_01_" },
					{ "time": 0.1, "name": null },
					{ "time": 3.3666, "name": null }
				]
			},
			"000_02_": {
				"attachment": [
					{ "time": 0, "name": "000_02_" },
					{ "time": 0.1, "name": null },
					{ "time": 3.3666, "name": null }
				]
			},
			"001_01_": {
				"attachment": [
					{ "time": 0, "name": null },
					{ "time": 0.1, "name": "001_01_" },
					{ "time": 0.2, "name": null },
					{ "time": 3.3666, "name": null }
				]
			},
			"001_02_": {
				"attachment": [
					{ "time": 0, "name": null },
					{ "time": 0.1, "name": "001_02_" },
					{ "time": 0.2, "name": null },
					{ "time": 3.3666, "name": null }
				]
			},
			"001_03_": {
				"attachment": [
					{ "time": 0, "name": null },
					{ "time": 0.1, "name": "001_03_" },
					{ "time": 0.2, "name": null },
					{ "time": 3.3666, "name": null }
				]
			},
			"002_01_": {
				"attachment": [
					{ "time": 0, "name": null },
					{ "time": 0.2, "name": "002_01_" },
					{ "time": 0.3, "name": null },
					{ "time": 3.3666, "name": null }
				]
			},
			"002_02_": {
				"attachment": [
					{ "time": 0, "name": null },
					{ "time": 0.2, "name": "002_02_" },
					{ "time": 0.3, "name": null },
					{ "time": 3.3666, "name": null }
				]
			},
			"002_03_": {
				"attachment": [
					{ "time": 0, "name": null },
					{ "time": 0.2, "name": "002_03_" },
					{ "time": 0.3, "name": null },
					{ "time": 3.3666, "name": null }
				]
			},
			"003_01_": {
				"attachment": [
					{ "time": 0, "name": null },
					{ "time": 0.3, "name": "003_01_" },
					{ "time": 0.4, "name": null },
					{ "time": 3.3666, "name": null }
				]
			},
			"003_02_": {
				"attachment": [
					{ "time": 0, "name": null },
					{ "time": 0.3, "name": "003_02_" },
					{ "time": 0.4, "name": null },
					{ "time": 3.3666, "name": null }
				]
			},
			"003_03_": {
				"attachment": [
					{ "time": 0, "name": null },
					{ "time": 0.3, "name": "003_03_" },
					{ "time": 0.4, "name": null },
					{ "time": 3.3666, "name": null }
				]
			},
			"004_01_": {
				"attachment": [
					{ "time": 0, "name": null },
					{ "time": 0.4, "name": "004_01_" },
					{ "time": 0.5, "name": null },
					{ "time": 3.3666, "name": null }
				]
			},
			"004_02_": {
				"attachment": [
					{ "time": 0, "name": null },
					{ "time": 0.4, "name": "004_02_" },
					{ "time": 0.5, "name": null },
					{ "time": 3.3666, "name": null }
				]
			},
			"004_03_": {
				"attachment": [
					{ "time": 0, "name": null },
					{ "time": 0.4, "name": "004_03_" },
					{ "time": 0.5, "name": null },
					{ "time": 3.3666, "name": null }
				]
			},
			"004_04_": {
				"attachment": [
					{ "time": 0, "name": null },
					{ "time": 0.4, "name": "004_04_" },
					{ "time": 0.5, "name": null },
					{ "time": 3.3666, "name": null }
				]
			},
			"005_01_": {
				"attachment": [
					{ "time": 0, "name": null },
					{ "time": 0.5, "name": "005_01_" },
					{ "time": 0.6, "name": null },
					{ "time": 3.3666, "name": null }
				]
			},
			"005_02_": {
				"attachment": [
					{ "time": 0, "name": null },
					{ "time": 0.5, "name": "005_02_" },
					{ "time": 0.6, "name": null },
					{ "time": 3.3666, "name": null }
				]
			},
			"005_03_": {
				"attachment": [
					{ "time": 0, "name": null },
					{ "time": 0.5, "name": "005_03_" },
					{ "time": 0.6, "name": null },
					{ "time": 3.3666, "name": null }
				]
			},
			"005_04_": {
				"attachment": [
					{ "time": 0, "name": null },
					{ "time": 0.5, "name": "005_04_" },
					{ "time": 0.6, "name": null },
					{ "time": 3.3666, "name": null }
				]
			},
			"006_01_": {
				"attachment": [
					{ "time": 0, "name": null },
					{ "time": 0.6, "name": "006_01_" },
					{ "time": 0.7, "name": null },
					{ "time": 3.3666, "name": null }
				]
			},
			"006_02_": {
				"attachment": [
					{ "time": 0, "name": null },
					{ "time": 0.6, "name": "006_02_" },
					{ "time": 0.7, "name": null },
					{ "time": 3.3666, "name": null }
				]
			},
			"006_03_": {
				"attachment": [
					{ "time": 0, "name": null },
					{ "time": 0.6, "name": "006_03_" },
					{ "time": 0.7, "name": null },
					{ "time": 3.3666, "name": null }
				]
			},
			"006_04_": {
				"attachment": [
					{ "time": 0, "name": null },
					{ "time": 0.6, "name": "006_04_" },
					{ "time": 0.7, "name": null },
					{ "time": 3.3666, "name": null }
				]
			},
			"007_01_": {
				"attachment": [
					{ "time": 0, "name": null },
					{ "time": 0.7, "name": "007_01_" },
					{ "time": 0.8, "name": null },
					{ "time": 3.3666, "name": null }
				]
			},
			"007_02_": {
				"attachment": [
					{ "time": 0, "name": null },
					{ "time": 0.7, "name": "007_02_" },
					{ "time": 0.8, "name": null },
					{ "time": 3.3666, "name": null }
				]
			},
			"007_03_": {
				"attachment": [
					{ "time": 0, "name": null },
					{ "time": 0.7, "name": "007_03_" },
					{ "time": 0.8, "name": null },
					{ "time": 3.3666, "name": null }
				]
			},
			"007_04_": {
				"attachment": [
					{ "time": 0, "name": null },
					{ "time": 0.7, "name": "007_04_" },
					{ "time": 0.8, "name": null },
					{ "time": 3.3666, "name": null }
				]
			},
			"007_05_": {
				"attachment": [
					{ "time": 0, "name": null },
					{ "time": 0.7, "name": "007_05_" },
					{ "time": 0.8, "name": null },
					{ "time": 3.3666, "name": null }
				]
			},
			"008_01_": {
				"attachment": [
					{ "time": 0, "name": null },
					{ "time": 0.8, "name": "008_01_" },
					{ "time": 0.9, "name": null },
					{ "time": 3.3666, "name": null }
				]
			},
			"008_02_": {
				"attachment": [
					{ "time": 0, "name": null },
					{ "time": 0.8, "name": "008_02_" },
					{ "time": 0.9, "name": null },
					{ "time": 3.3666, "name": null }
				]
			},
			"008_03_": {
				"attachment": [
					{ "time": 0, "name": null },
					{ "time": 0.8, "name": "008_03_" },
					{ "time": 0.9, "name": null },
					{ "time": 3.3666, "name": null }
				]
			},
			"009_01_": {
				"attachment": [
					{ "time": 0, "name": null },
					{ "time": 0.8, "name": null },
					{ "time": 0.9, "name": "009_01_" },
					{ "time": 1, "name": null },
					{ "time": 3.3666, "name": null }
				]
			},
			"009_02_": {
				"attachment": [
					{ "time": 0, "name": null },
					{ "time": 0.9, "name": "009_02_" },
					{ "time": 1, "name": null },
					{ "time": 3.3666, "name": null }
				]
			},
			"009_03_": {
				"attachment": [
					{ "time": 0, "name": null },
					{ "time": 0.9, "name": "009_03_" },
					{ "time": 1, "name": null },
					{ "time": 3.3666, "name": null }
				]
			},
			"009_04_": {
				"attachment": [
					{ "time": 0, "name": null },
					{ "time": 0.9, "name": "009_04_" },
					{ "time": 1, "name": null },
					{ "time": 3.3666, "name": null }
				]
			},
			"010_01_": {
				"attachment": [
					{ "time": 0, "name": null },
					{ "time": 1, "name": "010_01_" },
					{ "time": 1.1, "name": null },
					{ "time": 3.3666, "name": null }
				]
			},
			"010_02_": {
				"attachment": [
					{ "time": 0, "name": null },
					{ "time": 1, "name": "010_02_" },
					{ "time": 1.1, "name": null },
					{ "time": 3.3666, "name": null }
				]
			},
			"010_03_": {
				"attachment": [
					{ "time": 0, "name": null },
					{ "time": 1, "name": "010_03_" },
					{ "time": 1.1, "name": null },
					{ "time": 3.3666, "name": null }
				]
			},
			"010_04_": {
				"attachment": [
					{ "time": 0, "name": null },
					{ "time": 1, "name": "010_04_" },
					{ "time": 1.1, "name": null },
					{ "time": 3.3666, "name": null }
				]
			},
			"011_01_": {
				"attachment": [
					{ "time": 0, "name": null },
					{ "time": 1.1, "name": "011_01_" },
					{ "time": 1.2, "name": null },
					{ "time": 3.3666, "name": null }
				]
			},
			"011_02_": {
				"attachment": [
					{ "time": 0, "name": null },
					{ "time": 1.1, "name": "011_02_" },
					{ "time": 1.2, "name": null },
					{ "time": 3.3666, "name": null }
				]
			},
			"011_03_": {
				"attachment": [
					{ "time": 0, "name": null },
					{ "time": 1.1, "name": "011_03_" },
					{ "time": 1.2, "name": null },
					{ "time": 3.3666, "name": null }
				]
			},
			"011_04_": {
				"attachment": [
					{ "time": 0, "name": null },
					{ "time": 1.1, "name": "011_04_" },
					{ "time": 1.2, "name": null },
					{ "time": 3.3666, "name": null }
				]
			},
			"011_05_": {
				"attachment": [
					{ "time": 0, "name": null },
					{ "time": 1.1, "name": "011_05_" },
					{ "time": 1.2, "name": null },
					{ "time": 3.3666, "name": null }
				]
			},
			"011_06_": {
				"attachment": [
					{ "time": 0, "name": null },
					{ "time": 1.1, "name": "011_06_" },
					{ "time": 1.2, "name": null },
					{ "time": 3.3666, "name": null }
				]
			},
			"012_01_": {
				"attachment": [
					{ "time": 0, "name": null },
					{ "time": 1.2, "name": "012_01_" },
					{ "time": 1.3, "name": null },
					{ "time": 3.3666, "name": null }
				]
			},
			"012_02_": {
				"attachment": [
					{ "time": 0, "name": null },
					{ "time": 1.2, "name": "012_02_" },
					{ "time": 1.3, "name": null },
					{ "time": 3.3666, "name": null }
				]
			},
			"012_03_": {
				"attachment": [
					{ "time": 0, "name": null },
					{ "time": 1.2, "name": "012_03_" },
					{ "time": 1.3, "name": null },
					{ "time": 3.3666, "name": null }
				]
			},
			"012_04_": {
				"attachment": [
					{ "time": 0, "name": null },
					{ "time": 1.2, "name": "012_04_" },
					{ "time": 1.3, "name": null },
					{ "time": 3.3666, "name": null }
				]
			},
			"013_01_": {
				"attachment": [
					{ "time": 0, "name": null },
					{ "time": 1.2, "name": null },
					{ "time": 1.3, "name": "013_01_" },
					{ "time": 1.4, "name": null },
					{ "time": 3.3666, "name": null }
				]
			},
			"013_02_": {
				"attachment": [
					{ "time": 0, "name": null },
					{ "time": 1.3, "name": "013_02_" },
					{ "time": 1.4, "name": null },
					{ "time": 3.3666, "name": null }
				]
			},
			"013_03_": {
				"attachment": [
					{ "time": 0, "name": null },
					{ "time": 1.3, "name": "013_03_" },
					{ "time": 1.4, "name": null },
					{ "time": 3.3666, "name": null }
				]
			},
			"013_04_": {
				"attachment": [
					{ "time": 0, "name": null },
					{ "time": 1.3, "name": "013_04_" },
					{ "time": 1.4, "name": null },
					{ "time": 3.3666, "name": null }
				]
			},
			"013_05_": {
				"attachment": [
					{ "time": 0, "name": null },
					{ "time": 1.3, "name": "013_05_" },
					{ "time": 1.4, "name": null },
					{ "time": 3.3666, "name": null }
				]
			},
			"014_01_": {
				"attachment": [
					{ "time": 0, "name": null },
					{ "time": 1.4, "name": "014_01_" },
					{ "time": 1.5, "name": null },
					{ "time": 3.3666, "name": null }
				]
			},
			"014_02_": {
				"attachment": [
					{ "time": 0, "name": null },
					{ "time": 1.4, "name": "014_02_" },
					{ "time": 1.5, "name": null },
					{ "time": 3.3666, "name": null }
				]
			},
			"014_03_": {
				"attachment": [
					{ "time": 0, "name": null },
					{ "time": 1.4, "name": "014_03_" },
					{ "time": 1.5, "name": null },
					{ "time": 3.3666, "name": null }
				]
			},
			"014_04_": {
				"attachment": [
					{ "time": 0, "name": null },
					{ "time": 1.4, "name": "014_04_" },
					{ "time": 1.5, "name": null },
					{ "time": 3.3666, "name": null }
				]
			},
			"014_05_": {
				"attachment": [
					{ "time": 0, "name": null },
					{ "time": 1.4, "name": "014_05_" },
					{ "time": 1.5, "name": null },
					{ "time": 3.3666, "name": null }
				]
			},
			"014_06_": {
				"attachment": [
					{ "time": 0, "name": null },
					{ "time": 1.4, "name": "014_06_" },
					{ "time": 1.5, "name": null },
					{ "time": 3.3666, "name": null }
				]
			},
			"014_07_": {
				"attachment": [
					{ "time": 0, "name": null },
					{ "time": 1.4, "name": "014_07_" },
					{ "time": 1.5, "name": null },
					{ "time": 3.3666, "name": null }
				]
			},
			"014_08_": {
				"attachment": [
					{ "time": 0, "name": null },
					{ "time": 1.4, "name": "014_08_" },
					{ "time": 1.5, "name": null },
					{ "time": 3.3666, "name": null }
				]
			},
			"014_09_": {
				"attachment": [
					{ "time": 0, "name": null },
					{ "time": 1.4, "name": "014_09_" },
					{ "time": 1.5, "name": null },
					{ "time": 3.3666, "name": null }
				]
			},
			"014_10_": {
				"attachment": [
					{ "time": 0, "name": null },
					{ "time": 1.4, "name": "014_10_" },
					{ "time": 1.5, "name": null },
					{ "time": 3.3666, "name": null }
				]
			},
			"015_01_": {
				"attachment": [
					{ "time": 0, "name": null },
					{ "time": 1.5, "name": "015_01_" },
					{ "time": 1.6, "name": null },
					{ "time": 3.3666, "name": null }
				]
			},
			"015_02_": {
				"attachment": [
					{ "time": 0, "name": null },
					{ "time": 1.5, "name": "015_02_" },
					{ "time": 1.6, "name": null },
					{ "time": 3.3666, "name": null }
				]
			},
			"015_03_": {
				"attachment": [
					{ "time": 0, "name": null },
					{ "time": 1.5, "name": "015_03_" },
					{ "time": 1.6, "name": null },
					{ "time": 3.3666, "name": null }
				]
			},
			"015_04_": {
				"attachment": [
					{ "time": 0, "name": null },
					{ "time": 1.5, "name": "015_04_" },
					{ "time": 1.6, "name": null },
					{ "time": 3.3666, "name": null }
				]
			},
			"015_05_": {
				"attachment": [
					{ "time": 0, "name": null },
					{ "time": 1.5, "name": "015_05_" },
					{ "time": 1.6, "name": null },
					{ "time": 3.3666, "name": null }
				]
			},
			"015_06_": {
				"attachment": [
					{ "time": 0, "name": null },
					{ "time": 1.5, "name": "015_06_" },
					{ "time": 1.6, "name": null },
					{ "time": 3.3666, "name": null }
				]
			},
			"015_07_": {
				"attachment": [
					{ "time": 0, "name": null },
					{ "time": 1.5, "name": "015_07_" },
					{ "time": 1.6, "name": null },
					{ "time": 3.3666, "name": null }
				]
			},
			"015_08_": {
				"attachment": [
					{ "time": 0, "name": null },
					{ "time": 1.5, "name": "015_08_" },
					{ "time": 1.6, "name": null },
					{ "time": 3.3666, "name": null }
				]
			},
			"015_09_": {
				"attachment": [
					{ "time": 0, "name": null },
					{ "time": 1.5, "name": "015_09_" },
					{ "time": 1.6, "name": null },
					{ "time": 3.3666, "name": null }
				]
			},
			"015_10_": {
				"attachment": [
					{ "time": 0, "name": null },
					{ "time": 1.5, "name": "015_10_" },
					{ "time": 1.6, "name": null },
					{ "time": 3.3666, "name": null }
				]
			},
			"015_11_": {
				"attachment": [
					{ "time": 0, "name": null },
					{ "time": 1.5, "name": "015_11_" },
					{ "time": 1.6, "name": null },
					{ "time": 3.3666, "name": null }
				]
			},
			"016_01_": {
				"attachment": [
					{ "time": 0, "name": null },
					{ "time": 1.5, "name": null },
					{ "time": 1.6, "name": "016_01_" },
					{ "time": 1.6666, "name": "016_01_" },
					{ "time": 1.7, "name": null },
					{ "time": 3.3666, "name": null }
				]
			},
			"016_02_": {
				"attachment": [
					{ "time": 0, "name": null },
					{ "time": 1.6, "name": "016_02_" },
					{ "time": 1.6666, "name": "016_02_" },
					{ "time": 1.7, "name": null },
					{ "time": 3.3666, "name": null }
				]
			},
			"016_03_": {
				"attachment": [
					{ "time": 0, "name": null },
					{ "time": 1.6, "name": "016_03_" },
					{ "time": 1.6666, "name": "016_03_" },
					{ "time": 1.7, "name": null },
					{ "time": 3.3666, "name": null }
				]
			},
			"016_04_": {
				"attachment": [
					{ "time": 0, "name": null },
					{ "time": 1.6, "name": "016_04_" },
					{ "time": 1.6666, "name": "016_04_" },
					{ "time": 1.7, "name": null },
					{ "time": 3.3666, "name": null }
				]
			},
			"016_05_": {
				"attachment": [
					{ "time": 0, "name": null },
					{ "time": 1.6, "name": "016_05_" },
					{ "time": 1.6666, "name": "016_05_" },
					{ "time": 1.7, "name": null },
					{ "time": 3.3666, "name": null }
				]
			},
			"016_06_": {
				"attachment": [
					{ "time": 0, "name": null },
					{ "time": 1.6, "name": "016_06_" },
					{ "time": 1.6666, "name": "016_06_" },
					{ "time": 1.7, "name": null },
					{ "time": 3.3666, "name": null }
				]
			},
			"016_07_": {
				"attachment": [
					{ "time": 0, "name": null },
					{ "time": 1.6, "name": "016_07_" },
					{ "time": 1.6666, "name": "016_07_" },
					{ "time": 1.7, "name": null },
					{ "time": 3.3666, "name": null }
				]
			},
			"016_08_": {
				"attachment": [
					{ "time": 0, "name": null },
					{ "time": 1.6, "name": "016_08_" },
					{ "time": 1.6666, "name": "016_08_" },
					{ "time": 1.7, "name": null },
					{ "time": 3.3666, "name": null }
				]
			},
			"016_09_": {
				"attachment": [
					{ "time": 0, "name": null },
					{ "time": 1.6, "name": "016_09_" },
					{ "time": 1.6666, "name": "016_09_" },
					{ "time": 1.7, "name": null },
					{ "time": 3.3666, "name": null }
				]
			},
			"016_10_": {
				"attachment": [
					{ "time": 0, "name": null },
					{ "time": 1.6, "name": "016_10_" },
					{ "time": 1.6666, "name": "016_10_" },
					{ "time": 1.7, "name": null },
					{ "time": 3.3666, "name": null }
				]
			},
			"016_11_": {
				"attachment": [
					{ "time": 0, "name": null },
					{ "time": 1.6, "name": "016_11_" },
					{ "time": 1.6666, "name": "016_11_" },
					{ "time": 1.7, "name": null },
					{ "time": 3.3666, "name": null }
				]
			},
			"shitou_000_": {
				"attachment": [
					{ "time": 0, "name": "shitou_000_" },
					{ "time": 1.7, "name": null },
					{ "time": 3.3666, "name": null }
				]
			}
		},
		"bones": {
			"root": {
				"rotate": [
					{ "time": 0, "angle": 0, "curve": "stepped" },
					{ "time": 3.3666, "angle": 0 }
				],
				"translate": [
					{ "time": 0, "x": 0, "y": 0, "curve": "stepped" },
					{ "time": 3.3666, "x": 0, "y": 0 }
				],
				"scale": [
					{ "time": 0, "x": 1, "y": 1, "curve": "stepped" },
					{ "time": 3.3666, "x": 1, "y": 1 }
				]
			},
			"all": {
				"scale": [
					{ "time": 0, "x": 0.75, "y": 0.75 }
				]
			}
		}
	}
}
}