{
"skeleton": { "hash": "pvmj80cHXKUgYbc9mYnSMYPpeCM", "spine": "2.1.27", "width": 182, "height": 178 },
"bones": [
	{ "name": "root" }
],
"slots": [
	{ "name": "wushi_yingzi_", "bone": "root", "attachment": "wushi_yingzi_" },
	{ "name": "wushi_pao_0040_3_", "bone": "root", "attachment": "wushi_pao_0040_3_" },
	{ "name": "wushi_pao_0040_2_", "bone": "root", "attachment": "wushi_pao_0040_2_" },
	{ "name": "wushi_pao_0040_1_", "bone": "root", "attachment": "wushi_pao_0040_1_" },
	{ "name": "wushi_pao_0038_3_", "bone": "root", "attachment": "wushi_pao_0038_3_" },
	{ "name": "wushi_pao_0038_2_", "bone": "root", "attachment": "wushi_pao_0038_2_" },
	{ "name": "wushi_pao_0038_1_", "bone": "root", "attachment": "wushi_pao_0038_1_" },
	{ "name": "wushi_pao_0036_3_", "bone": "root", "attachment": "wushi_pao_0036_3_" },
	{ "name": "wushi_pao_0036_2_", "bone": "root", "attachment": "wushi_pao_0036_2_" },
	{ "name": "wushi_pao_0036_1_", "bone": "root", "attachment": "wushi_pao_0036_1_" },
	{ "name": "wushi_pao_0034_3_", "bone": "root", "attachment": "wushi_pao_0034_3_" },
	{ "name": "wushi_pao_0034_2_", "bone": "root", "attachment": "wushi_pao_0034_2_" },
	{ "name": "wushi_pao_0034_1_", "bone": "root", "attachment": "wushi_pao_0034_1_" },
	{ "name": "wushi_pao_0032_3_", "bone": "root", "attachment": "wushi_pao_0032_3_" },
	{ "name": "wushi_pao_0032_2_", "bone": "root", "attachment": "wushi_pao_0032_2_" },
	{ "name": "wushi_pao_0032_1_", "bone": "root", "attachment": "wushi_pao_0032_1_" },
	{ "name": "wushi_pao_0030_3_", "bone": "root", "attachment": "wushi_pao_0030_3_" },
	{ "name": "wushi_pao_0030_2_", "bone": "root", "attachment": "wushi_pao_0030_2_" },
	{ "name": "wushi_pao_0030_1_", "bone": "root", "attachment": "wushi_pao_0030_1_" },
	{ "name": "wushi_pao_0028_3_", "bone": "root", "attachment": "wushi_pao_0028_3_" },
	{ "name": "wushi_pao_0028_2_", "bone": "root", "attachment": "wushi_pao_0028_2_" },
	{ "name": "wushi_pao_0028_1_", "bone": "root", "attachment": "wushi_pao_0028_1_" },
	{ "name": "wushi_pao_0026_3_", "bone": "root", "attachment": "wushi_pao_0026_3_" },
	{ "name": "wushi_pao_0026_2_", "bone": "root", "attachment": "wushi_pao_0026_2_" },
	{ "name": "wushi_pao_0026_1_", "bone": "root", "attachment": "wushi_pao_0026_1_" },
	{ "name": "wushi_pao_0024_3_", "bone": "root", "attachment": "wushi_pao_0024_3_" },
	{ "name": "wushi_pao_0024_2_", "bone": "root", "attachment": "wushi_pao_0024_2_" },
	{ "name": "wushi_pao_0024_1_", "bone": "root", "attachment": "wushi_pao_0024_1_" },
	{ "name": "wushi_pao_0022_4_", "bone": "root", "attachment": "wushi_pao_0022_4_" },
	{ "name": "wushi_pao_0022_3_", "bone": "root", "attachment": "wushi_pao_0022_3_" },
	{ "name": "wushi_pao_0022_2_", "bone": "root", "attachment": "wushi_pao_0022_2_" },
	{ "name": "wushi_pao_0022_1_", "bone": "root", "attachment": "wushi_pao_0022_1_" },
	{ "name": "wushi_pao_0020_4_", "bone": "root", "attachment": "wushi_pao_0020_4_" },
	{ "name": "wushi_pao_0020_3_", "bone": "root", "attachment": "wushi_pao_0020_3_" },
	{ "name": "wushi_pao_0020_2_", "bone": "root", "attachment": "wushi_pao_0020_2_" },
	{ "name": "wushi_pao_0020_1_", "bone": "root", "attachment": "wushi_pao_0020_1_" },
	{ "name": "wushi_pao_0018_3_", "bone": "root", "attachment": "wushi_pao_0018_3_" },
	{ "name": "wushi_pao_0018_2_", "bone": "root", "attachment": "wushi_pao_0018_2_" },
	{ "name": "wushi_pao_0018_1_", "bone": "root", "attachment": "wushi_pao_0018_1_" },
	{ "name": "wushi_pao_0016_4_", "bone": "root", "attachment": "wushi_pao_0016_4_" },
	{ "name": "wushi_pao_0016_3_", "bone": "root", "attachment": "wushi_pao_0016_3_" },
	{ "name": "wushi_pao_0016_2_", "bone": "root", "attachment": "wushi_pao_0016_2_" },
	{ "name": "wushi_pao_0016_1_", "bone": "root", "attachment": "wushi_pao_0016_1_" },
	{ "name": "wushi_pao_0014_4_", "bone": "root", "attachment": "wushi_pao_0014_4_" },
	{ "name": "wushi_pao_0014_3_", "bone": "root", "attachment": "wushi_pao_0014_3_" },
	{ "name": "wushi_pao_0014_2_", "bone": "root", "attachment": "wushi_pao_0014_2_" },
	{ "name": "wushi_pao_0014_1_", "bone": "root", "attachment": "wushi_pao_0014_1_" },
	{ "name": "wushi_pao_0012_3_", "bone": "root", "attachment": "wushi_pao_0012_3_" },
	{ "name": "wushi_pao_0012_2_", "bone": "root", "attachment": "wushi_pao_0012_2_" },
	{ "name": "wushi_pao_0012_1_", "bone": "root", "attachment": "wushi_pao_0012_1_" },
	{ "name": "wushi_pao_0010_3_", "bone": "root", "attachment": "wushi_pao_0010_3_" },
	{ "name": "wushi_pao_0010_2_", "bone": "root", "attachment": "wushi_pao_0010_2_" },
	{ "name": "wushi_pao_0010_1_", "bone": "root", "attachment": "wushi_pao_0010_1_" },
	{ "name": "wushi_pao_0008_3_", "bone": "root", "attachment": "wushi_pao_0008_3_" },
	{ "name": "wushi_pao_0008_2_", "bone": "root", "attachment": "wushi_pao_0008_2_" },
	{ "name": "wushi_pao_0008_1_", "bone": "root", "attachment": "wushi_pao_0008_1_" },
	{ "name": "wushi_pao_0006_4_", "bone": "root", "attachment": "wushi_pao_0006_4_" },
	{ "name": "wushi_pao_0006_3_", "bone": "root", "attachment": "wushi_pao_0006_3_" },
	{ "name": "wushi_pao_0006_2_", "bone": "root", "attachment": "wushi_pao_0006_2_" },
	{ "name": "wushi_pao_0006_1_", "bone": "root", "attachment": "wushi_pao_0006_1_" },
	{ "name": "wushi_pao_0004_4_", "bone": "root", "attachment": "wushi_pao_0004_4_" },
	{ "name": "wushi_pao_0004_3_", "bone": "root", "attachment": "wushi_pao_0004_3_" },
	{ "name": "wushi_pao_0004_2_", "bone": "root", "attachment": "wushi_pao_0004_2_" },
	{ "name": "wushi_pao_0004_1_", "bone": "root", "attachment": "wushi_pao_0004_1_" },
	{ "name": "wushi_pao_0002_4_", "bone": "root", "attachment": "wushi_pao_0002_4_" },
	{ "name": "wushi_pao_0002_3_", "bone": "root", "attachment": "wushi_pao_0002_3_" },
	{ "name": "wushi_pao_0002_2_", "bone": "root", "attachment": "wushi_pao_0002_2_" },
	{ "name": "wushi_pao_0002_1_", "bone": "root", "attachment": "wushi_pao_0002_1_" },
	{ "name": "wushi_pao_0000_4_", "bone": "root", "attachment": "wushi_pao_0000_4_" },
	{ "name": "wushi_pao_0000_3_", "bone": "root", "attachment": "wushi_pao_0000_3_" },
	{ "name": "wushi_pao_0000_2_", "bone": "root", "attachment": "wushi_pao_0000_2_" },
	{ "name": "wushi_pao_0000_1_", "bone": "root", "attachment": "wushi_pao_0000_1_" }
],
"skins": {
	"default": {
		"wushi_pao_0000_1_": {
			"wushi_pao_0000_1_": { "x": 29.99, "y": 23.64, "width": 70, "height": 44 }
		},
		"wushi_pao_0000_2_": {
			"wushi_pao_0000_2_": { "x": 31.99, "y": 75.64, "width": 54, "height": 60 }
		},
		"wushi_pao_0000_3_": {
			"wushi_pao_0000_3_": { "x": -21, "y": 66.64, "width": 52, "height": 42 }
		},
		"wushi_pao_0000_4_": {
			"wushi_pao_0000_4_": { "x": -33, "y": 108.14, "width": 76, "height": 41 }
		},
		"wushi_pao_0002_1_": {
			"wushi_pao_0002_1_": { "x": 26.49, "y": 28.64, "width": 67, "height": 48 }
		},
		"wushi_pao_0002_2_": {
			"wushi_pao_0002_2_": { "x": 32.99, "y": 78.64, "width": 50, "height": 52 }
		},
		"wushi_pao_0002_3_": {
			"wushi_pao_0002_3_": { "x": -11.5, "y": 86.14, "width": 39, "height": 67 }
		},
		"wushi_pao_0002_4_": {
			"wushi_pao_0002_4_": { "x": -51.5, "y": 105.64, "width": 41, "height": 48 }
		},
		"wushi_pao_0004_1_": {
			"wushi_pao_0004_1_": { "x": 29.99, "y": 58.14, "width": 60, "height": 97 }
		},
		"wushi_pao_0004_2_": {
			"wushi_pao_0004_2_": { "x": -12.5, "y": 62.64, "width": 25, "height": 32 }
		},
		"wushi_pao_0004_3_": {
			"wushi_pao_0004_3_": { "x": -25.5, "y": 104.14, "width": 51, "height": 51 }
		},
		"wushi_pao_0004_4_": {
			"wushi_pao_0004_4_": { "x": -60.5, "y": 117.14, "width": 19, "height": 29 }
		},
		"wushi_pao_0006_1_": {
			"wushi_pao_0006_1_": { "x": 27.49, "y": 31.64, "width": 61, "height": 34 }
		},
		"wushi_pao_0006_2_": {
			"wushi_pao_0006_2_": { "x": 38.99, "y": 72.14, "width": 46, "height": 47 }
		},
		"wushi_pao_0006_3_": {
			"wushi_pao_0006_3_": { "x": -4, "y": 80.14, "width": 40, "height": 63 }
		},
		"wushi_pao_0006_4_": {
			"wushi_pao_0006_4_": { "x": -44.5, "y": 95.14, "width": 41, "height": 59 }
		},
		"wushi_pao_0008_1_": {
			"wushi_pao_0008_1_": { "x": 41.49, "y": 51.64, "width": 41, "height": 72 }
		},
		"wushi_pao_0008_2_": {
			"wushi_pao_0008_2_": { "x": 4.99, "y": 60.64, "width": 32, "height": 86 }
		},
		"wushi_pao_0008_3_": {
			"wushi_pao_0008_3_": { "x": -36.5, "y": 81.64, "width": 51, "height": 54 }
		},
		"wushi_pao_0010_1_": {
			"wushi_pao_0010_1_": { "x": 39.49, "y": 49.14, "width": 45, "height": 71 }
		},
		"wushi_pao_0010_2_": {
			"wushi_pao_0010_2_": { "x": -4.5, "y": 55.14, "width": 43, "height": 77 }
		},
		"wushi_pao_0010_3_": {
			"wushi_pao_0010_3_": { "x": -44, "y": 77.14, "width": 36, "height": 27 }
		},
		"wushi_pao_0012_1_": {
			"wushi_pao_0012_1_": { "x": 40.49, "y": 53.64, "width": 43, "height": 72 }
		},
		"wushi_pao_0012_2_": {
			"wushi_pao_0012_2_": { "x": -2.5, "y": 57.14, "width": 43, "height": 71 }
		},
		"wushi_pao_0012_3_": {
			"wushi_pao_0012_3_": { "x": -42, "y": 75.64, "width": 36, "height": 34 }
		},
		"wushi_pao_0014_1_": {
			"wushi_pao_0014_1_": { "x": 34.49, "y": 56.14, "width": 53, "height": 87 }
		},
		"wushi_pao_0014_2_": {
			"wushi_pao_0014_2_": { "x": -4, "y": 66.64, "width": 24, "height": 62 }
		},
		"wushi_pao_0014_3_": {
			"wushi_pao_0014_3_": { "x": -27, "y": 71.14, "width": 22, "height": 55 }
		},
		"wushi_pao_0014_4_": {
			"wushi_pao_0014_4_": { "x": -47, "y": 76.64, "width": 18, "height": 28 }
		},
		"wushi_pao_0016_1_": {
			"wushi_pao_0016_1_": { "x": -39, "y": 82.14, "width": 40, "height": 51 }
		},
		"wushi_pao_0016_2_": {
			"wushi_pao_0016_2_": { "x": -0.5, "y": 67.14, "width": 37, "height": 77 }
		},
		"wushi_pao_0016_3_": {
			"wushi_pao_0016_3_": { "x": 39.49, "y": 78.64, "width": 43, "height": 56 }
		},
		"wushi_pao_0016_4_": {
			"wushi_pao_0016_4_": { "x": 36.49, "y": 30.64, "width": 37, "height": 40 }
		},
		"wushi_pao_0018_1_": {
			"wushi_pao_0018_1_": { "x": -44.5, "y": 93.64, "width": 33, "height": 46 }
		},
		"wushi_pao_0018_2_": {
			"wushi_pao_0018_2_": { "x": -8, "y": 74.64, "width": 40, "height": 82 }
		},
		"wushi_pao_0018_3_": {
			"wushi_pao_0018_3_": { "x": 36.49, "y": 58.14, "width": 49, "height": 101 }
		},
		"wushi_pao_0020_1_": {
			"wushi_pao_0020_1_": { "x": 36.99, "y": 18.14, "width": 56, "height": 33 }
		},
		"wushi_pao_0020_2_": {
			"wushi_pao_0020_2_": { "x": 31.99, "y": 70.14, "width": 54, "height": 71 }
		},
		"wushi_pao_0020_3_": {
			"wushi_pao_0020_3_": { "x": -13, "y": 80.14, "width": 36, "height": 89 }
		},
		"wushi_pao_0020_4_": {
			"wushi_pao_0020_4_": { "x": -45.5, "y": 105.64, "width": 29, "height": 50 }
		},
		"wushi_pao_0022_1_": {
			"wushi_pao_0022_1_": { "x": 29.99, "y": 23.64, "width": 54, "height": 38 }
		},
		"wushi_pao_0022_2_": {
			"wushi_pao_0022_2_": { "x": 36.49, "y": 74.64, "width": 49, "height": 64 }
		},
		"wushi_pao_0022_3_": {
			"wushi_pao_0022_3_": { "x": -4.5, "y": 80.64, "width": 33, "height": 76 }
		},
		"wushi_pao_0022_4_": {
			"wushi_pao_0022_4_": { "x": -39, "y": 105.14, "width": 36, "height": 67 }
		},
		"wushi_pao_0024_1_": {
			"wushi_pao_0024_1_": { "x": 32.49, "y": 57.64, "width": 63, "height": 96 }
		},
		"wushi_pao_0024_2_": {
			"wushi_pao_0024_2_": { "x": -12.5, "y": 86.14, "width": 27, "height": 81 }
		},
		"wushi_pao_0024_3_": {
			"wushi_pao_0024_3_": { "x": -39.5, "y": 111.14, "width": 27, "height": 63 }
		},
		"wushi_pao_0026_1_": {
			"wushi_pao_0026_1_": { "x": 27.49, "y": 35.14, "width": 71, "height": 41 }
		},
		"wushi_pao_0026_2_": {
			"wushi_pao_0026_2_": { "x": 10.99, "y": 77.14, "width": 114, "height": 43 }
		},
		"wushi_pao_0026_3_": {
			"wushi_pao_0026_3_": { "x": -22, "y": 115.64, "width": 58, "height": 34 }
		},
		"wushi_pao_0028_1_": {
			"wushi_pao_0028_1_": { "x": 45.49, "y": 51.14, "width": 49, "height": 71 }
		},
		"wushi_pao_0028_2_": {
			"wushi_pao_0028_2_": { "x": 4.49, "y": 60.64, "width": 33, "height": 86 }
		},
		"wushi_pao_0028_3_": {
			"wushi_pao_0028_3_": { "x": -31, "y": 84.64, "width": 38, "height": 60 }
		},
		"wushi_pao_0030_1_": {
			"wushi_pao_0030_1_": { "x": 41.49, "y": 49.64, "width": 57, "height": 70 }
		},
		"wushi_pao_0030_2_": {
			"wushi_pao_0030_2_": { "x": -5.5, "y": 57.64, "width": 37, "height": 72 }
		},
		"wushi_pao_0030_3_": {
			"wushi_pao_0030_3_": { "x": -37, "y": 79.64, "width": 26, "height": 36 }
		},
		"wushi_pao_0032_1_": {
			"wushi_pao_0032_1_": { "x": 41.49, "y": 54.64, "width": 55, "height": 74 }
		},
		"wushi_pao_0032_2_": {
			"wushi_pao_0032_2_": { "x": -6, "y": 57.64, "width": 40, "height": 70 }
		},
		"wushi_pao_0032_3_": {
			"wushi_pao_0032_3_": { "x": -37.5, "y": 76.14, "width": 23, "height": 31 }
		},
		"wushi_pao_0034_1_": {
			"wushi_pao_0034_1_": { "x": 36.49, "y": 55.64, "width": 59, "height": 86 }
		},
		"wushi_pao_0034_2_": {
			"wushi_pao_0034_2_": { "x": -14.5, "y": 67.14, "width": 43, "height": 63 }
		},
		"wushi_pao_0034_3_": {
			"wushi_pao_0034_3_": { "x": -43, "y": 79.64, "width": 14, "height": 26 }
		},
		"wushi_pao_0036_1_": {
			"wushi_pao_0036_1_": { "x": 37.49, "y": 58.14, "width": 51, "height": 95 }
		},
		"wushi_pao_0036_2_": {
			"wushi_pao_0036_2_": { "x": -5.5, "y": 70.64, "width": 35, "height": 72 }
		},
		"wushi_pao_0036_3_": {
			"wushi_pao_0036_3_": { "x": -39.5, "y": 81.64, "width": 33, "height": 50 }
		},
		"wushi_pao_0038_1_": {
			"wushi_pao_0038_1_": { "x": 37.49, "y": 58.14, "width": 47, "height": 101 }
		},
		"wushi_pao_0038_2_": {
			"wushi_pao_0038_2_": { "x": -7, "y": 73.64, "width": 42, "height": 80 }
		},
		"wushi_pao_0038_3_": {
			"wushi_pao_0038_3_": { "x": -47, "y": 93.14, "width": 38, "height": 43 }
		},
		"wushi_pao_0040_1_": {
			"wushi_pao_0040_1_": { "x": 36.49, "y": 53.64, "width": 57, "height": 104 }
		},
		"wushi_pao_0040_2_": {
			"wushi_pao_0040_2_": { "x": -11.5, "y": 77.14, "width": 39, "height": 85 }
		},
		"wushi_pao_0040_3_": {
			"wushi_pao_0040_3_": { "x": -51, "y": 104.64, "width": 40, "height": 48 }
		},
		"wushi_yingzi_": {
			"wushi_yingzi_": { "x": -4, "y": 51.64, "width": 182, "height": 174 }
		}
	}
},
"animations": {
	"animation": {
		"slots": {
			"wushi_pao_0000_1_": {
				"attachment": [
					{ "time": 0, "name": "wushi_pao_0000_1_" },
					{ "time": 0.0333, "name": "wushi_pao_0000_1_" },
					{ "time": 0.0666, "name": null },
					{ "time": 1.3666, "name": null }
				]
			},
			"wushi_pao_0000_2_": {
				"attachment": [
					{ "time": 0, "name": "wushi_pao_0000_2_" },
					{ "time": 0.0333, "name": "wushi_pao_0000_2_" },
					{ "time": 0.0666, "name": null },
					{ "time": 1.3666, "name": null }
				]
			},
			"wushi_pao_0000_3_": {
				"attachment": [
					{ "time": 0, "name": "wushi_pao_0000_3_" },
					{ "time": 0.0333, "name": "wushi_pao_0000_3_" },
					{ "time": 0.0666, "name": null },
					{ "time": 1.3666, "name": null }
				]
			},
			"wushi_pao_0000_4_": {
				"attachment": [
					{ "time": 0, "name": "wushi_pao_0000_4_" },
					{ "time": 0.0333, "name": "wushi_pao_0000_4_" },
					{ "time": 0.0666, "name": null },
					{ "time": 1.3666, "name": null }
				]
			},
			"wushi_pao_0002_1_": {
				"attachment": [
					{ "time": 0, "name": null },
					{ "time": 0.0333, "name": null },
					{ "time": 0.0666, "name": "wushi_pao_0002_1_" },
					{ "time": 0.1, "name": "wushi_pao_0002_1_" },
					{ "time": 0.1333, "name": null },
					{ "time": 1.3666, "name": null }
				]
			},
			"wushi_pao_0002_2_": {
				"attachment": [
					{ "time": 0, "name": null },
					{ "time": 0.0333, "name": null },
					{ "time": 0.0666, "name": "wushi_pao_0002_2_" },
					{ "time": 0.1, "name": "wushi_pao_0002_2_" },
					{ "time": 0.1333, "name": null },
					{ "time": 1.3666, "name": null }
				]
			},
			"wushi_pao_0002_3_": {
				"attachment": [
					{ "time": 0, "name": null },
					{ "time": 0.0333, "name": null },
					{ "time": 0.0666, "name": "wushi_pao_0002_3_" },
					{ "time": 0.1, "name": "wushi_pao_0002_3_" },
					{ "time": 0.1333, "name": null },
					{ "time": 1.3666, "name": null }
				]
			},
			"wushi_pao_0002_4_": {
				"attachment": [
					{ "time": 0, "name": null },
					{ "time": 0.0333, "name": null },
					{ "time": 0.0666, "name": "wushi_pao_0002_4_" },
					{ "time": 0.1, "name": "wushi_pao_0002_4_" },
					{ "time": 0.1333, "name": null },
					{ "time": 1.3666, "name": null }
				]
			},
			"wushi_pao_0004_1_": {
				"attachment": [
					{ "time": 0, "name": null },
					{ "time": 0.1, "name": null },
					{ "time": 0.1333, "name": "wushi_pao_0004_1_" },
					{ "time": 0.1666, "name": "wushi_pao_0004_1_" },
					{ "time": 0.2, "name": null },
					{ "time": 1.3666, "name": null }
				]
			},
			"wushi_pao_0004_2_": {
				"attachment": [
					{ "time": 0, "name": null },
					{ "time": 0.1, "name": null },
					{ "time": 0.1333, "name": "wushi_pao_0004_2_" },
					{ "time": 0.1666, "name": "wushi_pao_0004_2_" },
					{ "time": 0.2, "name": null },
					{ "time": 1.3666, "name": null }
				]
			},
			"wushi_pao_0004_3_": {
				"attachment": [
					{ "time": 0, "name": null },
					{ "time": 0.1, "name": null },
					{ "time": 0.1333, "name": "wushi_pao_0004_3_" },
					{ "time": 0.1666, "name": "wushi_pao_0004_3_" },
					{ "time": 0.2, "name": null },
					{ "time": 1.3666, "name": null }
				]
			},
			"wushi_pao_0004_4_": {
				"attachment": [
					{ "time": 0, "name": null },
					{ "time": 0.1, "name": null },
					{ "time": 0.1333, "name": "wushi_pao_0004_4_" },
					{ "time": 0.1666, "name": "wushi_pao_0004_4_" },
					{ "time": 0.2, "name": null },
					{ "time": 1.3666, "name": null }
				]
			},
			"wushi_pao_0006_1_": {
				"attachment": [
					{ "time": 0, "name": null },
					{ "time": 0.1666, "name": null },
					{ "time": 0.2, "name": "wushi_pao_0006_1_" },
					{ "time": 0.2333, "name": "wushi_pao_0006_1_" },
					{ "time": 0.2666, "name": null },
					{ "time": 1.3666, "name": null }
				]
			},
			"wushi_pao_0006_2_": {
				"attachment": [
					{ "time": 0, "name": null },
					{ "time": 0.1666, "name": null },
					{ "time": 0.2, "name": "wushi_pao_0006_2_" },
					{ "time": 0.2333, "name": "wushi_pao_0006_2_" },
					{ "time": 0.2666, "name": null },
					{ "time": 1.3666, "name": null }
				]
			},
			"wushi_pao_0006_3_": {
				"attachment": [
					{ "time": 0, "name": null },
					{ "time": 0.1666, "name": null },
					{ "time": 0.2, "name": "wushi_pao_0006_3_" },
					{ "time": 0.2333, "name": "wushi_pao_0006_3_" },
					{ "time": 0.2666, "name": null },
					{ "time": 1.3666, "name": null }
				]
			},
			"wushi_pao_0006_4_": {
				"attachment": [
					{ "time": 0, "name": null },
					{ "time": 0.1666, "name": null },
					{ "time": 0.2, "name": "wushi_pao_0006_4_" },
					{ "time": 0.2333, "name": "wushi_pao_0006_4_" },
					{ "time": 0.2666, "name": null },
					{ "time": 1.3666, "name": null }
				]
			},
			"wushi_pao_0008_1_": {
				"attachment": [
					{ "time": 0, "name": null },
					{ "time": 0.2333, "name": null },
					{ "time": 0.2666, "name": "wushi_pao_0008_1_" },
					{ "time": 0.3, "name": "wushi_pao_0008_1_" },
					{ "time": 0.3333, "name": null },
					{ "time": 1.3666, "name": null }
				]
			},
			"wushi_pao_0008_2_": {
				"attachment": [
					{ "time": 0, "name": null },
					{ "time": 0.2333, "name": null },
					{ "time": 0.2666, "name": "wushi_pao_0008_2_" },
					{ "time": 0.3, "name": "wushi_pao_0008_2_" },
					{ "time": 0.3333, "name": null },
					{ "time": 1.3666, "name": null }
				]
			},
			"wushi_pao_0008_3_": {
				"attachment": [
					{ "time": 0, "name": null },
					{ "time": 0.2333, "name": null },
					{ "time": 0.2666, "name": "wushi_pao_0008_3_" },
					{ "time": 0.3, "name": "wushi_pao_0008_3_" },
					{ "time": 0.3333, "name": null },
					{ "time": 1.3666, "name": null }
				]
			},
			"wushi_pao_0010_1_": {
				"attachment": [
					{ "time": 0, "name": null },
					{ "time": 0.3, "name": null },
					{ "time": 0.3333, "name": "wushi_pao_0010_1_" },
					{ "time": 0.3666, "name": "wushi_pao_0010_1_" },
					{ "time": 0.4, "name": null },
					{ "time": 1.3666, "name": null }
				]
			},
			"wushi_pao_0010_2_": {
				"attachment": [
					{ "time": 0, "name": null },
					{ "time": 0.3, "name": null },
					{ "time": 0.3333, "name": "wushi_pao_0010_2_" },
					{ "time": 0.3666, "name": "wushi_pao_0010_2_" },
					{ "time": 0.4, "name": null },
					{ "time": 1.3666, "name": null }
				]
			},
			"wushi_pao_0010_3_": {
				"attachment": [
					{ "time": 0, "name": null },
					{ "time": 0.3, "name": null },
					{ "time": 0.3333, "name": "wushi_pao_0010_3_" },
					{ "time": 0.3666, "name": "wushi_pao_0010_3_" },
					{ "time": 0.4, "name": null },
					{ "time": 1.3666, "name": null }
				]
			},
			"wushi_pao_0012_1_": {
				"attachment": [
					{ "time": 0, "name": null },
					{ "time": 0.3666, "name": null },
					{ "time": 0.4, "name": "wushi_pao_0012_1_" },
					{ "time": 0.4333, "name": "wushi_pao_0012_1_" },
					{ "time": 0.4666, "name": null },
					{ "time": 1.3666, "name": null }
				]
			},
			"wushi_pao_0012_2_": {
				"attachment": [
					{ "time": 0, "name": null },
					{ "time": 0.3666, "name": null },
					{ "time": 0.4, "name": "wushi_pao_0012_2_" },
					{ "time": 0.4333, "name": "wushi_pao_0012_2_" },
					{ "time": 0.4666, "name": null },
					{ "time": 1.3666, "name": null }
				]
			},
			"wushi_pao_0012_3_": {
				"attachment": [
					{ "time": 0, "name": null },
					{ "time": 0.3666, "name": null },
					{ "time": 0.4, "name": "wushi_pao_0012_3_" },
					{ "time": 0.4333, "name": "wushi_pao_0012_3_" },
					{ "time": 0.4666, "name": null },
					{ "time": 1.3666, "name": null }
				]
			},
			"wushi_pao_0014_1_": {
				"attachment": [
					{ "time": 0, "name": null },
					{ "time": 0.4333, "name": null },
					{ "time": 0.4666, "name": "wushi_pao_0014_1_" },
					{ "time": 0.5, "name": "wushi_pao_0014_1_" },
					{ "time": 0.5333, "name": null },
					{ "time": 1.3666, "name": null }
				]
			},
			"wushi_pao_0014_2_": {
				"attachment": [
					{ "time": 0, "name": null },
					{ "time": 0.4333, "name": null },
					{ "time": 0.4666, "name": "wushi_pao_0014_2_" },
					{ "time": 0.5, "name": "wushi_pao_0014_2_" },
					{ "time": 0.5333, "name": null },
					{ "time": 1.3666, "name": null }
				]
			},
			"wushi_pao_0014_3_": {
				"attachment": [
					{ "time": 0, "name": null },
					{ "time": 0.4333, "name": null },
					{ "time": 0.4666, "name": "wushi_pao_0014_3_" },
					{ "time": 0.5, "name": "wushi_pao_0014_3_" },
					{ "time": 0.5333, "name": null },
					{ "time": 1.3666, "name": null }
				]
			},
			"wushi_pao_0014_4_": {
				"attachment": [
					{ "time": 0, "name": null },
					{ "time": 0.4333, "name": null },
					{ "time": 0.4666, "name": "wushi_pao_0014_4_" },
					{ "time": 0.5, "name": "wushi_pao_0014_4_" },
					{ "time": 0.5333, "name": null },
					{ "time": 1.3666, "name": null }
				]
			},
			"wushi_pao_0016_1_": {
				"attachment": [
					{ "time": 0, "name": null },
					{ "time": 0.5, "name": null },
					{ "time": 0.5333, "name": "wushi_pao_0016_1_" },
					{ "time": 0.5666, "name": "wushi_pao_0016_1_" },
					{ "time": 0.6, "name": null },
					{ "time": 1.3666, "name": null }
				]
			},
			"wushi_pao_0016_2_": {
				"attachment": [
					{ "time": 0, "name": null },
					{ "time": 0.5, "name": null },
					{ "time": 0.5333, "name": "wushi_pao_0016_2_" },
					{ "time": 0.5666, "name": "wushi_pao_0016_2_" },
					{ "time": 0.6, "name": null },
					{ "time": 1.3666, "name": null }
				]
			},
			"wushi_pao_0016_3_": {
				"attachment": [
					{ "time": 0, "name": null },
					{ "time": 0.5, "name": null },
					{ "time": 0.5333, "name": "wushi_pao_0016_3_" },
					{ "time": 0.5666, "name": "wushi_pao_0016_3_" },
					{ "time": 0.6, "name": null },
					{ "time": 1.3666, "name": null }
				]
			},
			"wushi_pao_0016_4_": {
				"attachment": [
					{ "time": 0, "name": null },
					{ "time": 0.5, "name": null },
					{ "time": 0.5333, "name": "wushi_pao_0016_4_" },
					{ "time": 0.5666, "name": "wushi_pao_0016_4_" },
					{ "time": 0.6, "name": null },
					{ "time": 1.3666, "name": null }
				]
			},
			"wushi_pao_0018_1_": {
				"attachment": [
					{ "time": 0, "name": null },
					{ "time": 0.5666, "name": null },
					{ "time": 0.6, "name": "wushi_pao_0018_1_" },
					{ "time": 0.6333, "name": "wushi_pao_0018_1_" },
					{ "time": 0.6666, "name": null },
					{ "time": 1.3666, "name": null }
				]
			},
			"wushi_pao_0018_2_": {
				"attachment": [
					{ "time": 0, "name": null },
					{ "time": 0.5666, "name": null },
					{ "time": 0.6, "name": "wushi_pao_0018_2_" },
					{ "time": 0.6333, "name": "wushi_pao_0018_2_" },
					{ "time": 0.6666, "name": null },
					{ "time": 1.3666, "name": null }
				]
			},
			"wushi_pao_0018_3_": {
				"attachment": [
					{ "time": 0, "name": null },
					{ "time": 0.5666, "name": null },
					{ "time": 0.6, "name": "wushi_pao_0018_3_" },
					{ "time": 0.6333, "name": "wushi_pao_0018_3_" },
					{ "time": 0.6666, "name": null },
					{ "time": 1.3666, "name": null }
				]
			},
			"wushi_pao_0020_1_": {
				"attachment": [
					{ "time": 0, "name": null },
					{ "time": 0.6333, "name": null },
					{ "time": 0.6666, "name": "wushi_pao_0020_1_" },
					{ "time": 0.7, "name": "wushi_pao_0020_1_" },
					{ "time": 0.7333, "name": null },
					{ "time": 1.3666, "name": null }
				]
			},
			"wushi_pao_0020_2_": {
				"attachment": [
					{ "time": 0, "name": null },
					{ "time": 0.6333, "name": null },
					{ "time": 0.6666, "name": "wushi_pao_0020_2_" },
					{ "time": 0.7, "name": "wushi_pao_0020_2_" },
					{ "time": 0.7333, "name": null },
					{ "time": 1.3666, "name": null }
				]
			},
			"wushi_pao_0020_3_": {
				"attachment": [
					{ "time": 0, "name": null },
					{ "time": 0.6333, "name": null },
					{ "time": 0.6666, "name": "wushi_pao_0020_3_" },
					{ "time": 0.7, "name": "wushi_pao_0020_3_" },
					{ "time": 0.7333, "name": null },
					{ "time": 1.3666, "name": null }
				]
			},
			"wushi_pao_0020_4_": {
				"attachment": [
					{ "time": 0, "name": null },
					{ "time": 0.6333, "name": null },
					{ "time": 0.6666, "name": "wushi_pao_0020_4_" },
					{ "time": 0.7, "name": "wushi_pao_0020_4_" },
					{ "time": 0.7333, "name": null },
					{ "time": 1.3666, "name": null }
				]
			},
			"wushi_pao_0022_1_": {
				"attachment": [
					{ "time": 0, "name": null },
					{ "time": 0.7, "name": null },
					{ "time": 0.7333, "name": "wushi_pao_0022_1_" },
					{ "time": 0.7666, "name": "wushi_pao_0022_1_" },
					{ "time": 0.8, "name": null },
					{ "time": 1.3666, "name": null }
				]
			},
			"wushi_pao_0022_2_": {
				"attachment": [
					{ "time": 0, "name": null },
					{ "time": 0.7, "name": null },
					{ "time": 0.7333, "name": "wushi_pao_0022_2_" },
					{ "time": 0.7666, "name": "wushi_pao_0022_2_" },
					{ "time": 0.8, "name": null },
					{ "time": 1.3666, "name": null }
				]
			},
			"wushi_pao_0022_3_": {
				"attachment": [
					{ "time": 0, "name": null },
					{ "time": 0.7, "name": null },
					{ "time": 0.7333, "name": "wushi_pao_0022_3_" },
					{ "time": 0.7666, "name": "wushi_pao_0022_3_" },
					{ "time": 0.8, "name": null },
					{ "time": 1.3666, "name": null }
				]
			},
			"wushi_pao_0022_4_": {
				"attachment": [
					{ "time": 0, "name": null },
					{ "time": 0.7, "name": null },
					{ "time": 0.7333, "name": "wushi_pao_0022_4_" },
					{ "time": 0.7666, "name": "wushi_pao_0022_4_" },
					{ "time": 0.8, "name": null },
					{ "time": 1.3666, "name": null }
				]
			},
			"wushi_pao_0024_1_": {
				"attachment": [
					{ "time": 0, "name": null },
					{ "time": 0.7666, "name": null },
					{ "time": 0.8, "name": "wushi_pao_0024_1_" },
					{ "time": 0.8333, "name": "wushi_pao_0024_1_" },
					{ "time": 0.8666, "name": null },
					{ "time": 1.3666, "name": null }
				]
			},
			"wushi_pao_0024_2_": {
				"attachment": [
					{ "time": 0, "name": null },
					{ "time": 0.7666, "name": null },
					{ "time": 0.8, "name": "wushi_pao_0024_2_" },
					{ "time": 0.8333, "name": "wushi_pao_0024_2_" },
					{ "time": 0.8666, "name": null },
					{ "time": 1.3666, "name": null }
				]
			},
			"wushi_pao_0024_3_": {
				"attachment": [
					{ "time": 0, "name": null },
					{ "time": 0.7666, "name": null },
					{ "time": 0.8, "name": "wushi_pao_0024_3_" },
					{ "time": 0.8333, "name": "wushi_pao_0024_3_" },
					{ "time": 0.8666, "name": null },
					{ "time": 1.3666, "name": null }
				]
			},
			"wushi_pao_0026_1_": {
				"attachment": [
					{ "time": 0, "name": null },
					{ "time": 0.8333, "name": null },
					{ "time": 0.8666, "name": "wushi_pao_0026_1_" },
					{ "time": 0.9, "name": "wushi_pao_0026_1_" },
					{ "time": 0.9333, "name": null },
					{ "time": 1.3666, "name": null }
				]
			},
			"wushi_pao_0026_2_": {
				"attachment": [
					{ "time": 0, "name": null },
					{ "time": 0.8333, "name": null },
					{ "time": 0.8666, "name": "wushi_pao_0026_2_" },
					{ "time": 0.9, "name": "wushi_pao_0026_2_" },
					{ "time": 0.9333, "name": null },
					{ "time": 1.3666, "name": null }
				]
			},
			"wushi_pao_0026_3_": {
				"attachment": [
					{ "time": 0, "name": null },
					{ "time": 0.8333, "name": null },
					{ "time": 0.8666, "name": "wushi_pao_0026_3_" },
					{ "time": 0.9, "name": "wushi_pao_0026_3_" },
					{ "time": 0.9333, "name": null },
					{ "time": 1.3666, "name": null }
				]
			},
			"wushi_pao_0028_1_": {
				"attachment": [
					{ "time": 0, "name": null },
					{ "time": 0.9, "name": null },
					{ "time": 0.9333, "name": "wushi_pao_0028_1_" },
					{ "time": 0.9666, "name": "wushi_pao_0028_1_" },
					{ "time": 1, "name": null },
					{ "time": 1.3666, "name": null }
				]
			},
			"wushi_pao_0028_2_": {
				"attachment": [
					{ "time": 0, "name": null },
					{ "time": 0.9, "name": null },
					{ "time": 0.9333, "name": "wushi_pao_0028_2_" },
					{ "time": 0.9666, "name": "wushi_pao_0028_2_" },
					{ "time": 1, "name": null },
					{ "time": 1.3666, "name": null }
				]
			},
			"wushi_pao_0028_3_": {
				"attachment": [
					{ "time": 0, "name": null },
					{ "time": 0.9, "name": null },
					{ "time": 0.9333, "name": "wushi_pao_0028_3_" },
					{ "time": 0.9666, "name": "wushi_pao_0028_3_" },
					{ "time": 1, "name": null },
					{ "time": 1.3666, "name": null }
				]
			},
			"wushi_pao_0030_1_": {
				"attachment": [
					{ "time": 0, "name": null },
					{ "time": 0.9666, "name": null },
					{ "time": 1, "name": "wushi_pao_0030_1_" },
					{ "time": 1.0333, "name": "wushi_pao_0030_1_" },
					{ "time": 1.0666, "name": null },
					{ "time": 1.3666, "name": null }
				]
			},
			"wushi_pao_0030_2_": {
				"attachment": [
					{ "time": 0, "name": null },
					{ "time": 0.9666, "name": null },
					{ "time": 1, "name": "wushi_pao_0030_2_" },
					{ "time": 1.0333, "name": "wushi_pao_0030_2_" },
					{ "time": 1.0666, "name": null },
					{ "time": 1.3666, "name": null }
				]
			},
			"wushi_pao_0030_3_": {
				"attachment": [
					{ "time": 0, "name": null },
					{ "time": 0.9666, "name": null },
					{ "time": 1, "name": "wushi_pao_0030_3_" },
					{ "time": 1.0333, "name": "wushi_pao_0030_3_" },
					{ "time": 1.0666, "name": null },
					{ "time": 1.3666, "name": null }
				]
			},
			"wushi_pao_0032_1_": {
				"attachment": [
					{ "time": 0, "name": null },
					{ "time": 1.0333, "name": null },
					{ "time": 1.0666, "name": "wushi_pao_0032_1_" },
					{ "time": 1.1, "name": "wushi_pao_0032_1_" },
					{ "time": 1.1333, "name": null },
					{ "time": 1.3666, "name": null }
				]
			},
			"wushi_pao_0032_2_": {
				"attachment": [
					{ "time": 0, "name": null },
					{ "time": 1.0333, "name": null },
					{ "time": 1.0666, "name": "wushi_pao_0032_2_" },
					{ "time": 1.1, "name": "wushi_pao_0032_2_" },
					{ "time": 1.1333, "name": null },
					{ "time": 1.3666, "name": null }
				]
			},
			"wushi_pao_0032_3_": {
				"attachment": [
					{ "time": 0, "name": null },
					{ "time": 1.0333, "name": null },
					{ "time": 1.0666, "name": "wushi_pao_0032_3_" },
					{ "time": 1.1, "name": "wushi_pao_0032_3_" },
					{ "time": 1.1333, "name": null },
					{ "time": 1.3666, "name": null }
				]
			},
			"wushi_pao_0034_1_": {
				"attachment": [
					{ "time": 0, "name": null },
					{ "time": 1.1, "name": null },
					{ "time": 1.1333, "name": "wushi_pao_0034_1_" },
					{ "time": 1.1666, "name": "wushi_pao_0034_1_" },
					{ "time": 1.2, "name": null },
					{ "time": 1.3666, "name": null }
				]
			},
			"wushi_pao_0034_2_": {
				"attachment": [
					{ "time": 0, "name": null },
					{ "time": 1.1, "name": null },
					{ "time": 1.1333, "name": "wushi_pao_0034_2_" },
					{ "time": 1.1666, "name": "wushi_pao_0034_2_" },
					{ "time": 1.2, "name": null },
					{ "time": 1.3666, "name": null }
				]
			},
			"wushi_pao_0034_3_": {
				"attachment": [
					{ "time": 0, "name": null },
					{ "time": 1.1, "name": null },
					{ "time": 1.1333, "name": "wushi_pao_0034_3_" },
					{ "time": 1.1666, "name": "wushi_pao_0034_3_" },
					{ "time": 1.2, "name": null },
					{ "time": 1.3666, "name": null }
				]
			},
			"wushi_pao_0036_1_": {
				"attachment": [
					{ "time": 0, "name": null },
					{ "time": 1.1666, "name": null },
					{ "time": 1.2, "name": "wushi_pao_0036_1_" },
					{ "time": 1.2333, "name": "wushi_pao_0036_1_" },
					{ "time": 1.2666, "name": null },
					{ "time": 1.3666, "name": null }
				]
			},
			"wushi_pao_0036_2_": {
				"attachment": [
					{ "time": 0, "name": null },
					{ "time": 1.1666, "name": null },
					{ "time": 1.2, "name": "wushi_pao_0036_2_" },
					{ "time": 1.2333, "name": "wushi_pao_0036_2_" },
					{ "time": 1.2666, "name": null },
					{ "time": 1.3666, "name": null }
				]
			},
			"wushi_pao_0036_3_": {
				"attachment": [
					{ "time": 0, "name": null },
					{ "time": 1.1666, "name": null },
					{ "time": 1.2, "name": "wushi_pao_0036_3_" },
					{ "time": 1.2333, "name": "wushi_pao_0036_3_" },
					{ "time": 1.2666, "name": null },
					{ "time": 1.3666, "name": null }
				]
			},
			"wushi_pao_0038_1_": {
				"attachment": [
					{ "time": 0, "name": null },
					{ "time": 1.2333, "name": null },
					{ "time": 1.2666, "name": "wushi_pao_0038_1_" },
					{ "time": 1.3, "name": "wushi_pao_0038_1_" },
					{ "time": 1.3333, "name": null },
					{ "time": 1.3666, "name": null }
				]
			},
			"wushi_pao_0038_2_": {
				"attachment": [
					{ "time": 0, "name": null },
					{ "time": 1.2333, "name": null },
					{ "time": 1.2666, "name": "wushi_pao_0038_2_" },
					{ "time": 1.3, "name": "wushi_pao_0038_2_" },
					{ "time": 1.3333, "name": null },
					{ "time": 1.3666, "name": null }
				]
			},
			"wushi_pao_0038_3_": {
				"attachment": [
					{ "time": 0, "name": null },
					{ "time": 1.2333, "name": null },
					{ "time": 1.2666, "name": "wushi_pao_0038_3_" },
					{ "time": 1.3, "name": "wushi_pao_0038_3_" },
					{ "time": 1.3333, "name": null },
					{ "time": 1.3666, "name": null }
				]
			},
			"wushi_pao_0040_1_": {
				"attachment": [
					{ "time": 0, "name": null },
					{ "time": 1.3, "name": null },
					{ "time": 1.3333, "name": "wushi_pao_0040_1_" },
					{ "time": 1.3666, "name": "wushi_pao_0040_1_" }
				]
			},
			"wushi_pao_0040_2_": {
				"attachment": [
					{ "time": 0, "name": null },
					{ "time": 1.3, "name": null },
					{ "time": 1.3333, "name": "wushi_pao_0040_2_" },
					{ "time": 1.3666, "name": "wushi_pao_0040_2_" }
				]
			},
			"wushi_pao_0040_3_": {
				"attachment": [
					{ "time": 0, "name": null },
					{ "time": 1.3, "name": null },
					{ "time": 1.3333, "name": "wushi_pao_0040_3_" },
					{ "time": 1.3666, "name": "wushi_pao_0040_3_" }
				]
			},
			"wushi_yingzi_": {
				"attachment": [
					{ "time": 0, "name": "wushi_yingzi_" },
					{ "time": 1.3666, "name": "wushi_yingzi_" }
				]
			}
		}
	}
}
}