{
"skeleton": { "hash": "2a6VtX32vjKHgrifypJtHZodeWY", "spine": "2.1.27", "width": 646.23, "height": 402.18, "images": "" },
"bones": [
	{ "name": "root", "x": 1, "y": 35.99 },
	{ "name": "bone", "parent": "root", "x": -113.31, "y": 107.32 },
	{ "name": "bone2", "parent": "root", "x": 109.83, "y": 109.5, "scaleX": -1 }
],
"slots": [
	{ "name": "chim_lan00_", "bone": "bone", "color": "ffffff00", "attachment": "chim_lan00_" },
	{ "name": "chim_lan00_2", "bone": "bone2", "color": "ffffff00", "attachment": "chim_lan00_" }
],
"skins": {
	"default": {
		"chim_lan00_": {
			"chim_lan00_": { "x": -86.54, "y": 22.63, "width": 250, "height": 400 },
			"chim_lan01_": { "x": -88.04, "y": 19.13, "width": 267, "height": 395 },
			"chim_lan02_": { "x": -89.54, "y": 15.63, "width": 282, "height": 390 },
			"chim_lan03_": { "x": -92.04, "y": 11.13, "width": 303, "height": 381 },
			"chim_lan04_": { "x": -93.54, "y": 8.63, "width": 310, "height": 374 },
			"chim_lan05_": { "x": -99.54, "y": 10.13, "width": 322, "height": 367 },
			"chim_lan06_": { "x": -100.04, "y": 13.13, "width": 319, "height": 365 },
			"chim_lan07_": { "x": -100.04, "y": 17.63, "width": 315, "height": 366 },
			"chim_lan08_": { "x": -105.54, "y": 26.13, "width": 314, "height": 373 },
			"chim_lan09_": { "x": -106.04, "y": 32.13, "width": 315, "height": 381 },
			"chim_lan10_": { "x": -108.04, "y": 48.13, "width": 317, "height": 405 },
			"chim_lan11_": { "x": -109.54, "y": 57.63, "width": 318, "height": 420 },
			"chim_lan12_": { "x": -110.04, "y": 60.63, "width": 317, "height": 424 },
			"chim_lan13_": { "x": -106.54, "y": 64.63, "width": 306, "height": 432 },
			"chim_lan14_": { "x": -101.04, "y": 64.63, "width": 291, "height": 432 },
			"chim_lan15_": { "x": -90.04, "y": 61.13, "width": 267, "height": 435 },
			"chim_lan16_": { "x": -89.54, "y": 55.63, "width": 262, "height": 434 },
			"chim_lan17_": { "x": -90.04, "y": 50.13, "width": 259, "height": 427 },
			"chim_lan18_": { "x": -90.04, "y": 42.13, "width": 255, "height": 411 },
			"chim_lan19_": { "x": -88.54, "y": 34.13, "width": 250, "height": 405 }
		},
		"chim_lan00_2": {
			"chim_lan00_": { "x": -86.54, "y": 22.63, "width": 250, "height": 400 },
			"chim_lan01_": { "x": -88.04, "y": 19.13, "width": 267, "height": 395 },
			"chim_lan02_": { "x": -89.54, "y": 15.63, "width": 282, "height": 390 },
			"chim_lan03_": { "x": -92.04, "y": 11.13, "width": 303, "height": 381 },
			"chim_lan04_": { "x": -93.54, "y": 8.63, "width": 310, "height": 374 },
			"chim_lan05_": { "x": -99.54, "y": 10.13, "width": 322, "height": 367 },
			"chim_lan06_": { "x": -100.04, "y": 13.13, "width": 319, "height": 365 },
			"chim_lan07_": { "x": -100.04, "y": 17.63, "width": 315, "height": 366 },
			"chim_lan08_": { "x": -105.54, "y": 26.13, "width": 314, "height": 373 },
			"chim_lan09_": { "x": -106.04, "y": 32.13, "width": 315, "height": 381 },
			"chim_lan10_": { "x": -108.04, "y": 48.13, "width": 317, "height": 405 },
			"chim_lan11_": { "x": -109.54, "y": 57.63, "width": 318, "height": 420 },
			"chim_lan12_": { "x": -110.04, "y": 60.63, "width": 317, "height": 424 },
			"chim_lan13_": { "x": -106.54, "y": 64.63, "width": 306, "height": 432 },
			"chim_lan14_": { "x": -101.04, "y": 64.63, "width": 291, "height": 432 },
			"chim_lan15_": { "x": -90.04, "y": 61.13, "width": 267, "height": 435 },
			"chim_lan16_": { "x": -89.54, "y": 55.63, "width": 262, "height": 434 },
			"chim_lan17_": { "x": -90.04, "y": 50.13, "width": 259, "height": 427 },
			"chim_lan18_": { "x": -90.04, "y": 42.13, "width": 255, "height": 411 },
			"chim_lan19_": { "x": -88.54, "y": 34.13, "width": 250, "height": 405 }
		}
	}
},
"animations": {
	"animation": {
		"slots": {
			"chim_lan00_": {
				"attachment": [
					{ "time": 0, "name": "chim_lan00_" },
					{ "time": 0.0666, "name": "chim_lan01_" },
					{ "time": 0.1333, "name": "chim_lan02_" },
					{ "time": 0.2, "name": "chim_lan03_" },
					{ "time": 0.2666, "name": "chim_lan04_" },
					{ "time": 0.3333, "name": "chim_lan05_" },
					{ "time": 0.4, "name": "chim_lan06_" },
					{ "time": 0.4666, "name": "chim_lan07_" },
					{ "time": 0.5333, "name": "chim_lan08_" },
					{ "time": 0.6, "name": "chim_lan09_" },
					{ "time": 0.6666, "name": "chim_lan10_" },
					{ "time": 0.7333, "name": "chim_lan11_" },
					{ "time": 0.8, "name": "chim_lan12_" },
					{ "time": 0.8666, "name": "chim_lan13_" },
					{ "time": 0.9333, "name": "chim_lan14_" },
					{ "time": 1, "name": "chim_lan15_" },
					{ "time": 1.0666, "name": "chim_lan16_" },
					{ "time": 1.1333, "name": "chim_lan17_" },
					{ "time": 1.2, "name": "chim_lan18_" },
					{ "time": 1.2666, "name": "chim_lan19_" },
					{ "time": 1.3333, "name": "chim_lan00_" }
				],
				"color": [
					{ "time": 0, "color": "ffffffff" }
				]
			},
			"chim_lan00_2": {
				"attachment": [
					{ "time": 0, "name": "chim_lan00_" },
					{ "time": 0.0666, "name": "chim_lan01_" },
					{ "time": 0.1333, "name": "chim_lan02_" },
					{ "time": 0.2, "name": "chim_lan03_" },
					{ "time": 0.2666, "name": "chim_lan04_" },
					{ "time": 0.3333, "name": "chim_lan05_" },
					{ "time": 0.4, "name": "chim_lan06_" },
					{ "time": 0.4666, "name": "chim_lan07_" },
					{ "time": 0.5333, "name": "chim_lan08_" },
					{ "time": 0.6, "name": "chim_lan09_" },
					{ "time": 0.6666, "name": "chim_lan10_" },
					{ "time": 0.7333, "name": "chim_lan11_" },
					{ "time": 0.8, "name": "chim_lan12_" },
					{ "time": 0.8666, "name": "chim_lan13_" },
					{ "time": 0.9333, "name": "chim_lan14_" },
					{ "time": 1, "name": "chim_lan15_" },
					{ "time": 1.0666, "name": "chim_lan16_" },
					{ "time": 1.1333, "name": "chim_lan17_" },
					{ "time": 1.2, "name": "chim_lan18_" },
					{ "time": 1.2666, "name": "chim_lan19_" },
					{ "time": 1.3333, "name": "chim_lan00_" }
				],
				"color": [
					{ "time": 0, "color": "ffffffff" }
				]
			}
		}
	}
}
}