{
"skeleton": { "hash": "Nv4wPG/DW3AsC6O3ItDb12udO7k", "spine": "2.1.27", "width": 383, "height": 533.5 },
"bones": [
	{ "name": "root", "scaleX": 0.5, "scaleY": 0.5 },
	{ "name": "zong", "parent": "root" },
	{ "name": "jian", "parent": "zong", "length": 459.04, "x": 57.41, "y": 8.34, "rotation": 87.26 },
	{ "name": "tui", "parent": "zong", "length": 329.99, "x": -3.54, "y": 2.51, "rotation": 89.09 },
	{ "name": "zhongxin", "parent": "zong", "length": 193.81, "x": 30.16, "y": 458.04, "rotation": 91.8 },
	{ "name": "bone", "parent": "jian", "x": 515.95 },
	{ "name": "tui_jia_L_1", "parent": "zhongxin", "length": 189.82, "x": -27.01, "y": 100.18, "rotation": 152.71 },
	{ "name": "tui_jia_R_1", "parent": "zhongxin", "length": 205.85, "x": -72.84, "y": -86.31, "rotation": -167.9 },
	{ "name": "xia", "parent": "zhongxin", "length": 110.81, "x": -10.94, "y": -1.05, "rotation": -180 },
	{ "name": "xiong", "parent": "zhongxin", "length": 178.01, "x": 193.81, "y": 0.68, "rotation": 3.6 },
	{ "name": "L_shou_1", "parent": "xiong", "length": 187.31, "x": 140.52, "y": 172.44, "rotation": 171.05 },
	{ "name": "R_shou_1", "parent": "xiong", "length": 123.16, "x": 55.06, "y": -141.12, "rotation": -165.74 },
	{ "name": "bone8", "parent": "xiong", "length": 222.73, "x": 211.47, "y": 106.07, "rotation": 122.41 },
	{ "name": "bone9", "parent": "xiong", "length": 207.06, "x": 186.17, "y": -98.8, "rotation": -151.83 },
	{ "name": "pi_feng1_1", "parent": "xiong", "length": 250.11, "x": 24.7, "y": 150.6, "rotation": 164.17 },
	{ "name": "pi_feng2_1", "parent": "xiong", "length": 246.76, "x": -12.28, "y": 30.85, "rotation": 174.15 },
	{ "name": "pi_feng3_1", "parent": "xiong", "length": 223.36, "x": -32.94, "y": -91.06, "rotation": -174.15 },
	{ "name": "tou", "parent": "xiong", "length": 200.62, "x": 184.74, "y": 9.85, "rotation": -3.15 },
	{ "name": "tui_jia_L_2", "parent": "tui_jia_L_1", "length": 166.52, "x": 189.82, "y": -0.12, "rotation": 6.34 },
	{ "name": "tui_jia_R_2", "parent": "tui_jia_R_1", "length": 181.01, "x": 205.87, "y": 1.2, "rotation": -3.6 },
	{ "name": "xia_1", "parent": "xia", "length": 102.25, "x": 111.52, "y": 0.02, "rotation": -2.25 },
	{ "name": "yumao_1_1", "parent": "xiong", "length": 85.53, "x": 239.74, "y": 129.03, "rotation": 77.99 },
	{ "name": "yumao_2_1", "parent": "xiong", "length": 75.24, "x": 222.22, "y": 78.85, "rotation": 54.67 },
	{ "name": "yumao_3_1", "parent": "xiong", "length": 47.04, "x": 220.85, "y": 70.96, "rotation": 18.84 },
	{ "name": "yumao_4_1", "parent": "xiong", "length": 43.84, "x": 217.38, "y": -47.89, "rotation": -21.48 },
	{ "name": "yumao_5_1", "parent": "xiong", "length": 45.56, "x": 207.98, "y": -54.58, "rotation": -47.1 },
	{ "name": "yumao_6_1", "parent": "xiong", "length": 43.16, "x": 195.32, "y": -66.14, "rotation": -61.48 },
	{ "name": "L_shou_2", "parent": "L_shou_1", "length": 272.35, "x": 188.95, "y": 3.91, "rotation": 84.15 },
	{ "name": "R_shou_2", "parent": "R_shou_1", "length": 119.9, "x": 126.84, "y": -0.85, "rotation": -80.17 },
	{ "name": "pi_feng1_2", "parent": "pi_feng1_1", "length": 236.5, "x": 250.1, "y": -1.01, "rotation": -4.05 },
	{ "name": "pi_feng2_2", "parent": "pi_feng2_1", "length": 231.56, "x": 246.76, "y": -1.73, "rotation": -4.53 },
	{ "name": "pi_feng3_2", "parent": "pi_feng3_1", "length": 204.6, "x": 227.06, "y": 0.36, "rotation": -3.6 },
	{ "name": "yumao_1_2", "parent": "yumao_1_1", "length": 75.38, "x": 85.53, "y": -0.09, "rotation": 36.21 },
	{ "name": "yumao_2_2", "parent": "yumao_2_1", "length": 80.67, "x": 75.93, "y": 0.17, "rotation": 19.51 },
	{ "name": "yumao_3_2", "parent": "yumao_3_1", "length": 68.14, "x": 46.64, "y": -0.72, "rotation": 20.05 },
	{ "name": "yumao_4_2", "parent": "yumao_4_1", "length": 47.24, "x": 45.42, "y": -1.37, "rotation": -21.48 },
	{ "name": "yumao_5_2", "parent": "yumao_5_1", "length": 49.41, "x": 46.71, "y": 0.67, "rotation": -24.54 },
	{ "name": "yumao_6_2", "parent": "yumao_6_1", "length": 37.37, "x": 43.16, "y": 0.16, "rotation": -30.56 },
	{ "name": "pi_feng1_3", "parent": "pi_feng1_2", "length": 186.9, "x": 236.53, "y": -1.05, "rotation": -4.98 },
	{ "name": "pi_feng2_3", "parent": "pi_feng2_2", "length": 175.96, "x": 231.56, "y": -0.47 },
	{ "name": "pi_feng3_3", "parent": "pi_feng3_2", "length": 201.66, "x": 204.59, "y": -1.34, "rotation": -3.15 }
],
"ik": [
	{
		"name": "L",
		"bones": [ "L_shou_1", "L_shou_2" ],
		"target": "bone"
	},
	{
		"name": "R",
		"bones": [ "R_shou_1", "R_shou_2" ],
		"target": "bone",
		"bendPositive": false
	}
],
"slots": [
	{ "name": "guowang_doupeng_", "bone": "root", "attachment": "guowang_doupeng_" },
	{ "name": "guowang_tui_", "bone": "root", "attachment": "guowang_tui_" },
	{ "name": "guowang_shengti_", "bone": "root", "attachment": "guowang_shengti_" },
	{ "name": "guowang_X_R", "bone": "root", "attachment": "guowang_X_R" },
	{ "name": "guowang_X_L", "bone": "root", "attachment": "guowang_X_L" },
	{ "name": "guowang_jian_", "bone": "root", "attachment": "guowang_jian_" },
	{ "name": "guowang_shoubi_R_", "bone": "root", "attachment": "guowang_shoubi_R_" },
	{ "name": "guowang_shoubi_L_", "bone": "root", "attachment": "guowang_shoubi_L_" },
	{ "name": "guowang_jianjia_R_", "bone": "root", "attachment": "guowang_jianjia_R_" },
	{ "name": "guowang_jianjia_L_", "bone": "root", "attachment": "guowang_jianjia_L_" },
	{ "name": "guowang_mao_", "bone": "root", "attachment": "guowang_mao_" },
	{ "name": "guowang_tou_", "bone": "root", "attachment": "guowang_tou_" }
],
"skins": {
	"default": {
		"guowang_X_L": {
			"guowang_X_L": {
				"type": "skinnedmesh",
				"uvs": [ 1, 0.13714, 1, 0.21632, 1, 1, 0.63435, 1, 0.56765, 1, 0, 1, 0, 0.87916, 0, 0.78882, 0, 0, 0.42882, 0, 0.57037, 0, 1, 0, 0.6779, 0.02548, 0.10895, 0.94108, 0.87935, 0.08436, 0.33356, 0.15285, 0.55318, 0.22482, 0.95605, 0.36106, 0.19642, 0.3729, 0.88527, 0.5942, 0.09398, 0.57464, 0.72962, 0.78577, 0.02048, 0.72588, 0.22057, 0.82231, 0.42559, 0.4573, 0.30914, 0.66176, 0.78542, 0.30069, 0.67909, 0.53335, 0.57264, 0.74409, 0.47406, 0.93453 ],
				"triangles": [ 3, 21, 2, 21, 19, 2, 19, 17, 2, 21, 3, 28, 5, 13, 4, 4, 13, 29, 13, 23, 29, 4, 29, 28, 5, 6, 13, 23, 13, 7, 23, 25, 29, 29, 25, 28, 13, 6, 7, 7, 22, 23, 22, 20, 23, 23, 20, 25, 22, 7, 8, 28, 27, 21, 21, 27, 19, 25, 24, 28, 28, 24, 27, 22, 8, 20, 20, 18, 25, 25, 18, 24, 3, 4, 28, 17, 1, 2, 27, 26, 19, 19, 26, 17, 20, 8, 18, 24, 16, 27, 27, 16, 26, 18, 15, 24, 24, 15, 16, 18, 8, 15, 17, 26, 1, 16, 12, 26, 26, 14, 1, 26, 12, 14, 15, 9, 16, 16, 10, 12, 16, 9, 10, 14, 0, 1, 15, 8, 9, 14, 11, 0, 14, 12, 11, 12, 10, 11 ],
				"vertices": [ 2, 6, -3.68, 106.55, 0.99439, 18, -180.56, 127.35, 0.0056, 2, 6, 25.83, 120.61, 0.97257, 18, -149.67, 138.07, 0.02742, 2, 6, 318.02, 259.84, 0.07193, 18, 156.07, 244.24, 0.92805, 1, 18, 193.01, 137.86, 1, 1, 18, 199.75, 118.45, 1, 1, 18, 257.1, -46.7, 1, 1, 18, 209.96, -63.07, 1, 1, 18, 174.71, -75.31, 1, 2, 6, 77.67, -195.86, 0.97671, 18, -133.04, -182.18, 0.02328, 1, 6, 20.85, -76.62, 1, 1, 6, 2.09999, -37.25999, 1, 1, 6, -54.81, 82.18, 1, 1, 6, -2.63, -2.84, 1, 1, 18, 223.11, -22.98, 1, 2, 6, -7.37, 63.62, 0.99955, 18, -188.97, 85.09, 4.4E-4, 2, 6, 90.46, -75.94999, 0.99328, 18, -107.1, -64.42, 0.00671, 1, 6, 88.2, -2.09999, 1, 2, 6, 85.62, 134.11, 0.85316, 18, -88.76, 144.9, 0.14683, 2, 6, 190.68, -74.99, 0.57428, 18, -7.39, -74.51, 0.42571, 2, 6, 181.92, 155.85, 0.44564, 18, 9.34, 155.89, 0.55435, 2, 6, 279.46, -67.64, 0.08682, 18, 81.65, -76.98, 0.91317, 1, 18, 99.81, 136.55, 1, 1, 18, 148.09, -77.87999, 1, 1, 18, 165.49, -6.6, 1, 2, 6, 191.78, 3.71, 0.5, 18, 2.36999, 3.59, 0.5, 1, 18, 93.91, -2.58, 1, 2, 6, 85.72, 75.94, 0.95474, 18, -95.07, 87.07, 0.04525, 2, 6, 186.55, 87.71, 0.56772, 18, 6.43, 87.65, 0.43227, 1, 18, 99.4, 85.23, 1, 2, 6, 363.29, 101.97, 0.00453, 18, 183.66, 82.35, 0.99546 ],
				"hull": 12
			}
		},
		"guowang_X_R": {
			"guowang_X_R": {
				"type": "skinnedmesh",
				"uvs": [ 1, 0.89852, 1, 1, 0.75137, 1, 0.33089, 1, 0, 1, 0, 0.53548, 0, 0.31623, 0, 0.11597, 0, 0, 0.3859, 0, 0.44678, 0, 1, 0, 0.65988, 0.15482, 0.32121, 0.25322, 0.8216, 0.36457, 0.46581, 0.45003, 0.87487, 0.52771, 0.55143, 0.59763, 0.1005, 0.66151, 0.94544, 0.8053, 0.68668, 0.86054, 0.27191, 0.89248, 0.15514, 0.06935 ],
				"triangles": [ 17, 14, 16, 0, 16, 11, 2, 0, 1, 3, 20, 2, 2, 19, 0, 2, 20, 19, 4, 21, 3, 3, 21, 20, 4, 18, 21, 4, 5, 18, 21, 17, 20, 21, 18, 17, 20, 16, 19, 20, 17, 16, 0, 19, 16, 18, 15, 17, 18, 5, 15, 17, 15, 14, 5, 13, 15, 5, 6, 13, 16, 14, 11, 15, 12, 14, 15, 13, 12, 14, 12, 11, 6, 22, 13, 6, 7, 22, 13, 10, 12, 13, 9, 10, 13, 22, 9, 12, 10, 11, 7, 8, 22, 22, 8, 9 ],
				"vertices": [ 1, 19, 160.57, 68.71, 1, 1, 19, 202.61, 61.07, 1, 1, 19, 194.12, 14.35, 1, 1, 19, 179.77, -64.66, 1, 1, 19, 168.47, -126.85, 1, 2, 7, 176.19, -89.01, 0.81, 19, -23.94, -91.9, 0.19, 2, 7, 86.58, -66.83999, 0.99954, 19, -114.77, -75.4, 4.5E-4, 1, 7, 4.73, -46.59, 1, 1, 7, -42.66, -34.86, 1, 1, 7, -24.95, 36.68999, 1, 1, 7, -22.16, 47.98, 1, 1, 7, 3.22, 150.56, 1, 1, 7, 50.89, 71.83, 1, 1, 7, 75.56, -0.91, 1, 2, 7, 144.04, 80.61, 0.81, 19, -66.69999, 75.36, 0.19, 2, 7, 162.64, 5.99, 0.81, 19, -43.44, 2.06, 0.19, 2, 7, 213.16, 73.99, 0.45999, 19, 2.69, 73.1, 0.54, 2, 7, 226.89, 6.94, 0.19, 19, 20.62, 7.05, 0.81, 2, 7, 232.31, -83.12, 0.17313, 19, 31.68, -82.49, 0.82686, 1, 19, 120.09, 65.47, 1, 1, 19, 134.14, 12.68, 1, 1, 19, 133.21, -67.66, 1, 1, 7, -7.2, -13.1, 1 ],
				"hull": 12
			}
		},
		"guowang_doupeng_": {
			"guowang_doupeng_": {
				"type": "skinnedmesh",
				"uvs": [ 1, 0.73966, 1, 1, 0.87065, 1, 0.55305, 1, 0.18112, 1, 0, 1, 0, 0.90949, 0, 0, 0.24268, 0, 0.40815, 0, 0.54098, 0, 0.68226, 0, 0.80581, 0, 1, 0, 0.18577, 0.20128, 0.8807, 0.20591, 0.09591, 0.46239, 0.96157, 0.46932, 0.01803, 0.73388, 0.36699, 0.22398, 0.30354, 0.49606, 0.23833, 0.76001, 0.75645, 0.21838, 0.80781, 0.49082, 0.84917, 0.75746, 0.55305, 0.24285, 0.55185, 0.51532, 0.55064, 0.7836 ],
				"triangles": [ 1, 24, 0, 3, 24, 2, 1, 2, 24, 24, 17, 0, 24, 23, 17, 23, 15, 17, 13, 0, 17, 23, 22, 15, 17, 15, 13, 25, 11, 22, 22, 12, 15, 22, 11, 12, 15, 12, 13, 21, 27, 3, 3, 27, 24, 24, 26, 23, 24, 27, 26, 27, 20, 26, 26, 25, 23, 25, 22, 23, 9, 10, 25, 25, 10, 11, 4, 21, 3, 21, 4, 6, 4, 5, 6, 6, 18, 21, 18, 6, 7, 18, 16, 21, 21, 20, 27, 21, 16, 20, 16, 14, 20, 7, 16, 18, 25, 26, 19, 26, 20, 19, 20, 14, 19, 16, 7, 14, 19, 9, 25, 14, 8, 19, 19, 8, 9, 14, 7, 8 ],
				"vertices": [ 7, 29, 109.36, 552.67, 0, 38, -174.83, 540.57, 0, 30, 186.99, 360.02, 0, 39, -44.57, 360.49, 4.0E-5, 16, 488.56, 122.49, 0.00119, 31, 253.29, 138.32, 0.21356, 40, 40.91999, 142.14, 0.78518, 5, 38, -12.33, 597.97, 0, 30, 358.68, 374.97, 1.0E-4, 39, 127.11, 375.44, 0.00422, 16, 657.6, 88.83, 0, 40, 212.73, 128.64, 0.99566, 3, 38, 20.66, 504.55, 0, 16, 638.24, -8.34, 0, 40, 204.97, 29.86, 0.99999, 3, 39, 156.81, 34.38, 0.90993, 16, 590.73, -246.95, -1.0E-5, 40, 185.91, -212.67, 0.09007, 3, 38, 196.6, 6.54, 0.9933, 39, 181.53, -249.44, 0.00668, 16, 535.09, -526.38, 0, 5, 14, 706.28, -179.58, 0.00142, 29, 467.62, -145.96, 0.03805, 38, 242.81, -124.27, 0.96061, 16, 507.99, -662.46, -9.0E-5, 31, 322.03, -643.85, 0, 5, 14, 647.35, -190.42, 0.00716, 29, 409.61, -160.93, 0.07498, 38, 186.32, -144.23, 0.91799, 16, 449.23, -650.76, -1.4E-4, 31, 262.64, -635.86, 0, 5, 14, 55.21, -299.38, 0.88231, 29, -173.37, -311.37, 0.1182, 15, -22.2, -427.31, 0.00544, 16, -141.3, -533.17, -0.00602, 31, -334.09, -555.63, 4.0E-5, 6, 14, 21.57, -116.55, 0.95575, 29, -219.82, -131.36, 0.04405, 38, -443.3, -169.5, 0, 15, -23.59, -241.41, 0.00205, 16, -104.99, -350.84, -0.00188, 31, -309.32, -371.37, 1.0E-5, 6, 14, -1.36, 8.09, 0.65176, 29, -251.49, -8.64, 0.00987, 38, -485.51, -49.99, 0, 15, -24.54, -114.67, 0.33833, 16, -80.24, -226.52, 0, 31, -292.43, -245.75, 3.0E-5, 3, 14, -19.77, 108.16, 0.02099, 15, -25.3, -12.93, 0.97892, 31, -278.87, -144.91, 8.0E-5, 4, 29, -303.95, 194.67, 8.7E-4, 38, -555.46, 147.98, 0, 15, -26.11, 95.29, 0.18013, 16, -39.23, -20.58, 0.81898, 4, 14, -56.48, 307.67, 6.3E-4, 38, -586.98, 237.22, 0, 16, -20.75, 72.24, 0.99715, 31, -251.83, 56.15, 0.00221, 5, 29, -364.76, 430.33, 2.2E-4, 38, -636.52, 377.47, 0, 15, -27.93, 338.66, 0.01529, 16, 8.29, 218.12, 0.95375, 31, -232.01, 203.57, 0.03071, 5, 14, 160.51, -135.31, 0.8152, 29, -79.9, -140.28, 0.18632, 38, -303.13, -166.22, 8.2E-4, 16, 17.18, -419.62, -0.00236, 31, -183.06, -432.34, 1.0E-5, 6, 14, 67.19, 388.76, 2.0E-5, 29, -209.94, 375.9, 1.1E-4, 38, -477.56, 336.71, 0, 15, 109.06, 248.3, 0.00644, 16, 124.14, 101.87, 0.93761, 31, -109.09, 94.83, 0.05579, 6, 14, 342.96, -171.73, 0.48174, 29, 104.66, -163.74, 0.48008, 38, -117.22, -173.54, 0.03996, 15, 283.34, -351.55, 7.6E-4, 16, 173.27, -520.89, -0.00258, 31, -20.91, -523.6, 2.0E-5, 5, 29, -56.57, 479.46, 2.0E-5, 38, -333.77, 453.2, 0, 16, 307.28, 128.58, 0.23985, 31, 71.99, 133, 0.74402, 40, -139.8, 126.82, 0.01609, 6, 14, 530.52, -197.87, 0.05446, 29, 293.59, -176.6, 0.30535, 38, 72.1, -169.92, 0.64064, 15, 463.51, -409.86, 0, 16, 337.9, -614.51, -4.8E-4, 31, 149.26, -606.68, 0, 1, 14, 150.16, 3.92, 1, 1, 29, 86.5, -4.17999, 1, 1, 38, 32.2, -5.05, 1, 1, 16, 113.65, 6.91, 1, 1, 31, 70.4, 14.37, 1, 1, 40, 43.61, 26.03, 1, 1, 15, 135.39, -2.47, 1, 1, 30, 68.81, 5.14, 1, 2, 30, 245.82, 19.62999, 0.5, 39, 14.26, 20.11, 0.5 ],
				"hull": 14
			}
		},
		"guowang_jian_": {
			"guowang_jian_": {
				"type": "skinnedmesh",
				"uvs": [ 1, 0.30646, 1, 0.60916, 1, 1, 0.58388, 1, 0.44894, 1, 0.2939, 1, 0, 1, 0, 0.59931, 0, 0.30523, 0, 0, 0.41448, 0, 0.5523, 0, 0.64417, 0, 1, 0, 0.50923, 0.31138, 0.48339, 0.62638, 0.37142, 0.304, 0.64417, 0.31015, 0.6634, 0.62038, 0.28959, 0.61553 ],
				"triangles": [ 16, 9, 10, 8, 9, 16, 12, 13, 0, 17, 11, 12, 17, 12, 0, 14, 10, 11, 14, 11, 17, 16, 10, 14, 19, 7, 8, 18, 17, 0, 16, 19, 8, 15, 19, 16, 1, 18, 0, 14, 15, 16, 14, 17, 18, 15, 14, 18, 6, 7, 19, 4, 5, 19, 6, 19, 5, 15, 4, 19, 3, 15, 18, 4, 15, 3, 18, 1, 2, 3, 18, 2 ],
				"vertices": [ 1, 2, 361.23, -106.11, 1, 1, 2, 202.49, -113.7, 1, 1, 2, -2.45, -123.49, 1, 1, 2, -6.92, -29.97, 1, 1, 2, -8.37, 0.35, 1, 1, 2, -10.04, 35.18999, 1, 1, 2, -13.19, 101.24, 1, 1, 2, 196.92, 111.28, 1, 1, 2, 351.14, 118.65, 1, 1, 2, 511.2, 126.3, 1, 1, 2, 515.65, 33.15, 1, 1, 2, 517.13, 2.17, 1, 1, 2, 518.12, -18.45999, 1, 1, 2, 521.94, -98.43, 1, 1, 2, 353.38, 4.05, 1, 1, 2, 187.91, 1.97, 1, 1, 2, 355.77, 35.21, 1, 1, 2, 355.47, -26.24, 1, 1, 2, 192.99, -38.33, 1, 1, 2, 191.52, 45.79, 1 ],
				"hull": 14
			}
		},
		"guowang_jianjia_L_": {
			"guowang_jianjia_L_": {
				"type": "skinnedmesh",
				"uvs": [ 1, 0.28574, 1, 0.5292, 1, 1, 0.42024, 1, 0.12515, 1, 0, 1, 0, 0.90568, 0, 0.72748, 0, 0, 0.31131, 0, 0.82029, 0, 1, 0, 0.5252, 0.21546, 0.23803, 0.58692, 0.75494, 0.57939, 0.38762, 0.8055, 0.10352, 0.47856, 0.90347, 0.88058 ],
				"triangles": [ 12, 9, 10, 10, 11, 0, 12, 10, 0, 16, 8, 9, 16, 9, 12, 14, 12, 0, 1, 14, 0, 13, 16, 12, 13, 12, 14, 7, 8, 16, 7, 16, 13, 15, 13, 14, 17, 14, 1, 15, 14, 17, 13, 15, 6, 13, 6, 7, 4, 5, 6, 15, 4, 6, 3, 15, 17, 4, 15, 3, 17, 1, 2, 3, 17, 2 ],
				"vertices": [ 1, 12, -11.17, 44.09, 1, 1, 12, 18.98, 82.94, 1, 1, 12, 77.3, 158.05, 1, 1, 12, 194.53, 67.03, 1, 1, 12, 254.2, 20.70999, 1, 1, 12, 279.51, 1.05999, 1, 1, 12, 267.83, -13.98, 1, 1, 12, 245.75, -42.41, 1, 1, 12, 155.63, -158.49, 1, 1, 12, 92.68, -109.61, 1, 1, 12, -10.22999, -29.7, 1, 1, 12, -46.57, -1.49, 1, 1, 12, 76.12, -41.65, 1, 1, 12, 180.21, -27.47, 1, 1, 12, 74.75, 52.47, 1, 1, 12, 177.04, 30.88, 1, 1, 12, 193.98, -65.87999, 1, 1, 12, 82.03, 123.85, 1 ],
				"hull": 12
			}
		},
		"guowang_jianjia_R_": {
			"guowang_jianjia_R_": {
				"type": "skinnedmesh",
				"uvs": [ 1, 0.49778, 1, 0.65697, 1, 1, 0.91356, 1, 0.72656, 1, 0, 1, 0, 0.16313, 0, 0.05098, 0, 0, 0.36914, 0, 1, 0, 0.2934, 0.36392, 0.44015, 0.24453, 0.5656, 0.08715, 0.88042, 0.34402, 0.67922, 0.49236, 0.41175, 0.61356, 0.84965, 0.7637, 0.48749, 0.84691 ],
				"triangles": [ 7, 8, 9, 13, 9, 10, 12, 6, 7, 12, 9, 13, 12, 7, 9, 14, 13, 10, 15, 12, 13, 11, 6, 12, 14, 15, 13, 14, 10, 0, 16, 11, 12, 16, 12, 15, 15, 14, 0, 1, 15, 0, 17, 15, 1, 18, 16, 15, 18, 15, 17, 5, 6, 11, 5, 11, 16, 5, 16, 18, 4, 18, 17, 5, 18, 4, 2, 3, 17, 4, 17, 3, 2, 17, 1 ],
				"vertices": [ 1, 13, 151.51, 72.87999, 1, 1, 13, 184.14, 51.21, 1, 1, 13, 254.44, 4.51, 1, 1, 13, 245.45, -9.02, 1, 1, 13, 225.99, -38.31, 1, 1, 13, 150.41, -152.11, 1, 1, 13, -21.1, -38.18999, 1, 1, 13, -44.09, -22.92, 1, 1, 13, -54.54, -15.98, 1, 1, 13, -16.12999, 41.83, 1, 1, 13, 49.49, 140.64, 1, 1, 13, 50.57, -19.57, 1, 1, 13, 41.36, 19.66, 1, 1, 13, 22.16, 60.74, 1, 1, 13, 107.56, 75.08, 1, 1, 13, 117.03, 23.37, 1, 1, 13, 114.04, -35.00999, 1, 1, 13, 190.37, 13.13, 1, 1, 13, 169.75, -54.91, 1 ],
				"hull": 11
			}
		},
		"guowang_mao_": {
			"guowang_mao_": {
				"type": "skinnedmesh",
				"uvs": [ 1, 0.34449, 1, 1, 0, 1, 0, 0.76855, 0, 0, 0.44572, 0, 1, 0, 0.55465, 0.55627, 0.35652, 0.0376, 0.47574, 0.14204, 0.54951, 0.42881, 0.52978, 0.54565, 0.17382, 0.52264, 0.55551, 0.30844, 0.52292, 0.10133, 0.37779, 0.45209, 0.55025, 0.27502, 0.5154, 0.29622, 0.45947, 0.50199, 0.28012, 0.43972, 0.28618, 0.51024, 0.38315, 0.48651, 0.18294, 0.20401, 0.19949, 0.5938, 0.32322, 0.13999, 0.4258, 0.21118, 0.49278, 0.34638, 0.23608, 0.08925, 0.09735, 0.31089, 0.15366, 0.18516, 0.08031, 0.46206, 0.071, 0.64515, 0.11185, 0.82121, 0.06592, 0.9511, 0.02477, 0.57005, 0.17282, 0.34921, 0.29392, 0.27463, 0.3882, 0.32693, 0.47241, 0.41622, 0.78513, 0.47639, 0.78939, 0.37841, 0.8107, 0.2126, 0.80278, 0.40604, 0.8533, 0.26284, 0.81252, 0.44624, 0.88373, 0.33319, 0.79244, 0.49523, 0.81861, 0.48769, 0.90504, 0.42112, 0.79365, 0.5304, 0.81861, 0.53542, 0.9099, 0.51658, 0.79122, 0.5618, 0.81313, 0.58065, 0.91051, 0.57311, 0.95434, 0.53166, 0.77357, 0.47136, 0.76931, 0.37966, 0.78087, 0.20129, 0.75409, 0.38971, 0.75896, 0.20757, 0.79487, 0.08572, 0.82652, 0.05683, 0.87704, 0.07191, 0.92025, 0.12718, 0.97138, 0.22516, 0.98964, 0.46006 ],
				"triangles": [ 48, 45, 0, 66, 48, 0, 51, 48, 66, 55, 51, 66, 0, 1, 66, 55, 66, 1, 47, 48, 51, 50, 47, 51, 52, 49, 50, 54, 51, 55, 50, 51, 54, 53, 52, 50, 53, 50, 54, 54, 55, 1, 53, 54, 1, 7, 52, 53, 1, 7, 53, 65, 64, 6, 65, 43, 64, 45, 43, 65, 65, 6, 0, 45, 65, 0, 45, 42, 43, 44, 39, 42, 44, 42, 45, 48, 44, 45, 47, 44, 48, 39, 44, 47, 46, 39, 47, 50, 49, 46, 47, 50, 46, 56, 46, 49, 52, 56, 49, 58, 60, 61, 61, 60, 14, 62, 5, 6, 61, 5, 62, 63, 62, 6, 64, 63, 6, 62, 41, 58, 63, 41, 62, 41, 63, 64, 43, 41, 64, 58, 61, 62, 41, 43, 40, 57, 58, 41, 56, 10, 59, 57, 59, 60, 58, 57, 60, 42, 40, 43, 41, 40, 57, 59, 57, 56, 57, 40, 56, 40, 42, 39, 56, 40, 39, 46, 56, 39, 60, 59, 13, 28, 34, 4, 30, 28, 35, 12, 30, 35, 19, 12, 35, 30, 34, 28, 31, 34, 30, 23, 12, 20, 12, 31, 30, 31, 12, 23, 34, 3, 4, 3, 34, 31, 32, 31, 23, 3, 31, 32, 33, 3, 32, 2, 3, 33, 7, 32, 23, 33, 32, 1, 2, 33, 1, 15, 19, 37, 18, 21, 15, 38, 18, 15, 20, 19, 15, 20, 15, 21, 20, 12, 19, 23, 20, 11, 20, 21, 18, 18, 11, 20, 27, 4, 8, 24, 27, 8, 29, 4, 27, 22, 29, 27, 22, 27, 24, 36, 22, 24, 36, 24, 25, 28, 4, 29, 28, 29, 22, 37, 36, 25, 35, 28, 22, 35, 22, 36, 19, 35, 36, 19, 36, 37, 38, 37, 26, 38, 15, 37, 11, 18, 38, 8, 4, 5, 14, 5, 61, 9, 5, 14, 8, 5, 9, 24, 8, 9, 25, 24, 9, 17, 25, 9, 26, 37, 25, 17, 26, 25, 1, 32, 7, 7, 56, 52, 9, 14, 16, 16, 17, 9, 10, 13, 59, 7, 38, 26, 17, 16, 13, 17, 10, 26, 13, 10, 17, 10, 7, 26, 56, 7, 10, 38, 7, 11, 23, 11, 7, 13, 16, 60, 16, 14, 60 ],
				"vertices": [ 2, 36, 60.84, -28.14, 0.47417, 37, 50.32, 18.48, 0.52582, 3, 23, -202.15, -154.4, 0.0093, 26, 9.93999, -137.35, 0.76967, 37, 41.32, -135.29, 0.22101, 3, 22, 158.86, 231.63, 0.00482, 21, 184.83, 156.53, 0.16221, 32, 172.67, 67.64, 0.83296, 3, 22, 185.99, 184.48, 0.00227, 21, 191.09, 102.5, 0.1018, 32, 145.78, 20.36, 0.8959, 2, 33, 197.91, -40.66999, 0.80225, 32, 56.48, -136.62, 0.19774, 4, 23, 122.51, -5.8, 0.06458, 34, 69.51999, -30.79, 0.8868, 24, 56.84, 186.72, 0.02877, 35, -58.28, 179.19, 0.01984, 3, 35, 105.59, -33.89, 0.31265, 36, 93.46, 45.95, 0.68728, 26, 141.06, 57.66, 5.0E-5, 1, 23, -18.37, -0.28, 1, 3, 34, 93.42, 6.33, 0.63836, 22, 121.78, -50.63, 0.01343, 33, 26.25, -63.21, 0.34818, 4, 23, 86.09, -5.36, 0.12373, 34, 35.46, -17.89, 0.79627, 24, 28.79, 163.48, 0.04819, 35, -75.86, 147.3, 0.03179, 1, 23, 9.95, -10.31, 1, 2, 23, -11.14, 9.68, 0.8, 22, -10.59, 10.93, 0.2, 1, 32, 43.93, 11.81, 1, 1, 23, 34.55, -24.58, 1, 4, 23, 85.42, -30.16, 0.30096, 34, 26.33, -40.95, 0.49569, 24, 44.32, 144.15, 0.12208, 35, -54.33, 135, 0.08124, 1, 21, 17.62, 7.55, 1, 1, 23, 42.76, -25.48, 1, 2, 23, 45.16, -8.02, 0.5, 34, -3.89, -6.35, 0.5, 5, 22, 24.08, 19.04999, 0.35337, 21, -23.07, 14.65, 0.62444, 32, -78.89, 76.08, 0.0155, 25, -111.63, 120.93, 0.00103, 26, -142.3, 106.04, 0.00564, 1, 21, 65.01, 10.10999, 1, 4, 22, 95.95, 62.64, 3.9E-4, 21, 60.18, 26.24, 0.88491, 32, -4.87, 36.22, 0.11466, 25, -168.98, 182.4, 3.0E-5, 4, 21, 14.11, 15.29, 0.98006, 32, -48.51, 54.62, 0.01907, 25, -133.53, 150.99, 1.6E-4, 26, -170.99, 129.71, 6.9E-4, 2, 34, 124.23, 93.89, 0.00527, 33, 101.98, -9.54, 0.99472, 3, 22, 122.6, 100.63, 0.00585, 21, 99.69, 50.58, 0.29516, 32, 41.37, 32.5, 0.69897, 2, 34, 87.48, 34.7, 0.2663, 33, 37.79, -36.62, 0.73369, 1, 34, 40.75999, 10.78, 1, 5, 23, 38.91999, 6.81, 0.74917, 34, -4.66, 9.72999, 0.16072, 22, 28.31, -20.7, 0.08845, 24, -15.05, 142.25, 0.00105, 35, -108.89, 111.48, 5.9E-4, 2, 34, 125.53, 56.61, 0.10587, 33, 81.51, -40.72, 0.89412, 2, 33, 138.27, 22.65, 0.46972, 32, 51.56, -49.77, 0.53026, 2, 33, 116.75, -11.33, 0.79772, 32, 13.21, -61.95, 0.20227, 2, 33, 139.99, 59.08, 0.15318, 32, 76.31, -22.98, 0.84681, 3, 22, 170.6, 142.17, 0.00314, 21, 160.21, 69.73, 0.09839, 32, 101.51, 12.18, 0.89845, 3, 22, 132.8, 168.15, 0.01174, 21, 135.77, 108.55, 0.23056, 32, 104.74, 57.94, 0.75769, 3, 22, 136.88, 205.72, 0.00819, 21, 154.39, 141.44, 0.19802, 32, 139.2, 73.46, 0.79378, 3, 33, 161.9, 88.91, 0.06424, 21, 184.51, 54.78, 0.001, 32, 112.27, -14.24, 0.93474, 2, 33, 100.65, 24.9, 0.29758, 32, 24.2, -23.85, 0.70241, 1, 33, 46.05, -2.94, 1, 2, 22, 74.55, 0.63, 0.5, 33, -1.14, 0.88, 0.5, 1, 22, 28.69, -1.54, 1, 2, 24, -5.15, -2.45, 0.83, 25, -2.08, 6.99, 0.17, 1, 24, 17.54, 1.93, 1, 2, 24, 57.84, 2.79, 0.33, 35, 10.02, 8.42, 0.66999, 2, 24, 13.09, -6.1, 0.61, 25, 15.95, 11.6, 0.39, 3, 35, 13.26, -15.15, 0.30738, 25, 57.37, 15.69, 0.14821, 36, 3.46, 18.08, 0.54439, 1, 25, 12.04, 1.79, 1, 4, 25, 54.85, -6.32, 0.13022, 36, 10.3, -2.98, 0.59346, 26, 50.58, 24.14, 0.08992, 37, -5.8, 24.42, 0.18636, 1, 25, -3.03, 1.4, 1, 2, 25, 6.73, -6.89, 0.5978, 26, 4.11, 11.64, 0.40219, 2, 26, 47.62, 1.23, 0.5, 37, 3.29, 3.19, 0.5, 1, 25, -8.81, -4.52, 1, 1, 26, -2.14, 2.33, 1, 2, 26, 37.07, -18.69, 0.61839, 37, 4.34, -19.33, 0.38159, 6, 23, -66.67, -104.36, 0.13812, 21, -184.52, 10.10999, 0.01129, 24, -23.62, -10.84, 0.09986, 25, -15.1, -8.55, 0.26227, 26, -16.62, 4.59, 0.48648, 37, -53.74, -26.58, 0.00196, 1, 26, -10.27, -5, 1, 2, 26, 29.9, -29.88, 0.61839, 37, 3.86, -32.61, 0.38159, 2, 26, 52.97, -33.66, 0.27785, 37, 25.65, -24.13, 0.72214, 1, 24, -5.57, 3.26, 1, 1, 24, 14.55, 11.21, 1, 2, 24, 56.39, 17.43, 0.66, 35, 3.31, 21.51, 0.34, 1, 24, 10.24, 17.65, 1, 2, 24, 52.03, 27.23, 0.78, 35, -4.33, 29.03, 0.22, 1, 35, 28.98, 32.68, 1, 1, 35, 43.72, 24.65, 1, 1, 35, 55.84, 3.07, 1, 3, 35, 58.32, -21.45, 0.44841, 36, 46.02, 34.18, 0.55154, 26, 92.29, 54.44, 2.0E-5, 1, 36, 59.44, 3.11, 1, 2, 26, 76.57, -29.25, 0.07362, 37, 43.72, -8.33, 0.92637 ],
				"hull": 7
			}
		},
		"guowang_shengti_": {
			"guowang_shengti_": {
				"type": "skinnedmesh",
				"uvs": [ 1, 0.15517, 1, 0.41516, 1, 0.63164, 1, 0.74558, 1, 1, 0.79307, 1, 0.62234, 1, 0.44945, 1, 0, 1, 0, 0.73108, 0, 0.62853, 0, 0.33022, 0, 0.20799, 0, 0, 0.25278, 0, 0.33707, 0, 1, 0, 0.5078, 0.12513, 0.04531, 0.14895, 0.75417, 0.07541, 0.63963, 0.29707, 0.07989, 0.49802, 0.65341, 0.502, 0.27682, 0.78254, 0.29794, 0.66145, 0.31979, 0.49968, 0.28912, 0.31524, 0.23302, 0.13928, 0.1793, 0.05677, 0.08854, 0.07023, 0.37686, 0.02916, 0.53906, 0.00552, 0.70547, 0.08524, 0.83714, 0.2193, 0.88894, 0.44298, 0.8951, 0.65112, 0.85234, 0.78655, 0.37948, 0.91185, 0.62557, 0.93714, 0.8167, 0.91489, 0.63747, 0.82119, 0.63913, 0.67836 ],
				"triangles": [ 26, 18, 27, 12, 13, 18, 27, 29, 28, 27, 18, 29, 18, 13, 29, 27, 30, 17, 27, 28, 30, 17, 30, 31, 29, 13, 28, 30, 14, 15, 30, 28, 14, 28, 13, 14, 30, 15, 31, 31, 15, 16, 34, 33, 1, 26, 11, 18, 20, 33, 34, 33, 0, 1, 26, 17, 20, 20, 32, 33, 20, 17, 32, 32, 19, 33, 33, 19, 0, 19, 16, 0, 19, 31, 16, 26, 27, 17, 11, 12, 18, 17, 31, 32, 32, 31, 19, 21, 11, 26, 35, 2, 3, 36, 41, 35, 9, 10, 24, 41, 22, 35, 41, 25, 22, 10, 21, 24, 24, 21, 25, 22, 34, 35, 35, 34, 2, 10, 11, 21, 25, 20, 22, 21, 26, 25, 25, 26, 20, 34, 1, 2, 22, 20, 34, 24, 25, 41, 40, 24, 41, 36, 3, 4, 8, 9, 23, 39, 40, 36, 37, 23, 40, 23, 24, 40, 40, 41, 36, 36, 35, 3, 23, 9, 24, 5, 39, 4, 39, 36, 4, 6, 38, 5, 5, 38, 39, 6, 7, 38, 7, 8, 37, 8, 23, 37, 7, 37, 38, 38, 40, 39, 38, 37, 40 ],
				"vertices": [ 2, 4, 340.44, -151.33, 0.00661, 9, 136.77, -160.93, 0.99338, 3, 8, -175.72, 144.72, 0.00107, 4, 164.77, -145.77, 0.7, 9, -38.18, -144.34, 0.29892, 4, 20, -146.35, 134.44, 0.00441, 8, -29.45, 140.09, 0.15981, 4, 18.5, -141.14, 0.82, 9, -183.87, -130.53, 0.01577, 3, 20, -69.33, 135.02, 0.15221, 8, 47.52, 137.65, 0.60413, 4, -58.47, -138.71, 0.24364, 2, 20, 102.64, 136.31, 0.85497, 8, 219.42, 132.21, 0.14501, 2, 20, 103.14, 69.26, 0.92286, 8, 217.3, 65.19999, 0.07712, 2, 20, 103.56, 13.95, 0.9997, 8, 215.55, 9.91, 2.9E-4, 2, 20, 103.98, -42.06, 0.96759, 8, 213.78, -46.07, 0.0324, 3, 20, 105.07, -187.68, 0.71361, 8, 209.17, -191.62, 0.28437, 4, -220.12, 190.56, 0.002, 4, 20, -76.71, -189.03, 0.17066, 8, 27.48, -185.87, 0.48727, 4, -38.43, 184.81, 0.34173, 17, -414.75, 165.86, 3.1E-4, 4, 20, -146.03, -189.55, 0.01938, 8, -41.8, -183.68, 0.15545, 4, 30.85, 182.62, 0.82, 17, -345.48, 163.14, 0.00515, 1, 9, 49.55, 172.78, 1, 1, 9, 131.81, 164.99, 1, 2, 9, 271.79, 151.71, 2.5E-4, 17, 79.07, 146.44, 0.99974, 2, 9, 264.05, 70.18, 4.9E-4, 17, 75.86, 64.6, 0.9995, 1, 17, 74.78, 37.31, 1, 1, 9, 241.2, -170.83, 1, 1, 9, 172.04, -4.09, 1, 2, 9, 170.15, 146.6, 0.25, 17, -22.11, 135.73, 0.75, 2, 9, 197.97, -86.73, 0.99549, 17, 18.53, -95.71, 0.00449, 2, 4, 248.25, -31.6, 0.03156, 9, 52.29, -35.64, 0.96843, 4, 20, -234.44, -164.33, 0.00223, 8, -129.16, -155.01, 0.12932, 4, 118.21, 153.96, 0.79925, 17, -258.34, 133.81, 0.06916, 2, 4, 109.65, -31.68, 0.91734, 9, -86.03, -27.01, 0.08265, 3, 20, -42.59, -99.08, 0.28478, 8, 65.08, -97.32, 0.57002, 4, -76.03, 96.26, 0.14517, 4, 20, -124.49, -92.85, 0.01754, 8, -16.5, -87.89, 0.28125, 4, 5.55, 86.84, 0.7, 17, -371.51, 67.55, 0.00119, 4, 8, -125.58, -77.36, 0.0379, 4, 114.63, 76.3, 0.90327, 9, -74.26999, 80.44999, 0.00759, 17, -262.52, 56.18, 0.05123, 4, 8, -250.52, -83.35, 0.00149, 4, 239.57, 82.29, 0.29899, 9, 50.79, 78.57, 0.24871, 17, -137.54, 61.21, 0.45078, 3, 4, 359.03, 96.69, 0.0042, 9, 170.92, 85.44, 0.46, 17, -17.96999, 74.69999, 0.53579, 2, 9, 228.1, 97.5, 2.8E-4, 17, 38.43999, 89.9, 0.99971, 3, 4, 407.17, 142.01, 3.0E-4, 9, 221.81, 127.64, 1.9E-4, 17, 30.5, 119.64, 0.9995, 1, 17, 54.58, 25.21, 1, 1, 17, 68.48, -27.92, 1, 1, 9, 192.84, -70.39, 1, 1, 9, 98.6, -104.31, 1, 3, 8, -158.06, 108.16, 0.0041, 4, 147.11, -109.21, 0.7, 9, -53.51, -106.74, 0.29589, 4, 20, -132.92, 100.56, 0.01135, 8, -17.36, 105.7, 0.27951, 4, 6.41, -106.76, 0.7, 9, -193.78, -95.45, 0.00911, 3, 20, -41.27, 87.39, 0.31534, 8, 73.69999, 88.96, 0.6273, 4, -84.64, -90.01, 0.05734, 3, 20, 44.56, -65.17, 0.65532, 8, 153.51, -66.83999, 0.33915, 4, -164.46, 65.79, 0.00552, 1, 20, 61.06, 14.68, 1, 3, 20, 45.56, 76.49, 0.72028, 8, 160.05, 74.67, 0.27778, 4, -170.99, -75.73, 0.00193, 3, 20, -17.33, 17.95, 0.30483, 8, 94.9, 18.62999, 0.69384, 4, -105.85, -19.69, 0.00132, 2, 8, -1.58, 22.23, 0.3, 4, -9.35999, -23.28, 0.7 ],
				"hull": 17
			}
		},
		"guowang_shoubi_L_": {
			"guowang_shoubi_L_": {
				"type": "skinnedmesh",
				"uvs": [ 1, 0.49815, 1, 0.71832, 1, 1, 0.83017, 1, 0.70582, 1, 0, 1, 0, 0.3518, 0, 0.08812, 0, 0, 0.1505, 0, 0.26156, 0, 0.45713, 0, 1, 0, 0.21569, 0.38476, 0.38229, 0.31093, 0.0334, 0.51528, 0.12515, 0.66427, 0.23621, 0.69986, 0.51991, 0.42695, 0.49094, 0.64976, 0.69496, 0.43354, 0.64063, 0.65504, 0.87363, 0.45464, 0.7517, 0.70646, 0.86397, 0.82775, 0.2516, 0.49051, 0.30272, 0.52277, 0.5062, 0.53236, 0.67106, 0.53099, 0.82533, 0.55438, 0.23791, 0.19842, 0.40975, 0.19683, 0.76256, 0.85148, 0.70945, 0.87126, 0.84586, 0.89894 ],
				"triangles": [ 25, 13, 14, 14, 31, 18, 33, 23, 32, 34, 32, 24, 4, 19, 33, 34, 24, 2, 22, 12, 0, 32, 23, 24, 29, 22, 0, 23, 29, 1, 29, 20, 22, 23, 28, 29, 20, 18, 31, 27, 18, 28, 28, 20, 29, 21, 27, 28, 19, 27, 21, 21, 28, 23, 33, 19, 21, 18, 26, 14, 17, 26, 19, 26, 25, 14, 15, 13, 25, 16, 15, 25, 17, 16, 25, 17, 25, 26, 28, 18, 20, 27, 26, 18, 19, 26, 27, 17, 19, 4, 22, 20, 12, 33, 21, 23, 1, 29, 0, 24, 23, 1, 24, 1, 2, 32, 4, 33, 5, 17, 4, 34, 3, 32, 3, 4, 32, 3, 34, 2, 5, 16, 17, 5, 15, 16, 7, 8, 9, 31, 10, 11, 30, 9, 10, 30, 10, 31, 7, 9, 30, 14, 30, 31, 6, 7, 30, 13, 6, 30, 11, 20, 31, 11, 12, 20, 5, 6, 15, 13, 30, 14, 15, 6, 13 ],
				"vertices": [ 1, 27, 344.57, 65.82, 1, 1, 27, 364.2, -15.51, 1, 1, 27, 389.31, -119.55, 1, 1, 27, 320.79, -136.09, 1, 1, 27, 270.63, -148.19, 1, 1, 10, 403.23, -32.61, 1, 1, 10, 159.09, -65.25, 1, 1, 10, 59.77, -78.51999, 1, 1, 10, 26.58, -82.96, 1, 1, 10, 18.31, -21.05, 1, 1, 10, 12.2, 24.62, 1, 1, 10, 1.45, 105.07, 1, 1, 10, -28.39, 328.37, 1, 2, 10, 159.65, 25.13, 0.54, 27, 18.06, 31.34, 0.45999, 2, 10, 122.68, 89.94, 0.41, 27, 78.68, 74.83, 0.58999, 2, 10, 218.83, -43.28, 0.54, 27, -43.84, -34.61, 0.45999, 2, 10, 269.9, 1.95, 0.38, 27, 6.45, -80.71, 0.62, 2, 10, 277.2, 49.43, 0.23, 27, 54.43, -83.05, 0.77, 1, 27, 144.55, 45.37, 1, 1, 27, 152.72, -39.74, 1, 1, 27, 215.75, 59.98, 1, 1, 27, 213.58, -27.12, 1, 1, 27, 289.71, 69.58, 1, 1, 27, 262.97, -35.3, 1, 1, 27, 319.08, -69.17, 1, 2, 10, 197.5, 45.22, 0.38, 27, 41.97, -4.21999, 0.62, 2, 10, 206.84, 67.87999, 0.23, 27, 65.47, -11.16, 0.77, 1, 10, 199.26, 152.06, 1, 1, 27, 214.8, 21.66, 1, 1, 27, 279.12, 28.04, 1, 1, 10, 88.24, 24.88, 1, 1, 10, 78.19, 95.49, 1, 1, 27, 280.28, -87.81, 1, 1, 27, 260.62, -100.29, 1, 1, 27, 318.12, -97.23, 1 ],
				"hull": 13
			}
		},
		"guowang_shoubi_R_": {
			"guowang_shoubi_R_": {
				"type": "skinnedmesh",
				"uvs": [ 1, 0.55733, 1, 0.68662, 1, 1, 0.44121, 1, 0, 1, 0, 0.9355, 0, 0.65753, 0, 0, 0.37577, 0, 0.55572, 0, 0.74999, 0, 1, 0, 0.45757, 0.28582, 0.78884, 0.24865, 0.37168, 0.47976, 0.89926, 0.7545, 0.58844, 0.8644, 0.37373, 0.5638, 0.1447, 0.58804, 0.63938, 0.26542, 0.70972, 0.52149, 0.66013, 0.62997, 0.4937, 0.73176, 0.30624, 0.81249 ],
				"triangles": [ 21, 17, 14, 18, 7, 14, 18, 14, 17, 20, 21, 14, 6, 7, 18, 15, 20, 0, 15, 21, 20, 22, 17, 21, 0, 1, 15, 23, 18, 17, 23, 17, 22, 16, 22, 21, 16, 21, 15, 23, 5, 6, 23, 6, 18, 4, 5, 23, 3, 23, 22, 3, 22, 16, 4, 23, 3, 15, 1, 2, 16, 15, 2, 3, 16, 2, 13, 10, 11, 19, 9, 10, 19, 10, 13, 12, 8, 9, 12, 9, 19, 12, 14, 7, 12, 7, 8, 20, 19, 13, 12, 19, 20, 14, 12, 20, 13, 11, 0, 20, 13, 0 ],
				"vertices": [ 2, 11, 154.39, 88.79, 0.46583, 28, -67.6, 64.99, 0.53416, 2, 11, 193.93, 82.18, 0.17796, 28, -43.9, 97.31, 0.82203, 2, 11, 289.75, 66.18, 3.3E-4, 28, 13.56, 175.63, 0.99966, 1, 28, 123.94, 94.65, 1, 1, 28, 211.1, 30.71, 1, 1, 28, 199.27, 14.59, 1, 2, 11, 144.67, -157.99, 0.0073, 28, 148.3, -54.88, 0.99269, 2, 11, -56.38, -124.41, 0.78418, 28, 27.72, -219.23, 0.21581, 2, 11, -41.22, -33.59, 0.96676, 28, -46.5, -164.77, 0.03323, 2, 11, -33.95, 9.88, 0.99993, 28, -82.05, -138.69, 6.0E-5, 2, 11, -26.11, 56.83, 0.99974, 28, -120.42, -110.54, 2.5E-4, 2, 11, -16.02, 117.25, 0.9996, 28, -169.81, -74.3, 3.9E-4, 2, 11, 49.48, -28.42, 0.89166, 28, -10.24, -81.47, 0.10833, 1, 11, 51.48, 53.52, 1, 2, 11, 105.31, -59.08, 0.18361, 28, 42.28, -45.45, 0.81638, 2, 11, 210.62, 54.37, 0.05496, 28, -11.55, 99.67, 0.94503, 1, 28, 69.99, 82.1, 1, 1, 28, 57.28, -24.15, 1, 2, 11, 129.26, -119.47, 0.00549, 28, 106.97, -51.28, 0.9945, 1, 11, 50.58, 16.54999, 1, 2, 11, 131.72, 20.46999, 0.58613, 28, -16.84, 13.96, 0.41385, 2, 11, 162.89, 2.94, 0.03864, 28, 12.84, 33.89, 0.96134, 1, 28, 64.37999, 35.21, 1, 1, 28, 116.22, 28.22, 1 ],
				"hull": 12
			}
		},
		"guowang_tou_": {
			"guowang_tou_": {
				"type": "skinnedmesh",
				"uvs": [ 1, 0.19494, 1, 0.40344, 1, 1, 0.79001, 1, 0.67443, 1, 0.51741, 1, 0.35602, 1, 0.23172, 1, 0, 1, 0, 0.44024, 0, 0.17567, 0, 0, 0.10741, 0, 0.49342, 0, 0.8489, 0, 1, 0, 0.49996, 0.60844, 0.10959, 0.66101, 0.88597, 0.64173, 0.49683, 0.31753, 0.09432, 0.82746, 0.51092, 0.85443, 0.91868, 0.8222, 0.18831, 0.10862, 0.26411, 0.37501, 0.30053, 0.6353, 0.32896, 0.84265, 0.78317, 0.1115, 0.73774, 0.35867, 0.71048, 0.6266, 0.68697, 0.84052 ],
				"triangles": [ 23, 12, 13, 27, 13, 14, 10, 11, 12, 10, 12, 23, 14, 15, 0, 27, 14, 0, 19, 13, 27, 23, 13, 19, 28, 19, 27, 28, 27, 0, 24, 23, 19, 10, 23, 24, 28, 0, 1, 9, 10, 24, 16, 19, 28, 24, 19, 16, 29, 16, 28, 18, 29, 28, 25, 24, 16, 17, 9, 24, 1, 18, 28, 25, 17, 24, 22, 18, 1, 20, 9, 17, 30, 16, 29, 30, 29, 18, 30, 18, 22, 26, 25, 16, 21, 26, 16, 17, 25, 26, 20, 17, 26, 30, 21, 16, 8, 9, 20, 7, 20, 26, 8, 20, 7, 6, 26, 21, 7, 26, 6, 4, 5, 21, 6, 21, 5, 30, 4, 21, 3, 30, 22, 4, 30, 3, 22, 1, 2, 3, 22, 2 ],
				"vertices": [ 1, 17, 183.06, -94.82, 1, 1, 17, 134.3, -92.9, 1, 1, 17, -5.17, -87.42, 1, 1, 17, -3.62, -47.97, 1, 1, 17, -2.77, -26.26, 1, 1, 17, -1.61, 3.23, 1, 1, 17, -0.41, 33.55, 1, 1, 17, 0.49, 56.9, 1, 1, 17, 2.21, 100.43, 1, 1, 17, 133.09, 95.28, 1, 1, 17, 194.95, 92.85, 1, 1, 17, 236.03, 91.23, 1, 1, 17, 235.23, 71.05, 1, 1, 17, 232.38, -1.45, 1, 1, 17, 229.75, -68.23, 1, 1, 17, 228.64, -96.61, 1, 1, 17, 90.07, 2.91, 1, 1, 17, 80.66, 76.72, 1, 1, 17, 79.43, -69.29, 1, 1, 17, 158.11, 0.82, 1, 1, 17, 41.84999, 81.12, 1, 1, 17, 32.47, 3.11, 1, 1, 17, 36.99, -73.78, 1, 1, 17, 209.24, 56.85, 1, 1, 17, 146.39, 45.07, 1, 1, 17, 85.26, 40.62, 1, 1, 17, 36.57, 37.18, 1, 1, 17, 204.17, -54.86, 1, 1, 17, 146.71, -44.05, 1, 1, 17, 84.26, -36.47, 1, 1, 17, 34.41999, -30.08, 1 ],
				"hull": 16
			}
		},
		"guowang_tui_": {
			"guowang_tui_": {
				"type": "skinnedmesh",
				"uvs": [ 1, 0.29626, 1, 0.52709, 1, 0.82631, 1, 1, 0.81586, 1, 0.52578, 1, 0.41261, 1, 0.10302, 1, 0, 1, 0, 0.83058, 0, 0.49859, 0, 0, 0.20709, 0, 1, 0, 0.5518, 0.1324, 0.45424, 0.6311, 0.43343, 0.89755, 0.93553, 0.06686, 0.50107, 0.90752, 0.34991, 0.05486, 0.19157, 0.55448, 0.12358, 0.84968, 0.75152, 0.09829, 0.80381, 0.56448, 0.81798, 0.85594 ],
				"triangles": [ 16, 6, 21, 8, 9, 21, 21, 20, 15, 9, 10, 20, 20, 19, 14, 20, 12, 19, 20, 10, 12, 10, 11, 12, 17, 13, 0, 13, 22, 19, 19, 12, 13, 21, 9, 20, 16, 21, 15, 6, 18, 5, 4, 24, 3, 4, 5, 24, 6, 16, 18, 6, 7, 21, 7, 8, 21, 18, 16, 15, 15, 20, 14, 14, 19, 22, 24, 2, 3, 5, 18, 24, 24, 18, 15, 15, 23, 24, 23, 1, 2, 1, 23, 0, 0, 23, 22, 14, 22, 23, 22, 17, 0, 17, 22, 13, 23, 15, 14, 24, 23, 2 ],
				"vertices": [ 1, 3, 243.87, -180.34, 1, 1, 3, 164.01, -181.61, 1, 1, 3, 60.5, -183.26, 1, 1, 3, 0.41, -184.21, 1, 1, 3, -0.69, -114.43, 1, 1, 3, -2.44, -4.51, 1, 1, 3, -3.12, 38.37, 1, 1, 3, -4.98999, 155.68, 1, 1, 3, -5.61, 194.73, 1, 1, 3, 52.99, 195.66, 1, 1, 3, 167.84, 197.49, 1, 1, 3, 340.33, 200.23, 1, 1, 3, 341.58, 121.76, 1, 1, 3, 346.37, -178.71, 1, 1, 3, 297.86, -9.59, 1, 1, 3, 124.74, 24.62, 1, 1, 3, 32.43, 31.04, 1, 1, 3, 322.84, -154.65, 1, 1, 3, 29.39, 5.36, 1, 1, 3, 323.47, 67.33, 1, 1, 3, 149.66, 124.58, 1, 1, 3, 47.13, 148.72, 1, 1, 3, 310.86, -85.09, 1, 1, 3, 149.9, -107.47, 1, 1, 3, 49.15, -114.45, 1 ],
				"hull": 14
			}
		}
	}
},
"animations": {
	"animation": {
		"bones": {
			"zong": {
				"rotate": [
					{ "time": 0, "angle": 0, "curve": "stepped" },
					{ "time": 3, "angle": 0 }
				],
				"translate": [
					{ "time": 0, "x": 0, "y": 0, "curve": "stepped" },
					{ "time": 3, "x": 0, "y": 0 }
				],
				"scale": [
					{ "time": 0, "x": 1, "y": 1, "curve": "stepped" },
					{ "time": 3, "x": 1, "y": 1 }
				]
			},
			"yumao_6_2": {
				"rotate": [
					{
						"time": 0,
						"angle": 0,
						"curve": [ 0.25, 0, 0.75, 1 ]
					},
					{
						"time": 0.9333,
						"angle": -2.74,
						"curve": [ 0.25, 0, 0.75, 1 ]
					},
					{
						"time": 1.9666,
						"angle": 5.72,
						"curve": [ 0.25, 0, 0.75, 1 ]
					},
					{ "time": 3, "angle": 0 }
				],
				"translate": [
					{ "time": 0, "x": 0, "y": 0, "curve": "stepped" },
					{ "time": 3, "x": 0, "y": 0 }
				],
				"scale": [
					{ "time": 0, "x": 1, "y": 1, "curve": "stepped" },
					{ "time": 3, "x": 1, "y": 1 }
				]
			},
			"yumao_6_1": {
				"rotate": [
					{
						"time": 0,
						"angle": 0,
						"curve": [ 0.25, 0, 0.75, 1 ]
					},
					{
						"time": 1.2666,
						"angle": 1.26,
						"curve": [ 0.25, 0, 0.75, 1 ]
					},
					{ "time": 3, "angle": 0 }
				],
				"translate": [
					{ "time": 0, "x": 0, "y": 0, "curve": "stepped" },
					{ "time": 3, "x": 0, "y": 0 }
				],
				"scale": [
					{ "time": 0, "x": 1, "y": 1, "curve": "stepped" },
					{ "time": 3, "x": 1, "y": 1 }
				]
			},
			"yumao_5_2": {
				"rotate": [
					{
						"time": 0,
						"angle": 0,
						"curve": [ 0.25, 0, 0.75, 1 ]
					},
					{
						"time": 0.9333,
						"angle": -3.06,
						"curve": [ 0.25, 0, 0.75, 1 ]
					},
					{
						"time": 1.9666,
						"angle": 2.73,
						"curve": [ 0.25, 0, 0.75, 1 ]
					},
					{ "time": 3, "angle": 0 }
				],
				"translate": [
					{ "time": 0, "x": 0, "y": 0, "curve": "stepped" },
					{ "time": 3, "x": 0, "y": 0 }
				],
				"scale": [
					{ "time": 0, "x": 1, "y": 1, "curve": "stepped" },
					{ "time": 3, "x": 1, "y": 1 }
				]
			},
			"yumao_5_1": {
				"rotate": [
					{
						"time": 0,
						"angle": 0,
						"curve": [ 0.25, 0, 0.75, 1 ]
					},
					{
						"time": 1.2666,
						"angle": 1.62,
						"curve": [ 0.25, 0, 0.75, 1 ]
					},
					{ "time": 3, "angle": 0 }
				],
				"translate": [
					{ "time": 0, "x": 0, "y": 0, "curve": "stepped" },
					{ "time": 3, "x": 0, "y": 0 }
				],
				"scale": [
					{ "time": 0, "x": 1, "y": 1, "curve": "stepped" },
					{ "time": 3, "x": 1, "y": 1 }
				]
			},
			"yumao_4_2": {
				"rotate": [
					{
						"time": 0,
						"angle": 0,
						"curve": [ 0.25, 0, 0.75, 1 ]
					},
					{
						"time": 0.9333,
						"angle": -5.66,
						"curve": [ 0.25, 0, 0.75, 1 ]
					},
					{
						"time": 1.9666,
						"angle": -0.6,
						"curve": [ 0.25, 0, 0.75, 1 ]
					},
					{ "time": 3, "angle": 0 }
				],
				"translate": [
					{ "time": 0, "x": 0, "y": 0, "curve": "stepped" },
					{ "time": 3, "x": 0, "y": 0 }
				],
				"scale": [
					{ "time": 0, "x": 1, "y": 1, "curve": "stepped" },
					{ "time": 3, "x": 1, "y": 1 }
				]
			},
			"yumao_4_1": {
				"rotate": [
					{
						"time": 0,
						"angle": 0,
						"curve": [ 0.25, 0, 0.75, 1 ]
					},
					{
						"time": 1.2666,
						"angle": 1.73,
						"curve": [ 0.25, 0, 0.75, 1 ]
					},
					{ "time": 3, "angle": 0 }
				],
				"translate": [
					{ "time": 0, "x": 0, "y": 0, "curve": "stepped" },
					{ "time": 3, "x": 0, "y": 0 }
				],
				"scale": [
					{ "time": 0, "x": 1, "y": 1, "curve": "stepped" },
					{ "time": 3, "x": 1, "y": 1 }
				]
			},
			"yumao_3_2": {
				"rotate": [
					{
						"time": 0,
						"angle": 0,
						"curve": [ 0.25, 0, 0.75, 1 ]
					},
					{
						"time": 0.9333,
						"angle": 1.82,
						"curve": [ 0.25, 0, 0.75, 1 ]
					},
					{
						"time": 1.9666,
						"angle": -5.48,
						"curve": [ 0.25, 0, 0.75, 1 ]
					},
					{ "time": 3, "angle": 0 }
				],
				"translate": [
					{ "time": 0, "x": 0, "y": 0, "curve": "stepped" },
					{ "time": 3, "x": 0, "y": 0 }
				],
				"scale": [
					{ "time": 0, "x": 1, "y": 1, "curve": "stepped" },
					{ "time": 3, "x": 1, "y": 1 }
				]
			},
			"yumao_3_1": {
				"rotate": [
					{
						"time": 0,
						"angle": 0,
						"curve": [ 0.25, 0, 0.75, 1 ]
					},
					{
						"time": 1.2666,
						"angle": -2.68,
						"curve": [ 0.25, 0, 0.75, 1 ]
					},
					{ "time": 3, "angle": 0 }
				],
				"translate": [
					{ "time": 0, "x": 0, "y": 0, "curve": "stepped" },
					{ "time": 3, "x": 0, "y": 0 }
				],
				"scale": [
					{ "time": 0, "x": 1, "y": 1, "curve": "stepped" },
					{ "time": 3, "x": 1, "y": 1 }
				]
			},
			"yumao_2_2": {
				"rotate": [
					{
						"time": 0,
						"angle": 0,
						"curve": [ 0.25, 0, 0.75, 1 ]
					},
					{
						"time": 0.9333,
						"angle": -0.11,
						"curve": [ 0.25, 0, 0.75, 1 ]
					},
					{
						"time": 1.9666,
						"angle": -3.2,
						"curve": [ 0.25, 0, 0.75, 1 ]
					},
					{ "time": 3, "angle": 0 }
				],
				"translate": [
					{ "time": 0, "x": 0, "y": 0, "curve": "stepped" },
					{ "time": 3, "x": 0, "y": 0 }
				],
				"scale": [
					{ "time": 0, "x": 1, "y": 1, "curve": "stepped" },
					{ "time": 3, "x": 1, "y": 1 }
				]
			},
			"yumao_2_1": {
				"rotate": [
					{
						"time": 0,
						"angle": 0,
						"curve": [ 0.25, 0, 0.75, 1 ]
					},
					{
						"time": 1.4666,
						"angle": -4.7,
						"curve": [ 0.25, 0, 0.75, 1 ]
					},
					{ "time": 3, "angle": 0 }
				],
				"translate": [
					{ "time": 0, "x": 0, "y": 0, "curve": "stepped" },
					{ "time": 3, "x": 0, "y": 0 }
				],
				"scale": [
					{ "time": 0, "x": 1, "y": 1, "curve": "stepped" },
					{ "time": 3, "x": 1, "y": 1 }
				]
			},
			"yumao_1_2": {
				"rotate": [
					{
						"time": 0,
						"angle": 0,
						"curve": [ 0.25, 0, 0.75, 1 ]
					},
					{
						"time": 0.9333,
						"angle": 0.33,
						"curve": [ 0.25, 0, 0.75, 1 ]
					},
					{
						"time": 1.9666,
						"angle": -3.07,
						"curve": [ 0.25, 0, 0.75, 1 ]
					},
					{ "time": 3, "angle": 0 }
				],
				"translate": [
					{ "time": 0, "x": 0, "y": 0, "curve": "stepped" },
					{ "time": 3, "x": 0, "y": 0 }
				],
				"scale": [
					{ "time": 0, "x": 1, "y": 1, "curve": "stepped" },
					{ "time": 3, "x": 1, "y": 1 }
				]
			},
			"yumao_1_1": {
				"rotate": [
					{
						"time": 0,
						"angle": 0,
						"curve": [ 0.25, 0, 0.75, 1 ]
					},
					{
						"time": 1.2666,
						"angle": -2.28,
						"curve": [ 0.25, 0, 0.75, 1 ]
					},
					{ "time": 3, "angle": 0 }
				],
				"translate": [
					{ "time": 0, "x": 0, "y": 0, "curve": "stepped" },
					{ "time": 3, "x": 0, "y": 0 }
				],
				"scale": [
					{ "time": 0, "x": 1, "y": 1, "curve": "stepped" },
					{ "time": 3, "x": 1, "y": 1 }
				]
			},
			"tou": {
				"rotate": [
					{
						"time": 0,
						"angle": 0,
						"curve": [ 0.25, 0, 0.75, 1 ]
					},
					{
						"time": 0.7,
						"angle": 0.44,
						"curve": [ 0.25, 0, 0.75, 1 ]
					},
					{
						"time": 1.9333,
						"angle": 0.15,
						"curve": [ 0.25, 0, 0.75, 1 ]
					},
					{ "time": 3, "angle": 0 }
				],
				"translate": [
					{ "time": 0, "x": 0, "y": 0, "curve": "stepped" },
					{ "time": 3, "x": 0, "y": 0 }
				],
				"scale": [
					{ "time": 0, "x": 1, "y": 1, "curve": "stepped" },
					{ "time": 3, "x": 1, "y": 1 }
				]
			},
			"pi_feng3_3": {
				"rotate": [
					{
						"time": 0,
						"angle": 0,
						"curve": [ 0.25, 0, 0.75, 1 ]
					},
					{
						"time": 0.8333,
						"angle": -3.01,
						"curve": [ 0.25, 0, 0.75, 1 ]
					},
					{
						"time": 2.0333,
						"angle": 6.81,
						"curve": [ 0.25, 0, 0.75, 1 ]
					},
					{ "time": 3, "angle": 0 }
				],
				"translate": [
					{
						"time": 0,
						"x": 0,
						"y": 0,
						"curve": [ 0.25, 0, 0.75, 1 ]
					},
					{
						"time": 2.0333,
						"x": 15.1,
						"y": 0.96,
						"curve": [ 0.25, 0, 0.75, 1 ]
					},
					{ "time": 3, "x": 0, "y": 0 }
				],
				"scale": [
					{ "time": 0, "x": 1, "y": 1, "curve": "stepped" },
					{ "time": 3, "x": 1, "y": 1 }
				]
			},
			"pi_feng3_2": {
				"rotate": [
					{
						"time": 0,
						"angle": 0,
						"curve": [ 0.25, 0, 0.75, 1 ]
					},
					{
						"time": 0.9,
						"angle": -0.85,
						"curve": [ 0.25, 0, 0.75, 1 ]
					},
					{
						"time": 1.9666,
						"angle": 7.8,
						"curve": [ 0.25, 0, 0.75, 1 ]
					},
					{ "time": 3, "angle": 0 }
				],
				"translate": [
					{
						"time": 0,
						"x": 0,
						"y": 0,
						"curve": [ 0.25, 0, 0.75, 1 ]
					},
					{
						"time": 1.6333,
						"x": 17.97,
						"y": 0.61,
						"curve": [ 0.25, 0, 0.75, 1 ]
					},
					{ "time": 3, "x": 0, "y": 0 }
				],
				"scale": [
					{ "time": 0, "x": 1, "y": 1, "curve": "stepped" },
					{ "time": 3, "x": 1, "y": 1 }
				]
			},
			"pi_feng3_1": {
				"rotate": [
					{
						"time": 0,
						"angle": 0,
						"curve": [ 0.25, 0, 0.75, 1 ]
					},
					{
						"time": 1.3666,
						"angle": 4.99,
						"curve": [ 0.25, 0, 0.75, 1 ]
					},
					{ "time": 3, "angle": 0 }
				],
				"translate": [
					{ "time": 0, "x": 0, "y": 0, "curve": "stepped" },
					{ "time": 3, "x": 0, "y": 0 }
				],
				"scale": [
					{ "time": 0, "x": 1, "y": 1, "curve": "stepped" },
					{ "time": 3, "x": 1, "y": 1 }
				]
			},
			"pi_feng2_3": {
				"rotate": [
					{ "time": 0, "angle": 0, "curve": "stepped" },
					{ "time": 3, "angle": 0 }
				],
				"translate": [
					{ "time": 3, "x": 0, "y": 0 }
				],
				"scale": [
					{ "time": 0, "x": 1, "y": 1, "curve": "stepped" },
					{ "time": 3, "x": 1, "y": 1 }
				]
			},
			"pi_feng2_2": {
				"rotate": [
					{ "time": 0, "angle": 0, "curve": "stepped" },
					{ "time": 3, "angle": 0 }
				],
				"translate": [
					{ "time": 3, "x": 0, "y": 0 }
				],
				"scale": [
					{ "time": 0, "x": 1, "y": 1, "curve": "stepped" },
					{ "time": 3, "x": 1, "y": 1 }
				]
			},
			"pi_feng2_1": {
				"rotate": [
					{
						"time": 0,
						"angle": 0,
						"curve": [ 0.25, 0, 0.75, 1 ]
					},
					{
						"time": 1.5,
						"angle": -1.96,
						"curve": [ 0.25, 0, 0.75, 1 ]
					},
					{ "time": 3, "angle": 0 }
				],
				"translate": [
					{ "time": 0, "x": 0, "y": 0, "curve": "stepped" },
					{ "time": 3, "x": 0, "y": 0 }
				],
				"scale": [
					{ "time": 0, "x": 1, "y": 1, "curve": "stepped" },
					{ "time": 3, "x": 1, "y": 1 }
				]
			},
			"pi_feng1_3": {
				"rotate": [
					{
						"time": 0,
						"angle": 0,
						"curve": [ 0.25, 0, 0.75, 1 ]
					},
					{
						"time": 1.1,
						"angle": 6.39,
						"curve": [ 0.25, 0, 0.75, 1 ]
					},
					{
						"time": 2.0666,
						"angle": -0.45,
						"curve": [ 0.25, 0, 0.75, 1 ]
					},
					{ "time": 3, "angle": 0 }
				],
				"translate": [
					{
						"time": 0,
						"x": 0,
						"y": 0,
						"curve": [ 0.25, 0, 0.75, 1 ]
					},
					{
						"time": 2.0666,
						"x": 5.11,
						"y": -0.48,
						"curve": [ 0.25, 0, 0.75, 1 ]
					},
					{ "time": 3, "x": 0, "y": 0 }
				],
				"scale": [
					{ "time": 0, "x": 1, "y": 1, "curve": "stepped" },
					{ "time": 3, "x": 1, "y": 1 }
				]
			},
			"pi_feng1_2": {
				"rotate": [
					{
						"time": 0,
						"angle": 0,
						"curve": [ 0.25, 0, 0.75, 1 ]
					},
					{
						"time": 0.9,
						"angle": 2.52,
						"curve": [ 0.25, 0, 0.75, 1 ]
					},
					{
						"time": 2.1333,
						"angle": -2.97,
						"curve": [ 0.25, 0, 0.75, 1 ]
					},
					{ "time": 3, "angle": 0 }
				],
				"translate": [
					{
						"time": 0,
						"x": 0,
						"y": 0,
						"curve": [ 0.25, 0, 0.75, 1 ]
					},
					{
						"time": 1.6333,
						"x": 20.88,
						"y": -1.81,
						"curve": [ 0.25, 0, 0.75, 1 ]
					},
					{ "time": 3, "x": 0, "y": 0 }
				],
				"scale": [
					{ "time": 0, "x": 1, "y": 1, "curve": "stepped" },
					{ "time": 3, "x": 1, "y": 1 }
				]
			},
			"pi_feng1_1": {
				"rotate": [
					{
						"time": 0,
						"angle": 0,
						"curve": [ 0.25, 0, 0.75, 1 ]
					},
					{
						"time": 1.5,
						"angle": -6.09,
						"curve": [ 0.25, 0, 0.75, 1 ]
					},
					{ "time": 3, "angle": 0 }
				],
				"translate": [
					{ "time": 0, "x": 0, "y": 0, "curve": "stepped" },
					{ "time": 3, "x": 0, "y": 0 }
				],
				"scale": [
					{ "time": 0, "x": 1, "y": 1, "curve": "stepped" },
					{ "time": 3, "x": 1, "y": 1 }
				]
			},
			"bone9": {
				"rotate": [
					{
						"time": 0,
						"angle": 0,
						"curve": [ 0.25, 0, 0.75, 1 ]
					},
					{
						"time": 1.5,
						"angle": 0.47,
						"curve": [ 0.25, 0, 0.75, 1 ]
					},
					{ "time": 3, "angle": 0 }
				],
				"translate": [
					{ "time": 0, "x": 0, "y": 0, "curve": "stepped" },
					{ "time": 3, "x": 0, "y": 0 }
				],
				"scale": [
					{ "time": 0, "x": 1, "y": 1, "curve": "stepped" },
					{ "time": 3, "x": 1, "y": 1 }
				]
			},
			"bone8": {
				"rotate": [
					{
						"time": 0,
						"angle": 0,
						"curve": [ 0.25, 0, 0.75, 1 ]
					},
					{
						"time": 1.5,
						"angle": -1.47,
						"curve": [ 0.25, 0, 0.75, 1 ]
					},
					{ "time": 3, "angle": 0 }
				],
				"translate": [
					{ "time": 0, "x": 0, "y": 0, "curve": "stepped" },
					{ "time": 3, "x": 0, "y": 0 }
				],
				"scale": [
					{ "time": 0, "x": 1, "y": 1, "curve": "stepped" },
					{ "time": 3, "x": 1, "y": 1 }
				]
			},
			"R_shou_2": {
				"rotate": [
					{ "time": 0, "angle": 0, "curve": "stepped" },
					{ "time": 3, "angle": 0 }
				],
				"translate": [
					{ "time": 3, "x": 0, "y": 0 }
				],
				"scale": [
					{ "time": 0, "x": 1, "y": 1, "curve": "stepped" },
					{ "time": 3, "x": 1, "y": 1 }
				]
			},
			"R_shou_1": {
				"rotate": [
					{ "time": 0, "angle": 0, "curve": "stepped" },
					{ "time": 3, "angle": 0 }
				],
				"translate": [
					{ "time": 0, "x": 0, "y": 0, "curve": "stepped" },
					{ "time": 3, "x": 0, "y": 0 }
				],
				"scale": [
					{ "time": 0, "x": 1, "y": 1, "curve": "stepped" },
					{ "time": 3, "x": 1, "y": 1 }
				]
			},
			"L_shou_2": {
				"rotate": [
					{ "time": 0, "angle": 0, "curve": "stepped" },
					{ "time": 3, "angle": 0 }
				],
				"translate": [
					{ "time": 3, "x": 0, "y": 0 }
				],
				"scale": [
					{ "time": 0, "x": 1, "y": 1, "curve": "stepped" },
					{ "time": 3, "x": 1, "y": 1 }
				]
			},
			"L_shou_1": {
				"rotate": [
					{ "time": 0, "angle": 0, "curve": "stepped" },
					{ "time": 3, "angle": 0 }
				],
				"translate": [
					{ "time": 0, "x": 0, "y": 0, "curve": "stepped" },
					{ "time": 3, "x": 0, "y": 0 }
				],
				"scale": [
					{ "time": 0, "x": 1, "y": 1, "curve": "stepped" },
					{ "time": 3, "x": 1, "y": 1 }
				]
			},
			"xiong": {
				"rotate": [
					{ "time": 0, "angle": 0, "curve": "stepped" },
					{ "time": 3, "angle": 0 }
				],
				"translate": [
					{ "time": 0, "x": 0, "y": 0, "curve": "stepped" },
					{ "time": 3, "x": 0, "y": 0 }
				],
				"scale": [
					{
						"time": 0,
						"x": 1,
						"y": 1,
						"curve": [ 0.25, 0, 0.75, 1 ]
					},
					{
						"time": 1.5,
						"x": 1.01,
						"y": 1,
						"curve": [ 0.25, 0, 0.75, 1 ]
					},
					{ "time": 3, "x": 1, "y": 1 }
				]
			},
			"xia_1": {
				"rotate": [
					{ "time": 0, "angle": 0, "curve": "stepped" },
					{ "time": 3, "angle": 0 }
				],
				"translate": [
					{ "time": 0, "x": 0, "y": 0, "curve": "stepped" },
					{ "time": 3, "x": 0, "y": 0 }
				],
				"scale": [
					{ "time": 0, "x": 1, "y": 1, "curve": "stepped" },
					{ "time": 3, "x": 1, "y": 1 }
				]
			},
			"xia": {
				"rotate": [
					{ "time": 0, "angle": 0, "curve": "stepped" },
					{ "time": 3, "angle": 0 }
				],
				"translate": [
					{ "time": 0, "x": 0, "y": 0, "curve": "stepped" },
					{ "time": 3, "x": 0, "y": 0 }
				],
				"scale": [
					{ "time": 0, "x": 1, "y": 1, "curve": "stepped" },
					{ "time": 3, "x": 1, "y": 1 }
				]
			},
			"tui_jia_R_2": {
				"rotate": [
					{ "time": 0, "angle": 0, "curve": "stepped" },
					{ "time": 3, "angle": 0 }
				],
				"translate": [
					{ "time": 0, "x": 0, "y": 0, "curve": "stepped" },
					{ "time": 3, "x": 0, "y": 0 }
				],
				"scale": [
					{ "time": 0, "x": 1, "y": 1, "curve": "stepped" },
					{ "time": 3, "x": 1, "y": 1 }
				]
			},
			"tui_jia_R_1": {
				"rotate": [
					{ "time": 0, "angle": 0, "curve": "stepped" },
					{ "time": 3, "angle": 0 }
				],
				"translate": [
					{ "time": 0, "x": 0, "y": 0, "curve": "stepped" },
					{ "time": 3, "x": 0, "y": 0 }
				],
				"scale": [
					{ "time": 0, "x": 1, "y": 1, "curve": "stepped" },
					{ "time": 3, "x": 1, "y": 1 }
				]
			},
			"tui_jia_L_2": {
				"rotate": [
					{ "time": 0, "angle": 0, "curve": "stepped" },
					{ "time": 3, "angle": 0 }
				],
				"translate": [
					{ "time": 0, "x": 0, "y": 0, "curve": "stepped" },
					{ "time": 3, "x": 0, "y": 0 }
				],
				"scale": [
					{ "time": 0, "x": 1, "y": 1, "curve": "stepped" },
					{ "time": 3, "x": 1, "y": 1 }
				]
			},
			"tui_jia_L_1": {
				"rotate": [
					{ "time": 0, "angle": 0, "curve": "stepped" },
					{ "time": 3, "angle": 0 }
				],
				"translate": [
					{ "time": 0, "x": 0, "y": 0, "curve": "stepped" },
					{ "time": 3, "x": 0, "y": 0 }
				],
				"scale": [
					{ "time": 0, "x": 1, "y": 1, "curve": "stepped" },
					{ "time": 3, "x": 1, "y": 1 }
				]
			},
			"zhongxin": {
				"rotate": [
					{ "time": 0, "angle": 0, "curve": "stepped" },
					{ "time": 3, "angle": 0 }
				],
				"translate": [
					{
						"time": 0,
						"x": 0,
						"y": 0,
						"curve": [ 0.25, 0, 0.75, 1 ]
					},
					{
						"time": 1.5,
						"x": -0.08,
						"y": 2.53,
						"curve": [ 0.25, 0, 0.75, 1 ]
					},
					{ "time": 3, "x": 0, "y": 0 }
				],
				"scale": [
					{ "time": 0, "x": 1, "y": 1, "curve": "stepped" },
					{ "time": 3, "x": 1, "y": 1 }
				]
			},
			"tui": {
				"rotate": [
					{ "time": 0, "angle": 0, "curve": "stepped" },
					{ "time": 3, "angle": 0 }
				],
				"translate": [
					{ "time": 0, "x": 0, "y": 0, "curve": "stepped" },
					{ "time": 3, "x": 0, "y": 0 }
				],
				"scale": [
					{ "time": 0, "x": 1, "y": 1, "curve": "stepped" },
					{ "time": 3, "x": 1, "y": 1 }
				]
			},
			"bone": {
				"rotate": [
					{ "time": 0, "angle": 0, "curve": "stepped" },
					{ "time": 3, "angle": 0 }
				],
				"translate": [
					{ "time": 0, "x": 0, "y": 0, "curve": "stepped" },
					{ "time": 3, "x": 0, "y": 0 }
				],
				"scale": [
					{ "time": 0, "x": 1, "y": 1, "curve": "stepped" },
					{ "time": 3, "x": 1, "y": 1 }
				]
			},
			"jian": {
				"rotate": [
					{ "time": 0, "angle": 0 },
					{ "time": 1.5, "angle": 0.46 },
					{ "time": 3, "angle": 0 }
				],
				"translate": [
					{ "time": 0, "x": 0, "y": 0, "curve": "stepped" },
					{ "time": 3, "x": 0, "y": 0 }
				],
				"scale": [
					{ "time": 0, "x": 1, "y": 1, "curve": "stepped" },
					{ "time": 3, "x": 1, "y": 1 }
				]
			}
		},
		"ffd": {
			"default": {
				"guowang_mao_": {
					"guowang_mao_": [
						{
							"time": 0,
							"curve": [ 0.25, 0, 0.75, 1 ]
						},
						{
							"time": 0.9666,
							"offset": 110,
							"vertices": [ -2.41308, 6.77172, 1.57937, 7.01397, 0, 0, 0, 0, 0, 0, -0.11206, 5.45465, 2.82043, 4.67108, 0.85308, 2.74603, 0, 0, 0, 0, 0, 0, 0, 0, 0, 0, 0, 0, 0, 0, 0, 0, 0, 0, 0, 0, 0, 0, 0, 0, 0, 0, 0, 0, 0, 0, 0, 0, 0, 0, 0, 0, 0, 0, 0, 0, 0, 0, 0, 0, 0, 0, 0, 0, 0, 0, 3.43731, 2.17425, 4.0101, -0.67755, 3.29052, 5.44976, -1.39123, 4.46875, 0.16937, 4.67901 ],
							"curve": [ 0.25, 0, 0.75, 1 ]
						},
						{
							"time": 2.2333,
							"offset": 42,
							"vertices": [ 3.01293, -2.4176, 2.06237, -3.26709, 1.02267, -3.72631, 4.90356, 0.00762, 4.72406, -1.3143, 3.83526, 3.05566, 2.41369, 4.26876, 0, 0, 0, 0, 0, 0, 0, 0, 0, 0, 0, 0, 0, 0, 0, 0, 0, 0, 0, 0, 0, 0, 3.55334, -1.51614, 3.01287, -2.41775, 0, 0, 0, 0, 0, 0, 0, 0, 0, 0, 0, 0, 0, 0, 0, 0, 0, 0, 0, 0, 0, 0, 0, 0, 0, 0, 0, 0, -0.90985, 2.55327, 0.5955, 2.64461, 0, 0, 0, 0, 0, 0, 5.48149, -2.37597, 2.93822, -5.06994, 3.03729, 1.33348, 2.36889, -1.01077, 2.00854, -1.61187, 1.37493, -2.17797, 2.48364, 0.68165, 2.04827, 1.56146, 2.80841, -4.72985, -0.49914, -5.47991, 0, 0, 0, 0, 0, 0, 0, 0, 0, 0, 0, 0, 0, 0, 0, 0, 0, 0, 0, 0, 0, 0, 0, 0, 0, 0, 0, 0, 0, 0, 0, 0, 0, 0, 0, 0, 1.29603, 0.8198, 1.512, -0.25547, 1.24069, 2.05483, -0.52456, 1.68493, 0.06386, 1.76421, 0, 0, 0, 0, 0, 0, 0, 0, 3.27502, 0.23121, 2.95074, 1.43988, 0, 0, 0, 0, 3.58453, 2.73266, 3.40063, 2.95782, 2.02243, 4.02789, 0, 0, 3.33728, 2.04962, 2.30883, 3.16351, 2.71691, 2.82073, 1.20861, 3.7254, 0, 0, 0, 0, 0, 0, 1.6239, 1.22808, 0.92276, 1.815 ],
							"curve": [ 0.25, 0, 0.75, 1 ]
						},
						{ "time": 3 }
					]
				}
			}
		}
	}
}
}