{
"skeleton": { "hash": "M1+tOQWm00FP9U77GgEOtEAm/bM", "spine": "2.1.27", "width": 449.94, "height": 451.36 },
"bones": [
	{ "name": "root" },
	{ "name": "bone", "parent": "root", "length": 28.79 },
	{ "name": "guang1", "parent": "bone", "length": 28.79 },
	{ "name": "guang2", "parent": "bone", "length": 28.79, "x": 10.01, "y": -12.87, "rotation": -59.17 },
	{ "name": "guang3", "parent": "bone", "length": 28.79, "x": 10.01, "y": -12.87, "rotation": -59.17 },
	{ "name": "sd1", "parent": "bone", "length": 28.79, "x": -55.08, "y": 225.36 },
	{ "name": "sd2", "parent": "bone", "length": 28.79, "x": 73.31, "y": 312.3 },
	{ "name": "yun", "parent": "bone", "length": 28.79, "x": -16.59, "y": 275.29 },
	{ "name": "yunguang1", "parent": "bone", "length": 28.79 },
	{ "name": "yunguang2", "parent": "bone", "length": 28.79 },
	{ "name": "yunguang3", "parent": "bone", "length": 28.79 },
	{ "name": "y1", "parent": "yun", "length": 28.79, "x": 46.32, "y": -28.42 },
	{ "name": "y2", "parent": "yun", "length": 28.79, "x": -101.37, "y": -14.94 },
	{ "name": "y3", "parent": "yun", "length": 28.79, "x": -89.25, "y": 5.32 },
	{ "name": "y4", "parent": "yun", "length": 28.79, "x": -71.67, "y": 44.71 },
	{ "name": "y5", "parent": "yun", "length": 28.79, "x": 81.68, "y": 35.22 },
	{ "name": "y6", "parent": "yun", "length": 28.79, "x": -15.94, "y": 79.86 }
],
"slots": [
	{ "name": "heiying", "bone": "bone", "color": "ffffff00", "attachment": "heiying_" },
	{ "name": "guang", "bone": "guang1", "blend": "additive" },
	{ "name": "yunguang3", "bone": "yunguang3", "color": "ffffff00", "blend": "additive" },
	{ "name": "y6_", "bone": "y6", "color": "ffffff00", "attachment": "y6_" },
	{ "name": "guang3", "bone": "guang3", "blend": "additive" },
	{ "name": "y5_", "bone": "y5", "color": "ffffff00", "attachment": "y5_" },
	{ "name": "yunguang2", "bone": "yunguang2", "color": "ffffff00", "blend": "additive" },
	{ "name": "y4_", "bone": "y4", "color": "ffffff00", "attachment": "y4_" },
	{ "name": "guang2", "bone": "guang2", "blend": "additive" },
	{ "name": "y3_", "bone": "y3", "color": "ffffff00", "attachment": "y3_" },
	{ "name": "y2_", "bone": "y2", "color": "ffffff00", "attachment": "y2_" },
	{ "name": "yunguang1", "bone": "yunguang1", "color": "ffffff00", "blend": "additive" },
	{ "name": "sd2", "bone": "sd2", "blend": "additive" },
	{ "name": "sd1", "bone": "sd1", "blend": "additive" },
	{ "name": "y1_", "bone": "y1", "color": "ffffff00", "attachment": "y1_" }
],
"skins": {
	"default": {
		"guang": {
			"guang_": { "y": 23.86, "scaleX": 4, "scaleY": 4, "width": 90, "height": 106 }
		},
		"guang2": {
			"guang_": { "x": -36.66, "y": 10.31, "scaleX": 4, "scaleY": 4, "rotation": 59.04, "width": 90, "height": 106 }
		},
		"guang3": {
			"guang_": { "x": -36.66, "y": 10.31, "scaleX": 4, "scaleY": 4, "rotation": 59.04, "width": 90, "height": 106 }
		},
		"heiying": {
			"heiying_": { "x": -11.49, "y": 105.86, "scaleX": 2, "scaleY": 2, "width": 217, "height": 148 }
		},
		"sd1": {
			"sd1_": { "x": 43.05, "y": -71.72, "width": 158, "height": 200 }
		},
		"sd2": {
			"sd2_": { "x": -105.38, "y": -32.21, "width": 253, "height": 147 }
		},
		"y1_": {
			"y1_": { "x": -42.85, "y": 29.02, "width": 401, "height": 161 }
		},
		"y2_": {
			"y2_": { "x": 0.37, "y": -7.28, "width": 155, "height": 75 }
		},
		"y3_": {
			"y3_": { "x": -16.59, "y": -5.3, "width": 182, "height": 82 }
		},
		"y4_": {
			"y4_": { "x": -11.16, "y": 6.21, "width": 290, "height": 166 }
		},
		"y5_": {
			"y5_": { "x": -17.01, "y": -5.54, "width": 212, "height": 140 }
		},
		"y6_": {
			"y6_": { "x": 2.92, "y": -3.44, "width": 197, "height": 88 }
		},
		"yunguang1": {
			"yunguang_": { "scaleX": 2, "scaleY": 2, "width": 97, "height": 70 }
		},
		"yunguang2": {
			"yunguang_": { "scaleX": 2, "scaleY": 2, "width": 97, "height": 70 }
		},
		"yunguang3": {
			"yunguang_": { "scaleX": 2, "scaleY": 2, "width": 97, "height": 70 }
		}
	}
},
"animations": {
	"1yun_": {
		"slots": {
			"guang2": {
				"attachment": [
					{ "time": 0, "name": null },
					{ "time": 1.6, "name": "guang_" },
					{ "time": 2, "name": null }
				],
				"color": [
					{ "time": 0, "color": "ffffffff", "curve": "stepped" },
					{ "time": 1.6, "color": "ffffffff" },
					{ "time": 2, "color": "ffffff00" }
				]
			},
			"heiying": {
				"attachment": [
					{ "time": 0, "name": "heiying_" },
					{ "time": 2, "name": "heiying_" }
				],
				"color": [
					{ "time": 0, "color": "ffffff00", "curve": "stepped" },
					{ "time": 0.5, "color": "ffffff00" },
					{ "time": 2, "color": "ffffffff" }
				]
			},
			"sd2": {
				"attachment": [
					{ "time": 0, "name": null },
					{ "time": 1.6, "name": "sd2_" },
					{ "time": 2, "name": null }
				],
				"color": [
					{ "time": 0, "color": "fcfeff00", "curve": "stepped" },
					{ "time": 1.5666, "color": "fcfeff00" },
					{ "time": 1.6, "color": "ffffffff" },
					{ "time": 2, "color": "4f8eff00" }
				]
			},
			"y1_": {
				"attachment": [
					{ "time": 0, "name": "y1_" },
					{ "time": 2, "name": "y1_" }
				],
				"color": [
					{ "time": 0, "color": "ffffff00" },
					{ "time": 1.5, "color": "ffffffff", "curve": "stepped" },
					{ "time": 2, "color": "ffffffff" }
				]
			},
			"y2_": {
				"attachment": [
					{ "time": 0, "name": "y2_" },
					{ "time": 2, "name": "y2_" }
				],
				"color": [
					{ "time": 0, "color": "ffffff00" },
					{ "time": 1.5, "color": "ffffffff", "curve": "stepped" },
					{ "time": 2, "color": "ffffffff" }
				]
			},
			"y3_": {
				"attachment": [
					{ "time": 0, "name": "y3_" },
					{ "time": 2, "name": "y3_" }
				],
				"color": [
					{ "time": 0, "color": "ffffff00" },
					{ "time": 1.3333, "color": "ffffffff", "curve": "stepped" },
					{ "time": 2, "color": "ffffffff" }
				]
			},
			"y4_": {
				"attachment": [
					{ "time": 0, "name": "y4_" },
					{ "time": 2, "name": "y4_" }
				],
				"color": [
					{ "time": 0, "color": "ffffff00" },
					{ "time": 1.3333, "color": "ffffffff", "curve": "stepped" },
					{ "time": 2, "color": "ffffffff" }
				]
			},
			"y5_": {
				"attachment": [
					{ "time": 0, "name": null },
					{ "time": 0.3333, "name": "y5_" },
					{ "time": 2, "name": "y5_" }
				],
				"color": [
					{ "time": 0, "color": "ffffff00", "curve": "stepped" },
					{ "time": 0.3333, "color": "ffffff00" },
					{ "time": 1.6666, "color": "ffffffff", "curve": "stepped" },
					{ "time": 2, "color": "ffffffff" }
				]
			},
			"y6_": {
				"attachment": [
					{ "time": 0, "name": "y6_" },
					{ "time": 2, "name": "y6_" }
				],
				"color": [
					{ "time": 0, "color": "ffffff00", "curve": "stepped" },
					{ "time": 0.6666, "color": "ffffff00" },
					{ "time": 2, "color": "ffffffff" }
				]
			},
			"yunguang1": {
				"attachment": [
					{ "time": 0, "name": "yunguang_" },
					{ "time": 2, "name": "yunguang_" }
				],
				"color": [
					{ "time": 0, "color": "ffffff00", "curve": "stepped" },
					{ "time": 1.5666, "color": "ffffff00" },
					{ "time": 1.6, "color": "ffffffff" },
					{ "time": 1.6666, "color": "a2caffff" },
					{ "time": 2, "color": "81b5ff00" }
				]
			}
		},
		"bones": {
			"sd2": {
				"rotate": [
					{ "time": 0, "angle": -179.43, "curve": "stepped" },
					{ "time": 2, "angle": -179.43 }
				],
				"translate": [
					{ "time": 0, "x": 7.05, "y": -33.96, "curve": "stepped" },
					{ "time": 2, "x": 7.05, "y": -33.96 }
				],
				"scale": [
					{ "time": 0, "x": -0.843, "y": 1, "curve": "stepped" },
					{ "time": 2, "x": -0.843, "y": 1 }
				]
			},
			"yunguang1": {
				"rotate": [
					{ "time": 0, "angle": 15.74, "curve": "stepped" },
					{ "time": 2, "angle": 15.74 }
				],
				"translate": [
					{ "time": 0, "x": -6.8, "y": 280.19, "curve": "stepped" },
					{ "time": 2, "x": -6.8, "y": 280.19 }
				],
				"scale": [
					{ "time": 0, "x": 1.186, "y": 0.916, "curve": "stepped" },
					{ "time": 2, "x": 1.186, "y": 0.916 }
				]
			},
			"y1": {
				"translate": [
					{ "time": 0, "x": 76.39, "y": 0 },
					{ "time": 2, "x": 0, "y": 0 }
				],
				"scale": [
					{ "time": 0, "x": 0.765, "y": 0.765 },
					{ "time": 2, "x": 1, "y": 1 }
				]
			},
			"y2": {
				"translate": [
					{ "time": 0, "x": -41.14, "y": 0 },
					{ "time": 2, "x": 0, "y": 0 }
				],
				"scale": [
					{ "time": 0, "x": 1, "y": 1, "curve": "stepped" },
					{ "time": 2, "x": 1, "y": 1 }
				]
			},
			"y3": {
				"translate": [
					{ "time": 0, "x": -63.55, "y": 0 },
					{ "time": 2, "x": 0, "y": 0 }
				]
			},
			"y4": {
				"translate": [
					{ "time": 0, "x": -107.48, "y": 0 },
					{ "time": 2, "x": 0, "y": 0 }
				],
				"scale": [
					{ "time": 0, "x": 0.764, "y": 0.764 },
					{ "time": 2, "x": 1, "y": 1 }
				]
			},
			"y5": {
				"translate": [
					{ "time": 0, "x": 29.55, "y": 0, "curve": "stepped" },
					{ "time": 0.3333, "x": 29.55, "y": 0 },
					{ "time": 2, "x": 0, "y": 0 }
				]
			},
			"y6": {
				"translate": [
					{ "time": 0, "x": 44.38, "y": -16.27 },
					{ "time": 2, "x": 0, "y": 0 }
				],
				"scale": [
					{ "time": 0, "x": 1.128, "y": 1.128 },
					{ "time": 2, "x": 1, "y": 1 }
				]
			},
			"guang2": {
				"rotate": [
					{ "time": 0, "angle": 238.71, "curve": "stepped" },
					{ "time": 2, "angle": 238.71 }
				],
				"translate": [
					{ "time": 0, "x": -131.63, "y": 296.59, "curve": "stepped" },
					{ "time": 2, "x": -131.63, "y": 296.59 }
				],
				"scale": [
					{ "time": 0, "x": 0.312, "y": 0.436, "curve": "stepped" },
					{ "time": 2, "x": 0.312, "y": 0.436 }
				]
			}
		}
	},
	"2shandian_": {
		"slots": {
			"guang": {
				"attachment": [
					{ "time": 0, "name": "guang_" }
				],
				"color": [
					{
						"time": 0,
						"color": "79afff00",
						"curve": [ 0.25, 0, 0.75, 1 ]
					},
					{
						"time": 0.0666,
						"color": "ffffffff",
						"curve": [ 0.25, 0, 0.75, 1 ]
					},
					{
						"time": 0.2,
						"color": "7dc4ff58",
						"curve": [ 0.25, 0, 0.75, 1 ]
					},
					{ "time": 1.1666, "color": "007eff00", "curve": "stepped" },
					{
						"time": 1.6,
						"color": "007eff00",
						"curve": [ 0.25, 0, 0.75, 1 ]
					},
					{
						"time": 1.6333,
						"color": "79afff00",
						"curve": [ 0.25, 0, 0.75, 1 ]
					},
					{
						"time": 1.7,
						"color": "ffffff69",
						"curve": [ 0.25, 0, 0.75, 1 ]
					},
					{
						"time": 1.9333,
						"color": "96caff23",
						"curve": [ 0.25, 0, 0.75, 1 ]
					},
					{ "time": 2.2666, "color": "007eff00" }
				]
			},
			"guang2": {
				"attachment": [
					{ "time": 0, "name": null },
					{ "time": 0.0666, "name": "guang_" }
				],
				"color": [
					{ "time": 0, "color": "ffffff00", "curve": "stepped" },
					{ "time": 0.0333, "color": "ffffff00" },
					{ "time": 0.0666, "color": "ffffffff" },
					{ "time": 0.5, "color": "ffffff00" }
				]
			},
			"guang3": {
				"attachment": [
					{ "time": 0, "name": null },
					{ "time": 0.7, "name": "guang_" },
					{ "time": 2.6666, "name": "guang_" }
				],
				"color": [
					{ "time": 0, "color": "88c3ff00", "curve": "stepped" },
					{ "time": 0.7, "color": "88c3ff00" },
					{ "time": 0.8333, "color": "88c3ffff" },
					{ "time": 1.4, "color": "88c3ff00", "curve": "stepped" },
					{ "time": 2.6666, "color": "88c3ff00" }
				]
			},
			"heiying": {
				"attachment": [
					{ "time": 0, "name": "heiying_" },
					{ "time": 2.6666, "name": "heiying_" }
				],
				"color": [
					{ "time": 0, "color": "ffffffff", "curve": "stepped" },
					{ "time": 2.6666, "color": "ffffffff" }
				]
			},
			"sd1": {
				"attachment": [
					{ "time": 0, "name": "sd1_" },
					{ "time": 2.6666, "name": "sd1_" }
				],
				"color": [
					{ "time": 0, "color": "ffffffff" },
					{ "time": 0.5333, "color": "ffffff00", "curve": "stepped" },
					{ "time": 1.5666, "color": "ffffff00" },
					{ "time": 1.6, "color": "7aaeff00" },
					{ "time": 1.7, "color": "ffffffff" },
					{ "time": 2.1666, "color": "ffffff00", "curve": "stepped" },
					{ "time": 2.6666, "color": "ffffff00" }
				]
			},
			"sd2": {
				"attachment": [
					{ "time": 0, "name": "sd2_" },
					{ "time": 2.6666, "name": "sd2_" }
				],
				"color": [
					{ "time": 0, "color": "ffffff00", "curve": "stepped" },
					{ "time": 0.3333, "color": "ffffff00" },
					{ "time": 0.3666, "color": "ffffffff" },
					{ "time": 0.9, "color": "4f8eff00", "curve": "stepped" },
					{ "time": 2.6666, "color": "4f8eff00" }
				]
			},
			"y1_": {
				"color": [
					{ "time": 0, "color": "ffffffff", "curve": "stepped" },
					{ "time": 2.6666, "color": "ffffffff" }
				]
			},
			"y2_": {
				"color": [
					{ "time": 0, "color": "ffffffff", "curve": "stepped" },
					{ "time": 2.6666, "color": "ffffffff" }
				]
			},
			"y3_": {
				"color": [
					{ "time": 0, "color": "ffffffff", "curve": "stepped" },
					{ "time": 2.6666, "color": "ffffffff" }
				]
			},
			"y4_": {
				"color": [
					{ "time": 0, "color": "ffffffff", "curve": "stepped" },
					{ "time": 2.6666, "color": "ffffffff" }
				]
			},
			"y5_": {
				"color": [
					{ "time": 0, "color": "ffffffff", "curve": "stepped" },
					{ "time": 2.6666, "color": "ffffffff" }
				]
			},
			"y6_": {
				"color": [
					{ "time": 0, "color": "ffffffff", "curve": "stepped" },
					{ "time": 2.6666, "color": "ffffffff" }
				]
			},
			"yunguang1": {
				"attachment": [
					{ "time": 0, "name": "yunguang_" },
					{ "time": 2.6666, "name": "yunguang_" }
				],
				"color": [
					{ "time": 0, "color": "ffffff00" },
					{ "time": 0.1333, "color": "ffffffff" },
					{ "time": 0.3666, "color": "73b6ff00", "curve": "stepped" },
					{ "time": 0.4666, "color": "73b6ff00" },
					{ "time": 0.5, "color": "ffffffff" },
					{ "time": 0.7333, "color": "73b6ff00", "curve": "stepped" },
					{ "time": 1.6666, "color": "73b6ff00" },
					{ "time": 1.7, "color": "97c7ffff" },
					{ "time": 1.9666, "color": "209cff00" },
					{ "time": 2, "color": "73b6ff00" },
					{ "time": 2.0333, "color": "8ed4ffff" },
					{ "time": 2.3, "color": "209cff00", "curve": "stepped" },
					{ "time": 2.6666, "color": "209cff00" }
				]
			},
			"yunguang2": {
				"attachment": [
					{ "time": 0, "name": "yunguang_" },
					{ "time": 2.6666, "name": "yunguang_" }
				],
				"color": [
					{ "time": 0, "color": "59a6ff00" },
					{ "time": 0.1666, "color": "59a6ffff" },
					{ "time": 0.5, "color": "59a6ff00", "curve": "stepped" },
					{ "time": 0.8333, "color": "59a6ff00" },
					{ "time": 0.8666, "color": "59a6ffff" },
					{ "time": 1.2, "color": "59a6ff00", "curve": "stepped" },
					{ "time": 1.6333, "color": "59a6ff00" },
					{ "time": 1.6666, "color": "b9f0ffff" },
					{ "time": 2, "color": "59a6ff00", "curve": "stepped" },
					{ "time": 2.6666, "color": "59a6ff00" }
				]
			},
			"yunguang3": {
				"attachment": [
					{ "time": 0, "name": "yunguang_" },
					{ "time": 2.6666, "name": "yunguang_" }
				],
				"color": [
					{ "time": 0, "color": "6b98ffff", "curve": "stepped" },
					{ "time": 0.1666, "color": "6b98ffff" },
					{ "time": 0.5, "color": "6b98ff00", "curve": "stepped" },
					{ "time": 0.8333, "color": "6b98ff00" },
					{ "time": 0.8666, "color": "6b98ffff" },
					{ "time": 1.2, "color": "6b98ff00", "curve": "stepped" },
					{ "time": 2.6666, "color": "6b98ff00" }
				]
			}
		},
		"bones": {
			"sd1": {
				"rotate": [
					{ "time": 0, "angle": 0, "curve": "stepped" },
					{ "time": 0.5333, "angle": 0, "curve": "stepped" },
					{ "time": 1.6, "angle": 0, "curve": "stepped" },
					{ "time": 2.6666, "angle": 0 }
				],
				"translate": [
					{ "time": 0, "x": 10, "y": 0, "curve": "stepped" },
					{ "time": 0.5333, "x": 10, "y": 0, "curve": "stepped" },
					{ "time": 1.6, "x": 10, "y": 0, "curve": "stepped" },
					{ "time": 2.6666, "x": 10, "y": 0 }
				],
				"scale": [
					{ "time": 0, "x": 1, "y": 1, "curve": "stepped" },
					{ "time": 0.5333, "x": 1, "y": 1, "curve": "stepped" },
					{ "time": 1.6, "x": 1, "y": 1, "curve": "stepped" },
					{ "time": 2.6666, "x": 1, "y": 1 }
				]
			},
			"sd2": {
				"rotate": [
					{ "time": 0, "angle": 116.23, "curve": "stepped" },
					{ "time": 2.6666, "angle": 116.23 }
				],
				"translate": [
					{ "time": 0, "x": -144.5, "y": -44.88, "curve": "stepped" },
					{ "time": 2.6666, "x": -144.5, "y": -44.88 }
				],
				"scale": [
					{ "time": 0, "x": 0.731, "y": 0.731 }
				]
			},
			"yunguang1": {
				"rotate": [
					{ "time": 0, "angle": 2.24, "curve": "stepped" },
					{ "time": 2.6666, "angle": 2.24 }
				],
				"translate": [
					{ "time": 0, "x": 17.4, "y": 289.07, "curve": "stepped" },
					{ "time": 2.6666, "x": 17.4, "y": 289.07 }
				],
				"scale": [
					{ "time": 0, "x": 1.132, "y": 0.852, "curve": "stepped" },
					{ "time": 2.6666, "x": 1.132, "y": 0.852 }
				]
			},
			"yunguang2": {
				"rotate": [
					{ "time": 0, "angle": 11.74, "curve": "stepped" },
					{ "time": 1.6333, "angle": 11.74 },
					{ "time": 1.6666, "angle": -8.35, "curve": "stepped" },
					{ "time": 2.6666, "angle": -8.35 }
				],
				"translate": [
					{ "time": 0, "x": 3.58, "y": 300.16, "curve": "stepped" },
					{ "time": 1.6333, "x": 3.58, "y": 300.16 },
					{ "time": 1.6666, "x": -16.52, "y": 311.12, "curve": "stepped" },
					{ "time": 2.6666, "x": -16.52, "y": 311.12 }
				],
				"scale": [
					{ "time": 0, "x": 1.289, "y": 1.093, "curve": "stepped" },
					{ "time": 1.6333, "x": 1.289, "y": 1.093, "curve": "stepped" },
					{ "time": 2.6666, "x": 1.289, "y": 1.093 }
				]
			},
			"yunguang3": {
				"translate": [
					{ "time": 0, "x": -81.95, "y": 271.86, "curve": "stepped" },
					{ "time": 2.6666, "x": -81.95, "y": 271.86 }
				],
				"scale": [
					{ "time": 0, "x": 0.747, "y": 0.523, "curve": "stepped" },
					{ "time": 2.6666, "x": 0.747, "y": 0.523 }
				]
			},
			"yun": {
				"translate": [
					{
						"time": 0,
						"x": 0,
						"y": 0,
						"curve": [ 0.25, 0, 0.75, 1 ]
					},
					{
						"time": 1.3333,
						"x": 0,
						"y": 1.35,
						"curve": [ 0.25, 0, 0.75, 1 ]
					},
					{ "time": 2.6666, "x": 0, "y": 0 }
				],
				"scale": [
					{
						"time": 0,
						"x": 1,
						"y": 1,
						"curve": [ 0.25, 0, 0.75, 1 ]
					},
					{
						"time": 1.3333,
						"x": 0.986,
						"y": 1,
						"curve": [ 0.25, 0, 0.75, 1 ]
					},
					{ "time": 2.6666, "x": 1, "y": 1 }
				]
			},
			"y5": {
				"translate": [
					{
						"time": 0,
						"x": 0,
						"y": 0,
						"curve": [ 0.28, 0, 0.623, 0.39 ]
					},
					{
						"time": 1.3333,
						"x": 1.65,
						"y": 1.63,
						"curve": [ 0.312, 0.26, 0.652, 0.62 ]
					},
					{ "time": 2.6666, "x": 0, "y": 0 }
				]
			},
			"y4": {
				"scale": [
					{
						"time": 0,
						"x": 1,
						"y": 1,
						"curve": [ 0.25, 0, 0.75, 1 ]
					},
					{
						"time": 1.3333,
						"x": 1.048,
						"y": 1.048,
						"curve": [ 0.25, 0, 0.75, 1 ]
					},
					{ "time": 2.6666, "x": 1, "y": 1 }
				]
			},
			"y3": {
				"translate": [
					{
						"time": 0,
						"x": 0,
						"y": 0,
						"curve": [ 0.25, 0, 0.75, 1 ]
					},
					{
						"time": 1.3333,
						"x": 0,
						"y": -3.53,
						"curve": [ 0.25, 0, 0.75, 1 ]
					},
					{ "time": 2.6666, "x": 0, "y": 0 }
				],
				"scale": [
					{
						"time": 0,
						"x": 1,
						"y": 1,
						"curve": [ 0.25, 0, 0.75, 1 ]
					},
					{
						"time": 1.3333,
						"x": 1.082,
						"y": 1,
						"curve": [ 0.25, 0, 0.75, 1 ]
					},
					{ "time": 2.6666, "x": 1, "y": 1 }
				]
			},
			"guang1": {
				"translate": [
					{ "time": 0, "x": 6.41, "y": 124.54 }
				]
			},
			"guang2": {
				"rotate": [
					{ "time": 0, "angle": 237.94, "curve": "stepped" },
					{ "time": 0.5, "angle": 237.94 }
				],
				"translate": [
					{ "time": 0, "x": -87.33, "y": 298.64, "curve": "stepped" },
					{ "time": 0.5, "x": -87.33, "y": 298.64 }
				],
				"scale": [
					{ "time": 0, "x": 0.522, "y": 0.522, "curve": "stepped" },
					{ "time": 0.5, "x": 0.522, "y": 0.522 }
				]
			},
			"guang3": {
				"rotate": [
					{ "time": 0, "angle": 235.1, "curve": "stepped" },
					{ "time": 2.6666, "angle": 235.1 }
				],
				"translate": [
					{ "time": 0, "x": 1.57, "y": 346.71, "curve": "stepped" },
					{ "time": 2.6666, "x": 1.57, "y": 346.71 }
				],
				"scale": [
					{ "time": 0, "x": 0.85, "y": 0.474, "curve": "stepped" },
					{ "time": 2.6666, "x": 0.85, "y": 0.474 }
				]
			}
		}
	},
	"show": {
		"slots": {
			"guang": {
				"attachment": [
					{ "time": 0, "name": "guang_" }
				],
				"color": [
					{
						"time": 0,
						"color": "79afff00",
						"curve": [ 0.25, 0, 0.75, 1 ]
					},
					{
						"time": 0.0666,
						"color": "ffffffff",
						"curve": [ 0.25, 0, 0.75, 1 ]
					},
					{
						"time": 0.2,
						"color": "7dc4ff58",
						"curve": [ 0.25, 0, 0.75, 1 ]
					},
					{ "time": 1.1666, "color": "007eff00", "curve": "stepped" },
					{
						"time": 1.6,
						"color": "007eff00",
						"curve": [ 0.25, 0, 0.75, 1 ]
					},
					{
						"time": 1.6333,
						"color": "79afff00",
						"curve": [ 0.25, 0, 0.75, 1 ]
					},
					{
						"time": 1.7,
						"color": "ffffff69",
						"curve": [ 0.25, 0, 0.75, 1 ]
					},
					{
						"time": 1.9333,
						"color": "96caff23",
						"curve": [ 0.25, 0, 0.75, 1 ]
					},
					{ "time": 2.2666, "color": "007eff00" }
				]
			},
			"guang2": {
				"attachment": [
					{ "time": 0, "name": null },
					{ "time": 0.0666, "name": "guang_" }
				],
				"color": [
					{ "time": 0, "color": "ffffff00", "curve": "stepped" },
					{ "time": 0.0333, "color": "ffffff00" },
					{ "time": 0.0666, "color": "ffffffff" },
					{ "time": 0.5, "color": "ffffff00" }
				]
			},
			"guang3": {
				"attachment": [
					{ "time": 0, "name": null },
					{ "time": 0.7, "name": "guang_" },
					{ "time": 2.6666, "name": "guang_" }
				],
				"color": [
					{ "time": 0, "color": "88c3ff00", "curve": "stepped" },
					{ "time": 0.7, "color": "88c3ff00" },
					{ "time": 0.8333, "color": "88c3ffff" },
					{ "time": 1.4, "color": "88c3ff00", "curve": "stepped" },
					{ "time": 2.6666, "color": "88c3ff00" }
				]
			},
			"heiying": {
				"attachment": [
					{ "time": 0, "name": "heiying_" },
					{ "time": 2.6666, "name": "heiying_" }
				],
				"color": [
					{ "time": 0, "color": "ffffffff", "curve": "stepped" },
					{ "time": 2.6666, "color": "ffffffff" }
				]
			},
			"sd1": {
				"attachment": [
					{ "time": 0, "name": "sd1_" },
					{ "time": 2.6666, "name": "sd1_" }
				],
				"color": [
					{ "time": 0, "color": "ffffffff" },
					{ "time": 0.5333, "color": "ffffff00", "curve": "stepped" },
					{ "time": 1.5666, "color": "ffffff00" },
					{ "time": 1.6, "color": "7aaeff00" },
					{ "time": 1.7, "color": "ffffffff" },
					{ "time": 2.1666, "color": "ffffff00", "curve": "stepped" },
					{ "time": 2.6666, "color": "ffffff00" }
				]
			},
			"sd2": {
				"attachment": [
					{ "time": 0, "name": "sd2_" },
					{ "time": 2.6666, "name": "sd2_" }
				],
				"color": [
					{ "time": 0, "color": "ffffff00", "curve": "stepped" },
					{ "time": 0.3333, "color": "ffffff00" },
					{ "time": 0.3666, "color": "ffffffff" },
					{ "time": 0.9, "color": "4f8eff00", "curve": "stepped" },
					{ "time": 2.6666, "color": "4f8eff00" }
				]
			},
			"y1_": {
				"color": [
					{ "time": 0, "color": "ffffffff", "curve": "stepped" },
					{ "time": 2.6666, "color": "ffffffff" }
				]
			},
			"y2_": {
				"color": [
					{ "time": 0, "color": "ffffffff", "curve": "stepped" },
					{ "time": 2.6666, "color": "ffffffff" }
				]
			},
			"y3_": {
				"color": [
					{ "time": 0, "color": "ffffffff", "curve": "stepped" },
					{ "time": 2.6666, "color": "ffffffff" }
				]
			},
			"y4_": {
				"color": [
					{ "time": 0, "color": "ffffffff", "curve": "stepped" },
					{ "time": 2.6666, "color": "ffffffff" }
				]
			},
			"y5_": {
				"color": [
					{ "time": 0, "color": "ffffffff", "curve": "stepped" },
					{ "time": 2.6666, "color": "ffffffff" }
				]
			},
			"y6_": {
				"color": [
					{ "time": 0, "color": "ffffffff", "curve": "stepped" },
					{ "time": 2.6666, "color": "ffffffff" }
				]
			},
			"yunguang1": {
				"attachment": [
					{ "time": 0, "name": "yunguang_" },
					{ "time": 2.6666, "name": "yunguang_" }
				],
				"color": [
					{ "time": 0, "color": "ffffff00" },
					{ "time": 0.1333, "color": "ffffffff" },
					{ "time": 0.3666, "color": "73b6ff00", "curve": "stepped" },
					{ "time": 0.4666, "color": "73b6ff00" },
					{ "time": 0.5, "color": "ffffffff" },
					{ "time": 0.7333, "color": "73b6ff00", "curve": "stepped" },
					{ "time": 1.6666, "color": "73b6ff00" },
					{ "time": 1.7, "color": "97c7ffff" },
					{ "time": 1.9666, "color": "209cff00" },
					{ "time": 2, "color": "73b6ff00" },
					{ "time": 2.0333, "color": "8ed4ffff" },
					{ "time": 2.3, "color": "209cff00", "curve": "stepped" },
					{ "time": 2.6666, "color": "209cff00" }
				]
			},
			"yunguang2": {
				"attachment": [
					{ "time": 0, "name": "yunguang_" },
					{ "time": 2.6666, "name": "yunguang_" }
				],
				"color": [
					{ "time": 0, "color": "59a6ff00" },
					{ "time": 0.1666, "color": "59a6ffff" },
					{ "time": 0.5, "color": "59a6ff00", "curve": "stepped" },
					{ "time": 0.8333, "color": "59a6ff00" },
					{ "time": 0.8666, "color": "59a6ffff" },
					{ "time": 1.2, "color": "59a6ff00", "curve": "stepped" },
					{ "time": 1.6333, "color": "59a6ff00" },
					{ "time": 1.6666, "color": "b9f0ffff" },
					{ "time": 2, "color": "59a6ff00", "curve": "stepped" },
					{ "time": 2.6666, "color": "59a6ff00" }
				]
			},
			"yunguang3": {
				"attachment": [
					{ "time": 0, "name": "yunguang_" },
					{ "time": 2.6666, "name": "yunguang_" }
				],
				"color": [
					{ "time": 0, "color": "6b98ffff", "curve": "stepped" },
					{ "time": 0.1666, "color": "6b98ffff" },
					{ "time": 0.5, "color": "6b98ff00", "curve": "stepped" },
					{ "time": 0.8333, "color": "6b98ff00" },
					{ "time": 0.8666, "color": "6b98ffff" },
					{ "time": 1.2, "color": "6b98ff00", "curve": "stepped" },
					{ "time": 2.6666, "color": "6b98ff00" }
				]
			}
		},
		"bones": {
			"sd1": {
				"rotate": [
					{ "time": 0, "angle": 0, "curve": "stepped" },
					{ "time": 0.5333, "angle": 0, "curve": "stepped" },
					{ "time": 1.6, "angle": 0, "curve": "stepped" },
					{ "time": 2.6666, "angle": 0 }
				],
				"translate": [
					{ "time": 0, "x": 10, "y": 0, "curve": "stepped" },
					{ "time": 0.5333, "x": 10, "y": 0, "curve": "stepped" },
					{ "time": 1.6, "x": 10, "y": 0, "curve": "stepped" },
					{ "time": 2.6666, "x": 10, "y": 0 }
				],
				"scale": [
					{ "time": 0, "x": 1, "y": 1, "curve": "stepped" },
					{ "time": 0.5333, "x": 1, "y": 1, "curve": "stepped" },
					{ "time": 1.6, "x": 1, "y": 1, "curve": "stepped" },
					{ "time": 2.6666, "x": 1, "y": 1 }
				]
			},
			"sd2": {
				"rotate": [
					{ "time": 0, "angle": 116.23, "curve": "stepped" },
					{ "time": 2.6666, "angle": 116.23 }
				],
				"translate": [
					{ "time": 0, "x": -144.5, "y": -44.88, "curve": "stepped" },
					{ "time": 2.6666, "x": -144.5, "y": -44.88 }
				],
				"scale": [
					{ "time": 0, "x": 0.731, "y": 0.731 }
				]
			},
			"yunguang1": {
				"rotate": [
					{ "time": 0, "angle": 2.24, "curve": "stepped" },
					{ "time": 2.6666, "angle": 2.24 }
				],
				"translate": [
					{ "time": 0, "x": 17.4, "y": 289.07, "curve": "stepped" },
					{ "time": 2.6666, "x": 17.4, "y": 289.07 }
				],
				"scale": [
					{ "time": 0, "x": 1.132, "y": 0.852, "curve": "stepped" },
					{ "time": 2.6666, "x": 1.132, "y": 0.852 }
				]
			},
			"yunguang2": {
				"rotate": [
					{ "time": 0, "angle": 11.74, "curve": "stepped" },
					{ "time": 1.6333, "angle": 11.74 },
					{ "time": 1.6666, "angle": -8.35, "curve": "stepped" },
					{ "time": 2.6666, "angle": -8.35 }
				],
				"translate": [
					{ "time": 0, "x": 3.58, "y": 300.16, "curve": "stepped" },
					{ "time": 1.6333, "x": 3.58, "y": 300.16 },
					{ "time": 1.6666, "x": -16.52, "y": 311.12, "curve": "stepped" },
					{ "time": 2.6666, "x": -16.52, "y": 311.12 }
				],
				"scale": [
					{ "time": 0, "x": 1.289, "y": 1.093, "curve": "stepped" },
					{ "time": 1.6333, "x": 1.289, "y": 1.093, "curve": "stepped" },
					{ "time": 2.6666, "x": 1.289, "y": 1.093 }
				]
			},
			"yunguang3": {
				"translate": [
					{ "time": 0, "x": -81.95, "y": 271.86, "curve": "stepped" },
					{ "time": 2.6666, "x": -81.95, "y": 271.86 }
				],
				"scale": [
					{ "time": 0, "x": 0.747, "y": 0.523, "curve": "stepped" },
					{ "time": 2.6666, "x": 0.747, "y": 0.523 }
				]
			},
			"yun": {
				"translate": [
					{
						"time": 0,
						"x": 0,
						"y": 0,
						"curve": [ 0.25, 0, 0.75, 1 ]
					},
					{
						"time": 1.3333,
						"x": 0,
						"y": 1.35,
						"curve": [ 0.25, 0, 0.75, 1 ]
					},
					{ "time": 2.6666, "x": 0, "y": 0 }
				],
				"scale": [
					{
						"time": 0,
						"x": 1,
						"y": 1,
						"curve": [ 0.25, 0, 0.75, 1 ]
					},
					{
						"time": 1.3333,
						"x": 0.986,
						"y": 1,
						"curve": [ 0.25, 0, 0.75, 1 ]
					},
					{ "time": 2.6666, "x": 1, "y": 1 }
				]
			},
			"y5": {
				"translate": [
					{
						"time": 0,
						"x": 0,
						"y": 0,
						"curve": [ 0.28, 0, 0.623, 0.39 ]
					},
					{
						"time": 1.3333,
						"x": 1.65,
						"y": 1.63,
						"curve": [ 0.312, 0.26, 0.652, 0.62 ]
					},
					{ "time": 2.6666, "x": 0, "y": 0 }
				]
			},
			"y4": {
				"scale": [
					{
						"time": 0,
						"x": 1,
						"y": 1,
						"curve": [ 0.25, 0, 0.75, 1 ]
					},
					{
						"time": 1.3333,
						"x": 1.048,
						"y": 1.048,
						"curve": [ 0.25, 0, 0.75, 1 ]
					},
					{ "time": 2.6666, "x": 1, "y": 1 }
				]
			},
			"y3": {
				"translate": [
					{
						"time": 0,
						"x": 0,
						"y": 0,
						"curve": [ 0.25, 0, 0.75, 1 ]
					},
					{
						"time": 1.3333,
						"x": 0,
						"y": -3.53,
						"curve": [ 0.25, 0, 0.75, 1 ]
					},
					{ "time": 2.6666, "x": 0, "y": 0 }
				],
				"scale": [
					{
						"time": 0,
						"x": 1,
						"y": 1,
						"curve": [ 0.25, 0, 0.75, 1 ]
					},
					{
						"time": 1.3333,
						"x": 1.082,
						"y": 1,
						"curve": [ 0.25, 0, 0.75, 1 ]
					},
					{ "time": 2.6666, "x": 1, "y": 1 }
				]
			},
			"guang1": {
				"translate": [
					{ "time": 0, "x": 6.41, "y": 124.54 }
				]
			},
			"guang2": {
				"rotate": [
					{ "time": 0, "angle": 237.94, "curve": "stepped" },
					{ "time": 0.5, "angle": 237.94 }
				],
				"translate": [
					{ "time": 0, "x": -87.33, "y": 298.64, "curve": "stepped" },
					{ "time": 0.5, "x": -87.33, "y": 298.64 }
				],
				"scale": [
					{ "time": 0, "x": 0.522, "y": 0.522, "curve": "stepped" },
					{ "time": 0.5, "x": 0.522, "y": 0.522 }
				]
			},
			"guang3": {
				"rotate": [
					{ "time": 0, "angle": 235.1, "curve": "stepped" },
					{ "time": 2.6666, "angle": 235.1 }
				],
				"translate": [
					{ "time": 0, "x": 1.57, "y": 346.71, "curve": "stepped" },
					{ "time": 2.6666, "x": 1.57, "y": 346.71 }
				],
				"scale": [
					{ "time": 0, "x": 0.85, "y": 0.474, "curve": "stepped" },
					{ "time": 2.6666, "x": 0.85, "y": 0.474 }
				]
			}
		}
	}
}
}