{"skeleton":{"hash":"+E2TSQDhm4B93j/n2Z+T2TfNAlk","spine":"3.7.94","width":549,"height":329,"images":"./images/","audio":""},"bones":[{"name":"root"},{"name":"ren","parent":"root","x":42.73,"y":-19.74,"scaleX":1.25,"scaleY":1.25},{"name":"dz2","parent":"root","x":67.42,"y":-72.14},{"name":"dan2","parent":"root","x":7.51,"y":121.24,"scaleX":1.25,"scaleY":1.25},{"name":"dz3","parent":"root","x":-112.95,"y":-26.87},{"name":"dz4","parent":"root","x":-77.61,"y":-0.37}],"slots":[{"name":"dan2_00_","bone":"dan2"},{"name":"dz1","bone":"root","attachment":"dz1_"},{"name":"dz4","bone":"dz4","attachment":"dz4_"},{"name":"dz3","bone":"dz3","attachment":"dz3_"},{"name":"dizuoliang_","bone":"root","blend":"additive"},{"name":"gj","bone":"ren"},{"name":"dz2","bone":"dz2","attachment":"dz2_"}],"skins":{"default":{"dan2_00_":{"dan2_06_":{"x":72.22,"y":3.06,"width":190,"height":80},"dan2_07_":{"x":72.22,"y":3.06,"width":190,"height":80}},"dizuoliang_":{"dizuoliang_":{"x":12.08,"y":59.22,"width":356,"height":268}},"dz1":{"dz1_":{"x":3.96,"y":28.63,"width":549,"height":329}},"dz2":{"dz2_":{"x":-11.27,"y":10.43,"width":161,"height":98}},"dz3":{"dz3_":{"x":2.9,"y":36.66,"width":69,"height":109}},"dz4":{"dz4_":{"x":-6.34,"y":35.71,"width":69,"height":110}},"gj":{"gj_14_":{"x":47.47,"y":41.53,"width":626,"height":508},"gj_15_":{"x":47.47,"y":41.53,"width":626,"height":508},"gj_16_":{"x":47.47,"y":41.53,"width":626,"height":508},"gj_17_":{"x":47.47,"y":41.53,"width":626,"height":508},"gj_18_":{"x":47.47,"y":41.53,"width":626,"height":508},"gj_19_":{"x":47.47,"y":41.53,"width":626,"height":508},"gj_20_":{"x":47.47,"y":41.53,"width":626,"height":508},"gj_21_":{"x":47.47,"y":41.53,"width":626,"height":508},"gj_22_":{"x":47.47,"y":41.53,"width":626,"height":508},"gj_23_":{"x":47.47,"y":41.53,"width":626,"height":508},"gj_24_":{"x":47.47,"y":41.53,"width":626,"height":508},"gj_25_":{"x":47.47,"y":41.53,"width":626,"height":508},"gj_26_":{"x":47.47,"y":41.53,"width":626,"height":508},"gj_27_":{"x":47.47,"y":41.53,"width":626,"height":508},"gj_28_":{"x":47.47,"y":41.53,"width":626,"height":508},"gj_29_":{"x":47.47,"y":41.53,"width":626,"height":508},"gj_30_":{"x":47.47,"y":41.53,"width":626,"height":508},"gj_31_":{"x":47.47,"y":41.53,"width":626,"height":508}}}},"animations":{"animation":{"slots":{"dan2_00_":{"attachment":[{"time":1.4,"name":"dan2_06_"},{"time":1.5,"name":"dan2_07_"},{"time":1.6,"name":null}]},"dizuoliang_":{"color":[{"time":1.4,"color":"96fff800","curve":"stepped"},{"time":1.7333,"color":"96fff800"},{"time":1.7667,"color":"ffffff00"},{"time":1.8,"color":"c2fffdf2"},{"time":2.4667,"color":"96fff800","curve":"stepped"},{"time":2.8333,"color":"96fff800"},{"time":2.8667,"color":"96fff852"},{"time":3.2,"color":"96fff800"}],"attachment":[{"time":1.4,"name":"dizuoliang_"}]},"dz1":{"attachment":[{"time":0,"name":null},{"time":1.4,"name":"dz1_"}]},"dz2":{"attachment":[{"time":0,"name":null},{"time":1.4,"name":"dz2_"}]},"dz3":{"attachment":[{"time":0,"name":null},{"time":1.4,"name":"dz3_"}]},"dz4":{"attachment":[{"time":0,"name":null},{"time":1.4,"name":"dz4_"}]},"gj":{"attachment":[{"time":1.4,"name":"gj_14_"},{"time":1.5,"name":"gj_15_"},{"time":1.6,"name":"gj_16_"},{"time":1.7,"name":"gj_17_"},{"time":1.8,"name":"gj_18_"},{"time":1.9,"name":"gj_19_"},{"time":2,"name":"gj_20_"},{"time":2.1,"name":"gj_21_"},{"time":2.2,"name":"gj_22_"},{"time":2.3,"name":"gj_23_"},{"time":2.4,"name":"gj_24_"},{"time":2.5,"name":"gj_25_"},{"time":2.6,"name":"gj_26_"},{"time":2.7,"name":"gj_27_"},{"time":2.8,"name":"gj_28_"},{"time":2.9,"name":"gj_29_"},{"time":3,"name":"gj_30_"},{"time":3.1,"name":"gj_31_"}]}},"drawOrder":[{"time":1.8,"offsets":[{"slot":"gj","offset":1}]},{"time":2}]}}}