{"skeleton":{"hash":"B17TyB78eMJTq0Tjd0P7ekuG7tc","spine":"3.7.94","width":549,"height":329,"images":"./images/","audio":""},"bones":[{"name":"root"},{"name":"ren","parent":"root","x":42.73,"y":-19.74,"scaleX":1.25,"scaleY":1.25},{"name":"dz2","parent":"root","x":67.42,"y":-72.14},{"name":"dan2","parent":"root","x":7.51,"y":121.24,"scaleX":1.25,"scaleY":1.25},{"name":"dz3","parent":"root","x":-112.95,"y":-26.87},{"name":"dz4","parent":"root","x":-77.61,"y":-0.37}],"slots":[{"name":"dan2_00_","bone":"dan2"},{"name":"dz1","bone":"root","attachment":"dz1_"},{"name":"dz4","bone":"dz4","attachment":"dz4_"},{"name":"dz3","bone":"dz3","attachment":"dz3_"},{"name":"dizuoliang_","bone":"root","blend":"additive"},{"name":"gj","bone":"ren"},{"name":"dz2","bone":"dz2","attachment":"dz2_"}],"skins":{"default":{"dan2_00_":{"dan2_00_":{"x":72.22,"y":3.06,"width":190,"height":80},"dan2_01_":{"x":72.22,"y":3.06,"width":190,"height":80},"dan2_02_":{"x":72.22,"y":3.06,"width":190,"height":80},"dan2_03_":{"x":72.22,"y":3.06,"width":190,"height":80},"dan2_04_":{"x":72.22,"y":3.06,"width":190,"height":80},"dan2_05_":{"x":72.22,"y":3.06,"width":190,"height":80}},"dizuoliang_":{"dizuoliang_":{"x":12.08,"y":59.22,"width":356,"height":268}},"dz1":{"dz1_":{"x":3.96,"y":28.63,"width":549,"height":329}},"dz2":{"dz2_":{"x":-11.27,"y":10.43,"width":161,"height":98}},"dz3":{"dz3_":{"x":2.9,"y":36.66,"width":69,"height":109}},"dz4":{"dz4_":{"x":-6.34,"y":35.71,"width":69,"height":110}},"gj":{"gj_00_":{"x":47.47,"y":41.53,"width":626,"height":508},"gj_01_":{"x":47.47,"y":41.53,"width":626,"height":508},"gj_02_":{"x":47.47,"y":41.53,"width":626,"height":508},"gj_03_":{"x":47.47,"y":41.53,"width":626,"height":508},"gj_04_":{"x":47.47,"y":41.53,"width":626,"height":508},"gj_05_":{"x":47.47,"y":41.53,"width":626,"height":508},"gj_06_":{"x":47.47,"y":41.53,"width":626,"height":508},"gj_07_":{"x":47.47,"y":41.53,"width":626,"height":508},"gj_08_":{"x":47.47,"y":41.53,"width":626,"height":508},"gj_09_":{"x":47.47,"y":41.53,"width":626,"height":508},"gj_10_":{"x":47.47,"y":41.53,"width":626,"height":508},"gj_11_":{"x":47.47,"y":41.53,"width":626,"height":508},"gj_12_":{"x":47.47,"y":41.53,"width":626,"height":508},"gj_13_":{"x":47.47,"y":41.53,"width":626,"height":508}}}},"animations":{"animation":{"slots":{"dan2_00_":{"attachment":[{"time":0.9,"name":"dan2_00_"},{"time":1,"name":"dan2_01_"},{"time":1.0667,"name":"dan2_02_"},{"time":1.1667,"name":"dan2_03_"},{"time":1.2667,"name":"dan2_04_"},{"time":1.3333,"name":"dan2_05_"},{"time":1.4,"name":null}]},"dizuoliang_":{"color":[{"time":0.4,"color":"ffc797ce"},{"time":0.8333,"color":"ffffff00","curve":"stepped"},{"time":3.2,"color":"ffffff00"}],"attachment":[{"time":0.4,"name":"dizuoliang_"},{"time":1.4,"name":null}]},"dz1":{"attachment":[{"time":1.4,"name":null}]},"dz2":{"attachment":[{"time":1.4,"name":null}]},"dz3":{"attachment":[{"time":1.4,"name":null}]},"dz4":{"attachment":[{"time":1.4,"name":null}]},"gj":{"attachment":[{"time":0,"name":"gj_00_"},{"time":0.1,"name":"gj_01_"},{"time":0.2,"name":"gj_02_"},{"time":0.3,"name":"gj_03_"},{"time":0.4,"name":"gj_04_"},{"time":0.5,"name":"gj_05_"},{"time":0.6,"name":"gj_06_"},{"time":0.7,"name":"gj_07_"},{"time":0.8,"name":"gj_08_"},{"time":0.9,"name":"gj_09_"},{"time":1,"name":"gj_10_"},{"time":1.1,"name":"gj_11_"},{"time":1.2,"name":"gj_12_"},{"time":1.3,"name":"gj_13_"},{"time":1.4,"name":null}]}},"bones":{"dz2":{"rotate":[{"time":0.2333,"angle":0},{"time":0.3,"angle":-2.14},{"time":0.4,"angle":1.34},{"time":0.5333,"angle":0}],"translate":[{"time":0.2333,"x":0,"y":0},{"time":0.3,"x":0,"y":12.19},{"time":0.4667,"x":0,"y":0}]}}}}}