{
"skeleton": { "hash": "HC1a6+E0k7E6CBO9IFoATEIV0Q0", "spine": "2.1.27", "width": 447.99, "height": 247 },
"bones": [
	{ "name": "root" }
],
"slots": [
	{ "name": "gao_ji_wai_", "bone": "root" },
	{ "name": "zhong_ji_wai_", "bone": "root" },
	{ "name": "di_ji_wai_", "bone": "root" },
	{ "name": "xiao_hua_z_", "bone": "root", "attachment": "xiao_hua_z_" },
	{ "name": "xiao_hua_r_1_", "bone": "root", "attachment": "xiao_hua_r_1_" },
	{ "name": "xiao_hua_r_", "bone": "root", "attachment": "xiao_hua_r_" },
	{ "name": "xiao_hua_l_", "bone": "root", "attachment": "xiao_hua_l_" },
	{ "name": "xiao_hua_z_", "bone": "root" },
	{ "name": "lv_ye_r_2_", "bone": "root", "attachment": "lv_ye_r_2_" },
	{ "name": "lv_ye_r_1_", "bone": "root", "attachment": "lv_ye_r_1_" },
	{ "name": "lv_ye_l_3_", "bone": "root", "attachment": "lv_ye_l_3_" },
	{ "name": "lv_ye_l_2_", "bone": "root", "attachment": "lv_ye_l_2_" },
	{ "name": "lv_ye_l_1_", "bone": "root", "attachment": "lv_ye_l_1_" },
	{ "name": "hua_ban_z_d_", "bone": "root", "attachment": "hua_ban_z_d_" },
	{ "name": "hua_ban_y_", "bone": "root", "attachment": "hua_ban_y_" },
	{ "name": "hua_ban_z_", "bone": "root", "attachment": "hua_ban_z_" }
],
"skins": {
	"default": {
		"hua_ban_y_": {
			"hua_ban_y_": {
				"type": "mesh",
				"uvs": [ 1, 1, 0, 1, 0, 0, 1, 0 ],
				"triangles": [ 1, 2, 3, 1, 3, 0 ],
				"vertices": [ 203.12, 62.42, 82.12, 62.42, 82.12, 209.42, 203.12, 209.42 ],
				"hull": 4
			}
		},
		"hua_ban_z_": {
			"hua_ban_z_": {
				"type": "mesh",
				"uvs": [ 1, 1, 0, 1, 0, 0, 1, 0 ],
				"triangles": [ 1, 2, 3, 1, 3, 0 ],
				"vertices": [ 36.12, 33.41999, -91.87, 33.41999, -91.87, 69.42, 36.12, 69.42 ],
				"hull": 4
			}
		},
		"hua_ban_z_d_": {
			"hua_ban_z_d_": {
				"type": "mesh",
				"uvs": [ 1, 1, 0, 1, 0, 0, 1, 0 ],
				"triangles": [ 1, 2, 3, 1, 3, 0 ],
				"vertices": [ -31.87, 37.41999, -213.87, 37.41999, -213.87, 201.42, -31.87, 201.42 ],
				"hull": 4
			}
		},
		"lv_ye_l_1_": {
			"lv_ye_l_1_": {
				"type": "mesh",
				"uvs": [ 1, 1, 0, 1, 0, 0, 1, 0 ],
				"triangles": [ 1, 2, 3, 1, 3, 0 ],
				"vertices": [ -154.87, 119.42, -217.87, 119.42, -217.87, 188.42, -154.87, 188.42 ],
				"hull": 4
			}
		},
		"lv_ye_l_2_": {
			"lv_ye_l_2_": {
				"type": "mesh",
				"uvs": [ 1, 1, 0, 1, 0, 0, 1, 0 ],
				"triangles": [ 1, 2, 3, 1, 3, 0 ],
				"vertices": [ -70.87, 53.42, -221.87, 53.42, -221.87, 126.42, -70.87, 126.42 ],
				"hull": 4
			}
		},
		"lv_ye_l_3_": {
			"lv_ye_l_3_": {
				"type": "mesh",
				"uvs": [ 1, 1, 0, 1, 0, 0, 1, 0 ],
				"triangles": [ 1, 2, 3, 1, 3, 0 ],
				"vertices": [ 18.12, 23.42, -124.87, 23.42, -124.87, 69.42, 18.12, 69.42 ],
				"hull": 4
			}
		},
		"lv_ye_r_1_": {
			"lv_ye_r_1_": {
				"type": "mesh",
				"uvs": [ 1, 1, 0, 1, 0, 0, 1, 0 ],
				"triangles": [ 1, 2, 3, 1, 3, 0 ],
				"vertices": [ 209.12, 132.42, 152.12, 132.42, 152.12, 234.42, 209.12, 234.42 ],
				"hull": 4
			}
		},
		"lv_ye_r_2_": {
			"lv_ye_r_2_": {
				"type": "mesh",
				"uvs": [ 1, 1, 0, 1, 0, 0, 1, 0 ],
				"triangles": [ 1, 2, 3, 1, 3, 0 ],
				"vertices": [ 226.12, 64.42, 114.12, 64.42, 114.12, 160.42, 226.12, 160.42 ],
				"hull": 4
			}
		},
		"xiao_hua_l_": {
			"xiao_hua_l_": {
				"type": "mesh",
				"uvs": [ 1, 1, 0, 1, 0, 0, 1, 0 ],
				"triangles": [ 1, 2, 3, 1, 3, 0 ],
				"vertices": [ -8.87, 1.42, -190.87, 1.42, -190.87, 64.42, -8.87, 64.42 ],
				"hull": 4
			}
		},
		"xiao_hua_r_": {
			"xiao_hua_r_": {
				"type": "mesh",
				"uvs": [ 1, 1, 0, 1, 0, 0, 1, 0 ],
				"triangles": [ 1, 2, 3, 1, 3, 0 ],
				"vertices": [ 126.12, 24.42, 82.12, 24.42, 82.12, 59.42, 126.12, 59.42 ],
				"hull": 4
			}
		},
		"xiao_hua_r_1_": {
			"xiao_hua_r_1_": {
				"type": "mesh",
				"uvs": [ 1, 1, 0, 1, 0, 0, 1, 0 ],
				"triangles": [ 1, 2, 3, 1, 3, 0 ],
				"vertices": [ 209.12, 28.42, 73.12, 28.42, 73.12, 106.42, 209.12, 106.42 ],
				"hull": 4
			}
		},
		"xiao_hua_z_": {
			"xiao_hua_z_": {
				"type": "mesh",
				"uvs": [ 1, 1, 0, 1, 0, 0, 1, 0 ],
				"triangles": [ 1, 2, 3, 1, 3, 0 ],
				"vertices": [ -27.87, -12.57, -73.87, -12.57, -73.87, 37.41999, -27.87, 37.41999 ],
				"hull": 4
			}
		}
	}
},
"animations": {
	"animation": {
		"slots": {
			"gao_ji_wai_": {
				"attachment": [
					{ "time": 0, "name": null },
					{ "time": 1, "name": null }
				]
			}
		},
		"ffd": {
			"default": {
				"hua_ban_y_": {
					"hua_ban_y_": [
						{
							"time": 0,
							"vertices": [ -40.25195, -18.348, -40.25195, -18.348, -40.25195, -18.348, -40.25195, -18.348 ],
							"curve": "stepped"
						},
						{
							"time": 1,
							"vertices": [ -40.25195, -18.348, -40.25195, -18.348, -40.25195, -18.348, -40.25195, -18.348 ]
						}
					]
				},
				"hua_ban_z_": {
					"hua_ban_z_": [
						{
							"time": 0,
							"vertices": [ 21.51399, -14.87801, 21.51399, -14.87801, 21.51399, -14.87801, 21.51399, -14.87801 ],
							"curve": "stepped"
						},
						{
							"time": 1,
							"vertices": [ 21.51399, -14.87801, 21.51399, -14.87801, 21.51399, -14.87801, 21.51399, -14.87801 ]
						}
					]
				},
				"hua_ban_z_d_": {
					"hua_ban_z_d_": [
						{
							"time": 0,
							"vertices": [ 23.58395, -18.348, 23.58395, -18.348, 23.58395, -18.348, 23.58395, -18.348 ],
							"curve": "stepped"
						},
						{
							"time": 1,
							"vertices": [ 23.58395, -18.348, 23.58395, -18.348, 23.58395, -18.348, 23.58395, -18.348 ]
						}
					]
				},
				"lv_ye_l_1_": {
					"lv_ye_l_1_": [
						{
							"time": 0,
							"vertices": [ 36.11297, 11.86895, 36.11297, 11.86895, 36.11297, 11.86895, 36.11297, 11.86895 ],
							"curve": "stepped"
						},
						{
							"time": 1,
							"vertices": [ 36.11297, 11.86895, 36.11297, 11.86895, 36.11297, 11.86895, 36.11297, 11.86895 ]
						}
					]
				},
				"lv_ye_l_2_": {
					"lv_ye_l_2_": [
						{
							"time": 0,
							"vertices": [ 17.68801, -7.29301, 17.68801, -7.29301, 17.68801, -7.29301, 17.68801, -7.29301 ],
							"curve": "stepped"
						},
						{
							"time": 1,
							"vertices": [ 17.68801, -7.29301, 17.68801, -7.29301, 17.68801, -7.29301, 17.68801, -7.29301 ]
						}
					]
				},
				"lv_ye_l_3_": {
					"lv_ye_l_3_": [
						{
							"time": 0,
							"offset": 1,
							"vertices": [ -18.348, 0, -18.348, 0, -18.348, 0, -18.348 ],
							"curve": "stepped"
						},
						{
							"time": 1,
							"offset": 1,
							"vertices": [ -18.348, 0, -18.348, 0, -18.348, 0, -18.348 ]
						}
					]
				},
				"lv_ye_r_1_": {
					"lv_ye_r_1_": [
						{
							"time": 0,
							"vertices": [ -40.25195, -18.348, -40.25195, -18.348, -40.25195, -18.348, -40.25195, -18.348 ],
							"curve": "stepped"
						},
						{
							"time": 1,
							"vertices": [ -40.25195, -18.348, -40.25195, -18.348, -40.25195, -18.348, -40.25195, -18.348 ]
						}
					]
				},
				"lv_ye_r_2_": {
					"lv_ye_r_2_": [
						{
							"time": 0,
							"vertices": [ -40.25195, -18.348, -40.25195, -18.348, -40.25195, -18.348, -40.25195, -18.348 ],
							"curve": "stepped"
						},
						{
							"time": 1,
							"vertices": [ -40.25195, -18.348, -40.25195, -18.348, -40.25195, -18.348, -40.25195, -18.348 ]
						}
					]
				},
				"xiao_hua_l_": {
					"xiao_hua_l_": [
						{
							"time": 0,
							"vertices": [ 17.2961, -46.98566, 23.68061, 0.7076, 40.18977, -1.50241, 33.80528, -49.19566 ],
							"curve": "stepped"
						},
						{
							"time": 1,
							"vertices": [ 17.2961, -46.98566, 23.68061, 0.7076, 40.18977, -1.50241, 33.80528, -49.19566 ]
						}
					]
				},
				"xiao_hua_r_": {
					"xiao_hua_r_": [
						{
							"time": 0,
							"vertices": [ -65.56689, -39.16797, -65.56689, -39.16797, -65.56689, -39.16797, -65.56689, -39.16797 ],
							"curve": "stepped"
						},
						{
							"time": 1,
							"vertices": [ -65.56689, -39.16797, -65.56689, -39.16797, -65.56689, -39.16797, -65.56689, -39.16797 ]
						}
					]
				},
				"xiao_hua_r_1_": {
					"xiao_hua_r_1_": [
						{
							"time": 0,
							"vertices": [ -22.20797, -12.10202, -22.20797, -12.10202, -22.20797, -12.10202, -22.20797, -12.10202 ],
							"curve": "stepped"
						},
						{
							"time": 1,
							"vertices": [ -22.20797, -12.10202, -22.20797, -12.10202, -22.20797, -12.10202, -22.20797, -12.10202 ]
						}
					]
				},
				"xiao_hua_z_": {
					"xiao_hua_z_": [
						{
							"time": 0,
							"vertices": [ 47.90494, -8.02998, 47.90494, -8.02998, 47.90494, -8.02998, 47.90494, -8.02998 ],
							"curve": "stepped"
						},
						{
							"time": 1,
							"vertices": [ 47.90494, -8.02998, 47.90494, -8.02998, 47.90494, -8.02998, 47.90494, -8.02998 ]
						}
					]
				}
			}
		}
	}
}
}