{"skeleton":{"hash":"15JobQ5nYoBkVyTGaPtCcp6J8To","spine":"3.7.94","width":434,"height":392,"images":"","audio":""},"bones":[{"name":"root"},{"name":"tx","parent":"root","x":60.9,"y":172.08,"scaleX":2,"scaleY":2},{"name":"xiuxian","parent":"root","x":-14.12,"y":182.37,"scaleX":2,"scaleY":2},{"name":"daiji","parent":"root","x":-6,"y":173.72,"scaleX":2,"scaleY":2}],"slots":[{"name":"daiji","bone":"daiji","attachment":"daiji00_"},{"name":"xiuxian","bone":"xiuxian"},{"name":"tx","bone":"tx"}],"skins":{"default":{"daiji":{"daiji00_":{"x":2,"y":-19.38,"width":217,"height":196},"daiji01_":{"x":2,"y":-19,"width":217,"height":196},"daiji02_":{"x":2,"y":-19,"width":217,"height":196},"daiji03_":{"x":2,"y":-19,"width":217,"height":196},"daiji04_":{"x":2,"y":-19,"width":217,"height":196},"daiji05_":{"x":2,"y":-19,"width":217,"height":196},"daiji06_":{"x":2,"y":-19,"width":217,"height":196},"daiji07_":{"x":2,"y":-19,"width":217,"height":196},"daiji08_":{"x":2,"y":-19,"width":217,"height":196},"daiji09_":{"x":2,"y":-19,"width":217,"height":196},"daiji10_":{"x":2,"y":-19,"width":217,"height":196},"daiji11_":{"x":2,"y":-19,"width":217,"height":196},"daiji12_":{"x":2,"y":-19,"width":217,"height":196},"daiji13_":{"x":2,"y":-19,"width":217,"height":196},"daiji14_":{"x":2,"y":-19,"width":217,"height":196},"daiji15_":{"x":2,"y":-19,"width":217,"height":196},"daiji16_":{"x":2,"y":-19,"width":217,"height":196},"daiji17_":{"x":2,"y":-19,"width":217,"height":196},"daiji18_":{"x":2,"y":-19,"width":217,"height":196},"daiji19_":{"x":2,"y":-19,"width":217,"height":196},"daiji20_":{"x":2,"y":-19,"width":217,"height":196},"daiji21_":{"x":2,"y":-19,"width":217,"height":196},"daiji22_":{"x":2,"y":-19,"width":217,"height":196},"daiji23_":{"x":2,"y":-19,"width":217,"height":196},"daiji24_":{"x":2,"y":-19,"width":217,"height":196},"daiji25_":{"x":2,"y":-19,"width":217,"height":196},"daiji26_":{"x":2,"y":-19,"width":217,"height":196},"daiji27_":{"x":2,"y":-19,"width":217,"height":196},"daiji28_":{"x":2,"y":-19,"width":217,"height":196},"daiji29_":{"x":2,"y":-19,"width":217,"height":196}},"tx":{"xiuxian_tx_12_":{"x":64,"y":-32.12,"width":209,"height":172},"xiuxian_tx_13_":{"x":64,"y":-32.12,"width":209,"height":172},"xiuxian_tx_14_":{"x":64,"y":-32.12,"width":209,"height":172},"xiuxian_tx_15_":{"x":64,"y":-32.12,"width":209,"height":172},"xiuxian_tx_16_":{"x":64,"y":-32.12,"width":209,"height":172},"xiuxian_tx_17_":{"x":64,"y":-32.12,"width":209,"height":172},"xiuxian_tx_18_":{"x":64,"y":-32.12,"width":209,"height":172},"xiuxian_tx_19_":{"x":64,"y":-32.12,"width":209,"height":172},"xiuxian_tx_20_":{"x":64,"y":-32.12,"width":209,"height":172},"xiuxian_tx_21_":{"x":64,"y":-32.12,"width":209,"height":172},"xiuxian_tx_22_":{"x":64,"y":-32.12,"width":209,"height":172},"xiuxian_tx_23_":{"x":64,"y":-32.12,"width":209,"height":172},"xiuxian_tx_24_":{"x":64,"y":-32.12,"width":209,"height":172},"xiuxian_tx_25_":{"x":64,"y":-32.12,"width":209,"height":172},"xiuxian_tx_26_":{"x":64,"y":-32.12,"width":209,"height":172},"xiuxian_tx_27_":{"x":64,"y":-32.12,"width":209,"height":172},"xiuxian_tx_28_":{"x":64,"y":-32.12,"width":209,"height":172},"xiuxian_tx_29_":{"x":64,"y":-32.12,"width":209,"height":172},"xiuxian_tx_30_":{"x":64,"y":-32.12,"width":209,"height":172},"xiuxian_tx_31_":{"x":64,"y":-32.12,"width":209,"height":172},"xiuxian_tx_32_":{"x":64,"y":-32.12,"width":209,"height":172},"xiuxian_tx_33_":{"x":64,"y":-32.12,"width":209,"height":172},"xiuxian_tx_34_":{"x":64,"y":-32.12,"width":209,"height":172},"xiuxian_tx_35_":{"x":64,"y":-32.12,"width":209,"height":172},"xiuxian_tx_36_":{"x":64,"y":-32.12,"width":209,"height":172}},"xiuxian":{"xiuxian01_":{"x":-27,"y":4,"width":272,"height":247},"xiuxian02_":{"x":-27,"y":4,"width":272,"height":247},"xiuxian03_":{"x":-27,"y":4,"width":272,"height":247},"xiuxian04_":{"x":-27,"y":4,"width":272,"height":247},"xiuxian05_":{"x":-27,"y":4,"width":272,"height":247},"xiuxian06_":{"x":-27,"y":4,"width":272,"height":247},"xiuxian07_":{"x":-27,"y":4,"width":272,"height":247},"xiuxian08_":{"x":-27,"y":4,"width":272,"height":247},"xiuxian09_":{"x":-27,"y":4,"width":272,"height":247},"xiuxian10_":{"x":-27,"y":4,"width":272,"height":247},"xiuxian11_":{"x":-27,"y":4,"width":272,"height":247},"xiuxian12_":{"x":-27,"y":4,"width":272,"height":247},"xiuxian13_":{"x":-27,"y":4,"width":272,"height":247},"xiuxian14_":{"x":-27,"y":4,"width":272,"height":247},"xiuxian15_":{"x":-27,"y":4,"width":272,"height":247},"xiuxian16_":{"x":-27,"y":4,"width":272,"height":247},"xiuxian17_":{"x":-27,"y":4,"width":272,"height":247},"xiuxian18_":{"x":-27,"y":4,"width":272,"height":247},"xiuxian19_":{"x":-27,"y":4,"width":272,"height":247},"xiuxian20_":{"x":-27,"y":4,"width":272,"height":247},"xiuxian21_":{"x":-27,"y":4,"width":272,"height":247},"xiuxian22_":{"x":-27,"y":4,"width":272,"height":247},"xiuxian23_":{"x":-27,"y":4,"width":272,"height":247},"xiuxian24_":{"x":-27,"y":4,"width":272,"height":247},"xiuxian25_":{"x":-27,"y":4,"width":272,"height":247},"xiuxian26_":{"x":-27,"y":4,"width":272,"height":247},"xiuxian27_":{"x":-27,"y":4,"width":272,"height":247},"xiuxian28_":{"x":-27,"y":4,"width":272,"height":247},"xiuxian29_":{"x":-27,"y":4,"width":272,"height":247},"xiuxian30_":{"x":-27,"y":4,"width":272,"height":247},"xiuxian31_":{"x":-27,"y":4,"width":272,"height":247},"xiuxian32_":{"x":-27,"y":4,"width":272,"height":247},"xiuxian33_":{"x":-27,"y":4,"width":272,"height":247},"xiuxian34_":{"x":-27,"y":4,"width":272,"height":247},"xiuxian35_":{"x":-27,"y":4,"width":272,"height":247}}}},"animations":{"animation":{"slots":{"daiji":{"attachment":[{"time":0.0667,"name":"daiji01_"},{"time":0.1333,"name":"daiji02_"},{"time":0.2,"name":"daiji03_"},{"time":0.2667,"name":"daiji04_"},{"time":0.3333,"name":"daiji05_"},{"time":0.4,"name":"daiji06_"},{"time":0.4667,"name":"daiji07_"},{"time":0.5333,"name":"daiji08_"},{"time":0.6,"name":"daiji09_"},{"time":0.6667,"name":"daiji10_"},{"time":0.7333,"name":"daiji11_"},{"time":0.8,"name":"daiji12_"},{"time":0.8667,"name":"daiji13_"},{"time":0.9333,"name":"daiji14_"},{"time":1,"name":"daiji15_"},{"time":1.0667,"name":"daiji16_"},{"time":1.1333,"name":"daiji17_"},{"time":1.2,"name":"daiji18_"},{"time":1.2667,"name":"daiji19_"},{"time":1.3333,"name":"daiji20_"},{"time":1.4,"name":"daiji21_"},{"time":1.4667,"name":"daiji22_"},{"time":1.5333,"name":"daiji23_"},{"time":1.6,"name":"daiji24_"},{"time":1.6667,"name":"daiji25_"},{"time":1.7333,"name":"daiji26_"},{"time":1.8,"name":"daiji27_"},{"time":1.8667,"name":"daiji28_"},{"time":1.9333,"name":"daiji29_"},{"time":2,"name":"daiji00_"},{"time":2.0667,"name":null},{"time":4.6,"name":"daiji00_"}]},"tx":{"color":[{"time":4.3,"color":"ffffffff"},{"time":4.6,"color":"ffffff00"}],"attachment":[{"time":2.8,"name":"xiuxian_tx_12_"},{"time":2.8667,"name":"xiuxian_tx_13_"},{"time":2.9333,"name":"xiuxian_tx_14_"},{"time":3,"name":"xiuxian_tx_15_"},{"time":3.0667,"name":"xiuxian_tx_16_"},{"time":3.1333,"name":"xiuxian_tx_17_"},{"time":3.2,"name":"xiuxian_tx_18_"},{"time":3.2667,"name":"xiuxian_tx_19_"},{"time":3.3333,"name":"xiuxian_tx_20_"},{"time":3.4,"name":"xiuxian_tx_21_"},{"time":3.4667,"name":"xiuxian_tx_22_"},{"time":3.5333,"name":"xiuxian_tx_23_"},{"time":3.6,"name":"xiuxian_tx_24_"},{"time":3.6667,"name":"xiuxian_tx_25_"},{"time":3.7333,"name":"xiuxian_tx_26_"},{"time":3.8,"name":"xiuxian_tx_27_"},{"time":3.8667,"name":"xiuxian_tx_28_"},{"time":3.9333,"name":"xiuxian_tx_29_"},{"time":4,"name":"xiuxian_tx_30_"},{"time":4.1,"name":"xiuxian_tx_31_"},{"time":4.2,"name":"xiuxian_tx_32_"},{"time":4.3,"name":"xiuxian_tx_33_"},{"time":4.4,"name":"xiuxian_tx_34_"},{"time":4.5,"name":"xiuxian_tx_35_"},{"time":4.6,"name":"xiuxian_tx_36_"}]},"xiuxian":{"attachment":[{"time":2.0667,"name":"xiuxian01_"},{"time":2.1333,"name":"xiuxian02_"},{"time":2.2,"name":"xiuxian03_"},{"time":2.2667,"name":"xiuxian04_"},{"time":2.3333,"name":"xiuxian05_"},{"time":2.4,"name":"xiuxian06_"},{"time":2.4667,"name":"xiuxian07_"},{"time":2.5333,"name":"xiuxian08_"},{"time":2.6,"name":"xiuxian09_"},{"time":2.6667,"name":"xiuxian10_"},{"time":2.7333,"name":"xiuxian11_"},{"time":2.8,"name":"xiuxian12_"},{"time":2.8667,"name":"xiuxian13_"},{"time":2.9333,"name":"xiuxian14_"},{"time":3,"name":"xiuxian15_"},{"time":3.0667,"name":"xiuxian16_"},{"time":3.1333,"name":"xiuxian17_"},{"time":3.2,"name":"xiuxian18_"},{"time":3.2667,"name":"xiuxian19_"},{"time":3.3333,"name":"xiuxian20_"},{"time":3.4,"name":"xiuxian21_"},{"time":3.4667,"name":"xiuxian22_"},{"time":3.5333,"name":"xiuxian23_"},{"time":3.6,"name":"xiuxian24_"},{"time":3.6667,"name":"xiuxian25_"},{"time":3.7333,"name":"xiuxian26_"},{"time":3.8,"name":"xiuxian27_"},{"time":3.8667,"name":"xiuxian28_"},{"time":3.9333,"name":"xiuxian29_"},{"time":4,"name":"xiuxian30_"},{"time":4.1,"name":"xiuxian31_"},{"time":4.2,"name":"xiuxian32_"},{"time":4.3,"name":"xiuxian33_"},{"time":4.4,"name":"xiuxian34_"},{"time":4.5,"name":"xiuxian35_"},{"time":4.6,"name":null}]}}}}}