{"skeleton":{"hash":"AgQjdS7BCmDDmbmvxm/VTBlCfRI","spine":"3.7.94","width":437.23,"height":354.28,"images":"","audio":""},"bones":[{"name":"root"},{"name":"di","parent":"root","x":-6,"y":30,"scaleX":1.5,"scaleY":1.3},{"name":"daiji","parent":"root","x":-9.69,"y":88.52},{"name":"bone","parent":"root","x":-15.29,"y":94.17,"scaleX":1.25,"scaleY":1.25}],"slots":[{"name":"di00_","bone":"di","attachment":"di00_"},{"name":"di01_","bone":"di"},{"name":"di02_","bone":"di"},{"name":"di_daiji_a00_","bone":"daiji","attachment":"di_daiji_a00_"},{"name":"di_daiji_b00_","bone":"daiji","attachment":"di_daiji_b00_"},{"name":"a","bone":"bone"},{"name":"b","bone":"bone"},{"name":"c","bone":"bone"}],"skins":{"default":{"a":{"bianshen_a03_":{"x":6.71,"y":45.85,"width":475,"height":427},"bianshen_a04_":{"x":6.71,"y":45.85,"width":475,"height":427},"bianshen_a05_":{"x":6.71,"y":45.85,"width":475,"height":427},"bianshen_a06_":{"x":6.71,"y":45.85,"width":475,"height":427},"bianshen_a10_":{"x":6.71,"y":45.85,"width":475,"height":427},"bianshen_a11_":{"x":6.71,"y":45.85,"width":475,"height":427},"bianshen_a12_":{"x":6.71,"y":45.85,"width":475,"height":427},"bianshen_a13_":{"x":6.71,"y":45.85,"width":475,"height":427},"bianshen_a14_":{"x":6.71,"y":45.85,"width":475,"height":427},"bianshen_a15_":{"x":6.71,"y":45.85,"width":475,"height":427}},"b":{"bianshen_b01_":{"x":6.71,"y":45.85,"width":475,"height":427},"bianshen_b02_":{"x":6.71,"y":45.85,"width":475,"height":427},"bianshen_b03_":{"x":6.71,"y":45.85,"width":475,"height":427},"bianshen_b04_":{"x":6.71,"y":45.85,"width":475,"height":427},"bianshen_b05_":{"x":6.71,"y":45.85,"width":475,"height":427},"bianshen_b06_":{"x":6.71,"y":45.85,"width":475,"height":427},"bianshen_b07_":{"x":6.71,"y":45.85,"width":475,"height":427},"bianshen_b08_":{"x":6.71,"y":45.85,"width":475,"height":427},"bianshen_b09_":{"x":6.71,"y":45.85,"width":475,"height":427},"bianshen_b10_":{"x":6.71,"y":45.85,"width":475,"height":427},"bianshen_b11_":{"x":6.71,"y":45.85,"width":475,"height":427},"bianshen_b12_":{"x":6.71,"y":45.85,"width":475,"height":427},"bianshen_b13_":{"x":6.71,"y":45.85,"width":475,"height":427},"bianshen_b14_":{"x":6.71,"y":45.85,"width":475,"height":427},"bianshen_b15_":{"x":6.71,"y":45.85,"width":475,"height":427}},"c":{"bianshen_c01_":{"x":6.71,"y":45.85,"width":475,"height":427},"bianshen_c02_":{"x":6.71,"y":45.85,"width":475,"height":427},"bianshen_c03_":{"x":6.71,"y":45.85,"width":475,"height":427},"bianshen_c04_":{"x":6.71,"y":45.85,"width":475,"height":427},"bianshen_c05_":{"x":6.71,"y":45.85,"width":475,"height":427},"bianshen_c06_":{"x":6.71,"y":45.85,"width":475,"height":427},"bianshen_c07_":{"x":6.71,"y":45.85,"width":475,"height":427},"bianshen_c08_":{"x":6.71,"y":45.85,"width":475,"height":427},"bianshen_c09_":{"x":6.71,"y":45.85,"width":475,"height":427},"bianshen_c10_":{"x":6.71,"y":45.85,"width":475,"height":427},"bianshen_c11_":{"x":6.71,"y":45.85,"width":475,"height":427},"bianshen_c12_":{"x":6.71,"y":45.85,"width":475,"height":427},"bianshen_c13_":{"x":6.71,"y":45.85,"width":475,"height":427},"bianshen_c14_":{"x":6.71,"y":45.85,"width":475,"height":427},"bianshen_c15_":{"x":6.71,"y":45.85,"width":475,"height":427}},"di00_":{"di00_":{"x":6.04,"y":-16.11,"scaleX":2,"scaleY":2,"width":125,"height":80}},"di01_":{"di01_":{"x":6.04,"y":-16.11,"scaleX":2,"scaleY":2,"width":125,"height":80}},"di02_":{"di02_":{"x":6.04,"y":-16.11,"scaleX":2,"scaleY":2,"width":125,"height":80}},"di_daiji_a00_":{"di_daiji_a00_":{"x":-45.98,"y":9.81,"width":382,"height":322},"di_daiji_a01_":{"x":-45.98,"y":9.81,"width":382,"height":322},"di_daiji_a02_":{"x":-45.98,"y":9.81,"width":382,"height":322},"di_daiji_a03_":{"x":-45.98,"y":9.81,"width":382,"height":322},"di_daiji_a04_":{"x":-45.98,"y":9.81,"width":382,"height":322},"di_daiji_a05_":{"x":-45.98,"y":9.81,"width":382,"height":322},"di_daiji_a06_":{"x":-45.98,"y":9.81,"width":382,"height":322},"di_daiji_a07_":{"x":-45.98,"y":9.81,"width":382,"height":322},"di_daiji_a08_":{"x":-45.98,"y":9.81,"width":382,"height":322},"di_daiji_a09_":{"x":-45.98,"y":9.81,"width":382,"height":322},"di_daiji_a10_":{"x":-45.98,"y":9.81,"width":382,"height":322},"di_daiji_a11_":{"x":-45.98,"y":9.81,"width":382,"height":322},"di_daiji_a12_":{"x":-45.98,"y":9.81,"width":382,"height":322},"di_daiji_a13_":{"x":-45.98,"y":9.81,"width":382,"height":322},"di_daiji_a14_":{"x":-45.98,"y":9.81,"width":382,"height":322},"di_daiji_a15_":{"x":-45.98,"y":9.81,"width":382,"height":322},"di_daiji_a16_":{"x":-45.98,"y":9.81,"width":382,"height":322},"di_daiji_a17_":{"x":-45.98,"y":9.81,"width":382,"height":322},"di_daiji_a18_":{"x":-45.98,"y":9.81,"width":382,"height":322},"di_daiji_a19_":{"x":-45.98,"y":9.81,"width":382,"height":322},"di_daiji_a20_":{"x":-45.98,"y":9.81,"width":382,"height":322},"di_daiji_a21_":{"x":-45.98,"y":9.81,"width":382,"height":322},"di_daiji_a22_":{"x":-45.98,"y":9.81,"width":382,"height":322},"di_daiji_a23_":{"x":-45.98,"y":9.81,"width":382,"height":322},"di_daiji_a24_":{"x":-45.98,"y":9.81,"width":382,"height":322}},"di_daiji_b00_":{"di_daiji_b00_":{"x":-45.98,"y":9.81,"width":382,"height":322},"di_daiji_b01_":{"x":-45.98,"y":9.81,"width":382,"height":322},"di_daiji_b02_":{"x":-45.98,"y":9.81,"width":382,"height":322},"di_daiji_b03_":{"x":-45.98,"y":9.81,"width":382,"height":322},"di_daiji_b04_":{"x":-45.98,"y":9.81,"width":382,"height":322},"di_daiji_b05_":{"x":-45.98,"y":9.81,"width":382,"height":322},"di_daiji_b06_":{"x":-45.98,"y":9.81,"width":382,"height":322},"di_daiji_b07_":{"x":-45.98,"y":9.81,"width":382,"height":322},"di_daiji_b08_":{"x":-45.98,"y":9.81,"width":382,"height":322},"di_daiji_b09_":{"x":-45.98,"y":9.81,"width":382,"height":322},"di_daiji_b10_":{"x":-45.98,"y":9.81,"width":382,"height":322},"di_daiji_b11_":{"x":-45.98,"y":9.81,"width":382,"height":322},"di_daiji_b12_":{"x":-45.98,"y":9.81,"width":382,"height":322},"di_daiji_b13_":{"x":-45.98,"y":9.81,"width":382,"height":322},"di_daiji_b14_":{"x":-45.98,"y":9.81,"width":382,"height":322},"di_daiji_b15_":{"x":-45.98,"y":9.81,"width":382,"height":322},"di_daiji_b16_":{"x":-45.98,"y":9.81,"width":382,"height":322},"di_daiji_b17_":{"x":-45.98,"y":9.81,"width":382,"height":322},"di_daiji_b18_":{"x":-45.98,"y":9.81,"width":382,"height":322},"di_daiji_b19_":{"x":-45.98,"y":9.81,"width":382,"height":322},"di_daiji_b20_":{"x":-45.98,"y":9.81,"width":382,"height":322},"di_daiji_b21_":{"x":-45.98,"y":9.81,"width":382,"height":322},"di_daiji_b22_":{"x":-45.98,"y":9.81,"width":382,"height":322},"di_daiji_b23_":{"x":-45.98,"y":9.81,"width":382,"height":322},"di_daiji_b24_":{"x":-45.98,"y":9.81,"width":382,"height":322}}}},"animations":{"a":{"slots":{"a":{"attachment":[{"time":2.5667,"name":"bianshen_a03_"},{"time":2.6667,"name":"bianshen_a04_"},{"time":2.7667,"name":"bianshen_a05_"},{"time":2.8667,"name":"bianshen_a06_"},{"time":3.2667,"name":"bianshen_a10_"},{"time":3.3667,"name":"bianshen_a11_"},{"time":3.4667,"name":"bianshen_a12_"},{"time":3.5667,"name":"bianshen_a13_"},{"time":3.6667,"name":"bianshen_a14_"},{"time":3.7667,"name":"bianshen_a15_"},{"time":3.9,"name":null}]},"b":{"attachment":[{"time":2.3667,"name":"bianshen_b01_"},{"time":2.4667,"name":"bianshen_b02_"},{"time":2.5667,"name":"bianshen_b03_"},{"time":2.6667,"name":"bianshen_b04_"},{"time":2.7667,"name":"bianshen_b05_"},{"time":2.8667,"name":"bianshen_b06_"},{"time":2.9667,"name":"bianshen_b07_"},{"time":3.0667,"name":"bianshen_b08_"},{"time":3.1667,"name":"bianshen_b09_"},{"time":3.2667,"name":"bianshen_b10_"},{"time":3.3667,"name":"bianshen_b11_"},{"time":3.4667,"name":"bianshen_b12_"},{"time":3.5667,"name":"bianshen_b13_"},{"time":3.6667,"name":"bianshen_b14_"},{"time":3.7667,"name":"bianshen_b15_"},{"time":3.9,"name":null}]},"c":{"attachment":[{"time":2.3667,"name":"bianshen_c01_"},{"time":2.4667,"name":"bianshen_c02_"},{"time":2.5667,"name":"bianshen_c03_"},{"time":2.6667,"name":"bianshen_c04_"},{"time":2.7667,"name":"bianshen_c05_"},{"time":2.8667,"name":"bianshen_c06_"},{"time":2.9667,"name":"bianshen_c07_"},{"time":3.0667,"name":"bianshen_c08_"},{"time":3.1667,"name":"bianshen_c09_"},{"time":3.2667,"name":"bianshen_c10_"},{"time":3.3667,"name":"bianshen_c11_"},{"time":3.4667,"name":"bianshen_c12_"},{"time":3.5667,"name":"bianshen_c13_"},{"time":3.6667,"name":"bianshen_c14_"},{"time":3.7667,"name":"bianshen_c15_"},{"time":3.9,"name":null},{"time":6.7667,"name":null}]},"di00_":{"color":[{"time":0,"color":"ffffffff"},{"time":0.7667,"color":"ffffff00","curve":"stepped"},{"time":1.5667,"color":"ffffff00"},{"time":2.3333,"color":"ffffffff"},{"time":3.1,"color":"ffffff00"}],"attachment":[{"time":3.9,"name":null}]},"di01_":{"color":[{"time":0,"color":"ffffff00"},{"time":0.7667,"color":"ffffffff"},{"time":1.5667,"color":"ffffff00","curve":"stepped"},{"time":2.3333,"color":"ffffff00"},{"time":3.1,"color":"ffffffff"},{"time":3.8667,"color":"ffffff00"}],"attachment":[{"time":0,"name":"di01_"},{"time":3.9,"name":null}]},"di02_":{"color":[{"time":0,"color":"ffffff00","curve":"stepped"},{"time":0.7667,"color":"ffffff00"},{"time":1.5667,"color":"ffffffff"},{"time":2.3333,"color":"ffffff00","curve":"stepped"},{"time":3.1,"color":"ffffff00"},{"time":3.8667,"color":"ffffffff"}],"attachment":[{"time":0,"name":"di02_"},{"time":3.9,"name":null}]},"di_daiji_a00_":{"attachment":[{"time":0.1,"name":"di_daiji_a01_"},{"time":0.2,"name":"di_daiji_a02_"},{"time":0.2667,"name":"di_daiji_a03_"},{"time":0.3667,"name":"di_daiji_a04_"},{"time":0.4667,"name":"di_daiji_a05_"},{"time":0.5667,"name":"di_daiji_a06_"},{"time":0.6667,"name":"di_daiji_a07_"},{"time":0.7333,"name":"di_daiji_a08_"},{"time":0.8333,"name":"di_daiji_a09_"},{"time":0.9333,"name":"di_daiji_a10_"},{"time":1.0333,"name":"di_daiji_a11_"},{"time":1.1,"name":"di_daiji_a12_"},{"time":1.2,"name":"di_daiji_a13_"},{"time":1.3,"name":"di_daiji_a14_"},{"time":1.4,"name":"di_daiji_a15_"},{"time":1.5,"name":"di_daiji_a16_"},{"time":1.5667,"name":"di_daiji_a17_"},{"time":1.6667,"name":"di_daiji_a18_"},{"time":1.7667,"name":"di_daiji_a19_"},{"time":1.8667,"name":"di_daiji_a20_"},{"time":1.9667,"name":"di_daiji_a21_"},{"time":2.0333,"name":"di_daiji_a22_"},{"time":2.1333,"name":"di_daiji_a23_"},{"time":2.2333,"name":"di_daiji_a24_"},{"time":2.3667,"name":null}]},"di_daiji_b00_":{"attachment":[{"time":0.1,"name":"di_daiji_b01_"},{"time":0.2,"name":"di_daiji_b02_"},{"time":0.2667,"name":"di_daiji_b03_"},{"time":0.3667,"name":"di_daiji_b04_"},{"time":0.4667,"name":"di_daiji_b05_"},{"time":0.5667,"name":"di_daiji_b06_"},{"time":0.6667,"name":"di_daiji_b07_"},{"time":0.7333,"name":"di_daiji_b08_"},{"time":0.8333,"name":"di_daiji_b09_"},{"time":0.9333,"name":"di_daiji_b10_"},{"time":1.0333,"name":"di_daiji_b11_"},{"time":1.1,"name":"di_daiji_b12_"},{"time":1.2,"name":"di_daiji_b13_"},{"time":1.3,"name":"di_daiji_b14_"},{"time":1.4,"name":"di_daiji_b15_"},{"time":1.5,"name":"di_daiji_b16_"},{"time":1.5667,"name":"di_daiji_b17_"},{"time":1.6667,"name":"di_daiji_b18_"},{"time":1.7667,"name":"di_daiji_b19_"},{"time":1.8667,"name":"di_daiji_b20_"},{"time":1.9667,"name":"di_daiji_b21_"},{"time":2.0333,"name":"di_daiji_b22_"},{"time":2.1333,"name":"di_daiji_b23_"},{"time":2.2333,"name":"di_daiji_b24_"},{"time":2.3667,"name":null}]}}}}}