{
"skeleton": { "hash": "BL++6ivTATtJcHX6gsIrWrSOAMU", "spine": "2.1.27", "width": 0, "height": 0 },
"bones": [
	{ "name": "root" },
	{ "name": "0", "parent": "root", "scaleX": -1 },
	{ "name": "1", "parent": "root", "scaleX": -1 },
	{ "name": "2", "parent": "root" },
	{ "name": "3", "parent": "root" },
	{ "name": "4", "parent": "root" },
	{ "name": "5", "parent": "root" },
	{ "name": "6", "parent": "root" }
],
"slots": [
	{ "name": "yz_0_", "bone": "root", "color": "ffffffa1" },
	{ "name": "xz_01_E_000_", "bone": "3" },
	{ "name": "xz_01_E_000_2", "bone": "1" },
	{ "name": "xz_01_E_001_", "bone": "3" },
	{ "name": "xz_01_E_001_2", "bone": "1" },
	{ "name": "xz_01_E_002_", "bone": "3" },
	{ "name": "xz_01_E_002_2", "bone": "1" },
	{ "name": "xz_01_E_003_", "bone": "3" },
	{ "name": "xz_01_E_003_2", "bone": "1" },
	{ "name": "xz_01_E_004_", "bone": "3" },
	{ "name": "xz_01_E_004_2", "bone": "1" },
	{ "name": "xz_01_E_005_", "bone": "3" },
	{ "name": "xz_01_E_005_2", "bone": "1" },
	{ "name": "xz_01_E_006_", "bone": "3" },
	{ "name": "xz_01_E_006_2", "bone": "1" },
	{ "name": "xz_01_E_007_", "bone": "3" },
	{ "name": "xz_01_E_007_2", "bone": "1" },
	{ "name": "xz_01_E_008_", "bone": "3" },
	{ "name": "xz_01_E_008_2", "bone": "1" },
	{ "name": "xz_01_E_009_", "bone": "3" },
	{ "name": "xz_01_E_009_2", "bone": "1" },
	{ "name": "xz_01_E_010_", "bone": "3" },
	{ "name": "xz_01_E_010_2", "bone": "1" },
	{ "name": "xz_01_E_011_", "bone": "3" },
	{ "name": "xz_01_E_011_2", "bone": "1" },
	{ "name": "xz_01_E_012_", "bone": "3" },
	{ "name": "xz_01_E_012_2", "bone": "1" },
	{ "name": "xz_01_E_013_", "bone": "3" },
	{ "name": "xz_01_E_013_2", "bone": "1" },
	{ "name": "xz_01_E_014_", "bone": "3" },
	{ "name": "xz_01_E_014_2", "bone": "1" },
	{ "name": "xz_01_E_015_", "bone": "3" },
	{ "name": "xz_01_E_015_2", "bone": "1" },
	{ "name": "xz_01_E_016_", "bone": "3" },
	{ "name": "xz_01_E_016_2", "bone": "1" },
	{ "name": "xz_01_E_017_", "bone": "3" },
	{ "name": "xz_01_E_017_2", "bone": "1" },
	{ "name": "xz_02_E_000_", "bone": "2" },
	{ "name": "xz_02_E_001_", "bone": "2" },
	{ "name": "xz_02_E_002_", "bone": "2" },
	{ "name": "xz_02_E_003_", "bone": "2" },
	{ "name": "xz_02_E_004_", "bone": "2" },
	{ "name": "xz_02_E_005_", "bone": "2" },
	{ "name": "xz_02_E_006_", "bone": "2" },
	{ "name": "xz_02_E_007_", "bone": "2" },
	{ "name": "xz_02_E_008_", "bone": "2" },
	{ "name": "xz_02_E_009_", "bone": "2" },
	{ "name": "xz_02_E_010_", "bone": "2" },
	{ "name": "xz_02_E_011_", "bone": "2" },
	{ "name": "xz_02_E_012_", "bone": "2" },
	{ "name": "xz_02_E_013_", "bone": "2" },
	{ "name": "xz_02_E_014_", "bone": "2" },
	{ "name": "xz_02_E_015_", "bone": "2" },
	{ "name": "xz_02_E_016_", "bone": "2" },
	{ "name": "xz_02_E_017_", "bone": "2" },
	{ "name": "xz_03_E_000_", "bone": "4" },
	{ "name": "xz_03_E_000_2", "bone": "0" },
	{ "name": "xz_03_E_001_", "bone": "4" },
	{ "name": "xz_03_E_001_2", "bone": "0" },
	{ "name": "xz_03_E_002_", "bone": "4" },
	{ "name": "xz_03_E_002_2", "bone": "0" },
	{ "name": "xz_03_E_003_", "bone": "4" },
	{ "name": "xz_03_E_003_2", "bone": "0" },
	{ "name": "xz_03_E_004_", "bone": "4" },
	{ "name": "xz_03_E_004_2", "bone": "0" },
	{ "name": "xz_03_E_005_", "bone": "4" },
	{ "name": "xz_03_E_005_2", "bone": "0" },
	{ "name": "xz_03_E_006_", "bone": "4" },
	{ "name": "xz_03_E_006_2", "bone": "0" },
	{ "name": "xz_03_E_007_", "bone": "4" },
	{ "name": "xz_03_E_007_2", "bone": "0" },
	{ "name": "xz_03_E_008_", "bone": "4" },
	{ "name": "xz_03_E_008_2", "bone": "0" },
	{ "name": "xz_03_E_009_", "bone": "4" },
	{ "name": "xz_03_E_009_2", "bone": "0" },
	{ "name": "xz_03_E_010_", "bone": "4" },
	{ "name": "xz_03_E_010_2", "bone": "0" },
	{ "name": "xz_03_E_011_", "bone": "4" },
	{ "name": "xz_03_E_011_2", "bone": "0" },
	{ "name": "xz_03_E_012_", "bone": "4" },
	{ "name": "xz_03_E_012_2", "bone": "0" },
	{ "name": "xz_03_E_013_", "bone": "4" },
	{ "name": "xz_03_E_013_2", "bone": "0" },
	{ "name": "xz_03_E_014_", "bone": "4" },
	{ "name": "xz_03_E_014_2", "bone": "0" },
	{ "name": "xz_03_E_015_", "bone": "4" },
	{ "name": "xz_03_E_015_2", "bone": "0" },
	{ "name": "xz_03_E_016_", "bone": "4" },
	{ "name": "xz_03_E_016_2", "bone": "0" },
	{ "name": "xz_03_E_017_", "bone": "4" },
	{ "name": "xz_03_E_017_2", "bone": "0" },
	{ "name": "xz_04_E_000_", "bone": "5" },
	{ "name": "xz_04_E_001_", "bone": "5" },
	{ "name": "xz_04_E_002_", "bone": "5" },
	{ "name": "xz_04_E_003_", "bone": "5" },
	{ "name": "xz_04_E_004_", "bone": "5" },
	{ "name": "xz_04_E_005_", "bone": "5" },
	{ "name": "xz_04_E_006_", "bone": "5" },
	{ "name": "xz_04_E_007_", "bone": "5" },
	{ "name": "xz_04_E_008_", "bone": "5" },
	{ "name": "xz_04_E_009_", "bone": "5" },
	{ "name": "xz_04_E_010_", "bone": "5" },
	{ "name": "xz_04_E_011_", "bone": "5" },
	{ "name": "xz_04_E_012_", "bone": "5" },
	{ "name": "xz_04_E_013_", "bone": "5" },
	{ "name": "xz_04_E_014_", "bone": "5" },
	{ "name": "xz_04_E_015_", "bone": "5" },
	{ "name": "xz_04_E_016_", "bone": "5" },
	{ "name": "xz_04_E_017_", "bone": "5" },
	{ "name": "xz_05_E_000_", "bone": "6" },
	{ "name": "xz_05_E_001_", "bone": "6" },
	{ "name": "xz_05_E_002_", "bone": "6" },
	{ "name": "xz_05_E_003_", "bone": "6" },
	{ "name": "xz_05_E_004_", "bone": "6" },
	{ "name": "xz_05_E_005_", "bone": "6" },
	{ "name": "xz_05_E_006_", "bone": "6" },
	{ "name": "xz_05_E_007_", "bone": "6" },
	{ "name": "xz_05_E_008_", "bone": "6" },
	{ "name": "xz_05_E_009_", "bone": "6" },
	{ "name": "xz_05_E_010_", "bone": "6" },
	{ "name": "xz_05_E_011_", "bone": "6" },
	{ "name": "xz_05_E_012_", "bone": "6" },
	{ "name": "xz_05_E_013_", "bone": "6" },
	{ "name": "xz_05_E_014_", "bone": "6" },
	{ "name": "xz_05_E_015_", "bone": "6" },
	{ "name": "xz_05_E_016_", "bone": "6" },
	{ "name": "xz_05_E_017_", "bone": "6" }
],
"skins": {
	"default": {
		"xz_01_E_000_": {
			"xz_01_E_000_": { "y": 75, "width": 200, "height": 200 }
		},
		"xz_01_E_000_2": {
			"xz_01_E_000_": { "y": 75, "width": 200, "height": 200 }
		},
		"xz_01_E_001_": {
			"xz_01_E_001_": { "y": 75, "width": 200, "height": 200 }
		},
		"xz_01_E_001_2": {
			"xz_01_E_001_": { "y": 75, "width": 200, "height": 200 }
		},
		"xz_01_E_002_": {
			"xz_01_E_002_": { "y": 75, "width": 200, "height": 200 }
		},
		"xz_01_E_002_2": {
			"xz_01_E_002_": { "y": 75, "width": 200, "height": 200 }
		},
		"xz_01_E_003_": {
			"xz_01_E_003_": { "y": 75, "width": 200, "height": 200 }
		},
		"xz_01_E_003_2": {
			"xz_01_E_003_": { "y": 75, "width": 200, "height": 200 }
		},
		"xz_01_E_004_": {
			"xz_01_E_004_": { "y": 75, "width": 200, "height": 200 }
		},
		"xz_01_E_004_2": {
			"xz_01_E_004_": { "y": 75, "width": 200, "height": 200 }
		},
		"xz_01_E_005_": {
			"xz_01_E_005_": { "y": 75, "width": 200, "height": 200 }
		},
		"xz_01_E_005_2": {
			"xz_01_E_005_": { "y": 75, "width": 200, "height": 200 }
		},
		"xz_01_E_006_": {
			"xz_01_E_006_": { "y": 75, "width": 200, "height": 200 }
		},
		"xz_01_E_006_2": {
			"xz_01_E_006_": { "y": 75, "width": 200, "height": 200 }
		},
		"xz_01_E_007_": {
			"xz_01_E_007_": { "y": 75, "width": 200, "height": 200 }
		},
		"xz_01_E_007_2": {
			"xz_01_E_007_": { "y": 75, "width": 200, "height": 200 }
		},
		"xz_01_E_008_": {
			"xz_01_E_008_": { "y": 75, "width": 200, "height": 200 }
		},
		"xz_01_E_008_2": {
			"xz_01_E_008_": { "y": 75, "width": 200, "height": 200 }
		},
		"xz_01_E_009_": {
			"xz_01_E_009_": { "y": 75, "width": 200, "height": 200 }
		},
		"xz_01_E_009_2": {
			"xz_01_E_009_": { "y": 75, "width": 200, "height": 200 }
		},
		"xz_01_E_010_": {
			"xz_01_E_010_": { "y": 75, "width": 200, "height": 200 }
		},
		"xz_01_E_010_2": {
			"xz_01_E_010_": { "y": 75, "width": 200, "height": 200 }
		},
		"xz_01_E_011_": {
			"xz_01_E_011_": { "y": 75, "width": 200, "height": 200 }
		},
		"xz_01_E_011_2": {
			"xz_01_E_011_": { "y": 75, "width": 200, "height": 200 }
		},
		"xz_01_E_012_": {
			"xz_01_E_012_": { "y": 75, "width": 200, "height": 200 }
		},
		"xz_01_E_012_2": {
			"xz_01_E_012_": { "y": 75, "width": 200, "height": 200 }
		},
		"xz_01_E_013_": {
			"xz_01_E_013_": { "y": 75, "width": 200, "height": 200 }
		},
		"xz_01_E_013_2": {
			"xz_01_E_013_": { "y": 75, "width": 200, "height": 200 }
		},
		"xz_01_E_014_": {
			"xz_01_E_014_": { "y": 75, "width": 200, "height": 200 }
		},
		"xz_01_E_014_2": {
			"xz_01_E_014_": { "y": 75, "width": 200, "height": 200 }
		},
		"xz_01_E_015_": {
			"xz_01_E_015_": { "y": 75, "width": 200, "height": 200 }
		},
		"xz_01_E_015_2": {
			"xz_01_E_015_": { "y": 75, "width": 200, "height": 200 }
		},
		"xz_01_E_016_": {
			"xz_01_E_016_": { "y": 75, "width": 200, "height": 200 }
		},
		"xz_01_E_016_2": {
			"xz_01_E_016_": { "y": 75, "width": 200, "height": 200 }
		},
		"xz_01_E_017_": {
			"xz_01_E_017_": { "y": 75, "width": 200, "height": 200 }
		},
		"xz_01_E_017_2": {
			"xz_01_E_017_": { "y": 75, "width": 200, "height": 200 }
		},
		"xz_02_E_000_": {
			"xz_02_E_000_": { "y": 75, "width": 200, "height": 200 }
		},
		"xz_02_E_001_": {
			"xz_02_E_001_": { "y": 75, "width": 200, "height": 200 }
		},
		"xz_02_E_002_": {
			"xz_02_E_002_": { "y": 75, "width": 200, "height": 200 }
		},
		"xz_02_E_003_": {
			"xz_02_E_003_": { "y": 75, "width": 200, "height": 200 }
		},
		"xz_02_E_004_": {
			"xz_02_E_004_": { "y": 75, "width": 200, "height": 200 }
		},
		"xz_02_E_005_": {
			"xz_02_E_005_": { "y": 75, "width": 200, "height": 200 }
		},
		"xz_02_E_006_": {
			"xz_02_E_006_": { "y": 75, "width": 200, "height": 200 }
		},
		"xz_02_E_007_": {
			"xz_02_E_007_": { "y": 75, "width": 200, "height": 200 }
		},
		"xz_02_E_008_": {
			"xz_02_E_008_": { "y": 75, "width": 200, "height": 200 }
		},
		"xz_02_E_009_": {
			"xz_02_E_009_": { "y": 75, "width": 200, "height": 200 }
		},
		"xz_02_E_010_": {
			"xz_02_E_010_": { "y": 75, "width": 200, "height": 200 }
		},
		"xz_02_E_011_": {
			"xz_02_E_011_": { "y": 75, "width": 200, "height": 200 }
		},
		"xz_02_E_012_": {
			"xz_02_E_012_": { "y": 75, "width": 200, "height": 200 }
		},
		"xz_02_E_013_": {
			"xz_02_E_013_": { "y": 75, "width": 200, "height": 200 }
		},
		"xz_02_E_014_": {
			"xz_02_E_014_": { "y": 75, "width": 200, "height": 200 }
		},
		"xz_02_E_015_": {
			"xz_02_E_015_": { "y": 75, "width": 200, "height": 200 }
		},
		"xz_02_E_016_": {
			"xz_02_E_016_": { "y": 75, "width": 200, "height": 200 }
		},
		"xz_02_E_017_": {
			"xz_02_E_017_": { "y": 75, "width": 200, "height": 200 }
		},
		"xz_03_E_000_": {
			"xz_03_E_000_": { "y": 75, "width": 200, "height": 200 }
		},
		"xz_03_E_000_2": {
			"xz_03_E_000_": { "y": 75, "width": 200, "height": 200 }
		},
		"xz_03_E_001_": {
			"xz_03_E_001_": { "y": 75, "width": 200, "height": 200 }
		},
		"xz_03_E_001_2": {
			"xz_03_E_001_": { "y": 75, "width": 200, "height": 200 }
		},
		"xz_03_E_002_": {
			"xz_03_E_002_": { "y": 75, "width": 200, "height": 200 }
		},
		"xz_03_E_002_2": {
			"xz_03_E_002_": { "y": 75, "width": 200, "height": 200 }
		},
		"xz_03_E_003_": {
			"xz_03_E_003_": { "y": 75, "width": 200, "height": 200 }
		},
		"xz_03_E_003_2": {
			"xz_03_E_003_": { "y": 75, "width": 200, "height": 200 }
		},
		"xz_03_E_004_": {
			"xz_03_E_004_": { "y": 75, "width": 200, "height": 200 }
		},
		"xz_03_E_004_2": {
			"xz_03_E_004_": { "y": 75, "width": 200, "height": 200 }
		},
		"xz_03_E_005_": {
			"xz_03_E_005_": { "y": 75, "width": 200, "height": 200 }
		},
		"xz_03_E_005_2": {
			"xz_03_E_005_": { "y": 75, "width": 200, "height": 200 }
		},
		"xz_03_E_006_": {
			"xz_03_E_006_": { "y": 75, "width": 200, "height": 200 }
		},
		"xz_03_E_006_2": {
			"xz_03_E_006_": { "y": 75, "width": 200, "height": 200 }
		},
		"xz_03_E_007_": {
			"xz_03_E_007_": { "y": 75, "width": 200, "height": 200 }
		},
		"xz_03_E_007_2": {
			"xz_03_E_007_": { "y": 75, "width": 200, "height": 200 }
		},
		"xz_03_E_008_": {
			"xz_03_E_008_": { "y": 75, "width": 200, "height": 200 }
		},
		"xz_03_E_008_2": {
			"xz_03_E_008_": { "y": 75, "width": 200, "height": 200 }
		},
		"xz_03_E_009_": {
			"xz_03_E_009_": { "y": 75, "width": 200, "height": 200 }
		},
		"xz_03_E_009_2": {
			"xz_03_E_009_": { "y": 75, "width": 200, "height": 200 }
		},
		"xz_03_E_010_": {
			"xz_03_E_010_": { "y": 75, "width": 200, "height": 200 }
		},
		"xz_03_E_010_2": {
			"xz_03_E_010_": { "y": 75, "width": 200, "height": 200 }
		},
		"xz_03_E_011_": {
			"xz_03_E_011_": { "y": 75, "width": 200, "height": 200 }
		},
		"xz_03_E_011_2": {
			"xz_03_E_011_": { "y": 75, "width": 200, "height": 200 }
		},
		"xz_03_E_012_": {
			"xz_03_E_012_": { "y": 75, "width": 200, "height": 200 }
		},
		"xz_03_E_012_2": {
			"xz_03_E_012_": { "y": 75, "width": 200, "height": 200 }
		},
		"xz_03_E_013_": {
			"xz_03_E_013_": { "y": 75, "width": 200, "height": 200 }
		},
		"xz_03_E_013_2": {
			"xz_03_E_013_": { "y": 75, "width": 200, "height": 200 }
		},
		"xz_03_E_014_": {
			"xz_03_E_014_": { "y": 75, "width": 200, "height": 200 }
		},
		"xz_03_E_014_2": {
			"xz_03_E_014_": { "y": 75, "width": 200, "height": 200 }
		},
		"xz_03_E_015_": {
			"xz_03_E_015_": { "y": 75, "width": 200, "height": 200 }
		},
		"xz_03_E_015_2": {
			"xz_03_E_015_": { "y": 75, "width": 200, "height": 200 }
		},
		"xz_03_E_016_": {
			"xz_03_E_016_": { "y": 75, "width": 200, "height": 200 }
		},
		"xz_03_E_016_2": {
			"xz_03_E_016_": { "y": 75, "width": 200, "height": 200 }
		},
		"xz_03_E_017_": {
			"xz_03_E_017_": { "y": 75, "width": 200, "height": 200 }
		},
		"xz_03_E_017_2": {
			"xz_03_E_017_": { "y": 75, "width": 200, "height": 200 }
		},
		"xz_04_E_000_": {
			"xz_04_E_000_": { "y": 75, "width": 200, "height": 200 }
		},
		"xz_04_E_001_": {
			"xz_04_E_001_": { "y": 75, "width": 200, "height": 200 }
		},
		"xz_04_E_002_": {
			"xz_04_E_002_": { "y": 75, "width": 200, "height": 200 }
		},
		"xz_04_E_003_": {
			"xz_04_E_003_": { "y": 75, "width": 200, "height": 200 }
		},
		"xz_04_E_004_": {
			"xz_04_E_004_": { "y": 75, "width": 200, "height": 200 }
		},
		"xz_04_E_005_": {
			"xz_04_E_005_": { "y": 75, "width": 200, "height": 200 }
		},
		"xz_04_E_006_": {
			"xz_04_E_006_": { "y": 75, "width": 200, "height": 200 }
		},
		"xz_04_E_007_": {
			"xz_04_E_007_": { "y": 75, "width": 200, "height": 200 }
		},
		"xz_04_E_008_": {
			"xz_04_E_008_": { "y": 75, "width": 200, "height": 200 }
		},
		"xz_04_E_009_": {
			"xz_04_E_009_": { "y": 75, "width": 200, "height": 200 }
		},
		"xz_04_E_010_": {
			"xz_04_E_010_": { "y": 75, "width": 200, "height": 200 }
		},
		"xz_04_E_011_": {
			"xz_04_E_011_": { "y": 75, "width": 200, "height": 200 }
		},
		"xz_04_E_012_": {
			"xz_04_E_012_": { "y": 75, "width": 200, "height": 200 }
		},
		"xz_04_E_013_": {
			"xz_04_E_013_": { "y": 75, "width": 200, "height": 200 }
		},
		"xz_04_E_014_": {
			"xz_04_E_014_": { "y": 75, "width": 200, "height": 200 }
		},
		"xz_04_E_015_": {
			"xz_04_E_015_": { "y": 75, "width": 200, "height": 200 }
		},
		"xz_04_E_016_": {
			"xz_04_E_016_": { "y": 75, "width": 200, "height": 200 }
		},
		"xz_04_E_017_": {
			"xz_04_E_017_": { "y": 75, "width": 200, "height": 200 }
		},
		"xz_05_E_000_": {
			"xz_05_E_000_": { "y": 75, "width": 200, "height": 200 }
		},
		"xz_05_E_001_": {
			"xz_05_E_001_": { "y": 75, "width": 200, "height": 200 }
		},
		"xz_05_E_002_": {
			"xz_05_E_002_": { "y": 75, "width": 200, "height": 200 }
		},
		"xz_05_E_003_": {
			"xz_05_E_003_": { "y": 75, "width": 200, "height": 200 }
		},
		"xz_05_E_004_": {
			"xz_05_E_004_": { "y": 75, "width": 200, "height": 200 }
		},
		"xz_05_E_005_": {
			"xz_05_E_005_": { "y": 75, "width": 200, "height": 200 }
		},
		"xz_05_E_006_": {
			"xz_05_E_006_": { "y": 75, "width": 200, "height": 200 }
		},
		"xz_05_E_007_": {
			"xz_05_E_007_": { "y": 75, "width": 200, "height": 200 }
		},
		"xz_05_E_008_": {
			"xz_05_E_008_": { "y": 75, "width": 200, "height": 200 }
		},
		"xz_05_E_009_": {
			"xz_05_E_009_": { "y": 75, "width": 200, "height": 200 }
		},
		"xz_05_E_010_": {
			"xz_05_E_010_": { "y": 75, "width": 200, "height": 200 }
		},
		"xz_05_E_011_": {
			"xz_05_E_011_": { "y": 75, "width": 200, "height": 200 }
		},
		"xz_05_E_012_": {
			"xz_05_E_012_": { "y": 75, "width": 200, "height": 200 }
		},
		"xz_05_E_013_": {
			"xz_05_E_013_": { "y": 75, "width": 200, "height": 200 }
		},
		"xz_05_E_014_": {
			"xz_05_E_014_": { "y": 75, "width": 200, "height": 200 }
		},
		"xz_05_E_015_": {
			"xz_05_E_015_": { "y": 75, "width": 200, "height": 200 }
		},
		"xz_05_E_016_": {
			"xz_05_E_016_": { "y": 75, "width": 200, "height": 200 }
		},
		"xz_05_E_017_": {
			"xz_05_E_017_": { "y": 75, "width": 200, "height": 200 }
		},
		"yz_0_": {
			"yz_0_": { "y": 2, "scaleX": 0.8, "scaleY": 0.5, "width": 85, "height": 85 }
		}
	}
},
"animations": {
	"walk_0": {
		"slots": {
			"xz_03_E_000_2": {
				"attachment": [
					{ "time": 0, "name": "xz_03_E_000_" },
					{ "time": 0.0333, "name": "xz_03_E_000_" },
					{ "time": 0.0666, "name": null }
				]
			},
			"xz_03_E_001_2": {
				"attachment": [
					{ "time": 0, "name": null },
					{ "time": 0.0333, "name": null },
					{ "time": 0.0666, "name": "xz_03_E_001_" },
					{ "time": 0.1333, "name": "xz_03_E_001_" },
					{ "time": 0.1666, "name": null }
				]
			},
			"xz_03_E_002_2": {
				"attachment": [
					{ "time": 0, "name": null },
					{ "time": 0.1333, "name": null },
					{ "time": 0.1666, "name": "xz_03_E_002_" },
					{ "time": 0.2, "name": "xz_03_E_002_" },
					{ "time": 0.2333, "name": null }
				]
			},
			"xz_03_E_003_2": {
				"attachment": [
					{ "time": 0, "name": null },
					{ "time": 0.2, "name": null },
					{ "time": 0.2333, "name": "xz_03_E_003_" },
					{ "time": 0.3, "name": "xz_03_E_003_" },
					{ "time": 0.3333, "name": null }
				]
			},
			"xz_03_E_004_2": {
				"attachment": [
					{ "time": 0, "name": null },
					{ "time": 0.3, "name": null },
					{ "time": 0.3333, "name": "xz_03_E_004_" },
					{ "time": 0.3666, "name": "xz_03_E_004_" },
					{ "time": 0.4, "name": null }
				]
			},
			"xz_03_E_005_2": {
				"attachment": [
					{ "time": 0, "name": null },
					{ "time": 0.3666, "name": null },
					{ "time": 0.4, "name": "xz_03_E_005_" },
					{ "time": 0.4666, "name": "xz_03_E_005_" },
					{ "time": 0.5, "name": null }
				]
			},
			"xz_03_E_006_2": {
				"attachment": [
					{ "time": 0, "name": null },
					{ "time": 0.4666, "name": null },
					{ "time": 0.5, "name": "xz_03_E_006_" },
					{ "time": 0.5333, "name": "xz_03_E_006_" },
					{ "time": 0.5666, "name": null }
				]
			},
			"xz_03_E_007_2": {
				"attachment": [
					{ "time": 0, "name": null },
					{ "time": 0.5333, "name": null },
					{ "time": 0.5666, "name": "xz_03_E_007_" },
					{ "time": 0.6333, "name": "xz_03_E_007_" },
					{ "time": 0.6666, "name": null }
				]
			},
			"xz_03_E_008_2": {
				"attachment": [
					{ "time": 0, "name": null },
					{ "time": 0.6333, "name": null },
					{ "time": 0.6666, "name": "xz_03_E_008_" },
					{ "time": 0.7, "name": "xz_03_E_008_" },
					{ "time": 0.7333, "name": null }
				]
			},
			"xz_03_E_009_2": {
				"attachment": [
					{ "time": 0, "name": null },
					{ "time": 0.7, "name": null },
					{ "time": 0.7333, "name": "xz_03_E_009_" },
					{ "time": 0.8, "name": "xz_03_E_009_" },
					{ "time": 0.8333, "name": null }
				]
			},
			"xz_03_E_010_2": {
				"attachment": [
					{ "time": 0, "name": null },
					{ "time": 0.8, "name": null },
					{ "time": 0.8333, "name": "xz_03_E_010_" },
					{ "time": 0.8666, "name": "xz_03_E_010_" },
					{ "time": 0.9, "name": null }
				]
			},
			"xz_03_E_011_2": {
				"attachment": [
					{ "time": 0, "name": null },
					{ "time": 0.8666, "name": null },
					{ "time": 0.9, "name": "xz_03_E_011_" },
					{ "time": 0.9666, "name": "xz_03_E_011_" },
					{ "time": 1, "name": null }
				]
			},
			"xz_03_E_012_2": {
				"attachment": [
					{ "time": 0, "name": null },
					{ "time": 0.9666, "name": null },
					{ "time": 1, "name": "xz_03_E_012_" },
					{ "time": 1.0333, "name": "xz_03_E_012_" },
					{ "time": 1.0666, "name": null }
				]
			},
			"xz_03_E_013_2": {
				"attachment": [
					{ "time": 0, "name": null },
					{ "time": 1.0333, "name": null },
					{ "time": 1.0666, "name": "xz_03_E_013_" },
					{ "time": 1.1333, "name": "xz_03_E_013_" },
					{ "time": 1.1666, "name": null }
				]
			},
			"xz_03_E_014_2": {
				"attachment": [
					{ "time": 0, "name": null },
					{ "time": 1.1333, "name": null },
					{ "time": 1.1666, "name": "xz_03_E_014_" },
					{ "time": 1.2, "name": "xz_03_E_014_" },
					{ "time": 1.2333, "name": null }
				]
			},
			"xz_03_E_015_2": {
				"attachment": [
					{ "time": 0, "name": null },
					{ "time": 1.2, "name": null },
					{ "time": 1.2333, "name": "xz_03_E_015_" },
					{ "time": 1.3, "name": "xz_03_E_015_" },
					{ "time": 1.3333, "name": null }
				]
			},
			"xz_03_E_016_2": {
				"attachment": [
					{ "time": 0, "name": null },
					{ "time": 1.3, "name": null },
					{ "time": 1.3333, "name": "xz_03_E_016_" },
					{ "time": 1.3666, "name": "xz_03_E_016_" },
					{ "time": 1.4, "name": null }
				]
			},
			"xz_03_E_017_2": {
				"attachment": [
					{ "time": 0, "name": null }
				]
			},
			"yz_0_": {
				"attachment": [
					{ "time": 0, "name": "yz_0_" }
				]
			}
		},
		"bones": {
			"0": {
				"translate": [
					{ "time": 0, "x": 8, "y": 0 }
				]
			}
		}
	},
	"walk_1": {
		"slots": {
			"xz_01_E_000_2": {
				"attachment": [
					{ "time": 0, "name": "xz_01_E_000_" },
					{ "time": 0.0333, "name": "xz_01_E_000_" },
					{ "time": 0.0666, "name": null }
				]
			},
			"xz_01_E_001_2": {
				"attachment": [
					{ "time": 0, "name": null },
					{ "time": 0.0333, "name": null },
					{ "time": 0.0666, "name": "xz_01_E_001_" },
					{ "time": 0.1333, "name": "xz_01_E_001_" },
					{ "time": 0.1666, "name": null }
				]
			},
			"xz_01_E_002_2": {
				"attachment": [
					{ "time": 0, "name": null },
					{ "time": 0.1333, "name": null },
					{ "time": 0.1666, "name": "xz_01_E_002_" },
					{ "time": 0.2, "name": "xz_01_E_002_" },
					{ "time": 0.2333, "name": null }
				]
			},
			"xz_01_E_003_2": {
				"attachment": [
					{ "time": 0, "name": null },
					{ "time": 0.2, "name": null },
					{ "time": 0.2333, "name": "xz_01_E_003_" },
					{ "time": 0.3, "name": "xz_01_E_003_" },
					{ "time": 0.3333, "name": null }
				]
			},
			"xz_01_E_004_2": {
				"attachment": [
					{ "time": 0, "name": null },
					{ "time": 0.3, "name": null },
					{ "time": 0.3333, "name": "xz_01_E_004_" },
					{ "time": 0.3666, "name": "xz_01_E_004_" },
					{ "time": 0.4, "name": null }
				]
			},
			"xz_01_E_005_2": {
				"attachment": [
					{ "time": 0, "name": null },
					{ "time": 0.3666, "name": null },
					{ "time": 0.4, "name": "xz_01_E_005_" },
					{ "time": 0.4666, "name": "xz_01_E_005_" },
					{ "time": 0.5, "name": null }
				]
			},
			"xz_01_E_006_2": {
				"attachment": [
					{ "time": 0, "name": null },
					{ "time": 0.4666, "name": null },
					{ "time": 0.5, "name": "xz_01_E_006_" },
					{ "time": 0.5333, "name": "xz_01_E_006_" },
					{ "time": 0.5666, "name": null }
				]
			},
			"xz_01_E_007_2": {
				"attachment": [
					{ "time": 0, "name": null },
					{ "time": 0.5333, "name": null },
					{ "time": 0.5666, "name": "xz_01_E_007_" },
					{ "time": 0.6333, "name": "xz_01_E_007_" },
					{ "time": 0.6666, "name": null }
				]
			},
			"xz_01_E_008_2": {
				"attachment": [
					{ "time": 0, "name": null },
					{ "time": 0.6333, "name": null },
					{ "time": 0.6666, "name": "xz_01_E_008_" },
					{ "time": 0.7, "name": "xz_01_E_008_" },
					{ "time": 0.7333, "name": null }
				]
			},
			"xz_01_E_009_2": {
				"attachment": [
					{ "time": 0, "name": null },
					{ "time": 0.7, "name": null },
					{ "time": 0.7333, "name": "xz_01_E_009_" },
					{ "time": 0.8, "name": "xz_01_E_009_" },
					{ "time": 0.8333, "name": null }
				]
			},
			"xz_01_E_010_2": {
				"attachment": [
					{ "time": 0, "name": null },
					{ "time": 0.8, "name": null },
					{ "time": 0.8333, "name": "xz_01_E_010_" },
					{ "time": 0.8666, "name": "xz_01_E_010_" },
					{ "time": 0.9, "name": null }
				]
			},
			"xz_01_E_011_2": {
				"attachment": [
					{ "time": 0, "name": null },
					{ "time": 0.8666, "name": null },
					{ "time": 0.9, "name": "xz_01_E_011_" },
					{ "time": 0.9666, "name": "xz_01_E_011_" },
					{ "time": 1, "name": null }
				]
			},
			"xz_01_E_012_2": {
				"attachment": [
					{ "time": 0, "name": null },
					{ "time": 0.9666, "name": null },
					{ "time": 1, "name": "xz_01_E_012_" },
					{ "time": 1.0333, "name": "xz_01_E_012_" },
					{ "time": 1.0666, "name": null }
				]
			},
			"xz_01_E_013_2": {
				"attachment": [
					{ "time": 0, "name": null },
					{ "time": 1.0333, "name": null },
					{ "time": 1.0666, "name": "xz_01_E_013_" },
					{ "time": 1.1333, "name": "xz_01_E_013_" },
					{ "time": 1.1666, "name": null }
				]
			},
			"xz_01_E_014_2": {
				"attachment": [
					{ "time": 0, "name": null },
					{ "time": 1.1333, "name": null },
					{ "time": 1.1666, "name": "xz_01_E_014_" },
					{ "time": 1.2, "name": "xz_01_E_014_" },
					{ "time": 1.2333, "name": null }
				]
			},
			"xz_01_E_015_2": {
				"attachment": [
					{ "time": 0, "name": null },
					{ "time": 1.2, "name": null },
					{ "time": 1.2333, "name": "xz_01_E_015_" },
					{ "time": 1.3, "name": "xz_01_E_015_" },
					{ "time": 1.3333, "name": null }
				]
			},
			"xz_01_E_016_2": {
				"attachment": [
					{ "time": 0, "name": null },
					{ "time": 1.3, "name": null },
					{ "time": 1.3333, "name": "xz_01_E_016_" },
					{ "time": 1.3666, "name": "xz_01_E_016_" },
					{ "time": 1.4, "name": null }
				]
			},
			"xz_01_E_017_2": {
				"attachment": [
					{ "time": 0, "name": null }
				]
			},
			"yz_0_": {
				"attachment": [
					{ "time": 0, "name": "yz_0_" }
				]
			}
		},
		"bones": {
			"1": {
				"translate": [
					{ "time": 0, "x": 6.76, "y": 0 }
				]
			}
		}
	},
	"walk_2": {
		"slots": {
			"xz_02_E_000_": {
				"attachment": [
					{ "time": 0, "name": "xz_02_E_000_" },
					{ "time": 0.0333, "name": "xz_02_E_000_" },
					{ "time": 0.0666, "name": null }
				]
			},
			"xz_02_E_001_": {
				"attachment": [
					{ "time": 0, "name": null },
					{ "time": 0.0333, "name": null },
					{ "time": 0.0666, "name": "xz_02_E_001_" },
					{ "time": 0.1333, "name": "xz_02_E_001_" },
					{ "time": 0.1666, "name": null }
				]
			},
			"xz_02_E_002_": {
				"attachment": [
					{ "time": 0, "name": null },
					{ "time": 0.1333, "name": null },
					{ "time": 0.1666, "name": "xz_02_E_002_" },
					{ "time": 0.2, "name": "xz_02_E_002_" },
					{ "time": 0.2333, "name": null }
				]
			},
			"xz_02_E_003_": {
				"attachment": [
					{ "time": 0, "name": null },
					{ "time": 0.2, "name": null },
					{ "time": 0.2333, "name": "xz_02_E_003_" },
					{ "time": 0.3, "name": "xz_02_E_003_" },
					{ "time": 0.3333, "name": null }
				]
			},
			"xz_02_E_004_": {
				"attachment": [
					{ "time": 0, "name": null },
					{ "time": 0.3, "name": null },
					{ "time": 0.3333, "name": "xz_02_E_004_" },
					{ "time": 0.3666, "name": "xz_02_E_004_" },
					{ "time": 0.4, "name": null }
				]
			},
			"xz_02_E_005_": {
				"attachment": [
					{ "time": 0, "name": null },
					{ "time": 0.3666, "name": null },
					{ "time": 0.4, "name": "xz_02_E_005_" },
					{ "time": 0.4333, "name": "xz_02_E_005_" },
					{ "time": 0.5, "name": null }
				]
			},
			"xz_02_E_006_": {
				"attachment": [
					{ "time": 0, "name": null },
					{ "time": 0.4333, "name": null },
					{ "time": 0.5, "name": "xz_02_E_006_" },
					{ "time": 0.5333, "name": "xz_02_E_006_" },
					{ "time": 0.5666, "name": null }
				]
			},
			"xz_02_E_007_": {
				"attachment": [
					{ "time": 0, "name": null },
					{ "time": 0.5333, "name": null },
					{ "time": 0.5666, "name": "xz_02_E_007_" },
					{ "time": 0.6, "name": "xz_02_E_007_" },
					{ "time": 0.6666, "name": null }
				]
			},
			"xz_02_E_008_": {
				"attachment": [
					{ "time": 0, "name": null },
					{ "time": 0.6, "name": null },
					{ "time": 0.6666, "name": "xz_02_E_008_" },
					{ "time": 0.7, "name": "xz_02_E_008_" },
					{ "time": 0.7333, "name": null }
				]
			},
			"xz_02_E_009_": {
				"attachment": [
					{ "time": 0, "name": null },
					{ "time": 0.7, "name": null },
					{ "time": 0.7333, "name": "xz_02_E_009_" },
					{ "time": 0.7666, "name": "xz_02_E_009_" },
					{ "time": 0.8, "name": null }
				]
			},
			"xz_02_E_010_": {
				"attachment": [
					{ "time": 0, "name": null },
					{ "time": 0.7666, "name": null },
					{ "time": 0.8, "name": "xz_02_E_010_" },
					{ "time": 0.8666, "name": "xz_02_E_010_" },
					{ "time": 0.9, "name": null }
				]
			},
			"xz_02_E_011_": {
				"attachment": [
					{ "time": 0, "name": null },
					{ "time": 0.8666, "name": null },
					{ "time": 0.9, "name": "xz_02_E_011_" },
					{ "time": 0.9333, "name": "xz_02_E_011_" },
					{ "time": 0.9666, "name": null }
				]
			},
			"xz_02_E_012_": {
				"attachment": [
					{ "time": 0, "name": null },
					{ "time": 0.9333, "name": null },
					{ "time": 0.9666, "name": "xz_02_E_012_" },
					{ "time": 1.0333, "name": "xz_02_E_012_" },
					{ "time": 1.0666, "name": null }
				]
			},
			"xz_02_E_013_": {
				"attachment": [
					{ "time": 0, "name": null },
					{ "time": 1.0333, "name": null },
					{ "time": 1.0666, "name": "xz_02_E_013_" },
					{ "time": 1.1, "name": "xz_02_E_013_" },
					{ "time": 1.1333, "name": null }
				]
			},
			"xz_02_E_014_": {
				"attachment": [
					{ "time": 0, "name": null },
					{ "time": 1.1, "name": null },
					{ "time": 1.1333, "name": "xz_02_E_014_" },
					{ "time": 1.1666, "name": "xz_02_E_014_" },
					{ "time": 1.2333, "name": null }
				]
			},
			"xz_02_E_015_": {
				"attachment": [
					{ "time": 0, "name": null },
					{ "time": 1.1666, "name": null },
					{ "time": 1.2333, "name": "xz_02_E_015_" },
					{ "time": 1.2666, "name": "xz_02_E_015_" },
					{ "time": 1.3, "name": null }
				]
			},
			"xz_02_E_016_": {
				"attachment": [
					{ "time": 0, "name": null },
					{ "time": 1.2666, "name": null },
					{ "time": 1.3, "name": "xz_02_E_016_" },
					{ "time": 1.3333, "name": "xz_02_E_016_" },
					{ "time": 1.4, "name": null }
				]
			},
			"xz_02_E_017_": {
				"attachment": [
					{ "time": 0, "name": null }
				]
			},
			"yz_0_": {
				"attachment": [
					{ "time": 0, "name": "yz_0_" }
				]
			}
		},
		"bones": {
			"2": {
				"translate": [
					{ "time": 0, "x": -5.92, "y": 0 }
				]
			}
		}
	},
	"walk_3": {
		"slots": {
			"xz_01_E_000_": {
				"attachment": [
					{ "time": 0, "name": "xz_01_E_000_" },
					{ "time": 0.0333, "name": "xz_01_E_000_" },
					{ "time": 0.0666, "name": null }
				]
			},
			"xz_01_E_001_": {
				"attachment": [
					{ "time": 0, "name": null },
					{ "time": 0.0333, "name": null },
					{ "time": 0.0666, "name": "xz_01_E_001_" },
					{ "time": 0.1333, "name": "xz_01_E_001_" },
					{ "time": 0.1666, "name": null }
				]
			},
			"xz_01_E_002_": {
				"attachment": [
					{ "time": 0, "name": null },
					{ "time": 0.1333, "name": null },
					{ "time": 0.1666, "name": "xz_01_E_002_" },
					{ "time": 0.2, "name": "xz_01_E_002_" },
					{ "time": 0.2333, "name": null }
				]
			},
			"xz_01_E_003_": {
				"attachment": [
					{ "time": 0, "name": null },
					{ "time": 0.2, "name": null },
					{ "time": 0.2333, "name": "xz_01_E_003_" },
					{ "time": 0.3, "name": "xz_01_E_003_" },
					{ "time": 0.3333, "name": null }
				]
			},
			"xz_01_E_004_": {
				"attachment": [
					{ "time": 0, "name": null },
					{ "time": 0.3, "name": null },
					{ "time": 0.3333, "name": "xz_01_E_004_" },
					{ "time": 0.3666, "name": "xz_01_E_004_" },
					{ "time": 0.4, "name": null }
				]
			},
			"xz_01_E_005_": {
				"attachment": [
					{ "time": 0, "name": null },
					{ "time": 0.3666, "name": null },
					{ "time": 0.4, "name": "xz_01_E_005_" },
					{ "time": 0.4666, "name": "xz_01_E_005_" },
					{ "time": 0.5, "name": null }
				]
			},
			"xz_01_E_006_": {
				"attachment": [
					{ "time": 0, "name": null },
					{ "time": 0.4666, "name": null },
					{ "time": 0.5, "name": "xz_01_E_006_" },
					{ "time": 0.5333, "name": "xz_01_E_006_" },
					{ "time": 0.5666, "name": null }
				]
			},
			"xz_01_E_007_": {
				"attachment": [
					{ "time": 0, "name": null },
					{ "time": 0.5333, "name": null },
					{ "time": 0.5666, "name": "xz_01_E_007_" },
					{ "time": 0.6, "name": "xz_01_E_007_" },
					{ "time": 0.6666, "name": null }
				]
			},
			"xz_01_E_008_": {
				"attachment": [
					{ "time": 0, "name": null },
					{ "time": 0.6, "name": null },
					{ "time": 0.6666, "name": "xz_01_E_008_" },
					{ "time": 0.7, "name": "xz_01_E_008_" },
					{ "time": 0.7333, "name": null }
				]
			},
			"xz_01_E_009_": {
				"attachment": [
					{ "time": 0, "name": null },
					{ "time": 0.7, "name": null },
					{ "time": 0.7333, "name": "xz_01_E_009_" },
					{ "time": 0.7666, "name": "xz_01_E_009_" },
					{ "time": 0.8333, "name": null }
				]
			},
			"xz_01_E_010_": {
				"attachment": [
					{ "time": 0, "name": null },
					{ "time": 0.7666, "name": null },
					{ "time": 0.8333, "name": "xz_01_E_010_" },
					{ "time": 0.8666, "name": "xz_01_E_010_" },
					{ "time": 0.9, "name": null }
				]
			},
			"xz_01_E_011_": {
				"attachment": [
					{ "time": 0, "name": null },
					{ "time": 0.8666, "name": null },
					{ "time": 0.9, "name": "xz_01_E_011_" },
					{ "time": 0.9333, "name": "xz_01_E_011_" },
					{ "time": 0.9666, "name": null }
				]
			},
			"xz_01_E_012_": {
				"attachment": [
					{ "time": 0, "name": null },
					{ "time": 0.9333, "name": null },
					{ "time": 0.9666, "name": "xz_01_E_012_" },
					{ "time": 1.0333, "name": "xz_01_E_012_" },
					{ "time": 1.0666, "name": null }
				]
			},
			"xz_01_E_013_": {
				"attachment": [
					{ "time": 0, "name": null },
					{ "time": 1.0333, "name": null },
					{ "time": 1.0666, "name": "xz_01_E_013_" },
					{ "time": 1.1, "name": "xz_01_E_013_" },
					{ "time": 1.1333, "name": null }
				]
			},
			"xz_01_E_014_": {
				"attachment": [
					{ "time": 0, "name": null },
					{ "time": 1.1, "name": null },
					{ "time": 1.1333, "name": "xz_01_E_014_" },
					{ "time": 1.2, "name": "xz_01_E_014_" },
					{ "time": 1.2333, "name": null }
				]
			},
			"xz_01_E_015_": {
				"attachment": [
					{ "time": 0, "name": null },
					{ "time": 1.2, "name": null },
					{ "time": 1.2333, "name": "xz_01_E_015_" },
					{ "time": 1.2666, "name": "xz_01_E_015_" },
					{ "time": 1.3, "name": null }
				]
			},
			"xz_01_E_016_": {
				"attachment": [
					{ "time": 0, "name": null },
					{ "time": 1.2666, "name": null },
					{ "time": 1.3, "name": "xz_01_E_016_" },
					{ "time": 1.3666, "name": "xz_01_E_016_" },
					{ "time": 1.4, "name": null }
				]
			},
			"xz_01_E_017_": {
				"attachment": [
					{ "time": 0, "name": null }
				]
			},
			"yz_0_": {
				"attachment": [
					{ "time": 0, "name": "yz_0_" }
				]
			}
		},
		"bones": {
			"3": {
				"translate": [
					{ "time": 0, "x": -6.76, "y": 0 }
				]
			}
		}
	},
	"walk_4": {
		"slots": {
			"xz_03_E_000_": {
				"attachment": [
					{ "time": 0, "name": "xz_03_E_000_" },
					{ "time": 0.0333, "name": "xz_03_E_000_" },
					{ "time": 0.0666, "name": null }
				]
			},
			"xz_03_E_001_": {
				"attachment": [
					{ "time": 0, "name": null },
					{ "time": 0.0333, "name": null },
					{ "time": 0.0666, "name": "xz_03_E_001_" },
					{ "time": 0.1333, "name": "xz_03_E_001_" },
					{ "time": 0.1666, "name": null }
				]
			},
			"xz_03_E_002_": {
				"attachment": [
					{ "time": 0, "name": null },
					{ "time": 0.1333, "name": null },
					{ "time": 0.1666, "name": "xz_03_E_002_" },
					{ "time": 0.2, "name": "xz_03_E_002_" },
					{ "time": 0.2333, "name": null }
				]
			},
			"xz_03_E_003_": {
				"attachment": [
					{ "time": 0, "name": null },
					{ "time": 0.2, "name": null },
					{ "time": 0.2333, "name": "xz_03_E_003_" },
					{ "time": 0.3, "name": "xz_03_E_003_" },
					{ "time": 0.3333, "name": null }
				]
			},
			"xz_03_E_004_": {
				"attachment": [
					{ "time": 0, "name": null },
					{ "time": 0.3, "name": null },
					{ "time": 0.3333, "name": "xz_03_E_004_" },
					{ "time": 0.3666, "name": "xz_03_E_004_" },
					{ "time": 0.4, "name": null }
				]
			},
			"xz_03_E_005_": {
				"attachment": [
					{ "time": 0, "name": null },
					{ "time": 0.3666, "name": null },
					{ "time": 0.4, "name": "xz_03_E_005_" },
					{ "time": 0.4333, "name": "xz_03_E_005_" },
					{ "time": 0.5, "name": null }
				]
			},
			"xz_03_E_006_": {
				"attachment": [
					{ "time": 0, "name": null },
					{ "time": 0.4333, "name": null },
					{ "time": 0.5, "name": "xz_03_E_006_" },
					{ "time": 0.5333, "name": "xz_03_E_006_" },
					{ "time": 0.5666, "name": null }
				]
			},
			"xz_03_E_007_": {
				"attachment": [
					{ "time": 0, "name": null },
					{ "time": 0.5333, "name": null },
					{ "time": 0.5666, "name": "xz_03_E_007_" },
					{ "time": 0.6, "name": "xz_03_E_007_" },
					{ "time": 0.6666, "name": null }
				]
			},
			"xz_03_E_008_": {
				"attachment": [
					{ "time": 0, "name": null },
					{ "time": 0.6, "name": null },
					{ "time": 0.6666, "name": "xz_03_E_008_" },
					{ "time": 0.7, "name": "xz_03_E_008_" },
					{ "time": 0.7333, "name": null }
				]
			},
			"xz_03_E_009_": {
				"attachment": [
					{ "time": 0, "name": null },
					{ "time": 0.7, "name": null },
					{ "time": 0.7333, "name": "xz_03_E_009_" },
					{ "time": 0.7666, "name": "xz_03_E_009_" },
					{ "time": 0.8, "name": null }
				]
			},
			"xz_03_E_010_": {
				"attachment": [
					{ "time": 0, "name": null },
					{ "time": 0.7666, "name": null },
					{ "time": 0.8, "name": "xz_03_E_010_" },
					{ "time": 0.8666, "name": "xz_03_E_010_" },
					{ "time": 0.9, "name": null }
				]
			},
			"xz_03_E_011_": {
				"attachment": [
					{ "time": 0, "name": null },
					{ "time": 0.8666, "name": null },
					{ "time": 0.9, "name": "xz_03_E_011_" },
					{ "time": 0.9333, "name": "xz_03_E_011_" },
					{ "time": 0.9666, "name": null }
				]
			},
			"xz_03_E_012_": {
				"attachment": [
					{ "time": 0, "name": null },
					{ "time": 0.9333, "name": null },
					{ "time": 0.9666, "name": "xz_03_E_012_" },
					{ "time": 1.0333, "name": "xz_03_E_012_" },
					{ "time": 1.0666, "name": null }
				]
			},
			"xz_03_E_013_": {
				"attachment": [
					{ "time": 0, "name": null },
					{ "time": 1.0333, "name": null },
					{ "time": 1.0666, "name": "xz_03_E_013_" },
					{ "time": 1.1, "name": "xz_03_E_013_" },
					{ "time": 1.1333, "name": null }
				]
			},
			"xz_03_E_014_": {
				"attachment": [
					{ "time": 0, "name": null },
					{ "time": 1.1, "name": null },
					{ "time": 1.1333, "name": "xz_03_E_014_" },
					{ "time": 1.1666, "name": "xz_03_E_014_" },
					{ "time": 1.2333, "name": null }
				]
			},
			"xz_03_E_015_": {
				"attachment": [
					{ "time": 0, "name": null },
					{ "time": 1.1666, "name": null },
					{ "time": 1.2333, "name": "xz_03_E_015_" },
					{ "time": 1.2666, "name": "xz_03_E_015_" },
					{ "time": 1.3, "name": null }
				]
			},
			"xz_03_E_016_": {
				"attachment": [
					{ "time": 0, "name": null },
					{ "time": 1.2666, "name": null },
					{ "time": 1.3, "name": "xz_03_E_016_" },
					{ "time": 1.3333, "name": "xz_03_E_016_" },
					{ "time": 1.4, "name": null }
				]
			},
			"xz_03_E_017_": {
				"attachment": [
					{ "time": 0, "name": null }
				]
			},
			"yz_0_": {
				"attachment": [
					{ "time": 0, "name": "yz_0_" }
				]
			}
		},
		"bones": {
			"4": {
				"translate": [
					{ "time": 0, "x": -5.49, "y": 0 }
				]
			}
		}
	},
	"walk_5": {
		"slots": {
			"xz_04_E_000_": {
				"attachment": [
					{ "time": 0, "name": "xz_04_E_000_" },
					{ "time": 0.0333, "name": "xz_04_E_000_" },
					{ "time": 0.0666, "name": null }
				]
			},
			"xz_04_E_001_": {
				"attachment": [
					{ "time": 0, "name": null },
					{ "time": 0.0333, "name": null },
					{ "time": 0.0666, "name": "xz_04_E_001_" },
					{ "time": 0.1333, "name": "xz_04_E_001_" },
					{ "time": 0.1666, "name": null }
				]
			},
			"xz_04_E_002_": {
				"attachment": [
					{ "time": 0, "name": null },
					{ "time": 0.1333, "name": null },
					{ "time": 0.1666, "name": "xz_04_E_002_" },
					{ "time": 0.2, "name": "xz_04_E_002_" },
					{ "time": 0.2333, "name": null }
				]
			},
			"xz_04_E_003_": {
				"attachment": [
					{ "time": 0, "name": null },
					{ "time": 0.2, "name": null },
					{ "time": 0.2333, "name": "xz_04_E_003_" },
					{ "time": 0.3, "name": "xz_04_E_003_" },
					{ "time": 0.3333, "name": null }
				]
			},
			"xz_04_E_004_": {
				"attachment": [
					{ "time": 0, "name": null },
					{ "time": 0.3, "name": null },
					{ "time": 0.3333, "name": "xz_04_E_004_" },
					{ "time": 0.3666, "name": "xz_04_E_004_" },
					{ "time": 0.4, "name": null }
				]
			},
			"xz_04_E_005_": {
				"attachment": [
					{ "time": 0, "name": null },
					{ "time": 0.3666, "name": null },
					{ "time": 0.4, "name": "xz_04_E_005_" },
					{ "time": 0.4666, "name": "xz_04_E_005_" },
					{ "time": 0.5, "name": null }
				]
			},
			"xz_04_E_006_": {
				"attachment": [
					{ "time": 0, "name": null },
					{ "time": 0.4666, "name": null },
					{ "time": 0.5, "name": "xz_04_E_006_" },
					{ "time": 0.5333, "name": "xz_04_E_006_" },
					{ "time": 0.5666, "name": null }
				]
			},
			"xz_04_E_007_": {
				"attachment": [
					{ "time": 0, "name": null },
					{ "time": 0.5333, "name": null },
					{ "time": 0.5666, "name": "xz_04_E_007_" },
					{ "time": 0.6, "name": "xz_04_E_007_" },
					{ "time": 0.6666, "name": null }
				]
			},
			"xz_04_E_008_": {
				"attachment": [
					{ "time": 0, "name": null },
					{ "time": 0.6, "name": null },
					{ "time": 0.6666, "name": "xz_04_E_008_" },
					{ "time": 0.7, "name": "xz_04_E_008_" },
					{ "time": 0.7333, "name": null }
				]
			},
			"xz_04_E_009_": {
				"attachment": [
					{ "time": 0, "name": null },
					{ "time": 0.7, "name": null },
					{ "time": 0.7333, "name": "xz_04_E_009_" },
					{ "time": 0.7666, "name": "xz_04_E_009_" },
					{ "time": 0.8333, "name": null }
				]
			},
			"xz_04_E_010_": {
				"attachment": [
					{ "time": 0, "name": null },
					{ "time": 0.7666, "name": null },
					{ "time": 0.8333, "name": "xz_04_E_010_" },
					{ "time": 0.8666, "name": "xz_04_E_010_" },
					{ "time": 0.9, "name": null }
				]
			},
			"xz_04_E_011_": {
				"attachment": [
					{ "time": 0, "name": null },
					{ "time": 0.8666, "name": null },
					{ "time": 0.9, "name": "xz_04_E_011_" },
					{ "time": 0.9333, "name": "xz_04_E_011_" },
					{ "time": 0.9666, "name": null }
				]
			},
			"xz_04_E_012_": {
				"attachment": [
					{ "time": 0, "name": null },
					{ "time": 0.9333, "name": null },
					{ "time": 0.9666, "name": "xz_04_E_012_" },
					{ "time": 1.0333, "name": "xz_04_E_012_" },
					{ "time": 1.0666, "name": null }
				]
			},
			"xz_04_E_013_": {
				"attachment": [
					{ "time": 0, "name": null },
					{ "time": 1.0333, "name": null },
					{ "time": 1.0666, "name": "xz_04_E_013_" },
					{ "time": 1.1, "name": "xz_04_E_013_" },
					{ "time": 1.1333, "name": null }
				]
			},
			"xz_04_E_014_": {
				"attachment": [
					{ "time": 0, "name": null },
					{ "time": 1.1, "name": null },
					{ "time": 1.1333, "name": "xz_04_E_014_" },
					{ "time": 1.2, "name": "xz_04_E_014_" },
					{ "time": 1.2333, "name": null }
				]
			},
			"xz_04_E_015_": {
				"attachment": [
					{ "time": 0, "name": null },
					{ "time": 1.2, "name": null },
					{ "time": 1.2333, "name": "xz_04_E_015_" },
					{ "time": 1.2666, "name": "xz_04_E_015_" },
					{ "time": 1.3, "name": null }
				]
			},
			"xz_04_E_016_": {
				"attachment": [
					{ "time": 0, "name": null },
					{ "time": 1.2666, "name": null },
					{ "time": 1.3, "name": "xz_04_E_016_" },
					{ "time": 1.3666, "name": "xz_04_E_016_" },
					{ "time": 1.4, "name": null }
				]
			},
			"xz_04_E_017_": {
				"attachment": [
					{ "time": 0, "name": null }
				]
			},
			"yz_0_": {
				"attachment": [
					{ "time": 0, "name": "yz_0_" }
				]
			}
		},
		"bones": {
			"5": {
				"translate": [
					{ "time": 0, "x": -5.49, "y": 0 }
				]
			}
		}
	},
	"walk_6": {
		"slots": {
			"xz_05_E_000_": {
				"attachment": [
					{ "time": 0, "name": "xz_05_E_000_" },
					{ "time": 0.0333, "name": "xz_05_E_000_" },
					{ "time": 0.0666, "name": null }
				]
			},
			"xz_05_E_001_": {
				"attachment": [
					{ "time": 0, "name": null },
					{ "time": 0.0333, "name": null },
					{ "time": 0.0666, "name": "xz_05_E_001_" },
					{ "time": 0.1333, "name": "xz_05_E_001_" },
					{ "time": 0.1666, "name": null }
				]
			},
			"xz_05_E_002_": {
				"attachment": [
					{ "time": 0, "name": null },
					{ "time": 0.1333, "name": null },
					{ "time": 0.1666, "name": "xz_05_E_002_" },
					{ "time": 0.2, "name": "xz_05_E_002_" },
					{ "time": 0.2333, "name": null }
				]
			},
			"xz_05_E_003_": {
				"attachment": [
					{ "time": 0, "name": null },
					{ "time": 0.2, "name": null },
					{ "time": 0.2333, "name": "xz_05_E_003_" },
					{ "time": 0.3, "name": "xz_05_E_003_" },
					{ "time": 0.3333, "name": null }
				]
			},
			"xz_05_E_004_": {
				"attachment": [
					{ "time": 0, "name": null },
					{ "time": 0.3, "name": null },
					{ "time": 0.3333, "name": "xz_05_E_004_" },
					{ "time": 0.3666, "name": "xz_05_E_004_" },
					{ "time": 0.4, "name": null }
				]
			},
			"xz_05_E_005_": {
				"attachment": [
					{ "time": 0, "name": null },
					{ "time": 0.3666, "name": null },
					{ "time": 0.4, "name": "xz_05_E_005_" },
					{ "time": 0.4666, "name": "xz_05_E_005_" },
					{ "time": 0.5, "name": null }
				]
			},
			"xz_05_E_006_": {
				"attachment": [
					{ "time": 0, "name": null },
					{ "time": 0.4666, "name": null },
					{ "time": 0.5, "name": "xz_05_E_006_" },
					{ "time": 0.5333, "name": "xz_05_E_006_" },
					{ "time": 0.5666, "name": null }
				]
			},
			"xz_05_E_007_": {
				"attachment": [
					{ "time": 0, "name": null },
					{ "time": 0.5333, "name": null },
					{ "time": 0.5666, "name": "xz_05_E_007_" },
					{ "time": 0.6, "name": "xz_05_E_007_" },
					{ "time": 0.6666, "name": null }
				]
			},
			"xz_05_E_008_": {
				"attachment": [
					{ "time": 0, "name": null },
					{ "time": 0.6, "name": null },
					{ "time": 0.6666, "name": "xz_05_E_008_" },
					{ "time": 0.7, "name": "xz_05_E_008_" },
					{ "time": 0.7333, "name": null }
				]
			},
			"xz_05_E_009_": {
				"attachment": [
					{ "time": 0, "name": null },
					{ "time": 0.7, "name": null },
					{ "time": 0.7333, "name": "xz_05_E_009_" },
					{ "time": 0.7666, "name": "xz_05_E_009_" },
					{ "time": 0.8333, "name": null }
				]
			},
			"xz_05_E_010_": {
				"attachment": [
					{ "time": 0, "name": null },
					{ "time": 0.7666, "name": null },
					{ "time": 0.8333, "name": "xz_05_E_010_" },
					{ "time": 0.8666, "name": "xz_05_E_010_" },
					{ "time": 0.9, "name": null }
				]
			},
			"xz_05_E_011_": {
				"attachment": [
					{ "time": 0, "name": null },
					{ "time": 0.8666, "name": null },
					{ "time": 0.9, "name": "xz_05_E_011_" },
					{ "time": 0.9333, "name": "xz_05_E_011_" },
					{ "time": 0.9666, "name": null }
				]
			},
			"xz_05_E_012_": {
				"attachment": [
					{ "time": 0, "name": null },
					{ "time": 0.9333, "name": null },
					{ "time": 0.9666, "name": "xz_05_E_012_" },
					{ "time": 1.0333, "name": "xz_05_E_012_" },
					{ "time": 1.0666, "name": null }
				]
			},
			"xz_05_E_013_": {
				"attachment": [
					{ "time": 0, "name": null },
					{ "time": 1.0333, "name": null },
					{ "time": 1.0666, "name": "xz_05_E_013_" },
					{ "time": 1.1, "name": "xz_05_E_013_" },
					{ "time": 1.1333, "name": null }
				]
			},
			"xz_05_E_014_": {
				"attachment": [
					{ "time": 0, "name": null },
					{ "time": 1.1, "name": null },
					{ "time": 1.1333, "name": "xz_05_E_014_" },
					{ "time": 1.2, "name": "xz_05_E_014_" },
					{ "time": 1.2333, "name": null }
				]
			},
			"xz_05_E_015_": {
				"attachment": [
					{ "time": 0, "name": null },
					{ "time": 1.2, "name": null },
					{ "time": 1.2333, "name": "xz_05_E_015_" },
					{ "time": 1.2666, "name": "xz_05_E_015_" },
					{ "time": 1.3, "name": null }
				]
			},
			"xz_05_E_016_": {
				"attachment": [
					{ "time": 0, "name": null },
					{ "time": 1.2666, "name": null },
					{ "time": 1.3, "name": "xz_05_E_016_" },
					{ "time": 1.3666, "name": "xz_05_E_016_" },
					{ "time": 1.4, "name": null }
				]
			},
			"xz_05_E_017_": {
				"attachment": [
					{ "time": 0, "name": null }
				]
			},
			"yz_0_": {
				"attachment": [
					{ "time": 0, "name": "yz_0_" }
				]
			}
		}
	},
	"walk_7": {
		"slots": {
			"xz_04_E_000_": {
				"attachment": [
					{ "time": 0, "name": "xz_04_E_000_" },
					{ "time": 0.0333, "name": "xz_04_E_000_" },
					{ "time": 0.0666, "name": null }
				]
			},
			"xz_04_E_001_": {
				"attachment": [
					{ "time": 0, "name": null },
					{ "time": 0.0333, "name": null },
					{ "time": 0.0666, "name": "xz_04_E_001_" },
					{ "time": 0.1333, "name": "xz_04_E_001_" },
					{ "time": 0.1666, "name": null }
				]
			},
			"xz_04_E_002_": {
				"attachment": [
					{ "time": 0, "name": null },
					{ "time": 0.1333, "name": null },
					{ "time": 0.1666, "name": "xz_04_E_002_" },
					{ "time": 0.2, "name": "xz_04_E_002_" },
					{ "time": 0.2333, "name": null }
				]
			},
			"xz_04_E_003_": {
				"attachment": [
					{ "time": 0, "name": null },
					{ "time": 0.2, "name": null },
					{ "time": 0.2333, "name": "xz_04_E_003_" },
					{ "time": 0.3, "name": "xz_04_E_003_" },
					{ "time": 0.3333, "name": null }
				]
			},
			"xz_04_E_004_": {
				"attachment": [
					{ "time": 0, "name": null },
					{ "time": 0.3, "name": null },
					{ "time": 0.3333, "name": "xz_04_E_004_" },
					{ "time": 0.3666, "name": "xz_04_E_004_" },
					{ "time": 0.4, "name": null }
				]
			},
			"xz_04_E_005_": {
				"attachment": [
					{ "time": 0, "name": null },
					{ "time": 0.3666, "name": null },
					{ "time": 0.4, "name": "xz_04_E_005_" },
					{ "time": 0.4666, "name": "xz_04_E_005_" },
					{ "time": 0.5, "name": null }
				]
			},
			"xz_04_E_006_": {
				"attachment": [
					{ "time": 0, "name": null },
					{ "time": 0.4666, "name": null },
					{ "time": 0.5, "name": "xz_04_E_006_" },
					{ "time": 0.5333, "name": "xz_04_E_006_" },
					{ "time": 0.5666, "name": null }
				]
			},
			"xz_04_E_007_": {
				"attachment": [
					{ "time": 0, "name": null },
					{ "time": 0.5333, "name": null },
					{ "time": 0.5666, "name": "xz_04_E_007_" },
					{ "time": 0.6, "name": "xz_04_E_007_" },
					{ "time": 0.6666, "name": null }
				]
			},
			"xz_04_E_008_": {
				"attachment": [
					{ "time": 0, "name": null },
					{ "time": 0.6, "name": null },
					{ "time": 0.6666, "name": "xz_04_E_008_" },
					{ "time": 0.7, "name": "xz_04_E_008_" },
					{ "time": 0.7333, "name": null }
				]
			},
			"xz_04_E_009_": {
				"attachment": [
					{ "time": 0, "name": null },
					{ "time": 0.7, "name": null },
					{ "time": 0.7333, "name": "xz_04_E_009_" },
					{ "time": 0.7666, "name": "xz_04_E_009_" },
					{ "time": 0.8333, "name": null }
				]
			},
			"xz_04_E_010_": {
				"attachment": [
					{ "time": 0, "name": null },
					{ "time": 0.7666, "name": null },
					{ "time": 0.8333, "name": "xz_04_E_010_" },
					{ "time": 0.8666, "name": "xz_04_E_010_" },
					{ "time": 0.9, "name": null }
				]
			},
			"xz_04_E_011_": {
				"attachment": [
					{ "time": 0, "name": null },
					{ "time": 0.8666, "name": null },
					{ "time": 0.9, "name": "xz_04_E_011_" },
					{ "time": 0.9333, "name": "xz_04_E_011_" },
					{ "time": 0.9666, "name": null }
				]
			},
			"xz_04_E_012_": {
				"attachment": [
					{ "time": 0, "name": null },
					{ "time": 0.9333, "name": null },
					{ "time": 0.9666, "name": "xz_04_E_012_" },
					{ "time": 1.0333, "name": "xz_04_E_012_" },
					{ "time": 1.0666, "name": null }
				]
			},
			"xz_04_E_013_": {
				"attachment": [
					{ "time": 0, "name": null },
					{ "time": 1.0333, "name": null },
					{ "time": 1.0666, "name": "xz_04_E_013_" },
					{ "time": 1.1, "name": "xz_04_E_013_" },
					{ "time": 1.1333, "name": null }
				]
			},
			"xz_04_E_014_": {
				"attachment": [
					{ "time": 0, "name": null },
					{ "time": 1.1, "name": null },
					{ "time": 1.1333, "name": "xz_04_E_014_" },
					{ "time": 1.2, "name": "xz_04_E_014_" },
					{ "time": 1.2333, "name": null }
				]
			},
			"xz_04_E_015_": {
				"attachment": [
					{ "time": 0, "name": null },
					{ "time": 1.2, "name": null },
					{ "time": 1.2333, "name": "xz_04_E_015_" },
					{ "time": 1.2666, "name": "xz_04_E_015_" },
					{ "time": 1.3, "name": null }
				]
			},
			"xz_04_E_016_": {
				"attachment": [
					{ "time": 0, "name": null },
					{ "time": 1.2666, "name": null },
					{ "time": 1.3, "name": "xz_04_E_016_" },
					{ "time": 1.3666, "name": "xz_04_E_016_" },
					{ "time": 1.4, "name": null }
				]
			},
			"xz_04_E_017_": {
				"attachment": [
					{ "time": 0, "name": null }
				]
			},
			"yz_0_": {
				"attachment": [
					{ "time": 0, "name": "yz_0_" }
				]
			}
		},
		"bones": {
			"5": {
				"translate": [
					{ "time": 0, "x": 9.3, "y": 0 }
				],
				"scale": [
					{ "time": 0, "x": -1, "y": 1 }
				]
			}
		}
	}
}
}