{
"skeleton": { "hash": "o3TCCaLo9OolY2qKSdLRgf4BQSM", "spine": "2.1.27", "width": 98.72, "height": 70.27 },
"bones": [
	{ "name": "root", "scaleX": 0.771, "scaleY": 0.771 },
	{ "name": "bone", "parent": "root", "length": 60.04, "y": -15.82, "scaleX": 0.771, "scaleY": 0.771, "rotation": 90 },
	{ "name": "bone2", "parent": "bone", "length": 40.47, "x": 67.08, "scaleX": 0.771, "scaleY": 0.771, "rotation": 0.9 },
	{ "name": "bone3", "parent": "bone", "length": 27.25, "x": 43.7, "y": 24.49, "scaleX": 0.771, "scaleY": 0.771, "rotation": 12.87 },
	{ "name": "bone4", "parent": "bone", "length": 49.33, "x": 64.52, "y": 18.53, "scaleX": 0.771, "scaleY": 0.771, "rotation": -90 },
	{ "name": "bone5", "parent": "bone", "length": 31.68, "x": 76.61, "y": -1.01, "scaleX": 0.771, "scaleY": 0.771 },
	{
		"name": "bone6",
		"parent": "bone3",
		"length": 29.84,
		"x": 32.67,
		"y": -1.82,
		"scaleX": 0.771,
		"scaleY": 0.771,
		"rotation": -26.38
	}
],
"slots": [
	{ "name": "q_02_", "bone": "root", "attachment": "q_02_" },
	{ "name": "m_04_", "bone": "root", "attachment": "m_04_" },
	{ "name": "n_03_", "bone": "root", "attachment": "n_03_" },
	{ "name": "j_02_", "bone": "root", "attachment": "j_02_" },
	{ "name": "q_01_", "bone": "root", "attachment": "q_01_" }
],
"skins": {
	"default": {
		"j_02_": {
			"j_02_": {
				"type": "skinnedmesh",
				"uvs": [ 1, 1, 0, 1, 0, 0, 1, 0 ],
				"triangles": [ 1, 2, 3, 1, 3, 0 ],
				"vertices": [ 1, 4, 54.95, -26.04, 1, 1, 4, -8.04, -26.04, 1, 1, 4, -8.04, 23.95, 1, 1, 4, 54.95, 23.95, 1 ],
				"hull": 4
			}
		},
		"m_04_": {
			"m_04_": {
				"type": "skinnedmesh",
				"uvs": [ 1, 1, 0, 1, 0, 0, 1, 0 ],
				"triangles": [ 1, 2, 3, 1, 3, 0 ],
				"vertices": [ 1, 5, -43.85, -43.35, 1, 1, 5, -43.85, 57.64, 1, 1, 5, 34.14, 57.64, 1, 1, 5, 34.14, -43.35, 1 ],
				"hull": 4
			}
		},
		"n_03_": {
			"n_03_": {
				"type": "skinnedmesh",
				"uvs": [ 1, 1, 0.32761, 1, 0, 1, 0, 0, 0.64771, 0, 1, 0, 0.57736, 0.63576, 0.40148, 0.4709 ],
				"triangles": [ 7, 3, 4, 2, 3, 7, 6, 7, 4, 1, 2, 7, 6, 1, 7, 6, 4, 5, 0, 6, 5, 1, 6, 0 ],
				"vertices": [ 1, 3, -44.83, -0.89, 1, 2, 3, 19.56, 40.66, 0.648, 6, -30.62, 32.23, 0.35199, 2, 3, 50.94, 60.92, 0.424, 6, -11.51, 64.32, 0.57599, 1, 6, 65.81, 18.28, 1, 2, 3, 37.71, -54.73, 0.424, 6, 28.03, -45.16, 0.57599, 2, 3, 3.97, -76.51, 0.648, 6, 7.48, -79.66, 0.35199, 2, 3, 13.42, -2.31, 0.648, 6, -17.02, -8.99, 0.35199, 2, 3, 38.31, -3.9, 0.424, 6, 5.98, 0.63, 0.57599 ],
				"hull": 6
			}
		},
		"q_01_": {
			"q_01_": {
				"type": "skinnedmesh",
				"uvs": [ 1, 0.47172, 1, 1, 0, 1, 0, 0.45444, 0, 0, 1, 0 ],
				"triangles": [ 3, 5, 0, 3, 4, 5, 2, 3, 0, 2, 0, 1 ],
				"vertices": [ 2, 1, 43.84, -83.01, 0.488, 2, -24.56, -82.62999, 0.51199, 1, 1, -8.97999, -83.01, 1, 1, 1, -8.97999, 82.98, 1, 2, 1, 45.57, 82.98, 0.488, 2, -20.19, 83.31, 0.51199, 1, 2, 25.24, 82.58999, 1, 1, 2, 22.6, -83.37999, 1 ],
				"hull": 6
			}
		},
		"q_02_": {
			"q_02_": {
				"type": "skinnedmesh",
				"uvs": [ 1, 0.34836, 1, 1, 0.46741, 1, 0, 1, 0, 0.34157, 0, 0, 0.47881, 0, 1, 0, 0.48261, 0.16173 ],
				"triangles": [ 2, 8, 0, 8, 2, 4, 8, 7, 0, 8, 5, 6, 8, 4, 5, 8, 6, 7, 2, 0, 1, 2, 3, 4 ],
				"vertices": [ 1, 2, 11.75, -77.5, 1, 2, 1, 22.07, -77.31, 0.75995, 2, -46.23, -76.58, 0.24004, 2, 1, 22.07, 7.37, 0.79081, 2, -44.88, 8.08, 0.20918, 2, 1, 22.07, 81.68, 0.81789, 2, -43.7, 82.39, 0.1821, 1, 2, 14.88, 81.46, 1, 1, 2, 45.28, 80.97, 1, 1, 2, 44.07, 4.85, 1, 1, 2, 42.75, -78, 1, 1, 2, 29.67, 4.48, 1 ],
				"hull": 8
			}
		}
	}
},
"animations": {
	"animation": {
		"bones": {
			"bone": {
				"rotate": [
					{ "time": 0, "angle": 0, "curve": "stepped" },
					{ "time": 1, "angle": 0, "curve": "stepped" },
					{ "time": 1.3333, "angle": 0 }
				],
				"translate": [
					{ "time": 0, "x": 0, "y": 0 },
					{
						"time": 0.6666,
						"x": 0,
						"y": 35.69,
						"curve": [ 0.279, 0.24, 0.279, 0.65 ]
					},
					{ "time": 1, "x": 0, "y": 0, "curve": "stepped" },
					{ "time": 1.3333, "x": 0, "y": 0 }
				],
				"scale": [
					{ "time": 0, "x": 1, "y": 1, "curve": "stepped" },
					{ "time": 1, "x": 1, "y": 1, "curve": "stepped" },
					{ "time": 1.3333, "x": 1, "y": 1 }
				]
			},
			"bone2": {
				"rotate": [
					{ "time": 0, "angle": 0, "curve": "stepped" },
					{ "time": 0.6666, "angle": 0, "curve": "stepped" },
					{ "time": 1.3333, "angle": 0 }
				],
				"translate": [
					{ "time": 0, "x": 0, "y": 0 },
					{ "time": 0.3333, "x": -15.92, "y": 0 },
					{ "time": 0.6666, "x": 15.63, "y": 0 },
					{ "time": 1, "x": -19.46, "y": 0 },
					{ "time": 1.3333, "x": 0, "y": 0 }
				],
				"scale": [
					{ "time": 0, "x": 1, "y": 1, "curve": "stepped" },
					{ "time": 0.6666, "x": 1, "y": 1, "curve": "stepped" },
					{ "time": 1.3333, "x": 1, "y": 1 }
				]
			},
			"bone3": {
				"rotate": [
					{ "time": 0, "angle": 0 },
					{ "time": 0.3333, "angle": -5.91 },
					{ "time": 0.6666, "angle": 0 },
					{ "time": 1, "angle": 5.69 },
					{ "time": 1.3333, "angle": 0 }
				],
				"translate": [
					{ "time": 0, "x": 0, "y": 0, "curve": "stepped" },
					{ "time": 0.6666, "x": 0, "y": 0 },
					{ "time": 1, "x": 24.54, "y": 0 },
					{ "time": 1.3333, "x": 0, "y": 0 }
				],
				"scale": [
					{ "time": 0, "x": 1, "y": 1, "curve": "stepped" },
					{ "time": 0.6666, "x": 1, "y": 1, "curve": "stepped" },
					{ "time": 1, "x": 1, "y": 1, "curve": "stepped" },
					{ "time": 1.3333, "x": 1, "y": 1 }
				]
			},
			"bone4": {
				"rotate": [
					{ "time": 0, "angle": 0 },
					{ "time": 0.3333, "angle": -13.82 },
					{ "time": 0.6666, "angle": 0, "curve": "stepped" },
					{ "time": 1.3333, "angle": 0 }
				],
				"translate": [
					{ "time": 0, "x": 0, "y": 0 },
					{ "time": 0.6666, "x": 13.14, "y": 0 },
					{ "time": 1, "x": 8.54, "y": 0 },
					{ "time": 1.3333, "x": 0, "y": 0 }
				],
				"scale": [
					{ "time": 0, "x": 1, "y": 1, "curve": "stepped" },
					{ "time": 0.6666, "x": 1, "y": 1, "curve": "stepped" },
					{ "time": 1.3333, "x": 1, "y": 1 }
				]
			},
			"bone5": {
				"rotate": [
					{ "time": 0, "angle": 0 },
					{ "time": 0.3333, "angle": 7.15 },
					{ "time": 0.6666, "angle": 0 },
					{ "time": 1, "angle": 7.85 },
					{ "time": 1.3333, "angle": 0 }
				],
				"translate": [
					{ "time": 0, "x": 0, "y": -12.98 },
					{ "time": 0.3333, "x": 0, "y": -12.98 },
					{ "time": 0.6666, "x": 0.93, "y": -12.98 },
					{
						"time": 1,
						"x": 17.02,
						"y": -12.98,
						"curve": [ 0.151, 0.32, 0.843, 0.95 ]
					},
					{ "time": 1.3333, "x": 0, "y": -12.98 }
				],
				"scale": [
					{ "time": 0, "x": 1, "y": 1, "curve": "stepped" },
					{ "time": 0.6666, "x": 1, "y": 1 },
					{ "time": 1, "x": 1.102, "y": 1 },
					{ "time": 1.3333, "x": 1, "y": 1 }
				]
			},
			"bone6": {
				"rotate": [
					{ "time": 0, "angle": 0 },
					{ "time": 0.3333, "angle": 19.97 },
					{ "time": 0.6666, "angle": 0 },
					{ "time": 1, "angle": 24.17 },
					{ "time": 1.3333, "angle": 0 }
				],
				"translate": [
					{ "time": 0, "x": 0, "y": 0, "curve": "stepped" },
					{ "time": 0.6666, "x": 0, "y": 0 },
					{ "time": 1, "x": -10.58, "y": 3.55 },
					{ "time": 1.3333, "x": 0, "y": 0 }
				],
				"scale": [
					{ "time": 0, "x": 1, "y": 1, "curve": "stepped" },
					{ "time": 0.6666, "x": 1, "y": 1, "curve": "stepped" },
					{ "time": 1.3333, "x": 1, "y": 1 }
				]
			}
		}
	}
}
}