{
"skeleton": { "hash": "zT9Rj9pWsRTNurTrqWVx3XotXds", "spine": "2.1.27", "width": 301, "height": 324 },
"bones": [
	{ "name": "root" },
	{ "name": "touying_", "parent": "root", "length": 29.56, "y": -75.97, "scaleX": 3.328, "scaleY": 1.24 },
	{ "name": "zhengti", "parent": "root", "length": 19.83 },
	{ "name": "a", "parent": "zhengti", "length": 14.77, "x": 20.36, "y": 125.86 },
	{ "name": "b", "parent": "zhengti", "length": 14.77, "x": -94.4, "y": 18.5 },
	{ "name": "c", "parent": "zhengti", "length": 14.77, "x": -66.63, "y": 74.03 },
	{ "name": "chengbao_", "parent": "zhengti", "length": 19.83 },
	{ "name": "d", "parent": "zhengti", "length": 14.77, "x": 98.1, "y": 37.01 },
	{ "name": "xxfen1_", "parent": "zhengti", "length": 19.83, "x": -48.17, "y": 76.54 },
	{ "name": "xxfen2_", "parent": "zhengti", "length": 19.83, "x": -38.05, "y": 56.23 },
	{ "name": "xxfen3_", "parent": "zhengti", "length": 19.83, "x": -55.66, "y": 34.64 },
	{ "name": "xxfen4_", "parent": "zhengti", "length": 19.83, "x": -81.79, "y": 36.92 },
	{ "name": "xxhuang1_", "parent": "zhengti", "length": 19.83, "x": 17.6, "y": 57.93 },
	{ "name": "xxhuang2_", "parent": "zhengti", "length": 19.83, "x": 32.94, "y": 50.55 },
	{ "name": "xxlv_", "parent": "zhengti", "length": 19.83, "x": -68.15, "y": 52.82 },
	{ "name": "a1_", "parent": "a", "length": 19.83, "x": 3.17, "y": 36.08 },
	{ "name": "a2_", "parent": "a", "length": 19.83, "x": -2.69, "y": 35.31 },
	{ "name": "a3_", "parent": "a", "length": 19.83, "x": 17.91, "y": 36.05 },
	{ "name": "a4_", "parent": "a", "length": 19.83, "x": -10.05, "y": 25.74 },
	{ "name": "a5_", "parent": "a", "length": 19.83, "x": 21.59, "y": 36.78 },
	{ "name": "b1_", "parent": "b", "length": 19.83, "x": 0.19, "y": 29.33 },
	{ "name": "b2_", "parent": "b", "length": 19.83, "x": -8.63, "y": 37.42 },
	{ "name": "b3_", "parent": "b", "length": 19.83, "x": -6.43, "y": 0.62 },
	{ "name": "b4_", "parent": "b", "length": 19.83, "x": -8.63, "y": 22.7 },
	{ "name": "c1_", "parent": "c", "length": 19.83, "x": 18.79, "y": 36.35 },
	{ "name": "c2_", "parent": "c", "length": 19.83, "x": -21.68, "y": 20.9 },
	{ "name": "c3_", "parent": "c", "length": 19.83, "x": -4.75, "y": 50.34 },
	{ "name": "c4_", "parent": "c", "length": 19.83, "x": 23.21, "y": 5.44 },
	{ "name": "d1_", "parent": "d", "length": 19.83, "x": -27.44, "y": 7.87 },
	{ "name": "d2_", "parent": "d", "length": 19.83, "x": -23.03, "y": 10.82 },
	{ "name": "d3_", "parent": "d", "length": 19.83, "x": 20.39, "y": 10.82 },
	{ "name": "d4_", "parent": "d", "length": 19.83, "x": -98.1, "y": -37.01 },
	{ "name": "d5_", "parent": "d", "length": 19.83, "x": 18.18, "y": 3.46 }
],
"slots": [
	{ "name": "touying_", "bone": "touying_", "color": "121406a8" },
	{ "name": "di_", "bone": "chengbao_", "attachment": "di_" },
	{ "name": "d5_", "bone": "d5_", "attachment": "d5_" },
	{ "name": "d4_", "bone": "d4_", "attachment": "d4_" },
	{ "name": "d3_", "bone": "d3_", "attachment": "d3_" },
	{ "name": "c4_", "bone": "c4_", "attachment": "c4_" },
	{ "name": "c3_", "bone": "c3_", "attachment": "c3_" },
	{ "name": "c2_", "bone": "c2_", "attachment": "c2_" },
	{ "name": "c1_", "bone": "c1_", "attachment": "c1_" },
	{ "name": "a5_", "bone": "a5_", "attachment": "a5_" },
	{ "name": "a4_", "bone": "a4_", "attachment": "a4_" },
	{ "name": "a3_", "bone": "a3_", "attachment": "a3_" },
	{ "name": "a2_", "bone": "a2_", "attachment": "a2_" },
	{ "name": "a1_", "bone": "a1_", "attachment": "a1_" },
	{ "name": "chengbao_", "bone": "chengbao_", "attachment": "chengbao_" },
	{ "name": "tang_", "bone": "chengbao_", "attachment": "tang_" },
	{ "name": "d2_", "bone": "d2_", "attachment": "d2_" },
	{ "name": "d1_", "bone": "d1_", "attachment": "d1_" },
	{ "name": "b4_", "bone": "b4_", "attachment": "b4_" },
	{ "name": "b3_", "bone": "b3_", "attachment": "b3_" },
	{ "name": "b2_", "bone": "b2_", "attachment": "b2_" },
	{ "name": "b1_", "bone": "b1_", "attachment": "b1_" },
	{ "name": "xxlv_", "bone": "xxlv_", "attachment": "xxlv_" },
	{ "name": "xxlv_2", "bone": "xxlv_", "blend": "additive" },
	{ "name": "xxhuang2_", "bone": "xxhuang2_", "attachment": "xxhuang2_" },
	{ "name": "xxhuang2_2", "bone": "xxhuang2_", "blend": "additive" },
	{ "name": "xxhuang1_", "bone": "xxhuang1_", "attachment": "xxhuang1_" },
	{ "name": "xxhuang1_2", "bone": "xxhuang1_", "blend": "additive" },
	{ "name": "xxfen3_", "bone": "xxfen3_", "attachment": "xxfen3_" },
	{ "name": "xxfen3_2", "bone": "xxfen3_", "blend": "additive" },
	{ "name": "xxfen2_", "bone": "xxfen2_", "attachment": "xxfen2_" },
	{ "name": "xxfen2_2", "bone": "xxfen2_", "blend": "additive" },
	{ "name": "xxfen1_", "bone": "xxfen1_", "attachment": "xxfen1_" },
	{ "name": "xxfen1_2", "bone": "xxfen1_", "blend": "additive" },
	{ "name": "xxfen4_", "bone": "xxfen4_", "attachment": "xxfen4_" },
	{ "name": "xxfen4_2", "bone": "xxfen4_", "blend": "additive" },
	{ "name": "lazhu1_", "bone": "chengbao_" },
	{ "name": "lazhu2_", "bone": "chengbao_" },
	{ "name": "lazhu3_", "bone": "chengbao_" }
],
"skins": {
	"default": {
		"a1_": {
			"a1_": { "x": 6.46, "y": 51.05, "width": 50, "height": 110 }
		},
		"a2_": {
			"a2_": { "x": -12.66, "y": 41.81, "width": 40, "height": 98 }
		},
		"a3_": {
			"a3_": { "x": 10.72, "y": 25.58, "width": 30, "height": 59 }
		},
		"a4_": {
			"a4_": { "x": -26.8, "y": 39.88, "width": 55, "height": 83 }
		},
		"a5_": {
			"a5_": { "x": 21.04, "y": 36.84, "width": 50, "height": 83 }
		},
		"b1_": {
			"b1_": { "x": -8.79, "y": 33.15, "width": 38, "height": 66 }
		},
		"b2_": {
			"b2_": { "x": -16.96, "y": 50.56, "width": 38, "height": 47 }
		},
		"b3_": {
			"b3_": { "x": -15.16, "y": 33.86, "width": 30, "height": 36 }
		},
		"b4_": {
			"b4_": { "x": -16.95, "y": 41.78, "width": 28, "height": 34 }
		},
		"c1_": {
			"c1_": { "x": 8.33, "y": 46.1, "width": 37, "height": 47 }
		},
		"c2_": {
			"c2_": { "x": 0.32, "y": 48.55, "width": 36, "height": 47 }
		},
		"c3_": {
			"c3_": { "x": -3.1, "y": 52.61, "width": 37, "height": 48 }
		},
		"c4_": {
			"c4_": { "x": -3.57, "y": 49.51, "width": 36, "height": 46 }
		},
		"chengbao_": {
			"chengbao_": { "x": -2.49, "y": 83.99, "width": 283, "height": 244 }
		},
		"d1_": {
			"d1_": { "x": 24.84, "y": 50.6, "width": 53, "height": 103 }
		},
		"d2_": {
			"d2_": { "x": 11.42, "y": 41.65, "width": 37, "height": 91 }
		},
		"d3_": {
			"d3_": { "x": 9.5, "y": 32.15, "width": 22, "height": 28 }
		},
		"d4_": {
			"d4_": { "x": 86.5, "y": 138, "width": 37, "height": 48 }
		},
		"d5_": {
			"d5_": { "x": 1.71, "y": 55.51, "width": 30, "height": 38 }
		},
		"di_": {
			"di_": { "x": 3.5, "y": -4, "width": 301, "height": 104 }
		},
		"lazhu1_": {
			"lazhu1_": { "x": 4.22, "y": 60.64, "width": 7, "height": 37 }
		},
		"lazhu2_": {
			"lazhu2_": { "x": -71.82, "y": 162.72, "width": 7, "height": 29 }
		},
		"lazhu3_": {
			"lazhu3_": { "x": 103.49, "y": 105.42, "width": 7, "height": 33 }
		},
		"tang_": {
			"tang_": { "x": 2, "y": 60.99, "width": 56, "height": 66 }
		},
		"touying_": {
			"touying_": { "width": 43, "height": 43 }
		},
		"xxfen1_": {
			"xxfen1_": { "x": 1.17, "y": -0.54, "width": 14, "height": 14 }
		},
		"xxfen1_2": {
			"xxfen1_": { "x": 1.17, "y": -0.54, "width": 14, "height": 14 }
		},
		"xxfen2_": {
			"xxfen2_": { "x": 0.55, "y": -0.23, "width": 15, "height": 14 }
		},
		"xxfen2_2": {
			"xxfen2_": { "x": 0.55, "y": -0.23, "width": 15, "height": 14 }
		},
		"xxfen3_": {
			"xxfen3_": { "x": 0.66, "y": -0.14, "width": 24, "height": 25 }
		},
		"xxfen3_2": {
			"xxfen3_": { "x": 0.66, "y": -0.14, "width": 24, "height": 25 }
		},
		"xxfen4_": {
			"xxfen4_": { "x": 1.29, "y": 0.07, "width": 15, "height": 14 }
		},
		"xxfen4_2": {
			"xxfen4_": { "x": 1.29, "y": 0.07, "width": 15, "height": 14 }
		},
		"xxhuang1_": {
			"xxhuang1_": { "x": -0.6, "y": 0.06, "width": 26, "height": 28 }
		},
		"xxhuang1_2": {
			"xxhuang1_": { "x": -0.6, "y": 0.06, "width": 26, "height": 28 }
		},
		"xxhuang2_": {
			"xxhuang2_": { "x": -1.44, "y": -0.05, "width": 21, "height": 19 }
		},
		"xxhuang2_2": {
			"xxhuang2_": { "x": -1.44, "y": -0.05, "width": 21, "height": 19 }
		},
		"xxlv_": {
			"xxlv_": { "x": 0.66, "y": -0.32, "width": 23, "height": 25 }
		},
		"xxlv_2": {
			"xxlv_": { "x": 0.66, "y": -0.32, "width": 23, "height": 25 }
		}
	}
},
"animations": {
	"shengrichengbaowai1_": {
		"slots": {
			"a1_": {
				"attachment": [
					{ "time": 0, "name": null }
				]
			},
			"a2_": {
				"attachment": [
					{ "time": 0, "name": null }
				]
			},
			"a3_": {
				"attachment": [
					{ "time": 0, "name": null }
				]
			},
			"a4_": {
				"attachment": [
					{ "time": 0, "name": null }
				]
			},
			"a5_": {
				"attachment": [
					{ "time": 0, "name": null }
				]
			},
			"b1_": {
				"attachment": [
					{ "time": 0, "name": null }
				]
			},
			"b2_": {
				"attachment": [
					{ "time": 0, "name": null }
				]
			},
			"b3_": {
				"attachment": [
					{ "time": 0, "name": null }
				]
			},
			"b4_": {
				"attachment": [
					{ "time": 0, "name": null }
				]
			},
			"c1_": {
				"attachment": [
					{ "time": 0, "name": null }
				]
			},
			"c2_": {
				"attachment": [
					{ "time": 0, "name": null }
				]
			},
			"c3_": {
				"attachment": [
					{ "time": 0, "name": null }
				]
			},
			"c4_": {
				"attachment": [
					{ "time": 0, "name": null }
				]
			},
			"d1_": {
				"attachment": [
					{ "time": 0, "name": null }
				]
			},
			"d2_": {
				"attachment": [
					{ "time": 0, "name": null }
				]
			},
			"d3_": {
				"attachment": [
					{ "time": 0, "name": null }
				]
			},
			"d4_": {
				"attachment": [
					{ "time": 0, "name": null }
				]
			},
			"d5_": {
				"attachment": [
					{ "time": 0, "name": null }
				]
			},
			"di_": {
				"attachment": [
					{ "time": 0, "name": null }
				]
			},
			"tang_": {
				"attachment": [
					{ "time": 0, "name": null }
				]
			}
		}
	},
	"shengrichengbaowai2_": {
		"slots": {
			"a1_": {
				"attachment": [
					{ "time": 0, "name": null }
				]
			},
			"a2_": {
				"attachment": [
					{ "time": 0, "name": null }
				]
			},
			"a3_": {
				"attachment": [
					{ "time": 0, "name": null }
				]
			},
			"a4_": {
				"attachment": [
					{ "time": 0, "name": null }
				]
			},
			"a5_": {
				"attachment": [
					{ "time": 0, "name": null }
				]
			},
			"di_": {
				"attachment": [
					{ "time": 0, "name": null }
				]
			},
			"lazhu1_": {
				"attachment": [
					{ "time": 0, "name": "lazhu1_" }
				]
			},
			"lazhu2_": {
				"attachment": [
					{ "time": 0, "name": "lazhu2_" }
				]
			},
			"lazhu3_": {
				"attachment": [
					{ "time": 0, "name": "lazhu3_" }
				]
			},
			"tang_": {
				"attachment": [
					{ "time": 0, "name": null }
				]
			}
		},
		"bones": {
			"zhengti": {
				"translate": [
					{ "time": 0, "x": 0, "y": 0 },
					{ "time": 1.3333, "x": 0, "y": -5.6 },
					{ "time": 2.6666, "x": 0, "y": 0 }
				]
			},
			"b": {
				"rotate": [
					{
						"time": 0,
						"angle": 0,
						"curve": [ 0.25, 0, 0.75, 1 ]
					},
					{
						"time": 1.3333,
						"angle": 3.42,
						"curve": [ 0.25, 0, 0.75, 1 ]
					},
					{ "time": 2.6666, "angle": 0 }
				]
			},
			"c": {
				"rotate": [
					{
						"time": 0,
						"angle": 0,
						"curve": [ 0.25, 0, 0.75, 1 ]
					},
					{
						"time": 1.3333,
						"angle": -2.54,
						"curve": [ 0.25, 0, 0.75, 1 ]
					},
					{ "time": 2.6666, "angle": 0 }
				]
			},
			"d": {
				"rotate": [
					{
						"time": 0,
						"angle": 0,
						"curve": [ 0.25, 0, 0.75, 1 ]
					},
					{
						"time": 1.3333,
						"angle": -4.71,
						"curve": [ 0.25, 0, 0.75, 1 ]
					},
					{ "time": 2.6666, "angle": 0 }
				]
			}
		}
	},
	"shengrichengbaowai3_": {
		"slots": {
			"touying_": {
				"attachment": [
					{ "time": 0, "name": "touying_" }
				],
				"color": [
					{ "time": 0, "color": "12140656" },
					{ "time": 1.3333, "color": "121406a8" },
					{ "time": 2.6666, "color": "12140656" }
				]
			},
			"xxfen1_2": {
				"attachment": [
					{ "time": 0, "name": "xxfen1_" },
					{ "time": 1, "name": "xxfen1_" },
					{ "time": 2.6666, "name": null }
				],
				"color": [
					{ "time": 0, "color": "ffffff00", "curve": "stepped" },
					{ "time": 1, "color": "ffffff00" },
					{ "time": 1.1666, "color": "ff63eeff" },
					{ "time": 1.6666, "color": "ffffff00" }
				]
			},
			"xxfen2_2": {
				"attachment": [
					{ "time": 0, "name": "xxfen2_" },
					{ "time": 0.6666, "name": "xxfen2_" },
					{ "time": 2.6666, "name": null }
				],
				"color": [
					{ "time": 0, "color": "ffffff00", "curve": "stepped" },
					{ "time": 0.6666, "color": "ffffff00" },
					{ "time": 0.8333, "color": "ff63eeff" },
					{ "time": 1.3333, "color": "ffffff00" }
				]
			},
			"xxfen3_2": {
				"attachment": [
					{ "time": 0, "name": "xxfen3_" },
					{ "time": 0.3333, "name": "xxfen3_" },
					{ "time": 2.6666, "name": null }
				],
				"color": [
					{ "time": 0, "color": "ffffff00", "curve": "stepped" },
					{ "time": 0.3333, "color": "ffffff00" },
					{ "time": 0.5, "color": "ff63eeff" },
					{ "time": 1, "color": "ffffff00" }
				]
			},
			"xxfen4_2": {
				"attachment": [
					{ "time": 0, "name": "xxfen4_" },
					{ "time": 2.6666, "name": null }
				],
				"color": [
					{ "time": 0, "color": "ffffff00" },
					{ "time": 0.1666, "color": "ff63eeff" },
					{ "time": 0.6666, "color": "ffffff00" }
				]
			},
			"xxhuang1_2": {
				"attachment": [
					{ "time": 0, "name": null },
					{ "time": 0.7, "name": "xxhuang1_" },
					{ "time": 2.6666, "name": null }
				],
				"color": [
					{ "time": 0, "color": "ffa80000", "curve": "stepped" },
					{ "time": 0.7, "color": "ffa80000" },
					{ "time": 0.9333, "color": "ffa800ff" },
					{ "time": 1.5333, "color": "ffa80000", "curve": "stepped" },
					{ "time": 2.6666, "color": "ffa80000" }
				]
			},
			"xxhuang2_2": {
				"attachment": [
					{ "time": 0, "name": null },
					{ "time": 1.2666, "name": "xxhuang2_" },
					{ "time": 2.6666, "name": "xxhuang2_" }
				],
				"color": [
					{ "time": 0, "color": "ff3d0000", "curve": "stepped" },
					{ "time": 1.2666, "color": "ff3d0000" },
					{ "time": 1.5, "color": "ff3d00ff" },
					{ "time": 2.1, "color": "ff3d0000", "curve": "stepped" },
					{ "time": 2.6666, "color": "ff3d0000" }
				]
			},
			"xxlv_2": {
				"attachment": [
					{ "time": 0, "name": "xxlv_" },
					{ "time": 1.3333, "name": "xxlv_" },
					{ "time": 2.6666, "name": null }
				],
				"color": [
					{ "time": 0, "color": "58ff0000", "curve": "stepped" },
					{ "time": 1.3333, "color": "58ff0000" },
					{ "time": 1.6666, "color": "58ff00ff" },
					{ "time": 2.1666, "color": "58ff0000" }
				]
			}
		},
		"bones": {
			"zhengti": {
				"translate": [
					{
						"time": 0,
						"x": 0,
						"y": 0,
						"curve": [ 0.25, 0, 0.75, 1 ]
					},
					{
						"time": 1.3333,
						"x": 0,
						"y": -9.93,
						"curve": [ 0.25, 0, 0.75, 1 ]
					},
					{ "time": 2.6666, "x": 0, "y": 0 }
				]
			},
			"a": {
				"rotate": [
					{ "time": 0, "angle": -1.22 },
					{ "time": 1.3333, "angle": 3.5 },
					{ "time": 2.6666, "angle": -1.22 }
				],
				"translate": [
					{
						"time": 0,
						"x": 0,
						"y": 0,
						"curve": [ 0.25, 0, 0.75, 1 ]
					},
					{
						"time": 1.3333,
						"x": 0,
						"y": -2.48,
						"curve": [ 0.25, 0, 0.75, 1 ]
					},
					{ "time": 2.6666, "x": 0, "y": 0 }
				]
			},
			"b": {
				"rotate": [
					{ "time": 0, "angle": 0 },
					{ "time": 1.3333, "angle": 3.42 },
					{ "time": 2.6666, "angle": 0 }
				]
			},
			"c": {
				"rotate": [
					{ "time": 0, "angle": 0 },
					{ "time": 1.3333, "angle": -2.54 },
					{ "time": 2.6666, "angle": 0 }
				],
				"translate": [
					{ "time": 0, "x": 0, "y": 0 },
					{ "time": 1.3333, "x": 0, "y": -6.21 },
					{ "time": 2.6666, "x": 0, "y": 0 }
				]
			},
			"d": {
				"rotate": [
					{
						"time": 0,
						"angle": 0,
						"curve": [ 0.25, 0, 0.75, 1 ]
					},
					{
						"time": 1.3333,
						"angle": -2,
						"curve": [ 0.25, 0, 0.75, 1 ]
					},
					{ "time": 2.6666, "angle": 0 }
				],
				"translate": [
					{
						"time": 0,
						"x": 0,
						"y": 0,
						"curve": [ 0.25, 0, 0.75, 1 ]
					},
					{
						"time": 1.3333,
						"x": 0,
						"y": -6.22,
						"curve": [ 0.25, 0, 0.75, 1 ]
					},
					{ "time": 2.6666, "x": 0, "y": 0 }
				]
			},
			"a1_": {
				"rotate": [
					{
						"time": 0,
						"angle": 0,
						"curve": [ 0.25, 0, 0.75, 1 ]
					},
					{ "time": 1.3333, "angle": -0.94 },
					{ "time": 2.6666, "angle": 0 }
				]
			},
			"a5_": {
				"rotate": [
					{ "time": 0, "angle": 0 },
					{ "time": 1.3333, "angle": -17.36 },
					{ "time": 2.6666, "angle": 0 }
				]
			},
			"b1_": {
				"rotate": [
					{
						"time": 0,
						"angle": 0,
						"curve": [ 0.25, 0, 0.75, 1 ]
					},
					{
						"time": 1.3333,
						"angle": -12.71,
						"curve": [ 0.25, 0, 0.75, 1 ]
					},
					{ "time": 2.6666, "angle": 0 }
				],
				"translate": [
					{
						"time": 0,
						"x": 0,
						"y": 0,
						"curve": [ 0.25, 0, 0.75, 1 ]
					},
					{
						"time": 1.3333,
						"x": -0.14,
						"y": -2.48,
						"curve": [ 0.25, 0, 0.75, 1 ]
					},
					{ "time": 2.6666, "x": 0, "y": 0 }
				]
			},
			"b2_": {
				"rotate": [
					{
						"time": 0,
						"angle": 0,
						"curve": [ 0.25, 0, 0.75, 1 ]
					},
					{
						"time": 1.3333,
						"angle": -5.84,
						"curve": [ 0.25, 0, 0.75, 1 ]
					},
					{ "time": 2.6666, "angle": 0 }
				]
			},
			"c2_": {
				"rotate": [
					{
						"time": 0,
						"angle": 0,
						"curve": [ 0.25, 0, 0.75, 1 ]
					},
					{
						"time": 1.3333,
						"angle": 8.39,
						"curve": [ 0.25, 0, 0.75, 1 ]
					},
					{ "time": 2.6666, "angle": 0 }
				]
			},
			"d1_": {
				"rotate": [
					{
						"time": 0,
						"angle": 0,
						"curve": [ 0.25, 0, 0.75, 1 ]
					},
					{
						"time": 1.3333,
						"angle": -1.18,
						"curve": [ 0.25, 0, 0.75, 1 ]
					},
					{ "time": 2.6666, "angle": 0 }
				]
			},
			"d2_": {
				"rotate": [
					{
						"time": 0,
						"angle": 0,
						"curve": [ 0.25, 0, 0.75, 1 ]
					},
					{
						"time": 1.3333,
						"angle": 6.27,
						"curve": [ 0.25, 0, 0.75, 1 ]
					},
					{ "time": 2.6666, "angle": 0 }
				]
			},
			"d4_": {
				"rotate": [
					{
						"time": 0,
						"angle": 0,
						"curve": [ 0.25, 0, 0.75, 1 ]
					},
					{
						"time": 1.3333,
						"angle": 3.56,
						"curve": [ 0.25, 0, 0.75, 1 ]
					},
					{ "time": 2.6666, "angle": 0 }
				]
			},
			"d5_": {
				"rotate": [
					{ "time": 0, "angle": 0 },
					{ "time": 1.3333, "angle": 2.25 },
					{ "time": 2.6666, "angle": 0 }
				]
			},
			"d3_": {
				"rotate": [
					{
						"time": 0,
						"angle": 0,
						"curve": [ 0.25, 0, 0.75, 1 ]
					},
					{
						"time": 1.3333,
						"angle": -5.56,
						"curve": [ 0.25, 0, 0.75, 1 ]
					},
					{ "time": 2.6666, "angle": 0 }
				]
			},
			"a2_": {
				"rotate": [
					{
						"time": 0,
						"angle": 0,
						"curve": [ 0.25, 0, 0.75, 1 ]
					},
					{
						"time": 1.3333,
						"angle": -2.25,
						"curve": [ 0.25, 0, 0.75, 1 ]
					},
					{ "time": 2.6666, "angle": 0 }
				]
			},
			"a3_": {
				"rotate": [
					{ "time": 0, "angle": 0 },
					{ "time": 1.3333, "angle": -4.5 },
					{ "time": 2.6666, "angle": 0 }
				]
			},
			"xxhuang1_": {
				"rotate": [
					{ "time": 0, "angle": 0 },
					{ "time": 0.9333, "angle": 8.62 },
					{ "time": 1.8333, "angle": 0, "curve": "stepped" },
					{ "time": 2.6666, "angle": 0 }
				],
				"scale": [
					{ "time": 0, "x": 1, "y": 1 },
					{ "time": 0.9333, "x": 1.136, "y": 1.136 },
					{ "time": 1.8333, "x": 1, "y": 1, "curve": "stepped" },
					{ "time": 2.6666, "x": 1, "y": 1 }
				]
			},
			"xxhuang2_": {
				"rotate": [
					{ "time": 0, "angle": 0, "curve": "stepped" },
					{
						"time": 0.5,
						"angle": 0,
						"curve": [ 0.25, 0, 0.75, 1 ]
					},
					{
						"time": 1.5,
						"angle": -22.97,
						"curve": [ 0.25, 0, 0.75, 1 ]
					},
					{ "time": 2.6666, "angle": 0 }
				],
				"scale": [
					{ "time": 0, "x": 1, "y": 1, "curve": "stepped" },
					{
						"time": 0.5,
						"x": 1,
						"y": 1,
						"curve": [ 0.25, 0, 0.75, 1 ]
					},
					{
						"time": 1.5,
						"x": 1.174,
						"y": 1.174,
						"curve": [ 0.25, 0, 0.75, 1 ]
					},
					{ "time": 2.6666, "x": 1, "y": 1 }
				]
			},
			"xxlv_": {
				"rotate": [
					{ "time": 0, "angle": 0, "curve": "stepped" },
					{ "time": 1.3333, "angle": 0 },
					{ "time": 1.6666, "angle": 8.38 },
					{ "time": 2.1666, "angle": 0 }
				]
			},
			"touying_": {
				"scale": [
					{ "time": 0, "x": 0.798, "y": 0.823 },
					{ "time": 1.3333, "x": 1.448, "y": 1.154 },
					{ "time": 2.6666, "x": 0.798, "y": 0.823 }
				]
			}
		}
	}
}
}