{"skeleton":{"hash":"8K7hOAofNGyg4z1USyGTD/Pgm5U","spine":"3.7.94","width":0,"height":0,"images":"./images/","audio":""},"bones":[{"name":"root","x":3.57},{"name":"gj","parent":"root","x":1.5,"y":17.24,"scaleX":1.25,"scaleY":1.25}],"slots":[{"name":"gj_03_000_","bone":"gj"},{"name":"gj_04_000_","bone":"gj"},{"name":"gj_05_000_","bone":"gj"},{"name":"gj_06_000_","bone":"gj"},{"name":"gj_07_000_","bone":"gj"},{"name":"gj_08_000_","bone":"gj"},{"name":"gj_09_000_","bone":"gj"},{"name":"gj_10_000_","bone":"gj"},{"name":"gj_11_000_","bone":"gj"},{"name":"gj_12_000_","bone":"gj"},{"name":"gj_13_000_","bone":"gj"},{"name":"gj_14_000_","bone":"gj"},{"name":"gj_15_000_","bone":"gj"},{"name":"gj_16_000_","bone":"gj"}],"skins":{"default":{"gj_03_000_":{"gj_03_015_":{"x":113.11,"y":377.32,"width":200,"height":200},"gj_03_016_":{"x":113.11,"y":377.32,"width":200,"height":200},"gj_03_017_":{"x":113.11,"y":377.32,"width":200,"height":200}},"gj_04_000_":{"gj_04_015_":{"x":313.12,"y":377.32,"width":200,"height":200},"gj_04_016_":{"x":313.12,"y":377.32,"width":200,"height":200}},"gj_05_000_":{"gj_05_010_":{"x":-286.86,"y":177.33,"width":200,"height":200},"gj_05_011_":{"x":-286.86,"y":177.33,"width":200,"height":200},"gj_05_012_":{"x":-286.86,"y":177.33,"width":200,"height":200},"gj_05_013_":{"x":-286.86,"y":177.33,"width":200,"height":200},"gj_05_014_":{"x":-286.86,"y":177.33,"width":200,"height":200},"gj_05_015_":{"x":-286.86,"y":177.33,"width":200,"height":200},"gj_05_016_":{"x":-286.86,"y":177.33,"width":200,"height":200},"gj_05_017_":{"x":-286.86,"y":177.33,"width":200,"height":200}},"gj_06_000_":{"gj_06_010_":{"x":-86.87,"y":177.33,"width":200,"height":200},"gj_06_011_":{"x":-86.87,"y":177.33,"width":200,"height":200},"gj_06_012_":{"x":-86.87,"y":177.33,"width":200,"height":200},"gj_06_013_":{"x":-86.87,"y":177.33,"width":200,"height":200},"gj_06_014_":{"x":-86.87,"y":177.33,"width":200,"height":200},"gj_06_015_":{"x":-86.87,"y":177.33,"width":200,"height":200},"gj_06_016_":{"x":-86.87,"y":177.33,"width":200,"height":200},"gj_06_017_":{"x":-86.87,"y":177.33,"width":200,"height":200},"gj_06_018_":{"x":-86.87,"y":177.33,"width":200,"height":200},"gj_06_019_":{"x":-86.87,"y":177.33,"width":200,"height":200}},"gj_07_000_":{"gj_07_010_":{"x":113.11,"y":177.33,"width":200,"height":200},"gj_07_011_":{"x":113.11,"y":177.33,"width":200,"height":200},"gj_07_012_":{"x":113.11,"y":177.33,"width":200,"height":200},"gj_07_013_":{"x":113.11,"y":177.33,"width":200,"height":200},"gj_07_014_":{"x":113.11,"y":177.33,"width":200,"height":200},"gj_07_015_":{"x":113.11,"y":177.33,"width":200,"height":200},"gj_07_016_":{"x":113.11,"y":177.33,"width":200,"height":200},"gj_07_017_":{"x":113.11,"y":177.33,"width":200,"height":200},"gj_07_018_":{"x":113.11,"y":177.33,"width":200,"height":200},"gj_07_019_":{"x":113.11,"y":177.33,"width":200,"height":200}},"gj_08_000_":{"gj_08_010_":{"x":313.1,"y":177.33,"width":200,"height":200},"gj_08_011_":{"x":313.1,"y":177.33,"width":200,"height":200},"gj_08_012_":{"x":313.1,"y":177.33,"width":200,"height":200},"gj_08_013_":{"x":313.1,"y":177.33,"width":200,"height":200},"gj_08_014_":{"x":313.1,"y":177.33,"width":200,"height":200},"gj_08_015_":{"x":313.1,"y":177.33,"width":200,"height":200},"gj_08_016_":{"x":313.1,"y":177.33,"width":200,"height":200},"gj_08_017_":{"x":313.1,"y":177.33,"width":200,"height":200},"gj_08_018_":{"x":313.1,"y":177.33,"width":200,"height":200},"gj_08_019_":{"x":313.1,"y":177.33,"width":200,"height":200}},"gj_09_000_":{"gj_09_010_":{"x":-286.86,"y":-22.66,"width":200,"height":200},"gj_09_011_":{"x":-286.86,"y":-22.66,"width":200,"height":200},"gj_09_012_":{"x":-286.86,"y":-22.66,"width":200,"height":200},"gj_09_013_":{"x":-286.86,"y":-22.66,"width":200,"height":200},"gj_09_014_":{"x":-286.86,"y":-22.66,"width":200,"height":200},"gj_09_015_":{"x":-286.86,"y":-22.66,"width":200,"height":200},"gj_09_016_":{"x":-286.86,"y":-22.66,"width":200,"height":200},"gj_09_017_":{"x":-286.86,"y":-22.66,"width":200,"height":200},"gj_09_018_":{"x":-286.86,"y":-22.66,"width":200,"height":200},"gj_09_019_":{"x":-286.86,"y":-22.66,"width":200,"height":200}},"gj_10_000_":{"gj_10_010_":{"x":-86.87,"y":-22.66,"width":200,"height":200},"gj_10_011_":{"x":-86.87,"y":-22.66,"width":200,"height":200},"gj_10_012_":{"x":-86.87,"y":-22.66,"width":200,"height":200},"gj_10_013_":{"x":-86.87,"y":-22.66,"width":200,"height":200},"gj_10_014_":{"x":-86.87,"y":-22.66,"width":200,"height":200},"gj_10_015_":{"x":-86.87,"y":-22.66,"width":200,"height":200},"gj_10_016_":{"x":-86.87,"y":-22.66,"width":200,"height":200},"gj_10_017_":{"x":-86.87,"y":-22.66,"width":200,"height":200},"gj_10_018_":{"x":-86.87,"y":-22.66,"width":200,"height":200},"gj_10_019_":{"x":-86.87,"y":-22.66,"width":200,"height":200}},"gj_11_000_":{"gj_11_010_":{"x":113.11,"y":-22.66,"width":200,"height":200},"gj_11_011_":{"x":113.11,"y":-22.66,"width":200,"height":200},"gj_11_012_":{"x":113.11,"y":-22.66,"width":200,"height":200},"gj_11_013_":{"x":113.11,"y":-22.66,"width":200,"height":200},"gj_11_014_":{"x":113.11,"y":-22.66,"width":200,"height":200},"gj_11_015_":{"x":113.11,"y":-22.66,"width":200,"height":200},"gj_11_016_":{"x":113.11,"y":-22.66,"width":200,"height":200},"gj_11_017_":{"x":113.11,"y":-22.66,"width":200,"height":200},"gj_11_018_":{"x":113.11,"y":-22.66,"width":200,"height":200},"gj_11_019_":{"x":113.11,"y":-22.66,"width":200,"height":200}},"gj_12_000_":{"gj_12_010_":{"x":313.1,"y":-22.66,"width":200,"height":200},"gj_12_011_":{"x":313.1,"y":-22.66,"width":200,"height":200},"gj_12_012_":{"x":313.1,"y":-22.66,"width":200,"height":200},"gj_12_013_":{"x":313.1,"y":-22.66,"width":200,"height":200},"gj_12_014_":{"x":313.1,"y":-22.66,"width":200,"height":200},"gj_12_015_":{"x":313.1,"y":-22.66,"width":200,"height":200},"gj_12_016_":{"x":313.1,"y":-22.66,"width":200,"height":200},"gj_12_017_":{"x":313.1,"y":-22.66,"width":200,"height":200},"gj_12_018_":{"x":313.1,"y":-22.66,"width":200,"height":200},"gj_12_019_":{"x":313.1,"y":-22.66,"width":200,"height":200}},"gj_13_000_":{"gj_13_010_":{"x":-286.86,"y":-222.65,"width":200,"height":200},"gj_13_011_":{"x":-286.86,"y":-222.65,"width":200,"height":200},"gj_13_012_":{"x":-286.86,"y":-222.65,"width":200,"height":200},"gj_13_013_":{"x":-286.86,"y":-222.65,"width":200,"height":200},"gj_13_014_":{"x":-286.86,"y":-222.65,"width":200,"height":200}},"gj_14_000_":{"gj_14_010_":{"x":-86.87,"y":-222.65,"width":200,"height":200},"gj_14_011_":{"x":-86.87,"y":-222.65,"width":200,"height":200},"gj_14_012_":{"x":-86.87,"y":-222.65,"width":200,"height":200},"gj_14_013_":{"x":-86.87,"y":-222.65,"width":200,"height":200},"gj_14_014_":{"x":-86.87,"y":-222.65,"width":200,"height":200},"gj_14_015_":{"x":-86.87,"y":-222.65,"width":200,"height":200},"gj_14_016_":{"x":-86.87,"y":-222.65,"width":200,"height":200}},"gj_15_000_":{"gj_15_010_":{"x":113.11,"y":-222.65,"width":200,"height":200},"gj_15_011_":{"x":113.11,"y":-222.65,"width":200,"height":200},"gj_15_012_":{"x":113.11,"y":-222.65,"width":200,"height":200},"gj_15_013_":{"x":113.11,"y":-222.65,"width":200,"height":200},"gj_15_014_":{"x":113.11,"y":-222.65,"width":200,"height":200},"gj_15_015_":{"x":113.11,"y":-222.65,"width":200,"height":200},"gj_15_016_":{"x":113.11,"y":-222.65,"width":200,"height":200},"gj_15_017_":{"x":113.11,"y":-222.65,"width":200,"height":200},"gj_15_018_":{"x":113.11,"y":-222.65,"width":200,"height":200},"gj_15_019_":{"x":113.11,"y":-222.65,"width":200,"height":200}},"gj_16_000_":{"gj_16_010_":{"x":313.12,"y":-222.65,"width":200,"height":200},"gj_16_011_":{"x":313.12,"y":-222.65,"width":200,"height":200},"gj_16_012_":{"x":313.12,"y":-222.65,"width":200,"height":200},"gj_16_013_":{"x":313.12,"y":-222.65,"width":200,"height":200},"gj_16_014_":{"x":313.12,"y":-222.65,"width":200,"height":200},"gj_16_015_":{"x":313.12,"y":-222.65,"width":200,"height":200}}}},"animations":{"animation":{"slots":{"gj_03_000_":{"attachment":[{"time":1.6667,"name":"gj_03_015_"},{"time":1.7667,"name":"gj_03_016_"},{"time":1.8667,"name":"gj_03_017_"},{"time":2,"name":null}]},"gj_04_000_":{"attachment":[{"time":1.6667,"name":"gj_04_015_"},{"time":1.7667,"name":"gj_04_016_"},{"time":1.8667,"name":null}]},"gj_05_000_":{"attachment":[{"time":1.1,"name":"gj_05_010_"},{"time":1.2333,"name":"gj_05_011_"},{"time":1.3333,"name":"gj_05_012_"},{"time":1.4333,"name":"gj_05_013_"},{"time":1.5333,"name":"gj_05_014_"},{"time":1.6667,"name":"gj_05_015_"},{"time":1.7667,"name":"gj_05_016_"},{"time":1.8667,"name":"gj_05_017_"},{"time":2,"name":null}]},"gj_06_000_":{"attachment":[{"time":1.1,"name":"gj_06_010_"},{"time":1.2333,"name":"gj_06_011_"},{"time":1.3333,"name":"gj_06_012_"},{"time":1.4333,"name":"gj_06_013_"},{"time":1.5333,"name":"gj_06_014_"},{"time":1.6667,"name":"gj_06_015_"},{"time":1.7667,"name":"gj_06_016_"},{"time":1.8667,"name":"gj_06_017_"},{"time":2,"name":"gj_06_018_"},{"time":2.1,"name":"gj_06_019_"}]},"gj_07_000_":{"attachment":[{"time":1.1,"name":"gj_07_010_"},{"time":1.2333,"name":"gj_07_011_"},{"time":1.3333,"name":"gj_07_012_"},{"time":1.4333,"name":"gj_07_013_"},{"time":1.5333,"name":"gj_07_014_"},{"time":1.6667,"name":"gj_07_015_"},{"time":1.7667,"name":"gj_07_016_"},{"time":1.8667,"name":"gj_07_017_"},{"time":2,"name":"gj_07_018_"},{"time":2.1,"name":"gj_07_019_"}]},"gj_08_000_":{"attachment":[{"time":1.1,"name":"gj_08_010_"},{"time":1.2333,"name":"gj_08_011_"},{"time":1.3333,"name":"gj_08_012_"},{"time":1.4333,"name":"gj_08_013_"},{"time":1.5333,"name":"gj_08_014_"},{"time":1.6667,"name":"gj_08_015_"},{"time":1.7667,"name":"gj_08_016_"},{"time":1.8667,"name":"gj_08_017_"},{"time":2,"name":"gj_08_018_"},{"time":2.1,"name":"gj_08_019_"}]},"gj_09_000_":{"attachment":[{"time":1.1,"name":"gj_09_010_"},{"time":1.2333,"name":"gj_09_011_"},{"time":1.3333,"name":"gj_09_012_"},{"time":1.4333,"name":"gj_09_013_"},{"time":1.5333,"name":"gj_09_014_"},{"time":1.6667,"name":"gj_09_015_"},{"time":1.7667,"name":"gj_09_016_"},{"time":1.8667,"name":"gj_09_017_"},{"time":2,"name":"gj_09_018_"},{"time":2.1,"name":"gj_09_019_"}]},"gj_10_000_":{"attachment":[{"time":1.1,"name":"gj_10_010_"},{"time":1.2333,"name":"gj_10_011_"},{"time":1.3333,"name":"gj_10_012_"},{"time":1.4333,"name":"gj_10_013_"},{"time":1.5333,"name":"gj_10_014_"},{"time":1.6667,"name":"gj_10_015_"},{"time":1.7667,"name":"gj_10_016_"},{"time":1.8667,"name":"gj_10_017_"},{"time":2,"name":"gj_10_018_"},{"time":2.1,"name":"gj_10_019_"}]},"gj_11_000_":{"attachment":[{"time":1.1,"name":"gj_11_010_"},{"time":1.2333,"name":"gj_11_011_"},{"time":1.3333,"name":"gj_11_012_"},{"time":1.4333,"name":"gj_11_013_"},{"time":1.5333,"name":"gj_11_014_"},{"time":1.6667,"name":"gj_11_015_"},{"time":1.7667,"name":"gj_11_016_"},{"time":1.8667,"name":"gj_11_017_"},{"time":2,"name":"gj_11_018_"},{"time":2.1,"name":"gj_11_019_"}]},"gj_12_000_":{"attachment":[{"time":1.1,"name":"gj_12_010_"},{"time":1.2333,"name":"gj_12_011_"},{"time":1.3333,"name":"gj_12_012_"},{"time":1.4333,"name":"gj_12_013_"},{"time":1.5333,"name":"gj_12_014_"},{"time":1.6667,"name":"gj_12_015_"},{"time":1.7667,"name":"gj_12_016_"},{"time":1.8667,"name":"gj_12_017_"},{"time":2,"name":"gj_12_018_"},{"time":2.1,"name":"gj_12_019_"}]},"gj_13_000_":{"attachment":[{"time":1.1,"name":"gj_13_010_"},{"time":1.2333,"name":"gj_13_011_"},{"time":1.3333,"name":"gj_13_012_"},{"time":1.4333,"name":"gj_13_013_"},{"time":1.5333,"name":"gj_13_014_"},{"time":1.6667,"name":null}]},"gj_14_000_":{"attachment":[{"time":1.1,"name":"gj_14_010_"},{"time":1.2333,"name":"gj_14_011_"},{"time":1.3333,"name":"gj_14_012_"},{"time":1.4333,"name":"gj_14_013_"},{"time":1.5333,"name":"gj_14_014_"},{"time":1.6667,"name":"gj_14_015_"},{"time":1.7667,"name":null}]},"gj_15_000_":{"attachment":[{"time":1.1,"name":"gj_15_010_"},{"time":1.2333,"name":"gj_15_011_"},{"time":1.3333,"name":"gj_15_012_"},{"time":1.4333,"name":"gj_15_013_"},{"time":1.5333,"name":"gj_15_014_"},{"time":1.6667,"name":"gj_15_015_"},{"time":1.7667,"name":"gj_15_016_"},{"time":1.8667,"name":"gj_15_017_"},{"time":2,"name":"gj_15_018_"},{"time":2.1,"name":"gj_15_019_"}]},"gj_16_000_":{"attachment":[{"time":1.1,"name":"gj_16_010_"},{"time":1.2333,"name":"gj_16_011_"},{"time":1.3333,"name":"gj_16_012_"},{"time":1.4333,"name":"gj_16_013_"},{"time":1.5333,"name":"gj_16_014_"},{"time":1.6667,"name":"gj_16_015_"},{"time":1.7667,"name":null}]}}}}}