{
"skeleton": { "hash": "K4o42Hqfs8LJpzSAFJW8eRXU+Fw", "spine": "2.1.27", "width": 341, "height": 201 },
"bones": [
	{ "name": "root" }
],
"slots": [
	{ "name": "cjpifu2_", "bone": "root", "attachment": "cjpifu2_" }
],
"skins": {
	"default": {
		"cjpifu2_": {
			"cjpifu2_": { "x": -7.5, "y": 106.49, "width": 341, "height": 201 }
		}
	}
},
"animations": {
	"animation": {
		"bones": {
			"root": {
				"rotate": [
					{ "time": 0, "angle": 0 }
				],
				"translate": [
					{ "time": 0, "x": 0, "y": 0 }
				],
				"scale": [
					{ "time": 0, "x": 1, "y": 1 }
				]
			}
		}
	}
}
}