{
"skeleton": { "hash": "cJ0LJI568he3Y75ExdsSilybjm4", "spine": "2.1.27", "width": 289, "height": 170 },
"bones": [
	{ "name": "root" }
],
"slots": [
	{ "name": "cjpifu3_", "bone": "root", "attachment": "cjpifu3_" }
],
"skins": {
	"default": {
		"cjpifu3_": {
			"cjpifu3_": { "x": -3.5, "y": 92, "width": 289, "height": 170 }
		}
	}
},
"animations": {
	"animation": {
		"bones": {
			"root": {
				"rotate": [
					{ "time": 0, "angle": 0 }
				],
				"translate": [
					{ "time": 0, "x": 0, "y": 0 }
				],
				"scale": [
					{ "time": 0, "x": 1, "y": 1 }
				]
			}
		}
	}
}
}