{
"skeleton": { "hash": "8DtW2JaITmoL6N5yNLY9xfFcZg0", "spine": "2.1.27", "width": 397, "height": 274 },
"bones": [
	{ "name": "root" }
],
"slots": [
	{ "name": "cjpifu1_", "bone": "root", "attachment": "cjpifu1_" }
],
"skins": {
	"default": {
		"cjpifu1_": {
			"cjpifu1_": { "x": -6.49, "y": 134, "width": 397, "height": 274 }
		}
	}
},
"animations": {
	"animation": {
		"bones": {
			"root": {
				"rotate": [
					{ "time": 0, "angle": 0 }
				],
				"translate": [
					{ "time": 0, "x": 0, "y": 0 }
				],
				"scale": [
					{ "time": 0, "x": 1, "y": 1 }
				]
			}
		}
	}
}
}