{
"skeleton": { "hash": "HluLCdKLs0onEw6fEY7TgFIpkeE", "spine": "3.7.94", "width": 1683.58, "height": 2101.11, "images": "", "audio": "" },
"bones": [
	{ "name": "root" },
	{ "name": "MC", "parent": "root", "y": -93.81 },
	{ "name": "GL", "parent": "MC", "x": -3.18, "y": 475.53, "scaleX": 2.5, "scaleY": 2.5 },
	{ "name": "xulie", "parent": "GL" },
	{ "name": "yan", "parent": "GL" },
	{ "name": "dise", "parent": "GL", "x": -9.87, "y": 17.44, "scaleX": 2.694, "scaleY": 2.694 },
	{ "name": "gaobaoguang", "parent": "GL", "x": 13.22, "y": -49.78, "scaleX": 1.902, "scaleY": 1.902 }
],
"slots": [
	{ "name": "dese_", "bone": "dise", "color": "ffffff00", "attachment": "dese_" },
	{ "name": "xulie", "bone": "xulie", "blend": "additive" },
	{ "name": "yanxulie", "bone": "yan" },
	{ "name": "Hguang_", "bone": "gaobaoguang", "color": "ffffff00", "attachment": "Hguang_", "blend": "additive" }
],
"skins": {
	"default": {
		"Hguang_": {
			"Hguang_": { "width": 250, "height": 312 }
		},
		"dese_": {
			"dese_": { "y": 0.5, "width": 250, "height": 312 }
		},
		"xulie": {
			"QCG_00002_": { "width": 500, "height": 625 },
			"QCG_00004_": { "width": 500, "height": 625 },
			"QCG_00006_": { "width": 500, "height": 625 },
			"QCG_00008_": { "width": 500, "height": 625 },
			"QCG_00010_": { "width": 500, "height": 625 },
			"QCG_00012_": { "width": 500, "height": 625 },
			"QCG_00014_": { "width": 500, "height": 625 },
			"QCG_00016_": { "width": 500, "height": 625 },
			"QCG_00018_": { "width": 500, "height": 625 },
			"QCG_00020_": { "width": 500, "height": 625 },
			"QCG_00022_": { "width": 500, "height": 625 },
			"QCG_00024_": { "width": 500, "height": 625 },
			"QCG_00026_": { "width": 500, "height": 625 },
			"QCG_00028_": { "width": 500, "height": 625 },
			"QCG_00030_": { "width": 500, "height": 625 },
			"QCG_00032_": { "width": 500, "height": 625 },
			"QCG_00034_": { "width": 500, "height": 625 },
			"QCG_00036_": { "width": 500, "height": 625 },
			"QCG_00038_": { "width": 500, "height": 625 },
			"QCG_00040_": { "width": 500, "height": 625 },
			"QCG_00042_": { "width": 500, "height": 625 },
			"QCG_00044_": { "width": 500, "height": 625 },
			"QCG_00046_": { "width": 500, "height": 625 },
			"QCG_00048_": { "width": 500, "height": 625 },
			"QCG_00050_": { "width": 500, "height": 625 },
			"QCG_00052_": { "width": 500, "height": 625 },
			"QCG_00054_": { "width": 500, "height": 625 },
			"QCG_00056_": { "width": 500, "height": 625 },
			"QCG_00058_": { "width": 500, "height": 625 },
			"QCG_00060_": { "width": 500, "height": 625 },
			"QCG_00062_": { "width": 500, "height": 625 },
			"QCG_00064_": { "width": 500, "height": 625 },
			"QCG_00066_": { "width": 500, "height": 625 },
			"QCG_00068_": { "width": 500, "height": 625 },
			"QCG_00070_": { "width": 500, "height": 625 },
			"QCG_00072_": { "width": 500, "height": 625 },
			"QCG_00074_": { "width": 500, "height": 625 },
			"QCG_00076_": { "width": 500, "height": 625 },
			"QCG_00078_": { "width": 500, "height": 625 },
			"QCG_00080_": { "width": 500, "height": 625 },
			"QCG_00082_": { "width": 500, "height": 625 },
			"QCG_00084_": { "width": 500, "height": 625 },
			"QCG_00086_": { "width": 500, "height": 625 },
			"QCG_00088_": { "width": 500, "height": 625 },
			"QCG_00090_": { "width": 500, "height": 625 },
			"QCG_00092_": { "width": 500, "height": 625 },
			"QCG_00094_": { "width": 500, "height": 625 },
			"QCG_00096_": { "width": 500, "height": 625 },
			"QCG_00098_": { "width": 500, "height": 625 },
			"QCG_00100_": { "width": 500, "height": 625 },
			"QCG_00102_": { "width": 500, "height": 625 },
			"QCG_00104_": { "width": 500, "height": 625 },
			"QCG_00106_": { "width": 500, "height": 625 },
			"QCG_00108_": { "width": 500, "height": 625 },
			"QCG_00110_": { "width": 500, "height": 625 },
			"QCG_00112_": { "width": 500, "height": 625 },
			"QCG_00114_": { "width": 500, "height": 625 },
			"QCG_00116_": { "width": 500, "height": 625 },
			"QCG_00118_": { "width": 500, "height": 625 }
		},
		"yanxulie": {
			"yan_00001_": { "width": 500, "height": 625 },
			"yan_00003_": { "width": 500, "height": 625 },
			"yan_00005_": { "width": 500, "height": 625 },
			"yan_00007_": { "width": 500, "height": 625 },
			"yan_00009_": { "width": 500, "height": 625 },
			"yan_00011_": { "width": 500, "height": 625 },
			"yan_00013_": { "width": 500, "height": 625 },
			"yan_00015_": { "width": 500, "height": 625 },
			"yan_00017_": { "width": 500, "height": 625 },
			"yan_00019_": { "width": 500, "height": 625 },
			"yan_00021_": { "width": 500, "height": 625 },
			"yan_00023_": { "width": 500, "height": 625 },
			"yan_00025_": { "width": 500, "height": 625 },
			"yan_00027_": { "width": 500, "height": 625 },
			"yan_00029_": { "width": 500, "height": 625 },
			"yan_00031_": { "width": 500, "height": 625 },
			"yan_00033_": { "width": 500, "height": 625 },
			"yan_00035_": { "width": 500, "height": 625 },
			"yan_00037_": { "width": 500, "height": 625 },
			"yan_00039_": { "width": 500, "height": 625 },
			"yan_00041_": { "width": 500, "height": 625 },
			"yan_00043_": { "width": 500, "height": 625 },
			"yan_00045_": { "width": 500, "height": 625 },
			"yan_00047_": { "width": 500, "height": 625 },
			"yan_00049_": { "width": 500, "height": 625 },
			"yan_00051_": { "width": 500, "height": 625 },
			"yan_00053_": { "width": 500, "height": 625 },
			"yan_00055_": { "width": 500, "height": 625 },
			"yan_00057_": { "width": 500, "height": 625 },
			"yan_00059_": { "width": 500, "height": 625 },
			"yan_00061_": { "width": 500, "height": 625 },
			"yan_00063_": { "width": 500, "height": 625 },
			"yan_00065_": { "width": 500, "height": 625 },
			"yan_00067_": { "width": 500, "height": 625 },
			"yan_00069_": { "width": 500, "height": 625 },
			"yan_00071_": { "width": 500, "height": 625 },
			"yan_00073_": { "width": 500, "height": 625 },
			"yan_00075_": { "width": 500, "height": 625 },
			"yan_00077_": { "width": 500, "height": 625 },
			"yan_00079_": { "width": 500, "height": 625 },
			"yan_00081_": { "width": 500, "height": 625 },
			"yan_00083_": { "width": 500, "height": 625 },
			"yan_00085_": { "width": 500, "height": 625 },
			"yan_00087_": { "width": 500, "height": 625 },
			"yan_00089_": { "width": 500, "height": 625 },
			"yan_00091_": { "width": 500, "height": 625 },
			"yan_00093_": { "width": 500, "height": 625 }
		}
	}
},
"animations": {
	"animation": {
		"slots": {
			"Hguang_": {
				"color": [
					{ "time": 2.5667, "color": "ffffff00" },
					{ "time": 2.6667, "color": "ffffffe6" },
					{ "time": 2.9, "color": "ffffff00" }
				]
			},
			"dese_": {
				"color": [
					{ "time": 0, "color": "ffffff00" },
					{ "time": 0.3333, "color": "ffffffff", "curve": "stepped" },
					{ "time": 2.9333, "color": "ffffffff" },
					{ "time": 3.5333, "color": "ffffff00" }
				],
				"attachment": [
					{ "time": 0, "name": "dese_" }
				]
			},
			"xulie": {
				"attachment": [
					{ "time": 0.0333, "name": "QCG_00002_" },
					{ "time": 0.1, "name": "QCG_00004_" },
					{ "time": 0.1667, "name": "QCG_00006_" },
					{ "time": 0.2333, "name": "QCG_00008_" },
					{ "time": 0.3, "name": "QCG_00010_" },
					{ "time": 0.3667, "name": "QCG_00012_" },
					{ "time": 0.4333, "name": "QCG_00014_" },
					{ "time": 0.5, "name": "QCG_00016_" },
					{ "time": 0.5667, "name": "QCG_00018_" },
					{ "time": 0.6333, "name": "QCG_00020_" },
					{ "time": 0.7, "name": "QCG_00022_" },
					{ "time": 0.7667, "name": "QCG_00024_" },
					{ "time": 0.8333, "name": "QCG_00026_" },
					{ "time": 0.9, "name": "QCG_00028_" },
					{ "time": 0.9667, "name": "QCG_00030_" },
					{ "time": 1.0333, "name": "QCG_00032_" },
					{ "time": 1.1, "name": "QCG_00034_" },
					{ "time": 1.1667, "name": "QCG_00036_" },
					{ "time": 1.2333, "name": "QCG_00038_" },
					{ "time": 1.3, "name": "QCG_00040_" },
					{ "time": 1.3667, "name": "QCG_00042_" },
					{ "time": 1.4333, "name": "QCG_00044_" },
					{ "time": 1.5, "name": "QCG_00046_" },
					{ "time": 1.5667, "name": "QCG_00048_" },
					{ "time": 1.6333, "name": "QCG_00050_" },
					{ "time": 1.7, "name": "QCG_00052_" },
					{ "time": 1.7667, "name": "QCG_00054_" },
					{ "time": 1.8333, "name": "QCG_00056_" },
					{ "time": 1.9, "name": "QCG_00058_" },
					{ "time": 1.9667, "name": "QCG_00060_" },
					{ "time": 2.0333, "name": "QCG_00062_" },
					{ "time": 2.1, "name": "QCG_00064_" },
					{ "time": 2.1667, "name": "QCG_00066_" },
					{ "time": 2.2333, "name": "QCG_00068_" },
					{ "time": 2.3, "name": "QCG_00070_" },
					{ "time": 2.3667, "name": "QCG_00072_" },
					{ "time": 2.4333, "name": "QCG_00074_" },
					{ "time": 2.5, "name": "QCG_00076_" },
					{ "time": 2.5667, "name": "QCG_00078_" },
					{ "time": 2.6333, "name": "QCG_00080_" },
					{ "time": 2.7, "name": "QCG_00082_" },
					{ "time": 2.7667, "name": "QCG_00084_" },
					{ "time": 2.8333, "name": "QCG_00086_" },
					{ "time": 2.9, "name": "QCG_00088_" },
					{ "time": 2.9667, "name": "QCG_00090_" },
					{ "time": 3.0333, "name": "QCG_00092_" },
					{ "time": 3.1, "name": "QCG_00094_" },
					{ "time": 3.1667, "name": "QCG_00096_" },
					{ "time": 3.2333, "name": "QCG_00098_" },
					{ "time": 3.3, "name": "QCG_00100_" },
					{ "time": 3.3667, "name": "QCG_00102_" },
					{ "time": 3.4333, "name": "QCG_00104_" },
					{ "time": 3.5, "name": "QCG_00106_" },
					{ "time": 3.5667, "name": "QCG_00108_" },
					{ "time": 3.6333, "name": "QCG_00110_" },
					{ "time": 3.7, "name": "QCG_00112_" },
					{ "time": 3.7667, "name": "QCG_00114_" },
					{ "time": 3.8333, "name": "QCG_00116_" },
					{ "time": 3.9, "name": "QCG_00118_" },
					{ "time": 3.9333, "name": null }
				]
			}
		}
	}
}
}