{
"skeleton": { "hash": "o49RkkGrXHx/5Z1hxWGUcu4RYms", "spine": "3.7.94", "width": 1137.81, "height": 599.99 },
"bones": [
	{ "name": "root" },
	{ "name": "bone", "parent": "root", "scaleX": 1.25, "scaleY": 1.25 },
	{ "name": "a", "parent": "bone", "x": -95.13 },
	{ "name": "b1", "parent": "bone", "x": -454.7, "y": 359.63 },
	{ "name": "b2", "parent": "bone", "x": -215.06, "y": 359.82 },
	{ "name": "b8", "parent": "bone", "x": -453.85, "y": 117.28 },
	{ "name": "bone2", "parent": "root", "scaleX": -1.25, "scaleY": 1.25 },
	{ "name": "a2", "parent": "bone2", "x": -95.13 },
	{ "name": "b3", "parent": "bone2", "x": -454.7, "y": 359.63 },
	{ "name": "b4", "parent": "bone2", "x": -215.06, "y": 359.82 },
	{ "name": "b9", "parent": "bone2", "x": -453.85, "y": 117.28 }
],
"slots": [
	{ "name": "a_00_", "bone": "a", "attachment": "a_00_" },
	{ "name": "a_00_2", "bone": "a2", "attachment": "a_00_" },
	{ "name": "b1_00_", "bone": "b1", "attachment": "b1_00_" },
	{ "name": "b1_00_2", "bone": "b3", "attachment": "b1_00_" },
	{ "name": "b2_00_", "bone": "b2", "attachment": "b2_00_" },
	{ "name": "b2_00_2", "bone": "b4", "attachment": "b2_00_" },
	{ "name": "b8_00_", "bone": "b8", "attachment": "b8_00_" },
	{ "name": "b8_00_2", "bone": "b9", "attachment": "b8_00_" }
],
"skins": {
	"default": {
		"a_00_": {
			"a_00_": { "width": 240, "height": 240 },
			"a_01_": { "width": 240, "height": 240 },
			"a_02_": { "width": 240, "height": 240 },
			"a_03_": { "width": 240, "height": 240 },
			"a_04_": { "width": 240, "height": 240 },
			"a_05_": { "width": 240, "height": 240 },
			"a_06_": { "width": 240, "height": 240 },
			"a_07_": { "width": 240, "height": 240 },
			"a_08_": { "width": 240, "height": 240 },
			"a_09_": { "width": 240, "height": 240 },
			"a_10_": { "width": 240, "height": 240 },
			"a_11_": { "width": 240, "height": 240 },
			"a_12_": { "width": 240, "height": 240 },
			"a_13_": { "width": 240, "height": 240 },
			"a_14_": { "width": 240, "height": 240 }
		},
		"a_00_2": {
			"a_00_": { "width": 240, "height": 240 },
			"a_01_": { "width": 240, "height": 240 },
			"a_02_": { "width": 240, "height": 240 },
			"a_03_": { "width": 240, "height": 240 },
			"a_04_": { "width": 240, "height": 240 },
			"a_05_": { "width": 240, "height": 240 },
			"a_06_": { "width": 240, "height": 240 },
			"a_07_": { "width": 240, "height": 240 },
			"a_08_": { "width": 240, "height": 240 },
			"a_09_": { "width": 240, "height": 240 },
			"a_10_": { "width": 240, "height": 240 },
			"a_11_": { "width": 240, "height": 240 },
			"a_12_": { "width": 240, "height": 240 },
			"a_13_": { "width": 240, "height": 240 },
			"a_14_": { "width": 240, "height": 240 }
		},
		"b1_00_": {
			"b1_00_": { "x": 119.58, "y": -119.64, "width": 240, "height": 240 },
			"b1_01_": { "x": 119.58, "y": -119.64, "width": 240, "height": 240 },
			"b1_02_": { "x": 119.58, "y": -119.64, "width": 240, "height": 240 },
			"b1_03_": { "x": 119.58, "y": -119.64, "width": 240, "height": 240 },
			"b1_04_": { "x": 119.58, "y": -119.64, "width": 240, "height": 240 },
			"b1_05_": { "x": 119.58, "y": -119.64, "width": 240, "height": 240 },
			"b1_06_": { "x": 119.58, "y": -119.64, "width": 240, "height": 240 },
			"b1_07_": { "x": 119.58, "y": -119.64, "width": 240, "height": 240 },
			"b1_08_": { "x": 119.58, "y": -119.64, "width": 240, "height": 240 },
			"b1_09_": { "x": 119.58, "y": -119.64, "width": 240, "height": 240 },
			"b1_10_": { "x": 119.58, "y": -119.64, "width": 240, "height": 240 },
			"b1_11_": { "x": 119.58, "y": -119.64, "width": 240, "height": 240 },
			"b1_12_": { "x": 119.58, "y": -119.64, "width": 240, "height": 240 },
			"b1_13_": { "x": 119.58, "y": -119.64, "width": 240, "height": 240 },
			"b1_14_": { "x": 119.58, "y": -119.64, "width": 240, "height": 240 }
		},
		"b1_00_2": {
			"b1_00_": { "x": 119.58, "y": -119.64, "width": 240, "height": 240 },
			"b1_01_": { "x": 119.58, "y": -119.64, "width": 240, "height": 240 },
			"b1_02_": { "x": 119.58, "y": -119.64, "width": 240, "height": 240 },
			"b1_03_": { "x": 119.58, "y": -119.64, "width": 240, "height": 240 },
			"b1_04_": { "x": 119.58, "y": -119.64, "width": 240, "height": 240 },
			"b1_05_": { "x": 119.58, "y": -119.64, "width": 240, "height": 240 },
			"b1_06_": { "x": 119.58, "y": -119.64, "width": 240, "height": 240 },
			"b1_07_": { "x": 119.58, "y": -119.64, "width": 240, "height": 240 },
			"b1_08_": { "x": 119.58, "y": -119.64, "width": 240, "height": 240 },
			"b1_09_": { "x": 119.58, "y": -119.64, "width": 240, "height": 240 },
			"b1_10_": { "x": 119.58, "y": -119.64, "width": 240, "height": 240 },
			"b1_11_": { "x": 119.58, "y": -119.64, "width": 240, "height": 240 },
			"b1_12_": { "x": 119.58, "y": -119.64, "width": 240, "height": 240 },
			"b1_13_": { "x": 119.58, "y": -119.64, "width": 240, "height": 240 },
			"b1_14_": { "x": 119.58, "y": -119.64, "width": 240, "height": 240 }
		},
		"b2_00_": {
			"b2_00_": { "x": 119.94, "y": -119.83, "width": 240, "height": 240 },
			"b2_01_": { "x": 119.95, "y": -119.84, "width": 240, "height": 240 },
			"b2_02_": { "x": 119.95, "y": -119.84, "width": 240, "height": 240 },
			"b2_03_": { "x": 119.95, "y": -119.84, "width": 240, "height": 240 },
			"b2_04_": { "x": 119.95, "y": -119.84, "width": 240, "height": 240 },
			"b2_05_": { "x": 119.95, "y": -119.84, "width": 240, "height": 240 },
			"b2_06_": { "x": 119.95, "y": -119.84, "width": 240, "height": 240 },
			"b2_07_": { "x": 119.95, "y": -119.84, "width": 240, "height": 240 },
			"b2_08_": { "x": 119.95, "y": -119.84, "width": 240, "height": 240 },
			"b2_09_": { "x": 119.95, "y": -119.84, "width": 240, "height": 240 },
			"b2_10_": { "x": 119.95, "y": -119.84, "width": 240, "height": 240 },
			"b2_11_": { "x": 119.95, "y": -119.84, "width": 240, "height": 240 },
			"b2_12_": { "x": 119.95, "y": -119.84, "width": 240, "height": 240 },
			"b2_13_": { "x": 119.95, "y": -119.84, "width": 240, "height": 240 },
			"b2_14_": { "x": 119.95, "y": -119.84, "width": 240, "height": 240 }
		},
		"b2_00_2": {
			"b2_00_": { "x": 119.94, "y": -119.83, "width": 240, "height": 240 },
			"b2_01_": { "x": 119.95, "y": -119.84, "width": 240, "height": 240 },
			"b2_02_": { "x": 119.95, "y": -119.84, "width": 240, "height": 240 },
			"b2_03_": { "x": 119.95, "y": -119.84, "width": 240, "height": 240 },
			"b2_04_": { "x": 119.95, "y": -119.84, "width": 240, "height": 240 },
			"b2_05_": { "x": 119.95, "y": -119.84, "width": 240, "height": 240 },
			"b2_06_": { "x": 119.95, "y": -119.84, "width": 240, "height": 240 },
			"b2_07_": { "x": 119.95, "y": -119.84, "width": 240, "height": 240 },
			"b2_08_": { "x": 119.95, "y": -119.84, "width": 240, "height": 240 },
			"b2_09_": { "x": 119.95, "y": -119.84, "width": 240, "height": 240 },
			"b2_10_": { "x": 119.95, "y": -119.84, "width": 240, "height": 240 },
			"b2_11_": { "x": 119.95, "y": -119.84, "width": 240, "height": 240 },
			"b2_12_": { "x": 119.95, "y": -119.84, "width": 240, "height": 240 },
			"b2_13_": { "x": 119.95, "y": -119.84, "width": 240, "height": 240 },
			"b2_14_": { "x": 119.95, "y": -119.84, "width": 240, "height": 240 }
		},
		"b8_00_": {
			"b8_00_": { "x": 118.73, "y": -117.29, "width": 240, "height": 240 },
			"b8_01_": { "x": 118.73, "y": -117.29, "width": 240, "height": 240 },
			"b8_02_": { "x": 118.73, "y": -117.29, "width": 240, "height": 240 },
			"b8_03_": { "x": 118.73, "y": -117.29, "width": 240, "height": 240 },
			"b8_04_": { "x": 118.73, "y": -117.29, "width": 240, "height": 240 },
			"b8_05_": { "x": 118.73, "y": -117.29, "width": 240, "height": 240 },
			"b8_06_": { "x": 118.73, "y": -117.29, "width": 240, "height": 240 },
			"b8_07_": { "x": 118.73, "y": -117.29, "width": 240, "height": 240 },
			"b8_08_": { "x": 118.73, "y": -117.29, "width": 240, "height": 240 },
			"b8_09_": { "x": 118.73, "y": -117.29, "width": 240, "height": 240 },
			"b8_10_": { "x": 118.73, "y": -117.29, "width": 240, "height": 240 },
			"b8_11_": { "x": 118.73, "y": -117.29, "width": 240, "height": 240 },
			"b8_12_": { "x": 118.73, "y": -117.29, "width": 240, "height": 240 },
			"b8_13_": { "x": 118.73, "y": -117.29, "width": 240, "height": 240 },
			"b8_14_": { "x": 118.73, "y": -117.29, "width": 240, "height": 240 }
		},
		"b8_00_2": {
			"b8_00_": { "x": 118.73, "y": -117.29, "width": 240, "height": 240 },
			"b8_01_": { "x": 118.73, "y": -117.29, "width": 240, "height": 240 },
			"b8_02_": { "x": 118.73, "y": -117.29, "width": 240, "height": 240 },
			"b8_03_": { "x": 118.73, "y": -117.29, "width": 240, "height": 240 },
			"b8_04_": { "x": 118.73, "y": -117.29, "width": 240, "height": 240 },
			"b8_05_": { "x": 118.73, "y": -117.29, "width": 240, "height": 240 },
			"b8_06_": { "x": 118.73, "y": -117.29, "width": 240, "height": 240 },
			"b8_07_": { "x": 118.73, "y": -117.29, "width": 240, "height": 240 },
			"b8_08_": { "x": 118.73, "y": -117.29, "width": 240, "height": 240 },
			"b8_09_": { "x": 118.73, "y": -117.29, "width": 240, "height": 240 },
			"b8_10_": { "x": 118.73, "y": -117.29, "width": 240, "height": 240 },
			"b8_11_": { "x": 118.73, "y": -117.29, "width": 240, "height": 240 },
			"b8_12_": { "x": 118.73, "y": -117.29, "width": 240, "height": 240 },
			"b8_13_": { "x": 118.73, "y": -117.29, "width": 240, "height": 240 },
			"b8_14_": { "x": 118.73, "y": -117.29, "width": 240, "height": 240 }
		}
	}
},
"animations": {
	"animation": {
		"slots": {
			"a_00_": {
				"attachment": [
					{ "time": 0, "name": "a_00_" },
					{ "time": 0.1, "name": "a_01_" },
					{ "time": 0.2333, "name": "a_02_" },
					{ "time": 0.3333, "name": "a_03_" },
					{ "time": 0.4333, "name": "a_04_" },
					{ "time": 0.5333, "name": "a_05_" },
					{ "time": 0.6667, "name": "a_06_" },
					{ "time": 0.7667, "name": "a_07_" },
					{ "time": 0.8667, "name": "a_08_" },
					{ "time": 1, "name": "a_09_" },
					{ "time": 1.1, "name": "a_10_" },
					{ "time": 1.2, "name": "a_11_" },
					{ "time": 1.3, "name": "a_12_" },
					{ "time": 1.4333, "name": "a_13_" },
					{ "time": 1.5333, "name": "a_14_" },
					{ "time": 1.6333, "name": "a_00_" }
				]
			},
			"a_00_2": {
				"attachment": [
					{ "time": 0, "name": "a_00_" },
					{ "time": 0.1, "name": "a_01_" },
					{ "time": 0.2333, "name": "a_02_" },
					{ "time": 0.3333, "name": "a_03_" },
					{ "time": 0.4333, "name": "a_04_" },
					{ "time": 0.5333, "name": "a_05_" },
					{ "time": 0.6667, "name": "a_06_" },
					{ "time": 0.7667, "name": "a_07_" },
					{ "time": 0.8667, "name": "a_08_" },
					{ "time": 1, "name": "a_09_" },
					{ "time": 1.1, "name": "a_10_" },
					{ "time": 1.2, "name": "a_11_" },
					{ "time": 1.3, "name": "a_12_" },
					{ "time": 1.4333, "name": "a_13_" },
					{ "time": 1.5333, "name": "a_14_" },
					{ "time": 1.6333, "name": "a_00_" }
				]
			},
			"b1_00_": {
				"attachment": [
					{ "time": 0, "name": "b1_00_" },
					{ "time": 0.1, "name": "b1_01_" },
					{ "time": 0.2333, "name": "b1_02_" },
					{ "time": 0.3333, "name": "b1_03_" },
					{ "time": 0.4333, "name": "b1_04_" },
					{ "time": 0.5333, "name": "b1_05_" },
					{ "time": 0.6667, "name": "b1_06_" },
					{ "time": 0.7667, "name": "b1_07_" },
					{ "time": 0.8667, "name": "b1_08_" },
					{ "time": 1, "name": "b1_09_" },
					{ "time": 1.1, "name": "b1_10_" },
					{ "time": 1.2, "name": "b1_11_" },
					{ "time": 1.3, "name": "b1_12_" },
					{ "time": 1.4333, "name": "b1_13_" },
					{ "time": 1.5333, "name": "b1_14_" },
					{ "time": 1.6333, "name": "b1_00_" }
				]
			},
			"b1_00_2": {
				"attachment": [
					{ "time": 0, "name": "b1_00_" },
					{ "time": 0.1, "name": "b1_01_" },
					{ "time": 0.2333, "name": "b1_02_" },
					{ "time": 0.3333, "name": "b1_03_" },
					{ "time": 0.4333, "name": "b1_04_" },
					{ "time": 0.5333, "name": "b1_05_" },
					{ "time": 0.6667, "name": "b1_06_" },
					{ "time": 0.7667, "name": "b1_07_" },
					{ "time": 0.8667, "name": "b1_08_" },
					{ "time": 1, "name": "b1_09_" },
					{ "time": 1.1, "name": "b1_10_" },
					{ "time": 1.2, "name": "b1_11_" },
					{ "time": 1.3, "name": "b1_12_" },
					{ "time": 1.4333, "name": "b1_13_" },
					{ "time": 1.5333, "name": "b1_14_" },
					{ "time": 1.6333, "name": "b1_00_" }
				]
			},
			"b2_00_": {
				"attachment": [
					{ "time": 0, "name": "b2_00_" },
					{ "time": 0.1, "name": "b2_01_" },
					{ "time": 0.2333, "name": "b2_02_" },
					{ "time": 0.3333, "name": "b2_03_" },
					{ "time": 0.4333, "name": "b2_04_" },
					{ "time": 0.5333, "name": "b2_05_" },
					{ "time": 0.6667, "name": "b2_06_" },
					{ "time": 0.7667, "name": "b2_07_" },
					{ "time": 0.8667, "name": "b2_08_" },
					{ "time": 1, "name": "b2_09_" },
					{ "time": 1.1, "name": "b2_10_" },
					{ "time": 1.2, "name": "b2_11_" },
					{ "time": 1.3, "name": "b2_12_" },
					{ "time": 1.4333, "name": "b2_13_" },
					{ "time": 1.5333, "name": "b2_14_" },
					{ "time": 1.6333, "name": "b2_00_" }
				]
			},
			"b2_00_2": {
				"attachment": [
					{ "time": 0, "name": "b2_00_" },
					{ "time": 0.1, "name": "b2_01_" },
					{ "time": 0.2333, "name": "b2_02_" },
					{ "time": 0.3333, "name": "b2_03_" },
					{ "time": 0.4333, "name": "b2_04_" },
					{ "time": 0.5333, "name": "b2_05_" },
					{ "time": 0.6667, "name": "b2_06_" },
					{ "time": 0.7667, "name": "b2_07_" },
					{ "time": 0.8667, "name": "b2_08_" },
					{ "time": 1, "name": "b2_09_" },
					{ "time": 1.1, "name": "b2_10_" },
					{ "time": 1.2, "name": "b2_11_" },
					{ "time": 1.3, "name": "b2_12_" },
					{ "time": 1.4333, "name": "b2_13_" },
					{ "time": 1.5333, "name": "b2_14_" },
					{ "time": 1.6333, "name": "b2_00_" }
				]
			},
			"b8_00_": {
				"attachment": [
					{ "time": 0, "name": "b8_00_" },
					{ "time": 0.1, "name": "b8_01_" },
					{ "time": 0.2333, "name": "b8_02_" },
					{ "time": 0.3333, "name": "b8_03_" },
					{ "time": 0.4333, "name": "b8_04_" },
					{ "time": 0.5333, "name": "b8_05_" },
					{ "time": 0.6667, "name": "b8_06_" },
					{ "time": 0.7667, "name": "b8_07_" },
					{ "time": 0.8667, "name": "b8_08_" },
					{ "time": 1, "name": "b8_09_" },
					{ "time": 1.1, "name": "b8_10_" },
					{ "time": 1.2, "name": "b8_11_" },
					{ "time": 1.3, "name": "b8_12_" },
					{ "time": 1.4333, "name": "b8_13_" },
					{ "time": 1.5333, "name": "b8_14_" },
					{ "time": 1.6333, "name": "b8_00_" }
				]
			},
			"b8_00_2": {
				"attachment": [
					{ "time": 0, "name": "b8_00_" },
					{ "time": 0.1, "name": "b8_01_" },
					{ "time": 0.2333, "name": "b8_02_" },
					{ "time": 0.3333, "name": "b8_03_" },
					{ "time": 0.4333, "name": "b8_04_" },
					{ "time": 0.5333, "name": "b8_05_" },
					{ "time": 0.6667, "name": "b8_06_" },
					{ "time": 0.7667, "name": "b8_07_" },
					{ "time": 0.8667, "name": "b8_08_" },
					{ "time": 1, "name": "b8_09_" },
					{ "time": 1.1, "name": "b8_10_" },
					{ "time": 1.2, "name": "b8_11_" },
					{ "time": 1.3, "name": "b8_12_" },
					{ "time": 1.4333, "name": "b8_13_" },
					{ "time": 1.5333, "name": "b8_14_" },
					{ "time": 1.6333, "name": "b8_00_" }
				]
			}
		}
	}
}
}