{
"skeleton": { "hash": "+yz07+5Og65oyoRv6bp7ao/yZYU", "spine": "2.1.27", "width": 332.97, "height": 324.1 },
"bones": [
	{ "name": "root", "scaleX": 0.8, "scaleY": 0.8 },
	{ "name": "bone", "parent": "root", "length": 117.06, "x": 41.21, "y": 213.63, "rotation": 360 },
	{ "name": "bone2", "parent": "bone", "x": -1.94, "y": -213.63 }
],
"slots": [
	{ "name": "jitachengbao_01_", "bone": "root", "attachment": "jtdj_01_" },
	{ "name": "jitachengbao_036_", "bone": "bone", "attachment": "jitachengbao_036_" },
	{ "name": "10", "bone": "bone2", "blend": "additive" },
	{ "name": "1", "bone": "bone2", "blend": "additive" },
	{ "name": "8", "bone": "bone2", "blend": "additive" },
	{ "name": "6", "bone": "bone2", "blend": "additive" },
	{ "name": "5", "bone": "bone2", "blend": "additive" },
	{ "name": "2", "bone": "bone2", "blend": "additive" },
	{ "name": "7", "bone": "bone2", "blend": "additive" },
	{ "name": "11", "bone": "bone2", "blend": "additive" },
	{ "name": "4", "bone": "bone2", "blend": "additive" },
	{ "name": "9", "bone": "bone2", "blend": "additive" },
	{ "name": "3", "bone": "bone2", "blend": "additive" }
],
"skins": {
	"default": {
		"1": {
			"jtyf_01_": { "x": -48.03, "y": 116.35, "width": 32, "height": 44 }
		},
		"10": {
			"jtyf_01_": { "x": 27.68, "y": 297.8, "rotation": -146.52, "width": 32, "height": 44 }
		},
		"11": {
			"jtyf_04_": { "x": 51.76, "y": 339.94, "width": 27, "height": 34 }
		},
		"2": {
			"jtyf_03_": { "x": 3.18, "y": 95.62, "rotation": 33.83, "width": 23, "height": 34 }
		},
		"3": {
			"jtyf_05_": { "x": 45.06, "y": 115.82, "rotation": -21.32, "width": 28, "height": 66 }
		},
		"4": {
			"jtyf_04_": { "x": 83.66, "y": 109.91, "rotation": 47.92, "width": 27, "height": 34 }
		},
		"5": {
			"jtyf_03_": { "x": 106.05, "y": 144.68, "scaleX": -1, "width": 23, "height": 34 }
		},
		"6": {
			"jtyf_02_": { "x": 65.9, "y": 159.89, "width": 17, "height": 35 }
		},
		"7": {
			"jtyf_04_": { "x": -53.01, "y": 202.3, "rotation": -52.32, "width": 27, "height": 34 }
		},
		"8": {
			"jtyf_02_": { "color": "00ff53ff", "x": -57.44, "y": 256.57, "rotation": -19.73, "width": 17, "height": 35 }
		},
		"9": {
			"jtyf_05_": { "x": -20.65, "y": 281.08, "rotation": -7.63, "width": 28, "height": 66 }
		},
		"jitachengbao_01_": {
			"jtdj_01_": { "y": 157.49, "width": 414, "height": 314 }
		},
		"jitachengbao_036_": {
			"jitachengbao_036_": { "width": 336, "height": 384 },
			"jitachengbao_037_": { "width": 336, "height": 384 },
			"jitachengbao_038_": { "width": 336, "height": 384 },
			"jitachengbao_039_": { "width": 336, "height": 384 },
			"jitachengbao_040_": { "width": 336, "height": 384 },
			"jitachengbao_041_": { "width": 336, "height": 384 },
			"jitachengbao_042_": { "width": 336, "height": 384 },
			"jitachengbao_043_": { "width": 336, "height": 384 },
			"jitachengbao_044_": { "width": 336, "height": 384 },
			"jitachengbao_045_": { "width": 336, "height": 384 },
			"jitachengbao_046_": { "width": 336, "height": 384 },
			"jitachengbao_047_": { "width": 336, "height": 384 },
			"jitachengbao_048_": { "width": 336, "height": 384 },
			"jitachengbao_049_": { "width": 336, "height": 384 },
			"jitachengbao_050_": { "width": 336, "height": 384 },
			"jitachengbao_051_": { "width": 336, "height": 384 },
			"jitachengbao_052_": { "width": 336, "height": 384 },
			"jitachengbao_053_": { "width": 336, "height": 384 },
			"jitachengbao_054_": { "width": 336, "height": 384 },
			"jitachengbao_055_": { "width": 336, "height": 384 },
			"jitachengbao_056_": { "width": 336, "height": 384 }
		}
	}
},
"animations": {
	"dj": {
		"slots": {
			"1": {
				"attachment": [
					{ "time": 0.4, "name": "jtyf_01_" },
					{ "time": 0.5, "name": "jtyf_01_" }
				],
				"color": [
					{ "time": 0.4, "color": "ffffff00" },
					{ "time": 0.5, "color": "ffffffff", "curve": "stepped" },
					{ "time": 0.7333, "color": "ffffffff" },
					{ "time": 1.1666, "color": "ffffff00" }
				]
			},
			"2": {
				"attachment": [
					{ "time": 0.6666, "name": "jtyf_03_" },
					{ "time": 0.7333, "name": "jtyf_03_" }
				],
				"color": [
					{ "time": 0.5, "color": "ffffff00" },
					{ "time": 0.7333, "color": "ffffffff" },
					{ "time": 0.9333, "color": "fffffffe" },
					{ "time": 1.4333, "color": "ffffff00" }
				]
			},
			"3": {
				"attachment": [
					{ "time": 0.8, "name": "jtyf_05_" },
					{ "time": 0.9333, "name": "jtyf_05_" }
				],
				"color": [
					{ "time": 0.7333, "color": "ffffff00" },
					{ "time": 0.9333, "color": "ffffffff" },
					{ "time": 1.0333, "color": "ffffffe2" },
					{ "time": 1.6333, "color": "ffffff00" }
				]
			},
			"4": {
				"attachment": [
					{ "time": 1, "name": "jtyf_04_" },
					{ "time": 1.0333, "name": "jtyf_04_" }
				],
				"color": [
					{ "time": 0.9333, "color": "ffffff00" },
					{ "time": 1.0333, "color": "ffffffff", "curve": "stepped" },
					{ "time": 1.1666, "color": "ffffffff" },
					{ "time": 1.7666, "color": "ffffff00" }
				]
			},
			"5": {
				"attachment": [
					{ "time": 1.0333, "name": "jtyf_03_" },
					{ "time": 1.1666, "name": "jtyf_03_" }
				],
				"color": [
					{ "time": 1.0333, "color": "ffffff00" },
					{ "time": 1.1666, "color": "ffffffff" },
					{ "time": 1.5333, "color": "ffffff00" }
				]
			},
			"6": {
				"attachment": [
					{ "time": 1.1666, "name": "jtyf_02_" },
					{ "time": 1.2666, "name": "jtyf_02_" }
				],
				"color": [
					{ "time": 1.1666, "color": "ffffff00" },
					{ "time": 1.2666, "color": "ffffffff" },
					{ "time": 1.6666, "color": "ffffff00" }
				]
			},
			"7": {
				"attachment": [
					{ "time": 1.5333, "name": "jtyf_04_" },
					{ "time": 1.6666, "name": "jtyf_04_" }
				],
				"color": [
					{ "time": 1.5333, "color": "ffffff00" },
					{ "time": 1.6666, "color": "ffffffff" },
					{ "time": 1.8666, "color": "fffffff6" },
					{ "time": 2.0333, "color": "ffffff00" }
				]
			},
			"8": {
				"attachment": [
					{ "time": 1.7666, "name": "jtyf_02_" },
					{ "time": 1.8666, "name": "jtyf_02_" }
				],
				"color": [
					{ "time": 1.7666, "color": "ffffff00" },
					{ "time": 1.8666, "color": "ffffffff" },
					{ "time": 2.2, "color": "ffffff00" }
				]
			},
			"9": {
				"attachment": [
					{ "time": 1.8666, "name": "jtyf_05_" },
					{ "time": 2.0333, "name": "jtyf_05_" }
				],
				"color": [
					{ "time": 1.8666, "color": "ffffff00" },
					{ "time": 2.2333, "color": "ffffffff" },
					{ "time": 2.4333, "color": "ffffff00", "curve": "stepped" },
					{ "time": 2.5, "color": "ffffff00" }
				]
			},
			"10": {
				"attachment": [
					{ "time": 2.1, "name": "jtyf_01_" },
					{ "time": 2.2333, "name": "jtyf_01_" }
				],
				"color": [
					{ "time": 2.1, "color": "ffffff00" },
					{ "time": 2.4333, "color": "ffffffe7" },
					{ "time": 2.5, "color": "ffffff00" }
				]
			},
			"11": {
				"attachment": [
					{ "time": 2.5, "name": null }
				],
				"color": [
					{ "time": 2.2, "color": "ffffff00" },
					{ "time": 2.2333, "color": "ffffffff" },
					{ "time": 2.5, "color": "ffffff00" }
				]
			},
			"jitachengbao_036_": {
				"attachment": [
					{ "time": 0, "name": "jitachengbao_036_" },
					{ "time": 0.1, "name": "jitachengbao_037_" },
					{ "time": 0.2333, "name": "jitachengbao_038_" },
					{ "time": 0.3333, "name": "jitachengbao_039_" },
					{ "time": 0.5, "name": "jitachengbao_040_" },
					{ "time": 0.6333, "name": "jitachengbao_041_" },
					{ "time": 0.7333, "name": "jitachengbao_042_" },
					{ "time": 0.8, "name": "jitachengbao_043_" },
					{ "time": 0.9333, "name": "jitachengbao_044_" },
					{ "time": 1.0333, "name": "jitachengbao_045_" },
					{ "time": 1.1666, "name": "jitachengbao_046_" },
					{ "time": 1.2666, "name": "jitachengbao_047_" },
					{ "time": 1.4333, "name": "jitachengbao_048_" },
					{ "time": 1.5333, "name": "jitachengbao_049_" },
					{ "time": 1.6666, "name": "jitachengbao_050_" },
					{ "time": 1.7666, "name": "jitachengbao_051_" },
					{ "time": 1.8666, "name": "jitachengbao_052_" },
					{ "time": 1.9666, "name": "jitachengbao_053_" },
					{ "time": 2.1, "name": "jitachengbao_054_" },
					{ "time": 2.2, "name": "jitachengbao_055_" },
					{ "time": 2.3666, "name": "jitachengbao_056_" },
					{ "time": 2.4666, "name": "jitachengbao_036_" }
				]
			}
		},
		"bones": {
			"bone": {
				"rotate": [
					{ "time": 0, "angle": 0 }
				],
				"translate": [
					{ "time": 0, "x": 0, "y": 0, "curve": "stepped" },
					{ "time": 2.4666, "x": 0, "y": 0 }
				],
				"scale": [
					{ "time": 0, "x": 1, "y": 1 }
				]
			},
			"bone2": {
				"translate": [
					{ "time": 0, "x": 0, "y": 0 }
				]
			}
		}
	}
}
}