{
"skeleton": { "hash": "fAdLP497UoR9a447UDniJvoE790", "spine": "2.1.27", "width": 0, "height": 0 },
"bones": [
	{ "name": "root", "scaleX": 1.25, "scaleY": 1.25 }
],
"slots": [
	{ "name": "Snow_stand_gaoji_014_05_", "bone": "root" },
	{ "name": "Snow_stand_gaoji_014_04_", "bone": "root" },
	{ "name": "Snow_stand_gaoji_014_03_", "bone": "root" },
	{ "name": "Snow_stand_gaoji_014_02_", "bone": "root" },
	{ "name": "Snow_stand_gaoji_014_01_", "bone": "root" },
	{ "name": "Snow_stand_gaoji_013_05_", "bone": "root" },
	{ "name": "Snow_stand_gaoji_013_04_", "bone": "root" },
	{ "name": "Snow_stand_gaoji_013_03_", "bone": "root" },
	{ "name": "Snow_stand_gaoji_013_02_", "bone": "root" },
	{ "name": "Snow_stand_gaoji_013_01_", "bone": "root" },
	{ "name": "Snow_stand_gaoji_012_05_", "bone": "root" },
	{ "name": "Snow_stand_gaoji_012_04_", "bone": "root" },
	{ "name": "Snow_stand_gaoji_012_03_", "bone": "root" },
	{ "name": "Snow_stand_gaoji_012_02_", "bone": "root" },
	{ "name": "Snow_stand_gaoji_012_01_", "bone": "root" },
	{ "name": "Snow_stand_gaoji_011_05_", "bone": "root" },
	{ "name": "Snow_stand_gaoji_011_04_", "bone": "root" },
	{ "name": "Snow_stand_gaoji_011_03_", "bone": "root" },
	{ "name": "Snow_stand_gaoji_011_02_", "bone": "root" },
	{ "name": "Snow_stand_gaoji_011_01_", "bone": "root" },
	{ "name": "Snow_stand_gaoji_010_05_", "bone": "root" },
	{ "name": "Snow_stand_gaoji_010_04_", "bone": "root" },
	{ "name": "Snow_stand_gaoji_010_03_", "bone": "root" },
	{ "name": "Snow_stand_gaoji_010_02_", "bone": "root" },
	{ "name": "Snow_stand_gaoji_010_01_", "bone": "root" },
	{ "name": "Snow_stand_gaoji_009_05_", "bone": "root" },
	{ "name": "Snow_stand_gaoji_009_04_", "bone": "root" },
	{ "name": "Snow_stand_gaoji_009_03_", "bone": "root" },
	{ "name": "Snow_stand_gaoji_009_02_", "bone": "root" },
	{ "name": "Snow_stand_gaoji_009_01_", "bone": "root" },
	{ "name": "Snow_stand_gaoji_008_05_", "bone": "root" },
	{ "name": "Snow_stand_gaoji_008_04_", "bone": "root" },
	{ "name": "Snow_stand_gaoji_008_03_", "bone": "root" },
	{ "name": "Snow_stand_gaoji_008_02_", "bone": "root" },
	{ "name": "Snow_stand_gaoji_008_01_", "bone": "root" },
	{ "name": "Snow_stand_gaoji_007_05_", "bone": "root" },
	{ "name": "Snow_stand_gaoji_007_04_", "bone": "root" },
	{ "name": "Snow_stand_gaoji_007_03_", "bone": "root" },
	{ "name": "Snow_stand_gaoji_007_02_", "bone": "root" },
	{ "name": "Snow_stand_gaoji_007_01_", "bone": "root" },
	{ "name": "Snow_stand_gaoji_006_05_", "bone": "root" },
	{ "name": "Snow_stand_gaoji_006_04_", "bone": "root" },
	{ "name": "Snow_stand_gaoji_006_03_", "bone": "root" },
	{ "name": "Snow_stand_gaoji_006_02_", "bone": "root" },
	{ "name": "Snow_stand_gaoji_006_01_", "bone": "root" },
	{ "name": "Snow_stand_gaoji_005_05_", "bone": "root" },
	{ "name": "Snow_stand_gaoji_005_04_", "bone": "root" },
	{ "name": "Snow_stand_gaoji_005_03_", "bone": "root" },
	{ "name": "Snow_stand_gaoji_005_02_", "bone": "root" },
	{ "name": "Snow_stand_gaoji_005_01_", "bone": "root" },
	{ "name": "Snow_stand_gaoji_004_05_", "bone": "root" },
	{ "name": "Snow_stand_gaoji_004_04_", "bone": "root" },
	{ "name": "Snow_stand_gaoji_004_03_", "bone": "root" },
	{ "name": "Snow_stand_gaoji_004_02_", "bone": "root" },
	{ "name": "Snow_stand_gaoji_004_01_", "bone": "root" },
	{ "name": "Snow_stand_gaoji_003_05_", "bone": "root" },
	{ "name": "Snow_stand_gaoji_003_04_", "bone": "root" },
	{ "name": "Snow_stand_gaoji_003_03_", "bone": "root" },
	{ "name": "Snow_stand_gaoji_003_02_", "bone": "root" },
	{ "name": "Snow_stand_gaoji_003_01_", "bone": "root" },
	{ "name": "Snow_stand_gaoji_002_05_", "bone": "root" },
	{ "name": "Snow_stand_gaoji_002_04_", "bone": "root" },
	{ "name": "Snow_stand_gaoji_002_03_", "bone": "root" },
	{ "name": "Snow_stand_gaoji_002_02_", "bone": "root" },
	{ "name": "Snow_stand_gaoji_002_01_", "bone": "root" },
	{ "name": "Snow_stand_gaoji_001_05_", "bone": "root" },
	{ "name": "Snow_stand_gaoji_001_04_", "bone": "root" },
	{ "name": "Snow_stand_gaoji_001_03_", "bone": "root" },
	{ "name": "Snow_stand_gaoji_001_02_", "bone": "root" },
	{ "name": "Snow_stand_gaoji_001_01_", "bone": "root" },
	{ "name": "Snow_stand_gaoji_000_05_", "bone": "root" },
	{ "name": "Snow_stand_gaoji_000_04_", "bone": "root" },
	{ "name": "Snow_stand_gaoji_000_03_", "bone": "root" },
	{ "name": "Snow_stand_gaoji_000_02_", "bone": "root" },
	{ "name": "Snow_stand_gaoji_000_01_", "bone": "root" },
	{ "name": "Snow_idleshow_gaoji_022_05_", "bone": "root" },
	{ "name": "Snow_idleshow_gaoji_022_04_", "bone": "root" },
	{ "name": "Snow_idleshow_gaoji_022_03_", "bone": "root" },
	{ "name": "Snow_idleshow_gaoji_022_02_", "bone": "root" },
	{ "name": "Snow_idleshow_gaoji_022_01_", "bone": "root" },
	{ "name": "Snow_idleshow_gaoji_021_05_", "bone": "root" },
	{ "name": "Snow_idleshow_gaoji_021_04_", "bone": "root" },
	{ "name": "Snow_idleshow_gaoji_021_03_", "bone": "root" },
	{ "name": "Snow_idleshow_gaoji_021_02_", "bone": "root" },
	{ "name": "Snow_idleshow_gaoji_021_01_", "bone": "root" },
	{ "name": "Snow_idleshow_gaoji_020_05_", "bone": "root" },
	{ "name": "Snow_idleshow_gaoji_020_04_", "bone": "root" },
	{ "name": "Snow_idleshow_gaoji_020_03_", "bone": "root" },
	{ "name": "Snow_idleshow_gaoji_020_02_", "bone": "root" },
	{ "name": "Snow_idleshow_gaoji_020_01_", "bone": "root" },
	{ "name": "Snow_idleshow_gaoji_019_05_", "bone": "root" },
	{ "name": "Snow_idleshow_gaoji_019_04_", "bone": "root" },
	{ "name": "Snow_idleshow_gaoji_019_03_", "bone": "root" },
	{ "name": "Snow_idleshow_gaoji_019_02_", "bone": "root" },
	{ "name": "Snow_idleshow_gaoji_019_01_", "bone": "root" },
	{ "name": "Snow_idleshow_gaoji_018_05_", "bone": "root" },
	{ "name": "Snow_idleshow_gaoji_018_04_", "bone": "root" },
	{ "name": "Snow_idleshow_gaoji_018_03_", "bone": "root" },
	{ "name": "Snow_idleshow_gaoji_018_02_", "bone": "root" },
	{ "name": "Snow_idleshow_gaoji_018_01_", "bone": "root" },
	{ "name": "Snow_idleshow_gaoji_017_05_", "bone": "root" },
	{ "name": "Snow_idleshow_gaoji_017_04_", "bone": "root" },
	{ "name": "Snow_idleshow_gaoji_017_03_", "bone": "root" },
	{ "name": "Snow_idleshow_gaoji_017_02_", "bone": "root" },
	{ "name": "Snow_idleshow_gaoji_017_01_", "bone": "root" },
	{ "name": "Snow_idleshow_gaoji_016_05_", "bone": "root" },
	{ "name": "Snow_idleshow_gaoji_016_04_", "bone": "root" },
	{ "name": "Snow_idleshow_gaoji_016_03_", "bone": "root" },
	{ "name": "Snow_idleshow_gaoji_016_02_", "bone": "root" },
	{ "name": "Snow_idleshow_gaoji_016_01_", "bone": "root" },
	{ "name": "Snow_idleshow_gaoji_015_05_", "bone": "root" },
	{ "name": "Snow_idleshow_gaoji_015_04_", "bone": "root" },
	{ "name": "Snow_idleshow_gaoji_015_03_", "bone": "root" },
	{ "name": "Snow_idleshow_gaoji_015_02_", "bone": "root" },
	{ "name": "Snow_idleshow_gaoji_015_01_", "bone": "root" },
	{ "name": "Snow_idleshow_gaoji_014_05_", "bone": "root" },
	{ "name": "Snow_idleshow_gaoji_014_04_", "bone": "root" },
	{ "name": "Snow_idleshow_gaoji_014_03_", "bone": "root" },
	{ "name": "Snow_idleshow_gaoji_014_02_", "bone": "root" },
	{ "name": "Snow_idleshow_gaoji_014_01_", "bone": "root" },
	{ "name": "Snow_idleshow_gaoji_013_05_", "bone": "root" },
	{ "name": "Snow_idleshow_gaoji_013_04_", "bone": "root" },
	{ "name": "Snow_idleshow_gaoji_013_03_", "bone": "root" },
	{ "name": "Snow_idleshow_gaoji_013_02_", "bone": "root" },
	{ "name": "Snow_idleshow_gaoji_013_01_", "bone": "root" },
	{ "name": "Snow_idleshow_gaoji_012_05_", "bone": "root" },
	{ "name": "Snow_idleshow_gaoji_012_04_", "bone": "root" },
	{ "name": "Snow_idleshow_gaoji_012_03_", "bone": "root" },
	{ "name": "Snow_idleshow_gaoji_012_02_", "bone": "root" },
	{ "name": "Snow_idleshow_gaoji_012_01_", "bone": "root" },
	{ "name": "Snow_idleshow_gaoji_011_05_", "bone": "root" },
	{ "name": "Snow_idleshow_gaoji_011_04_", "bone": "root" },
	{ "name": "Snow_idleshow_gaoji_011_03_", "bone": "root" },
	{ "name": "Snow_idleshow_gaoji_011_02_", "bone": "root" },
	{ "name": "Snow_idleshow_gaoji_011_01_", "bone": "root" },
	{ "name": "Snow_idleshow_gaoji_010_05_", "bone": "root" },
	{ "name": "Snow_idleshow_gaoji_010_04_", "bone": "root" },
	{ "name": "Snow_idleshow_gaoji_010_03_", "bone": "root" },
	{ "name": "Snow_idleshow_gaoji_010_02_", "bone": "root" },
	{ "name": "Snow_idleshow_gaoji_010_01_", "bone": "root" },
	{ "name": "Snow_idleshow_gaoji_009_05_", "bone": "root" },
	{ "name": "Snow_idleshow_gaoji_009_04_", "bone": "root" },
	{ "name": "Snow_idleshow_gaoji_009_03_", "bone": "root" },
	{ "name": "Snow_idleshow_gaoji_009_02_", "bone": "root" },
	{ "name": "Snow_idleshow_gaoji_009_01_", "bone": "root" },
	{ "name": "Snow_idleshow_gaoji_008_05_", "bone": "root" },
	{ "name": "Snow_idleshow_gaoji_008_04_", "bone": "root" },
	{ "name": "Snow_idleshow_gaoji_008_03_", "bone": "root" },
	{ "name": "Snow_idleshow_gaoji_008_02_", "bone": "root" },
	{ "name": "Snow_idleshow_gaoji_008_01_", "bone": "root" },
	{ "name": "Snow_idleshow_gaoji_007_05_", "bone": "root" },
	{ "name": "Snow_idleshow_gaoji_007_04_", "bone": "root" },
	{ "name": "Snow_idleshow_gaoji_007_03_", "bone": "root" },
	{ "name": "Snow_idleshow_gaoji_007_02_", "bone": "root" },
	{ "name": "Snow_idleshow_gaoji_007_01_", "bone": "root" },
	{ "name": "Snow_idleshow_gaoji_006_05_", "bone": "root" },
	{ "name": "Snow_idleshow_gaoji_006_04_", "bone": "root" },
	{ "name": "Snow_idleshow_gaoji_006_03_", "bone": "root" },
	{ "name": "Snow_idleshow_gaoji_006_02_", "bone": "root" },
	{ "name": "Snow_idleshow_gaoji_006_01_", "bone": "root" },
	{ "name": "Snow_idleshow_gaoji_005_05_", "bone": "root" },
	{ "name": "Snow_idleshow_gaoji_005_04_", "bone": "root" },
	{ "name": "Snow_idleshow_gaoji_005_03_", "bone": "root" },
	{ "name": "Snow_idleshow_gaoji_005_02_", "bone": "root" },
	{ "name": "Snow_idleshow_gaoji_005_01_", "bone": "root" },
	{ "name": "Snow_idleshow_gaoji_004_05_", "bone": "root" },
	{ "name": "Snow_idleshow_gaoji_004_04_", "bone": "root" },
	{ "name": "Snow_idleshow_gaoji_004_03_", "bone": "root" },
	{ "name": "Snow_idleshow_gaoji_004_02_", "bone": "root" },
	{ "name": "Snow_idleshow_gaoji_004_01_", "bone": "root" },
	{ "name": "Snow_idleshow_gaoji_003_05_", "bone": "root" },
	{ "name": "Snow_idleshow_gaoji_003_04_", "bone": "root" },
	{ "name": "Snow_idleshow_gaoji_003_03_", "bone": "root" },
	{ "name": "Snow_idleshow_gaoji_003_02_", "bone": "root" },
	{ "name": "Snow_idleshow_gaoji_003_01_", "bone": "root" },
	{ "name": "Snow_idleshow_gaoji_002_05_", "bone": "root" },
	{ "name": "Snow_idleshow_gaoji_002_04_", "bone": "root" },
	{ "name": "Snow_idleshow_gaoji_002_03_", "bone": "root" },
	{ "name": "Snow_idleshow_gaoji_002_02_", "bone": "root" },
	{ "name": "Snow_idleshow_gaoji_002_01_", "bone": "root" },
	{ "name": "Snow_idleshow_gaoji_001_05_", "bone": "root" },
	{ "name": "Snow_idleshow_gaoji_001_04_", "bone": "root" },
	{ "name": "Snow_idleshow_gaoji_001_03_", "bone": "root" },
	{ "name": "Snow_idleshow_gaoji_001_02_", "bone": "root" },
	{ "name": "Snow_idleshow_gaoji_001_01_", "bone": "root" },
	{ "name": "Snow_idleshow_gaoji_000_05_", "bone": "root" },
	{ "name": "Snow_idleshow_gaoji_000_04_", "bone": "root" },
	{ "name": "Snow_idleshow_gaoji_000_03_", "bone": "root" },
	{ "name": "Snow_idleshow_gaoji_000_02_", "bone": "root" },
	{ "name": "Snow_idleshow_gaoji_000_01_", "bone": "root" }
],
"skins": {
	"default": {
		"Snow_idleshow_gaoji_000_01_": {
			"Snow_idleshow_gaoji_000_01_": { "x": -105.27, "y": 251.62, "width": 18, "height": 20 }
		},
		"Snow_idleshow_gaoji_000_02_": {
			"Snow_idleshow_gaoji_000_02_": { "x": 26.72, "y": 261.62, "width": 220, "height": 68 }
		},
		"Snow_idleshow_gaoji_000_03_": {
			"Snow_idleshow_gaoji_000_03_": { "x": -128.27, "y": 101.62, "width": 90, "height": 252 }
		},
		"Snow_idleshow_gaoji_000_04_": {
			"Snow_idleshow_gaoji_000_04_": { "x": 26.72, "y": 75.12, "width": 220, "height": 305 }
		},
		"Snow_idleshow_gaoji_000_05_": {
			"Snow_idleshow_gaoji_000_05_": { "x": 169.72, "y": 86.12, "width": 66, "height": 261 }
		},
		"Snow_idleshow_gaoji_001_01_": {
			"Snow_idleshow_gaoji_001_01_": { "x": -106.77, "y": 240.62, "width": 53, "height": 26 }
		},
		"Snow_idleshow_gaoji_001_02_": {
			"Snow_idleshow_gaoji_001_02_": { "x": 27.72, "y": 263.12, "width": 218, "height": 71 }
		},
		"Snow_idleshow_gaoji_001_03_": {
			"Snow_idleshow_gaoji_001_03_": { "x": -122.77, "y": 99.62, "width": 85, "height": 256 }
		},
		"Snow_idleshow_gaoji_001_04_": {
			"Snow_idleshow_gaoji_001_04_": { "x": 27.72, "y": 93.12, "width": 218, "height": 269 }
		},
		"Snow_idleshow_gaoji_001_05_": {
			"Snow_idleshow_gaoji_001_05_": { "x": 170.72, "y": 91.62, "width": 68, "height": 218 }
		},
		"Snow_idleshow_gaoji_002_01_": {
			"Snow_idleshow_gaoji_002_01_": { "x": -98.77, "y": 241.62, "width": 83, "height": 54 }
		},
		"Snow_idleshow_gaoji_002_02_": {
			"Snow_idleshow_gaoji_002_02_": { "x": -110.77, "y": 87.62, "width": 107, "height": 254 }
		},
		"Snow_idleshow_gaoji_002_03_": {
			"Snow_idleshow_gaoji_002_03_": { "x": 39.72, "y": 252.62, "width": 194, "height": 76 }
		},
		"Snow_idleshow_gaoji_002_04_": {
			"Snow_idleshow_gaoji_002_04_": { "x": 39.72, "y": 87.62, "width": 194, "height": 254 }
		},
		"Snow_idleshow_gaoji_002_05_": {
			"Snow_idleshow_gaoji_002_05_": { "x": 167.22, "y": 91.62, "width": 61, "height": 212 }
		},
		"Snow_idleshow_gaoji_003_01_": {
			"Snow_idleshow_gaoji_003_01_": { "x": -96.77, "y": 237.62, "width": 79, "height": 46 }
		},
		"Snow_idleshow_gaoji_003_02_": {
			"Snow_idleshow_gaoji_003_02_": { "x": -114.27, "y": 81.12, "width": 114, "height": 267 }
		},
		"Snow_idleshow_gaoji_003_03_": {
			"Snow_idleshow_gaoji_003_03_": { "x": 39.72, "y": 249.62, "width": 194, "height": 70 }
		},
		"Snow_idleshow_gaoji_003_04_": {
			"Snow_idleshow_gaoji_003_04_": { "x": 39.72, "y": 81.12, "width": 194, "height": 267 }
		},
		"Snow_idleshow_gaoji_003_05_": {
			"Snow_idleshow_gaoji_003_05_": { "x": 172.72, "y": 90.12, "width": 72, "height": 217 }
		},
		"Snow_idleshow_gaoji_004_01_": {
			"Snow_idleshow_gaoji_004_01_": { "x": -109.77, "y": 245.12, "width": 105, "height": 61 }
		},
		"Snow_idleshow_gaoji_004_02_": {
			"Snow_idleshow_gaoji_004_02_": { "x": 39.72, "y": 249.62, "width": 194, "height": 70 }
		},
		"Snow_idleshow_gaoji_004_03_": {
			"Snow_idleshow_gaoji_004_03_": { "x": -114.27, "y": 87.12, "width": 114, "height": 255 }
		},
		"Snow_idleshow_gaoji_004_04_": {
			"Snow_idleshow_gaoji_004_04_": { "x": 39.72, "y": 77.12, "width": 194, "height": 275 }
		},
		"Snow_idleshow_gaoji_004_05_": {
			"Snow_idleshow_gaoji_004_05_": { "x": 168.72, "y": 89.12, "width": 64, "height": 219 }
		},
		"Snow_idleshow_gaoji_005_01_": {
			"Snow_idleshow_gaoji_005_01_": { "x": -122.77, "y": 249.62, "width": 131, "height": 70 }
		},
		"Snow_idleshow_gaoji_005_02_": {
			"Snow_idleshow_gaoji_005_02_": { "x": -120.27, "y": 83.62, "width": 126, "height": 262 }
		},
		"Snow_idleshow_gaoji_005_03_": {
			"Snow_idleshow_gaoji_005_03_": { "x": 39.72, "y": 249.62, "width": 194, "height": 70 }
		},
		"Snow_idleshow_gaoji_005_04_": {
			"Snow_idleshow_gaoji_005_04_": { "x": 39.72, "y": 70.62, "width": 194, "height": 288 }
		},
		"Snow_idleshow_gaoji_005_05_": {
			"Snow_idleshow_gaoji_005_05_": { "x": 170.72, "y": 90.12, "width": 68, "height": 223 }
		},
		"Snow_idleshow_gaoji_006_01_": {
			"Snow_idleshow_gaoji_006_01_": { "x": -114.27, "y": 249.62, "width": 114, "height": 70 }
		},
		"Snow_idleshow_gaoji_006_02_": {
			"Snow_idleshow_gaoji_006_02_": { "x": -114.27, "y": 86.62, "width": 114, "height": 256 }
		},
		"Snow_idleshow_gaoji_006_03_": {
			"Snow_idleshow_gaoji_006_03_": { "x": 39.72, "y": 249.62, "width": 194, "height": 70 }
		},
		"Snow_idleshow_gaoji_006_04_": {
			"Snow_idleshow_gaoji_006_04_": { "x": 39.72, "y": 66.62, "width": 194, "height": 296 }
		},
		"Snow_idleshow_gaoji_006_05_": {
			"Snow_idleshow_gaoji_006_05_": { "x": 168.72, "y": 90.12, "width": 64, "height": 233 }
		},
		"Snow_idleshow_gaoji_007_01_": {
			"Snow_idleshow_gaoji_007_01_": { "x": -116.27, "y": 249.62, "width": 118, "height": 70 }
		},
		"Snow_idleshow_gaoji_007_02_": {
			"Snow_idleshow_gaoji_007_02_": { "x": -117.27, "y": 87.62, "width": 120, "height": 254 }
		},
		"Snow_idleshow_gaoji_007_03_": {
			"Snow_idleshow_gaoji_007_03_": { "x": 39.72, "y": 249.62, "width": 194, "height": 70 }
		},
		"Snow_idleshow_gaoji_007_04_": {
			"Snow_idleshow_gaoji_007_04_": { "x": 39.72, "y": 72.12, "width": 194, "height": 285 }
		},
		"Snow_idleshow_gaoji_007_05_": {
			"Snow_idleshow_gaoji_007_05_": { "x": 172.72, "y": 92.62, "width": 72, "height": 244 }
		},
		"Snow_idleshow_gaoji_008_01_": {
			"Snow_idleshow_gaoji_008_01_": { "x": -120.27, "y": 249.62, "width": 126, "height": 70 }
		},
		"Snow_idleshow_gaoji_008_02_": {
			"Snow_idleshow_gaoji_008_02_": { "x": 39.72, "y": 252.12, "width": 194, "height": 75 }
		},
		"Snow_idleshow_gaoji_008_03_": {
			"Snow_idleshow_gaoji_008_03_": { "x": -123.77, "y": 84.62, "width": 133, "height": 260 }
		},
		"Snow_idleshow_gaoji_008_04_": {
			"Snow_idleshow_gaoji_008_04_": { "x": 39.72, "y": 71.12, "width": 194, "height": 287 }
		},
		"Snow_idleshow_gaoji_008_05_": {
			"Snow_idleshow_gaoji_008_05_": { "x": 172.72, "y": 102.12, "width": 72, "height": 263 }
		},
		"Snow_idleshow_gaoji_009_01_": {
			"Snow_idleshow_gaoji_009_01_": { "x": -89.27, "y": 247.12, "width": 64, "height": 65 }
		},
		"Snow_idleshow_gaoji_009_02_": {
			"Snow_idleshow_gaoji_009_02_": { "x": 39.72, "y": 255.12, "width": 194, "height": 81 }
		},
		"Snow_idleshow_gaoji_009_03_": {
			"Snow_idleshow_gaoji_009_03_": { "x": -114.27, "y": 81.12, "width": 114, "height": 267 }
		},
		"Snow_idleshow_gaoji_009_04_": {
			"Snow_idleshow_gaoji_009_04_": { "x": 39.72, "y": 72.12, "width": 194, "height": 285 }
		},
		"Snow_idleshow_gaoji_009_05_": {
			"Snow_idleshow_gaoji_009_05_": { "x": 172.72, "y": 99.62, "width": 72, "height": 250 }
		},
		"Snow_idleshow_gaoji_010_01_": {
			"Snow_idleshow_gaoji_010_01_": { "x": -98.77, "y": 240.12, "width": 83, "height": 51 }
		},
		"Snow_idleshow_gaoji_010_02_": {
			"Snow_idleshow_gaoji_010_02_": { "x": 39.72, "y": 249.62, "width": 194, "height": 70 }
		},
		"Snow_idleshow_gaoji_010_03_": {
			"Snow_idleshow_gaoji_010_03_": { "x": -118.77, "y": 81.12, "width": 123, "height": 267 }
		},
		"Snow_idleshow_gaoji_010_04_": {
			"Snow_idleshow_gaoji_010_04_": { "x": 39.72, "y": 66.62, "width": 194, "height": 296 }
		},
		"Snow_idleshow_gaoji_010_05_": {
			"Snow_idleshow_gaoji_010_05_": { "x": 172.72, "y": 71.62, "width": 72, "height": 286 }
		},
		"Snow_idleshow_gaoji_011_01_": {
			"Snow_idleshow_gaoji_011_01_": { "x": -103.27, "y": 244.12, "width": 92, "height": 59 }
		},
		"Snow_idleshow_gaoji_011_02_": {
			"Snow_idleshow_gaoji_011_02_": { "x": 39.72, "y": 249.62, "width": 194, "height": 70 }
		},
		"Snow_idleshow_gaoji_011_03_": {
			"Snow_idleshow_gaoji_011_03_": { "x": -114.27, "y": 81.12, "width": 114, "height": 267 }
		},
		"Snow_idleshow_gaoji_011_04_": {
			"Snow_idleshow_gaoji_011_04_": { "x": 39.72, "y": 69.12, "width": 194, "height": 291 }
		},
		"Snow_idleshow_gaoji_011_05_": {
			"Snow_idleshow_gaoji_011_05_": { "x": 172.72, "y": 89.62, "width": 72, "height": 250 }
		},
		"Snow_idleshow_gaoji_012_01_": {
			"Snow_idleshow_gaoji_012_01_": { "x": -105.27, "y": 244.12, "width": 96, "height": 59 }
		},
		"Snow_idleshow_gaoji_012_02_": {
			"Snow_idleshow_gaoji_012_02_": { "x": 39.72, "y": 249.62, "width": 194, "height": 70 }
		},
		"Snow_idleshow_gaoji_012_03_": {
			"Snow_idleshow_gaoji_012_03_": { "x": -114.27, "y": 84.12, "width": 114, "height": 261 }
		},
		"Snow_idleshow_gaoji_012_04_": {
			"Snow_idleshow_gaoji_012_04_": { "x": 39.72, "y": 68.12, "width": 194, "height": 293 }
		},
		"Snow_idleshow_gaoji_012_05_": {
			"Snow_idleshow_gaoji_012_05_": { "x": 172.72, "y": 89.12, "width": 72, "height": 251 }
		},
		"Snow_idleshow_gaoji_013_01_": {
			"Snow_idleshow_gaoji_013_01_": { "x": -114.27, "y": 246.12, "width": 114, "height": 63 }
		},
		"Snow_idleshow_gaoji_013_02_": {
			"Snow_idleshow_gaoji_013_02_": { "x": 39.72, "y": 257.12, "width": 194, "height": 85 }
		},
		"Snow_idleshow_gaoji_013_03_": {
			"Snow_idleshow_gaoji_013_03_": { "x": -114.27, "y": 81.12, "width": 114, "height": 267 }
		},
		"Snow_idleshow_gaoji_013_04_": {
			"Snow_idleshow_gaoji_013_04_": { "x": 39.72, "y": 64.12, "width": 194, "height": 301 }
		},
		"Snow_idleshow_gaoji_013_05_": {
			"Snow_idleshow_gaoji_013_05_": { "x": 172.72, "y": 87.62, "width": 72, "height": 254 }
		},
		"Snow_idleshow_gaoji_014_01_": {
			"Snow_idleshow_gaoji_014_01_": { "x": -118.27, "y": 248.12, "width": 122, "height": 67 }
		},
		"Snow_idleshow_gaoji_014_02_": {
			"Snow_idleshow_gaoji_014_02_": { "x": 39.72, "y": 257.12, "width": 194, "height": 85 }
		},
		"Snow_idleshow_gaoji_014_03_": {
			"Snow_idleshow_gaoji_014_03_": { "x": -114.27, "y": 81.12, "width": 114, "height": 267 }
		},
		"Snow_idleshow_gaoji_014_04_": {
			"Snow_idleshow_gaoji_014_04_": { "x": 39.72, "y": 70.12, "width": 194, "height": 289 }
		},
		"Snow_idleshow_gaoji_014_05_": {
			"Snow_idleshow_gaoji_014_05_": { "x": 172.72, "y": 89.12, "width": 72, "height": 259 }
		},
		"Snow_idleshow_gaoji_015_01_": {
			"Snow_idleshow_gaoji_015_01_": { "x": -114.27, "y": 248.62, "width": 114, "height": 68 }
		},
		"Snow_idleshow_gaoji_015_02_": {
			"Snow_idleshow_gaoji_015_02_": { "x": 39.72, "y": 256.12, "width": 194, "height": 83 }
		},
		"Snow_idleshow_gaoji_015_03_": {
			"Snow_idleshow_gaoji_015_03_": { "x": -119.27, "y": 81.12, "width": 124, "height": 267 }
		},
		"Snow_idleshow_gaoji_015_04_": {
			"Snow_idleshow_gaoji_015_04_": { "x": 39.72, "y": 67.12, "width": 194, "height": 295 }
		},
		"Snow_idleshow_gaoji_015_05_": {
			"Snow_idleshow_gaoji_015_05_": { "x": 172.72, "y": 83.62, "width": 72, "height": 272 }
		},
		"Snow_idleshow_gaoji_016_01_": {
			"Snow_idleshow_gaoji_016_01_": { "x": -124.77, "y": 248.62, "width": 135, "height": 68 }
		},
		"Snow_idleshow_gaoji_016_02_": {
			"Snow_idleshow_gaoji_016_02_": { "x": 39.72, "y": 255.12, "width": 194, "height": 81 }
		},
		"Snow_idleshow_gaoji_016_03_": {
			"Snow_idleshow_gaoji_016_03_": { "x": -126.77, "y": 81.12, "width": 139, "height": 267 }
		},
		"Snow_idleshow_gaoji_016_04_": {
			"Snow_idleshow_gaoji_016_04_": { "x": 39.72, "y": 70.62, "width": 194, "height": 288 }
		},
		"Snow_idleshow_gaoji_016_05_": {
			"Snow_idleshow_gaoji_016_05_": { "x": 172.72, "y": 87.12, "width": 72, "height": 279 }
		},
		"Snow_idleshow_gaoji_017_01_": {
			"Snow_idleshow_gaoji_017_01_": { "x": -114.27, "y": 248.62, "width": 114, "height": 68 }
		},
		"Snow_idleshow_gaoji_017_02_": {
			"Snow_idleshow_gaoji_017_02_": { "x": 39.72, "y": 259.12, "width": 194, "height": 89 }
		},
		"Snow_idleshow_gaoji_017_03_": {
			"Snow_idleshow_gaoji_017_03_": { "x": -131.77, "y": 81.12, "width": 149, "height": 267 }
		},
		"Snow_idleshow_gaoji_017_04_": {
			"Snow_idleshow_gaoji_017_04_": { "x": 39.72, "y": 68.12, "width": 194, "height": 293 }
		},
		"Snow_idleshow_gaoji_017_05_": {
			"Snow_idleshow_gaoji_017_05_": { "x": 172.72, "y": 102.62, "width": 72, "height": 310 }
		},
		"Snow_idleshow_gaoji_018_01_": {
			"Snow_idleshow_gaoji_018_01_": { "x": -109.27, "y": 248.12, "width": 104, "height": 67 }
		},
		"Snow_idleshow_gaoji_018_02_": {
			"Snow_idleshow_gaoji_018_02_": { "x": 39.72, "y": 258.12, "width": 194, "height": 87 }
		},
		"Snow_idleshow_gaoji_018_03_": {
			"Snow_idleshow_gaoji_018_03_": { "x": -114.27, "y": 78.62, "width": 114, "height": 272 }
		},
		"Snow_idleshow_gaoji_018_04_": {
			"Snow_idleshow_gaoji_018_04_": { "x": 39.72, "y": 68.12, "width": 194, "height": 293 }
		},
		"Snow_idleshow_gaoji_018_05_": {
			"Snow_idleshow_gaoji_018_05_": { "x": 172.72, "y": 103.12, "width": 72, "height": 295 }
		},
		"Snow_idleshow_gaoji_019_01_": {
			"Snow_idleshow_gaoji_019_01_": { "x": -103.77, "y": 247.12, "width": 93, "height": 65 }
		},
		"Snow_idleshow_gaoji_019_02_": {
			"Snow_idleshow_gaoji_019_02_": { "x": 56.22, "y": 256.12, "width": 227, "height": 83 }
		},
		"Snow_idleshow_gaoji_019_03_": {
			"Snow_idleshow_gaoji_019_03_": { "x": -110.27, "y": 81.12, "width": 106, "height": 267 }
		},
		"Snow_idleshow_gaoji_019_04_": {
			"Snow_idleshow_gaoji_019_04_": { "x": 39.72, "y": 64.62, "width": 194, "height": 300 }
		},
		"Snow_idleshow_gaoji_019_05_": {
			"Snow_idleshow_gaoji_019_05_": { "x": 172.72, "y": 81.12, "width": 72, "height": 267 }
		},
		"Snow_idleshow_gaoji_020_01_": {
			"Snow_idleshow_gaoji_020_01_": { "x": -106.27, "y": 246.12, "width": 98, "height": 63 }
		},
		"Snow_idleshow_gaoji_020_02_": {
			"Snow_idleshow_gaoji_020_02_": { "x": 59.22, "y": 259.12, "width": 233, "height": 89 }
		},
		"Snow_idleshow_gaoji_020_03_": {
			"Snow_idleshow_gaoji_020_03_": { "x": -114.27, "y": 81.12, "width": 114, "height": 267 }
		},
		"Snow_idleshow_gaoji_020_04_": {
			"Snow_idleshow_gaoji_020_04_": { "x": 39.72, "y": 72.62, "width": 194, "height": 284 }
		},
		"Snow_idleshow_gaoji_020_05_": {
			"Snow_idleshow_gaoji_020_05_": { "x": 172.72, "y": 84.62, "width": 72, "height": 260 }
		},
		"Snow_idleshow_gaoji_021_01_": {
			"Snow_idleshow_gaoji_021_01_": { "x": -98.77, "y": 247.62, "width": 83, "height": 66 }
		},
		"Snow_idleshow_gaoji_021_02_": {
			"Snow_idleshow_gaoji_021_02_": { "x": 61.72, "y": 257.12, "width": 238, "height": 85 }
		},
		"Snow_idleshow_gaoji_021_03_": {
			"Snow_idleshow_gaoji_021_03_": { "x": -114.27, "y": 86.12, "width": 114, "height": 257 }
		},
		"Snow_idleshow_gaoji_021_04_": {
			"Snow_idleshow_gaoji_021_04_": { "x": 39.72, "y": 81.12, "width": 194, "height": 267 }
		},
		"Snow_idleshow_gaoji_021_05_": {
			"Snow_idleshow_gaoji_021_05_": { "x": 172.72, "y": 91.12, "width": 72, "height": 247 }
		},
		"Snow_idleshow_gaoji_022_01_": {
			"Snow_idleshow_gaoji_022_01_": { "x": -90.27, "y": 248.12, "width": 66, "height": 67 }
		},
		"Snow_idleshow_gaoji_022_02_": {
			"Snow_idleshow_gaoji_022_02_": { "x": 63.72, "y": 258.62, "width": 242, "height": 88 }
		},
		"Snow_idleshow_gaoji_022_03_": {
			"Snow_idleshow_gaoji_022_03_": { "x": -114.27, "y": 86.62, "width": 114, "height": 256 }
		},
		"Snow_idleshow_gaoji_022_04_": {
			"Snow_idleshow_gaoji_022_04_": { "x": 39.72, "y": 74.12, "width": 194, "height": 281 }
		},
		"Snow_idleshow_gaoji_022_05_": {
			"Snow_idleshow_gaoji_022_05_": { "x": 172.72, "y": 98.12, "width": 72, "height": 233 }
		},
		"Snow_stand_gaoji_000_01_": {
			"Snow_stand_gaoji_000_01_": { "x": -85.77, "y": 244.12, "width": 57, "height": 59 }
		},
		"Snow_stand_gaoji_000_02_": {
			"Snow_stand_gaoji_000_02_": { "x": 48.72, "y": 255.62, "width": 212, "height": 82 }
		},
		"Snow_stand_gaoji_000_03_": {
			"Snow_stand_gaoji_000_03_": { "x": -114.27, "y": 91.62, "width": 114, "height": 246 }
		},
		"Snow_stand_gaoji_000_04_": {
			"Snow_stand_gaoji_000_04_": { "x": 39.72, "y": 72.62, "width": 194, "height": 284 }
		},
		"Snow_stand_gaoji_000_05_": {
			"Snow_stand_gaoji_000_05_": { "x": 166.72, "y": 85.12, "width": 60, "height": 245 }
		},
		"Snow_stand_gaoji_001_01_": {
			"Snow_stand_gaoji_001_01_": { "x": -90.77, "y": 246.12, "width": 67, "height": 63 }
		},
		"Snow_stand_gaoji_001_02_": {
			"Snow_stand_gaoji_001_02_": { "x": 46.22, "y": 257.62, "width": 207, "height": 86 }
		},
		"Snow_stand_gaoji_001_03_": {
			"Snow_stand_gaoji_001_03_": { "x": -118.77, "y": 84.12, "width": 123, "height": 261 }
		},
		"Snow_stand_gaoji_001_04_": {
			"Snow_stand_gaoji_001_04_": { "x": 39.72, "y": 70.12, "width": 194, "height": 289 }
		},
		"Snow_stand_gaoji_001_05_": {
			"Snow_stand_gaoji_001_05_": { "x": 167.22, "y": 74.62, "width": 61, "height": 280 }
		},
		"Snow_stand_gaoji_002_01_": {
			"Snow_stand_gaoji_002_01_": { "x": -86.27, "y": 245.62, "width": 58, "height": 62 }
		},
		"Snow_stand_gaoji_002_02_": {
			"Snow_stand_gaoji_002_02_": { "x": 39.72, "y": 259.12, "width": 194, "height": 89 }
		},
		"Snow_stand_gaoji_002_03_": {
			"Snow_stand_gaoji_002_03_": { "x": -114.27, "y": 81.12, "width": 114, "height": 267 }
		},
		"Snow_stand_gaoji_002_04_": {
			"Snow_stand_gaoji_002_04_": { "x": 39.72, "y": 77.62, "width": 194, "height": 274 }
		},
		"Snow_stand_gaoji_002_05_": {
			"Snow_stand_gaoji_002_05_": { "x": 172.72, "y": 81.12, "width": 72, "height": 267 }
		},
		"Snow_stand_gaoji_003_01_": {
			"Snow_stand_gaoji_003_01_": { "x": -92.77, "y": 247.62, "width": 71, "height": 66 }
		},
		"Snow_stand_gaoji_003_02_": {
			"Snow_stand_gaoji_003_02_": { "x": 39.72, "y": 255.62, "width": 194, "height": 82 }
		},
		"Snow_stand_gaoji_003_03_": {
			"Snow_stand_gaoji_003_03_": { "x": -118.27, "y": 81.12, "width": 122, "height": 267 }
		},
		"Snow_stand_gaoji_003_04_": {
			"Snow_stand_gaoji_003_04_": { "x": 39.72, "y": 70.12, "width": 194, "height": 289 }
		},
		"Snow_stand_gaoji_003_05_": {
			"Snow_stand_gaoji_003_05_": { "x": 169.72, "y": 81.12, "width": 66, "height": 267 }
		},
		"Snow_stand_gaoji_004_01_": {
			"Snow_stand_gaoji_004_01_": { "x": -95.27, "y": 247.12, "width": 76, "height": 65 }
		},
		"Snow_stand_gaoji_004_02_": {
			"Snow_stand_gaoji_004_02_": { "x": 39.72, "y": 256.62, "width": 194, "height": 84 }
		},
		"Snow_stand_gaoji_004_03_": {
			"Snow_stand_gaoji_004_03_": { "x": -118.27, "y": 81.12, "width": 122, "height": 267 }
		},
		"Snow_stand_gaoji_004_04_": {
			"Snow_stand_gaoji_004_04_": { "x": 39.72, "y": 70.12, "width": 194, "height": 289 }
		},
		"Snow_stand_gaoji_004_05_": {
			"Snow_stand_gaoji_004_05_": { "x": 169.72, "y": 86.12, "width": 66, "height": 257 }
		},
		"Snow_stand_gaoji_005_01_": {
			"Snow_stand_gaoji_005_01_": { "x": -89.77, "y": 246.62, "width": 65, "height": 64 }
		},
		"Snow_stand_gaoji_005_02_": {
			"Snow_stand_gaoji_005_02_": { "x": 39.72, "y": 258.62, "width": 194, "height": 88 }
		},
		"Snow_stand_gaoji_005_03_": {
			"Snow_stand_gaoji_005_03_": { "x": -117.77, "y": 81.12, "width": 121, "height": 267 }
		},
		"Snow_stand_gaoji_005_04_": {
			"Snow_stand_gaoji_005_04_": { "x": 39.72, "y": 72.12, "width": 194, "height": 285 }
		},
		"Snow_stand_gaoji_005_05_": {
			"Snow_stand_gaoji_005_05_": { "x": 170.22, "y": 82.12, "width": 67, "height": 243 }
		},
		"Snow_stand_gaoji_006_01_": {
			"Snow_stand_gaoji_006_01_": { "x": -96.27, "y": 242.12, "width": 78, "height": 55 }
		},
		"Snow_stand_gaoji_006_02_": {
			"Snow_stand_gaoji_006_02_": { "x": 44.22, "y": 258.62, "width": 203, "height": 88 }
		},
		"Snow_stand_gaoji_006_03_": {
			"Snow_stand_gaoji_006_03_": { "x": -120.27, "y": 81.12, "width": 126, "height": 267 }
		},
		"Snow_stand_gaoji_006_04_": {
			"Snow_stand_gaoji_006_04_": { "x": 39.72, "y": 76.12, "width": 194, "height": 277 }
		},
		"Snow_stand_gaoji_006_05_": {
			"Snow_stand_gaoji_006_05_": { "x": 170.72, "y": 90.62, "width": 68, "height": 248 }
		},
		"Snow_stand_gaoji_007_01_": {
			"Snow_stand_gaoji_007_01_": { "x": -90.27, "y": 242.12, "width": 66, "height": 55 }
		},
		"Snow_stand_gaoji_007_02_": {
			"Snow_stand_gaoji_007_02_": { "x": 51.72, "y": 259.12, "width": 218, "height": 89 }
		},
		"Snow_stand_gaoji_007_03_": {
			"Snow_stand_gaoji_007_03_": { "x": -117.77, "y": 81.12, "width": 121, "height": 267 }
		},
		"Snow_stand_gaoji_007_04_": {
			"Snow_stand_gaoji_007_04_": { "x": 39.72, "y": 73.62, "width": 194, "height": 282 }
		},
		"Snow_stand_gaoji_007_05_": {
			"Snow_stand_gaoji_007_05_": { "x": 175.72, "y": 81.12, "width": 78, "height": 267 }
		},
		"Snow_stand_gaoji_008_01_": {
			"Snow_stand_gaoji_008_01_": { "x": -100.77, "y": 249.12, "width": 87, "height": 69 }
		},
		"Snow_stand_gaoji_008_02_": {
			"Snow_stand_gaoji_008_02_": { "x": 54.22, "y": 259.12, "width": 223, "height": 89 }
		},
		"Snow_stand_gaoji_008_03_": {
			"Snow_stand_gaoji_008_03_": { "x": -114.27, "y": 81.12, "width": 114, "height": 267 }
		},
		"Snow_stand_gaoji_008_04_": {
			"Snow_stand_gaoji_008_04_": { "x": 39.72, "y": 73.12, "width": 194, "height": 283 }
		},
		"Snow_stand_gaoji_008_05_": {
			"Snow_stand_gaoji_008_05_": { "x": 172.72, "y": 92.12, "width": 72, "height": 245 }
		},
		"Snow_stand_gaoji_009_01_": {
			"Snow_stand_gaoji_009_01_": { "x": -93.77, "y": 235.62, "width": 73, "height": 42 }
		},
		"Snow_stand_gaoji_009_02_": {
			"Snow_stand_gaoji_009_02_": { "x": 59.22, "y": 259.12, "width": 233, "height": 89 }
		},
		"Snow_stand_gaoji_009_03_": {
			"Snow_stand_gaoji_009_03_": { "x": -114.27, "y": 81.12, "width": 114, "height": 267 }
		},
		"Snow_stand_gaoji_009_04_": {
			"Snow_stand_gaoji_009_04_": { "x": 39.72, "y": 69.62, "width": 194, "height": 290 }
		},
		"Snow_stand_gaoji_009_05_": {
			"Snow_stand_gaoji_009_05_": { "x": 172.72, "y": 84.12, "width": 72, "height": 261 }
		},
		"Snow_stand_gaoji_010_01_": {
			"Snow_stand_gaoji_010_01_": { "x": -85.77, "y": 242.62, "width": 57, "height": 56 }
		},
		"Snow_stand_gaoji_010_02_": {
			"Snow_stand_gaoji_010_02_": { "x": 60.72, "y": 259.12, "width": 236, "height": 89 }
		},
		"Snow_stand_gaoji_010_03_": {
			"Snow_stand_gaoji_010_03_": { "x": -119.77, "y": 81.12, "width": 125, "height": 267 }
		},
		"Snow_stand_gaoji_010_04_": {
			"Snow_stand_gaoji_010_04_": { "x": 39.72, "y": 72.12, "width": 194, "height": 285 }
		},
		"Snow_stand_gaoji_010_05_": {
			"Snow_stand_gaoji_010_05_": { "x": 172.72, "y": 78.12, "width": 72, "height": 273 }
		},
		"Snow_stand_gaoji_011_01_": {
			"Snow_stand_gaoji_011_01_": { "x": -97.27, "y": 244.12, "width": 80, "height": 59 }
		},
		"Snow_stand_gaoji_011_02_": {
			"Snow_stand_gaoji_011_02_": { "x": 65.22, "y": 259.62, "width": 245, "height": 90 }
		},
		"Snow_stand_gaoji_011_03_": {
			"Snow_stand_gaoji_011_03_": { "x": -116.27, "y": 81.12, "width": 118, "height": 267 }
		},
		"Snow_stand_gaoji_011_04_": {
			"Snow_stand_gaoji_011_04_": { "x": 39.72, "y": 70.62, "width": 194, "height": 288 }
		},
		"Snow_stand_gaoji_011_05_": {
			"Snow_stand_gaoji_011_05_": { "x": 177.72, "y": 81.12, "width": 82, "height": 267 }
		},
		"Snow_stand_gaoji_012_01_": {
			"Snow_stand_gaoji_012_01_": { "x": -101.27, "y": 245.62, "width": 88, "height": 62 }
		},
		"Snow_stand_gaoji_012_02_": {
			"Snow_stand_gaoji_012_02_": { "x": 69.22, "y": 259.62, "width": 253, "height": 90 }
		},
		"Snow_stand_gaoji_012_03_": {
			"Snow_stand_gaoji_012_03_": { "x": -114.27, "y": 81.12, "width": 114, "height": 267 }
		},
		"Snow_stand_gaoji_012_04_": {
			"Snow_stand_gaoji_012_04_": { "x": 39.72, "y": 68.12, "width": 194, "height": 293 }
		},
		"Snow_stand_gaoji_012_05_": {
			"Snow_stand_gaoji_012_05_": { "x": 172.72, "y": 88.12, "width": 72, "height": 253 }
		},
		"Snow_stand_gaoji_013_01_": {
			"Snow_stand_gaoji_013_01_": { "x": -105.77, "y": 238.62, "width": 97, "height": 48 }
		},
		"Snow_stand_gaoji_013_02_": {
			"Snow_stand_gaoji_013_02_": { "x": 71.72, "y": 257.12, "width": 258, "height": 85 }
		},
		"Snow_stand_gaoji_013_03_": {
			"Snow_stand_gaoji_013_03_": { "x": -118.27, "y": 81.12, "width": 122, "height": 267 }
		},
		"Snow_stand_gaoji_013_04_": {
			"Snow_stand_gaoji_013_04_": { "x": 39.72, "y": 64.12, "width": 194, "height": 301 }
		},
		"Snow_stand_gaoji_013_05_": {
			"Snow_stand_gaoji_013_05_": { "x": 172.72, "y": 94.62, "width": 72, "height": 240 }
		},
		"Snow_stand_gaoji_014_01_": {
			"Snow_stand_gaoji_014_01_": { "x": -96.27, "y": 245.62, "width": 78, "height": 62 }
		},
		"Snow_stand_gaoji_014_02_": {
			"Snow_stand_gaoji_014_02_": { "x": 70.72, "y": 259.62, "width": 256, "height": 90 }
		},
		"Snow_stand_gaoji_014_03_": {
			"Snow_stand_gaoji_014_03_": { "x": -114.27, "y": 86.62, "width": 114, "height": 256 }
		},
		"Snow_stand_gaoji_014_04_": {
			"Snow_stand_gaoji_014_04_": { "x": 39.72, "y": 63.62, "width": 194, "height": 302 }
		},
		"Snow_stand_gaoji_014_05_": {
			"Snow_stand_gaoji_014_05_": { "x": 172.72, "y": 97.62, "width": 72, "height": 234 }
		}
	}
},
"animations": {
	"animation": {
		"slots": {
			"Snow_idleshow_gaoji_000_01_": {
				"attachment": [
					{ "time": 0, "name": null },
					{ "time": 2, "name": "Snow_idleshow_gaoji_000_01_" },
					{ "time": 2.1333, "name": null }
				]
			},
			"Snow_idleshow_gaoji_000_02_": {
				"attachment": [
					{ "time": 0, "name": null },
					{ "time": 2, "name": "Snow_idleshow_gaoji_000_02_" },
					{ "time": 2.1333, "name": null }
				]
			},
			"Snow_idleshow_gaoji_000_03_": {
				"attachment": [
					{ "time": 0, "name": null },
					{ "time": 2, "name": "Snow_idleshow_gaoji_000_03_" },
					{ "time": 2.1333, "name": null }
				]
			},
			"Snow_idleshow_gaoji_000_04_": {
				"attachment": [
					{ "time": 0, "name": null },
					{ "time": 2, "name": "Snow_idleshow_gaoji_000_04_" },
					{ "time": 2.1333, "name": null }
				]
			},
			"Snow_idleshow_gaoji_000_05_": {
				"attachment": [
					{ "time": 0, "name": null },
					{ "time": 2, "name": "Snow_idleshow_gaoji_000_05_" },
					{ "time": 2.1333, "name": null }
				]
			},
			"Snow_idleshow_gaoji_001_01_": {
				"attachment": [
					{ "time": 0, "name": null },
					{ "time": 2.1333, "name": "Snow_idleshow_gaoji_001_01_" },
					{ "time": 2.2666, "name": null }
				]
			},
			"Snow_idleshow_gaoji_001_02_": {
				"attachment": [
					{ "time": 0, "name": null },
					{ "time": 2.1333, "name": "Snow_idleshow_gaoji_001_02_" },
					{ "time": 2.2666, "name": null }
				]
			},
			"Snow_idleshow_gaoji_001_03_": {
				"attachment": [
					{ "time": 0, "name": null },
					{ "time": 2.1333, "name": "Snow_idleshow_gaoji_001_03_" },
					{ "time": 2.2666, "name": null }
				]
			},
			"Snow_idleshow_gaoji_001_04_": {
				"attachment": [
					{ "time": 0, "name": null },
					{ "time": 2.1333, "name": "Snow_idleshow_gaoji_001_04_" },
					{ "time": 2.2666, "name": null }
				]
			},
			"Snow_idleshow_gaoji_001_05_": {
				"attachment": [
					{ "time": 0, "name": null },
					{ "time": 2.1333, "name": "Snow_idleshow_gaoji_001_05_" },
					{ "time": 2.2666, "name": null }
				]
			},
			"Snow_idleshow_gaoji_002_01_": {
				"attachment": [
					{ "time": 0, "name": null },
					{ "time": 2.2666, "name": "Snow_idleshow_gaoji_002_01_" },
					{ "time": 2.4, "name": null }
				]
			},
			"Snow_idleshow_gaoji_002_02_": {
				"attachment": [
					{ "time": 0, "name": null },
					{ "time": 2.2666, "name": "Snow_idleshow_gaoji_002_02_" },
					{ "time": 2.4, "name": null }
				]
			},
			"Snow_idleshow_gaoji_002_03_": {
				"attachment": [
					{ "time": 0, "name": null },
					{ "time": 2.2666, "name": "Snow_idleshow_gaoji_002_03_" },
					{ "time": 2.4, "name": null }
				]
			},
			"Snow_idleshow_gaoji_002_04_": {
				"attachment": [
					{ "time": 0, "name": null },
					{ "time": 2.2666, "name": "Snow_idleshow_gaoji_002_04_" },
					{ "time": 2.4, "name": null }
				]
			},
			"Snow_idleshow_gaoji_002_05_": {
				"attachment": [
					{ "time": 0, "name": null },
					{ "time": 2.2666, "name": "Snow_idleshow_gaoji_002_05_" },
					{ "time": 2.4, "name": null }
				]
			},
			"Snow_idleshow_gaoji_003_01_": {
				"attachment": [
					{ "time": 0, "name": null },
					{ "time": 2.4, "name": "Snow_idleshow_gaoji_003_01_" },
					{ "time": 2.5333, "name": null }
				]
			},
			"Snow_idleshow_gaoji_003_02_": {
				"attachment": [
					{ "time": 0, "name": null },
					{ "time": 2.4, "name": "Snow_idleshow_gaoji_003_02_" },
					{ "time": 2.5333, "name": null }
				]
			},
			"Snow_idleshow_gaoji_003_03_": {
				"attachment": [
					{ "time": 0, "name": null },
					{ "time": 2.4, "name": "Snow_idleshow_gaoji_003_03_" },
					{ "time": 2.5333, "name": null }
				]
			},
			"Snow_idleshow_gaoji_003_04_": {
				"attachment": [
					{ "time": 0, "name": null },
					{ "time": 2.4, "name": "Snow_idleshow_gaoji_003_04_" },
					{ "time": 2.5333, "name": null }
				]
			},
			"Snow_idleshow_gaoji_003_05_": {
				"attachment": [
					{ "time": 0, "name": null },
					{ "time": 2.4, "name": "Snow_idleshow_gaoji_003_05_" },
					{ "time": 2.5333, "name": null }
				]
			},
			"Snow_idleshow_gaoji_004_01_": {
				"attachment": [
					{ "time": 0, "name": null },
					{ "time": 2.5333, "name": "Snow_idleshow_gaoji_004_01_" },
					{ "time": 2.6666, "name": null }
				]
			},
			"Snow_idleshow_gaoji_004_02_": {
				"attachment": [
					{ "time": 0, "name": null },
					{ "time": 2.5333, "name": "Snow_idleshow_gaoji_004_02_" },
					{ "time": 2.6666, "name": null }
				]
			},
			"Snow_idleshow_gaoji_004_03_": {
				"attachment": [
					{ "time": 0, "name": null },
					{ "time": 2.5333, "name": "Snow_idleshow_gaoji_004_03_" },
					{ "time": 2.6666, "name": null }
				]
			},
			"Snow_idleshow_gaoji_004_04_": {
				"attachment": [
					{ "time": 0, "name": null },
					{ "time": 2.5333, "name": "Snow_idleshow_gaoji_004_04_" },
					{ "time": 2.6666, "name": null }
				]
			},
			"Snow_idleshow_gaoji_004_05_": {
				"attachment": [
					{ "time": 0, "name": null },
					{ "time": 2.5333, "name": "Snow_idleshow_gaoji_004_05_" },
					{ "time": 2.6666, "name": null }
				]
			},
			"Snow_idleshow_gaoji_005_01_": {
				"attachment": [
					{ "time": 0, "name": null },
					{ "time": 2.6666, "name": "Snow_idleshow_gaoji_005_01_" },
					{ "time": 2.8, "name": null }
				]
			},
			"Snow_idleshow_gaoji_005_02_": {
				"attachment": [
					{ "time": 0, "name": null },
					{ "time": 2.6666, "name": "Snow_idleshow_gaoji_005_02_" },
					{ "time": 2.8, "name": null }
				]
			},
			"Snow_idleshow_gaoji_005_03_": {
				"attachment": [
					{ "time": 0, "name": null },
					{ "time": 2.6666, "name": "Snow_idleshow_gaoji_005_03_" },
					{ "time": 2.8, "name": null }
				]
			},
			"Snow_idleshow_gaoji_005_04_": {
				"attachment": [
					{ "time": 0, "name": null },
					{ "time": 2.6666, "name": "Snow_idleshow_gaoji_005_04_" },
					{ "time": 2.8, "name": null }
				]
			},
			"Snow_idleshow_gaoji_005_05_": {
				"attachment": [
					{ "time": 0, "name": null },
					{ "time": 2.6666, "name": "Snow_idleshow_gaoji_005_05_" },
					{ "time": 2.8, "name": null }
				]
			},
			"Snow_idleshow_gaoji_006_01_": {
				"attachment": [
					{ "time": 0, "name": null },
					{ "time": 2.8, "name": "Snow_idleshow_gaoji_006_01_" },
					{ "time": 2.9333, "name": null }
				]
			},
			"Snow_idleshow_gaoji_006_02_": {
				"attachment": [
					{ "time": 0, "name": null },
					{ "time": 2.8, "name": "Snow_idleshow_gaoji_006_02_" },
					{ "time": 2.9333, "name": null }
				]
			},
			"Snow_idleshow_gaoji_006_03_": {
				"attachment": [
					{ "time": 0, "name": null },
					{ "time": 2.8, "name": "Snow_idleshow_gaoji_006_03_" },
					{ "time": 2.9333, "name": null }
				]
			},
			"Snow_idleshow_gaoji_006_04_": {
				"attachment": [
					{ "time": 0, "name": null },
					{ "time": 2.8, "name": "Snow_idleshow_gaoji_006_04_" },
					{ "time": 2.9333, "name": null }
				]
			},
			"Snow_idleshow_gaoji_006_05_": {
				"attachment": [
					{ "time": 0, "name": null },
					{ "time": 2.8, "name": "Snow_idleshow_gaoji_006_05_" },
					{ "time": 2.9333, "name": null }
				]
			},
			"Snow_idleshow_gaoji_007_01_": {
				"attachment": [
					{ "time": 0, "name": null },
					{ "time": 2.9333, "name": "Snow_idleshow_gaoji_007_01_" },
					{ "time": 3.0666, "name": null }
				]
			},
			"Snow_idleshow_gaoji_007_02_": {
				"attachment": [
					{ "time": 0, "name": null },
					{ "time": 2.9333, "name": "Snow_idleshow_gaoji_007_02_" },
					{ "time": 3.0666, "name": null }
				]
			},
			"Snow_idleshow_gaoji_007_03_": {
				"attachment": [
					{ "time": 0, "name": null },
					{ "time": 2.9333, "name": "Snow_idleshow_gaoji_007_03_" },
					{ "time": 3.0666, "name": null }
				]
			},
			"Snow_idleshow_gaoji_007_04_": {
				"attachment": [
					{ "time": 0, "name": null },
					{ "time": 2.9333, "name": "Snow_idleshow_gaoji_007_04_" },
					{ "time": 3.0666, "name": null }
				]
			},
			"Snow_idleshow_gaoji_007_05_": {
				"attachment": [
					{ "time": 0, "name": null },
					{ "time": 2.9333, "name": "Snow_idleshow_gaoji_007_05_" },
					{ "time": 3.0666, "name": null }
				]
			},
			"Snow_idleshow_gaoji_008_01_": {
				"attachment": [
					{ "time": 0, "name": null },
					{ "time": 3.0666, "name": "Snow_idleshow_gaoji_008_01_" },
					{ "time": 3.2, "name": null }
				]
			},
			"Snow_idleshow_gaoji_008_02_": {
				"attachment": [
					{ "time": 0, "name": null },
					{ "time": 3.0666, "name": "Snow_idleshow_gaoji_008_02_" },
					{ "time": 3.2, "name": null }
				]
			},
			"Snow_idleshow_gaoji_008_03_": {
				"attachment": [
					{ "time": 0, "name": null },
					{ "time": 3.0666, "name": "Snow_idleshow_gaoji_008_03_" },
					{ "time": 3.2, "name": null }
				]
			},
			"Snow_idleshow_gaoji_008_04_": {
				"attachment": [
					{ "time": 0, "name": null },
					{ "time": 3.0666, "name": "Snow_idleshow_gaoji_008_04_" },
					{ "time": 3.2, "name": null }
				]
			},
			"Snow_idleshow_gaoji_008_05_": {
				"attachment": [
					{ "time": 0, "name": null },
					{ "time": 3.0666, "name": "Snow_idleshow_gaoji_008_05_" },
					{ "time": 3.2, "name": null }
				]
			},
			"Snow_idleshow_gaoji_009_01_": {
				"attachment": [
					{ "time": 0, "name": null },
					{ "time": 3.2, "name": "Snow_idleshow_gaoji_009_01_" },
					{ "time": 3.3333, "name": null }
				]
			},
			"Snow_idleshow_gaoji_009_02_": {
				"attachment": [
					{ "time": 0, "name": null },
					{ "time": 3.2, "name": "Snow_idleshow_gaoji_009_02_" },
					{ "time": 3.3333, "name": null }
				]
			},
			"Snow_idleshow_gaoji_009_03_": {
				"attachment": [
					{ "time": 0, "name": null },
					{ "time": 3.2, "name": "Snow_idleshow_gaoji_009_03_" },
					{ "time": 3.3333, "name": null }
				]
			},
			"Snow_idleshow_gaoji_009_04_": {
				"attachment": [
					{ "time": 0, "name": null },
					{ "time": 3.2, "name": "Snow_idleshow_gaoji_009_04_" },
					{ "time": 3.3333, "name": null }
				]
			},
			"Snow_idleshow_gaoji_009_05_": {
				"attachment": [
					{ "time": 0, "name": null },
					{ "time": 3.2, "name": "Snow_idleshow_gaoji_009_05_" },
					{ "time": 3.3333, "name": null }
				]
			},
			"Snow_idleshow_gaoji_010_01_": {
				"attachment": [
					{ "time": 0, "name": null },
					{ "time": 3.3333, "name": "Snow_idleshow_gaoji_010_01_" },
					{ "time": 3.4666, "name": null }
				]
			},
			"Snow_idleshow_gaoji_010_02_": {
				"attachment": [
					{ "time": 0, "name": null },
					{ "time": 3.3333, "name": "Snow_idleshow_gaoji_010_02_" },
					{ "time": 3.4666, "name": null }
				]
			},
			"Snow_idleshow_gaoji_010_03_": {
				"attachment": [
					{ "time": 0, "name": null },
					{ "time": 3.3333, "name": "Snow_idleshow_gaoji_010_03_" },
					{ "time": 3.4666, "name": null }
				]
			},
			"Snow_idleshow_gaoji_010_04_": {
				"attachment": [
					{ "time": 0, "name": null },
					{ "time": 3.3333, "name": "Snow_idleshow_gaoji_010_04_" },
					{ "time": 3.4666, "name": null }
				]
			},
			"Snow_idleshow_gaoji_010_05_": {
				"attachment": [
					{ "time": 0, "name": null },
					{ "time": 3.3333, "name": "Snow_idleshow_gaoji_010_05_" },
					{ "time": 3.4666, "name": null }
				]
			},
			"Snow_idleshow_gaoji_011_01_": {
				"attachment": [
					{ "time": 0, "name": null },
					{ "time": 3.4666, "name": "Snow_idleshow_gaoji_011_01_" },
					{ "time": 3.6, "name": null }
				]
			},
			"Snow_idleshow_gaoji_011_02_": {
				"attachment": [
					{ "time": 0, "name": null },
					{ "time": 3.4666, "name": "Snow_idleshow_gaoji_011_02_" },
					{ "time": 3.6, "name": null }
				]
			},
			"Snow_idleshow_gaoji_011_03_": {
				"attachment": [
					{ "time": 0, "name": null },
					{ "time": 3.4666, "name": "Snow_idleshow_gaoji_011_03_" },
					{ "time": 3.6, "name": null }
				]
			},
			"Snow_idleshow_gaoji_011_04_": {
				"attachment": [
					{ "time": 0, "name": null },
					{ "time": 3.4666, "name": "Snow_idleshow_gaoji_011_04_" },
					{ "time": 3.6, "name": null }
				]
			},
			"Snow_idleshow_gaoji_011_05_": {
				"attachment": [
					{ "time": 0, "name": null },
					{ "time": 3.4666, "name": "Snow_idleshow_gaoji_011_05_" },
					{ "time": 3.6, "name": null }
				]
			},
			"Snow_idleshow_gaoji_012_01_": {
				"attachment": [
					{ "time": 0, "name": null },
					{ "time": 3.6, "name": "Snow_idleshow_gaoji_012_01_" },
					{ "time": 3.7333, "name": null }
				]
			},
			"Snow_idleshow_gaoji_012_02_": {
				"attachment": [
					{ "time": 0, "name": null },
					{ "time": 3.6, "name": "Snow_idleshow_gaoji_012_02_" },
					{ "time": 3.7333, "name": null }
				]
			},
			"Snow_idleshow_gaoji_012_03_": {
				"attachment": [
					{ "time": 0, "name": null },
					{ "time": 3.6, "name": "Snow_idleshow_gaoji_012_03_" },
					{ "time": 3.7333, "name": null }
				]
			},
			"Snow_idleshow_gaoji_012_04_": {
				"attachment": [
					{ "time": 0, "name": null },
					{ "time": 3.6, "name": "Snow_idleshow_gaoji_012_04_" },
					{ "time": 3.7333, "name": null }
				]
			},
			"Snow_idleshow_gaoji_012_05_": {
				"attachment": [
					{ "time": 0, "name": null },
					{ "time": 3.6, "name": "Snow_idleshow_gaoji_012_05_" },
					{ "time": 3.7333, "name": null }
				]
			},
			"Snow_idleshow_gaoji_013_01_": {
				"attachment": [
					{ "time": 0, "name": null },
					{ "time": 3.7333, "name": "Snow_idleshow_gaoji_013_01_" },
					{ "time": 3.8666, "name": null }
				]
			},
			"Snow_idleshow_gaoji_013_02_": {
				"attachment": [
					{ "time": 0, "name": null },
					{ "time": 3.7333, "name": "Snow_idleshow_gaoji_013_02_" },
					{ "time": 3.8666, "name": null }
				]
			},
			"Snow_idleshow_gaoji_013_03_": {
				"attachment": [
					{ "time": 0, "name": null },
					{ "time": 3.7333, "name": "Snow_idleshow_gaoji_013_03_" },
					{ "time": 3.8666, "name": null }
				]
			},
			"Snow_idleshow_gaoji_013_04_": {
				"attachment": [
					{ "time": 0, "name": null },
					{ "time": 3.7333, "name": "Snow_idleshow_gaoji_013_04_" },
					{ "time": 3.8666, "name": null }
				]
			},
			"Snow_idleshow_gaoji_013_05_": {
				"attachment": [
					{ "time": 0, "name": null },
					{ "time": 3.7333, "name": "Snow_idleshow_gaoji_013_05_" },
					{ "time": 3.8666, "name": null }
				]
			},
			"Snow_idleshow_gaoji_014_01_": {
				"attachment": [
					{ "time": 0, "name": null },
					{ "time": 3.8666, "name": "Snow_idleshow_gaoji_014_01_" },
					{ "time": 4, "name": null }
				]
			},
			"Snow_idleshow_gaoji_014_02_": {
				"attachment": [
					{ "time": 0, "name": null },
					{ "time": 3.8666, "name": "Snow_idleshow_gaoji_014_02_" },
					{ "time": 4, "name": null }
				]
			},
			"Snow_idleshow_gaoji_014_03_": {
				"attachment": [
					{ "time": 0, "name": null },
					{ "time": 3.8666, "name": "Snow_idleshow_gaoji_014_03_" },
					{ "time": 4, "name": null }
				]
			},
			"Snow_idleshow_gaoji_014_04_": {
				"attachment": [
					{ "time": 0, "name": null },
					{ "time": 3.8666, "name": "Snow_idleshow_gaoji_014_04_" },
					{ "time": 4, "name": null }
				]
			},
			"Snow_idleshow_gaoji_014_05_": {
				"attachment": [
					{ "time": 0, "name": null },
					{ "time": 3.8666, "name": "Snow_idleshow_gaoji_014_05_" },
					{ "time": 4, "name": null }
				]
			},
			"Snow_idleshow_gaoji_015_01_": {
				"attachment": [
					{ "time": 0, "name": null },
					{ "time": 4, "name": "Snow_idleshow_gaoji_015_01_" },
					{ "time": 4.1333, "name": null }
				]
			},
			"Snow_idleshow_gaoji_015_02_": {
				"attachment": [
					{ "time": 0, "name": null },
					{ "time": 4, "name": "Snow_idleshow_gaoji_015_02_" },
					{ "time": 4.1333, "name": null }
				]
			},
			"Snow_idleshow_gaoji_015_03_": {
				"attachment": [
					{ "time": 0, "name": null },
					{ "time": 4, "name": "Snow_idleshow_gaoji_015_03_" },
					{ "time": 4.1333, "name": null }
				]
			},
			"Snow_idleshow_gaoji_015_04_": {
				"attachment": [
					{ "time": 0, "name": null },
					{ "time": 4, "name": "Snow_idleshow_gaoji_015_04_" },
					{ "time": 4.1333, "name": null }
				]
			},
			"Snow_idleshow_gaoji_015_05_": {
				"attachment": [
					{ "time": 0, "name": null },
					{ "time": 4, "name": "Snow_idleshow_gaoji_015_05_" },
					{ "time": 4.1333, "name": null }
				]
			},
			"Snow_idleshow_gaoji_016_01_": {
				"attachment": [
					{ "time": 0, "name": null },
					{ "time": 4.1333, "name": "Snow_idleshow_gaoji_016_01_" },
					{ "time": 4.2666, "name": null }
				]
			},
			"Snow_idleshow_gaoji_016_02_": {
				"attachment": [
					{ "time": 0, "name": null },
					{ "time": 4.1333, "name": "Snow_idleshow_gaoji_016_02_" },
					{ "time": 4.2666, "name": null }
				]
			},
			"Snow_idleshow_gaoji_016_03_": {
				"attachment": [
					{ "time": 0, "name": null },
					{ "time": 4.1333, "name": "Snow_idleshow_gaoji_016_03_" },
					{ "time": 4.2666, "name": null }
				]
			},
			"Snow_idleshow_gaoji_016_04_": {
				"attachment": [
					{ "time": 0, "name": null },
					{ "time": 4.1333, "name": "Snow_idleshow_gaoji_016_04_" },
					{ "time": 4.2666, "name": null }
				]
			},
			"Snow_idleshow_gaoji_016_05_": {
				"attachment": [
					{ "time": 0, "name": null },
					{ "time": 4.1333, "name": "Snow_idleshow_gaoji_016_05_" },
					{ "time": 4.2666, "name": null }
				]
			},
			"Snow_idleshow_gaoji_017_01_": {
				"attachment": [
					{ "time": 0, "name": null },
					{ "time": 4.2666, "name": "Snow_idleshow_gaoji_017_01_" },
					{ "time": 4.4, "name": null }
				]
			},
			"Snow_idleshow_gaoji_017_02_": {
				"attachment": [
					{ "time": 0, "name": null },
					{ "time": 4.2666, "name": "Snow_idleshow_gaoji_017_02_" },
					{ "time": 4.4, "name": null }
				]
			},
			"Snow_idleshow_gaoji_017_03_": {
				"attachment": [
					{ "time": 0, "name": null },
					{ "time": 4.2666, "name": "Snow_idleshow_gaoji_017_03_" },
					{ "time": 4.4, "name": null }
				]
			},
			"Snow_idleshow_gaoji_017_04_": {
				"attachment": [
					{ "time": 0, "name": null },
					{ "time": 4.2666, "name": "Snow_idleshow_gaoji_017_04_" },
					{ "time": 4.4, "name": null }
				]
			},
			"Snow_idleshow_gaoji_017_05_": {
				"attachment": [
					{ "time": 0, "name": null },
					{ "time": 4.2666, "name": "Snow_idleshow_gaoji_017_05_" },
					{ "time": 4.4, "name": null }
				]
			},
			"Snow_idleshow_gaoji_018_01_": {
				"attachment": [
					{ "time": 0, "name": null },
					{ "time": 4.4, "name": "Snow_idleshow_gaoji_018_01_" },
					{ "time": 4.5333, "name": null }
				]
			},
			"Snow_idleshow_gaoji_018_02_": {
				"attachment": [
					{ "time": 0, "name": null },
					{ "time": 4.4, "name": "Snow_idleshow_gaoji_018_02_" },
					{ "time": 4.5333, "name": null }
				]
			},
			"Snow_idleshow_gaoji_018_03_": {
				"attachment": [
					{ "time": 0, "name": null },
					{ "time": 4.4, "name": "Snow_idleshow_gaoji_018_03_" },
					{ "time": 4.5333, "name": null }
				]
			},
			"Snow_idleshow_gaoji_018_04_": {
				"attachment": [
					{ "time": 0, "name": null },
					{ "time": 4.4, "name": "Snow_idleshow_gaoji_018_04_" },
					{ "time": 4.5333, "name": null }
				]
			},
			"Snow_idleshow_gaoji_018_05_": {
				"attachment": [
					{ "time": 0, "name": null },
					{ "time": 4.4, "name": "Snow_idleshow_gaoji_018_05_" },
					{ "time": 4.5333, "name": null }
				]
			},
			"Snow_idleshow_gaoji_019_01_": {
				"attachment": [
					{ "time": 0, "name": null },
					{ "time": 4.5333, "name": "Snow_idleshow_gaoji_019_01_" },
					{ "time": 4.6666, "name": null }
				]
			},
			"Snow_idleshow_gaoji_019_02_": {
				"attachment": [
					{ "time": 0, "name": null },
					{ "time": 4.5333, "name": "Snow_idleshow_gaoji_019_02_" },
					{ "time": 4.6666, "name": null }
				]
			},
			"Snow_idleshow_gaoji_019_03_": {
				"attachment": [
					{ "time": 0, "name": null },
					{ "time": 4.5333, "name": "Snow_idleshow_gaoji_019_03_" },
					{ "time": 4.6666, "name": null }
				]
			},
			"Snow_idleshow_gaoji_019_04_": {
				"attachment": [
					{ "time": 0, "name": null },
					{ "time": 4.5333, "name": "Snow_idleshow_gaoji_019_04_" },
					{ "time": 4.6666, "name": null }
				]
			},
			"Snow_idleshow_gaoji_019_05_": {
				"attachment": [
					{ "time": 0, "name": null },
					{ "time": 4.5333, "name": "Snow_idleshow_gaoji_019_05_" },
					{ "time": 4.6666, "name": null }
				]
			},
			"Snow_idleshow_gaoji_020_01_": {
				"attachment": [
					{ "time": 0, "name": null },
					{ "time": 4.5333, "name": null },
					{ "time": 4.6666, "name": "Snow_idleshow_gaoji_020_01_" },
					{ "time": 4.8, "name": null }
				]
			},
			"Snow_idleshow_gaoji_020_02_": {
				"attachment": [
					{ "time": 0, "name": null },
					{ "time": 4.6666, "name": "Snow_idleshow_gaoji_020_02_" },
					{ "time": 4.8, "name": null }
				]
			},
			"Snow_idleshow_gaoji_020_03_": {
				"attachment": [
					{ "time": 0, "name": null },
					{ "time": 4.6666, "name": "Snow_idleshow_gaoji_020_03_" },
					{ "time": 4.8, "name": null }
				]
			},
			"Snow_idleshow_gaoji_020_04_": {
				"attachment": [
					{ "time": 0, "name": null },
					{ "time": 4.6666, "name": "Snow_idleshow_gaoji_020_04_" },
					{ "time": 4.8, "name": null }
				]
			},
			"Snow_idleshow_gaoji_020_05_": {
				"attachment": [
					{ "time": 0, "name": null },
					{ "time": 4.6666, "name": "Snow_idleshow_gaoji_020_05_" },
					{ "time": 4.8, "name": null }
				]
			},
			"Snow_idleshow_gaoji_021_01_": {
				"attachment": [
					{ "time": 0, "name": null },
					{ "time": 4.8, "name": "Snow_idleshow_gaoji_021_01_" },
					{ "time": 4.9333, "name": null }
				]
			},
			"Snow_idleshow_gaoji_021_02_": {
				"attachment": [
					{ "time": 0, "name": null },
					{ "time": 4.8, "name": "Snow_idleshow_gaoji_021_02_" },
					{ "time": 4.9333, "name": null }
				]
			},
			"Snow_idleshow_gaoji_021_03_": {
				"attachment": [
					{ "time": 0, "name": null },
					{ "time": 4.8, "name": "Snow_idleshow_gaoji_021_03_" },
					{ "time": 4.9333, "name": null }
				]
			},
			"Snow_idleshow_gaoji_021_04_": {
				"attachment": [
					{ "time": 0, "name": null },
					{ "time": 4.8, "name": "Snow_idleshow_gaoji_021_04_" },
					{ "time": 4.9333, "name": null }
				]
			},
			"Snow_idleshow_gaoji_021_05_": {
				"attachment": [
					{ "time": 0, "name": null },
					{ "time": 4.8, "name": "Snow_idleshow_gaoji_021_05_" },
					{ "time": 4.9333, "name": null }
				]
			},
			"Snow_idleshow_gaoji_022_01_": {
				"attachment": [
					{ "time": 0, "name": null },
					{ "time": 4.9333, "name": "Snow_idleshow_gaoji_022_01_" },
					{ "time": 5, "name": null }
				]
			},
			"Snow_idleshow_gaoji_022_02_": {
				"attachment": [
					{ "time": 0, "name": null },
					{ "time": 4.9333, "name": "Snow_idleshow_gaoji_022_02_" },
					{ "time": 5, "name": null }
				]
			},
			"Snow_idleshow_gaoji_022_03_": {
				"attachment": [
					{ "time": 0, "name": null },
					{ "time": 4.9333, "name": "Snow_idleshow_gaoji_022_03_" },
					{ "time": 5, "name": null }
				]
			},
			"Snow_idleshow_gaoji_022_04_": {
				"attachment": [
					{ "time": 0, "name": null },
					{ "time": 4.9333, "name": "Snow_idleshow_gaoji_022_04_" },
					{ "time": 5, "name": null }
				]
			},
			"Snow_idleshow_gaoji_022_05_": {
				"attachment": [
					{ "time": 0, "name": null },
					{ "time": 4.9333, "name": "Snow_idleshow_gaoji_022_05_" },
					{ "time": 5, "name": null }
				]
			},
			"Snow_stand_gaoji_000_01_": {
				"attachment": [
					{ "time": 0, "name": "Snow_stand_gaoji_000_01_" },
					{ "time": 0.1333, "name": null },
					{ "time": 5, "name": "Snow_stand_gaoji_000_01_" },
					{ "time": 5.1333, "name": null },
					{ "time": 7, "name": "Snow_stand_gaoji_000_01_" }
				]
			},
			"Snow_stand_gaoji_000_02_": {
				"attachment": [
					{ "time": 0, "name": "Snow_stand_gaoji_000_02_" },
					{ "time": 0.1333, "name": null },
					{ "time": 5, "name": "Snow_stand_gaoji_000_02_" },
					{ "time": 5.1333, "name": null },
					{ "time": 7, "name": "Snow_stand_gaoji_000_02_" }
				]
			},
			"Snow_stand_gaoji_000_03_": {
				"attachment": [
					{ "time": 0, "name": "Snow_stand_gaoji_000_03_" },
					{ "time": 0.1333, "name": null },
					{ "time": 5, "name": "Snow_stand_gaoji_000_03_" },
					{ "time": 5.1333, "name": null },
					{ "time": 7, "name": "Snow_stand_gaoji_000_03_" }
				]
			},
			"Snow_stand_gaoji_000_04_": {
				"attachment": [
					{ "time": 0, "name": "Snow_stand_gaoji_000_04_" },
					{ "time": 0.1333, "name": null },
					{ "time": 5, "name": "Snow_stand_gaoji_000_04_" },
					{ "time": 5.1333, "name": null },
					{ "time": 7, "name": "Snow_stand_gaoji_000_04_" }
				]
			},
			"Snow_stand_gaoji_000_05_": {
				"attachment": [
					{ "time": 0, "name": "Snow_stand_gaoji_000_05_" },
					{ "time": 0.1333, "name": null },
					{ "time": 5, "name": "Snow_stand_gaoji_000_05_" },
					{ "time": 5.1333, "name": null },
					{ "time": 7, "name": "Snow_stand_gaoji_000_05_" }
				]
			},
			"Snow_stand_gaoji_001_01_": {
				"attachment": [
					{ "time": 0, "name": null },
					{ "time": 0.1333, "name": "Snow_stand_gaoji_001_01_" },
					{ "time": 0.2666, "name": null },
					{ "time": 5.1333, "name": "Snow_stand_gaoji_001_01_" },
					{ "time": 5.2666, "name": null }
				]
			},
			"Snow_stand_gaoji_001_02_": {
				"attachment": [
					{ "time": 0, "name": null },
					{ "time": 0.1333, "name": "Snow_stand_gaoji_001_02_" },
					{ "time": 0.2666, "name": null },
					{ "time": 5.1333, "name": "Snow_stand_gaoji_001_02_" },
					{ "time": 5.2666, "name": null }
				]
			},
			"Snow_stand_gaoji_001_03_": {
				"attachment": [
					{ "time": 0, "name": null },
					{ "time": 0.1333, "name": "Snow_stand_gaoji_001_03_" },
					{ "time": 0.2666, "name": null },
					{ "time": 5.1333, "name": "Snow_stand_gaoji_001_03_" },
					{ "time": 5.2666, "name": null }
				]
			},
			"Snow_stand_gaoji_001_04_": {
				"attachment": [
					{ "time": 0, "name": null },
					{ "time": 0.1333, "name": "Snow_stand_gaoji_001_04_" },
					{ "time": 0.2666, "name": null },
					{ "time": 5.1333, "name": "Snow_stand_gaoji_001_04_" },
					{ "time": 5.2666, "name": null }
				]
			},
			"Snow_stand_gaoji_001_05_": {
				"attachment": [
					{ "time": 0, "name": null },
					{ "time": 0.1333, "name": "Snow_stand_gaoji_001_05_" },
					{ "time": 0.2666, "name": null },
					{ "time": 5.1333, "name": "Snow_stand_gaoji_001_05_" },
					{ "time": 5.2666, "name": null }
				]
			},
			"Snow_stand_gaoji_002_01_": {
				"attachment": [
					{ "time": 0, "name": null },
					{ "time": 0.2666, "name": "Snow_stand_gaoji_002_01_" },
					{ "time": 0.4, "name": null },
					{ "time": 5.2666, "name": "Snow_stand_gaoji_002_01_" },
					{ "time": 5.4, "name": null }
				]
			},
			"Snow_stand_gaoji_002_02_": {
				"attachment": [
					{ "time": 0, "name": null },
					{ "time": 0.2666, "name": "Snow_stand_gaoji_002_02_" },
					{ "time": 0.4, "name": null },
					{ "time": 5.2666, "name": "Snow_stand_gaoji_002_02_" },
					{ "time": 5.4, "name": null }
				]
			},
			"Snow_stand_gaoji_002_03_": {
				"attachment": [
					{ "time": 0, "name": null },
					{ "time": 0.2666, "name": "Snow_stand_gaoji_002_03_" },
					{ "time": 0.4, "name": null },
					{ "time": 5.2666, "name": "Snow_stand_gaoji_002_03_" },
					{ "time": 5.4, "name": null }
				]
			},
			"Snow_stand_gaoji_002_04_": {
				"attachment": [
					{ "time": 0, "name": null },
					{ "time": 0.2666, "name": "Snow_stand_gaoji_002_04_" },
					{ "time": 0.4, "name": null },
					{ "time": 5.2666, "name": "Snow_stand_gaoji_002_04_" },
					{ "time": 5.4, "name": null }
				]
			},
			"Snow_stand_gaoji_002_05_": {
				"attachment": [
					{ "time": 0, "name": null },
					{ "time": 0.2666, "name": "Snow_stand_gaoji_002_05_" },
					{ "time": 0.4, "name": null },
					{ "time": 5.2666, "name": "Snow_stand_gaoji_002_05_" },
					{ "time": 5.4, "name": null }
				]
			},
			"Snow_stand_gaoji_003_01_": {
				"attachment": [
					{ "time": 0, "name": null },
					{ "time": 0.4, "name": "Snow_stand_gaoji_003_01_" },
					{ "time": 0.5333, "name": null },
					{ "time": 5.4, "name": "Snow_stand_gaoji_003_01_" },
					{ "time": 5.5333, "name": null }
				]
			},
			"Snow_stand_gaoji_003_02_": {
				"attachment": [
					{ "time": 0, "name": null },
					{ "time": 0.4, "name": "Snow_stand_gaoji_003_02_" },
					{ "time": 0.5333, "name": null },
					{ "time": 5.4, "name": "Snow_stand_gaoji_003_02_" },
					{ "time": 5.5333, "name": null }
				]
			},
			"Snow_stand_gaoji_003_03_": {
				"attachment": [
					{ "time": 0, "name": null },
					{ "time": 0.4, "name": "Snow_stand_gaoji_003_03_" },
					{ "time": 0.5333, "name": null },
					{ "time": 5.4, "name": "Snow_stand_gaoji_003_03_" },
					{ "time": 5.5333, "name": null }
				]
			},
			"Snow_stand_gaoji_003_04_": {
				"attachment": [
					{ "time": 0, "name": null },
					{ "time": 0.4, "name": "Snow_stand_gaoji_003_04_" },
					{ "time": 0.5333, "name": null },
					{ "time": 5.4, "name": "Snow_stand_gaoji_003_04_" },
					{ "time": 5.5333, "name": null }
				]
			},
			"Snow_stand_gaoji_003_05_": {
				"attachment": [
					{ "time": 0, "name": null },
					{ "time": 0.4, "name": "Snow_stand_gaoji_003_05_" },
					{ "time": 0.5333, "name": null },
					{ "time": 5.4, "name": "Snow_stand_gaoji_003_05_" },
					{ "time": 5.5333, "name": null }
				]
			},
			"Snow_stand_gaoji_004_01_": {
				"attachment": [
					{ "time": 0, "name": null },
					{ "time": 0.5333, "name": "Snow_stand_gaoji_004_01_" },
					{ "time": 0.6666, "name": null },
					{ "time": 5.5333, "name": "Snow_stand_gaoji_004_01_" },
					{ "time": 5.6666, "name": null }
				]
			},
			"Snow_stand_gaoji_004_02_": {
				"attachment": [
					{ "time": 0, "name": null },
					{ "time": 0.5333, "name": "Snow_stand_gaoji_004_02_" },
					{ "time": 0.6666, "name": null },
					{ "time": 5.5333, "name": "Snow_stand_gaoji_004_02_" },
					{ "time": 5.6666, "name": null }
				]
			},
			"Snow_stand_gaoji_004_03_": {
				"attachment": [
					{ "time": 0, "name": null },
					{ "time": 0.5333, "name": "Snow_stand_gaoji_004_03_" },
					{ "time": 0.6666, "name": null },
					{ "time": 5.5333, "name": "Snow_stand_gaoji_004_03_" },
					{ "time": 5.6666, "name": null }
				]
			},
			"Snow_stand_gaoji_004_04_": {
				"attachment": [
					{ "time": 0, "name": null },
					{ "time": 0.5333, "name": "Snow_stand_gaoji_004_04_" },
					{ "time": 0.6666, "name": null },
					{ "time": 5.5333, "name": "Snow_stand_gaoji_004_04_" },
					{ "time": 5.6666, "name": null }
				]
			},
			"Snow_stand_gaoji_004_05_": {
				"attachment": [
					{ "time": 0, "name": null },
					{ "time": 0.5333, "name": "Snow_stand_gaoji_004_05_" },
					{ "time": 0.6666, "name": null },
					{ "time": 5.5333, "name": "Snow_stand_gaoji_004_05_" },
					{ "time": 5.6666, "name": null }
				]
			},
			"Snow_stand_gaoji_005_01_": {
				"attachment": [
					{ "time": 0, "name": null },
					{ "time": 0.6666, "name": "Snow_stand_gaoji_005_01_" },
					{ "time": 0.8, "name": null },
					{ "time": 5.6666, "name": "Snow_stand_gaoji_005_01_" },
					{ "time": 5.8, "name": null }
				]
			},
			"Snow_stand_gaoji_005_02_": {
				"attachment": [
					{ "time": 0, "name": null },
					{ "time": 0.6666, "name": "Snow_stand_gaoji_005_02_" },
					{ "time": 0.8, "name": null },
					{ "time": 5.6666, "name": "Snow_stand_gaoji_005_02_" },
					{ "time": 5.8, "name": null }
				]
			},
			"Snow_stand_gaoji_005_03_": {
				"attachment": [
					{ "time": 0, "name": null },
					{ "time": 0.6666, "name": "Snow_stand_gaoji_005_03_" },
					{ "time": 0.8, "name": null },
					{ "time": 5.6666, "name": "Snow_stand_gaoji_005_03_" },
					{ "time": 5.8, "name": null }
				]
			},
			"Snow_stand_gaoji_005_04_": {
				"attachment": [
					{ "time": 0, "name": null },
					{ "time": 0.6666, "name": "Snow_stand_gaoji_005_04_" },
					{ "time": 0.8, "name": null },
					{ "time": 5.6666, "name": "Snow_stand_gaoji_005_04_" },
					{ "time": 5.8, "name": null }
				]
			},
			"Snow_stand_gaoji_005_05_": {
				"attachment": [
					{ "time": 0, "name": null },
					{ "time": 0.6666, "name": "Snow_stand_gaoji_005_05_" },
					{ "time": 0.8, "name": null },
					{ "time": 5.6666, "name": "Snow_stand_gaoji_005_05_" },
					{ "time": 5.8, "name": null }
				]
			},
			"Snow_stand_gaoji_006_01_": {
				"attachment": [
					{ "time": 0, "name": null },
					{ "time": 0.8, "name": "Snow_stand_gaoji_006_01_" },
					{ "time": 0.9333, "name": null },
					{ "time": 5.8, "name": "Snow_stand_gaoji_006_01_" },
					{ "time": 5.9333, "name": null }
				]
			},
			"Snow_stand_gaoji_006_02_": {
				"attachment": [
					{ "time": 0, "name": null },
					{ "time": 0.8, "name": "Snow_stand_gaoji_006_02_" },
					{ "time": 0.9333, "name": null },
					{ "time": 5.8, "name": "Snow_stand_gaoji_006_02_" },
					{ "time": 5.9333, "name": null }
				]
			},
			"Snow_stand_gaoji_006_03_": {
				"attachment": [
					{ "time": 0, "name": null },
					{ "time": 0.8, "name": "Snow_stand_gaoji_006_03_" },
					{ "time": 0.9333, "name": null },
					{ "time": 5.8, "name": "Snow_stand_gaoji_006_03_" },
					{ "time": 5.9333, "name": null }
				]
			},
			"Snow_stand_gaoji_006_04_": {
				"attachment": [
					{ "time": 0, "name": null },
					{ "time": 0.8, "name": "Snow_stand_gaoji_006_04_" },
					{ "time": 0.9333, "name": null },
					{ "time": 5.8, "name": "Snow_stand_gaoji_006_04_" },
					{ "time": 5.9333, "name": null }
				]
			},
			"Snow_stand_gaoji_006_05_": {
				"attachment": [
					{ "time": 0, "name": null },
					{ "time": 0.8, "name": "Snow_stand_gaoji_006_05_" },
					{ "time": 0.9333, "name": null },
					{ "time": 5.8, "name": "Snow_stand_gaoji_006_05_" },
					{ "time": 5.9333, "name": null }
				]
			},
			"Snow_stand_gaoji_007_01_": {
				"attachment": [
					{ "time": 0, "name": null },
					{ "time": 0.9333, "name": "Snow_stand_gaoji_007_01_" },
					{ "time": 1.0666, "name": null },
					{ "time": 5.9333, "name": "Snow_stand_gaoji_007_01_" },
					{ "time": 6.0666, "name": null }
				]
			},
			"Snow_stand_gaoji_007_02_": {
				"attachment": [
					{ "time": 0, "name": null },
					{ "time": 0.9333, "name": "Snow_stand_gaoji_007_02_" },
					{ "time": 1.0666, "name": null },
					{ "time": 5.9333, "name": "Snow_stand_gaoji_007_02_" },
					{ "time": 6.0666, "name": null }
				]
			},
			"Snow_stand_gaoji_007_03_": {
				"attachment": [
					{ "time": 0, "name": null },
					{ "time": 0.9333, "name": "Snow_stand_gaoji_007_03_" },
					{ "time": 1.0666, "name": null },
					{ "time": 5.9333, "name": "Snow_stand_gaoji_007_03_" },
					{ "time": 6.0666, "name": null }
				]
			},
			"Snow_stand_gaoji_007_04_": {
				"attachment": [
					{ "time": 0, "name": null },
					{ "time": 0.9333, "name": "Snow_stand_gaoji_007_04_" },
					{ "time": 1.0666, "name": null },
					{ "time": 5.9333, "name": "Snow_stand_gaoji_007_04_" },
					{ "time": 6.0666, "name": null }
				]
			},
			"Snow_stand_gaoji_007_05_": {
				"attachment": [
					{ "time": 0, "name": null },
					{ "time": 0.9333, "name": "Snow_stand_gaoji_007_05_" },
					{ "time": 1.0666, "name": null },
					{ "time": 5.9333, "name": "Snow_stand_gaoji_007_05_" },
					{ "time": 6.0666, "name": null }
				]
			},
			"Snow_stand_gaoji_008_01_": {
				"attachment": [
					{ "time": 0, "name": null },
					{ "time": 1.0666, "name": "Snow_stand_gaoji_008_01_" },
					{ "time": 1.2, "name": null },
					{ "time": 6.0666, "name": "Snow_stand_gaoji_008_01_" },
					{ "time": 6.2, "name": null }
				]
			},
			"Snow_stand_gaoji_008_02_": {
				"attachment": [
					{ "time": 0, "name": null },
					{ "time": 1.0666, "name": "Snow_stand_gaoji_008_02_" },
					{ "time": 1.2, "name": null },
					{ "time": 6.0666, "name": "Snow_stand_gaoji_008_02_" },
					{ "time": 6.2, "name": null }
				]
			},
			"Snow_stand_gaoji_008_03_": {
				"attachment": [
					{ "time": 0, "name": null },
					{ "time": 1.0666, "name": "Snow_stand_gaoji_008_03_" },
					{ "time": 1.2, "name": null },
					{ "time": 6.0666, "name": "Snow_stand_gaoji_008_03_" },
					{ "time": 6.2, "name": null }
				]
			},
			"Snow_stand_gaoji_008_04_": {
				"attachment": [
					{ "time": 0, "name": null },
					{ "time": 1.0666, "name": "Snow_stand_gaoji_008_04_" },
					{ "time": 1.2, "name": null },
					{ "time": 6.0666, "name": "Snow_stand_gaoji_008_04_" },
					{ "time": 6.2, "name": null }
				]
			},
			"Snow_stand_gaoji_008_05_": {
				"attachment": [
					{ "time": 0, "name": null },
					{ "time": 1.0666, "name": "Snow_stand_gaoji_008_05_" },
					{ "time": 1.2, "name": null },
					{ "time": 6.0666, "name": "Snow_stand_gaoji_008_05_" },
					{ "time": 6.2, "name": null }
				]
			},
			"Snow_stand_gaoji_009_01_": {
				"attachment": [
					{ "time": 0, "name": null },
					{ "time": 1.2, "name": "Snow_stand_gaoji_009_01_" },
					{ "time": 1.3333, "name": null },
					{ "time": 6.2, "name": "Snow_stand_gaoji_009_01_" },
					{ "time": 6.3333, "name": null }
				]
			},
			"Snow_stand_gaoji_009_02_": {
				"attachment": [
					{ "time": 0, "name": null },
					{ "time": 1.2, "name": "Snow_stand_gaoji_009_02_" },
					{ "time": 1.3333, "name": null },
					{ "time": 6.2, "name": "Snow_stand_gaoji_009_02_" },
					{ "time": 6.3333, "name": null }
				]
			},
			"Snow_stand_gaoji_009_03_": {
				"attachment": [
					{ "time": 0, "name": null },
					{ "time": 1.2, "name": "Snow_stand_gaoji_009_03_" },
					{ "time": 1.3333, "name": null },
					{ "time": 6.2, "name": "Snow_stand_gaoji_009_03_" },
					{ "time": 6.3333, "name": null }
				]
			},
			"Snow_stand_gaoji_009_04_": {
				"attachment": [
					{ "time": 0, "name": null },
					{ "time": 1.2, "name": "Snow_stand_gaoji_009_04_" },
					{ "time": 1.3333, "name": null },
					{ "time": 6.2, "name": "Snow_stand_gaoji_009_04_" },
					{ "time": 6.3333, "name": null }
				]
			},
			"Snow_stand_gaoji_009_05_": {
				"attachment": [
					{ "time": 0, "name": null },
					{ "time": 1.2, "name": "Snow_stand_gaoji_009_05_" },
					{ "time": 1.3333, "name": null },
					{ "time": 6.2, "name": "Snow_stand_gaoji_009_05_" },
					{ "time": 6.3333, "name": null }
				]
			},
			"Snow_stand_gaoji_010_01_": {
				"attachment": [
					{ "time": 0, "name": null },
					{ "time": 1.3333, "name": "Snow_stand_gaoji_010_01_" },
					{ "time": 1.4666, "name": null },
					{ "time": 6.3333, "name": "Snow_stand_gaoji_010_01_" },
					{ "time": 6.4666, "name": null }
				]
			},
			"Snow_stand_gaoji_010_02_": {
				"attachment": [
					{ "time": 0, "name": null },
					{ "time": 1.3333, "name": "Snow_stand_gaoji_010_02_" },
					{ "time": 1.4666, "name": null },
					{ "time": 6.3333, "name": "Snow_stand_gaoji_010_02_" },
					{ "time": 6.4666, "name": null }
				]
			},
			"Snow_stand_gaoji_010_03_": {
				"attachment": [
					{ "time": 0, "name": null },
					{ "time": 1.3333, "name": "Snow_stand_gaoji_010_03_" },
					{ "time": 1.4666, "name": null },
					{ "time": 6.3333, "name": "Snow_stand_gaoji_010_03_" },
					{ "time": 6.4666, "name": null }
				]
			},
			"Snow_stand_gaoji_010_04_": {
				"attachment": [
					{ "time": 0, "name": null },
					{ "time": 1.3333, "name": "Snow_stand_gaoji_010_04_" },
					{ "time": 1.4666, "name": null },
					{ "time": 6.3333, "name": "Snow_stand_gaoji_010_04_" },
					{ "time": 6.4666, "name": null }
				]
			},
			"Snow_stand_gaoji_010_05_": {
				"attachment": [
					{ "time": 0, "name": null },
					{ "time": 1.3333, "name": "Snow_stand_gaoji_010_05_" },
					{ "time": 1.4666, "name": null },
					{ "time": 6.3333, "name": "Snow_stand_gaoji_010_05_" },
					{ "time": 6.4666, "name": null }
				]
			},
			"Snow_stand_gaoji_011_01_": {
				"attachment": [
					{ "time": 0, "name": null },
					{ "time": 1.4666, "name": "Snow_stand_gaoji_011_01_" },
					{ "time": 1.6, "name": null },
					{ "time": 6.4666, "name": "Snow_stand_gaoji_011_01_" },
					{ "time": 6.6, "name": null }
				]
			},
			"Snow_stand_gaoji_011_02_": {
				"attachment": [
					{ "time": 0, "name": null },
					{ "time": 1.4666, "name": "Snow_stand_gaoji_011_02_" },
					{ "time": 1.6, "name": null },
					{ "time": 6.4666, "name": "Snow_stand_gaoji_011_02_" },
					{ "time": 6.6, "name": null }
				]
			},
			"Snow_stand_gaoji_011_03_": {
				"attachment": [
					{ "time": 0, "name": null },
					{ "time": 1.4666, "name": "Snow_stand_gaoji_011_03_" },
					{ "time": 1.6, "name": null },
					{ "time": 6.4666, "name": "Snow_stand_gaoji_011_03_" },
					{ "time": 6.6, "name": null }
				]
			},
			"Snow_stand_gaoji_011_04_": {
				"attachment": [
					{ "time": 0, "name": null },
					{ "time": 1.4666, "name": "Snow_stand_gaoji_011_04_" },
					{ "time": 1.6, "name": null },
					{ "time": 6.4666, "name": "Snow_stand_gaoji_011_04_" },
					{ "time": 6.6, "name": null }
				]
			},
			"Snow_stand_gaoji_011_05_": {
				"attachment": [
					{ "time": 0, "name": null },
					{ "time": 1.4666, "name": "Snow_stand_gaoji_011_05_" },
					{ "time": 1.6, "name": null },
					{ "time": 6.4666, "name": "Snow_stand_gaoji_011_05_" },
					{ "time": 6.6, "name": null }
				]
			},
			"Snow_stand_gaoji_012_01_": {
				"attachment": [
					{ "time": 0, "name": null },
					{ "time": 1.6, "name": "Snow_stand_gaoji_012_01_" },
					{ "time": 1.7333, "name": null },
					{ "time": 6.6, "name": "Snow_stand_gaoji_012_01_" },
					{ "time": 6.7333, "name": null }
				]
			},
			"Snow_stand_gaoji_012_02_": {
				"attachment": [
					{ "time": 0, "name": null },
					{ "time": 1.6, "name": "Snow_stand_gaoji_012_02_" },
					{ "time": 1.7333, "name": null },
					{ "time": 6.6, "name": "Snow_stand_gaoji_012_02_" },
					{ "time": 6.7333, "name": null }
				]
			},
			"Snow_stand_gaoji_012_03_": {
				"attachment": [
					{ "time": 0, "name": null },
					{ "time": 1.6, "name": "Snow_stand_gaoji_012_03_" },
					{ "time": 1.7333, "name": null },
					{ "time": 6.6, "name": "Snow_stand_gaoji_012_03_" },
					{ "time": 6.7333, "name": null }
				]
			},
			"Snow_stand_gaoji_012_04_": {
				"attachment": [
					{ "time": 0, "name": null },
					{ "time": 1.6, "name": "Snow_stand_gaoji_012_04_" },
					{ "time": 1.7333, "name": null },
					{ "time": 6.6, "name": "Snow_stand_gaoji_012_04_" },
					{ "time": 6.7333, "name": null }
				]
			},
			"Snow_stand_gaoji_012_05_": {
				"attachment": [
					{ "time": 0, "name": null },
					{ "time": 1.6, "name": "Snow_stand_gaoji_012_05_" },
					{ "time": 1.7333, "name": null },
					{ "time": 6.6, "name": "Snow_stand_gaoji_012_05_" },
					{ "time": 6.7333, "name": null }
				]
			},
			"Snow_stand_gaoji_013_01_": {
				"attachment": [
					{ "time": 0, "name": null },
					{ "time": 1.7333, "name": "Snow_stand_gaoji_013_01_" },
					{ "time": 1.8666, "name": null },
					{ "time": 6.7333, "name": "Snow_stand_gaoji_013_01_" },
					{ "time": 6.8666, "name": null }
				]
			},
			"Snow_stand_gaoji_013_02_": {
				"attachment": [
					{ "time": 0, "name": null },
					{ "time": 1.7333, "name": "Snow_stand_gaoji_013_02_" },
					{ "time": 1.8666, "name": null },
					{ "time": 6.7333, "name": "Snow_stand_gaoji_013_02_" },
					{ "time": 6.8666, "name": null }
				]
			},
			"Snow_stand_gaoji_013_03_": {
				"attachment": [
					{ "time": 0, "name": null },
					{ "time": 1.7333, "name": "Snow_stand_gaoji_013_03_" },
					{ "time": 1.8666, "name": null },
					{ "time": 6.7333, "name": "Snow_stand_gaoji_013_03_" },
					{ "time": 6.8666, "name": null }
				]
			},
			"Snow_stand_gaoji_013_04_": {
				"attachment": [
					{ "time": 0, "name": null },
					{ "time": 1.7333, "name": "Snow_stand_gaoji_013_04_" },
					{ "time": 1.8666, "name": null },
					{ "time": 6.7333, "name": "Snow_stand_gaoji_013_04_" },
					{ "time": 6.8666, "name": null }
				]
			},
			"Snow_stand_gaoji_013_05_": {
				"attachment": [
					{ "time": 0, "name": null },
					{ "time": 1.7333, "name": "Snow_stand_gaoji_013_05_" },
					{ "time": 1.8666, "name": null },
					{ "time": 6.7333, "name": "Snow_stand_gaoji_013_05_" },
					{ "time": 6.8666, "name": null }
				]
			},
			"Snow_stand_gaoji_014_01_": {
				"attachment": [
					{ "time": 0, "name": null },
					{ "time": 1.8666, "name": "Snow_stand_gaoji_014_01_" },
					{ "time": 2, "name": null },
					{ "time": 6.8666, "name": "Snow_stand_gaoji_014_01_" },
					{ "time": 7, "name": null }
				]
			},
			"Snow_stand_gaoji_014_02_": {
				"attachment": [
					{ "time": 0, "name": null },
					{ "time": 1.8666, "name": "Snow_stand_gaoji_014_02_" },
					{ "time": 2, "name": null },
					{ "time": 6.8666, "name": "Snow_stand_gaoji_014_02_" },
					{ "time": 7, "name": null }
				]
			},
			"Snow_stand_gaoji_014_03_": {
				"attachment": [
					{ "time": 0, "name": null },
					{ "time": 1.8666, "name": "Snow_stand_gaoji_014_03_" },
					{ "time": 2, "name": null },
					{ "time": 6.8666, "name": "Snow_stand_gaoji_014_03_" },
					{ "time": 7, "name": null }
				]
			},
			"Snow_stand_gaoji_014_04_": {
				"attachment": [
					{ "time": 0, "name": null },
					{ "time": 1.8666, "name": "Snow_stand_gaoji_014_04_" },
					{ "time": 2, "name": null },
					{ "time": 6.8666, "name": "Snow_stand_gaoji_014_04_" },
					{ "time": 7, "name": null }
				]
			},
			"Snow_stand_gaoji_014_05_": {
				"attachment": [
					{ "time": 0, "name": null },
					{ "time": 1.8666, "name": "Snow_stand_gaoji_014_05_" },
					{ "time": 2, "name": null },
					{ "time": 6.8666, "name": "Snow_stand_gaoji_014_05_" },
					{ "time": 7, "name": null }
				]
			}
		}
	}
}
}