{
"skeleton": { "hash": "S/6Reo8ezi3sX90MllBwdQo7/OM", "spine": "2.1.27", "width": 401, "height": 326 },
"bones": [
	{ "name": "root" },
	{ "name": "bone", "parent": "root", "x": 67.67, "y": 211.95 },
	{ "name": "bone12", "parent": "root", "x": -27.13, "y": 242.13, "rotation": -66.19 },
	{ "name": "bone13", "parent": "bone12", "length": 25.41, "rotation": 36.79 },
	{ "name": "bone2", "parent": "bone", "length": 11.79, "x": 5.26, "y": -7.07, "rotation": -68.74 },
	{ "name": "bone4", "parent": "bone", "length": 10.5, "x": 14.36, "y": 2.14, "rotation": -59.77 },
	{ "name": "bone7", "parent": "bone", "length": 17.37, "x": -11.38, "y": -0.17, "rotation": -153.61 },
	{ "name": "bone9", "parent": "bone", "length": 11.7, "x": -10.19, "y": 9.06, "rotation": -175.49 },
	{ "name": "bone10", "parent": "bone9", "length": 19.36, "x": 11.03, "y": 0.68, "rotation": 80.61 },
	{ "name": "bone14", "parent": "bone13", "length": 22.99, "x": 25.41, "y": 0.07, "rotation": 71.29 },
	{ "name": "bone3", "parent": "bone2", "length": 10.33, "x": 11.79, "y": 0.03, "rotation": -40.23 },
	{ "name": "bone5", "parent": "bone4", "length": 10.42, "x": 10.8, "y": -0.12, "rotation": -62.35 },
	{ "name": "bone8", "parent": "bone7", "length": 15.6, "x": 17.94, "y": 0.93, "rotation": 55.06 },
	{ "name": "bone15", "parent": "bone14", "length": 28.22, "x": 23.39, "y": -0.41, "rotation": 30.56 },
	{ "name": "bone22", "parent": "bone3", "length": 9.57, "x": 10.74, "y": 0.15, "rotation": 6.78 },
	{ "name": "bone6", "parent": "bone5", "length": 10.32, "x": 10.42, "y": -0.02, "rotation": 57.91 },
	{ "name": "bone16", "parent": "bone15", "length": 23.89, "x": 28.22, "y": 0.06, "rotation": 61.83 },
	{ "name": "bone17", "parent": "bone16", "length": 23.09, "x": 23.89, "y": -0.07, "rotation": 39.58 },
	{ "name": "bone18", "parent": "bone17", "length": 24.52, "x": 21.43, "y": 0.7, "rotation": 40.33 },
	{ "name": "bone19", "parent": "bone18", "length": 22.8, "x": 67.63, "y": 5.08, "rotation": -177.29 },
	{ "name": "bone20", "parent": "bone19", "length": 22.34, "x": 23.65, "y": -0.6, "rotation": -22.26 },
	{ "name": "bone21", "parent": "bone20", "length": 33.23, "x": 22.34, "y": -0.11, "rotation": -58.9 }
],
"slots": [
	{ "name": "long02_", "bone": "root", "attachment": "long02_" },
	{ "name": "long01_", "bone": "root", "attachment": "long01_" },
	{ "name": "lingdang_", "bone": "root", "attachment": "lingdang_" },
	{ "name": "piaodai04_", "bone": "root", "attachment": "piaodai04_" },
	{ "name": "piaodai03_", "bone": "root", "attachment": "piaodai03_" },
	{ "name": "piaodai02_", "bone": "root", "attachment": "piaodai02_" },
	{ "name": "piaodai01_", "bone": "root", "attachment": "piaodai01_" },
	{ "name": "longtou_", "bone": "root", "attachment": "longtou_" },
	{ "name": "miaohui_", "bone": "root", "attachment": "miaohui_" }
],
"skins": {
	"default": {
		"lingdang_": {
			"lingdang_": {
				"type": "skinnedmesh",
				"uvs": [ 1, 1, 0, 1, 0, 0, 1, 0 ],
				"triangles": [ 1, 2, 3, 1, 3, 0 ],
				"vertices": [ 1, 1, 14.32, -15.61, 1, 1, 1, -14.67, -15.61, 1, 1, 1, -14.67, 11.38, 1, 1, 1, 14.32, 11.38, 1 ],
				"hull": 4
			}
		},
		"long01_": {
			"long01_": {
				"type": "skinnedmesh",
				"uvs": [ 1, 0.50025, 1, 0.69241, 1, 1, 0.54427, 1, 0.35761, 1, 0.16627, 1, 0, 1, 0, 0.61829, 0, 0.34653, 0, 0, 0.39961, 0, 0.68194, 0, 0.82894, 0, 1, 0, 0.19427, 0.06104, 0.35994, 0.36025, 0.49294, 0.72809, 0.66327, 0.67319, 0.74494, 0.92299, 0.77994, 0.31359, 0.85227, 0.60456, 0.8896, 0.82143, 0.53637, 0.29808, 0.7566, 0.23891, 0.06361, 0.9175, 0.09383, 0.20863, 0.15415, 0.46227, 0.2616, 0.82117, 0.93627, 0.1928 ],
				"triangles": [ 28, 12, 13, 23, 11, 12, 23, 12, 28, 19, 23, 28, 28, 13, 0, 19, 28, 0, 20, 19, 0, 20, 0, 1, 21, 20, 1, 21, 1, 2, 22, 10, 11, 22, 11, 23, 15, 14, 10, 15, 10, 22, 19, 17, 22, 19, 22, 23, 17, 19, 20, 16, 15, 22, 17, 16, 22, 17, 20, 21, 18, 17, 21, 18, 3, 16, 18, 16, 17, 18, 21, 2, 3, 18, 2, 14, 9, 10, 25, 9, 14, 8, 9, 25, 25, 14, 15, 26, 25, 15, 8, 25, 26, 7, 8, 26, 26, 15, 16, 27, 26, 16, 7, 26, 27, 24, 7, 27, 6, 7, 24, 5, 24, 27, 6, 24, 5, 4, 27, 16, 5, 27, 4, 4, 16, 3 ],
				"vertices": [ 1, 21, 15.55, 4.07, 1, 1, 21, 22.39, -2.94, 1, 1, 21, 33.33, -14.18, 1, 2, 19, 13.53, -27.86, 0.51999, 20, 0.96, -29.06, 0.48, 1, 19, 4.58, -21.13, 1, 1, 19, -4.59, -14.23, 1, 1, 19, -12.56, -8.24, 1, 1, 19, -0.87, 7.31, 1, 1, 19, 7.45, 18.39, 1, 1, 19, 18.07, 32.52, 1, 1, 20, 5.48, 22.47, 1, 2, 20, 21.86, 18.18, 0.536, 21, -15.92, 9.04, 0.46399, 1, 21, -9.6, 15.2, 1, 1, 21, -2.24, 22.36, 1, 2, 19, 25.52, 23.03, 0.51999, 20, -7.22, 22.58, 0.48, 2, 19, 24.29, 4.86, 0.51999, 20, -1.47, 5.3, 0.48, 2, 19, 19.4, -14.92, 0.51999, 20, 1.49, -14.86, 0.48, 1, 20, 12.09, -14.74, 1, 1, 20, 13.6, -28.3, 1, 2, 20, 23.5, 1.22, 0.536, 21, -0.55, 1.68, 0.46399, 2, 20, 23.94, -14.22, 0.536, 21, 12.91, -5.91, 0.46399, 2, 20, 23.31, -25.49, 0.536, 21, 22.23, -12.28, 0.46399, 1, 20, 9.57, 5.69, 1, 2, 20, 23.11, 5.26, 0.536, 21, -4.21, 3.44, 0.46399, 1, 19, -6.98, -7.17, 1, 1, 19, 16.18, 20.62999, 1, 1, 19, 11.3, 8.12, 1, 1, 19, 5.45, -10.38, 1, 1, 21, 1.87, 12.64, 1 ],
				"hull": 14
			}
		},
		"long02_": {
			"long02_": {
				"type": "skinnedmesh",
				"uvs": [ 1, 1, 0.70794, 1, 0.60012, 1, 0, 1, 0, 0, 0.64416, 0, 1, 0, 0.48016, 0.56742, 0.34805, 0.76461, 0.36627, 0.84856, 0.96001, 0.5108, 0.94938, 0.34094, 0.76109, 0.06175, 0.28731, 0.22575, 0.24175, 0.39561, 0.40879, 0.58108, 0.55305, 0.45027, 0.62594, 0.43856, 0.65783, 0.49908, 0.61986, 0.61622, 0.55153, 0.58499, 0.43764, 0.57913, 0.65175, 0.56741, 0.84658, 0.88244, 0.88257, 0.81732, 0.83246, 0.11446, 0.59417, 0.44366, 0.46097, 0.06321, 0.52879, 0.02491, 0.49079, 0.49322, 0.28552, 0.4442, 0.36326, 0.32559, 0.493, 0.19787, 0.53666, 0.16296, 0.62823, 0.1414, 0.71525, 0.18954, 0.7617, 0.2255, 0.85192, 0.39381, 0.85942, 0.5069, 0.7868, 0.71363, 0.75908, 0.74097, 0.67681, 0.86434, 0.60615, 0.88291, 0.41793, 0.6603, 0.61318, 0.74619, 0.64676, 0.73341, 0.71669, 0.67241, 0.72666, 0.64852, 0.76283, 0.50315, 0.73974, 0.45465, 0.68566, 0.34483, 0.66329, 0.33442, 0.60809, 0.32007, 0.54632, 0.33224, 0.52814, 0.34557, 0.43617, 0.42143, 0.36779, 0.53555, 0.52378, 0.70686, 0.49164, 0.83042, 0.47158, 0.91676 ],
				"triangles": [ 53, 54, 32, 32, 27, 33, 30, 31, 55, 30, 14, 31, 14, 13, 31, 16, 55, 54, 32, 54, 31, 13, 27, 32, 29, 55, 16, 55, 31, 54, 31, 13, 32, 3, 14, 30, 43, 15, 21, 20, 29, 16, 15, 56, 21, 7, 21, 29, 29, 21, 56, 56, 55, 29, 56, 30, 55, 14, 4, 13, 13, 4, 27, 27, 4, 28, 53, 32, 33, 27, 28, 33, 53, 26, 16, 33, 52, 53, 33, 28, 34, 28, 4, 5, 18, 26, 17, 17, 52, 51, 51, 52, 35, 35, 34, 12, 17, 26, 52, 52, 34, 35, 34, 5, 12, 26, 53, 52, 52, 33, 34, 34, 28, 5, 12, 5, 6, 18, 16, 26, 16, 54, 53, 50, 51, 36, 36, 35, 25, 11, 25, 6, 50, 36, 37, 36, 25, 11, 17, 50, 49, 10, 11, 6, 10, 37, 11, 48, 37, 38, 10, 38, 37, 18, 49, 48, 48, 49, 37, 18, 17, 49, 49, 50, 37, 37, 36, 11, 17, 51, 50, 51, 35, 36, 35, 12, 25, 25, 12, 6, 23, 24, 0, 23, 40, 24, 40, 39, 24, 24, 39, 10, 40, 46, 39, 39, 38, 10, 46, 47, 39, 39, 47, 38, 38, 47, 48, 47, 46, 22, 47, 22, 48, 48, 22, 18, 18, 22, 16, 2, 42, 1, 42, 41, 1, 1, 41, 23, 41, 42, 44, 41, 40, 23, 44, 45, 41, 41, 45, 40, 45, 44, 19, 45, 46, 40, 45, 19, 46, 46, 19, 22, 1, 23, 0, 24, 10, 0, 2, 3, 59, 3, 9, 59, 2, 59, 42, 3, 8, 9, 3, 30, 8, 3, 4, 14, 59, 58, 42, 59, 9, 58, 42, 58, 44, 9, 8, 58, 8, 43, 58, 58, 57, 44, 58, 43, 57, 43, 56, 15, 43, 8, 56, 8, 30, 56, 44, 57, 19, 43, 7, 57, 57, 20, 19, 57, 7, 20, 43, 21, 7, 19, 20, 22, 22, 20, 16, 7, 29, 20, 10, 6, 0 ],
				"vertices": [ 1, 3, 77.37999, 11.65, 1, 2, 3, 43.01, -7.69, 0.48, 9, -1.69, -19.16, 0.51999, 2, 3, 30.33, -14.83, 0.48, 9, -12.52, -9.43999, 0.51999, 1, 3, -40.28, -54.57, 1, 1, 3, -91.79, 36.93999, 1, 1, 17, 9.76, -29.32, 1, 1, 3, 25.87, 103.16, 1, 1, 3, -6.06, 16.81, 1, 1, 3, -11.45, -9.97999, 1, 1, 3, -4.98, -16.45, 1, 2, 13, 28.09, -20.35, 0.49599, 16, -18.04999, -9.52, 0.504, 2, 13, 44.67, -13.6, 0.49599, 16, -4.28, -20.95, 0.504, 2, 16, 34.43999, -23.22, 0.50399, 17, -6.62, -24.56, 0.496, 1, 18, 24.82, -22.83, 1, 1, 18, 39.93999, -11.54, 1, 1, 18, 32.25, 17.24, 1, 2, 17, 16.95, 18.99, 0.52799, 18, 8.42, 16.83, 0.472, 2, 16, 18.86, 17.45, 0.50399, 17, 7.29, 16.70999, 0.496, 2, 13, 16.96999, 18.91, 0.49599, 16, 11.3, 18.81, 0.504, 2, 3, 12.88, 21.59, 0.48, 9, 16.36, 18.77, 0.51999, 1, 3, 3.23, 19.93, 1, 1, 18, 28.91, 19.26, 1, 2, 9, 22.98, 19.70999, 0.496, 13, 9.88, 17.53, 0.50399, 2, 9, 20.48, -22.47, 0.496, 13, -13.72, -17.51, 0.50399, 2, 9, 28.66, -20.62, 0.496, 13, -5.74, -20.08, 0.50399, 2, 16, 23.75, -26.25, 0.768, 17, -16.79, -20.08, 0.23199, 1, 17, 11.5, 17.70999, 1, 2, 17, 33.64, -20.09, 0.31199, 18, -4.15, -23.75, 0.688, 2, 17, 24.96, -25.06, 0.72, 18, -13.98, -21.93, 0.27998, 1, 18, 17.9, 15.84, 1, 1, 18, 37.91999, -4, 1, 1, 18, 22.24, -8.39, 1, 2, 17, 27.83, -6.49, 0.31199, 18, 0.22, -9.63, 0.688, 2, 17, 22.36, -10.76, 0.72, 18, -6.71, -9.35, 0.27998, 1, 17, 10.31, -14.33, 1, 2, 16, 29.16, -9.42, 0.50399, 17, -1.9, -10.56, 0.496, 2, 16, 22.08, -11.28, 0.768, 17, -8.54, -7.47, 0.23199, 2, 13, 35.41, -2.73, 0.49599, 16, 0.92, -7.65, 0.504, 2, 13, 24.39, -7.28, 0.49599, 16, -8.28, -0.09, 0.504, 2, 9, 26.3, -3.88, 0.496, 13, 0.74, -4.46999, 0.50399, 2, 9, 21.6, -3.52, 0.496, 13, -3.12, -1.77, 0.50399, 2, 3, 32.36, 2.66, 0.48, 9, 4.67999, -5.75, 0.51999, 2, 3, 25, -3.71, 0.48, 9, -3.71, -0.83, 0.51999, 1, 3, -8.6, 4.19, 1, 2, 3, 18.79, 9.26, 0.48, 9, 6.57, 9.21, 0.51999, 2, 3, 22.08, 12.65, 0.48, 9, 10.84, 7.18, 0.51999, 2, 9, 22.15, 5.65, 0.496, 13, 2.01, 5.85, 0.50399, 2, 9, 24.82, 6.62, 0.496, 13, 4.81, 5.32, 0.50399, 2, 13, 20.83, 5.27, 0.49599, 16, 1.1, 8.96, 0.504, 2, 13, 24.75, 9.77, 0.49599, 16, 6.92, 7.64, 0.504, 2, 16, 20.28, 4.81, 0.768, 17, 0.33, 6.07, 0.23199, 2, 16, 23.17, 6.21, 0.50399, 17, 3.45, 5.3, 0.496, 1, 17, 11.01, 4.6, 1, 2, 17, 19.17, 6.76, 0.72, 18, 2.2, 6.07, 0.27998, 2, 17, 21.46, 8.41, 0.31199, 18, 5.02, 5.85, 0.688, 1, 18, 19.76, 5.46, 1, 1, 3, -20.92, 12.28, 1, 1, 3, 6.25, 6.94, 1, 1, 3, 8.83, -6.49, 1, 1, 3, 10.91, -15.72, 1 ],
				"hull": 7
			}
		},
		"longtou_": {
			"longtou_": {
				"type": "skinnedmesh",
				"uvs": [ 1, 1, 0, 1, 0, 0, 1, 0 ],
				"triangles": [ 1, 2, 3, 1, 3, 0 ],
				"vertices": [ 1, 21, 67.9, -21.01, 1, 1, 21, 34.21, -53.8, 1, 1, 21, -27.87, 9.97, 1, 1, 21, 5.8, 42.76, 1 ],
				"hull": 4
			}
		},
		"miaohui_": {
			"miaohui_": { "x": -21.49, "y": 162.33, "width": 401, "height": 326 }
		},
		"piaodai01_": {
			"piaodai01_": {
				"type": "skinnedmesh",
				"uvs": [ 1, 0.25719, 1, 1, 0.50432, 1, 0.18472, 1, 0, 1, 0, 0.66774, 0, 0, 0.52782, 0, 1, 0, 0.13302, 0.24475, 0.61242, 0.51845, 0.39622, 0.37745, 0.41493, 0.06998, 0.63927, 0.22551, 0.85307, 0.35623, 0.05458, 0.49417, 0.31931, 0.60384, 0.56675, 0.72189, 0.23386, 0.85535, 0.52413, 0.91174 ],
				"triangles": [ 14, 0, 1, 15, 9, 11, 16, 15, 11, 16, 11, 10, 15, 5, 6, 5, 15, 16, 17, 16, 10, 18, 5, 16, 18, 16, 17, 19, 18, 17, 4, 5, 18, 3, 4, 18, 2, 18, 19, 3, 18, 2, 10, 14, 1, 17, 10, 1, 19, 17, 1, 2, 19, 1, 12, 6, 7, 12, 7, 13, 9, 6, 12, 14, 13, 0, 11, 12, 13, 10, 13, 14, 10, 11, 13, 11, 9, 12, 15, 6, 9, 13, 7, 8, 13, 8, 0 ],
				"vertices": [ 1, 1, -8.67, -5.36, 1, 1, 12, 18.66, 21.37, 1, 1, 12, 20.86, 6.66, 1, 1, 12, 22.28, -2.81, 1, 1, 12, 23.1, -8.29, 1, 1, 12, 11.93, -9.96, 1, 2, 6, 22.85, -15.31, 0.96791, 12, -10.51, -13.32, 0.03207, 1, 1, -22.83, 3.38, 1, 1, 1, -8.67, 3.38, 1, 2, 6, 22.98, -6.09, 0.496, 12, -2.87, -8.14999, 0.50399, 2, 6, 14.23, 8.63, 0.496, 12, 4.19, 7.45, 0.50399, 2, 6, 17.91, 1.46, 0.496, 12, 0.41, 0.32, 0.50399, 2, 6, 12.76, -7.65, 0.84799, 12, -10, -0.66, 0.15199, 2, 6, 9.08, 0.07, 0.84799, 12, -5.77, 6.77, 0.15199, 2, 6, 5.31, 6.9, 0.84799, 12, -2.32, 13.77, 0.15199, 2, 6, 28.86, 0.45, 0.14399, 12, 5.85, -9.22, 0.856, 2, 6, 23.4, 7.32, 0.14399, 12, 8.35999, -0.81, 0.856, 2, 6, 18.54, 14.22, 0.14399, 12, 11.23, 7.12, 0.856, 1, 12, 17.2, -2.08, 1, 1, 12, 17.81, 6.81, 1 ],
				"hull": 9
			}
		},
		"piaodai02_": {
			"piaodai02_": {
				"type": "skinnedmesh",
				"uvs": [ 1, 0.25971, 1, 0.51236, 1, 1, 0.75402, 1, 0.36355, 1, 0, 1, 0, 0.70739, 0, 0.44144, 0, 0, 0.39479, 0, 0.67593, 0, 1, 0, 0.167, 0.2547, 0.66812, 0.30404, 0.53536, 0.52123, 0.43383, 0.77388, 0.7588, 0.76968 ],
				"triangles": [ 14, 15, 7, 16, 14, 1, 3, 16, 2, 16, 1, 2, 4, 15, 3, 3, 15, 16, 15, 4, 6, 4, 5, 6, 15, 14, 16, 15, 6, 7, 7, 8, 12, 12, 9, 13, 13, 10, 0, 14, 13, 1, 13, 0, 1, 14, 12, 13, 7, 12, 14, 13, 9, 10, 10, 11, 0, 12, 8, 9 ],
				"vertices": [ 2, 4, 12.54, 6.98, 0.504, 10, -3.92, 5.79, 0.49599, 3, 4, 21.25, 3.59, 0.36, 10, 4.92, 8.82, 0.32255, 14, -4.76, 9.3, 0.31742, 2, 10, 21.98, 14.68, 0.01206, 14, 12.87, 13.1, 0.98793, 2, 10, 23.66, 9.8, 0.0036, 14, 13.96, 8.05, 0.99639, 1, 14, 15.69, 0.03, 1, 1, 14, 17.29999, -7.42, 1, 1, 14, 6.71, -9.7, 1, 3, 4, 11.19, -15.02, 0.36, 10, 9.25, -11.88, 0.32255, 14, -2.9, -11.77, 0.31742, 2, 1, -4.67, -6.61, 0.752, 4, -4.02, -9.09, 0.24799, 2, 1, 3.61, -6.61, 0.752, 4, -1.02, -1.37, 0.24799, 2, 1, 9.52, -6.61, 0.752, 4, 1.11, 4.13, 0.24799, 2, 1, 16.32, -6.61, 0.752, 4, 3.58, 10.47, 0.24799, 2, 4, 6.02, -9.24, 0.504, 10, 1.58, -10.81, 0.49599, 2, 4, 11.54, -0.1, 0.504, 10, -0.1, -0.26, 0.49599, 3, 4, 18.02, -5.61, 0.36, 10, 8.39, -0.29, 0.32255, 14, -2.38, -0.16, 0.31742, 1, 14, 7.2, -0.28, 1, 1, 14, 5.61, 6.35, 1 ],
				"hull": 12
			}
		},
		"piaodai03_": {
			"piaodai03_": {
				"type": "skinnedmesh",
				"uvs": [ 1, 1, 0.67829, 1, 0.36229, 1, 0, 1, 0, 0.79002, 0, 0.6555, 0, 0.46334, 0, 0.08329, 0, 0, 0.14684, 0, 1, 0, 0.62802, 0.14521, 0.6747, 0.41637, 0.5957, 0.64483, 0.81115, 0.91599, 0.20429, 0.26051, 0.0866, 0.03417, 0.38883, 0.21029, 0.36229, 0.42918, 0.29048, 0.65764, 0.14695, 0.87519, 0.52522, 0.86486, 0.6988, 0.77459 ],
				"triangles": [ 16, 9, 17, 7, 16, 15, 16, 8, 9, 7, 8, 16, 21, 19, 13, 19, 20, 5, 0, 14, 22, 20, 4, 5, 21, 13, 22, 20, 19, 21, 22, 12, 0, 3, 4, 20, 2, 20, 21, 3, 20, 2, 1, 21, 22, 1, 22, 14, 2, 21, 1, 1, 14, 0, 13, 12, 22, 18, 19, 6, 19, 18, 13, 13, 18, 12, 19, 5, 6, 18, 17, 12, 6, 15, 18, 11, 9, 10, 17, 9, 11, 15, 16, 17, 12, 11, 10, 17, 11, 12, 18, 15, 17, 6, 7, 15, 0, 12, 10 ],
				"vertices": [ 1, 15, 18.81, 7.78, 1, 1, 15, 15.73, 1.41, 1, 1, 15, 12.7, -4.84, 1, 1, 15, 9.24, -12.02, 1, 1, 15, 2.24, -8.64, 1, 2, 11, 14.72, -5.36, 0.488, 15, -2.23, -6.47, 0.51199, 2, 5, 6.74, -12.07, 0.38741, 11, 8.7, -9.14, 0.61258, 1, 1, 7.32, 4.29, 1, 1, 1, 7.32, 7.38, 1, 1, 1, 10.55, 7.38, 1, 1, 5, 3, 15.56, 1, 2, 5, 3.52, 5.79, 0.872, 11, -8.60999, -3.7, 0.12799, 2, 5, 12.71, 1.62, 0.47317, 11, -0.66, 2.5, 0.52682, 2, 11, 7.42, 5.52, 0.488, 15, 3.1, 5.49, 0.51199, 1, 15, 14.2, 5.39, 1, 2, 5, 2.52, -4.41, 0.872, 11, -0.04, -9.32, 0.12799, 1, 1, 9.22999, 6.11, 1, 2, 5, 2.96, 0.03, 0.872, 11, -3.77, -6.87, 0.12799, 2, 5, 9.66, -4.55, 0.47999, 11, 3.39, -3.06, 0.52, 2, 11, 11.39, 0.08, 0.488, 15, 0.61, -0.75, 0.51199, 1, 15, 6.48, -7.1, 1, 1, 15, 9.76, 0.55, 1, 1, 15, 8.41, 5.45, 1 ],
				"hull": 11
			}
		},
		"piaodai04_": {
			"piaodai04_": {
				"type": "skinnedmesh",
				"uvs": [ 1, 0.37436, 1, 0.62086, 1, 0.77386, 1, 1, 0.45422, 1, 0.16333, 1, 0, 1, 0, 0.72286, 0, 0.5217, 0, 0, 1, 0, 0.6261, 0.1562, 0.18537, 0.23553, 0.49829, 0.4112, 0.38274, 0.59737, 0.26203, 0.81888, 0.67018, 0.84469, 0.84647, 0.64919 ],
				"triangles": [ 1, 17, 0, 17, 1, 2, 16, 17, 2, 4, 16, 3, 16, 2, 3, 5, 15, 4, 4, 15, 16, 15, 5, 7, 5, 6, 7, 15, 14, 16, 16, 14, 17, 15, 7, 14, 7, 8, 14, 14, 13, 17, 8, 12, 14, 17, 13, 0, 14, 12, 13, 8, 9, 12, 13, 11, 0, 13, 12, 11, 11, 10, 0, 12, 9, 11, 11, 9, 10 ],
				"vertices": [ 1, 7, -6.94, -5.06, 1, 1, 1, -3.67, 4.3, 1, 3, 7, -5.62, 11.66, 0.07833, 8, 8.12, 18.21999, 0.46566, 1, -3.67, -2.11999, 0.45599, 1, 8, 17.58, 19.03, 1, 1, 8, 18.83, 4.35, 1, 1, 8, 19.5, -3.47, 1, 1, 8, 19.87, -7.86, 1, 2, 7, 21.12, 7.4, 0.14399, 8, 8.27, -8.85, 0.85599, 2, 7, 20.45, -1.01, 0.512, 8, -0.14, -9.57, 0.48799, 1, 7, 18.73, -22.86, 1, 1, 7, -8.18, -20.73, 1, 1, 7, 2.39, -14.99, 1, 1, 7, 14.52, -12.6, 1, 1, 7, 6.68, -4.58, 1, 2, 7, 10.39999, 2.96, 0.512, 8, 2.14, 0.99, 0.48799, 2, 7, 14.38, 11.98, 0.14399, 8, 11.69, -1.46, 0.85599, 2, 7, 3.48, 13.92, 0.14399, 8, 11.84, 9.6, 0.85599, 1, 1, -7.81, 3.11, 1 ],
				"hull": 11
			}
		}
	}
},
"animations": {
	"animation": {
		"bones": {
			"bone": {
				"rotate": [
					{
						"time": 0,
						"angle": 0,
						"curve": [ 0.076, 0.06, 0.75, 1 ]
					},
					{
						"time": 0.2333,
						"angle": 5.63,
						"curve": [ 0.25, 0, 0.75, 1 ]
					},
					{
						"time": 0.7333,
						"angle": -5.33,
						"curve": [ 0.25, 0, 0.938, 0.92 ]
					},
					{
						"time": 1,
						"angle": 0,
						"curve": [ 0.076, 0.06, 0.75, 1 ]
					},
					{
						"time": 1.2333,
						"angle": 5.63,
						"curve": [ 0.25, 0, 0.75, 1 ]
					},
					{
						"time": 1.7333,
						"angle": -5.33,
						"curve": [ 0.25, 0, 0.938, 0.92 ]
					},
					{ "time": 2, "angle": 0 }
				],
				"translate": [
					{
						"time": 0,
						"x": 0,
						"y": 0,
						"curve": [ 0.25, 0, 0.75, 1 ]
					},
					{
						"time": 0.5,
						"x": 0,
						"y": 4.86,
						"curve": [ 0.25, 0, 0.75, 1 ]
					},
					{
						"time": 1,
						"x": 0,
						"y": 0,
						"curve": [ 0.25, 0, 0.75, 1 ]
					},
					{
						"time": 1.5,
						"x": 0,
						"y": 4.86,
						"curve": [ 0.25, 0, 0.75, 1 ]
					},
					{ "time": 2, "x": 0, "y": 0 }
				]
			},
			"bone2": {
				"rotate": [
					{
						"time": 0,
						"angle": 0,
						"curve": [ 0.005, 0.05, 0.75, 1 ]
					},
					{
						"time": 0.2666,
						"angle": -11.1,
						"curve": [ 0.25, 0, 0.75, 1 ]
					},
					{
						"time": 0.7666,
						"angle": 9.68,
						"curve": [ 0.25, 0, 0.954, 0.9 ]
					},
					{
						"time": 1,
						"angle": 0,
						"curve": [ 0.005, 0.05, 0.75, 1 ]
					},
					{
						"time": 1.2666,
						"angle": -11.1,
						"curve": [ 0.25, 0, 0.75, 1 ]
					},
					{
						"time": 1.7666,
						"angle": 9.68,
						"curve": [ 0.25, 0, 0.954, 0.9 ]
					},
					{ "time": 2, "angle": 0 }
				]
			},
			"bone3": {
				"rotate": [
					{
						"time": 0,
						"angle": 13.67,
						"curve": [ 0.25, 0, 0.75, 1 ]
					},
					{
						"time": 0.5,
						"angle": 5.33,
						"curve": [ 0.25, 0, 0.75, 1 ]
					},
					{
						"time": 1,
						"angle": 13.67,
						"curve": [ 0.25, 0, 0.75, 1 ]
					},
					{
						"time": 1.5,
						"angle": 5.33,
						"curve": [ 0.25, 0, 0.75, 1 ]
					},
					{ "time": 2, "angle": 13.67 }
				]
			},
			"bone22": {
				"rotate": [
					{
						"time": 0,
						"angle": 0,
						"curve": [ 0.071, 0.09, 0.75, 1 ]
					},
					{
						"time": 0.2666,
						"angle": 8.58,
						"curve": [ 0.25, 0, 0.75, 1 ]
					},
					{
						"time": 0.7666,
						"angle": -9.97,
						"curve": [ 0.25, 0, 0.974, 0.92 ]
					},
					{
						"time": 1,
						"angle": 0,
						"curve": [ 0.071, 0.09, 0.75, 1 ]
					},
					{
						"time": 1.2666,
						"angle": 8.58,
						"curve": [ 0.25, 0, 0.75, 1 ]
					},
					{
						"time": 1.7666,
						"angle": -9.97,
						"curve": [ 0.25, 0, 0.974, 0.92 ]
					},
					{ "time": 2, "angle": 0 }
				]
			},
			"bone4": {
				"rotate": [
					{
						"time": 0,
						"angle": 0,
						"curve": [ 0.25, 0, 0.75, 1 ]
					},
					{
						"time": 0.5,
						"angle": 16.15,
						"curve": [ 0.25, 0, 0.75, 1 ]
					},
					{
						"time": 1,
						"angle": 0,
						"curve": [ 0.25, 0, 0.75, 1 ]
					},
					{
						"time": 1.5,
						"angle": 16.15,
						"curve": [ 0.25, 0, 0.75, 1 ]
					},
					{ "time": 2, "angle": 0 }
				]
			},
			"bone5": {
				"rotate": [
					{
						"time": 0,
						"angle": 11.06,
						"curve": [ 0.03, 0.04, 0.75, 1 ]
					},
					{
						"time": 0.2333,
						"angle": 0,
						"curve": [ 0.25, 0, 0.75, 1 ]
					},
					{
						"time": 0.7333,
						"angle": 19.91,
						"curve": [ 0.25, 0, 0.974, 0.95 ]
					},
					{
						"time": 1,
						"angle": 11.06,
						"curve": [ 0.03, 0.04, 0.75, 1 ]
					},
					{
						"time": 1.2333,
						"angle": 0,
						"curve": [ 0.25, 0, 0.75, 1 ]
					},
					{
						"time": 1.7333,
						"angle": 19.91,
						"curve": [ 0.25, 0, 0.974, 0.95 ]
					},
					{ "time": 2, "angle": 11.06 }
				]
			},
			"bone6": {
				"rotate": [
					{ "time": 0, "angle": 0 },
					{ "time": 0.5, "angle": -19.17 },
					{ "time": 1, "angle": 0 },
					{ "time": 1.5, "angle": -19.17 },
					{ "time": 2, "angle": 0 }
				]
			},
			"bone9": {
				"rotate": [
					{
						"time": 0,
						"angle": 0,
						"curve": [ 0.25, 0, 0.75, 1 ]
					},
					{
						"time": 0.5,
						"angle": 349.4,
						"curve": [ 0.25, 0, 0.75, 1 ]
					},
					{
						"time": 1,
						"angle": 0,
						"curve": [ 0.25, 0, 0.75, 1 ]
					},
					{
						"time": 1.5,
						"angle": 349.4,
						"curve": [ 0.25, 0, 0.75, 1 ]
					},
					{ "time": 2, "angle": 0 }
				]
			},
			"bone10": {
				"rotate": [
					{
						"time": 0,
						"angle": 0,
						"curve": [ 0.056, 0.1, 0.75, 1 ]
					},
					{
						"time": 0.2666,
						"angle": 10.19,
						"curve": [ 0.25, 0, 0.75, 1 ]
					},
					{
						"time": 0.7666,
						"angle": -5.61,
						"curve": [ 0.25, 0, 0.943, 0.9 ]
					},
					{
						"time": 1,
						"angle": 0,
						"curve": [ 0.056, 0.1, 0.75, 1 ]
					},
					{
						"time": 1.2666,
						"angle": 10.19,
						"curve": [ 0.25, 0, 0.75, 1 ]
					},
					{
						"time": 1.7666,
						"angle": -5.61,
						"curve": [ 0.25, 0, 0.943, 0.9 ]
					},
					{ "time": 2, "angle": 0 }
				]
			},
			"bone7": {
				"rotate": [
					{
						"time": 0,
						"angle": 0,
						"curve": [ 0.076, 0.07, 0.75, 1 ]
					},
					{
						"time": 0.2666,
						"angle": 11.88,
						"curve": [ 0.25, 0, 0.75, 1 ]
					},
					{
						"time": 0.7666,
						"angle": -10.24,
						"curve": [ 0.25, 0, 0.959, 0.88 ]
					},
					{
						"time": 1,
						"angle": 0,
						"curve": [ 0.076, 0.07, 0.75, 1 ]
					},
					{
						"time": 1.2666,
						"angle": 11.88,
						"curve": [ 0.25, 0, 0.75, 1 ]
					},
					{
						"time": 1.7666,
						"angle": -10.24,
						"curve": [ 0.25, 0, 0.959, 0.88 ]
					},
					{ "time": 2, "angle": 0 }
				]
			},
			"bone8": {
				"rotate": [
					{
						"time": 0,
						"angle": -8.68,
						"curve": [ 0.25, 0, 0.75, 1 ]
					},
					{
						"time": 0.5,
						"angle": 8.69,
						"curve": [ 0.25, 0, 0.75, 1 ]
					},
					{
						"time": 1,
						"angle": -8.68,
						"curve": [ 0.25, 0, 0.75, 1 ]
					},
					{
						"time": 1.5,
						"angle": 8.69,
						"curve": [ 0.25, 0, 0.75, 1 ]
					},
					{ "time": 2, "angle": -8.68 }
				]
			},
			"bone13": {
				"rotate": [
					{
						"time": 0,
						"angle": 0,
						"curve": [ 0.25, 0, 0.75, 1 ]
					},
					{
						"time": 1,
						"angle": -5.86,
						"curve": [ 0.25, 0, 0.75, 1 ]
					},
					{ "time": 2, "angle": 0 }
				]
			},
			"bone14": {
				"rotate": [
					{
						"time": 0,
						"angle": 0,
						"curve": [ 0.071, 0.07, 0.75, 1 ]
					},
					{
						"time": 0.5,
						"angle": 4.69,
						"curve": [ 0.25, 0, 0.75, 1 ]
					},
					{
						"time": 1.5,
						"angle": -4.76,
						"curve": [ 0.25, 0, 0.928, 0.9 ]
					},
					{ "time": 2, "angle": 0 }
				]
			},
			"bone15": {
				"rotate": [
					{
						"time": 0,
						"angle": 0,
						"curve": [ 0.25, 0, 0.75, 1 ]
					},
					{
						"time": 1,
						"angle": 4.32,
						"curve": [ 0.25, 0, 0.75, 1 ]
					},
					{ "time": 2, "angle": 0 }
				]
			},
			"bone16": {
				"rotate": [
					{
						"time": 0,
						"angle": -2.18,
						"curve": [ 0.076, 0.09, 0.75, 1 ]
					},
					{
						"time": 0.5,
						"angle": -10.05,
						"curve": [ 0.25, 0, 0.75, 1 ]
					},
					{
						"time": 1.5,
						"angle": 4.17,
						"curve": [ 0.25, 0, 0.974, 0.91 ]
					},
					{ "time": 2, "angle": -2.18 }
				]
			},
			"bone17": {
				"rotate": [
					{
						"time": 0,
						"angle": 1.24,
						"curve": [ 0.25, 0, 0.75, 1 ]
					},
					{ "time": 1, "angle": -5.79 },
					{ "time": 2, "angle": 1.24 }
				]
			},
			"bone18": {
				"rotate": [
					{
						"time": 0,
						"angle": -1.12,
						"curve": [ 0.076, 0.1, 0.75, 1 ]
					},
					{
						"time": 0.5,
						"angle": 5.19,
						"curve": [ 0.25, 0, 0.75, 1 ]
					},
					{
						"time": 1.5,
						"angle": -5.07,
						"curve": [ 0.25, 0, 0.984, 0.91 ]
					},
					{ "time": 2, "angle": -1.12 }
				]
			},
			"bone19": {
				"rotate": [
					{
						"time": 0,
						"angle": 3.58,
						"curve": [ 0.25, 0, 0.75, 1 ]
					},
					{
						"time": 1,
						"angle": 13.75,
						"curve": [ 0.25, 0, 0.75, 1 ]
					},
					{ "time": 2, "angle": 3.58 }
				]
			},
			"bone20": {
				"rotate": [
					{
						"time": 0,
						"angle": 1.58,
						"curve": [ 0.066, 0.08, 0.75, 1 ]
					},
					{
						"time": 0.5,
						"angle": -6.74,
						"curve": [ 0.25, 0, 0.75, 1 ]
					},
					{
						"time": 1.5,
						"angle": 11.17,
						"curve": [ 0.25, 0, 0.954, 0.92 ]
					},
					{ "time": 2, "angle": 1.58 }
				]
			},
			"bone21": {
				"rotate": [
					{
						"time": 0,
						"angle": 0,
						"curve": [ 0.25, 0, 0.75, 1 ]
					},
					{
						"time": 1,
						"angle": -4.66,
						"curve": [ 0.25, 0, 0.75, 1 ]
					},
					{ "time": 2, "angle": 0 }
				]
			}
		}
	}
}
}