{
"bones": [
	{ "name": "root" },
	{ "name": "kastil", "parent": "root", "x": 315.99, "y": 324.91 },
	{ "name": "nama", "parent": "root", "x": 308.69, "y": 162.84 }
],
"slots": [
	{ "name": "awan_csmod", "bone": "kastil", "attachment": "awan_csmod" },
	{ "name": "logo_big", "bone": "nama", "attachment": "logo_big" }
],
"skins": {
	"default": {
		"awan_csmod": {
			"awan_csmod": { "scaleX": 0.775, "scaleY": 0.775, "width": 604, "height": 627 }
		},
		"logo_big": {
			"logo_big": { "y": 40.09, "scaleX": 0.602, "scaleY": 0.602, "width": 343, "height": 136 }
		}
	}
},
"events": {},
"animations": {
	"animation": {
		"bones": {
			"nama": {
				"rotate": [
					{ "time": 0, "angle": 0, "curve": "stepped" },
					{ "time": 3.3333, "angle": 0, "curve": "stepped" },
					{ "time": 6.6666, "angle": 0 }
				],
				"translate": [
					{ "time": 0, "x": 0, "y": 14.15 },
					{ "time": 3.3333, "x": 0, "y": 72.8 },
					{ "time": 6.6666, "x": 0, "y": 14.15 }
				],
				"scale": [
					{ "time": 0, "x": 1, "y": 1, "curve": "stepped" },
					{ "time": 3.3333, "x": 1, "y": 1, "curve": "stepped" },
					{ "time": 6.6666, "x": 1, "y": 1 }
				]
			},
			"kastil": {
				"rotate": [
					{ "time": 0, "angle": 0, "curve": "stepped" },
					{ "time": 3.3666, "angle": 0, "curve": "stepped" },
					{ "time": 6.7, "angle": 0 }
				],
				"translate": [
					{ "time": 0, "x": 0, "y": 72.8 },
					{ "time": 3.3666, "x": 0, "y": 14.15 },
					{ "time": 6.7, "x": 0, "y": 72.8 }
				],
				"scale": [
					{ "time": 0, "x": 1, "y": 1, "curve": "stepped" },
					{ "time": 3.3666, "x": 1, "y": 1, "curve": "stepped" },
					{ "time": 6.7, "x": 1, "y": 1 }
				]
			},
			"root": {
				"rotate": [
					{ "time": 0, "angle": 0 }
				],
				"translate": [
					{ "time": 0, "x": 0, "y": 0 }
				],
				"scale": [
					{ "time": 0, "x": 1, "y": 1 }
				]
			}
		}
	}
}
}