{
"skeleton": { "hash": "F8YovPkEP4dmOf59B0FZMh+vyog", "spine": "3.7.94", "width": 0, "height": 0 },
"bones": [
	{ "name": "root" },
	{ "name": "bone", "parent": "root", "scaleX": 1.1, "scaleY": 1.1 }
],
"slots": [
	{ "name": "yz_0_", "bone": "root", "color": "ffffff9b" },
	{ "name": "Emo_xx_0144_03_", "bone": "bone" },
	{ "name": "Emo_xx_0144_02_", "bone": "bone" },
	{ "name": "Emo_xx_0144_01_", "bone": "bone" },
	{ "name": "Emo_xx_0141_03_", "bone": "bone" },
	{ "name": "Emo_xx_0141_02_", "bone": "bone" },
	{ "name": "Emo_xx_0141_01_", "bone": "bone" },
	{ "name": "Emo_xx_0138_03_", "bone": "bone" },
	{ "name": "Emo_xx_0138_02_", "bone": "bone" },
	{ "name": "Emo_xx_0138_01_", "bone": "bone" },
	{ "name": "Emo_xx_0135_03_", "bone": "bone" },
	{ "name": "Emo_xx_0135_02_", "bone": "bone" },
	{ "name": "Emo_xx_0135_01_", "bone": "bone" },
	{ "name": "Emo_xx_0132_04_", "bone": "bone" },
	{ "name": "Emo_xx_0132_03_", "bone": "bone" },
	{ "name": "Emo_xx_0132_02_", "bone": "bone" },
	{ "name": "Emo_xx_0132_01_", "bone": "bone" },
	{ "name": "Emo_xx_0129_02_", "bone": "bone" },
	{ "name": "Emo_xx_0129_01_", "bone": "bone" },
	{ "name": "Emo_xx_0126_02_", "bone": "bone" },
	{ "name": "Emo_xx_0126_01_", "bone": "bone" },
	{ "name": "Emo_xx_0123_02_", "bone": "bone" },
	{ "name": "Emo_xx_0123_01_", "bone": "bone" },
	{ "name": "Emo_xx_0120_03_", "bone": "bone" },
	{ "name": "Emo_xx_0120_02_", "bone": "bone" },
	{ "name": "Emo_xx_0120_01_", "bone": "bone" },
	{ "name": "Emo_xx_0117_03_", "bone": "bone" },
	{ "name": "Emo_xx_0117_02_", "bone": "bone" },
	{ "name": "Emo_xx_0117_01_", "bone": "bone" },
	{ "name": "Emo_xx_0114_03_", "bone": "bone" },
	{ "name": "Emo_xx_0114_02_", "bone": "bone" },
	{ "name": "Emo_xx_0114_01_", "bone": "bone" },
	{ "name": "Emo_xx_0111_03_", "bone": "bone" },
	{ "name": "Emo_xx_0111_02_", "bone": "bone" },
	{ "name": "Emo_xx_0111_01_", "bone": "bone" },
	{ "name": "Emo_xx_0108_03_", "bone": "bone" },
	{ "name": "Emo_xx_0108_02_", "bone": "bone" },
	{ "name": "Emo_xx_0108_01_", "bone": "bone" },
	{ "name": "Emo_xx_0105_04_", "bone": "bone" },
	{ "name": "Emo_xx_0105_03_", "bone": "bone" },
	{ "name": "Emo_xx_0105_02_", "bone": "bone" },
	{ "name": "Emo_xx_0105_01_", "bone": "bone" },
	{ "name": "Emo_xx_0102_04_", "bone": "bone" },
	{ "name": "Emo_xx_0102_03_", "bone": "bone" },
	{ "name": "Emo_xx_0102_02_", "bone": "bone" },
	{ "name": "Emo_xx_0102_01_", "bone": "bone" },
	{ "name": "Emo_xx_099_04_", "bone": "bone" },
	{ "name": "Emo_xx_099_03_", "bone": "bone" },
	{ "name": "Emo_xx_099_02_", "bone": "bone" },
	{ "name": "Emo_xx_099_01_", "bone": "bone" },
	{ "name": "Emo_xx_096_04_", "bone": "bone" },
	{ "name": "Emo_xx_096_03_", "bone": "bone" },
	{ "name": "Emo_xx_096_02_", "bone": "bone" },
	{ "name": "Emo_xx_096_01_", "bone": "bone" },
	{ "name": "Emo_xx_093_04_", "bone": "bone" },
	{ "name": "Emo_xx_093_03_", "bone": "bone" },
	{ "name": "Emo_xx_093_02_", "bone": "bone" },
	{ "name": "Emo_xx_093_01_", "bone": "bone" },
	{ "name": "Emo_xx_090_04_", "bone": "bone" },
	{ "name": "Emo_xx_090_03_", "bone": "bone" },
	{ "name": "Emo_xx_090_02_", "bone": "bone" },
	{ "name": "Emo_xx_090_01_", "bone": "bone" },
	{ "name": "Emo_xx_087_02_", "bone": "bone" },
	{ "name": "Emo_xx_087_01_", "bone": "bone" },
	{ "name": "Emo_xx_084_02_", "bone": "bone" },
	{ "name": "Emo_xx_084_01_", "bone": "bone" },
	{ "name": "Emo_xx_081_02_", "bone": "bone" },
	{ "name": "Emo_xx_081_01_", "bone": "bone" },
	{ "name": "Emo_xx_078_02_", "bone": "bone" },
	{ "name": "Emo_xx_078_01_", "bone": "bone" },
	{ "name": "Emo_xx_075_02_", "bone": "bone" },
	{ "name": "Emo_xx_075_01_", "bone": "bone" },
	{ "name": "Emo_xx_072_02_", "bone": "bone" },
	{ "name": "Emo_xx_072_01_", "bone": "bone" },
	{ "name": "Emo_xx_069_02_", "bone": "bone" },
	{ "name": "Emo_xx_069_01_", "bone": "bone" },
	{ "name": "Emo_xx_066_02_", "bone": "bone" },
	{ "name": "Emo_xx_066_01_", "bone": "bone" },
	{ "name": "Emo_xx_063_02_", "bone": "bone" },
	{ "name": "Emo_xx_063_01_", "bone": "bone" },
	{ "name": "Emo_xx_060_02_", "bone": "bone" },
	{ "name": "Emo_xx_060_01_", "bone": "bone" },
	{ "name": "Emo_xx_057_03_", "bone": "bone" },
	{ "name": "Emo_xx_057_02_", "bone": "bone" },
	{ "name": "Emo_xx_057_01_", "bone": "bone" },
	{ "name": "Emo_xx_054_05_", "bone": "bone" },
	{ "name": "Emo_xx_054_04_", "bone": "bone" },
	{ "name": "Emo_xx_054_03_", "bone": "bone" },
	{ "name": "Emo_xx_054_02_", "bone": "bone" },
	{ "name": "Emo_xx_054_01_", "bone": "bone" },
	{ "name": "Emo_xx_051_04_", "bone": "bone" },
	{ "name": "Emo_xx_051_03_", "bone": "bone" },
	{ "name": "Emo_xx_051_02_", "bone": "bone" },
	{ "name": "Emo_xx_051_01_", "bone": "bone" },
	{ "name": "Emo_xx_048_05_", "bone": "bone" },
	{ "name": "Emo_xx_048_04_", "bone": "bone" },
	{ "name": "Emo_xx_048_03_", "bone": "bone" },
	{ "name": "Emo_xx_048_02_", "bone": "bone" },
	{ "name": "Emo_xx_048_01_", "bone": "bone" },
	{ "name": "Emo_xx_045_02_", "bone": "bone" },
	{ "name": "Emo_xx_045_01_", "bone": "bone" },
	{ "name": "Emo_xx_042_02_", "bone": "bone" },
	{ "name": "Emo_xx_042_01_", "bone": "bone" },
	{ "name": "Emo_xx_039_02_", "bone": "bone" },
	{ "name": "Emo_xx_039_01_", "bone": "bone" },
	{ "name": "Emo_xx_036_02_", "bone": "bone" },
	{ "name": "Emo_xx_036_01_", "bone": "bone" },
	{ "name": "Emo_xx_033_03_", "bone": "bone" },
	{ "name": "Emo_xx_033_02_", "bone": "bone" },
	{ "name": "Emo_xx_033_01_", "bone": "bone" },
	{ "name": "Emo_xx_030_02_", "bone": "bone" },
	{ "name": "Emo_xx_030_01_", "bone": "bone" },
	{ "name": "Emo_xx_027_03_", "bone": "bone" },
	{ "name": "Emo_xx_027_02_", "bone": "bone" },
	{ "name": "Emo_xx_027_01_", "bone": "bone" },
	{ "name": "Emo_xx_024_04_", "bone": "bone" },
	{ "name": "Emo_xx_024_03_", "bone": "bone" },
	{ "name": "Emo_xx_024_02_", "bone": "bone" },
	{ "name": "Emo_xx_024_01_", "bone": "bone" },
	{ "name": "Emo_xx_021_03_", "bone": "bone" },
	{ "name": "Emo_xx_021_02_", "bone": "bone" },
	{ "name": "Emo_xx_021_01_", "bone": "bone" },
	{ "name": "Emo_xx_018_02_", "bone": "bone" },
	{ "name": "Emo_xx_018_01_", "bone": "bone" },
	{ "name": "Emo_xx_015_02_", "bone": "bone" },
	{ "name": "Emo_xx_015_01_", "bone": "bone" },
	{ "name": "Emo_xx_012_02_", "bone": "bone" },
	{ "name": "Emo_xx_012_01_", "bone": "bone" },
	{ "name": "Emo_xx_009_02_", "bone": "bone" },
	{ "name": "Emo_xx_009_01_", "bone": "bone" },
	{ "name": "Emo_xx_006_03_", "bone": "bone" },
	{ "name": "Emo_xx_006_02_", "bone": "bone" },
	{ "name": "Emo_xx_006_01_", "bone": "bone" },
	{ "name": "Emo_xx_003_02_", "bone": "bone" },
	{ "name": "Emo_xx_003_01_", "bone": "bone" },
	{ "name": "Emo_xx_000_02_", "bone": "bone" },
	{ "name": "Emo_dj_056_02_", "bone": "bone" },
	{ "name": "Emo_dj_056_01_", "bone": "bone" },
	{ "name": "Emo_dj_052_02_", "bone": "bone" },
	{ "name": "Emo_dj_052_01_", "bone": "bone" },
	{ "name": "Emo_dj_048_02_", "bone": "bone" },
	{ "name": "Emo_dj_048_01_", "bone": "bone" },
	{ "name": "Emo_dj_044_02_", "bone": "bone" },
	{ "name": "Emo_dj_044_01_", "bone": "bone" },
	{ "name": "Emo_dj_040_02_", "bone": "bone" },
	{ "name": "Emo_dj_040_01_", "bone": "bone" },
	{ "name": "Emo_dj_036_02_", "bone": "bone" },
	{ "name": "Emo_dj_036_01_", "bone": "bone" },
	{ "name": "Emo_dj_032_02_", "bone": "bone" },
	{ "name": "Emo_dj_032_01_", "bone": "bone" },
	{ "name": "Emo_dj_028_02_", "bone": "bone" },
	{ "name": "Emo_dj_028_01_", "bone": "bone" },
	{ "name": "Emo_dj_024_02_", "bone": "bone" },
	{ "name": "Emo_dj_024_01_", "bone": "bone" },
	{ "name": "Emo_dj_020_02_", "bone": "bone" },
	{ "name": "Emo_dj_020_01_", "bone": "bone" },
	{ "name": "Emo_dj_016_02_", "bone": "bone" },
	{ "name": "Emo_dj_016_01_", "bone": "bone" },
	{ "name": "Emo_dj_012_02_", "bone": "bone" },
	{ "name": "Emo_dj_012_01_", "bone": "bone" },
	{ "name": "Emo_dj_008_02_", "bone": "bone" },
	{ "name": "Emo_dj_008_01_", "bone": "bone" },
	{ "name": "Emo_dj_004_02_", "bone": "bone" },
	{ "name": "Emo_dj_004_01_", "bone": "bone" },
	{ "name": "Emo_dj_000_02_", "bone": "bone" },
	{ "name": "Emo_dj_000_01_", "bone": "bone" },
	{ "name": "Emo_xx_000_01_", "bone": "bone" }
],
"skins": {
	"default": {
		"Emo_dj_000_01_": {
			"Emo_dj_000_01_": { "x": 115.16, "y": 59.03, "width": 92, "height": 108 }
		},
		"Emo_dj_000_02_": {
			"Emo_dj_000_02_": { "x": -6.34, "y": 93.03, "width": 153, "height": 232 }
		},
		"Emo_dj_004_01_": {
			"Emo_dj_004_01_": { "x": 115.66, "y": 58.53, "width": 91, "height": 105 }
		},
		"Emo_dj_004_02_": {
			"Emo_dj_004_02_": { "x": -5.84, "y": 93.03, "width": 154, "height": 232 }
		},
		"Emo_dj_008_01_": {
			"Emo_dj_008_01_": { "x": 115.66, "y": 59.53, "width": 91, "height": 105 }
		},
		"Emo_dj_008_02_": {
			"Emo_dj_008_02_": { "x": -5.84, "y": 93.03, "width": 154, "height": 232 }
		},
		"Emo_dj_012_01_": {
			"Emo_dj_012_01_": { "x": 114.66, "y": 62.03, "width": 93, "height": 106 }
		},
		"Emo_dj_012_02_": {
			"Emo_dj_012_02_": { "x": -7.34, "y": 93.03, "width": 153, "height": 232 }
		},
		"Emo_dj_016_01_": {
			"Emo_dj_016_01_": { "x": 117.16, "y": 59.03, "width": 88, "height": 100 }
		},
		"Emo_dj_016_02_": {
			"Emo_dj_016_02_": { "x": -4.84, "y": 93.03, "width": 158, "height": 232 }
		},
		"Emo_dj_020_01_": {
			"Emo_dj_020_01_": { "x": 113.16, "y": 63.53, "width": 94, "height": 107 }
		},
		"Emo_dj_020_02_": {
			"Emo_dj_020_02_": { "x": -8.34, "y": 92.53, "width": 151, "height": 231 }
		},
		"Emo_dj_024_01_": {
			"Emo_dj_024_01_": { "x": 112.66, "y": 64.03, "width": 95, "height": 108 }
		},
		"Emo_dj_024_02_": {
			"Emo_dj_024_02_": { "x": -8.84, "y": 92.53, "width": 150, "height": 231 }
		},
		"Emo_dj_028_01_": {
			"Emo_dj_028_01_": { "x": 112.66, "y": 64.53, "width": 95, "height": 107 }
		},
		"Emo_dj_028_02_": {
			"Emo_dj_028_02_": { "x": -8.34, "y": 92.53, "width": 149, "height": 231 }
		},
		"Emo_dj_032_01_": {
			"Emo_dj_032_01_": { "x": 113.16, "y": 63.03, "width": 94, "height": 106 }
		},
		"Emo_dj_032_02_": {
			"Emo_dj_032_02_": { "x": -7.84, "y": 92.53, "width": 150, "height": 231 }
		},
		"Emo_dj_036_01_": {
			"Emo_dj_036_01_": { "x": 114.66, "y": 61.53, "width": 93, "height": 105 }
		},
		"Emo_dj_036_02_": {
			"Emo_dj_036_02_": { "x": -6.34, "y": 92.53, "width": 151, "height": 231 }
		},
		"Emo_dj_040_01_": {
			"Emo_dj_040_01_": { "x": 114.16, "y": 62.03, "width": 94, "height": 106 }
		},
		"Emo_dj_040_02_": {
			"Emo_dj_040_02_": { "x": -6.34, "y": 92.53, "width": 149, "height": 231 }
		},
		"Emo_dj_044_01_": {
			"Emo_dj_044_01_": { "x": 115.16, "y": 60.53, "width": 92, "height": 105 }
		},
		"Emo_dj_044_02_": {
			"Emo_dj_044_02_": { "x": -5.34, "y": 92.53, "width": 151, "height": 231 }
		},
		"Emo_dj_048_01_": {
			"Emo_dj_048_01_": { "x": 115.16, "y": 60.03, "width": 92, "height": 106 }
		},
		"Emo_dj_048_02_": {
			"Emo_dj_048_02_": { "x": -5.34, "y": 92.53, "width": 151, "height": 231 }
		},
		"Emo_dj_052_01_": {
			"Emo_dj_052_01_": { "x": 114.16, "y": 60.53, "width": 94, "height": 109 }
		},
		"Emo_dj_052_02_": {
			"Emo_dj_052_02_": { "x": -6.34, "y": 93.03, "width": 149, "height": 232 }
		},
		"Emo_dj_056_01_": {
			"Emo_dj_056_01_": { "x": 114.16, "y": 60.03, "width": 94, "height": 110 }
		},
		"Emo_dj_056_02_": {
			"Emo_dj_056_02_": { "x": -6.84, "y": 93.03, "width": 150, "height": 232 }
		},
		"Emo_xx_000_01_": {
			"Emo_xx_000_01_": { "x": 115.66, "y": 58.03, "width": 91, "height": 106 }
		},
		"Emo_xx_000_02_": {
			"Emo_xx_000_02_": { "x": -5.84, "y": 93.03, "width": 154, "height": 232 }
		},
		"Emo_xx_003_01_": {
			"Emo_xx_003_01_": { "x": 123.16, "y": 37.53, "width": 88, "height": 127 }
		},
		"Emo_xx_003_02_": {
			"Emo_xx_003_02_": { "x": -8.34, "y": 80.03, "width": 177, "height": 214 }
		},
		"Emo_xx_006_01_": {
			"Emo_xx_006_01_": { "x": 125.66, "y": 17.03, "width": 65, "height": 120 }
		},
		"Emo_xx_006_02_": {
			"Emo_xx_006_02_": { "x": -3.84, "y": 139.03, "width": 188, "height": 112 }
		},
		"Emo_xx_006_03_": {
			"Emo_xx_006_03_": { "x": 15.16, "y": 28.03, "width": 158, "height": 112 }
		},
		"Emo_xx_009_01_": {
			"Emo_xx_009_01_": { "x": -12.34, "y": 157.03, "width": 175, "height": 98 }
		},
		"Emo_xx_009_02_": {
			"Emo_xx_009_02_": { "x": 9.66, "y": 42.53, "width": 149, "height": 133 }
		},
		"Emo_xx_0102_01_": {
			"Emo_xx_0102_01_": { "x": -77.34, "y": 122.03, "width": 205, "height": 208 }
		},
		"Emo_xx_0102_02_": {
			"Emo_xx_0102_02_": { "x": -49.84, "y": -50.47, "width": 150, "height": 139 }
		},
		"Emo_xx_0102_03_": {
			"Emo_xx_0102_03_": { "x": 101.16, "y": 162.03, "width": 154, "height": 160 }
		},
		"Emo_xx_0102_04_": {
			"Emo_xx_0102_04_": { "x": 108.66, "y": -7.47, "width": 169, "height": 181 }
		},
		"Emo_xx_0105_01_": {
			"Emo_xx_0105_01_": { "x": 27.16, "y": -20.97, "width": 234, "height": 116 }
		},
		"Emo_xx_0105_02_": {
			"Emo_xx_0105_02_": { "x": 122.16, "y": 227.03, "width": 142, "height": 116 }
		},
		"Emo_xx_0105_03_": {
			"Emo_xx_0105_03_": { "x": 24.66, "y": 120.03, "width": 183, "height": 168 }
		},
		"Emo_xx_0105_04_": {
			"Emo_xx_0105_04_": { "x": -97.34, "y": 75.53, "width": 63, "height": 85 }
		},
		"Emo_xx_0108_01_": {
			"Emo_xx_0108_01_": { "x": 12.16, "y": 1.53, "width": 264, "height": 161 }
		},
		"Emo_xx_0108_02_": {
			"Emo_xx_0108_02_": { "x": 16.16, "y": 147.53, "width": 206, "height": 133 }
		},
		"Emo_xx_0108_03_": {
			"Emo_xx_0108_03_": { "x": 94.16, "y": 249.03, "width": 104, "height": 72 }
		},
		"Emo_xx_0111_01_": {
			"Emo_xx_0111_01_": { "x": 20.66, "y": 16.53, "width": 265, "height": 153 }
		},
		"Emo_xx_0111_02_": {
			"Emo_xx_0111_02_": { "x": 32.66, "y": 160.03, "width": 225, "height": 136 }
		},
		"Emo_xx_0111_03_": {
			"Emo_xx_0111_03_": { "x": 119.66, "y": 251.03, "width": 97, "height": 48 }
		},
		"Emo_xx_0114_01_": {
			"Emo_xx_0114_01_": { "x": 18.16, "y": 2.03, "width": 282, "height": 132 }
		},
		"Emo_xx_0114_02_": {
			"Emo_xx_0114_02_": { "x": 151.66, "y": 194.03, "width": 111, "height": 126 }
		},
		"Emo_xx_0114_03_": {
			"Emo_xx_0114_03_": { "x": 1.66, "y": 146.03, "width": 193, "height": 158 }
		},
		"Emo_xx_0117_01_": {
			"Emo_xx_0117_01_": { "x": 15.66, "y": 2.53, "width": 301, "height": 137 }
		},
		"Emo_xx_0117_02_": {
			"Emo_xx_0117_02_": { "x": 23.16, "y": 152.53, "width": 206, "height": 165 }
		},
		"Emo_xx_0117_03_": {
			"Emo_xx_0117_03_": { "x": 177.16, "y": 180.03, "width": 104, "height": 106 }
		},
		"Emo_xx_0120_01_": {
			"Emo_xx_0120_01_": { "x": 15.16, "y": -1.97, "width": 310, "height": 128 }
		},
		"Emo_xx_0120_02_": {
			"Emo_xx_0120_02_": { "x": 21.16, "y": 149.53, "width": 226, "height": 177 }
		},
		"Emo_xx_0120_03_": {
			"Emo_xx_0120_03_": { "x": 183.16, "y": 142.53, "width": 100, "height": 83 }
		},
		"Emo_xx_0123_01_": {
			"Emo_xx_0123_01_": { "x": 27.16, "y": 20.53, "width": 354, "height": 175 }
		},
		"Emo_xx_0123_02_": {
			"Emo_xx_0123_02_": { "x": 9.66, "y": 174.03, "width": 169, "height": 134 }
		},
		"Emo_xx_0126_01_": {
			"Emo_xx_0126_01_": { "x": 22.16, "y": 16.03, "width": 360, "height": 168 }
		},
		"Emo_xx_0126_02_": {
			"Emo_xx_0126_02_": { "x": 11.16, "y": 162.53, "width": 192, "height": 127 }
		},
		"Emo_xx_0129_01_": {
			"Emo_xx_0129_01_": { "x": 31.66, "y": 7.53, "width": 351, "height": 161 }
		},
		"Emo_xx_0129_02_": {
			"Emo_xx_0129_02_": { "x": 7.66, "y": 154.03, "width": 191, "height": 134 }
		},
		"Emo_xx_012_01_": {
			"Emo_xx_012_01_": { "x": -13.34, "y": 175.03, "width": 163, "height": 96 }
		},
		"Emo_xx_012_02_": {
			"Emo_xx_012_02_": { "x": 8.16, "y": 48.03, "width": 146, "height": 160 }
		},
		"Emo_xx_0132_01_": {
			"Emo_xx_0132_01_": { "x": 25.66, "y": 6.03, "width": 343, "height": 160 }
		},
		"Emo_xx_0132_02_": {
			"Emo_xx_0132_02_": { "x": 7.66, "y": 131.03, "width": 195, "height": 92 }
		},
		"Emo_xx_0132_03_": {
			"Emo_xx_0132_03_": { "x": 18.16, "y": 214.53, "width": 14, "height": 23 }
		},
		"Emo_xx_0132_04_": {
			"Emo_xx_0132_04_": { "x": 73.66, "y": 192.03, "width": 13, "height": 12 }
		},
		"Emo_xx_0135_01_": {
			"Emo_xx_0135_01_": { "x": -44.34, "y": 65.53, "width": 91, "height": 177 }
		},
		"Emo_xx_0135_02_": {
			"Emo_xx_0135_02_": { "x": 47.66, "y": 68.53, "width": 95, "height": 195 }
		},
		"Emo_xx_0135_03_": {
			"Emo_xx_0135_03_": { "x": 134.16, "y": 15.03, "width": 80, "height": 104 }
		},
		"Emo_xx_0138_01_": {
			"Emo_xx_0138_01_": { "x": -44.84, "y": 70.53, "width": 78, "height": 187 }
		},
		"Emo_xx_0138_02_": {
			"Emo_xx_0138_02_": { "x": 37.16, "y": 77.03, "width": 88, "height": 196 }
		},
		"Emo_xx_0138_03_": {
			"Emo_xx_0138_03_": { "x": 125.16, "y": 32.03, "width": 90, "height": 134 }
		},
		"Emo_xx_0141_01_": {
			"Emo_xx_0141_01_": { "x": -44.34, "y": 84.03, "width": 77, "height": 214 }
		},
		"Emo_xx_0141_02_": {
			"Emo_xx_0141_02_": { "x": 41.66, "y": 89.53, "width": 97, "height": 213 }
		},
		"Emo_xx_0141_03_": {
			"Emo_xx_0141_03_": { "x": 128.66, "y": 35.53, "width": 79, "height": 107 }
		},
		"Emo_xx_0144_01_": {
			"Emo_xx_0144_01_": { "x": -42.84, "y": 92.53, "width": 80, "height": 231 }
		},
		"Emo_xx_0144_02_": {
			"Emo_xx_0144_02_": { "x": 43.66, "y": 96.03, "width": 95, "height": 226 }
		},
		"Emo_xx_0144_03_": {
			"Emo_xx_0144_03_": { "x": 125.66, "y": 51.53, "width": 71, "height": 93 }
		},
		"Emo_xx_015_01_": {
			"Emo_xx_015_01_": { "x": -12.34, "y": 187.03, "width": 167, "height": 140 }
		},
		"Emo_xx_015_02_": {
			"Emo_xx_015_02_": { "x": -13.84, "y": 41.03, "width": 208, "height": 154 }
		},
		"Emo_xx_018_01_": {
			"Emo_xx_018_01_": { "x": 19.66, "y": 151.53, "width": 193, "height": 185 }
		},
		"Emo_xx_018_02_": {
			"Emo_xx_018_02_": { "x": 10.16, "y": -4.97, "width": 216, "height": 130 }
		},
		"Emo_xx_021_01_": {
			"Emo_xx_021_01_": { "x": 32.16, "y": -14.47, "width": 344, "height": 133 }
		},
		"Emo_xx_021_02_": {
			"Emo_xx_021_02_": { "x": 224.16, "y": -13.47, "width": 42, "height": 29 }
		},
		"Emo_xx_021_03_": {
			"Emo_xx_021_03_": { "x": 29.66, "y": 121.03, "width": 283, "height": 140 }
		},
		"Emo_xx_024_01_": {
			"Emo_xx_024_01_": { "x": 103.16, "y": 87.53, "width": 258, "height": 333 }
		},
		"Emo_xx_024_02_": {
			"Emo_xx_024_02_": { "x": 30.16, "y": -99.47, "width": 38, "height": 43 }
		},
		"Emo_xx_024_03_": {
			"Emo_xx_024_03_": { "x": -102.34, "y": 76.03, "width": 155, "height": 278 }
		},
		"Emo_xx_024_04_": {
			"Emo_xx_024_04_": { "x": -197.34, "y": 86.03, "width": 37, "height": 66 }
		},
		"Emo_xx_027_01_": {
			"Emo_xx_027_01_": { "x": 77.66, "y": 70.53, "width": 215, "height": 299 }
		},
		"Emo_xx_027_02_": {
			"Emo_xx_027_02_": { "x": -102.34, "y": 55.03, "width": 147, "height": 254 }
		},
		"Emo_xx_027_03_": {
			"Emo_xx_027_03_": { "x": 29.66, "y": -94.97, "width": 35, "height": 34 }
		},
		"Emo_xx_030_01_": {
			"Emo_xx_030_01_": { "x": 68.16, "y": 70.03, "width": 238, "height": 322 }
		},
		"Emo_xx_030_02_": {
			"Emo_xx_030_02_": { "x": -99.84, "y": 54.03, "width": 100, "height": 258 }
		},
		"Emo_xx_033_01_": {
			"Emo_xx_033_01_": { "x": 84.16, "y": 79.53, "width": 222, "height": 319 }
		},
		"Emo_xx_033_02_": {
			"Emo_xx_033_02_": { "x": -84.84, "y": -14.97, "width": 118, "height": 136 }
		},
		"Emo_xx_033_03_": {
			"Emo_xx_033_03_": { "x": -66.34, "y": 136.53, "width": 81, "height": 169 }
		},
		"Emo_xx_036_01_": {
			"Emo_xx_036_01_": { "x": 24.16, "y": 148.03, "width": 276, "height": 204 }
		},
		"Emo_xx_036_02_": {
			"Emo_xx_036_02_": { "x": 14.66, "y": -19.97, "width": 345, "height": 134 }
		},
		"Emo_xx_039_01_": {
			"Emo_xx_039_01_": { "x": 13.16, "y": 151.53, "width": 262, "height": 211 }
		},
		"Emo_xx_039_02_": {
			"Emo_xx_039_02_": { "x": 13.16, "y": -17.97, "width": 368, "height": 142 }
		},
		"Emo_xx_042_01_": {
			"Emo_xx_042_01_": { "x": 8.16, "y": 157.53, "width": 264, "height": 211 }
		},
		"Emo_xx_042_02_": {
			"Emo_xx_042_02_": { "x": 10.16, "y": -16.97, "width": 382, "height": 146 }
		},
		"Emo_xx_045_01_": {
			"Emo_xx_045_01_": { "x": 7.66, "y": 158.03, "width": 267, "height": 218 }
		},
		"Emo_xx_045_02_": {
			"Emo_xx_045_02_": { "x": 7.16, "y": -17.97, "width": 396, "height": 146 }
		},
		"Emo_xx_048_01_": {
			"Emo_xx_048_01_": { "x": 18.16, "y": -25.97, "width": 376, "height": 136 }
		},
		"Emo_xx_048_02_": {
			"Emo_xx_048_02_": { "x": -184.84, "y": -48.97, "width": 32, "height": 20 }
		},
		"Emo_xx_048_03_": {
			"Emo_xx_048_03_": { "x": 152.66, "y": 118.03, "width": 167, "height": 154 }
		},
		"Emo_xx_048_04_": {
			"Emo_xx_048_04_": { "x": -3.84, "y": 202.03, "width": 148, "height": 94 }
		},
		"Emo_xx_048_05_": {
			"Emo_xx_048_05_": { "x": -29.34, "y": 98.53, "width": 199, "height": 115 }
		},
		"Emo_xx_051_01_": {
			"Emo_xx_051_01_": { "x": 12.16, "y": -16.97, "width": 384, "height": 164 }
		},
		"Emo_xx_051_02_": {
			"Emo_xx_051_02_": { "x": -83.84, "y": 123.03, "width": 94, "height": 118 }
		},
		"Emo_xx_051_03_": {
			"Emo_xx_051_03_": { "x": 36.66, "y": 215.03, "width": 139, "height": 78 }
		},
		"Emo_xx_051_04_": {
			"Emo_xx_051_04_": { "x": 92.16, "y": 120.53, "width": 260, "height": 113 }
		},
		"Emo_xx_054_01_": {
			"Emo_xx_054_01_": { "x": 30.16, "y": 207.53, "width": 28, "height": 79 }
		},
		"Emo_xx_054_02_": {
			"Emo_xx_054_02_": { "x": 92.66, "y": 194.53, "width": 27, "height": 29 }
		},
		"Emo_xx_054_03_": {
			"Emo_xx_054_03_": { "x": 122.66, "y": 62.53, "width": 187, "height": 231 }
		},
		"Emo_xx_054_04_": {
			"Emo_xx_054_04_": { "x": -83.34, "y": 174.03, "width": 15, "height": 24 }
		},
		"Emo_xx_054_05_": {
			"Emo_xx_054_05_": { "x": -40.84, "y": 42.53, "width": 142, "height": 233 }
		},
		"Emo_xx_057_01_": {
			"Emo_xx_057_01_": { "x": -45.84, "y": 43.53, "width": 128, "height": 181 }
		},
		"Emo_xx_057_02_": {
			"Emo_xx_057_02_": { "x": -6.84, "y": -60.47, "width": 14, "height": 29 }
		},
		"Emo_xx_057_03_": {
			"Emo_xx_057_03_": { "x": 116.66, "y": 60.53, "width": 199, "height": 231 }
		},
		"Emo_xx_060_01_": {
			"Emo_xx_060_01_": { "x": 121.66, "y": 62.53, "width": 193, "height": 233 }
		},
		"Emo_xx_060_02_": {
			"Emo_xx_060_02_": { "x": -40.34, "y": 31.53, "width": 133, "height": 209 }
		},
		"Emo_xx_063_01_": {
			"Emo_xx_063_01_": { "x": 124.16, "y": 57.03, "width": 192, "height": 232 }
		},
		"Emo_xx_063_02_": {
			"Emo_xx_063_02_": { "x": -38.34, "y": 28.53, "width": 135, "height": 211 }
		},
		"Emo_xx_066_01_": {
			"Emo_xx_066_01_": { "x": 126.16, "y": 60.03, "width": 198, "height": 234 }
		},
		"Emo_xx_066_02_": {
			"Emo_xx_066_02_": { "x": -37.84, "y": 30.53, "width": 132, "height": 211 }
		},
		"Emo_xx_069_01_": {
			"Emo_xx_069_01_": { "x": 124.16, "y": 57.53, "width": 200, "height": 237 }
		},
		"Emo_xx_069_02_": {
			"Emo_xx_069_02_": { "x": -38.84, "y": 29.03, "width": 128, "height": 212 }
		},
		"Emo_xx_072_01_": {
			"Emo_xx_072_01_": { "x": 123.16, "y": 60.03, "width": 196, "height": 238 }
		},
		"Emo_xx_072_02_": {
			"Emo_xx_072_02_": { "x": -37.84, "y": 29.03, "width": 128, "height": 214 }
		},
		"Emo_xx_075_01_": {
			"Emo_xx_075_01_": { "x": 118.66, "y": 56.03, "width": 193, "height": 236 }
		},
		"Emo_xx_075_02_": {
			"Emo_xx_075_02_": { "x": -38.84, "y": 27.03, "width": 124, "height": 214 }
		},
		"Emo_xx_078_01_": {
			"Emo_xx_078_01_": { "x": 115.66, "y": 56.03, "width": 183, "height": 234 }
		},
		"Emo_xx_078_02_": {
			"Emo_xx_078_02_": { "x": -37.34, "y": 27.03, "width": 125, "height": 214 }
		},
		"Emo_xx_081_01_": {
			"Emo_xx_081_01_": { "x": 114.66, "y": 51.53, "width": 175, "height": 229 }
		},
		"Emo_xx_081_02_": {
			"Emo_xx_081_02_": { "x": -35.84, "y": 24.53, "width": 128, "height": 213 }
		},
		"Emo_xx_084_01_": {
			"Emo_xx_084_01_": { "x": 102.66, "y": 70.03, "width": 159, "height": 222 }
		},
		"Emo_xx_084_02_": {
			"Emo_xx_084_02_": { "x": -38.34, "y": 41.53, "width": 125, "height": 213 }
		},
		"Emo_xx_087_01_": {
			"Emo_xx_087_01_": { "x": 108.16, "y": 87.53, "width": 188, "height": 259 }
		},
		"Emo_xx_087_02_": {
			"Emo_xx_087_02_": { "x": -43.34, "y": 64.53, "width": 117, "height": 229 }
		},
		"Emo_xx_090_01_": {
			"Emo_xx_090_01_": { "x": 72.66, "y": 31.03, "width": 145, "height": 146 }
		},
		"Emo_xx_090_02_": {
			"Emo_xx_090_02_": { "x": 111.16, "y": 180.03, "width": 222, "height": 154 }
		},
		"Emo_xx_090_03_": {
			"Emo_xx_090_03_": { "x": -74.84, "y": 176.03, "width": 152, "height": 138 }
		},
		"Emo_xx_090_04_": {
			"Emo_xx_090_04_": { "x": -55.34, "y": 31.03, "width": 113, "height": 154 }
		},
		"Emo_xx_093_01_": {
			"Emo_xx_093_01_": { "x": 75.66, "y": 37.03, "width": 135, "height": 158 }
		},
		"Emo_xx_093_02_": {
			"Emo_xx_093_02_": { "x": 85.16, "y": 186.53, "width": 154, "height": 143 }
		},
		"Emo_xx_093_03_": {
			"Emo_xx_093_03_": { "x": -55.34, "y": 160.03, "width": 129, "height": 194 }
		},
		"Emo_xx_093_04_": {
			"Emo_xx_093_04_": { "x": -45.34, "y": 11.03, "width": 109, "height": 106 }
		},
		"Emo_xx_096_01_": {
			"Emo_xx_096_01_": { "x": 85.66, "y": 27.53, "width": 153, "height": 183 }
		},
		"Emo_xx_096_02_": {
			"Emo_xx_096_02_": { "x": 69.16, "y": 201.53, "width": 120, "height": 167 }
		},
		"Emo_xx_096_03_": {
			"Emo_xx_096_03_": { "x": -64.84, "y": 166.53, "width": 150, "height": 181 }
		},
		"Emo_xx_096_04_": {
			"Emo_xx_096_04_": { "x": -49.34, "y": 7.53, "width": 119, "height": 139 }
		},
		"Emo_xx_099_01_": {
			"Emo_xx_099_01_": { "x": 84.66, "y": 199.03, "width": 137, "height": 172 }
		},
		"Emo_xx_099_02_": {
			"Emo_xx_099_02_": { "x": 104.16, "y": 9.03, "width": 176, "height": 210 }
		},
		"Emo_xx_099_03_": {
			"Emo_xx_099_03_": { "x": -75.84, "y": 176.03, "width": 186, "height": 202 }
		},
		"Emo_xx_099_04_": {
			"Emo_xx_099_04_": { "x": -54.34, "y": -5.47, "width": 143, "height": 163 }
		},
		"yz_0_": {
			"yz_0_": { "x": -6.27, "y": 16.15, "scaleX": 2, "scaleY": 1.5, "width": 85, "height": 85 }
		}
	}
},
"animations": {
	"animation": {
		"slots": {
			"Emo_dj_000_01_": {
				"attachment": [
					{ "time": 0, "name": "Emo_dj_000_01_" },
					{ "time": 0.1333, "name": null },
					{ "time": 2, "name": "Emo_dj_000_01_" },
					{ "time": 2.1333, "name": null }
				]
			},
			"Emo_dj_000_02_": {
				"attachment": [
					{ "time": 0, "name": "Emo_dj_000_02_" },
					{ "time": 0.1333, "name": null },
					{ "time": 2, "name": "Emo_dj_000_02_" },
					{ "time": 2.1333, "name": null }
				]
			},
			"Emo_dj_004_01_": {
				"attachment": [
					{ "time": 0.1333, "name": "Emo_dj_004_01_" },
					{ "time": 0.2667, "name": null },
					{ "time": 2.1333, "name": "Emo_dj_004_01_" },
					{ "time": 2.2667, "name": null }
				]
			},
			"Emo_dj_004_02_": {
				"attachment": [
					{ "time": 0.1333, "name": "Emo_dj_004_02_" },
					{ "time": 0.2667, "name": null },
					{ "time": 2.1333, "name": "Emo_dj_004_02_" },
					{ "time": 2.2667, "name": null }
				]
			},
			"Emo_dj_008_01_": {
				"attachment": [
					{ "time": 0.2667, "name": "Emo_dj_008_01_" },
					{ "time": 0.4, "name": null },
					{ "time": 2.2667, "name": "Emo_dj_008_01_" },
					{ "time": 2.4, "name": null }
				]
			},
			"Emo_dj_008_02_": {
				"attachment": [
					{ "time": 0.2667, "name": "Emo_dj_008_02_" },
					{ "time": 0.4, "name": null },
					{ "time": 2.2667, "name": "Emo_dj_008_02_" },
					{ "time": 2.4, "name": null }
				]
			},
			"Emo_dj_012_01_": {
				"attachment": [
					{ "time": 0.4, "name": "Emo_dj_012_01_" },
					{ "time": 0.5333, "name": null },
					{ "time": 2.4, "name": "Emo_dj_012_01_" },
					{ "time": 2.5333, "name": null }
				]
			},
			"Emo_dj_012_02_": {
				"attachment": [
					{ "time": 0.4, "name": "Emo_dj_012_02_" },
					{ "time": 0.5333, "name": null },
					{ "time": 2.4, "name": "Emo_dj_012_02_" },
					{ "time": 2.5333, "name": null }
				]
			},
			"Emo_dj_016_01_": {
				"attachment": [
					{ "time": 0.5333, "name": "Emo_dj_016_01_" },
					{ "time": 0.6667, "name": null },
					{ "time": 2.5333, "name": "Emo_dj_016_01_" },
					{ "time": 2.6667, "name": null }
				]
			},
			"Emo_dj_016_02_": {
				"attachment": [
					{ "time": 0.5333, "name": "Emo_dj_016_02_" },
					{ "time": 0.6667, "name": null },
					{ "time": 2.5333, "name": "Emo_dj_016_02_" },
					{ "time": 2.6667, "name": null }
				]
			},
			"Emo_dj_020_01_": {
				"attachment": [
					{ "time": 0.6667, "name": "Emo_dj_020_01_" },
					{ "time": 0.8, "name": null },
					{ "time": 2.6667, "name": "Emo_dj_020_01_" },
					{ "time": 2.8, "name": null }
				]
			},
			"Emo_dj_020_02_": {
				"attachment": [
					{ "time": 0.6667, "name": "Emo_dj_020_02_" },
					{ "time": 0.8, "name": null },
					{ "time": 2.6667, "name": "Emo_dj_020_02_" },
					{ "time": 2.8, "name": null }
				]
			},
			"Emo_dj_024_01_": {
				"attachment": [
					{ "time": 0.8, "name": "Emo_dj_024_01_" },
					{ "time": 0.9333, "name": null },
					{ "time": 2.8, "name": "Emo_dj_024_01_" },
					{ "time": 2.9333, "name": null }
				]
			},
			"Emo_dj_024_02_": {
				"attachment": [
					{ "time": 0.8, "name": "Emo_dj_024_02_" },
					{ "time": 0.9333, "name": null },
					{ "time": 2.8, "name": "Emo_dj_024_02_" },
					{ "time": 2.9333, "name": null }
				]
			},
			"Emo_dj_028_01_": {
				"attachment": [
					{ "time": 0.9333, "name": "Emo_dj_028_01_" },
					{ "time": 1.0667, "name": null },
					{ "time": 2.9333, "name": "Emo_dj_028_01_" },
					{ "time": 3.0667, "name": null }
				]
			},
			"Emo_dj_028_02_": {
				"attachment": [
					{ "time": 0.9333, "name": "Emo_dj_028_02_" },
					{ "time": 1.0667, "name": null },
					{ "time": 2.9333, "name": "Emo_dj_028_02_" },
					{ "time": 3.0667, "name": null }
				]
			},
			"Emo_dj_032_01_": {
				"attachment": [
					{ "time": 1.0667, "name": "Emo_dj_032_01_" },
					{ "time": 1.2, "name": null },
					{ "time": 3.0667, "name": "Emo_dj_032_01_" },
					{ "time": 3.2, "name": null }
				]
			},
			"Emo_dj_032_02_": {
				"attachment": [
					{ "time": 1.0667, "name": "Emo_dj_032_02_" },
					{ "time": 1.2, "name": null },
					{ "time": 3.0667, "name": "Emo_dj_032_02_" },
					{ "time": 3.2, "name": null }
				]
			},
			"Emo_dj_036_01_": {
				"attachment": [
					{ "time": 1.2, "name": "Emo_dj_036_01_" },
					{ "time": 1.3333, "name": null },
					{ "time": 3.2, "name": "Emo_dj_036_01_" },
					{ "time": 3.3333, "name": null }
				]
			},
			"Emo_dj_036_02_": {
				"attachment": [
					{ "time": 1.2, "name": "Emo_dj_036_02_" },
					{ "time": 1.3333, "name": null },
					{ "time": 3.2, "name": "Emo_dj_036_02_" },
					{ "time": 3.3333, "name": null }
				]
			},
			"Emo_dj_040_01_": {
				"attachment": [
					{ "time": 1.3333, "name": "Emo_dj_040_01_" },
					{ "time": 1.4667, "name": null },
					{ "time": 3.3333, "name": "Emo_dj_040_01_" },
					{ "time": 3.4667, "name": null }
				]
			},
			"Emo_dj_040_02_": {
				"attachment": [
					{ "time": 1.3333, "name": "Emo_dj_040_02_" },
					{ "time": 1.4667, "name": null },
					{ "time": 3.3333, "name": "Emo_dj_040_02_" },
					{ "time": 3.4667, "name": null }
				]
			},
			"Emo_dj_044_01_": {
				"attachment": [
					{ "time": 1.4667, "name": "Emo_dj_044_01_" },
					{ "time": 1.6, "name": null },
					{ "time": 3.4667, "name": "Emo_dj_044_01_" },
					{ "time": 3.6, "name": null }
				]
			},
			"Emo_dj_044_02_": {
				"attachment": [
					{ "time": 1.4667, "name": "Emo_dj_044_02_" },
					{ "time": 1.6, "name": null },
					{ "time": 3.4667, "name": "Emo_dj_044_02_" },
					{ "time": 3.6, "name": null }
				]
			},
			"Emo_dj_048_01_": {
				"attachment": [
					{ "time": 1.6, "name": "Emo_dj_048_01_" },
					{ "time": 1.7333, "name": null },
					{ "time": 3.6, "name": "Emo_dj_048_01_" },
					{ "time": 3.7333, "name": null }
				]
			},
			"Emo_dj_048_02_": {
				"attachment": [
					{ "time": 1.6, "name": "Emo_dj_048_02_" },
					{ "time": 1.7333, "name": null },
					{ "time": 3.6, "name": "Emo_dj_048_02_" },
					{ "time": 3.7333, "name": null }
				]
			},
			"Emo_dj_052_01_": {
				"attachment": [
					{ "time": 1.7333, "name": "Emo_dj_052_01_" },
					{ "time": 1.8667, "name": null },
					{ "time": 3.7333, "name": "Emo_dj_052_01_" },
					{ "time": 3.8667, "name": null }
				]
			},
			"Emo_dj_052_02_": {
				"attachment": [
					{ "time": 1.7333, "name": "Emo_dj_052_02_" },
					{ "time": 1.8667, "name": null },
					{ "time": 3.7333, "name": "Emo_dj_052_02_" },
					{ "time": 3.8667, "name": null }
				]
			},
			"Emo_dj_056_01_": {
				"attachment": [
					{ "time": 1.8667, "name": "Emo_dj_056_01_" },
					{ "time": 2, "name": null },
					{ "time": 3.8667, "name": "Emo_dj_056_01_" },
					{ "time": 4, "name": null }
				]
			},
			"Emo_dj_056_02_": {
				"attachment": [
					{ "time": 1.8667, "name": "Emo_dj_056_02_" },
					{ "time": 2, "name": null },
					{ "time": 3.8667, "name": "Emo_dj_056_02_" },
					{ "time": 4, "name": null }
				]
			},
			"Emo_xx_000_01_": {
				"attachment": [
					{ "time": 4, "name": "Emo_xx_000_01_" },
					{ "time": 4.1, "name": null }
				]
			},
			"Emo_xx_000_02_": {
				"attachment": [
					{ "time": 4, "name": "Emo_xx_000_02_" },
					{ "time": 4.1, "name": null }
				]
			},
			"Emo_xx_003_01_": {
				"attachment": [
					{ "time": 4.1, "name": "Emo_xx_003_01_" },
					{ "time": 4.2, "name": null }
				]
			},
			"Emo_xx_003_02_": {
				"attachment": [
					{ "time": 4.1, "name": "Emo_xx_003_02_" },
					{ "time": 4.2, "name": null }
				]
			},
			"Emo_xx_006_01_": {
				"attachment": [
					{ "time": 4.2, "name": "Emo_xx_006_01_" },
					{ "time": 4.3, "name": null }
				]
			},
			"Emo_xx_006_02_": {
				"attachment": [
					{ "time": 4.2, "name": "Emo_xx_006_02_" },
					{ "time": 4.3, "name": null }
				]
			},
			"Emo_xx_006_03_": {
				"attachment": [
					{ "time": 4.2, "name": "Emo_xx_006_03_" },
					{ "time": 4.3, "name": null }
				]
			},
			"Emo_xx_009_01_": {
				"attachment": [
					{ "time": 4.3, "name": "Emo_xx_009_01_" },
					{ "time": 4.4, "name": null }
				]
			},
			"Emo_xx_009_02_": {
				"attachment": [
					{ "time": 4.3, "name": "Emo_xx_009_02_" },
					{ "time": 4.4, "name": null }
				]
			},
			"Emo_xx_0102_01_": {
				"attachment": [
					{ "time": 7.3333, "name": "Emo_xx_0102_01_" },
					{ "time": 7.4333, "name": null }
				]
			},
			"Emo_xx_0102_02_": {
				"attachment": [
					{ "time": 7.3333, "name": "Emo_xx_0102_02_" },
					{ "time": 7.4333, "name": null }
				]
			},
			"Emo_xx_0102_03_": {
				"attachment": [
					{ "time": 7.3333, "name": "Emo_xx_0102_03_" },
					{ "time": 7.4333, "name": null }
				]
			},
			"Emo_xx_0102_04_": {
				"attachment": [
					{ "time": 7.3333, "name": "Emo_xx_0102_04_" },
					{ "time": 7.4333, "name": null }
				]
			},
			"Emo_xx_0105_01_": {
				"attachment": [
					{ "time": 7.4333, "name": "Emo_xx_0105_01_" },
					{ "time": 7.5333, "name": null }
				]
			},
			"Emo_xx_0105_02_": {
				"attachment": [
					{ "time": 7.4333, "name": "Emo_xx_0105_02_" },
					{ "time": 7.5333, "name": null }
				]
			},
			"Emo_xx_0105_03_": {
				"attachment": [
					{ "time": 7.4333, "name": "Emo_xx_0105_03_" },
					{ "time": 7.5333, "name": null }
				]
			},
			"Emo_xx_0105_04_": {
				"attachment": [
					{ "time": 7.4333, "name": "Emo_xx_0105_04_" },
					{ "time": 7.5333, "name": null }
				]
			},
			"Emo_xx_0108_01_": {
				"attachment": [
					{ "time": 7.5333, "name": "Emo_xx_0108_01_" },
					{ "time": 7.6333, "name": null }
				]
			},
			"Emo_xx_0108_02_": {
				"attachment": [
					{ "time": 7.5333, "name": "Emo_xx_0108_02_" },
					{ "time": 7.6333, "name": null }
				]
			},
			"Emo_xx_0108_03_": {
				"attachment": [
					{ "time": 7.5333, "name": "Emo_xx_0108_03_" },
					{ "time": 7.6333, "name": null }
				]
			},
			"Emo_xx_0111_01_": {
				"attachment": [
					{ "time": 7.6333, "name": "Emo_xx_0111_01_" },
					{ "time": 7.7333, "name": null }
				]
			},
			"Emo_xx_0111_02_": {
				"attachment": [
					{ "time": 7.6333, "name": "Emo_xx_0111_02_" },
					{ "time": 7.7333, "name": null }
				]
			},
			"Emo_xx_0111_03_": {
				"attachment": [
					{ "time": 7.6333, "name": "Emo_xx_0111_03_" },
					{ "time": 7.7333, "name": null }
				]
			},
			"Emo_xx_0114_01_": {
				"attachment": [
					{ "time": 7.7333, "name": "Emo_xx_0114_01_" },
					{ "time": 7.8333, "name": null }
				]
			},
			"Emo_xx_0114_02_": {
				"attachment": [
					{ "time": 7.7333, "name": "Emo_xx_0114_02_" },
					{ "time": 7.8333, "name": null }
				]
			},
			"Emo_xx_0114_03_": {
				"attachment": [
					{ "time": 7.7333, "name": "Emo_xx_0114_03_" },
					{ "time": 7.8333, "name": null }
				]
			},
			"Emo_xx_0117_01_": {
				"attachment": [
					{ "time": 7.8333, "name": "Emo_xx_0117_01_" },
					{ "time": 7.9333, "name": null }
				]
			},
			"Emo_xx_0117_02_": {
				"attachment": [
					{ "time": 7.8333, "name": "Emo_xx_0117_02_" },
					{ "time": 7.9333, "name": null }
				]
			},
			"Emo_xx_0117_03_": {
				"attachment": [
					{ "time": 7.8333, "name": "Emo_xx_0117_03_" },
					{ "time": 7.9333, "name": null }
				]
			},
			"Emo_xx_0120_01_": {
				"attachment": [
					{ "time": 7.9333, "name": "Emo_xx_0120_01_" },
					{ "time": 8.0333, "name": null }
				]
			},
			"Emo_xx_0120_02_": {
				"attachment": [
					{ "time": 7.9333, "name": "Emo_xx_0120_02_" },
					{ "time": 8.0333, "name": null }
				]
			},
			"Emo_xx_0120_03_": {
				"attachment": [
					{ "time": 7.9333, "name": "Emo_xx_0120_03_" },
					{ "time": 8.0333, "name": null }
				]
			},
			"Emo_xx_0123_01_": {
				"attachment": [
					{ "time": 8.0333, "name": "Emo_xx_0123_01_" },
					{ "time": 8.1333, "name": null }
				]
			},
			"Emo_xx_0123_02_": {
				"attachment": [
					{ "time": 8.0333, "name": "Emo_xx_0123_02_" },
					{ "time": 8.1333, "name": null }
				]
			},
			"Emo_xx_0126_01_": {
				"attachment": [
					{ "time": 8.1333, "name": "Emo_xx_0126_01_" },
					{ "time": 8.2333, "name": null }
				]
			},
			"Emo_xx_0126_02_": {
				"attachment": [
					{ "time": 8.1333, "name": "Emo_xx_0126_02_" },
					{ "time": 8.2333, "name": null }
				]
			},
			"Emo_xx_0129_01_": {
				"attachment": [
					{ "time": 8.2333, "name": "Emo_xx_0129_01_" },
					{ "time": 8.3333, "name": null }
				]
			},
			"Emo_xx_0129_02_": {
				"attachment": [
					{ "time": 8.2333, "name": "Emo_xx_0129_02_" },
					{ "time": 8.3333, "name": null }
				]
			},
			"Emo_xx_012_01_": {
				"attachment": [
					{ "time": 4.4, "name": "Emo_xx_012_01_" },
					{ "time": 4.5, "name": null }
				]
			},
			"Emo_xx_012_02_": {
				"attachment": [
					{ "time": 4.4, "name": "Emo_xx_012_02_" },
					{ "time": 4.5, "name": null }
				]
			},
			"Emo_xx_0132_01_": {
				"attachment": [
					{ "time": 8.3333, "name": "Emo_xx_0132_01_" },
					{ "time": 8.4333, "name": null }
				]
			},
			"Emo_xx_0132_02_": {
				"attachment": [
					{ "time": 8.3333, "name": "Emo_xx_0132_02_" },
					{ "time": 8.4333, "name": null }
				]
			},
			"Emo_xx_0132_03_": {
				"attachment": [
					{ "time": 8.3333, "name": "Emo_xx_0132_03_" },
					{ "time": 8.4333, "name": null }
				]
			},
			"Emo_xx_0132_04_": {
				"attachment": [
					{ "time": 8.3333, "name": "Emo_xx_0132_04_" },
					{ "time": 8.4333, "name": null }
				]
			},
			"Emo_xx_0135_01_": {
				"attachment": [
					{ "time": 8.4333, "name": "Emo_xx_0135_01_" },
					{ "time": 8.5333, "name": null }
				]
			},
			"Emo_xx_0135_02_": {
				"attachment": [
					{ "time": 8.4333, "name": "Emo_xx_0135_02_" },
					{ "time": 8.5333, "name": null }
				]
			},
			"Emo_xx_0135_03_": {
				"attachment": [
					{ "time": 8.4333, "name": "Emo_xx_0135_03_" },
					{ "time": 8.5333, "name": null }
				]
			},
			"Emo_xx_0138_01_": {
				"attachment": [
					{ "time": 8.5333, "name": "Emo_xx_0138_01_" },
					{ "time": 8.6333, "name": null }
				]
			},
			"Emo_xx_0138_02_": {
				"attachment": [
					{ "time": 8.5333, "name": "Emo_xx_0138_02_" },
					{ "time": 8.6333, "name": null }
				]
			},
			"Emo_xx_0138_03_": {
				"attachment": [
					{ "time": 8.5333, "name": "Emo_xx_0138_03_" },
					{ "time": 8.6333, "name": null }
				]
			},
			"Emo_xx_0141_01_": {
				"attachment": [
					{ "time": 8.6333, "name": "Emo_xx_0141_01_" },
					{ "time": 8.7333, "name": null }
				]
			},
			"Emo_xx_0141_02_": {
				"attachment": [
					{ "time": 8.6333, "name": "Emo_xx_0141_02_" },
					{ "time": 8.7333, "name": null }
				]
			},
			"Emo_xx_0141_03_": {
				"attachment": [
					{ "time": 8.6333, "name": "Emo_xx_0141_03_" },
					{ "time": 8.7333, "name": null }
				]
			},
			"Emo_xx_0144_01_": {
				"attachment": [
					{ "time": 8.7333, "name": "Emo_xx_0144_01_" },
					{ "time": 8.8333, "name": null }
				]
			},
			"Emo_xx_0144_02_": {
				"attachment": [
					{ "time": 8.7333, "name": "Emo_xx_0144_02_" },
					{ "time": 8.8333, "name": null }
				]
			},
			"Emo_xx_0144_03_": {
				"attachment": [
					{ "time": 8.7333, "name": "Emo_xx_0144_03_" },
					{ "time": 8.8333, "name": null }
				]
			},
			"Emo_xx_015_01_": {
				"attachment": [
					{ "time": 4.5, "name": "Emo_xx_015_01_" },
					{ "time": 4.6, "name": null }
				]
			},
			"Emo_xx_015_02_": {
				"attachment": [
					{ "time": 4.5, "name": "Emo_xx_015_02_" },
					{ "time": 4.6, "name": null }
				]
			},
			"Emo_xx_018_01_": {
				"attachment": [
					{ "time": 4.6, "name": "Emo_xx_018_01_" },
					{ "time": 4.7, "name": null }
				]
			},
			"Emo_xx_018_02_": {
				"attachment": [
					{ "time": 4.6, "name": "Emo_xx_018_02_" },
					{ "time": 4.7, "name": null }
				]
			},
			"Emo_xx_021_01_": {
				"attachment": [
					{ "time": 4.7, "name": "Emo_xx_021_01_" },
					{ "time": 4.8, "name": null }
				]
			},
			"Emo_xx_021_02_": {
				"attachment": [
					{ "time": 4.7, "name": "Emo_xx_021_02_" },
					{ "time": 4.8, "name": null }
				]
			},
			"Emo_xx_021_03_": {
				"attachment": [
					{ "time": 4.7, "name": "Emo_xx_021_03_" },
					{ "time": 4.8, "name": null }
				]
			},
			"Emo_xx_024_01_": {
				"attachment": [
					{ "time": 4.8, "name": "Emo_xx_024_01_" },
					{ "time": 4.9, "name": null }
				]
			},
			"Emo_xx_024_02_": {
				"attachment": [
					{ "time": 4.8, "name": "Emo_xx_024_02_" },
					{ "time": 4.9, "name": null }
				]
			},
			"Emo_xx_024_03_": {
				"attachment": [
					{ "time": 4.8, "name": "Emo_xx_024_03_" },
					{ "time": 4.9, "name": null }
				]
			},
			"Emo_xx_024_04_": {
				"attachment": [
					{ "time": 4.8, "name": "Emo_xx_024_04_" },
					{ "time": 4.9, "name": null }
				]
			},
			"Emo_xx_027_01_": {
				"attachment": [
					{ "time": 4.9, "name": "Emo_xx_027_01_" },
					{ "time": 5, "name": null }
				]
			},
			"Emo_xx_027_02_": {
				"attachment": [
					{ "time": 4.9, "name": "Emo_xx_027_02_" },
					{ "time": 5, "name": null }
				]
			},
			"Emo_xx_027_03_": {
				"attachment": [
					{ "time": 4.9, "name": "Emo_xx_027_03_" },
					{ "time": 5, "name": null }
				]
			},
			"Emo_xx_030_01_": {
				"attachment": [
					{ "time": 5, "name": "Emo_xx_030_01_" },
					{ "time": 5.0667, "name": null }
				]
			},
			"Emo_xx_030_02_": {
				"attachment": [
					{ "time": 5, "name": "Emo_xx_030_02_" },
					{ "time": 5.0667, "name": null }
				]
			},
			"Emo_xx_033_01_": {
				"attachment": [
					{ "time": 5.0667, "name": "Emo_xx_033_01_" },
					{ "time": 5.1667, "name": null }
				]
			},
			"Emo_xx_033_02_": {
				"attachment": [
					{ "time": 5.0667, "name": "Emo_xx_033_02_" },
					{ "time": 5.1667, "name": null }
				]
			},
			"Emo_xx_033_03_": {
				"attachment": [
					{ "time": 5.0667, "name": "Emo_xx_033_03_" },
					{ "time": 5.1667, "name": null }
				]
			},
			"Emo_xx_036_01_": {
				"attachment": [
					{ "time": 5.1667, "name": "Emo_xx_036_01_" },
					{ "time": 5.2667, "name": null }
				]
			},
			"Emo_xx_036_02_": {
				"attachment": [
					{ "time": 5.1667, "name": "Emo_xx_036_02_" },
					{ "time": 5.2667, "name": null }
				]
			},
			"Emo_xx_039_01_": {
				"attachment": [
					{ "time": 5.2667, "name": "Emo_xx_039_01_" },
					{ "time": 5.3667, "name": null }
				]
			},
			"Emo_xx_039_02_": {
				"attachment": [
					{ "time": 5.2667, "name": "Emo_xx_039_02_" },
					{ "time": 5.3667, "name": null }
				]
			},
			"Emo_xx_042_01_": {
				"attachment": [
					{ "time": 5.3667, "name": "Emo_xx_042_01_" },
					{ "time": 5.4667, "name": null }
				]
			},
			"Emo_xx_042_02_": {
				"attachment": [
					{ "time": 5.3667, "name": "Emo_xx_042_02_" },
					{ "time": 5.4667, "name": null }
				]
			},
			"Emo_xx_045_01_": {
				"attachment": [
					{ "time": 5.4667, "name": "Emo_xx_045_01_" },
					{ "time": 5.5667, "name": null }
				]
			},
			"Emo_xx_045_02_": {
				"attachment": [
					{ "time": 5.4667, "name": "Emo_xx_045_02_" },
					{ "time": 5.5667, "name": null }
				]
			},
			"Emo_xx_048_01_": {
				"attachment": [
					{ "time": 5.5667, "name": "Emo_xx_048_01_" },
					{ "time": 5.6667, "name": null }
				]
			},
			"Emo_xx_048_02_": {
				"attachment": [
					{ "time": 5.5667, "name": "Emo_xx_048_02_" },
					{ "time": 5.6667, "name": null }
				]
			},
			"Emo_xx_048_03_": {
				"attachment": [
					{ "time": 5.5667, "name": "Emo_xx_048_03_" },
					{ "time": 5.6667, "name": null }
				]
			},
			"Emo_xx_048_04_": {
				"attachment": [
					{ "time": 5.5667, "name": "Emo_xx_048_04_" },
					{ "time": 5.6667, "name": null }
				]
			},
			"Emo_xx_048_05_": {
				"attachment": [
					{ "time": 5.5667, "name": "Emo_xx_048_05_" },
					{ "time": 5.6667, "name": null }
				]
			},
			"Emo_xx_051_01_": {
				"attachment": [
					{ "time": 5.6667, "name": "Emo_xx_051_01_" },
					{ "time": 5.7667, "name": null }
				]
			},
			"Emo_xx_051_02_": {
				"attachment": [
					{ "time": 5.6667, "name": "Emo_xx_051_02_" },
					{ "time": 5.7667, "name": null }
				]
			},
			"Emo_xx_051_03_": {
				"attachment": [
					{ "time": 5.6667, "name": "Emo_xx_051_03_" },
					{ "time": 5.7667, "name": null }
				]
			},
			"Emo_xx_051_04_": {
				"attachment": [
					{ "time": 5.6667, "name": "Emo_xx_051_04_" },
					{ "time": 5.7667, "name": null }
				]
			},
			"Emo_xx_054_01_": {
				"attachment": [
					{ "time": 5.7667, "name": "Emo_xx_054_01_" },
					{ "time": 5.8667, "name": null }
				]
			},
			"Emo_xx_054_02_": {
				"attachment": [
					{ "time": 5.7667, "name": "Emo_xx_054_02_" },
					{ "time": 5.8667, "name": null }
				]
			},
			"Emo_xx_054_03_": {
				"attachment": [
					{ "time": 5.7667, "name": "Emo_xx_054_03_" },
					{ "time": 5.8667, "name": null }
				]
			},
			"Emo_xx_054_04_": {
				"attachment": [
					{ "time": 5.7667, "name": "Emo_xx_054_04_" },
					{ "time": 5.8667, "name": null }
				]
			},
			"Emo_xx_054_05_": {
				"attachment": [
					{ "time": 5.7667, "name": "Emo_xx_054_05_" },
					{ "time": 5.8667, "name": null }
				]
			},
			"Emo_xx_057_01_": {
				"attachment": [
					{ "time": 5.8667, "name": "Emo_xx_057_01_" },
					{ "time": 5.9667, "name": null }
				]
			},
			"Emo_xx_057_02_": {
				"attachment": [
					{ "time": 5.8667, "name": "Emo_xx_057_02_" },
					{ "time": 5.9667, "name": null }
				]
			},
			"Emo_xx_057_03_": {
				"attachment": [
					{ "time": 5.8667, "name": "Emo_xx_057_03_" },
					{ "time": 5.9667, "name": null }
				]
			},
			"Emo_xx_060_01_": {
				"attachment": [
					{ "time": 5.9667, "name": "Emo_xx_060_01_" },
					{ "time": 6.0667, "name": null }
				]
			},
			"Emo_xx_060_02_": {
				"attachment": [
					{ "time": 5.9667, "name": "Emo_xx_060_02_" },
					{ "time": 6.0667, "name": null }
				]
			},
			"Emo_xx_063_01_": {
				"attachment": [
					{ "time": 6.0667, "name": "Emo_xx_063_01_" },
					{ "time": 6.1667, "name": null }
				]
			},
			"Emo_xx_063_02_": {
				"attachment": [
					{ "time": 6.0667, "name": "Emo_xx_063_02_" },
					{ "time": 6.1667, "name": null }
				]
			},
			"Emo_xx_066_01_": {
				"attachment": [
					{ "time": 6.1667, "name": "Emo_xx_066_01_" },
					{ "time": 6.2667, "name": null }
				]
			},
			"Emo_xx_066_02_": {
				"attachment": [
					{ "time": 6.1667, "name": "Emo_xx_066_02_" },
					{ "time": 6.2667, "name": null }
				]
			},
			"Emo_xx_069_01_": {
				"attachment": [
					{ "time": 6.2667, "name": "Emo_xx_069_01_" },
					{ "time": 6.3667, "name": null }
				]
			},
			"Emo_xx_069_02_": {
				"attachment": [
					{ "time": 6.2667, "name": "Emo_xx_069_02_" },
					{ "time": 6.3667, "name": null }
				]
			},
			"Emo_xx_072_01_": {
				"attachment": [
					{ "time": 6.3667, "name": "Emo_xx_072_01_" },
					{ "time": 6.4667, "name": null }
				]
			},
			"Emo_xx_072_02_": {
				"attachment": [
					{ "time": 6.3667, "name": "Emo_xx_072_02_" },
					{ "time": 6.4667, "name": null }
				]
			},
			"Emo_xx_075_01_": {
				"attachment": [
					{ "time": 6.4667, "name": "Emo_xx_075_01_" },
					{ "time": 6.5667, "name": null }
				]
			},
			"Emo_xx_075_02_": {
				"attachment": [
					{ "time": 6.4667, "name": "Emo_xx_075_02_" },
					{ "time": 6.5667, "name": null }
				]
			},
			"Emo_xx_078_01_": {
				"attachment": [
					{ "time": 6.5667, "name": "Emo_xx_078_01_" },
					{ "time": 6.6667, "name": null }
				]
			},
			"Emo_xx_078_02_": {
				"attachment": [
					{ "time": 6.5667, "name": "Emo_xx_078_02_" },
					{ "time": 6.6667, "name": null }
				]
			},
			"Emo_xx_081_01_": {
				"attachment": [
					{ "time": 6.6667, "name": "Emo_xx_081_01_" },
					{ "time": 6.7667, "name": null }
				]
			},
			"Emo_xx_081_02_": {
				"attachment": [
					{ "time": 6.6667, "name": "Emo_xx_081_02_" },
					{ "time": 6.7667, "name": null }
				]
			},
			"Emo_xx_084_01_": {
				"attachment": [
					{ "time": 6.7667, "name": "Emo_xx_084_01_" },
					{ "time": 6.8667, "name": null }
				]
			},
			"Emo_xx_084_02_": {
				"attachment": [
					{ "time": 6.7667, "name": "Emo_xx_084_02_" },
					{ "time": 6.8667, "name": null }
				]
			},
			"Emo_xx_087_01_": {
				"attachment": [
					{ "time": 6.8667, "name": "Emo_xx_087_01_" },
					{ "time": 6.9667, "name": null }
				]
			},
			"Emo_xx_087_02_": {
				"attachment": [
					{ "time": 6.8667, "name": "Emo_xx_087_02_" },
					{ "time": 6.9667, "name": null }
				]
			},
			"Emo_xx_090_01_": {
				"attachment": [
					{ "time": 6.9667, "name": "Emo_xx_090_01_" },
					{ "time": 7.0333, "name": null }
				]
			},
			"Emo_xx_090_02_": {
				"attachment": [
					{ "time": 6.9667, "name": "Emo_xx_090_02_" },
					{ "time": 7.0333, "name": null }
				]
			},
			"Emo_xx_090_03_": {
				"attachment": [
					{ "time": 6.9667, "name": "Emo_xx_090_03_" },
					{ "time": 7.0333, "name": null }
				]
			},
			"Emo_xx_090_04_": {
				"attachment": [
					{ "time": 6.9667, "name": "Emo_xx_090_04_" },
					{ "time": 7.0333, "name": null }
				]
			},
			"Emo_xx_093_01_": {
				"attachment": [
					{ "time": 7.0333, "name": "Emo_xx_093_01_" },
					{ "time": 7.1333, "name": null }
				]
			},
			"Emo_xx_093_02_": {
				"attachment": [
					{ "time": 7.0333, "name": "Emo_xx_093_02_" },
					{ "time": 7.1333, "name": null }
				]
			},
			"Emo_xx_093_03_": {
				"attachment": [
					{ "time": 7.0333, "name": "Emo_xx_093_03_" },
					{ "time": 7.1333, "name": null }
				]
			},
			"Emo_xx_093_04_": {
				"attachment": [
					{ "time": 7.0333, "name": "Emo_xx_093_04_" },
					{ "time": 7.1333, "name": null }
				]
			},
			"Emo_xx_096_01_": {
				"attachment": [
					{ "time": 7.1333, "name": "Emo_xx_096_01_" },
					{ "time": 7.2333, "name": null }
				]
			},
			"Emo_xx_096_02_": {
				"attachment": [
					{ "time": 7.1333, "name": "Emo_xx_096_02_" },
					{ "time": 7.2333, "name": null }
				]
			},
			"Emo_xx_096_03_": {
				"attachment": [
					{ "time": 7.1333, "name": "Emo_xx_096_03_" },
					{ "time": 7.2333, "name": null }
				]
			},
			"Emo_xx_096_04_": {
				"attachment": [
					{ "time": 7.1333, "name": "Emo_xx_096_04_" },
					{ "time": 7.2333, "name": null }
				]
			},
			"Emo_xx_099_01_": {
				"attachment": [
					{ "time": 7.2333, "name": "Emo_xx_099_01_" },
					{ "time": 7.3333, "name": null }
				]
			},
			"Emo_xx_099_02_": {
				"attachment": [
					{ "time": 7.2333, "name": "Emo_xx_099_02_" },
					{ "time": 7.3333, "name": null }
				]
			},
			"Emo_xx_099_03_": {
				"attachment": [
					{ "time": 7.2333, "name": "Emo_xx_099_03_" },
					{ "time": 7.3333, "name": null }
				]
			},
			"Emo_xx_099_04_": {
				"attachment": [
					{ "time": 7.2333, "name": "Emo_xx_099_04_" },
					{ "time": 7.3333, "name": null }
				]
			},
			"yz_0_": {
				"attachment": [
					{ "time": 0, "name": "yz_0_" }
				]
			}
		}
	}
}
}