{
"skeleton": { "hash": "ArUEvOgIIniTZLD7Km8KNY9DIJQ", "spine": "2.1.27", "width": 323, "height": 301 },
"bones": [
	{ "name": "root" },
	{ "name": "rongyan01", "parent": "root", "x": -0.88, "y": 0.24 },
	{ "name": "rongyan2", "parent": "root", "x": -20.5, "y": 25.42, "scaleX": 0.8, "scaleY": 0.8 },
	{ "name": "rongyan3", "parent": "root", "x": -31.5, "y": 8.27 },
	{ "name": "rongyan4", "parent": "root", "x": -59.62, "y": 24.83 },
	{ "name": "shitou01_", "parent": "root", "x": -50.18, "y": 221.4 },
	{ "name": "shitou02_", "parent": "root", "x": -58.02, "y": 240.1 },
	{ "name": "shitou03_", "parent": "root", "x": 23.98, "y": 249.54 },
	{ "name": "shitou04_", "parent": "root", "x": 9.91, "y": 273.87 },
	{ "name": "shitou05_", "parent": "root", "x": -19.63, "y": 270.45 },
	{ "name": "shitou06_", "parent": "root", "x": -30.69, "y": 258.79 }
],
"slots": [
	{ "name": "chengbao_", "bone": "root", "attachment": "chengbao_" },
	{ "name": "shitou06_", "bone": "shitou06_", "attachment": "shitou06_" },
	{ "name": "shitou05_", "bone": "shitou05_", "attachment": "shitou05_" },
	{ "name": "shitou04_", "bone": "shitou04_", "attachment": "shitou04_" },
	{ "name": "shitou03_", "bone": "shitou03_", "attachment": "shitou03_" },
	{ "name": "shitou01_", "bone": "shitou01_", "attachment": "shitou01_" },
	{ "name": "shitou02_", "bone": "shitou02_", "attachment": "shitou02_" },
	{ "name": "guang_", "bone": "root", "color": "ffffffa7", "attachment": "guang_", "blend": "additive" },
	{ "name": "tou_", "bone": "root", "attachment": "tou_" },
	{ "name": "rongyan_00_", "bone": "rongyan01", "attachment": "rongyan_00_" },
	{ "name": "rongyan_00_3", "bone": "rongyan2", "attachment": "rongyan_00_" },
	{ "name": "rongyan_00_4", "bone": "rongyan3", "attachment": "rongyan_00_" },
	{ "name": "rongyan_00_5", "bone": "rongyan4", "attachment": "rongyan_00_" },
	{ "name": "rongyan_01_", "bone": "rongyan01", "attachment": "rongyan_01_" },
	{ "name": "rongyan_01_3", "bone": "rongyan2", "attachment": "rongyan_01_" },
	{ "name": "rongyan_01_4", "bone": "rongyan3", "attachment": "rongyan_01_" },
	{ "name": "rongyan_01_5", "bone": "rongyan4", "attachment": "rongyan_01_" },
	{ "name": "rongyan_02_", "bone": "rongyan01", "attachment": "rongyan_02_" },
	{ "name": "rongyan_02_3", "bone": "rongyan2", "attachment": "rongyan_02_" },
	{ "name": "rongyan_02_4", "bone": "rongyan3", "attachment": "rongyan_02_" },
	{ "name": "rongyan_02_5", "bone": "rongyan4", "attachment": "rongyan_02_" },
	{ "name": "rongyan_03_", "bone": "rongyan01", "attachment": "rongyan_03_" },
	{ "name": "rongyan_03_3", "bone": "rongyan2", "attachment": "rongyan_03_" },
	{ "name": "rongyan_03_4", "bone": "rongyan3", "attachment": "rongyan_03_" },
	{ "name": "rongyan_03_5", "bone": "rongyan4", "attachment": "rongyan_03_" },
	{ "name": "rongyan_04_", "bone": "rongyan01", "attachment": "rongyan_04_" },
	{ "name": "rongyan_04_3", "bone": "rongyan2", "attachment": "rongyan_04_" },
	{ "name": "rongyan_04_4", "bone": "rongyan3", "attachment": "rongyan_04_" },
	{ "name": "rongyan_04_5", "bone": "rongyan4", "attachment": "rongyan_04_" },
	{ "name": "rongyan_05_", "bone": "rongyan01", "attachment": "rongyan_05_" },
	{ "name": "rongyan_05_3", "bone": "rongyan2", "attachment": "rongyan_05_" },
	{ "name": "rongyan_05_4", "bone": "rongyan3", "attachment": "rongyan_05_" },
	{ "name": "rongyan_05_5", "bone": "rongyan4", "attachment": "rongyan_05_" },
	{ "name": "rongyan_06_", "bone": "rongyan01", "attachment": "rongyan_06_" },
	{ "name": "rongyan_06_3", "bone": "rongyan2", "attachment": "rongyan_06_" },
	{ "name": "rongyan_06_4", "bone": "rongyan3", "attachment": "rongyan_06_" },
	{ "name": "rongyan_06_5", "bone": "rongyan4", "attachment": "rongyan_06_" },
	{ "name": "rongyan_07_", "bone": "rongyan01", "attachment": "rongyan_07_" },
	{ "name": "rongyan_07_3", "bone": "rongyan2", "attachment": "rongyan_07_" },
	{ "name": "rongyan_07_4", "bone": "rongyan3", "attachment": "rongyan_07_" },
	{ "name": "rongyan_07_5", "bone": "rongyan4", "attachment": "rongyan_07_" }
],
"skins": {
	"default": {
		"chengbao_": {
			"chengbao_": { "x": -2.5, "y": 150.5, "width": 323, "height": 301 }
		},
		"guang_": {
			"guang_": { "x": 8.82, "y": 196.27, "scaleX": 0.5, "scaleY": 0.5, "width": 115, "height": 115 }
		},
		"rongyan_00_": {
			"rongyan_00_": { "x": 4.25, "y": 56.54, "scaleX": 0.55, "scaleY": 0.55, "width": 60, "height": 60 }
		},
		"rongyan_00_3": {
			"rongyan_00_": { "x": 4.25, "y": 56.54, "scaleX": 0.55, "scaleY": 0.55, "width": 60, "height": 60 }
		},
		"rongyan_00_4": {
			"rongyan_00_": { "x": 4.25, "y": 56.54, "scaleX": 0.55, "scaleY": 0.55, "width": 60, "height": 60 }
		},
		"rongyan_00_5": {
			"rongyan_00_": { "x": 4.25, "y": 56.54, "scaleX": 0.55, "scaleY": 0.55, "width": 60, "height": 60 }
		},
		"rongyan_01_": {
			"rongyan_01_": { "x": 4.25, "y": 56.54, "scaleX": 0.55, "scaleY": 0.55, "width": 60, "height": 60 }
		},
		"rongyan_01_3": {
			"rongyan_01_": { "x": 4.25, "y": 56.54, "scaleX": 0.55, "scaleY": 0.55, "width": 60, "height": 60 }
		},
		"rongyan_01_4": {
			"rongyan_01_": { "x": 4.25, "y": 56.54, "scaleX": 0.55, "scaleY": 0.55, "width": 60, "height": 60 }
		},
		"rongyan_01_5": {
			"rongyan_01_": { "x": 4.25, "y": 56.54, "scaleX": 0.55, "scaleY": 0.55, "width": 60, "height": 60 }
		},
		"rongyan_02_": {
			"rongyan_02_": { "x": 4.25, "y": 56.54, "scaleX": 0.55, "scaleY": 0.55, "width": 60, "height": 60 }
		},
		"rongyan_02_3": {
			"rongyan_02_": { "x": 4.25, "y": 56.54, "scaleX": 0.55, "scaleY": 0.55, "width": 60, "height": 60 }
		},
		"rongyan_02_4": {
			"rongyan_02_": { "x": 4.25, "y": 56.54, "scaleX": 0.55, "scaleY": 0.55, "width": 60, "height": 60 }
		},
		"rongyan_02_5": {
			"rongyan_02_": { "x": 4.25, "y": 56.54, "scaleX": 0.55, "scaleY": 0.55, "width": 60, "height": 60 }
		},
		"rongyan_03_": {
			"rongyan_03_": { "x": 4.25, "y": 56.54, "scaleX": 0.55, "scaleY": 0.55, "width": 60, "height": 60 }
		},
		"rongyan_03_3": {
			"rongyan_03_": { "x": 4.25, "y": 56.54, "scaleX": 0.55, "scaleY": 0.55, "width": 60, "height": 60 }
		},
		"rongyan_03_4": {
			"rongyan_03_": { "x": 4.25, "y": 56.54, "scaleX": 0.55, "scaleY": 0.55, "width": 60, "height": 60 }
		},
		"rongyan_03_5": {
			"rongyan_03_": { "x": 4.25, "y": 56.54, "scaleX": 0.55, "scaleY": 0.55, "width": 60, "height": 60 }
		},
		"rongyan_04_": {
			"rongyan_04_": { "x": 4.25, "y": 56.54, "scaleX": 0.55, "scaleY": 0.55, "width": 60, "height": 60 }
		},
		"rongyan_04_3": {
			"rongyan_04_": { "x": 4.25, "y": 56.54, "scaleX": 0.55, "scaleY": 0.55, "width": 60, "height": 60 }
		},
		"rongyan_04_4": {
			"rongyan_04_": { "x": 4.25, "y": 56.54, "scaleX": 0.55, "scaleY": 0.55, "width": 60, "height": 60 }
		},
		"rongyan_04_5": {
			"rongyan_04_": { "x": 4.25, "y": 56.54, "scaleX": 0.55, "scaleY": 0.55, "width": 60, "height": 60 }
		},
		"rongyan_05_": {
			"rongyan_05_": { "x": 4.25, "y": 56.54, "scaleX": 0.55, "scaleY": 0.55, "width": 60, "height": 60 }
		},
		"rongyan_05_3": {
			"rongyan_05_": { "x": 4.25, "y": 56.54, "scaleX": 0.55, "scaleY": 0.55, "width": 60, "height": 60 }
		},
		"rongyan_05_4": {
			"rongyan_05_": { "x": 4.25, "y": 56.54, "scaleX": 0.55, "scaleY": 0.55, "width": 60, "height": 60 }
		},
		"rongyan_05_5": {
			"rongyan_05_": { "x": 4.25, "y": 56.54, "scaleX": 0.55, "scaleY": 0.55, "width": 60, "height": 60 }
		},
		"rongyan_06_": {
			"rongyan_06_": { "x": 4.25, "y": 56.54, "scaleX": 0.55, "scaleY": 0.55, "width": 60, "height": 60 }
		},
		"rongyan_06_3": {
			"rongyan_06_": { "x": 4.25, "y": 56.54, "scaleX": 0.55, "scaleY": 0.55, "width": 60, "height": 60 }
		},
		"rongyan_06_4": {
			"rongyan_06_": { "x": 4.25, "y": 56.54, "scaleX": 0.55, "scaleY": 0.55, "width": 60, "height": 60 }
		},
		"rongyan_06_5": {
			"rongyan_06_": { "x": 4.25, "y": 56.54, "scaleX": 0.55, "scaleY": 0.55, "width": 60, "height": 60 }
		},
		"rongyan_07_": {
			"rongyan_07_": { "x": 4.25, "y": 56.54, "scaleX": 0.55, "scaleY": 0.55, "width": 60, "height": 60 }
		},
		"rongyan_07_3": {
			"rongyan_07_": { "x": 4.25, "y": 56.54, "scaleX": 0.55, "scaleY": 0.55, "width": 60, "height": 60 }
		},
		"rongyan_07_4": {
			"rongyan_07_": { "x": 4.25, "y": 56.54, "scaleX": 0.55, "scaleY": 0.55, "width": 60, "height": 60 }
		},
		"rongyan_07_5": {
			"rongyan_07_": { "x": 4.25, "y": 56.54, "scaleX": 0.55, "scaleY": 0.55, "width": 60, "height": 60 }
		},
		"shitou01_": {
			"shitou01_": { "x": 0.68, "y": -2.4, "width": 7, "height": 16 }
		},
		"shitou02_": {
			"shitou02_": { "x": 0.02, "y": 1.39, "width": 8, "height": 25 }
		},
		"shitou03_": {
			"shitou03_": { "x": -0.98, "y": 0.45, "width": 8, "height": 24 }
		},
		"shitou04_": {
			"shitou04_": { "x": 0.58, "y": -1.37, "width": 7, "height": 15 }
		},
		"shitou05_": {
			"shitou05_": { "x": 0.63, "y": -0.45, "width": 4, "height": 14 }
		},
		"shitou06_": {
			"shitou06_": { "x": -0.3, "y": -0.79, "width": 6, "height": 14 }
		},
		"tou_": {
			"tou_": { "x": 8.95, "y": 200.13, "scaleX": 0.52, "scaleY": 0.52, "width": 50, "height": 51 }
		}
	}
},
"animations": {
	"animation": {
		"slots": {
			"guang_": {
				"color": [
					{
						"time": 0,
						"color": "ffffffa7",
						"curve": [ 0.25, 0, 0.75, 1 ]
					},
					{
						"time": 0.9,
						"color": "ffffff54",
						"curve": [ 0.25, 0, 0.75, 1 ]
					},
					{ "time": 1.8333, "color": "ffffffa7" }
				]
			},
			"rongyan_00_": {
				"attachment": [
					{ "time": 0, "name": null },
					{ "time": 0.1, "name": "rongyan_00_" },
					{ "time": 0.2, "name": null },
					{ "time": 0.8, "name": null },
					{ "time": 0.9, "name": "rongyan_00_" },
					{ "time": 1, "name": null },
					{ "time": 1.7, "name": null }
				]
			},
			"rongyan_00_3": {
				"attachment": [
					{ "time": 0, "name": null },
					{ "time": 0.3333, "name": "rongyan_00_" },
					{ "time": 0.4333, "name": null },
					{ "time": 0.8, "name": null },
					{ "time": 1.1333, "name": "rongyan_00_" },
					{ "time": 1.2333, "name": null },
					{ "time": 1.8333, "name": null }
				]
			},
			"rongyan_00_4": {
				"attachment": [
					{ "time": 0, "name": null },
					{ "time": 0.4666, "name": "rongyan_00_" },
					{ "time": 0.5666, "name": null },
					{ "time": 1.2666, "name": null }
				]
			},
			"rongyan_00_5": {
				"attachment": [
					{ "time": 0, "name": null },
					{ "time": 0.9333, "name": null },
					{ "time": 1.0333, "name": "rongyan_00_" },
					{ "time": 1.1333, "name": null }
				]
			},
			"rongyan_01_": {
				"attachment": [
					{ "time": 0, "name": null },
					{ "time": 0.1, "name": null },
					{ "time": 0.2, "name": "rongyan_01_" },
					{ "time": 0.3, "name": null },
					{ "time": 0.8, "name": null },
					{ "time": 1, "name": "rongyan_01_" },
					{ "time": 1.1, "name": null },
					{ "time": 1.7, "name": null }
				]
			},
			"rongyan_01_3": {
				"attachment": [
					{ "time": 0, "name": null },
					{ "time": 0.3333, "name": null },
					{ "time": 0.4333, "name": "rongyan_01_" },
					{ "time": 0.5333, "name": null },
					{ "time": 1.1333, "name": null },
					{ "time": 1.2333, "name": "rongyan_01_" },
					{ "time": 1.3333, "name": null },
					{ "time": 1.8333, "name": null }
				]
			},
			"rongyan_01_4": {
				"attachment": [
					{ "time": 0, "name": null },
					{ "time": 0.4666, "name": null },
					{ "time": 0.5666, "name": "rongyan_01_" },
					{ "time": 0.6666, "name": null },
					{ "time": 1.2666, "name": null }
				]
			},
			"rongyan_01_5": {
				"attachment": [
					{ "time": 0, "name": null },
					{ "time": 1.0333, "name": null },
					{ "time": 1.1333, "name": "rongyan_01_" },
					{ "time": 1.2333, "name": null }
				]
			},
			"rongyan_02_": {
				"attachment": [
					{ "time": 0, "name": null },
					{ "time": 0.2, "name": null },
					{ "time": 0.3, "name": "rongyan_02_" },
					{ "time": 0.4, "name": null },
					{ "time": 0.8, "name": null },
					{ "time": 1, "name": null },
					{ "time": 1.1, "name": "rongyan_02_" },
					{ "time": 1.2, "name": null },
					{ "time": 1.7, "name": null }
				]
			},
			"rongyan_02_3": {
				"attachment": [
					{ "time": 0, "name": null },
					{ "time": 0.3333, "name": null },
					{ "time": 0.4333, "name": null },
					{ "time": 0.5333, "name": "rongyan_02_" },
					{ "time": 0.6333, "name": null },
					{ "time": 1.1333, "name": null },
					{ "time": 1.2333, "name": null },
					{ "time": 1.3333, "name": "rongyan_02_" },
					{ "time": 1.4333, "name": null },
					{ "time": 1.8333, "name": null }
				]
			},
			"rongyan_02_4": {
				"attachment": [
					{ "time": 0, "name": null },
					{ "time": 0.4666, "name": null },
					{ "time": 0.5666, "name": null },
					{ "time": 0.6666, "name": "rongyan_02_" },
					{ "time": 0.7666, "name": null },
					{ "time": 1.2666, "name": null }
				]
			},
			"rongyan_02_5": {
				"attachment": [
					{ "time": 0, "name": null },
					{ "time": 1.1333, "name": null },
					{ "time": 1.2333, "name": "rongyan_02_" },
					{ "time": 1.3333, "name": null }
				]
			},
			"rongyan_03_": {
				"attachment": [
					{ "time": 0, "name": null },
					{ "time": 0.3, "name": null },
					{ "time": 0.4, "name": "rongyan_03_" },
					{ "time": 0.5, "name": null },
					{ "time": 0.8, "name": null },
					{ "time": 1.1, "name": null },
					{ "time": 1.2, "name": "rongyan_03_" },
					{ "time": 1.3, "name": null },
					{ "time": 1.7, "name": null }
				]
			},
			"rongyan_03_3": {
				"attachment": [
					{ "time": 0, "name": null },
					{ "time": 0.3333, "name": null },
					{ "time": 0.5333, "name": null },
					{ "time": 0.6333, "name": "rongyan_03_" },
					{ "time": 0.7333, "name": null },
					{ "time": 1.1333, "name": null },
					{ "time": 1.3333, "name": null },
					{ "time": 1.4333, "name": "rongyan_03_" },
					{ "time": 1.5333, "name": null },
					{ "time": 1.8333, "name": null }
				]
			},
			"rongyan_03_4": {
				"attachment": [
					{ "time": 0, "name": null },
					{ "time": 0.4666, "name": null },
					{ "time": 0.6666, "name": null },
					{ "time": 0.7666, "name": "rongyan_03_" },
					{ "time": 0.8666, "name": null },
					{ "time": 1.2666, "name": null }
				]
			},
			"rongyan_03_5": {
				"attachment": [
					{ "time": 0, "name": null },
					{ "time": 1.2333, "name": null },
					{ "time": 1.3333, "name": "rongyan_03_" },
					{ "time": 1.4333, "name": null }
				]
			},
			"rongyan_04_": {
				"attachment": [
					{ "time": 0, "name": null },
					{ "time": 0.4, "name": null },
					{ "time": 0.5, "name": "rongyan_04_" },
					{ "time": 0.6, "name": null },
					{ "time": 0.8, "name": null },
					{ "time": 1.2, "name": null },
					{ "time": 1.3, "name": "rongyan_04_" },
					{ "time": 1.4, "name": null },
					{ "time": 1.7, "name": null }
				]
			},
			"rongyan_04_3": {
				"attachment": [
					{ "time": 0, "name": null },
					{ "time": 0.3333, "name": null },
					{ "time": 0.6333, "name": null },
					{ "time": 0.7333, "name": "rongyan_04_" },
					{ "time": 0.8333, "name": null },
					{ "time": 1.1333, "name": null },
					{ "time": 1.4333, "name": null },
					{ "time": 1.5333, "name": "rongyan_04_" },
					{ "time": 1.6333, "name": null },
					{ "time": 1.8333, "name": null }
				]
			},
			"rongyan_04_4": {
				"attachment": [
					{ "time": 0, "name": null },
					{ "time": 0.4666, "name": null },
					{ "time": 0.7666, "name": null },
					{ "time": 0.8666, "name": "rongyan_04_" },
					{ "time": 0.9666, "name": null },
					{ "time": 1.2666, "name": null }
				]
			},
			"rongyan_04_5": {
				"attachment": [
					{ "time": 0, "name": null },
					{ "time": 1.3333, "name": null },
					{ "time": 1.4333, "name": "rongyan_04_" },
					{ "time": 1.5333, "name": null }
				]
			},
			"rongyan_05_": {
				"attachment": [
					{ "time": 0, "name": null },
					{ "time": 0.5, "name": null },
					{ "time": 0.6, "name": "rongyan_05_" },
					{ "time": 0.7, "name": null },
					{ "time": 0.8, "name": null },
					{ "time": 1.3, "name": null },
					{ "time": 1.4, "name": "rongyan_05_" },
					{ "time": 1.5, "name": null },
					{ "time": 1.7, "name": null }
				]
			},
			"rongyan_05_3": {
				"attachment": [
					{ "time": 0, "name": null },
					{ "time": 0.3333, "name": null },
					{ "time": 0.7333, "name": null },
					{ "time": 0.8333, "name": "rongyan_05_" },
					{ "time": 0.9333, "name": null },
					{ "time": 1.1333, "name": null },
					{ "time": 1.5333, "name": null },
					{ "time": 1.6333, "name": "rongyan_05_" },
					{ "time": 1.7333, "name": null },
					{ "time": 1.8333, "name": null }
				]
			},
			"rongyan_05_4": {
				"attachment": [
					{ "time": 0, "name": null },
					{ "time": 0.4666, "name": null },
					{ "time": 0.8666, "name": null },
					{ "time": 0.9666, "name": "rongyan_05_" },
					{ "time": 1.0666, "name": null },
					{ "time": 1.2666, "name": null }
				]
			},
			"rongyan_05_5": {
				"attachment": [
					{ "time": 0, "name": null },
					{ "time": 1.4333, "name": null },
					{ "time": 1.5333, "name": "rongyan_05_" },
					{ "time": 1.6333, "name": null }
				]
			},
			"rongyan_06_": {
				"attachment": [
					{ "time": 0, "name": null },
					{ "time": 0.6, "name": null },
					{ "time": 0.7, "name": "rongyan_06_" },
					{ "time": 0.8, "name": null },
					{ "time": 1.4, "name": null },
					{ "time": 1.5, "name": "rongyan_06_" },
					{ "time": 1.6, "name": null },
					{ "time": 1.7, "name": null }
				]
			},
			"rongyan_06_3": {
				"attachment": [
					{ "time": 0, "name": null },
					{ "time": 0.3333, "name": null },
					{ "time": 0.8333, "name": null },
					{ "time": 0.9333, "name": "rongyan_06_" },
					{ "time": 1.0333, "name": null },
					{ "time": 1.1333, "name": null },
					{ "time": 1.6333, "name": null },
					{ "time": 1.7333, "name": "rongyan_06_" },
					{ "time": 1.8333, "name": null }
				]
			},
			"rongyan_06_4": {
				"attachment": [
					{ "time": 0, "name": null },
					{ "time": 0.4666, "name": null },
					{ "time": 0.9666, "name": null },
					{ "time": 1.0666, "name": "rongyan_06_" },
					{ "time": 1.1666, "name": null },
					{ "time": 1.2666, "name": null }
				]
			},
			"rongyan_06_5": {
				"attachment": [
					{ "time": 0, "name": null },
					{ "time": 1.5333, "name": null },
					{ "time": 1.6333, "name": "rongyan_06_" },
					{ "time": 1.7333, "name": null }
				]
			},
			"rongyan_07_": {
				"attachment": [
					{ "time": 0, "name": null },
					{ "time": 0.7, "name": null },
					{ "time": 0.8, "name": "rongyan_07_" },
					{ "time": 0.9, "name": null },
					{ "time": 1.5, "name": null },
					{ "time": 1.6, "name": "rongyan_07_" },
					{ "time": 1.7, "name": null }
				]
			},
			"rongyan_07_3": {
				"attachment": [
					{ "time": 0, "name": null },
					{ "time": 0.3333, "name": null },
					{ "time": 0.9333, "name": null },
					{ "time": 1.0333, "name": "rongyan_07_" },
					{ "time": 1.1333, "name": null },
					{ "time": 1.7333, "name": null },
					{ "time": 1.8333, "name": "rongyan_07_" }
				]
			},
			"rongyan_07_4": {
				"attachment": [
					{ "time": 0, "name": null },
					{ "time": 0.4666, "name": null },
					{ "time": 1.0666, "name": null },
					{ "time": 1.1666, "name": "rongyan_07_" },
					{ "time": 1.2666, "name": null }
				]
			},
			"rongyan_07_5": {
				"attachment": [
					{ "time": 0, "name": null },
					{ "time": 1.6333, "name": null },
					{ "time": 1.7333, "name": "rongyan_07_" },
					{ "time": 1.8333, "name": null }
				]
			}
		},
		"bones": {
			"shitou02_": {
				"translate": [
					{
						"time": 0,
						"x": 0,
						"y": 0,
						"curve": [ 0.25, 0, 0.75, 1 ]
					},
					{
						"time": 0.9,
						"x": 0,
						"y": 9.36,
						"curve": [ 0.25, 0, 0.75, 1 ]
					},
					{ "time": 1.8333, "x": 0, "y": 0 }
				]
			},
			"shitou01_": {
				"translate": [
					{
						"time": 0,
						"x": 0,
						"y": 0,
						"curve": [ 0.066, 0.07, 0.75, 1 ]
					},
					{
						"time": 0.5333,
						"x": 0,
						"y": 3.81,
						"curve": [ 0.25, 0, 0.75, 1 ]
					},
					{
						"time": 1.2666,
						"x": 0,
						"y": -2.42,
						"curve": [ 0.25, 0, 0.979, 0.94 ]
					},
					{ "time": 1.8333, "x": 0, "y": 0 }
				]
			},
			"shitou06_": {
				"translate": [
					{
						"time": 0,
						"x": 0,
						"y": 0,
						"curve": [ 0.25, 0, 0.75, 1 ]
					},
					{
						"time": 0.9333,
						"x": 0,
						"y": 4.51,
						"curve": [ 0.25, 0, 0.75, 1 ]
					},
					{ "time": 1.8333, "x": 0, "y": 0 }
				]
			},
			"shitou05_": {
				"translate": [
					{
						"time": 0,
						"x": 0,
						"y": 0,
						"curve": [ 0.03, 0.05, 0.75, 1 ]
					},
					{
						"time": 0.5666,
						"x": 0,
						"y": -3.12,
						"curve": [ 0.25, 0, 0.75, 1 ]
					},
					{
						"time": 1.3,
						"x": 0,
						"y": 2.77,
						"curve": [ 0.25, 0, 0.974, 0.94 ]
					},
					{ "time": 1.8333, "x": 0, "y": 0 }
				]
			},
			"shitou04_": {
				"translate": [
					{
						"time": 0,
						"x": 0,
						"y": 0,
						"curve": [ 0.25, 0, 0.75, 1 ]
					},
					{
						"time": 0.9,
						"x": 0,
						"y": 5.2,
						"curve": [ 0.25, 0, 0.75, 1 ]
					},
					{ "time": 1.8333, "x": 0, "y": 0 }
				]
			},
			"shitou03_": {
				"translate": [
					{
						"time": 0,
						"x": 0,
						"y": 0,
						"curve": [ 0.056, 0.07, 0.75, 1 ]
					},
					{
						"time": 0.5666,
						"x": 0,
						"y": -4.16,
						"curve": [ 0.25, 0, 0.75, 1 ]
					},
					{
						"time": 1.3,
						"x": 0,
						"y": 3.46,
						"curve": [ 0.25, 0, 0.979, 0.93 ]
					},
					{ "time": 1.8333, "x": 0, "y": 0 }
				]
			}
		}
	}
}
}