{"skeleton":{"hash":"OgGPq5AW8bqK3lM4TwumuZviB2k","spine":"3.7.94","width":37.6,"height":37.6,"images":"./images/","audio":"E:/-界面-/骑士活动_界面特效/考核期选中特效/骑士活动_考核界面特效spine"},"bones":[{"name":"root"},{"name":"zhuan","parent":"root"},{"name":"zhuan2_","parent":"zhuan"},{"name":"zhuan1_a","parent":"zhuan"},{"name":"baoshi","parent":"root"},{"name":"bs","parent":"baoshi"},{"name":"zhuan1_b","parent":"zhuan"},{"name":"suduxian_a","parent":"baoshi","length":53.75,"rotation":90,"x":0.94,"y":-5.21},{"name":"suduxian_b","parent":"baoshi","length":48.94,"rotation":90,"x":1.21,"y":-14.12},{"name":"shine","parent":"root"},{"name":"guang","parent":"shine"},{"name":"guang_xian_","parent":"shine","x":0.67,"y":0.67},{"name":"guang_sun_","parent":"shine","x":0.27,"y":2.59},{"name":"guangqiu_1","parent":"baoshi"},{"name":"sun_","parent":"shine"},{"name":"shine_","parent":"shine"},{"name":"liuxian_1","parent":"root","rotation":-171.9,"x":-0.23,"y":-4.78,"scaleX":-1},{"name":"liuxian_2","parent":"root","rotation":148.31,"x":8.2,"y":3.11,"scaleX":-1},{"name":"liuxian_4","parent":"root","rotation":62.62,"x":8.2,"y":-6.6,"scaleX":-1},{"name":"liuxian_5","parent":"root","rotation":-71.15,"x":8.2,"y":-6.6,"scaleX":-1.3,"scaleY":1.3},{"name":"liuxian_3","parent":"root","rotation":-171.9,"x":-0.23,"y":-4.78,"scaleX":-1},{"name":"xuanwo_","parent":"zhuan"}],"slots":[{"name":"zhuan_","bone":"zhuan2_"},{"name":"zhuan1_a","bone":"zhuan1_a","blend":"additive"},{"name":"zhuan1_b","bone":"zhuan1_b","blend":"additive"},{"name":"guangqiu_","bone":"guangqiu_1","blend":"additive"},{"name":"sun_1","bone":"sun_"},{"name":"sun_2","bone":"sun_"},{"name":"suduxian_a_","bone":"suduxian_a"},{"name":"guang_","bone":"guang","blend":"additive"},{"name":"shine_1","bone":"shine_","blend":"additive"},{"name":"shine_2","bone":"shine_","blend":"additive"},{"name":"baoshi_","bone":"bs","attachment":"baoshi_"},{"name":"baoshi_guang_","bone":"bs"},{"name":"guang_sun_1","bone":"guang_sun_","blend":"additive"},{"name":"guang_sun_2","bone":"guang_sun_","blend":"additive"},{"name":"suduxian_b_","bone":"suduxian_b","blend":"additive"},{"name":"sg_00_","bone":"bs","blend":"additive"},{"name":"xian_","bone":"guang_xian_","blend":"additive"},{"name":"liuxian_1","bone":"liuxian_1","blend":"additive"},{"name":"liuxian_3","bone":"liuxian_3","blend":"additive"},{"name":"liuxian_2","bone":"liuxian_2","blend":"additive"},{"name":"liuxian_4","bone":"liuxian_4","blend":"additive"},{"name":"liuxian_5","bone":"liuxian_5","blend":"additive"},{"name":"xuanwo_","bone":"xuanwo_","blend":"additive"}],"skins":{"default":{"baoshi_":{"baoshi_":{"x":0.5,"y":0.5,"scaleX":0.8,"scaleY":0.8,"width":47,"height":47}},"baoshi_guang_":{"baoshi_guang_":{"x":0.5,"y":0.5,"width":104,"height":104}},"guang_":{"guang_":{"x":-0.4,"y":1.32,"width":359,"height":359}},"guang_sun_1":{"guang_sun_":{"x":-0.04,"y":126.67,"scaleY":1.022,"width":512,"height":252}},"guang_sun_2":{"guang_sun_":{"x":0.16,"y":-130.46,"scaleX":-1,"scaleY":1.019,"rotation":180,"width":512,"height":252}},"guangqiu_":{"guagnqiu_":{"width":64,"height":64}},"liuxian_1":{"liuxian_00_":{"x":-3.41,"y":150.02,"width":74,"height":310},"liuxian_01_":{"x":-3.41,"y":150.02,"width":74,"height":310},"liuxian_02_":{"x":-3.41,"y":150.02,"width":74,"height":310},"liuxian_03_":{"x":-3.41,"y":150.02,"width":74,"height":310},"liuxian_04_":{"x":-3.41,"y":150.02,"width":74,"height":310},"liuxian_05_":{"x":-3.41,"y":150.02,"width":74,"height":310},"liuxian_06_":{"x":-3.41,"y":150.02,"width":74,"height":310},"liuxian_07_":{"x":-3.41,"y":150.02,"width":74,"height":310},"liuxian_08_":{"x":-3.41,"y":150.02,"width":74,"height":310},"liuxian_09_":{"x":-3.41,"y":150.02,"width":74,"height":310},"liuxian_10_":{"x":-3.41,"y":150.02,"width":74,"height":310},"liuxian_11_":{"x":-3.41,"y":150.02,"width":74,"height":310},"liuxian_12_":{"x":-3.41,"y":150.02,"width":74,"height":310},"liuxian_13_":{"x":-3.41,"y":150.02,"width":74,"height":310},"liuxian_14_":{"x":-3.41,"y":150.02,"width":74,"height":310}},"liuxian_2":{"liuxian_00_":{"x":-6.67,"y":-143.46,"width":74,"height":310},"liuxian_01_":{"x":-6.67,"y":-143.46,"width":74,"height":310},"liuxian_02_":{"x":-6.67,"y":-143.46,"width":74,"height":310},"liuxian_03_":{"x":-6.67,"y":-143.46,"width":74,"height":310},"liuxian_04_":{"x":-6.67,"y":-143.46,"width":74,"height":310},"liuxian_05_":{"x":-6.67,"y":-143.46,"width":74,"height":310},"liuxian_06_":{"x":-6.67,"y":-143.46,"width":74,"height":310},"liuxian_07_":{"x":-6.67,"y":-143.46,"width":74,"height":310},"liuxian_08_":{"x":-6.67,"y":-143.46,"width":74,"height":310},"liuxian_09_":{"x":-6.67,"y":-143.46,"width":74,"height":310},"liuxian_10_":{"x":-6.67,"y":-143.46,"width":74,"height":310},"liuxian_11_":{"x":-6.67,"y":-143.46,"width":74,"height":310},"liuxian_12_":{"x":-6.67,"y":-143.46,"width":74,"height":310},"liuxian_13_":{"x":-6.67,"y":-143.46,"width":74,"height":310},"liuxian_14_":{"x":-6.67,"y":-143.46,"width":74,"height":310}},"liuxian_3":{"liuxian_00_":{"x":-3.41,"y":150.02,"width":74,"height":310},"liuxian_01_":{"x":-3.41,"y":150.02,"width":74,"height":310},"liuxian_02_":{"x":-3.41,"y":150.02,"width":74,"height":310},"liuxian_03_":{"x":-3.41,"y":150.02,"width":74,"height":310},"liuxian_04_":{"x":-3.41,"y":150.02,"width":74,"height":310},"liuxian_05_":{"x":-3.41,"y":150.02,"width":74,"height":310},"liuxian_06_":{"x":-3.41,"y":150.02,"width":74,"height":310},"liuxian_07_":{"x":-3.41,"y":150.02,"width":74,"height":310},"liuxian_08_":{"x":-3.41,"y":150.02,"width":74,"height":310},"liuxian_09_":{"x":-3.41,"y":150.02,"width":74,"height":310},"liuxian_10_":{"x":-3.41,"y":150.02,"width":74,"height":310},"liuxian_11_":{"x":-3.41,"y":150.02,"width":74,"height":310},"liuxian_12_":{"x":-3.41,"y":150.02,"width":74,"height":310},"liuxian_13_":{"x":-3.41,"y":150.02,"width":74,"height":310},"liuxian_14_":{"x":-3.41,"y":150.02,"width":74,"height":310}},"liuxian_4":{"liuxian_00_":{"x":-6.67,"y":-143.46,"width":74,"height":310},"liuxian_01_":{"x":-6.67,"y":-143.46,"width":74,"height":310},"liuxian_02_":{"x":-6.67,"y":-143.46,"width":74,"height":310},"liuxian_03_":{"x":-6.67,"y":-143.46,"width":74,"height":310},"liuxian_04_":{"x":-6.67,"y":-143.46,"width":74,"height":310},"liuxian_05_":{"x":-6.67,"y":-143.46,"width":74,"height":310},"liuxian_06_":{"x":-6.67,"y":-143.46,"width":74,"height":310},"liuxian_07_":{"x":-6.67,"y":-143.46,"width":74,"height":310},"liuxian_08_":{"x":-6.67,"y":-143.46,"width":74,"height":310},"liuxian_09_":{"x":-6.67,"y":-143.46,"width":74,"height":310},"liuxian_10_":{"x":-6.67,"y":-143.46,"width":74,"height":310},"liuxian_11_":{"x":-6.67,"y":-143.46,"width":74,"height":310},"liuxian_12_":{"x":-6.67,"y":-143.46,"width":74,"height":310},"liuxian_13_":{"x":-6.67,"y":-143.46,"width":74,"height":310},"liuxian_14_":{"x":-6.67,"y":-143.46,"width":74,"height":310}},"liuxian_5":{"liuxian_00_":{"x":-6.67,"y":-143.46,"width":74,"height":310},"liuxian_01_":{"x":-6.67,"y":-143.46,"width":74,"height":310},"liuxian_02_":{"x":-6.67,"y":-143.46,"width":74,"height":310},"liuxian_03_":{"x":-6.67,"y":-143.46,"width":74,"height":310},"liuxian_04_":{"x":-6.67,"y":-143.46,"width":74,"height":310},"liuxian_05_":{"x":-6.67,"y":-143.46,"width":74,"height":310},"liuxian_06_":{"x":-6.67,"y":-143.46,"width":74,"height":310},"liuxian_07_":{"x":-6.67,"y":-143.46,"width":74,"height":310},"liuxian_08_":{"x":-6.67,"y":-143.46,"width":74,"height":310},"liuxian_09_":{"x":-6.67,"y":-143.46,"width":74,"height":310},"liuxian_10_":{"x":-6.67,"y":-143.46,"width":74,"height":310},"liuxian_11_":{"x":-6.67,"y":-143.46,"width":74,"height":310},"liuxian_12_":{"x":-6.67,"y":-143.46,"width":74,"height":310},"liuxian_13_":{"x":-6.67,"y":-143.46,"width":74,"height":310},"liuxian_14_":{"x":-6.67,"y":-143.46,"width":74,"height":310}},"sg_00_":{"sg_00_":{"width":70,"height":70},"sg_01_":{"width":70,"height":70},"sg_02_":{"width":70,"height":70},"sg_03_":{"width":70,"height":70},"sg_04_":{"width":70,"height":70},"sg_05_":{"width":70,"height":70},"sg_06_":{"width":70,"height":70},"sg_07_":{"width":70,"height":70},"sg_08_":{"width":70,"height":70},"sg_09_":{"width":70,"height":70},"sg_10_":{"width":70,"height":70},"sg_11_":{"width":70,"height":70},"sg_12_":{"width":70,"height":70},"sg_13_":{"width":70,"height":70},"sg_14_":{"width":70,"height":70}},"shine_1":{"shine_":{"x":-0.4,"y":62.9,"width":256,"height":126}},"shine_2":{"shine_":{"x":-0.92,"y":-63.07,"scaleX":-1,"rotation":180,"width":256,"height":126}},"suduxian_a_":{"suduxian_a_":{"x":72.79,"y":-0.99,"rotation":-90,"width":44,"height":179}},"suduxian_b_":{"suduxian_b_":{"x":45.57,"y":-0.99,"rotation":-90,"width":29,"height":111}},"sun_1":{"sun_":{"x":2.29,"y":142.5,"width":553,"height":285}},"sun_2":{"sun_":{"x":0.19,"y":-142.51,"rotation":180,"width":553,"height":285}},"xian_":{"xian_":{"x":0.83,"y":-0.67,"rotation":0.89,"width":256,"height":151}},"xuanwo_":{"xuanwo_":{"width":256,"height":256}},"zhuan1_a":{"zhuan1_":{"width":152,"height":151}},"zhuan1_b":{"zhuan1_":{"width":152,"height":151}},"zhuan_":{"zhuan2_":{"x":1.14,"y":2.27,"width":236,"height":233}}}},"events":{"event":{}},"animations":{"animation":{"slots":{"baoshi_":{"color":[{"time":0,"color":"ffffff00"},{"time":0.2,"color":"ffffffff"}],"attachment":[{"time":1.8333,"name":null}]},"baoshi_guang_":{"color":[{"time":0.7667,"color":"ffffffff"},{"time":1.0667,"color":"ffffff00"}],"attachment":[{"time":0.6667,"name":"baoshi_guang_"},{"time":1.8333,"name":null}]},"guang_":{"color":[{"time":2.1333,"color":"ffffffff"},{"time":2.2667,"color":"ffffff00"}],"attachment":[{"time":1.9333,"name":"guang_"}]},"guang_sun_1":{"color":[{"time":0.7333,"color":"ffffffff"},{"time":0.9667,"color":"ffc26b00","curve":"stepped"},{"time":2,"color":"ffc26b00"},{"time":2.0333,"color":"ffd663ff","curve":"stepped"},{"time":2.2667,"color":"ffd663ff"},{"time":2.4333,"color":"ffd66300"}],"attachment":[{"time":0.4667,"name":"guang_sun_"}]},"guang_sun_2":{"color":[{"time":0.7333,"color":"ffffffff"},{"time":0.9667,"color":"ffc26b00","curve":"stepped"},{"time":2,"color":"ffc26b00"},{"time":2.0333,"color":"ffd663ff","curve":"stepped"},{"time":2.2667,"color":"ffd663ff"},{"time":2.4333,"color":"ffd66300"}],"attachment":[{"time":0.4667,"name":"guang_sun_"}]},"guangqiu_":{"color":[{"time":0.0667,"color":"ff65d764"},{"time":0.1333,"color":"ff65c5ff"},{"time":0.2333,"color":"ff6591ff"},{"time":0.3333,"color":"ff5b5bff","curve":"stepped"},{"time":0.4,"color":"ff5b5bff"},{"time":0.5333,"color":"ffa41e00"}],"attachment":[{"time":0.0667,"name":"guagnqiu_"}]},"liuxian_1":{"color":[{"time":1,"color":"ff008274"},{"time":1.3333,"color":"ff0031ce"},{"time":1.6333,"color":"ffffffff"}],"attachment":[{"time":1,"name":"liuxian_14_"},{"time":1.0667,"name":"liuxian_13_"},{"time":1.1333,"name":"liuxian_12_"},{"time":1.1667,"name":"liuxian_11_"},{"time":1.2,"name":"liuxian_10_"},{"time":1.2667,"name":"liuxian_09_"},{"time":1.3,"name":"liuxian_08_"},{"time":1.3333,"name":"liuxian_07_"},{"time":1.3667,"name":"liuxian_06_"},{"time":1.4333,"name":"liuxian_05_"},{"time":1.4667,"name":"liuxian_04_"},{"time":1.5,"name":"liuxian_03_"},{"time":1.5667,"name":"liuxian_02_"},{"time":1.6,"name":"liuxian_01_"},{"time":1.6333,"name":"liuxian_00_"},{"time":1.6667,"name":null}]},"liuxian_2":{"color":[{"time":0.9667,"color":"ff008274"},{"time":1.3667,"color":"ff0031ce"},{"time":1.8,"color":"ffffffff"}],"attachment":[{"time":0.9667,"name":"liuxian_00_"},{"time":1.0333,"name":"liuxian_01_"},{"time":1.1,"name":"liuxian_02_"},{"time":1.1667,"name":"liuxian_03_"},{"time":1.2333,"name":"liuxian_04_"},{"time":1.3,"name":"liuxian_05_"},{"time":1.3667,"name":"liuxian_06_"},{"time":1.4333,"name":"liuxian_07_"},{"time":1.5,"name":"liuxian_08_"},{"time":1.5667,"name":"liuxian_09_"},{"time":1.6333,"name":"liuxian_10_"},{"time":1.7,"name":"liuxian_11_"},{"time":1.7667,"name":"liuxian_12_"},{"time":1.8333,"name":"liuxian_13_"},{"time":1.9,"name":"liuxian_14_"},{"time":1.9667,"name":null}]},"liuxian_3":{"color":[{"time":1.2667,"color":"ff008274"},{"time":1.6,"color":"ff0031ce"},{"time":1.9,"color":"ffffffff"}],"attachment":[{"time":1.2667,"name":"liuxian_14_"},{"time":1.3333,"name":"liuxian_13_"},{"time":1.4,"name":"liuxian_12_"},{"time":1.4333,"name":"liuxian_11_"},{"time":1.4667,"name":"liuxian_10_"},{"time":1.5333,"name":"liuxian_09_"},{"time":1.5667,"name":"liuxian_08_"},{"time":1.6,"name":"liuxian_07_"},{"time":1.6333,"name":"liuxian_06_"},{"time":1.7,"name":"liuxian_05_"},{"time":1.7333,"name":"liuxian_04_"},{"time":1.7667,"name":"liuxian_03_"},{"time":1.8333,"name":"liuxian_02_"},{"time":1.8667,"name":"liuxian_01_"},{"time":1.9,"name":"liuxian_00_"},{"time":1.9333,"name":null}]},"liuxian_4":{"color":[{"time":1.2667,"color":"ff008274"},{"time":1.6,"color":"ff619cc6"},{"time":2.0333,"color":"ffe2bf74"}],"attachment":[{"time":1.2667,"name":"liuxian_00_"},{"time":1.3333,"name":"liuxian_01_"},{"time":1.4,"name":"liuxian_02_"},{"time":1.4667,"name":"liuxian_03_"},{"time":1.5333,"name":"liuxian_04_"},{"time":1.6,"name":"liuxian_05_"},{"time":1.6667,"name":"liuxian_06_"},{"time":1.7333,"name":"liuxian_07_"},{"time":1.8,"name":"liuxian_08_"},{"time":1.8333,"name":"liuxian_09_"},{"time":1.8667,"name":"liuxian_10_"},{"time":1.9,"name":"liuxian_11_"},{"time":1.9333,"name":"liuxian_12_"},{"time":1.9667,"name":"liuxian_13_"},{"time":2,"name":"liuxian_14_"},{"time":2.0333,"name":null}]},"liuxian_5":{"color":[{"time":0.6,"color":"ff008274"},{"time":0.9333,"color":"ff619cc6"},{"time":1.3667,"color":"ffe2bf74"},{"time":1.4,"color":"ffcab700"},{"time":1.5333,"color":"ff699874"}],"attachment":[{"time":0.6,"name":"liuxian_00_"},{"time":0.6667,"name":"liuxian_01_"},{"time":0.7333,"name":"liuxian_02_"},{"time":0.8,"name":"liuxian_03_"},{"time":0.8667,"name":"liuxian_04_"},{"time":0.9333,"name":"liuxian_05_"},{"time":1,"name":"liuxian_06_"},{"time":1.0667,"name":"liuxian_07_"},{"time":1.1333,"name":"liuxian_08_"},{"time":1.1667,"name":"liuxian_09_"},{"time":1.2,"name":"liuxian_10_"},{"time":1.2333,"name":"liuxian_11_"},{"time":1.2667,"name":"liuxian_12_"},{"time":1.3,"name":"liuxian_13_"},{"time":1.3333,"name":"liuxian_14_"},{"time":1.3667,"name":null},{"time":1.4,"name":"liuxian_03_"},{"time":1.4667,"name":"liuxian_04_"},{"time":1.5333,"name":"liuxian_05_"},{"time":1.6,"name":"liuxian_06_"},{"time":1.6667,"name":"liuxian_07_"},{"time":1.7333,"name":"liuxian_08_"},{"time":1.8,"name":"liuxian_09_"},{"time":1.8667,"name":"liuxian_10_"},{"time":1.9,"name":"liuxian_11_"},{"time":1.9333,"name":"liuxian_12_"},{"time":1.9667,"name":"liuxian_13_"},{"time":2,"name":"liuxian_14_"},{"time":2.0333,"name":null}]},"sg_00_":{"attachment":[{"time":0.4667,"name":"sg_00_"},{"time":0.5333,"name":"sg_01_"},{"time":0.6,"name":"sg_02_"},{"time":0.6667,"name":"sg_03_"},{"time":0.7333,"name":"sg_04_"},{"time":0.8,"name":"sg_05_"},{"time":0.8667,"name":"sg_06_"},{"time":0.9333,"name":"sg_07_"},{"time":1,"name":"sg_08_"},{"time":1.0667,"name":"sg_09_"},{"time":1.1333,"name":"sg_10_"},{"time":1.2,"name":"sg_11_"},{"time":1.2333,"name":"sg_12_"},{"time":1.3,"name":"sg_13_"},{"time":1.3333,"name":"sg_14_"},{"time":1.4,"name":"sg_00_"},{"time":1.4667,"name":"sg_01_"},{"time":1.5,"name":"sg_02_"},{"time":1.5333,"name":"sg_03_"},{"time":1.5667,"name":"sg_04_"},{"time":1.6,"name":"sg_05_"},{"time":1.6333,"name":"sg_06_"},{"time":1.6667,"name":"sg_07_"},{"time":1.7,"name":"sg_08_"},{"time":1.7333,"name":"sg_09_"},{"time":1.7667,"name":"sg_10_"},{"time":1.8,"name":"sg_11_"},{"time":1.8333,"name":"sg_12_"},{"time":1.8667,"name":null}]},"shine_1":{"color":[{"time":0.4667,"color":"ff480000"},{"time":0.5,"color":"ffc8777e"},{"time":0.5667,"color":"ffffffff","curve":"stepped"},{"time":2.2667,"color":"ffffffff"},{"time":2.4,"color":"ffffff00"}],"attachment":[{"time":0.4667,"name":"shine_"},{"time":0.8333,"name":null},{"time":1.8333,"name":"shine_"},{"time":2.4,"name":null}]},"shine_2":{"color":[{"time":0.4667,"color":"ff480000"},{"time":0.5,"color":"ffc8777e"},{"time":0.5667,"color":"ffffffff","curve":"stepped"},{"time":2.2667,"color":"ffffffff"},{"time":2.4,"color":"ffffff00"}],"attachment":[{"time":0.4667,"name":"shine_"},{"time":0.8333,"name":null},{"time":1.8333,"name":"shine_"},{"time":2.4,"name":null}]},"suduxian_a_":{"color":[{"time":0,"color":"ffffff00"},{"time":0.1,"color":"ffffffff","curve":"stepped"},{"time":0.4,"color":"ffffffff"},{"time":0.4667,"color":"ffffff00"}],"attachment":[{"time":0,"name":"suduxian_a_"}]},"suduxian_b_":{"color":[{"time":0,"color":"ffffff00"},{"time":0.1,"color":"ffffffff","curve":"stepped"},{"time":0.4667,"color":"ffffffff"},{"time":0.5667,"color":"ffffff00"}],"attachment":[{"time":0,"name":"suduxian_b_"}]},"sun_1":{"color":[{"time":2.2333,"color":"ffffff54"},{"time":2.3,"color":"ffffffff"},{"time":2.7333,"color":"ffffff00"}],"attachment":[{"time":2.2333,"name":"sun_"}]},"sun_2":{"color":[{"time":2.2333,"color":"ffffff54"},{"time":2.3,"color":"ffffffff"},{"time":2.7333,"color":"ffffff00"}],"attachment":[{"time":2.2333,"name":"sun_"}]},"xian_":{"color":[{"time":2.3333,"color":"ffffffff"},{"time":2.4,"color":"ffffff00"}],"attachment":[{"time":0.4667,"name":"xian_"},{"time":0.6667,"name":null},{"time":1.8,"name":"xian_"}]},"xuanwo_":{"color":[{"time":0.4667,"color":"ffffff00"},{"time":0.5,"color":"ffffff3f"},{"time":0.5333,"color":"ffffffff","curve":"stepped"},{"time":1.8333,"color":"ffffffff"},{"time":2,"color":"ffffff00"}],"attachment":[{"time":0.4667,"name":"xuanwo_"},{"time":2.3667,"name":null}]},"zhuan1_a":{"color":[{"time":0.4333,"color":"ffc33500"},{"time":0.6667,"color":"ffcf5dff"},{"time":1.1,"color":"ffffffff"},{"time":1.5667,"color":"ffc23300"},{"time":1.6,"color":"ffc33500"},{"time":1.9333,"color":"ffcf5dff"},{"time":2.2667,"color":"ffffffff"},{"time":2.5,"color":"ffc23300"}],"attachment":[{"time":0.4333,"name":"zhuan1_"},{"time":2.3667,"name":null}]},"zhuan1_b":{"color":[{"time":0,"color":"ffc33500","curve":"stepped"},{"time":0.8,"color":"ffc33500"},{"time":1.3333,"color":"ffffffff"},{"time":1.8333,"color":"ffc33500","curve":"stepped"},{"time":1.8667,"color":"ffc33500"},{"time":2.4,"color":"ffffffff"},{"time":2.5,"color":"ffc33500"}],"attachment":[{"time":0.8,"name":"zhuan1_"},{"time":2.3667,"name":null}]},"zhuan_":{"color":[{"time":0.3333,"color":"ffffff00"},{"time":0.9333,"color":"ffffffe3","curve":"stepped"},{"time":1.9333,"color":"ffffffe3"},{"time":2.0667,"color":"ffffff00"}],"attachment":[{"time":0.3333,"name":"zhuan2_"},{"time":2.0667,"name":null}]}},"bones":{"zhuan2_":{"rotate":[{"time":0.3333,"angle":0},{"time":1.4,"angle":-92.39},{"time":2.1667,"angle":121.15}],"scale":[{"time":1.4,"x":1,"y":1,"curve":[0.25,0,0.75,1]},{"time":1.9667,"x":0.544,"y":0.544}]},"zhuan1_a":{"rotate":[{"time":0.4333,"angle":0},{"time":1.5667,"angle":-179},{"time":2.5,"angle":37}],"scale":[{"time":0.4333,"x":1,"y":1},{"time":1.5667,"x":0.64,"y":0.64},{"time":1.6,"x":1,"y":1},{"time":2.5,"x":0.714,"y":0.714}]},"zhuan1_b":{"rotate":[{"time":0,"angle":-75.94,"curve":"stepped"},{"time":0.8,"angle":-75.94},{"time":1.4333,"angle":-179},{"time":2.4667,"angle":1},{"time":2.5,"angle":0}],"scale":[{"time":0,"x":1.3,"y":1.3,"curve":"stepped"},{"time":0.8,"x":1.3,"y":1.3},{"time":1.8333,"x":0.64,"y":0.64},{"time":1.8667,"x":1.3,"y":1.3}]},"baoshi":{"translate":[{"time":0,"x":0,"y":540.88,"curve":[0.25,0,0.908,0.92]},{"time":0.4667,"x":0,"y":0}]},"suduxian_a":{"scale":[{"time":0,"x":0.233,"y":0.544},{"time":0.1667,"x":1.564,"y":1},{"time":0.4,"x":2.591,"y":1},{"time":0.4667,"x":1,"y":1}]},"suduxian_b":{"scale":[{"time":0,"x":0.886,"y":0.332},{"time":0.2,"x":1,"y":1.267},{"time":0.3667,"x":1.611,"y":1.1},{"time":0.4667,"x":1,"y":1}]},"bs":{"rotate":[{"time":0.8,"angle":12.02,"curve":[0.25,0,0.75,1]},{"time":1.7667,"angle":-7.02}],"translate":[{"time":0.8,"x":0,"y":0},{"time":1.2667,"x":0,"y":-5.82},{"time":1.7667,"x":0,"y":0}]},"zhuan":{"scale":[{"time":0.3333,"x":2,"y":2,"curve":[0.243,0,0.68,0.71]},{"time":2.3333,"x":0.608,"y":0.608}]},"guang_sun_":{"scale":[{"time":0.4667,"x":0.159,"y":0.179},{"time":0.5333,"x":0.457,"y":0.457},{"time":0.9667,"x":0.337,"y":0.337,"curve":"stepped"},{"time":2.0333,"x":0.337,"y":0.337},{"time":2.3333,"x":3.285,"y":3.285}]},"guangqiu_1":{"translate":[{"time":0.0667,"x":0,"y":23.99},{"time":0.2333,"x":0,"y":64.75},{"time":0.3333,"x":0,"y":87.35}],"scale":[{"time":0.0667,"x":1.647,"y":3.56},{"time":0.2333,"x":3.153,"y":8.652},{"time":0.3333,"x":3.831,"y":11.845}]},"guang":{"scale":[{"time":1.9333,"x":0.39,"y":0.39,"curve":[0.25,0,0.75,1]},{"time":2.1333,"x":1.8,"y":1.8}]},"guang_xian_":{"scale":[{"time":0.4667,"x":0.632,"y":0.227},{"time":0.5333,"x":1.4,"y":0.247},{"time":0.6667,"x":1.516,"y":-0.003},{"time":1.8,"x":0.299,"y":0.616},{"time":1.8667,"x":0.634,"y":0.261},{"time":1.9667,"x":0.9,"y":0.216},{"time":2.1333,"x":4.629,"y":0.648}]},"sun_":{"scale":[{"time":2.2333,"x":1,"y":1},{"time":2.4333,"x":17.357,"y":17.357}]},"shine_":{"scale":[{"time":0.4667,"x":0.696,"y":0.696,"curve":[0.588,0.05,0.786,0.91]},{"time":0.8333,"x":0.151,"y":0.151,"curve":[0.588,0.05,0.786,0.91]},{"time":1.8333,"x":0.234,"y":0.234},{"time":1.9,"x":0.284,"y":0.284},{"time":1.9667,"x":0.403,"y":0.403},{"time":2.0333,"x":0.753,"y":0.753},{"time":2.1667,"x":2.432,"y":2.432},{"time":2.4667,"x":3,"y":3}]},"liuxian_5":{"rotate":[{"time":1.4,"angle":0},{"time":1.4333,"angle":21.52}]},"liuxian_3":{"rotate":[{"time":1.2667,"angle":-151.86}]},"xuanwo_":{"rotate":[{"time":0.4667,"angle":0},{"time":2,"angle":-88.54}]}},"events":[{"time":1.8667,"name":"event"}]}}}