{
"skeleton": { "hash": "Ml5OQppyoEmQVIcw/dSOLnGXxaE", "spine": "3.7.94", "width": 236, "height": 88.19 },
"bones": [
	{ "name": "root" },
	{ "name": "bone", "parent": "root" },
	{ "name": "sg", "parent": "root", "y": -21.65 }
],
"slots": [
	{ "name": "diban_", "bone": "root", "attachment": "diban_" },
	{ "name": "sg_", "bone": "sg", "blend": "additive" },
	{ "name": "bing_", "bone": "root", "attachment": "bing_" },
	{ "name": "bing_2", "bone": "root", "attachment": "bing_" },
	{ "name": "bao_", "bone": "root", "attachment": "bao_" },
	{ "name": "baosg_00_", "bone": "bone", "blend": "screen" },
	{ "name": "baosg_01_", "bone": "bone", "blend": "screen" },
	{ "name": "baosg_02_", "bone": "bone", "blend": "screen" },
	{ "name": "baosg_03_", "bone": "bone", "blend": "screen" },
	{ "name": "baosg_04_", "bone": "bone", "blend": "screen" },
	{ "name": "baosg_05_", "bone": "bone", "blend": "screen" },
	{ "name": "baosg_06_", "bone": "bone", "blend": "screen" },
	{ "name": "baosg_07_", "bone": "bone", "blend": "screen" },
	{ "name": "baosg_08_", "bone": "bone", "blend": "screen" },
	{ "name": "baosg_09_", "bone": "bone", "blend": "screen" },
	{ "name": "baosg_10_", "bone": "bone", "blend": "screen" }
],
"skins": {
	"default": {
		"bao_": {
			"bao_": { "x": 0.01, "y": 16.51, "width": 52, "height": 51 }
		},
		"baosg_00_": {
			"baosg_00_": { "x": 0.95, "y": 0.31, "width": 270, "height": 100 }
		},
		"baosg_01_": {
			"baosg_01_": { "x": 0.95, "y": 0.31, "width": 270, "height": 100 }
		},
		"baosg_02_": {
			"baosg_02_": { "x": 0.95, "y": 0.31, "width": 270, "height": 100 }
		},
		"baosg_03_": {
			"baosg_03_": { "x": 0.95, "y": 0.31, "width": 270, "height": 100 }
		},
		"baosg_04_": {
			"baosg_04_": { "x": 0.95, "y": 0.31, "width": 270, "height": 100 }
		},
		"baosg_05_": {
			"baosg_05_": { "x": 0.95, "y": 0.31, "width": 270, "height": 100 }
		},
		"baosg_06_": {
			"baosg_06_": { "x": 0.95, "y": 0.31, "width": 270, "height": 100 }
		},
		"baosg_07_": {
			"baosg_07_": { "x": 0.95, "y": 0.31, "width": 270, "height": 100 }
		},
		"baosg_08_": {
			"baosg_08_": { "x": 0.95, "y": 0.31, "width": 270, "height": 100 }
		},
		"baosg_09_": {
			"baosg_09_": { "x": 0.95, "y": 0.31, "width": 270, "height": 100 }
		},
		"baosg_10_": {
			"baosg_10_": { "x": 0.95, "y": 0.31, "width": 270, "height": 100 }
		},
		"bing_": {
			"bing_": { "x": -45.63, "y": 8.58, "width": 65, "height": 31 }
		},
		"bing_2": {
			"bing_": { "x": 45.66, "y": 8.58, "scaleX": -1, "width": 65, "height": 31 }
		},
		"diban_": {
			"diban_": { "x": 1.05, "y": -22.18, "width": 236, "height": 48 }
		},
		"sg_": {
			"sg_": { "x": -3.7, "y": 0.28, "scaleX": 2, "scaleY": 2, "width": 125, "height": 30 }
		}
	}
},
"animations": {
	"animation": {
		"slots": {
			"baosg_00_": {
				"color": [
					{ "time": 0, "color": "ffffff00" },
					{ "time": 0.2333, "color": "ffffffff" },
					{ "time": 0.4333, "color": "ffffff00" }
				],
				"attachment": [
					{ "time": 0, "name": "baosg_00_" }
				]
			},
			"baosg_01_": {
				"color": [
					{ "time": 0, "color": "ffffff00", "curve": "stepped" },
					{ "time": 0.1667, "color": "ffffff00" },
					{ "time": 0.3667, "color": "ffffffff" },
					{ "time": 0.6, "color": "ffffff00" }
				],
				"attachment": [
					{ "time": 0, "name": "baosg_01_" }
				]
			},
			"baosg_02_": {
				"color": [
					{ "time": 0, "color": "ffffff00", "curve": "stepped" },
					{ "time": 0.3, "color": "ffffff00" },
					{ "time": 0.5333, "color": "ffffffff" },
					{ "time": 0.7333, "color": "ffffff00" }
				],
				"attachment": [
					{ "time": 0, "name": "baosg_02_" }
				]
			},
			"baosg_03_": {
				"color": [
					{ "time": 0, "color": "ffffff00", "curve": "stepped" },
					{ "time": 0.4667, "color": "ffffff00" },
					{ "time": 0.6667, "color": "ffffffff" },
					{ "time": 0.9, "color": "ffffff00" }
				],
				"attachment": [
					{ "time": 0, "name": "baosg_03_" }
				]
			},
			"baosg_04_": {
				"color": [
					{ "time": 0, "color": "ffffff00", "curve": "stepped" },
					{ "time": 0.6, "color": "ffffff00" },
					{ "time": 0.8, "color": "ffffffff" },
					{ "time": 1.0333, "color": "ffffff00" }
				],
				"attachment": [
					{ "time": 0, "name": "baosg_04_" }
				]
			},
			"baosg_05_": {
				"color": [
					{ "time": 0, "color": "ffffff00", "curve": "stepped" },
					{ "time": 0.7333, "color": "ffffff00" },
					{ "time": 0.9667, "color": "ffffffff" },
					{ "time": 1.1667, "color": "ffffff00" }
				],
				"attachment": [
					{ "time": 0, "name": "baosg_05_" }
				]
			},
			"baosg_06_": {
				"color": [
					{ "time": 0, "color": "ffffff00", "curve": "stepped" },
					{ "time": 0.9, "color": "ffffff00" },
					{ "time": 1.1, "color": "ffffffff" },
					{ "time": 1.3333, "color": "ffffff00" }
				],
				"attachment": [
					{ "time": 0, "name": "baosg_06_" }
				]
			},
			"baosg_07_": {
				"color": [
					{ "time": 0, "color": "ffffff00", "curve": "stepped" },
					{ "time": 1.0333, "color": "ffffff00" },
					{ "time": 1.2333, "color": "ffffffff" },
					{ "time": 1.4667, "color": "ffffff00" }
				],
				"attachment": [
					{ "time": 0, "name": "baosg_07_" }
				]
			},
			"baosg_08_": {
				"color": [
					{ "time": 0, "color": "ffffff00", "curve": "stepped" },
					{ "time": 1.1667, "color": "ffffff00" },
					{ "time": 1.3667, "color": "ffffffff" },
					{ "time": 1.6, "color": "ffffff00" }
				],
				"attachment": [
					{ "time": 0, "name": "baosg_08_" }
				]
			},
			"baosg_09_": {
				"color": [
					{ "time": 0, "color": "ffffff00", "curve": "stepped" },
					{ "time": 1.3, "color": "ffffff00" },
					{ "time": 1.5, "color": "ffffffff" },
					{ "time": 1.7333, "color": "ffffff00" }
				],
				"attachment": [
					{ "time": 0, "name": "baosg_09_" }
				]
			},
			"baosg_10_": {
				"color": [
					{ "time": 0, "color": "ffffff00", "curve": "stepped" },
					{ "time": 1.4333, "color": "ffffff00" },
					{ "time": 1.6333, "color": "ffffffff" },
					{ "time": 1.8667, "color": "ffffff00" }
				],
				"attachment": [
					{ "time": 0, "name": "baosg_10_" }
				]
			},
			"sg_": {
				"color": [
					{ "time": 0, "color": "00b5b100" },
					{ "time": 0.5667, "color": "ffffffff", "curve": "stepped" },
					{ "time": 0.8667, "color": "ffffffff" },
					{ "time": 1.6667, "color": "00b5b100" }
				],
				"attachment": [
					{ "time": 0, "name": "sg_" }
				]
			}
		},
		"bones": {
			"sg": {
				"translate": [
					{
						"time": 0,
						"x": -74.5,
						"y": 0,
						"curve": [ 0.213, 0.15, 0.688, 0.87 ]
					},
					{ "time": 2, "x": 121.11, "y": 0 }
				],
				"scale": [
					{ "time": 0, "x": 0.641, "y": 1 },
					{ "time": 1, "x": 1, "y": 1 },
					{ "time": 2, "x": 0.641, "y": 1 }
				]
			}
		}
	}
}
}