{"skeleton":{"hash":"kS8eBU53VfLkcx1+ZWfleNfvGkk","spine":"3.7.94","width":0,"height":0,"images":"","audio":""},"bones":[{"name":"root"},{"name":"lan","parent":"root"},{"name":"guagnqiu1","parent":"lan","y":29.4},{"name":"guangzhulan_1","parent":"lan"},{"name":"guangzhulan_2","parent":"lan"},{"name":"lan_1","parent":"lan","y":-4},{"name":"guangzhulan_3","parent":"lan","y":20},{"name":"lan_2","parent":"lan","y":-6.16},{"name":"guangzhulan_4","parent":"lan","y":20},{"name":"guangzhulan_5","parent":"lan","y":20},{"name":"guagnqiu2","parent":"lan","y":-3.83},{"name":"quanlan_","parent":"lan"},{"name":"red","parent":"root"},{"name":"guagnqiu3","parent":"red","y":29.4},{"name":"guangzhulan_6","parent":"red"},{"name":"guangzhulan_7","parent":"red"},{"name":"lan_3","parent":"red","y":-4},{"name":"guangzhulan_8","parent":"red","y":20},{"name":"lan_4","parent":"red","y":-6.16},{"name":"guangzhulan_9","parent":"red","y":20},{"name":"guangzhulan_10","parent":"red","y":20},{"name":"guagnqiu4","parent":"red","y":-3.83},{"name":"quanlan_2","parent":"red"}],"slots":[{"name":"guagnqiu_2","bone":"guagnqiu2","color":"399dffff"},{"name":"guagnqiu_4","bone":"guagnqiu4"},{"name":"guagnqiu_1","bone":"guagnqiu1","color":"002cffff","blend":"additive"},{"name":"guagnqiu_3","bone":"guagnqiu3","blend":"screen"},{"name":"guangzhulan_2","bone":"guangzhulan_2","color":"41a5ffb4"},{"name":"guangzhulan_7","bone":"guangzhulan_7","color":"ffffffb4"},{"name":"guangzhulan_3","bone":"guangzhulan_3","color":"2296ffff","blend":"additive"},{"name":"guangzhulan_8","bone":"guangzhulan_8","blend":"additive"},{"name":"guangzhulan_4","bone":"guangzhulan_4","color":"2296ffff","blend":"additive"},{"name":"guangzhulan_9","bone":"guangzhulan_9","blend":"additive"},{"name":"guangzhulan_5","bone":"guangzhulan_5","color":"2296ffff","blend":"additive"},{"name":"guangzhulan_10","bone":"guangzhulan_10","blend":"additive"},{"name":"guangzhulan_1","bone":"guangzhulan_1","color":"007affff","blend":"additive"},{"name":"guangzhulan_6","bone":"guangzhulan_6","blend":"additive"},{"name":"lan_1","bone":"lan_1"},{"name":"lan_3","bone":"lan_3"},{"name":"lan_2","bone":"lan_2","blend":"additive"},{"name":"lan_4","bone":"lan_4","blend":"additive"},{"name":"quanlan","bone":"quanlan_","blend":"additive"},{"name":"quanlan2","bone":"quanlan_2","blend":"additive"}],"skins":{"default":{"guagnqiu_1":{"guagnqiu_":{"scaleX":2.349,"scaleY":3.338,"width":64,"height":64}},"guagnqiu_2":{"guagnqiu_":{"scaleX":3.302,"scaleY":1.51,"width":64,"height":64}},"guagnqiu_3":{"guagnqiu_":{"scaleX":2.349,"scaleY":3.338,"width":64,"height":64}},"guagnqiu_4":{"guagnqiu_":{"scaleX":3.302,"scaleY":1.51,"width":64,"height":64}},"guangzhulan_1":{"guangzhulan_":{"y":94.82,"scaleX":0.638,"scaleY":1.301,"width":38,"height":135}},"guangzhulan_10":{"guangzhulan_":{"y":39.42,"scaleX":1.012,"scaleY":1.241,"width":38,"height":135}},"guangzhulan_2":{"guangzhulan_":{"y":59.42,"scaleX":1.012,"scaleY":1.241,"width":38,"height":135}},"guangzhulan_3":{"guangzhulan_":{"y":39.42,"scaleX":1.012,"scaleY":1.241,"width":38,"height":135}},"guangzhulan_4":{"guangzhulan_":{"y":39.42,"scaleX":1.012,"scaleY":1.241,"width":38,"height":135}},"guangzhulan_5":{"guangzhulan_":{"y":39.42,"scaleX":1.012,"scaleY":1.241,"width":38,"height":135}},"guangzhulan_6":{"guangzhulan_":{"y":94.82,"scaleX":0.638,"scaleY":1.301,"width":38,"height":135}},"guangzhulan_7":{"guangzhulan_":{"y":59.42,"scaleX":1.012,"scaleY":1.241,"width":38,"height":135}},"guangzhulan_8":{"guangzhulan_":{"y":39.42,"scaleX":1.012,"scaleY":1.241,"width":38,"height":135}},"guangzhulan_9":{"guangzhulan_":{"y":39.42,"scaleX":1.012,"scaleY":1.241,"width":38,"height":135}},"lan_1":{"lan_":{"y":19.1,"width":54,"height":62}},"lan_2":{"lan_":{"y":19.1,"width":54,"height":62}},"lan_3":{"hong_":{"y":19.1,"width":54,"height":62}},"lan_4":{"hong_":{"y":19.1,"width":54,"height":62}},"quanlan":{"quanlan_":{"x":-0.26,"y":-0.11,"width":78,"height":34}},"quanlan2":{"quanred_":{"x":-0.26,"y":-0.11,"width":78,"height":34}}}},"animations":{"blue":{"slots":{"guagnqiu_1":{"color":[{"time":0,"color":"41a5ff00"},{"time":0.5,"color":"002cffff","curve":"stepped"},{"time":0.8333,"color":"002cffff"},{"time":1.6667,"color":"002cff00"}],"attachment":[{"time":0,"name":"guagnqiu_"}]},"guagnqiu_2":{"color":[{"time":0,"color":"399cff00"},{"time":0.3333,"color":"399dffff","curve":"stepped"},{"time":0.8333,"color":"399dffff"},{"time":1.6667,"color":"399cff00"}],"attachment":[{"time":0,"name":"guagnqiu_"}]},"guangzhulan_1":{"color":[{"time":0.1667,"color":"1b6eff94","curve":[0.236,0.7,0.88,0.59]},{"time":0.3333,"color":"0047ffff"},{"time":1.7333,"color":"005fff00"}],"attachment":[{"time":0.1667,"name":"guangzhulan_"}]},"guangzhulan_2":{"color":[{"time":0.1667,"color":"41a5ff24","curve":[0.236,0.7,0.88,0.59]},{"time":0.5,"color":"41a5ffb4"},{"time":1.6667,"color":"41a5ff00"}],"attachment":[{"time":0.1667,"name":"guangzhulan_"}]},"guangzhulan_3":{"color":[{"time":0.1667,"color":"0066ffff"},{"time":0.3333,"color":"229bffff"},{"time":1,"color":"2295ff00"}],"attachment":[{"time":0.1667,"name":"guangzhulan_"}]},"guangzhulan_4":{"color":[{"time":0.1667,"color":"2297ff54","curve":[0.236,0.7,0.88,0.59]},{"time":0.3,"color":"229bffff"},{"time":1.3333,"color":"2295ff00"}],"attachment":[{"time":0.1667,"name":"guangzhulan_"}]},"guangzhulan_5":{"color":[{"time":0.3333,"color":"2295ff00"},{"time":0.5333,"color":"229bffff"},{"time":1.5667,"color":"2295ff00"}],"attachment":[{"time":0.3333,"name":"guangzhulan_"}]},"lan_1":{"color":[{"time":0,"color":"ffffff00"},{"time":0.3333,"color":"ffffffff","curve":"stepped"},{"time":0.6667,"color":"ffffffff"},{"time":1.5,"color":"ffffff00"}],"attachment":[{"time":0,"name":"lan_"}]},"lan_2":{"color":[{"time":0.1667,"color":"1642ff00"},{"time":0.3333,"color":"1743ffff"},{"time":1.3333,"color":"1642ff00"}],"attachment":[{"time":0.1667,"name":"lan_"}]},"quanlan":{"color":[{"time":0,"color":"ffffff00"},{"time":0.1667,"color":"ffffffff"},{"time":1.3333,"color":"ffffff00"}],"attachment":[{"time":0,"name":"quanlan_"}]}},"bones":{"guangzhulan_1":{"scale":[{"time":0.1667,"x":1.038,"y":0.45,"curve":[0.335,0.47,0.725,0.9]},{"time":0.4,"x":1,"y":0.614,"curve":[0.068,0.23,0.672,0.91]},{"time":1.7333,"x":0.5,"y":0.971}]},"guangzhulan_2":{"scale":[{"time":0.8333,"x":1,"y":1},{"time":1.6667,"x":1,"y":0.775}]},"lan_1":{"scale":[{"time":0,"x":1.853,"y":0.531,"curve":[0.108,0.28,0.55,0.83]},{"time":0.3333,"x":1,"y":0.53,"curve":[0.236,0.7,0.88,0.59]},{"time":0.5,"x":1,"y":1}]},"guangzhulan_3":{"translate":[{"time":0.1667,"x":0,"y":-7.52,"curve":[0.332,0.33,0.738,0.91]},{"time":1,"x":0,"y":16.28}],"scale":[{"time":0.1667,"x":0.322,"y":0.9,"curve":[0.382,0.57,0.735,1]},{"time":0.3333,"x":0.322,"y":1.125},{"time":1,"x":0.172,"y":1.125}]},"lan_2":{"scale":[{"time":0.1667,"x":0.795,"y":1}]},"guangzhulan_4":{"translate":[{"time":0.1667,"x":-12.31,"y":-22.41,"curve":[0.236,0.7,0.88,0.59]},{"time":1.3333,"x":-12.31,"y":5.17}],"scale":[{"time":0.1667,"x":0.099,"y":0.169,"curve":[0.3,0.21,0.756,1]},{"time":0.6,"x":0.081,"y":0.423}]},"guangzhulan_5":{"translate":[{"time":0.3333,"x":14.35,"y":-15.91},{"time":1.5667,"x":14.35,"y":13.25}],"scale":[{"time":0.3333,"x":0.1,"y":0.15,"curve":[0.25,0,0.75,1]},{"time":0.8333,"x":0.059,"y":0.423}]},"guagnqiu2":{"scale":[{"time":0,"x":0.296,"y":0.296},{"time":1,"x":0.719,"y":0.567}]},"quanlan_":{"scale":[{"time":0,"x":0.72,"y":0.72},{"time":1.3333,"x":0.802,"y":0.802}]}}},"red":{"slots":{"guagnqiu_3":{"color":[{"time":0,"color":"ff414100"},{"time":0.5,"color":"ff0000ff","curve":"stepped"},{"time":0.8333,"color":"ff0000ff"},{"time":1.6667,"color":"ff000000"}],"attachment":[{"time":0,"name":"guagnqiu_"}]},"guagnqiu_4":{"color":[{"time":0,"color":"ff141400"},{"time":0.3333,"color":"ff3939ff","curve":"stepped"},{"time":0.8333,"color":"ff3939ff"},{"time":1.6667,"color":"ff393900"}],"attachment":[{"time":0,"name":"guagnqiu_"}]},"guangzhulan_6":{"color":[{"time":0.1667,"color":"ff000067","curve":"stepped"},{"time":0.3333,"color":"ff000067"},{"time":1.7333,"color":"ff000000"}],"attachment":[{"time":0.1667,"name":"guangzhulan_"}]},"guangzhulan_7":{"color":[{"time":0.1667,"color":"ff414124"},{"time":0.5,"color":"ff414152"},{"time":1.6667,"color":"ff414100"}],"attachment":[{"time":0.1667,"name":"guangzhulan_"}]},"guangzhulan_8":{"color":[{"time":0.1667,"color":"ff4f0eb7"},{"time":0.3333,"color":"ff5e22ff"},{"time":1,"color":"ff500f00"}],"attachment":[{"time":0.1667,"name":"guangzhulan_"}]},"guangzhulan_9":{"color":[{"time":0.1667,"color":"ff710000","curve":[0.236,0.7,0.88,0.59]},{"time":0.3,"color":"ff6422ff"},{"time":1.3333,"color":"ff710000"}],"attachment":[{"time":0.1667,"name":"guangzhulan_"}]},"guangzhulan_10":{"color":[{"time":0.3333,"color":"ffa70000"},{"time":0.5333,"color":"ffb322ff"},{"time":1.5667,"color":"ff740000"}],"attachment":[{"time":0.3333,"name":"guangzhulan_"}]},"lan_3":{"color":[{"time":0,"color":"ffffff00"},{"time":0.3333,"color":"ffffffff","curve":"stepped"},{"time":0.6667,"color":"ffffffff"},{"time":1.5,"color":"ffffff00"}],"attachment":[{"time":0,"name":"hong_"}]},"lan_4":{"color":[{"time":0.1667,"color":"ff151500"},{"time":0.3333,"color":"ffffffff"},{"time":1.3333,"color":"ff151500"}],"attachment":[{"time":0.1667,"name":"hong_"}]},"quanlan2":{"color":[{"time":0,"color":"ffffff00"},{"time":0.1667,"color":"ffffffff"},{"time":1.3333,"color":"ffffff00"}],"attachment":[{"time":0,"name":"quanred_"}]}},"bones":{"guangzhulan_6":{"scale":[{"time":0.1667,"x":1.038,"y":0.45,"curve":[0.335,0.47,0.725,0.9]},{"time":0.4,"x":1,"y":0.614,"curve":[0.068,0.23,0.672,0.91]},{"time":1.7333,"x":0.5,"y":0.971}]},"guangzhulan_7":{"scale":[{"time":0.8333,"x":1,"y":1},{"time":1.6667,"x":1,"y":0.775}]},"lan_3":{"scale":[{"time":0,"x":1.853,"y":0.531,"curve":[0.108,0.28,0.55,0.83]},{"time":0.3333,"x":1,"y":0.53,"curve":[0.236,0.7,0.88,0.59]},{"time":0.5,"x":1,"y":1}]},"guangzhulan_8":{"translate":[{"time":0.1667,"x":0,"y":-7.52,"curve":[0.332,0.33,0.738,0.91]},{"time":1,"x":0,"y":16.28}],"scale":[{"time":0.1667,"x":0.322,"y":0.9},{"time":0.3333,"x":0.322,"y":1.125},{"time":1,"x":0.172,"y":1.125}]},"lan_4":{"scale":[{"time":0.1667,"x":0.795,"y":1}]},"guangzhulan_9":{"translate":[{"time":0.1667,"x":-12.31,"y":-22.41,"curve":[0.236,0.7,0.88,0.59]},{"time":1.3333,"x":-12.31,"y":5.17}],"scale":[{"time":0.1667,"x":0.099,"y":0.169,"curve":[0.3,0.21,0.756,1]},{"time":0.6,"x":0.081,"y":0.423}]},"guangzhulan_10":{"translate":[{"time":0.3333,"x":14.35,"y":-15.91},{"time":1.5667,"x":14.35,"y":13.25}],"scale":[{"time":0.3333,"x":0.1,"y":0.15,"curve":[0.25,0,0.75,1]},{"time":0.8333,"x":0.059,"y":0.423}]},"guagnqiu4":{"scale":[{"time":0,"x":0.296,"y":0.296},{"time":1,"x":0.719,"y":0.567}]},"quanlan_2":{"scale":[{"time":0,"x":0.72,"y":0.72},{"time":1.3333,"x":0.802,"y":0.802}]}}}}}