{
"skeleton": { "hash": "pwHva1y2Hs7MtnMfSaa139w80YE", "spine": "2.1.27", "width": 85, "height": 137.07 },
"bones": [
	{ "name": "root" }
],
"slots": [
	{ "name": "root", "bone": "root", "attachment": "yin_zi_" },
	{ "name": "bashen_0020_", "bone": "root", "attachment": "bashen_0020_" },
	{ "name": "bashen_0019_", "bone": "root", "attachment": "bashen_0019_" },
	{ "name": "bashen_0018_", "bone": "root", "attachment": "bashen_0018_" },
	{ "name": "bashen_0017_", "bone": "root", "attachment": "bashen_0017_" },
	{ "name": "bashen_0016_", "bone": "root", "attachment": "bashen_0016_" },
	{ "name": "bashen_0015_", "bone": "root", "attachment": "bashen_0015_" },
	{ "name": "bashen_0014_", "bone": "root", "attachment": "bashen_0014_" },
	{ "name": "bashen_0013_", "bone": "root", "attachment": "bashen_0013_" },
	{ "name": "bashen_0012_", "bone": "root", "attachment": "bashen_0012_" },
	{ "name": "bashen_0011_", "bone": "root", "attachment": "bashen_0011_" },
	{ "name": "bashen_0010_", "bone": "root", "attachment": "bashen_0010_" },
	{ "name": "bashen_0009_", "bone": "root", "attachment": "bashen_0009_" },
	{ "name": "bashen_0008_", "bone": "root", "attachment": "bashen_0008_" },
	{ "name": "bashen_0007_", "bone": "root", "attachment": "bashen_0007_" },
	{ "name": "bashen_0006_", "bone": "root", "attachment": "bashen_0006_" },
	{ "name": "bashen_0005_", "bone": "root", "attachment": "bashen_0005_" },
	{ "name": "bashen_0004_", "bone": "root", "attachment": "bashen_0004_" },
	{ "name": "bashen_0003_", "bone": "root", "attachment": "bashen_0003_" },
	{ "name": "bashen_0002_", "bone": "root", "attachment": "bashen_0002_" },
	{ "name": "bashen_0001_", "bone": "root", "attachment": "bashen_0001_" },
	{ "name": "bashen_0000_", "bone": "root", "attachment": "bashen_0000_" }
],
"skins": {
	"default": {
		"bashen_0000_": {
			"bashen_0000_": { "x": -2.09, "y": 53.55, "width": 64, "height": 101 }
		},
		"bashen_0001_": {
			"bashen_0001_": { "x": -2.09, "y": 54.05, "width": 64, "height": 102 }
		},
		"bashen_0002_": {
			"bashen_0002_": { "x": -2.09, "y": 54.55, "width": 64, "height": 103 }
		},
		"bashen_0003_": {
			"bashen_0003_": { "x": -2.09, "y": 54.55, "width": 64, "height": 103 }
		},
		"bashen_0004_": {
			"bashen_0004_": { "x": -2.09, "y": 55.05, "width": 64, "height": 104 }
		},
		"bashen_0005_": {
			"bashen_0005_": { "x": -2.09, "y": 55.55, "width": 64, "height": 105 }
		},
		"bashen_0006_": {
			"bashen_0006_": { "x": -2.09, "y": 55.55, "width": 64, "height": 105 }
		},
		"bashen_0007_": {
			"bashen_0007_": { "x": -2.09, "y": 55.55, "width": 64, "height": 105 }
		},
		"bashen_0008_": {
			"bashen_0008_": { "x": -2.09, "y": 55.05, "width": 64, "height": 104 }
		},
		"bashen_0009_": {
			"bashen_0009_": { "x": -2.09, "y": 54.55, "width": 64, "height": 103 }
		},
		"bashen_0010_": {
			"bashen_0010_": { "x": -1.59, "y": 53.55, "width": 65, "height": 101 }
		},
		"bashen_0011_": {
			"bashen_0011_": { "x": -1.59, "y": 53.05, "width": 65, "height": 100 }
		},
		"bashen_0012_": {
			"bashen_0012_": { "x": -1.09, "y": 52.05, "width": 66, "height": 98 }
		},
		"bashen_0013_": {
			"bashen_0013_": { "x": -1.09, "y": 52.05, "width": 66, "height": 98 }
		},
		"bashen_0014_": {
			"bashen_0014_": { "x": -1.09, "y": 51.55, "width": 66, "height": 97 }
		},
		"bashen_0015_": {
			"bashen_0015_": { "x": -1.09, "y": 51.05, "width": 66, "height": 96 }
		},
		"bashen_0016_": {
			"bashen_0016_": { "x": -1.09, "y": 51.05, "width": 66, "height": 96 }
		},
		"bashen_0017_": {
			"bashen_0017_": { "x": -1.59, "y": 51.55, "width": 65, "height": 97 }
		},
		"bashen_0018_": {
			"bashen_0018_": { "x": -2.09, "y": 52.05, "width": 64, "height": 98 }
		},
		"bashen_0019_": {
			"bashen_0019_": { "x": -2.09, "y": 52.05, "width": 64, "height": 98 }
		},
		"bashen_0020_": {
			"bashen_0020_": { "x": -2.09, "y": 52.55, "width": 64, "height": 99 }
		},
		"root": {
			"yin_zi_": { "x": -1.49, "y": 13.47, "width": 85, "height": 85 }
		}
	}
},
"animations": {
	"animation": {
		"slots": {
			"bashen_0000_": {
				"attachment": [
					{ "time": 0, "name": "bashen_0000_" },
					{ "time": 0.0333, "name": null },
					{ "time": 0.7, "name": null }
				]
			},
			"bashen_0001_": {
				"attachment": [
					{ "time": 0, "name": null },
					{ "time": 0.0333, "name": "bashen_0001_" },
					{ "time": 0.0666, "name": null },
					{ "time": 0.7, "name": null }
				]
			},
			"bashen_0002_": {
				"attachment": [
					{ "time": 0, "name": null },
					{ "time": 0.0333, "name": null },
					{ "time": 0.0666, "name": "bashen_0002_" },
					{ "time": 0.1, "name": null },
					{ "time": 0.7, "name": null }
				]
			},
			"bashen_0003_": {
				"attachment": [
					{ "time": 0, "name": null },
					{ "time": 0.0666, "name": null },
					{ "time": 0.1, "name": "bashen_0003_" },
					{ "time": 0.1333, "name": null },
					{ "time": 0.7, "name": null }
				]
			},
			"bashen_0004_": {
				"attachment": [
					{ "time": 0, "name": null },
					{ "time": 0.1, "name": null },
					{ "time": 0.1333, "name": "bashen_0004_" },
					{ "time": 0.1666, "name": null },
					{ "time": 0.7, "name": null }
				]
			},
			"bashen_0005_": {
				"attachment": [
					{ "time": 0, "name": null },
					{ "time": 0.1333, "name": null },
					{ "time": 0.1666, "name": "bashen_0005_" },
					{ "time": 0.2, "name": null },
					{ "time": 0.7, "name": null }
				]
			},
			"bashen_0006_": {
				"attachment": [
					{ "time": 0, "name": null },
					{ "time": 0.1666, "name": null },
					{ "time": 0.2, "name": "bashen_0006_" },
					{ "time": 0.2333, "name": null },
					{ "time": 0.7, "name": null }
				]
			},
			"bashen_0007_": {
				"attachment": [
					{ "time": 0, "name": null },
					{ "time": 0.2, "name": null },
					{ "time": 0.2333, "name": "bashen_0007_" },
					{ "time": 0.2666, "name": null },
					{ "time": 0.7, "name": null }
				]
			},
			"bashen_0008_": {
				"attachment": [
					{ "time": 0, "name": null },
					{ "time": 0.2333, "name": null },
					{ "time": 0.2666, "name": "bashen_0008_" },
					{ "time": 0.3, "name": null },
					{ "time": 0.7, "name": null }
				]
			},
			"bashen_0009_": {
				"attachment": [
					{ "time": 0, "name": null },
					{ "time": 0.2666, "name": null },
					{ "time": 0.3, "name": "bashen_0009_" },
					{ "time": 0.3333, "name": null },
					{ "time": 0.7, "name": null }
				]
			},
			"bashen_0010_": {
				"attachment": [
					{ "time": 0, "name": null },
					{ "time": 0.3, "name": null },
					{ "time": 0.3333, "name": "bashen_0010_" },
					{ "time": 0.3666, "name": null },
					{ "time": 0.7, "name": null }
				]
			},
			"bashen_0011_": {
				"attachment": [
					{ "time": 0, "name": null },
					{ "time": 0.3333, "name": null },
					{ "time": 0.3666, "name": "bashen_0011_" },
					{ "time": 0.4, "name": null },
					{ "time": 0.7, "name": null }
				]
			},
			"bashen_0012_": {
				"attachment": [
					{ "time": 0, "name": null },
					{ "time": 0.3666, "name": null },
					{ "time": 0.4, "name": "bashen_0012_" },
					{ "time": 0.4333, "name": null },
					{ "time": 0.7, "name": null }
				]
			},
			"bashen_0013_": {
				"attachment": [
					{ "time": 0, "name": null },
					{ "time": 0.4, "name": null },
					{ "time": 0.4333, "name": "bashen_0013_" },
					{ "time": 0.4666, "name": null },
					{ "time": 0.7, "name": null }
				]
			},
			"bashen_0014_": {
				"attachment": [
					{ "time": 0, "name": null },
					{ "time": 0.4333, "name": null },
					{ "time": 0.4666, "name": "bashen_0014_" },
					{ "time": 0.5, "name": null },
					{ "time": 0.7, "name": null }
				]
			},
			"bashen_0015_": {
				"attachment": [
					{ "time": 0, "name": null },
					{ "time": 0.4666, "name": null },
					{ "time": 0.5, "name": "bashen_0015_" },
					{ "time": 0.5333, "name": null },
					{ "time": 0.7, "name": null }
				]
			},
			"bashen_0016_": {
				"attachment": [
					{ "time": 0, "name": null },
					{ "time": 0.5, "name": null },
					{ "time": 0.5333, "name": "bashen_0016_" },
					{ "time": 0.5666, "name": null },
					{ "time": 0.7, "name": null }
				]
			},
			"bashen_0017_": {
				"attachment": [
					{ "time": 0, "name": null },
					{ "time": 0.5333, "name": null },
					{ "time": 0.5666, "name": "bashen_0017_" },
					{ "time": 0.6, "name": null },
					{ "time": 0.7, "name": null }
				]
			},
			"bashen_0018_": {
				"attachment": [
					{ "time": 0, "name": null },
					{ "time": 0.5666, "name": null },
					{ "time": 0.6, "name": "bashen_0018_" },
					{ "time": 0.6333, "name": null },
					{ "time": 0.7, "name": null }
				]
			},
			"bashen_0019_": {
				"attachment": [
					{ "time": 0, "name": null },
					{ "time": 0.6, "name": null },
					{ "time": 0.6333, "name": "bashen_0019_" },
					{ "time": 0.6666, "name": null },
					{ "time": 0.7, "name": null }
				]
			},
			"bashen_0020_": {
				"attachment": [
					{ "time": 0, "name": null },
					{ "time": 0.6333, "name": null },
					{ "time": 0.6666, "name": "bashen_0020_" },
					{ "time": 0.7, "name": "bashen_0020_" }
				]
			}
		}
	}
}
}