{"skeleton":{"hash":"IjL5I5gQqOLQtipDPR9UWMeTkKM","spine":"3.7.94","width":0,"height":0,"images":"./images/","audio":"D:/COK项目/Spine工程/皮肤—世界杯Spine（优化）/世界杯Spine低级攻击"},"bones":[{"name":"root"},{"name":"shadow_red_attack","parent":"root","scaleX":5.5,"scaleY":5.5},{"name":"shadow_blue_attack","parent":"root","scaleX":5.5,"scaleY":5.5},{"name":"red_fire_low","parent":"root"},{"name":"red_attack_low_","parent":"root","scaleX":1.25,"scaleY":1.25},{"name":"jiangbei_ctr","parent":"root"},{"name":"jaignbei_lizi","parent":"jiangbei_ctr","scaleX":2,"scaleY":2},{"name":"blue_fire_low","parent":"root"},{"name":"blue_attack_low","parent":"root","scaleX":1.25,"scaleY":1.25},{"name":"low_dizuo_lizi_","parent":"root","scaleX":1.8,"scaleY":1.8},{"name":"low_dizuo_glow_","parent":"root","scaleX":2,"scaleY":2},{"name":"jiangbei_glow_","parent":"jiangbei_ctr"},{"name":"dizuo_low_","parent":"root","scaleX":1.25,"scaleY":1.25},{"name":"jiangbei_","parent":"jiangbei_ctr","scaleX":1.25,"scaleY":1.25}],"slots":[{"name":"dizuo_low_","bone":"dizuo_low_"},{"name":"low_dizuo_glow_","bone":"low_dizuo_glow_","blend":"additive"},{"name":"shadow_red_attack","bone":"shadow_red_attack"},{"name":"shadow_blue_attack","bone":"shadow_blue_attack"},{"name":"red_attack_low_","bone":"red_attack_low_"},{"name":"jiangbei_","bone":"jiangbei_"},{"name":"jiangbei_glow_","bone":"jiangbei_glow_","blend":"additive"},{"name":"blue_attack_low","bone":"blue_attack_low"},{"name":"jaignbei_lizi","bone":"jaignbei_lizi","blend":"additive"},{"name":"red_fire_low","bone":"red_fire_low"},{"name":"blue_fire_low","bone":"blue_fire_low"},{"name":"low_dizuo_lizi_","bone":"low_dizuo_lizi_","blend":"additive"}],"skins":{"default":{"dizuo_low_":{"dizuo_low_":{"width":326,"height":168}},"low_dizuo_glow_":{"low_dizuo_glow_":{"width":360,"height":270}},"red_attack_low_":{"red_attack_low_144_":{"width":480,"height":480},"red_attack_low_147_":{"width":480,"height":480},"red_attack_low_150_":{"width":480,"height":480},"red_attack_low_153_":{"width":480,"height":480},"red_attack_low_156_":{"width":480,"height":480},"red_attack_low_159_":{"width":480,"height":480},"red_attack_low_162_":{"width":480,"height":480},"red_attack_low_165_":{"width":480,"height":480},"red_attack_low_168_":{"width":480,"height":480},"red_attack_low_171_":{"width":480,"height":480},"red_attack_low_174_":{"width":480,"height":480},"red_attack_low_177_":{"width":480,"height":480},"red_attack_low_180_":{"width":480,"height":480},"red_attack_low_183_":{"width":480,"height":480},"red_attack_low_186_":{"width":480,"height":480},"red_attack_low_189_":{"width":480,"height":480},"red_attack_low_192_":{"width":480,"height":480},"red_attack_low_195_":{"width":480,"height":480},"red_attack_low_198_":{"width":480,"height":480},"red_attack_low_201_":{"width":480,"height":480}},"shadow_blue_attack":{"shadow_blue_144_":{"width":169,"height":169},"shadow_blue_147_":{"width":169,"height":169},"shadow_blue_150_":{"width":169,"height":169},"shadow_blue_153_":{"width":169,"height":169},"shadow_blue_156_":{"width":169,"height":169},"shadow_blue_159_":{"width":169,"height":169},"shadow_blue_162_":{"width":169,"height":169},"shadow_blue_165_":{"width":169,"height":169},"shadow_blue_168_":{"width":169,"height":169},"shadow_blue_171_":{"width":169,"height":169},"shadow_blue_174_":{"width":169,"height":169},"shadow_blue_177_":{"width":169,"height":169},"shadow_blue_180_":{"width":169,"height":169},"shadow_blue_183_":{"width":169,"height":169},"shadow_blue_186_":{"width":169,"height":169},"shadow_blue_189_":{"width":169,"height":169},"shadow_blue_192_":{"width":169,"height":169},"shadow_blue_195_":{"width":169,"height":169},"shadow_blue_198_":{"width":169,"height":169},"shadow_blue_201_":{"width":169,"height":169}},"shadow_red_attack":{"shadow_red_144_":{"width":169,"height":169},"shadow_red_147_":{"width":169,"height":169},"shadow_red_150_":{"width":169,"height":169},"shadow_red_153_":{"width":169,"height":169},"shadow_red_156_":{"width":169,"height":169},"shadow_red_159_":{"width":169,"height":169},"shadow_red_162_":{"width":169,"height":169},"shadow_red_165_":{"width":169,"height":169},"shadow_red_168_":{"width":169,"height":169},"shadow_red_171_":{"width":169,"height":169},"shadow_red_174_":{"width":169,"height":169},"shadow_red_177_":{"width":169,"height":169},"shadow_red_180_":{"width":169,"height":169},"shadow_red_183_":{"width":169,"height":169},"shadow_red_186_":{"width":169,"height":169},"shadow_red_189_":{"width":169,"height":169},"shadow_red_192_":{"width":169,"height":169},"shadow_red_195_":{"width":169,"height":169},"shadow_red_198_":{"width":169,"height":169},"shadow_red_201_":{"width":169,"height":169}}}},"animations":{"animation":{"slots":{"blue_attack_low":{"attachment":[{"time":2,"name":null}]},"blue_fire_low":{"attachment":[{"time":2,"name":null}]},"dizuo_low_":{"attachment":[{"time":0,"name":"dizuo_low_"},{"time":2,"name":null}]},"jaignbei_lizi":{"attachment":[{"time":2,"name":null}]},"jiangbei_glow_":{"color":[{"time":0,"color":"ffb80032","curve":[0.25,0,0.75,1]},{"time":1,"color":"ffb80064","curve":[0.25,0,0.75,1]},{"time":2,"color":"ffb80032"}]},"low_dizuo_glow_":{"color":[{"time":0,"color":"ffffffff","curve":[0.25,0,0.75,1]},{"time":1,"color":"ffffff00","curve":[0.25,0,0.75,1]},{"time":2,"color":"ffffffff"}],"attachment":[{"time":0,"name":"low_dizuo_glow_"}]},"low_dizuo_lizi_":{"attachment":[{"time":2,"name":null}]},"red_attack_low_":{"attachment":[{"time":0,"name":"red_attack_low_144_"},{"time":0.1,"name":"red_attack_low_147_"},{"time":0.2,"name":"red_attack_low_150_"},{"time":0.3,"name":"red_attack_low_153_"},{"time":0.4,"name":"red_attack_low_156_"},{"time":0.5,"name":"red_attack_low_159_"},{"time":0.6,"name":"red_attack_low_162_"},{"time":0.7,"name":"red_attack_low_165_"},{"time":0.8,"name":"red_attack_low_168_"},{"time":0.9,"name":"red_attack_low_171_"},{"time":1,"name":"red_attack_low_174_"},{"time":1.1,"name":"red_attack_low_177_"},{"time":1.2,"name":"red_attack_low_180_"},{"time":1.3,"name":"red_attack_low_183_"},{"time":1.4,"name":"red_attack_low_186_"},{"time":1.5,"name":"red_attack_low_189_"},{"time":1.6,"name":"red_attack_low_192_"},{"time":1.7,"name":"red_attack_low_195_"},{"time":1.8,"name":"red_attack_low_198_"},{"time":1.9,"name":"red_attack_low_201_"},{"time":2,"name":null}]},"red_fire_low":{"attachment":[{"time":2,"name":null}]},"shadow_blue_attack":{"attachment":[{"time":0,"name":"shadow_blue_144_"},{"time":0.1,"name":"shadow_blue_147_"},{"time":0.2,"name":"shadow_blue_150_"},{"time":0.3,"name":"shadow_blue_153_"},{"time":0.4,"name":"shadow_blue_156_"},{"time":0.5,"name":"shadow_blue_159_"},{"time":0.6,"name":"shadow_blue_162_"},{"time":0.7,"name":"shadow_blue_165_"},{"time":0.8,"name":"shadow_blue_168_"},{"time":0.9,"name":"shadow_blue_171_"},{"time":1,"name":"shadow_blue_174_"},{"time":1.1,"name":"shadow_blue_177_"},{"time":1.2,"name":"shadow_blue_180_"},{"time":1.3,"name":"shadow_blue_183_"},{"time":1.4,"name":"shadow_blue_186_"},{"time":1.5,"name":"shadow_blue_189_"},{"time":1.6,"name":"shadow_blue_192_"},{"time":1.7,"name":"shadow_blue_195_"},{"time":1.8,"name":"shadow_blue_198_"},{"time":1.9,"name":"shadow_blue_201_"},{"time":2,"name":null}]},"shadow_red_attack":{"attachment":[{"time":0,"name":"shadow_red_144_"},{"time":0.1,"name":"shadow_red_147_"},{"time":0.2,"name":"shadow_red_150_"},{"time":0.3,"name":"shadow_red_153_"},{"time":0.4,"name":"shadow_red_156_"},{"time":0.5,"name":"shadow_red_159_"},{"time":0.6,"name":"shadow_red_162_"},{"time":0.7,"name":"shadow_red_165_"},{"time":0.8,"name":"shadow_red_168_"},{"time":0.9,"name":"shadow_red_171_"},{"time":1,"name":"shadow_red_174_"},{"time":1.1,"name":"shadow_red_177_"},{"time":1.2,"name":"shadow_red_180_"},{"time":1.3,"name":"shadow_red_183_"},{"time":1.4,"name":"shadow_red_186_"},{"time":1.5,"name":"shadow_red_189_"},{"time":1.6,"name":"shadow_red_192_"},{"time":1.7,"name":"shadow_red_195_"},{"time":1.8,"name":"shadow_red_198_"},{"time":1.9,"name":"shadow_red_201_"},{"time":2,"name":null}]}},"bones":{"blue_attack_low":{"translate":[{"time":0,"x":0,"y":50}]},"blue_fire_low":{"translate":[{"time":0,"x":1.45,"y":162.07}]},"jaignbei_lizi":{"translate":[{"time":0,"x":-7,"y":89.3}]},"red_attack_low_":{"translate":[{"time":0,"x":0,"y":50}]},"red_fire_low":{"translate":[{"time":0,"x":-12.52,"y":125.41}]},"shadow_blue_attack":{"translate":[{"time":0,"x":0,"y":50}]},"shadow_red_attack":{"translate":[{"time":0,"x":0,"y":50}]},"dizuo_low_":{"translate":[{"time":0,"x":0,"y":0}]},"jiangbei_glow_":{"translate":[{"time":0,"x":-10,"y":90}]},"low_dizuo_glow_":{"translate":[{"time":0,"x":2.86,"y":55.22}]},"low_dizuo_lizi_":{"translate":[{"time":0,"x":0,"y":30}]},"jiangbei_":{"translate":[{"time":0,"x":-10,"y":100}]},"jiangbei_ctr":{"translate":[{"time":0,"x":0,"y":0,"curve":[0.25,0,0.75,1]},{"time":1,"x":0,"y":5,"curve":[0.25,0,0.75,1]},{"time":2,"x":0,"y":0}]}}}}}