{"skeleton":{"hash":"sN5v7iMOR3Zc6KVuekYCAiYhSQY","spine":"3.7.94","width":0,"height":0,"images":"./images/","audio":"D:/COK项目/Spine工程/皮肤—世界杯Spine/世界杯Spine低级待机"},"bones":[{"name":"root"},{"name":"shadow_red_xx","parent":"root","scaleX":5.5,"scaleY":5.5},{"name":"shadow_red_idle","parent":"root","scaleX":5.5,"scaleY":5.5},{"name":"shadow_blue_xx","parent":"root","scaleX":5.5,"scaleY":5.5},{"name":"shadow_blue_idle","parent":"root","scaleX":5.5,"scaleY":5.5},{"name":"red_xx_low_","parent":"root","scaleX":1.25,"scaleY":1.25},{"name":"red_idle_low_","parent":"root","scaleX":1.25,"scaleY":1.25},{"name":"red_fire_xx_low","parent":"root","scaleX":2.5,"scaleY":2.5},{"name":"jiangbei","parent":"root"},{"name":"jaignbei_lizi","parent":"jiangbei","scaleX":2,"scaleY":2},{"name":"blue_xx_low_","parent":"root","scaleX":1.25,"scaleY":1.25},{"name":"blue_idle_low_","parent":"root","scaleX":1.25,"scaleY":1.25},{"name":"blue_fire_xx_low_","parent":"root","scaleX":2.5,"scaleY":2.5},{"name":"low_dizuo_lizi","parent":"root","scaleX":1.8,"scaleY":1.8},{"name":"low_dizuo_glow_","parent":"root","scaleX":2,"scaleY":2},{"name":"jiangbei_glow_","parent":"jiangbei","scaleX":2,"scaleY":2},{"name":"jiangbei_","parent":"jiangbei","scaleX":1.25,"scaleY":1.25},{"name":"dizuo_low_","parent":"root","scaleX":1.25,"scaleY":1.25}],"slots":[{"name":"dizuo_low_","bone":"dizuo_low_"},{"name":"low_dizuo_glow_","bone":"low_dizuo_glow_","blend":"additive"},{"name":"shadow_red_xx","bone":"shadow_red_xx"},{"name":"shadow_red_idle","bone":"shadow_red_idle"},{"name":"shadow_blue_xx","bone":"shadow_blue_xx"},{"name":"shadow_blue_idle","bone":"shadow_blue_idle"},{"name":"red_xx_low_","bone":"red_xx_low_"},{"name":"red_idle_low_","bone":"red_idle_low_"},{"name":"jiangbei_","bone":"jiangbei_"},{"name":"blue_xx_low_","bone":"blue_xx_low_"},{"name":"blue_idle_low_","bone":"blue_idle_low_"},{"name":"jiangbei_glow_","bone":"jiangbei_glow_","blend":"additive"},{"name":"jaignbei_lizi","bone":"jaignbei_lizi","blend":"additive"},{"name":"red_fire_xx_low","bone":"red_fire_xx_low"},{"name":"blue_fire_xx_low_","bone":"blue_fire_xx_low_"},{"name":"low_dizuo_lizi","bone":"low_dizuo_lizi","blend":"additive"}],"skins":{"default":{"dizuo_low_":{"dizuo_low_":{"width":326,"height":168}},"low_dizuo_glow_":{"low_dizuo_glow_":{"width":360,"height":270}},"red_idle_low_":{"red_idle_low_000_":{"width":480,"height":480},"red_idle_low_003_":{"width":480,"height":480},"red_idle_low_006_":{"width":480,"height":480},"red_idle_low_009_":{"width":480,"height":480},"red_idle_low_012_":{"width":480,"height":480},"red_idle_low_015_":{"width":480,"height":480},"red_idle_low_018_":{"width":480,"height":480},"red_idle_low_021_":{"width":480,"height":480},"red_idle_low_024_":{"width":480,"height":480},"red_idle_low_027_":{"width":480,"height":480},"red_idle_low_030_":{"width":480,"height":480},"red_idle_low_033_":{"width":480,"height":480},"red_idle_low_036_":{"width":480,"height":480},"red_idle_low_039_":{"width":480,"height":480},"red_idle_low_042_":{"width":480,"height":480},"red_idle_low_045_":{"width":480,"height":480},"red_idle_low_048_":{"width":480,"height":480},"red_idle_low_051_":{"width":480,"height":480},"red_idle_low_054_":{"width":480,"height":480},"red_idle_low_057_":{"width":480,"height":480}},"red_xx_low_":{"red_xx_low_080_":{"width":480,"height":480},"red_xx_low_083_":{"width":480,"height":480},"red_xx_low_086_":{"width":480,"height":480},"red_xx_low_089_":{"width":480,"height":480},"red_xx_low_092_":{"width":480,"height":480},"red_xx_low_095_":{"width":480,"height":480},"red_xx_low_098_":{"width":480,"height":480},"red_xx_low_101_":{"width":480,"height":480},"red_xx_low_104_":{"width":480,"height":480},"red_xx_low_107_":{"width":480,"height":480},"red_xx_low_110_":{"width":480,"height":480},"red_xx_low_113_":{"width":480,"height":480},"red_xx_low_116_":{"width":480,"height":480},"red_xx_low_119_":{"width":480,"height":480},"red_xx_low_122_":{"width":480,"height":480},"red_xx_low_125_":{"width":480,"height":480},"red_xx_low_128_":{"width":480,"height":480},"red_xx_low_131_":{"width":480,"height":480},"red_xx_low_134_":{"width":480,"height":480},"red_xx_low_137_":{"width":480,"height":480}},"shadow_blue_idle":{"shadow_blue_000_":{"width":169,"height":169},"shadow_blue_003_":{"width":169,"height":169},"shadow_blue_006_":{"width":169,"height":169},"shadow_blue_009_":{"width":169,"height":169},"shadow_blue_012_":{"width":169,"height":169},"shadow_blue_015_":{"width":169,"height":169},"shadow_blue_018_":{"width":169,"height":169},"shadow_blue_021_":{"width":169,"height":169},"shadow_blue_024_":{"width":169,"height":169},"shadow_blue_027_":{"width":169,"height":169},"shadow_blue_030_":{"width":169,"height":169},"shadow_blue_033_":{"width":169,"height":169},"shadow_blue_036_":{"width":169,"height":169},"shadow_blue_039_":{"width":169,"height":169},"shadow_blue_042_":{"width":169,"height":169},"shadow_blue_045_":{"width":169,"height":169},"shadow_blue_048_":{"width":169,"height":169},"shadow_blue_051_":{"width":169,"height":169},"shadow_blue_054_":{"width":169,"height":169},"shadow_blue_057_":{"width":169,"height":169}},"shadow_blue_xx":{"shadow_blue_080_":{"width":169,"height":169},"shadow_blue_083_":{"width":169,"height":169},"shadow_blue_086_":{"width":169,"height":169},"shadow_blue_089_":{"width":169,"height":169},"shadow_blue_092_":{"width":169,"height":169},"shadow_blue_095_":{"width":169,"height":169},"shadow_blue_098_":{"width":169,"height":169},"shadow_blue_101_":{"width":169,"height":169},"shadow_blue_104_":{"width":169,"height":169},"shadow_blue_107_":{"width":169,"height":169},"shadow_blue_110_":{"width":169,"height":169},"shadow_blue_113_":{"width":169,"height":169},"shadow_blue_116_":{"width":169,"height":169},"shadow_blue_119_":{"width":169,"height":169},"shadow_blue_122_":{"width":169,"height":169},"shadow_blue_125_":{"width":169,"height":169},"shadow_blue_128_":{"width":169,"height":169},"shadow_blue_131_":{"width":169,"height":169},"shadow_blue_134_":{"width":169,"height":169},"shadow_blue_137_":{"width":169,"height":169}},"shadow_red_idle":{"shadow_red_000_":{"width":169,"height":169},"shadow_red_003_":{"width":169,"height":169},"shadow_red_006_":{"width":169,"height":169},"shadow_red_009_":{"width":169,"height":169},"shadow_red_012_":{"width":169,"height":169},"shadow_red_015_":{"width":169,"height":169},"shadow_red_018_":{"width":169,"height":169},"shadow_red_021_":{"width":169,"height":169},"shadow_red_024_":{"width":169,"height":169},"shadow_red_027_":{"width":169,"height":169},"shadow_red_030_":{"width":169,"height":169},"shadow_red_033_":{"width":169,"height":169},"shadow_red_036_":{"width":169,"height":169},"shadow_red_039_":{"width":169,"height":169},"shadow_red_042_":{"width":169,"height":169},"shadow_red_045_":{"width":169,"height":169},"shadow_red_048_":{"width":169,"height":169},"shadow_red_051_":{"width":169,"height":169},"shadow_red_054_":{"width":169,"height":169},"shadow_red_057_":{"width":169,"height":169}},"shadow_red_xx":{"shadow_red_080_":{"width":169,"height":169},"shadow_red_083_":{"width":169,"height":169},"shadow_red_086_":{"width":169,"height":169},"shadow_red_089_":{"width":169,"height":169},"shadow_red_092_":{"width":169,"height":169},"shadow_red_095_":{"width":169,"height":169},"shadow_red_098_":{"width":169,"height":169},"shadow_red_101_":{"width":169,"height":169},"shadow_red_104_":{"width":169,"height":169},"shadow_red_107_":{"width":169,"height":169},"shadow_red_110_":{"width":169,"height":169},"shadow_red_113_":{"width":169,"height":169},"shadow_red_116_":{"width":169,"height":169},"shadow_red_119_":{"width":169,"height":169},"shadow_red_122_":{"width":169,"height":169},"shadow_red_125_":{"width":169,"height":169},"shadow_red_128_":{"width":169,"height":169},"shadow_red_131_":{"width":169,"height":169},"shadow_red_134_":{"width":169,"height":169},"shadow_red_137_":{"width":169,"height":169}}}},"animations":{"idle":{"slots":{"blue_fire_xx_low_":{"attachment":[{"time":3.5667,"name":null}]},"blue_idle_low_":{"attachment":[{"time":2,"name":null},{"time":4,"name":null}]},"blue_xx_low_":{"attachment":[{"time":4,"name":null}]},"dizuo_low_":{"attachment":[{"time":0,"name":"dizuo_low_"},{"time":4,"name":null}]},"jaignbei_lizi":{"attachment":[{"time":4,"name":null}]},"jiangbei_glow_":{"color":[{"time":0,"color":"ffca2932","curve":[0.25,0,0.75,1]},{"time":1,"color":"ffca2a64","curve":[0.25,0,0.75,1]},{"time":2,"color":"ffca2932","curve":[0.25,0,0.75,1]},{"time":3,"color":"ffca2a64","curve":[0.25,0,0.75,1]},{"time":4,"color":"ffca2932"}]},"low_dizuo_glow_":{"color":[{"time":0,"color":"ffffffff","curve":[0.25,0,0.75,1]},{"time":1,"color":"ffffff00","curve":[0.25,0,0.75,1]},{"time":2,"color":"ffffffff","curve":[0.25,0,0.75,1]},{"time":3,"color":"ffffff00","curve":[0.25,0,0.75,1]},{"time":4,"color":"ffffffff"}],"attachment":[{"time":0,"name":"low_dizuo_glow_"}]},"low_dizuo_lizi":{"attachment":[{"time":4,"name":null}]},"red_fire_xx_low":{"attachment":[{"time":3.9667,"name":null}]},"red_idle_low_":{"attachment":[{"time":0,"name":"red_idle_low_000_"},{"time":0.1,"name":"red_idle_low_003_"},{"time":0.2,"name":"red_idle_low_006_"},{"time":0.3,"name":"red_idle_low_009_"},{"time":0.4,"name":"red_idle_low_012_"},{"time":0.5,"name":"red_idle_low_015_"},{"time":0.6,"name":"red_idle_low_018_"},{"time":0.7,"name":"red_idle_low_021_"},{"time":0.8,"name":"red_idle_low_024_"},{"time":0.9,"name":"red_idle_low_027_"},{"time":1,"name":"red_idle_low_030_"},{"time":1.1,"name":"red_idle_low_033_"},{"time":1.2,"name":"red_idle_low_036_"},{"time":1.3,"name":"red_idle_low_039_"},{"time":1.4,"name":"red_idle_low_042_"},{"time":1.5,"name":"red_idle_low_045_"},{"time":1.6,"name":"red_idle_low_048_"},{"time":1.7,"name":"red_idle_low_051_"},{"time":1.8,"name":"red_idle_low_054_"},{"time":1.9,"name":"red_idle_low_057_"},{"time":2,"name":null},{"time":4,"name":null}]},"red_xx_low_":{"attachment":[{"time":2,"name":"red_xx_low_080_"},{"time":2.1,"name":"red_xx_low_083_"},{"time":2.2,"name":"red_xx_low_086_"},{"time":2.3,"name":"red_xx_low_089_"},{"time":2.4,"name":"red_xx_low_092_"},{"time":2.5,"name":"red_xx_low_095_"},{"time":2.6,"name":"red_xx_low_098_"},{"time":2.7,"name":"red_xx_low_101_"},{"time":2.8,"name":"red_xx_low_104_"},{"time":2.9,"name":"red_xx_low_107_"},{"time":3,"name":"red_xx_low_110_"},{"time":3.1,"name":"red_xx_low_113_"},{"time":3.2,"name":"red_xx_low_116_"},{"time":3.3,"name":"red_xx_low_119_"},{"time":3.4,"name":"red_xx_low_122_"},{"time":3.5,"name":"red_xx_low_125_"},{"time":3.6,"name":"red_xx_low_128_"},{"time":3.7,"name":"red_xx_low_131_"},{"time":3.8,"name":"red_xx_low_134_"},{"time":3.9,"name":"red_xx_low_137_"},{"time":4,"name":null}]},"shadow_blue_idle":{"attachment":[{"time":0,"name":"shadow_blue_000_"},{"time":0.1,"name":"shadow_blue_003_"},{"time":0.2,"name":"shadow_blue_006_"},{"time":0.3,"name":"shadow_blue_009_"},{"time":0.4,"name":"shadow_blue_012_"},{"time":0.5,"name":"shadow_blue_015_"},{"time":0.6,"name":"shadow_blue_018_"},{"time":0.7,"name":"shadow_blue_021_"},{"time":0.8,"name":"shadow_blue_024_"},{"time":0.9,"name":"shadow_blue_027_"},{"time":1,"name":"shadow_blue_030_"},{"time":1.1,"name":"shadow_blue_033_"},{"time":1.2,"name":"shadow_blue_036_"},{"time":1.3,"name":"shadow_blue_039_"},{"time":1.4,"name":"shadow_blue_042_"},{"time":1.5,"name":"shadow_blue_045_"},{"time":1.6,"name":"shadow_blue_048_"},{"time":1.7,"name":"shadow_blue_051_"},{"time":1.8,"name":"shadow_blue_054_"},{"time":1.9,"name":"shadow_blue_057_"},{"time":2,"name":null},{"time":4,"name":null}]},"shadow_blue_xx":{"attachment":[{"time":2,"name":"shadow_blue_080_"},{"time":2.1,"name":"shadow_blue_083_"},{"time":2.2,"name":"shadow_blue_086_"},{"time":2.3,"name":"shadow_blue_089_"},{"time":2.4,"name":"shadow_blue_092_"},{"time":2.5,"name":"shadow_blue_095_"},{"time":2.6,"name":"shadow_blue_098_"},{"time":2.7,"name":"shadow_blue_101_"},{"time":2.8,"name":"shadow_blue_104_"},{"time":2.9,"name":"shadow_blue_107_"},{"time":3,"name":"shadow_blue_110_"},{"time":3.1,"name":"shadow_blue_113_"},{"time":3.2,"name":"shadow_blue_116_"},{"time":3.3,"name":"shadow_blue_119_"},{"time":3.4,"name":"shadow_blue_122_"},{"time":3.5,"name":"shadow_blue_125_"},{"time":3.6,"name":"shadow_blue_128_"},{"time":3.7,"name":"shadow_blue_131_"},{"time":3.8,"name":"shadow_blue_134_"},{"time":3.9,"name":"shadow_blue_137_"},{"time":4,"name":null}]},"shadow_red_idle":{"attachment":[{"time":0,"name":"shadow_red_000_"},{"time":0.1,"name":"shadow_red_003_"},{"time":0.2,"name":"shadow_red_006_"},{"time":0.3,"name":"shadow_red_009_"},{"time":0.4,"name":"shadow_red_012_"},{"time":0.5,"name":"shadow_red_015_"},{"time":0.6,"name":"shadow_red_018_"},{"time":0.7,"name":"shadow_red_021_"},{"time":0.8,"name":"shadow_red_024_"},{"time":0.9,"name":"shadow_red_027_"},{"time":1,"name":"shadow_red_030_"},{"time":1.1,"name":"shadow_red_033_"},{"time":1.2,"name":"shadow_red_036_"},{"time":1.3,"name":"shadow_red_039_"},{"time":1.4,"name":"shadow_red_042_"},{"time":1.5,"name":"shadow_red_045_"},{"time":1.6,"name":"shadow_red_048_"},{"time":1.7,"name":"shadow_red_051_"},{"time":1.8,"name":"shadow_red_054_"},{"time":1.9,"name":"shadow_red_057_"},{"time":2,"name":null},{"time":4,"name":null}]},"shadow_red_xx":{"attachment":[{"time":2,"name":"shadow_red_080_"},{"time":2.1,"name":"shadow_red_083_"},{"time":2.2,"name":"shadow_red_086_"},{"time":2.3,"name":"shadow_red_089_"},{"time":2.4,"name":"shadow_red_092_"},{"time":2.5,"name":"shadow_red_095_"},{"time":2.6,"name":"shadow_red_098_"},{"time":2.7,"name":"shadow_red_101_"},{"time":2.8,"name":"shadow_red_104_"},{"time":2.9,"name":"shadow_red_107_"},{"time":3,"name":"shadow_red_110_"},{"time":3.1,"name":"shadow_red_113_"},{"time":3.2,"name":"shadow_red_116_"},{"time":3.3,"name":"shadow_red_119_"},{"time":3.4,"name":"shadow_red_122_"},{"time":3.5,"name":"shadow_red_125_"},{"time":3.6,"name":"shadow_red_128_"},{"time":3.7,"name":"shadow_red_131_"},{"time":3.8,"name":"shadow_red_134_"},{"time":3.9,"name":"shadow_red_137_"},{"time":4,"name":null}]}},"bones":{"blue_idle_low_":{"translate":[{"time":0,"x":0,"y":50}]},"jaignbei_lizi":{"translate":[{"time":0,"x":-6.97,"y":94.22}]},"red_idle_low_":{"translate":[{"time":0,"x":0,"y":50}]},"shadow_blue_idle":{"translate":[{"time":0,"x":0,"y":50}]},"shadow_red_idle":{"translate":[{"time":0,"x":0,"y":50}]},"dizuo_low_":{"translate":[{"time":0,"x":0,"y":0}]},"jiangbei_":{"translate":[{"time":0,"x":-10,"y":100}]},"shadow_blue_xx":{"translate":[{"time":0,"x":0,"y":50}]},"shadow_red_xx":{"translate":[{"time":0,"x":0,"y":50}]},"blue_fire_xx_low_":{"translate":[{"time":0,"x":7.57,"y":122.98}]},"blue_xx_low_":{"translate":[{"time":0,"x":0,"y":50}]},"red_fire_xx_low":{"translate":[{"time":0,"x":-4.73,"y":125.82}]},"red_xx_low_":{"translate":[{"time":0,"x":0,"y":50}]},"low_dizuo_glow_":{"translate":[{"time":0,"x":5.3,"y":53.75}]},"jiangbei_glow_":{"translate":[{"time":0,"x":-10,"y":90}]},"jiangbei":{"translate":[{"time":0,"x":0,"y":0,"curve":[0.25,0,0.75,1]},{"time":1,"x":0,"y":5,"curve":[0.25,0,0.75,1]},{"time":2,"x":0,"y":0,"curve":[0.25,0,0.75,1]},{"time":3,"x":0,"y":5,"curve":[0.25,0,0.75,1]},{"time":4,"x":0,"y":0}]},"low_dizuo_lizi":{"translate":[{"time":0,"x":0,"y":30}]}}}}}