{
    "skeleton": {
        "hash": "3szAEAB5SWbDY7RtuspAm7gw5z8",
        "spine": "2.1.27",
        "width": 360,
        "height": 339.69
    },
    "bones": [
        {
            "name": "root"
        },
        {
            "name": "bone",
            "parent": "root",
            "length": 43,
            "x": 98.5,
            "y": 150.74,
            "rotation": 90
        },
        {
            "name": "bone2",
            "parent": "root",
            "length": 26.01,
            "x": 44.42,
            "y": 59.87,
            "rotation": 91.8
        }
    ],
    "slots": [
        {
            "name": "sk_castle_fujideluxe_face_fushishan03",
            "bone": "root",
            "attachment": "sk_castle_fujideluxe_face_fushishan03"
        },
        {
            "name": "sk_castle_fujideluxe_face_zhaocaimao",
            "bone": "root",
            "attachment": "sk_castle_fujideluxe_face_zhaocaimao"
        },
        {
            "name": "sk_castle_fujideluxe_face_duck",
            "bone": "root",
            "attachment": "sk_castle_fujideluxe_face_duck"
        }
    ],
    "skins": {
        "default": {
            "sk_castle_fujideluxe_face_duck": {
                "sk_castle_fujideluxe_face_duck": {
                    "type": "skinnedmesh",
                    "uvs": [
                        1,
                        1,
                        0,
                        1,
                        0,
                        0,
                        1,
                        0
                    ],
                    "triangles": [
                        1,
                        2,
                        3,
                        1,
                        3,
                        0
                    ],
                    "vertices": [
                        1,
                        2,
                        -1.56,
                        -9.95,
                        1,
                        1,
                        2,
                        -0.86,
                        12.03,
                        1,
                        1,
                        2,
                        20.61,
                        11.35,
                        1,
                        1,
                        2,
                        19.92,
                        -10.63,
                        1
                    ],
                    "hull": 4,
                    "edges": [
                        0,
                        2,
                        2,
                        4,
                        4,
                        6,
                        0,
                        6
                    ],
                    "width": 44,
                    "height": 43
                }
            },
            "sk_castle_fujideluxe_face_fushishan03": {
                "sk_castle_fujideluxe_face_fushishan03": {
                    "x": -6,
                    "y": 94,
                    "width": 360,
                    "height": 298
                }
            },
            "sk_castle_fujideluxe_face_zhaocaimao": {
                "sk_castle_fujideluxe_face_zhaocaimao": {
                    "type": "skinnedmesh",
                    "uvs": [
                        1,
                        1,
                        0,
                        1,
                        0,
                        0,
                        1,
                        0
                    ],
                    "triangles": [
                        1,
                        2,
                        3,
                        1,
                        3,
                        0
                    ],
                    "vertices": [
                        1,
                        1,
                        -10.94,
                        -39.74,
                        1,
                        1,
                        1,
                        -10.94,
                        40.75,
                        1,
                        1,
                        1,
                        133.95,
                        40.75,
                        1,
                        1,
                        1,
                        133.95,
                        -39.74,
                        1
                    ],
                    "hull": 4,
                    "edges": [
                        0,
                        2,
                        2,
                        4,
                        4,
                        6,
                        0,
                        6
                    ],
                    "width": 115,
                    "height": 207
                }
            }
        }
    },
    "animations": {
        "dj": {
            "bones": {
                "bone": {
                    "translate": [
                        {
                            "time": 0,
                            "x": 0,
                            "y": 0,
                            "curve": [
                                0.25,
                                0,
                                0.75,
                                1
                            ]
                        },
                        {
                            "time": 1.3333,
                            "x": 0,
                            "y": 9.64,
                            "curve": [
                                0.25,
                                0,
                                0.75,
                                1
                            ]
                        },
                        {
                            "time": 2.6666,
                            "x": 0,
                            "y": 0
                        }
                    ]
                },
                "bone2": {
                    "rotate": [
                        {
                            "time": 0,
                            "angle": 8.18
                        },
                        {
                            "time": 0.6666,
                            "angle": 13.19
                        },
                        {
                            "time": 1.0666,
                            "angle": -2.06
                        },
                        {
                            "time": 1.6,
                            "angle": 3.19
                        },
                        {
                            "time": 1.8,
                            "angle": 8.18
                        },
                        {
                            "time": 2.0333,
                            "angle": 3.19
                        },
                        {
                            "time": 2.4333,
                            "angle": 8.18
                        }
                    ],
                    "translate": [
                        {
                            "time": 0,
                            "x": 0,
                            "y": 0
                        },
                        {
                            "time": 0.6666,
                            "x": -0.66,
                            "y": -1.33
                        },
                        {
                            "time": 0.8333,
                            "x": -0.66,
                            "y": 52.66,
                            "curve": [
                                0.25,
                                0,
                                0.75,
                                1
                            ]
                        },
                        {
                            "time": 1.0666,
                            "x": -0.66,
                            "y": 57.66,
                            "curve": [
                                0.25,
                                0,
                                0.75,
                                1
                            ]
                        },
                        {
                            "time": 1.3333,
                            "x": -0.66,
                            "y": 52.66,
                            "curve": [
                                0.25,
                                0,
                                0.75,
                                1
                            ]
                        },
                        {
                            "time": 1.6,
                            "x": 0,
                            "y": -1.51
                        },
                        {
                            "time": 1.8,
                            "x": 0,
                            "y": 0
                        },
                        {
                            "time": 2.0333,
                            "x": 0,
                            "y": -1.51
                        },
                        {
                            "time": 2.4333,
                            "x": 0,
                            "y": 0
                        }
                    ],
                    "scale": [
                        {
                            "time": 0,
                            "x": 1,
                            "y": 1
                        },
                        {
                            "time": 0.6666,
                            "x": 0.768,
                            "y": 0.768
                        },
                        {
                            "time": 0.8333,
                            "x": 1.985,
                            "y": 1.985,
                            "curve": [
                                0.25,
                                0,
                                0.75,
                                1
                            ]
                        },
                        {
                            "time": 1.0666,
                            "x": 2.05,
                            "y": 2.05,
                            "curve": [
                                0.25,
                                0,
                                0.75,
                                1
                            ]
                        },
                        {
                            "time": 1.3333,
                            "x": 1.985,
                            "y": 1.985,
                            "curve": [
                                0.25,
                                0,
                                0.75,
                                1
                            ]
                        },
                        {
                            "time": 1.6,
                            "x": 0.768,
                            "y": 0.768
                        },
                        {
                            "time": 1.8,
                            "x": 1,
                            "y": 1
                        },
                        {
                            "time": 2.0333,
                            "x": 0.768,
                            "y": 0.768
                        },
                        {
                            "time": 2.4333,
                            "x": 1,
                            "y": 1
                        }
                    ]
                }
            }
        },
        "gj": {},
        "sw": {}
    }
}