{
"skeleton": { "hash": "4A1SEIMkr84Otg7WJC1ixZMNgpY", "spine": "2.1.27", "width": 136.46, "height": 136.46 },
"bones": [
	{ "name": "root" },
	{ "name": "bone", "parent": "root", "length": 64.57, "x": -2.34, "y": 12.06, "rotation": 89.54 }
],
"slots": [
	{ "name": "heiyaoshi_quan_", "bone": "root", "attachment": "heiyaoshi_quan_" },
	{ "name": "root", "bone": "root", "attachment": "heiyaoshi_guang_" },
	{ "name": "heiyaoshi_kuijia_biao_", "bone": "root", "attachment": "heiyaoshi_kuijia_biao_" },
	{ "name": "heiyaoshi_kuijia_", "bone": "root", "attachment": "heiyaoshi_kuijia_" },
	{ "name": "heiyaoshi_qiu_", "bone": "root", "attachment": "heiyaoshi_qiu_" },
	{ "name": "heiyaoshi_X_", "bone": "root", "attachment": "heiyaoshi_X_" },
	{ "name": "heiyaoshi_di_zuo_", "bone": "root", "attachment": "heiyaoshi_di_zuo_" }
],
"skins": {
	"default": {
		"heiyaoshi_X_": {
			"heiyaoshi_X_": {
				"type": "skinnedmesh",
				"uvs": [ 1, 1, 0, 1, 0, 0, 1, 0 ],
				"triangles": [ 1, 2, 3, 1, 3, 0 ],
				"vertices": [ 1, 1, 19.09, -19.45999, 1, 1, 1, 18.81, 15.52, 1, 1, 1, 59.81, 15.85, 1, 1, 1, 60.08, -19.14, 1 ],
				"hull": 4
			}
		},
		"heiyaoshi_di_zuo_": {
			"heiyaoshi_di_zuo_": { "x": -0.72, "y": 23.5, "width": 66, "height": 47 }
		},
		"heiyaoshi_kuijia_": {
			"heiyaoshi_kuijia_": {
				"type": "skinnedmesh",
				"uvs": [ 1, 1, 0, 1, 0, 0, 1, 0 ],
				"triangles": [ 1, 2, 3, 1, 3, 0 ],
				"vertices": [ 1, 1, -1.75, -39.63, 1, 1, 1, -2.34999, 37.36, 1, 1, 1, 69.64, 37.91999, 1, 1, 1, 70.24, -39.06, 1 ],
				"hull": 4
			}
		},
		"heiyaoshi_kuijia_biao_": {
			"heiyaoshi_kuijia_biao_": {
				"type": "skinnedmesh",
				"uvs": [ 1, 1, 0, 1, 0, 0, 1, 0 ],
				"triangles": [ 1, 2, 3, 1, 3, 0 ],
				"vertices": [ 1, 1, -3.74, -40.64, 1, 1, 1, -4.36, 38.34, 1, 1, 1, 70.62999, 38.93, 1, 1, 1, 71.25, -40.05, 1 ],
				"hull": 4
			}
		},
		"heiyaoshi_qiu_": {
			"heiyaoshi_qiu_": {
				"type": "skinnedmesh",
				"uvs": [ 1, 1, 0, 1, 0, 0, 1, 0 ],
				"triangles": [ 1, 2, 3, 1, 3, 0 ],
				"vertices": [ 1, 1, -8.71, -44.68, 1, 1, 1, -9.38, 41.3, 1, 1, 1, 70.6, 41.93, 1, 1, 1, 71.28, -44.05, 1 ],
				"hull": 4
			}
		},
		"heiyaoshi_quan_": {
			"heiyaoshi_quan_": { "x": -1.22, "y": 41, "width": 79, "height": 82 }
		},
		"root": {
			"heiyaoshi_guang_": { "x": -3.81, "y": 40.58, "scaleX": 1.516, "scaleY": 1.516, "width": 90, "height": 90 }
		}
	}
},
"animations": {
	"animation": {
		"slots": {
			"heiyaoshi_X_": {
				"attachment": [
					{ "time": 0, "name": "heiyaoshi_X_" }
				],
				"color": [
					{ "time": 0, "color": "ffffffff" },
					{ "time": 0.3, "color": "ffffff8a" },
					{ "time": 0.6, "color": "ffffff48" },
					{ "time": 0.8333, "color": "ffffffff", "curve": "stepped" },
					{ "time": 1.3, "color": "ffffffff" },
					{ "time": 1.5666, "color": "ffffff8a" },
					{ "time": 1.8666, "color": "ffffff48" },
					{ "time": 2.3333, "color": "ffffffff", "curve": "stepped" },
					{ "time": 2.5, "color": "ffffffff" },
					{ "time": 2.5333, "color": "ffffff00" }
				]
			},
			"heiyaoshi_di_zuo_": {
				"attachment": [
					{ "time": 0, "name": "heiyaoshi_di_zuo_" }
				]
			},
			"heiyaoshi_kuijia_": {
				"attachment": [
					{ "time": 0, "name": "heiyaoshi_kuijia_" }
				],
				"color": [
					{ "time": 0, "color": "ffffff00", "curve": "stepped" },
					{ "time": 2.3333, "color": "ffffff00", "curve": "stepped" },
					{ "time": 2.5, "color": "ffffff00" },
					{ "time": 2.5333, "color": "ffffffff" }
				]
			},
			"heiyaoshi_kuijia_biao_": {
				"color": [
					{ "time": 0, "color": "ffffff00", "curve": "stepped" },
					{ "time": 2.3333, "color": "ffffff00", "curve": "stepped" },
					{ "time": 2.5, "color": "ffffff00" },
					{ "time": 2.5333, "color": "ffffffff" }
				]
			},
			"heiyaoshi_qiu_": {
				"attachment": [
					{ "time": 0, "name": "heiyaoshi_qiu_" }
				],
				"color": [
					{ "time": 0, "color": "ffffffff", "curve": "stepped" },
					{ "time": 2.3333, "color": "ffffffff", "curve": "stepped" },
					{ "time": 2.5, "color": "ffffffff" },
					{ "time": 2.5333, "color": "ffffff00" }
				]
			},
			"heiyaoshi_quan_": {
				"attachment": [
					{ "time": 0, "name": "heiyaoshi_quan_" }
				]
			},
			"root": {
				"color": [
					{ "time": 0, "color": "ffffff00", "curve": "stepped" },
					{ "time": 2.5333, "color": "ffffff00" },
					{ "time": 2.8, "color": "ffffffff" },
					{ "time": 3.5333, "color": "ffffff11" },
					{ "time": 4.5333, "color": "ffffffff" },
					{ "time": 5.6666, "color": "ffffff00" }
				]
			}
		},
		"bones": {
			"root": {
				"rotate": [
					{ "time": 3.5333, "angle": 0, "curve": "stepped" },
					{ "time": 4.5333, "angle": 0, "curve": "stepped" },
					{ "time": 5.6666, "angle": 0 }
				],
				"translate": [
					{ "time": 0, "x": -0.3, "y": -0.3, "curve": "stepped" },
					{ "time": 3.5333, "x": -0.3, "y": -0.3, "curve": "stepped" },
					{ "time": 4.5333, "x": -0.3, "y": -0.3, "curve": "stepped" },
					{ "time": 5.6666, "x": -0.3, "y": -0.3 }
				],
				"scale": [
					{ "time": 3.5333, "x": 1, "y": 1, "curve": "stepped" },
					{ "time": 4.5333, "x": 1, "y": 1, "curve": "stepped" },
					{ "time": 5.6666, "x": 1, "y": 1 }
				]
			},
			"bone": {
				"rotate": [
					{ "time": 0, "angle": 0, "curve": "stepped" },
					{ "time": 1.1666, "angle": 0, "curve": "stepped" },
					{ "time": 2.3333, "angle": 0, "curve": "stepped" },
					{ "time": 2.5, "angle": 0, "curve": "stepped" },
					{ "time": 2.8666, "angle": 0, "curve": "stepped" },
					{ "time": 5.2666, "angle": 0 }
				],
				"translate": [
					{ "time": 0, "x": 0, "y": 0 },
					{ "time": 0.6, "x": 0, "y": 1.23 },
					{ "time": 1.1666, "x": 0, "y": 0 },
					{ "time": 1.7666, "x": 0, "y": 1.23 },
					{ "time": 2.3333, "x": 0, "y": 0, "curve": "stepped" },
					{ "time": 2.5, "x": 0, "y": 0 },
					{ "time": 2.8666, "x": 0, "y": 0.62 },
					{ "time": 3.5666, "x": 0, "y": 0.82 },
					{ "time": 5.2666, "x": 0, "y": 0 }
				],
				"scale": [
					{ "time": 0, "x": 1, "y": 1, "curve": "stepped" },
					{ "time": 1.1666, "x": 1, "y": 1, "curve": "stepped" },
					{ "time": 2.3333, "x": 1, "y": 1 },
					{ "time": 2.5, "x": 1, "y": 0 },
					{ "time": 2.7, "x": 1.046, "y": 1.186 },
					{ "time": 2.8666, "x": 1, "y": 1, "curve": "stepped" },
					{ "time": 5.2666, "x": 1, "y": 1 }
				]
			}
		}
	}
}
}