{
"skeleton": { "hash": "sxvaerHpkRu3AA23W6MEjIARib0", "spine": "3.7.94", "width": 0, "height": 0, "images": "D:\\WORK\\COK\\皮肤特效\\艾嘉德低阶\\艾德低阶spine\\待机_group\\ADDJdj_A\\images", "audio": "D:\\WORK\\COK\\皮肤特效\\艾嘉德低阶\\艾德低阶spine\\待机_group\\ADDJdj_A" },
"bones": [
	{ "name": "root" },
	{ "name": "ctr", "parent": "root", "x": -33, "y": 117, "scaleX": 1.25, "scaleY": 1.25 },
	{ "name": "ADDJdj_UL_", "parent": "ctr" },
	{ "name": "ADDJdj_UR_", "parent": "ctr" },
	{ "name": "ADDJdj_DL_", "parent": "ctr" },
	{ "name": "ADDJdj_DR_", "parent": "ctr" }
],
"slots": [
	{ "name": "ADDJdj_UL_", "bone": "ADDJdj_UL_" },
	{ "name": "ADDJdj_UR_", "bone": "ADDJdj_UR_" },
	{ "name": "ADDJdj_DL_", "bone": "ADDJdj_DL_" },
	{ "name": "ADDJdj_DR_", "bone": "ADDJdj_DR_" }
],
"skins": {
	"default": {
		"ADDJdj_DL_": {
			"ADDJdj_DL_00000_": { "x": -253, "y": -274.5, "width": 506, "height": 549 },
			"ADDJdj_DL_00003_": { "x": -253, "y": -274.5, "width": 506, "height": 549 },
			"ADDJdj_DL_00006_": { "x": -253, "y": -274.5, "width": 506, "height": 549 },
			"ADDJdj_DL_00009_": { "x": -253, "y": -274.5, "width": 506, "height": 549 },
			"ADDJdj_DL_00012_": { "x": -253, "y": -274.5, "width": 506, "height": 549 },
			"ADDJdj_DL_00015_": { "x": -253, "y": -274.5, "width": 506, "height": 549 },
			"ADDJdj_DL_00018_": { "x": -253, "y": -274.5, "width": 506, "height": 549 },
			"ADDJdj_DL_00021_": { "x": -253, "y": -274.5, "width": 506, "height": 549 },
			"ADDJdj_DL_00024_": { "x": -253, "y": -274.5, "width": 506, "height": 549 },
			"ADDJdj_DL_00027_": { "x": -253, "y": -274.5, "width": 506, "height": 549 },
			"ADDJdj_DL_00030_": { "x": -253, "y": -274.5, "width": 506, "height": 549 },
			"ADDJdj_DL_00033_": { "x": -253, "y": -274.5, "width": 506, "height": 549 },
			"ADDJdj_DL_00036_": { "x": -253, "y": -274.5, "width": 506, "height": 549 },
			"ADDJdj_DL_00039_": { "x": -253, "y": -274.5, "width": 506, "height": 549 },
			"ADDJdj_DL_00042_": { "x": -253, "y": -274.5, "width": 506, "height": 549 },
			"ADDJdj_DL_00045_": { "x": -253, "y": -274.5, "width": 506, "height": 549 },
			"ADDJdj_DL_00048_": { "x": -253, "y": -274.5, "width": 506, "height": 549 },
			"ADDJdj_DL_00051_": { "x": -253, "y": -274.5, "width": 506, "height": 549 },
			"ADDJdj_DL_00054_": { "x": -253, "y": -274.5, "width": 506, "height": 549 }
		},
		"ADDJdj_DR_": {
			"ADDJdj_DR_00000_": { "x": 287, "y": -274.5, "width": 574, "height": 549 },
			"ADDJdj_DR_00003_": { "x": 287, "y": -274.5, "width": 574, "height": 549 },
			"ADDJdj_DR_00006_": { "x": 287, "y": -274.5, "width": 574, "height": 549 },
			"ADDJdj_DR_00009_": { "x": 287, "y": -274.5, "width": 574, "height": 549 },
			"ADDJdj_DR_00012_": { "x": 287, "y": -274.5, "width": 574, "height": 549 },
			"ADDJdj_DR_00015_": { "x": 287, "y": -274.5, "width": 574, "height": 549 },
			"ADDJdj_DR_00018_": { "x": 287, "y": -274.5, "width": 574, "height": 549 },
			"ADDJdj_DR_00021_": { "x": 287, "y": -274.5, "width": 574, "height": 549 },
			"ADDJdj_DR_00024_": { "x": 287, "y": -274.5, "width": 574, "height": 549 },
			"ADDJdj_DR_00027_": { "x": 287, "y": -274.5, "width": 574, "height": 549 },
			"ADDJdj_DR_00030_": { "x": 287, "y": -274.5, "width": 574, "height": 549 },
			"ADDJdj_DR_00033_": { "x": 287, "y": -274.5, "width": 574, "height": 549 },
			"ADDJdj_DR_00036_": { "x": 287, "y": -274.5, "width": 574, "height": 549 },
			"ADDJdj_DR_00039_": { "x": 287, "y": -274.5, "width": 574, "height": 549 },
			"ADDJdj_DR_00042_": { "x": 287, "y": -274.5, "width": 574, "height": 549 },
			"ADDJdj_DR_00045_": { "x": 287, "y": -274.5, "width": 574, "height": 549 },
			"ADDJdj_DR_00048_": { "x": 287, "y": -274.5, "width": 574, "height": 549 },
			"ADDJdj_DR_00051_": { "x": 287, "y": -274.5, "width": 574, "height": 549 },
			"ADDJdj_DR_00054_": { "x": 287, "y": -274.5, "width": 574, "height": 549 }
		},
		"ADDJdj_UL_": {
			"ADDJdj_UL_00000_": { "x": -253, "y": 265.5, "width": 506, "height": 531 },
			"ADDJdj_UL_00003_": { "x": -253, "y": 265.5, "width": 506, "height": 531 },
			"ADDJdj_UL_00006_": { "x": -253, "y": 265.5, "width": 506, "height": 531 },
			"ADDJdj_UL_00009_": { "x": -253, "y": 265.5, "width": 506, "height": 531 },
			"ADDJdj_UL_00012_": { "x": -253, "y": 265.5, "width": 506, "height": 531 },
			"ADDJdj_UL_00015_": { "x": -253, "y": 265.5, "width": 506, "height": 531 },
			"ADDJdj_UL_00018_": { "x": -253, "y": 265.5, "width": 506, "height": 531 },
			"ADDJdj_UL_00021_": { "x": -253, "y": 265.5, "width": 506, "height": 531 },
			"ADDJdj_UL_00024_": { "x": -253, "y": 265.5, "width": 506, "height": 531 },
			"ADDJdj_UL_00027_": { "x": -253, "y": 265.5, "width": 506, "height": 531 },
			"ADDJdj_UL_00030_": { "x": -253, "y": 265.5, "width": 506, "height": 531 },
			"ADDJdj_UL_00033_": { "x": -253, "y": 265.5, "width": 506, "height": 531 },
			"ADDJdj_UL_00036_": { "x": -253, "y": 265.5, "width": 506, "height": 531 },
			"ADDJdj_UL_00039_": { "x": -253, "y": 265.5, "width": 506, "height": 531 },
			"ADDJdj_UL_00042_": { "x": -253, "y": 265.5, "width": 506, "height": 531 },
			"ADDJdj_UL_00045_": { "x": -253, "y": 265.5, "width": 506, "height": 531 },
			"ADDJdj_UL_00048_": { "x": -253, "y": 265.5, "width": 506, "height": 531 },
			"ADDJdj_UL_00051_": { "x": -253, "y": 265.5, "width": 506, "height": 531 },
			"ADDJdj_UL_00054_": { "x": -253, "y": 265.5, "width": 506, "height": 531 }
		},
		"ADDJdj_UR_": {
			"ADDJdj_UR_00000_": { "x": 287, "y": 265.5, "width": 574, "height": 531 },
			"ADDJdj_UR_00003_": { "x": 287, "y": 265.5, "width": 574, "height": 531 },
			"ADDJdj_UR_00006_": { "x": 287, "y": 265.5, "width": 574, "height": 531 },
			"ADDJdj_UR_00009_": { "x": 287, "y": 265.5, "width": 574, "height": 531 },
			"ADDJdj_UR_00012_": { "x": 287, "y": 265.5, "width": 574, "height": 531 },
			"ADDJdj_UR_00015_": { "x": 287, "y": 265.5, "width": 574, "height": 531 },
			"ADDJdj_UR_00018_": { "x": 287, "y": 265.5, "width": 574, "height": 531 },
			"ADDJdj_UR_00021_": { "x": 287, "y": 265.5, "width": 574, "height": 531 },
			"ADDJdj_UR_00024_": { "x": 287, "y": 265.5, "width": 574, "height": 531 },
			"ADDJdj_UR_00027_": { "x": 287, "y": 265.5, "width": 574, "height": 531 },
			"ADDJdj_UR_00030_": { "x": 287, "y": 265.5, "width": 574, "height": 531 },
			"ADDJdj_UR_00033_": { "x": 287, "y": 265.5, "width": 574, "height": 531 },
			"ADDJdj_UR_00036_": { "x": 287, "y": 265.5, "width": 574, "height": 531 },
			"ADDJdj_UR_00039_": { "x": 287, "y": 265.5, "width": 574, "height": 531 },
			"ADDJdj_UR_00042_": { "x": 287, "y": 265.5, "width": 574, "height": 531 },
			"ADDJdj_UR_00045_": { "x": 287, "y": 265.5, "width": 574, "height": 531 },
			"ADDJdj_UR_00048_": { "x": 287, "y": 265.5, "width": 574, "height": 531 },
			"ADDJdj_UR_00051_": { "x": 287, "y": 265.5, "width": 574, "height": 531 },
			"ADDJdj_UR_00054_": { "x": 287, "y": 265.5, "width": 574, "height": 531 }
		}
	}
},
"animations": {
	"animation": {
		"slots": {
			"ADDJdj_DL_": {
				"attachment": [
					{ "time": 0, "name": "ADDJdj_DL_00000_" },
					{ "time": 0.1, "name": "ADDJdj_DL_00003_" },
					{ "time": 0.2, "name": "ADDJdj_DL_00006_" },
					{ "time": 0.3, "name": "ADDJdj_DL_00009_" },
					{ "time": 0.4, "name": "ADDJdj_DL_00012_" },
					{ "time": 0.5, "name": "ADDJdj_DL_00015_" },
					{ "time": 0.6, "name": "ADDJdj_DL_00018_" },
					{ "time": 0.7, "name": "ADDJdj_DL_00021_" },
					{ "time": 0.8, "name": "ADDJdj_DL_00024_" },
					{ "time": 0.9, "name": "ADDJdj_DL_00027_" },
					{ "time": 1, "name": "ADDJdj_DL_00030_" },
					{ "time": 1.1, "name": "ADDJdj_DL_00033_" },
					{ "time": 1.2, "name": "ADDJdj_DL_00036_" },
					{ "time": 1.3, "name": "ADDJdj_DL_00039_" },
					{ "time": 1.4, "name": "ADDJdj_DL_00042_" },
					{ "time": 1.5, "name": "ADDJdj_DL_00045_" },
					{ "time": 1.6, "name": "ADDJdj_DL_00048_" },
					{ "time": 1.7, "name": "ADDJdj_DL_00051_" },
					{ "time": 1.8, "name": "ADDJdj_DL_00054_" },
					{ "time": 1.9, "name": null },
					{ "time": 5.7, "name": null }
				]
			},
			"ADDJdj_DR_": {
				"attachment": [
					{ "time": 0, "name": "ADDJdj_DR_00000_" },
					{ "time": 0.1, "name": "ADDJdj_DR_00003_" },
					{ "time": 0.2, "name": "ADDJdj_DR_00006_" },
					{ "time": 0.3, "name": "ADDJdj_DR_00009_" },
					{ "time": 0.4, "name": "ADDJdj_DR_00012_" },
					{ "time": 0.5, "name": "ADDJdj_DR_00015_" },
					{ "time": 0.6, "name": "ADDJdj_DR_00018_" },
					{ "time": 0.7, "name": "ADDJdj_DR_00021_" },
					{ "time": 0.8, "name": "ADDJdj_DR_00024_" },
					{ "time": 0.9, "name": "ADDJdj_DR_00027_" },
					{ "time": 1, "name": "ADDJdj_DR_00030_" },
					{ "time": 1.1, "name": "ADDJdj_DR_00033_" },
					{ "time": 1.2, "name": "ADDJdj_DR_00036_" },
					{ "time": 1.3, "name": "ADDJdj_DR_00039_" },
					{ "time": 1.4, "name": "ADDJdj_DR_00042_" },
					{ "time": 1.5, "name": "ADDJdj_DR_00045_" },
					{ "time": 1.6, "name": "ADDJdj_DR_00048_" },
					{ "time": 1.7, "name": "ADDJdj_DR_00051_" },
					{ "time": 1.8, "name": "ADDJdj_DR_00054_" },
					{ "time": 1.9, "name": null },
					{ "time": 5.7, "name": null }
				]
			},
			"ADDJdj_UL_": {
				"attachment": [
					{ "time": 0, "name": "ADDJdj_UL_00000_" },
					{ "time": 0.1, "name": "ADDJdj_UL_00003_" },
					{ "time": 0.2, "name": "ADDJdj_UL_00006_" },
					{ "time": 0.3, "name": "ADDJdj_UL_00009_" },
					{ "time": 0.4, "name": "ADDJdj_UL_00012_" },
					{ "time": 0.5, "name": "ADDJdj_UL_00015_" },
					{ "time": 0.6, "name": "ADDJdj_UL_00018_" },
					{ "time": 0.7, "name": "ADDJdj_UL_00021_" },
					{ "time": 0.8, "name": "ADDJdj_UL_00024_" },
					{ "time": 0.9, "name": "ADDJdj_UL_00027_" },
					{ "time": 1, "name": "ADDJdj_UL_00030_" },
					{ "time": 1.1, "name": "ADDJdj_UL_00033_" },
					{ "time": 1.2, "name": "ADDJdj_UL_00036_" },
					{ "time": 1.3, "name": "ADDJdj_UL_00039_" },
					{ "time": 1.4, "name": "ADDJdj_UL_00042_" },
					{ "time": 1.5, "name": "ADDJdj_UL_00045_" },
					{ "time": 1.6, "name": "ADDJdj_UL_00048_" },
					{ "time": 1.7, "name": "ADDJdj_UL_00051_" },
					{ "time": 1.8, "name": "ADDJdj_UL_00054_" },
					{ "time": 1.9, "name": null },
					{ "time": 5.7, "name": null }
				]
			},
			"ADDJdj_UR_": {
				"attachment": [
					{ "time": 0, "name": "ADDJdj_UR_00000_" },
					{ "time": 0.1, "name": "ADDJdj_UR_00003_" },
					{ "time": 0.2, "name": "ADDJdj_UR_00006_" },
					{ "time": 0.3, "name": "ADDJdj_UR_00009_" },
					{ "time": 0.4, "name": "ADDJdj_UR_00012_" },
					{ "time": 0.5, "name": "ADDJdj_UR_00015_" },
					{ "time": 0.6, "name": "ADDJdj_UR_00018_" },
					{ "time": 0.7, "name": "ADDJdj_UR_00021_" },
					{ "time": 0.8, "name": "ADDJdj_UR_00024_" },
					{ "time": 0.9, "name": "ADDJdj_UR_00027_" },
					{ "time": 1, "name": "ADDJdj_UR_00030_" },
					{ "time": 1.1, "name": "ADDJdj_UR_00033_" },
					{ "time": 1.2, "name": "ADDJdj_UR_00036_" },
					{ "time": 1.3, "name": "ADDJdj_UR_00039_" },
					{ "time": 1.4, "name": "ADDJdj_UR_00042_" },
					{ "time": 1.5, "name": "ADDJdj_UR_00045_" },
					{ "time": 1.6, "name": "ADDJdj_UR_00048_" },
					{ "time": 1.7, "name": "ADDJdj_UR_00051_" },
					{ "time": 1.8, "name": "ADDJdj_UR_00054_" },
					{ "time": 1.9, "name": null },
					{ "time": 5.7, "name": null }
				]
			}
		},
		"bones": {
			"ctr": {
				"translate": [
					{ "time": 0, "x": 0, "y": 0 }
				]
			}
		}
	}
}
}