{
"skeleton": { "hash": "v0f2I2BWvBble9/xPTVISfo1XeE", "spine": "2.1.27", "width": 0, "height": 0 },
"bones": [
	{ "name": "root" },
	{ "name": "lazhu", "parent": "root" },
	{ "name": "guangyun01_", "parent": "lazhu", "x": -25.21, "y": 164.01 },
	{ "name": "guangyun02_", "parent": "lazhu", "x": 31.88, "y": 176 }
],
"slots": [
	{ "name": "zhuguang02_", "bone": "lazhu" },
	{ "name": "zhuguang01_", "bone": "lazhu" },
	{ "name": "guangyun01_", "bone": "guangyun01_" },
	{ "name": "guangyun02_", "bone": "guangyun02_" },
	{ "name": "zhuguang03_", "bone": "lazhu" },
	{ "name": "zhuguang03_2", "bone": "lazhu" },
	{ "name": "dizuo_", "bone": "lazhu" }
],
"skins": {
	"default": {
		"dizuo_": {
			"dizuo_": { "x": 0.24, "y": 85.06, "width": 93, "height": 210 }
		},
		"guangyun01_": {
			"guangyun01_": { "x": 0.96, "y": 0.04, "width": 120, "height": 134 }
		},
		"guangyun02_": {
			"guangyun02_": { "x": -3.14, "y": 2.06, "width": 120, "height": 134 }
		},
		"zhuguang01_": {
			"zhuguang01_": { "x": -29.25, "y": 163.56, "width": 70, "height": 81 }
		},
		"zhuguang02_": {
			"zhuguang02_": { "x": -21.25, "y": 159.06, "width": 66, "height": 74 }
		},
		"zhuguang03_": {
			"zhuguang03_": { "x": -25.62, "y": 159.46, "scaleX": 0.8, "scaleY": 0.8, "width": 71, "height": 105 }
		},
		"zhuguang03_2": {
			"zhuguang03_": { "x": 30.24, "y": 172.56, "width": 71, "height": 105 }
		}
	}
},
"animations": {
	"lazhu": {
		"slots": {
			"dizuo_": {
				"attachment": [
					{ "time": 0, "name": "dizuo_" }
				]
			},
			"guangyun01_": {
				"attachment": [
					{ "time": 0, "name": "guangyun01_" }
				]
			},
			"guangyun02_": {
				"attachment": [
					{ "time": 0, "name": "guangyun02_" }
				]
			},
			"zhuguang01_": {
				"attachment": [
					{ "time": 0, "name": "zhuguang01_" }
				]
			},
			"zhuguang02_": {
				"attachment": [
					{ "time": 0, "name": "zhuguang02_" }
				]
			},
			"zhuguang03_": {
				"attachment": [
					{ "time": 0, "name": "zhuguang03_" }
				],
				"color": [
					{
						"time": 0,
						"color": "ffffff8b",
						"curve": [ 0.25, 0, 0.75, 1 ]
					},
					{
						"time": 1.5,
						"color": "fffffff9",
						"curve": [ 0.25, 0, 0.75, 1 ]
					},
					{ "time": 3, "color": "ffffff52" }
				]
			},
			"zhuguang03_2": {
				"attachment": [
					{ "time": 0, "name": "zhuguang03_" }
				],
				"color": [
					{
						"time": 0,
						"color": "ffffffff",
						"curve": [ 0.25, 0, 0.75, 1 ]
					},
					{
						"time": 1.5,
						"color": "ffffffbe",
						"curve": [ 0.25, 0, 0.75, 1 ]
					},
					{ "time": 3, "color": "ffffffff" }
				]
			}
		},
		"bones": {
			"guangyun01_": {
				"scale": [
					{
						"time": 0,
						"x": 0.8,
						"y": 0.8,
						"curve": [ 0.25, 0, 0.75, 1 ]
					},
					{
						"time": 1.5,
						"x": 1,
						"y": 1,
						"curve": [ 0.25, 0, 0.75, 1 ]
					},
					{ "time": 3, "x": 0.8, "y": 0.8 }
				]
			},
			"guangyun02_": {
				"scale": [
					{
						"time": 0,
						"x": 0.9,
						"y": 0.9,
						"curve": [ 0.25, 0, 0.75, 1 ]
					},
					{
						"time": 1.5,
						"x": 1.1,
						"y": 1.1,
						"curve": [ 0.25, 0, 0.75, 1 ]
					},
					{ "time": 3, "x": 0.9, "y": 0.9 }
				]
			}
		}
	}
}
}