{
"skeleton": { "hash": "/2nc5OMoU6q4E2WvBYPA7hJcfXU", "spine": "2.1.27", "width": 0, "height": 0 },
"bones": [
	{ "name": "root" },
	{ "name": "bone", "parent": "root", "x": 0.5, "y": 75 }
],
"slots": [
	{ "name": "am08_2_", "bone": "bone" },
	{ "name": "am08_1_", "bone": "bone" },
	{ "name": "am07_2_", "bone": "bone" },
	{ "name": "am07_1_", "bone": "bone" },
	{ "name": "am06_3_", "bone": "bone" },
	{ "name": "am06_2_", "bone": "bone" },
	{ "name": "am06_1_", "bone": "bone" },
	{ "name": "am05_3_", "bone": "bone" },
	{ "name": "am05_2_", "bone": "bone" },
	{ "name": "am05_1_", "bone": "bone" },
	{ "name": "am04_3_", "bone": "bone" },
	{ "name": "am04_2_", "bone": "bone" },
	{ "name": "am04_1_", "bone": "bone" },
	{ "name": "am03_3_", "bone": "bone" },
	{ "name": "am03_2_", "bone": "bone" },
	{ "name": "am03_1_", "bone": "bone" },
	{ "name": "am02_2_", "bone": "bone" },
	{ "name": "am02_1_", "bone": "bone" },
	{ "name": "am01_2_", "bone": "bone" },
	{ "name": "am01_1_", "bone": "bone" }
],
"skins": {
	"default": {
		"am01_1_": {
			"am01_1_": { "x": 13.22, "y": -11.49, "width": 28, "height": 53 }
		},
		"am01_2_": {
			"am01_2_": { "x": 39.72, "y": -21.99, "width": 25, "height": 32 }
		},
		"am02_1_": {
			"am02_1_": { "x": 11.72, "y": -13.49, "width": 25, "height": 57 }
		},
		"am02_2_": {
			"am02_2_": { "x": 36.22, "y": -18.99, "width": 24, "height": 46 }
		},
		"am03_1_": {
			"am03_1_": { "x": 8.72, "y": -9.49, "width": 19, "height": 49 }
		},
		"am03_2_": {
			"am03_2_": { "x": 29.22, "y": -8.49, "width": 22, "height": 35 }
		},
		"am03_3_": {
			"am03_3_": { "x": 30.72, "y": -35.99, "width": 25, "height": 20 }
		},
		"am04_1_": {
			"am04_1_": { "x": 10.72, "y": -5.99, "width": 23, "height": 42 }
		},
		"am04_2_": {
			"am04_2_": { "x": 34.22, "y": -5.49, "width": 24, "height": 29 }
		},
		"am04_3_": {
			"am04_3_": { "x": 32.22, "y": -33.49, "width": 20, "height": 27 }
		},
		"am05_1_": {
			"am05_1_": { "x": 13.22, "y": -4.99, "width": 28, "height": 40 }
		},
		"am05_2_": {
			"am05_2_": { "x": 44.22, "y": -8.49, "width": 34, "height": 37 }
		},
		"am05_3_": {
			"am05_3_": { "x": 38.22, "y": -34.49, "width": 16, "height": 15 }
		},
		"am06_1_": {
			"am06_1_": { "x": 14.72, "y": -5.49, "width": 31, "height": 41 }
		},
		"am06_2_": {
			"am06_2_": { "x": 49.72, "y": -8.99, "width": 39, "height": 36 }
		},
		"am06_3_": {
			"am06_3_": { "x": 45.72, "y": -32.99, "width": 15, "height": 12 }
		},
		"am07_1_": {
			"am07_1_": { "x": 16.72, "y": -6.99, "width": 35, "height": 44 }
		},
		"am07_2_": {
			"am07_2_": { "x": 51.72, "y": -13.99, "width": 35, "height": 44 }
		},
		"am08_1_": {
			"am08_1_": { "x": 14.72, "y": -8.99, "width": 31, "height": 48 }
		},
		"am08_2_": {
			"am08_2_": { "x": 45.22, "y": -13.99, "width": 30, "height": 36 }
		}
	}
},
"animations": {
	"animation": {
		"slots": {
			"am01_1_": {
				"attachment": [
					{ "time": 0, "name": "am01_1_" },
					{ "time": 0.1666, "name": null },
					{ "time": 1.3333, "name": "am01_1_" }
				]
			},
			"am01_2_": {
				"attachment": [
					{ "time": 0, "name": "am01_2_" },
					{ "time": 0.1666, "name": null },
					{ "time": 1.3333, "name": "am01_2_" }
				]
			},
			"am02_1_": {
				"attachment": [
					{ "time": 0, "name": null },
					{ "time": 0.1666, "name": "am02_1_" },
					{ "time": 0.3333, "name": null },
					{ "time": 1.3333, "name": null }
				]
			},
			"am02_2_": {
				"attachment": [
					{ "time": 0, "name": null },
					{ "time": 0.1666, "name": "am02_2_" },
					{ "time": 0.3333, "name": null },
					{ "time": 1.3333, "name": null }
				]
			},
			"am03_1_": {
				"attachment": [
					{ "time": 0, "name": null },
					{ "time": 0.3333, "name": "am03_1_" },
					{ "time": 0.5, "name": null },
					{ "time": 1.3333, "name": null }
				]
			},
			"am03_2_": {
				"attachment": [
					{ "time": 0, "name": null },
					{ "time": 0.3333, "name": "am03_2_" },
					{ "time": 0.5, "name": null },
					{ "time": 1.3333, "name": null }
				]
			},
			"am03_3_": {
				"attachment": [
					{ "time": 0, "name": null },
					{ "time": 0.3333, "name": "am03_3_" },
					{ "time": 0.5, "name": null },
					{ "time": 1.3333, "name": null }
				]
			},
			"am04_1_": {
				"attachment": [
					{ "time": 0, "name": null },
					{ "time": 0.5, "name": "am04_1_" },
					{ "time": 0.6666, "name": null },
					{ "time": 1.3333, "name": null }
				]
			},
			"am04_2_": {
				"attachment": [
					{ "time": 0, "name": null },
					{ "time": 0.5, "name": "am04_2_" },
					{ "time": 0.6666, "name": null },
					{ "time": 1.3333, "name": null }
				]
			},
			"am04_3_": {
				"attachment": [
					{ "time": 0, "name": null },
					{ "time": 0.5, "name": "am04_3_" },
					{ "time": 0.6666, "name": null },
					{ "time": 1.3333, "name": null }
				]
			},
			"am05_1_": {
				"attachment": [
					{ "time": 0, "name": null },
					{ "time": 0.6666, "name": "am05_1_" },
					{ "time": 0.8333, "name": null },
					{ "time": 1.3333, "name": null }
				]
			},
			"am05_2_": {
				"attachment": [
					{ "time": 0, "name": null },
					{ "time": 0.6666, "name": "am05_2_" },
					{ "time": 0.8333, "name": null },
					{ "time": 1.3333, "name": null }
				]
			},
			"am05_3_": {
				"attachment": [
					{ "time": 0, "name": null },
					{ "time": 0.6666, "name": "am05_3_" },
					{ "time": 0.8333, "name": null },
					{ "time": 1.3333, "name": null }
				]
			},
			"am06_1_": {
				"attachment": [
					{ "time": 0, "name": null },
					{ "time": 0.8333, "name": "am06_1_" },
					{ "time": 1, "name": null },
					{ "time": 1.3333, "name": null }
				]
			},
			"am06_2_": {
				"attachment": [
					{ "time": 0, "name": null },
					{ "time": 0.8333, "name": "am06_2_" },
					{ "time": 1, "name": null },
					{ "time": 1.3333, "name": null }
				]
			},
			"am06_3_": {
				"attachment": [
					{ "time": 0, "name": null },
					{ "time": 0.8333, "name": "am06_3_" },
					{ "time": 1, "name": null },
					{ "time": 1.3333, "name": null }
				]
			},
			"am07_1_": {
				"attachment": [
					{ "time": 0, "name": null },
					{ "time": 1, "name": "am07_1_" },
					{ "time": 1.1666, "name": null },
					{ "time": 1.3333, "name": null }
				]
			},
			"am07_2_": {
				"attachment": [
					{ "time": 0, "name": null },
					{ "time": 1, "name": "am07_2_" },
					{ "time": 1.1666, "name": null },
					{ "time": 1.3333, "name": null }
				]
			},
			"am08_1_": {
				"attachment": [
					{ "time": 0, "name": null },
					{ "time": 1.1666, "name": "am08_1_" },
					{ "time": 1.3333, "name": null }
				]
			},
			"am08_2_": {
				"attachment": [
					{ "time": 0, "name": null },
					{ "time": 1.1666, "name": "am08_2_" },
					{ "time": 1.3333, "name": null }
				]
			}
		}
	}
}
}