{
"skeleton": { "hash": "tnV0wpNoRwZKJo9DgQihZpiOhao", "spine": "2.1.27", "width": 0, "height": 0 },
"bones": [
	{ "name": "root" },
	{ "name": "bone", "parent": "root", "x": 0.5, "y": 75, "scaleX": 2, "scaleY": 2 }
],
"slots": [
	{ "name": "Cl_7_2_", "bone": "bone" },
	{ "name": "Cl_7_1_", "bone": "bone" },
	{ "name": "Cl_6_4_", "bone": "bone" },
	{ "name": "Cl_6_3_", "bone": "bone" },
	{ "name": "Cl_6_2_", "bone": "bone" },
	{ "name": "Cl_6_1_", "bone": "bone" },
	{ "name": "Cl_6_0_", "bone": "bone" },
	{ "name": "Cl_5_3_", "bone": "bone" },
	{ "name": "Cl_5_2_", "bone": "bone" },
	{ "name": "Cl_5_1_", "bone": "bone" },
	{ "name": "Cl_5_0_", "bone": "bone" },
	{ "name": "Cl_4_3_", "bone": "bone" },
	{ "name": "Cl_4_2_", "bone": "bone" },
	{ "name": "Cl_4_1_", "bone": "bone" },
	{ "name": "Cl_4_0_", "bone": "bone" },
	{ "name": "Cl_3_2_", "bone": "bone" },
	{ "name": "Cl_3_1_", "bone": "bone" },
	{ "name": "Cl_3_0_", "bone": "bone" },
	{ "name": "Cl_2_4_", "bone": "bone" },
	{ "name": "Cl_2_3_", "bone": "bone" },
	{ "name": "Cl_2_2_", "bone": "bone" },
	{ "name": "Cl_2_1_", "bone": "bone" },
	{ "name": "Cl_2_0_", "bone": "bone" },
	{ "name": "Cl_1_4_", "bone": "bone" },
	{ "name": "Cl_1_3_", "bone": "bone" },
	{ "name": "Cl_1_2_", "bone": "bone" },
	{ "name": "Cl_1_1_", "bone": "bone" },
	{ "name": "Cl_1_0_", "bone": "bone" },
	{ "name": "Cl_0_4_", "bone": "bone" },
	{ "name": "Cl_0_3_", "bone": "bone" },
	{ "name": "Cl_0_2_", "bone": "bone" },
	{ "name": "Cl_0_1_", "bone": "bone" },
	{ "name": "Cl_0_0_", "bone": "bone" }
],
"skins": {
	"default": {
		"Cl_0_0_": {
			"Cl_0_0_": { "x": 4.8, "y": -0.87, "width": 10, "height": 19 }
		},
		"Cl_0_1_": {
			"Cl_0_1_": { "x": 12.3, "y": 0.12, "width": 5, "height": 7 }
		},
		"Cl_0_2_": {
			"Cl_0_2_": { "x": 12.3, "y": -10.37, "width": 5, "height": 14 }
		},
		"Cl_0_3_": {
			"Cl_0_3_": { "x": 20.8, "y": -10.37, "width": 12, "height": 14 }
		},
		"Cl_0_4_": {
			"Cl_0_4_": { "x": 5.8, "y": -13.87, "width": 8, "height": 7 }
		},
		"Cl_1_0_": {
			"Cl_1_0_": { "x": 2.3, "y": -1.87, "width": 5, "height": 21 }
		},
		"Cl_1_1_": {
			"Cl_1_1_": { "x": 9.3, "y": -2.87, "width": 9, "height": 21 }
		},
		"Cl_1_2_": {
			"Cl_1_2_": { "x": 16.3, "y": -4.87, "width": 5, "height": 7 }
		},
		"Cl_1_3_": {
			"Cl_1_3_": { "x": 19.3, "y": -14.37, "width": 11, "height": 12 }
		},
		"Cl_1_4_": {
			"Cl_1_4_": { "x": 9.8, "y": -16.87, "width": 8, "height": 7 }
		},
		"Cl_2_0_": {
			"Cl_2_0_": { "x": 5.3, "y": 6.62, "width": 11, "height": 4 }
		},
		"Cl_2_1_": {
			"Cl_2_1_": { "x": 8.8, "y": -1.37, "width": 18, "height": 12 }
		},
		"Cl_2_2_": {
			"Cl_2_2_": { "x": 9.8, "y": -9.87, "width": 20, "height": 5 }
		},
		"Cl_2_3_": {
			"Cl_2_3_": { "x": 14.3, "y": -14.87, "width": 15, "height": 5 }
		},
		"Cl_2_4_": {
			"Cl_2_4_": { "x": 15.8, "y": -19.87, "width": 12, "height": 5 }
		},
		"Cl_3_0_": {
			"Cl_3_0_": { "x": 2.8, "y": -1.37, "width": 6, "height": 20 }
		},
		"Cl_3_1_": {
			"Cl_3_1_": { "x": 14.3, "y": -2.87, "width": 17, "height": 19 }
		},
		"Cl_3_2_": {
			"Cl_3_2_": { "x": 16.3, "y": -17.37, "width": 9, "height": 10 }
		},
		"Cl_4_0_": {
			"Cl_4_0_": { "x": 3.3, "y": -1.37, "width": 7, "height": 20 }
		},
		"Cl_4_1_": {
			"Cl_4_1_": { "x": 15.8, "y": -2.87, "width": 18, "height": 17 }
		},
		"Cl_4_2_": {
			"Cl_4_2_": { "x": 27.8, "y": -2.87, "width": 6, "height": 13 }
		},
		"Cl_4_3_": {
			"Cl_4_3_": { "x": 19.3, "y": -15.37, "width": 9, "height": 8 }
		},
		"Cl_5_0_": {
			"Cl_5_0_": { "x": 4.8, "y": -1.87, "width": 10, "height": 21 }
		},
		"Cl_5_1_": {
			"Cl_5_1_": { "x": 19.3, "y": -3.37, "width": 19, "height": 18 }
		},
		"Cl_5_2_": {
			"Cl_5_2_": { "x": 31.8, "y": -1.87, "width": 6, "height": 13 }
		},
		"Cl_5_3_": {
			"Cl_5_3_": { "x": 23.3, "y": -15.37, "width": 7, "height": 6 }
		},
		"Cl_6_0_": {
			"Cl_6_0_": { "x": 4.3, "y": -2.37, "width": 9, "height": 22 }
		},
		"Cl_6_1_": {
			"Cl_6_1_": { "x": 15.8, "y": -4.37, "width": 14, "height": 18 }
		},
		"Cl_6_2_": {
			"Cl_6_2_": { "x": 28.8, "y": -3.87, "width": 12, "height": 19 }
		},
		"Cl_6_3_": {
			"Cl_6_3_": { "x": 27.3, "y": -14.87, "width": 5, "height": 3 }
		},
		"Cl_6_4_": {
			"Cl_6_4_": { "x": 17.3, "y": -3.87, "width": 35, "height": 25 }
		},
		"Cl_7_1_": {
			"Cl_7_1_": { "x": 8.3, "y": -3.37, "width": 17, "height": 24 }
		},
		"Cl_7_2_": {
			"Cl_7_2_": { "x": 23.3, "y": -5.37, "width": 13, "height": 18 }
		}
	}
},
"animations": {
	"animation": {
		"slots": {
			"Cl_0_0_": {
				"attachment": [
					{ "time": 0, "name": "Cl_0_0_" },
					{ "time": 0.1666, "name": null },
					{ "time": 1.3333, "name": "Cl_0_0_" }
				]
			},
			"Cl_0_1_": {
				"attachment": [
					{ "time": 0, "name": "Cl_0_1_" },
					{ "time": 0.1666, "name": null },
					{ "time": 1.3333, "name": "Cl_0_1_" }
				]
			},
			"Cl_0_2_": {
				"attachment": [
					{ "time": 0, "name": "Cl_0_2_" },
					{ "time": 0.1666, "name": null },
					{ "time": 1.3333, "name": "Cl_0_2_" }
				]
			},
			"Cl_0_3_": {
				"attachment": [
					{ "time": 0, "name": "Cl_0_3_" },
					{ "time": 0.1666, "name": null },
					{ "time": 1.3333, "name": "Cl_0_3_" }
				]
			},
			"Cl_0_4_": {
				"attachment": [
					{ "time": 0, "name": "Cl_0_4_" },
					{ "time": 0.1666, "name": null },
					{ "time": 1.3333, "name": "Cl_0_4_" }
				]
			},
			"Cl_1_0_": {
				"attachment": [
					{ "time": 0, "name": null },
					{ "time": 0.1666, "name": "Cl_1_0_" },
					{ "time": 0.3333, "name": null },
					{ "time": 1.3333, "name": null }
				]
			},
			"Cl_1_1_": {
				"attachment": [
					{ "time": 0, "name": null },
					{ "time": 0.1666, "name": "Cl_1_1_" },
					{ "time": 0.3333, "name": null },
					{ "time": 1.3333, "name": null }
				]
			},
			"Cl_1_2_": {
				"attachment": [
					{ "time": 0, "name": null },
					{ "time": 0.1666, "name": "Cl_1_2_" },
					{ "time": 0.3333, "name": null },
					{ "time": 1.3333, "name": null }
				]
			},
			"Cl_1_3_": {
				"attachment": [
					{ "time": 0, "name": null },
					{ "time": 0.1666, "name": "Cl_1_3_" },
					{ "time": 0.3333, "name": null },
					{ "time": 1.3333, "name": null }
				]
			},
			"Cl_1_4_": {
				"attachment": [
					{ "time": 0, "name": null },
					{ "time": 0.1666, "name": "Cl_1_4_" },
					{ "time": 0.3333, "name": null },
					{ "time": 1.3333, "name": null }
				]
			},
			"Cl_2_0_": {
				"attachment": [
					{ "time": 0, "name": null },
					{ "time": 0.3333, "name": "Cl_2_0_" },
					{ "time": 0.5, "name": null },
					{ "time": 1.3333, "name": null }
				]
			},
			"Cl_2_1_": {
				"attachment": [
					{ "time": 0, "name": null },
					{ "time": 0.3333, "name": "Cl_2_1_" },
					{ "time": 0.5, "name": null },
					{ "time": 1.3333, "name": null }
				]
			},
			"Cl_2_2_": {
				"attachment": [
					{ "time": 0, "name": null },
					{ "time": 0.3333, "name": "Cl_2_2_" },
					{ "time": 0.5, "name": null },
					{ "time": 1.3333, "name": null }
				]
			},
			"Cl_2_3_": {
				"attachment": [
					{ "time": 0, "name": null },
					{ "time": 0.3333, "name": "Cl_2_3_" },
					{ "time": 0.5, "name": null },
					{ "time": 1.3333, "name": null }
				]
			},
			"Cl_2_4_": {
				"attachment": [
					{ "time": 0, "name": null },
					{ "time": 0.3333, "name": "Cl_2_4_" },
					{ "time": 0.5, "name": null },
					{ "time": 1.3333, "name": null }
				]
			},
			"Cl_3_0_": {
				"attachment": [
					{ "time": 0, "name": null },
					{ "time": 0.5, "name": "Cl_3_0_" },
					{ "time": 0.6666, "name": null },
					{ "time": 1.3333, "name": null }
				]
			},
			"Cl_3_1_": {
				"attachment": [
					{ "time": 0, "name": null },
					{ "time": 0.5, "name": "Cl_3_1_" },
					{ "time": 0.6666, "name": null },
					{ "time": 1.3333, "name": null }
				]
			},
			"Cl_3_2_": {
				"attachment": [
					{ "time": 0, "name": null },
					{ "time": 0.5, "name": "Cl_3_2_" },
					{ "time": 0.6666, "name": null },
					{ "time": 1.3333, "name": null }
				]
			},
			"Cl_4_0_": {
				"attachment": [
					{ "time": 0, "name": null },
					{ "time": 0.6666, "name": "Cl_4_0_" },
					{ "time": 0.8333, "name": null },
					{ "time": 1.3333, "name": null }
				]
			},
			"Cl_4_1_": {
				"attachment": [
					{ "time": 0, "name": null },
					{ "time": 0.6666, "name": "Cl_4_1_" },
					{ "time": 0.8333, "name": null },
					{ "time": 1.3333, "name": null }
				]
			},
			"Cl_4_2_": {
				"attachment": [
					{ "time": 0, "name": null },
					{ "time": 0.6666, "name": "Cl_4_2_" },
					{ "time": 0.8333, "name": null },
					{ "time": 1.3333, "name": null }
				]
			},
			"Cl_4_3_": {
				"attachment": [
					{ "time": 0, "name": null },
					{ "time": 0.6666, "name": "Cl_4_3_" },
					{ "time": 0.8333, "name": null },
					{ "time": 1.3333, "name": null }
				]
			},
			"Cl_5_0_": {
				"attachment": [
					{ "time": 0, "name": null },
					{ "time": 0.8333, "name": "Cl_5_0_" },
					{ "time": 1, "name": null },
					{ "time": 1.3333, "name": null }
				]
			},
			"Cl_5_1_": {
				"attachment": [
					{ "time": 0, "name": null },
					{ "time": 0.8333, "name": "Cl_5_1_" },
					{ "time": 1, "name": null },
					{ "time": 1.3333, "name": null }
				]
			},
			"Cl_5_2_": {
				"attachment": [
					{ "time": 0, "name": null },
					{ "time": 0.8333, "name": "Cl_5_2_" },
					{ "time": 1, "name": null },
					{ "time": 1.3333, "name": null }
				]
			},
			"Cl_5_3_": {
				"attachment": [
					{ "time": 0, "name": null },
					{ "time": 0.8333, "name": "Cl_5_3_" },
					{ "time": 1, "name": null },
					{ "time": 1.3333, "name": null }
				]
			},
			"Cl_6_0_": {
				"attachment": [
					{ "time": 0, "name": null },
					{ "time": 1, "name": "Cl_6_0_" },
					{ "time": 1.1666, "name": null },
					{ "time": 1.3333, "name": null }
				]
			},
			"Cl_6_1_": {
				"attachment": [
					{ "time": 0, "name": null },
					{ "time": 1, "name": "Cl_6_1_" },
					{ "time": 1.1666, "name": null },
					{ "time": 1.3333, "name": null }
				]
			},
			"Cl_6_2_": {
				"attachment": [
					{ "time": 0, "name": null },
					{ "time": 1, "name": "Cl_6_2_" },
					{ "time": 1.1666, "name": null },
					{ "time": 1.3333, "name": null }
				]
			},
			"Cl_6_3_": {
				"attachment": [
					{ "time": 0, "name": null },
					{ "time": 1, "name": "Cl_6_3_" },
					{ "time": 1.1666, "name": null },
					{ "time": 1.3333, "name": null }
				]
			},
			"Cl_6_4_": {
				"attachment": [
					{ "time": 0, "name": null },
					{ "time": 1, "name": "Cl_6_4_" },
					{ "time": 1.1666, "name": null },
					{ "time": 1.3333, "name": null }
				]
			},
			"Cl_7_1_": {
				"attachment": [
					{ "time": 0, "name": null },
					{ "time": 1.1666, "name": "Cl_7_1_" },
					{ "time": 1.3333, "name": null }
				]
			},
			"Cl_7_2_": {
				"attachment": [
					{ "time": 0, "name": null },
					{ "time": 1.1666, "name": "Cl_7_2_" },
					{ "time": 1.3333, "name": null }
				]
			}
		}
	}
}
}