{
"skeleton": { "hash": "le3gxd6q//8QYXiyx/KZQnfus4k", "spine": "2.1.27", "width": 71, "height": 63 },
"bones": [
	{ "name": "root" },
	{ "name": "bone", "parent": "root", "x": -0.64, "y": 75.71 }
],
"slots": [
	{ "name": "lbn08_3_", "bone": "root" },
	{ "name": "lbn08_2_", "bone": "root" },
	{ "name": "lbn08_1_", "bone": "root" },
	{ "name": "lbn07_3_", "bone": "root" },
	{ "name": "lbn07_2_", "bone": "root" },
	{ "name": "lbn07_1_", "bone": "root" },
	{ "name": "lbn06_3_", "bone": "root" },
	{ "name": "lbn06_2_", "bone": "root" },
	{ "name": "lbn06_1_", "bone": "root" },
	{ "name": "lbn05_3_", "bone": "root" },
	{ "name": "lbn05_2_", "bone": "root" },
	{ "name": "lbn05_1_", "bone": "root" },
	{ "name": "lbn04_2_", "bone": "root" },
	{ "name": "lbn04_1_", "bone": "root" },
	{ "name": "lbn03_3_", "bone": "root" },
	{ "name": "lbn03_2_", "bone": "root" },
	{ "name": "lbn03_1_", "bone": "root" },
	{ "name": "lbn02_3_", "bone": "root" },
	{ "name": "lbn02_2_", "bone": "root" },
	{ "name": "lbn02_1_", "bone": "root" },
	{ "name": "lbn01_1_", "bone": "root" },
	{ "name": "lbn01_2_", "bone": "root" },
	{ "name": "lbn01_1_2", "bone": "bone", "attachment": "lbn01_1_" },
	{ "name": "lbn01_2_2", "bone": "bone", "attachment": "lbn01_2_" },
	{ "name": "lbn02_1_2", "bone": "bone", "attachment": "lbn02_1_" },
	{ "name": "lbn02_2_2", "bone": "bone", "attachment": "lbn02_2_" },
	{ "name": "lbn02_3_2", "bone": "bone", "attachment": "lbn02_3_" },
	{ "name": "lbn03_1_2", "bone": "bone", "attachment": "lbn03_1_" },
	{ "name": "lbn03_2_2", "bone": "bone", "attachment": "lbn03_2_" },
	{ "name": "lbn03_3_2", "bone": "bone", "attachment": "lbn03_3_" },
	{ "name": "lbn04_1_2", "bone": "bone", "attachment": "lbn04_1_" },
	{ "name": "lbn04_2_2", "bone": "bone", "attachment": "lbn04_2_" },
	{ "name": "lbn05_1_2", "bone": "bone", "attachment": "lbn05_1_" },
	{ "name": "lbn05_2_2", "bone": "bone", "attachment": "lbn05_2_" },
	{ "name": "lbn05_3_2", "bone": "bone", "attachment": "lbn05_3_" },
	{ "name": "lbn06_1_2", "bone": "bone", "attachment": "lbn06_1_" },
	{ "name": "lbn06_2_2", "bone": "bone", "attachment": "lbn06_2_" },
	{ "name": "lbn06_3_2", "bone": "bone", "attachment": "lbn06_3_" },
	{ "name": "lbn07_1_2", "bone": "bone", "attachment": "lbn07_1_" },
	{ "name": "lbn07_2_2", "bone": "bone", "attachment": "lbn07_2_" },
	{ "name": "lbn07_3_2", "bone": "bone", "attachment": "lbn07_3_" },
	{ "name": "lbn08_1_2", "bone": "bone", "attachment": "lbn08_1_" },
	{ "name": "lbn08_2_2", "bone": "bone", "attachment": "lbn08_2_" },
	{ "name": "lbn08_3_2", "bone": "bone", "attachment": "lbn08_3_" }
],
"skins": {
	"default": {
		"lbn01_1_2": {
			"lbn01_1_": { "x": 12.03, "y": -6.47, "width": 25, "height": 53 }
		},
		"lbn01_2_2": {
			"lbn01_2_": { "x": 39.03, "y": -14.47, "width": 29, "height": 37 }
		},
		"lbn02_1_2": {
			"lbn02_1_": { "x": 15.03, "y": 8.02, "width": 31, "height": 24 }
		},
		"lbn02_2_2": {
			"lbn02_2_": { "x": 13.53, "y": -20.97, "width": 28, "height": 34 }
		},
		"lbn02_3_2": {
			"lbn02_3_": { "x": 38.53, "y": -20.97, "width": 22, "height": 34 }
		},
		"lbn03_1_2": {
			"lbn03_1_": { "x": 8.53, "y": -2.97, "width": 18, "height": 46 }
		},
		"lbn03_2_2": {
			"lbn03_2_": { "x": 27.03, "y": 1.02, "width": 19, "height": 26 }
		},
		"lbn03_3_2": {
			"lbn03_3_": { "x": 31.03, "y": -26.97, "width": 27, "height": 30 }
		},
		"lbn04_1_2": {
			"lbn04_1_": { "x": 12.03, "y": -1.97, "width": 25, "height": 44 }
		},
		"lbn04_2_2": {
			"lbn04_2_": { "x": 35.53, "y": -14.97, "width": 22, "height": 56 }
		},
		"lbn05_1_2": {
			"lbn05_1_": { "x": 13.03, "y": -0.47, "width": 27, "height": 41 }
		},
		"lbn05_2_2": {
			"lbn05_2_": { "x": 44.03, "y": -0.97, "width": 35, "height": 30 }
		},
		"lbn05_3_2": {
			"lbn05_3_": { "x": 38.53, "y": -26.47, "width": 24, "height": 21 }
		},
		"lbn06_1_2": {
			"lbn06_1_": { "x": 12.03, "y": -0.47, "width": 25, "height": 41 }
		},
		"lbn06_2_2": {
			"lbn06_2_": { "x": 47.53, "y": -3.97, "width": 46, "height": 34 }
		},
		"lbn06_3_2": {
			"lbn06_3_": { "x": 45.53, "y": -27.47, "width": 18, "height": 13 }
		},
		"lbn07_1_2": {
			"lbn07_1_": { "x": 14.03, "y": -2.47, "width": 29, "height": 45 }
		},
		"lbn07_2_2": {
			"lbn07_2_": { "x": 38.53, "y": -6.47, "width": 20, "height": 35 }
		},
		"lbn07_3_2": {
			"lbn07_3_": { "x": 59.53, "y": -8.97, "width": 22, "height": 44 }
		},
		"lbn08_1_2": {
			"lbn08_1_": { "x": 10.53, "y": -4.47, "width": 22, "height": 49 }
		},
		"lbn08_2_2": {
			"lbn08_2_": { "x": 30.03, "y": -9.97, "width": 17, "height": 38 }
		},
		"lbn08_3_2": {
			"lbn08_3_": { "x": 49.53, "y": -7.97, "width": 22, "height": 34 }
		}
	}
},
"animations": {
	"animation": {
		"slots": {
			"lbn01_1_2": {
				"attachment": [
					{ "time": 0, "name": "lbn01_1_" },
					{ "time": 0.1666, "name": null },
					{ "time": 1.1666, "name": null },
					{ "time": 1.3333, "name": "lbn01_1_" }
				]
			},
			"lbn01_2_2": {
				"attachment": [
					{ "time": 0, "name": "lbn01_2_" },
					{ "time": 0.1666, "name": null },
					{ "time": 1.1666, "name": null },
					{ "time": 1.3333, "name": "lbn01_2_" }
				]
			},
			"lbn02_1_2": {
				"attachment": [
					{ "time": 0, "name": null },
					{ "time": 0.1666, "name": "lbn02_1_" },
					{ "time": 0.3333, "name": null },
					{ "time": 1.3333, "name": null }
				]
			},
			"lbn02_2_2": {
				"attachment": [
					{ "time": 0, "name": null },
					{ "time": 0.1666, "name": "lbn02_2_" },
					{ "time": 0.3333, "name": null },
					{ "time": 1.3333, "name": null }
				]
			},
			"lbn02_3_2": {
				"attachment": [
					{ "time": 0, "name": null },
					{ "time": 0.1666, "name": "lbn02_3_" },
					{ "time": 0.3333, "name": null },
					{ "time": 1.3333, "name": null }
				]
			},
			"lbn03_1_2": {
				"attachment": [
					{ "time": 0, "name": null },
					{ "time": 0.1666, "name": null },
					{ "time": 0.3333, "name": "lbn03_1_" },
					{ "time": 0.5, "name": null },
					{ "time": 1.3333, "name": null }
				]
			},
			"lbn03_2_2": {
				"attachment": [
					{ "time": 0, "name": null },
					{ "time": 0.1666, "name": null },
					{ "time": 0.3333, "name": "lbn03_2_" },
					{ "time": 0.5, "name": null },
					{ "time": 1.3333, "name": null }
				]
			},
			"lbn03_3_2": {
				"attachment": [
					{ "time": 0, "name": null },
					{ "time": 0.1666, "name": null },
					{ "time": 0.3333, "name": "lbn03_3_" },
					{ "time": 0.5, "name": null },
					{ "time": 1.3333, "name": null }
				]
			},
			"lbn04_1_2": {
				"attachment": [
					{ "time": 0, "name": null },
					{ "time": 0.3333, "name": null },
					{ "time": 0.5, "name": "lbn04_1_" },
					{ "time": 0.6666, "name": null },
					{ "time": 1.3333, "name": null }
				]
			},
			"lbn04_2_2": {
				"attachment": [
					{ "time": 0, "name": null },
					{ "time": 0.3333, "name": null },
					{ "time": 0.5, "name": "lbn04_2_" },
					{ "time": 0.6666, "name": null },
					{ "time": 1.3333, "name": null }
				]
			},
			"lbn05_1_2": {
				"attachment": [
					{ "time": 0, "name": null },
					{ "time": 0.5, "name": null },
					{ "time": 0.6666, "name": "lbn05_1_" },
					{ "time": 0.8333, "name": null },
					{ "time": 1.3333, "name": null }
				]
			},
			"lbn05_2_2": {
				"attachment": [
					{ "time": 0, "name": null },
					{ "time": 0.5, "name": null },
					{ "time": 0.6666, "name": "lbn05_2_" },
					{ "time": 0.8333, "name": null },
					{ "time": 1.3333, "name": null }
				]
			},
			"lbn05_3_2": {
				"attachment": [
					{ "time": 0, "name": null },
					{ "time": 0.5, "name": null },
					{ "time": 0.6666, "name": "lbn05_3_" },
					{ "time": 0.8333, "name": null },
					{ "time": 1.3333, "name": null }
				]
			},
			"lbn06_1_2": {
				"attachment": [
					{ "time": 0, "name": null },
					{ "time": 0.6666, "name": null },
					{ "time": 0.8333, "name": "lbn06_1_" },
					{ "time": 1, "name": null },
					{ "time": 1.3333, "name": null }
				]
			},
			"lbn06_2_2": {
				"attachment": [
					{ "time": 0, "name": null },
					{ "time": 0.6666, "name": null },
					{ "time": 0.8333, "name": "lbn06_2_" },
					{ "time": 1, "name": null },
					{ "time": 1.3333, "name": null }
				]
			},
			"lbn06_3_2": {
				"attachment": [
					{ "time": 0, "name": null },
					{ "time": 0.6666, "name": null },
					{ "time": 0.8333, "name": "lbn06_3_" },
					{ "time": 1, "name": null },
					{ "time": 1.3333, "name": null }
				]
			},
			"lbn07_1_2": {
				"attachment": [
					{ "time": 0, "name": null },
					{ "time": 0.8333, "name": null },
					{ "time": 1, "name": "lbn07_1_" },
					{ "time": 1.1666, "name": null },
					{ "time": 1.3333, "name": null }
				]
			},
			"lbn07_2_2": {
				"attachment": [
					{ "time": 0, "name": null },
					{ "time": 0.8333, "name": null },
					{ "time": 1, "name": "lbn07_2_" },
					{ "time": 1.1666, "name": null },
					{ "time": 1.3333, "name": null }
				]
			},
			"lbn07_3_2": {
				"attachment": [
					{ "time": 0, "name": null },
					{ "time": 0.8333, "name": null },
					{ "time": 1, "name": "lbn07_3_" },
					{ "time": 1.1666, "name": null },
					{ "time": 1.3333, "name": null }
				]
			},
			"lbn08_1_2": {
				"attachment": [
					{ "time": 0, "name": null },
					{ "time": 1, "name": null },
					{ "time": 1.1666, "name": "lbn08_1_" },
					{ "time": 1.3333, "name": null }
				]
			},
			"lbn08_2_2": {
				"attachment": [
					{ "time": 0, "name": null },
					{ "time": 1, "name": null },
					{ "time": 1.1666, "name": "lbn08_2_" },
					{ "time": 1.3333, "name": null }
				]
			},
			"lbn08_3_2": {
				"attachment": [
					{ "time": 0, "name": null },
					{ "time": 1, "name": null },
					{ "time": 1.1666, "name": "lbn08_3_" },
					{ "time": 1.3333, "name": null }
				]
			}
		}
	}
}
}