{
"skeleton": { "hash": "q9/e1cibPBd+taxNJQmWw+MaIsY", "spine": "2.1.27", "width": 0, "height": 0 },
"bones": [
	{ "name": "root" },
	{ "name": "bone", "parent": "root", "x": 0.5, "y": 75, "scaleX": 2, "scaleY": 2 }
],
"slots": [
	{ "name": "PE_4_2_", "bone": "bone" },
	{ "name": "PE_4_1_", "bone": "bone" },
	{ "name": "PE_4_0_", "bone": "bone" },
	{ "name": "PE_3_3_", "bone": "bone" },
	{ "name": "PE_3_2_", "bone": "bone" },
	{ "name": "PE_3_1_", "bone": "bone" },
	{ "name": "PE_3_0_", "bone": "bone" },
	{ "name": "PE_2_4_", "bone": "bone" },
	{ "name": "PE_2_3_", "bone": "bone" },
	{ "name": "PE_2_2_", "bone": "bone" },
	{ "name": "PE_2_1_", "bone": "bone" },
	{ "name": "PE_2_0_", "bone": "bone" },
	{ "name": "PE_1_2_", "bone": "bone" },
	{ "name": "PE_1_1_", "bone": "bone" },
	{ "name": "PE_1_0_", "bone": "bone" },
	{ "name": "PE_0_2_", "bone": "bone" },
	{ "name": "PE_0_1_", "bone": "bone" },
	{ "name": "PE_0_0_", "bone": "bone" }
],
"skins": {
	"default": {
		"PE_0_0_": {
			"PE_0_0_": { "x": 6.1, "y": 4.18, "width": 13, "height": 10 }
		},
		"PE_0_1_": {
			"PE_0_1_": { "x": 2.6, "y": -8.31, "width": 6, "height": 15 }
		},
		"PE_0_2_": {
			"PE_0_2_": { "x": 16.1, "y": -9.31, "width": 21, "height": 17 }
		},
		"PE_1_0_": {
			"PE_1_0_": { "x": 8.6, "y": 1.68, "width": 18, "height": 15 }
		},
		"PE_1_1_": {
			"PE_1_1_": { "x": 4.6, "y": -11.31, "width": 10, "height": 11 }
		},
		"PE_1_2_": {
			"PE_1_2_": { "x": 15.6, "y": -13.81, "width": 12, "height": 16 }
		},
		"PE_2_0_": {
			"PE_2_0_": { "x": 5.6, "y": -1.31, "width": 12, "height": 21 }
		},
		"PE_2_1_": {
			"PE_2_1_": { "x": 19.1, "y": -2.31, "width": 15, "height": 17 }
		},
		"PE_2_2_": {
			"PE_2_2_": { "x": 28.6, "y": -1.81, "width": 4, "height": 10 }
		},
		"PE_2_3_": {
			"PE_2_3_": { "x": 18.6, "y": -13.31, "width": 10, "height": 5 }
		},
		"PE_2_4_": {
			"PE_2_4_": { "x": 18.6, "y": -17.81, "width": 4, "height": 4 }
		},
		"PE_3_0_": {
			"PE_3_0_": { "x": 5.1, "y": -2.31, "width": 11, "height": 23 }
		},
		"PE_3_1_": {
			"PE_3_1_": { "x": 16.1, "y": -4.31, "width": 11, "height": 19 }
		},
		"PE_3_2_": {
			"PE_3_2_": { "x": 28.1, "y": 0.68, "width": 13, "height": 11 }
		},
		"PE_3_3_": {
			"PE_3_3_": { "x": 26.6, "y": -10.81, "width": 10, "height": 12 }
		},
		"PE_4_0_": {
			"PE_4_0_": { "x": 5.1, "y": -2.81, "width": 11, "height": 24 }
		},
		"PE_4_1_": {
			"PE_4_1_": { "x": 16.6, "y": -5.81, "width": 12, "height": 18 }
		},
		"PE_4_2_": {
			"PE_4_2_": { "x": 26.1, "y": -4.81, "width": 7, "height": 18 }
		}
	}
},
"animations": {
	"animation": {
		"slots": {
			"PE_0_0_": {
				"attachment": [
					{ "time": 0, "name": "PE_0_0_" },
					{ "time": 0.3333, "name": null },
					{ "time": 1.3333, "name": "PE_0_0_" }
				]
			},
			"PE_0_1_": {
				"attachment": [
					{ "time": 0, "name": "PE_0_1_" },
					{ "time": 0.3333, "name": null },
					{ "time": 1.3333, "name": "PE_0_1_" }
				]
			},
			"PE_0_2_": {
				"attachment": [
					{ "time": 0, "name": "PE_0_2_" },
					{ "time": 0.3333, "name": null },
					{ "time": 1.3333, "name": "PE_0_2_" }
				]
			},
			"PE_1_0_": {
				"attachment": [
					{ "time": 0, "name": null },
					{ "time": 0.3333, "name": "PE_1_0_" },
					{ "time": 0.6666, "name": null },
					{ "time": 1.3333, "name": null }
				]
			},
			"PE_1_1_": {
				"attachment": [
					{ "time": 0, "name": null },
					{ "time": 0.3333, "name": "PE_1_1_" },
					{ "time": 0.6666, "name": null },
					{ "time": 1.3333, "name": null }
				]
			},
			"PE_1_2_": {
				"attachment": [
					{ "time": 0, "name": null },
					{ "time": 0.3333, "name": "PE_1_2_" },
					{ "time": 0.6666, "name": null },
					{ "time": 1.3333, "name": null }
				]
			},
			"PE_2_0_": {
				"attachment": [
					{ "time": 0, "name": null },
					{ "time": 0.6666, "name": "PE_2_0_" },
					{ "time": 1, "name": null },
					{ "time": 1.3333, "name": null }
				]
			},
			"PE_2_1_": {
				"attachment": [
					{ "time": 0, "name": null },
					{ "time": 0.6666, "name": "PE_2_1_" },
					{ "time": 1, "name": null },
					{ "time": 1.3333, "name": null }
				]
			},
			"PE_2_2_": {
				"attachment": [
					{ "time": 0, "name": null },
					{ "time": 0.6666, "name": "PE_2_2_" },
					{ "time": 1, "name": null },
					{ "time": 1.3333, "name": null }
				]
			},
			"PE_2_3_": {
				"attachment": [
					{ "time": 0, "name": null },
					{ "time": 0.6666, "name": "PE_2_3_" },
					{ "time": 1, "name": null },
					{ "time": 1.3333, "name": null }
				]
			},
			"PE_2_4_": {
				"attachment": [
					{ "time": 0, "name": null },
					{ "time": 0.6666, "name": "PE_2_4_" },
					{ "time": 1, "name": null },
					{ "time": 1.3333, "name": null }
				]
			},
			"PE_3_0_": {
				"attachment": [
					{ "time": 0, "name": null },
					{ "time": 1, "name": "PE_3_0_" },
					{ "time": 1.1666, "name": null },
					{ "time": 1.3333, "name": null }
				]
			},
			"PE_3_1_": {
				"attachment": [
					{ "time": 0, "name": null },
					{ "time": 1, "name": "PE_3_1_" },
					{ "time": 1.1666, "name": null },
					{ "time": 1.3333, "name": null }
				]
			},
			"PE_3_2_": {
				"attachment": [
					{ "time": 0, "name": null },
					{ "time": 1, "name": "PE_3_2_" },
					{ "time": 1.1666, "name": null },
					{ "time": 1.3333, "name": null }
				]
			},
			"PE_3_3_": {
				"attachment": [
					{ "time": 0, "name": null },
					{ "time": 1, "name": "PE_3_3_" },
					{ "time": 1.1666, "name": null },
					{ "time": 1.3333, "name": null }
				]
			},
			"PE_4_0_": {
				"attachment": [
					{ "time": 0, "name": null },
					{ "time": 1.1666, "name": "PE_4_0_" },
					{ "time": 1.3333, "name": null }
				]
			},
			"PE_4_1_": {
				"attachment": [
					{ "time": 0, "name": null },
					{ "time": 1.1666, "name": "PE_4_1_" },
					{ "time": 1.3333, "name": null }
				]
			},
			"PE_4_2_": {
				"attachment": [
					{ "time": 0, "name": null },
					{ "time": 1.1666, "name": "PE_4_2_" },
					{ "time": 1.3333, "name": null }
				]
			}
		}
	}
}
}