{
"skeleton": { "hash": "WU4acOe27nAO2LXpo2QsuODuPmY", "spine": "2.1.27", "width": 0, "height": 0 },
"bones": [
	{ "name": "root" },
	{ "name": "bone", "parent": "root", "x": 0.5, "y": 75, "scaleX": 2, "scaleY": 2 }
],
"slots": [
	{ "name": "QA08_2_", "bone": "bone" },
	{ "name": "QA08_1_", "bone": "bone" },
	{ "name": "QA07_2_", "bone": "bone" },
	{ "name": "QA07_1_", "bone": "bone" },
	{ "name": "QA06_2_", "bone": "bone" },
	{ "name": "QA06_1_", "bone": "bone" },
	{ "name": "QA05_3_", "bone": "bone" },
	{ "name": "QA05_2_", "bone": "bone" },
	{ "name": "QA05_1_", "bone": "bone" },
	{ "name": "QA04_3_", "bone": "bone" },
	{ "name": "QA04_2_", "bone": "bone" },
	{ "name": "QA04_1_", "bone": "bone" },
	{ "name": "QA03_3_", "bone": "bone" },
	{ "name": "QA03_2_", "bone": "bone" },
	{ "name": "QA03_1_", "bone": "bone" },
	{ "name": "QA02_3_", "bone": "bone" },
	{ "name": "QA02_2_", "bone": "bone" },
	{ "name": "QA02_1_", "bone": "bone" },
	{ "name": "QA01_2_", "bone": "bone" },
	{ "name": "QA01_1_", "bone": "bone" }
],
"skins": {
	"default": {
		"QA01_1_": {
			"QA01_1_": { "x": 5.98, "y": -1.9, "width": 13, "height": 26 }
		},
		"QA01_2_": {
			"QA01_2_": { "x": 18.98, "y": -6.4, "width": 13, "height": 17 }
		},
		"QA02_1_": {
			"QA02_1_": { "x": 7.98, "y": 4.09, "width": 17, "height": 14 }
		},
		"QA02_2_": {
			"QA02_2_": { "x": 5.48, "y": -9.9, "width": 12, "height": 14 }
		},
		"QA02_3_": {
			"QA02_3_": { "x": 17.48, "y": -9.9, "width": 12, "height": 14 }
		},
		"QA03_1_": {
			"QA03_1_": { "x": 8.98, "y": 3.09, "width": 19, "height": 16 }
		},
		"QA03_2_": {
			"QA03_2_": { "x": 5.48, "y": -11.4, "width": 12, "height": 13 }
		},
		"QA03_3_": {
			"QA03_3_": { "x": 16.48, "y": -11.9, "width": 10, "height": 14 }
		},
		"QA04_1_": {
			"QA04_1_": { "x": 5.48, "y": 0.09, "width": 12, "height": 22 }
		},
		"QA04_2_": {
			"QA04_2_": { "x": 16.98, "y": 2.09, "width": 11, "height": 12 }
		},
		"QA04_3_": {
			"QA04_3_": { "x": 16.48, "y": -11.9, "width": 10, "height": 16 }
		},
		"QA05_1_": {
			"QA05_1_": { "x": 6.98, "y": 0.59, "width": 15, "height": 21 }
		},
		"QA05_2_": {
			"QA05_2_": { "x": 22.48, "y": 2.59, "width": 16, "height": 13 }
		},
		"QA05_3_": {
			"QA05_3_": { "x": 20.98, "y": -10.4, "width": 13, "height": 13 }
		},
		"QA06_1_": {
			"QA06_1_": { "x": 6.48, "y": 0.59, "width": 14, "height": 21 }
		},
		"QA06_2_": {
			"QA06_2_": { "x": 23.98, "y": -3.9, "width": 21, "height": 24 }
		},
		"QA07_1_": {
			"QA07_1_": { "x": 8.48, "y": 0.09, "width": 18, "height": 22 }
		},
		"QA07_2_": {
			"QA07_2_": { "x": 25.98, "y": -2.9, "width": 17, "height": 22 }
		},
		"QA08_1_": {
			"QA08_1_": { "x": 9.48, "y": -0.9, "width": 20, "height": 24 }
		},
		"QA08_2_": {
			"QA08_2_": { "x": 24.48, "y": -2.4, "width": 10, "height": 17 }
		}
	}
},
"animations": {
	"animation": {
		"slots": {
			"QA01_1_": {
				"attachment": [
					{ "time": 0, "name": "QA01_1_" },
					{ "time": 0.1666, "name": null },
					{ "time": 1.3333, "name": "QA01_1_" }
				]
			},
			"QA01_2_": {
				"attachment": [
					{ "time": 0, "name": "QA01_2_" },
					{ "time": 0.1666, "name": null },
					{ "time": 1.3333, "name": "QA01_2_" }
				]
			},
			"QA02_1_": {
				"attachment": [
					{ "time": 0, "name": null },
					{ "time": 0.1666, "name": "QA02_1_" },
					{ "time": 0.3333, "name": null },
					{ "time": 1.3333, "name": null }
				]
			},
			"QA02_2_": {
				"attachment": [
					{ "time": 0, "name": null },
					{ "time": 0.1666, "name": "QA02_2_" },
					{ "time": 0.3333, "name": null },
					{ "time": 1.3333, "name": null }
				]
			},
			"QA02_3_": {
				"attachment": [
					{ "time": 0, "name": null },
					{ "time": 0.1666, "name": "QA02_3_" },
					{ "time": 0.3333, "name": null },
					{ "time": 1.3333, "name": null }
				]
			},
			"QA03_1_": {
				"attachment": [
					{ "time": 0, "name": null },
					{ "time": 0.3333, "name": "QA03_1_" },
					{ "time": 0.5, "name": null },
					{ "time": 1.3333, "name": null }
				]
			},
			"QA03_2_": {
				"attachment": [
					{ "time": 0, "name": null },
					{ "time": 0.3333, "name": "QA03_2_" },
					{ "time": 0.5, "name": null },
					{ "time": 1.3333, "name": null }
				]
			},
			"QA03_3_": {
				"attachment": [
					{ "time": 0, "name": null },
					{ "time": 0.3333, "name": "QA03_3_" },
					{ "time": 0.5, "name": null },
					{ "time": 1.3333, "name": null }
				]
			},
			"QA04_1_": {
				"attachment": [
					{ "time": 0, "name": null },
					{ "time": 0.5, "name": "QA04_1_" },
					{ "time": 0.6666, "name": null },
					{ "time": 1.3333, "name": null }
				]
			},
			"QA04_2_": {
				"attachment": [
					{ "time": 0, "name": null },
					{ "time": 0.5, "name": "QA04_2_" },
					{ "time": 0.6666, "name": null },
					{ "time": 1.3333, "name": null }
				]
			},
			"QA04_3_": {
				"attachment": [
					{ "time": 0, "name": null },
					{ "time": 0.5, "name": "QA04_3_" },
					{ "time": 0.6666, "name": null },
					{ "time": 1.3333, "name": null }
				]
			},
			"QA05_1_": {
				"attachment": [
					{ "time": 0, "name": null },
					{ "time": 0.6666, "name": "QA05_1_" },
					{ "time": 0.8333, "name": null },
					{ "time": 1.3333, "name": null }
				]
			},
			"QA05_2_": {
				"attachment": [
					{ "time": 0, "name": null },
					{ "time": 0.6666, "name": "QA05_2_" },
					{ "time": 0.8333, "name": null },
					{ "time": 1.3333, "name": null }
				]
			},
			"QA05_3_": {
				"attachment": [
					{ "time": 0, "name": null },
					{ "time": 0.6666, "name": "QA05_3_" },
					{ "time": 0.8333, "name": null },
					{ "time": 1.3333, "name": null }
				]
			},
			"QA06_1_": {
				"attachment": [
					{ "time": 0, "name": null },
					{ "time": 0.8333, "name": "QA06_1_" },
					{ "time": 1, "name": null },
					{ "time": 1.3333, "name": null }
				]
			},
			"QA06_2_": {
				"attachment": [
					{ "time": 0, "name": null },
					{ "time": 0.8333, "name": "QA06_2_" },
					{ "time": 1, "name": null },
					{ "time": 1.3333, "name": null }
				]
			},
			"QA07_1_": {
				"attachment": [
					{ "time": 0, "name": null },
					{ "time": 1, "name": "QA07_1_" },
					{ "time": 1.1666, "name": null },
					{ "time": 1.3333, "name": null }
				]
			},
			"QA07_2_": {
				"attachment": [
					{ "time": 0, "name": null },
					{ "time": 1, "name": "QA07_2_" },
					{ "time": 1.1666, "name": null },
					{ "time": 1.3333, "name": null }
				]
			},
			"QA08_1_": {
				"attachment": [
					{ "time": 0, "name": null },
					{ "time": 1.1666, "name": "QA08_1_" },
					{ "time": 1.3333, "name": null }
				]
			},
			"QA08_2_": {
				"attachment": [
					{ "time": 0, "name": null },
					{ "time": 1.1666, "name": "QA08_2_" },
					{ "time": 1.3333, "name": null }
				]
			}
		}
	}
}
}