{
"skeleton": { "hash": "FCOvCfkK6efe+/BAdBO1nmVufy4", "spine": "2.1.27", "width": 0, "height": 0 },
"bones": [
	{ "name": "root" },
	{ "name": "bone", "parent": "root", "x": 0.5, "y": 75, "scaleX": 2, "scaleY": 2 }
],
"slots": [
	{ "name": "se_7_2_", "bone": "bone" },
	{ "name": "se_7_1_", "bone": "bone" },
	{ "name": "se_7_0_", "bone": "bone" },
	{ "name": "se_6_3_", "bone": "bone" },
	{ "name": "se_6_2_", "bone": "bone" },
	{ "name": "se_6_1_", "bone": "bone" },
	{ "name": "se_6_0_", "bone": "bone" },
	{ "name": "se_5_3_", "bone": "bone" },
	{ "name": "se_5_2_", "bone": "bone" },
	{ "name": "se_5_1_", "bone": "bone" },
	{ "name": "se_5_0_", "bone": "bone" },
	{ "name": "se_4_3_", "bone": "bone" },
	{ "name": "se_4_2_", "bone": "bone" },
	{ "name": "se_4_1_", "bone": "bone" },
	{ "name": "se_4_0_", "bone": "bone" },
	{ "name": "se_3_2_", "bone": "bone" },
	{ "name": "se_3_1_", "bone": "bone" },
	{ "name": "se_3_0_", "bone": "bone" },
	{ "name": "se_2_2_", "bone": "bone" },
	{ "name": "se_2_1_", "bone": "bone" },
	{ "name": "se_2_0_", "bone": "bone" },
	{ "name": "se_1_2_", "bone": "bone" },
	{ "name": "se_1_1_", "bone": "bone" },
	{ "name": "se_1_0_", "bone": "bone" },
	{ "name": "se_0_3_", "bone": "bone" },
	{ "name": "se_0_2_", "bone": "bone" },
	{ "name": "se_0_1_", "bone": "bone" },
	{ "name": "se_0_0_", "bone": "bone" }
],
"skins": {
	"default": {
		"se_0_0_": {
			"se_0_0_": { "x": 2.81, "y": 1.48, "width": 6, "height": 21 }
		},
		"se_0_1_": {
			"se_0_1_": { "x": 10.31, "y": 5.48, "width": 9, "height": 9 }
		},
		"se_0_2_": {
			"se_0_2_": { "x": 12.31, "y": -6.51, "width": 13, "height": 15 }
		},
		"se_0_3_": {
			"se_0_3_": { "x": 22.81, "y": -7.51, "width": 8, "height": 11 }
		},
		"se_1_0_": {
			"se_1_0_": { "x": 7.81, "y": 4.98, "width": 16, "height": 14 }
		},
		"se_1_1_": {
			"se_1_1_": { "x": 3.31, "y": -7.51, "width": 7, "height": 11 }
		},
		"se_1_2_": {
			"se_1_2_": { "x": 15.81, "y": -9.51, "width": 18, "height": 15 }
		},
		"se_2_0_": {
			"se_2_0_": { "x": 8.81, "y": 4.48, "width": 18, "height": 15 }
		},
		"se_2_1_": {
			"se_2_1_": { "x": 3.81, "y": -6.51, "width": 8, "height": 7 }
		},
		"se_2_2_": {
			"se_2_2_": { "x": 14.81, "y": -11.01, "width": 14, "height": 16 }
		},
		"se_3_0_": {
			"se_3_0_": { "x": 5.81, "y": 1.48, "width": 12, "height": 21 }
		},
		"se_3_1_": {
			"se_3_1_": { "x": 17.31, "y": -1.01, "width": 11, "height": 20 }
		},
		"se_3_2_": {
			"se_3_2_": { "x": 16.31, "y": -15.01, "width": 7, "height": 8 }
		},
		"se_4_0_": {
			"se_4_0_": { "x": 7.31, "y": 1.98, "width": 15, "height": 20 }
		},
		"se_4_1_": {
			"se_4_1_": { "x": 20.81, "y": -0.51, "width": 12, "height": 19 }
		},
		"se_4_2_": {
			"se_4_2_": { "x": 28.81, "y": 1.48, "width": 4, "height": 9 }
		},
		"se_4_3_": {
			"se_4_3_": { "x": 19.31, "y": -13.01, "width": 7, "height": 6 }
		},
		"se_5_0_": {
			"se_5_0_": { "x": 7.81, "y": 1.98, "width": 16, "height": 20 }
		},
		"se_5_1_": {
			"se_5_1_": { "x": 23.31, "y": -0.01, "width": 15, "height": 18 }
		},
		"se_5_2_": {
			"se_5_2_": { "x": 32.81, "y": 2.48, "width": 4, "height": 9 }
		},
		"se_5_3_": {
			"se_5_3_": { "x": 22.81, "y": -12.01, "width": 8, "height": 6 }
		},
		"se_6_0_": {
			"se_6_0_": { "x": 6.31, "y": 0.98, "width": 13, "height": 22 }
		},
		"se_6_1_": {
			"se_6_1_": { "x": 17.81, "y": -1.01, "width": 10, "height": 18 }
		},
		"se_6_2_": {
			"se_6_2_": { "x": 28.81, "y": 3.48, "width": 12, "height": 11 }
		},
		"se_6_3_": {
			"se_6_3_": { "x": 27.31, "y": -7.51, "width": 9, "height": 11 }
		},
		"se_7_0_": {
			"se_7_0_": { "x": 5.81, "y": -0.01, "width": 12, "height": 24 }
		},
		"se_7_1_": {
			"se_7_1_": { "x": 17.31, "y": -3.51, "width": 11, "height": 17 }
		},
		"se_7_2_": {
			"se_7_2_": { "x": 26.31, "y": -1.51, "width": 7, "height": 17 }
		}
	}
},
"animations": {
	"animation": {
		"slots": {
			"se_0_0_": {
				"attachment": [
					{ "time": 0, "name": "se_0_0_" },
					{ "time": 0.1666, "name": null },
					{ "time": 1.3333, "name": "se_0_0_" }
				]
			},
			"se_0_1_": {
				"attachment": [
					{ "time": 0, "name": "se_0_1_" },
					{ "time": 0.1666, "name": null },
					{ "time": 1.3333, "name": "se_0_1_" }
				]
			},
			"se_0_2_": {
				"attachment": [
					{ "time": 0, "name": "se_0_2_" },
					{ "time": 0.1666, "name": null },
					{ "time": 1.3333, "name": "se_0_2_" }
				]
			},
			"se_0_3_": {
				"attachment": [
					{ "time": 0, "name": "se_0_3_" },
					{ "time": 0.1666, "name": null },
					{ "time": 1.3333, "name": "se_0_3_" }
				]
			},
			"se_1_0_": {
				"attachment": [
					{ "time": 0, "name": null },
					{ "time": 0.1666, "name": "se_1_0_" },
					{ "time": 0.3333, "name": null },
					{ "time": 1.3333, "name": null }
				]
			},
			"se_1_1_": {
				"attachment": [
					{ "time": 0, "name": null },
					{ "time": 0.1666, "name": "se_1_1_" },
					{ "time": 0.3333, "name": null },
					{ "time": 1.3333, "name": null }
				]
			},
			"se_1_2_": {
				"attachment": [
					{ "time": 0, "name": null },
					{ "time": 0.1666, "name": "se_1_2_" },
					{ "time": 0.3333, "name": null },
					{ "time": 1.3333, "name": null }
				]
			},
			"se_2_0_": {
				"attachment": [
					{ "time": 0, "name": null },
					{ "time": 0.3333, "name": "se_2_0_" },
					{ "time": 0.5, "name": null },
					{ "time": 1.3333, "name": null }
				]
			},
			"se_2_1_": {
				"attachment": [
					{ "time": 0, "name": null },
					{ "time": 0.3333, "name": "se_2_1_" },
					{ "time": 0.5, "name": null },
					{ "time": 1.3333, "name": null }
				]
			},
			"se_2_2_": {
				"attachment": [
					{ "time": 0, "name": null },
					{ "time": 0.3333, "name": "se_2_2_" },
					{ "time": 0.5, "name": null },
					{ "time": 1.3333, "name": null }
				]
			},
			"se_3_0_": {
				"attachment": [
					{ "time": 0, "name": null },
					{ "time": 0.5, "name": "se_3_0_" },
					{ "time": 0.6666, "name": null },
					{ "time": 1.3333, "name": null }
				]
			},
			"se_3_1_": {
				"attachment": [
					{ "time": 0, "name": null },
					{ "time": 0.5, "name": "se_3_1_" },
					{ "time": 0.6666, "name": null },
					{ "time": 1.3333, "name": null }
				]
			},
			"se_3_2_": {
				"attachment": [
					{ "time": 0, "name": null },
					{ "time": 0.5, "name": "se_3_2_" },
					{ "time": 0.6666, "name": null },
					{ "time": 1.3333, "name": null }
				]
			},
			"se_4_0_": {
				"attachment": [
					{ "time": 0, "name": null },
					{ "time": 0.6666, "name": "se_4_0_" },
					{ "time": 0.8333, "name": null },
					{ "time": 1.3333, "name": null }
				]
			},
			"se_4_1_": {
				"attachment": [
					{ "time": 0, "name": null },
					{ "time": 0.6666, "name": "se_4_1_" },
					{ "time": 0.8333, "name": null },
					{ "time": 1.3333, "name": null }
				]
			},
			"se_4_2_": {
				"attachment": [
					{ "time": 0, "name": null },
					{ "time": 0.6666, "name": "se_4_2_" },
					{ "time": 0.8333, "name": null },
					{ "time": 1.3333, "name": null }
				]
			},
			"se_4_3_": {
				"attachment": [
					{ "time": 0, "name": null },
					{ "time": 0.6666, "name": "se_4_3_" },
					{ "time": 0.8333, "name": null },
					{ "time": 1.3333, "name": null }
				]
			},
			"se_5_0_": {
				"attachment": [
					{ "time": 0, "name": null },
					{ "time": 0.8333, "name": "se_5_0_" },
					{ "time": 1, "name": null },
					{ "time": 1.3333, "name": null }
				]
			},
			"se_5_1_": {
				"attachment": [
					{ "time": 0, "name": null },
					{ "time": 0.8333, "name": "se_5_1_" },
					{ "time": 1, "name": null },
					{ "time": 1.3333, "name": null }
				]
			},
			"se_5_2_": {
				"attachment": [
					{ "time": 0, "name": null },
					{ "time": 0.8333, "name": "se_5_2_" },
					{ "time": 1, "name": null },
					{ "time": 1.3333, "name": null }
				]
			},
			"se_5_3_": {
				"attachment": [
					{ "time": 0, "name": null },
					{ "time": 0.8333, "name": "se_5_3_" },
					{ "time": 1, "name": null },
					{ "time": 1.3333, "name": null }
				]
			},
			"se_6_0_": {
				"attachment": [
					{ "time": 0, "name": null },
					{ "time": 1, "name": "se_6_0_" },
					{ "time": 1.1666, "name": null },
					{ "time": 1.3333, "name": null }
				]
			},
			"se_6_1_": {
				"attachment": [
					{ "time": 0, "name": null },
					{ "time": 1, "name": "se_6_1_" },
					{ "time": 1.1666, "name": null },
					{ "time": 1.3333, "name": null }
				]
			},
			"se_6_2_": {
				"attachment": [
					{ "time": 0, "name": null },
					{ "time": 1, "name": "se_6_2_" },
					{ "time": 1.1666, "name": null },
					{ "time": 1.3333, "name": null }
				]
			},
			"se_6_3_": {
				"attachment": [
					{ "time": 0, "name": null },
					{ "time": 1, "name": "se_6_3_" },
					{ "time": 1.1666, "name": null },
					{ "time": 1.3333, "name": null }
				]
			},
			"se_7_0_": {
				"attachment": [
					{ "time": 0, "name": null },
					{ "time": 1.1666, "name": "se_7_0_" },
					{ "time": 1.3333, "name": null }
				]
			},
			"se_7_1_": {
				"attachment": [
					{ "time": 0, "name": null },
					{ "time": 1.1666, "name": "se_7_1_" },
					{ "time": 1.3333, "name": null }
				]
			},
			"se_7_2_": {
				"attachment": [
					{ "time": 0, "name": null },
					{ "time": 1.1666, "name": "se_7_2_" },
					{ "time": 1.3333, "name": null }
				]
			}
		}
	}
}
}