{
"skeleton": { "hash": "ff8+WlelJfi/9BQDCz4SP+9kf3c", "spine": "2.1.27", "width": 0, "height": 0 },
"bones": [
	{ "name": "root" },
	{ "name": "bone", "parent": "root", "x": 0.5, "y": 75, "scaleX": 2, "scaleY": 2 }
],
"slots": [
	{ "name": "sk_4_2_", "bone": "bone" },
	{ "name": "sk_4_1_", "bone": "bone" },
	{ "name": "sk_4_0_", "bone": "bone" },
	{ "name": "sk_3_3_", "bone": "bone" },
	{ "name": "sk_3_2_", "bone": "bone" },
	{ "name": "sk_3_1_", "bone": "bone" },
	{ "name": "sk_3_0_", "bone": "bone" },
	{ "name": "sk_2_3_", "bone": "bone" },
	{ "name": "sk_2_2_", "bone": "bone" },
	{ "name": "sk_2_1_", "bone": "bone" },
	{ "name": "sk_2_0_", "bone": "bone" },
	{ "name": "sk_1_2_", "bone": "bone" },
	{ "name": "sk_1_1_", "bone": "bone" },
	{ "name": "sk_1_0_", "bone": "bone" },
	{ "name": "sk_0_2_", "bone": "bone" },
	{ "name": "sk_0_1_", "bone": "bone" },
	{ "name": "sk_0_0_", "bone": "bone" }
],
"skins": {
	"default": {
		"sk_0_0_": {
			"sk_0_0_": { "x": 6.96, "y": 4.64, "width": 14, "height": 10 }
		},
		"sk_0_1_": {
			"sk_0_1_": { "x": 2.46, "y": -6.35, "width": 5, "height": 12 }
		},
		"sk_0_2_": {
			"sk_0_2_": { "x": 15.96, "y": -8.35, "width": 22, "height": 16 }
		},
		"sk_1_0_": {
			"sk_1_0_": { "x": 8.96, "y": 2.14, "width": 18, "height": 15 }
		},
		"sk_1_1_": {
			"sk_1_1_": { "x": 3.96, "y": -8.85, "width": 8, "height": 7 }
		},
		"sk_1_2_": {
			"sk_1_2_": { "x": 14.96, "y": -13.35, "width": 14, "height": 16 }
		},
		"sk_2_0_": {
			"sk_2_0_": { "x": 7.46, "y": -0.35, "width": 15, "height": 20 }
		},
		"sk_2_1_": {
			"sk_2_1_": { "x": 22.96, "y": 0.14, "width": 16, "height": 13 }
		},
		"sk_2_2_": {
			"sk_2_2_": { "x": 20.96, "y": -9.35, "width": 12, "height": 6 }
		},
		"sk_2_3_": {
			"sk_2_3_": { "x": 19.46, "y": -15.35, "width": 7, "height": 6 }
		},
		"sk_3_0_": {
			"sk_3_0_": { "x": 6.96, "y": -1.35, "width": 14, "height": 22 }
		},
		"sk_3_1_": {
			"sk_3_1_": { "x": 18.96, "y": -3.35, "width": 10, "height": 18 }
		},
		"sk_3_2_": {
			"sk_3_2_": { "x": 29.46, "y": 0.64, "width": 11, "height": 12 }
		},
		"sk_3_3_": {
			"sk_3_3_": { "x": 27.96, "y": -10.35, "width": 8, "height": 10 }
		},
		"sk_4_0_": {
			"sk_4_0_": { "x": 5.96, "y": -2.35, "width": 12, "height": 24 }
		},
		"sk_4_1_": {
			"sk_4_1_": { "x": 17.46, "y": -5.85, "width": 11, "height": 17 }
		},
		"sk_4_2_": {
			"sk_4_2_": { "x": 26.46, "y": -4.35, "width": 7, "height": 16 }
		}
	}
},
"animations": {
	"animation": {
		"slots": {
			"sk_0_0_": {
				"attachment": [
					{ "time": 0, "name": "sk_0_0_" },
					{ "time": 0.3333, "name": null },
					{ "time": 1.3333, "name": "sk_0_0_" }
				]
			},
			"sk_0_1_": {
				"attachment": [
					{ "time": 0, "name": "sk_0_1_" },
					{ "time": 0.3333, "name": null },
					{ "time": 1.3333, "name": "sk_0_1_" }
				]
			},
			"sk_0_2_": {
				"attachment": [
					{ "time": 0, "name": "sk_0_2_" },
					{ "time": 0.3333, "name": null },
					{ "time": 1.3333, "name": "sk_0_2_" }
				]
			},
			"sk_1_0_": {
				"attachment": [
					{ "time": 0, "name": null },
					{ "time": 0.3333, "name": "sk_1_0_" },
					{ "time": 0.6666, "name": null },
					{ "time": 1.3333, "name": null }
				]
			},
			"sk_1_1_": {
				"attachment": [
					{ "time": 0, "name": null },
					{ "time": 0.3333, "name": "sk_1_1_" },
					{ "time": 0.6666, "name": null },
					{ "time": 1.3333, "name": null }
				]
			},
			"sk_1_2_": {
				"attachment": [
					{ "time": 0, "name": null },
					{ "time": 0.3333, "name": "sk_1_2_" },
					{ "time": 0.6666, "name": null },
					{ "time": 1.3333, "name": null }
				]
			},
			"sk_2_0_": {
				"attachment": [
					{ "time": 0, "name": null },
					{ "time": 0.6666, "name": "sk_2_0_" },
					{ "time": 1, "name": null },
					{ "time": 1.3333, "name": null }
				]
			},
			"sk_2_1_": {
				"attachment": [
					{ "time": 0, "name": null },
					{ "time": 0.6666, "name": "sk_2_1_" },
					{ "time": 1, "name": null },
					{ "time": 1.3333, "name": null }
				]
			},
			"sk_2_2_": {
				"attachment": [
					{ "time": 0, "name": null },
					{ "time": 0.6666, "name": "sk_2_2_" },
					{ "time": 1, "name": null },
					{ "time": 1.3333, "name": null }
				]
			},
			"sk_2_3_": {
				"attachment": [
					{ "time": 0, "name": null },
					{ "time": 0.6666, "name": "sk_2_3_" },
					{ "time": 1, "name": null },
					{ "time": 1.3333, "name": null }
				]
			},
			"sk_3_0_": {
				"attachment": [
					{ "time": 0, "name": null },
					{ "time": 1, "name": "sk_3_0_" },
					{ "time": 1.1666, "name": null },
					{ "time": 1.3333, "name": null }
				]
			},
			"sk_3_1_": {
				"attachment": [
					{ "time": 0, "name": null },
					{ "time": 1, "name": "sk_3_1_" },
					{ "time": 1.1666, "name": null },
					{ "time": 1.3333, "name": null }
				]
			},
			"sk_3_2_": {
				"attachment": [
					{ "time": 0, "name": null },
					{ "time": 1, "name": "sk_3_2_" },
					{ "time": 1.1666, "name": null },
					{ "time": 1.3333, "name": null }
				]
			},
			"sk_3_3_": {
				"attachment": [
					{ "time": 0, "name": null },
					{ "time": 1, "name": "sk_3_3_" },
					{ "time": 1.1666, "name": null },
					{ "time": 1.3333, "name": null }
				]
			},
			"sk_4_0_": {
				"attachment": [
					{ "time": 0, "name": null },
					{ "time": 1.1666, "name": "sk_4_0_" },
					{ "time": 1.3333, "name": null }
				]
			},
			"sk_4_1_": {
				"attachment": [
					{ "time": 0, "name": null },
					{ "time": 1.1666, "name": "sk_4_1_" },
					{ "time": 1.3333, "name": null }
				]
			},
			"sk_4_2_": {
				"attachment": [
					{ "time": 0, "name": null },
					{ "time": 1.1666, "name": "sk_4_2_" },
					{ "time": 1.3333, "name": null }
				]
			}
		}
	}
}
}