{
"skeleton": { "hash": "1rArGau8h7YpyoKWdf7aOJBBREc", "spine": "2.1.27", "width": 54, "height": 52 },
"bones": [
	{ "name": "root" },
	{ "name": "bone", "parent": "root", "x": 0.5, "y": 75, "scaleX": 2, "scaleY": 2 }
],
"slots": [
	{ "name": "TH_7_2_", "bone": "bone" },
	{ "name": "TH_7_1_", "bone": "bone" },
	{ "name": "TH_7_0_", "bone": "bone" },
	{ "name": "TH_6_3_", "bone": "bone" },
	{ "name": "TH_6_2_", "bone": "bone" },
	{ "name": "TH_6_1_", "bone": "bone" },
	{ "name": "TH_6_0_", "bone": "bone" },
	{ "name": "TH_5_3_", "bone": "bone" },
	{ "name": "TH_5_2_", "bone": "bone" },
	{ "name": "TH_5_1_", "bone": "bone" },
	{ "name": "TH_5_0_", "bone": "bone" },
	{ "name": "TH_4_3_", "bone": "bone" },
	{ "name": "TH_4_2_", "bone": "bone" },
	{ "name": "TH_4_1_", "bone": "bone" },
	{ "name": "TH_4_0_", "bone": "bone" },
	{ "name": "TH_3_2_", "bone": "bone" },
	{ "name": "TH_3_1_", "bone": "bone" },
	{ "name": "TH_3_0_", "bone": "bone" },
	{ "name": "TH_2_2_", "bone": "bone" },
	{ "name": "TH_2_1_", "bone": "bone" },
	{ "name": "TH_2_0_", "bone": "bone" },
	{ "name": "TH_1_2_", "bone": "bone" },
	{ "name": "TH_1_1_", "bone": "bone" },
	{ "name": "TH_1_0_", "bone": "bone" },
	{ "name": "TH_0_2_", "bone": "bone", "attachment": "TH_0_2_" },
	{ "name": "TH_0_1_", "bone": "bone", "attachment": "TH_0_1_" },
	{ "name": "TH_0_0_", "bone": "bone", "attachment": "TH_0_0_" }
],
"skins": {
	"default": {
		"TH_0_0_": {
			"TH_0_0_": { "x": 7.08, "y": 4.71, "width": 14, "height": 11 }
		},
		"TH_0_1_": {
			"TH_0_1_": { "x": 3.08, "y": -7.28, "width": 6, "height": 13 }
		},
		"TH_0_2_": {
			"TH_0_2_": { "x": 16.58, "y": -8.28, "width": 21, "height": 15 }
		},
		"TH_1_0_": {
			"TH_1_0_": { "x": 7.58, "y": 4.21, "width": 15, "height": 12 }
		},
		"TH_1_1_": {
			"TH_1_1_": { "x": 3.08, "y": -6.78, "width": 6, "height": 10 }
		},
		"TH_1_2_": {
			"TH_1_2_": { "x": 15.58, "y": -10.28, "width": 19, "height": 17 }
		},
		"TH_2_0_": {
			"TH_2_0_": { "x": 9.08, "y": 2.71, "width": 18, "height": 15 }
		},
		"TH_2_1_": {
			"TH_2_1_": { "x": 4.58, "y": -8.78, "width": 9, "height": 8 }
		},
		"TH_2_2_": {
			"TH_2_2_": { "x": 15.58, "y": -12.78, "width": 13, "height": 16 }
		},
		"TH_3_0_": {
			"TH_3_0_": { "x": 5.08, "y": 8.71, "width": 10, "height": 3 }
		},
		"TH_3_1_": {
			"TH_3_1_": { "x": 11.58, "y": -1.78, "width": 23, "height": 18 }
		},
		"TH_3_2_": {
			"TH_3_2_": { "x": 16.08, "y": -15.78, "width": 10, "height": 10 }
		},
		"TH_4_0_": {
			"TH_4_0_": { "x": 7.58, "y": 0.21, "width": 15, "height": 20 }
		},
		"TH_4_1_": {
			"TH_4_1_": { "x": 21.08, "y": -2.28, "width": 12, "height": 21 }
		},
		"TH_4_2_": {
			"TH_4_2_": { "x": 29.08, "y": -0.78, "width": 4, "height": 10 }
		},
		"TH_4_3_": {
			"TH_4_3_": { "x": 19.58, "y": -15.28, "width": 5, "height": 5 }
		},
		"TH_5_0_": {
			"TH_5_0_": { "x": 8.08, "y": 0.21, "width": 16, "height": 20 }
		},
		"TH_5_1_": {
			"TH_5_1_": { "x": 23.58, "y": -1.78, "width": 15, "height": 18 }
		},
		"TH_5_2_": {
			"TH_5_2_": { "x": 33.08, "y": 1.21, "width": 4, "height": 8 }
		},
		"TH_5_3_": {
			"TH_5_3_": { "x": 23.58, "y": -13.78, "width": 7, "height": 6 }
		},
		"TH_6_0_": {
			"TH_6_0_": { "x": 6.58, "y": -0.78, "width": 13, "height": 22 }
		},
		"TH_6_1_": {
			"TH_6_1_": { "x": 24.08, "y": 1.71, "width": 22, "height": 11 }
		},
		"TH_6_2_": {
			"TH_6_2_": { "x": 18.08, "y": -7.78, "width": 10, "height": 8 }
		},
		"TH_6_3_": {
			"TH_6_3_": { "x": 27.58, "y": -9.28, "width": 9, "height": 11 }
		},
		"TH_7_0_": {
			"TH_7_0_": { "x": 5.58, "y": -1.78, "width": 11, "height": 24 }
		},
		"TH_7_1_": {
			"TH_7_1_": { "x": 16.58, "y": -4.78, "width": 11, "height": 18 }
		},
		"TH_7_2_": {
			"TH_7_2_": { "x": 26.08, "y": -3.28, "width": 8, "height": 17 }
		}
	}
},
"animations": {
	"animation": {
		"slots": {
			"TH_0_0_": {
				"attachment": [
					{ "time": 0, "name": "TH_0_0_" },
					{ "time": 0.1666, "name": null },
					{ "time": 1.3333, "name": "TH_0_0_" }
				]
			},
			"TH_0_1_": {
				"attachment": [
					{ "time": 0, "name": "TH_0_1_" },
					{ "time": 0.1666, "name": null },
					{ "time": 1.3333, "name": "TH_0_1_" }
				]
			},
			"TH_0_2_": {
				"attachment": [
					{ "time": 0, "name": "TH_0_2_" },
					{ "time": 0.1666, "name": null },
					{ "time": 1.3333, "name": "TH_0_2_" }
				]
			},
			"TH_1_0_": {
				"attachment": [
					{ "time": 0, "name": null },
					{ "time": 0.1666, "name": "TH_1_0_" },
					{ "time": 0.3333, "name": null },
					{ "time": 1.3333, "name": null }
				]
			},
			"TH_1_1_": {
				"attachment": [
					{ "time": 0, "name": null },
					{ "time": 0.1666, "name": "TH_1_1_" },
					{ "time": 0.3333, "name": null },
					{ "time": 1.3333, "name": null }
				]
			},
			"TH_1_2_": {
				"attachment": [
					{ "time": 0, "name": null },
					{ "time": 0.1666, "name": "TH_1_2_" },
					{ "time": 0.3333, "name": null },
					{ "time": 1.3333, "name": null }
				]
			},
			"TH_2_0_": {
				"attachment": [
					{ "time": 0, "name": null },
					{ "time": 0.3333, "name": "TH_2_0_" },
					{ "time": 0.5, "name": null },
					{ "time": 1.3333, "name": null }
				]
			},
			"TH_2_1_": {
				"attachment": [
					{ "time": 0, "name": null },
					{ "time": 0.3333, "name": "TH_2_1_" },
					{ "time": 0.5, "name": null },
					{ "time": 1.3333, "name": null }
				]
			},
			"TH_2_2_": {
				"attachment": [
					{ "time": 0, "name": null },
					{ "time": 0.3333, "name": "TH_2_2_" },
					{ "time": 0.5, "name": null },
					{ "time": 1.3333, "name": null }
				]
			},
			"TH_3_0_": {
				"attachment": [
					{ "time": 0, "name": null },
					{ "time": 0.5, "name": "TH_3_0_" },
					{ "time": 0.6666, "name": null },
					{ "time": 1.3333, "name": null }
				]
			},
			"TH_3_1_": {
				"attachment": [
					{ "time": 0, "name": null },
					{ "time": 0.5, "name": "TH_3_1_" },
					{ "time": 0.6666, "name": null },
					{ "time": 1.3333, "name": null }
				]
			},
			"TH_3_2_": {
				"attachment": [
					{ "time": 0, "name": null },
					{ "time": 0.5, "name": "TH_3_2_" },
					{ "time": 0.6666, "name": null },
					{ "time": 1.3333, "name": null }
				]
			},
			"TH_4_0_": {
				"attachment": [
					{ "time": 0, "name": null },
					{ "time": 0.6666, "name": "TH_4_0_" },
					{ "time": 0.8333, "name": null },
					{ "time": 1.3333, "name": null }
				]
			},
			"TH_4_1_": {
				"attachment": [
					{ "time": 0, "name": null },
					{ "time": 0.6666, "name": "TH_4_1_" },
					{ "time": 0.8333, "name": null },
					{ "time": 1.3333, "name": null }
				]
			},
			"TH_4_2_": {
				"attachment": [
					{ "time": 0, "name": null },
					{ "time": 0.6666, "name": "TH_4_2_" },
					{ "time": 0.8333, "name": null },
					{ "time": 1.3333, "name": null }
				]
			},
			"TH_4_3_": {
				"attachment": [
					{ "time": 0, "name": null },
					{ "time": 0.6666, "name": "TH_4_3_" },
					{ "time": 0.8333, "name": null },
					{ "time": 1.3333, "name": null }
				]
			},
			"TH_5_0_": {
				"attachment": [
					{ "time": 0, "name": null },
					{ "time": 0.8333, "name": "TH_5_0_" },
					{ "time": 1, "name": null },
					{ "time": 1.3333, "name": null }
				]
			},
			"TH_5_1_": {
				"attachment": [
					{ "time": 0, "name": null },
					{ "time": 0.8333, "name": "TH_5_1_" },
					{ "time": 1, "name": null },
					{ "time": 1.3333, "name": null }
				]
			},
			"TH_5_2_": {
				"attachment": [
					{ "time": 0, "name": null },
					{ "time": 0.8333, "name": "TH_5_2_" },
					{ "time": 1, "name": null },
					{ "time": 1.3333, "name": null }
				]
			},
			"TH_5_3_": {
				"attachment": [
					{ "time": 0, "name": null },
					{ "time": 0.8333, "name": "TH_5_3_" },
					{ "time": 1, "name": null },
					{ "time": 1.3333, "name": null }
				]
			},
			"TH_6_0_": {
				"attachment": [
					{ "time": 0, "name": null },
					{ "time": 1, "name": "TH_6_0_" },
					{ "time": 1.1666, "name": null },
					{ "time": 1.3333, "name": null }
				]
			},
			"TH_6_1_": {
				"attachment": [
					{ "time": 0, "name": null },
					{ "time": 1, "name": "TH_6_1_" },
					{ "time": 1.1666, "name": null },
					{ "time": 1.3333, "name": null }
				]
			},
			"TH_6_2_": {
				"attachment": [
					{ "time": 0, "name": null },
					{ "time": 1, "name": "TH_6_2_" },
					{ "time": 1.1666, "name": null },
					{ "time": 1.3333, "name": null }
				]
			},
			"TH_6_3_": {
				"attachment": [
					{ "time": 0, "name": null },
					{ "time": 1, "name": "TH_6_3_" },
					{ "time": 1.1666, "name": null },
					{ "time": 1.3333, "name": null }
				]
			},
			"TH_7_0_": {
				"attachment": [
					{ "time": 0, "name": null },
					{ "time": 1.1666, "name": "TH_7_0_" },
					{ "time": 1.3333, "name": null }
				]
			},
			"TH_7_1_": {
				"attachment": [
					{ "time": 0, "name": null },
					{ "time": 1.1666, "name": "TH_7_1_" },
					{ "time": 1.3333, "name": null }
				]
			},
			"TH_7_2_": {
				"attachment": [
					{ "time": 0, "name": null },
					{ "time": 1.1666, "name": "TH_7_2_" },
					{ "time": 1.3333, "name": null }
				]
			}
		}
	}
}
}