{
"skeleton": { "hash": "J5rtaDK8iAhtejVbNdRMlM0rA7E", "spine": "2.1.27", "width": 0, "height": 0 },
"bones": [
	{ "name": "root" },
	{ "name": "bone", "parent": "root", "x": 0.5, "y": 75, "scaleX": 2, "scaleY": 2 }
],
"slots": [
	{ "name": "TN_4_2_", "bone": "bone" },
	{ "name": "TN_4_1_", "bone": "bone" },
	{ "name": "TN_4_0_", "bone": "bone" },
	{ "name": "TN_3_3_", "bone": "bone" },
	{ "name": "TN_3_2_", "bone": "bone" },
	{ "name": "TN_3_1_", "bone": "bone" },
	{ "name": "TN_3_0_", "bone": "bone" },
	{ "name": "TN_2_3_", "bone": "bone" },
	{ "name": "TN_2_2_", "bone": "bone" },
	{ "name": "TN_2_1_", "bone": "bone" },
	{ "name": "TN_2_0_", "bone": "bone" },
	{ "name": "TN_1_2_", "bone": "bone" },
	{ "name": "TN_1_1_", "bone": "bone" },
	{ "name": "TN_1_0_", "bone": "bone" },
	{ "name": "TN_0_3_", "bone": "bone" },
	{ "name": "TN_0_2_", "bone": "bone" },
	{ "name": "TN_0_1_", "bone": "bone" },
	{ "name": "TN_0_0_", "bone": "bone" }
],
"skins": {
	"default": {
		"TN_0_0_": {
			"TN_0_0_": { "x": 7.21, "y": 3.72, "width": 15, "height": 11 }
		},
		"TN_0_1_": {
			"TN_0_1_": { "x": 2.21, "y": -7.27, "width": 5, "height": 11 }
		},
		"TN_0_2_": {
			"TN_0_2_": { "x": 11.21, "y": -10.77, "width": 13, "height": 18 }
		},
		"TN_0_3_": {
			"TN_0_3_": { "x": 21.21, "y": -13.27, "width": 7, "height": 13 }
		},
		"TN_1_0_": {
			"TN_1_0_": { "x": 8.71, "y": 1.22, "width": 18, "height": 16 }
		},
		"TN_1_1_": {
			"TN_1_1_": { "x": 4.21, "y": -10.77, "width": 9, "height": 8 }
		},
		"TN_1_2_": {
			"TN_1_2_": { "x": 15.21, "y": -14.27, "width": 13, "height": 15 }
		},
		"TN_2_0_": {
			"TN_2_0_": { "x": 4.21, "y": -1.27, "width": 9, "height": 21 }
		},
		"TN_2_1_": {
			"TN_2_1_": { "x": 16.71, "y": -2.77, "width": 16, "height": 18 }
		},
		"TN_2_2_": {
			"TN_2_2_": { "x": 27.71, "y": -2.77, "width": 6, "height": 14 }
		},
		"TN_2_3_": {
			"TN_2_3_": { "x": 19.21, "y": -15.77, "width": 9, "height": 8 }
		},
		"TN_3_0_": {
			"TN_3_0_": { "x": 6.71, "y": -1.77, "width": 14, "height": 22 }
		},
		"TN_3_1_": {
			"TN_3_1_": { "x": 19.71, "y": -4.27, "width": 12, "height": 19 }
		},
		"TN_3_2_": {
			"TN_3_2_": { "x": 30.21, "y": -0.27, "width": 9, "height": 13 }
		},
		"TN_3_3_": {
			"TN_3_3_": { "x": 28.71, "y": -11.77, "width": 6, "height": 10 }
		},
		"TN_4_0_": {
			"TN_4_0_": { "x": 6.21, "y": -2.77, "width": 13, "height": 24 }
		},
		"TN_4_1_": {
			"TN_4_1_": { "x": 17.71, "y": -6.27, "width": 10, "height": 17 }
		},
		"TN_4_2_": {
			"TN_4_2_": { "x": 26.21, "y": -4.27, "width": 7, "height": 17 }
		}
	}
},
"animations": {
	"animation": {
		"slots": {
			"TN_0_0_": {
				"attachment": [
					{ "time": 0, "name": "TN_0_0_" },
					{ "time": 0.3333, "name": null },
					{ "time": 1.3333, "name": "TN_0_0_" }
				]
			},
			"TN_0_1_": {
				"attachment": [
					{ "time": 0, "name": "TN_0_1_" },
					{ "time": 0.3333, "name": null },
					{ "time": 1.3333, "name": "TN_0_1_" }
				]
			},
			"TN_0_2_": {
				"attachment": [
					{ "time": 0, "name": "TN_0_2_" },
					{ "time": 0.3333, "name": null },
					{ "time": 1.3333, "name": "TN_0_2_" }
				]
			},
			"TN_0_3_": {
				"attachment": [
					{ "time": 0, "name": "TN_0_3_" },
					{ "time": 0.3333, "name": null },
					{ "time": 1.3333, "name": "TN_0_3_" }
				]
			},
			"TN_1_0_": {
				"attachment": [
					{ "time": 0, "name": null },
					{ "time": 0.3333, "name": "TN_1_0_" },
					{ "time": 0.6666, "name": null },
					{ "time": 1.3333, "name": null }
				]
			},
			"TN_1_1_": {
				"attachment": [
					{ "time": 0, "name": null },
					{ "time": 0.3333, "name": "TN_1_1_" },
					{ "time": 0.6666, "name": null },
					{ "time": 1.3333, "name": null }
				]
			},
			"TN_1_2_": {
				"attachment": [
					{ "time": 0, "name": null },
					{ "time": 0.3333, "name": "TN_1_2_" },
					{ "time": 0.6666, "name": null },
					{ "time": 1.3333, "name": null }
				]
			},
			"TN_2_0_": {
				"attachment": [
					{ "time": 0, "name": null },
					{ "time": 0.6666, "name": "TN_2_0_" },
					{ "time": 1, "name": null },
					{ "time": 1.3333, "name": null }
				]
			},
			"TN_2_1_": {
				"attachment": [
					{ "time": 0, "name": null },
					{ "time": 0.6666, "name": "TN_2_1_" },
					{ "time": 1, "name": null },
					{ "time": 1.3333, "name": null }
				]
			},
			"TN_2_2_": {
				"attachment": [
					{ "time": 0, "name": null },
					{ "time": 0.6666, "name": "TN_2_2_" },
					{ "time": 1, "name": null },
					{ "time": 1.3333, "name": null }
				]
			},
			"TN_2_3_": {
				"attachment": [
					{ "time": 0, "name": null },
					{ "time": 0.6666, "name": "TN_2_3_" },
					{ "time": 1, "name": null },
					{ "time": 1.3333, "name": null }
				]
			},
			"TN_3_0_": {
				"attachment": [
					{ "time": 0, "name": null },
					{ "time": 1, "name": "TN_3_0_" },
					{ "time": 1.1666, "name": null },
					{ "time": 1.3333, "name": null }
				]
			},
			"TN_3_1_": {
				"attachment": [
					{ "time": 0, "name": null },
					{ "time": 1, "name": "TN_3_1_" },
					{ "time": 1.1666, "name": null },
					{ "time": 1.3333, "name": null }
				]
			},
			"TN_3_2_": {
				"attachment": [
					{ "time": 0, "name": null },
					{ "time": 1, "name": "TN_3_2_" },
					{ "time": 1.1666, "name": null },
					{ "time": 1.3333, "name": null }
				]
			},
			"TN_3_3_": {
				"attachment": [
					{ "time": 0, "name": null },
					{ "time": 1, "name": "TN_3_3_" },
					{ "time": 1.1666, "name": null },
					{ "time": 1.3333, "name": null }
				]
			},
			"TN_4_0_": {
				"attachment": [
					{ "time": 0, "name": null },
					{ "time": 1.1666, "name": "TN_4_0_" },
					{ "time": 1.3333, "name": null }
				]
			},
			"TN_4_1_": {
				"attachment": [
					{ "time": 0, "name": null },
					{ "time": 1.1666, "name": "TN_4_1_" },
					{ "time": 1.3333, "name": null }
				]
			},
			"TN_4_2_": {
				"attachment": [
					{ "time": 0, "name": null },
					{ "time": 1.1666, "name": "TN_4_2_" },
					{ "time": 1.3333, "name": null }
				]
			}
		}
	}
}
}