{
"skeleton": { "hash": "VZYm8sQ5rKoBD+hc2t2rdT2U1S8", "spine": "2.1.27", "width": 0, "height": 0 },
"bones": [
	{ "name": "root" },
	{ "name": "tx03", "parent": "root", "y": 60, "scaleX": 3.3, "scaleY": 3.3 },
	{ "name": "ying03", "parent": "root", "y": -71.74, "scaleX": 2, "scaleY": 2 }
],
"slots": [
	{ "name": "Ying03_tx_000_", "bone": "tx03" },
	{ "name": "Ying03_tx_001_", "bone": "tx03" },
	{ "name": "Ying03_tx_002_", "bone": "tx03" },
	{ "name": "Ying03_tx_003_", "bone": "tx03" },
	{ "name": "Ying03_tx_004_", "bone": "tx03" },
	{ "name": "Ying03_tx_005_", "bone": "tx03" },
	{ "name": "Ying03_tx_006_", "bone": "tx03" },
	{ "name": "Ying03_tx_007_", "bone": "tx03" },
	{ "name": "Ying03_tx_008_", "bone": "tx03" },
	{ "name": "Ying03_tx_009_", "bone": "tx03" },
	{ "name": "Ying03_tx_010_", "bone": "tx03" },
	{ "name": "Ying03_tx_011_", "bone": "tx03" },
	{ "name": "Ying03_tx_012_", "bone": "tx03" },
	{ "name": "Ying03_tx_013_", "bone": "tx03" },
	{ "name": "Ying03_tx_014_", "bone": "tx03" },
	{ "name": "Ying03_tx_015_", "bone": "tx03" },
	{ "name": "Ying03_tx_016_", "bone": "tx03" },
	{ "name": "Ying03_tx_017_", "bone": "tx03" },
	{ "name": "Ying03_tx_018_", "bone": "tx03" },
	{ "name": "Ying03_tx_019_", "bone": "tx03" },
	{ "name": "Ying03_tx_020_", "bone": "tx03" },
	{ "name": "Ying03_tx_021_", "bone": "tx03" },
	{ "name": "Ying03_gj_021_", "bone": "ying03" },
	{ "name": "Ying03_gj_020_", "bone": "ying03" },
	{ "name": "Ying03_gj_019_", "bone": "ying03" },
	{ "name": "Ying03_gj_018_", "bone": "ying03" },
	{ "name": "Ying03_gj_017_", "bone": "ying03" },
	{ "name": "Ying03_gj_016_", "bone": "ying03" },
	{ "name": "Ying03_gj_015_", "bone": "ying03" },
	{ "name": "Ying03_gj_014_", "bone": "ying03" },
	{ "name": "Ying03_gj_013_", "bone": "ying03" },
	{ "name": "Ying03_gj_012_", "bone": "ying03" },
	{ "name": "Ying03_gj_011_", "bone": "ying03" },
	{ "name": "Ying03_gj_010_", "bone": "ying03" },
	{ "name": "Ying03_gj_009_", "bone": "ying03" },
	{ "name": "Ying03_gj_008_", "bone": "ying03" },
	{ "name": "Ying03_gj_007_", "bone": "ying03" },
	{ "name": "Ying03_gj_006_", "bone": "ying03" },
	{ "name": "Ying03_gj_005_", "bone": "ying03" },
	{ "name": "Ying03_gj_004_", "bone": "ying03" },
	{ "name": "Ying03_gj_003_", "bone": "ying03" },
	{ "name": "Ying03_gj_002_", "bone": "ying03" },
	{ "name": "Ying03_gj_001_", "bone": "ying03" },
	{ "name": "Ying03_gj_000_", "bone": "ying03" },
	{ "name": "Ying03_dj_010_", "bone": "ying03" },
	{ "name": "Ying03_dj_009_", "bone": "ying03" },
	{ "name": "Ying03_dj_008_", "bone": "ying03" },
	{ "name": "Ying03_dj_007_", "bone": "ying03" },
	{ "name": "Ying03_dj_006_", "bone": "ying03" },
	{ "name": "Ying03_dj_005_", "bone": "ying03" },
	{ "name": "Ying03_dj_004_", "bone": "ying03" },
	{ "name": "Ying03_dj_003_", "bone": "ying03" },
	{ "name": "Ying03_dj_002_", "bone": "ying03" },
	{ "name": "Ying03_dj_001_", "bone": "ying03" },
	{ "name": "Ying03_dj_000_", "bone": "ying03" }
],
"skins": {
	"default": {
		"Ying03_dj_000_": {
			"Ying03_dj_000_": { "x": -10.49, "y": 179.5, "width": 189, "height": 169 }
		},
		"Ying03_dj_001_": {
			"Ying03_dj_001_": { "x": -19.99, "y": 192.5, "width": 178, "height": 193 }
		},
		"Ying03_dj_002_": {
			"Ying03_dj_002_": { "x": -19.49, "y": 194, "width": 173, "height": 194 }
		},
		"Ying03_dj_003_": {
			"Ying03_dj_003_": { "x": -6.99, "y": 183.5, "width": 196, "height": 175 }
		},
		"Ying03_dj_004_": {
			"Ying03_dj_004_": { "x": 9.5, "y": 157, "width": 211, "height": 164 }
		},
		"Ying03_dj_005_": {
			"Ying03_dj_005_": { "x": 10.5, "y": 120, "width": 209, "height": 160 }
		},
		"Ying03_dj_006_": {
			"Ying03_dj_006_": { "x": 8, "y": 114.5, "width": 174, "height": 173 }
		},
		"Ying03_dj_007_": {
			"Ying03_dj_007_": { "x": 3, "y": 119, "width": 144, "height": 166 }
		},
		"Ying03_dj_008_": {
			"Ying03_dj_008_": { "x": 6, "y": 121.5, "width": 156, "height": 159 }
		},
		"Ying03_dj_009_": {
			"Ying03_dj_009_": { "x": 8.5, "y": 132.5, "width": 183, "height": 181 }
		},
		"Ying03_dj_010_": {
			"Ying03_dj_010_": { "x": 2, "y": 153.5, "width": 198, "height": 179 }
		},
		"Ying03_gj_000_": {
			"Ying03_gj_000_": { "x": -10.49, "y": 179.5, "width": 189, "height": 169 }
		},
		"Ying03_gj_001_": {
			"Ying03_gj_001_": { "x": -18.49, "y": 179.5, "width": 175, "height": 195 }
		},
		"Ying03_gj_002_": {
			"Ying03_gj_002_": { "x": -1.99, "y": 163, "width": 196, "height": 182 }
		},
		"Ying03_gj_003_": {
			"Ying03_gj_003_": { "x": 13, "y": 144.5, "width": 206, "height": 175 }
		},
		"Ying03_gj_004_": {
			"Ying03_gj_004_": { "x": -20.99, "y": 202.5, "width": 188, "height": 173 }
		},
		"Ying03_gj_005_": {
			"Ying03_gj_005_": { "x": -34.99, "y": 252, "width": 182, "height": 182 }
		},
		"Ying03_gj_006_": {
			"Ying03_gj_006_": { "x": -45.99, "y": 270.5, "width": 160, "height": 197 }
		},
		"Ying03_gj_007_": {
			"Ying03_gj_007_": { "x": -42.99, "y": 271.5, "width": 134, "height": 187 }
		},
		"Ying03_gj_008_": {
			"Ying03_gj_008_": { "x": -30.49, "y": 271.5, "width": 139, "height": 181 }
		},
		"Ying03_gj_009_": {
			"Ying03_gj_009_": { "x": -14.99, "y": 179, "width": 160, "height": 332 }
		},
		"Ying03_gj_010_": {
			"Ying03_gj_010_": { "y": 170.5, "width": 184, "height": 315 }
		},
		"Ying03_gj_011_": {
			"Ying03_gj_011_": { "x": 3, "y": 153.5, "width": 196, "height": 281 }
		},
		"Ying03_gj_012_": {
			"Ying03_gj_012_": { "x": 3, "y": 128.5, "width": 174, "height": 257 }
		},
		"Ying03_gj_013_": {
			"Ying03_gj_013_": { "x": 12.5, "y": 110.5, "width": 195, "height": 221 }
		},
		"Ying03_gj_014_": {
			"Ying03_gj_014_": { "x": 19, "y": 103.5, "width": 196, "height": 183 }
		},
		"Ying03_gj_015_": {
			"Ying03_gj_015_": { "x": 5, "y": 114, "width": 160, "height": 172 }
		},
		"Ying03_gj_016_": {
			"Ying03_gj_016_": { "x": -4.99, "y": 143, "width": 182, "height": 170 }
		},
		"Ying03_gj_017_": {
			"Ying03_gj_017_": { "x": -17.99, "y": 174, "width": 184, "height": 170 }
		},
		"Ying03_gj_018_": {
			"Ying03_gj_018_": { "x": -36.49, "y": 189, "width": 163, "height": 168 }
		},
		"Ying03_gj_019_": {
			"Ying03_gj_019_": { "x": -39.49, "y": 194.5, "width": 167, "height": 185 }
		},
		"Ying03_gj_020_": {
			"Ying03_gj_020_": { "x": -37.99, "y": 195, "width": 170, "height": 194 }
		},
		"Ying03_gj_021_": {
			"Ying03_gj_021_": { "x": -28.49, "y": 193.5, "width": 163, "height": 195 }
		},
		"Ying03_tx_000_": {
			"Ying03_tx_000_": { "width": 119, "height": 73 }
		},
		"Ying03_tx_001_": {
			"Ying03_tx_001_": { "width": 119, "height": 73 }
		},
		"Ying03_tx_002_": {
			"Ying03_tx_002_": { "width": 119, "height": 73 }
		},
		"Ying03_tx_003_": {
			"Ying03_tx_003_": { "width": 119, "height": 73 }
		},
		"Ying03_tx_004_": {
			"Ying03_tx_004_": { "width": 119, "height": 73 }
		},
		"Ying03_tx_005_": {
			"Ying03_tx_005_": { "width": 119, "height": 73 }
		},
		"Ying03_tx_006_": {
			"Ying03_tx_006_": { "width": 119, "height": 73 }
		},
		"Ying03_tx_007_": {
			"Ying03_tx_007_": { "width": 119, "height": 73 }
		},
		"Ying03_tx_008_": {
			"Ying03_tx_008_": { "width": 119, "height": 73 }
		},
		"Ying03_tx_009_": {
			"Ying03_tx_009_": { "width": 119, "height": 73 }
		},
		"Ying03_tx_010_": {
			"Ying03_tx_010_": { "width": 119, "height": 73 }
		},
		"Ying03_tx_011_": {
			"Ying03_tx_011_": { "width": 119, "height": 73 }
		},
		"Ying03_tx_012_": {
			"Ying03_tx_012_": { "width": 119, "height": 73 }
		},
		"Ying03_tx_013_": {
			"Ying03_tx_013_": { "width": 119, "height": 73 }
		},
		"Ying03_tx_014_": {
			"Ying03_tx_014_": { "width": 119, "height": 73 }
		},
		"Ying03_tx_015_": {
			"Ying03_tx_015_": { "width": 119, "height": 73 }
		},
		"Ying03_tx_016_": {
			"Ying03_tx_016_": { "width": 119, "height": 73 }
		},
		"Ying03_tx_017_": {
			"Ying03_tx_017_": { "width": 119, "height": 73 }
		},
		"Ying03_tx_018_": {
			"Ying03_tx_018_": { "width": 119, "height": 73 }
		},
		"Ying03_tx_019_": {
			"Ying03_tx_019_": { "width": 119, "height": 73 }
		},
		"Ying03_tx_020_": {
			"Ying03_tx_020_": { "width": 119, "height": 73 }
		},
		"Ying03_tx_021_": {
			"Ying03_tx_021_": { "width": 119, "height": 73 }
		}
	}
},
"animations": {
	"dj": {
		"slots": {
			"Ying03_dj_000_": {
				"attachment": [
					{ "time": 0, "name": "Ying03_dj_000_" },
					{ "time": 0.0666, "name": "Ying03_dj_000_" },
					{ "time": 0.1333, "name": null },
					{ "time": 1.3333, "name": "Ying03_dj_000_" },
					{ "time": 1.4, "name": "Ying03_dj_000_" },
					{ "time": 1.4666, "name": null }
				]
			},
			"Ying03_dj_001_": {
				"attachment": [
					{ "time": 0, "name": null },
					{ "time": 0.0666, "name": null },
					{ "time": 0.1333, "name": "Ying03_dj_001_" },
					{ "time": 0.2, "name": "Ying03_dj_001_" },
					{ "time": 0.2333, "name": null },
					{ "time": 1.3333, "name": null },
					{ "time": 1.4, "name": null },
					{ "time": 1.4666, "name": "Ying03_dj_001_" },
					{ "time": 1.5333, "name": "Ying03_dj_001_" },
					{ "time": 1.5666, "name": null }
				]
			},
			"Ying03_dj_002_": {
				"attachment": [
					{ "time": 0, "name": null },
					{ "time": 0.2, "name": null },
					{ "time": 0.2333, "name": "Ying03_dj_002_" },
					{ "time": 0.3, "name": "Ying03_dj_002_" },
					{ "time": 0.3666, "name": null },
					{ "time": 1.3333, "name": null },
					{ "time": 1.5333, "name": null },
					{ "time": 1.5666, "name": "Ying03_dj_002_" },
					{ "time": 1.6333, "name": "Ying03_dj_002_" },
					{ "time": 1.7, "name": null }
				]
			},
			"Ying03_dj_003_": {
				"attachment": [
					{ "time": 0, "name": null },
					{ "time": 0.3, "name": null },
					{ "time": 0.3666, "name": "Ying03_dj_003_" },
					{ "time": 0.4333, "name": "Ying03_dj_003_" },
					{ "time": 0.5, "name": null },
					{ "time": 1.3333, "name": null },
					{ "time": 1.6333, "name": null },
					{ "time": 1.7, "name": "Ying03_dj_003_" },
					{ "time": 1.7666, "name": "Ying03_dj_003_" },
					{ "time": 1.8333, "name": null }
				]
			},
			"Ying03_dj_004_": {
				"attachment": [
					{ "time": 0, "name": null },
					{ "time": 0.4333, "name": null },
					{ "time": 0.5, "name": "Ying03_dj_004_" },
					{ "time": 0.5666, "name": "Ying03_dj_004_" },
					{ "time": 0.6, "name": null },
					{ "time": 1.3333, "name": null },
					{ "time": 1.7666, "name": null },
					{ "time": 1.8333, "name": "Ying03_dj_004_" },
					{ "time": 1.9, "name": "Ying03_dj_004_" },
					{ "time": 1.9333, "name": null }
				]
			},
			"Ying03_dj_005_": {
				"attachment": [
					{ "time": 0, "name": null },
					{ "time": 0.5666, "name": null },
					{ "time": 0.6, "name": "Ying03_dj_005_" },
					{ "time": 0.6666, "name": "Ying03_dj_005_" },
					{ "time": 0.7333, "name": null },
					{ "time": 1.3333, "name": null },
					{ "time": 1.9, "name": null },
					{ "time": 1.9333, "name": "Ying03_dj_005_" },
					{ "time": 2, "name": "Ying03_dj_005_" },
					{ "time": 2.0666, "name": null }
				]
			},
			"Ying03_dj_006_": {
				"attachment": [
					{ "time": 0, "name": null },
					{ "time": 0.6666, "name": null },
					{ "time": 0.7333, "name": "Ying03_dj_006_" },
					{ "time": 0.8, "name": "Ying03_dj_006_" },
					{ "time": 0.8666, "name": null },
					{ "time": 1.3333, "name": null },
					{ "time": 2, "name": null },
					{ "time": 2.0666, "name": "Ying03_dj_006_" },
					{ "time": 2.1333, "name": "Ying03_dj_006_" },
					{ "time": 2.2, "name": null }
				]
			},
			"Ying03_dj_007_": {
				"attachment": [
					{ "time": 0, "name": null },
					{ "time": 0.8, "name": null },
					{ "time": 0.8666, "name": "Ying03_dj_007_" },
					{ "time": 0.9333, "name": "Ying03_dj_007_" },
					{ "time": 0.9666, "name": null },
					{ "time": 1.3333, "name": null },
					{ "time": 2.1333, "name": null },
					{ "time": 2.2, "name": "Ying03_dj_007_" },
					{ "time": 2.2666, "name": "Ying03_dj_007_" },
					{ "time": 2.3, "name": null }
				]
			},
			"Ying03_dj_008_": {
				"attachment": [
					{ "time": 0, "name": null },
					{ "time": 0.9333, "name": null },
					{ "time": 0.9666, "name": "Ying03_dj_008_" },
					{ "time": 1.0333, "name": "Ying03_dj_008_" },
					{ "time": 1.1, "name": null },
					{ "time": 1.3333, "name": null },
					{ "time": 2.2666, "name": null },
					{ "time": 2.3, "name": "Ying03_dj_008_" },
					{ "time": 2.3666, "name": "Ying03_dj_008_" },
					{ "time": 2.4333, "name": null }
				]
			},
			"Ying03_dj_009_": {
				"attachment": [
					{ "time": 0, "name": null },
					{ "time": 1.0333, "name": null },
					{ "time": 1.1, "name": "Ying03_dj_009_" },
					{ "time": 1.1666, "name": "Ying03_dj_009_" },
					{ "time": 1.2333, "name": null },
					{ "time": 1.3333, "name": null },
					{ "time": 2.3666, "name": null },
					{ "time": 2.4333, "name": "Ying03_dj_009_" },
					{ "time": 2.5, "name": "Ying03_dj_009_" },
					{ "time": 2.5666, "name": null }
				]
			},
			"Ying03_dj_010_": {
				"attachment": [
					{ "time": 0, "name": null },
					{ "time": 1.1666, "name": null },
					{ "time": 1.2333, "name": "Ying03_dj_010_" },
					{ "time": 1.3, "name": "Ying03_dj_010_" },
					{ "time": 1.3333, "name": null },
					{ "time": 2.5, "name": null },
					{ "time": 2.5666, "name": "Ying03_dj_010_" },
					{ "time": 2.6333, "name": "Ying03_dj_010_" },
					{ "time": 2.6666, "name": null }
				]
			},
			"Ying03_tx_000_": {
				"attachment": [
					{ "time": 0, "name": "Ying03_tx_000_" },
					{ "time": 0.0666, "name": "Ying03_tx_000_" },
					{ "time": 0.1333, "name": null }
				]
			},
			"Ying03_tx_001_": {
				"attachment": [
					{ "time": 0, "name": null },
					{ "time": 0.0666, "name": null },
					{ "time": 0.1333, "name": "Ying03_tx_001_" },
					{ "time": 0.1666, "name": "Ying03_tx_001_" },
					{ "time": 0.2333, "name": null }
				]
			},
			"Ying03_tx_002_": {
				"attachment": [
					{ "time": 0, "name": null },
					{ "time": 0.1666, "name": null },
					{ "time": 0.2333, "name": "Ying03_tx_002_" },
					{ "time": 0.3, "name": "Ying03_tx_002_" },
					{ "time": 0.3666, "name": null }
				]
			},
			"Ying03_tx_003_": {
				"attachment": [
					{ "time": 0, "name": null },
					{ "time": 0.3, "name": null },
					{ "time": 0.3666, "name": "Ying03_tx_003_" },
					{ "time": 0.4333, "name": "Ying03_tx_003_" },
					{ "time": 0.5, "name": null }
				]
			},
			"Ying03_tx_004_": {
				"attachment": [
					{ "time": 0, "name": null },
					{ "time": 0.4333, "name": null },
					{ "time": 0.5, "name": "Ying03_tx_004_" },
					{ "time": 0.5333, "name": "Ying03_tx_004_" },
					{ "time": 0.6, "name": null }
				]
			},
			"Ying03_tx_005_": {
				"attachment": [
					{ "time": 0, "name": null },
					{ "time": 0.5333, "name": null },
					{ "time": 0.6, "name": "Ying03_tx_005_" },
					{ "time": 0.6666, "name": "Ying03_tx_005_" },
					{ "time": 0.7333, "name": null }
				]
			},
			"Ying03_tx_006_": {
				"attachment": [
					{ "time": 0, "name": null },
					{ "time": 0.6666, "name": null },
					{ "time": 0.7333, "name": "Ying03_tx_006_" },
					{ "time": 0.8, "name": "Ying03_tx_006_" },
					{ "time": 0.8666, "name": null }
				]
			},
			"Ying03_tx_007_": {
				"attachment": [
					{ "time": 0, "name": null },
					{ "time": 0.8, "name": null },
					{ "time": 0.8666, "name": "Ying03_tx_007_" },
					{ "time": 0.9, "name": "Ying03_tx_007_" },
					{ "time": 0.9666, "name": null }
				]
			},
			"Ying03_tx_008_": {
				"attachment": [
					{ "time": 0, "name": null },
					{ "time": 0.9, "name": null },
					{ "time": 0.9666, "name": "Ying03_tx_008_" },
					{ "time": 1.0333, "name": "Ying03_tx_008_" },
					{ "time": 1.1, "name": null }
				]
			},
			"Ying03_tx_009_": {
				"attachment": [
					{ "time": 0, "name": null },
					{ "time": 1.0333, "name": null },
					{ "time": 1.1, "name": "Ying03_tx_009_" },
					{ "time": 1.1666, "name": "Ying03_tx_009_" },
					{ "time": 1.2333, "name": null }
				]
			},
			"Ying03_tx_010_": {
				"attachment": [
					{ "time": 0, "name": null },
					{ "time": 1.1666, "name": null },
					{ "time": 1.2333, "name": "Ying03_tx_010_" },
					{ "time": 1.2666, "name": "Ying03_tx_010_" },
					{ "time": 1.3333, "name": null }
				]
			},
			"Ying03_tx_011_": {
				"attachment": [
					{ "time": 0, "name": null },
					{ "time": 1.2666, "name": null },
					{ "time": 1.3333, "name": "Ying03_tx_011_" },
					{ "time": 1.4, "name": "Ying03_tx_011_" },
					{ "time": 1.4666, "name": null }
				]
			},
			"Ying03_tx_012_": {
				"attachment": [
					{ "time": 0, "name": null },
					{ "time": 1.4, "name": null },
					{ "time": 1.4666, "name": "Ying03_tx_012_" },
					{ "time": 1.5333, "name": "Ying03_tx_012_" },
					{ "time": 1.5666, "name": null }
				]
			},
			"Ying03_tx_013_": {
				"attachment": [
					{ "time": 0, "name": null },
					{ "time": 1.5333, "name": null },
					{ "time": 1.5666, "name": "Ying03_tx_013_" },
					{ "time": 1.6333, "name": "Ying03_tx_013_" },
					{ "time": 1.7, "name": null }
				]
			},
			"Ying03_tx_014_": {
				"attachment": [
					{ "time": 0, "name": null },
					{ "time": 1.6333, "name": null },
					{ "time": 1.7, "name": "Ying03_tx_014_" },
					{ "time": 1.7666, "name": "Ying03_tx_014_" },
					{ "time": 1.8333, "name": null }
				]
			},
			"Ying03_tx_015_": {
				"attachment": [
					{ "time": 0, "name": null },
					{ "time": 1.7666, "name": null },
					{ "time": 1.8333, "name": "Ying03_tx_015_" },
					{ "time": 1.9, "name": "Ying03_tx_015_" },
					{ "time": 1.9333, "name": null }
				]
			},
			"Ying03_tx_016_": {
				"attachment": [
					{ "time": 0, "name": null },
					{ "time": 1.9, "name": null },
					{ "time": 1.9333, "name": "Ying03_tx_016_" },
					{ "time": 2, "name": "Ying03_tx_016_" },
					{ "time": 2.0666, "name": null }
				]
			},
			"Ying03_tx_017_": {
				"attachment": [
					{ "time": 0, "name": null },
					{ "time": 2, "name": null },
					{ "time": 2.0666, "name": "Ying03_tx_017_" },
					{ "time": 2.1333, "name": "Ying03_tx_017_" },
					{ "time": 2.2, "name": null }
				]
			},
			"Ying03_tx_018_": {
				"attachment": [
					{ "time": 0, "name": null },
					{ "time": 2.1333, "name": null },
					{ "time": 2.2, "name": "Ying03_tx_018_" },
					{ "time": 2.2666, "name": "Ying03_tx_018_" },
					{ "time": 2.3, "name": null }
				]
			},
			"Ying03_tx_019_": {
				"attachment": [
					{ "time": 0, "name": null },
					{ "time": 2.2666, "name": null },
					{ "time": 2.3, "name": "Ying03_tx_019_" },
					{ "time": 2.3666, "name": "Ying03_tx_019_" },
					{ "time": 2.4333, "name": null }
				]
			},
			"Ying03_tx_020_": {
				"attachment": [
					{ "time": 0, "name": null },
					{ "time": 2.3666, "name": null },
					{ "time": 2.4333, "name": "Ying03_tx_020_" },
					{ "time": 2.5, "name": "Ying03_tx_020_" },
					{ "time": 2.5666, "name": null }
				]
			},
			"Ying03_tx_021_": {
				"attachment": [
					{ "time": 0, "name": null },
					{ "time": 2.5, "name": null },
					{ "time": 2.5666, "name": "Ying03_tx_021_" },
					{ "time": 2.6333, "name": "Ying03_tx_021_" },
					{ "time": 2.6666, "name": null }
				]
			}
		}
	},
	"gj": {
		"slots": {
			"Ying03_gj_000_": {
				"attachment": [
					{ "time": 0, "name": "Ying03_gj_000_" },
					{ "time": 0.0666, "name": "Ying03_gj_000_" },
					{ "time": 0.1333, "name": null }
				]
			},
			"Ying03_gj_001_": {
				"attachment": [
					{ "time": 0, "name": null },
					{ "time": 0.0666, "name": null },
					{ "time": 0.1333, "name": "Ying03_gj_001_" },
					{ "time": 0.2, "name": "Ying03_gj_001_" },
					{ "time": 0.2666, "name": null }
				]
			},
			"Ying03_gj_002_": {
				"attachment": [
					{ "time": 0, "name": null },
					{ "time": 0.2, "name": null },
					{ "time": 0.2666, "name": "Ying03_gj_002_" },
					{ "time": 0.3333, "name": "Ying03_gj_002_" },
					{ "time": 0.4, "name": null }
				]
			},
			"Ying03_gj_003_": {
				"attachment": [
					{ "time": 0, "name": null },
					{ "time": 0.3333, "name": null },
					{ "time": 0.4, "name": "Ying03_gj_003_" },
					{ "time": 0.4666, "name": "Ying03_gj_003_" },
					{ "time": 0.5, "name": null }
				]
			},
			"Ying03_gj_004_": {
				"attachment": [
					{ "time": 0, "name": null },
					{ "time": 0.4666, "name": null },
					{ "time": 0.5, "name": "Ying03_gj_004_" },
					{ "time": 0.5666, "name": "Ying03_gj_004_" },
					{ "time": 0.6333, "name": null }
				]
			},
			"Ying03_gj_005_": {
				"attachment": [
					{ "time": 0, "name": null },
					{ "time": 0.5666, "name": null },
					{ "time": 0.6333, "name": "Ying03_gj_005_" },
					{ "time": 0.7, "name": "Ying03_gj_005_" },
					{ "time": 0.7666, "name": null }
				]
			},
			"Ying03_gj_006_": {
				"attachment": [
					{ "time": 0, "name": null },
					{ "time": 0.7, "name": null },
					{ "time": 0.7666, "name": "Ying03_gj_006_" },
					{ "time": 0.8333, "name": "Ying03_gj_006_" },
					{ "time": 0.9, "name": null }
				]
			},
			"Ying03_gj_007_": {
				"attachment": [
					{ "time": 0, "name": null },
					{ "time": 0.8333, "name": null },
					{ "time": 0.9, "name": "Ying03_gj_007_" },
					{ "time": 0.9666, "name": "Ying03_gj_007_" },
					{ "time": 1.0333, "name": null }
				]
			},
			"Ying03_gj_008_": {
				"attachment": [
					{ "time": 0, "name": null },
					{ "time": 0.9666, "name": null },
					{ "time": 1.0333, "name": "Ying03_gj_008_" },
					{ "time": 1.1, "name": "Ying03_gj_008_" },
					{ "time": 1.1666, "name": null }
				]
			},
			"Ying03_gj_009_": {
				"attachment": [
					{ "time": 0, "name": null },
					{ "time": 1.1, "name": null },
					{ "time": 1.1666, "name": "Ying03_gj_009_" },
					{ "time": 1.2333, "name": "Ying03_gj_009_" },
					{ "time": 1.3, "name": null }
				]
			},
			"Ying03_gj_010_": {
				"attachment": [
					{ "time": 0, "name": null },
					{ "time": 1.2333, "name": null },
					{ "time": 1.3, "name": "Ying03_gj_010_" },
					{ "time": 1.3666, "name": "Ying03_gj_010_" },
					{ "time": 1.4333, "name": null }
				]
			},
			"Ying03_gj_011_": {
				"attachment": [
					{ "time": 0, "name": null },
					{ "time": 1.3666, "name": null },
					{ "time": 1.4333, "name": "Ying03_gj_011_" },
					{ "time": 1.5, "name": "Ying03_gj_011_" },
					{ "time": 1.5333, "name": null }
				]
			},
			"Ying03_gj_012_": {
				"attachment": [
					{ "time": 0, "name": null },
					{ "time": 1.5, "name": null },
					{ "time": 1.5333, "name": "Ying03_gj_012_" },
					{ "time": 1.6, "name": "Ying03_gj_012_" },
					{ "time": 1.6666, "name": null }
				]
			},
			"Ying03_gj_013_": {
				"attachment": [
					{ "time": 0, "name": null },
					{ "time": 1.6, "name": null },
					{ "time": 1.6666, "name": "Ying03_gj_013_" },
					{ "time": 1.7333, "name": "Ying03_gj_013_" },
					{ "time": 1.8, "name": null }
				]
			},
			"Ying03_gj_014_": {
				"attachment": [
					{ "time": 0, "name": null },
					{ "time": 1.7333, "name": null },
					{ "time": 1.8, "name": "Ying03_gj_014_" },
					{ "time": 1.8666, "name": "Ying03_gj_014_" },
					{ "time": 1.9333, "name": null }
				]
			},
			"Ying03_gj_015_": {
				"attachment": [
					{ "time": 0, "name": null },
					{ "time": 1.8666, "name": null },
					{ "time": 1.9333, "name": "Ying03_gj_015_" },
					{ "time": 2, "name": "Ying03_gj_015_" },
					{ "time": 2.0666, "name": null }
				]
			},
			"Ying03_gj_016_": {
				"attachment": [
					{ "time": 0, "name": null },
					{ "time": 2, "name": null },
					{ "time": 2.0666, "name": "Ying03_gj_016_" },
					{ "time": 2.1333, "name": "Ying03_gj_016_" },
					{ "time": 2.2, "name": null }
				]
			},
			"Ying03_gj_017_": {
				"attachment": [
					{ "time": 0, "name": null },
					{ "time": 2.1333, "name": null },
					{ "time": 2.2, "name": "Ying03_gj_017_" },
					{ "time": 2.2666, "name": "Ying03_gj_017_" },
					{ "time": 2.3333, "name": null }
				]
			},
			"Ying03_gj_018_": {
				"attachment": [
					{ "time": 0, "name": null },
					{ "time": 2.2666, "name": null },
					{ "time": 2.3333, "name": "Ying03_gj_018_" },
					{ "time": 2.4, "name": "Ying03_gj_018_" },
					{ "time": 2.4666, "name": null }
				]
			},
			"Ying03_gj_019_": {
				"attachment": [
					{ "time": 0, "name": null },
					{ "time": 2.4, "name": null },
					{ "time": 2.4666, "name": "Ying03_gj_019_" },
					{ "time": 2.5333, "name": "Ying03_gj_019_" },
					{ "time": 2.5666, "name": null }
				]
			},
			"Ying03_gj_020_": {
				"attachment": [
					{ "time": 0, "name": null },
					{ "time": 2.5333, "name": null },
					{ "time": 2.5666, "name": "Ying03_gj_020_" },
					{ "time": 2.6333, "name": "Ying03_gj_020_" },
					{ "time": 2.7, "name": null }
				]
			},
			"Ying03_gj_021_": {
				"attachment": [
					{ "time": 0, "name": null },
					{ "time": 2.6333, "name": null },
					{ "time": 2.7, "name": "Ying03_gj_021_" },
					{ "time": 2.7666, "name": "Ying03_gj_021_" },
					{ "time": 2.8333, "name": null }
				]
			},
			"Ying03_tx_000_": {
				"attachment": [
					{ "time": 0, "name": "Ying03_tx_000_" },
					{ "time": 0.0333, "name": "Ying03_tx_000_" },
					{ "time": 0.0666, "name": null }
				]
			},
			"Ying03_tx_001_": {
				"attachment": [
					{ "time": 0, "name": null },
					{ "time": 0.0333, "name": null },
					{ "time": 0.0666, "name": "Ying03_tx_001_" },
					{ "time": 0.1, "name": "Ying03_tx_001_" },
					{ "time": 0.1333, "name": null }
				]
			},
			"Ying03_tx_002_": {
				"attachment": [
					{ "time": 0, "name": null },
					{ "time": 0.1, "name": null },
					{ "time": 0.1333, "name": "Ying03_tx_002_" },
					{ "time": 0.1666, "name": "Ying03_tx_002_" },
					{ "time": 0.2, "name": null }
				]
			},
			"Ying03_tx_003_": {
				"attachment": [
					{ "time": 0, "name": null },
					{ "time": 0.1666, "name": null },
					{ "time": 0.2, "name": "Ying03_tx_003_" },
					{ "time": 0.2333, "name": "Ying03_tx_003_" },
					{ "time": 0.2666, "name": null }
				]
			},
			"Ying03_tx_004_": {
				"attachment": [
					{ "time": 0, "name": null },
					{ "time": 0.2333, "name": null },
					{ "time": 0.2666, "name": "Ying03_tx_004_" },
					{ "time": 0.3, "name": "Ying03_tx_004_" },
					{ "time": 0.3333, "name": null }
				]
			},
			"Ying03_tx_005_": {
				"attachment": [
					{ "time": 0, "name": null },
					{ "time": 0.3, "name": null },
					{ "time": 0.3333, "name": "Ying03_tx_005_" },
					{ "time": 0.3666, "name": "Ying03_tx_005_" },
					{ "time": 0.4, "name": null }
				]
			},
			"Ying03_tx_006_": {
				"attachment": [
					{ "time": 0, "name": null },
					{ "time": 0.3666, "name": null },
					{ "time": 0.4, "name": "Ying03_tx_006_" },
					{ "time": 0.4333, "name": "Ying03_tx_006_" },
					{ "time": 0.4666, "name": null }
				]
			},
			"Ying03_tx_007_": {
				"attachment": [
					{ "time": 0, "name": null },
					{ "time": 0.4333, "name": null },
					{ "time": 0.4666, "name": "Ying03_tx_007_" },
					{ "time": 0.5, "name": "Ying03_tx_007_" },
					{ "time": 0.5333, "name": null }
				]
			},
			"Ying03_tx_008_": {
				"attachment": [
					{ "time": 0, "name": null },
					{ "time": 0.5, "name": null },
					{ "time": 0.5333, "name": "Ying03_tx_008_" },
					{ "time": 0.5666, "name": "Ying03_tx_008_" },
					{ "time": 0.6, "name": null }
				]
			},
			"Ying03_tx_009_": {
				"attachment": [
					{ "time": 0, "name": null },
					{ "time": 0.5666, "name": null },
					{ "time": 0.6, "name": "Ying03_tx_009_" },
					{ "time": 0.6333, "name": "Ying03_tx_009_" },
					{ "time": 0.6666, "name": null }
				]
			},
			"Ying03_tx_010_": {
				"attachment": [
					{ "time": 0, "name": null },
					{ "time": 0.6333, "name": null },
					{ "time": 0.6666, "name": "Ying03_tx_010_" },
					{ "time": 0.7, "name": "Ying03_tx_010_" },
					{ "time": 0.7333, "name": null }
				]
			},
			"Ying03_tx_011_": {
				"attachment": [
					{ "time": 0, "name": null },
					{ "time": 0.7, "name": null },
					{ "time": 0.7333, "name": "Ying03_tx_011_" },
					{ "time": 0.7666, "name": "Ying03_tx_011_" },
					{ "time": 0.8, "name": null }
				]
			},
			"Ying03_tx_012_": {
				"attachment": [
					{ "time": 0, "name": null },
					{ "time": 0.7666, "name": null },
					{ "time": 0.8, "name": "Ying03_tx_012_" },
					{ "time": 0.8333, "name": "Ying03_tx_012_" },
					{ "time": 0.8666, "name": null }
				]
			},
			"Ying03_tx_013_": {
				"attachment": [
					{ "time": 0, "name": null },
					{ "time": 0.8333, "name": null },
					{ "time": 0.8666, "name": "Ying03_tx_013_" },
					{ "time": 0.9, "name": "Ying03_tx_013_" },
					{ "time": 0.9333, "name": null }
				]
			},
			"Ying03_tx_014_": {
				"attachment": [
					{ "time": 0, "name": null },
					{ "time": 0.9, "name": null },
					{ "time": 0.9333, "name": "Ying03_tx_014_" },
					{ "time": 0.9666, "name": "Ying03_tx_014_" },
					{ "time": 1, "name": null }
				]
			},
			"Ying03_tx_015_": {
				"attachment": [
					{ "time": 0, "name": null },
					{ "time": 0.9666, "name": null },
					{ "time": 1, "name": "Ying03_tx_015_" },
					{ "time": 1.0333, "name": "Ying03_tx_015_" },
					{ "time": 1.0666, "name": null }
				]
			},
			"Ying03_tx_016_": {
				"attachment": [
					{ "time": 0, "name": null },
					{ "time": 1.0333, "name": null },
					{ "time": 1.0666, "name": "Ying03_tx_016_" },
					{ "time": 1.1, "name": "Ying03_tx_016_" },
					{ "time": 1.1333, "name": null }
				]
			},
			"Ying03_tx_017_": {
				"attachment": [
					{ "time": 0, "name": null },
					{ "time": 1.1, "name": null },
					{ "time": 1.1333, "name": "Ying03_tx_017_" },
					{ "time": 1.1666, "name": "Ying03_tx_017_" },
					{ "time": 1.2, "name": null }
				]
			},
			"Ying03_tx_018_": {
				"attachment": [
					{ "time": 0, "name": null },
					{ "time": 1.1666, "name": null },
					{ "time": 1.2, "name": "Ying03_tx_018_" },
					{ "time": 1.2333, "name": "Ying03_tx_018_" },
					{ "time": 1.2666, "name": null }
				]
			},
			"Ying03_tx_019_": {
				"attachment": [
					{ "time": 0, "name": null },
					{ "time": 1.2333, "name": null },
					{ "time": 1.2666, "name": "Ying03_tx_019_" },
					{ "time": 1.3, "name": "Ying03_tx_019_" },
					{ "time": 1.3333, "name": null }
				]
			},
			"Ying03_tx_020_": {
				"attachment": [
					{ "time": 0, "name": null },
					{ "time": 1.3, "name": null },
					{ "time": 1.3333, "name": "Ying03_tx_020_" },
					{ "time": 1.3666, "name": "Ying03_tx_020_" },
					{ "time": 1.4, "name": null }
				]
			},
			"Ying03_tx_021_": {
				"attachment": [
					{ "time": 0, "name": null },
					{ "time": 1.3666, "name": null },
					{ "time": 1.4, "name": "Ying03_tx_021_" },
					{ "time": 1.4333, "name": "Ying03_tx_021_" },
					{ "time": 1.4666, "name": null }
				]
			}
		}
	}
}
}