{
"skeleton": { "hash": "zMDvqBgYogwMrVjJSnAjTUA+vDo", "spine": "2.1.27", "width": 504.99, "height": 252.99 },
"bones": [
	{ "name": "root" },
	{ "name": "bone", "parent": "root", "length": 136.5, "rotation": -89.54 }
],
"slots": [
	{ "name": "火焰翅膀大小对比2", "bone": "root" },
	{ "name": "01_00000_", "bone": "bone", "attachment": "01_00014_" }
],
"skins": {
	"default": {
		"01_00000_": {
			"01_00000_": { "rotation": 89.54, "width": 505, "height": 253 },
			"01_00001_": { "rotation": 89.54, "width": 505, "height": 253 },
			"01_00002_": { "rotation": 89.54, "width": 505, "height": 253 },
			"01_00003_": { "rotation": 89.54, "width": 505, "height": 253 },
			"01_00004_": { "rotation": 89.54, "width": 505, "height": 253 },
			"01_00005_": { "rotation": 89.54, "width": 505, "height": 253 },
			"01_00006_": { "rotation": 89.54, "width": 505, "height": 253 },
			"01_00007_": { "rotation": 89.54, "width": 505, "height": 253 },
			"01_00008_": { "rotation": 89.54, "width": 505, "height": 253 },
			"01_00009_": { "rotation": 89.54, "width": 505, "height": 253 },
			"01_00010_": { "rotation": 89.54, "width": 505, "height": 253 },
			"01_00011_": { "rotation": 89.54, "width": 505, "height": 253 },
			"01_00012_": { "rotation": 89.54, "width": 505, "height": 253 },
			"01_00013_": { "rotation": 89.54, "width": 505, "height": 253 },
			"01_00014_": { "rotation": 89.54, "width": 505, "height": 253 }
		}
	}
},
"animations": {
	"dj": {
		"slots": {
			"01_00000_": {
				"attachment": [
					{ "time": 0, "name": "01_00000_" },
					{ "time": 0.1333, "name": "01_00001_" },
					{ "time": 0.2, "name": "01_00002_" },
					{ "time": 0.3333, "name": "01_00003_" },
					{ "time": 0.4666, "name": "01_00004_" },
					{ "time": 0.5333, "name": "01_00005_" },
					{ "time": 0.6666, "name": "01_00006_" },
					{ "time": 0.8, "name": "01_00007_" },
					{ "time": 0.8666, "name": "01_00008_" },
					{ "time": 1, "name": "01_00009_" },
					{ "time": 1.1333, "name": "01_00010_" },
					{ "time": 1.2, "name": "01_00011_" },
					{ "time": 1.3333, "name": "01_00012_" },
					{ "time": 1.4666, "name": "01_00013_" },
					{ "time": 1.5333, "name": "01_00014_" },
					{ "time": 1.6666, "name": "01_00000_" }
				]
			}
		},
		"bones": {
			"bone": {
				"scale": [
					{ "time": 0, "x": 0.965, "y": 0.965 }
				]
			}
		}
	}
}
}