{
"skeleton": { "hash": "U4e+i88L3ogt/nVAnMwD0GGe7kw", "spine": "3.7.94", "width": 0, "height": 0 },
"bones": [
	{ "name": "root" }
],
"slots": [
	{ "name": "orange_bd_00_", "bone": "root", "blend": "additive" },
	{ "name": "blue_bd_00_", "bone": "root", "blend": "additive" },
	{ "name": "green_bd_00_", "bone": "root", "blend": "additive" },
	{ "name": "violet_bd_00_", "bone": "root", "blend": "additive" }
],
"skins": {
	"default": {
		"blue_bd_00_": {
			"blue_bd_00_": { "scaleX": 2, "scaleY": 2, "width": 320, "height": 320 },
			"blue_bd_02_": { "scaleX": 2, "scaleY": 2, "width": 320, "height": 320 },
			"blue_bd_03_": { "scaleX": 2, "scaleY": 2, "width": 320, "height": 320 },
			"blue_bd_04_": { "scaleX": 2, "scaleY": 2, "width": 320, "height": 320 },
			"blue_bd_05_": { "scaleX": 2, "scaleY": 2, "width": 320, "height": 320 },
			"blue_bd_06_": { "scaleX": 2, "scaleY": 2, "width": 320, "height": 320 },
			"blue_bd_07_": { "scaleX": 2, "scaleY": 2, "width": 320, "height": 320 },
			"blue_bd_08_": { "scaleX": 2, "scaleY": 2, "width": 320, "height": 320 },
			"blue_bd_09_": { "scaleX": 2, "scaleY": 2, "width": 320, "height": 320 }
		},
		"green_bd_00_": {
			"green_bd_00_": { "scaleX": 2, "scaleY": 2, "width": 320, "height": 320 },
			"green_bd_02_": { "scaleX": 2, "scaleY": 2, "width": 320, "height": 320 },
			"green_bd_03_": { "scaleX": 2, "scaleY": 2, "width": 320, "height": 320 },
			"green_bd_04_": { "scaleX": 2, "scaleY": 2, "width": 320, "height": 320 },
			"green_bd_05_": { "scaleX": 2, "scaleY": 2, "width": 320, "height": 320 },
			"green_bd_06_": { "scaleX": 2, "scaleY": 2, "width": 320, "height": 320 },
			"green_bd_07_": { "scaleX": 2, "scaleY": 2, "width": 320, "height": 320 },
			"green_bd_08_": { "scaleX": 2, "scaleY": 2, "width": 320, "height": 320 },
			"green_bd_09_": { "scaleX": 2, "scaleY": 2, "width": 320, "height": 320 }
		},
		"orange_bd_00_": {
			"orange_bd_00_": { "scaleX": 2, "scaleY": 2, "width": 320, "height": 320 },
			"orange_bd_02_": { "scaleX": 2, "scaleY": 2, "width": 320, "height": 320 },
			"orange_bd_03_": { "scaleX": 2, "scaleY": 2, "width": 320, "height": 320 },
			"orange_bd_04_": { "scaleX": 2, "scaleY": 2, "width": 320, "height": 320 },
			"orange_bd_05_": { "scaleX": 2, "scaleY": 2, "width": 320, "height": 320 },
			"orange_bd_06_": { "scaleX": 2, "scaleY": 2, "width": 320, "height": 320 },
			"orange_bd_07_": { "scaleX": 2, "scaleY": 2, "width": 320, "height": 320 },
			"orange_bd_08_": { "scaleX": 2, "scaleY": 2, "width": 320, "height": 320 },
			"orange_bd_09_": { "scaleX": 2, "scaleY": 2, "width": 320, "height": 320 }
		},
		"violet_bd_00_": {
			"violet_bd_00_": { "scaleX": 2, "scaleY": 2, "width": 320, "height": 320 },
			"violet_bd_02_": { "scaleX": 2, "scaleY": 2, "width": 320, "height": 320 },
			"violet_bd_03_": { "scaleX": 2, "scaleY": 2, "width": 320, "height": 320 },
			"violet_bd_04_": { "scaleX": 2, "scaleY": 2, "width": 320, "height": 320 },
			"violet_bd_05_": { "scaleX": 2, "scaleY": 2, "width": 320, "height": 320 },
			"violet_bd_06_": { "scaleX": 2, "scaleY": 2, "width": 320, "height": 320 },
			"violet_bd_07_": { "scaleX": 2, "scaleY": 2, "width": 320, "height": 320 },
			"violet_bd_08_": { "scaleX": 2, "scaleY": 2, "width": 320, "height": 320 },
			"violet_bd_09_": { "scaleX": 2, "scaleY": 2, "width": 320, "height": 320 }
		}
	}
},
"animations": {
	"blue": {
		"slots": {
			"blue_bd_00_": {
				"attachment": [
					{ "time": 0, "name": "blue_bd_00_" },
					{ "time": 0.0333, "name": "blue_bd_02_" },
					{ "time": 0.1, "name": "blue_bd_03_" },
					{ "time": 0.1333, "name": "blue_bd_04_" },
					{ "time": 0.1667, "name": "blue_bd_05_" },
					{ "time": 0.2, "name": "blue_bd_06_" },
					{ "time": 0.2333, "name": "blue_bd_07_" },
					{ "time": 0.2667, "name": "blue_bd_08_" },
					{ "time": 0.3, "name": "blue_bd_09_" },
					{ "time": 0.3333, "name": null }
				]
			}
		}
	},
	"green": {
		"slots": {
			"green_bd_00_": {
				"attachment": [
					{ "time": 0, "name": "green_bd_00_" },
					{ "time": 0.0333, "name": "green_bd_02_" },
					{ "time": 0.1, "name": "green_bd_03_" },
					{ "time": 0.1333, "name": "green_bd_04_" },
					{ "time": 0.1667, "name": "green_bd_05_" },
					{ "time": 0.2, "name": "green_bd_06_" },
					{ "time": 0.2333, "name": "green_bd_07_" },
					{ "time": 0.2667, "name": "green_bd_08_" },
					{ "time": 0.3, "name": "green_bd_09_" },
					{ "time": 0.3333, "name": null }
				]
			}
		}
	},
	"orange": {
		"slots": {
			"orange_bd_00_": {
				"attachment": [
					{ "time": 0, "name": "orange_bd_00_" },
					{ "time": 0.0333, "name": "orange_bd_02_" },
					{ "time": 0.1, "name": "orange_bd_03_" },
					{ "time": 0.1333, "name": "orange_bd_04_" },
					{ "time": 0.1667, "name": "orange_bd_05_" },
					{ "time": 0.2, "name": "orange_bd_06_" },
					{ "time": 0.2333, "name": "orange_bd_07_" },
					{ "time": 0.2667, "name": "orange_bd_08_" },
					{ "time": 0.3, "name": "orange_bd_09_" },
					{ "time": 0.3333, "name": null }
				]
			}
		}
	},
	"violet": {
		"slots": {
			"violet_bd_00_": {
				"attachment": [
					{ "time": 0, "name": "violet_bd_00_" },
					{ "time": 0.0333, "name": "violet_bd_02_" },
					{ "time": 0.1, "name": "violet_bd_03_" },
					{ "time": 0.1333, "name": "violet_bd_04_" },
					{ "time": 0.1667, "name": "violet_bd_05_" },
					{ "time": 0.2, "name": "violet_bd_06_" },
					{ "time": 0.2333, "name": "violet_bd_07_" },
					{ "time": 0.2667, "name": "violet_bd_08_" },
					{ "time": 0.3, "name": "violet_bd_09_" },
					{ "time": 0.3333, "name": null }
				]
			}
		}
	}
}
}