{
"skeleton": { "hash": "QSBqkgDxCo/+QUYEGmkseyM0Bx8", "spine": "3.7.94", "width": 640, "height": 300 },
"bones": [
	{ "name": "root" }
],
"slots": [
	{ "name": "orange_00_", "bone": "root", "color": "ffffff00", "blend": "additive" },
	{ "name": "blue_00_", "bone": "root", "color": "ffffff00", "attachment": "blue_00_", "blend": "additive" },
	{ "name": "green_00_", "bone": "root", "color": "ffffff00", "attachment": "green_00_", "blend": "additive" },
	{ "name": "violet_00_", "bone": "root", "color": "ffffff00", "attachment": "violet_00_", "blend": "additive" }
],
"skins": {
	"default": {
		"blue_00_": {
			"blue_00_": { "x": 73, "width": 640, "height": 300 },
			"blue_01_": { "x": 73, "width": 640, "height": 300 },
			"blue_02_": { "x": 73, "width": 640, "height": 300 },
			"blue_03_": { "x": 73, "width": 640, "height": 300 },
			"blue_04_": { "x": 73, "width": 640, "height": 300 },
			"blue_05_": { "x": 73, "width": 640, "height": 300 },
			"blue_06_": { "x": 73, "width": 640, "height": 300 },
			"blue_07_": { "x": 73, "width": 640, "height": 300 },
			"blue_08_": { "x": 73, "width": 640, "height": 300 },
			"blue_09_": { "x": 73, "width": 640, "height": 300 },
			"blue_10_": { "x": 73, "width": 640, "height": 300 },
			"blue_11_": { "x": 73, "width": 640, "height": 300 },
			"blue_12_": { "x": 73, "width": 640, "height": 300 }
		},
		"green_00_": {
			"green_00_": { "x": 73, "width": 640, "height": 300 },
			"green_01_": { "x": 73, "width": 640, "height": 300 },
			"green_02_": { "x": 73, "width": 640, "height": 300 },
			"green_03_": { "x": 73, "width": 640, "height": 300 },
			"green_04_": { "x": 73, "width": 640, "height": 300 },
			"green_05_": { "x": 73, "width": 640, "height": 300 },
			"green_06_": { "x": 73, "width": 640, "height": 300 },
			"green_07_": { "x": 73, "width": 640, "height": 300 },
			"green_08_": { "x": 73, "width": 640, "height": 300 },
			"green_09_": { "x": 73, "width": 640, "height": 300 },
			"green_10_": { "x": 73, "width": 640, "height": 300 },
			"green_11_": { "x": 73, "width": 640, "height": 300 },
			"green_12_": { "x": 73, "width": 640, "height": 300 }
		},
		"orange_00_": {
			"orange_00_": { "x": 73, "width": 640, "height": 300 },
			"orange_01_": { "x": 73, "width": 640, "height": 300 },
			"orange_02_": { "x": 73, "width": 640, "height": 300 },
			"orange_03_": { "x": 73, "width": 640, "height": 300 },
			"orange_04_": { "x": 73, "width": 640, "height": 300 },
			"orange_05_": { "x": 73, "width": 640, "height": 300 },
			"orange_06_": { "x": 73, "width": 640, "height": 300 },
			"orange_07_": { "x": 73, "width": 640, "height": 300 },
			"orange_08_": { "x": 73, "width": 640, "height": 300 },
			"orange_09_": { "x": 73, "width": 640, "height": 300 },
			"orange_10_": { "x": 73, "width": 640, "height": 300 },
			"orange_11_": { "x": 73, "width": 640, "height": 300 },
			"orange_12_": { "x": 73, "width": 640, "height": 300 }
		},
		"violet_00_": {
			"violet_00_": { "x": 73, "width": 640, "height": 300 },
			"violet_01_": { "x": 73, "width": 640, "height": 300 },
			"violet_02_": { "x": 73, "width": 640, "height": 300 },
			"violet_03_": { "x": 73, "width": 640, "height": 300 },
			"violet_04_": { "x": 73, "width": 640, "height": 300 },
			"violet_05_": { "x": 73, "width": 640, "height": 300 },
			"violet_06_": { "x": 73, "width": 640, "height": 300 },
			"violet_07_": { "x": 73, "width": 640, "height": 300 },
			"violet_08_": { "x": 73, "width": 640, "height": 300 },
			"violet_09_": { "x": 73, "width": 640, "height": 300 },
			"violet_10_": { "x": 73, "width": 640, "height": 300 },
			"violet_11_": { "x": 73, "width": 640, "height": 300 },
			"violet_12_": { "x": 73, "width": 640, "height": 300 }
		}
	}
},
"animations": {
	"blue": {
		"slots": {
			"blue_00_": {
				"color": [
					{ "time": 0, "color": "ffffffff" }
				],
				"attachment": [
					{ "time": 0, "name": "blue_00_" },
					{ "time": 0.0333, "name": "blue_01_" },
					{ "time": 0.0667, "name": "blue_02_" },
					{ "time": 0.1, "name": "blue_03_" },
					{ "time": 0.1333, "name": "blue_04_" },
					{ "time": 0.1667, "name": "blue_05_" },
					{ "time": 0.2, "name": "blue_06_" },
					{ "time": 0.2333, "name": "blue_07_" },
					{ "time": 0.2667, "name": "blue_08_" },
					{ "time": 0.3, "name": "blue_09_" },
					{ "time": 0.3333, "name": "blue_10_" },
					{ "time": 0.3667, "name": "blue_11_" },
					{ "time": 0.4, "name": "blue_12_" },
					{ "time": 0.4333, "name": null }
				]
			}
		}
	},
	"green": {
		"slots": {
			"green_00_": {
				"color": [
					{ "time": 0, "color": "ffffffff" }
				],
				"attachment": [
					{ "time": 0, "name": "green_00_" },
					{ "time": 0.0333, "name": "green_01_" },
					{ "time": 0.0667, "name": "green_02_" },
					{ "time": 0.1, "name": "green_03_" },
					{ "time": 0.1333, "name": "green_04_" },
					{ "time": 0.1667, "name": "green_05_" },
					{ "time": 0.2, "name": "green_06_" },
					{ "time": 0.2333, "name": "green_07_" },
					{ "time": 0.2667, "name": "green_08_" },
					{ "time": 0.3, "name": "green_09_" },
					{ "time": 0.3333, "name": "green_10_" },
					{ "time": 0.3667, "name": "green_11_" },
					{ "time": 0.4, "name": "green_12_" },
					{ "time": 0.4333, "name": null }
				]
			}
		}
	},
	"orange": {
		"slots": {
			"orange_00_": {
				"color": [
					{ "time": 0, "color": "ffffffff" }
				],
				"attachment": [
					{ "time": 0, "name": "orange_00_" },
					{ "time": 0.0333, "name": "orange_01_" },
					{ "time": 0.0667, "name": "orange_02_" },
					{ "time": 0.1, "name": "orange_03_" },
					{ "time": 0.1333, "name": "orange_04_" },
					{ "time": 0.1667, "name": "orange_05_" },
					{ "time": 0.2, "name": "orange_06_" },
					{ "time": 0.2333, "name": "orange_07_" },
					{ "time": 0.2667, "name": "orange_08_" },
					{ "time": 0.3, "name": "orange_09_" },
					{ "time": 0.3333, "name": "orange_10_" },
					{ "time": 0.3667, "name": "orange_11_" },
					{ "time": 0.4, "name": "orange_12_" },
					{ "time": 0.4333, "name": null }
				]
			}
		}
	},
	"violet": {
		"slots": {
			"violet_00_": {
				"color": [
					{ "time": 0, "color": "ffffffff" }
				],
				"attachment": [
					{ "time": 0, "name": "violet_00_" },
					{ "time": 0.0333, "name": "violet_01_" },
					{ "time": 0.0667, "name": "violet_02_" },
					{ "time": 0.1, "name": "violet_03_" },
					{ "time": 0.1333, "name": "violet_04_" },
					{ "time": 0.1667, "name": "violet_05_" },
					{ "time": 0.2, "name": "violet_06_" },
					{ "time": 0.2333, "name": "violet_07_" },
					{ "time": 0.2667, "name": "violet_08_" },
					{ "time": 0.3, "name": "violet_09_" },
					{ "time": 0.3333, "name": "violet_10_" },
					{ "time": 0.3667, "name": "violet_11_" },
					{ "time": 0.4, "name": "violet_12_" },
					{ "time": 0.4333, "name": null }
				]
			}
		}
	}
}
}