{
"skeleton": { "hash": "ScQanYPbNTdVjKoH8HxRiH+xM58", "spine": "3.7.94", "width": 866.58, "height": 690.49 },
"bones": [
	{ "name": "root" },
	{ "name": "gj", "parent": "root", "x": 6.79, "y": -54.3, "scaleX": 1.43, "scaleY": 1.43 },
	{ "name": "huo", "parent": "root", "x": 80.21, "y": -6.05, "scaleX": 2, "scaleY": 2 }
],
"slots": [
	{ "name": "dizuo_", "bone": "root", "attachment": "dizuo_" },
	{ "name": "gj_a_00_", "bone": "gj", "attachment": "gj_a_00_" },
	{ "name": "gj_b_00_", "bone": "gj", "attachment": "gj_b_00_" },
	{ "name": "gj_c_00_", "bone": "gj", "attachment": "gj_c_00_" },
	{ "name": "huo_a_00_", "bone": "huo" },
	{ "name": "huo_b_00_", "bone": "huo" }
],
"skins": {
	"default": {
		"dizuo_": {
			"dizuo_": { "x": 5.7, "y": 6.2, "scaleX": 1.25, "scaleY": 1.25, "width": 330, "height": 222 }
		},
		"gj_a_00_": {
			"gj_a_00_": { "x": -215.51, "y": 197.64, "width": 280, "height": 461 },
			"gj_a_01_": { "x": -215.51, "y": 197.64, "width": 280, "height": 461 },
			"gj_a_02_": { "x": -215.51, "y": 197.64, "width": 280, "height": 461 },
			"gj_a_03_": { "x": -215.51, "y": 197.64, "width": 280, "height": 461 },
			"gj_a_04_": { "x": -215.51, "y": 197.64, "width": 280, "height": 461 },
			"gj_a_05_": { "x": -215.51, "y": 197.64, "width": 280, "height": 461 },
			"gj_a_06_": { "x": -215.51, "y": 197.64, "width": 280, "height": 461 },
			"gj_a_07_": { "x": -215.51, "y": 197.64, "width": 280, "height": 461 },
			"gj_a_08_": { "x": -215.51, "y": 197.64, "width": 280, "height": 461 },
			"gj_a_09_": { "x": -215.51, "y": 197.64, "width": 280, "height": 461 },
			"gj_a_10_": { "x": -215.51, "y": 197.64, "width": 280, "height": 461 },
			"gj_a_11_": { "x": -215.51, "y": 197.64, "width": 280, "height": 461 },
			"gj_a_12_": { "x": -215.51, "y": 197.64, "width": 280, "height": 461 },
			"gj_a_13_": { "x": -215.51, "y": 197.64, "width": 280, "height": 461 },
			"gj_a_14_": { "x": -215.51, "y": 197.64, "width": 280, "height": 461 },
			"gj_a_15_": { "x": -215.51, "y": 197.64, "width": 280, "height": 461 },
			"gj_a_16_": { "x": -215.51, "y": 197.64, "width": 280, "height": 461 },
			"gj_a_17_": { "x": -215.51, "y": 197.64, "width": 280, "height": 461 },
			"gj_a_18_": { "x": -215.51, "y": 197.64, "width": 280, "height": 461 },
			"gj_a_19_": { "x": -215.51, "y": 197.64, "width": 280, "height": 461 },
			"gj_a_20_": { "x": -215.51, "y": 197.64, "width": 280, "height": 461 },
			"gj_a_21_": { "x": -215.51, "y": 197.64, "width": 280, "height": 461 },
			"gj_a_22_": { "x": -215.51, "y": 197.64, "width": 280, "height": 461 },
			"gj_a_23_": { "x": -215.51, "y": 197.64, "width": 280, "height": 461 },
			"gj_a_24_": { "x": -215.51, "y": 197.64, "width": 280, "height": 461 },
			"gj_a_25_": { "x": -215.51, "y": 197.64, "width": 280, "height": 461 },
			"gj_a_26_": { "x": -215.51, "y": 197.64, "width": 280, "height": 461 },
			"gj_a_27_": { "x": -215.51, "y": 197.64, "width": 280, "height": 461 },
			"gj_a_28_": { "x": -215.51, "y": 197.64, "width": 280, "height": 461 },
			"gj_a_29_": { "x": -215.51, "y": 197.64, "width": 280, "height": 461 },
			"gj_a_30_": { "x": -215.51, "y": 197.64, "width": 280, "height": 461 }
		},
		"gj_b_00_": {
			"gj_b_00_": { "y": 197.64, "width": 151, "height": 461 },
			"gj_b_01_": { "y": 197.64, "width": 151, "height": 461 },
			"gj_b_02_": { "y": 197.64, "width": 151, "height": 461 },
			"gj_b_03_": { "y": 197.64, "width": 151, "height": 461 },
			"gj_b_04_": { "y": 197.64, "width": 151, "height": 461 },
			"gj_b_05_": { "y": 197.64, "width": 151, "height": 461 },
			"gj_b_06_": { "y": 197.64, "width": 151, "height": 461 },
			"gj_b_07_": { "y": 197.64, "width": 151, "height": 461 },
			"gj_b_08_": { "y": 197.64, "width": 151, "height": 461 },
			"gj_b_09_": { "y": 197.64, "width": 151, "height": 461 },
			"gj_b_10_": { "y": 197.64, "width": 151, "height": 461 },
			"gj_b_11_": { "y": 197.64, "width": 151, "height": 461 },
			"gj_b_12_": { "y": 197.64, "width": 151, "height": 461 },
			"gj_b_13_": { "y": 197.64, "width": 151, "height": 461 },
			"gj_b_14_": { "y": 197.64, "width": 151, "height": 461 },
			"gj_b_15_": { "y": 197.64, "width": 151, "height": 461 },
			"gj_b_16_": { "y": 197.64, "width": 151, "height": 461 },
			"gj_b_17_": { "y": 197.64, "width": 151, "height": 461 },
			"gj_b_18_": { "y": 197.64, "width": 151, "height": 461 },
			"gj_b_19_": { "y": 197.64, "width": 151, "height": 461 },
			"gj_b_20_": { "y": 197.64, "width": 151, "height": 461 },
			"gj_b_21_": { "y": 197.64, "width": 151, "height": 461 },
			"gj_b_22_": { "y": 197.64, "width": 151, "height": 461 },
			"gj_b_23_": { "y": 197.64, "width": 151, "height": 461 },
			"gj_b_24_": { "y": 197.64, "width": 151, "height": 461 },
			"gj_b_25_": { "y": 197.64, "width": 151, "height": 461 },
			"gj_b_26_": { "y": 197.64, "width": 151, "height": 461 },
			"gj_b_27_": { "y": 197.64, "width": 151, "height": 461 },
			"gj_b_28_": { "y": 197.64, "width": 151, "height": 461 },
			"gj_b_29_": { "y": 197.64, "width": 151, "height": 461 },
			"gj_b_30_": { "y": 197.64, "width": 151, "height": 461 }
		},
		"gj_c_00_": {
			"gj_c_00_": { "x": 162.99, "y": 197.64, "width": 175, "height": 461 },
			"gj_c_01_": { "x": 162.99, "y": 197.64, "width": 175, "height": 461 },
			"gj_c_02_": { "x": 162.99, "y": 197.64, "width": 175, "height": 461 },
			"gj_c_03_": { "x": 162.99, "y": 197.64, "width": 175, "height": 461 },
			"gj_c_04_": { "x": 162.99, "y": 197.64, "width": 175, "height": 461 },
			"gj_c_05_": { "x": 162.99, "y": 197.64, "width": 175, "height": 461 },
			"gj_c_06_": { "x": 162.99, "y": 197.64, "width": 175, "height": 461 },
			"gj_c_07_": { "x": 162.99, "y": 197.64, "width": 175, "height": 461 },
			"gj_c_08_": { "x": 162.99, "y": 197.64, "width": 175, "height": 461 },
			"gj_c_09_": { "x": 162.99, "y": 197.64, "width": 175, "height": 461 },
			"gj_c_10_": { "x": 162.99, "y": 197.64, "width": 175, "height": 461 },
			"gj_c_11_": { "x": 162.99, "y": 197.64, "width": 175, "height": 461 },
			"gj_c_12_": { "x": 162.99, "y": 197.64, "width": 175, "height": 461 },
			"gj_c_13_": { "x": 162.99, "y": 197.64, "width": 175, "height": 461 },
			"gj_c_14_": { "x": 162.99, "y": 197.64, "width": 175, "height": 461 },
			"gj_c_15_": { "x": 162.99, "y": 197.64, "width": 175, "height": 461 },
			"gj_c_16_": { "x": 162.99, "y": 197.64, "width": 175, "height": 461 },
			"gj_c_17_": { "x": 162.99, "y": 197.64, "width": 175, "height": 461 },
			"gj_c_18_": { "x": 162.99, "y": 197.64, "width": 175, "height": 461 },
			"gj_c_19_": { "x": 162.99, "y": 197.64, "width": 175, "height": 461 },
			"gj_c_20_": { "x": 162.99, "y": 197.64, "width": 175, "height": 461 },
			"gj_c_21_": { "x": 162.99, "y": 197.64, "width": 175, "height": 461 },
			"gj_c_22_": { "x": 162.99, "y": 197.64, "width": 175, "height": 461 },
			"gj_c_23_": { "x": 162.99, "y": 197.64, "width": 175, "height": 461 },
			"gj_c_24_": { "x": 162.99, "y": 197.64, "width": 175, "height": 461 },
			"gj_c_25_": { "x": 162.99, "y": 197.64, "width": 175, "height": 461 },
			"gj_c_26_": { "x": 162.99, "y": 197.64, "width": 175, "height": 461 },
			"gj_c_27_": { "x": 162.99, "y": 197.64, "width": 175, "height": 461 },
			"gj_c_28_": { "x": 162.99, "y": 197.64, "width": 175, "height": 461 },
			"gj_c_29_": { "x": 162.99, "y": 197.64, "width": 175, "height": 461 },
			"gj_c_30_": { "x": 162.99, "y": 197.64, "width": 175, "height": 461 }
		},
		"huo_a_00_": {
			"huo_a_00_": { "x": 11.53, "y": -36.21, "width": 132, "height": 221 },
			"huo_a_01_": { "x": 11.53, "y": -36.21, "width": 134, "height": 225 },
			"huo_a_02_": { "x": 11.53, "y": -36.21, "width": 134, "height": 225 },
			"huo_a_03_": { "x": 11.53, "y": -36.21, "width": 134, "height": 225 },
			"huo_a_04_": { "x": 11.53, "y": -36.21, "width": 134, "height": 225 },
			"huo_a_05_": { "x": 11.53, "y": -36.21, "width": 134, "height": 225 },
			"huo_a_06_": { "x": 11.53, "y": -36.21, "width": 134, "height": 225 },
			"huo_a_07_": { "x": 11.53, "y": -36.21, "width": 134, "height": 225 },
			"huo_a_08_": { "x": 11.53, "y": -36.21, "width": 134, "height": 225 },
			"huo_a_09_": { "x": 11.53, "y": -36.21, "width": 134, "height": 225 },
			"huo_a_10_": { "x": 11.53, "y": -36.21, "width": 134, "height": 225 }
		},
		"huo_b_00_": {
			"huo_b_01_": { "x": 145.53, "y": -36.21, "width": 134, "height": 225 },
			"huo_b_02_": { "x": 145.53, "y": -36.21, "width": 134, "height": 225 },
			"huo_b_03_": { "x": 145.53, "y": -36.21, "width": 134, "height": 225 },
			"huo_b_04_": { "x": 145.53, "y": -36.21, "width": 134, "height": 225 },
			"huo_b_05_": { "x": 145.53, "y": -36.21, "width": 134, "height": 225 },
			"huo_b_06_": { "x": 145.53, "y": -36.21, "width": 134, "height": 225 },
			"huo_b_07_": { "x": 145.53, "y": -36.21, "width": 134, "height": 225 },
			"huo_b_08_": { "x": 145.53, "y": -36.21, "width": 134, "height": 225 },
			"huo_b_09_": { "x": 145.53, "y": -36.21, "width": 134, "height": 225 },
			"huo_b_10_": { "x": 145.53, "y": -36.21, "width": 134, "height": 225 }
		}
	}
},
"animations": {
	"animation": {
		"slots": {
			"dizuo_": {
				"attachment": [
					{ "time": 2.0667, "name": null },
					{ "time": 2.8, "name": null }
				]
			},
			"gj_a_00_": {
				"attachment": [
					{ "time": 0.0667, "name": "gj_a_01_" },
					{ "time": 0.1333, "name": "gj_a_02_" },
					{ "time": 0.2, "name": "gj_a_03_" },
					{ "time": 0.2667, "name": "gj_a_04_" },
					{ "time": 0.3333, "name": "gj_a_05_" },
					{ "time": 0.4, "name": "gj_a_06_" },
					{ "time": 0.4667, "name": "gj_a_07_" },
					{ "time": 0.5333, "name": "gj_a_08_" },
					{ "time": 0.6, "name": "gj_a_09_" },
					{ "time": 0.6667, "name": "gj_a_10_" },
					{ "time": 0.7333, "name": "gj_a_11_" },
					{ "time": 0.8, "name": "gj_a_12_" },
					{ "time": 0.8667, "name": "gj_a_13_" },
					{ "time": 0.9333, "name": "gj_a_14_" },
					{ "time": 1, "name": "gj_a_15_" },
					{ "time": 1.0667, "name": "gj_a_16_" },
					{ "time": 1.1333, "name": "gj_a_17_" },
					{ "time": 1.2, "name": "gj_a_18_" },
					{ "time": 1.2667, "name": "gj_a_19_" },
					{ "time": 1.3333, "name": "gj_a_20_" },
					{ "time": 1.4, "name": "gj_a_21_" },
					{ "time": 1.4667, "name": "gj_a_22_" },
					{ "time": 1.5333, "name": "gj_a_23_" },
					{ "time": 1.6, "name": "gj_a_24_" },
					{ "time": 1.6667, "name": "gj_a_25_" },
					{ "time": 1.7333, "name": "gj_a_26_" },
					{ "time": 1.8, "name": "gj_a_27_" },
					{ "time": 1.8667, "name": "gj_a_28_" },
					{ "time": 1.9333, "name": "gj_a_29_" },
					{ "time": 2, "name": "gj_a_30_" },
					{ "time": 2.0667, "name": null }
				]
			},
			"gj_b_00_": {
				"attachment": [
					{ "time": 0.0667, "name": "gj_b_01_" },
					{ "time": 0.1333, "name": "gj_b_02_" },
					{ "time": 0.2, "name": "gj_b_03_" },
					{ "time": 0.2667, "name": "gj_b_04_" },
					{ "time": 0.3333, "name": "gj_b_05_" },
					{ "time": 0.4, "name": "gj_b_06_" },
					{ "time": 0.4667, "name": "gj_b_07_" },
					{ "time": 0.5333, "name": "gj_b_08_" },
					{ "time": 0.6, "name": "gj_b_09_" },
					{ "time": 0.6667, "name": "gj_b_10_" },
					{ "time": 0.7333, "name": "gj_b_11_" },
					{ "time": 0.8, "name": "gj_b_12_" },
					{ "time": 0.8667, "name": "gj_b_13_" },
					{ "time": 0.9333, "name": "gj_b_14_" },
					{ "time": 1, "name": "gj_b_15_" },
					{ "time": 1.0667, "name": "gj_b_16_" },
					{ "time": 1.1333, "name": "gj_b_17_" },
					{ "time": 1.2, "name": "gj_b_18_" },
					{ "time": 1.2667, "name": "gj_b_19_" },
					{ "time": 1.3333, "name": "gj_b_20_" },
					{ "time": 1.4, "name": "gj_b_21_" },
					{ "time": 1.4667, "name": "gj_b_22_" },
					{ "time": 1.5333, "name": "gj_b_23_" },
					{ "time": 1.6, "name": "gj_b_24_" },
					{ "time": 1.6667, "name": "gj_b_25_" },
					{ "time": 1.7333, "name": "gj_b_26_" },
					{ "time": 1.8, "name": "gj_b_27_" },
					{ "time": 1.8667, "name": "gj_b_28_" },
					{ "time": 1.9333, "name": "gj_b_29_" },
					{ "time": 2, "name": "gj_b_30_" },
					{ "time": 2.0667, "name": null }
				]
			},
			"gj_c_00_": {
				"attachment": [
					{ "time": 0.0667, "name": "gj_c_01_" },
					{ "time": 0.1333, "name": "gj_c_02_" },
					{ "time": 0.2, "name": "gj_c_03_" },
					{ "time": 0.2667, "name": "gj_c_04_" },
					{ "time": 0.3333, "name": "gj_c_05_" },
					{ "time": 0.4, "name": "gj_c_06_" },
					{ "time": 0.4667, "name": "gj_c_07_" },
					{ "time": 0.5333, "name": "gj_c_08_" },
					{ "time": 0.6, "name": "gj_c_09_" },
					{ "time": 0.6667, "name": "gj_c_10_" },
					{ "time": 0.7333, "name": "gj_c_11_" },
					{ "time": 0.8, "name": "gj_c_12_" },
					{ "time": 0.8667, "name": "gj_c_13_" },
					{ "time": 0.9333, "name": "gj_c_14_" },
					{ "time": 1, "name": "gj_c_15_" },
					{ "time": 1.0667, "name": "gj_c_16_" },
					{ "time": 1.1333, "name": "gj_c_17_" },
					{ "time": 1.2, "name": "gj_c_18_" },
					{ "time": 1.2667, "name": "gj_c_19_" },
					{ "time": 1.3333, "name": "gj_c_20_" },
					{ "time": 1.4, "name": "gj_c_21_" },
					{ "time": 1.4667, "name": "gj_c_22_" },
					{ "time": 1.5333, "name": "gj_c_23_" },
					{ "time": 1.6, "name": "gj_c_24_" },
					{ "time": 1.6667, "name": "gj_c_25_" },
					{ "time": 1.7333, "name": "gj_c_26_" },
					{ "time": 1.8, "name": "gj_c_27_" },
					{ "time": 1.8667, "name": "gj_c_28_" },
					{ "time": 1.9333, "name": "gj_c_29_" },
					{ "time": 2, "name": "gj_c_30_" },
					{ "time": 2.0667, "name": null }
				]
			},
			"huo_a_00_": {
				"attachment": [
					{ "time": 1.3667, "name": "huo_a_00_" },
					{ "time": 1.4, "name": "huo_a_01_" },
					{ "time": 1.4667, "name": "huo_a_02_" },
					{ "time": 1.5333, "name": "huo_a_03_" },
					{ "time": 1.6, "name": "huo_a_04_" },
					{ "time": 1.6667, "name": "huo_a_05_" },
					{ "time": 1.7333, "name": "huo_a_06_" },
					{ "time": 1.8, "name": "huo_a_07_" },
					{ "time": 1.8667, "name": "huo_a_08_" },
					{ "time": 1.9333, "name": "huo_a_09_" },
					{ "time": 2, "name": "huo_a_10_" },
					{ "time": 2.0667, "name": null }
				]
			},
			"huo_b_00_": {
				"attachment": [
					{ "time": 1.4, "name": "huo_b_01_" },
					{ "time": 1.4667, "name": "huo_b_02_" },
					{ "time": 1.5333, "name": "huo_b_03_" },
					{ "time": 1.6, "name": "huo_b_04_" },
					{ "time": 1.6667, "name": "huo_b_05_" },
					{ "time": 1.7333, "name": "huo_b_06_" },
					{ "time": 1.8, "name": "huo_b_07_" },
					{ "time": 1.8667, "name": "huo_b_08_" },
					{ "time": 1.9333, "name": "huo_b_09_" },
					{ "time": 2, "name": "huo_b_10_" },
					{ "time": 2.0667, "name": null }
				]
			}
		}
	}
}
}