{
    "skeleton": {
        "hash": "X3m/jUiwLF+jrzfeK4ajIR8Kn3c",
        "spine": "3.7.94",
        "width": 130,
        "height": 88,
        "images": "./images/",
        "audio": ""
    },
    "bones": [{
        "name": "root"
    }],
    "slots": [{
        "name": "cake",
        "bone": "root",
        "attachment": "cake_1_"
    }],
    "skins": {
        "default": {
            "cake": {
                "cake_1_": {
                    "x": 2.44,
                    "y": 13.67,
                    "width": 130,
                    "height": 88
                },
                "cake_2_": {
                    "x": -1.76,
                    "y": 16.4,
                    "width": 130,
                    "height": 98
                },
                "cake_3_": {
                    "x": -9.86,
                    "y": 46,
                    "width": 139,
                    "height": 165
                },
                "cake_4_": {
                    "x": -20.25,
                    "y": 45.23,
                    "width": 168,
                    "height": 181
                },
                "cake_5_": {
                    "x": -23.08,
                    "y": 56.55,
                    "width": 234,
                    "height": 205
                },
                "cake_6_": {
                    "x": -25,
                    "y": 65.39,
                    "width": 274,
                    "height": 222
                }
            }
        }
    },
    "animations": {
        "cake_1": {},
        "cake_2": {
            "slots": {
                "cake": {
                    "attachment": [{
                        "time": 0,
                        "name": "cake_2_"
                    }]
                }
            }
        },
        "cake_3": {
            "slots": {
                "cake": {
                    "attachment": [{
                        "time": 0,
                        "name": "cake_3_"
                    }]
                }
            }
        },
        "cake_4": {
            "slots": {
                "cake": {
                    "attachment": [{
                        "time": 0,
                        "name": "cake_4_"
                    }]
                }
            }
        },
        "cake_5": {
            "slots": {
                "cake": {
                    "attachment": [{
                        "time": 0,
                        "name": "cake_5_"
                    }]
                }
            }
        },
        "cake_6": {
            "slots": {
                "cake": {
                    "attachment": [{
                        "time": 0,
                        "name": "cake_6_"
                    }]
                }
            }
        }
    }
}
