{"skeleton":{"hash":"LmPXOWE2lFOtkUVYp1FFCTYN/HM","spine":"3.7.94","width":0,"height":0,"images":"./images/","audio":"F:/COK项目/Spine工程/翅膀—圣光女神Spine"},"bones":[{"name":"root"},{"name":"chibang_","parent":"root","scaleX":1.25,"scaleY":1.25},{"name":"sg_","parent":"root","scaleX":2,"scaleY":2},{"name":"chibang_2","parent":"root","scaleX":-1.25,"scaleY":1.25},{"name":"sg_2","parent":"root","scaleX":2,"scaleY":2}],"slots":[{"name":"chibang_","bone":"chibang_"},{"name":"chibang_2","bone":"chibang_2"},{"name":"sg_","bone":"sg_"},{"name":"sg_2","bone":"sg_2","color":"ffd08652","blend":"additive"}],"skins":{"default":{"chibang_":{"chibang_00_":{"width":880,"height":880},"chibang_02_":{"width":880,"height":880},"chibang_04_":{"width":880,"height":880},"chibang_06_":{"width":880,"height":880},"chibang_08_":{"width":880,"height":880},"chibang_10_":{"width":880,"height":880},"chibang_12_":{"width":880,"height":880},"chibang_14_":{"width":880,"height":880},"chibang_16_":{"width":880,"height":880}},"chibang_2":{"chibang_00_":{"width":880,"height":880},"chibang_02_":{"width":880,"height":880},"chibang_04_":{"width":880,"height":880},"chibang_06_":{"width":880,"height":880},"chibang_08_":{"width":880,"height":880},"chibang_10_":{"width":880,"height":880},"chibang_12_":{"width":880,"height":880},"chibang_14_":{"width":880,"height":880},"chibang_16_":{"width":880,"height":880}},"sg_":{"sg_02_":{"x":0.5,"y":0.5,"width":425,"height":425},"sg_04_":{"x":0.5,"y":0.5,"width":425,"height":425},"sg_06_":{"x":0.5,"y":0.5,"width":425,"height":425},"sg_08_":{"x":0.5,"y":0.5,"width":425,"height":425},"sg_10_":{"x":0.5,"y":0.5,"width":425,"height":425},"sg_12_":{"x":0.5,"y":0.5,"width":425,"height":425},"sg_14_":{"x":0.5,"y":0.5,"width":425,"height":425},"sg_16_":{"x":0.5,"y":0.5,"width":425,"height":425},"sg_18_":{"x":0.5,"y":0.5,"width":425,"height":425},"sg_20_":{"x":0.5,"y":0.5,"width":425,"height":425},"sg_22_":{"x":0.5,"y":0.5,"width":425,"height":425},"sg_24_":{"x":0.5,"y":0.5,"width":425,"height":425},"sg_26_":{"x":0.5,"y":0.5,"width":425,"height":425},"sg_28_":{"x":0.5,"y":0.5,"width":425,"height":425},"sg_30_":{"x":0.5,"y":0.5,"width":425,"height":425},"sg_32_":{"x":0.5,"y":0.5,"width":425,"height":425},"sg_34_":{"x":0.5,"y":0.5,"width":425,"height":425},"sg_36_":{"x":0.5,"y":0.5,"width":425,"height":425},"sg_38_":{"x":0.5,"y":0.5,"width":425,"height":425},"sg_40_":{"x":0.5,"y":0.5,"width":425,"height":425},"sg_42_":{"x":0.5,"y":0.5,"width":425,"height":425},"sg_44_":{"x":0.5,"y":0.5,"width":425,"height":425},"sg_46_":{"x":0.5,"y":0.5,"width":425,"height":425},"sg_48_":{"x":0.5,"y":0.5,"width":425,"height":425}},"sg_2":{"sg_02_":{"x":0.5,"y":0.5,"width":425,"height":425},"sg_04_":{"x":0.5,"y":0.5,"width":425,"height":425},"sg_06_":{"x":0.5,"y":0.5,"width":425,"height":425},"sg_08_":{"x":0.5,"y":0.5,"width":425,"height":425},"sg_10_":{"x":0.5,"y":0.5,"width":425,"height":425},"sg_12_":{"x":0.5,"y":0.5,"width":425,"height":425},"sg_14_":{"x":0.5,"y":0.5,"width":425,"height":425},"sg_16_":{"x":0.5,"y":0.5,"width":425,"height":425},"sg_18_":{"x":0.5,"y":0.5,"width":425,"height":425},"sg_20_":{"x":0.5,"y":0.5,"width":425,"height":425},"sg_22_":{"x":0.5,"y":0.5,"width":425,"height":425},"sg_24_":{"x":0.5,"y":0.5,"width":425,"height":425},"sg_26_":{"x":0.5,"y":0.5,"width":425,"height":425},"sg_28_":{"x":0.5,"y":0.5,"width":425,"height":425},"sg_30_":{"x":0.5,"y":0.5,"width":425,"height":425},"sg_32_":{"x":0.5,"y":0.5,"width":425,"height":425},"sg_34_":{"x":0.5,"y":0.5,"width":425,"height":425},"sg_36_":{"x":0.5,"y":0.5,"width":425,"height":425},"sg_38_":{"x":0.5,"y":0.5,"width":425,"height":425},"sg_40_":{"x":0.5,"y":0.5,"width":425,"height":425},"sg_42_":{"x":0.5,"y":0.5,"width":425,"height":425},"sg_44_":{"x":0.5,"y":0.5,"width":425,"height":425},"sg_46_":{"x":0.5,"y":0.5,"width":425,"height":425},"sg_48_":{"x":0.5,"y":0.5,"width":425,"height":425}}}},"animations":{"animation":{"slots":{"chibang_":{"attachment":[{"time":0,"name":"chibang_00_"},{"time":0.0667,"name":"chibang_02_"},{"time":0.1333,"name":"chibang_04_"},{"time":0.2,"name":"chibang_06_"},{"time":0.2667,"name":"chibang_08_"},{"time":0.3333,"name":"chibang_10_"},{"time":0.4,"name":"chibang_12_"},{"time":0.4667,"name":"chibang_14_"},{"time":0.5333,"name":"chibang_16_"},{"time":0.6,"name":null},{"time":1.6,"name":null}]},"chibang_2":{"attachment":[{"time":0,"name":"chibang_00_"},{"time":0.0667,"name":"chibang_02_"},{"time":0.1333,"name":"chibang_04_"},{"time":0.2,"name":"chibang_06_"},{"time":0.2667,"name":"chibang_08_"},{"time":0.3333,"name":"chibang_10_"},{"time":0.4,"name":"chibang_12_"},{"time":0.4667,"name":"chibang_14_"},{"time":0.5333,"name":"chibang_16_"},{"time":0.6,"name":null},{"time":1.6,"name":null}]},"sg_":{"attachment":[{"time":0,"name":"sg_02_"},{"time":0.0667,"name":"sg_04_"},{"time":0.1333,"name":"sg_06_"},{"time":0.2,"name":"sg_08_"},{"time":0.2667,"name":"sg_10_"},{"time":0.3333,"name":"sg_12_"},{"time":0.4,"name":"sg_14_"},{"time":0.4667,"name":"sg_16_"},{"time":0.5333,"name":"sg_18_"},{"time":0.6,"name":"sg_20_"},{"time":0.6667,"name":"sg_22_"},{"time":0.7333,"name":"sg_24_"},{"time":0.8,"name":"sg_26_"},{"time":0.8667,"name":"sg_28_"},{"time":0.9333,"name":"sg_30_"},{"time":1,"name":"sg_32_"},{"time":1.0667,"name":"sg_34_"},{"time":1.1333,"name":"sg_36_"},{"time":1.2,"name":"sg_38_"},{"time":1.2667,"name":"sg_40_"},{"time":1.3333,"name":"sg_42_"},{"time":1.4,"name":"sg_44_"},{"time":1.4667,"name":"sg_46_"},{"time":1.5333,"name":"sg_48_"},{"time":1.6,"name":null}]},"sg_2":{"color":[{"time":0,"color":"ffcf8614"}],"attachment":[{"time":0,"name":"sg_02_"},{"time":0.0667,"name":"sg_04_"},{"time":0.1333,"name":"sg_06_"},{"time":0.2,"name":"sg_08_"},{"time":0.2667,"name":"sg_10_"},{"time":0.3333,"name":"sg_12_"},{"time":0.4,"name":"sg_14_"},{"time":0.4667,"name":"sg_16_"},{"time":0.5333,"name":"sg_18_"},{"time":0.6,"name":"sg_20_"},{"time":0.6667,"name":"sg_22_"},{"time":0.7333,"name":"sg_24_"},{"time":0.8,"name":"sg_26_"},{"time":0.8667,"name":"sg_28_"},{"time":0.9333,"name":"sg_30_"},{"time":1,"name":"sg_32_"},{"time":1.0667,"name":"sg_34_"},{"time":1.1333,"name":"sg_36_"},{"time":1.2,"name":"sg_38_"},{"time":1.2667,"name":"sg_40_"},{"time":1.3333,"name":"sg_42_"},{"time":1.4,"name":"sg_44_"},{"time":1.4667,"name":"sg_46_"},{"time":1.5333,"name":"sg_48_"},{"time":1.6,"name":null}]}},"bones":{"chibang_":{"translate":[{"time":0,"x":-231.1,"y":217.27}]},"sg_":{"translate":[{"time":0,"x":0,"y":252.75}]},"chibang_2":{"translate":[{"time":0,"x":231.1,"y":217.27}]},"sg_2":{"translate":[{"time":0,"x":0,"y":252.75}]}}}}}