{
"skeleton": { "hash": "MWYoXM60C95FTOuX87Finw1zVIc", "spine": "3.7.94", "width": 800, "height": 700, "images": "./images/", "audio": "E:/外发/2023/盲盒-德尔掷油兵/裁图/deer_djxx_group" },
"bones": [
	{ "name": "root" },
	{ "name": "ctr", "parent": "root", "x": -40, "y": 97, "scaleX": 1.25, "scaleY": 1.25 },
	{ "name": "deerdjxx_UL_", "parent": "ctr" },
	{ "name": "deerdjxx_UR_", "parent": "ctr" },
	{ "name": "deerdjxx_DL_", "parent": "ctr" },
	{ "name": "deerdjxx_DR_", "parent": "ctr" }
],
"slots": [
	{ "name": "deerdjxx_UL_", "bone": "deerdjxx_UL_", "attachment": "deerdjxx_UL_000_" },
	{ "name": "deerdjxx_UR_", "bone": "deerdjxx_UR_", "attachment": "deerdjxx_UR_000_" },
	{ "name": "deerdjxx_DL_", "bone": "deerdjxx_DL_", "attachment": "deerdjxx_DL_000_" },
	{ "name": "deerdjxx_DR_", "bone": "deerdjxx_DR_", "attachment": "deerdjxx_DR_000_" }
],
"skins": {
	"default": {
		"deerdjxx_DL_": {
			"deerdjxx_DL_000_": { "x": -45.5, "y": -159, "width": 91, "height": 318 },
			"deerdjxx_DL_003_": { "x": -45.5, "y": -159, "width": 91, "height": 318 },
			"deerdjxx_DL_006_": { "x": -45.5, "y": -159, "width": 91, "height": 318 },
			"deerdjxx_DL_009_": { "x": -45.5, "y": -159, "width": 91, "height": 318 },
			"deerdjxx_DL_012_": { "x": -45.5, "y": -159, "width": 91, "height": 318 },
			"deerdjxx_DL_015_": { "x": -45.5, "y": -159, "width": 91, "height": 318 },
			"deerdjxx_DL_018_": { "x": -45.5, "y": -159, "width": 91, "height": 318 },
			"deerdjxx_DL_021_": { "x": -45.5, "y": -159, "width": 91, "height": 318 },
			"deerdjxx_DL_024_": { "x": -45.5, "y": -159, "width": 91, "height": 318 },
			"deerdjxx_DL_027_": { "x": -45.5, "y": -159, "width": 91, "height": 318 },
			"deerdjxx_DL_030_": { "x": -45.5, "y": -159, "width": 91, "height": 318 },
			"deerdjxx_DL_033_": { "x": -45.5, "y": -159, "width": 91, "height": 318 },
			"deerdjxx_DL_036_": { "x": -45.5, "y": -159, "width": 91, "height": 318 },
			"deerdjxx_DL_039_": { "x": -45.5, "y": -159, "width": 91, "height": 318 },
			"deerdjxx_DL_042_": { "x": -45.5, "y": -159, "width": 91, "height": 318 },
			"deerdjxx_DL_045_": { "x": -45.5, "y": -159, "width": 91, "height": 318 },
			"deerdjxx_DL_048_": { "x": -45.5, "y": -159, "width": 91, "height": 318 },
			"deerdjxx_DL_051_": { "x": -45.5, "y": -159, "width": 91, "height": 318 },
			"deerdjxx_DL_054_": { "x": -45.5, "y": -159, "width": 91, "height": 318 },
			"deerdjxx_DL_057_": { "x": -45.5, "y": -159, "width": 91, "height": 318 },
			"deerdjxx_DL_060_": { "x": -45.5, "y": -159, "width": 91, "height": 318 },
			"deerdjxx_DL_063_": { "x": -45.5, "y": -159, "width": 91, "height": 318 },
			"deerdjxx_DL_066_": { "x": -45.5, "y": -159, "width": 91, "height": 318 },
			"deerdjxx_DL_069_": { "x": -45.5, "y": -159, "width": 91, "height": 318 },
			"deerdjxx_DL_072_": { "x": -45.5, "y": -159, "width": 91, "height": 318 },
			"deerdjxx_DL_075_": { "x": -45.5, "y": -159, "width": 91, "height": 318 },
			"deerdjxx_DL_078_": { "x": -45.5, "y": -159, "width": 91, "height": 318 },
			"deerdjxx_DL_081_": { "x": -45.5, "y": -159, "width": 91, "height": 318 },
			"deerdjxx_DL_084_": { "x": -45.5, "y": -159, "width": 91, "height": 318 },
			"deerdjxx_DL_087_": { "x": -45.5, "y": -159, "width": 91, "height": 318 },
			"deerdjxx_DL_090_": { "x": -45.5, "y": -159, "width": 91, "height": 318 },
			"deerdjxx_DL_093_": { "x": -45.5, "y": -159, "width": 91, "height": 318 },
			"deerdjxx_DL_096_": { "x": -45.5, "y": -159, "width": 91, "height": 318 },
			"deerdjxx_DL_099_": { "x": -45.5, "y": -159, "width": 91, "height": 318 },
			"deerdjxx_DL_102_": { "x": -45.5, "y": -159, "width": 91, "height": 318 },
			"deerdjxx_DL_105_": { "x": -45.5, "y": -159, "width": 91, "height": 318 },
			"deerdjxx_DL_108_": { "x": -45.5, "y": -159, "width": 91, "height": 318 },
			"deerdjxx_DL_111_": { "x": -45.5, "y": -159, "width": 91, "height": 318 },
			"deerdjxx_DL_114_": { "x": -45.5, "y": -159, "width": 91, "height": 318 },
			"deerdjxx_DL_117_": { "x": -45.5, "y": -159, "width": 91, "height": 318 },
			"deerdjxx_DL_120_": { "x": -45.5, "y": -159, "width": 91, "height": 318 },
			"deerdjxx_DL_123_": { "x": -45.5, "y": -159, "width": 91, "height": 318 },
			"deerdjxx_DL_126_": { "x": -45.5, "y": -159, "width": 91, "height": 318 },
			"deerdjxx_DL_129_": { "x": -45.5, "y": -159, "width": 91, "height": 318 },
			"deerdjxx_DL_132_": { "x": -45.5, "y": -159, "width": 91, "height": 318 },
			"deerdjxx_DL_135_": { "x": -45.5, "y": -159, "width": 91, "height": 318 },
			"deerdjxx_DL_138_": { "x": -45.5, "y": -159, "width": 91, "height": 318 },
			"deerdjxx_DL_141_": { "x": -45.5, "y": -159, "width": 91, "height": 318 },
			"deerdjxx_DL_144_": { "x": -45.5, "y": -159, "width": 91, "height": 318 },
			"deerdjxx_DL_147_": { "x": -45.5, "y": -159, "width": 91, "height": 318 },
			"deerdjxx_DL_150_": { "x": -45.5, "y": -159, "width": 91, "height": 318 },
			"deerdjxx_DL_153_": { "x": -45.5, "y": -159, "width": 91, "height": 318 },
			"deerdjxx_DL_156_": { "x": -45.5, "y": -159, "width": 91, "height": 318 },
			"deerdjxx_DL_159_": { "x": -45.5, "y": -159, "width": 91, "height": 318 },
			"deerdjxx_DL_162_": { "x": -45.5, "y": -159, "width": 91, "height": 318 },
			"deerdjxx_DL_165_": { "x": -45.5, "y": -159, "width": 91, "height": 318 },
			"deerdjxx_DL_168_": { "x": -45.5, "y": -159, "width": 91, "height": 318 },
			"deerdjxx_DL_171_": { "x": -45.5, "y": -159, "width": 91, "height": 318 },
			"deerdjxx_DL_174_": { "x": -45.5, "y": -159, "width": 91, "height": 318 },
			"deerdjxx_DL_177_": { "x": -45.5, "y": -159, "width": 91, "height": 318 },
			"deerdjxx_DL_180_": { "x": -45.5, "y": -159, "width": 91, "height": 318 },
			"deerdjxx_DL_183_": { "x": -45.5, "y": -159, "width": 91, "height": 318 },
			"deerdjxx_DL_186_": { "x": -45.5, "y": -159, "width": 91, "height": 318 },
			"deerdjxx_DL_189_": { "x": -45.5, "y": -159, "width": 91, "height": 318 },
			"deerdjxx_DL_192_": { "x": -45.5, "y": -159, "width": 91, "height": 318 },
			"deerdjxx_DL_193_": { "x": -45.5, "y": -159, "width": 91, "height": 318 },
			"deerdjxx_DL_194_": { "x": -45.5, "y": -159, "width": 91, "height": 318 }
		},
		"deerdjxx_DR_": {
			"deerdjxx_DR_000_": { "x": 274.5, "y": -159, "width": 549, "height": 318 },
			"deerdjxx_DR_003_": { "x": 274.5, "y": -159, "width": 549, "height": 318 },
			"deerdjxx_DR_006_": { "x": 274.5, "y": -159, "width": 549, "height": 318 },
			"deerdjxx_DR_009_": { "x": 274.5, "y": -159, "width": 549, "height": 318 },
			"deerdjxx_DR_012_": { "x": 274.5, "y": -159, "width": 549, "height": 318 },
			"deerdjxx_DR_015_": { "x": 274.5, "y": -159, "width": 549, "height": 318 },
			"deerdjxx_DR_018_": { "x": 274.5, "y": -159, "width": 549, "height": 318 },
			"deerdjxx_DR_021_": { "x": 274.5, "y": -159, "width": 549, "height": 318 },
			"deerdjxx_DR_024_": { "x": 274.5, "y": -159, "width": 549, "height": 318 },
			"deerdjxx_DR_027_": { "x": 274.5, "y": -159, "width": 549, "height": 318 },
			"deerdjxx_DR_030_": { "x": 274.5, "y": -159, "width": 549, "height": 318 },
			"deerdjxx_DR_033_": { "x": 274.5, "y": -159, "width": 549, "height": 318 },
			"deerdjxx_DR_036_": { "x": 274.5, "y": -159, "width": 549, "height": 318 },
			"deerdjxx_DR_039_": { "x": 274.5, "y": -159, "width": 549, "height": 318 },
			"deerdjxx_DR_042_": { "x": 274.5, "y": -159, "width": 549, "height": 318 },
			"deerdjxx_DR_045_": { "x": 274.5, "y": -159, "width": 549, "height": 318 },
			"deerdjxx_DR_048_": { "x": 274.5, "y": -159, "width": 549, "height": 318 },
			"deerdjxx_DR_051_": { "x": 274.5, "y": -159, "width": 549, "height": 318 },
			"deerdjxx_DR_054_": { "x": 274.5, "y": -159, "width": 549, "height": 318 },
			"deerdjxx_DR_057_": { "x": 274.5, "y": -159, "width": 549, "height": 318 },
			"deerdjxx_DR_060_": { "x": 274.5, "y": -159, "width": 549, "height": 318 },
			"deerdjxx_DR_063_": { "x": 274.5, "y": -159, "width": 549, "height": 318 },
			"deerdjxx_DR_066_": { "x": 274.5, "y": -159, "width": 549, "height": 318 },
			"deerdjxx_DR_069_": { "x": 274.5, "y": -159, "width": 549, "height": 318 },
			"deerdjxx_DR_072_": { "x": 274.5, "y": -159, "width": 549, "height": 318 },
			"deerdjxx_DR_075_": { "x": 274.5, "y": -159, "width": 549, "height": 318 },
			"deerdjxx_DR_078_": { "x": 274.5, "y": -159, "width": 549, "height": 318 },
			"deerdjxx_DR_081_": { "x": 274.5, "y": -159, "width": 549, "height": 318 },
			"deerdjxx_DR_084_": { "x": 274.5, "y": -159, "width": 549, "height": 318 },
			"deerdjxx_DR_087_": { "x": 274.5, "y": -159, "width": 549, "height": 318 },
			"deerdjxx_DR_090_": { "x": 274.5, "y": -159, "width": 549, "height": 318 },
			"deerdjxx_DR_093_": { "x": 274.5, "y": -159, "width": 549, "height": 318 },
			"deerdjxx_DR_096_": { "x": 274.5, "y": -159, "width": 549, "height": 318 },
			"deerdjxx_DR_099_": { "x": 274.5, "y": -159, "width": 549, "height": 318 },
			"deerdjxx_DR_102_": { "x": 274.5, "y": -159, "width": 549, "height": 318 },
			"deerdjxx_DR_105_": { "x": 274.5, "y": -159, "width": 549, "height": 318 },
			"deerdjxx_DR_108_": { "x": 274.5, "y": -159, "width": 549, "height": 318 },
			"deerdjxx_DR_111_": { "x": 274.5, "y": -159, "width": 549, "height": 318 },
			"deerdjxx_DR_114_": { "x": 274.5, "y": -159, "width": 549, "height": 318 },
			"deerdjxx_DR_117_": { "x": 274.5, "y": -159, "width": 549, "height": 318 },
			"deerdjxx_DR_120_": { "x": 274.5, "y": -159, "width": 549, "height": 318 },
			"deerdjxx_DR_123_": { "x": 274.5, "y": -159, "width": 549, "height": 318 },
			"deerdjxx_DR_126_": { "x": 274.5, "y": -159, "width": 549, "height": 318 },
			"deerdjxx_DR_129_": { "x": 274.5, "y": -159, "width": 549, "height": 318 },
			"deerdjxx_DR_132_": { "x": 274.5, "y": -159, "width": 549, "height": 318 },
			"deerdjxx_DR_135_": { "x": 274.5, "y": -159, "width": 549, "height": 318 },
			"deerdjxx_DR_138_": { "x": 274.5, "y": -159, "width": 549, "height": 318 },
			"deerdjxx_DR_141_": { "x": 274.5, "y": -159, "width": 549, "height": 318 },
			"deerdjxx_DR_144_": { "x": 274.5, "y": -159, "width": 549, "height": 318 },
			"deerdjxx_DR_147_": { "x": 274.5, "y": -159, "width": 549, "height": 318 },
			"deerdjxx_DR_150_": { "x": 274.5, "y": -159, "width": 549, "height": 318 },
			"deerdjxx_DR_153_": { "x": 274.5, "y": -159, "width": 549, "height": 318 },
			"deerdjxx_DR_156_": { "x": 274.5, "y": -159, "width": 549, "height": 318 },
			"deerdjxx_DR_159_": { "x": 274.5, "y": -159, "width": 549, "height": 318 },
			"deerdjxx_DR_162_": { "x": 274.5, "y": -159, "width": 549, "height": 318 },
			"deerdjxx_DR_165_": { "x": 274.5, "y": -159, "width": 549, "height": 318 },
			"deerdjxx_DR_168_": { "x": 274.5, "y": -159, "width": 549, "height": 318 },
			"deerdjxx_DR_171_": { "x": 274.5, "y": -159, "width": 549, "height": 318 },
			"deerdjxx_DR_174_": { "x": 274.5, "y": -159, "width": 549, "height": 318 },
			"deerdjxx_DR_177_": { "x": 274.5, "y": -159, "width": 549, "height": 318 },
			"deerdjxx_DR_180_": { "x": 274.5, "y": -159, "width": 549, "height": 318 },
			"deerdjxx_DR_183_": { "x": 274.5, "y": -159, "width": 549, "height": 318 },
			"deerdjxx_DR_186_": { "x": 274.5, "y": -159, "width": 549, "height": 318 },
			"deerdjxx_DR_189_": { "x": 274.5, "y": -159, "width": 549, "height": 318 },
			"deerdjxx_DR_192_": { "x": 274.5, "y": -159, "width": 549, "height": 318 },
			"deerdjxx_DR_193_": { "x": 274.5, "y": -159, "width": 549, "height": 318 },
			"deerdjxx_DR_194_": { "x": 274.5, "y": -159, "width": 549, "height": 318 }
		},
		"deerdjxx_UL_": {
			"deerdjxx_UL_000_": { "x": -45.5, "y": 121, "width": 91, "height": 242 },
			"deerdjxx_UL_003_": { "x": -45.5, "y": 121, "width": 91, "height": 242 },
			"deerdjxx_UL_006_": { "x": -45.5, "y": 121, "width": 91, "height": 242 },
			"deerdjxx_UL_009_": { "x": -45.5, "y": 121, "width": 91, "height": 242 },
			"deerdjxx_UL_012_": { "x": -45.5, "y": 121, "width": 91, "height": 242 },
			"deerdjxx_UL_015_": { "x": -45.5, "y": 121, "width": 91, "height": 242 },
			"deerdjxx_UL_018_": { "x": -45.5, "y": 121, "width": 91, "height": 242 },
			"deerdjxx_UL_021_": { "x": -45.5, "y": 121, "width": 91, "height": 242 },
			"deerdjxx_UL_024_": { "x": -45.5, "y": 121, "width": 91, "height": 242 },
			"deerdjxx_UL_027_": { "x": -45.5, "y": 121, "width": 91, "height": 242 },
			"deerdjxx_UL_030_": { "x": -45.5, "y": 121, "width": 91, "height": 242 },
			"deerdjxx_UL_033_": { "x": -45.5, "y": 121, "width": 91, "height": 242 },
			"deerdjxx_UL_036_": { "x": -45.5, "y": 121, "width": 91, "height": 242 },
			"deerdjxx_UL_039_": { "x": -45.5, "y": 121, "width": 91, "height": 242 },
			"deerdjxx_UL_042_": { "x": -45.5, "y": 121, "width": 91, "height": 242 },
			"deerdjxx_UL_045_": { "x": -45.5, "y": 121, "width": 91, "height": 242 },
			"deerdjxx_UL_048_": { "x": -45.5, "y": 121, "width": 91, "height": 242 },
			"deerdjxx_UL_051_": { "x": -45.5, "y": 121, "width": 91, "height": 242 },
			"deerdjxx_UL_054_": { "x": -45.5, "y": 121, "width": 91, "height": 242 },
			"deerdjxx_UL_057_": { "x": -45.5, "y": 121, "width": 91, "height": 242 },
			"deerdjxx_UL_060_": { "x": -45.5, "y": 121, "width": 91, "height": 242 },
			"deerdjxx_UL_063_": { "x": -45.5, "y": 121, "width": 91, "height": 242 },
			"deerdjxx_UL_066_": { "x": -45.5, "y": 121, "width": 91, "height": 242 },
			"deerdjxx_UL_069_": { "x": -45.5, "y": 121, "width": 91, "height": 242 },
			"deerdjxx_UL_072_": { "x": -45.5, "y": 121, "width": 91, "height": 242 },
			"deerdjxx_UL_075_": { "x": -45.5, "y": 121, "width": 91, "height": 242 },
			"deerdjxx_UL_078_": { "x": -45.5, "y": 121, "width": 91, "height": 242 },
			"deerdjxx_UL_081_": { "x": -45.5, "y": 121, "width": 91, "height": 242 },
			"deerdjxx_UL_084_": { "x": -45.5, "y": 121, "width": 91, "height": 242 },
			"deerdjxx_UL_087_": { "x": -45.5, "y": 121, "width": 91, "height": 242 },
			"deerdjxx_UL_090_": { "x": -45.5, "y": 121, "width": 91, "height": 242 },
			"deerdjxx_UL_093_": { "x": -45.5, "y": 121, "width": 91, "height": 242 },
			"deerdjxx_UL_096_": { "x": -45.5, "y": 121, "width": 91, "height": 242 },
			"deerdjxx_UL_099_": { "x": -45.5, "y": 121, "width": 91, "height": 242 },
			"deerdjxx_UL_102_": { "x": -45.5, "y": 121, "width": 91, "height": 242 },
			"deerdjxx_UL_105_": { "x": -45.5, "y": 121, "width": 91, "height": 242 },
			"deerdjxx_UL_108_": { "x": -45.5, "y": 121, "width": 91, "height": 242 },
			"deerdjxx_UL_111_": { "x": -45.5, "y": 121, "width": 91, "height": 242 },
			"deerdjxx_UL_114_": { "x": -45.5, "y": 121, "width": 91, "height": 242 },
			"deerdjxx_UL_117_": { "x": -45.5, "y": 121, "width": 91, "height": 242 },
			"deerdjxx_UL_120_": { "x": -45.5, "y": 121, "width": 91, "height": 242 },
			"deerdjxx_UL_123_": { "x": -45.5, "y": 121, "width": 91, "height": 242 },
			"deerdjxx_UL_126_": { "x": -45.5, "y": 121, "width": 91, "height": 242 },
			"deerdjxx_UL_129_": { "x": -45.5, "y": 121, "width": 91, "height": 242 },
			"deerdjxx_UL_132_": { "x": -45.5, "y": 121, "width": 91, "height": 242 },
			"deerdjxx_UL_135_": { "x": -45.5, "y": 121, "width": 91, "height": 242 },
			"deerdjxx_UL_138_": { "x": -45.5, "y": 121, "width": 91, "height": 242 },
			"deerdjxx_UL_141_": { "x": -45.5, "y": 121, "width": 91, "height": 242 },
			"deerdjxx_UL_144_": { "x": -45.5, "y": 121, "width": 91, "height": 242 },
			"deerdjxx_UL_147_": { "x": -45.5, "y": 121, "width": 91, "height": 242 },
			"deerdjxx_UL_150_": { "x": -45.5, "y": 121, "width": 91, "height": 242 },
			"deerdjxx_UL_153_": { "x": -45.5, "y": 121, "width": 91, "height": 242 },
			"deerdjxx_UL_156_": { "x": -45.5, "y": 121, "width": 91, "height": 242 },
			"deerdjxx_UL_159_": { "x": -45.5, "y": 121, "width": 91, "height": 242 },
			"deerdjxx_UL_162_": { "x": -45.5, "y": 121, "width": 91, "height": 242 },
			"deerdjxx_UL_165_": { "x": -45.5, "y": 121, "width": 91, "height": 242 },
			"deerdjxx_UL_168_": { "x": -45.5, "y": 121, "width": 91, "height": 242 },
			"deerdjxx_UL_171_": { "x": -45.5, "y": 121, "width": 91, "height": 242 },
			"deerdjxx_UL_174_": { "x": -45.5, "y": 121, "width": 91, "height": 242 },
			"deerdjxx_UL_177_": { "x": -45.5, "y": 121, "width": 91, "height": 242 },
			"deerdjxx_UL_180_": { "x": -45.5, "y": 121, "width": 91, "height": 242 },
			"deerdjxx_UL_183_": { "x": -45.5, "y": 121, "width": 91, "height": 242 },
			"deerdjxx_UL_186_": { "x": -45.5, "y": 121, "width": 91, "height": 242 },
			"deerdjxx_UL_189_": { "x": -45.5, "y": 121, "width": 91, "height": 242 },
			"deerdjxx_UL_192_": { "x": -45.5, "y": 121, "width": 91, "height": 242 },
			"deerdjxx_UL_193_": { "x": -45.5, "y": 121, "width": 91, "height": 242 },
			"deerdjxx_UL_194_": { "x": -45.5, "y": 121, "width": 91, "height": 242 }
		},
		"deerdjxx_UR_": {
			"deerdjxx_UR_000_": { "x": 274.5, "y": 121, "width": 549, "height": 242 },
			"deerdjxx_UR_003_": { "x": 274.5, "y": 121, "width": 549, "height": 242 },
			"deerdjxx_UR_006_": { "x": 274.5, "y": 121, "width": 549, "height": 242 },
			"deerdjxx_UR_009_": { "x": 274.5, "y": 121, "width": 549, "height": 242 },
			"deerdjxx_UR_012_": { "x": 274.5, "y": 121, "width": 549, "height": 242 },
			"deerdjxx_UR_015_": { "x": 274.5, "y": 121, "width": 549, "height": 242 },
			"deerdjxx_UR_018_": { "x": 274.5, "y": 121, "width": 549, "height": 242 },
			"deerdjxx_UR_021_": { "x": 274.5, "y": 121, "width": 549, "height": 242 },
			"deerdjxx_UR_024_": { "x": 274.5, "y": 121, "width": 549, "height": 242 },
			"deerdjxx_UR_027_": { "x": 274.5, "y": 121, "width": 549, "height": 242 },
			"deerdjxx_UR_030_": { "x": 274.5, "y": 121, "width": 549, "height": 242 },
			"deerdjxx_UR_033_": { "x": 274.5, "y": 121, "width": 549, "height": 242 },
			"deerdjxx_UR_036_": { "x": 274.5, "y": 121, "width": 549, "height": 242 },
			"deerdjxx_UR_039_": { "x": 274.5, "y": 121, "width": 549, "height": 242 },
			"deerdjxx_UR_042_": { "x": 274.5, "y": 121, "width": 549, "height": 242 },
			"deerdjxx_UR_045_": { "x": 274.5, "y": 121, "width": 549, "height": 242 },
			"deerdjxx_UR_048_": { "x": 274.5, "y": 121, "width": 549, "height": 242 },
			"deerdjxx_UR_051_": { "x": 274.5, "y": 121, "width": 549, "height": 242 },
			"deerdjxx_UR_054_": { "x": 274.5, "y": 121, "width": 549, "height": 242 },
			"deerdjxx_UR_057_": { "x": 274.5, "y": 121, "width": 549, "height": 242 },
			"deerdjxx_UR_060_": { "x": 274.5, "y": 121, "width": 549, "height": 242 },
			"deerdjxx_UR_063_": { "x": 274.5, "y": 121, "width": 549, "height": 242 },
			"deerdjxx_UR_066_": { "x": 274.5, "y": 121, "width": 549, "height": 242 },
			"deerdjxx_UR_069_": { "x": 274.5, "y": 121, "width": 549, "height": 242 },
			"deerdjxx_UR_072_": { "x": 274.5, "y": 121, "width": 549, "height": 242 },
			"deerdjxx_UR_075_": { "x": 274.5, "y": 121, "width": 549, "height": 242 },
			"deerdjxx_UR_078_": { "x": 274.5, "y": 121, "width": 549, "height": 242 },
			"deerdjxx_UR_081_": { "x": 274.5, "y": 121, "width": 549, "height": 242 },
			"deerdjxx_UR_084_": { "x": 274.5, "y": 121, "width": 549, "height": 242 },
			"deerdjxx_UR_087_": { "x": 274.5, "y": 121, "width": 549, "height": 242 },
			"deerdjxx_UR_090_": { "x": 274.5, "y": 121, "width": 549, "height": 242 },
			"deerdjxx_UR_093_": { "x": 274.5, "y": 121, "width": 549, "height": 242 },
			"deerdjxx_UR_096_": { "x": 274.5, "y": 121, "width": 549, "height": 242 },
			"deerdjxx_UR_099_": { "x": 274.5, "y": 121, "width": 549, "height": 242 },
			"deerdjxx_UR_102_": { "x": 274.5, "y": 121, "width": 549, "height": 242 },
			"deerdjxx_UR_105_": { "x": 274.5, "y": 121, "width": 549, "height": 242 },
			"deerdjxx_UR_108_": { "x": 274.5, "y": 121, "width": 549, "height": 242 },
			"deerdjxx_UR_111_": { "x": 274.5, "y": 121, "width": 549, "height": 242 },
			"deerdjxx_UR_114_": { "x": 274.5, "y": 121, "width": 549, "height": 242 },
			"deerdjxx_UR_117_": { "x": 274.5, "y": 121, "width": 549, "height": 242 },
			"deerdjxx_UR_120_": { "x": 274.5, "y": 121, "width": 549, "height": 242 },
			"deerdjxx_UR_123_": { "x": 274.5, "y": 121, "width": 549, "height": 242 },
			"deerdjxx_UR_126_": { "x": 274.5, "y": 121, "width": 549, "height": 242 },
			"deerdjxx_UR_129_": { "x": 274.5, "y": 121, "width": 549, "height": 242 },
			"deerdjxx_UR_132_": { "x": 274.5, "y": 121, "width": 549, "height": 242 },
			"deerdjxx_UR_135_": { "x": 274.5, "y": 121, "width": 549, "height": 242 },
			"deerdjxx_UR_138_": { "x": 274.5, "y": 121, "width": 549, "height": 242 },
			"deerdjxx_UR_141_": { "x": 274.5, "y": 121, "width": 549, "height": 242 },
			"deerdjxx_UR_144_": { "x": 274.5, "y": 121, "width": 549, "height": 242 },
			"deerdjxx_UR_147_": { "x": 274.5, "y": 121, "width": 549, "height": 242 },
			"deerdjxx_UR_150_": { "x": 274.5, "y": 121, "width": 549, "height": 242 },
			"deerdjxx_UR_153_": { "x": 274.5, "y": 121, "width": 549, "height": 242 },
			"deerdjxx_UR_156_": { "x": 274.5, "y": 121, "width": 549, "height": 242 },
			"deerdjxx_UR_159_": { "x": 274.5, "y": 121, "width": 549, "height": 242 },
			"deerdjxx_UR_162_": { "x": 274.5, "y": 121, "width": 549, "height": 242 },
			"deerdjxx_UR_165_": { "x": 274.5, "y": 121, "width": 549, "height": 242 },
			"deerdjxx_UR_168_": { "x": 274.5, "y": 121, "width": 549, "height": 242 },
			"deerdjxx_UR_171_": { "x": 274.5, "y": 121, "width": 549, "height": 242 },
			"deerdjxx_UR_174_": { "x": 274.5, "y": 121, "width": 549, "height": 242 },
			"deerdjxx_UR_177_": { "x": 274.5, "y": 121, "width": 549, "height": 242 },
			"deerdjxx_UR_180_": { "x": 274.5, "y": 121, "width": 549, "height": 242 },
			"deerdjxx_UR_183_": { "x": 274.5, "y": 121, "width": 549, "height": 242 },
			"deerdjxx_UR_186_": { "x": 274.5, "y": 121, "width": 549, "height": 242 },
			"deerdjxx_UR_189_": { "x": 274.5, "y": 121, "width": 549, "height": 242 },
			"deerdjxx_UR_192_": { "x": 274.5, "y": 121, "width": 549, "height": 242 },
			"deerdjxx_UR_193_": { "x": 274.5, "y": 121, "width": 549, "height": 242 },
			"deerdjxx_UR_194_": { "x": 274.5, "y": 121, "width": 549, "height": 242 }
		}
	}
},
"animations": {
	"animation": {
		"slots": {
			"deerdjxx_DL_": {
				"attachment": [
					{ "time": 0, "name": "deerdjxx_DL_000_" },
					{ "time": 0.1, "name": "deerdjxx_DL_003_" },
					{ "time": 0.2, "name": "deerdjxx_DL_006_" },
					{ "time": 0.3, "name": "deerdjxx_DL_009_" },
					{ "time": 0.4, "name": "deerdjxx_DL_012_" },
					{ "time": 0.5, "name": "deerdjxx_DL_015_" },
					{ "time": 0.6, "name": "deerdjxx_DL_018_" },
					{ "time": 0.7, "name": "deerdjxx_DL_021_" },
					{ "time": 0.8, "name": "deerdjxx_DL_024_" },
					{ "time": 0.9, "name": "deerdjxx_DL_027_" },
					{ "time": 1, "name": "deerdjxx_DL_030_" },
					{ "time": 1.1, "name": "deerdjxx_DL_033_" },
					{ "time": 1.2, "name": "deerdjxx_DL_036_" },
					{ "time": 1.3, "name": "deerdjxx_DL_039_" },
					{ "time": 1.4, "name": "deerdjxx_DL_042_" },
					{ "time": 1.5, "name": "deerdjxx_DL_045_" },
					{ "time": 1.6, "name": "deerdjxx_DL_048_" },
					{ "time": 1.7, "name": "deerdjxx_DL_051_" },
					{ "time": 1.8, "name": "deerdjxx_DL_054_" },
					{ "time": 1.9, "name": "deerdjxx_DL_057_" },
					{ "time": 2, "name": "deerdjxx_DL_060_" },
					{ "time": 2.1, "name": "deerdjxx_DL_063_" },
					{ "time": 2.2, "name": "deerdjxx_DL_066_" },
					{ "time": 2.3, "name": "deerdjxx_DL_069_" },
					{ "time": 2.4, "name": "deerdjxx_DL_072_" },
					{ "time": 2.5, "name": "deerdjxx_DL_075_" },
					{ "time": 2.6, "name": "deerdjxx_DL_078_" },
					{ "time": 2.7, "name": "deerdjxx_DL_081_" },
					{ "time": 2.8, "name": "deerdjxx_DL_084_" },
					{ "time": 2.9, "name": "deerdjxx_DL_087_" },
					{ "time": 3, "name": "deerdjxx_DL_090_" },
					{ "time": 3.1, "name": "deerdjxx_DL_093_" },
					{ "time": 3.2, "name": "deerdjxx_DL_096_" },
					{ "time": 3.3, "name": "deerdjxx_DL_099_" },
					{ "time": 3.4, "name": "deerdjxx_DL_102_" },
					{ "time": 3.5, "name": "deerdjxx_DL_105_" },
					{ "time": 3.6, "name": "deerdjxx_DL_108_" },
					{ "time": 3.7, "name": "deerdjxx_DL_111_" },
					{ "time": 3.8, "name": "deerdjxx_DL_114_" },
					{ "time": 3.9, "name": "deerdjxx_DL_117_" },
					{ "time": 4, "name": "deerdjxx_DL_120_" },
					{ "time": 4.1, "name": "deerdjxx_DL_123_" },
					{ "time": 4.2, "name": "deerdjxx_DL_126_" },
					{ "time": 4.3, "name": "deerdjxx_DL_129_" },
					{ "time": 4.4, "name": "deerdjxx_DL_132_" },
					{ "time": 4.5, "name": "deerdjxx_DL_135_" },
					{ "time": 4.6, "name": "deerdjxx_DL_138_" },
					{ "time": 4.7, "name": "deerdjxx_DL_141_" },
					{ "time": 4.8, "name": "deerdjxx_DL_144_" },
					{ "time": 4.9, "name": "deerdjxx_DL_147_" },
					{ "time": 5, "name": "deerdjxx_DL_150_" },
					{ "time": 5.1, "name": "deerdjxx_DL_153_" },
					{ "time": 5.2, "name": "deerdjxx_DL_156_" },
					{ "time": 5.3, "name": "deerdjxx_DL_159_" },
					{ "time": 5.4, "name": "deerdjxx_DL_162_" },
					{ "time": 5.5, "name": "deerdjxx_DL_165_" },
					{ "time": 5.6, "name": "deerdjxx_DL_168_" },
					{ "time": 5.7, "name": "deerdjxx_DL_171_" },
					{ "time": 5.8, "name": "deerdjxx_DL_174_" },
					{ "time": 5.9, "name": "deerdjxx_DL_177_" },
					{ "time": 6, "name": "deerdjxx_DL_180_" },
					{ "time": 6.1, "name": "deerdjxx_DL_183_" },
					{ "time": 6.2, "name": "deerdjxx_DL_186_" },
					{ "time": 6.3, "name": "deerdjxx_DL_189_" },
					{ "time": 6.4, "name": "deerdjxx_DL_192_" },
					{ "time": 6.5, "name": "deerdjxx_DL_193_" },
					{ "time": 6.6, "name": "deerdjxx_DL_194_" },
					{ "time": 6.7, "name": null }
				]
			},
			"deerdjxx_DR_": {
				"attachment": [
					{ "time": 0, "name": "deerdjxx_DR_000_" },
					{ "time": 0.1, "name": "deerdjxx_DR_003_" },
					{ "time": 0.2, "name": "deerdjxx_DR_006_" },
					{ "time": 0.3, "name": "deerdjxx_DR_009_" },
					{ "time": 0.4, "name": "deerdjxx_DR_012_" },
					{ "time": 0.5, "name": "deerdjxx_DR_015_" },
					{ "time": 0.6, "name": "deerdjxx_DR_018_" },
					{ "time": 0.7, "name": "deerdjxx_DR_021_" },
					{ "time": 0.8, "name": "deerdjxx_DR_024_" },
					{ "time": 0.9, "name": "deerdjxx_DR_027_" },
					{ "time": 1, "name": "deerdjxx_DR_030_" },
					{ "time": 1.1, "name": "deerdjxx_DR_033_" },
					{ "time": 1.2, "name": "deerdjxx_DR_036_" },
					{ "time": 1.3, "name": "deerdjxx_DR_039_" },
					{ "time": 1.4, "name": "deerdjxx_DR_042_" },
					{ "time": 1.5, "name": "deerdjxx_DR_045_" },
					{ "time": 1.6, "name": "deerdjxx_DR_048_" },
					{ "time": 1.7, "name": "deerdjxx_DR_051_" },
					{ "time": 1.8, "name": "deerdjxx_DR_054_" },
					{ "time": 1.9, "name": "deerdjxx_DR_057_" },
					{ "time": 2, "name": "deerdjxx_DR_060_" },
					{ "time": 2.1, "name": "deerdjxx_DR_063_" },
					{ "time": 2.2, "name": "deerdjxx_DR_066_" },
					{ "time": 2.3, "name": "deerdjxx_DR_069_" },
					{ "time": 2.4, "name": "deerdjxx_DR_072_" },
					{ "time": 2.5, "name": "deerdjxx_DR_075_" },
					{ "time": 2.6, "name": "deerdjxx_DR_078_" },
					{ "time": 2.7, "name": "deerdjxx_DR_081_" },
					{ "time": 2.8, "name": "deerdjxx_DR_084_" },
					{ "time": 2.9, "name": "deerdjxx_DR_087_" },
					{ "time": 3, "name": "deerdjxx_DR_090_" },
					{ "time": 3.1, "name": "deerdjxx_DR_093_" },
					{ "time": 3.2, "name": "deerdjxx_DR_096_" },
					{ "time": 3.3, "name": "deerdjxx_DR_099_" },
					{ "time": 3.4, "name": "deerdjxx_DR_102_" },
					{ "time": 3.5, "name": "deerdjxx_DR_105_" },
					{ "time": 3.6, "name": "deerdjxx_DR_108_" },
					{ "time": 3.7, "name": "deerdjxx_DR_111_" },
					{ "time": 3.8, "name": "deerdjxx_DR_114_" },
					{ "time": 3.9, "name": "deerdjxx_DR_117_" },
					{ "time": 4, "name": "deerdjxx_DR_120_" },
					{ "time": 4.1, "name": "deerdjxx_DR_123_" },
					{ "time": 4.2, "name": "deerdjxx_DR_126_" },
					{ "time": 4.3, "name": "deerdjxx_DR_129_" },
					{ "time": 4.4, "name": "deerdjxx_DR_132_" },
					{ "time": 4.5, "name": "deerdjxx_DR_135_" },
					{ "time": 4.6, "name": "deerdjxx_DR_138_" },
					{ "time": 4.7, "name": "deerdjxx_DR_141_" },
					{ "time": 4.8, "name": "deerdjxx_DR_144_" },
					{ "time": 4.9, "name": "deerdjxx_DR_147_" },
					{ "time": 5, "name": "deerdjxx_DR_150_" },
					{ "time": 5.1, "name": "deerdjxx_DR_153_" },
					{ "time": 5.2, "name": "deerdjxx_DR_156_" },
					{ "time": 5.3, "name": "deerdjxx_DR_159_" },
					{ "time": 5.4, "name": "deerdjxx_DR_162_" },
					{ "time": 5.5, "name": "deerdjxx_DR_165_" },
					{ "time": 5.6, "name": "deerdjxx_DR_168_" },
					{ "time": 5.7, "name": "deerdjxx_DR_171_" },
					{ "time": 5.8, "name": "deerdjxx_DR_174_" },
					{ "time": 5.9, "name": "deerdjxx_DR_177_" },
					{ "time": 6, "name": "deerdjxx_DR_180_" },
					{ "time": 6.1, "name": "deerdjxx_DR_183_" },
					{ "time": 6.2, "name": "deerdjxx_DR_186_" },
					{ "time": 6.3, "name": "deerdjxx_DR_189_" },
					{ "time": 6.4, "name": "deerdjxx_DR_192_" },
					{ "time": 6.5, "name": "deerdjxx_DR_193_" },
					{ "time": 6.6, "name": "deerdjxx_DR_194_" },
					{ "time": 6.7, "name": null }
				]
			},
			"deerdjxx_UL_": {
				"attachment": [
					{ "time": 0, "name": "deerdjxx_UL_000_" },
					{ "time": 0.1, "name": "deerdjxx_UL_003_" },
					{ "time": 0.2, "name": "deerdjxx_UL_006_" },
					{ "time": 0.3, "name": "deerdjxx_UL_009_" },
					{ "time": 0.4, "name": "deerdjxx_UL_012_" },
					{ "time": 0.5, "name": "deerdjxx_UL_015_" },
					{ "time": 0.6, "name": "deerdjxx_UL_018_" },
					{ "time": 0.7, "name": "deerdjxx_UL_021_" },
					{ "time": 0.8, "name": "deerdjxx_UL_024_" },
					{ "time": 0.9, "name": "deerdjxx_UL_027_" },
					{ "time": 1, "name": "deerdjxx_UL_030_" },
					{ "time": 1.1, "name": "deerdjxx_UL_033_" },
					{ "time": 1.2, "name": "deerdjxx_UL_036_" },
					{ "time": 1.3, "name": "deerdjxx_UL_039_" },
					{ "time": 1.4, "name": "deerdjxx_UL_042_" },
					{ "time": 1.5, "name": "deerdjxx_UL_045_" },
					{ "time": 1.6, "name": "deerdjxx_UL_048_" },
					{ "time": 1.7, "name": "deerdjxx_UL_051_" },
					{ "time": 1.8, "name": "deerdjxx_UL_054_" },
					{ "time": 1.9, "name": "deerdjxx_UL_057_" },
					{ "time": 2, "name": "deerdjxx_UL_060_" },
					{ "time": 2.1, "name": "deerdjxx_UL_063_" },
					{ "time": 2.2, "name": "deerdjxx_UL_066_" },
					{ "time": 2.3, "name": "deerdjxx_UL_069_" },
					{ "time": 2.4, "name": "deerdjxx_UL_072_" },
					{ "time": 2.5, "name": "deerdjxx_UL_075_" },
					{ "time": 2.6, "name": "deerdjxx_UL_078_" },
					{ "time": 2.7, "name": "deerdjxx_UL_081_" },
					{ "time": 2.8, "name": "deerdjxx_UL_084_" },
					{ "time": 2.9, "name": "deerdjxx_UL_087_" },
					{ "time": 3, "name": "deerdjxx_UL_090_" },
					{ "time": 3.1, "name": "deerdjxx_UL_093_" },
					{ "time": 3.2, "name": "deerdjxx_UL_096_" },
					{ "time": 3.3, "name": "deerdjxx_UL_099_" },
					{ "time": 3.4, "name": "deerdjxx_UL_102_" },
					{ "time": 3.5, "name": "deerdjxx_UL_105_" },
					{ "time": 3.6, "name": "deerdjxx_UL_108_" },
					{ "time": 3.7, "name": "deerdjxx_UL_111_" },
					{ "time": 3.8, "name": "deerdjxx_UL_114_" },
					{ "time": 3.9, "name": "deerdjxx_UL_117_" },
					{ "time": 4, "name": "deerdjxx_UL_120_" },
					{ "time": 4.1, "name": "deerdjxx_UL_123_" },
					{ "time": 4.2, "name": "deerdjxx_UL_126_" },
					{ "time": 4.3, "name": "deerdjxx_UL_129_" },
					{ "time": 4.4, "name": "deerdjxx_UL_132_" },
					{ "time": 4.5, "name": "deerdjxx_UL_135_" },
					{ "time": 4.6, "name": "deerdjxx_UL_138_" },
					{ "time": 4.7, "name": "deerdjxx_UL_141_" },
					{ "time": 4.8, "name": "deerdjxx_UL_144_" },
					{ "time": 4.9, "name": "deerdjxx_UL_147_" },
					{ "time": 5, "name": "deerdjxx_UL_150_" },
					{ "time": 5.1, "name": "deerdjxx_UL_153_" },
					{ "time": 5.2, "name": "deerdjxx_UL_156_" },
					{ "time": 5.3, "name": "deerdjxx_UL_159_" },
					{ "time": 5.4, "name": "deerdjxx_UL_162_" },
					{ "time": 5.5, "name": "deerdjxx_UL_165_" },
					{ "time": 5.6, "name": "deerdjxx_UL_168_" },
					{ "time": 5.7, "name": "deerdjxx_UL_171_" },
					{ "time": 5.8, "name": "deerdjxx_UL_174_" },
					{ "time": 5.9, "name": "deerdjxx_UL_177_" },
					{ "time": 6, "name": "deerdjxx_UL_180_" },
					{ "time": 6.1, "name": "deerdjxx_UL_183_" },
					{ "time": 6.2, "name": "deerdjxx_UL_186_" },
					{ "time": 6.3, "name": "deerdjxx_UL_189_" },
					{ "time": 6.4, "name": "deerdjxx_UL_192_" },
					{ "time": 6.5, "name": "deerdjxx_UL_193_" },
					{ "time": 6.6, "name": "deerdjxx_UL_194_" },
					{ "time": 6.7, "name": null }
				]
			},
			"deerdjxx_UR_": {
				"attachment": [
					{ "time": 0, "name": "deerdjxx_UR_000_" },
					{ "time": 0.1, "name": "deerdjxx_UR_003_" },
					{ "time": 0.2, "name": "deerdjxx_UR_006_" },
					{ "time": 0.3, "name": "deerdjxx_UR_009_" },
					{ "time": 0.4, "name": "deerdjxx_UR_012_" },
					{ "time": 0.5, "name": "deerdjxx_UR_015_" },
					{ "time": 0.6, "name": "deerdjxx_UR_018_" },
					{ "time": 0.7, "name": "deerdjxx_UR_021_" },
					{ "time": 0.8, "name": "deerdjxx_UR_024_" },
					{ "time": 0.9, "name": "deerdjxx_UR_027_" },
					{ "time": 1, "name": "deerdjxx_UR_030_" },
					{ "time": 1.1, "name": "deerdjxx_UR_033_" },
					{ "time": 1.2, "name": "deerdjxx_UR_036_" },
					{ "time": 1.3, "name": "deerdjxx_UR_039_" },
					{ "time": 1.4, "name": "deerdjxx_UR_042_" },
					{ "time": 1.5, "name": "deerdjxx_UR_045_" },
					{ "time": 1.6, "name": "deerdjxx_UR_048_" },
					{ "time": 1.7, "name": "deerdjxx_UR_051_" },
					{ "time": 1.8, "name": "deerdjxx_UR_054_" },
					{ "time": 1.9, "name": "deerdjxx_UR_057_" },
					{ "time": 2, "name": "deerdjxx_UR_060_" },
					{ "time": 2.1, "name": "deerdjxx_UR_063_" },
					{ "time": 2.2, "name": "deerdjxx_UR_066_" },
					{ "time": 2.3, "name": "deerdjxx_UR_069_" },
					{ "time": 2.4, "name": "deerdjxx_UR_072_" },
					{ "time": 2.5, "name": "deerdjxx_UR_075_" },
					{ "time": 2.6, "name": "deerdjxx_UR_078_" },
					{ "time": 2.7, "name": "deerdjxx_UR_081_" },
					{ "time": 2.8, "name": "deerdjxx_UR_084_" },
					{ "time": 2.9, "name": "deerdjxx_UR_087_" },
					{ "time": 3, "name": "deerdjxx_UR_090_" },
					{ "time": 3.1, "name": "deerdjxx_UR_093_" },
					{ "time": 3.2, "name": "deerdjxx_UR_096_" },
					{ "time": 3.3, "name": "deerdjxx_UR_099_" },
					{ "time": 3.4, "name": "deerdjxx_UR_102_" },
					{ "time": 3.5, "name": "deerdjxx_UR_105_" },
					{ "time": 3.6, "name": "deerdjxx_UR_108_" },
					{ "time": 3.7, "name": "deerdjxx_UR_111_" },
					{ "time": 3.8, "name": "deerdjxx_UR_114_" },
					{ "time": 3.9, "name": "deerdjxx_UR_117_" },
					{ "time": 4, "name": "deerdjxx_UR_120_" },
					{ "time": 4.1, "name": "deerdjxx_UR_123_" },
					{ "time": 4.2, "name": "deerdjxx_UR_126_" },
					{ "time": 4.3, "name": "deerdjxx_UR_129_" },
					{ "time": 4.4, "name": "deerdjxx_UR_132_" },
					{ "time": 4.5, "name": "deerdjxx_UR_135_" },
					{ "time": 4.6, "name": "deerdjxx_UR_138_" },
					{ "time": 4.7, "name": "deerdjxx_UR_141_" },
					{ "time": 4.8, "name": "deerdjxx_UR_144_" },
					{ "time": 4.9, "name": "deerdjxx_UR_147_" },
					{ "time": 5, "name": "deerdjxx_UR_150_" },
					{ "time": 5.1, "name": "deerdjxx_UR_153_" },
					{ "time": 5.2, "name": "deerdjxx_UR_156_" },
					{ "time": 5.3, "name": "deerdjxx_UR_159_" },
					{ "time": 5.4, "name": "deerdjxx_UR_162_" },
					{ "time": 5.5, "name": "deerdjxx_UR_165_" },
					{ "time": 5.6, "name": "deerdjxx_UR_168_" },
					{ "time": 5.7, "name": "deerdjxx_UR_171_" },
					{ "time": 5.8, "name": "deerdjxx_UR_174_" },
					{ "time": 5.9, "name": "deerdjxx_UR_177_" },
					{ "time": 6, "name": "deerdjxx_UR_180_" },
					{ "time": 6.1, "name": "deerdjxx_UR_183_" },
					{ "time": 6.2, "name": "deerdjxx_UR_186_" },
					{ "time": 6.3, "name": "deerdjxx_UR_189_" },
					{ "time": 6.4, "name": "deerdjxx_UR_192_" },
					{ "time": 6.5, "name": "deerdjxx_UR_193_" },
					{ "time": 6.6, "name": "deerdjxx_UR_194_" },
					{ "time": 6.7, "name": null }
				]
			}
		},
		"bones": {
			"ctr": {
				"translate": [
					{ "time": 0, "x": 0, "y": 0 }
				]
			}
		}
	}
}
}