{
"skeleton": { "hash": "P6frTad8HdBdLnhuj52XBfmOZJU", "spine": "3.7.94", "width": 0, "height": 0, "images": "./images/", "audio": "D:/COK项目/Spine工程/光环—无极三才阵" },
"bones": [
	{ "name": "root" },
	{ "name": "line_purple", "parent": "root", "scaleX": 1.25, "scaleY": 1.25 },
	{ "name": "guangshu_purple", "parent": "root", "scaleX": 1.25, "scaleY": 1.25 },
	{ "name": "fazhen_blue_ctr", "parent": "root" },
	{ "name": "fazhen_purple_", "parent": "fazhen_blue_ctr", "scaleX": 1.25, "scaleY": 1.25 },
	{ "name": "door_purple", "parent": "root", "scaleX": 1.25, "scaleY": 1.25 },
	{ "name": "dianliu_heng_zi", "parent": "root" },
	{ "name": "dianliu_circle_purple", "parent": "root", "scaleX": 1.25, "scaleY": 1.25 },
	{ "name": "ball_purple", "parent": "root", "scaleX": 1.25, "scaleY": 1.25 },
	{ "name": "dian_shu_zi", "parent": "ball_purple", "scaleX": 1.25, "scaleY": 1.25 },
	{ "name": "door_purple2", "parent": "root", "scaleX": 1.25, "scaleY": 1.25 },
	{ "name": "door_purple3", "parent": "root", "scaleX": 1.25, "scaleY": 1.25 },
	{ "name": "line_purple2", "parent": "root", "scaleX": 1.25, "scaleY": 1.25 },
	{ "name": "line_purple3", "parent": "root", "scaleX": 1.25, "scaleY": 1.25 },
	{ "name": "guangshu_purple2", "parent": "root", "scaleX": 1.25, "scaleY": 1.25 },
	{ "name": "guangshu_purple3", "parent": "root", "scaleX": 1.25, "scaleY": 1.25 },
	{ "name": "ball_purple2", "parent": "root", "scaleX": 1.25, "scaleY": 1.25 },
	{ "name": "ball_purple3", "parent": "root", "scaleX": 1.25, "scaleY": 1.25 },
	{ "name": "dianliu_heng_zi2", "parent": "root" },
	{ "name": "dianliu_heng_zi3", "parent": "root" },
	{ "name": "dian_shu_zi2", "parent": "ball_purple2", "scaleX": 1.25, "scaleY": 1.25 },
	{ "name": "dian_shu_zi3", "parent": "ball_purple3", "scaleX": 1.25, "scaleY": 1.25 }
],
"slots": [
	{ "name": "fazhen_purple_", "bone": "fazhen_purple_" },
	{ "name": "line_purple", "bone": "line_purple" },
	{ "name": "line_purple2", "bone": "line_purple2" },
	{ "name": "line_purple3", "bone": "line_purple3" },
	{ "name": "dianliu_circle_purple", "bone": "dianliu_circle_purple" },
	{ "name": "door_purple", "bone": "door_purple" },
	{ "name": "door_purple2", "bone": "door_purple2" },
	{ "name": "door_purple3", "bone": "door_purple3" },
	{ "name": "ball_purple", "bone": "ball_purple" },
	{ "name": "ball_purple2", "bone": "ball_purple2" },
	{ "name": "ball_purple3", "bone": "ball_purple3" },
	{ "name": "guangshu_purple", "bone": "guangshu_purple", "blend": "additive" },
	{ "name": "guangshu_purple2", "bone": "guangshu_purple2", "blend": "additive" },
	{ "name": "guangshu_purple3", "bone": "guangshu_purple3", "blend": "additive" },
	{ "name": "dianliu_heng_zi", "bone": "dianliu_heng_zi", "blend": "additive" },
	{ "name": "dianliu_heng_zi2", "bone": "dianliu_heng_zi2", "blend": "additive" },
	{ "name": "dianliu_heng_zi3", "bone": "dianliu_heng_zi3", "blend": "additive" },
	{ "name": "dian_shu_zi", "bone": "dian_shu_zi", "blend": "additive" },
	{ "name": "dian_shu_zi2", "bone": "dian_shu_zi2", "blend": "additive" },
	{ "name": "dian_shu_zi3", "bone": "dian_shu_zi3", "blend": "additive" }
],
"skins": {
	"default": {
		"ball_purple": {
			"ball_purple_00_": { "width": 160, "height": 160 },
			"ball_purple_02_": { "width": 160, "height": 160 },
			"ball_purple_04_": { "width": 160, "height": 160 },
			"ball_purple_06_": { "width": 160, "height": 160 },
			"ball_purple_08_": { "width": 160, "height": 160 },
			"ball_purple_10_": { "width": 160, "height": 160 },
			"ball_purple_12_": { "width": 160, "height": 160 },
			"ball_purple_14_": { "width": 160, "height": 160 },
			"ball_purple_16_": { "width": 160, "height": 160 },
			"ball_purple_18_": { "width": 160, "height": 160 },
			"ball_purple_20_": { "width": 160, "height": 160 },
			"ball_purple_22_": { "width": 160, "height": 160 },
			"ball_purple_24_": { "width": 160, "height": 160 },
			"ball_purple_26_": { "width": 160, "height": 160 },
			"ball_purple_28_": { "width": 160, "height": 160 }
		},
		"ball_purple2": {
			"ball_purple_00_": { "width": 160, "height": 160 },
			"ball_purple_02_": { "width": 160, "height": 160 },
			"ball_purple_04_": { "width": 160, "height": 160 },
			"ball_purple_06_": { "width": 160, "height": 160 },
			"ball_purple_08_": { "width": 160, "height": 160 },
			"ball_purple_10_": { "width": 160, "height": 160 },
			"ball_purple_12_": { "width": 160, "height": 160 },
			"ball_purple_14_": { "width": 160, "height": 160 },
			"ball_purple_16_": { "width": 160, "height": 160 },
			"ball_purple_18_": { "width": 160, "height": 160 },
			"ball_purple_20_": { "width": 160, "height": 160 },
			"ball_purple_22_": { "width": 160, "height": 160 },
			"ball_purple_24_": { "width": 160, "height": 160 },
			"ball_purple_26_": { "width": 160, "height": 160 },
			"ball_purple_28_": { "width": 160, "height": 160 }
		},
		"ball_purple3": {
			"ball_purple_00_": { "width": 160, "height": 160 },
			"ball_purple_02_": { "width": 160, "height": 160 },
			"ball_purple_04_": { "width": 160, "height": 160 },
			"ball_purple_06_": { "width": 160, "height": 160 },
			"ball_purple_08_": { "width": 160, "height": 160 },
			"ball_purple_10_": { "width": 160, "height": 160 },
			"ball_purple_12_": { "width": 160, "height": 160 },
			"ball_purple_14_": { "width": 160, "height": 160 },
			"ball_purple_16_": { "width": 160, "height": 160 },
			"ball_purple_18_": { "width": 160, "height": 160 },
			"ball_purple_20_": { "width": 160, "height": 160 },
			"ball_purple_22_": { "width": 160, "height": 160 },
			"ball_purple_24_": { "width": 160, "height": 160 },
			"ball_purple_26_": { "width": 160, "height": 160 },
			"ball_purple_28_": { "width": 160, "height": 160 }
		},
		"dian_shu_zi": {
			"dian_shu_zi_01_": { "width": 160, "height": 96 },
			"dian_shu_zi_03_": { "width": 160, "height": 96 },
			"dian_shu_zi_05_": { "width": 160, "height": 96 },
			"dian_shu_zi_07_": { "width": 160, "height": 96 },
			"dian_shu_zi_09_": { "width": 160, "height": 96 },
			"dian_shu_zi_11_": { "width": 160, "height": 96 },
			"dian_shu_zi_13_": { "width": 160, "height": 96 }
		},
		"dian_shu_zi2": {
			"dian_shu_zi_01_": { "width": 160, "height": 96 },
			"dian_shu_zi_03_": { "width": 160, "height": 96 },
			"dian_shu_zi_05_": { "width": 160, "height": 96 },
			"dian_shu_zi_07_": { "width": 160, "height": 96 },
			"dian_shu_zi_09_": { "width": 160, "height": 96 },
			"dian_shu_zi_11_": { "width": 160, "height": 96 },
			"dian_shu_zi_13_": { "width": 160, "height": 96 }
		},
		"dian_shu_zi3": {
			"dian_shu_zi_01_": { "width": 160, "height": 96 },
			"dian_shu_zi_03_": { "width": 160, "height": 96 },
			"dian_shu_zi_05_": { "width": 160, "height": 96 },
			"dian_shu_zi_07_": { "width": 160, "height": 96 },
			"dian_shu_zi_09_": { "width": 160, "height": 96 },
			"dian_shu_zi_11_": { "width": 160, "height": 96 },
			"dian_shu_zi_13_": { "width": 160, "height": 96 }
		},
		"dianliu_circle_purple": {
			"dianliu_circle_purple_00_": { "width": 384, "height": 320 },
			"dianliu_circle_purple_01_": { "width": 384, "height": 320 },
			"dianliu_circle_purple_03_": { "width": 384, "height": 320 },
			"dianliu_circle_purple_04_": { "width": 384, "height": 320 },
			"dianliu_circle_purple_05_": { "width": 384, "height": 320 },
			"dianliu_circle_purple_06_": { "width": 384, "height": 320 },
			"dianliu_circle_purple_08_": { "width": 384, "height": 320 },
			"dianliu_circle_purple_09_": { "width": 384, "height": 320 },
			"dianliu_circle_purple_10_": { "width": 384, "height": 320 },
			"dianliu_circle_purple_11_": { "width": 384, "height": 320 },
			"dianliu_circle_purple_13_": { "width": 384, "height": 320 },
			"dianliu_circle_purple_14_": { "width": 384, "height": 320 },
			"dianliu_circle_purple_15_": { "width": 384, "height": 320 },
			"dianliu_circle_purple_16_": { "width": 384, "height": 320 },
			"dianliu_circle_purple_17_": { "width": 384, "height": 320 },
			"dianliu_circle_purple_18_": { "width": 384, "height": 320 },
			"dianliu_circle_purple_19_": { "width": 384, "height": 320 },
			"dianliu_circle_purple_20_": { "width": 384, "height": 320 },
			"dianliu_circle_purple_21_": { "width": 384, "height": 320 },
			"dianliu_circle_purple_22_": { "width": 384, "height": 320 },
			"dianliu_circle_purple_23_": { "width": 384, "height": 320 },
			"dianliu_circle_purple_24_": { "width": 384, "height": 320 },
			"dianliu_circle_purple_26_": { "width": 384, "height": 320 },
			"dianliu_circle_purple_27_": { "width": 384, "height": 320 },
			"dianliu_circle_purple_28_": { "width": 384, "height": 320 },
			"dianliu_circle_purple_29_": { "width": 384, "height": 320 },
			"dianliu_circle_purple_30_": { "width": 384, "height": 320 }
		},
		"dianliu_heng_zi": {
			"dianliu_heng_zi_00_": { "width": 230, "height": 128 },
			"dianliu_heng_zi_01_": { "width": 230, "height": 128 },
			"dianliu_heng_zi_02_": { "width": 230, "height": 128 },
			"dianliu_heng_zi_03_": { "width": 230, "height": 128 },
			"dianliu_heng_zi_04_": { "width": 230, "height": 128 },
			"dianliu_heng_zi_05_": { "width": 230, "height": 128 },
			"dianliu_heng_zi_06_": { "width": 230, "height": 128 },
			"dianliu_heng_zi_07_": { "width": 230, "height": 128 },
			"dianliu_heng_zi_08_": { "width": 230, "height": 128 },
			"dianliu_heng_zi_09_": { "width": 230, "height": 128 }
		},
		"dianliu_heng_zi2": {
			"dianliu_heng_zi_00_": { "width": 230, "height": 128 },
			"dianliu_heng_zi_01_": { "width": 230, "height": 128 },
			"dianliu_heng_zi_02_": { "width": 230, "height": 128 },
			"dianliu_heng_zi_03_": { "width": 230, "height": 128 },
			"dianliu_heng_zi_04_": { "width": 230, "height": 128 },
			"dianliu_heng_zi_05_": { "width": 230, "height": 128 },
			"dianliu_heng_zi_06_": { "width": 230, "height": 128 },
			"dianliu_heng_zi_07_": { "width": 230, "height": 128 },
			"dianliu_heng_zi_08_": { "width": 230, "height": 128 },
			"dianliu_heng_zi_09_": { "width": 230, "height": 128 }
		},
		"dianliu_heng_zi3": {
			"dianliu_heng_zi_00_": { "width": 230, "height": 128 },
			"dianliu_heng_zi_01_": { "width": 230, "height": 128 },
			"dianliu_heng_zi_02_": { "width": 230, "height": 128 },
			"dianliu_heng_zi_03_": { "width": 230, "height": 128 },
			"dianliu_heng_zi_04_": { "width": 230, "height": 128 },
			"dianliu_heng_zi_05_": { "width": 230, "height": 128 },
			"dianliu_heng_zi_06_": { "width": 230, "height": 128 },
			"dianliu_heng_zi_07_": { "width": 230, "height": 128 },
			"dianliu_heng_zi_08_": { "width": 230, "height": 128 },
			"dianliu_heng_zi_09_": { "width": 230, "height": 128 }
		},
		"door_purple": {
			"door_purple_00_": { "width": 192, "height": 224 },
			"door_purple_04_": { "width": 192, "height": 224 },
			"door_purple_08_": { "width": 192, "height": 224 },
			"door_purple_12_": { "width": 192, "height": 224 },
			"door_purple_16_": { "width": 192, "height": 224 },
			"door_purple_20_": { "width": 192, "height": 224 },
			"door_purple_24_": { "width": 192, "height": 224 },
			"door_purple_28_": { "width": 192, "height": 224 },
			"door_purple_32_": { "width": 192, "height": 224 },
			"door_purple_36_": { "width": 192, "height": 224 },
			"door_purple_40_": { "width": 192, "height": 224 },
			"door_purple_44_": { "width": 192, "height": 224 },
			"door_purple_48_": { "width": 192, "height": 224 },
			"door_purple_52_": { "width": 192, "height": 224 },
			"door_purple_56_": { "width": 192, "height": 224 },
			"door_purple_60_": { "width": 192, "height": 224 }
		},
		"door_purple2": {
			"door_purple_00_": { "width": 192, "height": 224 },
			"door_purple_04_": { "width": 192, "height": 224 },
			"door_purple_08_": { "width": 192, "height": 224 },
			"door_purple_12_": { "width": 192, "height": 224 },
			"door_purple_16_": { "width": 192, "height": 224 },
			"door_purple_20_": { "width": 192, "height": 224 },
			"door_purple_24_": { "width": 192, "height": 224 },
			"door_purple_28_": { "width": 192, "height": 224 },
			"door_purple_32_": { "width": 192, "height": 224 },
			"door_purple_36_": { "width": 192, "height": 224 },
			"door_purple_40_": { "width": 192, "height": 224 },
			"door_purple_44_": { "width": 192, "height": 224 },
			"door_purple_48_": { "width": 192, "height": 224 },
			"door_purple_52_": { "width": 192, "height": 224 },
			"door_purple_56_": { "width": 192, "height": 224 },
			"door_purple_60_": { "width": 192, "height": 224 }
		},
		"door_purple3": {
			"door_purple_00_": { "width": 192, "height": 224 },
			"door_purple_04_": { "width": 192, "height": 224 },
			"door_purple_08_": { "width": 192, "height": 224 },
			"door_purple_12_": { "width": 192, "height": 224 },
			"door_purple_16_": { "width": 192, "height": 224 },
			"door_purple_20_": { "width": 192, "height": 224 },
			"door_purple_24_": { "width": 192, "height": 224 },
			"door_purple_28_": { "width": 192, "height": 224 },
			"door_purple_32_": { "width": 192, "height": 224 },
			"door_purple_36_": { "width": 192, "height": 224 },
			"door_purple_40_": { "width": 192, "height": 224 },
			"door_purple_44_": { "width": 192, "height": 224 },
			"door_purple_48_": { "width": 192, "height": 224 },
			"door_purple_52_": { "width": 192, "height": 224 },
			"door_purple_56_": { "width": 192, "height": 224 },
			"door_purple_60_": { "width": 192, "height": 224 }
		},
		"fazhen_purple_": {
			"fazhen_purple_": { "width": 428, "height": 428 }
		},
		"guangshu_purple": {
			"guangshu_purple_01_": { "width": 164, "height": 320 },
			"guangshu_purple_03_": { "width": 164, "height": 320 },
			"guangshu_purple_05_": { "width": 164, "height": 320 },
			"guangshu_purple_07_": { "width": 164, "height": 320 },
			"guangshu_purple_09_": { "width": 164, "height": 320 },
			"guangshu_purple_11_": { "width": 164, "height": 320 },
			"guangshu_purple_13_": { "width": 164, "height": 320 },
			"guangshu_purple_15_": { "width": 164, "height": 320 },
			"guangshu_purple_17_": { "width": 164, "height": 320 },
			"guangshu_purple_19_": { "width": 164, "height": 320 },
			"guangshu_purple_21_": { "width": 164, "height": 320 },
			"guangshu_purple_23_": { "width": 164, "height": 320 },
			"guangshu_purple_25_": { "width": 164, "height": 320 },
			"guangshu_purple_27_": { "width": 164, "height": 320 }
		},
		"guangshu_purple2": {
			"guangshu_purple_01_": { "width": 164, "height": 320 },
			"guangshu_purple_03_": { "width": 164, "height": 320 },
			"guangshu_purple_05_": { "width": 164, "height": 320 },
			"guangshu_purple_07_": { "width": 164, "height": 320 },
			"guangshu_purple_09_": { "width": 164, "height": 320 },
			"guangshu_purple_11_": { "width": 164, "height": 320 },
			"guangshu_purple_13_": { "width": 164, "height": 320 },
			"guangshu_purple_15_": { "width": 164, "height": 320 },
			"guangshu_purple_17_": { "width": 164, "height": 320 },
			"guangshu_purple_19_": { "width": 164, "height": 320 },
			"guangshu_purple_21_": { "width": 164, "height": 320 },
			"guangshu_purple_23_": { "width": 164, "height": 320 },
			"guangshu_purple_25_": { "width": 164, "height": 320 },
			"guangshu_purple_27_": { "width": 164, "height": 320 }
		},
		"guangshu_purple3": {
			"guangshu_purple_01_": { "width": 164, "height": 320 },
			"guangshu_purple_03_": { "width": 164, "height": 320 },
			"guangshu_purple_05_": { "width": 164, "height": 320 },
			"guangshu_purple_07_": { "width": 164, "height": 320 },
			"guangshu_purple_09_": { "width": 164, "height": 320 },
			"guangshu_purple_11_": { "width": 164, "height": 320 },
			"guangshu_purple_13_": { "width": 164, "height": 320 },
			"guangshu_purple_15_": { "width": 164, "height": 320 },
			"guangshu_purple_17_": { "width": 164, "height": 320 },
			"guangshu_purple_19_": { "width": 164, "height": 320 },
			"guangshu_purple_21_": { "width": 164, "height": 320 },
			"guangshu_purple_23_": { "width": 164, "height": 320 },
			"guangshu_purple_25_": { "width": 164, "height": 320 },
			"guangshu_purple_27_": { "width": 164, "height": 320 }
		},
		"line_purple": {
			"line_purple_00_": { "width": 372, "height": 60 },
			"line_purple_04_": { "width": 372, "height": 60 },
			"line_purple_08_": { "width": 372, "height": 60 },
			"line_purple_12_": { "width": 372, "height": 60 },
			"line_purple_16_": { "width": 372, "height": 60 },
			"line_purple_20_": { "width": 372, "height": 60 },
			"line_purple_24_": { "width": 372, "height": 60 },
			"line_purple_28_": { "width": 372, "height": 60 },
			"line_purple_32_": { "width": 372, "height": 60 },
			"line_purple_36_": { "width": 372, "height": 60 },
			"line_purple_40_": { "width": 372, "height": 60 },
			"line_purple_44_": { "width": 372, "height": 60 },
			"line_purple_48_": { "width": 372, "height": 60 },
			"line_purple_52_": { "width": 372, "height": 60 },
			"line_purple_56_": { "width": 372, "height": 60 },
			"line_purple_60_": { "width": 372, "height": 60 }
		},
		"line_purple2": {
			"line_purple_00_": { "width": 372, "height": 60 },
			"line_purple_04_": { "width": 372, "height": 60 },
			"line_purple_08_": { "width": 372, "height": 60 },
			"line_purple_12_": { "width": 372, "height": 60 },
			"line_purple_16_": { "width": 372, "height": 60 },
			"line_purple_20_": { "width": 372, "height": 60 },
			"line_purple_24_": { "width": 372, "height": 60 },
			"line_purple_28_": { "width": 372, "height": 60 },
			"line_purple_32_": { "width": 372, "height": 60 },
			"line_purple_36_": { "width": 372, "height": 60 },
			"line_purple_40_": { "width": 372, "height": 60 },
			"line_purple_44_": { "width": 372, "height": 60 },
			"line_purple_48_": { "width": 372, "height": 60 },
			"line_purple_52_": { "width": 372, "height": 60 },
			"line_purple_56_": { "width": 372, "height": 60 },
			"line_purple_60_": { "width": 372, "height": 60 }
		},
		"line_purple3": {
			"line_purple_00_": { "width": 372, "height": 60 },
			"line_purple_04_": { "width": 372, "height": 60 },
			"line_purple_08_": { "width": 372, "height": 60 },
			"line_purple_12_": { "width": 372, "height": 60 },
			"line_purple_16_": { "width": 372, "height": 60 },
			"line_purple_20_": { "width": 372, "height": 60 },
			"line_purple_24_": { "width": 372, "height": 60 },
			"line_purple_28_": { "width": 372, "height": 60 },
			"line_purple_32_": { "width": 372, "height": 60 },
			"line_purple_36_": { "width": 372, "height": 60 },
			"line_purple_40_": { "width": 372, "height": 60 },
			"line_purple_44_": { "width": 372, "height": 60 },
			"line_purple_48_": { "width": 372, "height": 60 },
			"line_purple_52_": { "width": 372, "height": 60 },
			"line_purple_56_": { "width": 372, "height": 60 },
			"line_purple_60_": { "width": 372, "height": 60 }
		}
	}
},
"animations": {
	"back": {
		"slots": {
			"ball_purple2": {
				"attachment": [
					{ "time": 4, "name": "ball_purple_00_" },
					{ "time": 4.0667, "name": "ball_purple_02_" },
					{ "time": 4.1333, "name": "ball_purple_04_" },
					{ "time": 4.2, "name": "ball_purple_06_" },
					{ "time": 4.2667, "name": "ball_purple_08_" },
					{ "time": 4.3333, "name": "ball_purple_10_" },
					{ "time": 4.4, "name": "ball_purple_12_" },
					{ "time": 4.4667, "name": "ball_purple_14_" },
					{ "time": 4.5333, "name": "ball_purple_16_" },
					{ "time": 4.6, "name": "ball_purple_18_" },
					{ "time": 4.6667, "name": "ball_purple_20_" },
					{ "time": 4.7333, "name": "ball_purple_22_" },
					{ "time": 4.8, "name": "ball_purple_24_" },
					{ "time": 4.8667, "name": "ball_purple_26_" },
					{ "time": 4.9333, "name": "ball_purple_28_" },
					{ "time": 5, "name": "ball_purple_00_" },
					{ "time": 5.0667, "name": "ball_purple_02_" },
					{ "time": 5.1333, "name": "ball_purple_04_" },
					{ "time": 5.2, "name": "ball_purple_06_" },
					{ "time": 5.2667, "name": "ball_purple_08_" },
					{ "time": 5.3333, "name": "ball_purple_10_" },
					{ "time": 5.4, "name": "ball_purple_12_" },
					{ "time": 5.4667, "name": "ball_purple_14_" },
					{ "time": 5.5333, "name": "ball_purple_16_" },
					{ "time": 5.6, "name": "ball_purple_18_" },
					{ "time": 5.6667, "name": "ball_purple_20_" },
					{ "time": 5.7333, "name": "ball_purple_22_" },
					{ "time": 5.8, "name": "ball_purple_24_" },
					{ "time": 5.8667, "name": "ball_purple_26_" },
					{ "time": 5.9333, "name": "ball_purple_28_" },
					{ "time": 6, "name": "ball_purple_00_" },
					{ "time": 6.0667, "name": "ball_purple_02_" },
					{ "time": 6.1333, "name": "ball_purple_04_" },
					{ "time": 6.2, "name": "ball_purple_06_" },
					{ "time": 6.2667, "name": "ball_purple_08_" },
					{ "time": 6.3333, "name": "ball_purple_10_" },
					{ "time": 6.4, "name": "ball_purple_12_" },
					{ "time": 6.4667, "name": "ball_purple_14_" },
					{ "time": 6.5333, "name": "ball_purple_16_" },
					{ "time": 6.6, "name": "ball_purple_18_" },
					{ "time": 6.6667, "name": "ball_purple_20_" },
					{ "time": 6.7333, "name": "ball_purple_22_" },
					{ "time": 6.8, "name": "ball_purple_24_" },
					{ "time": 6.8667, "name": "ball_purple_26_" },
					{ "time": 6.9333, "name": "ball_purple_28_" },
					{ "time": 7, "name": "ball_purple_00_" },
					{ "time": 7.0667, "name": "ball_purple_02_" },
					{ "time": 7.1333, "name": "ball_purple_04_" },
					{ "time": 7.2, "name": "ball_purple_06_" },
					{ "time": 7.2667, "name": "ball_purple_08_" },
					{ "time": 7.3333, "name": "ball_purple_10_" },
					{ "time": 7.4, "name": "ball_purple_12_" },
					{ "time": 7.4667, "name": "ball_purple_14_" },
					{ "time": 7.5333, "name": "ball_purple_16_" },
					{ "time": 7.6, "name": "ball_purple_18_" },
					{ "time": 7.6667, "name": "ball_purple_20_" },
					{ "time": 7.7333, "name": "ball_purple_22_" },
					{ "time": 7.8, "name": "ball_purple_24_" },
					{ "time": 7.8667, "name": "ball_purple_26_" },
					{ "time": 7.9333, "name": "ball_purple_28_" },
					{ "time": 8, "name": null }
				]
			},
			"dian_shu_zi2": {
				"attachment": [
					{ "time": 5.6667, "name": "dian_shu_zi_01_" },
					{ "time": 5.7333, "name": "dian_shu_zi_03_" },
					{ "time": 5.8, "name": "dian_shu_zi_05_" },
					{ "time": 5.8667, "name": "dian_shu_zi_07_" },
					{ "time": 5.9333, "name": "dian_shu_zi_09_" },
					{ "time": 6, "name": "dian_shu_zi_11_" },
					{ "time": 6.0667, "name": "dian_shu_zi_13_" },
					{ "time": 6.1333, "name": null }
				]
			},
			"door_purple2": {
				"attachment": [
					{ "time": 3.8667, "name": "door_purple_00_" },
					{ "time": 4, "name": "door_purple_04_" },
					{ "time": 4.1333, "name": "door_purple_08_" },
					{ "time": 4.2667, "name": "door_purple_12_" },
					{ "time": 4.4, "name": "door_purple_16_" },
					{ "time": 4.5333, "name": "door_purple_20_" },
					{ "time": 4.6667, "name": "door_purple_24_" },
					{ "time": 4.8, "name": "door_purple_28_" },
					{ "time": 4.9333, "name": "door_purple_32_" },
					{ "time": 5.0667, "name": "door_purple_36_" },
					{ "time": 5.2, "name": "door_purple_40_" },
					{ "time": 5.3333, "name": "door_purple_44_" },
					{ "time": 5.4667, "name": "door_purple_48_" },
					{ "time": 5.6, "name": "door_purple_52_" },
					{ "time": 5.7333, "name": "door_purple_56_" },
					{ "time": 5.8667, "name": "door_purple_00_" },
					{ "time": 6, "name": "door_purple_04_" },
					{ "time": 6.1333, "name": "door_purple_08_" },
					{ "time": 6.2667, "name": "door_purple_12_" },
					{ "time": 6.4, "name": "door_purple_16_" },
					{ "time": 6.5333, "name": "door_purple_20_" },
					{ "time": 6.6667, "name": "door_purple_24_" },
					{ "time": 6.8, "name": "door_purple_28_" },
					{ "time": 6.9333, "name": "door_purple_32_" },
					{ "time": 7.0667, "name": "door_purple_36_" },
					{ "time": 7.2, "name": "door_purple_40_" },
					{ "time": 7.3333, "name": "door_purple_44_" },
					{ "time": 7.4667, "name": "door_purple_48_" },
					{ "time": 7.6, "name": "door_purple_52_" },
					{ "time": 7.7333, "name": "door_purple_56_" },
					{ "time": 7.8667, "name": "door_purple_60_" },
					{ "time": 8, "name": null }
				]
			},
			"door_purple3": {
				"attachment": [
					{ "time": 3.8667, "name": "door_purple_00_" },
					{ "time": 4, "name": "door_purple_04_" },
					{ "time": 4.1333, "name": "door_purple_08_" },
					{ "time": 4.2667, "name": "door_purple_12_" },
					{ "time": 4.4, "name": "door_purple_16_" },
					{ "time": 4.5333, "name": "door_purple_20_" },
					{ "time": 4.6667, "name": "door_purple_24_" },
					{ "time": 4.8, "name": "door_purple_28_" },
					{ "time": 4.9333, "name": "door_purple_32_" },
					{ "time": 5.0667, "name": "door_purple_36_" },
					{ "time": 5.2, "name": "door_purple_40_" },
					{ "time": 5.3333, "name": "door_purple_44_" },
					{ "time": 5.4667, "name": "door_purple_48_" },
					{ "time": 5.6, "name": "door_purple_52_" },
					{ "time": 5.7333, "name": "door_purple_56_" },
					{ "time": 5.8667, "name": "door_purple_00_" },
					{ "time": 6, "name": "door_purple_04_" },
					{ "time": 6.1333, "name": "door_purple_08_" },
					{ "time": 6.2667, "name": "door_purple_12_" },
					{ "time": 6.4, "name": "door_purple_16_" },
					{ "time": 6.5333, "name": "door_purple_20_" },
					{ "time": 6.6667, "name": "door_purple_24_" },
					{ "time": 6.8, "name": "door_purple_28_" },
					{ "time": 6.9333, "name": "door_purple_32_" },
					{ "time": 7.0667, "name": "door_purple_36_" },
					{ "time": 7.2, "name": "door_purple_40_" },
					{ "time": 7.3333, "name": "door_purple_44_" },
					{ "time": 7.4667, "name": "door_purple_48_" },
					{ "time": 7.6, "name": "door_purple_52_" },
					{ "time": 7.7333, "name": "door_purple_56_" },
					{ "time": 7.8667, "name": "door_purple_60_" },
					{ "time": 8, "name": null }
				]
			},
			"fazhen_purple_": {
				"attachment": [
					{ "time": 4, "name": "fazhen_purple_" }
				]
			},
			"guangshu_purple2": {
				"attachment": [
					{ "time": 4, "name": "guangshu_purple_01_" },
					{ "time": 4.0667, "name": "guangshu_purple_03_" },
					{ "time": 4.1333, "name": "guangshu_purple_05_" },
					{ "time": 4.2, "name": "guangshu_purple_07_" },
					{ "time": 4.2667, "name": "guangshu_purple_09_" },
					{ "time": 4.3333, "name": "guangshu_purple_11_" },
					{ "time": 4.4, "name": "guangshu_purple_13_" },
					{ "time": 4.4667, "name": "guangshu_purple_15_" },
					{ "time": 4.5333, "name": "guangshu_purple_17_" },
					{ "time": 4.6, "name": "guangshu_purple_19_" },
					{ "time": 4.6667, "name": "guangshu_purple_21_" },
					{ "time": 4.7333, "name": "guangshu_purple_23_" },
					{ "time": 4.8, "name": "guangshu_purple_25_" },
					{ "time": 4.8667, "name": "guangshu_purple_27_" },
					{ "time": 4.9333, "name": null }
				]
			},
			"guangshu_purple3": {
				"attachment": [
					{ "time": 4, "name": "guangshu_purple_01_" },
					{ "time": 4.0667, "name": "guangshu_purple_03_" },
					{ "time": 4.1333, "name": "guangshu_purple_05_" },
					{ "time": 4.2, "name": "guangshu_purple_07_" },
					{ "time": 4.2667, "name": "guangshu_purple_09_" },
					{ "time": 4.3333, "name": "guangshu_purple_11_" },
					{ "time": 4.4, "name": "guangshu_purple_13_" },
					{ "time": 4.4667, "name": "guangshu_purple_15_" },
					{ "time": 4.5333, "name": "guangshu_purple_17_" },
					{ "time": 4.6, "name": "guangshu_purple_19_" },
					{ "time": 4.6667, "name": "guangshu_purple_21_" },
					{ "time": 4.7333, "name": "guangshu_purple_23_" },
					{ "time": 4.8, "name": "guangshu_purple_25_" },
					{ "time": 4.8667, "name": "guangshu_purple_27_" },
					{ "time": 4.9333, "name": null }
				]
			},
			"line_purple": {
				"attachment": [
					{ "time": 3.8667, "name": "line_purple_00_" },
					{ "time": 4, "name": "line_purple_04_" },
					{ "time": 4.1333, "name": "line_purple_08_" },
					{ "time": 4.2667, "name": "line_purple_12_" },
					{ "time": 4.4, "name": "line_purple_16_" },
					{ "time": 4.5333, "name": "line_purple_20_" },
					{ "time": 4.6667, "name": "line_purple_24_" },
					{ "time": 4.8, "name": "line_purple_28_" },
					{ "time": 4.9333, "name": "line_purple_32_" },
					{ "time": 5.0667, "name": "line_purple_36_" },
					{ "time": 5.2, "name": "line_purple_40_" },
					{ "time": 5.3333, "name": "line_purple_44_" },
					{ "time": 5.4667, "name": "line_purple_48_" },
					{ "time": 5.6, "name": "line_purple_52_" },
					{ "time": 5.7333, "name": "line_purple_56_" },
					{ "time": 5.8667, "name": "line_purple_00_" },
					{ "time": 6, "name": "line_purple_04_" },
					{ "time": 6.1333, "name": "line_purple_08_" },
					{ "time": 6.2667, "name": "line_purple_12_" },
					{ "time": 6.4, "name": "line_purple_16_" },
					{ "time": 6.5333, "name": "line_purple_20_" },
					{ "time": 6.6667, "name": "line_purple_24_" },
					{ "time": 6.8, "name": "line_purple_28_" },
					{ "time": 6.9333, "name": "line_purple_32_" },
					{ "time": 7.0667, "name": "line_purple_36_" },
					{ "time": 7.2, "name": "line_purple_40_" },
					{ "time": 7.3333, "name": "line_purple_44_" },
					{ "time": 7.4667, "name": "line_purple_48_" },
					{ "time": 7.6, "name": "line_purple_52_" },
					{ "time": 7.7333, "name": "line_purple_56_" },
					{ "time": 7.8667, "name": "line_purple_60_" },
					{ "time": 8, "name": null }
				]
			},
			"line_purple2": {
				"attachment": [
					{ "time": 3.8667, "name": "line_purple_00_" },
					{ "time": 4, "name": "line_purple_04_" },
					{ "time": 4.1333, "name": "line_purple_08_" },
					{ "time": 4.2667, "name": "line_purple_12_" },
					{ "time": 4.4, "name": "line_purple_16_" },
					{ "time": 4.5333, "name": "line_purple_20_" },
					{ "time": 4.6667, "name": "line_purple_24_" },
					{ "time": 4.8, "name": "line_purple_28_" },
					{ "time": 4.9333, "name": "line_purple_32_" },
					{ "time": 5.0667, "name": "line_purple_36_" },
					{ "time": 5.2, "name": "line_purple_40_" },
					{ "time": 5.3333, "name": "line_purple_44_" },
					{ "time": 5.4667, "name": "line_purple_48_" },
					{ "time": 5.6, "name": "line_purple_52_" },
					{ "time": 5.7333, "name": "line_purple_56_" },
					{ "time": 5.8667, "name": "line_purple_00_" },
					{ "time": 6, "name": "line_purple_04_" },
					{ "time": 6.1333, "name": "line_purple_08_" },
					{ "time": 6.2667, "name": "line_purple_12_" },
					{ "time": 6.4, "name": "line_purple_16_" },
					{ "time": 6.5333, "name": "line_purple_20_" },
					{ "time": 6.6667, "name": "line_purple_24_" },
					{ "time": 6.8, "name": "line_purple_28_" },
					{ "time": 6.9333, "name": "line_purple_32_" },
					{ "time": 7.0667, "name": "line_purple_36_" },
					{ "time": 7.2, "name": "line_purple_40_" },
					{ "time": 7.3333, "name": "line_purple_44_" },
					{ "time": 7.4667, "name": "line_purple_48_" },
					{ "time": 7.6, "name": "line_purple_52_" },
					{ "time": 7.7333, "name": "line_purple_56_" },
					{ "time": 7.8667, "name": "line_purple_60_" },
					{ "time": 8, "name": null }
				]
			},
			"line_purple3": {
				"attachment": [
					{ "time": 3.8667, "name": "line_purple_00_" },
					{ "time": 4, "name": "line_purple_04_" },
					{ "time": 4.1333, "name": "line_purple_08_" },
					{ "time": 4.2667, "name": "line_purple_12_" },
					{ "time": 4.4, "name": "line_purple_16_" },
					{ "time": 4.5333, "name": "line_purple_20_" },
					{ "time": 4.6667, "name": "line_purple_24_" },
					{ "time": 4.8, "name": "line_purple_28_" },
					{ "time": 4.9333, "name": "line_purple_32_" },
					{ "time": 5.0667, "name": "line_purple_36_" },
					{ "time": 5.2, "name": "line_purple_40_" },
					{ "time": 5.3333, "name": "line_purple_44_" },
					{ "time": 5.4667, "name": "line_purple_48_" },
					{ "time": 5.6, "name": "line_purple_52_" },
					{ "time": 5.7333, "name": "line_purple_56_" },
					{ "time": 5.8667, "name": "line_purple_00_" },
					{ "time": 6, "name": "line_purple_04_" },
					{ "time": 6.1333, "name": "line_purple_08_" },
					{ "time": 6.2667, "name": "line_purple_12_" },
					{ "time": 6.4, "name": "line_purple_16_" },
					{ "time": 6.5333, "name": "line_purple_20_" },
					{ "time": 6.6667, "name": "line_purple_24_" },
					{ "time": 6.8, "name": "line_purple_28_" },
					{ "time": 6.9333, "name": "line_purple_32_" },
					{ "time": 7.0667, "name": "line_purple_36_" },
					{ "time": 7.2, "name": "line_purple_40_" },
					{ "time": 7.3333, "name": "line_purple_44_" },
					{ "time": 7.4667, "name": "line_purple_48_" },
					{ "time": 7.6, "name": "line_purple_52_" },
					{ "time": 7.7333, "name": "line_purple_56_" },
					{ "time": 7.8667, "name": "line_purple_60_" },
					{ "time": 8, "name": null }
				]
			}
		},
		"bones": {
			"fazhen_blue_ctr": {
				"scale": [
					{ "time": 0, "x": 1, "y": 0.6 }
				]
			},
			"fazhen_purple_": {
				"rotate": [
					{ "time": 4, "angle": 0 },
					{ "time": 5.3333, "angle": 120 },
					{ "time": 6.6667, "angle": -120 },
					{ "time": 8, "angle": 0 }
				]
			},
			"door_purple2": {
				"translate": [
					{ "time": 0, "x": -172.12, "y": 145 }
				]
			},
			"door_purple3": {
				"translate": [
					{ "time": 0, "x": 168, "y": 145 }
				]
			},
			"line_purple": {
				"translate": [
					{ "time": 0, "x": 7.13, "y": 79.58 }
				]
			},
			"line_purple2": {
				"rotate": [
					{ "time": 0, "angle": -48.21 }
				],
				"translate": [
					{ "time": 0, "x": -85.38, "y": -30.82 }
				],
				"scale": [
					{ "time": 0, "x": 0.78, "y": 1 }
				]
			},
			"line_purple3": {
				"rotate": [
					{ "time": 0, "angle": -131.39 }
				],
				"translate": [
					{ "time": 0, "x": 90.15, "y": -29.04 }
				],
				"scale": [
					{ "time": 0, "x": -0.78, "y": 1 }
				]
			},
			"guangshu_purple2": {
				"translate": [
					{ "time": 0, "x": -175.85, "y": 223.71 }
				]
			},
			"guangshu_purple3": {
				"translate": [
					{ "time": 0, "x": 163.61, "y": 223.71 }
				]
			},
			"ball_purple": {
				"translate": [
					{ "time": 0, "x": 0, "y": 0 }
				]
			},
			"ball_purple2": {
				"translate": [
					{ "time": 0, "x": -170.29, "y": 199.23, "curve": "stepped" },
					{ "time": 4, "x": -170.29, "y": 199.23 },
					{ "time": 7.9333, "x": 173.63, "y": 199.23 }
				]
			},
			"ball_purple3": {
				"translate": [
					{ "time": 0, "x": 173.63, "y": 199.23 }
				]
			},
			"dian_shu_zi2": {
				"rotate": [
					{ "time": 0, "angle": -77.35 }
				],
				"translate": [
					{ "time": 0, "x": 5.12, "y": -62.77 }
				]
			}
		}
	},
	"front": {
		"slots": {
			"ball_purple": {
				"attachment": [
					{ "time": 4, "name": "ball_purple_00_" },
					{ "time": 4.0667, "name": "ball_purple_02_" },
					{ "time": 4.1333, "name": "ball_purple_04_" },
					{ "time": 4.2, "name": "ball_purple_06_" },
					{ "time": 4.2667, "name": "ball_purple_08_" },
					{ "time": 4.3333, "name": "ball_purple_10_" },
					{ "time": 4.4, "name": "ball_purple_12_" },
					{ "time": 4.4667, "name": "ball_purple_14_" },
					{ "time": 4.5333, "name": "ball_purple_16_" },
					{ "time": 4.6, "name": "ball_purple_18_" },
					{ "time": 4.6667, "name": "ball_purple_20_" },
					{ "time": 4.7333, "name": "ball_purple_22_" },
					{ "time": 4.8, "name": "ball_purple_24_" },
					{ "time": 4.8667, "name": "ball_purple_26_" },
					{ "time": 4.9333, "name": "ball_purple_28_" },
					{ "time": 5, "name": "ball_purple_00_" },
					{ "time": 5.0667, "name": "ball_purple_02_" },
					{ "time": 5.1333, "name": "ball_purple_04_" },
					{ "time": 5.2, "name": "ball_purple_06_" },
					{ "time": 5.2667, "name": "ball_purple_08_" },
					{ "time": 5.3333, "name": "ball_purple_10_" },
					{ "time": 5.4, "name": "ball_purple_12_" },
					{ "time": 5.4667, "name": "ball_purple_14_" },
					{ "time": 5.5333, "name": "ball_purple_16_" },
					{ "time": 5.6, "name": "ball_purple_18_" },
					{ "time": 5.6667, "name": "ball_purple_20_" },
					{ "time": 5.7333, "name": "ball_purple_22_" },
					{ "time": 5.8, "name": "ball_purple_24_" },
					{ "time": 5.8667, "name": "ball_purple_26_" },
					{ "time": 5.9333, "name": "ball_purple_28_" },
					{ "time": 6, "name": "ball_purple_00_" },
					{ "time": 6.0667, "name": "ball_purple_02_" },
					{ "time": 6.1333, "name": "ball_purple_04_" },
					{ "time": 6.2, "name": "ball_purple_06_" },
					{ "time": 6.2667, "name": "ball_purple_08_" },
					{ "time": 6.3333, "name": "ball_purple_10_" },
					{ "time": 6.4, "name": "ball_purple_12_" },
					{ "time": 6.4667, "name": "ball_purple_14_" },
					{ "time": 6.5333, "name": "ball_purple_16_" },
					{ "time": 6.6, "name": "ball_purple_18_" },
					{ "time": 6.6667, "name": "ball_purple_20_" },
					{ "time": 6.7333, "name": "ball_purple_22_" },
					{ "time": 6.8, "name": "ball_purple_24_" },
					{ "time": 6.8667, "name": "ball_purple_26_" },
					{ "time": 6.9333, "name": "ball_purple_28_" },
					{ "time": 7, "name": "ball_purple_00_" },
					{ "time": 7.0667, "name": "ball_purple_02_" },
					{ "time": 7.1333, "name": "ball_purple_04_" },
					{ "time": 7.2, "name": "ball_purple_06_" },
					{ "time": 7.2667, "name": "ball_purple_08_" },
					{ "time": 7.3333, "name": "ball_purple_10_" },
					{ "time": 7.4, "name": "ball_purple_12_" },
					{ "time": 7.4667, "name": "ball_purple_14_" },
					{ "time": 7.5333, "name": "ball_purple_16_" },
					{ "time": 7.6, "name": "ball_purple_18_" },
					{ "time": 7.6667, "name": "ball_purple_20_" },
					{ "time": 7.7333, "name": "ball_purple_22_" },
					{ "time": 7.8, "name": "ball_purple_24_" },
					{ "time": 7.8667, "name": "ball_purple_26_" },
					{ "time": 7.9333, "name": "ball_purple_28_" },
					{ "time": 8, "name": null }
				]
			},
			"ball_purple3": {
				"attachment": [
					{ "time": 4, "name": "ball_purple_00_" },
					{ "time": 4.0667, "name": "ball_purple_02_" },
					{ "time": 4.1333, "name": "ball_purple_04_" },
					{ "time": 4.2, "name": "ball_purple_06_" },
					{ "time": 4.2667, "name": "ball_purple_08_" },
					{ "time": 4.3333, "name": "ball_purple_10_" },
					{ "time": 4.4, "name": "ball_purple_12_" },
					{ "time": 4.4667, "name": "ball_purple_14_" },
					{ "time": 4.5333, "name": "ball_purple_16_" },
					{ "time": 4.6, "name": "ball_purple_18_" },
					{ "time": 4.6667, "name": "ball_purple_20_" },
					{ "time": 4.7333, "name": "ball_purple_22_" },
					{ "time": 4.8, "name": "ball_purple_24_" },
					{ "time": 4.8667, "name": "ball_purple_26_" },
					{ "time": 4.9333, "name": "ball_purple_28_" },
					{ "time": 5, "name": "ball_purple_00_" },
					{ "time": 5.0667, "name": "ball_purple_02_" },
					{ "time": 5.1333, "name": "ball_purple_04_" },
					{ "time": 5.2, "name": "ball_purple_06_" },
					{ "time": 5.2667, "name": "ball_purple_08_" },
					{ "time": 5.3333, "name": "ball_purple_10_" },
					{ "time": 5.4, "name": "ball_purple_12_" },
					{ "time": 5.4667, "name": "ball_purple_14_" },
					{ "time": 5.5333, "name": "ball_purple_16_" },
					{ "time": 5.6, "name": "ball_purple_18_" },
					{ "time": 5.6667, "name": "ball_purple_20_" },
					{ "time": 5.7333, "name": "ball_purple_22_" },
					{ "time": 5.8, "name": "ball_purple_24_" },
					{ "time": 5.8667, "name": "ball_purple_26_" },
					{ "time": 5.9333, "name": "ball_purple_28_" },
					{ "time": 6, "name": "ball_purple_00_" },
					{ "time": 6.0667, "name": "ball_purple_02_" },
					{ "time": 6.1333, "name": "ball_purple_04_" },
					{ "time": 6.2, "name": "ball_purple_06_" },
					{ "time": 6.2667, "name": "ball_purple_08_" },
					{ "time": 6.3333, "name": "ball_purple_10_" },
					{ "time": 6.4, "name": "ball_purple_12_" },
					{ "time": 6.4667, "name": "ball_purple_14_" },
					{ "time": 6.5333, "name": "ball_purple_16_" },
					{ "time": 6.6, "name": "ball_purple_18_" },
					{ "time": 6.6667, "name": "ball_purple_20_" },
					{ "time": 6.7333, "name": "ball_purple_22_" },
					{ "time": 6.8, "name": "ball_purple_24_" },
					{ "time": 6.8667, "name": "ball_purple_26_" },
					{ "time": 6.9333, "name": "ball_purple_28_" },
					{ "time": 7, "name": "ball_purple_00_" },
					{ "time": 7.0667, "name": "ball_purple_02_" },
					{ "time": 7.1333, "name": "ball_purple_04_" },
					{ "time": 7.2, "name": "ball_purple_06_" },
					{ "time": 7.2667, "name": "ball_purple_08_" },
					{ "time": 7.3333, "name": "ball_purple_10_" },
					{ "time": 7.4, "name": "ball_purple_12_" },
					{ "time": 7.4667, "name": "ball_purple_14_" },
					{ "time": 7.5333, "name": "ball_purple_16_" },
					{ "time": 7.6, "name": "ball_purple_18_" },
					{ "time": 7.6667, "name": "ball_purple_20_" },
					{ "time": 7.7333, "name": "ball_purple_22_" },
					{ "time": 7.8, "name": "ball_purple_24_" },
					{ "time": 7.8667, "name": "ball_purple_26_" },
					{ "time": 7.9333, "name": "ball_purple_28_" },
					{ "time": 8, "name": null }
				]
			},
			"dian_shu_zi": {
				"attachment": [
					{ "time": 5.6667, "name": "dian_shu_zi_01_" },
					{ "time": 5.7333, "name": "dian_shu_zi_03_" },
					{ "time": 5.8, "name": "dian_shu_zi_05_" },
					{ "time": 5.8667, "name": "dian_shu_zi_07_" },
					{ "time": 5.9333, "name": "dian_shu_zi_09_" },
					{ "time": 6, "name": "dian_shu_zi_11_" },
					{ "time": 6.0667, "name": "dian_shu_zi_13_" },
					{ "time": 6.1333, "name": null }
				]
			},
			"dian_shu_zi3": {
				"attachment": [
					{ "time": 5.6667, "name": "dian_shu_zi_01_" },
					{ "time": 5.7333, "name": "dian_shu_zi_03_" },
					{ "time": 5.8, "name": "dian_shu_zi_05_" },
					{ "time": 5.8667, "name": "dian_shu_zi_07_" },
					{ "time": 5.9333, "name": "dian_shu_zi_09_" },
					{ "time": 6, "name": "dian_shu_zi_11_" },
					{ "time": 6.0667, "name": "dian_shu_zi_13_" },
					{ "time": 6.1333, "name": null }
				]
			},
			"dianliu_heng_zi": {
				"attachment": [
					{ "time": 5.6667, "name": "dianliu_heng_zi_00_" },
					{ "time": 5.7333, "name": "dianliu_heng_zi_01_" },
					{ "time": 5.8, "name": "dianliu_heng_zi_02_" },
					{ "time": 5.8667, "name": "dianliu_heng_zi_03_" },
					{ "time": 5.9333, "name": "dianliu_heng_zi_04_" },
					{ "time": 6, "name": "dianliu_heng_zi_05_" },
					{ "time": 6.0667, "name": "dianliu_heng_zi_06_" },
					{ "time": 6.1333, "name": "dianliu_heng_zi_07_" },
					{ "time": 6.2, "name": "dianliu_heng_zi_08_" },
					{ "time": 6.2667, "name": "dianliu_heng_zi_09_" },
					{ "time": 6.3333, "name": null }
				]
			},
			"dianliu_heng_zi2": {
				"attachment": [
					{ "time": 5.6667, "name": "dianliu_heng_zi_00_" },
					{ "time": 5.7333, "name": "dianliu_heng_zi_01_" },
					{ "time": 5.8, "name": "dianliu_heng_zi_02_" },
					{ "time": 5.8667, "name": "dianliu_heng_zi_03_" },
					{ "time": 5.9333, "name": "dianliu_heng_zi_04_" },
					{ "time": 6, "name": "dianliu_heng_zi_05_" },
					{ "time": 6.0667, "name": "dianliu_heng_zi_06_" },
					{ "time": 6.1333, "name": "dianliu_heng_zi_07_" },
					{ "time": 6.2, "name": "dianliu_heng_zi_08_" },
					{ "time": 6.2667, "name": "dianliu_heng_zi_09_" },
					{ "time": 6.3333, "name": null }
				]
			},
			"dianliu_heng_zi3": {
				"attachment": [
					{ "time": 5.6667, "name": "dianliu_heng_zi_00_" },
					{ "time": 5.7333, "name": "dianliu_heng_zi_01_" },
					{ "time": 5.8, "name": "dianliu_heng_zi_02_" },
					{ "time": 5.8667, "name": "dianliu_heng_zi_03_" },
					{ "time": 5.9333, "name": "dianliu_heng_zi_04_" },
					{ "time": 6, "name": "dianliu_heng_zi_05_" },
					{ "time": 6.0667, "name": "dianliu_heng_zi_06_" },
					{ "time": 6.1333, "name": "dianliu_heng_zi_07_" },
					{ "time": 6.2, "name": "dianliu_heng_zi_08_" },
					{ "time": 6.2667, "name": "dianliu_heng_zi_09_" },
					{ "time": 6.3333, "name": null }
				]
			},
			"door_purple": {
				"attachment": [
					{ "time": 3.8667, "name": "door_purple_00_" },
					{ "time": 4, "name": "door_purple_04_" },
					{ "time": 4.1333, "name": "door_purple_08_" },
					{ "time": 4.2667, "name": "door_purple_12_" },
					{ "time": 4.4, "name": "door_purple_16_" },
					{ "time": 4.5333, "name": "door_purple_20_" },
					{ "time": 4.6667, "name": "door_purple_24_" },
					{ "time": 4.8, "name": "door_purple_28_" },
					{ "time": 4.9333, "name": "door_purple_32_" },
					{ "time": 5.0667, "name": "door_purple_36_" },
					{ "time": 5.2, "name": "door_purple_40_" },
					{ "time": 5.3333, "name": "door_purple_44_" },
					{ "time": 5.4667, "name": "door_purple_48_" },
					{ "time": 5.6, "name": "door_purple_52_" },
					{ "time": 5.7333, "name": "door_purple_56_" },
					{ "time": 5.8667, "name": "door_purple_00_" },
					{ "time": 6, "name": "door_purple_04_" },
					{ "time": 6.1333, "name": "door_purple_08_" },
					{ "time": 6.2667, "name": "door_purple_12_" },
					{ "time": 6.4, "name": "door_purple_16_" },
					{ "time": 6.5333, "name": "door_purple_20_" },
					{ "time": 6.6667, "name": "door_purple_24_" },
					{ "time": 6.8, "name": "door_purple_28_" },
					{ "time": 6.9333, "name": "door_purple_32_" },
					{ "time": 7.0667, "name": "door_purple_36_" },
					{ "time": 7.2, "name": "door_purple_40_" },
					{ "time": 7.3333, "name": "door_purple_44_" },
					{ "time": 7.4667, "name": "door_purple_48_" },
					{ "time": 7.6, "name": "door_purple_52_" },
					{ "time": 7.7333, "name": "door_purple_56_" },
					{ "time": 7.8667, "name": "door_purple_60_" },
					{ "time": 8, "name": null }
				]
			},
			"guangshu_purple": {
				"attachment": [
					{ "time": 4, "name": "guangshu_purple_01_" },
					{ "time": 4.0667, "name": "guangshu_purple_03_" },
					{ "time": 4.1333, "name": "guangshu_purple_05_" },
					{ "time": 4.2, "name": "guangshu_purple_07_" },
					{ "time": 4.2667, "name": "guangshu_purple_09_" },
					{ "time": 4.3333, "name": "guangshu_purple_11_" },
					{ "time": 4.4, "name": "guangshu_purple_13_" },
					{ "time": 4.4667, "name": "guangshu_purple_15_" },
					{ "time": 4.5333, "name": "guangshu_purple_17_" },
					{ "time": 4.6, "name": "guangshu_purple_19_" },
					{ "time": 4.6667, "name": "guangshu_purple_21_" },
					{ "time": 4.7333, "name": "guangshu_purple_23_" },
					{ "time": 4.8, "name": "guangshu_purple_25_" },
					{ "time": 4.8667, "name": "guangshu_purple_27_" },
					{ "time": 4.9333, "name": null }
				]
			}
		},
		"bones": {
			"fazhen_blue_ctr": {
				"scale": [
					{ "time": 0, "x": 1, "y": 0.6 }
				]
			},
			"door_purple": {
				"translate": [
					{ "time": 0, "x": 0.89, "y": -61.48 }
				]
			},
			"guangshu_purple": {
				"translate": [
					{ "time": 0, "x": -1.11, "y": 18.92 }
				]
			},
			"ball_purple": {
				"translate": [
					{ "time": 0, "x": 0, "y": 0, "curve": "stepped" },
					{ "time": 4, "x": 0, "y": 0 },
					{ "time": 7.9333, "x": -170.29, "y": 199.23 }
				]
			},
			"ball_purple3": {
				"translate": [
					{ "time": 0, "x": 173.63, "y": 199.23, "curve": "stepped" },
					{ "time": 4, "x": 173.63, "y": 199.23 },
					{ "time": 7.9333, "x": 0, "y": 0 }
				]
			},
			"dianliu_heng_zi": {
				"translate": [
					{ "time": 0, "x": 8.9, "y": 97.94 }
				]
			},
			"dianliu_heng_zi2": {
				"rotate": [
					{ "time": 0, "angle": 122.13 }
				],
				"translate": [
					{ "time": 0, "x": 38.96, "y": 146.92 }
				],
				"scale": [
					{ "time": 0, "x": 0.795, "y": 1 }
				]
			},
			"dianliu_heng_zi3": {
				"rotate": [
					{ "time": 0, "angle": -116.33 }
				],
				"translate": [
					{ "time": 0, "x": -40.07, "y": 131.33 }
				],
				"scale": [
					{ "time": 0, "x": 0.795, "y": 1 }
				]
			},
			"dian_shu_zi": {
				"rotate": [
					{ "time": 0, "angle": -104.09 }
				],
				"translate": [
					{ "time": 0, "x": -19.81, "y": -74.35 }
				]
			},
			"dian_shu_zi3": {
				"rotate": [
					{ "time": 0, "angle": -74.21 }
				],
				"translate": [
					{ "time": 0, "x": 19.37, "y": -69.9 }
				]
			}
		}
	}
}
}