{"skeleton":{"hash":"1MjdDGppN1x37CHpJkGFT+xbzwU","spine":"3.7.94","width":0,"height":0,"images":"./images/","audio":"H:/COK项目/Spine工程/盲盒—运动系列Spine/盲盒—紫衣拳击Spine/紫色待机休闲_group/mh_qj_purple_idle_A"},"bones":[{"name":"root"},{"name":"ctr","parent":"root","scaleX":1.25,"scaleY":1.25},{"name":"mhqjpurpleidle_UL_","parent":"ctr"},{"name":"mhqjpurpleidle_UR_","parent":"ctr"},{"name":"mhqjpurpleidle_DL_","parent":"ctr"},{"name":"mhqjpurpleidle_DR_","parent":"ctr"}],"slots":[{"name":"mhqjpurpleidle_UL_","bone":"mhqjpurpleidle_UL_"},{"name":"mhqjpurpleidle_UR_","bone":"mhqjpurpleidle_UR_"},{"name":"mhqjpurpleidle_DL_","bone":"mhqjpurpleidle_DL_"},{"name":"mhqjpurpleidle_DR_","bone":"mhqjpurpleidle_DR_"}],"skins":{"default":{"mhqjpurpleidle_DL_":{"mhqjpurpleidle_DL_000_":{"x":-301,"y":-323.5,"width":602,"height":647},"mhqjpurpleidle_DL_003_":{"x":-301,"y":-323.5,"width":602,"height":647},"mhqjpurpleidle_DL_006_":{"x":-301,"y":-323.5,"width":602,"height":647},"mhqjpurpleidle_DL_009_":{"x":-301,"y":-323.5,"width":602,"height":647},"mhqjpurpleidle_DL_012_":{"x":-301,"y":-323.5,"width":602,"height":647},"mhqjpurpleidle_DL_015_":{"x":-301,"y":-323.5,"width":602,"height":647},"mhqjpurpleidle_DL_018_":{"x":-301,"y":-323.5,"width":602,"height":647},"mhqjpurpleidle_DL_021_":{"x":-301,"y":-323.5,"width":602,"height":647},"mhqjpurpleidle_DL_024_":{"x":-301,"y":-323.5,"width":602,"height":647},"mhqjpurpleidle_DL_027_":{"x":-301,"y":-323.5,"width":602,"height":647},"mhqjpurpleidle_DL_030_":{"x":-301,"y":-323.5,"width":602,"height":647},"mhqjpurpleidle_DL_033_":{"x":-301,"y":-323.5,"width":602,"height":647},"mhqjpurpleidle_DL_036_":{"x":-301,"y":-323.5,"width":602,"height":647},"mhqjpurpleidle_DL_039_":{"x":-301,"y":-323.5,"width":602,"height":647},"mhqjpurpleidle_DL_042_":{"x":-301,"y":-323.5,"width":602,"height":647},"mhqjpurpleidle_DL_045_":{"x":-301,"y":-323.5,"width":602,"height":647},"mhqjpurpleidle_DL_048_":{"x":-301,"y":-323.5,"width":602,"height":647},"mhqjpurpleidle_DL_051_":{"x":-301,"y":-323.5,"width":602,"height":647},"mhqjpurpleidle_DL_054_":{"x":-301,"y":-323.5,"width":602,"height":647},"mhqjpurpleidle_DL_057_":{"x":-301,"y":-323.5,"width":602,"height":647},"mhqjpurpleidle_DL_060_":{"x":-301,"y":-323.5,"width":602,"height":647},"mhqjpurpleidle_DL_063_":{"x":-301,"y":-323.5,"width":602,"height":647},"mhqjpurpleidle_DL_066_":{"x":-301,"y":-323.5,"width":602,"height":647},"mhqjpurpleidle_DL_069_":{"x":-301,"y":-323.5,"width":602,"height":647},"mhqjpurpleidle_DL_072_":{"x":-301,"y":-323.5,"width":602,"height":647},"mhqjpurpleidle_DL_075_":{"x":-301,"y":-323.5,"width":602,"height":647},"mhqjpurpleidle_DL_078_":{"x":-301,"y":-323.5,"width":602,"height":647},"mhqjpurpleidle_DL_081_":{"x":-301,"y":-323.5,"width":602,"height":647},"mhqjpurpleidle_DL_084_":{"x":-301,"y":-323.5,"width":602,"height":647},"mhqjpurpleidle_DL_087_":{"x":-301,"y":-323.5,"width":602,"height":647},"mhqjpurpleidle_DL_090_":{"x":-301,"y":-323.5,"width":602,"height":647},"mhqjpurpleidle_DL_093_":{"x":-301,"y":-323.5,"width":602,"height":647},"mhqjpurpleidle_DL_096_":{"x":-301,"y":-323.5,"width":602,"height":647},"mhqjpurpleidle_DL_099_":{"x":-301,"y":-323.5,"width":602,"height":647},"mhqjpurpleidle_DL_102_":{"x":-301,"y":-323.5,"width":602,"height":647},"mhqjpurpleidle_DL_105_":{"x":-301,"y":-323.5,"width":602,"height":647},"mhqjpurpleidle_DL_108_":{"x":-301,"y":-323.5,"width":602,"height":647},"mhqjpurpleidle_DL_111_":{"x":-301,"y":-323.5,"width":602,"height":647},"mhqjpurpleidle_DL_114_":{"x":-301,"y":-323.5,"width":602,"height":647},"mhqjpurpleidle_DL_117_":{"x":-301,"y":-323.5,"width":602,"height":647},"mhqjpurpleidle_DL_120_":{"x":-301,"y":-323.5,"width":602,"height":647},"mhqjpurpleidle_DL_123_":{"x":-301,"y":-323.5,"width":602,"height":647},"mhqjpurpleidle_DL_126_":{"x":-301,"y":-323.5,"width":602,"height":647},"mhqjpurpleidle_DL_129_":{"x":-301,"y":-323.5,"width":602,"height":647},"mhqjpurpleidle_DL_130_":{"x":-301,"y":-323.5,"width":602,"height":647},"mhqjpurpleidle_DL_131_":{"x":-301,"y":-323.5,"width":602,"height":647}},"mhqjpurpleidle_DR_":{"mhqjpurpleidle_DR_000_":{"x":339,"y":-323.5,"width":678,"height":647},"mhqjpurpleidle_DR_003_":{"x":339,"y":-323.5,"width":678,"height":647},"mhqjpurpleidle_DR_006_":{"x":339,"y":-323.5,"width":678,"height":647},"mhqjpurpleidle_DR_009_":{"x":339,"y":-323.5,"width":678,"height":647},"mhqjpurpleidle_DR_012_":{"x":339,"y":-323.5,"width":678,"height":647},"mhqjpurpleidle_DR_015_":{"x":339,"y":-323.5,"width":678,"height":647},"mhqjpurpleidle_DR_018_":{"x":339,"y":-323.5,"width":678,"height":647},"mhqjpurpleidle_DR_021_":{"x":339,"y":-323.5,"width":678,"height":647},"mhqjpurpleidle_DR_024_":{"x":339,"y":-323.5,"width":678,"height":647},"mhqjpurpleidle_DR_027_":{"x":339,"y":-323.5,"width":678,"height":647},"mhqjpurpleidle_DR_030_":{"x":339,"y":-323.5,"width":678,"height":647},"mhqjpurpleidle_DR_033_":{"x":339,"y":-323.5,"width":678,"height":647},"mhqjpurpleidle_DR_036_":{"x":339,"y":-323.5,"width":678,"height":647},"mhqjpurpleidle_DR_039_":{"x":339,"y":-323.5,"width":678,"height":647},"mhqjpurpleidle_DR_042_":{"x":339,"y":-323.5,"width":678,"height":647},"mhqjpurpleidle_DR_045_":{"x":339,"y":-323.5,"width":678,"height":647},"mhqjpurpleidle_DR_048_":{"x":339,"y":-323.5,"width":678,"height":647},"mhqjpurpleidle_DR_051_":{"x":339,"y":-323.5,"width":678,"height":647},"mhqjpurpleidle_DR_054_":{"x":339,"y":-323.5,"width":678,"height":647},"mhqjpurpleidle_DR_057_":{"x":339,"y":-323.5,"width":678,"height":647},"mhqjpurpleidle_DR_060_":{"x":339,"y":-323.5,"width":678,"height":647},"mhqjpurpleidle_DR_063_":{"x":339,"y":-323.5,"width":678,"height":647},"mhqjpurpleidle_DR_066_":{"x":339,"y":-323.5,"width":678,"height":647},"mhqjpurpleidle_DR_069_":{"x":339,"y":-323.5,"width":678,"height":647},"mhqjpurpleidle_DR_072_":{"x":339,"y":-323.5,"width":678,"height":647},"mhqjpurpleidle_DR_075_":{"x":339,"y":-323.5,"width":678,"height":647},"mhqjpurpleidle_DR_078_":{"x":339,"y":-323.5,"width":678,"height":647},"mhqjpurpleidle_DR_081_":{"x":339,"y":-323.5,"width":678,"height":647},"mhqjpurpleidle_DR_084_":{"x":339,"y":-323.5,"width":678,"height":647},"mhqjpurpleidle_DR_087_":{"x":339,"y":-323.5,"width":678,"height":647},"mhqjpurpleidle_DR_090_":{"x":339,"y":-323.5,"width":678,"height":647},"mhqjpurpleidle_DR_093_":{"x":339,"y":-323.5,"width":678,"height":647},"mhqjpurpleidle_DR_096_":{"x":339,"y":-323.5,"width":678,"height":647},"mhqjpurpleidle_DR_099_":{"x":339,"y":-323.5,"width":678,"height":647},"mhqjpurpleidle_DR_102_":{"x":339,"y":-323.5,"width":678,"height":647},"mhqjpurpleidle_DR_105_":{"x":339,"y":-323.5,"width":678,"height":647},"mhqjpurpleidle_DR_108_":{"x":339,"y":-323.5,"width":678,"height":647},"mhqjpurpleidle_DR_111_":{"x":339,"y":-323.5,"width":678,"height":647},"mhqjpurpleidle_DR_114_":{"x":339,"y":-323.5,"width":678,"height":647},"mhqjpurpleidle_DR_117_":{"x":339,"y":-323.5,"width":678,"height":647},"mhqjpurpleidle_DR_120_":{"x":339,"y":-323.5,"width":678,"height":647},"mhqjpurpleidle_DR_123_":{"x":339,"y":-323.5,"width":678,"height":647},"mhqjpurpleidle_DR_126_":{"x":339,"y":-323.5,"width":678,"height":647},"mhqjpurpleidle_DR_129_":{"x":339,"y":-323.5,"width":678,"height":647},"mhqjpurpleidle_DR_130_":{"x":339,"y":-323.5,"width":678,"height":647},"mhqjpurpleidle_DR_131_":{"x":339,"y":-323.5,"width":678,"height":647}},"mhqjpurpleidle_UL_":{"mhqjpurpleidle_UL_000_":{"x":-301,"y":316.5,"width":602,"height":633},"mhqjpurpleidle_UL_003_":{"x":-301,"y":316.5,"width":602,"height":633},"mhqjpurpleidle_UL_006_":{"x":-301,"y":316.5,"width":602,"height":633},"mhqjpurpleidle_UL_009_":{"x":-301,"y":316.5,"width":602,"height":633},"mhqjpurpleidle_UL_012_":{"x":-301,"y":316.5,"width":602,"height":633},"mhqjpurpleidle_UL_015_":{"x":-301,"y":316.5,"width":602,"height":633},"mhqjpurpleidle_UL_018_":{"x":-301,"y":316.5,"width":602,"height":633},"mhqjpurpleidle_UL_021_":{"x":-301,"y":316.5,"width":602,"height":633},"mhqjpurpleidle_UL_024_":{"x":-301,"y":316.5,"width":602,"height":633},"mhqjpurpleidle_UL_027_":{"x":-301,"y":316.5,"width":602,"height":633},"mhqjpurpleidle_UL_030_":{"x":-301,"y":316.5,"width":602,"height":633},"mhqjpurpleidle_UL_033_":{"x":-301,"y":316.5,"width":602,"height":633},"mhqjpurpleidle_UL_036_":{"x":-301,"y":316.5,"width":602,"height":633},"mhqjpurpleidle_UL_039_":{"x":-301,"y":316.5,"width":602,"height":633},"mhqjpurpleidle_UL_042_":{"x":-301,"y":316.5,"width":602,"height":633},"mhqjpurpleidle_UL_045_":{"x":-301,"y":316.5,"width":602,"height":633},"mhqjpurpleidle_UL_048_":{"x":-301,"y":316.5,"width":602,"height":633},"mhqjpurpleidle_UL_051_":{"x":-301,"y":316.5,"width":602,"height":633},"mhqjpurpleidle_UL_054_":{"x":-301,"y":316.5,"width":602,"height":633},"mhqjpurpleidle_UL_057_":{"x":-301,"y":316.5,"width":602,"height":633},"mhqjpurpleidle_UL_060_":{"x":-301,"y":316.5,"width":602,"height":633},"mhqjpurpleidle_UL_063_":{"x":-301,"y":316.5,"width":602,"height":633},"mhqjpurpleidle_UL_066_":{"x":-301,"y":316.5,"width":602,"height":633},"mhqjpurpleidle_UL_069_":{"x":-301,"y":316.5,"width":602,"height":633},"mhqjpurpleidle_UL_072_":{"x":-301,"y":316.5,"width":602,"height":633},"mhqjpurpleidle_UL_075_":{"x":-301,"y":316.5,"width":602,"height":633},"mhqjpurpleidle_UL_078_":{"x":-301,"y":316.5,"width":602,"height":633},"mhqjpurpleidle_UL_081_":{"x":-301,"y":316.5,"width":602,"height":633},"mhqjpurpleidle_UL_084_":{"x":-301,"y":316.5,"width":602,"height":633},"mhqjpurpleidle_UL_087_":{"x":-301,"y":316.5,"width":602,"height":633},"mhqjpurpleidle_UL_090_":{"x":-301,"y":316.5,"width":602,"height":633},"mhqjpurpleidle_UL_093_":{"x":-301,"y":316.5,"width":602,"height":633},"mhqjpurpleidle_UL_096_":{"x":-301,"y":316.5,"width":602,"height":633},"mhqjpurpleidle_UL_099_":{"x":-301,"y":316.5,"width":602,"height":633},"mhqjpurpleidle_UL_102_":{"x":-301,"y":316.5,"width":602,"height":633},"mhqjpurpleidle_UL_105_":{"x":-301,"y":316.5,"width":602,"height":633},"mhqjpurpleidle_UL_108_":{"x":-301,"y":316.5,"width":602,"height":633},"mhqjpurpleidle_UL_111_":{"x":-301,"y":316.5,"width":602,"height":633},"mhqjpurpleidle_UL_114_":{"x":-301,"y":316.5,"width":602,"height":633},"mhqjpurpleidle_UL_117_":{"x":-301,"y":316.5,"width":602,"height":633},"mhqjpurpleidle_UL_120_":{"x":-301,"y":316.5,"width":602,"height":633},"mhqjpurpleidle_UL_123_":{"x":-301,"y":316.5,"width":602,"height":633},"mhqjpurpleidle_UL_126_":{"x":-301,"y":316.5,"width":602,"height":633},"mhqjpurpleidle_UL_129_":{"x":-301,"y":316.5,"width":602,"height":633},"mhqjpurpleidle_UL_130_":{"x":-301,"y":316.5,"width":602,"height":633},"mhqjpurpleidle_UL_131_":{"x":-301,"y":316.5,"width":602,"height":633}},"mhqjpurpleidle_UR_":{"mhqjpurpleidle_UR_000_":{"x":339,"y":316.5,"width":678,"height":633},"mhqjpurpleidle_UR_003_":{"x":339,"y":316.5,"width":678,"height":633},"mhqjpurpleidle_UR_006_":{"x":339,"y":316.5,"width":678,"height":633},"mhqjpurpleidle_UR_009_":{"x":339,"y":316.5,"width":678,"height":633},"mhqjpurpleidle_UR_012_":{"x":339,"y":316.5,"width":678,"height":633},"mhqjpurpleidle_UR_015_":{"x":339,"y":316.5,"width":678,"height":633},"mhqjpurpleidle_UR_018_":{"x":339,"y":316.5,"width":678,"height":633},"mhqjpurpleidle_UR_021_":{"x":339,"y":316.5,"width":678,"height":633},"mhqjpurpleidle_UR_024_":{"x":339,"y":316.5,"width":678,"height":633},"mhqjpurpleidle_UR_027_":{"x":339,"y":316.5,"width":678,"height":633},"mhqjpurpleidle_UR_030_":{"x":339,"y":316.5,"width":678,"height":633},"mhqjpurpleidle_UR_033_":{"x":339,"y":316.5,"width":678,"height":633},"mhqjpurpleidle_UR_036_":{"x":339,"y":316.5,"width":678,"height":633},"mhqjpurpleidle_UR_039_":{"x":339,"y":316.5,"width":678,"height":633},"mhqjpurpleidle_UR_042_":{"x":339,"y":316.5,"width":678,"height":633},"mhqjpurpleidle_UR_045_":{"x":339,"y":316.5,"width":678,"height":633},"mhqjpurpleidle_UR_048_":{"x":339,"y":316.5,"width":678,"height":633},"mhqjpurpleidle_UR_051_":{"x":339,"y":316.5,"width":678,"height":633},"mhqjpurpleidle_UR_054_":{"x":339,"y":316.5,"width":678,"height":633},"mhqjpurpleidle_UR_057_":{"x":339,"y":316.5,"width":678,"height":633},"mhqjpurpleidle_UR_060_":{"x":339,"y":316.5,"width":678,"height":633},"mhqjpurpleidle_UR_063_":{"x":339,"y":316.5,"width":678,"height":633},"mhqjpurpleidle_UR_066_":{"x":339,"y":316.5,"width":678,"height":633},"mhqjpurpleidle_UR_069_":{"x":339,"y":316.5,"width":678,"height":633},"mhqjpurpleidle_UR_072_":{"x":339,"y":316.5,"width":678,"height":633},"mhqjpurpleidle_UR_075_":{"x":339,"y":316.5,"width":678,"height":633},"mhqjpurpleidle_UR_078_":{"x":339,"y":316.5,"width":678,"height":633},"mhqjpurpleidle_UR_081_":{"x":339,"y":316.5,"width":678,"height":633},"mhqjpurpleidle_UR_084_":{"x":339,"y":316.5,"width":678,"height":633},"mhqjpurpleidle_UR_087_":{"x":339,"y":316.5,"width":678,"height":633},"mhqjpurpleidle_UR_090_":{"x":339,"y":316.5,"width":678,"height":633},"mhqjpurpleidle_UR_093_":{"x":339,"y":316.5,"width":678,"height":633},"mhqjpurpleidle_UR_096_":{"x":339,"y":316.5,"width":678,"height":633},"mhqjpurpleidle_UR_099_":{"x":339,"y":316.5,"width":678,"height":633},"mhqjpurpleidle_UR_102_":{"x":339,"y":316.5,"width":678,"height":633},"mhqjpurpleidle_UR_105_":{"x":339,"y":316.5,"width":678,"height":633},"mhqjpurpleidle_UR_108_":{"x":339,"y":316.5,"width":678,"height":633},"mhqjpurpleidle_UR_111_":{"x":339,"y":316.5,"width":678,"height":633},"mhqjpurpleidle_UR_114_":{"x":339,"y":316.5,"width":678,"height":633},"mhqjpurpleidle_UR_117_":{"x":339,"y":316.5,"width":678,"height":633},"mhqjpurpleidle_UR_120_":{"x":339,"y":316.5,"width":678,"height":633},"mhqjpurpleidle_UR_123_":{"x":339,"y":316.5,"width":678,"height":633},"mhqjpurpleidle_UR_126_":{"x":339,"y":316.5,"width":678,"height":633},"mhqjpurpleidle_UR_129_":{"x":339,"y":316.5,"width":678,"height":633},"mhqjpurpleidle_UR_130_":{"x":339,"y":316.5,"width":678,"height":633},"mhqjpurpleidle_UR_131_":{"x":339,"y":316.5,"width":678,"height":633}}}},"animations":{"animation":{"slots":{"mhqjpurpleidle_DL_":{"attachment":[{"time":0,"name":"mhqjpurpleidle_DL_000_"},{"time":0.1,"name":"mhqjpurpleidle_DL_003_"},{"time":0.2,"name":"mhqjpurpleidle_DL_006_"},{"time":0.3,"name":"mhqjpurpleidle_DL_009_"},{"time":0.4,"name":"mhqjpurpleidle_DL_012_"},{"time":0.5,"name":"mhqjpurpleidle_DL_015_"},{"time":0.6,"name":"mhqjpurpleidle_DL_018_"},{"time":0.7,"name":"mhqjpurpleidle_DL_021_"},{"time":0.8,"name":"mhqjpurpleidle_DL_024_"},{"time":0.9,"name":"mhqjpurpleidle_DL_027_"},{"time":1,"name":"mhqjpurpleidle_DL_030_"},{"time":1.1,"name":"mhqjpurpleidle_DL_033_"},{"time":1.2,"name":"mhqjpurpleidle_DL_036_"},{"time":1.3,"name":"mhqjpurpleidle_DL_039_"},{"time":1.4,"name":"mhqjpurpleidle_DL_042_"},{"time":1.5,"name":"mhqjpurpleidle_DL_045_"},{"time":1.6,"name":"mhqjpurpleidle_DL_048_"},{"time":1.7,"name":"mhqjpurpleidle_DL_051_"},{"time":1.8,"name":"mhqjpurpleidle_DL_054_"},{"time":1.9,"name":"mhqjpurpleidle_DL_057_"},{"time":2,"name":"mhqjpurpleidle_DL_060_"},{"time":2.1,"name":"mhqjpurpleidle_DL_063_"},{"time":2.2,"name":"mhqjpurpleidle_DL_066_"},{"time":2.3,"name":"mhqjpurpleidle_DL_069_"},{"time":2.4,"name":"mhqjpurpleidle_DL_072_"},{"time":2.5,"name":"mhqjpurpleidle_DL_075_"},{"time":2.6,"name":"mhqjpurpleidle_DL_078_"},{"time":2.7,"name":"mhqjpurpleidle_DL_081_"},{"time":2.8,"name":"mhqjpurpleidle_DL_084_"},{"time":2.9,"name":"mhqjpurpleidle_DL_087_"},{"time":3,"name":"mhqjpurpleidle_DL_090_"},{"time":3.1,"name":"mhqjpurpleidle_DL_093_"},{"time":3.2,"name":"mhqjpurpleidle_DL_096_"},{"time":3.3,"name":"mhqjpurpleidle_DL_099_"},{"time":3.4,"name":"mhqjpurpleidle_DL_102_"},{"time":3.5,"name":"mhqjpurpleidle_DL_105_"},{"time":3.6,"name":"mhqjpurpleidle_DL_108_"},{"time":3.7,"name":"mhqjpurpleidle_DL_111_"},{"time":3.8,"name":"mhqjpurpleidle_DL_114_"},{"time":3.9,"name":"mhqjpurpleidle_DL_117_"},{"time":4,"name":"mhqjpurpleidle_DL_120_"},{"time":4.1,"name":"mhqjpurpleidle_DL_123_"},{"time":4.2,"name":"mhqjpurpleidle_DL_126_"},{"time":4.3,"name":"mhqjpurpleidle_DL_129_"},{"time":4.4,"name":"mhqjpurpleidle_DL_130_"},{"time":4.5,"name":"mhqjpurpleidle_DL_131_"}]},"mhqjpurpleidle_DR_":{"attachment":[{"time":0,"name":"mhqjpurpleidle_DR_000_"},{"time":0.1,"name":"mhqjpurpleidle_DR_003_"},{"time":0.2,"name":"mhqjpurpleidle_DR_006_"},{"time":0.3,"name":"mhqjpurpleidle_DR_009_"},{"time":0.4,"name":"mhqjpurpleidle_DR_012_"},{"time":0.5,"name":"mhqjpurpleidle_DR_015_"},{"time":0.6,"name":"mhqjpurpleidle_DR_018_"},{"time":0.7,"name":"mhqjpurpleidle_DR_021_"},{"time":0.8,"name":"mhqjpurpleidle_DR_024_"},{"time":0.9,"name":"mhqjpurpleidle_DR_027_"},{"time":1,"name":"mhqjpurpleidle_DR_030_"},{"time":1.1,"name":"mhqjpurpleidle_DR_033_"},{"time":1.2,"name":"mhqjpurpleidle_DR_036_"},{"time":1.3,"name":"mhqjpurpleidle_DR_039_"},{"time":1.4,"name":"mhqjpurpleidle_DR_042_"},{"time":1.5,"name":"mhqjpurpleidle_DR_045_"},{"time":1.6,"name":"mhqjpurpleidle_DR_048_"},{"time":1.7,"name":"mhqjpurpleidle_DR_051_"},{"time":1.8,"name":"mhqjpurpleidle_DR_054_"},{"time":1.9,"name":"mhqjpurpleidle_DR_057_"},{"time":2,"name":"mhqjpurpleidle_DR_060_"},{"time":2.1,"name":"mhqjpurpleidle_DR_063_"},{"time":2.2,"name":"mhqjpurpleidle_DR_066_"},{"time":2.3,"name":"mhqjpurpleidle_DR_069_"},{"time":2.4,"name":"mhqjpurpleidle_DR_072_"},{"time":2.5,"name":"mhqjpurpleidle_DR_075_"},{"time":2.6,"name":"mhqjpurpleidle_DR_078_"},{"time":2.7,"name":"mhqjpurpleidle_DR_081_"},{"time":2.8,"name":"mhqjpurpleidle_DR_084_"},{"time":2.9,"name":"mhqjpurpleidle_DR_087_"},{"time":3,"name":"mhqjpurpleidle_DR_090_"},{"time":3.1,"name":"mhqjpurpleidle_DR_093_"},{"time":3.2,"name":"mhqjpurpleidle_DR_096_"},{"time":3.3,"name":"mhqjpurpleidle_DR_099_"},{"time":3.4,"name":"mhqjpurpleidle_DR_102_"},{"time":3.5,"name":"mhqjpurpleidle_DR_105_"},{"time":3.6,"name":"mhqjpurpleidle_DR_108_"},{"time":3.7,"name":"mhqjpurpleidle_DR_111_"},{"time":3.8,"name":"mhqjpurpleidle_DR_114_"},{"time":3.9,"name":"mhqjpurpleidle_DR_117_"},{"time":4,"name":"mhqjpurpleidle_DR_120_"},{"time":4.1,"name":"mhqjpurpleidle_DR_123_"},{"time":4.2,"name":"mhqjpurpleidle_DR_126_"},{"time":4.3,"name":"mhqjpurpleidle_DR_129_"},{"time":4.4,"name":"mhqjpurpleidle_DR_130_"},{"time":4.5,"name":"mhqjpurpleidle_DR_131_"}]},"mhqjpurpleidle_UL_":{"attachment":[{"time":0,"name":"mhqjpurpleidle_UL_000_"},{"time":0.1,"name":"mhqjpurpleidle_UL_003_"},{"time":0.2,"name":"mhqjpurpleidle_UL_006_"},{"time":0.3,"name":"mhqjpurpleidle_UL_009_"},{"time":0.4,"name":"mhqjpurpleidle_UL_012_"},{"time":0.5,"name":"mhqjpurpleidle_UL_015_"},{"time":0.6,"name":"mhqjpurpleidle_UL_018_"},{"time":0.7,"name":"mhqjpurpleidle_UL_021_"},{"time":0.8,"name":"mhqjpurpleidle_UL_024_"},{"time":0.9,"name":"mhqjpurpleidle_UL_027_"},{"time":1,"name":"mhqjpurpleidle_UL_030_"},{"time":1.1,"name":"mhqjpurpleidle_UL_033_"},{"time":1.2,"name":"mhqjpurpleidle_UL_036_"},{"time":1.3,"name":"mhqjpurpleidle_UL_039_"},{"time":1.4,"name":"mhqjpurpleidle_UL_042_"},{"time":1.5,"name":"mhqjpurpleidle_UL_045_"},{"time":1.6,"name":"mhqjpurpleidle_UL_048_"},{"time":1.7,"name":"mhqjpurpleidle_UL_051_"},{"time":1.8,"name":"mhqjpurpleidle_UL_054_"},{"time":1.9,"name":"mhqjpurpleidle_UL_057_"},{"time":2,"name":"mhqjpurpleidle_UL_060_"},{"time":2.1,"name":"mhqjpurpleidle_UL_063_"},{"time":2.2,"name":"mhqjpurpleidle_UL_066_"},{"time":2.3,"name":"mhqjpurpleidle_UL_069_"},{"time":2.4,"name":"mhqjpurpleidle_UL_072_"},{"time":2.5,"name":"mhqjpurpleidle_UL_075_"},{"time":2.6,"name":"mhqjpurpleidle_UL_078_"},{"time":2.7,"name":"mhqjpurpleidle_UL_081_"},{"time":2.8,"name":"mhqjpurpleidle_UL_084_"},{"time":2.9,"name":"mhqjpurpleidle_UL_087_"},{"time":3,"name":"mhqjpurpleidle_UL_090_"},{"time":3.1,"name":"mhqjpurpleidle_UL_093_"},{"time":3.2,"name":"mhqjpurpleidle_UL_096_"},{"time":3.3,"name":"mhqjpurpleidle_UL_099_"},{"time":3.4,"name":"mhqjpurpleidle_UL_102_"},{"time":3.5,"name":"mhqjpurpleidle_UL_105_"},{"time":3.6,"name":"mhqjpurpleidle_UL_108_"},{"time":3.7,"name":"mhqjpurpleidle_UL_111_"},{"time":3.8,"name":"mhqjpurpleidle_UL_114_"},{"time":3.9,"name":"mhqjpurpleidle_UL_117_"},{"time":4,"name":"mhqjpurpleidle_UL_120_"},{"time":4.1,"name":"mhqjpurpleidle_UL_123_"},{"time":4.2,"name":"mhqjpurpleidle_UL_126_"},{"time":4.3,"name":"mhqjpurpleidle_UL_129_"},{"time":4.4,"name":"mhqjpurpleidle_UL_130_"},{"time":4.5,"name":"mhqjpurpleidle_UL_131_"}]},"mhqjpurpleidle_UR_":{"attachment":[{"time":0,"name":"mhqjpurpleidle_UR_000_"},{"time":0.1,"name":"mhqjpurpleidle_UR_003_"},{"time":0.2,"name":"mhqjpurpleidle_UR_006_"},{"time":0.3,"name":"mhqjpurpleidle_UR_009_"},{"time":0.4,"name":"mhqjpurpleidle_UR_012_"},{"time":0.5,"name":"mhqjpurpleidle_UR_015_"},{"time":0.6,"name":"mhqjpurpleidle_UR_018_"},{"time":0.7,"name":"mhqjpurpleidle_UR_021_"},{"time":0.8,"name":"mhqjpurpleidle_UR_024_"},{"time":0.9,"name":"mhqjpurpleidle_UR_027_"},{"time":1,"name":"mhqjpurpleidle_UR_030_"},{"time":1.1,"name":"mhqjpurpleidle_UR_033_"},{"time":1.2,"name":"mhqjpurpleidle_UR_036_"},{"time":1.3,"name":"mhqjpurpleidle_UR_039_"},{"time":1.4,"name":"mhqjpurpleidle_UR_042_"},{"time":1.5,"name":"mhqjpurpleidle_UR_045_"},{"time":1.6,"name":"mhqjpurpleidle_UR_048_"},{"time":1.7,"name":"mhqjpurpleidle_UR_051_"},{"time":1.8,"name":"mhqjpurpleidle_UR_054_"},{"time":1.9,"name":"mhqjpurpleidle_UR_057_"},{"time":2,"name":"mhqjpurpleidle_UR_060_"},{"time":2.1,"name":"mhqjpurpleidle_UR_063_"},{"time":2.2,"name":"mhqjpurpleidle_UR_066_"},{"time":2.3,"name":"mhqjpurpleidle_UR_069_"},{"time":2.4,"name":"mhqjpurpleidle_UR_072_"},{"time":2.5,"name":"mhqjpurpleidle_UR_075_"},{"time":2.6,"name":"mhqjpurpleidle_UR_078_"},{"time":2.7,"name":"mhqjpurpleidle_UR_081_"},{"time":2.8,"name":"mhqjpurpleidle_UR_084_"},{"time":2.9,"name":"mhqjpurpleidle_UR_087_"},{"time":3,"name":"mhqjpurpleidle_UR_090_"},{"time":3.1,"name":"mhqjpurpleidle_UR_093_"},{"time":3.2,"name":"mhqjpurpleidle_UR_096_"},{"time":3.3,"name":"mhqjpurpleidle_UR_099_"},{"time":3.4,"name":"mhqjpurpleidle_UR_102_"},{"time":3.5,"name":"mhqjpurpleidle_UR_105_"},{"time":3.6,"name":"mhqjpurpleidle_UR_108_"},{"time":3.7,"name":"mhqjpurpleidle_UR_111_"},{"time":3.8,"name":"mhqjpurpleidle_UR_114_"},{"time":3.9,"name":"mhqjpurpleidle_UR_117_"},{"time":4,"name":"mhqjpurpleidle_UR_120_"},{"time":4.1,"name":"mhqjpurpleidle_UR_123_"},{"time":4.2,"name":"mhqjpurpleidle_UR_126_"},{"time":4.3,"name":"mhqjpurpleidle_UR_129_"},{"time":4.4,"name":"mhqjpurpleidle_UR_130_"},{"time":4.5,"name":"mhqjpurpleidle_UR_131_"}]}},"bones":{"ctr":{"translate":[{"time":0,"x":-45,"y":115}]}}}}}