{"bones":[{"name":"root"}],"slots":[
{"name":"Yeren08_gj_21_","bone":"root","attachment":"Yeren08_gj_21_"},
{"name":"Yeren08_gj_20_","bone":"root","attachment":"Yeren08_gj_20_"},
{"name":"Yeren08_gj_19_","bone":"root","attachment":"Yeren08_gj_19_"},
{"name":"Yeren08_gj_18_","bone":"root","attachment":"Yeren08_gj_18_"},
{"name":"Yeren08_gj_17_","bone":"root","attachment":"Yeren08_gj_17_"},
{"name":"Yeren08_gj_16_","bone":"root","attachment":"Yeren08_gj_16_"},
{"name":"Yeren08_gj_15_","bone":"root","attachment":"Yeren08_gj_15_"},
{"name":"Yeren08_gj_14_","bone":"root","attachment":"Yeren08_gj_14_"},
{"name":"Yeren08_gj_13_","bone":"root","attachment":"Yeren08_gj_13_"},
{"name":"Yeren08_gj_12_","bone":"root","attachment":"Yeren08_gj_12_"},
{"name":"Yeren08_gj_11_","bone":"root","attachment":"Yeren08_gj_11_"},
{"name":"Yeren08_gj_10_","bone":"root","attachment":"Yeren08_gj_10_"},
{"name":"Yeren08_gj_09_","bone":"root","attachment":"Yeren08_gj_09_"},
{"name":"Yeren08_gj_08_","bone":"root","attachment":"Yeren08_gj_08_"},
{"name":"Yeren08_gj_07_","bone":"root","attachment":"Yeren08_gj_07_"},
{"name":"Yeren08_gj_06_","bone":"root","attachment":"Yeren08_gj_06_"},
{"name":"Yeren08_gj_05_","bone":"root","attachment":"Yeren08_gj_05_"},
{"name":"Yeren08_gj_04_","bone":"root","attachment":"Yeren08_gj_04_"},
{"name":"Yeren08_gj_03_","bone":"root","attachment":"Yeren08_gj_03_"},
{"name":"Yeren08_gj_02_","bone":"root","attachment":"Yeren08_gj_02_"},
{"name":"Yeren08_gj_01_","bone":"root","attachment":"Yeren08_gj_01_"},
{"name":"Yeren08_gj_00_","bone":"root","attachment":"Yeren08_gj_00_"},
{"name":"Yeren08_dj_07_","bone":"root","attachment":"Yeren08_dj_07_"},
{"name":"Yeren08_dj_06_","bone":"root","attachment":"Yeren08_dj_06_"},
{"name":"Yeren08_dj_05_","bone":"root","attachment":"Yeren08_dj_05_"},
{"name":"Yeren08_dj_04_","bone":"root","attachment":"Yeren08_dj_04_"},
{"name":"Yeren08_dj_03_","bone":"root","attachment":"Yeren08_dj_03_"},
{"name":"Yeren08_dj_02_","bone":"root","attachment":"Yeren08_dj_02_"},
{"name":"Yeren08_dj_01_","bone":"root","attachment":"Yeren08_dj_01_"},
{"name":"Yeren08_dj_00_","bone":"root","attachment":"Yeren08_dj_00_"},
{"name":"Yeren08_xz_11_","bone":"root","attachment":"Yeren08_xz_11_"},
{"name":"Yeren08_xz_10_","bone":"root","attachment":"Yeren08_xz_10_"},
{"name":"Yeren08_xz_09_","bone":"root","attachment":"Yeren08_xz_09_"},
{"name":"Yeren08_xz_08_","bone":"root","attachment":"Yeren08_xz_08_"},
{"name":"Yeren08_xz_07_","bone":"root","attachment":"Yeren08_xz_07_"},
{"name":"Yeren08_xz_06_","bone":"root","attachment":"Yeren08_xz_06_"},
{"name":"Yeren08_xz_05_","bone":"root","attachment":"Yeren08_xz_05_"},
{"name":"Yeren08_xz_04_","bone":"root","attachment":"Yeren08_xz_04_"},
{"name":"Yeren08_xz_03_","bone":"root","attachment":"Yeren08_xz_03_"},
{"name":"Yeren08_xz_02_","bone":"root","attachment":"Yeren08_xz_02_"},
{"name":"Yeren08_xz_01_","bone":"root","attachment":"Yeren08_xz_01_"},
{"name":"Yeren08_xz_00_","bone":"root","attachment":"Yeren08_xz_00_"},
],"skins":{"default":{
"Yeren08_gj_21_":{"Yeren08_gj_21_":{"x":151,"y":145.5,"width":88,"height":127}},
"Yeren08_gj_20_":{"Yeren08_gj_20_":{"x":151,"y":136,"width":84,"height":130}},
"Yeren08_gj_19_":{"Yeren08_gj_19_":{"x":157,"y":128.5,"width":96,"height":127}},
"Yeren08_gj_18_":{"Yeren08_gj_18_":{"x":173,"y":128.5,"width":128,"height":113}},
"Yeren08_gj_17_":{"Yeren08_gj_17_":{"x":182.5,"y":131,"width":147,"height":98}},
"Yeren08_gj_16_":{"Yeren08_gj_16_":{"x":186,"y":130.5,"width":154,"height":97}},
"Yeren08_gj_15_":{"Yeren08_gj_15_":{"x":188.5,"y":130.5,"width":159,"height":99}},
"Yeren08_gj_14_":{"Yeren08_gj_14_":{"x":192.5,"y":129,"width":167,"height":112}},
"Yeren08_gj_13_":{"Yeren08_gj_13_":{"x":170,"y":163.5,"width":122,"height":163}},
"Yeren08_gj_12_":{"Yeren08_gj_12_":{"x":154,"y":167.5,"width":92,"height":171}},
"Yeren08_gj_11_":{"Yeren08_gj_11_":{"x":142.5,"y":175.5,"width":101,"height":187}},
"Yeren08_gj_10_":{"Yeren08_gj_10_":{"x":133,"y":171.5,"width":120,"height":179}},
"Yeren08_gj_09_":{"Yeren08_gj_09_":{"x":127.5,"y":166,"width":131,"height":168}},
"Yeren08_gj_08_":{"Yeren08_gj_08_":{"x":125,"y":160,"width":136,"height":156}},
"Yeren08_gj_07_":{"Yeren08_gj_07_":{"x":124,"y":155,"width":138,"height":146}},
"Yeren08_gj_06_":{"Yeren08_gj_06_":{"x":125,"y":149,"width":136,"height":134}},
"Yeren08_gj_05_":{"Yeren08_gj_05_":{"x":127,"y":145.5,"width":132,"height":127}},
"Yeren08_gj_04_":{"Yeren08_gj_04_":{"x":130,"y":144.5,"width":126,"height":125}},
"Yeren08_gj_03_":{"Yeren08_gj_03_":{"x":134,"y":144,"width":118,"height":124}},
"Yeren08_gj_02_":{"Yeren08_gj_02_":{"x":140,"y":144,"width":106,"height":124}},
"Yeren08_gj_01_":{"Yeren08_gj_01_":{"x":147,"y":145,"width":92,"height":126}},
"Yeren08_gj_00_":{"Yeren08_gj_00_":{"x":151,"y":145.5,"width":88,"height":127}},
"Yeren08_dj_07_":{"Yeren08_dj_07_":{"x":151,"y":145,"width":88,"height":126}},
"Yeren08_dj_06_":{"Yeren08_dj_06_":{"x":151,"y":145,"width":88,"height":126}},
"Yeren08_dj_05_":{"Yeren08_dj_05_":{"x":151.5,"y":144.5,"width":89,"height":125}},
"Yeren08_dj_04_":{"Yeren08_dj_04_":{"x":151.5,"y":144.5,"width":89,"height":125}},
"Yeren08_dj_03_":{"Yeren08_dj_03_":{"x":151,"y":145,"width":88,"height":126}},
"Yeren08_dj_02_":{"Yeren08_dj_02_":{"x":151,"y":145,"width":88,"height":126}},
"Yeren08_dj_01_":{"Yeren08_dj_01_":{"x":151,"y":145.5,"width":88,"height":127}},
"Yeren08_dj_00_":{"Yeren08_dj_00_":{"x":151,"y":145.5,"width":88,"height":127}},
"Yeren08_xz_11_":{"Yeren08_xz_11_":{"x":174,"y":153.5,"width":112,"height":147}},
"Yeren08_xz_10_":{"Yeren08_xz_10_":{"x":170.5,"y":153.5,"width":99,"height":147}},
"Yeren08_xz_09_":{"Yeren08_xz_09_":{"x":164.5,"y":153.5,"width":95,"height":145}},
"Yeren08_xz_08_":{"Yeren08_xz_08_":{"x":160.5,"y":152,"width":93,"height":144}},
"Yeren08_xz_07_":{"Yeren08_xz_07_":{"x":158,"y":152,"width":96,"height":144}},
"Yeren08_xz_06_":{"Yeren08_xz_06_":{"x":158.5,"y":153,"width":99,"height":144}},
"Yeren08_xz_05_":{"Yeren08_xz_05_":{"x":166.5,"y":157,"width":101,"height":140}},
"Yeren08_xz_04_":{"Yeren08_xz_04_":{"x":175,"y":157,"width":104,"height":140}},
"Yeren08_xz_03_":{"Yeren08_xz_03_":{"x":180,"y":155.5,"width":110,"height":141}},
"Yeren08_xz_02_":{"Yeren08_xz_02_":{"x":180,"y":155,"width":120,"height":140}},
"Yeren08_xz_01_":{"Yeren08_xz_01_":{"x":175.5,"y":153.5,"width":131,"height":143}},
"Yeren08_xz_00_":{"Yeren08_xz_00_":{"x":173.5,"y":152.5,"width":129,"height":145}},
}}, "animations": { "animation": {} }}