{
"skeleton": { "hash": "7AGCdXgBqCaj6wPtYy+5vlWhLVU", "spine": "3.7.94", "width": 0, "height": 0, "images": "./images/", "audio": "F:/COK项目/Spine工程/外包皮肤—2个颜色美人鱼Spine/美人鱼—绿色/待机休闲—绿_Spine/mry_idle_green_B" },
"bones": [
	{ "name": "root" },
	{ "name": "ctr", "parent": "root", "scaleX": 1.25, "scaleY": 1.25 },
	{ "name": "mryidlegreen_UL_", "parent": "ctr" },
	{ "name": "mryidlegreen_UR_", "parent": "ctr" },
	{ "name": "mryidlegreen_DL_", "parent": "ctr" },
	{ "name": "mryidlegreen_DR_", "parent": "ctr" }
],
"slots": [
	{ "name": "mryidlegreen_UL_", "bone": "mryidlegreen_UL_" },
	{ "name": "mryidlegreen_UR_", "bone": "mryidlegreen_UR_" },
	{ "name": "mryidlegreen_DL_", "bone": "mryidlegreen_DL_" },
	{ "name": "mryidlegreen_DR_", "bone": "mryidlegreen_DR_" }
],
"skins": {
	"default": {
		"mryidlegreen_DL_": {
			"mryidlegreen_DL_0108_": { "x": -204.5, "y": -186, "width": 409, "height": 372 },
			"mryidlegreen_DL_0111_": { "x": -204.5, "y": -186, "width": 409, "height": 372 },
			"mryidlegreen_DL_0114_": { "x": -204.5, "y": -186, "width": 409, "height": 372 },
			"mryidlegreen_DL_0117_": { "x": -204.5, "y": -186, "width": 409, "height": 372 },
			"mryidlegreen_DL_0120_": { "x": -204.5, "y": -186, "width": 409, "height": 372 },
			"mryidlegreen_DL_0123_": { "x": -204.5, "y": -186, "width": 409, "height": 372 },
			"mryidlegreen_DL_0126_": { "x": -204.5, "y": -186, "width": 409, "height": 372 },
			"mryidlegreen_DL_0129_": { "x": -204.5, "y": -186, "width": 409, "height": 372 },
			"mryidlegreen_DL_0132_": { "x": -204.5, "y": -186, "width": 409, "height": 372 },
			"mryidlegreen_DL_0135_": { "x": -204.5, "y": -186, "width": 409, "height": 372 },
			"mryidlegreen_DL_0138_": { "x": -204.5, "y": -186, "width": 409, "height": 372 },
			"mryidlegreen_DL_0141_": { "x": -204.5, "y": -186, "width": 409, "height": 372 },
			"mryidlegreen_DL_0144_": { "x": -204.5, "y": -186, "width": 409, "height": 372 },
			"mryidlegreen_DL_0147_": { "x": -204.5, "y": -186, "width": 409, "height": 372 },
			"mryidlegreen_DL_0150_": { "x": -204.5, "y": -186, "width": 409, "height": 372 },
			"mryidlegreen_DL_0153_": { "x": -204.5, "y": -186, "width": 409, "height": 372 },
			"mryidlegreen_DL_0156_": { "x": -204.5, "y": -186, "width": 409, "height": 372 },
			"mryidlegreen_DL_0159_": { "x": -204.5, "y": -186, "width": 409, "height": 372 },
			"mryidlegreen_DL_0162_": { "x": -204.5, "y": -186, "width": 409, "height": 372 },
			"mryidlegreen_DL_0165_": { "x": -204.5, "y": -186, "width": 409, "height": 372 },
			"mryidlegreen_DL_0168_": { "x": -204.5, "y": -186, "width": 409, "height": 372 },
			"mryidlegreen_DL_0171_": { "x": -204.5, "y": -186, "width": 409, "height": 372 },
			"mryidlegreen_DL_0174_": { "x": -204.5, "y": -186, "width": 409, "height": 372 },
			"mryidlegreen_DL_0177_": { "x": -204.5, "y": -186, "width": 409, "height": 372 },
			"mryidlegreen_DL_0180_": { "x": -204.5, "y": -186, "width": 409, "height": 372 },
			"mryidlegreen_DL_0183_": { "x": -204.5, "y": -186, "width": 409, "height": 372 },
			"mryidlegreen_DL_0186_": { "x": -204.5, "y": -186, "width": 409, "height": 372 },
			"mryidlegreen_DL_0189_": { "x": -204.5, "y": -186, "width": 409, "height": 372 },
			"mryidlegreen_DL_0192_": { "x": -204.5, "y": -186, "width": 409, "height": 372 },
			"mryidlegreen_DL_0195_": { "x": -204.5, "y": -186, "width": 409, "height": 372 },
			"mryidlegreen_DL_0198_": { "x": -204.5, "y": -186, "width": 409, "height": 372 },
			"mryidlegreen_DL_0201_": { "x": -204.5, "y": -186, "width": 409, "height": 372 },
			"mryidlegreen_DL_0204_": { "x": -204.5, "y": -186, "width": 409, "height": 372 },
			"mryidlegreen_DL_0205_": { "x": -204.5, "y": -186, "width": 409, "height": 372 },
			"mryidlegreen_DL_0206_": { "x": -204.5, "y": -186, "width": 409, "height": 372 }
		},
		"mryidlegreen_DR_": {
			"mryidlegreen_DR_0108_": { "x": 195.5, "y": -186, "width": 391, "height": 372 },
			"mryidlegreen_DR_0111_": { "x": 195.5, "y": -186, "width": 391, "height": 372 },
			"mryidlegreen_DR_0114_": { "x": 195.5, "y": -186, "width": 391, "height": 372 },
			"mryidlegreen_DR_0117_": { "x": 195.5, "y": -186, "width": 391, "height": 372 },
			"mryidlegreen_DR_0120_": { "x": 195.5, "y": -186, "width": 391, "height": 372 },
			"mryidlegreen_DR_0123_": { "x": 195.5, "y": -186, "width": 391, "height": 372 },
			"mryidlegreen_DR_0126_": { "x": 195.5, "y": -186, "width": 391, "height": 372 },
			"mryidlegreen_DR_0129_": { "x": 195.5, "y": -186, "width": 391, "height": 372 },
			"mryidlegreen_DR_0132_": { "x": 195.5, "y": -186, "width": 391, "height": 372 },
			"mryidlegreen_DR_0135_": { "x": 195.5, "y": -186, "width": 391, "height": 372 },
			"mryidlegreen_DR_0138_": { "x": 195.5, "y": -186, "width": 391, "height": 372 },
			"mryidlegreen_DR_0141_": { "x": 195.5, "y": -186, "width": 391, "height": 372 },
			"mryidlegreen_DR_0144_": { "x": 195.5, "y": -186, "width": 391, "height": 372 },
			"mryidlegreen_DR_0147_": { "x": 195.5, "y": -186, "width": 391, "height": 372 },
			"mryidlegreen_DR_0150_": { "x": 195.5, "y": -186, "width": 391, "height": 372 },
			"mryidlegreen_DR_0153_": { "x": 195.5, "y": -186, "width": 391, "height": 372 },
			"mryidlegreen_DR_0156_": { "x": 195.5, "y": -186, "width": 391, "height": 372 },
			"mryidlegreen_DR_0159_": { "x": 195.5, "y": -186, "width": 391, "height": 372 },
			"mryidlegreen_DR_0162_": { "x": 195.5, "y": -186, "width": 391, "height": 372 },
			"mryidlegreen_DR_0165_": { "x": 195.5, "y": -186, "width": 391, "height": 372 },
			"mryidlegreen_DR_0168_": { "x": 195.5, "y": -186, "width": 391, "height": 372 },
			"mryidlegreen_DR_0171_": { "x": 195.5, "y": -186, "width": 391, "height": 372 },
			"mryidlegreen_DR_0174_": { "x": 195.5, "y": -186, "width": 391, "height": 372 },
			"mryidlegreen_DR_0177_": { "x": 195.5, "y": -186, "width": 391, "height": 372 },
			"mryidlegreen_DR_0180_": { "x": 195.5, "y": -186, "width": 391, "height": 372 },
			"mryidlegreen_DR_0183_": { "x": 195.5, "y": -186, "width": 391, "height": 372 },
			"mryidlegreen_DR_0186_": { "x": 195.5, "y": -186, "width": 391, "height": 372 },
			"mryidlegreen_DR_0189_": { "x": 195.5, "y": -186, "width": 391, "height": 372 },
			"mryidlegreen_DR_0192_": { "x": 195.5, "y": -186, "width": 391, "height": 372 },
			"mryidlegreen_DR_0195_": { "x": 195.5, "y": -186, "width": 391, "height": 372 },
			"mryidlegreen_DR_0198_": { "x": 195.5, "y": -186, "width": 391, "height": 372 },
			"mryidlegreen_DR_0201_": { "x": 195.5, "y": -186, "width": 391, "height": 372 },
			"mryidlegreen_DR_0204_": { "x": 195.5, "y": -186, "width": 391, "height": 372 },
			"mryidlegreen_DR_0205_": { "x": 195.5, "y": -186, "width": 391, "height": 372 },
			"mryidlegreen_DR_0206_": { "x": 195.5, "y": -186, "width": 391, "height": 372 }
		},
		"mryidlegreen_UL_": {
			"mryidlegreen_UL_0108_": { "x": -204.5, "y": 214, "width": 409, "height": 428 },
			"mryidlegreen_UL_0111_": { "x": -204.5, "y": 214, "width": 409, "height": 428 },
			"mryidlegreen_UL_0114_": { "x": -204.5, "y": 214, "width": 409, "height": 428 },
			"mryidlegreen_UL_0117_": { "x": -204.5, "y": 214, "width": 409, "height": 428 },
			"mryidlegreen_UL_0120_": { "x": -204.5, "y": 214, "width": 409, "height": 428 },
			"mryidlegreen_UL_0123_": { "x": -204.5, "y": 214, "width": 409, "height": 428 },
			"mryidlegreen_UL_0126_": { "x": -204.5, "y": 214, "width": 409, "height": 428 },
			"mryidlegreen_UL_0129_": { "x": -204.5, "y": 214, "width": 409, "height": 428 },
			"mryidlegreen_UL_0132_": { "x": -204.5, "y": 214, "width": 409, "height": 428 },
			"mryidlegreen_UL_0135_": { "x": -204.5, "y": 214, "width": 409, "height": 428 },
			"mryidlegreen_UL_0138_": { "x": -204.5, "y": 214, "width": 409, "height": 428 },
			"mryidlegreen_UL_0141_": { "x": -204.5, "y": 214, "width": 409, "height": 428 },
			"mryidlegreen_UL_0144_": { "x": -204.5, "y": 214, "width": 409, "height": 428 },
			"mryidlegreen_UL_0147_": { "x": -204.5, "y": 214, "width": 409, "height": 428 },
			"mryidlegreen_UL_0150_": { "x": -204.5, "y": 214, "width": 409, "height": 428 },
			"mryidlegreen_UL_0153_": { "x": -204.5, "y": 214, "width": 409, "height": 428 },
			"mryidlegreen_UL_0156_": { "x": -204.5, "y": 214, "width": 409, "height": 428 },
			"mryidlegreen_UL_0159_": { "x": -204.5, "y": 214, "width": 409, "height": 428 },
			"mryidlegreen_UL_0162_": { "x": -204.5, "y": 214, "width": 409, "height": 428 },
			"mryidlegreen_UL_0165_": { "x": -204.5, "y": 214, "width": 409, "height": 428 },
			"mryidlegreen_UL_0168_": { "x": -204.5, "y": 214, "width": 409, "height": 428 },
			"mryidlegreen_UL_0171_": { "x": -204.5, "y": 214, "width": 409, "height": 428 },
			"mryidlegreen_UL_0174_": { "x": -204.5, "y": 214, "width": 409, "height": 428 },
			"mryidlegreen_UL_0177_": { "x": -204.5, "y": 214, "width": 409, "height": 428 },
			"mryidlegreen_UL_0180_": { "x": -204.5, "y": 214, "width": 409, "height": 428 },
			"mryidlegreen_UL_0183_": { "x": -204.5, "y": 214, "width": 409, "height": 428 },
			"mryidlegreen_UL_0186_": { "x": -204.5, "y": 214, "width": 409, "height": 428 },
			"mryidlegreen_UL_0189_": { "x": -204.5, "y": 214, "width": 409, "height": 428 },
			"mryidlegreen_UL_0192_": { "x": -204.5, "y": 214, "width": 409, "height": 428 },
			"mryidlegreen_UL_0195_": { "x": -204.5, "y": 214, "width": 409, "height": 428 },
			"mryidlegreen_UL_0198_": { "x": -204.5, "y": 214, "width": 409, "height": 428 },
			"mryidlegreen_UL_0201_": { "x": -204.5, "y": 214, "width": 409, "height": 428 },
			"mryidlegreen_UL_0204_": { "x": -204.5, "y": 214, "width": 409, "height": 428 },
			"mryidlegreen_UL_0205_": { "x": -204.5, "y": 214, "width": 409, "height": 428 },
			"mryidlegreen_UL_0206_": { "x": -204.5, "y": 214, "width": 409, "height": 428 }
		},
		"mryidlegreen_UR_": {
			"mryidlegreen_UR_0108_": { "x": 195.5, "y": 214, "width": 391, "height": 428 },
			"mryidlegreen_UR_0111_": { "x": 195.5, "y": 214, "width": 391, "height": 428 },
			"mryidlegreen_UR_0114_": { "x": 195.5, "y": 214, "width": 391, "height": 428 },
			"mryidlegreen_UR_0117_": { "x": 195.5, "y": 214, "width": 391, "height": 428 },
			"mryidlegreen_UR_0120_": { "x": 195.5, "y": 214, "width": 391, "height": 428 },
			"mryidlegreen_UR_0123_": { "x": 195.5, "y": 214, "width": 391, "height": 428 },
			"mryidlegreen_UR_0126_": { "x": 195.5, "y": 214, "width": 391, "height": 428 },
			"mryidlegreen_UR_0129_": { "x": 195.5, "y": 214, "width": 391, "height": 428 },
			"mryidlegreen_UR_0132_": { "x": 195.5, "y": 214, "width": 391, "height": 428 },
			"mryidlegreen_UR_0135_": { "x": 195.5, "y": 214, "width": 391, "height": 428 },
			"mryidlegreen_UR_0138_": { "x": 195.5, "y": 214, "width": 391, "height": 428 },
			"mryidlegreen_UR_0141_": { "x": 195.5, "y": 214, "width": 391, "height": 428 },
			"mryidlegreen_UR_0144_": { "x": 195.5, "y": 214, "width": 391, "height": 428 },
			"mryidlegreen_UR_0147_": { "x": 195.5, "y": 214, "width": 391, "height": 428 },
			"mryidlegreen_UR_0150_": { "x": 195.5, "y": 214, "width": 391, "height": 428 },
			"mryidlegreen_UR_0153_": { "x": 195.5, "y": 214, "width": 391, "height": 428 },
			"mryidlegreen_UR_0156_": { "x": 195.5, "y": 214, "width": 391, "height": 428 },
			"mryidlegreen_UR_0159_": { "x": 195.5, "y": 214, "width": 391, "height": 428 },
			"mryidlegreen_UR_0162_": { "x": 195.5, "y": 214, "width": 391, "height": 428 },
			"mryidlegreen_UR_0165_": { "x": 195.5, "y": 214, "width": 391, "height": 428 },
			"mryidlegreen_UR_0168_": { "x": 195.5, "y": 214, "width": 391, "height": 428 },
			"mryidlegreen_UR_0171_": { "x": 195.5, "y": 214, "width": 391, "height": 428 },
			"mryidlegreen_UR_0174_": { "x": 195.5, "y": 214, "width": 391, "height": 428 },
			"mryidlegreen_UR_0177_": { "x": 195.5, "y": 214, "width": 391, "height": 428 },
			"mryidlegreen_UR_0180_": { "x": 195.5, "y": 214, "width": 391, "height": 428 },
			"mryidlegreen_UR_0183_": { "x": 195.5, "y": 214, "width": 391, "height": 428 },
			"mryidlegreen_UR_0186_": { "x": 195.5, "y": 214, "width": 391, "height": 428 },
			"mryidlegreen_UR_0189_": { "x": 195.5, "y": 214, "width": 391, "height": 428 },
			"mryidlegreen_UR_0192_": { "x": 195.5, "y": 214, "width": 391, "height": 428 },
			"mryidlegreen_UR_0195_": { "x": 195.5, "y": 214, "width": 391, "height": 428 },
			"mryidlegreen_UR_0198_": { "x": 195.5, "y": 214, "width": 391, "height": 428 },
			"mryidlegreen_UR_0201_": { "x": 195.5, "y": 214, "width": 391, "height": 428 },
			"mryidlegreen_UR_0204_": { "x": 195.5, "y": 214, "width": 391, "height": 428 },
			"mryidlegreen_UR_0205_": { "x": 195.5, "y": 214, "width": 391, "height": 428 },
			"mryidlegreen_UR_0206_": { "x": 195.5, "y": 214, "width": 391, "height": 428 }
		}
	}
},
"animations": {
	"animation": {
		"slots": {
			"mryidlegreen_DL_": {
				"attachment": [
					{ "time": 3.6, "name": "mryidlegreen_DL_0108_" },
					{ "time": 3.7, "name": "mryidlegreen_DL_0111_" },
					{ "time": 3.8, "name": "mryidlegreen_DL_0114_" },
					{ "time": 3.9, "name": "mryidlegreen_DL_0117_" },
					{ "time": 4, "name": "mryidlegreen_DL_0120_" },
					{ "time": 4.1, "name": "mryidlegreen_DL_0123_" },
					{ "time": 4.2, "name": "mryidlegreen_DL_0126_" },
					{ "time": 4.3, "name": "mryidlegreen_DL_0129_" },
					{ "time": 4.4, "name": "mryidlegreen_DL_0132_" },
					{ "time": 4.5, "name": "mryidlegreen_DL_0135_" },
					{ "time": 4.6, "name": "mryidlegreen_DL_0138_" },
					{ "time": 4.7, "name": "mryidlegreen_DL_0141_" },
					{ "time": 4.8, "name": "mryidlegreen_DL_0144_" },
					{ "time": 4.9, "name": "mryidlegreen_DL_0147_" },
					{ "time": 5, "name": "mryidlegreen_DL_0150_" },
					{ "time": 5.1, "name": "mryidlegreen_DL_0153_" },
					{ "time": 5.2, "name": "mryidlegreen_DL_0156_" },
					{ "time": 5.3, "name": "mryidlegreen_DL_0159_" },
					{ "time": 5.4, "name": "mryidlegreen_DL_0162_" },
					{ "time": 5.5, "name": "mryidlegreen_DL_0165_" },
					{ "time": 5.6, "name": "mryidlegreen_DL_0168_" },
					{ "time": 5.7, "name": "mryidlegreen_DL_0171_" },
					{ "time": 5.8, "name": "mryidlegreen_DL_0174_" },
					{ "time": 5.9, "name": "mryidlegreen_DL_0177_" },
					{ "time": 6, "name": "mryidlegreen_DL_0180_" },
					{ "time": 6.1, "name": "mryidlegreen_DL_0183_" },
					{ "time": 6.2, "name": "mryidlegreen_DL_0186_" },
					{ "time": 6.3, "name": "mryidlegreen_DL_0189_" },
					{ "time": 6.4, "name": "mryidlegreen_DL_0192_" },
					{ "time": 6.5, "name": "mryidlegreen_DL_0195_" },
					{ "time": 6.6, "name": "mryidlegreen_DL_0198_" },
					{ "time": 6.7, "name": "mryidlegreen_DL_0201_" },
					{ "time": 6.8, "name": "mryidlegreen_DL_0204_" },
					{ "time": 6.9, "name": "mryidlegreen_DL_0205_" },
					{ "time": 7, "name": "mryidlegreen_DL_0206_" }
				]
			},
			"mryidlegreen_DR_": {
				"attachment": [
					{ "time": 3.6, "name": "mryidlegreen_DR_0108_" },
					{ "time": 3.7, "name": "mryidlegreen_DR_0111_" },
					{ "time": 3.8, "name": "mryidlegreen_DR_0114_" },
					{ "time": 3.9, "name": "mryidlegreen_DR_0117_" },
					{ "time": 4, "name": "mryidlegreen_DR_0120_" },
					{ "time": 4.1, "name": "mryidlegreen_DR_0123_" },
					{ "time": 4.2, "name": "mryidlegreen_DR_0126_" },
					{ "time": 4.3, "name": "mryidlegreen_DR_0129_" },
					{ "time": 4.4, "name": "mryidlegreen_DR_0132_" },
					{ "time": 4.5, "name": "mryidlegreen_DR_0135_" },
					{ "time": 4.6, "name": "mryidlegreen_DR_0138_" },
					{ "time": 4.7, "name": "mryidlegreen_DR_0141_" },
					{ "time": 4.8, "name": "mryidlegreen_DR_0144_" },
					{ "time": 4.9, "name": "mryidlegreen_DR_0147_" },
					{ "time": 5, "name": "mryidlegreen_DR_0150_" },
					{ "time": 5.1, "name": "mryidlegreen_DR_0153_" },
					{ "time": 5.2, "name": "mryidlegreen_DR_0156_" },
					{ "time": 5.3, "name": "mryidlegreen_DR_0159_" },
					{ "time": 5.4, "name": "mryidlegreen_DR_0162_" },
					{ "time": 5.5, "name": "mryidlegreen_DR_0165_" },
					{ "time": 5.6, "name": "mryidlegreen_DR_0168_" },
					{ "time": 5.7, "name": "mryidlegreen_DR_0171_" },
					{ "time": 5.8, "name": "mryidlegreen_DR_0174_" },
					{ "time": 5.9, "name": "mryidlegreen_DR_0177_" },
					{ "time": 6, "name": "mryidlegreen_DR_0180_" },
					{ "time": 6.1, "name": "mryidlegreen_DR_0183_" },
					{ "time": 6.2, "name": "mryidlegreen_DR_0186_" },
					{ "time": 6.3, "name": "mryidlegreen_DR_0189_" },
					{ "time": 6.4, "name": "mryidlegreen_DR_0192_" },
					{ "time": 6.5, "name": "mryidlegreen_DR_0195_" },
					{ "time": 6.6, "name": "mryidlegreen_DR_0198_" },
					{ "time": 6.7, "name": "mryidlegreen_DR_0201_" },
					{ "time": 6.8, "name": "mryidlegreen_DR_0204_" },
					{ "time": 6.9, "name": "mryidlegreen_DR_0205_" },
					{ "time": 7, "name": "mryidlegreen_DR_0206_" }
				]
			},
			"mryidlegreen_UL_": {
				"attachment": [
					{ "time": 3.6, "name": "mryidlegreen_UL_0108_" },
					{ "time": 3.7, "name": "mryidlegreen_UL_0111_" },
					{ "time": 3.8, "name": "mryidlegreen_UL_0114_" },
					{ "time": 3.9, "name": "mryidlegreen_UL_0117_" },
					{ "time": 4, "name": "mryidlegreen_UL_0120_" },
					{ "time": 4.1, "name": "mryidlegreen_UL_0123_" },
					{ "time": 4.2, "name": "mryidlegreen_UL_0126_" },
					{ "time": 4.3, "name": "mryidlegreen_UL_0129_" },
					{ "time": 4.4, "name": "mryidlegreen_UL_0132_" },
					{ "time": 4.5, "name": "mryidlegreen_UL_0135_" },
					{ "time": 4.6, "name": "mryidlegreen_UL_0138_" },
					{ "time": 4.7, "name": "mryidlegreen_UL_0141_" },
					{ "time": 4.8, "name": "mryidlegreen_UL_0144_" },
					{ "time": 4.9, "name": "mryidlegreen_UL_0147_" },
					{ "time": 5, "name": "mryidlegreen_UL_0150_" },
					{ "time": 5.1, "name": "mryidlegreen_UL_0153_" },
					{ "time": 5.2, "name": "mryidlegreen_UL_0156_" },
					{ "time": 5.3, "name": "mryidlegreen_UL_0159_" },
					{ "time": 5.4, "name": "mryidlegreen_UL_0162_" },
					{ "time": 5.5, "name": "mryidlegreen_UL_0165_" },
					{ "time": 5.6, "name": "mryidlegreen_UL_0168_" },
					{ "time": 5.7, "name": "mryidlegreen_UL_0171_" },
					{ "time": 5.8, "name": "mryidlegreen_UL_0174_" },
					{ "time": 5.9, "name": "mryidlegreen_UL_0177_" },
					{ "time": 6, "name": "mryidlegreen_UL_0180_" },
					{ "time": 6.1, "name": "mryidlegreen_UL_0183_" },
					{ "time": 6.2, "name": "mryidlegreen_UL_0186_" },
					{ "time": 6.3, "name": "mryidlegreen_UL_0189_" },
					{ "time": 6.4, "name": "mryidlegreen_UL_0192_" },
					{ "time": 6.5, "name": "mryidlegreen_UL_0195_" },
					{ "time": 6.6, "name": "mryidlegreen_UL_0198_" },
					{ "time": 6.7, "name": "mryidlegreen_UL_0201_" },
					{ "time": 6.8, "name": "mryidlegreen_UL_0204_" },
					{ "time": 6.9, "name": "mryidlegreen_UL_0205_" },
					{ "time": 7, "name": "mryidlegreen_UL_0206_" }
				]
			},
			"mryidlegreen_UR_": {
				"attachment": [
					{ "time": 3.6, "name": "mryidlegreen_UR_0108_" },
					{ "time": 3.7, "name": "mryidlegreen_UR_0111_" },
					{ "time": 3.8, "name": "mryidlegreen_UR_0114_" },
					{ "time": 3.9, "name": "mryidlegreen_UR_0117_" },
					{ "time": 4, "name": "mryidlegreen_UR_0120_" },
					{ "time": 4.1, "name": "mryidlegreen_UR_0123_" },
					{ "time": 4.2, "name": "mryidlegreen_UR_0126_" },
					{ "time": 4.3, "name": "mryidlegreen_UR_0129_" },
					{ "time": 4.4, "name": "mryidlegreen_UR_0132_" },
					{ "time": 4.5, "name": "mryidlegreen_UR_0135_" },
					{ "time": 4.6, "name": "mryidlegreen_UR_0138_" },
					{ "time": 4.7, "name": "mryidlegreen_UR_0141_" },
					{ "time": 4.8, "name": "mryidlegreen_UR_0144_" },
					{ "time": 4.9, "name": "mryidlegreen_UR_0147_" },
					{ "time": 5, "name": "mryidlegreen_UR_0150_" },
					{ "time": 5.1, "name": "mryidlegreen_UR_0153_" },
					{ "time": 5.2, "name": "mryidlegreen_UR_0156_" },
					{ "time": 5.3, "name": "mryidlegreen_UR_0159_" },
					{ "time": 5.4, "name": "mryidlegreen_UR_0162_" },
					{ "time": 5.5, "name": "mryidlegreen_UR_0165_" },
					{ "time": 5.6, "name": "mryidlegreen_UR_0168_" },
					{ "time": 5.7, "name": "mryidlegreen_UR_0171_" },
					{ "time": 5.8, "name": "mryidlegreen_UR_0174_" },
					{ "time": 5.9, "name": "mryidlegreen_UR_0177_" },
					{ "time": 6, "name": "mryidlegreen_UR_0180_" },
					{ "time": 6.1, "name": "mryidlegreen_UR_0183_" },
					{ "time": 6.2, "name": "mryidlegreen_UR_0186_" },
					{ "time": 6.3, "name": "mryidlegreen_UR_0189_" },
					{ "time": 6.4, "name": "mryidlegreen_UR_0192_" },
					{ "time": 6.5, "name": "mryidlegreen_UR_0195_" },
					{ "time": 6.6, "name": "mryidlegreen_UR_0198_" },
					{ "time": 6.7, "name": "mryidlegreen_UR_0201_" },
					{ "time": 6.8, "name": "mryidlegreen_UR_0204_" },
					{ "time": 6.9, "name": "mryidlegreen_UR_0205_" },
					{ "time": 7, "name": "mryidlegreen_UR_0206_" }
				]
			}
		},
		"bones": {
			"ctr": {
				"translate": [
					{ "time": 0, "x": 10, "y": 10 }
				]
			}
		}
	}
}
}