{
"skeleton": { "hash": "hi0aNAyza8LWbvJETIeQf5wX+3k", "spine": "3.7.94", "width": 0, "height": 0, "images": "./images/", "audio": "F:/COK项目/Spine工程/外包皮肤—2个颜色美人鱼Spine/美人鱼—绿色/攻击—绿_Spine/mry_attack_green_A" },
"bones": [
	{ "name": "root" },
	{ "name": "ctr", "parent": "root", "scaleX": 1.25, "scaleY": 1.25 },
	{ "name": "mryattackgreen_UL_", "parent": "ctr" },
	{ "name": "mryattackgreen_UR_", "parent": "ctr" },
	{ "name": "mryattackgreen_DL_", "parent": "ctr" },
	{ "name": "mryattackgreen_DR_", "parent": "ctr" }
],
"slots": [
	{ "name": "mryattackgreen_UL_", "bone": "mryattackgreen_UL_" },
	{ "name": "mryattackgreen_UR_", "bone": "mryattackgreen_UR_" },
	{ "name": "mryattackgreen_DL_", "bone": "mryattackgreen_DL_" },
	{ "name": "mryattackgreen_DR_", "bone": "mryattackgreen_DR_" }
],
"skins": {
	"default": {
		"mryattackgreen_DL_": {
			"mryattackgreen_DL_0000_": { "x": -204.5, "y": -185.5, "width": 409, "height": 371 },
			"mryattackgreen_DL_0003_": { "x": -204.5, "y": -185.5, "width": 409, "height": 371 },
			"mryattackgreen_DL_0006_": { "x": -204.5, "y": -185.5, "width": 409, "height": 371 },
			"mryattackgreen_DL_0009_": { "x": -204.5, "y": -185.5, "width": 409, "height": 371 },
			"mryattackgreen_DL_0012_": { "x": -204.5, "y": -185.5, "width": 409, "height": 371 },
			"mryattackgreen_DL_0015_": { "x": -204.5, "y": -185.5, "width": 409, "height": 371 },
			"mryattackgreen_DL_0018_": { "x": -204.5, "y": -185.5, "width": 409, "height": 371 },
			"mryattackgreen_DL_0021_": { "x": -204.5, "y": -185.5, "width": 409, "height": 371 },
			"mryattackgreen_DL_0024_": { "x": -204.5, "y": -185.5, "width": 409, "height": 371 },
			"mryattackgreen_DL_0027_": { "x": -204.5, "y": -185.5, "width": 409, "height": 371 },
			"mryattackgreen_DL_0030_": { "x": -204.5, "y": -185.5, "width": 409, "height": 371 },
			"mryattackgreen_DL_0033_": { "x": -204.5, "y": -185.5, "width": 409, "height": 371 },
			"mryattackgreen_DL_0036_": { "x": -204.5, "y": -185.5, "width": 409, "height": 371 },
			"mryattackgreen_DL_0039_": { "x": -204.5, "y": -185.5, "width": 409, "height": 371 },
			"mryattackgreen_DL_0042_": { "x": -204.5, "y": -185.5, "width": 409, "height": 371 },
			"mryattackgreen_DL_0045_": { "x": -204.5, "y": -185.5, "width": 409, "height": 371 },
			"mryattackgreen_DL_0046_": { "x": -204.5, "y": -185.5, "width": 409, "height": 371 }
		},
		"mryattackgreen_DR_": {
			"mryattackgreen_DR_0000_": { "x": 195.5, "y": -185.5, "width": 391, "height": 371 },
			"mryattackgreen_DR_0003_": { "x": 195.5, "y": -185.5, "width": 391, "height": 371 },
			"mryattackgreen_DR_0006_": { "x": 195.5, "y": -185.5, "width": 391, "height": 371 },
			"mryattackgreen_DR_0009_": { "x": 195.5, "y": -185.5, "width": 391, "height": 371 },
			"mryattackgreen_DR_0012_": { "x": 195.5, "y": -185.5, "width": 391, "height": 371 },
			"mryattackgreen_DR_0015_": { "x": 195.5, "y": -185.5, "width": 391, "height": 371 },
			"mryattackgreen_DR_0018_": { "x": 195.5, "y": -185.5, "width": 391, "height": 371 },
			"mryattackgreen_DR_0021_": { "x": 195.5, "y": -185.5, "width": 391, "height": 371 },
			"mryattackgreen_DR_0024_": { "x": 195.5, "y": -185.5, "width": 391, "height": 371 },
			"mryattackgreen_DR_0027_": { "x": 195.5, "y": -185.5, "width": 391, "height": 371 },
			"mryattackgreen_DR_0030_": { "x": 195.5, "y": -185.5, "width": 391, "height": 371 },
			"mryattackgreen_DR_0033_": { "x": 195.5, "y": -185.5, "width": 391, "height": 371 },
			"mryattackgreen_DR_0036_": { "x": 195.5, "y": -185.5, "width": 391, "height": 371 },
			"mryattackgreen_DR_0039_": { "x": 195.5, "y": -185.5, "width": 391, "height": 371 },
			"mryattackgreen_DR_0042_": { "x": 195.5, "y": -185.5, "width": 391, "height": 371 },
			"mryattackgreen_DR_0045_": { "x": 195.5, "y": -185.5, "width": 391, "height": 371 },
			"mryattackgreen_DR_0046_": { "x": 195.5, "y": -185.5, "width": 391, "height": 371 }
		},
		"mryattackgreen_UL_": {
			"mryattackgreen_UL_0000_": { "x": -204.5, "y": 214.5, "width": 409, "height": 429 },
			"mryattackgreen_UL_0003_": { "x": -204.5, "y": 214.5, "width": 409, "height": 429 },
			"mryattackgreen_UL_0006_": { "x": -204.5, "y": 214.5, "width": 409, "height": 429 },
			"mryattackgreen_UL_0009_": { "x": -204.5, "y": 214.5, "width": 409, "height": 429 },
			"mryattackgreen_UL_0012_": { "x": -204.5, "y": 214.5, "width": 409, "height": 429 },
			"mryattackgreen_UL_0015_": { "x": -204.5, "y": 214.5, "width": 409, "height": 429 },
			"mryattackgreen_UL_0018_": { "x": -204.5, "y": 214.5, "width": 409, "height": 429 },
			"mryattackgreen_UL_0021_": { "x": -204.5, "y": 214.5, "width": 409, "height": 429 },
			"mryattackgreen_UL_0024_": { "x": -204.5, "y": 214.5, "width": 409, "height": 429 },
			"mryattackgreen_UL_0027_": { "x": -204.5, "y": 214.5, "width": 409, "height": 429 },
			"mryattackgreen_UL_0030_": { "x": -204.5, "y": 214.5, "width": 409, "height": 429 },
			"mryattackgreen_UL_0033_": { "x": -204.5, "y": 214.5, "width": 409, "height": 429 },
			"mryattackgreen_UL_0036_": { "x": -204.5, "y": 214.5, "width": 409, "height": 429 },
			"mryattackgreen_UL_0039_": { "x": -204.5, "y": 214.5, "width": 409, "height": 429 },
			"mryattackgreen_UL_0042_": { "x": -204.5, "y": 214.5, "width": 409, "height": 429 },
			"mryattackgreen_UL_0045_": { "x": -204.5, "y": 214.5, "width": 409, "height": 429 },
			"mryattackgreen_UL_0046_": { "x": -204.5, "y": 214.5, "width": 409, "height": 429 }
		},
		"mryattackgreen_UR_": {
			"mryattackgreen_UR_0000_": { "x": 195.5, "y": 214.5, "width": 391, "height": 429 },
			"mryattackgreen_UR_0003_": { "x": 195.5, "y": 214.5, "width": 391, "height": 429 },
			"mryattackgreen_UR_0006_": { "x": 195.5, "y": 214.5, "width": 391, "height": 429 },
			"mryattackgreen_UR_0009_": { "x": 195.5, "y": 214.5, "width": 391, "height": 429 },
			"mryattackgreen_UR_0012_": { "x": 195.5, "y": 214.5, "width": 391, "height": 429 },
			"mryattackgreen_UR_0015_": { "x": 195.5, "y": 214.5, "width": 391, "height": 429 },
			"mryattackgreen_UR_0018_": { "x": 195.5, "y": 214.5, "width": 391, "height": 429 },
			"mryattackgreen_UR_0021_": { "x": 195.5, "y": 214.5, "width": 391, "height": 429 },
			"mryattackgreen_UR_0024_": { "x": 195.5, "y": 214.5, "width": 391, "height": 429 },
			"mryattackgreen_UR_0027_": { "x": 195.5, "y": 214.5, "width": 391, "height": 429 },
			"mryattackgreen_UR_0030_": { "x": 195.5, "y": 214.5, "width": 391, "height": 429 },
			"mryattackgreen_UR_0033_": { "x": 195.5, "y": 214.5, "width": 391, "height": 429 },
			"mryattackgreen_UR_0036_": { "x": 195.5, "y": 214.5, "width": 391, "height": 429 },
			"mryattackgreen_UR_0039_": { "x": 195.5, "y": 214.5, "width": 391, "height": 429 },
			"mryattackgreen_UR_0042_": { "x": 195.5, "y": 214.5, "width": 391, "height": 429 },
			"mryattackgreen_UR_0045_": { "x": 195.5, "y": 214.5, "width": 391, "height": 429 },
			"mryattackgreen_UR_0046_": { "x": 195.5, "y": 214.5, "width": 391, "height": 429 }
		}
	}
},
"animations": {
	"animation": {
		"slots": {
			"mryattackgreen_DL_": {
				"attachment": [
					{ "time": 0, "name": "mryattackgreen_DL_0000_" },
					{ "time": 0.1, "name": "mryattackgreen_DL_0003_" },
					{ "time": 0.2, "name": "mryattackgreen_DL_0006_" },
					{ "time": 0.3, "name": "mryattackgreen_DL_0009_" },
					{ "time": 0.4, "name": "mryattackgreen_DL_0012_" },
					{ "time": 0.5, "name": "mryattackgreen_DL_0015_" },
					{ "time": 0.6, "name": "mryattackgreen_DL_0018_" },
					{ "time": 0.7, "name": "mryattackgreen_DL_0021_" },
					{ "time": 0.8, "name": "mryattackgreen_DL_0024_" },
					{ "time": 0.9, "name": "mryattackgreen_DL_0027_" },
					{ "time": 1, "name": "mryattackgreen_DL_0030_" },
					{ "time": 1.1, "name": "mryattackgreen_DL_0033_" },
					{ "time": 1.2, "name": "mryattackgreen_DL_0036_" },
					{ "time": 1.3, "name": "mryattackgreen_DL_0039_" },
					{ "time": 1.4, "name": "mryattackgreen_DL_0042_" },
					{ "time": 1.5, "name": "mryattackgreen_DL_0045_" },
					{ "time": 1.6, "name": "mryattackgreen_DL_0046_" }
				]
			},
			"mryattackgreen_DR_": {
				"attachment": [
					{ "time": 0, "name": "mryattackgreen_DR_0000_" },
					{ "time": 0.1, "name": "mryattackgreen_DR_0003_" },
					{ "time": 0.2, "name": "mryattackgreen_DR_0006_" },
					{ "time": 0.3, "name": "mryattackgreen_DR_0009_" },
					{ "time": 0.4, "name": "mryattackgreen_DR_0012_" },
					{ "time": 0.5, "name": "mryattackgreen_DR_0015_" },
					{ "time": 0.6, "name": "mryattackgreen_DR_0018_" },
					{ "time": 0.7, "name": "mryattackgreen_DR_0021_" },
					{ "time": 0.8, "name": "mryattackgreen_DR_0024_" },
					{ "time": 0.9, "name": "mryattackgreen_DR_0027_" },
					{ "time": 1, "name": "mryattackgreen_DR_0030_" },
					{ "time": 1.1, "name": "mryattackgreen_DR_0033_" },
					{ "time": 1.2, "name": "mryattackgreen_DR_0036_" },
					{ "time": 1.3, "name": "mryattackgreen_DR_0039_" },
					{ "time": 1.4, "name": "mryattackgreen_DR_0042_" },
					{ "time": 1.5, "name": "mryattackgreen_DR_0045_" },
					{ "time": 1.6, "name": "mryattackgreen_DR_0046_" }
				]
			},
			"mryattackgreen_UL_": {
				"attachment": [
					{ "time": 0, "name": "mryattackgreen_UL_0000_" },
					{ "time": 0.1, "name": "mryattackgreen_UL_0003_" },
					{ "time": 0.2, "name": "mryattackgreen_UL_0006_" },
					{ "time": 0.3, "name": "mryattackgreen_UL_0009_" },
					{ "time": 0.4, "name": "mryattackgreen_UL_0012_" },
					{ "time": 0.5, "name": "mryattackgreen_UL_0015_" },
					{ "time": 0.6, "name": "mryattackgreen_UL_0018_" },
					{ "time": 0.7, "name": "mryattackgreen_UL_0021_" },
					{ "time": 0.8, "name": "mryattackgreen_UL_0024_" },
					{ "time": 0.9, "name": "mryattackgreen_UL_0027_" },
					{ "time": 1, "name": "mryattackgreen_UL_0030_" },
					{ "time": 1.1, "name": "mryattackgreen_UL_0033_" },
					{ "time": 1.2, "name": "mryattackgreen_UL_0036_" },
					{ "time": 1.3, "name": "mryattackgreen_UL_0039_" },
					{ "time": 1.4, "name": "mryattackgreen_UL_0042_" },
					{ "time": 1.5, "name": "mryattackgreen_UL_0045_" },
					{ "time": 1.6, "name": "mryattackgreen_UL_0046_" }
				]
			},
			"mryattackgreen_UR_": {
				"attachment": [
					{ "time": 0, "name": "mryattackgreen_UR_0000_" },
					{ "time": 0.1, "name": "mryattackgreen_UR_0003_" },
					{ "time": 0.2, "name": "mryattackgreen_UR_0006_" },
					{ "time": 0.3, "name": "mryattackgreen_UR_0009_" },
					{ "time": 0.4, "name": "mryattackgreen_UR_0012_" },
					{ "time": 0.5, "name": "mryattackgreen_UR_0015_" },
					{ "time": 0.6, "name": "mryattackgreen_UR_0018_" },
					{ "time": 0.7, "name": "mryattackgreen_UR_0021_" },
					{ "time": 0.8, "name": "mryattackgreen_UR_0024_" },
					{ "time": 0.9, "name": "mryattackgreen_UR_0027_" },
					{ "time": 1, "name": "mryattackgreen_UR_0030_" },
					{ "time": 1.1, "name": "mryattackgreen_UR_0033_" },
					{ "time": 1.2, "name": "mryattackgreen_UR_0036_" },
					{ "time": 1.3, "name": "mryattackgreen_UR_0039_" },
					{ "time": 1.4, "name": "mryattackgreen_UR_0042_" },
					{ "time": 1.5, "name": "mryattackgreen_UR_0045_" },
					{ "time": 1.6, "name": "mryattackgreen_UR_0046_" }
				]
			}
		},
		"bones": {
			"ctr": {
				"translate": [
					{ "time": 0, "x": 10, "y": 10 }
				]
			}
		}
	}
}
}