{"skeleton":{"hash":"h4apIQdeu80vxnw41NpM8mwhoYQ","spine":"3.7.94","width":0,"height":0,"images":"./images/","audio":"F:/COK项目/Spine工程/外包皮肤—3个盲盒/盲盒皇后_Spine/攻击_group/mhhh_attack_A"},"bones":[{"name":"root"},{"name":"ctr","parent":"root","scaleX":1.25,"scaleY":1.25},{"name":"mhhhattack_UL_","parent":"ctr"},{"name":"mhhhattack_UR_","parent":"ctr"},{"name":"mhhhattack_DL_","parent":"ctr"},{"name":"mhhhattack_DR_","parent":"ctr"}],"slots":[{"name":"mhhhattack_UL_","bone":"mhhhattack_UL_"},{"name":"mhhhattack_UR_","bone":"mhhhattack_UR_"},{"name":"mhhhattack_DL_","bone":"mhhhattack_DL_"},{"name":"mhhhattack_DR_","bone":"mhhhattack_DR_"}],"skins":{"default":{"mhhhattack_DL_":{"mhhhattack_DL_0000_":{"x":-165,"y":-179,"width":330,"height":358},"mhhhattack_DL_0003_":{"x":-165,"y":-179,"width":330,"height":358},"mhhhattack_DL_0006_":{"x":-165,"y":-179,"width":330,"height":358},"mhhhattack_DL_0009_":{"x":-165,"y":-179,"width":330,"height":358},"mhhhattack_DL_0012_":{"x":-165,"y":-179,"width":330,"height":358},"mhhhattack_DL_0015_":{"x":-165,"y":-179,"width":330,"height":358},"mhhhattack_DL_0018_":{"x":-165,"y":-179,"width":330,"height":358},"mhhhattack_DL_0021_":{"x":-165,"y":-179,"width":330,"height":358},"mhhhattack_DL_0024_":{"x":-165,"y":-179,"width":330,"height":358},"mhhhattack_DL_0027_":{"x":-165,"y":-179,"width":330,"height":358},"mhhhattack_DL_0030_":{"x":-165,"y":-179,"width":330,"height":358},"mhhhattack_DL_0033_":{"x":-165,"y":-179,"width":330,"height":358},"mhhhattack_DL_0036_":{"x":-165,"y":-179,"width":330,"height":358},"mhhhattack_DL_0039_":{"x":-165,"y":-179,"width":330,"height":358},"mhhhattack_DL_0042_":{"x":-165,"y":-179,"width":330,"height":358},"mhhhattack_DL_0045_":{"x":-165,"y":-179,"width":330,"height":358},"mhhhattack_DL_0048_":{"x":-165,"y":-179,"width":330,"height":358},"mhhhattack_DL_0051_":{"x":-165,"y":-179,"width":330,"height":358},"mhhhattack_DL_0054_":{"x":-165,"y":-179,"width":330,"height":358},"mhhhattack_DL_0057_":{"x":-165,"y":-179,"width":330,"height":358},"mhhhattack_DL_0060_":{"x":-165,"y":-179,"width":330,"height":358},"mhhhattack_DL_0063_":{"x":-165,"y":-179,"width":330,"height":358},"mhhhattack_DL_0066_":{"x":-165,"y":-179,"width":330,"height":358}},"mhhhattack_DR_":{"mhhhattack_DR_0000_":{"x":235,"y":-179,"width":470,"height":358},"mhhhattack_DR_0003_":{"x":235,"y":-179,"width":470,"height":358},"mhhhattack_DR_0006_":{"x":235,"y":-179,"width":470,"height":358},"mhhhattack_DR_0009_":{"x":235,"y":-179,"width":470,"height":358},"mhhhattack_DR_0012_":{"x":235,"y":-179,"width":470,"height":358},"mhhhattack_DR_0015_":{"x":235,"y":-179,"width":470,"height":358},"mhhhattack_DR_0018_":{"x":235,"y":-179,"width":470,"height":358},"mhhhattack_DR_0021_":{"x":235,"y":-179,"width":470,"height":358},"mhhhattack_DR_0024_":{"x":235,"y":-179,"width":470,"height":358},"mhhhattack_DR_0027_":{"x":235,"y":-179,"width":470,"height":358},"mhhhattack_DR_0030_":{"x":235,"y":-179,"width":470,"height":358},"mhhhattack_DR_0033_":{"x":235,"y":-179,"width":470,"height":358},"mhhhattack_DR_0036_":{"x":235,"y":-179,"width":470,"height":358},"mhhhattack_DR_0039_":{"x":235,"y":-179,"width":470,"height":358},"mhhhattack_DR_0042_":{"x":235,"y":-179,"width":470,"height":358},"mhhhattack_DR_0045_":{"x":235,"y":-179,"width":470,"height":358},"mhhhattack_DR_0048_":{"x":235,"y":-179,"width":470,"height":358},"mhhhattack_DR_0051_":{"x":235,"y":-179,"width":470,"height":358},"mhhhattack_DR_0054_":{"x":235,"y":-179,"width":470,"height":358},"mhhhattack_DR_0057_":{"x":235,"y":-179,"width":470,"height":358},"mhhhattack_DR_0060_":{"x":235,"y":-179,"width":470,"height":358},"mhhhattack_DR_0063_":{"x":235,"y":-179,"width":470,"height":358},"mhhhattack_DR_0066_":{"x":235,"y":-179,"width":470,"height":358}},"mhhhattack_UL_":{"mhhhattack_UL_0000_":{"x":-165,"y":221,"width":330,"height":442},"mhhhattack_UL_0003_":{"x":-165,"y":221,"width":330,"height":442},"mhhhattack_UL_0006_":{"x":-165,"y":221,"width":330,"height":442},"mhhhattack_UL_0009_":{"x":-165,"y":221,"width":330,"height":442},"mhhhattack_UL_0012_":{"x":-165,"y":221,"width":330,"height":442},"mhhhattack_UL_0015_":{"x":-165,"y":221,"width":330,"height":442},"mhhhattack_UL_0018_":{"x":-165,"y":221,"width":330,"height":442},"mhhhattack_UL_0021_":{"x":-165,"y":221,"width":330,"height":442},"mhhhattack_UL_0024_":{"x":-165,"y":221,"width":330,"height":442},"mhhhattack_UL_0027_":{"x":-165,"y":221,"width":330,"height":442},"mhhhattack_UL_0030_":{"x":-165,"y":221,"width":330,"height":442},"mhhhattack_UL_0033_":{"x":-165,"y":221,"width":330,"height":442},"mhhhattack_UL_0036_":{"x":-165,"y":221,"width":330,"height":442},"mhhhattack_UL_0039_":{"x":-165,"y":221,"width":330,"height":442},"mhhhattack_UL_0042_":{"x":-165,"y":221,"width":330,"height":442},"mhhhattack_UL_0045_":{"x":-165,"y":221,"width":330,"height":442},"mhhhattack_UL_0048_":{"x":-165,"y":221,"width":330,"height":442},"mhhhattack_UL_0051_":{"x":-165,"y":221,"width":330,"height":442},"mhhhattack_UL_0054_":{"x":-165,"y":221,"width":330,"height":442},"mhhhattack_UL_0057_":{"x":-165,"y":221,"width":330,"height":442},"mhhhattack_UL_0060_":{"x":-165,"y":221,"width":330,"height":442},"mhhhattack_UL_0063_":{"x":-165,"y":221,"width":330,"height":442},"mhhhattack_UL_0066_":{"x":-165,"y":221,"width":330,"height":442}},"mhhhattack_UR_":{"mhhhattack_UR_0000_":{"x":235,"y":221,"width":470,"height":442},"mhhhattack_UR_0003_":{"x":235,"y":221,"width":470,"height":442},"mhhhattack_UR_0006_":{"x":235,"y":221,"width":470,"height":442},"mhhhattack_UR_0009_":{"x":235,"y":221,"width":470,"height":442},"mhhhattack_UR_0012_":{"x":235,"y":221,"width":470,"height":442},"mhhhattack_UR_0015_":{"x":235,"y":221,"width":470,"height":442},"mhhhattack_UR_0018_":{"x":235,"y":221,"width":470,"height":442},"mhhhattack_UR_0021_":{"x":235,"y":221,"width":470,"height":442},"mhhhattack_UR_0024_":{"x":235,"y":221,"width":470,"height":442},"mhhhattack_UR_0027_":{"x":235,"y":221,"width":470,"height":442},"mhhhattack_UR_0030_":{"x":235,"y":221,"width":470,"height":442},"mhhhattack_UR_0033_":{"x":235,"y":221,"width":470,"height":442},"mhhhattack_UR_0036_":{"x":235,"y":221,"width":470,"height":442},"mhhhattack_UR_0039_":{"x":235,"y":221,"width":470,"height":442},"mhhhattack_UR_0042_":{"x":235,"y":221,"width":470,"height":442},"mhhhattack_UR_0045_":{"x":235,"y":221,"width":470,"height":442},"mhhhattack_UR_0048_":{"x":235,"y":221,"width":470,"height":442},"mhhhattack_UR_0051_":{"x":235,"y":221,"width":470,"height":442},"mhhhattack_UR_0054_":{"x":235,"y":221,"width":470,"height":442},"mhhhattack_UR_0057_":{"x":235,"y":221,"width":470,"height":442},"mhhhattack_UR_0060_":{"x":235,"y":221,"width":470,"height":442},"mhhhattack_UR_0063_":{"x":235,"y":221,"width":470,"height":442},"mhhhattack_UR_0066_":{"x":235,"y":221,"width":470,"height":442}}}},"animations":{"animation":{"slots":{"mhhhattack_DL_":{"attachment":[{"time":0,"name":"mhhhattack_DL_0000_"},{"time":0.1,"name":"mhhhattack_DL_0003_"},{"time":0.2,"name":"mhhhattack_DL_0006_"},{"time":0.3,"name":"mhhhattack_DL_0009_"},{"time":0.4,"name":"mhhhattack_DL_0012_"},{"time":0.5,"name":"mhhhattack_DL_0015_"},{"time":0.6,"name":"mhhhattack_DL_0018_"},{"time":0.7,"name":"mhhhattack_DL_0021_"},{"time":0.8,"name":"mhhhattack_DL_0024_"},{"time":0.9,"name":"mhhhattack_DL_0027_"},{"time":1,"name":"mhhhattack_DL_0030_"},{"time":1.1,"name":"mhhhattack_DL_0033_"},{"time":1.2,"name":"mhhhattack_DL_0036_"},{"time":1.3,"name":"mhhhattack_DL_0039_"},{"time":1.4,"name":"mhhhattack_DL_0042_"},{"time":1.5,"name":"mhhhattack_DL_0045_"},{"time":1.6,"name":"mhhhattack_DL_0048_"},{"time":1.7,"name":"mhhhattack_DL_0051_"},{"time":1.8,"name":"mhhhattack_DL_0054_"},{"time":1.9,"name":"mhhhattack_DL_0057_"},{"time":2,"name":"mhhhattack_DL_0060_"},{"time":2.1,"name":"mhhhattack_DL_0063_"},{"time":2.2,"name":"mhhhattack_DL_0066_"},{"time":2.3,"name":null},{"time":3.9,"name":null}]},"mhhhattack_DR_":{"attachment":[{"time":0,"name":"mhhhattack_DR_0000_"},{"time":0.1,"name":"mhhhattack_DR_0003_"},{"time":0.2,"name":"mhhhattack_DR_0006_"},{"time":0.3,"name":"mhhhattack_DR_0009_"},{"time":0.4,"name":"mhhhattack_DR_0012_"},{"time":0.5,"name":"mhhhattack_DR_0015_"},{"time":0.6,"name":"mhhhattack_DR_0018_"},{"time":0.7,"name":"mhhhattack_DR_0021_"},{"time":0.8,"name":"mhhhattack_DR_0024_"},{"time":0.9,"name":"mhhhattack_DR_0027_"},{"time":1,"name":"mhhhattack_DR_0030_"},{"time":1.1,"name":"mhhhattack_DR_0033_"},{"time":1.2,"name":"mhhhattack_DR_0036_"},{"time":1.3,"name":"mhhhattack_DR_0039_"},{"time":1.4,"name":"mhhhattack_DR_0042_"},{"time":1.5,"name":"mhhhattack_DR_0045_"},{"time":1.6,"name":"mhhhattack_DR_0048_"},{"time":1.7,"name":"mhhhattack_DR_0051_"},{"time":1.8,"name":"mhhhattack_DR_0054_"},{"time":1.9,"name":"mhhhattack_DR_0057_"},{"time":2,"name":"mhhhattack_DR_0060_"},{"time":2.1,"name":"mhhhattack_DR_0063_"},{"time":2.2,"name":"mhhhattack_DR_0066_"},{"time":2.3,"name":null}]},"mhhhattack_UL_":{"attachment":[{"time":0,"name":"mhhhattack_UL_0000_"},{"time":0.1,"name":"mhhhattack_UL_0003_"},{"time":0.2,"name":"mhhhattack_UL_0006_"},{"time":0.3,"name":"mhhhattack_UL_0009_"},{"time":0.4,"name":"mhhhattack_UL_0012_"},{"time":0.5,"name":"mhhhattack_UL_0015_"},{"time":0.6,"name":"mhhhattack_UL_0018_"},{"time":0.7,"name":"mhhhattack_UL_0021_"},{"time":0.8,"name":"mhhhattack_UL_0024_"},{"time":0.9,"name":"mhhhattack_UL_0027_"},{"time":1,"name":"mhhhattack_UL_0030_"},{"time":1.1,"name":"mhhhattack_UL_0033_"},{"time":1.2,"name":"mhhhattack_UL_0036_"},{"time":1.3,"name":"mhhhattack_UL_0039_"},{"time":1.4,"name":"mhhhattack_UL_0042_"},{"time":1.5,"name":"mhhhattack_UL_0045_"},{"time":1.6,"name":"mhhhattack_UL_0048_"},{"time":1.7,"name":"mhhhattack_UL_0051_"},{"time":1.8,"name":"mhhhattack_UL_0054_"},{"time":1.9,"name":"mhhhattack_UL_0057_"},{"time":2,"name":"mhhhattack_UL_0060_"},{"time":2.1,"name":"mhhhattack_UL_0063_"},{"time":2.2,"name":"mhhhattack_UL_0066_"},{"time":2.3,"name":null}]},"mhhhattack_UR_":{"attachment":[{"time":0,"name":"mhhhattack_UR_0000_"},{"time":0.1,"name":"mhhhattack_UR_0003_"},{"time":0.2,"name":"mhhhattack_UR_0006_"},{"time":0.3,"name":"mhhhattack_UR_0009_"},{"time":0.4,"name":"mhhhattack_UR_0012_"},{"time":0.5,"name":"mhhhattack_UR_0015_"},{"time":0.6,"name":"mhhhattack_UR_0018_"},{"time":0.7,"name":"mhhhattack_UR_0021_"},{"time":0.8,"name":"mhhhattack_UR_0024_"},{"time":0.9,"name":"mhhhattack_UR_0027_"},{"time":1,"name":"mhhhattack_UR_0030_"},{"time":1.1,"name":"mhhhattack_UR_0033_"},{"time":1.2,"name":"mhhhattack_UR_0036_"},{"time":1.3,"name":"mhhhattack_UR_0039_"},{"time":1.4,"name":"mhhhattack_UR_0042_"},{"time":1.5,"name":"mhhhattack_UR_0045_"},{"time":1.6,"name":"mhhhattack_UR_0048_"},{"time":1.7,"name":"mhhhattack_UR_0051_"},{"time":1.8,"name":"mhhhattack_UR_0054_"},{"time":1.9,"name":"mhhhattack_UR_0057_"},{"time":2,"name":"mhhhattack_UR_0060_"},{"time":2.1,"name":"mhhhattack_UR_0063_"},{"time":2.2,"name":"mhhhattack_UR_0066_"},{"time":2.3,"name":null}]}},"bones":{"ctr":{"translate":[{"time":0,"x":-27,"y":97}]}}}}}