{
"skeleton": { "hash": "s6EaoAllCfY+kFb0A+brjHwW+ls", "spine": "3.7.94", "width": 0, "height": 0, "images": "../../新建文件夹/新建文件夹/images/", "audio": "C:/Users/Raytine/Desktop/烈翼魔王_行军 (2)/images" },
"bones": [
	{ "name": "root" },
	{ "name": "01", "parent": "root", "scaleX": 1.5, "scaleY": 1.5 },
	{ "name": "bone", "parent": "root", "scaleX": 0.5, "scaleY": 0.5 }
],
"slots": [
	{ "name": "LYMW_06_0019_", "bone": "01" },
	{ "name": "LYMW_06_0018_", "bone": "01" },
	{ "name": "LYMW_06_0017_", "bone": "01" },
	{ "name": "LYMW_06_0016_", "bone": "01" },
	{ "name": "LYMW_06_0015_", "bone": "01" },
	{ "name": "LYMW_06_0014_", "bone": "01" },
	{ "name": "LYMW_06_0013_", "bone": "01" },
	{ "name": "LYMW_06_0012_", "bone": "01" },
	{ "name": "LYMW_06_0011_", "bone": "01" },
	{ "name": "LYMW_06_0010_", "bone": "01" },
	{ "name": "LYMW_06_0009_", "bone": "01" },
	{ "name": "LYMW_06_0008_", "bone": "01" },
	{ "name": "LYMW_06_0007_", "bone": "01" },
	{ "name": "LYMW_06_0006_", "bone": "01" },
	{ "name": "LYMW_06_0005_", "bone": "01" },
	{ "name": "LYMW_06_0004_", "bone": "01" },
	{ "name": "LYMW_06_0003_", "bone": "01" },
	{ "name": "LYMW_06_0002_", "bone": "01" },
	{ "name": "LYMW_06_0001_", "bone": "01" },
	{ "name": "LYMW_06_0000_", "bone": "01" },
	{ "name": "LYMW_04_0019_", "bone": "01" },
	{ "name": "LYMW_04_0018_", "bone": "01" },
	{ "name": "LYMW_04_0017_", "bone": "01" },
	{ "name": "LYMW_04_0016_", "bone": "01" },
	{ "name": "LYMW_04_0015_", "bone": "01" },
	{ "name": "LYMW_04_0014_", "bone": "01" },
	{ "name": "LYMW_04_0013_", "bone": "01" },
	{ "name": "LYMW_04_0012_", "bone": "01" },
	{ "name": "LYMW_04_0011_", "bone": "01" },
	{ "name": "LYMW_04_0010_", "bone": "01" },
	{ "name": "LYMW_04_0009_", "bone": "01" },
	{ "name": "LYMW_04_0008_", "bone": "01" },
	{ "name": "LYMW_04_0007_", "bone": "01" },
	{ "name": "LYMW_04_0006_", "bone": "01" },
	{ "name": "LYMW_04_0005_", "bone": "01" },
	{ "name": "LYMW_04_0004_", "bone": "01" },
	{ "name": "LYMW_04_0003_", "bone": "01" },
	{ "name": "LYMW_04_0002_", "bone": "01" },
	{ "name": "LYMW_04_0001_", "bone": "01" },
	{ "name": "LYMW_04_0000_", "bone": "01" },
	{ "name": "LYMW_03_0019_", "bone": "01" },
	{ "name": "LYMW_03_0018_", "bone": "01" },
	{ "name": "LYMW_03_0017_", "bone": "01" },
	{ "name": "LYMW_03_0016_", "bone": "01" },
	{ "name": "LYMW_03_0015_", "bone": "01" },
	{ "name": "LYMW_03_0014_", "bone": "01" },
	{ "name": "LYMW_03_0013_", "bone": "01" },
	{ "name": "LYMW_03_0012_", "bone": "01" },
	{ "name": "LYMW_03_0011_", "bone": "01" },
	{ "name": "LYMW_03_0010_", "bone": "01" },
	{ "name": "LYMW_03_0009_", "bone": "01" },
	{ "name": "LYMW_03_0008_", "bone": "01" },
	{ "name": "LYMW_03_0007_", "bone": "01" },
	{ "name": "LYMW_03_0006_", "bone": "01" },
	{ "name": "LYMW_03_0005_", "bone": "01" },
	{ "name": "LYMW_03_0004_", "bone": "01" },
	{ "name": "LYMW_03_0003_", "bone": "01" },
	{ "name": "LYMW_03_0002_", "bone": "01" },
	{ "name": "LYMW_03_0001_", "bone": "01" },
	{ "name": "LYMW_03_0000_", "bone": "01" },
	{ "name": "LYMW_02_0019_", "bone": "01" },
	{ "name": "LYMW_02_0018_", "bone": "01" },
	{ "name": "LYMW_02_0017_", "bone": "01" },
	{ "name": "LYMW_02_0016_", "bone": "01" },
	{ "name": "LYMW_02_0015_", "bone": "01" },
	{ "name": "LYMW_02_0014_", "bone": "01" },
	{ "name": "LYMW_02_0013_", "bone": "01" },
	{ "name": "LYMW_02_0012_", "bone": "01" },
	{ "name": "LYMW_02_0011_", "bone": "01" },
	{ "name": "LYMW_02_0010_", "bone": "01" },
	{ "name": "LYMW_02_0009_", "bone": "01" },
	{ "name": "LYMW_02_0008_", "bone": "01" },
	{ "name": "LYMW_02_0007_", "bone": "01" },
	{ "name": "LYMW_02_0006_", "bone": "01" },
	{ "name": "LYMW_02_0005_", "bone": "01" },
	{ "name": "LYMW_02_0004_", "bone": "01" },
	{ "name": "LYMW_02_0003_", "bone": "01" },
	{ "name": "LYMW_02_0002_", "bone": "01" },
	{ "name": "LYMW_02_0001_", "bone": "01" },
	{ "name": "LYMW_02_0000_", "bone": "01" },
	{ "name": "LYMW_01_0019_", "bone": "01" },
	{ "name": "LYMW_01_0018_", "bone": "01" },
	{ "name": "LYMW_01_0017_", "bone": "01" },
	{ "name": "LYMW_01_0016_", "bone": "01" },
	{ "name": "LYMW_01_0015_", "bone": "01" },
	{ "name": "LYMW_01_0014_", "bone": "01" },
	{ "name": "LYMW_01_0013_", "bone": "01" },
	{ "name": "LYMW_01_0012_", "bone": "01" },
	{ "name": "LYMW_01_0011_", "bone": "01" },
	{ "name": "LYMW_01_0010_", "bone": "01" },
	{ "name": "LYMW_01_009_", "bone": "01" },
	{ "name": "LYMW_01_0008_", "bone": "01" },
	{ "name": "LYMW_01_0007_", "bone": "01" },
	{ "name": "LYMW_01_0006_", "bone": "01" },
	{ "name": "LYMW_01_0005_", "bone": "01" },
	{ "name": "LYMW_01_0004_", "bone": "01" },
	{ "name": "LYMW_01_0003_", "bone": "01" },
	{ "name": "LYMW_01_0002_", "bone": "01" },
	{ "name": "LYMW_01_0001_", "bone": "01" },
	{ "name": "LYMW_01_0000_", "bone": "01" },
	{ "name": "yz_0_", "bone": "bone" }
],
"skins": {
	"default": {
		"LYMW_01_0000_": {
			"LYMW_01_0000_": { "path": "LYMW_01_0001_", "x": 6.83, "y": 57.66, "width": 89, "height": 151 }
		},
		"LYMW_01_0001_": {
			"LYMW_01_0001_": { "path": "LYMW_01_0002_", "x": 7.83, "y": 57.66, "width": 91, "height": 155 }
		},
		"LYMW_01_0002_": {
			"LYMW_01_0002_": { "path": "LYMW_01_0003_", "x": 7.83, "y": 56.66, "width": 89, "height": 157 }
		},
		"LYMW_01_0003_": {
			"LYMW_01_0003_": { "path": "LYMW_01_0004_", "x": 8.83, "y": 53.16, "width": 91, "height": 152 }
		},
		"LYMW_01_0004_": {
			"LYMW_01_0004_": { "path": "LYMW_01_0005_", "x": 10.83, "y": 47.66, "width": 95, "height": 143 }
		},
		"LYMW_01_0005_": {
			"LYMW_01_0005_": { "path": "LYMW_01_0006_", "x": 7.83, "y": 42.16, "width": 111, "height": 136 }
		},
		"LYMW_01_0006_": {
			"LYMW_01_0006_": { "path": "LYMW_01_0007_", "x": 5.33, "y": 35.66, "width": 130, "height": 125 }
		},
		"LYMW_01_0007_": {
			"LYMW_01_0007_": { "path": "LYMW_01_0008_", "x": 3.83, "y": 29.16, "width": 147, "height": 112 }
		},
		"LYMW_01_0008_": {
			"LYMW_01_0008_": { "path": "LYMW_01_0009_", "x": 3.33, "y": 25.66, "width": 152, "height": 107 }
		},
		"LYMW_01_0010_": {
			"LYMW_01_0010_": { "path": "LYMW_01_0011_", "x": 2.83, "y": 25.66, "width": 129, "height": 109 }
		},
		"LYMW_01_0011_": {
			"LYMW_01_0011_": { "path": "LYMW_01_0012_", "x": 3.83, "y": 27.16, "width": 105, "height": 110 }
		},
		"LYMW_01_0012_": {
			"LYMW_01_0012_": { "path": "LYMW_01_0013_", "x": 3.83, "y": 29.16, "width": 87, "height": 112 }
		},
		"LYMW_01_0013_": {
			"LYMW_01_0013_": { "path": "LYMW_01_0014_", "x": 3.33, "y": 30.66, "width": 80, "height": 113 }
		},
		"LYMW_01_0014_": {
			"LYMW_01_0014_": { "path": "LYMW_01_0015_", "x": 2.33, "y": 32.66, "width": 80, "height": 115 }
		},
		"LYMW_01_0015_": {
			"LYMW_01_0015_": { "path": "LYMW_01_0016_", "x": 3.83, "y": 33.66, "width": 83, "height": 115 }
		},
		"LYMW_01_0016_": {
			"LYMW_01_0016_": { "path": "LYMW_01_0017_", "x": 3.83, "y": 34.66, "width": 99, "height": 113 }
		},
		"LYMW_01_0017_": {
			"LYMW_01_0017_": { "path": "LYMW_01_0018_", "x": 3.33, "y": 33.66, "width": 122, "height": 111 }
		},
		"LYMW_01_0018_": {
			"LYMW_01_0018_": { "path": "LYMW_01_0019_", "x": 7.33, "y": 44.16, "width": 118, "height": 128 }
		},
		"LYMW_01_0019_": {
			"LYMW_01_0019_": { "path": "LYMW_01_0020_", "x": 9.83, "y": 54.16, "width": 97, "height": 146 }
		},
		"LYMW_01_009_": {
			"LYMW_01_009_": { "path": "LYMW_01_0010_", "x": 2.33, "y": 25.16, "width": 148, "height": 108 }
		},
		"LYMW_02_0000_": {
			"LYMW_02_0000_": { "path": "LYMW_02_0001_", "x": -6.67, "y": 53.16, "width": 72, "height": 160 }
		},
		"LYMW_02_0001_": {
			"LYMW_02_0001_": { "path": "LYMW_02_0002_", "x": -3.17, "y": 52.16, "width": 75, "height": 160 }
		},
		"LYMW_02_0002_": {
			"LYMW_02_0002_": { "path": "LYMW_02_0003_", "x": 1.33, "y": 50.66, "width": 80, "height": 159 }
		},
		"LYMW_02_0003_": {
			"LYMW_02_0003_": { "path": "LYMW_02_0004_", "x": 2.83, "y": 48.66, "width": 87, "height": 157 }
		},
		"LYMW_02_0004_": {
			"LYMW_02_0004_": { "path": "LYMW_02_0005_", "x": 4.83, "y": 47.16, "width": 89, "height": 156 }
		},
		"LYMW_02_0005_": {
			"LYMW_02_0005_": { "path": "LYMW_02_0006_", "x": 5.33, "y": 44.66, "width": 94, "height": 153 }
		},
		"LYMW_02_0006_": {
			"LYMW_02_0006_": { "path": "LYMW_02_0007_", "x": 6.33, "y": 42.16, "width": 106, "height": 150 }
		},
		"LYMW_02_0007_": {
			"LYMW_02_0007_": { "path": "LYMW_02_0008_", "x": 9.83, "y": 37.66, "width": 121, "height": 143 }
		},
		"LYMW_02_0008_": {
			"LYMW_02_0008_": { "path": "LYMW_02_0009_", "x": 14.83, "y": 29.66, "width": 129, "height": 129 }
		},
		"LYMW_02_0009_": {
			"LYMW_02_0009_": { "path": "LYMW_02_0010_", "x": 19.83, "y": 22.16, "width": 125, "height": 116 }
		},
		"LYMW_02_0010_": {
			"LYMW_02_0010_": { "path": "LYMW_02_0011_", "x": 20.83, "y": 22.66, "width": 111, "height": 117 }
		},
		"LYMW_02_0011_": {
			"LYMW_02_0011_": { "path": "LYMW_02_0012_", "x": 16.33, "y": 23.66, "width": 100, "height": 119 }
		},
		"LYMW_02_0012_": {
			"LYMW_02_0012_": { "path": "LYMW_02_0013_", "x": 11.33, "y": 25.66, "width": 90, "height": 121 }
		},
		"LYMW_02_0013_": {
			"LYMW_02_0013_": { "path": "LYMW_02_0014_", "x": 8.33, "y": 27.16, "width": 86, "height": 122 }
		},
		"LYMW_02_0014_": {
			"LYMW_02_0014_": { "path": "LYMW_02_0015_", "x": 8.33, "y": 28.66, "width": 88, "height": 123 }
		},
		"LYMW_02_0015_": {
			"LYMW_02_0015_": { "path": "LYMW_02_0016_", "x": 9.83, "y": 29.66, "width": 93, "height": 123 }
		},
		"LYMW_02_0016_": {
			"LYMW_02_0016_": { "path": "LYMW_02_0017_", "x": 11.83, "y": 29.66, "width": 103, "height": 121 }
		},
		"LYMW_02_0017_": {
			"LYMW_02_0017_": { "path": "LYMW_02_0018_", "x": 11.33, "y": 31.16, "width": 106, "height": 124 }
		},
		"LYMW_02_0018_": {
			"LYMW_02_0018_": { "path": "LYMW_02_0019_", "x": 3.33, "y": 40.66, "width": 100, "height": 141 }
		},
		"LYMW_02_0019_": {
			"LYMW_02_0019_": { "path": "LYMW_02_0020_", "x": -3.67, "y": 49.16, "width": 84, "height": 154 }
		},
		"LYMW_03_0000_": {
			"LYMW_03_0000_": { "path": "LYMW_03_0001_", "x": -8.17, "y": 57.16, "width": 95, "height": 156 }
		},
		"LYMW_03_0001_": {
			"LYMW_03_0001_": { "path": "LYMW_03_0002_", "x": -7.17, "y": 57.66, "width": 97, "height": 159 }
		},
		"LYMW_03_0002_": {
			"LYMW_03_0002_": { "path": "LYMW_03_0003_", "x": -5.17, "y": 58.66, "width": 95, "height": 161 }
		},
		"LYMW_03_0003_": {
			"LYMW_03_0003_": { "path": "LYMW_03_0004_", "x": -3.67, "y": 58.66, "width": 96, "height": 161 }
		},
		"LYMW_03_0004_": {
			"LYMW_03_0004_": { "path": "LYMW_03_0005_", "x": -0.67, "y": 57.16, "width": 92, "height": 158 }
		},
		"LYMW_03_0005_": {
			"LYMW_03_0005_": { "path": "LYMW_03_0006_", "x": 1.83, "y": 56.16, "width": 91, "height": 158 }
		},
		"LYMW_03_0006_": {
			"LYMW_03_0006_": { "path": "LYMW_03_0007_", "x": 1.83, "y": 54.66, "width": 91, "height": 157 }
		},
		"LYMW_03_0007_": {
			"LYMW_03_0007_": { "path": "LYMW_03_0008_", "x": 0.33, "y": 51.16, "width": 94, "height": 152 }
		},
		"LYMW_03_0008_": {
			"LYMW_03_0008_": { "path": "LYMW_03_0009_", "x": -1.67, "y": 44.66, "width": 96, "height": 141 }
		},
		"LYMW_03_0009_": {
			"LYMW_03_0009_": { "path": "LYMW_03_0010_", "x": -2.17, "y": 35.66, "width": 99, "height": 125 }
		},
		"LYMW_03_0010_": {
			"LYMW_03_0010_": { "path": "LYMW_03_0011_", "x": -3.67, "y": 30.16, "width": 102, "height": 114 }
		},
		"LYMW_03_0011_": {
			"LYMW_03_0011_": { "path": "LYMW_03_0012_", "x": -6.17, "y": 30.16, "width": 101, "height": 114 }
		},
		"LYMW_03_0012_": {
			"LYMW_03_0012_": { "path": "LYMW_03_0013_", "x": -8.17, "y": 31.16, "width": 101, "height": 116 }
		},
		"LYMW_03_0013_": {
			"LYMW_03_0013_": { "path": "LYMW_03_0014_", "x": -10.17, "y": 31.66, "width": 101, "height": 117 }
		},
		"LYMW_03_0014_": {
			"LYMW_03_0014_": { "path": "LYMW_03_0015_", "x": -10.67, "y": 32.66, "width": 104, "height": 119 }
		},
		"LYMW_03_0015_": {
			"LYMW_03_0015_": { "path": "LYMW_03_0016_", "x": -9.17, "y": 32.66, "width": 107, "height": 119 }
		},
		"LYMW_03_0016_": {
			"LYMW_03_0016_": { "path": "LYMW_03_0017_", "x": -9.17, "y": 34.16, "width": 103, "height": 120 }
		},
		"LYMW_03_0017_": {
			"LYMW_03_0017_": { "path": "LYMW_03_0018_", "x": -11.17, "y": 40.66, "width": 99, "height": 131 }
		},
		"LYMW_03_0018_": {
			"LYMW_03_0018_": { "path": "LYMW_03_0019_", "x": -10.67, "y": 49.16, "width": 98, "height": 146 }
		},
		"LYMW_03_0019_": {
			"LYMW_03_0019_": { "path": "LYMW_03_0020_", "x": -10.17, "y": 55.66, "width": 97, "height": 155 }
		},
		"LYMW_04_0000_": {
			"LYMW_04_0000_": { "path": "LYMW_04_0001_", "x": -2.17, "y": 60.16, "width": 125, "height": 128 }
		},
		"LYMW_04_0001_": {
			"LYMW_04_0001_": { "path": "LYMW_04_0002_", "x": -2.67, "y": 62.16, "width": 128, "height": 132 }
		},
		"LYMW_04_0002_": {
			"LYMW_04_0002_": { "path": "LYMW_04_0003_", "x": -3.67, "y": 65.16, "width": 130, "height": 138 }
		},
		"LYMW_04_0003_": {
			"LYMW_04_0003_": { "path": "LYMW_04_0004_", "x": -3.67, "y": 66.66, "width": 132, "height": 141 }
		},
		"LYMW_04_0004_": {
			"LYMW_04_0004_": { "path": "LYMW_04_0005_", "x": -4.17, "y": 67.16, "width": 135, "height": 142 }
		},
		"LYMW_04_0005_": {
			"LYMW_04_0005_": { "path": "LYMW_04_0006_", "x": -3.17, "y": 66.66, "width": 135, "height": 141 }
		},
		"LYMW_04_0006_": {
			"LYMW_04_0006_": { "path": "LYMW_04_0007_", "x": -3.17, "y": 65.66, "width": 133, "height": 139 }
		},
		"LYMW_04_0007_": {
			"LYMW_04_0007_": { "path": "LYMW_04_0008_", "x": 0.83, "y": 62.66, "width": 137, "height": 135 }
		},
		"LYMW_04_0008_": {
			"LYMW_04_0008_": { "path": "LYMW_04_0009_", "x": 6.33, "y": 55.66, "width": 144, "height": 123 }
		},
		"LYMW_04_0009_": {
			"LYMW_04_0009_": { "path": "LYMW_04_0010_", "x": 7.33, "y": 47.66, "width": 146, "height": 109 }
		},
		"LYMW_04_0010_": {
			"LYMW_04_0010_": { "path": "LYMW_04_0011_", "x": 3.83, "y": 42.66, "width": 141, "height": 99 }
		},
		"LYMW_04_0011_": {
			"LYMW_04_0011_": { "path": "LYMW_04_0012_", "x": -1.67, "y": 41.66, "width": 132, "height": 97 }
		},
		"LYMW_04_0012_": {
			"LYMW_04_0012_": { "path": "LYMW_04_0013_", "x": -3.67, "y": 41.66, "width": 130, "height": 99 }
		},
		"LYMW_04_0013_": {
			"LYMW_04_0013_": { "path": "LYMW_04_0014_", "x": -4.17, "y": 42.66, "width": 129, "height": 101 }
		},
		"LYMW_04_0014_": {
			"LYMW_04_0014_": { "path": "LYMW_04_0015_", "x": -3.67, "y": 43.16, "width": 128, "height": 102 }
		},
		"LYMW_04_0015_": {
			"LYMW_04_0015_": { "path": "LYMW_04_0016_", "x": -3.17, "y": 44.16, "width": 125, "height": 104 }
		},
		"LYMW_04_0016_": {
			"LYMW_04_0016_": { "path": "LYMW_04_0017_", "x": 1.33, "y": 46.66, "width": 128, "height": 107 }
		},
		"LYMW_04_0017_": {
			"LYMW_04_0017_": { "path": "LYMW_04_0018_", "x": -0.17, "y": 51.16, "width": 121, "height": 114 }
		},
		"LYMW_04_0018_": {
			"LYMW_04_0018_": { "path": "LYMW_04_0019_", "x": -0.17, "y": 56.16, "width": 121, "height": 122 }
		},
		"LYMW_04_0019_": {
			"LYMW_04_0019_": { "path": "LYMW_04_0020_", "x": -0.67, "y": 59.66, "width": 122, "height": 127 }
		},
		"LYMW_06_0000_": {
			"LYMW_06_0000_": { "path": "LYMW_06_0001_", "x": 0.83, "y": 54.16, "width": 93, "height": 108 }
		},
		"LYMW_06_0001_": {
			"LYMW_06_0001_": { "path": "LYMW_06_0002_", "x": 0.33, "y": 55.16, "width": 94, "height": 112 }
		},
		"LYMW_06_0002_": {
			"LYMW_06_0002_": { "path": "LYMW_06_0003_", "x": -0.17, "y": 58.16, "width": 93, "height": 120 }
		},
		"LYMW_06_0003_": {
			"LYMW_06_0003_": { "path": "LYMW_06_0004_", "x": -1.17, "y": 60.66, "width": 95, "height": 127 }
		},
		"LYMW_06_0004_": {
			"LYMW_06_0004_": { "path": "LYMW_06_0005_", "x": -3.17, "y": 61.66, "width": 97, "height": 131 }
		},
		"LYMW_06_0005_": {
			"LYMW_06_0005_": { "path": "LYMW_06_0006_", "x": -1.17, "y": 61.16, "width": 109, "height": 130 }
		},
		"LYMW_06_0006_": {
			"LYMW_06_0006_": { "path": "LYMW_06_0007_", "x": 0.83, "y": 59.16, "width": 129, "height": 126 }
		},
		"LYMW_06_0007_": {
			"LYMW_06_0007_": { "path": "LYMW_06_0008_", "x": 2.83, "y": 54.66, "width": 147, "height": 117 }
		},
		"LYMW_06_0008_": {
			"LYMW_06_0008_": { "path": "LYMW_06_0009_", "x": 4.83, "y": 47.66, "width": 151, "height": 103 }
		},
		"LYMW_06_0009_": {
			"LYMW_06_0009_": { "path": "LYMW_06_0010_", "x": 6.83, "y": 41.66, "width": 147, "height": 91 }
		},
		"LYMW_06_0010_": {
			"LYMW_06_0010_": { "path": "LYMW_06_0011_", "x": 6.33, "y": 42.16, "width": 128, "height": 92 }
		},
		"LYMW_06_0011_": {
			"LYMW_06_0011_": { "path": "LYMW_06_0012_", "x": 4.83, "y": 42.66, "width": 105, "height": 91 }
		},
		"LYMW_06_0012_": {
			"LYMW_06_0012_": { "path": "LYMW_06_0013_", "x": 4.33, "y": 43.16, "width": 86, "height": 90 }
		},
		"LYMW_06_0013_": {
			"LYMW_06_0013_": { "path": "LYMW_06_0014_", "x": 5.33, "y": 43.66, "width": 82, "height": 89 }
		},
		"LYMW_06_0014_": {
			"LYMW_06_0014_": { "path": "LYMW_06_0015_", "x": 6.83, "y": 45.16, "width": 81, "height": 90 }
		},
		"LYMW_06_0015_": {
			"LYMW_06_0015_": { "path": "LYMW_06_0016_", "x": 5.83, "y": 46.16, "width": 83, "height": 92 }
		},
		"LYMW_06_0016_": {
			"LYMW_06_0016_": { "path": "LYMW_06_0017_", "x": 4.83, "y": 47.66, "width": 99, "height": 95 }
		},
		"LYMW_06_0017_": {
			"LYMW_06_0017_": { "path": "LYMW_06_0018_", "x": 4.83, "y": 49.16, "width": 121, "height": 98 }
		},
		"LYMW_06_0018_": {
			"LYMW_06_0018_": { "path": "LYMW_06_0019_", "x": -0.67, "y": 50.66, "width": 118, "height": 101 }
		},
		"LYMW_06_0019_": {
			"LYMW_06_0019_": { "path": "LYMW_06_0020_", "x": -2.67, "y": 53.16, "width": 100, "height": 106 }
		},
		"yz_0_": {
			"yz_0_": { "rotation": 0.16, "width": 85, "height": 85 }
		}
	}
},
"animations": {
	"walk_0": {
		"slots": {
			"LYMW_04_0000_": {
				"attachment": [
					{ "time": 0, "name": "LYMW_04_0000_" },
					{ "time": 0.0667, "name": null },
					{ "time": 1.3333, "name": "LYMW_04_0000_" }
				]
			},
			"LYMW_04_0001_": {
				"attachment": [
					{ "time": 0.0667, "name": "LYMW_04_0001_" },
					{ "time": 0.1333, "name": null }
				]
			},
			"LYMW_04_0002_": {
				"attachment": [
					{ "time": 0.1333, "name": "LYMW_04_0002_" },
					{ "time": 0.2, "name": null }
				]
			},
			"LYMW_04_0003_": {
				"attachment": [
					{ "time": 0.2, "name": "LYMW_04_0003_" },
					{ "time": 0.2667, "name": null }
				]
			},
			"LYMW_04_0004_": {
				"attachment": [
					{ "time": 0.2667, "name": "LYMW_04_0004_" },
					{ "time": 0.3333, "name": null }
				]
			},
			"LYMW_04_0005_": {
				"attachment": [
					{ "time": 0.3333, "name": "LYMW_04_0005_" },
					{ "time": 0.4, "name": null }
				]
			},
			"LYMW_04_0006_": {
				"attachment": [
					{ "time": 0.4, "name": "LYMW_04_0006_" },
					{ "time": 0.4667, "name": null }
				]
			},
			"LYMW_04_0007_": {
				"attachment": [
					{ "time": 0.4667, "name": "LYMW_04_0007_" },
					{ "time": 0.5333, "name": null }
				]
			},
			"LYMW_04_0008_": {
				"attachment": [
					{ "time": 0.5333, "name": "LYMW_04_0008_" },
					{ "time": 0.6, "name": null }
				]
			},
			"LYMW_04_0009_": {
				"attachment": [
					{ "time": 0.6, "name": "LYMW_04_0009_" },
					{ "time": 0.6667, "name": null }
				]
			},
			"LYMW_04_0010_": {
				"attachment": [
					{ "time": 0.6667, "name": "LYMW_04_0010_" },
					{ "time": 0.7333, "name": null }
				]
			},
			"LYMW_04_0011_": {
				"attachment": [
					{ "time": 0.7333, "name": "LYMW_04_0011_" },
					{ "time": 0.8, "name": null }
				]
			},
			"LYMW_04_0012_": {
				"attachment": [
					{ "time": 0.8, "name": "LYMW_04_0012_" },
					{ "time": 0.8667, "name": null }
				]
			},
			"LYMW_04_0013_": {
				"attachment": [
					{ "time": 0.8667, "name": "LYMW_04_0013_" },
					{ "time": 0.9333, "name": null }
				]
			},
			"LYMW_04_0014_": {
				"attachment": [
					{ "time": 0.9333, "name": "LYMW_04_0014_" },
					{ "time": 1, "name": null }
				]
			},
			"LYMW_04_0015_": {
				"attachment": [
					{ "time": 1, "name": "LYMW_04_0015_" },
					{ "time": 1.0667, "name": null }
				]
			},
			"LYMW_04_0016_": {
				"attachment": [
					{ "time": 1.0667, "name": "LYMW_04_0016_" },
					{ "time": 1.1333, "name": null }
				]
			},
			"LYMW_04_0017_": {
				"attachment": [
					{ "time": 1.1333, "name": "LYMW_04_0017_" },
					{ "time": 1.2, "name": null }
				]
			},
			"LYMW_04_0018_": {
				"attachment": [
					{ "time": 1.2, "name": "LYMW_04_0018_" },
					{ "time": 1.2667, "name": null }
				]
			},
			"LYMW_04_0019_": {
				"attachment": [
					{ "time": 1.2667, "name": "LYMW_04_0019_" },
					{ "time": 1.3333, "name": null }
				]
			},
			"yz_0_": {
				"attachment": [
					{ "time": 0, "name": "yz_0_" }
				]
			}
		},
		"bones": {
			"01": {
				"shear": [
					{ "time": 0, "x": -180, "y": 0 }
				]
			}
		}
	},
	"walk_1": {
		"slots": {
			"LYMW_03_0000_": {
				"attachment": [
					{ "time": 0, "name": "LYMW_03_0000_" },
					{ "time": 0.0667, "name": null },
					{ "time": 1.3333, "name": "LYMW_03_0000_" }
				]
			},
			"LYMW_03_0001_": {
				"attachment": [
					{ "time": 0.0667, "name": "LYMW_03_0001_" },
					{ "time": 0.1333, "name": null }
				]
			},
			"LYMW_03_0002_": {
				"attachment": [
					{ "time": 0.1333, "name": "LYMW_03_0002_" },
					{ "time": 0.2, "name": null }
				]
			},
			"LYMW_03_0003_": {
				"attachment": [
					{ "time": 0.2, "name": "LYMW_03_0003_" },
					{ "time": 0.2667, "name": null }
				]
			},
			"LYMW_03_0004_": {
				"attachment": [
					{ "time": 0.2667, "name": "LYMW_03_0004_" },
					{ "time": 0.3333, "name": null }
				]
			},
			"LYMW_03_0005_": {
				"attachment": [
					{ "time": 0.3333, "name": "LYMW_03_0005_" },
					{ "time": 0.4, "name": null }
				]
			},
			"LYMW_03_0006_": {
				"attachment": [
					{ "time": 0.4, "name": "LYMW_03_0006_" },
					{ "time": 0.4667, "name": null }
				]
			},
			"LYMW_03_0007_": {
				"attachment": [
					{ "time": 0.4667, "name": "LYMW_03_0007_" },
					{ "time": 0.5333, "name": null }
				]
			},
			"LYMW_03_0008_": {
				"attachment": [
					{ "time": 0.5333, "name": "LYMW_03_0008_" },
					{ "time": 0.6, "name": null }
				]
			},
			"LYMW_03_0009_": {
				"attachment": [
					{ "time": 0.6, "name": "LYMW_03_0009_" },
					{ "time": 0.6667, "name": null }
				]
			},
			"LYMW_03_0010_": {
				"attachment": [
					{ "time": 0.6667, "name": "LYMW_03_0010_" },
					{ "time": 0.7333, "name": null }
				]
			},
			"LYMW_03_0011_": {
				"attachment": [
					{ "time": 0.7333, "name": "LYMW_03_0011_" },
					{ "time": 0.8, "name": null }
				]
			},
			"LYMW_03_0012_": {
				"attachment": [
					{ "time": 0.8, "name": "LYMW_03_0012_" },
					{ "time": 0.8667, "name": null }
				]
			},
			"LYMW_03_0013_": {
				"attachment": [
					{ "time": 0.8667, "name": "LYMW_03_0013_" },
					{ "time": 0.9333, "name": null }
				]
			},
			"LYMW_03_0014_": {
				"attachment": [
					{ "time": 0.9333, "name": "LYMW_03_0014_" },
					{ "time": 1, "name": null }
				]
			},
			"LYMW_03_0015_": {
				"attachment": [
					{ "time": 1, "name": "LYMW_03_0015_" },
					{ "time": 1.0667, "name": null }
				]
			},
			"LYMW_03_0016_": {
				"attachment": [
					{ "time": 1.0667, "name": "LYMW_03_0016_" },
					{ "time": 1.1333, "name": null }
				]
			},
			"LYMW_03_0017_": {
				"attachment": [
					{ "time": 1.1333, "name": "LYMW_03_0017_" },
					{ "time": 1.2, "name": null }
				]
			},
			"LYMW_03_0018_": {
				"attachment": [
					{ "time": 1.2, "name": "LYMW_03_0018_" },
					{ "time": 1.2667, "name": null }
				]
			},
			"LYMW_03_0019_": {
				"attachment": [
					{ "time": 1.2667, "name": "LYMW_03_0019_" },
					{ "time": 1.3333, "name": null }
				]
			},
			"yz_0_": {
				"attachment": [
					{ "time": 0, "name": "yz_0_" }
				]
			}
		},
		"bones": {
			"01": {
				"shear": [
					{ "time": 0, "x": -180, "y": 0 }
				]
			}
		}
	},
	"walk_2": {
		"slots": {
			"LYMW_01_0000_": {
				"attachment": [
					{ "time": 0, "name": "LYMW_01_0000_" },
					{ "time": 0.0667, "name": null },
					{ "time": 1.3333, "name": "LYMW_01_0000_" }
				]
			},
			"LYMW_01_0001_": {
				"attachment": [
					{ "time": 0.0667, "name": "LYMW_01_0001_" },
					{ "time": 0.1333, "name": null }
				]
			},
			"LYMW_01_0002_": {
				"attachment": [
					{ "time": 0.1333, "name": "LYMW_01_0002_" },
					{ "time": 0.2, "name": null }
				]
			},
			"LYMW_01_0003_": {
				"attachment": [
					{ "time": 0.2, "name": "LYMW_01_0003_" },
					{ "time": 0.2667, "name": null }
				]
			},
			"LYMW_01_0004_": {
				"attachment": [
					{ "time": 0.2667, "name": "LYMW_01_0004_" },
					{ "time": 0.3333, "name": null }
				]
			},
			"LYMW_01_0005_": {
				"attachment": [
					{ "time": 0.3333, "name": "LYMW_01_0005_" },
					{ "time": 0.4, "name": null }
				]
			},
			"LYMW_01_0006_": {
				"attachment": [
					{ "time": 0.4, "name": "LYMW_01_0006_" },
					{ "time": 0.4667, "name": null }
				]
			},
			"LYMW_01_0007_": {
				"attachment": [
					{ "time": 0.4667, "name": "LYMW_01_0007_" },
					{ "time": 0.5333, "name": null }
				]
			},
			"LYMW_01_0008_": {
				"attachment": [
					{ "time": 0.5333, "name": "LYMW_01_0008_" },
					{ "time": 0.6, "name": null }
				]
			},
			"LYMW_01_009_": {
				"attachment": [
					{ "time": 0.6, "name": "LYMW_01_009_" },
					{ "time": 0.6667, "name": null }
				]
			},
			"LYMW_01_0010_": {
				"attachment": [
					{ "time": 0.6667, "name": "LYMW_01_0010_" },
					{ "time": 0.7333, "name": null }
				]
			},
			"LYMW_01_0011_": {
				"attachment": [
					{ "time": 0.7333, "name": "LYMW_01_0011_" },
					{ "time": 0.8, "name": null }
				]
			},
			"LYMW_01_0012_": {
				"attachment": [
					{ "time": 0.8, "name": "LYMW_01_0012_" },
					{ "time": 0.8667, "name": null }
				]
			},
			"LYMW_01_0013_": {
				"attachment": [
					{ "time": 0.8667, "name": "LYMW_01_0013_" },
					{ "time": 0.9333, "name": null }
				]
			},
			"LYMW_01_0014_": {
				"attachment": [
					{ "time": 0.9333, "name": "LYMW_01_0014_" },
					{ "time": 1, "name": null }
				]
			},
			"LYMW_01_0015_": {
				"attachment": [
					{ "time": 1, "name": "LYMW_01_0015_" },
					{ "time": 1.0667, "name": null }
				]
			},
			"LYMW_01_0016_": {
				"attachment": [
					{ "time": 1.0667, "name": "LYMW_01_0016_" },
					{ "time": 1.1333, "name": null }
				]
			},
			"LYMW_01_0017_": {
				"attachment": [
					{ "time": 1.1333, "name": "LYMW_01_0017_" },
					{ "time": 1.2, "name": null }
				]
			},
			"LYMW_01_0018_": {
				"attachment": [
					{ "time": 1.2, "name": "LYMW_01_0018_" },
					{ "time": 1.2667, "name": null }
				]
			},
			"LYMW_01_0019_": {
				"attachment": [
					{ "time": 1.2667, "name": "LYMW_01_0019_" },
					{ "time": 1.3333, "name": null }
				]
			},
			"yz_0_": {
				"attachment": [
					{ "time": 0, "name": "yz_0_" }
				]
			}
		}
	},
	"walk_3": {
		"slots": {
			"LYMW_02_0000_": {
				"attachment": [
					{ "time": 0, "name": "LYMW_02_0000_" },
					{ "time": 0.0667, "name": null },
					{ "time": 1.3333, "name": "LYMW_02_0000_" }
				]
			},
			"LYMW_02_0001_": {
				"attachment": [
					{ "time": 0.0667, "name": "LYMW_02_0001_" },
					{ "time": 0.1333, "name": null }
				]
			},
			"LYMW_02_0002_": {
				"attachment": [
					{ "time": 0.1333, "name": "LYMW_02_0002_" },
					{ "time": 0.2, "name": null }
				]
			},
			"LYMW_02_0003_": {
				"attachment": [
					{ "time": 0.2, "name": "LYMW_02_0003_" },
					{ "time": 0.2667, "name": null }
				]
			},
			"LYMW_02_0004_": {
				"attachment": [
					{ "time": 0.2667, "name": "LYMW_02_0004_" },
					{ "time": 0.3333, "name": null }
				]
			},
			"LYMW_02_0005_": {
				"attachment": [
					{ "time": 0.3333, "name": "LYMW_02_0005_" },
					{ "time": 0.4, "name": null }
				]
			},
			"LYMW_02_0006_": {
				"attachment": [
					{ "time": 0.4, "name": "LYMW_02_0006_" },
					{ "time": 0.4667, "name": null }
				]
			},
			"LYMW_02_0007_": {
				"attachment": [
					{ "time": 0.4667, "name": "LYMW_02_0007_" },
					{ "time": 0.5333, "name": null }
				]
			},
			"LYMW_02_0008_": {
				"attachment": [
					{ "time": 0.5333, "name": "LYMW_02_0008_" },
					{ "time": 0.6, "name": null }
				]
			},
			"LYMW_02_0009_": {
				"attachment": [
					{ "time": 0.6, "name": "LYMW_02_0009_" },
					{ "time": 0.6667, "name": null }
				]
			},
			"LYMW_02_0010_": {
				"attachment": [
					{ "time": 0.6667, "name": "LYMW_02_0010_" },
					{ "time": 0.7333, "name": null }
				]
			},
			"LYMW_02_0011_": {
				"attachment": [
					{ "time": 0.7333, "name": "LYMW_02_0011_" },
					{ "time": 0.8, "name": null }
				]
			},
			"LYMW_02_0012_": {
				"attachment": [
					{ "time": 0.8, "name": "LYMW_02_0012_" },
					{ "time": 0.8667, "name": null }
				]
			},
			"LYMW_02_0013_": {
				"attachment": [
					{ "time": 0.8667, "name": "LYMW_02_0013_" },
					{ "time": 0.9333, "name": null }
				]
			},
			"LYMW_02_0014_": {
				"attachment": [
					{ "time": 0.9333, "name": "LYMW_02_0014_" },
					{ "time": 1, "name": null }
				]
			},
			"LYMW_02_0015_": {
				"attachment": [
					{ "time": 1, "name": "LYMW_02_0015_" },
					{ "time": 1.0667, "name": null }
				]
			},
			"LYMW_02_0016_": {
				"attachment": [
					{ "time": 1.0667, "name": "LYMW_02_0016_" },
					{ "time": 1.1333, "name": null }
				]
			},
			"LYMW_02_0017_": {
				"attachment": [
					{ "time": 1.1333, "name": "LYMW_02_0017_" },
					{ "time": 1.2, "name": null }
				]
			},
			"LYMW_02_0018_": {
				"attachment": [
					{ "time": 1.2, "name": "LYMW_02_0018_" },
					{ "time": 1.2667, "name": null }
				]
			},
			"LYMW_02_0019_": {
				"attachment": [
					{ "time": 1.2667, "name": "LYMW_02_0019_" },
					{ "time": 1.3333, "name": null }
				]
			},
			"yz_0_": {
				"attachment": [
					{ "time": 0, "name": "yz_0_" }
				]
			}
		}
	},
	"walk_4": {
		"slots": {
			"LYMW_03_0000_": {
				"attachment": [
					{ "time": 0, "name": "LYMW_03_0000_" },
					{ "time": 0.0667, "name": null },
					{ "time": 1.3333, "name": "LYMW_03_0000_" }
				]
			},
			"LYMW_03_0001_": {
				"attachment": [
					{ "time": 0.0667, "name": "LYMW_03_0001_" },
					{ "time": 0.1333, "name": null }
				]
			},
			"LYMW_03_0002_": {
				"attachment": [
					{ "time": 0.1333, "name": "LYMW_03_0002_" },
					{ "time": 0.2, "name": null }
				]
			},
			"LYMW_03_0003_": {
				"attachment": [
					{ "time": 0.2, "name": "LYMW_03_0003_" },
					{ "time": 0.2667, "name": null }
				]
			},
			"LYMW_03_0004_": {
				"attachment": [
					{ "time": 0.2667, "name": "LYMW_03_0004_" },
					{ "time": 0.3333, "name": null }
				]
			},
			"LYMW_03_0005_": {
				"attachment": [
					{ "time": 0.3333, "name": "LYMW_03_0005_" },
					{ "time": 0.4, "name": null }
				]
			},
			"LYMW_03_0006_": {
				"attachment": [
					{ "time": 0.4, "name": "LYMW_03_0006_" },
					{ "time": 0.4667, "name": null }
				]
			},
			"LYMW_03_0007_": {
				"attachment": [
					{ "time": 0.4667, "name": "LYMW_03_0007_" },
					{ "time": 0.5333, "name": null }
				]
			},
			"LYMW_03_0008_": {
				"attachment": [
					{ "time": 0.5333, "name": "LYMW_03_0008_" },
					{ "time": 0.6, "name": null }
				]
			},
			"LYMW_03_0009_": {
				"attachment": [
					{ "time": 0.6, "name": "LYMW_03_0009_" },
					{ "time": 0.6667, "name": null }
				]
			},
			"LYMW_03_0010_": {
				"attachment": [
					{ "time": 0.6667, "name": "LYMW_03_0010_" },
					{ "time": 0.7333, "name": null }
				]
			},
			"LYMW_03_0011_": {
				"attachment": [
					{ "time": 0.7333, "name": "LYMW_03_0011_" },
					{ "time": 0.8, "name": null }
				]
			},
			"LYMW_03_0012_": {
				"attachment": [
					{ "time": 0.8, "name": "LYMW_03_0012_" },
					{ "time": 0.8667, "name": null }
				]
			},
			"LYMW_03_0013_": {
				"attachment": [
					{ "time": 0.8667, "name": "LYMW_03_0013_" },
					{ "time": 0.9333, "name": null }
				]
			},
			"LYMW_03_0014_": {
				"attachment": [
					{ "time": 0.9333, "name": "LYMW_03_0014_" },
					{ "time": 1, "name": null }
				]
			},
			"LYMW_03_0015_": {
				"attachment": [
					{ "time": 1, "name": "LYMW_03_0015_" },
					{ "time": 1.0667, "name": null }
				]
			},
			"LYMW_03_0016_": {
				"attachment": [
					{ "time": 1.0667, "name": "LYMW_03_0016_" },
					{ "time": 1.1333, "name": null }
				]
			},
			"LYMW_03_0017_": {
				"attachment": [
					{ "time": 1.1333, "name": "LYMW_03_0017_" },
					{ "time": 1.2, "name": null }
				]
			},
			"LYMW_03_0018_": {
				"attachment": [
					{ "time": 1.2, "name": "LYMW_03_0018_" },
					{ "time": 1.2667, "name": null }
				]
			},
			"LYMW_03_0019_": {
				"attachment": [
					{ "time": 1.2667, "name": "LYMW_03_0019_" },
					{ "time": 1.3333, "name": null }
				]
			},
			"yz_0_": {
				"attachment": [
					{ "time": 0, "name": "yz_0_" }
				]
			}
		}
	},
	"walk_5": {
		"slots": {
			"LYMW_04_0000_": {
				"attachment": [
					{ "time": 0, "name": "LYMW_04_0000_" },
					{ "time": 0.0667, "name": null },
					{ "time": 1.3333, "name": "LYMW_04_0000_" }
				]
			},
			"LYMW_04_0001_": {
				"attachment": [
					{ "time": 0.0667, "name": "LYMW_04_0001_" },
					{ "time": 0.1333, "name": null }
				]
			},
			"LYMW_04_0002_": {
				"attachment": [
					{ "time": 0.1333, "name": "LYMW_04_0002_" },
					{ "time": 0.2, "name": null }
				]
			},
			"LYMW_04_0003_": {
				"attachment": [
					{ "time": 0.2, "name": "LYMW_04_0003_" },
					{ "time": 0.2667, "name": null }
				]
			},
			"LYMW_04_0004_": {
				"attachment": [
					{ "time": 0.2667, "name": "LYMW_04_0004_" },
					{ "time": 0.3333, "name": null }
				]
			},
			"LYMW_04_0005_": {
				"attachment": [
					{ "time": 0.3333, "name": "LYMW_04_0005_" },
					{ "time": 0.4, "name": null }
				]
			},
			"LYMW_04_0006_": {
				"attachment": [
					{ "time": 0.4, "name": "LYMW_04_0006_" },
					{ "time": 0.4667, "name": null }
				]
			},
			"LYMW_04_0007_": {
				"attachment": [
					{ "time": 0.4667, "name": "LYMW_04_0007_" },
					{ "time": 0.5333, "name": null }
				]
			},
			"LYMW_04_0008_": {
				"attachment": [
					{ "time": 0.5333, "name": "LYMW_04_0008_" },
					{ "time": 0.6, "name": null }
				]
			},
			"LYMW_04_0009_": {
				"attachment": [
					{ "time": 0.6, "name": "LYMW_04_0009_" },
					{ "time": 0.6667, "name": null }
				]
			},
			"LYMW_04_0010_": {
				"attachment": [
					{ "time": 0.6667, "name": "LYMW_04_0010_" },
					{ "time": 0.7333, "name": null }
				]
			},
			"LYMW_04_0011_": {
				"attachment": [
					{ "time": 0.7333, "name": "LYMW_04_0011_" },
					{ "time": 0.8, "name": null }
				]
			},
			"LYMW_04_0012_": {
				"attachment": [
					{ "time": 0.8, "name": "LYMW_04_0012_" },
					{ "time": 0.8667, "name": null }
				]
			},
			"LYMW_04_0013_": {
				"attachment": [
					{ "time": 0.8667, "name": "LYMW_04_0013_" },
					{ "time": 0.9333, "name": null }
				]
			},
			"LYMW_04_0014_": {
				"attachment": [
					{ "time": 0.9333, "name": "LYMW_04_0014_" },
					{ "time": 1, "name": null }
				]
			},
			"LYMW_04_0015_": {
				"attachment": [
					{ "time": 1, "name": "LYMW_04_0015_" },
					{ "time": 1.0667, "name": null }
				]
			},
			"LYMW_04_0016_": {
				"attachment": [
					{ "time": 1.0667, "name": "LYMW_04_0016_" },
					{ "time": 1.1333, "name": null }
				]
			},
			"LYMW_04_0017_": {
				"attachment": [
					{ "time": 1.1333, "name": "LYMW_04_0017_" },
					{ "time": 1.2, "name": null }
				]
			},
			"LYMW_04_0018_": {
				"attachment": [
					{ "time": 1.2, "name": "LYMW_04_0018_" },
					{ "time": 1.2667, "name": null }
				]
			},
			"LYMW_04_0019_": {
				"attachment": [
					{ "time": 1.2667, "name": "LYMW_04_0019_" },
					{ "time": 1.3333, "name": null }
				]
			},
			"yz_0_": {
				"attachment": [
					{ "time": 0, "name": "yz_0_" }
				]
			}
		}
	},
	"walk_6": {
		"slots": {
			"LYMW_06_0000_": {
				"attachment": [
					{ "time": 0, "name": "LYMW_06_0000_" },
					{ "time": 0.0667, "name": null },
					{ "time": 1.3333, "name": "LYMW_06_0000_" }
				]
			},
			"LYMW_06_0001_": {
				"attachment": [
					{ "time": 0.0667, "name": "LYMW_06_0001_" },
					{ "time": 0.1333, "name": null }
				]
			},
			"LYMW_06_0002_": {
				"attachment": [
					{ "time": 0.1333, "name": "LYMW_06_0002_" },
					{ "time": 0.2, "name": null }
				]
			},
			"LYMW_06_0003_": {
				"attachment": [
					{ "time": 0.2, "name": "LYMW_06_0003_" },
					{ "time": 0.2667, "name": null }
				]
			},
			"LYMW_06_0004_": {
				"attachment": [
					{ "time": 0.2667, "name": "LYMW_06_0004_" },
					{ "time": 0.3333, "name": null }
				]
			},
			"LYMW_06_0005_": {
				"attachment": [
					{ "time": 0.3333, "name": "LYMW_06_0005_" },
					{ "time": 0.4, "name": null }
				]
			},
			"LYMW_06_0006_": {
				"attachment": [
					{ "time": 0.4, "name": "LYMW_06_0006_" },
					{ "time": 0.4667, "name": null }
				]
			},
			"LYMW_06_0007_": {
				"attachment": [
					{ "time": 0.4667, "name": "LYMW_06_0007_" },
					{ "time": 0.5333, "name": null }
				]
			},
			"LYMW_06_0008_": {
				"attachment": [
					{ "time": 0.5333, "name": "LYMW_06_0008_" },
					{ "time": 0.6, "name": null }
				]
			},
			"LYMW_06_0009_": {
				"attachment": [
					{ "time": 0.6, "name": "LYMW_06_0009_" },
					{ "time": 0.6667, "name": null }
				]
			},
			"LYMW_06_0010_": {
				"attachment": [
					{ "time": 0.6667, "name": "LYMW_06_0010_" },
					{ "time": 0.7333, "name": null }
				]
			},
			"LYMW_06_0011_": {
				"attachment": [
					{ "time": 0.7333, "name": "LYMW_06_0011_" },
					{ "time": 0.8, "name": null }
				]
			},
			"LYMW_06_0012_": {
				"attachment": [
					{ "time": 0.8, "name": "LYMW_06_0012_" },
					{ "time": 0.8667, "name": null }
				]
			},
			"LYMW_06_0013_": {
				"attachment": [
					{ "time": 0.8667, "name": "LYMW_06_0013_" },
					{ "time": 0.9333, "name": null }
				]
			},
			"LYMW_06_0014_": {
				"attachment": [
					{ "time": 0.9333, "name": "LYMW_06_0014_" },
					{ "time": 1, "name": null }
				]
			},
			"LYMW_06_0015_": {
				"attachment": [
					{ "time": 1, "name": "LYMW_06_0015_" },
					{ "time": 1.0667, "name": null }
				]
			},
			"LYMW_06_0016_": {
				"attachment": [
					{ "time": 1.0667, "name": "LYMW_06_0016_" },
					{ "time": 1.1333, "name": null }
				]
			},
			"LYMW_06_0017_": {
				"attachment": [
					{ "time": 1.1333, "name": "LYMW_06_0017_" },
					{ "time": 1.2, "name": null }
				]
			},
			"LYMW_06_0018_": {
				"attachment": [
					{ "time": 1.2, "name": "LYMW_06_0018_" },
					{ "time": 1.2667, "name": null }
				]
			},
			"LYMW_06_0019_": {
				"attachment": [
					{ "time": 1.2667, "name": "LYMW_06_0019_" }
				]
			},
			"yz_0_": {
				"attachment": [
					{ "time": 0, "name": "yz_0_" }
				]
			}
		}
	},
	"walk_7": {
		"slots": {
			"LYMW_06_0000_": {
				"attachment": [
					{ "time": 0, "name": "LYMW_06_0000_" },
					{ "time": 0.0667, "name": null },
					{ "time": 1.3333, "name": "LYMW_06_0000_" }
				]
			},
			"LYMW_06_0001_": {
				"attachment": [
					{ "time": 0.0667, "name": "LYMW_06_0001_" },
					{ "time": 0.1333, "name": null }
				]
			},
			"LYMW_06_0002_": {
				"attachment": [
					{ "time": 0.1333, "name": "LYMW_06_0002_" },
					{ "time": 0.2, "name": null }
				]
			},
			"LYMW_06_0003_": {
				"attachment": [
					{ "time": 0.2, "name": "LYMW_06_0003_" },
					{ "time": 0.2667, "name": null }
				]
			},
			"LYMW_06_0004_": {
				"attachment": [
					{ "time": 0.2667, "name": "LYMW_06_0004_" },
					{ "time": 0.3333, "name": null }
				]
			},
			"LYMW_06_0005_": {
				"attachment": [
					{ "time": 0.3333, "name": "LYMW_06_0005_" },
					{ "time": 0.4, "name": null }
				]
			},
			"LYMW_06_0006_": {
				"attachment": [
					{ "time": 0.4, "name": "LYMW_06_0006_" },
					{ "time": 0.4667, "name": null }
				]
			},
			"LYMW_06_0007_": {
				"attachment": [
					{ "time": 0.4667, "name": "LYMW_06_0007_" },
					{ "time": 0.5333, "name": null }
				]
			},
			"LYMW_06_0008_": {
				"attachment": [
					{ "time": 0.5333, "name": "LYMW_06_0008_" },
					{ "time": 0.6, "name": null }
				]
			},
			"LYMW_06_0009_": {
				"attachment": [
					{ "time": 0.6, "name": "LYMW_06_0009_" },
					{ "time": 0.6667, "name": null }
				]
			},
			"LYMW_06_0010_": {
				"attachment": [
					{ "time": 0.6667, "name": "LYMW_06_0010_" },
					{ "time": 0.7333, "name": null }
				]
			},
			"LYMW_06_0011_": {
				"attachment": [
					{ "time": 0.7333, "name": "LYMW_06_0011_" },
					{ "time": 0.8, "name": null }
				]
			},
			"LYMW_06_0012_": {
				"attachment": [
					{ "time": 0.8, "name": "LYMW_06_0012_" },
					{ "time": 0.8667, "name": null }
				]
			},
			"LYMW_06_0013_": {
				"attachment": [
					{ "time": 0.8667, "name": "LYMW_06_0013_" },
					{ "time": 0.9333, "name": null }
				]
			},
			"LYMW_06_0014_": {
				"attachment": [
					{ "time": 0.9333, "name": "LYMW_06_0014_" },
					{ "time": 1, "name": null }
				]
			},
			"LYMW_06_0015_": {
				"attachment": [
					{ "time": 1, "name": "LYMW_06_0015_" },
					{ "time": 1.0667, "name": null }
				]
			},
			"LYMW_06_0016_": {
				"attachment": [
					{ "time": 1.0667, "name": "LYMW_06_0016_" },
					{ "time": 1.1333, "name": null }
				]
			},
			"LYMW_06_0017_": {
				"attachment": [
					{ "time": 1.1333, "name": "LYMW_06_0017_" },
					{ "time": 1.2, "name": null }
				]
			},
			"LYMW_06_0018_": {
				"attachment": [
					{ "time": 1.2, "name": "LYMW_06_0018_" },
					{ "time": 1.2667, "name": null }
				]
			},
			"LYMW_06_0019_": {
				"attachment": [
					{ "time": 1.2667, "name": "LYMW_06_0019_" }
				]
			},
			"yz_0_": {
				"attachment": [
					{ "time": 0, "name": "yz_0_" }
				]
			}
		},
		"bones": {
			"01": {
				"shear": [
					{ "time": 0, "x": -180, "y": 0 }
				]
			}
		}
	}
}
}