{
"skeleton": { "hash": "2SIvGyFiZHRbJAUcO6jxwXBLYt0", "spine": "3.7.94", "width": 0, "height": 0, "images": "./images/", "audio": "F:/COK项目/Spine工程/王国传记—感恩节之书" },
"bones": [
	{ "name": "root" },
	{ "name": "glow_", "parent": "root" },
	{ "name": "liuguang_", "parent": "root", "scaleX": 1.25, "scaleY": 1.25 },
	{ "name": "lizi_", "parent": "root", "scaleX": 1.25, "scaleY": 1.25 },
	{ "name": "star_", "parent": "root" }
],
"slots": [
	{ "name": "glow_", "bone": "glow_", "blend": "additive" },
	{ "name": "liuguang_", "bone": "liuguang_", "blend": "additive" },
	{ "name": "lizi_", "bone": "lizi_", "blend": "additive" },
	{ "name": "star_", "bone": "star_", "blend": "additive" }
],
"skins": {
	"default": {
		"glow_": {
			"glow_": { "y": 0.5, "scaleX": 2.5, "scaleY": 2.5, "width": 88, "height": 103 }
		},
		"liuguang_": {
			"liuguang_002_": { "y": 0.5, "width": 176, "height": 205 },
			"liuguang_006_": { "y": 0.5, "width": 176, "height": 205 },
			"liuguang_010_": { "y": 0.5, "width": 176, "height": 205 },
			"liuguang_014_": { "y": 0.5, "width": 176, "height": 205 },
			"liuguang_018_": { "y": 0.5, "width": 176, "height": 205 },
			"liuguang_022_": { "y": 0.5, "width": 176, "height": 205 },
			"liuguang_026_": { "y": 0.5, "width": 176, "height": 205 },
			"liuguang_030_": { "y": 0.5, "width": 176, "height": 205 },
			"liuguang_034_": { "y": 0.5, "width": 176, "height": 205 },
			"liuguang_038_": { "y": 0.5, "width": 176, "height": 205 },
			"liuguang_042_": { "y": 0.5, "width": 176, "height": 205 },
			"liuguang_046_": { "y": 0.5, "width": 176, "height": 205 },
			"liuguang_050_": { "y": 0.5, "width": 176, "height": 205 },
			"liuguang_054_": { "y": 0.5, "width": 176, "height": 205 },
			"liuguang_058_": { "y": 0.5, "width": 176, "height": 205 }
		},
		"lizi_": {
			"lizi_016_": { "y": 0.5, "width": 176, "height": 205 },
			"lizi_018_": { "y": 0.5, "width": 176, "height": 205 },
			"lizi_020_": { "y": 0.5, "width": 176, "height": 205 },
			"lizi_022_": { "y": 0.5, "width": 176, "height": 205 },
			"lizi_024_": { "y": 0.5, "width": 176, "height": 205 },
			"lizi_026_": { "y": 0.5, "width": 176, "height": 205 },
			"lizi_028_": { "y": 0.5, "width": 176, "height": 205 },
			"lizi_030_": { "y": 0.5, "width": 176, "height": 205 },
			"lizi_032_": { "y": 0.5, "width": 176, "height": 205 },
			"lizi_034_": { "y": 0.5, "width": 176, "height": 205 },
			"lizi_036_": { "y": 0.5, "width": 176, "height": 205 },
			"lizi_038_": { "y": 0.5, "width": 176, "height": 205 },
			"lizi_040_": { "y": 0.5, "width": 176, "height": 205 },
			"lizi_042_": { "y": 0.5, "width": 176, "height": 205 },
			"lizi_044_": { "y": 0.5, "width": 176, "height": 205 },
			"lizi_046_": { "y": 0.5, "width": 176, "height": 205 },
			"lizi_048_": { "y": 0.5, "width": 176, "height": 205 },
			"lizi_050_": { "y": 0.5, "width": 176, "height": 205 },
			"lizi_052_": { "y": 0.5, "width": 176, "height": 205 },
			"lizi_054_": { "y": 0.5, "width": 176, "height": 205 },
			"lizi_056_": { "y": 0.5, "width": 176, "height": 205 },
			"lizi_058_": { "y": 0.5, "width": 176, "height": 205 },
			"lizi_060_": { "y": 0.5, "width": 176, "height": 205 }
		},
		"star_": {
			"star_": { "x": 0.5, "y": 0.5, "width": 51, "height": 51 }
		}
	}
},
"animations": {
	"animation": {
		"slots": {
			"glow_": {
				"color": [
					{ "time": 0, "color": "ffffff00" },
					{
						"time": 1.3333,
						"color": "ffffff64",
						"curve": [ 0.25, 0, 0.75, 1 ]
					},
					{ "time": 2.8667, "color": "ffffff00" }
				],
				"attachment": [
					{ "time": 0, "name": "glow_" }
				]
			},
			"liuguang_": {
				"attachment": [
					{ "time": 0, "name": "liuguang_002_" },
					{ "time": 0.1333, "name": "liuguang_006_" },
					{ "time": 0.2667, "name": "liuguang_010_" },
					{ "time": 0.4, "name": "liuguang_014_" },
					{ "time": 0.5333, "name": "liuguang_018_" },
					{ "time": 0.6667, "name": "liuguang_022_" },
					{ "time": 0.8, "name": "liuguang_026_" },
					{ "time": 0.9333, "name": "liuguang_030_" },
					{ "time": 1.0667, "name": "liuguang_034_" },
					{ "time": 1.2, "name": "liuguang_038_" },
					{ "time": 1.3333, "name": "liuguang_042_" },
					{ "time": 1.4667, "name": "liuguang_046_" },
					{ "time": 1.6, "name": "liuguang_050_" },
					{ "time": 1.7333, "name": "liuguang_054_" },
					{ "time": 1.8667, "name": "liuguang_058_" },
					{ "time": 2, "name": null }
				]
			},
			"lizi_": {
				"attachment": [
					{ "time": 0.5667, "name": "lizi_016_" },
					{ "time": 0.6667, "name": "lizi_018_" },
					{ "time": 0.7667, "name": "lizi_020_" },
					{ "time": 0.8667, "name": "lizi_022_" },
					{ "time": 0.9667, "name": "lizi_024_" },
					{ "time": 1.0667, "name": "lizi_026_" },
					{ "time": 1.1667, "name": "lizi_028_" },
					{ "time": 1.2667, "name": "lizi_030_" },
					{ "time": 1.3667, "name": "lizi_032_" },
					{ "time": 1.4667, "name": "lizi_034_" },
					{ "time": 1.5667, "name": "lizi_036_" },
					{ "time": 1.6667, "name": "lizi_038_" },
					{ "time": 1.7667, "name": "lizi_040_" },
					{ "time": 1.8667, "name": "lizi_042_" },
					{ "time": 1.9667, "name": "lizi_044_" },
					{ "time": 2.0667, "name": "lizi_046_" },
					{ "time": 2.1667, "name": "lizi_048_" },
					{ "time": 2.2667, "name": "lizi_050_" },
					{ "time": 2.3667, "name": "lizi_052_" },
					{ "time": 2.4667, "name": "lizi_054_" },
					{ "time": 2.5667, "name": "lizi_056_" },
					{ "time": 2.6667, "name": "lizi_058_" },
					{ "time": 2.7667, "name": "lizi_060_" },
					{ "time": 2.8667, "name": null }
				]
			},
			"star_": {
				"attachment": [
					{ "time": 0.5667, "name": "star_" }
				]
			}
		},
		"bones": {
			"star_": {
				"rotate": [
					{ "time": 0, "angle": 0, "curve": "stepped" },
					{
						"time": 0.5667,
						"angle": 0,
						"curve": [ 0, 0.22, 0.826, 0.88 ]
					},
					{ "time": 2, "angle": 120 }
				],
				"translate": [
					{ "time": 0, "x": 83.76, "y": 1.83 }
				],
				"scale": [
					{ "time": 0, "x": 0, "y": 0, "curve": "stepped" },
					{
						"time": 0.5667,
						"x": 0,
						"y": 0,
						"curve": [ 0.01, 0.19, 0.75, 1 ]
					},
					{
						"time": 1,
						"x": 1,
						"y": 1,
						"curve": [ 0.25, 0, 0.919, 0.9 ]
					},
					{ "time": 2, "x": 0, "y": 0 }
				]
			}
		}
	}
}
}