{"skeleton":{"hash":"PPGxUKwR2Qk4fVUIHlp8Ab4Ys3I","spine":"3.7.94","width":1061.02,"height":467,"images":"","audio":""},"bones":[{"name":"root"},{"name":"bone","parent":"root","x":-155.11,"y":109.87},{"name":"bone2","parent":"root","x":155.91,"y":109.87,"scaleX":-1}],"slots":[{"name":"a00_","bone":"bone","attachment":"a00_"},{"name":"a00_2","bone":"bone2","attachment":"a00_"},{"name":"b00_","bone":"bone","attachment":"b00_"},{"name":"b00_2","bone":"bone2","attachment":"b00_"},{"name":"c00_","bone":"bone","attachment":"c00_"},{"name":"c00_2","bone":"bone2","attachment":"c00_"},{"name":"d00_","bone":"bone","attachment":"d00_"},{"name":"d00_2","bone":"bone2","attachment":"d00_"}],"skins":{"default":{"a00_":{"a00_":{"x":-100,"y":80,"width":550,"height":467},"a01_":{"x":-100,"y":80,"width":550,"height":467},"a02_":{"x":-100,"y":80,"width":550,"height":467},"a03_":{"x":-100,"y":80,"width":550,"height":467},"a04_":{"x":-100,"y":80,"width":550,"height":467},"a05_":{"x":-100,"y":80,"width":550,"height":467},"a06_":{"x":-100,"y":80,"width":550,"height":467},"a07_":{"x":-100,"y":80,"width":550,"height":467},"a08_":{"x":-100,"y":80,"width":550,"height":467},"a09_":{"x":-100,"y":80,"width":550,"height":467},"a10_":{"x":-100,"y":80,"width":550,"height":467},"a11_":{"x":-100,"y":80,"width":550,"height":467},"a12_":{"x":-100,"y":80,"width":550,"height":467},"a13_":{"x":-100,"y":80,"width":550,"height":467},"a14_":{"x":-100,"y":80,"width":550,"height":467},"a15_":{"x":-100,"y":80,"width":550,"height":467},"a16_":{"x":-100,"y":80,"width":550,"height":467},"a17_":{"x":-100,"y":80,"width":550,"height":467},"a18_":{"x":-100,"y":80,"width":550,"height":467},"a19_":{"x":-100,"y":80,"width":550,"height":467},"a20_":{"x":-100,"y":80,"width":550,"height":467},"a21_":{"x":-100,"y":80,"width":550,"height":467},"a22_":{"x":-100,"y":80,"width":550,"height":467},"a23_":{"x":-100,"y":80,"width":550,"height":467},"a24_":{"x":-100,"y":80,"width":550,"height":467},"a25_":{"x":-100,"y":80,"width":550,"height":467},"a26_":{"x":-100,"y":80,"width":550,"height":467},"a27_":{"x":-100,"y":80,"width":550,"height":467},"a28_":{"x":-100,"y":80,"width":550,"height":467},"a29_":{"x":-100,"y":80,"width":550,"height":467}},"a00_2":{"a00_":{"x":-100,"y":80,"width":550,"height":467},"a01_":{"x":-100,"y":80,"width":550,"height":467},"a02_":{"x":-100,"y":80,"width":550,"height":467},"a03_":{"x":-100,"y":80,"width":550,"height":467},"a04_":{"x":-100,"y":80,"width":550,"height":467},"a05_":{"x":-100,"y":80,"width":550,"height":467},"a06_":{"x":-100,"y":80,"width":550,"height":467},"a07_":{"x":-100,"y":80,"width":550,"height":467},"a08_":{"x":-100,"y":80,"width":550,"height":467},"a09_":{"x":-100,"y":80,"width":550,"height":467},"a10_":{"x":-100,"y":80,"width":550,"height":467},"a11_":{"x":-100,"y":80,"width":550,"height":467},"a12_":{"x":-100,"y":80,"width":550,"height":467},"a13_":{"x":-100,"y":80,"width":550,"height":467},"a14_":{"x":-100,"y":80,"width":550,"height":467},"a15_":{"x":-100,"y":80,"width":550,"height":467},"a16_":{"x":-100,"y":80,"width":550,"height":467},"a17_":{"x":-100,"y":80,"width":550,"height":467},"a18_":{"x":-100,"y":80,"width":550,"height":467},"a19_":{"x":-100,"y":80,"width":550,"height":467},"a20_":{"x":-100,"y":80,"width":550,"height":467},"a21_":{"x":-100,"y":80,"width":550,"height":467},"a22_":{"x":-100,"y":80,"width":550,"height":467},"a23_":{"x":-100,"y":80,"width":550,"height":467},"a24_":{"x":-100,"y":80,"width":550,"height":467},"a25_":{"x":-100,"y":80,"width":550,"height":467},"a26_":{"x":-100,"y":80,"width":550,"height":467},"a27_":{"x":-100,"y":80,"width":550,"height":467},"a28_":{"x":-100,"y":80,"width":550,"height":467},"a29_":{"x":-100,"y":80,"width":550,"height":467}},"b00_":{"b00_":{"x":-100,"y":80,"width":550,"height":467},"b01_":{"x":-100,"y":80,"width":550,"height":467},"b02_":{"x":-100,"y":80,"width":550,"height":467},"b03_":{"x":-100,"y":80,"width":550,"height":467},"b04_":{"x":-100,"y":80,"width":550,"height":467},"b05_":{"x":-100,"y":80,"width":550,"height":467},"b06_":{"x":-100,"y":80,"width":550,"height":467},"b07_":{"x":-100,"y":80,"width":550,"height":467},"b08_":{"x":-100,"y":80,"width":550,"height":467},"b09_":{"x":-100,"y":80,"width":550,"height":467},"b10_":{"x":-100,"y":80,"width":550,"height":467},"b11_":{"x":-100,"y":80,"width":550,"height":467},"b12_":{"x":-100,"y":80,"width":550,"height":467},"b13_":{"x":-100,"y":80,"width":550,"height":467},"b14_":{"x":-100,"y":80,"width":550,"height":467},"b15_":{"x":-100,"y":80,"width":550,"height":467},"b16_":{"x":-100,"y":80,"width":550,"height":467},"b17_":{"x":-100,"y":80,"width":550,"height":467},"b18_":{"x":-100,"y":80,"width":550,"height":467},"b19_":{"x":-100,"y":80,"width":550,"height":467},"b20_":{"x":-100,"y":80,"width":550,"height":467},"b21_":{"x":-100,"y":80,"width":550,"height":467},"b22_":{"x":-100,"y":80,"width":550,"height":467},"b23_":{"x":-100,"y":80,"width":550,"height":467},"b24_":{"x":-100,"y":80,"width":550,"height":467},"b25_":{"x":-100,"y":80,"width":550,"height":467},"b26_":{"x":-100,"y":80,"width":550,"height":467},"b27_":{"x":-100,"y":80,"width":550,"height":467},"b28_":{"x":-100,"y":80,"width":550,"height":467},"b29_":{"x":-100,"y":80,"width":550,"height":467}},"b00_2":{"b00_":{"x":-100,"y":80,"width":550,"height":467},"b01_":{"x":-100,"y":80,"width":550,"height":467},"b02_":{"x":-100,"y":80,"width":550,"height":467},"b03_":{"x":-100,"y":80,"width":550,"height":467},"b04_":{"x":-100,"y":80,"width":550,"height":467},"b05_":{"x":-100,"y":80,"width":550,"height":467},"b06_":{"x":-100,"y":80,"width":550,"height":467},"b07_":{"x":-100,"y":80,"width":550,"height":467},"b08_":{"x":-100,"y":80,"width":550,"height":467},"b09_":{"x":-100,"y":80,"width":550,"height":467},"b10_":{"x":-100,"y":80,"width":550,"height":467},"b11_":{"x":-100,"y":80,"width":550,"height":467},"b12_":{"x":-100,"y":80,"width":550,"height":467},"b13_":{"x":-100,"y":80,"width":550,"height":467},"b14_":{"x":-100,"y":80,"width":550,"height":467},"b15_":{"x":-100,"y":80,"width":550,"height":467},"b16_":{"x":-100,"y":80,"width":550,"height":467},"b17_":{"x":-100,"y":80,"width":550,"height":467},"b18_":{"x":-100,"y":80,"width":550,"height":467},"b19_":{"x":-100,"y":80,"width":550,"height":467},"b20_":{"x":-100,"y":80,"width":550,"height":467},"b21_":{"x":-100,"y":80,"width":550,"height":467},"b22_":{"x":-100,"y":80,"width":550,"height":467},"b23_":{"x":-100,"y":80,"width":550,"height":467},"b24_":{"x":-100,"y":80,"width":550,"height":467},"b25_":{"x":-100,"y":80,"width":550,"height":467},"b26_":{"x":-100,"y":80,"width":550,"height":467},"b27_":{"x":-100,"y":80,"width":550,"height":467},"b28_":{"x":-100,"y":80,"width":550,"height":467},"b29_":{"x":-100,"y":80,"width":550,"height":467}},"c00_":{"c00_":{"x":-100,"y":80,"width":550,"height":467},"c01_":{"x":-100,"y":80,"width":550,"height":467},"c02_":{"x":-100,"y":80,"width":550,"height":467},"c03_":{"x":-100,"y":80,"width":550,"height":467},"c04_":{"x":-100,"y":80,"width":550,"height":467},"c05_":{"x":-100,"y":80,"width":550,"height":467},"c06_":{"x":-100,"y":80,"width":550,"height":467},"c07_":{"x":-100,"y":80,"width":550,"height":467},"c08_":{"x":-100,"y":80,"width":550,"height":467},"c09_":{"x":-100,"y":80,"width":550,"height":467},"c10_":{"x":-100,"y":80,"width":550,"height":467},"c11_":{"x":-100,"y":80,"width":550,"height":467},"c12_":{"x":-100,"y":80,"width":550,"height":467},"c13_":{"x":-100,"y":80,"width":550,"height":467},"c14_":{"x":-100,"y":80,"width":550,"height":467},"c15_":{"x":-100,"y":80,"width":550,"height":467},"c16_":{"x":-100,"y":80,"width":550,"height":467},"c17_":{"x":-100,"y":80,"width":550,"height":467},"c18_":{"x":-100,"y":80,"width":550,"height":467},"c19_":{"x":-100,"y":80,"width":550,"height":467},"c20_":{"x":-100,"y":80,"width":550,"height":467},"c21_":{"x":-100,"y":80,"width":550,"height":467},"c22_":{"x":-100,"y":80,"width":550,"height":467},"c23_":{"x":-100,"y":80,"width":550,"height":467},"c24_":{"x":-100,"y":80,"width":550,"height":467},"c25_":{"x":-100,"y":80,"width":550,"height":467},"c26_":{"x":-100,"y":80,"width":550,"height":467},"c27_":{"x":-100,"y":80,"width":550,"height":467},"c28_":{"x":-100,"y":80,"width":550,"height":467},"c29_":{"x":-100,"y":80,"width":550,"height":467}},"c00_2":{"c00_":{"x":-100,"y":80,"width":550,"height":467},"c01_":{"x":-100,"y":80,"width":550,"height":467},"c02_":{"x":-100,"y":80,"width":550,"height":467},"c03_":{"x":-100,"y":80,"width":550,"height":467},"c04_":{"x":-100,"y":80,"width":550,"height":467},"c05_":{"x":-100,"y":80,"width":550,"height":467},"c06_":{"x":-100,"y":80,"width":550,"height":467},"c07_":{"x":-100,"y":80,"width":550,"height":467},"c08_":{"x":-100,"y":80,"width":550,"height":467},"c09_":{"x":-100,"y":80,"width":550,"height":467},"c10_":{"x":-100,"y":80,"width":550,"height":467},"c11_":{"x":-100,"y":80,"width":550,"height":467},"c12_":{"x":-100,"y":80,"width":550,"height":467},"c13_":{"x":-100,"y":80,"width":550,"height":467},"c14_":{"x":-100,"y":80,"width":550,"height":467},"c15_":{"x":-100,"y":80,"width":550,"height":467},"c16_":{"x":-100,"y":80,"width":550,"height":467},"c17_":{"x":-100,"y":80,"width":550,"height":467},"c18_":{"x":-100,"y":80,"width":550,"height":467},"c19_":{"x":-100,"y":80,"width":550,"height":467},"c20_":{"x":-100,"y":80,"width":550,"height":467},"c21_":{"x":-100,"y":80,"width":550,"height":467},"c22_":{"x":-100,"y":80,"width":550,"height":467},"c23_":{"x":-100,"y":80,"width":550,"height":467},"c24_":{"x":-100,"y":80,"width":550,"height":467},"c25_":{"x":-100,"y":80,"width":550,"height":467},"c26_":{"x":-100,"y":80,"width":550,"height":467},"c27_":{"x":-100,"y":80,"width":550,"height":467},"c28_":{"x":-100,"y":80,"width":550,"height":467},"c29_":{"x":-100,"y":80,"width":550,"height":467}},"d00_":{"d00_":{"x":-100,"y":80,"width":550,"height":467},"d01_":{"x":-100,"y":80,"width":550,"height":467},"d02_":{"x":-100,"y":80,"width":550,"height":467},"d03_":{"x":-100,"y":80,"width":550,"height":467},"d04_":{"x":-100,"y":80,"width":550,"height":467},"d05_":{"x":-100,"y":80,"width":550,"height":467},"d06_":{"x":-100,"y":80,"width":550,"height":467},"d07_":{"x":-100,"y":80,"width":550,"height":467},"d08_":{"x":-100,"y":80,"width":550,"height":467},"d09_":{"x":-100,"y":80,"width":550,"height":467},"d10_":{"x":-100,"y":80,"width":550,"height":467},"d11_":{"x":-100,"y":80,"width":550,"height":467},"d12_":{"x":-100,"y":80,"width":550,"height":467},"d13_":{"x":-100,"y":80,"width":550,"height":467},"d14_":{"x":-100,"y":80,"width":550,"height":467},"d15_":{"x":-100,"y":80,"width":550,"height":467},"d16_":{"x":-100,"y":80,"width":550,"height":467},"d17_":{"x":-100,"y":80,"width":550,"height":467},"d18_":{"x":-100,"y":80,"width":550,"height":467},"d19_":{"x":-100,"y":80,"width":550,"height":467},"d20_":{"x":-100,"y":80,"width":550,"height":467},"d21_":{"x":-100,"y":80,"width":550,"height":467},"d22_":{"x":-100,"y":80,"width":550,"height":467},"d23_":{"x":-100,"y":80,"width":550,"height":467},"d24_":{"x":-100,"y":80,"width":550,"height":467},"d25_":{"x":-100,"y":80,"width":550,"height":467},"d26_":{"x":-100,"y":80,"width":550,"height":467},"d27_":{"x":-100,"y":80,"width":550,"height":467},"d28_":{"x":-100,"y":80,"width":550,"height":467},"d29_":{"x":-100,"y":80,"width":550,"height":467}},"d00_2":{"d00_":{"x":-100,"y":80,"width":550,"height":467},"d01_":{"x":-100,"y":80,"width":550,"height":467},"d02_":{"x":-100,"y":80,"width":550,"height":467},"d03_":{"x":-100,"y":80,"width":550,"height":467},"d04_":{"x":-100,"y":80,"width":550,"height":467},"d05_":{"x":-100,"y":80,"width":550,"height":467},"d06_":{"x":-100,"y":80,"width":550,"height":467},"d07_":{"x":-100,"y":80,"width":550,"height":467},"d08_":{"x":-100,"y":80,"width":550,"height":467},"d09_":{"x":-100,"y":80,"width":550,"height":467},"d10_":{"x":-100,"y":80,"width":550,"height":467},"d11_":{"x":-100,"y":80,"width":550,"height":467},"d12_":{"x":-100,"y":80,"width":550,"height":467},"d13_":{"x":-100,"y":80,"width":550,"height":467},"d14_":{"x":-100,"y":80,"width":550,"height":467},"d15_":{"x":-100,"y":80,"width":550,"height":467},"d16_":{"x":-100,"y":80,"width":550,"height":467},"d17_":{"x":-100,"y":80,"width":550,"height":467},"d18_":{"x":-100,"y":80,"width":550,"height":467},"d19_":{"x":-100,"y":80,"width":550,"height":467},"d20_":{"x":-100,"y":80,"width":550,"height":467},"d21_":{"x":-100,"y":80,"width":550,"height":467},"d22_":{"x":-100,"y":80,"width":550,"height":467},"d23_":{"x":-100,"y":80,"width":550,"height":467},"d24_":{"x":-100,"y":80,"width":550,"height":467},"d25_":{"x":-100,"y":80,"width":550,"height":467},"d26_":{"x":-100,"y":80,"width":550,"height":467},"d27_":{"x":-100,"y":80,"width":550,"height":467},"d28_":{"x":-100,"y":80,"width":550,"height":467},"d29_":{"x":-100,"y":80,"width":550,"height":467}}}},"animations":{"animation":{"slots":{"a00_":{"attachment":[{"time":0.0667,"name":"a01_"},{"time":0.1333,"name":"a02_"},{"time":0.2,"name":"a03_"},{"time":0.2667,"name":"a04_"},{"time":0.3333,"name":"a05_"},{"time":0.4,"name":"a06_"},{"time":0.4667,"name":"a07_"},{"time":0.5333,"name":"a08_"},{"time":0.6,"name":"a09_"},{"time":0.6667,"name":"a10_"},{"time":0.7333,"name":"a11_"},{"time":0.8,"name":"a12_"},{"time":0.8667,"name":"a13_"},{"time":0.9333,"name":"a14_"},{"time":1,"name":"a15_"},{"time":1.0667,"name":"a16_"},{"time":1.1333,"name":"a17_"},{"time":1.2,"name":"a18_"},{"time":1.2667,"name":"a19_"},{"time":1.3333,"name":"a20_"},{"time":1.4,"name":"a21_"},{"time":1.4667,"name":"a22_"},{"time":1.5333,"name":"a23_"},{"time":1.6,"name":"a24_"},{"time":1.6667,"name":"a25_"},{"time":1.7333,"name":"a26_"},{"time":1.8,"name":"a27_"},{"time":1.8667,"name":"a28_"},{"time":1.9333,"name":"a29_"},{"time":2,"name":"a00_"}]},"a00_2":{"attachment":[{"time":0.0667,"name":"a01_"},{"time":0.1333,"name":"a02_"},{"time":0.2,"name":"a03_"},{"time":0.2667,"name":"a04_"},{"time":0.3333,"name":"a05_"},{"time":0.4,"name":"a06_"},{"time":0.4667,"name":"a07_"},{"time":0.5333,"name":"a08_"},{"time":0.6,"name":"a09_"},{"time":0.6667,"name":"a10_"},{"time":0.7333,"name":"a11_"},{"time":0.8,"name":"a12_"},{"time":0.8667,"name":"a13_"},{"time":0.9333,"name":"a14_"},{"time":1,"name":"a15_"},{"time":1.0667,"name":"a16_"},{"time":1.1333,"name":"a17_"},{"time":1.2,"name":"a18_"},{"time":1.2667,"name":"a19_"},{"time":1.3333,"name":"a20_"},{"time":1.4,"name":"a21_"},{"time":1.4667,"name":"a22_"},{"time":1.5333,"name":"a23_"},{"time":1.6,"name":"a24_"},{"time":1.6667,"name":"a25_"},{"time":1.7333,"name":"a26_"},{"time":1.8,"name":"a27_"},{"time":1.8667,"name":"a28_"},{"time":1.9333,"name":"a29_"},{"time":2,"name":"a00_"}]},"b00_":{"attachment":[{"time":0.0667,"name":"b01_"},{"time":0.1333,"name":"b02_"},{"time":0.2,"name":"b03_"},{"time":0.2667,"name":"b04_"},{"time":0.3333,"name":"b05_"},{"time":0.4,"name":"b06_"},{"time":0.4667,"name":"b07_"},{"time":0.5333,"name":"b08_"},{"time":0.6,"name":"b09_"},{"time":0.6667,"name":"b10_"},{"time":0.7333,"name":"b11_"},{"time":0.8,"name":"b12_"},{"time":0.8667,"name":"b13_"},{"time":0.9333,"name":"b14_"},{"time":1,"name":"b15_"},{"time":1.0667,"name":"b16_"},{"time":1.1333,"name":"b17_"},{"time":1.2,"name":"b18_"},{"time":1.2667,"name":"b19_"},{"time":1.3333,"name":"b20_"},{"time":1.4,"name":"b21_"},{"time":1.4667,"name":"b22_"},{"time":1.5333,"name":"b23_"},{"time":1.6,"name":"b24_"},{"time":1.6667,"name":"b25_"},{"time":1.7333,"name":"b26_"},{"time":1.8,"name":"b27_"},{"time":1.8667,"name":"b28_"},{"time":1.9333,"name":"b29_"},{"time":2,"name":"b00_"}]},"b00_2":{"attachment":[{"time":0.0667,"name":"b01_"},{"time":0.1333,"name":"b02_"},{"time":0.2,"name":"b03_"},{"time":0.2667,"name":"b04_"},{"time":0.3333,"name":"b05_"},{"time":0.4,"name":"b06_"},{"time":0.4667,"name":"b07_"},{"time":0.5333,"name":"b08_"},{"time":0.6,"name":"b09_"},{"time":0.6667,"name":"b10_"},{"time":0.7333,"name":"b11_"},{"time":0.8,"name":"b12_"},{"time":0.8667,"name":"b13_"},{"time":0.9333,"name":"b14_"},{"time":1,"name":"b15_"},{"time":1.0667,"name":"b16_"},{"time":1.1333,"name":"b17_"},{"time":1.2,"name":"b18_"},{"time":1.2667,"name":"b19_"},{"time":1.3333,"name":"b20_"},{"time":1.4,"name":"b21_"},{"time":1.4667,"name":"b22_"},{"time":1.5333,"name":"b23_"},{"time":1.6,"name":"b24_"},{"time":1.6667,"name":"b25_"},{"time":1.7333,"name":"b26_"},{"time":1.8,"name":"b27_"},{"time":1.8667,"name":"b28_"},{"time":1.9333,"name":"b29_"},{"time":2,"name":"b00_"}]},"c00_":{"attachment":[{"time":0.0667,"name":"c01_"},{"time":0.1333,"name":"c02_"},{"time":0.2,"name":"c03_"},{"time":0.2667,"name":"c04_"},{"time":0.3333,"name":"c05_"},{"time":0.4,"name":"c06_"},{"time":0.4667,"name":"c07_"},{"time":0.5333,"name":"c08_"},{"time":0.6,"name":"c09_"},{"time":0.6667,"name":"c10_"},{"time":0.7333,"name":"c11_"},{"time":0.8,"name":"c12_"},{"time":0.8667,"name":"c13_"},{"time":0.9333,"name":"c14_"},{"time":1,"name":"c15_"},{"time":1.0667,"name":"c16_"},{"time":1.1333,"name":"c17_"},{"time":1.2,"name":"c18_"},{"time":1.2667,"name":"c19_"},{"time":1.3333,"name":"c20_"},{"time":1.4,"name":"c21_"},{"time":1.4667,"name":"c22_"},{"time":1.5333,"name":"c23_"},{"time":1.6,"name":"c24_"},{"time":1.6667,"name":"c25_"},{"time":1.7333,"name":"c26_"},{"time":1.8,"name":"c27_"},{"time":1.8667,"name":"c28_"},{"time":1.9333,"name":"c29_"},{"time":2,"name":"c00_"}]},"c00_2":{"attachment":[{"time":0.0667,"name":"c01_"},{"time":0.1333,"name":"c02_"},{"time":0.2,"name":"c03_"},{"time":0.2667,"name":"c04_"},{"time":0.3333,"name":"c05_"},{"time":0.4,"name":"c06_"},{"time":0.4667,"name":"c07_"},{"time":0.5333,"name":"c08_"},{"time":0.6,"name":"c09_"},{"time":0.6667,"name":"c10_"},{"time":0.7333,"name":"c11_"},{"time":0.8,"name":"c12_"},{"time":0.8667,"name":"c13_"},{"time":0.9333,"name":"c14_"},{"time":1,"name":"c15_"},{"time":1.0667,"name":"c16_"},{"time":1.1333,"name":"c17_"},{"time":1.2,"name":"c18_"},{"time":1.2667,"name":"c19_"},{"time":1.3333,"name":"c20_"},{"time":1.4,"name":"c21_"},{"time":1.4667,"name":"c22_"},{"time":1.5333,"name":"c23_"},{"time":1.6,"name":"c24_"},{"time":1.6667,"name":"c25_"},{"time":1.7333,"name":"c26_"},{"time":1.8,"name":"c27_"},{"time":1.8667,"name":"c28_"},{"time":1.9333,"name":"c29_"},{"time":2,"name":"c00_"}]},"d00_":{"attachment":[{"time":0.0667,"name":"d01_"},{"time":0.1333,"name":"d02_"},{"time":0.2,"name":"d03_"},{"time":0.2667,"name":"d04_"},{"time":0.3333,"name":"d05_"},{"time":0.4,"name":"d06_"},{"time":0.4667,"name":"d07_"},{"time":0.5333,"name":"d08_"},{"time":0.6,"name":"d09_"},{"time":0.6667,"name":"d10_"},{"time":0.7333,"name":"d11_"},{"time":0.8,"name":"d12_"},{"time":0.8667,"name":"d13_"},{"time":0.9333,"name":"d14_"},{"time":1,"name":"d15_"},{"time":1.0667,"name":"d16_"},{"time":1.1333,"name":"d17_"},{"time":1.2,"name":"d18_"},{"time":1.2667,"name":"d19_"},{"time":1.3333,"name":"d20_"},{"time":1.4,"name":"d21_"},{"time":1.4667,"name":"d22_"},{"time":1.5333,"name":"d23_"},{"time":1.6,"name":"d24_"},{"time":1.6667,"name":"d25_"},{"time":1.7333,"name":"d26_"},{"time":1.8,"name":"d27_"},{"time":1.8667,"name":"d28_"},{"time":1.9333,"name":"d29_"},{"time":2,"name":"d00_"}]},"d00_2":{"attachment":[{"time":0.0667,"name":"d01_"},{"time":0.1333,"name":"d02_"},{"time":0.2,"name":"d03_"},{"time":0.2667,"name":"d04_"},{"time":0.3333,"name":"d05_"},{"time":0.4,"name":"d06_"},{"time":0.4667,"name":"d07_"},{"time":0.5333,"name":"d08_"},{"time":0.6,"name":"d09_"},{"time":0.6667,"name":"d10_"},{"time":0.7333,"name":"d11_"},{"time":0.8,"name":"d12_"},{"time":0.8667,"name":"d13_"},{"time":0.9333,"name":"d14_"},{"time":1,"name":"d15_"},{"time":1.0667,"name":"d16_"},{"time":1.1333,"name":"d17_"},{"time":1.2,"name":"d18_"},{"time":1.2667,"name":"d19_"},{"time":1.3333,"name":"d20_"},{"time":1.4,"name":"d21_"},{"time":1.4667,"name":"d22_"},{"time":1.5333,"name":"d23_"},{"time":1.6,"name":"d24_"},{"time":1.6667,"name":"d25_"},{"time":1.7333,"name":"d26_"},{"time":1.8,"name":"d27_"},{"time":1.8667,"name":"d28_"},{"time":1.9333,"name":"d29_"},{"time":2,"name":"d00_"}]}}}}}