{"bones": [{"name": "root"}, {"name": "bone", "parent": "root", "length": 162.74, "y": -2.9, "x": -0.41, "rotation": 90}, {"y": -19.72, "length": 93.71, "rotation": 89.54, "parent": "root", "name": "bone2"}], "slots": [{"name": "yz_0_", "bone": "bone2", "attachment": "yz_0_"}, {"name": "shitouren04_walk_0021_", "bone": "bone"}, {"name": "shitouren04_walk_0020_", "bone": "bone"}, {"name": "shitouren04_walk_0019_", "bone": "bone"}, {"name": "shitouren04_walk_0018_", "bone": "bone"}, {"name": "shitouren04_walk_0017_", "bone": "bone"}, {"name": "shitouren04_walk_0016_", "bone": "bone"}, {"name": "shitouren04_walk_0015_", "bone": "bone"}, {"name": "shitouren04_walk_0014_", "bone": "bone"}, {"name": "shitouren04_walk_0013_", "bone": "bone"}, {"name": "shitouren04_walk_0012_", "bone": "bone"}, {"name": "shitouren04_walk_0011_", "bone": "bone"}, {"name": "shitouren04_walk_0010_", "bone": "bone"}, {"name": "shitouren04_walk_0009_", "bone": "bone"}, {"name": "shitouren04_walk_0008_", "bone": "bone"}, {"name": "shitouren04_walk_0007_", "bone": "bone"}, {"name": "shitouren04_walk_0006_", "bone": "bone"}, {"name": "shitouren04_walk_0005_", "bone": "bone"}, {"name": "shitouren04_walk_0004_", "bone": "bone"}, {"name": "shitouren04_walk_0003_", "bone": "bone"}, {"name": "shitouren04_walk_0002_", "bone": "bone"}, {"name": "shitouren04_walk_0001_", "bone": "bone"}, {"name": "shitouren04_walk_0000_", "bone": "bone"}, {"name": "shitouren04_gj_0024_", "bone": "bone"}, {"name": "shitouren04_gj_0022_", "bone": "bone"}, {"name": "shitouren04_gj_0020_", "bone": "bone"}, {"name": "shitouren04_gj_0018_", "bone": "bone"}, {"name": "shitouren04_gj_0016_", "bone": "bone"}, {"name": "shitouren04_gj_0014_", "bone": "bone"}, {"name": "shitouren04_gj_0012_", "bone": "bone"}, {"name": "shitouren04_gj_0010_", "bone": "bone"}, {"name": "shitouren04_gj_0008_", "bone": "bone"}, {"name": "shitouren04_gj_0006_", "bone": "bone"}, {"name": "shitouren04_gj_0004_", "bone": "bone"}, {"name": "shitouren04_gj_0002_", "bone": "bone"}, {"name": "shitouren04_gj_0000_", "bone": "bone"}, {"name": "shitouren04_dj_0024_", "bone": "bone"}, {"name": "shitouren04_dj_0022_", "bone": "bone"}, {"name": "shitouren04_dj_0020_", "bone": "bone"}, {"name": "shitouren04_dj_0018_", "bone": "bone"}, {"name": "shitouren04_dj_0016_", "bone": "bone"}, {"name": "shitouren04_dj_0014_", "bone": "bone"}, {"name": "shitouren04_dj_0012_", "bone": "bone"}, {"name": "shitouren04_dj_0010_", "bone": "bone"}, {"name": "shitouren04_dj_0008_", "bone": "bone"}, {"name": "shitouren04_dj_0006_", "bone": "bone"}, {"name": "shitouren04_dj_0004_", "bone": "bone"}, {"name": "shitouren04_dj_0002_", "bone": "bone"}, {"name": "shitouren04_dj_0000_", "bone": "bone"}], "skins": {"default": {"shitouren04_gj_0024_": {"shitouren04_gj_0024_": {"y": -1.24, "x": 67.42, "rotation": -90, "width": 93, "height": 122}}, "shitouren04_walk_0002_": {"shitouren04_walk_0002_": {"y": 0.25, "x": 60.42, "rotation": -90, "width": 100, "height": 116}}, "yz_0_": {"yz_0_": {"y": -0.13, "x": 34.93, "rotation": -89.54, "width": 85, "height": 85}}, "shitouren04_walk_0006_": {"shitouren04_walk_0006_": {"y": 1.25, "x": 62.92, "rotation": -90, "width": 56, "height": 121}}, "shitouren04_walk_0018_": {"shitouren04_walk_0018_": {"y": -0.24, "x": 70.92, "rotation": -90, "width": 59, "height": 119}}, "shitouren04_walk_0004_": {"shitouren04_walk_0004_": {"y": 0.25, "x": 60.42, "rotation": -90, "width": 86, "height": 116}}, "shitouren04_walk_0010_": {"shitouren04_walk_0010_": {"y": -3.24, "x": 67.42, "rotation": -90, "width": 105, "height": 130}}, "shitouren04_gj_0018_": {"shitouren04_gj_0018_": {"y": -3.74, "x": 72.42, "rotation": -90, "width": 86, "height": 130}}, "shitouren04_dj_0002_": {"shitouren04_dj_0002_": {"y": 1.25, "x": 69.42, "rotation": -90, "width": 92, "height": 126}}, "shitouren04_gj_0020_": {"shitouren04_gj_0020_": {"y": 3.25, "x": 74.42, "rotation": -90, "width": 104, "height": 134}}, "shitouren04_walk_0000_": {"shitouren04_walk_0000_": {"y": -1.24, "x": 63.92, "rotation": -90, "width": 105, "height": 123}}, "shitouren04_gj_0008_": {"shitouren04_gj_0008_": {"y": 15.25, "x": 72.42, "rotation": -90, "width": 128, "height": 138}}, "shitouren04_gj_0014_": {"shitouren04_gj_0014_": {"y": -25.74, "x": 65.92, "rotation": -90, "width": 122, "height": 115}}, "shitouren04_gj_0002_": {"shitouren04_gj_0002_": {"y": -3.74, "x": 59.92, "rotation": -90, "width": 114, "height": 107}}, "shitouren04_walk_0016_": {"shitouren04_walk_0016_": {"y": -1.74, "x": 69.42, "rotation": -90, "width": 68, "height": 122}}, "shitouren04_gj_0000_": {"shitouren04_gj_0000_": {"y": -1.24, "x": 67.42, "rotation": -90, "width": 93, "height": 122}}, "shitouren04_dj_0020_": {"shitouren04_dj_0020_": {"y": 0.75, "x": 71.42, "rotation": -90, "width": 97, "height": 130}}, "shitouren04_walk_0012_": {"shitouren04_walk_0012_": {"y": -1.74, "x": 66.92, "rotation": -90, "width": 108, "height": 129}}, "shitouren04_gj_0022_": {"shitouren04_gj_0022_": {"y": 8.25, "x": 71.92, "rotation": -90, "width": 112, "height": 131}}, "shitouren04_dj_0024_": {"shitouren04_dj_0024_": {"y": -1.24, "x": 67.42, "rotation": -90, "width": 93, "height": 122}}, "shitouren04_dj_0022_": {"shitouren04_dj_0022_": {"y": -1.24, "x": 68.92, "rotation": -90, "width": 93, "height": 125}}, "shitouren04_walk_0014_": {"shitouren04_walk_0014_": {"y": -0.24, "x": 67.42, "rotation": -90, "width": 99, "height": 126}}, "shitouren04_gj_0004_": {"shitouren04_gj_0004_": {"y": 3.25, "x": 69.42, "rotation": -90, "width": 122, "height": 128}}, "shitouren04_gj_0012_": {"shitouren04_gj_0012_": {"y": -32.24, "x": 61.92, "rotation": -90, "width": 133, "height": 105}}, "shitouren04_walk_0020_": {"shitouren04_walk_0020_": {"y": -6.74, "x": 73.42, "rotation": -90, "width": 98, "height": 114}}, "shitouren04_gj_0016_": {"shitouren04_gj_0016_": {"y": -16.24, "x": 68.42, "rotation": -90, "width": 107, "height": 122}}, "shitouren04_gj_0010_": {"shitouren04_gj_0010_": {"y": -33.24, "x": 65.92, "rotation": -90, "width": 137, "height": 113}}, "shitouren04_walk_0007_": {"shitouren04_walk_0007_": {"y": 1.25, "x": 64.42, "rotation": -90, "width": 68, "height": 124}}, "shitouren04_gj_0006_": {"shitouren04_gj_0006_": {"y": -2.24, "x": 70.42, "rotation": -90, "width": 119, "height": 130}}, "shitouren04_walk_0005_": {"shitouren04_walk_0005_": {"y": -0.74, "x": 61.42, "rotation": -90, "width": 70, "height": 118}}, "shitouren04_walk_0003_": {"shitouren04_walk_0003_": {"y": 0.25, "x": 59.42, "rotation": -90, "width": 96, "height": 114}}, "shitouren04_walk_0019_": {"shitouren04_walk_0019_": {"y": -4.24, "x": 73.42, "rotation": -90, "width": 79, "height": 114}}, "shitouren04_walk_0021_": {"shitouren04_walk_0021_": {"y": -1.24, "x": 63.92, "rotation": -90, "width": 105, "height": 123}}, "shitouren04_walk_0011_": {"shitouren04_walk_0011_": {"y": -1.74, "x": 66.92, "rotation": -90, "width": 106, "height": 129}}, "shitouren04_dj_0006_": {"shitouren04_dj_0006_": {"y": 7.25, "x": 74.92, "rotation": -90, "width": 90, "height": 137}}, "shitouren04_walk_0008_": {"shitouren04_walk_0008_": {"y": 0.75, "x": 65.42, "rotation": -90, "width": 81, "height": 126}}, "shitouren04_walk_0013_": {"shitouren04_walk_0013_": {"y": -0.74, "x": 66.42, "rotation": -90, "width": 106, "height": 128}}, "shitouren04_dj_0004_": {"shitouren04_dj_0004_": {"y": 4.25, "x": 72.42, "rotation": -90, "width": 92, "height": 132}}, "shitouren04_dj_0012_": {"shitouren04_dj_0012_": {"y": 9.25, "x": 79.42, "rotation": -90, "width": 94, "height": 146}}, "shitouren04_walk_0001_": {"shitouren04_walk_0001_": {"y": 1.25, "x": 62.42, "rotation": -90, "width": 100, "height": 120}}, "shitouren04_dj_0010_": {"shitouren04_dj_0010_": {"y": 8.25, "x": 78.92, "rotation": -90, "width": 92, "height": 145}}, "shitouren04_dj_0018_": {"shitouren04_dj_0018_": {"y": 3.75, "x": 74.42, "rotation": -90, "width": 99, "height": 136}}, "shitouren04_walk_0017_": {"shitouren04_walk_0017_": {"y": -0.24, "x": 69.92, "rotation": -90, "width": 53, "height": 121}}, "shitouren04_walk_0009_": {"shitouren04_walk_0009_": {"y": -2.74, "x": 66.92, "rotation": -90, "width": 96, "height": 129}}, "shitouren04_dj_0014_": {"shitouren04_dj_0014_": {"y": 9.75, "x": 78.42, "rotation": -90, "width": 95, "height": 144}}, "shitouren04_walk_0015_": {"shitouren04_walk_0015_": {"y": -2.24, "x": 68.42, "rotation": -90, "width": 83, "height": 124}}, "shitouren04_dj_0008_": {"shitouren04_dj_0008_": {"y": 7.75, "x": 77.42, "rotation": -90, "width": 91, "height": 142}}, "shitouren04_dj_0000_": {"shitouren04_dj_0000_": {"y": -1.24, "x": 67.42, "rotation": -90, "width": 93, "height": 122}}, "shitouren04_dj_0016_": {"shitouren04_dj_0016_": {"y": 6.75, "x": 76.42, "rotation": -90, "width": 97, "height": 140}}}}, "skeleton": {"spine": "2.1.27", "width": 84.99, "images": "", "hash": "29xXQJELulwoIx3CHupn3fC2bOY", "height": 84.99}, "animations": {"dj": {"bones": {"root": {"translate": [{"y": 0, "x": -0.41, "time": 0}]}, "bone": {"translate": [{"y": 0, "x": 0, "time": 0}]}}, "slots": {"shitouren04_gj_0024_": {"attachment": [{"name": null, "time": 0}]}, "shitouren04_walk_0002_": {"attachment": [{"name": null, "time": 0}]}, "shitouren04_walk_0006_": {"attachment": [{"name": null, "time": 0}]}, "shitouren04_walk_0018_": {"attachment": [{"name": null, "time": 0}]}, "shitouren04_walk_0004_": {"attachment": [{"name": null, "time": 0}]}, "shitouren04_walk_0010_": {"attachment": [{"name": null, "time": 0}]}, "shitouren04_gj_0018_": {"attachment": [{"name": null, "time": 0}]}, "shitouren04_dj_0002_": {"attachment": [{"name": null, "time": 0}, {"name": "shitouren04_dj_0002_", "time": 0.1333}, {"name": null, "time": 0.2666}]}, "shitouren04_gj_0020_": {"attachment": [{"name": null, "time": 0}]}, "shitouren04_walk_0000_": {"attachment": [{"name": null, "time": 0}]}, "shitouren04_gj_0008_": {"attachment": [{"name": null, "time": 0}]}, "shitouren04_gj_0014_": {"attachment": [{"name": null, "time": 0}]}, "shitouren04_gj_0002_": {"attachment": [{"name": null, "time": 0}]}, "shitouren04_walk_0016_": {"attachment": [{"name": null, "time": 0}]}, "shitouren04_gj_0000_": {"attachment": [{"name": null, "time": 0}]}, "shitouren04_dj_0020_": {"attachment": [{"name": null, "time": 0}, {"name": "shitouren04_dj_0020_", "time": 1.3333}, {"name": null, "time": 1.4666}]}, "shitouren04_walk_0012_": {"attachment": [{"name": null, "time": 0}]}, "shitouren04_gj_0022_": {"attachment": [{"name": null, "time": 0}]}, "shitouren04_dj_0024_": {"attachment": [{"name": null, "time": 0}, {"name": "shitouren04_dj_0024_", "time": 1.6}]}, "shitouren04_dj_0022_": {"attachment": [{"name": null, "time": 0}, {"name": "shitouren04_dj_0022_", "time": 1.4666}, {"name": null, "time": 1.6}]}, "shitouren04_walk_0014_": {"attachment": [{"name": null, "time": 0}]}, "shitouren04_gj_0004_": {"attachment": [{"name": null, "time": 0}]}, "shitouren04_gj_0012_": {"attachment": [{"name": null, "time": 0}]}, "shitouren04_walk_0020_": {"attachment": [{"name": null, "time": 0}]}, "shitouren04_gj_0016_": {"attachment": [{"name": null, "time": 0}]}, "shitouren04_gj_0010_": {"attachment": [{"name": null, "time": 0}]}, "shitouren04_walk_0007_": {"attachment": [{"name": null, "time": 0}]}, "shitouren04_gj_0006_": {"attachment": [{"name": null, "time": 0}]}, "shitouren04_walk_0005_": {"attachment": [{"name": null, "time": 0}]}, "shitouren04_walk_0003_": {"attachment": [{"name": null, "time": 0}]}, "shitouren04_walk_0019_": {"attachment": [{"name": null, "time": 0}]}, "shitouren04_walk_0021_": {"attachment": [{"name": null, "time": 0}]}, "shitouren04_walk_0011_": {"attachment": [{"name": null, "time": 0}]}, "shitouren04_dj_0006_": {"attachment": [{"name": null, "time": 0}, {"name": "shitouren04_dj_0006_", "time": 0.4}, {"name": null, "time": 0.5333}]}, "shitouren04_walk_0008_": {"attachment": [{"name": null, "time": 0}]}, "shitouren04_walk_0013_": {"attachment": [{"name": null, "time": 0}]}, "shitouren04_dj_0004_": {"attachment": [{"name": null, "time": 0}, {"name": "shitouren04_dj_0004_", "time": 0.2666}, {"name": null, "time": 0.4}]}, "shitouren04_dj_0012_": {"attachment": [{"name": null, "time": 0}, {"name": "shitouren04_dj_0012_", "time": 0.8}, {"name": null, "time": 0.9333}]}, "shitouren04_walk_0001_": {"attachment": [{"name": null, "time": 0}]}, "shitouren04_dj_0010_": {"attachment": [{"name": null, "time": 0}, {"name": "shitouren04_dj_0010_", "time": 0.6666}, {"name": null, "time": 0.8}]}, "shitouren04_dj_0018_": {"attachment": [{"name": null, "time": 0}, {"name": "shitouren04_dj_0018_", "time": 1.2}, {"name": null, "time": 1.3333}]}, "shitouren04_walk_0017_": {"attachment": [{"name": null, "time": 0}]}, "shitouren04_walk_0009_": {"attachment": [{"name": null, "time": 0}]}, "shitouren04_dj_0014_": {"attachment": [{"name": null, "time": 0}, {"name": "shitouren04_dj_0014_", "time": 0.9333}, {"name": null, "time": 1.0666}]}, "shitouren04_walk_0015_": {"attachment": [{"name": null, "time": 0}]}, "shitouren04_dj_0008_": {"attachment": [{"name": null, "time": 0}, {"name": "shitouren04_dj_0008_", "time": 0.5333}, {"name": null, "time": 0.6666}]}, "shitouren04_dj_0000_": {"attachment": [{"name": "shitouren04_dj_0000_", "time": 0}, {"name": null, "time": 0.1333}]}, "shitouren04_dj_0016_": {"attachment": [{"name": null, "time": 0}, {"name": "shitouren04_dj_0016_", "time": 1.0666}, {"name": null, "time": 1.2}]}}}, "gj": {"bones": {"bone": {"translate": [{"y": 0, "x": 0, "time": 0}]}}, "slots": {"shitouren04_gj_0024_": {"attachment": [{"name": null, "time": 0}, {"name": "shitouren04_gj_0024_", "time": 1.6}]}, "shitouren04_walk_0002_": {"attachment": [{"name": null, "time": 0}]}, "shitouren04_walk_0006_": {"attachment": [{"name": null, "time": 0}]}, "shitouren04_walk_0018_": {"attachment": [{"name": null, "time": 0}]}, "shitouren04_walk_0004_": {"attachment": [{"name": null, "time": 0}]}, "shitouren04_walk_0010_": {"attachment": [{"name": null, "time": 0}]}, "shitouren04_gj_0018_": {"attachment": [{"name": null, "time": 0}, {"name": "shitouren04_gj_0018_", "time": 1.2}, {"name": null, "time": 1.3333}]}, "shitouren04_dj_0002_": {"attachment": [{"name": null, "time": 0}]}, "shitouren04_gj_0020_": {"attachment": [{"name": null, "time": 0}, {"name": "shitouren04_gj_0020_", "time": 1.3333}, {"name": null, "time": 1.4666}]}, "shitouren04_walk_0000_": {"attachment": [{"name": null, "time": 0}]}, "shitouren04_gj_0008_": {"attachment": [{"name": null, "time": 0}, {"name": "shitouren04_gj_0008_", "time": 0.5333}, {"name": null, "time": 0.6666}]}, "shitouren04_gj_0014_": {"attachment": [{"name": null, "time": 0}, {"name": "shitouren04_gj_0014_", "time": 0.9333}, {"name": null, "time": 1.0666}]}, "shitouren04_gj_0002_": {"attachment": [{"name": null, "time": 0}, {"name": "shitouren04_gj_0002_", "time": 0.1333}, {"name": null, "time": 0.2}, {"name": null, "time": 0.2666}]}, "shitouren04_walk_0016_": {"attachment": [{"name": null, "time": 0}]}, "shitouren04_gj_0000_": {"attachment": [{"name": "shitouren04_gj_0000_", "time": 0}, {"name": null, "time": 0.1333}]}, "shitouren04_dj_0020_": {"attachment": [{"name": null, "time": 0}]}, "shitouren04_walk_0012_": {"attachment": [{"name": null, "time": 0}]}, "shitouren04_gj_0022_": {"attachment": [{"name": null, "time": 0}, {"name": "shitouren04_gj_0022_", "time": 1.4666}, {"name": null, "time": 1.6}]}, "shitouren04_dj_0024_": {"attachment": [{"name": null, "time": 0}]}, "shitouren04_dj_0022_": {"attachment": [{"name": null, "time": 0}]}, "shitouren04_walk_0014_": {"attachment": [{"name": null, "time": 0}]}, "shitouren04_gj_0004_": {"attachment": [{"name": null, "time": 0}, {"name": "shitouren04_gj_0004_", "time": 0.2666}, {"name": null, "time": 0.4}]}, "shitouren04_gj_0012_": {"attachment": [{"name": null, "time": 0}, {"name": "shitouren04_gj_0012_", "time": 0.8}, {"name": null, "time": 0.9333}]}, "shitouren04_walk_0020_": {"attachment": [{"name": null, "time": 0}]}, "shitouren04_gj_0016_": {"attachment": [{"name": null, "time": 0}, {"name": "shitouren04_gj_0016_", "time": 1.0666}, {"name": null, "time": 1.2}]}, "shitouren04_gj_0010_": {"attachment": [{"name": null, "time": 0}, {"name": "shitouren04_gj_0010_", "time": 0.6666}, {"name": null, "time": 0.8}]}, "shitouren04_walk_0007_": {"attachment": [{"name": null, "time": 0}]}, "shitouren04_gj_0006_": {"attachment": [{"name": null, "time": 0}, {"name": "shitouren04_gj_0006_", "time": 0.4}, {"name": null, "time": 0.5333}]}, "shitouren04_walk_0005_": {"attachment": [{"name": null, "time": 0}]}, "shitouren04_walk_0003_": {"attachment": [{"name": null, "time": 0}]}, "shitouren04_walk_0019_": {"attachment": [{"name": null, "time": 0}]}, "shitouren04_walk_0021_": {"attachment": [{"name": null, "time": 0}]}, "shitouren04_walk_0011_": {"attachment": [{"name": null, "time": 0}]}, "shitouren04_dj_0006_": {"attachment": [{"name": null, "time": 0}]}, "shitouren04_walk_0008_": {"attachment": [{"name": null, "time": 0}]}, "shitouren04_walk_0013_": {"attachment": [{"name": null, "time": 0}]}, "shitouren04_dj_0004_": {"attachment": [{"name": null, "time": 0}]}, "shitouren04_dj_0012_": {"attachment": [{"name": null, "time": 0}]}, "shitouren04_walk_0001_": {"attachment": [{"name": null, "time": 0}]}, "shitouren04_dj_0010_": {"attachment": [{"name": null, "time": 0}]}, "shitouren04_dj_0018_": {"attachment": [{"name": null, "time": 0}]}, "shitouren04_walk_0017_": {"attachment": [{"name": null, "time": 0}]}, "shitouren04_walk_0009_": {"attachment": [{"name": null, "time": 0}]}, "shitouren04_dj_0014_": {"attachment": [{"name": null, "time": 0}]}, "shitouren04_walk_0015_": {"attachment": [{"name": null, "time": 0}]}, "shitouren04_dj_0008_": {"attachment": [{"name": null, "time": 0}]}, "shitouren04_dj_0000_": {"attachment": [{"name": null, "time": 0}]}, "shitouren04_dj_0016_": {"attachment": [{"name": null, "time": 0}]}}}, "walk": {"bones": {"bone": {"translate": [{"y": 0, "x": -0.41, "time": 0}]}}, "slots": {"shitouren04_gj_0024_": {"attachment": [{"name": null, "time": 0}]}, "shitouren04_walk_0002_": {"attachment": [{"name": null, "time": 0}, {"name": "shitouren04_walk_0002_", "time": 0.1333}, {"name": null, "time": 0.2}]}, "shitouren04_walk_0006_": {"attachment": [{"name": null, "time": 0}, {"name": "shitouren04_walk_0006_", "time": 0.4}, {"name": null, "time": 0.4666}]}, "shitouren04_walk_0018_": {"attachment": [{"name": null, "time": 0}, {"name": "shitouren04_walk_0018_", "time": 1.2}, {"name": null, "time": 1.2666}]}, "shitouren04_walk_0004_": {"attachment": [{"name": null, "time": 0}, {"name": "shitouren04_walk_0004_", "time": 0.2666}, {"name": null, "time": 0.3333}]}, "shitouren04_walk_0010_": {"attachment": [{"name": null, "time": 0}, {"name": "shitouren04_walk_0010_", "time": 0.6666}, {"name": null, "time": 0.7333}]}, "shitouren04_gj_0018_": {"attachment": [{"name": null, "time": 0}]}, "shitouren04_dj_0002_": {"attachment": [{"name": null, "time": 0}]}, "shitouren04_gj_0020_": {"attachment": [{"name": null, "time": 0}]}, "shitouren04_walk_0000_": {"attachment": [{"name": "shitouren04_walk_0000_", "time": 0}, {"name": null, "time": 0.0666}]}, "shitouren04_gj_0008_": {"attachment": [{"name": null, "time": 0}]}, "shitouren04_gj_0014_": {"attachment": [{"name": null, "time": 0}]}, "shitouren04_gj_0002_": {"attachment": [{"name": null, "time": 0}]}, "shitouren04_walk_0016_": {"attachment": [{"name": null, "time": 0}, {"name": "shitouren04_walk_0016_", "time": 1.0666}, {"name": null, "time": 1.1333}]}, "shitouren04_gj_0000_": {"attachment": [{"name": null, "time": 0}]}, "shitouren04_dj_0020_": {"attachment": [{"name": null, "time": 0}]}, "shitouren04_walk_0012_": {"attachment": [{"name": null, "time": 0}, {"name": "shitouren04_walk_0012_", "time": 0.8}, {"name": null, "time": 0.8666}]}, "shitouren04_gj_0022_": {"attachment": [{"name": null, "time": 0}]}, "shitouren04_dj_0024_": {"attachment": [{"name": null, "time": 0}]}, "shitouren04_dj_0022_": {"attachment": [{"name": null, "time": 0}]}, "shitouren04_walk_0014_": {"attachment": [{"name": null, "time": 0}, {"name": "shitouren04_walk_0014_", "time": 0.9333}, {"name": null, "time": 1}]}, "shitouren04_gj_0004_": {"attachment": [{"name": null, "time": 0}]}, "shitouren04_gj_0012_": {"attachment": [{"name": null, "time": 0}]}, "shitouren04_walk_0020_": {"attachment": [{"name": null, "time": 0}, {"name": "shitouren04_walk_0020_", "time": 1.3333}, {"name": null, "time": 1.4}]}, "shitouren04_gj_0016_": {"attachment": [{"name": null, "time": 0}]}, "shitouren04_gj_0010_": {"attachment": [{"name": null, "time": 0}]}, "shitouren04_walk_0007_": {"attachment": [{"name": null, "time": 0}, {"name": "shitouren04_walk_0007_", "time": 0.4666}, {"name": null, "time": 0.5333}]}, "shitouren04_gj_0006_": {"attachment": [{"name": null, "time": 0}]}, "shitouren04_walk_0005_": {"attachment": [{"name": null, "time": 0}, {"name": "shitouren04_walk_0005_", "time": 0.3333}, {"name": null, "time": 0.4}]}, "shitouren04_walk_0003_": {"attachment": [{"name": null, "time": 0}, {"name": "shitouren04_walk_0003_", "time": 0.2}, {"name": null, "time": 0.2666}]}, "shitouren04_walk_0019_": {"attachment": [{"name": null, "time": 0}, {"name": "shitouren04_walk_0019_", "time": 1.2666}, {"name": null, "time": 1.3333}]}, "shitouren04_walk_0021_": {"attachment": [{"name": null, "time": 0}, {"name": "shitouren04_walk_0021_", "time": 1.4}]}, "shitouren04_walk_0011_": {"attachment": [{"name": null, "time": 0}, {"name": "shitouren04_walk_0011_", "time": 0.7333}, {"name": null, "time": 0.8}]}, "shitouren04_dj_0006_": {"attachment": [{"name": null, "time": 0}]}, "shitouren04_walk_0008_": {"attachment": [{"name": null, "time": 0}, {"name": "shitouren04_walk_0008_", "time": 0.5333}, {"name": null, "time": 0.6}]}, "shitouren04_walk_0013_": {"attachment": [{"name": null, "time": 0}, {"name": "shitouren04_walk_0013_", "time": 0.8666}, {"name": null, "time": 0.9333}]}, "shitouren04_dj_0004_": {"attachment": [{"name": null, "time": 0}]}, "shitouren04_dj_0012_": {"attachment": [{"name": null, "time": 0}]}, "shitouren04_walk_0001_": {"attachment": [{"name": null, "time": 0}, {"name": "shitouren04_walk_0001_", "time": 0.0666}, {"name": null, "time": 0.1333}]}, "shitouren04_dj_0010_": {"attachment": [{"name": null, "time": 0}]}, "shitouren04_dj_0018_": {"attachment": [{"name": null, "time": 0}]}, "shitouren04_walk_0017_": {"attachment": [{"name": null, "time": 0}, {"name": "shitouren04_walk_0017_", "time": 1.1333}, {"name": null, "time": 1.2}]}, "shitouren04_walk_0009_": {"attachment": [{"name": null, "time": 0}, {"name": "shitouren04_walk_0009_", "time": 0.6}, {"name": null, "time": 0.6666}]}, "shitouren04_dj_0014_": {"attachment": [{"name": null, "time": 0}]}, "shitouren04_walk_0015_": {"attachment": [{"name": null, "time": 0}, {"name": "shitouren04_walk_0015_", "time": 1}, {"name": null, "time": 1.0666}]}, "shitouren04_dj_0008_": {"attachment": [{"name": null, "time": 0}]}, "shitouren04_dj_0000_": {"attachment": [{"name": null, "time": 0}]}, "shitouren04_dj_0016_": {"attachment": [{"name": null, "time": 0}]}}}}}