{
"skeleton": { "hash": "ZcBg4/KEZFx65PqM0LDsZsJUIEQ", "spine": "3.7.94", "width": 0, "height": 0, "images": "./images/", "audio": "F:/COK项目/Spine工程/累充皮肤—独眼怪Spine/待机休闲Spine" },
"bones": [
	{ "name": "root" },
	{ "name": "ctr", "parent": "root", "scaleX": 1.25, "scaleY": 1.25 },
	{ "name": "idle_DL_", "parent": "ctr" },
	{ "name": "idle_UR", "parent": "ctr" },
	{ "name": "idle_UL", "parent": "ctr" },
	{ "name": "idle_DR", "parent": "ctr" }
],
"slots": [
	{ "name": "idle_UR", "bone": "idle_UR" },
	{ "name": "idle_UL", "bone": "idle_UL" },
	{ "name": "idle_DR", "bone": "idle_DR" },
	{ "name": "idle_DL_", "bone": "idle_DL_" }
],
"skins": {
	"default": {
		"idle_DL_": {
			"idle_DL_93_": { "width": 400, "height": 400 },
			"idle_DL_96_": { "width": 400, "height": 400 },
			"idle_DL_99_": { "width": 400, "height": 400 },
			"idle_DL_102_": { "width": 400, "height": 400 },
			"idle_DL_105_": { "width": 400, "height": 400 },
			"idle_DL_108_": { "width": 400, "height": 400 },
			"idle_DL_111_": { "width": 400, "height": 400 },
			"idle_DL_114_": { "width": 400, "height": 400 },
			"idle_DL_117_": { "width": 400, "height": 400 },
			"idle_DL_120_": { "width": 400, "height": 400 },
			"idle_DL_123_": { "width": 400, "height": 400 },
			"idle_DL_126_": { "width": 400, "height": 400 },
			"idle_DL_129_": { "width": 400, "height": 400 },
			"idle_DL_132_": { "width": 400, "height": 400 },
			"idle_DL_135_": { "width": 400, "height": 400 },
			"idle_DL_138_": { "width": 400, "height": 400 },
			"idle_DL_141_": { "width": 400, "height": 400 },
			"idle_DL_144_": { "width": 400, "height": 400 },
			"idle_DL_147_": { "width": 400, "height": 400 },
			"idle_DL_150_": { "width": 400, "height": 400 },
			"idle_DL_153_": { "width": 400, "height": 400 },
			"idle_DL_156_": { "width": 400, "height": 400 },
			"idle_DL_159_": { "width": 400, "height": 400 },
			"idle_DL_162_": { "width": 400, "height": 400 },
			"idle_DL_165_": { "width": 400, "height": 400 },
			"idle_DL_168_": { "width": 400, "height": 400 },
			"idle_DL_171_": { "width": 400, "height": 400 },
			"idle_DL_174_": { "width": 400, "height": 400 },
			"idle_DL_177_": { "width": 400, "height": 400 },
			"idle_DL_180_": { "width": 400, "height": 400 },
			"idle_DL_183_": { "width": 400, "height": 400 },
			"idle_DL_186_": { "width": 400, "height": 400 },
			"idle_DL_189_": { "width": 400, "height": 400 }
		},
		"idle_DR": {
			"idle_DR_93_": { "width": 400, "height": 400 },
			"idle_DR_96_": { "width": 400, "height": 400 },
			"idle_DR_99_": { "width": 400, "height": 400 },
			"idle_DR_102_": { "width": 400, "height": 400 },
			"idle_DR_105_": { "width": 400, "height": 400 },
			"idle_DR_108_": { "width": 400, "height": 400 },
			"idle_DR_111_": { "width": 400, "height": 400 },
			"idle_DR_114_": { "width": 400, "height": 400 },
			"idle_DR_117_": { "width": 400, "height": 400 },
			"idle_DR_120_": { "width": 400, "height": 400 },
			"idle_DR_123_": { "width": 400, "height": 400 },
			"idle_DR_126_": { "width": 400, "height": 400 },
			"idle_DR_129_": { "width": 400, "height": 400 },
			"idle_DR_132_": { "width": 400, "height": 400 },
			"idle_DR_135_": { "width": 400, "height": 400 },
			"idle_DR_138_": { "width": 400, "height": 400 },
			"idle_DR_141_": { "width": 400, "height": 400 },
			"idle_DR_144_": { "width": 400, "height": 400 },
			"idle_DR_147_": { "width": 400, "height": 400 },
			"idle_DR_150_": { "width": 400, "height": 400 },
			"idle_DR_153_": { "width": 400, "height": 400 },
			"idle_DR_156_": { "width": 400, "height": 400 },
			"idle_DR_159_": { "width": 400, "height": 400 },
			"idle_DR_162_": { "width": 400, "height": 400 },
			"idle_DR_165_": { "width": 400, "height": 400 },
			"idle_DR_168_": { "width": 400, "height": 400 },
			"idle_DR_171_": { "width": 400, "height": 400 },
			"idle_DR_174_": { "width": 400, "height": 400 },
			"idle_DR_177_": { "width": 400, "height": 400 },
			"idle_DR_180_": { "width": 400, "height": 400 },
			"idle_DR_183_": { "width": 400, "height": 400 },
			"idle_DR_186_": { "width": 400, "height": 400 },
			"idle_DR_189_": { "width": 400, "height": 400 }
		},
		"idle_UL": {
			"idle_UL_93_": { "width": 400, "height": 400 },
			"idle_UL_96_": { "width": 400, "height": 400 },
			"idle_UL_99_": { "width": 400, "height": 400 },
			"idle_UL_102_": { "width": 400, "height": 400 },
			"idle_UL_105_": { "width": 400, "height": 400 },
			"idle_UL_108_": { "width": 400, "height": 400 },
			"idle_UL_111_": { "width": 400, "height": 400 },
			"idle_UL_114_": { "width": 400, "height": 400 },
			"idle_UL_117_": { "width": 400, "height": 400 },
			"idle_UL_120_": { "width": 400, "height": 400 },
			"idle_UL_123_": { "width": 400, "height": 400 },
			"idle_UL_126_": { "width": 400, "height": 400 },
			"idle_UL_129_": { "width": 400, "height": 400 },
			"idle_UL_132_": { "width": 400, "height": 400 },
			"idle_UL_135_": { "width": 400, "height": 400 },
			"idle_UL_138_": { "width": 400, "height": 400 },
			"idle_UL_141_": { "width": 400, "height": 400 },
			"idle_UL_144_": { "width": 400, "height": 400 },
			"idle_UL_147_": { "width": 400, "height": 400 },
			"idle_UL_150_": { "width": 400, "height": 400 },
			"idle_UL_153_": { "width": 400, "height": 400 },
			"idle_UL_156_": { "width": 400, "height": 400 },
			"idle_UL_159_": { "width": 400, "height": 400 },
			"idle_UL_162_": { "width": 400, "height": 400 },
			"idle_UL_165_": { "width": 400, "height": 400 },
			"idle_UL_168_": { "width": 400, "height": 400 },
			"idle_UL_171_": { "width": 400, "height": 400 },
			"idle_UL_174_": { "width": 400, "height": 400 },
			"idle_UL_177_": { "width": 400, "height": 400 },
			"idle_UL_180_": { "width": 400, "height": 400 },
			"idle_UL_183_": { "width": 400, "height": 400 },
			"idle_UL_186_": { "width": 400, "height": 400 },
			"idle_UL_189_": { "width": 400, "height": 400 }
		},
		"idle_UR": {
			"idle_UR_93_": { "width": 400, "height": 400 },
			"idle_UR_96_": { "width": 400, "height": 400 },
			"idle_UR_99_": { "width": 400, "height": 400 },
			"idle_UR_102_": { "width": 400, "height": 400 },
			"idle_UR_105_": { "width": 400, "height": 400 },
			"idle_UR_108_": { "width": 400, "height": 400 },
			"idle_UR_111_": { "width": 400, "height": 400 },
			"idle_UR_114_": { "width": 400, "height": 400 },
			"idle_UR_117_": { "width": 400, "height": 400 },
			"idle_UR_120_": { "width": 400, "height": 400 },
			"idle_UR_123_": { "width": 400, "height": 400 },
			"idle_UR_126_": { "width": 400, "height": 400 },
			"idle_UR_129_": { "width": 400, "height": 400 },
			"idle_UR_132_": { "width": 400, "height": 400 },
			"idle_UR_135_": { "width": 400, "height": 400 },
			"idle_UR_138_": { "width": 400, "height": 400 },
			"idle_UR_141_": { "width": 400, "height": 400 },
			"idle_UR_144_": { "width": 400, "height": 400 },
			"idle_UR_147_": { "width": 400, "height": 400 },
			"idle_UR_150_": { "width": 400, "height": 400 },
			"idle_UR_153_": { "width": 400, "height": 400 },
			"idle_UR_156_": { "width": 400, "height": 400 },
			"idle_UR_159_": { "width": 400, "height": 400 },
			"idle_UR_162_": { "width": 400, "height": 400 },
			"idle_UR_165_": { "width": 400, "height": 400 },
			"idle_UR_168_": { "width": 400, "height": 400 },
			"idle_UR_171_": { "width": 400, "height": 400 },
			"idle_UR_174_": { "width": 400, "height": 400 },
			"idle_UR_177_": { "width": 400, "height": 400 },
			"idle_UR_180_": { "width": 400, "height": 400 },
			"idle_UR_183_": { "width": 400, "height": 400 },
			"idle_UR_186_": { "width": 400, "height": 400 },
			"idle_UR_189_": { "width": 400, "height": 400 }
		}
	}
},
"animations": {
	"animation": {
		"slots": {
			"idle_DL_": {
				"attachment": [
					{ "time": 3.1, "name": "idle_DL_93_" },
					{ "time": 3.2, "name": "idle_DL_96_" },
					{ "time": 3.3, "name": "idle_DL_99_" },
					{ "time": 3.4, "name": "idle_DL_102_" },
					{ "time": 3.5, "name": "idle_DL_105_" },
					{ "time": 3.6, "name": "idle_DL_108_" },
					{ "time": 3.7, "name": "idle_DL_111_" },
					{ "time": 3.8, "name": "idle_DL_114_" },
					{ "time": 3.9, "name": "idle_DL_117_" },
					{ "time": 4, "name": "idle_DL_120_" },
					{ "time": 4.1, "name": "idle_DL_123_" },
					{ "time": 4.2, "name": "idle_DL_126_" },
					{ "time": 4.3, "name": "idle_DL_129_" },
					{ "time": 4.4, "name": "idle_DL_132_" },
					{ "time": 4.5, "name": "idle_DL_135_" },
					{ "time": 4.6, "name": "idle_DL_138_" },
					{ "time": 4.7, "name": "idle_DL_141_" },
					{ "time": 4.8, "name": "idle_DL_144_" },
					{ "time": 4.9, "name": "idle_DL_147_" },
					{ "time": 5, "name": "idle_DL_150_" },
					{ "time": 5.1, "name": "idle_DL_153_" },
					{ "time": 5.2, "name": "idle_DL_156_" },
					{ "time": 5.3, "name": "idle_DL_159_" },
					{ "time": 5.4, "name": "idle_DL_162_" },
					{ "time": 5.5, "name": "idle_DL_165_" },
					{ "time": 5.6, "name": "idle_DL_168_" },
					{ "time": 5.7, "name": "idle_DL_171_" },
					{ "time": 5.8, "name": "idle_DL_174_" },
					{ "time": 5.9, "name": "idle_DL_177_" },
					{ "time": 6, "name": "idle_DL_180_" },
					{ "time": 6.1, "name": "idle_DL_183_" },
					{ "time": 6.2, "name": "idle_DL_186_" },
					{ "time": 6.3, "name": "idle_DL_189_" },
					{ "time": 6.4, "name": null }
				]
			},
			"idle_DR": {
				"attachment": [
					{ "time": 3.1, "name": "idle_DR_93_" },
					{ "time": 3.2, "name": "idle_DR_96_" },
					{ "time": 3.3, "name": "idle_DR_99_" },
					{ "time": 3.4, "name": "idle_DR_102_" },
					{ "time": 3.5, "name": "idle_DR_105_" },
					{ "time": 3.6, "name": "idle_DR_108_" },
					{ "time": 3.7, "name": "idle_DR_111_" },
					{ "time": 3.8, "name": "idle_DR_114_" },
					{ "time": 3.9, "name": "idle_DR_117_" },
					{ "time": 4, "name": "idle_DR_120_" },
					{ "time": 4.1, "name": "idle_DR_123_" },
					{ "time": 4.2, "name": "idle_DR_126_" },
					{ "time": 4.3, "name": "idle_DR_129_" },
					{ "time": 4.4, "name": "idle_DR_132_" },
					{ "time": 4.5, "name": "idle_DR_135_" },
					{ "time": 4.6, "name": "idle_DR_138_" },
					{ "time": 4.7, "name": "idle_DR_141_" },
					{ "time": 4.8, "name": "idle_DR_144_" },
					{ "time": 4.9, "name": "idle_DR_147_" },
					{ "time": 5, "name": "idle_DR_150_" },
					{ "time": 5.1, "name": "idle_DR_153_" },
					{ "time": 5.2, "name": "idle_DR_156_" },
					{ "time": 5.3, "name": "idle_DR_159_" },
					{ "time": 5.4, "name": "idle_DR_162_" },
					{ "time": 5.5, "name": "idle_DR_165_" },
					{ "time": 5.6, "name": "idle_DR_168_" },
					{ "time": 5.7, "name": "idle_DR_171_" },
					{ "time": 5.8, "name": "idle_DR_174_" },
					{ "time": 5.9, "name": "idle_DR_177_" },
					{ "time": 6, "name": "idle_DR_180_" },
					{ "time": 6.1, "name": "idle_DR_183_" },
					{ "time": 6.2, "name": "idle_DR_186_" },
					{ "time": 6.3, "name": "idle_DR_189_" },
					{ "time": 6.4, "name": null }
				]
			},
			"idle_UL": {
				"attachment": [
					{ "time": 3.1, "name": "idle_UL_93_" },
					{ "time": 3.2, "name": "idle_UL_96_" },
					{ "time": 3.3, "name": "idle_UL_99_" },
					{ "time": 3.4, "name": "idle_UL_102_" },
					{ "time": 3.5, "name": "idle_UL_105_" },
					{ "time": 3.6, "name": "idle_UL_108_" },
					{ "time": 3.7, "name": "idle_UL_111_" },
					{ "time": 3.8, "name": "idle_UL_114_" },
					{ "time": 3.9, "name": "idle_UL_117_" },
					{ "time": 4, "name": "idle_UL_120_" },
					{ "time": 4.1, "name": "idle_UL_123_" },
					{ "time": 4.2, "name": "idle_UL_126_" },
					{ "time": 4.3, "name": "idle_UL_129_" },
					{ "time": 4.4, "name": "idle_UL_132_" },
					{ "time": 4.5, "name": "idle_UL_135_" },
					{ "time": 4.6, "name": "idle_UL_138_" },
					{ "time": 4.7, "name": "idle_UL_141_" },
					{ "time": 4.8, "name": "idle_UL_144_" },
					{ "time": 4.9, "name": "idle_UL_147_" },
					{ "time": 5, "name": "idle_UL_150_" },
					{ "time": 5.1, "name": "idle_UL_153_" },
					{ "time": 5.2, "name": "idle_UL_156_" },
					{ "time": 5.3, "name": "idle_UL_159_" },
					{ "time": 5.4, "name": "idle_UL_162_" },
					{ "time": 5.5, "name": "idle_UL_165_" },
					{ "time": 5.6, "name": "idle_UL_168_" },
					{ "time": 5.7, "name": "idle_UL_171_" },
					{ "time": 5.8, "name": "idle_UL_174_" },
					{ "time": 5.9, "name": "idle_UL_177_" },
					{ "time": 6, "name": "idle_UL_180_" },
					{ "time": 6.1, "name": "idle_UL_183_" },
					{ "time": 6.2, "name": "idle_UL_186_" },
					{ "time": 6.3, "name": "idle_UL_189_" },
					{ "time": 6.4, "name": null }
				]
			},
			"idle_UR": {
				"attachment": [
					{ "time": 3.1, "name": "idle_UR_93_" },
					{ "time": 3.2, "name": "idle_UR_96_" },
					{ "time": 3.3, "name": "idle_UR_99_" },
					{ "time": 3.4, "name": "idle_UR_102_" },
					{ "time": 3.5, "name": "idle_UR_105_" },
					{ "time": 3.6, "name": "idle_UR_108_" },
					{ "time": 3.7, "name": "idle_UR_111_" },
					{ "time": 3.8, "name": "idle_UR_114_" },
					{ "time": 3.9, "name": "idle_UR_117_" },
					{ "time": 4, "name": "idle_UR_120_" },
					{ "time": 4.1, "name": "idle_UR_123_" },
					{ "time": 4.2, "name": "idle_UR_126_" },
					{ "time": 4.3, "name": "idle_UR_129_" },
					{ "time": 4.4, "name": "idle_UR_132_" },
					{ "time": 4.5, "name": "idle_UR_135_" },
					{ "time": 4.6, "name": "idle_UR_138_" },
					{ "time": 4.7, "name": "idle_UR_141_" },
					{ "time": 4.8, "name": "idle_UR_144_" },
					{ "time": 4.9, "name": "idle_UR_147_" },
					{ "time": 5, "name": "idle_UR_150_" },
					{ "time": 5.1, "name": "idle_UR_153_" },
					{ "time": 5.2, "name": "idle_UR_156_" },
					{ "time": 5.3, "name": "idle_UR_159_" },
					{ "time": 5.4, "name": "idle_UR_162_" },
					{ "time": 5.5, "name": "idle_UR_165_" },
					{ "time": 5.6, "name": "idle_UR_168_" },
					{ "time": 5.7, "name": "idle_UR_171_" },
					{ "time": 5.8, "name": "idle_UR_174_" },
					{ "time": 5.9, "name": "idle_UR_177_" },
					{ "time": 6, "name": "idle_UR_180_" },
					{ "time": 6.1, "name": "idle_UR_183_" },
					{ "time": 6.2, "name": "idle_UR_186_" },
					{ "time": 6.3, "name": "idle_UR_189_" },
					{ "time": 6.4, "name": null }
				]
			}
		},
		"bones": {
			"idle_UR": {
				"translate": [
					{ "time": 0, "x": 200, "y": 200 }
				]
			},
			"idle_UL": {
				"translate": [
					{ "time": 0, "x": -200, "y": 200 }
				]
			},
			"idle_DR": {
				"translate": [
					{ "time": 0, "x": 200, "y": -200 }
				]
			},
			"idle_DL_": {
				"translate": [
					{ "time": 0, "x": -200, "y": -200 }
				]
			}
		}
	}
}
}