{
"skeleton": { "hash": "Q7eV5y8QfHxZpPv/XWkhDlulpY4", "spine": "3.7.94", "width": 0, "height": 0, "images": "./images/", "audio": "F:/COK项目/Spine工程/累充皮肤—独眼怪Spine/待机休闲Spine" },
"bones": [
	{ "name": "root" },
	{ "name": "ctr", "parent": "root", "scaleX": 1.25, "scaleY": 1.25 },
	{ "name": "idle_DL_", "parent": "ctr" },
	{ "name": "idle_UR", "parent": "ctr" },
	{ "name": "idle_UL", "parent": "ctr" },
	{ "name": "idle_DR", "parent": "ctr" }
],
"slots": [
	{ "name": "idle_UR", "bone": "idle_UR" },
	{ "name": "idle_UL", "bone": "idle_UL" },
	{ "name": "idle_DR", "bone": "idle_DR" },
	{ "name": "idle_DL_", "bone": "idle_DL_" }
],
"skins": {
	"default": {
		"idle_DL_": {
			"idle_DL_00_": { "width": 400, "height": 400 },
			"idle_DL_03_": { "width": 400, "height": 400 },
			"idle_DL_06_": { "width": 400, "height": 400 },
			"idle_DL_09_": { "width": 400, "height": 400 },
			"idle_DL_12_": { "width": 400, "height": 400 },
			"idle_DL_15_": { "width": 400, "height": 400 },
			"idle_DL_18_": { "width": 400, "height": 400 },
			"idle_DL_21_": { "width": 400, "height": 400 },
			"idle_DL_24_": { "width": 400, "height": 400 },
			"idle_DL_27_": { "width": 400, "height": 400 },
			"idle_DL_30_": { "width": 400, "height": 400 },
			"idle_DL_33_": { "width": 400, "height": 400 },
			"idle_DL_36_": { "width": 400, "height": 400 },
			"idle_DL_39_": { "width": 400, "height": 400 },
			"idle_DL_42_": { "width": 400, "height": 400 },
			"idle_DL_45_": { "width": 400, "height": 400 },
			"idle_DL_48_": { "width": 400, "height": 400 },
			"idle_DL_51_": { "width": 400, "height": 400 },
			"idle_DL_54_": { "width": 400, "height": 400 },
			"idle_DL_57_": { "width": 400, "height": 400 },
			"idle_DL_60_": { "width": 400, "height": 400 },
			"idle_DL_63_": { "width": 400, "height": 400 },
			"idle_DL_66_": { "width": 400, "height": 400 },
			"idle_DL_69_": { "width": 400, "height": 400 },
			"idle_DL_72_": { "width": 400, "height": 400 },
			"idle_DL_75_": { "width": 400, "height": 400 },
			"idle_DL_78_": { "width": 400, "height": 400 },
			"idle_DL_81_": { "width": 400, "height": 400 },
			"idle_DL_84_": { "width": 400, "height": 400 },
			"idle_DL_87_": { "width": 400, "height": 400 },
			"idle_DL_90_": { "width": 400, "height": 400 }
		},
		"idle_DR": {
			"idle_DR_00_": { "width": 400, "height": 400 },
			"idle_DR_03_": { "width": 400, "height": 400 },
			"idle_DR_06_": { "width": 400, "height": 400 },
			"idle_DR_09_": { "width": 400, "height": 400 },
			"idle_DR_12_": { "width": 400, "height": 400 },
			"idle_DR_15_": { "width": 400, "height": 400 },
			"idle_DR_18_": { "width": 400, "height": 400 },
			"idle_DR_21_": { "width": 400, "height": 400 },
			"idle_DR_24_": { "width": 400, "height": 400 },
			"idle_DR_27_": { "width": 400, "height": 400 },
			"idle_DR_30_": { "width": 400, "height": 400 },
			"idle_DR_33_": { "width": 400, "height": 400 },
			"idle_DR_36_": { "width": 400, "height": 400 },
			"idle_DR_39_": { "width": 400, "height": 400 },
			"idle_DR_42_": { "width": 400, "height": 400 },
			"idle_DR_45_": { "width": 400, "height": 400 },
			"idle_DR_48_": { "width": 400, "height": 400 },
			"idle_DR_51_": { "width": 400, "height": 400 },
			"idle_DR_54_": { "width": 400, "height": 400 },
			"idle_DR_57_": { "width": 400, "height": 400 },
			"idle_DR_60_": { "width": 400, "height": 400 },
			"idle_DR_63_": { "width": 400, "height": 400 },
			"idle_DR_66_": { "width": 400, "height": 400 },
			"idle_DR_69_": { "width": 400, "height": 400 },
			"idle_DR_72_": { "width": 400, "height": 400 },
			"idle_DR_75_": { "width": 400, "height": 400 },
			"idle_DR_78_": { "width": 400, "height": 400 },
			"idle_DR_81_": { "width": 400, "height": 400 },
			"idle_DR_84_": { "width": 400, "height": 400 },
			"idle_DR_87_": { "width": 400, "height": 400 },
			"idle_DR_90_": { "width": 400, "height": 400 }
		},
		"idle_UL": {
			"idle_UL_00_": { "width": 400, "height": 400 },
			"idle_UL_03_": { "width": 400, "height": 400 },
			"idle_UL_06_": { "width": 400, "height": 400 },
			"idle_UL_09_": { "width": 400, "height": 400 },
			"idle_UL_12_": { "width": 400, "height": 400 },
			"idle_UL_15_": { "width": 400, "height": 400 },
			"idle_UL_18_": { "width": 400, "height": 400 },
			"idle_UL_21_": { "width": 400, "height": 400 },
			"idle_UL_24_": { "width": 400, "height": 400 },
			"idle_UL_27_": { "width": 400, "height": 400 },
			"idle_UL_30_": { "width": 400, "height": 400 },
			"idle_UL_33_": { "width": 400, "height": 400 },
			"idle_UL_36_": { "width": 400, "height": 400 },
			"idle_UL_39_": { "width": 400, "height": 400 },
			"idle_UL_42_": { "width": 400, "height": 400 },
			"idle_UL_45_": { "width": 400, "height": 400 },
			"idle_UL_48_": { "width": 400, "height": 400 },
			"idle_UL_51_": { "width": 400, "height": 400 },
			"idle_UL_54_": { "width": 400, "height": 400 },
			"idle_UL_57_": { "width": 400, "height": 400 },
			"idle_UL_60_": { "width": 400, "height": 400 },
			"idle_UL_63_": { "width": 400, "height": 400 },
			"idle_UL_66_": { "width": 400, "height": 400 },
			"idle_UL_69_": { "width": 400, "height": 400 },
			"idle_UL_72_": { "width": 400, "height": 400 },
			"idle_UL_75_": { "width": 400, "height": 400 },
			"idle_UL_78_": { "width": 400, "height": 400 },
			"idle_UL_81_": { "width": 400, "height": 400 },
			"idle_UL_84_": { "width": 400, "height": 400 },
			"idle_UL_87_": { "width": 400, "height": 400 },
			"idle_UL_90_": { "width": 400, "height": 400 }
		},
		"idle_UR": {
			"idle_UR_00_": { "width": 400, "height": 400 },
			"idle_UR_03_": { "width": 400, "height": 400 },
			"idle_UR_06_": { "width": 400, "height": 400 },
			"idle_UR_09_": { "width": 400, "height": 400 },
			"idle_UR_12_": { "width": 400, "height": 400 },
			"idle_UR_15_": { "width": 400, "height": 400 },
			"idle_UR_18_": { "width": 400, "height": 400 },
			"idle_UR_21_": { "width": 400, "height": 400 },
			"idle_UR_24_": { "width": 400, "height": 400 },
			"idle_UR_27_": { "width": 400, "height": 400 },
			"idle_UR_30_": { "width": 400, "height": 400 },
			"idle_UR_33_": { "width": 400, "height": 400 },
			"idle_UR_36_": { "width": 400, "height": 400 },
			"idle_UR_39_": { "width": 400, "height": 400 },
			"idle_UR_42_": { "width": 400, "height": 400 },
			"idle_UR_45_": { "width": 400, "height": 400 },
			"idle_UR_48_": { "width": 400, "height": 400 },
			"idle_UR_51_": { "width": 400, "height": 400 },
			"idle_UR_54_": { "width": 400, "height": 400 },
			"idle_UR_57_": { "width": 400, "height": 400 },
			"idle_UR_60_": { "width": 400, "height": 400 },
			"idle_UR_63_": { "width": 400, "height": 400 },
			"idle_UR_66_": { "width": 400, "height": 400 },
			"idle_UR_69_": { "width": 400, "height": 400 },
			"idle_UR_72_": { "width": 400, "height": 400 },
			"idle_UR_75_": { "width": 400, "height": 400 },
			"idle_UR_78_": { "width": 400, "height": 400 },
			"idle_UR_81_": { "width": 400, "height": 400 },
			"idle_UR_84_": { "width": 400, "height": 400 },
			"idle_UR_87_": { "width": 400, "height": 400 },
			"idle_UR_90_": { "width": 400, "height": 400 }
		}
	}
},
"animations": {
	"animation": {
		"slots": {
			"idle_DL_": {
				"attachment": [
					{ "time": 0, "name": "idle_DL_00_" },
					{ "time": 0.1, "name": "idle_DL_03_" },
					{ "time": 0.2, "name": "idle_DL_06_" },
					{ "time": 0.3, "name": "idle_DL_09_" },
					{ "time": 0.4, "name": "idle_DL_12_" },
					{ "time": 0.5, "name": "idle_DL_15_" },
					{ "time": 0.6, "name": "idle_DL_18_" },
					{ "time": 0.7, "name": "idle_DL_21_" },
					{ "time": 0.8, "name": "idle_DL_24_" },
					{ "time": 0.9, "name": "idle_DL_27_" },
					{ "time": 1, "name": "idle_DL_30_" },
					{ "time": 1.1, "name": "idle_DL_33_" },
					{ "time": 1.2, "name": "idle_DL_36_" },
					{ "time": 1.3, "name": "idle_DL_39_" },
					{ "time": 1.4, "name": "idle_DL_42_" },
					{ "time": 1.5, "name": "idle_DL_45_" },
					{ "time": 1.6, "name": "idle_DL_48_" },
					{ "time": 1.7, "name": "idle_DL_51_" },
					{ "time": 1.8, "name": "idle_DL_54_" },
					{ "time": 1.9, "name": "idle_DL_57_" },
					{ "time": 2, "name": "idle_DL_60_" },
					{ "time": 2.1, "name": "idle_DL_63_" },
					{ "time": 2.2, "name": "idle_DL_66_" },
					{ "time": 2.3, "name": "idle_DL_69_" },
					{ "time": 2.4, "name": "idle_DL_72_" },
					{ "time": 2.5, "name": "idle_DL_75_" },
					{ "time": 2.6, "name": "idle_DL_78_" },
					{ "time": 2.7, "name": "idle_DL_81_" },
					{ "time": 2.8, "name": "idle_DL_84_" },
					{ "time": 2.9, "name": "idle_DL_87_" },
					{ "time": 3, "name": "idle_DL_90_" },
					{ "time": 3.1, "name": null },
					{ "time": 6.4, "name": null }
				]
			},
			"idle_DR": {
				"attachment": [
					{ "time": 0, "name": "idle_DR_00_" },
					{ "time": 0.1, "name": "idle_DR_03_" },
					{ "time": 0.2, "name": "idle_DR_06_" },
					{ "time": 0.3, "name": "idle_DR_09_" },
					{ "time": 0.4, "name": "idle_DR_12_" },
					{ "time": 0.5, "name": "idle_DR_15_" },
					{ "time": 0.6, "name": "idle_DR_18_" },
					{ "time": 0.7, "name": "idle_DR_21_" },
					{ "time": 0.8, "name": "idle_DR_24_" },
					{ "time": 0.9, "name": "idle_DR_27_" },
					{ "time": 1, "name": "idle_DR_30_" },
					{ "time": 1.1, "name": "idle_DR_33_" },
					{ "time": 1.2, "name": "idle_DR_36_" },
					{ "time": 1.3, "name": "idle_DR_39_" },
					{ "time": 1.4, "name": "idle_DR_42_" },
					{ "time": 1.5, "name": "idle_DR_45_" },
					{ "time": 1.6, "name": "idle_DR_48_" },
					{ "time": 1.7, "name": "idle_DR_51_" },
					{ "time": 1.8, "name": "idle_DR_54_" },
					{ "time": 1.9, "name": "idle_DR_57_" },
					{ "time": 2, "name": "idle_DR_60_" },
					{ "time": 2.1, "name": "idle_DR_63_" },
					{ "time": 2.2, "name": "idle_DR_66_" },
					{ "time": 2.3, "name": "idle_DR_69_" },
					{ "time": 2.4, "name": "idle_DR_72_" },
					{ "time": 2.5, "name": "idle_DR_75_" },
					{ "time": 2.6, "name": "idle_DR_78_" },
					{ "time": 2.7, "name": "idle_DR_81_" },
					{ "time": 2.8, "name": "idle_DR_84_" },
					{ "time": 2.9, "name": "idle_DR_87_" },
					{ "time": 3, "name": "idle_DR_90_" },
					{ "time": 3.1, "name": null },
					{ "time": 6.4, "name": null }
				]
			},
			"idle_UL": {
				"attachment": [
					{ "time": 0, "name": "idle_UL_00_" },
					{ "time": 0.1, "name": "idle_UL_03_" },
					{ "time": 0.2, "name": "idle_UL_06_" },
					{ "time": 0.3, "name": "idle_UL_09_" },
					{ "time": 0.4, "name": "idle_UL_12_" },
					{ "time": 0.5, "name": "idle_UL_15_" },
					{ "time": 0.6, "name": "idle_UL_18_" },
					{ "time": 0.7, "name": "idle_UL_21_" },
					{ "time": 0.8, "name": "idle_UL_24_" },
					{ "time": 0.9, "name": "idle_UL_27_" },
					{ "time": 1, "name": "idle_UL_30_" },
					{ "time": 1.1, "name": "idle_UL_33_" },
					{ "time": 1.2, "name": "idle_UL_36_" },
					{ "time": 1.3, "name": "idle_UL_39_" },
					{ "time": 1.4, "name": "idle_UL_42_" },
					{ "time": 1.5, "name": "idle_UL_45_" },
					{ "time": 1.6, "name": "idle_UL_48_" },
					{ "time": 1.7, "name": "idle_UL_51_" },
					{ "time": 1.8, "name": "idle_UL_54_" },
					{ "time": 1.9, "name": "idle_UL_57_" },
					{ "time": 2, "name": "idle_UL_60_" },
					{ "time": 2.1, "name": "idle_UL_63_" },
					{ "time": 2.2, "name": "idle_UL_66_" },
					{ "time": 2.3, "name": "idle_UL_69_" },
					{ "time": 2.4, "name": "idle_UL_72_" },
					{ "time": 2.5, "name": "idle_UL_75_" },
					{ "time": 2.6, "name": "idle_UL_78_" },
					{ "time": 2.7, "name": "idle_UL_81_" },
					{ "time": 2.8, "name": "idle_UL_84_" },
					{ "time": 2.9, "name": "idle_UL_87_" },
					{ "time": 3, "name": "idle_UL_90_" },
					{ "time": 3.1, "name": null },
					{ "time": 6.4, "name": null }
				]
			},
			"idle_UR": {
				"attachment": [
					{ "time": 0, "name": "idle_UR_00_" },
					{ "time": 0.1, "name": "idle_UR_03_" },
					{ "time": 0.2, "name": "idle_UR_06_" },
					{ "time": 0.3, "name": "idle_UR_09_" },
					{ "time": 0.4, "name": "idle_UR_12_" },
					{ "time": 0.5, "name": "idle_UR_15_" },
					{ "time": 0.6, "name": "idle_UR_18_" },
					{ "time": 0.7, "name": "idle_UR_21_" },
					{ "time": 0.8, "name": "idle_UR_24_" },
					{ "time": 0.9, "name": "idle_UR_27_" },
					{ "time": 1, "name": "idle_UR_30_" },
					{ "time": 1.1, "name": "idle_UR_33_" },
					{ "time": 1.2, "name": "idle_UR_36_" },
					{ "time": 1.3, "name": "idle_UR_39_" },
					{ "time": 1.4, "name": "idle_UR_42_" },
					{ "time": 1.5, "name": "idle_UR_45_" },
					{ "time": 1.6, "name": "idle_UR_48_" },
					{ "time": 1.7, "name": "idle_UR_51_" },
					{ "time": 1.8, "name": "idle_UR_54_" },
					{ "time": 1.9, "name": "idle_UR_57_" },
					{ "time": 2, "name": "idle_UR_60_" },
					{ "time": 2.1, "name": "idle_UR_63_" },
					{ "time": 2.2, "name": "idle_UR_66_" },
					{ "time": 2.3, "name": "idle_UR_69_" },
					{ "time": 2.4, "name": "idle_UR_72_" },
					{ "time": 2.5, "name": "idle_UR_75_" },
					{ "time": 2.6, "name": "idle_UR_78_" },
					{ "time": 2.7, "name": "idle_UR_81_" },
					{ "time": 2.8, "name": "idle_UR_84_" },
					{ "time": 2.9, "name": "idle_UR_87_" },
					{ "time": 3, "name": "idle_UR_90_" },
					{ "time": 3.1, "name": null },
					{ "time": 6.4, "name": null }
				]
			}
		},
		"bones": {
			"idle_UR": {
				"translate": [
					{ "time": 0, "x": 200, "y": 200 }
				]
			},
			"idle_UL": {
				"translate": [
					{ "time": 0, "x": -200, "y": 200 }
				]
			},
			"idle_DR": {
				"translate": [
					{ "time": 0, "x": 200, "y": -200 }
				]
			},
			"idle_DL_": {
				"translate": [
					{ "time": 0, "x": -200, "y": -200 }
				]
			}
		}
	}
}
}