{
"skeleton": { "hash": "k1uxzwpgYpbNcsFGfiPHhr+X9qU", "spine": "2.1.27", "width": 0, "height": 0 },
"bones": [
	{ "name": "root", "scaleX": 1.3, "scaleY": 1.3 }
],
"slots": [
	{ "name": "Shitouren_gj_032_03_", "bone": "root" },
	{ "name": "Shitouren_gj_032_02_", "bone": "root" },
	{ "name": "Shitouren_gj_032_01_", "bone": "root" },
	{ "name": "Shitouren_gj_030_02_", "bone": "root" },
	{ "name": "Shitouren_gj_030_01_", "bone": "root" },
	{ "name": "Shitouren_gj_028_02_", "bone": "root" },
	{ "name": "Shitouren_gj_028_01_", "bone": "root" },
	{ "name": "Shitouren_gj_026_02_", "bone": "root" },
	{ "name": "Shitouren_gj_026_01_", "bone": "root" },
	{ "name": "Shitouren_gj_024_02_", "bone": "root" },
	{ "name": "Shitouren_gj_024_01_", "bone": "root" },
	{ "name": "Shitouren_gj_022_02_", "bone": "root" },
	{ "name": "Shitouren_gj_022_01_", "bone": "root" },
	{ "name": "Shitouren_gj_020_02_", "bone": "root" },
	{ "name": "Shitouren_gj_020_01_", "bone": "root" },
	{ "name": "Shitouren_gj_018_02_", "bone": "root" },
	{ "name": "Shitouren_gj_018_01_", "bone": "root" },
	{ "name": "Shitouren_gj_016_01_", "bone": "root" },
	{ "name": "Shitouren_gj_014_01_", "bone": "root" },
	{ "name": "Shitouren_gj_012_01_", "bone": "root" },
	{ "name": "Shitouren_gj_010_01_", "bone": "root" },
	{ "name": "Shitouren_gj_008_01_", "bone": "root" },
	{ "name": "Shitouren_gj_006_01_", "bone": "root" },
	{ "name": "Shitouren_gj_004_02_", "bone": "root" },
	{ "name": "Shitouren_gj_004_01_", "bone": "root" },
	{ "name": "Shitouren_gj_002_02_", "bone": "root" },
	{ "name": "Shitouren_gj_002_01_", "bone": "root" },
	{ "name": "Shitouren_gj_000_03_", "bone": "root" },
	{ "name": "Shitouren_gj_000_02_", "bone": "root" },
	{ "name": "Shitouren_gj_000_01_", "bone": "root" }
],
"skins": {
	"default": {
		"Shitouren_gj_000_01_": {
			"Shitouren_gj_000_01_": { "x": 3.57, "y": 154.5, "width": 263, "height": 185 }
		},
		"Shitouren_gj_000_02_": {
			"Shitouren_gj_000_02_": { "x": 44.07, "y": 262.5, "width": 32, "height": 33 }
		},
		"Shitouren_gj_000_03_": {
			"Shitouren_gj_000_03_": { "x": -9.42, "y": 42.5, "width": 117, "height": 43 }
		},
		"Shitouren_gj_002_01_": {
			"Shitouren_gj_002_01_": { "x": 10.57, "y": 164, "width": 287, "height": 222 }
		},
		"Shitouren_gj_002_02_": {
			"Shitouren_gj_002_02_": { "x": 1.57, "y": 33, "width": 129, "height": 42 }
		},
		"Shitouren_gj_004_01_": {
			"Shitouren_gj_004_01_": { "x": 24.07, "y": 40.5, "width": 34, "height": 21 }
		},
		"Shitouren_gj_004_02_": {
			"Shitouren_gj_004_02_": { "x": 1.07, "y": 173, "width": 286, "height": 256 }
		},
		"Shitouren_gj_006_01_": {
			"Shitouren_gj_006_01_": { "x": -2.42, "y": 183, "width": 305, "height": 288 }
		},
		"Shitouren_gj_008_01_": {
			"Shitouren_gj_008_01_": { "x": -7.42, "y": 211, "width": 321, "height": 286 }
		},
		"Shitouren_gj_010_01_": {
			"Shitouren_gj_010_01_": { "x": -15.92, "y": 238.5, "width": 334, "height": 283 }
		},
		"Shitouren_gj_012_01_": {
			"Shitouren_gj_012_01_": { "x": -21.92, "y": 240.5, "width": 348, "height": 273 }
		},
		"Shitouren_gj_014_01_": {
			"Shitouren_gj_014_01_": { "x": -12.42, "y": 244.5, "width": 335, "height": 279 }
		},
		"Shitouren_gj_016_01_": {
			"Shitouren_gj_016_01_": { "x": 69.07, "y": 99.5, "width": 230, "height": 147 }
		},
		"Shitouren_gj_018_01_": {
			"Shitouren_gj_018_01_": { "x": 85.57, "y": 6.5, "width": 217, "height": 185 }
		},
		"Shitouren_gj_018_02_": {
			"Shitouren_gj_018_02_": { "x": 287.57, "y": -33.99, "width": 189, "height": 184 }
		},
		"Shitouren_gj_020_01_": {
			"Shitouren_gj_020_01_": { "x": 85.57, "y": 14, "width": 213, "height": 186 }
		},
		"Shitouren_gj_020_02_": {
			"Shitouren_gj_020_02_": { "x": 282.57, "y": -25.99, "width": 183, "height": 174 }
		},
		"Shitouren_gj_022_01_": {
			"Shitouren_gj_022_01_": { "x": 105.07, "y": 14.5, "width": 214, "height": 205 }
		},
		"Shitouren_gj_022_02_": {
			"Shitouren_gj_022_02_": { "x": 296.57, "y": -24.99, "width": 171, "height": 178 }
		},
		"Shitouren_gj_024_01_": {
			"Shitouren_gj_024_01_": { "x": 100.07, "y": 9.5, "width": 238, "height": 197 }
		},
		"Shitouren_gj_024_02_": {
			"Shitouren_gj_024_02_": { "x": 298.07, "y": -27.99, "width": 160, "height": 172 }
		},
		"Shitouren_gj_026_01_": {
			"Shitouren_gj_026_01_": { "x": 101.07, "y": 9.5, "width": 236, "height": 197 }
		},
		"Shitouren_gj_026_02_": {
			"Shitouren_gj_026_02_": { "x": 292.57, "y": -30.99, "width": 149, "height": 166 }
		},
		"Shitouren_gj_028_01_": {
			"Shitouren_gj_028_01_": { "x": 90.07, "y": 60.5, "width": 180, "height": 263 }
		},
		"Shitouren_gj_028_02_": {
			"Shitouren_gj_028_02_": { "x": 273.07, "y": -42.49, "width": 188, "height": 143 }
		},
		"Shitouren_gj_030_01_": {
			"Shitouren_gj_030_01_": { "x": 65.07, "y": 98.5, "width": 164, "height": 189 }
		},
		"Shitouren_gj_030_02_": {
			"Shitouren_gj_030_02_": { "x": 219.57, "y": -52.49, "width": 293, "height": 117 }
		},
		"Shitouren_gj_032_01_": {
			"Shitouren_gj_032_01_": { "x": 16.07, "y": 138, "width": 148, "height": 208 }
		},
		"Shitouren_gj_032_02_": {
			"Shitouren_gj_032_02_": { "x": 45.57, "y": 24.5, "width": 61, "height": 21 }
		},
		"Shitouren_gj_032_03_": {
			"Shitouren_gj_032_03_": { "x": 75.07, "y": -5.49, "width": 8, "height": 41 }
		}
	}
},
"animations": {
	"animation": {
		"slots": {
			"Shitouren_gj_000_01_": {
				"attachment": [
					{ "time": 0, "name": "Shitouren_gj_000_01_" },
					{ "time": 0.0666, "name": "Shitouren_gj_000_01_" },
					{ "time": 0.1333, "name": null }
				]
			},
			"Shitouren_gj_000_02_": {
				"attachment": [
					{ "time": 0, "name": "Shitouren_gj_000_02_" },
					{ "time": 0.0666, "name": "Shitouren_gj_000_02_" },
					{ "time": 0.1333, "name": null }
				]
			},
			"Shitouren_gj_000_03_": {
				"attachment": [
					{ "time": 0, "name": "Shitouren_gj_000_03_" },
					{ "time": 0.0666, "name": "Shitouren_gj_000_03_" },
					{ "time": 0.1333, "name": null }
				]
			},
			"Shitouren_gj_002_01_": {
				"attachment": [
					{ "time": 0, "name": null },
					{ "time": 0.0666, "name": null },
					{ "time": 0.1333, "name": "Shitouren_gj_002_01_" },
					{ "time": 0.2, "name": "Shitouren_gj_002_01_" },
					{ "time": 0.2666, "name": null }
				]
			},
			"Shitouren_gj_002_02_": {
				"attachment": [
					{ "time": 0, "name": null },
					{ "time": 0.0666, "name": null },
					{ "time": 0.1333, "name": "Shitouren_gj_002_02_" },
					{ "time": 0.2, "name": "Shitouren_gj_002_02_" },
					{ "time": 0.2666, "name": null }
				]
			},
			"Shitouren_gj_004_01_": {
				"attachment": [
					{ "time": 0, "name": null },
					{ "time": 0.2, "name": null },
					{ "time": 0.2666, "name": "Shitouren_gj_004_01_" },
					{ "time": 0.3333, "name": "Shitouren_gj_004_01_" },
					{ "time": 0.4, "name": null }
				]
			},
			"Shitouren_gj_004_02_": {
				"attachment": [
					{ "time": 0, "name": null },
					{ "time": 0.2, "name": null },
					{ "time": 0.2666, "name": "Shitouren_gj_004_02_" },
					{ "time": 0.3333, "name": "Shitouren_gj_004_02_" },
					{ "time": 0.4, "name": null }
				]
			},
			"Shitouren_gj_006_01_": {
				"attachment": [
					{ "time": 0, "name": null },
					{ "time": 0.3333, "name": null },
					{ "time": 0.4, "name": "Shitouren_gj_006_01_" },
					{ "time": 0.4666, "name": "Shitouren_gj_006_01_" },
					{ "time": 0.5333, "name": null }
				]
			},
			"Shitouren_gj_008_01_": {
				"attachment": [
					{ "time": 0, "name": null },
					{ "time": 0.4666, "name": null },
					{ "time": 0.5333, "name": "Shitouren_gj_008_01_" },
					{ "time": 0.6, "name": "Shitouren_gj_008_01_" },
					{ "time": 0.6666, "name": null }
				]
			},
			"Shitouren_gj_010_01_": {
				"attachment": [
					{ "time": 0, "name": null },
					{ "time": 0.6, "name": null },
					{ "time": 0.6666, "name": "Shitouren_gj_010_01_" },
					{ "time": 0.7333, "name": "Shitouren_gj_010_01_" },
					{ "time": 0.8, "name": null }
				]
			},
			"Shitouren_gj_012_01_": {
				"attachment": [
					{ "time": 0, "name": null },
					{ "time": 0.7333, "name": null },
					{ "time": 0.8, "name": "Shitouren_gj_012_01_" },
					{ "time": 0.8666, "name": "Shitouren_gj_012_01_" },
					{ "time": 0.9333, "name": null }
				]
			},
			"Shitouren_gj_014_01_": {
				"attachment": [
					{ "time": 0, "name": null },
					{ "time": 0.8666, "name": null },
					{ "time": 0.9333, "name": "Shitouren_gj_014_01_" },
					{ "time": 1, "name": "Shitouren_gj_014_01_" },
					{ "time": 1.0666, "name": null }
				]
			},
			"Shitouren_gj_016_01_": {
				"attachment": [
					{ "time": 0, "name": null },
					{ "time": 1, "name": null },
					{ "time": 1.0666, "name": "Shitouren_gj_016_01_" },
					{ "time": 1.1333, "name": "Shitouren_gj_016_01_" },
					{ "time": 1.2, "name": null }
				]
			},
			"Shitouren_gj_018_01_": {
				"attachment": [
					{ "time": 0, "name": null },
					{ "time": 1.1333, "name": null },
					{ "time": 1.2, "name": "Shitouren_gj_018_01_" },
					{ "time": 1.2666, "name": "Shitouren_gj_018_01_" },
					{ "time": 1.3333, "name": null }
				]
			},
			"Shitouren_gj_018_02_": {
				"attachment": [
					{ "time": 0, "name": null },
					{ "time": 1.1333, "name": null },
					{ "time": 1.2, "name": "Shitouren_gj_018_02_" },
					{ "time": 1.2666, "name": "Shitouren_gj_018_02_" },
					{ "time": 1.3333, "name": null }
				]
			},
			"Shitouren_gj_020_01_": {
				"attachment": [
					{ "time": 0, "name": null },
					{ "time": 1.2666, "name": null },
					{ "time": 1.3333, "name": "Shitouren_gj_020_01_" },
					{ "time": 1.4, "name": "Shitouren_gj_020_01_" },
					{ "time": 1.4666, "name": null }
				]
			},
			"Shitouren_gj_020_02_": {
				"attachment": [
					{ "time": 0, "name": null },
					{ "time": 1.2666, "name": null },
					{ "time": 1.3333, "name": "Shitouren_gj_020_02_" },
					{ "time": 1.4, "name": "Shitouren_gj_020_02_" },
					{ "time": 1.4666, "name": null }
				]
			},
			"Shitouren_gj_022_01_": {
				"attachment": [
					{ "time": 0, "name": null },
					{ "time": 1.4, "name": null },
					{ "time": 1.4666, "name": "Shitouren_gj_022_01_" },
					{ "time": 1.5333, "name": "Shitouren_gj_022_01_" },
					{ "time": 1.6, "name": null }
				]
			},
			"Shitouren_gj_022_02_": {
				"attachment": [
					{ "time": 0, "name": null },
					{ "time": 1.4, "name": null },
					{ "time": 1.4666, "name": "Shitouren_gj_022_02_" },
					{ "time": 1.5333, "name": "Shitouren_gj_022_02_" },
					{ "time": 1.6, "name": null }
				]
			},
			"Shitouren_gj_024_01_": {
				"attachment": [
					{ "time": 0, "name": null },
					{ "time": 1.5333, "name": null },
					{ "time": 1.6, "name": "Shitouren_gj_024_01_" },
					{ "time": 1.6666, "name": "Shitouren_gj_024_01_" },
					{ "time": 1.7333, "name": null }
				]
			},
			"Shitouren_gj_024_02_": {
				"attachment": [
					{ "time": 0, "name": null },
					{ "time": 1.5333, "name": null },
					{ "time": 1.6, "name": "Shitouren_gj_024_02_" },
					{ "time": 1.6666, "name": "Shitouren_gj_024_02_" },
					{ "time": 1.7333, "name": null }
				]
			},
			"Shitouren_gj_026_01_": {
				"attachment": [
					{ "time": 0, "name": null },
					{ "time": 1.6666, "name": null },
					{ "time": 1.7333, "name": "Shitouren_gj_026_01_" },
					{ "time": 1.8, "name": "Shitouren_gj_026_01_" },
					{ "time": 1.8666, "name": null }
				]
			},
			"Shitouren_gj_026_02_": {
				"attachment": [
					{ "time": 0, "name": null },
					{ "time": 1.6666, "name": null },
					{ "time": 1.7333, "name": "Shitouren_gj_026_02_" },
					{ "time": 1.8, "name": "Shitouren_gj_026_02_" },
					{ "time": 1.8666, "name": null }
				]
			},
			"Shitouren_gj_028_01_": {
				"attachment": [
					{ "time": 0, "name": null },
					{ "time": 1.8, "name": null },
					{ "time": 1.8666, "name": "Shitouren_gj_028_01_" },
					{ "time": 1.9333, "name": "Shitouren_gj_028_01_" },
					{ "time": 2, "name": null }
				]
			},
			"Shitouren_gj_028_02_": {
				"attachment": [
					{ "time": 0, "name": null },
					{ "time": 1.8, "name": null },
					{ "time": 1.8666, "name": "Shitouren_gj_028_02_" },
					{ "time": 1.9333, "name": "Shitouren_gj_028_02_" },
					{ "time": 2, "name": null }
				]
			},
			"Shitouren_gj_030_01_": {
				"attachment": [
					{ "time": 0, "name": null },
					{ "time": 1.9333, "name": null },
					{ "time": 2, "name": "Shitouren_gj_030_01_" },
					{ "time": 2.0666, "name": "Shitouren_gj_030_01_" },
					{ "time": 2.1333, "name": null }
				]
			},
			"Shitouren_gj_030_02_": {
				"attachment": [
					{ "time": 0, "name": null },
					{ "time": 1.9333, "name": null },
					{ "time": 2, "name": "Shitouren_gj_030_02_" },
					{ "time": 2.0666, "name": "Shitouren_gj_030_02_" },
					{ "time": 2.1333, "name": null }
				]
			},
			"Shitouren_gj_032_01_": {
				"attachment": [
					{ "time": 0, "name": null },
					{ "time": 2.0666, "name": null },
					{ "time": 2.1333, "name": "Shitouren_gj_032_01_" },
					{ "time": 2.2, "name": "Shitouren_gj_032_01_" },
					{ "time": 2.2666, "name": null }
				]
			},
			"Shitouren_gj_032_02_": {
				"attachment": [
					{ "time": 0, "name": null },
					{ "time": 2.0666, "name": null },
					{ "time": 2.1333, "name": "Shitouren_gj_032_02_" },
					{ "time": 2.2, "name": "Shitouren_gj_032_02_" },
					{ "time": 2.2666, "name": null }
				]
			},
			"Shitouren_gj_032_03_": {
				"attachment": [
					{ "time": 0, "name": null },
					{ "time": 2.0666, "name": null },
					{ "time": 2.1333, "name": "Shitouren_gj_032_03_" },
					{ "time": 2.2, "name": "Shitouren_gj_032_03_" },
					{ "time": 2.2666, "name": null }
				]
			}
		}
	}
}
}