{
"skeleton": { "hash": "sKq1Qv3EdkMSyhfmYy7jZmZJrm8", "spine": "2.1.27", "width": 602.11, "height": 298.22 },
"bones": [
	{ "name": "root" },
	{ "name": "bone", "parent": "root", "length": 184.17, "y": -161.63, "rotation": 0.9 }
],
"slots": [
	{ "name": "Xjingji_000_", "bone": "bone", "attachment": "Xjingji_000_" }
],
"skins": {
	"default": {
		"Xjingji_000_": {
			"Xjingji_000_": { "x": 2.57, "y": 161.61, "rotation": -0.9, "width": 602, "height": 298 },
			"Xjingji_001_": { "x": 2.57, "y": 161.61, "rotation": -0.9, "width": 602, "height": 298 },
			"Xjingji_002_": { "x": 2.57, "y": 161.61, "rotation": -0.9, "width": 602, "height": 298 },
			"Xjingji_003_": { "x": 2.57, "y": 161.61, "rotation": -0.9, "width": 602, "height": 298 },
			"Xjingji_004_": { "x": 2.57, "y": 161.61, "rotation": -0.9, "width": 602, "height": 298 },
			"Xjingji_005_": { "x": 2.57, "y": 161.61, "rotation": -0.9, "width": 602, "height": 298 },
			"Xjingji_006_": { "x": 2.57, "y": 161.61, "rotation": -0.9, "width": 602, "height": 298 },
			"Xjingji_007_": { "x": 2.57, "y": 161.61, "rotation": -0.9, "width": 602, "height": 298 },
			"Xjingji_008_": { "x": 2.57, "y": 161.61, "rotation": -0.9, "width": 602, "height": 298 },
			"Xjingji_009_": { "x": 2.57, "y": 161.61, "rotation": -0.9, "width": 602, "height": 298 },
			"Xjingji_010_": { "x": 2.57, "y": 161.61, "rotation": -0.9, "width": 602, "height": 298 },
			"Xjingji_011_": { "x": 2.57, "y": 161.61, "rotation": -0.9, "width": 602, "height": 298 },
			"Xjingji_012_": { "x": 2.57, "y": 161.61, "rotation": -0.9, "width": 602, "height": 298 },
			"Xjingji_013_": { "x": 2.57, "y": 161.61, "rotation": -0.9, "width": 602, "height": 298 },
			"Xjingji_014_": { "x": 2.57, "y": 161.61, "rotation": -0.9, "width": 602, "height": 298 },
			"Xjingji_015_": { "x": 2.57, "y": 161.61, "rotation": -0.9, "width": 602, "height": 298 },
			"Xjingji_016_": { "x": 2.57, "y": 161.61, "rotation": -0.9, "width": 602, "height": 298 },
			"Xjingji_017_": { "x": 2.57, "y": 161.61, "rotation": -0.9, "width": 602, "height": 298 },
			"Xjingji_018_": { "x": 2.57, "y": 161.61, "rotation": -0.9, "width": 602, "height": 298 },
			"Xjingji_019_": { "x": 2.57, "y": 161.61, "rotation": -0.9, "width": 602, "height": 298 }
		}
	}
},
"animations": {
	"dj": {
		"slots": {
			"Xjingji_000_": {
				"attachment": [
					{ "time": 0, "name": "Xjingji_000_" },
					{ "time": 0.1, "name": "Xjingji_001_" },
					{ "time": 0.2, "name": "Xjingji_002_" },
					{ "time": 0.3, "name": "Xjingji_003_" },
					{ "time": 0.4, "name": "Xjingji_004_" },
					{ "time": 0.5, "name": "Xjingji_005_" },
					{ "time": 0.6, "name": "Xjingji_006_" },
					{ "time": 0.7, "name": "Xjingji_007_" },
					{ "time": 0.8, "name": "Xjingji_008_" },
					{ "time": 0.9, "name": "Xjingji_009_" },
					{ "time": 1, "name": "Xjingji_010_" },
					{ "time": 1.1, "name": "Xjingji_011_" },
					{ "time": 1.2, "name": "Xjingji_012_" },
					{ "time": 1.3, "name": "Xjingji_013_" },
					{ "time": 1.4, "name": "Xjingji_014_" },
					{ "time": 1.5, "name": "Xjingji_015_" },
					{ "time": 1.6, "name": "Xjingji_016_" },
					{ "time": 1.7, "name": "Xjingji_017_" },
					{ "time": 1.8, "name": "Xjingji_018_" },
					{ "time": 1.9, "name": "Xjingji_019_" },
					{ "time": 2, "name": "Xjingji_000_" }
				]
			}
		},
		"bones": {
			"bone": {
				"rotate": [
					{ "time": 0, "angle": 0 }
				],
				"translate": [
					{ "time": 0, "x": 0, "y": 0 }
				],
				"scale": [
					{ "time": 0, "x": 1, "y": 1 }
				]
			}
		}
	}
}
}