{"skeleton":{"hash":"CH+gONnRg0/GMyFjlfVE4s6tmao","spine":"3.7.94","width":0,"height":0,"images":"./images/","audio":"F:/COK项目/Spine工程/外包皮肤—3个盲盒/盲盒骑士队长_Spine/休闲_Spine/mhqs_idle_A"},"bones":[{"name":"root"},{"name":"ctr","parent":"root","scaleX":1.25,"scaleY":1.25},{"name":"mhqsidle_UL_","parent":"ctr"},{"name":"mhqsidle_UR_","parent":"ctr"},{"name":"mhqsidle_DL_","parent":"ctr"},{"name":"mhqsidle_DR_","parent":"ctr"}],"slots":[{"name":"mhqsidle_UL_","bone":"mhqsidle_UL_"},{"name":"mhqsidle_UR_","bone":"mhqsidle_UR_"},{"name":"mhqsidle_DL_","bone":"mhqsidle_DL_"},{"name":"mhqsidle_DR_","bone":"mhqsidle_DR_"}],"skins":{"default":{"mhqsidle_DL_":{"mhqsidle_DL_0000_":{"x":-190,"y":-144.5,"width":380,"height":289},"mhqsidle_DL_0003_":{"x":-190,"y":-144.5,"width":380,"height":289},"mhqsidle_DL_0006_":{"x":-190,"y":-144.5,"width":380,"height":289},"mhqsidle_DL_0009_":{"x":-190,"y":-144.5,"width":380,"height":289},"mhqsidle_DL_0012_":{"x":-190,"y":-144.5,"width":380,"height":289},"mhqsidle_DL_0015_":{"x":-190,"y":-144.5,"width":380,"height":289},"mhqsidle_DL_0018_":{"x":-190,"y":-144.5,"width":380,"height":289},"mhqsidle_DL_0021_":{"x":-190,"y":-144.5,"width":380,"height":289},"mhqsidle_DL_0024_":{"x":-190,"y":-144.5,"width":380,"height":289},"mhqsidle_DL_0027_":{"x":-190,"y":-144.5,"width":380,"height":289},"mhqsidle_DL_0030_":{"x":-190,"y":-144.5,"width":380,"height":289},"mhqsidle_DL_0033_":{"x":-190,"y":-144.5,"width":380,"height":289},"mhqsidle_DL_0036_":{"x":-190,"y":-144.5,"width":380,"height":289},"mhqsidle_DL_0039_":{"x":-190,"y":-144.5,"width":380,"height":289},"mhqsidle_DL_0042_":{"x":-190,"y":-144.5,"width":380,"height":289},"mhqsidle_DL_0045_":{"x":-190,"y":-144.5,"width":380,"height":289},"mhqsidle_DL_0048_":{"x":-190,"y":-144.5,"width":380,"height":289},"mhqsidle_DL_0051_":{"x":-190,"y":-144.5,"width":380,"height":289},"mhqsidle_DL_0054_":{"x":-190,"y":-144.5,"width":380,"height":289},"mhqsidle_DL_0057_":{"x":-190,"y":-144.5,"width":380,"height":289},"mhqsidle_DL_0060_":{"x":-190,"y":-144.5,"width":380,"height":289},"mhqsidle_DL_0063_":{"x":-190,"y":-144.5,"width":380,"height":289},"mhqsidle_DL_0066_":{"x":-190,"y":-144.5,"width":380,"height":289},"mhqsidle_DL_0069_":{"x":-190,"y":-144.5,"width":380,"height":289},"mhqsidle_DL_0072_":{"x":-190,"y":-144.5,"width":380,"height":289},"mhqsidle_DL_0075_":{"x":-190,"y":-144.5,"width":380,"height":289},"mhqsidle_DL_0078_":{"x":-190,"y":-144.5,"width":380,"height":289},"mhqsidle_DL_0081_":{"x":-190,"y":-144.5,"width":380,"height":289}},"mhqsidle_DR_":{"mhqsidle_DR_0000_":{"x":210,"y":-144.5,"width":420,"height":289},"mhqsidle_DR_0003_":{"x":210,"y":-144.5,"width":420,"height":289},"mhqsidle_DR_0006_":{"x":210,"y":-144.5,"width":420,"height":289},"mhqsidle_DR_0009_":{"x":210,"y":-144.5,"width":420,"height":289},"mhqsidle_DR_0012_":{"x":210,"y":-144.5,"width":420,"height":289},"mhqsidle_DR_0015_":{"x":210,"y":-144.5,"width":420,"height":289},"mhqsidle_DR_0018_":{"x":210,"y":-144.5,"width":420,"height":289},"mhqsidle_DR_0021_":{"x":210,"y":-144.5,"width":420,"height":289},"mhqsidle_DR_0024_":{"x":210,"y":-144.5,"width":420,"height":289},"mhqsidle_DR_0027_":{"x":210,"y":-144.5,"width":420,"height":289},"mhqsidle_DR_0030_":{"x":210,"y":-144.5,"width":420,"height":289},"mhqsidle_DR_0033_":{"x":210,"y":-144.5,"width":420,"height":289},"mhqsidle_DR_0036_":{"x":210,"y":-144.5,"width":420,"height":289},"mhqsidle_DR_0039_":{"x":210,"y":-144.5,"width":420,"height":289},"mhqsidle_DR_0042_":{"x":210,"y":-144.5,"width":420,"height":289},"mhqsidle_DR_0045_":{"x":210,"y":-144.5,"width":420,"height":289},"mhqsidle_DR_0048_":{"x":210,"y":-144.5,"width":420,"height":289},"mhqsidle_DR_0051_":{"x":210,"y":-144.5,"width":420,"height":289},"mhqsidle_DR_0054_":{"x":210,"y":-144.5,"width":420,"height":289},"mhqsidle_DR_0057_":{"x":210,"y":-144.5,"width":420,"height":289},"mhqsidle_DR_0060_":{"x":210,"y":-144.5,"width":420,"height":289},"mhqsidle_DR_0063_":{"x":210,"y":-144.5,"width":420,"height":289},"mhqsidle_DR_0066_":{"x":210,"y":-144.5,"width":420,"height":289},"mhqsidle_DR_0069_":{"x":210,"y":-144.5,"width":420,"height":289},"mhqsidle_DR_0072_":{"x":210,"y":-144.5,"width":420,"height":289},"mhqsidle_DR_0075_":{"x":210,"y":-144.5,"width":420,"height":289},"mhqsidle_DR_0078_":{"x":210,"y":-144.5,"width":420,"height":289},"mhqsidle_DR_0081_":{"x":210,"y":-144.5,"width":420,"height":289}},"mhqsidle_UL_":{"mhqsidle_UL_0000_":{"x":-190,"y":255.5,"width":380,"height":511},"mhqsidle_UL_0003_":{"x":-190,"y":255.5,"width":380,"height":511},"mhqsidle_UL_0006_":{"x":-190,"y":255.5,"width":380,"height":511},"mhqsidle_UL_0009_":{"x":-190,"y":255.5,"width":380,"height":511},"mhqsidle_UL_0012_":{"x":-190,"y":255.5,"width":380,"height":511},"mhqsidle_UL_0015_":{"x":-190,"y":255.5,"width":380,"height":511},"mhqsidle_UL_0018_":{"x":-190,"y":255.5,"width":380,"height":511},"mhqsidle_UL_0021_":{"x":-190,"y":255.5,"width":380,"height":511},"mhqsidle_UL_0024_":{"x":-190,"y":255.5,"width":380,"height":511},"mhqsidle_UL_0027_":{"x":-190,"y":255.5,"width":380,"height":511},"mhqsidle_UL_0030_":{"x":-190,"y":255.5,"width":380,"height":511},"mhqsidle_UL_0033_":{"x":-190,"y":255.5,"width":380,"height":511},"mhqsidle_UL_0036_":{"x":-190,"y":255.5,"width":380,"height":511},"mhqsidle_UL_0039_":{"x":-190,"y":255.5,"width":380,"height":511},"mhqsidle_UL_0042_":{"x":-190,"y":255.5,"width":380,"height":511},"mhqsidle_UL_0045_":{"x":-190,"y":255.5,"width":380,"height":511},"mhqsidle_UL_0048_":{"x":-190,"y":255.5,"width":380,"height":511},"mhqsidle_UL_0051_":{"x":-190,"y":255.5,"width":380,"height":511},"mhqsidle_UL_0054_":{"x":-190,"y":255.5,"width":380,"height":511},"mhqsidle_UL_0057_":{"x":-190,"y":255.5,"width":380,"height":511},"mhqsidle_UL_0060_":{"x":-190,"y":255.5,"width":380,"height":511},"mhqsidle_UL_0063_":{"x":-190,"y":255.5,"width":380,"height":511},"mhqsidle_UL_0066_":{"x":-190,"y":255.5,"width":380,"height":511},"mhqsidle_UL_0069_":{"x":-190,"y":255.5,"width":380,"height":511},"mhqsidle_UL_0072_":{"x":-190,"y":255.5,"width":380,"height":511},"mhqsidle_UL_0075_":{"x":-190,"y":255.5,"width":380,"height":511},"mhqsidle_UL_0078_":{"x":-190,"y":255.5,"width":380,"height":511},"mhqsidle_UL_0081_":{"x":-190,"y":255.5,"width":380,"height":511}},"mhqsidle_UR_":{"mhqsidle_UR_0000_":{"x":210,"y":255.5,"width":420,"height":511},"mhqsidle_UR_0003_":{"x":210,"y":255.5,"width":420,"height":511},"mhqsidle_UR_0006_":{"x":210,"y":255.5,"width":420,"height":511},"mhqsidle_UR_0009_":{"x":210,"y":255.5,"width":420,"height":511},"mhqsidle_UR_0012_":{"x":210,"y":255.5,"width":420,"height":511},"mhqsidle_UR_0015_":{"x":210,"y":255.5,"width":420,"height":511},"mhqsidle_UR_0018_":{"x":210,"y":255.5,"width":420,"height":511},"mhqsidle_UR_0021_":{"x":210,"y":255.5,"width":420,"height":511},"mhqsidle_UR_0024_":{"x":210,"y":255.5,"width":420,"height":511},"mhqsidle_UR_0027_":{"x":210,"y":255.5,"width":420,"height":511},"mhqsidle_UR_0030_":{"x":210,"y":255.5,"width":420,"height":511},"mhqsidle_UR_0033_":{"x":210,"y":255.5,"width":420,"height":511},"mhqsidle_UR_0036_":{"x":210,"y":255.5,"width":420,"height":511},"mhqsidle_UR_0039_":{"x":210,"y":255.5,"width":420,"height":511},"mhqsidle_UR_0042_":{"x":210,"y":255.5,"width":420,"height":511},"mhqsidle_UR_0045_":{"x":210,"y":255.5,"width":420,"height":511},"mhqsidle_UR_0048_":{"x":210,"y":255.5,"width":420,"height":511},"mhqsidle_UR_0051_":{"x":210,"y":255.5,"width":420,"height":511},"mhqsidle_UR_0054_":{"x":210,"y":255.5,"width":420,"height":511},"mhqsidle_UR_0057_":{"x":210,"y":255.5,"width":420,"height":511},"mhqsidle_UR_0060_":{"x":210,"y":255.5,"width":420,"height":511},"mhqsidle_UR_0063_":{"x":210,"y":255.5,"width":420,"height":511},"mhqsidle_UR_0066_":{"x":210,"y":255.5,"width":420,"height":511},"mhqsidle_UR_0069_":{"x":210,"y":255.5,"width":420,"height":511},"mhqsidle_UR_0072_":{"x":210,"y":255.5,"width":420,"height":511},"mhqsidle_UR_0075_":{"x":210,"y":255.5,"width":420,"height":511},"mhqsidle_UR_0078_":{"x":210,"y":255.5,"width":420,"height":511},"mhqsidle_UR_0081_":{"x":210,"y":255.5,"width":420,"height":511}}}},"animations":{"animation":{"slots":{"mhqsidle_DL_":{"attachment":[{"time":0,"name":"mhqsidle_DL_0000_"},{"time":0.1,"name":"mhqsidle_DL_0003_"},{"time":0.2,"name":"mhqsidle_DL_0006_"},{"time":0.3,"name":"mhqsidle_DL_0009_"},{"time":0.4,"name":"mhqsidle_DL_0012_"},{"time":0.5,"name":"mhqsidle_DL_0015_"},{"time":0.6,"name":"mhqsidle_DL_0018_"},{"time":0.7,"name":"mhqsidle_DL_0021_"},{"time":0.8,"name":"mhqsidle_DL_0024_"},{"time":0.9,"name":"mhqsidle_DL_0027_"},{"time":1,"name":"mhqsidle_DL_0030_"},{"time":1.1,"name":"mhqsidle_DL_0033_"},{"time":1.2,"name":"mhqsidle_DL_0036_"},{"time":1.3,"name":"mhqsidle_DL_0039_"},{"time":1.4,"name":"mhqsidle_DL_0042_"},{"time":1.5,"name":"mhqsidle_DL_0045_"},{"time":1.6,"name":"mhqsidle_DL_0048_"},{"time":1.7,"name":"mhqsidle_DL_0051_"},{"time":1.8,"name":"mhqsidle_DL_0054_"},{"time":1.9,"name":"mhqsidle_DL_0057_"},{"time":2,"name":"mhqsidle_DL_0060_"},{"time":2.1,"name":"mhqsidle_DL_0063_"},{"time":2.2,"name":"mhqsidle_DL_0066_"},{"time":2.3,"name":"mhqsidle_DL_0069_"},{"time":2.4,"name":"mhqsidle_DL_0072_"},{"time":2.5,"name":"mhqsidle_DL_0075_"},{"time":2.6,"name":"mhqsidle_DL_0078_"},{"time":2.7,"name":"mhqsidle_DL_0081_"},{"time":2.8,"name":null},{"time":6.6,"name":null}]},"mhqsidle_DR_":{"attachment":[{"time":0,"name":"mhqsidle_DR_0000_"},{"time":0.1,"name":"mhqsidle_DR_0003_"},{"time":0.2,"name":"mhqsidle_DR_0006_"},{"time":0.3,"name":"mhqsidle_DR_0009_"},{"time":0.4,"name":"mhqsidle_DR_0012_"},{"time":0.5,"name":"mhqsidle_DR_0015_"},{"time":0.6,"name":"mhqsidle_DR_0018_"},{"time":0.7,"name":"mhqsidle_DR_0021_"},{"time":0.8,"name":"mhqsidle_DR_0024_"},{"time":0.9,"name":"mhqsidle_DR_0027_"},{"time":1,"name":"mhqsidle_DR_0030_"},{"time":1.1,"name":"mhqsidle_DR_0033_"},{"time":1.2,"name":"mhqsidle_DR_0036_"},{"time":1.3,"name":"mhqsidle_DR_0039_"},{"time":1.4,"name":"mhqsidle_DR_0042_"},{"time":1.5,"name":"mhqsidle_DR_0045_"},{"time":1.6,"name":"mhqsidle_DR_0048_"},{"time":1.7,"name":"mhqsidle_DR_0051_"},{"time":1.8,"name":"mhqsidle_DR_0054_"},{"time":1.9,"name":"mhqsidle_DR_0057_"},{"time":2,"name":"mhqsidle_DR_0060_"},{"time":2.1,"name":"mhqsidle_DR_0063_"},{"time":2.2,"name":"mhqsidle_DR_0066_"},{"time":2.3,"name":"mhqsidle_DR_0069_"},{"time":2.4,"name":"mhqsidle_DR_0072_"},{"time":2.5,"name":"mhqsidle_DR_0075_"},{"time":2.6,"name":"mhqsidle_DR_0078_"},{"time":2.7,"name":"mhqsidle_DR_0081_"},{"time":2.8,"name":null}]},"mhqsidle_UL_":{"attachment":[{"time":0,"name":"mhqsidle_UL_0000_"},{"time":0.1,"name":"mhqsidle_UL_0003_"},{"time":0.2,"name":"mhqsidle_UL_0006_"},{"time":0.3,"name":"mhqsidle_UL_0009_"},{"time":0.4,"name":"mhqsidle_UL_0012_"},{"time":0.5,"name":"mhqsidle_UL_0015_"},{"time":0.6,"name":"mhqsidle_UL_0018_"},{"time":0.7,"name":"mhqsidle_UL_0021_"},{"time":0.8,"name":"mhqsidle_UL_0024_"},{"time":0.9,"name":"mhqsidle_UL_0027_"},{"time":1,"name":"mhqsidle_UL_0030_"},{"time":1.1,"name":"mhqsidle_UL_0033_"},{"time":1.2,"name":"mhqsidle_UL_0036_"},{"time":1.3,"name":"mhqsidle_UL_0039_"},{"time":1.4,"name":"mhqsidle_UL_0042_"},{"time":1.5,"name":"mhqsidle_UL_0045_"},{"time":1.6,"name":"mhqsidle_UL_0048_"},{"time":1.7,"name":"mhqsidle_UL_0051_"},{"time":1.8,"name":"mhqsidle_UL_0054_"},{"time":1.9,"name":"mhqsidle_UL_0057_"},{"time":2,"name":"mhqsidle_UL_0060_"},{"time":2.1,"name":"mhqsidle_UL_0063_"},{"time":2.2,"name":"mhqsidle_UL_0066_"},{"time":2.3,"name":"mhqsidle_UL_0069_"},{"time":2.4,"name":"mhqsidle_UL_0072_"},{"time":2.5,"name":"mhqsidle_UL_0075_"},{"time":2.6,"name":"mhqsidle_UL_0078_"},{"time":2.7,"name":"mhqsidle_UL_0081_"},{"time":2.8,"name":null}]},"mhqsidle_UR_":{"attachment":[{"time":0,"name":"mhqsidle_UR_0000_"},{"time":0.1,"name":"mhqsidle_UR_0003_"},{"time":0.2,"name":"mhqsidle_UR_0006_"},{"time":0.3,"name":"mhqsidle_UR_0009_"},{"time":0.4,"name":"mhqsidle_UR_0012_"},{"time":0.5,"name":"mhqsidle_UR_0015_"},{"time":0.6,"name":"mhqsidle_UR_0018_"},{"time":0.7,"name":"mhqsidle_UR_0021_"},{"time":0.8,"name":"mhqsidle_UR_0024_"},{"time":0.9,"name":"mhqsidle_UR_0027_"},{"time":1,"name":"mhqsidle_UR_0030_"},{"time":1.1,"name":"mhqsidle_UR_0033_"},{"time":1.2,"name":"mhqsidle_UR_0036_"},{"time":1.3,"name":"mhqsidle_UR_0039_"},{"time":1.4,"name":"mhqsidle_UR_0042_"},{"time":1.5,"name":"mhqsidle_UR_0045_"},{"time":1.6,"name":"mhqsidle_UR_0048_"},{"time":1.7,"name":"mhqsidle_UR_0051_"},{"time":1.8,"name":"mhqsidle_UR_0054_"},{"time":1.9,"name":"mhqsidle_UR_0057_"},{"time":2,"name":"mhqsidle_UR_0060_"},{"time":2.1,"name":"mhqsidle_UR_0063_"},{"time":2.2,"name":"mhqsidle_UR_0066_"},{"time":2.3,"name":"mhqsidle_UR_0069_"},{"time":2.4,"name":"mhqsidle_UR_0072_"},{"time":2.5,"name":"mhqsidle_UR_0075_"},{"time":2.6,"name":"mhqsidle_UR_0078_"},{"time":2.7,"name":"mhqsidle_UR_0081_"},{"time":2.8,"name":null}]}},"bones":{"ctr":{"translate":[{"time":0,"x":5.5,"y":56}]}}}}}