{"skeleton":{"hash":"chaivblGABn1jUdIL5uBILSo4sY","spine":"3.7.94","width":0,"height":0,"images":"./images/","audio":"F:/COK项目/Spine工程/外包皮肤—3个盲盒/盲盒骑士队长_Spine/攻击_Spine/mhqs_attack_A"},"bones":[{"name":"root"},{"name":"ctr","parent":"root","scaleX":1.25,"scaleY":1.25},{"name":"mhqsattack_UL_","parent":"ctr"},{"name":"mhqsattack_UR_","parent":"ctr"},{"name":"mhqsattack_DL_","parent":"ctr"},{"name":"mhqsattack_DR_","parent":"ctr"}],"slots":[{"name":"mhqsattack_UL_","bone":"mhqsattack_UL_"},{"name":"mhqsattack_UR_","bone":"mhqsattack_UR_"},{"name":"mhqsattack_DL_","bone":"mhqsattack_DL_"},{"name":"mhqsattack_DR_","bone":"mhqsattack_DR_"}],"skins":{"default":{"mhqsattack_DL_":{"mhqsattack_DL_0000_":{"x":-167,"y":-143,"width":334,"height":286},"mhqsattack_DL_0003_":{"x":-167,"y":-143,"width":334,"height":286},"mhqsattack_DL_0006_":{"x":-167,"y":-143,"width":334,"height":286},"mhqsattack_DL_0009_":{"x":-167,"y":-143,"width":334,"height":286},"mhqsattack_DL_0012_":{"x":-167,"y":-143,"width":334,"height":286},"mhqsattack_DL_0015_":{"x":-167,"y":-143,"width":334,"height":286},"mhqsattack_DL_0018_":{"x":-167,"y":-143,"width":334,"height":286},"mhqsattack_DL_0021_":{"x":-167,"y":-143,"width":334,"height":286},"mhqsattack_DL_0024_":{"x":-167,"y":-143,"width":334,"height":286},"mhqsattack_DL_0027_":{"x":-167,"y":-143,"width":334,"height":286},"mhqsattack_DL_0030_":{"x":-167,"y":-143,"width":334,"height":286},"mhqsattack_DL_0033_":{"x":-167,"y":-143,"width":334,"height":286},"mhqsattack_DL_0036_":{"x":-167,"y":-143,"width":334,"height":286},"mhqsattack_DL_0039_":{"x":-167,"y":-143,"width":334,"height":286},"mhqsattack_DL_0042_":{"x":-167,"y":-143,"width":334,"height":286},"mhqsattack_DL_0045_":{"x":-167,"y":-143,"width":334,"height":286},"mhqsattack_DL_0048_":{"x":-167,"y":-143,"width":334,"height":286},"mhqsattack_DL_0049_":{"x":-167,"y":-143,"width":334,"height":286},"mhqsattack_DL_0050_":{"x":-167,"y":-143,"width":334,"height":286}},"mhqsattack_DR_":{"mhqsattack_DR_0000_":{"x":233,"y":-143,"width":466,"height":286},"mhqsattack_DR_0003_":{"x":233,"y":-143,"width":466,"height":286},"mhqsattack_DR_0006_":{"x":233,"y":-143,"width":466,"height":286},"mhqsattack_DR_0009_":{"x":233,"y":-143,"width":466,"height":286},"mhqsattack_DR_0012_":{"x":233,"y":-143,"width":466,"height":286},"mhqsattack_DR_0015_":{"x":233,"y":-143,"width":466,"height":286},"mhqsattack_DR_0018_":{"x":233,"y":-143,"width":466,"height":286},"mhqsattack_DR_0021_":{"x":233,"y":-143,"width":466,"height":286},"mhqsattack_DR_0024_":{"x":233,"y":-143,"width":466,"height":286},"mhqsattack_DR_0027_":{"x":233,"y":-143,"width":466,"height":286},"mhqsattack_DR_0030_":{"x":233,"y":-143,"width":466,"height":286},"mhqsattack_DR_0033_":{"x":233,"y":-143,"width":466,"height":286},"mhqsattack_DR_0036_":{"x":233,"y":-143,"width":466,"height":286},"mhqsattack_DR_0039_":{"x":233,"y":-143,"width":466,"height":286},"mhqsattack_DR_0042_":{"x":233,"y":-143,"width":466,"height":286},"mhqsattack_DR_0045_":{"x":233,"y":-143,"width":466,"height":286},"mhqsattack_DR_0048_":{"x":233,"y":-143,"width":466,"height":286},"mhqsattack_DR_0049_":{"x":233,"y":-143,"width":466,"height":286},"mhqsattack_DR_0050_":{"x":233,"y":-143,"width":466,"height":286}},"mhqsattack_UL_":{"mhqsattack_UL_0000_":{"x":-167,"y":257,"width":334,"height":514},"mhqsattack_UL_0003_":{"x":-167,"y":257,"width":334,"height":514},"mhqsattack_UL_0006_":{"x":-167,"y":257,"width":334,"height":514},"mhqsattack_UL_0009_":{"x":-167,"y":257,"width":334,"height":514},"mhqsattack_UL_0012_":{"x":-167,"y":257,"width":334,"height":514},"mhqsattack_UL_0015_":{"x":-167,"y":257,"width":334,"height":514},"mhqsattack_UL_0018_":{"x":-167,"y":257,"width":334,"height":514},"mhqsattack_UL_0021_":{"x":-167,"y":257,"width":334,"height":514},"mhqsattack_UL_0024_":{"x":-167,"y":257,"width":334,"height":514},"mhqsattack_UL_0027_":{"x":-167,"y":257,"width":334,"height":514},"mhqsattack_UL_0030_":{"x":-167,"y":257,"width":334,"height":514},"mhqsattack_UL_0033_":{"x":-167,"y":257,"width":334,"height":514},"mhqsattack_UL_0036_":{"x":-167,"y":257,"width":334,"height":514},"mhqsattack_UL_0039_":{"x":-167,"y":257,"width":334,"height":514},"mhqsattack_UL_0042_":{"x":-167,"y":257,"width":334,"height":514},"mhqsattack_UL_0045_":{"x":-167,"y":257,"width":334,"height":514},"mhqsattack_UL_0048_":{"x":-167,"y":257,"width":334,"height":514},"mhqsattack_UL_0049_":{"x":-167,"y":257,"width":334,"height":514},"mhqsattack_UL_0050_":{"x":-167,"y":257,"width":334,"height":514}},"mhqsattack_UR_":{"mhqsattack_UR_0000_":{"x":233,"y":257,"width":466,"height":514},"mhqsattack_UR_0003_":{"x":233,"y":257,"width":466,"height":514},"mhqsattack_UR_0006_":{"x":233,"y":257,"width":466,"height":514},"mhqsattack_UR_0009_":{"x":233,"y":257,"width":466,"height":514},"mhqsattack_UR_0012_":{"x":233,"y":257,"width":466,"height":514},"mhqsattack_UR_0015_":{"x":233,"y":257,"width":466,"height":514},"mhqsattack_UR_0018_":{"x":233,"y":257,"width":466,"height":514},"mhqsattack_UR_0021_":{"x":233,"y":257,"width":466,"height":514},"mhqsattack_UR_0024_":{"x":233,"y":257,"width":466,"height":514},"mhqsattack_UR_0027_":{"x":233,"y":257,"width":466,"height":514},"mhqsattack_UR_0030_":{"x":233,"y":257,"width":466,"height":514},"mhqsattack_UR_0033_":{"x":233,"y":257,"width":466,"height":514},"mhqsattack_UR_0036_":{"x":233,"y":257,"width":466,"height":514},"mhqsattack_UR_0039_":{"x":233,"y":257,"width":466,"height":514},"mhqsattack_UR_0042_":{"x":233,"y":257,"width":466,"height":514},"mhqsattack_UR_0045_":{"x":233,"y":257,"width":466,"height":514},"mhqsattack_UR_0048_":{"x":233,"y":257,"width":466,"height":514},"mhqsattack_UR_0049_":{"x":233,"y":257,"width":466,"height":514},"mhqsattack_UR_0050_":{"x":233,"y":257,"width":466,"height":514}}}},"animations":{"animation":{"slots":{"mhqsattack_DL_":{"attachment":[{"time":0,"name":"mhqsattack_DL_0000_"},{"time":0.1,"name":"mhqsattack_DL_0003_"},{"time":0.2,"name":"mhqsattack_DL_0006_"},{"time":0.3,"name":"mhqsattack_DL_0009_"},{"time":0.4,"name":"mhqsattack_DL_0012_"},{"time":0.5,"name":"mhqsattack_DL_0015_"},{"time":0.6,"name":"mhqsattack_DL_0018_"},{"time":0.7,"name":"mhqsattack_DL_0021_"},{"time":0.8,"name":"mhqsattack_DL_0024_"},{"time":0.9,"name":"mhqsattack_DL_0027_"},{"time":1,"name":"mhqsattack_DL_0030_"},{"time":1.1,"name":"mhqsattack_DL_0033_"},{"time":1.2,"name":"mhqsattack_DL_0036_"},{"time":1.3,"name":"mhqsattack_DL_0039_"},{"time":1.4,"name":"mhqsattack_DL_0042_"},{"time":1.5,"name":"mhqsattack_DL_0045_"},{"time":1.6,"name":"mhqsattack_DL_0048_"},{"time":1.7,"name":"mhqsattack_DL_0049_"},{"time":1.8,"name":"mhqsattack_DL_0050_"}]},"mhqsattack_DR_":{"attachment":[{"time":0,"name":"mhqsattack_DR_0000_"},{"time":0.1,"name":"mhqsattack_DR_0003_"},{"time":0.2,"name":"mhqsattack_DR_0006_"},{"time":0.3,"name":"mhqsattack_DR_0009_"},{"time":0.4,"name":"mhqsattack_DR_0012_"},{"time":0.5,"name":"mhqsattack_DR_0015_"},{"time":0.6,"name":"mhqsattack_DR_0018_"},{"time":0.7,"name":"mhqsattack_DR_0021_"},{"time":0.8,"name":"mhqsattack_DR_0024_"},{"time":0.9,"name":"mhqsattack_DR_0027_"},{"time":1,"name":"mhqsattack_DR_0030_"},{"time":1.1,"name":"mhqsattack_DR_0033_"},{"time":1.2,"name":"mhqsattack_DR_0036_"},{"time":1.3,"name":"mhqsattack_DR_0039_"},{"time":1.4,"name":"mhqsattack_DR_0042_"},{"time":1.5,"name":"mhqsattack_DR_0045_"},{"time":1.6,"name":"mhqsattack_DR_0048_"},{"time":1.7,"name":"mhqsattack_DR_0049_"},{"time":1.8,"name":"mhqsattack_DR_0050_"}]},"mhqsattack_UL_":{"attachment":[{"time":0,"name":"mhqsattack_UL_0000_"},{"time":0.1,"name":"mhqsattack_UL_0003_"},{"time":0.2,"name":"mhqsattack_UL_0006_"},{"time":0.3,"name":"mhqsattack_UL_0009_"},{"time":0.4,"name":"mhqsattack_UL_0012_"},{"time":0.5,"name":"mhqsattack_UL_0015_"},{"time":0.6,"name":"mhqsattack_UL_0018_"},{"time":0.7,"name":"mhqsattack_UL_0021_"},{"time":0.8,"name":"mhqsattack_UL_0024_"},{"time":0.9,"name":"mhqsattack_UL_0027_"},{"time":1,"name":"mhqsattack_UL_0030_"},{"time":1.1,"name":"mhqsattack_UL_0033_"},{"time":1.2,"name":"mhqsattack_UL_0036_"},{"time":1.3,"name":"mhqsattack_UL_0039_"},{"time":1.4,"name":"mhqsattack_UL_0042_"},{"time":1.5,"name":"mhqsattack_UL_0045_"},{"time":1.6,"name":"mhqsattack_UL_0048_"},{"time":1.7,"name":"mhqsattack_UL_0049_"},{"time":1.8,"name":"mhqsattack_UL_0050_"}]},"mhqsattack_UR_":{"attachment":[{"time":0,"name":"mhqsattack_UR_0000_"},{"time":0.1,"name":"mhqsattack_UR_0003_"},{"time":0.2,"name":"mhqsattack_UR_0006_"},{"time":0.3,"name":"mhqsattack_UR_0009_"},{"time":0.4,"name":"mhqsattack_UR_0012_"},{"time":0.5,"name":"mhqsattack_UR_0015_"},{"time":0.6,"name":"mhqsattack_UR_0018_"},{"time":0.7,"name":"mhqsattack_UR_0021_"},{"time":0.8,"name":"mhqsattack_UR_0024_"},{"time":0.9,"name":"mhqsattack_UR_0027_"},{"time":1,"name":"mhqsattack_UR_0030_"},{"time":1.1,"name":"mhqsattack_UR_0033_"},{"time":1.2,"name":"mhqsattack_UR_0036_"},{"time":1.3,"name":"mhqsattack_UR_0039_"},{"time":1.4,"name":"mhqsattack_UR_0042_"},{"time":1.5,"name":"mhqsattack_UR_0045_"},{"time":1.6,"name":"mhqsattack_UR_0048_"},{"time":1.7,"name":"mhqsattack_UR_0049_"},{"time":1.8,"name":"mhqsattack_UR_0050_"}]}},"bones":{"ctr":{"translate":[{"time":0,"x":-50,"y":52}]}}}}}