{
"skeleton": { "hash": "CgkIKEbXLSmjw8LF1O7Ir2rZZl8", "spine": "3.7.94", "width": 0, "height": 0 },
"bones": [
	{ "name": "root" },
	{ "name": "ctr", "parent": "root", "x": -20, "y": 90, "scaleX": 1.429, "scaleY": 1.429 },
	{ "name": "SYSDJ_UL_", "parent": "ctr" },
	{ "name": "SYSDJ_UR_", "parent": "ctr" },
	{ "name": "SYSDJ_DL_", "parent": "ctr" },
	{ "name": "SYSDJ_DR_", "parent": "ctr" }
],
"slots": [
	{ "name": "SYSDJ_UL_", "bone": "SYSDJ_UL_" },
	{ "name": "SYSDJ_UR_", "bone": "SYSDJ_UR_" },
	{ "name": "SYSDJ_DL_", "bone": "SYSDJ_DL_" },
	{ "name": "SYSDJ_DR_", "bone": "SYSDJ_DR_" }
],
"skins": {
	"default": {
		"SYSDJ_DL_": {
			"SYSDJ_DL_sysdj150_": { "x": -181.5, "y": -163, "width": 363, "height": 326 },
			"SYSDJ_DL_sysdj156_": { "x": -181.5, "y": -163, "width": 363, "height": 326 },
			"SYSDJ_DL_sysdj162_": { "x": -181.5, "y": -163, "width": 363, "height": 326 },
			"SYSDJ_DL_sysdj168_": { "x": -181.5, "y": -163, "width": 363, "height": 326 },
			"SYSDJ_DL_sysdj174_": { "x": -181.5, "y": -163, "width": 363, "height": 326 },
			"SYSDJ_DL_sysdj180_": { "x": -181.5, "y": -163, "width": 363, "height": 326 },
			"SYSDJ_DL_sysdj186_": { "x": -181.5, "y": -163, "width": 363, "height": 326 },
			"SYSDJ_DL_sysdj192_": { "x": -181.5, "y": -163, "width": 363, "height": 326 },
			"SYSDJ_DL_sysdj198_": { "x": -181.5, "y": -163, "width": 363, "height": 326 },
			"SYSDJ_DL_sysdj204_": { "x": -181.5, "y": -163, "width": 363, "height": 326 },
			"SYSDJ_DL_sysdj210_": { "x": -181.5, "y": -163, "width": 363, "height": 326 },
			"SYSDJ_DL_sysdj212_": { "x": -181.5, "y": -163, "width": 363, "height": 326 }
		},
		"SYSDJ_DR_": {
			"SYSDJ_DR_sysdj150_": { "x": 168.5, "y": -163, "width": 337, "height": 326 },
			"SYSDJ_DR_sysdj156_": { "x": 168.5, "y": -163, "width": 337, "height": 326 },
			"SYSDJ_DR_sysdj162_": { "x": 168.5, "y": -163, "width": 337, "height": 326 },
			"SYSDJ_DR_sysdj168_": { "x": 168.5, "y": -163, "width": 337, "height": 326 },
			"SYSDJ_DR_sysdj174_": { "x": 168.5, "y": -163, "width": 337, "height": 326 },
			"SYSDJ_DR_sysdj180_": { "x": 168.5, "y": -163, "width": 337, "height": 326 },
			"SYSDJ_DR_sysdj186_": { "x": 168.5, "y": -163, "width": 337, "height": 326 },
			"SYSDJ_DR_sysdj192_": { "x": 168.5, "y": -163, "width": 337, "height": 326 },
			"SYSDJ_DR_sysdj198_": { "x": 168.5, "y": -163, "width": 337, "height": 326 },
			"SYSDJ_DR_sysdj204_": { "x": 168.5, "y": -163, "width": 337, "height": 326 },
			"SYSDJ_DR_sysdj210_": { "x": 168.5, "y": -163, "width": 337, "height": 326 },
			"SYSDJ_DR_sysdj212_": { "x": 168.5, "y": -163, "width": 337, "height": 326 }
		},
		"SYSDJ_UL_": {
			"SYSDJ_UL_sysdj150_": { "x": -181.5, "y": 187, "width": 363, "height": 374 },
			"SYSDJ_UL_sysdj156_": { "x": -181.5, "y": 187, "width": 363, "height": 374 },
			"SYSDJ_UL_sysdj162_": { "x": -181.5, "y": 187, "width": 363, "height": 374 },
			"SYSDJ_UL_sysdj168_": { "x": -181.5, "y": 187, "width": 363, "height": 374 },
			"SYSDJ_UL_sysdj174_": { "x": -181.5, "y": 187, "width": 363, "height": 374 },
			"SYSDJ_UL_sysdj180_": { "x": -181.5, "y": 187, "width": 363, "height": 374 },
			"SYSDJ_UL_sysdj186_": { "x": -181.5, "y": 187, "width": 363, "height": 374 },
			"SYSDJ_UL_sysdj192_": { "x": -181.5, "y": 187, "width": 363, "height": 374 },
			"SYSDJ_UL_sysdj198_": { "x": -181.5, "y": 187, "width": 363, "height": 374 },
			"SYSDJ_UL_sysdj204_": { "x": -181.5, "y": 187, "width": 363, "height": 374 },
			"SYSDJ_UL_sysdj210_": { "x": -181.5, "y": 187, "width": 363, "height": 374 },
			"SYSDJ_UL_sysdj212_": { "x": -181.5, "y": 187, "width": 363, "height": 374 }
		},
		"SYSDJ_UR_": {
			"SYSDJ_UR_sysdj150_": { "x": 168.5, "y": 187, "width": 337, "height": 374 },
			"SYSDJ_UR_sysdj156_": { "x": 168.5, "y": 187, "width": 337, "height": 374 },
			"SYSDJ_UR_sysdj162_": { "x": 168.5, "y": 187, "width": 337, "height": 374 },
			"SYSDJ_UR_sysdj168_": { "x": 168.5, "y": 187, "width": 337, "height": 374 },
			"SYSDJ_UR_sysdj174_": { "x": 168.5, "y": 187, "width": 337, "height": 374 },
			"SYSDJ_UR_sysdj180_": { "x": 168.5, "y": 187, "width": 337, "height": 374 },
			"SYSDJ_UR_sysdj186_": { "x": 168.5, "y": 187, "width": 337, "height": 374 },
			"SYSDJ_UR_sysdj192_": { "x": 168.5, "y": 187, "width": 337, "height": 374 },
			"SYSDJ_UR_sysdj198_": { "x": 168.5, "y": 187, "width": 337, "height": 374 },
			"SYSDJ_UR_sysdj204_": { "x": 168.5, "y": 187, "width": 337, "height": 374 },
			"SYSDJ_UR_sysdj210_": { "x": 168.5, "y": 187, "width": 337, "height": 374 },
			"SYSDJ_UR_sysdj212_": { "x": 168.5, "y": 187, "width": 337, "height": 374 }
		}
	}
},
"animations": {
	"animation": {
		"slots": {
			"SYSDJ_DL_": {
				"attachment": [
					{ "time": 2.5, "name": "SYSDJ_DL_sysdj150_" },
					{ "time": 2.6, "name": "SYSDJ_DL_sysdj156_" },
					{ "time": 2.7, "name": "SYSDJ_DL_sysdj162_" },
					{ "time": 2.8, "name": "SYSDJ_DL_sysdj168_" },
					{ "time": 2.9, "name": "SYSDJ_DL_sysdj174_" },
					{ "time": 3, "name": "SYSDJ_DL_sysdj180_" },
					{ "time": 3.1, "name": "SYSDJ_DL_sysdj186_" },
					{ "time": 3.2, "name": "SYSDJ_DL_sysdj192_" },
					{ "time": 3.3, "name": "SYSDJ_DL_sysdj198_" },
					{ "time": 3.4, "name": "SYSDJ_DL_sysdj204_" },
					{ "time": 3.5, "name": "SYSDJ_DL_sysdj210_" },
					{ "time": 3.6, "name": "SYSDJ_DL_sysdj212_" }
				]
			},
			"SYSDJ_DR_": {
				"attachment": [
					{ "time": 2.5, "name": "SYSDJ_DR_sysdj150_" },
					{ "time": 2.6, "name": "SYSDJ_DR_sysdj156_" },
					{ "time": 2.7, "name": "SYSDJ_DR_sysdj162_" },
					{ "time": 2.8, "name": "SYSDJ_DR_sysdj168_" },
					{ "time": 2.9, "name": "SYSDJ_DR_sysdj174_" },
					{ "time": 3, "name": "SYSDJ_DR_sysdj180_" },
					{ "time": 3.1, "name": "SYSDJ_DR_sysdj186_" },
					{ "time": 3.2, "name": "SYSDJ_DR_sysdj192_" },
					{ "time": 3.3, "name": "SYSDJ_DR_sysdj198_" },
					{ "time": 3.4, "name": "SYSDJ_DR_sysdj204_" },
					{ "time": 3.5, "name": "SYSDJ_DR_sysdj210_" },
					{ "time": 3.6, "name": "SYSDJ_DR_sysdj212_" }
				]
			},
			"SYSDJ_UL_": {
				"attachment": [
					{ "time": 2.5, "name": "SYSDJ_UL_sysdj150_" },
					{ "time": 2.6, "name": "SYSDJ_UL_sysdj156_" },
					{ "time": 2.7, "name": "SYSDJ_UL_sysdj162_" },
					{ "time": 2.8, "name": "SYSDJ_UL_sysdj168_" },
					{ "time": 2.9, "name": "SYSDJ_UL_sysdj174_" },
					{ "time": 3, "name": "SYSDJ_UL_sysdj180_" },
					{ "time": 3.1, "name": "SYSDJ_UL_sysdj186_" },
					{ "time": 3.2, "name": "SYSDJ_UL_sysdj192_" },
					{ "time": 3.3, "name": "SYSDJ_UL_sysdj198_" },
					{ "time": 3.4, "name": "SYSDJ_UL_sysdj204_" },
					{ "time": 3.5, "name": "SYSDJ_UL_sysdj210_" },
					{ "time": 3.6, "name": "SYSDJ_UL_sysdj212_" }
				]
			},
			"SYSDJ_UR_": {
				"attachment": [
					{ "time": 2.5, "name": "SYSDJ_UR_sysdj150_" },
					{ "time": 2.6, "name": "SYSDJ_UR_sysdj156_" },
					{ "time": 2.7, "name": "SYSDJ_UR_sysdj162_" },
					{ "time": 2.8, "name": "SYSDJ_UR_sysdj168_" },
					{ "time": 2.9, "name": "SYSDJ_UR_sysdj174_" },
					{ "time": 3, "name": "SYSDJ_UR_sysdj180_" },
					{ "time": 3.1, "name": "SYSDJ_UR_sysdj186_" },
					{ "time": 3.2, "name": "SYSDJ_UR_sysdj192_" },
					{ "time": 3.3, "name": "SYSDJ_UR_sysdj198_" },
					{ "time": 3.4, "name": "SYSDJ_UR_sysdj204_" },
					{ "time": 3.5, "name": "SYSDJ_UR_sysdj210_" },
					{ "time": 3.6, "name": "SYSDJ_UR_sysdj212_" }
				]
			}
		},
		"bones": {
			"ctr": {
				"translate": [
					{ "time": 0, "x": 0, "y": 0 }
				]
			}
		}
	}
}
}