{
"skeleton": { "hash": "paPNKczxhQnRTkDkUb27qXsCW4U", "spine": "3.7.94", "width": 0, "height": 0 },
"bones": [
	{ "name": "root" },
	{ "name": "ctr", "parent": "root", "x": -20, "y": 90, "scaleX": 1.429, "scaleY": 1.429 },
	{ "name": "SYSDJ_UL_", "parent": "ctr" },
	{ "name": "SYSDJ_UR_", "parent": "ctr" },
	{ "name": "SYSDJ_DL_", "parent": "ctr" },
	{ "name": "SYSDJ_DR_", "parent": "ctr" }
],
"slots": [
	{ "name": "SYSDJ_UL_", "bone": "SYSDJ_UL_" },
	{ "name": "SYSDJ_UR_", "bone": "SYSDJ_UR_" },
	{ "name": "SYSDJ_DL_", "bone": "SYSDJ_DL_" },
	{ "name": "SYSDJ_DR_", "bone": "SYSDJ_DR_" }
],
"skins": {
	"default": {
		"SYSDJ_DL_": {
			"SYSDJ_DL_sysdj78_": { "x": -181.5, "y": -163, "width": 363, "height": 326 },
			"SYSDJ_DL_sysdj84_": { "x": -181.5, "y": -163, "width": 363, "height": 326 },
			"SYSDJ_DL_sysdj90_": { "x": -181.5, "y": -163, "width": 363, "height": 326 },
			"SYSDJ_DL_sysdj96_": { "x": -181.5, "y": -163, "width": 363, "height": 326 },
			"SYSDJ_DL_sysdj102_": { "x": -181.5, "y": -163, "width": 363, "height": 326 },
			"SYSDJ_DL_sysdj108_": { "x": -181.5, "y": -163, "width": 363, "height": 326 },
			"SYSDJ_DL_sysdj114_": { "x": -181.5, "y": -163, "width": 363, "height": 326 },
			"SYSDJ_DL_sysdj120_": { "x": -181.5, "y": -163, "width": 363, "height": 326 },
			"SYSDJ_DL_sysdj126_": { "x": -181.5, "y": -163, "width": 363, "height": 326 },
			"SYSDJ_DL_sysdj132_": { "x": -181.5, "y": -163, "width": 363, "height": 326 },
			"SYSDJ_DL_sysdj138_": { "x": -181.5, "y": -163, "width": 363, "height": 326 },
			"SYSDJ_DL_sysdj144_": { "x": -181.5, "y": -163, "width": 363, "height": 326 }
		},
		"SYSDJ_DR_": {
			"SYSDJ_DR_sysdj78_": { "x": 168.5, "y": -163, "width": 337, "height": 326 },
			"SYSDJ_DR_sysdj84_": { "x": 168.5, "y": -163, "width": 337, "height": 326 },
			"SYSDJ_DR_sysdj90_": { "x": 168.5, "y": -163, "width": 337, "height": 326 },
			"SYSDJ_DR_sysdj96_": { "x": 168.5, "y": -163, "width": 337, "height": 326 },
			"SYSDJ_DR_sysdj102_": { "x": 168.5, "y": -163, "width": 337, "height": 326 },
			"SYSDJ_DR_sysdj108_": { "x": 168.5, "y": -163, "width": 337, "height": 326 },
			"SYSDJ_DR_sysdj114_": { "x": 168.5, "y": -163, "width": 337, "height": 326 },
			"SYSDJ_DR_sysdj120_": { "x": 168.5, "y": -163, "width": 337, "height": 326 },
			"SYSDJ_DR_sysdj126_": { "x": 168.5, "y": -163, "width": 337, "height": 326 },
			"SYSDJ_DR_sysdj132_": { "x": 168.5, "y": -163, "width": 337, "height": 326 },
			"SYSDJ_DR_sysdj138_": { "x": 168.5, "y": -163, "width": 337, "height": 326 },
			"SYSDJ_DR_sysdj144_": { "x": 168.5, "y": -163, "width": 337, "height": 326 }
		},
		"SYSDJ_UL_": {
			"SYSDJ_UL_sysdj78_": { "x": -181.5, "y": 187, "width": 363, "height": 374 },
			"SYSDJ_UL_sysdj84_": { "x": -181.5, "y": 187, "width": 363, "height": 374 },
			"SYSDJ_UL_sysdj90_": { "x": -181.5, "y": 187, "width": 363, "height": 374 },
			"SYSDJ_UL_sysdj96_": { "x": -181.5, "y": 187, "width": 363, "height": 374 },
			"SYSDJ_UL_sysdj102_": { "x": -181.5, "y": 187, "width": 363, "height": 374 },
			"SYSDJ_UL_sysdj108_": { "x": -181.5, "y": 187, "width": 363, "height": 374 },
			"SYSDJ_UL_sysdj114_": { "x": -181.5, "y": 187, "width": 363, "height": 374 },
			"SYSDJ_UL_sysdj120_": { "x": -181.5, "y": 187, "width": 363, "height": 374 },
			"SYSDJ_UL_sysdj126_": { "x": -181.5, "y": 187, "width": 363, "height": 374 },
			"SYSDJ_UL_sysdj132_": { "x": -181.5, "y": 187, "width": 363, "height": 374 },
			"SYSDJ_UL_sysdj138_": { "x": -181.5, "y": 187, "width": 363, "height": 374 },
			"SYSDJ_UL_sysdj144_": { "x": -181.5, "y": 187, "width": 363, "height": 374 }
		},
		"SYSDJ_UR_": {
			"SYSDJ_UR_sysdj78_": { "x": 168.5, "y": 187, "width": 337, "height": 374 },
			"SYSDJ_UR_sysdj84_": { "x": 168.5, "y": 187, "width": 337, "height": 374 },
			"SYSDJ_UR_sysdj90_": { "x": 168.5, "y": 187, "width": 337, "height": 374 },
			"SYSDJ_UR_sysdj96_": { "x": 168.5, "y": 187, "width": 337, "height": 374 },
			"SYSDJ_UR_sysdj102_": { "x": 168.5, "y": 187, "width": 337, "height": 374 },
			"SYSDJ_UR_sysdj108_": { "x": 168.5, "y": 187, "width": 337, "height": 374 },
			"SYSDJ_UR_sysdj114_": { "x": 168.5, "y": 187, "width": 337, "height": 374 },
			"SYSDJ_UR_sysdj120_": { "x": 168.5, "y": 187, "width": 337, "height": 374 },
			"SYSDJ_UR_sysdj126_": { "x": 168.5, "y": 187, "width": 337, "height": 374 },
			"SYSDJ_UR_sysdj132_": { "x": 168.5, "y": 187, "width": 337, "height": 374 },
			"SYSDJ_UR_sysdj138_": { "x": 168.5, "y": 187, "width": 337, "height": 374 },
			"SYSDJ_UR_sysdj144_": { "x": 168.5, "y": 187, "width": 337, "height": 374 }
		}
	}
},
"animations": {
	"animation": {
		"slots": {
			"SYSDJ_DL_": {
				"attachment": [
					{ "time": 1.3, "name": "SYSDJ_DL_sysdj78_" },
					{ "time": 1.4, "name": "SYSDJ_DL_sysdj84_" },
					{ "time": 1.5, "name": "SYSDJ_DL_sysdj90_" },
					{ "time": 1.6, "name": "SYSDJ_DL_sysdj96_" },
					{ "time": 1.7, "name": "SYSDJ_DL_sysdj102_" },
					{ "time": 1.8, "name": "SYSDJ_DL_sysdj108_" },
					{ "time": 1.9, "name": "SYSDJ_DL_sysdj114_" },
					{ "time": 2, "name": "SYSDJ_DL_sysdj120_" },
					{ "time": 2.1, "name": "SYSDJ_DL_sysdj126_" },
					{ "time": 2.2, "name": "SYSDJ_DL_sysdj132_" },
					{ "time": 2.3, "name": "SYSDJ_DL_sysdj138_" },
					{ "time": 2.4, "name": "SYSDJ_DL_sysdj144_" },
					{ "time": 2.5, "name": null },
					{ "time": 3.6, "name": null }
				]
			},
			"SYSDJ_DR_": {
				"attachment": [
					{ "time": 1.3, "name": "SYSDJ_DR_sysdj78_" },
					{ "time": 1.4, "name": "SYSDJ_DR_sysdj84_" },
					{ "time": 1.5, "name": "SYSDJ_DR_sysdj90_" },
					{ "time": 1.6, "name": "SYSDJ_DR_sysdj96_" },
					{ "time": 1.7, "name": "SYSDJ_DR_sysdj102_" },
					{ "time": 1.8, "name": "SYSDJ_DR_sysdj108_" },
					{ "time": 1.9, "name": "SYSDJ_DR_sysdj114_" },
					{ "time": 2, "name": "SYSDJ_DR_sysdj120_" },
					{ "time": 2.1, "name": "SYSDJ_DR_sysdj126_" },
					{ "time": 2.2, "name": "SYSDJ_DR_sysdj132_" },
					{ "time": 2.3, "name": "SYSDJ_DR_sysdj138_" },
					{ "time": 2.4, "name": "SYSDJ_DR_sysdj144_" },
					{ "time": 2.5, "name": null },
					{ "time": 3.6, "name": null }
				]
			},
			"SYSDJ_UL_": {
				"attachment": [
					{ "time": 1.3, "name": "SYSDJ_UL_sysdj78_" },
					{ "time": 1.4, "name": "SYSDJ_UL_sysdj84_" },
					{ "time": 1.5, "name": "SYSDJ_UL_sysdj90_" },
					{ "time": 1.6, "name": "SYSDJ_UL_sysdj96_" },
					{ "time": 1.7, "name": "SYSDJ_UL_sysdj102_" },
					{ "time": 1.8, "name": "SYSDJ_UL_sysdj108_" },
					{ "time": 1.9, "name": "SYSDJ_UL_sysdj114_" },
					{ "time": 2, "name": "SYSDJ_UL_sysdj120_" },
					{ "time": 2.1, "name": "SYSDJ_UL_sysdj126_" },
					{ "time": 2.2, "name": "SYSDJ_UL_sysdj132_" },
					{ "time": 2.3, "name": "SYSDJ_UL_sysdj138_" },
					{ "time": 2.4, "name": "SYSDJ_UL_sysdj144_" },
					{ "time": 2.5, "name": null },
					{ "time": 3.6, "name": null }
				]
			},
			"SYSDJ_UR_": {
				"attachment": [
					{ "time": 1.3, "name": "SYSDJ_UR_sysdj78_" },
					{ "time": 1.4, "name": "SYSDJ_UR_sysdj84_" },
					{ "time": 1.5, "name": "SYSDJ_UR_sysdj90_" },
					{ "time": 1.6, "name": "SYSDJ_UR_sysdj96_" },
					{ "time": 1.7, "name": "SYSDJ_UR_sysdj102_" },
					{ "time": 1.8, "name": "SYSDJ_UR_sysdj108_" },
					{ "time": 1.9, "name": "SYSDJ_UR_sysdj114_" },
					{ "time": 2, "name": "SYSDJ_UR_sysdj120_" },
					{ "time": 2.1, "name": "SYSDJ_UR_sysdj126_" },
					{ "time": 2.2, "name": "SYSDJ_UR_sysdj132_" },
					{ "time": 2.3, "name": "SYSDJ_UR_sysdj138_" },
					{ "time": 2.4, "name": "SYSDJ_UR_sysdj144_" },
					{ "time": 2.5, "name": null },
					{ "time": 3.6, "name": null }
				]
			}
		},
		"bones": {
			"ctr": {
				"translate": [
					{ "time": 0, "x": 0, "y": 0 }
				]
			}
		}
	}
}
}