{
"skeleton": { "hash": "5ABwIxKgH9oshFCcxVv8OmmThNo", "spine": "3.7.94", "width": 0, "height": 0 },
"bones": [
	{ "name": "root" },
	{ "name": "ctr", "parent": "root", "scaleX": 1.429, "scaleY": 1.429 },
	{ "name": "SYSDJ_UL_", "parent": "ctr" },
	{ "name": "SYSDJ_UR_", "parent": "ctr" },
	{ "name": "SYSDJ_DL_", "parent": "ctr" },
	{ "name": "SYSDJ_DR_", "parent": "ctr" }
],
"slots": [
	{ "name": "SYSDJ_UL_", "bone": "SYSDJ_UL_" },
	{ "name": "SYSDJ_UR_", "bone": "SYSDJ_UR_" },
	{ "name": "SYSDJ_DL_", "bone": "SYSDJ_DL_" },
	{ "name": "SYSDJ_DR_", "bone": "SYSDJ_DR_" }
],
"skins": {
	"default": {
		"SYSDJ_DL_": {
			"SYSDJ_DL_sysdj0_": { "x": -181.5, "y": -163, "width": 363, "height": 326 },
			"SYSDJ_DL_sysdj6_": { "x": -181.5, "y": -163, "width": 363, "height": 326 },
			"SYSDJ_DL_sysdj12_": { "x": -181.5, "y": -163, "width": 363, "height": 326 },
			"SYSDJ_DL_sysdj18_": { "x": -181.5, "y": -163, "width": 363, "height": 326 },
			"SYSDJ_DL_sysdj24_": { "x": -181.5, "y": -163, "width": 363, "height": 326 },
			"SYSDJ_DL_sysdj30_": { "x": -181.5, "y": -163, "width": 363, "height": 326 },
			"SYSDJ_DL_sysdj36_": { "x": -181.5, "y": -163, "width": 363, "height": 326 },
			"SYSDJ_DL_sysdj42_": { "x": -181.5, "y": -163, "width": 363, "height": 326 },
			"SYSDJ_DL_sysdj48_": { "x": -181.5, "y": -163, "width": 363, "height": 326 },
			"SYSDJ_DL_sysdj54_": { "x": -181.5, "y": -163, "width": 363, "height": 326 },
			"SYSDJ_DL_sysdj60_": { "x": -181.5, "y": -163, "width": 363, "height": 326 },
			"SYSDJ_DL_sysdj66_": { "x": -181.5, "y": -163, "width": 363, "height": 326 },
			"SYSDJ_DL_sysdj72_": { "x": -181.5, "y": -163, "width": 363, "height": 326 }
		},
		"SYSDJ_DR_": {
			"SYSDJ_DR_sysdj0_": { "x": 168.5, "y": -163, "width": 337, "height": 326 },
			"SYSDJ_DR_sysdj6_": { "x": 168.5, "y": -163, "width": 337, "height": 326 },
			"SYSDJ_DR_sysdj12_": { "x": 168.5, "y": -163, "width": 337, "height": 326 },
			"SYSDJ_DR_sysdj18_": { "x": 168.5, "y": -163, "width": 337, "height": 326 },
			"SYSDJ_DR_sysdj24_": { "x": 168.5, "y": -163, "width": 337, "height": 326 },
			"SYSDJ_DR_sysdj30_": { "x": 168.5, "y": -163, "width": 337, "height": 326 },
			"SYSDJ_DR_sysdj36_": { "x": 168.5, "y": -163, "width": 337, "height": 326 },
			"SYSDJ_DR_sysdj42_": { "x": 168.5, "y": -163, "width": 337, "height": 326 },
			"SYSDJ_DR_sysdj48_": { "x": 168.5, "y": -163, "width": 337, "height": 326 },
			"SYSDJ_DR_sysdj54_": { "x": 168.5, "y": -163, "width": 337, "height": 326 },
			"SYSDJ_DR_sysdj60_": { "x": 168.5, "y": -163, "width": 337, "height": 326 },
			"SYSDJ_DR_sysdj66_": { "x": 168.5, "y": -163, "width": 337, "height": 326 },
			"SYSDJ_DR_sysdj72_": { "x": 168.5, "y": -163, "width": 337, "height": 326 }
		},
		"SYSDJ_UL_": {
			"SYSDJ_UL_sysdj0_": { "x": -181.5, "y": 187, "width": 363, "height": 374 },
			"SYSDJ_UL_sysdj6_": { "x": -181.5, "y": 187, "width": 363, "height": 374 },
			"SYSDJ_UL_sysdj12_": { "x": -181.5, "y": 187, "width": 363, "height": 374 },
			"SYSDJ_UL_sysdj18_": { "x": -181.5, "y": 187, "width": 363, "height": 374 },
			"SYSDJ_UL_sysdj24_": { "x": -181.5, "y": 187, "width": 363, "height": 374 },
			"SYSDJ_UL_sysdj30_": { "x": -181.5, "y": 187, "width": 363, "height": 374 },
			"SYSDJ_UL_sysdj36_": { "x": -181.5, "y": 187, "width": 363, "height": 374 },
			"SYSDJ_UL_sysdj42_": { "x": -181.5, "y": 187, "width": 363, "height": 374 },
			"SYSDJ_UL_sysdj48_": { "x": -181.5, "y": 187, "width": 363, "height": 374 },
			"SYSDJ_UL_sysdj54_": { "x": -181.5, "y": 187, "width": 363, "height": 374 },
			"SYSDJ_UL_sysdj60_": { "x": -181.5, "y": 187, "width": 363, "height": 374 },
			"SYSDJ_UL_sysdj66_": { "x": -181.5, "y": 187, "width": 363, "height": 374 },
			"SYSDJ_UL_sysdj72_": { "x": -181.5, "y": 187, "width": 363, "height": 374 }
		},
		"SYSDJ_UR_": {
			"SYSDJ_UR_sysdj0_": { "x": 168.5, "y": 187, "width": 337, "height": 374 },
			"SYSDJ_UR_sysdj6_": { "x": 168.5, "y": 187, "width": 337, "height": 374 },
			"SYSDJ_UR_sysdj12_": { "x": 168.5, "y": 187, "width": 337, "height": 374 },
			"SYSDJ_UR_sysdj18_": { "x": 168.5, "y": 187, "width": 337, "height": 374 },
			"SYSDJ_UR_sysdj24_": { "x": 168.5, "y": 187, "width": 337, "height": 374 },
			"SYSDJ_UR_sysdj30_": { "x": 168.5, "y": 187, "width": 337, "height": 374 },
			"SYSDJ_UR_sysdj36_": { "x": 168.5, "y": 187, "width": 337, "height": 374 },
			"SYSDJ_UR_sysdj42_": { "x": 168.5, "y": 187, "width": 337, "height": 374 },
			"SYSDJ_UR_sysdj48_": { "x": 168.5, "y": 187, "width": 337, "height": 374 },
			"SYSDJ_UR_sysdj54_": { "x": 168.5, "y": 187, "width": 337, "height": 374 },
			"SYSDJ_UR_sysdj60_": { "x": 168.5, "y": 187, "width": 337, "height": 374 },
			"SYSDJ_UR_sysdj66_": { "x": 168.5, "y": 187, "width": 337, "height": 374 },
			"SYSDJ_UR_sysdj72_": { "x": 168.5, "y": 187, "width": 337, "height": 374 }
		}
	}
},
"animations": {
	"animation": {
		"slots": {
			"SYSDJ_DL_": {
				"attachment": [
					{ "time": 0, "name": "SYSDJ_DL_sysdj0_" },
					{ "time": 0.1, "name": "SYSDJ_DL_sysdj6_" },
					{ "time": 0.2, "name": "SYSDJ_DL_sysdj12_" },
					{ "time": 0.3, "name": "SYSDJ_DL_sysdj18_" },
					{ "time": 0.4, "name": "SYSDJ_DL_sysdj24_" },
					{ "time": 0.5, "name": "SYSDJ_DL_sysdj30_" },
					{ "time": 0.6, "name": "SYSDJ_DL_sysdj36_" },
					{ "time": 0.7, "name": "SYSDJ_DL_sysdj42_" },
					{ "time": 0.8, "name": "SYSDJ_DL_sysdj48_" },
					{ "time": 0.9, "name": "SYSDJ_DL_sysdj54_" },
					{ "time": 1, "name": "SYSDJ_DL_sysdj60_" },
					{ "time": 1.1, "name": "SYSDJ_DL_sysdj66_" },
					{ "time": 1.2, "name": "SYSDJ_DL_sysdj72_" },
					{ "time": 1.3, "name": null },
					{ "time": 3.6, "name": null }
				]
			},
			"SYSDJ_DR_": {
				"attachment": [
					{ "time": 0, "name": "SYSDJ_DR_sysdj0_" },
					{ "time": 0.1, "name": "SYSDJ_DR_sysdj6_" },
					{ "time": 0.2, "name": "SYSDJ_DR_sysdj12_" },
					{ "time": 0.3, "name": "SYSDJ_DR_sysdj18_" },
					{ "time": 0.4, "name": "SYSDJ_DR_sysdj24_" },
					{ "time": 0.5, "name": "SYSDJ_DR_sysdj30_" },
					{ "time": 0.6, "name": "SYSDJ_DR_sysdj36_" },
					{ "time": 0.7, "name": "SYSDJ_DR_sysdj42_" },
					{ "time": 0.8, "name": "SYSDJ_DR_sysdj48_" },
					{ "time": 0.9, "name": "SYSDJ_DR_sysdj54_" },
					{ "time": 1, "name": "SYSDJ_DR_sysdj60_" },
					{ "time": 1.1, "name": "SYSDJ_DR_sysdj66_" },
					{ "time": 1.2, "name": "SYSDJ_DR_sysdj72_" },
					{ "time": 1.3, "name": null },
					{ "time": 3.6, "name": null }
				]
			},
			"SYSDJ_UL_": {
				"attachment": [
					{ "time": 0, "name": "SYSDJ_UL_sysdj0_" },
					{ "time": 0.1, "name": "SYSDJ_UL_sysdj6_" },
					{ "time": 0.2, "name": "SYSDJ_UL_sysdj12_" },
					{ "time": 0.3, "name": "SYSDJ_UL_sysdj18_" },
					{ "time": 0.4, "name": "SYSDJ_UL_sysdj24_" },
					{ "time": 0.5, "name": "SYSDJ_UL_sysdj30_" },
					{ "time": 0.6, "name": "SYSDJ_UL_sysdj36_" },
					{ "time": 0.7, "name": "SYSDJ_UL_sysdj42_" },
					{ "time": 0.8, "name": "SYSDJ_UL_sysdj48_" },
					{ "time": 0.9, "name": "SYSDJ_UL_sysdj54_" },
					{ "time": 1, "name": "SYSDJ_UL_sysdj60_" },
					{ "time": 1.1, "name": "SYSDJ_UL_sysdj66_" },
					{ "time": 1.2, "name": "SYSDJ_UL_sysdj72_" },
					{ "time": 1.3, "name": null },
					{ "time": 3.6, "name": null }
				]
			},
			"SYSDJ_UR_": {
				"attachment": [
					{ "time": 0, "name": "SYSDJ_UR_sysdj0_" },
					{ "time": 0.1, "name": "SYSDJ_UR_sysdj6_" },
					{ "time": 0.2, "name": "SYSDJ_UR_sysdj12_" },
					{ "time": 0.3, "name": "SYSDJ_UR_sysdj18_" },
					{ "time": 0.4, "name": "SYSDJ_UR_sysdj24_" },
					{ "time": 0.5, "name": "SYSDJ_UR_sysdj30_" },
					{ "time": 0.6, "name": "SYSDJ_UR_sysdj36_" },
					{ "time": 0.7, "name": "SYSDJ_UR_sysdj42_" },
					{ "time": 0.8, "name": "SYSDJ_UR_sysdj48_" },
					{ "time": 0.9, "name": "SYSDJ_UR_sysdj54_" },
					{ "time": 1, "name": "SYSDJ_UR_sysdj60_" },
					{ "time": 1.1, "name": "SYSDJ_UR_sysdj66_" },
					{ "time": 1.2, "name": "SYSDJ_UR_sysdj72_" },
					{ "time": 1.3, "name": null },
					{ "time": 3.6, "name": null }
				]
			}
		},
		"bones": {
			"ctr": {
				"translate": [
					{ "time": 0, "x": -20, "y": 90 }
				]
			}
		}
	}
}
}