{
"skeleton": { "hash": "hVk0Ps/EVyUShOsMNPnXUZBVuMg", "spine": "2.1.27", "width": 520, "height": 496.24 },
"bones": [
	{ "name": "root" },
	{ "name": "yz_", "parent": "root", "y": 65, "scaleX": 3, "scaleY": 2.5 }
],
"slots": [
	{ "name": "zs_xx_012_02_", "bone": "root", "attachment": "zs_xx_012_02_" },
	{ "name": "zs_xx_012_01_", "bone": "root", "attachment": "zs_xx_012_01_" },
	{ "name": "zs_xx_011_02_", "bone": "root", "attachment": "zs_xx_011_02_" },
	{ "name": "zs_xx_011_01_", "bone": "root", "attachment": "zs_xx_011_01_" },
	{ "name": "zs_xx_010_03_", "bone": "root", "attachment": "zs_xx_010_03_" },
	{ "name": "zs_xx_010_02_", "bone": "root", "attachment": "zs_xx_010_02_" },
	{ "name": "zs_xx_010_01_", "bone": "root", "attachment": "zs_xx_010_01_" },
	{ "name": "zs_xx_009_05_", "bone": "root", "attachment": "zs_xx_009_05_" },
	{ "name": "zs_xx_009_04_", "bone": "root", "attachment": "zs_xx_009_04_" },
	{ "name": "zs_xx_009_03_", "bone": "root", "attachment": "zs_xx_009_03_" },
	{ "name": "zs_xx_009_02_", "bone": "root", "attachment": "zs_xx_009_02_" },
	{ "name": "zs_xx_009_01_", "bone": "root", "attachment": "zs_xx_009_01_" },
	{ "name": "zs_xx_008_03_", "bone": "root", "attachment": "zs_xx_008_03_" },
	{ "name": "zs_xx_008_02_", "bone": "root", "attachment": "zs_xx_008_02_" },
	{ "name": "zs_xx_008_01_", "bone": "root", "attachment": "zs_xx_008_01_" },
	{ "name": "zs_xx_007_03_", "bone": "root", "attachment": "zs_xx_007_03_" },
	{ "name": "zs_xx_007_02_", "bone": "root", "attachment": "zs_xx_007_02_" },
	{ "name": "zs_xx_007_01_", "bone": "root", "attachment": "zs_xx_007_01_" },
	{ "name": "zs_xx_006_04_", "bone": "root", "attachment": "zs_xx_006_04_" },
	{ "name": "zs_xx_006_03_", "bone": "root", "attachment": "zs_xx_006_03_" },
	{ "name": "zs_xx_006_02_", "bone": "root", "attachment": "zs_xx_006_02_" },
	{ "name": "zs_xx_006_01_", "bone": "root", "attachment": "zs_xx_006_01_" },
	{ "name": "zs_xx_005_04_", "bone": "root", "attachment": "zs_xx_005_04_" },
	{ "name": "zs_xx_005_03_", "bone": "root", "attachment": "zs_xx_005_03_" },
	{ "name": "zs_xx_005_02_", "bone": "root", "attachment": "zs_xx_005_02_" },
	{ "name": "zs_xx_005_01_", "bone": "root", "attachment": "zs_xx_005_01_" },
	{ "name": "zs_xx_004_07_", "bone": "root", "attachment": "zs_xx_004_07_" },
	{ "name": "zs_xx_004_06_", "bone": "root", "attachment": "zs_xx_004_06_" },
	{ "name": "zs_xx_004_05_", "bone": "root", "attachment": "zs_xx_004_05_" },
	{ "name": "zs_xx_004_04_", "bone": "root", "attachment": "zs_xx_004_04_" },
	{ "name": "zs_xx_004_03_", "bone": "root", "attachment": "zs_xx_004_03_" },
	{ "name": "zs_xx_004_02_", "bone": "root", "attachment": "zs_xx_004_02_" },
	{ "name": "zs_xx_004_01_", "bone": "root", "attachment": "zs_xx_004_01_" },
	{ "name": "zs_xx_003_07_", "bone": "root", "attachment": "zs_xx_003_07_" },
	{ "name": "zs_xx_003_06_", "bone": "root", "attachment": "zs_xx_003_06_" },
	{ "name": "zs_xx_003_05_", "bone": "root", "attachment": "zs_xx_003_05_" },
	{ "name": "zs_xx_003_04_", "bone": "root", "attachment": "zs_xx_003_04_" },
	{ "name": "zs_xx_003_03_", "bone": "root", "attachment": "zs_xx_003_03_" },
	{ "name": "zs_xx_003_02_", "bone": "root", "attachment": "zs_xx_003_02_" },
	{ "name": "zs_xx_003_01_", "bone": "root", "attachment": "zs_xx_003_01_" },
	{ "name": "zs_xx_002_06_", "bone": "root", "attachment": "zs_xx_002_06_" },
	{ "name": "zs_xx_002_05_", "bone": "root", "attachment": "zs_xx_002_05_" },
	{ "name": "zs_xx_002_04_", "bone": "root", "attachment": "zs_xx_002_04_" },
	{ "name": "zs_xx_002_03_", "bone": "root", "attachment": "zs_xx_002_03_" },
	{ "name": "zs_xx_002_02_", "bone": "root", "attachment": "zs_xx_002_02_" },
	{ "name": "zs_xx_002_01_", "bone": "root", "attachment": "zs_xx_002_01_" },
	{ "name": "zs_xx_001_03_", "bone": "root", "attachment": "zs_xx_001_03_" },
	{ "name": "zs_xx_001_02_", "bone": "root", "attachment": "zs_xx_001_02_" },
	{ "name": "zs_xx_001_01_", "bone": "root", "attachment": "zs_xx_001_01_" },
	{ "name": "zs_xx_000_02_", "bone": "root", "attachment": "zs_xx_000_02_" },
	{ "name": "zs_xx_000_01_", "bone": "root", "attachment": "zs_xx_000_01_" },
	{ "name": "zs_dj_007_03_", "bone": "root", "attachment": "zs_dj_007_03_" },
	{ "name": "zs_dj_007_02_", "bone": "root", "attachment": "zs_dj_007_02_" },
	{ "name": "zs_dj_007_01_", "bone": "root", "attachment": "zs_dj_007_01_" },
	{ "name": "zs_dj_006_02_", "bone": "root", "attachment": "zs_dj_006_02_" },
	{ "name": "zs_dj_006_01_", "bone": "root", "attachment": "zs_dj_006_01_" },
	{ "name": "zs_dj_005_02_", "bone": "root", "attachment": "zs_dj_005_02_" },
	{ "name": "zs_dj_005_01_", "bone": "root", "attachment": "zs_dj_005_01_" },
	{ "name": "zs_dj_004_02_", "bone": "root", "attachment": "zs_dj_004_02_" },
	{ "name": "zs_dj_004_01_", "bone": "root", "attachment": "zs_dj_004_01_" },
	{ "name": "zs_dj_003_02_", "bone": "root", "attachment": "zs_dj_003_02_" },
	{ "name": "zs_dj_003_01_", "bone": "root", "attachment": "zs_dj_003_01_" },
	{ "name": "zs_dj_002_02_", "bone": "root", "attachment": "zs_dj_002_02_" },
	{ "name": "zs_dj_002_01_", "bone": "root", "attachment": "zs_dj_002_01_" },
	{ "name": "zs_dj_001_02_", "bone": "root", "attachment": "zs_dj_001_02_" },
	{ "name": "zs_dj_001_01_", "bone": "root", "attachment": "zs_dj_001_01_" },
	{ "name": "zs_dj_000_03_", "bone": "root", "attachment": "zs_dj_000_03_" },
	{ "name": "zs_dj_000_02_", "bone": "root", "attachment": "zs_dj_000_02_" },
	{ "name": "zs_dj_000_01_", "bone": "root", "attachment": "zs_dj_000_01_" },
	{ "name": "root", "bone": "yz_", "color": "ffffff94", "attachment": "yz_0_" }
],
"skins": {
	"default": {
		"root": {
			"yz_0_": { "width": 85, "height": 85 }
		},
		"zs_dj_000_01_": {
			"zs_dj_000_01_": { "x": -10.49, "y": 329.5, "width": 275, "height": 159 }
		},
		"zs_dj_000_02_": {
			"zs_dj_000_02_": { "x": 16.5, "y": 204, "width": 247, "height": 102 }
		},
		"zs_dj_000_03_": {
			"zs_dj_000_03_": { "x": 3.5, "y": 117, "width": 117, "height": 72 }
		},
		"zs_dj_001_01_": {
			"zs_dj_001_01_": { "x": -0.99, "y": 311.5, "width": 292, "height": 195 }
		},
		"zs_dj_001_02_": {
			"zs_dj_001_02_": { "y": 146.5, "width": 202, "height": 135 }
		},
		"zs_dj_002_01_": {
			"zs_dj_002_01_": { "x": 5, "y": 306.5, "width": 300, "height": 195 }
		},
		"zs_dj_002_02_": {
			"zs_dj_002_02_": { "x": 3, "y": 144, "width": 202, "height": 130 }
		},
		"zs_dj_003_01_": {
			"zs_dj_003_01_": { "x": 5.5, "y": 304.5, "width": 297, "height": 195 }
		},
		"zs_dj_003_02_": {
			"zs_dj_003_02_": { "x": 4, "y": 144, "width": 208, "height": 126 }
		},
		"zs_dj_004_01_": {
			"zs_dj_004_01_": { "x": 5, "y": 305, "width": 304, "height": 198 }
		},
		"zs_dj_004_02_": {
			"zs_dj_004_02_": { "x": 2.5, "y": 147, "width": 197, "height": 118 }
		},
		"zs_dj_005_01_": {
			"zs_dj_005_01_": { "x": 2, "y": 307.5, "width": 316, "height": 219 }
		},
		"zs_dj_005_02_": {
			"zs_dj_005_02_": { "x": 4, "y": 144.5, "width": 184, "height": 107 }
		},
		"zs_dj_006_01_": {
			"zs_dj_006_01_": { "x": 7, "y": 310.5, "width": 330, "height": 241 }
		},
		"zs_dj_006_02_": {
			"zs_dj_006_02_": { "x": 4.5, "y": 142, "width": 181, "height": 96 }
		},
		"zs_dj_007_01_": {
			"zs_dj_007_01_": { "x": -149.99, "y": 423, "width": 28, "height": 36 }
		},
		"zs_dj_007_02_": {
			"zs_dj_007_02_": { "x": 8, "y": 303, "width": 316, "height": 210 }
		},
		"zs_dj_007_03_": {
			"zs_dj_007_03_": { "x": 2, "y": 141.5, "width": 188, "height": 113 }
		},
		"zs_xx_000_01_": {
			"zs_xx_000_01_": { "x": -21.99, "y": 324.5, "width": 276, "height": 189 }
		},
		"zs_xx_000_02_": {
			"zs_xx_000_02_": { "x": 5.5, "y": 160, "width": 197, "height": 140 }
		},
		"zs_xx_001_01_": {
			"zs_xx_001_01_": { "x": -20.49, "y": 328.5, "width": 277, "height": 201 }
		},
		"zs_xx_001_02_": {
			"zs_xx_001_02_": { "x": 1, "y": 166, "width": 200, "height": 124 }
		},
		"zs_xx_001_03_": {
			"zs_xx_001_03_": { "x": 10.5, "y": 81, "width": 51, "height": 46 }
		},
		"zs_xx_002_01_": {
			"zs_xx_002_01_": { "x": -122.99, "y": 371.5, "width": 84, "height": 131 }
		},
		"zs_xx_002_02_": {
			"zs_xx_002_02_": { "x": 5.5, "y": 322.5, "width": 223, "height": 167 }
		},
		"zs_xx_002_03_": {
			"zs_xx_002_03_": { "x": 4, "y": 151, "width": 184, "height": 176 }
		},
		"zs_xx_002_04_": {
			"zs_xx_002_04_": { "x": 236, "y": 404.5, "width": 36, "height": 35 }
		},
		"zs_xx_002_05_": {
			"zs_xx_002_05_": { "x": 110.5, "y": 428, "width": 21, "height": 24 }
		},
		"zs_xx_002_06_": {
			"zs_xx_002_06_": { "x": -144.99, "y": 207, "width": 20, "height": 32 }
		},
		"zs_xx_003_01_": {
			"zs_xx_003_01_": { "x": -14.99, "y": 354, "width": 282, "height": 176 }
		},
		"zs_xx_003_02_": {
			"zs_xx_003_02_": { "x": 15, "y": 179, "width": 168, "height": 174 }
		},
		"zs_xx_003_03_": {
			"zs_xx_003_03_": { "x": -125.49, "y": 213, "width": 97, "height": 56 }
		},
		"zs_xx_003_04_": {
			"zs_xx_003_04_": { "x": 167.5, "y": 296.5, "width": 97, "height": 73 }
		},
		"zs_xx_003_05_": {
			"zs_xx_003_05_": { "x": 163, "y": 172.5, "width": 52, "height": 63 }
		},
		"zs_xx_003_06_": {
			"zs_xx_003_06_": { "x": 244.5, "y": 209, "width": 97, "height": 60 }
		},
		"zs_xx_003_07_": {
			"zs_xx_003_07_": { "x": 224, "y": 387, "width": 54, "height": 52 }
		},
		"zs_xx_004_01_": {
			"zs_xx_004_01_": { "x": -14.99, "y": 338, "width": 274, "height": 198 }
		},
		"zs_xx_004_02_": {
			"zs_xx_004_02_": { "x": -113.49, "y": 211.5, "width": 97, "height": 57 }
		},
		"zs_xx_004_03_": {
			"zs_xx_004_03_": { "x": 7.5, "y": 173, "width": 181, "height": 132 }
		},
		"zs_xx_004_04_": {
			"zs_xx_004_04_": { "x": 210.5, "y": 382, "width": 65, "height": 54 }
		},
		"zs_xx_004_05_": {
			"zs_xx_004_05_": { "x": 167.5, "y": 301.5, "width": 91, "height": 101 }
		},
		"zs_xx_004_06_": {
			"zs_xx_004_06_": { "x": 141.5, "y": 196.5, "width": 87, "height": 109 }
		},
		"zs_xx_004_07_": {
			"zs_xx_004_07_": { "x": 236.5, "y": 212, "width": 103, "height": 64 }
		},
		"zs_xx_005_01_": {
			"zs_xx_005_01_": { "x": -178.99, "y": 359, "width": 96, "height": 38 }
		},
		"zs_xx_005_02_": {
			"zs_xx_005_02_": { "x": 22, "y": 313, "width": 368, "height": 204 }
		},
		"zs_xx_005_03_": {
			"zs_xx_005_03_": { "x": 45, "y": 157.5, "width": 294, "height": 107 }
		},
		"zs_xx_005_04_": {
			"zs_xx_005_04_": { "x": 216.5, "y": 216.5, "width": 37, "height": 41 }
		},
		"zs_xx_006_01_": {
			"zs_xx_006_01_": { "x": -167.49, "y": 354, "width": 107, "height": 50 }
		},
		"zs_xx_006_02_": {
			"zs_xx_006_02_": { "x": 36.5, "y": 319, "width": 329, "height": 214 }
		},
		"zs_xx_006_03_": {
			"zs_xx_006_03_": { "x": 49.5, "y": 161, "width": 257, "height": 102 }
		},
		"zs_xx_006_04_": {
			"zs_xx_006_04_": { "x": 67.5, "y": 86, "width": 85, "height": 48 }
		},
		"zs_xx_007_01_": {
			"zs_xx_007_01_": { "x": 37, "y": 315.5, "width": 304, "height": 215 }
		},
		"zs_xx_007_02_": {
			"zs_xx_007_02_": { "x": 53.5, "y": 161.5, "width": 291, "height": 103 }
		},
		"zs_xx_007_03_": {
			"zs_xx_007_03_": { "x": 70.5, "y": 91, "width": 53, "height": 38 }
		},
		"zs_xx_008_01_": {
			"zs_xx_008_01_": { "x": 50.5, "y": 323, "width": 349, "height": 224 }
		},
		"zs_xx_008_02_": {
			"zs_xx_008_02_": { "x": 3.5, "y": 163.5, "width": 199, "height": 95 }
		},
		"zs_xx_008_03_": {
			"zs_xx_008_03_": { "x": 161.5, "y": 169.5, "width": 105, "height": 83 }
		},
		"zs_xx_009_01_": {
			"zs_xx_009_01_": { "x": 10, "y": 272.5, "width": 260, "height": 263 }
		},
		"zs_xx_009_02_": {
			"zs_xx_009_02_": { "x": 28.5, "y": 429.5, "width": 107, "height": 51 }
		},
		"zs_xx_009_03_": {
			"zs_xx_009_03_": { "x": 185.5, "y": 332.5, "width": 101, "height": 147 }
		},
		"zs_xx_009_04_": {
			"zs_xx_009_04_": { "x": 194.5, "y": 212.5, "width": 109, "height": 103 }
		},
		"zs_xx_009_05_": {
			"zs_xx_009_05_": { "x": 30, "y": 112.5, "width": 192, "height": 57 }
		},
		"zs_xx_010_01_": {
			"zs_xx_010_01_": { "x": 29.5, "y": 325, "width": 297, "height": 204 }
		},
		"zs_xx_010_02_": {
			"zs_xx_010_02_": { "x": -7.49, "y": 163, "width": 181, "height": 120 }
		},
		"zs_xx_010_03_": {
			"zs_xx_010_03_": { "x": 140, "y": 160, "width": 50, "height": 126 }
		},
		"zs_xx_011_01_": {
			"zs_xx_011_01_": { "x": 21, "y": 297, "width": 294, "height": 214 }
		},
		"zs_xx_011_02_": {
			"zs_xx_011_02_": { "x": -8.99, "y": 146, "width": 172, "height": 88 }
		},
		"zs_xx_012_01_": {
			"zs_xx_012_01_": { "x": 24, "y": 296.5, "width": 316, "height": 211 }
		},
		"zs_xx_012_02_": {
			"zs_xx_012_02_": { "x": 6.5, "y": 140, "width": 187, "height": 102 }
		}
	}
},
"animations": {
	"animation": {
		"slots": {
			"zs_dj_000_01_": {
				"attachment": [
					{ "time": 0, "name": "zs_dj_000_01_" },
					{ "time": 0.0666, "name": "zs_dj_000_01_" },
					{ "time": 0.1333, "name": null },
					{ "time": 1.0666, "name": "zs_dj_000_01_" },
					{ "time": 1.1333, "name": "zs_dj_000_01_" },
					{ "time": 1.2, "name": null }
				]
			},
			"zs_dj_000_02_": {
				"attachment": [
					{ "time": 0, "name": "zs_dj_000_02_" },
					{ "time": 0.0666, "name": "zs_dj_000_02_" },
					{ "time": 0.1333, "name": null },
					{ "time": 1.0666, "name": "zs_dj_000_02_" },
					{ "time": 1.1333, "name": "zs_dj_000_02_" },
					{ "time": 1.2, "name": null }
				]
			},
			"zs_dj_000_03_": {
				"attachment": [
					{ "time": 0, "name": "zs_dj_000_03_" },
					{ "time": 0.0666, "name": "zs_dj_000_03_" },
					{ "time": 0.1333, "name": null },
					{ "time": 1.0666, "name": "zs_dj_000_03_" },
					{ "time": 1.1333, "name": "zs_dj_000_03_" },
					{ "time": 1.2, "name": null }
				]
			},
			"zs_dj_001_01_": {
				"attachment": [
					{ "time": 0, "name": null },
					{ "time": 0.0666, "name": null },
					{ "time": 0.1333, "name": "zs_dj_001_01_" },
					{ "time": 0.2, "name": "zs_dj_001_01_" },
					{ "time": 0.2666, "name": null },
					{ "time": 1.0666, "name": null },
					{ "time": 1.1333, "name": null },
					{ "time": 1.2, "name": "zs_dj_001_01_" },
					{ "time": 1.2666, "name": "zs_dj_001_01_" },
					{ "time": 1.3333, "name": null }
				]
			},
			"zs_dj_001_02_": {
				"attachment": [
					{ "time": 0, "name": null },
					{ "time": 0.0666, "name": null },
					{ "time": 0.1333, "name": "zs_dj_001_02_" },
					{ "time": 0.2, "name": "zs_dj_001_02_" },
					{ "time": 0.2666, "name": null },
					{ "time": 1.0666, "name": null },
					{ "time": 1.1333, "name": null },
					{ "time": 1.2, "name": "zs_dj_001_02_" },
					{ "time": 1.2666, "name": "zs_dj_001_02_" },
					{ "time": 1.3333, "name": null }
				]
			},
			"zs_dj_002_01_": {
				"attachment": [
					{ "time": 0, "name": null },
					{ "time": 0.2, "name": null },
					{ "time": 0.2666, "name": "zs_dj_002_01_" },
					{ "time": 0.3333, "name": "zs_dj_002_01_" },
					{ "time": 0.4, "name": null },
					{ "time": 1.0666, "name": null },
					{ "time": 1.2666, "name": null },
					{ "time": 1.3333, "name": "zs_dj_002_01_" },
					{ "time": 1.4, "name": "zs_dj_002_01_" },
					{ "time": 1.4666, "name": null }
				]
			},
			"zs_dj_002_02_": {
				"attachment": [
					{ "time": 0, "name": null },
					{ "time": 0.2, "name": null },
					{ "time": 0.2666, "name": "zs_dj_002_02_" },
					{ "time": 0.3333, "name": "zs_dj_002_02_" },
					{ "time": 0.4, "name": null },
					{ "time": 1.0666, "name": null },
					{ "time": 1.2666, "name": null },
					{ "time": 1.3333, "name": "zs_dj_002_02_" },
					{ "time": 1.4, "name": "zs_dj_002_02_" },
					{ "time": 1.4666, "name": null }
				]
			},
			"zs_dj_003_01_": {
				"attachment": [
					{ "time": 0, "name": null },
					{ "time": 0.3333, "name": null },
					{ "time": 0.4, "name": "zs_dj_003_01_" },
					{ "time": 0.4666, "name": "zs_dj_003_01_" },
					{ "time": 0.5333, "name": null },
					{ "time": 1.0666, "name": null },
					{ "time": 1.4, "name": null },
					{ "time": 1.4666, "name": "zs_dj_003_01_" },
					{ "time": 1.5333, "name": "zs_dj_003_01_" },
					{ "time": 1.6, "name": null }
				]
			},
			"zs_dj_003_02_": {
				"attachment": [
					{ "time": 0, "name": null },
					{ "time": 0.3333, "name": null },
					{ "time": 0.4, "name": "zs_dj_003_02_" },
					{ "time": 0.4666, "name": "zs_dj_003_02_" },
					{ "time": 0.5333, "name": null },
					{ "time": 1.0666, "name": null },
					{ "time": 1.4, "name": null },
					{ "time": 1.4666, "name": "zs_dj_003_02_" },
					{ "time": 1.5333, "name": "zs_dj_003_02_" },
					{ "time": 1.6, "name": null }
				]
			},
			"zs_dj_004_01_": {
				"attachment": [
					{ "time": 0, "name": null },
					{ "time": 0.4666, "name": null },
					{ "time": 0.5333, "name": "zs_dj_004_01_" },
					{ "time": 0.6, "name": "zs_dj_004_01_" },
					{ "time": 0.6666, "name": null },
					{ "time": 1.0666, "name": null },
					{ "time": 1.5333, "name": null },
					{ "time": 1.6, "name": "zs_dj_004_01_" },
					{ "time": 1.6666, "name": "zs_dj_004_01_" },
					{ "time": 1.7333, "name": null }
				]
			},
			"zs_dj_004_02_": {
				"attachment": [
					{ "time": 0, "name": null },
					{ "time": 0.4666, "name": null },
					{ "time": 0.5333, "name": "zs_dj_004_02_" },
					{ "time": 0.6, "name": "zs_dj_004_02_" },
					{ "time": 0.6666, "name": null },
					{ "time": 1.0666, "name": null },
					{ "time": 1.5333, "name": null },
					{ "time": 1.6, "name": "zs_dj_004_02_" },
					{ "time": 1.6666, "name": "zs_dj_004_02_" },
					{ "time": 1.7333, "name": null }
				]
			},
			"zs_dj_005_01_": {
				"attachment": [
					{ "time": 0, "name": null },
					{ "time": 0.6, "name": null },
					{ "time": 0.6666, "name": "zs_dj_005_01_" },
					{ "time": 0.7333, "name": "zs_dj_005_01_" },
					{ "time": 0.8, "name": null },
					{ "time": 1.0666, "name": null },
					{ "time": 1.6666, "name": null },
					{ "time": 1.7333, "name": "zs_dj_005_01_" },
					{ "time": 1.8, "name": "zs_dj_005_01_" },
					{ "time": 1.8666, "name": null }
				]
			},
			"zs_dj_005_02_": {
				"attachment": [
					{ "time": 0, "name": null },
					{ "time": 0.6, "name": null },
					{ "time": 0.6666, "name": "zs_dj_005_02_" },
					{ "time": 0.7333, "name": "zs_dj_005_02_" },
					{ "time": 0.8, "name": null },
					{ "time": 1.0666, "name": null },
					{ "time": 1.6666, "name": null },
					{ "time": 1.7333, "name": "zs_dj_005_02_" },
					{ "time": 1.8, "name": "zs_dj_005_02_" },
					{ "time": 1.8666, "name": null }
				]
			},
			"zs_dj_006_01_": {
				"attachment": [
					{ "time": 0, "name": null },
					{ "time": 0.7333, "name": null },
					{ "time": 0.8, "name": "zs_dj_006_01_" },
					{ "time": 0.8666, "name": "zs_dj_006_01_" },
					{ "time": 0.9333, "name": null },
					{ "time": 1.0666, "name": null },
					{ "time": 1.8, "name": null },
					{ "time": 1.8666, "name": "zs_dj_006_01_" },
					{ "time": 1.9333, "name": "zs_dj_006_01_" },
					{ "time": 2, "name": null }
				]
			},
			"zs_dj_006_02_": {
				"attachment": [
					{ "time": 0, "name": null },
					{ "time": 0.7333, "name": null },
					{ "time": 0.8, "name": "zs_dj_006_02_" },
					{ "time": 0.8666, "name": "zs_dj_006_02_" },
					{ "time": 0.9333, "name": null },
					{ "time": 1.0666, "name": null },
					{ "time": 1.8, "name": null },
					{ "time": 1.8666, "name": "zs_dj_006_02_" },
					{ "time": 1.9333, "name": "zs_dj_006_02_" },
					{ "time": 2, "name": null }
				]
			},
			"zs_dj_007_01_": {
				"attachment": [
					{ "time": 0, "name": null },
					{ "time": 0.8666, "name": null },
					{ "time": 0.9333, "name": "zs_dj_007_01_" },
					{ "time": 1, "name": "zs_dj_007_01_" },
					{ "time": 1.0666, "name": null },
					{ "time": 1.9333, "name": null },
					{ "time": 2, "name": "zs_dj_007_01_" },
					{ "time": 2.0666, "name": "zs_dj_007_01_" },
					{ "time": 2.1333, "name": null }
				]
			},
			"zs_dj_007_02_": {
				"attachment": [
					{ "time": 0, "name": null },
					{ "time": 0.8666, "name": null },
					{ "time": 0.9333, "name": "zs_dj_007_02_" },
					{ "time": 1, "name": "zs_dj_007_02_" },
					{ "time": 1.0666, "name": null },
					{ "time": 1.9333, "name": null },
					{ "time": 2, "name": "zs_dj_007_02_" },
					{ "time": 2.0666, "name": "zs_dj_007_02_" },
					{ "time": 2.1333, "name": null }
				]
			},
			"zs_dj_007_03_": {
				"attachment": [
					{ "time": 0, "name": null },
					{ "time": 0.8666, "name": null },
					{ "time": 0.9333, "name": "zs_dj_007_03_" },
					{ "time": 1, "name": "zs_dj_007_03_" },
					{ "time": 1.0666, "name": null },
					{ "time": 1.9333, "name": null },
					{ "time": 2, "name": "zs_dj_007_03_" },
					{ "time": 2.0666, "name": "zs_dj_007_03_" },
					{ "time": 2.1333, "name": null }
				]
			},
			"zs_xx_000_01_": {
				"attachment": [
					{ "time": 0, "name": null },
					{ "time": 2.0666, "name": null },
					{ "time": 2.1333, "name": "zs_xx_000_01_" },
					{ "time": 2.2, "name": "zs_xx_000_01_" },
					{ "time": 2.2666, "name": null }
				]
			},
			"zs_xx_000_02_": {
				"attachment": [
					{ "time": 0, "name": null },
					{ "time": 2.0666, "name": null },
					{ "time": 2.1333, "name": "zs_xx_000_02_" },
					{ "time": 2.2, "name": "zs_xx_000_02_" },
					{ "time": 2.2666, "name": null }
				]
			},
			"zs_xx_001_01_": {
				"attachment": [
					{ "time": 0, "name": null },
					{ "time": 2.2, "name": null },
					{ "time": 2.2666, "name": "zs_xx_001_01_" },
					{ "time": 2.3333, "name": "zs_xx_001_01_" },
					{ "time": 2.4, "name": null }
				]
			},
			"zs_xx_001_02_": {
				"attachment": [
					{ "time": 0, "name": null },
					{ "time": 2.2, "name": null },
					{ "time": 2.2666, "name": "zs_xx_001_02_" },
					{ "time": 2.3333, "name": "zs_xx_001_02_" },
					{ "time": 2.4, "name": null }
				]
			},
			"zs_xx_001_03_": {
				"attachment": [
					{ "time": 0, "name": null },
					{ "time": 2.2, "name": null },
					{ "time": 2.2666, "name": "zs_xx_001_03_" },
					{ "time": 2.3333, "name": "zs_xx_001_03_" },
					{ "time": 2.4, "name": null }
				]
			},
			"zs_xx_002_01_": {
				"attachment": [
					{ "time": 0, "name": null },
					{ "time": 2.3333, "name": null },
					{ "time": 2.4, "name": "zs_xx_002_01_" },
					{ "time": 2.4666, "name": "zs_xx_002_01_" },
					{ "time": 2.5333, "name": null }
				]
			},
			"zs_xx_002_02_": {
				"attachment": [
					{ "time": 0, "name": null },
					{ "time": 2.3333, "name": null },
					{ "time": 2.4, "name": "zs_xx_002_02_" },
					{ "time": 2.4666, "name": "zs_xx_002_02_" },
					{ "time": 2.5333, "name": null }
				]
			},
			"zs_xx_002_03_": {
				"attachment": [
					{ "time": 0, "name": null },
					{ "time": 2.3333, "name": null },
					{ "time": 2.4, "name": "zs_xx_002_03_" },
					{ "time": 2.4666, "name": "zs_xx_002_03_" },
					{ "time": 2.5333, "name": null }
				]
			},
			"zs_xx_002_04_": {
				"attachment": [
					{ "time": 0, "name": null },
					{ "time": 2.3333, "name": null },
					{ "time": 2.4, "name": "zs_xx_002_04_" },
					{ "time": 2.4666, "name": "zs_xx_002_04_" },
					{ "time": 2.5333, "name": null }
				]
			},
			"zs_xx_002_05_": {
				"attachment": [
					{ "time": 0, "name": null },
					{ "time": 2.3333, "name": null },
					{ "time": 2.4, "name": "zs_xx_002_05_" },
					{ "time": 2.4666, "name": "zs_xx_002_05_" },
					{ "time": 2.5333, "name": null }
				]
			},
			"zs_xx_002_06_": {
				"attachment": [
					{ "time": 0, "name": null },
					{ "time": 2.3333, "name": null },
					{ "time": 2.4, "name": "zs_xx_002_06_" },
					{ "time": 2.4666, "name": "zs_xx_002_06_" },
					{ "time": 2.5333, "name": null }
				]
			},
			"zs_xx_003_01_": {
				"attachment": [
					{ "time": 0, "name": null },
					{ "time": 2.4666, "name": null },
					{ "time": 2.5333, "name": "zs_xx_003_01_" },
					{ "time": 2.6, "name": "zs_xx_003_01_" },
					{ "time": 2.6666, "name": null }
				]
			},
			"zs_xx_003_02_": {
				"attachment": [
					{ "time": 0, "name": null },
					{ "time": 2.4666, "name": null },
					{ "time": 2.5333, "name": "zs_xx_003_02_" },
					{ "time": 2.6, "name": "zs_xx_003_02_" },
					{ "time": 2.6666, "name": null }
				]
			},
			"zs_xx_003_03_": {
				"attachment": [
					{ "time": 0, "name": null },
					{ "time": 2.4666, "name": null },
					{ "time": 2.5333, "name": "zs_xx_003_03_" },
					{ "time": 2.6, "name": "zs_xx_003_03_" },
					{ "time": 2.6666, "name": null }
				]
			},
			"zs_xx_003_04_": {
				"attachment": [
					{ "time": 0, "name": null },
					{ "time": 2.4666, "name": null },
					{ "time": 2.5333, "name": "zs_xx_003_04_" },
					{ "time": 2.6, "name": "zs_xx_003_04_" },
					{ "time": 2.6666, "name": null }
				]
			},
			"zs_xx_003_05_": {
				"attachment": [
					{ "time": 0, "name": null },
					{ "time": 2.4666, "name": null },
					{ "time": 2.5333, "name": "zs_xx_003_05_" },
					{ "time": 2.6, "name": "zs_xx_003_05_" },
					{ "time": 2.6666, "name": null }
				]
			},
			"zs_xx_003_06_": {
				"attachment": [
					{ "time": 0, "name": null },
					{ "time": 2.4666, "name": null },
					{ "time": 2.5333, "name": "zs_xx_003_06_" },
					{ "time": 2.6, "name": "zs_xx_003_06_" },
					{ "time": 2.6666, "name": null }
				]
			},
			"zs_xx_003_07_": {
				"attachment": [
					{ "time": 0, "name": null },
					{ "time": 2.4666, "name": null },
					{ "time": 2.5333, "name": "zs_xx_003_07_" },
					{ "time": 2.6, "name": "zs_xx_003_07_" },
					{ "time": 2.6666, "name": null }
				]
			},
			"zs_xx_004_01_": {
				"attachment": [
					{ "time": 0, "name": null },
					{ "time": 2.6, "name": null },
					{ "time": 2.6666, "name": "zs_xx_004_01_" },
					{ "time": 2.7333, "name": "zs_xx_004_01_" },
					{ "time": 2.8, "name": null }
				]
			},
			"zs_xx_004_02_": {
				"attachment": [
					{ "time": 0, "name": null },
					{ "time": 2.6, "name": null },
					{ "time": 2.6666, "name": "zs_xx_004_02_" },
					{ "time": 2.7333, "name": "zs_xx_004_02_" },
					{ "time": 2.8, "name": null }
				]
			},
			"zs_xx_004_03_": {
				"attachment": [
					{ "time": 0, "name": null },
					{ "time": 2.6, "name": null },
					{ "time": 2.6666, "name": "zs_xx_004_03_" },
					{ "time": 2.7333, "name": "zs_xx_004_03_" },
					{ "time": 2.8, "name": null }
				]
			},
			"zs_xx_004_04_": {
				"attachment": [
					{ "time": 0, "name": null },
					{ "time": 2.6, "name": null },
					{ "time": 2.6666, "name": "zs_xx_004_04_" },
					{ "time": 2.7333, "name": "zs_xx_004_04_" },
					{ "time": 2.8, "name": null }
				]
			},
			"zs_xx_004_05_": {
				"attachment": [
					{ "time": 0, "name": null },
					{ "time": 2.6, "name": null },
					{ "time": 2.6666, "name": "zs_xx_004_05_" },
					{ "time": 2.7333, "name": "zs_xx_004_05_" },
					{ "time": 2.8, "name": null }
				]
			},
			"zs_xx_004_06_": {
				"attachment": [
					{ "time": 0, "name": null },
					{ "time": 2.6, "name": null },
					{ "time": 2.6666, "name": "zs_xx_004_06_" },
					{ "time": 2.7333, "name": "zs_xx_004_06_" },
					{ "time": 2.8, "name": null }
				]
			},
			"zs_xx_004_07_": {
				"attachment": [
					{ "time": 0, "name": null },
					{ "time": 2.6, "name": null },
					{ "time": 2.6666, "name": "zs_xx_004_07_" },
					{ "time": 2.7333, "name": "zs_xx_004_07_" },
					{ "time": 2.8, "name": null }
				]
			},
			"zs_xx_005_01_": {
				"attachment": [
					{ "time": 0, "name": null },
					{ "time": 2.7333, "name": null },
					{ "time": 2.8, "name": "zs_xx_005_01_" },
					{ "time": 2.8666, "name": "zs_xx_005_01_" },
					{ "time": 2.9333, "name": null }
				]
			},
			"zs_xx_005_02_": {
				"attachment": [
					{ "time": 0, "name": null },
					{ "time": 2.7333, "name": null },
					{ "time": 2.8, "name": "zs_xx_005_02_" },
					{ "time": 2.8666, "name": "zs_xx_005_02_" },
					{ "time": 2.9333, "name": null }
				]
			},
			"zs_xx_005_03_": {
				"attachment": [
					{ "time": 0, "name": null },
					{ "time": 2.7333, "name": null },
					{ "time": 2.8, "name": "zs_xx_005_03_" },
					{ "time": 2.8666, "name": "zs_xx_005_03_" },
					{ "time": 2.9333, "name": null }
				]
			},
			"zs_xx_005_04_": {
				"attachment": [
					{ "time": 0, "name": null },
					{ "time": 2.7333, "name": null },
					{ "time": 2.8, "name": "zs_xx_005_04_" },
					{ "time": 2.8666, "name": "zs_xx_005_04_" },
					{ "time": 2.9333, "name": null }
				]
			},
			"zs_xx_006_01_": {
				"attachment": [
					{ "time": 0, "name": null },
					{ "time": 2.8666, "name": null },
					{ "time": 2.9333, "name": "zs_xx_006_01_" },
					{ "time": 3, "name": "zs_xx_006_01_" },
					{ "time": 3.0666, "name": null }
				]
			},
			"zs_xx_006_02_": {
				"attachment": [
					{ "time": 0, "name": null },
					{ "time": 2.8666, "name": null },
					{ "time": 2.9333, "name": "zs_xx_006_02_" },
					{ "time": 3, "name": "zs_xx_006_02_" },
					{ "time": 3.0666, "name": null }
				]
			},
			"zs_xx_006_03_": {
				"attachment": [
					{ "time": 0, "name": null },
					{ "time": 2.8666, "name": null },
					{ "time": 2.9333, "name": "zs_xx_006_03_" },
					{ "time": 3, "name": "zs_xx_006_03_" },
					{ "time": 3.0666, "name": null }
				]
			},
			"zs_xx_006_04_": {
				"attachment": [
					{ "time": 0, "name": null },
					{ "time": 2.8666, "name": null },
					{ "time": 2.9333, "name": "zs_xx_006_04_" },
					{ "time": 3, "name": "zs_xx_006_04_" },
					{ "time": 3.0666, "name": null }
				]
			},
			"zs_xx_007_01_": {
				"attachment": [
					{ "time": 0, "name": null },
					{ "time": 3, "name": null },
					{ "time": 3.0666, "name": "zs_xx_007_01_" },
					{ "time": 3.1333, "name": "zs_xx_007_01_" },
					{ "time": 3.2, "name": null }
				]
			},
			"zs_xx_007_02_": {
				"attachment": [
					{ "time": 0, "name": null },
					{ "time": 3, "name": null },
					{ "time": 3.0666, "name": "zs_xx_007_02_" },
					{ "time": 3.1333, "name": "zs_xx_007_02_" },
					{ "time": 3.2, "name": null }
				]
			},
			"zs_xx_007_03_": {
				"attachment": [
					{ "time": 0, "name": null },
					{ "time": 3, "name": null },
					{ "time": 3.0666, "name": "zs_xx_007_03_" },
					{ "time": 3.1333, "name": "zs_xx_007_03_" },
					{ "time": 3.2, "name": null }
				]
			},
			"zs_xx_008_01_": {
				"attachment": [
					{ "time": 0, "name": null },
					{ "time": 3.1333, "name": null },
					{ "time": 3.2, "name": "zs_xx_008_01_" },
					{ "time": 3.2666, "name": "zs_xx_008_01_" },
					{ "time": 3.3333, "name": null }
				]
			},
			"zs_xx_008_02_": {
				"attachment": [
					{ "time": 0, "name": null },
					{ "time": 3.1333, "name": null },
					{ "time": 3.2, "name": "zs_xx_008_02_" },
					{ "time": 3.2666, "name": "zs_xx_008_02_" },
					{ "time": 3.3333, "name": null }
				]
			},
			"zs_xx_008_03_": {
				"attachment": [
					{ "time": 0, "name": null },
					{ "time": 3.1333, "name": null },
					{ "time": 3.2, "name": "zs_xx_008_03_" },
					{ "time": 3.2666, "name": "zs_xx_008_03_" },
					{ "time": 3.3333, "name": null }
				]
			},
			"zs_xx_009_01_": {
				"attachment": [
					{ "time": 0, "name": null },
					{ "time": 3.2666, "name": null },
					{ "time": 3.3333, "name": "zs_xx_009_01_" },
					{ "time": 3.4, "name": "zs_xx_009_01_" },
					{ "time": 3.4666, "name": null }
				]
			},
			"zs_xx_009_02_": {
				"attachment": [
					{ "time": 0, "name": null },
					{ "time": 3.2666, "name": null },
					{ "time": 3.3333, "name": "zs_xx_009_02_" },
					{ "time": 3.4, "name": "zs_xx_009_02_" },
					{ "time": 3.4666, "name": null }
				]
			},
			"zs_xx_009_03_": {
				"attachment": [
					{ "time": 0, "name": null },
					{ "time": 3.2666, "name": null },
					{ "time": 3.3333, "name": "zs_xx_009_03_" },
					{ "time": 3.4, "name": "zs_xx_009_03_" },
					{ "time": 3.4666, "name": null }
				]
			},
			"zs_xx_009_04_": {
				"attachment": [
					{ "time": 0, "name": null },
					{ "time": 3.2666, "name": null },
					{ "time": 3.3333, "name": "zs_xx_009_04_" },
					{ "time": 3.4, "name": "zs_xx_009_04_" },
					{ "time": 3.4666, "name": null }
				]
			},
			"zs_xx_009_05_": {
				"attachment": [
					{ "time": 0, "name": null },
					{ "time": 3.2666, "name": null },
					{ "time": 3.3333, "name": "zs_xx_009_05_" },
					{ "time": 3.4, "name": "zs_xx_009_05_" },
					{ "time": 3.4666, "name": null }
				]
			},
			"zs_xx_010_01_": {
				"attachment": [
					{ "time": 0, "name": null },
					{ "time": 3.4, "name": null },
					{ "time": 3.4666, "name": "zs_xx_010_01_" },
					{ "time": 3.5333, "name": "zs_xx_010_01_" },
					{ "time": 3.6, "name": null }
				]
			},
			"zs_xx_010_02_": {
				"attachment": [
					{ "time": 0, "name": null },
					{ "time": 3.4, "name": null },
					{ "time": 3.4666, "name": "zs_xx_010_02_" },
					{ "time": 3.5333, "name": "zs_xx_010_02_" },
					{ "time": 3.6, "name": null }
				]
			},
			"zs_xx_010_03_": {
				"attachment": [
					{ "time": 0, "name": null },
					{ "time": 3.4, "name": null },
					{ "time": 3.4666, "name": "zs_xx_010_03_" },
					{ "time": 3.5333, "name": "zs_xx_010_03_" },
					{ "time": 3.6, "name": null }
				]
			},
			"zs_xx_011_01_": {
				"attachment": [
					{ "time": 0, "name": null },
					{ "time": 3.5333, "name": null },
					{ "time": 3.6, "name": "zs_xx_011_01_" },
					{ "time": 3.6666, "name": "zs_xx_011_01_" },
					{ "time": 3.7333, "name": null }
				]
			},
			"zs_xx_011_02_": {
				"attachment": [
					{ "time": 0, "name": null },
					{ "time": 3.5333, "name": null },
					{ "time": 3.6, "name": "zs_xx_011_02_" },
					{ "time": 3.6666, "name": "zs_xx_011_02_" },
					{ "time": 3.7333, "name": null }
				]
			},
			"zs_xx_012_01_": {
				"attachment": [
					{ "time": 0, "name": null },
					{ "time": 3.6666, "name": null },
					{ "time": 3.7333, "name": "zs_xx_012_01_" },
					{ "time": 3.8, "name": "zs_xx_012_01_" },
					{ "time": 3.8666, "name": null }
				]
			},
			"zs_xx_012_02_": {
				"attachment": [
					{ "time": 0, "name": null },
					{ "time": 3.6666, "name": null },
					{ "time": 3.7333, "name": "zs_xx_012_02_" },
					{ "time": 3.8, "name": "zs_xx_012_02_" },
					{ "time": 3.8666, "name": null }
				]
			}
		}
	}
}
}