{"skeleton":{"hash":"0KQIiMtaBI9k781UIVawutju+Bk","spine":"3.7.94","width":358,"height":295,"images":"./images/","audio":"F:/COK项目/Spine工程/翅膀—海王"},"bones":[{"name":"root"},{"name":"chibang_L","parent":"root","scaleX":1.25,"scaleY":1.25},{"name":"head_L_","parent":"root","scaleX":1.25,"scaleY":1.25},{"name":"lizi","parent":"root","scaleX":1.25,"scaleY":1.25},{"name":"lightning","parent":"root","scaleX":1.25,"scaleY":1.25},{"name":"head_R","parent":"root","scaleX":1.25,"scaleY":1.25},{"name":"chibang_L2","parent":"root","scaleX":-1.25,"scaleY":1.25},{"name":"water","parent":"root","scaleX":1.39,"scaleY":1.39},{"name":"water2","parent":"root","scaleX":-1.39,"scaleY":1.39},{"name":"lizi2","parent":"root","scaleX":-1.25,"scaleY":1.25}],"slots":[{"name":"chibang_L","bone":"chibang_L"},{"name":"chibang_L2","bone":"chibang_L2"},{"name":"head_R","bone":"head_R"},{"name":"head_L_","bone":"head_L_"},{"name":"lightning","bone":"lightning","blend":"additive"},{"name":"water","bone":"water","blend":"additive"},{"name":"water2","bone":"water2","blend":"additive"},{"name":"lizi","bone":"lizi","blend":"additive"},{"name":"lizi2","bone":"lizi2","blend":"additive"}],"skins":{"default":{"chibang_L":{"chibang_00_":{"width":368,"height":368},"chibang_02_":{"width":368,"height":368},"chibang_04_":{"width":368,"height":368},"chibang_06_":{"width":368,"height":368},"chibang_08_":{"width":368,"height":368},"chibang_10_":{"width":368,"height":368},"chibang_12_":{"width":368,"height":368},"chibang_14_":{"width":368,"height":368},"chibang_16_":{"width":368,"height":368},"chibang_18_":{"width":368,"height":368},"chibang_20_":{"width":368,"height":368},"chibang_22_":{"width":368,"height":368},"chibang_24_":{"width":368,"height":368},"chibang_26_":{"width":368,"height":368},"chibang_28_":{"width":368,"height":368},"chibang_30_":{"width":368,"height":368},"chibang_32_":{"width":368,"height":368},"chibang_34_":{"width":368,"height":368},"chibang_36_":{"width":368,"height":368},"chibang_38_":{"width":368,"height":368},"chibang_40_":{"width":368,"height":368},"chibang_42_":{"width":368,"height":368},"chibang_44_":{"width":368,"height":368},"chibang_46_":{"width":368,"height":368},"chibang_48_":{"width":368,"height":368}},"chibang_L2":{"chibang_00_":{"width":368,"height":368},"chibang_02_":{"width":368,"height":368},"chibang_04_":{"width":368,"height":368},"chibang_06_":{"width":368,"height":368},"chibang_08_":{"width":368,"height":368},"chibang_10_":{"width":368,"height":368},"chibang_12_":{"width":368,"height":368},"chibang_14_":{"width":368,"height":368},"chibang_16_":{"width":368,"height":368},"chibang_18_":{"width":368,"height":368},"chibang_20_":{"width":368,"height":368},"chibang_22_":{"width":368,"height":368},"chibang_24_":{"width":368,"height":368},"chibang_26_":{"width":368,"height":368},"chibang_28_":{"width":368,"height":368},"chibang_30_":{"width":368,"height":368},"chibang_32_":{"width":368,"height":368},"chibang_34_":{"width":368,"height":368},"chibang_36_":{"width":368,"height":368},"chibang_38_":{"width":368,"height":368},"chibang_40_":{"width":368,"height":368},"chibang_42_":{"width":368,"height":368},"chibang_44_":{"width":368,"height":368},"chibang_46_":{"width":368,"height":368},"chibang_48_":{"width":368,"height":368}},"head_L_":{"head_L_00_":{"y":0.63,"width":144,"height":205},"head_L_02_":{"y":0.5,"width":144,"height":205},"head_L_04_":{"y":0.5,"width":144,"height":205},"head_L_06_":{"y":0.5,"width":144,"height":205},"head_L_08_":{"y":0.5,"width":144,"height":205},"head_L_10_":{"y":0.5,"width":144,"height":205},"head_L_12_":{"y":0.5,"width":144,"height":205},"head_L_14_":{"y":0.5,"width":144,"height":205},"head_L_16_":{"y":0.5,"width":144,"height":205},"head_L_18_":{"y":0.5,"width":144,"height":205},"head_L_20_":{"y":0.5,"width":144,"height":205},"head_L_22_":{"y":0.5,"width":144,"height":205},"head_L_24_":{"y":0.5,"width":144,"height":205},"head_L_26_":{"y":0.5,"width":144,"height":205},"head_L_28_":{"y":0.5,"width":144,"height":205},"head_L_30_":{"y":0.5,"width":144,"height":205},"head_L_32_":{"y":0.5,"width":144,"height":205},"head_L_34_":{"y":0.5,"width":144,"height":205},"head_L_36_":{"y":0.5,"width":144,"height":205},"head_L_38_":{"y":0.5,"width":144,"height":205},"head_L_40_":{"y":0.5,"width":144,"height":205},"head_L_42_":{"y":0.5,"width":144,"height":205},"head_L_44_":{"y":0.5,"width":144,"height":205},"head_L_46_":{"y":0.5,"width":144,"height":205},"head_L_48_":{"y":0.5,"width":144,"height":205}},"head_R":{"head_R_00_":{"y":0.5,"width":144,"height":205},"head_R_02_":{"y":0.5,"width":144,"height":205},"head_R_04_":{"y":0.5,"width":144,"height":205},"head_R_06_":{"y":0.5,"width":144,"height":205},"head_R_08_":{"y":0.5,"width":144,"height":205},"head_R_10_":{"y":0.5,"width":144,"height":205},"head_R_12_":{"y":0.5,"width":144,"height":205},"head_R_14_":{"y":0.5,"width":144,"height":205},"head_R_16_":{"y":0.5,"width":144,"height":205},"head_R_18_":{"y":0.5,"width":144,"height":205},"head_R_20_":{"y":0.5,"width":144,"height":205},"head_R_22_":{"y":0.5,"width":144,"height":205},"head_R_24_":{"y":0.5,"width":144,"height":205},"head_R_26_":{"y":0.5,"width":144,"height":205},"head_R_28_":{"y":0.5,"width":144,"height":205},"head_R_30_":{"y":0.5,"width":144,"height":205},"head_R_32_":{"y":0.5,"width":144,"height":205},"head_R_34_":{"y":0.5,"width":144,"height":205},"head_R_36_":{"y":0.5,"width":144,"height":205},"head_R_38_":{"y":0.5,"width":144,"height":205},"head_R_40_":{"y":0.5,"width":144,"height":205},"head_R_42_":{"y":0.5,"width":144,"height":205},"head_R_44_":{"y":0.5,"width":144,"height":205},"head_R_46_":{"y":0.5,"width":144,"height":205},"head_R_48_":{"y":0.5,"width":144,"height":205}},"lightning":{"lightning_00_":{"y":0.5,"width":288,"height":205},"lightning_02_":{"y":0.5,"width":288,"height":205},"lightning_04_":{"y":0.5,"width":288,"height":205},"lightning_06_":{"y":0.5,"width":288,"height":205},"lightning_08_":{"y":0.5,"width":288,"height":205},"lightning_10_":{"y":0.5,"width":288,"height":205},"lightning_12_":{"y":0.5,"width":288,"height":205},"lightning_14_":{"y":0.5,"width":288,"height":205},"lightning_16_":{"y":0.5,"width":288,"height":205},"lightning_18_":{"y":0.5,"width":288,"height":205},"lightning_20_":{"y":0.5,"width":288,"height":205},"lightning_22_":{"y":0.5,"width":288,"height":205},"lightning_24_":{"y":0.5,"width":288,"height":205},"lightning_26_":{"y":0.5,"width":288,"height":205}},"lizi":{"lizi_00_":{"y":0.5,"width":160,"height":205},"lizi_02_":{"y":0.5,"width":160,"height":205},"lizi_04_":{"y":0.5,"width":160,"height":205},"lizi_06_":{"y":0.5,"width":160,"height":205},"lizi_08_":{"y":0.5,"width":160,"height":205},"lizi_10_":{"y":0.5,"width":160,"height":205},"lizi_12_":{"y":0.5,"width":160,"height":205},"lizi_14_":{"y":0.5,"width":160,"height":205},"lizi_16_":{"y":0.5,"width":160,"height":205},"lizi_18_":{"y":0.5,"width":160,"height":205},"lizi_20_":{"y":0.5,"width":160,"height":205},"lizi_22_":{"y":0.5,"width":160,"height":205},"lizi_24_":{"y":0.5,"width":160,"height":205},"lizi_26_":{"y":0.5,"width":160,"height":205},"lizi_28_":{"y":0.5,"width":160,"height":205},"lizi_30_":{"y":0.5,"width":160,"height":205},"lizi_32_":{"y":0.5,"width":160,"height":205},"lizi_34_":{"y":0.5,"width":160,"height":205},"lizi_36_":{"y":0.5,"width":160,"height":205},"lizi_38_":{"y":0.5,"width":160,"height":205},"lizi_40_":{"y":0.5,"width":160,"height":205},"lizi_42_":{"y":0.5,"width":160,"height":205},"lizi_44_":{"y":0.5,"width":160,"height":205},"lizi_46_":{"y":0.5,"width":160,"height":205},"lizi_48_":{"y":0.5,"width":160,"height":205}},"lizi2":{"lizi_00_":{"y":0.5,"width":160,"height":205},"lizi_02_":{"y":0.5,"width":160,"height":205},"lizi_04_":{"y":0.5,"width":160,"height":205},"lizi_06_":{"y":0.5,"width":160,"height":205},"lizi_08_":{"y":0.5,"width":160,"height":205},"lizi_10_":{"y":0.5,"width":160,"height":205},"lizi_12_":{"y":0.5,"width":160,"height":205},"lizi_14_":{"y":0.5,"width":160,"height":205},"lizi_16_":{"y":0.5,"width":160,"height":205},"lizi_18_":{"y":0.5,"width":160,"height":205},"lizi_20_":{"y":0.5,"width":160,"height":205},"lizi_22_":{"y":0.5,"width":160,"height":205},"lizi_24_":{"y":0.5,"width":160,"height":205},"lizi_26_":{"y":0.5,"width":160,"height":205},"lizi_28_":{"y":0.5,"width":160,"height":205},"lizi_30_":{"y":0.5,"width":160,"height":205},"lizi_32_":{"y":0.5,"width":160,"height":205},"lizi_34_":{"y":0.5,"width":160,"height":205},"lizi_36_":{"y":0.5,"width":160,"height":205},"lizi_38_":{"y":0.5,"width":160,"height":205},"lizi_40_":{"y":0.5,"width":160,"height":205},"lizi_42_":{"y":0.5,"width":160,"height":205},"lizi_44_":{"y":0.5,"width":160,"height":205},"lizi_46_":{"y":0.5,"width":160,"height":205},"lizi_48_":{"y":0.5,"width":160,"height":205}},"water":{"water_00_":{"width":369,"height":369},"water_02_":{"width":369,"height":369},"water_04_":{"width":369,"height":369},"water_06_":{"width":369,"height":369},"water_08_":{"width":369,"height":369},"water_10_":{"width":369,"height":369},"water_12_":{"width":369,"height":369},"water_14_":{"width":369,"height":369},"water_16_":{"width":369,"height":369},"water_18_":{"width":369,"height":369},"water_20_":{"width":369,"height":369},"water_22_":{"width":369,"height":369},"water_24_":{"width":369,"height":369},"water_26_":{"width":369,"height":369},"water_28_":{"width":369,"height":369},"water_30_":{"width":369,"height":369},"water_32_":{"width":369,"height":369},"water_34_":{"width":369,"height":369},"water_36_":{"width":369,"height":369},"water_38_":{"width":369,"height":369},"water_40_":{"width":369,"height":369},"water_42_":{"width":369,"height":369},"water_44_":{"width":369,"height":369},"water_46_":{"width":369,"height":369},"water_48_":{"width":369,"height":369}},"water2":{"water_00_":{"width":369,"height":369},"water_02_":{"width":369,"height":369},"water_04_":{"width":369,"height":369},"water_06_":{"width":369,"height":369},"water_08_":{"width":369,"height":369},"water_10_":{"width":369,"height":369},"water_12_":{"width":369,"height":369},"water_14_":{"width":369,"height":369},"water_16_":{"width":369,"height":369},"water_18_":{"width":369,"height":369},"water_20_":{"width":369,"height":369},"water_22_":{"width":369,"height":369},"water_24_":{"width":369,"height":369},"water_26_":{"width":369,"height":369},"water_28_":{"width":369,"height":369},"water_30_":{"width":369,"height":369},"water_32_":{"width":369,"height":369},"water_34_":{"width":369,"height":369},"water_36_":{"width":369,"height":369},"water_38_":{"width":369,"height":369},"water_40_":{"width":369,"height":369},"water_42_":{"width":369,"height":369},"water_44_":{"width":369,"height":369},"water_46_":{"width":369,"height":369},"water_48_":{"width":369,"height":369}}}},"animations":{"animation":{"slots":{"chibang_L":{"attachment":[{"time":0,"name":"chibang_00_"},{"time":0.0667,"name":"chibang_02_"},{"time":0.1333,"name":"chibang_04_"},{"time":0.2,"name":"chibang_06_"},{"time":0.2667,"name":"chibang_08_"},{"time":0.3333,"name":"chibang_10_"},{"time":0.4,"name":"chibang_12_"},{"time":0.4667,"name":"chibang_14_"},{"time":0.5333,"name":"chibang_16_"},{"time":0.6,"name":"chibang_18_"},{"time":0.6667,"name":"chibang_20_"},{"time":0.7333,"name":"chibang_22_"},{"time":0.8,"name":"chibang_24_"},{"time":0.8667,"name":"chibang_26_"},{"time":0.9333,"name":"chibang_28_"},{"time":1,"name":"chibang_30_"},{"time":1.0667,"name":"chibang_32_"},{"time":1.1333,"name":"chibang_34_"},{"time":1.2,"name":"chibang_36_"},{"time":1.2667,"name":"chibang_38_"},{"time":1.3333,"name":"chibang_40_"},{"time":1.4,"name":"chibang_42_"},{"time":1.4667,"name":"chibang_44_"},{"time":1.5333,"name":"chibang_46_"},{"time":1.6,"name":"chibang_48_"}]},"chibang_L2":{"attachment":[{"time":0,"name":"chibang_00_"},{"time":0.0667,"name":"chibang_02_"},{"time":0.1333,"name":"chibang_04_"},{"time":0.2,"name":"chibang_06_"},{"time":0.2667,"name":"chibang_08_"},{"time":0.3333,"name":"chibang_10_"},{"time":0.4,"name":"chibang_12_"},{"time":0.4667,"name":"chibang_14_"},{"time":0.5333,"name":"chibang_16_"},{"time":0.6,"name":"chibang_18_"},{"time":0.6667,"name":"chibang_20_"},{"time":0.7333,"name":"chibang_22_"},{"time":0.8,"name":"chibang_24_"},{"time":0.8667,"name":"chibang_26_"},{"time":0.9333,"name":"chibang_28_"},{"time":1,"name":"chibang_30_"},{"time":1.0667,"name":"chibang_32_"},{"time":1.1333,"name":"chibang_34_"},{"time":1.2,"name":"chibang_36_"},{"time":1.2667,"name":"chibang_38_"},{"time":1.3333,"name":"chibang_40_"},{"time":1.4,"name":"chibang_42_"},{"time":1.4667,"name":"chibang_44_"},{"time":1.5333,"name":"chibang_46_"},{"time":1.6,"name":"chibang_48_"}]},"head_L_":{"attachment":[{"time":0,"name":"head_L_00_"},{"time":0.0667,"name":"head_L_02_"},{"time":0.1333,"name":"head_L_04_"},{"time":0.2,"name":"head_L_06_"},{"time":0.2667,"name":"head_L_08_"},{"time":0.3333,"name":"head_L_10_"},{"time":0.4,"name":"head_L_12_"},{"time":0.4667,"name":"head_L_14_"},{"time":0.5333,"name":"head_L_16_"},{"time":0.6,"name":"head_L_18_"},{"time":0.6667,"name":"head_L_20_"},{"time":0.7333,"name":"head_L_22_"},{"time":0.8,"name":"head_L_24_"},{"time":0.8667,"name":"head_L_26_"},{"time":0.9333,"name":"head_L_28_"},{"time":1,"name":"head_L_30_"},{"time":1.0667,"name":"head_L_32_"},{"time":1.1333,"name":"head_L_34_"},{"time":1.2,"name":"head_L_36_"},{"time":1.2667,"name":"head_L_38_"},{"time":1.3333,"name":"head_L_40_"},{"time":1.4,"name":"head_L_42_"},{"time":1.4667,"name":"head_L_44_"},{"time":1.5333,"name":"head_L_46_"},{"time":1.6,"name":"head_L_48_"}]},"head_R":{"attachment":[{"time":0,"name":"head_R_00_"},{"time":0.0667,"name":"head_R_02_"},{"time":0.1333,"name":"head_R_04_"},{"time":0.2,"name":"head_R_06_"},{"time":0.2667,"name":"head_R_08_"},{"time":0.3333,"name":"head_R_10_"},{"time":0.4,"name":"head_R_12_"},{"time":0.4667,"name":"head_R_14_"},{"time":0.5333,"name":"head_R_16_"},{"time":0.6,"name":"head_R_18_"},{"time":0.6667,"name":"head_R_20_"},{"time":0.7333,"name":"head_R_22_"},{"time":0.8,"name":"head_R_24_"},{"time":0.8667,"name":"head_R_26_"},{"time":0.9333,"name":"head_R_28_"},{"time":1,"name":"head_R_30_"},{"time":1.0667,"name":"head_R_32_"},{"time":1.1333,"name":"head_R_34_"},{"time":1.2,"name":"head_R_36_"},{"time":1.2667,"name":"head_R_38_"},{"time":1.3333,"name":"head_R_40_"},{"time":1.4,"name":"head_R_42_"},{"time":1.4667,"name":"head_R_44_"},{"time":1.5333,"name":"head_R_46_"},{"time":1.6,"name":"head_R_48_"}]},"lightning":{"attachment":[{"time":0,"name":"lightning_00_"},{"time":0.0667,"name":"lightning_02_"},{"time":0.1333,"name":"lightning_04_"},{"time":0.2,"name":"lightning_06_"},{"time":0.2667,"name":"lightning_08_"},{"time":0.3333,"name":"lightning_10_"},{"time":0.4,"name":"lightning_12_"},{"time":0.4667,"name":"lightning_14_"},{"time":0.5333,"name":"lightning_16_"},{"time":0.6,"name":"lightning_18_"},{"time":0.6667,"name":"lightning_20_"},{"time":0.7333,"name":"lightning_22_"},{"time":0.8,"name":"lightning_24_"},{"time":0.8667,"name":"lightning_26_"},{"time":0.9333,"name":null}]},"lizi":{"attachment":[{"time":0,"name":"lizi_00_"},{"time":0.0667,"name":"lizi_02_"},{"time":0.1333,"name":"lizi_04_"},{"time":0.2,"name":"lizi_06_"},{"time":0.2667,"name":"lizi_08_"},{"time":0.3333,"name":"lizi_10_"},{"time":0.4,"name":"lizi_12_"},{"time":0.4667,"name":"lizi_14_"},{"time":0.5333,"name":"lizi_16_"},{"time":0.6,"name":"lizi_18_"},{"time":0.6667,"name":"lizi_20_"},{"time":0.7333,"name":"lizi_22_"},{"time":0.8,"name":"lizi_24_"},{"time":0.8667,"name":"lizi_26_"},{"time":0.9333,"name":"lizi_28_"},{"time":1,"name":"lizi_30_"},{"time":1.0667,"name":"lizi_32_"},{"time":1.1333,"name":"lizi_34_"},{"time":1.2,"name":"lizi_36_"},{"time":1.2667,"name":"lizi_38_"},{"time":1.3333,"name":"lizi_40_"},{"time":1.4,"name":"lizi_42_"},{"time":1.4667,"name":"lizi_44_"},{"time":1.5333,"name":"lizi_46_"},{"time":1.6,"name":"lizi_48_"},{"time":1.6667,"name":null}]},"lizi2":{"attachment":[{"time":0,"name":"lizi_00_"},{"time":0.0667,"name":"lizi_02_"},{"time":0.1333,"name":"lizi_04_"},{"time":0.2,"name":"lizi_06_"},{"time":0.2667,"name":"lizi_08_"},{"time":0.3333,"name":"lizi_10_"},{"time":0.4,"name":"lizi_12_"},{"time":0.4667,"name":"lizi_14_"},{"time":0.5333,"name":"lizi_16_"},{"time":0.6,"name":"lizi_18_"},{"time":0.6667,"name":"lizi_20_"},{"time":0.7333,"name":"lizi_22_"},{"time":0.8,"name":"lizi_24_"},{"time":0.8667,"name":"lizi_26_"},{"time":0.9333,"name":"lizi_28_"},{"time":1,"name":"lizi_30_"},{"time":1.0667,"name":"lizi_32_"},{"time":1.1333,"name":"lizi_34_"},{"time":1.2,"name":"lizi_36_"},{"time":1.2667,"name":"lizi_38_"},{"time":1.3333,"name":"lizi_40_"},{"time":1.4,"name":"lizi_42_"},{"time":1.4667,"name":"lizi_44_"},{"time":1.5333,"name":"lizi_46_"},{"time":1.6,"name":"lizi_48_"},{"time":1.6667,"name":null}]},"water":{"attachment":[{"time":0,"name":"water_00_"},{"time":0.0667,"name":"water_02_"},{"time":0.1333,"name":"water_04_"},{"time":0.2,"name":"water_06_"},{"time":0.2667,"name":"water_08_"},{"time":0.3333,"name":"water_10_"},{"time":0.4,"name":"water_12_"},{"time":0.4667,"name":"water_14_"},{"time":0.5333,"name":"water_16_"},{"time":0.6,"name":"water_18_"},{"time":0.6667,"name":"water_20_"},{"time":0.7333,"name":"water_22_"},{"time":0.8,"name":"water_24_"},{"time":0.8667,"name":"water_26_"},{"time":0.9333,"name":"water_28_"},{"time":1,"name":"water_30_"},{"time":1.0667,"name":"water_32_"},{"time":1.1333,"name":"water_34_"},{"time":1.2,"name":"water_36_"},{"time":1.2667,"name":"water_38_"},{"time":1.3333,"name":"water_40_"},{"time":1.4,"name":"water_42_"},{"time":1.4667,"name":"water_44_"},{"time":1.5333,"name":"water_46_"},{"time":1.6,"name":"water_48_"}]},"water2":{"attachment":[{"time":0,"name":"water_00_"},{"time":0.0667,"name":"water_02_"},{"time":0.1333,"name":"water_04_"},{"time":0.2,"name":"water_06_"},{"time":0.2667,"name":"water_08_"},{"time":0.3333,"name":"water_10_"},{"time":0.4,"name":"water_12_"},{"time":0.4667,"name":"water_14_"},{"time":0.5333,"name":"water_16_"},{"time":0.6,"name":"water_18_"},{"time":0.6667,"name":"water_20_"},{"time":0.7333,"name":"water_22_"},{"time":0.8,"name":"water_24_"},{"time":0.8667,"name":"water_26_"},{"time":0.9333,"name":"water_28_"},{"time":1,"name":"water_30_"},{"time":1.0667,"name":"water_32_"},{"time":1.1333,"name":"water_34_"},{"time":1.2,"name":"water_36_"},{"time":1.2667,"name":"water_38_"},{"time":1.3333,"name":"water_40_"},{"time":1.4,"name":"water_42_"},{"time":1.4667,"name":"water_44_"},{"time":1.5333,"name":"water_46_"},{"time":1.6,"name":"water_48_"}]}},"bones":{"chibang_L":{"translate":[{"time":0,"x":-257,"y":201}]},"chibang_L2":{"translate":[{"time":0,"x":243,"y":201}]},"water":{"translate":[{"time":0,"x":-284,"y":145.92}]},"water2":{"translate":[{"time":0,"x":267.26,"y":145.92}]},"head_R":{"translate":[{"time":0,"x":99,"y":125}]},"head_L_":{"translate":[{"time":0,"x":-112.15,"y":122.17}]},"lightning":{"translate":[{"time":0,"x":6.21,"y":69.19}],"scale":[{"time":0,"x":1.324,"y":1.028}]},"lizi":{"translate":[{"time":0,"x":-117.02,"y":91.58}]},"lizi2":{"translate":[{"time":0,"x":105.58,"y":91.58}]}}}}}