{
"skeleton": { "hash": "EhQ5Wjg8+Rr4ca5c5EuuEHWvpcY", "spine": "3.7.94", "width": 0, "height": 0 },
"bones": [
	{ "name": "root" },
	{ "name": "ui", "parent": "root", "y": 11.94 },
	{ "name": "guangqiu", "parent": "root", "y": 36.84, "scaleY": 1.194 },
	{ "name": "quan_a1", "parent": "root", "y": -2.77 },
	{ "name": "quan_b1", "parent": "root", "y": -1.51 }
],
"slots": [
	{ "name": "quan_2", "bone": "quan_b1", "blend": "additive" },
	{ "name": "quan_", "bone": "quan_a1", "blend": "additive" },
	{ "name": "zhuzi1_", "bone": "ui" },
	{ "name": "zhuzi2_guang_", "bone": "ui" },
	{ "name": "guagnqiu_", "bone": "guangqiu", "blend": "additive" }
],
"skins": {
	"default": {
		"guagnqiu_": {
			"guangqiu_": { "x": 1.98, "y": -0.89, "width": 230, "height": 172 }
		},
		"quan_": {
			"quan_": { "width": 188, "height": 115 }
		},
		"quan_2": {
			"guangqiu_": { "width": 230, "height": 172 }
		},
		"zhuzi1_": {
			"zhuzi1_": { "y": 30.14, "width": 83, "height": 94 }
		},
		"zhuzi2_guang_": {
			"zhuzi2_guang_": { "y": 30.14, "width": 83, "height": 94 }
		}
	}
},
"animations": {
	"1_start": {
		"slots": {
			"guagnqiu_": {
				"color": [
					{ "time": 0, "color": "ffffff00" },
					{ "time": 0.1333, "color": "ffffffa9" },
					{ "time": 0.5, "color": "ffffff00" }
				],
				"attachment": [
					{ "time": 0, "name": "guangqiu_" }
				]
			},
			"quan_": {
				"color": [
					{ "time": 0.1, "color": "ffffff00" },
					{ "time": 0.3333, "color": "ffffffff" },
					{ "time": 0.6667, "color": "ffffff00" }
				],
				"attachment": [
					{ "time": 0, "name": null },
					{ "time": 0.1, "name": "quan_" },
					{ "time": 0.6667, "name": null }
				]
			},
			"quan_2": {
				"color": [
					{ "time": 0.1, "color": "ffffff00" },
					{ "time": 0.3333, "color": "ffffffff" },
					{ "time": 0.6667, "color": "ffffff00" }
				],
				"attachment": [
					{ "time": 0, "name": null },
					{ "time": 0.1, "name": "guangqiu_" },
					{ "time": 0.6667, "name": null }
				]
			},
			"zhuzi1_": {
				"color": [
					{ "time": 0, "color": "ffffff00" },
					{ "time": 0.1, "color": "ffffffff", "curve": "stepped" },
					{ "time": 0.6667, "color": "ffffffff" }
				],
				"attachment": [
					{ "time": 0, "name": "zhuzi1_" }
				]
			},
			"zhuzi2_guang_": {
				"color": [
					{ "time": 0, "color": "ffffff00", "curve": "stepped" },
					{ "time": 0.1, "color": "ffffff00" },
					{ "time": 0.6667, "color": "ffffffff" }
				],
				"attachment": [
					{ "time": 0, "name": "zhuzi2_guang_" }
				]
			}
		},
		"bones": {
			"ui": {
				"translate": [
					{ "time": 0, "x": 0, "y": 49.62 },
					{ "time": 0.1, "x": 0, "y": -1.26 },
					{ "time": 0.2333, "x": 0, "y": 26.33 },
					{ "time": 0.3667, "x": 0, "y": 0, "curve": "stepped" },
					{ "time": 0.6667, "x": 0, "y": 0 }
				],
				"scale": [
					{
						"time": 0,
						"x": 0.862,
						"y": 1,
						"curve": [ 0.25, 0, 0.75, 1 ]
					},
					{
						"time": 0.1,
						"x": 0.992,
						"y": 0.933,
						"curve": [ 0.25, 0, 0.75, 1 ]
					},
					{
						"time": 0.2333,
						"x": 0.949,
						"y": 0.998,
						"curve": [ 0.25, 0, 0.75, 1 ]
					},
					{
						"time": 0.3667,
						"x": 1.003,
						"y": 0.948,
						"curve": [ 0.25, 0, 0.75, 1 ]
					},
					{ "time": 0.5, "x": 1, "y": 1 }
				]
			},
			"guangqiu": {
				"scale": [
					{ "time": 0, "x": 0.408, "y": 0.408 },
					{ "time": 0.0667, "x": 0.854, "y": 0.854 },
					{ "time": 0.5, "x": 1.365, "y": 1.365 }
				]
			},
			"quan_a1": {
				"scale": [
					{
						"time": 0.1,
						"x": 0.435,
						"y": 0.435,
						"curve": [ 0.25, 0, 0.75, 1 ]
					},
					{ "time": 0.6667, "x": 1, "y": 1 }
				]
			},
			"quan_b1": {
				"scale": [
					{
						"time": 0.1,
						"x": 0.896,
						"y": 0.435,
						"curve": [ 0.257, 0, 0.619, 0.46 ]
					},
					{ "time": 0.6667, "x": 1.461, "y": 1 }
				]
			}
		}
	},
	"2_loop": {
		"slots": {
			"quan_": {
				"color": [
					{ "time": 0, "color": "ffffff00", "curve": "stepped" },
					{ "time": 0.2333, "color": "ffffff00" },
					{ "time": 0.4667, "color": "ffffffff" },
					{ "time": 1.0667, "color": "ffffff00", "curve": "stepped" },
					{ "time": 1.1333, "color": "ffffff00" },
					{ "time": 1.5333, "color": "ffffffff" },
					{ "time": 2, "color": "ffffff00" }
				],
				"attachment": [
					{ "time": 0, "name": null },
					{ "time": 0.2333, "name": "quan_" },
					{ "time": 1.0667, "name": null },
					{ "time": 1.1333, "name": "quan_" },
					{ "time": 2, "name": null }
				]
			},
			"quan_2": {
				"color": [
					{ "time": 0, "color": "ffffff00", "curve": "stepped" },
					{ "time": 0.1667, "color": "ffffff00" },
					{ "time": 0.3667, "color": "ffffffff" },
					{ "time": 0.8, "color": "ffffff00", "curve": "stepped" },
					{ "time": 1.1333, "color": "ffffff00" },
					{ "time": 1.3333, "color": "ffffffff" },
					{ "time": 1.9, "color": "ffffff00" }
				],
				"attachment": [
					{ "time": 0, "name": null },
					{ "time": 0.1667, "name": "guangqiu_" },
					{ "time": 0.8, "name": null },
					{ "time": 1.1333, "name": "guangqiu_" },
					{ "time": 1.9, "name": null }
				]
			},
			"zhuzi1_": {
				"color": [
					{ "time": 0, "color": "ffffffff" }
				],
				"attachment": [
					{ "time": 0, "name": "zhuzi1_" }
				]
			},
			"zhuzi2_guang_": {
				"color": [
					{ "time": 0, "color": "ffffffff" },
					{ "time": 0.3333, "color": "ffffff64" },
					{ "time": 0.6667, "color": "ffffffff" },
					{ "time": 1, "color": "ffffff64" },
					{ "time": 1.3333, "color": "ffffffff" },
					{ "time": 1.6667, "color": "ffffff64" },
					{ "time": 2, "color": "ffffffff" }
				],
				"attachment": [
					{ "time": 0, "name": "zhuzi2_guang_" }
				]
			}
		},
		"bones": {
			"ui": {
				"translate": [
					{ "time": 0, "x": 0, "y": 0 },
					{ "time": 0.1667, "x": 0, "y": 8.71 },
					{ "time": 0.2667, "x": 0, "y": -1.96 },
					{ "time": 0.3333, "x": 0, "y": 0 },
					{ "time": 0.4333, "x": 0, "y": 10.25 },
					{ "time": 0.5333, "x": 0, "y": -1.96 },
					{ "time": 0.6, "x": 0, "y": 0, "curve": "stepped" },
					{
						"time": 0.8333,
						"x": 0,
						"y": 0,
						"curve": [ 0.286, 0.17, 0.692, 0.75 ]
					},
					{ "time": 1.3, "x": 0, "y": 3.54 },
					{ "time": 1.4, "x": 0, "y": -2.6 },
					{ "time": 1.5667, "x": 0, "y": 3.12 },
					{
						"time": 1.7,
						"x": 0,
						"y": -2.76,
						"curve": [ 0.372, 0.48, 0.752, 1 ]
					},
					{ "time": 2, "x": 0, "y": 0 }
				]
			},
			"quan_a1": {
				"scale": [
					{ "time": 0, "x": 1, "y": 1 },
					{
						"time": 0.2333,
						"x": 0.435,
						"y": 0.435,
						"curve": [ 0.25, 0, 0.75, 1 ]
					},
					{
						"time": 1.0667,
						"x": 0.905,
						"y": 0.905,
						"curve": [ 0.378, 0.6, 0.722, 1 ]
					},
					{
						"time": 1.1333,
						"x": 0.5,
						"y": 0.5,
						"curve": [ 0.25, 0, 0.75, 1 ]
					},
					{ "time": 2, "x": 0.766, "y": 0.766 }
				]
			},
			"quan_b1": {
				"scale": [
					{ "time": 0, "x": 1.461, "y": 1 },
					{
						"time": 0.1667,
						"x": 0.646,
						"y": 0.296,
						"curve": [ 0.25, 0, 0.75, 1 ]
					},
					{ "time": 0.8, "x": 1.211, "y": 0.861 },
					{
						"time": 1.1333,
						"x": 0.463,
						"y": 0.197,
						"curve": [ 0.274, 0, 0.62, 0.4 ]
					},
					{
						"time": 1.3333,
						"x": 0.574,
						"y": 0.308,
						"curve": [ 0.336, 0.34, 0.758, 1 ]
					},
					{ "time": 1.9, "x": 1.028, "y": 0.763 }
				]
			}
		}
	}
}
}