{"skeleton":{"hash":"AvttieeFYolWtPBKo2QGliSX3Kk","spine":"3.7.94","width":270,"height":100,"images":"./images/","audio":""},"bones":[{"name":"root"},{"name":"gq_","parent":"root","x":0.47,"y":10.41},{"name":"add","parent":"root","scaleX":1.25,"scaleY":1.25},{"name":"gq_2","parent":"root","x":0.47,"y":-3.93,"scaleX":3.069,"scaleY":1.254}],"slots":[{"name":"gq_2","bone":"gq_2","color":"ffa3a3ff"},{"name":"gq_","bone":"gq_"},{"name":"liang_","bone":"root"},{"name":"zhitianxinchangmingpai_","bone":"root","attachment":"zhitianxinchangmingpai_"},{"name":"add_00_","bone":"add","blend":"additive"},{"name":"add_01_","bone":"add","blend":"additive"},{"name":"add_02_","bone":"add","blend":"additive"},{"name":"add_03_","bone":"add","blend":"additive"},{"name":"add_04_","bone":"add","blend":"additive"},{"name":"add_05_","bone":"add","blend":"additive"},{"name":"add_06_","bone":"add","blend":"additive"},{"name":"add_07_","bone":"add","blend":"additive"},{"name":"add_08_","bone":"add","blend":"additive"},{"name":"add_09_","bone":"add","blend":"additive"},{"name":"add_10_","bone":"add","blend":"additive"},{"name":"add_11_","bone":"add","blend":"additive"},{"name":"add_12_","bone":"add","blend":"additive"},{"name":"add_13_","bone":"add","blend":"additive"},{"name":"add_14_","bone":"add","blend":"additive"},{"name":"add_15_","bone":"add","blend":"additive"},{"name":"add_16_","bone":"add","blend":"additive"},{"name":"add_17_","bone":"add","blend":"additive"},{"name":"add_18_","bone":"add","blend":"additive"},{"name":"add_19_","bone":"add","blend":"additive"},{"name":"hong_","bone":"root","blend":"additive"}],"skins":{"default":{"add_00_":{"add_00_":{"width":270,"height":100}},"add_01_":{"add_01_":{"width":270,"height":100}},"add_02_":{"add_02_":{"width":270,"height":100}},"add_03_":{"add_03_":{"width":270,"height":100}},"add_04_":{"add_04_":{"width":270,"height":100}},"add_05_":{"add_05_":{"width":270,"height":100}},"add_06_":{"add_06_":{"width":270,"height":100}},"add_07_":{"add_07_":{"width":270,"height":100}},"add_08_":{"add_08_":{"width":270,"height":100}},"add_09_":{"add_09_":{"width":270,"height":100}},"add_10_":{"add_10_":{"width":270,"height":100}},"add_11_":{"add_11_":{"width":270,"height":100}},"add_12_":{"add_12_":{"width":270,"height":100}},"add_13_":{"add_13_":{"width":270,"height":100}},"add_14_":{"add_14_":{"width":270,"height":100}},"add_15_":{"add_15_":{"width":270,"height":100}},"add_16_":{"add_16_":{"width":270,"height":100}},"add_17_":{"add_17_":{"width":270,"height":100}},"add_18_":{"add_18_":{"width":270,"height":100}},"add_19_":{"add_19_":{"width":270,"height":100}},"gq_":{"gq_":{"x":0.03,"y":-7.41,"scaleX":2.224,"scaleY":2.224,"width":50,"height":42}},"gq_2":{"gq_":{"x":0.03,"y":-7.41,"scaleX":2.224,"scaleY":2.224,"width":50,"height":42}},"hong_":{"hong_":{"x":0.5,"y":-20,"scaleX":2,"scaleY":2,"width":121,"height":24}},"liang_":{"liang_":{"scaleX":2,"scaleY":2,"width":135,"height":50}},"zhitianxinchangmingpai_":{"zhitianxinchangmingpai_":{"width":270,"height":100}}}},"animations":{"animation":{"slots":{"add_00_":{"color":[{"time":0,"color":"ffffffdf"},{"time":0.0333,"color":"ffffffff"},{"time":0.1667,"color":"ffffff00","curve":"stepped"},{"time":1.9667,"color":"ffffff00"},{"time":2.2333,"color":"ffffffdf"}],"attachment":[{"time":0,"name":"add_00_"}]},"add_01_":{"color":[{"time":0,"color":"ffffff00"},{"time":0.1333,"color":"ffffffff"},{"time":0.3,"color":"ffffff00"}],"attachment":[{"time":0,"name":"add_01_"}]},"add_02_":{"color":[{"time":0,"color":"ffffff00","curve":"stepped"},{"time":0.1,"color":"ffffff00"},{"time":0.2667,"color":"ffffffff"},{"time":0.4,"color":"ffffff00"}],"attachment":[{"time":0,"name":"add_02_"}]},"add_03_":{"color":[{"time":0,"color":"ffffff00","curve":"stepped"},{"time":0.2333,"color":"ffffff00"},{"time":0.3667,"color":"ffffffff"},{"time":0.5,"color":"ffffff00"}],"attachment":[{"time":0,"name":"add_03_"}]},"add_04_":{"color":[{"time":0,"color":"ffffff00","curve":"stepped"},{"time":0.3333,"color":"ffffff00"},{"time":0.5,"color":"ffffffff"},{"time":0.6333,"color":"ffffff00"}],"attachment":[{"time":0,"name":"add_04_"}]},"add_05_":{"color":[{"time":0,"color":"ffffff00","curve":"stepped"},{"time":0.4667,"color":"ffffff00"},{"time":0.6,"color":"ffffffff"},{"time":0.7333,"color":"ffffff00"}],"attachment":[{"time":0,"name":"add_05_"}]},"add_06_":{"color":[{"time":0,"color":"ffffff00","curve":"stepped"},{"time":0.5667,"color":"ffffff00"},{"time":0.7,"color":"ffffffff"},{"time":0.8667,"color":"ffffff00"}],"attachment":[{"time":0,"name":"add_06_"}]},"add_07_":{"color":[{"time":0,"color":"ffffff00","curve":"stepped"},{"time":0.7,"color":"ffffff00"},{"time":0.8333,"color":"ffffffff"},{"time":0.9667,"color":"ffffff00"}],"attachment":[{"time":0,"name":"add_07_"}]},"add_08_":{"color":[{"time":0,"color":"ffffff00","curve":"stepped"},{"time":0.8,"color":"ffffff00"},{"time":0.9333,"color":"ffffffff"},{"time":1.1,"color":"ffffff00"}],"attachment":[{"time":0,"name":"add_08_"}]},"add_09_":{"color":[{"time":0,"color":"ffffff00","curve":"stepped"},{"time":0.9333,"color":"ffffff00"},{"time":1.0667,"color":"ffffffff"},{"time":1.2,"color":"ffffff00"}],"attachment":[{"time":0,"name":"add_09_"}]},"add_10_":{"color":[{"time":0,"color":"ffffff00","curve":"stepped"},{"time":1.0333,"color":"ffffff00"},{"time":1.1667,"color":"ffffffff"},{"time":1.3333,"color":"ffffff00"}],"attachment":[{"time":0,"name":"add_10_"}]},"add_11_":{"color":[{"time":0,"color":"ffffff00","curve":"stepped"},{"time":1.1333,"color":"ffffff00"},{"time":1.3,"color":"ffffffff"},{"time":1.4333,"color":"ffffff00"}],"attachment":[{"time":0,"name":"add_11_"}]},"add_12_":{"color":[{"time":0,"color":"ffffff00","curve":"stepped"},{"time":1.2667,"color":"ffffff00"},{"time":1.4,"color":"ffffffff"},{"time":1.5667,"color":"ffffff00"}],"attachment":[{"time":0,"name":"add_12_"}]},"add_13_":{"color":[{"time":0,"color":"ffffff00","curve":"stepped"},{"time":1.3667,"color":"ffffff00"},{"time":1.5333,"color":"ffffffff"},{"time":1.6667,"color":"ffffff00"}],"attachment":[{"time":0,"name":"add_13_"}]},"add_14_":{"color":[{"time":0,"color":"ffffff00","curve":"stepped"},{"time":1.5,"color":"ffffff00"},{"time":1.6333,"color":"ffffffff"},{"time":1.7667,"color":"ffffff00"}],"attachment":[{"time":0,"name":"add_14_"}]},"add_15_":{"color":[{"time":0,"color":"ffffff00","curve":"stepped"},{"time":1.6,"color":"ffffff00"},{"time":1.7667,"color":"ffffffff"},{"time":1.9,"color":"ffffff00"}],"attachment":[{"time":0,"name":"add_15_"}]},"add_16_":{"color":[{"time":0,"color":"ffffff00","curve":"stepped"},{"time":1.7333,"color":"ffffff00"},{"time":1.8667,"color":"ffffffff"},{"time":2,"color":"ffffff00"}],"attachment":[{"time":0,"name":"add_16_"}]},"add_17_":{"color":[{"time":0,"color":"ffffff00","curve":"stepped"},{"time":1.8333,"color":"ffffff00"},{"time":1.9667,"color":"ffffffff"},{"time":2.1333,"color":"ffffff00"}],"attachment":[{"time":0,"name":"add_17_"}]},"add_18_":{"color":[{"time":0,"color":"ffffff00","curve":"stepped"},{"time":1.9667,"color":"ffffff00"},{"time":2.1,"color":"ffffffff"},{"time":2.2333,"color":"ffffff00"}],"attachment":[{"time":0,"name":"add_18_"}]},"add_19_":{"color":[{"time":0,"color":"ffffffda"},{"time":0.1667,"color":"ffffff00","curve":"stepped"},{"time":2.0667,"color":"ffffff00"},{"time":2.2,"color":"ffffffff"},{"time":2.2333,"color":"ffffffda"}],"attachment":[{"time":0,"name":"add_19_"}]},"gq_":{"attachment":[{"time":0,"name":"gq_"}]},"gq_2":{"attachment":[{"time":0,"name":"gq_"}]},"hong_":{"attachment":[{"time":0,"name":"hong_"}]},"liang_":{"attachment":[{"time":0,"name":"liang_"}]}},"bones":{"gq_":{"scale":[{"time":0,"x":1.553,"y":1.209},{"time":0.5333,"x":1.153,"y":0.898},{"time":1.1,"x":1.553,"y":1.209},{"time":1.6667,"x":1.119,"y":0.872},{"time":2.2333,"x":1.553,"y":1.209}]},"gq_2":{"translate":[{"time":0,"x":0,"y":5.47}],"scale":[{"time":0,"x":1.068,"y":0.996}]}}}}}