{
"skeleton": { "hash": "ia9u2BkaxY6FcVkTuRIuj4bf0JU", "spine": "2.1.27", "width": 0, "height": 0 },
"bones": [
	{ "name": "root" }
],
"slots": [
	{ "name": "root", "bone": "root" },
	{ "name": "longpifu_jishi_0_", "bone": "root" },
	{ "name": "longpifu_dj_1_0_", "bone": "root" },
	{ "name": "longpifu_dj_1_1_", "bone": "root" },
	{ "name": "longpifu_dj_1_2_", "bone": "root" },
	{ "name": "longpifu_dj_1_3_", "bone": "root" },
	{ "name": "longpifu_dj_1_4_", "bone": "root" },
	{ "name": "longpifu_dj_1_5_", "bone": "root" },
	{ "name": "longpifu_dj_2_0_", "bone": "root" },
	{ "name": "longpifu_dj_2_1_", "bone": "root" },
	{ "name": "longpifu_dj_2_2_", "bone": "root" },
	{ "name": "longpifu_dj_2_3_", "bone": "root" },
	{ "name": "longpifu_dj_2_4_", "bone": "root" },
	{ "name": "longpifu_dj_2_5_", "bone": "root" },
	{ "name": "longpifu_dj_2_6_", "bone": "root" },
	{ "name": "longpifu_dj_3_6_", "bone": "root" },
	{ "name": "longpifu_dj_0_0_", "bone": "root" },
	{ "name": "longpifu_dj_0_1_", "bone": "root" },
	{ "name": "longpifu_dj_0_2_", "bone": "root" },
	{ "name": "longpifu_dj_0_3_", "bone": "root" },
	{ "name": "longpifu_dj_0_4_", "bone": "root" },
	{ "name": "longpifu_dj_0_5_", "bone": "root" },
	{ "name": "longpifu_dj_0_6_", "bone": "root" },
	{ "name": "longpifu_dj_3_5_", "bone": "root" },
	{ "name": "longpifu_dj_3_4_", "bone": "root" },
	{ "name": "longpifu_dj_3_3_", "bone": "root" },
	{ "name": "longpifu_dj_3_2_", "bone": "root" },
	{ "name": "longpifu_dj_3_1_", "bone": "root" },
	{ "name": "longpifu_dj_3_0_", "bone": "root" },
	{ "name": "longpifu_dj_4_7_", "bone": "root" },
	{ "name": "longpifu_dj_4_6_", "bone": "root" },
	{ "name": "longpifu_dj_4_5_", "bone": "root" },
	{ "name": "longpifu_dj_4_4_", "bone": "root" },
	{ "name": "longpifu_dj_4_3_", "bone": "root" },
	{ "name": "longpifu_dj_4_2_", "bone": "root" },
	{ "name": "longpifu_dj_4_1_", "bone": "root" },
	{ "name": "longpifu_dj_4_0_", "bone": "root" },
	{ "name": "longpifu_dj_5_7_", "bone": "root" },
	{ "name": "longpifu_dj_5_6_", "bone": "root" },
	{ "name": "longpifu_dj_5_5_", "bone": "root" },
	{ "name": "longpifu_dj_5_4_", "bone": "root" },
	{ "name": "longpifu_dj_5_3_", "bone": "root" },
	{ "name": "longpifu_dj_5_2_", "bone": "root" },
	{ "name": "longpifu_dj_5_1_", "bone": "root" },
	{ "name": "longpifu_dj_5_0_", "bone": "root" },
	{ "name": "longpifu_xx_0_6_", "bone": "root" },
	{ "name": "longpifu_xx_0_5_", "bone": "root" },
	{ "name": "longpifu_xx_0_4_", "bone": "root" },
	{ "name": "longpifu_xx_0_3_", "bone": "root" },
	{ "name": "longpifu_xx_0_2_", "bone": "root" },
	{ "name": "longpifu_xx_0_1_", "bone": "root" },
	{ "name": "longpifu_xx_0_0_", "bone": "root" },
	{ "name": "longpifu_xx_1_0_", "bone": "root" },
	{ "name": "longpifu_xx_1_1_", "bone": "root" },
	{ "name": "longpifu_xx_1_2_", "bone": "root" },
	{ "name": "longpifu_xx_1_3_", "bone": "root" },
	{ "name": "longpifu_xx_1_4_", "bone": "root" },
	{ "name": "longpifu_xx_1_5_", "bone": "root" },
	{ "name": "longpifu_xx_2_6_", "bone": "root" },
	{ "name": "longpifu_xx_2_5_", "bone": "root" },
	{ "name": "longpifu_xx_2_4_", "bone": "root" },
	{ "name": "longpifu_xx_2_3_", "bone": "root" },
	{ "name": "longpifu_xx_2_2_", "bone": "root" },
	{ "name": "longpifu_xx_2_1_", "bone": "root" },
	{ "name": "longpifu_xx_2_0_", "bone": "root" },
	{ "name": "longpifu_xx_3_6_", "bone": "root" },
	{ "name": "longpifu_xx_3_5_", "bone": "root" },
	{ "name": "longpifu_xx_3_4_", "bone": "root" },
	{ "name": "longpifu_xx_3_3_", "bone": "root" },
	{ "name": "longpifu_xx_3_2_", "bone": "root" },
	{ "name": "longpifu_xx_3_1_", "bone": "root" },
	{ "name": "longpifu_xx_3_0_", "bone": "root" },
	{ "name": "longpifu_xx_4_7_", "bone": "root" },
	{ "name": "longpifu_xx_4_6_", "bone": "root" },
	{ "name": "longpifu_xx_4_5_", "bone": "root" },
	{ "name": "longpifu_xx_4_4_", "bone": "root" },
	{ "name": "longpifu_xx_4_3_", "bone": "root" },
	{ "name": "longpifu_xx_4_2_", "bone": "root" },
	{ "name": "longpifu_xx_4_1_", "bone": "root" },
	{ "name": "longpifu_xx_4_0_", "bone": "root" },
	{ "name": "longpifu_xx_5_0_", "bone": "root" },
	{ "name": "longpifu_xx_5_1_", "bone": "root" },
	{ "name": "longpifu_xx_5_2_", "bone": "root" },
	{ "name": "longpifu_xx_5_3_", "bone": "root" },
	{ "name": "longpifu_xx_5_4_", "bone": "root" },
	{ "name": "longpifu_xx_5_5_", "bone": "root" },
	{ "name": "longpifu_xx_5_6_", "bone": "root" },
	{ "name": "longpifu_xx_6_2_", "bone": "root" },
	{ "name": "longpifu_xx_6_1_", "bone": "root" },
	{ "name": "longpifu_xx_6_0_", "bone": "root" },
	{ "name": "longpifu_xx_7_4_", "bone": "root" },
	{ "name": "longpifu_xx_7_3_", "bone": "root" },
	{ "name": "longpifu_xx_7_2_", "bone": "root" },
	{ "name": "longpifu_xx_7_1_", "bone": "root" },
	{ "name": "longpifu_xx_7_0_", "bone": "root" },
	{ "name": "longpifu_xx_8_5_", "bone": "root" },
	{ "name": "longpifu_xx_8_4_", "bone": "root" },
	{ "name": "longpifu_xx_8_3_", "bone": "root" },
	{ "name": "longpifu_xx_8_2_", "bone": "root" },
	{ "name": "longpifu_xx_8_1_", "bone": "root" },
	{ "name": "longpifu_xx_8_0_", "bone": "root" },
	{ "name": "longpifu_xx_9_6_", "bone": "root" },
	{ "name": "longpifu_xx_9_5_", "bone": "root" },
	{ "name": "longpifu_xx_9_4_", "bone": "root" },
	{ "name": "longpifu_xx_9_3_", "bone": "root" },
	{ "name": "longpifu_xx_9_2_", "bone": "root" },
	{ "name": "longpifu_xx_9_1_", "bone": "root" },
	{ "name": "longpifu_xx_9_0_", "bone": "root" },
	{ "name": "longpifu_xx_10_7_", "bone": "root" },
	{ "name": "longpifu_xx_10_6_", "bone": "root" },
	{ "name": "longpifu_xx_10_5_", "bone": "root" },
	{ "name": "longpifu_xx_10_4_", "bone": "root" },
	{ "name": "longpifu_xx_10_3_", "bone": "root" },
	{ "name": "longpifu_xx_10_2_", "bone": "root" },
	{ "name": "longpifu_xx_10_1_", "bone": "root" },
	{ "name": "longpifu_xx_10_0_", "bone": "root" },
	{ "name": "longpifu_xx_11_0_", "bone": "root" },
	{ "name": "longpifu_xx_11_1_", "bone": "root" },
	{ "name": "longpifu_xx_11_2_", "bone": "root" },
	{ "name": "longpifu_xx_11_3_", "bone": "root" },
	{ "name": "longpifu_xx_11_4_", "bone": "root" },
	{ "name": "longpifu_xx_12_5_", "bone": "root" },
	{ "name": "longpifu_xx_12_4_", "bone": "root" },
	{ "name": "longpifu_xx_12_3_", "bone": "root" },
	{ "name": "longpifu_xx_12_2_", "bone": "root" },
	{ "name": "longpifu_xx_12_1_", "bone": "root" },
	{ "name": "longpifu_xx_12_0_", "bone": "root" }
],
"skins": {
	"default": {
		"longpifu_dj_0_0_": {
			"longpifu_dj_0_0_": { "x": 110.09, "y": 109.75, "width": 31, "height": 33 }
		},
		"longpifu_dj_0_1_": {
			"longpifu_dj_0_1_": { "x": 45.09, "y": 116.87, "width": 11, "height": 19 }
		},
		"longpifu_dj_0_2_": {
			"longpifu_dj_0_2_": { "x": -3.9, "y": 42.25, "width": 37, "height": 36 }
		},
		"longpifu_dj_0_3_": {
			"longpifu_dj_0_3_": { "x": 24.59, "y": 83.75, "width": 140, "height": 47 }
		},
		"longpifu_dj_0_4_": {
			"longpifu_dj_0_4_": { "x": -25.9, "y": 127.25, "width": 131, "height": 40 }
		},
		"longpifu_dj_0_5_": {
			"longpifu_dj_0_5_": { "x": -74.4, "y": 154.75, "width": 20, "height": 15 }
		},
		"longpifu_dj_0_6_": {
			"longpifu_dj_0_6_": { "x": -109.46, "y": 158.49, "width": 51, "height": 24 }
		},
		"longpifu_dj_1_0_": {
			"longpifu_dj_1_0_": { "x": -108.4, "y": 169.25, "width": 42, "height": 24 }
		},
		"longpifu_dj_1_1_": {
			"longpifu_dj_1_1_": { "x": -66.4, "y": 138.25, "width": 42, "height": 58 }
		},
		"longpifu_dj_1_2_": {
			"longpifu_dj_1_2_": { "x": 102.09, "y": 116.75, "width": 39, "height": 37 }
		},
		"longpifu_dj_1_3_": {
			"longpifu_dj_1_3_": { "x": 64.09, "y": 80.75, "width": 37, "height": 67 }
		},
		"longpifu_dj_1_4_": {
			"longpifu_dj_1_4_": { "x": -3.4, "y": 43.25, "width": 38, "height": 38 }
		},
		"longpifu_dj_1_5_": {
			"longpifu_dj_1_5_": { "x": 0.09, "y": 104.75, "width": 91, "height": 85 }
		},
		"longpifu_dj_2_0_": {
			"longpifu_dj_2_0_": { "x": -102.4, "y": 158.75, "width": 50, "height": 55 }
		},
		"longpifu_dj_2_1_": {
			"longpifu_dj_2_1_": { "x": -60.9, "y": 131.75, "width": 33, "height": 55 }
		},
		"longpifu_dj_2_2_": {
			"longpifu_dj_2_2_": { "x": 90.59, "y": 107.25, "width": 66, "height": 52 }
		},
		"longpifu_dj_2_3_": {
			"longpifu_dj_2_3_": { "x": 54.09, "y": 56.75, "width": 33, "height": 43 }
		},
		"longpifu_dj_2_4_": {
			"longpifu_dj_2_4_": { "x": 38.59, "y": 109.25, "width": 38, "height": 62 }
		},
		"longpifu_dj_2_5_": {
			"longpifu_dj_2_5_": { "x": -3.9, "y": 40.75, "width": 35, "height": 37 }
		},
		"longpifu_dj_2_6_": {
			"longpifu_dj_2_6_": { "x": -12.4, "y": 103.25, "width": 64, "height": 88 }
		},
		"longpifu_dj_3_0_": {
			"longpifu_dj_3_0_": { "x": -4.4, "y": 40.75, "width": 36, "height": 39 }
		},
		"longpifu_dj_3_1_": {
			"longpifu_dj_3_1_": { "x": -12.4, "y": 103.75, "width": 64, "height": 87 }
		},
		"longpifu_dj_3_2_": {
			"longpifu_dj_3_2_": { "x": 38.09, "y": 107.75, "width": 37, "height": 65 }
		},
		"longpifu_dj_3_3_": {
			"longpifu_dj_3_3_": { "x": 52.59, "y": 54.75, "width": 26, "height": 41 }
		},
		"longpifu_dj_3_4_": {
			"longpifu_dj_3_4_": { "x": 91.59, "y": 101.25, "width": 70, "height": 50 }
		},
		"longpifu_dj_3_5_": {
			"longpifu_dj_3_5_": { "x": -62.4, "y": 126.25, "width": 36, "height": 48 }
		},
		"longpifu_dj_3_6_": {
			"longpifu_dj_3_6_": { "x": -101.9, "y": 161.75, "width": 43, "height": 69 }
		},
		"longpifu_dj_4_0_": {
			"longpifu_dj_4_0_": { "x": -10.9, "y": 91.75, "width": 67, "height": 63 }
		},
		"longpifu_dj_4_1_": {
			"longpifu_dj_4_1_": { "x": -4.4, "y": 41.25, "width": 36, "height": 38 }
		},
		"longpifu_dj_4_2_": {
			"longpifu_dj_4_2_": { "x": 74.59, "y": 90.75, "width": 104, "height": 41 }
		},
		"longpifu_dj_4_3_": {
			"longpifu_dj_4_3_": { "x": 59.09, "y": 55.25, "width": 33, "height": 30 }
		},
		"longpifu_dj_4_4_": {
			"longpifu_dj_4_4_": { "x": 17.09, "y": 134.75, "width": 41, "height": 23 }
		},
		"longpifu_dj_4_5_": {
			"longpifu_dj_4_5_": { "x": 35.09, "y": 117.25, "width": 25, "height": 12 }
		},
		"longpifu_dj_4_6_": {
			"longpifu_dj_4_6_": { "x": -79.9, "y": 125.75, "width": 71, "height": 49 }
		},
		"longpifu_dj_4_7_": {
			"longpifu_dj_4_7_": { "x": -131.4, "y": 149.75, "width": 32, "height": 19 }
		},
		"longpifu_dj_5_0_": {
			"longpifu_dj_5_0_": { "x": -8.9, "y": 104.25, "width": 69, "height": 86 }
		},
		"longpifu_dj_5_1_": {
			"longpifu_dj_5_1_": { "x": -3.9, "y": 42.25, "width": 37, "height": 38 }
		},
		"longpifu_dj_5_2_": {
			"longpifu_dj_5_2_": { "x": 39.09, "y": 121.25, "width": 27, "height": 40 }
		},
		"longpifu_dj_5_3_": {
			"longpifu_dj_5_3_": { "x": 58.59, "y": 85.25, "width": 66, "height": 32 }
		},
		"longpifu_dj_5_4_": {
			"longpifu_dj_5_4_": { "x": 68.09, "y": 60.75, "width": 45, "height": 17 }
		},
		"longpifu_dj_5_5_": {
			"longpifu_dj_5_5_": { "x": 109.09, "y": 93.25, "width": 35, "height": 32 }
		},
		"longpifu_dj_5_6_": {
			"longpifu_dj_5_6_": { "x": -75.9, "y": 125.75, "width": 65, "height": 49 }
		},
		"longpifu_dj_5_7_": {
			"longpifu_dj_5_7_": { "x": -126.9, "y": 144.25, "width": 37, "height": 12 }
		},
		"longpifu_xx_0_0_": {
			"longpifu_xx_0_0_": { "x": -12.9, "y": 103.75, "width": 65, "height": 87 }
		},
		"longpifu_xx_0_1_": {
			"longpifu_xx_0_1_": { "x": -3.9, "y": 42.75, "width": 37, "height": 35 }
		},
		"longpifu_xx_0_2_": {
			"longpifu_xx_0_2_": { "x": 32.09, "y": 111.25, "width": 25, "height": 62 }
		},
		"longpifu_xx_0_3_": {
			"longpifu_xx_0_3_": { "x": 69.09, "y": 90.75, "width": 49, "height": 59 }
		},
		"longpifu_xx_0_4_": {
			"longpifu_xx_0_4_": { "x": 109.09, "y": 117.25, "width": 31, "height": 38 }
		},
		"longpifu_xx_0_5_": {
			"longpifu_xx_0_5_": { "x": -81.9, "y": 136.75, "width": 73, "height": 67 }
		},
		"longpifu_xx_0_6_": {
			"longpifu_xx_0_6_": { "x": -124.9, "y": 172.75, "width": 13, "height": 17 }
		},
		"longpifu_xx_10_0_": {
			"longpifu_xx_10_0_": { "x": -4.4, "y": 71.25, "width": 80, "height": 90 }
		},
		"longpifu_xx_10_1_": {
			"longpifu_xx_10_1_": { "x": 73.09, "y": 98.75, "width": 75, "height": 51 }
		},
		"longpifu_xx_10_2_": {
			"longpifu_xx_10_2_": { "x": 129.59, "y": 102.75, "width": 38, "height": 47 }
		},
		"longpifu_xx_10_3_": {
			"longpifu_xx_10_3_": { "x": 93.09, "y": 144.25, "width": 31, "height": 40 }
		},
		"longpifu_xx_10_4_": {
			"longpifu_xx_10_4_": { "x": -72.9, "y": 84.75, "width": 57, "height": 71 }
		},
		"longpifu_xx_10_5_": {
			"longpifu_xx_10_5_": { "x": -129.9, "y": 79.25, "width": 57, "height": 86 }
		},
		"longpifu_xx_10_6_": {
			"longpifu_xx_10_6_": { "x": 13.59, "y": 128.75, "width": 38, "height": 25 }
		},
		"longpifu_xx_10_7_": {
			"longpifu_xx_10_7_": { "x": 48.09, "y": 151.25, "width": 31, "height": 48 }
		},
		"longpifu_xx_11_0_": {
			"longpifu_xx_11_0_": { "x": -113.9, "y": 116.75, "width": 69, "height": 77 }
		},
		"longpifu_xx_11_1_": {
			"longpifu_xx_11_1_": { "x": -56.9, "y": 101.25, "width": 45, "height": 80 }
		},
		"longpifu_xx_11_2_": {
			"longpifu_xx_11_2_": { "x": 9.09, "y": 103.25, "width": 87, "height": 80 }
		},
		"longpifu_xx_11_3_": {
			"longpifu_xx_11_3_": { "x": 1.59, "y": 44.75, "width": 50, "height": 37 }
		},
		"longpifu_xx_11_4_": {
			"longpifu_xx_11_4_": { "x": 93.59, "y": 110.25, "width": 82, "height": 68 }
		},
		"longpifu_xx_12_0_": {
			"longpifu_xx_12_0_": { "x": 86.09, "y": 98.75, "width": 75, "height": 73 }
		},
		"longpifu_xx_12_1_": {
			"longpifu_xx_12_1_": { "x": 1.59, "y": 104.75, "width": 94, "height": 85 }
		},
		"longpifu_xx_12_2_": {
			"longpifu_xx_12_2_": { "x": -3.4, "y": 43.25, "width": 38, "height": 38 }
		},
		"longpifu_xx_12_3_": {
			"longpifu_xx_12_3_": { "x": -77.4, "y": 135.25, "width": 64, "height": 64 }
		},
		"longpifu_xx_12_4_": {
			"longpifu_xx_12_4_": { "x": -120.9, "y": 168.75, "width": 23, "height": 25 }
		},
		"longpifu_xx_12_5_": {
			"longpifu_xx_12_5_": { "x": -114.4, "y": 135.25, "width": 10, "height": 16 }
		},
		"longpifu_xx_1_0_": {
			"longpifu_xx_1_0_": { "x": -103.9, "y": 149.75, "width": 37, "height": 61 }
		},
		"longpifu_xx_1_1_": {
			"longpifu_xx_1_1_": { "x": -64.9, "y": 132.25, "width": 41, "height": 58 }
		},
		"longpifu_xx_1_2_": {
			"longpifu_xx_1_2_": { "x": 63.09, "y": 67.75, "width": 49, "height": 31 }
		},
		"longpifu_xx_1_3_": {
			"longpifu_xx_1_3_": { "x": 91.09, "y": 132.25, "width": 41, "height": 58 }
		},
		"longpifu_xx_1_4_": {
			"longpifu_xx_1_4_": { "x": 45.09, "y": 111.25, "width": 51, "height": 56 }
		},
		"longpifu_xx_1_5_": {
			"longpifu_xx_1_5_": { "x": -12.4, "y": 86.25, "width": 64, "height": 118 }
		},
		"longpifu_xx_2_0_": {
			"longpifu_xx_2_0_": { "x": -7.9, "y": 95.75, "width": 73, "height": 91 }
		},
		"longpifu_xx_2_1_": {
			"longpifu_xx_2_1_": { "x": 46.59, "y": 111.75, "width": 36, "height": 59 }
		},
		"longpifu_xx_2_2_": {
			"longpifu_xx_2_2_": { "x": 55.09, "y": 61.75, "width": 45, "height": 41 }
		},
		"longpifu_xx_2_3_": {
			"longpifu_xx_2_3_": { "x": 79.59, "y": 145.25, "width": 30, "height": 54 }
		},
		"longpifu_xx_2_4_": {
			"longpifu_xx_2_4_": { "x": -65.4, "y": 131.75, "width": 42, "height": 71 }
		},
		"longpifu_xx_2_5_": {
			"longpifu_xx_2_5_": { "x": -100.4, "y": 147.75, "width": 28, "height": 51 }
		},
		"longpifu_xx_2_6_": {
			"longpifu_xx_2_6_": { "x": -10.4, "y": 39.25, "width": 22, "height": 22 }
		},
		"longpifu_xx_3_0_": {
			"longpifu_xx_3_0_": { "x": 72.09, "y": 136.25, "width": 37, "height": 68 }
		},
		"longpifu_xx_3_1_": {
			"longpifu_xx_3_1_": { "x": -82.4, "y": 138.25, "width": 22, "height": 52 }
		},
		"longpifu_xx_3_2_": {
			"longpifu_xx_3_2_": { "x": -47.9, "y": 120.75, "width": 47, "height": 69 }
		},
		"longpifu_xx_3_3_": {
			"longpifu_xx_3_3_": { "x": 14.59, "y": 102.25, "width": 78, "height": 76 }
		},
		"longpifu_xx_3_4_": {
			"longpifu_xx_3_4_": { "x": -34.9, "y": 73.75, "width": 21, "height": 25 }
		},
		"longpifu_xx_3_5_": {
			"longpifu_xx_3_5_": { "x": -2.9, "y": 46.75, "width": 37, "height": 35 }
		},
		"longpifu_xx_3_6_": {
			"longpifu_xx_3_6_": { "x": 40.59, "y": 45.25, "width": 32, "height": 38 }
		},
		"longpifu_xx_4_0_": {
			"longpifu_xx_4_0_": { "x": -78.9, "y": 125.75, "width": 21, "height": 51 }
		},
		"longpifu_xx_4_1_": {
			"longpifu_xx_4_1_": { "x": -43.4, "y": 107.75, "width": 50, "height": 91 }
		},
		"longpifu_xx_4_2_": {
			"longpifu_xx_4_2_": { "x": 8.59, "y": 102.25, "width": 54, "height": 82 }
		},
		"longpifu_xx_4_3_": {
			"longpifu_xx_4_3_": { "x": 48.09, "y": 117.75, "width": 25, "height": 79 }
		},
		"longpifu_xx_4_4_": {
			"longpifu_xx_4_4_": { "x": 30.59, "y": 155.75, "width": 10, "height": 11 }
		},
		"longpifu_xx_4_5_": {
			"longpifu_xx_4_5_": { "x": 71.59, "y": 145.25, "width": 22, "height": 52 }
		},
		"longpifu_xx_4_6_": {
			"longpifu_xx_4_6_": { "x": -5.9, "y": 44.75, "width": 31, "height": 33 }
		},
		"longpifu_xx_4_7_": {
			"longpifu_xx_4_7_": { "x": 33.09, "y": 44.25, "width": 25, "height": 34 }
		},
		"longpifu_xx_5_0_": {
			"longpifu_xx_5_0_": { "x": -20.9, "y": 148.75, "width": 21, "height": 13 }
		},
		"longpifu_xx_5_1_": {
			"longpifu_xx_5_1_": { "x": 22.09, "y": 148.75, "width": 37, "height": 13 }
		},
		"longpifu_xx_5_2_": {
			"longpifu_xx_5_2_": { "x": 60.59, "y": 152.75, "width": 16, "height": 21 }
		},
		"longpifu_xx_5_3_": {
			"longpifu_xx_5_3_": { "x": 64.09, "y": 129.25, "width": 15, "height": 26 }
		},
		"longpifu_xx_5_4_": {
			"longpifu_xx_5_4_": { "x": 42.59, "y": 51.25, "width": 16, "height": 22 }
		},
		"longpifu_xx_5_5_": {
			"longpifu_xx_5_5_": { "x": -3.4, "y": 44.25, "width": 38, "height": 36 }
		},
		"longpifu_xx_5_6_": {
			"longpifu_xx_5_6_": { "x": -11.9, "y": 102.25, "width": 137, "height": 80 }
		},
		"longpifu_xx_6_0_": {
			"longpifu_xx_6_0_": { "x": -29.9, "y": 106.25, "width": 79, "height": 82 }
		},
		"longpifu_xx_6_1_": {
			"longpifu_xx_6_1_": { "x": 39.59, "y": 95.75, "width": 60, "height": 89 }
		},
		"longpifu_xx_6_2_": {
			"longpifu_xx_6_2_": { "x": -15.4, "y": 45.75, "width": 50, "height": 39 }
		},
		"longpifu_xx_7_0_": {
			"longpifu_xx_7_0_": { "x": -17.4, "y": 47.25, "width": 66, "height": 42 }
		},
		"longpifu_xx_7_1_": {
			"longpifu_xx_7_1_": { "x": 58.09, "y": 100.75, "width": 85, "height": 109 }
		},
		"longpifu_xx_7_2_": {
			"longpifu_xx_7_2_": { "x": -14.9, "y": 102.25, "width": 61, "height": 68 }
		},
		"longpifu_xx_7_3_": {
			"longpifu_xx_7_3_": { "x": -66.9, "y": 139.25, "width": 47, "height": 92 }
		},
		"longpifu_xx_7_4_": {
			"longpifu_xx_7_4_": { "x": -107.4, "y": 152.75, "width": 34, "height": 65 }
		},
		"longpifu_xx_8_0_": {
			"longpifu_xx_8_0_": { "x": -131.9, "y": 134.25, "width": 23, "height": 48 }
		},
		"longpifu_xx_8_1_": {
			"longpifu_xx_8_1_": { "x": -84.4, "y": 96.25, "width": 72, "height": 80 }
		},
		"longpifu_xx_8_2_": {
			"longpifu_xx_8_2_": { "x": 48.09, "y": 84.25, "width": 51, "height": 60 }
		},
		"longpifu_xx_8_3_": {
			"longpifu_xx_8_3_": { "x": 104.09, "y": 99.25, "width": 63, "height": 84 }
		},
		"longpifu_xx_8_4_": {
			"longpifu_xx_8_4_": { "x": -12.9, "y": 69.25, "width": 71, "height": 94 }
		},
		"longpifu_xx_8_5_": {
			"longpifu_xx_8_5_": { "x": 21.59, "y": 160.25, "width": 44, "height": 88 }
		},
		"longpifu_xx_9_0_": {
			"longpifu_xx_9_0_": { "x": -4.9, "y": 68.75, "width": 71, "height": 91 }
		},
		"longpifu_xx_9_1_": {
			"longpifu_xx_9_1_": { "x": 56.09, "y": 101.75, "width": 51, "height": 63 }
		},
		"longpifu_xx_9_2_": {
			"longpifu_xx_9_2_": { "x": 112.59, "y": 118.25, "width": 64, "height": 86 }
		},
		"longpifu_xx_9_3_": {
			"longpifu_xx_9_3_": { "x": -100.4, "y": 78.75, "width": 120, "height": 71 }
		},
		"longpifu_xx_9_4_": {
			"longpifu_xx_9_4_": { "x": -106.9, "y": 35.25, "width": 51, "height": 16 }
		},
		"longpifu_xx_9_5_": {
			"longpifu_xx_9_5_": { "x": 24.59, "y": 168.25, "width": 32, "height": 70 }
		},
		"longpifu_xx_9_6_": {
			"longpifu_xx_9_6_": { "x": 8.59, "y": 123.75, "width": 26, "height": 19 }
		},
		"root": {
			"longpifu_jishi_1_": { "x": -5, "y": 43, "width": 93, "height": 85 }
		}
	}
},
"animations": {
	"longfifu_dj": {
		"slots": {
			"longpifu_dj_0_0_": {
				"attachment": [
					{ "time": 0, "name": "longpifu_dj_0_0_" },
					{ "time": 0.1333, "name": null },
					{ "time": 1, "name": "longpifu_dj_0_0_" },
					{ "time": 1.1666, "name": null },
					{ "time": 2.0333, "name": "longpifu_dj_0_0_" },
					{ "time": 2.2, "name": null },
					{ "time": 3.0666, "name": "longpifu_dj_0_0_" },
					{ "time": 3.3333, "name": null },
					{ "time": 4.9, "name": null }
				]
			},
			"longpifu_dj_0_1_": {
				"attachment": [
					{ "time": 0, "name": "longpifu_dj_0_1_" },
					{ "time": 0.1333, "name": null },
					{ "time": 1, "name": "longpifu_dj_0_1_" },
					{ "time": 1.1666, "name": null },
					{ "time": 2.0333, "name": "longpifu_dj_0_1_" },
					{ "time": 2.2, "name": null },
					{ "time": 3.0666, "name": "longpifu_dj_0_1_" },
					{ "time": 3.3333, "name": null },
					{ "time": 4.9, "name": null }
				]
			},
			"longpifu_dj_0_2_": {
				"attachment": [
					{ "time": 0, "name": "longpifu_dj_0_2_" },
					{ "time": 0.1333, "name": null },
					{ "time": 1, "name": "longpifu_dj_0_2_" },
					{ "time": 1.1666, "name": null },
					{ "time": 2.0333, "name": "longpifu_dj_0_2_" },
					{ "time": 2.2, "name": null },
					{ "time": 3.0666, "name": "longpifu_dj_0_2_" },
					{ "time": 3.3333, "name": null },
					{ "time": 4.9, "name": null }
				]
			},
			"longpifu_dj_0_3_": {
				"attachment": [
					{ "time": 0, "name": "longpifu_dj_0_3_" },
					{ "time": 0.1333, "name": null },
					{ "time": 1, "name": "longpifu_dj_0_3_" },
					{ "time": 1.1666, "name": null },
					{ "time": 2.0333, "name": "longpifu_dj_0_3_" },
					{ "time": 2.2, "name": null },
					{ "time": 3.0666, "name": "longpifu_dj_0_3_" },
					{ "time": 3.3333, "name": null },
					{ "time": 4.9, "name": null }
				]
			},
			"longpifu_dj_0_4_": {
				"attachment": [
					{ "time": 0, "name": "longpifu_dj_0_4_" },
					{ "time": 0.1333, "name": null },
					{ "time": 1, "name": "longpifu_dj_0_4_" },
					{ "time": 1.1666, "name": null },
					{ "time": 2.0333, "name": "longpifu_dj_0_4_" },
					{ "time": 2.2, "name": null },
					{ "time": 3.0666, "name": "longpifu_dj_0_4_" },
					{ "time": 3.3333, "name": null },
					{ "time": 4.9, "name": null }
				]
			},
			"longpifu_dj_0_5_": {
				"attachment": [
					{ "time": 0, "name": "longpifu_dj_0_5_" },
					{ "time": 0.1333, "name": null },
					{ "time": 1, "name": "longpifu_dj_0_5_" },
					{ "time": 1.1666, "name": null },
					{ "time": 2.0333, "name": "longpifu_dj_0_5_" },
					{ "time": 2.2, "name": null },
					{ "time": 3.0666, "name": "longpifu_dj_0_5_" },
					{ "time": 3.3333, "name": null },
					{ "time": 4.9, "name": null }
				]
			},
			"longpifu_dj_0_6_": {
				"attachment": [
					{ "time": 0, "name": "longpifu_dj_0_6_" },
					{ "time": 0.1333, "name": null },
					{ "time": 1, "name": "longpifu_dj_0_6_" },
					{ "time": 1.1666, "name": null },
					{ "time": 2.0333, "name": "longpifu_dj_0_6_" },
					{ "time": 2.2, "name": null },
					{ "time": 3.0666, "name": "longpifu_dj_0_6_" },
					{ "time": 3.3333, "name": null },
					{ "time": 4.9, "name": null }
				]
			},
			"longpifu_dj_1_0_": {
				"attachment": [
					{ "time": 0, "name": null },
					{ "time": 0.1333, "name": "longpifu_dj_1_0_" },
					{ "time": 0.3, "name": null },
					{ "time": 1.1666, "name": "longpifu_dj_1_0_" },
					{ "time": 1.3333, "name": null },
					{ "time": 2.2, "name": "longpifu_dj_1_0_" },
					{ "time": 2.3666, "name": null },
					{ "time": 4.9, "name": null }
				]
			},
			"longpifu_dj_1_1_": {
				"attachment": [
					{ "time": 0, "name": null },
					{ "time": 0.1333, "name": "longpifu_dj_1_1_" },
					{ "time": 0.3, "name": null },
					{ "time": 1.1666, "name": "longpifu_dj_1_1_" },
					{ "time": 1.3333, "name": null },
					{ "time": 2.2, "name": "longpifu_dj_1_1_" },
					{ "time": 2.3666, "name": null },
					{ "time": 4.9, "name": null }
				]
			},
			"longpifu_dj_1_2_": {
				"attachment": [
					{ "time": 0, "name": null },
					{ "time": 0.1333, "name": "longpifu_dj_1_2_" },
					{ "time": 0.3, "name": null },
					{ "time": 1.1666, "name": "longpifu_dj_1_2_" },
					{ "time": 1.3333, "name": null },
					{ "time": 2.2, "name": "longpifu_dj_1_2_" },
					{ "time": 2.3666, "name": null },
					{ "time": 4.9, "name": null }
				]
			},
			"longpifu_dj_1_3_": {
				"attachment": [
					{ "time": 0, "name": null },
					{ "time": 0.1333, "name": "longpifu_dj_1_3_" },
					{ "time": 0.3, "name": null },
					{ "time": 1.1666, "name": "longpifu_dj_1_3_" },
					{ "time": 1.3333, "name": null },
					{ "time": 2.2, "name": "longpifu_dj_1_3_" },
					{ "time": 2.3666, "name": null },
					{ "time": 4.9, "name": null }
				]
			},
			"longpifu_dj_1_4_": {
				"attachment": [
					{ "time": 0, "name": null },
					{ "time": 0.1333, "name": "longpifu_dj_1_4_" },
					{ "time": 0.3, "name": null },
					{ "time": 1.1666, "name": "longpifu_dj_1_4_" },
					{ "time": 1.3333, "name": null },
					{ "time": 2.2, "name": "longpifu_dj_1_4_" },
					{ "time": 2.3666, "name": null },
					{ "time": 4.9, "name": null }
				]
			},
			"longpifu_dj_1_5_": {
				"attachment": [
					{ "time": 0, "name": null },
					{ "time": 0.1333, "name": "longpifu_dj_1_5_" },
					{ "time": 0.3, "name": null },
					{ "time": 1.1666, "name": "longpifu_dj_1_5_" },
					{ "time": 1.3333, "name": null },
					{ "time": 2.2, "name": "longpifu_dj_1_5_" },
					{ "time": 2.3666, "name": null },
					{ "time": 4.9, "name": null }
				]
			},
			"longpifu_dj_2_0_": {
				"attachment": [
					{ "time": 0, "name": null },
					{ "time": 0.3, "name": "longpifu_dj_2_0_" },
					{ "time": 0.4666, "name": null },
					{ "time": 1.3333, "name": "longpifu_dj_2_0_" },
					{ "time": 1.5, "name": null },
					{ "time": 2.3666, "name": "longpifu_dj_2_0_" },
					{ "time": 2.5333, "name": null },
					{ "time": 4.9, "name": null }
				]
			},
			"longpifu_dj_2_1_": {
				"attachment": [
					{ "time": 0, "name": null },
					{ "time": 0.3, "name": "longpifu_dj_2_1_" },
					{ "time": 0.4666, "name": null },
					{ "time": 1.3333, "name": "longpifu_dj_2_1_" },
					{ "time": 1.5, "name": null },
					{ "time": 2.3666, "name": "longpifu_dj_2_1_" },
					{ "time": 2.5333, "name": null },
					{ "time": 4.9, "name": null }
				]
			},
			"longpifu_dj_2_2_": {
				"attachment": [
					{ "time": 0, "name": null },
					{ "time": 0.3, "name": "longpifu_dj_2_2_" },
					{ "time": 0.4666, "name": null },
					{ "time": 1.3333, "name": "longpifu_dj_2_2_" },
					{ "time": 1.5, "name": null },
					{ "time": 2.3666, "name": "longpifu_dj_2_2_" },
					{ "time": 2.5333, "name": null },
					{ "time": 4.9, "name": null }
				]
			},
			"longpifu_dj_2_3_": {
				"attachment": [
					{ "time": 0, "name": null },
					{ "time": 0.3, "name": "longpifu_dj_2_3_" },
					{ "time": 0.4666, "name": null },
					{ "time": 1.3333, "name": "longpifu_dj_2_3_" },
					{ "time": 1.5, "name": null },
					{ "time": 2.3666, "name": "longpifu_dj_2_3_" },
					{ "time": 2.5333, "name": null },
					{ "time": 4.9, "name": null }
				]
			},
			"longpifu_dj_2_4_": {
				"attachment": [
					{ "time": 0, "name": null },
					{ "time": 0.3, "name": "longpifu_dj_2_4_" },
					{ "time": 0.4666, "name": null },
					{ "time": 1.3333, "name": "longpifu_dj_2_4_" },
					{ "time": 1.5, "name": null },
					{ "time": 2.3666, "name": "longpifu_dj_2_4_" },
					{ "time": 2.5333, "name": null },
					{ "time": 4.9, "name": null }
				]
			},
			"longpifu_dj_2_5_": {
				"attachment": [
					{ "time": 0, "name": null },
					{ "time": 0.3, "name": "longpifu_dj_2_5_" },
					{ "time": 0.4666, "name": null },
					{ "time": 1.3333, "name": "longpifu_dj_2_5_" },
					{ "time": 1.5, "name": null },
					{ "time": 2.3666, "name": "longpifu_dj_2_5_" },
					{ "time": 2.5333, "name": null },
					{ "time": 4.9, "name": null }
				]
			},
			"longpifu_dj_2_6_": {
				"attachment": [
					{ "time": 0, "name": null },
					{ "time": 0.3, "name": "longpifu_dj_2_6_" },
					{ "time": 0.4666, "name": null },
					{ "time": 1.3333, "name": "longpifu_dj_2_6_" },
					{ "time": 1.5, "name": null },
					{ "time": 2.3666, "name": "longpifu_dj_2_6_" },
					{ "time": 2.5333, "name": null },
					{ "time": 4.9, "name": null }
				]
			},
			"longpifu_dj_3_0_": {
				"attachment": [
					{ "time": 0, "name": null },
					{ "time": 0.4666, "name": "longpifu_dj_3_0_" },
					{ "time": 0.6333, "name": null },
					{ "time": 1.5, "name": "longpifu_dj_3_0_" },
					{ "time": 1.6666, "name": null },
					{ "time": 2.5333, "name": "longpifu_dj_3_0_" },
					{ "time": 2.7, "name": null },
					{ "time": 4.9, "name": null }
				]
			},
			"longpifu_dj_3_1_": {
				"attachment": [
					{ "time": 0, "name": null },
					{ "time": 0.4666, "name": "longpifu_dj_3_1_" },
					{ "time": 0.6333, "name": null },
					{ "time": 1.5, "name": "longpifu_dj_3_1_" },
					{ "time": 1.6666, "name": null },
					{ "time": 2.5333, "name": "longpifu_dj_3_1_" },
					{ "time": 2.7, "name": null },
					{ "time": 4.9, "name": null }
				]
			},
			"longpifu_dj_3_2_": {
				"attachment": [
					{ "time": 0, "name": null },
					{ "time": 0.4666, "name": "longpifu_dj_3_2_" },
					{ "time": 0.6333, "name": null },
					{ "time": 1.5, "name": "longpifu_dj_3_2_" },
					{ "time": 1.6666, "name": null },
					{ "time": 2.5333, "name": "longpifu_dj_3_2_" },
					{ "time": 2.7, "name": null },
					{ "time": 4.9, "name": null }
				]
			},
			"longpifu_dj_3_3_": {
				"attachment": [
					{ "time": 0, "name": null },
					{ "time": 0.4666, "name": "longpifu_dj_3_3_" },
					{ "time": 0.6333, "name": null },
					{ "time": 1.5, "name": "longpifu_dj_3_3_" },
					{ "time": 1.6666, "name": null },
					{ "time": 2.5333, "name": "longpifu_dj_3_3_" },
					{ "time": 2.7, "name": null },
					{ "time": 4.9, "name": null }
				]
			},
			"longpifu_dj_3_4_": {
				"attachment": [
					{ "time": 0, "name": null },
					{ "time": 0.4666, "name": "longpifu_dj_3_4_" },
					{ "time": 0.6333, "name": null },
					{ "time": 1.5, "name": "longpifu_dj_3_4_" },
					{ "time": 1.6666, "name": null },
					{ "time": 2.5333, "name": "longpifu_dj_3_4_" },
					{ "time": 2.7, "name": null },
					{ "time": 4.9, "name": null }
				]
			},
			"longpifu_dj_3_5_": {
				"attachment": [
					{ "time": 0, "name": null },
					{ "time": 0.4666, "name": "longpifu_dj_3_5_" },
					{ "time": 0.6333, "name": null },
					{ "time": 1.5, "name": "longpifu_dj_3_5_" },
					{ "time": 1.6666, "name": null },
					{ "time": 2.5333, "name": "longpifu_dj_3_5_" },
					{ "time": 2.7, "name": null },
					{ "time": 4.9, "name": null }
				]
			},
			"longpifu_dj_3_6_": {
				"attachment": [
					{ "time": 0, "name": null },
					{ "time": 0.4666, "name": "longpifu_dj_3_6_" },
					{ "time": 0.6333, "name": null },
					{ "time": 1.5, "name": "longpifu_dj_3_6_" },
					{ "time": 1.6666, "name": null },
					{ "time": 2.5333, "name": "longpifu_dj_3_6_" },
					{ "time": 2.7, "name": null },
					{ "time": 4.9, "name": null }
				]
			},
			"longpifu_dj_4_0_": {
				"attachment": [
					{ "time": 0, "name": null },
					{ "time": 0.6333, "name": "longpifu_dj_4_0_" },
					{ "time": 0.8, "name": null },
					{ "time": 1.6666, "name": "longpifu_dj_4_0_" },
					{ "time": 1.8333, "name": null },
					{ "time": 2.7, "name": "longpifu_dj_4_0_" },
					{ "time": 2.8666, "name": null },
					{ "time": 4.9, "name": null }
				]
			},
			"longpifu_dj_4_1_": {
				"attachment": [
					{ "time": 0, "name": null },
					{ "time": 0.6333, "name": "longpifu_dj_4_1_" },
					{ "time": 0.8, "name": null },
					{ "time": 1.6666, "name": "longpifu_dj_4_1_" },
					{ "time": 1.8333, "name": null },
					{ "time": 2.7, "name": "longpifu_dj_4_1_" },
					{ "time": 2.8666, "name": null },
					{ "time": 4.9, "name": null }
				]
			},
			"longpifu_dj_4_2_": {
				"attachment": [
					{ "time": 0, "name": null },
					{ "time": 0.6333, "name": "longpifu_dj_4_2_" },
					{ "time": 0.8, "name": null },
					{ "time": 1.6666, "name": "longpifu_dj_4_2_" },
					{ "time": 1.8333, "name": null },
					{ "time": 2.7, "name": "longpifu_dj_4_2_" },
					{ "time": 2.8666, "name": null },
					{ "time": 4.9, "name": null }
				]
			},
			"longpifu_dj_4_3_": {
				"attachment": [
					{ "time": 0, "name": null },
					{ "time": 0.6333, "name": "longpifu_dj_4_3_" },
					{ "time": 0.8, "name": null },
					{ "time": 1.6666, "name": "longpifu_dj_4_3_" },
					{ "time": 1.8333, "name": null },
					{ "time": 2.7, "name": "longpifu_dj_4_3_" },
					{ "time": 2.8666, "name": null },
					{ "time": 4.9, "name": null }
				]
			},
			"longpifu_dj_4_4_": {
				"attachment": [
					{ "time": 0, "name": null },
					{ "time": 0.6333, "name": "longpifu_dj_4_4_" },
					{ "time": 0.8, "name": null },
					{ "time": 1.6666, "name": "longpifu_dj_4_4_" },
					{ "time": 1.8333, "name": null },
					{ "time": 2.7, "name": "longpifu_dj_4_4_" },
					{ "time": 2.8666, "name": null },
					{ "time": 4.9, "name": null }
				]
			},
			"longpifu_dj_4_5_": {
				"attachment": [
					{ "time": 0, "name": null },
					{ "time": 0.6333, "name": "longpifu_dj_4_5_" },
					{ "time": 0.8, "name": null },
					{ "time": 1.6666, "name": "longpifu_dj_4_5_" },
					{ "time": 1.8333, "name": null },
					{ "time": 2.7, "name": "longpifu_dj_4_5_" },
					{ "time": 2.8666, "name": null },
					{ "time": 4.9, "name": null }
				]
			},
			"longpifu_dj_4_6_": {
				"attachment": [
					{ "time": 0, "name": null },
					{ "time": 0.6333, "name": "longpifu_dj_4_6_" },
					{ "time": 0.8, "name": null },
					{ "time": 1.6666, "name": "longpifu_dj_4_6_" },
					{ "time": 1.8333, "name": null },
					{ "time": 2.7, "name": "longpifu_dj_4_6_" },
					{ "time": 2.8666, "name": null },
					{ "time": 4.9, "name": null }
				]
			},
			"longpifu_dj_4_7_": {
				"attachment": [
					{ "time": 0, "name": null },
					{ "time": 0.6333, "name": "longpifu_dj_4_7_" },
					{ "time": 0.8, "name": null },
					{ "time": 1.6666, "name": "longpifu_dj_4_7_" },
					{ "time": 1.8333, "name": null },
					{ "time": 2.7, "name": "longpifu_dj_4_7_" },
					{ "time": 2.8666, "name": null },
					{ "time": 4.9, "name": null }
				]
			},
			"longpifu_dj_5_0_": {
				"attachment": [
					{ "time": 0, "name": null },
					{ "time": 0.8, "name": "longpifu_dj_5_0_" },
					{ "time": 1, "name": null },
					{ "time": 1.8333, "name": "longpifu_dj_5_0_" },
					{ "time": 2.0333, "name": null },
					{ "time": 2.8666, "name": "longpifu_dj_5_0_" },
					{ "time": 3.0666, "name": null },
					{ "time": 4.9, "name": null }
				]
			},
			"longpifu_dj_5_1_": {
				"attachment": [
					{ "time": 0, "name": null },
					{ "time": 0.8, "name": "longpifu_dj_5_1_" },
					{ "time": 1, "name": null },
					{ "time": 1.8333, "name": "longpifu_dj_5_1_" },
					{ "time": 2.0333, "name": null },
					{ "time": 2.8666, "name": "longpifu_dj_5_1_" },
					{ "time": 3.0666, "name": null },
					{ "time": 4.9, "name": null }
				]
			},
			"longpifu_dj_5_2_": {
				"attachment": [
					{ "time": 0, "name": null },
					{ "time": 0.8, "name": "longpifu_dj_5_2_" },
					{ "time": 1, "name": null },
					{ "time": 1.8333, "name": "longpifu_dj_5_2_" },
					{ "time": 2.0333, "name": null },
					{ "time": 2.8666, "name": "longpifu_dj_5_2_" },
					{ "time": 3.0666, "name": null },
					{ "time": 4.9, "name": null }
				]
			},
			"longpifu_dj_5_3_": {
				"attachment": [
					{ "time": 0, "name": null },
					{ "time": 0.8, "name": "longpifu_dj_5_3_" },
					{ "time": 1, "name": null },
					{ "time": 1.8333, "name": "longpifu_dj_5_3_" },
					{ "time": 2.0333, "name": null },
					{ "time": 2.8666, "name": "longpifu_dj_5_3_" },
					{ "time": 3.0666, "name": null },
					{ "time": 4.9, "name": null }
				]
			},
			"longpifu_dj_5_4_": {
				"attachment": [
					{ "time": 0, "name": null },
					{ "time": 0.8, "name": "longpifu_dj_5_4_" },
					{ "time": 1, "name": null },
					{ "time": 1.8333, "name": "longpifu_dj_5_4_" },
					{ "time": 2.0333, "name": null },
					{ "time": 2.8666, "name": "longpifu_dj_5_4_" },
					{ "time": 3.0666, "name": null },
					{ "time": 4.9, "name": null }
				]
			},
			"longpifu_dj_5_5_": {
				"attachment": [
					{ "time": 0, "name": null },
					{ "time": 0.8, "name": "longpifu_dj_5_5_" },
					{ "time": 1, "name": null },
					{ "time": 1.8333, "name": "longpifu_dj_5_5_" },
					{ "time": 2.0333, "name": null },
					{ "time": 2.8666, "name": "longpifu_dj_5_5_" },
					{ "time": 3.0666, "name": null },
					{ "time": 4.9, "name": null }
				]
			},
			"longpifu_dj_5_6_": {
				"attachment": [
					{ "time": 0, "name": null },
					{ "time": 0.8, "name": "longpifu_dj_5_6_" },
					{ "time": 1, "name": null },
					{ "time": 1.8333, "name": "longpifu_dj_5_6_" },
					{ "time": 2.0333, "name": null },
					{ "time": 2.8666, "name": "longpifu_dj_5_6_" },
					{ "time": 3.0666, "name": null },
					{ "time": 4.9, "name": null }
				]
			},
			"longpifu_dj_5_7_": {
				"attachment": [
					{ "time": 0, "name": null },
					{ "time": 0.8, "name": "longpifu_dj_5_7_" },
					{ "time": 1, "name": null },
					{ "time": 1.8333, "name": "longpifu_dj_5_7_" },
					{ "time": 2.0333, "name": null },
					{ "time": 2.8666, "name": "longpifu_dj_5_7_" },
					{ "time": 3.0666, "name": null },
					{ "time": 4.9, "name": null }
				]
			},
			"longpifu_xx_0_0_": {
				"attachment": [
					{ "time": 0, "name": null },
					{ "time": 4.9, "name": null }
				]
			},
			"longpifu_xx_0_1_": {
				"attachment": [
					{ "time": 0, "name": null },
					{ "time": 4.9, "name": null }
				]
			},
			"longpifu_xx_0_2_": {
				"attachment": [
					{ "time": 0, "name": null },
					{ "time": 4.9, "name": null }
				]
			},
			"longpifu_xx_0_3_": {
				"attachment": [
					{ "time": 0, "name": null },
					{ "time": 4.9, "name": null }
				]
			},
			"longpifu_xx_0_4_": {
				"attachment": [
					{ "time": 0, "name": null },
					{ "time": 4.9, "name": null }
				]
			},
			"longpifu_xx_0_5_": {
				"attachment": [
					{ "time": 0, "name": null },
					{ "time": 4.9, "name": null }
				]
			},
			"longpifu_xx_0_6_": {
				"attachment": [
					{ "time": 0, "name": null },
					{ "time": 4.9, "name": null }
				]
			},
			"longpifu_xx_10_0_": {
				"attachment": [
					{ "time": 0, "name": null },
					{ "time": 4.6, "name": "longpifu_xx_10_0_" },
					{ "time": 4.7333, "name": null },
					{ "time": 4.9, "name": null }
				]
			},
			"longpifu_xx_10_1_": {
				"attachment": [
					{ "time": 0, "name": null },
					{ "time": 4.6, "name": "longpifu_xx_10_1_" },
					{ "time": 4.7333, "name": null },
					{ "time": 4.9, "name": null }
				]
			},
			"longpifu_xx_10_2_": {
				"attachment": [
					{ "time": 0, "name": null },
					{ "time": 4.6, "name": "longpifu_xx_10_2_" },
					{ "time": 4.7333, "name": null },
					{ "time": 4.9, "name": null }
				]
			},
			"longpifu_xx_10_3_": {
				"attachment": [
					{ "time": 0, "name": null },
					{ "time": 4.6, "name": "longpifu_xx_10_3_" },
					{ "time": 4.7333, "name": null },
					{ "time": 4.9, "name": null }
				]
			},
			"longpifu_xx_10_4_": {
				"attachment": [
					{ "time": 0, "name": null },
					{ "time": 4.6, "name": "longpifu_xx_10_4_" },
					{ "time": 4.7333, "name": null },
					{ "time": 4.9, "name": null }
				]
			},
			"longpifu_xx_10_5_": {
				"attachment": [
					{ "time": 0, "name": null },
					{ "time": 4.6, "name": "longpifu_xx_10_5_" },
					{ "time": 4.7333, "name": null },
					{ "time": 4.9, "name": null }
				]
			},
			"longpifu_xx_10_6_": {
				"attachment": [
					{ "time": 0, "name": null },
					{ "time": 4.6, "name": "longpifu_xx_10_6_" },
					{ "time": 4.7333, "name": null },
					{ "time": 4.9, "name": null }
				]
			},
			"longpifu_xx_10_7_": {
				"attachment": [
					{ "time": 0, "name": null },
					{ "time": 4.6, "name": "longpifu_xx_10_7_" },
					{ "time": 4.7333, "name": null },
					{ "time": 4.9, "name": null }
				]
			},
			"longpifu_xx_11_0_": {
				"attachment": [
					{ "time": 0, "name": null },
					{ "time": 4.7333, "name": "longpifu_xx_11_0_" },
					{ "time": 4.9, "name": "longpifu_xx_11_0_" }
				]
			},
			"longpifu_xx_11_1_": {
				"attachment": [
					{ "time": 0, "name": null },
					{ "time": 4.7333, "name": "longpifu_xx_11_1_" },
					{ "time": 4.9, "name": "longpifu_xx_11_1_" }
				]
			},
			"longpifu_xx_11_2_": {
				"attachment": [
					{ "time": 0, "name": null },
					{ "time": 4.7333, "name": "longpifu_xx_11_2_" },
					{ "time": 4.9, "name": "longpifu_xx_11_2_" }
				]
			},
			"longpifu_xx_11_3_": {
				"attachment": [
					{ "time": 0, "name": null },
					{ "time": 4.7333, "name": "longpifu_xx_11_3_" },
					{ "time": 4.9, "name": "longpifu_xx_11_3_" }
				]
			},
			"longpifu_xx_11_4_": {
				"attachment": [
					{ "time": 0, "name": null },
					{ "time": 4.7333, "name": "longpifu_xx_11_4_" },
					{ "time": 4.9, "name": "longpifu_xx_11_4_" }
				]
			},
			"longpifu_xx_12_0_": {
				"attachment": [
					{ "time": 0, "name": null },
					{ "time": 4.9, "name": null }
				]
			},
			"longpifu_xx_12_1_": {
				"attachment": [
					{ "time": 0, "name": null },
					{ "time": 4.9, "name": null }
				]
			},
			"longpifu_xx_12_2_": {
				"attachment": [
					{ "time": 0, "name": null },
					{ "time": 4.9, "name": null }
				]
			},
			"longpifu_xx_12_3_": {
				"attachment": [
					{ "time": 0, "name": null },
					{ "time": 4.9, "name": null }
				]
			},
			"longpifu_xx_12_4_": {
				"attachment": [
					{ "time": 0, "name": null },
					{ "time": 4.9, "name": null }
				]
			},
			"longpifu_xx_12_5_": {
				"attachment": [
					{ "time": 0, "name": null },
					{ "time": 4.9, "name": null }
				]
			},
			"longpifu_xx_1_0_": {
				"attachment": [
					{ "time": 0, "name": null },
					{ "time": 3.3333, "name": "longpifu_xx_1_0_" },
					{ "time": 3.4666, "name": null },
					{ "time": 4.9, "name": null }
				]
			},
			"longpifu_xx_1_1_": {
				"attachment": [
					{ "time": 0, "name": null },
					{ "time": 3.3333, "name": "longpifu_xx_1_1_" },
					{ "time": 3.4666, "name": null },
					{ "time": 4.9, "name": null }
				]
			},
			"longpifu_xx_1_2_": {
				"attachment": [
					{ "time": 0, "name": null },
					{ "time": 3.3333, "name": "longpifu_xx_1_2_" },
					{ "time": 3.4666, "name": null },
					{ "time": 4.9, "name": null }
				]
			},
			"longpifu_xx_1_3_": {
				"attachment": [
					{ "time": 0, "name": null },
					{ "time": 3.3333, "name": "longpifu_xx_1_3_" },
					{ "time": 3.4666, "name": null },
					{ "time": 4.9, "name": null }
				]
			},
			"longpifu_xx_1_4_": {
				"attachment": [
					{ "time": 0, "name": null },
					{ "time": 3.3333, "name": "longpifu_xx_1_4_" },
					{ "time": 3.4666, "name": null },
					{ "time": 4.9, "name": null }
				]
			},
			"longpifu_xx_1_5_": {
				"attachment": [
					{ "time": 0, "name": null },
					{ "time": 3.3333, "name": "longpifu_xx_1_5_" },
					{ "time": 3.4666, "name": null },
					{ "time": 4.9, "name": null }
				]
			},
			"longpifu_xx_2_0_": {
				"attachment": [
					{ "time": 0, "name": null },
					{ "time": 3.4666, "name": "longpifu_xx_2_0_" },
					{ "time": 3.6, "name": null },
					{ "time": 4.9, "name": null }
				]
			},
			"longpifu_xx_2_1_": {
				"attachment": [
					{ "time": 0, "name": null },
					{ "time": 3.4666, "name": "longpifu_xx_2_1_" },
					{ "time": 3.6, "name": null },
					{ "time": 4.9, "name": null }
				]
			},
			"longpifu_xx_2_2_": {
				"attachment": [
					{ "time": 0, "name": null },
					{ "time": 3.4666, "name": "longpifu_xx_2_2_" },
					{ "time": 3.6, "name": null },
					{ "time": 4.9, "name": null }
				]
			},
			"longpifu_xx_2_3_": {
				"attachment": [
					{ "time": 0, "name": null },
					{ "time": 3.4666, "name": "longpifu_xx_2_3_" },
					{ "time": 3.6, "name": null },
					{ "time": 4.9, "name": null }
				]
			},
			"longpifu_xx_2_4_": {
				"attachment": [
					{ "time": 0, "name": null },
					{ "time": 3.4666, "name": "longpifu_xx_2_4_" },
					{ "time": 3.6, "name": null },
					{ "time": 4.9, "name": null }
				]
			},
			"longpifu_xx_2_5_": {
				"attachment": [
					{ "time": 0, "name": null },
					{ "time": 3.4666, "name": "longpifu_xx_2_5_" },
					{ "time": 3.6, "name": null },
					{ "time": 4.9, "name": null }
				]
			},
			"longpifu_xx_2_6_": {
				"attachment": [
					{ "time": 0, "name": null },
					{ "time": 3.4666, "name": "longpifu_xx_2_6_" },
					{ "time": 3.6, "name": null },
					{ "time": 4.9, "name": null }
				]
			},
			"longpifu_xx_3_0_": {
				"attachment": [
					{ "time": 0, "name": null },
					{ "time": 3.6, "name": "longpifu_xx_3_0_" },
					{ "time": 3.7333, "name": null },
					{ "time": 4.9, "name": null }
				]
			},
			"longpifu_xx_3_1_": {
				"attachment": [
					{ "time": 0, "name": null },
					{ "time": 3.6, "name": "longpifu_xx_3_1_" },
					{ "time": 3.7333, "name": null },
					{ "time": 4.9, "name": null }
				]
			},
			"longpifu_xx_3_2_": {
				"attachment": [
					{ "time": 0, "name": null },
					{ "time": 3.6, "name": "longpifu_xx_3_2_" },
					{ "time": 3.7333, "name": null },
					{ "time": 4.9, "name": null }
				]
			},
			"longpifu_xx_3_3_": {
				"attachment": [
					{ "time": 0, "name": null },
					{ "time": 3.6, "name": "longpifu_xx_3_3_" },
					{ "time": 3.7333, "name": null },
					{ "time": 4.9, "name": null }
				]
			},
			"longpifu_xx_3_4_": {
				"attachment": [
					{ "time": 0, "name": null },
					{ "time": 3.6, "name": "longpifu_xx_3_4_" },
					{ "time": 3.7333, "name": null },
					{ "time": 4.9, "name": null }
				]
			},
			"longpifu_xx_3_5_": {
				"attachment": [
					{ "time": 0, "name": null },
					{ "time": 3.6, "name": "longpifu_xx_3_5_" },
					{ "time": 3.7333, "name": null },
					{ "time": 4.9, "name": null }
				]
			},
			"longpifu_xx_3_6_": {
				"attachment": [
					{ "time": 0, "name": null },
					{ "time": 3.6, "name": "longpifu_xx_3_6_" },
					{ "time": 3.7333, "name": null },
					{ "time": 4.9, "name": null }
				]
			},
			"longpifu_xx_4_0_": {
				"attachment": [
					{ "time": 0, "name": null },
					{ "time": 3.7333, "name": "longpifu_xx_4_0_" },
					{ "time": 3.9, "name": null },
					{ "time": 4.9, "name": null }
				]
			},
			"longpifu_xx_4_1_": {
				"attachment": [
					{ "time": 0, "name": null },
					{ "time": 3.7333, "name": "longpifu_xx_4_1_" },
					{ "time": 3.9, "name": null },
					{ "time": 4.9, "name": null }
				]
			},
			"longpifu_xx_4_2_": {
				"attachment": [
					{ "time": 0, "name": null },
					{ "time": 3.7333, "name": "longpifu_xx_4_2_" },
					{ "time": 3.9, "name": null },
					{ "time": 4.9, "name": null }
				]
			},
			"longpifu_xx_4_3_": {
				"attachment": [
					{ "time": 0, "name": null },
					{ "time": 3.7333, "name": "longpifu_xx_4_3_" },
					{ "time": 3.9, "name": null },
					{ "time": 4.9, "name": null }
				]
			},
			"longpifu_xx_4_4_": {
				"attachment": [
					{ "time": 0, "name": null },
					{ "time": 3.7333, "name": "longpifu_xx_4_4_" },
					{ "time": 3.9, "name": null },
					{ "time": 4.9, "name": null }
				]
			},
			"longpifu_xx_4_5_": {
				"attachment": [
					{ "time": 0, "name": null },
					{ "time": 3.7333, "name": "longpifu_xx_4_5_" },
					{ "time": 3.9, "name": null },
					{ "time": 4.9, "name": null }
				]
			},
			"longpifu_xx_4_6_": {
				"attachment": [
					{ "time": 0, "name": null },
					{ "time": 3.7333, "name": "longpifu_xx_4_6_" },
					{ "time": 3.9, "name": null },
					{ "time": 4.9, "name": null }
				]
			},
			"longpifu_xx_4_7_": {
				"attachment": [
					{ "time": 0, "name": null },
					{ "time": 3.7333, "name": "longpifu_xx_4_7_" },
					{ "time": 3.9, "name": null },
					{ "time": 4.9, "name": null }
				]
			},
			"longpifu_xx_5_0_": {
				"attachment": [
					{ "time": 0, "name": null },
					{ "time": 3.9, "name": "longpifu_xx_5_0_" },
					{ "time": 4.0666, "name": null },
					{ "time": 4.9, "name": null }
				]
			},
			"longpifu_xx_5_1_": {
				"attachment": [
					{ "time": 0, "name": null },
					{ "time": 3.9, "name": "longpifu_xx_5_1_" },
					{ "time": 4.0666, "name": null },
					{ "time": 4.9, "name": null }
				]
			},
			"longpifu_xx_5_2_": {
				"attachment": [
					{ "time": 0, "name": null },
					{ "time": 3.9, "name": "longpifu_xx_5_2_" },
					{ "time": 4.0666, "name": null },
					{ "time": 4.9, "name": null }
				]
			},
			"longpifu_xx_5_3_": {
				"attachment": [
					{ "time": 0, "name": null },
					{ "time": 3.9, "name": "longpifu_xx_5_3_" },
					{ "time": 4.0666, "name": null },
					{ "time": 4.9, "name": null }
				]
			},
			"longpifu_xx_5_4_": {
				"attachment": [
					{ "time": 0, "name": null },
					{ "time": 3.9, "name": "longpifu_xx_5_4_" },
					{ "time": 4.0666, "name": null },
					{ "time": 4.9, "name": null }
				]
			},
			"longpifu_xx_5_5_": {
				"attachment": [
					{ "time": 0, "name": null },
					{ "time": 3.9, "name": "longpifu_xx_5_5_" },
					{ "time": 4.0666, "name": null },
					{ "time": 4.9, "name": null }
				]
			},
			"longpifu_xx_5_6_": {
				"attachment": [
					{ "time": 0, "name": null },
					{ "time": 3.9, "name": "longpifu_xx_5_6_" },
					{ "time": 4.0666, "name": null },
					{ "time": 4.9, "name": null }
				]
			},
			"longpifu_xx_6_0_": {
				"attachment": [
					{ "time": 0, "name": null },
					{ "time": 4.0666, "name": "longpifu_xx_6_0_" },
					{ "time": 4.2, "name": null },
					{ "time": 4.9, "name": null }
				]
			},
			"longpifu_xx_6_1_": {
				"attachment": [
					{ "time": 0, "name": null },
					{ "time": 4.0666, "name": "longpifu_xx_6_1_" },
					{ "time": 4.2, "name": null },
					{ "time": 4.9, "name": null }
				]
			},
			"longpifu_xx_6_2_": {
				"attachment": [
					{ "time": 0, "name": null },
					{ "time": 4.0666, "name": "longpifu_xx_6_2_" },
					{ "time": 4.2, "name": null },
					{ "time": 4.9, "name": null }
				]
			},
			"longpifu_xx_7_0_": {
				"attachment": [
					{ "time": 0, "name": null },
					{ "time": 4.2, "name": "longpifu_xx_7_0_" },
					{ "time": 4.3333, "name": null },
					{ "time": 4.9, "name": null }
				]
			},
			"longpifu_xx_7_1_": {
				"attachment": [
					{ "time": 0, "name": null },
					{ "time": 4.2, "name": "longpifu_xx_7_1_" },
					{ "time": 4.3333, "name": null },
					{ "time": 4.9, "name": null }
				]
			},
			"longpifu_xx_7_2_": {
				"attachment": [
					{ "time": 0, "name": null },
					{ "time": 4.2, "name": "longpifu_xx_7_2_" },
					{ "time": 4.3333, "name": null },
					{ "time": 4.9, "name": null }
				]
			},
			"longpifu_xx_7_3_": {
				"attachment": [
					{ "time": 0, "name": null },
					{ "time": 4.2, "name": "longpifu_xx_7_3_" },
					{ "time": 4.3333, "name": null },
					{ "time": 4.9, "name": null }
				]
			},
			"longpifu_xx_7_4_": {
				"attachment": [
					{ "time": 0, "name": null },
					{ "time": 4.2, "name": "longpifu_xx_7_4_" },
					{ "time": 4.3333, "name": null },
					{ "time": 4.9, "name": null }
				]
			},
			"longpifu_xx_8_0_": {
				"attachment": [
					{ "time": 0, "name": null },
					{ "time": 4.3333, "name": "longpifu_xx_8_0_" },
					{ "time": 4.4666, "name": null },
					{ "time": 4.9, "name": null }
				]
			},
			"longpifu_xx_8_1_": {
				"attachment": [
					{ "time": 0, "name": null },
					{ "time": 4.3333, "name": "longpifu_xx_8_1_" },
					{ "time": 4.4666, "name": null },
					{ "time": 4.9, "name": null }
				]
			},
			"longpifu_xx_8_2_": {
				"attachment": [
					{ "time": 0, "name": null },
					{ "time": 4.3333, "name": "longpifu_xx_8_2_" },
					{ "time": 4.4666, "name": null },
					{ "time": 4.9, "name": null }
				]
			},
			"longpifu_xx_8_3_": {
				"attachment": [
					{ "time": 0, "name": null },
					{ "time": 4.3333, "name": "longpifu_xx_8_3_" },
					{ "time": 4.4666, "name": null },
					{ "time": 4.9, "name": null }
				]
			},
			"longpifu_xx_8_4_": {
				"attachment": [
					{ "time": 0, "name": null },
					{ "time": 4.3333, "name": "longpifu_xx_8_4_" },
					{ "time": 4.4666, "name": null },
					{ "time": 4.9, "name": null }
				]
			},
			"longpifu_xx_8_5_": {
				"attachment": [
					{ "time": 0, "name": null },
					{ "time": 4.3333, "name": "longpifu_xx_8_5_" },
					{ "time": 4.4666, "name": null },
					{ "time": 4.9, "name": null }
				]
			},
			"longpifu_xx_9_0_": {
				"attachment": [
					{ "time": 0, "name": null },
					{ "time": 4.4666, "name": "longpifu_xx_9_0_" },
					{ "time": 4.6, "name": null },
					{ "time": 4.9, "name": null }
				]
			},
			"longpifu_xx_9_1_": {
				"attachment": [
					{ "time": 0, "name": null },
					{ "time": 4.4666, "name": "longpifu_xx_9_1_" },
					{ "time": 4.6, "name": null },
					{ "time": 4.9, "name": null }
				]
			},
			"longpifu_xx_9_2_": {
				"attachment": [
					{ "time": 0, "name": null },
					{ "time": 4.4666, "name": "longpifu_xx_9_2_" },
					{ "time": 4.6, "name": null },
					{ "time": 4.9, "name": null }
				]
			},
			"longpifu_xx_9_3_": {
				"attachment": [
					{ "time": 0, "name": null },
					{ "time": 4.4666, "name": "longpifu_xx_9_3_" },
					{ "time": 4.6, "name": null },
					{ "time": 4.9, "name": null }
				]
			},
			"longpifu_xx_9_4_": {
				"attachment": [
					{ "time": 0, "name": null },
					{ "time": 4.4666, "name": "longpifu_xx_9_4_" },
					{ "time": 4.6, "name": null },
					{ "time": 4.9, "name": null }
				]
			},
			"longpifu_xx_9_5_": {
				"attachment": [
					{ "time": 0, "name": null },
					{ "time": 4.4666, "name": "longpifu_xx_9_5_" },
					{ "time": 4.6, "name": null },
					{ "time": 4.9, "name": null }
				]
			},
			"longpifu_xx_9_6_": {
				"attachment": [
					{ "time": 0, "name": null },
					{ "time": 4.4666, "name": "longpifu_xx_9_6_" },
					{ "time": 4.6, "name": null },
					{ "time": 4.9, "name": null }
				]
			},
			"root": {
				"attachment": [
					{ "time": 0, "name": "longpifu_jishi_1_" }
				]
			}
		}
	}
}
}