{
"skeleton": { "hash": "EVu5HqVOhuLZolvR+VHOqYp65xw", "spine": "2.1.27", "width": 1121.91, "height": 1030.67 },
"bones": [
	{ "name": "root", "rotation": 0.41 },
	{ "name": "bu_dong", "parent": "root", "length": 44.03, "x": 121.68, "y": 463.78, "rotation": -47.83 },
	{ "name": "long_qu_gan_", "parent": "root", "length": 132.55, "x": 151.03, "y": 544.96, "rotation": 139.1 },
	{ "name": "long_L_chibang_", "parent": "long_qu_gan_", "length": 108.02, "x": 123.92, "y": -12.27, "rotation": -108.06 },
	{ "name": "long_qu_gan1_", "parent": "long_qu_gan_", "length": 109.67, "x": 130.68, "y": 0.83, "rotation": 42.89 },
	{ "name": "long_qu_gan_wei1_", "parent": "long_qu_gan_", "length": 74.59, "x": -4.76, "y": 1.31, "rotation": 176.73 },
	{ "name": "long_L_chibang02_gen_", "parent": "long_qu_gan1_", "length": 103.61, "x": 22.33, "y": 23.83, "rotation": -107.94 },
	{ "name": "long_L_chibang1_", "parent": "long_L_chibang_", "length": 145.86, "x": 112.14, "y": 1.98, "rotation": -30.71 },
	{ "name": "long_R_chibang02_", "parent": "long_qu_gan1_", "length": 163.25, "x": 64.71, "y": -64.79, "rotation": -74.17 },
	{ "name": "long_R_chibang_", "parent": "long_qu_gan1_", "length": 138.27, "x": 71.9, "y": -66.51, "rotation": -69.01 },
	{ "name": "long_bozi_", "parent": "long_qu_gan1_", "length": 63.54, "x": 111.73, "y": 0.23, "rotation": 46.15 },
	{ "name": "long_qu_gan_wei2_", "parent": "long_qu_gan_wei1_", "length": 77.56, "x": 74.59, "y": -0.07, "rotation": -6.73 },
	{ "name": "long_L_bi_", "parent": "long_bozi_", "length": 106.38, "x": -3.64, "y": -38.87, "rotation": -77.13 },
	{ "name": "long_L_chibang02_", "parent": "long_L_chibang02_gen_", "length": 193.72, "x": 104.35, "y": 0.71, "rotation": -26.12 },
	{ "name": "long_L_chibang2_", "parent": "long_L_chibang1_", "length": 120.15, "x": 145.88, "y": -0.5, "rotation": -16.24 },
	{ "name": "long_R_chibang02_1_", "parent": "long_R_chibang02_", "length": 149.9, "x": 163.25, "y": 0.87, "rotation": 22.26 },
	{ "name": "long_R_chibang1_", "parent": "long_R_chibang_", "length": 137.23, "x": 139.7, "y": 0.02, "rotation": 22.04 },
	{ "name": "long_bozi1_", "parent": "long_bozi_", "length": 55.89, "x": 63.08, "y": 0.4, "rotation": 56.48 },
	{ "name": "long_qu_gan_wei3_", "parent": "long_qu_gan_wei2_", "length": 92.02, "x": 76.6, "y": -0.28, "rotation": -27.46 },
	{ "name": "long_L_chibang02_1_", "parent": "long_L_chibang02_", "length": 144.1, "x": 192.04, "y": -0.46, "rotation": -52.66 },
	{ "name": "long_R_chibang02_2_", "parent": "long_R_chibang02_1_", "length": 156.43, "x": 149.89, "y": 0.85, "rotation": 74.17 },
	{ "name": "long_bozi2_", "parent": "long_bozi1_", "length": 58.19, "x": 57.66, "y": -2.4, "scaleX": 0.862, "rotation": 32.2 },
	{ "name": "long_wei_", "parent": "long_qu_gan_wei3_", "length": 66.12, "x": 76.66, "y": 3.5, "rotation": -46.25 },
	{ "name": "long_L_chibang02_2_", "parent": "long_L_chibang02_1_", "length": 326.3, "x": 145.47, "y": -2.24, "rotation": -17.48 },
	{ "name": "long_R_chibang02_3_", "parent": "long_R_chibang02_2_", "length": 283.24, "x": 156.43, "y": -0.11, "rotation": 26.38 },
	{ "name": "long_tou_", "parent": "long_bozi2_", "length": 65.21, "x": 64.59, "y": 0.68, "scaleX": 1.159, "rotation": 15.37 },
	{ "name": "long_wei1_", "parent": "long_wei_", "length": 89.75, "x": 67.68, "y": 1.57, "rotation": -35.97 },
	{ "name": "long_lin", "parent": "long_tou_", "length": 63.07, "x": 33.63, "y": -11.06, "rotation": -145.58 },
	{ "name": "long_tou1_", "parent": "long_tou_", "length": 103.21, "x": 30.09, "y": 33.5, "rotation": 150.19 },
	{ "name": "long_tou2_", "parent": "long_tou_", "length": 40.89, "x": 43.92, "y": -8.72, "rotation": -13.14 },
	{ "name": "long_wei2_", "parent": "long_wei1_", "length": 61.33, "x": 93.82, "y": -1.69, "rotation": -2.15 },
	{ "name": "texiaodian_", "parent": "long_tou_", "x": 78.82, "y": 0.6 },
	{ "name": "long_wei3_", "parent": "long_wei2_", "length": 89.51, "x": 58.25, "y": -1.88, "rotation": 20.46 }
],
"slots": [
	{ "name": "long_L_chibang02_", "bone": "long_L_chibang02_" },
	{ "name": "long_L_chibang02_gen_3", "bone": "long_L_chibang02_gen_", "attachment": "long_L_chibang02_gen_i_" },
	{ "name": "long_L_chibang02_2", "bone": "long_L_chibang02_" },
	{ "name": "long_R_chibang_2", "bone": "long_R_chibang_" },
	{ "name": "long_qu_gan_2", "bone": "long_qu_gan_", "attachment": "long_qu_gan_i_" },
	{ "name": "long_R_chibang_3", "bone": "long_R_chibang_", "attachment": "long_R_chibang_id_" },
	{ "name": "long_L_bi_2", "bone": "long_L_bi_", "attachment": "long_L_bi_i_" },
	{ "name": "zhucheng_h_i_", "bone": "root", "attachment": "neicheng_chengbao2_" },
	{ "name": "long_L_chibang02_gen_2", "bone": "long_L_chibang02_gen_", "attachment": "long_L_chibang02_id_" },
	{ "name": "long_zhua_zi_i_", "bone": "root", "attachment": "long_zhua_zi_id_" },
	{ "name": "long_L_chibang_2", "bone": "long_L_chibang_" },
	{ "name": "long_bozi_2", "bone": "long_bozi_", "attachment": "longbozi_i_" },
	{ "name": "waicheng_dizuo_i_", "bone": "root", "attachment": "waicheng_dizuo_id_" },
	{ "name": "long_tou_2", "bone": "long_tou_", "attachment": "long_tou_id_" },
	{ "name": "long_wei_5", "bone": "long_wei_", "attachment": "long_wei_id_" }
],
"skins": {
	"default": {
		"long_L_bi_2": {
			"long_L_bi_i_": {
				"type": "skinnedmesh",
				"uvs": [ 1, 1, 0, 1, 0, 0, 1, 0 ],
				"triangles": [ 1, 2, 3, 1, 3, 0 ],
				"vertices": [ 2, 12, -47.36, 5.82, 0.56799, 4, 99.63, 0.05, 0.432, 1, 12, 61.94, 66.44999, 1, 1, 12, 103.66, -8.75, 1, 2, 12, -5.64, -69.37999, 0.47999, 4, 96.68, -85.89, 0.52 ],
				"hull": 4
			}
		},
		"long_L_chibang02_gen_2": {
			"long_L_chibang02_id_": {
				"type": "skinnedmesh",
				"uvs": [ 1, 0.57883, 1, 0.75297, 1, 1, 0.94127, 0.99998, 0.85422, 0.78217, 0.78936, 0.61987, 0.71107, 0.5023, 0.64696, 0.40603, 0.51605, 0.44522, 0.39409, 0.33213, 0.31218, 0.35285, 0.1867, 0.38461, 0.13965, 0.48379, 0.0843, 0.54566, 0.06402, 0.46237, 0.11812, 0, 0.33931, 0, 1, 0, 0.10516, 0.32177, 0.63173, 0.13703, 0.90588, 0.30327, 0.91469, 0.60793, 0.81248, 0.39636, 0.63553, 0.26303, 0.10159, 0.47302, 0.14781, 0.3558, 0.26445, 0.1844, 0.38682, 0.1459, 0.50018, 0.29508, 0.77039, 0.22111, 0.72616, 0.33131, 0.28875, 0.27017, 0.39158, 0.26788, 0.71828, 0.42057, 0.80431, 0.47535, 0.86704, 0.61572, 0.94102, 0.77206 ],
				"triangles": [ 19, 16, 17, 27, 16, 19, 26, 16, 27, 29, 19, 17, 23, 19, 29, 28, 32, 27, 27, 19, 28, 26, 27, 32, 31, 26, 32, 23, 28, 19, 20, 29, 17, 30, 23, 29, 30, 29, 20, 8, 9, 32, 10, 31, 32, 10, 32, 9, 22, 30, 20, 7, 23, 30, 28, 23, 7, 33, 7, 30, 33, 30, 22, 8, 28, 7, 8, 32, 28, 34, 33, 22, 6, 7, 33, 6, 33, 34, 20, 17, 0, 22, 20, 0, 21, 34, 22, 0, 21, 22, 35, 34, 21, 5, 6, 34, 5, 34, 35, 21, 0, 1, 36, 21, 1, 35, 21, 36, 4, 5, 35, 4, 35, 36, 2, 3, 36, 4, 36, 3, 2, 36, 1, 26, 15, 16, 18, 15, 26, 25, 18, 26, 31, 25, 26, 11, 25, 31, 10, 11, 31, 18, 14, 15, 14, 18, 25, 24, 14, 25, 24, 25, 11, 12, 24, 11, 13, 14, 24, 13, 24, 12 ],
				"vertices": [ 1, 19, 489.53, -172.71, 1, 1, 19, 497.56, -269.13, 1, 1, 19, 508.93, -405.89, 1, 1, 19, 469.4, -409.18, 1, 1, 19, 400.77, -293.46, 1, 1, 19, 349.63, -207.23, 1, 1, 19, 291.52, -146.53, 1, 1, 19, 243.93, -96.81, 1, 2, 13, 187.64, -202.1, 0.00178, 19, 157.61, -125.84, 0.99821, 2, 13, 179, -98.85, 0.12472, 19, 70.3, -70.06, 0.87527, 2, 13, 133.37, -65.53, 0.64972, 19, 16.12, -86.12, 0.35027, 2, 13, 63.44, -14.48, 0.99819, 19, -66.87, -110.73, 0.0018, 2, 6, 93.22, -24.85, 0.57484, 13, 1.25, -27.86, 0.42515, 1, 6, 49.88, 1.62, 1, 2, 6, 90.59, 27.53, 0.67459, 13, -24.16, 18.01, 0.3254, 2, 13, 190.9, 163.15, 0.94027, 19, -130.76, 98.36, 0.05972, 2, 13, 291.08, 52.31, 0.24169, 19, 18.12999, 110.75, 0.7583, 1, 19, 462.87, 147.75, 1, 1, 13, 52.41, 49.78, 1, 1, 19, 221.28, 51.26, 1, 1, 19, 413.49, -25.42, 1, 1, 19, 433.45, -193.6, 1, 1, 19, 354.9, -82.19, 1, 1, 19, 229.65, -18.28, 1, 2, 6, 91.89, 1.51, 0.5, 13, -11.53, -4.77, 0.5, 1, 13, 57.7, 15.72, 1, 2, 13, 181.17, 21.13, 0.5, 19, -23.76, 4.46, 0.5, 1, 19, 56.83, 32.63, 1, 2, 13, 242.33, -138.22, 0.00524, 19, 140.02, -43.61, 0.99475, 1, 19, 318.49, 12.47, 1, 1, 19, 293.8, -51.01, 1, 2, 13, 156.83, -22.99, 0.57623, 19, -3.44, -41.66, 0.42376, 2, 13, 204.35, -73.66, 0.08169, 19, 65.66, -34.63, 0.9183, 1, 19, 292.61, -100.87, 1, 1, 19, 353.04, -126.38, 1, 1, 19, 401.74, -200.59, 1, 1, 19, 458.74, -283, 1 ],
				"hull": 18
			}
		},
		"long_L_chibang02_gen_3": {
			"long_L_chibang02_gen_i_": {
				"type": "skinnedmesh",
				"uvs": [ 1, 0.17366, 1, 0.41786, 1, 0.59977, 1, 0.86125, 1, 1, 0.83583, 1, 0.38954, 1, 0, 1, 0, 0.84246, 0, 0.74518, 0, 0, 0.45701, 0, 0.74851, 0, 1, 0, 0.68589, 0.34095, 0.40365, 0.24192, 0.1571, 0.45466, 0.56435, 0.57444, 0.48409, 0.76981 ],
				"triangles": [ 14, 11, 12, 15, 11, 14, 5, 3, 4, 6, 18, 5, 5, 18, 3, 18, 6, 8, 6, 7, 8, 18, 17, 3, 17, 2, 3, 8, 9, 18, 9, 16, 18, 18, 16, 17, 9, 10, 16, 17, 14, 2, 14, 1, 2, 16, 15, 17, 17, 15, 14, 16, 10, 15, 14, 0, 1, 14, 12, 0, 15, 10, 11, 12, 13, 0 ],
				"vertices": [ 1, 6, 107.26, -24.38, 1, 2, 6, 82.12999, -31.55, 0.352, 13, -5.74, -38.75, 0.64799, 1, 6, 63.42, -36.89, 1, 1, 6, 36.50999, -44.57, 1, 1, 6, 22.24, -48.64, 1, 1, 6, 17.82, -33.16999, 1, 1, 6, 5.82, 8.87, 1, 1, 6, -4.65, 45.58, 1, 1, 6, 11.55, 50.21, 1, 1, 6, 21.56, 53.07, 1, 1, 6, 98.23, 74.94999, 1, 2, 6, 110.52, 31.88, 0.48799, 13, -8.18, 30.7, 0.512, 2, 6, 118.36, 4.41, 0.32, 13, 10.94, 9.49, 0.67999, 2, 6, 125.13, -19.27, 0.32799, 13, 27.45, -8.8, 0.672, 2, 6, 81.6, 0.3, 0.48, 13, -20.25, -10.38, 0.51999, 2, 6, 84.2, 29.81, 0.512, 13, -30.9, 17.24, 0.48799, 1, 6, 55.68, 46.79, 1, 1, 6, 54.31, 4.9, 1, 1, 6, 32.04, 6.72, 1 ],
				"hull": 14
			}
		},
		"long_L_chibang_2": {
			"long_L_chibang_id_": {
				"type": "skinnedmesh",
				"uvs": [ 0.94569, 0.11435, 1, 0.22008, 1, 0.50687, 0.91754, 0.89308, 0.74625, 1, 0.0969, 0.92922, 0, 0.774, 0, 0.53403, 0.08481, 0.27402, 0.20455, 0.06821, 0.50448, 1.0E-5, 0.89327, 0.01229, 0.40132, 0.94251, 0.59628, 0.9652, 0.2077, 0.44691, 0.36071, 0.53669, 0.31524, 0.28266, 0.53629, 0.63113, 0.69765, 0.50012, 0.49367, 0.19217, 0.70915, 0.07594, 0.22442, 0.64051, 0.47487, 0.43915, 0.60295, 0.34087, 0.81742, 0.1654, 0.37843, 0.71378, 0.2924, 0.75656 ],
				"triangles": [ 12, 13, 4, 18, 3, 4, 4, 17, 18, 3, 18, 2, 18, 1, 2, 18, 24, 1, 18, 23, 24, 24, 0, 1, 24, 11, 0, 24, 20, 11, 17, 4, 13, 17, 13, 25, 25, 15, 17, 15, 22, 17, 17, 22, 18, 22, 15, 16, 22, 23, 18, 22, 19, 23, 22, 16, 19, 23, 20, 24, 23, 19, 20, 16, 9, 19, 19, 10, 20, 19, 9, 10, 20, 10, 11, 5, 12, 4, 5, 26, 12, 26, 25, 12, 13, 12, 25, 5, 6, 26, 6, 21, 26, 6, 7, 21, 26, 21, 25, 21, 15, 25, 7, 14, 21, 21, 14, 15, 7, 8, 14, 15, 14, 16, 14, 8, 16, 8, 9, 16 ],
				"vertices": [ 2, 7, 281.07, 135.31, 0.16404, 14, 91.88, 168.18, 0.83595, 2, 7, 306.21, 97.74, 0.09636, 14, 126.52, 139.12, 0.90363, 2, 7, 305.62, -3.78, 5.2E-4, 14, 154.31, 41.47, 0.99947, 2, 7, 266.33, -140.27, 0.01884, 14, 154.7, -100.58, 0.98115, 3, 3, 181.4, -245.82, 0.02217, 7, 186.13, -177.66, 0.17974, 14, 88.12, -158.88, 0.79808, 2, 3, -65.47, -67.96, 0.99733, 7, -116.96, -150.86, 0.00266, 1, 3, -75.9, 2.45, 1, 2, 3, -32.09, 75.23, 0.99437, 7, -161.41, -10.71, 0.00562, 2, 3, 49.31, 133.66, 0.7545, 7, -121.27, 81.1, 0.24549, 3, 3, 134.79, 167.24, 0.40278, 7, -64.94, 153.63, 0.59533, 14, -245.51, 89.13, 0.00188, 3, 3, 267.24, 115.69, 0.03361, 7, 75.26, 176.97, 0.78908, 14, -117.39, 150.7, 0.1773, 2, 7, 256.79, 171.58, 0.22365, 14, 58.44, 196.23, 0.77634, 3, 3, 53.89, -145.3, 0.59353, 7, 25.16, -156.38, 0.34097, 14, -72.37999, -183.41, 0.06549, 3, 3, 127.75, -199.14, 0.1216, 7, 116.16, -164.94, 0.39844, 14, 17.37999, -166.21, 0.47995, 2, 3, 66.91, 51.63, 0.80027, 7, -64.24, 19.57, 0.19972, 2, 3, 111.74, -12.45, 0.34338, 7, 7.02, -12.62, 0.65661, 3, 3, 139.92, 75.54, 0.39031, 7, -13.69, 77.42, 0.60841, 14, -175, 30.26, 0.00127, 3, 3, 164.74, -83.37, 0.03829, 7, 88.82, -46.52, 0.87499, 14, -41.93, -60.12, 0.08671, 2, 7, 164.44, -0.58, 0.2261, 14, 17.84, 5.11, 0.77389, 3, 3, 227.84, 60.01, 0.02783, 7, 69.82, 108.98, 0.82502, 14, -103.62, 83.89, 0.14714, 2, 7, 170.68, 149.54, 0.4947, 14, -18.09, 151.02, 0.50528, 2, 3, 38.25, -11.11, 0.98708, 7, -56.82, -49, 0.01291, 2, 7, 60.54, 21.6, 0.99153, 14, -88.13, -2.60999, 0.00846, 2, 7, 120.54, 56.04, 0.79124, 14, -40.12, 47.22, 0.20875, 2, 7, 221.06, 117.58, 0.24462, 14, 39.2, 134.4, 0.75537, 3, 3, 86.49, -70.42, 0.65156, 7, 14.94, -75.35, 0.33876, 14, -104.83, -108.45, 0.00966, 3, 3, 44.26, -62.68, 0.80187, 7, -25.31, -90.27, 0.19048, 14, -139.33, -134.02, 0.00764 ],
				"hull": 12
			}
		},
		"long_R_chibang_2": {
			"long_R_chibang02_id_": {
				"type": "skinnedmesh",
				"uvs": [ 0.87591, 0.13923, 1, 0.53061, 0.9528, 0.5843, 0.05418, 1, 0, 0.77216, 0.10075, 0.54248, 0.2402, 0.2246, 0.47435, 0.06362, 0.66876, 0, 0.80622, 0, 0.91178, 0.3019, 0.91696, 0.41243, 0.67407, 0.02537, 0.27261, 0.83837, 0.45257, 0.49798, 0.68529, 0.49698, 0.85574, 0.57723, 0.85398, 0.29755, 0.76467, 0.50738, 0.75242, 0.39304, 0.95093, 0.56855, 0.69392, 0.20641, 0.57304, 0.26305, 0.3909, 0.41083, 0.2776, 0.55548, 0.14841, 0.79172, 0.80234, 0.30236, 0.87397, 0.43312, 0.04974, 0.98135, 0.36506, 0.66349 ],
				"triangles": [ 29, 24, 14, 13, 25, 29, 13, 3, 28, 13, 28, 25, 28, 4, 25, 4, 5, 25, 12, 8, 9, 7, 8, 12, 17, 21, 12, 12, 0, 17, 7, 12, 21, 22, 7, 21, 6, 7, 22, 9, 0, 12, 17, 0, 10, 23, 6, 22, 24, 5, 6, 23, 24, 6, 25, 5, 24, 25, 24, 29, 24, 23, 14, 22, 21, 19, 1, 10, 0, 1, 11, 10, 17, 10, 11, 27, 17, 11, 26, 17, 27, 15, 22, 19, 19, 26, 27, 15, 14, 22, 18, 19, 27, 15, 19, 18, 20, 11, 1, 27, 11, 20, 16, 18, 27, 20, 16, 27, 15, 18, 16, 2, 20, 1, 29, 16, 13, 15, 29, 14, 16, 29, 15, 2, 13, 16, 2, 16, 20, 3, 13, 2, 14, 23, 22, 19, 21, 26, 26, 21, 17 ],
				"vertices": [ 1, 15, 63.91, -62.01, 1, 1, 8, -16.03, -29.86, 1, 2, 8, -39.61, 8.85999, 0.99988, 15, -184.72, 84.23, 1.1E-4, 2, 8, -119.56, 627.44, 0.192, 15, -24.4, 687, 0.808, 2, 8, 29.44, 615.22, 0.10463, 15, 108.86, 619.25, 0.89536, 2, 8, 149.76, 510.02, 0.104, 15, 180.37, 476.31, 0.89599, 2, 8, 316.28, 364.43, 0.07999, 15, 279.34, 278.5, 0.92, 2, 8, 369.15, 192.93, 0.04594, 15, 263.31, 99.75, 0.95405, 1, 15, 215.77, -19.81, 1, 1, 15, 160.16, -85.84, 1, 2, 8, 140.04, -21.9, 0.57566, 15, -30.1, -12.29, 0.42433, 1, 8, 71.82, -3.36, 1, 1, 15, 201.21, -11.92, 1, 2, 8, -63.28, 465.22, 0.35489, 15, -33.75999, 515.55, 0.6451, 2, 8, 109.13, 291, 0.52648, 15, 59.81, 289, 0.47351, 2, 8, 64.96, 151.68, 0.81086, 15, -33.83, 176.8, 0.18913, 2, 8, -16.64, 65.49, 0.97345, 15, -142.01, 127.94, 0.02654, 2, 8, 153.81, 11.79, 0.69926, 15, -4.59, 13.68, 0.30072, 2, 8, 45.38, 93.12, 0.8456, 15, -74.12999, 130.02, 0.15439, 2, 8, 102.18, 84.48, 0.76312, 15, -24.85, 100.51, 0.23687, 2, 8, -29.68, 6.89, 0.99988, 15, -176.27, 78.65, 1.1E-4, 2, 8, 240.05, 89.63, 0.52787, 15, 104.7, 53.05, 0.47212, 2, 8, 228.85, 172.98, 0.5797, 15, 125.91, 134.43, 0.42029, 2, 8, 174.01, 310.8, 0.46124, 15, 127.35, 282.75, 0.53875, 2, 8, 107.82, 406.85, 0.31905, 15, 102.48, 396.72, 0.68094, 2, 8, -11.01, 530.33, 0.2823, 15, 39.27, 556.01, 0.71769, 2, 8, 147.73, 36.89, 0.63717, 15, -0.72, 39.21, 0.36281, 2, 8, 67.5, 26.38, 0.99688, 15, -78.94, 59.87, 0.00311, 2, 8, -107.36, 626.44, 0.05654, 15, -13.5, 681.46, 0.94345, 2, 8, 25.3, 375.71, 0.32264, 15, 14.31, 399.16, 0.67734 ],
				"hull": 10
			}
		},
		"long_R_chibang_3": {
			"long_R_chibang_id_": {
				"type": "skinnedmesh",
				"uvs": [ 0.99998, 0.52972, 1, 0.65499, 0.30665, 0.99999, 0.28898, 0.99998, 0.0887, 0.68271, 0, 0.47977, 0, 0.3802, 0.29946, 0, 0.62652, 0.00124, 0.87305, 0.64363, 0.82211, 0.29048, 0.65161, 0.34792, 0.82754, 0.52691, 0.68191, 0.52977, 0.50811, 0.20313, 0.36616, 0.16318, 0.1436, 0.39442, 0.2298, 0.62993, 0.33268, 0.81784, 0.73908, 0.29838, 0.55505, 0.11893, 0.34083, 0.1012, 0.07589, 0.39116, 0.17376, 0.6509, 0.46166, 0.37371, 0.18656, 0.39053, 0.47511, 0.56793, 0.51569, 0.81236, 0.72631, 0.68285 ],
				"triangles": [ 2, 18, 27, 3, 4, 18, 18, 23, 17, 26, 17, 25, 23, 5, 22, 22, 16, 23, 16, 25, 17, 26, 25, 24, 5, 6, 22, 15, 25, 16, 21, 16, 22, 24, 25, 15, 21, 15, 16, 7, 21, 22, 22, 6, 7, 24, 14, 11, 24, 15, 14, 19, 11, 20, 8, 10, 19, 20, 11, 14, 19, 20, 8, 0, 10, 8, 14, 15, 20, 15, 21, 20, 8, 20, 7, 20, 21, 7, 4, 5, 23, 23, 16, 17, 18, 4, 23, 18, 17, 26, 2, 3, 18, 13, 24, 11, 27, 18, 26, 13, 26, 24, 9, 1, 28, 28, 1, 27, 28, 26, 13, 28, 27, 26, 28, 12, 9, 28, 13, 12, 9, 0, 1, 9, 12, 0, 13, 11, 12, 11, 19, 12, 19, 10, 12, 0, 12, 10, 27, 1, 2 ],
				"vertices": [ 1, 9, -1.01, -69.72, 1, 1, 9, -66.19, -42.13, 1, 2, 9, -137.81, 288.62, 0.07549, 16, -148.95, 371.64, 0.9245, 2, 9, -135.06, 295.11, 0.05953, 16, -143.96, 376.62, 0.94046, 2, 9, 61.16, 298.79, 0.34219, 16, 39.3, 306.41, 0.6578, 2, 9, 180.55, 286.67, 0.17219, 16, 145.42, 250.37, 0.8278, 2, 9, 232.35, 264.74, 0.22198, 16, 185.21, 210.6, 0.77801, 1, 16, 252.66, -25.76, 1, 2, 9, 332.04, -48.94, 0, 16, 159.9, -117.56, 0.99999, 1, 9, -40.53, 2, 1, 2, 9, 151.12, -57.07, 0.27249, 16, -10.83, -57.22, 0.7275, 2, 9, 147.77, 18.20999, 0.25129, 16, 14.3, 13.83, 0.7487, 1, 9, 27.27, -6.98, 1, 2, 9, 48.44, 47.14, 0.73108, 16, -66.9, 77.92, 0.26891, 1, 16, 112.63, -3.5, 1, 2, 9, 288.29, 82.39, 0.00124, 16, 168.64, 20.59, 0.99875, 2, 9, 202.61, 215.11, 0.22158, 16, 139.02, 175.76, 0.77841, 2, 9, 66.67, 235.32, 0.17371, 16, 20.59, 245.51, 0.82628, 2, 9, -47.09, 238.92, 0.16, 16, -83.51, 291.53, 0.83999, 2, 9, 159.93, -24.83, 0.46757, 16, 9.42, -30.63, 0.53241, 1, 16, 133.04, -50.38, 1, 1, 16, 200.55, 2.98, 1, 2, 9, 214.84, 239.27, 0.21377, 16, 159.42, 193.56, 0.78622, 2, 9, 64.48, 260.53, 0.192, 16, 28.02, 269.7, 0.80799, 2, 9, 163.9, 93.68, 0.38399, 16, 57.57, 77.73, 0.616, 2, 9, 197.95, 198.47, 0.23856, 16, 128.45, 162.08, 0.76143, 2, 9, 60.76, 131.53, 0.504, 16, -23.82, 151.52, 0.49599, 2, 9, -72.71, 170.48, 0.464, 16, -132.94, 237.7, 0.536, 2, 9, -38.09999, 64.56, 0.77648, 16, -140.6, 126.53, 0.22351 ],
				"hull": 9
			}
		},
		"long_bozi_2": {
			"longbozi_i_": {
				"type": "skinnedmesh",
				"uvs": [ 0.62625, 0.15896, 0.78292, 0.44941, 0.91199, 0.66908, 0.91948, 0.94114, 0.75406, 1, 0.64585, 1, 0.29352, 0.95576, 0.04365, 0.7709, 0, 0.59933, 1.0E-5, 0.28482, 0.11969, 0.08407, 0.2908, 1.0E-5, 0.5944, 0, 0.2931, 0.24935, 0.42613, 0.58369, 0.77934, 0.79562, 0.22994, 0.62867, 0.52107, 0.86678, 0.18074, 0.40586, 0.40959, 0.44053, 0.44799, 0.07449, 0.49348, 0.29759 ],
				"triangles": [ 3, 4, 15, 6, 17, 5, 4, 5, 15, 5, 17, 15, 7, 16, 6, 6, 16, 17, 15, 2, 3, 16, 14, 17, 17, 14, 15, 15, 14, 2, 7, 8, 16, 14, 1, 2, 8, 18, 16, 16, 19, 14, 8, 9, 18, 16, 18, 19, 14, 19, 1, 19, 21, 1, 21, 0, 1, 18, 13, 19, 19, 13, 21, 18, 9, 13, 13, 20, 21, 21, 20, 0, 9, 10, 13, 10, 11, 13, 13, 11, 20, 20, 12, 0, 20, 11, 12 ],
				"vertices": [ 3, 10, 35.7, 15.93, 0.73638, 17, -2.16, 31.4, 0.26361, 21, -37.81, 60.48, 0, 2, 10, 58.27, 58.65, 0.00406, 17, 45.91, 36.16, 0.99593, 2, 17, 82.55, 40.84999, 0.42706, 21, 51.14, 23.34, 0.57292, 1, 21, 85.47, -7.06, 1, 1, 21, 77.78, -25.87, 1, 1, 21, 67.99, -33.79, 1, 1, 21, 30.63, -54.54, 1, 1, 21, -14.84, -51.79, 1, 2, 17, 47.34, -50.8, 0.03407, 21, -40.00999, -35.46, 0.96591, 3, 10, 95.02, -20.87999, 0.20748, 17, -0.12, -38.38, 0.56774, 21, -78.92, 0.33, 0.22476, 3, 10, 63.15, -32.23, 0.83444, 17, -27.18, -18.07, 0.16387, 21, -92.92, 31.93, 0.00167, 2, 10, 42.12, -29.18, 0.99654, 17, -36.24, 1.14, 0.00345, 1, 10, 21.5, -8.06, 1, 3, 10, 69.98, -1.21, 0.39234, 17, 2.45, -6.64, 0.59687, 21, -56.78, 25.81, 0.01077, 2, 17, 56.51, -6.07, 0.02249, 21, -3.38, -2.49, 0.9775, 1, 21, 54.78, -0.76, 1, 2, 17, 57.99, -28.15, 0.00507, 21, -15.57, -21.97, 0.99492, 1, 21, 40.22, -27.76, 1, 3, 10, 96.19, 6.11, 0.02816, 17, 23.03, -24.45, 0.51888, 21, -47.59, -0.21, 0.45295, 1, 17, 34.46, -2.13, 1, 1, 10, 38.59999, -7.06, 1, 2, 10, 61.29, 19.77, 0.14569, 17, 15.16, 12.19, 0.85429 ],
				"hull": 13
			}
		},
		"long_qu_gan_2": {
			"long_qu_gan_i_": {
				"type": "skinnedmesh",
				"uvs": [ 0.99999, 0.73798, 0.99999, 0.92057, 0.99998, 0.99999, 0.95386, 1, 0.86402, 1, 0, 1, 0, 0.26754, 0, 0, 0.34138, 0, 1, 0, 0.09851, 0.11087, 0.41264, 0.2004, 0.40246, 0.45175, 0.26285, 0.43798, 0.23521, 0.23655, 0.05488, 0.50684, 0.17268, 0.49479, 0.56902, 0.33071, 0.67745, 0.45364, 0.79046, 0.5838, 0.91415, 0.76097, 0.94649, 0.9278, 0.85987, 0.92566, 0.89762, 0.51562, 0.78003, 0.31314, 0.54452, 0.10367, 0.65345, 0.20523, 0.46088, 0.50228, 0.59899, 0.63584, 0.71792, 0.74295, 0.81227, 0.8316, 0.52354, 0.56288, 0.12658, 0.34509 ],
				"triangles": [ 5, 28, 29, 22, 30, 20, 30, 22, 4, 20, 21, 22, 1, 21, 20, 2, 3, 21, 2, 21, 1, 3, 4, 21, 4, 22, 21, 1, 20, 0, 29, 30, 4, 30, 29, 20, 0, 23, 9, 23, 0, 20, 20, 29, 19, 29, 28, 19, 20, 19, 23, 28, 18, 19, 18, 24, 23, 23, 24, 9, 19, 18, 23, 16, 31, 28, 16, 28, 5, 16, 5, 15, 13, 12, 27, 16, 13, 31, 5, 6, 15, 15, 32, 16, 15, 6, 32, 16, 32, 13, 32, 14, 13, 12, 13, 14, 29, 4, 5, 14, 32, 10, 32, 6, 10, 6, 7, 10, 11, 12, 14, 11, 14, 8, 14, 10, 8, 11, 8, 25, 10, 7, 8, 27, 31, 13, 31, 27, 18, 27, 17, 18, 27, 12, 17, 18, 17, 24, 17, 12, 11, 11, 25, 17, 17, 26, 24, 17, 25, 26, 24, 26, 9, 26, 25, 9, 25, 8, 9, 28, 31, 18 ],
				"vertices": [ 5, 2, -179.29, -11.51, 2.2E-4, 5, 173.51, 22.77, 0.01529, 11, 95.56, 34.25999, 0.53026, 18, 0.89, 39.4, 0.44611, 22, -78.32, -29.9, 0.00808, 2, 18, 67.06, 25.77, 0.42602, 22, -22.72, 8.47, 0.57397, 1, 22, 1.45, 25.16, 1, 2, 22, 12.93, 8.54, 0.99283, 1, 194.46, 29.27, 0.00716, 5, 17, 316.45, 264.86, 6.0E-5, 11, 133.24, -73.08, 9.3E-4, 18, 83.83999, -38.47, 0.4202, 22, 35.28, -23.84, 0.38602, 1, 168.04, 0.1, 0.19277, 2, 17, 220.77, -101.28, 0.69541, 1, -86.03, -280.46, 0.30458, 3, 4, 196.17, 12.77, 0.02059, 10, 67.53, -52.22, 0.79679, 17, -41.43, -32.75999, 0.18261, 2, 4, 192.74, -86.15, 0.25627, 10, -6.2, -118.27, 0.74372, 3, 2, 217.52, -29.01, 0.06885, 4, 43.3, -80.96, 0.91023, 10, -105.96, -6.88, 0.02091, 3, 2, -0.51, -217.89, 0.53631, 5, -16.76, 218.6, 0.3819, 11, -116.32, 206.47, 0.08177, 2, 4, 148.25, -50.57, 0.41664, 10, -11.35, -61.53, 0.58335, 3, 2, 145.38, 6.59, 0.12557, 4, 14.68, -5.78, 0.87401, 5, -149.59, -13.84, 4.0E-4, 3, 2, 87.85, 79.8, 0.34725, 4, 22.36, 87, 0.30539, 17, 69.08, 120.55, 0.34735, 4, 2, 137.41, 115.99, 0.03121, 4, 83.3, 79.79, 0.19156, 10, 37.7, 75.6, 0.0532, 17, 48.69, 62.67, 0.72401, 4, 4, 116.79, 15.31, 0.41017, 10, 14.38, 6.78, 0.53855, 17, -21.56, 44.12, 0.04746, 1, -233.79, -39.48, 0.0038, 1, 17, 40.99, -22.21, 1, 5, 2, 153.5, 157.74, 0.0033, 4, 123.5, 99.43, 0.03815, 10, 79.71, 60.2, 0.0181, 17, 59.04, 19.15, 0.92518, 1, -173.83, -98.88, 0.01524, 1, 2, 62.04, -1.81, 1, 2, 2, -3.63, 1.47, 0.5, 5, -1.11, -0.22, 0.5, 2, 5, 67.94, -0.27, 0.5, 11, -6.58, -0.97, 0.49999, 3, 11, 78.46, -0.27, 0.26399, 18, 1.64, 0.86, 0.26399, 22, -49.96, -56.01, 0.472, 2, 18, 64.96, 2.28, 0.14399, 22, -7.21, -9.29, 0.85599, 4, 11, 108.91, -62.79, 0.01014, 18, 57.5, -40.56, 0.31048, 22, 18.58, -44.31, 0.56799, 1, 144.29, 11.68, 0.11137, 3, 2, -91.53, -44.33, 0.0519, 5, 84.02, 50.53, 0.42808, 11, 3.44, 51.36, 0.52, 3, 2, -3.55, -67.23, 0.44413, 5, -5.11, 68.37, 0.47696, 11, -87.17, 58.63, 0.07889, 4, 2, 125.15, -58.27, 0.67247, 4, -44.28, -39.54, 0.28284, 5, -133.11, 52.07, 0.04283, 11, -212.38, 27.46, 0.00184, 4, 2, 64.49, -61.11, 0.78724, 4, -90.66, -0.33, 0.01912, 5, -72.69999, 58.37, 0.17368, 11, -153.12, 40.79, 0.01995, 4, 2, 56.27, 77.18, 0.68016, 4, -2.55, 106.58, 0.0684, 17, 93.63, 140.58, 0.21582, 5, -56.6, -79.23, 0.0356, 1, 1, -9.78, 4.5, 1, 3, 5, 86.19, -64.64, 0.41727, 11, 19.07, -62.76, 0.5473, 18, -22.21, -81.97, 0.03542, 4, 17, 255.79, 247.15, 1.9E-4, 11, 70.69, -64.08999, 0.13841, 18, 24.19, -59.34, 0.50138, 22, 9.10999, -81.35, 0.36, 4, 2, 20.85, 76.15, 0.63769, 4, -29.2, 129.94, 0.02278, 17, 122.27, 161.46, 0.12283, 5, -21.29, -76.18, 0.21668, 2, 10, 58.22, 5.57, 0.5, 17, 1.63, 6.9, 0.5 ],
				"hull": 10
			}
		},
		"long_tou_2": {
			"long_tou_id_": {
				"type": "skinnedmesh",
				"uvs": [ 0.62663, 0.16746, 1, 0.58575, 1, 0.68998, 0.86687, 1, 0.76051, 1, 0.42944, 0.90439, 0.12871, 0.78136, 0.02219, 0.39106, 0.00358, 0.11061, 0.26082, 0, 0.23517, 0.31958, 0.56055, 0.83869, 0.90681, 0.81664, 0.76181, 0.71736, 0.68279, 0.66011, 0.68456, 0.67627, 0.51712, 0.65591, 0.5067, 0.77754, 0.52866, 0.67133, 0.52134, 0.77401, 0.54335, 0.85093, 0.96168, 0.7614, 0.82839, 0.51255, 0.69256, 0.3953, 0.76449, 0.70094, 0.84955, 0.7502, 0.71966, 0.819, 0.88571, 0.91351, 0.74368, 0.93756, 0.85706, 0.73412 ],
				"triangles": [ 20, 19, 11, 26, 19, 18, 11, 26, 28, 20, 11, 28, 28, 26, 27, 3, 4, 28, 13, 15, 24, 26, 15, 13, 25, 13, 29, 26, 13, 25, 25, 29, 12, 12, 26, 25, 12, 27, 26, 21, 27, 12, 27, 3, 28, 21, 3, 27, 4, 20, 28, 11, 19, 26, 18, 15, 26, 10, 8, 9, 10, 9, 0, 7, 8, 10, 22, 23, 0, 10, 0, 23, 0, 1, 22, 16, 10, 23, 14, 16, 23, 22, 14, 23, 18, 16, 14, 24, 15, 14, 18, 14, 15, 29, 24, 22, 22, 24, 14, 29, 22, 1, 2, 29, 1, 13, 24, 29, 21, 29, 2, 18, 17, 16, 16, 6, 10, 19, 17, 18, 6, 7, 10, 17, 6, 16, 12, 29, 21, 17, 19, 20, 5, 6, 17, 5, 17, 20, 5, 20, 4, 3, 21, 2 ],
				"vertices": [ 1, 25, 8.5, 67.44999, 1, 1, 25, 92.43, 37.9, 1, 1, 25, 100, 23.52, 1, 1, 29, 62.66, -6.5, 1, 1, 29, 49.64, -17.78, 1, 1, 25, 33.81, -49.14, 1, 1, 25, -18.23, -54.86, 1, 1, 25, -61.87, -9.03, 1, 1, 25, -84.93, 28.27, 1, 1, 25, -56.09, 62.96, 1, 1, 25, -36.54, 16.91, 1, 1, 29, 8.68, -20, 1, 1, 29, 48.81, 19.34, 1, 1, 29, 20.91, 15.65, 1, 2, 25, 52.36, 3.69, 0.92799, 29, 5.39, 14.01, 0.07199, 2, 25, 53.79, 1.6, 0.47199, 29, 7.26, 12.3, 0.528, 2, 25, 28.31, -8.22, 0.83999, 29, -15.3, -3.07, 0.16, 2, 25, 35.66, -25.8, 0.656, 29, -4.15, -18.51, 0.34399, 2, 25, 31.09, -9.47999, 0.37599, 29, -12.31, -3.66, 0.624, 2, 25, 37.5, -24.21, 0.512, 29, -2.71, -16.54, 0.48799, 2, 25, 46.25, -33.16, 0.60799, 29, 7.83, -23.27, 0.39199, 1, 25, 99.7, 10.77, 1, 1, 25, 62.51, 35.05, 1, 1, 25, 34.52, 40.98, 1, 1, 25, 67.04, 4.21999, 1, 1, 29, 35.00999, 21.09, 1, 1, 29, 26.14, -0.79, 1, 1, 29, 56.13, 5.69, 1, 1, 29, 41.2, -12.21, 1, 1, 25, 82.72, 6.63, 1 ],
				"hull": 10
			}
		},
		"long_wei_5": {
			"long_wei_id_": {
				"type": "skinnedmesh",
				"uvs": [ 1, 0.15986, 0.90025, 0.3697, 0.824, 0.47903, 0.69202, 0.5495, 0.53531, 0.58665, 0.42964, 0.62556, 0.35782, 0.72371, 0.25628, 0.80144, 0.14916, 1, 0, 1, 0, 0.69262, 0.10786, 0.39728, 0.27711, 0.32927, 0.4068, 0.38634, 0.5024, 0.36777, 0.60149, 0.29568, 0.68647, 0.21575, 0.76869, 0.13097, 0.83746, 0, 1, 0, 0.91356, 0.11906, 0.82625, 0.2671, 0.73373, 0.36758, 0.62571, 0.43247, 0.49817, 0.46917, 0.40469, 0.51192, 0.29533, 0.53718, 0.17946, 0.63045, 0.11307, 0.77035 ],
				"triangles": [ 9, 28, 8, 8, 28, 7, 9, 10, 28, 6, 7, 27, 7, 28, 27, 28, 10, 27, 27, 26, 6, 10, 11, 27, 27, 11, 26, 11, 12, 26, 13, 26, 12, 6, 26, 5, 26, 25, 5, 5, 25, 4, 25, 24, 4, 25, 26, 13, 25, 13, 24, 24, 13, 14, 24, 14, 23, 4, 23, 3, 4, 24, 23, 3, 22, 2, 3, 23, 22, 2, 22, 1, 14, 15, 23, 23, 15, 22, 15, 16, 22, 22, 16, 21, 22, 21, 1, 0, 21, 20, 0, 1, 21, 16, 17, 21, 21, 17, 20, 20, 19, 0, 17, 18, 20, 20, 18, 19 ],
				"vertices": [ 2, 22, 10.09, 29.92, 0.87491, 26, -63.26, -10.88, 0.12508, 3, 22, 61.29, 29.26, 0.66366, 26, -21.43, 18.65, 0.33145, 30, -115.95, 16, 0.00488, 4, 22, 92.06, 22.98, 0.35341, 26, 7.14, 31.65, 0.57819, 30, -87.87, 30.06, 0.06832, 32, -125.74, 81, 5.0E-5, 4, 22, 122.17, -0.39, 0.16195, 26, 45.26, 30.41, 0.75133, 30, -49.73, 30.25, 0.0847, 32, -89.94, 67.86, 0.00201, 4, 22, 159.47, -31.97, 0.02603, 26, 93.99, 26.76, 0.41959, 30, -0.9, 28.44, 0.49058, 32, -44.82, 49.09, 0.06378, 4, 22, 189.32, -56.02, 0.00467, 26, 132.27, 24.83, 0.19019, 30, 37.41999, 27.95, 0.58755, 32, -9.08, 35.23, 0.21756, 3, 26, 153.91, 31.55, 0.04785, 30, 58.79, 35.48, 0.45542, 32, 13.57, 34.82, 0.49672, 3, 26, 187.5, 36.11, 0.01074, 30, 92.18, 41.3, 0.24419, 32, 46.89, 28.6, 0.74505, 1, 32, 82.99, 50.64, 1, 1, 32, 131.27, 13.3, 1, 2, 30, 158.45, -1.95, 0.02452, 32, 93.85, -35.08, 0.97547, 3, 26, 202.34, -54.38, 0.00255, 30, 110.41, -48.57, 0.12972, 32, 32.55, -61.97, 0.86772, 4, 22, 159.81, -127.61, 3.0E-5, 26, 150.43, -50.44, 0.02325, 30, 58.4, -46.58, 0.32582, 32, -15.48, -41.93, 0.65087, 4, 22, 150.12, -92.48, 0.00255, 26, 121.96, -27.69, 0.14318, 30, 29.09, -24.93, 0.49772, 32, -35.37, -11.39, 0.35653, 4, 22, 128.1, -68.19, 0.02087, 26, 89.87, -20.96999, 0.36742, 30, -3.22, -19.42, 0.46304, 32, -63.72, 5.05, 0.14865, 4, 22, 94.96, -48.78, 0.15677, 26, 51.65, -24.72, 0.73044, 30, -41.27, -24.6, 0.06775, 32, -101.19, 13.5, 0.04503, 4, 22, 72.15, -40.39, 0.36651, 26, 28.25, -31.33, 0.59434, 30, -64.4, -32.08, 0.03199, 32, -125.47, 14.57, 0.00712, 3, 22, 44.39, -29.87, 0.65968, 26, -0.37, -39.13, 0.32723, 30, -92.73, -40.95, 0.01307, 2, 22, 11.34, -27.87, 0.8749, 26, -28.3, -56.92, 0.12509, 2, 22, -16.08, 11.84, 0.93866, 26, -73.83, -40.88, 0.06133, 2, 22, 17.99, 4.17999, 0.89209, 26, -41.74, -27.07, 0.1079, 4, 22, 56.97, -0.42, 0.65621, 26, -7.49, -7.9, 0.33578, 30, -101.02, -10.01, 0.00798, 32, -152.06, 48.05, 1.0E-5, 4, 22, 84.35, -8.77, 0.35518, 26, 19.56, 1.41, 0.57777, 30, -74.32, 0.31, 0.067, 32, -123.44, 48.4, 3.0E-5, 4, 22, 111.49, -29.03, 0.12214, 26, 53.43, 0.96, 0.68782, 30, -40.46, 1.13, 0.16799, 32, -91.43, 37.33, 0.02203, 4, 22, 145.42, -57.76, 0.02207, 26, 97.76, -2.35999, 0.40082, 30, 3.96, -0.52, 0.48985, 32, -50.38, 20.25, 0.08724, 4, 22, 168.19, -75.78, 6.0E-5, 26, 126.77, -3.56, 0.14485, 30, 32.99, -0.63, 0.56054, 32, -23.22, 10, 0.29453, 3, 26, 159.08, -9.62, 0.03395, 30, 65.5, -5.47, 0.40128, 32, 5.54, -5.89, 0.56475, 2, 30, 103.87, 2.04, 0.17467, 32, 44.12, -12.26, 0.82532, 2, 30, 130.96, 22.77, 0.0522, 32, 76.75, -2.3, 0.94779 ],
				"hull": 20
			}
		},
		"long_zhua_zi_i_": {
			"long_zhua_zi_id_": { "x": -178.9, "y": 679.81, "width": 94, "height": 111 }
		},
		"waicheng_dizuo_i_": {
			"waicheng_dizuo_id_": { "x": 33.33, "y": 209.44, "width": 988, "height": 438 }
		},
		"zhucheng_h_i_": {
			"neicheng_chengbao2_": { "x": 86.05, "y": 363.03, "width": 831, "height": 741 }
		}
	}
},
"animations": {
	"dj": {
		"slots": {
			"long_L_chibang02_": {
				"attachment": [
					{ "time": 0, "name": null },
					{ "time": 3, "name": null }
				]
			},
			"long_L_chibang02_gen_2": {
				"attachment": [
					{ "time": 0, "name": null },
					{ "time": 3, "name": null }
				]
			},
			"long_L_chibang_2": {
				"attachment": [
					{ "time": 0, "name": "long_L_chibang_id_" },
					{ "time": 3, "name": "long_L_chibang_id_" }
				]
			},
			"long_R_chibang_2": {
				"attachment": [
					{ "time": 0, "name": null },
					{ "time": 0.0666, "name": null },
					{ "time": 3, "name": null }
				]
			},
			"waicheng_dizuo_i_": {
				"attachment": [
					{ "time": 0, "name": null },
					{ "time": 3, "name": null }
				]
			}
		},
		"bones": {
			"root": {
				"rotate": [
					{ "time": 0, "angle": 0, "curve": "stepped" },
					{ "time": 2.0666, "angle": 0, "curve": "stepped" },
					{ "time": 3, "angle": 0 }
				],
				"translate": [
					{ "time": 0, "x": 0, "y": 0, "curve": "stepped" },
					{ "time": 2.0666, "x": 0, "y": 0, "curve": "stepped" },
					{ "time": 3, "x": 0, "y": 0 }
				],
				"scale": [
					{ "time": 0, "x": 1, "y": 1, "curve": "stepped" },
					{ "time": 2.0666, "x": 1, "y": 1, "curve": "stepped" },
					{ "time": 3, "x": 1, "y": 1 }
				]
			},
			"long_qu_gan_": {
				"rotate": [
					{ "time": 0, "angle": 0, "curve": "stepped" },
					{ "time": 2.0666, "angle": 0, "curve": "stepped" },
					{ "time": 3, "angle": 0 }
				],
				"translate": [
					{
						"time": 0,
						"x": 0,
						"y": 0,
						"curve": [ 0.25, 0, 0.75, 1 ]
					},
					{
						"time": 0.6666,
						"x": 0,
						"y": -6.1,
						"curve": [ 0.25, 0, 0.75, 1 ]
					},
					{
						"time": 1.7,
						"x": 0,
						"y": 5.19,
						"curve": [ 0.25, 0, 0.886, 0.89 ]
					},
					{ "time": 3, "x": 0, "y": 0 }
				],
				"scale": [
					{ "time": 0, "x": 1, "y": 1, "curve": "stepped" },
					{ "time": 3, "x": 1, "y": 1 }
				]
			},
			"long_qu_gan1_": {
				"rotate": [
					{
						"time": 0,
						"angle": 0,
						"curve": [ 0.25, 0, 0.75, 1 ]
					},
					{
						"time": 0.7,
						"angle": -0.33,
						"curve": [ 0.25, 0, 0.75, 1 ]
					},
					{
						"time": 1.6666,
						"angle": 1.08,
						"curve": [ 0.245, 0, 0.637, 0.55 ]
					},
					{
						"time": 2.0666,
						"angle": 0.41,
						"curve": [ 0.381, 0.54, 0.742, 1 ]
					},
					{ "time": 3, "angle": 0 }
				],
				"translate": [
					{ "time": 0, "x": 0, "y": 0, "curve": "stepped" },
					{ "time": 2.0666, "x": 0, "y": 0, "curve": "stepped" },
					{ "time": 3, "x": 0, "y": 0 }
				],
				"scale": [
					{ "time": 0, "x": 1, "y": 1, "curve": "stepped" },
					{ "time": 2.0666, "x": 1, "y": 1, "curve": "stepped" },
					{ "time": 3, "x": 1, "y": 1 }
				]
			},
			"long_qu_gan_wei1_": {
				"rotate": [
					{
						"time": 0,
						"angle": 0,
						"curve": [ 0.25, 0, 0.75, 1 ]
					},
					{
						"time": 0.6333,
						"angle": 1.73,
						"curve": [ 0.243, 0, 0.692, 0.76 ]
					},
					{
						"time": 2.0666,
						"angle": 0.15,
						"curve": [ 0.369, 0.62, 0.707, 1 ]
					},
					{ "time": 3, "angle": 0 }
				],
				"translate": [
					{ "time": 0, "x": 0, "y": 0, "curve": "stepped" },
					{ "time": 2.0666, "x": 0, "y": 0, "curve": "stepped" },
					{ "time": 3, "x": 0, "y": 0 }
				],
				"scale": [
					{ "time": 0, "x": 1, "y": 1, "curve": "stepped" },
					{ "time": 2.0666, "x": 1, "y": 1, "curve": "stepped" },
					{ "time": 3, "x": 1, "y": 1 }
				]
			},
			"long_qu_gan_wei2_": {
				"rotate": [
					{
						"time": 0,
						"angle": 0,
						"curve": [ 0.25, 0, 0.75, 1 ]
					},
					{
						"time": 0.6666,
						"angle": 0.62,
						"curve": [ 0.25, 0, 0.75, 1 ]
					},
					{
						"time": 1.7,
						"angle": -1.7,
						"curve": [ 0.245, 0, 0.634, 0.54 ]
					},
					{
						"time": 2.0666,
						"angle": -0.69,
						"curve": [ 0.38, 0.53, 0.744, 1 ]
					},
					{ "time": 3, "angle": 0 }
				],
				"translate": [
					{ "time": 0, "x": 0, "y": 0, "curve": "stepped" },
					{ "time": 2.0666, "x": 0, "y": 0, "curve": "stepped" },
					{ "time": 3, "x": 0, "y": 0 }
				],
				"scale": [
					{ "time": 0, "x": 1, "y": 1, "curve": "stepped" },
					{ "time": 2.0666, "x": 1, "y": 1, "curve": "stepped" },
					{ "time": 3, "x": 1, "y": 1 }
				]
			},
			"long_L_chibang_": {
				"rotate": [
					{
						"time": 0,
						"angle": 0,
						"curve": [ 0.25, 0, 0.75, 1 ]
					},
					{
						"time": 0.8,
						"angle": 10.62,
						"curve": [ 0.243, 0, 0.687, 0.74 ]
					},
					{
						"time": 2.0666,
						"angle": -0.64,
						"curve": [ 0.371, 0.62, 0.711, 1 ]
					},
					{ "time": 3, "angle": 0 }
				],
				"translate": [
					{ "time": 0, "x": 0, "y": 0, "curve": "stepped" },
					{ "time": 3, "x": 0, "y": 0 }
				],
				"scale": [
					{ "time": 0, "x": 0.687, "y": 0.687, "curve": "stepped" },
					{ "time": 3, "x": 0.687, "y": 0.687 }
				]
			},
			"long_R_chibang_": {
				"rotate": [
					{
						"time": 0,
						"angle": 3.61,
						"curve": [ 0.25, 0, 0.75, 1 ]
					},
					{
						"time": 0.8666,
						"angle": -3.5,
						"curve": [ 0.242, 0, 0.684, 0.73 ]
					},
					{
						"time": 2.0666,
						"angle": 2.82,
						"curve": [ 0.372, 0.62, 0.712, 1 ]
					},
					{ "time": 3, "angle": 3.61 }
				],
				"translate": [
					{ "time": 0, "x": 0, "y": 0, "curve": "stepped" },
					{ "time": 2.0666, "x": 0, "y": 0, "curve": "stepped" },
					{ "time": 3, "x": 0, "y": 0 }
				],
				"scale": [
					{ "time": 0, "x": 0.726, "y": 0.726, "curve": "stepped" },
					{ "time": 3, "x": 0.726, "y": 0.726 }
				]
			},
			"long_bozi_": {
				"rotate": [
					{
						"time": 0,
						"angle": 0,
						"curve": [ 0.25, 0, 0.75, 1 ]
					},
					{
						"time": 0.6666,
						"angle": -1.05,
						"curve": [ 0.243, 0, 0.691, 0.75 ]
					},
					{
						"time": 2.0666,
						"angle": -0.1,
						"curve": [ 0.37, 0.62, 0.708, 1 ]
					},
					{ "time": 3, "angle": 0 }
				],
				"translate": [
					{ "time": 0, "x": 0, "y": 0, "curve": "stepped" },
					{ "time": 2.0666, "x": 0, "y": 0, "curve": "stepped" },
					{ "time": 3, "x": 0, "y": 0 }
				],
				"scale": [
					{ "time": 0, "x": 1, "y": 1, "curve": "stepped" },
					{ "time": 2.0666, "x": 1, "y": 1, "curve": "stepped" },
					{ "time": 3, "x": 1, "y": 1 }
				]
			},
			"long_L_chibang1_": {
				"rotate": [
					{
						"time": 0,
						"angle": -2.77,
						"curve": [ 0.25, 0, 0.75, 1 ]
					},
					{
						"time": 0.5333,
						"angle": 5.28,
						"curve": [ 0.25, 0, 0.75, 1 ]
					},
					{
						"time": 1.3666,
						"angle": 13.17,
						"curve": [ 0.25, 0, 0.83, 0.84 ]
					},
					{ "time": 3, "angle": -2.77 }
				],
				"translate": [
					{ "time": 0, "x": 0, "y": 0, "curve": "stepped" },
					{ "time": 3, "x": 0, "y": 0 }
				],
				"scale": [
					{ "time": 0, "x": 1, "y": 1, "curve": "stepped" },
					{ "time": 3, "x": 1, "y": 1 }
				]
			},
			"long_R_chibang1_": {
				"rotate": [
					{
						"time": 0,
						"angle": 13.12,
						"curve": [ 0.25, 0, 0.75, 1 ]
					},
					{
						"time": 0.4666,
						"angle": 11.85,
						"curve": [ 0.25, 0, 0.75, 1 ]
					},
					{
						"time": 1.5333,
						"angle": -3.58,
						"curve": [ 0.243, 0, 0.648, 0.6 ]
					},
					{
						"time": 2.0666,
						"angle": 8.37,
						"curve": [ 0.382, 0.57, 0.735, 1 ]
					},
					{ "time": 3, "angle": 13.12 }
				],
				"translate": [
					{ "time": 0, "x": 0, "y": 0, "curve": "stepped" },
					{ "time": 2.0666, "x": 0, "y": 0, "curve": "stepped" },
					{ "time": 3, "x": 0, "y": 0 }
				],
				"scale": [
					{ "time": 0, "x": 1, "y": 1, "curve": "stepped" },
					{ "time": 2.0666, "x": 1, "y": 1, "curve": "stepped" },
					{ "time": 3, "x": 1, "y": 1 }
				]
			},
			"long_bozi1_": {
				"rotate": [
					{
						"time": 0,
						"angle": 0,
						"curve": [ 0.08, 0.24, 0.75, 1 ]
					},
					{
						"time": 0.6333,
						"angle": 1.21,
						"curve": [ 0.08, 0.24, 0.75, 1 ]
					},
					{
						"time": 1.5666,
						"angle": -1.12,
						"curve": [ 0.222, 0, 0.672, 0.56 ]
					},
					{
						"time": 2.0666,
						"angle": -0.47,
						"curve": [ 0.477, 0.49, 0.859, 0.9 ]
					},
					{ "time": 3, "angle": 0 }
				],
				"translate": [
					{ "time": 0, "x": 0, "y": 0, "curve": "stepped" },
					{ "time": 2.0666, "x": 0, "y": 0, "curve": "stepped" },
					{ "time": 3, "x": 0, "y": 0 }
				],
				"scale": [
					{ "time": 0, "x": 1, "y": 1, "curve": "stepped" },
					{ "time": 2.0666, "x": 1, "y": 1, "curve": "stepped" },
					{ "time": 3, "x": 1, "y": 1 }
				]
			},
			"long_qu_gan_wei3_": {
				"rotate": [
					{
						"time": 0,
						"angle": -3.63,
						"curve": [ 0.25, 0, 0.75, 1 ]
					},
					{
						"time": 1,
						"angle": -1.96,
						"curve": [ 0.242, 0, 0.679, 0.71 ]
					},
					{
						"time": 2.0666,
						"angle": -3.41,
						"curve": [ 0.374, 0.61, 0.715, 1 ]
					},
					{ "time": 3, "angle": -3.63 }
				],
				"translate": [
					{ "time": 0, "x": 0, "y": 0, "curve": "stepped" },
					{ "time": 2.0666, "x": 0, "y": 0, "curve": "stepped" },
					{ "time": 3, "x": 0, "y": 0 }
				],
				"scale": [
					{ "time": 0, "x": 1, "y": 1, "curve": "stepped" },
					{ "time": 2.0666, "x": 1, "y": 1, "curve": "stepped" },
					{ "time": 3, "x": 1, "y": 1 }
				]
			},
			"long_L_bi_": {
				"rotate": [
					{
						"time": 0,
						"angle": 0,
						"curve": [ 0.25, 0, 0.75, 1 ]
					},
					{
						"time": 0.6666,
						"angle": -1.83,
						"curve": [ 0.243, 0, 0.691, 0.75 ]
					},
					{
						"time": 2.0666,
						"angle": -0.18,
						"curve": [ 0.37, 0.62, 0.708, 1 ]
					},
					{ "time": 3, "angle": 0 }
				],
				"translate": [
					{ "time": 0, "x": 0, "y": 0, "curve": "stepped" },
					{ "time": 2.0666, "x": 0, "y": 0, "curve": "stepped" },
					{ "time": 3, "x": 0, "y": 0 }
				],
				"scale": [
					{ "time": 0, "x": 1, "y": 1, "curve": "stepped" },
					{ "time": 2.0666, "x": 1, "y": 1, "curve": "stepped" },
					{ "time": 3, "x": 1, "y": 1 }
				]
			},
			"long_L_chibang2_": {
				"rotate": [
					{ "time": 0, "angle": -2.77, "curve": "stepped" },
					{ "time": 3, "angle": -2.77 }
				],
				"translate": [
					{ "time": 0, "x": 0, "y": 0, "curve": "stepped" },
					{ "time": 3, "x": 0, "y": 0 }
				],
				"scale": [
					{ "time": 0, "x": 1, "y": 1, "curve": "stepped" },
					{ "time": 3, "x": 1, "y": 1 }
				]
			},
			"long_bozi2_": {
				"rotate": [
					{
						"time": 0,
						"angle": 0,
						"curve": [ 0.25, 0, 0.75, 1 ]
					},
					{
						"time": 1.1333,
						"angle": -5.43,
						"curve": [ 0.25, 0, 0.75, 1 ]
					},
					{
						"time": 2.0666,
						"angle": -0.89,
						"curve": [ 0.25, 0, 0.853, 0.91 ]
					},
					{ "time": 3, "angle": 0 }
				],
				"translate": [
					{ "time": 0, "x": 0, "y": 0, "curve": "stepped" },
					{ "time": 3, "x": 0, "y": 0 }
				],
				"scale": [
					{ "time": 0, "x": 1, "y": 1, "curve": "stepped" },
					{ "time": 3, "x": 1, "y": 1 }
				]
			},
			"long_wei_": {
				"rotate": [
					{
						"time": 0,
						"angle": 3.5,
						"curve": [ 0.25, 0, 0.75, 1 ]
					},
					{
						"time": 0.5666,
						"angle": -2.58,
						"curve": [ 0.25, 0, 0.75, 1 ]
					},
					{
						"time": 1.7,
						"angle": 7.27,
						"curve": [ 0.243, 0, 0.643, 0.57 ]
					},
					{
						"time": 2.1666,
						"angle": 4.75,
						"curve": [ 0.382, 0.55, 0.738, 1 ]
					},
					{ "time": 3, "angle": 3.5 }
				],
				"translate": [
					{ "time": 0, "x": 0, "y": 0, "curve": "stepped" },
					{ "time": 2.1666, "x": 0, "y": 0, "curve": "stepped" },
					{ "time": 3, "x": 0, "y": 0 }
				],
				"scale": [
					{ "time": 0, "x": 1, "y": 1, "curve": "stepped" },
					{ "time": 2.1666, "x": 1, "y": 1, "curve": "stepped" },
					{ "time": 3, "x": 1, "y": 1 }
				]
			},
			"long_wei1_": {
				"rotate": [
					{
						"time": 0,
						"angle": 0,
						"curve": [ 0.25, 0, 0.75, 1 ]
					},
					{
						"time": 0.3,
						"angle": -0.92,
						"curve": [ 0.25, 0, 0.75, 1 ]
					},
					{
						"time": 0.9666,
						"angle": -2.13,
						"curve": [ 0.25, 0, 0.75, 1 ]
					},
					{
						"time": 1.5666,
						"angle": 4.7,
						"curve": [ 0.25, 0, 0.75, 1 ]
					},
					{
						"time": 2.1666,
						"angle": 4.26,
						"curve": [ 0.25, 0, 0.75, 1 ]
					},
					{ "time": 3, "angle": 0 }
				],
				"translate": [
					{ "time": 0, "x": 0, "y": 0, "curve": "stepped" },
					{ "time": 3, "x": 0, "y": 0 }
				],
				"scale": [
					{ "time": 0, "x": 1, "y": 1, "curve": "stepped" },
					{ "time": 3, "x": 1, "y": 1 }
				]
			},
			"long_tou_": {
				"rotate": [
					{
						"time": 0,
						"angle": 0,
						"curve": [ 0.25, 0, 0.75, 1 ]
					},
					{
						"time": 0.5333,
						"angle": 3.14,
						"curve": [ 0.25, 0, 0.75, 1 ]
					},
					{
						"time": 1.5333,
						"angle": 1.02,
						"curve": [ 0.25, 0, 0.75, 1 ]
					},
					{
						"time": 2.5,
						"angle": 0.82,
						"curve": [ 0.25, 0, 0.83, 0.9 ]
					},
					{ "time": 3, "angle": 0 }
				],
				"translate": [
					{ "time": 0, "x": 0, "y": 0, "curve": "stepped" },
					{ "time": 3, "x": 0, "y": 0 }
				],
				"scale": [
					{ "time": 0, "x": 1, "y": 1, "curve": "stepped" },
					{ "time": 3, "x": 1, "y": 1 }
				]
			},
			"long_tou1_": {
				"rotate": [
					{
						"time": 0,
						"angle": 4.9,
						"curve": [ 0.25, 0, 0.75, 1 ]
					},
					{
						"time": 1.2,
						"angle": 12.02,
						"curve": [ 0.242, 0, 0.67, 0.67 ]
					},
					{
						"time": 2.0666,
						"angle": 6.18,
						"curve": [ 0.378, 0.6, 0.721, 1 ]
					},
					{ "time": 3, "angle": 4.9 }
				],
				"translate": [
					{ "time": 0, "x": 0, "y": 0, "curve": "stepped" },
					{ "time": 2.0666, "x": 0, "y": 0, "curve": "stepped" },
					{ "time": 3, "x": 0, "y": 0 }
				],
				"scale": [
					{ "time": 0, "x": 1, "y": 1, "curve": "stepped" },
					{ "time": 2.0666, "x": 1, "y": 1, "curve": "stepped" },
					{ "time": 3, "x": 1, "y": 1 }
				]
			},
			"long_wei2_": {
				"rotate": [
					{
						"time": 0,
						"angle": -0.01,
						"curve": [ 0.25, 0, 0.75, 1 ]
					},
					{
						"time": 0.9666,
						"angle": -13.4,
						"curve": [ 0.25, 0, 0.75, 1 ]
					},
					{
						"time": 1.4666,
						"angle": -9.34,
						"curve": [ 0.25, 0, 0.75, 1 ]
					},
					{
						"time": 2.0333,
						"angle": 4.31,
						"curve": [ 0.264, 0, 0.617, 0.42 ]
					},
					{ "time": 3, "angle": -0.01 }
				],
				"translate": [
					{ "time": 0, "x": 0, "y": 0, "curve": "stepped" },
					{ "time": 3, "x": 0, "y": 0 }
				],
				"scale": [
					{ "time": 0, "x": 1, "y": 1, "curve": "stepped" },
					{ "time": 3, "x": 1, "y": 1 }
				]
			},
			"long_wei3_": {
				"rotate": [
					{
						"time": 0,
						"angle": 8.62,
						"curve": [ 0.25, 0, 0.75, 1 ]
					},
					{
						"time": 0.5333,
						"angle": 1.17,
						"curve": [ 0.25, 0, 0.75, 1 ]
					},
					{
						"time": 1.4666,
						"angle": -14.11,
						"curve": [ 0.242, 0, 0.66, 0.64 ]
					},
					{
						"time": 2.1666,
						"angle": 3.78,
						"curve": [ 0.38, 0.59, 0.727, 1 ]
					},
					{ "time": 3, "angle": 8.62 }
				],
				"translate": [
					{ "time": 0, "x": 0, "y": 0, "curve": "stepped" },
					{ "time": 2.1666, "x": 0, "y": 0, "curve": "stepped" },
					{ "time": 3, "x": 0, "y": 0 }
				],
				"scale": [
					{ "time": 0, "x": 1, "y": 1, "curve": "stepped" },
					{ "time": 2.1666, "x": 1, "y": 1, "curve": "stepped" },
					{ "time": 3, "x": 1, "y": 1 }
				]
			},
			"long_tou2_": {
				"rotate": [
					{
						"time": 0,
						"angle": 8.53,
						"curve": [ 0.25, 0, 0.75, 1 ]
					},
					{
						"time": 0.5666,
						"angle": 14.13,
						"curve": [ 0.25, 0, 0.75, 1 ]
					},
					{
						"time": 1.2,
						"angle": 10.41,
						"curve": [ 0.25, 0, 0.75, 1 ]
					},
					{
						"time": 1.8333,
						"angle": 3.47,
						"curve": [ 0.25, 0, 0.75, 1 ]
					},
					{
						"time": 2.5,
						"angle": 6.48,
						"curve": [ 0.244, 0, 0.809, 0.85 ]
					},
					{ "time": 3, "angle": 8.53 }
				],
				"translate": [
					{ "time": 0, "x": 0, "y": 0, "curve": "stepped" },
					{ "time": 3, "x": 0, "y": 0 }
				],
				"scale": [
					{ "time": 0, "x": 1, "y": 1, "curve": "stepped" },
					{ "time": 3, "x": 1, "y": 1 }
				]
			},
			"long_lin": {
				"rotate": [
					{
						"time": 0,
						"angle": 0,
						"curve": [ 0.25, 0, 0.75, 1 ]
					},
					{
						"time": 0.6666,
						"angle": -4.48,
						"curve": [ 0.25, 0, 0.75, 1 ]
					},
					{
						"time": 1.4333,
						"angle": 4.24,
						"curve": [ 0.25, 0, 0.75, 1 ]
					},
					{
						"time": 1.9333,
						"angle": -0.7,
						"curve": [ 0.264, 0, 0.617, 0.42 ]
					},
					{
						"time": 2.0666,
						"angle": -0.5,
						"curve": [ 0.351, 0.4, 0.756, 1 ]
					},
					{ "time": 3, "angle": 0 }
				],
				"translate": [
					{ "time": 0, "x": 0, "y": 0, "curve": "stepped" },
					{ "time": 2.0666, "x": 0, "y": 0, "curve": "stepped" },
					{ "time": 3, "x": 0, "y": 0 }
				],
				"scale": [
					{ "time": 0, "x": 1, "y": 1, "curve": "stepped" },
					{ "time": 2.0666, "x": 1, "y": 1, "curve": "stepped" },
					{ "time": 3, "x": 1, "y": 1 }
				]
			},
			"long_R_chibang02_": {
				"scale": [
					{ "time": 0, "x": 0.822, "y": 0.822, "curve": "stepped" },
					{ "time": 3, "x": 0.822, "y": 0.822 }
				]
			}
		},
		"ffd": {
			"default": {
				"long_L_chibang_2": {
					"long_L_chibang_id_": [
						{
							"time": 0,
							"offset": 98,
							"vertices": [ -0.77328, 0.47338, -0.90611, -0.03179 ]
						},
						{
							"time": 0.6666,
							"vertices": [ -26.49231, -13.0224, -20.85611, -20.88934, -23.7182, -26.12011, -13.99453, -32.38263, -15.10638, 12.92974, -18.47758, 7.35046, 0, 0, 0, 0, 0, 0, 0, 0, 0, 0, 35.59332, -2.60275, 33.42151, 12.51672, 0, 0, 4.30242, -3.74725, 5.47555, -1.60552, 4.85726, -11.79699, 9.34579, -8.68615, 5.29791, -16.09872, 11.54504, -12.4096, 14.93879, -8.0064, 5.40283, -13.12158, 10.39538, -9.66143, 12.96192, -5.77789, -33.79858, -25.05407, -23.87812, -34.63604, 9.91708, -3.82766, 10.60946, 0.6687, 9.82255, 4.06616, 1.85232, 10.41067, -2.67037, 10.2301, -5.83648, 8.81762, 4.52435, -6.96725, 7.02368, -4.43762, 6.11221, -3.80935, 7.14648, -0.90728, -7.52346, 3.52682, -8.30816, 0.05609, -7.87988, -2.63311, 10.3291, -5.51312, 11.68917, -0.69134, 11.28396, 3.13006, 17.8508, 6.10345, 14.91618, 11.55273, -2.99945, 6.21997, -5.32534, 4.39508, -6.46107, 2.43676, -21.99197, -10.5614, -17.39363, -17.10595, 7.06054, -17.21179, 13.60597, -12.82238, 9.87664, -1.98437, 9.98718, 1.32037, 6.17993, 11.41381, 2.15446, 12.80371, -28.84851, -11.38855, -23.61445, -20.10241, 8.6567, -13.88208, 13.6694, -8.99218, 15.84321, -4.08471, 16.66806, -6.94442, 18.04531, 0.66058, 16.86132, 6.46398 ]
						},
						{
							"time": 1.8666,
							"vertices": [ -15.72493, 41.93273, -28.19227, 34.73347, -28.8721, 15.03482, -32.07338, 5.02733, -13.44108, 39.05738, -25.19659, 32.70047, 7.30987, 21.62805, 0.04296, 22.83142, 0, 0, 0, 0, 0, 0, 0, 0, 0, 0, 0, 0, 0, 0, 0, 0, -2.96545, 5.95718, -4.88296, 4.52105, -11.82921, 22.99781, -19.09141, 17.47277, -23.65786, 10.50024, 2.15719, 4.68424, 0.69622, 5.48332, -1.07072, 5.4547, -15.72719, 24.43116, -22.61727, 18.13717, 1.15689, 1.32849, 0.49542, 1.69033, -0.07807, 1.75994, 0.8997, 5.05661, -1.29704, 4.9689, -2.83486, 4.28284, -3.57962, 4.99548, -5.11682, 3.40411, -3.32945, -10.96238, 0.71151, -11.60568, -20.38937, 30.63699, -29.91803, 21.4306, -35.18565, 10.79034, 5.20614, 5.978, 2.22957, 7.60651, -0.35118, 7.91974, 30.62699, -7.19141, 31.29436, 2.97589, -7.10583, 17.24704, -12.75341, 13.61322, -16.42451, 8.84484, -11.09088, -1.08796, -10.14797, -4.57324, 0.72632, -3.16853, 1.97917, -2.71327, 13.54771, -9.3276, 15.79925, -4.52525, 22.48187, -3.16653, 22.28795, 4.16578, -14.01213, -5.53158, -11.46987, -9.76403, 1.69249, 2.61403, 0.44444, 3.08187, -0.57652, 3.06035 ]
						},
						{
							"time": 3,
							"offset": 98,
							"vertices": [ -0.77328, 0.47338, -0.90611, -0.03179 ]
						}
					]
				},
				"long_R_chibang_3": {
					"long_R_chibang_id_": [
						{
							"time": 0,
							"offset": 4,
							"vertices": [ 3.55603, 1.99523, 4.05639, -0.41632, 3.55603, 1.99523, 4.05639, -0.41632 ]
						},
						{
							"time": 0.6333,
							"offset": 4,
							"vertices": [ 13.63879, -46.44809, -13.46875, -46.49969, 13.63879, -46.44809, -13.46875, -46.49969, -7.79571, -13.96676, -14.08166, -7.58648, -12.92327, -13.07421, -17.92547, -4.07745, -10.20263, -11.86506, -14.9815, -4.52038, -20.3482, 9.83508, 0, 0, 0, 0, 0, 0, 0, 0, 0, 0, 0, 0, 0, 0, 0, 0, 11.97137, 1.83299, 11.07989, -4.89056, -7.29748, 7.75372, -17.78424, 0.32687, -14.81982, 9.8349, -10.20263, -11.86506, -14.9815, -4.52038, 4.77807, -22.98008, -8.32464, -21.94793, -7.86999, -34.04794, -24.93975, -24.47961, 0, 0, 0, 0, -11.31897, 21.29321, -1.03631, 4.21704, -3.49951, -4.98117, -5.62872, -2.31951, 0.62145, -19.12672, -9.75781, -16.46514, -9.06005, -11.00119, -13.55352, -4.40594, -18.11724, -11.95816, -21.70501, -0.34521, 13.26544, -11.54121, 4.98132, -16.8634 ]
						},
						{
							"time": 1.2,
							"offset": 4,
							"vertices": [ 27.97476, -28.63921, 11.39129, -35.64967, 27.97476, -28.63921, 11.39129, -35.64967, 8.73138, -10.72373, 2.80147, -11.45902, -5.17474, -16.06071, -10.91449, -12.87249, -5.17474, -16.06071, -10.91449, -12.87249, 0, 0, 0, 0, 0, 0, 0, 0, 0, 0, 0, 0, 0, 0, 0, 0, 0, 0, 10.33721, -2.44424, 8.62158, -6.20452, -2.0838, -2.16757, -10.7785, 0.16537, -9.90014, 4.26556, -5.17474, -16.06071, -10.91449, -12.87249, 5.98791, -14.50018, -0.00103, -15.68994, -8.23407, -20.97462, -15.61608, -16.24566, 0, 0, 0, 0, 0, 0, 10.66754, 1.99487, -0.18206, -11.56524, -4.58459, -10.62292, 5.98791, -14.50018, -0.00103, -15.68994, -2.44403, -10.33703, -6.20532, -8.6231, -7.37744, -18.7901, -13.99096, -14.55401, 11.78778, -11.08253, 6.66473, -14.74362 ]
						},
						{
							"time": 1.8,
							"offset": 4,
							"vertices": [ 33.48678, -2.94586, 29.26536, -17.57692, 33.48678, -2.94586, 29.26536, -17.57692, -3.95275, -7.08174, -7.13999, -3.84666, 0, 0, 0, 0, 0, 0, 0, 0, 0, 0, 0, 0, 0, 0, 0, 0, 0, 0, 0, 0, 0, 0, 0, 0, 0, 0, 10.72851, 1.5065, 10.45275, -2.84686, 6.99517, -2.35424, -1.76892, 5.052, 0.36639, 5.3399, 0, 0, 0, 0, 15.98346, 1.65496, 15.34021, -4.78271, 9.43402, 11.77792, 13.31366, 7.10253, 0, 0, 0, 0, 9.45721, -5.54473, 11.87603, 2.37921, 0, 0, 0, 0, 15.98346, 1.65496, 15.34021, -4.78271, 4.06146, -1.9541, 2.9616, -3.39764, 5.97796, -11.27639, 1.04626, -12.7207, 14.0874, 1.55731, 13.55944, -4.12475 ]
						},
						{
							"time": 2.4,
							"offset": 4,
							"vertices": [ 16.74569, -7.01594, 11.88753, -15.79445, 16.74569, -7.01594, 11.88753, -15.79445, -8.59832, -9.62583, -12.4316, -3.45684, 3.79333, 5.15969, 5.9812, 2.28668, 3.79333, 5.15969, 5.9812, 2.28668, 0, 0, 0, 0, 0, 0, 0, 0, 0, 0, 0, 0, 0, 0, 0, 0, 0, 0, 13.4353, -0.06903, 11.26092, -7.32812, -1.51983, 2.59674, -8.71032, 4.47821, -4.90173, 8.47998, -1.60174, 1.15695, -0.72189, 1.84027, 6.00909, 5.57141, 8.06658, 1.43463, 2.34326, -5.34719, -0.92352, -5.7644, 0, 0, 0, 0, 0, 0, 0.85049, 1.40423, -2.12811, 3.44351, 0.07247, 4.04821, 6.00909, 5.57141, 8.06658, 1.43463, 1.98321, -6.05584, -1.60928, -6.1651, 1.14251, -7.31393, -2.99707, -6.76849, 10.0592, -3.41082, 6.61343, -8.31146 ]
						},
						{
							"time": 3,
							"offset": 4,
							"vertices": [ 3.55603, 1.99523, 4.05639, -0.41632, 3.55603, 1.99523, 4.05639, -0.41632 ]
						}
					]
				},
				"long_bozi_2": {
					"longbozi_i_": [
						{
							"time": 0,
							"offset": 58,
							"vertices": [ 0.20294, -7.10585, -4.18838, -6.12246, -2.40588, -3.77346, -0.06411, -1.02871, -0.89331, -0.51441, -1.19396, 0.0404 ]
						},
						{
							"time": 1.5,
							"offset": 46,
							"vertices": [ -0.70898, -6.38485, -5.66046, -3.0408, -7.44775, 0.01544, 2.4074, -6.52886, -1.1427, -6.88873, -1.5213, -3.42398, 3.72644, -6.86708, 0.01617, -7.8135, -2.14404, -1.99932, 5.01422, -5.76126, -1.89764, -7.39843, -6.01281, -5.60687, -2.92724, -2.62866, 0, 0, 0.6943, -3.90899, -2.82452, -2.79048 ]
						},
						{
							"time": 3,
							"offset": 58,
							"vertices": [ 0.20294, -7.10585, -4.18838, -6.12246, -2.40588, -3.77346, -0.06411, -1.02871, -0.89331, -0.51441, -1.19396, 0.0404 ]
						}
					]
				},
				"long_qu_gan_2": {
					"long_qu_gan_i_": [
						{
							"time": 0,
							"offset": 60,
							"vertices": [ -1.24246, 1.45544, 0.08029, 1.91235, 1.32333, -1.38192 ]
						},
						{
							"time": 1.3666,
							"offset": 60,
							"vertices": [ 10.35072, -12.12695, -0.87135, -15.91973, -10.81735, 11.71313, 0, 0, 0, 0, 0, 0, 0, 0, 0, 0, 0, 0, 0, 0, -0.6274, -11.46179, -8.61642, -7.58569, -11.12689, 2.82168, -8.45361, 7.76944, 0, 0, 0, 0, 0, 0, 0, 0, 0, 0, 0, 0, 10.76461, -12.61196, -1.20535, -18.46325, 0.48147, 18.49691, 4.57528, 12.79367, 2.79121, 13.29678, 3.37545, 7.28039, -0.68829, 7.99539, -5.79299, 5.55375, -1.30276, 4.38357, -3.87158, 2.43434 ]
						},
						{
							"time": 3,
							"offset": 60,
							"vertices": [ -1.24246, 1.45544, 0.08029, 1.91235, 1.32333, -1.38192 ]
						}
					]
				},
				"long_wei_5": {
					"long_wei_id_": [
						{
							"time": 0,
							"offset": 122,
							"vertices": [ 0.75927, -1.11198, 1.26763, -0.45401, 0, 0, 0, 0, 0, 0, 0, 0, -0.3529, -1.87152, 0.81372, -1.7219, 0.87916, -1.68939, -0.05311, -1.90369, -0.73242, -1.31549, 0.17993, -1.49487, 0.23712, -1.48681, -0.5157, -1.41452 ]
						},
						{
							"time": 1.3666,
							"offset": 4,
							"vertices": [ 0.22448, -2.53432, 1.57635, -1.99688, 1.95768, -1.62504, -0.63214, -4.39833, 1.88116, -4.02536, 2.6782, -3.54576, 2.22097, -3.84848, -0.29541, -8.19997, 4.24578, -7.02056, 5.61489, -5.98339, 4.83493, -6.62905, -2.53134, -8.90884, 2.76361, -8.83874, 4.54374, -8.07023, 3.51496, -8.56817, -6.44485, -7.97858, -1.02005, -10.20478, 1.12757, -10.19418, -0.13674, -10.25518, 0.25177, -10.17332, 2.36486, -9.89849, 1.12753, -10.11413, -0.05294, -8.145, 1.64437, -7.97805, 0.64907, -8.11956, 7.47416, -2.75132, 0, 0, 0, 0, 0, 0, 0, 0, 0, 0, 0, 0, 0, 0, 0, 0, 0, 0, 0, 0, 0, 0, 0, 0, 0, 0, 0, 0, 0, 0, 0, 0, 0, 0, 0, 0, 0, 0, 0, 0, 0, 0, 0, 0, 0, 0, 0, 0, 0, 0, 0, 0, 0, 0, 0, 0, 0, 0, 0, 0, 0, 0, 0, 0, 0, 0, -2.27127, 8.77182, -6.7059, 6.0941, 1.02459, 8.42946, -3.7612, 7.61351, -5.26399, 6.66299, -4.40332, 7.26074, 0.75903, 7.99191, -3.74371, 7.10186, -5.14031, 6.16632, -4.34181, 6.7526, 2.38397, 7.97201, -2.37344, 7.97576, -3.98207, 7.30628, -3.05192, 7.74122, 0, 0, 0, 0, 0, 0, 0, 0, 0, 0, 0, 0, 0, 0, 0, 0, -1.5307, 7.86727, -3.13525, 7.37577, -2.20304, 7.70591, -4.85049, 7.84877, -3.8469, 8.38655, -8.2124, 6.11364, -7.39704, 7.07876 ]
						},
						{
							"time": 3,
							"offset": 122,
							"vertices": [ 0.75927, -1.11198, 1.26763, -0.45401, 0, 0, 0, 0, 0, 0, 0, 0, -0.3529, -1.87152, 0.81372, -1.7219, 0.87916, -1.68939, -0.05311, -1.90369, -0.73242, -1.31549, 0.17993, -1.49487, 0.23712, -1.48681, -0.5157, -1.41452 ]
						}
					]
				}
			}
		},
		"drawOrder": [
			{
				"time": 0,
				"offsets": [
					{ "slot": "long_qu_gan_2", "offset": 1 }
				]
			},
			{
				"time": 3,
				"offsets": [
					{ "slot": "long_qu_gan_2", "offset": 1 }
				]
			}
		]
	}
}
}