{
"skeleton": { "hash": "rbW6+WzG0pgrokv3a8vJhIxc0kA", "spine": "3.7.94", "width": 74, "height": 70 },
"bones": [
	{ "name": "root" },
	{ "name": "bone", "parent": "root", "x": -16.06, "y": 17.71 }
],
"slots": [
	{ "name": "hot_fire_", "bone": "root", "attachment": "hot_fire_" },
	{ "name": "hot_fire_00_", "bone": "bone" }
],
"skins": {
	"default": {
		"hot_fire_": {
			"hot_fire_": { "width": 74, "height": 70 }
		},
		"hot_fire_00_": {
			"hot_fire_00_": { "width": 60, "height": 80 },
			"hot_fire_01_": { "width": 60, "height": 80 },
			"hot_fire_02_": { "width": 60, "height": 80 },
			"hot_fire_03_": { "width": 60, "height": 80 },
			"hot_fire_04_": { "width": 60, "height": 80 },
			"hot_fire_05_": { "width": 60, "height": 80 },
			"hot_fire_06_": { "width": 60, "height": 80 },
			"hot_fire_07_": { "width": 60, "height": 80 },
			"hot_fire_08_": { "width": 60, "height": 80 },
			"hot_fire_09_": { "width": 60, "height": 80 },
			"hot_fire_10_": { "width": 60, "height": 80 },
			"hot_fire_11_": { "width": 60, "height": 80 },
			"hot_fire_12_": { "width": 60, "height": 80 },
			"hot_fire_13_": { "width": 60, "height": 80 },
			"hot_fire_14_": { "width": 60, "height": 80 }
		}
	}
},
"animations": {
	"animation": {
		"slots": {
			"hot_fire_00_": {
				"attachment": [
					{ "time": 0, "name": "hot_fire_00_" },
					{ "time": 0.0667, "name": "hot_fire_01_" },
					{ "time": 0.1333, "name": "hot_fire_02_" },
					{ "time": 0.2, "name": "hot_fire_03_" },
					{ "time": 0.2667, "name": "hot_fire_04_" },
					{ "time": 0.3333, "name": "hot_fire_05_" },
					{ "time": 0.4, "name": "hot_fire_06_" },
					{ "time": 0.4667, "name": "hot_fire_07_" },
					{ "time": 0.5333, "name": "hot_fire_08_" },
					{ "time": 0.6, "name": "hot_fire_09_" },
					{ "time": 0.6667, "name": "hot_fire_10_" },
					{ "time": 0.7333, "name": "hot_fire_11_" },
					{ "time": 0.8, "name": "hot_fire_12_" },
					{ "time": 0.8667, "name": "hot_fire_13_" },
					{ "time": 0.9333, "name": "hot_fire_14_" },
					{ "time": 1, "name": "hot_fire_00_" }
				]
			}
		}
	}
}
}