{
"skeleton": { "hash": "AQriLR8rgps6autbwggSkzxojnI", "spine": "2.1.27", "width": 0, "height": 0 },
"bones": [
	{ "name": "root" },
	{ "name": "bone", "parent": "root", "length": 102.41, "rotation": 270 },
	{ "name": "bone2", "parent": "bone", "length": 77.35, "x": -9, "rotation": 90 },
	{ "name": "bone3", "parent": "bone", "length": 46.62, "x": -6, "rotation": 270 }
],
"slots": [
	{ "name": "DmtId0_001_", "bone": "bone2" },
	{ "name": "DmtId0_000_", "bone": "bone2" }
],
"skins": {
	"default": {
		"DmtId0_000_": {
			"DmtId0_000_": { "x": 15.11, "y": 114.85, "width": 174, "height": 214 },
			"DmtId0_001_": { "x": 14.11, "y": 114.35, "width": 174, "height": 213 },
			"DmtId0_002_": { "x": 14.61, "y": 113.85, "width": 173, "height": 212 },
			"DmtId0_004_": { "x": 14.11, "y": 112.85, "width": 174, "height": 210 },
			"DmtId0_006_": { "x": 14.61, "y": 112.85, "width": 173, "height": 210 },
			"DmtId0_007_": { "x": 15.11, "y": 112.85, "width": 174, "height": 210 },
			"DmtId0_008_": { "x": 16.11, "y": 113.35, "width": 174, "height": 211 },
			"DmtId0_010_": { "x": 16.61, "y": 119.35, "width": 173, "height": 223 },
			"DmtId0_012_": { "x": 16.61, "y": 122.35, "width": 173, "height": 231 },
			"DmtId0_013_": { "x": 17.11, "y": 114.85, "width": 174, "height": 214 },
			"DmtId0_014_": { "x": 16.61, "y": 115.35, "width": 175, "height": 215 },
			"DmtId0_015_": { "x": 15.61, "y": 114.85, "width": 175, "height": 214 }
		},
		"DmtId0_001_": {
			"DmtId0_000_1_": { "x": -122.88, "y": 168.35, "width": 102, "height": 115 },
			"DmtId0_001_1_": { "x": -126.38, "y": 167.85, "width": 107, "height": 114 },
			"DmtId0_002_1_": { "x": -139.88, "y": 171.85, "width": 136, "height": 144 },
			"DmtId0_004_1_": { "x": -137.88, "y": 170.85, "width": 130, "height": 150 },
			"DmtId0_006_1_": { "x": -116.88, "y": 165.35, "width": 90, "height": 115 },
			"DmtId0_007_1_": { "x": -116.38, "y": 165.85, "width": 89, "height": 116 },
			"DmtId0_008_1_": { "x": -114.88, "y": 165.85, "width": 88, "height": 118 },
			"DmtId0_010_1_": { "x": -128.38, "y": 175.35, "width": 117, "height": 147 },
			"DmtId0_012_1_": { "x": -132.38, "y": 176.85, "width": 125, "height": 152 },
			"DmtId0_013_1_": { "x": -124.88, "y": 170.35, "width": 110, "height": 123 },
			"DmtId0_014_1_": { "x": -120.88, "y": 169.35, "width": 100, "height": 119 },
			"DmtId0_015_1_": { "x": -122.38, "y": 169.35, "width": 101, "height": 117 }
		}
	}
},
"animations": {
	"dj": {
		"slots": {
			"DmtId0_000_": {
				"attachment": [
					{ "time": 0, "name": "DmtId0_000_" },
					{ "time": 0.1333, "name": "DmtId0_001_" },
					{ "time": 0.2333, "name": "DmtId0_002_" },
					{ "time": 0.3666, "name": "DmtId0_004_" },
					{ "time": 0.5, "name": "DmtId0_006_" },
					{ "time": 0.6333, "name": "DmtId0_007_" },
					{ "time": 0.7333, "name": "DmtId0_008_" },
					{ "time": 0.8666, "name": "DmtId0_010_" },
					{ "time": 1, "name": "DmtId0_012_" },
					{ "time": 1.1, "name": "DmtId0_013_" },
					{ "time": 1.2333, "name": "DmtId0_014_" },
					{ "time": 1.3666, "name": "DmtId0_015_" },
					{ "time": 1.5, "name": "DmtId0_000_" },
					{ "time": 1.6333, "name": "DmtId0_001_" },
					{ "time": 1.7333, "name": "DmtId0_002_" },
					{ "time": 1.8666, "name": "DmtId0_004_" },
					{ "time": 2, "name": "DmtId0_006_" },
					{ "time": 2.1333, "name": "DmtId0_007_" },
					{ "time": 2.2333, "name": "DmtId0_008_" },
					{ "time": 2.3666, "name": "DmtId0_010_" },
					{ "time": 2.5, "name": "DmtId0_012_" },
					{ "time": 2.6, "name": "DmtId0_013_" },
					{ "time": 2.7333, "name": "DmtId0_014_" },
					{ "time": 2.8666, "name": "DmtId0_015_" },
					{ "time": 3, "name": "DmtId0_000_" },
					{ "time": 3.1333, "name": "DmtId0_001_" },
					{ "time": 3.2333, "name": "DmtId0_002_" },
					{ "time": 3.3666, "name": "DmtId0_004_" },
					{ "time": 3.5, "name": "DmtId0_006_" },
					{ "time": 3.6333, "name": "DmtId0_007_" },
					{ "time": 3.7333, "name": "DmtId0_008_" },
					{ "time": 3.8666, "name": "DmtId0_010_" },
					{ "time": 4, "name": "DmtId0_012_" },
					{ "time": 4.1, "name": "DmtId0_013_" },
					{ "time": 4.2333, "name": "DmtId0_014_" },
					{ "time": 4.3666, "name": "DmtId0_015_" },
					{ "time": 4.5, "name": "DmtId0_000_" },
					{ "time": 4.5333, "name": null },
					{ "time": 6.1666, "name": "DmtId0_000_" },
					{ "time": 6.3, "name": "DmtId0_001_" },
					{ "time": 6.4, "name": "DmtId0_002_" },
					{ "time": 6.5333, "name": "DmtId0_004_" },
					{ "time": 6.6666, "name": "DmtId0_006_" },
					{ "time": 6.8, "name": "DmtId0_007_" },
					{ "time": 6.9, "name": "DmtId0_008_" },
					{ "time": 7.0333, "name": "DmtId0_010_" },
					{ "time": 7.1666, "name": "DmtId0_012_" },
					{ "time": 7.2666, "name": "DmtId0_013_" },
					{ "time": 7.4, "name": "DmtId0_014_" },
					{ "time": 7.5333, "name": "DmtId0_015_" },
					{ "time": 7.6666, "name": "DmtId0_000_" }
				]
			},
			"DmtId0_001_": {
				"attachment": [
					{ "time": 0, "name": "DmtId0_000_1_" },
					{ "time": 0.1333, "name": "DmtId0_001_1_" },
					{ "time": 0.2333, "name": "DmtId0_002_1_" },
					{ "time": 0.3666, "name": "DmtId0_004_1_" },
					{ "time": 0.5, "name": "DmtId0_006_1_" },
					{ "time": 0.6333, "name": "DmtId0_007_1_" },
					{ "time": 0.7333, "name": "DmtId0_008_1_" },
					{ "time": 0.8666, "name": "DmtId0_010_1_" },
					{ "time": 1, "name": "DmtId0_012_1_" },
					{ "time": 1.1, "name": "DmtId0_013_1_" },
					{ "time": 1.2333, "name": "DmtId0_014_1_" },
					{ "time": 1.3666, "name": "DmtId0_015_1_" },
					{ "time": 1.5, "name": "DmtId0_000_1_" },
					{ "time": 1.6333, "name": "DmtId0_001_1_" },
					{ "time": 1.7333, "name": "DmtId0_002_1_" },
					{ "time": 1.8666, "name": "DmtId0_004_1_" },
					{ "time": 2, "name": "DmtId0_006_1_" },
					{ "time": 2.1333, "name": "DmtId0_007_1_" },
					{ "time": 2.2333, "name": "DmtId0_008_1_" },
					{ "time": 2.3666, "name": "DmtId0_010_1_" },
					{ "time": 2.5, "name": "DmtId0_012_1_" },
					{ "time": 2.6, "name": "DmtId0_013_1_" },
					{ "time": 2.7333, "name": "DmtId0_014_1_" },
					{ "time": 2.8666, "name": "DmtId0_015_1_" },
					{ "time": 3, "name": "DmtId0_000_1_" },
					{ "time": 3.1333, "name": "DmtId0_001_1_" },
					{ "time": 3.2333, "name": "DmtId0_002_1_" },
					{ "time": 3.3666, "name": "DmtId0_004_1_" },
					{ "time": 3.5, "name": "DmtId0_006_1_" },
					{ "time": 3.6333, "name": "DmtId0_007_1_" },
					{ "time": 3.7333, "name": "DmtId0_008_1_" },
					{ "time": 3.8666, "name": "DmtId0_010_1_" },
					{ "time": 4, "name": "DmtId0_012_1_" },
					{ "time": 4.1, "name": "DmtId0_013_1_" },
					{ "time": 4.2333, "name": "DmtId0_014_1_" },
					{ "time": 4.3666, "name": "DmtId0_015_1_" },
					{ "time": 4.5, "name": "DmtId0_000_1_" },
					{ "time": 4.5333, "name": null },
					{ "time": 6.1666, "name": "DmtId0_000_1_" },
					{ "time": 6.3, "name": "DmtId0_001_1_" },
					{ "time": 6.4, "name": "DmtId0_002_1_" },
					{ "time": 6.5333, "name": "DmtId0_004_1_" },
					{ "time": 6.6666, "name": "DmtId0_006_1_" },
					{ "time": 6.8, "name": "DmtId0_007_1_" },
					{ "time": 6.9, "name": "DmtId0_008_1_" },
					{ "time": 7.0333, "name": "DmtId0_010_1_" },
					{ "time": 7.1666, "name": "DmtId0_012_1_" },
					{ "time": 7.2666, "name": "DmtId0_013_1_" },
					{ "time": 7.4, "name": "DmtId0_014_1_" },
					{ "time": 7.5333, "name": "DmtId0_015_1_" },
					{ "time": 7.6666, "name": "DmtId0_000_1_" }
				]
			}
		},
		"bones": {
			"bone2": {
				"translate": [
					{ "time": 0, "x": 0, "y": 0, "curve": "stepped" },
					{ "time": 0.1333, "x": 0, "y": 0, "curve": "stepped" },
					{ "time": 0.2333, "x": 0, "y": 0, "curve": "stepped" },
					{ "time": 0.3666, "x": 0, "y": 0, "curve": "stepped" },
					{ "time": 0.5, "x": 0, "y": 0, "curve": "stepped" },
					{ "time": 0.6333, "x": 0, "y": 0, "curve": "stepped" },
					{ "time": 0.7333, "x": 0, "y": 0, "curve": "stepped" },
					{ "time": 0.8666, "x": 0, "y": 0, "curve": "stepped" },
					{ "time": 1, "x": 0, "y": 0, "curve": "stepped" },
					{ "time": 1.1, "x": 0, "y": 0, "curve": "stepped" },
					{ "time": 1.2333, "x": 0, "y": 0, "curve": "stepped" },
					{ "time": 1.3666, "x": 0, "y": 0, "curve": "stepped" },
					{ "time": 1.5, "x": 0, "y": 0, "curve": "stepped" },
					{ "time": 1.6333, "x": 0, "y": 0, "curve": "stepped" },
					{ "time": 1.7333, "x": 0, "y": 0, "curve": "stepped" },
					{ "time": 1.8666, "x": 0, "y": 0, "curve": "stepped" },
					{ "time": 2, "x": 0, "y": 0, "curve": "stepped" },
					{ "time": 2.1333, "x": 0, "y": 0, "curve": "stepped" },
					{ "time": 2.2333, "x": 0, "y": 0, "curve": "stepped" },
					{ "time": 2.3666, "x": 0, "y": 0, "curve": "stepped" },
					{ "time": 2.5, "x": 0, "y": 0, "curve": "stepped" },
					{ "time": 2.6, "x": 0, "y": 0, "curve": "stepped" },
					{ "time": 2.7333, "x": 0, "y": 0, "curve": "stepped" },
					{ "time": 2.8666, "x": 0, "y": 0, "curve": "stepped" },
					{ "time": 3, "x": 0, "y": 0, "curve": "stepped" },
					{ "time": 3.1333, "x": 0, "y": 0, "curve": "stepped" },
					{ "time": 3.2333, "x": 0, "y": 0, "curve": "stepped" },
					{ "time": 3.3666, "x": 0, "y": 0, "curve": "stepped" },
					{ "time": 3.5, "x": 0, "y": 0, "curve": "stepped" },
					{ "time": 3.6333, "x": 0, "y": 0, "curve": "stepped" },
					{ "time": 3.7333, "x": 0, "y": 0, "curve": "stepped" },
					{ "time": 3.8666, "x": 0, "y": 0, "curve": "stepped" },
					{ "time": 4, "x": 0, "y": 0, "curve": "stepped" },
					{ "time": 4.1, "x": 0, "y": 0, "curve": "stepped" },
					{ "time": 4.2333, "x": 0, "y": 0, "curve": "stepped" },
					{ "time": 4.3666, "x": 0, "y": 0, "curve": "stepped" },
					{ "time": 4.5, "x": 0, "y": 0, "curve": "stepped" },
					{ "time": 6.1666, "x": 0, "y": 0, "curve": "stepped" },
					{ "time": 6.3, "x": 0, "y": 0, "curve": "stepped" },
					{ "time": 6.4, "x": 0, "y": 0, "curve": "stepped" },
					{ "time": 6.5333, "x": 0, "y": 0, "curve": "stepped" },
					{ "time": 6.6666, "x": 0, "y": 0, "curve": "stepped" },
					{ "time": 6.8, "x": 0, "y": 0, "curve": "stepped" },
					{ "time": 6.9, "x": 0, "y": 0, "curve": "stepped" },
					{ "time": 7.0333, "x": 0, "y": 0, "curve": "stepped" },
					{ "time": 7.1666, "x": 0, "y": 0, "curve": "stepped" },
					{ "time": 7.2666, "x": 0, "y": 0, "curve": "stepped" },
					{ "time": 7.4, "x": 0, "y": 0, "curve": "stepped" },
					{ "time": 7.5333, "x": 0, "y": 0, "curve": "stepped" },
					{ "time": 7.6666, "x": 0, "y": 0 }
				]
			}
		}
	}
}
}