{
"skeleton": { "hash": "9SDSgBGpfwLoCfmrjRopHi6tMH0", "spine": "2.1.27", "width": 0, "height": 0 },
"bones": [
	{ "name": "root", "x": -141.61, "y": -81.74 },
	{ "name": "bone", "parent": "root", "length": 196.15, "x": 122.44, "y": -13.49, "rotation": 180 },
	{ "name": "000_", "parent": "bone", "x": 142.81, "y": 39.36 },
	{ "name": "004_", "parent": "bone", "x": 142.81, "y": 39.36 },
	{ "name": "006_", "parent": "bone", "x": 142.81, "y": 39.36 },
	{ "name": "008_", "parent": "bone", "x": 142.81, "y": 39.36 },
	{ "name": "010_", "parent": "bone", "x": 142.81, "y": 39.36 },
	{ "name": "014_", "parent": "bone", "x": 142.81, "y": 39.36 },
	{ "name": "016_", "parent": "bone", "x": 142.81, "y": 39.36 },
	{ "name": "020_", "parent": "bone", "x": 142.81, "y": 39.36 },
	{ "name": "022_", "parent": "bone", "x": 142.81, "y": 39.36 },
	{ "name": "026_", "parent": "bone", "x": 142.81, "y": 39.36 },
	{ "name": "028_", "parent": "bone", "x": 142.81, "y": 39.36 },
	{ "name": "030_", "parent": "bone", "x": 142.81, "y": 39.36 },
	{ "name": "032_", "parent": "bone", "x": 142.81, "y": 39.36 },
	{ "name": "036_", "parent": "bone", "x": 142.81, "y": 39.36 },
	{ "name": "038_", "parent": "bone", "x": 142.81, "y": 39.36 },
	{ "name": "040_", "parent": "bone", "x": 142.81, "y": 39.36 },
	{ "name": "042_", "parent": "bone", "x": 142.81, "y": 39.36 },
	{ "name": "046_", "parent": "bone", "x": 142.81, "y": 39.36 }
],
"slots": [
	{ "name": "DmtXx000_", "bone": "000_" },
	{ "name": "DmtXx000_10_2", "bone": "000_" },
	{ "name": "DmtXx000_11_2", "bone": "000_" },
	{ "name": "DmtXx000_12_2", "bone": "000_" },
	{ "name": "DmtXx000_13_2", "bone": "000_" },
	{ "name": "DmtXx000_1_2", "bone": "000_" },
	{ "name": "DmtXx000_2_2", "bone": "000_" },
	{ "name": "DmtXx000_3_2", "bone": "000_" },
	{ "name": "DmtXx000_4_2", "bone": "000_" },
	{ "name": "DmtXx000_5_2", "bone": "000_" },
	{ "name": "DmtXx000_6_2", "bone": "000_" },
	{ "name": "DmtXx000_7_2", "bone": "000_" },
	{ "name": "DmtXx000_8_2", "bone": "000_" },
	{ "name": "DmtXx000_9_2", "bone": "000_" },
	{ "name": "DmtXx004_", "bone": "004_" },
	{ "name": "DmtXx004_10_2", "bone": "004_" },
	{ "name": "DmtXx004_11_2", "bone": "004_" },
	{ "name": "DmtXx004_1_2", "bone": "004_" },
	{ "name": "DmtXx004_2_2", "bone": "004_" },
	{ "name": "DmtXx004_3_2", "bone": "004_" },
	{ "name": "DmtXx004_4_2", "bone": "004_" },
	{ "name": "DmtXx004_5_2", "bone": "004_" },
	{ "name": "DmtXx004_6_2", "bone": "004_" },
	{ "name": "DmtXx004_7_2", "bone": "004_" },
	{ "name": "DmtXx004_8_2", "bone": "004_" },
	{ "name": "DmtXx004_9_2", "bone": "004_" },
	{ "name": "DmtXx006_", "bone": "006_" },
	{ "name": "DmtXx006_10_2", "bone": "006_" },
	{ "name": "DmtXx006_11_2", "bone": "006_" },
	{ "name": "DmtXx006_12_2", "bone": "006_" },
	{ "name": "DmtXx006_13_2", "bone": "006_" },
	{ "name": "DmtXx006_14_2", "bone": "006_" },
	{ "name": "DmtXx006_1_2", "bone": "006_" },
	{ "name": "DmtXx006_2_2", "bone": "006_" },
	{ "name": "DmtXx006_3_2", "bone": "006_" },
	{ "name": "DmtXx006_4_2", "bone": "006_" },
	{ "name": "DmtXx006_5_2", "bone": "006_" },
	{ "name": "DmtXx006_6_2", "bone": "006_" },
	{ "name": "DmtXx006_7_2", "bone": "006_" },
	{ "name": "DmtXx006_8_2", "bone": "006_" },
	{ "name": "DmtXx006_9_2", "bone": "006_" },
	{ "name": "DmtXx008_2", "bone": "008_" },
	{ "name": "DmtXx008_10_2", "bone": "008_" },
	{ "name": "DmtXx008_1_2", "bone": "008_" },
	{ "name": "DmtXx008_2_2", "bone": "008_" },
	{ "name": "DmtXx008_3_2", "bone": "008_" },
	{ "name": "DmtXx008_4_2", "bone": "008_" },
	{ "name": "DmtXx008_5_2", "bone": "008_" },
	{ "name": "DmtXx008_6_2", "bone": "008_" },
	{ "name": "DmtXx008_7_2", "bone": "008_" },
	{ "name": "DmtXx008_8_2", "bone": "008_" },
	{ "name": "DmtXx008_9_2", "bone": "008_" },
	{ "name": "DmtXx010_2", "bone": "010_" },
	{ "name": "DmtXx010_10_2", "bone": "010_" },
	{ "name": "DmtXx010_11_2", "bone": "010_" },
	{ "name": "DmtXx010_12_2", "bone": "010_" },
	{ "name": "DmtXx010_1_2", "bone": "010_" },
	{ "name": "DmtXx010_2_2", "bone": "010_" },
	{ "name": "DmtXx010_3_2", "bone": "010_" },
	{ "name": "DmtXx010_4_2", "bone": "010_" },
	{ "name": "DmtXx010_5_2", "bone": "010_" },
	{ "name": "DmtXx010_6_2", "bone": "010_" },
	{ "name": "DmtXx010_7_2", "bone": "010_" },
	{ "name": "DmtXx010_8_2", "bone": "010_" },
	{ "name": "DmtXx010_9_2", "bone": "010_" },
	{ "name": "DmtXx014_2", "bone": "014_" },
	{ "name": "DmtXx014_10_2", "bone": "014_" },
	{ "name": "DmtXx014_11_2", "bone": "014_" },
	{ "name": "DmtXx014_12_2", "bone": "014_" },
	{ "name": "DmtXx014_13_2", "bone": "014_" },
	{ "name": "DmtXx014_14_2", "bone": "014_" },
	{ "name": "DmtXx014_15_2", "bone": "014_" },
	{ "name": "DmtXx014_1_2", "bone": "014_" },
	{ "name": "DmtXx014_2_2", "bone": "014_" },
	{ "name": "DmtXx014_3_2", "bone": "014_" },
	{ "name": "DmtXx014_4_2", "bone": "014_" },
	{ "name": "DmtXx014_5_2", "bone": "014_" },
	{ "name": "DmtXx014_6_2", "bone": "014_" },
	{ "name": "DmtXx014_7_2", "bone": "014_" },
	{ "name": "DmtXx014_8_2", "bone": "014_" },
	{ "name": "DmtXx014_9_2", "bone": "014_" },
	{ "name": "DmtXx016_2", "bone": "016_" },
	{ "name": "DmtXx016_10_2", "bone": "016_" },
	{ "name": "DmtXx016_11_2", "bone": "016_" },
	{ "name": "DmtXx016_12_2", "bone": "016_" },
	{ "name": "DmtXx016_13_2", "bone": "016_" },
	{ "name": "DmtXx016_14_2", "bone": "016_" },
	{ "name": "DmtXx016_15_2", "bone": "016_" },
	{ "name": "DmtXx016_1_2", "bone": "016_" },
	{ "name": "DmtXx016_2_2", "bone": "016_" },
	{ "name": "DmtXx016_3_2", "bone": "016_" },
	{ "name": "DmtXx016_4_2", "bone": "016_" },
	{ "name": "DmtXx016_5_2", "bone": "016_" },
	{ "name": "DmtXx016_6_2", "bone": "016_" },
	{ "name": "DmtXx016_7_2", "bone": "016_" },
	{ "name": "DmtXx016_8_2", "bone": "016_" },
	{ "name": "DmtXx016_9_2", "bone": "016_" },
	{ "name": "DmtXx020_2", "bone": "020_" },
	{ "name": "DmtXx020_10_2", "bone": "020_" },
	{ "name": "DmtXx020_11_2", "bone": "020_" },
	{ "name": "DmtXx020_12_2", "bone": "020_" },
	{ "name": "DmtXx020_1_2", "bone": "020_" },
	{ "name": "DmtXx020_2_2", "bone": "020_" },
	{ "name": "DmtXx020_3_2", "bone": "020_" },
	{ "name": "DmtXx020_4_2", "bone": "020_" },
	{ "name": "DmtXx020_5_2", "bone": "020_" },
	{ "name": "DmtXx020_6_2", "bone": "020_" },
	{ "name": "DmtXx020_7_2", "bone": "020_" },
	{ "name": "DmtXx020_8_2", "bone": "020_" },
	{ "name": "DmtXx020_9_2", "bone": "020_" },
	{ "name": "DmtXx022_2", "bone": "022_" },
	{ "name": "DmtXx022_1_2", "bone": "022_" },
	{ "name": "DmtXx022_2_2", "bone": "022_" },
	{ "name": "DmtXx022_3_2", "bone": "022_" },
	{ "name": "DmtXx022_4_2", "bone": "022_" },
	{ "name": "DmtXx022_5_2", "bone": "022_" },
	{ "name": "DmtXx022_6_2", "bone": "022_" },
	{ "name": "DmtXx022_7_2", "bone": "022_" },
	{ "name": "DmtXx022_8_2", "bone": "022_" },
	{ "name": "DmtXx022_9_2", "bone": "022_" },
	{ "name": "DmtXx026_2", "bone": "026_" },
	{ "name": "DmtXx026_1_2", "bone": "026_" },
	{ "name": "DmtXx026_2_2", "bone": "026_" },
	{ "name": "DmtXx026_3_2", "bone": "026_" },
	{ "name": "DmtXx026_4_2", "bone": "026_" },
	{ "name": "DmtXx026_5_2", "bone": "026_" },
	{ "name": "DmtXx026_6_2", "bone": "026_" },
	{ "name": "DmtXx026_7_2", "bone": "026_" },
	{ "name": "DmtXx026_8_2", "bone": "026_" },
	{ "name": "DmtXx028_2", "bone": "028_" },
	{ "name": "DmtXx028_1_2", "bone": "028_" },
	{ "name": "DmtXx028_2_2", "bone": "028_" },
	{ "name": "DmtXx028_3_2", "bone": "028_" },
	{ "name": "DmtXx028_4_2", "bone": "028_" },
	{ "name": "DmtXx028_5_2", "bone": "028_" },
	{ "name": "DmtXx028_6_2", "bone": "028_" },
	{ "name": "DmtXx028_7_2", "bone": "028_" },
	{ "name": "DmtXx030_2", "bone": "030_" },
	{ "name": "DmtXx030_1_2", "bone": "030_" },
	{ "name": "DmtXx030_2_2", "bone": "030_" },
	{ "name": "DmtXx030_3_2", "bone": "030_" },
	{ "name": "DmtXx030_4_2", "bone": "030_" },
	{ "name": "DmtXx030_5_2", "bone": "030_" },
	{ "name": "DmtXx030_6_2", "bone": "030_" },
	{ "name": "DmtXx030_7_2", "bone": "030_" },
	{ "name": "DmtXx030_8_2", "bone": "030_" },
	{ "name": "DmtXx032_2", "bone": "032_" },
	{ "name": "DmtXx032_1_2", "bone": "032_" },
	{ "name": "DmtXx032_2_2", "bone": "032_" },
	{ "name": "DmtXx032_3_2", "bone": "032_" },
	{ "name": "DmtXx032_4_2", "bone": "032_" },
	{ "name": "DmtXx032_5_2", "bone": "032_" },
	{ "name": "DmtXx032_6_2", "bone": "032_" },
	{ "name": "DmtXx032_7_2", "bone": "032_" },
	{ "name": "DmtXx032_8_2", "bone": "032_" },
	{ "name": "DmtXx036_2", "bone": "036_" },
	{ "name": "DmtXx036_1_2", "bone": "036_" },
	{ "name": "DmtXx036_2_2", "bone": "036_" },
	{ "name": "DmtXx036_3_2", "bone": "036_" },
	{ "name": "DmtXx038_2", "bone": "038_" },
	{ "name": "DmtXx038_1_2", "bone": "038_" },
	{ "name": "DmtXx038_2_2", "bone": "038_" },
	{ "name": "DmtXx038_3_2", "bone": "038_" },
	{ "name": "DmtXx038_4_2", "bone": "038_" },
	{ "name": "DmtXx038_5_2", "bone": "038_" },
	{ "name": "DmtXx038_6_2", "bone": "038_" },
	{ "name": "DmtXx038_7_2", "bone": "038_" },
	{ "name": "DmtXx040_2", "bone": "040_" },
	{ "name": "DmtXx040_1_2", "bone": "040_" },
	{ "name": "DmtXx040_2_2", "bone": "040_" },
	{ "name": "DmtXx040_3_2", "bone": "040_" },
	{ "name": "DmtXx040_4_2", "bone": "040_" },
	{ "name": "DmtXx042_2", "bone": "042_" },
	{ "name": "DmtXx042_1_2", "bone": "042_" },
	{ "name": "DmtXx042_2_2", "bone": "042_" },
	{ "name": "DmtXx042_3_2", "bone": "042_" },
	{ "name": "DmtXx042_4_2", "bone": "042_" },
	{ "name": "DmtXx042_5_2", "bone": "042_" },
	{ "name": "DmtXx046_2", "bone": "046_" },
	{ "name": "DmtXx046_1_2", "bone": "046_" },
	{ "name": "DmtXx046_2_2", "bone": "046_" },
	{ "name": "DmtXx046_3_2", "bone": "046_" }
],
"skins": {
	"default": {
		"DmtXx000_": {
			"DmtXx000_": { "x": -190.29, "y": -455.13, "rotation": -180, "width": 162, "height": 252 }
		},
		"DmtXx000_10_2": {
			"DmtXx000_10_": { "x": -209.79, "y": -239.13, "rotation": -180, "width": 141, "height": 124 }
		},
		"DmtXx000_11_2": {
			"DmtXx000_11_": { "x": -43.79, "y": -123.63, "rotation": -180, "width": 157, "height": 183 }
		},
		"DmtXx000_12_2": {
			"DmtXx000_12_": { "x": -90.79, "y": -220.63, "rotation": -180, "width": 105, "height": 79 }
		},
		"DmtXx000_13_2": {
			"DmtXx000_13_": { "x": -113.29, "y": -269.13, "rotation": -180, "width": 78, "height": 70 }
		},
		"DmtXx000_1_2": {
			"DmtXx000_1_": { "x": -267.29, "y": -374.63, "rotation": -180, "width": 178, "height": 219 }
		},
		"DmtXx000_2_2": {
			"DmtXx000_2_": { "x": -264.79, "y": -306.63, "rotation": -180, "width": 11, "height": 13 }
		},
		"DmtXx000_3_2": {
			"DmtXx000_3_": { "x": -270.79, "y": -299.13, "rotation": -180, "width": 13, "height": 12 }
		},
		"DmtXx000_4_2": {
			"DmtXx000_4_": { "x": -289.29, "y": -317.63, "rotation": -180, "width": 14, "height": 13 }
		},
		"DmtXx000_5_2": {
			"DmtXx000_5_": { "x": -223.79, "y": -293.63, "rotation": -180, "width": 11, "height": 11 }
		},
		"DmtXx000_6_2": {
			"DmtXx000_6_": { "x": -267.29, "y": -290.13, "rotation": -180, "width": 16, "height": 12 }
		},
		"DmtXx000_7_2": {
			"DmtXx000_7_": { "x": -164.79, "y": -308.13, "rotation": -180, "width": 103, "height": 56 }
		},
		"DmtXx000_8_2": {
			"DmtXx000_8_": { "x": -48.79, "y": -396.63, "rotation": -180, "width": 201, "height": 257 }
		},
		"DmtXx000_9_2": {
			"DmtXx000_9_": { "x": -255.29, "y": -124.13, "rotation": -180, "width": 194, "height": 156 }
		},
		"DmtXx004_": {
			"DmtXx004_": { "x": -224.79, "y": -407.63, "rotation": -180, "width": 257, "height": 281 }
		},
		"DmtXx004_10_2": {
			"DmtXx004_10_": { "x": -93.79, "y": -212.13, "rotation": -180, "width": 91, "height": 68 }
		},
		"DmtXx004_11_2": {
			"DmtXx004_11_": { "x": -45.79, "y": -181.63, "rotation": -180, "width": 161, "height": 147 }
		},
		"DmtXx004_1_2": {
			"DmtXx004_1_": { "x": -221.29, "y": -299.63, "rotation": -180, "width": 24, "height": 13 }
		},
		"DmtXx004_2_2": {
			"DmtXx004_2_": { "x": -258.29, "y": -280.63, "rotation": -180, "width": 14, "height": 17 }
		},
		"DmtXx004_3_2": {
			"DmtXx004_3_": { "x": -287.29, "y": -301.13, "rotation": -180, "width": 34, "height": 32 }
		},
		"DmtXx004_4_2": {
			"DmtXx004_4_": { "x": -55.79, "y": -383.63, "rotation": -180, "width": 191, "height": 233 }
		},
		"DmtXx004_5_2": {
			"DmtXx004_5_": { "x": -158.79, "y": -303.13, "rotation": -180, "width": 111, "height": 54 }
		},
		"DmtXx004_6_2": {
			"DmtXx004_6_": { "x": -247.79, "y": -151.63, "rotation": -180, "width": 209, "height": 147 }
		},
		"DmtXx004_7_2": {
			"DmtXx004_7_": { "x": -292.79, "y": -87.63, "rotation": -180, "width": 13, "height": 13 }
		},
		"DmtXx004_8_2": {
			"DmtXx004_8_": { "x": -213.29, "y": -253.13, "rotation": -180, "width": 124, "height": 80 }
		},
		"DmtXx004_9_2": {
			"DmtXx004_9_": { "x": -94.79, "y": -237.63, "rotation": -180, "width": 119, "height": 123 }
		},
		"DmtXx006_": {
			"DmtXx006_": { "x": -226.29, "y": -395.63, "rotation": -180, "width": 242, "height": 283 }
		},
		"DmtXx006_10_2": {
			"DmtXx006_10_": { "x": -259.29, "y": -86.13, "rotation": -180, "width": 12, "height": 12 }
		},
		"DmtXx006_11_2": {
			"DmtXx006_11_": { "x": -300.29, "y": -102.13, "rotation": -180, "width": 18, "height": 16 }
		},
		"DmtXx006_12_2": {
			"DmtXx006_12_": { "x": -46.79, "y": -176.63, "rotation": -180, "width": 171, "height": 119 }
		},
		"DmtXx006_13_2": {
			"DmtXx006_13_": { "x": -98.29, "y": -211.63, "rotation": -180, "width": 130, "height": 95 }
		},
		"DmtXx006_14_2": {
			"DmtXx006_14_": { "x": -121.79, "y": -251.13, "rotation": -180, "width": 87, "height": 90 }
		},
		"DmtXx006_1_2": {
			"DmtXx006_1_": { "x": -56.79, "y": -387.63, "rotation": -180, "width": 187, "height": 219 }
		},
		"DmtXx006_2_2": {
			"DmtXx006_2_": { "x": -31.79, "y": -314.13, "rotation": -180, "width": 91, "height": 110 }
		},
		"DmtXx006_3_2": {
			"DmtXx006_3_": { "x": -107.29, "y": -283.13, "rotation": -180, "width": 30, "height": 22 }
		},
		"DmtXx006_4_2": {
			"DmtXx006_4_": { "x": -166.29, "y": -304.13, "rotation": -180, "width": 92, "height": 48 }
		},
		"DmtXx006_5_2": {
			"DmtXx006_5_": { "x": -231.29, "y": -286.13, "rotation": -180, "width": 20, "height": 16 }
		},
		"DmtXx006_6_2": {
			"DmtXx006_6_": { "x": -262.79, "y": -291.13, "rotation": -180, "width": 27, "height": 16 }
		},
		"DmtXx006_7_2": {
			"DmtXx006_7_": { "x": -277.29, "y": -279.63, "rotation": -180, "width": 38, "height": 17 }
		},
		"DmtXx006_8_2": {
			"DmtXx006_8_": { "x": -233.29, "y": -234.63, "rotation": -180, "width": 144, "height": 113 }
		},
		"DmtXx006_9_2": {
			"DmtXx006_9_": { "x": -254.29, "y": -129.13, "rotation": -180, "width": 198, "height": 142 }
		},
		"DmtXx008_10_2": {
			"DmtXx008_10_": { "x": -60.79, "y": -187.13, "rotation": -180, "width": 207, "height": 208 }
		},
		"DmtXx008_1_2": {
			"DmtXx008_1_": { "x": -62.79, "y": -380.63, "rotation": -180, "width": 189, "height": 237 }
		},
		"DmtXx008_2": {
			"DmtXx008_": { "x": -220.79, "y": -389.13, "rotation": -180, "width": 233, "height": 278 }
		},
		"DmtXx008_2_2": {
			"DmtXx008_2_": { "x": -80.79, "y": -296.13, "rotation": -180, "width": 65, "height": 34 }
		},
		"DmtXx008_3_2": {
			"DmtXx008_3_": { "x": -38.29, "y": -311.63, "rotation": -180, "width": 64, "height": 67 }
		},
		"DmtXx008_4_2": {
			"DmtXx008_4_": { "x": 16.7, "y": -340.63, "rotation": -180, "width": 22, "height": 23 }
		},
		"DmtXx008_5_2": {
			"DmtXx008_5_": { "x": 0.2, "y": -313.63, "rotation": -180, "width": 17, "height": 35 }
		},
		"DmtXx008_6_2": {
			"DmtXx008_6_": { "x": -164.79, "y": -295.63, "rotation": -180, "width": 115, "height": 43 }
		},
		"DmtXx008_7_2": {
			"DmtXx008_7_": { "x": -234.79, "y": -226.13, "rotation": -180, "width": 145, "height": 122 }
		},
		"DmtXx008_8_2": {
			"DmtXx008_8_": { "x": -173.79, "y": -250.63, "rotation": -180, "width": 21, "height": 61 }
		},
		"DmtXx008_9_2": {
			"DmtXx008_9_": { "x": -285.29, "y": -138.13, "rotation": -180, "width": 152, "height": 110 }
		},
		"DmtXx010_10_2": {
			"DmtXx010_10_": { "x": -43.79, "y": -290.13, "rotation": -180, "width": 53, "height": 52 }
		},
		"DmtXx010_11_2": {
			"DmtXx010_11_": { "x": 7.2, "y": -298.63, "rotation": -180, "width": 33, "height": 7 }
		},
		"DmtXx010_12_2": {
			"DmtXx010_12_": { "x": 26.7, "y": -332.13, "rotation": -180, "width": 24, "height": 6 }
		},
		"DmtXx010_1_2": {
			"DmtXx010_1_": { "x": -63.29, "y": -316.13, "rotation": -180, "width": 100, "height": 90 }
		},
		"DmtXx010_2": {
			"DmtXx010_": { "x": -87.29, "y": -408.63, "rotation": -180, "width": 210, "height": 229 }
		},
		"DmtXx010_2_2": {
			"DmtXx010_2_": { "x": -162.29, "y": -293.13, "rotation": -180, "width": 98, "height": 50 }
		},
		"DmtXx010_3_2": {
			"DmtXx010_3_": { "x": -256.29, "y": -363.63, "rotation": -180, "width": 154, "height": 231 }
		},
		"DmtXx010_4_2": {
			"DmtXx010_4_": { "x": -298.79, "y": -395.13, "rotation": -180, "width": 25, "height": 56 }
		},
		"DmtXx010_5_2": {
			"DmtXx010_5_": { "x": -245.29, "y": -455.63, "rotation": -180, "width": 48, "height": 31 }
		},
		"DmtXx010_6_2": {
			"DmtXx010_6_": { "x": -231.79, "y": -198.13, "rotation": -180, "width": 231, "height": 166 }
		},
		"DmtXx010_7_2": {
			"DmtXx010_7_": { "x": -289.29, "y": -116.63, "rotation": -180, "width": 152, "height": 137 }
		},
		"DmtXx010_8_2": {
			"DmtXx010_8_": { "x": -58.79, "y": -195.13, "rotation": -180, "width": 205, "height": 180 }
		},
		"DmtXx010_9_2": {
			"DmtXx010_9_": { "x": -120.29, "y": -237.13, "rotation": -180, "width": 96, "height": 102 }
		},
		"DmtXx014_10_2": {
			"DmtXx014_10_": { "x": 19.2, "y": -268.13, "rotation": -180, "width": 5, "height": 24 }
		},
		"DmtXx014_11_2": {
			"DmtXx014_11_": { "x": 46.7, "y": -305.63, "rotation": -180, "width": 12, "height": 9 }
		},
		"DmtXx014_12_2": {
			"DmtXx014_12_": { "x": -306.79, "y": -383.63, "rotation": -180, "width": 17, "height": 17 }
		},
		"DmtXx014_13_2": {
			"DmtXx014_13_": { "x": -257.79, "y": -457.13, "rotation": -180, "width": 29, "height": 16 }
		},
		"DmtXx014_14_2": {
			"DmtXx014_14_": { "x": -187.79, "y": -207.63, "rotation": -180, "width": 21, "height": 35 }
		},
		"DmtXx014_15_2": {
			"DmtXx014_15_": { "x": -269.29, "y": -128.63, "rotation": -180, "width": 190, "height": 149 }
		},
		"DmtXx014_1_2": {
			"DmtXx014_1_": { "x": -84.79, "y": -305.63, "rotation": -180, "width": 53, "height": 61 }
		},
		"DmtXx014_2": {
			"DmtXx014_": { "x": -121.29, "y": -414.63, "rotation": -180, "width": 248, "height": 247 }
		},
		"DmtXx014_2_2": {
			"DmtXx014_2_": { "x": -60.79, "y": -341.13, "rotation": -180, "width": 31, "height": 22 }
		},
		"DmtXx014_3_2": {
			"DmtXx014_3_": { "x": -49.29, "y": -350.63, "rotation": -180, "width": 14, "height": 33 }
		},
		"DmtXx014_4_2": {
			"DmtXx014_4_": { "x": -254.79, "y": -349.63, "rotation": -180, "width": 147, "height": 215 }
		},
		"DmtXx014_5_2": {
			"DmtXx014_5_": { "x": -163.29, "y": -300.63, "rotation": -180, "width": 92, "height": 53 }
		},
		"DmtXx014_6_2": {
			"DmtXx014_6_": { "x": -241.79, "y": -156.13, "rotation": -180, "width": 141, "height": 260 }
		},
		"DmtXx014_7_2": {
			"DmtXx014_7_": { "x": -80.79, "y": -182.63, "rotation": -180, "width": 193, "height": 227 }
		},
		"DmtXx014_8_2": {
			"DmtXx014_8_": { "x": -78.79, "y": -266.13, "rotation": -180, "width": 23, "height": 14 }
		},
		"DmtXx014_9_2": {
			"DmtXx014_9_": { "x": -29.29, "y": -251.13, "rotation": -180, "width": 24, "height": 14 }
		},
		"DmtXx016_10_2": {
			"DmtXx016_10_": { "x": -38.79, "y": -331.13, "rotation": -180, "width": 23, "height": 12 }
		},
		"DmtXx016_11_2": {
			"DmtXx016_11_": { "x": -94.29, "y": -245.63, "rotation": -180, "width": 18, "height": 29 }
		},
		"DmtXx016_12_2": {
			"DmtXx016_12_": { "x": -26.79, "y": -223.63, "rotation": -180, "width": 23, "height": 17 }
		},
		"DmtXx016_13_2": {
			"DmtXx016_13_": { "x": 24.7, "y": -251.63, "rotation": -180, "width": 16, "height": 9 }
		},
		"DmtXx016_14_2": {
			"DmtXx016_14_": { "x": 57.2, "y": -289.13, "rotation": -180, "width": 13, "height": 8 }
		},
		"DmtXx016_15_2": {
			"DmtXx016_15_": { "x": -91.29, "y": -306.63, "rotation": -180, "width": 56, "height": 63 }
		},
		"DmtXx016_1_2": {
			"DmtXx016_1_": { "x": -246.29, "y": -376.13, "rotation": -180, "width": 130, "height": 144 }
		},
		"DmtXx016_2": {
			"DmtXx016_": { "x": -113.79, "y": -416.63, "rotation": -180, "width": 227, "height": 287 }
		},
		"DmtXx016_2_2": {
			"DmtXx016_2_": { "x": -259.79, "y": -282.63, "rotation": -180, "width": 103, "height": 55 }
		},
		"DmtXx016_3_2": {
			"DmtXx016_3_": { "x": -178.29, "y": -297.63, "rotation": -180, "width": 126, "height": 71 }
		},
		"DmtXx016_4_2": {
			"DmtXx016_4_": { "x": -261.79, "y": -170.63, "rotation": -180, "width": 195, "height": 247 }
		},
		"DmtXx016_5_2": {
			"DmtXx016_5_": { "x": -92.29, "y": -199.13, "rotation": -180, "width": 164, "height": 206 }
		},
		"DmtXx016_6_2": {
			"DmtXx016_6_": { "x": -325.29, "y": -60.13, "rotation": -180, "width": 14, "height": 14 }
		},
		"DmtXx016_7_2": {
			"DmtXx016_7_": { "x": -251.79, "y": -252.63, "rotation": -180, "width": 31, "height": 37 }
		},
		"DmtXx016_8_2": {
			"DmtXx016_8_": { "x": -261.79, "y": -452.63, "rotation": -180, "width": 27, "height": 17 }
		},
		"DmtXx016_9_2": {
			"DmtXx016_9_": { "x": -315.29, "y": -374.13, "rotation": -180, "width": 12, "height": 12 }
		},
		"DmtXx020_10_2": {
			"DmtXx020_10_": { "x": -28.29, "y": -171.13, "rotation": -180, "width": 18, "height": 14 }
		},
		"DmtXx020_11_2": {
			"DmtXx020_11_": { "x": -253.29, "y": -180.13, "rotation": -180, "width": 192, "height": 246 }
		},
		"DmtXx020_12_2": {
			"DmtXx020_12_": { "x": -98.29, "y": -203.63, "rotation": -180, "width": 134, "height": 215 }
		},
		"DmtXx020_1_2": {
			"DmtXx020_1_": { "x": -267.29, "y": -312.63, "rotation": -180, "width": 146, "height": 147 }
		},
		"DmtXx020_2": {
			"DmtXx020_": { "x": -138.79, "y": -448.13, "rotation": -180, "width": 283, "height": 294 }
		},
		"DmtXx020_2_2": {
			"DmtXx020_2_": { "x": -159.79, "y": -311.13, "rotation": -180, "width": 105, "height": 58 }
		},
		"DmtXx020_3_2": {
			"DmtXx020_3_": { "x": -55.79, "y": -324.63, "rotation": -180, "width": 23, "height": 19 }
		},
		"DmtXx020_4_2": {
			"DmtXx020_4_": { "x": -84.79, "y": -283.63, "rotation": -180, "width": 37, "height": 41 }
		},
		"DmtXx020_5_2": {
			"DmtXx020_5_": { "x": -333.29, "y": -338.13, "rotation": -180, "width": 14, "height": 20 }
		},
		"DmtXx020_6_2": {
			"DmtXx020_6_": { "x": -267.79, "y": -442.63, "rotation": -180, "width": 23, "height": 25 }
		},
		"DmtXx020_7_2": {
			"DmtXx020_7_": { "x": -23.79, "y": -285.13, "rotation": -180, "width": 7, "height": 10 }
		},
		"DmtXx020_8_2": {
			"DmtXx020_8_": { "x": 75.7, "y": -252.13, "rotation": -180, "width": 6, "height": 6 }
		},
		"DmtXx020_9_2": {
			"DmtXx020_9_": { "x": 34.7, "y": -213.13, "rotation": -180, "width": 4, "height": 8 }
		},
		"DmtXx022_1_2": {
			"DmtXx022_1_": { "x": -274.79, "y": -326.13, "rotation": -180, "width": 171, "height": 152 }
		},
		"DmtXx022_2": {
			"DmtXx022_": { "x": -148.29, "y": -461.13, "rotation": -180, "width": 312, "height": 292 }
		},
		"DmtXx022_2_2": {
			"DmtXx022_2_": { "x": -83.79, "y": -305.63, "rotation": -180, "width": 63, "height": 23 }
		},
		"DmtXx022_3_2": {
			"DmtXx022_3_": { "x": -157.29, "y": -317.13, "rotation": -180, "width": 92, "height": 50 }
		},
		"DmtXx022_4_2": {
			"DmtXx022_4_": { "x": -16.79, "y": -258.63, "rotation": -180, "width": 7, "height": 3 }
		},
		"DmtXx022_5_2": {
			"DmtXx022_5_": { "x": 86.2, "y": -231.13, "rotation": -180, "width": 5, "height": 2 }
		},
		"DmtXx022_6_2": {
			"DmtXx022_6_": { "x": 39.2, "y": -191.63, "rotation": -180, "width": 5, "height": 3 }
		},
		"DmtXx022_7_2": {
			"DmtXx022_7_": { "x": -21.79, "y": -143.13, "rotation": -180, "width": 5, "height": 4 }
		},
		"DmtXx022_8_2": {
			"DmtXx022_8_": { "x": -246.79, "y": -188.63, "rotation": -180, "width": 193, "height": 249 }
		},
		"DmtXx022_9_2": {
			"DmtXx022_9_": { "x": -108.79, "y": -202.13, "rotation": -180, "width": 129, "height": 222 }
		},
		"DmtXx026_1_2": {
			"DmtXx026_1_": { "x": -271.79, "y": -349.63, "rotation": -180, "width": 179, "height": 191 }
		},
		"DmtXx026_2": {
			"DmtXx026_": { "x": -258.79, "y": -465.63, "rotation": -180, "width": 207, "height": 273 }
		},
		"DmtXx026_2_2": {
			"DmtXx026_2_": { "x": -281.79, "y": -300.63, "rotation": -180, "width": 33, "height": 43 }
		},
		"DmtXx026_3_2": {
			"DmtXx026_3_": { "x": -97.79, "y": -439.13, "rotation": -180, "width": 221, "height": 274 }
		},
		"DmtXx026_4_2": {
			"DmtXx026_4_": { "x": -159.79, "y": -297.13, "rotation": -180, "width": 123, "height": 78 }
		},
		"DmtXx026_5_2": {
			"DmtXx026_5_": { "x": -241.29, "y": -130.13, "rotation": -180, "width": 176, "height": 132 }
		},
		"DmtXx026_6_2": {
			"DmtXx026_6_": { "x": -205.29, "y": -238.63, "rotation": -180, "width": 128, "height": 121 }
		},
		"DmtXx026_7_2": {
			"DmtXx026_7_": { "x": -60.29, "y": -188.63, "rotation": -180, "width": 146, "height": 111 }
		},
		"DmtXx026_8_2": {
			"DmtXx026_8_": { "x": -90.29, "y": -256.13, "rotation": -180, "width": 108, "height": 98 }
		},
		"DmtXx028_1_2": {
			"DmtXx028_1_": { "x": -262.29, "y": -299.13, "rotation": -180, "width": 52, "height": 48 }
		},
		"DmtXx028_2": {
			"DmtXx028_": { "x": -254.79, "y": -431.63, "rotation": -180, "width": 201, "height": 263 }
		},
		"DmtXx028_2_2": {
			"DmtXx028_2_": { "x": -75.79, "y": -429.13, "rotation": -180, "width": 183, "height": 274 }
		},
		"DmtXx028_3_2": {
			"DmtXx028_3_": { "x": -159.79, "y": -295.13, "rotation": -180, "width": 119, "height": 68 }
		},
		"DmtXx028_4_2": {
			"DmtXx028_4_": { "x": -239.29, "y": -126.13, "rotation": -180, "width": 170, "height": 142 }
		},
		"DmtXx028_5_2": {
			"DmtXx028_5_": { "x": -206.79, "y": -238.63, "rotation": -180, "width": 133, "height": 131 }
		},
		"DmtXx028_6_2": {
			"DmtXx028_6_": { "x": -32.29, "y": -181.13, "rotation": -180, "width": 144, "height": 114 }
		},
		"DmtXx028_7_2": {
			"DmtXx028_7_": { "x": -86.79, "y": -248.13, "rotation": -180, "width": 133, "height": 112 }
		},
		"DmtXx030_1_2": {
			"DmtXx030_1_": { "x": -77.29, "y": -417.63, "rotation": -180, "width": 186, "height": 275 }
		},
		"DmtXx030_2": {
			"DmtXx030_": { "x": -251.29, "y": -445.63, "rotation": -180, "width": 196, "height": 303 }
		},
		"DmtXx030_2_2": {
			"DmtXx030_2_": { "x": -154.79, "y": -301.63, "rotation": -180, "width": 111, "height": 61 }
		},
		"DmtXx030_3_2": {
			"DmtXx030_3_": { "x": -233.29, "y": -132.13, "rotation": -180, "width": 158, "height": 136 }
		},
		"DmtXx030_4_2": {
			"DmtXx030_4_": { "x": -201.29, "y": -237.13, "rotation": -180, "width": 138, "height": 124 }
		},
		"DmtXx030_5_2": {
			"DmtXx030_5_": { "x": -23.29, "y": -173.63, "rotation": -180, "width": 160, "height": 117 }
		},
		"DmtXx030_6_2": {
			"DmtXx030_6_": { "x": -88.79, "y": -187.13, "rotation": -180, "width": 45, "height": 54 }
		},
		"DmtXx030_7_2": {
			"DmtXx030_7_": { "x": -79.29, "y": -254.13, "rotation": -180, "width": 138, "height": 92 }
		},
		"DmtXx030_8_2": {
			"DmtXx030_8_": { "x": -125.79, "y": -215.13, "rotation": -180, "width": 15, "height": 24 }
		},
		"DmtXx032_1_2": {
			"DmtXx032_1_": { "x": -79.29, "y": -408.63, "rotation": -180, "width": 188, "height": 267 }
		},
		"DmtXx032_2": {
			"DmtXx032_": { "x": -248.79, "y": -409.63, "rotation": -180, "width": 199, "height": 365 }
		},
		"DmtXx032_2_2": {
			"DmtXx032_2_": { "x": -151.29, "y": -301.63, "rotation": -180, "width": 104, "height": 47 }
		},
		"DmtXx032_3_2": {
			"DmtXx032_3_": { "x": -262.79, "y": -286.63, "rotation": -180, "width": 143, "height": 103 }
		},
		"DmtXx032_4_2": {
			"DmtXx032_4_": { "x": -183.79, "y": -171.13, "rotation": -180, "width": 237, "height": 246 }
		},
		"DmtXx032_5_2": {
			"DmtXx032_5_": { "x": -137.29, "y": -210.63, "rotation": -180, "width": 42, "height": 33 }
		},
		"DmtXx032_6_2": {
			"DmtXx032_6_": { "x": -200.79, "y": -254.13, "rotation": -180, "width": 137, "height": 80 }
		},
		"DmtXx032_7_2": {
			"DmtXx032_7_": { "x": -21.29, "y": -174.13, "rotation": -180, "width": 188, "height": 112 }
		},
		"DmtXx032_8_2": {
			"DmtXx032_8_": { "x": -78.29, "y": -254.13, "rotation": -180, "width": 140, "height": 94 }
		},
		"DmtXx036_1_2": {
			"DmtXx036_1_": { "x": -323.29, "y": -259.13, "rotation": -180, "width": 50, "height": 44 }
		},
		"DmtXx036_2": {
			"DmtXx036_": { "x": -171.79, "y": -407.13, "rotation": -180, "width": 373, "height": 358 }
		},
		"DmtXx036_2_2": {
			"DmtXx036_2_": { "x": -51.29, "y": -184.13, "rotation": -180, "width": 298, "height": 224 }
		},
		"DmtXx036_3_2": {
			"DmtXx036_3_": { "x": -215.79, "y": -189.13, "rotation": -180, "width": 145, "height": 208 }
		},
		"DmtXx038_1_2": {
			"DmtXx038_1_": { "x": -204.29, "y": -197.63, "rotation": -180, "width": 154, "height": 203 }
		},
		"DmtXx038_2": {
			"DmtXx038_": { "x": -113.79, "y": -436.63, "rotation": -180, "width": 259, "height": 297 }
		},
		"DmtXx038_2_2": {
			"DmtXx038_2_": { "x": -21.29, "y": -203.13, "rotation": -180, "width": 248, "height": 208 }
		},
		"DmtXx038_3_2": {
			"DmtXx038_3_": { "x": -341.79, "y": -375.63, "rotation": -180, "width": 41, "height": 69 }
		},
		"DmtXx038_4_2": {
			"DmtXx038_4_": { "x": -275.79, "y": -242.63, "rotation": -180, "width": 73, "height": 39 }
		},
		"DmtXx038_5_2": {
			"DmtXx038_5_": { "x": -326.79, "y": -261.63, "rotation": -180, "width": 41, "height": 37 }
		},
		"DmtXx038_6_2": {
			"DmtXx038_6_": { "x": -265.79, "y": -400.63, "rotation": -180, "width": 199, "height": 321 }
		},
		"DmtXx038_7_2": {
			"DmtXx038_7_": { "x": -167.79, "y": -295.63, "rotation": -180, "width": 127, "height": 53 }
		},
		"DmtXx040_1_2": {
			"DmtXx040_1_": { "x": -350.29, "y": -374.63, "rotation": -180, "width": 46, "height": 83 }
		},
		"DmtXx040_2": {
			"DmtXx040_": { "x": -176.79, "y": -403.13, "rotation": -180, "width": 387, "height": 356 }
		},
		"DmtXx040_2_2": {
			"DmtXx040_2_": { "x": -287.29, "y": -230.63, "rotation": -180, "width": 94, "height": 51 }
		},
		"DmtXx040_3_2": {
			"DmtXx040_3_": { "x": -186.29, "y": -196.13, "rotation": -180, "width": 184, "height": 188 }
		},
		"DmtXx040_4_2": {
			"DmtXx040_4_": { "x": -24.79, "y": -210.13, "rotation": -180, "width": 237, "height": 186 }
		},
		"DmtXx042_1_2": {
			"DmtXx042_1_": { "x": -355.29, "y": -344.13, "rotation": -180, "width": 46, "height": 62 }
		},
		"DmtXx042_2": {
			"DmtXx042_": { "x": -179.79, "y": -356.63, "rotation": -180, "width": 399, "height": 439 }
		},
		"DmtXx042_2_2": {
			"DmtXx042_2_": { "x": -258.29, "y": -239.13, "rotation": -180, "width": 94, "height": 46 }
		},
		"DmtXx042_3_2": {
			"DmtXx042_3_": { "x": -245.29, "y": -283.13, "rotation": -180, "width": 94, "height": 40 }
		},
		"DmtXx042_4_2": {
			"DmtXx042_4_": { "x": -209.29, "y": -208.63, "rotation": -180, "width": 146, "height": 173 }
		},
		"DmtXx042_5_2": {
			"DmtXx042_5_": { "x": -35.29, "y": -208.63, "rotation": -180, "width": 228, "height": 185 }
		},
		"DmtXx046_1_2": {
			"DmtXx046_1_": { "x": -356.29, "y": -345.13, "rotation": -180, "width": 24, "height": 54 }
		},
		"DmtXx046_2": {
			"DmtXx046_": { "x": -160.29, "y": -341.63, "rotation": -180, "width": 408, "height": 469 }
		},
		"DmtXx046_2_2": {
			"DmtXx046_2_": { "x": -234.29, "y": -184.63, "rotation": -180, "width": 198, "height": 235 }
		},
		"DmtXx046_3_2": {
			"DmtXx046_3_": { "x": -49.79, "y": -198.63, "rotation": -180, "width": 203, "height": 207 }
		}
	}
},
"animations": {
	"dj": {
		"slots": {
			"DmtXx000_": {
				"attachment": [
					{ "time": 4.5, "name": "DmtXx000_" },
					{ "time": 4.5666, "name": null },
					{ "time": 6.1666, "name": "DmtXx000_" },
					{ "time": 6.2, "name": null }
				]
			},
			"DmtXx000_10_2": {
				"attachment": [
					{ "time": 4.5, "name": "DmtXx000_10_" },
					{ "time": 4.5666, "name": null },
					{ "time": 6.1666, "name": "DmtXx000_10_" },
					{ "time": 6.2, "name": null }
				]
			},
			"DmtXx000_11_2": {
				"attachment": [
					{ "time": 4.5, "name": "DmtXx000_11_" },
					{ "time": 4.5666, "name": null },
					{ "time": 6.1666, "name": "DmtXx000_11_" },
					{ "time": 6.2, "name": null }
				]
			},
			"DmtXx000_12_2": {
				"attachment": [
					{ "time": 4.5, "name": "DmtXx000_12_" },
					{ "time": 4.5666, "name": null },
					{ "time": 6.1666, "name": "DmtXx000_12_" },
					{ "time": 6.2, "name": null }
				]
			},
			"DmtXx000_13_2": {
				"attachment": [
					{ "time": 4.5, "name": "DmtXx000_13_" },
					{ "time": 4.5666, "name": null },
					{ "time": 6.1666, "name": "DmtXx000_13_" },
					{ "time": 6.2, "name": null }
				]
			},
			"DmtXx000_1_2": {
				"attachment": [
					{ "time": 4.5, "name": "DmtXx000_1_" },
					{ "time": 4.5666, "name": null },
					{ "time": 6.1666, "name": "DmtXx000_1_" },
					{ "time": 6.2, "name": null }
				]
			},
			"DmtXx000_2_2": {
				"attachment": [
					{ "time": 4.5, "name": "DmtXx000_2_" },
					{ "time": 4.5666, "name": null },
					{ "time": 6.1666, "name": "DmtXx000_2_" },
					{ "time": 6.2, "name": null }
				]
			},
			"DmtXx000_3_2": {
				"attachment": [
					{ "time": 4.5, "name": "DmtXx000_3_" },
					{ "time": 4.5666, "name": null },
					{ "time": 6.1666, "name": "DmtXx000_3_" },
					{ "time": 6.2, "name": null }
				]
			},
			"DmtXx000_4_2": {
				"attachment": [
					{ "time": 4.5, "name": "DmtXx000_4_" },
					{ "time": 4.5666, "name": null },
					{ "time": 6.1666, "name": "DmtXx000_4_" },
					{ "time": 6.2, "name": null }
				]
			},
			"DmtXx000_5_2": {
				"attachment": [
					{ "time": 4.5, "name": "DmtXx000_5_" },
					{ "time": 4.5666, "name": null },
					{ "time": 6.1666, "name": "DmtXx000_5_" },
					{ "time": 6.2, "name": null }
				]
			},
			"DmtXx000_6_2": {
				"attachment": [
					{ "time": 4.5, "name": "DmtXx000_6_" },
					{ "time": 4.5666, "name": null },
					{ "time": 6.1666, "name": "DmtXx000_6_" },
					{ "time": 6.2, "name": null }
				]
			},
			"DmtXx000_7_2": {
				"attachment": [
					{ "time": 4.5, "name": "DmtXx000_7_" },
					{ "time": 4.5666, "name": null },
					{ "time": 6.1666, "name": "DmtXx000_7_" },
					{ "time": 6.2, "name": null }
				]
			},
			"DmtXx000_8_2": {
				"attachment": [
					{ "time": 4.5, "name": "DmtXx000_8_" },
					{ "time": 4.5666, "name": null },
					{ "time": 6.1666, "name": "DmtXx000_8_" },
					{ "time": 6.2, "name": null }
				]
			},
			"DmtXx000_9_2": {
				"attachment": [
					{ "time": 4.5, "name": "DmtXx000_9_" },
					{ "time": 4.5666, "name": null },
					{ "time": 6.1666, "name": "DmtXx000_9_" },
					{ "time": 6.2, "name": null }
				]
			},
			"DmtXx004_": {
				"attachment": [
					{ "time": 4.5666, "name": "DmtXx004_" },
					{ "time": 4.6666, "name": null }
				]
			},
			"DmtXx004_10_2": {
				"attachment": [
					{ "time": 4.5666, "name": "DmtXx004_10_" },
					{ "time": 4.6666, "name": null }
				]
			},
			"DmtXx004_11_2": {
				"attachment": [
					{ "time": 4.5666, "name": "DmtXx004_11_" },
					{ "time": 4.6666, "name": null }
				]
			},
			"DmtXx004_1_2": {
				"attachment": [
					{ "time": 4.5666, "name": "DmtXx004_1_" },
					{ "time": 4.6666, "name": null }
				]
			},
			"DmtXx004_2_2": {
				"attachment": [
					{ "time": 4.5666, "name": "DmtXx004_2_" },
					{ "time": 4.6666, "name": null }
				]
			},
			"DmtXx004_3_2": {
				"attachment": [
					{ "time": 4.5666, "name": "DmtXx004_3_" },
					{ "time": 4.6666, "name": null }
				]
			},
			"DmtXx004_4_2": {
				"attachment": [
					{ "time": 4.5666, "name": "DmtXx004_4_" },
					{ "time": 4.6666, "name": null }
				]
			},
			"DmtXx004_5_2": {
				"attachment": [
					{ "time": 4.5666, "name": "DmtXx004_5_" },
					{ "time": 4.6666, "name": null }
				]
			},
			"DmtXx004_6_2": {
				"attachment": [
					{ "time": 4.5666, "name": "DmtXx004_6_" },
					{ "time": 4.6666, "name": null }
				]
			},
			"DmtXx004_7_2": {
				"attachment": [
					{ "time": 4.5666, "name": "DmtXx004_7_" },
					{ "time": 4.6666, "name": null }
				]
			},
			"DmtXx004_8_2": {
				"attachment": [
					{ "time": 4.5666, "name": "DmtXx004_8_" },
					{ "time": 4.6666, "name": null }
				]
			},
			"DmtXx004_9_2": {
				"attachment": [
					{ "time": 4.5666, "name": "DmtXx004_9_" },
					{ "time": 4.6666, "name": null }
				]
			},
			"DmtXx006_": {
				"attachment": [
					{ "time": 4.6666, "name": "DmtXx006_" },
					{ "time": 4.7333, "name": null }
				]
			},
			"DmtXx006_10_2": {
				"attachment": [
					{ "time": 4.6666, "name": "DmtXx006_10_" },
					{ "time": 4.7333, "name": null }
				]
			},
			"DmtXx006_11_2": {
				"attachment": [
					{ "time": 4.6666, "name": "DmtXx006_11_" },
					{ "time": 4.7333, "name": null }
				]
			},
			"DmtXx006_12_2": {
				"attachment": [
					{ "time": 4.6666, "name": "DmtXx006_12_" },
					{ "time": 4.7333, "name": null }
				]
			},
			"DmtXx006_13_2": {
				"attachment": [
					{ "time": 4.6666, "name": "DmtXx006_13_" },
					{ "time": 4.7333, "name": null }
				]
			},
			"DmtXx006_14_2": {
				"attachment": [
					{ "time": 4.6666, "name": "DmtXx006_14_" },
					{ "time": 4.7333, "name": null }
				]
			},
			"DmtXx006_1_2": {
				"attachment": [
					{ "time": 4.6666, "name": "DmtXx006_1_" },
					{ "time": 4.7333, "name": null }
				]
			},
			"DmtXx006_2_2": {
				"attachment": [
					{ "time": 4.6666, "name": "DmtXx006_2_" },
					{ "time": 4.7333, "name": null }
				]
			},
			"DmtXx006_3_2": {
				"attachment": [
					{ "time": 4.6666, "name": "DmtXx006_3_" },
					{ "time": 4.7333, "name": null }
				]
			},
			"DmtXx006_4_2": {
				"attachment": [
					{ "time": 4.6666, "name": "DmtXx006_4_" },
					{ "time": 4.7333, "name": null }
				]
			},
			"DmtXx006_5_2": {
				"attachment": [
					{ "time": 4.6666, "name": "DmtXx006_5_" },
					{ "time": 4.7333, "name": null }
				]
			},
			"DmtXx006_6_2": {
				"attachment": [
					{ "time": 4.6666, "name": "DmtXx006_6_" },
					{ "time": 4.7333, "name": null }
				]
			},
			"DmtXx006_7_2": {
				"attachment": [
					{ "time": 4.6666, "name": "DmtXx006_7_" },
					{ "time": 4.7333, "name": null }
				]
			},
			"DmtXx006_8_2": {
				"attachment": [
					{ "time": 4.6666, "name": "DmtXx006_8_" },
					{ "time": 4.7333, "name": null }
				]
			},
			"DmtXx006_9_2": {
				"attachment": [
					{ "time": 4.6666, "name": "DmtXx006_9_" },
					{ "time": 4.7333, "name": null }
				]
			},
			"DmtXx008_2": {
				"attachment": [
					{ "time": 4.7333, "name": "DmtXx008_" },
					{ "time": 4.8333, "name": null }
				]
			},
			"DmtXx008_10_2": {
				"attachment": [
					{ "time": 4.7333, "name": "DmtXx008_10_" },
					{ "time": 4.8333, "name": null }
				]
			},
			"DmtXx008_1_2": {
				"attachment": [
					{ "time": 4.7333, "name": "DmtXx008_1_" },
					{ "time": 4.8333, "name": null }
				]
			},
			"DmtXx008_2_2": {
				"attachment": [
					{ "time": 4.7333, "name": "DmtXx008_2_" },
					{ "time": 4.8333, "name": null }
				]
			},
			"DmtXx008_3_2": {
				"attachment": [
					{ "time": 4.7333, "name": "DmtXx008_3_" },
					{ "time": 4.8333, "name": null }
				]
			},
			"DmtXx008_4_2": {
				"attachment": [
					{ "time": 4.7333, "name": "DmtXx008_4_" },
					{ "time": 4.8333, "name": null }
				]
			},
			"DmtXx008_5_2": {
				"attachment": [
					{ "time": 4.7333, "name": "DmtXx008_5_" },
					{ "time": 4.8333, "name": null }
				]
			},
			"DmtXx008_6_2": {
				"attachment": [
					{ "time": 4.7333, "name": "DmtXx008_6_" },
					{ "time": 4.8333, "name": null }
				]
			},
			"DmtXx008_7_2": {
				"attachment": [
					{ "time": 4.7333, "name": "DmtXx008_7_" },
					{ "time": 4.8333, "name": null }
				]
			},
			"DmtXx008_8_2": {
				"attachment": [
					{ "time": 4.7333, "name": "DmtXx008_8_" },
					{ "time": 4.8333, "name": null }
				]
			},
			"DmtXx008_9_2": {
				"attachment": [
					{ "time": 4.7333, "name": "DmtXx008_9_" },
					{ "time": 4.8333, "name": null }
				]
			},
			"DmtXx010_2": {
				"attachment": [
					{ "time": 4.8333, "name": "DmtXx010_" },
					{ "time": 4.9666, "name": null }
				]
			},
			"DmtXx010_10_2": {
				"attachment": [
					{ "time": 4.8333, "name": "DmtXx010_10_" },
					{ "time": 4.9666, "name": null }
				]
			},
			"DmtXx010_11_2": {
				"attachment": [
					{ "time": 4.8333, "name": "DmtXx010_11_" },
					{ "time": 4.9666, "name": null }
				]
			},
			"DmtXx010_12_2": {
				"attachment": [
					{ "time": 4.8333, "name": "DmtXx010_12_" },
					{ "time": 4.9666, "name": null }
				]
			},
			"DmtXx010_1_2": {
				"attachment": [
					{ "time": 4.8333, "name": "DmtXx010_1_" },
					{ "time": 4.9666, "name": null }
				]
			},
			"DmtXx010_2_2": {
				"attachment": [
					{ "time": 4.8333, "name": "DmtXx010_2_" },
					{ "time": 4.9666, "name": null }
				]
			},
			"DmtXx010_3_2": {
				"attachment": [
					{ "time": 4.8333, "name": "DmtXx010_3_" },
					{ "time": 4.9666, "name": null }
				]
			},
			"DmtXx010_4_2": {
				"attachment": [
					{ "time": 4.8333, "name": "DmtXx010_4_" },
					{ "time": 4.9666, "name": null }
				]
			},
			"DmtXx010_5_2": {
				"attachment": [
					{ "time": 4.8333, "name": "DmtXx010_5_" },
					{ "time": 4.9666, "name": null }
				]
			},
			"DmtXx010_6_2": {
				"attachment": [
					{ "time": 4.8333, "name": "DmtXx010_6_" },
					{ "time": 4.9666, "name": null }
				]
			},
			"DmtXx010_7_2": {
				"attachment": [
					{ "time": 4.8333, "name": "DmtXx010_7_" },
					{ "time": 4.9666, "name": null }
				]
			},
			"DmtXx010_8_2": {
				"attachment": [
					{ "time": 4.8333, "name": "DmtXx010_8_" },
					{ "time": 4.9666, "name": null }
				]
			},
			"DmtXx010_9_2": {
				"attachment": [
					{ "time": 4.8333, "name": "DmtXx010_9_" },
					{ "time": 4.9666, "name": null }
				]
			},
			"DmtXx014_2": {
				"attachment": [
					{ "time": 4.9666, "name": "DmtXx014_" },
					{ "time": 5.0666, "name": null }
				]
			},
			"DmtXx014_10_2": {
				"attachment": [
					{ "time": 4.9666, "name": "DmtXx014_10_" },
					{ "time": 5.0666, "name": null }
				]
			},
			"DmtXx014_11_2": {
				"attachment": [
					{ "time": 4.9666, "name": "DmtXx014_11_" },
					{ "time": 5.0666, "name": null }
				]
			},
			"DmtXx014_12_2": {
				"attachment": [
					{ "time": 4.9666, "name": "DmtXx014_12_" },
					{ "time": 5.0666, "name": null }
				]
			},
			"DmtXx014_13_2": {
				"attachment": [
					{ "time": 4.9666, "name": "DmtXx014_13_" },
					{ "time": 5.0666, "name": null }
				]
			},
			"DmtXx014_14_2": {
				"attachment": [
					{ "time": 4.9666, "name": "DmtXx014_14_" },
					{ "time": 5.0666, "name": null }
				]
			},
			"DmtXx014_15_2": {
				"attachment": [
					{ "time": 4.9666, "name": "DmtXx014_15_" },
					{ "time": 5.0666, "name": null }
				]
			},
			"DmtXx014_1_2": {
				"attachment": [
					{ "time": 4.9666, "name": "DmtXx014_1_" },
					{ "time": 5.0666, "name": null }
				]
			},
			"DmtXx014_2_2": {
				"attachment": [
					{ "time": 4.9666, "name": "DmtXx014_2_" },
					{ "time": 5.0666, "name": null }
				]
			},
			"DmtXx014_3_2": {
				"attachment": [
					{ "time": 4.9666, "name": "DmtXx014_3_" },
					{ "time": 5.0666, "name": null }
				]
			},
			"DmtXx014_4_2": {
				"attachment": [
					{ "time": 4.9666, "name": "DmtXx014_4_" },
					{ "time": 5.0666, "name": null }
				]
			},
			"DmtXx014_5_2": {
				"attachment": [
					{ "time": 4.9666, "name": "DmtXx014_5_" },
					{ "time": 5.0666, "name": null }
				]
			},
			"DmtXx014_6_2": {
				"attachment": [
					{ "time": 4.9666, "name": "DmtXx014_6_" },
					{ "time": 5.0666, "name": null }
				]
			},
			"DmtXx014_7_2": {
				"attachment": [
					{ "time": 4.9666, "name": "DmtXx014_7_" },
					{ "time": 5.0666, "name": null }
				]
			},
			"DmtXx014_8_2": {
				"attachment": [
					{ "time": 4.9666, "name": "DmtXx014_8_" },
					{ "time": 5.0666, "name": null }
				]
			},
			"DmtXx014_9_2": {
				"attachment": [
					{ "time": 4.9666, "name": "DmtXx014_9_" },
					{ "time": 5.0666, "name": null }
				]
			},
			"DmtXx016_2": {
				"attachment": [
					{ "time": 5.0666, "name": "DmtXx016_" },
					{ "time": 5.1333, "name": null }
				]
			},
			"DmtXx016_10_2": {
				"attachment": [
					{ "time": 5.0666, "name": "DmtXx016_10_" },
					{ "time": 5.1333, "name": null }
				]
			},
			"DmtXx016_11_2": {
				"attachment": [
					{ "time": 5.0666, "name": "DmtXx016_11_" },
					{ "time": 5.1333, "name": null }
				]
			},
			"DmtXx016_12_2": {
				"attachment": [
					{ "time": 5.0666, "name": "DmtXx016_12_" },
					{ "time": 5.1333, "name": null }
				]
			},
			"DmtXx016_13_2": {
				"attachment": [
					{ "time": 5.0666, "name": "DmtXx016_13_" },
					{ "time": 5.1333, "name": null }
				]
			},
			"DmtXx016_14_2": {
				"attachment": [
					{ "time": 5.0666, "name": "DmtXx016_14_" },
					{ "time": 5.1333, "name": null }
				]
			},
			"DmtXx016_15_2": {
				"attachment": [
					{ "time": 5.0666, "name": "DmtXx016_15_" },
					{ "time": 5.1333, "name": null }
				]
			},
			"DmtXx016_1_2": {
				"attachment": [
					{ "time": 5.0666, "name": "DmtXx016_1_" },
					{ "time": 5.1333, "name": null }
				]
			},
			"DmtXx016_2_2": {
				"attachment": [
					{ "time": 5.0666, "name": "DmtXx016_2_" },
					{ "time": 5.1333, "name": null }
				]
			},
			"DmtXx016_3_2": {
				"attachment": [
					{ "time": 5.0666, "name": "DmtXx016_3_" },
					{ "time": 5.1333, "name": null }
				]
			},
			"DmtXx016_4_2": {
				"attachment": [
					{ "time": 5.0666, "name": "DmtXx016_4_" },
					{ "time": 5.1333, "name": null }
				]
			},
			"DmtXx016_5_2": {
				"attachment": [
					{ "time": 5.0666, "name": "DmtXx016_5_" },
					{ "time": 5.1333, "name": null }
				]
			},
			"DmtXx016_6_2": {
				"attachment": [
					{ "time": 5.0666, "name": "DmtXx016_6_" },
					{ "time": 5.1333, "name": null }
				]
			},
			"DmtXx016_7_2": {
				"attachment": [
					{ "time": 5.0666, "name": "DmtXx016_7_" },
					{ "time": 5.1333, "name": null }
				]
			},
			"DmtXx016_8_2": {
				"attachment": [
					{ "time": 5.0666, "name": "DmtXx016_8_" },
					{ "time": 5.1333, "name": null }
				]
			},
			"DmtXx016_9_2": {
				"attachment": [
					{ "time": 5.0666, "name": "DmtXx016_9_" },
					{ "time": 5.1333, "name": null }
				]
			},
			"DmtXx020_2": {
				"attachment": [
					{ "time": 5.1333, "name": "DmtXx020_" },
					{ "time": 5.2666, "name": null }
				]
			},
			"DmtXx020_10_2": {
				"attachment": [
					{ "time": 5.1333, "name": "DmtXx020_10_" },
					{ "time": 5.2666, "name": null }
				]
			},
			"DmtXx020_11_2": {
				"attachment": [
					{ "time": 5.1333, "name": "DmtXx020_11_" },
					{ "time": 5.2666, "name": null }
				]
			},
			"DmtXx020_12_2": {
				"attachment": [
					{ "time": 5.1333, "name": "DmtXx020_12_" },
					{ "time": 5.2666, "name": null }
				]
			},
			"DmtXx020_1_2": {
				"attachment": [
					{ "time": 5.1333, "name": "DmtXx020_1_" },
					{ "time": 5.2666, "name": null }
				]
			},
			"DmtXx020_2_2": {
				"attachment": [
					{ "time": 5.1333, "name": "DmtXx020_2_" },
					{ "time": 5.2666, "name": null }
				]
			},
			"DmtXx020_3_2": {
				"attachment": [
					{ "time": 5.1333, "name": "DmtXx020_3_" },
					{ "time": 5.2666, "name": null }
				]
			},
			"DmtXx020_4_2": {
				"attachment": [
					{ "time": 5.1333, "name": "DmtXx020_4_" },
					{ "time": 5.2666, "name": null }
				]
			},
			"DmtXx020_5_2": {
				"attachment": [
					{ "time": 5.1333, "name": "DmtXx020_5_" },
					{ "time": 5.2666, "name": null }
				]
			},
			"DmtXx020_6_2": {
				"attachment": [
					{ "time": 5.1333, "name": "DmtXx020_6_" },
					{ "time": 5.2666, "name": null }
				]
			},
			"DmtXx020_7_2": {
				"attachment": [
					{ "time": 5.1333, "name": "DmtXx020_7_" },
					{ "time": 5.2666, "name": null }
				]
			},
			"DmtXx020_8_2": {
				"attachment": [
					{ "time": 5.1333, "name": "DmtXx020_8_" },
					{ "time": 5.2666, "name": null }
				]
			},
			"DmtXx020_9_2": {
				"attachment": [
					{ "time": 5.1333, "name": "DmtXx020_9_" },
					{ "time": 5.2666, "name": null }
				]
			},
			"DmtXx022_2": {
				"attachment": [
					{ "time": 5.2666, "name": "DmtXx022_" },
					{ "time": 5.3666, "name": null }
				]
			},
			"DmtXx022_1_2": {
				"attachment": [
					{ "time": 5.2666, "name": "DmtXx022_1_" },
					{ "time": 5.3666, "name": null }
				]
			},
			"DmtXx022_2_2": {
				"attachment": [
					{ "time": 5.2666, "name": "DmtXx022_2_" },
					{ "time": 5.3666, "name": null }
				]
			},
			"DmtXx022_3_2": {
				"attachment": [
					{ "time": 5.2666, "name": "DmtXx022_3_" },
					{ "time": 5.3666, "name": null }
				]
			},
			"DmtXx022_4_2": {
				"attachment": [
					{ "time": 5.2666, "name": "DmtXx022_4_" },
					{ "time": 5.3666, "name": null }
				]
			},
			"DmtXx022_5_2": {
				"attachment": [
					{ "time": 5.2666, "name": "DmtXx022_5_" },
					{ "time": 5.3666, "name": null }
				]
			},
			"DmtXx022_6_2": {
				"attachment": [
					{ "time": 5.2666, "name": "DmtXx022_6_" },
					{ "time": 5.3666, "name": null }
				]
			},
			"DmtXx022_7_2": {
				"attachment": [
					{ "time": 5.2666, "name": "DmtXx022_7_" },
					{ "time": 5.3666, "name": null }
				]
			},
			"DmtXx022_8_2": {
				"attachment": [
					{ "time": 5.2666, "name": "DmtXx022_8_" },
					{ "time": 5.3666, "name": null }
				]
			},
			"DmtXx022_9_2": {
				"attachment": [
					{ "time": 5.2666, "name": "DmtXx022_9_" },
					{ "time": 5.3666, "name": null }
				]
			},
			"DmtXx026_2": {
				"attachment": [
					{ "time": 5.3666, "name": "DmtXx026_" },
					{ "time": 5.4666, "name": null }
				]
			},
			"DmtXx026_1_2": {
				"attachment": [
					{ "time": 5.3666, "name": "DmtXx026_1_" },
					{ "time": 5.4666, "name": null }
				]
			},
			"DmtXx026_2_2": {
				"attachment": [
					{ "time": 5.3666, "name": "DmtXx026_2_" },
					{ "time": 5.4666, "name": null }
				]
			},
			"DmtXx026_3_2": {
				"attachment": [
					{ "time": 5.3666, "name": "DmtXx026_3_" },
					{ "time": 5.4666, "name": null }
				]
			},
			"DmtXx026_4_2": {
				"attachment": [
					{ "time": 5.3666, "name": "DmtXx026_4_" },
					{ "time": 5.4666, "name": null }
				]
			},
			"DmtXx026_5_2": {
				"attachment": [
					{ "time": 5.3666, "name": "DmtXx026_5_" },
					{ "time": 5.4666, "name": null }
				]
			},
			"DmtXx026_6_2": {
				"attachment": [
					{ "time": 5.3666, "name": "DmtXx026_6_" },
					{ "time": 5.4666, "name": null }
				]
			},
			"DmtXx026_7_2": {
				"attachment": [
					{ "time": 5.3666, "name": "DmtXx026_7_" },
					{ "time": 5.4666, "name": null }
				]
			},
			"DmtXx026_8_2": {
				"attachment": [
					{ "time": 5.3666, "name": "DmtXx026_8_" },
					{ "time": 5.4666, "name": null }
				]
			},
			"DmtXx028_2": {
				"attachment": [
					{ "time": 5.4666, "name": "DmtXx028_" },
					{ "time": 5.5333, "name": null }
				]
			},
			"DmtXx028_1_2": {
				"attachment": [
					{ "time": 5.4666, "name": "DmtXx028_1_" },
					{ "time": 5.5333, "name": null }
				]
			},
			"DmtXx028_2_2": {
				"attachment": [
					{ "time": 5.4666, "name": "DmtXx028_2_" },
					{ "time": 5.5333, "name": null }
				]
			},
			"DmtXx028_3_2": {
				"attachment": [
					{ "time": 5.4666, "name": "DmtXx028_3_" },
					{ "time": 5.5333, "name": null }
				]
			},
			"DmtXx028_4_2": {
				"attachment": [
					{ "time": 5.4666, "name": "DmtXx028_4_" },
					{ "time": 5.5333, "name": null }
				]
			},
			"DmtXx028_5_2": {
				"attachment": [
					{ "time": 5.4666, "name": "DmtXx028_5_" },
					{ "time": 5.5333, "name": null }
				]
			},
			"DmtXx028_6_2": {
				"attachment": [
					{ "time": 5.4666, "name": "DmtXx028_6_" },
					{ "time": 5.5333, "name": null }
				]
			},
			"DmtXx028_7_2": {
				"attachment": [
					{ "time": 5.4666, "name": "DmtXx028_7_" },
					{ "time": 5.5333, "name": null }
				]
			},
			"DmtXx030_2": {
				"attachment": [
					{ "time": 5.5333, "name": "DmtXx030_" },
					{ "time": 5.6333, "name": null }
				]
			},
			"DmtXx030_1_2": {
				"attachment": [
					{ "time": 5.5333, "name": "DmtXx030_1_" },
					{ "time": 5.6333, "name": null }
				]
			},
			"DmtXx030_2_2": {
				"attachment": [
					{ "time": 5.5333, "name": "DmtXx030_2_" },
					{ "time": 5.6333, "name": null }
				]
			},
			"DmtXx030_3_2": {
				"attachment": [
					{ "time": 5.5333, "name": "DmtXx030_3_" },
					{ "time": 5.6333, "name": null }
				]
			},
			"DmtXx030_4_2": {
				"attachment": [
					{ "time": 5.5333, "name": "DmtXx030_4_" },
					{ "time": 5.6333, "name": null }
				]
			},
			"DmtXx030_5_2": {
				"attachment": [
					{ "time": 5.5333, "name": "DmtXx030_5_" },
					{ "time": 5.6333, "name": null }
				]
			},
			"DmtXx030_6_2": {
				"attachment": [
					{ "time": 5.5333, "name": "DmtXx030_6_" },
					{ "time": 5.6333, "name": null }
				]
			},
			"DmtXx030_7_2": {
				"attachment": [
					{ "time": 5.5333, "name": "DmtXx030_7_" },
					{ "time": 5.6333, "name": null }
				]
			},
			"DmtXx030_8_2": {
				"attachment": [
					{ "time": 5.5333, "name": "DmtXx030_8_" },
					{ "time": 5.6333, "name": null }
				]
			},
			"DmtXx032_2": {
				"attachment": [
					{ "time": 5.6333, "name": "DmtXx032_" },
					{ "time": 5.7666, "name": null }
				]
			},
			"DmtXx032_1_2": {
				"attachment": [
					{ "time": 5.6333, "name": "DmtXx032_1_" },
					{ "time": 5.7666, "name": null }
				]
			},
			"DmtXx032_2_2": {
				"attachment": [
					{ "time": 5.6333, "name": "DmtXx032_2_" },
					{ "time": 5.7666, "name": null }
				]
			},
			"DmtXx032_3_2": {
				"attachment": [
					{ "time": 5.6333, "name": "DmtXx032_3_" },
					{ "time": 5.7666, "name": null }
				]
			},
			"DmtXx032_4_2": {
				"attachment": [
					{ "time": 5.6333, "name": "DmtXx032_4_" },
					{ "time": 5.7666, "name": null }
				]
			},
			"DmtXx032_5_2": {
				"attachment": [
					{ "time": 5.6333, "name": "DmtXx032_5_" },
					{ "time": 5.7666, "name": null }
				]
			},
			"DmtXx032_6_2": {
				"attachment": [
					{ "time": 5.6333, "name": "DmtXx032_6_" },
					{ "time": 5.7666, "name": null }
				]
			},
			"DmtXx032_7_2": {
				"attachment": [
					{ "time": 5.6333, "name": "DmtXx032_7_" },
					{ "time": 5.7666, "name": null }
				]
			},
			"DmtXx032_8_2": {
				"attachment": [
					{ "time": 5.6333, "name": "DmtXx032_8_" },
					{ "time": 5.7666, "name": null }
				]
			},
			"DmtXx036_2": {
				"attachment": [
					{ "time": 5.7666, "name": "DmtXx036_" },
					{ "time": 5.8666, "name": null }
				]
			},
			"DmtXx036_1_2": {
				"attachment": [
					{ "time": 5.7666, "name": "DmtXx036_1_" },
					{ "time": 5.8666, "name": null }
				]
			},
			"DmtXx036_2_2": {
				"attachment": [
					{ "time": 5.7666, "name": "DmtXx036_2_" },
					{ "time": 5.8666, "name": null }
				]
			},
			"DmtXx036_3_2": {
				"attachment": [
					{ "time": 5.7666, "name": "DmtXx036_3_" },
					{ "time": 5.8666, "name": null }
				]
			},
			"DmtXx038_2": {
				"attachment": [
					{ "time": 5.8666, "name": "DmtXx038_" },
					{ "time": 5.9333, "name": null }
				]
			},
			"DmtXx038_1_2": {
				"attachment": [
					{ "time": 5.8666, "name": "DmtXx038_1_" },
					{ "time": 5.9333, "name": null }
				]
			},
			"DmtXx038_2_2": {
				"attachment": [
					{ "time": 5.8666, "name": "DmtXx038_2_" },
					{ "time": 5.9333, "name": null }
				]
			},
			"DmtXx038_3_2": {
				"attachment": [
					{ "time": 5.8666, "name": "DmtXx038_3_" },
					{ "time": 5.9333, "name": null }
				]
			},
			"DmtXx038_4_2": {
				"attachment": [
					{ "time": 5.8666, "name": "DmtXx038_4_" },
					{ "time": 5.9333, "name": null }
				]
			},
			"DmtXx038_5_2": {
				"attachment": [
					{ "time": 5.8666, "name": "DmtXx038_5_" },
					{ "time": 5.9333, "name": null }
				]
			},
			"DmtXx038_6_2": {
				"attachment": [
					{ "time": 5.8666, "name": "DmtXx038_6_" },
					{ "time": 5.9333, "name": null }
				]
			},
			"DmtXx038_7_2": {
				"attachment": [
					{ "time": 5.8666, "name": "DmtXx038_7_" },
					{ "time": 5.9333, "name": null }
				]
			},
			"DmtXx040_2": {
				"attachment": [
					{ "time": 5.9333, "name": "DmtXx040_" },
					{ "time": 6.0333, "name": null }
				]
			},
			"DmtXx040_1_2": {
				"attachment": [
					{ "time": 5.9333, "name": "DmtXx040_1_" },
					{ "time": 6.0333, "name": null }
				]
			},
			"DmtXx040_2_2": {
				"attachment": [
					{ "time": 5.9333, "name": "DmtXx040_2_" },
					{ "time": 6.0333, "name": null }
				]
			},
			"DmtXx040_3_2": {
				"attachment": [
					{ "time": 5.9333, "name": "DmtXx040_3_" },
					{ "time": 6.0333, "name": null }
				]
			},
			"DmtXx040_4_2": {
				"attachment": [
					{ "time": 5.9333, "name": "DmtXx040_4_" },
					{ "time": 6.0333, "name": null }
				]
			},
			"DmtXx042_2": {
				"attachment": [
					{ "time": 6.0333, "name": "DmtXx042_" },
					{ "time": 6.1, "name": null }
				]
			},
			"DmtXx042_1_2": {
				"attachment": [
					{ "time": 6.0333, "name": "DmtXx042_1_" },
					{ "time": 6.1, "name": null }
				]
			},
			"DmtXx042_2_2": {
				"attachment": [
					{ "time": 6.0333, "name": "DmtXx042_2_" },
					{ "time": 6.1, "name": null }
				]
			},
			"DmtXx042_3_2": {
				"attachment": [
					{ "time": 6.0333, "name": "DmtXx042_3_" },
					{ "time": 6.1, "name": null }
				]
			},
			"DmtXx042_4_2": {
				"attachment": [
					{ "time": 6.0333, "name": "DmtXx042_4_" },
					{ "time": 6.1, "name": null }
				]
			},
			"DmtXx042_5_2": {
				"attachment": [
					{ "time": 6.0333, "name": "DmtXx042_5_" },
					{ "time": 6.1, "name": null }
				]
			},
			"DmtXx046_2": {
				"attachment": [
					{ "time": 6.1, "name": "DmtXx046_" },
					{ "time": 6.1666, "name": null }
				]
			},
			"DmtXx046_1_2": {
				"attachment": [
					{ "time": 6.1, "name": "DmtXx046_1_" },
					{ "time": 6.1666, "name": null }
				]
			},
			"DmtXx046_2_2": {
				"attachment": [
					{ "time": 6.1, "name": "DmtXx046_2_" },
					{ "time": 6.1666, "name": null }
				]
			},
			"DmtXx046_3_2": {
				"attachment": [
					{ "time": 6.1, "name": "DmtXx046_3_" },
					{ "time": 6.1666, "name": null }
				]
			}
		},
		"bones": {
			"root": {
				"translate": [
					{ "time": 0, "x": 0, "y": 0, "curve": "stepped" },
					{ "time": 4.5, "x": 0, "y": 0, "curve": "stepped" },
					{ "time": 6.1666, "x": 0, "y": 0, "curve": "stepped" },
					{ "time": 7.6666, "x": 0, "y": 0 }
				]
			},
			"bone": {
				"translate": [
					{ "time": 0, "x": 0, "y": 0, "curve": "stepped" },
					{ "time": 7.6666, "x": 0, "y": 0 }
				]
			}
		}
	}
}
}