{
"skeleton": { "hash": "Ev2lCtov1IvVesAJIPLWemskdnY", "spine": "2.1.27", "width": 365.98, "height": 289.79 },
"bones": [
	{ "name": "root" }
],
"slots": [
	{ "name": "HW_chengbao_", "bone": "root", "attachment": "HW_chengbao_" }
],
"skins": {
	"default": {
		"HW_chengbao_": {
			"HW_chengbao_": { "x": -14, "y": 127.1, "scaleX": 0.624, "scaleY": 0.624, "width": 586, "height": 464 }
		}
	}
},
"animations": {
	"animation": {
		"bones": {
			"root": {
				"rotate": [
					{ "time": 0, "angle": 0, "curve": "stepped" },
					{ "time": 1, "angle": 0 }
				],
				"translate": [
					{ "time": 0, "x": 0, "y": 0, "curve": "stepped" },
					{ "time": 1, "x": 0, "y": 0 }
				],
				"scale": [
					{ "time": 0, "x": 1, "y": 1, "curve": "stepped" },
					{ "time": 1, "x": 1, "y": 1 }
				]
			}
		}
	}
}
}