{
"skeleton": { "hash": "7NUzrkgogoKkAqF4gSaUzmV7eWs", "spine": "2.1.27", "width": 120, "height": 156 },
"bones": [
	{ "name": "root" }
],
"slots": [
	{ "name": "nan_GQ_000_", "bone": "root", "attachment": "nan_GQ_000_" },
	{ "name": "nan_GQ_001_", "bone": "root", "attachment": "nan_GQ_001_" },
	{ "name": "nan_GQ_002_", "bone": "root", "attachment": "nan_GQ_002_" },
	{ "name": "nan_GQ_003_", "bone": "root", "attachment": "nan_GQ_003_" },
	{ "name": "nan_GQ_004_", "bone": "root", "attachment": "nan_GQ_004_" },
	{ "name": "nan_GQ_005_", "bone": "root", "attachment": "nan_GQ_005_" },
	{ "name": "nan_GQ_006_", "bone": "root", "attachment": "nan_GQ_006_" },
	{ "name": "nan_GQ_007_", "bone": "root", "attachment": "nan_GQ_007_" },
	{ "name": "nan_GQ_008_", "bone": "root", "attachment": "nan_GQ_008_" },
	{ "name": "nan_GQ_009_", "bone": "root", "attachment": "nan_GQ_009_" },
	{ "name": "nan_GQ_010_", "bone": "root", "attachment": "nan_GQ_010_" },
	{ "name": "nan_GQ_011_", "bone": "root", "attachment": "nan_GQ_011_" },
	{ "name": "nan_GQ_012_", "bone": "root", "attachment": "nan_GQ_012_" },
	{ "name": "nan_GQ_013_", "bone": "root", "attachment": "nan_GQ_013_" },
	{ "name": "nan_GQ_014_", "bone": "root", "attachment": "nan_GQ_014_" },
	{ "name": "nan_GQ_015_", "bone": "root", "attachment": "nan_GQ_015_" },
	{ "name": "nan_GQ_016_", "bone": "root", "attachment": "nan_GQ_016_" },
	{ "name": "nan_GQ_017_", "bone": "root", "attachment": "nan_GQ_017_" },
	{ "name": "nan_GQ_018_", "bone": "root", "attachment": "nan_GQ_018_" },
	{ "name": "nan_GQ_019_", "bone": "root", "attachment": "nan_GQ_019_" },
	{ "name": "nan_GQ_020_", "bone": "root", "attachment": "nan_GQ_020_" },
	{ "name": "nan_GQ_021_", "bone": "root", "attachment": "nan_GQ_021_" },
	{ "name": "nan_GQ_022_", "bone": "root", "attachment": "nan_GQ_022_" },
	{ "name": "nan_GQ_023_", "bone": "root", "attachment": "nan_GQ_023_" },
	{ "name": "nan_GQ_024_", "bone": "root", "attachment": "nan_GQ_024_" },
	{ "name": "nan_GQ_025_", "bone": "root", "attachment": "nan_GQ_025_" },
	{ "name": "nan_GQ_026_", "bone": "root", "attachment": "nan_GQ_026_" },
	{ "name": "nan_GQ_027_", "bone": "root", "attachment": "nan_GQ_027_" },
	{ "name": "nan_GQ_028_", "bone": "root", "attachment": "nan_GQ_028_" },
	{ "name": "nan_GQ_029_", "bone": "root", "attachment": "nan_GQ_029_" },
	{ "name": "nan_GQ_030_", "bone": "root", "attachment": "nan_GQ_030_" },
	{ "name": "root", "bone": "root", "color": "ffffff97", "attachment": "yz_0_" },
	{ "name": "xiuxian_0056_", "bone": "root", "attachment": "xiuxian_0056_" },
	{ "name": "xiuxian_0055_", "bone": "root", "attachment": "xiuxian_0055_" },
	{ "name": "xiuxian_0054_", "bone": "root", "attachment": "xiuxian_0054_" },
	{ "name": "xiuxian_0053_", "bone": "root", "attachment": "xiuxian_0053_" },
	{ "name": "xiuxian_0052_", "bone": "root", "attachment": "xiuxian_0052_" },
	{ "name": "xiuxian_0051_", "bone": "root", "attachment": "xiuxian_0051_" },
	{ "name": "xiuxian_0050_", "bone": "root", "attachment": "xiuxian_0050_" },
	{ "name": "xiuxian_0049_", "bone": "root", "attachment": "xiuxian_0049_" },
	{ "name": "xiuxian_0048_", "bone": "root", "attachment": "xiuxian_0048_" },
	{ "name": "xiuxian_0047_", "bone": "root", "attachment": "xiuxian_0047_" },
	{ "name": "xiuxian_0046_", "bone": "root", "attachment": "xiuxian_0046_" },
	{ "name": "xiuxian_0045_", "bone": "root", "attachment": "xiuxian_0045_" },
	{ "name": "xiuxian_0044_", "bone": "root", "attachment": "xiuxian_0044_" },
	{ "name": "xiuxian_0043_", "bone": "root", "attachment": "xiuxian_0043_" },
	{ "name": "xiuxian_0042_", "bone": "root", "attachment": "xiuxian_0042_" },
	{ "name": "xiuxian_0041_", "bone": "root", "attachment": "xiuxian_0041_" },
	{ "name": "xiuxian_0040_", "bone": "root", "attachment": "xiuxian_0040_" },
	{ "name": "xiuxian_0039_", "bone": "root", "attachment": "xiuxian_0039_" },
	{ "name": "xiuxian_0038_", "bone": "root", "attachment": "xiuxian_0038_" },
	{ "name": "xiuxian_0037_", "bone": "root", "attachment": "xiuxian_0037_" },
	{ "name": "xiuxian_0036_", "bone": "root", "attachment": "xiuxian_0036_" },
	{ "name": "xiuxian_0035_", "bone": "root", "attachment": "xiuxian_0035_" },
	{ "name": "xiuxian_0034_", "bone": "root", "attachment": "xiuxian_0034_" },
	{ "name": "xiuxian_0033_", "bone": "root", "attachment": "xiuxian_0033_" },
	{ "name": "xiuxian_0032_", "bone": "root", "attachment": "xiuxian_0032_" },
	{ "name": "xiuxian_0031_", "bone": "root", "attachment": "xiuxian_0031_" },
	{ "name": "xiuxian_0030_", "bone": "root", "attachment": "xiuxian_0030_" },
	{ "name": "xiuxian_0029_", "bone": "root", "attachment": "xiuxian_0029_" },
	{ "name": "xiuxian_0028_", "bone": "root", "attachment": "xiuxian_0028_" },
	{ "name": "xiuxian_0027_", "bone": "root", "attachment": "xiuxian_0027_" },
	{ "name": "xiuxian_0026_", "bone": "root", "attachment": "xiuxian_0026_" },
	{ "name": "xiuxian_0025_", "bone": "root", "attachment": "xiuxian_0025_" },
	{ "name": "xiuxian_0024_", "bone": "root", "attachment": "xiuxian_0024_" },
	{ "name": "xiuxian_0023_", "bone": "root", "attachment": "xiuxian_0023_" },
	{ "name": "xiuxian_0022_", "bone": "root", "attachment": "xiuxian_0022_" },
	{ "name": "xiuxian_0021_", "bone": "root", "attachment": "xiuxian_0021_" },
	{ "name": "xiuxian_0020_", "bone": "root", "attachment": "xiuxian_0020_" },
	{ "name": "xiuxian_0019_", "bone": "root", "attachment": "xiuxian_0019_" },
	{ "name": "xiuxian_0018_", "bone": "root", "attachment": "xiuxian_0018_" },
	{ "name": "xiuxian_0017_", "bone": "root", "attachment": "xiuxian_0017_" },
	{ "name": "xiuxian_0016_", "bone": "root", "attachment": "xiuxian_0016_" },
	{ "name": "xiuxian_0015_", "bone": "root", "attachment": "xiuxian_0015_" },
	{ "name": "xiuxian_0014_", "bone": "root", "attachment": "xiuxian_0014_" },
	{ "name": "xiuxian_0013_", "bone": "root", "attachment": "xiuxian_0013_" },
	{ "name": "xiuxian_0012_", "bone": "root", "attachment": "xiuxian_0012_" },
	{ "name": "xiuxian_0011_", "bone": "root", "attachment": "xiuxian_0011_" },
	{ "name": "xiuxian_0010_", "bone": "root", "attachment": "xiuxian_0010_" },
	{ "name": "xiuxian_0009_", "bone": "root", "attachment": "xiuxian_0009_" },
	{ "name": "xiuxian_0008_", "bone": "root", "attachment": "xiuxian_0008_" },
	{ "name": "xiuxian_0007_", "bone": "root", "attachment": "xiuxian_0007_" },
	{ "name": "xiuxian_0006_", "bone": "root", "attachment": "xiuxian_0006_" },
	{ "name": "xiuxian_0005_", "bone": "root", "attachment": "xiuxian_0005_" },
	{ "name": "xiuxian_0004_", "bone": "root", "attachment": "xiuxian_0004_" },
	{ "name": "xiuxian_0003_", "bone": "root", "attachment": "xiuxian_0003_" },
	{ "name": "xiuxian_0002_", "bone": "root", "attachment": "xiuxian_0002_" },
	{ "name": "xiuxian_0001_", "bone": "root", "attachment": "xiuxian_0001_" },
	{ "name": "xiuxian_0000_", "bone": "root", "attachment": "xiuxian_0000_" },
	{ "name": "daiji_0011_", "bone": "root", "attachment": "daiji_0011_" },
	{ "name": "daiji_0010_", "bone": "root", "attachment": "daiji_0010_" },
	{ "name": "daiji_0009_", "bone": "root", "attachment": "daiji_0009_" },
	{ "name": "daiji_0008_", "bone": "root", "attachment": "daiji_0008_" },
	{ "name": "daiji_0007_", "bone": "root", "attachment": "daiji_0007_" },
	{ "name": "daiji_0006_", "bone": "root", "attachment": "daiji_0006_" },
	{ "name": "daiji_0005_", "bone": "root", "attachment": "daiji_0005_" },
	{ "name": "daiji_0004_", "bone": "root", "attachment": "daiji_0004_" },
	{ "name": "daiji_0003_", "bone": "root", "attachment": "daiji_0003_" },
	{ "name": "daiji_0002_", "bone": "root", "attachment": "daiji_0002_" },
	{ "name": "daiji_0001_", "bone": "root", "attachment": "daiji_0001_" },
	{ "name": "daiji_0000_", "bone": "root", "attachment": "daiji_0000_" }
],
"skins": {
	"default": {
		"daiji_0000_": {
			"daiji_0000_": { "x": 0.49, "y": 47, "width": 59, "height": 94 }
		},
		"daiji_0001_": {
			"daiji_0001_": { "x": 0.49, "y": 47, "width": 59, "height": 94 }
		},
		"daiji_0002_": {
			"daiji_0002_": { "x": 0.49, "y": 46.5, "width": 59, "height": 93 }
		},
		"daiji_0003_": {
			"daiji_0003_": { "x": 0.49, "y": 46.5, "width": 59, "height": 93 }
		},
		"daiji_0004_": {
			"daiji_0004_": { "x": 0.49, "y": 46.5, "width": 59, "height": 93 }
		},
		"daiji_0005_": {
			"daiji_0005_": { "x": 0.49, "y": 46.5, "width": 59, "height": 93 }
		},
		"daiji_0006_": {
			"daiji_0006_": { "x": 0.49, "y": 46.5, "width": 59, "height": 93 }
		},
		"daiji_0007_": {
			"daiji_0007_": { "x": 0.49, "y": 46.5, "width": 59, "height": 93 }
		},
		"daiji_0008_": {
			"daiji_0008_": { "x": 0.49, "y": 47, "width": 59, "height": 94 }
		},
		"daiji_0009_": {
			"daiji_0009_": { "x": 0.49, "y": 47, "width": 59, "height": 94 }
		},
		"daiji_0010_": {
			"daiji_0010_": { "x": 0.49, "y": 47, "width": 59, "height": 94 }
		},
		"daiji_0011_": {
			"daiji_0011_": { "x": 0.49, "y": 47, "width": 59, "height": 94 }
		},
		"nan_GQ_000_": {
			"nan_GQ_000_": { "x": -1, "y": 40.99, "width": 120, "height": 156 }
		},
		"nan_GQ_001_": {
			"nan_GQ_001_": { "x": -1, "y": 40.99, "width": 120, "height": 156 }
		},
		"nan_GQ_002_": {
			"nan_GQ_002_": { "x": -1, "y": 40.99, "width": 120, "height": 156 }
		},
		"nan_GQ_003_": {
			"nan_GQ_003_": { "x": -1, "y": 40.99, "width": 120, "height": 156 }
		},
		"nan_GQ_004_": {
			"nan_GQ_004_": { "x": -1, "y": 40.99, "width": 120, "height": 156 }
		},
		"nan_GQ_005_": {
			"nan_GQ_005_": { "x": -1, "y": 40.99, "width": 120, "height": 156 }
		},
		"nan_GQ_006_": {
			"nan_GQ_006_": { "x": -1, "y": 40.99, "width": 120, "height": 156 }
		},
		"nan_GQ_007_": {
			"nan_GQ_007_": { "x": -1, "y": 40.99, "width": 120, "height": 156 }
		},
		"nan_GQ_008_": {
			"nan_GQ_008_": { "x": -1, "y": 40.99, "width": 120, "height": 156 }
		},
		"nan_GQ_009_": {
			"nan_GQ_009_": { "x": -1, "y": 40.99, "width": 120, "height": 156 }
		},
		"nan_GQ_010_": {
			"nan_GQ_010_": { "x": -1, "y": 40.99, "width": 120, "height": 156 }
		},
		"nan_GQ_011_": {
			"nan_GQ_011_": { "x": -1, "y": 40.99, "width": 120, "height": 156 }
		},
		"nan_GQ_012_": {
			"nan_GQ_012_": { "x": -1, "y": 40.99, "width": 120, "height": 156 }
		},
		"nan_GQ_013_": {
			"nan_GQ_013_": { "x": -1, "y": 40.99, "width": 120, "height": 156 }
		},
		"nan_GQ_014_": {
			"nan_GQ_014_": { "x": -1, "y": 40.99, "width": 120, "height": 156 }
		},
		"nan_GQ_015_": {
			"nan_GQ_015_": { "x": -1, "y": 40.99, "width": 120, "height": 156 }
		},
		"nan_GQ_016_": {
			"nan_GQ_016_": { "x": -1, "y": 40.99, "width": 120, "height": 156 }
		},
		"nan_GQ_017_": {
			"nan_GQ_017_": { "x": -1, "y": 40.99, "width": 120, "height": 156 }
		},
		"nan_GQ_018_": {
			"nan_GQ_018_": { "x": -1, "y": 40.99, "width": 120, "height": 156 }
		},
		"nan_GQ_019_": {
			"nan_GQ_019_": { "x": -1, "y": 40.99, "width": 120, "height": 156 }
		},
		"nan_GQ_020_": {
			"nan_GQ_020_": { "x": -1, "y": 40.99, "width": 120, "height": 156 }
		},
		"nan_GQ_021_": {
			"nan_GQ_021_": { "x": -1, "y": 40.99, "width": 120, "height": 156 }
		},
		"nan_GQ_022_": {
			"nan_GQ_022_": { "x": -1, "y": 40.99, "width": 120, "height": 156 }
		},
		"nan_GQ_023_": {
			"nan_GQ_023_": { "x": -1, "y": 40.99, "width": 120, "height": 156 }
		},
		"nan_GQ_024_": {
			"nan_GQ_024_": { "x": -1, "y": 40.99, "width": 120, "height": 156 }
		},
		"nan_GQ_025_": {
			"nan_GQ_025_": { "x": -1, "y": 40.99, "width": 120, "height": 156 }
		},
		"nan_GQ_026_": {
			"nan_GQ_026_": { "x": -1, "y": 40.99, "width": 120, "height": 156 }
		},
		"nan_GQ_027_": {
			"nan_GQ_027_": { "x": -1, "y": 40.99, "width": 120, "height": 156 }
		},
		"nan_GQ_028_": {
			"nan_GQ_028_": { "x": -1, "y": 40.99, "width": 120, "height": 156 }
		},
		"nan_GQ_029_": {
			"nan_GQ_029_": { "x": -1, "y": 40.99, "width": 120, "height": 156 }
		},
		"nan_GQ_030_": {
			"nan_GQ_030_": { "x": -1, "y": 40.99, "width": 120, "height": 156 }
		},
		"root": {
			"yz_0_": { "x": -1.99, "y": 14, "scaleX": 0.8, "scaleY": 0.6, "width": 85, "height": 85 }
		},
		"xiuxian_0000_": {
			"xiuxian_0000_": { "x": 0.49, "y": 47, "width": 59, "height": 94 }
		},
		"xiuxian_0001_": {
			"xiuxian_0001_": { "x": 0.49, "y": 47.5, "width": 59, "height": 95 }
		},
		"xiuxian_0002_": {
			"xiuxian_0002_": { "x": 0.49, "y": 48, "width": 59, "height": 96 }
		},
		"xiuxian_0003_": {
			"xiuxian_0003_": { "x": 0.49, "y": 48.5, "width": 59, "height": 97 }
		},
		"xiuxian_0004_": {
			"xiuxian_0004_": { "x": 0.49, "y": 49, "width": 59, "height": 98 }
		},
		"xiuxian_0005_": {
			"xiuxian_0005_": { "x": 0.49, "y": 49, "width": 59, "height": 98 }
		},
		"xiuxian_0006_": {
			"xiuxian_0006_": { "x": 0.49, "y": 49.5, "width": 59, "height": 99 }
		},
		"xiuxian_0007_": {
			"xiuxian_0007_": { "x": 0.49, "y": 49.5, "width": 59, "height": 99 }
		},
		"xiuxian_0008_": {
			"xiuxian_0008_": { "x": 0.49, "y": 49.5, "width": 59, "height": 99 }
		},
		"xiuxian_0009_": {
			"xiuxian_0009_": { "x": 0.49, "y": 49.5, "width": 59, "height": 99 }
		},
		"xiuxian_0010_": {
			"xiuxian_0010_": { "x": 0.49, "y": 49.5, "width": 59, "height": 99 }
		},
		"xiuxian_0011_": {
			"xiuxian_0011_": { "x": 0.49, "y": 49, "width": 59, "height": 98 }
		},
		"xiuxian_0012_": {
			"xiuxian_0012_": { "x": 0.49, "y": 49, "width": 59, "height": 98 }
		},
		"xiuxian_0013_": {
			"xiuxian_0013_": { "x": 0.49, "y": 49, "width": 59, "height": 98 }
		},
		"xiuxian_0014_": {
			"xiuxian_0014_": { "x": 0.49, "y": 49, "width": 59, "height": 98 }
		},
		"xiuxian_0015_": {
			"xiuxian_0015_": { "x": 0.49, "y": 49, "width": 59, "height": 98 }
		},
		"xiuxian_0016_": {
			"xiuxian_0016_": { "x": 0.49, "y": 49, "width": 59, "height": 98 }
		},
		"xiuxian_0017_": {
			"xiuxian_0017_": { "x": 0.49, "y": 49, "width": 59, "height": 98 }
		},
		"xiuxian_0018_": {
			"xiuxian_0018_": { "x": 0.49, "y": 49.5, "width": 59, "height": 99 }
		},
		"xiuxian_0019_": {
			"xiuxian_0019_": { "x": 0.49, "y": 49.5, "width": 59, "height": 99 }
		},
		"xiuxian_0020_": {
			"xiuxian_0020_": { "x": 0.49, "y": 49.5, "width": 59, "height": 99 }
		},
		"xiuxian_0021_": {
			"xiuxian_0021_": { "x": 0.49, "y": 49.5, "width": 59, "height": 99 }
		},
		"xiuxian_0022_": {
			"xiuxian_0022_": { "x": 0.49, "y": 49.5, "width": 59, "height": 99 }
		},
		"xiuxian_0023_": {
			"xiuxian_0023_": { "x": 0.49, "y": 49.5, "width": 59, "height": 99 }
		},
		"xiuxian_0024_": {
			"xiuxian_0024_": { "x": 0.49, "y": 49.5, "width": 59, "height": 99 }
		},
		"xiuxian_0025_": {
			"xiuxian_0025_": { "x": 0.49, "y": 49.5, "width": 59, "height": 99 }
		},
		"xiuxian_0026_": {
			"xiuxian_0026_": { "x": 0.49, "y": 49.5, "width": 59, "height": 99 }
		},
		"xiuxian_0027_": {
			"xiuxian_0027_": { "x": 0.49, "y": 49.5, "width": 59, "height": 99 }
		},
		"xiuxian_0028_": {
			"xiuxian_0028_": { "x": 0.49, "y": 49.5, "width": 59, "height": 99 }
		},
		"xiuxian_0029_": {
			"xiuxian_0029_": { "x": 0.49, "y": 49.5, "width": 59, "height": 99 }
		},
		"xiuxian_0030_": {
			"xiuxian_0030_": { "x": 0.49, "y": 49.5, "width": 59, "height": 99 }
		},
		"xiuxian_0031_": {
			"xiuxian_0031_": { "x": 0.49, "y": 49.5, "width": 59, "height": 99 }
		},
		"xiuxian_0032_": {
			"xiuxian_0032_": { "x": 0.49, "y": 49.5, "width": 59, "height": 99 }
		},
		"xiuxian_0033_": {
			"xiuxian_0033_": { "x": 0.49, "y": 49.5, "width": 59, "height": 99 }
		},
		"xiuxian_0034_": {
			"xiuxian_0034_": { "x": 0.49, "y": 49.5, "width": 59, "height": 99 }
		},
		"xiuxian_0035_": {
			"xiuxian_0035_": { "x": 0.49, "y": 49.5, "width": 59, "height": 99 }
		},
		"xiuxian_0036_": {
			"xiuxian_0036_": { "x": 0.49, "y": 49.5, "width": 59, "height": 99 }
		},
		"xiuxian_0037_": {
			"xiuxian_0037_": { "x": 0.49, "y": 49.5, "width": 59, "height": 99 }
		},
		"xiuxian_0038_": {
			"xiuxian_0038_": { "x": 0.49, "y": 49.5, "width": 59, "height": 99 }
		},
		"xiuxian_0039_": {
			"xiuxian_0039_": { "x": 0.49, "y": 49.5, "width": 59, "height": 99 }
		},
		"xiuxian_0040_": {
			"xiuxian_0040_": { "x": 0.49, "y": 49.5, "width": 59, "height": 99 }
		},
		"xiuxian_0041_": {
			"xiuxian_0041_": { "x": 0.49, "y": 49.5, "width": 59, "height": 99 }
		},
		"xiuxian_0042_": {
			"xiuxian_0042_": { "x": 0.99, "y": 50, "width": 58, "height": 100 }
		},
		"xiuxian_0043_": {
			"xiuxian_0043_": { "x": 0.99, "y": 50, "width": 58, "height": 100 }
		},
		"xiuxian_0044_": {
			"xiuxian_0044_": { "x": 0.99, "y": 50, "width": 58, "height": 100 }
		},
		"xiuxian_0045_": {
			"xiuxian_0045_": { "x": 1.49, "y": 50, "width": 59, "height": 100 }
		},
		"xiuxian_0046_": {
			"xiuxian_0046_": { "x": 1.49, "y": 50, "width": 59, "height": 100 }
		},
		"xiuxian_0047_": {
			"xiuxian_0047_": { "x": 1.49, "y": 50, "width": 59, "height": 100 }
		},
		"xiuxian_0048_": {
			"xiuxian_0048_": { "x": 1.49, "y": 50, "width": 59, "height": 100 }
		},
		"xiuxian_0049_": {
			"xiuxian_0049_": { "x": 1.49, "y": 50.5, "width": 59, "height": 101 }
		},
		"xiuxian_0050_": {
			"xiuxian_0050_": { "x": 1.49, "y": 50.5, "width": 59, "height": 101 }
		},
		"xiuxian_0051_": {
			"xiuxian_0051_": { "x": 1.49, "y": 50.5, "width": 59, "height": 101 }
		},
		"xiuxian_0052_": {
			"xiuxian_0052_": { "x": 1.49, "y": 50, "width": 59, "height": 100 }
		},
		"xiuxian_0053_": {
			"xiuxian_0053_": { "x": 1.49, "y": 49.5, "width": 59, "height": 99 }
		},
		"xiuxian_0054_": {
			"xiuxian_0054_": { "x": 1.49, "y": 49.5, "width": 59, "height": 99 }
		},
		"xiuxian_0055_": {
			"xiuxian_0055_": { "x": 1.49, "y": 48.5, "width": 59, "height": 97 }
		},
		"xiuxian_0056_": {
			"xiuxian_0056_": { "x": 1.49, "y": 47.5, "width": 59, "height": 95 }
		}
	}
},
"animations": {
	"animation": {
		"slots": {
			"daiji_0000_": {
				"attachment": [
					{ "time": 0, "name": "daiji_0000_" },
					{ "time": 0.0666, "name": "daiji_0000_" },
					{ "time": 0.1, "name": null },
					{ "time": 1.3333, "name": "daiji_0000_" },
					{ "time": 1.4, "name": "daiji_0000_" },
					{ "time": 1.4333, "name": null }
				]
			},
			"daiji_0001_": {
				"attachment": [
					{ "time": 0, "name": null },
					{ "time": 0.0666, "name": null },
					{ "time": 0.1, "name": "daiji_0001_" },
					{ "time": 0.1666, "name": "daiji_0001_" },
					{ "time": 0.2333, "name": null },
					{ "time": 1.3333, "name": null },
					{ "time": 1.4, "name": null },
					{ "time": 1.4333, "name": "daiji_0001_" },
					{ "time": 1.5, "name": "daiji_0001_" },
					{ "time": 1.5666, "name": null }
				]
			},
			"daiji_0002_": {
				"attachment": [
					{ "time": 0, "name": null },
					{ "time": 0.1666, "name": null },
					{ "time": 0.2333, "name": "daiji_0002_" },
					{ "time": 0.2666, "name": "daiji_0002_" },
					{ "time": 0.3333, "name": null },
					{ "time": 1.3333, "name": null },
					{ "time": 1.5, "name": null },
					{ "time": 1.5666, "name": "daiji_0002_" },
					{ "time": 1.6, "name": "daiji_0002_" },
					{ "time": 1.6666, "name": null }
				]
			},
			"daiji_0003_": {
				"attachment": [
					{ "time": 0, "name": null },
					{ "time": 0.2666, "name": null },
					{ "time": 0.3333, "name": "daiji_0003_" },
					{ "time": 0.4, "name": "daiji_0003_" },
					{ "time": 0.4333, "name": null },
					{ "time": 1.3333, "name": null },
					{ "time": 1.6, "name": null },
					{ "time": 1.6666, "name": "daiji_0003_" },
					{ "time": 1.7333, "name": "daiji_0003_" },
					{ "time": 1.7666, "name": null }
				]
			},
			"daiji_0004_": {
				"attachment": [
					{ "time": 0, "name": null },
					{ "time": 0.4, "name": null },
					{ "time": 0.4333, "name": "daiji_0004_" },
					{ "time": 0.5, "name": "daiji_0004_" },
					{ "time": 0.5666, "name": null },
					{ "time": 1.3333, "name": null },
					{ "time": 1.7333, "name": null },
					{ "time": 1.7666, "name": "daiji_0004_" },
					{ "time": 1.8333, "name": "daiji_0004_" },
					{ "time": 1.9, "name": null }
				]
			},
			"daiji_0005_": {
				"attachment": [
					{ "time": 0, "name": null },
					{ "time": 0.5, "name": null },
					{ "time": 0.5666, "name": "daiji_0005_" },
					{ "time": 0.6, "name": "daiji_0005_" },
					{ "time": 0.6666, "name": null },
					{ "time": 1.3333, "name": null },
					{ "time": 1.8333, "name": null },
					{ "time": 1.9, "name": "daiji_0005_" },
					{ "time": 1.9333, "name": "daiji_0005_" },
					{ "time": 2, "name": null }
				]
			},
			"daiji_0006_": {
				"attachment": [
					{ "time": 0, "name": null },
					{ "time": 0.6, "name": null },
					{ "time": 0.6666, "name": "daiji_0006_" },
					{ "time": 0.7333, "name": "daiji_0006_" },
					{ "time": 0.7666, "name": null },
					{ "time": 1.3333, "name": null },
					{ "time": 1.9333, "name": null },
					{ "time": 2, "name": "daiji_0006_" },
					{ "time": 2.0666, "name": "daiji_0006_" },
					{ "time": 2.1, "name": null }
				]
			},
			"daiji_0007_": {
				"attachment": [
					{ "time": 0, "name": null },
					{ "time": 0.7333, "name": null },
					{ "time": 0.7666, "name": "daiji_0007_" },
					{ "time": 0.8333, "name": "daiji_0007_" },
					{ "time": 0.9, "name": null },
					{ "time": 1.3333, "name": null },
					{ "time": 2.0666, "name": null },
					{ "time": 2.1, "name": "daiji_0007_" },
					{ "time": 2.1666, "name": "daiji_0007_" },
					{ "time": 2.2333, "name": null }
				]
			},
			"daiji_0008_": {
				"attachment": [
					{ "time": 0, "name": null },
					{ "time": 0.8333, "name": null },
					{ "time": 0.9, "name": "daiji_0008_" },
					{ "time": 0.9333, "name": "daiji_0008_" },
					{ "time": 1, "name": null },
					{ "time": 1.3333, "name": null },
					{ "time": 2.1666, "name": null },
					{ "time": 2.2333, "name": "daiji_0008_" },
					{ "time": 2.2666, "name": "daiji_0008_" },
					{ "time": 2.3333, "name": null }
				]
			},
			"daiji_0009_": {
				"attachment": [
					{ "time": 0, "name": null },
					{ "time": 0.9333, "name": null },
					{ "time": 1, "name": "daiji_0009_" },
					{ "time": 1.0666, "name": "daiji_0009_" },
					{ "time": 1.1, "name": null },
					{ "time": 1.3333, "name": null },
					{ "time": 2.2666, "name": null },
					{ "time": 2.3333, "name": "daiji_0009_" },
					{ "time": 2.4, "name": "daiji_0009_" },
					{ "time": 2.4333, "name": null }
				]
			},
			"daiji_0010_": {
				"attachment": [
					{ "time": 0, "name": null },
					{ "time": 1.0666, "name": null },
					{ "time": 1.1, "name": "daiji_0010_" },
					{ "time": 1.1666, "name": "daiji_0010_" },
					{ "time": 1.2333, "name": null },
					{ "time": 1.3333, "name": null },
					{ "time": 2.4, "name": null },
					{ "time": 2.4333, "name": "daiji_0010_" },
					{ "time": 2.5, "name": "daiji_0010_" },
					{ "time": 2.5666, "name": null }
				]
			},
			"daiji_0011_": {
				"attachment": [
					{ "time": 0, "name": null },
					{ "time": 1.1666, "name": null },
					{ "time": 1.2333, "name": "daiji_0011_" },
					{ "time": 1.2666, "name": "daiji_0011_" },
					{ "time": 1.3333, "name": null },
					{ "time": 2.5, "name": null },
					{ "time": 2.5666, "name": "daiji_0011_" },
					{ "time": 2.6, "name": "daiji_0011_" },
					{ "time": 2.6333, "name": null }
				]
			},
			"nan_GQ_000_": {
				"attachment": [
					{ "time": 0, "name": "nan_GQ_000_" },
					{ "time": 0.0333, "name": "nan_GQ_000_" },
					{ "time": 0.0666, "name": null },
					{ "time": 2.0666, "name": "nan_GQ_000_" },
					{ "time": 2.1333, "name": "nan_GQ_000_" },
					{ "time": 2.1666, "name": null }
				]
			},
			"nan_GQ_001_": {
				"attachment": [
					{ "time": 0, "name": null },
					{ "time": 0.0333, "name": null },
					{ "time": 0.0666, "name": "nan_GQ_001_" },
					{ "time": 0.1, "name": "nan_GQ_001_" },
					{ "time": 0.1333, "name": null },
					{ "time": 2.0666, "name": null },
					{ "time": 2.1333, "name": null },
					{ "time": 2.1666, "name": "nan_GQ_001_" },
					{ "time": 2.2333, "name": "nan_GQ_001_" },
					{ "time": 2.2666, "name": null }
				]
			},
			"nan_GQ_002_": {
				"attachment": [
					{ "time": 0, "name": null },
					{ "time": 0.1, "name": null },
					{ "time": 0.1333, "name": "nan_GQ_002_" },
					{ "time": 0.1666, "name": "nan_GQ_002_" },
					{ "time": 0.2, "name": null },
					{ "time": 2.0666, "name": null },
					{ "time": 2.2333, "name": null },
					{ "time": 2.2666, "name": "nan_GQ_002_" },
					{ "time": 2.3333, "name": "nan_GQ_002_" },
					{ "time": 2.3666, "name": null }
				]
			},
			"nan_GQ_003_": {
				"attachment": [
					{ "time": 0, "name": null },
					{ "time": 0.1666, "name": null },
					{ "time": 0.2, "name": "nan_GQ_003_" },
					{ "time": 0.2333, "name": "nan_GQ_003_" },
					{ "time": 0.2666, "name": null },
					{ "time": 2.0666, "name": null },
					{ "time": 2.3333, "name": null },
					{ "time": 2.3666, "name": "nan_GQ_003_" },
					{ "time": 2.4333, "name": "nan_GQ_003_" },
					{ "time": 2.5, "name": null }
				]
			},
			"nan_GQ_004_": {
				"attachment": [
					{ "time": 0, "name": null },
					{ "time": 0.2333, "name": null },
					{ "time": 0.2666, "name": "nan_GQ_004_" },
					{ "time": 0.3, "name": "nan_GQ_004_" },
					{ "time": 0.3333, "name": null },
					{ "time": 2.0666, "name": null },
					{ "time": 2.4333, "name": null },
					{ "time": 2.5, "name": "nan_GQ_004_" },
					{ "time": 2.5333, "name": "nan_GQ_004_" },
					{ "time": 2.6, "name": null }
				]
			},
			"nan_GQ_005_": {
				"attachment": [
					{ "time": 0, "name": null },
					{ "time": 0.3, "name": null },
					{ "time": 0.3333, "name": "nan_GQ_005_" },
					{ "time": 0.3666, "name": "nan_GQ_005_" },
					{ "time": 0.4, "name": null },
					{ "time": 2.0666, "name": null },
					{ "time": 2.5333, "name": null },
					{ "time": 2.6, "name": "nan_GQ_005_" },
					{ "time": 2.6333, "name": "nan_GQ_005_" },
					{ "time": 2.7, "name": null }
				]
			},
			"nan_GQ_006_": {
				"attachment": [
					{ "time": 0, "name": null },
					{ "time": 0.3666, "name": null },
					{ "time": 0.4, "name": "nan_GQ_006_" },
					{ "time": 0.4333, "name": "nan_GQ_006_" },
					{ "time": 0.4666, "name": null },
					{ "time": 2.0666, "name": null },
					{ "time": 2.6333, "name": null },
					{ "time": 2.7, "name": "nan_GQ_006_" },
					{ "time": 2.7666, "name": "nan_GQ_006_" },
					{ "time": 2.8, "name": null }
				]
			},
			"nan_GQ_007_": {
				"attachment": [
					{ "time": 0, "name": null },
					{ "time": 0.4333, "name": null },
					{ "time": 0.4666, "name": "nan_GQ_007_" },
					{ "time": 0.5, "name": "nan_GQ_007_" },
					{ "time": 0.5333, "name": null },
					{ "time": 2.0666, "name": null },
					{ "time": 2.7666, "name": null },
					{ "time": 2.8, "name": "nan_GQ_007_" },
					{ "time": 2.8666, "name": "nan_GQ_007_" },
					{ "time": 2.9, "name": null }
				]
			},
			"nan_GQ_008_": {
				"attachment": [
					{ "time": 0, "name": null },
					{ "time": 0.5, "name": null },
					{ "time": 0.5333, "name": "nan_GQ_008_" },
					{ "time": 0.5666, "name": "nan_GQ_008_" },
					{ "time": 0.6, "name": null },
					{ "time": 2.0666, "name": null },
					{ "time": 2.8666, "name": null },
					{ "time": 2.9, "name": "nan_GQ_008_" },
					{ "time": 2.9666, "name": "nan_GQ_008_" },
					{ "time": 3, "name": null }
				]
			},
			"nan_GQ_009_": {
				"attachment": [
					{ "time": 0, "name": null },
					{ "time": 0.5666, "name": null },
					{ "time": 0.6, "name": "nan_GQ_009_" },
					{ "time": 0.6333, "name": "nan_GQ_009_" },
					{ "time": 0.6666, "name": null },
					{ "time": 2.0666, "name": null },
					{ "time": 2.9666, "name": null },
					{ "time": 3, "name": "nan_GQ_009_" },
					{ "time": 3.0666, "name": "nan_GQ_009_" },
					{ "time": 3.1333, "name": null }
				]
			},
			"nan_GQ_010_": {
				"attachment": [
					{ "time": 0, "name": null },
					{ "time": 0.6333, "name": null },
					{ "time": 0.6666, "name": "nan_GQ_010_" },
					{ "time": 0.7, "name": "nan_GQ_010_" },
					{ "time": 0.7333, "name": null },
					{ "time": 2.0666, "name": null },
					{ "time": 3.0666, "name": null },
					{ "time": 3.1333, "name": "nan_GQ_010_" },
					{ "time": 3.1666, "name": "nan_GQ_010_" },
					{ "time": 3.2333, "name": null }
				]
			},
			"nan_GQ_011_": {
				"attachment": [
					{ "time": 0, "name": null },
					{ "time": 0.7, "name": null },
					{ "time": 0.7333, "name": "nan_GQ_011_" },
					{ "time": 0.7666, "name": "nan_GQ_011_" },
					{ "time": 0.8, "name": null },
					{ "time": 2.0666, "name": null },
					{ "time": 3.1666, "name": null },
					{ "time": 3.2333, "name": "nan_GQ_011_" },
					{ "time": 3.2666, "name": "nan_GQ_011_" },
					{ "time": 3.3333, "name": null }
				]
			},
			"nan_GQ_012_": {
				"attachment": [
					{ "time": 0, "name": null },
					{ "time": 0.7666, "name": null },
					{ "time": 0.8, "name": "nan_GQ_012_" },
					{ "time": 0.8333, "name": "nan_GQ_012_" },
					{ "time": 0.8666, "name": null },
					{ "time": 2.0666, "name": null },
					{ "time": 3.2666, "name": null },
					{ "time": 3.3333, "name": "nan_GQ_012_" },
					{ "time": 3.3666, "name": "nan_GQ_012_" },
					{ "time": 3.4333, "name": null }
				]
			},
			"nan_GQ_013_": {
				"attachment": [
					{ "time": 0, "name": null },
					{ "time": 0.8333, "name": null },
					{ "time": 0.8666, "name": "nan_GQ_013_" },
					{ "time": 0.9, "name": "nan_GQ_013_" },
					{ "time": 0.9333, "name": null },
					{ "time": 2.0666, "name": null },
					{ "time": 3.3666, "name": null },
					{ "time": 3.4333, "name": "nan_GQ_013_" },
					{ "time": 3.5, "name": "nan_GQ_013_" },
					{ "time": 3.5333, "name": null }
				]
			},
			"nan_GQ_014_": {
				"attachment": [
					{ "time": 0, "name": null },
					{ "time": 0.9, "name": null },
					{ "time": 0.9333, "name": "nan_GQ_014_" },
					{ "time": 0.9666, "name": "nan_GQ_014_" },
					{ "time": 1, "name": null },
					{ "time": 2.0666, "name": null },
					{ "time": 3.5, "name": null },
					{ "time": 3.5333, "name": "nan_GQ_014_" },
					{ "time": 3.6, "name": "nan_GQ_014_" },
					{ "time": 3.6333, "name": null }
				]
			},
			"nan_GQ_015_": {
				"attachment": [
					{ "time": 0, "name": null },
					{ "time": 0.9666, "name": null },
					{ "time": 1, "name": "nan_GQ_015_" },
					{ "time": 1.0333, "name": "nan_GQ_015_" },
					{ "time": 1.0666, "name": null },
					{ "time": 2.0666, "name": null },
					{ "time": 3.6, "name": null },
					{ "time": 3.6333, "name": "nan_GQ_015_" },
					{ "time": 3.7, "name": "nan_GQ_015_" },
					{ "time": 3.7666, "name": null }
				]
			},
			"nan_GQ_016_": {
				"attachment": [
					{ "time": 0, "name": null },
					{ "time": 1.0333, "name": null },
					{ "time": 1.0666, "name": "nan_GQ_016_" },
					{ "time": 1.1, "name": "nan_GQ_016_" },
					{ "time": 1.1333, "name": null },
					{ "time": 2.0666, "name": null },
					{ "time": 3.7, "name": null },
					{ "time": 3.7666, "name": "nan_GQ_016_" },
					{ "time": 3.8, "name": "nan_GQ_016_" },
					{ "time": 3.8666, "name": null },
					{ "time": 5.3333, "name": null }
				]
			},
			"nan_GQ_017_": {
				"attachment": [
					{ "time": 0, "name": null },
					{ "time": 1.1, "name": null },
					{ "time": 1.1333, "name": "nan_GQ_017_" },
					{ "time": 1.1666, "name": "nan_GQ_017_" },
					{ "time": 1.2, "name": null },
					{ "time": 2.0666, "name": null },
					{ "time": 3.8, "name": null },
					{ "time": 3.8666, "name": "nan_GQ_017_" },
					{ "time": 3.9, "name": "nan_GQ_017_" },
					{ "time": 3.9666, "name": null },
					{ "time": 5.3333, "name": null }
				]
			},
			"nan_GQ_018_": {
				"attachment": [
					{ "time": 0, "name": null },
					{ "time": 1.1666, "name": null },
					{ "time": 1.2, "name": "nan_GQ_018_" },
					{ "time": 1.2333, "name": "nan_GQ_018_" },
					{ "time": 1.2666, "name": null },
					{ "time": 2.0666, "name": null },
					{ "time": 3.9, "name": null },
					{ "time": 3.9666, "name": "nan_GQ_018_" },
					{ "time": 4, "name": "nan_GQ_018_" },
					{ "time": 4.0666, "name": null },
					{ "time": 5.3333, "name": null }
				]
			},
			"nan_GQ_019_": {
				"attachment": [
					{ "time": 0, "name": null },
					{ "time": 1.2333, "name": null },
					{ "time": 1.2666, "name": "nan_GQ_019_" },
					{ "time": 1.3, "name": "nan_GQ_019_" },
					{ "time": 1.3333, "name": null },
					{ "time": 2.0666, "name": null },
					{ "time": 4, "name": null },
					{ "time": 4.0666, "name": "nan_GQ_019_" },
					{ "time": 4.1333, "name": "nan_GQ_019_" },
					{ "time": 4.1666, "name": null },
					{ "time": 5.3333, "name": null }
				]
			},
			"nan_GQ_020_": {
				"attachment": [
					{ "time": 0, "name": null },
					{ "time": 1.3, "name": null },
					{ "time": 1.3333, "name": "nan_GQ_020_" },
					{ "time": 1.3666, "name": "nan_GQ_020_" },
					{ "time": 1.4, "name": null },
					{ "time": 2.0666, "name": null },
					{ "time": 4.1333, "name": null },
					{ "time": 4.1666, "name": "nan_GQ_020_" },
					{ "time": 4.2333, "name": "nan_GQ_020_" },
					{ "time": 4.2666, "name": null },
					{ "time": 5.3333, "name": null }
				]
			},
			"nan_GQ_021_": {
				"attachment": [
					{ "time": 0, "name": null },
					{ "time": 1.3666, "name": null },
					{ "time": 1.4, "name": "nan_GQ_021_" },
					{ "time": 1.4333, "name": "nan_GQ_021_" },
					{ "time": 1.4666, "name": null },
					{ "time": 2.0666, "name": null },
					{ "time": 4.2333, "name": null },
					{ "time": 4.2666, "name": "nan_GQ_021_" },
					{ "time": 4.3333, "name": "nan_GQ_021_" },
					{ "time": 4.4, "name": null },
					{ "time": 5.3333, "name": null }
				]
			},
			"nan_GQ_022_": {
				"attachment": [
					{ "time": 0, "name": null },
					{ "time": 1.4333, "name": null },
					{ "time": 1.4666, "name": "nan_GQ_022_" },
					{ "time": 1.5, "name": "nan_GQ_022_" },
					{ "time": 1.5333, "name": null },
					{ "time": 2.0666, "name": null },
					{ "time": 4.3333, "name": null },
					{ "time": 4.4, "name": "nan_GQ_022_" },
					{ "time": 4.4333, "name": "nan_GQ_022_" },
					{ "time": 4.5, "name": null },
					{ "time": 5.3333, "name": null }
				]
			},
			"nan_GQ_023_": {
				"attachment": [
					{ "time": 0, "name": null },
					{ "time": 1.5, "name": null },
					{ "time": 1.5333, "name": "nan_GQ_023_" },
					{ "time": 1.5666, "name": "nan_GQ_023_" },
					{ "time": 1.6, "name": null },
					{ "time": 2.0666, "name": null },
					{ "time": 4.4333, "name": null },
					{ "time": 4.5, "name": "nan_GQ_023_" },
					{ "time": 4.5333, "name": "nan_GQ_023_" },
					{ "time": 4.6, "name": null },
					{ "time": 5.3333, "name": null }
				]
			},
			"nan_GQ_024_": {
				"attachment": [
					{ "time": 0, "name": null },
					{ "time": 1.5666, "name": null },
					{ "time": 1.6, "name": "nan_GQ_024_" },
					{ "time": 1.6333, "name": "nan_GQ_024_" },
					{ "time": 1.6666, "name": null },
					{ "time": 2.0666, "name": null },
					{ "time": 4.5333, "name": null },
					{ "time": 4.6, "name": "nan_GQ_024_" },
					{ "time": 4.6333, "name": "nan_GQ_024_" },
					{ "time": 4.7, "name": null },
					{ "time": 5.3333, "name": null }
				]
			},
			"nan_GQ_025_": {
				"attachment": [
					{ "time": 0, "name": null },
					{ "time": 1.6333, "name": null },
					{ "time": 1.6666, "name": "nan_GQ_025_" },
					{ "time": 1.7, "name": "nan_GQ_025_" },
					{ "time": 1.7333, "name": null },
					{ "time": 2.0666, "name": null },
					{ "time": 4.6333, "name": null },
					{ "time": 4.7, "name": "nan_GQ_025_" },
					{ "time": 4.7666, "name": "nan_GQ_025_" },
					{ "time": 4.8, "name": null },
					{ "time": 5.3333, "name": null }
				]
			},
			"nan_GQ_026_": {
				"attachment": [
					{ "time": 0, "name": null },
					{ "time": 1.7, "name": null },
					{ "time": 1.7333, "name": "nan_GQ_026_" },
					{ "time": 1.7666, "name": "nan_GQ_026_" },
					{ "time": 1.8, "name": null },
					{ "time": 2.0666, "name": null },
					{ "time": 4.7666, "name": null },
					{ "time": 4.8, "name": "nan_GQ_026_" },
					{ "time": 4.8666, "name": "nan_GQ_026_" },
					{ "time": 4.9, "name": null },
					{ "time": 5.3333, "name": null }
				]
			},
			"nan_GQ_027_": {
				"attachment": [
					{ "time": 0, "name": null },
					{ "time": 1.7666, "name": null },
					{ "time": 1.8, "name": "nan_GQ_027_" },
					{ "time": 1.8333, "name": "nan_GQ_027_" },
					{ "time": 1.8666, "name": null },
					{ "time": 2.0666, "name": null },
					{ "time": 4.8666, "name": null },
					{ "time": 4.9, "name": "nan_GQ_027_" },
					{ "time": 4.9666, "name": "nan_GQ_027_" },
					{ "time": 5, "name": null },
					{ "time": 5.3333, "name": null }
				]
			},
			"nan_GQ_028_": {
				"attachment": [
					{ "time": 0, "name": null },
					{ "time": 1.8333, "name": null },
					{ "time": 1.8666, "name": "nan_GQ_028_" },
					{ "time": 1.9, "name": "nan_GQ_028_" },
					{ "time": 1.9333, "name": null },
					{ "time": 2.0666, "name": null },
					{ "time": 4.9666, "name": null },
					{ "time": 5, "name": "nan_GQ_028_" },
					{ "time": 5.0666, "name": "nan_GQ_028_" },
					{ "time": 5.1333, "name": null },
					{ "time": 5.3333, "name": null }
				]
			},
			"nan_GQ_029_": {
				"attachment": [
					{ "time": 0, "name": null },
					{ "time": 1.9, "name": null },
					{ "time": 1.9333, "name": "nan_GQ_029_" },
					{ "time": 1.9666, "name": "nan_GQ_029_" },
					{ "time": 2, "name": null },
					{ "time": 2.0666, "name": null },
					{ "time": 5.0666, "name": null },
					{ "time": 5.1333, "name": "nan_GQ_029_" },
					{ "time": 5.1666, "name": "nan_GQ_029_" },
					{ "time": 5.2333, "name": null },
					{ "time": 5.3333, "name": null }
				]
			},
			"nan_GQ_030_": {
				"attachment": [
					{ "time": 0, "name": null },
					{ "time": 1.9666, "name": null },
					{ "time": 2, "name": "nan_GQ_030_" },
					{ "time": 2.0333, "name": "nan_GQ_030_" },
					{ "time": 2.0666, "name": null },
					{ "time": 5.1666, "name": null },
					{ "time": 5.2333, "name": "nan_GQ_030_" },
					{ "time": 5.2666, "name": "nan_GQ_030_" },
					{ "time": 5.3333, "name": null }
				]
			},
			"root": {
				"attachment": [
					{ "time": 0, "name": "yz_0_" }
				]
			},
			"xiuxian_0000_": {
				"attachment": [
					{ "time": 0, "name": null },
					{ "time": 2.6, "name": null },
					{ "time": 2.6333, "name": "xiuxian_0000_" },
					{ "time": 2.7, "name": null }
				]
			},
			"xiuxian_0001_": {
				"attachment": [
					{ "time": 0, "name": null },
					{ "time": 2.6333, "name": null },
					{ "time": 2.7, "name": "xiuxian_0001_" },
					{ "time": 2.7333, "name": null }
				]
			},
			"xiuxian_0002_": {
				"attachment": [
					{ "time": 0, "name": null },
					{ "time": 2.7, "name": null },
					{ "time": 2.7333, "name": "xiuxian_0002_" },
					{ "time": 2.8, "name": null }
				]
			},
			"xiuxian_0003_": {
				"attachment": [
					{ "time": 0, "name": null },
					{ "time": 2.7333, "name": null },
					{ "time": 2.8, "name": "xiuxian_0003_" },
					{ "time": 2.8333, "name": null }
				]
			},
			"xiuxian_0004_": {
				"attachment": [
					{ "time": 0, "name": null },
					{ "time": 2.8, "name": null },
					{ "time": 2.8333, "name": "xiuxian_0004_" },
					{ "time": 2.9, "name": null }
				]
			},
			"xiuxian_0005_": {
				"attachment": [
					{ "time": 0, "name": null },
					{ "time": 2.8333, "name": null },
					{ "time": 2.9, "name": "xiuxian_0005_" },
					{ "time": 2.9333, "name": null }
				]
			},
			"xiuxian_0006_": {
				"attachment": [
					{ "time": 0, "name": null },
					{ "time": 2.9, "name": null },
					{ "time": 2.9333, "name": "xiuxian_0006_" },
					{ "time": 2.9666, "name": null }
				]
			},
			"xiuxian_0007_": {
				"attachment": [
					{ "time": 0, "name": null },
					{ "time": 2.9333, "name": null },
					{ "time": 2.9666, "name": "xiuxian_0007_" },
					{ "time": 3.0333, "name": null }
				]
			},
			"xiuxian_0008_": {
				"attachment": [
					{ "time": 0, "name": null },
					{ "time": 2.9666, "name": null },
					{ "time": 3.0333, "name": "xiuxian_0008_" },
					{ "time": 3.0666, "name": null }
				]
			},
			"xiuxian_0009_": {
				"attachment": [
					{ "time": 0, "name": null },
					{ "time": 3.0333, "name": null },
					{ "time": 3.0666, "name": "xiuxian_0009_" },
					{ "time": 3.1333, "name": null }
				]
			},
			"xiuxian_0010_": {
				"attachment": [
					{ "time": 0, "name": null },
					{ "time": 3.0666, "name": null },
					{ "time": 3.1333, "name": "xiuxian_0010_" },
					{ "time": 3.1666, "name": null }
				]
			},
			"xiuxian_0011_": {
				"attachment": [
					{ "time": 0, "name": null },
					{ "time": 3.1333, "name": null },
					{ "time": 3.1666, "name": "xiuxian_0011_" },
					{ "time": 3.2, "name": null }
				]
			},
			"xiuxian_0012_": {
				"attachment": [
					{ "time": 0, "name": null },
					{ "time": 3.1666, "name": null },
					{ "time": 3.2, "name": "xiuxian_0012_" },
					{ "time": 3.2666, "name": null }
				]
			},
			"xiuxian_0013_": {
				"attachment": [
					{ "time": 0, "name": null },
					{ "time": 3.2, "name": null },
					{ "time": 3.2666, "name": "xiuxian_0013_" },
					{ "time": 3.3, "name": null }
				]
			},
			"xiuxian_0014_": {
				"attachment": [
					{ "time": 0, "name": null },
					{ "time": 3.2666, "name": null },
					{ "time": 3.3, "name": "xiuxian_0014_" },
					{ "time": 3.3666, "name": null }
				]
			},
			"xiuxian_0015_": {
				"attachment": [
					{ "time": 0, "name": null },
					{ "time": 3.3, "name": null },
					{ "time": 3.3666, "name": "xiuxian_0015_" },
					{ "time": 3.4, "name": null }
				]
			},
			"xiuxian_0016_": {
				"attachment": [
					{ "time": 0, "name": null },
					{ "time": 3.3666, "name": null },
					{ "time": 3.4, "name": "xiuxian_0016_" },
					{ "time": 3.4666, "name": null }
				]
			},
			"xiuxian_0017_": {
				"attachment": [
					{ "time": 0, "name": null },
					{ "time": 3.4, "name": null },
					{ "time": 3.4666, "name": "xiuxian_0017_" },
					{ "time": 3.5, "name": null }
				]
			},
			"xiuxian_0018_": {
				"attachment": [
					{ "time": 0, "name": null },
					{ "time": 3.4666, "name": null },
					{ "time": 3.5, "name": "xiuxian_0018_" },
					{ "time": 3.5333, "name": null }
				]
			},
			"xiuxian_0019_": {
				"attachment": [
					{ "time": 0, "name": null },
					{ "time": 3.5, "name": null },
					{ "time": 3.5333, "name": "xiuxian_0019_" },
					{ "time": 3.6, "name": null }
				]
			},
			"xiuxian_0020_": {
				"attachment": [
					{ "time": 0, "name": null },
					{ "time": 3.5333, "name": null },
					{ "time": 3.6, "name": "xiuxian_0020_" },
					{ "time": 3.6333, "name": null }
				]
			},
			"xiuxian_0021_": {
				"attachment": [
					{ "time": 0, "name": null },
					{ "time": 3.6, "name": null },
					{ "time": 3.6333, "name": "xiuxian_0021_" },
					{ "time": 3.7, "name": null }
				]
			},
			"xiuxian_0022_": {
				"attachment": [
					{ "time": 0, "name": null },
					{ "time": 3.6333, "name": null },
					{ "time": 3.7, "name": "xiuxian_0022_" },
					{ "time": 3.7333, "name": null }
				]
			},
			"xiuxian_0023_": {
				"attachment": [
					{ "time": 0, "name": null },
					{ "time": 3.7, "name": null },
					{ "time": 3.7333, "name": "xiuxian_0023_" },
					{ "time": 3.7666, "name": null }
				]
			},
			"xiuxian_0024_": {
				"attachment": [
					{ "time": 0, "name": null },
					{ "time": 3.7333, "name": null },
					{ "time": 3.7666, "name": "xiuxian_0024_" },
					{ "time": 3.8, "name": null }
				]
			},
			"xiuxian_0025_": {
				"attachment": [
					{ "time": 0, "name": null },
					{ "time": 3.7666, "name": null },
					{ "time": 3.8, "name": "xiuxian_0025_" },
					{ "time": 3.8666, "name": null }
				]
			},
			"xiuxian_0026_": {
				"attachment": [
					{ "time": 0, "name": null },
					{ "time": 3.8, "name": null },
					{ "time": 3.8666, "name": "xiuxian_0026_" },
					{ "time": 3.9, "name": null }
				]
			},
			"xiuxian_0027_": {
				"attachment": [
					{ "time": 0, "name": null },
					{ "time": 3.8666, "name": null },
					{ "time": 3.9, "name": "xiuxian_0027_" },
					{ "time": 3.9666, "name": null }
				]
			},
			"xiuxian_0028_": {
				"attachment": [
					{ "time": 0, "name": null },
					{ "time": 3.9, "name": null },
					{ "time": 3.9666, "name": "xiuxian_0028_" },
					{ "time": 4, "name": null }
				]
			},
			"xiuxian_0029_": {
				"attachment": [
					{ "time": 0, "name": null },
					{ "time": 3.9666, "name": null },
					{ "time": 4, "name": "xiuxian_0029_" },
					{ "time": 4.0333, "name": null }
				]
			},
			"xiuxian_0030_": {
				"attachment": [
					{ "time": 0, "name": null },
					{ "time": 4, "name": null },
					{ "time": 4.0333, "name": "xiuxian_0030_" },
					{ "time": 4.1, "name": null }
				]
			},
			"xiuxian_0031_": {
				"attachment": [
					{ "time": 0, "name": null },
					{ "time": 4.0333, "name": null },
					{ "time": 4.1, "name": "xiuxian_0031_" },
					{ "time": 4.1333, "name": null }
				]
			},
			"xiuxian_0032_": {
				"attachment": [
					{ "time": 0, "name": null },
					{ "time": 4.1, "name": null },
					{ "time": 4.1333, "name": "xiuxian_0032_" },
					{ "time": 4.2, "name": null }
				]
			},
			"xiuxian_0033_": {
				"attachment": [
					{ "time": 0, "name": null },
					{ "time": 4.1333, "name": null },
					{ "time": 4.2, "name": "xiuxian_0033_" },
					{ "time": 4.2333, "name": null }
				]
			},
			"xiuxian_0034_": {
				"attachment": [
					{ "time": 0, "name": null },
					{ "time": 4.2, "name": null },
					{ "time": 4.2333, "name": "xiuxian_0034_" },
					{ "time": 4.2666, "name": null }
				]
			},
			"xiuxian_0035_": {
				"attachment": [
					{ "time": 0, "name": null },
					{ "time": 4.2333, "name": null },
					{ "time": 4.2666, "name": "xiuxian_0035_" },
					{ "time": 4.3333, "name": null }
				]
			},
			"xiuxian_0036_": {
				"attachment": [
					{ "time": 0, "name": null },
					{ "time": 4.2666, "name": null },
					{ "time": 4.3333, "name": "xiuxian_0036_" },
					{ "time": 4.3666, "name": null }
				]
			},
			"xiuxian_0037_": {
				"attachment": [
					{ "time": 0, "name": null },
					{ "time": 4.3333, "name": null },
					{ "time": 4.3666, "name": "xiuxian_0037_" },
					{ "time": 4.4333, "name": null }
				]
			},
			"xiuxian_0038_": {
				"attachment": [
					{ "time": 0, "name": null },
					{ "time": 4.3666, "name": null },
					{ "time": 4.4333, "name": "xiuxian_0038_" },
					{ "time": 4.4666, "name": null }
				]
			},
			"xiuxian_0039_": {
				"attachment": [
					{ "time": 0, "name": null },
					{ "time": 4.4333, "name": null },
					{ "time": 4.4666, "name": "xiuxian_0039_" },
					{ "time": 4.5333, "name": null }
				]
			},
			"xiuxian_0040_": {
				"attachment": [
					{ "time": 0, "name": null },
					{ "time": 4.4666, "name": null },
					{ "time": 4.5333, "name": "xiuxian_0040_" },
					{ "time": 4.5666, "name": null }
				]
			},
			"xiuxian_0041_": {
				"attachment": [
					{ "time": 0, "name": null },
					{ "time": 4.5333, "name": null },
					{ "time": 4.5666, "name": "xiuxian_0041_" },
					{ "time": 4.6, "name": null }
				]
			},
			"xiuxian_0042_": {
				"attachment": [
					{ "time": 0, "name": null },
					{ "time": 4.5666, "name": null },
					{ "time": 4.6, "name": "xiuxian_0042_" },
					{ "time": 4.6666, "name": null }
				]
			},
			"xiuxian_0043_": {
				"attachment": [
					{ "time": 0, "name": null },
					{ "time": 4.6, "name": null },
					{ "time": 4.6666, "name": "xiuxian_0043_" },
					{ "time": 4.7, "name": null }
				]
			},
			"xiuxian_0044_": {
				"attachment": [
					{ "time": 0, "name": null },
					{ "time": 4.6666, "name": null },
					{ "time": 4.7, "name": "xiuxian_0044_" },
					{ "time": 4.7666, "name": null }
				]
			},
			"xiuxian_0045_": {
				"attachment": [
					{ "time": 0, "name": null },
					{ "time": 4.7, "name": null },
					{ "time": 4.7666, "name": "xiuxian_0045_" },
					{ "time": 4.8, "name": null }
				]
			},
			"xiuxian_0046_": {
				"attachment": [
					{ "time": 0, "name": null },
					{ "time": 4.7666, "name": null },
					{ "time": 4.8, "name": "xiuxian_0046_" },
					{ "time": 4.8333, "name": null }
				]
			},
			"xiuxian_0047_": {
				"attachment": [
					{ "time": 0, "name": null },
					{ "time": 4.8, "name": null },
					{ "time": 4.8333, "name": "xiuxian_0047_" },
					{ "time": 4.9, "name": null }
				]
			},
			"xiuxian_0048_": {
				"attachment": [
					{ "time": 0, "name": null },
					{ "time": 4.8333, "name": null },
					{ "time": 4.9, "name": "xiuxian_0048_" },
					{ "time": 4.9333, "name": null }
				]
			},
			"xiuxian_0049_": {
				"attachment": [
					{ "time": 0, "name": null },
					{ "time": 4.9, "name": null },
					{ "time": 4.9333, "name": "xiuxian_0049_" },
					{ "time": 5, "name": null }
				]
			},
			"xiuxian_0050_": {
				"attachment": [
					{ "time": 0, "name": null },
					{ "time": 4.9333, "name": null },
					{ "time": 5, "name": "xiuxian_0050_" },
					{ "time": 5.0333, "name": null }
				]
			},
			"xiuxian_0051_": {
				"attachment": [
					{ "time": 0, "name": null },
					{ "time": 5, "name": null },
					{ "time": 5.0333, "name": "xiuxian_0051_" },
					{ "time": 5.1, "name": null }
				]
			},
			"xiuxian_0052_": {
				"attachment": [
					{ "time": 0, "name": null },
					{ "time": 5.0333, "name": null },
					{ "time": 5.1, "name": "xiuxian_0052_" },
					{ "time": 5.1333, "name": null }
				]
			},
			"xiuxian_0053_": {
				"attachment": [
					{ "time": 0, "name": null },
					{ "time": 5.1, "name": null },
					{ "time": 5.1333, "name": "xiuxian_0053_" },
					{ "time": 5.1666, "name": null }
				]
			},
			"xiuxian_0054_": {
				"attachment": [
					{ "time": 0, "name": null },
					{ "time": 5.1333, "name": null },
					{ "time": 5.1666, "name": "xiuxian_0054_" },
					{ "time": 5.2333, "name": null }
				]
			},
			"xiuxian_0055_": {
				"attachment": [
					{ "time": 0, "name": null },
					{ "time": 5.1666, "name": null },
					{ "time": 5.2333, "name": "xiuxian_0055_" },
					{ "time": 5.2666, "name": null }
				]
			},
			"xiuxian_0056_": {
				"attachment": [
					{ "time": 0, "name": null },
					{ "time": 5.2333, "name": null },
					{ "time": 5.2666, "name": "xiuxian_0056_" },
					{ "time": 5.3333, "name": null }
				]
			}
		}
	}
}
}