{
"skeleton": { "hash": "E/NqVGmYja63oSvge15znOfG6uE", "spine": "2.1.27", "width": 85, "height": 61.34 },
"bones": [
	{ "name": "root" },
	{ "name": "bone", "parent": "root", "y": -60 },
	{ "name": "bone2", "parent": "root", "x": -0.35, "y": 1.79, "scaleY": 0.721 },
	{ "name": "bone3", "parent": "root", "length": 66.91, "x": 24.57, "y": -0.84, "rotation": 0.45 },
	{ "name": "tx", "parent": "root", "y": -25.53 }
],
"slots": [
	{ "name": "hj_yingzi_0_2", "bone": "bone2", "attachment": "hj_yingzi_0_" },
	{ "name": "HJB_dj_00_", "bone": "bone" },
	{ "name": "HJB_gj_00_.png", "bone": "bone" },
	{ "name": "HJB_gjtx_01_2", "bone": "tx" },
	{ "name": "siwang_0_2", "bone": "bone3" },
	{ "name": "HJB_xx_01_2", "bone": "bone" }
],
"skins": {
	"default": {
		"HJB_dj_00_": {
			"HJB_dj_00_": { "y": 60, "width": 149, "height": 154 },
			"HJB_dj_08_": { "y": 60, "width": 149, "height": 154 },
			"HJB_dj_16_": { "y": 60, "width": 149, "height": 154 },
			"HJB_dj_24_": { "y": 60, "width": 149, "height": 154 },
			"HJB_dj_32_": { "y": 60, "width": 149, "height": 154 },
			"HJB_dj_40_": { "y": 60, "width": 149, "height": 154 },
			"HJB_dj_48_": { "y": 60, "width": 149, "height": 154 },
			"HJB_dj_56_": { "y": 60, "width": 149, "height": 154 }
		},
		"HJB_gj_00_.png": {
			"HJB_gj_00_": { "y": 60, "width": 149, "height": 154 },
			"HJB_gj_04_": { "y": 60, "width": 149, "height": 154 },
			"HJB_gj_08_": { "y": 60, "width": 149, "height": 154 },
			"HJB_gj_12_": { "y": 60, "width": 149, "height": 154 },
			"HJB_gj_16_": { "y": 60, "width": 149, "height": 154 },
			"HJB_gj_20_": { "y": 60, "width": 149, "height": 154 },
			"HJB_gj_22_": { "y": 60, "width": 149, "height": 154 },
			"HJB_gj_24_": { "y": 60, "width": 149, "height": 154 },
			"HJB_gj_28_": { "y": 60, "width": 149, "height": 154 },
			"HJB_gj_32_": { "y": 60, "width": 149, "height": 154 },
			"HJB_gj_36_": { "y": 60, "width": 149, "height": 154 },
			"HJB_gj_40_": { "y": 60, "width": 149, "height": 154 }
		},
		"HJB_gjtx_01_2": {
			"HJB_gjtx_01_": { "y": 25.53, "width": 300, "height": 300 },
			"HJB_gjtx_02_": { "y": 25.53, "width": 300, "height": 300 },
			"HJB_gjtx_03_": { "y": 25.53, "width": 300, "height": 300 },
			"HJB_gjtx_04_": { "y": 25.53, "width": 300, "height": 300 },
			"HJB_gjtx_05_": { "y": 25.53, "width": 300, "height": 300 },
			"HJB_gjtx_06_": { "y": 25.53, "width": 300, "height": 300 },
			"HJB_gjtx_07_": { "y": 25.53, "width": 300, "height": 300 }
		},
		"hj_yingzi_0_2": {
			"hj_yingzi_0_": { "x": 0.9, "y": 1.66, "width": 85, "height": 85 }
		},
		"siwang_0_2": {
			"siwang_0_": { "x": 18.58, "y": 8.64, "rotation": -0.45, "width": 165, "height": 156 },
			"siwang_1_": { "x": 18.58, "y": 8.64, "rotation": -0.45, "width": 165, "height": 156 },
			"siwang_2_": { "x": 18.58, "y": 8.64, "rotation": -0.45, "width": 165, "height": 156 },
			"siwang_3_": { "x": 18.58, "y": 8.64, "rotation": -0.45, "width": 165, "height": 156 },
			"siwang_4_": { "x": 18.58, "y": 8.64, "rotation": -0.45, "width": 165, "height": 156 },
			"siwang_5_": { "x": 18.58, "y": 8.64, "rotation": -0.45, "width": 165, "height": 156 },
			"siwang_6_": { "x": 18.58, "y": 8.64, "rotation": -0.45, "width": 165, "height": 156 }
		}
	}
},
"animations": {
	"dj": {
		"slots": {
			"HJB_dj_00_": {
				"attachment": [
					{ "time": 0, "name": "HJB_dj_00_" },
					{ "time": 0.2333, "name": "HJB_dj_08_" },
					{ "time": 0.4333, "name": "HJB_dj_16_" },
					{ "time": 0.6666, "name": "HJB_dj_24_" },
					{ "time": 0.9, "name": "HJB_dj_32_" },
					{ "time": 1.1333, "name": "HJB_dj_40_" },
					{ "time": 1.3333, "name": "HJB_dj_48_" },
					{ "time": 1.5, "name": "HJB_dj_56_" },
					{ "time": 1.6666, "name": "HJB_dj_00_" }
				]
			}
		},
		"bones": {
			"bone": {
				"rotate": [
					{ "time": 0, "angle": 0 }
				],
				"translate": [
					{ "time": 0, "x": 0, "y": 60 }
				],
				"scale": [
					{ "time": 0, "x": 1, "y": 1 }
				]
			}
		}
	},
	"gj": {
		"slots": {
			"HJB_gj_00_.png": {
				"attachment": [
					{ "time": 0, "name": "HJB_gj_00_" },
					{ "time": 0.1, "name": "HJB_gj_04_" },
					{ "time": 0.2, "name": "HJB_gj_08_" },
					{ "time": 0.3, "name": "HJB_gj_12_" },
					{ "time": 0.4666, "name": "HJB_gj_16_" },
					{ "time": 0.6333, "name": "HJB_gj_20_" },
					{ "time": 0.7, "name": "HJB_gj_22_" },
					{ "time": 0.7666, "name": "HJB_gj_24_" },
					{ "time": 0.9333, "name": "HJB_gj_28_" },
					{ "time": 1.0666, "name": "HJB_gj_32_" },
					{ "time": 1.2333, "name": "HJB_gj_36_" },
					{ "time": 1.3333, "name": "HJB_gj_40_" },
					{ "time": 1.4333, "name": "HJB_gj_00_" }
				]
			},
			"HJB_gjtx_01_2": {
				"attachment": [
					{ "time": 0.6666, "name": "HJB_gjtx_01_" },
					{ "time": 0.7, "name": "HJB_gjtx_02_" },
					{ "time": 0.7666, "name": "HJB_gjtx_03_" },
					{ "time": 0.8666, "name": "HJB_gjtx_04_" },
					{ "time": 0.9666, "name": "HJB_gjtx_05_" },
					{ "time": 1.0333, "name": "HJB_gjtx_06_" },
					{ "time": 1.1333, "name": "HJB_gjtx_07_" },
					{ "time": 1.1666, "name": null }
				]
			}
		},
		"bones": {
			"bone": {
				"rotate": [
					{ "time": 0, "angle": 0 }
				],
				"translate": [
					{ "time": 0, "x": 0, "y": 60 }
				],
				"scale": [
					{ "time": 0, "x": 1, "y": 1 }
				]
			},
			"tx": {
				"rotate": [
					{ "time": 0, "angle": 0 }
				],
				"translate": [
					{ "time": 0, "x": 0, "y": 0 },
					{ "time": 0.6666, "x": 5.39, "y": 51.29, "curve": "stepped" },
					{ "time": 0.7, "x": 5.39, "y": 51.29 }
				],
				"scale": [
					{ "time": 0, "x": 1, "y": 1 }
				]
			}
		}
	},
	"sw": {
		"slots": {
			"HJB_gj_00_.png": {
				"attachment": [
					{ "time": 0, "name": "HJB_gj_00_" },
					{ "time": 0.1666, "name": null }
				],
				"color": [
					{ "time": 0, "color": "ffffffff" },
					{ "time": 0.1666, "color": "ffffff00" }
				]
			},
			"HJB_xx_01_2": {
				"attachment": [
					{ "time": 0.3333, "name": null }
				]
			},
			"hj_yingzi_0_2": {
				"color": [
					{ "time": 0, "color": "ffffffff" },
					{ "time": 0.1666, "color": "ffffff00" }
				]
			},
			"siwang_0_2": {
				"attachment": [
					{ "time": 0, "name": null },
					{ "time": 0.0666, "name": "siwang_0_" },
					{ "time": 0.1333, "name": "siwang_1_" },
					{ "time": 0.2, "name": "siwang_2_" },
					{ "time": 0.2666, "name": "siwang_3_" },
					{ "time": 0.3666, "name": "siwang_4_" },
					{ "time": 0.4333, "name": "siwang_5_" },
					{ "time": 0.5, "name": "siwang_6_" }
				]
			}
		},
		"bones": {
			"bone": {
				"rotate": [
					{ "time": 0, "angle": 0 }
				],
				"translate": [
					{ "time": 0, "x": 0, "y": 60 }
				],
				"scale": [
					{ "time": 0, "x": 1, "y": 1 }
				]
			},
			"tx": {
				"rotate": [
					{ "time": 0, "angle": 0 }
				],
				"translate": [
					{ "time": 0, "x": 0, "y": 0 }
				],
				"scale": [
					{ "time": 0, "x": 1, "y": 1 }
				]
			},
			"bone3": {
				"translate": [
					{ "time": 0, "x": -39.45, "y": 52.13, "curve": "stepped" },
					{ "time": 0.5, "x": -39.45, "y": 52.13 }
				]
			}
		}
	}
}
}