{"skeleton":{"hash":"fS5TK4F86AM7MMh3+YJN7B6N2Y0","spine":"3.7.94","width":0,"height":0,"images":"./images/","audio":""},"bones":[{"name":"root"},{"name":"attack_low_d","parent":"root","y":-300,"scaleX":1.39,"scaleY":1.39},{"name":"attack_low_up","parent":"root","y":300,"scaleX":1.39,"scaleY":1.39},{"name":"attack_low_shadow","parent":"root","scaleX":4,"scaleY":4},{"name":"attack_low_dilie","parent":"root","scaleX":2.5,"scaleY":2.5}],"slots":[{"name":"attack_low_shadow","bone":"attack_low_shadow"},{"name":"attack_low_dilie","bone":"attack_low_dilie"},{"name":"attack_low_up","bone":"attack_low_up"},{"name":"attack_low_d_000_","bone":"attack_low_d"}],"skins":{"default":{"attack_low_d_000_":{"attack_low_d_000_":{"width":864,"height":432},"attack_low_d_003_":{"width":864,"height":432},"attack_low_d_006_":{"width":864,"height":432},"attack_low_d_009_":{"width":864,"height":432},"attack_low_d_012_":{"width":864,"height":432},"attack_low_d_015_":{"width":864,"height":432},"attack_low_d_018_":{"width":864,"height":432},"attack_low_d_021_":{"width":864,"height":432},"attack_low_d_024_":{"width":864,"height":432},"attack_low_d_027_":{"width":864,"height":432},"attack_low_d_030_":{"width":864,"height":432},"attack_low_d_033_":{"width":864,"height":432},"attack_low_d_036_":{"width":864,"height":432},"attack_low_d_039_":{"width":864,"height":432},"attack_low_d_042_":{"width":864,"height":432},"attack_low_d_045_":{"width":864,"height":432},"attack_low_d_048_":{"width":864,"height":432},"attack_low_d_051_":{"width":864,"height":432},"attack_low_d_054_":{"width":864,"height":432},"attack_low_d_057_":{"width":864,"height":432},"attack_low_d_060_":{"width":864,"height":432},"attack_low_d_063_":{"width":864,"height":432},"attack_low_d_066_":{"width":864,"height":432},"attack_low_d_069_":{"width":864,"height":432},"attack_low_d_072_":{"width":864,"height":432},"attack_low_d_075_":{"width":864,"height":432},"attack_low_d_078_":{"width":864,"height":432},"attack_low_d_081_":{"width":864,"height":432},"attack_low_d_084_":{"width":864,"height":432},"attack_low_d_087_":{"width":864,"height":432}},"attack_low_shadow":{"attack_low_shadow_00_":{"width":300,"height":300},"attack_low_shadow_03_":{"width":300,"height":300},"attack_low_shadow_06_":{"width":300,"height":300},"attack_low_shadow_09_":{"width":300,"height":300},"attack_low_shadow_12_":{"width":300,"height":300},"attack_low_shadow_15_":{"width":300,"height":300},"attack_low_shadow_18_":{"width":300,"height":300},"attack_low_shadow_21_":{"width":300,"height":300},"attack_low_shadow_24_":{"width":300,"height":300},"attack_low_shadow_27_":{"width":300,"height":300},"attack_low_shadow_30_":{"width":300,"height":300},"attack_low_shadow_33_":{"width":300,"height":300},"attack_low_shadow_36_":{"width":300,"height":300},"attack_low_shadow_39_":{"width":300,"height":300},"attack_low_shadow_42_":{"width":300,"height":300},"attack_low_shadow_45_":{"width":300,"height":300},"attack_low_shadow_48_":{"width":300,"height":300},"attack_low_shadow_51_":{"width":300,"height":300},"attack_low_shadow_54_":{"width":300,"height":300},"attack_low_shadow_57_":{"width":300,"height":300},"attack_low_shadow_60_":{"width":300,"height":300},"attack_low_shadow_63_":{"width":300,"height":300},"attack_low_shadow_66_":{"width":300,"height":300},"attack_low_shadow_69_":{"width":300,"height":300},"attack_low_shadow_72_":{"width":300,"height":300},"attack_low_shadow_75_":{"width":300,"height":300},"attack_low_shadow_78_":{"width":300,"height":300},"attack_low_shadow_81_":{"width":300,"height":300},"attack_low_shadow_84_":{"width":300,"height":300},"attack_low_shadow_87_":{"width":300,"height":300}},"attack_low_up":{"attack_low_up_000_":{"width":864,"height":432},"attack_low_up_003_":{"width":864,"height":432},"attack_low_up_006_":{"width":864,"height":432},"attack_low_up_009_":{"width":864,"height":432},"attack_low_up_012_":{"width":864,"height":432},"attack_low_up_015_":{"width":864,"height":432},"attack_low_up_018_":{"width":864,"height":432},"attack_low_up_021_":{"width":864,"height":432},"attack_low_up_024_":{"width":864,"height":432},"attack_low_up_027_":{"width":864,"height":432},"attack_low_up_030_":{"width":864,"height":432},"attack_low_up_033_":{"width":864,"height":432},"attack_low_up_036_":{"width":864,"height":432},"attack_low_up_039_":{"width":864,"height":432},"attack_low_up_042_":{"width":864,"height":432},"attack_low_up_045_":{"width":864,"height":432},"attack_low_up_048_":{"width":864,"height":432},"attack_low_up_051_":{"width":864,"height":432},"attack_low_up_054_":{"width":864,"height":432},"attack_low_up_057_":{"width":864,"height":432},"attack_low_up_060_":{"width":864,"height":432},"attack_low_up_063_":{"width":864,"height":432},"attack_low_up_066_":{"width":864,"height":432},"attack_low_up_069_":{"width":864,"height":432},"attack_low_up_072_":{"width":864,"height":432},"attack_low_up_075_":{"width":864,"height":432},"attack_low_up_078_":{"width":864,"height":432},"attack_low_up_081_":{"width":864,"height":432},"attack_low_up_084_":{"width":864,"height":432},"attack_low_up_087_":{"width":864,"height":432}}}},"animations":{"animation":{"slots":{"attack_low_d_000_":{"attachment":[{"time":0,"name":"attack_low_d_000_"},{"time":0.1,"name":"attack_low_d_003_"},{"time":0.2,"name":"attack_low_d_006_"},{"time":0.3,"name":"attack_low_d_009_"},{"time":0.4,"name":"attack_low_d_012_"},{"time":0.5,"name":"attack_low_d_015_"},{"time":0.6,"name":"attack_low_d_018_"},{"time":0.7,"name":"attack_low_d_021_"},{"time":0.8,"name":"attack_low_d_024_"},{"time":0.9,"name":"attack_low_d_027_"},{"time":1,"name":"attack_low_d_030_"},{"time":1.1,"name":"attack_low_d_033_"},{"time":1.2,"name":"attack_low_d_036_"},{"time":1.3,"name":"attack_low_d_039_"},{"time":1.4,"name":"attack_low_d_042_"},{"time":1.5,"name":"attack_low_d_045_"},{"time":1.6,"name":"attack_low_d_048_"},{"time":1.7,"name":"attack_low_d_051_"},{"time":1.8,"name":"attack_low_d_054_"},{"time":1.9,"name":"attack_low_d_057_"},{"time":2,"name":"attack_low_d_060_"},{"time":2.1,"name":"attack_low_d_063_"},{"time":2.2,"name":"attack_low_d_066_"},{"time":2.3,"name":"attack_low_d_069_"},{"time":2.4,"name":"attack_low_d_072_"},{"time":2.5,"name":"attack_low_d_075_"},{"time":2.6,"name":"attack_low_d_078_"},{"time":2.7,"name":"attack_low_d_081_"},{"time":2.8,"name":"attack_low_d_084_"},{"time":2.9,"name":"attack_low_d_087_"},{"time":3,"name":null},{"time":4.9,"name":null}]},"attack_low_dilie":{"attachment":[{"time":4.9,"name":null}]},"attack_low_shadow":{"attachment":[{"time":0,"name":"attack_low_shadow_00_"},{"time":0.1,"name":"attack_low_shadow_03_"},{"time":0.2,"name":"attack_low_shadow_06_"},{"time":0.3,"name":"attack_low_shadow_09_"},{"time":0.4,"name":"attack_low_shadow_12_"},{"time":0.5,"name":"attack_low_shadow_15_"},{"time":0.6,"name":"attack_low_shadow_18_"},{"time":0.7,"name":"attack_low_shadow_21_"},{"time":0.8,"name":"attack_low_shadow_24_"},{"time":0.9,"name":"attack_low_shadow_27_"},{"time":1,"name":"attack_low_shadow_30_"},{"time":1.1,"name":"attack_low_shadow_33_"},{"time":1.2,"name":"attack_low_shadow_36_"},{"time":1.3,"name":"attack_low_shadow_39_"},{"time":1.4,"name":"attack_low_shadow_42_"},{"time":1.5,"name":"attack_low_shadow_45_"},{"time":1.6,"name":"attack_low_shadow_48_"},{"time":1.7,"name":"attack_low_shadow_51_"},{"time":1.8,"name":"attack_low_shadow_54_"},{"time":1.9,"name":"attack_low_shadow_57_"},{"time":2,"name":"attack_low_shadow_60_"},{"time":2.1,"name":"attack_low_shadow_63_"},{"time":2.2,"name":"attack_low_shadow_66_"},{"time":2.3,"name":"attack_low_shadow_69_"},{"time":2.4,"name":"attack_low_shadow_72_"},{"time":2.5,"name":"attack_low_shadow_75_"},{"time":2.6,"name":"attack_low_shadow_78_"},{"time":2.7,"name":"attack_low_shadow_81_"},{"time":2.8,"name":"attack_low_shadow_84_"},{"time":2.9,"name":"attack_low_shadow_87_"},{"time":3,"name":null},{"time":4.9,"name":null}]},"attack_low_up":{"attachment":[{"time":0,"name":"attack_low_up_000_"},{"time":0.1,"name":"attack_low_up_003_"},{"time":0.2,"name":"attack_low_up_006_"},{"time":0.3,"name":"attack_low_up_009_"},{"time":0.4,"name":"attack_low_up_012_"},{"time":0.5,"name":"attack_low_up_015_"},{"time":0.6,"name":"attack_low_up_018_"},{"time":0.7,"name":"attack_low_up_021_"},{"time":0.8,"name":"attack_low_up_024_"},{"time":0.9,"name":"attack_low_up_027_"},{"time":1,"name":"attack_low_up_030_"},{"time":1.1,"name":"attack_low_up_033_"},{"time":1.2,"name":"attack_low_up_036_"},{"time":1.3,"name":"attack_low_up_039_"},{"time":1.4,"name":"attack_low_up_042_"},{"time":1.5,"name":"attack_low_up_045_"},{"time":1.6,"name":"attack_low_up_048_"},{"time":1.7,"name":"attack_low_up_051_"},{"time":1.8,"name":"attack_low_up_054_"},{"time":1.9,"name":"attack_low_up_057_"},{"time":2,"name":"attack_low_up_060_"},{"time":2.1,"name":"attack_low_up_063_"},{"time":2.2,"name":"attack_low_up_066_"},{"time":2.3,"name":"attack_low_up_069_"},{"time":2.4,"name":"attack_low_up_072_"},{"time":2.5,"name":"attack_low_up_075_"},{"time":2.6,"name":"attack_low_up_078_"},{"time":2.7,"name":"attack_low_up_081_"},{"time":2.8,"name":"attack_low_up_084_"},{"time":2.9,"name":"attack_low_up_087_"},{"time":3,"name":null},{"time":4.9,"name":null}]}},"bones":{"attack_low_up":{"translate":[{"time":0,"x":50,"y":10}]},"attack_low_d":{"translate":[{"time":0,"x":50,"y":10}]},"attack_low_shadow":{"translate":[{"time":0,"x":50,"y":10}]},"attack_low_dilie":{"rotate":[{"time":0,"angle":-0.27}],"translate":[{"time":0,"x":230.49,"y":-170.72}]}}}}}