{"skeleton":{"hash":"1A1xyHOBn8XVsecXPEtVof0tfsg","spine":"3.7.94","width":0,"height":0,"images":"./images/","audio":""},"bones":[{"name":"root"},{"name":"dilie_xx","parent":"root","scaleX":2,"scaleY":2},{"name":"xx_low_up","parent":"root","y":300,"scaleX":1.39,"scaleY":1.39},{"name":"xx_low_shadow","parent":"root","scaleX":4,"scaleY":4},{"name":"xx_low_d","parent":"root","y":-300,"scaleX":1.39,"scaleY":1.39},{"name":"idle_low_shadow","parent":"root","scaleX":4,"scaleY":4},{"name":"idle_low","parent":"root","scaleX":1.39,"scaleY":1.39}],"slots":[{"name":"idle_low_shadow","bone":"idle_low_shadow"},{"name":"xx_low_shadow","bone":"xx_low_shadow"},{"name":"dilie_xx_00_","bone":"dilie_xx"},{"name":"xx_low_up","bone":"xx_low_up"},{"name":"xx_low_d","bone":"xx_low_d"},{"name":"idle_low","bone":"idle_low"}],"skins":{"default":{"dilie_xx_00_":{"dilie_xx_00_":{"width":240,"height":128},"dilie_xx_02_":{"width":240,"height":128},"dilie_xx_04_":{"width":240,"height":128},"dilie_xx_06_":{"width":240,"height":128},"dilie_xx_08_":{"width":240,"height":128},"dilie_xx_10_":{"width":240,"height":128},"dilie_xx_12_":{"width":240,"height":128},"dilie_xx_14_":{"width":240,"height":128},"dilie_xx_16_":{"width":240,"height":128},"dilie_xx_18_":{"width":240,"height":128},"dilie_xx_20_":{"width":240,"height":128},"dilie_xx_22_":{"width":240,"height":128},"dilie_xx_24_":{"width":240,"height":128},"dilie_xx_26_":{"width":240,"height":128},"dilie_xx_28_":{"width":240,"height":128},"dilie_xx_30_":{"width":240,"height":128},"dilie_xx_32_":{"width":240,"height":128},"dilie_xx_34_":{"width":240,"height":128},"dilie_xx_36_":{"width":240,"height":128},"dilie_xx_38_":{"width":240,"height":128},"dilie_xx_40_":{"width":240,"height":128},"dilie_xx_42_":{"width":240,"height":128},"dilie_xx_44_":{"width":240,"height":128},"dilie_xx_46_":{"width":240,"height":128},"dilie_xx_48_":{"width":240,"height":128},"dilie_xx_50_":{"width":240,"height":128},"dilie_xx_52_":{"width":240,"height":128},"dilie_xx_54_":{"width":240,"height":128},"dilie_xx_56_":{"width":240,"height":128},"dilie_xx_58_":{"width":240,"height":128},"dilie_xx_60_":{"width":240,"height":128}},"xx_low_d":{"xx_low_d_20_":{"width":864,"height":432},"xx_low_d_21_":{"width":864,"height":432},"xx_low_d_22_":{"width":864,"height":432},"xx_low_d_23_":{"width":864,"height":432},"xx_low_d_24_":{"width":864,"height":432},"xx_low_d_25_":{"width":864,"height":432},"xx_low_d_26_":{"width":864,"height":432},"xx_low_d_27_":{"width":864,"height":432},"xx_low_d_28_":{"width":864,"height":432},"xx_low_d_29_":{"width":864,"height":432},"xx_low_d_30_":{"width":864,"height":432},"xx_low_d_31_":{"width":864,"height":432},"xx_low_d_32_":{"width":864,"height":432},"xx_low_d_33_":{"width":864,"height":432},"xx_low_d_34_":{"width":864,"height":432},"xx_low_d_35_":{"width":864,"height":432},"xx_low_d_36_":{"width":864,"height":432},"xx_low_d_37_":{"width":864,"height":432},"xx_low_d_38_":{"width":864,"height":432},"xx_low_d_39_":{"width":864,"height":432},"xx_low_d_40_":{"width":864,"height":432},"xx_low_d_41_":{"width":864,"height":432},"xx_low_d_42_":{"width":864,"height":432},"xx_low_d_43_":{"width":864,"height":432},"xx_low_d_44_":{"width":864,"height":432},"xx_low_d_45_":{"width":864,"height":432},"xx_low_d_46_":{"width":864,"height":432},"xx_low_d_47_":{"width":864,"height":432},"xx_low_d_48_":{"width":864,"height":432},"xx_low_d_49_":{"width":864,"height":432},"xx_low_d_50_":{"width":864,"height":432}},"xx_low_shadow":{"xx_low_shadow_60_":{"width":300,"height":300},"xx_low_shadow_63_":{"width":300,"height":300},"xx_low_shadow_66_":{"width":300,"height":300},"xx_low_shadow_69_":{"width":300,"height":300},"xx_low_shadow_72_":{"width":300,"height":300},"xx_low_shadow_75_":{"width":300,"height":300},"xx_low_shadow_78_":{"width":300,"height":300},"xx_low_shadow_81_":{"width":300,"height":300},"xx_low_shadow_84_":{"width":300,"height":300},"xx_low_shadow_87_":{"width":300,"height":300},"xx_low_shadow_90_":{"width":300,"height":300},"xx_low_shadow_93_":{"width":300,"height":300},"xx_low_shadow_96_":{"width":300,"height":300},"xx_low_shadow_99_":{"width":300,"height":300},"xx_low_shadow_102_":{"width":300,"height":300},"xx_low_shadow_105_":{"width":300,"height":300},"xx_low_shadow_108_":{"width":300,"height":300},"xx_low_shadow_111_":{"width":300,"height":300},"xx_low_shadow_114_":{"width":300,"height":300},"xx_low_shadow_117_":{"width":300,"height":300},"xx_low_shadow_120_":{"width":300,"height":300},"xx_low_shadow_123_":{"width":300,"height":300},"xx_low_shadow_126_":{"width":300,"height":300},"xx_low_shadow_129_":{"width":300,"height":300},"xx_low_shadow_132_":{"width":300,"height":300},"xx_low_shadow_135_":{"width":300,"height":300},"xx_low_shadow_138_":{"width":300,"height":300},"xx_low_shadow_141_":{"width":300,"height":300},"xx_low_shadow_144_":{"width":300,"height":300},"xx_low_shadow_147_":{"width":300,"height":300},"xx_low_shadow_150_":{"width":300,"height":300}},"xx_low_up":{"xx_low_up_20_":{"width":864,"height":432},"xx_low_up_21_":{"width":864,"height":432},"xx_low_up_22_":{"width":864,"height":432},"xx_low_up_23_":{"width":864,"height":432},"xx_low_up_24_":{"width":864,"height":432},"xx_low_up_25_":{"width":864,"height":432},"xx_low_up_26_":{"width":864,"height":432},"xx_low_up_27_":{"width":864,"height":432},"xx_low_up_28_":{"width":864,"height":432},"xx_low_up_29_":{"width":864,"height":432},"xx_low_up_30_":{"width":864,"height":432},"xx_low_up_31_":{"width":864,"height":432},"xx_low_up_32_":{"width":864,"height":432},"xx_low_up_33_":{"width":864,"height":432},"xx_low_up_34_":{"width":864,"height":432},"xx_low_up_35_":{"width":864,"height":432},"xx_low_up_36_":{"width":864,"height":432},"xx_low_up_37_":{"width":864,"height":432},"xx_low_up_38_":{"width":864,"height":432},"xx_low_up_39_":{"width":864,"height":432},"xx_low_up_40_":{"width":864,"height":432},"xx_low_up_41_":{"width":864,"height":432},"xx_low_up_42_":{"width":864,"height":432},"xx_low_up_43_":{"width":864,"height":432},"xx_low_up_44_":{"width":864,"height":432},"xx_low_up_45_":{"width":864,"height":432},"xx_low_up_46_":{"width":864,"height":432},"xx_low_up_47_":{"width":864,"height":432},"xx_low_up_48_":{"width":864,"height":432},"xx_low_up_49_":{"width":864,"height":432},"xx_low_up_50_":{"width":864,"height":432}}}},"animations":{"animation":{"slots":{"dilie_xx_00_":{"attachment":[{"time":4.5333,"name":"dilie_xx_00_"},{"time":4.6,"name":"dilie_xx_02_"},{"time":4.6667,"name":"dilie_xx_04_"},{"time":4.7333,"name":"dilie_xx_06_"},{"time":4.8,"name":"dilie_xx_08_"},{"time":4.8667,"name":"dilie_xx_10_"},{"time":4.9333,"name":"dilie_xx_12_"},{"time":5,"name":"dilie_xx_14_"},{"time":5.0667,"name":"dilie_xx_16_"},{"time":5.1333,"name":"dilie_xx_18_"},{"time":5.2,"name":"dilie_xx_20_"},{"time":5.2667,"name":"dilie_xx_22_"},{"time":5.3333,"name":"dilie_xx_24_"},{"time":5.4,"name":"dilie_xx_26_"},{"time":5.4667,"name":"dilie_xx_28_"},{"time":5.5333,"name":"dilie_xx_30_"},{"time":5.6,"name":"dilie_xx_32_"},{"time":5.6667,"name":"dilie_xx_34_"},{"time":5.7333,"name":"dilie_xx_36_"},{"time":5.8,"name":"dilie_xx_38_"},{"time":5.8667,"name":"dilie_xx_40_"},{"time":5.9333,"name":"dilie_xx_42_"},{"time":6,"name":"dilie_xx_44_"},{"time":6.0667,"name":"dilie_xx_46_"},{"time":6.1333,"name":"dilie_xx_48_"},{"time":6.2,"name":"dilie_xx_50_"},{"time":6.2667,"name":"dilie_xx_52_"},{"time":6.3333,"name":"dilie_xx_54_"},{"time":6.4,"name":"dilie_xx_56_"},{"time":6.4667,"name":"dilie_xx_58_"},{"time":6.5333,"name":"dilie_xx_60_"},{"time":6.6,"name":null}]},"idle_low":{"attachment":[{"time":2.1,"name":null}]},"idle_low_shadow":{"attachment":[{"time":2.1,"name":null}]},"xx_low_d":{"attachment":[{"time":4.1,"name":"xx_low_d_20_"},{"time":4.2,"name":"xx_low_d_21_"},{"time":4.3,"name":"xx_low_d_22_"},{"time":4.4,"name":"xx_low_d_23_"},{"time":4.5,"name":"xx_low_d_24_"},{"time":4.6,"name":"xx_low_d_25_"},{"time":4.7,"name":"xx_low_d_26_"},{"time":4.8,"name":"xx_low_d_27_"},{"time":4.9,"name":"xx_low_d_28_"},{"time":5,"name":"xx_low_d_29_"},{"time":5.1,"name":"xx_low_d_30_"},{"time":5.2,"name":"xx_low_d_31_"},{"time":5.3,"name":"xx_low_d_32_"},{"time":5.4,"name":"xx_low_d_33_"},{"time":5.5,"name":"xx_low_d_34_"},{"time":5.6,"name":"xx_low_d_35_"},{"time":5.7,"name":"xx_low_d_36_"},{"time":5.8,"name":"xx_low_d_37_"},{"time":5.9,"name":"xx_low_d_38_"},{"time":6,"name":"xx_low_d_39_"},{"time":6.1,"name":"xx_low_d_40_"},{"time":6.2,"name":"xx_low_d_41_"},{"time":6.3,"name":"xx_low_d_42_"},{"time":6.4,"name":"xx_low_d_43_"},{"time":6.5,"name":"xx_low_d_44_"},{"time":6.6,"name":"xx_low_d_45_"},{"time":6.7,"name":"xx_low_d_46_"},{"time":6.8,"name":"xx_low_d_47_"},{"time":6.9,"name":"xx_low_d_48_"},{"time":7,"name":"xx_low_d_49_"},{"time":7.1,"name":"xx_low_d_50_"},{"time":7.2,"name":null}]},"xx_low_shadow":{"attachment":[{"time":4.1,"name":"xx_low_shadow_60_"},{"time":4.2,"name":"xx_low_shadow_63_"},{"time":4.3,"name":"xx_low_shadow_66_"},{"time":4.4,"name":"xx_low_shadow_69_"},{"time":4.5,"name":"xx_low_shadow_72_"},{"time":4.6,"name":"xx_low_shadow_75_"},{"time":4.7,"name":"xx_low_shadow_78_"},{"time":4.8,"name":"xx_low_shadow_81_"},{"time":4.9,"name":"xx_low_shadow_84_"},{"time":5,"name":"xx_low_shadow_87_"},{"time":5.1,"name":"xx_low_shadow_90_"},{"time":5.2,"name":"xx_low_shadow_93_"},{"time":5.3,"name":"xx_low_shadow_96_"},{"time":5.4,"name":"xx_low_shadow_99_"},{"time":5.5,"name":"xx_low_shadow_102_"},{"time":5.6,"name":"xx_low_shadow_105_"},{"time":5.7,"name":"xx_low_shadow_108_"},{"time":5.8,"name":"xx_low_shadow_111_"},{"time":5.9,"name":"xx_low_shadow_114_"},{"time":6,"name":"xx_low_shadow_117_"},{"time":6.1,"name":"xx_low_shadow_120_"},{"time":6.2,"name":"xx_low_shadow_123_"},{"time":6.3,"name":"xx_low_shadow_126_"},{"time":6.4,"name":"xx_low_shadow_129_"},{"time":6.5,"name":"xx_low_shadow_132_"},{"time":6.6,"name":"xx_low_shadow_135_"},{"time":6.7,"name":"xx_low_shadow_138_"},{"time":6.8,"name":"xx_low_shadow_141_"},{"time":6.9,"name":"xx_low_shadow_144_"},{"time":7,"name":"xx_low_shadow_147_"},{"time":7.1,"name":"xx_low_shadow_150_"},{"time":7.2,"name":null}]},"xx_low_up":{"attachment":[{"time":4.1,"name":"xx_low_up_20_"},{"time":4.2,"name":"xx_low_up_21_"},{"time":4.3,"name":"xx_low_up_22_"},{"time":4.4,"name":"xx_low_up_23_"},{"time":4.5,"name":"xx_low_up_24_"},{"time":4.6,"name":"xx_low_up_25_"},{"time":4.7,"name":"xx_low_up_26_"},{"time":4.8,"name":"xx_low_up_27_"},{"time":4.9,"name":"xx_low_up_28_"},{"time":5,"name":"xx_low_up_29_"},{"time":5.1,"name":"xx_low_up_30_"},{"time":5.2,"name":"xx_low_up_31_"},{"time":5.3,"name":"xx_low_up_32_"},{"time":5.4,"name":"xx_low_up_33_"},{"time":5.5,"name":"xx_low_up_34_"},{"time":5.6,"name":"xx_low_up_35_"},{"time":5.7,"name":"xx_low_up_36_"},{"time":5.8,"name":"xx_low_up_37_"},{"time":5.9,"name":"xx_low_up_38_"},{"time":6,"name":"xx_low_up_39_"},{"time":6.1,"name":"xx_low_up_40_"},{"time":6.2,"name":"xx_low_up_41_"},{"time":6.3,"name":"xx_low_up_42_"},{"time":6.4,"name":"xx_low_up_43_"},{"time":6.5,"name":"xx_low_up_44_"},{"time":6.6,"name":"xx_low_up_45_"},{"time":6.7,"name":"xx_low_up_46_"},{"time":6.8,"name":"xx_low_up_47_"},{"time":6.9,"name":"xx_low_up_48_"},{"time":7,"name":"xx_low_up_49_"},{"time":7.1,"name":"xx_low_up_50_"},{"time":7.2,"name":null}]}},"bones":{"idle_low":{"translate":[{"time":0,"x":50,"y":10}]},"idle_low_shadow":{"translate":[{"time":0,"x":50,"y":10}]},"xx_low_d":{"translate":[{"time":0,"x":50,"y":10}]},"xx_low_up":{"translate":[{"time":0,"x":50,"y":10}]},"xx_low_shadow":{"translate":[{"time":0,"x":50,"y":10}]},"dilie_xx":{"rotate":[{"time":0,"angle":40.7}],"translate":[{"time":0,"x":194.19,"y":-141.06}]}}}}}