{"skeleton":{"hash":"+7q91TkZGbRNtOsissvsSGBgXzY","spine":"3.7.94","width":700,"height":640,"images":"./images/","audio":"E:/黄金宝箱城堡皮肤-御魂法师2023.3/ae/导出/2/di_djxx_group"},"bones":[{"name":"root"},{"name":"ctr","parent":"root","x":-70,"y":100,"scaleX":1.25,"scaleY":1.25},{"name":"yhfsdidjxx_UL_","parent":"ctr"},{"name":"yhfsdidjxx_UR_","parent":"ctr"},{"name":"yhfsdidjxx_DL_","parent":"ctr"},{"name":"yhfsdidjxx_DR_","parent":"ctr"}],"slots":[{"name":"yhfsdidjxx_UL_","bone":"yhfsdidjxx_UL_","attachment":"yhfsdidjxx_UL_000_"},{"name":"yhfsdidjxx_UR_","bone":"yhfsdidjxx_UR_","attachment":"yhfsdidjxx_UR_000_"},{"name":"yhfsdidjxx_DL_","bone":"yhfsdidjxx_DL_","attachment":"yhfsdidjxx_DL_000_"},{"name":"yhfsdidjxx_DR_","bone":"yhfsdidjxx_DR_","attachment":"yhfsdidjxx_DR_000_"}],"skins":{"default":{"yhfsdidjxx_DL_":{"yhfsdidjxx_DL_000_":{"x":-114,"y":-133,"width":228,"height":266},"yhfsdidjxx_DL_003_":{"x":-114,"y":-133,"width":228,"height":266},"yhfsdidjxx_DL_006_":{"x":-114,"y":-133,"width":228,"height":266},"yhfsdidjxx_DL_009_":{"x":-114,"y":-133,"width":228,"height":266},"yhfsdidjxx_DL_012_":{"x":-114,"y":-133,"width":228,"height":266},"yhfsdidjxx_DL_015_":{"x":-114,"y":-133,"width":228,"height":266},"yhfsdidjxx_DL_018_":{"x":-114,"y":-133,"width":228,"height":266},"yhfsdidjxx_DL_021_":{"x":-114,"y":-133,"width":228,"height":266},"yhfsdidjxx_DL_024_":{"x":-114,"y":-133,"width":228,"height":266},"yhfsdidjxx_DL_027_":{"x":-114,"y":-133,"width":228,"height":266},"yhfsdidjxx_DL_030_":{"x":-114,"y":-133,"width":228,"height":266},"yhfsdidjxx_DL_033_":{"x":-114,"y":-133,"width":228,"height":266},"yhfsdidjxx_DL_036_":{"x":-114,"y":-133,"width":228,"height":266},"yhfsdidjxx_DL_039_":{"x":-114,"y":-133,"width":228,"height":266},"yhfsdidjxx_DL_042_":{"x":-114,"y":-133,"width":228,"height":266},"yhfsdidjxx_DL_045_":{"x":-114,"y":-133,"width":228,"height":266},"yhfsdidjxx_DL_048_":{"x":-114,"y":-133,"width":228,"height":266},"yhfsdidjxx_DL_051_":{"x":-114,"y":-133,"width":228,"height":266},"yhfsdidjxx_DL_054_":{"x":-114,"y":-133,"width":228,"height":266},"yhfsdidjxx_DL_057_":{"x":-114,"y":-133,"width":228,"height":266},"yhfsdidjxx_DL_060_":{"x":-114,"y":-133,"width":228,"height":266},"yhfsdidjxx_DL_063_":{"x":-114,"y":-133,"width":228,"height":266},"yhfsdidjxx_DL_066_":{"x":-114,"y":-133,"width":228,"height":266},"yhfsdidjxx_DL_069_":{"x":-114,"y":-133,"width":228,"height":266},"yhfsdidjxx_DL_072_":{"x":-114,"y":-133,"width":228,"height":266},"yhfsdidjxx_DL_075_":{"x":-114,"y":-133,"width":228,"height":266},"yhfsdidjxx_DL_078_":{"x":-114,"y":-133,"width":228,"height":266},"yhfsdidjxx_DL_081_":{"x":-114,"y":-133,"width":228,"height":266},"yhfsdidjxx_DL_084_":{"x":-114,"y":-133,"width":228,"height":266},"yhfsdidjxx_DL_087_":{"x":-114,"y":-133,"width":228,"height":266},"yhfsdidjxx_DL_090_":{"x":-114,"y":-133,"width":228,"height":266},"yhfsdidjxx_DL_093_":{"x":-114,"y":-133,"width":228,"height":266},"yhfsdidjxx_DL_096_":{"x":-114,"y":-133,"width":228,"height":266},"yhfsdidjxx_DL_099_":{"x":-114,"y":-133,"width":228,"height":266},"yhfsdidjxx_DL_102_":{"x":-114,"y":-133,"width":228,"height":266},"yhfsdidjxx_DL_105_":{"x":-114,"y":-133,"width":228,"height":266},"yhfsdidjxx_DL_108_":{"x":-114,"y":-133,"width":228,"height":266},"yhfsdidjxx_DL_111_":{"x":-114,"y":-133,"width":228,"height":266},"yhfsdidjxx_DL_114_":{"x":-114,"y":-133,"width":228,"height":266},"yhfsdidjxx_DL_117_":{"x":-114,"y":-133,"width":228,"height":266},"yhfsdidjxx_DL_120_":{"x":-114,"y":-133,"width":228,"height":266},"yhfsdidjxx_DL_123_":{"x":-114,"y":-133,"width":228,"height":266},"yhfsdidjxx_DL_126_":{"x":-114,"y":-133,"width":228,"height":266},"yhfsdidjxx_DL_129_":{"x":-114,"y":-133,"width":228,"height":266},"yhfsdidjxx_DL_132_":{"x":-114,"y":-133,"width":228,"height":266},"yhfsdidjxx_DL_135_":{"x":-114,"y":-133,"width":228,"height":266},"yhfsdidjxx_DL_138_":{"x":-114,"y":-133,"width":228,"height":266},"yhfsdidjxx_DL_141_":{"x":-114,"y":-133,"width":228,"height":266},"yhfsdidjxx_DL_144_":{"x":-114,"y":-133,"width":228,"height":266},"yhfsdidjxx_DL_147_":{"x":-114,"y":-133,"width":228,"height":266},"yhfsdidjxx_DL_150_":{"x":-114,"y":-133,"width":228,"height":266},"yhfsdidjxx_DL_153_":{"x":-114,"y":-133,"width":228,"height":266},"yhfsdidjxx_DL_156_":{"x":-114,"y":-133,"width":228,"height":266},"yhfsdidjxx_DL_159_":{"x":-114,"y":-133,"width":228,"height":266},"yhfsdidjxx_DL_162_":{"x":-114,"y":-133,"width":228,"height":266},"yhfsdidjxx_DL_165_":{"x":-114,"y":-133,"width":228,"height":266},"yhfsdidjxx_DL_166_":{"x":-114,"y":-133,"width":228,"height":266}},"yhfsdidjxx_DR_":{"yhfsdidjxx_DR_000_":{"x":166,"y":-133,"width":332,"height":266},"yhfsdidjxx_DR_003_":{"x":166,"y":-133,"width":332,"height":266},"yhfsdidjxx_DR_006_":{"x":166,"y":-133,"width":332,"height":266},"yhfsdidjxx_DR_009_":{"x":166,"y":-133,"width":332,"height":266},"yhfsdidjxx_DR_012_":{"x":166,"y":-133,"width":332,"height":266},"yhfsdidjxx_DR_015_":{"x":166,"y":-133,"width":332,"height":266},"yhfsdidjxx_DR_018_":{"x":166,"y":-133,"width":332,"height":266},"yhfsdidjxx_DR_021_":{"x":166,"y":-133,"width":332,"height":266},"yhfsdidjxx_DR_024_":{"x":166,"y":-133,"width":332,"height":266},"yhfsdidjxx_DR_027_":{"x":166,"y":-133,"width":332,"height":266},"yhfsdidjxx_DR_030_":{"x":166,"y":-133,"width":332,"height":266},"yhfsdidjxx_DR_033_":{"x":166,"y":-133,"width":332,"height":266},"yhfsdidjxx_DR_036_":{"x":166,"y":-133,"width":332,"height":266},"yhfsdidjxx_DR_039_":{"x":166,"y":-133,"width":332,"height":266},"yhfsdidjxx_DR_042_":{"x":166,"y":-133,"width":332,"height":266},"yhfsdidjxx_DR_045_":{"x":166,"y":-133,"width":332,"height":266},"yhfsdidjxx_DR_048_":{"x":166,"y":-133,"width":332,"height":266},"yhfsdidjxx_DR_051_":{"x":166,"y":-133,"width":332,"height":266},"yhfsdidjxx_DR_054_":{"x":166,"y":-133,"width":332,"height":266},"yhfsdidjxx_DR_057_":{"x":166,"y":-133,"width":332,"height":266},"yhfsdidjxx_DR_060_":{"x":166,"y":-133,"width":332,"height":266},"yhfsdidjxx_DR_063_":{"x":166,"y":-133,"width":332,"height":266},"yhfsdidjxx_DR_066_":{"x":166,"y":-133,"width":332,"height":266},"yhfsdidjxx_DR_069_":{"x":166,"y":-133,"width":332,"height":266},"yhfsdidjxx_DR_072_":{"x":166,"y":-133,"width":332,"height":266},"yhfsdidjxx_DR_075_":{"x":166,"y":-133,"width":332,"height":266},"yhfsdidjxx_DR_078_":{"x":166,"y":-133,"width":332,"height":266},"yhfsdidjxx_DR_081_":{"x":166,"y":-133,"width":332,"height":266},"yhfsdidjxx_DR_084_":{"x":166,"y":-133,"width":332,"height":266},"yhfsdidjxx_DR_087_":{"x":166,"y":-133,"width":332,"height":266},"yhfsdidjxx_DR_090_":{"x":166,"y":-133,"width":332,"height":266},"yhfsdidjxx_DR_093_":{"x":166,"y":-133,"width":332,"height":266},"yhfsdidjxx_DR_096_":{"x":166,"y":-133,"width":332,"height":266},"yhfsdidjxx_DR_099_":{"x":166,"y":-133,"width":332,"height":266},"yhfsdidjxx_DR_102_":{"x":166,"y":-133,"width":332,"height":266},"yhfsdidjxx_DR_105_":{"x":166,"y":-133,"width":332,"height":266},"yhfsdidjxx_DR_108_":{"x":166,"y":-133,"width":332,"height":266},"yhfsdidjxx_DR_111_":{"x":166,"y":-133,"width":332,"height":266},"yhfsdidjxx_DR_114_":{"x":166,"y":-133,"width":332,"height":266},"yhfsdidjxx_DR_117_":{"x":166,"y":-133,"width":332,"height":266},"yhfsdidjxx_DR_120_":{"x":166,"y":-133,"width":332,"height":266},"yhfsdidjxx_DR_123_":{"x":166,"y":-133,"width":332,"height":266},"yhfsdidjxx_DR_126_":{"x":166,"y":-133,"width":332,"height":266},"yhfsdidjxx_DR_129_":{"x":166,"y":-133,"width":332,"height":266},"yhfsdidjxx_DR_132_":{"x":166,"y":-133,"width":332,"height":266},"yhfsdidjxx_DR_135_":{"x":166,"y":-133,"width":332,"height":266},"yhfsdidjxx_DR_138_":{"x":166,"y":-133,"width":332,"height":266},"yhfsdidjxx_DR_141_":{"x":166,"y":-133,"width":332,"height":266},"yhfsdidjxx_DR_144_":{"x":166,"y":-133,"width":332,"height":266},"yhfsdidjxx_DR_147_":{"x":166,"y":-133,"width":332,"height":266},"yhfsdidjxx_DR_150_":{"x":166,"y":-133,"width":332,"height":266},"yhfsdidjxx_DR_153_":{"x":166,"y":-133,"width":332,"height":266},"yhfsdidjxx_DR_156_":{"x":166,"y":-133,"width":332,"height":266},"yhfsdidjxx_DR_159_":{"x":166,"y":-133,"width":332,"height":266},"yhfsdidjxx_DR_162_":{"x":166,"y":-133,"width":332,"height":266},"yhfsdidjxx_DR_165_":{"x":166,"y":-133,"width":332,"height":266},"yhfsdidjxx_DR_166_":{"x":166,"y":-133,"width":332,"height":266}},"yhfsdidjxx_UL_":{"yhfsdidjxx_UL_000_":{"x":-114,"y":123,"width":228,"height":246},"yhfsdidjxx_UL_003_":{"x":-114,"y":123,"width":228,"height":246},"yhfsdidjxx_UL_006_":{"x":-114,"y":123,"width":228,"height":246},"yhfsdidjxx_UL_009_":{"x":-114,"y":123,"width":228,"height":246},"yhfsdidjxx_UL_012_":{"x":-114,"y":123,"width":228,"height":246},"yhfsdidjxx_UL_015_":{"x":-114,"y":123,"width":228,"height":246},"yhfsdidjxx_UL_018_":{"x":-114,"y":123,"width":228,"height":246},"yhfsdidjxx_UL_021_":{"x":-114,"y":123,"width":228,"height":246},"yhfsdidjxx_UL_024_":{"x":-114,"y":123,"width":228,"height":246},"yhfsdidjxx_UL_027_":{"x":-114,"y":123,"width":228,"height":246},"yhfsdidjxx_UL_030_":{"x":-114,"y":123,"width":228,"height":246},"yhfsdidjxx_UL_033_":{"x":-114,"y":123,"width":228,"height":246},"yhfsdidjxx_UL_036_":{"x":-114,"y":123,"width":228,"height":246},"yhfsdidjxx_UL_039_":{"x":-114,"y":123,"width":228,"height":246},"yhfsdidjxx_UL_042_":{"x":-114,"y":123,"width":228,"height":246},"yhfsdidjxx_UL_045_":{"x":-114,"y":123,"width":228,"height":246},"yhfsdidjxx_UL_048_":{"x":-114,"y":123,"width":228,"height":246},"yhfsdidjxx_UL_051_":{"x":-114,"y":123,"width":228,"height":246},"yhfsdidjxx_UL_054_":{"x":-114,"y":123,"width":228,"height":246},"yhfsdidjxx_UL_057_":{"x":-114,"y":123,"width":228,"height":246},"yhfsdidjxx_UL_060_":{"x":-114,"y":123,"width":228,"height":246},"yhfsdidjxx_UL_063_":{"x":-114,"y":123,"width":228,"height":246},"yhfsdidjxx_UL_066_":{"x":-114,"y":123,"width":228,"height":246},"yhfsdidjxx_UL_069_":{"x":-114,"y":123,"width":228,"height":246},"yhfsdidjxx_UL_072_":{"x":-114,"y":123,"width":228,"height":246},"yhfsdidjxx_UL_075_":{"x":-114,"y":123,"width":228,"height":246},"yhfsdidjxx_UL_078_":{"x":-114,"y":123,"width":228,"height":246},"yhfsdidjxx_UL_081_":{"x":-114,"y":123,"width":228,"height":246},"yhfsdidjxx_UL_084_":{"x":-114,"y":123,"width":228,"height":246},"yhfsdidjxx_UL_087_":{"x":-114,"y":123,"width":228,"height":246},"yhfsdidjxx_UL_090_":{"x":-114,"y":123,"width":228,"height":246},"yhfsdidjxx_UL_093_":{"x":-114,"y":123,"width":228,"height":246},"yhfsdidjxx_UL_096_":{"x":-114,"y":123,"width":228,"height":246},"yhfsdidjxx_UL_099_":{"x":-114,"y":123,"width":228,"height":246},"yhfsdidjxx_UL_102_":{"x":-114,"y":123,"width":228,"height":246},"yhfsdidjxx_UL_105_":{"x":-114,"y":123,"width":228,"height":246},"yhfsdidjxx_UL_108_":{"x":-114,"y":123,"width":228,"height":246},"yhfsdidjxx_UL_111_":{"x":-114,"y":123,"width":228,"height":246},"yhfsdidjxx_UL_114_":{"x":-114,"y":123,"width":228,"height":246},"yhfsdidjxx_UL_117_":{"x":-114,"y":123,"width":228,"height":246},"yhfsdidjxx_UL_120_":{"x":-114,"y":123,"width":228,"height":246},"yhfsdidjxx_UL_123_":{"x":-114,"y":123,"width":228,"height":246},"yhfsdidjxx_UL_126_":{"x":-114,"y":123,"width":228,"height":246},"yhfsdidjxx_UL_129_":{"x":-114,"y":123,"width":228,"height":246},"yhfsdidjxx_UL_132_":{"x":-114,"y":123,"width":228,"height":246},"yhfsdidjxx_UL_135_":{"x":-114,"y":123,"width":228,"height":246},"yhfsdidjxx_UL_138_":{"x":-114,"y":123,"width":228,"height":246},"yhfsdidjxx_UL_141_":{"x":-114,"y":123,"width":228,"height":246},"yhfsdidjxx_UL_144_":{"x":-114,"y":123,"width":228,"height":246},"yhfsdidjxx_UL_147_":{"x":-114,"y":123,"width":228,"height":246},"yhfsdidjxx_UL_150_":{"x":-114,"y":123,"width":228,"height":246},"yhfsdidjxx_UL_153_":{"x":-114,"y":123,"width":228,"height":246},"yhfsdidjxx_UL_156_":{"x":-114,"y":123,"width":228,"height":246},"yhfsdidjxx_UL_159_":{"x":-114,"y":123,"width":228,"height":246},"yhfsdidjxx_UL_162_":{"x":-114,"y":123,"width":228,"height":246},"yhfsdidjxx_UL_165_":{"x":-114,"y":123,"width":228,"height":246},"yhfsdidjxx_UL_166_":{"x":-114,"y":123,"width":228,"height":246}},"yhfsdidjxx_UR_":{"yhfsdidjxx_UR_000_":{"x":166,"y":123,"width":332,"height":246},"yhfsdidjxx_UR_003_":{"x":166,"y":123,"width":332,"height":246},"yhfsdidjxx_UR_006_":{"x":166,"y":123,"width":332,"height":246},"yhfsdidjxx_UR_009_":{"x":166,"y":123,"width":332,"height":246},"yhfsdidjxx_UR_012_":{"x":166,"y":123,"width":332,"height":246},"yhfsdidjxx_UR_015_":{"x":166,"y":123,"width":332,"height":246},"yhfsdidjxx_UR_018_":{"x":166,"y":123,"width":332,"height":246},"yhfsdidjxx_UR_021_":{"x":166,"y":123,"width":332,"height":246},"yhfsdidjxx_UR_024_":{"x":166,"y":123,"width":332,"height":246},"yhfsdidjxx_UR_027_":{"x":166,"y":123,"width":332,"height":246},"yhfsdidjxx_UR_030_":{"x":166,"y":123,"width":332,"height":246},"yhfsdidjxx_UR_033_":{"x":166,"y":123,"width":332,"height":246},"yhfsdidjxx_UR_036_":{"x":166,"y":123,"width":332,"height":246},"yhfsdidjxx_UR_039_":{"x":166,"y":123,"width":332,"height":246},"yhfsdidjxx_UR_042_":{"x":166,"y":123,"width":332,"height":246},"yhfsdidjxx_UR_045_":{"x":166,"y":123,"width":332,"height":246},"yhfsdidjxx_UR_048_":{"x":166,"y":123,"width":332,"height":246},"yhfsdidjxx_UR_051_":{"x":166,"y":123,"width":332,"height":246},"yhfsdidjxx_UR_054_":{"x":166,"y":123,"width":332,"height":246},"yhfsdidjxx_UR_057_":{"x":166,"y":123,"width":332,"height":246},"yhfsdidjxx_UR_060_":{"x":166,"y":123,"width":332,"height":246},"yhfsdidjxx_UR_063_":{"x":166,"y":123,"width":332,"height":246},"yhfsdidjxx_UR_066_":{"x":166,"y":123,"width":332,"height":246},"yhfsdidjxx_UR_069_":{"x":166,"y":123,"width":332,"height":246},"yhfsdidjxx_UR_072_":{"x":166,"y":123,"width":332,"height":246},"yhfsdidjxx_UR_075_":{"x":166,"y":123,"width":332,"height":246},"yhfsdidjxx_UR_078_":{"x":166,"y":123,"width":332,"height":246},"yhfsdidjxx_UR_081_":{"x":166,"y":123,"width":332,"height":246},"yhfsdidjxx_UR_084_":{"x":166,"y":123,"width":332,"height":246},"yhfsdidjxx_UR_087_":{"x":166,"y":123,"width":332,"height":246},"yhfsdidjxx_UR_090_":{"x":166,"y":123,"width":332,"height":246},"yhfsdidjxx_UR_093_":{"x":166,"y":123,"width":332,"height":246},"yhfsdidjxx_UR_096_":{"x":166,"y":123,"width":332,"height":246},"yhfsdidjxx_UR_099_":{"x":166,"y":123,"width":332,"height":246},"yhfsdidjxx_UR_102_":{"x":166,"y":123,"width":332,"height":246},"yhfsdidjxx_UR_105_":{"x":166,"y":123,"width":332,"height":246},"yhfsdidjxx_UR_108_":{"x":166,"y":123,"width":332,"height":246},"yhfsdidjxx_UR_111_":{"x":166,"y":123,"width":332,"height":246},"yhfsdidjxx_UR_114_":{"x":166,"y":123,"width":332,"height":246},"yhfsdidjxx_UR_117_":{"x":166,"y":123,"width":332,"height":246},"yhfsdidjxx_UR_120_":{"x":166,"y":123,"width":332,"height":246},"yhfsdidjxx_UR_123_":{"x":166,"y":123,"width":332,"height":246},"yhfsdidjxx_UR_126_":{"x":166,"y":123,"width":332,"height":246},"yhfsdidjxx_UR_129_":{"x":166,"y":123,"width":332,"height":246},"yhfsdidjxx_UR_132_":{"x":166,"y":123,"width":332,"height":246},"yhfsdidjxx_UR_135_":{"x":166,"y":123,"width":332,"height":246},"yhfsdidjxx_UR_138_":{"x":166,"y":123,"width":332,"height":246},"yhfsdidjxx_UR_141_":{"x":166,"y":123,"width":332,"height":246},"yhfsdidjxx_UR_144_":{"x":166,"y":123,"width":332,"height":246},"yhfsdidjxx_UR_147_":{"x":166,"y":123,"width":332,"height":246},"yhfsdidjxx_UR_150_":{"x":166,"y":123,"width":332,"height":246},"yhfsdidjxx_UR_153_":{"x":166,"y":123,"width":332,"height":246},"yhfsdidjxx_UR_156_":{"x":166,"y":123,"width":332,"height":246},"yhfsdidjxx_UR_159_":{"x":166,"y":123,"width":332,"height":246},"yhfsdidjxx_UR_162_":{"x":166,"y":123,"width":332,"height":246},"yhfsdidjxx_UR_165_":{"x":166,"y":123,"width":332,"height":246},"yhfsdidjxx_UR_166_":{"x":166,"y":123,"width":332,"height":246}}}},"animations":{"animation":{"slots":{"yhfsdidjxx_DL_":{"attachment":[{"time":0.1,"name":"yhfsdidjxx_DL_003_"},{"time":0.2,"name":"yhfsdidjxx_DL_006_"},{"time":0.3,"name":"yhfsdidjxx_DL_009_"},{"time":0.4,"name":"yhfsdidjxx_DL_012_"},{"time":0.5,"name":"yhfsdidjxx_DL_015_"},{"time":0.6,"name":"yhfsdidjxx_DL_018_"},{"time":0.7,"name":"yhfsdidjxx_DL_021_"},{"time":0.8,"name":"yhfsdidjxx_DL_024_"},{"time":0.9,"name":"yhfsdidjxx_DL_027_"},{"time":1,"name":"yhfsdidjxx_DL_030_"},{"time":1.1,"name":"yhfsdidjxx_DL_033_"},{"time":1.2,"name":"yhfsdidjxx_DL_036_"},{"time":1.3,"name":"yhfsdidjxx_DL_039_"},{"time":1.4,"name":"yhfsdidjxx_DL_042_"},{"time":1.5,"name":"yhfsdidjxx_DL_045_"},{"time":1.6,"name":"yhfsdidjxx_DL_048_"},{"time":1.7,"name":"yhfsdidjxx_DL_051_"},{"time":1.8,"name":"yhfsdidjxx_DL_054_"},{"time":1.9,"name":"yhfsdidjxx_DL_057_"},{"time":2,"name":"yhfsdidjxx_DL_060_"},{"time":2.1,"name":"yhfsdidjxx_DL_063_"},{"time":2.2,"name":"yhfsdidjxx_DL_066_"},{"time":2.3,"name":"yhfsdidjxx_DL_069_"},{"time":2.4,"name":"yhfsdidjxx_DL_072_"},{"time":2.5,"name":"yhfsdidjxx_DL_075_"},{"time":2.6,"name":"yhfsdidjxx_DL_078_"},{"time":2.7,"name":"yhfsdidjxx_DL_081_"},{"time":2.8,"name":"yhfsdidjxx_DL_084_"},{"time":2.9,"name":"yhfsdidjxx_DL_087_"},{"time":3,"name":"yhfsdidjxx_DL_090_"},{"time":3.1,"name":"yhfsdidjxx_DL_093_"},{"time":3.2,"name":"yhfsdidjxx_DL_096_"},{"time":3.3,"name":"yhfsdidjxx_DL_099_"},{"time":3.4,"name":"yhfsdidjxx_DL_102_"},{"time":3.5,"name":"yhfsdidjxx_DL_105_"},{"time":3.6,"name":"yhfsdidjxx_DL_108_"},{"time":3.7,"name":"yhfsdidjxx_DL_111_"},{"time":3.8,"name":"yhfsdidjxx_DL_114_"},{"time":3.9,"name":"yhfsdidjxx_DL_117_"},{"time":4,"name":"yhfsdidjxx_DL_120_"},{"time":4.1,"name":"yhfsdidjxx_DL_123_"},{"time":4.2,"name":"yhfsdidjxx_DL_126_"},{"time":4.3,"name":"yhfsdidjxx_DL_129_"},{"time":4.4,"name":"yhfsdidjxx_DL_132_"},{"time":4.5,"name":"yhfsdidjxx_DL_135_"},{"time":4.6,"name":"yhfsdidjxx_DL_138_"},{"time":4.7,"name":"yhfsdidjxx_DL_141_"},{"time":4.8,"name":"yhfsdidjxx_DL_144_"},{"time":4.9,"name":"yhfsdidjxx_DL_147_"},{"time":5,"name":"yhfsdidjxx_DL_150_"},{"time":5.1,"name":"yhfsdidjxx_DL_153_"},{"time":5.2,"name":"yhfsdidjxx_DL_156_"},{"time":5.3,"name":"yhfsdidjxx_DL_159_"},{"time":5.4,"name":"yhfsdidjxx_DL_162_"},{"time":5.5,"name":"yhfsdidjxx_DL_165_"},{"time":5.6,"name":"yhfsdidjxx_DL_166_"},{"time":5.7,"name":null}]},"yhfsdidjxx_DR_":{"attachment":[{"time":0.1,"name":"yhfsdidjxx_DR_003_"},{"time":0.2,"name":"yhfsdidjxx_DR_006_"},{"time":0.3,"name":"yhfsdidjxx_DR_009_"},{"time":0.4,"name":"yhfsdidjxx_DR_012_"},{"time":0.5,"name":"yhfsdidjxx_DR_015_"},{"time":0.6,"name":"yhfsdidjxx_DR_018_"},{"time":0.7,"name":"yhfsdidjxx_DR_021_"},{"time":0.8,"name":"yhfsdidjxx_DR_024_"},{"time":0.9,"name":"yhfsdidjxx_DR_027_"},{"time":1,"name":"yhfsdidjxx_DR_030_"},{"time":1.1,"name":"yhfsdidjxx_DR_033_"},{"time":1.2,"name":"yhfsdidjxx_DR_036_"},{"time":1.3,"name":"yhfsdidjxx_DR_039_"},{"time":1.4,"name":"yhfsdidjxx_DR_042_"},{"time":1.5,"name":"yhfsdidjxx_DR_045_"},{"time":1.6,"name":"yhfsdidjxx_DR_048_"},{"time":1.7,"name":"yhfsdidjxx_DR_051_"},{"time":1.8,"name":"yhfsdidjxx_DR_054_"},{"time":1.9,"name":"yhfsdidjxx_DR_057_"},{"time":2,"name":"yhfsdidjxx_DR_060_"},{"time":2.1,"name":"yhfsdidjxx_DR_063_"},{"time":2.2,"name":"yhfsdidjxx_DR_066_"},{"time":2.3,"name":"yhfsdidjxx_DR_069_"},{"time":2.4,"name":"yhfsdidjxx_DR_072_"},{"time":2.5,"name":"yhfsdidjxx_DR_075_"},{"time":2.6,"name":"yhfsdidjxx_DR_078_"},{"time":2.7,"name":"yhfsdidjxx_DR_081_"},{"time":2.8,"name":"yhfsdidjxx_DR_084_"},{"time":2.9,"name":"yhfsdidjxx_DR_087_"},{"time":3,"name":"yhfsdidjxx_DR_090_"},{"time":3.1,"name":"yhfsdidjxx_DR_093_"},{"time":3.2,"name":"yhfsdidjxx_DR_096_"},{"time":3.3,"name":"yhfsdidjxx_DR_099_"},{"time":3.4,"name":"yhfsdidjxx_DR_102_"},{"time":3.5,"name":"yhfsdidjxx_DR_105_"},{"time":3.6,"name":"yhfsdidjxx_DR_108_"},{"time":3.7,"name":"yhfsdidjxx_DR_111_"},{"time":3.8,"name":"yhfsdidjxx_DR_114_"},{"time":3.9,"name":"yhfsdidjxx_DR_117_"},{"time":4,"name":"yhfsdidjxx_DR_120_"},{"time":4.1,"name":"yhfsdidjxx_DR_123_"},{"time":4.2,"name":"yhfsdidjxx_DR_126_"},{"time":4.3,"name":"yhfsdidjxx_DR_129_"},{"time":4.4,"name":"yhfsdidjxx_DR_132_"},{"time":4.5,"name":"yhfsdidjxx_DR_135_"},{"time":4.6,"name":"yhfsdidjxx_DR_138_"},{"time":4.7,"name":"yhfsdidjxx_DR_141_"},{"time":4.8,"name":"yhfsdidjxx_DR_144_"},{"time":4.9,"name":"yhfsdidjxx_DR_147_"},{"time":5,"name":"yhfsdidjxx_DR_150_"},{"time":5.1,"name":"yhfsdidjxx_DR_153_"},{"time":5.2,"name":"yhfsdidjxx_DR_156_"},{"time":5.3,"name":"yhfsdidjxx_DR_159_"},{"time":5.4,"name":"yhfsdidjxx_DR_162_"},{"time":5.5,"name":"yhfsdidjxx_DR_165_"},{"time":5.6,"name":"yhfsdidjxx_DR_166_"},{"time":5.7,"name":null}]},"yhfsdidjxx_UL_":{"attachment":[{"time":0.1,"name":"yhfsdidjxx_UL_003_"},{"time":0.2,"name":"yhfsdidjxx_UL_006_"},{"time":0.3,"name":"yhfsdidjxx_UL_009_"},{"time":0.4,"name":"yhfsdidjxx_UL_012_"},{"time":0.5,"name":"yhfsdidjxx_UL_015_"},{"time":0.6,"name":"yhfsdidjxx_UL_018_"},{"time":0.7,"name":"yhfsdidjxx_UL_021_"},{"time":0.8,"name":"yhfsdidjxx_UL_024_"},{"time":0.9,"name":"yhfsdidjxx_UL_027_"},{"time":1,"name":"yhfsdidjxx_UL_030_"},{"time":1.1,"name":"yhfsdidjxx_UL_033_"},{"time":1.2,"name":"yhfsdidjxx_UL_036_"},{"time":1.3,"name":"yhfsdidjxx_UL_039_"},{"time":1.4,"name":"yhfsdidjxx_UL_042_"},{"time":1.5,"name":"yhfsdidjxx_UL_045_"},{"time":1.6,"name":"yhfsdidjxx_UL_048_"},{"time":1.7,"name":"yhfsdidjxx_UL_051_"},{"time":1.8,"name":"yhfsdidjxx_UL_054_"},{"time":1.9,"name":"yhfsdidjxx_UL_057_"},{"time":2,"name":"yhfsdidjxx_UL_060_"},{"time":2.1,"name":"yhfsdidjxx_UL_063_"},{"time":2.2,"name":"yhfsdidjxx_UL_066_"},{"time":2.3,"name":"yhfsdidjxx_UL_069_"},{"time":2.4,"name":"yhfsdidjxx_UL_072_"},{"time":2.5,"name":"yhfsdidjxx_UL_075_"},{"time":2.6,"name":"yhfsdidjxx_UL_078_"},{"time":2.7,"name":"yhfsdidjxx_UL_081_"},{"time":2.8,"name":"yhfsdidjxx_UL_084_"},{"time":2.9,"name":"yhfsdidjxx_UL_087_"},{"time":3,"name":"yhfsdidjxx_UL_090_"},{"time":3.1,"name":"yhfsdidjxx_UL_093_"},{"time":3.2,"name":"yhfsdidjxx_UL_096_"},{"time":3.3,"name":"yhfsdidjxx_UL_099_"},{"time":3.4,"name":"yhfsdidjxx_UL_102_"},{"time":3.5,"name":"yhfsdidjxx_UL_105_"},{"time":3.6,"name":"yhfsdidjxx_UL_108_"},{"time":3.7,"name":"yhfsdidjxx_UL_111_"},{"time":3.8,"name":"yhfsdidjxx_UL_114_"},{"time":3.9,"name":"yhfsdidjxx_UL_117_"},{"time":4,"name":"yhfsdidjxx_UL_120_"},{"time":4.1,"name":"yhfsdidjxx_UL_123_"},{"time":4.2,"name":"yhfsdidjxx_UL_126_"},{"time":4.3,"name":"yhfsdidjxx_UL_129_"},{"time":4.4,"name":"yhfsdidjxx_UL_132_"},{"time":4.5,"name":"yhfsdidjxx_UL_135_"},{"time":4.6,"name":"yhfsdidjxx_UL_138_"},{"time":4.7,"name":"yhfsdidjxx_UL_141_"},{"time":4.8,"name":"yhfsdidjxx_UL_144_"},{"time":4.9,"name":"yhfsdidjxx_UL_147_"},{"time":5,"name":"yhfsdidjxx_UL_150_"},{"time":5.1,"name":"yhfsdidjxx_UL_153_"},{"time":5.2,"name":"yhfsdidjxx_UL_156_"},{"time":5.3,"name":"yhfsdidjxx_UL_159_"},{"time":5.4,"name":"yhfsdidjxx_UL_162_"},{"time":5.5,"name":"yhfsdidjxx_UL_165_"},{"time":5.6,"name":"yhfsdidjxx_UL_166_"},{"time":5.7,"name":null}]},"yhfsdidjxx_UR_":{"attachment":[{"time":0.1,"name":"yhfsdidjxx_UR_003_"},{"time":0.2,"name":"yhfsdidjxx_UR_006_"},{"time":0.3,"name":"yhfsdidjxx_UR_009_"},{"time":0.4,"name":"yhfsdidjxx_UR_012_"},{"time":0.5,"name":"yhfsdidjxx_UR_015_"},{"time":0.6,"name":"yhfsdidjxx_UR_018_"},{"time":0.7,"name":"yhfsdidjxx_UR_021_"},{"time":0.8,"name":"yhfsdidjxx_UR_024_"},{"time":0.9,"name":"yhfsdidjxx_UR_027_"},{"time":1,"name":"yhfsdidjxx_UR_030_"},{"time":1.1,"name":"yhfsdidjxx_UR_033_"},{"time":1.2,"name":"yhfsdidjxx_UR_036_"},{"time":1.3,"name":"yhfsdidjxx_UR_039_"},{"time":1.4,"name":"yhfsdidjxx_UR_042_"},{"time":1.5,"name":"yhfsdidjxx_UR_045_"},{"time":1.6,"name":"yhfsdidjxx_UR_048_"},{"time":1.7,"name":"yhfsdidjxx_UR_051_"},{"time":1.8,"name":"yhfsdidjxx_UR_054_"},{"time":1.9,"name":"yhfsdidjxx_UR_057_"},{"time":2,"name":"yhfsdidjxx_UR_060_"},{"time":2.1,"name":"yhfsdidjxx_UR_063_"},{"time":2.2,"name":"yhfsdidjxx_UR_066_"},{"time":2.3,"name":"yhfsdidjxx_UR_069_"},{"time":2.4,"name":"yhfsdidjxx_UR_072_"},{"time":2.5,"name":"yhfsdidjxx_UR_075_"},{"time":2.6,"name":"yhfsdidjxx_UR_078_"},{"time":2.7,"name":"yhfsdidjxx_UR_081_"},{"time":2.8,"name":"yhfsdidjxx_UR_084_"},{"time":2.9,"name":"yhfsdidjxx_UR_087_"},{"time":3,"name":"yhfsdidjxx_UR_090_"},{"time":3.1,"name":"yhfsdidjxx_UR_093_"},{"time":3.2,"name":"yhfsdidjxx_UR_096_"},{"time":3.3,"name":"yhfsdidjxx_UR_099_"},{"time":3.4,"name":"yhfsdidjxx_UR_102_"},{"time":3.5,"name":"yhfsdidjxx_UR_105_"},{"time":3.6,"name":"yhfsdidjxx_UR_108_"},{"time":3.7,"name":"yhfsdidjxx_UR_111_"},{"time":3.8,"name":"yhfsdidjxx_UR_114_"},{"time":3.9,"name":"yhfsdidjxx_UR_117_"},{"time":4,"name":"yhfsdidjxx_UR_120_"},{"time":4.1,"name":"yhfsdidjxx_UR_123_"},{"time":4.2,"name":"yhfsdidjxx_UR_126_"},{"time":4.3,"name":"yhfsdidjxx_UR_129_"},{"time":4.4,"name":"yhfsdidjxx_UR_132_"},{"time":4.5,"name":"yhfsdidjxx_UR_135_"},{"time":4.6,"name":"yhfsdidjxx_UR_138_"},{"time":4.7,"name":"yhfsdidjxx_UR_141_"},{"time":4.8,"name":"yhfsdidjxx_UR_144_"},{"time":4.9,"name":"yhfsdidjxx_UR_147_"},{"time":5,"name":"yhfsdidjxx_UR_150_"},{"time":5.1,"name":"yhfsdidjxx_UR_153_"},{"time":5.2,"name":"yhfsdidjxx_UR_156_"},{"time":5.3,"name":"yhfsdidjxx_UR_159_"},{"time":5.4,"name":"yhfsdidjxx_UR_162_"},{"time":5.5,"name":"yhfsdidjxx_UR_165_"},{"time":5.6,"name":"yhfsdidjxx_UR_166_"},{"time":5.7,"name":null}]}}}}}