{"skeleton":{"hash":"gtyqh/uHCbDABLT1skuLXWOEtRA","spine":"3.7.94","width":800,"height":900,"images":"./images/","audio":"E:/黄金宝箱城堡皮肤-御魂法师2023.3/ae/导出/2/di_gj_group"},"bones":[{"name":"root"},{"name":"ctr","parent":"root","x":-70.39,"y":148.73,"scaleX":1.25,"scaleY":1.25},{"name":"yhfsdigj_UL_","parent":"ctr"},{"name":"yhfsdigj_UR_","parent":"ctr"},{"name":"yhfsdigj_DL_","parent":"ctr"},{"name":"yhfsdigj_DR_","parent":"ctr"}],"slots":[{"name":"yhfsdigj_UL_","bone":"yhfsdigj_UL_","attachment":"yhfsdigj_UL_000_"},{"name":"yhfsdigj_UR_","bone":"yhfsdigj_UR_","attachment":"yhfsdigj_UR_000_"},{"name":"yhfsdigj_DL_","bone":"yhfsdigj_DL_","attachment":"yhfsdigj_DL_000_"},{"name":"yhfsdigj_DR_","bone":"yhfsdigj_DR_","attachment":"yhfsdigj_DR_000_"}],"skins":{"default":{"yhfsdigj_DL_":{"yhfsdigj_DL_000_":{"x":-134,"y":-204.5,"width":268,"height":409},"yhfsdigj_DL_003_":{"x":-134,"y":-204.5,"width":268,"height":409},"yhfsdigj_DL_006_":{"x":-134,"y":-204.5,"width":268,"height":409},"yhfsdigj_DL_009_":{"x":-134,"y":-204.5,"width":268,"height":409},"yhfsdigj_DL_012_":{"x":-134,"y":-204.5,"width":268,"height":409},"yhfsdigj_DL_015_":{"x":-134,"y":-204.5,"width":268,"height":409},"yhfsdigj_DL_018_":{"x":-134,"y":-204.5,"width":268,"height":409},"yhfsdigj_DL_021_":{"x":-134,"y":-204.5,"width":268,"height":409},"yhfsdigj_DL_024_":{"x":-134,"y":-204.5,"width":268,"height":409},"yhfsdigj_DL_027_":{"x":-134,"y":-204.5,"width":268,"height":409},"yhfsdigj_DL_030_":{"x":-134,"y":-204.5,"width":268,"height":409},"yhfsdigj_DL_033_":{"x":-134,"y":-204.5,"width":268,"height":409},"yhfsdigj_DL_036_":{"x":-134,"y":-204.5,"width":268,"height":409},"yhfsdigj_DL_039_":{"x":-134,"y":-204.5,"width":268,"height":409},"yhfsdigj_DL_042_":{"x":-134,"y":-204.5,"width":268,"height":409},"yhfsdigj_DL_045_":{"x":-134,"y":-204.5,"width":268,"height":409},"yhfsdigj_DL_048_":{"x":-134,"y":-204.5,"width":268,"height":409},"yhfsdigj_DL_051_":{"x":-134,"y":-204.5,"width":268,"height":409},"yhfsdigj_DL_054_":{"x":-134,"y":-204.5,"width":268,"height":409},"yhfsdigj_DL_057_":{"x":-134,"y":-204.5,"width":268,"height":409},"yhfsdigj_DL_060_":{"x":-134,"y":-204.5,"width":268,"height":409},"yhfsdigj_DL_063_":{"x":-134,"y":-204.5,"width":268,"height":409},"yhfsdigj_DL_066_":{"x":-134,"y":-204.5,"width":268,"height":409},"yhfsdigj_DL_069_":{"x":-134,"y":-204.5,"width":268,"height":409},"yhfsdigj_DL_072_":{"x":-134,"y":-204.5,"width":268,"height":409},"yhfsdigj_DL_075_":{"x":-134,"y":-204.5,"width":268,"height":409}},"yhfsdigj_DR_":{"yhfsdigj_DR_000_":{"x":186,"y":-204.5,"width":372,"height":409},"yhfsdigj_DR_003_":{"x":186,"y":-204.5,"width":372,"height":409},"yhfsdigj_DR_006_":{"x":186,"y":-204.5,"width":372,"height":409},"yhfsdigj_DR_009_":{"x":186,"y":-204.5,"width":372,"height":409},"yhfsdigj_DR_012_":{"x":186,"y":-204.5,"width":372,"height":409},"yhfsdigj_DR_015_":{"x":186,"y":-204.5,"width":372,"height":409},"yhfsdigj_DR_018_":{"x":186,"y":-204.5,"width":372,"height":409},"yhfsdigj_DR_021_":{"x":186,"y":-204.5,"width":372,"height":409},"yhfsdigj_DR_024_":{"x":186,"y":-204.5,"width":372,"height":409},"yhfsdigj_DR_027_":{"x":186,"y":-204.5,"width":372,"height":409},"yhfsdigj_DR_030_":{"x":186,"y":-204.5,"width":372,"height":409},"yhfsdigj_DR_033_":{"x":186,"y":-204.5,"width":372,"height":409},"yhfsdigj_DR_036_":{"x":186,"y":-204.5,"width":372,"height":409},"yhfsdigj_DR_039_":{"x":186,"y":-204.5,"width":372,"height":409},"yhfsdigj_DR_042_":{"x":186,"y":-204.5,"width":372,"height":409},"yhfsdigj_DR_045_":{"x":186,"y":-204.5,"width":372,"height":409},"yhfsdigj_DR_048_":{"x":186,"y":-204.5,"width":372,"height":409},"yhfsdigj_DR_051_":{"x":186,"y":-204.5,"width":372,"height":409},"yhfsdigj_DR_054_":{"x":186,"y":-204.5,"width":372,"height":409},"yhfsdigj_DR_057_":{"x":186,"y":-204.5,"width":372,"height":409},"yhfsdigj_DR_060_":{"x":186,"y":-204.5,"width":372,"height":409},"yhfsdigj_DR_063_":{"x":186,"y":-204.5,"width":372,"height":409},"yhfsdigj_DR_066_":{"x":186,"y":-204.5,"width":372,"height":409},"yhfsdigj_DR_069_":{"x":186,"y":-204.5,"width":372,"height":409},"yhfsdigj_DR_072_":{"x":186,"y":-204.5,"width":372,"height":409},"yhfsdigj_DR_075_":{"x":186,"y":-204.5,"width":372,"height":409}},"yhfsdigj_UL_":{"yhfsdigj_UL_000_":{"x":-134,"y":155.5,"width":268,"height":311},"yhfsdigj_UL_003_":{"x":-134,"y":155.5,"width":268,"height":311},"yhfsdigj_UL_006_":{"x":-134,"y":155.5,"width":268,"height":311},"yhfsdigj_UL_009_":{"x":-134,"y":155.5,"width":268,"height":311},"yhfsdigj_UL_012_":{"x":-134,"y":155.5,"width":268,"height":311},"yhfsdigj_UL_015_":{"x":-134,"y":155.5,"width":268,"height":311},"yhfsdigj_UL_018_":{"x":-134,"y":155.5,"width":268,"height":311},"yhfsdigj_UL_021_":{"x":-134,"y":155.5,"width":268,"height":311},"yhfsdigj_UL_024_":{"x":-134,"y":155.5,"width":268,"height":311},"yhfsdigj_UL_027_":{"x":-134,"y":155.5,"width":268,"height":311},"yhfsdigj_UL_030_":{"x":-134,"y":155.5,"width":268,"height":311},"yhfsdigj_UL_033_":{"x":-134,"y":155.5,"width":268,"height":311},"yhfsdigj_UL_036_":{"x":-134,"y":155.5,"width":268,"height":311},"yhfsdigj_UL_039_":{"x":-134,"y":155.5,"width":268,"height":311},"yhfsdigj_UL_042_":{"x":-134,"y":155.5,"width":268,"height":311},"yhfsdigj_UL_045_":{"x":-134,"y":155.5,"width":268,"height":311},"yhfsdigj_UL_048_":{"x":-134,"y":155.5,"width":268,"height":311},"yhfsdigj_UL_051_":{"x":-134,"y":155.5,"width":268,"height":311},"yhfsdigj_UL_054_":{"x":-134,"y":155.5,"width":268,"height":311},"yhfsdigj_UL_057_":{"x":-134,"y":155.5,"width":268,"height":311},"yhfsdigj_UL_060_":{"x":-134,"y":155.5,"width":268,"height":311},"yhfsdigj_UL_063_":{"x":-134,"y":155.5,"width":268,"height":311},"yhfsdigj_UL_066_":{"x":-134,"y":155.5,"width":268,"height":311},"yhfsdigj_UL_069_":{"x":-134,"y":155.5,"width":268,"height":311},"yhfsdigj_UL_072_":{"x":-134,"y":155.5,"width":268,"height":311},"yhfsdigj_UL_075_":{"x":-134,"y":155.5,"width":268,"height":311}},"yhfsdigj_UR_":{"yhfsdigj_UR_000_":{"x":186,"y":155.5,"width":372,"height":311},"yhfsdigj_UR_003_":{"x":186,"y":155.5,"width":372,"height":311},"yhfsdigj_UR_006_":{"x":186,"y":155.5,"width":372,"height":311},"yhfsdigj_UR_009_":{"x":186,"y":155.5,"width":372,"height":311},"yhfsdigj_UR_012_":{"x":186,"y":155.5,"width":372,"height":311},"yhfsdigj_UR_015_":{"x":186,"y":155.5,"width":372,"height":311},"yhfsdigj_UR_018_":{"x":186,"y":155.5,"width":372,"height":311},"yhfsdigj_UR_021_":{"x":186,"y":155.5,"width":372,"height":311},"yhfsdigj_UR_024_":{"x":186,"y":155.5,"width":372,"height":311},"yhfsdigj_UR_027_":{"x":186,"y":155.5,"width":372,"height":311},"yhfsdigj_UR_030_":{"x":186,"y":155.5,"width":372,"height":311},"yhfsdigj_UR_033_":{"x":186,"y":155.5,"width":372,"height":311},"yhfsdigj_UR_036_":{"x":186,"y":155.5,"width":372,"height":311},"yhfsdigj_UR_039_":{"x":186,"y":155.5,"width":372,"height":311},"yhfsdigj_UR_042_":{"x":186,"y":155.5,"width":372,"height":311},"yhfsdigj_UR_045_":{"x":186,"y":155.5,"width":372,"height":311},"yhfsdigj_UR_048_":{"x":186,"y":155.5,"width":372,"height":311},"yhfsdigj_UR_051_":{"x":186,"y":155.5,"width":372,"height":311},"yhfsdigj_UR_054_":{"x":186,"y":155.5,"width":372,"height":311},"yhfsdigj_UR_057_":{"x":186,"y":155.5,"width":372,"height":311},"yhfsdigj_UR_060_":{"x":186,"y":155.5,"width":372,"height":311},"yhfsdigj_UR_063_":{"x":186,"y":155.5,"width":372,"height":311},"yhfsdigj_UR_066_":{"x":186,"y":155.5,"width":372,"height":311},"yhfsdigj_UR_069_":{"x":186,"y":155.5,"width":372,"height":311},"yhfsdigj_UR_072_":{"x":186,"y":155.5,"width":372,"height":311},"yhfsdigj_UR_075_":{"x":186,"y":155.5,"width":372,"height":311}}}},"animations":{"animation":{"slots":{"yhfsdigj_DL_":{"attachment":[{"time":0.1,"name":"yhfsdigj_DL_003_"},{"time":0.2,"name":"yhfsdigj_DL_006_"},{"time":0.3,"name":"yhfsdigj_DL_009_"},{"time":0.4,"name":"yhfsdigj_DL_012_"},{"time":0.5,"name":"yhfsdigj_DL_015_"},{"time":0.6,"name":"yhfsdigj_DL_018_"},{"time":0.7,"name":"yhfsdigj_DL_021_"},{"time":0.8,"name":"yhfsdigj_DL_024_"},{"time":0.9,"name":"yhfsdigj_DL_027_"},{"time":1,"name":"yhfsdigj_DL_030_"},{"time":1.1,"name":"yhfsdigj_DL_033_"},{"time":1.2,"name":"yhfsdigj_DL_036_"},{"time":1.3,"name":"yhfsdigj_DL_039_"},{"time":1.4,"name":"yhfsdigj_DL_042_"},{"time":1.5,"name":"yhfsdigj_DL_045_"},{"time":1.6,"name":"yhfsdigj_DL_048_"},{"time":1.7,"name":"yhfsdigj_DL_051_"},{"time":1.8,"name":"yhfsdigj_DL_054_"},{"time":1.9,"name":"yhfsdigj_DL_057_"},{"time":2,"name":"yhfsdigj_DL_060_"},{"time":2.1,"name":"yhfsdigj_DL_063_"},{"time":2.2,"name":"yhfsdigj_DL_066_"},{"time":2.3,"name":"yhfsdigj_DL_069_"},{"time":2.4,"name":"yhfsdigj_DL_072_"},{"time":2.5,"name":"yhfsdigj_DL_075_"},{"time":2.6,"name":null}]},"yhfsdigj_DR_":{"attachment":[{"time":0.1,"name":"yhfsdigj_DR_003_"},{"time":0.2,"name":"yhfsdigj_DR_006_"},{"time":0.3,"name":"yhfsdigj_DR_009_"},{"time":0.4,"name":"yhfsdigj_DR_012_"},{"time":0.5,"name":"yhfsdigj_DR_015_"},{"time":0.6,"name":"yhfsdigj_DR_018_"},{"time":0.7,"name":"yhfsdigj_DR_021_"},{"time":0.8,"name":"yhfsdigj_DR_024_"},{"time":0.9,"name":"yhfsdigj_DR_027_"},{"time":1,"name":"yhfsdigj_DR_030_"},{"time":1.1,"name":"yhfsdigj_DR_033_"},{"time":1.2,"name":"yhfsdigj_DR_036_"},{"time":1.3,"name":"yhfsdigj_DR_039_"},{"time":1.4,"name":"yhfsdigj_DR_042_"},{"time":1.5,"name":"yhfsdigj_DR_045_"},{"time":1.6,"name":"yhfsdigj_DR_048_"},{"time":1.7,"name":"yhfsdigj_DR_051_"},{"time":1.8,"name":"yhfsdigj_DR_054_"},{"time":1.9,"name":"yhfsdigj_DR_057_"},{"time":2,"name":"yhfsdigj_DR_060_"},{"time":2.1,"name":"yhfsdigj_DR_063_"},{"time":2.2,"name":"yhfsdigj_DR_066_"},{"time":2.3,"name":"yhfsdigj_DR_069_"},{"time":2.4,"name":"yhfsdigj_DR_072_"},{"time":2.5,"name":"yhfsdigj_DR_075_"},{"time":2.6,"name":null}]},"yhfsdigj_UL_":{"attachment":[{"time":0.1,"name":"yhfsdigj_UL_003_"},{"time":0.2,"name":"yhfsdigj_UL_006_"},{"time":0.3,"name":"yhfsdigj_UL_009_"},{"time":0.4,"name":"yhfsdigj_UL_012_"},{"time":0.5,"name":"yhfsdigj_UL_015_"},{"time":0.6,"name":"yhfsdigj_UL_018_"},{"time":0.7,"name":"yhfsdigj_UL_021_"},{"time":0.8,"name":"yhfsdigj_UL_024_"},{"time":0.9,"name":"yhfsdigj_UL_027_"},{"time":1,"name":"yhfsdigj_UL_030_"},{"time":1.1,"name":"yhfsdigj_UL_033_"},{"time":1.2,"name":"yhfsdigj_UL_036_"},{"time":1.3,"name":"yhfsdigj_UL_039_"},{"time":1.4,"name":"yhfsdigj_UL_042_"},{"time":1.5,"name":"yhfsdigj_UL_045_"},{"time":1.6,"name":"yhfsdigj_UL_048_"},{"time":1.7,"name":"yhfsdigj_UL_051_"},{"time":1.8,"name":"yhfsdigj_UL_054_"},{"time":1.9,"name":"yhfsdigj_UL_057_"},{"time":2,"name":"yhfsdigj_UL_060_"},{"time":2.1,"name":"yhfsdigj_UL_063_"},{"time":2.2,"name":"yhfsdigj_UL_066_"},{"time":2.3,"name":"yhfsdigj_UL_069_"},{"time":2.4,"name":"yhfsdigj_UL_072_"},{"time":2.5,"name":"yhfsdigj_UL_075_"},{"time":2.6,"name":null}]},"yhfsdigj_UR_":{"attachment":[{"time":0.1,"name":"yhfsdigj_UR_003_"},{"time":0.2,"name":"yhfsdigj_UR_006_"},{"time":0.3,"name":"yhfsdigj_UR_009_"},{"time":0.4,"name":"yhfsdigj_UR_012_"},{"time":0.5,"name":"yhfsdigj_UR_015_"},{"time":0.6,"name":"yhfsdigj_UR_018_"},{"time":0.7,"name":"yhfsdigj_UR_021_"},{"time":0.8,"name":"yhfsdigj_UR_024_"},{"time":0.9,"name":"yhfsdigj_UR_027_"},{"time":1,"name":"yhfsdigj_UR_030_"},{"time":1.1,"name":"yhfsdigj_UR_033_"},{"time":1.2,"name":"yhfsdigj_UR_036_"},{"time":1.3,"name":"yhfsdigj_UR_039_"},{"time":1.4,"name":"yhfsdigj_UR_042_"},{"time":1.5,"name":"yhfsdigj_UR_045_"},{"time":1.6,"name":"yhfsdigj_UR_048_"},{"time":1.7,"name":"yhfsdigj_UR_051_"},{"time":1.8,"name":"yhfsdigj_UR_054_"},{"time":1.9,"name":"yhfsdigj_UR_057_"},{"time":2,"name":"yhfsdigj_UR_060_"},{"time":2.1,"name":"yhfsdigj_UR_063_"},{"time":2.2,"name":"yhfsdigj_UR_066_"},{"time":2.3,"name":"yhfsdigj_UR_069_"},{"time":2.4,"name":"yhfsdigj_UR_072_"},{"time":2.5,"name":"yhfsdigj_UR_075_"},{"time":2.6,"name":null}]}}}}}