{"skeleton":{"hash":"6DuVmZdEWQxQOnIbgOA/7smrDGM","spine":"3.7.94","width":434.4,"height":484},"bones":[{"name":"root","scaleX":0.8,"scaleY":0.8}],"slots":[{"name":"angel_00001_","bone":"root","attachment":"angel_00001_"},{"name":"angel_00001a_","bone":"root","attachment":"angel_00001a_"},{"name":"angel_00002_","bone":"root","attachment":"angel_00002_"},{"name":"angel_00002a_","bone":"root","attachment":"angel_00002a_"},{"name":"angel_00003_","bone":"root","attachment":"angel_00003_"},{"name":"angel_00003b_","bone":"root","attachment":"angel_00003b_"},{"name":"angel_00003a_","bone":"root","attachment":"angel_00003a_"},{"name":"angel_00004_","bone":"root","attachment":"angel_00004_"},{"name":"angel_00004b_","bone":"root","attachment":"angel_00004b_"},{"name":"angel_00004a_","bone":"root","attachment":"angel_00004a_"},{"name":"angel_00005_","bone":"root","attachment":"angel_00005_"},{"name":"angel_00005a_","bone":"root","attachment":"angel_00005a_"},{"name":"angel_00005b_","bone":"root","attachment":"angel_00005b_"},{"name":"angel_00006_","bone":"root","attachment":"angel_00006_"},{"name":"angel_00006a_","bone":"root","attachment":"angel_00006a_"},{"name":"angel_00006b_","bone":"root","attachment":"angel_00006b_"},{"name":"angel_00007_","bone":"root","attachment":"angel_00007_"},{"name":"angel_00007a_","bone":"root","attachment":"angel_00007a_"},{"name":"angel_00007b_","bone":"root","attachment":"angel_00007b_"},{"name":"angel_00008_","bone":"root","attachment":"angel_00008_"},{"name":"angel_00008b_","bone":"root","attachment":"angel_00008b_"},{"name":"angel_00008a_","bone":"root","attachment":"angel_00008a_"},{"name":"angel_00009_","bone":"root","attachment":"angel_00009_"},{"name":"angel_00009a_","bone":"root","attachment":"angel_00009a_"},{"name":"angel_00010_","bone":"root","attachment":"angel_00010_"},{"name":"angel_00010a_","bone":"root","attachment":"angel_00010a_"},{"name":"angel_00011_","bone":"root","attachment":"angel_00011_"},{"name":"angel_00011a_","bone":"root","attachment":"angel_00011a_"},{"name":"angel_00012_","bone":"root","attachment":"angel_00012_"},{"name":"angel_00012a_","bone":"root","attachment":"angel_00012a_"},{"name":"angel_00013_","bone":"root","attachment":"angel_00013_"},{"name":"angel_00013a_","bone":"root","attachment":"angel_00013a_"},{"name":"angel_00014_","bone":"root","attachment":"angel_00014_"},{"name":"angel_00014b_","bone":"root","attachment":"angel_00014b_"},{"name":"angel_00014a_","bone":"root","attachment":"angel_00014a_"},{"name":"angel_00015_","bone":"root","attachment":"angel_00015_"},{"name":"angel_00015a_","bone":"root","attachment":"angel_00015a_"},{"name":"angel_00015b_","bone":"root","attachment":"angel_00015b_"},{"name":"angel_00016_","bone":"root","attachment":"angel_00016_"},{"name":"angel_00016a_","bone":"root","attachment":"angel_00016a_"}],"skins":{"default":{"angel_00001_":{"angel_00001_":{"x":-14.77,"y":247.34,"width":320,"height":580}},"angel_00001a_":{"angel_00001a_":{"x":185.73,"y":289.84,"width":81,"height":157}},"angel_00002_":{"angel_00002_":{"x":-14.27,"y":249.34,"width":323,"height":576}},"angel_00002a_":{"angel_00002a_":{"x":192.23,"y":295.34,"width":90,"height":168}},"angel_00003_":{"angel_00003_":{"x":15.23,"y":247.34,"width":280,"height":580}},"angel_00003a_":{"angel_00003a_":{"x":204.23,"y":296.84,"width":98,"height":167}},"angel_00003b_":{"angel_00003b_":{"x":-149.77,"y":319.84,"width":52,"height":183}},"angel_00004_":{"angel_00004_":{"x":21.23,"y":247.34,"width":274,"height":580}},"angel_00004a_":{"angel_00004a_":{"x":213.73,"y":295.34,"width":111,"height":174}},"angel_00004b_":{"angel_00004b_":{"x":-149.27,"y":331.34,"width":67,"height":192}},"angel_00005_":{"angel_00005_":{"x":19.23,"y":247.34,"width":278,"height":580}},"angel_00005a_":{"angel_00005a_":{"x":-164.27,"y":332.84,"width":89,"height":195}},"angel_00005b_":{"angel_00005b_":{"x":216.73,"y":272.84,"width":117,"height":205}},"angel_00006_":{"angel_00006_":{"x":15.73,"y":245.34,"width":273,"height":584}},"angel_00006a_":{"angel_00006a_":{"x":-179.77,"y":336.84,"width":118,"height":203}},"angel_00006b_":{"angel_00006b_":{"x":214.23,"y":275.34,"width":124,"height":208}},"angel_00007_":{"angel_00007_":{"x":12.23,"y":245.34,"width":262,"height":584}},"angel_00007a_":{"angel_00007a_":{"x":-187.77,"y":337.34,"width":138,"height":204}},"angel_00007b_":{"angel_00007b_":{"x":203.23,"y":293.84,"width":120,"height":199}},"angel_00008_":{"angel_00008_":{"x":10.73,"y":240.34,"width":261,"height":594}},"angel_00008a_":{"angel_00008a_":{"x":-191.77,"y":339.34,"width":144,"height":208}},"angel_00008b_":{"angel_00008b_":{"x":182.73,"y":309.84,"width":83,"height":199}},"angel_00009_":{"angel_00009_":{"x":26.23,"y":236.84,"width":310,"height":601}},"angel_00009a_":{"angel_00009a_":{"x":-197.77,"y":327.34,"width":138,"height":232}},"angel_00010_":{"angel_00010_":{"x":22.23,"y":235.84,"width":306,"height":603}},"angel_00010a_":{"angel_00010a_":{"x":-193.77,"y":318.84,"width":126,"height":239}},"angel_00011_":{"angel_00011_":{"x":29.23,"y":234.84,"width":302,"height":605}},"angel_00011a_":{"angel_00011a_":{"x":-185.77,"y":313.34,"width":128,"height":228}},"angel_00012_":{"angel_00012_":{"x":36.23,"y":234.84,"width":298,"height":605}},"angel_00012a_":{"angel_00012a_":{"x":-179.27,"y":316.84,"width":133,"height":235}},"angel_00013_":{"angel_00013_":{"x":35.23,"y":235.34,"width":308,"height":604}},"angel_00013a_":{"angel_00013a_":{"x":-177.27,"y":315.34,"width":117,"height":232}},"angel_00014_":{"angel_00014_":{"x":10.23,"y":236.34,"width":250,"height":602}},"angel_00014a_":{"angel_00014a_":{"x":-168.27,"y":305.84,"width":107,"height":213}},"angel_00014b_":{"angel_00014b_":{"x":167.73,"y":290.34,"width":65,"height":182}},"angel_00015_":{"angel_00015_":{"x":12.23,"y":240.84,"width":256,"height":593}},"angel_00015a_":{"angel_00015a_":{"x":175.23,"y":290.84,"width":70,"height":155}},"angel_00015b_":{"angel_00015b_":{"x":-155.27,"y":305.84,"width":79,"height":213}},"angel_00016_":{"angel_00016_":{"x":-9.27,"y":247.34,"width":319,"height":580}},"angel_00016a_":{"angel_00016a_":{"x":187.73,"y":288.34,"width":75,"height":148}}}},"animations":{"dj":{"slots":{"angel_00001_":{"attachment":[{"time":0.1333,"name":null}]},"angel_00001a_":{"attachment":[{"time":0.1333,"name":null}]},"angel_00002_":{"attachment":[{"time":0,"name":null},{"time":0.1333,"name":"angel_00002_"},{"time":0.2667,"name":null}]},"angel_00002a_":{"attachment":[{"time":0,"name":null},{"time":0.1333,"name":"angel_00002a_"},{"time":0.2667,"name":null}]},"angel_00003_":{"attachment":[{"time":0,"name":null},{"time":0.2667,"name":"angel_00003_"},{"time":0.4,"name":null}]},"angel_00003a_":{"attachment":[{"time":0,"name":null},{"time":0.2667,"name":"angel_00003a_"},{"time":0.4,"name":null}]},"angel_00003b_":{"attachment":[{"time":0,"name":null},{"time":0.2667,"name":"angel_00003b_"},{"time":0.4,"name":null}]},"angel_00004_":{"attachment":[{"time":0,"name":null},{"time":0.4,"name":"angel_00004_"},{"time":0.5333,"name":null}]},"angel_00004a_":{"attachment":[{"time":0,"name":null},{"time":0.4,"name":"angel_00004a_"},{"time":0.5333,"name":null}]},"angel_00004b_":{"attachment":[{"time":0,"name":null},{"time":0.4,"name":"angel_00004b_"},{"time":0.5333,"name":null}]},"angel_00005_":{"attachment":[{"time":0,"name":null},{"time":0.5333,"name":"angel_00005_"},{"time":0.6667,"name":null}]},"angel_00005a_":{"attachment":[{"time":0,"name":null},{"time":0.5333,"name":"angel_00005a_"},{"time":0.6667,"name":null}]},"angel_00005b_":{"attachment":[{"time":0,"name":null},{"time":0.5333,"name":"angel_00005b_"},{"time":0.6667,"name":null}]},"angel_00006_":{"attachment":[{"time":0,"name":null},{"time":0.6667,"name":"angel_00006_"},{"time":0.8,"name":null}]},"angel_00006a_":{"attachment":[{"time":0,"name":null},{"time":0.6667,"name":"angel_00006a_"},{"time":0.8,"name":null}]},"angel_00006b_":{"attachment":[{"time":0,"name":null},{"time":0.6667,"name":"angel_00006b_"},{"time":0.8,"name":null}]},"angel_00007_":{"attachment":[{"time":0,"name":null},{"time":0.8,"name":"angel_00007_"},{"time":0.9333,"name":null}]},"angel_00007a_":{"attachment":[{"time":0,"name":null},{"time":0.8,"name":"angel_00007a_"},{"time":0.9333,"name":null}]},"angel_00007b_":{"attachment":[{"time":0,"name":null},{"time":0.8,"name":"angel_00007b_"},{"time":0.9333,"name":null}]},"angel_00008_":{"attachment":[{"time":0,"name":null},{"time":0.9333,"name":"angel_00008_"},{"time":1.0667,"name":null}]},"angel_00008a_":{"attachment":[{"time":0,"name":null},{"time":0.9333,"name":"angel_00008a_"},{"time":1.0667,"name":null}]},"angel_00008b_":{"attachment":[{"time":0,"name":null},{"time":0.9333,"name":"angel_00008b_"},{"time":1.0667,"name":null}]},"angel_00009_":{"attachment":[{"time":0,"name":null},{"time":1.0667,"name":"angel_00009_"},{"time":1.2,"name":null}]},"angel_00009a_":{"attachment":[{"time":0,"name":null},{"time":1.0667,"name":"angel_00009a_"},{"time":1.2,"name":null}]},"angel_00010_":{"attachment":[{"time":0,"name":null},{"time":1.2,"name":"angel_00010_"},{"time":1.3333,"name":null}]},"angel_00010a_":{"attachment":[{"time":0,"name":null},{"time":1.2,"name":"angel_00010a_"},{"time":1.3333,"name":null}]},"angel_00011_":{"attachment":[{"time":0,"name":null},{"time":1.3333,"name":"angel_00011_"},{"time":1.4667,"name":null}]},"angel_00011a_":{"attachment":[{"time":0,"name":null},{"time":1.3333,"name":"angel_00011a_"},{"time":1.4667,"name":null}]},"angel_00012_":{"attachment":[{"time":0,"name":null},{"time":1.4667,"name":"angel_00012_"},{"time":1.6,"name":null}]},"angel_00012a_":{"attachment":[{"time":0,"name":null},{"time":1.4667,"name":"angel_00012a_"},{"time":1.6,"name":null}]},"angel_00013_":{"attachment":[{"time":0,"name":null},{"time":1.6,"name":"angel_00013_"},{"time":1.7333,"name":null}]},"angel_00013a_":{"attachment":[{"time":0,"name":null},{"time":1.6,"name":"angel_00013a_"},{"time":1.7333,"name":null}]},"angel_00014_":{"attachment":[{"time":0,"name":null},{"time":1.7333,"name":"angel_00014_"},{"time":1.8667,"name":null}]},"angel_00014a_":{"attachment":[{"time":0,"name":null},{"time":1.7333,"name":"angel_00014a_"},{"time":1.8667,"name":null}]},"angel_00014b_":{"attachment":[{"time":0,"name":null},{"time":1.7333,"name":"angel_00014b_"},{"time":1.8667,"name":null}]},"angel_00015_":{"attachment":[{"time":0,"name":null},{"time":1.8667,"name":"angel_00015_"},{"time":2,"name":null}]},"angel_00015a_":{"attachment":[{"time":0,"name":null},{"time":1.8667,"name":"angel_00015a_"},{"time":2,"name":null}]},"angel_00015b_":{"attachment":[{"time":0,"name":null},{"time":1.8667,"name":"angel_00015b_"},{"time":2,"name":null}]},"angel_00016_":{"attachment":[{"time":0,"name":null},{"time":2,"name":"angel_00016_"}]},"angel_00016a_":{"attachment":[{"time":0,"name":null},{"time":2,"name":"angel_00016a_"}]}}}}}