{"skeleton":{"hash":"RuMFmx+FabMZlzQ2TolXtaibz9c","spine":"3.7.94","width":0,"height":0,"images":"./images/","audio":"D:/COK项目/UI分层/6周年世界争霸主题活动/images"},"bones":[{"name":"root"},{"name":"R_01_","parent":"root","x":295.2,"y":-89.79},{"name":"R_02_","parent":"root","x":124.63,"y":66.72},{"name":"R_03_","parent":"root","x":271.35,"y":86.56},{"name":"R_04_","parent":"root","x":226.45,"y":122.34},{"name":"L_01_","parent":"root","x":-289.08,"y":-118.66},{"name":"L_02_","parent":"root","x":-120.57,"y":68.43},{"name":"L_03_","parent":"root","x":-282.77,"y":63.95},{"name":"L_04_","parent":"root","x":-162.33,"y":95.56},{"name":"angel_","parent":"root","x":14.72,"y":111.94},{"name":"angel_chi_R_","parent":"angel_","x":7.31,"y":31.99},{"name":"angel_chi_L_","parent":"angel_","x":-6.66,"y":31.16},{"name":"angel_glow_","parent":"angel_","x":-0.52,"y":44.98},{"name":"angel_glow_2","parent":"angel_","x":-0.52,"y":44.98},{"name":"fire_","parent":"root","scaleX":2,"scaleY":2},{"name":"huangguan_lg_","parent":"root","scaleX":2,"scaleY":2},{"name":"jinshu_down_lg_","parent":"root","scaleX":2,"scaleY":2},{"name":"jinshu_up_lg","parent":"root","scaleX":2,"scaleY":2},{"name":"bird_","parent":"root","x":393.2,"y":386.95}],"slots":[{"name":"back_up_","bone":"root"},{"name":"back_up_2","bone":"root","blend":"additive"},{"name":"angel_glow_","bone":"angel_glow_"},{"name":"angel_glow_2","bone":"angel_glow_2","blend":"screen"},{"name":"angel_chi_L_","bone":"angel_chi_L_"},{"name":"angel_chi_R_","bone":"angel_chi_R_"},{"name":"angel_","bone":"angel_"},{"name":"L_04_","bone":"L_04_"},{"name":"L_03_","bone":"L_03_"},{"name":"L_02_","bone":"L_02_"},{"name":"R_04_","bone":"R_04_"},{"name":"R_03_","bone":"R_03_"},{"name":"R_02_","bone":"R_02_"},{"name":"R_bird_","bone":"R_02_"},{"name":"fire_00_","bone":"fire_","blend":"additive"},{"name":"L_01_","bone":"L_01_"},{"name":"R_01_","bone":"R_01_"},{"name":"fire_glow_D_","bone":"root"},{"name":"fire_glow_D_2","bone":"root","blend":"additive"},{"name":"fire_glow_M_","bone":"root"},{"name":"fire_glow_M_2","bone":"root","blend":"additive"},{"name":"fire_back_","bone":"root"},{"name":"fire_glow_U_","bone":"root"},{"name":"fire_glow_U_2","bone":"root","blend":"additive"},{"name":"ice_glow_D_","bone":"root"},{"name":"ice_glow_D_2","bone":"root","blend":"additive"},{"name":"ice_glow_M_","bone":"root"},{"name":"ice_glow_M_2","bone":"root","blend":"additive"},{"name":"ice_back_","bone":"root"},{"name":"ice_glow_U_","bone":"root"},{"name":"bird_","bone":"bird_"},{"name":"ice_glow_U_2","bone":"root","blend":"additive"},{"name":"title_bg_glow02_","bone":"root"},{"name":"title_bg_glow01_","bone":"root"},{"name":"jinshu_down_","bone":"root"},{"name":"jinshu_up_","bone":"root"},{"name":"line_light_","bone":"root"},{"name":"huangguan_","bone":"root"},{"name":"raylight04_","bone":"root","blend":"additive"},{"name":"raylight03_","bone":"root","blend":"additive"},{"name":"raylight03_2","bone":"root","blend":"additive"},{"name":"raylight02_","bone":"root","blend":"additive"},{"name":"raylight02_2","bone":"root","blend":"additive"},{"name":"raylight01_","bone":"root","blend":"additive"},{"name":"jinshu_down_lg_00_","bone":"jinshu_down_lg_","blend":"additive"},{"name":"jinshu_up_lg_01_","bone":"jinshu_up_lg","blend":"additive"},{"name":"huangguan_lg_02_","bone":"huangguan_lg_","blend":"additive"}],"skins":{"default":{"L_01_":{"L_01_":{"x":80,"y":103.05,"scaleX":1.1,"width":226,"height":341}},"L_02_":{"L_02_":{"x":-2.07,"y":-44.04,"width":296,"height":283}},"L_03_":{"L_03_":{"x":43.13,"y":21.43,"width":162,"height":348}},"L_04_":{"L_04_":{"x":24.19,"y":51.33,"width":131,"height":190}},"R_01_":{"R_01_":{"x":-83.4,"y":76.67,"scaleX":1.02,"scaleY":1.02,"width":226,"height":400}},"R_02_":{"R_02_":{"x":-0.27,"y":-23.33,"width":214,"height":379}},"R_03_":{"R_03_":{"x":-38.99,"y":10.82,"width":178,"height":217}},"R_04_":{"R_04_":{"x":-11.09,"y":31.05,"width":108,"height":207}},"R_bird_":{"R_bird_":{"x":53.73,"y":45.17,"width":62,"height":80}},"angel_":{"angel_":{"x":1.64,"y":-0.56,"width":132,"height":147}},"angel_chi_L_":{"angel_chi_L_":{"x":-35.7,"y":44.78,"width":74,"height":126}},"angel_chi_R_":{"angel_chi_R_":{"x":37.82,"y":43.95,"width":71,"height":126}},"angel_glow_":{"angel_glow_":{"x":2.65,"y":-8.53,"scaleX":2,"scaleY":2,"width":127,"height":103}},"angel_glow_2":{"angel_glow_":{"x":2.65,"y":-8.53,"scaleX":2,"scaleY":2,"width":127,"height":103}},"back_up_":{"back_up_":{"x":-4.12,"y":172.52,"scaleX":1.1,"scaleY":1.4,"width":642,"height":326}},"back_up_2":{"back_up_":{"x":-4.12,"y":172.52,"scaleX":1.1,"scaleY":1.4,"width":642,"height":326}},"bird_":{"bird_":{"x":0.5,"y":0.5,"scaleX":2,"scaleY":2,"width":141,"height":83}},"fire_00_":{"fire_00_":{"width":300,"height":210},"fire_01_":{"width":300,"height":210},"fire_02_":{"width":300,"height":210},"fire_03_":{"width":300,"height":210},"fire_04_":{"width":300,"height":210},"fire_05_":{"width":300,"height":210},"fire_06_":{"width":300,"height":210},"fire_07_":{"width":300,"height":210},"fire_08_":{"width":300,"height":210},"fire_09_":{"width":300,"height":210},"fire_10_":{"width":300,"height":210},"fire_11_":{"width":300,"height":210},"fire_12_":{"width":300,"height":210},"fire_13_":{"width":300,"height":210},"fire_14_":{"width":300,"height":210},"fire_15_":{"width":300,"height":210},"fire_16_":{"width":300,"height":210},"fire_17_":{"width":300,"height":210},"fire_18_":{"width":300,"height":210},"fire_19_":{"width":300,"height":210},"fire_20_":{"width":300,"height":210},"fire_21_":{"width":300,"height":210},"fire_22_":{"width":300,"height":210},"fire_23_":{"width":300,"height":210},"fire_24_":{"width":300,"height":210},"fire_25_":{"width":300,"height":210},"fire_26_":{"width":300,"height":210},"fire_27_":{"width":300,"height":210},"fire_28_":{"width":300,"height":210},"fire_29_":{"width":300,"height":210}},"fire_back_":{"fire_back_":{"x":-207.15,"y":-228.87,"scaleX":2.1,"scaleY":2.4,"width":120,"height":526}},"fire_glow_D_":{"fire_glow_D_":{"x":0.36,"y":-835.61,"scaleX":2.1,"scaleY":2.02,"width":321,"height":52}},"fire_glow_D_2":{"fire_glow_D_":{"x":0.36,"y":-835.61,"scaleX":2.1,"scaleY":2.02,"width":321,"height":52}},"fire_glow_M_":{"fire_glow_M_":{"x":-279.23,"y":-475.61,"scaleX":2.1,"scaleY":2.2,"width":51,"height":412}},"fire_glow_M_2":{"fire_glow_M_":{"x":-279.23,"y":-475.61,"scaleX":2.1,"scaleY":2.2,"width":51,"height":412}},"fire_glow_U_":{"fire_glow_U_":{"x":-276.15,"y":-24.03,"scaleX":2.1,"scaleY":2.4,"width":51,"height":353}},"fire_glow_U_2":{"fire_glow_U_":{"x":-276.15,"y":-24.03,"scaleX":2.1,"scaleY":2.4,"width":51,"height":353}},"huangguan_":{"huangguan_":{"x":18.36,"y":30.88,"width":130,"height":122}},"huangguan_lg_02_":{"huangguan_lg_02_":{"width":100,"height":90},"huangguan_lg_04_":{"width":100,"height":90},"huangguan_lg_06_":{"width":100,"height":90},"huangguan_lg_08_":{"width":100,"height":90},"huangguan_lg_10_":{"width":100,"height":90},"huangguan_lg_12_":{"width":100,"height":90},"huangguan_lg_14_":{"width":100,"height":90},"huangguan_lg_16_":{"width":100,"height":90},"huangguan_lg_18_":{"width":100,"height":90},"huangguan_lg_20_":{"width":100,"height":90},"huangguan_lg_22_":{"width":100,"height":90},"huangguan_lg_24_":{"width":100,"height":90},"huangguan_lg_26_":{"width":100,"height":90},"huangguan_lg_28_":{"width":100,"height":90},"huangguan_lg_30_":{"width":100,"height":90},"huangguan_lg_32_":{"width":100,"height":90},"huangguan_lg_34_":{"width":100,"height":90},"huangguan_lg_36_":{"width":100,"height":90},"huangguan_lg_38_":{"width":100,"height":90},"huangguan_lg_40_":{"width":100,"height":90},"huangguan_lg_42_":{"width":100,"height":90},"huangguan_lg_44_":{"width":100,"height":90},"huangguan_lg_46_":{"width":100,"height":90},"huangguan_lg_48_":{"width":100,"height":90},"huangguan_lg_50_":{"width":100,"height":90},"huangguan_lg_52_":{"width":100,"height":90},"huangguan_lg_54_":{"width":100,"height":90},"huangguan_lg_56_":{"width":100,"height":90}},"ice_back_":{"ice_back_":{"x":185.67,"y":-277.66,"scaleX":2.1,"scaleY":2.4,"width":141,"height":569}},"ice_glow_D_":{"ice_glow_D_":{"x":144.29,"y":-798.11,"scaleX":2.1,"scaleY":2.02,"width":187,"height":89}},"ice_glow_D_2":{"ice_glow_D_":{"x":144.29,"y":-798.11,"scaleX":2.02,"scaleY":2.02,"width":187,"height":89}},"ice_glow_M_":{"ice_glow_M_":{"x":277.29,"y":-558.61,"scaleX":2.1,"scaleY":2.2,"width":54,"height":245}},"ice_glow_M_2":{"ice_glow_M_":{"x":277.29,"y":-558.61,"scaleX":2.1,"scaleY":2.2,"width":54,"height":245}},"ice_glow_U_":{"ice_glow_U_":{"x":248.67,"y":-37.91,"scaleX":2.1,"scaleY":2.4,"width":78,"height":368}},"ice_glow_U_2":{"ice_glow_U_":{"x":248.67,"y":-37.91,"scaleX":2.1,"scaleY":2.4,"width":78,"height":368}},"jinshu_down_":{"jinshu_down_":{"x":19.36,"y":-108.12,"width":380,"height":78}},"jinshu_down_lg_00_":{"jinshu_down_lg_00_":{"width":210,"height":60},"jinshu_down_lg_02_":{"width":210,"height":60},"jinshu_down_lg_04_":{"width":210,"height":60},"jinshu_down_lg_06_":{"width":210,"height":60},"jinshu_down_lg_08_":{"width":210,"height":60},"jinshu_down_lg_10_":{"width":210,"height":60},"jinshu_down_lg_12_":{"width":210,"height":60},"jinshu_down_lg_14_":{"width":210,"height":60},"jinshu_down_lg_16_":{"width":210,"height":60},"jinshu_down_lg_18_":{"width":210,"height":60},"jinshu_down_lg_20_":{"width":210,"height":60},"jinshu_down_lg_22_":{"width":210,"height":60},"jinshu_down_lg_24_":{"width":210,"height":60},"jinshu_down_lg_26_":{"width":210,"height":60},"jinshu_down_lg_28_":{"width":210,"height":60},"jinshu_down_lg_30_":{"width":210,"height":60},"jinshu_down_lg_32_":{"width":210,"height":60},"jinshu_down_lg_34_":{"width":210,"height":60},"jinshu_down_lg_36_":{"width":210,"height":60},"jinshu_down_lg_38_":{"width":210,"height":60},"jinshu_down_lg_40_":{"width":210,"height":60},"jinshu_down_lg_42_":{"width":210,"height":60},"jinshu_down_lg_44_":{"width":210,"height":60},"jinshu_down_lg_46_":{"width":210,"height":60},"jinshu_down_lg_48_":{"width":210,"height":60},"jinshu_down_lg_50_":{"width":210,"height":60},"jinshu_down_lg_52_":{"width":210,"height":60},"jinshu_down_lg_54_":{"width":210,"height":60},"jinshu_down_lg_56_":{"width":210,"height":60},"jinshu_down_lg_58_":{"width":210,"height":60}},"jinshu_up_":{"jinshu_up_":{"x":20.86,"y":-43.62,"width":447,"height":53}},"jinshu_up_lg_01_":{"jinshu_up_lg_01_":{"width":240,"height":35},"jinshu_up_lg_03_":{"width":240,"height":35},"jinshu_up_lg_05_":{"width":240,"height":35},"jinshu_up_lg_07_":{"width":240,"height":35},"jinshu_up_lg_09_":{"width":240,"height":35},"jinshu_up_lg_11_":{"width":240,"height":35},"jinshu_up_lg_13_":{"width":240,"height":35},"jinshu_up_lg_15_":{"width":240,"height":35},"jinshu_up_lg_17_":{"width":240,"height":35},"jinshu_up_lg_19_":{"width":240,"height":35},"jinshu_up_lg_21_":{"width":240,"height":35},"jinshu_up_lg_23_":{"width":240,"height":35},"jinshu_up_lg_25_":{"width":240,"height":35},"jinshu_up_lg_27_":{"width":240,"height":35},"jinshu_up_lg_29_":{"width":240,"height":35},"jinshu_up_lg_31_":{"width":240,"height":35},"jinshu_up_lg_33_":{"width":240,"height":35},"jinshu_up_lg_35_":{"width":240,"height":35},"jinshu_up_lg_37_":{"width":240,"height":35},"jinshu_up_lg_39_":{"width":240,"height":35},"jinshu_up_lg_41_":{"width":240,"height":35},"jinshu_up_lg_43_":{"width":240,"height":35},"jinshu_up_lg_45_":{"width":240,"height":35},"jinshu_up_lg_47_":{"width":240,"height":35},"jinshu_up_lg_49_":{"width":240,"height":35},"jinshu_up_lg_51_":{"width":240,"height":35},"jinshu_up_lg_53_":{"width":240,"height":35},"jinshu_up_lg_55_":{"width":240,"height":35},"jinshu_up_lg_57_":{"width":240,"height":35}},"line_light_":{"line_light_":{"x":0.36,"y":-34.12,"width":642,"height":22}},"raylight01_":{"raylight01_":{"x":-1.14,"y":43.88,"width":79,"height":38}},"raylight02_":{"raylight02_":{"x":-28.64,"y":25.38,"width":100,"height":45}},"raylight02_2":{"raylight02_":{"x":9.57,"y":59.61,"width":100,"height":45}},"raylight03_":{"raylight03_":{"x":-12.14,"y":18.38,"width":43,"height":107}},"raylight03_2":{"raylight03_":{"x":19.7,"y":56.59,"width":43,"height":107}},"raylight04_":{"raylight04_":{"x":1.36,"y":-18.62,"width":110,"height":55}},"title_bg_glow01_":{"title_bg_glow01_":{"x":43.86,"y":-106.62,"scaleX":2,"scaleY":2,"width":183,"height":58}},"title_bg_glow02_":{"title_bg_glow02_":{"x":36.36,"y":-68.12,"scaleX":2,"scaleY":2,"width":267,"height":97}}}},"animations":{"bottom":{"slots":{"back_up_2":{"color":[{"time":0,"color":"ffffff00","curve":[0.25,0,0.75,1]},{"time":1,"color":"ffffffff","curve":[0.25,0,0.75,1]},{"time":2,"color":"ffffff00","curve":[0.25,0,0.75,1]},{"time":3,"color":"ffffffff","curve":[0.25,0,0.75,1]},{"time":4,"color":"ffffff00"}]},"fire_glow_D_":{"attachment":[{"time":0,"name":"fire_glow_D_"}]},"fire_glow_D_2":{"color":[{"time":0,"color":"ffffffff","curve":[0.25,0,0.75,1]},{"time":1,"color":"ffffff00","curve":[0.25,0,0.75,1]},{"time":2,"color":"ffffffff","curve":[0.25,0,0.75,1]},{"time":3,"color":"ffffff00","curve":[0.25,0,0.75,1]},{"time":4,"color":"ffffffff"}],"attachment":[{"time":0,"name":"fire_glow_D_"}]},"fire_glow_M_2":{"color":[{"time":0,"color":"ffffffff","curve":[0.25,0,0.75,1]},{"time":1,"color":"ffffff00","curve":[0.25,0,0.75,1]},{"time":2,"color":"ffffffff","curve":[0.25,0,0.75,1]},{"time":3,"color":"ffffff00","curve":[0.25,0,0.75,1]},{"time":4,"color":"ffffffff"}]},"fire_glow_U_2":{"color":[{"time":0,"color":"ffffffff","curve":[0.25,0,0.75,1]},{"time":1,"color":"ffffff00","curve":[0.25,0,0.75,1]},{"time":2,"color":"ffffffff","curve":[0.25,0,0.75,1]},{"time":3,"color":"ffffff00","curve":[0.25,0,0.75,1]},{"time":4,"color":"ffffffff"}]},"ice_glow_D_":{"attachment":[{"time":0,"name":"ice_glow_D_"}]},"ice_glow_D_2":{"color":[{"time":0,"color":"ffffffff","curve":[0.25,0,0.75,1]},{"time":1,"color":"ffffff00","curve":[0.25,0,0.75,1]},{"time":2,"color":"ffffffff","curve":[0.25,0,0.75,1]},{"time":3,"color":"ffffff00","curve":[0.25,0,0.75,1]},{"time":4,"color":"ffffffff"}],"attachment":[{"time":0,"name":"ice_glow_D_"}]},"ice_glow_M_2":{"color":[{"time":0,"color":"ffffffff","curve":[0.25,0,0.75,1]},{"time":1,"color":"ffffff00","curve":[0.25,0,0.75,1]},{"time":2,"color":"ffffffff","curve":[0.25,0,0.75,1]},{"time":3,"color":"ffffff00","curve":[0.25,0,0.75,1]},{"time":4,"color":"ffffffff"}]},"ice_glow_U_2":{"color":[{"time":0,"color":"ffffffff","curve":[0.25,0,0.75,1]},{"time":1,"color":"ffffff00","curve":[0.25,0,0.75,1]},{"time":2,"color":"ffffffff","curve":[0.25,0,0.75,1]},{"time":3,"color":"ffffff00","curve":[0.25,0,0.75,1]},{"time":4,"color":"ffffffff"}]},"raylight01_":{"color":[{"time":0,"color":"ffffff00"},{"time":1.5,"color":"ffffff00","curve":[0,0.09,0.75,1]},{"time":1.6667,"color":"ffffffff","curve":[0.25,0,0.909,0.87]},{"time":2.3333,"color":"ffffff00"}]},"raylight02_":{"color":[{"time":0,"color":"ffffff00"},{"time":1,"color":"ffffff00","curve":[0,0.09,0.75,1]},{"time":1.1667,"color":"ffffffff","curve":[0.25,0,0.909,0.87]},{"time":1.8333,"color":"ffffff00"}]},"raylight03_":{"color":[{"time":0,"color":"ffffff00"},{"time":1.1667,"color":"ffffff00","curve":[0,0.09,0.75,1]},{"time":1.3333,"color":"ffffffff","curve":[0.25,0,0.909,0.87]},{"time":2,"color":"ffffff00"}]},"raylight04_":{"color":[{"time":0,"color":"ffffff00"},{"time":0.1667,"color":"ffffff00","curve":[0,0.09,0.75,1]},{"time":0.3333,"color":"ffffffff","curve":[0.25,0,0.909,0.87]},{"time":1,"color":"ffffff00"}]},"raylight02_2":{"color":[{"time":0,"color":"ffffff00"},{"time":1.5,"color":"ffffff00","curve":[0,0.09,0.75,1]},{"time":1.6667,"color":"ffffffff","curve":[0.25,0,0.909,0.87]},{"time":2.3333,"color":"ffffff00"}]},"raylight03_2":{"color":[{"time":0,"color":"ffffff00"},{"time":1.8333,"color":"ffffff00","curve":[0,0.09,0.75,1]},{"time":2,"color":"ffffffff","curve":[0.25,0,0.909,0.87]},{"time":2.6667,"color":"ffffff00"}]}}},"top":{"slots":{"L_01_":{"attachment":[{"time":0,"name":"L_01_"}]},"L_02_":{"attachment":[{"time":0,"name":"L_02_"}]},"L_03_":{"attachment":[{"time":0,"name":"L_03_"}]},"L_04_":{"attachment":[{"time":0,"name":"L_04_"}]},"R_01_":{"attachment":[{"time":0,"name":"R_01_"}]},"R_02_":{"attachment":[{"time":0,"name":"R_02_"}]},"R_03_":{"attachment":[{"time":0,"name":"R_03_"}]},"R_04_":{"attachment":[{"time":0,"name":"R_04_"}]},"R_bird_":{"attachment":[{"time":0,"name":"R_bird_"}]},"angel_":{"attachment":[{"time":0,"name":"angel_"}]},"angel_chi_L_":{"attachment":[{"time":0,"name":"angel_chi_L_"}]},"angel_chi_R_":{"attachment":[{"time":0,"name":"angel_chi_R_"}]},"angel_glow_":{"attachment":[{"time":0,"name":"angel_glow_"}]},"angel_glow_2":{"color":[{"time":0,"color":"ffffffff","curve":[0.25,0,0.75,1]},{"time":1,"color":"ffffff00","curve":[0.25,0,0.75,1]},{"time":2,"color":"ffffffff"}],"attachment":[{"time":0,"name":"angel_glow_"}]},"back_up_":{"attachment":[{"time":0,"name":"back_up_"}]},"back_up_2":{"color":[{"time":0,"color":"ffffff00","curve":[0.25,0,0.75,1]},{"time":1,"color":"ffffffff","curve":[0.25,0,0.75,1]},{"time":2,"color":"ffffff00","curve":[0.25,0,0.75,1]},{"time":3,"color":"ffffffff","curve":[0.25,0,0.75,1]},{"time":4,"color":"ffffff00"}],"attachment":[{"time":0,"name":"back_up_"}]},"bird_":{"attachment":[{"time":0,"name":"bird_"}]},"fire_00_":{"attachment":[{"time":0,"name":"fire_00_"},{"time":0.0667,"name":"fire_01_"},{"time":0.1333,"name":"fire_02_"},{"time":0.2,"name":"fire_03_"},{"time":0.2667,"name":"fire_04_"},{"time":0.3333,"name":"fire_05_"},{"time":0.4,"name":"fire_06_"},{"time":0.4667,"name":"fire_07_"},{"time":0.5333,"name":"fire_08_"},{"time":0.6,"name":"fire_09_"},{"time":0.6667,"name":"fire_10_"},{"time":0.7333,"name":"fire_11_"},{"time":0.8,"name":"fire_12_"},{"time":0.8667,"name":"fire_13_"},{"time":0.9333,"name":"fire_14_"},{"time":1,"name":"fire_15_"},{"time":1.0667,"name":"fire_16_"},{"time":1.1333,"name":"fire_17_"},{"time":1.2,"name":"fire_18_"},{"time":1.2667,"name":"fire_19_"},{"time":1.3333,"name":"fire_20_"},{"time":1.4,"name":"fire_21_"},{"time":1.4667,"name":"fire_22_"},{"time":1.5333,"name":"fire_23_"},{"time":1.6,"name":"fire_24_"},{"time":1.6667,"name":"fire_25_"},{"time":1.7333,"name":"fire_26_"},{"time":1.8,"name":"fire_27_"},{"time":1.8667,"name":"fire_28_"},{"time":1.9333,"name":"fire_29_"},{"time":2,"name":"fire_00_"},{"time":2.0667,"name":"fire_01_"},{"time":2.1333,"name":"fire_02_"},{"time":2.2,"name":"fire_03_"},{"time":2.2667,"name":"fire_04_"},{"time":2.3333,"name":"fire_05_"},{"time":2.4,"name":"fire_06_"},{"time":2.4667,"name":"fire_07_"},{"time":2.5333,"name":"fire_08_"},{"time":2.6,"name":"fire_09_"},{"time":2.6667,"name":"fire_10_"},{"time":2.7333,"name":"fire_11_"},{"time":2.8,"name":"fire_12_"},{"time":2.8667,"name":"fire_13_"},{"time":2.9333,"name":"fire_14_"},{"time":3,"name":"fire_15_"},{"time":3.0667,"name":"fire_16_"},{"time":3.1333,"name":"fire_17_"},{"time":3.2,"name":"fire_18_"},{"time":3.2667,"name":"fire_19_"},{"time":3.3333,"name":"fire_20_"},{"time":3.4,"name":"fire_21_"},{"time":3.4667,"name":"fire_22_"},{"time":3.5333,"name":"fire_23_"},{"time":3.6,"name":"fire_24_"},{"time":3.6667,"name":"fire_25_"},{"time":3.7333,"name":"fire_26_"},{"time":3.8,"name":"fire_27_"},{"time":3.8667,"name":"fire_28_"},{"time":3.9333,"name":"fire_29_"},{"time":4,"name":null}]},"fire_back_":{"attachment":[{"time":0,"name":"fire_back_"}]},"fire_glow_D_2":{"color":[{"time":0,"color":"ffffffff","curve":[0.25,0,0.75,1]},{"time":1,"color":"ffffff00","curve":[0.25,0,0.75,1]},{"time":2,"color":"ffffffff","curve":[0.25,0,0.75,1]},{"time":3,"color":"ffffff00","curve":[0.25,0,0.75,1]},{"time":4,"color":"ffffffff"}]},"fire_glow_M_2":{"color":[{"time":0,"color":"ffffffff","curve":[0.25,0,0.75,1]},{"time":1,"color":"ffffff00","curve":[0.25,0,0.75,1]},{"time":2,"color":"ffffffff","curve":[0.25,0,0.75,1]},{"time":3,"color":"ffffff00","curve":[0.25,0,0.75,1]},{"time":4,"color":"ffffffff"}]},"fire_glow_U_":{"attachment":[{"time":0,"name":"fire_glow_U_"}]},"fire_glow_U_2":{"color":[{"time":0,"color":"ffffffff","curve":[0.25,0,0.75,1]},{"time":1,"color":"ffffff00","curve":[0.25,0,0.75,1]},{"time":2,"color":"ffffffff","curve":[0.25,0,0.75,1]},{"time":3,"color":"ffffff00","curve":[0.25,0,0.75,1]},{"time":4,"color":"ffffffff"}],"attachment":[{"time":0,"name":"fire_glow_U_"}]},"huangguan_":{"attachment":[{"time":0,"name":"huangguan_"}]},"huangguan_lg_02_":{"attachment":[{"time":0,"name":"huangguan_lg_02_"},{"time":0.1333,"name":"huangguan_lg_04_"},{"time":0.2667,"name":"huangguan_lg_06_"},{"time":0.4,"name":"huangguan_lg_08_"},{"time":0.5333,"name":"huangguan_lg_10_"},{"time":0.6667,"name":"huangguan_lg_12_"},{"time":0.8,"name":"huangguan_lg_14_"},{"time":0.9333,"name":"huangguan_lg_16_"},{"time":1.0667,"name":"huangguan_lg_18_"},{"time":1.2,"name":"huangguan_lg_20_"},{"time":1.3333,"name":"huangguan_lg_22_"},{"time":1.4667,"name":"huangguan_lg_24_"},{"time":1.6,"name":"huangguan_lg_26_"},{"time":1.7333,"name":"huangguan_lg_28_"},{"time":1.8667,"name":"huangguan_lg_30_"},{"time":2,"name":"huangguan_lg_32_"},{"time":2.1333,"name":"huangguan_lg_34_"},{"time":2.2667,"name":"huangguan_lg_36_"},{"time":2.4,"name":"huangguan_lg_38_"},{"time":2.5333,"name":"huangguan_lg_40_"},{"time":2.6667,"name":"huangguan_lg_42_"},{"time":2.8,"name":"huangguan_lg_44_"},{"time":2.9333,"name":"huangguan_lg_46_"},{"time":3.0667,"name":"huangguan_lg_48_"},{"time":3.2,"name":"huangguan_lg_50_"},{"time":3.3333,"name":"huangguan_lg_52_"},{"time":3.4667,"name":"huangguan_lg_54_"},{"time":3.6,"name":"huangguan_lg_56_"},{"time":3.7333,"name":null}]},"ice_back_":{"attachment":[{"time":0,"name":"ice_back_"}]},"ice_glow_D_2":{"color":[{"time":0,"color":"ffffffff","curve":[0.25,0,0.75,1]},{"time":1,"color":"ffffff00","curve":[0.25,0,0.75,1]},{"time":2,"color":"ffffffff","curve":[0.25,0,0.75,1]},{"time":3,"color":"ffffff00","curve":[0.25,0,0.75,1]},{"time":4,"color":"ffffffff"}]},"ice_glow_M_2":{"color":[{"time":0,"color":"ffffffff","curve":[0.25,0,0.75,1]},{"time":1,"color":"ffffff00","curve":[0.25,0,0.75,1]},{"time":2,"color":"ffffffff","curve":[0.25,0,0.75,1]},{"time":3,"color":"ffffff00","curve":[0.25,0,0.75,1]},{"time":4,"color":"ffffffff"}]},"ice_glow_U_":{"attachment":[{"time":0,"name":"ice_glow_U_"}]},"ice_glow_U_2":{"color":[{"time":0,"color":"ffffffff","curve":[0.25,0,0.75,1]},{"time":1,"color":"ffffff00","curve":[0.25,0,0.75,1]},{"time":2,"color":"ffffffff","curve":[0.25,0,0.75,1]},{"time":3,"color":"ffffff00","curve":[0.25,0,0.75,1]},{"time":4,"color":"ffffffff"}],"attachment":[{"time":0,"name":"ice_glow_U_"}]},"jinshu_down_":{"attachment":[{"time":0,"name":"jinshu_down_"}]},"jinshu_down_lg_00_":{"attachment":[{"time":0,"name":"jinshu_down_lg_00_"},{"time":0.1333,"name":"jinshu_down_lg_02_"},{"time":0.2667,"name":"jinshu_down_lg_04_"},{"time":0.4,"name":"jinshu_down_lg_06_"},{"time":0.5333,"name":"jinshu_down_lg_08_"},{"time":0.6667,"name":"jinshu_down_lg_10_"},{"time":0.8,"name":"jinshu_down_lg_12_"},{"time":0.9333,"name":"jinshu_down_lg_14_"},{"time":1.0667,"name":"jinshu_down_lg_16_"},{"time":1.2,"name":"jinshu_down_lg_18_"},{"time":1.3333,"name":"jinshu_down_lg_20_"},{"time":1.4667,"name":"jinshu_down_lg_22_"},{"time":1.6,"name":"jinshu_down_lg_24_"},{"time":1.7333,"name":"jinshu_down_lg_26_"},{"time":1.8667,"name":"jinshu_down_lg_28_"},{"time":2,"name":"jinshu_down_lg_30_"},{"time":2.1333,"name":"jinshu_down_lg_32_"},{"time":2.2667,"name":"jinshu_down_lg_34_"},{"time":2.4,"name":"jinshu_down_lg_36_"},{"time":2.5333,"name":"jinshu_down_lg_38_"},{"time":2.6667,"name":"jinshu_down_lg_40_"},{"time":2.8,"name":"jinshu_down_lg_42_"},{"time":2.9333,"name":"jinshu_down_lg_44_"},{"time":3.0667,"name":"jinshu_down_lg_46_"},{"time":3.2,"name":"jinshu_down_lg_48_"},{"time":3.3333,"name":"jinshu_down_lg_50_"},{"time":3.4667,"name":"jinshu_down_lg_52_"},{"time":3.6,"name":"jinshu_down_lg_54_"},{"time":3.7333,"name":"jinshu_down_lg_56_"},{"time":3.8667,"name":"jinshu_down_lg_58_"},{"time":4,"name":null}]},"jinshu_up_":{"attachment":[{"time":0,"name":"jinshu_up_"}]},"jinshu_up_lg_01_":{"attachment":[{"time":0,"name":"jinshu_up_lg_01_"},{"time":0.1333,"name":"jinshu_up_lg_03_"},{"time":0.2667,"name":"jinshu_up_lg_05_"},{"time":0.4,"name":"jinshu_up_lg_07_"},{"time":0.5333,"name":"jinshu_up_lg_09_"},{"time":0.6667,"name":"jinshu_up_lg_11_"},{"time":0.8,"name":"jinshu_up_lg_13_"},{"time":0.9333,"name":"jinshu_up_lg_15_"},{"time":1.0667,"name":"jinshu_up_lg_17_"},{"time":1.2,"name":"jinshu_up_lg_19_"},{"time":1.3333,"name":"jinshu_up_lg_21_"},{"time":1.4667,"name":"jinshu_up_lg_23_"},{"time":1.6,"name":"jinshu_up_lg_25_"},{"time":1.7333,"name":"jinshu_up_lg_27_"},{"time":1.8667,"name":"jinshu_up_lg_29_"},{"time":2,"name":"jinshu_up_lg_31_"},{"time":2.1333,"name":"jinshu_up_lg_33_"},{"time":2.2667,"name":"jinshu_up_lg_35_"},{"time":2.4,"name":"jinshu_up_lg_37_"},{"time":2.5333,"name":"jinshu_up_lg_39_"},{"time":2.6667,"name":"jinshu_up_lg_41_"},{"time":2.8,"name":"jinshu_up_lg_43_"},{"time":2.9333,"name":"jinshu_up_lg_45_"},{"time":3.0667,"name":"jinshu_up_lg_47_"},{"time":3.2,"name":"jinshu_up_lg_49_"},{"time":3.3333,"name":"jinshu_up_lg_51_"},{"time":3.4667,"name":"jinshu_up_lg_53_"},{"time":3.6,"name":"jinshu_up_lg_55_"},{"time":3.7333,"name":"jinshu_up_lg_57_"},{"time":3.8667,"name":null}]},"line_light_":{"attachment":[{"time":0,"name":"line_light_"}]},"raylight01_":{"color":[{"time":0,"color":"ffffff00"},{"time":1.5,"color":"ffffff00","curve":[0,0.09,0.75,1]},{"time":1.6667,"color":"ffffffff","curve":[0.25,0,0.909,0.87]},{"time":2.3333,"color":"ffffff00"}],"attachment":[{"time":0,"name":"raylight01_"}]},"raylight02_":{"color":[{"time":0,"color":"ffffff00"},{"time":1,"color":"ffffff00","curve":[0,0.09,0.75,1]},{"time":1.1667,"color":"ffffffff","curve":[0.25,0,0.909,0.87]},{"time":1.8333,"color":"ffffff00"}],"attachment":[{"time":0,"name":"raylight02_"}]},"raylight03_":{"color":[{"time":0,"color":"ffffff00"},{"time":1.1667,"color":"ffffff00","curve":[0,0.09,0.75,1]},{"time":1.3333,"color":"ffffffff","curve":[0.25,0,0.909,0.87]},{"time":2,"color":"ffffff00"}],"attachment":[{"time":0,"name":"raylight03_"}]},"raylight04_":{"color":[{"time":0,"color":"ffffff00"},{"time":0.1667,"color":"ffffff00","curve":[0,0.09,0.75,1]},{"time":0.3333,"color":"ffffffff","curve":[0.25,0,0.909,0.87]},{"time":1,"color":"ffffff00"}],"attachment":[{"time":0,"name":"raylight04_"}]},"raylight02_2":{"color":[{"time":0,"color":"ffffff00"},{"time":1.5,"color":"ffffff00","curve":[0,0.09,0.75,1]},{"time":1.6667,"color":"ffffffff","curve":[0.25,0,0.909,0.87]},{"time":2.3333,"color":"ffffff00"}],"attachment":[{"time":0,"name":"raylight02_"}]},"raylight03_2":{"color":[{"time":0,"color":"ffffff00"},{"time":1.8333,"color":"ffffff00","curve":[0,0.09,0.75,1]},{"time":2,"color":"ffffffff","curve":[0.25,0,0.909,0.87]},{"time":2.6667,"color":"ffffff00"}],"attachment":[{"time":0,"name":"raylight03_"}]},"title_bg_glow01_":{"attachment":[{"time":0,"name":"title_bg_glow01_"}]},"title_bg_glow02_":{"attachment":[{"time":0,"name":"title_bg_glow02_"}]}},"bones":{"R_04_":{"scale":[{"time":0,"x":1.01,"y":1.008,"curve":[0.25,0,0.75,1]},{"time":0.8333,"x":1,"y":1,"curve":[0.25,0,0.75,1]},{"time":2,"x":1.01,"y":1.008,"curve":[0.25,0,0.75,1]},{"time":2.8333,"x":1,"y":1,"curve":[0.25,0,0.75,1]},{"time":4,"x":1.01,"y":1.008}]},"R_03_":{"scale":[{"time":0,"x":1.01,"y":1.008,"curve":[0.25,0,0.75,1]},{"time":0.8333,"x":1,"y":1,"curve":[0.25,0,0.75,1]},{"time":2,"x":1.01,"y":1.008,"curve":[0.25,0,0.75,1]},{"time":2.8333,"x":1,"y":1,"curve":[0.25,0,0.75,1]},{"time":4,"x":1.01,"y":1.008}]},"L_01_":{"scale":[{"time":0,"x":1,"y":1,"curve":[0.25,0,0.75,1]},{"time":1.1667,"x":1.01,"y":1.008,"curve":[0.25,0,0.75,1]},{"time":2,"x":1,"y":1,"curve":[0.25,0,0.75,1]},{"time":3.1667,"x":1.01,"y":1.008,"curve":[0.25,0,0.75,1]},{"time":4,"x":1,"y":1}]},"L_02_":{"scale":[{"time":0,"x":1.01,"y":1.01,"curve":[0.25,0,0.75,1]},{"time":1,"x":1,"y":1,"curve":[0.25,0,0.75,1]},{"time":2,"x":1.01,"y":1.01,"curve":[0.25,0,0.75,1]},{"time":3,"x":1,"y":1,"curve":[0.25,0,0.75,1]},{"time":4,"x":1.01,"y":1.01}]},"L_03_":{"scale":[{"time":0,"x":1,"y":1,"curve":[0.25,0,0.75,1]},{"time":1.1667,"x":1.01,"y":1.008,"curve":[0.25,0,0.75,1]},{"time":2,"x":1,"y":1,"curve":[0.25,0,0.75,1]},{"time":3.1667,"x":1.01,"y":1.008,"curve":[0.25,0,0.75,1]},{"time":4,"x":1,"y":1}]},"L_04_":{"scale":[{"time":0,"x":1.01,"y":1.008,"curve":[0.25,0,0.75,1]},{"time":0.8333,"x":1,"y":1,"curve":[0.25,0,0.75,1]},{"time":2,"x":1.01,"y":1.008,"curve":[0.25,0,0.75,1]},{"time":2.8333,"x":1,"y":1,"curve":[0.25,0,0.75,1]},{"time":4,"x":1.01,"y":1.008}]},"angel_":{"translate":[{"time":0,"x":0,"y":0,"curve":[0.25,0,0.75,1]},{"time":1,"x":0,"y":1.06,"curve":[0.25,0,0.75,1]},{"time":2,"x":0,"y":0,"curve":[0.25,0,0.75,1]},{"time":3,"x":0,"y":1.06,"curve":[0.25,0,0.75,1]},{"time":4,"x":0,"y":0}],"scale":[{"time":0,"x":1,"y":1,"curve":[0.25,0,0.75,1]},{"time":1.1667,"x":1.02,"y":1.01,"curve":[0.25,0,0.75,1]},{"time":2,"x":1,"y":1,"curve":[0.25,0,0.75,1]},{"time":3.1667,"x":1.02,"y":1.01,"curve":[0.25,0,0.75,1]},{"time":4,"x":1,"y":1}]},"R_02_":{"scale":[{"time":0,"x":1.01,"y":1.01,"curve":[0.25,0,0.75,1]},{"time":1,"x":1,"y":1,"curve":[0.25,0,0.75,1]},{"time":2,"x":1.01,"y":1.01,"curve":[0.25,0,0.75,1]},{"time":3,"x":1,"y":1,"curve":[0.25,0,0.75,1]},{"time":4,"x":1.01,"y":1.01}]},"R_01_":{"scale":[{"time":0,"x":1,"y":1,"curve":[0.25,0,0.75,1]},{"time":1.1667,"x":1.01,"y":1.008,"curve":[0.25,0,0.75,1]},{"time":2,"x":1,"y":1,"curve":[0.25,0,0.75,1]},{"time":3.1667,"x":1.01,"y":1.008,"curve":[0.25,0,0.75,1]},{"time":4,"x":1,"y":1}]},"fire_":{"translate":[{"time":0,"x":23.16,"y":0}]},"huangguan_lg_":{"translate":[{"time":0,"x":18.15,"y":30.91}]},"jinshu_down_lg_":{"translate":[{"time":0,"x":19.01,"y":-107.87}]},"jinshu_up_lg":{"translate":[{"time":0,"x":20.67,"y":-43.72}]},"bird_":{"translate":[{"time":0,"x":-21.62,"y":-12.72,"curve":[0.25,0,0.75,1]},{"time":1,"x":-26.71,"y":-19.08,"curve":[0.25,0,0.75,1]},{"time":2,"x":-21.62,"y":-12.72,"curve":[0.25,0,0.75,1]},{"time":3,"x":-26.71,"y":-19.08,"curve":[0.25,0,0.75,1]},{"time":4,"x":-21.62,"y":-12.72}]}}}}}