{
"skeleton": { "hash": "/Z+G/LfUBXyeTiIFoP44F9XUt0M", "spine": "2.1.27", "width": 0, "height": 0 },
"bones": [
	{ "name": "root" },
	{ "name": "L", "parent": "root", "x": -105, "y": 123.99 },
	{ "name": "R", "parent": "root", "x": 105, "y": 123.99, "scaleX": -1 }
],
"slots": [
	{ "name": "wctm_cb_0038_03_", "bone": "L" },
	{ "name": "wctm_cb_0038_03_2", "bone": "R" },
	{ "name": "wctm_cb_0038_02_", "bone": "L" },
	{ "name": "wctm_cb_0038_02_2", "bone": "R" },
	{ "name": "wctm_cb_0038_01_", "bone": "L" },
	{ "name": "wctm_cb_0038_01_2", "bone": "R" },
	{ "name": "wctm_cb_0036_03_", "bone": "L" },
	{ "name": "wctm_cb_0036_03_2", "bone": "R" },
	{ "name": "wctm_cb_0036_02_", "bone": "L" },
	{ "name": "wctm_cb_0036_02_2", "bone": "R" },
	{ "name": "wctm_cb_0036_01_", "bone": "L" },
	{ "name": "wctm_cb_0036_01_2", "bone": "R" },
	{ "name": "wctm_cb_0034_02_", "bone": "L" },
	{ "name": "wctm_cb_0034_02_2", "bone": "R" },
	{ "name": "wctm_cb_0034_01_", "bone": "L" },
	{ "name": "wctm_cb_0034_01_2", "bone": "R" },
	{ "name": "wctm_cb_0032_02_", "bone": "L" },
	{ "name": "wctm_cb_0032_02_2", "bone": "R" },
	{ "name": "wctm_cb_0032_01_", "bone": "L" },
	{ "name": "wctm_cb_0032_01_2", "bone": "R" },
	{ "name": "wctm_cb_0030_02_", "bone": "L" },
	{ "name": "wctm_cb_0030_02_2", "bone": "R" },
	{ "name": "wctm_cb_0030_01_", "bone": "L" },
	{ "name": "wctm_cb_0030_01_2", "bone": "R" },
	{ "name": "wctm_cb_0028_02_", "bone": "L" },
	{ "name": "wctm_cb_0028_02_2", "bone": "R" },
	{ "name": "wctm_cb_0028_01_", "bone": "L" },
	{ "name": "wctm_cb_0028_01_2", "bone": "R" },
	{ "name": "wctm_cb_0026_02_", "bone": "L" },
	{ "name": "wctm_cb_0026_02_2", "bone": "R" },
	{ "name": "wctm_cb_0026_01_", "bone": "L" },
	{ "name": "wctm_cb_0026_01_2", "bone": "R" },
	{ "name": "wctm_cb_0024_02_", "bone": "L" },
	{ "name": "wctm_cb_0024_02_2", "bone": "R" },
	{ "name": "wctm_cb_0024_01_", "bone": "L" },
	{ "name": "wctm_cb_0024_01_2", "bone": "R" },
	{ "name": "wctm_cb_0022_02_", "bone": "L" },
	{ "name": "wctm_cb_0022_02_2", "bone": "R" },
	{ "name": "wctm_cb_0022_01_", "bone": "L" },
	{ "name": "wctm_cb_0022_01_2", "bone": "R" },
	{ "name": "wctm_cb_0020_02_", "bone": "L" },
	{ "name": "wctm_cb_0020_02_2", "bone": "R" },
	{ "name": "wctm_cb_0020_01_", "bone": "L" },
	{ "name": "wctm_cb_0020_01_2", "bone": "R" },
	{ "name": "wctm_cb_0018_02_", "bone": "L" },
	{ "name": "wctm_cb_0018_02_2", "bone": "R" },
	{ "name": "wctm_cb_0018_01_", "bone": "L" },
	{ "name": "wctm_cb_0018_01_2", "bone": "R" },
	{ "name": "wctm_cb_0016_02_", "bone": "L" },
	{ "name": "wctm_cb_0016_02_2", "bone": "R" },
	{ "name": "wctm_cb_0016_01_", "bone": "L" },
	{ "name": "wctm_cb_0016_01_2", "bone": "R" },
	{ "name": "wctm_cb_0014_02_", "bone": "L" },
	{ "name": "wctm_cb_0014_02_2", "bone": "R" },
	{ "name": "wctm_cb_0014_01_", "bone": "L" },
	{ "name": "wctm_cb_0014_01_2", "bone": "R" },
	{ "name": "wctm_cb_0012_02_", "bone": "L" },
	{ "name": "wctm_cb_0012_02_2", "bone": "R" },
	{ "name": "wctm_cb_0012_01_", "bone": "L" },
	{ "name": "wctm_cb_0012_01_2", "bone": "R" },
	{ "name": "wctm_cb_0010_03_", "bone": "L" },
	{ "name": "wctm_cb_0010_03_2", "bone": "R" },
	{ "name": "wctm_cb_0010_02_", "bone": "L" },
	{ "name": "wctm_cb_0010_02_2", "bone": "R" },
	{ "name": "wctm_cb_0010_01_", "bone": "L" },
	{ "name": "wctm_cb_0010_01_2", "bone": "R" },
	{ "name": "wctm_cb_0008_03_", "bone": "L" },
	{ "name": "wctm_cb_0008_03_2", "bone": "R" },
	{ "name": "wctm_cb_0008_02_", "bone": "L" },
	{ "name": "wctm_cb_0008_02_2", "bone": "R" },
	{ "name": "wctm_cb_0008_01_", "bone": "L" },
	{ "name": "wctm_cb_0008_01_2", "bone": "R" },
	{ "name": "wctm_cb_0006_03_", "bone": "L" },
	{ "name": "wctm_cb_0006_03_2", "bone": "R" },
	{ "name": "wctm_cb_0006_02_", "bone": "L" },
	{ "name": "wctm_cb_0006_02_2", "bone": "R" },
	{ "name": "wctm_cb_0006_01_", "bone": "L" },
	{ "name": "wctm_cb_0006_01_2", "bone": "R" },
	{ "name": "wctm_cb_0004_04_", "bone": "L" },
	{ "name": "wctm_cb_0004_04_2", "bone": "R" },
	{ "name": "wctm_cb_0004_03_", "bone": "L" },
	{ "name": "wctm_cb_0004_03_2", "bone": "R" },
	{ "name": "wctm_cb_0004_02_", "bone": "L" },
	{ "name": "wctm_cb_0004_02_2", "bone": "R" },
	{ "name": "wctm_cb_0004_01_", "bone": "L" },
	{ "name": "wctm_cb_0004_01_2", "bone": "R" },
	{ "name": "wctm_cb_0002_04_", "bone": "L" },
	{ "name": "wctm_cb_0002_04_2", "bone": "R" },
	{ "name": "wctm_cb_0002_03_", "bone": "L" },
	{ "name": "wctm_cb_0002_03_2", "bone": "R" },
	{ "name": "wctm_cb_0002_02_", "bone": "L" },
	{ "name": "wctm_cb_0002_02_2", "bone": "R" },
	{ "name": "wctm_cb_0002_01_", "bone": "L" },
	{ "name": "wctm_cb_0002_01_2", "bone": "R" },
	{ "name": "wctm_cb_0000_02_", "bone": "L" },
	{ "name": "wctm_cb_0000_02_2", "bone": "R" },
	{ "name": "wctm_cb_0000_01_", "bone": "L" },
	{ "name": "wctm_cb_0000_01_2", "bone": "R" }
],
"skins": {
	"default": {
		"wctm_cb_0000_01_": {
			"wctm_cb_0000_01_": { "x": -187.5, "y": 232.5, "width": 285, "height": 249 }
		},
		"wctm_cb_0000_01_2": {
			"wctm_cb_0000_01_": { "x": -187.5, "y": 232.5, "width": 285, "height": 249 }
		},
		"wctm_cb_0000_02_": {
			"wctm_cb_0000_02_": { "x": -139.5, "y": 17, "width": 281, "height": 182 }
		},
		"wctm_cb_0000_02_2": {
			"wctm_cb_0000_02_": { "x": -139.5, "y": 17, "width": 281, "height": 182 }
		},
		"wctm_cb_0002_01_": {
			"wctm_cb_0002_01_": { "x": -190.5, "y": 237.5, "width": 295, "height": 295 }
		},
		"wctm_cb_0002_01_2": {
			"wctm_cb_0002_01_": { "x": -190.5, "y": 237.5, "width": 295, "height": 295 }
		},
		"wctm_cb_0002_02_": {
			"wctm_cb_0002_02_": { "x": -272, "y": 20, "width": 30, "height": 30 }
		},
		"wctm_cb_0002_02_2": {
			"wctm_cb_0002_02_": { "x": -272, "y": 20, "width": 30, "height": 30 }
		},
		"wctm_cb_0002_03_": {
			"wctm_cb_0002_03_": { "x": -119, "y": 26, "width": 260, "height": 128 }
		},
		"wctm_cb_0002_03_2": {
			"wctm_cb_0002_03_": { "x": -119, "y": 26, "width": 260, "height": 128 }
		},
		"wctm_cb_0002_04_": {
			"wctm_cb_0002_04_": { "x": -68.5, "y": -64.5, "width": 43, "height": 53 }
		},
		"wctm_cb_0002_04_2": {
			"wctm_cb_0002_04_": { "x": -68.5, "y": -64.5, "width": 43, "height": 53 }
		},
		"wctm_cb_0004_01_": {
			"wctm_cb_0004_01_": { "x": -219, "y": 276.5, "width": 240, "height": 245 }
		},
		"wctm_cb_0004_01_2": {
			"wctm_cb_0004_01_": { "x": -219, "y": 276.5, "width": 240, "height": 245 }
		},
		"wctm_cb_0004_02_": {
			"wctm_cb_0004_02_": { "x": -271, "y": 18, "width": 30, "height": 30 }
		},
		"wctm_cb_0004_02_2": {
			"wctm_cb_0004_02_": { "x": -271, "y": 18, "width": 30, "height": 30 }
		},
		"wctm_cb_0004_03_": {
			"wctm_cb_0004_03_": { "x": -140, "y": 46.5, "width": 296, "height": 215 }
		},
		"wctm_cb_0004_03_2": {
			"wctm_cb_0004_03_": { "x": -140, "y": 46.5, "width": 296, "height": 215 }
		},
		"wctm_cb_0004_04_": {
			"wctm_cb_0004_04_": { "x": -69.5, "y": -79.5, "width": 43, "height": 37 }
		},
		"wctm_cb_0004_04_2": {
			"wctm_cb_0004_04_": { "x": -69.5, "y": -79.5, "width": 43, "height": 37 }
		},
		"wctm_cb_0006_01_": {
			"wctm_cb_0006_01_": { "x": -209, "y": 275, "width": 232, "height": 274 }
		},
		"wctm_cb_0006_01_2": {
			"wctm_cb_0006_01_": { "x": -209, "y": 275, "width": 232, "height": 274 }
		},
		"wctm_cb_0006_02_": {
			"wctm_cb_0006_02_": { "x": -269, "y": 17, "width": 30, "height": 30 }
		},
		"wctm_cb_0006_02_2": {
			"wctm_cb_0006_02_": { "x": -269, "y": 17, "width": 30, "height": 30 }
		},
		"wctm_cb_0006_03_": {
			"wctm_cb_0006_03_": { "x": -143, "y": 19, "width": 304, "height": 238 }
		},
		"wctm_cb_0006_03_2": {
			"wctm_cb_0006_03_": { "x": -143, "y": 19, "width": 304, "height": 238 }
		},
		"wctm_cb_0008_01_": {
			"wctm_cb_0008_01_": { "x": -185.5, "y": 236.5, "width": 267, "height": 309 }
		},
		"wctm_cb_0008_01_2": {
			"wctm_cb_0008_01_": { "x": -185.5, "y": 236.5, "width": 267, "height": 309 }
		},
		"wctm_cb_0008_02_": {
			"wctm_cb_0008_02_": { "x": -267, "y": 15.5, "width": 30, "height": 29 }
		},
		"wctm_cb_0008_02_2": {
			"wctm_cb_0008_02_": { "x": -267, "y": 15.5, "width": 30, "height": 29 }
		},
		"wctm_cb_0008_03_": {
			"wctm_cb_0008_03_": { "x": -120.5, "y": -17.5, "width": 253, "height": 199 }
		},
		"wctm_cb_0008_03_2": {
			"wctm_cb_0008_03_": { "x": -120.5, "y": -17.5, "width": 253, "height": 199 }
		},
		"wctm_cb_0010_01_": {
			"wctm_cb_0010_01_": { "x": -213, "y": 251.5, "width": 246, "height": 233 }
		},
		"wctm_cb_0010_01_2": {
			"wctm_cb_0010_01_": { "x": -213, "y": 251.5, "width": 246, "height": 233 }
		},
		"wctm_cb_0010_02_": {
			"wctm_cb_0010_02_": { "x": -136.5, "y": 18.5, "width": 287, "height": 233 }
		},
		"wctm_cb_0010_02_2": {
			"wctm_cb_0010_02_": { "x": -136.5, "y": 18.5, "width": 287, "height": 233 }
		},
		"wctm_cb_0010_03_": {
			"wctm_cb_0010_03_": { "x": -56, "y": -119, "width": 74, "height": 30 }
		},
		"wctm_cb_0010_03_2": {
			"wctm_cb_0010_03_": { "x": -56, "y": -119, "width": 74, "height": 30 }
		},
		"wctm_cb_0012_01_": {
			"wctm_cb_0012_01_": { "x": -192.5, "y": 225.5, "width": 275, "height": 275 }
		},
		"wctm_cb_0012_01_2": {
			"wctm_cb_0012_01_": { "x": -192.5, "y": 225.5, "width": 275, "height": 275 }
		},
		"wctm_cb_0012_02_": {
			"wctm_cb_0012_02_": { "x": -145, "y": -12, "width": 306, "height": 200 }
		},
		"wctm_cb_0012_02_2": {
			"wctm_cb_0012_02_": { "x": -145, "y": -12, "width": 306, "height": 200 }
		},
		"wctm_cb_0014_01_": {
			"wctm_cb_0014_01_": { "x": -241, "y": 206, "width": 174, "height": 212 }
		},
		"wctm_cb_0014_01_2": {
			"wctm_cb_0014_01_": { "x": -241, "y": 206, "width": 174, "height": 212 }
		},
		"wctm_cb_0014_02_": {
			"wctm_cb_0014_02_": { "x": -153.5, "y": -12.5, "width": 329, "height": 225 }
		},
		"wctm_cb_0014_02_2": {
			"wctm_cb_0014_02_": { "x": -153.5, "y": -12.5, "width": 329, "height": 225 }
		},
		"wctm_cb_0016_01_": {
			"wctm_cb_0016_01_": { "x": -259.5, "y": 185, "width": 189, "height": 180 }
		},
		"wctm_cb_0016_01_2": {
			"wctm_cb_0016_01_": { "x": -259.5, "y": 185, "width": 189, "height": 180 }
		},
		"wctm_cb_0016_02_": {
			"wctm_cb_0016_02_": { "x": -167.5, "y": -17.5, "width": 355, "height": 225 }
		},
		"wctm_cb_0016_02_2": {
			"wctm_cb_0016_02_": { "x": -167.5, "y": -17.5, "width": 355, "height": 225 }
		},
		"wctm_cb_0018_01_": {
			"wctm_cb_0018_01_": { "x": -172.5, "y": -9, "width": 365, "height": 220 }
		},
		"wctm_cb_0018_01_2": {
			"wctm_cb_0018_01_": { "x": -172.5, "y": -9, "width": 365, "height": 220 }
		},
		"wctm_cb_0018_02_": {
			"wctm_cb_0018_02_": { "x": -268, "y": 175, "width": 200, "height": 148 }
		},
		"wctm_cb_0018_02_2": {
			"wctm_cb_0018_02_": { "x": -268, "y": 175, "width": 200, "height": 148 }
		},
		"wctm_cb_0020_01_": {
			"wctm_cb_0020_01_": { "x": -292, "y": 180, "width": 218, "height": 138 }
		},
		"wctm_cb_0020_01_2": {
			"wctm_cb_0020_01_": { "x": -292, "y": 180, "width": 218, "height": 138 }
		},
		"wctm_cb_0020_02_": {
			"wctm_cb_0020_02_": { "x": -176, "y": 6, "width": 374, "height": 228 }
		},
		"wctm_cb_0020_02_2": {
			"wctm_cb_0020_02_": { "x": -176, "y": 6, "width": 374, "height": 228 }
		},
		"wctm_cb_0022_01_": {
			"wctm_cb_0022_01_": { "x": -291, "y": 84.5, "width": 212, "height": 329 }
		},
		"wctm_cb_0022_01_2": {
			"wctm_cb_0022_01_": { "x": -291, "y": 84.5, "width": 212, "height": 329 }
		},
		"wctm_cb_0022_02_": {
			"wctm_cb_0022_02_": { "x": -85.5, "y": 8, "width": 199, "height": 250 }
		},
		"wctm_cb_0022_02_2": {
			"wctm_cb_0022_02_": { "x": -85.5, "y": 8, "width": 199, "height": 250 }
		},
		"wctm_cb_0024_01_": {
			"wctm_cb_0024_01_": { "x": -283, "y": 78, "width": 204, "height": 342 }
		},
		"wctm_cb_0024_01_2": {
			"wctm_cb_0024_01_": { "x": -283, "y": 78, "width": 204, "height": 342 }
		},
		"wctm_cb_0024_02_": {
			"wctm_cb_0024_02_": { "x": -85, "y": 16.5, "width": 192, "height": 223 }
		},
		"wctm_cb_0024_02_2": {
			"wctm_cb_0024_02_": { "x": -85, "y": 16.5, "width": 192, "height": 223 }
		},
		"wctm_cb_0026_01_": {
			"wctm_cb_0026_01_": { "x": -307, "y": 76.5, "width": 210, "height": 281 }
		},
		"wctm_cb_0026_01_2": {
			"wctm_cb_0026_01_": { "x": -307, "y": 76.5, "width": 210, "height": 281 }
		},
		"wctm_cb_0026_02_": {
			"wctm_cb_0026_02_": { "x": -95.5, "y": 26.5, "width": 213, "height": 259 }
		},
		"wctm_cb_0026_02_2": {
			"wctm_cb_0026_02_": { "x": -95.5, "y": 26.5, "width": 213, "height": 259 }
		},
		"wctm_cb_0028_01_": {
			"wctm_cb_0028_01_": { "x": -307.5, "y": 61, "width": 243, "height": 244 }
		},
		"wctm_cb_0028_01_2": {
			"wctm_cb_0028_01_": { "x": -307.5, "y": 61, "width": 243, "height": 244 }
		},
		"wctm_cb_0028_02_": {
			"wctm_cb_0028_02_": { "x": -90, "y": 48.5, "width": 192, "height": 253 }
		},
		"wctm_cb_0028_02_2": {
			"wctm_cb_0028_02_": { "x": -90, "y": 48.5, "width": 192, "height": 253 }
		},
		"wctm_cb_0030_01_": {
			"wctm_cb_0030_01_": { "x": -300.5, "y": 66, "width": 191, "height": 176 }
		},
		"wctm_cb_0030_01_2": {
			"wctm_cb_0030_01_": { "x": -300.5, "y": 66, "width": 191, "height": 176 }
		},
		"wctm_cb_0030_02_": {
			"wctm_cb_0030_02_": { "x": -101, "y": 57.5, "width": 216, "height": 257 }
		},
		"wctm_cb_0030_02_2": {
			"wctm_cb_0030_02_": { "x": -101, "y": 57.5, "width": 216, "height": 257 }
		},
		"wctm_cb_0032_01_": {
			"wctm_cb_0032_01_": { "x": -277, "y": 74.5, "width": 164, "height": 201 }
		},
		"wctm_cb_0032_01_2": {
			"wctm_cb_0032_01_": { "x": -277, "y": 74.5, "width": 164, "height": 201 }
		},
		"wctm_cb_0032_02_": {
			"wctm_cb_0032_02_": { "x": -94.5, "y": 66, "width": 201, "height": 286 }
		},
		"wctm_cb_0032_02_2": {
			"wctm_cb_0032_02_": { "x": -94.5, "y": 66, "width": 201, "height": 286 }
		},
		"wctm_cb_0034_01_": {
			"wctm_cb_0034_01_": { "x": -291.5, "y": 95, "width": 137, "height": 232 }
		},
		"wctm_cb_0034_01_2": {
			"wctm_cb_0034_01_": { "x": -291.5, "y": 95, "width": 137, "height": 232 }
		},
		"wctm_cb_0034_02_": {
			"wctm_cb_0034_02_": { "x": -106.5, "y": 74.5, "width": 233, "height": 281 }
		},
		"wctm_cb_0034_02_2": {
			"wctm_cb_0034_02_": { "x": -106.5, "y": 74.5, "width": 233, "height": 281 }
		},
		"wctm_cb_0036_01_": {
			"wctm_cb_0036_01_": { "x": -245.5, "y": 111.5, "width": 203, "height": 293 }
		},
		"wctm_cb_0036_01_2": {
			"wctm_cb_0036_01_": { "x": -245.5, "y": 111.5, "width": 203, "height": 293 }
		},
		"wctm_cb_0036_02_": {
			"wctm_cb_0036_02_": { "x": -68.5, "y": 66, "width": 151, "height": 232 }
		},
		"wctm_cb_0036_02_2": {
			"wctm_cb_0036_02_": { "x": -68.5, "y": 66, "width": 151, "height": 232 }
		},
		"wctm_cb_0036_03_": {
			"wctm_cb_0036_03_": { "x": -61.5, "y": -71, "width": 51, "height": 22 }
		},
		"wctm_cb_0036_03_2": {
			"wctm_cb_0036_03_": { "x": -61.5, "y": -71, "width": 51, "height": 22 }
		},
		"wctm_cb_0038_01_": {
			"wctm_cb_0038_01_": { "x": -239.5, "y": 145, "width": 175, "height": 304 }
		},
		"wctm_cb_0038_01_2": {
			"wctm_cb_0038_01_": { "x": -239.5, "y": 145, "width": 175, "height": 304 }
		},
		"wctm_cb_0038_02_": {
			"wctm_cb_0038_02_": { "x": -74, "y": 88, "width": 156, "height": 228 }
		},
		"wctm_cb_0038_02_2": {
			"wctm_cb_0038_02_": { "x": -74, "y": 88, "width": 156, "height": 228 }
		},
		"wctm_cb_0038_03_": {
			"wctm_cb_0038_03_": { "x": -65, "y": -72.5, "width": 110, "height": 61 }
		},
		"wctm_cb_0038_03_2": {
			"wctm_cb_0038_03_": { "x": -65, "y": -72.5, "width": 110, "height": 61 }
		}
	}
},
"animations": {
	"animation": {
		"slots": {
			"wctm_cb_0000_01_": {
				"attachment": [
					{ "time": 0, "name": "wctm_cb_0000_01_" },
					{ "time": 0.0333, "name": "wctm_cb_0000_01_" },
					{ "time": 0.0666, "name": null }
				]
			},
			"wctm_cb_0000_01_2": {
				"attachment": [
					{ "time": 0, "name": "wctm_cb_0000_01_" },
					{ "time": 0.0333, "name": "wctm_cb_0000_01_" },
					{ "time": 0.0666, "name": null }
				]
			},
			"wctm_cb_0000_02_": {
				"attachment": [
					{ "time": 0, "name": "wctm_cb_0000_02_" },
					{ "time": 0.0333, "name": "wctm_cb_0000_02_" },
					{ "time": 0.0666, "name": null }
				]
			},
			"wctm_cb_0000_02_2": {
				"attachment": [
					{ "time": 0, "name": "wctm_cb_0000_02_" },
					{ "time": 0.0333, "name": "wctm_cb_0000_02_" },
					{ "time": 0.0666, "name": null }
				]
			},
			"wctm_cb_0002_01_": {
				"attachment": [
					{ "time": 0, "name": null },
					{ "time": 0.0333, "name": null },
					{ "time": 0.0666, "name": "wctm_cb_0002_01_" },
					{ "time": 0.1333, "name": "wctm_cb_0002_01_" },
					{ "time": 0.1666, "name": null }
				]
			},
			"wctm_cb_0002_01_2": {
				"attachment": [
					{ "time": 0, "name": null },
					{ "time": 0.0333, "name": null },
					{ "time": 0.0666, "name": "wctm_cb_0002_01_" },
					{ "time": 0.1333, "name": "wctm_cb_0002_01_" },
					{ "time": 0.1666, "name": null }
				]
			},
			"wctm_cb_0002_02_": {
				"attachment": [
					{ "time": 0, "name": null },
					{ "time": 0.0333, "name": null },
					{ "time": 0.0666, "name": "wctm_cb_0002_02_" },
					{ "time": 0.1333, "name": "wctm_cb_0002_02_" },
					{ "time": 0.1666, "name": null }
				]
			},
			"wctm_cb_0002_02_2": {
				"attachment": [
					{ "time": 0, "name": null },
					{ "time": 0.0333, "name": null },
					{ "time": 0.0666, "name": "wctm_cb_0002_02_" },
					{ "time": 0.1333, "name": "wctm_cb_0002_02_" },
					{ "time": 0.1666, "name": null }
				]
			},
			"wctm_cb_0002_03_": {
				"attachment": [
					{ "time": 0, "name": null },
					{ "time": 0.0333, "name": null },
					{ "time": 0.0666, "name": "wctm_cb_0002_03_" },
					{ "time": 0.1333, "name": "wctm_cb_0002_03_" },
					{ "time": 0.1666, "name": null }
				]
			},
			"wctm_cb_0002_03_2": {
				"attachment": [
					{ "time": 0, "name": null },
					{ "time": 0.0333, "name": null },
					{ "time": 0.0666, "name": "wctm_cb_0002_03_" },
					{ "time": 0.1333, "name": "wctm_cb_0002_03_" },
					{ "time": 0.1666, "name": null }
				]
			},
			"wctm_cb_0002_04_": {
				"attachment": [
					{ "time": 0, "name": null },
					{ "time": 0.0333, "name": null },
					{ "time": 0.0666, "name": "wctm_cb_0002_04_" },
					{ "time": 0.1333, "name": "wctm_cb_0002_04_" },
					{ "time": 0.1666, "name": null }
				]
			},
			"wctm_cb_0002_04_2": {
				"attachment": [
					{ "time": 0, "name": null },
					{ "time": 0.0333, "name": null },
					{ "time": 0.0666, "name": "wctm_cb_0002_04_" },
					{ "time": 0.1333, "name": "wctm_cb_0002_04_" },
					{ "time": 0.1666, "name": null }
				]
			},
			"wctm_cb_0004_01_": {
				"attachment": [
					{ "time": 0, "name": null },
					{ "time": 0.1333, "name": null },
					{ "time": 0.1666, "name": "wctm_cb_0004_01_" },
					{ "time": 0.2, "name": "wctm_cb_0004_01_" },
					{ "time": 0.2333, "name": null }
				]
			},
			"wctm_cb_0004_01_2": {
				"attachment": [
					{ "time": 0, "name": null },
					{ "time": 0.1333, "name": null },
					{ "time": 0.1666, "name": "wctm_cb_0004_01_" },
					{ "time": 0.2, "name": "wctm_cb_0004_01_" },
					{ "time": 0.2333, "name": null }
				]
			},
			"wctm_cb_0004_02_": {
				"attachment": [
					{ "time": 0, "name": null },
					{ "time": 0.1333, "name": null },
					{ "time": 0.1666, "name": "wctm_cb_0004_02_" },
					{ "time": 0.2, "name": "wctm_cb_0004_02_" },
					{ "time": 0.2333, "name": null }
				]
			},
			"wctm_cb_0004_02_2": {
				"attachment": [
					{ "time": 0, "name": null },
					{ "time": 0.1333, "name": null },
					{ "time": 0.1666, "name": "wctm_cb_0004_02_" },
					{ "time": 0.2, "name": "wctm_cb_0004_02_" },
					{ "time": 0.2333, "name": null }
				]
			},
			"wctm_cb_0004_03_": {
				"attachment": [
					{ "time": 0, "name": null },
					{ "time": 0.1333, "name": null },
					{ "time": 0.1666, "name": "wctm_cb_0004_03_" },
					{ "time": 0.2, "name": "wctm_cb_0004_03_" },
					{ "time": 0.2333, "name": null }
				]
			},
			"wctm_cb_0004_03_2": {
				"attachment": [
					{ "time": 0, "name": null },
					{ "time": 0.1333, "name": null },
					{ "time": 0.1666, "name": "wctm_cb_0004_03_" },
					{ "time": 0.2, "name": "wctm_cb_0004_03_" },
					{ "time": 0.2333, "name": null }
				]
			},
			"wctm_cb_0004_04_": {
				"attachment": [
					{ "time": 0, "name": null },
					{ "time": 0.1333, "name": null },
					{ "time": 0.1666, "name": "wctm_cb_0004_04_" },
					{ "time": 0.2, "name": "wctm_cb_0004_04_" },
					{ "time": 0.2333, "name": null }
				]
			},
			"wctm_cb_0004_04_2": {
				"attachment": [
					{ "time": 0, "name": null },
					{ "time": 0.1333, "name": null },
					{ "time": 0.1666, "name": "wctm_cb_0004_04_" },
					{ "time": 0.2, "name": "wctm_cb_0004_04_" },
					{ "time": 0.2333, "name": null }
				]
			},
			"wctm_cb_0006_01_": {
				"attachment": [
					{ "time": 0, "name": null },
					{ "time": 0.2, "name": null },
					{ "time": 0.2333, "name": "wctm_cb_0006_01_" },
					{ "time": 0.3, "name": "wctm_cb_0006_01_" },
					{ "time": 0.3333, "name": null }
				]
			},
			"wctm_cb_0006_01_2": {
				"attachment": [
					{ "time": 0, "name": null },
					{ "time": 0.2, "name": null },
					{ "time": 0.2333, "name": "wctm_cb_0006_01_" },
					{ "time": 0.3, "name": "wctm_cb_0006_01_" },
					{ "time": 0.3333, "name": null }
				]
			},
			"wctm_cb_0006_02_": {
				"attachment": [
					{ "time": 0, "name": null },
					{ "time": 0.2, "name": null },
					{ "time": 0.2333, "name": "wctm_cb_0006_02_" },
					{ "time": 0.3, "name": "wctm_cb_0006_02_" },
					{ "time": 0.3333, "name": null }
				]
			},
			"wctm_cb_0006_02_2": {
				"attachment": [
					{ "time": 0, "name": null },
					{ "time": 0.2, "name": null },
					{ "time": 0.2333, "name": "wctm_cb_0006_02_" },
					{ "time": 0.3, "name": "wctm_cb_0006_02_" },
					{ "time": 0.3333, "name": null }
				]
			},
			"wctm_cb_0006_03_": {
				"attachment": [
					{ "time": 0, "name": null },
					{ "time": 0.2, "name": null },
					{ "time": 0.2333, "name": "wctm_cb_0006_03_" },
					{ "time": 0.3, "name": "wctm_cb_0006_03_" },
					{ "time": 0.3333, "name": null }
				]
			},
			"wctm_cb_0006_03_2": {
				"attachment": [
					{ "time": 0, "name": null },
					{ "time": 0.2, "name": null },
					{ "time": 0.2333, "name": "wctm_cb_0006_03_" },
					{ "time": 0.3, "name": "wctm_cb_0006_03_" },
					{ "time": 0.3333, "name": null }
				]
			},
			"wctm_cb_0008_01_": {
				"attachment": [
					{ "time": 0, "name": null },
					{ "time": 0.3, "name": null },
					{ "time": 0.3333, "name": "wctm_cb_0008_01_" },
					{ "time": 0.3666, "name": "wctm_cb_0008_01_" },
					{ "time": 0.4, "name": null }
				]
			},
			"wctm_cb_0008_01_2": {
				"attachment": [
					{ "time": 0, "name": null },
					{ "time": 0.3, "name": null },
					{ "time": 0.3333, "name": "wctm_cb_0008_01_" },
					{ "time": 0.3666, "name": "wctm_cb_0008_01_" },
					{ "time": 0.4, "name": null }
				]
			},
			"wctm_cb_0008_02_": {
				"attachment": [
					{ "time": 0, "name": null },
					{ "time": 0.3, "name": null },
					{ "time": 0.3333, "name": "wctm_cb_0008_02_" },
					{ "time": 0.3666, "name": "wctm_cb_0008_02_" },
					{ "time": 0.4, "name": null }
				]
			},
			"wctm_cb_0008_02_2": {
				"attachment": [
					{ "time": 0, "name": null },
					{ "time": 0.3, "name": null },
					{ "time": 0.3333, "name": "wctm_cb_0008_02_" },
					{ "time": 0.3666, "name": "wctm_cb_0008_02_" },
					{ "time": 0.4, "name": null }
				]
			},
			"wctm_cb_0008_03_": {
				"attachment": [
					{ "time": 0, "name": null },
					{ "time": 0.3, "name": null },
					{ "time": 0.3333, "name": "wctm_cb_0008_03_" },
					{ "time": 0.3666, "name": "wctm_cb_0008_03_" },
					{ "time": 0.4, "name": null }
				]
			},
			"wctm_cb_0008_03_2": {
				"attachment": [
					{ "time": 0, "name": null },
					{ "time": 0.3, "name": null },
					{ "time": 0.3333, "name": "wctm_cb_0008_03_" },
					{ "time": 0.3666, "name": "wctm_cb_0008_03_" },
					{ "time": 0.4, "name": null }
				]
			},
			"wctm_cb_0010_01_": {
				"attachment": [
					{ "time": 0, "name": null },
					{ "time": 0.3666, "name": null },
					{ "time": 0.4, "name": "wctm_cb_0010_01_" },
					{ "time": 0.4666, "name": "wctm_cb_0010_01_" },
					{ "time": 0.5, "name": null }
				]
			},
			"wctm_cb_0010_01_2": {
				"attachment": [
					{ "time": 0, "name": null },
					{ "time": 0.3666, "name": null },
					{ "time": 0.4, "name": "wctm_cb_0010_01_" },
					{ "time": 0.4666, "name": "wctm_cb_0010_01_" },
					{ "time": 0.5, "name": null }
				]
			},
			"wctm_cb_0010_02_": {
				"attachment": [
					{ "time": 0, "name": null },
					{ "time": 0.3666, "name": null },
					{ "time": 0.4, "name": "wctm_cb_0010_02_" },
					{ "time": 0.4666, "name": "wctm_cb_0010_02_" },
					{ "time": 0.5, "name": null }
				]
			},
			"wctm_cb_0010_02_2": {
				"attachment": [
					{ "time": 0, "name": null },
					{ "time": 0.3666, "name": null },
					{ "time": 0.4, "name": "wctm_cb_0010_02_" },
					{ "time": 0.4666, "name": "wctm_cb_0010_02_" },
					{ "time": 0.5, "name": null }
				]
			},
			"wctm_cb_0010_03_": {
				"attachment": [
					{ "time": 0, "name": null },
					{ "time": 0.3666, "name": null },
					{ "time": 0.4, "name": "wctm_cb_0010_03_" },
					{ "time": 0.4666, "name": "wctm_cb_0010_03_" },
					{ "time": 0.5, "name": null }
				]
			},
			"wctm_cb_0010_03_2": {
				"attachment": [
					{ "time": 0, "name": null },
					{ "time": 0.3666, "name": null },
					{ "time": 0.4, "name": "wctm_cb_0010_03_" },
					{ "time": 0.4666, "name": "wctm_cb_0010_03_" },
					{ "time": 0.5, "name": null }
				]
			},
			"wctm_cb_0012_01_": {
				"attachment": [
					{ "time": 0, "name": null },
					{ "time": 0.4666, "name": null },
					{ "time": 0.5, "name": "wctm_cb_0012_01_" },
					{ "time": 0.5333, "name": "wctm_cb_0012_01_" },
					{ "time": 0.5666, "name": null }
				]
			},
			"wctm_cb_0012_01_2": {
				"attachment": [
					{ "time": 0, "name": null },
					{ "time": 0.4666, "name": null },
					{ "time": 0.5, "name": "wctm_cb_0012_01_" },
					{ "time": 0.5333, "name": "wctm_cb_0012_01_" },
					{ "time": 0.5666, "name": null }
				]
			},
			"wctm_cb_0012_02_": {
				"attachment": [
					{ "time": 0, "name": null },
					{ "time": 0.4666, "name": null },
					{ "time": 0.5, "name": "wctm_cb_0012_02_" },
					{ "time": 0.5333, "name": "wctm_cb_0012_02_" },
					{ "time": 0.5666, "name": null }
				]
			},
			"wctm_cb_0012_02_2": {
				"attachment": [
					{ "time": 0, "name": null },
					{ "time": 0.4666, "name": null },
					{ "time": 0.5, "name": "wctm_cb_0012_02_" },
					{ "time": 0.5333, "name": "wctm_cb_0012_02_" },
					{ "time": 0.5666, "name": null }
				]
			},
			"wctm_cb_0014_01_": {
				"attachment": [
					{ "time": 0, "name": null },
					{ "time": 0.5333, "name": null },
					{ "time": 0.5666, "name": "wctm_cb_0014_01_" },
					{ "time": 0.6333, "name": "wctm_cb_0014_01_" },
					{ "time": 0.6666, "name": null }
				]
			},
			"wctm_cb_0014_01_2": {
				"attachment": [
					{ "time": 0, "name": null },
					{ "time": 0.5333, "name": null },
					{ "time": 0.5666, "name": "wctm_cb_0014_01_" },
					{ "time": 0.6333, "name": "wctm_cb_0014_01_" },
					{ "time": 0.6666, "name": null }
				]
			},
			"wctm_cb_0014_02_": {
				"attachment": [
					{ "time": 0, "name": null },
					{ "time": 0.5333, "name": null },
					{ "time": 0.5666, "name": "wctm_cb_0014_02_" },
					{ "time": 0.6333, "name": "wctm_cb_0014_02_" },
					{ "time": 0.6666, "name": null }
				]
			},
			"wctm_cb_0014_02_2": {
				"attachment": [
					{ "time": 0, "name": null },
					{ "time": 0.5333, "name": null },
					{ "time": 0.5666, "name": "wctm_cb_0014_02_" },
					{ "time": 0.6333, "name": "wctm_cb_0014_02_" },
					{ "time": 0.6666, "name": null }
				]
			},
			"wctm_cb_0016_01_": {
				"attachment": [
					{ "time": 0, "name": null },
					{ "time": 0.6333, "name": null },
					{ "time": 0.6666, "name": "wctm_cb_0016_01_" },
					{ "time": 0.7, "name": "wctm_cb_0016_01_" },
					{ "time": 0.7333, "name": null }
				]
			},
			"wctm_cb_0016_01_2": {
				"attachment": [
					{ "time": 0, "name": null },
					{ "time": 0.6333, "name": null },
					{ "time": 0.6666, "name": "wctm_cb_0016_01_" },
					{ "time": 0.7, "name": "wctm_cb_0016_01_" },
					{ "time": 0.7333, "name": null }
				]
			},
			"wctm_cb_0016_02_": {
				"attachment": [
					{ "time": 0, "name": null },
					{ "time": 0.6333, "name": null },
					{ "time": 0.6666, "name": "wctm_cb_0016_02_" },
					{ "time": 0.7, "name": "wctm_cb_0016_02_" },
					{ "time": 0.7333, "name": null }
				]
			},
			"wctm_cb_0016_02_2": {
				"attachment": [
					{ "time": 0, "name": null },
					{ "time": 0.6333, "name": null },
					{ "time": 0.6666, "name": "wctm_cb_0016_02_" },
					{ "time": 0.7, "name": "wctm_cb_0016_02_" },
					{ "time": 0.7333, "name": null }
				]
			},
			"wctm_cb_0018_01_": {
				"attachment": [
					{ "time": 0, "name": null },
					{ "time": 0.7, "name": null },
					{ "time": 0.7333, "name": "wctm_cb_0018_01_" },
					{ "time": 0.8, "name": "wctm_cb_0018_01_" },
					{ "time": 0.8333, "name": null }
				]
			},
			"wctm_cb_0018_01_2": {
				"attachment": [
					{ "time": 0, "name": null },
					{ "time": 0.7, "name": null },
					{ "time": 0.7333, "name": "wctm_cb_0018_01_" },
					{ "time": 0.8, "name": "wctm_cb_0018_01_" },
					{ "time": 0.8333, "name": null }
				]
			},
			"wctm_cb_0018_02_": {
				"attachment": [
					{ "time": 0, "name": null },
					{ "time": 0.7, "name": null },
					{ "time": 0.7333, "name": "wctm_cb_0018_02_" },
					{ "time": 0.8, "name": "wctm_cb_0018_02_" },
					{ "time": 0.8333, "name": null }
				]
			},
			"wctm_cb_0018_02_2": {
				"attachment": [
					{ "time": 0, "name": null },
					{ "time": 0.7, "name": null },
					{ "time": 0.7333, "name": "wctm_cb_0018_02_" },
					{ "time": 0.8, "name": "wctm_cb_0018_02_" },
					{ "time": 0.8333, "name": null }
				]
			},
			"wctm_cb_0020_01_": {
				"attachment": [
					{ "time": 0, "name": null },
					{ "time": 0.8, "name": null },
					{ "time": 0.8333, "name": "wctm_cb_0020_01_" },
					{ "time": 0.8666, "name": "wctm_cb_0020_01_" },
					{ "time": 0.9, "name": null }
				]
			},
			"wctm_cb_0020_01_2": {
				"attachment": [
					{ "time": 0, "name": null },
					{ "time": 0.8, "name": null },
					{ "time": 0.8333, "name": "wctm_cb_0020_01_" },
					{ "time": 0.8666, "name": "wctm_cb_0020_01_" },
					{ "time": 0.9, "name": null }
				]
			},
			"wctm_cb_0020_02_": {
				"attachment": [
					{ "time": 0, "name": null },
					{ "time": 0.8, "name": null },
					{ "time": 0.8333, "name": "wctm_cb_0020_02_" },
					{ "time": 0.8666, "name": "wctm_cb_0020_02_" },
					{ "time": 0.9, "name": null }
				]
			},
			"wctm_cb_0020_02_2": {
				"attachment": [
					{ "time": 0, "name": null },
					{ "time": 0.8, "name": null },
					{ "time": 0.8333, "name": "wctm_cb_0020_02_" },
					{ "time": 0.8666, "name": "wctm_cb_0020_02_" },
					{ "time": 0.9, "name": null }
				]
			},
			"wctm_cb_0022_01_": {
				"attachment": [
					{ "time": 0, "name": null },
					{ "time": 0.8666, "name": null },
					{ "time": 0.9, "name": "wctm_cb_0022_01_" },
					{ "time": 0.9333, "name": "wctm_cb_0022_01_" },
					{ "time": 1, "name": null }
				]
			},
			"wctm_cb_0022_01_2": {
				"attachment": [
					{ "time": 0, "name": null },
					{ "time": 0.8666, "name": null },
					{ "time": 0.9, "name": "wctm_cb_0022_01_" },
					{ "time": 0.9333, "name": "wctm_cb_0022_01_" },
					{ "time": 1, "name": null }
				]
			},
			"wctm_cb_0022_02_": {
				"attachment": [
					{ "time": 0, "name": null },
					{ "time": 0.8666, "name": null },
					{ "time": 0.9, "name": "wctm_cb_0022_02_" },
					{ "time": 0.9333, "name": "wctm_cb_0022_02_" },
					{ "time": 1, "name": null }
				]
			},
			"wctm_cb_0022_02_2": {
				"attachment": [
					{ "time": 0, "name": null },
					{ "time": 0.8666, "name": null },
					{ "time": 0.9, "name": "wctm_cb_0022_02_" },
					{ "time": 0.9333, "name": "wctm_cb_0022_02_" },
					{ "time": 1, "name": null }
				]
			},
			"wctm_cb_0024_01_": {
				"attachment": [
					{ "time": 0, "name": null },
					{ "time": 0.9333, "name": null },
					{ "time": 1, "name": "wctm_cb_0024_01_" },
					{ "time": 1.0333, "name": "wctm_cb_0024_01_" },
					{ "time": 1.0666, "name": null }
				]
			},
			"wctm_cb_0024_01_2": {
				"attachment": [
					{ "time": 0, "name": null },
					{ "time": 0.9333, "name": null },
					{ "time": 1, "name": "wctm_cb_0024_01_" },
					{ "time": 1.0333, "name": "wctm_cb_0024_01_" },
					{ "time": 1.0666, "name": null }
				]
			},
			"wctm_cb_0024_02_": {
				"attachment": [
					{ "time": 0, "name": null },
					{ "time": 0.9333, "name": null },
					{ "time": 1, "name": "wctm_cb_0024_02_" },
					{ "time": 1.0333, "name": "wctm_cb_0024_02_" },
					{ "time": 1.0666, "name": null }
				]
			},
			"wctm_cb_0024_02_2": {
				"attachment": [
					{ "time": 0, "name": null },
					{ "time": 0.9333, "name": null },
					{ "time": 1, "name": "wctm_cb_0024_02_" },
					{ "time": 1.0333, "name": "wctm_cb_0024_02_" },
					{ "time": 1.0666, "name": null }
				]
			},
			"wctm_cb_0026_01_": {
				"attachment": [
					{ "time": 0, "name": null },
					{ "time": 1.0333, "name": null },
					{ "time": 1.0666, "name": "wctm_cb_0026_01_" },
					{ "time": 1.1, "name": "wctm_cb_0026_01_" },
					{ "time": 1.1666, "name": null }
				]
			},
			"wctm_cb_0026_01_2": {
				"attachment": [
					{ "time": 0, "name": null },
					{ "time": 1.0333, "name": null },
					{ "time": 1.0666, "name": "wctm_cb_0026_01_" },
					{ "time": 1.1, "name": "wctm_cb_0026_01_" },
					{ "time": 1.1666, "name": null }
				]
			},
			"wctm_cb_0026_02_": {
				"attachment": [
					{ "time": 0, "name": null },
					{ "time": 1.0333, "name": null },
					{ "time": 1.0666, "name": "wctm_cb_0026_02_" },
					{ "time": 1.1, "name": "wctm_cb_0026_02_" },
					{ "time": 1.1666, "name": null }
				]
			},
			"wctm_cb_0026_02_2": {
				"attachment": [
					{ "time": 0, "name": null },
					{ "time": 1.0333, "name": null },
					{ "time": 1.0666, "name": "wctm_cb_0026_02_" },
					{ "time": 1.1, "name": "wctm_cb_0026_02_" },
					{ "time": 1.1666, "name": null }
				]
			},
			"wctm_cb_0028_01_": {
				"attachment": [
					{ "time": 0, "name": null },
					{ "time": 1.1, "name": null },
					{ "time": 1.1666, "name": "wctm_cb_0028_01_" },
					{ "time": 1.2, "name": "wctm_cb_0028_01_" },
					{ "time": 1.2333, "name": null }
				]
			},
			"wctm_cb_0028_01_2": {
				"attachment": [
					{ "time": 0, "name": null },
					{ "time": 1.1, "name": null },
					{ "time": 1.1666, "name": "wctm_cb_0028_01_" },
					{ "time": 1.2, "name": "wctm_cb_0028_01_" },
					{ "time": 1.2333, "name": null }
				]
			},
			"wctm_cb_0028_02_": {
				"attachment": [
					{ "time": 0, "name": null },
					{ "time": 1.1, "name": null },
					{ "time": 1.1666, "name": "wctm_cb_0028_02_" },
					{ "time": 1.2, "name": "wctm_cb_0028_02_" },
					{ "time": 1.2333, "name": null }
				]
			},
			"wctm_cb_0028_02_2": {
				"attachment": [
					{ "time": 0, "name": null },
					{ "time": 1.1, "name": null },
					{ "time": 1.1666, "name": "wctm_cb_0028_02_" },
					{ "time": 1.2, "name": "wctm_cb_0028_02_" },
					{ "time": 1.2333, "name": null }
				]
			},
			"wctm_cb_0030_01_": {
				"attachment": [
					{ "time": 0, "name": null },
					{ "time": 1.2, "name": null },
					{ "time": 1.2333, "name": "wctm_cb_0030_01_" },
					{ "time": 1.2666, "name": "wctm_cb_0030_01_" },
					{ "time": 1.3333, "name": null }
				]
			},
			"wctm_cb_0030_01_2": {
				"attachment": [
					{ "time": 0, "name": null },
					{ "time": 1.2, "name": null },
					{ "time": 1.2333, "name": "wctm_cb_0030_01_" },
					{ "time": 1.2666, "name": "wctm_cb_0030_01_" },
					{ "time": 1.3333, "name": null }
				]
			},
			"wctm_cb_0030_02_": {
				"attachment": [
					{ "time": 0, "name": null },
					{ "time": 1.2, "name": null },
					{ "time": 1.2333, "name": "wctm_cb_0030_02_" },
					{ "time": 1.2666, "name": "wctm_cb_0030_02_" },
					{ "time": 1.3333, "name": null }
				]
			},
			"wctm_cb_0030_02_2": {
				"attachment": [
					{ "time": 0, "name": null },
					{ "time": 1.2, "name": null },
					{ "time": 1.2333, "name": "wctm_cb_0030_02_" },
					{ "time": 1.2666, "name": "wctm_cb_0030_02_" },
					{ "time": 1.3333, "name": null }
				]
			},
			"wctm_cb_0032_01_": {
				"attachment": [
					{ "time": 0, "name": null },
					{ "time": 1.2666, "name": null },
					{ "time": 1.3333, "name": "wctm_cb_0032_01_" },
					{ "time": 1.3666, "name": "wctm_cb_0032_01_" },
					{ "time": 1.4, "name": null }
				]
			},
			"wctm_cb_0032_01_2": {
				"attachment": [
					{ "time": 0, "name": null },
					{ "time": 1.2666, "name": null },
					{ "time": 1.3333, "name": "wctm_cb_0032_01_" },
					{ "time": 1.3666, "name": "wctm_cb_0032_01_" },
					{ "time": 1.4, "name": null }
				]
			},
			"wctm_cb_0032_02_": {
				"attachment": [
					{ "time": 0, "name": null },
					{ "time": 1.2666, "name": null },
					{ "time": 1.3333, "name": "wctm_cb_0032_02_" },
					{ "time": 1.3666, "name": "wctm_cb_0032_02_" },
					{ "time": 1.4, "name": null }
				]
			},
			"wctm_cb_0032_02_2": {
				"attachment": [
					{ "time": 0, "name": null },
					{ "time": 1.2666, "name": null },
					{ "time": 1.3333, "name": "wctm_cb_0032_02_" },
					{ "time": 1.3666, "name": "wctm_cb_0032_02_" },
					{ "time": 1.4, "name": null }
				]
			},
			"wctm_cb_0034_01_": {
				"attachment": [
					{ "time": 0, "name": null },
					{ "time": 1.3666, "name": null },
					{ "time": 1.4, "name": "wctm_cb_0034_01_" },
					{ "time": 1.4333, "name": "wctm_cb_0034_01_" },
					{ "time": 1.5, "name": null }
				]
			},
			"wctm_cb_0034_01_2": {
				"attachment": [
					{ "time": 0, "name": null },
					{ "time": 1.3666, "name": null },
					{ "time": 1.4, "name": "wctm_cb_0034_01_" },
					{ "time": 1.4333, "name": "wctm_cb_0034_01_" },
					{ "time": 1.5, "name": null }
				]
			},
			"wctm_cb_0034_02_": {
				"attachment": [
					{ "time": 0, "name": null },
					{ "time": 1.3666, "name": null },
					{ "time": 1.4, "name": "wctm_cb_0034_02_" },
					{ "time": 1.4333, "name": "wctm_cb_0034_02_" },
					{ "time": 1.5, "name": null }
				]
			},
			"wctm_cb_0034_02_2": {
				"attachment": [
					{ "time": 0, "name": null },
					{ "time": 1.3666, "name": null },
					{ "time": 1.4, "name": "wctm_cb_0034_02_" },
					{ "time": 1.4333, "name": "wctm_cb_0034_02_" },
					{ "time": 1.5, "name": null }
				]
			},
			"wctm_cb_0036_01_": {
				"attachment": [
					{ "time": 0, "name": null },
					{ "time": 1.4333, "name": null },
					{ "time": 1.5, "name": "wctm_cb_0036_01_" },
					{ "time": 1.5333, "name": "wctm_cb_0036_01_" },
					{ "time": 1.5666, "name": null }
				]
			},
			"wctm_cb_0036_01_2": {
				"attachment": [
					{ "time": 0, "name": null },
					{ "time": 1.4333, "name": null },
					{ "time": 1.5, "name": "wctm_cb_0036_01_" },
					{ "time": 1.5333, "name": "wctm_cb_0036_01_" },
					{ "time": 1.5666, "name": null }
				]
			},
			"wctm_cb_0036_02_": {
				"attachment": [
					{ "time": 0, "name": null },
					{ "time": 1.4333, "name": null },
					{ "time": 1.5, "name": "wctm_cb_0036_02_" },
					{ "time": 1.5333, "name": "wctm_cb_0036_02_" },
					{ "time": 1.5666, "name": null }
				]
			},
			"wctm_cb_0036_02_2": {
				"attachment": [
					{ "time": 0, "name": null },
					{ "time": 1.4333, "name": null },
					{ "time": 1.5, "name": "wctm_cb_0036_02_" },
					{ "time": 1.5333, "name": "wctm_cb_0036_02_" },
					{ "time": 1.5666, "name": null }
				]
			},
			"wctm_cb_0036_03_": {
				"attachment": [
					{ "time": 0, "name": null },
					{ "time": 1.4333, "name": null },
					{ "time": 1.5, "name": "wctm_cb_0036_03_" },
					{ "time": 1.5333, "name": "wctm_cb_0036_03_" },
					{ "time": 1.5666, "name": null }
				]
			},
			"wctm_cb_0036_03_2": {
				"attachment": [
					{ "time": 0, "name": null },
					{ "time": 1.4333, "name": null },
					{ "time": 1.5, "name": "wctm_cb_0036_03_" },
					{ "time": 1.5333, "name": "wctm_cb_0036_03_" },
					{ "time": 1.5666, "name": null }
				]
			},
			"wctm_cb_0038_01_": {
				"attachment": [
					{ "time": 0, "name": null },
					{ "time": 1.5333, "name": null },
					{ "time": 1.5666, "name": "wctm_cb_0038_01_" },
					{ "time": 1.6, "name": "wctm_cb_0038_01_" },
					{ "time": 1.6666, "name": null }
				]
			},
			"wctm_cb_0038_01_2": {
				"attachment": [
					{ "time": 0, "name": null },
					{ "time": 1.5333, "name": null },
					{ "time": 1.5666, "name": "wctm_cb_0038_01_" },
					{ "time": 1.6, "name": "wctm_cb_0038_01_" },
					{ "time": 1.6666, "name": null }
				]
			},
			"wctm_cb_0038_02_": {
				"attachment": [
					{ "time": 0, "name": null },
					{ "time": 1.5333, "name": null },
					{ "time": 1.5666, "name": "wctm_cb_0038_02_" },
					{ "time": 1.6, "name": "wctm_cb_0038_02_" },
					{ "time": 1.6666, "name": null }
				]
			},
			"wctm_cb_0038_02_2": {
				"attachment": [
					{ "time": 0, "name": null },
					{ "time": 1.5333, "name": null },
					{ "time": 1.5666, "name": "wctm_cb_0038_02_" },
					{ "time": 1.6, "name": "wctm_cb_0038_02_" },
					{ "time": 1.6666, "name": null }
				]
			},
			"wctm_cb_0038_03_": {
				"attachment": [
					{ "time": 0, "name": null },
					{ "time": 1.5333, "name": null },
					{ "time": 1.5666, "name": "wctm_cb_0038_03_" },
					{ "time": 1.6, "name": "wctm_cb_0038_03_" },
					{ "time": 1.6666, "name": null }
				]
			},
			"wctm_cb_0038_03_2": {
				"attachment": [
					{ "time": 0, "name": null },
					{ "time": 1.5333, "name": null },
					{ "time": 1.5666, "name": "wctm_cb_0038_03_" },
					{ "time": 1.6, "name": "wctm_cb_0038_03_" },
					{ "time": 1.6666, "name": null }
				]
			}
		}
	}
}
}