{
"skeleton": { "hash": "l87xcgHZebaZbMcuyyo9g4QjOEo", "spine": "3.7.94", "width": 774.68, "height": 782.29, "images": "./images/", "audio": "E:/【COK】/【Spine】/纷争S1皮肤/images" },
"bones": [
	{ "name": "root" },
	{ "name": "bone", "parent": "root", "x": -69.42, "y": 168.32, "scaleX": 0.85, "scaleY": 0.85 },
	{ "name": "shenti_", "parent": "bone", "length": 60.97, "rotation": 96.24, "x": 6.63, "y": 19.89 },
	{ "name": "shenti_2", "parent": "shenti_", "length": 121.84, "rotation": -17.9, "x": 60.97 },
	{ "name": "bone2", "parent": "bone", "length": 59.8, "rotation": -100.95, "x": -39.77, "y": -12.31 },
	{ "name": "bone3", "parent": "bone2", "length": 55.45, "rotation": 3.1, "x": 59.8 },
	{ "name": "bone4", "parent": "bone3", "length": 55.45, "x": 55.45 },
	{ "name": "bone5", "parent": "bone", "length": 52.63, "rotation": -81.72, "x": 69.13, "y": -8.52 },
	{ "name": "bone6", "parent": "bone5", "length": 56.67, "rotation": 1.34, "x": 52.63 },
	{ "name": "bone7", "parent": "bone6", "length": 65.09, "rotation": -1.25, "x": 56.67 },
	{ "name": "tou_", "parent": "shenti_2", "length": 145.61, "rotation": 22.53, "x": 165.29, "y": 0.26 },
	{ "name": "R_shoubi_", "parent": "shenti_2", "length": 88.36, "rotation": 174.2, "x": 42.09, "y": 72.5 },
	{ "name": "R_shoubi_2", "parent": "R_shoubi_", "length": 119.52, "rotation": -6.87, "x": 88.36 },
	{ "name": "R_shou_", "parent": "R_shoubi_2", "length": 70.98, "rotation": 11.22, "x": 113.17, "y": 0.25 },
	{ "name": "R_shou_2", "parent": "R_shou_", "length": 32.25, "rotation": 62.87, "x": 70.98 },
	{ "name": "L_dabi_", "parent": "shenti_2", "length": 75.17, "rotation": -149.22, "x": 109.37, "y": -117.64 },
	{ "name": "L_shoubi_", "parent": "L_dabi_", "length": 143.79, "rotation": -123.61, "x": 91.04, "y": -0.49 },
	{ "name": "L_shoubi_2", "parent": "L_shoubi_", "length": 55.42, "rotation": -5.49, "x": 143.79 },
	{ "name": "L_shoubi_3", "parent": "L_shoubi_2", "length": 57.39, "rotation": -32.39, "x": 55.42 },
	{ "name": "L_shoubi_4", "parent": "L_shoubi_2", "length": 31.75, "rotation": -52.66, "x": 19.66, "y": -29.13 },
	{ "name": "L_shoubi_5", "parent": "L_shoubi_4", "length": 27.85, "rotation": 54.83, "x": 31.75 },
	{ "name": "pifeng_02_", "parent": "shenti_2", "length": 157.9, "rotation": -160.06, "x": -65.08, "y": 43.62 },
	{ "name": "toufa_01_", "parent": "tou_", "length": 30.32, "rotation": 167.34, "x": 33.6, "y": -45.99 },
	{ "name": "toufa_01_2", "parent": "toufa_01_", "length": 17.79, "rotation": -23.41, "x": 30.32 },
	{ "name": "toufa_01_3", "parent": "toufa_01_2", "length": 22.89, "rotation": 0.76, "x": 17.79 },
	{ "name": "pifeng_03_", "parent": "shenti_2", "length": 88.29, "rotation": -129.87, "x": 141.83, "y": -110.94 },
	{ "name": "pifeng_03_2", "parent": "pifeng_03_", "length": 93.03, "rotation": -23.72, "x": 88.29 },
	{ "name": "pifeng_03_3", "parent": "pifeng_03_2", "length": 96.44, "rotation": -7.41, "x": 93.03 },
	{ "name": "pifeng_03_4", "parent": "pifeng_03_3", "length": 92.54, "rotation": 10.54, "x": 96.44 },
	{ "name": "pifeng_03_5", "parent": "pifeng_03_4", "length": 79.71, "rotation": 48.3, "x": 92.54 },
	{ "name": "pifeng_03_6", "parent": "pifeng_03_5", "length": 60.62, "rotation": 24.72, "x": 80.09, "y": -0.87 },
	{ "name": "pifeng_05_", "parent": "pifeng_03_", "length": 66.22, "rotation": -21.85, "x": 96.54, "y": 10.38 },
	{ "name": "pifeng_05_2", "parent": "pifeng_05_", "length": 68.77, "rotation": 21.67, "x": 66.22 },
	{ "name": "pifeng_05_3", "parent": "pifeng_05_2", "length": 61.97, "rotation": 12.91, "x": 68.77 },
	{ "name": "pifeng_05_4", "parent": "pifeng_05_3", "length": 63.84, "rotation": 6.52, "x": 61.97 },
	{ "name": "pifeng_03_7", "parent": "pifeng_03_", "length": 82.83, "rotation": 73.7, "x": -1.15, "y": 33.57 },
	{ "name": "xiashen_", "parent": "bone", "length": 178.13, "rotation": -96.93, "x": -27.69, "y": -21.3 },
	{ "name": "bone8", "parent": "bone", "length": 188.66, "rotation": -80.45, "x": 62.57, "y": -11.48 },
	{ "name": "fasi_01_", "parent": "tou_", "length": 15.53, "rotation": 60.69, "x": 102.65, "y": 15.34 },
	{ "name": "fasi_01_2", "parent": "fasi_01_", "length": 11.86, "rotation": 87.18, "x": 15.53 },
	{ "name": "fasi_02_", "parent": "tou_", "length": 15.06, "rotation": 120.66, "x": 101.02, "y": 16.48 },
	{ "name": "fasi_02_2", "parent": "fasi_02_", "length": 17.26, "rotation": 34.43, "x": 15.06 },
	{ "name": "fasi_02_3", "parent": "fasi_02_2", "length": 17.63, "rotation": 23.5, "x": 17.26 },
	{ "name": "toufa_02_", "parent": "tou_", "length": 19.44, "rotation": 164.89, "x": 36.85, "y": 32.39 },
	{ "name": "toufa_02_2", "parent": "toufa_02_", "length": 16.54, "rotation": -22.88, "x": 19.44 },
	{ "name": "toufa_02_3", "parent": "toufa_02_2", "length": 15.1, "rotation": -34.49, "x": 16.86, "y": 0.16 },
	{ "name": "fasi_05_", "parent": "tou_", "length": 18.07, "rotation": -149.9, "x": 105.44, "y": -15.87 },
	{ "name": "fasi_05_2", "parent": "fasi_05_", "length": 17.33, "rotation": 15.01, "x": 18.07 },
	{ "name": "fasi_05_3", "parent": "fasi_05_2", "length": 16.41, "rotation": 23.94, "x": 17.33 },
	{ "name": "fasi_04_", "parent": "tou_", "length": 19.95, "rotation": -109.15, "x": 108.68, "y": -6.63 },
	{ "name": "fasi_04_2", "parent": "fasi_04_", "length": 16.52, "rotation": -34.08, "x": 19.95 },
	{ "name": "fasi_04_3", "parent": "fasi_04_2", "length": 19.44, "rotation": -43.41, "x": 16.52 },
	{ "name": "fasi_06_", "parent": "tou_", "length": 22.76, "rotation": -138.83, "x": 79.65, "y": -39.8 },
	{ "name": "fasi_06_2", "parent": "fasi_06_", "length": 19.35, "rotation": -2.53, "x": 22.76 },
	{ "name": "fasi_07_", "parent": "tou_", "length": 16.61, "rotation": 175.33, "x": 61.29, "y": -32.62 },
	{ "name": "fasi_07_2", "parent": "fasi_07_", "length": 15.34, "rotation": -26.76, "x": 16.61 },
	{ "name": "fasi_03_", "parent": "tou_", "length": 16.61, "rotation": -107.07, "x": 98.38, "y": -3.18 },
	{ "name": "fasi_03_2", "parent": "fasi_03_", "length": 21.01, "rotation": -50.65, "x": 16.61 },
	{ "name": "fasi_03_3", "parent": "fasi_03_2", "length": 20.62, "rotation": 1.93, "x": 21.01 },
	{ "name": "fasi_03_4", "parent": "fasi_03_3", "length": 21.54, "rotation": 18.06, "x": 20.62 },
	{ "name": "fasi_03_5", "parent": "fasi_03_4", "length": 16.89, "rotation": 39.31, "x": 21.54 },
	{ "name": "tou_2", "parent": "tou_", "length": 16.14, "rotation": -68.6, "x": 108.11, "y": -51.48 },
	{ "name": "pifeng_01_", "parent": "shenti_2", "length": 110.71, "rotation": -31.79, "x": 86.08, "y": 95.88 },
	{ "name": "shenti_3", "parent": "shenti_2", "length": 90.51, "rotation": -167.21, "x": 65.76, "y": -111.96 },
	{ "name": "shenti_4", "parent": "shenti_3", "length": 90.61, "rotation": 1.7, "x": 90.51 },
	{ "name": "shenti_5", "parent": "shenti_4", "length": 100.5, "rotation": 0.23, "x": 90.61 },
	{ "name": "effect", "parent": "shenti_2", "x": -254.99, "y": -143.92 },
	{ "name": "geboguang", "parent": "effect", "rotation": -76.99, "x": 295.51, "y": 60.58 },
	{ "name": "dian", "parent": "effect", "x": 298.78, "y": 84.8, "scaleX": 2, "scaleY": 2 },
	{
		"name": "dian2",
		"parent": "effect",
		"rotation": 108.95,
		"x": 276.26,
		"y": 36.95,
		"scaleX": 2.2,
		"scaleY": 2.2
	},
	{
		"name": "dian3",
		"parent": "effect",
		"rotation": -125.32,
		"x": 317.57,
		"y": 113.36,
		"scaleX": 2.4,
		"scaleY": 2.4
	},
	{ "name": "guangyun", "parent": "effect", "x": 302.78, "y": 120.26, "scaleX": 2.3, "scaleY": 2.3 },
	{ "name": "guangyun2", "parent": "effect", "x": 343.61, "y": 184.03, "scaleX": 1.2, "scaleY": 1.2 },
	{ "name": "guangyun3", "parent": "effect", "x": 315.7, "y": -1.26, "scaleX": 1.2, "scaleY": 1.2 },
	{
		"name": "huoyan",
		"parent": "effect",
		"rotation": 167.9,
		"x": 279.41,
		"y": 98.15,
		"scaleX": 2,
		"scaleY": 2
	}
],
"slots": [
	{ "name": "pifeng_02_", "bone": "pifeng_02_", "attachment": "pifeng_02_" },
	{ "name": "pifeng_04_", "bone": "pifeng_03_", "attachment": "pifeng_04_" },
	{ "name": "xiashen_", "bone": "xiashen_", "attachment": "xiashen_" },
	{ "name": "R_shou_", "bone": "R_shou_", "attachment": "R_shou_" },
	{ "name": "R_shoubi_", "bone": "R_shoubi_", "attachment": "R_shoubi_" },
	{ "name": "shenti_", "bone": "shenti_", "attachment": "shenti_" },
	{ "name": "L_dabi_", "bone": "L_dabi_", "attachment": "L_dabi_" },
	{ "name": "pifeng_01_", "bone": "pifeng_01_", "attachment": "pifeng_01_" },
	{ "name": "pifeng_05_", "bone": "pifeng_05_", "attachment": "pifeng_05_" },
	{ "name": "pifeng_03_", "bone": "pifeng_03_", "attachment": "pifeng_03_" },
	{ "name": "toufa_02_", "bone": "toufa_02_", "attachment": "toufa_02_" },
	{ "name": "tou_", "bone": "tou_", "attachment": "tou_" },
	{ "name": "biyan_", "bone": "tou_", "attachment": "biyan_" },
	{ "name": "fasi_07_", "bone": "fasi_07_", "attachment": "fasi_07_" },
	{ "name": "toufa_01_", "bone": "toufa_01_", "attachment": "toufa_01_" },
	{ "name": "fasi_06_", "bone": "fasi_06_", "attachment": "fasi_06_" },
	{ "name": "fasi_05_", "bone": "fasi_05_", "attachment": "fasi_05_" },
	{ "name": "fasi_04_", "bone": "fasi_04_", "attachment": "fasi_04_" },
	{ "name": "fasi_03_", "bone": "fasi_03_", "attachment": "fasi_03_" },
	{ "name": "fasi_02_", "bone": "fasi_02_", "attachment": "fasi_02_" },
	{ "name": "fasi_01_", "bone": "fasi_01_", "attachment": "fasi_01_" },
	{ "name": "gebog", "bone": "geboguang", "attachment": "gbg_00000_" },
	{ "name": "dianxul.ie", "bone": "dian", "attachment": "HD_00000_", "blend": "additive" },
	{ "name": "dianxul.ie3", "bone": "dian3", "attachment": "HD_00000_", "blend": "additive" },
	{ "name": "dianxul.ie2", "bone": "dian2", "attachment": "HD_00000_", "blend": "additive" },
	{ "name": "guangyun_", "bone": "guangyun", "color": "ffc01ecd", "attachment": "guangyun_", "blend": "additive" },
	{ "name": "guangyun_2", "bone": "guangyun2", "color": "ffefc9cd", "attachment": "guangyun_", "blend": "additive" },
	{ "name": "guangyun_3", "bone": "guangyun3", "color": "ffefc9cd", "attachment": "guangyun_", "blend": "additive" },
	{ "name": "hyxl", "bone": "huoyan", "color": "ff0000ff", "attachment": "bh_frame_0_", "blend": "additive" }
],
"skins": {
	"default": {
		"L_dabi_": {
			"L_dabi_": { "x": 56.02, "y": 2.38, "rotation": 70.88, "width": 79, "height": 112 }
		},
		"R_shou_": {
			"R_shou_": {
				"type": "mesh",
				"uvs": [ 1, 0.1476, 0.87813, 0.41918, 0.70589, 0.59316, 0.67708, 0.61733, 0.6865, 0.64461, 0.73956, 0.671, 0.81915, 0.59969, 1, 0.61271, 1, 1, 0.69608, 1, 0.3686, 1, 0.23815, 0.90156, 0.06001, 0.76714, 0.02836, 0.69106, 0, 0.39796, 0.35424, 0, 0.67001, 0 ],
				"triangles": [ 11, 12, 4, 10, 11, 4, 9, 4, 5, 10, 4, 9, 5, 6, 7, 8, 9, 5, 8, 5, 7, 1, 16, 0, 2, 16, 1, 15, 16, 2, 14, 15, 2, 3, 14, 2, 13, 14, 3, 12, 13, 3, 12, 3, 4 ],
				"vertices": [ 1, 13, -0.39, 24.39, 1, 1, 13, 31.91, 23.4, 1, 2, 13, 54.05, 16.53, 0.84453, 14, 6.99, 22.6, 0.15547, 2, 13, 57.21, 15.25, 0.70768, 14, 7.29, 19.21, 0.29232, 2, 13, 60.12, 16.59, 0.46236, 14, 9.81, 17.23, 0.53764, 2, 13, 62.25, 20.79, 0.17635, 14, 14.52, 17.25, 0.82365, 2, 13, 53.04, 24.2, 0.04051, 14, 13.36, 27, 0.95949, 2, 13, 51.71, 36.52, 0.00823, 14, 23.71, 33.8, 0.99177, 1, 14, 52.48, -0.2, 1, 1, 14, 36.71, -13.55, 1, 2, 13, 104.82, 4.8, 1.0E-5, 14, 19.71, -27.93, 0.99999, 2, 13, 95.81, -6.4, 0.05562, 14, 5.62, -25.02, 0.94438, 2, 13, 83.5, -21.71, 0.56644, 14, -13.61, -21.04, 0.43356, 2, 13, 75.47, -25.79, 0.78849, 14, -20.91, -15.75, 0.21151, 1, 13, 43.08, -35.31, 1, 1, 13, -6.96, -22.23, 1, 1, 13, -11.83, -1.32, 1 ],
				"hull": 17,
				"edges": [ 30, 28, 30, 32, 32, 0, 0, 2, 2, 4, 8, 10, 10, 12, 14, 16, 12, 14, 24, 26, 20, 22, 22, 24, 16, 18, 18, 20, 24, 8, 4, 6, 6, 8, 26, 28, 26, 6, 4, 28 ],
				"width": 68,
				"height": 115
			}
		},
		"R_shoubi_": {
			"R_shoubi_": {
				"type": "mesh",
				"uvs": [ 1, 0.12701, 1, 0.39393, 0.91544, 0.49773, 0.91372, 0.51948, 0.90358, 0.54145, 0.50079, 1, 0, 1, 0, 0.78953, 0.28185, 0.32089, 0.30348, 0.30031, 0.3319, 0.2829, 0.62944, 0, 1, 0 ],
				"triangles": [ 4, 9, 3, 5, 6, 7, 5, 8, 4, 5, 7, 8, 11, 12, 0, 11, 0, 1, 2, 10, 11, 1, 2, 11, 3, 10, 2, 9, 10, 3, 8, 9, 4 ],
				"vertices": [ 1, 11, 13.17, 17.69, 1, 2, 11, 67.65, 34.83, 0.92142, 12, -24.72, 32.1, 0.07858, 2, 11, 91.66, 32.54, 0.4275, 12, -0.61, 32.7, 0.5725, 2, 11, 96.16, 33.76, 0.30866, 12, 3.71, 34.45, 0.69134, 2, 11, 100.97, 34.09, 0.21953, 12, 8.45, 35.36, 0.78047, 1, 12, 116.29, 35.05, 1, 1, 12, 139.2, -15.6, 1, 1, 12, 98.16, -34.16, 1, 2, 11, 76.67, -45.9, 0.62471, 12, -6.12, -46.97, 0.37529, 2, 11, 71.75, -44.93, 0.69485, 12, -11.12, -46.6, 0.30515, 2, 11, 67.24, -43.04, 0.7664, 12, -15.81, -45.26, 0.2336, 1, 11, -0.42, -29.71, 1, 1, 11, -12.76, 9.53, 1 ],
				"hull": 13,
				"edges": [ 22, 24, 12, 14, 16, 14, 10, 12, 10, 8, 2, 0, 0, 24, 2, 4, 4, 6, 6, 8, 16, 18, 18, 20, 20, 22, 20, 4, 18, 6, 16, 8 ],
				"width": 111,
				"height": 214
			}
		},
		"biyan_": {
			"biyan_": { "x": 68.23, "y": 1.38, "rotation": -100.87, "width": 57, "height": 15 }
		},
		"dianxul.ie": {
			"HD_00000_": { "y": 0.5, "width": 262, "height": 197 },
			"HD_00001_": { "y": 0.5, "width": 262, "height": 197 },
			"HD_00002_": { "y": 0.5, "width": 262, "height": 197 },
			"HD_00003_": { "y": 0.5, "width": 262, "height": 197 },
			"HD_00004_": { "y": 0.5, "width": 262, "height": 197 },
			"HD_00005_": { "y": 0.5, "width": 262, "height": 197 },
			"HD_00006_": { "y": 0.5, "width": 262, "height": 197 },
			"HD_00007_": { "y": 0.5, "width": 262, "height": 197 },
			"HD_00008_": { "y": 0.5, "width": 262, "height": 197 },
			"HD_00009_": { "y": 0.5, "width": 262, "height": 197 },
			"HD_00010_": { "y": 0.5, "width": 262, "height": 197 },
			"HD_00011_": { "y": 0.5, "width": 262, "height": 197 },
			"HD_00012_": { "y": 0.5, "width": 262, "height": 197 },
			"HD_00013_": { "y": 0.5, "width": 262, "height": 197 },
			"HD_00014_": { "y": 0.5, "width": 262, "height": 197 },
			"HD_00015_": { "y": 0.5, "width": 262, "height": 197 },
			"HD_00016_": { "y": 0.5, "width": 262, "height": 197 },
			"HD_00017_": { "y": 0.5, "width": 262, "height": 197 },
			"HD_00018_": { "y": 0.5, "width": 262, "height": 197 },
			"HD_00019_": { "y": 0.5, "width": 262, "height": 197 }
		},
		"dianxul.ie2": {
			"HD_00000_": { "y": 0.5, "width": 262, "height": 197 },
			"HD_00001_": { "y": 0.5, "width": 262, "height": 197 },
			"HD_00002_": { "y": 0.5, "width": 262, "height": 197 },
			"HD_00003_": { "y": 0.5, "width": 262, "height": 197 },
			"HD_00004_": { "y": 0.5, "width": 262, "height": 197 },
			"HD_00005_": { "y": 0.5, "width": 262, "height": 197 },
			"HD_00006_": { "y": 0.5, "width": 262, "height": 197 },
			"HD_00007_": { "y": 0.5, "width": 262, "height": 197 },
			"HD_00008_": { "y": 0.5, "width": 262, "height": 197 },
			"HD_00009_": { "y": 0.5, "width": 262, "height": 197 },
			"HD_00010_": { "y": 0.5, "width": 262, "height": 197 },
			"HD_00011_": { "y": 0.5, "width": 262, "height": 197 },
			"HD_00012_": { "y": 0.5, "width": 262, "height": 197 },
			"HD_00013_": { "y": 0.5, "width": 262, "height": 197 },
			"HD_00014_": { "y": 0.5, "width": 262, "height": 197 },
			"HD_00015_": { "y": 0.5, "width": 262, "height": 197 },
			"HD_00016_": { "y": 0.5, "width": 262, "height": 197 },
			"HD_00017_": { "y": 0.5, "width": 262, "height": 197 },
			"HD_00018_": { "y": 0.5, "width": 262, "height": 197 },
			"HD_00019_": { "y": 0.5, "width": 262, "height": 197 }
		},
		"dianxul.ie3": {
			"HD_00000_": { "y": 0.5, "width": 262, "height": 197 },
			"HD_00001_": { "y": 0.5, "width": 262, "height": 197 },
			"HD_00002_": { "y": 0.5, "width": 262, "height": 197 },
			"HD_00003_": { "y": 0.5, "width": 262, "height": 197 },
			"HD_00004_": { "y": 0.5, "width": 262, "height": 197 },
			"HD_00005_": { "y": 0.5, "width": 262, "height": 197 },
			"HD_00006_": { "y": 0.5, "width": 262, "height": 197 },
			"HD_00007_": { "y": 0.5, "width": 262, "height": 197 },
			"HD_00008_": { "y": 0.5, "width": 262, "height": 197 },
			"HD_00009_": { "y": 0.5, "width": 262, "height": 197 },
			"HD_00010_": { "y": 0.5, "width": 262, "height": 197 },
			"HD_00011_": { "y": 0.5, "width": 262, "height": 197 },
			"HD_00012_": { "y": 0.5, "width": 262, "height": 197 },
			"HD_00013_": { "y": 0.5, "width": 262, "height": 197 },
			"HD_00014_": { "y": 0.5, "width": 262, "height": 197 },
			"HD_00015_": { "y": 0.5, "width": 262, "height": 197 },
			"HD_00016_": { "y": 0.5, "width": 262, "height": 197 },
			"HD_00017_": { "y": 0.5, "width": 262, "height": 197 },
			"HD_00018_": { "y": 0.5, "width": 262, "height": 197 },
			"HD_00019_": { "y": 0.5, "width": 262, "height": 197 }
		},
		"fasi_01_": {
			"fasi_01_": {
				"type": "mesh",
				"uvs": [ 1, 0.28116, 1, 0.65537, 0.6287, 0.61379, 0.42462, 0.42253, 0.30612, 0.58052, 0.60237, 1, 0.2337, 1, 0, 0.58052, 0, 0.32274, 0.20737, 0, 0.60896, 0 ],
				"triangles": [ 8, 9, 3, 4, 8, 3, 7, 8, 4, 6, 7, 4, 6, 4, 5, 3, 9, 10, 2, 3, 10, 0, 2, 10, 2, 0, 1 ],
				"vertices": [ 1, 10, 105.27, 13.11, 1, 1, 10, 98.29, 14.45, 1, 2, 38, 5.79, 5.44, 0.99947, 39, 4.95, 10, 5.3E-4, 2, 38, 11.58, 3.54, 0.64215, 39, 3.34, 4.12, 0.35785, 2, 38, 13.33, 7.29, 0.02046, 39, 7.17, 2.56, 0.97954, 1, 39, 12.02, 12.07, 1, 1, 39, 15.23, 3.82, 1, 1, 39, 9.83, -4.29, 1, 1, 39, 5.27, -6.07, 1, 2, 38, 19.07, -2.43, 0.57476, 39, -2.25, -3.65, 0.42524, 1, 38, 9.93, -5.48, 1 ],
				"hull": 11,
				"edges": [ 2, 4, 4, 6, 6, 8, 8, 10, 2, 0, 0, 20, 18, 20, 18, 16, 14, 16, 10, 12, 14, 12, 6, 18, 4, 20, 8, 14 ],
				"width": 24,
				"height": 19
			}
		},
		"fasi_02_": {
			"fasi_02_": {
				"type": "mesh",
				"uvs": [ 0.86391, 0.13103, 0.71085, 0.2474, 0.51314, 0.3977, 0.4105, 0.55059, 0.31622, 0.69103, 0.43314, 1, 0, 1, 0, 0.71008, 0, 0.44722, 0.15622, 0.1958, 0.39007, 0, 0.79622, 0 ],
				"triangles": [ 6, 4, 5, 6, 7, 4, 7, 8, 4, 4, 8, 3, 8, 9, 3, 3, 9, 2, 9, 10, 2, 2, 10, 1, 1, 10, 11, 1, 11, 0 ],
				"vertices": [ 1, 10, 97.96, 13.02, 1, 2, 40, 4.81, 5.41, 0.99776, 41, -5.39, 10.26, 0.00224, 2, 40, 12.84, 6.73, 0.55913, 41, 1.98, 6.8, 0.44087, 2, 40, 19.1, 9.76, 0.02887, 41, 8.86, 5.77, 0.97113, 2, 41, 15.17, 4.82, 0.69822, 42, 0.01, 5.25, 0.30178, 1, 42, 13.31, 6.12, 1, 1, 42, 11.46, -4.99, 1, 2, 41, 17.94, -2.96, 0.54853, 42, -0.55, -2.99, 0.45147, 1, 41, 7.23, -5.64, 1, 2, 40, 14.17, -5.77, 0.95578, 41, -4, -4.26, 0.04422, 1, 40, 4.16, -7.9, 1, 1, 10, 103.7, 13.71, 1 ],
				"hull": 12,
				"edges": [ 10, 12, 8, 10, 0, 22, 20, 22, 20, 18, 18, 16, 12, 14, 14, 16, 14, 8, 4, 6, 6, 8, 16, 6, 18, 4, 0, 2, 2, 4, 20, 2 ],
				"width": 26,
				"height": 42
			}
		},
		"fasi_03_": {
			"fasi_03_": {
				"type": "mesh",
				"uvs": [ 0.45166, 0.35023, 0.59703, 0.63223, 0.77323, 0.83323, 1, 0.84523, 1, 1, 0.68293, 1, 0.47809, 0.80323, 0.32133, 0.45341, 0.18806, 0.1599, 0, 0.17728, 0, 0, 0.27766, 0 ],
				"triangles": [ 2, 3, 4, 5, 2, 4, 6, 1, 2, 5, 6, 2, 7, 0, 1, 6, 7, 1, 7, 8, 0, 8, 10, 11, 8, 11, 0, 9, 10, 8 ],
				"vertices": [ 2, 57, 20.51, 6.75, 0.53473, 58, -0.27, 6.76, 0.46527, 2, 58, 19.71, 6.76, 0.49154, 59, 1.24, 6.71, 0.50846, 2, 59, 19.37, 5.74, 0.46264, 60, 1.95, 5.82, 0.53736, 1, 60, 19.82, 4.36, 1, 1, 60, 19.44, -4.61, 1, 2, 59, 19.46, -6.28, 0.99052, 60, -5.59, -3.55, 0.00948, 2, 58, 22.43, -6.63, 0.4182, 59, -0.33, -6.86, 0.5818, 2, 57, 19.89, -5.14, 0.61789, 58, -1.29, -5.1, 0.38211, 2, 56, 12.94, -2.85, 0.85989, 57, -0.12, -4.65, 0.14011, 1, 10, 93.66, 0.06, 1, 1, 10, 103.76, -1.87, 1, 2, 56, 18.98, 7.13, 0.5362, 57, -4.01, 6.35, 0.4638 ],
				"hull": 12,
				"edges": [ 18, 20, 18, 16, 16, 14, 14, 12, 8, 10, 12, 10, 20, 22, 22, 0, 0, 2, 2, 4, 8, 6, 4, 6, 16, 22, 14, 0, 12, 2, 10, 4 ],
				"width": 79,
				"height": 58
			}
		},
		"fasi_04_": {
			"fasi_04_": {
				"type": "mesh",
				"uvs": [ 1, 0.35223, 1, 1, 0.77944, 1, 0.75536, 0.53523, 0.47605, 0.3275, 0, 0.22858, 0, 0, 0.65423, 0 ],
				"triangles": [ 1, 2, 3, 1, 3, 0, 4, 7, 0, 3, 4, 0, 7, 4, 6, 4, 5, 6 ],
				"vertices": [ 2, 50, 17.52, 5.3, 0.53529, 51, -2.91, 4.54, 0.46471, 1, 51, 20.99, 2.77, 1, 1, 51, 20.37, -5.59, 1, 3, 49, 29.21, -13.47, 1.1E-4, 50, 15.22, -5.97, 0.36101, 51, 3.16, -5.23, 0.63887, 2, 49, 17.6, -7.39, 0.61832, 50, 2.2, -7.44, 0.38168, 1, 10, 102.93, -3.75, 1, 1, 10, 111.24, -5.35, 1, 2, 49, 22.56, 5.57, 0.21807, 50, -0.97, 6.07, 0.78193 ],
				"hull": 8,
				"edges": [ 10, 12, 10, 8, 8, 6, 2, 4, 6, 4, 12, 14, 2, 0, 14, 0, 8, 14, 6, 0 ],
				"width": 38,
				"height": 37
			}
		},
		"fasi_05_": {
			"fasi_05_": {
				"type": "mesh",
				"uvs": [ 0.41243, 0.39936, 0.66306, 0.67071, 1, 0.79691, 1, 1, 0.51985, 1, 0.22545, 0.70857, 0, 0.30471, 0, 0, 0.22943, 0 ],
				"triangles": [ 1, 2, 3, 4, 1, 3, 4, 5, 1, 5, 0, 1, 5, 6, 0, 6, 8, 0, 6, 7, 8 ],
				"vertices": [ 2, 46, 18.3, 6.01, 0.42044, 47, 1.79, 5.75, 0.57956, 2, 47, 15.74, 5.67, 0.65368, 48, 0.86, 5.83, 0.34632, 1, 48, 16.76, 4.94, 1, 1, 48, 17.79, -0.86, 1, 2, 47, 15.63, -5.93, 0.96246, 48, -3.96, -4.73, 0.03754, 2, 46, 19.44, -6.36, 0.47511, 47, -0.33, -6.5, 0.52489, 2, 10, 98.9, -12.14, 0.5, 46, 3.79, -6.51, 0.5, 1, 10, 107.58, -13.81, 1, 2, 10, 105.58, -24.17, 0.5, 46, 4.04, 7.25, 0.5 ],
				"hull": 9,
				"edges": [ 14, 16, 16, 0, 6, 4, 2, 4, 12, 14, 12, 10, 6, 8, 8, 2, 10, 0, 8, 10, 0, 2 ],
				"width": 46,
				"height": 29
			}
		},
		"fasi_06_": {
			"fasi_06_": {
				"type": "mesh",
				"uvs": [ 0.83857, 0.21714, 1, 0.33609, 1, 1, 0.68447, 1, 0.38107, 0.64719, 0, 0.40471, 0, 0, 0.51591, 0 ],
				"triangles": [ 3, 1, 2, 1, 3, 4, 1, 4, 0, 4, 7, 0, 4, 5, 7, 5, 6, 7 ],
				"vertices": [ 2, 52, 25.31, 13.2, 0.57654, 53, 1.96, 13.3, 0.42346, 2, 52, 33.07, 13.22, 0.2535, 53, 9.72, 13.66, 0.7465, 1, 53, 26.96, -6.54, 1, 2, 52, 39.95, -15.09, 0.00491, 53, 17.84, -14.32, 0.99509, 2, 52, 22.18, -11.06, 0.71086, 53, -0.09, -11.07, 0.28914, 2, 10, 67.93, -33.69, 0.4, 52, 4.8, -12.32, 0.6, 1, 10, 83.82, -36.74, 1, 3, 10, 80.13, -55.99, 0.4, 52, 10.3, 12.51, 0.5996, 53, -13, 11.94, 4.0E-4 ],
				"hull": 8,
				"edges": [ 10, 12, 10, 8, 4, 6, 8, 6, 12, 14, 14, 0, 4, 2, 0, 2, 8, 0 ],
				"width": 38,
				"height": 40
			}
		},
		"fasi_07_": {
			"fasi_07_": {
				"type": "mesh",
				"uvs": [ 1, 0.48257, 1, 0.53293, 1, 1, 0, 1, 0, 0.52811, 0, 0.48414, 0, 0, 1, 0 ],
				"triangles": [ 3, 1, 2, 3, 4, 1, 4, 0, 1, 4, 5, 0, 5, 6, 0, 6, 7, 0 ],
				"vertices": [ 2, 54, 15.34, 3.16, 0.84738, 55, -2.56, 2.25, 0.15262, 2, 54, 17.29, 2.95, 0.20716, 55, -0.72, 2.94, 0.79284, 1, 55, 16.34, 9.34, 1, 1, 55, 20.9, -2.84, 1, 2, 54, 15.7, -9.96, 0.51159, 55, 3.67, -9.3, 0.48841, 2, 54, 14, -9.77, 0.65237, 55, 2.06, -9.9, 0.34763, 1, 10, 66.67, -25.3, 1, 1, 10, 64.22, -38.07, 1 ],
				"hull": 8,
				"edges": [ 4, 6, 12, 14, 6, 8, 4, 2, 8, 2, 8, 10, 10, 12, 2, 0, 0, 14, 10, 0 ],
				"width": 13,
				"height": 39
			}
		},
		"gebog": {
			"gbg_00000_": { "y": 0.5, "width": 524, "height": 395 },
			"gbg_00001_": { "y": 0.5, "width": 524, "height": 395 },
			"gbg_00002_": { "y": 0.5, "width": 524, "height": 395 },
			"gbg_00003_": { "y": 0.5, "width": 524, "height": 395 },
			"gbg_00004_": { "y": 0.5, "width": 524, "height": 395 },
			"gbg_00005_": { "y": 0.5, "width": 524, "height": 395 },
			"gbg_00006_": { "y": 0.5, "width": 524, "height": 395 },
			"gbg_00007_": { "y": 0.5, "width": 524, "height": 395 },
			"gbg_00008_": { "y": 0.5, "width": 524, "height": 395 },
			"gbg_00009_": { "y": 0.5, "width": 524, "height": 395 },
			"gbg_00010_": { "y": 0.5, "width": 524, "height": 395 },
			"gbg_00011_": { "y": 0.5, "width": 524, "height": 395 },
			"gbg_00012_": { "y": 0.5, "width": 524, "height": 395 },
			"gbg_00013_": { "y": 0.5, "width": 524, "height": 395 },
			"gbg_00014_": { "y": 0.5, "width": 524, "height": 395 },
			"gbg_00015_": { "y": 0.5, "width": 524, "height": 395 },
			"gbg_00016_": { "y": 0.5, "width": 524, "height": 395 },
			"gbg_00017_": { "y": 0.5, "width": 524, "height": 395 },
			"gbg_00018_": { "y": 0.5, "width": 524, "height": 395 },
			"gbg_00019_": { "y": 0.5, "width": 524, "height": 395 },
			"gbg_00020_": { "y": 0.5, "width": 524, "height": 395 },
			"gbg_00021_": { "y": 0.5, "width": 524, "height": 395 },
			"gbg_00022_": { "y": 0.5, "width": 524, "height": 395 },
			"gbg_00023_": { "y": 0.5, "width": 524, "height": 395 },
			"gbg_00024_": { "y": 0.5, "width": 524, "height": 395 },
			"gbg_00025_": { "y": 0.5, "width": 524, "height": 395 },
			"gbg_00026_": { "y": 0.5, "width": 524, "height": 395 },
			"gbg_00027_": { "y": 0.5, "width": 524, "height": 395 },
			"gbg_00028_": { "y": 0.5, "width": 524, "height": 395 },
			"gbg_00029_": { "y": 0.5, "width": 524, "height": 395 },
			"gbg_00030_": { "y": 0.5, "width": 524, "height": 395 },
			"gbg_00031_": { "y": 0.5, "width": 524, "height": 395 },
			"gbg_00032_": { "y": 0.5, "width": 524, "height": 395 },
			"gbg_00033_": { "y": 0.5, "width": 524, "height": 395 },
			"gbg_00034_": { "y": 0.5, "width": 524, "height": 395 },
			"gbg_00035_": { "y": 0.5, "width": 524, "height": 395 },
			"gbg_00036_": { "y": 0.5, "width": 524, "height": 395 },
			"gbg_00037_": { "y": 0.5, "width": 524, "height": 395 },
			"gbg_00038_": { "y": 0.5, "width": 524, "height": 395 },
			"gbg_00039_": { "y": 0.5, "width": 524, "height": 395 },
			"gbg_00040_": { "y": 0.5, "width": 524, "height": 395 },
			"gbg_00041_": { "y": 0.5, "width": 524, "height": 395 },
			"gbg_00042_": { "y": 0.5, "width": 524, "height": 395 },
			"gbg_00043_": { "y": 0.5, "width": 524, "height": 395 },
			"gbg_00044_": { "y": 0.5, "width": 524, "height": 395 },
			"gbg_00045_": { "y": 0.5, "width": 524, "height": 395 },
			"gbg_00046_": { "y": 0.5, "width": 524, "height": 395 },
			"gbg_00047_": { "y": 0.5, "width": 524, "height": 395 },
			"gbg_00048_": { "y": 0.5, "width": 524, "height": 395 },
			"gbg_00049_": { "y": 0.5, "width": 524, "height": 395 },
			"gbg_00050_": { "y": 0.5, "width": 524, "height": 395 },
			"gbg_00051_": { "y": 0.5, "width": 524, "height": 395 },
			"gbg_00052_": { "y": 0.5, "width": 524, "height": 395 },
			"gbg_00053_": { "y": 0.5, "width": 524, "height": 395 },
			"gbg_00054_": { "y": 0.5, "width": 524, "height": 395 },
			"gbg_00055_": { "y": 0.5, "width": 524, "height": 395 },
			"gbg_00056_": { "y": 0.5, "width": 524, "height": 395 },
			"gbg_00057_": { "y": 0.5, "width": 524, "height": 395 },
			"gbg_00058_": { "y": 0.5, "width": 524, "height": 395 },
			"gbg_00059_": { "y": 0.5, "width": 524, "height": 395 },
			"gbg_00060_": { "y": 0.5, "width": 524, "height": 395 },
			"gbg_00061_": { "y": 0.5, "width": 524, "height": 395 },
			"gbg_00062_": { "y": 0.5, "width": 524, "height": 395 },
			"gbg_00063_": { "y": 0.5, "width": 524, "height": 395 },
			"gbg_00064_": { "y": 0.5, "width": 524, "height": 395 },
			"gbg_00065_": { "y": 0.5, "width": 524, "height": 395 },
			"gbg_00066_": { "y": 0.5, "width": 524, "height": 395 },
			"gbg_00067_": { "y": 0.5, "width": 524, "height": 395 },
			"gbg_00068_": { "y": 0.5, "width": 524, "height": 395 },
			"gbg_00069_": { "y": 0.5, "width": 524, "height": 395 },
			"gbg_00070_": { "y": 0.5, "width": 524, "height": 395 },
			"gbg_00071_": { "y": 0.5, "width": 524, "height": 395 },
			"gbg_00072_": { "y": 0.5, "width": 524, "height": 395 },
			"gbg_00073_": { "y": 0.5, "width": 524, "height": 395 },
			"gbg_00074_": { "y": 0.5, "width": 524, "height": 395 },
			"gbg_00075_": { "y": 0.5, "width": 524, "height": 395 },
			"gbg_00076_": { "y": 0.5, "width": 524, "height": 395 },
			"gbg_00077_": { "y": 0.5, "width": 524, "height": 395 },
			"gbg_00078_": { "y": 0.5, "width": 524, "height": 395 },
			"gbg_00079_": { "y": 0.5, "width": 524, "height": 395 }
		},
		"guangyun_": {
			"guangyun_": { "x": -17.67, "y": -21.13, "scaleX": 1.082, "scaleY": 1.082, "width": 202, "height": 202 }
		},
		"guangyun_2": {
			"guangyun_": { "x": -17.67, "y": -21.13, "scaleX": 1.082, "scaleY": 1.082, "width": 202, "height": 202 }
		},
		"guangyun_3": {
			"guangyun_": { "x": -17.67, "y": -21.13, "scaleX": 1.082, "scaleY": 1.082, "width": 202, "height": 202 }
		},
		"hyxl": {
			"bh_frame_0_": { "y": 0.5, "width": 134, "height": 194 },
			"bh_frame_1_": { "y": 0.5, "width": 134, "height": 194 },
			"bh_frame_2_": { "y": 0.5, "width": 134, "height": 194 },
			"bh_frame_3_": { "y": 0.5, "width": 134, "height": 194 },
			"bh_frame_4_": { "y": 0.5, "width": 134, "height": 194 },
			"bh_frame_5_": { "y": 0.5, "width": 134, "height": 194 },
			"bh_frame_6_": { "y": 0.5, "width": 134, "height": 194 },
			"bh_frame_7_": { "y": 0.5, "width": 134, "height": 194 },
			"bh_frame_8_": { "y": 0.5, "width": 134, "height": 194 },
			"bh_frame_9_": { "y": 0.5, "width": 134, "height": 194 },
			"bh_frame_10_": { "y": 0.5, "width": 134, "height": 194 },
			"bh_frame_11_": { "y": 0.5, "width": 134, "height": 194 },
			"bh_frame_12_": { "y": 0.5, "width": 134, "height": 194 },
			"bh_frame_13_": { "y": 0.5, "width": 134, "height": 194 },
			"bh_frame_14_": { "y": 0.5, "width": 134, "height": 194 },
			"bh_frame_15_": { "y": 0.5, "width": 134, "height": 194 },
			"bh_frame_16_": { "y": 0.5, "width": 134, "height": 194 },
			"bh_frame_17_": { "y": 0.5, "width": 134, "height": 194 },
			"bh_frame_18_": { "y": 0.5, "width": 134, "height": 194 },
			"bh_frame_19_": { "y": 0.5, "width": 134, "height": 194 },
			"bh_frame_20_": { "y": 0.5, "width": 134, "height": 194 },
			"bh_frame_21_": { "y": 0.5, "width": 134, "height": 194 },
			"bh_frame_22_": { "y": 0.5, "width": 134, "height": 194 },
			"bh_frame_23_": { "y": 0.5, "width": 134, "height": 194 },
			"bh_frame_24_": { "y": 0.5, "width": 134, "height": 194 },
			"bh_frame_25_": { "y": 0.5, "width": 134, "height": 194 },
			"bh_frame_26_": { "y": 0.5, "width": 134, "height": 194 },
			"bh_frame_27_": { "y": 0.5, "width": 134, "height": 194 },
			"bh_frame_28_": { "y": 0.5, "width": 134, "height": 194 },
			"bh_frame_29_": { "y": 0.5, "width": 134, "height": 194 },
			"bh_frame_30_": { "y": 0.5, "width": 134, "height": 194 },
			"bh_frame_31_": { "y": 0.5, "width": 134, "height": 194 },
			"bh_frame_32_": { "y": 0.5, "width": 134, "height": 194 },
			"bh_frame_33_": { "y": 0.5, "width": 134, "height": 194 },
			"bh_frame_34_": { "y": 0.5, "width": 134, "height": 194 },
			"bh_frame_35_": { "y": 0.5, "width": 134, "height": 194 },
			"bh_frame_36_": { "y": 0.5, "width": 134, "height": 194 },
			"bh_frame_37_": { "y": 0.5, "width": 134, "height": 194 },
			"bh_frame_38_": { "y": 0.5, "width": 134, "height": 194 },
			"bh_frame_39_": { "y": 0.5, "width": 134, "height": 194 }
		},
		"pifeng_01_": {
			"pifeng_01_": {
				"type": "mesh",
				"uvs": [ 0.1263, 0.32039, 0.39847, 0.09495, 0.47653, 0.29314, 0.26666, 0.51977, 0.24023, 0.54831, 0.09936, 0.92649, 0.07145, 1, 0, 1, 0, 0.89761, 1.0E-5, 0.4616, 1.0E-5, 0.41701, 0, 0.32039 ],
				"triangles": [ 6, 7, 8, 5, 6, 8, 5, 8, 4, 8, 9, 4, 0, 1, 2, 10, 11, 0, 10, 4, 9, 3, 0, 2, 3, 10, 0, 3, 4, 10 ],
				"vertices": [ 1, 62, 22.48, 45.42, 1, 1, 62, 132.53, 23.34, 1, 1, 62, 109.33, -34.88, 1, 2, 62, 13.47, -28.27, 0.95, 11, -41.12, 3.61, 0.05, 2, 62, 1.4, -27.43, 0.8, 11, -30.63, -2.43, 0.2, 2, 11, 87.15, -15.14, 0.5, 12, 0.61, -15.17, 0.5, 1, 12, 23.71, -15.05, 1, 1, 12, 33.63, -36.99, 1, 2, 11, 89.29, -49.57, 0.5, 12, 6.86, -49.1, 0.5, 2, 62, -36.21, 48.45, 0.8, 11, -30.08, -87.12, 0.2, 2, 62, -26.92, 57.25, 0.95, 11, -42.28, -90.96, 0.05, 1, 62, -6.79, 76.32, 1 ],
				"hull": 12,
				"edges": [ 2, 0, 0, 22, 2, 4, 12, 14, 8, 10, 10, 12, 14, 16, 16, 18, 16, 10, 4, 6, 6, 8, 18, 20, 20, 22, 20, 6, 18, 8 ],
				"width": 337,
				"height": 287
			}
		},
		"pifeng_02_": {
			"pifeng_02_": {
				"type": "mesh",
				"uvs": [ 0.02714, 0.20706, 0.1018, 0.03865, 0.79011, 0.0311, 0.83093, 0.18109, 0.88518, 0.3804, 0.86617, 0.64662, 0.83574, 1, 0.28053, 1, 0.21588, 0.67117, 0, 0.3955 ],
				"triangles": [ 2, 3, 1, 9, 3, 4, 4, 8, 9, 0, 3, 9, 1, 3, 0, 6, 7, 5, 7, 8, 5, 5, 8, 4 ],
				"vertices": [ 2, 11, 68.7, -32.09, 0.96994, 12, -15.68, -34.21, 0.03006, 1, 11, 19.58, -36.43, 1, 2, 11, -11.82, 56.16, 0.3006, 3, 48.17, 15.44, 0.6994, 2, 11, 27.36, 74.56, 0.00185, 3, 7.32, 1.09, 0.99815, 1, 2, 10.77, -2.67, 1, 2, 21, 78.91, 50.45, 0.81713, 2, -64.62, 8.29, 0.18287, 1, 21, 178.3, 31.63, 1, 1, 21, 166.95, -46.39, 1, 2, 21, 72.56, -41.94, 0.88069, 12, 94.23, 44.9, 0.11931, 2, 11, 121.27, -19.59, 0.02059, 12, 35.02, -15.51, 0.97941 ],
				"hull": 10,
				"edges": [ 12, 14, 2, 4, 8, 10, 10, 12, 14, 16, 16, 18, 18, 8, 2, 0, 0, 18, 4, 6, 6, 8 ],
				"width": 142,
				"height": 286
			}
		},
		"pifeng_03_": {
			"pifeng_03_": {
				"type": "mesh",
				"uvs": [ 0.1702, 0.06918, 0.24444, 0.12139, 0.56075, 0.11733, 0.5501, 0.22621, 0.54652, 0.28415, 0.54278, 0.34464, 0.56118, 0.45106, 0.57614, 0.53761, 0.62167, 0.62795, 0.66596, 0.71586, 0.71882, 0.75501, 0.76091, 0.78618, 0.82485, 0.80178, 0.88153, 0.81562, 0.9374, 0.80945, 1, 0.80253, 1, 1, 0.90146, 1, 0.7973, 0.99999, 0.61207, 1, 0.52801, 0.93946, 0.48376, 0.83676, 0.44013, 0.73548, 0.41248, 0.65642, 0.37854, 0.55936, 0.3436, 0.48863, 0.30155, 0.40351, 0.18217, 0.32612, 0.07246, 0.25501, 0.06867, 0.20033, 0.05776, 0.13696, 0, 0.12551, 0, 0.03393, 0.28806, 0.22085 ],
				"triangles": [ 29, 0, 1, 0, 30, 32, 30, 31, 32, 29, 1, 33, 29, 30, 0, 28, 29, 33, 33, 1, 2, 3, 33, 2, 17, 13, 14, 18, 13, 17, 14, 15, 16, 17, 14, 16, 12, 19, 11, 18, 12, 13, 19, 20, 11, 12, 18, 19, 21, 22, 9, 21, 9, 10, 20, 21, 10, 20, 10, 11, 23, 24, 7, 23, 7, 8, 22, 23, 8, 22, 8, 9, 25, 26, 5, 6, 25, 5, 24, 25, 6, 24, 6, 7, 4, 33, 3, 27, 28, 33, 27, 33, 4, 4, 26, 27, 5, 26, 4 ],
				"vertices": [ 1, 3, 225.32, -71.87, 1, 1, 3, 203.66, -101.51, 1, 1, 35, 92.73, 8.43, 1, 3, 25, 59.01, 86.88, 0.5831, 26, -61.77, 67.76, 0.0169, 35, 68.06, -42.77, 0.4, 3, 25, 81.9, 67.18, 0.80236, 26, -32.88, 58.93, 0.14764, 35, 55.57, -70.28, 0.05, 3, 25, 105.81, 46.6, 0.42087, 26, -2.72, 49.71, 0.45321, 35, 42.53, -99, 0.12592, 4, 25, 153.02, 16.89, 8.9E-4, 26, 52.45, 41.5, 0.9974, 27, -45.59, 35.93, 0.00128, 35, 27.27, -152.65, 4.3E-4, 2, 26, 97.33, 34.83, 0.45551, 27, -0.23, 35.1, 0.54449, 4, 26, 146.69, 37.47, 1.8E-4, 27, 48.38, 44.08, 0.96062, 28, -39.18, 52.13, 0.03908, 29, -48.71, 133.02, 1.1E-4, 4, 27, 95.69, 52.82, 0.36655, 28, 8.93, 52.06, 0.58036, 29, -16.75, 97.06, 0.04757, 30, -47.02, 129.45, 0.00552, 4, 27, 118.16, 67.62, 0.08119, 28, 33.73, 62.5, 0.6935, 29, 7.54, 85.49, 0.18644, 30, -29.79, 108.78, 0.03887, 4, 27, 136.05, 79.41, 0.01349, 28, 53.47, 70.82, 0.50658, 29, 26.88, 76.28, 0.35454, 30, -16.08, 92.33, 0.12539, 4, 27, 146.82, 99.42, 2.8E-4, 28, 67.73, 88.52, 0.26016, 29, 49.58, 77.42, 0.42008, 30, 5.02, 83.87, 0.31947, 3, 28, 80.36, 104.22, 0.11413, 29, 69.71, 78.42, 0.32649, 30, 23.72, 76.37, 0.55938, 3, 28, 83, 122.86, 0.05002, 29, 85.38, 88.86, 0.21675, 30, 42.32, 79.29, 0.73323, 3, 28, 85.95, 143.74, 0.03271, 29, 102.94, 100.55, 0.17885, 30, 63.16, 82.57, 0.78843, 3, 28, 183.86, 112.16, 3.0E-5, 29, 144.49, 6.43, 3.0E-4, 30, 61.55, -20.3, 0.99968, 1, 30, 28.84, -19.79, 1, 2, 29, 82.93, -20.75, 0.663, 30, -5.74, -19.24, 0.337, 2, 28, 144.32, -10.41, 2.2E-4, 29, 26.68, -45.59, 0.99978, 2, 28, 105.74, -27.29, 0.43143, 29, -11.6, -28.01, 0.56857, 1, 28, 50.31, -24.84, 1, 2, 27, 96.26, -22.85, 0.61334, 28, -4.36, -22.43, 0.38666, 1, 27, 54.23, -26.7, 1, 2, 26, 91.59, -31.5, 0.49675, 27, 2.64, -31.42, 0.50325, 3, 25, 123.41, -51.84, 0.00289, 26, 53, -33.34, 0.99569, 27, -35.39, -38.22, 0.00141, 2, 25, 80, -35.19, 0.53651, 26, 6.56, -35.55, 0.46349, 3, 25, 23.77, -41.14, 0.5, 26, -42.52, -63.62, 0, 3, 95.02, -102.82, 0.5, 3, 25, -27.89, -46.61, 0.48408, 35, -84.46, 3.17, 0.01592, 3, 123.94, -59.66, 0.5, 1, 3, 151.59, -52.67, 1, 1, 3, 183.19, -42.45, 1, 1, 3, 185.16, -22.46, 1, 1, 3, 231.88, -12.82, 1, 2, 25, 2.7, 20.51, 0.40915, 35, -11.46, -7.36, 0.59085 ],
				"hull": 33,
				"edges": [ 62, 60, 40, 38, 36, 38, 62, 64, 64, 0, 0, 2, 2, 4, 4, 6, 32, 30, 56, 58, 58, 60, 60, 0, 58, 2, 6, 66, 66, 56, 2, 66, 52, 10, 48, 14, 44, 18, 40, 22, 36, 26, 48, 50, 50, 52, 10, 12, 12, 14, 44, 46, 46, 48, 14, 16, 16, 18, 40, 42, 42, 44, 18, 20, 20, 22, 22, 24, 24, 26, 26, 28, 28, 30, 32, 34, 34, 36, 52, 54, 54, 56, 6, 8, 8, 10, 54, 8, 50, 12, 46, 16, 42, 20, 38, 24, 34, 28 ],
				"width": 332,
				"height": 521
			}
		},
		"pifeng_04_": {
			"pifeng_04_": {
				"type": "mesh",
				"uvs": [ 0.20644, 0.07656, 0.28292, 0.16177, 0.35927, 0.2334, 0.44729, 0.31599, 0.49638, 0.41465, 0.54317, 0.5087, 0.581, 0.60271, 0.61785, 0.69432, 0.67282, 0.7514, 0.72276, 0.7964, 0.78781, 0.83926, 0.85081, 0.88077, 0.91963, 0.92413, 1, 0.9662, 1, 1, 0.90364, 0.99999, 0.80395, 0.99999, 0.64613, 0.99999, 0.44757, 1, 0.40412, 1, 0.36809, 1, 0.178, 1, 0, 1, 0, 0.74173, 0.02222, 0.62909, 0.04184, 0.52967, 0.05184, 0.44679, 0.06102, 0.37072, 0.0525, 0.29226, 0.04184, 0.19417, 0.02221, 0.10307, 0, 0, 0.13772, 0, 0.26028, 0.34249, 0.27632, 0.43056, 0.29611, 0.51904, 0.30956, 0.61553, 0.29507, 0.71729, 0.34033, 0.87906, 0.35685, 0.87055 ],
				"triangles": [ 21, 38, 20, 21, 22, 38, 38, 23, 37, 38, 22, 23, 19, 20, 39, 20, 38, 39, 19, 39, 18, 38, 37, 39, 39, 37, 7, 23, 24, 37, 37, 24, 36, 36, 25, 35, 35, 26, 34, 34, 27, 33, 34, 33, 3, 36, 24, 25, 35, 25, 26, 34, 26, 27, 30, 31, 32, 0, 30, 32, 0, 29, 30, 28, 29, 1, 27, 28, 33, 15, 13, 14, 15, 12, 13, 12, 15, 11, 15, 16, 11, 9, 17, 18, 17, 10, 16, 17, 9, 10, 16, 10, 11, 9, 18, 8, 8, 18, 39, 39, 7, 8, 37, 6, 7, 37, 36, 6, 36, 5, 6, 36, 35, 5, 35, 4, 5, 35, 34, 4, 34, 3, 4, 33, 2, 3, 28, 1, 2, 29, 0, 1, 33, 28, 2 ],
				"vertices": [ 2, 25, -44.36, 21.26, 0.99998, 63, -122.57, 5.85, 2.0E-5, 1, 25, 3.55, 15.82, 1, 1, 25, 46.34, 14.39, 1, 2, 25, 95.67, 12.75, 0.23227, 26, 1.62, 14.64, 0.76773, 1, 26, 51.59, 18.44, 1, 2, 26, 99.23, 22.07, 0.31762, 27, 3.3, 22.68, 0.68238, 2, 27, 49.67, 29.45, 0.99779, 28, -40.59, 37.51, 0.00221, 3, 27, 94.85, 36.05, 0.39964, 28, 5.04, 35.73, 0.59634, 29, -31.54, 89.1, 0.00402, 3, 27, 124.37, 50.76, 0.02178, 28, 36.75, 44.79, 0.8727, 29, -3.67, 71.45, 0.10552, 3, 28, 62.43, 54.03, 0.59624, 29, 20.31, 58.43, 0.40044, 30, -29.51, 78.86, 0.00331, 3, 28, 88.68, 68.4, 0.19393, 29, 48.5, 48.38, 0.72899, 30, -8.11, 57.95, 0.07708, 3, 28, 114.1, 82.3, 0.0282, 29, 75.79, 38.66, 0.5387, 30, 12.62, 37.7, 0.4331, 3, 28, 140.96, 97.79, 3.0E-5, 29, 105.23, 28.9, 0.04703, 30, 35.28, 16.53, 0.95294, 1, 30, 61.8, -4.08, 1, 1, 30, 61.55, -20.3, 1, 1, 30, 29.37, -19.79, 1, 2, 29, 84.59, -20.01, 0.52739, 30, -3.92, -19.27, 0.47261, 3, 28, 147.58, -0.33, 0.01876, 29, 36.37, -41.31, 0.96365, 65, 147.1, 136.33, 0.01759, 3, 28, 127.22, -63.44, 0.36235, 29, -24.3, -68.1, 0.25482, 65, 143.55, 70.11, 0.38283, 3, 28, 122.76, -77.25, 0.32437, 29, -37.57, -73.96, 0.15581, 65, 142.78, 55.62, 0.51981, 3, 28, 119.07, -88.71, 0.2645, 29, -48.58, -78.82, 0.09914, 65, 142.13, 43.6, 0.63636, 3, 28, 99.58, -149.13, 0.00297, 29, -106.66, -104.47, 7.3E-4, 65, 138.74, -19.8, 0.9963, 1, 65, 135.56, -79.17, 1, 2, 64, 102.66, -72.48, 0.32567, 65, 11.76, -72.53, 0.67433, 4, 2, -46.26, -53.5, 0.5, 63, 141.37, -60.91, 0.00983, 64, 49.03, -62.4, 0.42368, 65, -41.83, -62.23, 0.06649, 1, 2, 0.47, -65.2, 1, 1, 2, 39.65, -72.84, 1, 2, 3, 38.48, -71.49, 0.5, 2, 75.61, -79.86, 0.5, 1, 3, 74.79, -61.1, 1, 1, 3, 120.18, -48.1, 1, 1, 3, 161.68, -32.84, 1, 1, 3, 208.64, -15.57, 1, 1, 3, 217.93, -60.62, 1, 3, 25, 66.77, -44.06, 0.18972, 26, -1.98, -49, 0.10441, 63, 5.41, 21.3, 0.70588, 5, 25, 103.2, -66.17, 0.00536, 26, 40.27, -54.58, 0.2505, 27, -45.28, -60.93, 0.00425, 63, 47.78, 25.82, 0.73504, 64, -41.95, 27.08, 0.00486, 4, 26, 83.02, -58.99, 0.16573, 27, -2.32, -59.79, 0.13865, 63, 90.37, 31.59, 0.317, 64, 0.79, 31.58, 0.37862, 6, 26, 128.95, -66.44, 0.00742, 27, 44.19, -61.25, 0.29757, 28, -62.57, -50.66, 0.00533, 63, 136.76, 35.16, 0.00151, 64, 47.27, 33.78, 0.68105, 65, -43.2, 33.95, 0.00712, 4, 27, 92.02, -72.28, 0.10956, 28, -17.57, -70.26, 0.10238, 64, 95.82, 26.53, 0.28025, 65, 5.32, 26.51, 0.50781, 3, 28, 60.97, -79.71, 0.28806, 29, -80.51, -29.46, 0.0104, 65, 83.67, 37.45, 0.70155, 3, 28, 58.78, -73.21, 0.35447, 29, -77.11, -23.5, 0.0094, 65, 79.89, 43.18, 0.63613 ],
				"hull": 33,
				"edges": [ 44, 46, 28, 26, 18, 36, 22, 32, 14, 16, 16, 18, 58, 2, 42, 44, 58, 60, 60, 62, 2, 0, 0, 64, 54, 56, 56, 58, 2, 4, 4, 6, 56, 4, 50, 52, 52, 54, 6, 8, 8, 10, 46, 48, 48, 50, 10, 12, 12, 14, 18, 20, 20, 22, 32, 34, 34, 36, 20, 34, 28, 30, 30, 32, 22, 24, 24, 26, 30, 24, 62, 64, 6, 66, 66, 54, 8, 68, 68, 52, 66, 68, 10, 70, 70, 50, 68, 70, 12, 72, 72, 48, 70, 72, 14, 74, 74, 46, 72, 74, 76, 44, 74, 76, 40, 42, 76, 40, 16, 78, 78, 76, 74, 78, 36, 38, 38, 40, 78, 38 ],
				"width": 334,
				"height": 480
			}
		},
		"pifeng_05_": {
			"pifeng_05_": {
				"type": "mesh",
				"uvs": [ 0.25323, 0.12863, 0.30576, 0.26759, 0.4069, 0.33644, 0.51757, 0.40881, 0.64422, 0.49718, 0.79576, 0.58598, 0.90249, 0.64257, 1, 0.68355, 1, 0.88897, 0.80841, 0.99999, 0.65034, 0.98458, 0.4828, 0.8941, 0.33283, 0.81185, 0.19512, 0.70409, 0.11034, 0.59014, 0, 0.41651, 0, 0.18542, 0, 0, 0.2046, 0 ],
				"triangles": [ 16, 18, 0, 1, 15, 16, 16, 17, 18, 6, 7, 8, 10, 11, 5, 10, 5, 6, 9, 10, 6, 8, 9, 6, 12, 13, 3, 12, 3, 4, 11, 12, 4, 11, 4, 5, 14, 15, 1, 14, 1, 2, 13, 14, 2, 13, 2, 3, 1, 16, 0 ],
				"vertices": [ 2, 31, 21.24, 37.51, 0.98575, 32, -27.95, 51.47, 0.01425, 3, 31, 54.52, 37.77, 0.60566, 32, 3.08, 39.42, 0.38512, 33, -55.22, 53.1, 0.00922, 4, 31, 75.01, 51.29, 0.15177, 32, 27.11, 44.41, 0.73879, 33, -30.68, 52.6, 0.10935, 34, -86.08, 62.78, 9.0E-5, 4, 31, 96.78, 66.27, 0.01565, 32, 52.88, 50.3, 0.54876, 33, -4.25, 52.58, 0.41916, 34, -59.82, 59.76, 0.01643, 3, 32, 83.36, 56.25, 0.1322, 33, 26.79, 51.57, 0.707, 34, -29.1, 55.23, 0.16081, 3, 32, 116.78, 65.77, 0.00294, 33, 61.5, 53.38, 0.36436, 34, 5.59, 53.09, 0.6327, 2, 33, 85.09, 55.72, 0.09667, 34, 29.3, 52.73, 0.90333, 2, 33, 105.1, 59.77, 0.01978, 34, 49.64, 54.48, 0.98022, 1, 34, 74.76, 14.71, 1, 1, 34, 58.21, -25.81, 1, 2, 33, 97.61, -34.71, 0.01449, 34, 31.47, -38.53, 0.98551, 2, 33, 60.34, -38.08, 0.53876, 34, -5.95, -37.65, 0.46124, 3, 32, 104.03, -33.86, 0.02117, 33, 26.79, -40.88, 0.95073, 34, -39.59, -36.62, 0.0281, 2, 32, 68.79, -38.67, 0.51252, 33, -8.63, -37.7, 0.48748, 2, 32, 38.53, -34.88, 0.96266, 33, -37.27, -27.24, 0.03734, 3, 31, 70.94, -26.48, 0.22537, 32, -5.39, -26.35, 0.27463, 26, 75.14, -11.32, 0.5, 2, 31, 20.23, -11.34, 0.2, 26, 23.96, 2.15, 0.8, 1, 26, -17.1, 12.95, 1, 2, 31, -9.58, 37.27, 0.1, 26, -7.42, 49.76, 0.9 ],
				"hull": 19,
				"edges": [ 34, 36, 2, 0, 0, 36, 30, 32, 32, 34, 26, 28, 28, 30, 2, 4, 4, 6, 22, 24, 24, 26, 6, 8, 8, 10, 10, 12, 12, 14, 18, 20, 14, 16, 18, 16, 30, 2, 26, 6, 22, 10, 20, 22, 20, 12, 4, 28, 8, 24, 0, 32 ],
				"width": 186,
				"height": 229
			}
		},
		"shenti_": {
			"shenti_": {
				"type": "mesh",
				"uvs": [ 0.10498, 0.15943, 0, 0.268, 0.03926, 0.4604, 0.07925, 0.55324, 0.07759, 0.59275, 0.0764, 0.62089, 0.06107, 0.6901, 0.05253, 0.72862, 0.03907, 0.78938, 0.02643, 0.84644, 0.01342, 0.90518, 0, 0.96573, 0.29069, 0.97531, 0.2888, 0.91799, 0.28672, 0.85508, 0.28495, 0.80154, 0.28299, 0.74221, 0.28122, 0.68836, 0.29156, 0.68855, 0.30443, 0.74173, 0.31887, 0.80141, 0.33203, 0.85576, 0.3476, 0.92013, 0.36212, 0.9801, 0.97258, 0.96094, 0.942, 0.89441, 0.90759, 0.82121, 0.87861, 0.7565, 0.85386, 0.70265, 0.83288, 0.65699, 0.80307, 0.59213, 0.79209, 0.56638, 0.7764, 0.5296, 0.78516, 0.4023, 0.79355, 0.3175, 0.85926, 0.35582, 1, 0.3159, 0.99999, 0.25523, 0.80783, 0.03489, 0.66212, 0, 0.24212, 0, 0.21069, 0.09397, 0.74034, 0.18897, 0.69706, 0.08441, 0.27631, 0.61298 ],
				"triangles": [ 17, 5, 44, 5, 4, 44, 44, 4, 31, 4, 3, 32, 44, 31, 30, 4, 32, 31, 32, 3, 33, 30, 18, 44, 23, 25, 24, 23, 22, 25, 22, 26, 25, 22, 21, 26, 21, 27, 26, 21, 20, 27, 20, 28, 27, 20, 19, 28, 19, 29, 28, 19, 18, 29, 18, 30, 29, 11, 10, 12, 10, 13, 12, 10, 9, 13, 9, 14, 13, 9, 8, 14, 8, 15, 14, 8, 7, 15, 7, 16, 15, 7, 6, 16, 6, 17, 16, 17, 6, 5, 18, 17, 44, 33, 2, 34, 34, 2, 1, 36, 35, 37, 34, 1, 42, 0, 41, 42, 42, 1, 0, 43, 41, 39, 41, 40, 39, 42, 41, 43, 35, 34, 37, 34, 42, 37, 42, 38, 37, 42, 43, 38, 43, 39, 38, 33, 3, 2 ],
				"vertices": [ 1, 3, 107.14, 80.98, 1, 3, 2, 139.48, 77.51, 0.03689, 3, 50.89, 97.89, 0.95445, 4, -150.76, -75.84, 0.00866, 2, 2, 47.3, 77.08, 0.66304, 3, -36.7, 69.15, 0.33696, 4, 2, 2.22, 71.31, 0.20172, 3, -77.82, 49.8, 0.03887, 6, -138.19, -24.9, 0, 1, -64.5, 14.34, 0.75941, 5, 2, -16.43, 73.8, 0.14522, 3, -96.33, 46.43, 0.01963, 4, -2.92, -26.2, 0.05, 6, -119.49, -22.77, 0, 1, -64.94, -4.47, 0.78515, 4, 2, -29.71, 75.57, 0.095, 3, -109.52, 44.04, 0.01, 4, 10.29, -23.97, 0.095, 1, -65.26, -17.86, 0.8, 6, 2, -62.02, 83.2, 0, 4, 43.41, -21.71, 0.90508, 5, -17.54, -20.79, 0.09489, 6, -72.99, -20.79, 2.0E-5, 7, 21.91, -143.11, 0, 8, -34.07, -142.35, 0, 6, 2, -80, 87.45, 0, 4, 61.85, -20.46, 0.37322, 5, 0.93, -20.54, 0.62672, 6, -54.51, -20.54, 5.0E-5, 7, 39.73, -148, 1.0E-5, 8, -16.37, -147.66, 1.0E-5, 2, 4, 90.92, -18.48, 0.01241, 5, 30.07, -20.13, 0.98759, 2, 5, 57.44, -19.75, 0.4463, 6, 1.99, -19.75, 0.5537, 1, 6, 30.16, -19.36, 1, 2, 5, 114.65, -18.96, 5.0E-5, 6, 59.2, -18.96, 0.99995, 2, 5, 108.6, 58.26, 0.05074, 6, 53.15, 58.26, 0.94926, 2, 5, 81.64, 54.04, 0.16429, 6, 26.19, 54.04, 0.83571, 3, 4, 109.11, 52.14, 0.00126, 5, 52.05, 49.4, 0.55659, 6, -3.39, 49.4, 0.44215, 5, 4, 84.18, 46.84, 0.0667, 5, 26.87, 45.45, 0.81681, 6, -28.58, 45.45, 0.11532, 7, 82.98, -91.82, 6.3E-4, 8, 28.18, -92.5, 5.4E-4, 7, 2, -93.09, 27.22, 0.00534, 4, 56.55, 40.96, 0.42834, 5, -1.04, 41.08, 0.53565, 6, -56.48, 41.08, 0.00435, 7, 54.96, -88.27, 0.01543, 8, 0.25, -88.3, 0.0108, 9, -54.47, -89.51, 8.0E-5, 6, 2, -67.56, 24.9, 0.07605, 4, 31.47, 35.62, 0.64711, 5, -26.37, 37.1, 0.06179, 7, 29.52, -85.05, 0.123, 8, -25.1, -84.48, 0.08685, 9, -79.9, -86.25, 0.0052, 6, 2, -67.95, 22.18, 0.09343, 4, 31.04, 38.34, 0.56698, 5, -26.65, 39.84, 0.03239, 7, 30.01, -82.34, 0.1683, 8, -24.55, -81.78, 0.1294, 9, -79.41, -83.54, 0.00951, 6, 2, -93.48, 21.53, 0.04993, 4, 55.24, 46.51, 0.26428, 5, -2.04, 46.69, 3.2E-4, 7, 55.55, -82.59, 0.20566, 8, 0.98, -82.64, 0.40549, 9, -53.87, -83.84, 0.07431, 5, 2, -122.14, 20.8, 0.01246, 4, 82.4, 55.68, 0.12458, 7, 84.21, -82.88, 0.09211, 8, 29.63, -83.6, 0.52843, 9, -25.21, -84.17, 0.24242, 5, 2, -148.24, 20.13, 0.00144, 4, 107.14, 64.03, 0.05812, 7, 110.32, -83.14, 0.02338, 8, 55.72, -84.47, 0.42884, 9, 0.9, -84.47, 0.48822, 4, 4, 136.43, 73.92, 0.02044, 7, 141.24, -83.45, 8.8E-4, 8, 86.62, -85.51, 0.22338, 9, 31.82, -84.83, 0.7553, 3, 4, 163.72, 83.14, 0.01027, 8, 115.41, -86.47, 0.13739, 9, 60.62, -85.16, 0.85234, 2, 8, 133.56, 75.15, 0.01753, 9, 75.22, 76.82, 0.98247, 2, 8, 100.97, 72.43, 0.09489, 9, 42.71, 73.38, 0.90511, 3, 7, 116.08, 70.73, 0.0197, 8, 65.09, 69.23, 0.39852, 9, 6.9, 69.39, 0.58178, 3, 7, 84.49, 67.54, 0.1434, 8, 33.43, 66.77, 0.65086, 9, -24.69, 66.25, 0.20574, 3, 7, 58.18, 64.71, 0.39512, 8, 7.06, 64.57, 0.56219, 9, -51.01, 63.46, 0.04269, 4, 3, -85.68, -156.51, 9.7E-4, 7, 35.87, 62.32, 0.66658, 8, -15.3, 62.69, 0.32864, 9, -73.33, 61.1, 0.00381, 4, 2, -37.11, -118.07, 0.00121, 3, -57.04, -142.5, 0.00467, 7, 4.17, 58.91, 0.1, 1, 128.03, -4.17, 0.89412, 4, 2, -24.62, -116.5, 0.00508, 3, -45.63, -137.16, 0.01025, 7, -8.38, 57.79, 0.05, 1, 125.11, 8.08, 0.93466, 3, 2, -6.76, -114.25, 0.23099, 3, -29.33, -129.54, 0.01945, 1, 120.94, 25.59, 0.74956, 3, 2, 53.22, -123.16, 0.13487, 3, 30.48, -119.58, 0.48798, 7, -85.93, 67.21, 0.37715, 3, 2, 93.11, -129.76, 0.03897, 3, 70.47, -113.6, 0.82303, 7, -125.56, 75.22, 0.138, 3, 2, 73.08, -145.16, 0.01359, 3, 56.14, -134.41, 0.88539, 7, -104.99, 89.9, 0.10102, 3, 2, 87.89, -184.44, 0.00337, 3, 82.31, -167.23, 0.91355, 7, -118.4, 129.68, 0.08308, 3, 2, 116.6, -187.57, 0.0013, 3, 110.6, -161.39, 0.92465, 7, -146.98, 133.83, 0.07405, 2, 3, 202.98, -90.14, 0.99121, 7, -258.13, 98.35, 0.00879, 2, 3, 211.42, -48.82, 0.99803, 7, -280.14, 62.38, 0.00197, 1, 3, 188.84, 60.59, 1, 1, 3, 143.34, 59.74, 1, 3, 2, 155.47, -122.35, 0.00291, 3, 127.53, -87.38, 0.95538, 7, -188.14, 70.03, 0.04171, 2, 3, 173.94, -66.05, 0.99112, 7, -239.04, 65.8, 0.00888, 4, 2, -31.75, 22.3, 0.095, 3, -95.08, -7.28, 0.01, 4, -3.51, 27.52, 0.095, 1, -12.09, -14.1, 0.8 ],
				"hull": 42,
				"edges": [ 0, 2, 2, 4, 4, 6, 22, 24, 46, 48, 68, 70, 70, 72, 72, 74, 74, 76, 76, 78, 78, 80, 80, 82, 0, 82, 6, 64, 64, 66, 66, 68, 4, 66, 68, 84, 2, 68, 78, 86, 86, 84, 34, 36, 10, 88, 88, 60, 10, 12, 12, 14, 32, 34, 14, 16, 16, 18, 28, 30, 30, 32, 18, 20, 20, 22, 24, 26, 26, 28, 20, 26, 36, 38, 58, 60, 56, 58, 38, 40, 40, 42, 42, 44, 44, 46, 54, 56, 52, 54, 48, 50, 50, 52, 44, 50, 42, 52, 40, 54, 38, 56, 34, 12, 36, 58, 6, 8, 8, 10, 60, 62, 62, 64, 8, 62, 18, 28, 16, 30, 14, 32 ],
				"width": 266,
				"height": 476
			}
		},
		"tou_": {
			"tou_": { "x": 35.13, "y": -3.97, "rotation": -100.87, "width": 92, "height": 158 }
		},
		"toufa_01_": {
			"toufa_01_": {
				"type": "mesh",
				"uvs": [ 0.75202, 0.12437, 0.92178, 0.08604, 0.9479, 0.10983, 0.81078, 0.17987, 0.93266, 0.30804, 1, 0.59083, 1, 0.68993, 1, 0.79829, 0.94354, 0.9159, 0.83254, 1, 0.55613, 1, 0.34502, 0.87229, 0.45318, 0.83718, 0.56484, 0.80093, 0.6976, 0.72429, 0.71461, 0.66169, 0.73243, 0.59611, 0.56702, 0.38733, 0.42772, 0.27633, 0.16872, 0.30804, 0, 0.38733, 0, 0.17458, 0.21443, 0, 0.63884, 0 ],
				"triangles": [ 11, 12, 10, 9, 10, 12, 13, 9, 12, 8, 9, 13, 8, 14, 7, 13, 14, 8, 15, 16, 6, 14, 15, 6, 7, 14, 6, 3, 1, 2, 16, 5, 6, 16, 4, 5, 3, 0, 1, 4, 17, 3, 18, 22, 23, 19, 21, 22, 18, 19, 22, 20, 21, 19, 18, 23, 0, 17, 18, 0, 4, 16, 17, 17, 0, 3 ],
				"vertices": [ 1, 10, 113.9, -50.36, 1, 1, 61, 19.15, 2, 1, 1, 61, 19.27, -2.81, 1, 1, 10, 103.61, -54.49, 1, 1, 10, 80.12, -62.64, 1, 2, 10, 32.17, -60.42, 0.60247, 22, -1.77, 14.4, 0.39753, 2, 22, 14.87, 14.92, 0.8, 23, -20.1, 7.55, 0.2, 3, 22, 33.06, 15.49, 0.49716, 23, -3.63, 15.3, 0.5, 24, -21.22, 15.58, 0.00284, 3, 22, 52.99, 10.35, 0.00614, 23, 16.7, 18.5, 0.56412, 24, -0.85, 18.52, 0.42973, 2, 23, 34.3, 14.28, 0.3, 24, 16.7, 14.06, 0.7, 2, 23, 46.31, -11.23, 0.05, 24, 28.36, -11.61, 0.95, 2, 23, 36.06, -39.85, 0.1, 24, 17.74, -40.09, 0.9, 2, 23, 26.03, -32.38, 0.3, 24, 7.81, -32.49, 0.7, 3, 22, 34.89, -28.87, 0.10685, 23, 15.67, -24.67, 0.58657, 24, -2.45, -24.64, 0.30658, 3, 22, 21.6, -15.73, 0.49735, 23, -1.75, -17.9, 0.5, 24, -19.78, -17.64, 0.00265, 2, 22, 11.04, -14.33, 0.8, 23, -12, -20.81, 0.2, 2, 10, 36.45, -33.45, 0.8, 22, -0.03, -12.86, 0.2, 1, 10, 74.08, -23.5, 1, 1, 10, 95.07, -13.06, 1, 1, 10, 94.82, 13.88, 1, 1, 10, 84.98, 33.3, 1, 1, 10, 120.08, 26.56, 1, 1, 10, 144.76, -0.45, 1, 1, 10, 136.6, -42.97, 1 ],
				"hull": 24,
				"edges": [ 28, 26, 22, 20, 18, 20, 18, 16, 16, 14, 32, 34, 34, 36, 36, 38, 38, 40, 32, 10, 10, 8, 8, 6, 6, 4, 4, 2, 2, 0, 0, 46, 44, 46, 40, 42, 44, 42, 28, 14, 26, 16, 22, 24, 24, 26, 18, 24, 10, 12, 12, 14, 28, 30, 30, 32, 12, 30 ],
				"width": 102,
				"height": 168
			}
		},
		"toufa_02_": {
			"toufa_02_": {
				"type": "mesh",
				"uvs": [ 0.69306, 0.23516, 1, 0.53902, 1, 0.75644, 0.64373, 0.93718, 0.39001, 1, 0, 1, 0, 0.7643, 0.11516, 0.74858, 0.35478, 0.69357, 0.36887, 0.54164, 0.21382, 0.2404, 0.31249, 0, 0.67896, 0 ],
				"triangles": [ 5, 7, 4, 4, 7, 3, 5, 6, 7, 7, 8, 3, 3, 8, 2, 2, 8, 1, 0, 11, 12, 11, 0, 10, 9, 10, 0, 8, 9, 1, 9, 0, 1 ],
				"vertices": [ 1, 10, 71.22, 22.59, 1, 1, 10, 35.06, 16.41, 1, 4, 10, 10.94, 21.04, 0.5, 43, 22.06, 17.71, 0.22098, 44, -4.47, 17.34, 0.24099, 45, -27.31, 2.08, 0.03803, 2, 44, 20.53, 13.33, 0.05362, 45, -4.43, 12.93, 0.94638, 1, 45, 8.32, 14.11, 1, 1, 45, 22.73, 6.32, 1, 2, 44, 15.46, -19.64, 0.50883, 45, 10.06, -17.11, 0.49117, 3, 43, 23.92, -19.42, 0.00273, 44, 11.68, -16.15, 0.63754, 45, 4.96, -16.38, 0.35973, 3, 43, 16.98, -9.84, 0.41114, 44, 1.56, -10.02, 0.5706, 45, -6.84, -17.06, 0.01826, 3, 10, 39.77, 42.5, 0.8, 43, -0.19, -10.52, 0.19991, 44, -13.99, -17.32, 9.0E-5, 1, 10, 74.43, 42.47, 1, 1, 10, 100.33, 33.28, 1, 1, 10, 97.42, 18.16, 1 ],
				"hull": 13,
				"edges": [ 18, 2, 18, 16, 2, 4, 16, 4, 16, 14, 14, 6, 8, 10, 6, 8, 10, 12, 14, 12, 6, 4, 2, 0, 0, 24, 18, 20, 22, 24, 20, 22 ],
				"width": 42,
				"height": 113
			}
		},
		"xiashen_": {
			"xiashen_": {
				"type": "mesh",
				"uvs": [ 1, 1, 0.38016, 0.99982, 0.31804, 0.9986, 0, 1, 0, 0, 0.30266, 1.0E-5, 0.30917, 1.0E-5, 1, 0 ],
				"triangles": [ 7, 1, 6, 1, 7, 0, 1, 2, 6, 5, 6, 2, 3, 4, 5, 3, 5, 2 ],
				"vertices": [ 2, 36, 153.15, 207.09, 6.9E-4, 37, 200.33, 64.49, 0.99931, 2, 36, 171.22, 58.18, 0.62383, 37, 175.39, -83.42, 0.37617, 2, 36, 172.79, 43.23, 0.77046, 37, 172.66, -98.21, 0.22954, 2, 36, 182.35, -33.14, 0.99947, 37, 160.16, -174.15, 5.3E-4, 1, 36, -16.19, -57.27, 1, 2, 36, -25.02, 15.44, 0.83022, 37, -24.91, -68.73, 0.16978, 2, 36, -25.21, 17, 0.81493, 37, -24.65, -67.18, 0.18507, 1, 37, 3.1, 97.69, 1 ],
				"hull": 8,
				"edges": [ 6, 8, 0, 14, 8, 10, 4, 6, 0, 2, 2, 4, 10, 12, 12, 14, 12, 2, 10, 4 ],
				"width": 242,
				"height": 200
			}
		}
	}
},
"animations": {
	"dj": {
		"slots": {
			"biyan_": {
				"attachment": [
					{ "time": 0, "name": null },
					{ "time": 0.6667, "name": null },
					{ "time": 0.7, "name": null },
					{ "time": 0.7667, "name": "biyan_" },
					{ "time": 0.8, "name": "biyan_" },
					{ "time": 0.8667, "name": null }
				]
			},
			"dianxul.ie": {
				"attachment": [
					{ "time": 0, "name": "HD_00000_" },
					{ "time": 0.0333, "name": "HD_00001_" },
					{ "time": 0.0667, "name": "HD_00002_" },
					{ "time": 0.1, "name": "HD_00003_" },
					{ "time": 0.1333, "name": "HD_00004_" },
					{ "time": 0.1667, "name": "HD_00005_" },
					{ "time": 0.2, "name": "HD_00006_" },
					{ "time": 0.2333, "name": "HD_00007_" },
					{ "time": 0.2667, "name": "HD_00008_" },
					{ "time": 0.3, "name": "HD_00009_" },
					{ "time": 0.3333, "name": "HD_00010_" },
					{ "time": 0.3667, "name": "HD_00011_" },
					{ "time": 0.4, "name": "HD_00012_" },
					{ "time": 0.4333, "name": "HD_00013_" },
					{ "time": 0.4667, "name": "HD_00014_" },
					{ "time": 0.5, "name": "HD_00015_" },
					{ "time": 0.5333, "name": "HD_00016_" },
					{ "time": 0.5667, "name": "HD_00017_" },
					{ "time": 0.6, "name": "HD_00018_" },
					{ "time": 0.6333, "name": "HD_00019_" },
					{ "time": 0.6667, "name": null },
					{ "time": 1.3667, "name": "HD_00000_" },
					{ "time": 1.4, "name": "HD_00001_" },
					{ "time": 1.4333, "name": "HD_00002_" },
					{ "time": 1.4667, "name": "HD_00003_" },
					{ "time": 1.5, "name": "HD_00004_" },
					{ "time": 1.5333, "name": "HD_00005_" },
					{ "time": 1.5667, "name": "HD_00006_" },
					{ "time": 1.6, "name": "HD_00007_" },
					{ "time": 1.6333, "name": "HD_00008_" },
					{ "time": 1.6667, "name": "HD_00009_" },
					{ "time": 1.7, "name": "HD_00010_" },
					{ "time": 1.7333, "name": "HD_00011_" },
					{ "time": 1.7667, "name": "HD_00012_" },
					{ "time": 1.8, "name": "HD_00013_" },
					{ "time": 1.8333, "name": "HD_00014_" },
					{ "time": 1.8667, "name": "HD_00015_" },
					{ "time": 1.9, "name": "HD_00016_" },
					{ "time": 1.9333, "name": "HD_00017_" },
					{ "time": 1.9667, "name": "HD_00018_" },
					{ "time": 2, "name": "HD_00019_" },
					{ "time": 2.0333, "name": null }
				]
			},
			"dianxul.ie2": {
				"attachment": [
					{ "time": 0, "name": null },
					{ "time": 0.7667, "name": "HD_00000_" },
					{ "time": 0.8, "name": "HD_00001_" },
					{ "time": 0.8333, "name": "HD_00002_" },
					{ "time": 0.8667, "name": "HD_00003_" },
					{ "time": 0.9, "name": "HD_00004_" },
					{ "time": 0.9333, "name": "HD_00005_" },
					{ "time": 0.9667, "name": "HD_00006_" },
					{ "time": 1, "name": "HD_00007_" },
					{ "time": 1.0333, "name": "HD_00008_" },
					{ "time": 1.0667, "name": "HD_00009_" },
					{ "time": 1.1, "name": "HD_00010_" },
					{ "time": 1.1333, "name": "HD_00011_" },
					{ "time": 1.1667, "name": "HD_00012_" },
					{ "time": 1.2, "name": "HD_00013_" },
					{ "time": 1.2333, "name": "HD_00014_" },
					{ "time": 1.2667, "name": "HD_00015_" },
					{ "time": 1.3, "name": "HD_00016_" },
					{ "time": 1.3333, "name": "HD_00017_" },
					{ "time": 1.3667, "name": "HD_00018_" },
					{ "time": 1.4, "name": "HD_00019_" },
					{ "time": 1.4333, "name": null }
				]
			},
			"dianxul.ie3": {
				"attachment": [
					{ "time": 0, "name": null },
					{ "time": 0.7, "name": "HD_00000_" },
					{ "time": 0.7333, "name": "HD_00001_" },
					{ "time": 0.7667, "name": "HD_00002_" },
					{ "time": 0.8, "name": "HD_00003_" },
					{ "time": 0.8333, "name": "HD_00004_" },
					{ "time": 0.8667, "name": "HD_00005_" },
					{ "time": 0.9, "name": "HD_00006_" },
					{ "time": 0.9333, "name": "HD_00007_" },
					{ "time": 0.9667, "name": "HD_00008_" },
					{ "time": 1, "name": "HD_00009_" },
					{ "time": 1.0333, "name": "HD_00010_" },
					{ "time": 1.0667, "name": "HD_00011_" },
					{ "time": 1.1, "name": "HD_00012_" },
					{ "time": 1.1333, "name": "HD_00013_" },
					{ "time": 1.1667, "name": "HD_00014_" },
					{ "time": 1.2, "name": "HD_00015_" },
					{ "time": 1.2333, "name": "HD_00016_" },
					{ "time": 1.2667, "name": "HD_00017_" },
					{ "time": 1.3, "name": "HD_00018_" },
					{ "time": 1.3333, "name": "HD_00019_" },
					{ "time": 1.3667, "name": null },
					{ "time": 1.8333, "name": "HD_00000_" },
					{ "time": 1.8667, "name": "HD_00001_" },
					{ "time": 1.9, "name": "HD_00002_" },
					{ "time": 1.9333, "name": "HD_00003_" },
					{ "time": 1.9667, "name": "HD_00004_" },
					{ "time": 2, "name": "HD_00005_" },
					{ "time": 2.0333, "name": "HD_00006_" },
					{ "time": 2.0667, "name": "HD_00007_" },
					{ "time": 2.1, "name": "HD_00008_" },
					{ "time": 2.1333, "name": "HD_00009_" },
					{ "time": 2.1667, "name": "HD_00010_" },
					{ "time": 2.2, "name": "HD_00011_" },
					{ "time": 2.2333, "name": "HD_00012_" },
					{ "time": 2.2667, "name": "HD_00013_" },
					{ "time": 2.3, "name": "HD_00014_" },
					{ "time": 2.3333, "name": "HD_00015_" },
					{ "time": 2.3667, "name": "HD_00016_" },
					{ "time": 2.4, "name": "HD_00017_" },
					{ "time": 2.4333, "name": "HD_00018_" },
					{ "time": 2.4667, "name": "HD_00019_" },
					{ "time": 2.5, "name": null }
				]
			},
			"gebog": {
				"attachment": [
					{ "time": 0, "name": "gbg_00000_" },
					{ "time": 0.0333, "name": "gbg_00001_" },
					{ "time": 0.0667, "name": "gbg_00002_" },
					{ "time": 0.1, "name": "gbg_00003_" },
					{ "time": 0.1333, "name": "gbg_00004_" },
					{ "time": 0.1667, "name": "gbg_00005_" },
					{ "time": 0.2, "name": "gbg_00006_" },
					{ "time": 0.2333, "name": "gbg_00007_" },
					{ "time": 0.2667, "name": "gbg_00008_" },
					{ "time": 0.3, "name": "gbg_00009_" },
					{ "time": 0.3333, "name": "gbg_00010_" },
					{ "time": 0.3667, "name": "gbg_00011_" },
					{ "time": 0.4, "name": "gbg_00012_" },
					{ "time": 0.4333, "name": "gbg_00013_" },
					{ "time": 0.4667, "name": "gbg_00014_" },
					{ "time": 0.5, "name": "gbg_00015_" },
					{ "time": 0.5333, "name": "gbg_00016_" },
					{ "time": 0.5667, "name": "gbg_00017_" },
					{ "time": 0.6, "name": "gbg_00018_" },
					{ "time": 0.6333, "name": "gbg_00019_" },
					{ "time": 0.6667, "name": "gbg_00020_" },
					{ "time": 0.7, "name": "gbg_00021_" },
					{ "time": 0.7333, "name": "gbg_00022_" },
					{ "time": 0.7667, "name": "gbg_00023_" },
					{ "time": 0.8, "name": "gbg_00024_" },
					{ "time": 0.8333, "name": "gbg_00025_" },
					{ "time": 0.8667, "name": "gbg_00026_" },
					{ "time": 0.9, "name": "gbg_00027_" },
					{ "time": 0.9333, "name": "gbg_00028_" },
					{ "time": 0.9667, "name": "gbg_00029_" },
					{ "time": 1, "name": "gbg_00030_" },
					{ "time": 1.0333, "name": "gbg_00031_" },
					{ "time": 1.0667, "name": "gbg_00032_" },
					{ "time": 1.1, "name": "gbg_00033_" },
					{ "time": 1.1333, "name": "gbg_00034_" },
					{ "time": 1.1667, "name": "gbg_00035_" },
					{ "time": 1.2, "name": "gbg_00036_" },
					{ "time": 1.2333, "name": "gbg_00037_" },
					{ "time": 1.2667, "name": "gbg_00038_" },
					{ "time": 1.3, "name": "gbg_00039_" },
					{ "time": 1.3333, "name": "gbg_00040_" },
					{ "time": 1.3667, "name": "gbg_00041_" },
					{ "time": 1.4, "name": "gbg_00042_" },
					{ "time": 1.4333, "name": "gbg_00043_" },
					{ "time": 1.4667, "name": "gbg_00044_" },
					{ "time": 1.5, "name": "gbg_00045_" },
					{ "time": 1.5333, "name": "gbg_00046_" },
					{ "time": 1.5667, "name": "gbg_00047_" },
					{ "time": 1.6, "name": "gbg_00048_" },
					{ "time": 1.6333, "name": "gbg_00049_" },
					{ "time": 1.6667, "name": "gbg_00050_" },
					{ "time": 1.7, "name": "gbg_00051_" },
					{ "time": 1.7333, "name": "gbg_00052_" },
					{ "time": 1.7667, "name": "gbg_00053_" },
					{ "time": 1.8, "name": "gbg_00054_" },
					{ "time": 1.8333, "name": "gbg_00055_" },
					{ "time": 1.8667, "name": "gbg_00056_" },
					{ "time": 1.9, "name": "gbg_00057_" },
					{ "time": 1.9333, "name": "gbg_00058_" },
					{ "time": 1.9667, "name": "gbg_00059_" },
					{ "time": 2, "name": "gbg_00060_" },
					{ "time": 2.0333, "name": "gbg_00061_" },
					{ "time": 2.0667, "name": "gbg_00062_" },
					{ "time": 2.1, "name": "gbg_00063_" },
					{ "time": 2.1333, "name": "gbg_00064_" },
					{ "time": 2.1667, "name": "gbg_00065_" },
					{ "time": 2.2, "name": "gbg_00066_" },
					{ "time": 2.2333, "name": "gbg_00067_" },
					{ "time": 2.2667, "name": "gbg_00068_" },
					{ "time": 2.3, "name": "gbg_00069_" },
					{ "time": 2.3333, "name": "gbg_00070_" },
					{ "time": 2.3667, "name": "gbg_00071_" },
					{ "time": 2.4, "name": "gbg_00072_" },
					{ "time": 2.4333, "name": "gbg_00073_" },
					{ "time": 2.4667, "name": "gbg_00074_" },
					{ "time": 2.5, "name": "gbg_00075_" },
					{ "time": 2.5333, "name": "gbg_00076_" },
					{ "time": 2.5667, "name": "gbg_00077_" },
					{ "time": 2.6, "name": "gbg_00078_" },
					{ "time": 2.6333, "name": "gbg_00079_" }
				]
			},
			"guangyun_": {
				"color": [
					{ "time": 0, "color": "ffc01ecd" },
					{ "time": 0.6333, "color": "ffc01dcd" },
					{ "time": 0.7667, "color": "ffbf1c00", "curve": "stepped" },
					{ "time": 2, "color": "ffbf1c00" },
					{ "time": 2.0333, "color": "ffc01dcd" },
					{ "time": 2.1333, "color": "ffbf1c00" }
				],
				"attachment": [
					{ "time": 0, "name": null },
					{ "time": 0.6333, "name": "guangyun_" }
				]
			},
			"guangyun_2": {
				"color": [
					{ "time": 0, "color": "ffc01ecd" },
					{ "time": 0.7333, "color": "ffc01dcd" },
					{ "time": 0.8667, "color": "ffbf1c00", "curve": "stepped" },
					{ "time": 1.1, "color": "ffbf1c00" },
					{ "time": 1.1333, "color": "ffbf1ba8" },
					{ "time": 1.2667, "color": "ffbf1a00" },
					{ "time": 1.8333, "color": "ffbf1c00" },
					{ "time": 1.8667, "color": "ffbf1ba8" },
					{ "time": 2, "color": "ffbf1a00" }
				],
				"attachment": [
					{ "time": 0, "name": null },
					{ "time": 0.7333, "name": "guangyun_" }
				]
			},
			"guangyun_3": {
				"color": [
					{ "time": 0, "color": "ffc01ecd" },
					{ "time": 0.8, "color": "ffc01dcd" },
					{ "time": 0.9333, "color": "ffbf1c00", "curve": "stepped" },
					{ "time": 1.1667, "color": "ffbf1c00" },
					{ "time": 1.2, "color": "ffe298fb" },
					{ "time": 1.3333, "color": "ffbf1a00" }
				],
				"attachment": [
					{ "time": 0, "name": null },
					{ "time": 0.8, "name": "guangyun_" }
				]
			},
			"hyxl": {
				"attachment": [
					{ "time": 0, "name": "bh_frame_0_" },
					{ "time": 0.0333, "name": "bh_frame_1_" },
					{ "time": 0.0667, "name": "bh_frame_2_" },
					{ "time": 0.1, "name": "bh_frame_3_" },
					{ "time": 0.1333, "name": "bh_frame_4_" },
					{ "time": 0.1667, "name": "bh_frame_5_" },
					{ "time": 0.2, "name": "bh_frame_6_" },
					{ "time": 0.2333, "name": "bh_frame_7_" },
					{ "time": 0.2667, "name": "bh_frame_8_" },
					{ "time": 0.3, "name": "bh_frame_9_" },
					{ "time": 0.3333, "name": "bh_frame_10_" },
					{ "time": 0.3667, "name": "bh_frame_11_" },
					{ "time": 0.4, "name": "bh_frame_12_" },
					{ "time": 0.4333, "name": "bh_frame_13_" },
					{ "time": 0.4667, "name": "bh_frame_14_" },
					{ "time": 0.5, "name": "bh_frame_15_" },
					{ "time": 0.5333, "name": "bh_frame_16_" },
					{ "time": 0.5667, "name": "bh_frame_17_" },
					{ "time": 0.6, "name": "bh_frame_18_" },
					{ "time": 0.6333, "name": "bh_frame_19_" },
					{ "time": 0.6667, "name": "bh_frame_20_" },
					{ "time": 0.7, "name": "bh_frame_21_" },
					{ "time": 0.7333, "name": "bh_frame_22_" },
					{ "time": 0.7667, "name": "bh_frame_23_" },
					{ "time": 0.8, "name": "bh_frame_24_" },
					{ "time": 0.8333, "name": "bh_frame_25_" },
					{ "time": 0.8667, "name": "bh_frame_26_" },
					{ "time": 0.9, "name": "bh_frame_27_" },
					{ "time": 0.9333, "name": "bh_frame_28_" },
					{ "time": 0.9667, "name": "bh_frame_29_" },
					{ "time": 1, "name": "bh_frame_30_" },
					{ "time": 1.0333, "name": "bh_frame_31_" },
					{ "time": 1.0667, "name": "bh_frame_32_" },
					{ "time": 1.1, "name": "bh_frame_33_" },
					{ "time": 1.1333, "name": "bh_frame_34_" },
					{ "time": 1.1667, "name": "bh_frame_35_" },
					{ "time": 1.2, "name": "bh_frame_36_" },
					{ "time": 1.2333, "name": "bh_frame_37_" },
					{ "time": 1.2667, "name": "bh_frame_38_" },
					{ "time": 1.3, "name": "bh_frame_39_" },
					{ "time": 1.3333, "name": "bh_frame_0_" },
					{ "time": 1.3667, "name": "bh_frame_1_" },
					{ "time": 1.4, "name": "bh_frame_2_" },
					{ "time": 1.4333, "name": "bh_frame_3_" },
					{ "time": 1.4667, "name": "bh_frame_4_" },
					{ "time": 1.5, "name": "bh_frame_5_" },
					{ "time": 1.5333, "name": "bh_frame_6_" },
					{ "time": 1.5667, "name": "bh_frame_7_" },
					{ "time": 1.6, "name": "bh_frame_8_" },
					{ "time": 1.6333, "name": "bh_frame_9_" },
					{ "time": 1.6667, "name": "bh_frame_10_" },
					{ "time": 1.7, "name": "bh_frame_11_" },
					{ "time": 1.7333, "name": "bh_frame_12_" },
					{ "time": 1.7667, "name": "bh_frame_13_" },
					{ "time": 1.8, "name": "bh_frame_14_" },
					{ "time": 1.8333, "name": "bh_frame_15_" },
					{ "time": 1.8667, "name": "bh_frame_16_" },
					{ "time": 1.9, "name": "bh_frame_17_" },
					{ "time": 1.9333, "name": "bh_frame_18_" },
					{ "time": 1.9667, "name": "bh_frame_19_" },
					{ "time": 2, "name": "bh_frame_20_" },
					{ "time": 2.0333, "name": "bh_frame_21_" },
					{ "time": 2.0667, "name": "bh_frame_22_" },
					{ "time": 2.1, "name": "bh_frame_23_" },
					{ "time": 2.1333, "name": "bh_frame_24_" },
					{ "time": 2.1667, "name": "bh_frame_25_" },
					{ "time": 2.2, "name": "bh_frame_26_" },
					{ "time": 2.2333, "name": "bh_frame_27_" },
					{ "time": 2.2667, "name": "bh_frame_28_" },
					{ "time": 2.3, "name": "bh_frame_29_" },
					{ "time": 2.3333, "name": "bh_frame_30_" },
					{ "time": 2.3667, "name": "bh_frame_31_" },
					{ "time": 2.4, "name": "bh_frame_32_" },
					{ "time": 2.4333, "name": "bh_frame_33_" },
					{ "time": 2.4667, "name": "bh_frame_34_" },
					{ "time": 2.5, "name": "bh_frame_35_" },
					{ "time": 2.5333, "name": "bh_frame_36_" },
					{ "time": 2.5667, "name": "bh_frame_37_" },
					{ "time": 2.6, "name": "bh_frame_38_" },
					{ "time": 2.6333, "name": "bh_frame_39_" }
				]
			}
		},
		"bones": {
			"tou_": {
				"rotate": [
					{
						"time": 0,
						"angle": 0,
						"curve": [ 0.078, 0.09, 0.75, 1 ]
					},
					{
						"time": 0.6667,
						"angle": 1.44,
						"curve": [ 0.25, 0, 0.75, 1 ]
					},
					{
						"time": 2,
						"angle": -0.98,
						"curve": [ 0.25, 0, 0.966, 0.94 ]
					},
					{ "time": 2.6667, "angle": 0 }
				]
			},
			"bone5": {
				"rotate": [
					{
						"time": 0,
						"angle": 0,
						"curve": [ 0.25, 0, 0.75, 1 ]
					},
					{
						"time": 1.3333,
						"angle": 0.53,
						"curve": [ 0.25, 0, 0.75, 1 ]
					},
					{ "time": 2.6667, "angle": 0 }
				]
			},
			"bone6": {
				"rotate": [
					{
						"time": 0,
						"angle": 0,
						"curve": [ 0.25, 0, 0.75, 1 ]
					},
					{
						"time": 1.3333,
						"angle": 1.07,
						"curve": [ 0.25, 0, 0.75, 1 ]
					},
					{ "time": 2.6667, "angle": 0 }
				]
			},
			"bone7": {
				"rotate": [
					{
						"time": 0,
						"angle": 0,
						"curve": [ 0.25, 0, 0.75, 1 ]
					},
					{
						"time": 1.3333,
						"angle": 1.94,
						"curve": [ 0.25, 0, 0.75, 1 ]
					},
					{ "time": 2.6667, "angle": 0 }
				]
			},
			"bone2": {
				"rotate": [
					{
						"time": 0,
						"angle": 0,
						"curve": [ 0.25, 0, 0.75, 1 ]
					},
					{
						"time": 1.3333,
						"angle": -2.13,
						"curve": [ 0.25, 0, 0.75, 1 ]
					},
					{ "time": 2.6667, "angle": 0 }
				]
			},
			"bone3": {
				"rotate": [
					{
						"time": 0,
						"angle": 0,
						"curve": [ 0.25, 0, 0.625, 0.5 ]
					},
					{
						"time": 0.6667,
						"angle": 1.39,
						"curve": [ 0.25, 0, 0.75, 1 ]
					},
					{
						"time": 2,
						"angle": -1.58,
						"curve": [ 0.25, 0, 0.951, 0.93 ]
					},
					{ "time": 2.6667, "angle": 0 }
				]
			},
			"bone4": {
				"rotate": [
					{
						"time": 0,
						"angle": -5.33,
						"curve": [ 0.25, 0, 0.75, 1 ]
					},
					{
						"time": 1.3333,
						"angle": 1.83,
						"curve": [ 0.25, 0, 0.75, 1 ]
					},
					{ "time": 2.6667, "angle": -5.33 }
				]
			},
			"xiashen_": {
				"rotate": [
					{ "time": 0, "angle": 0 },
					{ "time": 1.3333, "angle": -0.63 },
					{ "time": 2.6667, "angle": 0 }
				]
			},
			"bone8": {
				"rotate": [
					{
						"time": 0,
						"angle": 0,
						"curve": [ 0.25, 0, 0.75, 1 ]
					},
					{
						"time": 1.3333,
						"angle": 0.52,
						"curve": [ 0.25, 0, 0.75, 1 ]
					},
					{ "time": 2.6667, "angle": 0 }
				]
			},
			"shenti_": {
				"rotate": [
					{
						"time": 0,
						"angle": 0,
						"curve": [ 0.25, 0, 0.75, 1 ]
					},
					{
						"time": 1.3333,
						"angle": 3.9,
						"curve": [ 0.25, 0, 0.75, 1 ]
					},
					{ "time": 2.6667, "angle": 0 }
				],
				"translate": [
					{
						"time": 0,
						"x": 0,
						"y": 0,
						"curve": [ 0.25, 0, 0.75, 1 ]
					},
					{
						"time": 1.3333,
						"x": -1.21,
						"y": 0,
						"curve": [ 0.25, 0, 0.75, 1 ]
					},
					{ "time": 2.6667, "x": 0, "y": 0 }
				]
			},
			"shenti_2": {
				"rotate": [
					{
						"time": 0,
						"angle": 0,
						"curve": [ 0.25, 0, 0.75, 1 ]
					},
					{
						"time": 1.3333,
						"angle": -4.77,
						"curve": [ 0.25, 0, 0.75, 1 ]
					},
					{ "time": 2.6667, "angle": 0 }
				],
				"translate": [
					{
						"time": 0,
						"x": 0,
						"y": 0,
						"curve": [ 0.25, 0, 0.75, 1 ]
					},
					{
						"time": 1.3333,
						"x": 2.17,
						"y": -1.52,
						"curve": [ 0.25, 0, 0.75, 1 ]
					},
					{ "time": 2.6667, "x": 0, "y": 0 }
				]
			},
			"bone": {
				"translate": [
					{
						"time": 0,
						"x": 0,
						"y": -1.32,
						"curve": [ 0.25, 0, 0.75, 1 ]
					},
					{
						"time": 1.3333,
						"x": 0,
						"y": 0,
						"curve": [ 0.25, 0, 0.75, 1 ]
					},
					{ "time": 2.6667, "x": 0, "y": -1.32 }
				],
				"scale": [
					{
						"time": 0,
						"x": 1,
						"y": 1,
						"curve": [ 0.25, 0, 0.75, 1 ]
					},
					{
						"time": 1.3333,
						"x": 1.01,
						"y": 1.01,
						"curve": [ 0.25, 0, 0.75, 1 ]
					},
					{ "time": 2.6667, "x": 1, "y": 1 }
				]
			},
			"R_shoubi_": {
				"rotate": [
					{
						"time": 0,
						"angle": 0,
						"curve": [ 0.123, 0.14, 0.75, 1 ]
					},
					{
						"time": 0.6667,
						"angle": -1.24,
						"curve": [ 0.25, 0, 0.75, 1 ]
					},
					{
						"time": 2,
						"angle": 1.53,
						"curve": [ 0.25, 0, 0.936, 0.91 ]
					},
					{ "time": 2.6667, "angle": 0 }
				]
			},
			"R_shoubi_2": {
				"rotate": [
					{
						"time": 0,
						"angle": 4.16,
						"curve": [ 0.25, 0, 0.75, 1 ]
					},
					{
						"time": 1.3333,
						"angle": -6.65,
						"curve": [ 0.25, 0, 0.75, 1 ]
					},
					{ "time": 2.6667, "angle": 4.16 }
				]
			},
			"R_shou_": {
				"rotate": [
					{
						"time": 0,
						"angle": 0,
						"curve": [ 0.116, 0.15, 0.75, 1 ]
					},
					{
						"time": 0.6667,
						"angle": 7.07,
						"curve": [ 0.25, 0, 0.75, 1 ]
					},
					{
						"time": 2,
						"angle": -2.38,
						"curve": [ 0.25, 0, 0.929, 0.9 ]
					},
					{ "time": 2.6667, "angle": 0 }
				]
			},
			"R_shou_2": {
				"rotate": [
					{
						"time": 0,
						"angle": 0,
						"curve": [ 0.116, 0.13, 0.75, 1 ]
					},
					{
						"time": 0.6667,
						"angle": 4.19,
						"curve": [ 0.25, 0, 0.75, 1 ]
					},
					{
						"time": 2,
						"angle": -7.22,
						"curve": [ 0.25, 0, 0.914, 0.89 ]
					},
					{ "time": 2.6667, "angle": 0 }
				]
			},
			"L_dabi_": {
				"rotate": [
					{
						"time": 0,
						"angle": 0,
						"curve": [ 0.086, 0.12, 0.75, 1 ]
					},
					{
						"time": 0.6667,
						"angle": 8.64,
						"curve": [ 0.25, 0, 0.75, 1 ]
					},
					{
						"time": 2,
						"angle": -5.06,
						"curve": [ 0.25, 0, 0.929, 0.91 ]
					},
					{ "time": 2.6667, "angle": 0 }
				]
			},
			"L_shoubi_": {
				"rotate": [
					{
						"time": 0,
						"angle": -1.33,
						"curve": [ 0.25, 0, 0.75, 1 ]
					},
					{
						"time": 1.3333,
						"angle": 6.49,
						"curve": [ 0.25, 0, 0.75, 1 ]
					},
					{ "time": 2.6667, "angle": -1.33 }
				]
			},
			"L_shoubi_2": {
				"rotate": [
					{
						"time": 0,
						"angle": 1.11,
						"curve": [ 0.104, 0.13, 0.75, 1 ]
					},
					{
						"time": 0.6667,
						"angle": -6.44,
						"curve": [ 0.25, 0, 0.75, 1 ]
					},
					{
						"time": 2,
						"angle": 11.54,
						"curve": [ 0.25, 0, 0.952, 0.9 ]
					},
					{ "time": 2.6667, "angle": 1.11 }
				]
			},
			"L_shoubi_3": {
				"rotate": [
					{
						"time": 0,
						"angle": 0,
						"curve": [ 0.1, 0.15, 0.75, 1 ]
					},
					{
						"time": 0.6667,
						"angle": 2.53,
						"curve": [ 0.25, 0, 0.75, 1 ]
					},
					{
						"time": 2,
						"angle": 0.65,
						"curve": [ 0.25, 0, 0.93, 0.89 ]
					},
					{ "time": 2.6667, "angle": 0 }
				]
			},
			"L_shoubi_4": {
				"rotate": [
					{
						"time": 0,
						"angle": 0,
						"curve": [ 0.25, 0, 0.75, 1 ]
					},
					{
						"time": 1.3333,
						"angle": -6.53,
						"curve": [ 0.25, 0, 0.75, 1 ]
					},
					{ "time": 2.6667, "angle": 0 }
				]
			},
			"L_shoubi_5": {
				"rotate": [
					{
						"time": 0,
						"angle": -15.09,
						"curve": [ 0.086, 0.11, 0.75, 1 ]
					},
					{
						"time": 0.6667,
						"angle": -19.81,
						"curve": [ 0.25, 0, 0.75, 1 ]
					},
					{
						"time": 2,
						"angle": -10.43,
						"curve": [ 0.25, 0, 0.936, 0.92 ]
					},
					{ "time": 2.6667, "angle": -15.09 }
				]
			},
			"pifeng_03_": {
				"rotate": [
					{
						"time": 0,
						"angle": 0,
						"curve": [ 0.25, 0, 0.75, 1 ]
					},
					{
						"time": 1.3333,
						"angle": 10.62,
						"curve": [ 0.25, 0, 0.75, 1 ]
					},
					{ "time": 2.6667, "angle": 0 }
				]
			},
			"pifeng_03_2": {
				"rotate": [
					{
						"time": 0,
						"angle": 0,
						"curve": [ 0.071, 0.09, 0.75, 1 ]
					},
					{
						"time": 0.6667,
						"angle": -6.09,
						"curve": [ 0.25, 0, 0.75, 1 ]
					},
					{
						"time": 2,
						"angle": 3.4,
						"curve": [ 0.25, 0, 0.951, 0.92 ]
					},
					{ "time": 2.6667, "angle": 0 }
				]
			},
			"pifeng_03_3": {
				"rotate": [
					{
						"time": 0,
						"angle": 0,
						"curve": [ 0.25, 0, 0.75, 1 ]
					},
					{
						"time": 1.3333,
						"angle": -8.17,
						"curve": [ 0.25, 0, 0.75, 1 ]
					},
					{ "time": 2.6667, "angle": 0 }
				]
			},
			"pifeng_03_4": {
				"rotate": [
					{
						"time": 0,
						"angle": 0,
						"curve": [ 0.093, 0.11, 0.75, 1 ]
					},
					{
						"time": 0.6667,
						"angle": -3.6,
						"curve": [ 0.25, 0, 0.75, 1 ]
					},
					{
						"time": 2,
						"angle": 4.86,
						"curve": [ 0.25, 0, 0.929, 0.89 ]
					},
					{ "time": 2.6667, "angle": 0 }
				]
			},
			"pifeng_03_5": {
				"rotate": [
					{
						"time": 0,
						"angle": 0,
						"curve": [ 0.25, 0, 0.75, 1 ]
					},
					{
						"time": 1.3333,
						"angle": -22.01,
						"curve": [ 0.25, 0, 0.75, 1 ]
					},
					{ "time": 2.6667, "angle": 0 }
				]
			},
			"pifeng_03_6": {
				"rotate": [
					{
						"time": 0,
						"angle": 0,
						"curve": [ 0.108, 0.13, 0.75, 1 ]
					},
					{
						"time": 0.6667,
						"angle": 17.78,
						"curve": [ 0.25, 0, 0.75, 1 ]
					},
					{
						"time": 2,
						"angle": -22.22,
						"curve": [ 0.25, 0, 0.951, 0.94 ]
					},
					{ "time": 2.6667, "angle": 0 }
				]
			},
			"shenti_3": {
				"rotate": [
					{
						"time": 0,
						"angle": 0,
						"curve": [ 0.116, 0.15, 0.75, 1 ]
					},
					{
						"time": 0.6667,
						"angle": -0.88,
						"curve": [ 0.25, 0, 0.75, 1 ]
					},
					{
						"time": 2,
						"angle": 0.65,
						"curve": [ 0.25, 0, 0.936, 0.93 ]
					},
					{ "time": 2.6667, "angle": 0 }
				]
			},
			"shenti_4": {
				"rotate": [
					{
						"time": 0,
						"angle": 0,
						"curve": [ 0.25, 0, 0.75, 1 ]
					},
					{
						"time": 1.3333,
						"angle": -2.64,
						"curve": [ 0.25, 0, 0.75, 1 ]
					},
					{ "time": 2.6667, "angle": 0 }
				]
			},
			"shenti_5": {
				"rotate": [
					{
						"time": 0,
						"angle": 0,
						"curve": [ 0.093, 0.12, 0.75, 1 ]
					},
					{
						"time": 0.6667,
						"angle": 4.48,
						"curve": [ 0.25, 0, 0.75, 1 ]
					},
					{
						"time": 2,
						"angle": -7.05,
						"curve": [ 0.25, 0, 0.907, 0.88 ]
					},
					{ "time": 2.6667, "angle": 0 }
				]
			},
			"pifeng_05_": {
				"rotate": [
					{
						"time": 0,
						"angle": 4.58,
						"curve": [ 0.078, 0.1, 0.75, 1 ]
					},
					{
						"time": 0.6667,
						"angle": 7.88,
						"curve": [ 0.25, 0, 0.75, 1 ]
					},
					{
						"time": 2,
						"angle": -5.93,
						"curve": [ 0.25, 0, 0.926, 0.87 ]
					},
					{ "time": 2.6667, "angle": 4.58 }
				]
			},
			"pifeng_05_2": {
				"rotate": [
					{
						"time": 0,
						"angle": -20.87,
						"curve": [ 0.25, 0, 0.75, 1 ]
					},
					{
						"time": 1.3333,
						"angle": 1.7,
						"curve": [ 0.25, 0, 0.75, 1 ]
					},
					{ "time": 2.6667, "angle": -20.87 }
				]
			},
			"pifeng_05_3": {
				"rotate": [
					{
						"time": 0,
						"angle": 0,
						"curve": [ 0.108, 0.14, 0.75, 1 ]
					},
					{
						"time": 0.6667,
						"angle": -21.4,
						"curve": [ 0.25, 0, 0.75, 1 ]
					},
					{
						"time": 2,
						"angle": 16.15,
						"curve": [ 0.25, 0, 0.922, 0.89 ]
					},
					{ "time": 2.6667, "angle": 0 }
				]
			},
			"pifeng_05_4": {
				"rotate": [
					{
						"time": 0,
						"angle": 0,
						"curve": [ 0.116, 0.15, 0.75, 1 ]
					},
					{
						"time": 0.6667,
						"angle": -12.57,
						"curve": [ 0.25, 0, 0.75, 1 ]
					},
					{
						"time": 2,
						"angle": 11.14,
						"curve": [ 0.25, 0, 0.914, 0.89 ]
					},
					{ "time": 2.6667, "angle": 0 }
				]
			},
			"pifeng_03_7": {
				"rotate": [
					{
						"time": 0,
						"angle": 7.4,
						"curve": [ 0.25, 0, 0.75, 1 ]
					},
					{
						"time": 1.3333,
						"angle": -7.19,
						"curve": [ 0.25, 0, 0.75, 1 ]
					},
					{ "time": 2.6667, "angle": 7.4 }
				]
			},
			"toufa_02_": {
				"rotate": [
					{
						"time": 0,
						"angle": 0,
						"curve": [ 0.056, 0.12, 0.75, 1 ]
					},
					{
						"time": 0.6667,
						"angle": 6.75,
						"curve": [ 0.25, 0, 0.75, 1 ]
					},
					{
						"time": 2,
						"angle": -4.41,
						"curve": [ 0.25, 0, 0.929, 0.89 ]
					},
					{ "time": 2.6667, "angle": 0 }
				]
			},
			"toufa_02_2": {
				"rotate": [
					{
						"time": 0,
						"angle": 0,
						"curve": [ 0.25, 0, 0.75, 1 ]
					},
					{
						"time": 1.3333,
						"angle": 7.29,
						"curve": [ 0.25, 0, 0.75, 1 ]
					},
					{ "time": 2.6667, "angle": 0 }
				]
			},
			"toufa_02_3": {
				"rotate": [
					{
						"time": 0,
						"angle": 0,
						"curve": [ 0.093, 0.13, 0.75, 1 ]
					},
					{
						"time": 0.6667,
						"angle": -8.74,
						"curve": [ 0.25, 0, 0.75, 1 ]
					},
					{
						"time": 2,
						"angle": 25.16,
						"curve": [ 0.25, 0, 0.922, 0.9 ]
					},
					{ "time": 2.6667, "angle": 0 }
				]
			},
			"fasi_02_": {
				"rotate": [
					{
						"time": 0,
						"angle": 0,
						"curve": [ 0.078, 0.11, 0.75, 1 ]
					},
					{
						"time": 0.6667,
						"angle": 6.22,
						"curve": [ 0.25, 0, 0.75, 1 ]
					},
					{
						"time": 2,
						"angle": -7.18,
						"curve": [ 0.25, 0, 0.951, 0.91 ]
					},
					{ "time": 2.6667, "angle": 0 }
				]
			},
			"fasi_02_2": {
				"rotate": [
					{
						"time": 0,
						"angle": 0,
						"curve": [ 0.101, 0.15, 0.75, 1 ]
					},
					{
						"time": 0.6667,
						"angle": 6.22,
						"curve": [ 0.25, 0, 0.75, 1 ]
					},
					{
						"time": 2,
						"angle": -7.18,
						"curve": [ 0.25, 0, 0.929, 0.92 ]
					},
					{ "time": 2.6667, "angle": 0 }
				]
			},
			"fasi_02_3": {
				"rotate": [
					{
						"time": 0,
						"angle": 0,
						"curve": [ 0.093, 0.14, 0.75, 1 ]
					},
					{
						"time": 0.6667,
						"angle": 6.22,
						"curve": [ 0.25, 0, 0.75, 1 ]
					},
					{
						"time": 2,
						"angle": -6.41,
						"curve": [ 0.25, 0, 0.951, 0.91 ]
					},
					{ "time": 2.6667, "angle": 0 }
				]
			},
			"fasi_01_": {
				"rotate": [
					{ "time": 0, "angle": 0 },
					{ "time": 1.3333, "angle": 14.62 },
					{ "time": 2.6667, "angle": 0 }
				]
			},
			"fasi_01_2": {
				"rotate": [
					{ "time": 0, "angle": 0 },
					{ "time": 1.3333, "angle": 14.62 },
					{ "time": 2.6667, "angle": 0 }
				]
			},
			"fasi_03_": {
				"rotate": [
					{
						"time": 0,
						"angle": 0,
						"curve": [ 0.25, 0, 0.75, 1 ]
					},
					{
						"time": 1.3333,
						"angle": 13.09,
						"curve": [ 0.25, 0, 0.75, 1 ]
					},
					{ "time": 2.6667, "angle": 0 }
				]
			},
			"fasi_03_2": {
				"rotate": [
					{
						"time": 0,
						"angle": 0,
						"curve": [ 0.078, 0.12, 0.75, 1 ]
					},
					{
						"time": 0.6667,
						"angle": -10.53,
						"curve": [ 0.25, 0, 0.75, 1 ]
					},
					{
						"time": 2,
						"angle": 2.73,
						"curve": [ 0.25, 0, 0.944, 0.93 ]
					},
					{ "time": 2.6667, "angle": 0 }
				]
			},
			"fasi_03_3": {
				"rotate": [
					{
						"time": 0,
						"angle": 0,
						"curve": [ 0.25, 0, 0.75, 1 ]
					},
					{
						"time": 1.3333,
						"angle": -13.2,
						"curve": [ 0.25, 0, 0.75, 1 ]
					},
					{ "time": 2.6667, "angle": 0 }
				]
			},
			"fasi_03_4": {
				"rotate": [
					{
						"time": 0,
						"angle": 0,
						"curve": [ 0.093, 0.12, 0.75, 1 ]
					},
					{
						"time": 0.6667,
						"angle": 1.8,
						"curve": [ 0.25, 0, 0.75, 1 ]
					},
					{
						"time": 1.3333,
						"angle": -17.91,
						"curve": [ 0.25, 0, 0.929, 0.91 ]
					},
					{ "time": 2.6667, "angle": 0 }
				]
			},
			"fasi_03_5": {
				"rotate": [
					{
						"time": 0,
						"angle": 0,
						"curve": [ 0.25, 0, 0.75, 1 ]
					},
					{
						"time": 1.3333,
						"angle": -24.48,
						"curve": [ 0.25, 0, 0.75, 1 ]
					},
					{ "time": 2.6667, "angle": 0 }
				]
			},
			"fasi_07_": {
				"rotate": [
					{
						"time": 0,
						"angle": 0,
						"curve": [ 0.25, 0, 0.75, 1 ]
					},
					{
						"time": 1.3333,
						"angle": -10.85,
						"curve": [ 0.25, 0, 0.75, 1 ]
					},
					{ "time": 2.6667, "angle": 0 }
				]
			},
			"fasi_07_2": {
				"rotate": [
					{
						"time": 0,
						"angle": 0,
						"curve": [ 0.25, 0, 0.75, 1 ]
					},
					{
						"time": 1.3333,
						"angle": -10.85,
						"curve": [ 0.25, 0, 0.75, 1 ]
					},
					{ "time": 2.6667, "angle": 0 }
				]
			},
			"fasi_05_": {
				"rotate": [
					{
						"time": 0,
						"angle": 0,
						"curve": [ 0.25, 0, 0.75, 1 ]
					},
					{
						"time": 1.3333,
						"angle": 27.46,
						"curve": [ 0.25, 0, 0.75, 1 ]
					},
					{ "time": 2.6667, "angle": 0 }
				]
			},
			"fasi_05_2": {
				"rotate": [
					{
						"time": 0,
						"angle": 0,
						"curve": [ 0.071, 0.12, 0.75, 1 ]
					},
					{
						"time": 0.6667,
						"angle": -34.85,
						"curve": [ 0.25, 0, 0.75, 1 ]
					},
					{
						"time": 2,
						"angle": 20.13,
						"curve": [ 0.25, 0, 0.914, 0.9 ]
					},
					{ "time": 2.6667, "angle": 0 }
				]
			},
			"fasi_05_3": {
				"rotate": [
					{
						"time": 0,
						"angle": 0,
						"curve": [ 0.25, 0, 0.75, 1 ]
					},
					{
						"time": 1.3333,
						"angle": -53.97,
						"curve": [ 0.25, 0, 0.75, 1 ]
					},
					{ "time": 2.6667, "angle": 0 }
				]
			},
			"fasi_04_": {
				"rotate": [
					{
						"time": 0,
						"angle": 0,
						"curve": [ 0.131, 0.15, 0.75, 1 ]
					},
					{
						"time": 0.6667,
						"angle": 11.06,
						"curve": [ 0.25, 0, 0.75, 1 ]
					},
					{
						"time": 2,
						"angle": -6.15,
						"curve": [ 0.25, 0, 0.936, 0.92 ]
					},
					{ "time": 2.6667, "angle": 0 }
				]
			},
			"fasi_04_2": {
				"rotate": [
					{
						"time": 0,
						"angle": 0,
						"curve": [ 0.25, 0, 0.75, 1 ]
					},
					{
						"time": 1.3333,
						"angle": 13.6,
						"curve": [ 0.25, 0, 0.75, 1 ]
					},
					{ "time": 2.6667, "angle": 0 }
				]
			},
			"fasi_04_3": {
				"rotate": [
					{
						"time": 0,
						"angle": 0,
						"curve": [ 0.086, 0.11, 0.75, 1 ]
					},
					{
						"time": 0.6667,
						"angle": -22.39,
						"curve": [ 0.25, 0, 0.75, 1 ]
					},
					{
						"time": 2,
						"angle": 11.78,
						"curve": [ 0.25, 0, 0.914, 0.9 ]
					},
					{ "time": 2.6667, "angle": 0 }
				]
			},
			"tou_2": {
				"rotate": [
					{
						"time": 0,
						"angle": 0,
						"curve": [ 0.086, 0.13, 0.75, 1 ]
					},
					{
						"time": 0.6667,
						"angle": -10.05,
						"curve": [ 0.25, 0, 0.75, 1 ]
					},
					{
						"time": 2,
						"angle": 5.49,
						"curve": [ 0.25, 0, 0.951, 0.91 ]
					},
					{ "time": 2.6667, "angle": 0 }
				]
			},
			"fasi_06_": {
				"rotate": [
					{
						"time": 0,
						"angle": 0,
						"curve": [ 0.25, 0, 0.75, 1 ]
					},
					{
						"time": 1.3333,
						"angle": 20.3,
						"curve": [ 0.25, 0, 0.75, 1 ]
					},
					{ "time": 2.6667, "angle": 0 }
				]
			},
			"fasi_06_2": {
				"rotate": [
					{
						"time": 0,
						"angle": 0,
						"curve": [ 0.086, 0.11, 0.75, 1 ]
					},
					{
						"time": 0.6667,
						"angle": -24.33,
						"curve": [ 0.25, 0, 0.75, 1 ]
					},
					{
						"time": 2,
						"angle": 28.3,
						"curve": [ 0.25, 0, 0.936, 0.92 ]
					},
					{ "time": 2.6667, "angle": 0 }
				]
			},
			"toufa_01_": {
				"rotate": [
					{
						"time": 0,
						"angle": 0,
						"curve": [ 0.116, 0.13, 0.75, 1 ]
					},
					{
						"time": 0.6667,
						"angle": -4.99,
						"curve": [ 0.25, 0, 0.75, 1 ]
					},
					{
						"time": 2,
						"angle": 2.77,
						"curve": [ 0.25, 0, 0.944, 0.91 ]
					},
					{ "time": 2.6667, "angle": 0 }
				]
			},
			"toufa_01_2": {
				"rotate": [
					{
						"time": 0,
						"angle": 0,
						"curve": [ 0.25, 0, 0.75, 1 ]
					},
					{
						"time": 1.3333,
						"angle": -9.68,
						"curve": [ 0.25, 0, 0.75, 1 ]
					},
					{ "time": 2.6667, "angle": 0 }
				]
			},
			"toufa_01_3": {
				"rotate": [
					{
						"time": 0,
						"angle": 0,
						"curve": [ 0.071, 0.11, 0.75, 1 ]
					},
					{
						"time": 0.6667,
						"angle": 9.09,
						"curve": [ 0.25, 0, 0.75, 1 ]
					},
					{
						"time": 2,
						"angle": -9.76,
						"curve": [ 0.25, 0, 0.951, 0.92 ]
					},
					{ "time": 2.6667, "angle": 0 }
				]
			},
			"guangyun2": {
				"scale": [
					{ "time": 0, "x": 1, "y": 1, "curve": "stepped" },
					{ "time": 1.8333, "x": 1, "y": 1 },
					{ "time": 1.8667, "x": 1.816, "y": 1.816 }
				]
			},
			"guangyun3": {
				"scale": [
					{ "time": 0, "x": 1, "y": 1 },
					{ "time": 1.2, "x": 0.98, "y": 0.98 }
				]
			}
		}
	}
}
}