{
"skeleton": { "hash": "x+05q5VnyTZH1SP64uhGruARtK0", "spine": "2.1.27", "width": 0, "height": 0, "images": "" },
"bones": [
	{ "name": "root" },
	{ "name": "bone", "parent": "root", "length": 34.7, "x": -37.66, "y": -22.05, "rotation": 0.45 }
],
"slots": [
	{ "name": "R_3_000_", "bone": "bone" },
	{ "name": "R_2_000_", "bone": "bone" },
	{ "name": "R_1_000_", "bone": "bone" }
],
"skins": {
	"default": {
		"R_1_000_": {
			"R_1_000_": { "x": 36.8, "y": 38.71, "rotation": -0.45, "width": 31, "height": 44 },
			"R_1_002_": { "x": 37.81, "y": 40.2, "rotation": -0.45, "width": 29, "height": 47 },
			"R_1_004_": { "x": 39.31, "y": 40.19, "rotation": -0.45, "width": 26, "height": 47 },
			"R_1_006_": { "x": 39.81, "y": 39.68, "rotation": -0.45, "width": 25, "height": 46 },
			"R_1_008_": { "x": 40.8, "y": 38.68, "rotation": -0.45, "width": 23, "height": 44 },
			"R_1_010_": { "x": 41.29, "y": 37.67, "rotation": -0.45, "width": 22, "height": 42 },
			"R_1_012_": { "x": 41.28, "y": 36.67, "rotation": -0.45, "width": 22, "height": 40 },
			"R_1_014_": { "x": 41.28, "y": 36.67, "rotation": -0.45, "width": 22, "height": 40 },
			"R_1_016_": { "x": 40.29, "y": 37.68, "rotation": -0.45, "width": 24, "height": 42 },
			"R_1_018_": { "x": 38.8, "y": 38.69, "rotation": -0.45, "width": 27, "height": 44 },
			"R_1_020_": { "x": 37.8, "y": 39.2, "rotation": -0.45, "width": 29, "height": 45 },
			"R_1_022_": { "x": 37.3, "y": 38.7, "rotation": -0.45, "width": 30, "height": 44 },
			"R_1_024_": { "x": 36.78, "y": 36.21, "rotation": -0.45, "width": 31, "height": 39 },
			"R_1_026_": { "x": 36.75, "y": 32.21, "rotation": -0.45, "width": 31, "height": 31 },
			"R_1_028_": { "x": 37.73, "y": 29.7, "rotation": -0.45, "width": 29, "height": 26 },
			"R_1_030_": { "x": 38.72, "y": 28.69, "rotation": -0.45, "width": 27, "height": 24 },
			"R_1_032_": { "x": 38.71, "y": 27.69, "rotation": -0.45, "width": 27, "height": 22 },
			"R_1_034_": { "x": 38.71, "y": 27.19, "rotation": -0.45, "width": 27, "height": 21 },
			"R_1_036_": { "x": 38.71, "y": 27.19, "rotation": -0.45, "width": 27, "height": 21 },
			"R_1_038_": { "x": 38.71, "y": 27.19, "rotation": -0.45, "width": 27, "height": 21 },
			"R_1_040_": { "x": 38.71, "y": 27.19, "rotation": -0.45, "width": 27, "height": 21 },
			"R_1_042_": { "x": 38.71, "y": 27.19, "rotation": -0.45, "width": 27, "height": 21 },
			"R_1_044_": { "x": 38.71, "y": 27.69, "rotation": -0.45, "width": 27, "height": 22 },
			"R_1_046_": { "x": 38.72, "y": 28.19, "rotation": -0.45, "width": 27, "height": 23 },
			"R_1_048_": { "x": 38.73, "y": 29.19, "rotation": -0.45, "width": 27, "height": 25 },
			"R_1_050_": { "x": 38.73, "y": 30.19, "rotation": -0.45, "width": 27, "height": 27 },
			"R_1_052_": { "x": 38.75, "y": 32.19, "rotation": -0.45, "width": 27, "height": 31 },
			"R_1_054_": { "x": 36.77, "y": 34.21, "rotation": -0.45, "width": 31, "height": 35 },
			"R_1_056_": { "x": 35.78, "y": 35.71, "rotation": -0.45, "width": 33, "height": 38 }
		},
		"R_2_000_": {
			"R_2_000_": { "x": 35.28, "y": 36.72, "rotation": -0.45, "width": 34, "height": 34 },
			"R_2_002_": { "x": 37.3, "y": 38.7, "rotation": -0.45, "width": 30, "height": 40 },
			"R_2_004_": { "x": 40.31, "y": 39.68, "rotation": -0.45, "width": 24, "height": 42 },
			"R_2_006_": { "x": 42.32, "y": 40.66, "rotation": -0.45, "width": 20, "height": 44 },
			"R_2_008_": { "x": 43.31, "y": 40.16, "rotation": -0.45, "width": 18, "height": 43 },
			"R_2_010_": { "x": 43.31, "y": 39.66, "rotation": -0.45, "width": 18, "height": 42 },
			"R_2_012_": { "x": 43.8, "y": 39.15, "rotation": -0.45, "width": 17, "height": 41 },
			"R_2_014_": { "x": 43.8, "y": 39.15, "rotation": -0.45, "width": 17, "height": 41 },
			"R_2_016_": { "x": 42.81, "y": 39.66, "rotation": -0.45, "width": 19, "height": 42 },
			"R_2_018_": { "x": 40.81, "y": 39.68, "rotation": -0.45, "width": 23, "height": 42 },
			"R_2_020_": { "x": 38.8, "y": 39.19, "rotation": -0.45, "width": 27, "height": 41 },
			"R_2_022_": { "x": 35.79, "y": 37.21, "rotation": -0.45, "width": 33, "height": 37 },
			"R_2_024_": { "x": 33.76, "y": 33.23, "rotation": -0.45, "width": 37, "height": 29 },
			"R_2_026_": { "x": 33.73, "y": 29.73, "rotation": -0.45, "width": 37, "height": 22 },
			"R_2_028_": { "x": 35.22, "y": 28.72, "rotation": -0.45, "width": 34, "height": 18 },
			"R_2_030_": { "x": 36.22, "y": 28.21, "rotation": -0.45, "width": 32, "height": 19 },
			"R_2_032_": { "x": 36.22, "y": 28.21, "rotation": -0.45, "width": 32, "height": 19 },
			"R_2_034_": { "x": 36.21, "y": 27.71, "rotation": -0.45, "width": 32, "height": 18 },
			"R_2_036_": { "x": 36.21, "y": 27.71, "rotation": -0.45, "width": 32, "height": 18 },
			"R_2_038_": { "x": 36.21, "y": 27.71, "rotation": -0.45, "width": 32, "height": 18 },
			"R_2_040_": { "x": 36.21, "y": 27.71, "rotation": -0.45, "width": 32, "height": 18 },
			"R_2_042_": { "x": 36.21, "y": 27.71, "rotation": -0.45, "width": 32, "height": 18 },
			"R_2_044_": { "x": 36.21, "y": 27.71, "rotation": -0.45, "width": 32, "height": 18 },
			"R_2_046_": { "x": 36.22, "y": 28.71, "rotation": -0.45, "width": 32, "height": 18 },
			"R_2_048_": { "x": 36.23, "y": 29.21, "rotation": -0.45, "width": 32, "height": 19 },
			"R_2_050_": { "x": 36.73, "y": 30.21, "rotation": -0.45, "width": 31, "height": 19 },
			"R_2_052_": { "x": 36.25, "y": 31.71, "rotation": -0.45, "width": 32, "height": 22 },
			"R_2_054_": { "x": 34.25, "y": 32.23, "rotation": -0.45, "width": 36, "height": 25 },
			"R_2_056_": { "x": 33.77, "y": 34.23, "rotation": -0.45, "width": 37, "height": 29 }
		},
		"R_3_000_": {
			"R_3_000_": { "x": 35.23, "y": 29.72, "rotation": -0.45, "width": 34, "height": 36 },
			"R_3_002_": { "x": 36.75, "y": 32.71, "rotation": -0.45, "width": 31, "height": 36 },
			"R_3_004_": { "x": 38.78, "y": 36.19, "rotation": -0.45, "width": 27, "height": 39 },
			"R_3_006_": { "x": 40.3, "y": 39.18, "rotation": -0.45, "width": 24, "height": 41 },
			"R_3_008_": { "x": 41.32, "y": 40.67, "rotation": -0.45, "width": 22, "height": 42 },
			"R_3_010_": { "x": 41.82, "y": 41.17, "rotation": -0.45, "width": 21, "height": 41 },
			"R_3_012_": { "x": 42.32, "y": 41.16, "rotation": -0.45, "width": 20, "height": 41 },
			"R_3_014_": { "x": 41.82, "y": 41.17, "rotation": -0.45, "width": 21, "height": 41 },
			"R_3_016_": { "x": 40.81, "y": 39.68, "rotation": -0.45, "width": 23, "height": 42 },
			"R_3_018_": { "x": 39.29, "y": 37.69, "rotation": -0.45, "width": 26, "height": 42 },
			"R_3_020_": { "x": 37.77, "y": 34.2, "rotation": -0.45, "width": 29, "height": 41 },
			"R_3_022_": { "x": 36.23, "y": 29.71, "rotation": -0.45, "width": 32, "height": 36 },
			"R_3_024_": { "x": 34.69, "y": 24.72, "rotation": -0.45, "width": 35, "height": 28 },
			"R_3_026_": { "x": 34.69, "y": 24.22, "rotation": -0.45, "width": 35, "height": 29 },
			"R_3_028_": { "x": 37.19, "y": 24.7, "rotation": -0.45, "width": 30, "height": 28 },
			"R_3_030_": { "x": 38.19, "y": 25.2, "rotation": -0.45, "width": 28, "height": 27 },
			"R_3_032_": { "x": 38.19, "y": 25.2, "rotation": -0.45, "width": 28, "height": 27 },
			"R_3_034_": { "x": 38.19, "y": 25.2, "rotation": -0.45, "width": 28, "height": 27 },
			"R_3_036_": { "x": 38.19, "y": 25.2, "rotation": -0.45, "width": 28, "height": 27 },
			"R_3_038_": { "x": 38.19, "y": 24.7, "rotation": -0.45, "width": 28, "height": 26 },
			"R_3_040_": { "x": 38.19, "y": 24.7, "rotation": -0.45, "width": 28, "height": 26 },
			"R_3_042_": { "x": 38.19, "y": 24.7, "rotation": -0.45, "width": 28, "height": 26 },
			"R_3_044_": { "x": 38.19, "y": 24.7, "rotation": -0.45, "width": 28, "height": 26 },
			"R_3_046_": { "x": 38.19, "y": 24.7, "rotation": -0.45, "width": 28, "height": 26 },
			"R_3_048_": { "x": 38.19, "y": 25.2, "rotation": -0.45, "width": 28, "height": 25 },
			"R_3_050_": { "x": 38.19, "y": 25.2, "rotation": -0.45, "width": 28, "height": 25 },
			"R_3_052_": { "x": 37.2, "y": 25.7, "rotation": -0.45, "width": 30, "height": 26 },
			"R_3_054_": { "x": 35.19, "y": 25.22, "rotation": -0.45, "width": 34, "height": 31 },
			"R_3_056_": { "x": 34.21, "y": 26.73, "rotation": -0.45, "width": 36, "height": 34 }
		}
	}
},
"animations": {
	"dj_0": {
		"slots": {
			"R_2_000_": {
				"attachment": [
					{ "time": 0, "name": "R_2_000_" },
					{ "time": 0.0666, "name": "R_2_002_" },
					{ "time": 0.1333, "name": "R_2_004_" },
					{ "time": 0.2, "name": "R_2_006_" },
					{ "time": 0.2666, "name": "R_2_008_" },
					{ "time": 0.3, "name": "R_2_010_" },
					{ "time": 0.3666, "name": "R_2_012_" },
					{ "time": 0.4333, "name": "R_2_014_" },
					{ "time": 0.5, "name": "R_2_016_" },
					{ "time": 0.5666, "name": "R_2_018_" },
					{ "time": 0.6333, "name": "R_2_020_" },
					{ "time": 0.7, "name": "R_2_022_" },
					{ "time": 0.7666, "name": "R_2_024_" },
					{ "time": 0.8333, "name": "R_2_026_" },
					{ "time": 0.9, "name": "R_2_028_" },
					{ "time": 0.9333, "name": "R_2_030_" },
					{ "time": 1, "name": "R_2_032_" },
					{ "time": 1.0666, "name": "R_2_034_" },
					{ "time": 1.1333, "name": "R_2_036_" },
					{ "time": 1.2, "name": "R_2_038_" },
					{ "time": 1.2666, "name": "R_2_040_" },
					{ "time": 1.3333, "name": "R_2_042_" },
					{ "time": 1.4, "name": "R_2_044_" },
					{ "time": 1.4666, "name": "R_2_046_" },
					{ "time": 1.5333, "name": "R_2_048_" },
					{ "time": 1.5666, "name": "R_2_050_" },
					{ "time": 1.6333, "name": "R_2_052_" },
					{ "time": 1.7, "name": "R_2_054_" },
					{ "time": 1.7666, "name": "R_2_056_" },
					{ "time": 1.8333, "name": "R_2_000_" }
				]
			}
		}
	},
	"dj_1": {
		"slots": {
			"R_3_000_": {
				"attachment": [
					{ "time": 0, "name": "R_3_000_" },
					{ "time": 0.0666, "name": "R_3_002_" },
					{ "time": 0.1333, "name": "R_3_004_" },
					{ "time": 0.2, "name": "R_3_006_" },
					{ "time": 0.2666, "name": "R_3_008_" },
					{ "time": 0.3333, "name": "R_3_010_" },
					{ "time": 0.3666, "name": "R_3_012_" },
					{ "time": 0.4333, "name": "R_3_014_" },
					{ "time": 0.5, "name": "R_3_016_" },
					{ "time": 0.5666, "name": "R_3_018_" },
					{ "time": 0.6333, "name": "R_3_020_" },
					{ "time": 0.7, "name": "R_3_022_" },
					{ "time": 0.7666, "name": "R_3_024_" },
					{ "time": 0.8333, "name": "R_3_026_" },
					{ "time": 0.9, "name": "R_3_028_" },
					{ "time": 0.9666, "name": "R_3_030_" },
					{ "time": 1.0333, "name": "R_3_032_" },
					{ "time": 1.0666, "name": "R_3_034_" },
					{ "time": 1.1333, "name": "R_3_036_" },
					{ "time": 1.2, "name": "R_3_038_" },
					{ "time": 1.2666, "name": "R_3_040_" },
					{ "time": 1.3333, "name": "R_3_042_" },
					{ "time": 1.4, "name": "R_3_044_" },
					{ "time": 1.4666, "name": "R_3_046_" },
					{ "time": 1.5333, "name": "R_3_048_" },
					{ "time": 1.6, "name": "R_3_050_" },
					{ "time": 1.6666, "name": "R_3_052_" },
					{ "time": 1.7, "name": "R_3_054_" },
					{ "time": 1.7666, "name": "R_3_056_" },
					{ "time": 1.8333, "name": "R_3_000_" }
				]
			}
		}
	},
	"dj_7": {
		"slots": {
			"R_1_000_": {
				"attachment": [
					{ "time": 0, "name": "R_1_000_" },
					{ "time": 0.0666, "name": "R_1_002_" },
					{ "time": 0.1333, "name": "R_1_004_" },
					{ "time": 0.2, "name": "R_1_006_" },
					{ "time": 0.2666, "name": "R_1_008_" },
					{ "time": 0.3, "name": "R_1_010_" },
					{ "time": 0.3666, "name": "R_1_012_" },
					{ "time": 0.4333, "name": "R_1_014_" },
					{ "time": 0.5, "name": "R_1_016_" },
					{ "time": 0.5666, "name": "R_1_018_" },
					{ "time": 0.6333, "name": "R_1_020_" },
					{ "time": 0.7, "name": "R_1_022_" },
					{ "time": 0.7666, "name": "R_1_024_" },
					{ "time": 0.8333, "name": "R_1_026_" },
					{ "time": 0.8666, "name": "R_1_028_" },
					{ "time": 0.9333, "name": "R_1_030_" },
					{ "time": 1, "name": "R_1_032_" },
					{ "time": 1.0666, "name": "R_1_034_" },
					{ "time": 1.1333, "name": "R_1_036_" },
					{ "time": 1.2, "name": "R_1_038_" },
					{ "time": 1.2666, "name": "R_1_040_" },
					{ "time": 1.3333, "name": "R_1_042_" },
					{ "time": 1.3666, "name": "R_1_044_" },
					{ "time": 1.4333, "name": "R_1_046_" },
					{ "time": 1.5, "name": "R_1_048_" },
					{ "time": 1.5666, "name": "R_1_050_" },
					{ "time": 1.6333, "name": "R_1_052_" },
					{ "time": 1.7, "name": "R_1_054_" },
					{ "time": 1.7666, "name": "R_1_056_" },
					{ "time": 1.8333, "name": "R_1_000_" }
				]
			}
		},
		"bones": {
			"bone": {
				"translate": [
					{ "time": 0, "x": 0, "y": 0 }
				]
			}
		}
	}
}
}