{
"skeleton": { "hash": "vIvEhRNFN5mimj6uXQb1H9AcaCo", "spine": "3.6.49", "width": 650, "height": 488 },
"bones": [
	{ "name": "root" },
	{ "name": "ball_", "parent": "root" },
	{ "name": "all", "parent": "ball_" },
	{ "name": "5", "parent": "all", "y": 300.18 },
	{ "name": "6", "parent": "5", "length": 66.62, "rotation": 147.11, "x": -31.13, "y": -28.39 },
	{ "name": "7", "parent": "5", "length": 56.81, "rotation": 61.47, "x": 11.08, "y": -4.61 },
	{ "name": "8", "parent": "6", "length": 58.78, "rotation": 79.74, "x": -0.46, "y": 0.1 },
	{ "name": "9", "parent": "7", "length": 51.36, "rotation": -68.97, "x": -5.05, "y": -1.22 },
	{ "name": "Light_A", "parent": "ball_", "y": 417.21 },
	{ "name": "light_B_", "parent": "ball_", "x": -193.45, "y": 421.45, "scaleX": 1.24, "scaleY": 1.24 }
],
"slots": [
	{ "name": "shadow_A_", "bone": "ball_", "attachment": "shadow_A_", "blend": "multiply" },
	{ "name": "B", "bone": "9", "attachment": "B_" },
	{ "name": "A", "bone": "8", "attachment": "A_" },
	{ "name": "D", "bone": "7", "attachment": "D_" },
	{ "name": "C", "bone": "6", "attachment": "C" },
	{ "name": "55", "bone": "ball_", "attachment": "55" },
	{ "name": "CrystalBall", "bone": "ball_", "attachment": "CrystalBall_" },
	{ "name": "light_A_20_", "bone": "Light_A", "blend": "additive" },
	{ "name": "light_A_21_", "bone": "Light_A", "blend": "additive" },
	{ "name": "light_A_22_", "bone": "Light_A", "blend": "additive" },
	{ "name": "light_A_23_", "bone": "Light_A", "blend": "additive" },
	{ "name": "light_A_24_", "bone": "Light_A", "blend": "additive" },
	{ "name": "light_A_25_", "bone": "Light_A", "blend": "additive" },
	{ "name": "light_A_26_", "bone": "Light_A", "blend": "additive" },
	{ "name": "light_A_27_", "bone": "Light_A", "blend": "additive" },
	{ "name": "light_A_28_", "bone": "Light_A", "blend": "additive" },
	{ "name": "light_A_29_", "bone": "Light_A", "blend": "additive" },
	{ "name": "light_A_30_", "bone": "Light_A", "blend": "additive" },
	{ "name": "light_B_21_", "bone": "light_B_", "color": "c3beffff", "attachment": "light_B_21_", "blend": "additive" },
	{ "name": "light_B_23_", "bone": "light_B_", "color": "c3beffff", "blend": "additive" },
	{ "name": "light_B_25_", "bone": "light_B_", "color": "c3beffff", "blend": "additive" },
	{ "name": "light_B_27_", "bone": "light_B_", "color": "c3beffff", "blend": "additive" },
	{ "name": "light_B_29_", "bone": "light_B_", "color": "c3beffff", "blend": "additive" },
	{ "name": "light_B_31_", "bone": "light_B_", "color": "c3beffff", "blend": "additive" },
	{ "name": "light_B_33_", "bone": "light_B_", "color": "c3beffff", "blend": "additive" },
	{ "name": "light_B_35_", "bone": "light_B_", "color": "c3beffff", "blend": "additive" },
	{ "name": "light_B_37_", "bone": "light_B_", "color": "c3beffff", "blend": "additive" },
	{ "name": "light_B_39_", "bone": "light_B_", "color": "c3beffff", "blend": "additive" },
	{ "name": "light_B_41_", "bone": "light_B_", "color": "c3beffff", "blend": "additive" },
	{ "name": "light_B_43_", "bone": "light_B_", "color": "c3beffff", "blend": "additive" },
	{ "name": "light_B_45_", "bone": "light_B_", "color": "c3beffff", "blend": "additive" },
	{ "name": "light_B_47_", "bone": "light_B_", "color": "c3beffff", "blend": "additive" },
	{ "name": "light_B_49_", "bone": "light_B_", "color": "c3beffff", "blend": "additive" },
	{ "name": "light_B_51_", "bone": "light_B_", "color": "c3beffff", "blend": "additive" },
	{ "name": "light_B_53_", "bone": "light_B_", "color": "c3beffff", "blend": "additive" },
	{ "name": "light_B_55_", "bone": "light_B_", "color": "c3beffff", "blend": "additive" },
	{ "name": "light_B_57_", "bone": "light_B_", "color": "c3beffff", "blend": "additive" },
	{ "name": "light_B_59_", "bone": "light_B_", "color": "c3beffff", "blend": "additive" },
	{ "name": "light_c_36_", "bone": "ball_", "color": "d100ffff", "attachment": "light_c_36_", "blend": "additive" },
	{ "name": "藍光_20", "bone": "ball_", "attachment": "藍光_20", "blend": "additive" }
],
"skins": {
	"default": {
		"55": {
			"55": { "path": "5_year_home_", "x": -4.17, "y": 198.66, "width": 320, "height": 390 }
		},
		"A": {
			"A_": { "x": 39.96, "y": -8.11, "rotation": 133.15, "width": 80, "height": 55 }
		},
		"B": {
			"B_": { "x": 29.15, "y": 11.64, "rotation": 7.5, "width": 72, "height": 70 }
		},
		"C": {
			"C": { "path": "C_", "x": 32.3, "y": -14.94, "rotation": -147.11, "width": 55, "height": 75 }
		},
		"CrystalBall": {
			"CrystalBall_": { "x": -3.27, "y": 229.89, "width": 395, "height": 441 }
		},
		"D": {
			"D_": { "x": 24.4, "y": -0.07, "rotation": -61.47, "width": 55, "height": 87 }
		},
		"light_A_20_": {
			"light_A_20_": { "x": 1.16, "y": -160.74, "width": 270, "height": 270 }
		},
		"light_A_21_": {
			"light_A_20_": { "path": "light_A_21_", "x": 1.16, "y": -160.74, "width": 270, "height": 270 }
		},
		"light_A_22_": {
			"light_A_22_": { "x": 1.16, "y": -160.74, "width": 270, "height": 270 }
		},
		"light_A_23_": {
			"light_A_23_": { "x": 1.16, "y": -160.74, "width": 270, "height": 270 }
		},
		"light_A_24_": {
			"light_A_24_": { "x": 1.16, "y": -160.74, "width": 270, "height": 270 }
		},
		"light_A_25_": {
			"light_A_25_": { "x": 1.16, "y": -160.74, "width": 270, "height": 270 }
		},
		"light_A_26_": {
			"light_A_26_": { "x": 1.16, "y": -160.74, "width": 270, "height": 270 }
		},
		"light_A_27_": {
			"light_A_27_": { "x": 1.16, "y": -160.74, "width": 270, "height": 270 }
		},
		"light_A_28_": {
			"light_A_28_": { "x": 1.16, "y": -160.74, "width": 270, "height": 270 }
		},
		"light_A_29_": {
			"light_A_29_": { "x": 1.16, "y": -160.74, "width": 270, "height": 270 }
		},
		"light_A_30_": {
			"light_A_30_": { "x": 1.16, "y": -160.74, "width": 270, "height": 270 }
		},
		"light_B_21_": {
			"light_B_21_": { "x": 151.03, "y": -150.76, "width": 295, "height": 279 }
		},
		"light_B_23_": {
			"light_B_23_": { "x": 150.5, "y": -150.5, "width": 295, "height": 279 }
		},
		"light_B_25_": {
			"light_B_25_": { "x": 150.5, "y": -150.5, "width": 295, "height": 279 }
		},
		"light_B_27_": {
			"light_B_27_": { "x": 150.5, "y": -150.5, "width": 295, "height": 279 }
		},
		"light_B_29_": {
			"light_B_29_": { "x": 150.5, "y": -150.5, "width": 295, "height": 279 }
		},
		"light_B_31_": {
			"light_B_31_": { "x": 150.5, "y": -150.5, "width": 295, "height": 279 }
		},
		"light_B_33_": {
			"light_B_33_": { "x": 150.5, "y": -150.5, "width": 295, "height": 279 }
		},
		"light_B_35_": {
			"light_B_35_": { "x": 150.5, "y": -150.5, "width": 295, "height": 279 }
		},
		"light_B_37_": {
			"light_B_37_": { "x": 150.5, "y": -150.5, "width": 295, "height": 279 }
		},
		"light_B_39_": {
			"light_B_39_": { "x": 150.5, "y": -150.5, "width": 295, "height": 279 }
		},
		"light_B_41_": {
			"light_B_41_": { "x": 150.5, "y": -150.5, "width": 295, "height": 279 }
		},
		"light_B_43_": {
			"light_B_43_": { "x": 150.5, "y": -150.5, "width": 295, "height": 279 }
		},
		"light_B_45_": {
			"light_B_45_": { "x": 150.5, "y": -150.5, "width": 295, "height": 279 }
		},
		"light_B_47_": {
			"light_B_47_": { "x": 150.5, "y": -150.5, "width": 295, "height": 279 }
		},
		"light_B_49_": {
			"light_B_49_": { "x": 150.5, "y": -150.5, "width": 295, "height": 279 }
		},
		"light_B_51_": {
			"light_B_51_": { "x": 150.5, "y": -150.5, "width": 295, "height": 279 }
		},
		"light_B_53_": {
			"light_B_53_": { "x": 150.5, "y": -150.5, "width": 295, "height": 279 }
		},
		"light_B_55_": {
			"light_B_55_": { "x": 150.5, "y": -150.5, "width": 295, "height": 279 }
		},
		"light_B_57_": {
			"light_B_57_": { "x": 150.5, "y": -150.5, "width": 295, "height": 279 }
		},
		"light_B_59_": {
			"light_B_59_": { "x": 150.5, "y": -150.5, "width": 295, "height": 279 }
		},
		"light_c_36_": {
			"light_c_36_": { "x": -109.67, "y": 211.93, "width": 650, "height": 488 }
		},
		"shadow_A_": {
			"shadow_A_": { "color": "ffffff80", "x": -182.67, "y": 143.6, "width": 454, "height": 271 }
		},
		"藍光_20": {
			"藍光_20": { "path": "blue_light_", "x": 0.43, "y": 264.61, "width": 136, "height": 129 }
		}
	}
},
"animations": {
	"animation": {
		"slots": {
			"light_A_20_": {
				"attachment": [
					{ "time": 0, "name": null },
					{ "time": 0.6333, "name": "light_A_20_" },
					{ "time": 0.7, "name": null }
				]
			},
			"light_A_21_": {
				"attachment": [
					{ "time": 0, "name": null },
					{ "time": 0.7, "name": "light_A_20_" },
					{ "time": 0.7667, "name": null }
				]
			},
			"light_A_22_": {
				"attachment": [
					{ "time": 0, "name": null },
					{ "time": 0.7667, "name": "light_A_22_" },
					{ "time": 0.8333, "name": null }
				]
			},
			"light_A_23_": {
				"attachment": [
					{ "time": 0, "name": null },
					{ "time": 0.8333, "name": "light_A_23_" },
					{ "time": 0.9, "name": null }
				]
			},
			"light_A_24_": {
				"attachment": [
					{ "time": 0, "name": null },
					{ "time": 0.9, "name": "light_A_24_" },
					{ "time": 0.9667, "name": null }
				]
			},
			"light_A_25_": {
				"attachment": [
					{ "time": 0, "name": null },
					{ "time": 0.9667, "name": "light_A_25_" },
					{ "time": 1.0333, "name": null }
				]
			},
			"light_A_26_": {
				"attachment": [
					{ "time": 0, "name": null },
					{ "time": 1.0333, "name": "light_A_26_" },
					{ "time": 1.1, "name": null }
				]
			},
			"light_A_27_": {
				"attachment": [
					{ "time": 0, "name": null },
					{ "time": 1.1, "name": "light_A_27_" },
					{ "time": 1.1667, "name": null }
				]
			},
			"light_A_28_": {
				"attachment": [
					{ "time": 0, "name": null },
					{ "time": 1.1667, "name": "light_A_28_" },
					{ "time": 1.2333, "name": null }
				]
			},
			"light_A_29_": {
				"attachment": [
					{ "time": 0, "name": null },
					{ "time": 1.2333, "name": "light_A_29_" },
					{ "time": 1.3, "name": null }
				]
			},
			"light_A_30_": {
				"attachment": [
					{ "time": 0, "name": null }
				]
			},
			"light_B_21_": {
				"attachment": [
					{ "time": 0.0667, "name": null },
					{ "time": 1.3333, "name": "light_B_21_" },
					{ "time": 1.4, "name": null }
				]
			},
			"light_B_23_": {
				"attachment": [
					{ "time": 0, "name": null },
					{ "time": 0.0667, "name": "light_B_23_" },
					{ "time": 0.1333, "name": null },
					{ "time": 1.4, "name": "light_B_23_" },
					{ "time": 1.4667, "name": null }
				]
			},
			"light_B_25_": {
				"attachment": [
					{ "time": 0, "name": null },
					{ "time": 0.1333, "name": "light_B_25_" },
					{ "time": 0.2, "name": null },
					{ "time": 1.4667, "name": "light_B_25_" },
					{ "time": 1.5333, "name": null }
				]
			},
			"light_B_27_": {
				"attachment": [
					{ "time": 0, "name": null },
					{ "time": 0.2, "name": "light_B_27_" },
					{ "time": 0.2667, "name": null },
					{ "time": 1.5333, "name": "light_B_27_" },
					{ "time": 1.6, "name": null }
				]
			},
			"light_B_29_": {
				"attachment": [
					{ "time": 0, "name": null },
					{ "time": 0.2667, "name": "light_B_29_" },
					{ "time": 0.3333, "name": null },
					{ "time": 1.6, "name": "light_B_29_" },
					{ "time": 1.6667, "name": null }
				]
			},
			"light_B_31_": {
				"attachment": [
					{ "time": 0, "name": null },
					{ "time": 0.3333, "name": "light_B_31_" },
					{ "time": 0.4, "name": null },
					{ "time": 1.6667, "name": "light_B_31_" },
					{ "time": 1.7333, "name": null }
				]
			},
			"light_B_33_": {
				"attachment": [
					{ "time": 0, "name": null },
					{ "time": 0.4, "name": "light_B_33_" },
					{ "time": 0.4667, "name": null },
					{ "time": 1.7333, "name": "light_B_33_" },
					{ "time": 1.8, "name": null }
				]
			},
			"light_B_35_": {
				"attachment": [
					{ "time": 0, "name": null },
					{ "time": 0.4667, "name": "light_B_35_" },
					{ "time": 0.5333, "name": null },
					{ "time": 1.8, "name": "light_B_35_" },
					{ "time": 1.8667, "name": null }
				]
			},
			"light_B_37_": {
				"attachment": [
					{ "time": 0, "name": null },
					{ "time": 0.5333, "name": "light_B_37_" },
					{ "time": 0.6, "name": null },
					{ "time": 1.8667, "name": "light_B_37_" }
				]
			},
			"light_B_39_": {
				"attachment": [
					{ "time": 0, "name": null },
					{ "time": 0.6, "name": "light_B_39_" },
					{ "time": 0.6667, "name": null }
				]
			},
			"light_B_41_": {
				"attachment": [
					{ "time": 0, "name": null },
					{ "time": 0.6667, "name": "light_B_41_" },
					{ "time": 0.7333, "name": null }
				]
			},
			"light_B_43_": {
				"attachment": [
					{ "time": 0, "name": null },
					{ "time": 0.7333, "name": "light_B_43_" },
					{ "time": 0.8, "name": null }
				]
			},
			"light_B_45_": {
				"attachment": [
					{ "time": 0, "name": null },
					{ "time": 0.8, "name": "light_B_45_" },
					{ "time": 0.8667, "name": null }
				]
			},
			"light_B_47_": {
				"attachment": [
					{ "time": 0, "name": null },
					{ "time": 0.8667, "name": "light_B_47_" },
					{ "time": 0.9333, "name": null }
				]
			},
			"light_B_49_": {
				"attachment": [
					{ "time": 0, "name": null },
					{ "time": 0.9333, "name": "light_B_49_" },
					{ "time": 1, "name": null }
				]
			},
			"light_B_51_": {
				"attachment": [
					{ "time": 0, "name": null },
					{ "time": 1, "name": "light_B_51_" },
					{ "time": 1.0667, "name": null }
				]
			},
			"light_B_53_": {
				"attachment": [
					{ "time": 0, "name": null },
					{ "time": 1.0667, "name": "light_B_53_" },
					{ "time": 1.1333, "name": null }
				]
			},
			"light_B_55_": {
				"attachment": [
					{ "time": 0, "name": null },
					{ "time": 1.1333, "name": "light_B_55_" },
					{ "time": 1.2, "name": null }
				]
			},
			"light_B_57_": {
				"attachment": [
					{ "time": 0, "name": null },
					{ "time": 1.2, "name": "light_B_57_" },
					{ "time": 1.2667, "name": null }
				]
			},
			"light_B_59_": {
				"attachment": [
					{ "time": 0, "name": null },
					{ "time": 1.2667, "name": "light_B_59_" },
					{ "time": 1.3333, "name": null }
				]
			},
			"藍光_20": {
				"color": [
					{ "time": 0, "color": "ffffff00" },
					{ "time": 0.6333, "color": "ffffffda", "curve": "stepped" },
					{ "time": 1.2333, "color": "ffffffda" },
					{ "time": 1.6667, "color": "ffffff00" }
				]
			}
		},
		"bones": {
			"7": {
				"rotate": [
					{
						"time": 0,
						"angle": 0,
						"curve": [ 0.25, 0, 0.75, 1 ]
					},
					{
						"time": 1,
						"angle": -9.43,
						"curve": [ 0.25, 0, 0.75, 1 ]
					},
					{ "time": 1.9333, "angle": 0 }
				]
			},
			"6": {
				"rotate": [
					{
						"time": 0,
						"angle": 0,
						"curve": [ 0.25, 0, 0.75, 1 ]
					},
					{
						"time": 1,
						"angle": 10.23,
						"curve": [ 0.25, 0, 0.75, 1 ]
					},
					{ "time": 1.9333, "angle": 0 }
				]
			},
			"8": {
				"rotate": [
					{
						"time": 0,
						"angle": 0,
						"curve": [ 0.25, 0, 0.75, 1 ]
					},
					{
						"time": 1,
						"angle": 8.96,
						"curve": [ 0.25, 0, 0.75, 1 ]
					},
					{ "time": 1.9333, "angle": 0 }
				]
			},
			"9": {
				"rotate": [
					{
						"time": 0,
						"angle": 0,
						"curve": [ 0.25, 0, 0.75, 1 ]
					},
					{
						"time": 1,
						"angle": -16.76,
						"curve": [ 0.25, 0, 0.75, 1 ]
					},
					{ "time": 1.9333, "angle": 0 }
				]
			}
		}
	}
}
}