{
"skeleton": { "hash": "82JFwLIWHVlHOfIwHRTG4v5yJys", "spine": "2.1.27", "width": 345, "height": 313 },
"bones": [
	{ "name": "root" },
	{ "name": "bone-bj", "parent": "root", "length": 84.96, "rotation": 360 },
	{ "name": "bone-gj", "parent": "root", "length": 31.62, "rotation": 90 }
],
"slots": [
	{ "name": "cc03_", "bone": "bone-bj", "attachment": "cc03_" },
	{ "name": "cc02_", "bone": "bone-bj", "attachment": "cc02_" },
	{ "name": "cc01_", "bone": "bone-bj", "attachment": "cc01_" },
	{ "name": "longgongji_039_02_", "bone": "bone-gj" },
	{ "name": "longgongji_039_01_", "bone": "bone-gj" },
	{ "name": "longgongji_038_04_", "bone": "bone-gj" },
	{ "name": "longgongji_038_03_", "bone": "bone-gj" },
	{ "name": "longgongji_038_02_", "bone": "bone-gj" },
	{ "name": "longgongji_038_01_", "bone": "bone-gj" },
	{ "name": "longgongji_037_04_", "bone": "bone-gj" },
	{ "name": "longgongji_037_03_", "bone": "bone-gj" },
	{ "name": "longgongji_037_02_", "bone": "bone-gj" },
	{ "name": "longgongji_037_01_", "bone": "bone-gj" },
	{ "name": "longgongji_036_05_", "bone": "bone-gj" },
	{ "name": "longgongji_036_04_", "bone": "bone-gj" },
	{ "name": "longgongji_036_03_", "bone": "bone-gj" },
	{ "name": "longgongji_036_02_", "bone": "bone-gj" },
	{ "name": "longgongji_036_01_", "bone": "bone-gj" },
	{ "name": "longgongji_035_05_", "bone": "bone-gj" },
	{ "name": "longgongji_035_04_", "bone": "bone-gj" },
	{ "name": "longgongji_035_03_", "bone": "bone-gj" },
	{ "name": "longgongji_035_02_", "bone": "bone-gj" },
	{ "name": "longgongji_035_01_", "bone": "bone-gj" },
	{ "name": "longgongji_034_03_", "bone": "bone-gj" },
	{ "name": "longgongji_034_02_", "bone": "bone-gj" },
	{ "name": "longgongji_034_01_", "bone": "bone-gj" },
	{ "name": "longgongji_033_04_", "bone": "bone-gj" },
	{ "name": "longgongji_033_03_", "bone": "bone-gj" },
	{ "name": "longgongji_033_02_", "bone": "bone-gj" },
	{ "name": "longgongji_033_01_", "bone": "bone-gj" },
	{ "name": "longgongji_032_04_", "bone": "bone-gj" },
	{ "name": "longgongji_032_03_", "bone": "bone-gj" },
	{ "name": "longgongji_032_02_", "bone": "bone-gj" },
	{ "name": "longgongji_032_01_", "bone": "bone-gj" },
	{ "name": "longgongji_31_04_", "bone": "bone-gj" },
	{ "name": "longgongji_31_03_", "bone": "bone-gj" },
	{ "name": "longgongji_31_02_", "bone": "bone-gj" },
	{ "name": "longgongji_31_01_", "bone": "bone-gj" },
	{ "name": "longgongji_30_03_", "bone": "bone-gj" },
	{ "name": "longgongji_30_02_", "bone": "bone-gj" },
	{ "name": "longgongji_30_01_", "bone": "bone-gj" },
	{ "name": "longgongji_029_02_", "bone": "bone-gj" },
	{ "name": "longgongji_029_01_", "bone": "bone-gj" },
	{ "name": "longgongji_028_02_", "bone": "bone-gj" },
	{ "name": "longgongji_028_01_", "bone": "bone-gj" },
	{ "name": "longgongji_027_03_", "bone": "bone-gj" },
	{ "name": "longgongji_027_02_", "bone": "bone-gj" },
	{ "name": "longgongji_027_01_", "bone": "bone-gj" },
	{ "name": "longgongji_026", "bone": "bone-gj" },
	{ "name": "longgongji_025_02_", "bone": "bone-gj" },
	{ "name": "longgongji_025_01_", "bone": "bone-gj" },
	{ "name": "longgongji_024_02_", "bone": "bone-gj" },
	{ "name": "longgongji_024_01_", "bone": "bone-gj" },
	{ "name": "longgongji_023_02_", "bone": "bone-gj" },
	{ "name": "longgongji_023_01_", "bone": "bone-gj" },
	{ "name": "longgongji_022_03_", "bone": "bone-gj" },
	{ "name": "longgongji_022_02_", "bone": "bone-gj" },
	{ "name": "longgongji_022_01_", "bone": "bone-gj" },
	{ "name": "longgongji_021_03_", "bone": "bone-gj" },
	{ "name": "longgongji_021_02_", "bone": "bone-gj" },
	{ "name": "longgongji_021_01_", "bone": "bone-gj" },
	{ "name": "longgongji_020_03_", "bone": "bone-gj" },
	{ "name": "longgongji_020_02_", "bone": "bone-gj" },
	{ "name": "longgongji_020_01_", "bone": "bone-gj" },
	{ "name": "longgongji_019_03_", "bone": "bone-gj" },
	{ "name": "longgongji_019_02_", "bone": "bone-gj" },
	{ "name": "longgongji_019_01_", "bone": "bone-gj" },
	{ "name": "longgongji_018_03_", "bone": "bone-gj" },
	{ "name": "longgongji_018_02_", "bone": "bone-gj" },
	{ "name": "longgongji_018_01_", "bone": "bone-gj" },
	{ "name": "longgongji_017_03_", "bone": "bone-gj" },
	{ "name": "longgongji_017_02_", "bone": "bone-gj" },
	{ "name": "longgongji_017_01_", "bone": "bone-gj" },
	{ "name": "longgongji_016_04_", "bone": "bone-gj" },
	{ "name": "longgongji_016_03_", "bone": "bone-gj" },
	{ "name": "longgongji_016_02_", "bone": "bone-gj" },
	{ "name": "longgongji_016_01_", "bone": "bone-gj" },
	{ "name": "longgongji_015_04_", "bone": "bone-gj" },
	{ "name": "longgongji_015_03_", "bone": "bone-gj" },
	{ "name": "longgongji_015_02_", "bone": "bone-gj" },
	{ "name": "longgongji_015_01_", "bone": "bone-gj" },
	{ "name": "longgongji_014_03_", "bone": "bone-gj" },
	{ "name": "longgongji_014_02_", "bone": "bone-gj" },
	{ "name": "longgongji_014_01_", "bone": "bone-gj" },
	{ "name": "longgongji_013_03_", "bone": "bone-gj" },
	{ "name": "longgongji_013_02_", "bone": "bone-gj" },
	{ "name": "longgongji_013_01_", "bone": "bone-gj" },
	{ "name": "longgongji_012_04_", "bone": "bone-gj" },
	{ "name": "longgongji_012_03_", "bone": "bone-gj" },
	{ "name": "longgongji_012_02_", "bone": "bone-gj" },
	{ "name": "longgongji_012_01_", "bone": "bone-gj" },
	{ "name": "longgongji_011_03_", "bone": "bone-gj" },
	{ "name": "longgongji_011_02_", "bone": "bone-gj" },
	{ "name": "longgongji_011_01_", "bone": "bone-gj" },
	{ "name": "longgongji_010_04_", "bone": "bone-gj" },
	{ "name": "longgongji_010_03_", "bone": "bone-gj" },
	{ "name": "longgongji_010_02_", "bone": "bone-gj" },
	{ "name": "longgongji_010_01_", "bone": "bone-gj" },
	{ "name": "longgongji_009_03_", "bone": "bone-gj" },
	{ "name": "longgongji_009_02_", "bone": "bone-gj" },
	{ "name": "longgongji_009_01_", "bone": "bone-gj" },
	{ "name": "longgongji_008_02_", "bone": "bone-gj" },
	{ "name": "longgongji_008_01_", "bone": "bone-gj" },
	{ "name": "longgongji_007_02_", "bone": "bone-gj" },
	{ "name": "longgongji_007_01_", "bone": "bone-gj" },
	{ "name": "longgongji_006_03_", "bone": "bone-gj" },
	{ "name": "longgongji_006_02_", "bone": "bone-gj" },
	{ "name": "longgongji_006_01_", "bone": "bone-gj" },
	{ "name": "longgongji_005_02_", "bone": "bone-gj" },
	{ "name": "longgongji_005_01_", "bone": "bone-gj" },
	{ "name": "longgongji_004_03_", "bone": "bone-gj" },
	{ "name": "longgongji_004_02_", "bone": "bone-gj" },
	{ "name": "longgongji_004_01_", "bone": "bone-gj" },
	{ "name": "longgongji_003_03_", "bone": "bone-gj" },
	{ "name": "longgongji_003_02_", "bone": "bone-gj" },
	{ "name": "longgongji_003_01_", "bone": "bone-gj" },
	{ "name": "longgongji_002_02_", "bone": "bone-gj" },
	{ "name": "longgongji_002_01_", "bone": "bone-gj" },
	{ "name": "longgongji_001_03_", "bone": "bone-gj" },
	{ "name": "longgongji_001_02_", "bone": "bone-gj" },
	{ "name": "longgongji_001_01_", "bone": "bone-gj" },
	{ "name": "longgongji_000_04_", "bone": "bone-gj", "attachment": "longgongji_000_04_" },
	{ "name": "longgongji_000_03_", "bone": "bone-gj", "attachment": "longgongji_000_03_" },
	{ "name": "longgongji_000_02_", "bone": "bone-gj", "attachment": "longgongji_000_02_" },
	{ "name": "longgongji_000_01_", "bone": "bone-gj", "attachment": "longgongji_000_01_" }
],
"skins": {
	"default": {
		"cc01_": {
			"cc01_": { "x": 38.66, "y": 246.79, "width": 82, "height": 55 }
		},
		"cc02_": {
			"cc02_": { "x": -81.83, "y": 90.79, "width": 127, "height": 209 }
		},
		"cc03_": {
			"cc03_": { "x": 87.16, "y": 112.29, "width": 211, "height": 222 }
		},
		"longgongji_000_01_": {
			"longgongji_000_01_": { "x": 189.29, "y": -15.66, "rotation": -90, "width": 150, "height": 122 }
		},
		"longgongji_000_02_": {
			"longgongji_000_02_": { "x": 107.29, "y": 18.33, "rotation": -90, "width": 62, "height": 42 }
		},
		"longgongji_000_03_": {
			"longgongji_000_03_": { "x": -6.7, "y": 98.33, "rotation": -90, "width": 108, "height": 64 }
		},
		"longgongji_000_04_": {
			"longgongji_000_04_": { "x": 71.79, "y": 70.83, "rotation": -90, "width": 137, "height": 99 }
		},
		"longgongji_001_01_": {
			"longgongji_001_01_": { "x": 192.29, "y": -62.16, "rotation": -90, "width": 91, "height": 110 }
		},
		"longgongji_001_02_": {
			"longgongji_001_02_": { "x": 43.79, "y": 65.33, "rotation": -90, "width": 158, "height": 101 }
		},
		"longgongji_001_03_": {
			"longgongji_001_03_": { "x": 171.29, "y": 22.33, "rotation": -90, "width": 90, "height": 160 }
		},
		"longgongji_002_01_": {
			"longgongji_002_01_": { "x": 58.29, "y": 63.83, "rotation": -90, "width": 145, "height": 86 }
		},
		"longgongji_002_02_": {
			"longgongji_002_02_": { "x": 169.29, "y": -29.66, "rotation": -90, "width": 170, "height": 156 }
		},
		"longgongji_003_01_": {
			"longgongji_003_01_": { "x": 63.79, "y": 54.33, "rotation": -90, "width": 134, "height": 97 }
		},
		"longgongji_003_02_": {
			"longgongji_003_02_": { "x": 66.79, "y": -77.16, "rotation": -90, "width": 79, "height": 91 }
		},
		"longgongji_003_03_": {
			"longgongji_003_03_": { "x": 174.29, "y": -28.16, "rotation": -90, "width": 187, "height": 148 }
		},
		"longgongji_004_01_": {
			"longgongji_004_01_": { "x": 8.79, "y": 44.83, "rotation": -90, "width": 155, "height": 207 }
		},
		"longgongji_004_02_": {
			"longgongji_004_02_": { "x": 45.79, "y": -80.66, "rotation": -90, "width": 96, "height": 129 }
		},
		"longgongji_004_03_": {
			"longgongji_004_03_": { "x": 184.79, "y": -37.66, "rotation": -90, "width": 190, "height": 149 }
		},
		"longgongji_005_01_": {
			"longgongji_005_01_": { "x": 18.79, "y": -7.16, "rotation": -90, "width": 257, "height": 189 }
		},
		"longgongji_005_02_": {
			"longgongji_005_02_": { "x": 194.29, "y": -39.16, "rotation": -90, "width": 193, "height": 162 }
		},
		"longgongji_006_01_": {
			"longgongji_006_01_": { "x": -31.2, "y": -27.16, "rotation": -90, "width": 197, "height": 129 }
		},
		"longgongji_006_02_": {
			"longgongji_006_02_": { "x": 60.79, "y": 64.33, "rotation": -90, "width": 84, "height": 55 }
		},
		"longgongji_006_03_": {
			"longgongji_006_03_": { "x": 144.79, "y": -43.16, "rotation": -90, "width": 183, "height": 235 }
		},
		"longgongji_007_01_": {
			"longgongji_007_01_": { "x": -9.7, "y": -37.16, "rotation": -90, "width": 197, "height": 206 }
		},
		"longgongji_007_02_": {
			"longgongji_007_02_": { "x": 177.79, "y": -48.66, "rotation": -90, "width": 152, "height": 169 }
		},
		"longgongji_008_01_": {
			"longgongji_008_01_": { "x": -50.7, "y": -38.16, "rotation": -90, "width": 191, "height": 126 }
		},
		"longgongji_008_02_": {
			"longgongji_008_02_": { "x": 135.79, "y": -53.16, "rotation": -90, "width": 163, "height": 247 }
		},
		"longgongji_009_01_": {
			"longgongji_009_01_": { "x": -153.2, "y": -97.66, "rotation": -90, "width": 72, "height": 99 }
		},
		"longgongji_009_02_": {
			"longgongji_009_02_": { "x": -56.2, "y": -26.66, "rotation": -90, "width": 212, "height": 121 }
		},
		"longgongji_009_03_": {
			"longgongji_009_03_": { "x": 132.29, "y": -53.16, "rotation": -90, "width": 163, "height": 256 }
		},
		"longgongji_010_01_": {
			"longgongji_010_01_": { "x": 167.79, "y": -46.66, "rotation": -90, "width": 140, "height": 139 }
		},
		"longgongji_010_02_": {
			"longgongji_010_02_": { "x": 45.79, "y": -74.66, "rotation": -90, "width": 126, "height": 105 }
		},
		"longgongji_010_03_": {
			"longgongji_010_03_": { "x": -170.7, "y": -66.16, "rotation": -90, "width": 115, "height": 90 }
		},
		"longgongji_010_04_": {
			"longgongji_010_04_": { "x": -47.7, "y": -11.16, "rotation": -90, "width": 249, "height": 156 }
		},
		"longgongji_011_01_": {
			"longgongji_011_01_": { "x": 122.29, "y": -74.66, "rotation": -90, "width": 108, "height": 226 }
		},
		"longgongji_011_02_": {
			"longgongji_011_02_": { "x": -166.7, "y": -41.16, "rotation": -90, "width": 161, "height": 112 }
		},
		"longgongji_011_03_": {
			"longgongji_011_03_": { "x": -22.2, "y": 9.83, "rotation": -90, "width": 277, "height": 177 }
		},
		"longgongji_012_01_": {
			"longgongji_012_01_": { "x": -176.2, "y": -34.66, "rotation": -90, "width": 180, "height": 141 }
		},
		"longgongji_012_02_": {
			"longgongji_012_02_": { "x": 94.29, "y": -86.16, "rotation": -90, "width": 101, "height": 216 }
		},
		"longgongji_012_03_": {
			"longgongji_012_03_": { "x": 52.29, "y": 91.33, "rotation": -90, "width": 154, "height": 124 }
		},
		"longgongji_012_04_": {
			"longgongji_012_04_": { "x": -53.7, "y": 2.33, "rotation": -90, "width": 254, "height": 104 }
		},
		"longgongji_013_01_": {
			"longgongji_013_01_": { "x": 78.79, "y": -91.16, "rotation": -90, "width": 77, "height": 175 }
		},
		"longgongji_013_02_": {
			"longgongji_013_02_": { "x": -113.7, "y": -22.66, "rotation": -90, "width": 218, "height": 230 }
		},
		"longgongji_013_03_": {
			"longgongji_013_03_": { "x": 41.29, "y": 102.33, "rotation": -90, "width": 146, "height": 222 }
		},
		"longgongji_014_01_": {
			"longgongji_014_01_": { "x": 58.79, "y": -90.66, "rotation": -90, "width": 62, "height": 153 }
		},
		"longgongji_014_02_": {
			"longgongji_014_02_": { "x": -113.7, "y": -0.16, "rotation": -90, "width": 237, "height": 206 }
		},
		"longgongji_014_03_": {
			"longgongji_014_03_": { "x": 78.29, "y": 77.83, "rotation": -90, "width": 181, "height": 208 }
		},
		"longgongji_015_01_": {
			"longgongji_015_01_": { "x": 28.79, "y": -88.66, "rotation": -90, "width": 76, "height": 113 }
		},
		"longgongji_015_02_": {
			"longgongji_015_02_": { "x": -123.7, "y": 11.83, "rotation": -90, "width": 269, "height": 204 }
		},
		"longgongji_015_03_": {
			"longgongji_015_03_": { "x": 162.29, "y": 103.33, "rotation": -90, "width": 116, "height": 140 }
		},
		"longgongji_015_04_": {
			"longgongji_015_04_": { "x": 37.79, "y": 73.33, "rotation": -90, "width": 218, "height": 119 }
		},
		"longgongji_016_01_": {
			"longgongji_016_01_": { "x": 11.29, "y": -90.16, "rotation": -90, "width": 57, "height": 86 }
		},
		"longgongji_016_02_": {
			"longgongji_016_02_": { "x": -128.2, "y": 4.33, "rotation": -90, "width": 240, "height": 201 }
		},
		"longgongji_016_03_": {
			"longgongji_016_03_": { "x": 176.29, "y": 103.83, "rotation": -90, "width": 133, "height": 176 }
		},
		"longgongji_016_04_": {
			"longgongji_016_04_": { "x": 30.29, "y": 68.83, "rotation": -90, "width": 197, "height": 116 }
		},
		"longgongji_017_01_": {
			"longgongji_017_01_": { "x": -97.2, "y": 17.83, "rotation": -90, "width": 251, "height": 223 }
		},
		"longgongji_017_02_": {
			"longgongji_017_02_": { "x": 75.79, "y": 103.33, "rotation": -90, "width": 138, "height": 133 }
		},
		"longgongji_017_03_": {
			"longgongji_017_03_": { "x": 214.29, "y": 104.83, "rotation": -90, "width": 131, "height": 144 }
		},
		"longgongji_018_01_": {
			"longgongji_018_01_": { "x": -105.2, "y": 21.33, "rotation": -90, "width": 218, "height": 191 }
		},
		"longgongji_018_02_": {
			"longgongji_018_02_": { "x": 59.29, "y": 93.33, "rotation": -90, "width": 156, "height": 138 }
		},
		"longgongji_018_03_": {
			"longgongji_018_03_": { "x": 214.79, "y": 104.83, "rotation": -90, "width": 129, "height": 173 }
		},
		"longgongji_019_01_": {
			"longgongji_019_01_": { "x": -105.2, "y": 50.33, "rotation": -90, "width": 190, "height": 231 }
		},
		"longgongji_019_02_": {
			"longgongji_019_02_": { "x": 266.29, "y": 83.33, "rotation": -90, "width": 166, "height": 102 }
		},
		"longgongji_019_03_": {
			"longgongji_019_03_": { "x": 112.79, "y": 101.83, "rotation": -90, "width": 137, "height": 205 }
		},
		"longgongji_020_01_": {
			"longgongji_020_01_": { "x": 279.29, "y": 49.33, "rotation": -90, "width": 188, "height": 92 }
		},
		"longgongji_020_02_": {
			"longgongji_020_02_": { "x": 139.79, "y": 99.83, "rotation": -90, "width": 115, "height": 199 }
		},
		"longgongji_020_03_": {
			"longgongji_020_03_": { "x": -64.2, "y": 68.83, "rotation": -90, "width": 157, "height": 209 }
		},
		"longgongji_021_01_": {
			"longgongji_021_01_": { "x": 279.29, "y": -7.66, "rotation": -90, "width": 156, "height": 100 }
		},
		"longgongji_021_02_": {
			"longgongji_021_02_": { "x": -17.2, "y": 79.33, "rotation": -90, "width": 118, "height": 265 }
		},
		"longgongji_021_03_": {
			"longgongji_021_03_": { "x": 218.79, "y": 113.33, "rotation": -90, "width": 126, "height": 207 }
		},
		"longgongji_022_01_": {
			"longgongji_022_01_": { "x": 256.29, "y": -45.66, "rotation": -90, "width": 152, "height": 154 }
		},
		"longgongji_022_02_": {
			"longgongji_022_02_": { "x": 220.79, "y": 95.83, "rotation": -90, "width": 149, "height": 235 }
		},
		"longgongji_022_03_": {
			"longgongji_022_03_": { "x": -3.2, "y": 98.83, "rotation": -90, "width": 105, "height": 213 }
		},
		"longgongji_023_01_": {
			"longgongji_023_01_": { "x": 40.79, "y": 61.33, "rotation": -90, "width": 130, "height": 219 }
		},
		"longgongji_023_02_": {
			"longgongji_023_02_": { "x": 240.79, "y": 9.33, "rotation": -90, "width": 310, "height": 181 }
		},
		"longgongji_024_01_": {
			"longgongji_024_01_": { "x": 69.79, "y": 78.33, "rotation": -90, "width": 136, "height": 167 }
		},
		"longgongji_024_02_": {
			"longgongji_024_02_": { "x": 224.29, "y": 2.83, "rotation": -90, "width": 331, "height": 210 }
		},
		"longgongji_025_01_": {
			"longgongji_025_01_": { "x": 55.29, "y": 100.83, "rotation": -90, "width": 67, "height": 114 }
		},
		"longgongji_025_02_": {
			"longgongji_025_02_": { "x": 209.79, "y": -6.66, "rotation": -90, "width": 322, "height": 243 }
		},
		"longgongji_026": {
			"longgongji_026_": { "x": 193.29, "y": -22.16, "rotation": -90, "width": 309, "height": 314 }
		},
		"longgongji_027_01_": {
			"longgongji_027_01_": { "x": 118.29, "y": 74.33, "rotation": -90, "width": 100, "height": 108 }
		},
		"longgongji_027_02_": {
			"longgongji_027_02_": { "x": 94.79, "y": -104.16, "rotation": -90, "width": 137, "height": 151 }
		},
		"longgongji_027_03_": {
			"longgongji_027_03_": { "x": 243.79, "y": -21.16, "rotation": -90, "width": 311, "height": 171 }
		},
		"longgongji_028_01_": {
			"longgongji_028_01_": { "x": 52.29, "y": -110.66, "rotation": -90, "width": 124, "height": 128 }
		},
		"longgongji_028_02_": {
			"longgongji_028_02_": { "x": 217.29, "y": -22.66, "rotation": -90, "width": 304, "height": 218 }
		},
		"longgongji_029_01_": {
			"longgongji_029_01_": { "x": 17.29, "y": -98.16, "rotation": -90, "width": 163, "height": 144 }
		},
		"longgongji_029_02_": {
			"longgongji_029_02_": { "x": 205.79, "y": -31.16, "rotation": -90, "width": 297, "height": 233 }
		},
		"longgongji_032_01_": {
			"longgongji_032_01_": { "x": 210.79, "y": -95.16, "rotation": -90, "width": 141, "height": 187 }
		},
		"longgongji_032_02_": {
			"longgongji_032_02_": { "x": 73.79, "y": -105.16, "rotation": -90, "width": 117, "height": 87 }
		},
		"longgongji_032_03_": {
			"longgongji_032_03_": { "x": -109.7, "y": -92.66, "rotation": -90, "width": 104, "height": 74 }
		},
		"longgongji_032_04_": {
			"longgongji_032_04_": { "x": -28.7, "y": -20.16, "rotation": -90, "width": 275, "height": 130 }
		},
		"longgongji_033_01_": {
			"longgongji_033_01_": { "x": 236.79, "y": -95.16, "rotation": -90, "width": 117, "height": 113 }
		},
		"longgongji_033_02_": {
			"longgongji_033_02_": { "x": 108.29, "y": -114.66, "rotation": -90, "width": 114, "height": 144 }
		},
		"longgongji_033_03_": {
			"longgongji_033_03_": { "x": -150.2, "y": -76.16, "rotation": -90, "width": 137, "height": 139 }
		},
		"longgongji_033_04_": {
			"longgongji_033_04_": { "x": -22.7, "y": -11.16, "rotation": -90, "width": 299, "height": 140 }
		},
		"longgongji_034_01_": {
			"longgongji_034_01_": { "x": 168.79, "y": -112.66, "rotation": -90, "width": 104, "height": 223 }
		},
		"longgongji_034_02_": {
			"longgongji_034_02_": { "x": -159.7, "y": -41.16, "rotation": -90, "width": 165, "height": 138 }
		},
		"longgongji_034_03_": {
			"longgongji_034_03_": { "x": -3.7, "y": 6.83, "rotation": -90, "width": 331, "height": 204 }
		},
		"longgongji_035_01_": {
			"longgongji_035_01_": { "x": 135.79, "y": -113.66, "rotation": -90, "width": 82, "height": 173 }
		},
		"longgongji_035_02_": {
			"longgongji_035_02_": { "x": -150.7, "y": -2.16, "rotation": -90, "width": 157, "height": 110 }
		},
		"longgongji_035_03_": {
			"longgongji_035_03_": { "x": 54.79, "y": 90.83, "rotation": -90, "width": 115, "height": 85 }
		},
		"longgongji_035_04_": {
			"longgongji_035_04_": { "x": -18.7, "y": -81.66, "rotation": -90, "width": 146, "height": 154 }
		},
		"longgongji_035_05_": {
			"longgongji_035_05_": { "x": -36.7, "y": 70.33, "rotation": -90, "width": 158, "height": 118 }
		},
		"longgongji_036_01_": {
			"longgongji_036_01_": { "x": -148.7, "y": -12.66, "rotation": -90, "width": 218, "height": 84 }
		},
		"longgongji_036_02_": {
			"longgongji_036_02_": { "x": 69.29, "y": 75.33, "rotation": -90, "width": 148, "height": 104 }
		},
		"longgongji_036_03_": {
			"longgongji_036_03_": { "x": 116.79, "y": -116.66, "rotation": -90, "width": 94, "height": 137 }
		},
		"longgongji_036_04_": {
			"longgongji_036_04_": { "x": -24.7, "y": -84.66, "rotation": -90, "width": 126, "height": 160 }
		},
		"longgongji_036_05_": {
			"longgongji_036_05_": { "x": -39.7, "y": 70.33, "rotation": -90, "width": 184, "height": 134 }
		},
		"longgongji_037_01_": {
			"longgongji_037_01_": { "x": 110.29, "y": 27.83, "rotation": -90, "width": 87, "height": 88 }
		},
		"longgongji_037_02_": {
			"longgongji_037_02_": { "x": 20.79, "y": -102.16, "rotation": -90, "width": 97, "height": 247 }
		},
		"longgongji_037_03_": {
			"longgongji_037_03_": { "x": 64.29, "y": 84.83, "rotation": -90, "width": 133, "height": 88 }
		},
		"longgongji_037_04_": {
			"longgongji_037_04_": { "x": -72.2, "y": 46.33, "rotation": -90, "width": 216, "height": 211 }
		},
		"longgongji_038_01_": {
			"longgongji_038_01_": { "x": 153.79, "y": 25.83, "rotation": -90, "width": 93, "height": 107 }
		},
		"longgongji_038_02_": {
			"longgongji_038_02_": { "x": -19.7, "y": -77.66, "rotation": -90, "width": 132, "height": 206 }
		},
		"longgongji_038_03_": {
			"longgongji_038_03_": { "x": 60.79, "y": 71.83, "rotation": -90, "width": 163, "height": 95 }
		},
		"longgongji_038_04_": {
			"longgongji_038_04_": { "x": -85.2, "y": 67.33, "rotation": -90, "width": 174, "height": 197 }
		},
		"longgongji_039_01_": {
			"longgongji_039_01_": { "x": 175.29, "y": 7.83, "rotation": -90, "width": 115, "height": 152 }
		},
		"longgongji_039_02_": {
			"longgongji_039_02_": { "x": 84.29, "y": 65.83, "rotation": -90, "width": 237, "height": 338 }
		},
		"longgongji_30_01_": {
			"longgongji_30_01_": { "x": -1.7, "y": -77.66, "rotation": -90, "width": 180, "height": 204 }
		},
		"longgongji_30_02_": {
			"longgongji_30_02_": { "x": 239.79, "y": 22.83, "rotation": -90, "width": 131, "height": 153 }
		},
		"longgongji_30_03_": {
			"longgongji_30_03_": { "x": 206.29, "y": -108.66, "rotation": -90, "width": 134, "height": 212 }
		},
		"longgongji_31_01_": {
			"longgongji_31_01_": { "x": 234.29, "y": -78.16, "rotation": -90, "width": 167, "height": 160 }
		},
		"longgongji_31_02_": {
			"longgongji_31_02_": { "x": 97.79, "y": -106.66, "rotation": -90, "width": 128, "height": 125 }
		},
		"longgongji_31_03_": {
			"longgongji_31_03_": { "x": -34.7, "y": 17.83, "rotation": -90, "width": 121, "height": 110 }
		},
		"longgongji_31_04_": {
			"longgongji_31_04_": { "x": -30.7, "y": -93.66, "rotation": -90, "width": 138, "height": 150 }
		}
	}
},
"animations": {
	"gj": {
		"slots": {
			"longgongji_026": {
				"attachment": [
					{ "time": 2.6, "name": "longgongji_026_" },
					{ "time": 2.7, "name": null }
				]
			},
			"longgongji_000_01_": {
				"attachment": [
					{ "time": 0, "name": "longgongji_000_01_" },
					{ "time": 0.1, "name": null },
					{ "time": 4, "name": "longgongji_000_01_" }
				]
			},
			"longgongji_000_02_": {
				"attachment": [
					{ "time": 0, "name": "longgongji_000_02_" },
					{ "time": 0.1, "name": null },
					{ "time": 4, "name": "longgongji_000_02_" }
				]
			},
			"longgongji_000_03_": {
				"attachment": [
					{ "time": 0, "name": "longgongji_000_03_" },
					{ "time": 0.1, "name": null },
					{ "time": 4, "name": "longgongji_000_03_" }
				]
			},
			"longgongji_000_04_": {
				"attachment": [
					{ "time": 0, "name": "longgongji_000_04_" },
					{ "time": 0.1, "name": null },
					{ "time": 4, "name": "longgongji_000_04_" }
				]
			},
			"longgongji_001_01_": {
				"attachment": [
					{ "time": 0.1, "name": "longgongji_001_01_" },
					{ "time": 0.2, "name": null }
				]
			},
			"longgongji_001_02_": {
				"attachment": [
					{ "time": 0.1, "name": "longgongji_001_02_" },
					{ "time": 0.2, "name": null }
				]
			},
			"longgongji_001_03_": {
				"attachment": [
					{ "time": 0.1, "name": "longgongji_001_03_" },
					{ "time": 0.2, "name": null }
				]
			},
			"longgongji_002_01_": {
				"attachment": [
					{ "time": 0.2, "name": "longgongji_002_01_" },
					{ "time": 0.3, "name": null }
				]
			},
			"longgongji_002_02_": {
				"attachment": [
					{ "time": 0.2, "name": "longgongji_002_02_" },
					{ "time": 0.3, "name": null }
				]
			},
			"longgongji_003_01_": {
				"attachment": [
					{ "time": 0.3, "name": "longgongji_003_01_" },
					{ "time": 0.4, "name": null }
				]
			},
			"longgongji_003_02_": {
				"attachment": [
					{ "time": 0.3, "name": "longgongji_003_02_" },
					{ "time": 0.4, "name": null }
				]
			},
			"longgongji_003_03_": {
				"attachment": [
					{ "time": 0.3, "name": "longgongji_003_03_" },
					{ "time": 0.4, "name": null }
				]
			},
			"longgongji_004_01_": {
				"attachment": [
					{ "time": 0.4, "name": "longgongji_004_01_" },
					{ "time": 0.5, "name": null }
				]
			},
			"longgongji_004_02_": {
				"attachment": [
					{ "time": 0.4, "name": "longgongji_004_02_" },
					{ "time": 0.5, "name": null }
				]
			},
			"longgongji_004_03_": {
				"attachment": [
					{ "time": 0.4, "name": "longgongji_004_03_" },
					{ "time": 0.5, "name": null }
				]
			},
			"longgongji_005_01_": {
				"attachment": [
					{ "time": 0.5, "name": "longgongji_005_01_" },
					{ "time": 0.6, "name": null }
				]
			},
			"longgongji_005_02_": {
				"attachment": [
					{ "time": 0.5, "name": "longgongji_005_02_" },
					{ "time": 0.6, "name": null }
				]
			},
			"longgongji_006_01_": {
				"attachment": [
					{ "time": 0.6, "name": "longgongji_006_01_" },
					{ "time": 0.7, "name": null }
				]
			},
			"longgongji_006_02_": {
				"attachment": [
					{ "time": 0.6, "name": "longgongji_006_02_" },
					{ "time": 0.7, "name": null }
				]
			},
			"longgongji_006_03_": {
				"attachment": [
					{ "time": 0.6, "name": "longgongji_006_03_" },
					{ "time": 0.7, "name": null }
				]
			},
			"longgongji_007_01_": {
				"attachment": [
					{ "time": 0.7, "name": "longgongji_007_01_" },
					{ "time": 0.8, "name": null }
				]
			},
			"longgongji_007_02_": {
				"attachment": [
					{ "time": 0.7, "name": "longgongji_007_02_" },
					{ "time": 0.8, "name": null }
				]
			},
			"longgongji_008_01_": {
				"attachment": [
					{ "time": 0.8, "name": "longgongji_008_01_" },
					{ "time": 0.9, "name": null }
				]
			},
			"longgongji_008_02_": {
				"attachment": [
					{ "time": 0.8, "name": "longgongji_008_02_" },
					{ "time": 0.9, "name": null }
				]
			},
			"longgongji_009_01_": {
				"attachment": [
					{ "time": 0.9, "name": "longgongji_009_01_" },
					{ "time": 1, "name": null }
				]
			},
			"longgongji_009_02_": {
				"attachment": [
					{ "time": 0.9, "name": "longgongji_009_02_" },
					{ "time": 1, "name": null }
				]
			},
			"longgongji_009_03_": {
				"attachment": [
					{ "time": 0.9, "name": "longgongji_009_03_" },
					{ "time": 1, "name": null }
				]
			},
			"longgongji_010_01_": {
				"attachment": [
					{ "time": 1, "name": "longgongji_010_01_" },
					{ "time": 1.1, "name": null }
				]
			},
			"longgongji_010_02_": {
				"attachment": [
					{ "time": 1, "name": "longgongji_010_02_" },
					{ "time": 1.1, "name": null }
				]
			},
			"longgongji_010_03_": {
				"attachment": [
					{ "time": 1, "name": "longgongji_010_03_" },
					{ "time": 1.1, "name": null }
				]
			},
			"longgongji_010_04_": {
				"attachment": [
					{ "time": 1, "name": "longgongji_010_04_" },
					{ "time": 1.1, "name": null }
				]
			},
			"longgongji_011_01_": {
				"attachment": [
					{ "time": 1.1, "name": "longgongji_011_01_" },
					{ "time": 1.2, "name": null }
				]
			},
			"longgongji_011_02_": {
				"attachment": [
					{ "time": 1.1, "name": "longgongji_011_02_" },
					{ "time": 1.2, "name": null }
				]
			},
			"longgongji_011_03_": {
				"attachment": [
					{ "time": 1.1, "name": "longgongji_011_03_" },
					{ "time": 1.2, "name": null }
				]
			},
			"longgongji_012_01_": {
				"attachment": [
					{ "time": 1.2, "name": "longgongji_012_01_" },
					{ "time": 1.3, "name": null }
				]
			},
			"longgongji_012_02_": {
				"attachment": [
					{ "time": 1.2, "name": "longgongji_012_02_" },
					{ "time": 1.3, "name": null }
				]
			},
			"longgongji_012_03_": {
				"attachment": [
					{ "time": 1.2, "name": "longgongji_012_03_" },
					{ "time": 1.3, "name": null }
				]
			},
			"longgongji_012_04_": {
				"attachment": [
					{ "time": 1.2, "name": "longgongji_012_04_" },
					{ "time": 1.3, "name": null }
				]
			},
			"longgongji_013_01_": {
				"attachment": [
					{ "time": 1.3, "name": "longgongji_013_01_" },
					{ "time": 1.4, "name": null }
				]
			},
			"longgongji_013_02_": {
				"attachment": [
					{ "time": 1.3, "name": "longgongji_013_02_" },
					{ "time": 1.4, "name": null }
				]
			},
			"longgongji_013_03_": {
				"attachment": [
					{ "time": 1.3, "name": "longgongji_013_03_" },
					{ "time": 1.4, "name": null }
				]
			},
			"longgongji_014_01_": {
				"attachment": [
					{ "time": 1.4, "name": "longgongji_014_01_" },
					{ "time": 1.5, "name": null }
				]
			},
			"longgongji_014_02_": {
				"attachment": [
					{ "time": 1.4, "name": "longgongji_014_02_" },
					{ "time": 1.5, "name": null }
				]
			},
			"longgongji_014_03_": {
				"attachment": [
					{ "time": 1.4, "name": "longgongji_014_03_" },
					{ "time": 1.5, "name": null }
				]
			},
			"longgongji_015_01_": {
				"attachment": [
					{ "time": 1.5, "name": "longgongji_015_01_" },
					{ "time": 1.6, "name": null }
				]
			},
			"longgongji_015_02_": {
				"attachment": [
					{ "time": 1.5, "name": "longgongji_015_02_" },
					{ "time": 1.6, "name": null }
				]
			},
			"longgongji_015_03_": {
				"attachment": [
					{ "time": 1.5, "name": "longgongji_015_03_" },
					{ "time": 1.6, "name": null }
				]
			},
			"longgongji_015_04_": {
				"attachment": [
					{ "time": 1.5, "name": "longgongji_015_04_" },
					{ "time": 1.6, "name": null }
				]
			},
			"longgongji_016_01_": {
				"attachment": [
					{ "time": 1.6, "name": "longgongji_016_01_" },
					{ "time": 1.7, "name": null }
				]
			},
			"longgongji_016_02_": {
				"attachment": [
					{ "time": 1.6, "name": "longgongji_016_02_" },
					{ "time": 1.7, "name": null }
				]
			},
			"longgongji_016_03_": {
				"attachment": [
					{ "time": 1.6, "name": "longgongji_016_03_" },
					{ "time": 1.7, "name": null }
				]
			},
			"longgongji_016_04_": {
				"attachment": [
					{ "time": 1.6, "name": "longgongji_016_04_" },
					{ "time": 1.7, "name": null }
				]
			},
			"longgongji_017_01_": {
				"attachment": [
					{ "time": 1.7, "name": "longgongji_017_01_" },
					{ "time": 1.8, "name": null }
				]
			},
			"longgongji_017_02_": {
				"attachment": [
					{ "time": 1.7, "name": "longgongji_017_02_" },
					{ "time": 1.8, "name": null }
				]
			},
			"longgongji_017_03_": {
				"attachment": [
					{ "time": 1.7, "name": "longgongji_017_03_" },
					{ "time": 1.8, "name": null }
				]
			},
			"longgongji_018_01_": {
				"attachment": [
					{ "time": 1.8, "name": "longgongji_018_01_" },
					{ "time": 1.9, "name": null }
				]
			},
			"longgongji_018_02_": {
				"attachment": [
					{ "time": 1.8, "name": "longgongji_018_02_" },
					{ "time": 1.9, "name": null }
				]
			},
			"longgongji_018_03_": {
				"attachment": [
					{ "time": 1.8, "name": "longgongji_018_03_" },
					{ "time": 1.9, "name": null }
				]
			},
			"longgongji_019_01_": {
				"attachment": [
					{ "time": 1.9, "name": "longgongji_019_01_" },
					{ "time": 2, "name": null }
				]
			},
			"longgongji_019_02_": {
				"attachment": [
					{ "time": 1.9, "name": "longgongji_019_02_" },
					{ "time": 2, "name": null }
				]
			},
			"longgongji_019_03_": {
				"attachment": [
					{ "time": 1.9, "name": "longgongji_019_03_" },
					{ "time": 2, "name": null }
				]
			},
			"longgongji_020_01_": {
				"attachment": [
					{ "time": 2, "name": "longgongji_020_01_" },
					{ "time": 2.1, "name": null }
				]
			},
			"longgongji_020_02_": {
				"attachment": [
					{ "time": 2, "name": "longgongji_020_02_" },
					{ "time": 2.1, "name": null }
				]
			},
			"longgongji_020_03_": {
				"attachment": [
					{ "time": 2, "name": "longgongji_020_03_" },
					{ "time": 2.1, "name": null }
				]
			},
			"longgongji_021_01_": {
				"attachment": [
					{ "time": 2.1, "name": "longgongji_021_01_" },
					{ "time": 2.2, "name": null }
				]
			},
			"longgongji_021_02_": {
				"attachment": [
					{ "time": 2.1, "name": "longgongji_021_02_" },
					{ "time": 2.2, "name": null }
				]
			},
			"longgongji_021_03_": {
				"attachment": [
					{ "time": 2.1, "name": "longgongji_021_03_" },
					{ "time": 2.2, "name": null }
				]
			},
			"longgongji_022_01_": {
				"attachment": [
					{ "time": 2.2, "name": "longgongji_022_01_" },
					{ "time": 2.3, "name": null }
				]
			},
			"longgongji_022_02_": {
				"attachment": [
					{ "time": 2.2, "name": "longgongji_022_02_" },
					{ "time": 2.3, "name": null }
				]
			},
			"longgongji_022_03_": {
				"attachment": [
					{ "time": 2.2, "name": "longgongji_022_03_" },
					{ "time": 2.3, "name": null }
				]
			},
			"longgongji_023_01_": {
				"attachment": [
					{ "time": 2.3, "name": "longgongji_023_01_" },
					{ "time": 2.4, "name": null }
				]
			},
			"longgongji_023_02_": {
				"attachment": [
					{ "time": 2.3, "name": "longgongji_023_02_" },
					{ "time": 2.4, "name": null }
				]
			},
			"longgongji_024_01_": {
				"attachment": [
					{ "time": 2.4, "name": "longgongji_024_01_" },
					{ "time": 2.5, "name": null }
				]
			},
			"longgongji_024_02_": {
				"attachment": [
					{ "time": 2.4, "name": "longgongji_024_02_" },
					{ "time": 2.5, "name": null }
				]
			},
			"longgongji_025_01_": {
				"attachment": [
					{ "time": 2.5, "name": "longgongji_025_01_" },
					{ "time": 2.6, "name": null }
				]
			},
			"longgongji_025_02_": {
				"attachment": [
					{ "time": 2.5, "name": "longgongji_025_02_" },
					{ "time": 2.6, "name": null }
				]
			},
			"longgongji_027_01_": {
				"attachment": [
					{ "time": 2.7, "name": "longgongji_027_01_" },
					{ "time": 2.8, "name": null }
				]
			},
			"longgongji_027_02_": {
				"attachment": [
					{ "time": 2.7, "name": "longgongji_027_02_" },
					{ "time": 2.8, "name": null }
				]
			},
			"longgongji_027_03_": {
				"attachment": [
					{ "time": 2.7, "name": "longgongji_027_03_" },
					{ "time": 2.8, "name": null }
				]
			},
			"longgongji_028_01_": {
				"attachment": [
					{ "time": 2.8, "name": "longgongji_028_01_" },
					{ "time": 2.9, "name": null }
				]
			},
			"longgongji_028_02_": {
				"attachment": [
					{ "time": 2.8, "name": "longgongji_028_02_" },
					{ "time": 2.9, "name": null }
				]
			},
			"longgongji_029_01_": {
				"attachment": [
					{ "time": 2.9, "name": "longgongji_029_01_" },
					{ "time": 3, "name": null }
				]
			},
			"longgongji_029_02_": {
				"attachment": [
					{ "time": 2.9, "name": "longgongji_029_02_" },
					{ "time": 3, "name": null }
				]
			},
			"longgongji_032_01_": {
				"attachment": [
					{ "time": 3, "name": null },
					{ "time": 3.2, "name": "longgongji_032_01_" },
					{ "time": 3.3, "name": null }
				]
			},
			"longgongji_032_02_": {
				"attachment": [
					{ "time": 3.2, "name": "longgongji_032_02_" },
					{ "time": 3.3, "name": null }
				]
			},
			"longgongji_032_03_": {
				"attachment": [
					{ "time": 3.2, "name": "longgongji_032_03_" },
					{ "time": 3.3, "name": null }
				]
			},
			"longgongji_032_04_": {
				"attachment": [
					{ "time": 3.2, "name": "longgongji_032_04_" },
					{ "time": 3.3, "name": null }
				]
			},
			"longgongji_033_01_": {
				"attachment": [
					{ "time": 3.3, "name": "longgongji_033_01_" },
					{ "time": 3.4, "name": null }
				]
			},
			"longgongji_033_02_": {
				"attachment": [
					{ "time": 3.3, "name": "longgongji_033_02_" },
					{ "time": 3.4, "name": null }
				]
			},
			"longgongji_033_03_": {
				"attachment": [
					{ "time": 3.3, "name": "longgongji_033_03_" },
					{ "time": 3.4, "name": null }
				]
			},
			"longgongji_033_04_": {
				"attachment": [
					{ "time": 3.3, "name": "longgongji_033_04_" },
					{ "time": 3.4, "name": null }
				]
			},
			"longgongji_034_01_": {
				"attachment": [
					{ "time": 3.4, "name": "longgongji_034_01_" },
					{ "time": 3.5, "name": null }
				]
			},
			"longgongji_034_02_": {
				"attachment": [
					{ "time": 3.4, "name": "longgongji_034_02_" },
					{ "time": 3.5, "name": null }
				]
			},
			"longgongji_034_03_": {
				"attachment": [
					{ "time": 3.4, "name": "longgongji_034_03_" },
					{ "time": 3.5, "name": null }
				]
			},
			"longgongji_035_01_": {
				"attachment": [
					{ "time": 3.5, "name": "longgongji_035_01_" },
					{ "time": 3.6, "name": null }
				]
			},
			"longgongji_035_02_": {
				"attachment": [
					{ "time": 3.5, "name": "longgongji_035_02_" },
					{ "time": 3.6, "name": null }
				]
			},
			"longgongji_035_03_": {
				"attachment": [
					{ "time": 3.5, "name": "longgongji_035_03_" },
					{ "time": 3.6, "name": null }
				]
			},
			"longgongji_035_04_": {
				"attachment": [
					{ "time": 3.5, "name": "longgongji_035_04_" },
					{ "time": 3.6, "name": null }
				]
			},
			"longgongji_035_05_": {
				"attachment": [
					{ "time": 3.5, "name": "longgongji_035_05_" },
					{ "time": 3.6, "name": null }
				]
			},
			"longgongji_036_01_": {
				"attachment": [
					{ "time": 3.6, "name": "longgongji_036_01_" },
					{ "time": 3.7, "name": null }
				]
			},
			"longgongji_036_02_": {
				"attachment": [
					{ "time": 3.6, "name": "longgongji_036_02_" },
					{ "time": 3.7, "name": null }
				]
			},
			"longgongji_036_03_": {
				"attachment": [
					{ "time": 3.6, "name": "longgongji_036_03_" },
					{ "time": 3.7, "name": null }
				]
			},
			"longgongji_036_04_": {
				"attachment": [
					{ "time": 3.6, "name": "longgongji_036_04_" },
					{ "time": 3.7, "name": null }
				]
			},
			"longgongji_036_05_": {
				"attachment": [
					{ "time": 3.6, "name": "longgongji_036_05_" },
					{ "time": 3.7, "name": null }
				]
			},
			"longgongji_037_01_": {
				"attachment": [
					{ "time": 3.7, "name": "longgongji_037_01_" },
					{ "time": 3.8, "name": null }
				]
			},
			"longgongji_037_02_": {
				"attachment": [
					{ "time": 3.7, "name": "longgongji_037_02_" },
					{ "time": 3.8, "name": null }
				]
			},
			"longgongji_037_03_": {
				"attachment": [
					{ "time": 3.7, "name": "longgongji_037_03_" },
					{ "time": 3.8, "name": null }
				]
			},
			"longgongji_037_04_": {
				"attachment": [
					{ "time": 3.7, "name": "longgongji_037_04_" },
					{ "time": 3.8, "name": null }
				]
			},
			"longgongji_038_01_": {
				"attachment": [
					{ "time": 3.8, "name": "longgongji_038_01_" },
					{ "time": 3.9, "name": null }
				]
			},
			"longgongji_038_02_": {
				"attachment": [
					{ "time": 3.8, "name": "longgongji_038_02_" },
					{ "time": 3.9, "name": null }
				]
			},
			"longgongji_038_03_": {
				"attachment": [
					{ "time": 3.8, "name": "longgongji_038_03_" },
					{ "time": 3.9, "name": null }
				]
			},
			"longgongji_038_04_": {
				"attachment": [
					{ "time": 3.8, "name": "longgongji_038_04_" },
					{ "time": 3.9, "name": null }
				]
			},
			"longgongji_039_01_": {
				"attachment": [
					{ "time": 3.9, "name": "longgongji_039_01_" },
					{ "time": 4, "name": null }
				]
			},
			"longgongji_039_02_": {
				"attachment": [
					{ "time": 3.9, "name": "longgongji_039_02_" },
					{ "time": 4, "name": null }
				]
			},
			"longgongji_30_01_": {
				"attachment": [
					{ "time": 3, "name": "longgongji_30_01_" },
					{ "time": 3.1, "name": null }
				]
			},
			"longgongji_30_02_": {
				"attachment": [
					{ "time": 3, "name": "longgongji_30_02_" },
					{ "time": 3.1, "name": null }
				]
			},
			"longgongji_30_03_": {
				"attachment": [
					{ "time": 3, "name": "longgongji_30_03_" },
					{ "time": 3.1, "name": null }
				]
			},
			"longgongji_31_01_": {
				"attachment": [
					{ "time": 3.1, "name": "longgongji_31_01_" },
					{ "time": 3.2, "name": null }
				]
			},
			"longgongji_31_02_": {
				"attachment": [
					{ "time": 3.1, "name": "longgongji_31_02_" },
					{ "time": 3.2, "name": null }
				]
			},
			"longgongji_31_03_": {
				"attachment": [
					{ "time": 3.1, "name": "longgongji_31_03_" },
					{ "time": 3.2, "name": null }
				]
			},
			"longgongji_31_04_": {
				"attachment": [
					{ "time": 3.1, "name": "longgongji_31_04_" },
					{ "time": 3.2, "name": null }
				]
			}
		}
	}
}
}