{
"skeleton": { "hash": "eKgIKpMAJ5I5ZSDe/mjDrhhjDfY", "spine": "2.1.27", "width": 97.64, "height": 76.11 },
"bones": [
	{ "name": "root", "y": -12.7, "scaleX": 0.768, "scaleY": 0.768 },
	{ "name": "bone", "parent": "root", "length": 28, "x": -2.04, "y": 41.59, "scaleX": 0.768, "scaleY": 0.768, "rotation": 18.29 },
	{ "name": "bone2", "parent": "root", "length": 4.92, "x": 33.38, "y": 40.12, "scaleX": 0.768, "scaleY": 0.768, "rotation": -87.27 },
	{ "name": "bone3", "parent": "root", "length": 5.9, "x": -24.42, "y": 41.35, "scaleX": 0.768, "scaleY": 0.768, "rotation": -90 },
	{ "name": "bone4", "parent": "root", "length": 5.18, "x": -34.75, "y": 45.77, "scaleX": 0.768, "scaleY": 0.768, "rotation": -84.6 },
	{ "name": "bone5", "parent": "root", "length": 5.65, "x": 8.53, "y": 36.92, "scaleX": 0.768, "scaleY": 0.768, "rotation": -90 }
],
"slots": [
	{ "name": "jiasu_di_", "bone": "root", "attachment": "jiasu_di_" },
	{ "name": "jiasu_zi_", "bone": "root", "attachment": "jiasu_zi_" },
	{ "name": "jiasu_tubiao_", "bone": "root", "attachment": "jiasu_tubiao_" },
	{ "name": "jiasu_wu_", "bone": "root", "attachment": "jiasu_wu_" },
	{ "name": "jiasu_guang_", "bone": "root", "attachment": "jiasu_guang_" },
	{ "name": "jiasu_jia_hao2_", "bone": "root", "attachment": "jiasu_jia_hao2_" },
	{ "name": "jiasu_jia_hao1_", "bone": "root", "attachment": "jiasu_jia_hao1_" },
	{ "name": "jiasu_jia_hao_", "bone": "root", "attachment": "jiasu_jia_hao_" }
],
"skins": {
	"default": {
		"jiasu_di_": {
			"jiasu_di_": { "x": -1.09, "y": 48, "width": 127, "height": 96 }
		},
		"jiasu_guang_": {
			"jiasu_guang_": {
				"type": "skinnedmesh",
				"uvs": [ 1, 1, 0, 1, 0, 0, 1, 0 ],
				"triangles": [ 1, 2, 3, 1, 3, 0 ],
				"vertices": [ 1, 5, 10.92, 13.87, 1, 1, 5, 10.92, -13.12, 1, 1, 5, -12.07, -13.12, 1, 1, 5, -12.07, 13.87, 1 ],
				"hull": 4
			}
		},
		"jiasu_jia_hao1_": {
			"jiasu_jia_hao1_": {
				"type": "skinnedmesh",
				"uvs": [ 1, 1, 0, 1, 0, 0, 1, 0 ],
				"triangles": [ 1, 2, 3, 1, 3, 0 ],
				"vertices": [ 1, 4, 9.5, 7.3, 1, 1, 4, 8.09, -7.62, 1, 1, 4, -6.83, -6.21, 1, 1, 4, -5.42, 8.71, 1 ],
				"hull": 4
			}
		},
		"jiasu_jia_hao2_": {
			"jiasu_jia_hao2_": {
				"type": "skinnedmesh",
				"uvs": [ 1, 1, 0, 1, 0, 0, 1, 0 ],
				"triangles": [ 1, 2, 3, 1, 3, 0 ],
				"vertices": [ 1, 3, 11.35, 9.83, 1, 1, 3, 11.35, -9.16, 1, 1, 3, -7.64, -9.16, 1, 1, 3, -7.64, 9.83, 1 ],
				"hull": 4
			}
		},
		"jiasu_jia_hao_": {
			"jiasu_jia_hao_": {
				"type": "skinnedmesh",
				"uvs": [ 1, 1, 0, 1, 0, 0, 1, 0 ],
				"triangles": [ 1, 2, 3, 1, 3, 0 ],
				"vertices": [ 1, 2, 7.44, 6.67, 1, 1, 2, 6.78, -7.3, 1, 1, 2, -7.2, -6.63, 1, 1, 2, -6.53, 7.34, 1 ],
				"hull": 4
			}
		},
		"jiasu_tubiao_": {
			"jiasu_tubiao_": {
				"type": "skinnedmesh",
				"uvs": [ 1, 1, 0, 1, 0, 0, 1, 0 ],
				"triangles": [ 1, 2, 3, 1, 3, 0 ],
				"vertices": [ 1, 1, 35.74, -36.66999, 1, 1, 1, -25.01, -16.58, 1, 1, 1, -9.95, 28.99, 1, 1, 1, 50.81, 8.89999, 1 ],
				"hull": 4
			}
		},
		"jiasu_wu_": {
			"jiasu_wu_": { "x": 0.9, "y": 31, "width": 89, "height": 36 }
		},
		"jiasu_zi_": {
			"jiasu_zi_": { "x": -1.59, "y": 68.5, "width": 106, "height": 61 }
		}
	}
},
"animations": {
	"animation": {
		"slots": {
			"jiasu_guang_": {
				"color": [
					{ "time": 0, "color": "ffffff00" },
					{ "time": 0.0666, "color": "ffffffff", "curve": "stepped" },
					{ "time": 0.2666, "color": "ffffffff" },
					{ "time": 0.4666, "color": "ffffff00" },
					{ "time": 0.5333, "color": "ffffffff" },
					{ "time": 0.8666, "color": "ffffff00" },
					{ "time": 0.9333, "color": "ffffffff" },
					{ "time": 1.3, "color": "ffffff00" }
				]
			},
			"jiasu_jia_hao1_": {
				"color": [
					{ "time": 0, "color": "ffffffff" },
					{ "time": 0.3, "color": "ffffff00" },
					{ "time": 0.6666, "color": "ffffffff" },
					{ "time": 1.0333, "color": "ffffff00" },
					{ "time": 1.3, "color": "ffffffff" }
				]
			},
			"jiasu_jia_hao2_": {
				"color": [
					{ "time": 0, "color": "ffffffff" },
					{ "time": 0.3, "color": "ffffff00" },
					{ "time": 0.6333, "color": "ffffffff" },
					{ "time": 0.9333, "color": "ffffff00" },
					{ "time": 1.3, "color": "ffffffff" }
				]
			},
			"jiasu_jia_hao_": {
				"color": [
					{ "time": 0, "color": "ffffffff" },
					{ "time": 0.2333, "color": "ffffff00" },
					{ "time": 0.4, "color": "ffffffff" },
					{ "time": 0.6333, "color": "ffffff00" },
					{ "time": 0.8, "color": "ffffffff" },
					{ "time": 1.0333, "color": "ffffff00" },
					{ "time": 1.2333, "color": "ffffffff" }
				]
			},
			"jiasu_zi_": {
				"color": [
					{ "time": 0, "color": "ffffffff", "curve": "stepped" },
					{ "time": 0.1666, "color": "ffffffff" },
					{ "time": 0.2666, "color": "ffffff58" },
					{ "time": 0.5, "color": "ffffff1c" },
					{ "time": 0.6, "color": "ffffffff", "curve": "stepped" },
					{ "time": 0.8666, "color": "ffffffff" },
					{ "time": 0.9666, "color": "ffffff6a" },
					{ "time": 1.2333, "color": "ffffff1c" },
					{ "time": 1.3, "color": "ffffffff" }
				]
			}
		},
		"bones": {
			"bone5": {
				"rotate": [
					{ "time": 0, "angle": 0, "curve": "stepped" },
					{ "time": 1.3, "angle": 0 }
				],
				"translate": [
					{ "time": 0, "x": 0, "y": 0 },
					{ "time": 0.1333, "x": 7.18, "y": 2.11 },
					{ "time": 0.4333, "x": 0, "y": 0 },
					{ "time": 0.5666, "x": 10.31, "y": 3.82 },
					{ "time": 0.8666, "x": 0, "y": 0 },
					{ "time": 1.0333, "x": 10.31, "y": 3.82 },
					{ "time": 1.3, "x": 0, "y": 0 }
				],
				"scale": [
					{ "time": 0, "x": 1, "y": 1, "curve": "stepped" },
					{ "time": 1.3, "x": 1, "y": 1 }
				]
			},
			"bone4": {
				"rotate": [
					{ "time": 0, "angle": 0, "curve": "stepped" },
					{ "time": 1.3, "angle": 0 }
				],
				"translate": [
					{ "time": 0, "x": 0, "y": 0 },
					{ "time": 0.2, "x": 0.38, "y": 0.95 },
					{ "time": 0.4333, "x": 0.76, "y": 0 },
					{ "time": 0.6666, "x": 0, "y": 0.95 },
					{ "time": 0.8666, "x": -0.38, "y": 0 },
					{ "time": 1.1, "x": -0.95, "y": 0.95 },
					{ "time": 1.3, "x": 0, "y": 0 }
				],
				"scale": [
					{ "time": 0, "x": 1, "y": 1, "curve": "stepped" },
					{ "time": 1.3, "x": 1, "y": 1 }
				]
			},
			"bone3": {
				"rotate": [
					{ "time": 0, "angle": 0, "curve": "stepped" },
					{ "time": 1.3, "angle": 0 }
				],
				"translate": [
					{ "time": 0, "x": 0, "y": 0 },
					{ "time": 0.2, "x": -0.57, "y": -1.14 },
					{ "time": 0.4333, "x": -0.95, "y": 0 },
					{ "time": 0.6333, "x": -0.76, "y": -1.14 },
					{ "time": 0.8666, "x": 0, "y": 0 },
					{ "time": 1.1, "x": 0.19, "y": -1.14 },
					{ "time": 1.3, "x": 0, "y": 0 }
				],
				"scale": [
					{ "time": 0, "x": 1, "y": 1, "curve": "stepped" },
					{ "time": 1.3, "x": 1, "y": 1 }
				]
			},
			"bone2": {
				"rotate": [
					{ "time": 0, "angle": 0, "curve": "stepped" },
					{ "time": 1.3, "angle": 0 }
				],
				"translate": [
					{ "time": 0, "x": 0, "y": 0 },
					{ "time": 0.2, "x": 0.57, "y": -1.52 },
					{ "time": 0.4333, "x": 0.57, "y": 0 },
					{ "time": 0.6333, "x": 0.57, "y": -1.52 },
					{ "time": 0.8333, "x": 0, "y": 0 },
					{ "time": 1.0666, "x": -0.38, "y": -1.52 },
					{ "time": 1.3, "x": 0, "y": 0 }
				],
				"scale": [
					{ "time": 0, "x": 1, "y": 1, "curve": "stepped" },
					{ "time": 1.3, "x": 1, "y": 1 }
				]
			},
			"bone": {
				"rotate": [
					{ "time": 0, "angle": 0, "curve": "stepped" },
					{ "time": 1.3, "angle": 0 }
				],
				"translate": [
					{ "time": 0, "x": -3.84, "y": -1.27 },
					{ "time": 0.1333, "x": 1.16, "y": 2.01 },
					{ "time": 0.4333, "x": -3.84, "y": -1.27 },
					{ "time": 0.5666, "x": 6.1, "y": 2.01 },
					{ "time": 0.8666, "x": -3.84, "y": -1.27 },
					{ "time": 1.0333, "x": 6.1, "y": 2.01 },
					{ "time": 1.3, "x": -3.84, "y": -1.27 }
				],
				"scale": [
					{ "time": 0, "x": 1, "y": 1, "curve": "stepped" },
					{ "time": 1.3, "x": 1, "y": 1 }
				]
			},
			"root": {
				"translate": [
					{ "time": 0, "x": 13.89, "y": -0.3 }
				],
				"scale": [
					{ "time": 0, "x": 1.381, "y": 1.381 }
				]
			}
		}
	}
}
}