{
"skeleton": { "hash": "NOf6QyyrF1+Aj/6evJNmXP+VszU", "spine": "2.1.27", "width": 0, "height": 0 },
"bones": [
	{ "name": "root" },
	{ "name": "bone", "parent": "root", "length": 139.12, "y": -146.08, "scaleX": 1.329, "scaleY": 1.329 }
],
"slots": [
	{ "name": "JMgelXX_038_", "bone": "bone" },
	{ "name": "JMgelXX_038_1_", "bone": "bone" },
	{ "name": "JMgelXX_036_", "bone": "bone" },
	{ "name": "JMgelXX_036_1_", "bone": "bone" },
	{ "name": "JMgelXX_032_", "bone": "bone" },
	{ "name": "JMgelXX_032_1_", "bone": "bone" },
	{ "name": "JMgelXX_030_", "bone": "bone" },
	{ "name": "JMgelXX_030_1_", "bone": "bone" },
	{ "name": "JMgelXX_028_", "bone": "bone" },
	{ "name": "JMgelXX_028_1_", "bone": "bone" },
	{ "name": "JMgelXX_026_", "bone": "bone" },
	{ "name": "JMgelXX_026_1_", "bone": "bone" },
	{ "name": "JMgelXX_024_", "bone": "bone" },
	{ "name": "JMgelXX_024_1_", "bone": "bone" },
	{ "name": "JMgelXX_020_", "bone": "bone" },
	{ "name": "JMgelXX_020_1_", "bone": "bone" },
	{ "name": "JMgelXX_016_", "bone": "bone" },
	{ "name": "JMgelXX_016_1_", "bone": "bone" },
	{ "name": "JMgelXX_014_", "bone": "bone" },
	{ "name": "JMgelXX_014_1_", "bone": "bone" },
	{ "name": "JMgelXX_010_", "bone": "bone" },
	{ "name": "JMgelXX_010_1_", "bone": "bone" },
	{ "name": "JMgelXX_006_", "bone": "bone" },
	{ "name": "JMgelXX_006_1_", "bone": "bone" },
	{ "name": "JMgelXX_004_", "bone": "bone" },
	{ "name": "JMgelXX_004_1_", "bone": "bone" },
	{ "name": "JMgelXX_000_", "bone": "bone" },
	{ "name": "JMgelXX_000_1_", "bone": "bone" },
	{ "name": "JMgelDJ_028_", "bone": "bone" },
	{ "name": "JMgelDJ_028_1_", "bone": "bone" },
	{ "name": "JMgelDJ_024_", "bone": "bone" },
	{ "name": "JMgelDJ_024_1_", "bone": "bone" },
	{ "name": "JMgelDJ_020_", "bone": "bone" },
	{ "name": "JMgelDJ_020_1_", "bone": "bone" },
	{ "name": "JMgelDJ_016_", "bone": "bone" },
	{ "name": "JMgelDJ_016_1_", "bone": "bone" },
	{ "name": "JMgelDJ_012_", "bone": "bone" },
	{ "name": "JMgelDJ_012_1_", "bone": "bone" },
	{ "name": "JMgelDJ_008_", "bone": "bone" },
	{ "name": "JMgelDJ_008_1_", "bone": "bone" },
	{ "name": "JMgelDJ_004_", "bone": "bone" },
	{ "name": "JMgelDJ_004_1_", "bone": "bone" },
	{ "name": "JMgelDJ_000_", "bone": "bone" },
	{ "name": "JMgelDJ_000_1_", "bone": "bone" }
],
"skins": {
	"default": {
		"JMgelDJ_000_": {
			"JMgelDJ_000_": { "y": 143.26, "width": 1000, "height": 1000 }
		},
		"JMgelDJ_000_1_": {
			"JMgelDJ_000_1_": { "y": 143.26, "width": 1000, "height": 1000 }
		},
		"JMgelDJ_004_": {
			"JMgelDJ_004_": { "y": 143.26, "width": 1000, "height": 1000 }
		},
		"JMgelDJ_004_1_": {
			"JMgelDJ_004_1_": { "y": 143.26, "width": 1000, "height": 1000 }
		},
		"JMgelDJ_008_": {
			"JMgelDJ_008_": { "y": 143.26, "width": 1000, "height": 1000 }
		},
		"JMgelDJ_008_1_": {
			"JMgelDJ_008_1_": { "y": 143.26, "width": 1000, "height": 1000 }
		},
		"JMgelDJ_012_": {
			"JMgelDJ_012_": { "y": 143.26, "width": 1000, "height": 1000 }
		},
		"JMgelDJ_012_1_": {
			"JMgelDJ_012_1_": { "y": 143.26, "width": 1000, "height": 1000 }
		},
		"JMgelDJ_016_": {
			"JMgelDJ_016_": { "y": 143.26, "width": 1000, "height": 1000 }
		},
		"JMgelDJ_016_1_": {
			"JMgelDJ_016_1_": { "y": 143.26, "width": 1000, "height": 1000 }
		},
		"JMgelDJ_020_": {
			"JMgelDJ_020_": { "y": 143.26, "width": 1000, "height": 1000 }
		},
		"JMgelDJ_020_1_": {
			"JMgelDJ_020_1_": { "y": 143.26, "width": 1000, "height": 1000 }
		},
		"JMgelDJ_024_": {
			"JMgelDJ_024_": { "y": 143.26, "width": 1000, "height": 1000 }
		},
		"JMgelDJ_024_1_": {
			"JMgelDJ_024_1_": { "y": 143.26, "width": 1000, "height": 1000 }
		},
		"JMgelDJ_028_": {
			"JMgelDJ_028_": { "y": 143.26, "width": 1000, "height": 1000 }
		},
		"JMgelDJ_028_1_": {
			"JMgelDJ_028_1_": { "y": 143.26, "width": 1000, "height": 1000 }
		},
		"JMgelXX_000_": {
			"JMgelXX_000_": { "y": 143.26, "width": 1000, "height": 1000 }
		},
		"JMgelXX_000_1_": {
			"JMgelXX_000_1_": { "y": 143.26, "width": 1000, "height": 1000 }
		},
		"JMgelXX_004_": {
			"JMgelXX_004_": { "y": 143.26, "width": 1000, "height": 1000 }
		},
		"JMgelXX_004_1_": {
			"JMgelXX_004_1_": { "y": 143.26, "width": 1000, "height": 1000 }
		},
		"JMgelXX_006_": {
			"JMgelXX_006_": { "y": 143.26, "width": 1000, "height": 1000 }
		},
		"JMgelXX_006_1_": {
			"JMgelXX_006_1_": { "y": 143.26, "width": 1000, "height": 1000 }
		},
		"JMgelXX_010_": {
			"JMgelXX_010_": { "y": 143.26, "width": 1000, "height": 1000 }
		},
		"JMgelXX_010_1_": {
			"JMgelXX_010_1_": { "y": 143.26, "width": 1000, "height": 1000 }
		},
		"JMgelXX_014_": {
			"JMgelXX_014_": { "y": 143.26, "width": 1000, "height": 1000 }
		},
		"JMgelXX_014_1_": {
			"JMgelXX_014_1_": { "y": 143.26, "width": 1000, "height": 1000 }
		},
		"JMgelXX_016_": {
			"JMgelXX_016_": { "y": 143.26, "width": 1000, "height": 1000 }
		},
		"JMgelXX_016_1_": {
			"JMgelXX_016_1_": { "y": 143.26, "width": 1000, "height": 1000 }
		},
		"JMgelXX_020_": {
			"JMgelXX_020_": { "y": 143.26, "width": 1000, "height": 1000 }
		},
		"JMgelXX_020_1_": {
			"JMgelXX_020_1_": { "y": 143.26, "width": 1000, "height": 1000 }
		},
		"JMgelXX_024_": {
			"JMgelXX_024_": { "y": 143.26, "width": 1000, "height": 1000 }
		},
		"JMgelXX_024_1_": {
			"JMgelXX_024_1_": { "y": 143.26, "width": 1000, "height": 1000 }
		},
		"JMgelXX_026_": {
			"JMgelXX_026_": { "y": 143.26, "width": 1000, "height": 1000 }
		},
		"JMgelXX_026_1_": {
			"JMgelXX_026_1_": { "y": 143.26, "width": 1000, "height": 1000 }
		},
		"JMgelXX_028_": {
			"JMgelXX_028_": { "y": 143.26, "width": 1000, "height": 1000 }
		},
		"JMgelXX_028_1_": {
			"JMgelXX_028_1_": { "y": 143.26, "width": 1000, "height": 1000 }
		},
		"JMgelXX_030_": {
			"JMgelXX_030_": { "y": 143.26, "width": 1000, "height": 1000 }
		},
		"JMgelXX_030_1_": {
			"JMgelXX_030_1_": { "y": 143.26, "width": 1000, "height": 1000 }
		},
		"JMgelXX_032_": {
			"JMgelXX_032_": { "y": 143.26, "width": 1000, "height": 1000 }
		},
		"JMgelXX_032_1_": {
			"JMgelXX_032_1_": { "y": 143.26, "width": 1000, "height": 1000 }
		},
		"JMgelXX_036_": {
			"JMgelXX_036_": { "y": 143.26, "width": 1000, "height": 1000 }
		},
		"JMgelXX_036_1_": {
			"JMgelXX_036_1_": { "y": 143.26, "width": 1000, "height": 1000 }
		},
		"JMgelXX_038_": {
			"JMgelXX_038_": { "y": 143.26, "width": 1000, "height": 1000 }
		},
		"JMgelXX_038_1_": {
			"JMgelXX_038_1_": { "y": 143.26, "width": 1000, "height": 1000 }
		}
	}
},
"animations": {
	"animation": {
		"slots": {
			"JMgelDJ_000_": {
				"attachment": [
					{ "time": 0, "name": "JMgelDJ_000_" },
					{ "time": 0.2, "name": null },
					{ "time": 1.4666, "name": "JMgelDJ_000_" },
					{ "time": 1.6666, "name": null },
					{ "time": 2.9333, "name": "JMgelDJ_000_" },
					{ "time": 3.1333, "name": null },
					{ "time": 4.4, "name": "JMgelDJ_000_" },
					{ "time": 4.6, "name": null },
					{ "time": 5.8666, "name": null },
					{ "time": 7.9333, "name": "JMgelDJ_000_" }
				]
			},
			"JMgelDJ_000_1_": {
				"attachment": [
					{ "time": 0, "name": "JMgelDJ_000_1_" },
					{ "time": 0.2, "name": null },
					{ "time": 1.4666, "name": "JMgelDJ_000_1_" },
					{ "time": 1.6666, "name": null },
					{ "time": 2.9333, "name": "JMgelDJ_000_1_" },
					{ "time": 3.1333, "name": null },
					{ "time": 4.4, "name": "JMgelDJ_000_1_" },
					{ "time": 4.6, "name": null },
					{ "time": 5.8666, "name": null },
					{ "time": 7.9333, "name": "JMgelDJ_000_1_" }
				]
			},
			"JMgelDJ_004_": {
				"attachment": [
					{ "time": 0.2, "name": "JMgelDJ_004_" },
					{ "time": 0.3666, "name": null },
					{ "time": 1.6666, "name": "JMgelDJ_004_" },
					{ "time": 1.8333, "name": null },
					{ "time": 3.1333, "name": "JMgelDJ_004_" },
					{ "time": 3.3, "name": null },
					{ "time": 4.6, "name": "JMgelDJ_004_" },
					{ "time": 4.7666, "name": null }
				]
			},
			"JMgelDJ_004_1_": {
				"attachment": [
					{ "time": 0.2, "name": "JMgelDJ_004_1_" },
					{ "time": 0.3666, "name": null },
					{ "time": 1.6666, "name": "JMgelDJ_004_1_" },
					{ "time": 1.8333, "name": null },
					{ "time": 3.1333, "name": "JMgelDJ_004_1_" },
					{ "time": 3.3, "name": null },
					{ "time": 4.6, "name": "JMgelDJ_004_1_" },
					{ "time": 4.7666, "name": null }
				]
			},
			"JMgelDJ_008_": {
				"attachment": [
					{ "time": 0.3666, "name": "JMgelDJ_008_" },
					{ "time": 0.5666, "name": null },
					{ "time": 1.8333, "name": "JMgelDJ_008_" },
					{ "time": 2.0333, "name": null },
					{ "time": 3.3, "name": "JMgelDJ_008_" },
					{ "time": 3.5, "name": null },
					{ "time": 4.7666, "name": "JMgelDJ_008_" },
					{ "time": 4.9666, "name": null }
				]
			},
			"JMgelDJ_008_1_": {
				"attachment": [
					{ "time": 0.3666, "name": "JMgelDJ_008_1_" },
					{ "time": 0.5666, "name": null },
					{ "time": 1.8333, "name": "JMgelDJ_008_1_" },
					{ "time": 2.0333, "name": null },
					{ "time": 3.3, "name": "JMgelDJ_008_1_" },
					{ "time": 3.5, "name": null },
					{ "time": 4.7666, "name": "JMgelDJ_008_1_" },
					{ "time": 4.9666, "name": null }
				]
			},
			"JMgelDJ_012_": {
				"attachment": [
					{ "time": 0.5666, "name": "JMgelDJ_012_" },
					{ "time": 0.7666, "name": null },
					{ "time": 2.0333, "name": "JMgelDJ_012_" },
					{ "time": 2.2333, "name": null },
					{ "time": 3.5, "name": "JMgelDJ_012_" },
					{ "time": 3.7, "name": null },
					{ "time": 4.9666, "name": "JMgelDJ_012_" },
					{ "time": 5.1666, "name": null }
				]
			},
			"JMgelDJ_012_1_": {
				"attachment": [
					{ "time": 0.5666, "name": "JMgelDJ_012_1_" },
					{ "time": 0.7666, "name": null },
					{ "time": 2.0333, "name": "JMgelDJ_012_1_" },
					{ "time": 2.2333, "name": null },
					{ "time": 3.5, "name": "JMgelDJ_012_1_" },
					{ "time": 3.7, "name": null },
					{ "time": 4.9666, "name": "JMgelDJ_012_1_" },
					{ "time": 5.1666, "name": null }
				]
			},
			"JMgelDJ_016_": {
				"attachment": [
					{ "time": 0.7666, "name": "JMgelDJ_016_" },
					{ "time": 0.9333, "name": null },
					{ "time": 2.2333, "name": "JMgelDJ_016_" },
					{ "time": 2.4, "name": null },
					{ "time": 3.7, "name": "JMgelDJ_016_" },
					{ "time": 3.8666, "name": null },
					{ "time": 5.1666, "name": "JMgelDJ_016_" },
					{ "time": 5.3333, "name": null }
				]
			},
			"JMgelDJ_016_1_": {
				"attachment": [
					{ "time": 0.7666, "name": "JMgelDJ_016_1_" },
					{ "time": 0.9333, "name": null },
					{ "time": 2.2333, "name": "JMgelDJ_016_1_" },
					{ "time": 2.4, "name": null },
					{ "time": 3.7, "name": "JMgelDJ_016_1_" },
					{ "time": 3.8666, "name": null },
					{ "time": 5.1666, "name": "JMgelDJ_016_1_" },
					{ "time": 5.3333, "name": null }
				]
			},
			"JMgelDJ_020_": {
				"attachment": [
					{ "time": 0.9333, "name": "JMgelDJ_020_" },
					{ "time": 1.1333, "name": null },
					{ "time": 2.4, "name": "JMgelDJ_020_" },
					{ "time": 2.6, "name": null },
					{ "time": 3.8666, "name": "JMgelDJ_020_" },
					{ "time": 4.0666, "name": null },
					{ "time": 5.3333, "name": "JMgelDJ_020_" },
					{ "time": 5.5333, "name": null }
				]
			},
			"JMgelDJ_020_1_": {
				"attachment": [
					{ "time": 0.9333, "name": "JMgelDJ_020_1_" },
					{ "time": 1.1333, "name": null },
					{ "time": 2.4, "name": "JMgelDJ_020_1_" },
					{ "time": 2.6, "name": null },
					{ "time": 3.8666, "name": "JMgelDJ_020_1_" },
					{ "time": 4.0666, "name": null },
					{ "time": 5.3333, "name": "JMgelDJ_020_1_" },
					{ "time": 5.5333, "name": null }
				]
			},
			"JMgelDJ_024_": {
				"attachment": [
					{ "time": 1.1333, "name": "JMgelDJ_024_" },
					{ "time": 1.3333, "name": null },
					{ "time": 2.6, "name": "JMgelDJ_024_" },
					{ "time": 2.8, "name": null },
					{ "time": 4.0666, "name": "JMgelDJ_024_" },
					{ "time": 4.2666, "name": null },
					{ "time": 5.5333, "name": "JMgelDJ_024_" },
					{ "time": 5.7333, "name": null }
				]
			},
			"JMgelDJ_024_1_": {
				"attachment": [
					{ "time": 1.1333, "name": "JMgelDJ_024_1_" },
					{ "time": 1.3333, "name": null },
					{ "time": 2.6, "name": "JMgelDJ_024_1_" },
					{ "time": 2.8, "name": null },
					{ "time": 4.0666, "name": "JMgelDJ_024_1_" },
					{ "time": 4.2666, "name": null },
					{ "time": 5.5333, "name": "JMgelDJ_024_1_" },
					{ "time": 5.7333, "name": null }
				]
			},
			"JMgelDJ_028_": {
				"attachment": [
					{ "time": 1.3333, "name": "JMgelDJ_028_" },
					{ "time": 1.4666, "name": null },
					{ "time": 2.8, "name": "JMgelDJ_028_" },
					{ "time": 2.9333, "name": null },
					{ "time": 4.2666, "name": "JMgelDJ_028_" },
					{ "time": 4.4, "name": null },
					{ "time": 5.7333, "name": "JMgelDJ_028_" },
					{ "time": 5.8666, "name": null }
				]
			},
			"JMgelDJ_028_1_": {
				"attachment": [
					{ "time": 1.3333, "name": "JMgelDJ_028_1_" },
					{ "time": 1.4666, "name": null },
					{ "time": 2.8, "name": "JMgelDJ_028_1_" },
					{ "time": 2.9333, "name": null },
					{ "time": 4.2666, "name": "JMgelDJ_028_1_" },
					{ "time": 4.4, "name": null },
					{ "time": 5.7333, "name": "JMgelDJ_028_1_" },
					{ "time": 5.8666, "name": null }
				]
			},
			"JMgelXX_000_": {
				"attachment": [
					{ "time": 5.8666, "name": "JMgelXX_000_" },
					{ "time": 6.0666, "name": null },
					{ "time": 7.9333, "name": null }
				]
			},
			"JMgelXX_000_1_": {
				"attachment": [
					{ "time": 5.8666, "name": "JMgelXX_000_1_" },
					{ "time": 6.0666, "name": null },
					{ "time": 7.9333, "name": null }
				]
			},
			"JMgelXX_004_": {
				"attachment": [
					{ "time": 6.0666, "name": "JMgelXX_004_" },
					{ "time": 6.2, "name": null }
				]
			},
			"JMgelXX_004_1_": {
				"attachment": [
					{ "time": 6.0666, "name": "JMgelXX_004_1_" },
					{ "time": 6.2, "name": null }
				]
			},
			"JMgelXX_006_": {
				"attachment": [
					{ "time": 6.2, "name": "JMgelXX_006_" },
					{ "time": 6.4, "name": null }
				]
			},
			"JMgelXX_006_1_": {
				"attachment": [
					{ "time": 6.2, "name": "JMgelXX_006_1_" },
					{ "time": 6.4, "name": null }
				]
			},
			"JMgelXX_010_": {
				"attachment": [
					{ "time": 6.4, "name": "JMgelXX_010_" },
					{ "time": 6.5333, "name": null }
				]
			},
			"JMgelXX_010_1_": {
				"attachment": [
					{ "time": 6.4, "name": "JMgelXX_010_1_" },
					{ "time": 6.5333, "name": null }
				]
			},
			"JMgelXX_014_": {
				"attachment": [
					{ "time": 6.5333, "name": "JMgelXX_014_" },
					{ "time": 6.6666, "name": null }
				]
			},
			"JMgelXX_014_1_": {
				"attachment": [
					{ "time": 6.5333, "name": "JMgelXX_014_1_" },
					{ "time": 6.6666, "name": null }
				]
			},
			"JMgelXX_016_": {
				"attachment": [
					{ "time": 6.6666, "name": "JMgelXX_016_" },
					{ "time": 6.8666, "name": null }
				]
			},
			"JMgelXX_016_1_": {
				"attachment": [
					{ "time": 6.6666, "name": "JMgelXX_016_1_" },
					{ "time": 6.8666, "name": null }
				]
			},
			"JMgelXX_020_": {
				"attachment": [
					{ "time": 6.8666, "name": "JMgelXX_020_" },
					{ "time": 7.0666, "name": null }
				]
			},
			"JMgelXX_020_1_": {
				"attachment": [
					{ "time": 6.8666, "name": "JMgelXX_020_1_" },
					{ "time": 7.0666, "name": null }
				]
			},
			"JMgelXX_024_": {
				"attachment": [
					{ "time": 7.0666, "name": "JMgelXX_024_" },
					{ "time": 7.1666, "name": null }
				]
			},
			"JMgelXX_024_1_": {
				"attachment": [
					{ "time": 7.0666, "name": "JMgelXX_024_1_" },
					{ "time": 7.1666, "name": null }
				]
			},
			"JMgelXX_026_": {
				"attachment": [
					{ "time": 7.1666, "name": "JMgelXX_026_" },
					{ "time": 7.3, "name": null }
				]
			},
			"JMgelXX_026_1_": {
				"attachment": [
					{ "time": 7.1666, "name": "JMgelXX_026_1_" },
					{ "time": 7.3, "name": null }
				]
			},
			"JMgelXX_028_": {
				"attachment": [
					{ "time": 7.3, "name": "JMgelXX_028_" },
					{ "time": 7.4, "name": null }
				]
			},
			"JMgelXX_028_1_": {
				"attachment": [
					{ "time": 7.3, "name": "JMgelXX_028_1_" },
					{ "time": 7.4, "name": null }
				]
			},
			"JMgelXX_030_": {
				"attachment": [
					{ "time": 7.4, "name": "JMgelXX_030_" },
					{ "time": 7.5, "name": null }
				]
			},
			"JMgelXX_030_1_": {
				"attachment": [
					{ "time": 7.4, "name": "JMgelXX_030_1_" },
					{ "time": 7.5, "name": null }
				]
			},
			"JMgelXX_032_": {
				"attachment": [
					{ "time": 7.5, "name": "JMgelXX_032_" },
					{ "time": 7.6666, "name": null }
				]
			},
			"JMgelXX_032_1_": {
				"attachment": [
					{ "time": 7.5, "name": "JMgelXX_032_1_" },
					{ "time": 7.6666, "name": null }
				]
			},
			"JMgelXX_036_": {
				"attachment": [
					{ "time": 7.6666, "name": "JMgelXX_036_" },
					{ "time": 7.8333, "name": null },
					{ "time": 7.9333, "name": null }
				]
			},
			"JMgelXX_036_1_": {
				"attachment": [
					{ "time": 7.6666, "name": "JMgelXX_036_1_" },
					{ "time": 7.8333, "name": null },
					{ "time": 7.9333, "name": null }
				]
			},
			"JMgelXX_038_": {
				"attachment": [
					{ "time": 7.8333, "name": "JMgelXX_038_" },
					{ "time": 7.9333, "name": null }
				]
			},
			"JMgelXX_038_1_": {
				"attachment": [
					{ "time": 7.8333, "name": "JMgelXX_038_1_" },
					{ "time": 7.9333, "name": null }
				]
			}
		},
		"bones": {
			"bone": {
				"rotate": [
					{ "time": 5.8666, "angle": 0 }
				],
				"translate": [
					{ "time": 0, "x": 14.32, "y": 124.17, "curve": "stepped" },
					{ "time": 1.4666, "x": 14.32, "y": 124.17, "curve": "stepped" },
					{ "time": 2.9333, "x": 14.32, "y": 124.17, "curve": "stepped" },
					{ "time": 4.4, "x": 14.32, "y": 124.17, "curve": "stepped" },
					{ "time": 5.8666, "x": 14.32, "y": 124.17, "curve": "stepped" },
					{ "time": 7.9333, "x": 14.32, "y": 124.17 }
				],
				"scale": [
					{ "time": 5.8666, "x": 1, "y": 1 }
				]
			}
		}
	}
}
}