{"skeleton":{"hash":"aYNP8eKVWafFgRiGPGznIWkYZM8","spine":"2.1.27","width":0,"height":0,"images":"./images/"},"bones":[{"name":"root","y":16.23}],"slots":[{"name":"deerwalk_W_7_2_","bone":"root"},{"name":"deerwalk_W_7_1_","bone":"root"},{"name":"deerwalk_W_7_0_","bone":"root"},{"name":"deerwalk_W_6_2_","bone":"root"},{"name":"deerwalk_W_6_1_","bone":"root"},{"name":"deerwalk_W_6_0_","bone":"root"},{"name":"deerwalk_W_5_3_","bone":"root"},{"name":"deerwalk_W_5_2_","bone":"root"},{"name":"deerwalk_W_5_1_","bone":"root"},{"name":"deerwalk_W_5_0_","bone":"root"},{"name":"deerwalk_W_4_3_","bone":"root"},{"name":"deerwalk_W_4_2_","bone":"root"},{"name":"deerwalk_W_4_1_","bone":"root"},{"name":"deerwalk_W_4_0_","bone":"root"},{"name":"deerwalk_W_3_3_","bone":"root"},{"name":"deerwalk_W_3_2_","bone":"root"},{"name":"deerwalk_W_3_1_","bone":"root"},{"name":"deerwalk_W_3_0_","bone":"root"},{"name":"deerwalk_W_2_3_","bone":"root"},{"name":"deerwalk_W_2_2_","bone":"root"},{"name":"deerwalk_W_2_1_","bone":"root"},{"name":"deerwalk_W_2_0_","bone":"root"},{"name":"deerwalk_W_1_3_","bone":"root"},{"name":"deerwalk_W_1_2_","bone":"root"},{"name":"deerwalk_W_1_1_","bone":"root"},{"name":"deerwalk_W_1_0_","bone":"root"},{"name":"deerwalk_W_0_4_","bone":"root"},{"name":"deerwalk_W_0_3_","bone":"root"},{"name":"deerwalk_W_0_2_","bone":"root"},{"name":"deerwalk_W_0_1_","bone":"root"},{"name":"deerwalk_W_0_0_","bone":"root"},{"name":"deerwalk_SW_7_4_","bone":"root"},{"name":"deerwalk_SW_7_3_","bone":"root"},{"name":"deerwalk_SW_7_2_","bone":"root"},{"name":"deerwalk_SW_7_1_","bone":"root"},{"name":"deerwalk_SW_7_0_","bone":"root"},{"name":"deerwalk_SW_6_4_","bone":"root"},{"name":"deerwalk_SW_6_3_","bone":"root"},{"name":"deerwalk_SW_6_2_","bone":"root"},{"name":"deerwalk_SW_6_1_","bone":"root"},{"name":"deerwalk_SW_6_0_","bone":"root"},{"name":"deerwalk_SW_5_3_","bone":"root"},{"name":"deerwalk_SW_5_2_","bone":"root"},{"name":"deerwalk_SW_5_1_","bone":"root"},{"name":"deerwalk_SW_5_0_","bone":"root"},{"name":"deerwalk_SW_4_3_","bone":"root"},{"name":"deerwalk_SW_4_2_","bone":"root"},{"name":"deerwalk_SW_4_1_","bone":"root"},{"name":"deerwalk_SW_4_0_","bone":"root"},{"name":"deerwalk_SW_3_3_","bone":"root"},{"name":"deerwalk_SW_3_2_","bone":"root"},{"name":"deerwalk_SW_3_1_","bone":"root"},{"name":"deerwalk_SW_3_0_","bone":"root"},{"name":"deerwalk_SW_2_3_","bone":"root"},{"name":"deerwalk_SW_2_2_","bone":"root"},{"name":"deerwalk_SW_2_1_","bone":"root"},{"name":"deerwalk_SW_2_0_","bone":"root"},{"name":"deerwalk_SW_1_3_","bone":"root"},{"name":"deerwalk_SW_1_2_","bone":"root"},{"name":"deerwalk_SW_1_1_","bone":"root"},{"name":"deerwalk_SW_1_0_","bone":"root"},{"name":"deerwalk_SW_0_3_","bone":"root"},{"name":"deerwalk_SW_0_2_","bone":"root"},{"name":"deerwalk_SW_0_1_","bone":"root"},{"name":"deerwalk_SW_0_0_","bone":"root"},{"name":"deerwalk_S_7_3_","bone":"root"},{"name":"deerwalk_S_7_2_","bone":"root"},{"name":"deerwalk_S_7_1_","bone":"root"},{"name":"deerwalk_S_7_0_","bone":"root"},{"name":"deerwalk_S_7_4_","bone":"root"},{"name":"deerwalk_S_6_3_","bone":"root"},{"name":"deerwalk_S_6_2_","bone":"root"},{"name":"deerwalk_S_6_1_","bone":"root"},{"name":"deerwalk_S_6_0_","bone":"root"},{"name":"deerwalk_S_5_0_","bone":"root"},{"name":"deerwalk_S_5_1_","bone":"root"},{"name":"deerwalk_S_5_2_","bone":"root"},{"name":"deerwalk_S_5_3_","bone":"root"},{"name":"deerwalk_S_4_0_","bone":"root"},{"name":"deerwalk_S_4_1_","bone":"root"},{"name":"deerwalk_S_4_2_","bone":"root"},{"name":"deerwalk_S_4_3_","bone":"root"},{"name":"deerwalk_S_3_0_","bone":"root"},{"name":"deerwalk_S_3_1_","bone":"root"},{"name":"deerwalk_S_3_2_","bone":"root"},{"name":"deerwalk_S_3_3_","bone":"root"},{"name":"deerwalk_S_2_0_","bone":"root"},{"name":"deerwalk_S_2_1_","bone":"root"},{"name":"deerwalk_S_2_2_","bone":"root"},{"name":"deerwalk_S_2_3_","bone":"root"},{"name":"deerwalk_S_1_3_","bone":"root"},{"name":"deerwalk_S_1_2_","bone":"root"},{"name":"deerwalk_S_1_1_","bone":"root"},{"name":"deerwalk_S_1_0_","bone":"root"},{"name":"deerwalk_S_0_0_","bone":"root"},{"name":"deerwalk_S_0_1_","bone":"root"},{"name":"deerwalk_S_0_2_","bone":"root"},{"name":"deerwalk_S_0_3_","bone":"root"},{"name":"deerwalk_NW_7_4_","bone":"root"},{"name":"deerwalk_NW_7_3_","bone":"root"},{"name":"deerwalk_NW_7_2_","bone":"root"},{"name":"deerwalk_NW_7_1_","bone":"root"},{"name":"deerwalk_NW_7_0_","bone":"root"},{"name":"deerwalk_NW_6_4_","bone":"root"},{"name":"deerwalk_NW_6_3_","bone":"root"},{"name":"deerwalk_NW_6_2_","bone":"root"},{"name":"deerwalk_NW_6_1_","bone":"root"},{"name":"deerwalk_NW_6_0_","bone":"root"},{"name":"deerwalk_NW_5_4_","bone":"root"},{"name":"deerwalk_NW_5_3_","bone":"root"},{"name":"deerwalk_NW_5_2_","bone":"root"},{"name":"deerwalk_NW_5_1_","bone":"root"},{"name":"deerwalk_NW_5_0_","bone":"root"},{"name":"deerwalk_NW_4_3_","bone":"root"},{"name":"deerwalk_NW_4_2_","bone":"root"},{"name":"deerwalk_NW_4_1_","bone":"root"},{"name":"deerwalk_NW_4_0_","bone":"root"},{"name":"deerwalk_NW_3_3_","bone":"root"},{"name":"deerwalk_NW_3_2_","bone":"root"},{"name":"deerwalk_NW_3_1_","bone":"root"},{"name":"deerwalk_NW_3_0_","bone":"root"},{"name":"deerwalk_NW_2_3_","bone":"root"},{"name":"deerwalk_NW_2_2_","bone":"root"},{"name":"deerwalk_NW_2_1_","bone":"root"},{"name":"deerwalk_NW_2_0_","bone":"root"},{"name":"deerwalk_NW_1_3_","bone":"root"},{"name":"deerwalk_NW_1_2_","bone":"root"},{"name":"deerwalk_NW_1_1_","bone":"root"},{"name":"deerwalk_NW_1_0_","bone":"root"},{"name":"deerwalk_NW_0_4_","bone":"root"},{"name":"deerwalk_NW_0_3_","bone":"root"},{"name":"deerwalk_NW_0_2_","bone":"root"},{"name":"deerwalk_NW_0_1_","bone":"root"},{"name":"deerwalk_NW_0_0_","bone":"root"},{"name":"deerwalk_N_7_2_","bone":"root"},{"name":"deerwalk_N_7_1_","bone":"root"},{"name":"deerwalk_N_7_0_","bone":"root"},{"name":"deerwalk_N_6_1_","bone":"root"},{"name":"deerwalk_N_6_0_","bone":"root"},{"name":"deerwalk_N_5_0_","bone":"root"},{"name":"deerwalk_N_5_1_","bone":"root"},{"name":"deerwalk_N_5_2_","bone":"root"},{"name":"deerwalk_N_4_2_","bone":"root"},{"name":"deerwalk_N_4_1_","bone":"root"},{"name":"deerwalk_N_4_0_","bone":"root"},{"name":"deerwalk_N_3_2_","bone":"root"},{"name":"deerwalk_N_3_1_","bone":"root"},{"name":"deerwalk_N_3_0_","bone":"root"},{"name":"deerwalk_N_2_2_","bone":"root"},{"name":"deerwalk_N_2_1_","bone":"root"},{"name":"deerwalk_N_2_0_","bone":"root"},{"name":"deerwalk_N_1_2_","bone":"root"},{"name":"deerwalk_N_1_1_","bone":"root"},{"name":"deerwalk_N_1_0_","bone":"root"},{"name":"deerwalk_N_0_2_","bone":"root"},{"name":"deerwalk_N_0_1_","bone":"root"},{"name":"deerwalk_N_0_0_","bone":"root"},{"name":"deerwalk_N_6_2_","bone":"root"}],"skins":{"default":{"deerwalk_NW_0_0_":{"deerwalk_NW_0_0_":{"x":1.97,"y":109.81,"width":31,"height":36}},"deerwalk_NW_0_1_":{"deerwalk_NW_0_1_":{"x":35.97,"y":89.81,"width":43,"height":42}},"deerwalk_NW_0_3_":{"deerwalk_NW_0_3_":{"x":3.97,"y":29.31,"width":87,"height":85}},"deerwalk_NW_0_4_":{"deerwalk_NW_0_4_":{"x":-22.52,"y":-23.68,"width":32,"height":27}},"deerwalk_NW_1_0_":{"deerwalk_NW_1_0_":{"x":2.47,"y":109.31,"width":32,"height":39}},"deerwalk_NW_1_1_":{"deerwalk_NW_1_1_":{"x":36.47,"y":91.31,"width":42,"height":41}},"deerwalk_NW_1_2_":{"deerwalk_NW_1_2_":{"x":5.97,"y":31.81,"width":83,"height":84}},"deerwalk_NW_1_3_":{"deerwalk_NW_1_3_":{"x":-19.52,"y":-23.18,"width":20,"height":32}},"deerwalk_NW_2_0_":{"deerwalk_NW_2_0_":{"x":1.97,"y":109.81,"width":31,"height":38}},"deerwalk_NW_2_1_":{"deerwalk_NW_2_1_":{"x":35.97,"y":90.81,"width":43,"height":42}},"deerwalk_NW_2_2_":{"deerwalk_NW_2_2_":{"x":5.97,"y":29.31,"width":83,"height":87}},"deerwalk_NW_2_3_":{"deerwalk_NW_2_3_":{"x":-20.02,"y":-26.68,"width":27,"height":31}},"deerwalk_NW_3_0_":{"deerwalk_NW_3_0_":{"x":2.47,"y":108.31,"width":32,"height":39}},"deerwalk_NW_3_1_":{"deerwalk_NW_3_1_":{"x":36.47,"y":91.31,"width":42,"height":41}},"deerwalk_NW_3_2_":{"deerwalk_NW_3_2_":{"x":4.96,"y":28.31,"width":85,"height":91}},"deerwalk_NW_3_3_":{"deerwalk_NW_3_3_":{"x":-27.02,"y":-28.68,"width":27,"height":29}},"deerwalk_NW_4_0_":{"deerwalk_NW_4_0_":{"x":1.97,"y":109.31,"width":31,"height":37}},"deerwalk_NW_4_1_":{"deerwalk_NW_4_1_":{"x":35.97,"y":91.81,"width":43,"height":42}},"deerwalk_NW_4_2_":{"deerwalk_NW_4_2_":{"x":3.97,"y":27.31,"width":87,"height":93}},"deerwalk_NW_4_3_":{"deerwalk_NW_4_3_":{"x":-23.52,"y":-24.18,"width":26,"height":16}},"deerwalk_NW_5_0_":{"deerwalk_NW_5_0_":{"x":2.47,"y":108.81,"width":32,"height":40}},"deerwalk_NW_5_1_":{"deerwalk_NW_5_1_":{"x":36.47,"y":91.81,"width":42,"height":42}},"deerwalk_NW_5_2_":{"deerwalk_NW_5_2_":{"x":9.97,"y":53.31,"width":75,"height":41}},"deerwalk_NW_5_3_":{"deerwalk_NW_5_3_":{"x":-1.02,"y":10.31,"width":81,"height":51}},"deerwalk_NW_5_4_":{"deerwalk_NW_5_4_":{"x":-21.02,"y":-21.68,"width":41,"height":19}},"deerwalk_NW_6_0_":{"deerwalk_NW_6_0_":{"x":1.97,"y":109.81,"width":31,"height":38}},"deerwalk_NW_6_1_":{"deerwalk_NW_6_1_":{"x":35.97,"y":90.31,"width":43,"height":45}},"deerwalk_NW_6_2_":{"deerwalk_NW_6_2_":{"x":11.97,"y":30.81,"width":71,"height":80}},"deerwalk_NW_6_3_":{"deerwalk_NW_6_3_":{"x":-32.02,"y":13.31,"width":23,"height":45}},"deerwalk_NW_6_4_":{"deerwalk_NW_6_4_":{"x":-23.02,"y":-19.68,"width":49,"height":27}},"deerwalk_NW_7_0_":{"deerwalk_NW_7_0_":{"x":1.47,"y":109.31,"width":32,"height":37}},"deerwalk_NW_7_1_":{"deerwalk_NW_7_1_":{"x":35.47,"y":89.81,"width":42,"height":44}},"deerwalk_NW_7_2_":{"deerwalk_NW_7_2_":{"x":11.97,"y":29.31,"width":71,"height":83}},"deerwalk_NW_7_3_":{"deerwalk_NW_7_3_":{"x":-33.02,"y":12.81,"width":25,"height":50}},"deerwalk_NW_7_4_":{"deerwalk_NW_7_4_":{"x":-28.02,"y":-22.68,"width":51,"height":27}},"deerwalk_N_0_0_":{"deerwalk_N_0_0_":{"x":0.47,"y":105.81,"width":80,"height":38}},"deerwalk_N_0_1_":{"deerwalk_N_0_1_":{"x":-0.02,"y":58.31,"width":59,"height":63}},"deerwalk_N_0_2_":{"deerwalk_N_0_2_":{"x":0.47,"y":-5.68,"width":38,"height":71}},"deerwalk_N_1_0_":{"deerwalk_N_1_0_":{"x":0.47,"y":106.81,"width":80,"height":38}},"deerwalk_N_1_1_":{"deerwalk_N_1_1_":{"x":-0.02,"y":58.81,"width":59,"height":64}},"deerwalk_N_1_2_":{"deerwalk_N_1_2_":{"x":0.97,"y":-6.68,"width":37,"height":73}},"deerwalk_N_2_0_":{"deerwalk_N_2_0_":{"x":0.47,"y":105.81,"width":80,"height":38}},"deerwalk_N_2_1_":{"deerwalk_N_2_1_":{"x":-0.02,"y":57.81,"width":59,"height":64}},"deerwalk_N_2_2_":{"deerwalk_N_2_2_":{"x":0.97,"y":-9.18,"width":37,"height":76}},"deerwalk_N_3_0_":{"deerwalk_N_3_0_":{"x":0.47,"y":105.81,"width":80,"height":38}},"deerwalk_N_3_1_":{"deerwalk_N_3_1_":{"x":-0.02,"y":58.31,"width":59,"height":63}},"deerwalk_N_3_2_":{"deerwalk_N_3_2_":{"x":2.47,"y":-9.68,"width":40,"height":79}},"deerwalk_N_4_0_":{"deerwalk_N_4_0_":{"x":0.47,"y":106.31,"width":80,"height":37}},"deerwalk_N_4_1_":{"deerwalk_N_4_1_":{"x":-0.02,"y":58.81,"width":59,"height":64}},"deerwalk_N_4_2_":{"deerwalk_N_4_2_":{"x":0.47,"y":-5.68,"width":38,"height":71}},"deerwalk_N_5_0_":{"deerwalk_N_5_0_":{"x":-0.02,"y":57.81,"width":59,"height":66}},"deerwalk_N_5_1_":{"deerwalk_N_5_1_":{"x":0.47,"y":106.81,"width":80,"height":38}},"deerwalk_N_5_2_":{"deerwalk_N_5_2_":{"x":-0.52,"y":-8.18,"width":38,"height":72}},"deerwalk_N_6_0_":{"deerwalk_N_6_0_":{"x":-0.02,"y":57.31,"width":59,"height":65}},"deerwalk_N_6_1_":{"deerwalk_N_6_1_":{"x":-0.02,"y":-9.68,"width":37,"height":75}},"deerwalk_N_6_2_":{"deerwalk_N_6_2_":{"x":0.47,"y":105.76,"width":80,"height":38}},"deerwalk_N_7_0_":{"deerwalk_N_7_0_":{"x":-0.02,"y":57.31,"width":59,"height":63}},"deerwalk_N_7_1_":{"deerwalk_N_7_1_":{"x":0.97,"y":-9.68,"width":39,"height":77}},"deerwalk_N_7_2_":{"deerwalk_N_7_2_":{"x":0.47,"y":104.81,"width":80,"height":38}},"deerwalk_SW_0_0_":{"deerwalk_SW_0_0_":{"x":38.97,"y":89.31,"width":37,"height":43}},"deerwalk_SW_0_1_":{"deerwalk_SW_0_1_":{"x":-6.52,"y":77.81,"width":16,"height":20}},"deerwalk_SW_0_2_":{"deerwalk_SW_0_2_":{"x":8.47,"y":27.81,"width":96,"height":86}},"deerwalk_SW_0_3_":{"deerwalk_SW_0_3_":{"x":20.97,"y":-28.18,"width":33,"height":32}},"deerwalk_SW_1_0_":{"deerwalk_SW_1_0_":{"x":38.97,"y":89.31,"width":37,"height":45}},"deerwalk_SW_1_1_":{"deerwalk_SW_1_1_":{"x":-5.02,"y":77.81,"width":17,"height":22}},"deerwalk_SW_1_2_":{"deerwalk_SW_1_2_":{"x":8.47,"y":27.81,"width":98,"height":84}},"deerwalk_SW_1_3_":{"deerwalk_SW_1_3_":{"x":24.97,"y":-27.18,"width":25,"height":32}},"deerwalk_SW_2_0_":{"deerwalk_SW_2_0_":{"x":21.97,"y":-21.68,"width":35,"height":31}},"deerwalk_SW_2_1_":{"deerwalk_SW_2_1_":{"x":38.97,"y":88.31,"width":37,"height":45}},"deerwalk_SW_2_2_":{"deerwalk_SW_2_2_":{"x":-4.52,"y":77.31,"width":18,"height":23}},"deerwalk_SW_2_3_":{"deerwalk_SW_2_3_":{"x":4.96,"y":29.81,"width":103,"height":78}},"deerwalk_SW_3_0_":{"deerwalk_SW_3_0_":{"x":38.97,"y":88.31,"width":37,"height":45}},"deerwalk_SW_3_1_":{"deerwalk_SW_3_1_":{"x":-5.02,"y":76.81,"width":17,"height":22}},"deerwalk_SW_3_2_":{"deerwalk_SW_3_2_":{"x":0.97,"y":30.81,"width":107,"height":76}},"deerwalk_SW_3_3_":{"deerwalk_SW_3_3_":{"x":19.45,"y":-18.68,"width":44,"height":29}},"deerwalk_SW_4_0_":{"deerwalk_SW_4_0_":{"x":8.97,"y":31.81,"width":95,"height":74}},"deerwalk_SW_4_1_":{"deerwalk_SW_4_1_":{"x":38.97,"y":88.31,"width":37,"height":45}},"deerwalk_SW_4_2_":{"deerwalk_SW_4_2_":{"x":-5.52,"y":76.81,"width":18,"height":22}},"deerwalk_SW_4_3_":{"deerwalk_SW_4_3_":{"x":18.95,"y":-18.18,"width":49,"height":32}},"deerwalk_SW_5_0_":{"deerwalk_SW_5_0_":{"x":10.97,"y":28.81,"width":93,"height":82}},"deerwalk_SW_5_1_":{"deerwalk_SW_5_1_":{"x":38.97,"y":89.31,"width":37,"height":45}},"deerwalk_SW_5_2_":{"deerwalk_SW_5_2_":{"x":-5.02,"y":77.31,"width":17,"height":23}},"deerwalk_SW_5_3_":{"deerwalk_SW_5_3_":{"x":18.45,"y":-21.68,"width":44,"height":25}},"deerwalk_SW_6_0_":{"deerwalk_SW_6_0_":{"x":-16.02,"y":-6.18,"width":19,"height":18}},"deerwalk_SW_6_1_":{"deerwalk_SW_6_1_":{"x":24.97,"y":-13.68,"width":41,"height":33}},"deerwalk_SW_6_2_":{"deerwalk_SW_6_2_":{"x":-5.02,"y":77.81,"width":17,"height":22}},"deerwalk_SW_6_3_":{"deerwalk_SW_6_3_":{"x":38.97,"y":88.81,"width":37,"height":44}},"deerwalk_SW_6_4_":{"deerwalk_SW_6_4_":{"x":10.97,"y":34.81,"width":91,"height":70}},"deerwalk_SW_7_0_":{"deerwalk_SW_7_0_":{"x":-21.52,"y":-6.68,"width":18,"height":13}},"deerwalk_SW_7_1_":{"deerwalk_SW_7_1_":{"x":23.47,"y":-19.18,"width":36,"height":38}},"deerwalk_SW_7_2_":{"deerwalk_SW_7_2_":{"x":38.47,"y":89.31,"width":36,"height":43}},"deerwalk_SW_7_3_":{"deerwalk_SW_7_3_":{"x":-6.52,"y":77.81,"width":16,"height":20}},"deerwalk_SW_7_4_":{"deerwalk_SW_7_4_":{"x":7.47,"y":33.81,"width":94,"height":74}},"deerwalk_S_0_0_":{"deerwalk_S_0_0_":{"x":0.97,"y":-13.18,"width":43,"height":70}},"deerwalk_S_0_1_":{"deerwalk_S_0_1_":{"x":0.47,"y":45.31,"width":80,"height":53}},"deerwalk_S_0_2_":{"deerwalk_S_0_2_":{"x":28.97,"y":82.81,"width":23,"height":28}},"deerwalk_S_0_3_":{"deerwalk_S_0_3_":{"x":-28.02,"y":82.81,"width":23,"height":28}},"deerwalk_S_1_0_":{"deerwalk_S_1_0_":{"x":-28.02,"y":83.31,"width":23,"height":29}},"deerwalk_S_1_1_":{"deerwalk_S_1_1_":{"x":28.97,"y":83.31,"width":23,"height":29}},"deerwalk_S_1_2_":{"deerwalk_S_1_2_":{"x":0.47,"y":45.31,"width":80,"height":53}},"deerwalk_S_1_3_":{"deerwalk_S_1_3_":{"x":0.97,"y":-12.18,"width":43,"height":68}},"deerwalk_S_2_0_":{"deerwalk_S_2_0_":{"x":0.97,"y":-9.68,"width":43,"height":61}},"deerwalk_S_2_1_":{"deerwalk_S_2_1_":{"x":0.47,"y":44.31,"width":80,"height":53}},"deerwalk_S_2_2_":{"deerwalk_S_2_2_":{"x":28.97,"y":82.81,"width":23,"height":30}},"deerwalk_S_2_3_":{"deerwalk_S_2_3_":{"x":-23.02,"y":82.81,"width":33,"height":30}},"deerwalk_S_3_0_":{"deerwalk_S_3_0_":{"x":0.97,"y":-10.18,"width":43,"height":62}},"deerwalk_S_3_1_":{"deerwalk_S_3_1_":{"x":0.47,"y":44.81,"width":80,"height":54}},"deerwalk_S_3_2_":{"deerwalk_S_3_2_":{"x":28.97,"y":82.81,"width":23,"height":28}},"deerwalk_S_3_3_":{"deerwalk_S_3_3_":{"x":-28.02,"y":82.81,"width":23,"height":28}},"deerwalk_S_4_0_":{"deerwalk_S_4_0_":{"x":0.47,"y":-12.18,"width":44,"height":66}},"deerwalk_S_4_1_":{"deerwalk_S_4_1_":{"x":0.47,"y":45.31,"width":80,"height":55}},"deerwalk_S_4_2_":{"deerwalk_S_4_2_":{"x":28.97,"y":83.31,"width":23,"height":27}},"deerwalk_S_4_3_":{"deerwalk_S_4_3_":{"x":-28.02,"y":83.31,"width":23,"height":27}},"deerwalk_S_5_0_":{"deerwalk_S_5_0_":{"x":0.47,"y":45.81,"width":80,"height":54}},"deerwalk_S_5_1_":{"deerwalk_S_5_1_":{"x":28.97,"y":83.81,"width":23,"height":28}},"deerwalk_S_5_2_":{"deerwalk_S_5_2_":{"x":-28.02,"y":83.81,"width":23,"height":28}},"deerwalk_S_5_3_":{"deerwalk_S_5_3_":{"x":0.47,"y":-11.18,"width":44,"height":66}},"deerwalk_S_6_0_":{"deerwalk_S_6_0_":{"x":0.47,"y":63.31,"width":80,"height":13}},"deerwalk_S_6_1_":{"deerwalk_S_6_1_":{"x":-23.02,"y":82.31,"width":33,"height":31}},"deerwalk_S_6_2_":{"deerwalk_S_6_2_":{"x":28.97,"y":82.31,"width":23,"height":31}},"deerwalk_S_6_3_":{"deerwalk_S_6_3_":{"x":0.47,"y":10.81,"width":60,"height":98}},"deerwalk_S_7_0_":{"deerwalk_S_7_0_":{"x":0.47,"y":-23.18,"width":32,"height":40}},"deerwalk_S_7_1_":{"deerwalk_S_7_1_":{"x":0.97,"y":63.81,"width":79,"height":14}},"deerwalk_S_7_2_":{"deerwalk_S_7_2_":{"x":-28.02,"y":82.81,"width":23,"height":30}},"deerwalk_S_7_3_":{"deerwalk_S_7_3_":{"x":28.97,"y":82.81,"width":23,"height":30}},"deerwalk_S_7_4_":{"deerwalk_S_7_4_":{"x":0.47,"y":26.81,"width":60,"height":66}},"deerwalk_W_0_0_":{"deerwalk_W_0_0_":{"x":19.45,"y":36.81,"width":86,"height":54}},"deerwalk_W_0_1_":{"deerwalk_W_0_1_":{"x":-32.02,"y":28.81,"width":23,"height":38}},"deerwalk_W_0_2_":{"deerwalk_W_0_2_":{"x":-28.02,"y":-3.18,"width":23,"height":32}},"deerwalk_W_0_3_":{"deerwalk_W_0_3_":{"x":24.97,"y":-3.18,"width":53,"height":32}},"deerwalk_W_0_4_":{"deerwalk_W_0_4_":{"x":32.97,"y":86.81,"width":47,"height":52}},"deerwalk_W_1_0_":{"deerwalk_W_1_0_":{"x":8.97,"y":38.81,"width":107,"height":46}},"deerwalk_W_1_1_":{"deerwalk_W_1_1_":{"x":-26.02,"y":-0.18,"width":37,"height":38}},"deerwalk_W_1_2_":{"deerwalk_W_1_2_":{"x":25.97,"y":-0.68,"width":45,"height":39}},"deerwalk_W_1_3_":{"deerwalk_W_1_3_":{"x":33.47,"y":86.31,"width":48,"height":55}},"deerwalk_W_2_0_":{"deerwalk_W_2_0_":{"x":7.47,"y":38.81,"width":108,"height":48}},"deerwalk_W_2_1_":{"deerwalk_W_2_1_":{"x":-26.52,"y":-0.18,"width":44,"height":36}},"deerwalk_W_2_2_":{"deerwalk_W_2_2_":{"x":32.47,"y":-1.68,"width":34,"height":39}},"deerwalk_W_2_3_":{"deerwalk_W_2_3_":{"x":32.97,"y":86.81,"width":47,"height":54}},"deerwalk_W_3_0_":{"deerwalk_W_3_0_":{"x":7.47,"y":38.81,"width":110,"height":46}},"deerwalk_W_3_1_":{"deerwalk_W_3_1_":{"x":-31.52,"y":1.31,"width":48,"height":35}},"deerwalk_W_3_2_":{"deerwalk_W_3_2_":{"x":26.47,"y":-0.68,"width":44,"height":39}},"deerwalk_W_3_3_":{"deerwalk_W_3_3_":{"x":33.47,"y":85.81,"width":46,"height":54}},"deerwalk_W_4_0_":{"deerwalk_W_4_0_":{"x":9.47,"y":37.31,"width":106,"height":53}},"deerwalk_W_4_1_":{"deerwalk_W_4_1_":{"x":-24.02,"y":-0.18,"width":27,"height":28}},"deerwalk_W_4_2_":{"deerwalk_W_4_2_":{"x":24.97,"y":-2.68,"width":45,"height":33}},"deerwalk_W_4_3_":{"deerwalk_W_4_3_":{"x":32.97,"y":86.81,"width":47,"height":52}},"deerwalk_W_5_0_":{"deerwalk_W_5_0_":{"x":8.47,"y":35.81,"width":108,"height":54}},"deerwalk_W_5_1_":{"deerwalk_W_5_1_":{"x":-25.52,"y":-1.68,"width":34,"height":27}},"deerwalk_W_5_2_":{"deerwalk_W_5_2_":{"x":26.47,"y":-1.68,"width":38,"height":27}},"deerwalk_W_5_3_":{"deerwalk_W_5_3_":{"x":32.97,"y":86.81,"width":47,"height":54}},"deerwalk_W_6_0_":{"deerwalk_W_6_0_":{"x":18.95,"y":22.31,"width":85,"height":79}},"deerwalk_W_6_1_":{"deerwalk_W_6_1_":{"x":-34.52,"y":18.81,"width":28,"height":54}},"deerwalk_W_6_2_":{"deerwalk_W_6_2_":{"x":32.97,"y":86.31,"width":47,"height":55}},"deerwalk_W_7_0_":{"deerwalk_W_7_0_":{"x":16.95,"y":22.31,"width":91,"height":81}},"deerwalk_W_7_1_":{"deerwalk_W_7_1_":{"x":-40.52,"y":19.31,"width":30,"height":51}},"deerwalk_W_7_2_":{"deerwalk_W_7_2_":{"x":30.47,"y":86.31,"width":50,"height":53}}}},"animations":{"walk_0":{"slots":{"deerwalk_W_0_0_":{"attachment":[{"time":0,"name":"deerwalk_W_0_0_"},{"time":0.1666,"name":null},{"time":1.1666,"name":null},{"time":1.3333,"name":"deerwalk_W_0_0_"}]},"deerwalk_W_0_1_":{"attachment":[{"time":0,"name":"deerwalk_W_0_1_"},{"time":0.1666,"name":null},{"time":1.1666,"name":null},{"time":1.3333,"name":"deerwalk_W_0_1_"}]},"deerwalk_W_0_2_":{"attachment":[{"time":0,"name":"deerwalk_W_0_2_"},{"time":0.1666,"name":null},{"time":1.1666,"name":null},{"time":1.3333,"name":"deerwalk_W_0_2_"}]},"deerwalk_W_0_3_":{"attachment":[{"time":0,"name":"deerwalk_W_0_3_"},{"time":0.1666,"name":null},{"time":1.1666,"name":null},{"time":1.3333,"name":"deerwalk_W_0_3_"}]},"deerwalk_W_0_4_":{"attachment":[{"time":0,"name":"deerwalk_W_0_4_"},{"time":0.1666,"name":null},{"time":1.1666,"name":null},{"time":1.3333,"name":"deerwalk_W_0_4_"}]},"deerwalk_W_1_0_":{"attachment":[{"time":0,"name":null},{"time":0.1666,"name":"deerwalk_W_1_0_"},{"time":0.3333,"name":null}]},"deerwalk_W_1_1_":{"attachment":[{"time":0,"name":null},{"time":0.1666,"name":"deerwalk_W_1_1_"},{"time":0.3333,"name":null}]},"deerwalk_W_1_2_":{"attachment":[{"time":0,"name":null},{"time":0.1666,"name":"deerwalk_W_1_2_"},{"time":0.3333,"name":null}]},"deerwalk_W_1_3_":{"attachment":[{"time":0,"name":null},{"time":0.1666,"name":"deerwalk_W_1_3_"},{"time":0.3333,"name":null}]},"deerwalk_W_2_0_":{"attachment":[{"time":0.1666,"name":null},{"time":0.3333,"name":"deerwalk_W_2_0_"},{"time":0.5,"name":null}]},"deerwalk_W_2_1_":{"attachment":[{"time":0.1666,"name":null},{"time":0.3333,"name":"deerwalk_W_2_1_"},{"time":0.5,"name":null}]},"deerwalk_W_2_2_":{"attachment":[{"time":0.1666,"name":null},{"time":0.3333,"name":"deerwalk_W_2_2_"},{"time":0.5,"name":null}]},"deerwalk_W_2_3_":{"attachment":[{"time":0.1666,"name":null},{"time":0.3333,"name":"deerwalk_W_2_3_"},{"time":0.5,"name":null}]},"deerwalk_W_3_0_":{"attachment":[{"time":0.3333,"name":null},{"time":0.5,"name":"deerwalk_W_3_0_"},{"time":0.6666,"name":null}]},"deerwalk_W_3_1_":{"attachment":[{"time":0.3333,"name":null},{"time":0.5,"name":"deerwalk_W_3_1_"},{"time":0.6666,"name":null}]},"deerwalk_W_3_2_":{"attachment":[{"time":0.3333,"name":null},{"time":0.5,"name":"deerwalk_W_3_2_"},{"time":0.6666,"name":null}]},"deerwalk_W_3_3_":{"attachment":[{"time":0.3333,"name":null},{"time":0.5,"name":"deerwalk_W_3_3_"},{"time":0.6666,"name":null}]},"deerwalk_W_4_0_":{"attachment":[{"time":0.5,"name":null},{"time":0.6666,"name":"deerwalk_W_4_0_"},{"time":0.8333,"name":null}]},"deerwalk_W_4_1_":{"attachment":[{"time":0.5,"name":null},{"time":0.6666,"name":"deerwalk_W_4_1_"},{"time":0.8333,"name":null}]},"deerwalk_W_4_2_":{"attachment":[{"time":0.5,"name":null},{"time":0.6666,"name":"deerwalk_W_4_2_"},{"time":0.8333,"name":null}]},"deerwalk_W_4_3_":{"attachment":[{"time":0.5,"name":null},{"time":0.6666,"name":"deerwalk_W_4_3_"},{"time":0.8333,"name":null}]},"deerwalk_W_5_0_":{"attachment":[{"time":0.6666,"name":null},{"time":0.8333,"name":"deerwalk_W_5_0_"},{"time":1,"name":null}]},"deerwalk_W_5_1_":{"attachment":[{"time":0.6666,"name":null},{"time":0.8333,"name":"deerwalk_W_5_1_"},{"time":1,"name":null}]},"deerwalk_W_5_2_":{"attachment":[{"time":0.6666,"name":null},{"time":0.8333,"name":"deerwalk_W_5_2_"},{"time":1,"name":null}]},"deerwalk_W_5_3_":{"attachment":[{"time":0.6666,"name":null},{"time":0.8333,"name":"deerwalk_W_5_3_"},{"time":1,"name":null}]},"deerwalk_W_6_0_":{"attachment":[{"time":0.8333,"name":null},{"time":1,"name":"deerwalk_W_6_0_"},{"time":1.1666,"name":null}]},"deerwalk_W_6_1_":{"attachment":[{"time":0.8333,"name":null},{"time":1,"name":"deerwalk_W_6_1_"},{"time":1.1666,"name":null}]},"deerwalk_W_6_2_":{"attachment":[{"time":0.8333,"name":null},{"time":1,"name":"deerwalk_W_6_2_"},{"time":1.1666,"name":null}]},"deerwalk_W_7_0_":{"attachment":[{"time":1,"name":null},{"time":1.1666,"name":"deerwalk_W_7_0_"},{"time":1.3333,"name":null}]},"deerwalk_W_7_1_":{"attachment":[{"time":1,"name":null},{"time":1.1666,"name":"deerwalk_W_7_1_"},{"time":1.3333,"name":null}]},"deerwalk_W_7_2_":{"attachment":[{"time":1,"name":null},{"time":1.1666,"name":"deerwalk_W_7_2_"},{"time":1.3333,"name":null}]}},"bones":{"root":{"scale":[{"time":0,"x":-1,"y":1}]}}},"walk_1":{"slots":{"deerwalk_SW_0_0_":{"attachment":[{"time":0,"name":"deerwalk_SW_0_0_"},{"time":0.1666,"name":null},{"time":1.1666,"name":null},{"time":1.3333,"name":"deerwalk_SW_0_0_"}]},"deerwalk_SW_0_1_":{"attachment":[{"time":0,"name":"deerwalk_SW_0_1_"},{"time":0.1666,"name":null},{"time":1.1666,"name":null},{"time":1.3333,"name":"deerwalk_SW_0_1_"}]},"deerwalk_SW_0_2_":{"attachment":[{"time":0,"name":"deerwalk_SW_0_2_"},{"time":0.1666,"name":null},{"time":1.1666,"name":null},{"time":1.3333,"name":"deerwalk_SW_0_2_"}]},"deerwalk_SW_0_3_":{"attachment":[{"time":0,"name":"deerwalk_SW_0_3_"},{"time":0.1666,"name":null},{"time":1.1666,"name":null},{"time":1.3333,"name":"deerwalk_SW_0_3_"}]},"deerwalk_SW_1_0_":{"attachment":[{"time":0,"name":null},{"time":0.1666,"name":"deerwalk_SW_1_0_"},{"time":0.3333,"name":null}]},"deerwalk_SW_1_1_":{"attachment":[{"time":0,"name":null},{"time":0.1666,"name":"deerwalk_SW_1_1_"},{"time":0.3333,"name":null}]},"deerwalk_SW_1_2_":{"attachment":[{"time":0,"name":null},{"time":0.1666,"name":"deerwalk_SW_1_2_"},{"time":0.3333,"name":null}]},"deerwalk_SW_1_3_":{"attachment":[{"time":0,"name":null},{"time":0.1666,"name":"deerwalk_SW_1_3_"},{"time":0.3333,"name":null}]},"deerwalk_SW_2_0_":{"attachment":[{"time":0.1666,"name":null},{"time":0.3333,"name":"deerwalk_SW_2_0_"},{"time":0.5,"name":null}]},"deerwalk_SW_2_1_":{"attachment":[{"time":0.1666,"name":null},{"time":0.3333,"name":"deerwalk_SW_2_1_"},{"time":0.5,"name":null}]},"deerwalk_SW_2_2_":{"attachment":[{"time":0.1666,"name":null},{"time":0.3333,"name":"deerwalk_SW_2_2_"},{"time":0.5,"name":null}]},"deerwalk_SW_2_3_":{"attachment":[{"time":0.1666,"name":null},{"time":0.3333,"name":"deerwalk_SW_2_3_"},{"time":0.5,"name":null}]},"deerwalk_SW_3_0_":{"attachment":[{"time":0.3333,"name":null},{"time":0.5,"name":"deerwalk_SW_3_0_"},{"time":0.6666,"name":null}]},"deerwalk_SW_3_1_":{"attachment":[{"time":0.3333,"name":null},{"time":0.5,"name":"deerwalk_SW_3_1_"},{"time":0.6666,"name":null}]},"deerwalk_SW_3_2_":{"attachment":[{"time":0.3333,"name":null},{"time":0.5,"name":"deerwalk_SW_3_2_"},{"time":0.6666,"name":null}]},"deerwalk_SW_3_3_":{"attachment":[{"time":0.3333,"name":null},{"time":0.5,"name":"deerwalk_SW_3_3_"},{"time":0.6666,"name":null}]},"deerwalk_SW_4_0_":{"attachment":[{"time":0.5,"name":null},{"time":0.6666,"name":"deerwalk_SW_4_0_"},{"time":0.8333,"name":null}]},"deerwalk_SW_4_1_":{"attachment":[{"time":0.5,"name":null},{"time":0.6666,"name":"deerwalk_SW_4_1_"},{"time":0.8333,"name":null}]},"deerwalk_SW_4_2_":{"attachment":[{"time":0.5,"name":null},{"time":0.6666,"name":"deerwalk_SW_4_2_"},{"time":0.8333,"name":null}]},"deerwalk_SW_4_3_":{"attachment":[{"time":0.5,"name":null},{"time":0.6666,"name":"deerwalk_SW_4_3_"},{"time":0.8333,"name":null}]},"deerwalk_SW_5_0_":{"attachment":[{"time":0.6666,"name":null},{"time":0.8333,"name":"deerwalk_SW_5_0_"},{"time":1,"name":null}]},"deerwalk_SW_5_1_":{"attachment":[{"time":0.6666,"name":null},{"time":0.8333,"name":"deerwalk_SW_5_1_"},{"time":1,"name":null}]},"deerwalk_SW_5_2_":{"attachment":[{"time":0.6666,"name":null},{"time":0.8333,"name":"deerwalk_SW_5_2_"},{"time":1,"name":null}]},"deerwalk_SW_5_3_":{"attachment":[{"time":0.6666,"name":null},{"time":0.8333,"name":"deerwalk_SW_5_3_"},{"time":1,"name":null}]},"deerwalk_SW_6_0_":{"attachment":[{"time":0.8333,"name":null},{"time":1,"name":"deerwalk_SW_6_0_"},{"time":1.1666,"name":null}]},"deerwalk_SW_6_1_":{"attachment":[{"time":0.8333,"name":null},{"time":1,"name":"deerwalk_SW_6_1_"},{"time":1.1666,"name":null}]},"deerwalk_SW_6_2_":{"attachment":[{"time":0.8333,"name":null},{"time":1,"name":"deerwalk_SW_6_2_"},{"time":1.1666,"name":null}]},"deerwalk_SW_6_3_":{"attachment":[{"time":0.8333,"name":null},{"time":1,"name":"deerwalk_SW_6_3_"},{"time":1.1666,"name":null}]},"deerwalk_SW_6_4_":{"attachment":[{"time":0.8333,"name":null},{"time":1,"name":"deerwalk_SW_6_4_"},{"time":1.1666,"name":null}]},"deerwalk_SW_7_0_":{"attachment":[{"time":1,"name":null},{"time":1.1666,"name":"deerwalk_SW_7_0_"},{"time":1.3333,"name":null}]},"deerwalk_SW_7_1_":{"attachment":[{"time":1,"name":null},{"time":1.1666,"name":"deerwalk_SW_7_1_"},{"time":1.3333,"name":null}]},"deerwalk_SW_7_2_":{"attachment":[{"time":1,"name":null},{"time":1.1666,"name":"deerwalk_SW_7_2_"},{"time":1.3333,"name":null}]},"deerwalk_SW_7_3_":{"attachment":[{"time":1,"name":null},{"time":1.1666,"name":"deerwalk_SW_7_3_"},{"time":1.3333,"name":null}]},"deerwalk_SW_7_4_":{"attachment":[{"time":1,"name":null},{"time":1.1666,"name":"deerwalk_SW_7_4_"},{"time":1.3333,"name":null}]}},"bones":{"root":{"scale":[{"time":0,"x":-1,"y":1}]}}},"walk_2":{"slots":{"deerwalk_S_0_0_":{"attachment":[{"time":0,"name":"deerwalk_S_0_0_"},{"time":0.1666,"name":null},{"time":1.1666,"name":null},{"time":1.3333,"name":"deerwalk_S_0_0_"}]},"deerwalk_S_0_1_":{"attachment":[{"time":0,"name":"deerwalk_S_0_1_"},{"time":0.1666,"name":null},{"time":1.1666,"name":null},{"time":1.3333,"name":"deerwalk_S_0_1_"}]},"deerwalk_S_0_2_":{"attachment":[{"time":0,"name":"deerwalk_S_0_2_"},{"time":0.1666,"name":null},{"time":1.1666,"name":null},{"time":1.3333,"name":"deerwalk_S_0_2_"}]},"deerwalk_S_0_3_":{"attachment":[{"time":0,"name":"deerwalk_S_0_3_"},{"time":0.1666,"name":null},{"time":1.1666,"name":null},{"time":1.3333,"name":"deerwalk_S_0_3_"}]},"deerwalk_S_1_0_":{"attachment":[{"time":0,"name":null},{"time":0.1666,"name":"deerwalk_S_1_0_"},{"time":0.3333,"name":null}]},"deerwalk_S_1_1_":{"attachment":[{"time":0,"name":null},{"time":0.1666,"name":"deerwalk_S_1_1_"},{"time":0.3333,"name":null}]},"deerwalk_S_1_2_":{"attachment":[{"time":0,"name":null},{"time":0.1666,"name":"deerwalk_S_1_2_"},{"time":0.3333,"name":null}]},"deerwalk_S_1_3_":{"attachment":[{"time":0,"name":null},{"time":0.1666,"name":"deerwalk_S_1_3_"},{"time":0.3333,"name":null}]},"deerwalk_S_2_0_":{"attachment":[{"time":0.1666,"name":null},{"time":0.3333,"name":"deerwalk_S_2_0_"},{"time":0.5,"name":null}]},"deerwalk_S_2_1_":{"attachment":[{"time":0.1666,"name":null},{"time":0.3333,"name":"deerwalk_S_2_1_"},{"time":0.5,"name":null}]},"deerwalk_S_2_2_":{"attachment":[{"time":0.1666,"name":null},{"time":0.3333,"name":"deerwalk_S_2_2_"},{"time":0.5,"name":null}]},"deerwalk_S_2_3_":{"attachment":[{"time":0.1666,"name":null},{"time":0.3333,"name":"deerwalk_S_2_3_"},{"time":0.5,"name":null}]},"deerwalk_S_3_0_":{"attachment":[{"time":0.3333,"name":null},{"time":0.5,"name":"deerwalk_S_3_0_"},{"time":0.6666,"name":null}]},"deerwalk_S_3_1_":{"attachment":[{"time":0.3333,"name":null},{"time":0.5,"name":"deerwalk_S_3_1_"},{"time":0.6666,"name":null}]},"deerwalk_S_3_2_":{"attachment":[{"time":0.3333,"name":null},{"time":0.5,"name":"deerwalk_S_3_2_"},{"time":0.6666,"name":null}]},"deerwalk_S_3_3_":{"attachment":[{"time":0.3333,"name":null},{"time":0.5,"name":"deerwalk_S_3_3_"},{"time":0.6666,"name":null}]},"deerwalk_S_4_0_":{"attachment":[{"time":0.5,"name":null},{"time":0.6666,"name":"deerwalk_S_4_0_"},{"time":0.8333,"name":null}]},"deerwalk_S_4_1_":{"attachment":[{"time":0.5,"name":null},{"time":0.6666,"name":"deerwalk_S_4_1_"},{"time":0.8333,"name":null}]},"deerwalk_S_4_2_":{"attachment":[{"time":0.5,"name":null},{"time":0.6666,"name":"deerwalk_S_4_2_"},{"time":0.8333,"name":null}]},"deerwalk_S_4_3_":{"attachment":[{"time":0.5,"name":null},{"time":0.6666,"name":"deerwalk_S_4_3_"},{"time":0.8333,"name":null}]},"deerwalk_S_5_0_":{"attachment":[{"time":0.6666,"name":null},{"time":0.8333,"name":"deerwalk_S_5_0_"},{"time":1,"name":null}]},"deerwalk_S_5_1_":{"attachment":[{"time":0.6666,"name":null},{"time":0.8333,"name":"deerwalk_S_5_1_"},{"time":1,"name":null}]},"deerwalk_S_5_2_":{"attachment":[{"time":0.6666,"name":null},{"time":0.8333,"name":"deerwalk_S_5_2_"},{"time":1,"name":null}]},"deerwalk_S_5_3_":{"attachment":[{"time":0.6666,"name":null},{"time":0.8333,"name":"deerwalk_S_5_3_"},{"time":1,"name":null}]},"deerwalk_S_6_0_":{"attachment":[{"time":0.8333,"name":null},{"time":1,"name":"deerwalk_S_6_0_"},{"time":1.1666,"name":null}]},"deerwalk_S_6_1_":{"attachment":[{"time":0.8333,"name":null},{"time":1,"name":"deerwalk_S_6_1_"},{"time":1.1666,"name":null}]},"deerwalk_S_6_2_":{"attachment":[{"time":0.8333,"name":null},{"time":1,"name":"deerwalk_S_6_2_"},{"time":1.1666,"name":null}]},"deerwalk_S_6_3_":{"attachment":[{"time":0.8333,"name":null},{"time":1,"name":"deerwalk_S_6_3_"},{"time":1.1666,"name":null}]},"deerwalk_S_7_0_":{"attachment":[{"time":1,"name":null},{"time":1.1666,"name":"deerwalk_S_7_0_"},{"time":1.3333,"name":null}]},"deerwalk_S_7_1_":{"attachment":[{"time":1,"name":null},{"time":1.1666,"name":"deerwalk_S_7_1_"},{"time":1.3333,"name":null}]},"deerwalk_S_7_2_":{"attachment":[{"time":1,"name":null},{"time":1.1666,"name":"deerwalk_S_7_2_"},{"time":1.3333,"name":null}]},"deerwalk_S_7_3_":{"attachment":[{"time":1,"name":null},{"time":1.1666,"name":"deerwalk_S_7_3_"},{"time":1.3333,"name":null}]},"deerwalk_S_7_4_":{"attachment":[{"time":1,"name":null},{"time":1.1666,"name":"deerwalk_S_7_4_"},{"time":1.3333,"name":null}]}}},"walk_3":{"slots":{"deerwalk_SW_0_0_":{"attachment":[{"time":0,"name":"deerwalk_SW_0_0_"},{"time":0.1666,"name":null},{"time":1.1666,"name":null},{"time":1.3333,"name":"deerwalk_SW_0_0_"}]},"deerwalk_SW_0_1_":{"attachment":[{"time":0,"name":"deerwalk_SW_0_1_"},{"time":0.1666,"name":null},{"time":1.1666,"name":null},{"time":1.3333,"name":"deerwalk_SW_0_1_"}]},"deerwalk_SW_0_2_":{"attachment":[{"time":0,"name":"deerwalk_SW_0_2_"},{"time":0.1666,"name":null},{"time":1.1666,"name":null},{"time":1.3333,"name":"deerwalk_SW_0_2_"}]},"deerwalk_SW_0_3_":{"attachment":[{"time":0,"name":"deerwalk_SW_0_3_"},{"time":0.1666,"name":null},{"time":1.1666,"name":null},{"time":1.3333,"name":"deerwalk_SW_0_3_"}]},"deerwalk_SW_1_0_":{"attachment":[{"time":0,"name":null},{"time":0.1666,"name":"deerwalk_SW_1_0_"},{"time":0.3333,"name":null}]},"deerwalk_SW_1_1_":{"attachment":[{"time":0,"name":null},{"time":0.1666,"name":"deerwalk_SW_1_1_"},{"time":0.3333,"name":null}]},"deerwalk_SW_1_2_":{"attachment":[{"time":0,"name":null},{"time":0.1666,"name":"deerwalk_SW_1_2_"},{"time":0.3333,"name":null}]},"deerwalk_SW_1_3_":{"attachment":[{"time":0,"name":null},{"time":0.1666,"name":"deerwalk_SW_1_3_"},{"time":0.3333,"name":null}]},"deerwalk_SW_2_0_":{"attachment":[{"time":0.1666,"name":null},{"time":0.3333,"name":"deerwalk_SW_2_0_"},{"time":0.5,"name":null}]},"deerwalk_SW_2_1_":{"attachment":[{"time":0.1666,"name":null},{"time":0.3333,"name":"deerwalk_SW_2_1_"},{"time":0.5,"name":null}]},"deerwalk_SW_2_2_":{"attachment":[{"time":0.1666,"name":null},{"time":0.3333,"name":"deerwalk_SW_2_2_"},{"time":0.5,"name":null}]},"deerwalk_SW_2_3_":{"attachment":[{"time":0.1666,"name":null},{"time":0.3333,"name":"deerwalk_SW_2_3_"},{"time":0.5,"name":null}]},"deerwalk_SW_3_0_":{"attachment":[{"time":0.3333,"name":null},{"time":0.5,"name":"deerwalk_SW_3_0_"},{"time":0.6666,"name":null}]},"deerwalk_SW_3_1_":{"attachment":[{"time":0.3333,"name":null},{"time":0.5,"name":"deerwalk_SW_3_1_"},{"time":0.6666,"name":null}]},"deerwalk_SW_3_2_":{"attachment":[{"time":0.3333,"name":null},{"time":0.5,"name":"deerwalk_SW_3_2_"},{"time":0.6666,"name":null}]},"deerwalk_SW_3_3_":{"attachment":[{"time":0.3333,"name":null},{"time":0.5,"name":"deerwalk_SW_3_3_"},{"time":0.6666,"name":null}]},"deerwalk_SW_4_0_":{"attachment":[{"time":0.5,"name":null},{"time":0.6666,"name":"deerwalk_SW_4_0_"},{"time":0.8333,"name":null}]},"deerwalk_SW_4_1_":{"attachment":[{"time":0.5,"name":null},{"time":0.6666,"name":"deerwalk_SW_4_1_"},{"time":0.8333,"name":null}]},"deerwalk_SW_4_2_":{"attachment":[{"time":0.5,"name":null},{"time":0.6666,"name":"deerwalk_SW_4_2_"},{"time":0.8333,"name":null}]},"deerwalk_SW_4_3_":{"attachment":[{"time":0.5,"name":null},{"time":0.6666,"name":"deerwalk_SW_4_3_"},{"time":0.8333,"name":null}]},"deerwalk_SW_5_0_":{"attachment":[{"time":0.6666,"name":null},{"time":0.8333,"name":"deerwalk_SW_5_0_"},{"time":1,"name":null}]},"deerwalk_SW_5_1_":{"attachment":[{"time":0.6666,"name":null},{"time":0.8333,"name":"deerwalk_SW_5_1_"},{"time":1,"name":null}]},"deerwalk_SW_5_2_":{"attachment":[{"time":0.6666,"name":null},{"time":0.8333,"name":"deerwalk_SW_5_2_"},{"time":1,"name":null}]},"deerwalk_SW_5_3_":{"attachment":[{"time":0.6666,"name":null},{"time":0.8333,"name":"deerwalk_SW_5_3_"},{"time":1,"name":null}]},"deerwalk_SW_6_0_":{"attachment":[{"time":0.8333,"name":null},{"time":1,"name":"deerwalk_SW_6_0_"},{"time":1.1666,"name":null}]},"deerwalk_SW_6_1_":{"attachment":[{"time":0.8333,"name":null},{"time":1,"name":"deerwalk_SW_6_1_"},{"time":1.1666,"name":null}]},"deerwalk_SW_6_2_":{"attachment":[{"time":0.8333,"name":null},{"time":1,"name":"deerwalk_SW_6_2_"},{"time":1.1666,"name":null}]},"deerwalk_SW_6_3_":{"attachment":[{"time":0.8333,"name":null},{"time":1,"name":"deerwalk_SW_6_3_"},{"time":1.1666,"name":null}]},"deerwalk_SW_6_4_":{"attachment":[{"time":0.8333,"name":null},{"time":1,"name":"deerwalk_SW_6_4_"},{"time":1.1666,"name":null}]},"deerwalk_SW_7_0_":{"attachment":[{"time":1,"name":null},{"time":1.1666,"name":"deerwalk_SW_7_0_"},{"time":1.3333,"name":null}]},"deerwalk_SW_7_1_":{"attachment":[{"time":1,"name":null},{"time":1.1666,"name":"deerwalk_SW_7_1_"},{"time":1.3333,"name":null}]},"deerwalk_SW_7_2_":{"attachment":[{"time":1,"name":null},{"time":1.1666,"name":"deerwalk_SW_7_2_"},{"time":1.3333,"name":null}]},"deerwalk_SW_7_3_":{"attachment":[{"time":1,"name":null},{"time":1.1666,"name":"deerwalk_SW_7_3_"},{"time":1.3333,"name":null}]},"deerwalk_SW_7_4_":{"attachment":[{"time":1,"name":null},{"time":1.1666,"name":"deerwalk_SW_7_4_"},{"time":1.3333,"name":null}]}}},"walk_4":{"slots":{"deerwalk_W_0_0_":{"attachment":[{"time":0,"name":"deerwalk_W_0_0_"},{"time":0.1666,"name":null},{"time":1.1666,"name":null},{"time":1.3333,"name":"deerwalk_W_0_0_"}]},"deerwalk_W_0_1_":{"attachment":[{"time":0,"name":"deerwalk_W_0_1_"},{"time":0.1666,"name":null},{"time":1.1666,"name":null},{"time":1.3333,"name":"deerwalk_W_0_1_"}]},"deerwalk_W_0_2_":{"attachment":[{"time":0,"name":"deerwalk_W_0_2_"},{"time":0.1666,"name":null},{"time":1.1666,"name":null},{"time":1.3333,"name":"deerwalk_W_0_2_"}]},"deerwalk_W_0_3_":{"attachment":[{"time":0,"name":"deerwalk_W_0_3_"},{"time":0.1666,"name":null},{"time":1.1666,"name":null},{"time":1.3333,"name":"deerwalk_W_0_3_"}]},"deerwalk_W_0_4_":{"attachment":[{"time":0,"name":"deerwalk_W_0_4_"},{"time":0.1666,"name":null},{"time":1.1666,"name":null},{"time":1.3333,"name":"deerwalk_W_0_4_"}]},"deerwalk_W_1_0_":{"attachment":[{"time":0,"name":null},{"time":0.1666,"name":"deerwalk_W_1_0_"},{"time":0.3333,"name":null}]},"deerwalk_W_1_1_":{"attachment":[{"time":0,"name":null},{"time":0.1666,"name":"deerwalk_W_1_1_"},{"time":0.3333,"name":null}]},"deerwalk_W_1_2_":{"attachment":[{"time":0,"name":null},{"time":0.1666,"name":"deerwalk_W_1_2_"},{"time":0.3333,"name":null}]},"deerwalk_W_1_3_":{"attachment":[{"time":0,"name":null},{"time":0.1666,"name":"deerwalk_W_1_3_"},{"time":0.3333,"name":null}]},"deerwalk_W_2_0_":{"attachment":[{"time":0.1666,"name":null},{"time":0.3333,"name":"deerwalk_W_2_0_"},{"time":0.5,"name":null}]},"deerwalk_W_2_1_":{"attachment":[{"time":0.1666,"name":null},{"time":0.3333,"name":"deerwalk_W_2_1_"},{"time":0.5,"name":null}]},"deerwalk_W_2_2_":{"attachment":[{"time":0.1666,"name":null},{"time":0.3333,"name":"deerwalk_W_2_2_"},{"time":0.5,"name":null}]},"deerwalk_W_2_3_":{"attachment":[{"time":0.1666,"name":null},{"time":0.3333,"name":"deerwalk_W_2_3_"},{"time":0.5,"name":null}]},"deerwalk_W_3_0_":{"attachment":[{"time":0.3333,"name":null},{"time":0.5,"name":"deerwalk_W_3_0_"},{"time":0.6666,"name":null}]},"deerwalk_W_3_1_":{"attachment":[{"time":0.3333,"name":null},{"time":0.5,"name":"deerwalk_W_3_1_"},{"time":0.6666,"name":null}]},"deerwalk_W_3_2_":{"attachment":[{"time":0.3333,"name":null},{"time":0.5,"name":"deerwalk_W_3_2_"},{"time":0.6666,"name":null}]},"deerwalk_W_3_3_":{"attachment":[{"time":0.3333,"name":null},{"time":0.5,"name":"deerwalk_W_3_3_"},{"time":0.6666,"name":null}]},"deerwalk_W_4_0_":{"attachment":[{"time":0.5,"name":null},{"time":0.6666,"name":"deerwalk_W_4_0_"},{"time":0.8333,"name":null}]},"deerwalk_W_4_1_":{"attachment":[{"time":0.5,"name":null},{"time":0.6666,"name":"deerwalk_W_4_1_"},{"time":0.8333,"name":null}]},"deerwalk_W_4_2_":{"attachment":[{"time":0.5,"name":null},{"time":0.6666,"name":"deerwalk_W_4_2_"},{"time":0.8333,"name":null}]},"deerwalk_W_4_3_":{"attachment":[{"time":0.5,"name":null},{"time":0.6666,"name":"deerwalk_W_4_3_"},{"time":0.8333,"name":null}]},"deerwalk_W_5_0_":{"attachment":[{"time":0.6666,"name":null},{"time":0.8333,"name":"deerwalk_W_5_0_"},{"time":1,"name":null}]},"deerwalk_W_5_1_":{"attachment":[{"time":0.6666,"name":null},{"time":0.8333,"name":"deerwalk_W_5_1_"},{"time":1,"name":null}]},"deerwalk_W_5_2_":{"attachment":[{"time":0.6666,"name":null},{"time":0.8333,"name":"deerwalk_W_5_2_"},{"time":1,"name":null}]},"deerwalk_W_5_3_":{"attachment":[{"time":0.6666,"name":null},{"time":0.8333,"name":"deerwalk_W_5_3_"},{"time":1,"name":null}]},"deerwalk_W_6_0_":{"attachment":[{"time":0.8333,"name":null},{"time":1,"name":"deerwalk_W_6_0_"},{"time":1.1666,"name":null}]},"deerwalk_W_6_1_":{"attachment":[{"time":0.8333,"name":null},{"time":1,"name":"deerwalk_W_6_1_"},{"time":1.1666,"name":null}]},"deerwalk_W_6_2_":{"attachment":[{"time":0.8333,"name":null},{"time":1,"name":"deerwalk_W_6_2_"},{"time":1.1666,"name":null}]},"deerwalk_W_7_0_":{"attachment":[{"time":1,"name":null},{"time":1.1666,"name":"deerwalk_W_7_0_"},{"time":1.3333,"name":null}]},"deerwalk_W_7_1_":{"attachment":[{"time":1,"name":null},{"time":1.1666,"name":"deerwalk_W_7_1_"},{"time":1.3333,"name":null}]},"deerwalk_W_7_2_":{"attachment":[{"time":1,"name":null},{"time":1.1666,"name":"deerwalk_W_7_2_"},{"time":1.3333,"name":null}]}}},"walk_5":{"slots":{"deerwalk_NW_0_0_":{"attachment":[{"time":0,"name":"deerwalk_NW_0_0_"},{"time":0.1666,"name":null},{"time":1.1666,"name":null},{"time":1.3333,"name":"deerwalk_NW_0_0_"}]},"deerwalk_NW_0_1_":{"attachment":[{"time":0,"name":"deerwalk_NW_0_1_"},{"time":0.1666,"name":null},{"time":1.1666,"name":null},{"time":1.3333,"name":"deerwalk_NW_0_1_"}]},"deerwalk_NW_0_2_":{"attachment":[{"time":0,"name":null},{"time":0.1666,"name":null},{"time":1.1666,"name":null}]},"deerwalk_NW_0_3_":{"attachment":[{"time":0,"name":"deerwalk_NW_0_3_"},{"time":0.1666,"name":null},{"time":1.1666,"name":null},{"time":1.3333,"name":"deerwalk_NW_0_3_"}]},"deerwalk_NW_0_4_":{"attachment":[{"time":0,"name":"deerwalk_NW_0_4_"},{"time":0.1666,"name":null},{"time":1.1666,"name":null},{"time":1.3333,"name":"deerwalk_NW_0_4_"}]},"deerwalk_NW_1_0_":{"attachment":[{"time":0,"name":null},{"time":0.1666,"name":"deerwalk_NW_1_0_"},{"time":0.3333,"name":null}]},"deerwalk_NW_1_1_":{"attachment":[{"time":0,"name":null},{"time":0.1666,"name":"deerwalk_NW_1_1_"},{"time":0.3333,"name":null}]},"deerwalk_NW_1_2_":{"attachment":[{"time":0,"name":null},{"time":0.1666,"name":"deerwalk_NW_1_2_"},{"time":0.3333,"name":null}]},"deerwalk_NW_1_3_":{"attachment":[{"time":0,"name":null},{"time":0.1666,"name":"deerwalk_NW_1_3_"},{"time":0.3333,"name":null}]},"deerwalk_NW_2_0_":{"attachment":[{"time":0.1666,"name":null},{"time":0.3333,"name":"deerwalk_NW_2_0_"},{"time":0.5,"name":null}]},"deerwalk_NW_2_1_":{"attachment":[{"time":0.1666,"name":null},{"time":0.3333,"name":"deerwalk_NW_2_1_"},{"time":0.5,"name":null}]},"deerwalk_NW_2_2_":{"attachment":[{"time":0.1666,"name":null},{"time":0.3333,"name":"deerwalk_NW_2_2_"},{"time":0.5,"name":null}]},"deerwalk_NW_2_3_":{"attachment":[{"time":0.1666,"name":null},{"time":0.3333,"name":"deerwalk_NW_2_3_"},{"time":0.5,"name":null}]},"deerwalk_NW_3_0_":{"attachment":[{"time":0.3333,"name":null},{"time":0.5,"name":"deerwalk_NW_3_0_"},{"time":0.6666,"name":null}]},"deerwalk_NW_3_1_":{"attachment":[{"time":0.3333,"name":null},{"time":0.5,"name":"deerwalk_NW_3_1_"},{"time":0.6666,"name":null}]},"deerwalk_NW_3_2_":{"attachment":[{"time":0.3333,"name":null},{"time":0.5,"name":"deerwalk_NW_3_2_"},{"time":0.6666,"name":null}]},"deerwalk_NW_3_3_":{"attachment":[{"time":0.3333,"name":null},{"time":0.5,"name":"deerwalk_NW_3_3_"},{"time":0.6666,"name":null}]},"deerwalk_NW_4_0_":{"attachment":[{"time":0.5,"name":null},{"time":0.6666,"name":"deerwalk_NW_4_0_"},{"time":0.8333,"name":null}]},"deerwalk_NW_4_1_":{"attachment":[{"time":0.5,"name":null},{"time":0.6666,"name":"deerwalk_NW_4_1_"},{"time":0.8333,"name":null}]},"deerwalk_NW_4_2_":{"attachment":[{"time":0.5,"name":null},{"time":0.6666,"name":"deerwalk_NW_4_2_"},{"time":0.8333,"name":null}]},"deerwalk_NW_4_3_":{"attachment":[{"time":0.5,"name":null},{"time":0.6666,"name":"deerwalk_NW_4_3_"},{"time":0.8333,"name":null}]},"deerwalk_NW_5_0_":{"attachment":[{"time":0.6666,"name":null},{"time":0.8333,"name":"deerwalk_NW_5_0_"},{"time":1,"name":null}]},"deerwalk_NW_5_1_":{"attachment":[{"time":0.6666,"name":null},{"time":0.8333,"name":"deerwalk_NW_5_1_"},{"time":1,"name":null}]},"deerwalk_NW_5_2_":{"attachment":[{"time":0.6666,"name":null},{"time":0.8333,"name":"deerwalk_NW_5_2_"},{"time":1,"name":null}]},"deerwalk_NW_5_3_":{"attachment":[{"time":0.6666,"name":null},{"time":0.8333,"name":"deerwalk_NW_5_3_"},{"time":1,"name":null}]},"deerwalk_NW_5_4_":{"attachment":[{"time":0.6666,"name":null},{"time":0.8333,"name":"deerwalk_NW_5_4_"},{"time":1,"name":null}]},"deerwalk_NW_6_0_":{"attachment":[{"time":0.8333,"name":null},{"time":1,"name":"deerwalk_NW_6_0_"},{"time":1.1666,"name":null}]},"deerwalk_NW_6_1_":{"attachment":[{"time":0.8333,"name":null},{"time":1,"name":"deerwalk_NW_6_1_"},{"time":1.1666,"name":null}]},"deerwalk_NW_6_2_":{"attachment":[{"time":0.8333,"name":null},{"time":1,"name":"deerwalk_NW_6_2_"},{"time":1.1666,"name":null}]},"deerwalk_NW_6_3_":{"attachment":[{"time":0.8333,"name":null},{"time":1,"name":"deerwalk_NW_6_3_"},{"time":1.1666,"name":null}]},"deerwalk_NW_6_4_":{"attachment":[{"time":0.8333,"name":null},{"time":1,"name":"deerwalk_NW_6_4_"},{"time":1.1666,"name":null}]},"deerwalk_NW_7_0_":{"attachment":[{"time":0,"name":null},{"time":1,"name":null},{"time":1.1666,"name":"deerwalk_NW_7_0_"},{"time":1.3333,"name":null}]},"deerwalk_NW_7_1_":{"attachment":[{"time":0,"name":null},{"time":1,"name":null},{"time":1.1666,"name":"deerwalk_NW_7_1_"},{"time":1.3333,"name":null}]},"deerwalk_NW_7_2_":{"attachment":[{"time":0,"name":null},{"time":1,"name":null},{"time":1.1666,"name":"deerwalk_NW_7_2_"},{"time":1.3333,"name":null}]},"deerwalk_NW_7_3_":{"attachment":[{"time":0,"name":null},{"time":1,"name":null},{"time":1.1666,"name":"deerwalk_NW_7_3_"},{"time":1.3333,"name":null}]},"deerwalk_NW_7_4_":{"attachment":[{"time":0,"name":null},{"time":1,"name":null},{"time":1.1666,"name":"deerwalk_NW_7_4_"},{"time":1.3333,"name":null}]}}},"walk_6":{"slots":{"deerwalk_N_0_0_":{"attachment":[{"time":0,"name":"deerwalk_N_0_0_"},{"time":0.1666,"name":null},{"time":1.1666,"name":null},{"time":1.3333,"name":"deerwalk_N_0_0_"}]},"deerwalk_N_0_1_":{"attachment":[{"time":0,"name":"deerwalk_N_0_1_"},{"time":0.1666,"name":null},{"time":1.1666,"name":null},{"time":1.3333,"name":"deerwalk_N_0_1_"}]},"deerwalk_N_0_2_":{"attachment":[{"time":0,"name":"deerwalk_N_0_2_"},{"time":0.1666,"name":null},{"time":1.1666,"name":null},{"time":1.3333,"name":"deerwalk_N_0_2_"}]},"deerwalk_N_1_0_":{"attachment":[{"time":0,"name":null},{"time":0.1666,"name":"deerwalk_N_1_0_"},{"time":0.3333,"name":null}]},"deerwalk_N_1_1_":{"attachment":[{"time":0,"name":null},{"time":0.1666,"name":"deerwalk_N_1_1_"},{"time":0.3333,"name":null}]},"deerwalk_N_1_2_":{"attachment":[{"time":0,"name":null},{"time":0.1666,"name":"deerwalk_N_1_2_"},{"time":0.3333,"name":null}]},"deerwalk_N_2_0_":{"attachment":[{"time":0.1666,"name":null},{"time":0.3333,"name":"deerwalk_N_2_0_"},{"time":0.5,"name":null}]},"deerwalk_N_2_1_":{"attachment":[{"time":0.1666,"name":null},{"time":0.3333,"name":"deerwalk_N_2_1_"},{"time":0.5,"name":null}]},"deerwalk_N_2_2_":{"attachment":[{"time":0.1666,"name":null},{"time":0.3333,"name":"deerwalk_N_2_2_"},{"time":0.5,"name":null}]},"deerwalk_N_3_0_":{"attachment":[{"time":0.3333,"name":null},{"time":0.5,"name":"deerwalk_N_3_0_"},{"time":0.6666,"name":null}]},"deerwalk_N_3_1_":{"attachment":[{"time":0.3333,"name":null},{"time":0.5,"name":"deerwalk_N_3_1_"},{"time":0.6666,"name":null}]},"deerwalk_N_3_2_":{"attachment":[{"time":0.3333,"name":null},{"time":0.5,"name":"deerwalk_N_3_2_"},{"time":0.6666,"name":null}]},"deerwalk_N_4_0_":{"attachment":[{"time":0.5,"name":null},{"time":0.6666,"name":"deerwalk_N_4_0_"},{"time":0.8333,"name":null}]},"deerwalk_N_4_1_":{"attachment":[{"time":0.5,"name":null},{"time":0.6666,"name":"deerwalk_N_4_1_"},{"time":0.8333,"name":null}]},"deerwalk_N_4_2_":{"attachment":[{"time":0.5,"name":null},{"time":0.6666,"name":"deerwalk_N_4_2_"},{"time":0.8333,"name":null}]},"deerwalk_N_5_0_":{"attachment":[{"time":0.6666,"name":null},{"time":0.8333,"name":"deerwalk_N_5_0_"},{"time":1,"name":null}]},"deerwalk_N_5_1_":{"attachment":[{"time":0.6666,"name":null},{"time":0.8333,"name":"deerwalk_N_5_1_"},{"time":1,"name":null}]},"deerwalk_N_5_2_":{"attachment":[{"time":0.6666,"name":null},{"time":0.8333,"name":"deerwalk_N_5_2_"},{"time":1,"name":null}]},"deerwalk_N_6_0_":{"attachment":[{"time":0.8333,"name":null},{"time":1,"name":"deerwalk_N_6_0_"},{"time":1.1666,"name":null}]},"deerwalk_N_6_1_":{"attachment":[{"time":0.8333,"name":null},{"time":1,"name":"deerwalk_N_6_1_"},{"time":1.1666,"name":null}]},"deerwalk_N_6_2_":{"attachment":[{"time":0.8333,"name":null},{"time":1,"name":"deerwalk_N_6_2_"},{"time":1.1666,"name":null}]},"deerwalk_N_7_0_":{"attachment":[{"time":1,"name":null},{"time":1.1666,"name":"deerwalk_N_7_0_"},{"time":1.3333,"name":null}]},"deerwalk_N_7_1_":{"attachment":[{"time":1,"name":null},{"time":1.1666,"name":"deerwalk_N_7_1_"},{"time":1.3333,"name":null}]},"deerwalk_N_7_2_":{"attachment":[{"time":1,"name":null},{"time":1.1666,"name":"deerwalk_N_7_2_"},{"time":1.3333,"name":null}]}}},"walk_7":{"slots":{"deerwalk_NW_0_0_":{"attachment":[{"time":0,"name":"deerwalk_NW_0_0_"},{"time":0.1666,"name":null},{"time":1.1666,"name":null},{"time":1.3333,"name":"deerwalk_NW_0_0_"}]},"deerwalk_NW_0_1_":{"attachment":[{"time":0,"name":"deerwalk_NW_0_1_"},{"time":0.1666,"name":null},{"time":1.1666,"name":null},{"time":1.3333,"name":"deerwalk_NW_0_1_"}]},"deerwalk_NW_0_2_":{"attachment":[{"time":0,"name":null},{"time":0.1666,"name":null},{"time":1.1666,"name":null}]},"deerwalk_NW_0_3_":{"attachment":[{"time":0,"name":"deerwalk_NW_0_3_"},{"time":0.1666,"name":null},{"time":1.1666,"name":null},{"time":1.3333,"name":"deerwalk_NW_0_3_"}]},"deerwalk_NW_0_4_":{"attachment":[{"time":0,"name":"deerwalk_NW_0_4_"},{"time":0.1666,"name":null},{"time":1.1666,"name":null},{"time":1.3333,"name":"deerwalk_NW_0_4_"}]},"deerwalk_NW_1_0_":{"attachment":[{"time":0,"name":null},{"time":0.1666,"name":"deerwalk_NW_1_0_"},{"time":0.3333,"name":null}]},"deerwalk_NW_1_1_":{"attachment":[{"time":0,"name":null},{"time":0.1666,"name":"deerwalk_NW_1_1_"},{"time":0.3333,"name":null}]},"deerwalk_NW_1_2_":{"attachment":[{"time":0,"name":null},{"time":0.1666,"name":"deerwalk_NW_1_2_"},{"time":0.3333,"name":null}]},"deerwalk_NW_1_3_":{"attachment":[{"time":0,"name":null},{"time":0.1666,"name":"deerwalk_NW_1_3_"},{"time":0.3333,"name":null}]},"deerwalk_NW_2_0_":{"attachment":[{"time":0.1666,"name":null},{"time":0.3333,"name":"deerwalk_NW_2_0_"},{"time":0.5,"name":null}]},"deerwalk_NW_2_1_":{"attachment":[{"time":0.1666,"name":null},{"time":0.3333,"name":"deerwalk_NW_2_1_"},{"time":0.5,"name":null}]},"deerwalk_NW_2_2_":{"attachment":[{"time":0.1666,"name":null},{"time":0.3333,"name":"deerwalk_NW_2_2_"},{"time":0.5,"name":null}]},"deerwalk_NW_2_3_":{"attachment":[{"time":0.1666,"name":null},{"time":0.3333,"name":"deerwalk_NW_2_3_"},{"time":0.5,"name":null}]},"deerwalk_NW_3_0_":{"attachment":[{"time":0.3333,"name":null},{"time":0.5,"name":"deerwalk_NW_3_0_"},{"time":0.6666,"name":null}]},"deerwalk_NW_3_1_":{"attachment":[{"time":0.3333,"name":null},{"time":0.5,"name":"deerwalk_NW_3_1_"},{"time":0.6666,"name":null}]},"deerwalk_NW_3_2_":{"attachment":[{"time":0.3333,"name":null},{"time":0.5,"name":"deerwalk_NW_3_2_"},{"time":0.6666,"name":null}]},"deerwalk_NW_3_3_":{"attachment":[{"time":0.3333,"name":null},{"time":0.5,"name":"deerwalk_NW_3_3_"},{"time":0.6666,"name":null}]},"deerwalk_NW_4_0_":{"attachment":[{"time":0.5,"name":null},{"time":0.6666,"name":"deerwalk_NW_4_0_"},{"time":0.8333,"name":null}]},"deerwalk_NW_4_1_":{"attachment":[{"time":0.5,"name":null},{"time":0.6666,"name":"deerwalk_NW_4_1_"},{"time":0.8333,"name":null}]},"deerwalk_NW_4_2_":{"attachment":[{"time":0.5,"name":null},{"time":0.6666,"name":"deerwalk_NW_4_2_"},{"time":0.8333,"name":null}]},"deerwalk_NW_4_3_":{"attachment":[{"time":0.5,"name":null},{"time":0.6666,"name":"deerwalk_NW_4_3_"},{"time":0.8333,"name":null}]},"deerwalk_NW_5_0_":{"attachment":[{"time":0.6666,"name":null},{"time":0.8333,"name":"deerwalk_NW_5_0_"},{"time":1,"name":null}]},"deerwalk_NW_5_1_":{"attachment":[{"time":0.6666,"name":null},{"time":0.8333,"name":"deerwalk_NW_5_1_"},{"time":1,"name":null}]},"deerwalk_NW_5_2_":{"attachment":[{"time":0.6666,"name":null},{"time":0.8333,"name":"deerwalk_NW_5_2_"},{"time":1,"name":null}]},"deerwalk_NW_5_3_":{"attachment":[{"time":0.6666,"name":null},{"time":0.8333,"name":"deerwalk_NW_5_3_"},{"time":1,"name":null}]},"deerwalk_NW_5_4_":{"attachment":[{"time":0.6666,"name":null},{"time":0.8333,"name":"deerwalk_NW_5_4_"},{"time":1,"name":null}]},"deerwalk_NW_6_0_":{"attachment":[{"time":0.8333,"name":null},{"time":1,"name":"deerwalk_NW_6_0_"},{"time":1.1666,"name":null}]},"deerwalk_NW_6_1_":{"attachment":[{"time":0.8333,"name":null},{"time":1,"name":"deerwalk_NW_6_1_"},{"time":1.1666,"name":null}]},"deerwalk_NW_6_2_":{"attachment":[{"time":0.8333,"name":null},{"time":1,"name":"deerwalk_NW_6_2_"},{"time":1.1666,"name":null}]},"deerwalk_NW_6_3_":{"attachment":[{"time":0.8333,"name":null},{"time":1,"name":"deerwalk_NW_6_3_"},{"time":1.1666,"name":null}]},"deerwalk_NW_6_4_":{"attachment":[{"time":0.8333,"name":null},{"time":1,"name":"deerwalk_NW_6_4_"},{"time":1.1666,"name":null}]},"deerwalk_NW_7_0_":{"attachment":[{"time":0,"name":null},{"time":1,"name":null},{"time":1.1666,"name":"deerwalk_NW_7_0_"},{"time":1.3333,"name":null}]},"deerwalk_NW_7_1_":{"attachment":[{"time":0,"name":null},{"time":1,"name":null},{"time":1.1666,"name":"deerwalk_NW_7_1_"},{"time":1.3333,"name":null}]},"deerwalk_NW_7_2_":{"attachment":[{"time":0,"name":null},{"time":1,"name":null},{"time":1.1666,"name":"deerwalk_NW_7_2_"},{"time":1.3333,"name":null}]},"deerwalk_NW_7_3_":{"attachment":[{"time":0,"name":null},{"time":1,"name":null},{"time":1.1666,"name":"deerwalk_NW_7_3_"},{"time":1.3333,"name":null}]},"deerwalk_NW_7_4_":{"attachment":[{"time":0,"name":null},{"time":1,"name":null},{"time":1.1666,"name":"deerwalk_NW_7_4_"},{"time":1.3333,"name":null}]}},"bones":{"root":{"scale":[{"time":0,"x":-1,"y":1}]}}}}}