{
"skeleton": { "hash": "LeW54QRq8USzHlz6TF14AIbgl9Q", "spine": "3.7.94", "width": 600, "height": 342.5 },
"bones": [
	{ "name": "root" },
	{ "name": "bone", "parent": "root", "x": 1.94, "y": -1.08, "scaleX": 1.25, "scaleY": 1.25 },
	{ "name": "bone2", "parent": "root" }
],
"slots": [
	{ "name": "guagnqiu_", "bone": "bone2", "blend": "additive" },
	{ "name": "feirukacao_00_", "bone": "bone", "attachment": "feirukacao_00_", "blend": "additive" }
],
"skins": {
	"default": {
		"feirukacao_00_": {
			"feirukacao_00_": { "x": 117.6, "y": 13.6, "width": 480, "height": 274 },
			"feirukacao_01_": { "x": 117.6, "y": 13.6, "width": 480, "height": 274 },
			"feirukacao_02_": { "x": 117.6, "y": 13.6, "width": 480, "height": 274 },
			"feirukacao_03_": { "x": 117.6, "y": 13.6, "width": 480, "height": 274 },
			"feirukacao_04_": { "x": 117.6, "y": 13.6, "width": 480, "height": 274 },
			"feirukacao_05_": { "x": 117.6, "y": 13.6, "width": 480, "height": 274 },
			"feirukacao_06_": { "x": 117.6, "y": 13.6, "width": 480, "height": 274 },
			"feirukacao_07_": { "x": 117.6, "y": 13.6, "width": 480, "height": 274 },
			"feirukacao_08_": { "x": 117.6, "y": 13.6, "width": 480, "height": 274 },
			"feirukacao_09_": { "x": 117.6, "y": 13.6, "width": 480, "height": 274 },
			"feirukacao_10_": { "x": 117.6, "y": 13.6, "width": 480, "height": 274 },
			"feirukacao_11_": { "x": 117.6, "y": 13.6, "width": 480, "height": 274 },
			"feirukacao_12_": { "x": 117.6, "y": 13.6, "width": 480, "height": 274 },
			"feirukacao_13_": { "x": 117.6, "y": 13.6, "width": 480, "height": 274 }
		},
		"guagnqiu_": {
			"guagnqiu_": { "scaleX": 6.798, "scaleY": 6.798, "width": 64, "height": 64 }
		}
	}
},
"animations": {
	"animation": {
		"slots": {
			"feirukacao_00_": {
				"attachment": [
					{ "time": 0.1, "name": "feirukacao_01_" },
					{ "time": 0.2, "name": "feirukacao_02_" },
					{ "time": 0.3, "name": "feirukacao_03_" },
					{ "time": 0.4, "name": "feirukacao_04_" },
					{ "time": 0.5, "name": "feirukacao_05_" },
					{ "time": 0.6, "name": "feirukacao_06_" },
					{ "time": 0.7, "name": "feirukacao_07_" },
					{ "time": 0.8, "name": "feirukacao_08_" },
					{ "time": 0.9, "name": "feirukacao_09_" },
					{ "time": 1, "name": "feirukacao_10_" },
					{ "time": 1.1, "name": "feirukacao_11_" },
					{ "time": 1.2, "name": "feirukacao_12_" },
					{ "time": 1.3, "name": "feirukacao_13_" },
					{ "time": 1.4, "name": null }
				]
			},
			"guagnqiu_": {
				"color": [
					{ "time": 0, "color": "9d00ff00" },
					{ "time": 0.6667, "color": "ae2bffff" },
					{ "time": 1.4, "color": "ae2bff00" }
				],
				"attachment": [
					{ "time": 0, "name": "guagnqiu_" }
				]
			}
		}
	}
}
}