{"skeleton":{"hash":"WCtjTnm9b+E4wZjwz3ZWX0SJvmM","spine":"2.1.27","width":0,"height":0,"images":"./images/"},"bones":[{"name":"root"},{"name":"fire_","parent":"root"},{"name":"glow_","parent":"root"}],"slots":[{"name":"glow_","bone":"glow_","blend":"additive"},{"name":"fire_","bone":"fire_"}],"skins":{"default":{"fire_":{"fire_00_":{"width":24,"height":32},"fire_02_":{"width":24,"height":32},"fire_04_":{"width":24,"height":32},"fire_06_":{"width":24,"height":32},"fire_08_":{"width":24,"height":32},"fire_10_":{"width":24,"height":32},"fire_12_":{"width":24,"height":32},"fire_14_":{"width":24,"height":32},"fire_16_":{"width":24,"height":32},"fire_18_":{"width":24,"height":32}},"glow_":{"glow_":{"width":160,"height":160}}}},"animations":{"animation":{"slots":{"fire_":{"attachment":[{"time":0,"name":"fire_00_"},{"time":0.1333,"name":"fire_02_"},{"time":0.2666,"name":"fire_04_"},{"time":0.4,"name":"fire_06_"},{"time":0.5333,"name":"fire_08_"},{"time":0.6666,"name":"fire_10_"},{"time":0.8,"name":"fire_12_"},{"time":0.9333,"name":"fire_14_"},{"time":1.0666,"name":"fire_16_"},{"time":1.2,"name":"fire_18_"},{"time":1.3333,"name":null}]},"glow_":{"attachment":[{"time":0,"name":"glow_"}],"color":[{"time":0,"color":"ffffffff"},{"time":0.0666,"color":"fff99dff"},{"time":0.1333,"color":"ffb096ff"},{"time":0.2,"color":"eee3f4ff"},{"time":0.2666,"color":"eeffe8ff"},{"time":0.3333,"color":"ffffffff"},{"time":0.4,"color":"fff99dff"},{"time":0.4666,"color":"ffb096ff"},{"time":0.5333,"color":"eee3f4ff"},{"time":0.6,"color":"eeffe8ff"},{"time":0.6666,"color":"ffffffff"},{"time":0.7333,"color":"fff99dff"},{"time":0.8,"color":"ffb096ff"},{"time":0.8666,"color":"eee3f4ff"},{"time":0.9333,"color":"eeffe8ff"},{"time":1,"color":"ffffffff"},{"time":1.0666,"color":"fff99dff"},{"time":1.1333,"color":"ffb096ff"},{"time":1.2,"color":"eee3f4ff"},{"time":1.2666,"color":"eeffe8ff"},{"time":1.3333,"color":"ffffffff"}]}}}}}