{"skeleton":{"hash":"762qspFGbA53l5Ct3iGqczQfzv8","spine":"3.7.94","width":0,"height":0,"images":"./images/","audio":"F:/COK项目/Spine工程/春节-串门得奖品活动/images"},"bones":[{"name":"root"},{"name":"guanghuan_","parent":"root"},{"name":"zhahua_","parent":"root","scaleX":1.2,"scaleY":1.2},{"name":"raylight_S_","parent":"root"},{"name":"fu_s_","parent":"root"}],"slots":[{"name":"raylight_S_","bone":"raylight_S_","blend":"additive"},{"name":"guanghuan_","bone":"guanghuan_"},{"name":"zhahua_","bone":"zhahua_"},{"name":"fu_s_","bone":"fu_s_"}],"skins":{"default":{"fu_s_":{"fu_s_":{"width":90,"height":90}},"guanghuan_":{"guanghuan_01_":{"width":128,"height":128},"guanghuan_03_":{"width":128,"height":128},"guanghuan_05_":{"width":128,"height":128},"guanghuan_07_":{"width":128,"height":128},"guanghuan_09_":{"width":128,"height":128},"guanghuan_11_":{"width":128,"height":128},"guanghuan_13_":{"width":128,"height":128}},"raylight_S_":{"raylight_S_":{"x":1,"y":-0.39,"width":150,"height":150}},"zhahua_":{"zhahua_00_":{"width":100,"height":100},"zhahua_02_":{"width":100,"height":100},"zhahua_04_":{"width":100,"height":100},"zhahua_06_":{"width":100,"height":100},"zhahua_08_":{"width":100,"height":100},"zhahua_10_":{"width":100,"height":100},"zhahua_12_":{"width":100,"height":100},"zhahua_14_":{"width":100,"height":100},"zhahua_16_":{"width":100,"height":100},"zhahua_18_":{"width":100,"height":100},"zhahua_20_":{"width":100,"height":100},"zhahua_22_":{"width":100,"height":100},"zhahua_24_":{"width":100,"height":100},"zhahua_26_":{"width":100,"height":100},"zhahua_28_":{"width":100,"height":100},"zhahua_30_":{"width":100,"height":100},"zhahua_32_":{"width":100,"height":100},"zhahua_34_":{"width":100,"height":100},"zhahua_36_":{"width":100,"height":100},"zhahua_38_":{"width":100,"height":100},"zhahua_40_":{"width":100,"height":100},"zhahua_42_":{"width":100,"height":100},"zhahua_44_":{"width":100,"height":100},"zhahua_46_":{"width":100,"height":100},"zhahua_48_":{"width":100,"height":100}}}},"events":{"hit":{}},"animations":{"animation":{"slots":{"fu_s_":{"attachment":[{"time":0,"name":"fu_s_"},{"time":0.4333,"name":null}]},"guanghuan_":{"attachment":[{"time":0.2,"name":"guanghuan_01_"},{"time":0.2333,"name":"guanghuan_03_"},{"time":0.2667,"name":"guanghuan_05_"},{"time":0.3,"name":"guanghuan_07_"},{"time":0.3333,"name":"guanghuan_09_"},{"time":0.3667,"name":"guanghuan_11_"},{"time":0.4,"name":"guanghuan_13_"},{"time":0.4333,"name":null}]},"raylight_S_":{"attachment":[{"time":0.4333,"name":"raylight_S_"}]},"zhahua_":{"attachment":[{"time":0.4333,"name":"zhahua_00_"},{"time":0.4667,"name":"zhahua_02_"},{"time":0.5,"name":"zhahua_04_"},{"time":0.5333,"name":"zhahua_06_"},{"time":0.5667,"name":"zhahua_08_"},{"time":0.6,"name":"zhahua_10_"},{"time":0.6333,"name":"zhahua_12_"},{"time":0.6667,"name":"zhahua_14_"},{"time":0.7,"name":"zhahua_16_"},{"time":0.7333,"name":"zhahua_18_"},{"time":0.7667,"name":"zhahua_20_"},{"time":0.8,"name":"zhahua_22_"},{"time":0.8333,"name":"zhahua_24_"},{"time":0.8667,"name":"zhahua_26_"},{"time":0.9,"name":"zhahua_28_"},{"time":0.9333,"name":"zhahua_30_"},{"time":0.9667,"name":"zhahua_32_"},{"time":1,"name":"zhahua_34_"},{"time":1.0333,"name":"zhahua_36_"},{"time":1.0667,"name":"zhahua_38_"},{"time":1.1,"name":"zhahua_40_"},{"time":1.1333,"name":"zhahua_42_"},{"time":1.1667,"name":"zhahua_44_"},{"time":1.2,"name":"zhahua_46_"},{"time":1.2333,"name":"zhahua_48_"},{"time":1.2667,"name":null}]}},"bones":{"raylight_S_":{"rotate":[{"time":0.4333,"angle":0,"curve":[0,0.15,0.583,1]},{"time":0.7667,"angle":30}],"scale":[{"time":0,"x":1.5,"y":1.5,"curve":[0.25,0,1,0.9]},{"time":0.4333,"x":2,"y":2,"curve":[0.333,0,1,0.9]},{"time":0.7667,"x":0,"y":0}]},"fu_s_":{"rotate":[{"time":0,"angle":0},{"time":0.1333,"angle":-120},{"time":0.2667,"angle":120},{"time":0.4,"angle":0}]}},"events":[{"time":0.4333,"name":"hit"}]}}}