{"skeleton":{"hash":"Dz4U9L5da3uxuPN96akysKKm6B8","spine":"3.7.94","width":547,"height":399,"images":"./images/","audio":"F:/COK项目/Spine工程/春节-串门得奖品活动/images"},"bones":[{"name":"root"},{"name":"light_B_","parent":"root","x":270.91,"y":229.58,"scaleX":2,"scaleY":2},{"name":"denglong_L_","parent":"root","x":66.44,"y":366.62},{"name":"denglong_glow_","parent":"denglong_L_","x":2.5,"y":-45.55},{"name":"door_glow_","parent":"root","x":270.48,"y":241.82},{"name":"denglong_L_2","parent":"denglong_L_","length":85.48,"rotation":-89.12,"x":-0.28,"y":-6.78},{"name":"denglong_L_3","parent":"denglong_L_2","length":6.28,"rotation":-3.9,"x":86.48,"y":0.31},{"name":"denglong_L_4","parent":"denglong_L_3","length":20.13,"rotation":3.01,"x":8.62,"y":-0.54},{"name":"denglong_L_5","parent":"denglong_L_4","length":21.12,"rotation":-0.9,"x":22.11},{"name":"denglong_L_6","parent":"root","x":66.44,"y":366.62,"scaleX":-1},{"name":"denglong_glow_2","parent":"denglong_L_6","x":2.5,"y":-45.55},{"name":"denglong_L_7","parent":"denglong_L_6","length":85.48,"rotation":-89.12,"x":-0.28,"y":-6.78},{"name":"denglong_L_8","parent":"denglong_L_7","length":6.28,"rotation":-3.9,"x":86.48,"y":0.31},{"name":"denglong_L_9","parent":"denglong_L_8","length":20.13,"rotation":3.01,"x":8.62,"y":-0.54},{"name":"denglong_L_10","parent":"denglong_L_9","length":21.12,"rotation":-0.9,"x":22.11},{"name":"lihua_","parent":"root","x":267.91,"y":226.19,"scaleX":2,"scaleY":2},{"name":"wawa","parent":"root","x":270.62,"y":233.13},{"name":"wa_glow_","parent":"wawa","x":-1.7,"y":-1.22},{"name":"wa_glow_2","parent":"root","x":268.92,"y":231.9}],"slots":[{"name":"wall_","bone":"root","attachment":"wall_"},{"name":"door_open_R_","bone":"root","attachment":"door_open_R_"},{"name":"door_open_L_","bone":"root","attachment":"door_open_L_"},{"name":"door_glow_","bone":"door_glow_","attachment":"door_glow_","blend":"additive"},{"name":"door_R_","bone":"root","attachment":"door_R_"},{"name":"door_L_","bone":"root","attachment":"door_L_"},{"name":"denglong_L_","bone":"denglong_L_","attachment":"denglong_L_"},{"name":"denglong_L_2","bone":"denglong_L_6","attachment":"denglong_L_"},{"name":"denglong_glow_","bone":"denglong_glow_"},{"name":"denglong_glow_2","bone":"denglong_glow_2"},{"name":"light_B_","bone":"light_B_","blend":"additive"},{"name":"wa_glow_","bone":"wa_glow_"},{"name":"wa_glow_2","bone":"wa_glow_2","blend":"additive"},{"name":"wawa","bone":"wawa"},{"name":"lihua_","bone":"lihua_"}],"skins":{"default":{"denglong_L_":{"denglong_L_":{"x":-6.99,"y":-78.28,"width":63,"height":169}},"denglong_L_2":{"denglong_L_":{"x":-6.99,"y":-78.28,"width":63,"height":169}},"denglong_glow_":{"denglong_glow_":{"x":-0.71,"y":-4.23,"width":137,"height":178}},"denglong_glow_2":{"denglong_glow_":{"x":-0.71,"y":-4.23,"width":137,"height":178}},"door_L_":{"door_L_":{"x":191.95,"y":225.34,"width":156,"height":289}},"door_R_":{"door_R_":{"x":347.95,"y":225.34,"width":160,"height":289}},"door_glow_":{"door_glow_":{"x":-1.03,"y":-15.98,"scaleX":2,"scaleY":2,"width":184,"height":172}},"door_open_L_":{"door_open_L_":{"x":176.95,"y":225.34,"width":126,"height":289}},"door_open_R_":{"door_open_R_":{"x":361.45,"y":225.84,"width":129,"height":288}},"light_B_":{"light_B_":{"x":6.22,"y":-8.44,"width":462,"height":418}},"lihua_":{"lihua_00_":{"width":300,"height":300},"lihua_04_":{"width":300,"height":300},"lihua_08_":{"width":300,"height":300},"lihua_10_":{"width":300,"height":300},"lihua_12_":{"width":300,"height":300},"lihua_14_":{"width":300,"height":300},"lihua_16_":{"width":300,"height":300},"lihua_18_":{"width":300,"height":300},"lihua_20_":{"width":300,"height":300},"lihua_22_":{"width":300,"height":300},"lihua_24_":{"width":300,"height":300},"lihua_26_":{"width":300,"height":300},"lihua_28_":{"width":300,"height":300},"lihua_30_":{"width":300,"height":300},"lihua_32_":{"width":300,"height":300},"lihua_34_":{"width":300,"height":300},"lihua_36_":{"width":300,"height":300},"lihua_38_":{"width":300,"height":300},"lihua_40_":{"width":300,"height":300},"lihua_42_":{"width":300,"height":300},"lihua_44_":{"width":300,"height":300},"lihua_46_":{"width":300,"height":300}},"wa_glow_":{"wa_glow_":{"width":204,"height":212}},"wa_glow_2":{"wa_glow_":{"width":204,"height":212}},"wall_":{"wall_":{"x":272.45,"y":184.34,"width":547,"height":371}},"wawa":{"wawa_":{"x":-0.67,"y":-1.28,"width":182,"height":188}}}},"animations":{"click":{"slots":{"denglong_glow_":{"color":[{"time":0,"color":"ffffffff","curve":[0.25,0,0.75,1]},{"time":0.6667,"color":"ffffff80","curve":[0.25,0,0.75,1]},{"time":1.3333,"color":"ffffffff"}],"attachment":[{"time":0,"name":"denglong_glow_"}]},"denglong_glow_2":{"color":[{"time":0,"color":"ffffffff","curve":[0.25,0,0.75,1]},{"time":0.6667,"color":"ffffff80","curve":[0.25,0,0.75,1]},{"time":1.3333,"color":"ffffffff"}],"attachment":[{"time":0,"name":"denglong_glow_"}]},"door_L_":{"color":[{"time":0,"color":"ffffffff"},{"time":0.1,"color":"ffffff00","curve":"stepped"},{"time":1.1667,"color":"ffffff00"},{"time":1.2333,"color":"ffffffff"}],"attachment":[{"time":0.1,"name":null},{"time":1.1667,"name":"door_L_"}]},"door_R_":{"color":[{"time":0,"color":"ffffffff"},{"time":0.1,"color":"ffffff00","curve":"stepped"},{"time":1.1667,"color":"ffffff00"},{"time":1.2333,"color":"ffffffff"}],"attachment":[{"time":0.1,"name":null},{"time":1.1667,"name":"door_R_"}]},"light_B_":{"color":[{"time":0,"color":"ffffffff"},{"time":0.0667,"color":"ffffff00"},{"time":0.1667,"color":"ffffffff"},{"time":0.3333,"color":"ffc783ff","curve":"stepped"},{"time":1.0333,"color":"ffc783ff","curve":[0.25,0,0.949,0.92]},{"time":1.2333,"color":"ffffff00"}],"attachment":[{"time":0.0667,"name":"light_B_"},{"time":1.2,"name":"light_B_"}]},"lihua_":{"attachment":[{"time":0.1667,"name":"lihua_00_"},{"time":0.2,"name":"lihua_04_"},{"time":0.2333,"name":"lihua_08_"},{"time":0.2667,"name":"lihua_10_"},{"time":0.3,"name":"lihua_12_"},{"time":0.3333,"name":"lihua_14_"},{"time":0.3667,"name":"lihua_16_"},{"time":0.4,"name":"lihua_18_"},{"time":0.4333,"name":"lihua_20_"},{"time":0.4667,"name":"lihua_22_"},{"time":0.5,"name":"lihua_24_"},{"time":0.5333,"name":"lihua_26_"},{"time":0.5667,"name":"lihua_28_"},{"time":0.6,"name":"lihua_30_"},{"time":0.6333,"name":"lihua_32_"},{"time":0.6667,"name":"lihua_34_"},{"time":0.7,"name":"lihua_36_"},{"time":0.7333,"name":"lihua_38_"},{"time":0.7667,"name":"lihua_40_"},{"time":0.8,"name":"lihua_42_"},{"time":0.8333,"name":"lihua_44_"},{"time":0.8667,"name":"lihua_46_"},{"time":0.9,"name":null}]},"wa_glow_":{"color":[{"time":0,"color":"ffffffff","curve":"stepped"},{"time":0.4,"color":"ffffffff"},{"time":0.7333,"color":"ffffff00"},{"time":1,"color":"ffffffff"},{"time":1.3333,"color":"ffffff00"}],"attachment":[{"time":0.4,"name":"wa_glow_"},{"time":1.2,"name":null}]},"wa_glow_2":{"color":[{"time":0,"color":"ffffffff","curve":"stepped"},{"time":0.3333,"color":"ffffffff","curve":[0.25,0,0.929,0.9]},{"time":0.8333,"color":"ffffff00"}],"attachment":[{"time":0.3333,"name":"wa_glow_"},{"time":0.8333,"name":null}]},"wawa":{"attachment":[{"time":0.1,"name":"wawa_"},{"time":0.4,"name":"wawa_"},{"time":1,"name":"wawa_"},{"time":1.2,"name":null}]}},"bones":{"denglong_glow_":{"translate":[{"time":0,"x":-0.92,"y":0}]},"denglong_glow_2":{"translate":[{"time":0,"x":-0.92,"y":0}]},"light_B_":{"scale":[{"time":0,"x":1,"y":1},{"time":0.0667,"x":0.596,"y":0.964},{"time":0.1667,"x":1.071,"y":1.095},{"time":0.3333,"x":1,"y":1,"curve":"stepped"},{"time":1.0333,"x":1,"y":1,"curve":[0.25,0,1,0.88]},{"time":1.1667,"x":0.596,"y":0.801}]},"lihua_":{"scale":[{"time":0,"x":0.75,"y":0.75}]},"denglong_L_6":{"translate":[{"time":0,"x":401.31,"y":0}]},"wawa":{"rotate":[{"time":0,"angle":0,"curve":"stepped"},{"time":0.1,"angle":0},{"time":0.1667,"angle":120},{"time":0.2667,"angle":-120,"curve":[0.083,0.09,0.75,1]},{"time":0.4,"angle":0,"curve":"stepped"},{"time":1,"angle":0,"curve":[0.25,0,0.936,0.91]},{"time":1.0667,"angle":120},{"time":1.1333,"angle":-120},{"time":1.2,"angle":0}],"scale":[{"time":0,"x":1,"y":1},{"time":0.1,"x":0.23,"y":0.23},{"time":0.4,"x":1.112,"y":1.112,"curve":[0.25,0,0.75,1]},{"time":0.6667,"x":1,"y":1,"curve":"stepped"},{"time":1,"x":1,"y":1},{"time":1.2,"x":0.23,"y":0.23}]},"wa_glow_2":{"scale":[{"time":0.3333,"x":1,"y":1,"curve":[0,0.22,0.603,1]},{"time":0.8333,"x":1.5,"y":1.5}]}}},"loop":{"slots":{"denglong_glow_":{"color":[{"time":0,"color":"ffffffff","curve":[0.25,0,0.75,1]},{"time":1,"color":"ffffff80","curve":[0.25,0,0.75,1]},{"time":2,"color":"ffffffff","curve":[0.25,0,0.75,1]},{"time":3,"color":"ffffff80","curve":[0.25,0,0.75,1]},{"time":4,"color":"ffffffff"}],"attachment":[{"time":0,"name":"denglong_glow_"}]},"denglong_glow_2":{"color":[{"time":0,"color":"ffffffff","curve":[0.25,0,0.75,1]},{"time":1,"color":"ffffff80","curve":[0.25,0,0.75,1]},{"time":2,"color":"ffffffff","curve":[0.25,0,0.75,1]},{"time":3,"color":"ffffff80","curve":[0.25,0,0.75,1]},{"time":4,"color":"ffffffff"}],"attachment":[{"time":0,"name":"denglong_glow_"}]}},"bones":{"denglong_glow_":{"translate":[{"time":0,"x":-0.92,"y":0}]},"denglong_glow_2":{"translate":[{"time":0,"x":-0.92,"y":0}]},"denglong_L_6":{"translate":[{"time":0,"x":401.31,"y":0}]}}}}}