{
"skeleton": { "hash": "vRw/5TBHTFXWUdDQ/K5dvGX5k7g", "spine": "3.7.94", "width": 0, "height": 0, "images": "./images/", "audio": "" },
"bones": [
	{ "name": "root" },
	{ "name": "attack_", "parent": "root", "scaleX": 1.38, "scaleY": 1.38 },
	{ "name": "xuli_", "parent": "root", "scaleX": 2, "scaleY": 2 },
	{ "name": "mingzhong_", "parent": "root", "scaleX": 2.5, "scaleY": 2.5 },
	{ "name": "骨骼4", "parent": "root" }
],
"slots": [
	{ "name": "attack_000_", "bone": "attack_" },
	{ "name": "xuli_", "bone": "xuli_", "blend": "additive" },
	{ "name": "mingzhong_", "bone": "mingzhong_" }
],
"skins": {
	"default": {
		"attack_000_": {
			"attack_000_": { "width": 800, "height": 800 },
			"attack_003_": { "width": 800, "height": 800 },
			"attack_006_": { "width": 800, "height": 800 },
			"attack_009_": { "width": 800, "height": 800 },
			"attack_012_": { "width": 800, "height": 800 },
			"attack_015_": { "width": 800, "height": 800 },
			"attack_018_": { "width": 800, "height": 800 },
			"attack_021_": { "width": 800, "height": 800 },
			"attack_024_": { "width": 800, "height": 800 },
			"attack_027_": { "width": 800, "height": 800 },
			"attack_030_": { "width": 800, "height": 800 },
			"attack_033_": { "width": 800, "height": 800 },
			"attack_036_": { "width": 800, "height": 800 },
			"attack_039_": { "width": 800, "height": 800 },
			"attack_042_": { "width": 800, "height": 800 },
			"attack_045_": { "width": 800, "height": 800 },
			"attack_048_": { "width": 800, "height": 800 },
			"attack_051_": { "width": 800, "height": 800 },
			"attack_054_": { "width": 800, "height": 800 },
			"attack_057_": { "width": 800, "height": 800 }
		},
		"mingzhong_": {
			"mingzhong_025_": { "width": 400, "height": 400 },
			"mingzhong_027_": { "width": 400, "height": 400 },
			"mingzhong_029_": { "width": 400, "height": 400 },
			"mingzhong_031_": { "width": 400, "height": 400 },
			"mingzhong_033_": { "width": 400, "height": 400 },
			"mingzhong_035_": { "width": 400, "height": 400 },
			"mingzhong_037_": { "width": 400, "height": 400 },
			"mingzhong_039_": { "width": 400, "height": 400 },
			"mingzhong_041_": { "width": 400, "height": 400 },
			"mingzhong_043_": { "width": 400, "height": 400 },
			"mingzhong_045_": { "width": 400, "height": 400 },
			"mingzhong_047_": { "width": 400, "height": 400 },
			"mingzhong_049_": { "width": 400, "height": 400 },
			"mingzhong_051_": { "width": 400, "height": 400 },
			"mingzhong_053_": { "width": 400, "height": 400 },
			"mingzhong_057_": { "width": 400, "height": 400 },
			"mingzhong_060_": { "width": 400, "height": 400 }
		},
		"xuli_": {
			"xuli_000_": { "width": 400, "height": 400 },
			"xuli_001_": { "width": 400, "height": 400 },
			"xuli_002_": { "width": 400, "height": 400 },
			"xuli_003_": { "width": 400, "height": 400 },
			"xuli_004_": { "width": 400, "height": 400 },
			"xuli_005_": { "width": 400, "height": 400 },
			"xuli_006_": { "width": 400, "height": 400 },
			"xuli_007_": { "width": 400, "height": 400 },
			"xuli_008_": { "width": 400, "height": 400 },
			"xuli_009_": { "width": 400, "height": 400 },
			"xuli_010_": { "width": 400, "height": 400 },
			"xuli_011_": { "width": 400, "height": 400 },
			"xuli_012_": { "width": 400, "height": 400 },
			"xuli_013_": { "width": 400, "height": 400 },
			"xuli_014_": { "width": 400, "height": 400 }
		}
	}
},
"animations": {
	"animation": {
		"slots": {
			"attack_000_": {
				"attachment": [
					{ "time": 0, "name": "attack_000_" },
					{ "time": 0.1, "name": "attack_003_" },
					{ "time": 0.2, "name": "attack_006_" },
					{ "time": 0.3, "name": "attack_009_" },
					{ "time": 0.4, "name": "attack_012_" },
					{ "time": 0.5, "name": "attack_015_" },
					{ "time": 0.6, "name": "attack_018_" },
					{ "time": 0.7, "name": "attack_021_" },
					{ "time": 0.8, "name": "attack_024_" },
					{ "time": 0.9, "name": "attack_027_" },
					{ "time": 1, "name": "attack_030_" },
					{ "time": 1.1, "name": "attack_033_" },
					{ "time": 1.2, "name": "attack_036_" },
					{ "time": 1.3, "name": "attack_039_" },
					{ "time": 1.4, "name": "attack_042_" },
					{ "time": 1.5, "name": "attack_045_" },
					{ "time": 1.6, "name": "attack_048_" },
					{ "time": 1.7, "name": "attack_051_" },
					{ "time": 1.8, "name": "attack_054_" },
					{ "time": 1.9, "name": "attack_057_" },
					{ "time": 2, "name": null }
				]
			},
			"mingzhong_": {
				"attachment": [
					{ "time": 0.8, "name": "mingzhong_025_" },
					{ "time": 0.8667, "name": "mingzhong_027_" },
					{ "time": 0.9333, "name": "mingzhong_029_" },
					{ "time": 1, "name": "mingzhong_031_" },
					{ "time": 1.0667, "name": "mingzhong_033_" },
					{ "time": 1.1333, "name": "mingzhong_035_" },
					{ "time": 1.2, "name": "mingzhong_037_" },
					{ "time": 1.2667, "name": "mingzhong_039_" },
					{ "time": 1.3333, "name": "mingzhong_041_" },
					{ "time": 1.4, "name": "mingzhong_043_" },
					{ "time": 1.4667, "name": "mingzhong_045_" },
					{ "time": 1.5333, "name": "mingzhong_047_" },
					{ "time": 1.6, "name": "mingzhong_049_" },
					{ "time": 1.6667, "name": "mingzhong_051_" },
					{ "time": 1.7333, "name": "mingzhong_053_" },
					{ "time": 1.8, "name": "mingzhong_057_" },
					{ "time": 1.8667, "name": "mingzhong_060_" },
					{ "time": 1.9333, "name": null }
				]
			},
			"xuli_": {
				"attachment": [
					{ "time": 0.1667, "name": "xuli_000_" },
					{ "time": 0.2, "name": "xuli_001_" },
					{ "time": 0.2333, "name": "xuli_002_" },
					{ "time": 0.2667, "name": "xuli_003_" },
					{ "time": 0.3, "name": "xuli_004_" },
					{ "time": 0.3333, "name": "xuli_005_" },
					{ "time": 0.3667, "name": "xuli_006_" },
					{ "time": 0.4, "name": "xuli_007_" },
					{ "time": 0.4333, "name": "xuli_008_" },
					{ "time": 0.4667, "name": "xuli_009_" },
					{ "time": 0.5, "name": "xuli_010_" },
					{ "time": 0.5333, "name": "xuli_011_" },
					{ "time": 0.5667, "name": "xuli_012_" },
					{ "time": 0.6, "name": "xuli_013_" },
					{ "time": 0.6333, "name": "xuli_014_" },
					{ "time": 0.6667, "name": null }
				]
			}
		},
		"bones": {
			"mingzhong_": {
				"translate": [
					{ "time": 0, "x": 39.25, "y": 23.19 }
				]
			}
		}
	}
}
}