{
"skeleton": { "hash": "9ZcEbWIL40L0d6L5feVPqSno0pg", "spine": "3.7.94", "width": 0, "height": 0, "images": "./images/", "audio": "" },
"bones": [
	{ "name": "root" },
	{ "name": "idle_", "parent": "root", "scaleX": 1.25, "scaleY": 1.25 },
	{ "name": "xx_shadow", "parent": "root", "scaleX": 2.76, "scaleY": 2.76 },
	{ "name": "xx_", "parent": "root", "scaleX": 1.25, "scaleY": 1.25 },
	{ "name": "idle_shadow", "parent": "root", "scaleX": 2.76, "scaleY": 2.76 }
],
"slots": [
	{ "name": "xx_shadow", "bone": "xx_shadow" },
	{ "name": "idle_shadow", "bone": "idle_shadow" },
	{ "name": "xx_", "bone": "xx_" },
	{ "name": "idle_000_", "bone": "idle_" }
],
"skins": {
	"default": {
		"idle_000_": {
			"idle_000_": { "width": 800, "height": 800 },
			"idle_003_": { "width": 800, "height": 800 },
			"idle_006_": { "width": 800, "height": 800 },
			"idle_009_": { "width": 800, "height": 800 },
			"idle_012_": { "width": 800, "height": 800 },
			"idle_015_": { "width": 800, "height": 800 },
			"idle_018_": { "width": 800, "height": 800 },
			"idle_021_": { "width": 800, "height": 800 },
			"idle_024_": { "width": 800, "height": 800 },
			"idle_027_": { "width": 800, "height": 800 },
			"idle_030_": { "width": 800, "height": 800 },
			"idle_033_": { "width": 800, "height": 800 },
			"idle_036_": { "width": 800, "height": 800 },
			"idle_039_": { "width": 800, "height": 800 },
			"idle_042_": { "width": 800, "height": 800 },
			"idle_045_": { "width": 800, "height": 800 },
			"idle_048_": { "width": 800, "height": 800 },
			"idle_051_": { "width": 800, "height": 800 },
			"idle_054_": { "width": 800, "height": 800 },
			"idle_057_": { "width": 800, "height": 800 },
			"idle_060_": { "width": 800, "height": 800 },
			"idle_063_": { "width": 800, "height": 800 },
			"idle_066_": { "width": 800, "height": 800 },
			"idle_069_": { "width": 800, "height": 800 },
			"idle_072_": { "width": 800, "height": 800 },
			"idle_075_": { "width": 800, "height": 800 },
			"idle_078_": { "width": 800, "height": 800 }
		},
		"idle_shadow": {
			"idle_shadow_000_": { "width": 360, "height": 360 },
			"idle_shadow_003_": { "width": 360, "height": 360 },
			"idle_shadow_006_": { "width": 360, "height": 360 },
			"idle_shadow_009_": { "width": 360, "height": 360 },
			"idle_shadow_012_": { "width": 360, "height": 360 },
			"idle_shadow_015_": { "width": 360, "height": 360 },
			"idle_shadow_018_": { "width": 360, "height": 360 },
			"idle_shadow_021_": { "width": 360, "height": 360 },
			"idle_shadow_024_": { "width": 360, "height": 360 },
			"idle_shadow_027_": { "width": 360, "height": 360 },
			"idle_shadow_030_": { "width": 360, "height": 360 },
			"idle_shadow_033_": { "width": 360, "height": 360 },
			"idle_shadow_036_": { "width": 360, "height": 360 },
			"idle_shadow_039_": { "width": 360, "height": 360 },
			"idle_shadow_042_": { "width": 360, "height": 360 },
			"idle_shadow_045_": { "width": 360, "height": 360 },
			"idle_shadow_048_": { "width": 360, "height": 360 },
			"idle_shadow_051_": { "width": 360, "height": 360 },
			"idle_shadow_054_": { "width": 360, "height": 360 },
			"idle_shadow_057_": { "width": 360, "height": 360 },
			"idle_shadow_060_": { "width": 360, "height": 360 },
			"idle_shadow_063_": { "width": 360, "height": 360 },
			"idle_shadow_066_": { "width": 360, "height": 360 },
			"idle_shadow_069_": { "width": 360, "height": 360 },
			"idle_shadow_072_": { "width": 360, "height": 360 },
			"idle_shadow_075_": { "width": 360, "height": 360 },
			"idle_shadow_078_": { "width": 360, "height": 360 }
		},
		"xx_": {
			"xx_000_": { "width": 800, "height": 800 },
			"xx_003_": { "width": 800, "height": 800 },
			"xx_006_": { "width": 800, "height": 800 },
			"xx_009_": { "width": 800, "height": 800 },
			"xx_012_": { "width": 800, "height": 800 },
			"xx_015_": { "width": 800, "height": 800 },
			"xx_018_": { "width": 800, "height": 800 },
			"xx_021_": { "width": 800, "height": 800 },
			"xx_024_": { "width": 800, "height": 800 },
			"xx_027_": { "width": 800, "height": 800 },
			"xx_030_": { "width": 800, "height": 800 },
			"xx_033_": { "width": 800, "height": 800 },
			"xx_036_": { "width": 800, "height": 800 },
			"xx_039_": { "width": 800, "height": 800 },
			"xx_042_": { "width": 800, "height": 800 },
			"xx_045_": { "width": 800, "height": 800 },
			"xx_048_": { "width": 800, "height": 800 }
		},
		"xx_shadow": {
			"xx_shadow_000_": { "width": 360, "height": 360 },
			"xx_shadow_003_": { "width": 360, "height": 360 },
			"xx_shadow_006_": { "width": 360, "height": 360 },
			"xx_shadow_009_": { "width": 360, "height": 360 },
			"xx_shadow_012_": { "width": 360, "height": 360 },
			"xx_shadow_015_": { "width": 360, "height": 360 },
			"xx_shadow_018_": { "width": 360, "height": 360 },
			"xx_shadow_021_": { "width": 360, "height": 360 },
			"xx_shadow_024_": { "width": 360, "height": 360 },
			"xx_shadow_027_": { "width": 360, "height": 360 },
			"xx_shadow_030_": { "width": 360, "height": 360 },
			"xx_shadow_033_": { "width": 360, "height": 360 },
			"xx_shadow_036_": { "width": 360, "height": 360 },
			"xx_shadow_039_": { "width": 360, "height": 360 },
			"xx_shadow_042_": { "width": 360, "height": 360 },
			"xx_shadow_045_": { "width": 360, "height": 360 },
			"xx_shadow_048_": { "width": 360, "height": 360 }
		}
	}
},
"animations": {
	"animation": {
		"slots": {
			"idle_000_": {
				"attachment": [
					{ "time": 0, "name": "idle_000_" },
					{ "time": 0.1, "name": "idle_003_" },
					{ "time": 0.2, "name": "idle_006_" },
					{ "time": 0.3, "name": "idle_009_" },
					{ "time": 0.4, "name": "idle_012_" },
					{ "time": 0.5, "name": "idle_015_" },
					{ "time": 0.6, "name": "idle_018_" },
					{ "time": 0.7, "name": "idle_021_" },
					{ "time": 0.8, "name": "idle_024_" },
					{ "time": 0.9, "name": "idle_027_" },
					{ "time": 1, "name": "idle_030_" },
					{ "time": 1.1, "name": "idle_033_" },
					{ "time": 1.2, "name": "idle_036_" },
					{ "time": 1.3, "name": "idle_039_" },
					{ "time": 1.4, "name": "idle_042_" },
					{ "time": 1.5, "name": "idle_045_" },
					{ "time": 1.6, "name": "idle_048_" },
					{ "time": 1.7, "name": "idle_051_" },
					{ "time": 1.8, "name": "idle_054_" },
					{ "time": 1.9, "name": "idle_057_" },
					{ "time": 2, "name": "idle_060_" },
					{ "time": 2.1, "name": "idle_063_" },
					{ "time": 2.2, "name": "idle_066_" },
					{ "time": 2.3, "name": "idle_069_" },
					{ "time": 2.4, "name": "idle_072_" },
					{ "time": 2.5, "name": "idle_075_" },
					{ "time": 2.6, "name": "idle_078_" },
					{ "time": 2.7, "name": null }
				]
			},
			"idle_shadow": {
				"attachment": [
					{ "time": 0, "name": "idle_shadow_000_" },
					{ "time": 0.1, "name": "idle_shadow_003_" },
					{ "time": 0.2, "name": "idle_shadow_006_" },
					{ "time": 0.3, "name": "idle_shadow_009_" },
					{ "time": 0.4, "name": "idle_shadow_012_" },
					{ "time": 0.5, "name": "idle_shadow_015_" },
					{ "time": 0.6, "name": "idle_shadow_018_" },
					{ "time": 0.7, "name": "idle_shadow_021_" },
					{ "time": 0.8, "name": "idle_shadow_024_" },
					{ "time": 0.9, "name": "idle_shadow_027_" },
					{ "time": 1, "name": "idle_shadow_030_" },
					{ "time": 1.1, "name": "idle_shadow_033_" },
					{ "time": 1.2, "name": "idle_shadow_036_" },
					{ "time": 1.3, "name": "idle_shadow_039_" },
					{ "time": 1.4, "name": "idle_shadow_042_" },
					{ "time": 1.5, "name": "idle_shadow_045_" },
					{ "time": 1.6, "name": "idle_shadow_048_" },
					{ "time": 1.7, "name": "idle_shadow_051_" },
					{ "time": 1.8, "name": "idle_shadow_054_" },
					{ "time": 1.9, "name": "idle_shadow_057_" },
					{ "time": 2, "name": "idle_shadow_060_" },
					{ "time": 2.1, "name": "idle_shadow_063_" },
					{ "time": 2.2, "name": "idle_shadow_066_" },
					{ "time": 2.3, "name": "idle_shadow_069_" },
					{ "time": 2.4, "name": "idle_shadow_072_" },
					{ "time": 2.5, "name": "idle_shadow_075_" },
					{ "time": 2.6, "name": "idle_shadow_078_" },
					{ "time": 2.7, "name": null }
				]
			},
			"xx_": {
				"attachment": [
					{ "time": 2.7, "name": "xx_000_" },
					{ "time": 2.8, "name": "xx_003_" },
					{ "time": 2.9, "name": "xx_006_" },
					{ "time": 3, "name": "xx_009_" },
					{ "time": 3.1, "name": "xx_012_" },
					{ "time": 3.2, "name": "xx_015_" },
					{ "time": 3.3, "name": "xx_018_" },
					{ "time": 3.4, "name": "xx_021_" },
					{ "time": 3.5, "name": "xx_024_" },
					{ "time": 3.6, "name": "xx_027_" },
					{ "time": 3.7, "name": "xx_030_" },
					{ "time": 3.8, "name": "xx_033_" },
					{ "time": 3.9, "name": "xx_036_" },
					{ "time": 4, "name": "xx_039_" },
					{ "time": 4.1, "name": "xx_042_" },
					{ "time": 4.2, "name": "xx_045_" },
					{ "time": 4.3, "name": "xx_048_" },
					{ "time": 4.4, "name": null },
					{ "time": 7, "name": null }
				]
			},
			"xx_shadow": {
				"attachment": [
					{ "time": 2.7, "name": "xx_shadow_000_" },
					{ "time": 2.8, "name": "xx_shadow_003_" },
					{ "time": 2.9, "name": "xx_shadow_006_" },
					{ "time": 3, "name": "xx_shadow_009_" },
					{ "time": 3.1, "name": "xx_shadow_012_" },
					{ "time": 3.2, "name": "xx_shadow_015_" },
					{ "time": 3.3, "name": "xx_shadow_018_" },
					{ "time": 3.4, "name": "xx_shadow_021_" },
					{ "time": 3.5, "name": "xx_shadow_024_" },
					{ "time": 3.6, "name": "xx_shadow_027_" },
					{ "time": 3.7, "name": "xx_shadow_030_" },
					{ "time": 3.8, "name": "xx_shadow_033_" },
					{ "time": 3.9, "name": "xx_shadow_036_" },
					{ "time": 4, "name": "xx_shadow_039_" },
					{ "time": 4.1, "name": "xx_shadow_042_" },
					{ "time": 4.2, "name": "xx_shadow_045_" },
					{ "time": 4.3, "name": "xx_shadow_048_" },
					{ "time": 4.4, "name": null },
					{ "time": 7, "name": null }
				]
			}
		}
	}
}
}