{
"skeleton": { "hash": "qG1KltHCN8XS6fPri3HTK5hgHDI", "spine": "2.1.27", "width": 0, "height": 0 },
"bones": [
	{ "name": "root" },
	{ "name": "bone", "parent": "root", "x": -38.42, "y": 202.65 }
],
"slots": [
	{ "name": "wanglihong_xx_19_3_", "bone": "bone" },
	{ "name": "wanglihong_xx_19_2_", "bone": "bone" },
	{ "name": "wanglihong_xx_19_1_", "bone": "bone" },
	{ "name": "wanglihong_xx_19_0_", "bone": "bone" },
	{ "name": "wanglihong_xx_18_3_", "bone": "bone" },
	{ "name": "wanglihong_xx_18_2_", "bone": "bone" },
	{ "name": "wanglihong_xx_18_1_", "bone": "bone" },
	{ "name": "wanglihong_xx_18_0_", "bone": "bone" },
	{ "name": "wanglihong_xx_17_3_", "bone": "bone" },
	{ "name": "wanglihong_xx_17_2_", "bone": "bone" },
	{ "name": "wanglihong_xx_17_1_", "bone": "bone" },
	{ "name": "wanglihong_xx_17_0_", "bone": "bone" },
	{ "name": "wanglihong_xx_16_6_", "bone": "bone" },
	{ "name": "wanglihong_xx_16_5_", "bone": "bone" },
	{ "name": "wanglihong_xx_16_4_", "bone": "bone" },
	{ "name": "wanglihong_xx_16_3_", "bone": "bone" },
	{ "name": "wanglihong_xx_16_2_", "bone": "bone" },
	{ "name": "wanglihong_xx_16_1_", "bone": "bone" },
	{ "name": "wanglihong_xx_16_0_", "bone": "bone" },
	{ "name": "wanglihong_xx_15_5_", "bone": "bone" },
	{ "name": "wanglihong_xx_15_4_", "bone": "bone" },
	{ "name": "wanglihong_xx_15_3_", "bone": "bone" },
	{ "name": "wanglihong_xx_15_2_", "bone": "bone" },
	{ "name": "wanglihong_xx_15_1_", "bone": "bone" },
	{ "name": "wanglihong_xx_15_0_", "bone": "bone" },
	{ "name": "wanglihong_xx_14_4_", "bone": "bone" },
	{ "name": "wanglihong_xx_14_3_", "bone": "bone" },
	{ "name": "wanglihong_xx_14_2_", "bone": "bone" },
	{ "name": "wanglihong_xx_14_1_", "bone": "bone" },
	{ "name": "wanglihong_xx_14_0_", "bone": "bone" },
	{ "name": "wanglihong_xx_13_6_", "bone": "bone" },
	{ "name": "wanglihong_xx_13_5_", "bone": "bone" },
	{ "name": "wanglihong_xx_13_4_", "bone": "bone" },
	{ "name": "wanglihong_xx_13_3_", "bone": "bone" },
	{ "name": "wanglihong_xx_13_2_", "bone": "bone" },
	{ "name": "wanglihong_xx_13_1_", "bone": "bone" },
	{ "name": "wanglihong_xx_13_0_", "bone": "bone" },
	{ "name": "wanglihong_xx_12_7_", "bone": "bone" },
	{ "name": "wanglihong_xx_12_6_", "bone": "bone" },
	{ "name": "wanglihong_xx_12_5_", "bone": "bone" },
	{ "name": "wanglihong_xx_12_4_", "bone": "bone" },
	{ "name": "wanglihong_xx_12_3_", "bone": "bone" },
	{ "name": "wanglihong_xx_12_2_", "bone": "bone" },
	{ "name": "wanglihong_xx_12_1_", "bone": "bone" },
	{ "name": "wanglihong_xx_12_0_", "bone": "bone" },
	{ "name": "wanglihong_xx_11_5_", "bone": "bone" },
	{ "name": "wanglihong_xx_11_4_", "bone": "bone" },
	{ "name": "wanglihong_xx_11_3_", "bone": "bone" },
	{ "name": "wanglihong_xx_11_2_", "bone": "bone" },
	{ "name": "wanglihong_xx_11_1_", "bone": "bone" },
	{ "name": "wanglihong_xx_11_0_", "bone": "bone" },
	{ "name": "wanglihong_xx_10_6_", "bone": "bone" },
	{ "name": "wanglihong_xx_10_5_", "bone": "bone" },
	{ "name": "wanglihong_xx_10_4_", "bone": "bone" },
	{ "name": "wanglihong_xx_10_3_", "bone": "bone" },
	{ "name": "wanglihong_xx_10_2_", "bone": "bone" },
	{ "name": "wanglihong_xx_10_1_", "bone": "bone" },
	{ "name": "wanglihong_xx_10_0_", "bone": "bone" },
	{ "name": "wanglihong_xx_9_7_", "bone": "bone" },
	{ "name": "wanglihong_xx_9_6_", "bone": "bone" },
	{ "name": "wanglihong_xx_9_5_", "bone": "bone" },
	{ "name": "wanglihong_xx_9_4_", "bone": "bone" },
	{ "name": "wanglihong_xx_9_3_", "bone": "bone" },
	{ "name": "wanglihong_xx_9_2_", "bone": "bone" },
	{ "name": "wanglihong_xx_9_1_", "bone": "bone" },
	{ "name": "wanglihong_xx_9_0_", "bone": "bone" },
	{ "name": "wanglihong_xx_8_7_", "bone": "bone" },
	{ "name": "wanglihong_xx_8_6_", "bone": "bone" },
	{ "name": "wanglihong_xx_8_5_", "bone": "bone" },
	{ "name": "wanglihong_xx_8_4_", "bone": "bone" },
	{ "name": "wanglihong_xx_8_3_", "bone": "bone" },
	{ "name": "wanglihong_xx_8_2_", "bone": "bone" },
	{ "name": "wanglihong_xx_8_1_", "bone": "bone" },
	{ "name": "wanglihong_xx_8_0_", "bone": "bone" },
	{ "name": "wanglihong_xx_7_4_", "bone": "bone" },
	{ "name": "wanglihong_xx_7_3_", "bone": "bone" },
	{ "name": "wanglihong_xx_7_2_", "bone": "bone" },
	{ "name": "wanglihong_xx_7_1_", "bone": "bone" },
	{ "name": "wanglihong_xx_7_0_", "bone": "bone" },
	{ "name": "wanglihong_xx_6_2_", "bone": "bone" },
	{ "name": "wanglihong_xx_6_1_", "bone": "bone" },
	{ "name": "wanglihong_xx_6_0_", "bone": "bone" },
	{ "name": "wanglihong_xx_5_3_", "bone": "bone" },
	{ "name": "wanglihong_xx_5_2_", "bone": "bone" },
	{ "name": "wanglihong_xx_5_1_", "bone": "bone" },
	{ "name": "wanglihong_xx_5_0_", "bone": "bone" },
	{ "name": "wanglihong_xx_4_3_", "bone": "bone" },
	{ "name": "wanglihong_xx_4_2_", "bone": "bone" },
	{ "name": "wanglihong_xx_4_1_", "bone": "bone" },
	{ "name": "wanglihong_xx_4_0_", "bone": "bone" },
	{ "name": "wanglihong_xx_3_5_", "bone": "bone" },
	{ "name": "wanglihong_xx_3_4_", "bone": "bone" },
	{ "name": "wanglihong_xx_3_3_", "bone": "bone" },
	{ "name": "wanglihong_xx_3_2_", "bone": "bone" },
	{ "name": "wanglihong_xx_3_1_", "bone": "bone" },
	{ "name": "wanglihong_xx_3_0_", "bone": "bone" },
	{ "name": "wanglihong_xx_2_5_", "bone": "bone" },
	{ "name": "wanglihong_xx_2_4_", "bone": "bone" },
	{ "name": "wanglihong_xx_2_3_", "bone": "bone" },
	{ "name": "wanglihong_xx_2_2_", "bone": "bone" },
	{ "name": "wanglihong_xx_2_1_", "bone": "bone" },
	{ "name": "wanglihong_xx_2_0_", "bone": "bone" },
	{ "name": "wanglihong_xx_1_4_", "bone": "bone" },
	{ "name": "wanglihong_xx_1_3_", "bone": "bone" },
	{ "name": "wanglihong_xx_1_2_", "bone": "bone" },
	{ "name": "wanglihong_xx_1_1_", "bone": "bone" },
	{ "name": "wanglihong_xx_1_0_", "bone": "bone" },
	{ "name": "wanglihong_xx_0_3_", "bone": "bone" },
	{ "name": "wanglihong_xx_0_2_", "bone": "bone" },
	{ "name": "wanglihong_xx_0_1_", "bone": "bone" },
	{ "name": "wanglihong_xx_0_0_", "bone": "bone" },
	{ "name": "wanglihong_dj_7_3_", "bone": "bone" },
	{ "name": "wanglihong_dj_7_2_", "bone": "bone" },
	{ "name": "wanglihong_dj_7_1_", "bone": "bone" },
	{ "name": "wanglihong_dj_7_0_", "bone": "bone" },
	{ "name": "wanglihong_dj_6_3_", "bone": "bone" },
	{ "name": "wanglihong_dj_6_2_", "bone": "bone" },
	{ "name": "wanglihong_dj_6_1_", "bone": "bone" },
	{ "name": "wanglihong_dj_6_0_", "bone": "bone" },
	{ "name": "wanglihong_dj_5_3_", "bone": "bone" },
	{ "name": "wanglihong_dj_5_2_", "bone": "bone" },
	{ "name": "wanglihong_dj_5_1_", "bone": "bone" },
	{ "name": "wanglihong_dj_5_0_", "bone": "bone" },
	{ "name": "wanglihong_dj_4_3_", "bone": "bone" },
	{ "name": "wanglihong_dj_4_2_", "bone": "bone" },
	{ "name": "wanglihong_dj_4_1_", "bone": "bone" },
	{ "name": "wanglihong_dj_4_0_", "bone": "bone" },
	{ "name": "wanglihong_dj_3_3_", "bone": "bone" },
	{ "name": "wanglihong_dj_3_2_", "bone": "bone" },
	{ "name": "wanglihong_dj_3_1_", "bone": "bone" },
	{ "name": "wanglihong_dj_3_0_", "bone": "bone" },
	{ "name": "wanglihong_dj_2_3_", "bone": "bone" },
	{ "name": "wanglihong_dj_2_2_", "bone": "bone" },
	{ "name": "wanglihong_dj_2_1_", "bone": "bone" },
	{ "name": "wanglihong_dj_2_0_", "bone": "bone" },
	{ "name": "wanglihong_dj_1_3_", "bone": "bone" },
	{ "name": "wanglihong_dj_1_2_", "bone": "bone" },
	{ "name": "wanglihong_dj_1_1_", "bone": "bone" },
	{ "name": "wanglihong_dj_1_0_", "bone": "bone" },
	{ "name": "wanglihong_dj_0_4_", "bone": "bone" },
	{ "name": "wanglihong_dj_0_3_", "bone": "bone" },
	{ "name": "wanglihong_dj_0_2_", "bone": "bone" },
	{ "name": "wanglihong_dj_0_1_", "bone": "bone" }
],
"skins": {
	"default": {
		"wanglihong_dj_0_1_": {
			"wanglihong_dj_0_1_": { "x": -4.73, "y": -151.81, "width": 69, "height": 86 }
		},
		"wanglihong_dj_0_2_": {
			"wanglihong_dj_0_2_": { "x": 3.26, "y": -216.31, "width": 41, "height": 43 }
		},
		"wanglihong_dj_0_3_": {
			"wanglihong_dj_0_3_": { "x": 59.26, "y": -119.31, "width": 75, "height": 59 }
		},
		"wanglihong_dj_0_4_": {
			"wanglihong_dj_0_4_": { "x": 58.76, "y": -170.31, "width": 58, "height": 43 }
		},
		"wanglihong_dj_1_0_": {
			"wanglihong_dj_1_0_": { "x": -6.73, "y": -152.31, "width": 65, "height": 89 }
		},
		"wanglihong_dj_1_1_": {
			"wanglihong_dj_1_1_": { "x": 7.26, "y": -211.81, "width": 47, "height": 52 }
		},
		"wanglihong_dj_1_2_": {
			"wanglihong_dj_1_2_": { "x": 59.26, "y": -119.81, "width": 75, "height": 60 }
		},
		"wanglihong_dj_1_3_": {
			"wanglihong_dj_1_3_": { "x": 56.76, "y": -170.81, "width": 62, "height": 42 }
		},
		"wanglihong_dj_2_0_": {
			"wanglihong_dj_2_0_": { "x": -3.73, "y": -139.31, "width": 71, "height": 99 }
		},
		"wanglihong_dj_2_1_": {
			"wanglihong_dj_2_1_": { "x": 3.76, "y": -213.31, "width": 40, "height": 49 }
		},
		"wanglihong_dj_2_2_": {
			"wanglihong_dj_2_2_": { "x": 63.76, "y": -119.81, "width": 64, "height": 60 }
		},
		"wanglihong_dj_2_3_": {
			"wanglihong_dj_2_3_": { "x": 59.76, "y": -170.81, "width": 56, "height": 42 }
		},
		"wanglihong_dj_3_0_": {
			"wanglihong_dj_3_0_": { "x": 5.26, "y": -203.81, "width": 69, "height": 68 }
		},
		"wanglihong_dj_3_1_": {
			"wanglihong_dj_3_1_": { "x": -7.23, "y": -137.31, "width": 64, "height": 65 }
		},
		"wanglihong_dj_3_2_": {
			"wanglihong_dj_3_2_": { "x": 59.76, "y": -120.31, "width": 70, "height": 61 }
		},
		"wanglihong_dj_3_3_": {
			"wanglihong_dj_3_3_": { "x": 56.26, "y": -171.31, "width": 63, "height": 41 }
		},
		"wanglihong_dj_4_0_": {
			"wanglihong_dj_4_0_": { "x": -6.73, "y": -151.31, "width": 65, "height": 95 }
		},
		"wanglihong_dj_4_1_": {
			"wanglihong_dj_4_1_": { "x": 2.76, "y": -218.31, "width": 40, "height": 39 }
		},
		"wanglihong_dj_4_2_": {
			"wanglihong_dj_4_2_": { "x": 59.26, "y": -119.31, "width": 67, "height": 59 }
		},
		"wanglihong_dj_4_3_": {
			"wanglihong_dj_4_3_": { "x": 56.76, "y": -170.31, "width": 62, "height": 43 }
		},
		"wanglihong_dj_5_0_": {
			"wanglihong_dj_5_0_": { "x": -6.73, "y": -146.31, "width": 65, "height": 87 }
		},
		"wanglihong_dj_5_1_": {
			"wanglihong_dj_5_1_": { "x": 2.76, "y": -213.81, "width": 42, "height": 48 }
		},
		"wanglihong_dj_5_2_": {
			"wanglihong_dj_5_2_": { "x": 59.26, "y": -120.81, "width": 67, "height": 62 }
		},
		"wanglihong_dj_5_3_": {
			"wanglihong_dj_5_3_": { "x": 56.76, "y": -171.81, "width": 62, "height": 40 }
		},
		"wanglihong_dj_6_0_": {
			"wanglihong_dj_6_0_": { "x": -4.23, "y": -149.31, "width": 70, "height": 83 }
		},
		"wanglihong_dj_6_1_": {
			"wanglihong_dj_6_1_": { "x": 2.76, "y": -214.31, "width": 42, "height": 47 }
		},
		"wanglihong_dj_6_2_": {
			"wanglihong_dj_6_2_": { "x": 58.76, "y": -120.31, "width": 72, "height": 61 }
		},
		"wanglihong_dj_6_3_": {
			"wanglihong_dj_6_3_": { "x": 59.26, "y": -171.31, "width": 57, "height": 41 }
		},
		"wanglihong_dj_7_0_": {
			"wanglihong_dj_7_0_": { "x": 54.26, "y": -110.31, "width": 81, "height": 41 }
		},
		"wanglihong_dj_7_1_": {
			"wanglihong_dj_7_1_": { "x": 65.26, "y": -161.31, "width": 59, "height": 61 }
		},
		"wanglihong_dj_7_2_": {
			"wanglihong_dj_7_2_": { "x": -2.23, "y": -155.31, "width": 76, "height": 71 }
		},
		"wanglihong_dj_7_3_": {
			"wanglihong_dj_7_3_": { "x": 3.26, "y": -214.31, "width": 41, "height": 47 }
		},
		"wanglihong_xx_0_0_": {
			"wanglihong_xx_0_0_": { "x": 58.76, "y": -140.31, "width": 72, "height": 101 }
		},
		"wanglihong_xx_0_1_": {
			"wanglihong_xx_0_1_": { "x": -3.73, "y": -152.31, "width": 53, "height": 69 }
		},
		"wanglihong_xx_0_2_": {
			"wanglihong_xx_0_2_": { "x": 3.26, "y": -211.31, "width": 39, "height": 49 }
		},
		"wanglihong_xx_0_3_": {
			"wanglihong_xx_0_3_": { "x": -34.73, "y": -125.81, "width": 9, "height": 4 }
		},
		"wanglihong_xx_10_0_": {
			"wanglihong_xx_10_0_": { "x": 5.26, "y": -164.31, "width": 39, "height": 35 }
		},
		"wanglihong_xx_10_1_": {
			"wanglihong_xx_10_1_": { "x": 49.76, "y": -121.81, "width": 104, "height": 50 }
		},
		"wanglihong_xx_10_2_": {
			"wanglihong_xx_10_2_": { "x": 68.76, "y": -168.81, "width": 36, "height": 44 }
		},
		"wanglihong_xx_10_3_": {
			"wanglihong_xx_10_3_": { "x": 51.76, "y": -74.31, "width": 80, "height": 45 }
		},
		"wanglihong_xx_10_4_": {
			"wanglihong_xx_10_4_": { "x": 39.76, "y": -39.81, "width": 20, "height": 24 }
		},
		"wanglihong_xx_10_5_": {
			"wanglihong_xx_10_5_": { "x": 52.26, "y": -17.31, "width": 21, "height": 21 }
		},
		"wanglihong_xx_10_6_": {
			"wanglihong_xx_10_6_": { "x": 68.26, "y": 4.18, "width": 19, "height": 22 }
		},
		"wanglihong_xx_11_0_": {
			"wanglihong_xx_11_0_": { "x": 50.76, "y": -128.81, "width": 98, "height": 62 }
		},
		"wanglihong_xx_11_1_": {
			"wanglihong_xx_11_1_": { "x": 68.76, "y": -175.31, "width": 36, "height": 31 }
		},
		"wanglihong_xx_11_2_": {
			"wanglihong_xx_11_2_": { "x": 11.76, "y": -170.81, "width": 20, "height": 22 }
		},
		"wanglihong_xx_11_3_": {
			"wanglihong_xx_11_3_": { "x": 58.26, "y": -71.31, "width": 73, "height": 53 }
		},
		"wanglihong_xx_11_4_": {
			"wanglihong_xx_11_4_": { "x": 54.26, "y": -33.31, "width": 21, "height": 23 }
		},
		"wanglihong_xx_11_5_": {
			"wanglihong_xx_11_5_": { "x": 79.76, "y": -6.31, "width": 40, "height": 31 }
		},
		"wanglihong_xx_12_0_": {
			"wanglihong_xx_12_0_": { "x": 46.76, "y": -131.31, "width": 102, "height": 41 }
		},
		"wanglihong_xx_12_1_": {
			"wanglihong_xx_12_1_": { "x": 68.76, "y": -171.31, "width": 38, "height": 39 }
		},
		"wanglihong_xx_12_2_": {
			"wanglihong_xx_12_2_": { "x": -0.73, "y": -162.81, "width": 19, "height": 22 }
		},
		"wanglihong_xx_12_3_": {
			"wanglihong_xx_12_3_": { "x": 22.76, "y": -171.31, "width": 28, "height": 39 }
		},
		"wanglihong_xx_12_4_": {
			"wanglihong_xx_12_4_": { "x": 56.26, "y": -67.81, "width": 69, "height": 38 }
		},
		"wanglihong_xx_12_5_": {
			"wanglihong_xx_12_5_": { "x": 54.26, "y": -98.81, "width": 81, "height": 24 }
		},
		"wanglihong_xx_12_6_": {
			"wanglihong_xx_12_6_": { "x": 64.26, "y": -37.81, "width": 31, "height": 22 }
		},
		"wanglihong_xx_12_7_": {
			"wanglihong_xx_12_7_": { "x": 88.76, "y": -16.81, "width": 28, "height": 20 }
		},
		"wanglihong_xx_13_0_": {
			"wanglihong_xx_13_0_": { "x": 9.26, "y": -219.81, "width": 31, "height": 34 }
		},
		"wanglihong_xx_13_1_": {
			"wanglihong_xx_13_1_": { "x": 68.76, "y": -170.31, "width": 36, "height": 43 }
		},
		"wanglihong_xx_13_2_": {
			"wanglihong_xx_13_2_": { "x": 9.26, "y": -157.31, "width": 83, "height": 91 }
		},
		"wanglihong_xx_13_3_": {
			"wanglihong_xx_13_3_": { "x": 73.76, "y": -122.81, "width": 46, "height": 52 }
		},
		"wanglihong_xx_13_4_": {
			"wanglihong_xx_13_4_": { "x": 21.76, "y": -104.31, "width": 58, "height": 15 }
		},
		"wanglihong_xx_13_5_": {
			"wanglihong_xx_13_5_": { "x": 36.76, "y": -84.31, "width": 50, "height": 25 }
		},
		"wanglihong_xx_13_6_": {
			"wanglihong_xx_13_6_": { "x": 39.76, "y": -58.81, "width": 20, "height": 26 }
		},
		"wanglihong_xx_14_0_": {
			"wanglihong_xx_14_0_": { "x": 24.76, "y": -153.81, "width": 126, "height": 72 }
		},
		"wanglihong_xx_14_1_": {
			"wanglihong_xx_14_1_": { "x": -0.23, "y": -213.31, "width": 46, "height": 47 }
		},
		"wanglihong_xx_14_2_": {
			"wanglihong_xx_14_2_": { "x": 42.26, "y": -104.81, "width": 69, "height": 26 }
		},
		"wanglihong_xx_14_3_": {
			"wanglihong_xx_14_3_": { "x": 87.76, "y": -102.81, "width": 22, "height": 16 }
		},
		"wanglihong_xx_14_4_": {
			"wanglihong_xx_14_4_": { "x": -8.73, "y": -114.31, "width": 5, "height": 7 }
		},
		"wanglihong_xx_15_0_": {
			"wanglihong_xx_15_0_": { "x": 23.26, "y": -166.31, "width": 127, "height": 55 }
		},
		"wanglihong_xx_15_1_": {
			"wanglihong_xx_15_1_": { "x": 0.76, "y": -215.81, "width": 44, "height": 44 }
		},
		"wanglihong_xx_15_2_": {
			"wanglihong_xx_15_2_": { "x": -21.73, "y": -129.31, "width": 11, "height": 19 }
		},
		"wanglihong_xx_15_3_": {
			"wanglihong_xx_15_3_": { "x": -7.23, "y": -133.31, "width": 10, "height": 11 }
		},
		"wanglihong_xx_15_4_": {
			"wanglihong_xx_15_4_": { "x": 41.76, "y": -117.31, "width": 88, "height": 43 }
		},
		"wanglihong_xx_15_5_": {
			"wanglihong_xx_15_5_": { "x": 92.26, "y": -98.81, "width": 13, "height": 18 }
		},
		"wanglihong_xx_16_0_": {
			"wanglihong_xx_16_0_": { "x": 24.26, "y": -162.31, "width": 127, "height": 55 }
		},
		"wanglihong_xx_16_1_": {
			"wanglihong_xx_16_1_": { "x": -1.73, "y": -201.31, "width": 45, "height": 23 }
		},
		"wanglihong_xx_16_2_": {
			"wanglihong_xx_16_2_": { "x": 7.76, "y": -225.31, "width": 30, "height": 25 }
		},
		"wanglihong_xx_16_3_": {
			"wanglihong_xx_16_3_": { "x": -21.73, "y": -126.31, "width": 11, "height": 17 }
		},
		"wanglihong_xx_16_4_": {
			"wanglihong_xx_16_4_": { "x": -5.73, "y": -129.81, "width": 9, "height": 10 }
		},
		"wanglihong_xx_16_5_": {
			"wanglihong_xx_16_5_": { "x": 43.26, "y": -112.31, "width": 79, "height": 45 }
		},
		"wanglihong_xx_16_6_": {
			"wanglihong_xx_16_6_": { "x": 90.26, "y": -111.31, "width": 15, "height": 19 }
		},
		"wanglihong_xx_17_0_": {
			"wanglihong_xx_17_0_": { "x": 48.76, "y": -110.31, "width": 88, "height": 59 }
		},
		"wanglihong_xx_17_1_": {
			"wanglihong_xx_17_1_": { "x": 56.76, "y": -165.81, "width": 62, "height": 52 }
		},
		"wanglihong_xx_17_2_": {
			"wanglihong_xx_17_2_": { "x": -5.73, "y": -152.31, "width": 63, "height": 75 }
		},
		"wanglihong_xx_17_3_": {
			"wanglihong_xx_17_3_": { "x": 0.26, "y": -213.81, "width": 51, "height": 48 }
		},
		"wanglihong_xx_18_0_": {
			"wanglihong_xx_18_0_": { "x": 45.26, "y": -98.31, "width": 93, "height": 47 }
		},
		"wanglihong_xx_18_1_": {
			"wanglihong_xx_18_1_": { "x": 63.26, "y": -156.81, "width": 57, "height": 70 }
		},
		"wanglihong_xx_18_2_": {
			"wanglihong_xx_18_2_": { "x": 0.26, "y": -153.31, "width": 69, "height": 77 }
		},
		"wanglihong_xx_18_3_": {
			"wanglihong_xx_18_3_": { "x": -0.23, "y": -214.81, "width": 46, "height": 46 }
		},
		"wanglihong_xx_19_0_": {
			"wanglihong_xx_19_0_": { "x": 4.76, "y": -139.31, "width": 74, "height": 97 }
		},
		"wanglihong_xx_19_1_": {
			"wanglihong_xx_19_1_": { "x": 1.76, "y": -212.81, "width": 44, "height": 50 }
		},
		"wanglihong_xx_19_2_": {
			"wanglihong_xx_19_2_": { "x": 72.76, "y": -115.31, "width": 62, "height": 61 }
		},
		"wanglihong_xx_19_3_": {
			"wanglihong_xx_19_3_": { "x": 64.76, "y": -168.81, "width": 46, "height": 46 }
		},
		"wanglihong_xx_1_0_": {
			"wanglihong_xx_1_0_": { "x": 58.26, "y": -139.81, "width": 75, "height": 100 }
		},
		"wanglihong_xx_1_1_": {
			"wanglihong_xx_1_1_": { "x": -3.23, "y": -160.31, "width": 48, "height": 61 }
		},
		"wanglihong_xx_1_2_": {
			"wanglihong_xx_1_2_": { "x": 4.26, "y": -212.81, "width": 37, "height": 46 }
		},
		"wanglihong_xx_1_3_": {
			"wanglihong_xx_1_3_": { "x": -4.23, "y": -117.81, "width": 50, "height": 18 }
		},
		"wanglihong_xx_1_4_": {
			"wanglihong_xx_1_4_": { "x": -39.23, "y": -110.81, "width": 20, "height": 8 }
		},
		"wanglihong_xx_2_0_": {
			"wanglihong_xx_2_0_": { "x": 53.76, "y": -139.31, "width": 66, "height": 101 }
		},
		"wanglihong_xx_2_1_": {
			"wanglihong_xx_2_1_": { "x": 94.26, "y": -123.31, "width": 15, "height": 37 }
		},
		"wanglihong_xx_2_2_": {
			"wanglihong_xx_2_2_": { "x": -4.73, "y": -159.31, "width": 51, "height": 61 }
		},
		"wanglihong_xx_2_3_": {
			"wanglihong_xx_2_3_": { "x": -1.23, "y": -213.31, "width": 48, "height": 47 }
		},
		"wanglihong_xx_2_4_": {
			"wanglihong_xx_2_4_": { "x": 5.76, "y": -107.81, "width": 30, "height": 24 }
		},
		"wanglihong_xx_2_5_": {
			"wanglihong_xx_2_5_": { "x": -25.23, "y": -101.81, "width": 32, "height": 18 }
		},
		"wanglihong_xx_3_0_": {
			"wanglihong_xx_3_0_": { "x": 56.76, "y": -108.81, "width": 86, "height": 40 }
		},
		"wanglihong_xx_3_1_": {
			"wanglihong_xx_3_1_": { "x": -19.23, "y": -103.31, "width": 66, "height": 21 }
		},
		"wanglihong_xx_3_2_": {
			"wanglihong_xx_3_2_": { "x": -5.73, "y": -158.81, "width": 57, "height": 60 }
		},
		"wanglihong_xx_3_3_": {
			"wanglihong_xx_3_3_": { "x": 0.76, "y": -212.81, "width": 44, "height": 48 }
		},
		"wanglihong_xx_3_4_": {
			"wanglihong_xx_3_4_": { "x": 54.76, "y": -159.31, "width": 64, "height": 61 }
		},
		"wanglihong_xx_3_5_": {
			"wanglihong_xx_3_5_": { "x": 95.76, "y": -133.81, "width": 16, "height": 10 }
		},
		"wanglihong_xx_4_0_": {
			"wanglihong_xx_4_0_": { "x": 57.76, "y": -140.81, "width": 84, "height": 104 }
		},
		"wanglihong_xx_4_1_": {
			"wanglihong_xx_4_1_": { "x": 0.26, "y": -214.81, "width": 45, "height": 44 }
		},
		"wanglihong_xx_4_2_": {
			"wanglihong_xx_4_2_": { "x": -7.73, "y": -160.31, "width": 47, "height": 65 }
		},
		"wanglihong_xx_4_3_": {
			"wanglihong_xx_4_3_": { "x": -7.23, "y": -108.31, "width": 46, "height": 11 }
		},
		"wanglihong_xx_5_0_": {
			"wanglihong_xx_5_0_": { "x": 55.76, "y": -110.81, "width": 82, "height": 36 }
		},
		"wanglihong_xx_5_1_": {
			"wanglihong_xx_5_1_": { "x": 51.26, "y": -160.81, "width": 73, "height": 64 }
		},
		"wanglihong_xx_5_2_": {
			"wanglihong_xx_5_2_": { "x": -5.73, "y": -160.31, "width": 41, "height": 65 }
		},
		"wanglihong_xx_5_3_": {
			"wanglihong_xx_5_3_": { "x": 0.26, "y": -214.81, "width": 45, "height": 44 }
		},
		"wanglihong_xx_6_0_": {
			"wanglihong_xx_6_0_": { "x": 54.26, "y": -112.31, "width": 89, "height": 39 }
		},
		"wanglihong_xx_6_1_": {
			"wanglihong_xx_6_1_": { "x": 31.76, "y": -164.81, "width": 114, "height": 66 }
		},
		"wanglihong_xx_6_2_": {
			"wanglihong_xx_6_2_": { "x": 4.76, "y": -217.31, "width": 36, "height": 39 }
		},
		"wanglihong_xx_7_0_": {
			"wanglihong_xx_7_0_": { "x": 63.26, "y": -135.81, "width": 67, "height": 108 }
		},
		"wanglihong_xx_7_1_": {
			"wanglihong_xx_7_1_": { "x": 101.26, "y": -112.31, "width": 9, "height": 23 }
		},
		"wanglihong_xx_7_2_": {
			"wanglihong_xx_7_2_": { "x": 1.76, "y": -156.81, "width": 56, "height": 76 }
		},
		"wanglihong_xx_7_3_": {
			"wanglihong_xx_7_3_": { "x": 11.76, "y": -210.31, "width": 46, "height": 31 }
		},
		"wanglihong_xx_7_4_": {
			"wanglihong_xx_7_4_": { "x": 7.26, "y": -97.81, "width": 45, "height": 24 }
		},
		"wanglihong_xx_8_0_": {
			"wanglihong_xx_8_0_": { "x": 38.26, "y": -156.31, "width": 113, "height": 71 }
		},
		"wanglihong_xx_8_1_": {
			"wanglihong_xx_8_1_": { "x": 13.76, "y": -196.31, "width": 26, "height": 9 }
		},
		"wanglihong_xx_8_2_": {
			"wanglihong_xx_8_2_": { "x": 61.76, "y": -94.81, "width": 66, "height": 52 }
		},
		"wanglihong_xx_8_3_": {
			"wanglihong_xx_8_3_": { "x": 103.26, "y": -114.81, "width": 17, "height": 22 }
		},
		"wanglihong_xx_8_4_": {
			"wanglihong_xx_8_4_": { "x": 18.76, "y": -116.31, "width": 20, "height": 9 }
		},
		"wanglihong_xx_8_5_": {
			"wanglihong_xx_8_5_": { "x": 23.76, "y": -70.81, "width": 10, "height": 20 }
		},
		"wanglihong_xx_8_6_": {
			"wanglihong_xx_8_6_": { "x": 39.26, "y": -56.31, "width": 21, "height": 25 }
		},
		"wanglihong_xx_8_7_": {
			"wanglihong_xx_8_7_": { "x": 60.76, "y": -34.81, "width": 22, "height": 26 }
		},
		"wanglihong_xx_9_0_": {
			"wanglihong_xx_9_0_": { "x": 38.76, "y": -137.81, "width": 98, "height": 88 }
		},
		"wanglihong_xx_9_1_": {
			"wanglihong_xx_9_1_": { "x": 98.76, "y": -122.31, "width": 22, "height": 37 }
		},
		"wanglihong_xx_9_2_": {
			"wanglihong_xx_9_2_": { "x": 79.26, "y": -186.31, "width": 15, "height": 9 }
		},
		"wanglihong_xx_9_3_": {
			"wanglihong_xx_9_3_": { "x": 7.76, "y": -192.81, "width": 20, "height": 22 }
		},
		"wanglihong_xx_9_4_": {
			"wanglihong_xx_9_4_": { "x": 56.76, "y": -76.81, "width": 64, "height": 34 }
		},
		"wanglihong_xx_9_5_": {
			"wanglihong_xx_9_5_": { "x": 38.76, "y": -48.81, "width": 24, "height": 22 }
		},
		"wanglihong_xx_9_6_": {
			"wanglihong_xx_9_6_": { "x": 53.76, "y": -28.31, "width": 22, "height": 19 }
		},
		"wanglihong_xx_9_7_": {
			"wanglihong_xx_9_7_": { "x": 71.26, "y": -8.31, "width": 23, "height": 21 }
		}
	}
},
"animations": {
	"dj": {
		"slots": {
			"wanglihong_dj_0_1_": {
				"attachment": [
					{ "time": 0, "name": "wanglihong_dj_0_1_" },
					{ "time": 0.1666, "name": null },
					{ "time": 1.3333, "name": "wanglihong_dj_0_1_" }
				]
			},
			"wanglihong_dj_0_2_": {
				"attachment": [
					{ "time": 0, "name": "wanglihong_dj_0_2_" },
					{ "time": 0.1666, "name": null },
					{ "time": 1.3333, "name": "wanglihong_dj_0_2_" }
				]
			},
			"wanglihong_dj_0_3_": {
				"attachment": [
					{ "time": 0, "name": "wanglihong_dj_0_3_" },
					{ "time": 0.1666, "name": null },
					{ "time": 1.3333, "name": "wanglihong_dj_0_3_" }
				]
			},
			"wanglihong_dj_0_4_": {
				"attachment": [
					{ "time": 0, "name": "wanglihong_dj_0_4_" },
					{ "time": 0.1666, "name": null },
					{ "time": 1.3333, "name": "wanglihong_dj_0_4_" }
				]
			},
			"wanglihong_dj_1_0_": {
				"attachment": [
					{ "time": 0, "name": null },
					{ "time": 0.1666, "name": "wanglihong_dj_1_0_" },
					{ "time": 0.3333, "name": null }
				]
			},
			"wanglihong_dj_1_1_": {
				"attachment": [
					{ "time": 0, "name": null },
					{ "time": 0.1666, "name": "wanglihong_dj_1_1_" },
					{ "time": 0.3333, "name": null }
				]
			},
			"wanglihong_dj_1_2_": {
				"attachment": [
					{ "time": 0, "name": null },
					{ "time": 0.1666, "name": "wanglihong_dj_1_2_" },
					{ "time": 0.3333, "name": null }
				]
			},
			"wanglihong_dj_1_3_": {
				"attachment": [
					{ "time": 0, "name": null },
					{ "time": 0.1666, "name": "wanglihong_dj_1_3_" },
					{ "time": 0.3333, "name": null }
				]
			},
			"wanglihong_dj_2_0_": {
				"attachment": [
					{ "time": 0, "name": null },
					{ "time": 0.3333, "name": "wanglihong_dj_2_0_" },
					{ "time": 0.5, "name": null }
				]
			},
			"wanglihong_dj_2_1_": {
				"attachment": [
					{ "time": 0, "name": null },
					{ "time": 0.3333, "name": "wanglihong_dj_2_1_" },
					{ "time": 0.5, "name": null }
				]
			},
			"wanglihong_dj_2_2_": {
				"attachment": [
					{ "time": 0, "name": null },
					{ "time": 0.3333, "name": "wanglihong_dj_2_2_" },
					{ "time": 0.5, "name": null }
				]
			},
			"wanglihong_dj_2_3_": {
				"attachment": [
					{ "time": 0, "name": null },
					{ "time": 0.3333, "name": "wanglihong_dj_2_3_" },
					{ "time": 0.5, "name": null }
				]
			},
			"wanglihong_dj_3_0_": {
				"attachment": [
					{ "time": 0, "name": null },
					{ "time": 0.5, "name": "wanglihong_dj_3_0_" },
					{ "time": 0.6666, "name": null }
				]
			},
			"wanglihong_dj_3_1_": {
				"attachment": [
					{ "time": 0, "name": null },
					{ "time": 0.5, "name": "wanglihong_dj_3_1_" },
					{ "time": 0.6666, "name": null }
				]
			},
			"wanglihong_dj_3_2_": {
				"attachment": [
					{ "time": 0, "name": null },
					{ "time": 0.5, "name": "wanglihong_dj_3_2_" },
					{ "time": 0.6666, "name": null }
				]
			},
			"wanglihong_dj_3_3_": {
				"attachment": [
					{ "time": 0, "name": null },
					{ "time": 0.5, "name": "wanglihong_dj_3_3_" },
					{ "time": 0.6666, "name": null }
				]
			},
			"wanglihong_dj_4_0_": {
				"attachment": [
					{ "time": 0, "name": null },
					{ "time": 0.6666, "name": "wanglihong_dj_4_0_" },
					{ "time": 0.8333, "name": null }
				]
			},
			"wanglihong_dj_4_1_": {
				"attachment": [
					{ "time": 0, "name": null },
					{ "time": 0.6666, "name": "wanglihong_dj_4_1_" },
					{ "time": 0.8333, "name": null }
				]
			},
			"wanglihong_dj_4_2_": {
				"attachment": [
					{ "time": 0, "name": null },
					{ "time": 0.6666, "name": "wanglihong_dj_4_2_" },
					{ "time": 0.8333, "name": null }
				]
			},
			"wanglihong_dj_4_3_": {
				"attachment": [
					{ "time": 0, "name": null },
					{ "time": 0.6666, "name": "wanglihong_dj_4_3_" },
					{ "time": 0.8333, "name": null }
				]
			},
			"wanglihong_dj_5_0_": {
				"attachment": [
					{ "time": 0, "name": null },
					{ "time": 0.8333, "name": "wanglihong_dj_5_0_" },
					{ "time": 1, "name": null }
				]
			},
			"wanglihong_dj_5_1_": {
				"attachment": [
					{ "time": 0, "name": null },
					{ "time": 0.8333, "name": "wanglihong_dj_5_1_" },
					{ "time": 1, "name": null }
				]
			},
			"wanglihong_dj_5_2_": {
				"attachment": [
					{ "time": 0, "name": null },
					{ "time": 0.8333, "name": "wanglihong_dj_5_2_" },
					{ "time": 1, "name": null }
				]
			},
			"wanglihong_dj_5_3_": {
				"attachment": [
					{ "time": 0, "name": null },
					{ "time": 0.8333, "name": "wanglihong_dj_5_3_" },
					{ "time": 1, "name": null }
				]
			},
			"wanglihong_dj_6_0_": {
				"attachment": [
					{ "time": 0, "name": null },
					{ "time": 1, "name": "wanglihong_dj_6_0_" },
					{ "time": 1.1666, "name": null }
				]
			},
			"wanglihong_dj_6_1_": {
				"attachment": [
					{ "time": 0, "name": null },
					{ "time": 1, "name": "wanglihong_dj_6_1_" },
					{ "time": 1.1666, "name": null }
				]
			},
			"wanglihong_dj_6_2_": {
				"attachment": [
					{ "time": 0, "name": null },
					{ "time": 1, "name": "wanglihong_dj_6_2_" },
					{ "time": 1.1666, "name": null }
				]
			},
			"wanglihong_dj_6_3_": {
				"attachment": [
					{ "time": 0, "name": null },
					{ "time": 1, "name": "wanglihong_dj_6_3_" },
					{ "time": 1.1666, "name": null }
				]
			},
			"wanglihong_dj_7_0_": {
				"attachment": [
					{ "time": 0, "name": null },
					{ "time": 1.1666, "name": "wanglihong_dj_7_0_" },
					{ "time": 1.3333, "name": null }
				]
			},
			"wanglihong_dj_7_1_": {
				"attachment": [
					{ "time": 0, "name": null },
					{ "time": 1.1666, "name": "wanglihong_dj_7_1_" },
					{ "time": 1.3333, "name": null }
				]
			},
			"wanglihong_dj_7_2_": {
				"attachment": [
					{ "time": 0, "name": null },
					{ "time": 1.1666, "name": "wanglihong_dj_7_2_" },
					{ "time": 1.3333, "name": null }
				]
			},
			"wanglihong_dj_7_3_": {
				"attachment": [
					{ "time": 0, "name": null },
					{ "time": 1.1666, "name": "wanglihong_dj_7_3_" },
					{ "time": 1.3333, "name": null }
				]
			},
			"wanglihong_xx_0_0_": {
				"attachment": [
					{ "time": 0, "name": null }
				]
			},
			"wanglihong_xx_0_1_": {
				"attachment": [
					{ "time": 0, "name": null }
				]
			},
			"wanglihong_xx_0_2_": {
				"attachment": [
					{ "time": 0, "name": null }
				]
			},
			"wanglihong_xx_0_3_": {
				"attachment": [
					{ "time": 0, "name": null }
				]
			},
			"wanglihong_xx_10_0_": {
				"attachment": [
					{ "time": 0, "name": null }
				]
			},
			"wanglihong_xx_10_1_": {
				"attachment": [
					{ "time": 0, "name": null }
				]
			},
			"wanglihong_xx_10_2_": {
				"attachment": [
					{ "time": 0, "name": null }
				]
			},
			"wanglihong_xx_10_3_": {
				"attachment": [
					{ "time": 0, "name": null }
				]
			},
			"wanglihong_xx_10_4_": {
				"attachment": [
					{ "time": 0, "name": null }
				]
			},
			"wanglihong_xx_10_5_": {
				"attachment": [
					{ "time": 0, "name": null }
				]
			},
			"wanglihong_xx_10_6_": {
				"attachment": [
					{ "time": 0, "name": null }
				]
			},
			"wanglihong_xx_11_0_": {
				"attachment": [
					{ "time": 0, "name": null }
				]
			},
			"wanglihong_xx_11_1_": {
				"attachment": [
					{ "time": 0, "name": null }
				]
			},
			"wanglihong_xx_11_2_": {
				"attachment": [
					{ "time": 0, "name": null }
				]
			},
			"wanglihong_xx_11_3_": {
				"attachment": [
					{ "time": 0, "name": null }
				]
			},
			"wanglihong_xx_11_4_": {
				"attachment": [
					{ "time": 0, "name": null }
				]
			},
			"wanglihong_xx_11_5_": {
				"attachment": [
					{ "time": 0, "name": null }
				]
			},
			"wanglihong_xx_12_0_": {
				"attachment": [
					{ "time": 0, "name": null }
				]
			},
			"wanglihong_xx_12_1_": {
				"attachment": [
					{ "time": 0, "name": null }
				]
			},
			"wanglihong_xx_12_2_": {
				"attachment": [
					{ "time": 0, "name": null }
				]
			},
			"wanglihong_xx_12_3_": {
				"attachment": [
					{ "time": 0, "name": null }
				]
			},
			"wanglihong_xx_12_4_": {
				"attachment": [
					{ "time": 0, "name": null }
				]
			},
			"wanglihong_xx_12_5_": {
				"attachment": [
					{ "time": 0, "name": null }
				]
			},
			"wanglihong_xx_12_6_": {
				"attachment": [
					{ "time": 0, "name": null }
				]
			},
			"wanglihong_xx_12_7_": {
				"attachment": [
					{ "time": 0, "name": null }
				]
			},
			"wanglihong_xx_13_0_": {
				"attachment": [
					{ "time": 0, "name": null }
				]
			},
			"wanglihong_xx_13_1_": {
				"attachment": [
					{ "time": 0, "name": null }
				]
			},
			"wanglihong_xx_13_2_": {
				"attachment": [
					{ "time": 0, "name": null }
				]
			},
			"wanglihong_xx_13_3_": {
				"attachment": [
					{ "time": 0, "name": null }
				]
			},
			"wanglihong_xx_13_4_": {
				"attachment": [
					{ "time": 0, "name": null }
				]
			},
			"wanglihong_xx_13_5_": {
				"attachment": [
					{ "time": 0, "name": null }
				]
			},
			"wanglihong_xx_13_6_": {
				"attachment": [
					{ "time": 0, "name": null }
				]
			},
			"wanglihong_xx_14_0_": {
				"attachment": [
					{ "time": 0, "name": null }
				]
			},
			"wanglihong_xx_14_1_": {
				"attachment": [
					{ "time": 0, "name": null }
				]
			},
			"wanglihong_xx_14_2_": {
				"attachment": [
					{ "time": 0, "name": null }
				]
			},
			"wanglihong_xx_14_3_": {
				"attachment": [
					{ "time": 0, "name": null }
				]
			},
			"wanglihong_xx_14_4_": {
				"attachment": [
					{ "time": 0, "name": null }
				]
			},
			"wanglihong_xx_15_0_": {
				"attachment": [
					{ "time": 0, "name": null }
				]
			},
			"wanglihong_xx_15_1_": {
				"attachment": [
					{ "time": 0, "name": null }
				]
			},
			"wanglihong_xx_15_2_": {
				"attachment": [
					{ "time": 0, "name": null }
				]
			},
			"wanglihong_xx_15_3_": {
				"attachment": [
					{ "time": 0, "name": null }
				]
			},
			"wanglihong_xx_15_4_": {
				"attachment": [
					{ "time": 0, "name": null }
				]
			},
			"wanglihong_xx_15_5_": {
				"attachment": [
					{ "time": 0, "name": null }
				]
			},
			"wanglihong_xx_16_0_": {
				"attachment": [
					{ "time": 0, "name": null }
				]
			},
			"wanglihong_xx_16_1_": {
				"attachment": [
					{ "time": 0, "name": null }
				]
			},
			"wanglihong_xx_16_2_": {
				"attachment": [
					{ "time": 0, "name": null }
				]
			},
			"wanglihong_xx_16_3_": {
				"attachment": [
					{ "time": 0, "name": null }
				]
			},
			"wanglihong_xx_16_4_": {
				"attachment": [
					{ "time": 0, "name": null }
				]
			},
			"wanglihong_xx_16_5_": {
				"attachment": [
					{ "time": 0, "name": null }
				]
			},
			"wanglihong_xx_16_6_": {
				"attachment": [
					{ "time": 0, "name": null }
				]
			},
			"wanglihong_xx_17_0_": {
				"attachment": [
					{ "time": 0, "name": null }
				]
			},
			"wanglihong_xx_17_1_": {
				"attachment": [
					{ "time": 0, "name": null }
				]
			},
			"wanglihong_xx_17_2_": {
				"attachment": [
					{ "time": 0, "name": null }
				]
			},
			"wanglihong_xx_17_3_": {
				"attachment": [
					{ "time": 0, "name": null }
				]
			},
			"wanglihong_xx_18_0_": {
				"attachment": [
					{ "time": 0, "name": null }
				]
			},
			"wanglihong_xx_18_1_": {
				"attachment": [
					{ "time": 0, "name": null }
				]
			},
			"wanglihong_xx_18_2_": {
				"attachment": [
					{ "time": 0, "name": null }
				]
			},
			"wanglihong_xx_18_3_": {
				"attachment": [
					{ "time": 0, "name": null }
				]
			},
			"wanglihong_xx_19_0_": {
				"attachment": [
					{ "time": 0, "name": null }
				]
			},
			"wanglihong_xx_19_1_": {
				"attachment": [
					{ "time": 0, "name": null }
				]
			},
			"wanglihong_xx_19_2_": {
				"attachment": [
					{ "time": 0, "name": null }
				]
			},
			"wanglihong_xx_19_3_": {
				"attachment": [
					{ "time": 0, "name": null }
				]
			},
			"wanglihong_xx_1_0_": {
				"attachment": [
					{ "time": 0, "name": null }
				]
			},
			"wanglihong_xx_1_1_": {
				"attachment": [
					{ "time": 0, "name": null }
				]
			},
			"wanglihong_xx_1_2_": {
				"attachment": [
					{ "time": 0, "name": null }
				]
			},
			"wanglihong_xx_1_3_": {
				"attachment": [
					{ "time": 0, "name": null }
				]
			},
			"wanglihong_xx_1_4_": {
				"attachment": [
					{ "time": 0, "name": null }
				]
			},
			"wanglihong_xx_2_0_": {
				"attachment": [
					{ "time": 0, "name": null }
				]
			},
			"wanglihong_xx_2_1_": {
				"attachment": [
					{ "time": 0, "name": null }
				]
			},
			"wanglihong_xx_2_2_": {
				"attachment": [
					{ "time": 0, "name": null }
				]
			},
			"wanglihong_xx_2_3_": {
				"attachment": [
					{ "time": 0, "name": null }
				]
			},
			"wanglihong_xx_2_4_": {
				"attachment": [
					{ "time": 0, "name": null }
				]
			},
			"wanglihong_xx_2_5_": {
				"attachment": [
					{ "time": 0, "name": null }
				]
			},
			"wanglihong_xx_3_0_": {
				"attachment": [
					{ "time": 0, "name": null }
				]
			},
			"wanglihong_xx_3_1_": {
				"attachment": [
					{ "time": 0, "name": null }
				]
			},
			"wanglihong_xx_3_2_": {
				"attachment": [
					{ "time": 0, "name": null }
				]
			},
			"wanglihong_xx_3_3_": {
				"attachment": [
					{ "time": 0, "name": null }
				]
			},
			"wanglihong_xx_3_4_": {
				"attachment": [
					{ "time": 0, "name": null }
				]
			},
			"wanglihong_xx_3_5_": {
				"attachment": [
					{ "time": 0, "name": null }
				]
			},
			"wanglihong_xx_4_0_": {
				"attachment": [
					{ "time": 0, "name": null }
				]
			},
			"wanglihong_xx_4_1_": {
				"attachment": [
					{ "time": 0, "name": null }
				]
			},
			"wanglihong_xx_4_2_": {
				"attachment": [
					{ "time": 0, "name": null }
				]
			},
			"wanglihong_xx_4_3_": {
				"attachment": [
					{ "time": 0, "name": null }
				]
			},
			"wanglihong_xx_5_0_": {
				"attachment": [
					{ "time": 0, "name": null }
				]
			},
			"wanglihong_xx_5_1_": {
				"attachment": [
					{ "time": 0, "name": null }
				]
			},
			"wanglihong_xx_5_2_": {
				"attachment": [
					{ "time": 0, "name": null }
				]
			},
			"wanglihong_xx_5_3_": {
				"attachment": [
					{ "time": 0, "name": null }
				]
			},
			"wanglihong_xx_6_0_": {
				"attachment": [
					{ "time": 0, "name": null }
				]
			},
			"wanglihong_xx_6_1_": {
				"attachment": [
					{ "time": 0, "name": null }
				]
			},
			"wanglihong_xx_6_2_": {
				"attachment": [
					{ "time": 0, "name": null }
				]
			},
			"wanglihong_xx_7_0_": {
				"attachment": [
					{ "time": 0, "name": null }
				]
			},
			"wanglihong_xx_7_1_": {
				"attachment": [
					{ "time": 0, "name": null }
				]
			},
			"wanglihong_xx_7_2_": {
				"attachment": [
					{ "time": 0, "name": null }
				]
			},
			"wanglihong_xx_7_3_": {
				"attachment": [
					{ "time": 0, "name": null }
				]
			},
			"wanglihong_xx_7_4_": {
				"attachment": [
					{ "time": 0, "name": null }
				]
			},
			"wanglihong_xx_8_0_": {
				"attachment": [
					{ "time": 0, "name": null }
				]
			},
			"wanglihong_xx_8_1_": {
				"attachment": [
					{ "time": 0, "name": null }
				]
			},
			"wanglihong_xx_8_2_": {
				"attachment": [
					{ "time": 0, "name": null }
				]
			},
			"wanglihong_xx_8_3_": {
				"attachment": [
					{ "time": 0, "name": null }
				]
			},
			"wanglihong_xx_8_4_": {
				"attachment": [
					{ "time": 0, "name": null }
				]
			},
			"wanglihong_xx_8_5_": {
				"attachment": [
					{ "time": 0, "name": null }
				]
			},
			"wanglihong_xx_8_6_": {
				"attachment": [
					{ "time": 0, "name": null }
				]
			},
			"wanglihong_xx_8_7_": {
				"attachment": [
					{ "time": 0, "name": null }
				]
			},
			"wanglihong_xx_9_0_": {
				"attachment": [
					{ "time": 0, "name": null }
				]
			},
			"wanglihong_xx_9_1_": {
				"attachment": [
					{ "time": 0, "name": null }
				]
			},
			"wanglihong_xx_9_2_": {
				"attachment": [
					{ "time": 0, "name": null }
				]
			},
			"wanglihong_xx_9_3_": {
				"attachment": [
					{ "time": 0, "name": null }
				]
			},
			"wanglihong_xx_9_4_": {
				"attachment": [
					{ "time": 0, "name": null }
				]
			},
			"wanglihong_xx_9_5_": {
				"attachment": [
					{ "time": 0, "name": null }
				]
			},
			"wanglihong_xx_9_6_": {
				"attachment": [
					{ "time": 0, "name": null }
				]
			},
			"wanglihong_xx_9_7_": {
				"attachment": [
					{ "time": 0, "name": null }
				]
			}
		}
	},
	"xx": {
		"slots": {
			"wanglihong_dj_0_1_": {
				"attachment": [
					{ "time": 0, "name": null },
					{ "time": 3.3333, "name": null }
				]
			},
			"wanglihong_dj_0_2_": {
				"attachment": [
					{ "time": 0, "name": null },
					{ "time": 3.3333, "name": null }
				]
			},
			"wanglihong_dj_0_3_": {
				"attachment": [
					{ "time": 0, "name": null },
					{ "time": 3.3333, "name": null }
				]
			},
			"wanglihong_dj_0_4_": {
				"attachment": [
					{ "time": 0, "name": null },
					{ "time": 3.3333, "name": null }
				]
			},
			"wanglihong_dj_1_0_": {
				"attachment": [
					{ "time": 0, "name": null },
					{ "time": 3.3333, "name": null }
				]
			},
			"wanglihong_dj_1_1_": {
				"attachment": [
					{ "time": 0, "name": null },
					{ "time": 3.3333, "name": null }
				]
			},
			"wanglihong_dj_1_2_": {
				"attachment": [
					{ "time": 0, "name": null },
					{ "time": 3.3333, "name": null }
				]
			},
			"wanglihong_dj_1_3_": {
				"attachment": [
					{ "time": 0, "name": null },
					{ "time": 3.3333, "name": null }
				]
			},
			"wanglihong_dj_2_0_": {
				"attachment": [
					{ "time": 0, "name": null },
					{ "time": 3.3333, "name": null }
				]
			},
			"wanglihong_dj_2_1_": {
				"attachment": [
					{ "time": 0, "name": null },
					{ "time": 3.3333, "name": null }
				]
			},
			"wanglihong_dj_2_2_": {
				"attachment": [
					{ "time": 0, "name": null },
					{ "time": 3.3333, "name": null }
				]
			},
			"wanglihong_dj_2_3_": {
				"attachment": [
					{ "time": 0, "name": null },
					{ "time": 3.3333, "name": null }
				]
			},
			"wanglihong_dj_3_0_": {
				"attachment": [
					{ "time": 0, "name": null },
					{ "time": 3.3333, "name": null }
				]
			},
			"wanglihong_dj_3_1_": {
				"attachment": [
					{ "time": 0, "name": null },
					{ "time": 3.3333, "name": null }
				]
			},
			"wanglihong_dj_3_2_": {
				"attachment": [
					{ "time": 0, "name": null },
					{ "time": 3.3333, "name": null }
				]
			},
			"wanglihong_dj_3_3_": {
				"attachment": [
					{ "time": 0, "name": null },
					{ "time": 3.3333, "name": null }
				]
			},
			"wanglihong_dj_4_0_": {
				"attachment": [
					{ "time": 0, "name": null },
					{ "time": 3.3333, "name": null }
				]
			},
			"wanglihong_dj_4_1_": {
				"attachment": [
					{ "time": 0, "name": null },
					{ "time": 3.3333, "name": null }
				]
			},
			"wanglihong_dj_4_2_": {
				"attachment": [
					{ "time": 0, "name": null },
					{ "time": 3.3333, "name": null }
				]
			},
			"wanglihong_dj_4_3_": {
				"attachment": [
					{ "time": 0, "name": null },
					{ "time": 3.3333, "name": null }
				]
			},
			"wanglihong_dj_5_0_": {
				"attachment": [
					{ "time": 0, "name": null },
					{ "time": 3.3333, "name": null }
				]
			},
			"wanglihong_dj_5_1_": {
				"attachment": [
					{ "time": 0, "name": null },
					{ "time": 3.3333, "name": null }
				]
			},
			"wanglihong_dj_5_2_": {
				"attachment": [
					{ "time": 0, "name": null },
					{ "time": 3.3333, "name": null }
				]
			},
			"wanglihong_dj_5_3_": {
				"attachment": [
					{ "time": 0, "name": null },
					{ "time": 3.3333, "name": null }
				]
			},
			"wanglihong_dj_6_0_": {
				"attachment": [
					{ "time": 0, "name": null },
					{ "time": 3.3333, "name": null }
				]
			},
			"wanglihong_dj_6_1_": {
				"attachment": [
					{ "time": 0, "name": null },
					{ "time": 3.3333, "name": null }
				]
			},
			"wanglihong_dj_6_2_": {
				"attachment": [
					{ "time": 0, "name": null },
					{ "time": 3.3333, "name": null }
				]
			},
			"wanglihong_dj_6_3_": {
				"attachment": [
					{ "time": 0, "name": null },
					{ "time": 3.3333, "name": null }
				]
			},
			"wanglihong_dj_7_0_": {
				"attachment": [
					{ "time": 0, "name": null },
					{ "time": 3.3333, "name": null }
				]
			},
			"wanglihong_dj_7_1_": {
				"attachment": [
					{ "time": 0, "name": null },
					{ "time": 3.3333, "name": null }
				]
			},
			"wanglihong_dj_7_2_": {
				"attachment": [
					{ "time": 0, "name": null },
					{ "time": 3.3333, "name": null }
				]
			},
			"wanglihong_dj_7_3_": {
				"attachment": [
					{ "time": 0, "name": null },
					{ "time": 3.3333, "name": null }
				]
			},
			"wanglihong_xx_0_0_": {
				"attachment": [
					{ "time": 0, "name": "wanglihong_xx_0_0_" },
					{ "time": 0.1666, "name": null },
					{ "time": 3.3333, "name": "wanglihong_xx_0_0_" }
				]
			},
			"wanglihong_xx_0_1_": {
				"attachment": [
					{ "time": 0, "name": "wanglihong_xx_0_1_" },
					{ "time": 0.1666, "name": null },
					{ "time": 3.3333, "name": "wanglihong_xx_0_1_" }
				]
			},
			"wanglihong_xx_0_2_": {
				"attachment": [
					{ "time": 0, "name": "wanglihong_xx_0_2_" },
					{ "time": 0.1666, "name": null },
					{ "time": 3.3333, "name": "wanglihong_xx_0_2_" }
				]
			},
			"wanglihong_xx_0_3_": {
				"attachment": [
					{ "time": 0, "name": "wanglihong_xx_0_3_" },
					{ "time": 0.1666, "name": null },
					{ "time": 3.3333, "name": "wanglihong_xx_0_3_" }
				]
			},
			"wanglihong_xx_10_0_": {
				"attachment": [
					{ "time": 0, "name": null },
					{ "time": 1.6666, "name": "wanglihong_xx_10_0_" },
					{ "time": 1.8333, "name": null },
					{ "time": 3.3333, "name": null }
				]
			},
			"wanglihong_xx_10_1_": {
				"attachment": [
					{ "time": 0, "name": null },
					{ "time": 1.6666, "name": "wanglihong_xx_10_1_" },
					{ "time": 1.8333, "name": null },
					{ "time": 3.3333, "name": null }
				]
			},
			"wanglihong_xx_10_2_": {
				"attachment": [
					{ "time": 0, "name": null },
					{ "time": 1.6666, "name": "wanglihong_xx_10_2_" },
					{ "time": 1.8333, "name": null },
					{ "time": 3.3333, "name": null }
				]
			},
			"wanglihong_xx_10_3_": {
				"attachment": [
					{ "time": 0, "name": null },
					{ "time": 1.6666, "name": "wanglihong_xx_10_3_" },
					{ "time": 1.8333, "name": null },
					{ "time": 3.3333, "name": null }
				]
			},
			"wanglihong_xx_10_4_": {
				"attachment": [
					{ "time": 0, "name": null },
					{ "time": 1.6666, "name": "wanglihong_xx_10_4_" },
					{ "time": 1.8333, "name": null },
					{ "time": 3.3333, "name": null }
				]
			},
			"wanglihong_xx_10_5_": {
				"attachment": [
					{ "time": 0, "name": null },
					{ "time": 1.6666, "name": "wanglihong_xx_10_5_" },
					{ "time": 1.8333, "name": null },
					{ "time": 3.3333, "name": null }
				]
			},
			"wanglihong_xx_10_6_": {
				"attachment": [
					{ "time": 0, "name": null },
					{ "time": 1.6666, "name": "wanglihong_xx_10_6_" },
					{ "time": 1.8333, "name": null },
					{ "time": 3.3333, "name": null }
				]
			},
			"wanglihong_xx_11_0_": {
				"attachment": [
					{ "time": 0, "name": null },
					{ "time": 1.8333, "name": "wanglihong_xx_11_0_" },
					{ "time": 2, "name": null },
					{ "time": 3.3333, "name": null }
				]
			},
			"wanglihong_xx_11_1_": {
				"attachment": [
					{ "time": 0, "name": null },
					{ "time": 1.8333, "name": "wanglihong_xx_11_1_" },
					{ "time": 2, "name": null },
					{ "time": 3.3333, "name": null }
				]
			},
			"wanglihong_xx_11_2_": {
				"attachment": [
					{ "time": 0, "name": null },
					{ "time": 1.8333, "name": "wanglihong_xx_11_2_" },
					{ "time": 2, "name": null },
					{ "time": 3.3333, "name": null }
				]
			},
			"wanglihong_xx_11_3_": {
				"attachment": [
					{ "time": 0, "name": null },
					{ "time": 1.8333, "name": "wanglihong_xx_11_3_" },
					{ "time": 2, "name": null },
					{ "time": 3.3333, "name": null }
				]
			},
			"wanglihong_xx_11_4_": {
				"attachment": [
					{ "time": 0, "name": null },
					{ "time": 1.8333, "name": "wanglihong_xx_11_4_" },
					{ "time": 2, "name": null },
					{ "time": 3.3333, "name": null }
				]
			},
			"wanglihong_xx_11_5_": {
				"attachment": [
					{ "time": 0, "name": null },
					{ "time": 1.8333, "name": "wanglihong_xx_11_5_" },
					{ "time": 2, "name": null },
					{ "time": 3.3333, "name": null }
				]
			},
			"wanglihong_xx_12_0_": {
				"attachment": [
					{ "time": 0, "name": null },
					{ "time": 2, "name": "wanglihong_xx_12_0_" },
					{ "time": 2.1666, "name": null },
					{ "time": 3.3333, "name": null }
				]
			},
			"wanglihong_xx_12_1_": {
				"attachment": [
					{ "time": 0, "name": null },
					{ "time": 2, "name": "wanglihong_xx_12_1_" },
					{ "time": 2.1666, "name": null },
					{ "time": 3.3333, "name": null }
				]
			},
			"wanglihong_xx_12_2_": {
				"attachment": [
					{ "time": 0, "name": null },
					{ "time": 2, "name": "wanglihong_xx_12_2_" },
					{ "time": 2.1666, "name": null },
					{ "time": 3.3333, "name": null }
				]
			},
			"wanglihong_xx_12_3_": {
				"attachment": [
					{ "time": 0, "name": null },
					{ "time": 2, "name": "wanglihong_xx_12_3_" },
					{ "time": 2.1666, "name": null },
					{ "time": 3.3333, "name": null }
				]
			},
			"wanglihong_xx_12_4_": {
				"attachment": [
					{ "time": 0, "name": null },
					{ "time": 2, "name": "wanglihong_xx_12_4_" },
					{ "time": 2.1666, "name": null },
					{ "time": 3.3333, "name": null }
				]
			},
			"wanglihong_xx_12_5_": {
				"attachment": [
					{ "time": 0, "name": null },
					{ "time": 2, "name": "wanglihong_xx_12_5_" },
					{ "time": 2.1666, "name": null },
					{ "time": 3.3333, "name": null }
				]
			},
			"wanglihong_xx_12_6_": {
				"attachment": [
					{ "time": 0, "name": null },
					{ "time": 2, "name": "wanglihong_xx_12_6_" },
					{ "time": 2.1666, "name": null },
					{ "time": 3.3333, "name": null }
				]
			},
			"wanglihong_xx_12_7_": {
				"attachment": [
					{ "time": 0, "name": null },
					{ "time": 2, "name": "wanglihong_xx_12_7_" },
					{ "time": 2.1666, "name": null },
					{ "time": 3.3333, "name": null }
				]
			},
			"wanglihong_xx_13_0_": {
				"attachment": [
					{ "time": 0, "name": null },
					{ "time": 2.1666, "name": "wanglihong_xx_13_0_" },
					{ "time": 2.3333, "name": null },
					{ "time": 3.3333, "name": null }
				]
			},
			"wanglihong_xx_13_1_": {
				"attachment": [
					{ "time": 0, "name": null },
					{ "time": 2.1666, "name": "wanglihong_xx_13_1_" },
					{ "time": 2.3333, "name": null },
					{ "time": 3.3333, "name": null }
				]
			},
			"wanglihong_xx_13_2_": {
				"attachment": [
					{ "time": 0, "name": null },
					{ "time": 2.1666, "name": "wanglihong_xx_13_2_" },
					{ "time": 2.3333, "name": null },
					{ "time": 3.3333, "name": null }
				]
			},
			"wanglihong_xx_13_3_": {
				"attachment": [
					{ "time": 0, "name": null },
					{ "time": 2.1666, "name": "wanglihong_xx_13_3_" },
					{ "time": 2.3333, "name": null },
					{ "time": 3.3333, "name": null }
				]
			},
			"wanglihong_xx_13_4_": {
				"attachment": [
					{ "time": 0, "name": null },
					{ "time": 2.1666, "name": "wanglihong_xx_13_4_" },
					{ "time": 2.3333, "name": null },
					{ "time": 3.3333, "name": null }
				]
			},
			"wanglihong_xx_13_5_": {
				"attachment": [
					{ "time": 0, "name": null },
					{ "time": 2.1666, "name": "wanglihong_xx_13_5_" },
					{ "time": 2.3333, "name": null },
					{ "time": 3.3333, "name": null }
				]
			},
			"wanglihong_xx_13_6_": {
				"attachment": [
					{ "time": 0, "name": null },
					{ "time": 2.1666, "name": "wanglihong_xx_13_6_" },
					{ "time": 2.3333, "name": null },
					{ "time": 3.3333, "name": null }
				]
			},
			"wanglihong_xx_14_0_": {
				"attachment": [
					{ "time": 0, "name": null },
					{ "time": 2.1666, "name": null },
					{ "time": 2.3333, "name": "wanglihong_xx_14_0_" },
					{ "time": 2.5, "name": null },
					{ "time": 3.3333, "name": null }
				]
			},
			"wanglihong_xx_14_1_": {
				"attachment": [
					{ "time": 0, "name": null },
					{ "time": 2.1666, "name": null },
					{ "time": 2.3333, "name": "wanglihong_xx_14_1_" },
					{ "time": 2.5, "name": null },
					{ "time": 3.3333, "name": null }
				]
			},
			"wanglihong_xx_14_2_": {
				"attachment": [
					{ "time": 0, "name": null },
					{ "time": 2.1666, "name": null },
					{ "time": 2.3333, "name": "wanglihong_xx_14_2_" },
					{ "time": 2.5, "name": null },
					{ "time": 3.3333, "name": null }
				]
			},
			"wanglihong_xx_14_3_": {
				"attachment": [
					{ "time": 0, "name": null },
					{ "time": 2.1666, "name": null },
					{ "time": 2.3333, "name": "wanglihong_xx_14_3_" },
					{ "time": 2.5, "name": null },
					{ "time": 3.3333, "name": null }
				]
			},
			"wanglihong_xx_14_4_": {
				"attachment": [
					{ "time": 0, "name": null },
					{ "time": 2.1666, "name": null },
					{ "time": 2.3333, "name": "wanglihong_xx_14_4_" },
					{ "time": 2.5, "name": null },
					{ "time": 3.3333, "name": null }
				]
			},
			"wanglihong_xx_15_0_": {
				"attachment": [
					{ "time": 0, "name": null },
					{ "time": 2.3333, "name": null },
					{ "time": 2.5, "name": "wanglihong_xx_15_0_" },
					{ "time": 2.6666, "name": null },
					{ "time": 3.3333, "name": null }
				]
			},
			"wanglihong_xx_15_1_": {
				"attachment": [
					{ "time": 0, "name": null },
					{ "time": 2.3333, "name": null },
					{ "time": 2.5, "name": "wanglihong_xx_15_1_" },
					{ "time": 2.6666, "name": null },
					{ "time": 3.3333, "name": null }
				]
			},
			"wanglihong_xx_15_2_": {
				"attachment": [
					{ "time": 0, "name": null },
					{ "time": 2.3333, "name": null },
					{ "time": 2.5, "name": "wanglihong_xx_15_2_" },
					{ "time": 2.6666, "name": null },
					{ "time": 3.3333, "name": null }
				]
			},
			"wanglihong_xx_15_3_": {
				"attachment": [
					{ "time": 0, "name": null },
					{ "time": 2.3333, "name": null },
					{ "time": 2.5, "name": "wanglihong_xx_15_3_" },
					{ "time": 2.6666, "name": null },
					{ "time": 3.3333, "name": null }
				]
			},
			"wanglihong_xx_15_4_": {
				"attachment": [
					{ "time": 0, "name": null },
					{ "time": 2.3333, "name": null },
					{ "time": 2.5, "name": "wanglihong_xx_15_4_" },
					{ "time": 2.6666, "name": null },
					{ "time": 3.3333, "name": null }
				]
			},
			"wanglihong_xx_15_5_": {
				"attachment": [
					{ "time": 0, "name": null },
					{ "time": 2.3333, "name": null },
					{ "time": 2.5, "name": "wanglihong_xx_15_5_" },
					{ "time": 2.6666, "name": null },
					{ "time": 3.3333, "name": null }
				]
			},
			"wanglihong_xx_16_0_": {
				"attachment": [
					{ "time": 0, "name": null },
					{ "time": 2.5, "name": null },
					{ "time": 2.6666, "name": "wanglihong_xx_16_0_" },
					{ "time": 2.8333, "name": null },
					{ "time": 3.3333, "name": null }
				]
			},
			"wanglihong_xx_16_1_": {
				"attachment": [
					{ "time": 0, "name": null },
					{ "time": 2.5, "name": null },
					{ "time": 2.6666, "name": "wanglihong_xx_16_1_" },
					{ "time": 2.8333, "name": null },
					{ "time": 3.3333, "name": null }
				]
			},
			"wanglihong_xx_16_2_": {
				"attachment": [
					{ "time": 0, "name": null },
					{ "time": 2.5, "name": null },
					{ "time": 2.6666, "name": "wanglihong_xx_16_2_" },
					{ "time": 2.8333, "name": null },
					{ "time": 3.3333, "name": null }
				]
			},
			"wanglihong_xx_16_3_": {
				"attachment": [
					{ "time": 0, "name": null },
					{ "time": 2.5, "name": null },
					{ "time": 2.6666, "name": "wanglihong_xx_16_3_" },
					{ "time": 2.8333, "name": null },
					{ "time": 3.3333, "name": null }
				]
			},
			"wanglihong_xx_16_4_": {
				"attachment": [
					{ "time": 0, "name": null },
					{ "time": 2.5, "name": null },
					{ "time": 2.6666, "name": "wanglihong_xx_16_4_" },
					{ "time": 2.8333, "name": null },
					{ "time": 3.3333, "name": null }
				]
			},
			"wanglihong_xx_16_5_": {
				"attachment": [
					{ "time": 0, "name": null },
					{ "time": 2.5, "name": null },
					{ "time": 2.6666, "name": "wanglihong_xx_16_5_" },
					{ "time": 2.8333, "name": null },
					{ "time": 3.3333, "name": null }
				]
			},
			"wanglihong_xx_16_6_": {
				"attachment": [
					{ "time": 0, "name": null },
					{ "time": 2.5, "name": null },
					{ "time": 2.6666, "name": "wanglihong_xx_16_6_" },
					{ "time": 2.8333, "name": null },
					{ "time": 3.3333, "name": null }
				]
			},
			"wanglihong_xx_17_0_": {
				"attachment": [
					{ "time": 0, "name": null },
					{ "time": 2.6666, "name": null },
					{ "time": 2.8333, "name": "wanglihong_xx_17_0_" },
					{ "time": 3, "name": null },
					{ "time": 3.3333, "name": null }
				]
			},
			"wanglihong_xx_17_1_": {
				"attachment": [
					{ "time": 0, "name": null },
					{ "time": 2.6666, "name": null },
					{ "time": 2.8333, "name": "wanglihong_xx_17_1_" },
					{ "time": 3, "name": null },
					{ "time": 3.3333, "name": null }
				]
			},
			"wanglihong_xx_17_2_": {
				"attachment": [
					{ "time": 0, "name": null },
					{ "time": 2.6666, "name": null },
					{ "time": 2.8333, "name": "wanglihong_xx_17_2_" },
					{ "time": 3, "name": null },
					{ "time": 3.3333, "name": null }
				]
			},
			"wanglihong_xx_17_3_": {
				"attachment": [
					{ "time": 0, "name": null },
					{ "time": 2.6666, "name": null },
					{ "time": 2.8333, "name": "wanglihong_xx_17_3_" },
					{ "time": 3, "name": null },
					{ "time": 3.3333, "name": null }
				]
			},
			"wanglihong_xx_18_0_": {
				"attachment": [
					{ "time": 0, "name": null },
					{ "time": 2.8333, "name": null },
					{ "time": 3, "name": "wanglihong_xx_18_0_" },
					{ "time": 3.1666, "name": null },
					{ "time": 3.3333, "name": null }
				]
			},
			"wanglihong_xx_18_1_": {
				"attachment": [
					{ "time": 0, "name": null },
					{ "time": 2.8333, "name": null },
					{ "time": 3, "name": "wanglihong_xx_18_1_" },
					{ "time": 3.1666, "name": null },
					{ "time": 3.3333, "name": null }
				]
			},
			"wanglihong_xx_18_2_": {
				"attachment": [
					{ "time": 0, "name": null },
					{ "time": 2.8333, "name": null },
					{ "time": 3, "name": "wanglihong_xx_18_2_" },
					{ "time": 3.1666, "name": null },
					{ "time": 3.3333, "name": null }
				]
			},
			"wanglihong_xx_18_3_": {
				"attachment": [
					{ "time": 0, "name": null },
					{ "time": 2.8333, "name": null },
					{ "time": 3, "name": "wanglihong_xx_18_3_" },
					{ "time": 3.1666, "name": null },
					{ "time": 3.3333, "name": null }
				]
			},
			"wanglihong_xx_19_0_": {
				"attachment": [
					{ "time": 0, "name": null },
					{ "time": 3, "name": null },
					{ "time": 3.1666, "name": "wanglihong_xx_19_0_" },
					{ "time": 3.3333, "name": "wanglihong_xx_19_0_" }
				]
			},
			"wanglihong_xx_19_1_": {
				"attachment": [
					{ "time": 0, "name": null },
					{ "time": 3, "name": null },
					{ "time": 3.1666, "name": "wanglihong_xx_19_1_" },
					{ "time": 3.3333, "name": "wanglihong_xx_19_1_" }
				]
			},
			"wanglihong_xx_19_2_": {
				"attachment": [
					{ "time": 0, "name": null },
					{ "time": 3, "name": null },
					{ "time": 3.1666, "name": "wanglihong_xx_19_2_" },
					{ "time": 3.3333, "name": "wanglihong_xx_19_2_" }
				]
			},
			"wanglihong_xx_19_3_": {
				"attachment": [
					{ "time": 0, "name": null },
					{ "time": 3, "name": null },
					{ "time": 3.1666, "name": "wanglihong_xx_19_3_" },
					{ "time": 3.3333, "name": "wanglihong_xx_19_3_" }
				]
			},
			"wanglihong_xx_1_0_": {
				"attachment": [
					{ "time": 0, "name": null },
					{ "time": 0.1666, "name": "wanglihong_xx_1_0_" },
					{ "time": 0.3333, "name": null },
					{ "time": 3.3333, "name": null }
				]
			},
			"wanglihong_xx_1_1_": {
				"attachment": [
					{ "time": 0, "name": null },
					{ "time": 0.1666, "name": "wanglihong_xx_1_1_" },
					{ "time": 0.3333, "name": null },
					{ "time": 3.3333, "name": null }
				]
			},
			"wanglihong_xx_1_2_": {
				"attachment": [
					{ "time": 0, "name": null },
					{ "time": 0.1666, "name": "wanglihong_xx_1_2_" },
					{ "time": 0.3333, "name": null },
					{ "time": 3.3333, "name": null }
				]
			},
			"wanglihong_xx_1_3_": {
				"attachment": [
					{ "time": 0, "name": null },
					{ "time": 0.1666, "name": "wanglihong_xx_1_3_" },
					{ "time": 0.3333, "name": null },
					{ "time": 3.3333, "name": null }
				]
			},
			"wanglihong_xx_1_4_": {
				"attachment": [
					{ "time": 0, "name": null },
					{ "time": 0.1666, "name": "wanglihong_xx_1_4_" },
					{ "time": 0.3333, "name": null },
					{ "time": 3.3333, "name": null }
				]
			},
			"wanglihong_xx_2_0_": {
				"attachment": [
					{ "time": 0, "name": null },
					{ "time": 0.3333, "name": "wanglihong_xx_2_0_" },
					{ "time": 0.5, "name": null },
					{ "time": 3.3333, "name": null }
				]
			},
			"wanglihong_xx_2_1_": {
				"attachment": [
					{ "time": 0, "name": null },
					{ "time": 0.3333, "name": "wanglihong_xx_2_1_" },
					{ "time": 0.5, "name": null },
					{ "time": 3.3333, "name": null }
				]
			},
			"wanglihong_xx_2_2_": {
				"attachment": [
					{ "time": 0, "name": null },
					{ "time": 0.3333, "name": "wanglihong_xx_2_2_" },
					{ "time": 0.5, "name": null },
					{ "time": 3.3333, "name": null }
				]
			},
			"wanglihong_xx_2_3_": {
				"attachment": [
					{ "time": 0, "name": null },
					{ "time": 0.3333, "name": "wanglihong_xx_2_3_" },
					{ "time": 0.5, "name": null },
					{ "time": 3.3333, "name": null }
				]
			},
			"wanglihong_xx_2_4_": {
				"attachment": [
					{ "time": 0, "name": null },
					{ "time": 0.3333, "name": "wanglihong_xx_2_4_" },
					{ "time": 0.5, "name": null },
					{ "time": 3.3333, "name": null }
				]
			},
			"wanglihong_xx_2_5_": {
				"attachment": [
					{ "time": 0, "name": null },
					{ "time": 0.3333, "name": "wanglihong_xx_2_5_" },
					{ "time": 0.5, "name": null },
					{ "time": 3.3333, "name": null }
				]
			},
			"wanglihong_xx_3_0_": {
				"attachment": [
					{ "time": 0, "name": null },
					{ "time": 0.5, "name": "wanglihong_xx_3_0_" },
					{ "time": 0.6666, "name": null },
					{ "time": 3.3333, "name": null }
				]
			},
			"wanglihong_xx_3_1_": {
				"attachment": [
					{ "time": 0, "name": null },
					{ "time": 0.5, "name": "wanglihong_xx_3_1_" },
					{ "time": 0.6666, "name": null },
					{ "time": 3.3333, "name": null }
				]
			},
			"wanglihong_xx_3_2_": {
				"attachment": [
					{ "time": 0, "name": null },
					{ "time": 0.5, "name": "wanglihong_xx_3_2_" },
					{ "time": 0.6666, "name": null },
					{ "time": 3.3333, "name": null }
				]
			},
			"wanglihong_xx_3_3_": {
				"attachment": [
					{ "time": 0, "name": null },
					{ "time": 0.5, "name": "wanglihong_xx_3_3_" },
					{ "time": 0.6666, "name": null },
					{ "time": 3.3333, "name": null }
				]
			},
			"wanglihong_xx_3_4_": {
				"attachment": [
					{ "time": 0, "name": null },
					{ "time": 0.5, "name": "wanglihong_xx_3_4_" },
					{ "time": 0.6666, "name": null },
					{ "time": 3.3333, "name": null }
				]
			},
			"wanglihong_xx_3_5_": {
				"attachment": [
					{ "time": 0, "name": null },
					{ "time": 0.5, "name": "wanglihong_xx_3_5_" },
					{ "time": 0.6666, "name": null },
					{ "time": 3.3333, "name": null }
				]
			},
			"wanglihong_xx_4_0_": {
				"attachment": [
					{ "time": 0, "name": null },
					{ "time": 0.6666, "name": "wanglihong_xx_4_0_" },
					{ "time": 0.8333, "name": null },
					{ "time": 3.3333, "name": null }
				]
			},
			"wanglihong_xx_4_1_": {
				"attachment": [
					{ "time": 0, "name": null },
					{ "time": 0.6666, "name": "wanglihong_xx_4_1_" },
					{ "time": 0.8333, "name": null },
					{ "time": 3.3333, "name": null }
				]
			},
			"wanglihong_xx_4_2_": {
				"attachment": [
					{ "time": 0, "name": null },
					{ "time": 0.6666, "name": "wanglihong_xx_4_2_" },
					{ "time": 0.8333, "name": null },
					{ "time": 3.3333, "name": null }
				]
			},
			"wanglihong_xx_4_3_": {
				"attachment": [
					{ "time": 0, "name": null },
					{ "time": 0.6666, "name": "wanglihong_xx_4_3_" },
					{ "time": 0.8333, "name": null },
					{ "time": 3.3333, "name": null }
				]
			},
			"wanglihong_xx_5_0_": {
				"attachment": [
					{ "time": 0, "name": null },
					{ "time": 0.8333, "name": "wanglihong_xx_5_0_" },
					{ "time": 1, "name": null },
					{ "time": 3.3333, "name": null }
				]
			},
			"wanglihong_xx_5_1_": {
				"attachment": [
					{ "time": 0, "name": null },
					{ "time": 0.8333, "name": "wanglihong_xx_5_1_" },
					{ "time": 1, "name": null },
					{ "time": 3.3333, "name": null }
				]
			},
			"wanglihong_xx_5_2_": {
				"attachment": [
					{ "time": 0, "name": null },
					{ "time": 0.8333, "name": "wanglihong_xx_5_2_" },
					{ "time": 1, "name": null },
					{ "time": 3.3333, "name": null }
				]
			},
			"wanglihong_xx_5_3_": {
				"attachment": [
					{ "time": 0, "name": null },
					{ "time": 0.8333, "name": "wanglihong_xx_5_3_" },
					{ "time": 1, "name": null },
					{ "time": 3.3333, "name": null }
				]
			},
			"wanglihong_xx_6_0_": {
				"attachment": [
					{ "time": 0, "name": null },
					{ "time": 1, "name": "wanglihong_xx_6_0_" },
					{ "time": 1.1666, "name": null },
					{ "time": 3.3333, "name": null }
				]
			},
			"wanglihong_xx_6_1_": {
				"attachment": [
					{ "time": 0, "name": null },
					{ "time": 1, "name": "wanglihong_xx_6_1_" },
					{ "time": 1.1666, "name": null },
					{ "time": 3.3333, "name": null }
				]
			},
			"wanglihong_xx_6_2_": {
				"attachment": [
					{ "time": 0, "name": null },
					{ "time": 1, "name": "wanglihong_xx_6_2_" },
					{ "time": 1.1666, "name": null },
					{ "time": 3.3333, "name": null }
				]
			},
			"wanglihong_xx_7_0_": {
				"attachment": [
					{ "time": 0, "name": null },
					{ "time": 1.1666, "name": "wanglihong_xx_7_0_" },
					{ "time": 1.3333, "name": null },
					{ "time": 3.3333, "name": null }
				]
			},
			"wanglihong_xx_7_1_": {
				"attachment": [
					{ "time": 0, "name": null },
					{ "time": 1.1666, "name": "wanglihong_xx_7_1_" },
					{ "time": 1.3333, "name": null },
					{ "time": 3.3333, "name": null }
				]
			},
			"wanglihong_xx_7_2_": {
				"attachment": [
					{ "time": 0, "name": null },
					{ "time": 1.1666, "name": "wanglihong_xx_7_2_" },
					{ "time": 1.3333, "name": null },
					{ "time": 3.3333, "name": null }
				]
			},
			"wanglihong_xx_7_3_": {
				"attachment": [
					{ "time": 0, "name": null },
					{ "time": 1.1666, "name": "wanglihong_xx_7_3_" },
					{ "time": 1.3333, "name": null },
					{ "time": 3.3333, "name": null }
				]
			},
			"wanglihong_xx_7_4_": {
				"attachment": [
					{ "time": 0, "name": null },
					{ "time": 1.1666, "name": "wanglihong_xx_7_4_" },
					{ "time": 1.3333, "name": null },
					{ "time": 3.3333, "name": null }
				]
			},
			"wanglihong_xx_8_0_": {
				"attachment": [
					{ "time": 0, "name": null },
					{ "time": 1.3333, "name": "wanglihong_xx_8_0_" },
					{ "time": 1.5, "name": null },
					{ "time": 3.3333, "name": null }
				]
			},
			"wanglihong_xx_8_1_": {
				"attachment": [
					{ "time": 0, "name": null },
					{ "time": 1.3333, "name": "wanglihong_xx_8_1_" },
					{ "time": 1.5, "name": null },
					{ "time": 3.3333, "name": null }
				]
			},
			"wanglihong_xx_8_2_": {
				"attachment": [
					{ "time": 0, "name": null },
					{ "time": 1.3333, "name": "wanglihong_xx_8_2_" },
					{ "time": 1.5, "name": null },
					{ "time": 3.3333, "name": null }
				]
			},
			"wanglihong_xx_8_3_": {
				"attachment": [
					{ "time": 0, "name": null },
					{ "time": 1.3333, "name": "wanglihong_xx_8_3_" },
					{ "time": 1.5, "name": null },
					{ "time": 3.3333, "name": null }
				]
			},
			"wanglihong_xx_8_4_": {
				"attachment": [
					{ "time": 0, "name": null },
					{ "time": 1.3333, "name": "wanglihong_xx_8_4_" },
					{ "time": 1.5, "name": null },
					{ "time": 3.3333, "name": null }
				]
			},
			"wanglihong_xx_8_5_": {
				"attachment": [
					{ "time": 0, "name": null },
					{ "time": 1.3333, "name": "wanglihong_xx_8_5_" },
					{ "time": 1.5, "name": null },
					{ "time": 3.3333, "name": null }
				]
			},
			"wanglihong_xx_8_6_": {
				"attachment": [
					{ "time": 0, "name": null },
					{ "time": 1.3333, "name": "wanglihong_xx_8_6_" },
					{ "time": 1.5, "name": null },
					{ "time": 3.3333, "name": null }
				]
			},
			"wanglihong_xx_8_7_": {
				"attachment": [
					{ "time": 0, "name": null },
					{ "time": 1.3333, "name": "wanglihong_xx_8_7_" },
					{ "time": 1.5, "name": null },
					{ "time": 3.3333, "name": null }
				]
			},
			"wanglihong_xx_9_0_": {
				"attachment": [
					{ "time": 0, "name": null },
					{ "time": 1.5, "name": "wanglihong_xx_9_0_" },
					{ "time": 1.6666, "name": null },
					{ "time": 3.3333, "name": null }
				]
			},
			"wanglihong_xx_9_1_": {
				"attachment": [
					{ "time": 0, "name": null },
					{ "time": 1.5, "name": "wanglihong_xx_9_1_" },
					{ "time": 1.6666, "name": null },
					{ "time": 3.3333, "name": null }
				]
			},
			"wanglihong_xx_9_2_": {
				"attachment": [
					{ "time": 0, "name": null },
					{ "time": 1.5, "name": "wanglihong_xx_9_2_" },
					{ "time": 1.6666, "name": null },
					{ "time": 3.3333, "name": null }
				]
			},
			"wanglihong_xx_9_3_": {
				"attachment": [
					{ "time": 0, "name": null },
					{ "time": 1.5, "name": "wanglihong_xx_9_3_" },
					{ "time": 1.6666, "name": null },
					{ "time": 3.3333, "name": null }
				]
			},
			"wanglihong_xx_9_4_": {
				"attachment": [
					{ "time": 0, "name": null },
					{ "time": 1.5, "name": "wanglihong_xx_9_4_" },
					{ "time": 1.6666, "name": null },
					{ "time": 3.3333, "name": null }
				]
			},
			"wanglihong_xx_9_5_": {
				"attachment": [
					{ "time": 0, "name": null },
					{ "time": 1.5, "name": "wanglihong_xx_9_5_" },
					{ "time": 1.6666, "name": null },
					{ "time": 3.3333, "name": null }
				]
			},
			"wanglihong_xx_9_6_": {
				"attachment": [
					{ "time": 0, "name": null },
					{ "time": 1.5, "name": "wanglihong_xx_9_6_" },
					{ "time": 1.6666, "name": null },
					{ "time": 3.3333, "name": null }
				]
			},
			"wanglihong_xx_9_7_": {
				"attachment": [
					{ "time": 0, "name": null },
					{ "time": 1.5, "name": "wanglihong_xx_9_7_" },
					{ "time": 1.6666, "name": null },
					{ "time": 3.3333, "name": null }
				]
			}
		},
		"bones": {
			"bone": {
				"rotate": [
					{ "time": 0, "angle": 0, "curve": "stepped" },
					{ "time": 3.3333, "angle": 0 }
				],
				"translate": [
					{ "time": 0, "x": 0, "y": 0, "curve": "stepped" },
					{ "time": 3.3333, "x": 0, "y": 0 }
				],
				"scale": [
					{ "time": 0, "x": 1, "y": 1, "curve": "stepped" },
					{ "time": 3.3333, "x": 1, "y": 1 }
				]
			}
		}
	}
}
}