{"skeleton":{"hash":"bgMnk6GsQsNWUx+4oKN3aG+KtKA","spine":"3.7.94","width":0,"height":0,"images":"","audio":"E:/联盟锦标赛界面特效/导出/2/2爆点_group"},"bones":[{"name":"root"},{"name":"ctr","parent":"root","scaleX":1.25,"scaleY":1.25},{"name":"ctburstpoint_UL_","parent":"ctr"},{"name":"ctburstpoint_UR_","parent":"ctr"},{"name":"ctburstpoint_DL_","parent":"ctr"},{"name":"ctburstpoint_DR_","parent":"ctr"}],"slots":[{"name":"ctburstpoint_UL_","bone":"ctburstpoint_UL_"},{"name":"ctburstpoint_UR_","bone":"ctburstpoint_UR_"},{"name":"ctburstpoint_DL_","bone":"ctburstpoint_DL_"},{"name":"ctburstpoint_DR_","bone":"ctburstpoint_DR_"}],"skins":{"default":{"ctburstpoint_DL_":{"ctburstpoint_DL_00_":{"x":-60,"y":-60.5,"width":120,"height":121},"ctburstpoint_DL_01_":{"x":-60,"y":-60.5,"width":120,"height":121},"ctburstpoint_DL_02_":{"x":-60,"y":-60.5,"width":120,"height":121},"ctburstpoint_DL_03_":{"x":-60,"y":-60.5,"width":120,"height":121},"ctburstpoint_DL_04_":{"x":-60,"y":-60.5,"width":120,"height":121},"ctburstpoint_DL_05_":{"x":-60,"y":-60.5,"width":120,"height":121},"ctburstpoint_DL_06_":{"x":-60,"y":-60.5,"width":120,"height":121},"ctburstpoint_DL_07_":{"x":-60,"y":-60.5,"width":120,"height":121}},"ctburstpoint_DR_":{"ctburstpoint_DR_00_":{"x":60,"y":-60.5,"width":120,"height":121},"ctburstpoint_DR_01_":{"x":60,"y":-60.5,"width":120,"height":121},"ctburstpoint_DR_02_":{"x":60,"y":-60.5,"width":120,"height":121},"ctburstpoint_DR_03_":{"x":60,"y":-60.5,"width":120,"height":121},"ctburstpoint_DR_04_":{"x":60,"y":-60.5,"width":120,"height":121},"ctburstpoint_DR_05_":{"x":60,"y":-60.5,"width":120,"height":121},"ctburstpoint_DR_06_":{"x":60,"y":-60.5,"width":120,"height":121},"ctburstpoint_DR_07_":{"x":60,"y":-60.5,"width":120,"height":121}},"ctburstpoint_UL_":{"ctburstpoint_UL_00_":{"x":-60,"y":59.5,"width":120,"height":119},"ctburstpoint_UL_01_":{"x":-60,"y":59.5,"width":120,"height":119},"ctburstpoint_UL_02_":{"x":-60,"y":59.5,"width":120,"height":119},"ctburstpoint_UL_03_":{"x":-60,"y":59.5,"width":120,"height":119},"ctburstpoint_UL_04_":{"x":-60,"y":59.5,"width":120,"height":119},"ctburstpoint_UL_05_":{"x":-60,"y":59.5,"width":120,"height":119},"ctburstpoint_UL_06_":{"x":-60,"y":59.5,"width":120,"height":119},"ctburstpoint_UL_07_":{"x":-60,"y":59.5,"width":120,"height":119}},"ctburstpoint_UR_":{"ctburstpoint_UR_00_":{"x":60,"y":59.5,"width":120,"height":119},"ctburstpoint_UR_01_":{"x":60,"y":59.5,"width":120,"height":119},"ctburstpoint_UR_02_":{"x":60,"y":59.5,"width":120,"height":119},"ctburstpoint_UR_03_":{"x":60,"y":59.5,"width":120,"height":119},"ctburstpoint_UR_04_":{"x":60,"y":59.5,"width":120,"height":119},"ctburstpoint_UR_05_":{"x":60,"y":59.5,"width":120,"height":119},"ctburstpoint_UR_06_":{"x":60,"y":59.5,"width":120,"height":119},"ctburstpoint_UR_07_":{"x":60,"y":59.5,"width":120,"height":119}}}},"animations":{"animation":{"slots":{"ctburstpoint_DL_":{"attachment":[{"time":0,"name":"ctburstpoint_DL_00_"},{"time":0.0333,"name":"ctburstpoint_DL_01_"},{"time":0.0667,"name":"ctburstpoint_DL_02_"},{"time":0.1,"name":"ctburstpoint_DL_03_"},{"time":0.1333,"name":"ctburstpoint_DL_04_"},{"time":0.1667,"name":"ctburstpoint_DL_05_"},{"time":0.2,"name":"ctburstpoint_DL_06_"},{"time":0.2333,"name":"ctburstpoint_DL_07_"},{"time":0.2667,"name":null}]},"ctburstpoint_DR_":{"attachment":[{"time":0,"name":"ctburstpoint_DR_00_"},{"time":0.0333,"name":"ctburstpoint_DR_01_"},{"time":0.0667,"name":"ctburstpoint_DR_02_"},{"time":0.1,"name":"ctburstpoint_DR_03_"},{"time":0.1333,"name":"ctburstpoint_DR_04_"},{"time":0.1667,"name":"ctburstpoint_DR_05_"},{"time":0.2,"name":"ctburstpoint_DR_06_"},{"time":0.2333,"name":"ctburstpoint_DR_07_"},{"time":0.2667,"name":null}]},"ctburstpoint_UL_":{"attachment":[{"time":0,"name":"ctburstpoint_UL_00_"},{"time":0.0333,"name":"ctburstpoint_UL_01_"},{"time":0.0667,"name":"ctburstpoint_UL_02_"},{"time":0.1,"name":"ctburstpoint_UL_03_"},{"time":0.1333,"name":"ctburstpoint_UL_04_"},{"time":0.1667,"name":"ctburstpoint_UL_05_"},{"time":0.2,"name":"ctburstpoint_UL_06_"},{"time":0.2333,"name":"ctburstpoint_UL_07_"},{"time":0.2667,"name":null}]},"ctburstpoint_UR_":{"attachment":[{"time":0,"name":"ctburstpoint_UR_00_"},{"time":0.0333,"name":"ctburstpoint_UR_01_"},{"time":0.0667,"name":"ctburstpoint_UR_02_"},{"time":0.1,"name":"ctburstpoint_UR_03_"},{"time":0.1333,"name":"ctburstpoint_UR_04_"},{"time":0.1667,"name":"ctburstpoint_UR_05_"},{"time":0.2,"name":"ctburstpoint_UR_06_"},{"time":0.2333,"name":"ctburstpoint_UR_07_"},{"time":0.2667,"name":null}]}}}}}