{"skeleton":{"hash":"bN4ac5bpq4O8JTlQ7JfFfaZbGIY","spine":"3.7.94","width":0,"height":0,"images":"","audio":"E:/联盟锦标赛界面特效/导出/2/3爆炸_group"},"bones":[{"name":"root"},{"name":"ctr","parent":"root","scaleX":1.25,"scaleY":1.25},{"name":"cblast_UL_","parent":"ctr"},{"name":"cblast_UR_","parent":"ctr"},{"name":"cblast_DL_","parent":"ctr"},{"name":"cblast_DR_","parent":"ctr"}],"slots":[{"name":"cblast_UL_","bone":"cblast_UL_"},{"name":"cblast_UR_","bone":"cblast_UR_"},{"name":"cblast_DL_","bone":"cblast_DL_"},{"name":"cblast_DR_","bone":"cblast_DR_"}],"skins":{"default":{"cblast_DL_":{"cblast_DL_00_":{"x":-60,"y":-55.5,"width":120,"height":111},"cblast_DL_01_":{"x":-60,"y":-55.5,"width":120,"height":111},"cblast_DL_02_":{"x":-60,"y":-55.5,"width":120,"height":111},"cblast_DL_03_":{"x":-60,"y":-55.5,"width":120,"height":111},"cblast_DL_04_":{"x":-60,"y":-55.5,"width":120,"height":111},"cblast_DL_05_":{"x":-60,"y":-55.5,"width":120,"height":111},"cblast_DL_06_":{"x":-60,"y":-55.5,"width":120,"height":111},"cblast_DL_07_":{"x":-60,"y":-55.5,"width":120,"height":111},"cblast_DL_08_":{"x":-60,"y":-55.5,"width":120,"height":111},"cblast_DL_09_":{"x":-60,"y":-55.5,"width":120,"height":111},"cblast_DL_10_":{"x":-60,"y":-55.5,"width":120,"height":111},"cblast_DL_11_":{"x":-60,"y":-55.5,"width":120,"height":111},"cblast_DL_12_":{"x":-60,"y":-55.5,"width":120,"height":111},"cblast_DL_13_":{"x":-60,"y":-55.5,"width":120,"height":111},"cblast_DL_14_":{"x":-60,"y":-55.5,"width":120,"height":111}},"cblast_DR_":{"cblast_DR_00_":{"x":60,"y":-55.5,"width":120,"height":111},"cblast_DR_01_":{"x":60,"y":-55.5,"width":120,"height":111},"cblast_DR_02_":{"x":60,"y":-55.5,"width":120,"height":111},"cblast_DR_03_":{"x":60,"y":-55.5,"width":120,"height":111},"cblast_DR_04_":{"x":60,"y":-55.5,"width":120,"height":111},"cblast_DR_05_":{"x":60,"y":-55.5,"width":120,"height":111},"cblast_DR_06_":{"x":60,"y":-55.5,"width":120,"height":111},"cblast_DR_07_":{"x":60,"y":-55.5,"width":120,"height":111},"cblast_DR_08_":{"x":60,"y":-55.5,"width":120,"height":111},"cblast_DR_09_":{"x":60,"y":-55.5,"width":120,"height":111},"cblast_DR_10_":{"x":60,"y":-55.5,"width":120,"height":111},"cblast_DR_11_":{"x":60,"y":-55.5,"width":120,"height":111},"cblast_DR_12_":{"x":60,"y":-55.5,"width":120,"height":111},"cblast_DR_13_":{"x":60,"y":-55.5,"width":120,"height":111},"cblast_DR_14_":{"x":60,"y":-55.5,"width":120,"height":111}},"cblast_UL_":{"cblast_UL_00_":{"x":-60,"y":54.5,"width":120,"height":109},"cblast_UL_01_":{"x":-60,"y":54.5,"width":120,"height":109},"cblast_UL_02_":{"x":-60,"y":54.5,"width":120,"height":109},"cblast_UL_03_":{"x":-60,"y":54.5,"width":120,"height":109},"cblast_UL_04_":{"x":-60,"y":54.5,"width":120,"height":109},"cblast_UL_05_":{"x":-60,"y":54.5,"width":120,"height":109},"cblast_UL_06_":{"x":-60,"y":54.5,"width":120,"height":109},"cblast_UL_07_":{"x":-60,"y":54.5,"width":120,"height":109},"cblast_UL_08_":{"x":-60,"y":54.5,"width":120,"height":109},"cblast_UL_09_":{"x":-60,"y":54.5,"width":120,"height":109},"cblast_UL_10_":{"x":-60,"y":54.5,"width":120,"height":109},"cblast_UL_11_":{"x":-60,"y":54.5,"width":120,"height":109},"cblast_UL_12_":{"x":-60,"y":54.5,"width":120,"height":109},"cblast_UL_13_":{"x":-60,"y":54.5,"width":120,"height":109},"cblast_UL_14_":{"x":-60,"y":54.5,"width":120,"height":109}},"cblast_UR_":{"cblast_UR_00_":{"x":60,"y":54.5,"width":120,"height":109},"cblast_UR_01_":{"x":60,"y":54.5,"width":120,"height":109},"cblast_UR_02_":{"x":60,"y":54.5,"width":120,"height":109},"cblast_UR_03_":{"x":60,"y":54.5,"width":120,"height":109},"cblast_UR_04_":{"x":60,"y":54.5,"width":120,"height":109},"cblast_UR_05_":{"x":60,"y":54.5,"width":120,"height":109},"cblast_UR_06_":{"x":60,"y":54.5,"width":120,"height":109},"cblast_UR_07_":{"x":60,"y":54.5,"width":120,"height":109},"cblast_UR_08_":{"x":60,"y":54.5,"width":120,"height":109},"cblast_UR_09_":{"x":60,"y":54.5,"width":120,"height":109},"cblast_UR_10_":{"x":60,"y":54.5,"width":120,"height":109},"cblast_UR_11_":{"x":60,"y":54.5,"width":120,"height":109},"cblast_UR_12_":{"x":60,"y":54.5,"width":120,"height":109},"cblast_UR_13_":{"x":60,"y":54.5,"width":120,"height":109},"cblast_UR_14_":{"x":60,"y":54.5,"width":120,"height":109}}}},"animations":{"animation":{"slots":{"cblast_DL_":{"attachment":[{"time":0,"name":"cblast_DL_00_"},{"time":0.0333,"name":"cblast_DL_01_"},{"time":0.0667,"name":"cblast_DL_02_"},{"time":0.1,"name":"cblast_DL_03_"},{"time":0.1333,"name":"cblast_DL_04_"},{"time":0.1667,"name":"cblast_DL_05_"},{"time":0.2,"name":"cblast_DL_06_"},{"time":0.2333,"name":"cblast_DL_07_"},{"time":0.2667,"name":"cblast_DL_08_"},{"time":0.3,"name":"cblast_DL_09_"},{"time":0.3333,"name":"cblast_DL_10_"},{"time":0.3667,"name":"cblast_DL_11_"},{"time":0.4,"name":"cblast_DL_12_"},{"time":0.4333,"name":"cblast_DL_13_"},{"time":0.4667,"name":"cblast_DL_14_"},{"time":0.5,"name":null}]},"cblast_DR_":{"attachment":[{"time":0,"name":"cblast_DR_00_"},{"time":0.0333,"name":"cblast_DR_01_"},{"time":0.0667,"name":"cblast_DR_02_"},{"time":0.1,"name":"cblast_DR_03_"},{"time":0.1333,"name":"cblast_DR_04_"},{"time":0.1667,"name":"cblast_DR_05_"},{"time":0.2,"name":"cblast_DR_06_"},{"time":0.2333,"name":"cblast_DR_07_"},{"time":0.2667,"name":"cblast_DR_08_"},{"time":0.3,"name":"cblast_DR_09_"},{"time":0.3333,"name":"cblast_DR_10_"},{"time":0.3667,"name":"cblast_DR_11_"},{"time":0.4,"name":"cblast_DR_12_"},{"time":0.4333,"name":"cblast_DR_13_"},{"time":0.4667,"name":"cblast_DR_14_"},{"time":0.5,"name":null}]},"cblast_UL_":{"attachment":[{"time":0,"name":"cblast_UL_00_"},{"time":0.0333,"name":"cblast_UL_01_"},{"time":0.0667,"name":"cblast_UL_02_"},{"time":0.1,"name":"cblast_UL_03_"},{"time":0.1333,"name":"cblast_UL_04_"},{"time":0.1667,"name":"cblast_UL_05_"},{"time":0.2,"name":"cblast_UL_06_"},{"time":0.2333,"name":"cblast_UL_07_"},{"time":0.2667,"name":"cblast_UL_08_"},{"time":0.3,"name":"cblast_UL_09_"},{"time":0.3333,"name":"cblast_UL_10_"},{"time":0.3667,"name":"cblast_UL_11_"},{"time":0.4,"name":"cblast_UL_12_"},{"time":0.4333,"name":"cblast_UL_13_"},{"time":0.4667,"name":"cblast_UL_14_"},{"time":0.5,"name":null}]},"cblast_UR_":{"attachment":[{"time":0,"name":"cblast_UR_00_"},{"time":0.0333,"name":"cblast_UR_01_"},{"time":0.0667,"name":"cblast_UR_02_"},{"time":0.1,"name":"cblast_UR_03_"},{"time":0.1333,"name":"cblast_UR_04_"},{"time":0.1667,"name":"cblast_UR_05_"},{"time":0.2,"name":"cblast_UR_06_"},{"time":0.2333,"name":"cblast_UR_07_"},{"time":0.2667,"name":"cblast_UR_08_"},{"time":0.3,"name":"cblast_UR_09_"},{"time":0.3333,"name":"cblast_UR_10_"},{"time":0.3667,"name":"cblast_UR_11_"},{"time":0.4,"name":"cblast_UR_12_"},{"time":0.4333,"name":"cblast_UR_13_"},{"time":0.4667,"name":"cblast_UR_14_"},{"time":0.5,"name":null}]}}}}}