{"skeleton":{"hash":"9ZjYXqQ3ofUKvZisGoDSRjEOgdw","spine":"3.7.94","width":311,"height":311,"images":"./images/","audio":"F:/COK项目/Spine工程/SVIP_爵位图标"},"bones":[{"name":"root"},{"name":"fire_","parent":"root","scaleX":1.25,"scaleY":1.25},{"name":"flare_","parent":"root"},{"name":"line_1","parent":"root","scaleX":1.25,"scaleY":1.25},{"name":"mask_qi_1","parent":"root","scaleX":1.25,"scaleY":1.25},{"name":"骨骼6","parent":"root"},{"name":"骨骼7","parent":"root"},{"name":"line_2","parent":"root","scaleX":-1.25,"scaleY":1.25},{"name":"mask_qi_2","parent":"root","scaleX":-1.25,"scaleY":1.25},{"name":"flare_2","parent":"root"}],"slots":[{"name":"fire_","bone":"fire_","blend":"additive"},{"name":"flare_","bone":"flare_","blend":"additive"},{"name":"flare_2","bone":"flare_2","blend":"additive"},{"name":"line_1","bone":"line_1","blend":"additive"},{"name":"line_2","bone":"line_2","blend":"additive"},{"name":"mask_qi_1","bone":"mask_qi_1","blend":"additive"},{"name":"mask_qi_2","bone":"mask_qi_2","blend":"additive"}],"skins":{"default":{"fire_":{"fire_000_":{"width":240,"height":240},"fire_002_":{"width":240,"height":240},"fire_004_":{"width":240,"height":240},"fire_006_":{"width":240,"height":240},"fire_008_":{"width":240,"height":240},"fire_010_":{"width":240,"height":240},"fire_012_":{"width":240,"height":240},"fire_014_":{"width":240,"height":240},"fire_016_":{"width":240,"height":240},"fire_018_":{"width":240,"height":240},"fire_020_":{"width":240,"height":240},"fire_022_":{"width":240,"height":240},"fire_024_":{"width":240,"height":240},"fire_026_":{"width":240,"height":240},"fire_028_":{"width":240,"height":240}},"flare_":{"flare_":{"width":40,"height":40}},"flare_2":{"flare_":{"width":40,"height":40}},"line_1":{"line_017_":{"width":144,"height":160},"line_019_":{"width":144,"height":160},"line_021_":{"width":144,"height":160},"line_023_":{"width":144,"height":160},"line_025_":{"width":144,"height":160},"line_027_":{"width":144,"height":160},"line_029_":{"width":144,"height":160},"line_031_":{"width":144,"height":160},"line_033_":{"width":144,"height":160},"line_035_":{"width":144,"height":160},"line_037_":{"width":144,"height":160},"line_039_":{"width":144,"height":160},"line_041_":{"width":144,"height":160},"line_043_":{"width":144,"height":160},"line_045_":{"width":144,"height":160},"line_047_":{"width":144,"height":160},"line_049_":{"width":144,"height":160},"line_051_":{"width":144,"height":160},"line_053_":{"width":144,"height":160},"line_055_":{"width":144,"height":160},"line_057_":{"width":144,"height":160},"line_059_":{"width":144,"height":160},"line_061_":{"width":144,"height":160},"line_063_":{"width":144,"height":160}},"line_2":{"line_017_":{"width":144,"height":160},"line_019_":{"width":144,"height":160},"line_021_":{"width":144,"height":160},"line_023_":{"width":144,"height":160},"line_025_":{"width":144,"height":160},"line_027_":{"width":144,"height":160},"line_029_":{"width":144,"height":160},"line_031_":{"width":144,"height":160},"line_033_":{"width":144,"height":160},"line_035_":{"width":144,"height":160},"line_037_":{"width":144,"height":160},"line_039_":{"width":144,"height":160},"line_041_":{"width":144,"height":160},"line_043_":{"width":144,"height":160},"line_045_":{"width":144,"height":160},"line_047_":{"width":144,"height":160},"line_049_":{"width":144,"height":160},"line_051_":{"width":144,"height":160},"line_053_":{"width":144,"height":160},"line_055_":{"width":144,"height":160},"line_057_":{"width":144,"height":160},"line_059_":{"width":144,"height":160},"line_061_":{"width":144,"height":160},"line_063_":{"width":144,"height":160}},"mask_qi_1":{"mask_qi_004_":{"width":48,"height":72},"mask_qi_006_":{"width":48,"height":72},"mask_qi_008_":{"width":48,"height":72},"mask_qi_010_":{"width":48,"height":72},"mask_qi_012_":{"width":48,"height":72},"mask_qi_014_":{"width":48,"height":72},"mask_qi_016_":{"width":48,"height":72},"mask_qi_018_":{"width":48,"height":72},"mask_qi_020_":{"width":48,"height":72},"mask_qi_022_":{"width":48,"height":72},"mask_qi_024_":{"width":48,"height":72},"mask_qi_026_":{"width":48,"height":72}},"mask_qi_2":{"mask_qi_004_":{"width":48,"height":72},"mask_qi_006_":{"width":48,"height":72},"mask_qi_008_":{"width":48,"height":72},"mask_qi_010_":{"width":48,"height":72},"mask_qi_012_":{"width":48,"height":72},"mask_qi_014_":{"width":48,"height":72},"mask_qi_016_":{"width":48,"height":72},"mask_qi_018_":{"width":48,"height":72},"mask_qi_020_":{"width":48,"height":72},"mask_qi_022_":{"width":48,"height":72},"mask_qi_024_":{"width":48,"height":72},"mask_qi_026_":{"width":48,"height":72}}}},"animations":{"animation":{"slots":{"fire_":{"attachment":[{"time":0,"name":"fire_000_"},{"time":0.1333,"name":"fire_002_"},{"time":0.2667,"name":"fire_004_"},{"time":0.4,"name":"fire_006_"},{"time":0.5333,"name":"fire_008_"},{"time":0.6667,"name":"fire_010_"},{"time":0.8,"name":"fire_012_"},{"time":0.9333,"name":"fire_014_"},{"time":1.0667,"name":"fire_016_"},{"time":1.2,"name":"fire_018_"},{"time":1.3333,"name":"fire_020_"},{"time":1.4667,"name":"fire_022_"},{"time":1.6,"name":"fire_024_"},{"time":1.7333,"name":"fire_026_"},{"time":1.8667,"name":"fire_028_"},{"time":2,"name":"fire_000_"},{"time":2.1333,"name":"fire_002_"},{"time":2.2667,"name":"fire_004_"},{"time":2.4,"name":"fire_006_"},{"time":2.5333,"name":"fire_008_"},{"time":2.6667,"name":"fire_010_"},{"time":2.8,"name":"fire_012_"},{"time":2.9333,"name":"fire_014_"},{"time":3.0667,"name":"fire_016_"},{"time":3.2,"name":"fire_018_"},{"time":3.3333,"name":"fire_020_"},{"time":3.4667,"name":"fire_022_"},{"time":3.6,"name":"fire_024_"},{"time":3.7333,"name":"fire_026_"},{"time":3.8667,"name":"fire_028_"},{"time":4,"name":null}]},"flare_":{"attachment":[{"time":2.1667,"name":"flare_"}]},"flare_2":{"attachment":[{"time":2.1667,"name":"flare_"}]},"line_1":{"attachment":[{"time":0.4,"name":"line_017_"},{"time":0.4667,"name":"line_019_"},{"time":0.5333,"name":"line_021_"},{"time":0.6,"name":"line_023_"},{"time":0.6667,"name":"line_025_"},{"time":0.7333,"name":"line_027_"},{"time":0.8,"name":"line_029_"},{"time":0.8667,"name":"line_031_"},{"time":0.9333,"name":"line_033_"},{"time":1,"name":"line_035_"},{"time":1.0667,"name":"line_037_"},{"time":1.1333,"name":"line_039_"},{"time":1.2,"name":"line_041_"},{"time":1.2667,"name":"line_043_"},{"time":1.3333,"name":"line_045_"},{"time":1.4,"name":"line_047_"},{"time":1.4667,"name":"line_049_"},{"time":1.5333,"name":"line_051_"},{"time":1.6,"name":"line_053_"},{"time":1.6667,"name":"line_055_"},{"time":1.7333,"name":"line_057_"},{"time":1.8,"name":"line_059_"},{"time":1.8667,"name":"line_061_"},{"time":1.9333,"name":"line_063_"},{"time":2,"name":null}]},"line_2":{"attachment":[{"time":0.4,"name":"line_017_"},{"time":0.4667,"name":"line_019_"},{"time":0.5333,"name":"line_021_"},{"time":0.6,"name":"line_023_"},{"time":0.6667,"name":"line_025_"},{"time":0.7333,"name":"line_027_"},{"time":0.8,"name":"line_029_"},{"time":0.8667,"name":"line_031_"},{"time":0.9333,"name":"line_033_"},{"time":1,"name":"line_035_"},{"time":1.0667,"name":"line_037_"},{"time":1.1333,"name":"line_039_"},{"time":1.2,"name":"line_041_"},{"time":1.2667,"name":"line_043_"},{"time":1.3333,"name":"line_045_"},{"time":1.4,"name":"line_047_"},{"time":1.4667,"name":"line_049_"},{"time":1.5333,"name":"line_051_"},{"time":1.6,"name":"line_053_"},{"time":1.6667,"name":"line_055_"},{"time":1.7333,"name":"line_057_"},{"time":1.8,"name":"line_059_"},{"time":1.8667,"name":"line_061_"},{"time":1.9333,"name":"line_063_"},{"time":2,"name":null}]},"mask_qi_1":{"attachment":[{"time":1.6667,"name":"mask_qi_004_"},{"time":1.7333,"name":"mask_qi_006_"},{"time":1.8,"name":"mask_qi_008_"},{"time":1.8667,"name":"mask_qi_010_"},{"time":1.9333,"name":"mask_qi_012_"},{"time":2,"name":"mask_qi_014_"},{"time":2.0667,"name":"mask_qi_016_"},{"time":2.1333,"name":"mask_qi_018_"},{"time":2.2,"name":"mask_qi_020_"},{"time":2.2667,"name":"mask_qi_022_"},{"time":2.3333,"name":"mask_qi_024_"},{"time":2.4,"name":"mask_qi_026_"},{"time":2.4667,"name":null}]},"mask_qi_2":{"attachment":[{"time":1.6667,"name":"mask_qi_004_"},{"time":1.7333,"name":"mask_qi_006_"},{"time":1.8,"name":"mask_qi_008_"},{"time":1.8667,"name":"mask_qi_010_"},{"time":1.9333,"name":"mask_qi_012_"},{"time":2,"name":"mask_qi_014_"},{"time":2.0667,"name":"mask_qi_016_"},{"time":2.1333,"name":"mask_qi_018_"},{"time":2.2,"name":"mask_qi_020_"},{"time":2.2667,"name":"mask_qi_022_"},{"time":2.3333,"name":"mask_qi_024_"},{"time":2.4,"name":"mask_qi_026_"},{"time":2.4667,"name":null}]}},"bones":{"fire_":{"translate":[{"time":0,"x":13.37,"y":71.28}]},"line_1":{"translate":[{"time":0,"x":42.01,"y":-15.49}]},"mask_qi_1":{"translate":[{"time":0,"x":-72.62,"y":46.06}]},"line_2":{"translate":[{"time":0,"x":-38.84,"y":-15.49}]},"mask_qi_2":{"translate":[{"time":0,"x":74.22,"y":44.94}]},"flare_":{"rotate":[{"time":2.1667,"angle":0,"curve":[0.057,0.23,0.75,1]},{"time":2.9333,"angle":-90}],"translate":[{"time":0,"x":81.92,"y":70.74}],"scale":[{"time":0,"x":0.5,"y":0.5,"curve":"stepped"},{"time":2.1667,"x":0.5,"y":0.5,"curve":[0.028,0.13,0.75,1]},{"time":2.2333,"x":1,"y":1,"curve":[0.466,0,0.915,0.84]},{"time":2.9333,"x":0,"y":0}]},"flare_2":{"rotate":[{"time":2.1667,"angle":0,"curve":[0.056,0.22,0.716,0.94]},{"time":2.9333,"angle":90}],"translate":[{"time":0,"x":-80.1,"y":70.39}],"scale":[{"time":0,"x":0.5,"y":0.5,"curve":"stepped"},{"time":2.1667,"x":0.5,"y":0.5,"curve":[0.028,0.13,0.75,1]},{"time":2.2333,"x":1,"y":1,"curve":[0.466,0,0.915,0.84]},{"time":2.9333,"x":0,"y":0}]}}}}}