{"skeleton":{"hash":"7Se+/CdIKOIeA+Eth8Su07MwwLU","spine":"3.7.94","width":642,"height":294,"images":"./images/","audio":""},"bones":[{"name":"root"},{"name":"dikuang","parent":"root","y":-12.7},{"name":"fusheguang","parent":"root","scaleX":2,"scaleY":2},{"name":"fusheguang2","parent":"root","scaleX":2,"scaleY":2},{"name":"jiantou_L","parent":"root","x":-285,"y":-6},{"name":"jiantou_R","parent":"root","x":290,"y":-6,"scaleX":-1},{"name":"jinbi","parent":"root","y":-389.69,"scaleX":1.2,"scaleY":1.2},{"name":"led_glow1","parent":"root","x":-252.78,"y":87.85},{"name":"led_glow10","parent":"root","x":260.18,"y":-44.33},{"name":"led_glow11","parent":"root","x":260.18,"y":-76.57},{"name":"led_glow12","parent":"root","x":260.18,"y":-107.6},{"name":"led_glow2","parent":"root","x":-252.78,"y":56.82},{"name":"led_glow3","parent":"root","x":-252.78,"y":24.18},{"name":"led_glow4","parent":"root","x":-252.78,"y":-44.33},{"name":"led_glow5","parent":"root","x":-252.78,"y":-76.57},{"name":"led_glow6","parent":"root","x":-252.78,"y":-107.6},{"name":"led_glow7","parent":"root","x":260.18,"y":87.85},{"name":"led_glow8","parent":"root","x":260.18,"y":56.82},{"name":"led_glow9","parent":"root","x":260.18,"y":24.18},{"name":"line_glow_D","parent":"root","y":-119.42},{"name":"line_glow_U","parent":"root","y":96.34},{"name":"shuzi","parent":"root","x":4.65,"y":-9.46,"scaleX":2,"scaleY":2},{"name":"jinbi_1_","parent":"jinbi","length":23.88,"rotation":-56.77,"x":-4.8,"y":836.6},{"name":"jinbi_1_2","parent":"jinbi","length":23.88,"rotation":-54.59,"x":38.48,"y":836.6},{"name":"jinbi_1_3","parent":"jinbi","length":23.88,"rotation":-87.75,"x":38.48,"y":836.6},{"name":"jinbi_2_","parent":"jinbi","length":25.53,"rotation":-158.15,"x":-100.38,"y":816.99},{"name":"jinbi_2_2","parent":"jinbi","length":25.53,"rotation":-47.02,"x":-94.92,"y":877.92},{"name":"jinbi_2_3","parent":"jinbi","length":25.53,"rotation":-86.4,"x":-94.92,"y":877.92},{"name":"jinbi_2_4","parent":"jinbi","length":25.53,"rotation":-125.14,"x":-94.92,"y":877.92},{"name":"jinbi_3_","parent":"jinbi","length":13.6,"rotation":-132.31,"x":68.25,"y":834.34},{"name":"jinbi_3_2","parent":"jinbi","length":13.6,"rotation":-85.5,"x":-29.66,"y":916.28},{"name":"jinbi_3_3","parent":"jinbi","length":13.6,"rotation":-85.5,"x":-29.66,"y":916.28},{"name":"jinbi_4_","parent":"jinbi","length":23.88,"rotation":-9,"x":106.7,"y":795.8,"scaleY":0.436},{"name":"jinbi_4_2","parent":"jinbi","length":23.88,"rotation":-165.81,"x":34.84,"y":910.94},{"name":"jinbi_4_3","parent":"jinbi","length":23.88,"rotation":-87.75,"x":34.84,"y":910.94},{"name":"jinbi_4_4","parent":"jinbi","length":23.88,"rotation":-87.75,"x":-29.26,"y":964.64,"scaleX":0.749,"scaleY":0.749},{"name":"jinbi_5_","parent":"jinbi","length":21.15,"rotation":-127.22,"x":-45.62,"y":848.87},{"name":"jinbi_5_2","parent":"jinbi","length":21.15,"rotation":161.66,"x":5.22,"y":880.39},{"name":"jinbi_5_3","parent":"jinbi","length":21.15,"rotation":-91.35,"x":5.22,"y":880.39},{"name":"xian","parent":"root"},{"name":"xian1","parent":"xian","length":71.32,"rotation":90},{"name":"xian2","parent":"xian","length":71.32,"rotation":90},{"name":"xian3","parent":"xian","length":71.32,"rotation":90},{"name":"xian4","parent":"xian","length":71.32,"rotation":90},{"name":"xian5","parent":"xian","length":71.32,"rotation":90},{"name":"xian6","parent":"xian","length":71.32,"rotation":90},{"name":"xian7","parent":"xian","length":71.32,"rotation":90},{"name":"xian8","parent":"xian","length":71.32,"rotation":90},{"name":"xian9","parent":"xian","length":71.32,"rotation":90},{"name":"xian10","parent":"xian","length":71.32,"rotation":90},{"name":"xx","parent":"root"},{"name":"xx_1","parent":"xx","x":-3.61,"y":0.9},{"name":"xx_2","parent":"xx","x":-3.61,"y":0.9},{"name":"xx_3","parent":"xx","x":-3.61,"y":0.9},{"name":"xx_4","parent":"xx","x":-3.61,"y":0.9},{"name":"xx_5","parent":"xx","x":-3.61,"y":0.9},{"name":"xx_6","parent":"xx","x":-3.61,"y":0.9},{"name":"xx_7","parent":"xx","x":-3.61,"y":0.9},{"name":"xx_8","parent":"xx","x":-3.61,"y":0.9},{"name":"xx_9","parent":"xx","x":-3.61,"y":0.9}],"slots":[{"name":"fusheguang","bone":"fusheguang"},{"name":"fusheguang2","bone":"fusheguang2","color":"fdfdff93","blend":"additive"},{"name":"dikuang","bone":"dikuang","attachment":"dikuang_"},{"name":"jiantou_L","bone":"jiantou_L","attachment":"jiantou_L_"},{"name":"jiantou_R","bone":"jiantou_R","attachment":"jiantou_L_"},{"name":"led_glow1","bone":"led_glow1","blend":"additive"},{"name":"led_glow7","bone":"led_glow7","blend":"additive"},{"name":"led_glow2","bone":"led_glow2","blend":"additive"},{"name":"led_glow8","bone":"led_glow8","blend":"additive"},{"name":"led_glow3","bone":"led_glow3","blend":"additive"},{"name":"led_glow9","bone":"led_glow9","blend":"additive"},{"name":"led_glow4","bone":"led_glow4","blend":"additive"},{"name":"led_glow10","bone":"led_glow10","blend":"additive"},{"name":"led_glow5","bone":"led_glow5","blend":"additive"},{"name":"led_glow11","bone":"led_glow11","blend":"additive"},{"name":"led_glow6","bone":"led_glow6","blend":"additive"},{"name":"led_glow12","bone":"led_glow12","blend":"additive"},{"name":"line_glow","bone":"line_glow_U","attachment":"line_glow_D_","blend":"additive"},{"name":"line_glow2","bone":"line_glow_D","attachment":"line_glow_D_","blend":"additive"},{"name":"shuzi","bone":"shuzi"},{"name":"jinbi_1_","bone":"jinbi_1_"},{"name":"jinbi_1_2","bone":"jinbi_1_2"},{"name":"jinbi_1_3","bone":"jinbi_1_3"},{"name":"jinbi_2_","bone":"jinbi_2_"},{"name":"jinbi_2_2","bone":"jinbi_2_2"},{"name":"jinbi_2_3","bone":"jinbi_2_3"},{"name":"jinbi_2_4","bone":"jinbi_2_4"},{"name":"jinbi_3_","bone":"jinbi_3_"},{"name":"jinbi_3_2","bone":"jinbi_3_2"},{"name":"jinbi_3_3","bone":"jinbi_3_3"},{"name":"jinbi_4_","bone":"jinbi_4_"},{"name":"jinbi_4_2","bone":"jinbi_4_2"},{"name":"jinbi_4_3","bone":"jinbi_4_3"},{"name":"jinbi_4_4","bone":"jinbi_4_4"},{"name":"jinbi_5_","bone":"jinbi_5_"},{"name":"jinbi_5_2","bone":"jinbi_5_2"},{"name":"jinbi_5_3","bone":"jinbi_5_3"},{"name":"suduxian_1","bone":"xian1","blend":"additive"},{"name":"suduxian_3","bone":"xian3","blend":"additive"},{"name":"suduxian_4","bone":"xian4","blend":"additive"},{"name":"suduxian_5","bone":"xian5","blend":"additive"},{"name":"suduxian_6","bone":"xian6","blend":"additive"},{"name":"suduxian_7","bone":"xian7","blend":"additive"},{"name":"suduxian_8","bone":"xian8","blend":"additive"},{"name":"suduxian_2","bone":"xian2"},{"name":"suduxian_9","bone":"xian9"},{"name":"suduxian_10","bone":"xian10"},{"name":"xx_1","bone":"xx_1","blend":"additive"},{"name":"xx_3","bone":"xx_3","blend":"additive"},{"name":"xx_4","bone":"xx_4","blend":"additive"},{"name":"xx_5","bone":"xx_5","blend":"additive"},{"name":"xx_6","bone":"xx_6","blend":"additive"},{"name":"xx_7","bone":"xx_7","blend":"additive"},{"name":"xx_8","bone":"xx_8","blend":"additive"},{"name":"xx_9","bone":"xx_9","blend":"additive"},{"name":"xx_2","bone":"xx_2","blend":"additive"}],"skins":{"default":{"dikuang":{"dikuang_":{"width":642,"height":294}},"fusheguang":{"fusheguang_":{"scaleX":2,"scaleY":2,"width":296,"height":306}},"fusheguang2":{"fusheguang_":{"scaleX":2,"scaleY":2,"width":296,"height":306}},"jiantou_L":{"jiantou_L_":{"x":24.7,"y":-1.2,"width":95,"height":80}},"jiantou_R":{"jiantou_L_":{"x":24.7,"y":-1.2,"width":95,"height":80}},"jinbi_1_":{"jinbi_1_":{"x":3.5,"y":1.19,"scaleX":1.307,"scaleY":1.307,"rotation":87.75,"width":46,"height":61}},"jinbi_1_2":{"jinbi_1_":{"x":3.5,"y":1.19,"scaleX":1.414,"scaleY":1.414,"rotation":87.75,"width":46,"height":61}},"jinbi_1_3":{"jinbi_1_":{"x":3.5,"y":1.19,"scaleX":1.418,"scaleY":1.418,"rotation":87.75,"width":46,"height":61}},"jinbi_2_":{"jinbi_2_":{"x":1.96,"y":1.39,"scaleX":1.226,"scaleY":1.226,"rotation":86.4,"width":46,"height":61}},"jinbi_2_2":{"jinbi_2_":{"x":1.96,"y":1.39,"scaleX":1.36,"scaleY":1.36,"rotation":86.4,"width":46,"height":61}},"jinbi_2_3":{"jinbi_2_":{"x":1.96,"y":1.39,"scaleX":1.32,"scaleY":1.32,"rotation":86.4,"width":46,"height":61}},"jinbi_2_4":{"jinbi_2_":{"x":1.96,"y":1.39,"scaleX":1.341,"scaleY":1.341,"rotation":86.4,"width":46,"height":61}},"jinbi_3_":{"jinbi_3_":{"x":3.74,"y":0.18,"scaleX":1.258,"scaleY":1.258,"rotation":85.5,"width":75,"height":58}},"jinbi_3_2":{"jinbi_3_":{"x":3.74,"y":0.18,"scaleX":1.148,"scaleY":1.148,"rotation":85.5,"width":75,"height":58}},"jinbi_3_3":{"jinbi_3_":{"x":3.74,"y":0.18,"scaleX":1.346,"scaleY":1.346,"rotation":85.5,"width":75,"height":58}},"jinbi_4_":{"jinbi_4_":{"x":1.92,"y":1.07,"scaleX":1.113,"scaleY":1.113,"rotation":87.75,"width":61,"height":61}},"jinbi_4_2":{"jinbi_4_":{"x":1.92,"y":1.07,"scaleX":1.427,"scaleY":1.427,"rotation":87.75,"width":61,"height":61}},"jinbi_4_3":{"jinbi_4_":{"x":1.92,"y":1.07,"scaleX":1.219,"scaleY":1.219,"rotation":87.75,"width":61,"height":61}},"jinbi_4_4":{"jinbi_4_":{"x":1.92,"y":1.07,"scaleX":1.13,"scaleY":1.13,"rotation":87.75,"width":61,"height":61}},"jinbi_5_":{"jinbi_5_":{"x":0.27,"y":-1.65,"scaleX":1.144,"scaleY":1.144,"rotation":91.35,"width":80,"height":59}},"jinbi_5_2":{"jinbi_5_":{"x":0.27,"y":-1.65,"scaleX":1.151,"scaleY":1.151,"rotation":91.35,"width":80,"height":59}},"jinbi_5_3":{"jinbi_5_":{"x":0.27,"y":-1.65,"scaleX":1.297,"scaleY":1.297,"rotation":91.35,"width":80,"height":59}},"led_glow1":{"led_glow_":{"width":48,"height":48}},"led_glow10":{"led_glow_":{"width":48,"height":48}},"led_glow11":{"led_glow_":{"width":48,"height":48}},"led_glow12":{"led_glow_":{"width":48,"height":48}},"led_glow2":{"led_glow_":{"width":48,"height":48}},"led_glow3":{"led_glow_":{"width":48,"height":48}},"led_glow4":{"led_glow_":{"width":48,"height":48}},"led_glow5":{"led_glow_":{"width":48,"height":48}},"led_glow6":{"led_glow_":{"width":48,"height":48}},"led_glow7":{"led_glow_":{"width":48,"height":48}},"led_glow8":{"led_glow_":{"width":48,"height":48}},"led_glow9":{"led_glow_":{"width":48,"height":48}},"line_glow":{"line_glow_D_":{"width":596,"height":39}},"line_glow2":{"line_glow_D_":{"scaleX":-1,"width":596,"height":39}},"shuzi":{"shuzi01_":{"width":218,"height":55},"shuzi02_":{"width":216,"height":55},"shuzi03_":{"width":215,"height":55},"shuzi04_":{"width":221,"height":44},"shuzi05_":{"width":222,"height":43},"shuzi06_":{"width":218,"height":42}},"suduxian_1":{"suduxian_":{"x":109.17,"rotation":-90,"width":51,"height":276}},"suduxian_10":{"suduxian_":{"x":88.21,"rotation":-90,"width":51,"height":276}},"suduxian_2":{"suduxian_":{"x":88.21,"rotation":-90,"width":51,"height":276}},"suduxian_3":{"suduxian_":{"x":109.17,"rotation":-90,"width":51,"height":276}},"suduxian_4":{"suduxian_":{"x":109.17,"rotation":-90,"width":51,"height":276}},"suduxian_5":{"suduxian_":{"x":109.17,"rotation":-90,"width":51,"height":276}},"suduxian_6":{"suduxian_":{"x":109.17,"rotation":-90,"width":51,"height":276}},"suduxian_7":{"suduxian_":{"x":109.17,"rotation":-90,"width":51,"height":276}},"suduxian_8":{"suduxian_":{"x":109.17,"rotation":-90,"width":51,"height":276}},"suduxian_9":{"suduxian_":{"x":88.21,"rotation":-90,"width":51,"height":276}},"xx_1":{"xx_":{"x":3.61,"y":-0.9,"rotation":90,"width":75,"height":82}},"xx_2":{"xx_":{"x":3.61,"y":-0.9,"rotation":90,"width":75,"height":82}},"xx_3":{"xx_":{"x":3.61,"y":-0.9,"rotation":90,"width":75,"height":82}},"xx_4":{"xx_":{"x":3.61,"y":-0.9,"rotation":90,"width":75,"height":82}},"xx_5":{"xx_":{"x":3.61,"y":-0.9,"rotation":90,"width":75,"height":82}},"xx_6":{"xx_":{"x":3.61,"y":-0.9,"rotation":90,"width":75,"height":82}},"xx_7":{"xx_":{"x":3.61,"y":-0.9,"rotation":90,"width":75,"height":82}},"xx_8":{"xx_":{"x":3.61,"y":-0.9,"rotation":90,"width":75,"height":82}},"xx_9":{"xx_":{"x":3.61,"y":-0.9,"rotation":90,"width":75,"height":82}}}},"events":{"hit":{}},"animations":{"loop":{"slots":{"fusheguang":{"attachment":[{"time":0,"name":"fusheguang_"}]},"fusheguang2":{"color":[{"time":0,"color":"7bffb732"},{"time":1,"color":"0cebff8a"},{"time":2,"color":"7bffb732"},{"time":3,"color":"0cebff8a"},{"time":4,"color":"7bffb732"},{"time":5,"color":"0cebff8a"},{"time":6,"color":"7bffb732"},{"time":7,"color":"0cebff8a"},{"time":8,"color":"7bffb732"},{"time":9,"color":"0cebff8a"},{"time":10,"color":"7bffb732"},{"time":11,"color":"0cebff8a"},{"time":12,"color":"7bffb732"}],"attachment":[{"time":0,"name":"fusheguang_"}]},"line_glow":{"color":[{"time":0,"color":"ffffffff"},{"time":1.5,"color":"ff8b5bff"},{"time":3,"color":"ffffffff"},{"time":4.5,"color":"ff8b5bff"},{"time":6,"color":"ffffffff"},{"time":7.5,"color":"ff8b5bff"},{"time":9,"color":"ffffffff"},{"time":10.5,"color":"ff8b5bff"},{"time":12,"color":"ffffffff"}]},"line_glow2":{"color":[{"time":0,"color":"ffffffff"},{"time":1.5,"color":"ff8b5bff"},{"time":3,"color":"ffffffff"},{"time":4.5,"color":"ff8b5bff"},{"time":6,"color":"ffffffff"},{"time":7.5,"color":"ff8b5bff"},{"time":9,"color":"ffffffff"},{"time":10.5,"color":"ff8b5bff"},{"time":12,"color":"ffffffff"}]}},"bones":{"fusheguang":{"rotate":[{"time":0,"angle":120},{"time":4,"angle":240},{"time":8,"angle":0},{"time":12,"angle":120}]},"fusheguang2":{"rotate":[{"time":0,"angle":-120},{"time":2,"angle":120},{"time":4,"angle":0},{"time":6,"angle":-120},{"time":8,"angle":120},{"time":10,"angle":0},{"time":12,"angle":240}],"scale":[{"time":0,"x":0.8,"y":0.8}]},"shuzi":{"scale":[{"time":0,"x":1,"y":1.124}]},"line_glow_U":{"scale":[{"time":0,"x":1,"y":1},{"time":1.5,"x":0.715,"y":1},{"time":3,"x":1,"y":1},{"time":4.5,"x":0.715,"y":1},{"time":6,"x":1,"y":1},{"time":7.5,"x":0.715,"y":1},{"time":9,"x":1,"y":1},{"time":10.5,"x":0.715,"y":1},{"time":12,"x":1,"y":1}]},"line_glow_D":{"scale":[{"time":0,"x":1,"y":1},{"time":1.5,"x":0.715,"y":1},{"time":3,"x":1,"y":1},{"time":4.5,"x":0.715,"y":1},{"time":6,"x":1,"y":1},{"time":7.5,"x":0.715,"y":1},{"time":9,"x":1,"y":1},{"time":10.5,"x":0.715,"y":1},{"time":12,"x":1,"y":1}]}}},"start":{"slots":{"fusheguang":{"attachment":[{"time":2.9,"name":"fusheguang_"}]},"fusheguang2":{"color":[{"time":2.9,"color":"fdfdffff"},{"time":2.9667,"color":"eefcffc7"},{"time":4,"color":"0cebff63"},{"time":6,"color":"7bffb732"}],"attachment":[{"time":2.9,"name":"fusheguang_"}]},"jinbi_1_":{"color":[{"time":5.2,"color":"ffffffff"},{"time":5.7,"color":"ffffff00"}],"attachment":[{"time":3.7,"name":"jinbi_1_"}]},"jinbi_2_":{"color":[{"time":5.2333,"color":"ffffffff"},{"time":5.7333,"color":"ffffff00"}],"attachment":[{"time":3.9667,"name":"jinbi_2_"}]},"jinbi_3_":{"color":[{"time":4.6667,"color":"ffffffff"},{"time":5.1667,"color":"ffffff00"}],"attachment":[{"time":3.1667,"name":"jinbi_3_"}]},"jinbi_4_":{"color":[{"time":5.3667,"color":"ffffffff"},{"time":5.8667,"color":"ffffff00"}],"attachment":[{"time":3.5,"name":"jinbi_4_"}]},"jinbi_5_":{"color":[{"time":5.2667,"color":"ffffffff"},{"time":5.7667,"color":"ffffff00"}],"attachment":[{"time":3.7333,"name":"jinbi_5_"}]},"jinbi_1_2":{"color":[{"time":5.0333,"color":"ffffffff"},{"time":5.4333,"color":"ffffff00"}],"attachment":[{"time":4.3667,"name":"jinbi_1_"}]},"jinbi_1_3":{"color":[{"time":4,"color":"ffffffff"},{"time":4.2667,"color":"ffffff00"},{"time":4.3,"color":"ffffffff","curve":"stepped"},{"time":5.2,"color":"ffffffff"},{"time":5.7333,"color":"ffffff00"}],"attachment":[{"time":3.6333,"name":"jinbi_1_"}]},"jinbi_2_2":{"color":[{"time":5.3333,"color":"ffffffff"},{"time":5.8333,"color":"ffffff00"}],"attachment":[{"time":4.0333,"name":"jinbi_2_"}]},"jinbi_2_3":{"color":[{"time":4.3,"color":"ffffffff"},{"time":4.5,"color":"ffffff00"},{"time":4.5333,"color":"ffffffff","curve":"stepped"},{"time":4.8333,"color":"ffffffff"},{"time":5.3333,"color":"ffffff00"}],"attachment":[{"time":4,"name":"jinbi_2_"}]},"jinbi_2_4":{"color":[{"time":4.0667,"color":"ffffffff"},{"time":4.3667,"color":"ffffff00"},{"time":4.4,"color":"ffffffff","curve":"stepped"},{"time":4.9667,"color":"ffffffff"},{"time":5.6,"color":"ffffff00"}],"attachment":[{"time":3.7,"name":"jinbi_2_"}]},"jinbi_3_2":{"color":[{"time":5.5,"color":"ffffffff"},{"time":6,"color":"ffffff00"}],"attachment":[{"time":4.3333,"name":"jinbi_3_"}]},"jinbi_3_3":{"color":[{"time":3.8,"color":"ffffffff"},{"time":4.0667,"color":"ffffff00"},{"time":4.1,"color":"ffffffff","curve":"stepped"},{"time":4.5,"color":"ffffffff"},{"time":4.7667,"color":"ffffff00"}],"attachment":[{"time":3.1667,"name":"jinbi_3_"}]},"jinbi_4_2":{"color":[{"time":5.3333,"color":"ffffffff"},{"time":5.8333,"color":"ffffff00"}],"attachment":[{"time":3.5,"name":"jinbi_4_"}]},"jinbi_4_3":{"color":[{"time":3.9333,"color":"ffffffff"},{"time":4.2333,"color":"ffffff00"},{"time":4.2667,"color":"ffffffff","curve":"stepped"},{"time":4.8333,"color":"ffffffff"},{"time":5.1333,"color":"ffffff00"}],"attachment":[{"time":3,"name":"jinbi_4_"}]},"jinbi_4_4":{"color":[{"time":3.9,"color":"ffffffff"},{"time":4.2,"color":"ffffff00"},{"time":4.2333,"color":"ffffffff","curve":"stepped"},{"time":4.8,"color":"ffffffff"},{"time":5.1,"color":"ffffff00"}],"attachment":[{"time":3.5,"name":"jinbi_4_"}]},"jinbi_5_2":{"color":[{"time":5.3,"color":"ffffffff"},{"time":5.8,"color":"ffffff00"}],"attachment":[{"time":3.8667,"name":"jinbi_5_"}]},"jinbi_5_3":{"color":[{"time":4.2667,"color":"ffffffff"},{"time":4.5667,"color":"ffffff00"},{"time":4.6,"color":"ffffffff","curve":"stepped"},{"time":5.2333,"color":"ffffffff"},{"time":5.5333,"color":"ffffff00"}],"attachment":[{"time":3.9333,"name":"jinbi_5_"}]},"led_glow1":{"attachment":[{"time":0,"name":"led_glow_"},{"time":0.0667,"name":null},{"time":0.3,"name":"led_glow_"},{"time":0.3667,"name":null},{"time":0.6667,"name":"led_glow_"},{"time":0.7333,"name":null},{"time":1.1667,"name":"led_glow_"},{"time":1.2333,"name":null},{"time":1.7333,"name":"led_glow_"},{"time":1.8,"name":null},{"time":2.3667,"name":"led_glow_"},{"time":2.4333,"name":null}]},"led_glow2":{"attachment":[{"time":0.0667,"name":"led_glow_"},{"time":0.1333,"name":null},{"time":0.3667,"name":"led_glow_"},{"time":0.4333,"name":null},{"time":0.7333,"name":"led_glow_"},{"time":0.8,"name":null},{"time":1.2333,"name":"led_glow_"},{"time":1.3,"name":null},{"time":1.8,"name":"led_glow_"},{"time":1.8667,"name":null},{"time":2.4333,"name":"led_glow_"},{"time":2.5,"name":null}]},"led_glow3":{"attachment":[{"time":0.1333,"name":"led_glow_"},{"time":0.2,"name":null},{"time":0.4333,"name":"led_glow_"},{"time":0.5,"name":null},{"time":0.8,"name":"led_glow_"},{"time":0.8667,"name":null},{"time":1.3,"name":"led_glow_"},{"time":1.3667,"name":null},{"time":1.8667,"name":"led_glow_"},{"time":1.9333,"name":null},{"time":2.5333,"name":"led_glow_"},{"time":2.6,"name":null}]},"led_glow4":{"attachment":[{"time":0.2,"name":"led_glow_"},{"time":0.2667,"name":null},{"time":0.5,"name":"led_glow_"},{"time":0.5667,"name":null},{"time":0.8667,"name":"led_glow_"},{"time":0.9333,"name":null},{"time":1.3667,"name":"led_glow_"},{"time":1.4333,"name":null},{"time":1.9333,"name":"led_glow_"},{"time":2,"name":null},{"time":2.6333,"name":"led_glow_"},{"time":2.7333,"name":null}]},"led_glow5":{"attachment":[{"time":0.2667,"name":"led_glow_"},{"time":0.3333,"name":null},{"time":0.5667,"name":"led_glow_"},{"time":0.6333,"name":null},{"time":0.9333,"name":"led_glow_"},{"time":1,"name":null},{"time":1.4333,"name":"led_glow_"},{"time":1.5,"name":null},{"time":2,"name":"led_glow_"},{"time":2.0667,"name":null},{"time":2.7333,"name":"led_glow_"},{"time":2.8667,"name":null}]},"led_glow6":{"attachment":[{"time":0.3333,"name":"led_glow_"},{"time":0.4,"name":null},{"time":0.6333,"name":"led_glow_"},{"time":0.7,"name":null},{"time":1,"name":"led_glow_"},{"time":1.0667,"name":null},{"time":1.5,"name":"led_glow_"},{"time":1.5667,"name":null},{"time":2.1,"name":"led_glow_"},{"time":2.1667,"name":null},{"time":2.8333,"name":"led_glow_"},{"time":2.9667,"name":null}]},"led_glow7":{"attachment":[{"time":0,"name":"led_glow_"},{"time":0.0667,"name":null},{"time":0.3,"name":"led_glow_"},{"time":0.3667,"name":null},{"time":0.6667,"name":"led_glow_"},{"time":0.7333,"name":null},{"time":1.1667,"name":"led_glow_"},{"time":1.2333,"name":null},{"time":1.7333,"name":"led_glow_"},{"time":1.8,"name":null},{"time":2.4,"name":"led_glow_"},{"time":2.4667,"name":null}]},"led_glow8":{"attachment":[{"time":0.0667,"name":"led_glow_"},{"time":0.1333,"name":null},{"time":0.3667,"name":"led_glow_"},{"time":0.4333,"name":null},{"time":0.7333,"name":"led_glow_"},{"time":0.8,"name":null},{"time":1.2333,"name":"led_glow_"},{"time":1.3,"name":null},{"time":1.8,"name":"led_glow_"},{"time":1.8667,"name":null},{"time":2.4667,"name":"led_glow_"},{"time":2.5333,"name":null}]},"led_glow9":{"attachment":[{"time":0.1333,"name":"led_glow_"},{"time":0.2,"name":null},{"time":0.4333,"name":"led_glow_"},{"time":0.5,"name":null},{"time":0.8,"name":"led_glow_"},{"time":0.8667,"name":null},{"time":1.3,"name":"led_glow_"},{"time":1.3667,"name":null},{"time":1.8667,"name":"led_glow_"},{"time":1.9333,"name":null},{"time":2.5667,"name":"led_glow_"},{"time":2.6333,"name":null}]},"led_glow10":{"attachment":[{"time":0.2,"name":"led_glow_"},{"time":0.2667,"name":null},{"time":0.5,"name":"led_glow_"},{"time":0.5667,"name":null},{"time":0.8667,"name":"led_glow_"},{"time":0.9333,"name":null},{"time":1.3667,"name":"led_glow_"},{"time":1.4333,"name":null},{"time":1.9333,"name":"led_glow_"},{"time":2,"name":null},{"time":2.6667,"name":"led_glow_"},{"time":2.7667,"name":null}]},"led_glow11":{"attachment":[{"time":0.2667,"name":"led_glow_"},{"time":0.3333,"name":null},{"time":0.5667,"name":"led_glow_"},{"time":0.6333,"name":null},{"time":0.9333,"name":"led_glow_"},{"time":1,"name":null},{"time":1.4333,"name":"led_glow_"},{"time":1.5,"name":null},{"time":2,"name":"led_glow_"},{"time":2.0667,"name":null},{"time":2.7667,"name":"led_glow_"},{"time":2.8667,"name":null}]},"led_glow12":{"attachment":[{"time":0.3333,"name":"led_glow_"},{"time":0.4,"name":null},{"time":0.6333,"name":"led_glow_"},{"time":0.7,"name":null},{"time":1,"name":"led_glow_"},{"time":1.0667,"name":null},{"time":1.5,"name":"led_glow_"},{"time":1.5667,"name":null},{"time":2.0667,"name":"led_glow_"},{"time":2.1333,"name":null},{"time":2.8667,"name":"led_glow_"},{"time":3,"name":null}]},"line_glow":{"color":[{"time":0,"color":"ffffffff"},{"time":1.5,"color":"ff8b5bff"},{"time":2.9667,"color":"ffffffff"},{"time":4.5,"color":"ff8b5bff"},{"time":6,"color":"ffffffff"}]},"line_glow2":{"color":[{"time":0,"color":"ffffffff"},{"time":1.5,"color":"ff8b5bff"},{"time":2.9667,"color":"ffffffff"},{"time":4.5,"color":"ff8b5bff"},{"time":6,"color":"ffffffff"}]},"shuzi":{"attachment":[{"time":0,"name":"shuzi01_"},{"time":0.0333,"name":"shuzi02_"},{"time":0.0667,"name":"shuzi03_"},{"time":0.1,"name":"shuzi01_"},{"time":0.1333,"name":"shuzi02_"},{"time":0.1667,"name":"shuzi03_"},{"time":0.2,"name":"shuzi01_"},{"time":0.2333,"name":"shuzi02_"},{"time":0.2667,"name":"shuzi03_"},{"time":0.3,"name":"shuzi01_"},{"time":0.3333,"name":"shuzi02_"},{"time":0.3667,"name":"shuzi03_"},{"time":0.4,"name":"shuzi01_"},{"time":0.4333,"name":"shuzi02_"},{"time":0.4667,"name":"shuzi03_"},{"time":0.5,"name":"shuzi01_"},{"time":0.5333,"name":"shuzi02_"},{"time":0.5667,"name":"shuzi03_"},{"time":0.6,"name":"shuzi01_"},{"time":0.6333,"name":"shuzi02_"},{"time":0.6667,"name":"shuzi03_"},{"time":0.7,"name":"shuzi01_"},{"time":0.7333,"name":"shuzi02_"},{"time":0.7667,"name":"shuzi03_"},{"time":0.8,"name":"shuzi01_"},{"time":0.8333,"name":"shuzi02_"},{"time":0.8667,"name":"shuzi03_"},{"time":0.9,"name":"shuzi01_"},{"time":0.9667,"name":"shuzi02_"},{"time":1.0333,"name":"shuzi03_"},{"time":1.1,"name":"shuzi01_"},{"time":1.1667,"name":"shuzi02_"},{"time":1.2333,"name":"shuzi03_"},{"time":1.3,"name":"shuzi04_"},{"time":1.3667,"name":"shuzi05_"},{"time":1.4333,"name":"shuzi06_"},{"time":1.5,"name":"shuzi04_"},{"time":1.5667,"name":"shuzi05_"},{"time":1.6333,"name":"shuzi06_"},{"time":1.7,"name":"shuzi04_"},{"time":1.7667,"name":"shuzi05_"},{"time":1.8333,"name":"shuzi06_"},{"time":1.9,"name":"shuzi04_"},{"time":1.9667,"name":"shuzi05_"},{"time":2.0333,"name":"shuzi06_"},{"time":2.1667,"name":null}]},"suduxian_1":{"color":[{"time":3.1667,"color":"ffffff00"},{"time":3.5,"color":"ffffffff"},{"time":3.7333,"color":"ffffff00"}],"attachment":[{"time":3.1667,"name":"suduxian_"},{"time":3.7667,"name":null}]},"suduxian_2":{"color":[{"time":3,"color":"ffffff00"},{"time":3.4333,"color":"ffffffff"},{"time":3.8667,"color":"ffffff00"}],"attachment":[{"time":3,"name":"suduxian_"}]},"suduxian_3":{"color":[{"time":3.5,"color":"ffffff00"},{"time":3.8333,"color":"ffffffff","curve":"stepped"},{"time":4.0667,"color":"ffffffff"},{"time":4.2333,"color":"ffffff00"}],"attachment":[{"time":3.5,"name":"suduxian_"},{"time":4.2333,"name":null}]},"suduxian_4":{"color":[{"time":3.9667,"color":"ffffff00"},{"time":4.2,"color":"a500ffff"},{"time":4.3333,"color":"a400ff00"}],"attachment":[{"time":3.9667,"name":"suduxian_"},{"time":4.3333,"name":null}]},"suduxian_5":{"color":[{"time":4.2333,"color":"ffffff00"},{"time":4.5,"color":"ffffffff"},{"time":4.6333,"color":"b300ffff"}],"attachment":[{"time":4.2333,"name":"suduxian_"},{"time":4.8333,"name":null}]},"suduxian_6":{"color":[{"time":4.1,"color":"ffffffff"},{"time":4.3,"color":"c924ffff"}],"attachment":[{"time":4.1,"name":"suduxian_"},{"time":4.4667,"name":null}]},"suduxian_7":{"attachment":[{"time":4.3667,"name":"suduxian_"},{"time":4.6333,"name":null}]},"suduxian_9":{"attachment":[{"time":4.7667,"name":"suduxian_"},{"time":4.9333,"name":null}]},"suduxian_10":{"attachment":[{"time":4.8667,"name":"suduxian_"},{"time":5.3667,"name":null}]},"xx_1":{"attachment":[{"time":3.2667,"name":"xx_"}]},"xx_2":{"color":[{"time":3.5333,"color":"f891ffff"}],"attachment":[{"time":3.5333,"name":"xx_"}]},"xx_3":{"attachment":[{"time":2.9,"name":"xx_"}]},"xx_4":{"attachment":[{"time":3.7667,"name":"xx_"}]},"xx_5":{"attachment":[{"time":3.6333,"name":"xx_"}]},"xx_6":{"attachment":[{"time":3.9,"name":"xx_"}]},"xx_7":{"attachment":[{"time":4.0333,"name":"xx_"}]},"xx_8":{"attachment":[{"time":4.0333,"name":"xx_"}]},"xx_9":{"attachment":[{"time":4.0333,"name":"xx_"}]}},"bones":{"jinbi_1_":{"translate":[{"time":0,"x":0,"y":387.12,"curve":"stepped"},{"time":3.7,"x":0,"y":387.12},{"time":4.0333,"x":0,"y":-696.13},{"time":4.0667,"x":0,"y":-744.19},{"time":4.1,"x":0,"y":0},{"time":4.4333,"x":0,"y":-696.13},{"time":4.4667,"x":0,"y":-795.21}]},"jinbi_5_":{"translate":[{"time":0,"x":0,"y":374.81,"curve":"stepped"},{"time":3.7333,"x":0,"y":374.81},{"time":4.1,"x":0,"y":-687.64},{"time":4.1333,"x":0,"y":-744.12},{"time":4.1667,"x":0,"y":0},{"time":4.5333,"x":0,"y":-687.64},{"time":4.5667,"x":0,"y":-744.12}]},"jinbi_2_":{"translate":[{"time":0,"x":-47.82,"y":378.6,"curve":"stepped"},{"time":3.9667,"x":-47.82,"y":378.6},{"time":4.3,"x":-46.65,"y":-652.18},{"time":4.3333,"x":-44.02,"y":-707.62},{"time":4.3667,"x":-66.88,"y":0},{"time":4.7,"x":-36.06,"y":-652.18},{"time":4.7333,"x":-41.41,"y":-707.62}]},"jinbi_3_":{"rotate":[{"time":3.2667,"angle":0},{"time":3.5667,"angle":-60.43,"curve":"stepped"},{"time":3.6667,"angle":-60.43},{"time":3.7,"angle":0}],"translate":[{"time":0,"x":0,"y":233.75,"curve":"stepped"},{"time":3.1667,"x":0,"y":233.75},{"time":3.6667,"x":0,"y":-751.14},{"time":3.7,"x":0,"y":0},{"time":4.2,"x":0,"y":-751.14}]},"jinbi_4_":{"translate":[{"time":0,"x":0,"y":439.29,"curve":"stepped"},{"time":3.5,"x":0,"y":439.29},{"time":3.9333,"x":11.89,"y":-10.18},{"time":4.3333,"x":-27.26,"y":-653.86},{"time":4.3667,"x":-33.99,"y":-714.64},{"time":4.4,"x":11.89,"y":-10.18},{"time":4.8333,"x":-27.26,"y":-653.86},{"time":4.8667,"x":-33.99,"y":-714.64}]},"jinbi_5_2":{"translate":[{"time":0,"x":-66.88,"y":409.13,"curve":"stepped"},{"time":3.8667,"x":-66.88,"y":409.13},{"time":4.2333,"x":-59.46,"y":-687.64},{"time":4.2667,"x":-51.17,"y":-750.2},{"time":4.3333,"x":0,"y":0},{"time":4.7,"x":0,"y":-687.64},{"time":4.7333,"x":71.32,"y":-769.61}]},"jinbi_4_2":{"translate":[{"time":0,"x":0,"y":378.6,"curve":"stepped"},{"time":3.5,"x":0,"y":378.6},{"time":3.8,"x":11.89,"y":-113.1},{"time":4.2,"x":14.88,"y":-788.07},{"time":4.2333,"x":8.15,"y":-849.91},{"time":4.2667,"x":11.89,"y":-113.1},{"time":4.7,"x":-27.26,"y":-781.66},{"time":4.7333,"x":-33.99,"y":-817.56}]},"jinbi_3_2":{"translate":[{"time":0,"x":0,"y":236.12,"curve":"stepped"},{"time":4.3333,"x":0,"y":236.12},{"time":4.8333,"x":0,"y":-751.14},{"time":4.8667,"x":0,"y":360.28},{"time":5.3333,"x":0,"y":-752.5},{"time":5.3667,"x":0,"y":-814.24}]},"jinbi_2_2":{"translate":[{"time":0,"x":0,"y":319.57,"curve":"stepped"},{"time":4.0333,"x":0,"y":319.57},{"time":4.3667,"x":27.78,"y":-652.18},{"time":4.4,"x":23.95,"y":-707.62},{"time":4.4333,"x":0,"y":0},{"time":4.7667,"x":27.78,"y":-720.14},{"time":4.8,"x":23.95,"y":-778.81}]},"jinbi_1_2":{"translate":[{"time":0,"x":0,"y":362.32,"curve":"stepped"},{"time":4.3667,"x":0,"y":362.32},{"time":4.6333,"x":0,"y":-744.19},{"time":4.6667,"x":0,"y":-696.13},{"time":4.7333,"x":0,"y":-744.19},{"time":4.7667,"x":0,"y":0},{"time":4.9333,"x":0,"y":-696.13},{"time":5.0333,"x":0,"y":-744.19},{"time":5.1333,"x":0,"y":-696.13},{"time":5.2333,"x":0,"y":-744.19}]},"jinbi_1_3":{"translate":[{"time":0,"x":199.99,"y":468.88,"curve":"stepped"},{"time":3.6333,"x":199.99,"y":468.88},{"time":4,"x":199.99,"y":-753.57,"curve":"stepped"},{"time":4.2667,"x":199.99,"y":-753.57},{"time":4.3,"x":199.99,"y":288.37},{"time":4.9333,"x":199.99,"y":-813.64}]},"jinbi_2_3":{"translate":[{"time":0,"x":275.54,"y":270.15,"curve":"stepped"},{"time":4,"x":275.54,"y":270.15},{"time":4.3,"x":275.54,"y":-847.46},{"time":4.4,"x":275.54,"y":-799.4},{"time":4.5,"x":275.54,"y":-847.46},{"time":4.5333,"x":275.54,"y":323.08},{"time":4.8333,"x":275.54,"y":-847.46},{"time":4.9333,"x":275.54,"y":-799.4},{"time":5.0333,"x":275.54,"y":-847.46}]},"jinbi_4_3":{"translate":[{"time":0,"x":-226.06,"y":354.41,"curve":"stepped"},{"time":3,"x":-226.06,"y":354.41},{"time":3.9333,"x":-226.06,"y":-864.93},{"time":4.2,"x":-226.06,"y":-807.64},{"time":4.2333,"x":-226.06,"y":-864.93},{"time":4.2667,"x":-226.06,"y":-11.98},{"time":4.8333,"x":-226.06,"y":-864.93},{"time":5.1,"x":-226.06,"y":-807.64},{"time":5.1333,"x":-226.06,"y":-864.93}]},"jinbi_5_3":{"translate":[{"time":0,"x":-271.68,"y":323.6,"curve":"stepped"},{"time":3.9333,"x":-271.68,"y":323.6},{"time":4.2667,"x":-271.68,"y":-837.07},{"time":4.4,"x":-271.68,"y":-782.63},{"time":4.5667,"x":-271.68,"y":-838.4},{"time":4.6,"x":-271.68,"y":384.72},{"time":4.9333,"x":-271.68,"y":-837.07},{"time":5.0667,"x":-271.68,"y":-782.63},{"time":5.2333,"x":-271.68,"y":-838.4}]},"jinbi_3_3":{"translate":[{"time":0,"x":304.35,"y":225.69,"curve":"stepped"},{"time":3.1667,"x":304.35,"y":225.69},{"time":3.8,"x":304.35,"y":-887.25,"curve":"stepped"},{"time":4.0667,"x":304.35,"y":-887.25},{"time":4.1,"x":304.35,"y":407.66},{"time":4.5,"x":304.35,"y":-887.25}]},"jinbi_4_4":{"translate":[{"time":0,"x":-226.06,"y":197.59,"curve":"stepped"},{"time":3.5,"x":-226.06,"y":197.59},{"time":3.9,"x":-226.06,"y":-864.93},{"time":4.0333,"x":-226.06,"y":-807.64},{"time":4.2,"x":-226.06,"y":-864.93},{"time":4.2333,"x":-226.06,"y":-11.98},{"time":4.8,"x":-226.06,"y":-864.93},{"time":4.9333,"x":-226.06,"y":-807.64},{"time":5.1,"x":-226.06,"y":-864.93}]},"jinbi_2_4":{"translate":[{"time":0,"x":299.52,"y":335.85,"curve":"stepped"},{"time":3.7,"x":299.52,"y":335.85},{"time":4.0667,"x":299.52,"y":-753.2,"curve":"stepped"},{"time":4.3667,"x":299.52,"y":-753.2},{"time":4.4,"x":299.52,"y":293.11},{"time":4.4333,"x":299.52,"y":-729.65,"curve":[0.25,0,0.75,1]},{"time":4.6,"x":299.52,"y":293.11},{"time":4.9667,"x":299.52,"y":-753.2},{"time":5.0667,"x":299.52,"y":-729.65,"curve":[0.25,0,0.984,0.67]},{"time":5.2,"x":299.52,"y":-753.2}],"scale":[{"time":2.4333,"x":0.723,"y":0.723}]},"shuzi":{"scale":[{"time":1.2667,"x":1,"y":1,"curve":"stepped"},{"time":1.3,"x":1,"y":1.124}]},"jiantou_L":{"rotate":[{"time":0,"angle":-11.15},{"time":0.0667,"angle":21.15},{"time":0.1333,"angle":12.6},{"time":0.2,"angle":-10.61},{"time":0.2667,"angle":18.01},{"time":0.3333,"angle":-23.35},{"time":0.4,"angle":25.94},{"time":0.4667,"angle":-15.62},{"time":0.5333,"angle":19.96},{"time":0.6,"angle":-11.15},{"time":0.6667,"angle":21.15},{"time":0.7333,"angle":12.6},{"time":0.8,"angle":-10.61},{"time":0.8667,"angle":18.01},{"time":0.9333,"angle":-23.35},{"time":1,"angle":25.94},{"time":1.0667,"angle":-15.62},{"time":1.1333,"angle":19.96},{"time":1.2,"angle":-23.73},{"time":1.2667,"angle":0.96},{"time":1.3667,"angle":-11.15},{"time":1.4667,"angle":8.8},{"time":1.5667,"angle":-23.73},{"time":1.6667,"angle":0.96},{"time":1.7667,"angle":-11.15},{"time":1.8667,"angle":21.15},{"time":2,"angle":12.6},{"time":2.1333,"angle":-10.61},{"time":2.3,"angle":18.01},{"time":2.4667,"angle":-23.35},{"time":2.6333,"angle":0},{"time":2.8,"angle":11.35},{"time":3,"angle":0}]},"jiantou_R":{"rotate":[{"time":0,"angle":-11.15},{"time":0.0667,"angle":21.15},{"time":0.1333,"angle":12.6,"curve":"stepped"},{"time":0.2,"angle":12.6},{"time":0.2667,"angle":-10.61},{"time":0.3333,"angle":18.01},{"time":0.4,"angle":-23.35},{"time":0.4667,"angle":25.94},{"time":0.5333,"angle":-15.62},{"time":0.6,"angle":19.96},{"time":0.6667,"angle":-11.15},{"time":0.7333,"angle":21.15},{"time":0.8,"angle":12.6},{"time":0.8667,"angle":-10.61},{"time":0.9333,"angle":18.01},{"time":1,"angle":-23.35},{"time":1.0667,"angle":25.94},{"time":1.1333,"angle":-15.62},{"time":1.2,"angle":19.96},{"time":1.2667,"angle":-23.73},{"time":1.3333,"angle":0.96},{"time":1.4333,"angle":-11.15},{"time":1.5333,"angle":8.8},{"time":1.6333,"angle":-23.73},{"time":1.7333,"angle":0.96},{"time":1.8333,"angle":-11.15},{"time":1.9333,"angle":21.15},{"time":2.0667,"angle":12.6},{"time":2.2,"angle":-10.61},{"time":2.3333,"angle":18.01},{"time":2.4667,"angle":-23.35},{"time":2.6333,"angle":0},{"time":2.8,"angle":11.35},{"time":3,"angle":0}]},"fusheguang":{"rotate":[{"time":2.9,"angle":0},{"time":6,"angle":120}],"scale":[{"time":2.9,"x":0,"y":0},{"time":2.9667,"x":1.2,"y":1.2,"curve":[0.25,0,0.75,1]},{"time":3.3,"x":1,"y":1}]},"fusheguang2":{"rotate":[{"time":2.9,"angle":0},{"time":6,"angle":-120}],"scale":[{"time":2.9,"x":0,"y":0},{"time":2.9667,"x":1,"y":1,"curve":[0.25,0,0.75,1]},{"time":3.3,"x":0.8,"y":0.8}]},"jinbi":{"translate":[{"time":0,"x":0,"y":-385.68}]},"line_glow_U":{"scale":[{"time":0,"x":1,"y":1},{"time":1.5,"x":0.715,"y":1},{"time":2.9667,"x":1,"y":1},{"time":4.5,"x":0.715,"y":1},{"time":6,"x":1,"y":1}]},"line_glow_D":{"scale":[{"time":0,"x":1,"y":1},{"time":1.5,"x":0.715,"y":1},{"time":2.9667,"x":1,"y":1},{"time":4.5,"x":0.715,"y":1},{"time":6,"x":1,"y":1}]},"xian1":{"translate":[{"time":3.1667,"x":76.74,"y":480.82},{"time":3.4,"x":76.74,"y":-79.82},{"time":3.7333,"x":76.74,"y":-859.46}],"scale":[{"time":3.1667,"x":1,"y":1.544},{"time":3.5667,"x":2.323,"y":1.2},{"time":3.7333,"x":0.635,"y":1.544}]},"xian2":{"translate":[{"time":3,"x":-228.77,"y":744.02},{"time":3.9333,"x":-235.18,"y":-707.68}],"scale":[{"time":3,"x":1,"y":1},{"time":3.5,"x":1.891,"y":1},{"time":3.8667,"x":0.477,"y":1}]},"xian3":{"translate":[{"time":3.5,"x":43.11,"y":752.73},{"time":4.2333,"x":69.64,"y":-712.94}],"scale":[{"time":3.5,"x":1,"y":1},{"time":3.8,"x":1.487,"y":1},{"time":4,"x":2.327,"y":1},{"time":4.2333,"x":0.476,"y":1}]},"xian4":{"translate":[{"time":3.9667,"x":-180.66,"y":629.3},{"time":4.1667,"x":-180.66,"y":-96.62},{"time":4.2667,"x":-180.66,"y":-496.92},{"time":4.3333,"x":-180.66,"y":-725.65}],"scale":[{"time":3.9667,"x":1,"y":1},{"time":4.1667,"x":2.114,"y":1},{"time":4.3333,"x":0.548,"y":1}]},"xian5":{"translate":[{"time":4.2333,"x":-219.8,"y":352.29},{"time":4.4,"x":-219.8,"y":50.81},{"time":4.6667,"x":-219.8,"y":-538.42},{"time":4.8333,"x":-219.8,"y":-750.12}],"scale":[{"time":4.2333,"x":1,"y":1},{"time":4.6,"x":3.71,"y":1},{"time":4.8333,"x":0.398,"y":1}]},"xian6":{"translate":[{"time":4.1,"x":0,"y":195.72},{"time":4.4667,"x":0,"y":-746.73}],"scale":[{"time":4.1,"x":0.518,"y":1},{"time":4.3,"x":2.355,"y":1},{"time":4.4667,"x":0.368,"y":1}]},"xian7":{"translate":[{"time":4.3667,"x":48.18,"y":620.27},{"time":4.6333,"x":48.18,"y":-689.52}],"scale":[{"time":4.3667,"x":1,"y":1},{"time":4.5333,"x":2.204,"y":1},{"time":4.6333,"x":0.338,"y":1}]},"xian9":{"translate":[{"time":4.7667,"x":48.18,"y":201.74},{"time":4.8667,"x":48.18,"y":-254.43},{"time":4.9333,"x":48.18,"y":-668.44}],"scale":[{"time":4.7667,"x":1,"y":1},{"time":4.8667,"x":3.452,"y":1},{"time":4.9333,"x":0.745,"y":1}]},"xian10":{"translate":[{"time":4.8667,"x":-33.12,"y":758.77},{"time":5.2333,"x":-33.12,"y":-282.83},{"time":5.3667,"x":-33.12,"y":-674.46}],"scale":[{"time":5,"x":1,"y":1},{"time":5.1667,"x":3.198,"y":1},{"time":5.3667,"x":0.309,"y":1}]},"xx_1":{"translate":[{"time":3.2667,"x":94.62,"y":175.05}],"scale":[{"time":3.2667,"x":0,"y":0},{"time":3.5667,"x":0.648,"y":0.715},{"time":4,"x":0,"y":0}]},"xx_2":{"translate":[{"time":3.5333,"x":-246.26,"y":131.16}],"scale":[{"time":3.5333,"x":0,"y":0},{"time":3.8333,"x":0.638,"y":0.703},{"time":4.2667,"x":0,"y":0}]},"xx_3":{"translate":[{"time":2.9,"x":88.27,"y":403.12}],"scale":[{"time":2.9,"x":0,"y":0},{"time":3.2,"x":0.512,"y":0.706},{"time":3.6333,"x":0,"y":0}]},"xx_4":{"translate":[{"time":3.7667,"x":-70.76,"y":313.34}],"scale":[{"time":3.7667,"x":0,"y":0},{"time":4.0667,"x":0.434,"y":0.491},{"time":4.5,"x":0,"y":0}]},"xx_5":{"translate":[{"time":3.6333,"x":64.67,"y":-147.92}],"scale":[{"time":3.6333,"x":0,"y":0},{"time":3.9333,"x":0.617,"y":0.698},{"time":4.3667,"x":0,"y":0}]},"xx_6":{"translate":[{"time":3.9,"x":-171.64,"y":-219.99}],"scale":[{"time":3.9,"x":0,"y":0},{"time":4.2,"x":0.617,"y":0.698},{"time":4.6333,"x":0,"y":0}]},"xx_7":{"translate":[{"time":4.0333,"x":9.37,"y":-382.56}],"scale":[{"time":4.0333,"x":0,"y":0},{"time":4.3333,"x":0.509,"y":0.576},{"time":4.7667,"x":0,"y":0}]},"xx_8":{"translate":[{"time":4.0333,"x":165.23,"y":125.26}],"scale":[{"time":4.0333,"x":0,"y":0},{"time":4.3333,"x":0.617,"y":0.698},{"time":4.7667,"x":0,"y":0}]},"xx_9":{"translate":[{"time":4.0333,"x":294.29,"y":-95.97}],"scale":[{"time":4.0333,"x":0,"y":0},{"time":4.3333,"x":0.617,"y":0.698},{"time":4.7667,"x":0,"y":0}]}},"events":[{"time":2.1667,"name":"hit"}]}}}