{
"skeleton": { "hash": "4gW4igPKAL42119CFP7210HBzNo", "spine": "2.1.27", "width": 0, "height": 0 },
"bones": [
	{ "name": "root" }
],
"slots": [
	{ "name": "jinlong_xx_046_03_", "bone": "root" },
	{ "name": "jinlong_xx_046_02_", "bone": "root" },
	{ "name": "jinlong_xx_046_01_", "bone": "root" },
	{ "name": "jinlong_xx_044_04_", "bone": "root" },
	{ "name": "jinlong_xx_044_03_", "bone": "root" },
	{ "name": "jinlong_xx_044_02_", "bone": "root" },
	{ "name": "jinlong_xx_044_01_", "bone": "root" },
	{ "name": "jinlong_xx_042_04_", "bone": "root" },
	{ "name": "jinlong_xx_042_03_", "bone": "root" },
	{ "name": "jinlong_xx_042_02_", "bone": "root" },
	{ "name": "jinlong_xx_042_01_", "bone": "root" },
	{ "name": "jinlong_xx_040_04_", "bone": "root" },
	{ "name": "jinlong_xx_040_03_", "bone": "root" },
	{ "name": "jinlong_xx_040_02_", "bone": "root" },
	{ "name": "jinlong_xx_040_01_", "bone": "root" },
	{ "name": "jinlong_xx_038_03_", "bone": "root" },
	{ "name": "jinlong_xx_038_02_", "bone": "root" },
	{ "name": "jinlong_xx_038_01_", "bone": "root" },
	{ "name": "jinlong_xx_036_05_", "bone": "root" },
	{ "name": "jinlong_xx_036_04_", "bone": "root" },
	{ "name": "jinlong_xx_036_03_", "bone": "root" },
	{ "name": "jinlong_xx_036_02_", "bone": "root" },
	{ "name": "jinlong_xx_036_01_", "bone": "root" },
	{ "name": "jinlong_xx_034_05_", "bone": "root" },
	{ "name": "jinlong_xx_034_04_", "bone": "root" },
	{ "name": "jinlong_xx_034_03_", "bone": "root" },
	{ "name": "jinlong_xx_034_02_", "bone": "root" },
	{ "name": "jinlong_xx_034_01_", "bone": "root" },
	{ "name": "jinlong_xx_032_04_", "bone": "root" },
	{ "name": "jinlong_xx_032_03_", "bone": "root" },
	{ "name": "jinlong_xx_032_02_", "bone": "root" },
	{ "name": "jinlong_xx_032_01_", "bone": "root" },
	{ "name": "jinlong_xx_030_04_", "bone": "root" },
	{ "name": "jinlong_xx_030_03_", "bone": "root" },
	{ "name": "jinlong_xx_030_02_", "bone": "root" },
	{ "name": "jinlong_xx_030_01_", "bone": "root" },
	{ "name": "jinlong_xx_028_05_", "bone": "root" },
	{ "name": "jinlong_xx_028_04_", "bone": "root" },
	{ "name": "jinlong_xx_028_03_", "bone": "root" },
	{ "name": "jinlong_xx_028_02_", "bone": "root" },
	{ "name": "jinlong_xx_028_01_", "bone": "root" },
	{ "name": "jinlong_xx_026_04_", "bone": "root" },
	{ "name": "jinlong_xx_026_03_", "bone": "root" },
	{ "name": "jinlong_xx_026_02_", "bone": "root" },
	{ "name": "jinlong_xx_026_01_", "bone": "root" },
	{ "name": "jinlong_xx_024_04_", "bone": "root" },
	{ "name": "jinlong_xx_024_03_", "bone": "root" },
	{ "name": "jinlong_xx_024_02_", "bone": "root" },
	{ "name": "jinlong_xx_024_01_", "bone": "root" },
	{ "name": "jinlong_xx_022_03_", "bone": "root" },
	{ "name": "jinlong_xx_022_02_", "bone": "root" },
	{ "name": "jinlong_xx_022_01_", "bone": "root" },
	{ "name": "jinlong_xx_020_04_", "bone": "root" },
	{ "name": "jinlong_xx_020_03_", "bone": "root" },
	{ "name": "jinlong_xx_020_02_", "bone": "root" },
	{ "name": "jinlong_xx_020_01_", "bone": "root" },
	{ "name": "jinlong_xx_018_05_", "bone": "root" },
	{ "name": "jinlong_xx_018_04_", "bone": "root" },
	{ "name": "jinlong_xx_018_03_", "bone": "root" },
	{ "name": "jinlong_xx_018_02_", "bone": "root" },
	{ "name": "jinlong_xx_018_01_", "bone": "root" },
	{ "name": "jinlong_xx_016_06_", "bone": "root" },
	{ "name": "jinlong_xx_016_05_", "bone": "root" },
	{ "name": "jinlong_xx_016_04_", "bone": "root" },
	{ "name": "jinlong_xx_016_03_", "bone": "root" },
	{ "name": "jinlong_xx_016_02_", "bone": "root" },
	{ "name": "jinlong_xx_016_01_", "bone": "root" },
	{ "name": "jinlong_xx_014_06_", "bone": "root" },
	{ "name": "jinlong_xx_014_05_", "bone": "root" },
	{ "name": "jinlong_xx_014_04_", "bone": "root" },
	{ "name": "jinlong_xx_014_03_", "bone": "root" },
	{ "name": "jinlong_xx_014_02_", "bone": "root" },
	{ "name": "jinlong_xx_014_01_", "bone": "root" },
	{ "name": "jinlong_xx_012_05_", "bone": "root" },
	{ "name": "jinlong_xx_012_04_", "bone": "root" },
	{ "name": "jinlong_xx_012_03_", "bone": "root" },
	{ "name": "jinlong_xx_012_02_", "bone": "root" },
	{ "name": "jinlong_xx_012_01_", "bone": "root" },
	{ "name": "jinlong_xx_010_05_", "bone": "root" },
	{ "name": "jinlong_xx_010_04_", "bone": "root" },
	{ "name": "jinlong_xx_010_03_", "bone": "root" },
	{ "name": "jinlong_xx_010_02_", "bone": "root" },
	{ "name": "jinlong_xx_010_01_", "bone": "root" },
	{ "name": "jinlong_xx_008_03_", "bone": "root" },
	{ "name": "jinlong_xx_008_02_", "bone": "root" },
	{ "name": "jinlong_xx_008_01_", "bone": "root" },
	{ "name": "jinlong_xx_006_06_", "bone": "root" },
	{ "name": "jinlong_xx_006_05_", "bone": "root" },
	{ "name": "jinlong_xx_006_04_", "bone": "root" },
	{ "name": "jinlong_xx_006_03_", "bone": "root" },
	{ "name": "jinlong_xx_006_02_", "bone": "root" },
	{ "name": "jinlong_xx_006_01_", "bone": "root" },
	{ "name": "jinlong_xx_004_05_", "bone": "root" },
	{ "name": "jinlong_xx_004_04_", "bone": "root" },
	{ "name": "jinlong_xx_004_03_", "bone": "root" },
	{ "name": "jinlong_xx_004_02_", "bone": "root" },
	{ "name": "jinlong_xx_004_01_", "bone": "root" },
	{ "name": "jinlong_xx_002_04_", "bone": "root" },
	{ "name": "jinlong_xx_002_03_", "bone": "root" },
	{ "name": "jinlong_xx_002_02_", "bone": "root" },
	{ "name": "jinlong_xx_002_01_", "bone": "root" },
	{ "name": "jinlong_xx_000_06_", "bone": "root" },
	{ "name": "jinlong_xx_000_05_", "bone": "root" },
	{ "name": "jinlong_xx_000_04_", "bone": "root" },
	{ "name": "jinlong_xx_000_03_", "bone": "root" },
	{ "name": "jinlong_xx_000_02_", "bone": "root" },
	{ "name": "jinlong_xx_000_01_", "bone": "root" }
],
"skins": {
	"default": {
		"jinlong_xx_000_01_": {
			"jinlong_xx_000_01_": { "x": 10.04, "y": 415.98, "width": 143, "height": 199 }
		},
		"jinlong_xx_000_02_": {
			"jinlong_xx_000_02_": { "x": -138.95, "y": 260.48, "width": 171, "height": 178 }
		},
		"jinlong_xx_000_03_": {
			"jinlong_xx_000_03_": { "x": 6.04, "y": 209.48, "width": 133, "height": 214 }
		},
		"jinlong_xx_000_04_": {
			"jinlong_xx_000_04_": { "x": -168.95, "y": 140.48, "width": 21, "height": 26 }
		},
		"jinlong_xx_000_05_": {
			"jinlong_xx_000_05_": { "x": 81.54, "y": 151.98, "width": 18, "height": 73 }
		},
		"jinlong_xx_000_06_": {
			"jinlong_xx_000_06_": { "x": -73.45, "y": 139.98, "width": 10, "height": 11 }
		},
		"jinlong_xx_002_01_": {
			"jinlong_xx_002_01_": { "x": -126.95, "y": 253.48, "width": 185, "height": 320 }
		},
		"jinlong_xx_002_02_": {
			"jinlong_xx_002_02_": { "x": 81.54, "y": 302.48, "width": 266, "height": 372 }
		},
		"jinlong_xx_002_03_": {
			"jinlong_xx_002_03_": { "x": -34.95, "y": 60.98, "width": 129, "height": 111 }
		},
		"jinlong_xx_002_04_": {
			"jinlong_xx_002_04_": { "x": -61.45, "y": -15.01, "width": 40, "height": 33 }
		},
		"jinlong_xx_004_01_": {
			"jinlong_xx_004_01_": { "x": 118.04, "y": 364.98, "width": 265, "height": 211 }
		},
		"jinlong_xx_004_02_": {
			"jinlong_xx_004_02_": { "x": -112.95, "y": 357.98, "width": 197, "height": 197 }
		},
		"jinlong_xx_004_03_": {
			"jinlong_xx_004_03_": { "x": -27.95, "y": 170.48, "width": 397, "height": 196 }
		},
		"jinlong_xx_004_04_": {
			"jinlong_xx_004_04_": { "x": -65.95, "y": 16.48, "width": 147, "height": 112 }
		},
		"jinlong_xx_004_05_": {
			"jinlong_xx_004_05_": { "x": 144.54, "y": 45.98, "width": 74, "height": 53 }
		},
		"jinlong_xx_006_01_": {
			"jinlong_xx_006_01_": { "x": -134.45, "y": 222.48, "width": 178, "height": 266 }
		},
		"jinlong_xx_006_02_": {
			"jinlong_xx_006_02_": { "x": 52.04, "y": 302.48, "width": 207, "height": 326 }
		},
		"jinlong_xx_006_03_": {
			"jinlong_xx_006_03_": { "x": -103.95, "y": 391.48, "width": 105, "height": 72 }
		},
		"jinlong_xx_006_04_": {
			"jinlong_xx_006_04_": { "x": -16.45, "y": 123.48, "width": 58, "height": 32 }
		},
		"jinlong_xx_006_05_": {
			"jinlong_xx_006_05_": { "x": 87.04, "y": 124.98, "width": 35, "height": 29 }
		},
		"jinlong_xx_006_06_": {
			"jinlong_xx_006_06_": { "x": 209.04, "y": 338.98, "width": 107, "height": 195 }
		},
		"jinlong_xx_008_01_": {
			"jinlong_xx_008_01_": { "x": -16.95, "y": 220.48, "width": 335, "height": 192 }
		},
		"jinlong_xx_008_02_": {
			"jinlong_xx_008_02_": { "x": -0.95, "y": 437.48, "width": 383, "height": 258 }
		},
		"jinlong_xx_008_03_": {
			"jinlong_xx_008_03_": { "x": -59.95, "y": 589.48, "width": 79, "height": 46 }
		},
		"jinlong_xx_010_01_": {
			"jinlong_xx_010_01_": { "x": -118.95, "y": 149.98, "width": 233, "height": 215 }
		},
		"jinlong_xx_010_02_": {
			"jinlong_xx_010_02_": { "x": 4.04, "y": 343.48, "width": 513, "height": 200 }
		},
		"jinlong_xx_010_03_": {
			"jinlong_xx_010_03_": { "x": 23.54, "y": 492.48, "width": 290, "height": 98 }
		},
		"jinlong_xx_010_04_": {
			"jinlong_xx_010_04_": { "x": 75.04, "y": 202.48, "width": 155, "height": 82 }
		},
		"jinlong_xx_010_05_": {
			"jinlong_xx_010_05_": { "x": -61.45, "y": 24.98, "width": 142, "height": 53 }
		},
		"jinlong_xx_012_01_": {
			"jinlong_xx_012_01_": { "x": -6.45, "y": 258.98, "width": 502, "height": 289 }
		},
		"jinlong_xx_012_02_": {
			"jinlong_xx_012_02_": { "x": -86.45, "y": 64.48, "width": 210, "height": 100 }
		},
		"jinlong_xx_012_03_": {
			"jinlong_xx_012_03_": { "x": 48.54, "y": 480.48, "width": 296, "height": 154 }
		},
		"jinlong_xx_012_04_": {
			"jinlong_xx_012_04_": { "x": -172.45, "y": 430.48, "width": 146, "height": 54 }
		},
		"jinlong_xx_012_05_": {
			"jinlong_xx_012_05_": { "x": 114.04, "y": 106.48, "width": 35, "height": 16 }
		},
		"jinlong_xx_014_01_": {
			"jinlong_xx_014_01_": { "x": 66.04, "y": 502.48, "width": 209, "height": 144 }
		},
		"jinlong_xx_014_02_": {
			"jinlong_xx_014_02_": { "x": -15.95, "y": 337.48, "width": 521, "height": 230 }
		},
		"jinlong_xx_014_03_": {
			"jinlong_xx_014_03_": { "x": -86.95, "y": 490.48, "width": 97, "height": 76 }
		},
		"jinlong_xx_014_04_": {
			"jinlong_xx_014_04_": { "x": -82.95, "y": 119.48, "width": 239, "height": 206 }
		},
		"jinlong_xx_014_05_": {
			"jinlong_xx_014_05_": { "x": 127.04, "y": 181.48, "width": 181, "height": 82 }
		},
		"jinlong_xx_014_06_": {
			"jinlong_xx_014_06_": { "x": 101.04, "y": 123.98, "width": 19, "height": 21 }
		},
		"jinlong_xx_016_01_": {
			"jinlong_xx_016_01_": { "x": 17.04, "y": 357.98, "width": 459, "height": 279 }
		},
		"jinlong_xx_016_02_": {
			"jinlong_xx_016_02_": { "x": 93.54, "y": 547.98, "width": 184, "height": 101 }
		},
		"jinlong_xx_016_03_": {
			"jinlong_xx_016_03_": { "x": -58.95, "y": 530.48, "width": 73, "height": 66 }
		},
		"jinlong_xx_016_04_": {
			"jinlong_xx_016_04_": { "x": -243.95, "y": 393.98, "width": 63, "height": 109 }
		},
		"jinlong_xx_016_05_": {
			"jinlong_xx_016_05_": { "x": -91.95, "y": 123.48, "width": 207, "height": 190 }
		},
		"jinlong_xx_016_06_": {
			"jinlong_xx_016_06_": { "x": 113.54, "y": 156.48, "width": 204, "height": 124 }
		},
		"jinlong_xx_018_01_": {
			"jinlong_xx_018_01_": { "x": -124.95, "y": 279.98, "width": 229, "height": 407 }
		},
		"jinlong_xx_018_02_": {
			"jinlong_xx_018_02_": { "x": -73.45, "y": 29.98, "width": 128, "height": 95 }
		},
		"jinlong_xx_018_03_": {
			"jinlong_xx_018_03_": { "x": 94.04, "y": 538.98, "width": 187, "height": 119 }
		},
		"jinlong_xx_018_04_": {
			"jinlong_xx_018_04_": { "x": 124.04, "y": 347.98, "width": 269, "height": 279 }
		},
		"jinlong_xx_018_05_": {
			"jinlong_xx_018_05_": { "x": 37.54, "y": 174.98, "width": 96, "height": 67 }
		},
		"jinlong_xx_020_01_": {
			"jinlong_xx_020_01_": { "x": -8.95, "y": 339.48, "width": 461, "height": 324 }
		},
		"jinlong_xx_020_02_": {
			"jinlong_xx_020_02_": { "x": -101.95, "y": 119.98, "width": 275, "height": 115 }
		},
		"jinlong_xx_020_03_": {
			"jinlong_xx_020_03_": { "x": 252.04, "y": 391.48, "width": 61, "height": 100 }
		},
		"jinlong_xx_020_04_": {
			"jinlong_xx_020_04_": { "x": 102.54, "y": 559.98, "width": 136, "height": 117 }
		},
		"jinlong_xx_022_01_": {
			"jinlong_xx_022_01_": { "x": 60.54, "y": 609.48, "width": 184, "height": 128 }
		},
		"jinlong_xx_022_02_": {
			"jinlong_xx_022_02_": { "x": 0.04, "y": 381.48, "width": 493, "height": 380 }
		},
		"jinlong_xx_022_03_": {
			"jinlong_xx_022_03_": { "x": -111.95, "y": 131.48, "width": 287, "height": 120 }
		},
		"jinlong_xx_024_01_": {
			"jinlong_xx_024_01_": { "x": 91.04, "y": 433.48, "width": 199, "height": 480 }
		},
		"jinlong_xx_024_02_": {
			"jinlong_xx_024_02_": { "x": -88.45, "y": 435.48, "width": 160, "height": 428 }
		},
		"jinlong_xx_024_03_": {
			"jinlong_xx_024_03_": { "x": -213.95, "y": 363.98, "width": 91, "height": 283 }
		},
		"jinlong_xx_024_04_": {
			"jinlong_xx_024_04_": { "x": -122.45, "y": 151.98, "width": 258, "height": 141 }
		},
		"jinlong_xx_026_01_": {
			"jinlong_xx_026_01_": { "x": 82.04, "y": 585.48, "width": 171, "height": 130 }
		},
		"jinlong_xx_026_02_": {
			"jinlong_xx_026_02_": { "x": 150.04, "y": 338.98, "width": 223, "height": 389 }
		},
		"jinlong_xx_026_03_": {
			"jinlong_xx_026_03_": { "x": -119.45, "y": 399.48, "width": 316, "height": 284 }
		},
		"jinlong_xx_026_04_": {
			"jinlong_xx_026_04_": { "x": -105.95, "y": 142.48, "width": 289, "height": 230 }
		},
		"jinlong_xx_028_01_": {
			"jinlong_xx_028_01_": { "x": 23.54, "y": 369.48, "width": 396, "height": 262 }
		},
		"jinlong_xx_028_02_": {
			"jinlong_xx_028_02_": { "x": 108.04, "y": 576.48, "width": 193, "height": 152 }
		},
		"jinlong_xx_028_03_": {
			"jinlong_xx_028_03_": { "x": 110.04, "y": 189.98, "width": 237, "height": 109 }
		},
		"jinlong_xx_028_04_": {
			"jinlong_xx_028_04_": { "x": -221.45, "y": 290.48, "width": 100, "height": 300 }
		},
		"jinlong_xx_028_05_": {
			"jinlong_xx_028_05_": { "x": -90.45, "y": 129.98, "width": 174, "height": 217 }
		},
		"jinlong_xx_030_01_": {
			"jinlong_xx_030_01_": { "x": -20.45, "y": 512.98, "width": 482, "height": 209 }
		},
		"jinlong_xx_030_02_": {
			"jinlong_xx_030_02_": { "x": 4.04, "y": 645.48, "width": 167, "height": 56 }
		},
		"jinlong_xx_030_03_": {
			"jinlong_xx_030_03_": { "x": -29.45, "y": 283.98, "width": 508, "height": 277 }
		},
		"jinlong_xx_030_04_": {
			"jinlong_xx_030_04_": { "x": -110.95, "y": 80.48, "width": 189, "height": 130 }
		},
		"jinlong_xx_032_01_": {
			"jinlong_xx_032_01_": { "x": 42.54, "y": 390.98, "width": 214, "height": 511 }
		},
		"jinlong_xx_032_02_": {
			"jinlong_xx_032_02_": { "x": 184.54, "y": 440.98, "width": 70, "height": 251 }
		},
		"jinlong_xx_032_03_": {
			"jinlong_xx_032_03_": { "x": -163.95, "y": 420.98, "width": 199, "height": 397 }
		},
		"jinlong_xx_032_04_": {
			"jinlong_xx_032_04_": { "x": -119.45, "y": 121.98, "width": 258, "height": 201 }
		},
		"jinlong_xx_034_01_": {
			"jinlong_xx_034_01_": { "x": -5.45, "y": 552.98, "width": 398, "height": 187 }
		},
		"jinlong_xx_034_02_": {
			"jinlong_xx_034_02_": { "x": -161.95, "y": 342.98, "width": 181, "height": 251 }
		},
		"jinlong_xx_034_03_": {
			"jinlong_xx_034_03_": { "x": 90.54, "y": 344.48, "width": 336, "height": 256 }
		},
		"jinlong_xx_034_04_": {
			"jinlong_xx_034_04_": { "x": -96.45, "y": 61.98, "width": 224, "height": 311 }
		},
		"jinlong_xx_034_05_": {
			"jinlong_xx_034_05_": { "x": 119.04, "y": 107.98, "width": 207, "height": 217 }
		},
		"jinlong_xx_036_01_": {
			"jinlong_xx_036_01_": { "x": -153.95, "y": 500.98, "width": 161, "height": 241 }
		},
		"jinlong_xx_036_02_": {
			"jinlong_xx_036_02_": { "x": 58.04, "y": 508.98, "width": 233, "height": 241 }
		},
		"jinlong_xx_036_03_": {
			"jinlong_xx_036_03_": { "x": -135.95, "y": 233.98, "width": 187, "height": 309 }
		},
		"jinlong_xx_036_04_": {
			"jinlong_xx_036_04_": { "x": 112.54, "y": 250.48, "width": 310, "height": 292 }
		},
		"jinlong_xx_036_05_": {
			"jinlong_xx_036_05_": { "x": -47.45, "y": 48.98, "width": 112, "height": 111 }
		},
		"jinlong_xx_038_01_": {
			"jinlong_xx_038_01_": { "x": -4.95, "y": 228.98, "width": 391, "height": 269 }
		},
		"jinlong_xx_038_02_": {
			"jinlong_xx_038_02_": { "x": 76.54, "y": 448.48, "width": 214, "height": 170 }
		},
		"jinlong_xx_038_03_": {
			"jinlong_xx_038_03_": { "x": 231.04, "y": 264.48, "width": 81, "height": 144 }
		},
		"jinlong_xx_040_01_": {
			"jinlong_xx_040_01_": { "x": 89.04, "y": 289.48, "width": 257, "height": 354 }
		},
		"jinlong_xx_040_02_": {
			"jinlong_xx_040_02_": { "x": -117.95, "y": 232.48, "width": 169, "height": 322 }
		},
		"jinlong_xx_040_03_": {
			"jinlong_xx_040_03_": { "x": -8.95, "y": 81.48, "width": 49, "height": 62 }
		},
		"jinlong_xx_040_04_": {
			"jinlong_xx_040_04_": { "x": 142.54, "y": 93.98, "width": 90, "height": 37 }
		},
		"jinlong_xx_042_01_": {
			"jinlong_xx_042_01_": { "x": 127.04, "y": 260.98, "width": 343, "height": 311 }
		},
		"jinlong_xx_042_02_": {
			"jinlong_xx_042_02_": { "x": -113.95, "y": 143.48, "width": 181, "height": 422 }
		},
		"jinlong_xx_042_03_": {
			"jinlong_xx_042_03_": { "x": -245.95, "y": 129.98, "width": 83, "height": 173 }
		},
		"jinlong_xx_042_04_": {
			"jinlong_xx_042_04_": { "x": -38.45, "y": -103.51, "width": 76, "height": 72 }
		},
		"jinlong_xx_044_01_": {
			"jinlong_xx_044_01_": { "x": 117.54, "y": 256.48, "width": 332, "height": 302 }
		},
		"jinlong_xx_044_02_": {
			"jinlong_xx_044_02_": { "x": 191.04, "y": 52.98, "width": 49, "height": 105 }
		},
		"jinlong_xx_044_03_": {
			"jinlong_xx_044_03_": { "x": -94.95, "y": 181.48, "width": 149, "height": 330 }
		},
		"jinlong_xx_044_04_": {
			"jinlong_xx_044_04_": { "x": -222.45, "y": 134.98, "width": 106, "height": 157 }
		},
		"jinlong_xx_046_01_": {
			"jinlong_xx_046_01_": { "x": 56.04, "y": 388.98, "width": 177, "height": 223 }
		},
		"jinlong_xx_046_02_": {
			"jinlong_xx_046_02_": { "x": -142.95, "y": 251.48, "width": 175, "height": 230 }
		},
		"jinlong_xx_046_03_": {
			"jinlong_xx_046_03_": { "x": 14.04, "y": 199.98, "width": 139, "height": 195 }
		}
	}
},
"animations": {
	"dj2": {
		"slots": {
			"jinlong_xx_000_01_": {
				"attachment": [
					{ "time": 0, "name": null },
					{ "time": 4.6666, "name": "jinlong_xx_000_01_" },
					{ "time": 4.7333, "name": "jinlong_xx_000_01_" },
					{ "time": 4.8333, "name": null }
				]
			},
			"jinlong_xx_000_02_": {
				"attachment": [
					{ "time": 0, "name": null },
					{ "time": 4.6666, "name": "jinlong_xx_000_02_" },
					{ "time": 4.7333, "name": "jinlong_xx_000_02_" },
					{ "time": 4.8333, "name": null }
				]
			},
			"jinlong_xx_000_03_": {
				"attachment": [
					{ "time": 0, "name": null },
					{ "time": 4.6666, "name": "jinlong_xx_000_03_" },
					{ "time": 4.7333, "name": "jinlong_xx_000_03_" },
					{ "time": 4.8333, "name": null }
				]
			},
			"jinlong_xx_000_04_": {
				"attachment": [
					{ "time": 0, "name": null },
					{ "time": 4.6666, "name": "jinlong_xx_000_04_" },
					{ "time": 4.7333, "name": "jinlong_xx_000_04_" },
					{ "time": 4.8333, "name": null }
				]
			},
			"jinlong_xx_000_05_": {
				"attachment": [
					{ "time": 0, "name": null },
					{ "time": 4.6666, "name": "jinlong_xx_000_05_" },
					{ "time": 4.7333, "name": "jinlong_xx_000_05_" },
					{ "time": 4.8333, "name": null }
				]
			},
			"jinlong_xx_000_06_": {
				"attachment": [
					{ "time": 0, "name": null },
					{ "time": 4.6666, "name": "jinlong_xx_000_06_" },
					{ "time": 4.7333, "name": "jinlong_xx_000_06_" },
					{ "time": 4.8333, "name": null }
				]
			},
			"jinlong_xx_002_01_": {
				"attachment": [
					{ "time": 0, "name": null },
					{ "time": 4.6666, "name": null },
					{ "time": 4.7333, "name": null },
					{ "time": 4.8333, "name": "jinlong_xx_002_01_" },
					{ "time": 4.9, "name": "jinlong_xx_002_01_" },
					{ "time": 5, "name": null }
				]
			},
			"jinlong_xx_002_02_": {
				"attachment": [
					{ "time": 0, "name": null },
					{ "time": 4.6666, "name": null },
					{ "time": 4.7333, "name": null },
					{ "time": 4.8333, "name": "jinlong_xx_002_02_" },
					{ "time": 4.9, "name": "jinlong_xx_002_02_" },
					{ "time": 5, "name": null }
				]
			},
			"jinlong_xx_002_03_": {
				"attachment": [
					{ "time": 0, "name": null },
					{ "time": 4.6666, "name": null },
					{ "time": 4.7333, "name": null },
					{ "time": 4.8333, "name": "jinlong_xx_002_03_" },
					{ "time": 4.9, "name": "jinlong_xx_002_03_" },
					{ "time": 5, "name": null }
				]
			},
			"jinlong_xx_002_04_": {
				"attachment": [
					{ "time": 0, "name": null },
					{ "time": 4.6666, "name": null },
					{ "time": 4.7333, "name": null },
					{ "time": 4.8333, "name": "jinlong_xx_002_04_" },
					{ "time": 4.9, "name": "jinlong_xx_002_04_" },
					{ "time": 5, "name": null }
				]
			},
			"jinlong_xx_004_01_": {
				"attachment": [
					{ "time": 0, "name": null },
					{ "time": 4.6666, "name": null },
					{ "time": 4.9, "name": null },
					{ "time": 5, "name": "jinlong_xx_004_01_" },
					{ "time": 5.0666, "name": "jinlong_xx_004_01_" },
					{ "time": 5.1666, "name": null }
				]
			},
			"jinlong_xx_004_02_": {
				"attachment": [
					{ "time": 0, "name": null },
					{ "time": 4.6666, "name": null },
					{ "time": 4.9, "name": null },
					{ "time": 5, "name": "jinlong_xx_004_02_" },
					{ "time": 5.0666, "name": "jinlong_xx_004_02_" },
					{ "time": 5.1666, "name": null }
				]
			},
			"jinlong_xx_004_03_": {
				"attachment": [
					{ "time": 0, "name": null },
					{ "time": 4.6666, "name": null },
					{ "time": 4.9, "name": null },
					{ "time": 5, "name": "jinlong_xx_004_03_" },
					{ "time": 5.0666, "name": "jinlong_xx_004_03_" },
					{ "time": 5.1666, "name": null }
				]
			},
			"jinlong_xx_004_04_": {
				"attachment": [
					{ "time": 0, "name": null },
					{ "time": 4.6666, "name": null },
					{ "time": 4.9, "name": null },
					{ "time": 5, "name": "jinlong_xx_004_04_" },
					{ "time": 5.0666, "name": "jinlong_xx_004_04_" },
					{ "time": 5.1666, "name": null }
				]
			},
			"jinlong_xx_004_05_": {
				"attachment": [
					{ "time": 0, "name": null },
					{ "time": 4.6666, "name": null },
					{ "time": 4.9, "name": null },
					{ "time": 5, "name": "jinlong_xx_004_05_" },
					{ "time": 5.0666, "name": "jinlong_xx_004_05_" },
					{ "time": 5.1666, "name": null }
				]
			},
			"jinlong_xx_006_01_": {
				"attachment": [
					{ "time": 0, "name": null },
					{ "time": 4.6666, "name": null },
					{ "time": 5.0666, "name": null },
					{ "time": 5.1666, "name": "jinlong_xx_006_01_" },
					{ "time": 5.2333, "name": "jinlong_xx_006_01_" },
					{ "time": 5.3333, "name": null }
				]
			},
			"jinlong_xx_006_02_": {
				"attachment": [
					{ "time": 0, "name": null },
					{ "time": 4.6666, "name": null },
					{ "time": 5.0666, "name": null },
					{ "time": 5.1666, "name": "jinlong_xx_006_02_" },
					{ "time": 5.2333, "name": "jinlong_xx_006_02_" },
					{ "time": 5.3333, "name": null }
				]
			},
			"jinlong_xx_006_03_": {
				"attachment": [
					{ "time": 0, "name": null },
					{ "time": 4.6666, "name": null },
					{ "time": 5.0666, "name": null },
					{ "time": 5.1666, "name": "jinlong_xx_006_03_" },
					{ "time": 5.2333, "name": "jinlong_xx_006_03_" },
					{ "time": 5.3333, "name": null }
				]
			},
			"jinlong_xx_006_04_": {
				"attachment": [
					{ "time": 0, "name": null },
					{ "time": 4.6666, "name": null },
					{ "time": 5.0666, "name": null },
					{ "time": 5.1666, "name": "jinlong_xx_006_04_" },
					{ "time": 5.2333, "name": "jinlong_xx_006_04_" },
					{ "time": 5.3333, "name": null }
				]
			},
			"jinlong_xx_006_05_": {
				"attachment": [
					{ "time": 0, "name": null },
					{ "time": 4.6666, "name": null },
					{ "time": 5.0666, "name": null },
					{ "time": 5.1666, "name": "jinlong_xx_006_05_" },
					{ "time": 5.2333, "name": "jinlong_xx_006_05_" },
					{ "time": 5.3333, "name": null }
				]
			},
			"jinlong_xx_006_06_": {
				"attachment": [
					{ "time": 0, "name": null },
					{ "time": 4.6666, "name": null },
					{ "time": 5.0666, "name": null },
					{ "time": 5.1666, "name": "jinlong_xx_006_06_" },
					{ "time": 5.2333, "name": "jinlong_xx_006_06_" },
					{ "time": 5.3333, "name": null }
				]
			},
			"jinlong_xx_008_01_": {
				"attachment": [
					{ "time": 0, "name": null },
					{ "time": 4.6666, "name": null },
					{ "time": 5.2333, "name": null },
					{ "time": 5.3333, "name": "jinlong_xx_008_01_" },
					{ "time": 5.4, "name": "jinlong_xx_008_01_" },
					{ "time": 5.5, "name": null }
				]
			},
			"jinlong_xx_008_02_": {
				"attachment": [
					{ "time": 0, "name": null },
					{ "time": 4.6666, "name": null },
					{ "time": 5.2333, "name": null },
					{ "time": 5.3333, "name": "jinlong_xx_008_02_" },
					{ "time": 5.4, "name": "jinlong_xx_008_02_" },
					{ "time": 5.5, "name": null }
				]
			},
			"jinlong_xx_008_03_": {
				"attachment": [
					{ "time": 0, "name": null },
					{ "time": 4.6666, "name": null },
					{ "time": 5.2333, "name": null },
					{ "time": 5.3333, "name": "jinlong_xx_008_03_" },
					{ "time": 5.4, "name": "jinlong_xx_008_03_" },
					{ "time": 5.5, "name": null }
				]
			},
			"jinlong_xx_010_01_": {
				"attachment": [
					{ "time": 0, "name": null },
					{ "time": 4.6666, "name": null },
					{ "time": 5.4, "name": null },
					{ "time": 5.5, "name": "jinlong_xx_010_01_" },
					{ "time": 5.5666, "name": "jinlong_xx_010_01_" },
					{ "time": 5.6666, "name": null }
				]
			},
			"jinlong_xx_010_02_": {
				"attachment": [
					{ "time": 0, "name": null },
					{ "time": 4.6666, "name": null },
					{ "time": 5.4, "name": null },
					{ "time": 5.5, "name": "jinlong_xx_010_02_" },
					{ "time": 5.5666, "name": "jinlong_xx_010_02_" },
					{ "time": 5.6666, "name": null }
				]
			},
			"jinlong_xx_010_03_": {
				"attachment": [
					{ "time": 0, "name": null },
					{ "time": 4.6666, "name": null },
					{ "time": 5.4, "name": null },
					{ "time": 5.5, "name": "jinlong_xx_010_03_" },
					{ "time": 5.5666, "name": "jinlong_xx_010_03_" },
					{ "time": 5.6666, "name": null }
				]
			},
			"jinlong_xx_010_04_": {
				"attachment": [
					{ "time": 0, "name": null },
					{ "time": 4.6666, "name": null },
					{ "time": 5.4, "name": null },
					{ "time": 5.5, "name": "jinlong_xx_010_04_" },
					{ "time": 5.5666, "name": "jinlong_xx_010_04_" },
					{ "time": 5.6666, "name": null }
				]
			},
			"jinlong_xx_010_05_": {
				"attachment": [
					{ "time": 0, "name": null },
					{ "time": 4.6666, "name": null },
					{ "time": 5.4, "name": null },
					{ "time": 5.5, "name": "jinlong_xx_010_05_" },
					{ "time": 5.5666, "name": "jinlong_xx_010_05_" },
					{ "time": 5.6666, "name": null }
				]
			},
			"jinlong_xx_012_01_": {
				"attachment": [
					{ "time": 0, "name": null },
					{ "time": 4.6666, "name": null },
					{ "time": 5.5666, "name": null },
					{ "time": 5.6666, "name": "jinlong_xx_012_01_" },
					{ "time": 5.7333, "name": "jinlong_xx_012_01_" },
					{ "time": 5.8333, "name": null }
				]
			},
			"jinlong_xx_012_02_": {
				"attachment": [
					{ "time": 0, "name": null },
					{ "time": 4.6666, "name": null },
					{ "time": 5.5666, "name": null },
					{ "time": 5.6666, "name": "jinlong_xx_012_02_" },
					{ "time": 5.7333, "name": "jinlong_xx_012_02_" },
					{ "time": 5.8333, "name": null }
				]
			},
			"jinlong_xx_012_03_": {
				"attachment": [
					{ "time": 0, "name": null },
					{ "time": 4.6666, "name": null },
					{ "time": 5.5666, "name": null },
					{ "time": 5.6666, "name": "jinlong_xx_012_03_" },
					{ "time": 5.7333, "name": "jinlong_xx_012_03_" },
					{ "time": 5.8333, "name": null }
				]
			},
			"jinlong_xx_012_04_": {
				"attachment": [
					{ "time": 0, "name": null },
					{ "time": 4.6666, "name": null },
					{ "time": 5.5666, "name": null },
					{ "time": 5.6666, "name": "jinlong_xx_012_04_" },
					{ "time": 5.7333, "name": "jinlong_xx_012_04_" },
					{ "time": 5.8333, "name": null }
				]
			},
			"jinlong_xx_012_05_": {
				"attachment": [
					{ "time": 0, "name": null },
					{ "time": 4.6666, "name": null },
					{ "time": 5.5666, "name": null },
					{ "time": 5.6666, "name": "jinlong_xx_012_05_" },
					{ "time": 5.7333, "name": "jinlong_xx_012_05_" },
					{ "time": 5.8333, "name": null }
				]
			},
			"jinlong_xx_014_01_": {
				"attachment": [
					{ "time": 0, "name": null },
					{ "time": 4.6666, "name": null },
					{ "time": 5.7333, "name": null },
					{ "time": 5.8333, "name": "jinlong_xx_014_01_" },
					{ "time": 5.9, "name": "jinlong_xx_014_01_" },
					{ "time": 6, "name": null }
				]
			},
			"jinlong_xx_014_02_": {
				"attachment": [
					{ "time": 0, "name": null },
					{ "time": 4.6666, "name": null },
					{ "time": 5.7333, "name": null },
					{ "time": 5.8333, "name": "jinlong_xx_014_02_" },
					{ "time": 5.9, "name": "jinlong_xx_014_02_" },
					{ "time": 6, "name": null }
				]
			},
			"jinlong_xx_014_03_": {
				"attachment": [
					{ "time": 0, "name": null },
					{ "time": 4.6666, "name": null },
					{ "time": 5.7333, "name": null },
					{ "time": 5.8333, "name": "jinlong_xx_014_03_" },
					{ "time": 5.9, "name": "jinlong_xx_014_03_" },
					{ "time": 6, "name": null }
				]
			},
			"jinlong_xx_014_04_": {
				"attachment": [
					{ "time": 0, "name": null },
					{ "time": 4.6666, "name": null },
					{ "time": 5.7333, "name": null },
					{ "time": 5.8333, "name": "jinlong_xx_014_04_" },
					{ "time": 5.9, "name": "jinlong_xx_014_04_" },
					{ "time": 6, "name": null }
				]
			},
			"jinlong_xx_014_05_": {
				"attachment": [
					{ "time": 0, "name": null },
					{ "time": 4.6666, "name": null },
					{ "time": 5.7333, "name": null },
					{ "time": 5.8333, "name": "jinlong_xx_014_05_" },
					{ "time": 5.9, "name": "jinlong_xx_014_05_" },
					{ "time": 6, "name": null }
				]
			},
			"jinlong_xx_014_06_": {
				"attachment": [
					{ "time": 0, "name": null },
					{ "time": 4.6666, "name": null },
					{ "time": 5.7333, "name": null },
					{ "time": 5.8333, "name": "jinlong_xx_014_06_" },
					{ "time": 5.9, "name": "jinlong_xx_014_06_" },
					{ "time": 6, "name": null }
				]
			},
			"jinlong_xx_016_01_": {
				"attachment": [
					{ "time": 0, "name": null },
					{ "time": 4.6666, "name": null },
					{ "time": 5.9, "name": null },
					{ "time": 6, "name": "jinlong_xx_016_01_" },
					{ "time": 6.0666, "name": "jinlong_xx_016_01_" },
					{ "time": 6.1666, "name": null }
				]
			},
			"jinlong_xx_016_02_": {
				"attachment": [
					{ "time": 0, "name": null },
					{ "time": 4.6666, "name": null },
					{ "time": 5.9, "name": null },
					{ "time": 6, "name": "jinlong_xx_016_02_" },
					{ "time": 6.0666, "name": "jinlong_xx_016_02_" },
					{ "time": 6.1666, "name": null }
				]
			},
			"jinlong_xx_016_03_": {
				"attachment": [
					{ "time": 0, "name": null },
					{ "time": 4.6666, "name": null },
					{ "time": 5.9, "name": null },
					{ "time": 6, "name": "jinlong_xx_016_03_" },
					{ "time": 6.0666, "name": "jinlong_xx_016_03_" },
					{ "time": 6.1666, "name": null }
				]
			},
			"jinlong_xx_016_04_": {
				"attachment": [
					{ "time": 0, "name": null },
					{ "time": 4.6666, "name": null },
					{ "time": 5.9, "name": null },
					{ "time": 6, "name": "jinlong_xx_016_04_" },
					{ "time": 6.0666, "name": "jinlong_xx_016_04_" },
					{ "time": 6.1666, "name": null }
				]
			},
			"jinlong_xx_016_05_": {
				"attachment": [
					{ "time": 0, "name": null },
					{ "time": 4.6666, "name": null },
					{ "time": 5.9, "name": null },
					{ "time": 6, "name": "jinlong_xx_016_05_" },
					{ "time": 6.0666, "name": "jinlong_xx_016_05_" },
					{ "time": 6.1666, "name": null }
				]
			},
			"jinlong_xx_016_06_": {
				"attachment": [
					{ "time": 0, "name": null },
					{ "time": 4.6666, "name": null },
					{ "time": 5.9, "name": null },
					{ "time": 6, "name": "jinlong_xx_016_06_" },
					{ "time": 6.0666, "name": "jinlong_xx_016_06_" },
					{ "time": 6.1666, "name": null }
				]
			},
			"jinlong_xx_018_01_": {
				"attachment": [
					{ "time": 0, "name": null },
					{ "time": 4.6666, "name": null },
					{ "time": 6.0666, "name": null },
					{ "time": 6.1666, "name": "jinlong_xx_018_01_" },
					{ "time": 6.2333, "name": "jinlong_xx_018_01_" },
					{ "time": 6.3333, "name": null }
				]
			},
			"jinlong_xx_018_02_": {
				"attachment": [
					{ "time": 0, "name": null },
					{ "time": 4.6666, "name": null },
					{ "time": 6.0666, "name": null },
					{ "time": 6.1666, "name": "jinlong_xx_018_02_" },
					{ "time": 6.2333, "name": "jinlong_xx_018_02_" },
					{ "time": 6.3333, "name": null }
				]
			},
			"jinlong_xx_018_03_": {
				"attachment": [
					{ "time": 0, "name": null },
					{ "time": 4.6666, "name": null },
					{ "time": 6.0666, "name": null },
					{ "time": 6.1666, "name": "jinlong_xx_018_03_" },
					{ "time": 6.2333, "name": "jinlong_xx_018_03_" },
					{ "time": 6.3333, "name": null }
				]
			},
			"jinlong_xx_018_04_": {
				"attachment": [
					{ "time": 0, "name": null },
					{ "time": 4.6666, "name": null },
					{ "time": 6.0666, "name": null },
					{ "time": 6.1666, "name": "jinlong_xx_018_04_" },
					{ "time": 6.2333, "name": "jinlong_xx_018_04_" },
					{ "time": 6.3333, "name": null }
				]
			},
			"jinlong_xx_018_05_": {
				"attachment": [
					{ "time": 0, "name": null },
					{ "time": 4.6666, "name": null },
					{ "time": 6.0666, "name": null },
					{ "time": 6.1666, "name": "jinlong_xx_018_05_" },
					{ "time": 6.2333, "name": "jinlong_xx_018_05_" },
					{ "time": 6.3333, "name": null }
				]
			},
			"jinlong_xx_020_01_": {
				"attachment": [
					{ "time": 0, "name": null },
					{ "time": 4.6666, "name": null },
					{ "time": 6.2333, "name": null },
					{ "time": 6.3333, "name": "jinlong_xx_020_01_" },
					{ "time": 6.4, "name": "jinlong_xx_020_01_" },
					{ "time": 6.5, "name": null }
				]
			},
			"jinlong_xx_020_02_": {
				"attachment": [
					{ "time": 0, "name": null },
					{ "time": 4.6666, "name": null },
					{ "time": 6.2333, "name": null },
					{ "time": 6.3333, "name": "jinlong_xx_020_02_" },
					{ "time": 6.4, "name": "jinlong_xx_020_02_" },
					{ "time": 6.5, "name": null }
				]
			},
			"jinlong_xx_020_03_": {
				"attachment": [
					{ "time": 0, "name": null },
					{ "time": 4.6666, "name": null },
					{ "time": 6.2333, "name": null },
					{ "time": 6.3333, "name": "jinlong_xx_020_03_" },
					{ "time": 6.4, "name": "jinlong_xx_020_03_" },
					{ "time": 6.5, "name": null }
				]
			},
			"jinlong_xx_020_04_": {
				"attachment": [
					{ "time": 0, "name": null },
					{ "time": 4.6666, "name": null },
					{ "time": 6.2333, "name": null },
					{ "time": 6.3333, "name": "jinlong_xx_020_04_" },
					{ "time": 6.4, "name": "jinlong_xx_020_04_" },
					{ "time": 6.5, "name": null }
				]
			},
			"jinlong_xx_022_01_": {
				"attachment": [
					{ "time": 0, "name": null },
					{ "time": 4.6666, "name": null },
					{ "time": 6.4, "name": null },
					{ "time": 6.5, "name": "jinlong_xx_022_01_" },
					{ "time": 6.5666, "name": "jinlong_xx_022_01_" },
					{ "time": 6.6666, "name": null }
				]
			},
			"jinlong_xx_022_02_": {
				"attachment": [
					{ "time": 0, "name": null },
					{ "time": 4.6666, "name": null },
					{ "time": 6.4, "name": null },
					{ "time": 6.5, "name": "jinlong_xx_022_02_" },
					{ "time": 6.5666, "name": "jinlong_xx_022_02_" },
					{ "time": 6.6666, "name": null }
				]
			},
			"jinlong_xx_022_03_": {
				"attachment": [
					{ "time": 0, "name": null },
					{ "time": 4.6666, "name": null },
					{ "time": 6.4, "name": null },
					{ "time": 6.5, "name": "jinlong_xx_022_03_" },
					{ "time": 6.5666, "name": "jinlong_xx_022_03_" },
					{ "time": 6.6666, "name": null }
				]
			},
			"jinlong_xx_024_01_": {
				"attachment": [
					{ "time": 0, "name": null },
					{ "time": 4.6666, "name": null },
					{ "time": 6.5666, "name": null },
					{ "time": 6.6666, "name": "jinlong_xx_024_01_" },
					{ "time": 6.7333, "name": "jinlong_xx_024_01_" },
					{ "time": 6.8333, "name": null }
				]
			},
			"jinlong_xx_024_02_": {
				"attachment": [
					{ "time": 0, "name": null },
					{ "time": 4.6666, "name": null },
					{ "time": 6.5666, "name": null },
					{ "time": 6.6666, "name": "jinlong_xx_024_02_" },
					{ "time": 6.7333, "name": "jinlong_xx_024_02_" },
					{ "time": 6.8333, "name": null }
				]
			},
			"jinlong_xx_024_03_": {
				"attachment": [
					{ "time": 0, "name": null },
					{ "time": 4.6666, "name": null },
					{ "time": 6.5666, "name": null },
					{ "time": 6.6666, "name": "jinlong_xx_024_03_" },
					{ "time": 6.7333, "name": "jinlong_xx_024_03_" },
					{ "time": 6.8333, "name": null }
				]
			},
			"jinlong_xx_024_04_": {
				"attachment": [
					{ "time": 0, "name": null },
					{ "time": 4.6666, "name": null },
					{ "time": 6.5666, "name": null },
					{ "time": 6.6666, "name": "jinlong_xx_024_04_" },
					{ "time": 6.7333, "name": "jinlong_xx_024_04_" },
					{ "time": 6.8333, "name": null }
				]
			},
			"jinlong_xx_026_01_": {
				"attachment": [
					{ "time": 0, "name": null },
					{ "time": 4.6666, "name": null },
					{ "time": 6.7333, "name": null },
					{ "time": 6.8333, "name": "jinlong_xx_026_01_" },
					{ "time": 6.9, "name": "jinlong_xx_026_01_" },
					{ "time": 7, "name": null }
				]
			},
			"jinlong_xx_026_02_": {
				"attachment": [
					{ "time": 0, "name": null },
					{ "time": 4.6666, "name": null },
					{ "time": 6.7333, "name": null },
					{ "time": 6.8333, "name": "jinlong_xx_026_02_" },
					{ "time": 6.9, "name": "jinlong_xx_026_02_" },
					{ "time": 7, "name": null }
				]
			},
			"jinlong_xx_026_03_": {
				"attachment": [
					{ "time": 0, "name": null },
					{ "time": 4.6666, "name": null },
					{ "time": 6.7333, "name": null },
					{ "time": 6.8333, "name": "jinlong_xx_026_03_" },
					{ "time": 6.9, "name": "jinlong_xx_026_03_" },
					{ "time": 7, "name": null }
				]
			},
			"jinlong_xx_026_04_": {
				"attachment": [
					{ "time": 0, "name": null },
					{ "time": 4.6666, "name": null },
					{ "time": 6.7333, "name": null },
					{ "time": 6.8333, "name": "jinlong_xx_026_04_" },
					{ "time": 6.9, "name": "jinlong_xx_026_04_" },
					{ "time": 7, "name": null }
				]
			},
			"jinlong_xx_028_01_": {
				"attachment": [
					{ "time": 0, "name": null },
					{ "time": 4.6666, "name": null },
					{ "time": 6.9, "name": null },
					{ "time": 7, "name": "jinlong_xx_028_01_" },
					{ "time": 7.0666, "name": "jinlong_xx_028_01_" },
					{ "time": 7.1666, "name": null }
				]
			},
			"jinlong_xx_028_02_": {
				"attachment": [
					{ "time": 0, "name": null },
					{ "time": 4.6666, "name": null },
					{ "time": 6.9, "name": null },
					{ "time": 7, "name": "jinlong_xx_028_02_" },
					{ "time": 7.0666, "name": "jinlong_xx_028_02_" },
					{ "time": 7.1666, "name": null }
				]
			},
			"jinlong_xx_028_03_": {
				"attachment": [
					{ "time": 0, "name": null },
					{ "time": 4.6666, "name": null },
					{ "time": 6.9, "name": null },
					{ "time": 7, "name": "jinlong_xx_028_03_" },
					{ "time": 7.0666, "name": "jinlong_xx_028_03_" },
					{ "time": 7.1666, "name": null }
				]
			},
			"jinlong_xx_028_04_": {
				"attachment": [
					{ "time": 0, "name": null },
					{ "time": 4.6666, "name": null },
					{ "time": 6.9, "name": null },
					{ "time": 7, "name": "jinlong_xx_028_04_" },
					{ "time": 7.0666, "name": "jinlong_xx_028_04_" },
					{ "time": 7.1666, "name": null }
				]
			},
			"jinlong_xx_028_05_": {
				"attachment": [
					{ "time": 0, "name": null },
					{ "time": 4.6666, "name": null },
					{ "time": 6.9, "name": null },
					{ "time": 7, "name": "jinlong_xx_028_05_" },
					{ "time": 7.0666, "name": "jinlong_xx_028_05_" },
					{ "time": 7.1666, "name": null }
				]
			},
			"jinlong_xx_030_01_": {
				"attachment": [
					{ "time": 0, "name": null },
					{ "time": 4.6666, "name": null },
					{ "time": 7.0666, "name": null },
					{ "time": 7.1666, "name": "jinlong_xx_030_01_" },
					{ "time": 7.2333, "name": "jinlong_xx_030_01_" },
					{ "time": 7.3333, "name": null }
				]
			},
			"jinlong_xx_030_02_": {
				"attachment": [
					{ "time": 0, "name": null },
					{ "time": 4.6666, "name": null },
					{ "time": 7.0666, "name": null },
					{ "time": 7.1666, "name": "jinlong_xx_030_02_" },
					{ "time": 7.2333, "name": "jinlong_xx_030_02_" },
					{ "time": 7.3333, "name": null }
				]
			},
			"jinlong_xx_030_03_": {
				"attachment": [
					{ "time": 0, "name": null },
					{ "time": 4.6666, "name": null },
					{ "time": 7.0666, "name": null },
					{ "time": 7.1666, "name": "jinlong_xx_030_03_" },
					{ "time": 7.2333, "name": "jinlong_xx_030_03_" },
					{ "time": 7.3333, "name": null }
				]
			},
			"jinlong_xx_030_04_": {
				"attachment": [
					{ "time": 0, "name": null },
					{ "time": 4.6666, "name": null },
					{ "time": 7.0666, "name": null },
					{ "time": 7.1666, "name": "jinlong_xx_030_04_" },
					{ "time": 7.2333, "name": "jinlong_xx_030_04_" },
					{ "time": 7.3333, "name": null }
				]
			},
			"jinlong_xx_032_01_": {
				"attachment": [
					{ "time": 0, "name": null },
					{ "time": 4.6666, "name": null },
					{ "time": 7.2333, "name": null },
					{ "time": 7.3333, "name": "jinlong_xx_032_01_" },
					{ "time": 7.4, "name": "jinlong_xx_032_01_" },
					{ "time": 7.5, "name": null }
				]
			},
			"jinlong_xx_032_02_": {
				"attachment": [
					{ "time": 0, "name": null },
					{ "time": 4.6666, "name": null },
					{ "time": 7.2333, "name": null },
					{ "time": 7.3333, "name": "jinlong_xx_032_02_" },
					{ "time": 7.4, "name": "jinlong_xx_032_02_" },
					{ "time": 7.5, "name": null }
				]
			},
			"jinlong_xx_032_03_": {
				"attachment": [
					{ "time": 0, "name": null },
					{ "time": 4.6666, "name": null },
					{ "time": 7.2333, "name": null },
					{ "time": 7.3333, "name": "jinlong_xx_032_03_" },
					{ "time": 7.4, "name": "jinlong_xx_032_03_" },
					{ "time": 7.5, "name": null }
				]
			},
			"jinlong_xx_032_04_": {
				"attachment": [
					{ "time": 0, "name": null },
					{ "time": 4.6666, "name": null },
					{ "time": 7.2333, "name": null },
					{ "time": 7.3333, "name": "jinlong_xx_032_04_" },
					{ "time": 7.4, "name": "jinlong_xx_032_04_" },
					{ "time": 7.5, "name": null }
				]
			},
			"jinlong_xx_034_01_": {
				"attachment": [
					{ "time": 0, "name": null },
					{ "time": 4.6666, "name": null },
					{ "time": 7.4, "name": null },
					{ "time": 7.5, "name": "jinlong_xx_034_01_" },
					{ "time": 7.5666, "name": "jinlong_xx_034_01_" },
					{ "time": 7.6666, "name": null }
				]
			},
			"jinlong_xx_034_02_": {
				"attachment": [
					{ "time": 0, "name": null },
					{ "time": 4.6666, "name": null },
					{ "time": 7.4, "name": null },
					{ "time": 7.5, "name": "jinlong_xx_034_02_" },
					{ "time": 7.5666, "name": "jinlong_xx_034_02_" },
					{ "time": 7.6666, "name": null }
				]
			},
			"jinlong_xx_034_03_": {
				"attachment": [
					{ "time": 0, "name": null },
					{ "time": 4.6666, "name": null },
					{ "time": 7.4, "name": null },
					{ "time": 7.5, "name": "jinlong_xx_034_03_" },
					{ "time": 7.5666, "name": "jinlong_xx_034_03_" },
					{ "time": 7.6666, "name": null }
				]
			},
			"jinlong_xx_034_04_": {
				"attachment": [
					{ "time": 0, "name": null },
					{ "time": 4.6666, "name": null },
					{ "time": 7.4, "name": null },
					{ "time": 7.5, "name": "jinlong_xx_034_04_" },
					{ "time": 7.5666, "name": "jinlong_xx_034_04_" },
					{ "time": 7.6666, "name": null }
				]
			},
			"jinlong_xx_034_05_": {
				"attachment": [
					{ "time": 0, "name": null },
					{ "time": 4.6666, "name": null },
					{ "time": 7.4, "name": null },
					{ "time": 7.5, "name": "jinlong_xx_034_05_" },
					{ "time": 7.5666, "name": "jinlong_xx_034_05_" },
					{ "time": 7.6666, "name": null }
				]
			},
			"jinlong_xx_036_01_": {
				"attachment": [
					{ "time": 0, "name": null },
					{ "time": 4.6666, "name": null },
					{ "time": 7.5666, "name": null },
					{ "time": 7.6666, "name": "jinlong_xx_036_01_" },
					{ "time": 7.7333, "name": "jinlong_xx_036_01_" },
					{ "time": 7.8333, "name": null }
				]
			},
			"jinlong_xx_036_02_": {
				"attachment": [
					{ "time": 0, "name": null },
					{ "time": 4.6666, "name": null },
					{ "time": 7.5666, "name": null },
					{ "time": 7.6666, "name": "jinlong_xx_036_02_" },
					{ "time": 7.7333, "name": "jinlong_xx_036_02_" },
					{ "time": 7.8333, "name": null }
				]
			},
			"jinlong_xx_036_03_": {
				"attachment": [
					{ "time": 0, "name": null },
					{ "time": 4.6666, "name": null },
					{ "time": 7.5666, "name": null },
					{ "time": 7.6666, "name": "jinlong_xx_036_03_" },
					{ "time": 7.7333, "name": "jinlong_xx_036_03_" },
					{ "time": 7.8333, "name": null }
				]
			},
			"jinlong_xx_036_04_": {
				"attachment": [
					{ "time": 0, "name": null },
					{ "time": 4.6666, "name": null },
					{ "time": 7.5666, "name": null },
					{ "time": 7.6666, "name": "jinlong_xx_036_04_" },
					{ "time": 7.7333, "name": "jinlong_xx_036_04_" },
					{ "time": 7.8333, "name": null }
				]
			},
			"jinlong_xx_036_05_": {
				"attachment": [
					{ "time": 0, "name": null },
					{ "time": 4.6666, "name": null },
					{ "time": 7.5666, "name": null },
					{ "time": 7.6666, "name": "jinlong_xx_036_05_" },
					{ "time": 7.7333, "name": "jinlong_xx_036_05_" },
					{ "time": 7.8333, "name": null }
				]
			},
			"jinlong_xx_038_01_": {
				"attachment": [
					{ "time": 0, "name": null },
					{ "time": 4.6666, "name": null },
					{ "time": 7.7333, "name": null },
					{ "time": 7.8333, "name": "jinlong_xx_038_01_" },
					{ "time": 7.9, "name": "jinlong_xx_038_01_" },
					{ "time": 8, "name": null }
				]
			},
			"jinlong_xx_038_02_": {
				"attachment": [
					{ "time": 0, "name": null },
					{ "time": 4.6666, "name": null },
					{ "time": 7.7333, "name": null },
					{ "time": 7.8333, "name": "jinlong_xx_038_02_" },
					{ "time": 7.9, "name": "jinlong_xx_038_02_" },
					{ "time": 8, "name": null }
				]
			},
			"jinlong_xx_038_03_": {
				"attachment": [
					{ "time": 0, "name": null },
					{ "time": 4.6666, "name": null },
					{ "time": 7.7333, "name": null },
					{ "time": 7.8333, "name": "jinlong_xx_038_03_" },
					{ "time": 7.9, "name": "jinlong_xx_038_03_" },
					{ "time": 8, "name": null }
				]
			},
			"jinlong_xx_040_01_": {
				"attachment": [
					{ "time": 0, "name": null },
					{ "time": 4.6666, "name": null },
					{ "time": 7.9, "name": null },
					{ "time": 8, "name": "jinlong_xx_040_01_" },
					{ "time": 8.0666, "name": "jinlong_xx_040_01_" },
					{ "time": 8.1666, "name": null }
				]
			},
			"jinlong_xx_040_02_": {
				"attachment": [
					{ "time": 0, "name": null },
					{ "time": 4.6666, "name": null },
					{ "time": 7.9, "name": null },
					{ "time": 8, "name": "jinlong_xx_040_02_" },
					{ "time": 8.0666, "name": "jinlong_xx_040_02_" },
					{ "time": 8.1666, "name": null }
				]
			},
			"jinlong_xx_040_03_": {
				"attachment": [
					{ "time": 0, "name": null },
					{ "time": 4.6666, "name": null },
					{ "time": 7.9, "name": null },
					{ "time": 8, "name": "jinlong_xx_040_03_" },
					{ "time": 8.0666, "name": "jinlong_xx_040_03_" },
					{ "time": 8.1666, "name": null }
				]
			},
			"jinlong_xx_040_04_": {
				"attachment": [
					{ "time": 0, "name": null },
					{ "time": 4.6666, "name": null },
					{ "time": 7.9, "name": null },
					{ "time": 8, "name": "jinlong_xx_040_04_" },
					{ "time": 8.0666, "name": "jinlong_xx_040_04_" },
					{ "time": 8.1666, "name": null }
				]
			},
			"jinlong_xx_042_01_": {
				"attachment": [
					{ "time": 0, "name": null },
					{ "time": 4.6666, "name": null },
					{ "time": 8.0666, "name": null },
					{ "time": 8.1666, "name": "jinlong_xx_042_01_" },
					{ "time": 8.2333, "name": "jinlong_xx_042_01_" },
					{ "time": 8.3333, "name": null }
				]
			},
			"jinlong_xx_042_02_": {
				"attachment": [
					{ "time": 0, "name": null },
					{ "time": 4.6666, "name": null },
					{ "time": 8.0666, "name": null },
					{ "time": 8.1666, "name": "jinlong_xx_042_02_" },
					{ "time": 8.2333, "name": "jinlong_xx_042_02_" },
					{ "time": 8.3333, "name": null }
				]
			},
			"jinlong_xx_042_03_": {
				"attachment": [
					{ "time": 0, "name": null },
					{ "time": 4.6666, "name": null },
					{ "time": 8.0666, "name": null },
					{ "time": 8.1666, "name": "jinlong_xx_042_03_" },
					{ "time": 8.2333, "name": "jinlong_xx_042_03_" },
					{ "time": 8.3333, "name": null }
				]
			},
			"jinlong_xx_042_04_": {
				"attachment": [
					{ "time": 0, "name": null },
					{ "time": 4.6666, "name": null },
					{ "time": 8.0666, "name": null },
					{ "time": 8.1666, "name": "jinlong_xx_042_04_" },
					{ "time": 8.2333, "name": "jinlong_xx_042_04_" },
					{ "time": 8.3333, "name": null }
				]
			},
			"jinlong_xx_044_01_": {
				"attachment": [
					{ "time": 0, "name": null },
					{ "time": 4.6666, "name": null },
					{ "time": 8.2333, "name": null },
					{ "time": 8.3333, "name": "jinlong_xx_044_01_" },
					{ "time": 8.4, "name": "jinlong_xx_044_01_" },
					{ "time": 8.5, "name": null }
				]
			},
			"jinlong_xx_044_02_": {
				"attachment": [
					{ "time": 0, "name": null },
					{ "time": 4.6666, "name": null },
					{ "time": 8.2333, "name": null },
					{ "time": 8.3333, "name": "jinlong_xx_044_02_" },
					{ "time": 8.4, "name": "jinlong_xx_044_02_" },
					{ "time": 8.5, "name": null }
				]
			},
			"jinlong_xx_044_03_": {
				"attachment": [
					{ "time": 0, "name": null },
					{ "time": 4.6666, "name": null },
					{ "time": 8.2333, "name": null },
					{ "time": 8.3333, "name": "jinlong_xx_044_03_" },
					{ "time": 8.4, "name": "jinlong_xx_044_03_" },
					{ "time": 8.5, "name": null }
				]
			},
			"jinlong_xx_044_04_": {
				"attachment": [
					{ "time": 0, "name": null },
					{ "time": 4.6666, "name": null },
					{ "time": 8.2333, "name": null },
					{ "time": 8.3333, "name": "jinlong_xx_044_04_" },
					{ "time": 8.4, "name": "jinlong_xx_044_04_" },
					{ "time": 8.5, "name": null }
				]
			},
			"jinlong_xx_046_01_": {
				"attachment": [
					{ "time": 0, "name": null },
					{ "time": 4.6666, "name": null },
					{ "time": 8.4, "name": null },
					{ "time": 8.5, "name": "jinlong_xx_046_01_" },
					{ "time": 8.5666, "name": "jinlong_xx_046_01_" },
					{ "time": 8.6666, "name": null }
				]
			},
			"jinlong_xx_046_02_": {
				"attachment": [
					{ "time": 0, "name": null },
					{ "time": 4.6666, "name": null },
					{ "time": 8.4, "name": null },
					{ "time": 8.5, "name": "jinlong_xx_046_02_" },
					{ "time": 8.5666, "name": "jinlong_xx_046_02_" },
					{ "time": 8.6666, "name": null }
				]
			},
			"jinlong_xx_046_03_": {
				"attachment": [
					{ "time": 0, "name": null },
					{ "time": 4.6666, "name": null },
					{ "time": 8.4, "name": null },
					{ "time": 8.5, "name": "jinlong_xx_046_03_" },
					{ "time": 8.5666, "name": "jinlong_xx_046_03_" },
					{ "time": 8.6666, "name": null }
				]
			}
		}
	}
}
}