{"bones":[{"name":"root"}],"slots":[
{"name":"xiaoguo06_03_","bone":"root","attachment":"xiaoguo06_03_"},
{"name":"xiaoguo06_02_","bone":"root","attachment":"xiaoguo06_02_"},
{"name":"xiaoguo06_01_","bone":"root","attachment":"xiaoguo06_01_"},
{"name":"xiaoguo05_02_","bone":"root","attachment":"xiaoguo05_02_"},
{"name":"xiaoguo05_01_","bone":"root","attachment":"xiaoguo05_01_"},
{"name":"doupeng02_","bone":"root","attachment":"doupeng02_"},
{"name":"doupeng03_","bone":"root","attachment":"doupeng03_"},
{"name":"doupeng01_","bone":"root","attachment":"doupeng01_"},
{"name":"Toufa05_","bone":"root","attachment":"Toufa05_"},
{"name":"Toufa04_","bone":"root","attachment":"Toufa04_"},
{"name":"wuqi_","bone":"root","attachment":"wuqi_"},
{"name":"R_hand_","bone":"root","attachment":"R_hand_"},
{"name":"R_xiaobi_","bone":"root","attachment":"R_xiaobi_"},
{"name":"Peishi04_","bone":"root","attachment":"Peishi04_"},
{"name":"Peishi03_","bone":"root","attachment":"Peishi03_"},
{"name":"R_yifu_","bone":"root","attachment":"R_yifu_"},
{"name":"L_yifu02_","bone":"root","attachment":"L_yifu02_"},
{"name":"Body_","bone":"root","attachment":"Body_"},
{"name":"L_yifu01_","bone":"root","attachment":"L_yifu01_"},
{"name":"L_dabi_","bone":"root","attachment":"L_dabi_"},
{"name":"L_xiaobi_","bone":"root","attachment":"L_xiaobi_"},
{"name":"Toufa03_","bone":"root","attachment":"Toufa03_"},
{"name":"Peishi02_","bone":"root","attachment":"Peishi02_"},
{"name":"Toufa02_","bone":"root","attachment":"Toufa02_"},
{"name":"Peishi01_","bone":"root","attachment":"Peishi01_"},
{"name":"Toufa01_","bone":"root","attachment":"Toufa01_"},
{"name":"Toushi_","bone":"root","attachment":"Toushi_"},
{"name":"xiaoguo04_02_","bone":"root","attachment":"xiaoguo04_02_"},
{"name":"xiaoguo04_01_","bone":"root","attachment":"xiaoguo04_01_"},
{"name":"xiaoguo01_01_","bone":"root","attachment":"xiaoguo01_01_"},
{"name":"xiaoguo03_01_","bone":"root","attachment":"xiaoguo03_01_"},
{"name":"xiaoguo02_01_","bone":"root","attachment":"xiaoguo02_01_"},
{"name":"xiaoguo02_02_","bone":"root","attachment":"xiaoguo02_02_"},
],"skins":{"default":{
"xiaoguo06_03_":{"xiaoguo06_03_":{"x":291,"y":893.5,"width":160,"height":241}},
"xiaoguo06_02_":{"xiaoguo06_02_":{"x":254,"y":763,"width":278,"height":246}},
"xiaoguo06_01_":{"xiaoguo06_01_":{"x":336.5,"y":804,"width":281,"height":232}},
"xiaoguo05_02_":{"xiaoguo05_02_":{"x":162,"y":695.5,"width":324,"height":279}},
"xiaoguo05_01_":{"xiaoguo05_01_":{"x":166.5,"y":647,"width":333,"height":200}},
"doupeng02_":{"doupeng02_":{"x":312,"y":295,"width":624,"height":590}},
"doupeng03_":{"doupeng03_":{"x":622.5,"y":349.5,"width":323,"height":607}},
"doupeng01_":{"doupeng01_":{"x":216.5,"y":428,"width":433,"height":532}},
"Toufa05_":{"Toufa05_":{"x":265,"y":635,"width":324,"height":116}},
"Toufa04_":{"Toufa04_":{"x":292.5,"y":723.5,"width":305,"height":139}},
"wuqi_":{"wuqi_":{"x":208,"y":274,"width":96,"height":548}},
"R_hand_":{"R_hand_":{"x":193.5,"y":471,"width":73,"height":84}},
"R_xiaobi_":{"R_xiaobi_":{"x":248,"y":500,"width":194,"height":116}},
"Peishi04_":{"Peishi04_":{"x":307,"y":363,"width":196,"height":290}},
"Peishi03_":{"Peishi03_":{"x":241,"y":235,"width":54,"height":148}},
"R_yifu_":{"R_yifu_":{"x":326.5,"y":575.5,"width":119,"height":133}},
"L_yifu02_":{"L_yifu02_":{"x":560.5,"y":518,"width":89,"height":82}},
"Body_":{"Body_":{"x":501.5,"y":464.5,"width":761,"height":929}},
"L_yifu01_":{"L_yifu01_":{"x":553.5,"y":594,"width":143,"height":234}},
"L_dabi_":{"L_dabi_":{"x":646.5,"y":651.5,"width":149,"height":193}},
"L_xiaobi_":{"L_xiaobi_":{"x":730,"y":569,"width":266,"height":174}},
"Toufa03_":{"Toufa03_":{"x":463.5,"y":847.5,"width":57,"height":89}},
"Peishi02_":{"Peishi02_":{"x":290,"y":324.5,"width":84,"height":217}},
"Toufa02_":{"Toufa02_":{"x":444,"y":713,"width":156,"height":166}},
"Peishi01_":{"Peishi01_":{"x":481,"y":753.5,"width":104,"height":21}},
"Toufa01_":{"Toufa01_":{"x":545.5,"y":774,"width":153,"height":82}},
"Toushi_":{"Toushi_":{"x":470,"y":946,"width":172,"height":168}},
"xiaoguo04_02_":{"xiaoguo04_02_":{"x":296.5,"y":520.5,"width":593,"height":1041}},
"xiaoguo04_01_":{"xiaoguo04_01_":{"x":452.5,"y":406.5,"width":905,"height":493}},
"xiaoguo01_01_":{"xiaoguo01_01_":{"x":735,"y":691,"width":340,"height":410}},
"xiaoguo03_01_":{"xiaoguo03_01_":{"x":615,"y":240.5,"width":580,"height":481}},
"xiaoguo02_01_":{"xiaoguo02_01_":{"x":452.5,"y":565.5,"width":905,"height":571}},
"xiaoguo02_02_":{"xiaoguo02_02_":{"x":772.5,"y":352.5,"width":265,"height":311}},
}}, "animations": { "animation": {} }}