{"skeleton":{"hash":"Dk/e9WIvu63q3wwMJ4T18Mk0JUg","spine":"3.7.94","width":0,"height":0,"images":"../../高级攻击_Spine/elqs_H_attack_A/images/","audio":"H:/COK项目/Spine工程/黄金宝箱—恶狼骑士/恶狼骑士_高级/高级攻击_Spine/elqs_H_attack_A"},"bones":[{"name":"root"},{"name":"ctr","parent":"root","scaleX":1.25,"scaleY":1.25},{"name":"elqsHattack_UL_","parent":"ctr"},{"name":"elqsHattack_UR_","parent":"ctr"},{"name":"elqsHattack_DL_","parent":"ctr"},{"name":"elqsHattack_DR_","parent":"ctr"}],"slots":[{"name":"elqsHattack_UL_","bone":"elqsHattack_UL_"},{"name":"elqsHattack_UR_","bone":"elqsHattack_UR_"},{"name":"elqsHattack_DL_","bone":"elqsHattack_DL_"},{"name":"elqsHattack_DR_","bone":"elqsHattack_DR_"}],"skins":{"default":{"elqsHattack_DL_":{"elqsHattack_DL_0000_":{"x":-211.5,"y":-306.5,"width":423,"height":613},"elqsHattack_DL_0003_":{"x":-211.5,"y":-306.5,"width":423,"height":613},"elqsHattack_DL_0006_":{"x":-211.5,"y":-306.5,"width":423,"height":613},"elqsHattack_DL_0009_":{"x":-211.5,"y":-306.5,"width":423,"height":613},"elqsHattack_DL_0012_":{"x":-211.5,"y":-306.5,"width":423,"height":613},"elqsHattack_DL_0015_":{"x":-211.5,"y":-306.5,"width":423,"height":613},"elqsHattack_DL_0018_":{"x":-211.5,"y":-306.5,"width":423,"height":613},"elqsHattack_DL_0021_":{"x":-211.5,"y":-306.5,"width":423,"height":613},"elqsHattack_DL_0024_":{"x":-211.5,"y":-306.5,"width":423,"height":613},"elqsHattack_DL_0027_":{"x":-211.5,"y":-306.5,"width":423,"height":613},"elqsHattack_DL_0030_":{"x":-211.5,"y":-306.5,"width":423,"height":613},"elqsHattack_DL_0033_":{"x":-211.5,"y":-306.5,"width":423,"height":613},"elqsHattack_DL_0036_":{"x":-211.5,"y":-306.5,"width":423,"height":613},"elqsHattack_DL_0039_":{"x":-211.5,"y":-306.5,"width":423,"height":613},"elqsHattack_DL_0042_":{"x":-211.5,"y":-306.5,"width":423,"height":613},"elqsHattack_DL_0045_":{"x":-211.5,"y":-306.5,"width":423,"height":613},"elqsHattack_DL_0048_":{"x":-211.5,"y":-306.5,"width":423,"height":613},"elqsHattack_DL_0051_":{"x":-211.5,"y":-306.5,"width":423,"height":613},"elqsHattack_DL_0054_":{"x":-211.5,"y":-306.5,"width":423,"height":613},"elqsHattack_DL_0055_":{"x":-211.5,"y":-306.5,"width":423,"height":613}},"elqsHattack_DR_":{"elqsHattack_DR_0000_":{"x":308.5,"y":-306.5,"width":617,"height":613},"elqsHattack_DR_0003_":{"x":308.5,"y":-306.5,"width":617,"height":613},"elqsHattack_DR_0006_":{"x":308.5,"y":-306.5,"width":617,"height":613},"elqsHattack_DR_0009_":{"x":308.5,"y":-306.5,"width":617,"height":613},"elqsHattack_DR_0012_":{"x":308.5,"y":-306.5,"width":617,"height":613},"elqsHattack_DR_0015_":{"x":308.5,"y":-306.5,"width":617,"height":613},"elqsHattack_DR_0018_":{"x":308.5,"y":-306.5,"width":617,"height":613},"elqsHattack_DR_0021_":{"x":308.5,"y":-306.5,"width":617,"height":613},"elqsHattack_DR_0024_":{"x":308.5,"y":-306.5,"width":617,"height":613},"elqsHattack_DR_0027_":{"x":308.5,"y":-306.5,"width":617,"height":613},"elqsHattack_DR_0030_":{"x":308.5,"y":-306.5,"width":617,"height":613},"elqsHattack_DR_0033_":{"x":308.5,"y":-306.5,"width":617,"height":613},"elqsHattack_DR_0036_":{"x":308.5,"y":-306.5,"width":617,"height":613},"elqsHattack_DR_0039_":{"x":308.5,"y":-306.5,"width":617,"height":613},"elqsHattack_DR_0042_":{"x":308.5,"y":-306.5,"width":617,"height":613},"elqsHattack_DR_0045_":{"x":308.5,"y":-306.5,"width":617,"height":613},"elqsHattack_DR_0048_":{"x":308.5,"y":-306.5,"width":617,"height":613},"elqsHattack_DR_0051_":{"x":308.5,"y":-306.5,"width":617,"height":613},"elqsHattack_DR_0054_":{"x":308.5,"y":-306.5,"width":617,"height":613},"elqsHattack_DR_0055_":{"x":308.5,"y":-306.5,"width":617,"height":613}},"elqsHattack_UL_":{"elqsHattack_UL_0000_":{"x":-211.5,"y":213.5,"width":423,"height":427},"elqsHattack_UL_0003_":{"x":-211.5,"y":213.5,"width":423,"height":427},"elqsHattack_UL_0006_":{"x":-211.5,"y":213.5,"width":423,"height":427},"elqsHattack_UL_0009_":{"x":-211.5,"y":213.5,"width":423,"height":427},"elqsHattack_UL_0012_":{"x":-211.5,"y":213.5,"width":423,"height":427},"elqsHattack_UL_0015_":{"x":-211.5,"y":213.5,"width":423,"height":427},"elqsHattack_UL_0018_":{"x":-211.5,"y":213.5,"width":423,"height":427},"elqsHattack_UL_0021_":{"x":-211.5,"y":213.5,"width":423,"height":427},"elqsHattack_UL_0024_":{"x":-211.5,"y":213.5,"width":423,"height":427},"elqsHattack_UL_0027_":{"x":-211.5,"y":213.5,"width":423,"height":427},"elqsHattack_UL_0030_":{"x":-211.5,"y":213.5,"width":423,"height":427},"elqsHattack_UL_0033_":{"x":-211.5,"y":213.5,"width":423,"height":427},"elqsHattack_UL_0036_":{"x":-211.5,"y":213.5,"width":423,"height":427},"elqsHattack_UL_0039_":{"x":-211.5,"y":213.5,"width":423,"height":427},"elqsHattack_UL_0042_":{"x":-211.5,"y":213.5,"width":423,"height":427},"elqsHattack_UL_0045_":{"x":-211.5,"y":213.5,"width":423,"height":427},"elqsHattack_UL_0048_":{"x":-211.5,"y":213.5,"width":423,"height":427},"elqsHattack_UL_0051_":{"x":-211.5,"y":213.5,"width":423,"height":427},"elqsHattack_UL_0054_":{"x":-211.5,"y":213.5,"width":423,"height":427},"elqsHattack_UL_0055_":{"x":-211.5,"y":213.5,"width":423,"height":427}},"elqsHattack_UR_":{"elqsHattack_UR_0000_":{"x":308.5,"y":213.5,"width":617,"height":427},"elqsHattack_UR_0003_":{"x":308.5,"y":213.5,"width":617,"height":427},"elqsHattack_UR_0006_":{"x":308.5,"y":213.5,"width":617,"height":427},"elqsHattack_UR_0009_":{"x":308.5,"y":213.5,"width":617,"height":427},"elqsHattack_UR_0012_":{"x":308.5,"y":213.5,"width":617,"height":427},"elqsHattack_UR_0015_":{"x":308.5,"y":213.5,"width":617,"height":427},"elqsHattack_UR_0018_":{"x":308.5,"y":213.5,"width":617,"height":427},"elqsHattack_UR_0021_":{"x":308.5,"y":213.5,"width":617,"height":427},"elqsHattack_UR_0024_":{"x":308.5,"y":213.5,"width":617,"height":427},"elqsHattack_UR_0027_":{"x":308.5,"y":213.5,"width":617,"height":427},"elqsHattack_UR_0030_":{"x":308.5,"y":213.5,"width":617,"height":427},"elqsHattack_UR_0033_":{"x":308.5,"y":213.5,"width":617,"height":427},"elqsHattack_UR_0036_":{"x":308.5,"y":213.5,"width":617,"height":427},"elqsHattack_UR_0039_":{"x":308.5,"y":213.5,"width":617,"height":427},"elqsHattack_UR_0042_":{"x":308.5,"y":213.5,"width":617,"height":427},"elqsHattack_UR_0045_":{"x":308.5,"y":213.5,"width":617,"height":427},"elqsHattack_UR_0048_":{"x":308.5,"y":213.5,"width":617,"height":427},"elqsHattack_UR_0051_":{"x":308.5,"y":213.5,"width":617,"height":427},"elqsHattack_UR_0054_":{"x":308.5,"y":213.5,"width":617,"height":427},"elqsHattack_UR_0055_":{"x":308.5,"y":213.5,"width":617,"height":427}}}},"animations":{"animation":{"slots":{"elqsHattack_DL_":{"attachment":[{"time":0,"name":"elqsHattack_DL_0000_"},{"time":0.1,"name":"elqsHattack_DL_0003_"},{"time":0.2,"name":"elqsHattack_DL_0006_"},{"time":0.3,"name":"elqsHattack_DL_0009_"},{"time":0.4,"name":"elqsHattack_DL_0012_"},{"time":0.5,"name":"elqsHattack_DL_0015_"},{"time":0.6,"name":"elqsHattack_DL_0018_"},{"time":0.7,"name":"elqsHattack_DL_0021_"},{"time":0.8,"name":"elqsHattack_DL_0024_"},{"time":0.9,"name":"elqsHattack_DL_0027_"},{"time":1,"name":"elqsHattack_DL_0030_"},{"time":1.1,"name":"elqsHattack_DL_0033_"},{"time":1.2,"name":"elqsHattack_DL_0036_"},{"time":1.3,"name":"elqsHattack_DL_0039_"},{"time":1.4,"name":"elqsHattack_DL_0042_"},{"time":1.5,"name":"elqsHattack_DL_0045_"},{"time":1.6,"name":"elqsHattack_DL_0048_"},{"time":1.7,"name":"elqsHattack_DL_0051_"},{"time":1.8,"name":"elqsHattack_DL_0054_"},{"time":1.9,"name":"elqsHattack_DL_0055_"}]},"elqsHattack_DR_":{"attachment":[{"time":0,"name":"elqsHattack_DR_0000_"},{"time":0.1,"name":"elqsHattack_DR_0003_"},{"time":0.2,"name":"elqsHattack_DR_0006_"},{"time":0.3,"name":"elqsHattack_DR_0009_"},{"time":0.4,"name":"elqsHattack_DR_0012_"},{"time":0.5,"name":"elqsHattack_DR_0015_"},{"time":0.6,"name":"elqsHattack_DR_0018_"},{"time":0.7,"name":"elqsHattack_DR_0021_"},{"time":0.8,"name":"elqsHattack_DR_0024_"},{"time":0.9,"name":"elqsHattack_DR_0027_"},{"time":1,"name":"elqsHattack_DR_0030_"},{"time":1.1,"name":"elqsHattack_DR_0033_"},{"time":1.2,"name":"elqsHattack_DR_0036_"},{"time":1.3,"name":"elqsHattack_DR_0039_"},{"time":1.4,"name":"elqsHattack_DR_0042_"},{"time":1.5,"name":"elqsHattack_DR_0045_"},{"time":1.6,"name":"elqsHattack_DR_0048_"},{"time":1.7,"name":"elqsHattack_DR_0051_"},{"time":1.8,"name":"elqsHattack_DR_0054_"},{"time":1.9,"name":"elqsHattack_DR_0055_"}]},"elqsHattack_UL_":{"attachment":[{"time":0,"name":"elqsHattack_UL_0000_"},{"time":0.1,"name":"elqsHattack_UL_0003_"},{"time":0.2,"name":"elqsHattack_UL_0006_"},{"time":0.3,"name":"elqsHattack_UL_0009_"},{"time":0.4,"name":"elqsHattack_UL_0012_"},{"time":0.5,"name":"elqsHattack_UL_0015_"},{"time":0.6,"name":"elqsHattack_UL_0018_"},{"time":0.7,"name":"elqsHattack_UL_0021_"},{"time":0.8,"name":"elqsHattack_UL_0024_"},{"time":0.9,"name":"elqsHattack_UL_0027_"},{"time":1,"name":"elqsHattack_UL_0030_"},{"time":1.1,"name":"elqsHattack_UL_0033_"},{"time":1.2,"name":"elqsHattack_UL_0036_"},{"time":1.3,"name":"elqsHattack_UL_0039_"},{"time":1.4,"name":"elqsHattack_UL_0042_"},{"time":1.5,"name":"elqsHattack_UL_0045_"},{"time":1.6,"name":"elqsHattack_UL_0048_"},{"time":1.7,"name":"elqsHattack_UL_0051_"},{"time":1.8,"name":"elqsHattack_UL_0054_"},{"time":1.9,"name":"elqsHattack_UL_0055_"}]},"elqsHattack_UR_":{"attachment":[{"time":0,"name":"elqsHattack_UR_0000_"},{"time":0.1,"name":"elqsHattack_UR_0003_"},{"time":0.2,"name":"elqsHattack_UR_0006_"},{"time":0.3,"name":"elqsHattack_UR_0009_"},{"time":0.4,"name":"elqsHattack_UR_0012_"},{"time":0.5,"name":"elqsHattack_UR_0015_"},{"time":0.6,"name":"elqsHattack_UR_0018_"},{"time":0.7,"name":"elqsHattack_UR_0021_"},{"time":0.8,"name":"elqsHattack_UR_0024_"},{"time":0.9,"name":"elqsHattack_UR_0027_"},{"time":1,"name":"elqsHattack_UR_0030_"},{"time":1.1,"name":"elqsHattack_UR_0033_"},{"time":1.2,"name":"elqsHattack_UR_0036_"},{"time":1.3,"name":"elqsHattack_UR_0039_"},{"time":1.4,"name":"elqsHattack_UR_0042_"},{"time":1.5,"name":"elqsHattack_UR_0045_"},{"time":1.6,"name":"elqsHattack_UR_0048_"},{"time":1.7,"name":"elqsHattack_UR_0051_"},{"time":1.8,"name":"elqsHattack_UR_0054_"},{"time":1.9,"name":"elqsHattack_UR_0055_"}]}},"bones":{"ctr":{"translate":[{"time":0,"x":3.44,"y":103.76}]}}}}}