{"bones": [{"name": "root"}], "slots": [{"name": "root", "bone": "root", "attachment": "yz_0_"}, {"name": "Shijiu04_xz_008_", "bone": "root"}, {"name": "Shijiu04_xz_007_", "bone": "root"}, {"name": "Shijiu04_xz_006_", "bone": "root"}, {"name": "Shijiu04_xz_005_", "bone": "root"}, {"name": "Shijiu04_xz_004_", "bone": "root"}, {"name": "Shijiu04_xz_003_", "bone": "root"}, {"name": "Shijiu04_xz_002_", "bone": "root"}, {"name": "Shijiu04_xz_001_", "bone": "root"}, {"name": "Shijiu04_xz_000_", "bone": "root"}, {"name": "Shijiu04_gj_025_", "bone": "root"}, {"name": "Shijiu04_gj_024_", "bone": "root"}, {"name": "Shijiu04_gj_022_", "bone": "root"}, {"name": "Shijiu04_gj_020_", "bone": "root"}, {"name": "Shijiu04_gj_018_", "bone": "root"}, {"name": "Shijiu04_gj_016_", "bone": "root"}, {"name": "Shijiu04_gj_014_", "bone": "root"}, {"name": "Shijiu04_gj_012_", "bone": "root"}, {"name": "Shijiu04_gj_010_", "bone": "root"}, {"name": "Shijiu04_gj_008_", "bone": "root"}, {"name": "Shijiu04_gj_006_", "bone": "root"}, {"name": "Shijiu04_gj_004_", "bone": "root"}, {"name": "Shijiu04_gj_002_", "bone": "root"}, {"name": "Shijiu04_gj_000_", "bone": "root"}, {"name": "Shijiu04_dj_011_", "bone": "root"}, {"name": "Shijiu04_dj_010_", "bone": "root"}, {"name": "Shijiu04_dj_009_", "bone": "root"}, {"name": "Shijiu04_dj_008_", "bone": "root"}, {"name": "Shijiu04_dj_007_", "bone": "root"}, {"name": "Shijiu04_dj_006_", "bone": "root"}, {"name": "Shijiu04_dj_005_", "bone": "root"}, {"name": "Shijiu04_dj_004_", "bone": "root"}, {"name": "Shijiu04_dj_003_", "bone": "root"}, {"name": "Shijiu04_dj_002_", "bone": "root"}, {"name": "Shijiu04_dj_001_", "bone": "root"}, {"name": "Shijiu04_dj_000_", "bone": "root"}], "animations": {"dj": {"slots": {"Shijiu04_dj_005_": {"attachment": [{"name": null, "time": 0}, {"name": null, "time": 0.3666}, {"name": "Shijiu04_dj_005_", "time": 0.4}, {"name": "Shijiu04_dj_005_", "time": 0.4666}, {"name": null, "time": 0.5}]}, "Shijiu04_dj_011_": {"attachment": [{"name": null, "time": 0}, {"name": null, "time": 0.8666}, {"name": "Shijiu04_dj_011_", "time": 0.9}, {"name": "Shijiu04_dj_011_", "time": 0.9333}, {"name": null, "time": 1}]}, "Shijiu04_dj_004_": {"attachment": [{"name": null, "time": 0}, {"name": null, "time": 0.3}, {"name": "Shijiu04_dj_004_", "time": 0.3333}, {"name": "Shijiu04_dj_004_", "time": 0.3666}, {"name": null, "time": 0.4}]}, "Shijiu04_dj_009_": {"attachment": [{"name": null, "time": 0}, {"name": null, "time": 0.7}, {"name": "Shijiu04_dj_009_", "time": 0.7333}, {"name": "Shijiu04_dj_009_", "time": 0.7666}, {"name": null, "time": 0.8333}]}, "Shijiu04_dj_007_": {"attachment": [{"name": null, "time": 0}, {"name": null, "time": 0.5333}, {"name": "Shijiu04_dj_007_", "time": 0.5666}, {"name": "Shijiu04_dj_007_", "time": 0.6}, {"name": null, "time": 0.6666}]}, "Shijiu04_dj_008_": {"attachment": [{"name": null, "time": 0}, {"name": null, "time": 0.6}, {"name": "Shijiu04_dj_008_", "time": 0.6666}, {"name": "Shijiu04_dj_008_", "time": 0.7}, {"name": null, "time": 0.7333}]}, "Shijiu04_dj_010_": {"attachment": [{"name": null, "time": 0}, {"name": null, "time": 0.7666}, {"name": "Shijiu04_dj_010_", "time": 0.8333}, {"name": "Shijiu04_dj_010_", "time": 0.8666}, {"name": null, "time": 0.9}]}, "Shijiu04_dj_006_": {"attachment": [{"name": null, "time": 0}, {"name": null, "time": 0.4666}, {"name": "Shijiu04_dj_006_", "time": 0.5}, {"name": "Shijiu04_dj_006_", "time": 0.5333}, {"name": null, "time": 0.5666}]}, "Shijiu04_dj_001_": {"attachment": [{"name": null, "time": 0}, {"name": null, "time": 0.0333}, {"name": "Shijiu04_dj_001_", "time": 0.0666}, {"name": "Shijiu04_dj_001_", "time": 0.1333}, {"name": null, "time": 0.1666}]}, "Shijiu04_dj_000_": {"attachment": [{"name": "Shijiu04_dj_000_", "time": 0}, {"name": "Shijiu04_dj_000_", "time": 0.0333}, {"name": null, "time": 0.0666}]}, "Shijiu04_dj_003_": {"attachment": [{"name": null, "time": 0}, {"name": null, "time": 0.2}, {"name": "Shijiu04_dj_003_", "time": 0.2333}, {"name": "Shijiu04_dj_003_", "time": 0.3}, {"name": null, "time": 0.3333}]}, "Shijiu04_dj_002_": {"attachment": [{"name": null, "time": 0}, {"name": null, "time": 0.1333}, {"name": "Shijiu04_dj_002_", "time": 0.1666}, {"name": "Shijiu04_dj_002_", "time": 0.2}, {"name": null, "time": 0.2333}]}}}, "gj": {"slots": {"Shijiu04_gj_025_": {"attachment": [{"name": null, "time": 0}, {"name": null, "time": 1.6333}, {"name": "Shijiu04_gj_025_", "time": 1.6666}, {"name": "Shijiu04_gj_025_", "time": 1.7}, {"name": null, "time": 1.7333}]}, "Shijiu04_gj_006_": {"attachment": [{"name": null, "time": 0}, {"name": null, "time": 0.3666}, {"name": "Shijiu04_gj_006_", "time": 0.4}, {"name": "Shijiu04_gj_006_", "time": 0.4333}, {"name": null, "time": 0.5333}]}, "Shijiu04_gj_014_": {"attachment": [{"name": null, "time": 0}, {"name": null, "time": 0.9}, {"name": "Shijiu04_gj_014_", "time": 0.9333}, {"name": "Shijiu04_gj_014_", "time": 0.9666}, {"name": null, "time": 1.0666}]}, "Shijiu04_gj_022_": {"attachment": [{"name": null, "time": 0}, {"name": null, "time": 1.4333}, {"name": "Shijiu04_gj_022_", "time": 1.4666}, {"name": "Shijiu04_gj_022_", "time": 1.5}, {"name": null, "time": 1.6}]}, "Shijiu04_gj_000_": {"attachment": [{"name": "Shijiu04_gj_000_", "time": 0}, {"name": "Shijiu04_gj_000_", "time": 0.0333}, {"name": null, "time": 0.1333}]}, "Shijiu04_gj_012_": {"attachment": [{"name": null, "time": 0}, {"name": null, "time": 0.7666}, {"name": "Shijiu04_gj_012_", "time": 0.8}, {"name": "Shijiu04_gj_012_", "time": 0.8333}, {"name": null, "time": 0.9333}]}, "Shijiu04_gj_002_": {"attachment": [{"name": null, "time": 0}, {"name": null, "time": 0.1}, {"name": "Shijiu04_gj_002_", "time": 0.1333}, {"name": "Shijiu04_gj_002_", "time": 0.1666}, {"name": null, "time": 0.2666}]}, "Shijiu04_gj_010_": {"attachment": [{"name": null, "time": 0}, {"name": null, "time": 0.6333}, {"name": "Shijiu04_gj_010_", "time": 0.6666}, {"name": "Shijiu04_gj_010_", "time": 0.7}, {"name": null, "time": 0.8}]}, "Shijiu04_gj_020_": {"attachment": [{"name": null, "time": 0}, {"name": null, "time": 1.3}, {"name": "Shijiu04_gj_020_", "time": 1.3333}, {"name": "Shijiu04_gj_020_", "time": 1.3666}, {"name": null, "time": 1.4666}]}, "Shijiu04_gj_018_": {"attachment": [{"name": null, "time": 0}, {"name": null, "time": 1.1666}, {"name": "Shijiu04_gj_018_", "time": 1.2}, {"name": "Shijiu04_gj_018_", "time": 1.2333}, {"name": null, "time": 1.3333}]}, "Shijiu04_gj_004_": {"attachment": [{"name": null, "time": 0}, {"name": null, "time": 0.2333}, {"name": "Shijiu04_gj_004_", "time": 0.2666}, {"name": "Shijiu04_gj_004_", "time": 0.3}, {"name": null, "time": 0.4}]}, "Shijiu04_gj_016_": {"attachment": [{"name": null, "time": 0}, {"name": null, "time": 1.0333}, {"name": "Shijiu04_gj_016_", "time": 1.0666}, {"name": "Shijiu04_gj_016_", "time": 1.1}, {"name": null, "time": 1.2}]}, "Shijiu04_gj_024_": {"attachment": [{"name": null, "time": 0}, {"name": null, "time": 1.5666}, {"name": "Shijiu04_gj_024_", "time": 1.6}, {"name": "Shijiu04_gj_024_", "time": 1.6333}, {"name": null, "time": 1.6666}]}, "Shijiu04_gj_008_": {"attachment": [{"name": null, "time": 0}, {"name": null, "time": 0.5}, {"name": "Shijiu04_gj_008_", "time": 0.5333}, {"name": "Shijiu04_gj_008_", "time": 0.5666}, {"name": null, "time": 0.6666}]}}}, "walk": {"slots": {"Shijiu04_xz_001_": {"attachment": [{"name": null, "time": 0}, {"name": null, "time": 0.0666}, {"name": "Shijiu04_xz_001_", "time": 0.1}, {"name": "Shijiu04_xz_001_", "time": 0.1666}, {"name": null, "time": 0.2333}]}, "Shijiu04_xz_000_": {"attachment": [{"name": "Shijiu04_xz_000_", "time": 0}, {"name": "Shijiu04_xz_000_", "time": 0.0666}, {"name": null, "time": 0.1}]}, "Shijiu04_xz_003_": {"attachment": [{"name": null, "time": 0}, {"name": null, "time": 0.2666}, {"name": "Shijiu04_xz_003_", "time": 0.3333}, {"name": "Shijiu04_xz_003_", "time": 0.4}, {"name": null, "time": 0.4333}]}, "Shijiu04_xz_002_": {"attachment": [{"name": null, "time": 0}, {"name": null, "time": 0.1666}, {"name": "Shijiu04_xz_002_", "time": 0.2333}, {"name": "Shijiu04_xz_002_", "time": 0.2666}, {"name": null, "time": 0.3333}]}, "Shijiu04_xz_008_": {"attachment": [{"name": null, "time": 0}, {"name": null, "time": 0.8333}, {"name": "Shijiu04_xz_008_", "time": 0.8666}, {"name": "Shijiu04_xz_008_", "time": 0.9333}, {"name": null, "time": 1}]}, "Shijiu04_xz_005_": {"attachment": [{"name": null, "time": 0}, {"name": null, "time": 0.5}, {"name": "Shijiu04_xz_005_", "time": 0.5666}, {"name": "Shijiu04_xz_005_", "time": 0.6}, {"name": null, "time": 0.6666}]}, "Shijiu04_xz_004_": {"attachment": [{"name": null, "time": 0}, {"name": null, "time": 0.4}, {"name": "Shijiu04_xz_004_", "time": 0.4333}, {"name": "Shijiu04_xz_004_", "time": 0.5}, {"name": null, "time": 0.5666}]}, "Shijiu04_xz_007_": {"attachment": [{"name": null, "time": 0}, {"name": null, "time": 0.7}, {"name": "Shijiu04_xz_007_", "time": 0.7666}, {"name": "Shijiu04_xz_007_", "time": 0.8333}, {"name": null, "time": 0.8666}]}, "Shijiu04_xz_006_": {"attachment": [{"name": null, "time": 0}, {"name": null, "time": 0.6}, {"name": "Shijiu04_xz_006_", "time": 0.6666}, {"name": "Shijiu04_xz_006_", "time": 0.7}, {"name": null, "time": 0.7666}]}}}}, "skeleton": {"spine": "2.1.27", "width": 127.5, "hash": "4iVpHZDDsH6cbc5KP7cdKOOPRbI", "height": 85}, "skins": {"default": {"Shijiu04_xz_007_": {"Shijiu04_xz_007_": {"y": 86.49, "x": -23, "height": 131, "width": 130}}, "Shijiu04_dj_004_": {"Shijiu04_dj_004_": {"y": 53.99, "x": 12, "height": 128, "width": 174}}, "Shijiu04_dj_010_": {"Shijiu04_dj_010_": {"y": 95.99, "x": -1.5, "height": 108, "width": 207}}, "Shijiu04_dj_006_": {"Shijiu04_dj_006_": {"y": 44.49, "x": 9.5, "height": 155, "width": 129}}, "Shijiu04_xz_008_": {"Shijiu04_xz_008_": {"y": 121.99, "x": -18, "height": 132, "width": 136}}, "root": {"yz_0_": {"width": 85, "scaleX": 1.5, "height": 85}}, "Shijiu04_gj_025_": {"Shijiu04_gj_025_": {"y": 127.49, "x": 4, "height": 159, "width": 154}}, "Shijiu04_xz_003_": {"Shijiu04_xz_003_": {"y": 61.99, "x": -15, "height": 124, "width": 120}}, "Shijiu04_dj_009_": {"Shijiu04_dj_009_": {"y": 73.99, "x": 3.5, "height": 120, "width": 189}}, "Shijiu04_xz_002_": {"Shijiu04_xz_002_": {"y": 106.99, "x": -9, "height": 136, "width": 138}}, "Shijiu04_gj_006_": {"Shijiu04_gj_006_": {"y": 75.49, "x": -5, "height": 137, "width": 124}}, "Shijiu04_gj_014_": {"Shijiu04_gj_014_": {"y": 68.99, "x": 39.5, "height": 132, "width": 171}}, "Shijiu04_dj_003_": {"Shijiu04_dj_003_": {"y": 67.99, "x": 4.5, "height": 94, "width": 197}}, "Shijiu04_gj_022_": {"Shijiu04_gj_022_": {"y": 102.49, "x": 15.5, "height": 145, "width": 183}}, "Shijiu04_gj_000_": {"Shijiu04_gj_000_": {"y": 128.99, "x": 1, "height": 162, "width": 152}}, "Shijiu04_gj_012_": {"Shijiu04_gj_012_": {"y": 173.99, "x": 7, "height": 144, "width": 160}}, "Shijiu04_gj_002_": {"Shijiu04_gj_002_": {"y": 116.49, "x": -8.5, "height": 111, "width": 191}}, "Shijiu04_xz_001_": {"Shijiu04_xz_001_": {"y": 138.49, "x": -20.5, "height": 167, "width": 119}}, "Shijiu04_gj_010_": {"Shijiu04_gj_010_": {"y": 160.49, "x": -8.5, "height": 121, "width": 195}}, "Shijiu04_dj_005_": {"Shijiu04_dj_005_": {"y": 45.49, "x": 16.5, "height": 151, "width": 143}}, "Shijiu04_gj_020_": {"Shijiu04_gj_020_": {"y": 70.49, "x": 33.5, "height": 149, "width": 177}}, "Shijiu04_xz_005_": {"Shijiu04_xz_005_": {"y": 48.49, "x": -24.5, "height": 153, "width": 103}}, "Shijiu04_gj_018_": {"Shijiu04_gj_018_": {"y": 12.49, "x": 52.5, "height": 125, "width": 167}}, "Shijiu04_dj_007_": {"Shijiu04_dj_007_": {"y": 49.99, "x": 4, "height": 148, "width": 122}}, "Shijiu04_gj_004_": {"Shijiu04_gj_004_": {"y": 68.99, "x": 6, "height": 132, "width": 158}}, "Shijiu04_dj_011_": {"Shijiu04_dj_011_": {"y": 118.99, "x": -4, "height": 118, "width": 204}}, "Shijiu04_gj_016_": {"Shijiu04_gj_016_": {"y": 14.49, "x": 55.5, "height": 167, "width": 135}}, "Shijiu04_dj_001_": {"Shijiu04_dj_001_": {"y": 128.99, "x": -10, "height": 142, "width": 164}}, "Shijiu04_xz_000_": {"Shijiu04_xz_000_": {"y": 132.49, "x": -16.5, "height": 157, "width": 131}}, "Shijiu04_xz_004_": {"Shijiu04_xz_004_": {"y": 50.99, "x": -22, "height": 150, "width": 102}}, "Shijiu04_gj_024_": {"Shijiu04_gj_024_": {"y": 120.49, "x": 10, "height": 157, "width": 164}}, "Shijiu04_gj_008_": {"Shijiu04_gj_008_": {"y": 117.99, "x": -7.5, "height": 120, "width": 189}}, "Shijiu04_dj_008_": {"Shijiu04_dj_008_": {"y": 55.99, "x": 8.5, "height": 134, "width": 157}}, "Shijiu04_dj_000_": {"Shijiu04_dj_000_": {"y": 129.49, "x": -8.5, "height": 145, "width": 173}}, "Shijiu04_dj_002_": {"Shijiu04_dj_002_": {"y": 106.49, "x": -3, "height": 111, "width": 196}}, "Shijiu04_xz_006_": {"Shijiu04_xz_006_": {"y": 61.99, "x": -24, "height": 142, "width": 118}}}}}