{"bones": [{"name": "root"}], "slots": [{"name": "root", "bone": "root", "attachment": "yz_0_"}, {"name": "Shijiu06_gj_025_", "bone": "root"}, {"name": "Shijiu06_gj_024_", "bone": "root"}, {"name": "Shijiu06_gj_022_", "bone": "root"}, {"name": "Shijiu06_gj_020_", "bone": "root"}, {"name": "Shijiu06_gj_018_", "bone": "root"}, {"name": "Shijiu06_gj_016_", "bone": "root"}, {"name": "Shijiu06_gj_014_", "bone": "root"}, {"name": "Shijiu06_gj_012_", "bone": "root"}, {"name": "Shijiu06_gj_010_", "bone": "root"}, {"name": "Shijiu06_gj_008_", "bone": "root"}, {"name": "Shijiu06_gj_006_", "bone": "root"}, {"name": "Shijiu06_gj_004_", "bone": "root"}, {"name": "Shijiu06_gj_002_", "bone": "root"}, {"name": "Shijiu06_gj_000_", "bone": "root"}, {"name": "Shijiu06_dj_011_", "bone": "root"}, {"name": "Shijiu06_dj_010_", "bone": "root"}, {"name": "Shijiu06_dj_009_", "bone": "root"}, {"name": "Shijiu06_dj_008_", "bone": "root"}, {"name": "Shijiu06_dj_007_", "bone": "root"}, {"name": "Shijiu06_dj_006_", "bone": "root"}, {"name": "Shijiu06_dj_005_", "bone": "root"}, {"name": "Shijiu06_dj_004_", "bone": "root"}, {"name": "Shijiu06_dj_003_", "bone": "root"}, {"name": "Shijiu06_dj_002_", "bone": "root"}, {"name": "Shijiu06_dj_001_", "bone": "root"}, {"name": "Shijiu06_dj_000_", "bone": "root"}, {"name": "Shijiu06_xz_008_", "bone": "root"}, {"name": "Shijiu06_xz_007", "bone": "root"}, {"name": "Shijiu06_xz_006_", "bone": "root"}, {"name": "Shijiu06_xz_005_", "bone": "root"}, {"name": "Shijiu06_xz_004_", "bone": "root"}, {"name": "Shijiu06_xz_003_", "bone": "root"}, {"name": "Shijiu06_xz_002_", "bone": "root"}, {"name": "Shijiu06_xz_001_", "bone": "root"}, {"name": "Shijiu06_xz_000_", "bone": "root"}], "animations": {"dj": {"slots": {"Shijiu06_dj_009_": {"attachment": [{"name": null, "time": 0}, {"name": null, "time": 0.7}, {"name": "Shijiu06_dj_009_", "time": 0.7666}, {"name": "Shijiu06_dj_009_", "time": 0.8}, {"name": null, "time": 0.8333}]}, "Shijiu06_dj_010_": {"attachment": [{"name": null, "time": 0}, {"name": null, "time": 0.8}, {"name": "Shijiu06_dj_010_", "time": 0.8333}, {"name": "Shijiu06_dj_010_", "time": 0.8666}, {"name": null, "time": 0.9333}]}, "Shijiu06_dj_008_": {"attachment": [{"name": null, "time": 0}, {"name": null, "time": 0.6333}, {"name": "Shijiu06_dj_008_", "time": 0.6666}, {"name": "Shijiu06_dj_008_", "time": 0.7}, {"name": null, "time": 0.7666}]}, "Shijiu06_dj_007_": {"attachment": [{"name": null, "time": 0}, {"name": null, "time": 0.5333}, {"name": "Shijiu06_dj_007_", "time": 0.6}, {"name": "Shijiu06_dj_007_", "time": 0.6333}, {"name": null, "time": 0.6666}]}, "Shijiu06_dj_006_": {"attachment": [{"name": null, "time": 0}, {"name": null, "time": 0.4666}, {"name": "Shijiu06_dj_006_", "time": 0.5}, {"name": "Shijiu06_dj_006_", "time": 0.5333}, {"name": null, "time": 0.6}]}, "Shijiu06_dj_005_": {"attachment": [{"name": null, "time": 0}, {"name": null, "time": 0.3666}, {"name": "Shijiu06_dj_005_", "time": 0.4333}, {"name": "Shijiu06_dj_005_", "time": 0.4666}, {"name": null, "time": 0.5}]}, "Shijiu06_dj_004_": {"attachment": [{"name": null, "time": 0}, {"name": null, "time": 0.3}, {"name": "Shijiu06_dj_004_", "time": 0.3333}, {"name": "Shijiu06_dj_004_", "time": 0.3666}, {"name": null, "time": 0.4333}]}, "Shijiu06_dj_003_": {"attachment": [{"name": null, "time": 0}, {"name": null, "time": 0.2}, {"name": "Shijiu06_dj_003_", "time": 0.2666}, {"name": "Shijiu06_dj_003_", "time": 0.3}, {"name": null, "time": 0.3333}]}, "Shijiu06_dj_011_": {"attachment": [{"name": null, "time": 0}, {"name": null, "time": 0.8666}, {"name": "Shijiu06_dj_011_", "time": 0.9333}, {"name": "Shijiu06_dj_011_", "time": 0.9666}, {"name": null, "time": 1}]}, "Shijiu06_dj_002_": {"attachment": [{"name": null, "time": 0}, {"name": null, "time": 0.1333}, {"name": "Shijiu06_dj_002_", "time": 0.1666}, {"name": "Shijiu06_dj_002_", "time": 0.2}, {"name": null, "time": 0.2666}]}, "Shijiu06_dj_001_": {"attachment": [{"name": null, "time": 0}, {"name": null, "time": 0.0333}, {"name": "Shijiu06_dj_001_", "time": 0.1}, {"name": "Shijiu06_dj_001_", "time": 0.1333}, {"name": null, "time": 0.1666}]}, "Shijiu06_dj_000_": {"attachment": [{"name": "Shijiu06_dj_000_", "time": 0}, {"name": "Shijiu06_dj_000_", "time": 0.0333}, {"name": null, "time": 0.1}]}}}, "gj": {"slots": {"Shijiu06_gj_008_": {"attachment": [{"name": null, "time": 0}, {"name": null, "time": 0.5}, {"name": "Shijiu06_gj_008_", "time": 0.5333}, {"name": "Shijiu06_gj_008_", "time": 0.5666}, {"name": null, "time": 0.6666}]}, "Shijiu06_gj_024_": {"attachment": [{"name": null, "time": 0}, {"name": null, "time": 1.5666}, {"name": "Shijiu06_gj_024_", "time": 1.6}, {"name": "Shijiu06_gj_024_", "time": 1.6333}, {"name": null, "time": 1.6666}]}, "Shijiu06_gj_018_": {"attachment": [{"name": null, "time": 0}, {"name": null, "time": 1.1666}, {"name": "Shijiu06_gj_018_", "time": 1.2}, {"name": "Shijiu06_gj_018_", "time": 1.2333}, {"name": null, "time": 1.3333}]}, "Shijiu06_gj_010_": {"attachment": [{"name": null, "time": 0}, {"name": null, "time": 0.6333}, {"name": "Shijiu06_gj_010_", "time": 0.6666}, {"name": "Shijiu06_gj_010_", "time": 0.7}, {"name": null, "time": 0.8}]}, "Shijiu06_gj_004_": {"attachment": [{"name": null, "time": 0}, {"name": null, "time": 0.2333}, {"name": "Shijiu06_gj_004_", "time": 0.2666}, {"name": "Shijiu06_gj_004_", "time": 0.3}, {"name": null, "time": 0.4}]}, "Shijiu06_gj_012_": {"attachment": [{"name": null, "time": 0}, {"name": null, "time": 0.7666}, {"name": "Shijiu06_gj_012_", "time": 0.8}, {"name": "Shijiu06_gj_012_", "time": 0.8333}, {"name": null, "time": 0.9333}]}, "Shijiu06_gj_020_": {"attachment": [{"name": null, "time": 0}, {"name": null, "time": 1.3}, {"name": "Shijiu06_gj_020_", "time": 1.3333}, {"name": "Shijiu06_gj_020_", "time": 1.3666}, {"name": null, "time": 1.4666}]}, "Shijiu06_gj_022_": {"attachment": [{"name": null, "time": 0}, {"name": null, "time": 1.4333}, {"name": "Shijiu06_gj_022_", "time": 1.4666}, {"name": "Shijiu06_gj_022_", "time": 1.5}, {"name": null, "time": 1.6}]}, "Shijiu06_gj_002_": {"attachment": [{"name": null, "time": 0}, {"name": null, "time": 0.1}, {"name": "Shijiu06_gj_002_", "time": 0.1333}, {"name": "Shijiu06_gj_002_", "time": 0.1666}, {"name": null, "time": 0.2666}]}, "Shijiu06_gj_014_": {"attachment": [{"name": null, "time": 0}, {"name": null, "time": 0.9}, {"name": "Shijiu06_gj_014_", "time": 0.9333}, {"name": "Shijiu06_gj_014_", "time": 0.9666}, {"name": null, "time": 1.0666}]}, "Shijiu06_gj_000_": {"attachment": [{"name": "Shijiu06_gj_000_", "time": 0}, {"name": "Shijiu06_gj_000_", "time": 0.0333}, {"name": null, "time": 0.1333}]}, "Shijiu06_gj_016_": {"attachment": [{"name": null, "time": 0}, {"name": null, "time": 1.0333}, {"name": "Shijiu06_gj_016_", "time": 1.0666}, {"name": "Shijiu06_gj_016_", "time": 1.1}, {"name": null, "time": 1.2}]}, "Shijiu06_gj_006_": {"attachment": [{"name": null, "time": 0}, {"name": null, "time": 0.3666}, {"name": "Shijiu06_gj_006_", "time": 0.4}, {"name": "Shijiu06_gj_006_", "time": 0.4333}, {"name": null, "time": 0.5333}]}, "Shijiu06_gj_025_": {"attachment": [{"name": null, "time": 0}, {"name": null, "time": 1.6333}, {"name": "Shijiu06_gj_025_", "time": 1.6666}, {"name": "Shijiu06_gj_025_", "time": 1.7}, {"name": null, "time": 1.7333}]}}}, "walk": {"slots": {"Shijiu06_xz_001_": {"attachment": [{"name": null, "time": 0}, {"name": null, "time": 0.1666}, {"name": "Shijiu06_xz_001_", "time": 0.2333}, {"name": "Shijiu06_xz_001_", "time": 0.2666}, {"name": null, "time": 0.3333}]}, "Shijiu06_xz_000_": {"attachment": [{"name": null, "time": 0}, {"name": null, "time": 0.0666}, {"name": "Shijiu06_xz_000_", "time": 0.1}, {"name": "Shijiu06_xz_000_", "time": 0.1666}, {"name": null, "time": 0.2333}]}, "Shijiu06_xz_005_": {"attachment": [{"name": null, "time": 0}, {"name": null, "time": 0.6}, {"name": "Shijiu06_xz_005_", "time": 0.6666}, {"name": "Shijiu06_xz_005_", "time": 0.7}, {"name": null, "time": 0.7666}]}, "Shijiu06_xz_008_": {"attachment": [{"name": null, "time": 0}]}, "Shijiu06_xz_007": {"attachment": [{"name": "Shijiu06_xz_007", "time": 0}, {"name": "Shijiu06_xz_007", "time": 0.0666}, {"name": null, "time": 0.1}]}, "Shijiu06_xz_004_": {"attachment": [{"name": null, "time": 0}, {"name": null, "time": 0.5}, {"name": "Shijiu06_xz_004_", "time": 0.5666}, {"name": "Shijiu06_xz_004_", "time": 0.6}, {"name": null, "time": 0.6666}]}, "Shijiu06_xz_006_": {"attachment": [{"name": null, "time": 0}, {"name": null, "time": 0.7}, {"name": "Shijiu06_xz_006_", "time": 0.7666}, {"name": "Shijiu06_xz_006_", "time": 0.8333}, {"name": null, "time": 0.8666}]}, "Shijiu06_xz_003_": {"attachment": [{"name": null, "time": 0}, {"name": null, "time": 0.4}, {"name": "Shijiu06_xz_003_", "time": 0.4333}, {"name": "Shijiu06_xz_003_", "time": 0.5}, {"name": null, "time": 0.5666}]}, "Shijiu06_xz_002_": {"attachment": [{"name": null, "time": 0}, {"name": null, "time": 0.2666}, {"name": "Shijiu06_xz_002_", "time": 0.3333}, {"name": "Shijiu06_xz_002_", "time": 0.4}, {"name": null, "time": 0.4333}]}}}}, "skeleton": {"spine": "2.1.27", "width": 127.5, "hash": "fGnRXmrtzqGVO4qICBtAtYj4c4s", "height": 85}, "skins": {"default": {"Shijiu06_dj_009_": {"Shijiu06_dj_009_": {"y": 103, "x": -1.49, "height": 120, "width": 189}}, "Shijiu06_dj_007_": {"Shijiu06_dj_007_": {"y": 79, "x": -0.99, "height": 148, "width": 122}}, "root": {"yz_0_": {"width": 85, "scaleX": 1.5, "height": 85}}, "Shijiu06_gj_008_": {"Shijiu06_gj_008_": {"y": 147, "x": -12.49, "height": 120, "width": 189}}, "Shijiu06_xz_000_": {"Shijiu06_xz_000_": {"y": 161.5, "x": -21.49, "height": 157, "width": 131}}, "Shijiu06_gj_024_": {"Shijiu06_gj_024_": {"y": 149.5, "x": 5, "height": 157, "width": 164}}, "Shijiu06_gj_018_": {"Shijiu06_gj_018_": {"y": 41.5, "x": 47.5, "height": 125, "width": 167}}, "Shijiu06_xz_007": {"Shijiu06_xz_007": {"y": 115.5, "x": -27.99, "height": 131, "width": 130}}, "Shijiu06_xz_004_": {"Shijiu06_xz_004_": {"y": 78.5, "x": -26.99, "height": 147, "width": 102}}, "Shijiu06_gj_010_": {"Shijiu06_gj_010_": {"y": 189.5, "x": -13.49, "height": 121, "width": 195}}, "Shijiu06_dj_004_": {"Shijiu06_dj_004_": {"y": 83, "x": 7, "height": 128, "width": 174}}, "Shijiu06_gj_004_": {"Shijiu06_gj_004_": {"y": 98, "x": 1, "height": 132, "width": 158}}, "Shijiu06_dj_010_": {"Shijiu06_dj_010_": {"y": 125, "x": -6.49, "height": 108, "width": 207}}, "Shijiu06_gj_012_": {"Shijiu06_gj_012_": {"y": 203, "x": 2, "height": 144, "width": 160}}, "Shijiu06_dj_002_": {"Shijiu06_dj_002_": {"y": 134, "x": -7.99, "height": 114, "width": 196}}, "Shijiu06_gj_020_": {"Shijiu06_gj_020_": {"y": 99.5, "x": 28.5, "height": 149, "width": 177}}, "Shijiu06_xz_002_": {"Shijiu06_xz_002_": {"y": 136, "x": -13.99, "height": 136, "width": 138}}, "Shijiu06_dj_000_": {"Shijiu06_dj_000_": {"y": 158.5, "x": -13.49, "height": 145, "width": 173}}, "Shijiu06_gj_022_": {"Shijiu06_gj_022_": {"y": 131.5, "x": 10.5, "height": 145, "width": 183}}, "Shijiu06_gj_002_": {"Shijiu06_gj_002_": {"y": 145.5, "x": -13.49, "height": 111, "width": 191}}, "Shijiu06_xz_008_": {"Shijiu06_xz_008_": {"y": 151, "x": -22.99, "height": 132, "width": 136}}, "Shijiu06_gj_014_": {"Shijiu06_gj_014_": {"y": 98, "x": 34.5, "height": 134, "width": 171}}, "Shijiu06_dj_008_": {"Shijiu06_dj_008_": {"y": 85, "x": 3.5, "height": 134, "width": 157}}, "Shijiu06_gj_000_": {"Shijiu06_gj_000_": {"y": 158, "x": -3.99, "height": 162, "width": 152}}, "Shijiu06_gj_016_": {"Shijiu06_gj_016_": {"y": 43.5, "x": 50.5, "height": 167, "width": 135}}, "Shijiu06_dj_006_": {"Shijiu06_dj_006_": {"y": 73.5, "x": 4.5, "height": 155, "width": 129}}, "Shijiu06_gj_006_": {"Shijiu06_gj_006_": {"y": 104.5, "x": -9.99, "height": 137, "width": 124}}, "Shijiu06_xz_006_": {"Shijiu06_xz_006_": {"y": 91, "x": -28.99, "height": 142, "width": 118}}, "Shijiu06_xz_001_": {"Shijiu06_xz_001_": {"y": 167.5, "x": -23.99, "height": 167, "width": 122}}, "Shijiu06_gj_025_": {"Shijiu06_gj_025_": {"y": 156.5, "x": -0.99, "height": 159, "width": 154}}, "Shijiu06_xz_005_": {"Shijiu06_xz_005_": {"y": 76.5, "x": -29.49, "height": 151, "width": 103}}, "Shijiu06_dj_005_": {"Shijiu06_dj_005_": {"y": 74.5, "x": 11.5, "height": 151, "width": 143}}, "Shijiu06_dj_003_": {"Shijiu06_dj_003_": {"y": 97, "x": -0.49, "height": 94, "width": 197}}, "Shijiu06_dj_011_": {"Shijiu06_dj_011_": {"y": 148, "x": -8.99, "height": 118, "width": 204}}, "Shijiu06_xz_003_": {"Shijiu06_xz_003_": {"y": 90, "x": -19.99, "height": 122, "width": 120}}, "Shijiu06_dj_001_": {"Shijiu06_dj_001_": {"y": 158, "x": -14.99, "height": 142, "width": 164}}}}}