{
"skeleton": { "hash": "DN3cBcqz6Gyvu3xaUgFoS2Q4cEw", "spine": "2.1.27", "width": 362, "height": 253 },
"bones": [
	{ "name": "root" },
	{ "name": "bone", "parent": "root", "x": -0.5, "y": 139.99 }
],
"slots": [
	{ "name": "lALOD9k4_Mz9zQFq_362_253_", "bone": "bone", "attachment": "lALOD9k4_Mz9zQFq_362_253_" }
],
"skins": {
	"default": {
		"lALOD9k4_Mz9zQFq_362_253_": {
			"lALOD9k4_Mz9zQFq_362_253_": { "y": -24, "width": 362, "height": 253 }
		}
	}
},
"animations": {
	"hanguowaicheng02": {
		"bones": {
			"root": {
				"rotate": [
					{ "time": 0, "angle": 0, "curve": "stepped" },
					{ "time": 0.0666, "angle": 0 }
				],
				"translate": [
					{ "time": 0, "x": 0, "y": 0, "curve": "stepped" },
					{ "time": 0.0666, "x": 0, "y": 0 }
				],
				"scale": [
					{ "time": 0, "x": 1, "y": 1, "curve": "stepped" },
					{ "time": 0.0666, "x": 1, "y": 1 }
				]
			},
			"bone": {
				"rotate": [
					{ "time": 0, "angle": 0, "curve": "stepped" },
					{ "time": 0.0666, "angle": 0 }
				],
				"translate": [
					{ "time": 0, "x": 0, "y": 0, "curve": "stepped" },
					{ "time": 0.0666, "x": 0, "y": 0 }
				],
				"scale": [
					{ "time": 0, "x": 1, "y": 1, "curve": "stepped" },
					{ "time": 0.0666, "x": 1, "y": 1 }
				]
			}
		}
	}
}
}