{"skeleton":{"hash":"j7hGIH5TqHPTbSMrdZKOWOAocwI","spine":"3.7.94","width":937.52,"height":875,"images":"./images/","audio":"E:/城堡皮肤-女天使/女天使spine/女天使spine_待机休闲"},"bones":[{"name":"root"},{"name":"g","parent":"root","x":124.1,"y":127.09,"scaleX":1.25,"scaleY":1.25}],"slots":[{"name":"gjgjgj_1_000_","bone":"g","attachment":"gjgjgj_1_000_"},{"name":"gjgjgj_2_000_","bone":"g","attachment":"gjgjgj_2_000_"},{"name":"gjgjgj_3_000_","bone":"g"},{"name":"gjgjgj_4_000_","bone":"g"}],"skins":{"default":{"gjgjgj_1_000_":{"gjgjgj_1_000_":{"x":-375.03,"width":250,"height":700},"gjgjgj_1_001_":{"x":-375.03,"width":250,"height":700},"gjgjgj_1_002_":{"x":-375.03,"scaleX":2,"scaleY":2,"width":125,"height":350},"gjgjgj_1_003_":{"x":-375.03,"scaleX":2,"scaleY":2,"width":125,"height":350},"gjgjgj_1_004_":{"x":-375.03,"width":250,"height":700},"gjgjgj_1_005_":{"x":-375.03,"width":250,"height":700},"gjgjgj_1_006_":{"x":-375.03,"width":250,"height":700},"gjgjgj_1_007_":{"x":-375.03,"width":250,"height":700},"gjgjgj_1_008_":{"x":-375.03,"width":250,"height":700}},"gjgjgj_2_000_":{"gjgjgj_2_000_":{"x":-125.01,"width":250,"height":700},"gjgjgj_2_001_":{"x":-125.01,"width":250,"height":700},"gjgjgj_2_002_":{"x":-125.01,"width":250,"height":700},"gjgjgj_2_003_":{"x":-125.01,"width":250,"height":700},"gjgjgj_2_004_":{"x":-125.01,"width":250,"height":700},"gjgjgj_2_005_":{"x":-125.01,"width":250,"height":700},"gjgjgj_2_006_":{"x":-125.01,"width":250,"height":700},"gjgjgj_2_007_":{"x":-125.01,"width":250,"height":700},"gjgjgj_2_008_":{"x":-125.01,"width":250,"height":700}},"gjgjgj_3_000_":{"gjgjgj_3_001_":{"x":124.98,"width":250,"height":700},"gjgjgj_3_002_":{"x":124.98,"width":250,"height":700},"gjgjgj_3_003_":{"x":124.98,"width":250,"height":700},"gjgjgj_3_004_":{"x":124.98,"width":250,"height":700},"gjgjgj_3_005_":{"x":124.98,"width":250,"height":700},"gjgjgj_3_006_":{"x":124.98,"width":250,"height":700},"gjgjgj_3_007_":{"x":124.98,"width":250,"height":700},"gjgjgj_3_008_":{"x":124.98,"width":250,"height":700}},"gjgjgj_4_000_":{"gjgjgj_4_007_":{"x":374.95,"width":250,"height":700},"gjgjgj_4_008_":{"x":374.95,"width":250,"height":700}}}},"animations":{"animation":{"slots":{"gjgjgj_1_000_":{"attachment":[{"time":0.1,"name":"gjgjgj_1_001_"},{"time":0.2,"name":"gjgjgj_1_002_"},{"time":0.3,"name":"gjgjgj_1_003_"},{"time":0.4,"name":"gjgjgj_1_004_"},{"time":0.5,"name":"gjgjgj_1_005_"},{"time":0.6333,"name":"gjgjgj_1_006_"},{"time":0.7667,"name":"gjgjgj_1_007_"},{"time":0.9,"name":"gjgjgj_1_008_"},{"time":1.0333,"name":null}]},"gjgjgj_2_000_":{"attachment":[{"time":0.1,"name":"gjgjgj_2_001_"},{"time":0.2,"name":"gjgjgj_2_002_"},{"time":0.3,"name":"gjgjgj_2_003_"},{"time":0.4,"name":"gjgjgj_2_004_"},{"time":0.5,"name":"gjgjgj_2_005_"},{"time":0.6333,"name":"gjgjgj_2_006_"},{"time":0.7667,"name":"gjgjgj_2_007_"},{"time":0.9,"name":"gjgjgj_2_008_"},{"time":1.0333,"name":null}]},"gjgjgj_3_000_":{"attachment":[{"time":0.1,"name":"gjgjgj_3_001_"},{"time":0.2,"name":"gjgjgj_3_002_"},{"time":0.3,"name":"gjgjgj_3_003_"},{"time":0.4,"name":"gjgjgj_3_004_"},{"time":0.5,"name":"gjgjgj_3_005_"},{"time":0.6333,"name":"gjgjgj_3_006_"},{"time":0.7667,"name":"gjgjgj_3_007_"},{"time":0.9,"name":"gjgjgj_3_008_"},{"time":1.0333,"name":null}]},"gjgjgj_4_000_":{"attachment":[{"time":0.7667,"name":"gjgjgj_4_007_"},{"time":0.9,"name":"gjgjgj_4_008_"},{"time":1.0333,"name":null},{"time":2.0333,"name":null}]}}}}}