{"skeleton":{"hash":"y3wIV84KbFwQKnqknfKooWm0tfE","spine":"3.7.94","width":1249.98,"height":875,"images":"./images/","audio":"E:/城堡皮肤-女天使/女天使spine/女天使spine_待机休闲"},"bones":[{"name":"root"},{"name":"g","parent":"root","x":124.1,"y":127.09,"scaleX":1.25,"scaleY":1.25}],"slots":[{"name":"gjgjgj_1_000_","bone":"g","attachment":"gjgjgj_1_016_"},{"name":"gjgjgj_1_000_2","bone":"g"},{"name":"gjgjgj_2_000_","bone":"g","attachment":"gjgjgj_2_016_"},{"name":"gjgjgj_3_000_","bone":"g","attachment":"gjgjgj_3_016_"},{"name":"gjgjgj_3_015_a","bone":"g"},{"name":"gjgjgj_4_000_","bone":"g"},{"name":"gjgjgj_1_010_a_","bone":"g"}],"skins":{"default":{"gjgjgj_1_000_":{"gjgjgj_1_009_":{"x":-375.03,"width":250,"height":700},"gjgjgj_1_010_":{"x":-375.03,"width":250,"height":700},"gjgjgj_1_011_":{"x":-375.03,"scaleX":2,"scaleY":2,"width":125,"height":350},"gjgjgj_1_012_":{"x":-375.03,"scaleX":2,"scaleY":2,"width":125,"height":350},"gjgjgj_1_013_":{"x":-375.03,"scaleX":2,"scaleY":2,"width":125,"height":350},"gjgjgj_1_014_":{"x":-375.03,"scaleX":2,"scaleY":2,"width":125,"height":350},"gjgjgj_1_015_":{"x":-375.03,"scaleX":2,"scaleY":2,"width":125,"height":350},"gjgjgj_1_016_":{"x":-375.03,"scaleX":2,"scaleY":2,"width":125,"height":350}},"gjgjgj_1_000_2":{"gjgjgj_1_009_a_":{"x":-375.03,"width":250,"height":700}},"gjgjgj_1_010_a_":{"gjgjgj_1_010_a_":{"x":-257.48,"y":294.55,"width":15,"height":49}},"gjgjgj_2_000_":{"gjgjgj_2_009_":{"x":-125.01,"width":250,"height":700},"gjgjgj_2_010_":{"x":-125.01,"width":250,"height":700},"gjgjgj_2_011_":{"x":-125.01,"width":250,"height":700},"gjgjgj_2_012_":{"x":-125.01,"width":250,"height":700},"gjgjgj_2_013_":{"x":-125.01,"width":250,"height":700},"gjgjgj_2_014_":{"x":-125.01,"width":250,"height":700},"gjgjgj_2_015_":{"x":-125.01,"width":250,"height":700},"gjgjgj_2_016_":{"x":-125.01,"width":250,"height":700}},"gjgjgj_3_000_":{"gjgjgj_3_009_":{"x":124.98,"width":250,"height":700},"gjgjgj_3_010_":{"x":124.98,"width":250,"height":700},"gjgjgj_3_011_":{"x":124.98,"width":250,"height":700},"gjgjgj_3_012_":{"x":124.98,"width":250,"height":700},"gjgjgj_3_013_":{"x":124.98,"width":250,"height":700},"gjgjgj_3_014_":{"x":124.98,"width":250,"height":700},"gjgjgj_3_015_":{"x":124.98,"width":250,"height":700},"gjgjgj_3_016_":{"x":124.98,"width":250,"height":700}},"gjgjgj_3_015_a":{"gjgjgj_3_015_a_":{"x":124.98,"width":250,"height":700}},"gjgjgj_4_000_":{"gjgjgj_4_009_":{"x":374.95,"width":250,"height":700},"gjgjgj_4_010_":{"x":374.95,"width":250,"height":700},"gjgjgj_4_011_":{"x":374.95,"width":250,"height":700},"gjgjgj_4_012_":{"x":374.95,"width":250,"height":700}}}},"animations":{"animation":{"slots":{"gjgjgj_1_000_":{"attachment":[{"time":0,"name":null},{"time":1.0333,"name":"gjgjgj_1_009_"},{"time":1.2,"name":"gjgjgj_1_010_"},{"time":1.3333,"name":"gjgjgj_1_011_"},{"time":1.4667,"name":"gjgjgj_1_012_"},{"time":1.6,"name":"gjgjgj_1_013_"},{"time":1.7333,"name":"gjgjgj_1_014_"},{"time":1.8333,"name":"gjgjgj_1_015_"},{"time":1.9333,"name":"gjgjgj_1_016_"}]},"gjgjgj_1_010_a_":{"attachment":[{"time":1.2,"name":"gjgjgj_1_010_a_"},{"time":1.3333,"name":null}]},"gjgjgj_1_000_2":{"attachment":[{"time":1.0333,"name":"gjgjgj_1_009_a_"},{"time":1.2,"name":null}]},"gjgjgj_2_000_":{"attachment":[{"time":0,"name":null},{"time":1.0333,"name":"gjgjgj_2_009_"},{"time":1.2,"name":"gjgjgj_2_010_"},{"time":1.3333,"name":"gjgjgj_2_011_"},{"time":1.4667,"name":"gjgjgj_2_012_"},{"time":1.6,"name":"gjgjgj_2_013_"},{"time":1.7333,"name":"gjgjgj_2_014_"},{"time":1.8333,"name":"gjgjgj_2_015_"},{"time":1.9333,"name":"gjgjgj_2_016_"}]},"gjgjgj_3_000_":{"attachment":[{"time":0,"name":null},{"time":1.0333,"name":"gjgjgj_3_009_"},{"time":1.2,"name":"gjgjgj_3_010_"},{"time":1.3333,"name":"gjgjgj_3_011_"},{"time":1.4667,"name":"gjgjgj_3_012_"},{"time":1.6,"name":"gjgjgj_3_013_"},{"time":1.7333,"name":"gjgjgj_3_014_"},{"time":1.8333,"name":"gjgjgj_3_015_"},{"time":1.9333,"name":"gjgjgj_3_016_"},{"time":2.0333,"name":"gjgjgj_3_016_"}]},"gjgjgj_3_015_a":{"attachment":[{"time":1.8333,"name":"gjgjgj_3_015_a_"},{"time":1.9333,"name":null}]},"gjgjgj_4_000_":{"attachment":[{"time":1.0333,"name":"gjgjgj_4_009_"},{"time":1.2,"name":"gjgjgj_4_010_"},{"time":1.3333,"name":"gjgjgj_4_011_"},{"time":1.4667,"name":"gjgjgj_4_012_"},{"time":1.6,"name":null}]}}}}}