{"skeleton":{"hash":"m23uZvHmiJmTKLQzUskKxFdTjnA","spine":"3.7.94","width":300,"height":355.5,"images":"","audio":""},"bones":[{"name":"root"},{"name":"xin","parent":"root","y":250},{"name":"ren","parent":"root","x":-4,"y":111},{"name":"ying","parent":"root","x":-55,"y":27,"scaleX":2,"scaleY":2},{"name":"wen","parent":"root","x":57.18,"y":113.33}],"slots":[{"name":"ying_00_","bone":"ying","attachment":"ying_00_"},{"name":"dj_00_","bone":"ren","attachment":"dj_00_"},{"name":"s_xin_00_","bone":"xin","attachment":"s_xin_00_"},{"name":"xx_wen_00_","bone":"wen"}],"skins":{"default":{"dj_00_":{"dj_00_":{"width":160,"height":317},"dj_01_":{"width":160,"height":317},"dj_02_":{"width":160,"height":317},"dj_03_":{"width":160,"height":317},"dj_04_":{"width":160,"height":317},"dj_05_":{"width":160,"height":317},"dj_06_":{"width":160,"height":317},"dj_07_":{"width":160,"height":317},"dj_08_":{"width":160,"height":317},"dj_09_":{"width":160,"height":317},"dj_10_":{"width":160,"height":317},"dj_11_":{"width":160,"height":317},"dj_12_":{"width":160,"height":317},"dj_13_":{"width":160,"height":317},"dj_14_":{"width":160,"height":317},"dj_15_":{"width":160,"height":317},"dj_16_":{"width":160,"height":317},"dj_17_":{"width":160,"height":317},"dj_18_":{"width":160,"height":317},"dj_19_":{"width":160,"height":317},"xx_00_":{"width":160,"height":317},"xx_01_":{"width":160,"height":317},"xx_02_":{"width":160,"height":317},"xx_03_":{"width":160,"height":317},"xx_04_":{"width":160,"height":317},"xx_05_":{"width":160,"height":317},"xx_06_":{"width":160,"height":317},"xx_07_":{"width":160,"height":317},"xx_08_":{"width":160,"height":317},"xx_09_":{"width":160,"height":317},"xx_10_":{"width":160,"height":317},"xx_11_":{"width":160,"height":317},"xx_12_":{"width":160,"height":317},"xx_13_":{"width":160,"height":317},"xx_14_":{"width":160,"height":317},"xx_15_":{"width":160,"height":317},"xx_16_":{"width":160,"height":317},"xx_17_":{"width":160,"height":317},"xx_18_":{"width":160,"height":317},"xx_19_":{"width":160,"height":317}},"s_xin_00_":{"s_xin_00_":{"width":60,"height":75},"s_xin_01_":{"width":60,"height":75},"s_xin_02_":{"width":60,"height":75},"s_xin_03_":{"width":60,"height":75},"s_xin_04_":{"width":60,"height":75},"s_xin_05_":{"width":60,"height":75},"s_xin_06_":{"width":60,"height":75},"s_xin_07_":{"width":60,"height":75},"s_xin_08_":{"width":60,"height":75},"s_xin_09_":{"width":60,"height":75},"s_xin_10_":{"width":60,"height":75},"s_xin_11_":{"width":60,"height":75},"s_xin_12_":{"width":60,"height":75},"s_xin_13_":{"width":60,"height":75},"s_xin_14_":{"width":60,"height":75},"s_xin_15_":{"width":60,"height":75},"s_xin_16_":{"width":60,"height":75},"s_xin_17_":{"width":60,"height":75},"s_xin_18_":{"width":60,"height":75},"s_xin_19_":{"width":60,"height":75}},"xx_wen_00_":{"xx_wen_00_":{"x":149.07,"y":-88.83,"width":400,"height":344},"xx_wen_01_":{"x":149.07,"y":-88.83,"width":400,"height":344},"xx_wen_02_":{"x":149.07,"y":-88.83,"width":400,"height":344},"xx_wen_03_":{"x":149.07,"y":-88.83,"width":400,"height":344},"xx_wen_04_":{"x":149.07,"y":-88.83,"width":400,"height":344},"xx_wen_05_":{"x":149.07,"y":-88.83,"width":400,"height":344},"xx_wen_06_":{"x":149.07,"y":-88.83,"width":400,"height":344},"xx_wen_07_":{"x":149.07,"y":-88.83,"width":400,"height":344},"xx_wen_08_":{"x":149.07,"y":-88.83,"width":400,"height":344},"xx_wen_09_":{"x":149.07,"y":-88.83,"width":400,"height":344}},"ying_00_":{"ying_00_":{"width":150,"height":95},"ying_01_":{"width":150,"height":95},"ying_02_":{"width":150,"height":95},"ying_03_":{"width":150,"height":95},"ying_04_":{"width":150,"height":95},"ying_05_":{"width":150,"height":95},"ying_06_":{"width":150,"height":95},"ying_07_":{"width":150,"height":95},"ying_08_":{"width":150,"height":95},"ying_09_":{"width":150,"height":95},"ying_10_":{"width":150,"height":95},"ying_11_":{"width":150,"height":95},"ying_12_":{"width":150,"height":95},"ying_13_":{"width":150,"height":95},"ying_14_":{"width":150,"height":95},"ying_15_":{"width":150,"height":95},"ying_16_":{"width":150,"height":95},"ying_17_":{"width":150,"height":95},"ying_18_":{"width":150,"height":95},"ying_19_":{"width":150,"height":95},"ying_20_":{"width":150,"height":95},"ying_21_":{"width":150,"height":95},"ying_22_":{"width":150,"height":95},"ying_23_":{"width":150,"height":95},"ying_24_":{"width":150,"height":95},"ying_25_":{"width":150,"height":95},"ying_26_":{"width":150,"height":95},"ying_27_":{"width":150,"height":95},"ying_28_":{"width":150,"height":95},"ying_29_":{"width":150,"height":95},"ying_30_":{"width":150,"height":95},"ying_31_":{"width":150,"height":95},"ying_32_":{"width":150,"height":95},"ying_33_":{"width":150,"height":95},"ying_34_":{"width":150,"height":95},"ying_35_":{"width":150,"height":95},"ying_36_":{"width":150,"height":95},"ying_37_":{"width":150,"height":95},"ying_38_":{"width":150,"height":95},"ying_39_":{"width":150,"height":95}}}},"animations":{"animation":{"slots":{"dj_00_":{"attachment":[{"time":0,"name":"dj_00_"},{"time":0.1,"name":"dj_01_"},{"time":0.2,"name":"dj_02_"},{"time":0.3,"name":"dj_03_"},{"time":0.4,"name":"dj_04_"},{"time":0.5,"name":"dj_05_"},{"time":0.6,"name":"dj_06_"},{"time":0.7,"name":"dj_07_"},{"time":0.8,"name":"dj_08_"},{"time":0.9,"name":"dj_09_"},{"time":1,"name":"dj_10_"},{"time":1.1,"name":"dj_11_"},{"time":1.2,"name":"dj_12_"},{"time":1.3,"name":"dj_13_"},{"time":1.4,"name":"dj_14_"},{"time":1.5,"name":"dj_15_"},{"time":1.6,"name":"dj_16_"},{"time":1.7,"name":"dj_17_"},{"time":1.8,"name":"dj_18_"},{"time":1.9,"name":"dj_19_"},{"time":2,"name":"xx_00_"},{"time":2.1,"name":"xx_01_"},{"time":2.2,"name":"xx_02_"},{"time":2.3,"name":"xx_03_"},{"time":2.4,"name":"xx_04_"},{"time":2.5,"name":"xx_05_"},{"time":2.6,"name":"xx_06_"},{"time":2.7,"name":"xx_07_"},{"time":2.8,"name":"xx_08_"},{"time":2.9,"name":"xx_09_"},{"time":3,"name":"xx_10_"},{"time":3.1,"name":"xx_11_"},{"time":3.2,"name":"xx_12_"},{"time":3.3,"name":"xx_13_"},{"time":3.4,"name":"xx_14_"},{"time":3.5,"name":"xx_15_"},{"time":3.6,"name":"xx_16_"},{"time":3.7,"name":"xx_17_"},{"time":3.8,"name":"xx_18_"},{"time":3.9,"name":"xx_19_"},{"time":4,"name":"dj_00_"}]},"s_xin_00_":{"attachment":[{"time":0,"name":"s_xin_00_"},{"time":0.1,"name":"s_xin_01_"},{"time":0.2,"name":"s_xin_02_"},{"time":0.3,"name":"s_xin_03_"},{"time":0.4,"name":"s_xin_04_"},{"time":0.5,"name":"s_xin_05_"},{"time":0.6,"name":"s_xin_06_"},{"time":0.7,"name":"s_xin_07_"},{"time":0.8,"name":"s_xin_08_"},{"time":0.9,"name":"s_xin_09_"},{"time":1,"name":"s_xin_10_"},{"time":1.1,"name":"s_xin_11_"},{"time":1.2,"name":"s_xin_12_"},{"time":1.3,"name":"s_xin_13_"},{"time":1.4,"name":"s_xin_14_"},{"time":1.5,"name":"s_xin_15_"},{"time":1.6,"name":"s_xin_16_"},{"time":1.7,"name":"s_xin_17_"},{"time":1.8,"name":"s_xin_18_"},{"time":1.9,"name":"s_xin_19_"},{"time":2,"name":"s_xin_00_"},{"time":2.1,"name":"s_xin_01_"},{"time":2.2,"name":"s_xin_02_"},{"time":2.3,"name":"s_xin_03_"},{"time":2.4,"name":"s_xin_04_"},{"time":2.5,"name":"s_xin_05_"},{"time":2.6,"name":"s_xin_06_"},{"time":2.7,"name":"s_xin_07_"},{"time":2.8,"name":"s_xin_08_"},{"time":2.9,"name":"s_xin_09_"},{"time":3,"name":"s_xin_10_"},{"time":3.1,"name":"s_xin_11_"},{"time":3.2,"name":"s_xin_12_"},{"time":3.3,"name":"s_xin_13_"},{"time":3.4,"name":"s_xin_14_"},{"time":3.5,"name":"s_xin_15_"},{"time":3.6,"name":"s_xin_16_"},{"time":3.7,"name":"s_xin_17_"},{"time":3.8,"name":"s_xin_18_"},{"time":3.9,"name":"s_xin_19_"},{"time":4,"name":"s_xin_00_"}]},"xx_wen_00_":{"attachment":[{"time":2.9667,"name":"xx_wen_00_"},{"time":3.0667,"name":"xx_wen_01_"},{"time":3.1667,"name":"xx_wen_02_"},{"time":3.2667,"name":"xx_wen_03_"},{"time":3.3667,"name":"xx_wen_04_"},{"time":3.4667,"name":"xx_wen_05_"},{"time":3.5667,"name":"xx_wen_06_"},{"time":3.6667,"name":"xx_wen_07_"},{"time":3.7667,"name":"xx_wen_08_"},{"time":3.8667,"name":"xx_wen_09_"},{"time":3.9667,"name":null}]},"ying_00_":{"attachment":[{"time":0,"name":"ying_00_"},{"time":0.1,"name":"ying_01_"},{"time":0.2,"name":"ying_02_"},{"time":0.3,"name":"ying_03_"},{"time":0.4,"name":"ying_04_"},{"time":0.5,"name":"ying_05_"},{"time":0.6,"name":"ying_06_"},{"time":0.7,"name":"ying_07_"},{"time":0.8,"name":"ying_08_"},{"time":0.9,"name":"ying_09_"},{"time":1,"name":"ying_10_"},{"time":1.1,"name":"ying_11_"},{"time":1.2,"name":"ying_12_"},{"time":1.3,"name":"ying_13_"},{"time":1.4,"name":"ying_14_"},{"time":1.5,"name":"ying_15_"},{"time":1.6,"name":"ying_16_"},{"time":1.7,"name":"ying_17_"},{"time":1.8,"name":"ying_18_"},{"time":1.9,"name":"ying_19_"},{"time":2,"name":"ying_20_"},{"time":2.1,"name":"ying_21_"},{"time":2.2,"name":"ying_22_"},{"time":2.3,"name":"ying_23_"},{"time":2.4,"name":"ying_24_"},{"time":2.5,"name":"ying_25_"},{"time":2.6,"name":"ying_26_"},{"time":2.7,"name":"ying_27_"},{"time":2.8,"name":"ying_28_"},{"time":2.9,"name":"ying_29_"},{"time":3,"name":"ying_30_"},{"time":3.1,"name":"ying_31_"},{"time":3.2,"name":"ying_32_"},{"time":3.3,"name":"ying_33_"},{"time":3.4,"name":"ying_34_"},{"time":3.5,"name":"ying_35_"},{"time":3.6,"name":"ying_36_"},{"time":3.7,"name":"ying_37_"},{"time":3.8,"name":"ying_38_"},{"time":3.9,"name":"ying_39_"},{"time":4,"name":"ying_00_"}]}}}}}