{
"skeleton": { "hash": "jlMSGqMoArIySMRA5MQpPJxvciQ", "spine": "2.1.27", "width": 376, "height": 884.29 },
"bones": [
	{ "name": "root", "scaleX": 0.8, "scaleY": 0.8 },
	{ "name": "si_zi_0", "parent": "root", "length": 173.13, "x": 19.81, "y": 506.3, "rotation": 89.54 },
	{ "name": "si_zi_1", "parent": "root", "length": 176.62, "x": 19.81, "y": 505.61, "rotation": 89.09 },
	{ "name": "texiaodian_", "parent": "root", "x": 31.36, "y": 560.62 }
],
"slots": [
	{ "name": "shuaizi_wai_", "bone": "root", "attachment": "shuaizi_wai_" },
	{ "name": "shuangzi_shouhu_2", "bone": "si_zi_0", "attachment": "shuangzi_shouhu_" },
	{ "name": "shuangzi_shouhu_3", "bone": "si_zi_1", "attachment": "shuangzi_shouhu_" },
	{ "name": "12skin_01_", "bone": "root", "attachment": "12skin_01_", "blend": "additive" },
	{ "name": "12skin_02_", "bone": "root", "attachment": "12skin_02_", "blend": "additive" },
	{ "name": "12skin_03_", "bone": "root", "attachment": "12skin_03_", "blend": "additive" },
	{ "name": "12skin_04_", "bone": "root", "attachment": "12skin_04_", "blend": "additive" },
	{ "name": "12skin_05_", "bone": "root", "attachment": "12skin_05_", "blend": "additive" },
	{ "name": "12skin_06_", "bone": "root", "attachment": "12skin_06_", "blend": "additive" }
],
"skins": {
	"default": {
		"12skin_01_": {
			"12skin_01_": { "y": 636.8, "scaleX": 3.03, "scaleY": 3.03, "width": 128, "height": 300 }
		},
		"12skin_02_": {
			"12skin_02_": { "y": 636.8, "scaleX": 3.03, "scaleY": 3.03, "width": 128, "height": 300 }
		},
		"12skin_03_": {
			"12skin_03_": { "y": 636.8, "scaleX": 3.03, "scaleY": 3.03, "width": 128, "height": 300 }
		},
		"12skin_04_": {
			"12skin_04_": { "y": 636.8, "scaleX": 3.03, "scaleY": 3.03, "width": 128, "height": 300 }
		},
		"12skin_05_": {
			"12skin_05_": { "y": 636.8, "scaleX": 3.03, "scaleY": 3.03, "width": 128, "height": 300 }
		},
		"12skin_06_": {
			"12skin_06_": { "y": 636.8, "scaleX": 3.03, "scaleY": 3.03, "width": 128, "height": 300 }
		},
		"shuaizi_wai_": {
			"shuaizi_wai_": { "x": -20.11, "y": 171.93, "width": 470, "height": 372 }
		},
		"shuangzi_shouhu_2": {
			"shuangzi_shouhu_": { "x": -24.25, "y": 1.64, "rotation": -89.54, "width": 372, "height": 509 }
		},
		"shuangzi_shouhu_3": {
			"shuangzi_shouhu_": { "x": -23.31, "y": 0.88, "rotation": -89.09, "width": 372, "height": 509 }
		}
	}
},
"animations": {
	"chuzheng": {
		"slots": {
			"12skin_01_": {
				"attachment": [
					{ "time": 0, "name": null },
					{ "time": 0.5666, "name": null },
					{ "time": 0.6, "name": "12skin_01_" },
					{ "time": 0.6666, "name": "12skin_01_" },
					{ "time": 0.7, "name": null },
					{ "time": 14.6, "name": null }
				]
			},
			"12skin_02_": {
				"attachment": [
					{ "time": 0, "name": null },
					{ "time": 0.6666, "name": null },
					{ "time": 0.7, "name": "12skin_02_" },
					{ "time": 0.7666, "name": "12skin_02_" },
					{ "time": 0.8, "name": null },
					{ "time": 14.6, "name": null }
				]
			},
			"12skin_03_": {
				"attachment": [
					{ "time": 0, "name": null },
					{ "time": 0.7666, "name": null },
					{ "time": 0.8, "name": "12skin_03_" },
					{ "time": 0.8666, "name": "12skin_03_" },
					{ "time": 0.9, "name": null },
					{ "time": 14.6, "name": null }
				]
			},
			"12skin_04_": {
				"attachment": [
					{ "time": 0, "name": null },
					{ "time": 0.8666, "name": null },
					{ "time": 0.9, "name": "12skin_04_" },
					{ "time": 0.9666, "name": "12skin_04_" },
					{ "time": 1, "name": null },
					{ "time": 14.6, "name": null }
				]
			},
			"12skin_05_": {
				"attachment": [
					{ "time": 0, "name": null },
					{ "time": 0.9666, "name": null },
					{ "time": 1, "name": "12skin_05_" },
					{ "time": 1.0666, "name": "12skin_05_" },
					{ "time": 1.1, "name": null },
					{ "time": 14.6, "name": null }
				]
			},
			"12skin_06_": {
				"attachment": [
					{ "time": 0, "name": null },
					{ "time": 1.0666, "name": null },
					{ "time": 1.1, "name": "12skin_06_" },
					{ "time": 1.2666, "name": "12skin_06_" },
					{ "time": 1.3, "name": null },
					{ "time": 14.6, "name": null }
				],
				"color": [
					{ "time": 0, "color": "ffffffff", "curve": "stepped" },
					{ "time": 1.0666, "color": "ffffffff", "curve": "stepped" },
					{ "time": 1.1, "color": "ffffffff" },
					{ "time": 1.3666, "color": "ffffff01" },
					{ "time": 1.4, "color": "ffffffff", "curve": "stepped" },
					{ "time": 14.6, "color": "ffffffff" }
				]
			},
			"shuangzi_shouhu_2": {
				"attachment": [
					{ "time": 0, "name": null },
					{ "time": 0.2333, "name": null },
					{ "time": 0.2666, "name": "shuangzi_shouhu_" },
					{ "time": 14.6, "name": null }
				],
				"color": [
					{ "time": 0, "color": "ffffffff", "curve": "stepped" },
					{ "time": 0.2333, "color": "ffffffff" },
					{ "time": 0.2666, "color": "ffffff00" },
					{ "time": 0.8333, "color": "ffffff9e" },
					{ "time": 1.2, "color": "ffffffff", "curve": "stepped" },
					{ "time": 1.4, "color": "ffffffff" },
					{ "time": 2.8666, "color": "ffffff85" },
					{ "time": 4.1333, "color": "ffffffff" },
					{ "time": 5.6333, "color": "ffffff85" },
					{ "time": 7.1, "color": "ffffffff" },
					{ "time": 8.6666, "color": "ffffff85" },
					{ "time": 9.9333, "color": "ffffffff" },
					{ "time": 11.4333, "color": "ffffff85" },
					{ "time": 12.9333, "color": "ffffffff" },
					{ "time": 14.5666, "color": "ffffff00" },
					{ "time": 14.6, "color": "ffffffff" }
				]
			},
			"shuangzi_shouhu_3": {
				"attachment": [
					{ "time": 0, "name": null },
					{ "time": 0.1333, "name": null },
					{ "time": 0.1666, "name": "shuangzi_shouhu_" },
					{ "time": 1.0333, "name": "shuangzi_shouhu_" },
					{ "time": 1.0666, "name": null },
					{ "time": 14.6, "name": null }
				],
				"color": [
					{ "time": 0, "color": "ffffffff", "curve": "stepped" },
					{ "time": 0.1333, "color": "ffffffff" },
					{ "time": 0.1666, "color": "ffffff00" },
					{ "time": 0.3666, "color": "ffffffff" },
					{ "time": 0.8, "color": "ffffff7a" },
					{ "time": 1.0333, "color": "ffffff00", "curve": "stepped" },
					{ "time": 14.5666, "color": "ffffff00" },
					{ "time": 14.6, "color": "ffffffff" }
				]
			}
		},
		"bones": {
			"root": {
				"scale": [
					{ "time": 0, "x": 1, "y": 1, "curve": "stepped" },
					{ "time": 14.6, "x": 1, "y": 1 }
				]
			},
			"si_zi_0": {
				"translate": [
					{ "time": 0, "x": -29.49, "y": 0 }
				],
				"scale": [
					{ "time": 0, "x": 0.95, "y": 0.95, "curve": "stepped" },
					{ "time": 14.6, "x": 0.95, "y": 0.95 }
				]
			},
			"si_zi_1": {
				"translate": [
					{ "time": 0, "x": -29.49, "y": 0.59 },
					{ "time": 14.6, "x": -1.16, "y": 0.59 }
				],
				"scale": [
					{ "time": 0, "x": 0.75, "y": 0.75, "curve": "stepped" },
					{ "time": 0.1333, "x": 0.75, "y": 0.75 },
					{ "time": 0.3666, "x": 1.369, "y": 1.369 },
					{ "time": 0.8333, "x": 1.422, "y": 1.422, "curve": "stepped" },
					{ "time": 14.6, "x": 1.422, "y": 1.422 }
				]
			}
		},
		"drawOrder": [
			{ "time": 0 },
			{ "time": 1.0666 },
			{
				"time": 1.4,
				"offsets": [
					{ "slot": "shuaizi_wai_", "offset": 6 }
				]
			},
			{ "time": 14.6 }
		]
	},
	"dj": {
		"slots": {
			"12skin_01_": {
				"attachment": [
					{ "time": 0, "name": null },
					{ "time": 1, "name": null }
				]
			},
			"12skin_02_": {
				"attachment": [
					{ "time": 0, "name": null },
					{ "time": 1, "name": null }
				]
			},
			"12skin_03_": {
				"attachment": [
					{ "time": 0, "name": null },
					{ "time": 1, "name": null }
				]
			},
			"12skin_04_": {
				"attachment": [
					{ "time": 0, "name": null },
					{ "time": 1, "name": null }
				]
			},
			"12skin_05_": {
				"attachment": [
					{ "time": 0, "name": null },
					{ "time": 1, "name": null }
				]
			},
			"12skin_06_": {
				"attachment": [
					{ "time": 0, "name": null },
					{ "time": 1, "name": null }
				]
			},
			"shuangzi_shouhu_2": {
				"attachment": [
					{ "time": 0, "name": null },
					{ "time": 1, "name": null }
				]
			},
			"shuangzi_shouhu_3": {
				"attachment": [
					{ "time": 0, "name": null },
					{ "time": 1, "name": null }
				]
			}
		},
		"bones": {
			"root": {
				"rotate": [
					{ "time": 0, "angle": 0, "curve": "stepped" },
					{ "time": 1, "angle": 0 }
				],
				"translate": [
					{ "time": 0, "x": 0, "y": 0, "curve": "stepped" },
					{ "time": 1, "x": 0, "y": 0 }
				],
				"scale": [
					{ "time": 0, "x": 1, "y": 1, "curve": "stepped" },
					{ "time": 1, "x": 1, "y": 1 }
				]
			}
		}
	},
	"gj": {
		"slots": {
			"12skin_01_": {
				"attachment": [
					{ "time": 0, "name": null },
					{ "time": 0.5666, "name": null },
					{ "time": 0.6, "name": "12skin_01_" },
					{ "time": 0.6666, "name": "12skin_01_" },
					{ "time": 0.7, "name": null },
					{ "time": 14.6, "name": null }
				]
			},
			"12skin_02_": {
				"attachment": [
					{ "time": 0, "name": null },
					{ "time": 0.6666, "name": null },
					{ "time": 0.7, "name": "12skin_02_" },
					{ "time": 0.7666, "name": "12skin_02_" },
					{ "time": 0.8, "name": null },
					{ "time": 14.6, "name": null }
				]
			},
			"12skin_03_": {
				"attachment": [
					{ "time": 0, "name": null },
					{ "time": 0.7666, "name": null },
					{ "time": 0.8, "name": "12skin_03_" },
					{ "time": 0.8666, "name": "12skin_03_" },
					{ "time": 0.9, "name": null },
					{ "time": 14.6, "name": null }
				]
			},
			"12skin_04_": {
				"attachment": [
					{ "time": 0, "name": null },
					{ "time": 0.8666, "name": null },
					{ "time": 0.9, "name": "12skin_04_" },
					{ "time": 0.9666, "name": "12skin_04_" },
					{ "time": 1, "name": null },
					{ "time": 14.6, "name": null }
				]
			},
			"12skin_05_": {
				"attachment": [
					{ "time": 0, "name": null },
					{ "time": 0.9666, "name": null },
					{ "time": 1, "name": "12skin_05_" },
					{ "time": 1.0666, "name": "12skin_05_" },
					{ "time": 1.1, "name": null },
					{ "time": 14.6, "name": null }
				]
			},
			"12skin_06_": {
				"attachment": [
					{ "time": 0, "name": null },
					{ "time": 1.0666, "name": null },
					{ "time": 1.1, "name": "12skin_06_" },
					{ "time": 1.2666, "name": "12skin_06_" },
					{ "time": 1.3, "name": null },
					{ "time": 14.6, "name": null }
				],
				"color": [
					{ "time": 0, "color": "ffffffff", "curve": "stepped" },
					{ "time": 1.0666, "color": "ffffffff", "curve": "stepped" },
					{ "time": 1.1, "color": "ffffffff" },
					{ "time": 1.3666, "color": "ffffff01" },
					{ "time": 1.4, "color": "ffffffff", "curve": "stepped" },
					{ "time": 14.6, "color": "ffffffff" }
				]
			},
			"shuangzi_shouhu_2": {
				"attachment": [
					{ "time": 0, "name": null },
					{ "time": 0.2333, "name": null },
					{ "time": 0.2666, "name": "shuangzi_shouhu_" },
					{ "time": 14.6, "name": null }
				],
				"color": [
					{ "time": 0, "color": "ffffffff", "curve": "stepped" },
					{ "time": 0.2333, "color": "ffffffff" },
					{ "time": 0.2666, "color": "ffffff00" },
					{ "time": 0.8333, "color": "ffffff9e" },
					{ "time": 1.2, "color": "ffffffff", "curve": "stepped" },
					{ "time": 1.4, "color": "ffffffff" },
					{ "time": 2.8666, "color": "ffffff85" },
					{ "time": 4.1333, "color": "ffffffff" },
					{ "time": 5.6333, "color": "ffffff85" },
					{ "time": 7.1, "color": "ffffffff" },
					{ "time": 8.6666, "color": "ffffff85" },
					{ "time": 9.9333, "color": "ffffffff" },
					{ "time": 11.4333, "color": "ffffff85" },
					{ "time": 12.9333, "color": "ffffffff" },
					{ "time": 14.5666, "color": "ffffff00" },
					{ "time": 14.6, "color": "ffffffff" }
				]
			},
			"shuangzi_shouhu_3": {
				"attachment": [
					{ "time": 0, "name": null },
					{ "time": 0.1333, "name": null },
					{ "time": 0.1666, "name": "shuangzi_shouhu_" },
					{ "time": 1.0333, "name": "shuangzi_shouhu_" },
					{ "time": 1.0666, "name": null },
					{ "time": 14.6, "name": null }
				],
				"color": [
					{ "time": 0, "color": "ffffffff", "curve": "stepped" },
					{ "time": 0.1333, "color": "ffffffff" },
					{ "time": 0.1666, "color": "ffffff00" },
					{ "time": 0.3666, "color": "ffffffff" },
					{ "time": 0.8, "color": "ffffff7a" },
					{ "time": 1.0333, "color": "ffffff00", "curve": "stepped" },
					{ "time": 14.5666, "color": "ffffff00" },
					{ "time": 14.6, "color": "ffffffff" }
				]
			}
		},
		"bones": {
			"root": {
				"scale": [
					{ "time": 0, "x": 1, "y": 1, "curve": "stepped" },
					{ "time": 14.6, "x": 1, "y": 1 }
				]
			},
			"si_zi_0": {
				"translate": [
					{ "time": 0, "x": -29.49, "y": 0 }
				],
				"scale": [
					{ "time": 0, "x": 0.95, "y": 0.95, "curve": "stepped" },
					{ "time": 14.6, "x": 0.95, "y": 0.95 }
				]
			},
			"si_zi_1": {
				"translate": [
					{ "time": 0, "x": -29.49, "y": 0.59, "curve": "stepped" },
					{ "time": 14.6, "x": -29.49, "y": 0.59 }
				],
				"scale": [
					{ "time": 0, "x": 0.75, "y": 0.75, "curve": "stepped" },
					{ "time": 0.1333, "x": 0.75, "y": 0.75 },
					{ "time": 0.3666, "x": 1.369, "y": 1.369 },
					{ "time": 0.8333, "x": 1.422, "y": 1.422, "curve": "stepped" },
					{ "time": 14.6, "x": 1.422, "y": 1.422 }
				]
			}
		},
		"drawOrder": [
			{ "time": 0 },
			{ "time": 1.0666 },
			{
				"time": 1.4,
				"offsets": [
					{ "slot": "shuaizi_wai_", "offset": 6 }
				]
			},
			{ "time": 14.6 }
		]
	},
	"show": {
		"slots": {
			"12skin_01_": {
				"attachment": [
					{ "time": 0, "name": null },
					{ "time": 1, "name": null },
					{ "time": 1.5666, "name": null },
					{ "time": 1.6, "name": "12skin_01_" },
					{ "time": 1.6666, "name": "12skin_01_" },
					{ "time": 1.7, "name": null },
					{ "time": 15.6, "name": null }
				]
			},
			"12skin_02_": {
				"attachment": [
					{ "time": 0, "name": null },
					{ "time": 1, "name": null },
					{ "time": 1.6666, "name": null },
					{ "time": 1.7, "name": "12skin_02_" },
					{ "time": 1.7666, "name": "12skin_02_" },
					{ "time": 1.8, "name": null },
					{ "time": 15.6, "name": null }
				]
			},
			"12skin_03_": {
				"attachment": [
					{ "time": 0, "name": null },
					{ "time": 1, "name": null },
					{ "time": 1.7666, "name": null },
					{ "time": 1.8, "name": "12skin_03_" },
					{ "time": 1.8666, "name": "12skin_03_" },
					{ "time": 1.9, "name": null },
					{ "time": 15.6, "name": null }
				]
			},
			"12skin_04_": {
				"attachment": [
					{ "time": 0, "name": null },
					{ "time": 1, "name": null },
					{ "time": 1.8666, "name": null },
					{ "time": 1.9, "name": "12skin_04_" },
					{ "time": 1.9666, "name": "12skin_04_" },
					{ "time": 2, "name": null },
					{ "time": 15.6, "name": null }
				]
			},
			"12skin_05_": {
				"attachment": [
					{ "time": 0, "name": null },
					{ "time": 1, "name": null },
					{ "time": 1.9666, "name": null },
					{ "time": 2, "name": "12skin_05_" },
					{ "time": 2.0666, "name": "12skin_05_" },
					{ "time": 2.1, "name": null },
					{ "time": 15.6, "name": null }
				]
			},
			"12skin_06_": {
				"attachment": [
					{ "time": 0, "name": null },
					{ "time": 1, "name": null },
					{ "time": 2.0666, "name": null },
					{ "time": 2.1, "name": "12skin_06_" },
					{ "time": 2.2666, "name": "12skin_06_" },
					{ "time": 2.3, "name": null },
					{ "time": 15.6, "name": null }
				],
				"color": [
					{ "time": 0, "color": "ffffffff", "curve": "stepped" },
					{ "time": 1, "color": "ffffffff", "curve": "stepped" },
					{ "time": 2.0666, "color": "ffffffff", "curve": "stepped" },
					{ "time": 2.1, "color": "ffffffff" },
					{ "time": 2.3666, "color": "ffffff01" },
					{ "time": 2.4, "color": "ffffffff", "curve": "stepped" },
					{ "time": 15.6, "color": "ffffffff" }
				]
			},
			"shuangzi_shouhu_2": {
				"attachment": [
					{ "time": 0, "name": null },
					{ "time": 1, "name": null },
					{ "time": 1.2333, "name": null },
					{ "time": 1.2666, "name": "shuangzi_shouhu_" },
					{ "time": 15.6, "name": null }
				],
				"color": [
					{ "time": 0, "color": "ffffffff", "curve": "stepped" },
					{ "time": 1, "color": "ffffffff", "curve": "stepped" },
					{ "time": 1.2333, "color": "ffffffff" },
					{ "time": 1.2666, "color": "ffffff00" },
					{ "time": 1.8333, "color": "ffffff9e" },
					{ "time": 2.2, "color": "ffffffff", "curve": "stepped" },
					{ "time": 2.4, "color": "ffffffff" },
					{ "time": 3.8666, "color": "ffffff85" },
					{ "time": 5.1333, "color": "ffffffff" },
					{ "time": 6.6333, "color": "ffffff85" },
					{ "time": 8.1, "color": "ffffffff" },
					{ "time": 9.6666, "color": "ffffff85" },
					{ "time": 10.9333, "color": "ffffffff" },
					{ "time": 12.4333, "color": "ffffff85" },
					{ "time": 13.9333, "color": "ffffffff" },
					{ "time": 15.5666, "color": "ffffff00" },
					{ "time": 15.6, "color": "ffffffff" }
				]
			},
			"shuangzi_shouhu_3": {
				"attachment": [
					{ "time": 0, "name": null },
					{ "time": 1, "name": null },
					{ "time": 1.1333, "name": null },
					{ "time": 1.1666, "name": "shuangzi_shouhu_" },
					{ "time": 2.0333, "name": "shuangzi_shouhu_" },
					{ "time": 2.0666, "name": null },
					{ "time": 15.6, "name": null }
				],
				"color": [
					{ "time": 0, "color": "ffffffff", "curve": "stepped" },
					{ "time": 1, "color": "ffffffff", "curve": "stepped" },
					{ "time": 1.1333, "color": "ffffffff" },
					{ "time": 1.1666, "color": "ffffff00" },
					{ "time": 1.3666, "color": "ffffffff" },
					{ "time": 1.8, "color": "ffffff7a" },
					{ "time": 2.0333, "color": "ffffff00", "curve": "stepped" },
					{ "time": 15.5666, "color": "ffffff00" },
					{ "time": 15.6, "color": "ffffffff" }
				]
			}
		},
		"bones": {
			"root": {
				"scale": [
					{ "time": 0, "x": 1, "y": 1, "curve": "stepped" },
					{ "time": 1, "x": 1, "y": 1, "curve": "stepped" },
					{ "time": 15.6, "x": 1, "y": 1 }
				]
			},
			"si_zi_0": {
				"translate": [
					{ "time": 0, "x": -29.49, "y": 0 }
				],
				"scale": [
					{ "time": 0, "x": 0.95, "y": 0.95, "curve": "stepped" },
					{ "time": 1, "x": 0.95, "y": 0.95, "curve": "stepped" },
					{ "time": 15.6, "x": 0.95, "y": 0.95 }
				]
			},
			"si_zi_1": {
				"translate": [
					{ "time": 0, "x": -30.66, "y": 0.59, "curve": "stepped" },
					{ "time": 1, "x": -30.66, "y": 0.59, "curve": "stepped" },
					{ "time": 15.6, "x": -30.66, "y": 0.59 }
				],
				"scale": [
					{ "time": 0, "x": 0.75, "y": 0.75, "curve": "stepped" },
					{ "time": 1, "x": 0.75, "y": 0.75, "curve": "stepped" },
					{ "time": 1.1333, "x": 0.75, "y": 0.75 },
					{ "time": 1.3666, "x": 1.369, "y": 1.369 },
					{ "time": 1.8333, "x": 1.422, "y": 1.422, "curve": "stepped" },
					{ "time": 15.6, "x": 1.422, "y": 1.422 }
				]
			}
		},
		"drawOrder": [
			{ "time": 0 },
			{ "time": 1 },
			{ "time": 2.0666 },
			{
				"time": 2.4,
				"offsets": [
					{ "slot": "shuaizi_wai_", "offset": 6 }
				]
			},
			{ "time": 15.6 }
		]
	}
}
}