{
"skeleton": { "hash": "qww6Xpeuix/++Xhmju4LLGkeHBI", "spine": "2.1.27", "width": 203.11, "height": 47.68 },
"bones": [
	{ "name": "root" },
	{ "name": "bone", "parent": "root", "length": 6.98, "x": 45.95, "y": 17.1, "rotation": -78.43 },
	{ "name": "bone11", "parent": "root", "length": 6.98, "x": 124.66, "y": 17.16, "rotation": -91.85 },
	{ "name": "bone21", "parent": "root", "length": 6.98, "x": -30.92, "y": 16.81, "rotation": -78.43 },
	{ "name": "bone12", "parent": "bone11", "length": 6.11, "x": 7.08, "y": -0.13, "rotation": 15.94 },
	{ "name": "bone15", "parent": "bone11", "length": 7.63, "x": -0.5, "y": 0.1, "rotation": -175.94 },
	{ "name": "bone2", "parent": "bone", "length": 6.11, "x": 7.08, "y": -0.13, "rotation": 15.94 },
	{ "name": "bone22", "parent": "bone21", "length": 6.11, "x": 7.08, "y": -0.13, "rotation": 15.94 },
	{ "name": "bone25", "parent": "bone21", "length": 7.63, "x": -0.5, "y": 0.1, "rotation": -175.94 },
	{ "name": "bone5", "parent": "bone", "length": 7.63, "x": -0.5, "y": 0.1, "rotation": -175.94 },
	{ "name": "bone13", "parent": "bone12", "length": 4.29, "x": 5.99, "y": -0.21, "rotation": 21.25 },
	{ "name": "bone16", "parent": "bone15", "length": 14.06, "x": 7.63, "rotation": -13.71 },
	{ "name": "bone17", "parent": "bone15", "length": 6.22, "x": 7.43, "y": 9.3, "rotation": 158.51 },
	{ "name": "bone19", "parent": "bone15", "length": 6.75, "x": 6.02, "y": -11.46, "rotation": 171.05 },
	{ "name": "bone23", "parent": "bone22", "length": 4.29, "x": 5.99, "y": -0.21, "rotation": 21.25 },
	{ "name": "bone26", "parent": "bone25", "length": 14.06, "x": 7.63, "rotation": -13.71 },
	{ "name": "bone27", "parent": "bone25", "length": 6.22, "x": 7.43, "y": 9.3, "rotation": 158.51 },
	{ "name": "bone29", "parent": "bone25", "length": 6.75, "x": 6.02, "y": -11.46, "rotation": 171.05 },
	{ "name": "bone3", "parent": "bone2", "length": 4.29, "x": 5.99, "y": -0.21, "rotation": 21.25 },
	{ "name": "bone6", "parent": "bone5", "length": 14.06, "x": 7.63, "rotation": -13.71 },
	{ "name": "bone7", "parent": "bone5", "length": 6.22, "x": 7.43, "y": 9.3, "rotation": 158.51 },
	{ "name": "bone9", "parent": "bone5", "length": 6.75, "x": 6.02, "y": -11.46, "rotation": 171.05 },
	{ "name": "bone10", "parent": "bone9", "length": 8.89, "x": 7.03, "y": 0.21, "rotation": 12.43 },
	{ "name": "bone14", "parent": "bone13", "length": 6.53, "x": 4.49, "y": 0.16, "rotation": 31.88 },
	{ "name": "bone18", "parent": "bone17", "length": 7.42, "x": 6.22, "y": -0.01, "rotation": 13.71 },
	{ "name": "bone20", "parent": "bone19", "length": 8.89, "x": 7.03, "y": 0.21, "rotation": 12.43 },
	{ "name": "bone24", "parent": "bone23", "length": 6.53, "x": 4.49, "y": 0.16, "rotation": 31.88 },
	{ "name": "bone28", "parent": "bone27", "length": 7.42, "x": 6.22, "y": -0.01, "rotation": 13.71 },
	{ "name": "bone30", "parent": "bone29", "length": 8.89, "x": 7.03, "y": 0.21, "rotation": 12.43 },
	{ "name": "bone4", "parent": "bone3", "length": 6.53, "x": 4.49, "y": 0.16, "rotation": 31.88 },
	{ "name": "bone8", "parent": "bone7", "length": 7.42, "x": 6.22, "y": -0.01, "rotation": 13.71 }
],
"slots": [
	{ "name": "gui_hun_", "bone": "root", "attachment": "gui_hun_" },
	{ "name": "gui_hun_2", "bone": "root", "attachment": "gui_hun_" },
	{ "name": "gui_hun_1", "bone": "root", "attachment": "gui_hun_" }
],
"skins": {
	"default": {
		"gui_hun_": {
			"gui_hun_": {
				"type": "skinnedmesh",
				"uvs": [ 1, 0.70387, 1, 0.80479, 1, 1, 0.82829, 1, 0.75744, 1, 0.64772, 1, 0.53801, 1, 0, 1, 0, 0.93279, 0, 0.77279, 0, 0.61033, 0, 0.47987, 0, 0.35925, 0, 0.25341, 0, 0, 0.30944, 0, 0.49915, 0, 1, 0, 0.20201, 0.11556, 0.20201, 0.33464, 0.13801, 0.28048, 0.05344, 0.23864, 0.07858, 0.91802, 0.32315, 0.82448, 0.46029, 0.9451, 0.78487, 0.92048, 0.70258, 0.90571, 0.65915, 0.90571, 0.64544, 0.81956, 0.78029, 0.78756, 0.91286, 0.76787, 0.61572, 0.13033, 0.62487, 0.2731, 0.66829, 0.29771, 0.75744, 0.16479, 0.83287, 0.16971, 0.92201, 0.37894, 0.2327, 0.45874, 0.62957, 0.39813, 0.25949, 0.56707, 0.63411, 0.51875, 0.28992, 0.69011, 0.63885, 0.64448, 0.64318, 0.75968, 0.89686, 0.31987, 0.94486, 0.52417 ],
				"triangles": [ 45, 36, 17, 28, 24, 43, 40, 36, 45, 41, 42, 43, 42, 41, 40, 1, 25, 30, 25, 29, 30, 28, 43, 29, 30, 0, 1, 30, 29, 0, 0, 29, 43, 43, 42, 0, 42, 45, 0, 42, 40, 45, 45, 17, 0, 29, 26, 28, 40, 39, 38, 36, 38, 44, 36, 40, 38, 38, 33, 44, 38, 32, 33, 36, 44, 17, 33, 35, 44, 44, 35, 17, 33, 34, 35, 33, 32, 34, 35, 34, 17, 7, 22, 24, 22, 23, 24, 7, 8, 22, 8, 9, 22, 23, 22, 41, 22, 9, 41, 23, 41, 43, 39, 9, 10, 39, 41, 9, 41, 39, 40, 37, 10, 11, 37, 39, 10, 39, 37, 38, 11, 19, 37, 19, 12, 20, 19, 11, 12, 37, 19, 38, 12, 21, 20, 12, 13, 21, 13, 14, 21, 20, 21, 18, 32, 19, 18, 31, 18, 16, 18, 15, 16, 18, 14, 15, 32, 18, 31, 21, 14, 18, 19, 20, 18, 34, 31, 16, 32, 31, 34, 19, 32, 38, 17, 34, 16, 26, 27, 28, 26, 29, 25, 5, 27, 26, 5, 26, 4, 3, 1, 2, 4, 25, 3, 1, 3, 25, 4, 26, 25, 5, 6, 27, 6, 24, 27, 7, 24, 6, 24, 28, 27, 24, 23, 43 ],
				"vertices": [ 1, 28, 11.13, 9.38, 1, 1, 28, 14.85, 8.09, 1, 3, 14, 17.1, 9.43999, 1.0E-5, 26, 15.61, 1.22, 0.76889, 28, 22.04, 5.6, 0.23109, 2, 14, 11.67, 4.69, 4.3E-4, 26, 8.49, 0.05, 0.99956, 1, 26, 5.56, -0.43, 1, 2, 14, 5.97, -0.3, 0.11, 26, 1.01, -1.16999, 0.89, 3, 7, 9.54, -2.42, 0.0644, 14, 2.5, -3.34, 0.8556, 26, -3.53, -1.92, 0.08, 2, 26, -25.83, -5.58, 0, 27, 14.35, -9.47999, 0.99999, 4, 7, -3.22, -21.25, 8.2E-4, 26, -26.25, -3, 0, 16, 19.79999, -6.09, 3.5E-4, 27, 11.75, -9.12, 0.99881, 1, 27, 5.57, -8.27, 1, 3, 16, 7.29, -7.37, 0.16999, 27, -0.69, -7.4, 0.83, 17, 7.39, -29.51, 0, 2, 16, 2.23, -7.89, 0.79, 27, -5.74, -6.71, 0.21, 1, 16, -2.44, -8.35999, 1, 1, 16, -6.54, -8.78, 1, 1, 15, 15.14, 16.46999, 1, 1, 15, 14.7, 3.48, 1, 1, 15, 14.44, -4.46999, 1, 1, 15, 13.73, -25.49, 1, 1, 15, 10.35, 8.14999, 1, 4, 8, 11.4, 7.76, 0.0235, 15, 1.81, 8.43, 0.74, 16, -4.26, -0.02, 0.23648, 17, -2.3, -19.84, 0, 1, 16, -6.08, -2.91, 1, 1, 16, -7.35, -6.61, 1, 1, 27, 11.63, -5.77, 1, 2, 7, -0.69, -7.26, 0.32, 27, 9.42, 4.89, 0.68, 2, 7, 6.13, -4.32, 0.14, 14, -1.35, -3.88, 0.86, 1, 26, 6.19, 2.81, 1, 2, 14, 5.28, 3.98, 0.18, 26, 2.69, 2.82, 0.82, 3, 7, 8.63, 3.79, 0.19, 14, 3.91, 2.77, 0.5508, 26, 0.89, 2.52, 0.2592, 2, 7, 5.38, 4.83, 0.2, 28, 10.52, -6.16, 0.8, 1, 28, 11.19, -0.4, 1, 1, 28, 12.29, 5.1, 1, 1, 15, 9.18999, -9.18999, 1, 6, 26, -4.52, 26.64, 0, 8, 8.92, -9.97999, 0.0078, 15, 3.61, -9.39, 0.85, 16, -8.45, 17.39, 7.0E-5, 27, -10.14, 20.39, 0, 17, -2.61999, -1.92, 0.14212, 2, 15, 2.58999, -11.18, 0.02, 17, -1.45, -0.22, 0.98, 1, 17, -6.17, 4.09, 1, 1, 17, -5.61, 7.22, 1, 2, 17, 2.92, 9.99, 0.91, 28, -1.91, 10.43, 0.09, 4, 3, -6.32, -8.16, 0.0041, 26, -19.6, 16.82, 0, 8, 6.39, 7.83, 0.01524, 16, 0.42, 1.74, 0.98064, 6, 3, -5.29, 8.63, 0.00635, 26, -3.54, 21.86, 0, 8, 4.17, -8.85, 0.10466, 15, -1.26, -9.42, 0.08636, 27, -5.28, 19.92, 0, 17, 2.24, -2.29, 0.80261, 6, 3, -1.96, -7.91, 0.07751, 7, -10.83, -4.98999, 0, 26, -17.81, 12.84, 0, 8, 2.02, 7.88, 0.12949, 16, 4.51, 3.29, 0.51191, 27, -0.88, 3.62, 0.28107, 6, 3, -0.64999, 7.88, 0.11621, 7, -5.23, 9.83, 0.0038, 8, -0.4, -7.76, 0.16208, 15, -5.96, -9.46, 0.00595, 17, 6.93, -2.64, 0.41731, 28, -0.71, -2.77, 0.29463, 5, 3, 2.99, -7.62, 0.14546, 7, -5.98, -6.07, 0.03903, 8, -2.94, 7.95, 0.04933, 16, 9.14999, 5.05, 0.04843, 27, 4.04, 4.23, 0.71772, 5, 3, 4.19, 7.09, 0.16394, 7, -0.79, 7.74, 0.10548, 14, -3.44, 9.88, 0.00187, 8, -5.17999, -6.63, 0.03065, 28, 3.98, -4.19, 0.69804, 6, 3, 8.62, 6.37, 0.07618, 7, 3.27, 5.82, 0.19803, 14, -0.34, 6.62, 0.03977, 26, -0.69, 8.04, 0.11158, 8, -9.55, -5.6, 5.3E-4, 28, 8.28, -5.49, 0.57388, 1, 17, 0.51, 9.21, 1, 1, 28, 3.75, 9.47999, 1 ],
				"hull": 18
			}
		},
		"gui_hun_1": {
			"gui_hun_": {
				"type": "skinnedmesh",
				"uvs": [ 1, 0.70387, 1, 0.80479, 1, 1, 0.82829, 1, 0.75744, 1, 0.64772, 1, 0.53801, 1, 0, 1, 0, 0.93279, 0, 0.77279, 0, 0.61033, 0, 0.47987, 0, 0.35925, 0, 0.25341, 0, 0, 0.30944, 0, 0.49915, 0, 1, 0, 0.20201, 0.11556, 0.20201, 0.33464, 0.13801, 0.28048, 0.05344, 0.23864, 0.07858, 0.91802, 0.32315, 0.82448, 0.46029, 0.9451, 0.78487, 0.92048, 0.70258, 0.90571, 0.65915, 0.90571, 0.64544, 0.81956, 0.78029, 0.78756, 0.91286, 0.76787, 0.61572, 0.13033, 0.62487, 0.2731, 0.66829, 0.29771, 0.75744, 0.16479, 0.83287, 0.16971, 0.92201, 0.37894, 0.2327, 0.45874, 0.62957, 0.39813, 0.25949, 0.56707, 0.63411, 0.51875, 0.28992, 0.69011, 0.63885, 0.64448, 0.64318, 0.75968, 0.89686, 0.31987, 0.94486, 0.52417 ],
				"triangles": [ 41, 42, 43, 28, 24, 43, 1, 25, 30, 29, 26, 28, 42, 41, 40, 25, 29, 30, 28, 43, 29, 30, 0, 1, 30, 29, 0, 0, 29, 43, 43, 42, 0, 42, 45, 0, 42, 40, 45, 45, 17, 0, 45, 36, 17, 40, 39, 38, 40, 36, 45, 36, 38, 44, 36, 40, 38, 38, 33, 44, 19, 32, 38, 38, 32, 33, 36, 44, 17, 33, 35, 44, 44, 35, 17, 33, 34, 35, 33, 32, 34, 35, 34, 17, 32, 31, 34, 22, 23, 24, 7, 22, 24, 7, 8, 22, 8, 9, 22, 23, 22, 41, 22, 9, 41, 39, 9, 10, 39, 41, 9, 41, 39, 40, 23, 41, 43, 20, 21, 18, 37, 10, 11, 37, 39, 10, 39, 37, 38, 11, 19, 37, 19, 12, 20, 19, 11, 12, 37, 19, 38, 12, 21, 20, 12, 13, 21, 13, 14, 21, 19, 20, 18, 17, 34, 16, 32, 19, 18, 31, 18, 16, 18, 15, 16, 18, 14, 15, 21, 14, 18, 32, 18, 31, 34, 31, 16, 5, 6, 27, 5, 26, 4, 3, 1, 2, 4, 25, 3, 1, 3, 25, 4, 26, 25, 26, 29, 25, 5, 27, 26, 26, 27, 28, 24, 28, 27, 7, 24, 6, 6, 24, 27, 24, 23, 43 ],
				"vertices": [ 1, 22, 11.47, 9.49, 1, 1, 22, 15.19, 8.21, 1, 2, 29, 15.88, 0.97, 0.75248, 22, 22.39, 5.71, 0.24751, 1, 29, 8.76, -0.19, 1, 1, 29, 5.82, -0.67, 1, 1, 29, 1.28, -1.42, 1, 2, 18, 2.86, -3.4, 0.51, 29, -3.26, -2.17, 0.49, 3, 6, -0.54, -22.39, 0.0028, 18, -14.13, -18.29999, 0.00168, 30, 14.66, -9.3, 0.9955, 3, 6, -2.86, -21.18, 8.5E-4, 18, -15.86, -16.32, 8.0E-4, 30, 12.07, -8.93999, 0.99834, 2, 20, 13.86, -6.47, 0.04586, 30, 5.89, -8.09, 0.95413, 3, 20, 7.56, -7.12, 0.45436, 30, -0.38, -7.22, 0.54562, 21, 7.7, -29.32, 0, 4, 19, -3.85, 16.89, 0.01348, 20, 2.49, -7.63, 0.84806, 30, -5.42, -6.52, 0.13831, 21, 2.64, -28.73, 1.4E-4, 1, 20, -2.18, -8.10999, 1, 1, 20, -6.28, -8.53, 1, 1, 19, 14.85, 16.26, 1, 1, 19, 14.41, 3.27, 1, 1, 19, 14.14, -4.67999, 1, 1, 19, 13.44, -25.71, 1, 1, 19, 10.06, 7.93, 1, 4, 9, 11.06, 7.63, 0.01619, 19, 1.52, 8.22, 0.06377, 20, -3.99, 0.22, 0.92, 21, -1.99, -19.65, 3.0E-5, 1, 20, -5.82, -2.66, 1, 1, 20, -7.08, -6.36, 1, 3, 6, -1.85, -17.99, 0.0104, 18, -13.76, -13.72, 0.00446, 30, 11.95, -5.59, 0.98513, 2, 6, -0.33, -7.19, 0.29, 30, 9.74, 5.07, 0.71, 2, 6, 6.49, -4.26, 0.19, 18, -1, -3.94, 0.81, 1, 29, 6.46, 2.57, 1, 1, 29, 2.95, 2.57, 1, 2, 18, 4.26, 2.71, 0.46, 29, 1.15, 2.28, 0.53999, 2, 6, 5.74, 4.89, 0.19, 22, 10.86, -6.05, 0.81, 1, 22, 11.54, -0.28, 1, 1, 22, 12.63, 5.21999, 1, 1, 19, 8.89999, -9.39999, 1, 4, 9, 8.58, -10.10999, 0.0219, 19, 3.32, -9.6, 0.08805, 20, -8.18999, 17.64, 4.0E-5, 21, -2.31, -1.73, 0.89, 3, 19, 2.3, -11.39, 0.03943, 20, -7.42, 19.56, 1.1E-4, 21, -1.14, -0.03, 0.96044, 1, 21, -5.86, 4.28, 1, 1, 21, -5.3, 7.41, 1, 3, 20, -5.35, 30.48, 6.0E-5, 21, 3.23, 10.18, 0.81, 22, -1.56, 10.55, 0.18993, 4, 1, -6, -8, 0.01536, 9, 6.05, 7.69, 0.17306, 19, -3.35, 7.09, 0.0661, 20, 0.68, 1.99, 0.74545, 5, 1, -4.96999, 8.8, 0.04581, 9, 3.83, -8.99, 0.1947, 19, -1.55, -9.64, 0.03424, 21, 2.55, -2.09999, 0.64911, 22, -4.88, -1.29, 0.0761, 5, 1, -1.63, -7.74, 0.10837, 9, 1.68, 7.75, 0.33177, 19, -7.61, 6.11, 0.00844, 20, 4.77, 3.54, 0.44232, 30, -0.56, 3.8, 0.10908, 6, 1, -0.32, 8.04, 0.06443, 6, -4.87, 9.89999, 0.00158, 9, -0.74, -7.9, 0.11347, 19, -6.26, -9.67, 0.00386, 21, 7.24, -2.46, 0.47817, 22, -0.37, -2.65, 0.33844, 6, 1, 3.32, -7.46, 0.33273, 6, -5.63, -6.01, 0.12763, 18, -12.94, -1.17999, 0.00343, 9, -3.27, 7.81, 0.06549, 20, 9.41, 5.3, 0.01946, 30, 4.36, 4.41, 0.45122, 6, 1, 4.51, 7.25, 0.30732, 6, -0.43, 7.81, 0.1272, 18, -3.08, 9.81, 0.00338, 9, -5.51, -6.77, 0.03543, 21, 12.13, -2.83, 0.00604, 22, 4.32, -4.07, 0.5206, 2, 6, 3.63, 5.89, 0.26999, 22, 8.63, -5.37, 0.73, 1, 21, 0.82, 9.39999, 1, 4, 29, 10.58, 18.91, 0.00191, 20, 0.18, 32.00999, 2.0E-5, 21, 8.97, 10.47, 0.21806, 22, 4.09, 9.6, 0.78 ],
				"hull": 18
			}
		},
		"gui_hun_2": {
			"gui_hun_": {
				"type": "skinnedmesh",
				"uvs": [ 1, 0.70387, 1, 0.80479, 1, 1, 0.82829, 1, 0.75744, 1, 0.64772, 1, 0.53801, 1, 0, 1, 0, 0.93279, 0, 0.77279, 0, 0.61033, 0, 0.47987, 0, 0.35925, 0, 0.25341, 0, 0, 0.30944, 0, 0.49915, 0, 1, 0, 0.20201, 0.11556, 0.20201, 0.33464, 0.13801, 0.28048, 0.05344, 0.23864, 0.07858, 0.91802, 0.32315, 0.82448, 0.46029, 0.9451, 0.78487, 0.92048, 0.70258, 0.90571, 0.65915, 0.90571, 0.64544, 0.81956, 0.78029, 0.78756, 0.91286, 0.76787, 0.61572, 0.13033, 0.62487, 0.2731, 0.66829, 0.29771, 0.75744, 0.16479, 0.83287, 0.16971, 0.92201, 0.37894, 0.2327, 0.45874, 0.62957, 0.39813, 0.25949, 0.56707, 0.63411, 0.51875, 0.28992, 0.69011, 0.63885, 0.64448, 0.64318, 0.75968, 0.89686, 0.31987, 0.94486, 0.52417 ],
				"triangles": [ 25, 29, 30, 40, 36, 45, 45, 17, 0, 42, 40, 45, 42, 45, 0, 43, 42, 0, 0, 29, 43, 30, 29, 0, 30, 0, 1, 28, 43, 29, 1, 25, 30, 42, 41, 40, 41, 42, 43, 29, 26, 28, 28, 24, 43, 45, 36, 17, 35, 34, 17, 32, 31, 34, 33, 32, 34, 33, 34, 35, 44, 35, 17, 33, 35, 44, 36, 44, 17, 38, 32, 33, 19, 32, 38, 38, 33, 44, 36, 40, 38, 36, 38, 44, 40, 39, 38, 39, 41, 9, 39, 9, 10, 23, 41, 43, 22, 9, 41, 23, 22, 41, 8, 9, 22, 7, 8, 22, 22, 23, 24, 7, 22, 24, 19, 20, 18, 13, 14, 21, 12, 13, 21, 12, 21, 20, 37, 19, 38, 19, 11, 12, 19, 12, 20, 11, 19, 37, 39, 37, 38, 37, 39, 10, 37, 10, 11, 20, 21, 18, 17, 34, 16, 34, 31, 16, 32, 18, 31, 21, 14, 18, 18, 14, 15, 18, 15, 16, 31, 18, 16, 32, 19, 18, 26, 27, 28, 5, 6, 27, 5, 27, 26, 26, 29, 25, 4, 26, 25, 1, 3, 25, 4, 25, 3, 5, 26, 4, 3, 1, 2, 24, 23, 43, 7, 24, 6, 6, 24, 27, 24, 28, 27, 41, 39, 40 ],
				"vertices": [ 1, 25, 11.8, 10.25, 1, 1, 25, 15.52, 8.96, 1, 2, 23, 16.7, 1.04, 0.64009, 25, 22.71, 6.47, 0.3599, 1, 23, 9.58, -0.11, 1, 2, 23, 6.64, -0.6, 1, 24, 19.18, 23.02, 0, 2, 10, 6.98, 0.12, 0.09, 23, 2.09999, -1.34, 0.91, 2, 10, 3.52, -2.91, 0.85, 23, -2.44, -2.08999, 0.15, 3, 4, -0.1, -21.69, 0.01461, 10, -13.47, -17.79999, 0.00467, 24, 14.84, -8.49, 0.9807, 3, 4, -2.43, -20.48, 0.0125, 10, -15.2, -15.83, 0.004, 24, 12.24, -8.13, 0.98349, 1, 24, 6.06, -7.28, 1, 2, 12, 7.53, -6.29, 0.43964, 24, -0.21, -6.41, 0.56035, 1, 12, 2.47, -6.81, 1, 1, 12, -2.2, -7.29, 1, 1, 12, -6.31, -7.71, 1, 1, 11, 14.76, 15.44, 1, 1, 11, 14.32, 2.45, 1, 1, 11, 14.06, -5.5, 1, 1, 11, 13.35, -26.53, 1, 1, 11, 9.97, 7.11, 1, 2, 11, 1.43, 7.4, 0.11, 12, -4.02, 1.04, 0.89, 1, 12, -5.85, -1.83, 1, 1, 12, -7.11, -5.53, 1, 1, 24, 12.12, -4.78, 1, 5, 2, 8.95, -6.34, 0.19745, 4, 0.09, -6.49, 0.32845, 10, -7.77, -3.7, 0.05588, 5, -8.97, 7.11, 0.00202, 24, 9.91, 5.88, 0.41617, 2, 4, 6.92, -3.55, 0.17, 10, -0.34, -3.45, 0.83, 1, 23, 7.28, 2.64, 1, 2, 10, 6.29, 4.41, 0.1, 23, 3.77, 2.65, 0.9, 2, 10, 4.92, 3.2, 0.06, 23, 1.97, 2.34999, 0.94, 3, 4, 6.17, 5.6, 0.1068, 10, 2.27, 5.35, 0.11, 25, 11.19, -5.29, 0.7832, 1, 25, 11.86, 0.46, 1, 1, 25, 12.96, 5.98, 1, 1, 11, 8.81, -10.22, 1, 2, 11, 3.23, -10.42, 0.17, 13, -2.16, -0.92, 0.83, 1, 13, -0.99, 0.77, 1, 1, 13, -5.7, 5.09, 1, 1, 13, -5.15, 8.22, 1, 2, 13, 3.38, 10.99, 0.86, 25, -1.24, 11.31, 0.14, 4, 2, -5.77, -7.21, 0.00348, 5, 5.78, 6.91, 0.08923, 11, -3.44, 6.27, 0.02993, 12, 0.66, 2.82, 0.87734, 4, 2, -4.75, 9.59, 0.00452, 5, 3.55, -9.76, 0.04237, 11, -1.64, -10.46, 0.0109, 13, 2.7, -1.29, 0.9422, 5, 2, -1.41, -6.95, 0.23809, 4, -10.04, -4.21999, 8.7E-4, 5, 1.4, 6.97, 0.37689, 12, 4.73999, 4.37, 0.23786, 24, -0.39, 4.61, 0.14628, 6, 2, -0.1, 8.83, 0.11676, 4, -4.44, 10.6, 0.0113, 5, -1.02, -8.68, 0.09345, 11, -6.34, -10.49, 3.3E-4, 13, 7.4, -1.65, 0.19219, 25, -0.04, -1.9, 0.58594, 6, 2, 3.54, -6.66, 0.35884, 4, -5.19999, -5.3, 0.11247, 10, -12.28, -0.68, 0.00355, 5, -3.55, 7.04, 0.0647, 12, 9.39, 6.13, 0.02205, 24, 4.53, 5.21999, 0.43836, 5, 2, 4.73, 8.04, 0.15875, 4, 0, 8.51, 0.07862, 10, -2.43, 10.31, 0.00221, 5, -5.79, -7.55, 0.03008, 25, 4.64, -3.31, 0.73032, 5, 2, 9.17, 7.32, 0.10555, 4, 4.06, 6.59, 0.31696, 10, 0.66, 7.05, 0.1178, 23, 0.39, 7.86, 0.06708, 25, 8.95, -4.61, 0.39257, 1, 13, 0.97, 10.21, 1, 2, 13, 9.12, 11.28, 0.16, 25, 4.42, 10.35999, 0.84 ],
				"hull": 18
			}
		}
	}
},
"animations": {
	"animation": {
		"slots": {
			"gui_hun_": {
				"color": [
					{ "time": 0, "color": "ffffff00" },
					{ "time": 0.3, "color": "ffffffff", "curve": "stepped" },
					{ "time": 0.5, "color": "ffffffff" },
					{ "time": 0.9, "color": "ffffff30" },
					{ "time": 1.2, "color": "ffffff38" },
					{ "time": 1.5, "color": "ffffffff", "curve": "stepped" },
					{ "time": 1.8666, "color": "ffffffff" },
					{ "time": 2.2, "color": "ffffff00" }
				]
			},
			"gui_hun_1": {
				"color": [
					{ "time": 0, "color": "ffffff00", "curve": "stepped" },
					{ "time": 0.6, "color": "ffffff00" },
					{ "time": 0.8, "color": "ffffffc1" },
					{ "time": 1.1, "color": "ffffffce" },
					{ "time": 1.5, "color": "ffffff35" },
					{ "time": 1.8, "color": "ffffff3f" },
					{ "time": 2.1, "color": "ffffffc6" },
					{ "time": 2.4666, "color": "ffffffdd" },
					{ "time": 2.8, "color": "ffffff00" }
				]
			},
			"gui_hun_2": {
				"color": [
					{ "time": 0, "color": "ffffff00", "curve": "stepped" },
					{ "time": 0.3333, "color": "ffffff00", "curve": "stepped" },
					{ "time": 1.1666, "color": "ffffff00" },
					{ "time": 1.3666, "color": "ffffffff", "curve": "stepped" },
					{ "time": 1.6666, "color": "ffffffff" },
					{ "time": 2.0666, "color": "ffffff35" },
					{ "time": 2.3666, "color": "ffffff3f" },
					{ "time": 2.6666, "color": "ffffffff", "curve": "stepped" },
					{ "time": 3.0333, "color": "ffffffff" },
					{ "time": 3.3666, "color": "ffffff00" }
				]
			}
		},
		"bones": {
			"bone3": {
				"rotate": [
					{ "time": 0.6666, "angle": 0 },
					{ "time": 0.9, "angle": -2.57 },
					{ "time": 1.1666, "angle": -19.04 },
					{ "time": 1.4333, "angle": -20.4 },
					{ "time": 1.6666, "angle": 0 },
					{ "time": 1.9, "angle": -2.57 },
					{ "time": 2.1666, "angle": -19.04 },
					{ "time": 2.4333, "angle": -20.4 },
					{ "time": 2.6666, "angle": 0 }
				],
				"translate": [
					{ "time": 0.6666, "x": 0, "y": 0, "curve": "stepped" },
					{ "time": 1.6666, "x": 0, "y": 0, "curve": "stepped" },
					{ "time": 2.6666, "x": 0, "y": 0 }
				],
				"scale": [
					{ "time": 0.6666, "x": 1, "y": 1, "curve": "stepped" },
					{ "time": 1.6666, "x": 1, "y": 1, "curve": "stepped" },
					{ "time": 2.6666, "x": 1, "y": 1 }
				]
			},
			"bone21": {
				"rotate": [
					{ "time": 0, "angle": -10.58 },
					{ "time": 0.2333, "angle": -8.38 },
					{ "time": 0.5, "angle": -3.12, "curve": "stepped" },
					{ "time": 0.7, "angle": -3.12 },
					{ "time": 1, "angle": -10.58 },
					{ "time": 1.2333, "angle": -8.38 },
					{ "time": 1.5, "angle": -3.12 },
					{ "time": 2, "angle": -10.58 }
				],
				"translate": [
					{ "time": 0, "x": -27.14, "y": 16.84 },
					{ "time": 2.3333, "x": -1.87, "y": 153.16 }
				],
				"scale": [
					{ "time": 0, "x": 0.729, "y": 0.729 }
				]
			},
			"bone22": {
				"rotate": [
					{ "time": 0, "angle": 0 },
					{ "time": 0.2333, "angle": -9.97 },
					{ "time": 0.5, "angle": -18.87 },
					{ "time": 0.7666, "angle": -6.61 },
					{ "time": 1, "angle": 0 },
					{ "time": 1.2333, "angle": -9.97 },
					{ "time": 1.5, "angle": -18.87 },
					{ "time": 1.7666, "angle": -6.61 },
					{ "time": 2, "angle": 0 }
				],
				"translate": [
					{ "time": 0, "x": 0, "y": 0, "curve": "stepped" },
					{ "time": 1, "x": 0, "y": 0, "curve": "stepped" },
					{ "time": 2, "x": 0, "y": 0 }
				],
				"scale": [
					{ "time": 0, "x": 1, "y": 1, "curve": "stepped" },
					{ "time": 1, "x": 1, "y": 1, "curve": "stepped" },
					{ "time": 2, "x": 1, "y": 1 }
				]
			},
			"bone23": {
				"rotate": [
					{ "time": 0, "angle": 0 },
					{ "time": 0.2333, "angle": -2.57 },
					{ "time": 0.5, "angle": -19.04 },
					{ "time": 0.7666, "angle": -20.4 },
					{ "time": 1, "angle": 0 },
					{ "time": 1.2333, "angle": -2.57 },
					{ "time": 1.5, "angle": -19.04 },
					{ "time": 1.7666, "angle": -20.4 },
					{ "time": 2, "angle": 0 }
				],
				"translate": [
					{ "time": 0, "x": 0, "y": 0, "curve": "stepped" },
					{ "time": 1, "x": 0, "y": 0, "curve": "stepped" },
					{ "time": 2, "x": 0, "y": 0 }
				],
				"scale": [
					{ "time": 0, "x": 1, "y": 1, "curve": "stepped" },
					{ "time": 1, "x": 1, "y": 1, "curve": "stepped" },
					{ "time": 2, "x": 1, "y": 1 }
				]
			},
			"bone24": {
				"rotate": [
					{ "time": 0, "angle": 0 },
					{ "time": 0.2333, "angle": -5.65 },
					{ "time": 0.5, "angle": -23.14 },
					{ "time": 0.7666, "angle": -42.85 },
					{ "time": 1, "angle": 0 },
					{ "time": 1.2333, "angle": -5.65 },
					{ "time": 1.5, "angle": -23.14 },
					{ "time": 1.7666, "angle": -42.85 },
					{ "time": 2, "angle": 0 }
				],
				"translate": [
					{ "time": 0, "x": 0, "y": 0, "curve": "stepped" },
					{ "time": 1, "x": 0, "y": 0, "curve": "stepped" },
					{ "time": 2, "x": 0, "y": 0 }
				],
				"scale": [
					{ "time": 0, "x": 1, "y": 1, "curve": "stepped" },
					{ "time": 1, "x": 1, "y": 1, "curve": "stepped" },
					{ "time": 2, "x": 1, "y": 1 }
				]
			},
			"bone25": {
				"rotate": [
					{ "time": 0, "angle": 0, "curve": "stepped" },
					{ "time": 0.5, "angle": 0, "curve": "stepped" },
					{ "time": 1, "angle": 0, "curve": "stepped" },
					{ "time": 1.5, "angle": 0, "curve": "stepped" },
					{ "time": 2, "angle": 0 }
				],
				"translate": [
					{ "time": 0, "x": 0, "y": 0 },
					{ "time": 0.2666, "x": -2.17, "y": -0.44 },
					{ "time": 1, "x": 0, "y": 0 },
					{ "time": 1.2666, "x": -2.17, "y": -0.44 },
					{ "time": 2, "x": 0, "y": 0 }
				],
				"scale": [
					{ "time": 0, "x": 1, "y": 1 },
					{ "time": 0.5, "x": 1.068, "y": 1.068 },
					{ "time": 1, "x": 1, "y": 1 },
					{ "time": 1.5, "x": 1.125, "y": 1.125 },
					{ "time": 2, "x": 1, "y": 1 }
				]
			},
			"bone26": {
				"rotate": [
					{ "time": 0, "angle": 5.7 },
					{ "time": 0.2666, "angle": -0.75 },
					{ "time": 0.5, "angle": -0.49 },
					{ "time": 0.7333, "angle": 8.1 },
					{ "time": 1, "angle": 5.7 },
					{ "time": 1.2666, "angle": -0.75 },
					{ "time": 1.5, "angle": -0.49 },
					{ "time": 1.7333, "angle": 8.1 },
					{ "time": 2, "angle": 5.7 }
				],
				"translate": [
					{ "time": 0, "x": 0, "y": 0 },
					{ "time": 0.5, "x": 1.37, "y": -0.34 },
					{ "time": 0.7333, "x": 1.93, "y": -0.26 },
					{ "time": 1, "x": 0, "y": 0 },
					{ "time": 1.5, "x": 1.37, "y": -0.34 },
					{ "time": 1.7333, "x": 1.93, "y": -0.26 },
					{ "time": 2, "x": 0, "y": 0 }
				],
				"scale": [
					{ "time": 0, "x": 1, "y": 1 },
					{ "time": 0.2666, "x": 0.984, "y": 0.984 },
					{ "time": 0.5, "x": 1.011, "y": 1.011 },
					{ "time": 0.7333, "x": 0.977, "y": 0.977 },
					{ "time": 1, "x": 1, "y": 1 },
					{ "time": 1.2666, "x": 0.984, "y": 0.984 },
					{ "time": 1.5, "x": 1.011, "y": 1.011 },
					{ "time": 1.7333, "x": 0.977, "y": 0.977 },
					{ "time": 2, "x": 1, "y": 1 }
				]
			},
			"bone27": {
				"rotate": [
					{ "time": 0, "angle": 0 },
					{ "time": 0.2666, "angle": -3.27 },
					{ "time": 0.5, "angle": -5.44 },
					{ "time": 0.7666, "angle": -4.92 },
					{ "time": 1, "angle": 0 },
					{ "time": 1.2666, "angle": -3.27 },
					{ "time": 1.5, "angle": -5.44 },
					{ "time": 1.7666, "angle": -4.92 },
					{ "time": 2, "angle": 0 }
				],
				"translate": [
					{ "time": 0, "x": 0, "y": 0 },
					{ "time": 0.2666, "x": 1.26, "y": -0.33 },
					{ "time": 0.5, "x": 1.29, "y": -0.48 },
					{ "time": 1, "x": 0, "y": 0 },
					{ "time": 1.2666, "x": 1.26, "y": -0.33 },
					{ "time": 1.5, "x": 1.29, "y": -0.48 },
					{ "time": 2, "x": 0, "y": 0 }
				],
				"scale": [
					{ "time": 0, "x": 1, "y": 1, "curve": "stepped" },
					{ "time": 1, "x": 1, "y": 1, "curve": "stepped" },
					{ "time": 2, "x": 1, "y": 1 }
				]
			},
			"bone28": {
				"rotate": [
					{ "time": 0, "angle": 0 },
					{ "time": 0.5, "angle": 0.95 },
					{ "time": 0.7666, "angle": 3.16 },
					{ "time": 1, "angle": 0 },
					{ "time": 1.5, "angle": 0.95 },
					{ "time": 1.7666, "angle": 3.16 },
					{ "time": 2, "angle": 0 }
				],
				"translate": [
					{ "time": 0, "x": 0, "y": 0, "curve": "stepped" },
					{ "time": 1, "x": 0, "y": 0, "curve": "stepped" },
					{ "time": 2, "x": 0, "y": 0 }
				],
				"scale": [
					{ "time": 0, "x": 1, "y": 1, "curve": "stepped" },
					{ "time": 1, "x": 1, "y": 1, "curve": "stepped" },
					{ "time": 2, "x": 1, "y": 1 }
				]
			},
			"bone29": {
				"rotate": [
					{ "time": 0, "angle": 0 },
					{ "time": 0.5, "angle": 4.85 },
					{ "time": 0.7333, "angle": 6.43 },
					{ "time": 1, "angle": 0 },
					{ "time": 1.5, "angle": 4.85 },
					{ "time": 1.7333, "angle": 6.43 },
					{ "time": 2, "angle": 0 }
				],
				"translate": [
					{ "time": 0, "x": 0, "y": 0 },
					{ "time": 0.5, "x": 1.18, "y": -0.06 },
					{ "time": 1, "x": 0, "y": 0 },
					{ "time": 1.5, "x": 1.18, "y": -0.06 },
					{ "time": 2, "x": 0, "y": 0 }
				],
				"scale": [
					{ "time": 0, "x": 1, "y": 1, "curve": "stepped" },
					{ "time": 1, "x": 1, "y": 1, "curve": "stepped" },
					{ "time": 2, "x": 1, "y": 1 }
				]
			},
			"bone30": {
				"rotate": [
					{ "time": 0, "angle": 0 },
					{ "time": 0.2333, "angle": -4.8 },
					{ "time": 0.5, "angle": -4.9 },
					{ "time": 1, "angle": 0 },
					{ "time": 1.2333, "angle": -4.8 },
					{ "time": 1.5, "angle": -4.9 },
					{ "time": 2, "angle": 0 }
				],
				"translate": [
					{ "time": 0, "x": 0, "y": 0, "curve": "stepped" },
					{ "time": 1, "x": 0, "y": 0, "curve": "stepped" },
					{ "time": 2, "x": 0, "y": 0 }
				],
				"scale": [
					{ "time": 0, "x": 1, "y": 1, "curve": "stepped" },
					{ "time": 1, "x": 1, "y": 1, "curve": "stepped" },
					{ "time": 2, "x": 1, "y": 1 }
				]
			},
			"bone11": {
				"rotate": [
					{ "time": 0, "angle": 0, "curve": "stepped" },
					{ "time": 1.1666, "angle": 0, "curve": "stepped" },
					{ "time": 1.6666, "angle": 0, "curve": "stepped" },
					{ "time": 2.1666, "angle": 0, "curve": "stepped" },
					{ "time": 2.6666, "angle": 0, "curve": "stepped" },
					{ "time": 3.1666, "angle": 0 }
				],
				"translate": [
					{ "time": 0, "x": -147.36, "y": 0 },
					{ "time": 1.1666, "x": -134.21, "y": 0 },
					{ "time": 3.1666, "x": -106.64, "y": 110 }
				],
				"scale": [
					{ "time": 0, "x": 0.757, "y": 0.757, "curve": "stepped" },
					{ "time": 1.1666, "x": 0.757, "y": 0.757 }
				]
			},
			"bone12": {
				"rotate": [
					{ "time": 1.1666, "angle": 0 },
					{ "time": 1.4, "angle": -9.97 },
					{ "time": 1.6666, "angle": -18.87 },
					{ "time": 1.9333, "angle": -6.61 },
					{ "time": 2.1666, "angle": 0 },
					{ "time": 2.4, "angle": -9.97 },
					{ "time": 2.6666, "angle": -18.87 },
					{ "time": 2.9333, "angle": -6.61 },
					{ "time": 3.1666, "angle": 0 }
				],
				"translate": [
					{ "time": 1.1666, "x": 0, "y": 0, "curve": "stepped" },
					{ "time": 2.1666, "x": 0, "y": 0, "curve": "stepped" },
					{ "time": 3.1666, "x": 0, "y": 0 }
				],
				"scale": [
					{ "time": 1.1666, "x": 1, "y": 1, "curve": "stepped" },
					{ "time": 2.1666, "x": 1, "y": 1, "curve": "stepped" },
					{ "time": 3.1666, "x": 1, "y": 1 }
				]
			},
			"bone13": {
				"rotate": [
					{ "time": 1.1666, "angle": 0 },
					{ "time": 1.4, "angle": -2.57 },
					{ "time": 1.6666, "angle": -19.04 },
					{ "time": 1.9333, "angle": -20.4 },
					{ "time": 2.1666, "angle": 0 },
					{ "time": 2.4, "angle": -2.57 },
					{ "time": 2.6666, "angle": -19.04 },
					{ "time": 2.9333, "angle": -20.4 },
					{ "time": 3.1666, "angle": 0 }
				],
				"translate": [
					{ "time": 1.1666, "x": 0, "y": 0, "curve": "stepped" },
					{ "time": 2.1666, "x": 0, "y": 0, "curve": "stepped" },
					{ "time": 3.1666, "x": 0, "y": 0 }
				],
				"scale": [
					{ "time": 1.1666, "x": 1, "y": 1, "curve": "stepped" },
					{ "time": 2.1666, "x": 1, "y": 1, "curve": "stepped" },
					{ "time": 3.1666, "x": 1, "y": 1 }
				]
			},
			"bone14": {
				"rotate": [
					{ "time": 1.1666, "angle": 0 },
					{ "time": 1.4, "angle": -5.65 },
					{ "time": 1.6666, "angle": -23.14 },
					{ "time": 1.9333, "angle": -42.85 },
					{ "time": 2.1666, "angle": 0 },
					{ "time": 2.4, "angle": -5.65 },
					{ "time": 2.6666, "angle": -23.14 },
					{ "time": 2.9333, "angle": -42.85 },
					{ "time": 3.1666, "angle": 0 }
				],
				"translate": [
					{ "time": 1.1666, "x": 0, "y": 0, "curve": "stepped" },
					{ "time": 2.1666, "x": 0, "y": 0, "curve": "stepped" },
					{ "time": 3.1666, "x": 0, "y": 0 }
				],
				"scale": [
					{ "time": 1.1666, "x": 1, "y": 1, "curve": "stepped" },
					{ "time": 2.1666, "x": 1, "y": 1, "curve": "stepped" },
					{ "time": 3.1666, "x": 1, "y": 1 }
				]
			},
			"bone15": {
				"rotate": [
					{ "time": 1.1666, "angle": 0, "curve": "stepped" },
					{ "time": 1.6666, "angle": 0, "curve": "stepped" },
					{ "time": 2.1666, "angle": 0, "curve": "stepped" },
					{ "time": 2.6666, "angle": 0, "curve": "stepped" },
					{ "time": 3.1666, "angle": 0 }
				],
				"translate": [
					{ "time": 1.1666, "x": 0, "y": 0 },
					{ "time": 1.4333, "x": -2.17, "y": -0.44 },
					{ "time": 2.1666, "x": 0, "y": 0 },
					{ "time": 2.4333, "x": -2.17, "y": -0.44 },
					{ "time": 3.1666, "x": 0, "y": 0 }
				],
				"scale": [
					{ "time": 1.1666, "x": 1, "y": 1 },
					{ "time": 1.6666, "x": 1.068, "y": 1.068 },
					{ "time": 2.1666, "x": 1, "y": 1 },
					{ "time": 2.6666, "x": 1.125, "y": 1.125 },
					{ "time": 3.1666, "x": 1, "y": 1 }
				]
			},
			"bone16": {
				"rotate": [
					{ "time": 1.1666, "angle": 5.7 },
					{ "time": 1.4333, "angle": -0.75 },
					{ "time": 1.6666, "angle": -0.49 },
					{ "time": 1.9, "angle": 8.1 },
					{ "time": 2.1666, "angle": 5.7 },
					{ "time": 2.4333, "angle": -0.75 },
					{ "time": 2.6666, "angle": -0.49 },
					{ "time": 2.9, "angle": 8.1 },
					{ "time": 3.1666, "angle": 5.7 }
				],
				"translate": [
					{ "time": 1.1666, "x": 0, "y": 0 },
					{ "time": 1.6666, "x": 1.37, "y": -0.34 },
					{ "time": 1.9, "x": 1.93, "y": -0.26 },
					{ "time": 2.1666, "x": 0, "y": 0 },
					{ "time": 2.6666, "x": 1.37, "y": -0.34 },
					{ "time": 2.9, "x": 1.93, "y": -0.26 },
					{ "time": 3.1666, "x": 0, "y": 0 }
				],
				"scale": [
					{ "time": 1.1666, "x": 1, "y": 1 },
					{ "time": 1.4333, "x": 0.984, "y": 0.984 },
					{ "time": 1.6666, "x": 1.011, "y": 1.011 },
					{ "time": 1.9, "x": 0.977, "y": 0.977 },
					{ "time": 2.1666, "x": 1, "y": 1 },
					{ "time": 2.4333, "x": 0.984, "y": 0.984 },
					{ "time": 2.6666, "x": 1.011, "y": 1.011 },
					{ "time": 2.9, "x": 0.977, "y": 0.977 },
					{ "time": 3.1666, "x": 1, "y": 1 }
				]
			},
			"bone17": {
				"rotate": [
					{ "time": 1.1666, "angle": 0 },
					{ "time": 1.4333, "angle": -3.27 },
					{ "time": 1.6666, "angle": -5.44 },
					{ "time": 1.9333, "angle": -4.92 },
					{ "time": 2.1666, "angle": 0 },
					{ "time": 2.4333, "angle": -3.27 },
					{ "time": 2.6666, "angle": -5.44 },
					{ "time": 2.9333, "angle": -4.92 },
					{ "time": 3.1666, "angle": 0 }
				],
				"translate": [
					{ "time": 1.1666, "x": 0, "y": 0 },
					{ "time": 1.4333, "x": 1.26, "y": -0.33 },
					{ "time": 1.6666, "x": 1.29, "y": -0.48 },
					{ "time": 2.1666, "x": 0, "y": 0 },
					{ "time": 2.4333, "x": 1.26, "y": -0.33 },
					{ "time": 2.6666, "x": 1.29, "y": -0.48 },
					{ "time": 3.1666, "x": 0, "y": 0 }
				],
				"scale": [
					{ "time": 1.1666, "x": 1, "y": 1, "curve": "stepped" },
					{ "time": 2.1666, "x": 1, "y": 1, "curve": "stepped" },
					{ "time": 3.1666, "x": 1, "y": 1 }
				]
			},
			"bone18": {
				"rotate": [
					{ "time": 1.1666, "angle": 0 },
					{ "time": 1.6666, "angle": 0.95 },
					{ "time": 1.9333, "angle": 3.16 },
					{ "time": 2.1666, "angle": 0 },
					{ "time": 2.6666, "angle": 0.95 },
					{ "time": 2.9333, "angle": 3.16 },
					{ "time": 3.1666, "angle": 0 }
				],
				"translate": [
					{ "time": 1.1666, "x": 0, "y": 0, "curve": "stepped" },
					{ "time": 2.1666, "x": 0, "y": 0, "curve": "stepped" },
					{ "time": 3.1666, "x": 0, "y": 0 }
				],
				"scale": [
					{ "time": 1.1666, "x": 1, "y": 1, "curve": "stepped" },
					{ "time": 2.1666, "x": 1, "y": 1, "curve": "stepped" },
					{ "time": 3.1666, "x": 1, "y": 1 }
				]
			},
			"bone19": {
				"rotate": [
					{ "time": 1.1666, "angle": 0 },
					{ "time": 1.6666, "angle": 4.85 },
					{ "time": 1.9, "angle": 6.43 },
					{ "time": 2.1666, "angle": 0 },
					{ "time": 2.6666, "angle": 4.85 },
					{ "time": 2.9, "angle": 6.43 },
					{ "time": 3.1666, "angle": 0 }
				],
				"translate": [
					{ "time": 1.1666, "x": 0, "y": 0 },
					{ "time": 1.6666, "x": 1.18, "y": -0.06 },
					{ "time": 2.1666, "x": 0, "y": 0 },
					{ "time": 2.6666, "x": 1.18, "y": -0.06 },
					{ "time": 3.1666, "x": 0, "y": 0 }
				],
				"scale": [
					{ "time": 1.1666, "x": 1, "y": 1, "curve": "stepped" },
					{ "time": 2.1666, "x": 1, "y": 1, "curve": "stepped" },
					{ "time": 3.1666, "x": 1, "y": 1 }
				]
			},
			"bone20": {
				"rotate": [
					{ "time": 1.1666, "angle": 0 },
					{ "time": 1.4, "angle": -4.8 },
					{ "time": 1.6666, "angle": -4.9 },
					{ "time": 2.1666, "angle": 0 },
					{ "time": 2.4, "angle": -4.8 },
					{ "time": 2.6666, "angle": -4.9 },
					{ "time": 3.1666, "angle": 0 }
				],
				"translate": [
					{ "time": 1.1666, "x": 0, "y": 0, "curve": "stepped" },
					{ "time": 2.1666, "x": 0, "y": 0, "curve": "stepped" },
					{ "time": 3.1666, "x": 0, "y": 0 }
				],
				"scale": [
					{ "time": 1.1666, "x": 1, "y": 1, "curve": "stepped" },
					{ "time": 2.1666, "x": 1, "y": 1, "curve": "stepped" },
					{ "time": 3.1666, "x": 1, "y": 1 }
				]
			},
			"bone": {
				"rotate": [
					{ "time": 0, "angle": -10.58, "curve": "stepped" },
					{ "time": 0.6666, "angle": -10.58 },
					{ "time": 0.9, "angle": -8.38 },
					{ "time": 1.1666, "angle": -3.12 },
					{ "time": 1.6666, "angle": -10.58 },
					{ "time": 1.9, "angle": -8.38 },
					{ "time": 2.1666, "angle": -3.12 },
					{ "time": 2.6666, "angle": -10.58 }
				],
				"translate": [
					{ "time": 0, "x": -112.92, "y": -1.38 },
					{ "time": 0.6666, "x": -119.84, "y": -1.72 },
					{ "time": 3.1666, "x": -120.13, "y": 105.78 }
				],
				"scale": [
					{ "time": 0, "x": 0.729, "y": 0.729, "curve": "stepped" },
					{ "time": 0.6666, "x": 0.729, "y": 0.729 }
				]
			},
			"bone2": {
				"rotate": [
					{ "time": 0.6666, "angle": 0 },
					{ "time": 0.9, "angle": -9.97 },
					{ "time": 1.1666, "angle": -18.87 },
					{ "time": 1.4333, "angle": -6.61 },
					{ "time": 1.6666, "angle": 0 },
					{ "time": 1.9, "angle": -9.97 },
					{ "time": 2.1666, "angle": -18.87 },
					{ "time": 2.4333, "angle": -6.61 },
					{ "time": 2.6666, "angle": 0 }
				],
				"translate": [
					{ "time": 0.6666, "x": 0, "y": 0, "curve": "stepped" },
					{ "time": 1.6666, "x": 0, "y": 0, "curve": "stepped" },
					{ "time": 2.6666, "x": 0, "y": 0 }
				],
				"scale": [
					{ "time": 0.6666, "x": 1, "y": 1, "curve": "stepped" },
					{ "time": 1.6666, "x": 1, "y": 1, "curve": "stepped" },
					{ "time": 2.6666, "x": 1, "y": 1 }
				]
			},
			"bone4": {
				"rotate": [
					{ "time": 0.6666, "angle": 0 },
					{ "time": 0.9, "angle": -5.65 },
					{ "time": 1.1666, "angle": -23.14 },
					{ "time": 1.4333, "angle": -42.85 },
					{ "time": 1.6666, "angle": 0 },
					{ "time": 1.9, "angle": -5.65 },
					{ "time": 2.1666, "angle": -23.14 },
					{ "time": 2.4333, "angle": -42.85 },
					{ "time": 2.6666, "angle": 0 }
				],
				"translate": [
					{ "time": 0.6666, "x": 0, "y": 0, "curve": "stepped" },
					{ "time": 1.6666, "x": 0, "y": 0, "curve": "stepped" },
					{ "time": 2.6666, "x": 0, "y": 0 }
				],
				"scale": [
					{ "time": 0.6666, "x": 1, "y": 1, "curve": "stepped" },
					{ "time": 1.6666, "x": 1, "y": 1, "curve": "stepped" },
					{ "time": 2.6666, "x": 1, "y": 1 }
				]
			},
			"bone5": {
				"rotate": [
					{ "time": 0.6666, "angle": 0, "curve": "stepped" },
					{ "time": 1.1666, "angle": 0, "curve": "stepped" },
					{ "time": 1.6666, "angle": 0, "curve": "stepped" },
					{ "time": 2.1666, "angle": 0, "curve": "stepped" },
					{ "time": 2.6666, "angle": 0 }
				],
				"translate": [
					{ "time": 0.6666, "x": 0, "y": 0 },
					{ "time": 0.9333, "x": -2.17, "y": -0.44 },
					{ "time": 1.6666, "x": 0, "y": 0 },
					{ "time": 1.9333, "x": -2.17, "y": -0.44 },
					{ "time": 2.6666, "x": 0, "y": 0 }
				],
				"scale": [
					{ "time": 0.6666, "x": 1, "y": 1 },
					{ "time": 1.1666, "x": 1.068, "y": 1.068 },
					{ "time": 1.6666, "x": 1, "y": 1 },
					{ "time": 2.1666, "x": 1.125, "y": 1.125 },
					{ "time": 2.6666, "x": 1, "y": 1 }
				]
			},
			"bone6": {
				"rotate": [
					{ "time": 0.6666, "angle": 5.7 },
					{ "time": 0.9333, "angle": -0.75 },
					{ "time": 1.1666, "angle": -0.49 },
					{ "time": 1.4, "angle": 8.1 },
					{ "time": 1.6666, "angle": 5.7 },
					{ "time": 1.9333, "angle": -0.75 },
					{ "time": 2.1666, "angle": -0.49 },
					{ "time": 2.4, "angle": 8.1 },
					{ "time": 2.6666, "angle": 5.7 }
				],
				"translate": [
					{ "time": 0.6666, "x": 0, "y": 0 },
					{ "time": 1.1666, "x": 1.37, "y": -0.34 },
					{ "time": 1.4, "x": 1.93, "y": -0.26 },
					{ "time": 1.6666, "x": 0, "y": 0 },
					{ "time": 2.1666, "x": 1.37, "y": -0.34 },
					{ "time": 2.4, "x": 1.93, "y": -0.26 },
					{ "time": 2.6666, "x": 0, "y": 0 }
				],
				"scale": [
					{ "time": 0.6666, "x": 1, "y": 1 },
					{ "time": 0.9333, "x": 0.984, "y": 0.984 },
					{ "time": 1.1666, "x": 1.011, "y": 1.011 },
					{ "time": 1.4, "x": 0.977, "y": 0.977 },
					{ "time": 1.6666, "x": 1, "y": 1 },
					{ "time": 1.9333, "x": 0.984, "y": 0.984 },
					{ "time": 2.1666, "x": 1.011, "y": 1.011 },
					{ "time": 2.4, "x": 0.977, "y": 0.977 },
					{ "time": 2.6666, "x": 1, "y": 1 }
				]
			},
			"bone7": {
				"rotate": [
					{ "time": 0.6666, "angle": 0 },
					{ "time": 0.9333, "angle": -3.27 },
					{ "time": 1.1666, "angle": -5.44 },
					{ "time": 1.4333, "angle": -4.92 },
					{ "time": 1.6666, "angle": 0 },
					{ "time": 1.9333, "angle": -3.27 },
					{ "time": 2.1666, "angle": -5.44 },
					{ "time": 2.4333, "angle": -4.92 },
					{ "time": 2.6666, "angle": 0 }
				],
				"translate": [
					{ "time": 0.6666, "x": 0, "y": 0 },
					{ "time": 0.9333, "x": 1.26, "y": -0.33 },
					{ "time": 1.1666, "x": 1.29, "y": -0.48 },
					{ "time": 1.6666, "x": 0, "y": 0 },
					{ "time": 1.9333, "x": 1.26, "y": -0.33 },
					{ "time": 2.1666, "x": 1.29, "y": -0.48 },
					{ "time": 2.6666, "x": 0, "y": 0 }
				],
				"scale": [
					{ "time": 0.6666, "x": 1, "y": 1, "curve": "stepped" },
					{ "time": 1.6666, "x": 1, "y": 1, "curve": "stepped" },
					{ "time": 2.6666, "x": 1, "y": 1 }
				]
			},
			"bone8": {
				"rotate": [
					{ "time": 0.6666, "angle": 0 },
					{ "time": 1.1666, "angle": 0.95 },
					{ "time": 1.4333, "angle": 3.16 },
					{ "time": 1.6666, "angle": 0 },
					{ "time": 2.1666, "angle": 0.95 },
					{ "time": 2.4333, "angle": 3.16 },
					{ "time": 2.6666, "angle": 0 }
				],
				"translate": [
					{ "time": 0.6666, "x": 0, "y": 0, "curve": "stepped" },
					{ "time": 1.6666, "x": 0, "y": 0, "curve": "stepped" },
					{ "time": 2.6666, "x": 0, "y": 0 }
				],
				"scale": [
					{ "time": 0.6666, "x": 1, "y": 1, "curve": "stepped" },
					{ "time": 1.6666, "x": 1, "y": 1, "curve": "stepped" },
					{ "time": 2.6666, "x": 1, "y": 1 }
				]
			},
			"bone9": {
				"rotate": [
					{ "time": 0.6666, "angle": 0 },
					{ "time": 1.1666, "angle": 4.85 },
					{ "time": 1.4, "angle": 6.43 },
					{ "time": 1.6666, "angle": 0 },
					{ "time": 2.1666, "angle": 4.85 },
					{ "time": 2.4, "angle": 6.43 },
					{ "time": 2.6666, "angle": 0 }
				],
				"translate": [
					{ "time": 0.6666, "x": 0, "y": 0 },
					{ "time": 1.1666, "x": 1.18, "y": -0.06 },
					{ "time": 1.6666, "x": 0, "y": 0 },
					{ "time": 2.1666, "x": 1.18, "y": -0.06 },
					{ "time": 2.6666, "x": 0, "y": 0 }
				],
				"scale": [
					{ "time": 0.6666, "x": 1, "y": 1, "curve": "stepped" },
					{ "time": 1.6666, "x": 1, "y": 1, "curve": "stepped" },
					{ "time": 2.6666, "x": 1, "y": 1 }
				]
			},
			"bone10": {
				"rotate": [
					{ "time": 0.6666, "angle": 0 },
					{ "time": 0.9, "angle": -4.8 },
					{ "time": 1.1666, "angle": -4.9 },
					{ "time": 1.6666, "angle": 0 },
					{ "time": 1.9, "angle": -4.8 },
					{ "time": 2.1666, "angle": -4.9 },
					{ "time": 2.6666, "angle": 0 }
				],
				"translate": [
					{ "time": 0.6666, "x": 0, "y": 0, "curve": "stepped" },
					{ "time": 1.6666, "x": 0, "y": 0, "curve": "stepped" },
					{ "time": 2.6666, "x": 0, "y": 0 }
				],
				"scale": [
					{ "time": 0.6666, "x": 1, "y": 1, "curve": "stepped" },
					{ "time": 1.6666, "x": 1, "y": 1, "curve": "stepped" },
					{ "time": 2.6666, "x": 1, "y": 1 }
				]
			}
		}
	}
}
}