{
"skeleton": { "hash": "cIwkypdekaC9VzBZ/7x0z4d09GY", "spine": "2.1.27", "width": 0, "height": 0 },
"bones": [
	{ "name": "root", "scaleX": 0.8, "scaleY": 0.8 },
	{ "name": "add", "parent": "root", "y": 22.7, "scaleX": 2, "scaleY": 2 },
	{ "name": "glow", "parent": "root", "y": 22.7, "scaleX": 2, "scaleY": 2 },
	{ "name": "xx", "parent": "root", "x": -12.38, "scaleX": 1.25, "scaleY": 1.25 }
],
"slots": [
	{ "name": "yun_glow_000_", "bone": "glow" },
	{ "name": "yun_glow_001_", "bone": "glow" },
	{ "name": "yun_glow_002_", "bone": "glow" },
	{ "name": "yun_glow_003_", "bone": "glow" },
	{ "name": "yun_glow_004_", "bone": "glow" },
	{ "name": "yun_glow_005_", "bone": "glow" },
	{ "name": "yun_glow_006_", "bone": "glow" },
	{ "name": "yun_glow_007_", "bone": "glow" },
	{ "name": "yun_glow_008_", "bone": "glow" },
	{ "name": "yun_glow_009_", "bone": "glow" },
	{ "name": "yun_glow_010_", "bone": "glow" },
	{ "name": "yun_glow_011_", "bone": "glow" },
	{ "name": "yun_glow_012_", "bone": "glow" },
	{ "name": "yun_glow_013_", "bone": "glow" },
	{ "name": "Zn_xx_034_", "bone": "xx" },
	{ "name": "Zn_xx_033_", "bone": "xx" },
	{ "name": "Zn_xx_032_", "bone": "xx" },
	{ "name": "Zn_xx_031_", "bone": "xx" },
	{ "name": "Zn_xx_030_", "bone": "xx" },
	{ "name": "Zn_xx_029_", "bone": "xx" },
	{ "name": "Zn_xx_028_", "bone": "xx" },
	{ "name": "Zn_xx_027_", "bone": "xx" },
	{ "name": "Zn_xx_026_", "bone": "xx" },
	{ "name": "Zn_xx_025_", "bone": "xx" },
	{ "name": "Zn_xx_024_", "bone": "xx" },
	{ "name": "Zn_xx_023_", "bone": "xx" },
	{ "name": "Zn_xx_022_", "bone": "xx" },
	{ "name": "Zn_xx_021_", "bone": "xx" },
	{ "name": "Zn_xx_020_", "bone": "xx" },
	{ "name": "Zn_xx_019_", "bone": "xx" },
	{ "name": "Zn_xx_018_", "bone": "xx" },
	{ "name": "Zn_xx_017_", "bone": "xx" },
	{ "name": "Zn_xx_016_", "bone": "xx" },
	{ "name": "Zn_xx_015_", "bone": "xx" },
	{ "name": "Zn_xx_014_", "bone": "xx" },
	{ "name": "Zn_xx_013_", "bone": "xx" },
	{ "name": "Zn_xx_012_", "bone": "xx" },
	{ "name": "Zn_xx_011_", "bone": "xx" },
	{ "name": "Zn_xx_010_", "bone": "xx" },
	{ "name": "Zn_xx_009_", "bone": "xx" },
	{ "name": "Zn_xx_008_", "bone": "xx" },
	{ "name": "Zn_xx_007_", "bone": "xx" },
	{ "name": "Zn_xx_006_", "bone": "xx" },
	{ "name": "Zn_xx_005_", "bone": "xx" },
	{ "name": "Zn_xx_004_", "bone": "xx" },
	{ "name": "Zn_xx_003_", "bone": "xx" },
	{ "name": "Zn_xx_002_", "bone": "xx" },
	{ "name": "Zn_xx_001_", "bone": "xx" },
	{ "name": "Zn_xx_000_", "bone": "xx" },
	{ "name": "Zn_dj_011_", "bone": "xx" },
	{ "name": "Zn_dj_010_", "bone": "xx" },
	{ "name": "Zn_dj_009_", "bone": "xx" },
	{ "name": "Zn_dj_008_", "bone": "xx" },
	{ "name": "Zn_dj_007_", "bone": "xx" },
	{ "name": "Zn_dj_006_", "bone": "xx" },
	{ "name": "Zn_dj_005_", "bone": "xx" },
	{ "name": "Zn_dj_004_", "bone": "xx" },
	{ "name": "Zn_dj_003_", "bone": "xx" },
	{ "name": "Zn_dj_002_", "bone": "xx" },
	{ "name": "Zn_dj_001_", "bone": "xx" },
	{ "name": "Zn_dj_000_", "bone": "xx" },
	{ "name": "Zn_niao_xx_034_", "bone": "xx" },
	{ "name": "Zn_niao_xx_033_", "bone": "xx" },
	{ "name": "Zn_niao_xx_032_", "bone": "xx" },
	{ "name": "Zn_niao_xx_031_", "bone": "xx" },
	{ "name": "Zn_niao_xx_030_", "bone": "xx" },
	{ "name": "Zn_niao_xx_029_", "bone": "xx" },
	{ "name": "Zn_niao_xx_028_", "bone": "xx" },
	{ "name": "Zn_niao_xx_027_", "bone": "xx" },
	{ "name": "Zn_niao_xx_026_", "bone": "xx" },
	{ "name": "Zn_niao_xx_025_", "bone": "xx" },
	{ "name": "Zn_niao_xx_024_", "bone": "xx" },
	{ "name": "Zn_niao_xx_023_", "bone": "xx" },
	{ "name": "Zn_niao_xx_022_", "bone": "xx" },
	{ "name": "Zn_niao_xx_021_", "bone": "xx" },
	{ "name": "Zn_niao_xx_020_", "bone": "xx" },
	{ "name": "Zn_niao_xx_019_", "bone": "xx" },
	{ "name": "Zn_niao_xx_018_", "bone": "xx" },
	{ "name": "Zn_niao_xx_017_", "bone": "xx" },
	{ "name": "Zn_niao_xx_016_", "bone": "xx" },
	{ "name": "Zn_niao_xx_015_", "bone": "xx" },
	{ "name": "Zn_niao_xx_014_", "bone": "xx" },
	{ "name": "Zn_niao_xx_013_", "bone": "xx" },
	{ "name": "Zn_niao_xx_012_", "bone": "xx" },
	{ "name": "Zn_niao_xx_011_", "bone": "xx" },
	{ "name": "Zn_niao_xx_010_", "bone": "xx" },
	{ "name": "Zn_niao_xx_009_", "bone": "xx" },
	{ "name": "Zn_niao_xx_008_", "bone": "xx" },
	{ "name": "Zn_niao_xx_007_", "bone": "xx" },
	{ "name": "Zn_niao_xx_006_", "bone": "xx" },
	{ "name": "Zn_niao_xx_005_", "bone": "xx" },
	{ "name": "Zn_niao_xx_004_", "bone": "xx" },
	{ "name": "Zn_niao_xx_003_", "bone": "xx" },
	{ "name": "Zn_niao_xx_002_", "bone": "xx" },
	{ "name": "Zn_niao_xx_001_", "bone": "xx" },
	{ "name": "Zn_niao_xx_000_", "bone": "xx" },
	{ "name": "yun_add_000_", "bone": "add", "blend": "additive" },
	{ "name": "yun_add_001_", "bone": "add", "blend": "additive" },
	{ "name": "yun_add_002_", "bone": "add", "blend": "additive" },
	{ "name": "yun_add_003_", "bone": "add", "blend": "additive" },
	{ "name": "yun_add_004_", "bone": "add", "blend": "additive" },
	{ "name": "yun_add_005_", "bone": "add", "blend": "additive" },
	{ "name": "yun_add_006_", "bone": "add", "blend": "additive" },
	{ "name": "yun_add_007_", "bone": "add", "blend": "additive" },
	{ "name": "yun_add_008_", "bone": "add", "blend": "additive" },
	{ "name": "yun_add_009_", "bone": "add", "blend": "additive" },
	{ "name": "yun_add_010_", "bone": "add", "blend": "additive" },
	{ "name": "yun_add_011_", "bone": "add", "blend": "additive" },
	{ "name": "yun_add_012_", "bone": "add", "blend": "additive" },
	{ "name": "yun_add_013_", "bone": "add", "blend": "additive" }
],
"skins": {
	"default": {
		"Zn_dj_000_": {
			"Zn_dj_000_": { "x": -20.41, "y": 132.61, "width": 281, "height": 327 }
		},
		"Zn_dj_001_": {
			"Zn_dj_001_": { "x": -20.41, "y": 132.11, "width": 281, "height": 326 }
		},
		"Zn_dj_002_": {
			"Zn_dj_002_": { "x": -19.91, "y": 132.61, "width": 284, "height": 325 }
		},
		"Zn_dj_003_": {
			"Zn_dj_003_": { "x": -20.41, "y": 132.11, "width": 289, "height": 326 }
		},
		"Zn_dj_004_": {
			"Zn_dj_004_": { "x": -21.91, "y": 133.11, "width": 294, "height": 326 }
		},
		"Zn_dj_005_": {
			"Zn_dj_005_": { "x": -23.41, "y": 133.61, "width": 297, "height": 327 }
		},
		"Zn_dj_006_": {
			"Zn_dj_006_": { "x": -22.91, "y": 133.11, "width": 304, "height": 328 }
		},
		"Zn_dj_007_": {
			"Zn_dj_007_": { "x": -24.91, "y": 133.11, "width": 300, "height": 328 }
		},
		"Zn_dj_008_": {
			"Zn_dj_008_": { "x": -24.41, "y": 132.11, "width": 297, "height": 330 }
		},
		"Zn_dj_009_": {
			"Zn_dj_009_": { "x": -22.91, "y": 131.61, "width": 292, "height": 331 }
		},
		"Zn_dj_010_": {
			"Zn_dj_010_": { "x": -21.91, "y": 132.11, "width": 286, "height": 328 }
		},
		"Zn_dj_011_": {
			"Zn_dj_011_": { "x": -20.91, "y": 132.11, "width": 282, "height": 328 }
		},
		"Zn_niao_xx_000_": {
			"Zn_niao_xx_000_": { "x": 69.58, "y": 184.61, "width": 65, "height": 79 }
		},
		"Zn_niao_xx_001_": {
			"Zn_niao_xx_001_": { "x": 64.08, "y": 137.11, "width": 72, "height": 66 }
		},
		"Zn_niao_xx_002_": {
			"Zn_niao_xx_002_": { "x": 46.08, "y": 129.11, "width": 64, "height": 72 }
		},
		"Zn_niao_xx_003_": {
			"Zn_niao_xx_003_": { "x": 22.08, "y": 104.61, "width": 74, "height": 71 }
		},
		"Zn_niao_xx_004_": {
			"Zn_niao_xx_004_": { "x": -9.91, "y": 117.61, "width": 74, "height": 73 }
		},
		"Zn_niao_xx_005_": {
			"Zn_niao_xx_005_": { "x": -39.91, "y": 118.11, "width": 74, "height": 70 }
		},
		"Zn_niao_xx_006_": {
			"Zn_niao_xx_006_": { "x": -55.41, "y": 146.11, "width": 59, "height": 82 }
		},
		"Zn_niao_xx_007_": {
			"Zn_niao_xx_007_": { "x": -65.41, "y": 180.61, "width": 69, "height": 73 }
		},
		"Zn_niao_xx_008_": {
			"Zn_niao_xx_008_": { "x": -65.91, "y": 225.61, "width": 64, "height": 81 }
		},
		"Zn_niao_xx_009_": {
			"Zn_niao_xx_009_": { "x": -50.41, "y": 236.61, "width": 73, "height": 67 }
		},
		"Zn_niao_xx_010_": {
			"Zn_niao_xx_010_": { "x": -19.41, "y": 249.11, "width": 75, "height": 72 }
		},
		"Zn_niao_xx_011_": {
			"Zn_niao_xx_011_": { "x": 20.08, "y": 230.61, "width": 74, "height": 69 }
		},
		"Zn_niao_xx_012_": {
			"Zn_niao_xx_012_": { "x": 54.08, "y": 232.61, "width": 72, "height": 69 }
		},
		"Zn_niao_xx_013_": {
			"Zn_niao_xx_013_": { "x": 76.58, "y": 203.11, "width": 71, "height": 68 }
		},
		"Zn_niao_xx_014_": {
			"Zn_niao_xx_014_": { "x": 83.58, "y": 190.11, "width": 59, "height": 68 }
		},
		"Zn_niao_xx_015_": {
			"Zn_niao_xx_015_": { "x": 84.08, "y": 150.61, "width": 72, "height": 69 }
		},
		"Zn_niao_xx_016_": {
			"Zn_niao_xx_016_": { "x": 77.58, "y": 140.61, "width": 63, "height": 71 }
		},
		"Zn_niao_xx_017_": {
			"Zn_niao_xx_017_": { "x": 33.08, "y": 119.11, "width": 122, "height": 70 }
		},
		"Zn_niao_xx_018_": {
			"Zn_niao_xx_018_": { "x": 20.58, "y": 140.11, "width": 73, "height": 70 }
		},
		"Zn_niao_xx_019_": {
			"Zn_niao_xx_019_": { "x": -15.91, "y": 136.61, "width": 98, "height": 77 }
		},
		"Zn_niao_xx_020_": {
			"Zn_niao_xx_020_": { "x": -40.41, "y": 172.11, "width": 129, "height": 76 }
		},
		"Zn_niao_xx_021_": {
			"Zn_niao_xx_021_": { "x": -90.91, "y": 183.61, "width": 72, "height": 69 }
		},
		"Zn_niao_xx_022_": {
			"Zn_niao_xx_022_": { "x": -36.91, "y": 218.61, "width": 176, "height": 83 }
		},
		"Zn_niao_xx_023_": {
			"Zn_niao_xx_023_": { "x": -89.41, "y": 246.11, "width": 69, "height": 74 }
		},
		"Zn_niao_xx_024_": {
			"Zn_niao_xx_024_": { "x": -79.41, "y": 280.11, "width": 63, "height": 82 }
		},
		"Zn_niao_xx_025_": {
			"Zn_niao_xx_025_": { "x": -63.91, "y": 290.11, "width": 74, "height": 66 }
		},
		"Zn_niao_xx_026_": {
			"Zn_niao_xx_026_": { "x": -46.41, "y": 303.61, "width": 73, "height": 75 }
		},
		"Zn_niao_xx_027_": {
			"Zn_niao_xx_027_": { "x": -23.91, "y": 294.61, "width": 76, "height": 69 }
		},
		"Zn_niao_xx_028_": {
			"Zn_niao_xx_028_": { "x": 1.08, "y": 304.61, "width": 76, "height": 67 }
		},
		"Zn_niao_xx_029_": {
			"Zn_niao_xx_029_": { "x": 24.08, "y": 283.11, "width": 76, "height": 70 }
		},
		"Zn_niao_xx_030_": {
			"Zn_niao_xx_030_": { "x": 44.08, "y": 285.11, "width": 74, "height": 68 }
		},
		"Zn_niao_xx_031_": {
			"Zn_niao_xx_031_": { "x": 57.08, "y": 259.61, "width": 72, "height": 69 }
		},
		"Zn_niao_xx_032_": {
			"Zn_niao_xx_032_": { "x": 64.58, "y": 255.61, "width": 69, "height": 69 }
		},
		"Zn_niao_xx_033_": {
			"Zn_niao_xx_033_": { "x": 73.08, "y": 223.11, "width": 72, "height": 68 }
		},
		"Zn_niao_xx_034_": {
			"Zn_niao_xx_034_": { "x": 73.08, "y": 213.61, "width": 64, "height": 73 }
		},
		"Zn_xx_000_": {
			"Zn_xx_000_": { "x": -21.91, "y": 132.61, "width": 280, "height": 327 }
		},
		"Zn_xx_001_": {
			"Zn_xx_001_": { "x": -7.91, "y": 132.61, "width": 296, "height": 311 }
		},
		"Zn_xx_002_": {
			"Zn_xx_002_": { "x": -0.91, "y": 156.11, "width": 256, "height": 306 }
		},
		"Zn_xx_003_": {
			"Zn_xx_003_": { "x": 9.08, "y": 153.61, "width": 264, "height": 275 }
		},
		"Zn_xx_004_": {
			"Zn_xx_004_": { "x": 28.58, "y": 152.61, "width": 251, "height": 285 }
		},
		"Zn_xx_005_": {
			"Zn_xx_005_": { "x": 7.08, "y": 163.11, "width": 212, "height": 308 }
		},
		"Zn_xx_006_": {
			"Zn_xx_006_": { "x": 6.58, "y": 154.61, "width": 229, "height": 297 }
		},
		"Zn_xx_007_": {
			"Zn_xx_007_": { "x": 10.08, "y": 164.61, "width": 212, "height": 295 }
		},
		"Zn_xx_008_": {
			"Zn_xx_008_": { "x": 15.58, "y": 153.61, "width": 235, "height": 279 }
		},
		"Zn_xx_009_": {
			"Zn_xx_009_": { "x": 3.08, "y": 148.11, "width": 260, "height": 278 }
		},
		"Zn_xx_010_": {
			"Zn_xx_010_": { "x": -2.41, "y": 166.61, "width": 225, "height": 305 }
		},
		"Zn_xx_011_": {
			"Zn_xx_011_": { "x": -15.41, "y": 166.61, "width": 243, "height": 309 }
		},
		"Zn_xx_012_": {
			"Zn_xx_012_": { "x": 2.08, "y": 149.11, "width": 262, "height": 290 }
		},
		"Zn_xx_013_": {
			"Zn_xx_013_": { "x": 27.58, "y": 156.61, "width": 231, "height": 313 }
		},
		"Zn_xx_014_": {
			"Zn_xx_014_": { "x": 17.58, "y": 149.11, "width": 207, "height": 296 }
		},
		"Zn_xx_015_": {
			"Zn_xx_015_": { "x": 12.58, "y": 135.61, "width": 247, "height": 259 }
		},
		"Zn_xx_016_": {
			"Zn_xx_016_": { "x": -5.91, "y": 155.61, "width": 242, "height": 303 }
		},
		"Zn_xx_017_": {
			"Zn_xx_017_": { "x": -4.91, "y": 162.61, "width": 236, "height": 323 }
		},
		"Zn_xx_018_": {
			"Zn_xx_018_": { "x": -17.41, "y": 154.61, "width": 267, "height": 325 }
		},
		"Zn_xx_019_": {
			"Zn_xx_019_": { "x": -16.91, "y": 146.61, "width": 282, "height": 313 }
		},
		"Zn_xx_020_": {
			"Zn_xx_020_": { "x": 1.08, "y": 137.61, "width": 262, "height": 307 }
		},
		"Zn_xx_021_": {
			"Zn_xx_021_": { "x": 9.58, "y": 134.11, "width": 257, "height": 302 }
		},
		"Zn_xx_022_": {
			"Zn_xx_022_": { "x": 14.08, "y": 132.61, "width": 262, "height": 311 }
		},
		"Zn_xx_023_": {
			"Zn_xx_023_": { "x": 16.58, "y": 135.61, "width": 249, "height": 319 }
		},
		"Zn_xx_024_": {
			"Zn_xx_024_": { "x": 19.08, "y": 139.11, "width": 244, "height": 332 }
		},
		"Zn_xx_025_": {
			"Zn_xx_025_": { "x": 17.08, "y": 140.61, "width": 246, "height": 343 }
		},
		"Zn_xx_026_": {
			"Zn_xx_026_": { "x": 9.58, "y": 140.11, "width": 261, "height": 350 }
		},
		"Zn_xx_027_": {
			"Zn_xx_027_": { "x": 4.08, "y": 137.11, "width": 270, "height": 352 }
		},
		"Zn_xx_028_": {
			"Zn_xx_028_": { "x": 1.58, "y": 133.61, "width": 273, "height": 353 }
		},
		"Zn_xx_029_": {
			"Zn_xx_029_": { "x": 1.08, "y": 129.11, "width": 272, "height": 352 }
		},
		"Zn_xx_030_": {
			"Zn_xx_030_": { "x": 3.08, "y": 125.61, "width": 276, "height": 349 }
		},
		"Zn_xx_031_": {
			"Zn_xx_031_": { "x": 4.08, "y": 122.61, "width": 274, "height": 343 }
		},
		"Zn_xx_032_": {
			"Zn_xx_032_": { "x": 5.08, "y": 121.11, "width": 272, "height": 336 }
		},
		"Zn_xx_033_": {
			"Zn_xx_033_": { "x": 5.08, "y": 123.11, "width": 280, "height": 332 }
		},
		"Zn_xx_034_": {
			"Zn_xx_034_": { "x": 5.08, "y": 126.61, "width": 280, "height": 331 }
		},
		"yun_add_000_": {
			"yun_add_000_": { "width": 114, "height": 85 }
		},
		"yun_add_001_": {
			"yun_add_001_": { "width": 114, "height": 85 }
		},
		"yun_add_002_": {
			"yun_add_002_": { "width": 114, "height": 85 }
		},
		"yun_add_003_": {
			"yun_add_003_": { "width": 114, "height": 85 }
		},
		"yun_add_004_": {
			"yun_add_004_": { "width": 114, "height": 85 }
		},
		"yun_add_005_": {
			"yun_add_005_": { "width": 114, "height": 85 }
		},
		"yun_add_006_": {
			"yun_add_006_": { "width": 114, "height": 85 }
		},
		"yun_add_007_": {
			"yun_add_007_": { "width": 114, "height": 85 }
		},
		"yun_add_008_": {
			"yun_add_008_": { "width": 114, "height": 85 }
		},
		"yun_add_009_": {
			"yun_add_009_": { "width": 114, "height": 85 }
		},
		"yun_add_010_": {
			"yun_add_010_": { "width": 114, "height": 85 }
		},
		"yun_add_011_": {
			"yun_add_011_": { "width": 114, "height": 85 }
		},
		"yun_add_012_": {
			"yun_add_012_": { "width": 114, "height": 85 }
		},
		"yun_add_013_": {
			"yun_add_013_": { "width": 114, "height": 85 }
		},
		"yun_glow_000_": {
			"yun_glow_000_": { "width": 118, "height": 86 }
		},
		"yun_glow_001_": {
			"yun_glow_001_": { "width": 118, "height": 86 }
		},
		"yun_glow_002_": {
			"yun_glow_002_": { "width": 118, "height": 86 }
		},
		"yun_glow_003_": {
			"yun_glow_003_": { "width": 118, "height": 86 }
		},
		"yun_glow_004_": {
			"yun_glow_004_": { "width": 118, "height": 86 }
		},
		"yun_glow_005_": {
			"yun_glow_005_": { "width": 118, "height": 86 }
		},
		"yun_glow_006_": {
			"yun_glow_006_": { "width": 118, "height": 86 }
		},
		"yun_glow_007_": {
			"yun_glow_007_": { "width": 118, "height": 86 }
		},
		"yun_glow_008_": {
			"yun_glow_008_": { "width": 118, "height": 86 }
		},
		"yun_glow_009_": {
			"yun_glow_009_": { "width": 118, "height": 86 }
		},
		"yun_glow_010_": {
			"yun_glow_010_": { "width": 118, "height": 86 }
		},
		"yun_glow_011_": {
			"yun_glow_011_": { "width": 118, "height": 86 }
		},
		"yun_glow_012_": {
			"yun_glow_012_": { "width": 118, "height": 86 }
		},
		"yun_glow_013_": {
			"yun_glow_013_": { "width": 118, "height": 86 }
		}
	}
},
"animations": {
	"animation": {
		"slots": {
			"Zn_dj_000_": {
				"attachment": [
					{ "time": 0, "name": "Zn_dj_000_" },
					{ "time": 0.1, "name": "Zn_dj_000_" },
					{ "time": 0.2, "name": null },
					{ "time": 2.3333, "name": "Zn_dj_000_" },
					{ "time": 2.4333, "name": "Zn_dj_000_" },
					{ "time": 2.5333, "name": null }
				]
			},
			"Zn_dj_001_": {
				"attachment": [
					{ "time": 0, "name": null },
					{ "time": 0.1, "name": null },
					{ "time": 0.2, "name": "Zn_dj_001_" },
					{ "time": 0.3, "name": "Zn_dj_001_" },
					{ "time": 0.4, "name": null },
					{ "time": 2.3333, "name": null },
					{ "time": 2.4333, "name": null },
					{ "time": 2.5333, "name": "Zn_dj_001_" },
					{ "time": 2.6333, "name": "Zn_dj_001_" },
					{ "time": 2.7333, "name": null }
				]
			},
			"Zn_dj_002_": {
				"attachment": [
					{ "time": 0, "name": null },
					{ "time": 0.3, "name": null },
					{ "time": 0.4, "name": "Zn_dj_002_" },
					{ "time": 0.5, "name": "Zn_dj_002_" },
					{ "time": 0.6, "name": null },
					{ "time": 2.3333, "name": null },
					{ "time": 2.6333, "name": null },
					{ "time": 2.7333, "name": "Zn_dj_002_" },
					{ "time": 2.8333, "name": "Zn_dj_002_" },
					{ "time": 2.9333, "name": null }
				]
			},
			"Zn_dj_003_": {
				"attachment": [
					{ "time": 0, "name": null },
					{ "time": 0.5, "name": null },
					{ "time": 0.6, "name": "Zn_dj_003_" },
					{ "time": 0.6666, "name": "Zn_dj_003_" },
					{ "time": 0.7666, "name": null },
					{ "time": 2.3333, "name": null },
					{ "time": 2.8333, "name": null },
					{ "time": 2.9333, "name": "Zn_dj_003_" },
					{ "time": 3, "name": "Zn_dj_003_" },
					{ "time": 3.1, "name": null }
				]
			},
			"Zn_dj_004_": {
				"attachment": [
					{ "time": 0, "name": null },
					{ "time": 0.6666, "name": null },
					{ "time": 0.7666, "name": "Zn_dj_004_" },
					{ "time": 0.8666, "name": "Zn_dj_004_" },
					{ "time": 0.9666, "name": null },
					{ "time": 2.3333, "name": null },
					{ "time": 3, "name": null },
					{ "time": 3.1, "name": "Zn_dj_004_" },
					{ "time": 3.2, "name": "Zn_dj_004_" },
					{ "time": 3.3, "name": null }
				]
			},
			"Zn_dj_005_": {
				"attachment": [
					{ "time": 0, "name": null },
					{ "time": 0.8666, "name": null },
					{ "time": 0.9666, "name": "Zn_dj_005_" },
					{ "time": 1.0666, "name": "Zn_dj_005_" },
					{ "time": 1.1666, "name": null },
					{ "time": 2.3333, "name": null },
					{ "time": 3.2, "name": null },
					{ "time": 3.3, "name": "Zn_dj_005_" },
					{ "time": 3.4, "name": "Zn_dj_005_" },
					{ "time": 3.5, "name": null }
				]
			},
			"Zn_dj_006_": {
				"attachment": [
					{ "time": 0, "name": null },
					{ "time": 1.0666, "name": null },
					{ "time": 1.1666, "name": "Zn_dj_006_" },
					{ "time": 1.2666, "name": "Zn_dj_006_" },
					{ "time": 1.3666, "name": null },
					{ "time": 2.3333, "name": null },
					{ "time": 3.4, "name": null },
					{ "time": 3.5, "name": "Zn_dj_006_" },
					{ "time": 3.6, "name": "Zn_dj_006_" },
					{ "time": 3.7, "name": null }
				]
			},
			"Zn_dj_007_": {
				"attachment": [
					{ "time": 0, "name": null },
					{ "time": 1.2666, "name": null },
					{ "time": 1.3666, "name": "Zn_dj_007_" },
					{ "time": 1.4666, "name": "Zn_dj_007_" },
					{ "time": 1.5666, "name": null },
					{ "time": 2.3333, "name": null },
					{ "time": 3.6, "name": null },
					{ "time": 3.7, "name": "Zn_dj_007_" },
					{ "time": 3.8, "name": "Zn_dj_007_" },
					{ "time": 3.9, "name": null }
				]
			},
			"Zn_dj_008_": {
				"attachment": [
					{ "time": 0, "name": null },
					{ "time": 1.4666, "name": null },
					{ "time": 1.5666, "name": "Zn_dj_008_" },
					{ "time": 1.6666, "name": "Zn_dj_008_" },
					{ "time": 1.7666, "name": null },
					{ "time": 2.3333, "name": null },
					{ "time": 3.8, "name": null },
					{ "time": 3.9, "name": "Zn_dj_008_" },
					{ "time": 4, "name": "Zn_dj_008_" },
					{ "time": 4.1, "name": null }
				]
			},
			"Zn_dj_009_": {
				"attachment": [
					{ "time": 0, "name": null },
					{ "time": 1.6666, "name": null },
					{ "time": 1.7666, "name": "Zn_dj_009_" },
					{ "time": 1.8666, "name": "Zn_dj_009_" },
					{ "time": 1.9333, "name": null },
					{ "time": 2.3333, "name": null },
					{ "time": 4, "name": null },
					{ "time": 4.1, "name": "Zn_dj_009_" },
					{ "time": 4.2, "name": "Zn_dj_009_" },
					{ "time": 4.2666, "name": null }
				]
			},
			"Zn_dj_010_": {
				"attachment": [
					{ "time": 0, "name": null },
					{ "time": 1.8666, "name": null },
					{ "time": 1.9333, "name": "Zn_dj_010_" },
					{ "time": 2.0333, "name": "Zn_dj_010_" },
					{ "time": 2.1333, "name": null },
					{ "time": 2.3333, "name": null },
					{ "time": 4.2, "name": null },
					{ "time": 4.2666, "name": "Zn_dj_010_" },
					{ "time": 4.3666, "name": "Zn_dj_010_" },
					{ "time": 4.4666, "name": null }
				]
			},
			"Zn_dj_011_": {
				"attachment": [
					{ "time": 0, "name": null },
					{ "time": 2.0333, "name": null },
					{ "time": 2.1333, "name": "Zn_dj_011_" },
					{ "time": 2.2333, "name": "Zn_dj_011_" },
					{ "time": 2.3333, "name": null },
					{ "time": 4.3666, "name": null },
					{ "time": 4.4666, "name": "Zn_dj_011_" },
					{ "time": 4.5666, "name": "Zn_dj_011_" },
					{ "time": 4.6666, "name": null }
				]
			},
			"Zn_niao_xx_000_": {
				"attachment": [
					{ "time": 4.5666, "name": null },
					{ "time": 4.6666, "name": "Zn_niao_xx_000_" },
					{ "time": 4.7666, "name": "Zn_niao_xx_000_" },
					{ "time": 4.8666, "name": null }
				]
			},
			"Zn_niao_xx_001_": {
				"attachment": [
					{ "time": 4.7666, "name": null },
					{ "time": 4.8666, "name": "Zn_niao_xx_001_" },
					{ "time": 4.9666, "name": "Zn_niao_xx_001_" },
					{ "time": 5.0666, "name": null }
				]
			},
			"Zn_niao_xx_002_": {
				"attachment": [
					{ "time": 4.9666, "name": null },
					{ "time": 5.0666, "name": "Zn_niao_xx_002_" },
					{ "time": 5.1666, "name": "Zn_niao_xx_002_" },
					{ "time": 5.2666, "name": null }
				]
			},
			"Zn_niao_xx_003_": {
				"attachment": [
					{ "time": 5.1666, "name": null },
					{ "time": 5.2666, "name": "Zn_niao_xx_003_" },
					{ "time": 5.3666, "name": "Zn_niao_xx_003_" },
					{ "time": 5.4666, "name": null }
				]
			},
			"Zn_niao_xx_004_": {
				"attachment": [
					{ "time": 5.3666, "name": null },
					{ "time": 5.4666, "name": "Zn_niao_xx_004_" },
					{ "time": 5.5666, "name": "Zn_niao_xx_004_" },
					{ "time": 5.6666, "name": null }
				]
			},
			"Zn_niao_xx_005_": {
				"attachment": [
					{ "time": 5.5666, "name": null },
					{ "time": 5.6666, "name": "Zn_niao_xx_005_" },
					{ "time": 5.7666, "name": "Zn_niao_xx_005_" },
					{ "time": 5.8666, "name": null }
				]
			},
			"Zn_niao_xx_006_": {
				"attachment": [
					{ "time": 5.7666, "name": null },
					{ "time": 5.8666, "name": "Zn_niao_xx_006_" },
					{ "time": 5.9666, "name": "Zn_niao_xx_006_" },
					{ "time": 6.0666, "name": null }
				]
			},
			"Zn_niao_xx_007_": {
				"attachment": [
					{ "time": 5.9666, "name": null },
					{ "time": 6.0666, "name": "Zn_niao_xx_007_" },
					{ "time": 6.1666, "name": "Zn_niao_xx_007_" },
					{ "time": 6.2666, "name": null }
				]
			},
			"Zn_niao_xx_008_": {
				"attachment": [
					{ "time": 6.1666, "name": null },
					{ "time": 6.2666, "name": "Zn_niao_xx_008_" },
					{ "time": 6.3666, "name": "Zn_niao_xx_008_" },
					{ "time": 6.4666, "name": null }
				]
			},
			"Zn_niao_xx_009_": {
				"attachment": [
					{ "time": 6.3666, "name": null },
					{ "time": 6.4666, "name": "Zn_niao_xx_009_" },
					{ "time": 6.5666, "name": "Zn_niao_xx_009_" },
					{ "time": 6.6666, "name": null }
				]
			},
			"Zn_niao_xx_010_": {
				"attachment": [
					{ "time": 6.5666, "name": null },
					{ "time": 6.6666, "name": "Zn_niao_xx_010_" },
					{ "time": 6.7666, "name": "Zn_niao_xx_010_" },
					{ "time": 6.8666, "name": null }
				]
			},
			"Zn_niao_xx_011_": {
				"attachment": [
					{ "time": 6.7666, "name": null },
					{ "time": 6.8666, "name": "Zn_niao_xx_011_" },
					{ "time": 6.9666, "name": "Zn_niao_xx_011_" },
					{ "time": 7.0666, "name": null }
				]
			},
			"Zn_niao_xx_012_": {
				"attachment": [
					{ "time": 6.9666, "name": null },
					{ "time": 7.0666, "name": "Zn_niao_xx_012_" },
					{ "time": 7.1666, "name": "Zn_niao_xx_012_" },
					{ "time": 7.2666, "name": null }
				]
			},
			"Zn_niao_xx_013_": {
				"attachment": [
					{ "time": 7.1666, "name": null },
					{ "time": 7.2666, "name": "Zn_niao_xx_013_" },
					{ "time": 7.3666, "name": "Zn_niao_xx_013_" },
					{ "time": 7.4666, "name": null }
				]
			},
			"Zn_niao_xx_014_": {
				"attachment": [
					{ "time": 7.3666, "name": null },
					{ "time": 7.4666, "name": "Zn_niao_xx_014_" },
					{ "time": 7.5666, "name": "Zn_niao_xx_014_" },
					{ "time": 7.6666, "name": null }
				]
			},
			"Zn_niao_xx_015_": {
				"attachment": [
					{ "time": 7.5666, "name": null },
					{ "time": 7.6666, "name": "Zn_niao_xx_015_" },
					{ "time": 7.7666, "name": "Zn_niao_xx_015_" },
					{ "time": 7.8666, "name": null }
				]
			},
			"Zn_niao_xx_016_": {
				"attachment": [
					{ "time": 7.7666, "name": null },
					{ "time": 7.8666, "name": "Zn_niao_xx_016_" },
					{ "time": 7.9666, "name": "Zn_niao_xx_016_" },
					{ "time": 8.0666, "name": null }
				]
			},
			"Zn_niao_xx_017_": {
				"attachment": [
					{ "time": 7.9666, "name": null },
					{ "time": 8.0666, "name": "Zn_niao_xx_017_" },
					{ "time": 8.1666, "name": "Zn_niao_xx_017_" },
					{ "time": 8.2666, "name": null }
				]
			},
			"Zn_niao_xx_018_": {
				"attachment": [
					{ "time": 8.1666, "name": null },
					{ "time": 8.2666, "name": "Zn_niao_xx_018_" },
					{ "time": 8.3666, "name": "Zn_niao_xx_018_" },
					{ "time": 8.4666, "name": null }
				]
			},
			"Zn_niao_xx_019_": {
				"attachment": [
					{ "time": 8.3666, "name": null },
					{ "time": 8.4666, "name": "Zn_niao_xx_019_" },
					{ "time": 8.5666, "name": "Zn_niao_xx_019_" },
					{ "time": 8.6666, "name": null }
				]
			},
			"Zn_niao_xx_020_": {
				"attachment": [
					{ "time": 8.5666, "name": null },
					{ "time": 8.6666, "name": "Zn_niao_xx_020_" },
					{ "time": 8.7666, "name": "Zn_niao_xx_020_" },
					{ "time": 8.8666, "name": null }
				]
			},
			"Zn_niao_xx_021_": {
				"attachment": [
					{ "time": 8.7666, "name": null },
					{ "time": 8.8666, "name": "Zn_niao_xx_021_" },
					{ "time": 8.9666, "name": "Zn_niao_xx_021_" },
					{ "time": 9.0666, "name": null }
				]
			},
			"Zn_niao_xx_022_": {
				"attachment": [
					{ "time": 8.9666, "name": null },
					{ "time": 9.0666, "name": "Zn_niao_xx_022_" },
					{ "time": 9.1666, "name": "Zn_niao_xx_022_" },
					{ "time": 9.2666, "name": null }
				]
			},
			"Zn_niao_xx_023_": {
				"attachment": [
					{ "time": 9.1666, "name": null },
					{ "time": 9.2666, "name": "Zn_niao_xx_023_" },
					{ "time": 9.3666, "name": "Zn_niao_xx_023_" },
					{ "time": 9.4666, "name": null }
				]
			},
			"Zn_niao_xx_024_": {
				"attachment": [
					{ "time": 9.3666, "name": null },
					{ "time": 9.4666, "name": "Zn_niao_xx_024_" },
					{ "time": 9.5666, "name": "Zn_niao_xx_024_" },
					{ "time": 9.6666, "name": null }
				]
			},
			"Zn_niao_xx_025_": {
				"attachment": [
					{ "time": 9.5666, "name": null },
					{ "time": 9.6666, "name": "Zn_niao_xx_025_" },
					{ "time": 9.7666, "name": "Zn_niao_xx_025_" },
					{ "time": 9.8666, "name": null }
				]
			},
			"Zn_niao_xx_026_": {
				"attachment": [
					{ "time": 9.7666, "name": null },
					{ "time": 9.8666, "name": "Zn_niao_xx_026_" },
					{ "time": 9.9666, "name": "Zn_niao_xx_026_" },
					{ "time": 10.0666, "name": null }
				]
			},
			"Zn_niao_xx_027_": {
				"attachment": [
					{ "time": 9.9666, "name": null },
					{ "time": 10.0666, "name": "Zn_niao_xx_027_" },
					{ "time": 10.1666, "name": "Zn_niao_xx_027_" },
					{ "time": 10.2666, "name": null }
				]
			},
			"Zn_niao_xx_028_": {
				"attachment": [
					{ "time": 10.1666, "name": null },
					{ "time": 10.2666, "name": "Zn_niao_xx_028_" },
					{ "time": 10.3666, "name": "Zn_niao_xx_028_" },
					{ "time": 10.4666, "name": null }
				]
			},
			"Zn_niao_xx_029_": {
				"attachment": [
					{ "time": 10.3666, "name": null },
					{ "time": 10.4666, "name": "Zn_niao_xx_029_" },
					{ "time": 10.5666, "name": "Zn_niao_xx_029_" },
					{ "time": 10.6666, "name": null }
				]
			},
			"Zn_niao_xx_030_": {
				"attachment": [
					{ "time": 10.5666, "name": null },
					{ "time": 10.6666, "name": "Zn_niao_xx_030_" },
					{ "time": 10.7666, "name": "Zn_niao_xx_030_" },
					{ "time": 10.8666, "name": null }
				]
			},
			"Zn_niao_xx_031_": {
				"attachment": [
					{ "time": 10.7666, "name": null },
					{ "time": 10.8666, "name": "Zn_niao_xx_031_" },
					{ "time": 10.9666, "name": "Zn_niao_xx_031_" },
					{ "time": 11.0666, "name": null }
				]
			},
			"Zn_niao_xx_032_": {
				"attachment": [
					{ "time": 10.9666, "name": null },
					{ "time": 11.0666, "name": "Zn_niao_xx_032_" },
					{ "time": 11.1666, "name": "Zn_niao_xx_032_" },
					{ "time": 11.2666, "name": null }
				]
			},
			"Zn_niao_xx_033_": {
				"attachment": [
					{ "time": 11.1666, "name": null },
					{ "time": 11.2666, "name": "Zn_niao_xx_033_" },
					{ "time": 11.3666, "name": "Zn_niao_xx_033_" },
					{ "time": 11.4666, "name": null }
				]
			},
			"Zn_niao_xx_034_": {
				"attachment": [
					{ "time": 11.3666, "name": null },
					{ "time": 11.4666, "name": "Zn_niao_xx_034_" },
					{ "time": 11.5666, "name": "Zn_niao_xx_034_" },
					{ "time": 11.6666, "name": null }
				]
			},
			"Zn_xx_000_": {
				"attachment": [
					{ "time": 0, "name": null },
					{ "time": 4.5666, "name": null },
					{ "time": 4.6666, "name": "Zn_xx_000_" },
					{ "time": 4.7666, "name": "Zn_xx_000_" },
					{ "time": 4.8666, "name": null }
				]
			},
			"Zn_xx_001_": {
				"attachment": [
					{ "time": 0, "name": null },
					{ "time": 4.7666, "name": null },
					{ "time": 4.8666, "name": "Zn_xx_001_" },
					{ "time": 4.9666, "name": "Zn_xx_001_" },
					{ "time": 5.0666, "name": null }
				]
			},
			"Zn_xx_002_": {
				"attachment": [
					{ "time": 0, "name": null },
					{ "time": 4.9666, "name": null },
					{ "time": 5.0666, "name": "Zn_xx_002_" },
					{ "time": 5.1666, "name": "Zn_xx_002_" },
					{ "time": 5.2666, "name": null }
				]
			},
			"Zn_xx_003_": {
				"attachment": [
					{ "time": 0, "name": null },
					{ "time": 5.1666, "name": null },
					{ "time": 5.2666, "name": "Zn_xx_003_" },
					{ "time": 5.3666, "name": "Zn_xx_003_" },
					{ "time": 5.4666, "name": null }
				]
			},
			"Zn_xx_004_": {
				"attachment": [
					{ "time": 0, "name": null },
					{ "time": 5.3666, "name": null },
					{ "time": 5.4666, "name": "Zn_xx_004_" },
					{ "time": 5.5666, "name": "Zn_xx_004_" },
					{ "time": 5.6666, "name": null }
				]
			},
			"Zn_xx_005_": {
				"attachment": [
					{ "time": 0, "name": null },
					{ "time": 5.5666, "name": null },
					{ "time": 5.6666, "name": "Zn_xx_005_" },
					{ "time": 5.7666, "name": "Zn_xx_005_" },
					{ "time": 5.8666, "name": null }
				]
			},
			"Zn_xx_006_": {
				"attachment": [
					{ "time": 0, "name": null },
					{ "time": 5.7666, "name": null },
					{ "time": 5.8666, "name": "Zn_xx_006_" },
					{ "time": 5.9666, "name": "Zn_xx_006_" },
					{ "time": 6.0666, "name": null }
				]
			},
			"Zn_xx_007_": {
				"attachment": [
					{ "time": 0, "name": null },
					{ "time": 5.9666, "name": null },
					{ "time": 6.0666, "name": "Zn_xx_007_" },
					{ "time": 6.1666, "name": "Zn_xx_007_" },
					{ "time": 6.2666, "name": null }
				]
			},
			"Zn_xx_008_": {
				"attachment": [
					{ "time": 0, "name": null },
					{ "time": 6.1666, "name": null },
					{ "time": 6.2666, "name": "Zn_xx_008_" },
					{ "time": 6.3666, "name": "Zn_xx_008_" },
					{ "time": 6.4666, "name": null }
				]
			},
			"Zn_xx_009_": {
				"attachment": [
					{ "time": 0, "name": null },
					{ "time": 6.3666, "name": null },
					{ "time": 6.4666, "name": "Zn_xx_009_" },
					{ "time": 6.5666, "name": "Zn_xx_009_" },
					{ "time": 6.6666, "name": null }
				]
			},
			"Zn_xx_010_": {
				"attachment": [
					{ "time": 0, "name": null },
					{ "time": 6.5666, "name": null },
					{ "time": 6.6666, "name": "Zn_xx_010_" },
					{ "time": 6.7666, "name": "Zn_xx_010_" },
					{ "time": 6.8666, "name": null }
				]
			},
			"Zn_xx_011_": {
				"attachment": [
					{ "time": 0, "name": null },
					{ "time": 6.7666, "name": null },
					{ "time": 6.8666, "name": "Zn_xx_011_" },
					{ "time": 6.9666, "name": "Zn_xx_011_" },
					{ "time": 7.0666, "name": null }
				]
			},
			"Zn_xx_012_": {
				"attachment": [
					{ "time": 0, "name": null },
					{ "time": 6.9666, "name": null },
					{ "time": 7.0666, "name": "Zn_xx_012_" },
					{ "time": 7.1666, "name": "Zn_xx_012_" },
					{ "time": 7.2666, "name": null }
				]
			},
			"Zn_xx_013_": {
				"attachment": [
					{ "time": 0, "name": null },
					{ "time": 7.1666, "name": null },
					{ "time": 7.2666, "name": "Zn_xx_013_" },
					{ "time": 7.3666, "name": "Zn_xx_013_" },
					{ "time": 7.4666, "name": null }
				]
			},
			"Zn_xx_014_": {
				"attachment": [
					{ "time": 0, "name": null },
					{ "time": 7.3666, "name": null },
					{ "time": 7.4666, "name": "Zn_xx_014_" },
					{ "time": 7.5666, "name": "Zn_xx_014_" },
					{ "time": 7.6666, "name": null }
				]
			},
			"Zn_xx_015_": {
				"attachment": [
					{ "time": 0, "name": null },
					{ "time": 7.5666, "name": null },
					{ "time": 7.6666, "name": "Zn_xx_015_" },
					{ "time": 7.7666, "name": "Zn_xx_015_" },
					{ "time": 7.8666, "name": null }
				]
			},
			"Zn_xx_016_": {
				"attachment": [
					{ "time": 0, "name": null },
					{ "time": 7.7666, "name": null },
					{ "time": 7.8666, "name": "Zn_xx_016_" },
					{ "time": 7.9666, "name": "Zn_xx_016_" },
					{ "time": 8.0666, "name": null }
				]
			},
			"Zn_xx_017_": {
				"attachment": [
					{ "time": 0, "name": null },
					{ "time": 7.9666, "name": null },
					{ "time": 8.0666, "name": "Zn_xx_017_" },
					{ "time": 8.1666, "name": "Zn_xx_017_" },
					{ "time": 8.2666, "name": null }
				]
			},
			"Zn_xx_018_": {
				"attachment": [
					{ "time": 0, "name": null },
					{ "time": 8.1666, "name": null },
					{ "time": 8.2666, "name": "Zn_xx_018_" },
					{ "time": 8.3666, "name": "Zn_xx_018_" },
					{ "time": 8.4666, "name": null }
				]
			},
			"Zn_xx_019_": {
				"attachment": [
					{ "time": 0, "name": null },
					{ "time": 8.3666, "name": null },
					{ "time": 8.4666, "name": "Zn_xx_019_" },
					{ "time": 8.5666, "name": "Zn_xx_019_" },
					{ "time": 8.6666, "name": null }
				]
			},
			"Zn_xx_020_": {
				"attachment": [
					{ "time": 0, "name": null },
					{ "time": 8.5666, "name": null },
					{ "time": 8.6666, "name": "Zn_xx_020_" },
					{ "time": 8.7666, "name": "Zn_xx_020_" },
					{ "time": 8.8666, "name": null }
				]
			},
			"Zn_xx_021_": {
				"attachment": [
					{ "time": 0, "name": null },
					{ "time": 8.7666, "name": null },
					{ "time": 8.8666, "name": "Zn_xx_021_" },
					{ "time": 8.9666, "name": "Zn_xx_021_" },
					{ "time": 9.0666, "name": null }
				]
			},
			"Zn_xx_022_": {
				"attachment": [
					{ "time": 0, "name": null },
					{ "time": 8.9666, "name": null },
					{ "time": 9.0666, "name": "Zn_xx_022_" },
					{ "time": 9.1666, "name": "Zn_xx_022_" },
					{ "time": 9.2666, "name": null }
				]
			},
			"Zn_xx_023_": {
				"attachment": [
					{ "time": 0, "name": null },
					{ "time": 9.1666, "name": null },
					{ "time": 9.2666, "name": "Zn_xx_023_" },
					{ "time": 9.3666, "name": "Zn_xx_023_" },
					{ "time": 9.4666, "name": null }
				]
			},
			"Zn_xx_024_": {
				"attachment": [
					{ "time": 0, "name": null },
					{ "time": 9.3666, "name": null },
					{ "time": 9.4666, "name": "Zn_xx_024_" },
					{ "time": 9.5666, "name": "Zn_xx_024_" },
					{ "time": 9.6666, "name": null }
				]
			},
			"Zn_xx_025_": {
				"attachment": [
					{ "time": 0, "name": null },
					{ "time": 9.5666, "name": null },
					{ "time": 9.6666, "name": "Zn_xx_025_" },
					{ "time": 9.7666, "name": "Zn_xx_025_" },
					{ "time": 9.8666, "name": null }
				]
			},
			"Zn_xx_026_": {
				"attachment": [
					{ "time": 0, "name": null },
					{ "time": 9.7666, "name": null },
					{ "time": 9.8666, "name": "Zn_xx_026_" },
					{ "time": 9.9666, "name": "Zn_xx_026_" },
					{ "time": 10.0666, "name": null }
				]
			},
			"Zn_xx_027_": {
				"attachment": [
					{ "time": 0, "name": null },
					{ "time": 9.9666, "name": null },
					{ "time": 10.0666, "name": "Zn_xx_027_" },
					{ "time": 10.1666, "name": "Zn_xx_027_" },
					{ "time": 10.2666, "name": null }
				]
			},
			"Zn_xx_028_": {
				"attachment": [
					{ "time": 0, "name": null },
					{ "time": 10.1666, "name": null },
					{ "time": 10.2666, "name": "Zn_xx_028_" },
					{ "time": 10.3666, "name": "Zn_xx_028_" },
					{ "time": 10.4666, "name": null }
				]
			},
			"Zn_xx_029_": {
				"attachment": [
					{ "time": 0, "name": null },
					{ "time": 10.3666, "name": null },
					{ "time": 10.4666, "name": "Zn_xx_029_" },
					{ "time": 10.5666, "name": "Zn_xx_029_" },
					{ "time": 10.6666, "name": null }
				]
			},
			"Zn_xx_030_": {
				"attachment": [
					{ "time": 0, "name": null },
					{ "time": 10.5666, "name": null },
					{ "time": 10.6666, "name": "Zn_xx_030_" },
					{ "time": 10.7666, "name": "Zn_xx_030_" },
					{ "time": 10.8666, "name": null }
				]
			},
			"Zn_xx_031_": {
				"attachment": [
					{ "time": 0, "name": null },
					{ "time": 10.7666, "name": null },
					{ "time": 10.8666, "name": "Zn_xx_031_" },
					{ "time": 10.9666, "name": "Zn_xx_031_" },
					{ "time": 11.0666, "name": null }
				]
			},
			"Zn_xx_032_": {
				"attachment": [
					{ "time": 0, "name": null },
					{ "time": 10.9666, "name": null },
					{ "time": 11.0666, "name": "Zn_xx_032_" },
					{ "time": 11.1666, "name": "Zn_xx_032_" },
					{ "time": 11.2666, "name": null }
				]
			},
			"Zn_xx_033_": {
				"attachment": [
					{ "time": 0, "name": null },
					{ "time": 11.1666, "name": null },
					{ "time": 11.2666, "name": "Zn_xx_033_" },
					{ "time": 11.3666, "name": "Zn_xx_033_" },
					{ "time": 11.4666, "name": null }
				]
			},
			"Zn_xx_034_": {
				"attachment": [
					{ "time": 0, "name": null },
					{ "time": 11.3666, "name": null },
					{ "time": 11.4666, "name": "Zn_xx_034_" },
					{ "time": 11.5666, "name": "Zn_xx_034_" },
					{ "time": 11.6666, "name": null }
				]
			},
			"yun_add_000_": {
				"attachment": [
					{ "time": 0, "name": "yun_add_000_" },
					{ "time": 0.1, "name": "yun_add_000_" },
					{ "time": 0.1666, "name": null },
					{ "time": 2.3333, "name": "yun_add_000_" },
					{ "time": 2.4333, "name": "yun_add_000_" },
					{ "time": 2.5, "name": null },
					{ "time": 4.6666, "name": "yun_add_000_" },
					{ "time": 4.7666, "name": "yun_add_000_" },
					{ "time": 4.8333, "name": null },
					{ "time": 7, "name": "yun_add_000_" },
					{ "time": 7.1, "name": "yun_add_000_" },
					{ "time": 7.1666, "name": null },
					{ "time": 9.3333, "name": "yun_add_000_" },
					{ "time": 9.4333, "name": "yun_add_000_" },
					{ "time": 9.5, "name": null }
				]
			},
			"yun_add_001_": {
				"attachment": [
					{ "time": 0, "name": null },
					{ "time": 0.1, "name": null },
					{ "time": 0.1666, "name": "yun_add_001_" },
					{ "time": 0.2666, "name": "yun_add_001_" },
					{ "time": 0.3333, "name": null },
					{ "time": 2.3333, "name": null },
					{ "time": 2.4333, "name": null },
					{ "time": 2.5, "name": "yun_add_001_" },
					{ "time": 2.6, "name": "yun_add_001_" },
					{ "time": 2.6666, "name": null },
					{ "time": 4.6666, "name": null },
					{ "time": 4.7666, "name": null },
					{ "time": 4.8333, "name": "yun_add_001_" },
					{ "time": 4.9333, "name": "yun_add_001_" },
					{ "time": 5, "name": null },
					{ "time": 7, "name": null },
					{ "time": 7.1, "name": null },
					{ "time": 7.1666, "name": "yun_add_001_" },
					{ "time": 7.2666, "name": "yun_add_001_" },
					{ "time": 7.3333, "name": null },
					{ "time": 9.3333, "name": null },
					{ "time": 9.4333, "name": null },
					{ "time": 9.5, "name": "yun_add_001_" },
					{ "time": 9.6, "name": "yun_add_001_" },
					{ "time": 9.6666, "name": null }
				]
			},
			"yun_add_002_": {
				"attachment": [
					{ "time": 0, "name": null },
					{ "time": 0.2666, "name": null },
					{ "time": 0.3333, "name": "yun_add_002_" },
					{ "time": 0.4333, "name": "yun_add_002_" },
					{ "time": 0.5, "name": null },
					{ "time": 2.3333, "name": null },
					{ "time": 2.6, "name": null },
					{ "time": 2.6666, "name": "yun_add_002_" },
					{ "time": 2.7666, "name": "yun_add_002_" },
					{ "time": 2.8333, "name": null },
					{ "time": 4.6666, "name": null },
					{ "time": 4.9333, "name": null },
					{ "time": 5, "name": "yun_add_002_" },
					{ "time": 5.1, "name": "yun_add_002_" },
					{ "time": 5.1666, "name": null },
					{ "time": 7, "name": null },
					{ "time": 7.2666, "name": null },
					{ "time": 7.3333, "name": "yun_add_002_" },
					{ "time": 7.4333, "name": "yun_add_002_" },
					{ "time": 7.5, "name": null },
					{ "time": 9.3333, "name": null },
					{ "time": 9.6, "name": null },
					{ "time": 9.6666, "name": "yun_add_002_" },
					{ "time": 9.7666, "name": "yun_add_002_" },
					{ "time": 9.8333, "name": null }
				]
			},
			"yun_add_003_": {
				"attachment": [
					{ "time": 0, "name": null },
					{ "time": 0.4333, "name": null },
					{ "time": 0.5, "name": "yun_add_003_" },
					{ "time": 0.6, "name": "yun_add_003_" },
					{ "time": 0.6666, "name": null },
					{ "time": 2.3333, "name": null },
					{ "time": 2.7666, "name": null },
					{ "time": 2.8333, "name": "yun_add_003_" },
					{ "time": 2.9333, "name": "yun_add_003_" },
					{ "time": 3, "name": null },
					{ "time": 4.6666, "name": null },
					{ "time": 5.1, "name": null },
					{ "time": 5.1666, "name": "yun_add_003_" },
					{ "time": 5.2666, "name": "yun_add_003_" },
					{ "time": 5.3333, "name": null },
					{ "time": 7, "name": null },
					{ "time": 7.4333, "name": null },
					{ "time": 7.5, "name": "yun_add_003_" },
					{ "time": 7.6, "name": "yun_add_003_" },
					{ "time": 7.6666, "name": null },
					{ "time": 9.3333, "name": null },
					{ "time": 9.7666, "name": null },
					{ "time": 9.8333, "name": "yun_add_003_" },
					{ "time": 9.9333, "name": "yun_add_003_" },
					{ "time": 10, "name": null }
				]
			},
			"yun_add_004_": {
				"attachment": [
					{ "time": 0, "name": null },
					{ "time": 0.6, "name": null },
					{ "time": 0.6666, "name": "yun_add_004_" },
					{ "time": 0.7666, "name": "yun_add_004_" },
					{ "time": 0.8333, "name": null },
					{ "time": 2.3333, "name": null },
					{ "time": 2.9333, "name": null },
					{ "time": 3, "name": "yun_add_004_" },
					{ "time": 3.1, "name": "yun_add_004_" },
					{ "time": 3.1666, "name": null },
					{ "time": 4.6666, "name": null },
					{ "time": 5.2666, "name": null },
					{ "time": 5.3333, "name": "yun_add_004_" },
					{ "time": 5.4333, "name": "yun_add_004_" },
					{ "time": 5.5, "name": null },
					{ "time": 7, "name": null },
					{ "time": 7.6, "name": null },
					{ "time": 7.6666, "name": "yun_add_004_" },
					{ "time": 7.7666, "name": "yun_add_004_" },
					{ "time": 7.8333, "name": null },
					{ "time": 9.3333, "name": null },
					{ "time": 9.9333, "name": null },
					{ "time": 10, "name": "yun_add_004_" },
					{ "time": 10.1, "name": "yun_add_004_" },
					{ "time": 10.1666, "name": null }
				]
			},
			"yun_add_005_": {
				"attachment": [
					{ "time": 0, "name": null },
					{ "time": 0.7666, "name": null },
					{ "time": 0.8333, "name": "yun_add_005_" },
					{ "time": 0.9333, "name": "yun_add_005_" },
					{ "time": 1, "name": null },
					{ "time": 2.3333, "name": null },
					{ "time": 3.1, "name": null },
					{ "time": 3.1666, "name": "yun_add_005_" },
					{ "time": 3.2666, "name": "yun_add_005_" },
					{ "time": 3.3333, "name": null },
					{ "time": 4.6666, "name": null },
					{ "time": 5.4333, "name": null },
					{ "time": 5.5, "name": "yun_add_005_" },
					{ "time": 5.6, "name": "yun_add_005_" },
					{ "time": 5.6666, "name": null },
					{ "time": 7, "name": null },
					{ "time": 7.7666, "name": null },
					{ "time": 7.8333, "name": "yun_add_005_" },
					{ "time": 7.9333, "name": "yun_add_005_" },
					{ "time": 8, "name": null },
					{ "time": 9.3333, "name": null },
					{ "time": 10.1, "name": null },
					{ "time": 10.1666, "name": "yun_add_005_" },
					{ "time": 10.2666, "name": "yun_add_005_" },
					{ "time": 10.3333, "name": null }
				]
			},
			"yun_add_006_": {
				"attachment": [
					{ "time": 0, "name": null },
					{ "time": 0.9333, "name": null },
					{ "time": 1, "name": "yun_add_006_" },
					{ "time": 1.1, "name": "yun_add_006_" },
					{ "time": 1.1666, "name": null },
					{ "time": 2.3333, "name": null },
					{ "time": 3.2666, "name": null },
					{ "time": 3.3333, "name": "yun_add_006_" },
					{ "time": 3.4333, "name": "yun_add_006_" },
					{ "time": 3.5, "name": null },
					{ "time": 4.6666, "name": null },
					{ "time": 5.6, "name": null },
					{ "time": 5.6666, "name": "yun_add_006_" },
					{ "time": 5.7666, "name": "yun_add_006_" },
					{ "time": 5.8333, "name": null },
					{ "time": 7, "name": null },
					{ "time": 7.9333, "name": null },
					{ "time": 8, "name": "yun_add_006_" },
					{ "time": 8.1, "name": "yun_add_006_" },
					{ "time": 8.1666, "name": null },
					{ "time": 9.3333, "name": null },
					{ "time": 10.2666, "name": null },
					{ "time": 10.3333, "name": "yun_add_006_" },
					{ "time": 10.4333, "name": "yun_add_006_" },
					{ "time": 10.5, "name": null }
				]
			},
			"yun_add_007_": {
				"attachment": [
					{ "time": 0, "name": null },
					{ "time": 1.1, "name": null },
					{ "time": 1.1666, "name": "yun_add_007_" },
					{ "time": 1.2666, "name": "yun_add_007_" },
					{ "time": 1.3333, "name": null },
					{ "time": 2.3333, "name": null },
					{ "time": 3.4333, "name": null },
					{ "time": 3.5, "name": "yun_add_007_" },
					{ "time": 3.6, "name": "yun_add_007_" },
					{ "time": 3.6666, "name": null },
					{ "time": 4.6666, "name": null },
					{ "time": 5.7666, "name": null },
					{ "time": 5.8333, "name": "yun_add_007_" },
					{ "time": 5.9333, "name": "yun_add_007_" },
					{ "time": 6, "name": null },
					{ "time": 7, "name": null },
					{ "time": 8.1, "name": null },
					{ "time": 8.1666, "name": "yun_add_007_" },
					{ "time": 8.2666, "name": "yun_add_007_" },
					{ "time": 8.3333, "name": null },
					{ "time": 9.3333, "name": null },
					{ "time": 10.4333, "name": null },
					{ "time": 10.5, "name": "yun_add_007_" },
					{ "time": 10.6, "name": "yun_add_007_" },
					{ "time": 10.6666, "name": null }
				]
			},
			"yun_add_008_": {
				"attachment": [
					{ "time": 0, "name": null },
					{ "time": 1.2666, "name": null },
					{ "time": 1.3333, "name": "yun_add_008_" },
					{ "time": 1.4333, "name": "yun_add_008_" },
					{ "time": 1.5, "name": null },
					{ "time": 2.3333, "name": null },
					{ "time": 3.6, "name": null },
					{ "time": 3.6666, "name": "yun_add_008_" },
					{ "time": 3.7666, "name": "yun_add_008_" },
					{ "time": 3.8333, "name": null },
					{ "time": 4.6666, "name": null },
					{ "time": 5.9333, "name": null },
					{ "time": 6, "name": "yun_add_008_" },
					{ "time": 6.1, "name": "yun_add_008_" },
					{ "time": 6.1666, "name": null },
					{ "time": 7, "name": null },
					{ "time": 8.2666, "name": null },
					{ "time": 8.3333, "name": "yun_add_008_" },
					{ "time": 8.4333, "name": "yun_add_008_" },
					{ "time": 8.5, "name": null },
					{ "time": 9.3333, "name": null },
					{ "time": 10.6, "name": null },
					{ "time": 10.6666, "name": "yun_add_008_" },
					{ "time": 10.7666, "name": "yun_add_008_" },
					{ "time": 10.8333, "name": null }
				]
			},
			"yun_add_009_": {
				"attachment": [
					{ "time": 0, "name": null },
					{ "time": 1.4333, "name": null },
					{ "time": 1.5, "name": "yun_add_009_" },
					{ "time": 1.6, "name": "yun_add_009_" },
					{ "time": 1.6666, "name": null },
					{ "time": 2.3333, "name": null },
					{ "time": 3.7666, "name": null },
					{ "time": 3.8333, "name": "yun_add_009_" },
					{ "time": 3.9333, "name": "yun_add_009_" },
					{ "time": 4, "name": null },
					{ "time": 4.6666, "name": null },
					{ "time": 6.1, "name": null },
					{ "time": 6.1666, "name": "yun_add_009_" },
					{ "time": 6.2666, "name": "yun_add_009_" },
					{ "time": 6.3333, "name": null },
					{ "time": 7, "name": null },
					{ "time": 8.4333, "name": null },
					{ "time": 8.5, "name": "yun_add_009_" },
					{ "time": 8.6, "name": "yun_add_009_" },
					{ "time": 8.6666, "name": null },
					{ "time": 9.3333, "name": null },
					{ "time": 10.7666, "name": null },
					{ "time": 10.8333, "name": "yun_add_009_" },
					{ "time": 10.9333, "name": "yun_add_009_" },
					{ "time": 11, "name": null }
				]
			},
			"yun_add_010_": {
				"attachment": [
					{ "time": 0, "name": null },
					{ "time": 1.6, "name": null },
					{ "time": 1.6666, "name": "yun_add_010_" },
					{ "time": 1.7666, "name": "yun_add_010_" },
					{ "time": 1.8333, "name": null },
					{ "time": 2.3333, "name": null },
					{ "time": 3.9333, "name": null },
					{ "time": 4, "name": "yun_add_010_" },
					{ "time": 4.1, "name": "yun_add_010_" },
					{ "time": 4.1666, "name": null },
					{ "time": 4.6666, "name": null },
					{ "time": 6.2666, "name": null },
					{ "time": 6.3333, "name": "yun_add_010_" },
					{ "time": 6.4333, "name": "yun_add_010_" },
					{ "time": 6.5, "name": null },
					{ "time": 7, "name": null },
					{ "time": 8.6, "name": null },
					{ "time": 8.6666, "name": "yun_add_010_" },
					{ "time": 8.7666, "name": "yun_add_010_" },
					{ "time": 8.8333, "name": null },
					{ "time": 9.3333, "name": null },
					{ "time": 10.9333, "name": null },
					{ "time": 11, "name": "yun_add_010_" },
					{ "time": 11.1, "name": "yun_add_010_" },
					{ "time": 11.1666, "name": null }
				]
			},
			"yun_add_011_": {
				"attachment": [
					{ "time": 0, "name": null },
					{ "time": 1.7666, "name": null },
					{ "time": 1.8333, "name": "yun_add_011_" },
					{ "time": 1.9333, "name": "yun_add_011_" },
					{ "time": 2, "name": null },
					{ "time": 2.3333, "name": null },
					{ "time": 4.1, "name": null },
					{ "time": 4.1666, "name": "yun_add_011_" },
					{ "time": 4.2666, "name": "yun_add_011_" },
					{ "time": 4.3333, "name": null },
					{ "time": 4.6666, "name": null },
					{ "time": 6.4333, "name": null },
					{ "time": 6.5, "name": "yun_add_011_" },
					{ "time": 6.6, "name": "yun_add_011_" },
					{ "time": 6.6666, "name": null },
					{ "time": 7, "name": null },
					{ "time": 8.7666, "name": null },
					{ "time": 8.8333, "name": "yun_add_011_" },
					{ "time": 8.9333, "name": "yun_add_011_" },
					{ "time": 9, "name": null },
					{ "time": 9.3333, "name": null },
					{ "time": 11.1, "name": null },
					{ "time": 11.1666, "name": "yun_add_011_" },
					{ "time": 11.2666, "name": "yun_add_011_" },
					{ "time": 11.3333, "name": null }
				]
			},
			"yun_add_012_": {
				"attachment": [
					{ "time": 0, "name": null },
					{ "time": 1.9333, "name": null },
					{ "time": 2, "name": "yun_add_012_" },
					{ "time": 2.1, "name": "yun_add_012_" },
					{ "time": 2.1666, "name": null },
					{ "time": 2.3333, "name": null },
					{ "time": 4.2666, "name": null },
					{ "time": 4.3333, "name": "yun_add_012_" },
					{ "time": 4.4333, "name": "yun_add_012_" },
					{ "time": 4.5, "name": null },
					{ "time": 4.6666, "name": null },
					{ "time": 6.6, "name": null },
					{ "time": 6.6666, "name": "yun_add_012_" },
					{ "time": 6.7666, "name": "yun_add_012_" },
					{ "time": 6.8333, "name": null },
					{ "time": 7, "name": null },
					{ "time": 8.9333, "name": null },
					{ "time": 9, "name": "yun_add_012_" },
					{ "time": 9.1, "name": "yun_add_012_" },
					{ "time": 9.1666, "name": null },
					{ "time": 9.3333, "name": null },
					{ "time": 11.2666, "name": null },
					{ "time": 11.3333, "name": "yun_add_012_" },
					{ "time": 11.4333, "name": "yun_add_012_" },
					{ "time": 11.5, "name": null }
				]
			},
			"yun_add_013_": {
				"attachment": [
					{ "time": 0, "name": null },
					{ "time": 2.1, "name": null },
					{ "time": 2.1666, "name": "yun_add_013_" },
					{ "time": 2.2666, "name": "yun_add_013_" },
					{ "time": 2.3333, "name": null },
					{ "time": 4.4333, "name": null },
					{ "time": 4.5, "name": "yun_add_013_" },
					{ "time": 4.6, "name": "yun_add_013_" },
					{ "time": 4.6666, "name": null },
					{ "time": 6.7666, "name": null },
					{ "time": 6.8333, "name": "yun_add_013_" },
					{ "time": 6.9333, "name": "yun_add_013_" },
					{ "time": 7, "name": null },
					{ "time": 9.1, "name": null },
					{ "time": 9.1666, "name": "yun_add_013_" },
					{ "time": 9.2666, "name": "yun_add_013_" },
					{ "time": 9.3333, "name": null },
					{ "time": 11.4333, "name": null },
					{ "time": 11.5, "name": "yun_add_013_" },
					{ "time": 11.6, "name": "yun_add_013_" },
					{ "time": 11.6666, "name": null }
				]
			},
			"yun_glow_000_": {
				"attachment": [
					{ "time": 0, "name": "yun_glow_000_" },
					{ "time": 0.1, "name": "yun_glow_000_" },
					{ "time": 0.1666, "name": null },
					{ "time": 2.3333, "name": "yun_glow_000_" },
					{ "time": 2.4333, "name": "yun_glow_000_" },
					{ "time": 2.5, "name": null },
					{ "time": 4.6666, "name": "yun_glow_000_" },
					{ "time": 4.7666, "name": "yun_glow_000_" },
					{ "time": 4.8333, "name": null },
					{ "time": 7, "name": "yun_glow_000_" },
					{ "time": 7.1, "name": "yun_glow_000_" },
					{ "time": 7.1666, "name": null },
					{ "time": 9.3333, "name": "yun_glow_000_" },
					{ "time": 9.4333, "name": "yun_glow_000_" },
					{ "time": 9.5, "name": null }
				]
			},
			"yun_glow_001_": {
				"attachment": [
					{ "time": 0, "name": null },
					{ "time": 0.1, "name": null },
					{ "time": 0.1666, "name": "yun_glow_001_" },
					{ "time": 0.2666, "name": "yun_glow_001_" },
					{ "time": 0.3333, "name": null },
					{ "time": 2.3333, "name": null },
					{ "time": 2.4333, "name": null },
					{ "time": 2.5, "name": "yun_glow_001_" },
					{ "time": 2.6, "name": "yun_glow_001_" },
					{ "time": 2.6666, "name": null },
					{ "time": 4.6666, "name": null },
					{ "time": 4.7666, "name": null },
					{ "time": 4.8333, "name": "yun_glow_001_" },
					{ "time": 4.9333, "name": "yun_glow_001_" },
					{ "time": 5, "name": null },
					{ "time": 7, "name": null },
					{ "time": 7.1, "name": null },
					{ "time": 7.1666, "name": "yun_glow_001_" },
					{ "time": 7.2666, "name": "yun_glow_001_" },
					{ "time": 7.3333, "name": null },
					{ "time": 9.3333, "name": null },
					{ "time": 9.4333, "name": null },
					{ "time": 9.5, "name": "yun_glow_001_" },
					{ "time": 9.6, "name": "yun_glow_001_" },
					{ "time": 9.6666, "name": null }
				]
			},
			"yun_glow_002_": {
				"attachment": [
					{ "time": 0, "name": null },
					{ "time": 0.2666, "name": null },
					{ "time": 0.3333, "name": "yun_glow_002_" },
					{ "time": 0.4333, "name": "yun_glow_002_" },
					{ "time": 0.5, "name": null },
					{ "time": 2.3333, "name": null },
					{ "time": 2.6, "name": null },
					{ "time": 2.6666, "name": "yun_glow_002_" },
					{ "time": 2.7666, "name": "yun_glow_002_" },
					{ "time": 2.8333, "name": null },
					{ "time": 4.6666, "name": null },
					{ "time": 4.9333, "name": null },
					{ "time": 5, "name": "yun_glow_002_" },
					{ "time": 5.1, "name": "yun_glow_002_" },
					{ "time": 5.1666, "name": null },
					{ "time": 7, "name": null },
					{ "time": 7.2666, "name": null },
					{ "time": 7.3333, "name": "yun_glow_002_" },
					{ "time": 7.4333, "name": "yun_glow_002_" },
					{ "time": 7.5, "name": null },
					{ "time": 9.3333, "name": null },
					{ "time": 9.6, "name": null },
					{ "time": 9.6666, "name": "yun_glow_002_" },
					{ "time": 9.7666, "name": "yun_glow_002_" },
					{ "time": 9.8333, "name": null }
				]
			},
			"yun_glow_003_": {
				"attachment": [
					{ "time": 0, "name": null },
					{ "time": 0.4333, "name": null },
					{ "time": 0.5, "name": "yun_glow_003_" },
					{ "time": 0.6, "name": "yun_glow_003_" },
					{ "time": 0.6666, "name": null },
					{ "time": 2.3333, "name": null },
					{ "time": 2.7666, "name": null },
					{ "time": 2.8333, "name": "yun_glow_003_" },
					{ "time": 2.9333, "name": "yun_glow_003_" },
					{ "time": 3, "name": null },
					{ "time": 4.6666, "name": null },
					{ "time": 5.1, "name": null },
					{ "time": 5.1666, "name": "yun_glow_003_" },
					{ "time": 5.2666, "name": "yun_glow_003_" },
					{ "time": 5.3333, "name": null },
					{ "time": 7, "name": null },
					{ "time": 7.4333, "name": null },
					{ "time": 7.5, "name": "yun_glow_003_" },
					{ "time": 7.6, "name": "yun_glow_003_" },
					{ "time": 7.6666, "name": null },
					{ "time": 9.3333, "name": null },
					{ "time": 9.7666, "name": null },
					{ "time": 9.8333, "name": "yun_glow_003_" },
					{ "time": 9.9333, "name": "yun_glow_003_" },
					{ "time": 10, "name": null }
				]
			},
			"yun_glow_004_": {
				"attachment": [
					{ "time": 0, "name": null },
					{ "time": 0.6, "name": null },
					{ "time": 0.6666, "name": "yun_glow_004_" },
					{ "time": 0.7666, "name": "yun_glow_004_" },
					{ "time": 0.8333, "name": null },
					{ "time": 2.3333, "name": null },
					{ "time": 2.9333, "name": null },
					{ "time": 3, "name": "yun_glow_004_" },
					{ "time": 3.1, "name": "yun_glow_004_" },
					{ "time": 3.1666, "name": null },
					{ "time": 4.6666, "name": null },
					{ "time": 5.2666, "name": null },
					{ "time": 5.3333, "name": "yun_glow_004_" },
					{ "time": 5.4333, "name": "yun_glow_004_" },
					{ "time": 5.5, "name": null },
					{ "time": 7, "name": null },
					{ "time": 7.6, "name": null },
					{ "time": 7.6666, "name": "yun_glow_004_" },
					{ "time": 7.7666, "name": "yun_glow_004_" },
					{ "time": 7.8333, "name": null },
					{ "time": 9.3333, "name": null },
					{ "time": 9.9333, "name": null },
					{ "time": 10, "name": "yun_glow_004_" },
					{ "time": 10.1, "name": "yun_glow_004_" },
					{ "time": 10.1666, "name": null }
				]
			},
			"yun_glow_005_": {
				"attachment": [
					{ "time": 0, "name": null },
					{ "time": 0.7666, "name": null },
					{ "time": 0.8333, "name": "yun_glow_005_" },
					{ "time": 0.9333, "name": "yun_glow_005_" },
					{ "time": 1, "name": null },
					{ "time": 2.3333, "name": null },
					{ "time": 3.1, "name": null },
					{ "time": 3.1666, "name": "yun_glow_005_" },
					{ "time": 3.2666, "name": "yun_glow_005_" },
					{ "time": 3.3333, "name": null },
					{ "time": 4.6666, "name": null },
					{ "time": 5.4333, "name": null },
					{ "time": 5.5, "name": "yun_glow_005_" },
					{ "time": 5.6, "name": "yun_glow_005_" },
					{ "time": 5.6666, "name": null },
					{ "time": 7, "name": null },
					{ "time": 7.7666, "name": null },
					{ "time": 7.8333, "name": "yun_glow_005_" },
					{ "time": 7.9333, "name": "yun_glow_005_" },
					{ "time": 8, "name": null },
					{ "time": 9.3333, "name": null },
					{ "time": 10.1, "name": null },
					{ "time": 10.1666, "name": "yun_glow_005_" },
					{ "time": 10.2666, "name": "yun_glow_005_" },
					{ "time": 10.3333, "name": null }
				]
			},
			"yun_glow_006_": {
				"attachment": [
					{ "time": 0, "name": null },
					{ "time": 0.9333, "name": null },
					{ "time": 1, "name": "yun_glow_006_" },
					{ "time": 1.1, "name": "yun_glow_006_" },
					{ "time": 1.1666, "name": null },
					{ "time": 2.3333, "name": null },
					{ "time": 3.2666, "name": null },
					{ "time": 3.3333, "name": "yun_glow_006_" },
					{ "time": 3.4333, "name": "yun_glow_006_" },
					{ "time": 3.5, "name": null },
					{ "time": 4.6666, "name": null },
					{ "time": 5.6, "name": null },
					{ "time": 5.6666, "name": "yun_glow_006_" },
					{ "time": 5.7666, "name": "yun_glow_006_" },
					{ "time": 5.8333, "name": null },
					{ "time": 7, "name": null },
					{ "time": 7.9333, "name": null },
					{ "time": 8, "name": "yun_glow_006_" },
					{ "time": 8.1, "name": "yun_glow_006_" },
					{ "time": 8.1666, "name": null },
					{ "time": 9.3333, "name": null },
					{ "time": 10.2666, "name": null },
					{ "time": 10.3333, "name": "yun_glow_006_" },
					{ "time": 10.4333, "name": "yun_glow_006_" },
					{ "time": 10.5, "name": null }
				]
			},
			"yun_glow_007_": {
				"attachment": [
					{ "time": 0, "name": null },
					{ "time": 1.1, "name": null },
					{ "time": 1.1666, "name": "yun_glow_007_" },
					{ "time": 1.2666, "name": "yun_glow_007_" },
					{ "time": 1.3333, "name": null },
					{ "time": 2.3333, "name": null },
					{ "time": 3.4333, "name": null },
					{ "time": 3.5, "name": "yun_glow_007_" },
					{ "time": 3.6, "name": "yun_glow_007_" },
					{ "time": 3.6666, "name": null },
					{ "time": 4.6666, "name": null },
					{ "time": 5.7666, "name": null },
					{ "time": 5.8333, "name": "yun_glow_007_" },
					{ "time": 5.9333, "name": "yun_glow_007_" },
					{ "time": 6, "name": null },
					{ "time": 7, "name": null },
					{ "time": 8.1, "name": null },
					{ "time": 8.1666, "name": "yun_glow_007_" },
					{ "time": 8.2666, "name": "yun_glow_007_" },
					{ "time": 8.3333, "name": null },
					{ "time": 9.3333, "name": null },
					{ "time": 10.4333, "name": null },
					{ "time": 10.5, "name": "yun_glow_007_" },
					{ "time": 10.6, "name": "yun_glow_007_" },
					{ "time": 10.6666, "name": null }
				]
			},
			"yun_glow_008_": {
				"attachment": [
					{ "time": 0, "name": null },
					{ "time": 1.2666, "name": null },
					{ "time": 1.3333, "name": "yun_glow_008_" },
					{ "time": 1.4333, "name": "yun_glow_008_" },
					{ "time": 1.5, "name": null },
					{ "time": 2.3333, "name": null },
					{ "time": 3.6, "name": null },
					{ "time": 3.6666, "name": "yun_glow_008_" },
					{ "time": 3.7666, "name": "yun_glow_008_" },
					{ "time": 3.8333, "name": null },
					{ "time": 4.6666, "name": null },
					{ "time": 5.9333, "name": null },
					{ "time": 6, "name": "yun_glow_008_" },
					{ "time": 6.1, "name": "yun_glow_008_" },
					{ "time": 6.1666, "name": null },
					{ "time": 7, "name": null },
					{ "time": 8.2666, "name": null },
					{ "time": 8.3333, "name": "yun_glow_008_" },
					{ "time": 8.4333, "name": "yun_glow_008_" },
					{ "time": 8.5, "name": null },
					{ "time": 9.3333, "name": null },
					{ "time": 10.6, "name": null },
					{ "time": 10.6666, "name": "yun_glow_008_" },
					{ "time": 10.7666, "name": "yun_glow_008_" },
					{ "time": 10.8333, "name": null }
				]
			},
			"yun_glow_009_": {
				"attachment": [
					{ "time": 0, "name": null },
					{ "time": 1.4333, "name": null },
					{ "time": 1.5, "name": "yun_glow_009_" },
					{ "time": 1.6, "name": "yun_glow_009_" },
					{ "time": 1.6666, "name": null },
					{ "time": 2.3333, "name": null },
					{ "time": 3.7666, "name": null },
					{ "time": 3.8333, "name": "yun_glow_009_" },
					{ "time": 3.9333, "name": "yun_glow_009_" },
					{ "time": 4, "name": null },
					{ "time": 4.6666, "name": null },
					{ "time": 6.1, "name": null },
					{ "time": 6.1666, "name": "yun_glow_009_" },
					{ "time": 6.2666, "name": "yun_glow_009_" },
					{ "time": 6.3333, "name": null },
					{ "time": 7, "name": null },
					{ "time": 8.4333, "name": null },
					{ "time": 8.5, "name": "yun_glow_009_" },
					{ "time": 8.6, "name": "yun_glow_009_" },
					{ "time": 8.6666, "name": null },
					{ "time": 9.3333, "name": null },
					{ "time": 10.7666, "name": null },
					{ "time": 10.8333, "name": "yun_glow_009_" },
					{ "time": 10.9333, "name": "yun_glow_009_" },
					{ "time": 11, "name": null }
				]
			},
			"yun_glow_010_": {
				"attachment": [
					{ "time": 0, "name": null },
					{ "time": 1.6, "name": null },
					{ "time": 1.6666, "name": "yun_glow_010_" },
					{ "time": 1.7666, "name": "yun_glow_010_" },
					{ "time": 1.8333, "name": null },
					{ "time": 2.3333, "name": null },
					{ "time": 3.9333, "name": null },
					{ "time": 4, "name": "yun_glow_010_" },
					{ "time": 4.1, "name": "yun_glow_010_" },
					{ "time": 4.1666, "name": null },
					{ "time": 4.6666, "name": null },
					{ "time": 6.2666, "name": null },
					{ "time": 6.3333, "name": "yun_glow_010_" },
					{ "time": 6.4333, "name": "yun_glow_010_" },
					{ "time": 6.5, "name": null },
					{ "time": 7, "name": null },
					{ "time": 8.6, "name": null },
					{ "time": 8.6666, "name": "yun_glow_010_" },
					{ "time": 8.7666, "name": "yun_glow_010_" },
					{ "time": 8.8333, "name": null },
					{ "time": 9.3333, "name": null },
					{ "time": 10.9333, "name": null },
					{ "time": 11, "name": "yun_glow_010_" },
					{ "time": 11.1, "name": "yun_glow_010_" },
					{ "time": 11.1666, "name": null }
				]
			},
			"yun_glow_011_": {
				"attachment": [
					{ "time": 0, "name": null },
					{ "time": 1.7666, "name": null },
					{ "time": 1.8333, "name": "yun_glow_011_" },
					{ "time": 1.9333, "name": "yun_glow_011_" },
					{ "time": 2, "name": null },
					{ "time": 2.3333, "name": null },
					{ "time": 4.1, "name": null },
					{ "time": 4.1666, "name": "yun_glow_011_" },
					{ "time": 4.2666, "name": "yun_glow_011_" },
					{ "time": 4.3333, "name": null },
					{ "time": 4.6666, "name": null },
					{ "time": 6.4333, "name": null },
					{ "time": 6.5, "name": "yun_glow_011_" },
					{ "time": 6.6, "name": "yun_glow_011_" },
					{ "time": 6.6666, "name": null },
					{ "time": 7, "name": null },
					{ "time": 8.7666, "name": null },
					{ "time": 8.8333, "name": "yun_glow_011_" },
					{ "time": 8.9333, "name": "yun_glow_011_" },
					{ "time": 9, "name": null },
					{ "time": 9.3333, "name": null },
					{ "time": 11.1, "name": null },
					{ "time": 11.1666, "name": "yun_glow_011_" },
					{ "time": 11.2666, "name": "yun_glow_011_" },
					{ "time": 11.3333, "name": null }
				]
			},
			"yun_glow_012_": {
				"attachment": [
					{ "time": 0, "name": null },
					{ "time": 1.9333, "name": null },
					{ "time": 2, "name": "yun_glow_012_" },
					{ "time": 2.1, "name": "yun_glow_012_" },
					{ "time": 2.1666, "name": null },
					{ "time": 2.3333, "name": null },
					{ "time": 4.2666, "name": null },
					{ "time": 4.3333, "name": "yun_glow_012_" },
					{ "time": 4.4333, "name": "yun_glow_012_" },
					{ "time": 4.5, "name": null },
					{ "time": 4.6666, "name": null },
					{ "time": 6.6, "name": null },
					{ "time": 6.6666, "name": "yun_glow_012_" },
					{ "time": 6.7666, "name": "yun_glow_012_" },
					{ "time": 6.8333, "name": null },
					{ "time": 7, "name": null },
					{ "time": 8.9333, "name": null },
					{ "time": 9, "name": "yun_glow_012_" },
					{ "time": 9.1, "name": "yun_glow_012_" },
					{ "time": 9.1666, "name": null },
					{ "time": 9.3333, "name": null },
					{ "time": 11.2666, "name": null },
					{ "time": 11.3333, "name": "yun_glow_012_" },
					{ "time": 11.4333, "name": "yun_glow_012_" },
					{ "time": 11.5, "name": null }
				]
			},
			"yun_glow_013_": {
				"attachment": [
					{ "time": 0, "name": null },
					{ "time": 2.1, "name": null },
					{ "time": 2.1666, "name": "yun_glow_013_" },
					{ "time": 2.2666, "name": "yun_glow_013_" },
					{ "time": 2.3333, "name": null },
					{ "time": 4.4333, "name": null },
					{ "time": 4.5, "name": "yun_glow_013_" },
					{ "time": 4.6, "name": "yun_glow_013_" },
					{ "time": 4.6666, "name": null },
					{ "time": 6.7666, "name": null },
					{ "time": 6.8333, "name": "yun_glow_013_" },
					{ "time": 6.9333, "name": "yun_glow_013_" },
					{ "time": 7, "name": null },
					{ "time": 9.1, "name": null },
					{ "time": 9.1666, "name": "yun_glow_013_" },
					{ "time": 9.2666, "name": "yun_glow_013_" },
					{ "time": 9.3333, "name": null },
					{ "time": 11.4333, "name": null },
					{ "time": 11.5, "name": "yun_glow_013_" },
					{ "time": 11.6, "name": "yun_glow_013_" },
					{ "time": 11.6666, "name": null }
				]
			}
		}
	}
}
}