{
"skeleton": { "hash": "Z9JjgIsf13hD0B9WRqY8VE5OlkU", "spine": "2.1.27", "width": 0, "height": 0 },
"bones": [
	{ "name": "root", "scaleX": 0.8, "scaleY": 0.8 },
	{ "name": "bone", "parent": "root", "y": -48.5, "scaleX": 1.8, "scaleY": 1.8 },
	{ "name": "bone2", "parent": "root", "scaleX": 1.25, "scaleY": 1.25 },
	{ "name": "bone3", "parent": "root", "scaleX": 2, "scaleY": 2 }
],
"slots": [
	{ "name": "yun_glow_000_", "bone": "bone3" },
	{ "name": "yun_glow_001_", "bone": "bone3" },
	{ "name": "yun_glow_002_", "bone": "bone3" },
	{ "name": "yun_glow_003_", "bone": "bone3" },
	{ "name": "yun_glow_004_", "bone": "bone3" },
	{ "name": "yun_glow_005_", "bone": "bone3" },
	{ "name": "yun_glow_006_", "bone": "bone3" },
	{ "name": "yun_glow_007_", "bone": "bone3" },
	{ "name": "yun_glow_008_", "bone": "bone3" },
	{ "name": "yun_glow_009_", "bone": "bone3" },
	{ "name": "yun_glow_010_", "bone": "bone3" },
	{ "name": "yun_glow_011_", "bone": "bone3" },
	{ "name": "yun_glow_012_", "bone": "bone3" },
	{ "name": "yun_glow_013_", "bone": "bone3" },
	{ "name": "Zn_gj_tx_032_", "bone": "bone" },
	{ "name": "Zn_gj_tx_031_", "bone": "bone" },
	{ "name": "Zn_gj_tx_030_", "bone": "bone" },
	{ "name": "Zn_gj_tx_029_", "bone": "bone" },
	{ "name": "Zn_gj_tx_028_", "bone": "bone" },
	{ "name": "Zn_gj_tx_027_", "bone": "bone" },
	{ "name": "Zn_gj_tx_026_", "bone": "bone" },
	{ "name": "Zn_gj_tx_025_", "bone": "bone" },
	{ "name": "Zn_gj_tx_024_", "bone": "bone" },
	{ "name": "Zn_gj_tx_023_", "bone": "bone" },
	{ "name": "Zn_gj_tx_022_", "bone": "bone" },
	{ "name": "Zn_gj_029_", "bone": "bone2" },
	{ "name": "Zn_gj_028_", "bone": "bone2" },
	{ "name": "Zn_gj_027_", "bone": "bone2" },
	{ "name": "Zn_gj_026_", "bone": "bone2" },
	{ "name": "Zn_gj_025_", "bone": "bone2" },
	{ "name": "Zn_gj_024_", "bone": "bone2" },
	{ "name": "Zn_gj_023_", "bone": "bone2" },
	{ "name": "Zn_gj_022_", "bone": "bone2" },
	{ "name": "Zn_gj_021_", "bone": "bone2" },
	{ "name": "Zn_gj_020_", "bone": "bone2" },
	{ "name": "Zn_gj_019_", "bone": "bone2" },
	{ "name": "Zn_gj_018_", "bone": "bone2" },
	{ "name": "Zn_gj_017_", "bone": "bone2" },
	{ "name": "Zn_gj_016_", "bone": "bone2" },
	{ "name": "Zn_gj_015_", "bone": "bone2" },
	{ "name": "Zn_gj_014_", "bone": "bone2" },
	{ "name": "Zn_gj_013_", "bone": "bone2" },
	{ "name": "Zn_gj_012_", "bone": "bone2" },
	{ "name": "Zn_gj_011_", "bone": "bone2" },
	{ "name": "Zn_gj_010_", "bone": "bone2" },
	{ "name": "Zn_gj_009_", "bone": "bone2" },
	{ "name": "Zn_gj_008_", "bone": "bone2" },
	{ "name": "Zn_gj_007_", "bone": "bone2" },
	{ "name": "Zn_gj_006_", "bone": "bone2" },
	{ "name": "Zn_gj_005_", "bone": "bone2" },
	{ "name": "Zn_gj_004_", "bone": "bone2" },
	{ "name": "Zn_gj_003_", "bone": "bone2" },
	{ "name": "Zn_gj_002_", "bone": "bone2" },
	{ "name": "Zn_gj_001_", "bone": "bone2" },
	{ "name": "Zn_gj_000_", "bone": "bone2" },
	{ "name": "Zn_niao_gj_029_", "bone": "bone2" },
	{ "name": "Zn_niao_gj_028_", "bone": "bone2" },
	{ "name": "Zn_niao_gj_027_", "bone": "bone2" },
	{ "name": "Zn_niao_gj_026_", "bone": "bone2" },
	{ "name": "Zn_niao_gj_025_", "bone": "bone2" },
	{ "name": "Zn_niao_gj_024_", "bone": "bone2" },
	{ "name": "Zn_niao_gj_023_", "bone": "bone2" },
	{ "name": "Zn_niao_gj_022_", "bone": "bone2" },
	{ "name": "Zn_niao_gj_021_", "bone": "bone2" },
	{ "name": "Zn_niao_gj_020_", "bone": "bone2" },
	{ "name": "Zn_niao_gj_019_", "bone": "bone2" },
	{ "name": "Zn_niao_gj_018_", "bone": "bone2" },
	{ "name": "Zn_niao_gj_017_", "bone": "bone2" },
	{ "name": "Zn_niao_gj_016_", "bone": "bone2" },
	{ "name": "Zn_niao_gj_015_", "bone": "bone2" },
	{ "name": "Zn_niao_gj_014_", "bone": "bone2" },
	{ "name": "Zn_niao_gj_013_", "bone": "bone2" },
	{ "name": "Zn_niao_gj_012_", "bone": "bone2" },
	{ "name": "Zn_niao_gj_011_", "bone": "bone2" },
	{ "name": "Zn_niao_gj_010_", "bone": "bone2" },
	{ "name": "Zn_niao_gj_009_", "bone": "bone2" },
	{ "name": "Zn_niao_gj_008_", "bone": "bone2" },
	{ "name": "Zn_niao_gj_007_", "bone": "bone2" },
	{ "name": "Zn_niao_gj_006_", "bone": "bone2" },
	{ "name": "Zn_niao_gj_005_", "bone": "bone2" },
	{ "name": "Zn_niao_gj_004_", "bone": "bone2" },
	{ "name": "Zn_niao_gj_003_", "bone": "bone2" },
	{ "name": "Zn_niao_gj_002_", "bone": "bone2" },
	{ "name": "Zn_niao_gj_001_", "bone": "bone2" },
	{ "name": "Zn_niao_gj_000_", "bone": "bone2" },
	{ "name": "zn_gongji_90_", "bone": "bone" },
	{ "name": "zn_gongji_87_", "bone": "bone" },
	{ "name": "zn_gongji_84_", "bone": "bone" },
	{ "name": "zn_gongji_81_", "bone": "bone" },
	{ "name": "zn_gongji_78_", "bone": "bone" },
	{ "name": "zn_gongji_75_", "bone": "bone" },
	{ "name": "zn_gongji_72_", "bone": "bone" },
	{ "name": "zn_gongji_69_", "bone": "bone" },
	{ "name": "zn_gongji_66_", "bone": "bone" },
	{ "name": "zn_gongji_63_", "bone": "bone" },
	{ "name": "yun_add_000_", "bone": "bone3", "blend": "additive" },
	{ "name": "yun_add_001_", "bone": "bone3", "blend": "additive" },
	{ "name": "yun_add_002_", "bone": "bone3", "blend": "additive" },
	{ "name": "yun_add_003_", "bone": "bone3", "blend": "additive" },
	{ "name": "yun_add_004_", "bone": "bone3", "blend": "additive" },
	{ "name": "yun_add_005_", "bone": "bone3", "blend": "additive" },
	{ "name": "yun_add_006_", "bone": "bone3", "blend": "additive" },
	{ "name": "yun_add_007_", "bone": "bone3", "blend": "additive" },
	{ "name": "yun_add_008_", "bone": "bone3", "blend": "additive" },
	{ "name": "yun_add_009_", "bone": "bone3", "blend": "additive" },
	{ "name": "yun_add_010_", "bone": "bone3", "blend": "additive" },
	{ "name": "yun_add_011_", "bone": "bone3", "blend": "additive" },
	{ "name": "yun_add_012_", "bone": "bone3", "blend": "additive" },
	{ "name": "yun_add_013_", "bone": "bone3" }
],
"skins": {
	"default": {
		"Zn_gj_000_": {
			"Zn_gj_000_": { "x": -6.68, "y": 126.72, "width": 271, "height": 325 }
		},
		"Zn_gj_001_": {
			"Zn_gj_001_": { "x": -7.68, "y": 125.72, "width": 241, "height": 317 }
		},
		"Zn_gj_002_": {
			"Zn_gj_002_": { "x": -7.18, "y": 124.22, "width": 234, "height": 312 }
		},
		"Zn_gj_003_": {
			"Zn_gj_003_": { "x": -16.18, "y": 121.22, "width": 226, "height": 318 }
		},
		"Zn_gj_004_": {
			"Zn_gj_004_": { "x": -23.18, "y": 115.22, "width": 230, "height": 316 }
		},
		"Zn_gj_005_": {
			"Zn_gj_005_": { "x": -2.18, "y": 118.72, "width": 268, "height": 275 }
		},
		"Zn_gj_006_": {
			"Zn_gj_006_": { "x": 1.81, "y": 144.72, "width": 234, "height": 293 }
		},
		"Zn_gj_007_": {
			"Zn_gj_007_": { "x": -10.18, "y": 148.22, "width": 214, "height": 318 }
		},
		"Zn_gj_008_": {
			"Zn_gj_008_": { "x": -7.68, "y": 151.22, "width": 219, "height": 320 }
		},
		"Zn_gj_009_": {
			"Zn_gj_009_": { "x": -6.68, "y": 150.72, "width": 235, "height": 317 }
		},
		"Zn_gj_010_": {
			"Zn_gj_010_": { "x": -15.18, "y": 149.22, "width": 260, "height": 326 }
		},
		"Zn_gj_011_": {
			"Zn_gj_011_": { "x": -11.18, "y": 141.72, "width": 274, "height": 311 }
		},
		"Zn_gj_012_": {
			"Zn_gj_012_": { "x": -1.18, "y": 127.72, "width": 272, "height": 283 }
		},
		"Zn_gj_013_": {
			"Zn_gj_013_": { "x": 6.81, "y": 125.22, "width": 270, "height": 294 }
		},
		"Zn_gj_014_": {
			"Zn_gj_014_": { "x": 0.31, "y": 122.72, "width": 253, "height": 301 }
		},
		"Zn_gj_015_": {
			"Zn_gj_015_": { "x": -5.18, "y": 133.72, "width": 238, "height": 323 }
		},
		"Zn_gj_016_": {
			"Zn_gj_016_": { "x": -4.68, "y": 126.72, "width": 235, "height": 305 }
		},
		"Zn_gj_017_": {
			"Zn_gj_017_": { "x": -4.18, "y": 128.22, "width": 232, "height": 306 }
		},
		"Zn_gj_018_": {
			"Zn_gj_018_": { "x": -2.68, "y": 127.22, "width": 231, "height": 302 }
		},
		"Zn_gj_019_": {
			"Zn_gj_019_": { "x": -0.68, "y": 122.22, "width": 231, "height": 306 }
		},
		"Zn_gj_020_": {
			"Zn_gj_020_": { "x": 0.81, "y": 126.22, "width": 230, "height": 312 }
		},
		"Zn_gj_021_": {
			"Zn_gj_021_": { "x": 14.31, "y": 116.72, "width": 255, "height": 285 }
		},
		"Zn_gj_022_": {
			"Zn_gj_022_": { "x": 12.81, "y": 129.22, "width": 252, "height": 282 }
		},
		"Zn_gj_023_": {
			"Zn_gj_023_": { "x": 16.31, "y": 131.72, "width": 257, "height": 285 }
		},
		"Zn_gj_024_": {
			"Zn_gj_024_": { "x": 19.81, "y": 132.22, "width": 280, "height": 292 }
		},
		"Zn_gj_025_": {
			"Zn_gj_025_": { "x": 21.81, "y": 128.22, "width": 290, "height": 302 }
		},
		"Zn_gj_026_": {
			"Zn_gj_026_": { "x": 22.31, "y": 130.22, "width": 287, "height": 320 }
		},
		"Zn_gj_027_": {
			"Zn_gj_027_": { "x": 17.81, "y": 130.22, "width": 276, "height": 328 }
		},
		"Zn_gj_028_": {
			"Zn_gj_028_": { "x": 8.31, "y": 128.72, "width": 273, "height": 327 }
		},
		"Zn_gj_029_": {
			"Zn_gj_029_": { "x": -2.18, "y": 127.72, "width": 274, "height": 325 }
		},
		"Zn_gj_tx_022_": {
			"Zn_gj_tx_022_": { "x": 211.62, "y": 75.02, "width": 86, "height": 109 }
		},
		"Zn_gj_tx_023_": {
			"Zn_gj_tx_023_": { "x": 213.12, "y": 75.52, "width": 101, "height": 132 }
		},
		"Zn_gj_tx_024_": {
			"Zn_gj_tx_024_": { "x": 214.62, "y": 77.02, "width": 112, "height": 149 }
		},
		"Zn_gj_tx_025_": {
			"Zn_gj_tx_025_": { "x": 215.62, "y": 80.52, "width": 118, "height": 154 }
		},
		"Zn_gj_tx_026_": {
			"Zn_gj_tx_026_": { "x": 206.12, "y": 60.52, "width": 115, "height": 124 }
		},
		"Zn_gj_tx_027_": {
			"Zn_gj_tx_027_": { "x": 209.12, "y": 69.52, "width": 111, "height": 138 }
		},
		"Zn_gj_tx_028_": {
			"Zn_gj_tx_028_": { "x": 212.62, "y": 71.52, "width": 116, "height": 154 }
		},
		"Zn_gj_tx_029_": {
			"Zn_gj_tx_029_": { "x": 213.12, "y": 62.52, "width": 121, "height": 144 }
		},
		"Zn_gj_tx_030_": {
			"Zn_gj_tx_030_": { "x": 211.12, "y": 64.02, "width": 117, "height": 147 }
		},
		"Zn_gj_tx_031_": {
			"Zn_gj_tx_031_": { "x": 200.62, "y": 66.52, "width": 100, "height": 154 }
		},
		"Zn_gj_tx_032_": {
			"Zn_gj_tx_032_": { "x": 209.12, "y": 69.52, "width": 75, "height": 156 }
		},
		"Zn_niao_gj_000_": {
			"Zn_niao_gj_000_": { "x": 48.31, "y": 178.22, "width": 65, "height": 78 }
		},
		"Zn_niao_gj_001_": {
			"Zn_niao_gj_001_": { "x": 52.81, "y": 185.72, "width": 70, "height": 75 }
		},
		"Zn_niao_gj_002_": {
			"Zn_niao_gj_002_": { "x": 68.31, "y": 223.72, "width": 65, "height": 77 }
		},
		"Zn_niao_gj_003_": {
			"Zn_niao_gj_003_": { "x": 52.31, "y": 249.72, "width": 71, "height": 73 }
		},
		"Zn_niao_gj_004_": {
			"Zn_niao_gj_004_": { "x": 39.81, "y": 277.72, "width": 64, "height": 73 }
		},
		"Zn_niao_gj_005_": {
			"Zn_niao_gj_005_": { "x": 18.81, "y": 293.72, "width": 74, "height": 71 }
		},
		"Zn_niao_gj_006_": {
			"Zn_niao_gj_006_": { "x": 12.81, "y": 299.22, "width": 70, "height": 70 }
		},
		"Zn_niao_gj_007_": {
			"Zn_niao_gj_007_": { "x": 0.81, "y": 291.72, "width": 74, "height": 67 }
		},
		"Zn_niao_gj_008_": {
			"Zn_niao_gj_008_": { "x": -8.18, "y": 299.72, "width": 74, "height": 69 }
		},
		"Zn_niao_gj_009_": {
			"Zn_niao_gj_009_": { "x": -14.68, "y": 279.72, "width": 73, "height": 71 }
		},
		"Zn_niao_gj_010_": {
			"Zn_niao_gj_010_": { "x": -16.68, "y": 291.72, "width": 69, "height": 69 }
		},
		"Zn_niao_gj_011_": {
			"Zn_niao_gj_011_": { "x": -19.68, "y": 279.72, "width": 65, "height": 67 }
		},
		"Zn_niao_gj_012_": {
			"Zn_niao_gj_012_": { "x": -19.68, "y": 291.22, "width": 59, "height": 70 }
		},
		"Zn_niao_gj_013_": {
			"Zn_niao_gj_013_": { "x": -19.18, "y": 276.72, "width": 62, "height": 69 }
		},
		"Zn_niao_gj_014_": {
			"Zn_niao_gj_014_": { "x": -21.68, "y": 289.22, "width": 61, "height": 70 }
		},
		"Zn_niao_gj_015_": {
			"Zn_niao_gj_015_": { "x": -22.18, "y": 274.22, "width": 68, "height": 70 }
		},
		"Zn_niao_gj_016_": {
			"Zn_niao_gj_016_": { "x": -25.18, "y": 285.72, "width": 66, "height": 71 }
		},
		"Zn_niao_gj_017_": {
			"Zn_niao_gj_017_": { "x": -24.68, "y": 270.22, "width": 71, "height": 72 }
		},
		"Zn_niao_gj_018_": {
			"Zn_niao_gj_018_": { "x": -26.18, "y": 280.22, "width": 68, "height": 70 }
		},
		"Zn_niao_gj_019_": {
			"Zn_niao_gj_019_": { "x": -24.68, "y": 265.22, "width": 71, "height": 74 }
		},
		"Zn_niao_gj_020_": {
			"Zn_niao_gj_020_": { "x": 18.31, "y": 233.22, "width": 69, "height": 70 }
		},
		"Zn_niao_gj_021_": {
			"Zn_niao_gj_021_": { "x": 62.81, "y": 192.72, "width": 78, "height": 75 }
		},
		"Zn_niao_gj_022_": {
			"Zn_niao_gj_022_": { "x": 61.31, "y": 190.72, "width": 69, "height": 73 }
		},
		"Zn_niao_gj_023_": {
			"Zn_niao_gj_023_": { "x": 46.81, "y": 204.22, "width": 68, "height": 66 }
		},
		"Zn_niao_gj_024_": {
			"Zn_niao_gj_024_": { "x": 40.81, "y": 214.72, "width": 76, "height": 73 }
		},
		"Zn_niao_gj_025_": {
			"Zn_niao_gj_025_": { "x": 33.81, "y": 218.72, "width": 68, "height": 71 }
		},
		"Zn_niao_gj_026_": {
			"Zn_niao_gj_026_": { "x": 39.81, "y": 197.22, "width": 72, "height": 74 }
		},
		"Zn_niao_gj_027_": {
			"Zn_niao_gj_027_": { "x": 41.81, "y": 197.72, "width": 66, "height": 71 }
		},
		"Zn_niao_gj_028_": {
			"Zn_niao_gj_028_": { "x": 48.81, "y": 171.22, "width": 76, "height": 68 }
		},
		"Zn_niao_gj_029_": {
			"Zn_niao_gj_029_": { "x": 48.31, "y": 179.22, "width": 69, "height": 70 }
		},
		"yun_add_000_": {
			"yun_add_000_": { "width": 114, "height": 85 }
		},
		"yun_add_001_": {
			"yun_add_001_": { "width": 114, "height": 85 }
		},
		"yun_add_002_": {
			"yun_add_002_": { "width": 114, "height": 85 }
		},
		"yun_add_003_": {
			"yun_add_003_": { "width": 114, "height": 85 }
		},
		"yun_add_004_": {
			"yun_add_004_": { "width": 114, "height": 85 }
		},
		"yun_add_005_": {
			"yun_add_005_": { "width": 114, "height": 85 }
		},
		"yun_add_006_": {
			"yun_add_006_": { "width": 114, "height": 85 }
		},
		"yun_add_007_": {
			"yun_add_007_": { "width": 114, "height": 85 }
		},
		"yun_add_008_": {
			"yun_add_008_": { "width": 114, "height": 85 }
		},
		"yun_add_009_": {
			"yun_add_009_": { "width": 114, "height": 85 }
		},
		"yun_add_010_": {
			"yun_add_010_": { "width": 114, "height": 85 }
		},
		"yun_add_011_": {
			"yun_add_011_": { "width": 114, "height": 85 }
		},
		"yun_add_012_": {
			"yun_add_012_": { "width": 114, "height": 85 }
		},
		"yun_add_013_": {
			"yun_add_013_": { "width": 114, "height": 85 }
		},
		"yun_glow_000_": {
			"yun_glow_000_": { "width": 118, "height": 86 }
		},
		"yun_glow_001_": {
			"yun_glow_001_": { "width": 118, "height": 86 }
		},
		"yun_glow_002_": {
			"yun_glow_002_": { "width": 118, "height": 86 }
		},
		"yun_glow_003_": {
			"yun_glow_003_": { "width": 118, "height": 86 }
		},
		"yun_glow_004_": {
			"yun_glow_004_": { "width": 118, "height": 86 }
		},
		"yun_glow_005_": {
			"yun_glow_005_": { "width": 118, "height": 86 }
		},
		"yun_glow_006_": {
			"yun_glow_006_": { "width": 118, "height": 86 }
		},
		"yun_glow_007_": {
			"yun_glow_007_": { "width": 118, "height": 86 }
		},
		"yun_glow_008_": {
			"yun_glow_008_": { "width": 118, "height": 86 }
		},
		"yun_glow_009_": {
			"yun_glow_009_": { "width": 118, "height": 86 }
		},
		"yun_glow_010_": {
			"yun_glow_010_": { "width": 118, "height": 86 }
		},
		"yun_glow_011_": {
			"yun_glow_011_": { "width": 118, "height": 86 }
		},
		"yun_glow_012_": {
			"yun_glow_012_": { "width": 118, "height": 86 }
		},
		"yun_glow_013_": {
			"yun_glow_013_": { "width": 118, "height": 86 }
		},
		"zn_gongji_63_": {
			"zn_gongji_63_": { "x": 129.28, "y": 102.25, "width": 153, "height": 197 }
		},
		"zn_gongji_66_": {
			"zn_gongji_66_": { "x": 139.78, "y": 90.25, "width": 194, "height": 217 }
		},
		"zn_gongji_69_": {
			"zn_gongji_69_": { "x": 136.28, "y": 94.25, "width": 205, "height": 221 }
		},
		"zn_gongji_72_": {
			"zn_gongji_72_": { "x": 145.28, "y": 103.25, "width": 183, "height": 207 }
		},
		"zn_gongji_75_": {
			"zn_gongji_75_": { "x": 143.78, "y": 98.75, "width": 182, "height": 202 }
		},
		"zn_gongji_78_": {
			"zn_gongji_78_": { "x": 136.28, "y": 107.75, "width": 125, "height": 114 }
		},
		"zn_gongji_81_": {
			"zn_gongji_81_": { "x": 136.78, "y": 103.25, "width": 134, "height": 109 }
		},
		"zn_gongji_84_": {
			"zn_gongji_84_": { "x": 119.28, "y": 105.25, "width": 113, "height": 101 }
		},
		"zn_gongji_87_": {
			"zn_gongji_87_": { "x": 122.28, "y": 95.75, "width": 123, "height": 88 }
		},
		"zn_gongji_90_": {
			"zn_gongji_90_": { "x": 133.28, "y": 112.25, "width": 141, "height": 43 }
		}
	}
},
"animations": {
	"animation": {
		"slots": {
			"Zn_gj_000_": {
				"attachment": [
					{ "time": 0, "name": "Zn_gj_000_" },
					{ "time": 0.0666, "name": "Zn_gj_000_" },
					{ "time": 0.1333, "name": null }
				]
			},
			"Zn_gj_001_": {
				"attachment": [
					{ "time": 0, "name": null },
					{ "time": 0.0666, "name": null },
					{ "time": 0.1333, "name": "Zn_gj_001_" },
					{ "time": 0.2, "name": "Zn_gj_001_" },
					{ "time": 0.2666, "name": null }
				]
			},
			"Zn_gj_002_": {
				"attachment": [
					{ "time": 0, "name": null },
					{ "time": 0.2, "name": null },
					{ "time": 0.2666, "name": "Zn_gj_002_" },
					{ "time": 0.3333, "name": "Zn_gj_002_" },
					{ "time": 0.4, "name": null }
				]
			},
			"Zn_gj_003_": {
				"attachment": [
					{ "time": 0, "name": null },
					{ "time": 0.3333, "name": null },
					{ "time": 0.4, "name": "Zn_gj_003_" },
					{ "time": 0.4666, "name": "Zn_gj_003_" },
					{ "time": 0.5333, "name": null }
				]
			},
			"Zn_gj_004_": {
				"attachment": [
					{ "time": 0, "name": null },
					{ "time": 0.4666, "name": null },
					{ "time": 0.5333, "name": "Zn_gj_004_" },
					{ "time": 0.6, "name": "Zn_gj_004_" },
					{ "time": 0.6666, "name": null }
				]
			},
			"Zn_gj_005_": {
				"attachment": [
					{ "time": 0, "name": null },
					{ "time": 0.6, "name": null },
					{ "time": 0.6666, "name": "Zn_gj_005_" },
					{ "time": 0.7333, "name": "Zn_gj_005_" },
					{ "time": 0.8, "name": null }
				]
			},
			"Zn_gj_006_": {
				"attachment": [
					{ "time": 0, "name": null },
					{ "time": 0.7333, "name": null },
					{ "time": 0.8, "name": "Zn_gj_006_" },
					{ "time": 0.8666, "name": "Zn_gj_006_" },
					{ "time": 0.9333, "name": null }
				]
			},
			"Zn_gj_007_": {
				"attachment": [
					{ "time": 0, "name": null },
					{ "time": 0.8666, "name": null },
					{ "time": 0.9333, "name": "Zn_gj_007_" },
					{ "time": 1, "name": "Zn_gj_007_" },
					{ "time": 1.0666, "name": null }
				]
			},
			"Zn_gj_008_": {
				"attachment": [
					{ "time": 0, "name": null },
					{ "time": 1, "name": null },
					{ "time": 1.0666, "name": "Zn_gj_008_" },
					{ "time": 1.1333, "name": "Zn_gj_008_" },
					{ "time": 1.2, "name": null }
				]
			},
			"Zn_gj_009_": {
				"attachment": [
					{ "time": 0, "name": null },
					{ "time": 1.1333, "name": null },
					{ "time": 1.2, "name": "Zn_gj_009_" },
					{ "time": 1.2666, "name": "Zn_gj_009_" },
					{ "time": 1.3333, "name": null }
				]
			},
			"Zn_gj_010_": {
				"attachment": [
					{ "time": 0, "name": null },
					{ "time": 1.2666, "name": null },
					{ "time": 1.3333, "name": "Zn_gj_010_" },
					{ "time": 1.4, "name": "Zn_gj_010_" },
					{ "time": 1.4666, "name": null }
				]
			},
			"Zn_gj_011_": {
				"attachment": [
					{ "time": 0, "name": null },
					{ "time": 1.4, "name": null },
					{ "time": 1.4666, "name": "Zn_gj_011_" },
					{ "time": 1.5333, "name": "Zn_gj_011_" },
					{ "time": 1.6, "name": null }
				]
			},
			"Zn_gj_012_": {
				"attachment": [
					{ "time": 0, "name": null },
					{ "time": 1.5333, "name": null },
					{ "time": 1.6, "name": "Zn_gj_012_" },
					{ "time": 1.6666, "name": "Zn_gj_012_" },
					{ "time": 1.7333, "name": null }
				]
			},
			"Zn_gj_013_": {
				"attachment": [
					{ "time": 0, "name": null },
					{ "time": 1.6666, "name": null },
					{ "time": 1.7333, "name": "Zn_gj_013_" },
					{ "time": 1.8, "name": "Zn_gj_013_" },
					{ "time": 1.8666, "name": null }
				]
			},
			"Zn_gj_014_": {
				"attachment": [
					{ "time": 0, "name": null },
					{ "time": 1.8, "name": null },
					{ "time": 1.8666, "name": "Zn_gj_014_" },
					{ "time": 1.9333, "name": "Zn_gj_014_" },
					{ "time": 2, "name": null }
				]
			},
			"Zn_gj_015_": {
				"attachment": [
					{ "time": 0, "name": null },
					{ "time": 1.9333, "name": null },
					{ "time": 2, "name": "Zn_gj_015_" },
					{ "time": 2.0666, "name": "Zn_gj_015_" },
					{ "time": 2.1333, "name": null }
				]
			},
			"Zn_gj_016_": {
				"attachment": [
					{ "time": 0, "name": null },
					{ "time": 2.0666, "name": null },
					{ "time": 2.1333, "name": "Zn_gj_016_" },
					{ "time": 2.2, "name": "Zn_gj_016_" },
					{ "time": 2.2666, "name": null }
				]
			},
			"Zn_gj_017_": {
				"attachment": [
					{ "time": 0, "name": null },
					{ "time": 2.2, "name": null },
					{ "time": 2.2666, "name": "Zn_gj_017_" },
					{ "time": 2.3333, "name": "Zn_gj_017_" },
					{ "time": 2.4, "name": null }
				]
			},
			"Zn_gj_018_": {
				"attachment": [
					{ "time": 0, "name": null },
					{ "time": 2.3333, "name": null },
					{ "time": 2.4, "name": "Zn_gj_018_" },
					{ "time": 2.4666, "name": "Zn_gj_018_" },
					{ "time": 2.5333, "name": null }
				]
			},
			"Zn_gj_019_": {
				"attachment": [
					{ "time": 0, "name": null },
					{ "time": 2.4666, "name": null },
					{ "time": 2.5333, "name": "Zn_gj_019_" },
					{ "time": 2.6, "name": "Zn_gj_019_" },
					{ "time": 2.6666, "name": null }
				]
			},
			"Zn_gj_020_": {
				"attachment": [
					{ "time": 0, "name": null },
					{ "time": 2.6, "name": null },
					{ "time": 2.6666, "name": "Zn_gj_020_" },
					{ "time": 2.7333, "name": "Zn_gj_020_" },
					{ "time": 2.8, "name": null }
				]
			},
			"Zn_gj_021_": {
				"attachment": [
					{ "time": 0, "name": null },
					{ "time": 2.7333, "name": null },
					{ "time": 2.8, "name": "Zn_gj_021_" },
					{ "time": 2.8666, "name": "Zn_gj_021_" },
					{ "time": 2.9333, "name": null }
				]
			},
			"Zn_gj_022_": {
				"attachment": [
					{ "time": 0, "name": null },
					{ "time": 2.8666, "name": null },
					{ "time": 2.9333, "name": "Zn_gj_022_" },
					{ "time": 3, "name": "Zn_gj_022_" },
					{ "time": 3.0666, "name": null }
				]
			},
			"Zn_gj_023_": {
				"attachment": [
					{ "time": 0, "name": null },
					{ "time": 3, "name": null },
					{ "time": 3.0666, "name": "Zn_gj_023_" },
					{ "time": 3.1333, "name": "Zn_gj_023_" },
					{ "time": 3.2, "name": null }
				]
			},
			"Zn_gj_024_": {
				"attachment": [
					{ "time": 0, "name": null },
					{ "time": 3.1333, "name": null },
					{ "time": 3.2, "name": "Zn_gj_024_" },
					{ "time": 3.2666, "name": "Zn_gj_024_" },
					{ "time": 3.3333, "name": null }
				]
			},
			"Zn_gj_025_": {
				"attachment": [
					{ "time": 0, "name": null },
					{ "time": 3.2666, "name": null },
					{ "time": 3.3333, "name": "Zn_gj_025_" },
					{ "time": 3.4, "name": "Zn_gj_025_" },
					{ "time": 3.4666, "name": null }
				]
			},
			"Zn_gj_026_": {
				"attachment": [
					{ "time": 0, "name": null },
					{ "time": 3.4, "name": null },
					{ "time": 3.4666, "name": "Zn_gj_026_" },
					{ "time": 3.5333, "name": "Zn_gj_026_" },
					{ "time": 3.6, "name": null }
				]
			},
			"Zn_gj_027_": {
				"attachment": [
					{ "time": 0, "name": null },
					{ "time": 3.5333, "name": null },
					{ "time": 3.6, "name": "Zn_gj_027_" },
					{ "time": 3.6666, "name": "Zn_gj_027_" },
					{ "time": 3.7333, "name": null }
				]
			},
			"Zn_gj_028_": {
				"attachment": [
					{ "time": 0, "name": null },
					{ "time": 3.6666, "name": null },
					{ "time": 3.7333, "name": "Zn_gj_028_" },
					{ "time": 3.8, "name": "Zn_gj_028_" },
					{ "time": 3.8666, "name": null }
				]
			},
			"Zn_gj_029_": {
				"attachment": [
					{ "time": 0, "name": null },
					{ "time": 3.8, "name": null },
					{ "time": 3.8666, "name": "Zn_gj_029_" },
					{ "time": 3.9333, "name": "Zn_gj_029_" },
					{ "time": 4, "name": null }
				]
			},
			"Zn_gj_tx_022_": {
				"attachment": [
					{ "time": 0, "name": null },
					{ "time": 2.6666, "name": null },
					{ "time": 2.7, "name": "Zn_gj_tx_022_" },
					{ "time": 2.7666, "name": "Zn_gj_tx_022_" },
					{ "time": 2.8333, "name": null }
				]
			},
			"Zn_gj_tx_023_": {
				"attachment": [
					{ "time": 0, "name": null },
					{ "time": 2.7666, "name": null },
					{ "time": 2.8333, "name": "Zn_gj_tx_023_" },
					{ "time": 2.9, "name": "Zn_gj_tx_023_" },
					{ "time": 2.9333, "name": null }
				]
			},
			"Zn_gj_tx_024_": {
				"attachment": [
					{ "time": 0, "name": null },
					{ "time": 2.9, "name": null },
					{ "time": 2.9333, "name": "Zn_gj_tx_024_" },
					{ "time": 3, "name": "Zn_gj_tx_024_" },
					{ "time": 3.0666, "name": null }
				]
			},
			"Zn_gj_tx_025_": {
				"attachment": [
					{ "time": 0, "name": null },
					{ "time": 3, "name": null },
					{ "time": 3.0666, "name": "Zn_gj_tx_025_" },
					{ "time": 3.1333, "name": "Zn_gj_tx_025_" },
					{ "time": 3.1666, "name": null }
				]
			},
			"Zn_gj_tx_026_": {
				"attachment": [
					{ "time": 0, "name": null },
					{ "time": 3.1333, "name": null },
					{ "time": 3.1666, "name": "Zn_gj_tx_026_" },
					{ "time": 3.2333, "name": "Zn_gj_tx_026_" },
					{ "time": 3.3, "name": null }
				]
			},
			"Zn_gj_tx_027_": {
				"attachment": [
					{ "time": 0, "name": null },
					{ "time": 3.2333, "name": null },
					{ "time": 3.3, "name": "Zn_gj_tx_027_" },
					{ "time": 3.3666, "name": "Zn_gj_tx_027_" },
					{ "time": 3.4, "name": null }
				]
			},
			"Zn_gj_tx_028_": {
				"attachment": [
					{ "time": 0, "name": null },
					{ "time": 3.3666, "name": null },
					{ "time": 3.4, "name": "Zn_gj_tx_028_" },
					{ "time": 3.4666, "name": "Zn_gj_tx_028_" },
					{ "time": 3.5333, "name": null }
				]
			},
			"Zn_gj_tx_029_": {
				"attachment": [
					{ "time": 0, "name": null },
					{ "time": 3.4666, "name": null },
					{ "time": 3.5333, "name": "Zn_gj_tx_029_" },
					{ "time": 3.6, "name": "Zn_gj_tx_029_" },
					{ "time": 3.6333, "name": null }
				]
			},
			"Zn_gj_tx_030_": {
				"attachment": [
					{ "time": 0, "name": null },
					{ "time": 3.6, "name": null },
					{ "time": 3.6333, "name": "Zn_gj_tx_030_" },
					{ "time": 3.7, "name": "Zn_gj_tx_030_" },
					{ "time": 3.7666, "name": null }
				]
			},
			"Zn_gj_tx_031_": {
				"attachment": [
					{ "time": 0, "name": null },
					{ "time": 3.7, "name": null },
					{ "time": 3.7666, "name": "Zn_gj_tx_031_" },
					{ "time": 3.8333, "name": "Zn_gj_tx_031_" },
					{ "time": 3.8666, "name": null }
				]
			},
			"Zn_gj_tx_032_": {
				"attachment": [
					{ "time": 0, "name": null },
					{ "time": 3.8333, "name": null },
					{ "time": 3.8666, "name": "Zn_gj_tx_032_" },
					{ "time": 3.9333, "name": "Zn_gj_tx_032_" },
					{ "time": 4, "name": null }
				]
			},
			"Zn_niao_gj_000_": {
				"attachment": [
					{ "time": 0, "name": "Zn_niao_gj_000_" },
					{ "time": 0.0666, "name": "Zn_niao_gj_000_" },
					{ "time": 0.1333, "name": null }
				]
			},
			"Zn_niao_gj_001_": {
				"attachment": [
					{ "time": 0, "name": null },
					{ "time": 0.0666, "name": null },
					{ "time": 0.1333, "name": "Zn_niao_gj_001_" },
					{ "time": 0.2, "name": "Zn_niao_gj_001_" },
					{ "time": 0.2666, "name": null }
				]
			},
			"Zn_niao_gj_002_": {
				"attachment": [
					{ "time": 0, "name": null },
					{ "time": 0.2, "name": null },
					{ "time": 0.2666, "name": "Zn_niao_gj_002_" },
					{ "time": 0.3333, "name": "Zn_niao_gj_002_" },
					{ "time": 0.4, "name": null }
				]
			},
			"Zn_niao_gj_003_": {
				"attachment": [
					{ "time": 0, "name": null },
					{ "time": 0.3333, "name": null },
					{ "time": 0.4, "name": "Zn_niao_gj_003_" },
					{ "time": 0.4666, "name": "Zn_niao_gj_003_" },
					{ "time": 0.5333, "name": null }
				]
			},
			"Zn_niao_gj_004_": {
				"attachment": [
					{ "time": 0, "name": null },
					{ "time": 0.4666, "name": null },
					{ "time": 0.5333, "name": "Zn_niao_gj_004_" },
					{ "time": 0.6, "name": "Zn_niao_gj_004_" },
					{ "time": 0.6666, "name": null }
				]
			},
			"Zn_niao_gj_005_": {
				"attachment": [
					{ "time": 0, "name": null },
					{ "time": 0.6, "name": null },
					{ "time": 0.6666, "name": "Zn_niao_gj_005_" },
					{ "time": 0.7333, "name": "Zn_niao_gj_005_" },
					{ "time": 0.8, "name": null }
				]
			},
			"Zn_niao_gj_006_": {
				"attachment": [
					{ "time": 0, "name": null },
					{ "time": 0.7333, "name": null },
					{ "time": 0.8, "name": "Zn_niao_gj_006_" },
					{ "time": 0.8666, "name": "Zn_niao_gj_006_" },
					{ "time": 0.9333, "name": null }
				]
			},
			"Zn_niao_gj_007_": {
				"attachment": [
					{ "time": 0, "name": null },
					{ "time": 0.8666, "name": null },
					{ "time": 0.9333, "name": "Zn_niao_gj_007_" },
					{ "time": 1, "name": "Zn_niao_gj_007_" },
					{ "time": 1.0666, "name": null }
				]
			},
			"Zn_niao_gj_008_": {
				"attachment": [
					{ "time": 0, "name": null },
					{ "time": 1, "name": null },
					{ "time": 1.0666, "name": "Zn_niao_gj_008_" },
					{ "time": 1.1333, "name": "Zn_niao_gj_008_" },
					{ "time": 1.2, "name": null }
				]
			},
			"Zn_niao_gj_009_": {
				"attachment": [
					{ "time": 0, "name": null },
					{ "time": 1.1333, "name": null },
					{ "time": 1.2, "name": "Zn_niao_gj_009_" },
					{ "time": 1.2666, "name": "Zn_niao_gj_009_" },
					{ "time": 1.3333, "name": null }
				]
			},
			"Zn_niao_gj_010_": {
				"attachment": [
					{ "time": 0, "name": null },
					{ "time": 1.2666, "name": null },
					{ "time": 1.3333, "name": "Zn_niao_gj_010_" },
					{ "time": 1.4, "name": "Zn_niao_gj_010_" },
					{ "time": 1.4666, "name": null }
				]
			},
			"Zn_niao_gj_011_": {
				"attachment": [
					{ "time": 0, "name": null },
					{ "time": 1.4, "name": null },
					{ "time": 1.4666, "name": "Zn_niao_gj_011_" },
					{ "time": 1.5333, "name": "Zn_niao_gj_011_" },
					{ "time": 1.6, "name": null }
				]
			},
			"Zn_niao_gj_012_": {
				"attachment": [
					{ "time": 0, "name": null },
					{ "time": 1.5333, "name": null },
					{ "time": 1.6, "name": "Zn_niao_gj_012_" },
					{ "time": 1.6666, "name": "Zn_niao_gj_012_" },
					{ "time": 1.7333, "name": null }
				]
			},
			"Zn_niao_gj_013_": {
				"attachment": [
					{ "time": 0, "name": null },
					{ "time": 1.6666, "name": null },
					{ "time": 1.7333, "name": "Zn_niao_gj_013_" },
					{ "time": 1.8, "name": "Zn_niao_gj_013_" },
					{ "time": 1.8666, "name": null }
				]
			},
			"Zn_niao_gj_014_": {
				"attachment": [
					{ "time": 0, "name": null },
					{ "time": 1.8, "name": null },
					{ "time": 1.8666, "name": "Zn_niao_gj_014_" },
					{ "time": 1.9333, "name": "Zn_niao_gj_014_" },
					{ "time": 2, "name": null }
				]
			},
			"Zn_niao_gj_015_": {
				"attachment": [
					{ "time": 0, "name": null },
					{ "time": 1.9333, "name": null },
					{ "time": 2, "name": "Zn_niao_gj_015_" },
					{ "time": 2.0666, "name": "Zn_niao_gj_015_" },
					{ "time": 2.1333, "name": null }
				]
			},
			"Zn_niao_gj_016_": {
				"attachment": [
					{ "time": 0, "name": null },
					{ "time": 2.0666, "name": null },
					{ "time": 2.1333, "name": "Zn_niao_gj_016_" },
					{ "time": 2.2, "name": "Zn_niao_gj_016_" },
					{ "time": 2.2666, "name": null }
				]
			},
			"Zn_niao_gj_017_": {
				"attachment": [
					{ "time": 0, "name": null },
					{ "time": 2.2, "name": null },
					{ "time": 2.2666, "name": "Zn_niao_gj_017_" },
					{ "time": 2.3333, "name": "Zn_niao_gj_017_" },
					{ "time": 2.4, "name": null }
				]
			},
			"Zn_niao_gj_018_": {
				"attachment": [
					{ "time": 0, "name": null },
					{ "time": 2.3333, "name": null },
					{ "time": 2.4, "name": "Zn_niao_gj_018_" },
					{ "time": 2.4666, "name": "Zn_niao_gj_018_" },
					{ "time": 2.5333, "name": null }
				]
			},
			"Zn_niao_gj_019_": {
				"attachment": [
					{ "time": 0, "name": null },
					{ "time": 2.4666, "name": null },
					{ "time": 2.5333, "name": "Zn_niao_gj_019_" },
					{ "time": 2.6, "name": "Zn_niao_gj_019_" },
					{ "time": 2.6666, "name": null }
				]
			},
			"Zn_niao_gj_020_": {
				"attachment": [
					{ "time": 0, "name": null },
					{ "time": 2.6, "name": null },
					{ "time": 2.6666, "name": "Zn_niao_gj_020_" },
					{ "time": 2.7333, "name": "Zn_niao_gj_020_" },
					{ "time": 2.8, "name": null }
				]
			},
			"Zn_niao_gj_021_": {
				"attachment": [
					{ "time": 0, "name": null },
					{ "time": 2.7333, "name": null },
					{ "time": 2.8, "name": "Zn_niao_gj_021_" },
					{ "time": 2.8666, "name": "Zn_niao_gj_021_" },
					{ "time": 2.9333, "name": null }
				]
			},
			"Zn_niao_gj_022_": {
				"attachment": [
					{ "time": 0, "name": null },
					{ "time": 2.8666, "name": null },
					{ "time": 2.9333, "name": "Zn_niao_gj_022_" },
					{ "time": 3, "name": "Zn_niao_gj_022_" },
					{ "time": 3.0666, "name": null }
				]
			},
			"Zn_niao_gj_023_": {
				"attachment": [
					{ "time": 0, "name": null },
					{ "time": 3, "name": null },
					{ "time": 3.0666, "name": "Zn_niao_gj_023_" },
					{ "time": 3.1333, "name": "Zn_niao_gj_023_" },
					{ "time": 3.2, "name": null }
				]
			},
			"Zn_niao_gj_024_": {
				"attachment": [
					{ "time": 0, "name": null },
					{ "time": 3.1333, "name": null },
					{ "time": 3.2, "name": "Zn_niao_gj_024_" },
					{ "time": 3.2666, "name": "Zn_niao_gj_024_" },
					{ "time": 3.3333, "name": null }
				]
			},
			"Zn_niao_gj_025_": {
				"attachment": [
					{ "time": 0, "name": null },
					{ "time": 3.2666, "name": null },
					{ "time": 3.3333, "name": "Zn_niao_gj_025_" },
					{ "time": 3.4, "name": "Zn_niao_gj_025_" },
					{ "time": 3.4666, "name": null }
				]
			},
			"Zn_niao_gj_026_": {
				"attachment": [
					{ "time": 0, "name": null },
					{ "time": 3.4, "name": null },
					{ "time": 3.4666, "name": "Zn_niao_gj_026_" },
					{ "time": 3.5333, "name": "Zn_niao_gj_026_" },
					{ "time": 3.6, "name": null }
				]
			},
			"Zn_niao_gj_027_": {
				"attachment": [
					{ "time": 0, "name": null },
					{ "time": 3.5333, "name": null },
					{ "time": 3.6, "name": "Zn_niao_gj_027_" },
					{ "time": 3.6666, "name": "Zn_niao_gj_027_" },
					{ "time": 3.7333, "name": null }
				]
			},
			"Zn_niao_gj_028_": {
				"attachment": [
					{ "time": 0, "name": null },
					{ "time": 3.6666, "name": null },
					{ "time": 3.7333, "name": "Zn_niao_gj_028_" },
					{ "time": 3.8, "name": "Zn_niao_gj_028_" },
					{ "time": 3.8666, "name": null }
				]
			},
			"Zn_niao_gj_029_": {
				"attachment": [
					{ "time": 0, "name": null },
					{ "time": 3.8, "name": null },
					{ "time": 3.8666, "name": "Zn_niao_gj_029_" },
					{ "time": 3.9333, "name": "Zn_niao_gj_029_" },
					{ "time": 4, "name": null }
				]
			},
			"yun_add_000_": {
				"attachment": [
					{ "time": 0, "name": "yun_add_000_" },
					{ "time": 0.0666, "name": "yun_add_000_" },
					{ "time": 0.1333, "name": null },
					{ "time": 1.8666, "name": "yun_add_000_" },
					{ "time": 1.9333, "name": "yun_add_000_" },
					{ "time": 2, "name": null },
					{ "time": 3.7333, "name": "yun_add_000_" },
					{ "time": 3.8, "name": "yun_add_000_" },
					{ "time": 3.8666, "name": null }
				]
			},
			"yun_add_001_": {
				"attachment": [
					{ "time": 0, "name": null },
					{ "time": 0.0666, "name": null },
					{ "time": 0.1333, "name": "yun_add_001_" },
					{ "time": 0.2, "name": "yun_add_001_" },
					{ "time": 0.2666, "name": null },
					{ "time": 1.8666, "name": null },
					{ "time": 1.9333, "name": null },
					{ "time": 2, "name": "yun_add_001_" },
					{ "time": 2.0666, "name": "yun_add_001_" },
					{ "time": 2.1333, "name": null },
					{ "time": 3.7333, "name": null },
					{ "time": 3.8, "name": null },
					{ "time": 3.8666, "name": "yun_add_001_" },
					{ "time": 3.9333, "name": "yun_add_001_" },
					{ "time": 4, "name": null }
				]
			},
			"yun_add_002_": {
				"attachment": [
					{ "time": 0, "name": null },
					{ "time": 0.2, "name": null },
					{ "time": 0.2666, "name": "yun_add_002_" },
					{ "time": 0.3333, "name": "yun_add_002_" },
					{ "time": 0.4, "name": null },
					{ "time": 1.8666, "name": null },
					{ "time": 2.0666, "name": null },
					{ "time": 2.1333, "name": "yun_add_002_" },
					{ "time": 2.2, "name": "yun_add_002_" },
					{ "time": 2.2666, "name": null },
					{ "time": 3.7333, "name": null },
					{ "time": 3.9333, "name": null },
					{ "time": 4, "name": "yun_add_002_" }
				]
			},
			"yun_add_003_": {
				"attachment": [
					{ "time": 0, "name": null },
					{ "time": 0.3333, "name": null },
					{ "time": 0.4, "name": "yun_add_003_" },
					{ "time": 0.4666, "name": "yun_add_003_" },
					{ "time": 0.5333, "name": null },
					{ "time": 1.8666, "name": null },
					{ "time": 2.2, "name": null },
					{ "time": 2.2666, "name": "yun_add_003_" },
					{ "time": 2.3333, "name": "yun_add_003_" },
					{ "time": 2.4, "name": null },
					{ "time": 3.7333, "name": null }
				]
			},
			"yun_add_004_": {
				"attachment": [
					{ "time": 0, "name": null },
					{ "time": 0.4666, "name": null },
					{ "time": 0.5333, "name": "yun_add_004_" },
					{ "time": 0.6, "name": "yun_add_004_" },
					{ "time": 0.6666, "name": null },
					{ "time": 1.8666, "name": null },
					{ "time": 2.3333, "name": null },
					{ "time": 2.4, "name": "yun_add_004_" },
					{ "time": 2.4666, "name": "yun_add_004_" },
					{ "time": 2.5333, "name": null },
					{ "time": 3.7333, "name": null }
				]
			},
			"yun_add_005_": {
				"attachment": [
					{ "time": 0, "name": null },
					{ "time": 0.6, "name": null },
					{ "time": 0.6666, "name": "yun_add_005_" },
					{ "time": 0.7333, "name": "yun_add_005_" },
					{ "time": 0.8, "name": null },
					{ "time": 1.8666, "name": null },
					{ "time": 2.4666, "name": null },
					{ "time": 2.5333, "name": "yun_add_005_" },
					{ "time": 2.6, "name": "yun_add_005_" },
					{ "time": 2.6666, "name": null },
					{ "time": 3.7333, "name": null }
				]
			},
			"yun_add_006_": {
				"attachment": [
					{ "time": 0, "name": null },
					{ "time": 0.7333, "name": null },
					{ "time": 0.8, "name": "yun_add_006_" },
					{ "time": 0.8666, "name": "yun_add_006_" },
					{ "time": 0.9333, "name": null },
					{ "time": 1.8666, "name": null },
					{ "time": 2.6, "name": null },
					{ "time": 2.6666, "name": "yun_add_006_" },
					{ "time": 2.7333, "name": "yun_add_006_" },
					{ "time": 2.8, "name": null },
					{ "time": 3.7333, "name": null }
				]
			},
			"yun_add_007_": {
				"attachment": [
					{ "time": 0, "name": null },
					{ "time": 0.8666, "name": null },
					{ "time": 0.9333, "name": "yun_add_007_" },
					{ "time": 1, "name": "yun_add_007_" },
					{ "time": 1.0666, "name": null },
					{ "time": 1.8666, "name": null },
					{ "time": 2.7333, "name": null },
					{ "time": 2.8, "name": "yun_add_007_" },
					{ "time": 2.8666, "name": "yun_add_007_" },
					{ "time": 2.9333, "name": null },
					{ "time": 3.7333, "name": null }
				]
			},
			"yun_add_008_": {
				"attachment": [
					{ "time": 0, "name": null },
					{ "time": 1, "name": null },
					{ "time": 1.0666, "name": "yun_add_008_" },
					{ "time": 1.1333, "name": "yun_add_008_" },
					{ "time": 1.2, "name": null },
					{ "time": 1.8666, "name": null },
					{ "time": 2.8666, "name": null },
					{ "time": 2.9333, "name": "yun_add_008_" },
					{ "time": 3, "name": "yun_add_008_" },
					{ "time": 3.0666, "name": null },
					{ "time": 3.7333, "name": null }
				]
			},
			"yun_add_009_": {
				"attachment": [
					{ "time": 0, "name": null },
					{ "time": 1.1333, "name": null },
					{ "time": 1.2, "name": "yun_add_009_" },
					{ "time": 1.2666, "name": "yun_add_009_" },
					{ "time": 1.3333, "name": null },
					{ "time": 1.8666, "name": null },
					{ "time": 3, "name": null },
					{ "time": 3.0666, "name": "yun_add_009_" },
					{ "time": 3.1333, "name": "yun_add_009_" },
					{ "time": 3.2, "name": null },
					{ "time": 3.7333, "name": null }
				]
			},
			"yun_add_010_": {
				"attachment": [
					{ "time": 0, "name": null },
					{ "time": 1.2666, "name": null },
					{ "time": 1.3333, "name": "yun_add_010_" },
					{ "time": 1.4, "name": "yun_add_010_" },
					{ "time": 1.4666, "name": null },
					{ "time": 1.8666, "name": null },
					{ "time": 3.1333, "name": null },
					{ "time": 3.2, "name": "yun_add_010_" },
					{ "time": 3.2666, "name": "yun_add_010_" },
					{ "time": 3.3333, "name": null },
					{ "time": 3.7333, "name": null }
				]
			},
			"yun_add_011_": {
				"attachment": [
					{ "time": 0, "name": null },
					{ "time": 1.4, "name": null },
					{ "time": 1.4666, "name": "yun_add_011_" },
					{ "time": 1.5333, "name": "yun_add_011_" },
					{ "time": 1.6, "name": null },
					{ "time": 1.8666, "name": null },
					{ "time": 3.2666, "name": null },
					{ "time": 3.3333, "name": "yun_add_011_" },
					{ "time": 3.4, "name": "yun_add_011_" },
					{ "time": 3.4666, "name": null },
					{ "time": 3.7333, "name": null }
				]
			},
			"yun_add_012_": {
				"attachment": [
					{ "time": 0, "name": null },
					{ "time": 1.5333, "name": null },
					{ "time": 1.6, "name": "yun_add_012_" },
					{ "time": 1.6666, "name": "yun_add_012_" },
					{ "time": 1.7333, "name": null },
					{ "time": 1.8666, "name": null },
					{ "time": 3.4, "name": null },
					{ "time": 3.4666, "name": "yun_add_012_" },
					{ "time": 3.5333, "name": "yun_add_012_" },
					{ "time": 3.6, "name": null },
					{ "time": 3.7333, "name": null }
				]
			},
			"yun_add_013_": {
				"attachment": [
					{ "time": 0, "name": null },
					{ "time": 1.6666, "name": null },
					{ "time": 1.7333, "name": "yun_add_013_" },
					{ "time": 1.8, "name": "yun_add_013_" },
					{ "time": 1.8666, "name": null },
					{ "time": 3.5333, "name": null },
					{ "time": 3.6, "name": "yun_add_013_" },
					{ "time": 3.6666, "name": "yun_add_013_" },
					{ "time": 3.7333, "name": null }
				]
			},
			"yun_glow_000_": {
				"attachment": [
					{ "time": 0, "name": "yun_glow_000_" },
					{ "time": 0.0666, "name": "yun_glow_000_" },
					{ "time": 0.1333, "name": null },
					{ "time": 1.8666, "name": "yun_glow_000_" },
					{ "time": 1.9333, "name": "yun_glow_000_" },
					{ "time": 2, "name": null },
					{ "time": 3.7333, "name": "yun_glow_000_" },
					{ "time": 3.8, "name": "yun_glow_000_" },
					{ "time": 3.8666, "name": null }
				]
			},
			"yun_glow_001_": {
				"attachment": [
					{ "time": 0, "name": null },
					{ "time": 0.0666, "name": null },
					{ "time": 0.1333, "name": "yun_glow_001_" },
					{ "time": 0.2, "name": "yun_glow_001_" },
					{ "time": 0.2666, "name": null },
					{ "time": 1.8666, "name": null },
					{ "time": 1.9333, "name": null },
					{ "time": 2, "name": "yun_glow_001_" },
					{ "time": 2.0666, "name": "yun_glow_001_" },
					{ "time": 2.1333, "name": null },
					{ "time": 3.7333, "name": null },
					{ "time": 3.8, "name": null },
					{ "time": 3.8666, "name": "yun_glow_001_" },
					{ "time": 3.9333, "name": "yun_glow_001_" },
					{ "time": 4, "name": null }
				]
			},
			"yun_glow_002_": {
				"attachment": [
					{ "time": 0, "name": null },
					{ "time": 0.2, "name": null },
					{ "time": 0.2666, "name": "yun_glow_002_" },
					{ "time": 0.3333, "name": "yun_glow_002_" },
					{ "time": 0.4, "name": null },
					{ "time": 1.8666, "name": null },
					{ "time": 2.0666, "name": null },
					{ "time": 2.1333, "name": "yun_glow_002_" },
					{ "time": 2.2, "name": "yun_glow_002_" },
					{ "time": 2.2666, "name": null },
					{ "time": 3.7333, "name": null },
					{ "time": 3.9333, "name": null },
					{ "time": 4, "name": "yun_glow_002_" }
				]
			},
			"yun_glow_003_": {
				"attachment": [
					{ "time": 0, "name": null },
					{ "time": 0.3333, "name": null },
					{ "time": 0.4, "name": "yun_glow_003_" },
					{ "time": 0.4666, "name": "yun_glow_003_" },
					{ "time": 0.5333, "name": null },
					{ "time": 1.8666, "name": null },
					{ "time": 2.2, "name": null },
					{ "time": 2.2666, "name": "yun_glow_003_" },
					{ "time": 2.3333, "name": "yun_glow_003_" },
					{ "time": 2.4, "name": null },
					{ "time": 3.7333, "name": null }
				]
			},
			"yun_glow_004_": {
				"attachment": [
					{ "time": 0, "name": null },
					{ "time": 0.4666, "name": null },
					{ "time": 0.5333, "name": "yun_glow_004_" },
					{ "time": 0.6, "name": "yun_glow_004_" },
					{ "time": 0.6666, "name": null },
					{ "time": 1.8666, "name": null },
					{ "time": 2.3333, "name": null },
					{ "time": 2.4, "name": "yun_glow_004_" },
					{ "time": 2.4666, "name": "yun_glow_004_" },
					{ "time": 2.5333, "name": null },
					{ "time": 3.7333, "name": null }
				]
			},
			"yun_glow_005_": {
				"attachment": [
					{ "time": 0, "name": null },
					{ "time": 0.6, "name": null },
					{ "time": 0.6666, "name": "yun_glow_005_" },
					{ "time": 0.7333, "name": "yun_glow_005_" },
					{ "time": 0.8, "name": null },
					{ "time": 1.8666, "name": null },
					{ "time": 2.4666, "name": null },
					{ "time": 2.5333, "name": "yun_glow_005_" },
					{ "time": 2.6, "name": "yun_glow_005_" },
					{ "time": 2.6666, "name": null },
					{ "time": 3.7333, "name": null }
				]
			},
			"yun_glow_006_": {
				"attachment": [
					{ "time": 0, "name": null },
					{ "time": 0.7333, "name": null },
					{ "time": 0.8, "name": "yun_glow_006_" },
					{ "time": 0.8666, "name": "yun_glow_006_" },
					{ "time": 0.9333, "name": null },
					{ "time": 1.8666, "name": null },
					{ "time": 2.6, "name": null },
					{ "time": 2.6666, "name": "yun_glow_006_" },
					{ "time": 2.7333, "name": "yun_glow_006_" },
					{ "time": 2.8, "name": null },
					{ "time": 3.7333, "name": null }
				]
			},
			"yun_glow_007_": {
				"attachment": [
					{ "time": 0, "name": null },
					{ "time": 0.8666, "name": null },
					{ "time": 0.9333, "name": "yun_glow_007_" },
					{ "time": 1, "name": "yun_glow_007_" },
					{ "time": 1.0666, "name": null },
					{ "time": 1.8666, "name": null },
					{ "time": 2.7333, "name": null },
					{ "time": 2.8, "name": "yun_glow_007_" },
					{ "time": 2.8666, "name": "yun_glow_007_" },
					{ "time": 2.9333, "name": null },
					{ "time": 3.7333, "name": null }
				]
			},
			"yun_glow_008_": {
				"attachment": [
					{ "time": 0, "name": null },
					{ "time": 1, "name": null },
					{ "time": 1.0666, "name": "yun_glow_008_" },
					{ "time": 1.1333, "name": "yun_glow_008_" },
					{ "time": 1.2, "name": null },
					{ "time": 1.8666, "name": null },
					{ "time": 2.8666, "name": null },
					{ "time": 2.9333, "name": "yun_glow_008_" },
					{ "time": 3, "name": "yun_glow_008_" },
					{ "time": 3.0666, "name": null },
					{ "time": 3.7333, "name": null }
				]
			},
			"yun_glow_009_": {
				"attachment": [
					{ "time": 0, "name": null },
					{ "time": 1.1333, "name": null },
					{ "time": 1.2, "name": "yun_glow_009_" },
					{ "time": 1.2666, "name": "yun_glow_009_" },
					{ "time": 1.3333, "name": null },
					{ "time": 1.8666, "name": null },
					{ "time": 3, "name": null },
					{ "time": 3.0666, "name": "yun_glow_009_" },
					{ "time": 3.1333, "name": "yun_glow_009_" },
					{ "time": 3.2, "name": null },
					{ "time": 3.7333, "name": null }
				]
			},
			"yun_glow_010_": {
				"attachment": [
					{ "time": 0, "name": null },
					{ "time": 1.2666, "name": null },
					{ "time": 1.3333, "name": "yun_glow_010_" },
					{ "time": 1.4, "name": "yun_glow_010_" },
					{ "time": 1.4666, "name": null },
					{ "time": 1.8666, "name": null },
					{ "time": 3.1333, "name": null },
					{ "time": 3.2, "name": "yun_glow_010_" },
					{ "time": 3.2666, "name": "yun_glow_010_" },
					{ "time": 3.3333, "name": null },
					{ "time": 3.7333, "name": null }
				]
			},
			"yun_glow_011_": {
				"attachment": [
					{ "time": 0, "name": null },
					{ "time": 1.4, "name": null },
					{ "time": 1.4666, "name": "yun_glow_011_" },
					{ "time": 1.5333, "name": "yun_glow_011_" },
					{ "time": 1.6, "name": null },
					{ "time": 1.8666, "name": null },
					{ "time": 3.2666, "name": null },
					{ "time": 3.3333, "name": "yun_glow_011_" },
					{ "time": 3.4, "name": "yun_glow_011_" },
					{ "time": 3.4666, "name": null },
					{ "time": 3.7333, "name": null }
				]
			},
			"yun_glow_012_": {
				"attachment": [
					{ "time": 0, "name": null },
					{ "time": 1.5333, "name": null },
					{ "time": 1.6, "name": "yun_glow_012_" },
					{ "time": 1.6666, "name": "yun_glow_012_" },
					{ "time": 1.7333, "name": null },
					{ "time": 1.8666, "name": null },
					{ "time": 3.4, "name": null },
					{ "time": 3.4666, "name": "yun_glow_012_" },
					{ "time": 3.5333, "name": "yun_glow_012_" },
					{ "time": 3.6, "name": null },
					{ "time": 3.7333, "name": null }
				]
			},
			"yun_glow_013_": {
				"attachment": [
					{ "time": 0, "name": null },
					{ "time": 1.6666, "name": null },
					{ "time": 1.7333, "name": "yun_glow_013_" },
					{ "time": 1.8, "name": "yun_glow_013_" },
					{ "time": 1.8666, "name": null },
					{ "time": 3.5333, "name": null },
					{ "time": 3.6, "name": "yun_glow_013_" },
					{ "time": 3.6666, "name": "yun_glow_013_" },
					{ "time": 3.7333, "name": null }
				]
			},
			"zn_gongji_63_": {
				"attachment": [
					{ "time": 0, "name": null },
					{ "time": 2.6666, "name": null },
					{ "time": 2.7, "name": "zn_gongji_63_" },
					{ "time": 2.7666, "name": "zn_gongji_63_" },
					{ "time": 2.8333, "name": null }
				]
			},
			"zn_gongji_66_": {
				"attachment": [
					{ "time": 0, "name": null },
					{ "time": 2.7666, "name": null },
					{ "time": 2.8333, "name": "zn_gongji_66_" },
					{ "time": 2.9, "name": "zn_gongji_66_" },
					{ "time": 2.9333, "name": null }
				]
			},
			"zn_gongji_69_": {
				"attachment": [
					{ "time": 0, "name": null },
					{ "time": 2.9, "name": null },
					{ "time": 2.9333, "name": "zn_gongji_69_" },
					{ "time": 3, "name": "zn_gongji_69_" },
					{ "time": 3.0666, "name": null }
				]
			},
			"zn_gongji_72_": {
				"attachment": [
					{ "time": 0, "name": null },
					{ "time": 3, "name": null },
					{ "time": 3.0666, "name": "zn_gongji_72_" },
					{ "time": 3.1333, "name": "zn_gongji_72_" },
					{ "time": 3.1666, "name": null }
				]
			},
			"zn_gongji_75_": {
				"attachment": [
					{ "time": 0, "name": null },
					{ "time": 3.1333, "name": null },
					{ "time": 3.1666, "name": "zn_gongji_75_" },
					{ "time": 3.2333, "name": "zn_gongji_75_" },
					{ "time": 3.3, "name": null }
				]
			},
			"zn_gongji_78_": {
				"attachment": [
					{ "time": 0, "name": null },
					{ "time": 3.2333, "name": null },
					{ "time": 3.3, "name": "zn_gongji_78_" },
					{ "time": 3.3666, "name": "zn_gongji_78_" },
					{ "time": 3.4, "name": null }
				]
			},
			"zn_gongji_81_": {
				"attachment": [
					{ "time": 0, "name": null },
					{ "time": 3.3666, "name": null },
					{ "time": 3.4, "name": "zn_gongji_81_" },
					{ "time": 3.4666, "name": "zn_gongji_81_" },
					{ "time": 3.5333, "name": null }
				]
			},
			"zn_gongji_84_": {
				"attachment": [
					{ "time": 0, "name": null },
					{ "time": 3.4666, "name": null },
					{ "time": 3.5333, "name": "zn_gongji_84_" },
					{ "time": 3.6, "name": "zn_gongji_84_" },
					{ "time": 3.6333, "name": null }
				]
			},
			"zn_gongji_87_": {
				"attachment": [
					{ "time": 0, "name": null },
					{ "time": 3.6, "name": null },
					{ "time": 3.6333, "name": "zn_gongji_87_" },
					{ "time": 3.7, "name": "zn_gongji_87_" },
					{ "time": 3.7666, "name": null }
				]
			},
			"zn_gongji_90_": {
				"attachment": [
					{ "time": 0, "name": null },
					{ "time": 3.7, "name": null },
					{ "time": 3.7666, "name": "zn_gongji_90_" },
					{ "time": 3.8333, "name": "zn_gongji_90_" },
					{ "time": 3.8666, "name": null }
				]
			}
		},
		"bones": {
			"bone3": {
				"translate": [
					{ "time": 0, "x": -8.3, "y": 29.06 }
				]
			}
		}
	}
}
}