{
"skeleton": { "hash": "eRnQqJJ9KCE5+O6mPrOy9g+nYMc", "spine": "2.1.27", "width": 329, "height": 303 },
"bones": [
	{ "name": "root" },
	{ "name": "he", "parent": "root", "length": 32.39, "x": 9.31, "y": 46.54 },
	{ "name": "touying", "parent": "root", "length": 32.39, "x": 9.31, "y": 50.52 },
	{ "name": "yanchen3", "parent": "root", "length": 32.39, "x": 3.29, "y": 46.54 },
	{ "name": "yanchen1", "parent": "he", "length": 32.39, "x": -6.01 },
	{ "name": "yanchen2", "parent": "he", "length": 32.39, "x": -6.01 },
	{ "name": "zhuti_", "parent": "he", "length": 32.39, "x": -26.36, "y": 36.47 }
],
"slots": [
	{ "name": "touying_", "bone": "touying", "attachment": "touying_" },
	{ "name": "zhuti_", "bone": "zhuti_", "attachment": "zhuti_" },
	{ "name": "yanchen1", "bone": "yanchen1" },
	{ "name": "yanchen2", "bone": "yanchen2" },
	{ "name": "yanchen3", "bone": "yanchen3" }
],
"skins": {
	"default": {
		"touying_": {
			"touying_": { "y": -3.97, "scaleX": 2, "scaleY": 2, "width": 43, "height": 43 }
		},
		"yanchen1": {
			"yanchen_": { "width": 364, "height": 231 }
		},
		"yanchen2": {
			"yanchen_": { "width": 364, "height": 231 }
		},
		"yanchen3": {
			"yanchen_": { "width": 364, "height": 231 }
		},
		"zhuti_": {
			"zhuti_": { "width": 329, "height": 303 }
		}
	}
},
"animations": {
	"kongzhonghuayuanwai_": {
		"slots": {
			"touying_": {
				"attachment": [
					{ "time": 0, "name": "touying_" },
					{ "time": 2.6666, "name": "touying_" }
				],
				"color": [
					{ "time": 0, "color": "00000062" },
					{ "time": 1.3333, "color": "060a14a9" },
					{ "time": 2.6666, "color": "00000062" }
				]
			},
			"yanchen1": {
				"attachment": [
					{ "time": 0, "name": "yanchen_" },
					{ "time": 2.6666, "name": "yanchen_" }
				],
				"color": [
					{ "time": 0, "color": "c0edffff" },
					{ "time": 2.6666, "color": "c0edff00" }
				]
			},
			"yanchen2": {
				"attachment": [
					{ "time": 0, "name": "yanchen_" },
					{ "time": 2.6666, "name": "yanchen_" }
				],
				"color": [
					{ "time": 0, "color": "c0edff00" },
					{ "time": 2.6666, "color": "c0edffff" }
				]
			},
			"yanchen3": {
				"attachment": [
					{ "time": 0.8333, "name": "yanchen_" }
				],
				"color": [
					{ "time": 0.8333, "color": "b0976100" },
					{ "time": 1.2666, "color": "b09761d8" },
					{ "time": 1.9666, "color": "b0976100" }
				]
			}
		},
		"bones": {
			"he": {
				"translate": [
					{
						"time": 0,
						"x": 0,
						"y": 11.41,
						"curve": [ 0.25, 0, 0.75, 1 ]
					},
					{
						"time": 1.3333,
						"x": 0,
						"y": 0,
						"curve": [ 0.25, 0, 0.75, 1 ]
					},
					{ "time": 2.6666, "x": 0, "y": 11.41 }
				]
			},
			"yanchen1": {
				"translate": [
					{ "time": 0, "x": -4.74, "y": -31.67 },
					{ "time": 2.6666, "x": 110.25, "y": -31.67 }
				],
				"scale": [
					{ "time": 0, "x": 0.832, "y": 0.832, "curve": "stepped" },
					{ "time": 2.6666, "x": 0.832, "y": 0.832 }
				]
			},
			"yanchen2": {
				"translate": [
					{ "time": 0, "x": -119.74, "y": -31.67 },
					{ "time": 2.6666, "x": -4.74, "y": -31.67 }
				],
				"scale": [
					{ "time": 0, "x": 0.832, "y": 0.832, "curve": "stepped" },
					{ "time": 2.6666, "x": 0.832, "y": 0.832 }
				]
			},
			"touying": {
				"translate": [
					{ "time": 0, "x": 0, "y": -167.85, "curve": "stepped" },
					{ "time": 2.6666, "x": 0, "y": -167.85 }
				],
				"scale": [
					{
						"time": 0,
						"x": 1.533,
						"y": 0.548,
						"curve": [ 0.25, 0, 0.75, 1 ]
					},
					{
						"time": 1.3333,
						"x": 2.106,
						"y": 0.753,
						"curve": [ 0.25, 0, 0.75, 1 ]
					},
					{ "time": 2.6666, "x": 1.533, "y": 0.548 }
				]
			},
			"yanchen3": {
				"translate": [
					{ "time": 0.8333, "x": 6.26, "y": -119.02 }
				],
				"scale": [
					{ "time": 0.8333, "x": 0.469, "y": 0.469 },
					{ "time": 1.9666, "x": 1.436, "y": 1.436 }
				]
			}
		}
	}
}
}