{"skeleton":{"hash":"9JSZEIjrPcdNRMJIqkm388OnC9w","spine":"3.7.94","width":450,"height":450,"images":"","audio":""},"bones":[{"name":"root"},{"name":"bone","parent":"root","x":-5.47,"y":-56,"scaleX":2,"scaleY":2},{"name":"bone2","parent":"root","x":1,"y":1,"scaleX":0.9,"scaleY":0.9}],"slots":[{"name":"yz_0_","bone":"bone","color":"ffffff93","attachment":"yz_0_"},{"name":"Bx02_000_","bone":"bone2","attachment":"Bx02_000_"},{"name":"Bx02_001_","bone":"bone2","attachment":"Bx02_001_"},{"name":"Bx02_003_","bone":"bone2","attachment":"Bx02_003_"},{"name":"Bx02_004_","bone":"bone2","attachment":"Bx02_004_"},{"name":"Bx02_006_","bone":"bone2","attachment":"Bx02_006_"},{"name":"Bx02_007_","bone":"bone2","attachment":"Bx02_007_"},{"name":"Bx02_009_","bone":"bone2","attachment":"Bx02_009_"},{"name":"Bx02_010_","bone":"bone2","attachment":"Bx02_010_"},{"name":"Bx02_012_","bone":"bone2","attachment":"Bx02_012_"},{"name":"Bx02_013_","bone":"bone2","attachment":"Bx02_013_"},{"name":"Bx02_015_","bone":"bone2","attachment":"Bx02_015_"},{"name":"Bx02_016_","bone":"bone2","attachment":"Bx02_016_"},{"name":"Bx02_018_","bone":"bone2","attachment":"Bx02_018_"},{"name":"Bx02_019_","bone":"bone2","attachment":"Bx02_019_"},{"name":"Bx02_021_","bone":"bone2","attachment":"Bx02_021_"},{"name":"Bx02_022_","bone":"bone2","attachment":"Bx02_022_"},{"name":"Bx02_024_","bone":"bone2","attachment":"Bx02_024_"},{"name":"Bx02_025_","bone":"bone2","attachment":"Bx02_025_"},{"name":"Bx02_027_","bone":"bone2","attachment":"Bx02_027_"},{"name":"Bx02_028_","bone":"bone2","attachment":"Bx02_028_"}],"skins":{"default":{"Bx02_000_":{"Bx02_000_":{"x":-1,"y":55,"width":500,"height":500}},"Bx02_001_":{"Bx02_001_":{"x":-1,"y":55,"width":500,"height":500}},"Bx02_003_":{"Bx02_003_":{"x":-1,"y":55,"width":500,"height":500}},"Bx02_004_":{"Bx02_004_":{"x":-1,"y":55,"width":500,"height":500}},"Bx02_006_":{"Bx02_006_":{"x":-1,"y":55,"width":500,"height":500}},"Bx02_007_":{"Bx02_007_":{"x":-1,"y":55,"width":500,"height":500}},"Bx02_009_":{"Bx02_009_":{"x":-1,"y":55,"width":500,"height":500}},"Bx02_010_":{"Bx02_010_":{"x":-1,"y":55,"width":500,"height":500}},"Bx02_012_":{"Bx02_012_":{"x":-1,"y":55,"width":500,"height":500}},"Bx02_013_":{"Bx02_013_":{"x":-1,"y":55,"width":500,"height":500}},"Bx02_015_":{"Bx02_015_":{"x":-1,"y":55,"width":500,"height":500}},"Bx02_016_":{"Bx02_016_":{"x":-1,"y":55,"width":500,"height":500}},"Bx02_018_":{"Bx02_018_":{"x":-1,"y":55,"width":500,"height":500}},"Bx02_019_":{"Bx02_019_":{"x":-1,"y":55,"width":500,"height":500}},"Bx02_021_":{"Bx02_021_":{"x":-1,"y":55,"width":500,"height":500}},"Bx02_022_":{"Bx02_022_":{"x":-1,"y":55,"width":500,"height":500}},"Bx02_024_":{"Bx02_024_":{"x":-1,"y":55,"width":500,"height":500}},"Bx02_025_":{"Bx02_025_":{"x":-1,"y":55,"width":500,"height":500}},"Bx02_027_":{"Bx02_027_":{"x":-1,"y":55,"width":500,"height":500}},"Bx02_028_":{"Bx02_028_":{"x":-1,"y":55,"width":500,"height":500}},"yz_0_":{"yz_0_":{"x":-0.5,"y":55.5,"width":85,"height":85}}}},"animations":{"dj":{"slots":{"Bx02_000_":{"attachment":[{"time":0.0333,"name":null}]},"Bx02_001_":{"attachment":[{"time":0,"name":null},{"time":0.0333,"name":"Bx02_001_"},{"time":0.0667,"name":null}]},"Bx02_003_":{"attachment":[{"time":0,"name":null},{"time":0.0667,"name":"Bx02_003_"},{"time":0.1333,"name":null}]},"Bx02_004_":{"attachment":[{"time":0,"name":null},{"time":0.1333,"name":"Bx02_004_"},{"time":0.1667,"name":null}]},"Bx02_006_":{"attachment":[{"time":0,"name":null},{"time":0.1667,"name":"Bx02_006_"},{"time":0.2,"name":null}]},"Bx02_007_":{"attachment":[{"time":0,"name":null},{"time":0.2,"name":"Bx02_007_"},{"time":0.2333,"name":null}]},"Bx02_009_":{"attachment":[{"time":0,"name":null},{"time":0.2333,"name":"Bx02_009_"},{"time":0.3,"name":null}]},"Bx02_010_":{"attachment":[{"time":0,"name":null},{"time":0.3,"name":"Bx02_010_"},{"time":0.3333,"name":null}]},"Bx02_012_":{"attachment":[{"time":0,"name":null},{"time":0.3333,"name":"Bx02_012_"},{"time":0.3667,"name":null}]},"Bx02_013_":{"attachment":[{"time":0,"name":null},{"time":0.3667,"name":"Bx02_013_"},{"time":0.4,"name":null}]},"Bx02_015_":{"attachment":[{"time":0,"name":null},{"time":0.4,"name":"Bx02_015_"},{"time":0.4333,"name":null}]},"Bx02_016_":{"attachment":[{"time":0,"name":null},{"time":0.4333,"name":"Bx02_016_"},{"time":0.5,"name":null}]},"Bx02_018_":{"attachment":[{"time":0,"name":null},{"time":0.5,"name":"Bx02_018_"},{"time":0.5333,"name":null}]},"Bx02_019_":{"attachment":[{"time":0,"name":null},{"time":0.5333,"name":"Bx02_019_"},{"time":0.5667,"name":null}]},"Bx02_021_":{"attachment":[{"time":0,"name":null},{"time":0.5667,"name":"Bx02_021_"},{"time":0.6,"name":null}]},"Bx02_022_":{"attachment":[{"time":0,"name":null},{"time":0.6,"name":"Bx02_022_"},{"time":0.6333,"name":null}]},"Bx02_024_":{"attachment":[{"time":0,"name":null},{"time":0.6333,"name":"Bx02_024_"},{"time":0.7,"name":null}]},"Bx02_025_":{"attachment":[{"time":0,"name":null},{"time":0.7,"name":"Bx02_025_"},{"time":0.7333,"name":null}]},"Bx02_027_":{"attachment":[{"time":0,"name":null},{"time":0.7333,"name":"Bx02_027_"},{"time":0.7667,"name":null}]},"Bx02_028_":{"attachment":[{"time":0,"name":null},{"time":0.7667,"name":"Bx02_028_"},{"time":0.8,"name":null}]}}}}}