{
"skeleton": { "hash": "oFmXapj7HmVIOX0qPGbXwvT//H8", "spine": "3.7.94", "width": 0, "height": 0 },
"bones": [
	{ "name": "root" },
	{ "name": "dj", "parent": "root" },
	{ "name": "gj", "parent": "root" },
	{ "name": "bone", "parent": "dj" },
	{ "name": "gj2", "parent": "gj" }
],
"slots": [
	{ "name": "yz_0_", "bone": "bone" },
	{ "name": "yz_0_2", "bone": "gj2", "color": "ffffffa1" },
	{ "name": "Bx_dj_0000_", "bone": "dj" },
	{ "name": "Bx_dj_0001_", "bone": "dj" },
	{ "name": "Bx_dj_0002_", "bone": "dj" },
	{ "name": "Bx_dj_0003_", "bone": "dj" },
	{ "name": "Bx_dj_0004_", "bone": "dj" },
	{ "name": "Bx_dj_0005_", "bone": "dj" },
	{ "name": "Bx_dj_0006_", "bone": "dj" },
	{ "name": "Bx_dj_0007_", "bone": "dj" },
	{ "name": "Bx_dj_0008_", "bone": "dj" },
	{ "name": "Bx_dj_0009_", "bone": "dj" },
	{ "name": "Bx_dj_0010_", "bone": "dj" },
	{ "name": "Bx_dj_0011_", "bone": "dj" },
	{ "name": "Bx_dj_0012_", "bone": "dj" },
	{ "name": "Bx_dj_0013_", "bone": "dj" },
	{ "name": "Bx_dj_0014_", "bone": "dj" },
	{ "name": "Bx_gj_0000_", "bone": "gj" },
	{ "name": "Bx_gj_0001_", "bone": "gj" },
	{ "name": "Bx_gj_0002_", "bone": "gj" },
	{ "name": "Bx_gj_0003_", "bone": "gj" },
	{ "name": "Bx_gj_0004_", "bone": "gj" },
	{ "name": "Bx_gj_0005_", "bone": "gj" },
	{ "name": "Bx_gj_0006_", "bone": "gj" },
	{ "name": "Bx_gj_0007_", "bone": "gj" },
	{ "name": "Bx_gj_0008_", "bone": "gj" },
	{ "name": "Bx_gj_0009_", "bone": "gj" },
	{ "name": "Bx_gj_0010_", "bone": "gj" },
	{ "name": "Bx_gj_0011_", "bone": "gj" },
	{ "name": "Bx_gj_0012_", "bone": "gj" },
	{ "name": "Bx_gj_0013_", "bone": "gj" },
	{ "name": "Bx_gj_0014_", "bone": "gj" },
	{ "name": "Bx_gj_0015_", "bone": "gj" },
	{ "name": "Bx_gj_0016_", "bone": "gj" },
	{ "name": "Bx_gj_0017_", "bone": "gj" },
	{ "name": "Bx_gj_0018_", "bone": "gj" },
	{ "name": "Bx_gj_0019_", "bone": "gj" },
	{ "name": "Bx_gj_0020_", "bone": "gj" },
	{ "name": "Bx_gj_0021_", "bone": "gj" },
	{ "name": "Bx_gj_0022_", "bone": "gj" },
	{ "name": "Bx_gj_0023_", "bone": "gj" },
	{ "name": "Bx_gj_0024_", "bone": "gj" },
	{ "name": "Bx_gj_0025_", "bone": "gj" },
	{ "name": "Bx_gj_0026_", "bone": "gj" },
	{ "name": "Bx_gj_0027_", "bone": "gj" },
	{ "name": "Bx_gj_0028_", "bone": "gj" },
	{ "name": "Bx_gj_0029_", "bone": "gj" },
	{ "name": "Bx_gj_0030_", "bone": "gj" }
],
"skins": {
	"default": {
		"Bx_dj_0000_": {
			"Bx_dj_0000_": { "width": 240, "height": 240 }
		},
		"Bx_dj_0001_": {
			"Bx_dj_0001_": { "width": 240, "height": 240 }
		},
		"Bx_dj_0002_": {
			"Bx_dj_0002_": { "width": 240, "height": 240 }
		},
		"Bx_dj_0003_": {
			"Bx_dj_0003_": { "width": 240, "height": 240 }
		},
		"Bx_dj_0004_": {
			"Bx_dj_0004_": { "width": 240, "height": 240 }
		},
		"Bx_dj_0005_": {
			"Bx_dj_0005_": { "width": 240, "height": 240 }
		},
		"Bx_dj_0006_": {
			"Bx_dj_0006_": { "width": 240, "height": 240 }
		},
		"Bx_dj_0007_": {
			"Bx_dj_0007_": { "width": 240, "height": 240 }
		},
		"Bx_dj_0008_": {
			"Bx_dj_0008_": { "width": 240, "height": 240 }
		},
		"Bx_dj_0009_": {
			"Bx_dj_0009_": { "width": 240, "height": 240 }
		},
		"Bx_dj_0010_": {
			"Bx_dj_0010_": { "width": 240, "height": 240 }
		},
		"Bx_dj_0011_": {
			"Bx_dj_0011_": { "width": 240, "height": 240 }
		},
		"Bx_dj_0012_": {
			"Bx_dj_0012_": { "width": 240, "height": 240 }
		},
		"Bx_dj_0013_": {
			"Bx_dj_0013_": { "width": 240, "height": 240 }
		},
		"Bx_dj_0014_": {
			"Bx_dj_0014_": { "width": 240, "height": 240 }
		},
		"Bx_gj_0000_": {
			"Bx_gj_0000_": { "width": 240, "height": 240 }
		},
		"Bx_gj_0001_": {
			"Bx_gj_0001_": { "width": 240, "height": 240 }
		},
		"Bx_gj_0002_": {
			"Bx_gj_0002_": { "width": 240, "height": 240 }
		},
		"Bx_gj_0003_": {
			"Bx_gj_0003_": { "width": 240, "height": 240 }
		},
		"Bx_gj_0004_": {
			"Bx_gj_0004_": { "width": 240, "height": 240 }
		},
		"Bx_gj_0005_": {
			"Bx_gj_0005_": { "width": 240, "height": 240 }
		},
		"Bx_gj_0006_": {
			"Bx_gj_0006_": { "width": 240, "height": 240 }
		},
		"Bx_gj_0007_": {
			"Bx_gj_0007_": { "width": 240, "height": 240 }
		},
		"Bx_gj_0008_": {
			"Bx_gj_0008_": { "width": 240, "height": 240 }
		},
		"Bx_gj_0009_": {
			"Bx_gj_0009_": { "width": 240, "height": 240 }
		},
		"Bx_gj_0010_": {
			"Bx_gj_0010_": { "width": 240, "height": 240 }
		},
		"Bx_gj_0011_": {
			"Bx_gj_0011_": { "width": 240, "height": 240 }
		},
		"Bx_gj_0012_": {
			"Bx_gj_0012_": { "width": 240, "height": 240 }
		},
		"Bx_gj_0013_": {
			"Bx_gj_0013_": { "width": 240, "height": 240 }
		},
		"Bx_gj_0014_": {
			"Bx_gj_0014_": { "width": 240, "height": 240 }
		},
		"Bx_gj_0015_": {
			"Bx_gj_0015_": { "width": 240, "height": 240 }
		},
		"Bx_gj_0016_": {
			"Bx_gj_0016_": { "width": 240, "height": 240 }
		},
		"Bx_gj_0017_": {
			"Bx_gj_0017_": { "width": 240, "height": 240 }
		},
		"Bx_gj_0018_": {
			"Bx_gj_0018_": { "width": 240, "height": 240 }
		},
		"Bx_gj_0019_": {
			"Bx_gj_0019_": { "width": 240, "height": 240 }
		},
		"Bx_gj_0020_": {
			"Bx_gj_0020_": { "width": 240, "height": 240 }
		},
		"Bx_gj_0021_": {
			"Bx_gj_0021_": { "width": 240, "height": 240 }
		},
		"Bx_gj_0022_": {
			"Bx_gj_0022_": { "width": 240, "height": 240 }
		},
		"Bx_gj_0023_": {
			"Bx_gj_0023_": { "width": 240, "height": 240 }
		},
		"Bx_gj_0024_": {
			"Bx_gj_0024_": { "width": 240, "height": 240 }
		},
		"Bx_gj_0025_": {
			"Bx_gj_0025_": { "width": 240, "height": 240 }
		},
		"Bx_gj_0026_": {
			"Bx_gj_0026_": { "width": 240, "height": 240 }
		},
		"Bx_gj_0027_": {
			"Bx_gj_0027_": { "width": 240, "height": 240 }
		},
		"Bx_gj_0028_": {
			"Bx_gj_0028_": { "width": 240, "height": 240 }
		},
		"Bx_gj_0029_": {
			"Bx_gj_0029_": { "width": 240, "height": 240 }
		},
		"Bx_gj_0030_": {
			"Bx_gj_0030_": { "width": 240, "height": 240 }
		},
		"yz_0_": {
			"yz_0_": { "x": 0.5, "y": 0.5, "width": 85, "height": 85 }
		},
		"yz_0_2": {
			"yz_0_": { "x": 0.5, "y": 0.5, "width": 85, "height": 85 }
		}
	}
},
"animations": {
	"dj": {
		"slots": {
			"Bx_dj_0000_": {
				"attachment": [
					{ "time": 0, "name": "Bx_dj_0000_" },
					{ "time": 0.0667, "name": null }
				]
			},
			"Bx_dj_0001_": {
				"attachment": [
					{ "time": 0.0667, "name": "Bx_dj_0001_" },
					{ "time": 0.1333, "name": null }
				]
			},
			"Bx_dj_0002_": {
				"attachment": [
					{ "time": 0.1333, "name": "Bx_dj_0002_" },
					{ "time": 0.2, "name": null }
				]
			},
			"Bx_dj_0003_": {
				"attachment": [
					{ "time": 0.2, "name": "Bx_dj_0003_" },
					{ "time": 0.2667, "name": null }
				]
			},
			"Bx_dj_0004_": {
				"attachment": [
					{ "time": 0.2667, "name": "Bx_dj_0004_" },
					{ "time": 0.3333, "name": null }
				]
			},
			"Bx_dj_0005_": {
				"attachment": [
					{ "time": 0.3333, "name": "Bx_dj_0005_" },
					{ "time": 0.4, "name": null }
				]
			},
			"Bx_dj_0006_": {
				"attachment": [
					{ "time": 0.4, "name": "Bx_dj_0006_" },
					{ "time": 0.4667, "name": null }
				]
			},
			"Bx_dj_0007_": {
				"attachment": [
					{ "time": 0.4667, "name": "Bx_dj_0007_" },
					{ "time": 0.5333, "name": null }
				]
			},
			"Bx_dj_0008_": {
				"attachment": [
					{ "time": 0.5333, "name": "Bx_dj_0008_" },
					{ "time": 0.6, "name": null }
				]
			},
			"Bx_dj_0009_": {
				"attachment": [
					{ "time": 0.6, "name": "Bx_dj_0009_" },
					{ "time": 0.6667, "name": null }
				]
			},
			"Bx_dj_0010_": {
				"attachment": [
					{ "time": 0.6667, "name": "Bx_dj_0010_" },
					{ "time": 0.7333, "name": null }
				]
			},
			"Bx_dj_0011_": {
				"attachment": [
					{ "time": 0.7333, "name": "Bx_dj_0011_" },
					{ "time": 0.8, "name": null }
				]
			},
			"Bx_dj_0012_": {
				"attachment": [
					{ "time": 0.8, "name": "Bx_dj_0012_" },
					{ "time": 0.8667, "name": null }
				]
			},
			"Bx_dj_0013_": {
				"attachment": [
					{ "time": 0.8667, "name": "Bx_dj_0013_" },
					{ "time": 0.9333, "name": null }
				]
			},
			"Bx_dj_0014_": {
				"attachment": [
					{ "time": 0.9333, "name": "Bx_dj_0014_" },
					{ "time": 1, "name": null }
				]
			},
			"yz_0_": {
				"attachment": [
					{ "time": 0, "name": "yz_0_" }
				]
			}
		},
		"bones": {
			"dj": {
				"translate": [
					{ "time": 0, "x": 0, "y": 60 }
				]
			},
			"bone": {
				"translate": [
					{ "time": 0, "x": -1, "y": -33 }
				],
				"scale": [
					{ "time": 0, "x": 1.3, "y": 1 }
				]
			}
		}
	},
	"gj": {
		"slots": {
			"Bx_gj_0000_": {
				"attachment": [
					{ "time": 0, "name": "Bx_gj_0000_" },
					{ "time": 0.0667, "name": null }
				]
			},
			"Bx_gj_0001_": {
				"attachment": [
					{ "time": 0.0667, "name": "Bx_gj_0001_" },
					{ "time": 0.1333, "name": null }
				]
			},
			"Bx_gj_0002_": {
				"attachment": [
					{ "time": 0.1333, "name": "Bx_gj_0002_" },
					{ "time": 0.2, "name": null }
				]
			},
			"Bx_gj_0003_": {
				"attachment": [
					{ "time": 0.2, "name": "Bx_gj_0003_" },
					{ "time": 0.2667, "name": null }
				]
			},
			"Bx_gj_0004_": {
				"attachment": [
					{ "time": 0.2667, "name": "Bx_gj_0004_" },
					{ "time": 0.3333, "name": null }
				]
			},
			"Bx_gj_0005_": {
				"attachment": [
					{ "time": 0.3333, "name": "Bx_gj_0005_" },
					{ "time": 0.4, "name": null }
				]
			},
			"Bx_gj_0006_": {
				"attachment": [
					{ "time": 0.4, "name": "Bx_gj_0006_" },
					{ "time": 0.4667, "name": null }
				]
			},
			"Bx_gj_0007_": {
				"attachment": [
					{ "time": 0.4667, "name": "Bx_gj_0007_" },
					{ "time": 0.5333, "name": null }
				]
			},
			"Bx_gj_0008_": {
				"attachment": [
					{ "time": 0.5333, "name": "Bx_gj_0008_" },
					{ "time": 0.6, "name": null }
				]
			},
			"Bx_gj_0009_": {
				"attachment": [
					{ "time": 0.6, "name": "Bx_gj_0009_" },
					{ "time": 0.6667, "name": null }
				]
			},
			"Bx_gj_0010_": {
				"attachment": [
					{ "time": 0.6667, "name": "Bx_gj_0010_" },
					{ "time": 0.7333, "name": null }
				]
			},
			"Bx_gj_0011_": {
				"attachment": [
					{ "time": 0.7333, "name": "Bx_gj_0011_" },
					{ "time": 0.8, "name": null }
				]
			},
			"Bx_gj_0012_": {
				"attachment": [
					{ "time": 0.8, "name": "Bx_gj_0012_" },
					{ "time": 0.8667, "name": null }
				]
			},
			"Bx_gj_0013_": {
				"attachment": [
					{ "time": 0.8667, "name": "Bx_gj_0013_" },
					{ "time": 0.9333, "name": null }
				]
			},
			"Bx_gj_0014_": {
				"attachment": [
					{ "time": 0.9333, "name": "Bx_gj_0014_" },
					{ "time": 1, "name": null }
				]
			},
			"Bx_gj_0015_": {
				"attachment": [
					{ "time": 1, "name": "Bx_gj_0015_" },
					{ "time": 1.0667, "name": null }
				]
			},
			"Bx_gj_0016_": {
				"attachment": [
					{ "time": 1.0667, "name": "Bx_gj_0016_" },
					{ "time": 1.1333, "name": null }
				]
			},
			"Bx_gj_0017_": {
				"attachment": [
					{ "time": 1.1333, "name": "Bx_gj_0017_" },
					{ "time": 1.2, "name": null }
				]
			},
			"Bx_gj_0018_": {
				"attachment": [
					{ "time": 1.2, "name": "Bx_gj_0018_" },
					{ "time": 1.2667, "name": null }
				]
			},
			"Bx_gj_0019_": {
				"attachment": [
					{ "time": 1.2667, "name": "Bx_gj_0019_" },
					{ "time": 1.3333, "name": null }
				]
			},
			"Bx_gj_0020_": {
				"attachment": [
					{ "time": 1.3333, "name": "Bx_gj_0020_" },
					{ "time": 1.4, "name": null }
				]
			},
			"Bx_gj_0021_": {
				"attachment": [
					{ "time": 1.4, "name": "Bx_gj_0021_" },
					{ "time": 1.4667, "name": null }
				]
			},
			"Bx_gj_0022_": {
				"attachment": [
					{ "time": 1.4667, "name": "Bx_gj_0022_" },
					{ "time": 1.5333, "name": null }
				]
			},
			"Bx_gj_0023_": {
				"attachment": [
					{ "time": 1.5333, "name": "Bx_gj_0023_" },
					{ "time": 1.6, "name": null }
				]
			},
			"Bx_gj_0024_": {
				"attachment": [
					{ "time": 1.6, "name": "Bx_gj_0024_" },
					{ "time": 1.6667, "name": null }
				]
			},
			"Bx_gj_0025_": {
				"attachment": [
					{ "time": 1.6667, "name": "Bx_gj_0025_" },
					{ "time": 1.7333, "name": null }
				]
			},
			"Bx_gj_0026_": {
				"attachment": [
					{ "time": 1.7333, "name": "Bx_gj_0026_" },
					{ "time": 1.8, "name": null }
				]
			},
			"Bx_gj_0027_": {
				"attachment": [
					{ "time": 1.8, "name": "Bx_gj_0027_" },
					{ "time": 1.8667, "name": null }
				]
			},
			"Bx_gj_0028_": {
				"attachment": [
					{ "time": 1.8667, "name": "Bx_gj_0028_" },
					{ "time": 1.9333, "name": null }
				]
			},
			"Bx_gj_0029_": {
				"attachment": [
					{ "time": 1.9333, "name": "Bx_gj_0029_" },
					{ "time": 2, "name": null }
				]
			},
			"Bx_gj_0030_": {
				"attachment": [
					{ "time": 2, "name": "Bx_gj_0030_" },
					{ "time": 2.0667, "name": null }
				]
			},
			"yz_0_2": {
				"attachment": [
					{ "time": 0, "name": "yz_0_" }
				]
			}
		},
		"bones": {
			"gj": {
				"translate": [
					{ "time": 0, "x": 0, "y": 53.15 }
				]
			},
			"gj2": {
				"translate": [
					{ "time": 0, "x": 0, "y": -33.37 }
				],
				"scale": [
					{ "time": 0, "x": 1.5, "y": 1 }
				]
			}
		}
	}
}
}