{"skeleton":{"hash":"eUBMYjbP5mY1ADwJxpHBQmo63Sc","spine":"3.7.94","width":279.81,"height":108,"images":"./images/","audio":"E:/铭牌和头像框/貂蝉/貂蝉铭牌和头像框_提交/铭牌/貂蝉铭牌270spine/images"},"bones":[{"name":"root"},{"name":"ren","parent":"root","x":-77.15,"y":-29.13},{"name":"sd2","parent":"ren","x":77.15,"y":29.13},{"name":"yun_a_1","parent":"root","x":-72.71,"y":-30.19},{"name":"yun_a_2","parent":"root","x":-72.71,"y":-30.19},{"name":"yun_d","parent":"root","x":-1.38,"y":-4.59},{"name":"yun_b","parent":"root","x":-98.06,"y":-12.57},{"name":"yun_c","parent":"root","x":86.41,"y":-9.76},{"name":"fa","parent":"ren","x":-2.66,"y":39.68},{"name":"fa2","parent":"fa","length":13.27,"rotation":-45.82,"x":2.39,"y":-0.02},{"name":"fa3","parent":"fa2","length":10.76,"rotation":-4.74,"x":13.27},{"name":"fa4","parent":"fa3","length":12.64,"rotation":-7.43,"x":10.76},{"name":"fa5","parent":"fa4","length":12.18,"rotation":-2.34,"x":12.64},{"name":"fa6","parent":"fa5","length":7.91,"rotation":-1.37,"x":12.18},{"name":"fa7","parent":"fa6","length":8.82,"rotation":-4.07,"x":7.91},{"name":"dai","parent":"ren","x":-6.44,"y":22.67},{"name":"dai1","parent":"dai","x":0.29,"y":5.83},{"name":"dai2","parent":"dai","x":8.74,"y":-9.16},{"name":"dai1_2","parent":"dai1","length":21,"rotation":-141.67,"x":-0.02,"y":-2.23},{"name":"dai1_3","parent":"dai1_2","length":14.38,"rotation":3.43,"x":21},{"name":"dai1_4","parent":"dai1_3","length":8.73,"rotation":-3.89,"x":14.38},{"name":"dai1_5","parent":"dai1_4","length":10.67,"rotation":-16.84,"x":8.73},{"name":"dai1_6","parent":"dai1_5","length":9.33,"rotation":-1.86,"x":10.67},{"name":"dai3","parent":"dai2","length":34.53,"rotation":17.82,"x":3.85,"y":-0.36},{"name":"dai4","parent":"dai3","length":21.21,"rotation":23.81,"x":34.53},{"name":"dai5","parent":"dai4","length":21.93,"rotation":-26.11,"x":21.21},{"name":"dai6","parent":"dai5","length":14.72,"rotation":-39.02,"x":21.93},{"name":"dai7","parent":"dai6","length":16.93,"rotation":-10.19,"x":14.72},{"name":"ren2","parent":"ren","length":41.28,"rotation":113.84,"x":9.31,"y":-8.45},{"name":"ren3","parent":"ren2","length":52.34,"rotation":-5.25,"x":41.28},{"name":"di_liang","parent":"root"},{"name":"guangqiu1","parent":"root"},{"name":"guangqiu2","parent":"root"},{"name":"yif","parent":"ren","x":-18.25,"y":61.09},{"name":"sd1","parent":"ren","x":77.15,"y":29.13},{"name":"huaban1_1","parent":"root"},{"name":"huaban1_2","parent":"root"},{"name":"huaban1_3","parent":"root"},{"name":"huaban1_4","parent":"root"},{"name":"huaban1_5","parent":"root"},{"name":"xx","parent":"root","x":-9.35,"y":7.02}],"slots":[{"name":"yun_d","bone":"yun_d","attachment":"yun_d_"},{"name":"yun_c","bone":"yun_c","attachment":"yun_c_"},{"name":"yun_b_","bone":"yun_b","attachment":"yun_b_"},{"name":"di_","bone":"root","attachment":"di_"},{"name":"guangqiu2_","bone":"guangqiu2","blend":"additive"},{"name":"guagnqiu1_","bone":"guangqiu1","blend":"additive"},{"name":"dai2_","bone":"dai2","attachment":"dai2_"},{"name":"fa_","bone":"fa","attachment":"fa_"},{"name":"dai1_","bone":"dai1","attachment":"dai1_"},{"name":"ren_","bone":"ren","attachment":"ren_"},{"name":"di_liang_","bone":"di_liang","blend":"screen"},{"name":"yun_a_1","bone":"yun_a_1","attachment":"yun_a_"},{"name":"yun_a_2","bone":"yun_a_2"},{"name":"yifushan0_","bone":"yif","blend":"additive"},{"name":"yifushan1_","bone":"yif","blend":"additive"},{"name":"yifushan2_","bone":"yif","blend":"additive"},{"name":"yifushan3_","bone":"yif","blend":"additive"},{"name":"sdsg1_0_","bone":"sd1","blend":"additive"},{"name":"sdsg1_1_","bone":"sd1","blend":"additive"},{"name":"sdsg1_2_","bone":"sd1","blend":"additive"},{"name":"sdsg1_3_","bone":"sd1","blend":"additive"},{"name":"sdsg1_4_","bone":"sd1","blend":"additive"},{"name":"sdsg1_5_","bone":"sd1","blend":"additive"},{"name":"sdsg1_6_","bone":"sd1","blend":"additive"},{"name":"sdsg2_0_","bone":"sd2","blend":"additive"},{"name":"sdsg2_1_","bone":"sd2","blend":"additive"},{"name":"sdsg2_2_","bone":"sd2","blend":"additive"},{"name":"sdsg2_3_","bone":"sd2","blend":"additive"},{"name":"sdsg2_4_","bone":"sd2","blend":"additive"},{"name":"huab1_0_","bone":"huaban1_1"},{"name":"huab1_0_5","bone":"huaban1_5"},{"name":"huab1_0_4","bone":"huaban1_4","blend":"screen"},{"name":"huab1_0_2","bone":"huaban1_2"},{"name":"huab1_0_3","bone":"huaban1_3"},{"name":"huab1_1_","bone":"huaban1_1"},{"name":"huab1_1_5","bone":"huaban1_5"},{"name":"huab1_1_4","bone":"huaban1_4","blend":"screen"},{"name":"huab1_1_2","bone":"huaban1_2"},{"name":"huab1_1_3","bone":"huaban1_3"},{"name":"huab1_2_","bone":"huaban1_1"},{"name":"huab1_2_5","bone":"huaban1_5"},{"name":"huab1_2_4","bone":"huaban1_4","blend":"screen"},{"name":"huab1_2_2","bone":"huaban1_2"},{"name":"huab1_2_3","bone":"huaban1_3"},{"name":"huab1_3_","bone":"huaban1_1"},{"name":"huab1_3_5","bone":"huaban1_5"},{"name":"huab1_3_4","bone":"huaban1_4","blend":"screen"},{"name":"huab1_3_2","bone":"huaban1_2"},{"name":"huab1_3_3","bone":"huaban1_3"},{"name":"huab1_4_","bone":"huaban1_1"},{"name":"huab1_4_5","bone":"huaban1_5"},{"name":"huab1_4_4","bone":"huaban1_4","blend":"screen"},{"name":"huab1_4_2","bone":"huaban1_2"},{"name":"huab1_4_3","bone":"huaban1_3"},{"name":"huab1_5_","bone":"huaban1_1"},{"name":"huab1_5_5","bone":"huaban1_5"},{"name":"huab1_5_4","bone":"huaban1_4","blend":"screen"},{"name":"huab1_5_2","bone":"huaban1_2"},{"name":"huab1_5_3","bone":"huaban1_3"},{"name":"huab1_6_","bone":"huaban1_1"},{"name":"huab1_6_5","bone":"huaban1_5"},{"name":"huab1_6_4","bone":"huaban1_4","blend":"screen"},{"name":"huab1_6_2","bone":"huaban1_2"},{"name":"huab1_6_3","bone":"huaban1_3"},{"name":"huab1_7_","bone":"huaban1_1"},{"name":"huab1_7_5","bone":"huaban1_5"},{"name":"huab1_7_4","bone":"huaban1_4","blend":"screen"},{"name":"huab1_7_2","bone":"huaban1_2"},{"name":"huab1_7_3","bone":"huaban1_3"},{"name":"x_00_","bone":"xx","blend":"additive"},{"name":"x_01_","bone":"xx","blend":"additive"},{"name":"x_02_","bone":"xx","blend":"additive"},{"name":"x_03_","bone":"xx","blend":"additive"},{"name":"x_04_","bone":"xx","blend":"additive"},{"name":"x_05_","bone":"xx","blend":"additive"},{"name":"x_06_","bone":"xx","blend":"additive"},{"name":"x_07_","bone":"xx","blend":"additive"},{"name":"x_08_","bone":"xx","blend":"additive"},{"name":"x_09_","bone":"xx","blend":"additive"},{"name":"x_15_","bone":"xx","blend":"additive"},{"name":"x_16_","bone":"xx","blend":"additive"},{"name":"x_17_","bone":"xx","blend":"additive"},{"name":"x_18_","bone":"xx","blend":"additive"},{"name":"x_19_","bone":"xx","blend":"additive"},{"name":"xx_01_","bone":"xx","blend":"additive"},{"name":"xx_02_","bone":"xx","blend":"additive"},{"name":"xx_03_","bone":"xx","blend":"additive"},{"name":"xx_04_","bone":"xx","blend":"additive"},{"name":"xx_05_","bone":"xx","blend":"additive"},{"name":"xx_06_","bone":"xx","blend":"additive"},{"name":"xx_07_","bone":"xx","blend":"additive"},{"name":"xx_08_","bone":"xx","blend":"additive"},{"name":"xx_09_","bone":"xx","blend":"additive"},{"name":"xx_10_","bone":"xx","blend":"additive"},{"name":"xx_11_","bone":"xx","blend":"additive"},{"name":"xx_12_","bone":"xx","blend":"additive"},{"name":"xx_13_","bone":"xx","blend":"additive"},{"name":"xx_14_","bone":"xx","blend":"additive"},{"name":"xx_15_","bone":"xx","blend":"additive"},{"name":"xx_16_","bone":"xx","blend":"additive"},{"name":"xx_17_","bone":"xx","blend":"additive"},{"name":"xx_18_","bone":"xx","blend":"additive"},{"name":"xx_19_","bone":"xx","blend":"additive"}],"skins":{"default":{"dai1_":{"dai1_":{"type":"mesh","uvs":[1,0.23338,1,1,0.29411,1,0,1,0,0.68531,0,0,0.79807,0,1,0,0.40515,0.36849,0.84078,0.58281,0.21297,0.53622,0.71692,0.82042,0.93047,0.38713,0.61015,0.17281,0.52047,0.94622],"triangles":[10,2,4,4,2,3,4,5,10,2,14,1,10,14,2,14,10,11,14,11,1,11,9,1,9,12,1,10,8,11,11,8,9,8,13,9,9,13,12,10,5,8,8,5,13,13,5,6,12,0,1,12,13,0,13,6,0,6,7,0],"vertices":[2,18,10.13,2.68,0.99017,19,-10.68,3.33,0.00983,4,18,31.06,29.14,1.5E-4,19,11.78,28.49,0.6143,20,-4.52,28.25,0.2313,21,-20.86,23.2,0.15425,4,19,37.06,5.92,7.8E-4,20,22.23,7.45,0.00288,21,10.76,11.04,0.56835,22,-0.27,11.03,0.42798,1,22,13.07,6.4,1,3,19,38.37,-13.81,0.04783,21,18.97,-6.96,0.06846,22,8.52,-6.68,0.8837,4,18,41.42,-35.14,2.0E-5,19,18.29,-36.3,0.50914,21,8.14,-35.1,0.24315,22,-1.39,-35.16,0.24768,4,18,11.37,-11.38,0.8327,19,-10.29,-10.79,0.1528,21,-27.61,-21.35,0.00873,22,-37.57,-22.58,0.00577,1,18,3.77,-5.37,1,5,18,36.22,-10.36,0.00541,19,14.58,-11.25,0.60803,20,0.96,-11.21,0.0823,21,-4.19,-12.98,0.20696,22,-14.43,-13.46,0.0973,4,18,25.67,10,0.08853,19,5.26,9.71,0.81444,20,-9.75,9.07,0.06793,21,-20.32,3.32,0.0291,4,19,26.37,-11.89,0.1804,20,12.78,-11.05,0.01077,21,7.07,-9.41,0.46641,22,-3.29,-9.52,0.34242,4,18,36.81,14.52,1.1E-4,19,16.66,13.55,0.44895,20,1.36,13.67,0.31414,21,-11.02,10.95,0.2368,4,18,16.95,5.92,0.69134,19,-3.69,6.15,0.30523,20,-18.44,4.91,0.00282,21,-27.43,-3.17,6.1E-4,4,18,23.16,-11.01,0.27725,19,1.5,-11.12,0.64423,21,-16.46,-17.49,0.04791,22,-26.55,-18.36,0.03061,4,19,27.38,11.39,0.10135,20,12.2,12.25,0.19293,21,-0.23,12.73,0.68922,22,-11.31,12.37,0.0165],"hull":8,"edges":[6,8,8,10,10,12,12,14,2,0,0,14,4,6,2,4],"width":48,"height":44}},"dai2_":{"dai2_":{"type":"mesh","uvs":[0.99999,0.53908,1,0.75759,1,1,0.79293,1,0.55712,1,0.24121,0.99999,0.1264,1,0,1,0,0.74475,0,0,0.49519,1.0E-5,0.63893,0,1,0,0.22937,0.38245,0.64112,0.57929,0.43594,0.80702,0.10411,0.62283,0.34297,0.15199,0.9349,0.27686,0.76406,0.11453,0.85309,0.16448,0.53787,0.66394,0.33334,0.90118,0.13362,0.81378,0.25875,0.67018,0.37425,0.43294,0.52103,0.25189,0.64856,0.20818,0.75684,0.55156,0.79775,0.32056,0.87475,0.56405],"triangles":[20,19,12,18,20,12,29,19,20,29,20,18,0,18,12,30,29,18,30,28,29,29,14,26,18,0,30,29,28,14,30,0,1,3,4,21,3,14,28,28,1,3,1,28,30,3,21,14,3,1,2,19,11,12,27,11,19,27,10,11,27,19,29,17,9,10,27,26,10,17,10,26,29,26,27,14,25,26,13,9,17,25,13,17,26,25,17,21,25,14,24,13,25,24,25,21,16,13,24,15,24,21,22,24,15,23,24,22,15,21,4,22,15,4,5,22,4,16,9,13,16,8,9,23,16,24,8,16,23,5,23,22,7,8,23,6,7,23,5,6,23],"vertices":[1,27,24.6,4.78,1,1,27,29.08,-1.95,1,3,24,46.62,-58.34,2.0E-5,25,48.49,-41.2,0,27,34.06,-9.41,0.99997,4,24,31.76,-45.13,0.04622,25,29.34,-35.88,0.06324,26,28.35,-23.21,0.04872,27,17.52,-20.44,0.84181,4,24,14.84,-30.09,0.3732,25,7.53,-29.83,0.28058,26,7.59,-32.24,0.11557,27,-1.32,-32.99,0.23065,5,23,31.38,-12.26,0.73255,24,-7.83,-9.95,0.25639,25,-21.69,-21.71,0.00806,26,-20.22,-44.33,0.00103,27,-26.55,-49.82,0.00197,1,23,20.89,-8.89,1,2,23,9.34,-5.17,0.99982,24,-25.13,5.44,1.8E-4,2,23,12.23,3.82,0.98831,24,-18.86,12.5,0.01169,2,23,20.66,30.05,0.56594,24,-0.55,33.09,0.43406,1,25,11.7,7.42,1,2,25,25,3.72,0.24104,26,0.04,4.82,0.75896,1,27,13.54,21.38,1,2,23,37.29,9.84,0.19011,24,6.5,7.89,0.80989,4,24,31.21,-23.82,0.10985,25,19.46,-16.99,0.28266,26,8.78,-14.75,0.30648,27,-3.24,-15.57,0.30101,5,23,51.37,-11.18,0.00874,24,10.89,-17.03,0.66352,25,-1.77,-19.83,0.22252,26,-5.93,-30.33,0.04367,27,-14.96,-33.51,0.06154,2,23,23.12,5.05,0.92878,24,-8.39,9.23,0.07122,3,23,50.28,14.62,0.01391,24,20.32,7.01,0.75234,25,-3.88,5.91,0.23375,1,27,14.02,9.39,1,2,26,12.74,5.73,0.70298,27,-2.96,5.29,0.29702,2,26,21.32,7.44,0.06847,27,5.18,8.49,0.93153,4,24,21.72,-19.57,0.32115,25,9.08,-17.35,0.40948,26,0.94,-21.57,0.12976,27,-9.75,-23.67,0.1396,5,23,40.92,-11.49,0.19112,24,1.21,-13.09,0.71827,25,-12.19,-20.55,0.06423,26,-13.57,-37.45,0.01032,27,-21.22,-41.87,0.01607,1,23,23.66,-2.54,1,5,23,36.72,-1.16,0.05338,24,1.54,-1.94,0.94327,25,-16.8,-10.4,0.0025,26,-23.55,-32.47,3.0E-4,27,-31.92,-38.73,5.5E-4,4,24,15.66,-2.75,0.91124,25,-3.77,-4.91,0.08372,26,-16.88,-20,0.00236,27,-27.56,-25.27,0.00268,4,24,30.64,-7.1,0.01517,25,11.6,-2.23,0.95928,26,-6.63,-8.24,0.02048,27,-19.55,-11.88,0.00507,4,24,40.86,-14.03,0.00279,25,23.83,-3.95,0.08566,26,3.96,-1.87,0.90413,27,-10.26,-3.75,0.00743,4,24,40.19,-30.43,0.02587,25,30.44,-18.97,0.05434,26,18.56,-9.38,0.14655,27,5.43,-8.55,0.77324,1,27,3.96,0.74,1,4,24,48.35,-38.3,0.00186,25,41.22,-22.44,0.00264,26,29.12,-5.29,6.0E-4,27,15.11,-2.66,0.99491],"hull":13,"edges":[18,20,14,16,16,18,4,2,20,22,22,24,10,12,12,14,2,0,0,24,8,10,4,6,6,8],"width":96,"height":37}},"di_":{"di_":{"x":7.7,"y":-17.01,"width":259,"height":64}},"di_liang_":{"di_liang_":{"x":8.62,"y":-23.93,"width":258,"height":51}},"fa_":{"fa_":{"type":"mesh","uvs":[0.99999,0.80113,1,0.92276,1,1,0.79421,1,0,1,0,0.29414,0,0.14763,0,0,0.08408,0,0.29743,0,1,0,0.39734,0.60251,0.74487,0.36871,0.61341,0.80674,0.90862,0.64149,0.17873,0.44828,0.51922,0.18364,0.81883,0.48941,0.50549,0.71354,0.71615,0.90421,0.40264,0.09197,0.07144,0.3579,0.63777,0.25483,0.29393,0.52489],"triangles":[19,0,1,3,19,1,19,3,4,3,1,2,0,14,10,19,13,14,19,14,0,4,13,19,4,18,13,14,17,10,13,18,17,14,13,17,12,22,10,17,12,10,11,23,16,11,22,12,18,11,12,17,18,12,4,23,11,4,11,18,23,15,16,11,16,22,4,15,23,20,9,10,6,7,8,16,20,10,22,16,10,21,5,6,6,9,21,8,9,6,20,21,9,15,20,16,20,15,21,4,5,21,4,21,15],"vertices":[4,11,34.46,9.63,0.00284,12,21.41,10.51,0.1066,13,8.97,10.73,0.50668,14,0.3,10.78,0.38389,3,12,28.28,6.6,0.0011,13,15.94,6.98,0.06063,14,7.51,7.54,0.93827,1,14,12.08,5.48,1,5,10,49.23,-11.54,0.00122,11,39.64,-6.47,0.00226,12,27.24,-5.36,3.9E-4,13,15.18,-5,0.09117,14,7.61,-4.47,0.90495,5,9,32.04,-45.76,0.00144,10,22.49,-44.05,0.18443,11,17.34,-42.16,0.32755,12,6.41,-41.94,0.14446,13,-4.77,-42.06,0.34212,5,9,-0.86,-13.78,0.85767,10,-12.94,-14.9,0.10346,11,-21.57,-17.85,0.02907,12,-33.46,-19.23,1.0E-5,13,-45.17,-20.31,0.0098,4,9,-7.69,-7.15,0.99448,10,-20.3,-8.85,0.00438,11,-29.65,-12.8,6.8E-4,13,-53.55,-15.79,4.6E-4,1,9,-14.57,-0.46,1,1,9,-11.47,2.74,1,3,9,-3.59,10.85,0.9831,10,-17.69,9.42,0.01581,11,-29.43,5.66,0.00109,4,9,22.36,37.55,0.35343,10,5.96,38.17,0.32172,11,-9.69,37.23,0.31386,12,-23.84,36.29,0.01099,5,9,28.19,-12.65,0.01401,10,15.92,-11.37,0.20409,11,6.59,-10.61,0.61703,12,-5.62,-10.85,0.08784,13,-17.54,-11.27,0.07704,5,9,30.13,11.15,0.10375,10,15.88,12.51,0.22503,11,3.46,13.06,0.57594,12,-9.71,12.68,0.09212,13,-22.18,12.15,0.00317,5,10,33.44,-10.96,0.01635,11,23.91,-7.94,0.0515,12,11.59,-7.47,0.39844,13,-0.42,-7.48,0.5156,14,-7.78,-8.05,0.01812,6,9,48.89,5.02,0.00279,10,35.09,7.94,0.00286,11,23.1,11.03,0.10544,12,10,11.44,0.5649,13,-2.46,11.39,0.3198,14,-11.15,10.62,0.0042,5,9,12.92,-13.97,0.37691,10,0.81,-13.95,0.41906,11,-8.06,-15.12,0.15842,12,-20.06,-15.95,0.00589,13,-31.86,-16.72,0.03972,3,9,13.17,10.96,0.61519,10,-1.01,10.91,0.32678,11,-13.08,9.3,0.05803,5,9,38.48,8.49,0.03042,10,24.43,10.55,0.05065,11,12.19,12.23,0.50956,12,-0.95,12.2,0.36878,13,-13.42,11.88,0.0406,5,9,37.36,-13.57,8.0E-5,10,25.13,-11.53,0.05398,11,15.74,-9.58,0.30677,12,3.49,-9.44,0.46259,13,-8.46,-9.65,0.17658,5,10,41.8,-10.78,0.0047,11,32.17,-6.68,0.01034,12,19.79,-5.87,0.02745,13,7.74,-5.69,0.61973,14,0.23,-5.69,0.33779,3,9,4.59,10.68,0.90306,10,-9.53,9.92,0.08511,11,-21.41,7.22,0.01183,5,9,4.75,-13.96,0.71151,10,-7.34,-14.61,0.20317,11,-16.05,-16.83,0.0645,12,-27.98,-17.99,7.3E-4,13,-39.72,-18.94,0.02008,4,9,20.86,12.24,0.29834,10,6.56,12.82,0.45024,11,-5.82,12.17,0.2418,12,-18.95,11.41,0.00962,5,9,20.75,-13.06,0.09932,10,8.54,-12.4,0.4634,11,-0.6,-12.58,0.36167,12,-12.71,-13.11,0.02025,13,-24.58,-13.7,0.05536],"hull":11,"edges":[8,10,18,20,4,6,6,8,0,20,0,2,2,4,14,16,16,18,10,12,12,14],"width":53,"height":65}},"guagnqiu1_":{"guagnqiu1_":{"width":64,"height":64}},"guangqiu2_":{"guangqiu2_":{"x":-49.82,"y":-25.79,"scaleX":3.778,"scaleY":2.019,"width":115,"height":86}},"huab1_0_":{"huab1_0_":{"width":36,"height":32}},"huab1_0_2":{"huab1_0_":{"width":36,"height":32}},"huab1_0_3":{"huab1_0_":{"width":36,"height":32}},"huab1_0_4":{"huab1_0_":{"width":36,"height":32}},"huab1_0_5":{"huab1_0_":{"width":36,"height":32}},"huab1_1_":{"huab1_1_":{"width":36,"height":32}},"huab1_1_2":{"huab1_1_":{"width":36,"height":32}},"huab1_1_3":{"huab1_1_":{"width":36,"height":32}},"huab1_1_4":{"huab1_1_":{"width":36,"height":32}},"huab1_1_5":{"huab1_1_":{"width":36,"height":32}},"huab1_2_":{"huab1_2_":{"width":36,"height":32}},"huab1_2_2":{"huab1_2_":{"width":36,"height":32}},"huab1_2_3":{"huab1_2_":{"width":36,"height":32}},"huab1_2_4":{"huab1_2_":{"width":36,"height":32}},"huab1_2_5":{"huab1_2_":{"width":36,"height":32}},"huab1_3_":{"huab1_3_":{"width":36,"height":32}},"huab1_3_2":{"huab1_3_":{"width":36,"height":32}},"huab1_3_3":{"huab1_3_":{"width":36,"height":32}},"huab1_3_4":{"huab1_3_":{"width":36,"height":32}},"huab1_3_5":{"huab1_3_":{"width":36,"height":32}},"huab1_4_":{"huab1_4_":{"width":36,"height":32}},"huab1_4_2":{"huab1_4_":{"width":36,"height":32}},"huab1_4_3":{"huab1_4_":{"width":36,"height":32}},"huab1_4_4":{"huab1_4_":{"width":36,"height":32}},"huab1_4_5":{"huab1_4_":{"width":36,"height":32}},"huab1_5_":{"huab1_5_":{"width":36,"height":32}},"huab1_5_2":{"huab1_5_":{"width":36,"height":32}},"huab1_5_3":{"huab1_5_":{"width":36,"height":32}},"huab1_5_4":{"huab1_5_":{"width":36,"height":32}},"huab1_5_5":{"huab1_5_":{"width":36,"height":32}},"huab1_6_":{"huab1_6_":{"width":36,"height":32}},"huab1_6_2":{"huab1_6_":{"width":36,"height":32}},"huab1_6_3":{"huab1_6_":{"width":36,"height":32}},"huab1_6_4":{"huab1_6_":{"width":36,"height":32}},"huab1_6_5":{"huab1_6_":{"width":36,"height":32}},"huab1_7_":{"huab1_7_":{"width":36,"height":32}},"huab1_7_2":{"huab1_7_":{"width":36,"height":32}},"huab1_7_3":{"huab1_7_":{"width":36,"height":32}},"huab1_7_4":{"huab1_7_":{"width":36,"height":32}},"huab1_7_5":{"huab1_7_":{"width":36,"height":32}},"ren_":{"ren_":{"type":"mesh","uvs":[1,1,0.3439,1,0,1,0,0.55403,0,0,0.20433,0,0.49615,0,1,0,0.29061,0.50931],"triangles":[8,5,6,3,4,5,3,5,8,1,2,3,0,1,8,1,3,8,8,6,7,7,0,8],"vertices":[1,28,-58.81,-89.95,1,1,28,-12.93,13.87,1,2,28,11.11,68.29,0.97879,29,-36.29,65.24,0.0212,2,28,55.17,48.83,0.58983,29,9.37,49.89,0.41017,2,28,109.9,24.64,0.00753,29,66.08,30.82,0.99247,2,28,95.61,-7.69,0.0012,29,54.81,-2.69,0.9988,2,28,75.21,-53.87,0.40356,29,38.72,-50.54,0.59644,2,28,39.98,-133.6,0.88943,29,10.94,-133.16,0.11057,2,28,39.27,0.89,0.95082,29,-2.08,0.7,0.04918],"hull":8,"edges":[0,14,12,14,4,6,6,8,2,4,8,10,10,12,0,2],"width":173,"height":108}},"sdsg1_0_":{"sdsg1_0_":{"x":-113.83,"y":-21.96,"width":85,"height":78}},"sdsg1_1_":{"sdsg1_1_":{"x":-113.83,"y":-21.96,"width":85,"height":78}},"sdsg1_2_":{"sdsg1_2_":{"x":-113.83,"y":-21.96,"width":85,"height":78}},"sdsg1_3_":{"sdsg1_3_":{"x":-113.83,"y":-21.96,"width":85,"height":78}},"sdsg1_4_":{"sdsg1_4_":{"x":-113.83,"y":-21.96,"width":85,"height":78}},"sdsg1_5_":{"sdsg1_5_":{"x":-113.83,"y":-21.96,"width":85,"height":78}},"sdsg1_6_":{"sdsg1_6_":{"x":-113.83,"y":-21.96,"width":85,"height":78}},"sdsg2_0_":{"sdsg2_0_":{"x":-17.2,"y":2.56,"width":120,"height":84}},"sdsg2_1_":{"sdsg2_1_":{"x":-17.2,"y":2.56,"width":120,"height":84}},"sdsg2_2_":{"sdsg2_2_":{"x":-17.2,"y":2.56,"width":120,"height":84}},"sdsg2_3_":{"sdsg2_3_":{"x":-17.2,"y":2.56,"width":120,"height":84}},"sdsg2_4_":{"sdsg2_4_":{"x":-17.2,"y":2.56,"width":120,"height":84}},"x_00_":{"x_00_":{"x":13.39,"y":-27.65,"width":120,"height":40}},"x_01_":{"x_01_":{"x":13.39,"y":-27.65,"width":120,"height":40}},"x_02_":{"x_02_":{"x":13.39,"y":-27.65,"width":120,"height":40}},"x_03_":{"x_03_":{"x":13.39,"y":-27.65,"width":120,"height":40}},"x_04_":{"x_04_":{"x":13.39,"y":-27.65,"width":120,"height":40}},"x_05_":{"x_05_":{"x":13.39,"y":-27.65,"width":120,"height":40}},"x_06_":{"x_06_":{"x":13.39,"y":-27.65,"width":120,"height":40}},"x_07_":{"x_07_":{"x":13.39,"y":-27.65,"width":120,"height":40}},"x_08_":{"x_08_":{"x":13.39,"y":-27.65,"width":120,"height":40}},"x_09_":{"x_09_":{"x":13.39,"y":-27.65,"width":120,"height":40}},"x_15_":{"x_15_":{"x":13.39,"y":-27.65,"width":120,"height":40}},"x_16_":{"x_16_":{"x":13.39,"y":-27.65,"width":120,"height":40}},"x_17_":{"x_17_":{"x":13.39,"y":-27.65,"width":120,"height":40}},"x_18_":{"x_18_":{"x":13.39,"y":-27.65,"width":120,"height":40}},"x_19_":{"x_19_":{"x":13.39,"y":-27.65,"width":120,"height":40}},"xx_01_":{"xx_01_":{"x":33.29,"y":-26.51,"width":120,"height":40}},"xx_02_":{"xx_02_":{"x":33.29,"y":-26.51,"width":120,"height":40}},"xx_03_":{"xx_03_":{"x":33.29,"y":-26.51,"width":120,"height":40}},"xx_04_":{"xx_04_":{"x":33.29,"y":-26.51,"width":120,"height":40}},"xx_05_":{"xx_05_":{"x":33.29,"y":-26.51,"width":120,"height":40}},"xx_06_":{"xx_06_":{"x":33.29,"y":-26.51,"width":120,"height":40}},"xx_07_":{"xx_07_":{"x":33.29,"y":-26.51,"width":120,"height":40}},"xx_08_":{"xx_08_":{"x":33.29,"y":-26.51,"width":120,"height":40}},"xx_09_":{"xx_09_":{"x":33.29,"y":-26.51,"width":120,"height":40}},"xx_10_":{"xx_10_":{"x":33.29,"y":-26.51,"width":120,"height":40}},"xx_11_":{"xx_11_":{"x":33.29,"y":-26.51,"width":120,"height":40}},"xx_12_":{"xx_12_":{"x":33.29,"y":-26.51,"width":120,"height":40}},"xx_13_":{"xx_13_":{"x":33.29,"y":-26.51,"width":120,"height":40}},"xx_14_":{"xx_14_":{"x":33.29,"y":-26.51,"width":120,"height":40}},"xx_15_":{"xx_15_":{"x":33.29,"y":-26.51,"width":120,"height":40}},"xx_16_":{"xx_16_":{"x":33.29,"y":-26.51,"width":120,"height":40}},"xx_17_":{"xx_17_":{"x":33.29,"y":-26.51,"width":120,"height":40}},"xx_18_":{"xx_18_":{"x":33.29,"y":-26.51,"width":120,"height":40}},"xx_19_":{"xx_19_":{"x":33.29,"y":-26.51,"width":120,"height":40}},"yifushan0_":{"yifushan0_":{"x":19.52,"y":-28.6,"width":135,"height":155}},"yifushan1_":{"yifushan1_":{"x":19.52,"y":-28.6,"width":135,"height":155}},"yifushan2_":{"yifushan2_":{"x":19.52,"y":-28.6,"width":135,"height":155}},"yifushan3_":{"yifushan3_":{"x":19.52,"y":-28.6,"width":135,"height":155}},"yun_a_1":{"yun_a_":{"x":-5.59,"y":5.18,"width":85,"height":50}},"yun_a_2":{"yun_a_":{"x":-5.59,"y":5.18,"width":85,"height":50}},"yun_b_":{"yun_b_":{"x":30.76,"y":-3.44,"scaleX":2,"scaleY":2,"width":70,"height":35}},"yun_c":{"yun_c_":{"x":-0.21,"y":1.25,"scaleX":2,"scaleY":2,"width":56,"height":38}},"yun_d":{"yun_d_":{"x":-14.42,"y":0.08,"width":150,"height":81}}}},"animations":{"animation":{"slots":{"di_liang_":{"color":[{"time":0,"color":"ffdedeff","curve":[0.25,0,0.75,1]},{"time":0.8333,"color":"ff548dff","curve":[0.25,0,0.75,1]},{"time":1.6667,"color":"ffdedeff","curve":[0.25,0,0.75,1]},{"time":2.5,"color":"ff6946ff","curve":[0.25,0,0.75,1]},{"time":3.3333,"color":"ffdedeff"}],"attachment":[{"time":0,"name":"di_liang_"}]},"guagnqiu1_":{"color":[{"time":0.3333,"color":"ff375c00"},{"time":1.3333,"color":"ff375c99"},{"time":2.3333,"color":"ff375c00"}],"attachment":[{"time":0.3333,"name":"guagnqiu1_"}]},"guangqiu2_":{"color":[{"time":0.5,"color":"ffffff00"},{"time":1.3333,"color":"ffffffba"},{"time":2.5,"color":"ffffff00"}],"attachment":[{"time":0.5,"name":"guangqiu2_"}]},"huab1_0_":{"color":[{"time":0,"color":"ffffff00"},{"time":0.2333,"color":"ff3c3cb3"},{"time":0.4667,"color":"ff3b3b00"},{"time":1.1667,"color":"ffffff00"},{"time":1.4,"color":"ff3c3cb3"},{"time":1.6333,"color":"ff3c3c00"}],"attachment":[{"time":0,"name":"huab1_0_"}]},"huab1_1_":{"color":[{"time":0,"color":"ffffff00","curve":"stepped"},{"time":0.1333,"color":"ffffff00"},{"time":0.3667,"color":"ff3c3cc2"},{"time":0.6,"color":"ff3c3c00"},{"time":1.3,"color":"ffffff00"},{"time":1.5333,"color":"ff3c3cc2"},{"time":1.7667,"color":"ff3c3c00"}],"attachment":[{"time":0,"name":"huab1_1_"}]},"huab1_2_":{"color":[{"time":0,"color":"ffffff00","curve":"stepped"},{"time":0.2667,"color":"ffffff00"},{"time":0.5333,"color":"ff3d3dff"},{"time":0.7667,"color":"ff3c3c00"},{"time":1.4333,"color":"ffffff00"},{"time":1.7,"color":"ff3d3dff"},{"time":1.9333,"color":"ff3c3c00"}],"attachment":[{"time":0,"name":"huab1_2_"}]},"huab1_3_":{"color":[{"time":0,"color":"ffffff00","curve":"stepped"},{"time":0.4333,"color":"ffffff00"},{"time":0.6667,"color":"ff3d3dff"},{"time":0.9,"color":"ff3c3c00"},{"time":1.6,"color":"ffffff00"},{"time":1.8333,"color":"ff3d3dff"},{"time":2.0667,"color":"ff3c3c00"}],"attachment":[{"time":0,"name":"huab1_3_"}]},"huab1_4_":{"color":[{"time":0,"color":"ffffff00","curve":"stepped"},{"time":0.5667,"color":"ffffff00"},{"time":0.8,"color":"ff3d3dff"},{"time":1.0333,"color":"ff3c3c00"},{"time":1.7333,"color":"ffffff00"},{"time":1.9667,"color":"ff3d3dff"},{"time":2.2,"color":"ff3c3c00"}],"attachment":[{"time":0,"name":"huab1_4_"}]},"huab1_5_":{"color":[{"time":0,"color":"ffffff00","curve":"stepped"},{"time":0.7,"color":"ffffff00"},{"time":0.9333,"color":"ff3c3ce6"},{"time":1.1667,"color":"ff3c3c00"},{"time":1.8667,"color":"ffffff00"},{"time":2.1,"color":"ff3c3ce6"},{"time":2.3333,"color":"ff3c3c00"}],"attachment":[{"time":0,"name":"huab1_5_"}]},"huab1_6_":{"color":[{"time":0,"color":"ffffff00","curve":"stepped"},{"time":0.8333,"color":"ffffff00"},{"time":1.1,"color":"ff3c3cb5"},{"time":1.3333,"color":"ff3c3c00"},{"time":2,"color":"ffffff00"},{"time":2.2667,"color":"ff3c3cb5"},{"time":2.5,"color":"ff3c3c00"}],"attachment":[{"time":0,"name":"huab1_6_"}]},"huab1_7_":{"color":[{"time":0,"color":"ffffff00","curve":"stepped"},{"time":1.0333,"color":"ffffff00"},{"time":1.2667,"color":"ff3c3c97"},{"time":1.5,"color":"ff3c3c00"},{"time":2.2,"color":"ffffff00"},{"time":2.4333,"color":"ff3c3c97"},{"time":2.6667,"color":"ff3c3c00"}],"attachment":[{"time":0,"name":"huab1_7_"}]},"huab1_0_2":{"color":[{"time":1.6667,"color":"ffffff00"},{"time":1.9,"color":"ff3b3b4e"},{"time":2.1333,"color":"ff3b3b00"}],"attachment":[{"time":1.6667,"name":"huab1_0_"}]},"huab1_0_3":{"color":[{"time":0,"color":"ffffff00","curve":"stepped"},{"time":2.4333,"color":"ffffff00"},{"time":2.7667,"color":"ff3b3b4e"},{"time":3.0667,"color":"ff3b3b00"}],"attachment":[{"time":0,"name":"huab1_0_"}]},"huab1_0_4":{"color":[{"time":1.1333,"color":"ffffff00"},{"time":1.3667,"color":"ffececb4"},{"time":1.6,"color":"ff3b3b00"},{"time":2.3,"color":"ffffff00"},{"time":2.5333,"color":"ffe2e274"},{"time":2.7667,"color":"ff3c3c00"}],"attachment":[{"time":1.1333,"name":"huab1_0_"}]},"huab1_0_5":{"color":[{"time":0.6667,"color":"ffffff00"},{"time":0.9,"color":"ff3c3cb3"},{"time":1.1333,"color":"ff3b3b00"},{"time":1.8333,"color":"ffffff00"},{"time":2.0667,"color":"ff3c3cb3"},{"time":2.3,"color":"ff3c3c00"}],"attachment":[{"time":0.6667,"name":"huab1_0_"}]},"huab1_1_2":{"color":[{"time":1.6667,"color":"ffffff00","curve":"stepped"},{"time":1.8,"color":"ffffff00"},{"time":2.0333,"color":"ff3b3b7a"},{"time":2.2667,"color":"ff3c3c00"}],"attachment":[{"time":1.6667,"name":"huab1_1_"}]},"huab1_1_3":{"color":[{"time":0,"color":"ffffff00","curve":"stepped"},{"time":2.6333,"color":"ffffff00"},{"time":2.9333,"color":"ff3b3b7a"},{"time":3.2333,"color":"ff3c3c00"}],"attachment":[{"time":0,"name":"huab1_1_"}]},"huab1_1_4":{"color":[{"time":1.1333,"color":"ffffff00","curve":"stepped"},{"time":1.2667,"color":"ffffff00"},{"time":1.5,"color":"ffffffc2"},{"time":1.7333,"color":"ff3c3c00"},{"time":2.4333,"color":"ffffff00"},{"time":2.6667,"color":"ffffff73"},{"time":2.9,"color":"ff3c3c00"}],"attachment":[{"time":1.1333,"name":"huab1_1_"}]},"huab1_1_5":{"color":[{"time":0.6667,"color":"ffffff00","curve":"stepped"},{"time":0.8,"color":"ffffff00"},{"time":1.0333,"color":"ff3c3cc2"},{"time":1.2667,"color":"ff3c3c00"},{"time":1.9667,"color":"ffffff00"},{"time":2.2,"color":"ff3c3cc2"},{"time":2.4333,"color":"ff3c3c00"}],"attachment":[{"time":0.6667,"name":"huab1_1_"}]},"huab1_2_2":{"color":[{"time":1.6667,"color":"ffffff00","curve":"stepped"},{"time":1.9333,"color":"ffffff00"},{"time":2.2,"color":"ff3c3c50"},{"time":2.4333,"color":"ff3c3c00"}],"attachment":[{"time":1.6667,"name":"huab1_2_"}]},"huab1_2_3":{"color":[{"time":0,"color":"ff3c3c22"},{"time":0.1333,"color":"ffffff00","curve":"stepped"},{"time":2.8,"color":"ffffff00"},{"time":3.1667,"color":"ff3c3c50"},{"time":3.3333,"color":"ff3c3c22"}],"attachment":[{"time":0,"name":"huab1_2_"}]},"huab1_2_4":{"color":[{"time":1.1333,"color":"ffffff00","curve":"stepped"},{"time":1.4,"color":"ffffff00"},{"time":1.6667,"color":"ffececff"},{"time":1.9,"color":"ff3c3c00"}],"attachment":[{"time":1.1333,"name":"huab1_2_"}]},"huab1_2_5":{"color":[{"time":0.6667,"color":"ffffff00","curve":"stepped"},{"time":0.9333,"color":"ffffff00"},{"time":1.2,"color":"ff3d3dff"},{"time":1.4333,"color":"ff3c3c00"},{"time":2.1,"color":"ffffff00"},{"time":2.3667,"color":"ff3d3dff"},{"time":2.6,"color":"ff3c3c00"}],"attachment":[{"time":0.6667,"name":"huab1_2_"}]},"huab1_3_2":{"color":[{"time":1.6667,"color":"ffffff00","curve":"stepped"},{"time":2.1,"color":"ffffff00"},{"time":2.3333,"color":"ff3d3dff"},{"time":2.5667,"color":"ff3c3c00"}],"attachment":[{"time":1.6667,"name":"huab1_3_"}]},"huab1_3_3":{"color":[{"time":0,"color":"ff3d3dff"},{"time":0.2667,"color":"ffffff00","curve":"stepped"},{"time":3.0333,"color":"ffffff00"},{"time":3.3333,"color":"ff3d3dff"}],"attachment":[{"time":0,"name":"huab1_3_"}]},"huab1_3_4":{"color":[{"time":1.1333,"color":"ffffff00","curve":"stepped"},{"time":1.5667,"color":"ffffff00"},{"time":1.8,"color":"ffffffff"},{"time":2.0333,"color":"ff3c3c00"}],"attachment":[{"time":1.1333,"name":"huab1_3_"}]},"huab1_3_5":{"color":[{"time":0.6667,"color":"ffffff00","curve":"stepped"},{"time":1.1,"color":"ffffff00"},{"time":1.3333,"color":"ff3d3dff"},{"time":1.5667,"color":"ff3c3c00"},{"time":2.2667,"color":"ffffff00"},{"time":2.5,"color":"ff3d3dff"},{"time":2.7333,"color":"ff3c3c00"}],"attachment":[{"time":0.6667,"name":"huab1_3_"}]},"huab1_4_2":{"color":[{"time":1.6667,"color":"ffffff00","curve":"stepped"},{"time":2.2333,"color":"ffffff00"},{"time":2.4667,"color":"ff3d3dff"},{"time":2.7,"color":"ff3c3c00"}],"attachment":[{"time":1.6667,"name":"huab1_4_"}]},"huab1_4_3":{"color":[{"time":0,"color":"ffabab6d"},{"time":0.1667,"color":"ff3d3dff"},{"time":0.4333,"color":"ff3c3c00","curve":"stepped"},{"time":3.2,"color":"ff3c3c00"},{"time":3.3333,"color":"ffabab6d"}],"attachment":[{"time":0,"name":"huab1_4_"}]},"huab1_4_4":{"color":[{"time":1.1333,"color":"ffffff00","curve":"stepped"},{"time":1.7,"color":"ffffff00"},{"time":1.9333,"color":"ffffffff"},{"time":2.1667,"color":"ff3c3c00"}],"attachment":[{"time":1.1333,"name":"huab1_4_"}]},"huab1_4_5":{"color":[{"time":0.6667,"color":"ffffff00","curve":"stepped"},{"time":1.2333,"color":"ffffff00"},{"time":1.4667,"color":"ff3d3dff"},{"time":1.7,"color":"ff3c3c00"},{"time":2.4,"color":"ffffff00"},{"time":2.6333,"color":"ff3d3dff"},{"time":2.8667,"color":"ff3c3c00"}],"attachment":[{"time":0.6667,"name":"huab1_4_"}]},"huab1_5_2":{"color":[{"time":1.6667,"color":"ffffff00","curve":"stepped"},{"time":2.3667,"color":"ffffff00"},{"time":2.6,"color":"ff3c3ce6"},{"time":2.8333,"color":"ff3c3c00"}],"attachment":[{"time":1.6667,"name":"huab1_5_"}]},"huab1_5_3":{"color":[{"time":0,"color":"ffffff00","curve":"stepped"},{"time":0.0333,"color":"ffffff00"},{"time":0.3,"color":"ff3c3ce6"},{"time":0.6,"color":"ff3c3c00"}],"attachment":[{"time":0,"name":"huab1_5_"}]},"huab1_5_4":{"color":[{"time":1.1333,"color":"ffffff00","curve":"stepped"},{"time":1.8333,"color":"ffffff00"},{"time":2.0667,"color":"ffffffe6"},{"time":2.3,"color":"ff3c3c00"}],"attachment":[{"time":1.1333,"name":"huab1_5_"}]},"huab1_5_5":{"color":[{"time":0.6667,"color":"ffffff00","curve":"stepped"},{"time":1.3667,"color":"ffffff00"},{"time":1.6,"color":"ff3c3ce6"},{"time":1.8333,"color":"ff3c3c00"},{"time":2.5333,"color":"ffffff00"},{"time":2.7667,"color":"ff3c3ce6"},{"time":3,"color":"ff3c3c00"}],"attachment":[{"time":0.6667,"name":"huab1_5_"}]},"huab1_6_2":{"color":[{"time":1.6667,"color":"ffffff00","curve":"stepped"},{"time":2.5,"color":"ffffff00"},{"time":2.7667,"color":"ff3c3cb5"},{"time":3,"color":"ff3c3c00"}],"attachment":[{"time":1.6667,"name":"huab1_6_"}]},"huab1_6_3":{"color":[{"time":0,"color":"ffffff00","curve":"stepped"},{"time":0.2,"color":"ffffff00"},{"time":0.5,"color":"ff3c3cb5"},{"time":0.8,"color":"ff3c3c00"}],"attachment":[{"time":0,"name":"huab1_6_"}]},"huab1_6_4":{"color":[{"time":1.1333,"color":"ffffff00","curve":"stepped"},{"time":1.9667,"color":"ffffff00"},{"time":2.2333,"color":"ffffffb5"},{"time":2.4667,"color":"ff3c3c00"}],"attachment":[{"time":1.1333,"name":"huab1_6_"}]},"huab1_6_5":{"color":[{"time":0.6667,"color":"ffffff00","curve":"stepped"},{"time":1.5,"color":"ffffff00"},{"time":1.7667,"color":"ff3c3cb5"},{"time":2,"color":"ff3c3c00"},{"time":2.6667,"color":"ffffff00"},{"time":2.9333,"color":"ff3c3cb5"},{"time":3.1667,"color":"ff3c3c00"}],"attachment":[{"time":0.6667,"name":"huab1_6_"}]},"huab1_7_2":{"color":[{"time":1.6667,"color":"ffffff00","curve":"stepped"},{"time":2.7,"color":"ffffff00"},{"time":2.9333,"color":"ff3c3c97"},{"time":3.1667,"color":"ff3c3c00"}],"attachment":[{"time":1.6667,"name":"huab1_7_"}]},"huab1_7_3":{"color":[{"time":0,"color":"ffa8a800","curve":"stepped"},{"time":0.4333,"color":"ffa8a800"},{"time":0.7,"color":"ff3c3c97"},{"time":1,"color":"ff3b3b00"}],"attachment":[{"time":0,"name":"huab1_7_"}]},"huab1_7_4":{"color":[{"time":1.1333,"color":"ffffff00","curve":"stepped"},{"time":2.1667,"color":"ffffff00"},{"time":2.4,"color":"ffffff97"},{"time":2.6333,"color":"ff3c3c00"}],"attachment":[{"time":1.1333,"name":"huab1_7_"}]},"huab1_7_5":{"color":[{"time":0.6667,"color":"ffffff00","curve":"stepped"},{"time":1.7,"color":"ffffff00"},{"time":1.9333,"color":"ff3c3c97"},{"time":2.1667,"color":"ff3c3c00"},{"time":2.8667,"color":"ffffff00"},{"time":3.1,"color":"ff3c3c97"},{"time":3.3333,"color":"ff3c3c00"}],"attachment":[{"time":0.6667,"name":"huab1_7_"}]},"sdsg1_0_":{"color":[{"time":0,"color":"ffffff00"},{"time":0.1333,"color":"ffffffff"},{"time":0.2667,"color":"ffffff00"}],"attachment":[{"time":0,"name":"sdsg1_0_"}]},"sdsg1_1_":{"color":[{"time":0,"color":"ffffff00","curve":"stepped"},{"time":0.1,"color":"ffffff00"},{"time":0.2333,"color":"ffffffff"},{"time":0.3667,"color":"ffffff00"}],"attachment":[{"time":0,"name":"sdsg1_1_"}]},"sdsg1_2_":{"color":[{"time":0,"color":"ffffff00","curve":"stepped"},{"time":0.2,"color":"ffffff00"},{"time":0.3333,"color":"ffffffff"},{"time":0.4667,"color":"ffffff00"}],"attachment":[{"time":0,"name":"sdsg1_2_"}]},"sdsg1_3_":{"color":[{"time":0,"color":"ffffff00","curve":"stepped"},{"time":0.3,"color":"ffffff00"},{"time":0.4333,"color":"ffffffff"},{"time":0.5667,"color":"ffffff00"}],"attachment":[{"time":0,"name":"sdsg1_3_"}]},"sdsg1_4_":{"color":[{"time":0,"color":"ffffff00","curve":"stepped"},{"time":0.4,"color":"ffffff00"},{"time":0.5333,"color":"ffffffff"},{"time":0.6667,"color":"ffffff00"}],"attachment":[{"time":0,"name":"sdsg1_4_"}]},"sdsg1_5_":{"color":[{"time":0,"color":"ffffff00","curve":"stepped"},{"time":0.5333,"color":"ffffff00"},{"time":0.6333,"color":"ffffffff"},{"time":0.7667,"color":"ffffff00"}],"attachment":[{"time":0,"name":"sdsg1_5_"}]},"sdsg1_6_":{"color":[{"time":0,"color":"ffffff00","curve":"stepped"},{"time":0.6333,"color":"ffffff00"},{"time":0.7667,"color":"ffffffff"},{"time":0.8667,"color":"ffffff00"}],"attachment":[{"time":0,"name":"sdsg1_6_"}]},"sdsg2_0_":{"color":[{"time":0.6,"color":"ffffff00"},{"time":0.8333,"color":"ffffffff"},{"time":1.1,"color":"ffffff00"}],"attachment":[{"time":0.6,"name":"sdsg2_0_"}]},"sdsg2_1_":{"color":[{"time":0.6,"color":"ffffff00","curve":"stepped"},{"time":0.8,"color":"ffffff00"},{"time":1.0333,"color":"ffffffff"},{"time":1.2667,"color":"ffffff00"}],"attachment":[{"time":0.6,"name":"sdsg2_1_"}]},"sdsg2_2_":{"color":[{"time":0.6,"color":"ffffff00","curve":"stepped"},{"time":1,"color":"ffffff00"},{"time":1.2333,"color":"ffffffff"},{"time":1.4667,"color":"ffffff00"}],"attachment":[{"time":0.6,"name":"sdsg2_2_"}]},"sdsg2_3_":{"color":[{"time":0.6,"color":"ffffff00","curve":"stepped"},{"time":1.1667,"color":"ffffff00"},{"time":1.4333,"color":"ffffffff"},{"time":1.6667,"color":"ffffff00"}],"attachment":[{"time":0.6,"name":"sdsg2_3_"}]},"sdsg2_4_":{"color":[{"time":0.6,"color":"ffffff00","curve":"stepped"},{"time":1.3667,"color":"ffffff00"},{"time":1.6333,"color":"ffffffff"},{"time":1.8667,"color":"ffffff00"}],"attachment":[{"time":0.6,"name":"sdsg2_4_"}]},"x_00_":{"color":[{"time":0,"color":"ffffff00"},{"time":0.2,"color":"ffffffff"},{"time":0.4333,"color":"ffffff00"}],"attachment":[{"time":0,"name":"x_00_"}]},"x_01_":{"color":[{"time":0,"color":"ffffff00","curve":"stepped"},{"time":0.1667,"color":"ffffff00"},{"time":0.3667,"color":"ffffffff"},{"time":0.6,"color":"ffffff00"}],"attachment":[{"time":0,"name":"x_01_"}]},"x_02_":{"color":[{"time":0,"color":"ffffff00","curve":"stepped"},{"time":0.3333,"color":"ffffff00"},{"time":0.5667,"color":"ffffffff"},{"time":0.7667,"color":"ffffff00"}],"attachment":[{"time":0,"name":"x_02_"}]},"x_03_":{"color":[{"time":0,"color":"ffffff00","curve":"stepped"},{"time":0.5,"color":"ffffff00"},{"time":0.7333,"color":"ffffffff"},{"time":0.9333,"color":"ffffff00"}],"attachment":[{"time":0,"name":"x_03_"}]},"x_04_":{"color":[{"time":0,"color":"ffffff00","curve":"stepped"},{"time":0.6667,"color":"ffffff00"},{"time":0.9,"color":"ffffffff"},{"time":1.1,"color":"ffffff00"}],"attachment":[{"time":0,"name":"x_04_"}]},"x_05_":{"color":[{"time":0,"color":"ffffff00","curve":"stepped"},{"time":0.8667,"color":"ffffff00"},{"time":1.0667,"color":"ffffffff"},{"time":1.2667,"color":"ffffff00"}],"attachment":[{"time":0,"name":"x_05_"}]},"x_06_":{"color":[{"time":0,"color":"ffffff00","curve":"stepped"},{"time":1,"color":"ffffff00"},{"time":1.2,"color":"ffffffff"},{"time":1.4333,"color":"ffffff00"}],"attachment":[{"time":0,"name":"x_06_"}]},"x_07_":{"color":[{"time":0,"color":"ffffff00","curve":"stepped"},{"time":1.1333,"color":"ffffff00"},{"time":1.3667,"color":"ffffffff"},{"time":1.5667,"color":"ffffff00"}],"attachment":[{"time":0,"name":"x_07_"}]},"x_08_":{"color":[{"time":0,"color":"ffffff00","curve":"stepped"},{"time":1.3,"color":"ffffff00"},{"time":1.5,"color":"ffffffff"},{"time":1.7333,"color":"ffffff00"}],"attachment":[{"time":0,"name":"x_08_"}]},"x_09_":{"color":[{"time":0,"color":"ffffff00","curve":"stepped"},{"time":1.4333,"color":"ffffff00"},{"time":1.6667,"color":"ffffffff"},{"time":1.8667,"color":"ffffff00"}],"attachment":[{"time":0,"name":"x_09_"}]},"x_15_":{"color":[{"time":0,"color":"ffffff00","curve":"stepped"},{"time":2.3333,"color":"ffffff00"},{"time":2.5667,"color":"ffffffff"},{"time":2.7667,"color":"ffffff00"}],"attachment":[{"time":0,"name":"x_15_"}]},"x_16_":{"color":[{"time":0,"color":"ffffff00","curve":"stepped"},{"time":2.4667,"color":"ffffff00"},{"time":2.6667,"color":"ffffffff"},{"time":2.9,"color":"ffffff00"}],"attachment":[{"time":0,"name":"x_16_"}]},"x_17_":{"color":[{"time":0,"color":"ffffff00","curve":"stepped"},{"time":2.6,"color":"ffffff00"},{"time":2.8,"color":"ffffffff"},{"time":3.0333,"color":"ffffff00"}],"attachment":[{"time":0,"name":"x_17_"}]},"x_18_":{"color":[{"time":0,"color":"ffffff00","curve":"stepped"},{"time":2.7333,"color":"ffffff00"},{"time":2.9333,"color":"ffffffff"},{"time":3.1333,"color":"ffffff00"}],"attachment":[{"time":0,"name":"x_18_"}]},"x_19_":{"color":[{"time":0,"color":"ffffff00","curve":"stepped"},{"time":2.9,"color":"ffffff00"},{"time":3.1,"color":"ffffffff"},{"time":3.3333,"color":"ffffff00"}],"attachment":[{"time":0,"name":"x_19_"}]},"xx_01_":{"color":[{"time":0,"color":"ffffff00","curve":"stepped"},{"time":0.1667,"color":"ffffff00"},{"time":0.3333,"color":"ffffffff"},{"time":0.5333,"color":"ffffff00"}],"attachment":[{"time":0,"name":"xx_01_"}]},"xx_02_":{"color":[{"time":0,"color":"ffffff00","curve":"stepped"},{"time":0.3,"color":"ffffff00"},{"time":0.5,"color":"ffffffff"},{"time":0.7,"color":"ffffff00"}],"attachment":[{"time":0,"name":"xx_02_"}]},"xx_03_":{"color":[{"time":0,"color":"ffffff00","curve":"stepped"},{"time":0.4667,"color":"ffffff00"},{"time":0.6667,"color":"ffffffff"},{"time":0.8333,"color":"ffffff00"}],"attachment":[{"time":0,"name":"xx_03_"}]},"xx_04_":{"color":[{"time":0,"color":"ffffff00","curve":"stepped"},{"time":0.6333,"color":"ffffff00"},{"time":0.8,"color":"ffffffff"},{"time":1,"color":"ffffff00"}],"attachment":[{"time":0,"name":"xx_04_"}]},"xx_05_":{"color":[{"time":0,"color":"ffffff00","curve":"stepped"},{"time":0.7667,"color":"ffffff00"},{"time":0.9667,"color":"ffffffff"},{"time":1.1333,"color":"ffffff00"}],"attachment":[{"time":0,"name":"xx_05_"}]},"xx_06_":{"color":[{"time":0,"color":"ffffff00","curve":"stepped"},{"time":0.9333,"color":"ffffff00"},{"time":1.1333,"color":"ffffffff"},{"time":1.3,"color":"ffffff00"}],"attachment":[{"time":0,"name":"xx_06_"}]},"xx_07_":{"color":[{"time":0,"color":"ffffff00","curve":"stepped"},{"time":1.1,"color":"ffffff00"},{"time":1.2667,"color":"ffffffff"},{"time":1.4667,"color":"ffffff00"}],"attachment":[{"time":0,"name":"xx_07_"}]},"xx_08_":{"color":[{"time":0,"color":"ffffff00","curve":"stepped"},{"time":1.2333,"color":"ffffff00"},{"time":1.4333,"color":"ffffffff"},{"time":1.6,"color":"ffffff00"}],"attachment":[{"time":0,"name":"xx_08_"}]},"xx_09_":{"color":[{"time":0,"color":"ffffff00","curve":"stepped"},{"time":1.4,"color":"ffffff00"},{"time":1.6,"color":"ffffffff"},{"time":1.7667,"color":"ffffff00"}],"attachment":[{"time":0,"name":"xx_09_"}]},"xx_10_":{"color":[{"time":0,"color":"ffffff00","curve":"stepped"},{"time":1.5667,"color":"ffffff00"},{"time":1.7333,"color":"ffffffff"},{"time":1.9333,"color":"ffffff00"}],"attachment":[{"time":0,"name":"xx_10_"}]},"xx_11_":{"color":[{"time":0,"color":"ffffff00","curve":"stepped"},{"time":1.7,"color":"ffffff00"},{"time":1.9,"color":"ffffffff"},{"time":2.0667,"color":"ffffff00"}],"attachment":[{"time":0,"name":"xx_11_"}]},"xx_12_":{"color":[{"time":0,"color":"ffffff00","curve":"stepped"},{"time":1.8667,"color":"ffffff00"},{"time":2.0667,"color":"ffffffff"},{"time":2.2333,"color":"ffffff00"}],"attachment":[{"time":0,"name":"xx_12_"}]},"xx_13_":{"color":[{"time":0,"color":"ffffff00","curve":"stepped"},{"time":2.0333,"color":"ffffff00"},{"time":2.2,"color":"ffffffff"},{"time":2.4,"color":"ffffff00"}],"attachment":[{"time":0,"name":"xx_13_"}]},"xx_14_":{"color":[{"time":0,"color":"ffffff00","curve":"stepped"},{"time":2.1667,"color":"ffffff00"},{"time":2.3667,"color":"ffffffff"},{"time":2.5333,"color":"ffffff00"}],"attachment":[{"time":0,"name":"xx_14_"}]},"xx_15_":{"color":[{"time":0,"color":"ffffff00","curve":"stepped"},{"time":2.3333,"color":"ffffff00"},{"time":2.5333,"color":"ffffffff"},{"time":2.7,"color":"ffffff00"}],"attachment":[{"time":0,"name":"xx_15_"}]},"xx_16_":{"color":[{"time":0,"color":"ffffff00","curve":"stepped"},{"time":2.5,"color":"ffffff00"},{"time":2.6667,"color":"ffffffff"},{"time":2.8667,"color":"ffffff00"}],"attachment":[{"time":0,"name":"xx_16_"}]},"xx_17_":{"color":[{"time":0,"color":"ffffff00","curve":"stepped"},{"time":2.6333,"color":"ffffff00"},{"time":2.8333,"color":"ffffffff"},{"time":3,"color":"ffffff00"}],"attachment":[{"time":0,"name":"xx_17_"}]},"xx_18_":{"color":[{"time":0,"color":"ffffff00","curve":"stepped"},{"time":2.8,"color":"ffffff00"},{"time":2.9667,"color":"ffffffff"},{"time":3.1667,"color":"ffffff00"}],"attachment":[{"time":0,"name":"xx_18_"}]},"xx_19_":{"color":[{"time":0,"color":"ffffff00","curve":"stepped"},{"time":2.9667,"color":"ffffff00"},{"time":3.1333,"color":"ffffffff"},{"time":3.3333,"color":"ffffff00"}],"attachment":[{"time":0,"name":"xx_19_"}]},"yifushan0_":{"color":[{"time":0,"color":"ffffffff"},{"time":0.2333,"color":"ffffff00","curve":"stepped"},{"time":0.5,"color":"ffffff00"},{"time":0.7,"color":"ffffffff"},{"time":0.9,"color":"ffffff00","curve":"stepped"},{"time":1.1333,"color":"ffffff00"},{"time":1.3333,"color":"ffffffff"},{"time":1.5333,"color":"ffffff00","curve":"stepped"},{"time":1.8,"color":"ffffff00"},{"time":2,"color":"ffffffff"},{"time":2.2,"color":"ffffff00","curve":"stepped"},{"time":2.4333,"color":"ffffff00"},{"time":2.6333,"color":"ffffffff"},{"time":2.8333,"color":"ffffff00","curve":"stepped"},{"time":3.0667,"color":"ffffff00"},{"time":3.3333,"color":"ffffffff"}],"attachment":[{"time":0,"name":"yifushan0_"}]},"yifushan1_":{"color":[{"time":0,"color":"ffffff00"},{"time":0.2,"color":"ffffffff"},{"time":0.4,"color":"ffffff00","curve":"stepped"},{"time":0.6333,"color":"ffffff00"},{"time":0.8667,"color":"ffffffff"},{"time":1.0667,"color":"ffffff00","curve":"stepped"},{"time":1.3,"color":"ffffff00"},{"time":1.5,"color":"ffffffff"},{"time":1.7,"color":"ffffff00","curve":"stepped"},{"time":1.9333,"color":"ffffff00"},{"time":2.1333,"color":"ffffffff"},{"time":2.3667,"color":"ffffff00","curve":"stepped"},{"time":2.6,"color":"ffffff00"},{"time":2.8,"color":"ffffffff"},{"time":3,"color":"ffffff00"}],"attachment":[{"time":0,"name":"yifushan1_"}]},"yifushan2_":{"color":[{"time":0,"color":"ffffff00","curve":"stepped"},{"time":0.1667,"color":"ffffff00"},{"time":0.3667,"color":"ffffffff"},{"time":0.5667,"color":"ffffff00","curve":"stepped"},{"time":0.8,"color":"ffffff00"},{"time":1,"color":"ffffffff"},{"time":1.2,"color":"ffffff00","curve":"stepped"},{"time":1.4667,"color":"ffffff00"},{"time":1.6667,"color":"ffffffff"},{"time":1.8667,"color":"ffffff00","curve":"stepped"},{"time":2.1,"color":"ffffff00"},{"time":2.3,"color":"ffffffff"},{"time":2.5,"color":"ffffff00","curve":"stepped"},{"time":2.7667,"color":"ffffff00"},{"time":2.9667,"color":"ffffffff"},{"time":3.1667,"color":"ffffff00"}],"attachment":[{"time":0,"name":"yifushan2_"}]},"yifushan3_":{"color":[{"time":0,"color":"ffffff00","curve":"stepped"},{"time":0.3333,"color":"ffffff00"},{"time":0.5333,"color":"ffffffff"},{"time":0.7333,"color":"ffffff00","curve":"stepped"},{"time":0.9667,"color":"ffffff00"},{"time":1.1667,"color":"ffffffff"},{"time":1.3667,"color":"ffffff00","curve":"stepped"},{"time":1.6333,"color":"ffffff00"},{"time":1.8333,"color":"ffffffff"},{"time":2.0333,"color":"ffffff00","curve":"stepped"},{"time":2.2667,"color":"ffffff00"},{"time":2.4667,"color":"ffffffff"},{"time":2.6667,"color":"ffffff00","curve":"stepped"},{"time":2.9333,"color":"ffffff00"},{"time":3.1333,"color":"ffffffff"},{"time":3.3333,"color":"ffffff00"}],"attachment":[{"time":0,"name":"yifushan3_"}]},"yun_a_1":{"color":[{"time":0,"color":"ffffffff"},{"time":3.3333,"color":"ffffff00"}]},"yun_a_2":{"color":[{"time":0,"color":"ffffff00"},{"time":3.3333,"color":"ffffffff"}],"attachment":[{"time":0,"name":"yun_a_"}]}},"bones":{"yun_a_1":{"translate":[{"time":0,"x":0,"y":0},{"time":3.3333,"x":10,"y":0}]},"yun_a_2":{"translate":[{"time":0,"x":-10,"y":0},{"time":3.3333,"x":0,"y":0}]},"yun_d":{"translate":[{"time":0,"x":0,"y":-1.19,"curve":[0.25,0,0.75,1]},{"time":1.6667,"x":0,"y":1.39,"curve":[0.25,0,0.75,1]},{"time":3.3333,"x":0,"y":-1.19}],"scale":[{"time":0,"x":1,"y":1,"curve":[0.25,0,0.75,1]},{"time":1.6667,"x":1.031,"y":1.02,"curve":[0.25,0,0.75,1]},{"time":3.3333,"x":1,"y":1}],"shear":[{"time":0,"x":0,"y":0,"curve":[0.25,0,0.75,1]},{"time":1.6667,"x":-2.8,"y":-1.64,"curve":[0.25,0,0.75,1]},{"time":3.3333,"x":0,"y":0}]},"yun_b":{"translate":[{"time":0,"x":0,"y":0,"curve":[0.25,0,0.75,1]},{"time":1.6667,"x":-1.59,"y":-1.62,"curve":[0.25,0,0.75,1]},{"time":3.3333,"x":0,"y":0}],"scale":[{"time":0,"x":1,"y":1,"curve":[0.25,0,0.75,1]},{"time":1.6667,"x":0.965,"y":1.024,"curve":[0.25,0,0.75,1]},{"time":3.3333,"x":1,"y":1}],"shear":[{"time":0,"x":0,"y":0,"curve":[0.25,0,0.75,1]},{"time":1.6667,"x":2.04,"y":2.68,"curve":[0.25,0,0.75,1]},{"time":3.3333,"x":0,"y":0}]},"yun_c":{"rotate":[{"time":0,"angle":0,"curve":[0.25,0,0.75,1]},{"time":1.6667,"angle":-2.43,"curve":[0.25,0,0.75,1]},{"time":3.3333,"angle":0}],"translate":[{"time":0,"x":0,"y":0,"curve":[0.25,0,0.75,1]},{"time":1.6667,"x":-2.16,"y":1.14,"curve":[0.25,0,0.75,1]},{"time":3.3333,"x":0,"y":0}],"scale":[{"time":0,"x":1,"y":1,"curve":[0.25,0,0.75,1]},{"time":1.6667,"x":1,"y":1.029,"curve":[0.25,0,0.75,1]},{"time":3.3333,"x":1,"y":1}],"shear":[{"time":0,"x":0,"y":0,"curve":[0.25,0,0.75,1]},{"time":1.6667,"x":0,"y":0.92,"curve":[0.25,0,0.75,1]},{"time":3.3333,"x":0,"y":0}]},"fa2":{"rotate":[{"time":0,"angle":0,"curve":[0.25,0,0.75,1]},{"time":1.6667,"angle":-2.96,"curve":[0.25,0,0.75,1]},{"time":3.3333,"angle":0}],"translate":[{"time":0,"x":0,"y":0,"curve":[0.25,0,0.75,1]},{"time":1.6667,"x":-1.61,"y":0,"curve":[0.25,0,0.75,1]},{"time":3.3333,"x":0,"y":0}]},"fa3":{"rotate":[{"time":0,"angle":-0.72,"curve":[0.382,0.58,0.731,1]},{"time":0.5,"angle":0,"curve":[0.25,0,0.75,1]},{"time":2.1667,"angle":-2.96,"curve":[0.243,0,0.655,0.63]},{"time":3.3333,"angle":-0.72}]},"fa4":{"rotate":[{"time":0,"angle":-1.87,"curve":[0.363,0.44,0.755,1]},{"time":1,"angle":0,"curve":[0.25,0,0.75,1]},{"time":2.6667,"angle":-2.96,"curve":[0.258,0,0.619,0.45]},{"time":3.3333,"angle":-1.87}]},"fa5":{"rotate":[{"time":0,"angle":-2.83,"curve":[0.289,0.17,0.755,1]},{"time":1.5,"angle":0,"curve":[0.25,0,0.75,1]},{"time":3.1667,"angle":-2.96,"curve":[0.305,0,0.64,0.36]},{"time":3.3333,"angle":-2.83}]},"fa6":{"rotate":[{"time":0,"angle":-2.57,"curve":[0.375,0.62,0.716,1]},{"time":0.3333,"angle":-2.96,"curve":[0.25,0,0.75,1]},{"time":2,"angle":0,"curve":[0.243,0,0.68,0.71]},{"time":3.3333,"angle":-2.57}]},"fa7":{"rotate":[{"time":0,"angle":-1.48,"curve":[0.375,0.5,0.75,1]},{"time":0.8333,"angle":-2.96,"curve":[0.25,0,0.75,1]},{"time":2.5,"angle":0,"curve":[0.25,0,0.625,0.5]},{"time":3.3333,"angle":-1.48}]},"fa":{"shear":[{"time":0,"x":0,"y":0,"curve":[0.25,0,0.75,1]},{"time":0.8333,"x":2.98,"y":1.03,"curve":[0.25,0,0.75,1]},{"time":1.6667,"x":0,"y":0,"curve":[0.25,0,0.75,1]},{"time":2.5,"x":2.98,"y":1.03,"curve":[0.25,0,0.75,1]},{"time":3.3333,"x":0,"y":0}]},"dai1_2":{"rotate":[{"time":0,"angle":0,"curve":[0.25,0,0.75,1]},{"time":1.6667,"angle":-2.09,"curve":[0.25,0,0.75,1]},{"time":3.3333,"angle":0}]},"dai1_6":{"rotate":[{"time":0,"angle":-1.82,"curve":[0.32,0.29,0.757,1]},{"time":1.3333,"angle":0,"curve":[0.25,0,0.75,1]},{"time":3,"angle":-2.09,"curve":[0.284,0,0.625,0.38]},{"time":3.3333,"angle":-1.82}]},"dai1_5":{"rotate":[{"time":0,"angle":-1.32,"curve":[0.363,0.44,0.755,1]},{"time":1,"angle":9.86,"curve":[0.25,0,0.75,1]},{"time":2.6667,"angle":-2.09,"curve":[0.258,0,0.619,0.45]},{"time":3.3333,"angle":-1.32}]},"dai1_4":{"rotate":[{"time":0,"angle":-0.77,"curve":[0.381,0.55,0.742,1]},{"time":0.6667,"angle":0,"curve":[0.25,0,0.75,1]},{"time":2.3333,"angle":-2.09,"curve":[0.245,0,0.637,0.56]},{"time":3.3333,"angle":-0.77}]},"dai1_3":{"rotate":[{"time":0,"angle":-0.27,"curve":[0.375,0.62,0.716,1]},{"time":0.3333,"angle":0,"curve":[0.25,0,0.75,1]},{"time":2,"angle":-2.09,"curve":[0.243,0,0.68,0.71]},{"time":3.3333,"angle":-0.27}]},"dai":{"translate":[{"time":0,"x":0,"y":0,"curve":[0.25,0,0.75,1]},{"time":1.6667,"x":1.16,"y":-1.16,"curve":[0.25,0,0.75,1]},{"time":3.3333,"x":0,"y":0}],"shear":[{"time":0,"x":0,"y":0,"curve":[0.25,0,0.75,1]},{"time":1.6667,"x":-0.92,"y":-2.81,"curve":[0.25,0,0.75,1]},{"time":3.3333,"x":0,"y":0}]},"dai4":{"rotate":[{"time":0,"angle":0.69,"curve":[0.375,0.62,0.716,1]},{"time":0.3333,"angle":0,"curve":[0.25,0,0.75,1]},{"time":2,"angle":5.29,"curve":[0.243,0,0.68,0.71]},{"time":3.3333,"angle":0.69}]},"dai5":{"rotate":[{"time":0,"angle":1.95,"curve":[0.381,0.55,0.742,1]},{"time":0.6667,"angle":0,"curve":[0.25,0,0.75,1]},{"time":2.3333,"angle":1.84,"curve":[0.245,0,0.637,0.56]},{"time":3.3333,"angle":1.95}]},"dai6":{"rotate":[{"time":0,"angle":3.34,"curve":[0.363,0.44,0.755,1]},{"time":1,"angle":0,"curve":[0.25,0,0.75,1]},{"time":2.6667,"angle":5.29,"curve":[0.258,0,0.619,0.45]},{"time":3.3333,"angle":3.34}]},"dai7":{"rotate":[{"time":0,"angle":4.6,"curve":[0.32,0.29,0.757,1]},{"time":1.3333,"angle":0,"curve":[0.25,0,0.75,1]},{"time":3,"angle":5.29,"curve":[0.284,0,0.625,0.38]},{"time":3.3333,"angle":4.6}]},"dai3":{"translate":[{"time":0,"x":0,"y":0,"curve":[0.25,0,0.75,1]},{"time":1.6667,"x":-3.09,"y":0,"curve":[0.25,0,0.75,1]},{"time":3.3333,"x":0,"y":0}],"shear":[{"time":0,"x":-3.1,"y":-3.74,"curve":[0.25,0,0.75,1]},{"time":1.3333,"x":0,"y":0,"curve":[0.25,0,0.75,1]},{"time":3.3333,"x":-3.1,"y":-3.74}]},"ren":{"translate":[{"time":0,"x":0,"y":0,"curve":[0.25,0,0.75,1]},{"time":1.6667,"x":0,"y":3,"curve":[0.25,0,0.75,1]},{"time":3.3333,"x":0,"y":0}]},"ren3":{"rotate":[{"time":0,"angle":0,"curve":[0.25,0,0.75,1]},{"time":1.6667,"angle":4.15,"curve":[0.25,0,0.75,1]},{"time":3.3333,"angle":0}]},"di_liang":{"scale":[{"time":0,"x":1,"y":1,"curve":[0.25,0,0.75,1]},{"time":1.6667,"x":0.902,"y":1,"curve":[0.25,0,0.75,1]},{"time":3.3333,"x":1,"y":1}]},"guangqiu1":{"translate":[{"time":0.3333,"x":-78.57,"y":1.06},{"time":1.4,"x":21.56,"y":1.06},{"time":2.3333,"x":90.96,"y":1.06}],"scale":[{"time":0.3333,"x":1.233,"y":0.115},{"time":1.4,"x":2.605,"y":0.393},{"time":2.3333,"x":1.13,"y":0.105}]},"guangqiu2":{"translate":[{"time":0.5,"x":-15.07,"y":0,"curve":[0.25,0,0.75,1]},{"time":2.5,"x":95.64,"y":0}]},"yif":{"translate":[{"time":0,"x":0,"y":0},{"time":1.3,"x":-2.86,"y":-0.95},{"time":2.3333,"x":-1.88,"y":-0.47},{"time":3.3333,"x":0,"y":0}]},"huaban1_1":{"rotate":[{"time":0,"angle":-52.31,"curve":[0.25,0,0.75,1]},{"time":2.6667,"angle":56.21}],"translate":[{"time":0,"x":-49.64,"y":22.5,"curve":[0.25,0,0.75,1]},{"time":2.6667,"x":-94.48,"y":-46.1}],"scale":[{"time":0,"x":0.437,"y":0.437,"curve":[0.25,0,0.75,1]},{"time":2.6667,"x":0.752,"y":0.752}]},"huaban1_2":{"rotate":[{"time":1.6667,"angle":-52.31,"curve":[0.25,0,0.75,1]},{"time":3.1667,"angle":10.91}],"translate":[{"time":1.6667,"x":-116.7,"y":6.34,"curve":[0.25,0,0.75,1]},{"time":3.1667,"x":-133.94,"y":-16.66}],"scale":[{"time":1.6667,"x":0.5,"y":0.5}]},"huaban1_3":{"rotate":[{"time":0,"angle":-11.58,"curve":[0.369,0.47,0.753,1]},{"time":1,"angle":10.91,"curve":"stepped"},{"time":2.4,"angle":10.91,"curve":[0.38,0.53,0.746,1]},{"time":2.4333,"angle":-28.32,"curve":[0.254,0,0.621,0.47]},{"time":3.3333,"angle":-11.58}],"translate":[{"time":0,"x":125.49,"y":-27.92,"curve":[0.369,0.47,0.753,1]},{"time":1,"x":109.27,"y":-44.13,"curve":"stepped"},{"time":2.4,"x":109.27,"y":-44.13,"curve":[0.38,0.53,0.746,1]},{"time":2.4333,"x":137.55,"y":-15.85,"curve":[0.254,0,0.621,0.47]},{"time":3.3333,"x":125.49,"y":-27.92}],"scale":[{"time":0,"x":0.5,"y":0.5}]},"huaban1_4":{"rotate":[{"time":1.1333,"angle":-52.31,"curve":[0.25,0,0.75,1]},{"time":2.9,"angle":56.21}],"translate":[{"time":1.1333,"x":-30.36,"y":-10.07,"curve":[0.25,0,0.75,1]},{"time":2.9,"x":-51.6,"y":-53.01}],"scale":[{"time":1.1333,"x":0.437,"y":0.437}]},"huaban1_5":{"rotate":[{"time":0.6667,"angle":-52.31,"curve":[0.25,0,0.75,1]},{"time":3.3333,"angle":56.21}],"translate":[{"time":0.6667,"x":133.56,"y":2.94,"curve":[0.25,0,0.75,1]},{"time":3.3333,"x":88.72,"y":-52.5}],"scale":[{"time":0.6667,"x":0.437,"y":0.437,"curve":[0.25,0,0.75,1]},{"time":3.3333,"x":0.752,"y":0.752}]},"xx":{"translate":[{"time":0,"x":23.01,"y":-10.57}]}}}}}