{
"skeleton": { "hash": "hiPijoEjAmyifi7PFaBq2ZEUn9E", "spine": "2.1.27", "width": 654, "height": 363.99 },
"bones": [
	{ "name": "root" },
	{ "name": "L", "parent": "root", "y": 124, "scaleX": -1 },
	{ "name": "R", "parent": "root", "y": 124 }
],
"slots": [
	{ "name": "chibang_024_03_", "bone": "R", "attachment": "chibang_024_03_" },
	{ "name": "chibang_024_03_2", "bone": "L", "attachment": "chibang_024_03_" },
	{ "name": "chibang_024_02_", "bone": "R", "attachment": "chibang_024_02_" },
	{ "name": "chibang_024_02_2", "bone": "L", "attachment": "chibang_024_02_" },
	{ "name": "chibang_024_01_", "bone": "R", "attachment": "chibang_024_01_" },
	{ "name": "chibang_024_01_2", "bone": "L", "attachment": "chibang_024_01_" },
	{ "name": "chibang_023_03_", "bone": "R", "attachment": "chibang_023_03_" },
	{ "name": "chibang_023_03_2", "bone": "L", "attachment": "chibang_023_03_" },
	{ "name": "chibang_023_02_", "bone": "R", "attachment": "chibang_023_02_" },
	{ "name": "chibang_023_02_2", "bone": "L", "attachment": "chibang_023_02_" },
	{ "name": "chibang_023_01_", "bone": "R", "attachment": "chibang_023_01_" },
	{ "name": "chibang_023_01_2", "bone": "L", "attachment": "chibang_023_01_" },
	{ "name": "chibang_022_03_", "bone": "R", "attachment": "chibang_022_03_" },
	{ "name": "chibang_022_03_2", "bone": "L", "attachment": "chibang_022_03_" },
	{ "name": "chibang_022_02_", "bone": "R", "attachment": "chibang_022_02_" },
	{ "name": "chibang_022_02_2", "bone": "L", "attachment": "chibang_022_02_" },
	{ "name": "chibang_022_01_", "bone": "R", "attachment": "chibang_022_01_" },
	{ "name": "chibang_022_01_2", "bone": "L", "attachment": "chibang_022_01_" },
	{ "name": "chibang_021_03_", "bone": "R", "attachment": "chibang_021_03_" },
	{ "name": "chibang_021_03_2", "bone": "L", "attachment": "chibang_021_03_" },
	{ "name": "chibang_021_02_", "bone": "R", "attachment": "chibang_021_02_" },
	{ "name": "chibang_021_02_2", "bone": "L", "attachment": "chibang_021_02_" },
	{ "name": "chibang_021_01_", "bone": "R", "attachment": "chibang_021_01_" },
	{ "name": "chibang_021_01_2", "bone": "L", "attachment": "chibang_021_01_" },
	{ "name": "chibang_020_03_", "bone": "R", "attachment": "chibang_020_03_" },
	{ "name": "chibang_020_03_2", "bone": "L", "attachment": "chibang_020_03_" },
	{ "name": "chibang_020_02_", "bone": "R", "attachment": "chibang_020_02_" },
	{ "name": "chibang_020_02_2", "bone": "L", "attachment": "chibang_020_02_" },
	{ "name": "chibang_020_01_", "bone": "R", "attachment": "chibang_020_01_" },
	{ "name": "chibang_020_01_2", "bone": "L", "attachment": "chibang_020_01_" },
	{ "name": "chibang_019_03_", "bone": "R", "attachment": "chibang_019_03_" },
	{ "name": "chibang_019_03_2", "bone": "L", "attachment": "chibang_019_03_" },
	{ "name": "chibang_019_02_", "bone": "R", "attachment": "chibang_019_02_" },
	{ "name": "chibang_019_02_2", "bone": "L", "attachment": "chibang_019_02_" },
	{ "name": "chibang_019_01_", "bone": "R", "attachment": "chibang_019_01_" },
	{ "name": "chibang_019_01_2", "bone": "L", "attachment": "chibang_019_01_" },
	{ "name": "chibang_018_03_", "bone": "R", "attachment": "chibang_018_03_" },
	{ "name": "chibang_018_03_2", "bone": "L", "attachment": "chibang_018_03_" },
	{ "name": "chibang_018_02_", "bone": "R", "attachment": "chibang_018_02_" },
	{ "name": "chibang_018_02_2", "bone": "L", "attachment": "chibang_018_02_" },
	{ "name": "chibang_018_01_", "bone": "R", "attachment": "chibang_018_01_" },
	{ "name": "chibang_018_01_2", "bone": "L", "attachment": "chibang_018_01_" },
	{ "name": "chibang_017_03_", "bone": "R", "attachment": "chibang_017_03_" },
	{ "name": "chibang_017_03_2", "bone": "L", "attachment": "chibang_017_03_" },
	{ "name": "chibang_017_02_", "bone": "R", "attachment": "chibang_017_02_" },
	{ "name": "chibang_017_02_2", "bone": "L", "attachment": "chibang_017_02_" },
	{ "name": "chibang_017_01_", "bone": "R", "attachment": "chibang_017_01_" },
	{ "name": "chibang_017_01_2", "bone": "L", "attachment": "chibang_017_01_" },
	{ "name": "chibang_016_03_", "bone": "R", "attachment": "chibang_016_03_" },
	{ "name": "chibang_016_03_2", "bone": "L", "attachment": "chibang_016_03_" },
	{ "name": "chibang_016_02_", "bone": "R", "attachment": "chibang_016_02_" },
	{ "name": "chibang_016_02_2", "bone": "L", "attachment": "chibang_016_02_" },
	{ "name": "chibang_016_01_", "bone": "R", "attachment": "chibang_016_01_" },
	{ "name": "chibang_016_01_2", "bone": "L", "attachment": "chibang_016_01_" },
	{ "name": "chibang_015_03_", "bone": "R", "attachment": "chibang_015_03_" },
	{ "name": "chibang_015_03_2", "bone": "L", "attachment": "chibang_015_03_" },
	{ "name": "chibang_015_02_", "bone": "R", "attachment": "chibang_015_02_" },
	{ "name": "chibang_015_02_2", "bone": "L", "attachment": "chibang_015_02_" },
	{ "name": "chibang_015_01_", "bone": "R", "attachment": "chibang_015_01_" },
	{ "name": "chibang_015_01_2", "bone": "L", "attachment": "chibang_015_01_" },
	{ "name": "chibang_014_03_", "bone": "R", "attachment": "chibang_014_03_" },
	{ "name": "chibang_014_03_2", "bone": "L", "attachment": "chibang_014_03_" },
	{ "name": "chibang_014_02_", "bone": "R", "attachment": "chibang_014_02_" },
	{ "name": "chibang_014_02_2", "bone": "L", "attachment": "chibang_014_02_" },
	{ "name": "chibang_014_01_", "bone": "R", "attachment": "chibang_014_01_" },
	{ "name": "chibang_014_01_2", "bone": "L", "attachment": "chibang_014_01_" },
	{ "name": "chibang_013_03_", "bone": "R", "attachment": "chibang_013_03_" },
	{ "name": "chibang_013_03_2", "bone": "L", "attachment": "chibang_013_03_" },
	{ "name": "chibang_013_02_", "bone": "R", "attachment": "chibang_013_02_" },
	{ "name": "chibang_013_02_2", "bone": "L", "attachment": "chibang_013_02_" },
	{ "name": "chibang_013_01_", "bone": "R", "attachment": "chibang_013_01_" },
	{ "name": "chibang_013_01_2", "bone": "L", "attachment": "chibang_013_01_" },
	{ "name": "chibang_012_03_", "bone": "R", "attachment": "chibang_012_03_" },
	{ "name": "chibang_012_03_2", "bone": "L", "attachment": "chibang_012_03_" },
	{ "name": "chibang_012_02_", "bone": "R", "attachment": "chibang_012_02_" },
	{ "name": "chibang_012_02_2", "bone": "L", "attachment": "chibang_012_02_" },
	{ "name": "chibang_012_01_", "bone": "R", "attachment": "chibang_012_01_" },
	{ "name": "chibang_012_01_2", "bone": "L", "attachment": "chibang_012_01_" },
	{ "name": "chibang_011_03_", "bone": "R", "attachment": "chibang_011_03_" },
	{ "name": "chibang_011_03_2", "bone": "L", "attachment": "chibang_011_03_" },
	{ "name": "chibang_011_02_", "bone": "R", "attachment": "chibang_011_02_" },
	{ "name": "chibang_011_02_2", "bone": "L", "attachment": "chibang_011_02_" },
	{ "name": "chibang_011_01_", "bone": "R", "attachment": "chibang_011_01_" },
	{ "name": "chibang_011_01_2", "bone": "L", "attachment": "chibang_011_01_" },
	{ "name": "chibang_010_03_", "bone": "R", "attachment": "chibang_010_03_" },
	{ "name": "chibang_010_03_2", "bone": "L", "attachment": "chibang_010_03_" },
	{ "name": "chibang_010_02_", "bone": "R", "attachment": "chibang_010_02_" },
	{ "name": "chibang_010_02_2", "bone": "L", "attachment": "chibang_010_02_" },
	{ "name": "chibang_010_01_", "bone": "R", "attachment": "chibang_010_01_" },
	{ "name": "chibang_010_01_2", "bone": "L", "attachment": "chibang_010_01_" },
	{ "name": "chibang_009_03_", "bone": "R", "attachment": "chibang_009_03_" },
	{ "name": "chibang_009_03_2", "bone": "L", "attachment": "chibang_009_03_" },
	{ "name": "chibang_009_02_", "bone": "R", "attachment": "chibang_009_02_" },
	{ "name": "chibang_009_02_2", "bone": "L", "attachment": "chibang_009_02_" },
	{ "name": "chibang_009_01_", "bone": "R", "attachment": "chibang_009_01_" },
	{ "name": "chibang_009_01_2", "bone": "L", "attachment": "chibang_009_01_" },
	{ "name": "chibang_008_03_", "bone": "R", "attachment": "chibang_008_03_" },
	{ "name": "chibang_008_03_2", "bone": "L", "attachment": "chibang_008_03_" },
	{ "name": "chibang_008_02_", "bone": "R", "attachment": "chibang_008_02_" },
	{ "name": "chibang_008_02_2", "bone": "L", "attachment": "chibang_008_02_" },
	{ "name": "chibang_008_01_", "bone": "R", "attachment": "chibang_008_01_" },
	{ "name": "chibang_008_01_2", "bone": "L", "attachment": "chibang_008_01_" },
	{ "name": "chibang_007_03_", "bone": "R", "attachment": "chibang_007_03_" },
	{ "name": "chibang_007_03_2", "bone": "L", "attachment": "chibang_007_03_" },
	{ "name": "chibang_007_02_", "bone": "R", "attachment": "chibang_007_02_" },
	{ "name": "chibang_007_02_2", "bone": "L", "attachment": "chibang_007_02_" },
	{ "name": "chibang_007_01_", "bone": "R", "attachment": "chibang_007_01_" },
	{ "name": "chibang_007_01_2", "bone": "L", "attachment": "chibang_007_01_" },
	{ "name": "chibang_006_03_", "bone": "R", "attachment": "chibang_006_03_" },
	{ "name": "chibang_006_03_2", "bone": "L", "attachment": "chibang_006_03_" },
	{ "name": "chibang_006_02_", "bone": "R", "attachment": "chibang_006_02_" },
	{ "name": "chibang_006_02_2", "bone": "L", "attachment": "chibang_006_02_" },
	{ "name": "chibang_006_01_", "bone": "R", "attachment": "chibang_006_01_" },
	{ "name": "chibang_006_01_2", "bone": "L", "attachment": "chibang_006_01_" },
	{ "name": "chibang_005_03_", "bone": "R", "attachment": "chibang_005_03_" },
	{ "name": "chibang_005_03_2", "bone": "L", "attachment": "chibang_005_03_" },
	{ "name": "chibang_005_02_", "bone": "R", "attachment": "chibang_005_02_" },
	{ "name": "chibang_005_02_2", "bone": "L", "attachment": "chibang_005_02_" },
	{ "name": "chibang_005_01_", "bone": "R", "attachment": "chibang_005_01_" },
	{ "name": "chibang_005_01_2", "bone": "L", "attachment": "chibang_005_01_" },
	{ "name": "chibang_004_03_", "bone": "R", "attachment": "chibang_004_03_" },
	{ "name": "chibang_004_03_2", "bone": "L", "attachment": "chibang_004_03_" },
	{ "name": "chibang_004_02_", "bone": "R", "attachment": "chibang_004_02_" },
	{ "name": "chibang_004_02_2", "bone": "L", "attachment": "chibang_004_02_" },
	{ "name": "chibang_004_01_", "bone": "R", "attachment": "chibang_004_01_" },
	{ "name": "chibang_004_01_2", "bone": "L", "attachment": "chibang_004_01_" },
	{ "name": "chibang_003_03_", "bone": "R", "attachment": "chibang_003_03_" },
	{ "name": "chibang_003_03_2", "bone": "L", "attachment": "chibang_003_03_" },
	{ "name": "chibang_003_02_", "bone": "R", "attachment": "chibang_003_02_" },
	{ "name": "chibang_003_02_2", "bone": "L", "attachment": "chibang_003_02_" },
	{ "name": "chibang_003_01_", "bone": "R", "attachment": "chibang_003_01_" },
	{ "name": "chibang_003_01_2", "bone": "L", "attachment": "chibang_003_01_" },
	{ "name": "chibang_002_03_", "bone": "R", "attachment": "chibang_002_03_" },
	{ "name": "chibang_002_03_2", "bone": "L", "attachment": "chibang_002_03_" },
	{ "name": "chibang_002_02_", "bone": "R", "attachment": "chibang_002_02_" },
	{ "name": "chibang_002_02_2", "bone": "L", "attachment": "chibang_002_02_" },
	{ "name": "chibang_002_01_", "bone": "R", "attachment": "chibang_002_01_" },
	{ "name": "chibang_002_01_2", "bone": "L", "attachment": "chibang_002_01_" },
	{ "name": "chibang_001_03_", "bone": "R", "attachment": "chibang_001_03_" },
	{ "name": "chibang_001_03_2", "bone": "L", "attachment": "chibang_001_03_" },
	{ "name": "chibang_001_02_", "bone": "R", "attachment": "chibang_001_02_" },
	{ "name": "chibang_001_02_2", "bone": "L", "attachment": "chibang_001_02_" },
	{ "name": "chibang_001_01_", "bone": "R", "attachment": "chibang_001_01_" },
	{ "name": "chibang_001_01_2", "bone": "L", "attachment": "chibang_001_01_" },
	{ "name": "chibang_000_04_", "bone": "R", "attachment": "chibang_000_04_" },
	{ "name": "chibang_000_04_2", "bone": "L", "attachment": "chibang_000_04_" },
	{ "name": "chibang_000_03_", "bone": "R", "attachment": "chibang_000_03_" },
	{ "name": "chibang_000_03_2", "bone": "L", "attachment": "chibang_000_03_" },
	{ "name": "chibang_000_02_", "bone": "R", "attachment": "chibang_000_02_" },
	{ "name": "chibang_000_02_2", "bone": "L", "attachment": "chibang_000_02_" },
	{ "name": "chibang_000_01_", "bone": "R", "attachment": "chibang_000_01_" },
	{ "name": "chibang_000_01_2", "bone": "L", "attachment": "chibang_000_01_" },
	{ "name": "hua_024_03_", "bone": "root", "attachment": "hua_024_03_" },
	{ "name": "hua_024_02_", "bone": "root", "attachment": "hua_024_02_" },
	{ "name": "hua_024_01_", "bone": "root", "attachment": "hua_024_01_" },
	{ "name": "hua_023_03_", "bone": "root", "attachment": "hua_023_03_" },
	{ "name": "hua_023_02_", "bone": "root", "attachment": "hua_023_02_" },
	{ "name": "hua_023_01_", "bone": "root", "attachment": "hua_023_01_" },
	{ "name": "hua_022_03_", "bone": "root", "attachment": "hua_022_03_" },
	{ "name": "hua_022_02_", "bone": "root", "attachment": "hua_022_02_" },
	{ "name": "hua_022_01_", "bone": "root", "attachment": "hua_022_01_" },
	{ "name": "hua_021_03_", "bone": "root", "attachment": "hua_021_03_" },
	{ "name": "hua_021_02_", "bone": "root", "attachment": "hua_021_02_" },
	{ "name": "hua_021_01_", "bone": "root", "attachment": "hua_021_01_" },
	{ "name": "hua_020_03_", "bone": "root", "attachment": "hua_020_03_" },
	{ "name": "hua_020_02_", "bone": "root", "attachment": "hua_020_02_" },
	{ "name": "hua_020_01_", "bone": "root", "attachment": "hua_020_01_" },
	{ "name": "hua_019_03_", "bone": "root", "attachment": "hua_019_03_" },
	{ "name": "hua_019_02_", "bone": "root", "attachment": "hua_019_02_" },
	{ "name": "hua_019_01_", "bone": "root", "attachment": "hua_019_01_" },
	{ "name": "hua_018_03_", "bone": "root", "attachment": "hua_018_03_" },
	{ "name": "hua_018_02_", "bone": "root", "attachment": "hua_018_02_" },
	{ "name": "hua_018_01_", "bone": "root", "attachment": "hua_018_01_" },
	{ "name": "hua_017_03_", "bone": "root", "attachment": "hua_017_03_" },
	{ "name": "hua_017_02_", "bone": "root", "attachment": "hua_017_02_" },
	{ "name": "hua_017_01_", "bone": "root", "attachment": "hua_017_01_" },
	{ "name": "hua_016_03_", "bone": "root", "attachment": "hua_016_03_" },
	{ "name": "hua_016_02_", "bone": "root", "attachment": "hua_016_02_" },
	{ "name": "hua_016_01_", "bone": "root", "attachment": "hua_016_01_" },
	{ "name": "hua_015_03_", "bone": "root", "attachment": "hua_015_03_" },
	{ "name": "hua_015_02_", "bone": "root", "attachment": "hua_015_02_" },
	{ "name": "hua_015_01_", "bone": "root", "attachment": "hua_015_01_" },
	{ "name": "hua_014_03_", "bone": "root", "attachment": "hua_014_03_" },
	{ "name": "hua_014_02_", "bone": "root", "attachment": "hua_014_02_" },
	{ "name": "hua_014_01_", "bone": "root", "attachment": "hua_014_01_" },
	{ "name": "hua_013_03_", "bone": "root", "attachment": "hua_013_03_" },
	{ "name": "hua_013_02_", "bone": "root", "attachment": "hua_013_02_" },
	{ "name": "hua_013_01_", "bone": "root", "attachment": "hua_013_01_" },
	{ "name": "hua_012_03_", "bone": "root", "attachment": "hua_012_03_" },
	{ "name": "hua_012_02_", "bone": "root", "attachment": "hua_012_02_" },
	{ "name": "hua_012_01_", "bone": "root", "attachment": "hua_012_01_" },
	{ "name": "hua_011_03_", "bone": "root", "attachment": "hua_011_03_" },
	{ "name": "hua_011_02_", "bone": "root", "attachment": "hua_011_02_" },
	{ "name": "hua_011_01_", "bone": "root", "attachment": "hua_011_01_" },
	{ "name": "hua_010_03_", "bone": "root", "attachment": "hua_010_03_" },
	{ "name": "hua_010_02_", "bone": "root", "attachment": "hua_010_02_" },
	{ "name": "hua_010_01_", "bone": "root", "attachment": "hua_010_01_" },
	{ "name": "hua_009_03_", "bone": "root", "attachment": "hua_009_03_" },
	{ "name": "hua_009_02_", "bone": "root", "attachment": "hua_009_02_" },
	{ "name": "hua_009_01_", "bone": "root", "attachment": "hua_009_01_" },
	{ "name": "hua_008_03_", "bone": "root", "attachment": "hua_008_03_" },
	{ "name": "hua_008_02_", "bone": "root", "attachment": "hua_008_02_" },
	{ "name": "hua_008_01_", "bone": "root", "attachment": "hua_008_01_" },
	{ "name": "hua_007_03_", "bone": "root", "attachment": "hua_007_03_" },
	{ "name": "hua_007_02_", "bone": "root", "attachment": "hua_007_02_" },
	{ "name": "hua_007_01_", "bone": "root", "attachment": "hua_007_01_" },
	{ "name": "hua_006_03_", "bone": "root", "attachment": "hua_006_03_" },
	{ "name": "hua_006_02_", "bone": "root", "attachment": "hua_006_02_" },
	{ "name": "hua_006_01_", "bone": "root", "attachment": "hua_006_01_" },
	{ "name": "hua_005_03_", "bone": "root", "attachment": "hua_005_03_" },
	{ "name": "hua_005_02_", "bone": "root", "attachment": "hua_005_02_" },
	{ "name": "hua_005_01_", "bone": "root", "attachment": "hua_005_01_" },
	{ "name": "hua_004_03_", "bone": "root", "attachment": "hua_004_03_" },
	{ "name": "hua_004_02_", "bone": "root", "attachment": "hua_004_02_" },
	{ "name": "hua_004_01_", "bone": "root", "attachment": "hua_004_01_" },
	{ "name": "hua_003_03_", "bone": "root", "attachment": "hua_003_03_" },
	{ "name": "hua_003_02_", "bone": "root", "attachment": "hua_003_02_" },
	{ "name": "hua_003_01_", "bone": "root", "attachment": "hua_003_01_" },
	{ "name": "hua_002_03_", "bone": "root", "attachment": "hua_002_03_" },
	{ "name": "hua_002_02_", "bone": "root", "attachment": "hua_002_02_" },
	{ "name": "hua_002_01_", "bone": "root", "attachment": "hua_002_01_" },
	{ "name": "hua_001_03_", "bone": "root", "attachment": "hua_001_03_" },
	{ "name": "hua_001_02_", "bone": "root", "attachment": "hua_001_02_" },
	{ "name": "hua_001_01_", "bone": "root", "attachment": "hua_001_01_" },
	{ "name": "hua_000_03_", "bone": "root", "attachment": "hua_000_03_" },
	{ "name": "hua_000_02_", "bone": "root", "attachment": "hua_000_02_" },
	{ "name": "hua_000_01_", "bone": "root", "attachment": "hua_000_01_" }
],
"skins": {
	"default": {
		"chibang_000_01_": {
			"chibang_000_01_": { "x": 232, "y": 184.99, "width": 104, "height": 96 }
		},
		"chibang_000_01_2": {
			"chibang_000_01_": { "x": 232, "y": 184.99, "width": 104, "height": 96 }
		},
		"chibang_000_02_": {
			"chibang_000_02_": { "x": 195.5, "y": 76, "width": 183, "height": 122 }
		},
		"chibang_000_02_2": {
			"chibang_000_02_": { "x": 195.5, "y": 76, "width": 183, "height": 122 }
		},
		"chibang_000_03_": {
			"chibang_000_03_": { "x": 163, "y": -41.5, "width": 124, "height": 113 }
		},
		"chibang_000_03_2": {
			"chibang_000_03_": { "x": 163, "y": -41.5, "width": 124, "height": 113 }
		},
		"chibang_000_04_": {
			"chibang_000_04_": { "x": 245.5, "y": 5, "width": 41, "height": 16 }
		},
		"chibang_000_04_2": {
			"chibang_000_04_": { "x": 245.5, "y": 5, "width": 41, "height": 16 }
		},
		"chibang_001_01_": {
			"chibang_001_01_": { "x": 242.5, "y": 185.49, "width": 99, "height": 87 }
		},
		"chibang_001_01_2": {
			"chibang_001_01_": { "x": 242.5, "y": 185.49, "width": 99, "height": 87 }
		},
		"chibang_001_02_": {
			"chibang_001_02_": { "x": 199, "y": 78, "width": 186, "height": 128 }
		},
		"chibang_001_02_2": {
			"chibang_001_02_": { "x": 199, "y": 78, "width": 186, "height": 128 }
		},
		"chibang_001_03_": {
			"chibang_001_03_": { "x": 183, "y": -42.5, "width": 166, "height": 113 }
		},
		"chibang_001_03_2": {
			"chibang_001_03_": { "x": 183, "y": -42.5, "width": 166, "height": 113 }
		},
		"chibang_002_01_": {
			"chibang_002_01_": { "x": 238, "y": 171.49, "width": 124, "height": 105 }
		},
		"chibang_002_01_2": {
			"chibang_002_01_": { "x": 238, "y": 171.49, "width": 124, "height": 105 }
		},
		"chibang_002_02_": {
			"chibang_002_02_": { "x": 200.5, "y": 50.5, "width": 195, "height": 137 }
		},
		"chibang_002_02_2": {
			"chibang_002_02_": { "x": 200.5, "y": 50.5, "width": 195, "height": 137 }
		},
		"chibang_002_03_": {
			"chibang_002_03_": { "x": 157, "y": -59.5, "width": 116, "height": 83 }
		},
		"chibang_002_03_2": {
			"chibang_002_03_": { "x": 157, "y": -59.5, "width": 116, "height": 83 }
		},
		"chibang_003_01_": {
			"chibang_003_01_": { "x": 241, "y": 163.49, "width": 136, "height": 109 }
		},
		"chibang_003_01_2": {
			"chibang_003_01_": { "x": 241, "y": 163.49, "width": 136, "height": 109 }
		},
		"chibang_003_02_": {
			"chibang_003_02_": { "x": 200.5, "y": 42.5, "width": 205, "height": 133 }
		},
		"chibang_003_02_2": {
			"chibang_003_02_": { "x": 200.5, "y": 42.5, "width": 205, "height": 133 }
		},
		"chibang_003_03_": {
			"chibang_003_03_": { "x": 157, "y": -62.5, "width": 112, "height": 77 }
		},
		"chibang_003_03_2": {
			"chibang_003_03_": { "x": 157, "y": -62.5, "width": 112, "height": 77 }
		},
		"chibang_004_01_": {
			"chibang_004_01_": { "x": 247, "y": 161.49, "width": 138, "height": 101 }
		},
		"chibang_004_01_2": {
			"chibang_004_01_": { "x": 247, "y": 161.49, "width": 138, "height": 101 }
		},
		"chibang_004_02_": {
			"chibang_004_02_": { "x": 202, "y": 43, "width": 210, "height": 136 }
		},
		"chibang_004_02_2": {
			"chibang_004_02_": { "x": 202, "y": 43, "width": 210, "height": 136 }
		},
		"chibang_004_03_": {
			"chibang_004_03_": { "x": 155.5, "y": -63, "width": 111, "height": 76 }
		},
		"chibang_004_03_2": {
			"chibang_004_03_": { "x": 155.5, "y": -63, "width": 111, "height": 76 }
		},
		"chibang_005_01_": {
			"chibang_005_01_": { "x": 248, "y": 155.49, "width": 148, "height": 103 }
		},
		"chibang_005_01_2": {
			"chibang_005_01_": { "x": 248, "y": 155.49, "width": 148, "height": 103 }
		},
		"chibang_005_02_": {
			"chibang_005_02_": { "x": 204, "y": 38, "width": 214, "height": 132 }
		},
		"chibang_005_02_2": {
			"chibang_005_02_": { "x": 204, "y": 38, "width": 214, "height": 132 }
		},
		"chibang_005_03_": {
			"chibang_005_03_": { "x": 154, "y": -64, "width": 110, "height": 72 }
		},
		"chibang_005_03_2": {
			"chibang_005_03_": { "x": 154, "y": -64, "width": 110, "height": 72 }
		},
		"chibang_006_01_": {
			"chibang_006_01_": { "x": 244.5, "y": 147.49, "width": 163, "height": 109 }
		},
		"chibang_006_01_2": {
			"chibang_006_01_": { "x": 244.5, "y": 147.49, "width": 163, "height": 109 }
		},
		"chibang_006_02_": {
			"chibang_006_02_": { "x": 205, "y": 30.5, "width": 216, "height": 125 }
		},
		"chibang_006_02_2": {
			"chibang_006_02_": { "x": 205, "y": 30.5, "width": 216, "height": 125 }
		},
		"chibang_006_03_": {
			"chibang_006_03_": { "x": 153, "y": -65.5, "width": 108, "height": 67 }
		},
		"chibang_006_03_2": {
			"chibang_006_03_": { "x": 153, "y": -65.5, "width": 108, "height": 67 }
		},
		"chibang_007_01_": {
			"chibang_007_01_": { "x": 241, "y": 145.49, "width": 172, "height": 107 }
		},
		"chibang_007_01_2": {
			"chibang_007_01_": { "x": 241, "y": 145.49, "width": 172, "height": 107 }
		},
		"chibang_007_02_": {
			"chibang_007_02_": { "x": 205.5, "y": 30, "width": 217, "height": 124 }
		},
		"chibang_007_02_2": {
			"chibang_007_02_": { "x": 205.5, "y": 30, "width": 217, "height": 124 }
		},
		"chibang_007_03_": {
			"chibang_007_03_": { "x": 152, "y": -64.5, "width": 106, "height": 65 }
		},
		"chibang_007_03_2": {
			"chibang_007_03_": { "x": 152, "y": -64.5, "width": 106, "height": 65 }
		},
		"chibang_008_01_": {
			"chibang_008_01_": { "x": 233, "y": 142.99, "width": 186, "height": 110 }
		},
		"chibang_008_01_2": {
			"chibang_008_01_": { "x": 233, "y": 142.99, "width": 186, "height": 110 }
		},
		"chibang_008_02_": {
			"chibang_008_02_": { "x": 205.5, "y": 28, "width": 217, "height": 120 }
		},
		"chibang_008_02_2": {
			"chibang_008_02_": { "x": 205.5, "y": 28, "width": 217, "height": 120 }
		},
		"chibang_008_03_": {
			"chibang_008_03_": { "x": 152, "y": -63.5, "width": 104, "height": 63 }
		},
		"chibang_008_03_2": {
			"chibang_008_03_": { "x": 152, "y": -63.5, "width": 104, "height": 63 }
		},
		"chibang_009_01_": {
			"chibang_009_01_": { "x": 237, "y": 146.99, "width": 170, "height": 100 }
		},
		"chibang_009_01_2": {
			"chibang_009_01_": { "x": 237, "y": 146.99, "width": 170, "height": 100 }
		},
		"chibang_009_02_": {
			"chibang_009_02_": { "x": 205, "y": 31, "width": 214, "height": 132 }
		},
		"chibang_009_02_2": {
			"chibang_009_02_": { "x": 205, "y": 31, "width": 214, "height": 132 }
		},
		"chibang_009_03_": {
			"chibang_009_03_": { "x": 152, "y": -63.5, "width": 102, "height": 57 }
		},
		"chibang_009_03_2": {
			"chibang_009_03_": { "x": 152, "y": -63.5, "width": 102, "height": 57 }
		},
		"chibang_010_01_": {
			"chibang_010_01_": { "x": 245, "y": 158.99, "width": 142, "height": 80 }
		},
		"chibang_010_01_2": {
			"chibang_010_01_": { "x": 245, "y": 158.99, "width": 142, "height": 80 }
		},
		"chibang_010_02_": {
			"chibang_010_02_": { "x": 204.5, "y": 44.5, "width": 211, "height": 149 }
		},
		"chibang_010_02_2": {
			"chibang_010_02_": { "x": 204.5, "y": 44.5, "width": 211, "height": 149 }
		},
		"chibang_010_03_": {
			"chibang_010_03_": { "x": 152, "y": -60, "width": 100, "height": 60 }
		},
		"chibang_010_03_2": {
			"chibang_010_03_": { "x": 152, "y": -60, "width": 100, "height": 60 }
		},
		"chibang_011_01_": {
			"chibang_011_01_": { "x": 235, "y": 156.49, "width": 148, "height": 89 }
		},
		"chibang_011_01_2": {
			"chibang_011_01_": { "x": 235, "y": 156.49, "width": 148, "height": 89 }
		},
		"chibang_011_02_": {
			"chibang_011_02_": { "x": 203.5, "y": 42.5, "width": 207, "height": 139 }
		},
		"chibang_011_02_2": {
			"chibang_011_02_": { "x": 203.5, "y": 42.5, "width": 207, "height": 139 }
		},
		"chibang_011_03_": {
			"chibang_011_03_": { "x": 153, "y": -57, "width": 100, "height": 60 }
		},
		"chibang_011_03_2": {
			"chibang_011_03_": { "x": 153, "y": -57, "width": 100, "height": 60 }
		},
		"chibang_012_01_": {
			"chibang_012_01_": { "x": 228, "y": 157.99, "width": 146, "height": 92 }
		},
		"chibang_012_01_2": {
			"chibang_012_01_": { "x": 228, "y": 157.99, "width": 146, "height": 92 }
		},
		"chibang_012_02_": {
			"chibang_012_02_": { "x": 202, "y": 45.5, "width": 202, "height": 133 }
		},
		"chibang_012_02_2": {
			"chibang_012_02_": { "x": 202, "y": 45.5, "width": 202, "height": 133 }
		},
		"chibang_012_03_": {
			"chibang_012_03_": { "x": 153.5, "y": -53, "width": 101, "height": 64 }
		},
		"chibang_012_03_2": {
			"chibang_012_03_": { "x": 153.5, "y": -53, "width": 101, "height": 64 }
		},
		"chibang_013_01_": {
			"chibang_013_01_": { "x": 221.5, "y": 160.49, "width": 141, "height": 95 }
		},
		"chibang_013_01_2": {
			"chibang_013_01_": { "x": 221.5, "y": 160.49, "width": 141, "height": 95 }
		},
		"chibang_013_02_": {
			"chibang_013_02_": { "x": 199.5, "y": 46.5, "width": 197, "height": 133 }
		},
		"chibang_013_02_2": {
			"chibang_013_02_": { "x": 199.5, "y": 46.5, "width": 197, "height": 133 }
		},
		"chibang_013_03_": {
			"chibang_013_03_": { "x": 155, "y": -51.5, "width": 100, "height": 63 }
		},
		"chibang_013_03_2": {
			"chibang_013_03_": { "x": 155, "y": -51.5, "width": 100, "height": 63 }
		},
		"chibang_014_01_": {
			"chibang_014_01_": { "x": 221, "y": 168.99, "width": 126, "height": 86 }
		},
		"chibang_014_01_2": {
			"chibang_014_01_": { "x": 221, "y": 168.99, "width": 126, "height": 86 }
		},
		"chibang_014_02_": {
			"chibang_014_02_": { "x": 196.5, "y": 55.5, "width": 193, "height": 141 }
		},
		"chibang_014_02_2": {
			"chibang_014_02_": { "x": 196.5, "y": 55.5, "width": 193, "height": 141 }
		},
		"chibang_014_03_": {
			"chibang_014_03_": { "x": 156.5, "y": -48, "width": 99, "height": 66 }
		},
		"chibang_014_03_2": {
			"chibang_014_03_": { "x": 156.5, "y": -48, "width": 99, "height": 66 }
		},
		"chibang_015_01_": {
			"chibang_015_01_": { "x": 212.5, "y": 168.49, "width": 127, "height": 97 }
		},
		"chibang_015_01_2": {
			"chibang_015_01_": { "x": 212.5, "y": 168.49, "width": 127, "height": 97 }
		},
		"chibang_015_02_": {
			"chibang_015_02_": { "x": 193, "y": 55.5, "width": 190, "height": 129 }
		},
		"chibang_015_02_2": {
			"chibang_015_02_": { "x": 193, "y": 55.5, "width": 190, "height": 129 }
		},
		"chibang_015_03_": {
			"chibang_015_03_": { "x": 156, "y": -44.5, "width": 104, "height": 71 }
		},
		"chibang_015_03_2": {
			"chibang_015_03_": { "x": 156, "y": -44.5, "width": 104, "height": 71 }
		},
		"chibang_016_01_": {
			"chibang_016_01_": { "x": 212, "y": 175.99, "width": 118, "height": 92 }
		},
		"chibang_016_01_2": {
			"chibang_016_01_": { "x": 212, "y": 175.99, "width": 118, "height": 92 }
		},
		"chibang_016_02_": {
			"chibang_016_02_": { "x": 190, "y": 60.5, "width": 186, "height": 139 }
		},
		"chibang_016_02_2": {
			"chibang_016_02_": { "x": 190, "y": 60.5, "width": 186, "height": 139 }
		},
		"chibang_016_03_": {
			"chibang_016_03_": { "x": 157.5, "y": -44, "width": 105, "height": 70 }
		},
		"chibang_016_03_2": {
			"chibang_016_03_": { "x": 157.5, "y": -44, "width": 105, "height": 70 }
		},
		"chibang_017_01_": {
			"chibang_017_01_": { "x": 208, "y": 177.99, "width": 116, "height": 98 }
		},
		"chibang_017_01_2": {
			"chibang_017_01_": { "x": 208, "y": 177.99, "width": 116, "height": 98 }
		},
		"chibang_017_02_": {
			"chibang_017_02_": { "x": 187.5, "y": 55, "width": 183, "height": 148 }
		},
		"chibang_017_02_2": {
			"chibang_017_02_": { "x": 187.5, "y": 55, "width": 183, "height": 148 }
		},
		"chibang_017_03_": {
			"chibang_017_03_": { "x": 162, "y": -49, "width": 102, "height": 60 }
		},
		"chibang_017_03_2": {
			"chibang_017_03_": { "x": 162, "y": -49, "width": 102, "height": 60 }
		},
		"chibang_018_01_": {
			"chibang_018_01_": { "x": 206.5, "y": 180.99, "width": 115, "height": 102 }
		},
		"chibang_018_01_2": {
			"chibang_018_01_": { "x": 206.5, "y": 180.99, "width": 115, "height": 102 }
		},
		"chibang_018_02_": {
			"chibang_018_02_": { "x": 185.5, "y": 55.5, "width": 179, "height": 155 }
		},
		"chibang_018_02_2": {
			"chibang_018_02_": { "x": 185.5, "y": 55.5, "width": 179, "height": 155 }
		},
		"chibang_018_03_": {
			"chibang_018_03_": { "x": 163.5, "y": -51, "width": 103, "height": 58 }
		},
		"chibang_018_03_2": {
			"chibang_018_03_": { "x": 163.5, "y": -51, "width": 103, "height": 58 }
		},
		"chibang_019_01_": {
			"chibang_019_01_": { "x": 206.5, "y": 183.99, "width": 111, "height": 102 }
		},
		"chibang_019_01_2": {
			"chibang_019_01_": { "x": 206.5, "y": 183.99, "width": 111, "height": 102 }
		},
		"chibang_019_02_": {
			"chibang_019_02_": { "x": 185, "y": 43.5, "width": 176, "height": 183 }
		},
		"chibang_019_02_2": {
			"chibang_019_02_": { "x": 185, "y": 43.5, "width": 176, "height": 183 }
		},
		"chibang_019_03_": {
			"chibang_019_03_": { "x": 154.5, "y": -64.5, "width": 71, "height": 33 }
		},
		"chibang_019_03_2": {
			"chibang_019_03_": { "x": 154.5, "y": -64.5, "width": 71, "height": 33 }
		},
		"chibang_020_01_": {
			"chibang_020_01_": { "x": 211, "y": 188.49, "width": 104, "height": 99 }
		},
		"chibang_020_01_2": {
			"chibang_020_01_": { "x": 211, "y": 188.49, "width": 104, "height": 99 }
		},
		"chibang_020_02_": {
			"chibang_020_02_": { "x": 185.5, "y": 45, "width": 175, "height": 188 }
		},
		"chibang_020_02_2": {
			"chibang_020_02_": { "x": 185.5, "y": 45, "width": 175, "height": 188 }
		},
		"chibang_020_03_": {
			"chibang_020_03_": { "x": 153.5, "y": -66.5, "width": 71, "height": 35 }
		},
		"chibang_020_03_2": {
			"chibang_020_03_": { "x": 153.5, "y": -66.5, "width": 71, "height": 35 }
		},
		"chibang_021_01_": {
			"chibang_021_01_": { "x": 216.5, "y": 191.49, "width": 99, "height": 95 }
		},
		"chibang_021_01_2": {
			"chibang_021_01_": { "x": 216.5, "y": 191.49, "width": 99, "height": 95 }
		},
		"chibang_021_02_": {
			"chibang_021_02_": { "x": 186.5, "y": 47.5, "width": 175, "height": 193 }
		},
		"chibang_021_02_2": {
			"chibang_021_02_": { "x": 186.5, "y": 47.5, "width": 175, "height": 193 }
		},
		"chibang_021_03_": {
			"chibang_021_03_": { "x": 152, "y": -68, "width": 72, "height": 38 }
		},
		"chibang_021_03_2": {
			"chibang_021_03_": { "x": 152, "y": -68, "width": 72, "height": 38 }
		},
		"chibang_022_01_": {
			"chibang_022_01_": { "x": 220.5, "y": 190.99, "width": 99, "height": 96 }
		},
		"chibang_022_01_2": {
			"chibang_022_01_": { "x": 220.5, "y": 190.99, "width": 99, "height": 96 }
		},
		"chibang_022_02_": {
			"chibang_022_02_": { "x": 188, "y": 44.5, "width": 176, "height": 197 }
		},
		"chibang_022_02_2": {
			"chibang_022_02_": { "x": 188, "y": 44.5, "width": 176, "height": 197 }
		},
		"chibang_022_03_": {
			"chibang_022_03_": { "x": 150.5, "y": -72, "width": 69, "height": 36 }
		},
		"chibang_022_03_2": {
			"chibang_022_03_": { "x": 150.5, "y": -72, "width": 69, "height": 36 }
		},
		"chibang_023_01_": {
			"chibang_023_01_": { "x": 222, "y": 186.49, "width": 106, "height": 103 }
		},
		"chibang_023_01_2": {
			"chibang_023_01_": { "x": 222, "y": 186.49, "width": 106, "height": 103 }
		},
		"chibang_023_02_": {
			"chibang_023_02_": { "x": 191, "y": 39, "width": 178, "height": 192 }
		},
		"chibang_023_02_2": {
			"chibang_023_02_": { "x": 191, "y": 39, "width": 178, "height": 192 }
		},
		"chibang_023_03_": {
			"chibang_023_03_": { "x": 148.5, "y": -75, "width": 67, "height": 36 }
		},
		"chibang_023_03_2": {
			"chibang_023_03_": { "x": 148.5, "y": -75, "width": 67, "height": 36 }
		},
		"chibang_024_01_": {
			"chibang_024_01_": { "x": 226.5, "y": 182.49, "width": 111, "height": 105 }
		},
		"chibang_024_01_2": {
			"chibang_024_01_": { "x": 226.5, "y": 182.49, "width": 111, "height": 105 }
		},
		"chibang_024_02_": {
			"chibang_024_02_": { "x": 193, "y": 34.5, "width": 184, "height": 191 }
		},
		"chibang_024_02_2": {
			"chibang_024_02_": { "x": 193, "y": 34.5, "width": 184, "height": 191 }
		},
		"chibang_024_03_": {
			"chibang_024_03_": { "x": 146.5, "y": -78.5, "width": 63, "height": 35 }
		},
		"chibang_024_03_2": {
			"chibang_024_03_": { "x": 146.5, "y": -78.5, "width": 63, "height": 35 }
		},
		"hua_000_01_": {
			"hua_000_01_": { "x": -103.49, "y": 124.49, "width": 65, "height": 129 }
		},
		"hua_000_02_": {
			"hua_000_02_": { "x": 116.5, "y": 131.5, "width": 73, "height": 121 }
		},
		"hua_000_03_": {
			"hua_000_03_": { "x": 4.5, "y": 52, "width": 151, "height": 106 }
		},
		"hua_001_01_": {
			"hua_001_01_": { "x": -102.99, "y": 124.49, "width": 72, "height": 129 }
		},
		"hua_001_02_": {
			"hua_001_02_": { "x": 118, "y": 131, "width": 74, "height": 120 }
		},
		"hua_001_03_": {
			"hua_001_03_": { "x": 7, "y": 52.5, "width": 148, "height": 107 }
		},
		"hua_002_01_": {
			"hua_002_01_": { "x": 119, "y": 131, "width": 78, "height": 120 }
		},
		"hua_002_02_": {
			"hua_002_02_": { "x": -104.49, "y": 125.49, "width": 71, "height": 127 }
		},
		"hua_002_03_": {
			"hua_002_03_": { "x": 5.5, "y": 53, "width": 149, "height": 108 }
		},
		"hua_003_01_": {
			"hua_003_01_": { "x": 120.5, "y": 132, "width": 77, "height": 120 }
		},
		"hua_003_02_": {
			"hua_003_02_": { "x": -104.99, "y": 126.99, "width": 74, "height": 126 }
		},
		"hua_003_03_": {
			"hua_003_03_": { "x": 7, "y": 54.5, "width": 150, "height": 111 }
		},
		"hua_004_01_": {
			"hua_004_01_": { "x": 121.5, "y": 133, "width": 77, "height": 120 }
		},
		"hua_004_02_": {
			"hua_004_02_": { "x": -103.99, "y": 126.99, "width": 80, "height": 128 }
		},
		"hua_004_03_": {
			"hua_004_03_": { "x": 9.5, "y": 55.5, "width": 147, "height": 113 }
		},
		"hua_005_01_": {
			"hua_005_01_": { "x": 120, "y": 134, "width": 84, "height": 120 }
		},
		"hua_005_02_": {
			"hua_005_02_": { "x": -105.99, "y": 130, "width": 78, "height": 126 }
		},
		"hua_005_03_": {
			"hua_005_03_": { "x": 5.5, "y": 56, "width": 145, "height": 114 }
		},
		"hua_006_01_": {
			"hua_006_01_": { "x": -105.99, "y": 131.5, "width": 78, "height": 127 }
		},
		"hua_006_02_": {
			"hua_006_02_": { "x": 121, "y": 135.5, "width": 82, "height": 121 }
		},
		"hua_006_03_": {
			"hua_006_03_": { "x": 6.5, "y": 57.5, "width": 147, "height": 117 }
		},
		"hua_007_01_": {
			"hua_007_01_": { "x": -104.99, "y": 133, "width": 80, "height": 130 }
		},
		"hua_007_02_": {
			"hua_007_02_": { "x": 120.5, "y": 138, "width": 81, "height": 122 }
		},
		"hua_007_03_": {
			"hua_007_03_": { "x": 7.5, "y": 58, "width": 145, "height": 118 }
		},
		"hua_008_01_": {
			"hua_008_01_": { "x": 121, "y": 140, "width": 78, "height": 122 }
		},
		"hua_008_02_": {
			"hua_008_02_": { "x": -104.49, "y": 134.5, "width": 77, "height": 131 }
		},
		"hua_008_03_": {
			"hua_008_03_": { "x": 8, "y": 59.5, "width": 148, "height": 121 }
		},
		"hua_009_01_": {
			"hua_009_01_": { "x": -103.99, "y": 136, "width": 76, "height": 132 }
		},
		"hua_009_02_": {
			"hua_009_02_": { "x": 120.5, "y": 142, "width": 75, "height": 122 }
		},
		"hua_009_03_": {
			"hua_009_03_": { "x": 8.5, "y": 60, "width": 149, "height": 122 }
		},
		"hua_010_01_": {
			"hua_010_01_": { "x": -102.99, "y": 137, "width": 74, "height": 134 }
		},
		"hua_010_02_": {
			"hua_010_02_": { "x": 113, "y": 143.5, "width": 86, "height": 125 }
		},
		"hua_010_03_": {
			"hua_010_03_": { "x": 2, "y": 56.5, "width": 136, "height": 115 }
		},
		"hua_011_01_": {
			"hua_011_01_": { "x": 117, "y": 146.5, "width": 74, "height": 123 }
		},
		"hua_011_02_": {
			"hua_011_02_": { "x": -103.49, "y": 139, "width": 69, "height": 134 }
		},
		"hua_011_03_": {
			"hua_011_03_": { "x": 5.5, "y": 59.5, "width": 149, "height": 121 }
		},
		"hua_012_01_": {
			"hua_012_01_": { "x": 113, "y": 146, "width": 78, "height": 126 }
		},
		"hua_012_02_": {
			"hua_012_02_": { "x": -101.99, "y": 138.5, "width": 68, "height": 137 }
		},
		"hua_012_03_": {
			"hua_012_03_": { "x": 3, "y": 57.5, "width": 142, "height": 117 }
		},
		"hua_013_01_": {
			"hua_013_01_": { "x": 115.5, "y": 148, "width": 69, "height": 126 }
		},
		"hua_013_02_": {
			"hua_013_02_": { "x": -100.99, "y": 138.5, "width": 66, "height": 139 }
		},
		"hua_013_03_": {
			"hua_013_03_": { "x": 6.5, "y": 59, "width": 149, "height": 120 }
		},
		"hua_014_01_": {
			"hua_014_01_": { "x": 109.5, "y": 144.5, "width": 75, "height": 131 }
		},
		"hua_014_02_": {
			"hua_014_02_": { "x": -101.99, "y": 138.5, "width": 64, "height": 139 }
		},
		"hua_014_03_": {
			"hua_014_03_": { "x": 1, "y": 56, "width": 142, "height": 114 }
		},
		"hua_015_01_": {
			"hua_015_01_": { "x": 115, "y": 146, "width": 66, "height": 128 }
		},
		"hua_015_02_": {
			"hua_015_02_": { "x": -101.49, "y": 136.5, "width": 67, "height": 141 }
		},
		"hua_015_03_": {
			"hua_015_03_": { "x": 7, "y": 57.5, "width": 150, "height": 117 }
		},
		"hua_016_01_": {
			"hua_016_01_": { "x": 114.5, "y": 144, "width": 69, "height": 130 }
		},
		"hua_016_02_": {
			"hua_016_02_": { "x": -101.49, "y": 134.5, "width": 67, "height": 141 }
		},
		"hua_016_03_": {
			"hua_016_03_": { "x": 6, "y": 56, "width": 148, "height": 114 }
		},
		"hua_017_01_": {
			"hua_017_01_": { "x": 112, "y": 141, "width": 76, "height": 132 }
		},
		"hua_017_02_": {
			"hua_017_02_": { "x": -102.49, "y": 133.5, "width": 65, "height": 139 }
		},
		"hua_017_03_": {
			"hua_017_03_": { "x": 2, "y": 53.5, "width": 144, "height": 109 }
		},
		"hua_018_01_": {
			"hua_018_01_": { "x": 116, "y": 140.5, "width": 68, "height": 129 }
		},
		"hua_018_02_": {
			"hua_018_02_": { "x": -102.49, "y": 131.5, "width": 65, "height": 139 }
		},
		"hua_018_03_": {
			"hua_018_03_": { "x": 6, "y": 54, "width": 152, "height": 110 }
		},
		"hua_019_01_": {
			"hua_019_01_": { "x": 115, "y": 138.5, "width": 68, "height": 129 }
		},
		"hua_019_02_": {
			"hua_019_02_": { "x": -102.49, "y": 130, "width": 65, "height": 138 }
		},
		"hua_019_03_": {
			"hua_019_03_": { "x": 5.5, "y": 53, "width": 151, "height": 108 }
		},
		"hua_020_01_": {
			"hua_020_01_": { "x": 115, "y": 136.5, "width": 66, "height": 127 }
		},
		"hua_020_02_": {
			"hua_020_02_": { "x": -100.99, "y": 127.99, "width": 66, "height": 138 }
		},
		"hua_020_03_": {
			"hua_020_03_": { "x": 7, "y": 52.5, "width": 150, "height": 107 }
		},
		"hua_021_01_": {
			"hua_021_01_": { "x": 114.5, "y": 136, "width": 65, "height": 126 }
		},
		"hua_021_02_": {
			"hua_021_02_": { "x": -101.99, "y": 126.49, "width": 64, "height": 135 }
		},
		"hua_021_03_": {
			"hua_021_03_": { "x": 6, "y": 52, "width": 152, "height": 106 }
		},
		"hua_022_01_": {
			"hua_022_01_": { "x": 115.5, "y": 134.5, "width": 65, "height": 123 }
		},
		"hua_022_02_": {
			"hua_022_02_": { "x": -102.49, "y": 125.99, "width": 63, "height": 132 }
		},
		"hua_022_03_": {
			"hua_022_03_": { "x": 6, "y": 52, "width": 154, "height": 106 }
		},
		"hua_023_01_": {
			"hua_023_01_": { "x": 117, "y": 133.5, "width": 66, "height": 121 }
		},
		"hua_023_02_": {
			"hua_023_02_": { "x": -100.99, "y": 124.49, "width": 66, "height": 133 }
		},
		"hua_023_03_": {
			"hua_023_03_": { "x": 8, "y": 52, "width": 152, "height": 106 }
		},
		"hua_024_01_": {
			"hua_024_01_": { "x": 117, "y": 132.5, "width": 72, "height": 119 }
		},
		"hua_024_02_": {
			"hua_024_02_": { "x": -101.49, "y": 123.99, "width": 69, "height": 130 }
		},
		"hua_024_03_": {
			"hua_024_03_": { "x": 7, "y": 52, "width": 148, "height": 106 }
		}
	}
},
"animations": {
	"animation": {
		"slots": {
			"chibang_000_01_": {
				"attachment": [
					{ "time": 0, "name": "chibang_000_01_" },
					{ "time": 0.0333, "name": "chibang_000_01_" },
					{ "time": 0.1, "name": null }
				]
			},
			"chibang_000_01_2": {
				"attachment": [
					{ "time": 0, "name": "chibang_000_01_" },
					{ "time": 0.0333, "name": "chibang_000_01_" },
					{ "time": 0.1, "name": null }
				]
			},
			"chibang_000_02_": {
				"attachment": [
					{ "time": 0, "name": "chibang_000_02_" },
					{ "time": 0.0333, "name": "chibang_000_02_" },
					{ "time": 0.1, "name": null }
				]
			},
			"chibang_000_02_2": {
				"attachment": [
					{ "time": 0, "name": "chibang_000_02_" },
					{ "time": 0.0333, "name": "chibang_000_02_" },
					{ "time": 0.1, "name": null }
				]
			},
			"chibang_000_03_": {
				"attachment": [
					{ "time": 0, "name": "chibang_000_03_" },
					{ "time": 0.0333, "name": "chibang_000_03_" },
					{ "time": 0.1, "name": null }
				]
			},
			"chibang_000_03_2": {
				"attachment": [
					{ "time": 0, "name": "chibang_000_03_" },
					{ "time": 0.0333, "name": "chibang_000_03_" },
					{ "time": 0.1, "name": null }
				]
			},
			"chibang_000_04_": {
				"attachment": [
					{ "time": 0, "name": "chibang_000_04_" },
					{ "time": 0.0333, "name": "chibang_000_04_" },
					{ "time": 0.1, "name": null }
				]
			},
			"chibang_000_04_2": {
				"attachment": [
					{ "time": 0, "name": "chibang_000_04_" },
					{ "time": 0.0333, "name": "chibang_000_04_" },
					{ "time": 0.1, "name": null }
				]
			},
			"chibang_001_01_": {
				"attachment": [
					{ "time": 0, "name": null },
					{ "time": 0.0333, "name": null },
					{ "time": 0.1, "name": "chibang_001_01_" },
					{ "time": 0.1333, "name": "chibang_001_01_" },
					{ "time": 0.2, "name": null }
				]
			},
			"chibang_001_01_2": {
				"attachment": [
					{ "time": 0, "name": null },
					{ "time": 0.0333, "name": null },
					{ "time": 0.1, "name": "chibang_001_01_" },
					{ "time": 0.1333, "name": "chibang_001_01_" },
					{ "time": 0.2, "name": null }
				]
			},
			"chibang_001_02_": {
				"attachment": [
					{ "time": 0, "name": null },
					{ "time": 0.0333, "name": null },
					{ "time": 0.1, "name": "chibang_001_02_" },
					{ "time": 0.1333, "name": "chibang_001_02_" },
					{ "time": 0.2, "name": null }
				]
			},
			"chibang_001_02_2": {
				"attachment": [
					{ "time": 0, "name": null },
					{ "time": 0.0333, "name": null },
					{ "time": 0.1, "name": "chibang_001_02_" },
					{ "time": 0.1333, "name": "chibang_001_02_" },
					{ "time": 0.2, "name": null }
				]
			},
			"chibang_001_03_": {
				"attachment": [
					{ "time": 0, "name": null },
					{ "time": 0.0333, "name": null },
					{ "time": 0.1, "name": "chibang_001_03_" },
					{ "time": 0.1333, "name": "chibang_001_03_" },
					{ "time": 0.2, "name": null }
				]
			},
			"chibang_001_03_2": {
				"attachment": [
					{ "time": 0, "name": null },
					{ "time": 0.0333, "name": null },
					{ "time": 0.1, "name": "chibang_001_03_" },
					{ "time": 0.1333, "name": "chibang_001_03_" },
					{ "time": 0.2, "name": null }
				]
			},
			"chibang_002_01_": {
				"attachment": [
					{ "time": 0, "name": null },
					{ "time": 0.1333, "name": null },
					{ "time": 0.2, "name": "chibang_002_01_" },
					{ "time": 0.2333, "name": "chibang_002_01_" },
					{ "time": 0.3, "name": null }
				]
			},
			"chibang_002_01_2": {
				"attachment": [
					{ "time": 0, "name": null },
					{ "time": 0.1333, "name": null },
					{ "time": 0.2, "name": "chibang_002_01_" },
					{ "time": 0.2333, "name": "chibang_002_01_" },
					{ "time": 0.3, "name": null }
				]
			},
			"chibang_002_02_": {
				"attachment": [
					{ "time": 0, "name": null },
					{ "time": 0.1333, "name": null },
					{ "time": 0.2, "name": "chibang_002_02_" },
					{ "time": 0.2333, "name": "chibang_002_02_" },
					{ "time": 0.3, "name": null }
				]
			},
			"chibang_002_02_2": {
				"attachment": [
					{ "time": 0, "name": null },
					{ "time": 0.1333, "name": null },
					{ "time": 0.2, "name": "chibang_002_02_" },
					{ "time": 0.2333, "name": "chibang_002_02_" },
					{ "time": 0.3, "name": null }
				]
			},
			"chibang_002_03_": {
				"attachment": [
					{ "time": 0, "name": null },
					{ "time": 0.1333, "name": null },
					{ "time": 0.2, "name": "chibang_002_03_" },
					{ "time": 0.2333, "name": "chibang_002_03_" },
					{ "time": 0.3, "name": null }
				]
			},
			"chibang_002_03_2": {
				"attachment": [
					{ "time": 0, "name": null },
					{ "time": 0.1333, "name": null },
					{ "time": 0.2, "name": "chibang_002_03_" },
					{ "time": 0.2333, "name": "chibang_002_03_" },
					{ "time": 0.3, "name": null }
				]
			},
			"chibang_003_01_": {
				"attachment": [
					{ "time": 0, "name": null },
					{ "time": 0.2333, "name": null },
					{ "time": 0.3, "name": "chibang_003_01_" },
					{ "time": 0.3333, "name": "chibang_003_01_" },
					{ "time": 0.4, "name": null }
				]
			},
			"chibang_003_01_2": {
				"attachment": [
					{ "time": 0, "name": null },
					{ "time": 0.2333, "name": null },
					{ "time": 0.3, "name": "chibang_003_01_" },
					{ "time": 0.3333, "name": "chibang_003_01_" },
					{ "time": 0.4, "name": null }
				]
			},
			"chibang_003_02_": {
				"attachment": [
					{ "time": 0, "name": null },
					{ "time": 0.2333, "name": null },
					{ "time": 0.3, "name": "chibang_003_02_" },
					{ "time": 0.3333, "name": "chibang_003_02_" },
					{ "time": 0.4, "name": null }
				]
			},
			"chibang_003_02_2": {
				"attachment": [
					{ "time": 0, "name": null },
					{ "time": 0.2333, "name": null },
					{ "time": 0.3, "name": "chibang_003_02_" },
					{ "time": 0.3333, "name": "chibang_003_02_" },
					{ "time": 0.4, "name": null }
				]
			},
			"chibang_003_03_": {
				"attachment": [
					{ "time": 0, "name": null },
					{ "time": 0.2333, "name": null },
					{ "time": 0.3, "name": "chibang_003_03_" },
					{ "time": 0.3333, "name": "chibang_003_03_" },
					{ "time": 0.4, "name": null }
				]
			},
			"chibang_003_03_2": {
				"attachment": [
					{ "time": 0, "name": null },
					{ "time": 0.2333, "name": null },
					{ "time": 0.3, "name": "chibang_003_03_" },
					{ "time": 0.3333, "name": "chibang_003_03_" },
					{ "time": 0.4, "name": null }
				]
			},
			"chibang_004_01_": {
				"attachment": [
					{ "time": 0, "name": null },
					{ "time": 0.3333, "name": null },
					{ "time": 0.4, "name": "chibang_004_01_" },
					{ "time": 0.4333, "name": "chibang_004_01_" },
					{ "time": 0.5, "name": null }
				]
			},
			"chibang_004_01_2": {
				"attachment": [
					{ "time": 0, "name": null },
					{ "time": 0.3333, "name": null },
					{ "time": 0.4, "name": "chibang_004_01_" },
					{ "time": 0.4333, "name": "chibang_004_01_" },
					{ "time": 0.5, "name": null }
				]
			},
			"chibang_004_02_": {
				"attachment": [
					{ "time": 0, "name": null },
					{ "time": 0.3333, "name": null },
					{ "time": 0.4, "name": "chibang_004_02_" },
					{ "time": 0.4333, "name": "chibang_004_02_" },
					{ "time": 0.5, "name": null }
				]
			},
			"chibang_004_02_2": {
				"attachment": [
					{ "time": 0, "name": null },
					{ "time": 0.3333, "name": null },
					{ "time": 0.4, "name": "chibang_004_02_" },
					{ "time": 0.4333, "name": "chibang_004_02_" },
					{ "time": 0.5, "name": null }
				]
			},
			"chibang_004_03_": {
				"attachment": [
					{ "time": 0, "name": null },
					{ "time": 0.3333, "name": null },
					{ "time": 0.4, "name": "chibang_004_03_" },
					{ "time": 0.4333, "name": "chibang_004_03_" },
					{ "time": 0.5, "name": null }
				]
			},
			"chibang_004_03_2": {
				"attachment": [
					{ "time": 0, "name": null },
					{ "time": 0.3333, "name": null },
					{ "time": 0.4, "name": "chibang_004_03_" },
					{ "time": 0.4333, "name": "chibang_004_03_" },
					{ "time": 0.5, "name": null }
				]
			},
			"chibang_005_01_": {
				"attachment": [
					{ "time": 0, "name": null },
					{ "time": 0.4333, "name": null },
					{ "time": 0.5, "name": "chibang_005_01_" },
					{ "time": 0.5333, "name": "chibang_005_01_" },
					{ "time": 0.6, "name": null }
				]
			},
			"chibang_005_01_2": {
				"attachment": [
					{ "time": 0, "name": null },
					{ "time": 0.4333, "name": null },
					{ "time": 0.5, "name": "chibang_005_01_" },
					{ "time": 0.5333, "name": "chibang_005_01_" },
					{ "time": 0.6, "name": null }
				]
			},
			"chibang_005_02_": {
				"attachment": [
					{ "time": 0, "name": null },
					{ "time": 0.4333, "name": null },
					{ "time": 0.5, "name": "chibang_005_02_" },
					{ "time": 0.5333, "name": "chibang_005_02_" },
					{ "time": 0.6, "name": null }
				]
			},
			"chibang_005_02_2": {
				"attachment": [
					{ "time": 0, "name": null },
					{ "time": 0.4333, "name": null },
					{ "time": 0.5, "name": "chibang_005_02_" },
					{ "time": 0.5333, "name": "chibang_005_02_" },
					{ "time": 0.6, "name": null }
				]
			},
			"chibang_005_03_": {
				"attachment": [
					{ "time": 0, "name": null },
					{ "time": 0.4333, "name": null },
					{ "time": 0.5, "name": "chibang_005_03_" },
					{ "time": 0.5333, "name": "chibang_005_03_" },
					{ "time": 0.6, "name": null }
				]
			},
			"chibang_005_03_2": {
				"attachment": [
					{ "time": 0, "name": null },
					{ "time": 0.4333, "name": null },
					{ "time": 0.5, "name": "chibang_005_03_" },
					{ "time": 0.5333, "name": "chibang_005_03_" },
					{ "time": 0.6, "name": null }
				]
			},
			"chibang_006_01_": {
				"attachment": [
					{ "time": 0, "name": null },
					{ "time": 0.5333, "name": null },
					{ "time": 0.6, "name": "chibang_006_01_" },
					{ "time": 0.6333, "name": "chibang_006_01_" },
					{ "time": 0.7, "name": null }
				]
			},
			"chibang_006_01_2": {
				"attachment": [
					{ "time": 0, "name": null },
					{ "time": 0.5333, "name": null },
					{ "time": 0.6, "name": "chibang_006_01_" },
					{ "time": 0.6333, "name": "chibang_006_01_" },
					{ "time": 0.7, "name": null }
				]
			},
			"chibang_006_02_": {
				"attachment": [
					{ "time": 0, "name": null },
					{ "time": 0.5333, "name": null },
					{ "time": 0.6, "name": "chibang_006_02_" },
					{ "time": 0.6333, "name": "chibang_006_02_" },
					{ "time": 0.7, "name": null }
				]
			},
			"chibang_006_02_2": {
				"attachment": [
					{ "time": 0, "name": null },
					{ "time": 0.5333, "name": null },
					{ "time": 0.6, "name": "chibang_006_02_" },
					{ "time": 0.6333, "name": "chibang_006_02_" },
					{ "time": 0.7, "name": null }
				]
			},
			"chibang_006_03_": {
				"attachment": [
					{ "time": 0, "name": null },
					{ "time": 0.5333, "name": null },
					{ "time": 0.6, "name": "chibang_006_03_" },
					{ "time": 0.6333, "name": "chibang_006_03_" },
					{ "time": 0.7, "name": null }
				]
			},
			"chibang_006_03_2": {
				"attachment": [
					{ "time": 0, "name": null },
					{ "time": 0.5333, "name": null },
					{ "time": 0.6, "name": "chibang_006_03_" },
					{ "time": 0.6333, "name": "chibang_006_03_" },
					{ "time": 0.7, "name": null }
				]
			},
			"chibang_007_01_": {
				"attachment": [
					{ "time": 0, "name": null },
					{ "time": 0.6333, "name": null },
					{ "time": 0.7, "name": "chibang_007_01_" },
					{ "time": 0.7333, "name": "chibang_007_01_" },
					{ "time": 0.8, "name": null }
				]
			},
			"chibang_007_01_2": {
				"attachment": [
					{ "time": 0, "name": null },
					{ "time": 0.6333, "name": null },
					{ "time": 0.7, "name": "chibang_007_01_" },
					{ "time": 0.7333, "name": "chibang_007_01_" },
					{ "time": 0.8, "name": null }
				]
			},
			"chibang_007_02_": {
				"attachment": [
					{ "time": 0, "name": null },
					{ "time": 0.6333, "name": null },
					{ "time": 0.7, "name": "chibang_007_02_" },
					{ "time": 0.7333, "name": "chibang_007_02_" },
					{ "time": 0.8, "name": null }
				]
			},
			"chibang_007_02_2": {
				"attachment": [
					{ "time": 0, "name": null },
					{ "time": 0.6333, "name": null },
					{ "time": 0.7, "name": "chibang_007_02_" },
					{ "time": 0.7333, "name": "chibang_007_02_" },
					{ "time": 0.8, "name": null }
				]
			},
			"chibang_007_03_": {
				"attachment": [
					{ "time": 0, "name": null },
					{ "time": 0.6333, "name": null },
					{ "time": 0.7, "name": "chibang_007_03_" },
					{ "time": 0.7333, "name": "chibang_007_03_" },
					{ "time": 0.8, "name": null }
				]
			},
			"chibang_007_03_2": {
				"attachment": [
					{ "time": 0, "name": null },
					{ "time": 0.6333, "name": null },
					{ "time": 0.7, "name": "chibang_007_03_" },
					{ "time": 0.7333, "name": "chibang_007_03_" },
					{ "time": 0.8, "name": null }
				]
			},
			"chibang_008_01_": {
				"attachment": [
					{ "time": 0, "name": null },
					{ "time": 0.7333, "name": null },
					{ "time": 0.8, "name": "chibang_008_01_" },
					{ "time": 0.8333, "name": "chibang_008_01_" },
					{ "time": 0.9, "name": null }
				]
			},
			"chibang_008_01_2": {
				"attachment": [
					{ "time": 0, "name": null },
					{ "time": 0.7333, "name": null },
					{ "time": 0.8, "name": "chibang_008_01_" },
					{ "time": 0.8333, "name": "chibang_008_01_" },
					{ "time": 0.9, "name": null }
				]
			},
			"chibang_008_02_": {
				"attachment": [
					{ "time": 0, "name": null },
					{ "time": 0.7333, "name": null },
					{ "time": 0.8, "name": "chibang_008_02_" },
					{ "time": 0.8333, "name": "chibang_008_02_" },
					{ "time": 0.9, "name": null }
				]
			},
			"chibang_008_02_2": {
				"attachment": [
					{ "time": 0, "name": null },
					{ "time": 0.7333, "name": null },
					{ "time": 0.8, "name": "chibang_008_02_" },
					{ "time": 0.8333, "name": "chibang_008_02_" },
					{ "time": 0.9, "name": null }
				]
			},
			"chibang_008_03_": {
				"attachment": [
					{ "time": 0, "name": null },
					{ "time": 0.7333, "name": null },
					{ "time": 0.8, "name": "chibang_008_03_" },
					{ "time": 0.8333, "name": "chibang_008_03_" },
					{ "time": 0.9, "name": null }
				]
			},
			"chibang_008_03_2": {
				"attachment": [
					{ "time": 0, "name": null },
					{ "time": 0.7333, "name": null },
					{ "time": 0.8, "name": "chibang_008_03_" },
					{ "time": 0.8333, "name": "chibang_008_03_" },
					{ "time": 0.9, "name": null }
				]
			},
			"chibang_009_01_": {
				"attachment": [
					{ "time": 0, "name": null },
					{ "time": 0.8333, "name": null },
					{ "time": 0.9, "name": "chibang_009_01_" },
					{ "time": 0.9333, "name": "chibang_009_01_" },
					{ "time": 1, "name": null }
				]
			},
			"chibang_009_01_2": {
				"attachment": [
					{ "time": 0, "name": null },
					{ "time": 0.8333, "name": null },
					{ "time": 0.9, "name": "chibang_009_01_" },
					{ "time": 0.9333, "name": "chibang_009_01_" },
					{ "time": 1, "name": null }
				]
			},
			"chibang_009_02_": {
				"attachment": [
					{ "time": 0, "name": null },
					{ "time": 0.8333, "name": null },
					{ "time": 0.9, "name": "chibang_009_02_" },
					{ "time": 0.9333, "name": "chibang_009_02_" },
					{ "time": 1, "name": null }
				]
			},
			"chibang_009_02_2": {
				"attachment": [
					{ "time": 0, "name": null },
					{ "time": 0.8333, "name": null },
					{ "time": 0.9, "name": "chibang_009_02_" },
					{ "time": 0.9333, "name": "chibang_009_02_" },
					{ "time": 1, "name": null }
				]
			},
			"chibang_009_03_": {
				"attachment": [
					{ "time": 0, "name": null },
					{ "time": 0.8333, "name": null },
					{ "time": 0.9, "name": "chibang_009_03_" },
					{ "time": 0.9333, "name": "chibang_009_03_" },
					{ "time": 1, "name": null }
				]
			},
			"chibang_009_03_2": {
				"attachment": [
					{ "time": 0, "name": null },
					{ "time": 0.8333, "name": null },
					{ "time": 0.9, "name": "chibang_009_03_" },
					{ "time": 0.9333, "name": "chibang_009_03_" },
					{ "time": 1, "name": null }
				]
			},
			"chibang_010_01_": {
				"attachment": [
					{ "time": 0, "name": null },
					{ "time": 0.9333, "name": null },
					{ "time": 1, "name": "chibang_010_01_" },
					{ "time": 1.0333, "name": "chibang_010_01_" },
					{ "time": 1.1, "name": null }
				]
			},
			"chibang_010_01_2": {
				"attachment": [
					{ "time": 0, "name": null },
					{ "time": 0.9333, "name": null },
					{ "time": 1, "name": "chibang_010_01_" },
					{ "time": 1.0333, "name": "chibang_010_01_" },
					{ "time": 1.1, "name": null }
				]
			},
			"chibang_010_02_": {
				"attachment": [
					{ "time": 0, "name": null },
					{ "time": 0.9333, "name": null },
					{ "time": 1, "name": "chibang_010_02_" },
					{ "time": 1.0333, "name": "chibang_010_02_" },
					{ "time": 1.1, "name": null }
				]
			},
			"chibang_010_02_2": {
				"attachment": [
					{ "time": 0, "name": null },
					{ "time": 0.9333, "name": null },
					{ "time": 1, "name": "chibang_010_02_" },
					{ "time": 1.0333, "name": "chibang_010_02_" },
					{ "time": 1.1, "name": null }
				]
			},
			"chibang_010_03_": {
				"attachment": [
					{ "time": 0, "name": null },
					{ "time": 0.9333, "name": null },
					{ "time": 1, "name": "chibang_010_03_" },
					{ "time": 1.0333, "name": "chibang_010_03_" },
					{ "time": 1.1, "name": null }
				]
			},
			"chibang_010_03_2": {
				"attachment": [
					{ "time": 0, "name": null },
					{ "time": 0.9333, "name": null },
					{ "time": 1, "name": "chibang_010_03_" },
					{ "time": 1.0333, "name": "chibang_010_03_" },
					{ "time": 1.1, "name": null }
				]
			},
			"chibang_011_01_": {
				"attachment": [
					{ "time": 0, "name": null },
					{ "time": 1.0333, "name": null },
					{ "time": 1.1, "name": "chibang_011_01_" },
					{ "time": 1.1333, "name": "chibang_011_01_" },
					{ "time": 1.2, "name": null }
				]
			},
			"chibang_011_01_2": {
				"attachment": [
					{ "time": 0, "name": null },
					{ "time": 1.0333, "name": null },
					{ "time": 1.1, "name": "chibang_011_01_" },
					{ "time": 1.1333, "name": "chibang_011_01_" },
					{ "time": 1.2, "name": null }
				]
			},
			"chibang_011_02_": {
				"attachment": [
					{ "time": 0, "name": null },
					{ "time": 1.0333, "name": null },
					{ "time": 1.1, "name": "chibang_011_02_" },
					{ "time": 1.1333, "name": "chibang_011_02_" },
					{ "time": 1.2, "name": null }
				]
			},
			"chibang_011_02_2": {
				"attachment": [
					{ "time": 0, "name": null },
					{ "time": 1.0333, "name": null },
					{ "time": 1.1, "name": "chibang_011_02_" },
					{ "time": 1.1333, "name": "chibang_011_02_" },
					{ "time": 1.2, "name": null }
				]
			},
			"chibang_011_03_": {
				"attachment": [
					{ "time": 0, "name": null },
					{ "time": 1.0333, "name": null },
					{ "time": 1.1, "name": "chibang_011_03_" },
					{ "time": 1.1333, "name": "chibang_011_03_" },
					{ "time": 1.2, "name": null }
				]
			},
			"chibang_011_03_2": {
				"attachment": [
					{ "time": 0, "name": null },
					{ "time": 1.0333, "name": null },
					{ "time": 1.1, "name": "chibang_011_03_" },
					{ "time": 1.1333, "name": "chibang_011_03_" },
					{ "time": 1.2, "name": null }
				]
			},
			"chibang_012_01_": {
				"attachment": [
					{ "time": 0, "name": null },
					{ "time": 1.1333, "name": null },
					{ "time": 1.2, "name": "chibang_012_01_" },
					{ "time": 1.2333, "name": "chibang_012_01_" },
					{ "time": 1.3, "name": null }
				]
			},
			"chibang_012_01_2": {
				"attachment": [
					{ "time": 0, "name": null },
					{ "time": 1.1333, "name": null },
					{ "time": 1.2, "name": "chibang_012_01_" },
					{ "time": 1.2333, "name": "chibang_012_01_" },
					{ "time": 1.3, "name": null }
				]
			},
			"chibang_012_02_": {
				"attachment": [
					{ "time": 0, "name": null },
					{ "time": 1.1333, "name": null },
					{ "time": 1.2, "name": "chibang_012_02_" },
					{ "time": 1.2333, "name": "chibang_012_02_" },
					{ "time": 1.3, "name": null }
				]
			},
			"chibang_012_02_2": {
				"attachment": [
					{ "time": 0, "name": null },
					{ "time": 1.1333, "name": null },
					{ "time": 1.2, "name": "chibang_012_02_" },
					{ "time": 1.2333, "name": "chibang_012_02_" },
					{ "time": 1.3, "name": null }
				]
			},
			"chibang_012_03_": {
				"attachment": [
					{ "time": 0, "name": null },
					{ "time": 1.1333, "name": null },
					{ "time": 1.2, "name": "chibang_012_03_" },
					{ "time": 1.2333, "name": "chibang_012_03_" },
					{ "time": 1.3, "name": null }
				]
			},
			"chibang_012_03_2": {
				"attachment": [
					{ "time": 0, "name": null },
					{ "time": 1.1333, "name": null },
					{ "time": 1.2, "name": "chibang_012_03_" },
					{ "time": 1.2333, "name": "chibang_012_03_" },
					{ "time": 1.3, "name": null }
				]
			},
			"chibang_013_01_": {
				"attachment": [
					{ "time": 0, "name": null },
					{ "time": 1.2333, "name": null },
					{ "time": 1.3, "name": "chibang_013_01_" },
					{ "time": 1.3333, "name": "chibang_013_01_" },
					{ "time": 1.4, "name": null }
				]
			},
			"chibang_013_01_2": {
				"attachment": [
					{ "time": 0, "name": null },
					{ "time": 1.2333, "name": null },
					{ "time": 1.3, "name": "chibang_013_01_" },
					{ "time": 1.3333, "name": "chibang_013_01_" },
					{ "time": 1.4, "name": null }
				]
			},
			"chibang_013_02_": {
				"attachment": [
					{ "time": 0, "name": null },
					{ "time": 1.2333, "name": null },
					{ "time": 1.3, "name": "chibang_013_02_" },
					{ "time": 1.3333, "name": "chibang_013_02_" },
					{ "time": 1.4, "name": null }
				]
			},
			"chibang_013_02_2": {
				"attachment": [
					{ "time": 0, "name": null },
					{ "time": 1.2333, "name": null },
					{ "time": 1.3, "name": "chibang_013_02_" },
					{ "time": 1.3333, "name": "chibang_013_02_" },
					{ "time": 1.4, "name": null }
				]
			},
			"chibang_013_03_": {
				"attachment": [
					{ "time": 0, "name": null },
					{ "time": 1.2333, "name": null },
					{ "time": 1.3, "name": "chibang_013_03_" },
					{ "time": 1.3333, "name": "chibang_013_03_" },
					{ "time": 1.4, "name": null }
				]
			},
			"chibang_013_03_2": {
				"attachment": [
					{ "time": 0, "name": null },
					{ "time": 1.2333, "name": null },
					{ "time": 1.3, "name": "chibang_013_03_" },
					{ "time": 1.3333, "name": "chibang_013_03_" },
					{ "time": 1.4, "name": null }
				]
			},
			"chibang_014_01_": {
				"attachment": [
					{ "time": 0, "name": null },
					{ "time": 1.3333, "name": null },
					{ "time": 1.4, "name": "chibang_014_01_" },
					{ "time": 1.4333, "name": "chibang_014_01_" },
					{ "time": 1.5, "name": null }
				]
			},
			"chibang_014_01_2": {
				"attachment": [
					{ "time": 0, "name": null },
					{ "time": 1.3333, "name": null },
					{ "time": 1.4, "name": "chibang_014_01_" },
					{ "time": 1.4333, "name": "chibang_014_01_" },
					{ "time": 1.5, "name": null }
				]
			},
			"chibang_014_02_": {
				"attachment": [
					{ "time": 0, "name": null },
					{ "time": 1.3333, "name": null },
					{ "time": 1.4, "name": "chibang_014_02_" },
					{ "time": 1.4333, "name": "chibang_014_02_" },
					{ "time": 1.5, "name": null }
				]
			},
			"chibang_014_02_2": {
				"attachment": [
					{ "time": 0, "name": null },
					{ "time": 1.3333, "name": null },
					{ "time": 1.4, "name": "chibang_014_02_" },
					{ "time": 1.4333, "name": "chibang_014_02_" },
					{ "time": 1.5, "name": null }
				]
			},
			"chibang_014_03_": {
				"attachment": [
					{ "time": 0, "name": null },
					{ "time": 1.3333, "name": null },
					{ "time": 1.4, "name": "chibang_014_03_" },
					{ "time": 1.4333, "name": "chibang_014_03_" },
					{ "time": 1.5, "name": null }
				]
			},
			"chibang_014_03_2": {
				"attachment": [
					{ "time": 0, "name": null },
					{ "time": 1.3333, "name": null },
					{ "time": 1.4, "name": "chibang_014_03_" },
					{ "time": 1.4333, "name": "chibang_014_03_" },
					{ "time": 1.5, "name": null }
				]
			},
			"chibang_015_01_": {
				"attachment": [
					{ "time": 0, "name": null },
					{ "time": 1.4333, "name": null },
					{ "time": 1.5, "name": "chibang_015_01_" },
					{ "time": 1.5333, "name": "chibang_015_01_" },
					{ "time": 1.6, "name": null }
				]
			},
			"chibang_015_01_2": {
				"attachment": [
					{ "time": 0, "name": null },
					{ "time": 1.4333, "name": null },
					{ "time": 1.5, "name": "chibang_015_01_" },
					{ "time": 1.5333, "name": "chibang_015_01_" },
					{ "time": 1.6, "name": null }
				]
			},
			"chibang_015_02_": {
				"attachment": [
					{ "time": 0, "name": null },
					{ "time": 1.4333, "name": null },
					{ "time": 1.5, "name": "chibang_015_02_" },
					{ "time": 1.5333, "name": "chibang_015_02_" },
					{ "time": 1.6, "name": null }
				]
			},
			"chibang_015_02_2": {
				"attachment": [
					{ "time": 0, "name": null },
					{ "time": 1.4333, "name": null },
					{ "time": 1.5, "name": "chibang_015_02_" },
					{ "time": 1.5333, "name": "chibang_015_02_" },
					{ "time": 1.6, "name": null }
				]
			},
			"chibang_015_03_": {
				"attachment": [
					{ "time": 0, "name": null },
					{ "time": 1.4333, "name": null },
					{ "time": 1.5, "name": "chibang_015_03_" },
					{ "time": 1.5333, "name": "chibang_015_03_" },
					{ "time": 1.6, "name": null }
				]
			},
			"chibang_015_03_2": {
				"attachment": [
					{ "time": 0, "name": null },
					{ "time": 1.4333, "name": null },
					{ "time": 1.5, "name": "chibang_015_03_" },
					{ "time": 1.5333, "name": "chibang_015_03_" },
					{ "time": 1.6, "name": null }
				]
			},
			"chibang_016_01_": {
				"attachment": [
					{ "time": 0, "name": null },
					{ "time": 1.5333, "name": null },
					{ "time": 1.6, "name": "chibang_016_01_" },
					{ "time": 1.6333, "name": "chibang_016_01_" },
					{ "time": 1.7, "name": null }
				]
			},
			"chibang_016_01_2": {
				"attachment": [
					{ "time": 0, "name": null },
					{ "time": 1.5333, "name": null },
					{ "time": 1.6, "name": "chibang_016_01_" },
					{ "time": 1.6333, "name": "chibang_016_01_" },
					{ "time": 1.7, "name": null }
				]
			},
			"chibang_016_02_": {
				"attachment": [
					{ "time": 0, "name": null },
					{ "time": 1.5333, "name": null },
					{ "time": 1.6, "name": "chibang_016_02_" },
					{ "time": 1.6333, "name": "chibang_016_02_" },
					{ "time": 1.7, "name": null }
				]
			},
			"chibang_016_02_2": {
				"attachment": [
					{ "time": 0, "name": null },
					{ "time": 1.5333, "name": null },
					{ "time": 1.6, "name": "chibang_016_02_" },
					{ "time": 1.6333, "name": "chibang_016_02_" },
					{ "time": 1.7, "name": null }
				]
			},
			"chibang_016_03_": {
				"attachment": [
					{ "time": 0, "name": null },
					{ "time": 1.5333, "name": null },
					{ "time": 1.6, "name": "chibang_016_03_" },
					{ "time": 1.6333, "name": "chibang_016_03_" },
					{ "time": 1.7, "name": null }
				]
			},
			"chibang_016_03_2": {
				"attachment": [
					{ "time": 0, "name": null },
					{ "time": 1.5333, "name": null },
					{ "time": 1.6, "name": "chibang_016_03_" },
					{ "time": 1.6333, "name": "chibang_016_03_" },
					{ "time": 1.7, "name": null }
				]
			},
			"chibang_017_01_": {
				"attachment": [
					{ "time": 0, "name": null },
					{ "time": 1.6333, "name": null },
					{ "time": 1.7, "name": "chibang_017_01_" },
					{ "time": 1.7333, "name": "chibang_017_01_" },
					{ "time": 1.8, "name": null }
				]
			},
			"chibang_017_01_2": {
				"attachment": [
					{ "time": 0, "name": null },
					{ "time": 1.6333, "name": null },
					{ "time": 1.7, "name": "chibang_017_01_" },
					{ "time": 1.7333, "name": "chibang_017_01_" },
					{ "time": 1.8, "name": null }
				]
			},
			"chibang_017_02_": {
				"attachment": [
					{ "time": 0, "name": null },
					{ "time": 1.6333, "name": null },
					{ "time": 1.7, "name": "chibang_017_02_" },
					{ "time": 1.7333, "name": "chibang_017_02_" },
					{ "time": 1.8, "name": null }
				]
			},
			"chibang_017_02_2": {
				"attachment": [
					{ "time": 0, "name": null },
					{ "time": 1.6333, "name": null },
					{ "time": 1.7, "name": "chibang_017_02_" },
					{ "time": 1.7333, "name": "chibang_017_02_" },
					{ "time": 1.8, "name": null }
				]
			},
			"chibang_017_03_": {
				"attachment": [
					{ "time": 0, "name": null },
					{ "time": 1.6333, "name": null },
					{ "time": 1.7, "name": "chibang_017_03_" },
					{ "time": 1.7333, "name": "chibang_017_03_" },
					{ "time": 1.8, "name": null }
				]
			},
			"chibang_017_03_2": {
				"attachment": [
					{ "time": 0, "name": null },
					{ "time": 1.6333, "name": null },
					{ "time": 1.7, "name": "chibang_017_03_" },
					{ "time": 1.7333, "name": "chibang_017_03_" },
					{ "time": 1.8, "name": null }
				]
			},
			"chibang_018_01_": {
				"attachment": [
					{ "time": 0, "name": null },
					{ "time": 1.7333, "name": null },
					{ "time": 1.8, "name": "chibang_018_01_" },
					{ "time": 1.8333, "name": "chibang_018_01_" },
					{ "time": 1.9, "name": null }
				]
			},
			"chibang_018_01_2": {
				"attachment": [
					{ "time": 0, "name": null },
					{ "time": 1.7333, "name": null },
					{ "time": 1.8, "name": "chibang_018_01_" },
					{ "time": 1.8333, "name": "chibang_018_01_" },
					{ "time": 1.9, "name": null }
				]
			},
			"chibang_018_02_": {
				"attachment": [
					{ "time": 0, "name": null },
					{ "time": 1.7333, "name": null },
					{ "time": 1.8, "name": "chibang_018_02_" },
					{ "time": 1.8333, "name": "chibang_018_02_" },
					{ "time": 1.9, "name": null }
				]
			},
			"chibang_018_02_2": {
				"attachment": [
					{ "time": 0, "name": null },
					{ "time": 1.7333, "name": null },
					{ "time": 1.8, "name": "chibang_018_02_" },
					{ "time": 1.8333, "name": "chibang_018_02_" },
					{ "time": 1.9, "name": null }
				]
			},
			"chibang_018_03_": {
				"attachment": [
					{ "time": 0, "name": null },
					{ "time": 1.7333, "name": null },
					{ "time": 1.8, "name": "chibang_018_03_" },
					{ "time": 1.8333, "name": "chibang_018_03_" },
					{ "time": 1.9, "name": null }
				]
			},
			"chibang_018_03_2": {
				"attachment": [
					{ "time": 0, "name": null },
					{ "time": 1.7333, "name": null },
					{ "time": 1.8, "name": "chibang_018_03_" },
					{ "time": 1.8333, "name": "chibang_018_03_" },
					{ "time": 1.9, "name": null }
				]
			},
			"chibang_019_01_": {
				"attachment": [
					{ "time": 0, "name": null },
					{ "time": 1.8333, "name": null },
					{ "time": 1.9, "name": "chibang_019_01_" },
					{ "time": 1.9333, "name": "chibang_019_01_" },
					{ "time": 2, "name": null }
				]
			},
			"chibang_019_01_2": {
				"attachment": [
					{ "time": 0, "name": null },
					{ "time": 1.8333, "name": null },
					{ "time": 1.9, "name": "chibang_019_01_" },
					{ "time": 1.9333, "name": "chibang_019_01_" },
					{ "time": 2, "name": null }
				]
			},
			"chibang_019_02_": {
				"attachment": [
					{ "time": 0, "name": null },
					{ "time": 1.8333, "name": null },
					{ "time": 1.9, "name": "chibang_019_02_" },
					{ "time": 1.9333, "name": "chibang_019_02_" },
					{ "time": 2, "name": null }
				]
			},
			"chibang_019_02_2": {
				"attachment": [
					{ "time": 0, "name": null },
					{ "time": 1.8333, "name": null },
					{ "time": 1.9, "name": "chibang_019_02_" },
					{ "time": 1.9333, "name": "chibang_019_02_" },
					{ "time": 2, "name": null }
				]
			},
			"chibang_019_03_": {
				"attachment": [
					{ "time": 0, "name": null },
					{ "time": 1.8333, "name": null },
					{ "time": 1.9, "name": "chibang_019_03_" },
					{ "time": 1.9333, "name": "chibang_019_03_" },
					{ "time": 2, "name": null }
				]
			},
			"chibang_019_03_2": {
				"attachment": [
					{ "time": 0, "name": null },
					{ "time": 1.8333, "name": null },
					{ "time": 1.9, "name": "chibang_019_03_" },
					{ "time": 1.9333, "name": "chibang_019_03_" },
					{ "time": 2, "name": null }
				]
			},
			"chibang_020_01_": {
				"attachment": [
					{ "time": 0, "name": null },
					{ "time": 1.9333, "name": null },
					{ "time": 2, "name": "chibang_020_01_" },
					{ "time": 2.0333, "name": "chibang_020_01_" },
					{ "time": 2.1, "name": null }
				]
			},
			"chibang_020_01_2": {
				"attachment": [
					{ "time": 0, "name": null },
					{ "time": 1.9333, "name": null },
					{ "time": 2, "name": "chibang_020_01_" },
					{ "time": 2.0333, "name": "chibang_020_01_" },
					{ "time": 2.1, "name": null }
				]
			},
			"chibang_020_02_": {
				"attachment": [
					{ "time": 0, "name": null },
					{ "time": 1.9333, "name": null },
					{ "time": 2, "name": "chibang_020_02_" },
					{ "time": 2.0333, "name": "chibang_020_02_" },
					{ "time": 2.1, "name": null }
				]
			},
			"chibang_020_02_2": {
				"attachment": [
					{ "time": 0, "name": null },
					{ "time": 1.9333, "name": null },
					{ "time": 2, "name": "chibang_020_02_" },
					{ "time": 2.0333, "name": "chibang_020_02_" },
					{ "time": 2.1, "name": null }
				]
			},
			"chibang_020_03_": {
				"attachment": [
					{ "time": 0, "name": null },
					{ "time": 1.9333, "name": null },
					{ "time": 2, "name": "chibang_020_03_" },
					{ "time": 2.0333, "name": "chibang_020_03_" },
					{ "time": 2.1, "name": null }
				]
			},
			"chibang_020_03_2": {
				"attachment": [
					{ "time": 0, "name": null },
					{ "time": 1.9333, "name": null },
					{ "time": 2, "name": "chibang_020_03_" },
					{ "time": 2.0333, "name": "chibang_020_03_" },
					{ "time": 2.1, "name": null }
				]
			},
			"chibang_021_01_": {
				"attachment": [
					{ "time": 0, "name": null },
					{ "time": 2.0333, "name": null },
					{ "time": 2.1, "name": "chibang_021_01_" },
					{ "time": 2.1333, "name": "chibang_021_01_" },
					{ "time": 2.2, "name": null }
				]
			},
			"chibang_021_01_2": {
				"attachment": [
					{ "time": 0, "name": null },
					{ "time": 2.0333, "name": null },
					{ "time": 2.1, "name": "chibang_021_01_" },
					{ "time": 2.1333, "name": "chibang_021_01_" },
					{ "time": 2.2, "name": null }
				]
			},
			"chibang_021_02_": {
				"attachment": [
					{ "time": 0, "name": null },
					{ "time": 2.0333, "name": null },
					{ "time": 2.1, "name": "chibang_021_02_" },
					{ "time": 2.1333, "name": "chibang_021_02_" },
					{ "time": 2.2, "name": null }
				]
			},
			"chibang_021_02_2": {
				"attachment": [
					{ "time": 0, "name": null },
					{ "time": 2.0333, "name": null },
					{ "time": 2.1, "name": "chibang_021_02_" },
					{ "time": 2.1333, "name": "chibang_021_02_" },
					{ "time": 2.2, "name": null }
				]
			},
			"chibang_021_03_": {
				"attachment": [
					{ "time": 0, "name": null },
					{ "time": 2.0333, "name": null },
					{ "time": 2.1, "name": "chibang_021_03_" },
					{ "time": 2.1333, "name": "chibang_021_03_" },
					{ "time": 2.2, "name": null }
				]
			},
			"chibang_021_03_2": {
				"attachment": [
					{ "time": 0, "name": null },
					{ "time": 2.0333, "name": null },
					{ "time": 2.1, "name": "chibang_021_03_" },
					{ "time": 2.1333, "name": "chibang_021_03_" },
					{ "time": 2.2, "name": null }
				]
			},
			"chibang_022_01_": {
				"attachment": [
					{ "time": 0, "name": null },
					{ "time": 2.1333, "name": null },
					{ "time": 2.2, "name": "chibang_022_01_" },
					{ "time": 2.2333, "name": "chibang_022_01_" },
					{ "time": 2.3, "name": null }
				]
			},
			"chibang_022_01_2": {
				"attachment": [
					{ "time": 0, "name": null },
					{ "time": 2.1333, "name": null },
					{ "time": 2.2, "name": "chibang_022_01_" },
					{ "time": 2.2333, "name": "chibang_022_01_" },
					{ "time": 2.3, "name": null }
				]
			},
			"chibang_022_02_": {
				"attachment": [
					{ "time": 0, "name": null },
					{ "time": 2.1333, "name": null },
					{ "time": 2.2, "name": "chibang_022_02_" },
					{ "time": 2.2333, "name": "chibang_022_02_" },
					{ "time": 2.3, "name": null }
				]
			},
			"chibang_022_02_2": {
				"attachment": [
					{ "time": 0, "name": null },
					{ "time": 2.1333, "name": null },
					{ "time": 2.2, "name": "chibang_022_02_" },
					{ "time": 2.2333, "name": "chibang_022_02_" },
					{ "time": 2.3, "name": null }
				]
			},
			"chibang_022_03_": {
				"attachment": [
					{ "time": 0, "name": null },
					{ "time": 2.1333, "name": null },
					{ "time": 2.2, "name": "chibang_022_03_" },
					{ "time": 2.2333, "name": "chibang_022_03_" },
					{ "time": 2.3, "name": null }
				]
			},
			"chibang_022_03_2": {
				"attachment": [
					{ "time": 0, "name": null },
					{ "time": 2.1333, "name": null },
					{ "time": 2.2, "name": "chibang_022_03_" },
					{ "time": 2.2333, "name": "chibang_022_03_" },
					{ "time": 2.3, "name": null }
				]
			},
			"chibang_023_01_": {
				"attachment": [
					{ "time": 0, "name": null },
					{ "time": 2.2333, "name": null },
					{ "time": 2.3, "name": "chibang_023_01_" },
					{ "time": 2.3333, "name": "chibang_023_01_" },
					{ "time": 2.4, "name": null }
				]
			},
			"chibang_023_01_2": {
				"attachment": [
					{ "time": 0, "name": null },
					{ "time": 2.2333, "name": null },
					{ "time": 2.3, "name": "chibang_023_01_" },
					{ "time": 2.3333, "name": "chibang_023_01_" },
					{ "time": 2.4, "name": null }
				]
			},
			"chibang_023_02_": {
				"attachment": [
					{ "time": 0, "name": null },
					{ "time": 2.2333, "name": null },
					{ "time": 2.3, "name": "chibang_023_02_" },
					{ "time": 2.3333, "name": "chibang_023_02_" },
					{ "time": 2.4, "name": null }
				]
			},
			"chibang_023_02_2": {
				"attachment": [
					{ "time": 0, "name": null },
					{ "time": 2.2333, "name": null },
					{ "time": 2.3, "name": "chibang_023_02_" },
					{ "time": 2.3333, "name": "chibang_023_02_" },
					{ "time": 2.4, "name": null }
				]
			},
			"chibang_023_03_": {
				"attachment": [
					{ "time": 0, "name": null },
					{ "time": 2.2333, "name": null },
					{ "time": 2.3, "name": "chibang_023_03_" },
					{ "time": 2.3333, "name": "chibang_023_03_" },
					{ "time": 2.4, "name": null }
				]
			},
			"chibang_023_03_2": {
				"attachment": [
					{ "time": 0, "name": null },
					{ "time": 2.2333, "name": null },
					{ "time": 2.3, "name": "chibang_023_03_" },
					{ "time": 2.3333, "name": "chibang_023_03_" },
					{ "time": 2.4, "name": null }
				]
			},
			"chibang_024_01_": {
				"attachment": [
					{ "time": 0, "name": null },
					{ "time": 2.3333, "name": null },
					{ "time": 2.4, "name": "chibang_024_01_" },
					{ "time": 2.4333, "name": "chibang_024_01_" }
				]
			},
			"chibang_024_01_2": {
				"attachment": [
					{ "time": 0, "name": null },
					{ "time": 2.3333, "name": null },
					{ "time": 2.4, "name": "chibang_024_01_" },
					{ "time": 2.4333, "name": "chibang_024_01_" }
				]
			},
			"chibang_024_02_": {
				"attachment": [
					{ "time": 0, "name": null },
					{ "time": 2.3333, "name": null },
					{ "time": 2.4, "name": "chibang_024_02_" },
					{ "time": 2.4333, "name": "chibang_024_02_" }
				]
			},
			"chibang_024_02_2": {
				"attachment": [
					{ "time": 0, "name": null },
					{ "time": 2.3333, "name": null },
					{ "time": 2.4, "name": "chibang_024_02_" },
					{ "time": 2.4333, "name": "chibang_024_02_" }
				]
			},
			"chibang_024_03_": {
				"attachment": [
					{ "time": 0, "name": null },
					{ "time": 2.3333, "name": null },
					{ "time": 2.4, "name": "chibang_024_03_" },
					{ "time": 2.4333, "name": "chibang_024_03_" }
				]
			},
			"chibang_024_03_2": {
				"attachment": [
					{ "time": 0, "name": null },
					{ "time": 2.3333, "name": null },
					{ "time": 2.4, "name": "chibang_024_03_" },
					{ "time": 2.4333, "name": "chibang_024_03_" }
				]
			},
			"hua_000_01_": {
				"attachment": [
					{ "time": 0, "name": "hua_000_01_" },
					{ "time": 0.0333, "name": "hua_000_01_" },
					{ "time": 0.1, "name": null }
				]
			},
			"hua_000_02_": {
				"attachment": [
					{ "time": 0, "name": "hua_000_02_" },
					{ "time": 0.0333, "name": "hua_000_02_" },
					{ "time": 0.1, "name": null }
				]
			},
			"hua_000_03_": {
				"attachment": [
					{ "time": 0, "name": "hua_000_03_" },
					{ "time": 0.0333, "name": "hua_000_03_" },
					{ "time": 0.1, "name": null }
				]
			},
			"hua_001_01_": {
				"attachment": [
					{ "time": 0, "name": null },
					{ "time": 0.0333, "name": null },
					{ "time": 0.1, "name": "hua_001_01_" },
					{ "time": 0.1333, "name": "hua_001_01_" },
					{ "time": 0.2, "name": null }
				]
			},
			"hua_001_02_": {
				"attachment": [
					{ "time": 0, "name": null },
					{ "time": 0.0333, "name": null },
					{ "time": 0.1, "name": "hua_001_02_" },
					{ "time": 0.1333, "name": "hua_001_02_" },
					{ "time": 0.2, "name": null }
				]
			},
			"hua_001_03_": {
				"attachment": [
					{ "time": 0, "name": null },
					{ "time": 0.0333, "name": null },
					{ "time": 0.1, "name": "hua_001_03_" },
					{ "time": 0.1333, "name": "hua_001_03_" },
					{ "time": 0.2, "name": null }
				]
			},
			"hua_002_01_": {
				"attachment": [
					{ "time": 0, "name": null },
					{ "time": 0.1333, "name": null },
					{ "time": 0.2, "name": "hua_002_01_" },
					{ "time": 0.2333, "name": "hua_002_01_" },
					{ "time": 0.3, "name": null }
				]
			},
			"hua_002_02_": {
				"attachment": [
					{ "time": 0, "name": null },
					{ "time": 0.1333, "name": null },
					{ "time": 0.2, "name": "hua_002_02_" },
					{ "time": 0.2333, "name": "hua_002_02_" },
					{ "time": 0.3, "name": null }
				]
			},
			"hua_002_03_": {
				"attachment": [
					{ "time": 0, "name": null },
					{ "time": 0.1333, "name": null },
					{ "time": 0.2, "name": "hua_002_03_" },
					{ "time": 0.2333, "name": "hua_002_03_" },
					{ "time": 0.3, "name": null }
				]
			},
			"hua_003_01_": {
				"attachment": [
					{ "time": 0, "name": null },
					{ "time": 0.2333, "name": null },
					{ "time": 0.3, "name": "hua_003_01_" },
					{ "time": 0.3333, "name": "hua_003_01_" },
					{ "time": 0.4, "name": null }
				]
			},
			"hua_003_02_": {
				"attachment": [
					{ "time": 0, "name": null },
					{ "time": 0.2333, "name": null },
					{ "time": 0.3, "name": "hua_003_02_" },
					{ "time": 0.3333, "name": "hua_003_02_" },
					{ "time": 0.4, "name": null }
				]
			},
			"hua_003_03_": {
				"attachment": [
					{ "time": 0, "name": null },
					{ "time": 0.2333, "name": null },
					{ "time": 0.3, "name": "hua_003_03_" },
					{ "time": 0.3333, "name": "hua_003_03_" },
					{ "time": 0.4, "name": null }
				]
			},
			"hua_004_01_": {
				"attachment": [
					{ "time": 0, "name": null },
					{ "time": 0.3333, "name": null },
					{ "time": 0.4, "name": "hua_004_01_" },
					{ "time": 0.4333, "name": "hua_004_01_" },
					{ "time": 0.5, "name": null }
				]
			},
			"hua_004_02_": {
				"attachment": [
					{ "time": 0, "name": null },
					{ "time": 0.3333, "name": null },
					{ "time": 0.4, "name": "hua_004_02_" },
					{ "time": 0.4333, "name": "hua_004_02_" },
					{ "time": 0.5, "name": null }
				]
			},
			"hua_004_03_": {
				"attachment": [
					{ "time": 0, "name": null },
					{ "time": 0.3333, "name": null },
					{ "time": 0.4, "name": "hua_004_03_" },
					{ "time": 0.4333, "name": "hua_004_03_" },
					{ "time": 0.5, "name": null }
				]
			},
			"hua_005_01_": {
				"attachment": [
					{ "time": 0, "name": null },
					{ "time": 0.4333, "name": null },
					{ "time": 0.5, "name": "hua_005_01_" },
					{ "time": 0.5333, "name": "hua_005_01_" },
					{ "time": 0.6, "name": null }
				]
			},
			"hua_005_02_": {
				"attachment": [
					{ "time": 0, "name": null },
					{ "time": 0.4333, "name": null },
					{ "time": 0.5, "name": "hua_005_02_" },
					{ "time": 0.5333, "name": "hua_005_02_" },
					{ "time": 0.6, "name": null }
				]
			},
			"hua_005_03_": {
				"attachment": [
					{ "time": 0, "name": null },
					{ "time": 0.4333, "name": null },
					{ "time": 0.5, "name": "hua_005_03_" },
					{ "time": 0.5333, "name": "hua_005_03_" },
					{ "time": 0.6, "name": null }
				]
			},
			"hua_006_01_": {
				"attachment": [
					{ "time": 0, "name": null },
					{ "time": 0.5333, "name": null },
					{ "time": 0.6, "name": "hua_006_01_" },
					{ "time": 0.6333, "name": "hua_006_01_" },
					{ "time": 0.7, "name": null }
				]
			},
			"hua_006_02_": {
				"attachment": [
					{ "time": 0, "name": null },
					{ "time": 0.5333, "name": null },
					{ "time": 0.6, "name": "hua_006_02_" },
					{ "time": 0.6333, "name": "hua_006_02_" },
					{ "time": 0.7, "name": null }
				]
			},
			"hua_006_03_": {
				"attachment": [
					{ "time": 0, "name": null },
					{ "time": 0.5333, "name": null },
					{ "time": 0.6, "name": "hua_006_03_" },
					{ "time": 0.6333, "name": "hua_006_03_" },
					{ "time": 0.7, "name": null }
				]
			},
			"hua_007_01_": {
				"attachment": [
					{ "time": 0, "name": null },
					{ "time": 0.6333, "name": null },
					{ "time": 0.7, "name": "hua_007_01_" },
					{ "time": 0.7333, "name": "hua_007_01_" },
					{ "time": 0.8, "name": null }
				]
			},
			"hua_007_02_": {
				"attachment": [
					{ "time": 0, "name": null },
					{ "time": 0.6333, "name": null },
					{ "time": 0.7, "name": "hua_007_02_" },
					{ "time": 0.7333, "name": "hua_007_02_" },
					{ "time": 0.8, "name": null }
				]
			},
			"hua_007_03_": {
				"attachment": [
					{ "time": 0, "name": null },
					{ "time": 0.6333, "name": null },
					{ "time": 0.7, "name": "hua_007_03_" },
					{ "time": 0.7333, "name": "hua_007_03_" },
					{ "time": 0.8, "name": null }
				]
			},
			"hua_008_01_": {
				"attachment": [
					{ "time": 0, "name": null },
					{ "time": 0.7333, "name": null },
					{ "time": 0.8, "name": "hua_008_01_" },
					{ "time": 0.8333, "name": "hua_008_01_" },
					{ "time": 0.9, "name": null }
				]
			},
			"hua_008_02_": {
				"attachment": [
					{ "time": 0, "name": null },
					{ "time": 0.7333, "name": null },
					{ "time": 0.8, "name": "hua_008_02_" },
					{ "time": 0.8333, "name": "hua_008_02_" },
					{ "time": 0.9, "name": null }
				]
			},
			"hua_008_03_": {
				"attachment": [
					{ "time": 0, "name": null },
					{ "time": 0.7333, "name": null },
					{ "time": 0.8, "name": "hua_008_03_" },
					{ "time": 0.8333, "name": "hua_008_03_" },
					{ "time": 0.9, "name": null }
				]
			},
			"hua_009_01_": {
				"attachment": [
					{ "time": 0, "name": null },
					{ "time": 0.8333, "name": null },
					{ "time": 0.9, "name": "hua_009_01_" },
					{ "time": 0.9333, "name": "hua_009_01_" },
					{ "time": 1, "name": null }
				]
			},
			"hua_009_02_": {
				"attachment": [
					{ "time": 0, "name": null },
					{ "time": 0.8333, "name": null },
					{ "time": 0.9, "name": "hua_009_02_" },
					{ "time": 0.9333, "name": "hua_009_02_" },
					{ "time": 1, "name": null }
				]
			},
			"hua_009_03_": {
				"attachment": [
					{ "time": 0, "name": null },
					{ "time": 0.8333, "name": null },
					{ "time": 0.9, "name": "hua_009_03_" },
					{ "time": 0.9333, "name": "hua_009_03_" },
					{ "time": 1, "name": null }
				]
			},
			"hua_010_01_": {
				"attachment": [
					{ "time": 0, "name": null },
					{ "time": 0.9333, "name": null },
					{ "time": 1, "name": "hua_010_01_" },
					{ "time": 1.0333, "name": "hua_010_01_" },
					{ "time": 1.1, "name": null }
				]
			},
			"hua_010_02_": {
				"attachment": [
					{ "time": 0, "name": null },
					{ "time": 0.9333, "name": null },
					{ "time": 1, "name": "hua_010_02_" },
					{ "time": 1.0333, "name": "hua_010_02_" },
					{ "time": 1.1, "name": null }
				]
			},
			"hua_010_03_": {
				"attachment": [
					{ "time": 0, "name": null },
					{ "time": 0.9333, "name": null },
					{ "time": 1, "name": "hua_010_03_" },
					{ "time": 1.0333, "name": "hua_010_03_" },
					{ "time": 1.1, "name": null }
				]
			},
			"hua_011_01_": {
				"attachment": [
					{ "time": 0, "name": null },
					{ "time": 1.0333, "name": null },
					{ "time": 1.1, "name": "hua_011_01_" },
					{ "time": 1.1333, "name": "hua_011_01_" },
					{ "time": 1.2, "name": null }
				]
			},
			"hua_011_02_": {
				"attachment": [
					{ "time": 0, "name": null },
					{ "time": 1.0333, "name": null },
					{ "time": 1.1, "name": "hua_011_02_" },
					{ "time": 1.1333, "name": "hua_011_02_" },
					{ "time": 1.2, "name": null }
				]
			},
			"hua_011_03_": {
				"attachment": [
					{ "time": 0, "name": null },
					{ "time": 1.0333, "name": null },
					{ "time": 1.1, "name": "hua_011_03_" },
					{ "time": 1.1333, "name": "hua_011_03_" },
					{ "time": 1.2, "name": null }
				]
			},
			"hua_012_01_": {
				"attachment": [
					{ "time": 0, "name": null },
					{ "time": 1.1333, "name": null },
					{ "time": 1.2, "name": "hua_012_01_" },
					{ "time": 1.2333, "name": "hua_012_01_" },
					{ "time": 1.3, "name": null }
				]
			},
			"hua_012_02_": {
				"attachment": [
					{ "time": 0, "name": null },
					{ "time": 1.1333, "name": null },
					{ "time": 1.2, "name": "hua_012_02_" },
					{ "time": 1.2333, "name": "hua_012_02_" },
					{ "time": 1.3, "name": null }
				]
			},
			"hua_012_03_": {
				"attachment": [
					{ "time": 0, "name": null },
					{ "time": 1.1333, "name": null },
					{ "time": 1.2, "name": "hua_012_03_" },
					{ "time": 1.2333, "name": "hua_012_03_" },
					{ "time": 1.3, "name": null }
				]
			},
			"hua_013_01_": {
				"attachment": [
					{ "time": 0, "name": null },
					{ "time": 1.2333, "name": null },
					{ "time": 1.3, "name": "hua_013_01_" },
					{ "time": 1.3333, "name": "hua_013_01_" },
					{ "time": 1.4, "name": null }
				]
			},
			"hua_013_02_": {
				"attachment": [
					{ "time": 0, "name": null },
					{ "time": 1.2333, "name": null },
					{ "time": 1.3, "name": "hua_013_02_" },
					{ "time": 1.3333, "name": "hua_013_02_" },
					{ "time": 1.4, "name": null }
				]
			},
			"hua_013_03_": {
				"attachment": [
					{ "time": 0, "name": null },
					{ "time": 1.2333, "name": null },
					{ "time": 1.3, "name": "hua_013_03_" },
					{ "time": 1.3333, "name": "hua_013_03_" },
					{ "time": 1.4, "name": null }
				]
			},
			"hua_014_01_": {
				"attachment": [
					{ "time": 0, "name": null },
					{ "time": 1.3333, "name": null },
					{ "time": 1.4, "name": "hua_014_01_" },
					{ "time": 1.4333, "name": "hua_014_01_" },
					{ "time": 1.5, "name": null }
				]
			},
			"hua_014_02_": {
				"attachment": [
					{ "time": 0, "name": null },
					{ "time": 1.3333, "name": null },
					{ "time": 1.4, "name": "hua_014_02_" },
					{ "time": 1.4333, "name": "hua_014_02_" },
					{ "time": 1.5, "name": null }
				]
			},
			"hua_014_03_": {
				"attachment": [
					{ "time": 0, "name": null },
					{ "time": 1.3333, "name": null },
					{ "time": 1.4, "name": "hua_014_03_" },
					{ "time": 1.4333, "name": "hua_014_03_" },
					{ "time": 1.5, "name": null }
				]
			},
			"hua_015_01_": {
				"attachment": [
					{ "time": 0, "name": null },
					{ "time": 1.4333, "name": null },
					{ "time": 1.5, "name": "hua_015_01_" },
					{ "time": 1.5333, "name": "hua_015_01_" },
					{ "time": 1.6, "name": null }
				]
			},
			"hua_015_02_": {
				"attachment": [
					{ "time": 0, "name": null },
					{ "time": 1.4333, "name": null },
					{ "time": 1.5, "name": "hua_015_02_" },
					{ "time": 1.5333, "name": "hua_015_02_" },
					{ "time": 1.6, "name": null }
				]
			},
			"hua_015_03_": {
				"attachment": [
					{ "time": 0, "name": null },
					{ "time": 1.4333, "name": null },
					{ "time": 1.5, "name": "hua_015_03_" },
					{ "time": 1.5333, "name": "hua_015_03_" },
					{ "time": 1.6, "name": null }
				]
			},
			"hua_016_01_": {
				"attachment": [
					{ "time": 0, "name": null },
					{ "time": 1.5333, "name": null },
					{ "time": 1.6, "name": "hua_016_01_" },
					{ "time": 1.6333, "name": "hua_016_01_" },
					{ "time": 1.7, "name": null }
				]
			},
			"hua_016_02_": {
				"attachment": [
					{ "time": 0, "name": null },
					{ "time": 1.5333, "name": null },
					{ "time": 1.6, "name": "hua_016_02_" },
					{ "time": 1.6333, "name": "hua_016_02_" },
					{ "time": 1.7, "name": null }
				]
			},
			"hua_016_03_": {
				"attachment": [
					{ "time": 0, "name": null },
					{ "time": 1.5333, "name": null },
					{ "time": 1.6, "name": "hua_016_03_" },
					{ "time": 1.6333, "name": "hua_016_03_" },
					{ "time": 1.7, "name": null }
				]
			},
			"hua_017_01_": {
				"attachment": [
					{ "time": 0, "name": null },
					{ "time": 1.6333, "name": null },
					{ "time": 1.7, "name": "hua_017_01_" },
					{ "time": 1.7333, "name": "hua_017_01_" },
					{ "time": 1.8, "name": null }
				]
			},
			"hua_017_02_": {
				"attachment": [
					{ "time": 0, "name": null },
					{ "time": 1.6333, "name": null },
					{ "time": 1.7, "name": "hua_017_02_" },
					{ "time": 1.7333, "name": "hua_017_02_" },
					{ "time": 1.8, "name": null }
				]
			},
			"hua_017_03_": {
				"attachment": [
					{ "time": 0, "name": null },
					{ "time": 1.6333, "name": null },
					{ "time": 1.7, "name": "hua_017_03_" },
					{ "time": 1.7333, "name": "hua_017_03_" },
					{ "time": 1.8, "name": null }
				]
			},
			"hua_018_01_": {
				"attachment": [
					{ "time": 0, "name": null },
					{ "time": 1.7333, "name": null },
					{ "time": 1.8, "name": "hua_018_01_" },
					{ "time": 1.8333, "name": "hua_018_01_" },
					{ "time": 1.9, "name": null }
				]
			},
			"hua_018_02_": {
				"attachment": [
					{ "time": 0, "name": null },
					{ "time": 1.7333, "name": null },
					{ "time": 1.8, "name": "hua_018_02_" },
					{ "time": 1.8333, "name": "hua_018_02_" },
					{ "time": 1.9, "name": null }
				]
			},
			"hua_018_03_": {
				"attachment": [
					{ "time": 0, "name": null },
					{ "time": 1.7333, "name": null },
					{ "time": 1.8, "name": "hua_018_03_" },
					{ "time": 1.8333, "name": "hua_018_03_" },
					{ "time": 1.9, "name": null }
				]
			},
			"hua_019_01_": {
				"attachment": [
					{ "time": 0, "name": null },
					{ "time": 1.8333, "name": null },
					{ "time": 1.9, "name": "hua_019_01_" },
					{ "time": 1.9333, "name": "hua_019_01_" },
					{ "time": 2, "name": null }
				]
			},
			"hua_019_02_": {
				"attachment": [
					{ "time": 0, "name": null },
					{ "time": 1.8333, "name": null },
					{ "time": 1.9, "name": "hua_019_02_" },
					{ "time": 1.9333, "name": "hua_019_02_" },
					{ "time": 2, "name": null }
				]
			},
			"hua_019_03_": {
				"attachment": [
					{ "time": 0, "name": null },
					{ "time": 1.8333, "name": null },
					{ "time": 1.9, "name": "hua_019_03_" },
					{ "time": 1.9333, "name": "hua_019_03_" },
					{ "time": 2, "name": null }
				]
			},
			"hua_020_01_": {
				"attachment": [
					{ "time": 0, "name": null },
					{ "time": 1.9333, "name": null },
					{ "time": 2, "name": "hua_020_01_" },
					{ "time": 2.0333, "name": "hua_020_01_" },
					{ "time": 2.1, "name": null }
				]
			},
			"hua_020_02_": {
				"attachment": [
					{ "time": 0, "name": null },
					{ "time": 1.9333, "name": null },
					{ "time": 2, "name": "hua_020_02_" },
					{ "time": 2.0333, "name": "hua_020_02_" },
					{ "time": 2.1, "name": null }
				]
			},
			"hua_020_03_": {
				"attachment": [
					{ "time": 0, "name": null },
					{ "time": 1.9333, "name": null },
					{ "time": 2, "name": "hua_020_03_" },
					{ "time": 2.0333, "name": "hua_020_03_" },
					{ "time": 2.1, "name": null }
				]
			},
			"hua_021_01_": {
				"attachment": [
					{ "time": 0, "name": null },
					{ "time": 2.0333, "name": null },
					{ "time": 2.1, "name": "hua_021_01_" },
					{ "time": 2.1333, "name": "hua_021_01_" },
					{ "time": 2.2, "name": null }
				]
			},
			"hua_021_02_": {
				"attachment": [
					{ "time": 0, "name": null },
					{ "time": 2.0333, "name": null },
					{ "time": 2.1, "name": "hua_021_02_" },
					{ "time": 2.1333, "name": "hua_021_02_" },
					{ "time": 2.2, "name": null }
				]
			},
			"hua_021_03_": {
				"attachment": [
					{ "time": 0, "name": null },
					{ "time": 2.0333, "name": null },
					{ "time": 2.1, "name": "hua_021_03_" },
					{ "time": 2.1333, "name": "hua_021_03_" },
					{ "time": 2.2, "name": null }
				]
			},
			"hua_022_01_": {
				"attachment": [
					{ "time": 0, "name": null },
					{ "time": 2.1333, "name": null },
					{ "time": 2.2, "name": "hua_022_01_" },
					{ "time": 2.2333, "name": "hua_022_01_" },
					{ "time": 2.3, "name": null }
				]
			},
			"hua_022_02_": {
				"attachment": [
					{ "time": 0, "name": null },
					{ "time": 2.1333, "name": null },
					{ "time": 2.2, "name": "hua_022_02_" },
					{ "time": 2.2333, "name": "hua_022_02_" },
					{ "time": 2.3, "name": null }
				]
			},
			"hua_022_03_": {
				"attachment": [
					{ "time": 0, "name": null },
					{ "time": 2.1333, "name": null },
					{ "time": 2.2, "name": "hua_022_03_" },
					{ "time": 2.2333, "name": "hua_022_03_" },
					{ "time": 2.3, "name": null }
				]
			},
			"hua_023_01_": {
				"attachment": [
					{ "time": 0, "name": null },
					{ "time": 2.2333, "name": null },
					{ "time": 2.3, "name": "hua_023_01_" },
					{ "time": 2.3333, "name": "hua_023_01_" },
					{ "time": 2.4, "name": null }
				]
			},
			"hua_023_02_": {
				"attachment": [
					{ "time": 0, "name": null },
					{ "time": 2.2333, "name": null },
					{ "time": 2.3, "name": "hua_023_02_" },
					{ "time": 2.3333, "name": "hua_023_02_" },
					{ "time": 2.4, "name": null }
				]
			},
			"hua_023_03_": {
				"attachment": [
					{ "time": 0, "name": null },
					{ "time": 2.2333, "name": null },
					{ "time": 2.3, "name": "hua_023_03_" },
					{ "time": 2.3333, "name": "hua_023_03_" },
					{ "time": 2.4, "name": null }
				]
			},
			"hua_024_01_": {
				"attachment": [
					{ "time": 0, "name": null },
					{ "time": 2.3333, "name": null },
					{ "time": 2.4, "name": "hua_024_01_" },
					{ "time": 2.4333, "name": "hua_024_01_" }
				]
			},
			"hua_024_02_": {
				"attachment": [
					{ "time": 0, "name": null },
					{ "time": 2.3333, "name": null },
					{ "time": 2.4, "name": "hua_024_02_" },
					{ "time": 2.4333, "name": "hua_024_02_" }
				]
			},
			"hua_024_03_": {
				"attachment": [
					{ "time": 0, "name": null },
					{ "time": 2.3333, "name": null },
					{ "time": 2.4, "name": "hua_024_03_" },
					{ "time": 2.4333, "name": "hua_024_03_" }
				]
			}
		}
	}
}
}