{
"skeleton": { "hash": "Z5TCG37dwDb2S9jE6SU4MtzkOws", "spine": "3.7.94", "width": 1214.99, "height": 1483.93, "images": "", "audio": "D:/WORK/COK/UI特效/秋季特惠/切图" },
"bones": [
	{ "name": "root" },
	{ "name": "MC", "parent": "root" },
	{ "name": "dashu", "parent": "MC", "y": 28.75 },
	{ "name": "dashu2", "parent": "dashu", "length": 74.74, "rotation": 91.71, "x": -7.14, "y": -235.39 },
	{ "name": "dashu3", "parent": "dashu2", "length": 73.67, "rotation": 0.89, "x": 69.13, "y": -0.95 },
	{
		"name": "shulizi",
		"parent": "dashu3",
		"rotation": -90.93,
		"x": 170.3,
		"y": -94.65,
		"scaleX": 1.486,
		"scaleY": 1.486
	},
	{
		"name": "gyLIZI",
		"parent": "dashu3",
		"rotation": -112.01,
		"x": 208.97,
		"y": 43.58,
		"scaleX": 2.21,
		"scaleY": 2.21
	},
	{ "name": "guangyun", "parent": "MC", "x": 96.66, "y": 185.15, "scaleX": 2.5, "scaleY": 2.5 },
	{ "name": "dashu4", "parent": "dashu3", "length": 164.45, "rotation": 2.06, "x": 75.94, "y": 1.01 },
	{
		"name": "gyLIZI2",
		"parent": "dashu3",
		"rotation": 125.81,
		"x": 184.26,
		"y": -177.88,
		"scaleX": 0.821,
		"scaleY": 0.821
	},
	{ "name": "guangyun2", "parent": "MC", "x": -144.25, "y": 49.06, "scaleX": 1.5, "scaleY": 1.5 },
	{
		"name": "shulizi2",
		"parent": "dashu3",
		"rotation": 121.62,
		"x": 267.75,
		"y": 88.66,
		"scaleX": 1.486,
		"scaleY": 1.486
	},
	{
		"name": "shulizi3",
		"parent": "dashu3",
		"rotation": 29.93,
		"x": 290.92,
		"y": -163.56,
		"scaleX": 0.643,
		"scaleY": 0.643
	},
	{ "name": "guangyun3", "parent": "MC", "x": 159.87, "y": 105.66, "scaleX": 1.7, "scaleY": 1.7 },
	{ "name": "guangyun4", "parent": "MC", "x": -31.02, "y": 269, "scaleX": 1.1, "scaleY": 1.1 },
	{
		"name": "shulizi4",
		"parent": "dashu3",
		"rotation": 29.93,
		"x": 220.66,
		"y": -208.02,
		"scaleX": 0.643,
		"scaleY": 0.643
	},
	{ "name": "xialuolizi", "parent": "MC", "x": -11.15, "y": -111.32, "scaleX": 2, "scaleY": 2 },
	{
		"name": "xialuoshuye",
		"parent": "MC",
		"rotation": 0.1,
		"x": 3.95,
		"y": -256,
		"scaleX": 2.02,
		"scaleY": 2.02
	},
	{
		"name": "xialuoshuye2",
		"parent": "MC",
		"rotation": 0.1,
		"x": 3.95,
		"y": -256,
		"scaleX": 1.018,
		"scaleY": 1.018
	},
	{ "name": "guagnshu", "parent": "MC", "x": -198.6, "y": -366.87, "scaleX": 2, "scaleY": 2 },
	{
		"name": "guagnshu2",
		"parent": "MC",
		"rotation": -27.67,
		"x": -537.86,
		"y": -145.85,
		"scaleX": 1.3,
		"scaleY": 2.02
	},
	{
		"name": "guagnshu3",
		"parent": "MC",
		"rotation": -3.44,
		"x": -67.25,
		"y": -626.09,
		"scaleX": 1.6,
		"scaleY": 2.4
	},
	{
		"name": "guagnshu4",
		"parent": "MC",
		"rotation": -4.41,
		"x": -527.09,
		"y": -728.42,
		"scaleX": 1.6,
		"scaleY": 2
	},
	{
		"name": "caihong",
		"parent": "MC",
		"rotation": -128.56,
		"x": 88.36,
		"y": 170.09,
		"scaleX": 2.56,
		"scaleY": 0.953
	},
	{
		"name": "caihong2",
		"parent": "MC",
		"rotation": -122.52,
		"x": 183.35,
		"y": 130.33,
		"scaleX": 1.718,
		"scaleY": 0.585
	},
	{
		"name": "caihong3",
		"parent": "MC",
		"rotation": -131.76,
		"x": -92.78,
		"y": 143.59,
		"scaleX": 1.371,
		"scaleY": 0.293
	},
	{ "name": "mao", "parent": "MC", "x": -51.49, "y": -208.84, "scaleX": 0.668, "scaleY": 0.667 }
],
"slots": [
	{ "name": "guangshu_4", "bone": "guagnshu4", "attachment": "guangshu_", "blend": "additive" },
	{ "name": "qiujitehui_fengshu", "bone": "dashu", "attachment": "qiujitehui_fengshu_" },
	{ "name": "mao1", "bone": "mao", "attachment": "mao_frame_0_" },
	{ "name": "lizi1", "bone": "shulizi", "attachment": "XG_frame_0_", "blend": "additive" },
	{ "name": "lizi2", "bone": "shulizi2", "attachment": "XG_frame_0_", "blend": "additive" },
	{ "name": "lizi3", "bone": "shulizi3", "attachment": "XG_frame_0_", "blend": "additive" },
	{ "name": "lizi4", "bone": "shulizi4", "attachment": "XG_frame_0_", "blend": "additive" },
	{ "name": "GYzli", "bone": "gyLIZI", "color": "ffe852ff", "attachment": "SG_frame_0_", "blend": "additive" },
	{ "name": "GYzli2", "bone": "gyLIZI2", "color": "ffe852ff", "attachment": "SG_frame_0_", "blend": "additive" },
	{ "name": "guangyun3_", "bone": "guangyun", "color": "ffd440ff", "attachment": "guangyun3_", "blend": "additive" },
	{ "name": "guangyun3_3", "bone": "guangyun3", "color": "ffd440ff", "attachment": "guangyun3_", "blend": "additive" },
	{ "name": "guangyun3_4", "bone": "guangyun4", "color": "ffd440ff", "attachment": "guangyun3_", "blend": "additive" },
	{ "name": "guangyun3_2", "bone": "guangyun2", "color": "ffdd71ff", "attachment": "guangyun3_", "blend": "additive" },
	{ "name": "xialuo", "bone": "xialuolizi", "color": "ffef35ff", "blend": "additive" },
	{ "name": "sy", "bone": "xialuoshuye", "attachment": "0_" },
	{ "name": "sy2", "bone": "xialuoshuye2", "color": "ffffff95", "attachment": "0_", "blend": "additive" },
	{ "name": "guangshu_", "bone": "guagnshu", "attachment": "guangshu_", "blend": "additive" },
	{ "name": "guangshu_2", "bone": "guagnshu2", "attachment": "guangshu_", "blend": "additive" },
	{ "name": "guangshu_3", "bone": "guagnshu3", "attachment": "guangshu_", "blend": "additive" },
	{ "name": "caihong_", "bone": "caihong", "color": "ffffff5e", "attachment": "caihong_", "blend": "additive" },
	{ "name": "caihong_2", "bone": "caihong2", "color": "ffffff5e", "attachment": "caihong_", "blend": "additive" },
	{ "name": "caihong_3", "bone": "caihong3", "color": "ffffff82", "attachment": "caihong_", "blend": "additive" }
],
"skins": {
	"default": {
		"GYzli": {
			"SG_frame_0_": { "x": 0.5, "y": 0.5, "width": 146, "height": 165 },
			"SG_frame_1_": { "x": 0.5, "y": 0.5, "width": 146, "height": 165 },
			"SG_frame_2_": { "x": 0.5, "y": 0.5, "width": 146, "height": 165 },
			"SG_frame_3_": { "x": 0.5, "y": 0.5, "width": 146, "height": 165 },
			"SG_frame_4_": { "x": 0.5, "y": 0.5, "width": 146, "height": 165 },
			"SG_frame_5_": { "x": 0.5, "y": 0.5, "width": 146, "height": 165 },
			"SG_frame_6_": { "x": 0.5, "y": 0.5, "width": 146, "height": 165 },
			"SG_frame_7_": { "x": 0.5, "y": 0.5, "width": 146, "height": 165 },
			"SG_frame_8_": { "x": 0.5, "y": 0.5, "width": 146, "height": 165 },
			"SG_frame_9_": { "x": 0.5, "y": 0.5, "width": 146, "height": 165 },
			"SG_frame_10_": { "x": 0.5, "y": 0.5, "width": 146, "height": 165 },
			"SG_frame_11_": { "x": 0.5, "y": 0.5, "width": 146, "height": 165 },
			"SG_frame_12_": { "x": 0.5, "y": 0.5, "width": 146, "height": 165 },
			"SG_frame_13_": { "x": 0.5, "y": 0.5, "width": 146, "height": 165 },
			"SG_frame_14_": { "x": 0.5, "y": 0.5, "width": 146, "height": 165 },
			"SG_frame_15_": { "x": 0.5, "y": 0.5, "width": 146, "height": 165 },
			"SG_frame_16_": { "x": 0.5, "y": 0.5, "width": 146, "height": 165 },
			"SG_frame_17_": { "x": 0.5, "y": 0.5, "width": 146, "height": 165 },
			"SG_frame_18_": { "x": 0.5, "y": 0.5, "width": 146, "height": 165 },
			"SG_frame_19_": { "x": 0.5, "y": 0.5, "width": 146, "height": 165 },
			"SG_frame_20_": { "x": 0.5, "y": 0.5, "width": 146, "height": 165 },
			"SG_frame_21_": { "x": 0.5, "y": 0.5, "width": 146, "height": 165 },
			"SG_frame_22_": { "x": 0.5, "y": 0.5, "width": 146, "height": 165 },
			"SG_frame_23_": { "x": 0.5, "y": 0.5, "width": 146, "height": 165 },
			"SG_frame_24_": { "x": 0.5, "y": 0.5, "width": 146, "height": 165 },
			"SG_frame_25_": { "x": 0.5, "y": 0.5, "width": 146, "height": 165 },
			"SG_frame_26_": { "x": 0.5, "y": 0.5, "width": 146, "height": 165 },
			"SG_frame_27_": { "x": 0.5, "y": 0.5, "width": 146, "height": 165 },
			"SG_frame_28_": { "x": 0.5, "y": 0.5, "width": 146, "height": 165 },
			"SG_frame_29_": { "x": 0.5, "y": 0.5, "width": 146, "height": 165 },
			"SG_frame_30_": { "x": 0.5, "y": 0.5, "width": 146, "height": 165 },
			"SG_frame_31_": { "x": 0.5, "y": 0.5, "width": 146, "height": 165 },
			"SG_frame_32_": { "x": 0.5, "y": 0.5, "width": 146, "height": 165 },
			"SG_frame_33_": { "x": 0.5, "y": 0.5, "width": 146, "height": 165 },
			"SG_frame_34_": { "x": 0.5, "y": 0.5, "width": 146, "height": 165 },
			"SG_frame_35_": { "x": 0.5, "y": 0.5, "width": 146, "height": 165 },
			"SG_frame_36_": { "x": 0.5, "y": 0.5, "width": 146, "height": 165 },
			"SG_frame_37_": { "x": 0.5, "y": 0.5, "width": 146, "height": 165 },
			"SG_frame_38_": { "x": 0.5, "y": 0.5, "width": 146, "height": 165 },
			"SG_frame_39_": { "x": 0.5, "y": 0.5, "width": 146, "height": 165 },
			"SG_frame_40_": { "x": 0.5, "y": 0.5, "width": 146, "height": 165 },
			"SG_frame_41_": { "x": 0.5, "y": 0.5, "width": 146, "height": 165 },
			"SG_frame_42_": { "x": 0.5, "y": 0.5, "width": 146, "height": 165 },
			"SG_frame_43_": { "x": 0.5, "y": 0.5, "width": 146, "height": 165 },
			"SG_frame_44_": { "x": 0.5, "y": 0.5, "width": 146, "height": 165 },
			"SG_frame_45_": { "x": 0.5, "y": 0.5, "width": 146, "height": 165 },
			"SG_frame_46_": { "x": 0.5, "y": 0.5, "width": 146, "height": 165 },
			"SG_frame_47_": { "x": 0.5, "y": 0.5, "width": 146, "height": 165 },
			"SG_frame_48_": { "x": 0.5, "y": 0.5, "width": 146, "height": 165 }
		},
		"GYzli2": {
			"SG_frame_0_": { "x": 0.5, "y": 0.5, "width": 146, "height": 165 },
			"SG_frame_1_": { "x": 0.5, "y": 0.5, "width": 146, "height": 165 },
			"SG_frame_2_": { "x": 0.5, "y": 0.5, "width": 146, "height": 165 },
			"SG_frame_3_": { "x": 0.5, "y": 0.5, "width": 146, "height": 165 },
			"SG_frame_4_": { "x": 0.5, "y": 0.5, "width": 146, "height": 165 },
			"SG_frame_5_": { "x": 0.5, "y": 0.5, "width": 146, "height": 165 },
			"SG_frame_6_": { "x": 0.5, "y": 0.5, "width": 146, "height": 165 },
			"SG_frame_7_": { "x": 0.5, "y": 0.5, "width": 146, "height": 165 },
			"SG_frame_8_": { "x": 0.5, "y": 0.5, "width": 146, "height": 165 },
			"SG_frame_9_": { "x": 0.5, "y": 0.5, "width": 146, "height": 165 },
			"SG_frame_10_": { "x": 0.5, "y": 0.5, "width": 146, "height": 165 },
			"SG_frame_11_": { "x": 0.5, "y": 0.5, "width": 146, "height": 165 },
			"SG_frame_12_": { "x": 0.5, "y": 0.5, "width": 146, "height": 165 },
			"SG_frame_13_": { "x": 0.5, "y": 0.5, "width": 146, "height": 165 },
			"SG_frame_14_": { "x": 0.5, "y": 0.5, "width": 146, "height": 165 },
			"SG_frame_15_": { "x": 0.5, "y": 0.5, "width": 146, "height": 165 },
			"SG_frame_16_": { "x": 0.5, "y": 0.5, "width": 146, "height": 165 },
			"SG_frame_17_": { "x": 0.5, "y": 0.5, "width": 146, "height": 165 },
			"SG_frame_18_": { "x": 0.5, "y": 0.5, "width": 146, "height": 165 },
			"SG_frame_19_": { "x": 0.5, "y": 0.5, "width": 146, "height": 165 },
			"SG_frame_20_": { "x": 0.5, "y": 0.5, "width": 146, "height": 165 },
			"SG_frame_21_": { "x": 0.5, "y": 0.5, "width": 146, "height": 165 },
			"SG_frame_22_": { "x": 0.5, "y": 0.5, "width": 146, "height": 165 },
			"SG_frame_23_": { "x": 0.5, "y": 0.5, "width": 146, "height": 165 },
			"SG_frame_24_": { "x": 0.5, "y": 0.5, "width": 146, "height": 165 },
			"SG_frame_25_": { "x": 0.5, "y": 0.5, "width": 146, "height": 165 },
			"SG_frame_26_": { "x": 0.5, "y": 0.5, "width": 146, "height": 165 },
			"SG_frame_27_": { "x": 0.5, "y": 0.5, "width": 146, "height": 165 },
			"SG_frame_28_": { "x": 0.5, "y": 0.5, "width": 146, "height": 165 },
			"SG_frame_29_": { "x": 0.5, "y": 0.5, "width": 146, "height": 165 },
			"SG_frame_30_": { "x": 0.5, "y": 0.5, "width": 146, "height": 165 },
			"SG_frame_31_": { "x": 0.5, "y": 0.5, "width": 146, "height": 165 },
			"SG_frame_32_": { "x": 0.5, "y": 0.5, "width": 146, "height": 165 },
			"SG_frame_33_": { "x": 0.5, "y": 0.5, "width": 146, "height": 165 },
			"SG_frame_34_": { "x": 0.5, "y": 0.5, "width": 146, "height": 165 },
			"SG_frame_35_": { "x": 0.5, "y": 0.5, "width": 146, "height": 165 },
			"SG_frame_36_": { "x": 0.5, "y": 0.5, "width": 146, "height": 165 },
			"SG_frame_37_": { "x": 0.5, "y": 0.5, "width": 146, "height": 165 },
			"SG_frame_38_": { "x": 0.5, "y": 0.5, "width": 146, "height": 165 },
			"SG_frame_39_": { "x": 0.5, "y": 0.5, "width": 146, "height": 165 },
			"SG_frame_40_": { "x": 0.5, "y": 0.5, "width": 146, "height": 165 },
			"SG_frame_41_": { "x": 0.5, "y": 0.5, "width": 146, "height": 165 },
			"SG_frame_42_": { "x": 0.5, "y": 0.5, "width": 146, "height": 165 },
			"SG_frame_43_": { "x": 0.5, "y": 0.5, "width": 146, "height": 165 },
			"SG_frame_44_": { "x": 0.5, "y": 0.5, "width": 146, "height": 165 },
			"SG_frame_45_": { "x": 0.5, "y": 0.5, "width": 146, "height": 165 },
			"SG_frame_46_": { "x": 0.5, "y": 0.5, "width": 146, "height": 165 },
			"SG_frame_47_": { "x": 0.5, "y": 0.5, "width": 146, "height": 165 },
			"SG_frame_48_": { "x": 0.5, "y": 0.5, "width": 146, "height": 165 }
		},
		"caihong_": {
			"caihong_": { "x": 30.46, "y": 8.9, "width": 686, "height": 89 }
		},
		"caihong_2": {
			"caihong_": { "x": 61.91, "y": 176.3, "width": 686, "height": 89 }
		},
		"caihong_3": {
			"caihong_": { "x": 61.91, "y": 176.3, "width": 686, "height": 89 }
		},
		"guangshu_": {
			"guangshu_": {
				"x": 159.12,
				"y": 355.54,
				"scaleX": 0.904,
				"scaleY": 0.904,
				"rotation": 16.73,
				"width": 316,
				"height": 207
			}
		},
		"guangshu_2": {
			"guangshu_": {
				"x": 159.12,
				"y": 355.54,
				"scaleX": 0.904,
				"scaleY": 0.904,
				"rotation": 16.73,
				"width": 316,
				"height": 207
			}
		},
		"guangshu_3": {
			"guangshu_": {
				"x": 159.12,
				"y": 355.54,
				"scaleX": 0.904,
				"scaleY": 0.904,
				"rotation": 16.73,
				"width": 316,
				"height": 207
			}
		},
		"guangshu_4": {
			"guangshu_": {
				"x": 240.73,
				"y": 346.07,
				"scaleX": 0.904,
				"scaleY": 0.904,
				"rotation": 21.61,
				"width": 316,
				"height": 207
			}
		},
		"guangyun3_": {
			"guangyun3_": { "width": 182, "height": 182 }
		},
		"guangyun3_2": {
			"guangyun3_": { "scaleX": 1.115, "scaleY": 1.115, "width": 182, "height": 182 }
		},
		"guangyun3_3": {
			"guangyun3_": { "width": 182, "height": 182 }
		},
		"guangyun3_4": {
			"guangyun3_": { "width": 182, "height": 182 }
		},
		"lizi1": {
			"XG_frame_0_": { "x": 0.5, "width": 133, "height": 103 },
			"XG_frame_1_": { "x": 0.5, "width": 133, "height": 103 },
			"XG_frame_2_": { "x": 0.5, "width": 133, "height": 103 },
			"XG_frame_3_": { "x": 0.5, "width": 133, "height": 103 },
			"XG_frame_4_": { "x": 0.5, "width": 133, "height": 103 },
			"XG_frame_5_": { "x": 0.5, "width": 133, "height": 103 },
			"XG_frame_6_": { "x": 0.5, "width": 133, "height": 103 },
			"XG_frame_7_": { "x": 0.5, "width": 133, "height": 103 },
			"XG_frame_8_": { "x": 0.5, "width": 133, "height": 103 },
			"XG_frame_9_": { "x": 0.5, "width": 133, "height": 103 },
			"XG_frame_10_": { "x": 0.5, "width": 133, "height": 103 },
			"XG_frame_11_": { "x": 0.5, "width": 133, "height": 103 },
			"XG_frame_12_": { "x": 0.5, "width": 133, "height": 103 },
			"XG_frame_13_": { "x": 0.5, "width": 133, "height": 103 },
			"XG_frame_14_": { "x": 0.5, "width": 133, "height": 103 },
			"XG_frame_15_": { "x": 0.5, "width": 133, "height": 103 },
			"XG_frame_16_": { "x": 0.5, "width": 133, "height": 103 },
			"XG_frame_17_": { "x": 0.5, "width": 133, "height": 103 },
			"XG_frame_18_": { "x": 0.5, "width": 133, "height": 103 },
			"XG_frame_19_": { "x": 0.5, "width": 133, "height": 103 },
			"XG_frame_20_": { "x": 0.5, "width": 133, "height": 103 },
			"XG_frame_21_": { "x": 0.5, "width": 133, "height": 103 },
			"XG_frame_22_": { "x": 0.5, "width": 133, "height": 103 },
			"XG_frame_23_": { "x": 0.5, "width": 133, "height": 103 },
			"XG_frame_24_": { "x": 0.5, "width": 133, "height": 103 },
			"XG_frame_25_": { "x": 0.5, "width": 133, "height": 103 },
			"XG_frame_26_": { "x": 0.5, "width": 133, "height": 103 },
			"XG_frame_27_": { "x": 0.5, "width": 133, "height": 103 },
			"XG_frame_28_": { "x": 0.5, "width": 133, "height": 103 },
			"XG_frame_29_": { "x": 0.5, "width": 133, "height": 103 },
			"XG_frame_30_": { "x": 0.5, "width": 133, "height": 103 },
			"XG_frame_31_": { "x": 0.5, "width": 133, "height": 103 },
			"XG_frame_32_": { "x": 0.5, "width": 133, "height": 103 },
			"XG_frame_33_": { "x": 0.5, "width": 133, "height": 103 },
			"XG_frame_34_": { "x": 0.5, "width": 133, "height": 103 },
			"XG_frame_35_": { "x": 0.5, "width": 133, "height": 103 },
			"XG_frame_36_": { "x": 0.5, "width": 133, "height": 103 },
			"XG_frame_37_": { "x": 0.5, "width": 133, "height": 103 },
			"XG_frame_38_": { "x": 0.5, "width": 133, "height": 103 },
			"XG_frame_39_": { "x": 0.5, "width": 133, "height": 103 },
			"XG_frame_40_": { "x": 0.5, "width": 133, "height": 103 },
			"XG_frame_41_": { "x": 0.5, "width": 133, "height": 103 },
			"XG_frame_42_": { "x": 0.5, "width": 133, "height": 103 },
			"XG_frame_43_": { "x": 0.5, "width": 133, "height": 103 },
			"XG_frame_44_": { "x": 0.5, "width": 133, "height": 103 },
			"XG_frame_45_": { "x": 0.5, "width": 133, "height": 103 },
			"XG_frame_46_": { "x": 0.5, "width": 133, "height": 103 }
		},
		"lizi2": {
			"XG_frame_0_": { "x": 0.5, "width": 133, "height": 103 },
			"XG_frame_1_": { "x": 0.5, "width": 133, "height": 103 },
			"XG_frame_2_": { "x": 0.5, "width": 133, "height": 103 },
			"XG_frame_3_": { "x": 0.5, "width": 133, "height": 103 },
			"XG_frame_4_": { "x": 0.5, "width": 133, "height": 103 },
			"XG_frame_5_": { "x": 0.5, "width": 133, "height": 103 },
			"XG_frame_6_": { "x": 0.5, "width": 133, "height": 103 },
			"XG_frame_7_": { "x": 0.5, "width": 133, "height": 103 },
			"XG_frame_8_": { "x": 0.5, "width": 133, "height": 103 },
			"XG_frame_9_": { "x": 0.5, "width": 133, "height": 103 },
			"XG_frame_10_": { "x": 0.5, "width": 133, "height": 103 },
			"XG_frame_11_": { "x": 0.5, "width": 133, "height": 103 },
			"XG_frame_12_": { "x": 0.5, "width": 133, "height": 103 },
			"XG_frame_13_": { "x": 0.5, "width": 133, "height": 103 },
			"XG_frame_14_": { "x": 0.5, "width": 133, "height": 103 },
			"XG_frame_15_": { "x": 0.5, "width": 133, "height": 103 },
			"XG_frame_16_": { "x": 0.5, "width": 133, "height": 103 },
			"XG_frame_17_": { "x": 0.5, "width": 133, "height": 103 },
			"XG_frame_18_": { "x": 0.5, "width": 133, "height": 103 },
			"XG_frame_19_": { "x": 0.5, "width": 133, "height": 103 },
			"XG_frame_20_": { "x": 0.5, "width": 133, "height": 103 },
			"XG_frame_21_": { "x": 0.5, "width": 133, "height": 103 },
			"XG_frame_22_": { "x": 0.5, "width": 133, "height": 103 },
			"XG_frame_23_": { "x": 0.5, "width": 133, "height": 103 },
			"XG_frame_24_": { "x": 0.5, "width": 133, "height": 103 },
			"XG_frame_25_": { "x": 0.5, "width": 133, "height": 103 },
			"XG_frame_26_": { "x": 0.5, "width": 133, "height": 103 },
			"XG_frame_27_": { "x": 0.5, "width": 133, "height": 103 },
			"XG_frame_28_": { "x": 0.5, "width": 133, "height": 103 },
			"XG_frame_29_": { "x": 0.5, "width": 133, "height": 103 },
			"XG_frame_30_": { "x": 0.5, "width": 133, "height": 103 },
			"XG_frame_31_": { "x": 0.5, "width": 133, "height": 103 },
			"XG_frame_32_": { "x": 0.5, "width": 133, "height": 103 },
			"XG_frame_33_": { "x": 0.5, "width": 133, "height": 103 },
			"XG_frame_34_": { "x": 0.5, "width": 133, "height": 103 },
			"XG_frame_35_": { "x": 0.5, "width": 133, "height": 103 },
			"XG_frame_36_": { "x": 0.5, "width": 133, "height": 103 },
			"XG_frame_37_": { "x": 0.5, "width": 133, "height": 103 },
			"XG_frame_38_": { "x": 0.5, "width": 133, "height": 103 },
			"XG_frame_39_": { "x": 0.5, "width": 133, "height": 103 },
			"XG_frame_40_": { "x": 0.5, "width": 133, "height": 103 },
			"XG_frame_41_": { "x": 0.5, "width": 133, "height": 103 },
			"XG_frame_42_": { "x": 0.5, "width": 133, "height": 103 },
			"XG_frame_43_": { "x": 0.5, "width": 133, "height": 103 },
			"XG_frame_44_": { "x": 0.5, "width": 133, "height": 103 },
			"XG_frame_45_": { "x": 0.5, "width": 133, "height": 103 },
			"XG_frame_46_": { "x": 0.5, "width": 133, "height": 103 }
		},
		"lizi3": {
			"XG_frame_0_": { "x": 0.5, "width": 133, "height": 103 },
			"XG_frame_1_": { "x": 0.5, "width": 133, "height": 103 },
			"XG_frame_2_": { "x": 0.5, "width": 133, "height": 103 },
			"XG_frame_3_": { "x": 0.5, "width": 133, "height": 103 },
			"XG_frame_4_": { "x": 0.5, "width": 133, "height": 103 },
			"XG_frame_5_": { "x": 0.5, "width": 133, "height": 103 },
			"XG_frame_6_": { "x": 0.5, "width": 133, "height": 103 },
			"XG_frame_7_": { "x": 0.5, "width": 133, "height": 103 },
			"XG_frame_8_": { "x": 0.5, "width": 133, "height": 103 },
			"XG_frame_9_": { "x": 0.5, "width": 133, "height": 103 },
			"XG_frame_10_": { "x": 0.5, "width": 133, "height": 103 },
			"XG_frame_11_": { "x": 0.5, "width": 133, "height": 103 },
			"XG_frame_12_": { "x": 0.5, "width": 133, "height": 103 },
			"XG_frame_13_": { "x": 0.5, "width": 133, "height": 103 },
			"XG_frame_14_": { "x": 0.5, "width": 133, "height": 103 },
			"XG_frame_15_": { "x": 0.5, "width": 133, "height": 103 },
			"XG_frame_16_": { "x": 0.5, "width": 133, "height": 103 },
			"XG_frame_17_": { "x": 0.5, "width": 133, "height": 103 },
			"XG_frame_18_": { "x": 0.5, "width": 133, "height": 103 },
			"XG_frame_19_": { "x": 0.5, "width": 133, "height": 103 },
			"XG_frame_20_": { "x": 0.5, "width": 133, "height": 103 },
			"XG_frame_21_": { "x": 0.5, "width": 133, "height": 103 },
			"XG_frame_22_": { "x": 0.5, "width": 133, "height": 103 },
			"XG_frame_23_": { "x": 0.5, "width": 133, "height": 103 },
			"XG_frame_24_": { "x": 0.5, "width": 133, "height": 103 },
			"XG_frame_25_": { "x": 0.5, "width": 133, "height": 103 },
			"XG_frame_26_": { "x": 0.5, "width": 133, "height": 103 },
			"XG_frame_27_": { "x": 0.5, "width": 133, "height": 103 },
			"XG_frame_28_": { "x": 0.5, "width": 133, "height": 103 },
			"XG_frame_29_": { "x": 0.5, "width": 133, "height": 103 },
			"XG_frame_30_": { "x": 0.5, "width": 133, "height": 103 },
			"XG_frame_31_": { "x": 0.5, "width": 133, "height": 103 },
			"XG_frame_32_": { "x": 0.5, "width": 133, "height": 103 },
			"XG_frame_33_": { "x": 0.5, "width": 133, "height": 103 },
			"XG_frame_34_": { "x": 0.5, "width": 133, "height": 103 },
			"XG_frame_35_": { "x": 0.5, "width": 133, "height": 103 },
			"XG_frame_36_": { "x": 0.5, "width": 133, "height": 103 },
			"XG_frame_37_": { "x": 0.5, "width": 133, "height": 103 },
			"XG_frame_38_": { "x": 0.5, "width": 133, "height": 103 },
			"XG_frame_39_": { "x": 0.5, "width": 133, "height": 103 },
			"XG_frame_40_": { "x": 0.5, "width": 133, "height": 103 },
			"XG_frame_41_": { "x": 0.5, "width": 133, "height": 103 },
			"XG_frame_42_": { "x": 0.5, "width": 133, "height": 103 },
			"XG_frame_43_": { "x": 0.5, "width": 133, "height": 103 },
			"XG_frame_44_": { "x": 0.5, "width": 133, "height": 103 },
			"XG_frame_45_": { "x": 0.5, "width": 133, "height": 103 },
			"XG_frame_46_": { "x": 0.5, "width": 133, "height": 103 }
		},
		"lizi4": {
			"XG_frame_0_": { "x": 0.5, "width": 133, "height": 103 },
			"XG_frame_1_": { "x": 0.5, "width": 133, "height": 103 },
			"XG_frame_2_": { "x": 0.5, "width": 133, "height": 103 },
			"XG_frame_3_": { "x": 0.5, "width": 133, "height": 103 },
			"XG_frame_4_": { "x": 0.5, "width": 133, "height": 103 },
			"XG_frame_5_": { "x": 0.5, "width": 133, "height": 103 },
			"XG_frame_6_": { "x": 0.5, "width": 133, "height": 103 },
			"XG_frame_7_": { "x": 0.5, "width": 133, "height": 103 },
			"XG_frame_8_": { "x": 0.5, "width": 133, "height": 103 },
			"XG_frame_9_": { "x": 0.5, "width": 133, "height": 103 },
			"XG_frame_10_": { "x": 0.5, "width": 133, "height": 103 },
			"XG_frame_11_": { "x": 0.5, "width": 133, "height": 103 },
			"XG_frame_12_": { "x": 0.5, "width": 133, "height": 103 },
			"XG_frame_13_": { "x": 0.5, "width": 133, "height": 103 },
			"XG_frame_14_": { "x": 0.5, "width": 133, "height": 103 },
			"XG_frame_15_": { "x": 0.5, "width": 133, "height": 103 },
			"XG_frame_16_": { "x": 0.5, "width": 133, "height": 103 },
			"XG_frame_17_": { "x": 0.5, "width": 133, "height": 103 },
			"XG_frame_18_": { "x": 0.5, "width": 133, "height": 103 },
			"XG_frame_19_": { "x": 0.5, "width": 133, "height": 103 },
			"XG_frame_20_": { "x": 0.5, "width": 133, "height": 103 },
			"XG_frame_21_": { "x": 0.5, "width": 133, "height": 103 },
			"XG_frame_22_": { "x": 0.5, "width": 133, "height": 103 },
			"XG_frame_23_": { "x": 0.5, "width": 133, "height": 103 },
			"XG_frame_24_": { "x": 0.5, "width": 133, "height": 103 },
			"XG_frame_25_": { "x": 0.5, "width": 133, "height": 103 },
			"XG_frame_26_": { "x": 0.5, "width": 133, "height": 103 },
			"XG_frame_27_": { "x": 0.5, "width": 133, "height": 103 },
			"XG_frame_28_": { "x": 0.5, "width": 133, "height": 103 },
			"XG_frame_29_": { "x": 0.5, "width": 133, "height": 103 },
			"XG_frame_30_": { "x": 0.5, "width": 133, "height": 103 },
			"XG_frame_31_": { "x": 0.5, "width": 133, "height": 103 },
			"XG_frame_32_": { "x": 0.5, "width": 133, "height": 103 },
			"XG_frame_33_": { "x": 0.5, "width": 133, "height": 103 },
			"XG_frame_34_": { "x": 0.5, "width": 133, "height": 103 },
			"XG_frame_35_": { "x": 0.5, "width": 133, "height": 103 },
			"XG_frame_36_": { "x": 0.5, "width": 133, "height": 103 },
			"XG_frame_37_": { "x": 0.5, "width": 133, "height": 103 },
			"XG_frame_38_": { "x": 0.5, "width": 133, "height": 103 },
			"XG_frame_39_": { "x": 0.5, "width": 133, "height": 103 },
			"XG_frame_40_": { "x": 0.5, "width": 133, "height": 103 },
			"XG_frame_41_": { "x": 0.5, "width": 133, "height": 103 },
			"XG_frame_42_": { "x": 0.5, "width": 133, "height": 103 },
			"XG_frame_43_": { "x": 0.5, "width": 133, "height": 103 },
			"XG_frame_44_": { "x": 0.5, "width": 133, "height": 103 },
			"XG_frame_45_": { "x": 0.5, "width": 133, "height": 103 },
			"XG_frame_46_": { "x": 0.5, "width": 133, "height": 103 }
		},
		"mao1": {
			"mao_frame_0_": { "width": 90, "height": 54 },
			"mao_frame_1_": { "width": 90, "height": 54 },
			"mao_frame_2_": { "width": 90, "height": 54 },
			"mao_frame_3_": { "width": 90, "height": 54 },
			"mao_frame_4_": { "width": 90, "height": 54 }
		},
		"qiujitehui_fengshu": {
			"qiujitehui_fengshu_": {
				"type": "mesh",
				"uvs": [ 1.0E-5, 0.28027, 0.32388, 0.17512, 0.69187, 0.18071, 0.88614, 0.24671, 1, 0.37759, 1, 0.53084, 1, 0.61473, 0.7367, 0.6069, 0.63583, 0.61921, 0.5854, 0.64941, 0.5966, 0.6908, 0.69187, 0.71093, 0.83944, 0.73107, 1, 0.74897, 1, 0.82727, 0, 0.81832, 0, 0.70646, 0.40234, 0.70534, 0.41915, 0.655, 0.34817, 0.62033, 0.13522, 0.61585, 0, 0.56775 ],
				"triangles": [ 14, 15, 11, 11, 15, 17, 11, 12, 14, 12, 13, 14, 15, 16, 17, 11, 17, 10, 17, 18, 10, 8, 18, 19, 8, 19, 1, 19, 20, 1, 8, 1, 2, 21, 0, 20, 20, 0, 1, 7, 2, 3, 7, 5, 6, 7, 3, 4, 8, 2, 7, 5, 7, 4, 9, 18, 8, 18, 9, 10 ],
				"vertices": [ 1, 8, 338.72, 268.98, 1, 1, 8, 431.04, 59.65, 1, 1, 8, 406.67, -167.64, 1, 1, 8, 328.64, -282.31, 1, 1, 8, 187.62, -341.74, 1, 1, 8, 29.22, -328.81, 1, 2, 4, 30.08, -322.59, 0.008, 8, -57.49, -321.74, 0.992, 2, 4, 45.62, -159.61, 0.008, 8, -36.09, -159.43, 0.992, 2, 8, -43.71, -95.96, 0.98045, 3, 106.35, -96.84, 0.01955, 2, 4, 5.85, -63.75, 0.84, 8, -72.38, -62.19, 0.16, 2, 4, -37.34, -68.75, 0.264, 3, 32.87, -70.27, 0.736, 2, 4, -60.89, -126.9, 0.01026, 3, 10.23, -128.79, 0.98974, 1, 3, -13.37, -219.76, 1, 1, 3, -34.9, -318.87, 1, 1, 3, -116.07, -316.45, 1, 1, 3, -88.26, 304, 1, 1, 3, 27.69, 300.54, 1, 2, 4, -46.93, 52.45, 0.072, 3, 21.39, 50.76, 0.928, 2, 4, 4.74, 39.65, 0.904, 8, -69.76, 41.17, 0.096, 1, 8, -30.34, 82.18, 1, 1, 8, -14.95, 213.61, 1, 1, 8, 41.59, 293.24, 1 ],
				"hull": 22,
				"edges": [ 0, 2, 2, 4, 4, 6, 6, 8, 8, 10, 10, 12, 12, 14, 14, 16, 16, 18, 18, 20, 20, 22, 22, 24, 24, 26, 26, 28, 28, 30, 30, 32, 32, 34, 34, 36, 36, 38, 38, 40, 40, 42, 0, 42 ],
				"width": 621,
				"height": 1037
			}
		},
		"sy": {
			"0_": { "x": 0.88, "rotation": -0.1, "width": 588, "height": 407 },
			"10_": { "x": 0.88, "rotation": -0.1, "width": 588, "height": 407 },
			"11_": { "x": 0.88, "rotation": -0.1, "width": 588, "height": 407 },
			"12_": { "x": 0.88, "rotation": -0.1, "width": 588, "height": 407 },
			"13_": { "x": 0.88, "rotation": -0.1, "width": 588, "height": 407 },
			"14_": { "x": 0.88, "rotation": -0.1, "width": 588, "height": 407 },
			"15_": { "x": 0.88, "rotation": -0.1, "width": 588, "height": 407 },
			"16_": { "x": 0.88, "rotation": -0.1, "width": 588, "height": 407 },
			"17_": { "x": 0.88, "rotation": -0.1, "width": 588, "height": 407 },
			"18_": { "x": 0.88, "rotation": -0.1, "width": 588, "height": 407 },
			"19_": { "x": 0.88, "rotation": -0.1, "width": 588, "height": 407 },
			"1_": { "x": 0.88, "rotation": -0.1, "width": 588, "height": 407 },
			"20_": { "x": 0.88, "rotation": -0.1, "width": 588, "height": 407 },
			"21_": { "x": 0.88, "rotation": -0.1, "width": 588, "height": 407 },
			"22_": { "x": 0.88, "rotation": -0.1, "width": 588, "height": 407 },
			"23_": { "x": 0.88, "rotation": -0.1, "width": 588, "height": 407 },
			"24_": { "x": 0.88, "rotation": -0.1, "width": 588, "height": 407 },
			"25_": { "x": 0.88, "rotation": -0.1, "width": 588, "height": 407 },
			"26_": { "x": 0.88, "rotation": -0.1, "width": 588, "height": 407 },
			"27_": { "x": 0.88, "rotation": -0.1, "width": 588, "height": 407 },
			"28_": { "x": 0.88, "rotation": -0.1, "width": 588, "height": 407 },
			"29_": { "x": 0.88, "rotation": -0.1, "width": 588, "height": 407 },
			"2_": { "x": 0.88, "rotation": -0.1, "width": 588, "height": 407 },
			"30_": { "x": 0.88, "rotation": -0.1, "width": 588, "height": 407 },
			"31_": { "x": 0.88, "rotation": -0.1, "width": 588, "height": 407 },
			"32_": { "x": 0.88, "rotation": -0.1, "width": 588, "height": 407 },
			"33_": { "x": 0.88, "rotation": -0.1, "width": 588, "height": 407 },
			"34_": { "x": 0.88, "rotation": -0.1, "width": 588, "height": 407 },
			"35_": { "x": 0.88, "rotation": -0.1, "width": 588, "height": 407 },
			"36_": { "x": 0.88, "rotation": -0.1, "width": 588, "height": 407 },
			"3_": { "x": 0.88, "rotation": -0.1, "width": 588, "height": 407 },
			"4_": { "x": 0.88, "rotation": -0.1, "width": 588, "height": 407 },
			"5_": { "x": 0.88, "rotation": -0.1, "width": 588, "height": 407 },
			"6_": { "x": 0.88, "rotation": -0.1, "width": 588, "height": 407 },
			"7_": { "x": 0.88, "rotation": -0.1, "width": 588, "height": 407 },
			"8_": { "x": 0.88, "rotation": -0.1, "width": 588, "height": 407 },
			"9_": { "x": 0.88, "rotation": -0.1, "width": 588, "height": 407 }
		},
		"sy2": {
			"0_": { "x": 0.88, "rotation": -0.1, "width": 588, "height": 407 },
			"10_": { "x": 0.88, "rotation": -0.1, "width": 588, "height": 407 },
			"11_": { "x": 0.88, "rotation": -0.1, "width": 588, "height": 407 },
			"12_": { "x": 0.88, "rotation": -0.1, "width": 588, "height": 407 },
			"13_": { "x": 0.88, "rotation": -0.1, "width": 588, "height": 407 },
			"14_": { "x": 0.88, "rotation": -0.1, "width": 588, "height": 407 },
			"15_": { "x": 0.88, "rotation": -0.1, "width": 588, "height": 407 },
			"16_": { "x": 0.88, "rotation": -0.1, "width": 588, "height": 407 },
			"17_": { "x": 0.88, "rotation": -0.1, "width": 588, "height": 407 },
			"18_": { "x": 0.88, "rotation": -0.1, "width": 588, "height": 407 },
			"19_": { "x": 0.88, "rotation": -0.1, "width": 588, "height": 407 },
			"1_": { "x": 0.88, "rotation": -0.1, "width": 588, "height": 407 },
			"20_": { "x": 0.88, "rotation": -0.1, "width": 588, "height": 407 },
			"21_": { "x": 0.88, "rotation": -0.1, "width": 588, "height": 407 },
			"22_": { "x": 0.88, "rotation": -0.1, "width": 588, "height": 407 },
			"23_": { "x": 0.88, "rotation": -0.1, "width": 588, "height": 407 },
			"24_": { "x": 0.88, "rotation": -0.1, "width": 588, "height": 407 },
			"25_": { "x": 0.88, "rotation": -0.1, "width": 588, "height": 407 },
			"26_": { "x": 0.88, "rotation": -0.1, "width": 588, "height": 407 },
			"27_": { "x": 0.88, "rotation": -0.1, "width": 588, "height": 407 },
			"28_": { "x": 0.88, "rotation": -0.1, "width": 588, "height": 407 },
			"29_": { "x": 0.88, "rotation": -0.1, "width": 588, "height": 407 },
			"2_": { "x": 0.88, "rotation": -0.1, "width": 588, "height": 407 },
			"30_": { "x": 0.88, "rotation": -0.1, "width": 588, "height": 407 },
			"31_": { "x": 0.88, "rotation": -0.1, "width": 588, "height": 407 },
			"32_": { "x": 0.88, "rotation": -0.1, "width": 588, "height": 407 },
			"33_": { "x": 0.88, "rotation": -0.1, "width": 588, "height": 407 },
			"34_": { "x": 0.88, "rotation": -0.1, "width": 588, "height": 407 },
			"35_": { "x": 0.88, "rotation": -0.1, "width": 588, "height": 407 },
			"36_": { "x": 0.88, "rotation": -0.1, "width": 588, "height": 407 },
			"3_": { "x": 0.88, "rotation": -0.1, "width": 588, "height": 407 },
			"4_": { "x": 0.88, "rotation": -0.1, "width": 588, "height": 407 },
			"5_": { "x": 0.88, "rotation": -0.1, "width": 588, "height": 407 },
			"6_": { "x": 0.88, "rotation": -0.1, "width": 588, "height": 407 },
			"7_": { "x": 0.88, "rotation": -0.1, "width": 588, "height": 407 },
			"8_": { "x": 0.88, "rotation": -0.1, "width": 588, "height": 407 },
			"9_": { "x": 0.88, "rotation": -0.1, "width": 588, "height": 407 }
		},
		"xialuo": {
			"XLlizi8_": { "x": 0.5, "width": 588, "height": 407 },
			"XLlizi9_": { "x": 0.5, "width": 588, "height": 407 },
			"XLlizi10_": { "x": 0.5, "width": 588, "height": 407 },
			"XLlizi11_": { "x": 0.5, "width": 588, "height": 407 },
			"XLlizi12_": { "x": 0.5, "width": 588, "height": 407 },
			"XLlizi13_": { "x": 0.5, "width": 588, "height": 407 },
			"XLlizi14_": { "x": 0.5, "width": 588, "height": 407 },
			"XLlizi15_": { "x": 0.5, "width": 588, "height": 407 },
			"XLlizi16_": { "x": 0.5, "width": 588, "height": 407 },
			"XLlizi17_": { "x": 0.5, "width": 588, "height": 407 },
			"XLlizi18_": { "x": 0.5, "width": 588, "height": 407 },
			"XLlizi19_": { "x": 0.5, "width": 588, "height": 407 },
			"XLlizi20_": { "x": 0.5, "width": 588, "height": 407 },
			"XLlizi21_": { "x": 0.5, "width": 588, "height": 407 },
			"XLlizi22_": { "x": 0.5, "width": 588, "height": 407 },
			"XLlizi23_": { "x": 0.5, "width": 588, "height": 407 },
			"XLlizi24_": { "x": 0.5, "width": 588, "height": 407 },
			"XLlizi25_": { "x": 0.5, "width": 588, "height": 407 },
			"XLlizi26_": { "x": 0.5, "width": 588, "height": 407 },
			"XLlizi27_": { "x": 0.5, "width": 588, "height": 407 },
			"XLlizi28_": { "x": 0.5, "width": 588, "height": 407 },
			"XLlizi29_": { "x": 0.5, "width": 588, "height": 407 },
			"XLlizi30_": { "x": 0.5, "width": 588, "height": 407 },
			"XLlizi31_": { "x": 0.5, "width": 588, "height": 407 },
			"XLlizi32_": { "x": 0.5, "width": 588, "height": 407 },
			"XLlizi33_": { "x": 0.5, "width": 588, "height": 407 },
			"XLlizi35_": { "x": 0.5, "width": 588, "height": 407 },
			"XLlizi36_": { "x": 0.5, "width": 588, "height": 407 },
			"XLlizi37_": { "x": 0.5, "width": 588, "height": 407 },
			"XLlizi38_": { "x": 0.5, "width": 588, "height": 407 },
			"XLlizi39_": { "x": 0.5, "width": 588, "height": 407 },
			"XLlizi40_": { "x": 0.5, "width": 588, "height": 407 },
			"XLlizi41_": { "x": 0.5, "width": 588, "height": 407 },
			"XLlizi42_": { "x": 0.5, "width": 588, "height": 407 },
			"XLlizi43_": { "x": 0.5, "width": 588, "height": 407 },
			"XLlizi44_": { "x": 0.5, "width": 588, "height": 407 },
			"XLlizi46_": { "x": 0.5, "width": 588, "height": 407 },
			"XLlizi47_": { "x": 0.5, "width": 588, "height": 407 },
			"XLlizi48_": { "x": 0.5, "width": 588, "height": 407 },
			"XLlizi49_": { "x": 0.5, "width": 588, "height": 407 },
			"XLlizi50_": { "x": 0.5, "width": 588, "height": 407 },
			"XLlizi51_": { "x": 0.5, "width": 588, "height": 407 },
			"XLlizi52_": { "x": 0.5, "width": 588, "height": 407 },
			"XLlizi53_": { "x": 0.5, "width": 588, "height": 407 },
			"XLlizi54_": { "x": 0.5, "width": 588, "height": 407 },
			"XLlizi55_": { "x": 0.5, "width": 588, "height": 407 },
			"XLlizi57_": { "x": 0.5, "width": 588, "height": 407 },
			"XLlizi58_": { "x": 0.5, "width": 588, "height": 407 },
			"XLlizi59_": { "x": 0.5, "width": 588, "height": 407 },
			"XLlizi60_": { "x": 0.5, "width": 588, "height": 407 },
			"XLlizi61_": { "x": 0.5, "width": 588, "height": 407 },
			"XLlizi62_": { "x": 0.5, "width": 588, "height": 407 },
			"XLlizi63_": { "x": 0.5, "width": 588, "height": 407 },
			"XLlizi64_": { "x": 0.5, "width": 588, "height": 407 },
			"XLlizi65_": { "x": 0.5, "width": 588, "height": 407 }
		}
	}
},
"animations": {
	"animation": {
		"slots": {
			"GYzli": {
				"attachment": [
					{ "time": 0, "name": "SG_frame_0_" },
					{ "time": 0.0667, "name": "SG_frame_1_" },
					{ "time": 0.1333, "name": "SG_frame_2_" },
					{ "time": 0.2, "name": "SG_frame_3_" },
					{ "time": 0.2667, "name": "SG_frame_4_" },
					{ "time": 0.3333, "name": "SG_frame_5_" },
					{ "time": 0.4, "name": "SG_frame_6_" },
					{ "time": 0.4667, "name": "SG_frame_7_" },
					{ "time": 0.5333, "name": "SG_frame_8_" },
					{ "time": 0.6, "name": "SG_frame_9_" },
					{ "time": 0.6667, "name": "SG_frame_10_" },
					{ "time": 0.7333, "name": "SG_frame_11_" },
					{ "time": 0.8, "name": "SG_frame_12_" },
					{ "time": 0.8667, "name": "SG_frame_13_" },
					{ "time": 0.9333, "name": "SG_frame_14_" },
					{ "time": 1, "name": "SG_frame_15_" },
					{ "time": 1.0667, "name": "SG_frame_16_" },
					{ "time": 1.1333, "name": "SG_frame_17_" },
					{ "time": 1.2, "name": "SG_frame_18_" },
					{ "time": 1.2667, "name": "SG_frame_19_" },
					{ "time": 1.3333, "name": "SG_frame_20_" },
					{ "time": 1.4, "name": "SG_frame_21_" },
					{ "time": 1.4667, "name": "SG_frame_22_" },
					{ "time": 1.5333, "name": "SG_frame_23_" },
					{ "time": 1.6, "name": "SG_frame_24_" },
					{ "time": 1.6667, "name": "SG_frame_25_" },
					{ "time": 1.7333, "name": "SG_frame_26_" },
					{ "time": 1.8, "name": "SG_frame_27_" },
					{ "time": 1.8667, "name": "SG_frame_28_" },
					{ "time": 1.9333, "name": "SG_frame_29_" },
					{ "time": 2, "name": "SG_frame_30_" },
					{ "time": 2.0667, "name": "SG_frame_31_" },
					{ "time": 2.1333, "name": "SG_frame_32_" },
					{ "time": 2.2, "name": "SG_frame_33_" },
					{ "time": 2.2667, "name": "SG_frame_34_" },
					{ "time": 2.3333, "name": "SG_frame_35_" },
					{ "time": 2.4, "name": "SG_frame_36_" },
					{ "time": 2.4667, "name": "SG_frame_37_" },
					{ "time": 2.5333, "name": "SG_frame_38_" },
					{ "time": 2.6, "name": "SG_frame_39_" },
					{ "time": 2.6667, "name": "SG_frame_40_" },
					{ "time": 2.7333, "name": "SG_frame_41_" },
					{ "time": 2.8, "name": "SG_frame_42_" },
					{ "time": 2.8667, "name": "SG_frame_43_" },
					{ "time": 2.9333, "name": "SG_frame_44_" },
					{ "time": 3, "name": "SG_frame_45_" },
					{ "time": 3.0667, "name": "SG_frame_46_" },
					{ "time": 3.1333, "name": "SG_frame_47_" },
					{ "time": 3.2, "name": "SG_frame_48_" }
				]
			},
			"GYzli2": {
				"attachment": [
					{ "time": 0, "name": "SG_frame_0_" },
					{ "time": 0.0667, "name": "SG_frame_1_" },
					{ "time": 0.1333, "name": "SG_frame_2_" },
					{ "time": 0.2, "name": "SG_frame_3_" },
					{ "time": 0.2667, "name": "SG_frame_4_" },
					{ "time": 0.3333, "name": "SG_frame_5_" },
					{ "time": 0.4, "name": "SG_frame_6_" },
					{ "time": 0.4667, "name": "SG_frame_7_" },
					{ "time": 0.5333, "name": "SG_frame_8_" },
					{ "time": 0.6, "name": "SG_frame_9_" },
					{ "time": 0.6667, "name": "SG_frame_10_" },
					{ "time": 0.7333, "name": "SG_frame_11_" },
					{ "time": 0.8, "name": "SG_frame_12_" },
					{ "time": 0.8667, "name": "SG_frame_13_" },
					{ "time": 0.9333, "name": "SG_frame_14_" },
					{ "time": 1, "name": "SG_frame_15_" },
					{ "time": 1.0667, "name": "SG_frame_16_" },
					{ "time": 1.1333, "name": "SG_frame_17_" },
					{ "time": 1.2, "name": "SG_frame_18_" },
					{ "time": 1.2667, "name": "SG_frame_19_" },
					{ "time": 1.3333, "name": "SG_frame_20_" },
					{ "time": 1.4, "name": "SG_frame_21_" },
					{ "time": 1.4667, "name": "SG_frame_22_" },
					{ "time": 1.5333, "name": "SG_frame_23_" },
					{ "time": 1.6, "name": "SG_frame_24_" },
					{ "time": 1.6667, "name": "SG_frame_25_" },
					{ "time": 1.7333, "name": "SG_frame_26_" },
					{ "time": 1.8, "name": "SG_frame_27_" },
					{ "time": 1.8667, "name": "SG_frame_28_" },
					{ "time": 1.9333, "name": "SG_frame_29_" },
					{ "time": 2, "name": "SG_frame_30_" },
					{ "time": 2.0667, "name": "SG_frame_31_" },
					{ "time": 2.1333, "name": "SG_frame_32_" },
					{ "time": 2.2, "name": "SG_frame_33_" },
					{ "time": 2.2667, "name": "SG_frame_34_" },
					{ "time": 2.3333, "name": "SG_frame_35_" },
					{ "time": 2.4, "name": "SG_frame_36_" },
					{ "time": 2.4667, "name": "SG_frame_37_" },
					{ "time": 2.5333, "name": "SG_frame_38_" },
					{ "time": 2.6, "name": "SG_frame_39_" },
					{ "time": 2.6667, "name": "SG_frame_40_" },
					{ "time": 2.7333, "name": "SG_frame_41_" },
					{ "time": 2.8, "name": "SG_frame_42_" },
					{ "time": 2.8667, "name": "SG_frame_43_" },
					{ "time": 2.9333, "name": "SG_frame_44_" },
					{ "time": 3, "name": "SG_frame_45_" },
					{ "time": 3.0667, "name": "SG_frame_46_" },
					{ "time": 3.1333, "name": "SG_frame_47_" },
					{ "time": 3.2, "name": "SG_frame_48_" }
				]
			},
			"caihong_": {
				"color": [
					{ "time": 0, "color": "ffffff2e" },
					{ "time": 1.1667, "color": "ffffff66" },
					{ "time": 2.3333, "color": "ffffff2e" }
				]
			},
			"caihong_2": {
				"color": [
					{ "time": 0, "color": "ffffff82", "curve": "stepped" },
					{ "time": 0.5333, "color": "ffffff82" },
					{ "time": 1.7333, "color": "ffffff22" },
					{ "time": 3.0333, "color": "ffffff82" }
				]
			},
			"caihong_3": {
				"color": [
					{ "time": 0, "color": "ffffff82" },
					{ "time": 1.2, "color": "ffffff22" },
					{ "time": 2.5, "color": "ffffff82" }
				]
			},
			"guangshu_": {
				"color": [
					{ "time": 0, "color": "ffffffff" },
					{ "time": 0.8333, "color": "ffffff00" },
					{ "time": 2, "color": "ffffffff" }
				]
			},
			"guangshu_2": {
				"color": [
					{ "time": 0, "color": "ffffffff" },
					{ "time": 0.6, "color": "ffffff00" },
					{ "time": 1.4667, "color": "ffffffff" },
					{ "time": 2.3, "color": "ffffff00" },
					{ "time": 3.2, "color": "ffffffff" }
				]
			},
			"guangshu_3": {
				"color": [
					{ "time": 0, "color": "ffffffff" },
					{ "time": 1.1667, "color": "ffffff00" },
					{ "time": 2.4667, "color": "ffffffff" }
				]
			},
			"guangshu_4": {
				"color": [
					{ "time": 0, "color": "ffffffff", "curve": "stepped" },
					{ "time": 0.5, "color": "ffffffff" },
					{ "time": 1.6667, "color": "ffffff00" },
					{ "time": 3, "color": "ffffffff" }
				]
			},
			"guangyun3_": {
				"color": [
					{ "time": 0, "color": "ffd440ff" },
					{ "time": 0.8333, "color": "ffd33f00" },
					{ "time": 2, "color": "ffd440ff" },
					{ "time": 2.6667, "color": "ffd33fa2" },
					{ "time": 3.2, "color": "ffd440ff" }
				]
			},
			"guangyun3_2": {
				"color": [
					{ "time": 0, "color": "ffdd7136" },
					{ "time": 1, "color": "ffdd71ff" },
					{ "time": 2, "color": "ffdd7136" }
				]
			},
			"guangyun3_3": {
				"color": [
					{ "time": 0.7333, "color": "ffd440ff" },
					{ "time": 1.6667, "color": "ffd33f00" },
					{ "time": 2.7, "color": "ffd440ff" }
				]
			},
			"guangyun3_4": {
				"color": [
					{ "time": 0.1, "color": "ffd440ff" },
					{ "time": 1.0333, "color": "ffd33f00" },
					{ "time": 2.7333, "color": "ffd440ff" }
				]
			},
			"lizi1": {
				"attachment": [
					{ "time": 0, "name": "XG_frame_0_" },
					{ "time": 0.0667, "name": "XG_frame_1_" },
					{ "time": 0.1333, "name": "XG_frame_2_" },
					{ "time": 0.2, "name": "XG_frame_3_" },
					{ "time": 0.2667, "name": "XG_frame_4_" },
					{ "time": 0.3333, "name": "XG_frame_5_" },
					{ "time": 0.4, "name": "XG_frame_6_" },
					{ "time": 0.4667, "name": "XG_frame_7_" },
					{ "time": 0.5333, "name": "XG_frame_8_" },
					{ "time": 0.6, "name": "XG_frame_9_" },
					{ "time": 0.6667, "name": "XG_frame_10_" },
					{ "time": 0.7333, "name": "XG_frame_11_" },
					{ "time": 0.8, "name": "XG_frame_12_" },
					{ "time": 0.8667, "name": "XG_frame_13_" },
					{ "time": 0.9333, "name": "XG_frame_14_" },
					{ "time": 1, "name": "XG_frame_15_" },
					{ "time": 1.0667, "name": "XG_frame_16_" },
					{ "time": 1.1333, "name": "XG_frame_17_" },
					{ "time": 1.2, "name": "XG_frame_18_" },
					{ "time": 1.2667, "name": "XG_frame_19_" },
					{ "time": 1.3333, "name": "XG_frame_20_" },
					{ "time": 1.4, "name": "XG_frame_21_" },
					{ "time": 1.4667, "name": "XG_frame_22_" },
					{ "time": 1.5333, "name": "XG_frame_23_" },
					{ "time": 1.6, "name": "XG_frame_24_" },
					{ "time": 1.6667, "name": "XG_frame_25_" },
					{ "time": 1.7333, "name": "XG_frame_26_" },
					{ "time": 1.8, "name": "XG_frame_27_" },
					{ "time": 1.8667, "name": "XG_frame_28_" },
					{ "time": 1.9333, "name": "XG_frame_29_" },
					{ "time": 2, "name": "XG_frame_30_" },
					{ "time": 2.0667, "name": "XG_frame_31_" },
					{ "time": 2.1333, "name": "XG_frame_32_" },
					{ "time": 2.2, "name": "XG_frame_33_" },
					{ "time": 2.2667, "name": "XG_frame_34_" },
					{ "time": 2.3333, "name": "XG_frame_35_" },
					{ "time": 2.4, "name": "XG_frame_36_" },
					{ "time": 2.4667, "name": "XG_frame_37_" },
					{ "time": 2.5333, "name": "XG_frame_38_" },
					{ "time": 2.6, "name": "XG_frame_39_" },
					{ "time": 2.6667, "name": "XG_frame_40_" },
					{ "time": 2.7667, "name": "XG_frame_41_" },
					{ "time": 2.8667, "name": "XG_frame_42_" },
					{ "time": 2.9667, "name": "XG_frame_43_" },
					{ "time": 3.0667, "name": "XG_frame_44_" },
					{ "time": 3.1333, "name": "XG_frame_45_" },
					{ "time": 3.2, "name": "XG_frame_46_" }
				]
			},
			"lizi2": {
				"attachment": [
					{ "time": 0, "name": "XG_frame_0_" },
					{ "time": 0.0667, "name": "XG_frame_1_" },
					{ "time": 0.1333, "name": "XG_frame_2_" },
					{ "time": 0.2, "name": "XG_frame_3_" },
					{ "time": 0.2667, "name": "XG_frame_4_" },
					{ "time": 0.3333, "name": "XG_frame_5_" },
					{ "time": 0.4, "name": "XG_frame_6_" },
					{ "time": 0.4667, "name": "XG_frame_7_" },
					{ "time": 0.5333, "name": "XG_frame_8_" },
					{ "time": 0.6, "name": "XG_frame_9_" },
					{ "time": 0.6667, "name": "XG_frame_10_" },
					{ "time": 0.7333, "name": "XG_frame_11_" },
					{ "time": 0.8, "name": "XG_frame_12_" },
					{ "time": 0.8667, "name": "XG_frame_13_" },
					{ "time": 0.9333, "name": "XG_frame_14_" },
					{ "time": 1, "name": "XG_frame_15_" },
					{ "time": 1.0667, "name": "XG_frame_16_" },
					{ "time": 1.1333, "name": "XG_frame_17_" },
					{ "time": 1.2, "name": "XG_frame_18_" },
					{ "time": 1.2667, "name": "XG_frame_19_" },
					{ "time": 1.3333, "name": "XG_frame_20_" },
					{ "time": 1.4, "name": "XG_frame_21_" },
					{ "time": 1.4667, "name": "XG_frame_22_" },
					{ "time": 1.5333, "name": "XG_frame_23_" },
					{ "time": 1.6, "name": "XG_frame_24_" },
					{ "time": 1.6667, "name": "XG_frame_25_" },
					{ "time": 1.7333, "name": "XG_frame_26_" },
					{ "time": 1.8, "name": "XG_frame_27_" },
					{ "time": 1.8667, "name": "XG_frame_28_" },
					{ "time": 1.9333, "name": "XG_frame_29_" },
					{ "time": 2, "name": "XG_frame_30_" },
					{ "time": 2.0667, "name": "XG_frame_31_" },
					{ "time": 2.1333, "name": "XG_frame_32_" },
					{ "time": 2.2, "name": "XG_frame_33_" },
					{ "time": 2.2667, "name": "XG_frame_34_" },
					{ "time": 2.3333, "name": "XG_frame_35_" },
					{ "time": 2.4, "name": "XG_frame_36_" },
					{ "time": 2.4667, "name": "XG_frame_37_" },
					{ "time": 2.5333, "name": "XG_frame_38_" },
					{ "time": 2.6, "name": "XG_frame_39_" },
					{ "time": 2.6667, "name": "XG_frame_40_" },
					{ "time": 2.7667, "name": "XG_frame_41_" },
					{ "time": 2.8667, "name": "XG_frame_42_" },
					{ "time": 2.9667, "name": "XG_frame_43_" },
					{ "time": 3.0667, "name": "XG_frame_44_" },
					{ "time": 3.1333, "name": "XG_frame_45_" },
					{ "time": 3.2, "name": "XG_frame_46_" }
				]
			},
			"lizi3": {
				"attachment": [
					{ "time": 0, "name": "XG_frame_0_" },
					{ "time": 0.0667, "name": "XG_frame_1_" },
					{ "time": 0.1333, "name": "XG_frame_2_" },
					{ "time": 0.2, "name": "XG_frame_3_" },
					{ "time": 0.2667, "name": "XG_frame_4_" },
					{ "time": 0.3333, "name": "XG_frame_5_" },
					{ "time": 0.4, "name": "XG_frame_6_" },
					{ "time": 0.4667, "name": "XG_frame_7_" },
					{ "time": 0.5333, "name": "XG_frame_8_" },
					{ "time": 0.6, "name": "XG_frame_9_" },
					{ "time": 0.6667, "name": "XG_frame_10_" },
					{ "time": 0.7333, "name": "XG_frame_11_" },
					{ "time": 0.8, "name": "XG_frame_12_" },
					{ "time": 0.8667, "name": "XG_frame_13_" },
					{ "time": 0.9333, "name": "XG_frame_14_" },
					{ "time": 1, "name": "XG_frame_15_" },
					{ "time": 1.0667, "name": "XG_frame_16_" },
					{ "time": 1.1333, "name": "XG_frame_17_" },
					{ "time": 1.2, "name": "XG_frame_18_" },
					{ "time": 1.2667, "name": "XG_frame_19_" },
					{ "time": 1.3333, "name": "XG_frame_20_" },
					{ "time": 1.4, "name": "XG_frame_21_" },
					{ "time": 1.4667, "name": "XG_frame_22_" },
					{ "time": 1.5333, "name": "XG_frame_23_" },
					{ "time": 1.6, "name": "XG_frame_24_" },
					{ "time": 1.6667, "name": "XG_frame_25_" },
					{ "time": 1.7333, "name": "XG_frame_26_" },
					{ "time": 1.8, "name": "XG_frame_27_" },
					{ "time": 1.8667, "name": "XG_frame_28_" },
					{ "time": 1.9333, "name": "XG_frame_29_" },
					{ "time": 2, "name": "XG_frame_30_" },
					{ "time": 2.0667, "name": "XG_frame_31_" },
					{ "time": 2.1333, "name": "XG_frame_32_" },
					{ "time": 2.2, "name": "XG_frame_33_" },
					{ "time": 2.2667, "name": "XG_frame_34_" },
					{ "time": 2.3333, "name": "XG_frame_35_" },
					{ "time": 2.4, "name": "XG_frame_36_" },
					{ "time": 2.4667, "name": "XG_frame_37_" },
					{ "time": 2.5333, "name": "XG_frame_38_" },
					{ "time": 2.6, "name": "XG_frame_39_" },
					{ "time": 2.6667, "name": "XG_frame_40_" },
					{ "time": 2.7667, "name": "XG_frame_41_" },
					{ "time": 2.8667, "name": "XG_frame_42_" },
					{ "time": 2.9667, "name": "XG_frame_43_" },
					{ "time": 3.0667, "name": "XG_frame_44_" },
					{ "time": 3.1333, "name": "XG_frame_45_" },
					{ "time": 3.2, "name": "XG_frame_46_" }
				]
			},
			"lizi4": {
				"attachment": [
					{ "time": 0, "name": "XG_frame_0_" },
					{ "time": 0.0667, "name": "XG_frame_1_" },
					{ "time": 0.1333, "name": "XG_frame_2_" },
					{ "time": 0.2, "name": "XG_frame_3_" },
					{ "time": 0.2667, "name": "XG_frame_4_" },
					{ "time": 0.3333, "name": "XG_frame_5_" },
					{ "time": 0.4, "name": "XG_frame_6_" },
					{ "time": 0.4667, "name": "XG_frame_7_" },
					{ "time": 0.5333, "name": "XG_frame_8_" },
					{ "time": 0.6, "name": "XG_frame_9_" },
					{ "time": 0.6667, "name": "XG_frame_10_" },
					{ "time": 0.7333, "name": "XG_frame_11_" },
					{ "time": 0.8, "name": "XG_frame_12_" },
					{ "time": 0.8667, "name": "XG_frame_13_" },
					{ "time": 0.9333, "name": "XG_frame_14_" },
					{ "time": 1, "name": "XG_frame_15_" },
					{ "time": 1.0667, "name": "XG_frame_16_" },
					{ "time": 1.1333, "name": "XG_frame_17_" },
					{ "time": 1.2, "name": "XG_frame_18_" },
					{ "time": 1.2667, "name": "XG_frame_19_" },
					{ "time": 1.3333, "name": "XG_frame_20_" },
					{ "time": 1.4, "name": "XG_frame_21_" },
					{ "time": 1.4667, "name": "XG_frame_22_" },
					{ "time": 1.5333, "name": "XG_frame_23_" },
					{ "time": 1.6, "name": "XG_frame_24_" },
					{ "time": 1.6667, "name": "XG_frame_25_" },
					{ "time": 1.7333, "name": "XG_frame_26_" },
					{ "time": 1.8, "name": "XG_frame_27_" },
					{ "time": 1.8667, "name": "XG_frame_28_" },
					{ "time": 1.9333, "name": "XG_frame_29_" },
					{ "time": 2, "name": "XG_frame_30_" },
					{ "time": 2.0667, "name": "XG_frame_31_" },
					{ "time": 2.1333, "name": "XG_frame_32_" },
					{ "time": 2.2, "name": "XG_frame_33_" },
					{ "time": 2.2667, "name": "XG_frame_34_" },
					{ "time": 2.3333, "name": "XG_frame_35_" },
					{ "time": 2.4, "name": "XG_frame_36_" },
					{ "time": 2.4667, "name": "XG_frame_37_" },
					{ "time": 2.5333, "name": "XG_frame_38_" },
					{ "time": 2.6, "name": "XG_frame_39_" },
					{ "time": 2.6667, "name": "XG_frame_40_" },
					{ "time": 2.7667, "name": "XG_frame_41_" },
					{ "time": 2.8667, "name": "XG_frame_42_" },
					{ "time": 2.9667, "name": "XG_frame_43_" },
					{ "time": 3.0667, "name": "XG_frame_44_" },
					{ "time": 3.1333, "name": "XG_frame_45_" },
					{ "time": 3.2, "name": "XG_frame_46_" }
				]
			},
			"mao1": {
				"attachment": [
					{ "time": 0, "name": "mao_frame_0_" },
					{ "time": 0.1, "name": "mao_frame_1_" },
					{ "time": 0.2, "name": "mao_frame_2_" },
					{ "time": 0.3, "name": "mao_frame_3_" },
					{ "time": 0.4, "name": "mao_frame_4_" },
					{ "time": 0.5, "name": "mao_frame_0_" },
					{ "time": 0.6, "name": "mao_frame_1_" },
					{ "time": 0.7, "name": "mao_frame_2_" },
					{ "time": 0.8, "name": "mao_frame_3_" },
					{ "time": 0.9, "name": "mao_frame_4_" },
					{ "time": 1, "name": "mao_frame_0_" },
					{ "time": 1.1, "name": "mao_frame_1_" },
					{ "time": 1.2, "name": "mao_frame_2_" },
					{ "time": 1.3, "name": "mao_frame_3_" },
					{ "time": 1.4, "name": "mao_frame_4_" },
					{ "time": 1.5, "name": "mao_frame_0_" },
					{ "time": 1.6, "name": "mao_frame_1_" },
					{ "time": 1.7, "name": "mao_frame_2_" },
					{ "time": 1.8, "name": "mao_frame_3_" },
					{ "time": 1.9, "name": "mao_frame_4_" },
					{ "time": 2, "name": "mao_frame_0_" },
					{ "time": 2.1, "name": "mao_frame_1_" },
					{ "time": 2.2, "name": "mao_frame_2_" },
					{ "time": 2.3, "name": "mao_frame_3_" },
					{ "time": 2.4, "name": "mao_frame_4_" },
					{ "time": 2.5, "name": "mao_frame_0_" },
					{ "time": 2.6, "name": "mao_frame_1_" },
					{ "time": 2.7, "name": "mao_frame_2_" },
					{ "time": 2.8, "name": "mao_frame_3_" },
					{ "time": 2.9, "name": "mao_frame_4_" }
				]
			},
			"sy": {
				"attachment": [
					{ "time": 0, "name": null },
					{ "time": 0.6667, "name": "0_" },
					{ "time": 0.7, "name": "1_" },
					{ "time": 0.7333, "name": "2_" },
					{ "time": 0.7667, "name": "4_" },
					{ "time": 0.8, "name": "5_" },
					{ "time": 0.8333, "name": "6_" },
					{ "time": 0.8667, "name": "7_" },
					{ "time": 0.9, "name": "8_" },
					{ "time": 0.9333, "name": "9_" },
					{ "time": 0.9667, "name": "10_" },
					{ "time": 1, "name": "11_" },
					{ "time": 1.0333, "name": "12_" },
					{ "time": 1.0667, "name": "13_" },
					{ "time": 1.1, "name": "14_" },
					{ "time": 1.1333, "name": "15_" },
					{ "time": 1.1667, "name": "16_" },
					{ "time": 1.2, "name": "17_" },
					{ "time": 1.2333, "name": "18_" },
					{ "time": 1.2667, "name": "19_" },
					{ "time": 1.3, "name": "20_" },
					{ "time": 1.3333, "name": "21_" },
					{ "time": 1.3667, "name": "22_" },
					{ "time": 1.4, "name": "23_" },
					{ "time": 1.4333, "name": "24_" },
					{ "time": 1.4667, "name": "25_" },
					{ "time": 1.5, "name": "26_" },
					{ "time": 1.5333, "name": "27_" },
					{ "time": 1.5667, "name": "28_" },
					{ "time": 1.6, "name": "29_" },
					{ "time": 1.6333, "name": "30_" },
					{ "time": 1.6667, "name": "31_" },
					{ "time": 1.7, "name": "32_" },
					{ "time": 1.7333, "name": "33_" },
					{ "time": 1.7667, "name": "34_" },
					{ "time": 1.8, "name": "35_" },
					{ "time": 1.8333, "name": "36_" },
					{ "time": 1.8667, "name": null }
				]
			},
			"sy2": {
				"attachment": [
					{ "time": 0, "name": null },
					{ "time": 0.6667, "name": "0_" },
					{ "time": 0.7, "name": "1_" },
					{ "time": 0.7333, "name": "2_" },
					{ "time": 0.7667, "name": "4_" },
					{ "time": 0.8, "name": "5_" },
					{ "time": 0.8333, "name": "6_" },
					{ "time": 0.8667, "name": "7_" },
					{ "time": 0.9, "name": "8_" },
					{ "time": 0.9333, "name": "9_" },
					{ "time": 0.9667, "name": "10_" },
					{ "time": 1, "name": "11_" },
					{ "time": 1.0333, "name": "12_" },
					{ "time": 1.0667, "name": "13_" },
					{ "time": 1.1, "name": "14_" },
					{ "time": 1.1333, "name": "15_" },
					{ "time": 1.1667, "name": "16_" },
					{ "time": 1.2, "name": "17_" },
					{ "time": 1.2333, "name": "18_" },
					{ "time": 1.2667, "name": "19_" },
					{ "time": 1.3, "name": "20_" },
					{ "time": 1.3333, "name": "21_" },
					{ "time": 1.3667, "name": "22_" },
					{ "time": 1.4, "name": "23_" },
					{ "time": 1.4333, "name": "24_" },
					{ "time": 1.4667, "name": "25_" },
					{ "time": 1.5, "name": "26_" },
					{ "time": 1.5333, "name": "27_" },
					{ "time": 1.5667, "name": "28_" },
					{ "time": 1.6, "name": "29_" },
					{ "time": 1.6333, "name": "30_" },
					{ "time": 1.6667, "name": "31_" },
					{ "time": 1.7, "name": "32_" },
					{ "time": 1.7333, "name": "33_" },
					{ "time": 1.7667, "name": "34_" },
					{ "time": 1.8, "name": "35_" },
					{ "time": 1.8333, "name": "36_" },
					{ "time": 1.8667, "name": null }
				]
			},
			"xialuo": {
				"color": [
					{ "time": 2.1667, "color": "ffef35ff" },
					{ "time": 2.7, "color": "ffef3400" }
				],
				"attachment": [
					{ "time": 0, "name": null },
					{ "time": 0.3333, "name": "XLlizi8_" },
					{ "time": 0.3667, "name": "XLlizi9_" },
					{ "time": 0.4, "name": "XLlizi10_" },
					{ "time": 0.4333, "name": "XLlizi11_" },
					{ "time": 0.4667, "name": "XLlizi12_" },
					{ "time": 0.5, "name": "XLlizi13_" },
					{ "time": 0.5333, "name": "XLlizi14_" },
					{ "time": 0.5667, "name": "XLlizi15_" },
					{ "time": 0.6, "name": "XLlizi16_" },
					{ "time": 0.6333, "name": "XLlizi17_" },
					{ "time": 0.6667, "name": "XLlizi18_" },
					{ "time": 0.7, "name": "XLlizi19_" },
					{ "time": 0.7333, "name": "XLlizi20_" },
					{ "time": 0.7667, "name": "XLlizi21_" },
					{ "time": 0.8, "name": "XLlizi22_" },
					{ "time": 0.8333, "name": "XLlizi23_" },
					{ "time": 0.8667, "name": "XLlizi24_" },
					{ "time": 0.9, "name": "XLlizi25_" },
					{ "time": 0.9333, "name": "XLlizi26_" },
					{ "time": 0.9667, "name": "XLlizi27_" },
					{ "time": 1, "name": "XLlizi28_" },
					{ "time": 1.0333, "name": "XLlizi29_" },
					{ "time": 1.0667, "name": "XLlizi30_" },
					{ "time": 1.1, "name": "XLlizi31_" },
					{ "time": 1.1333, "name": "XLlizi32_" },
					{ "time": 1.1667, "name": "XLlizi33_" },
					{ "time": 1.2, "name": "XLlizi35_" },
					{ "time": 1.2333, "name": "XLlizi36_" },
					{ "time": 1.2667, "name": "XLlizi37_" },
					{ "time": 1.3, "name": "XLlizi38_" },
					{ "time": 1.3333, "name": "XLlizi39_" },
					{ "time": 1.3667, "name": "XLlizi40_" },
					{ "time": 1.4, "name": "XLlizi41_" },
					{ "time": 1.4333, "name": "XLlizi42_" },
					{ "time": 1.4667, "name": "XLlizi43_" },
					{ "time": 1.5, "name": "XLlizi44_" },
					{ "time": 1.5333, "name": "XLlizi46_" },
					{ "time": 1.5667, "name": "XLlizi47_" },
					{ "time": 1.6, "name": "XLlizi48_" },
					{ "time": 1.6333, "name": "XLlizi49_" },
					{ "time": 1.6667, "name": "XLlizi50_" },
					{ "time": 1.7, "name": "XLlizi51_" },
					{ "time": 1.7333, "name": "XLlizi52_" },
					{ "time": 1.7667, "name": "XLlizi53_" },
					{ "time": 1.8, "name": "XLlizi54_" },
					{ "time": 1.8333, "name": "XLlizi55_" },
					{ "time": 1.8667, "name": "XLlizi57_" },
					{ "time": 1.9, "name": "XLlizi58_" },
					{ "time": 1.9333, "name": "XLlizi59_" },
					{ "time": 1.9667, "name": "XLlizi60_" },
					{ "time": 2, "name": "XLlizi61_" },
					{ "time": 2.0333, "name": "XLlizi62_" },
					{ "time": 2.0667, "name": "XLlizi63_" },
					{ "time": 2.1, "name": "XLlizi64_" },
					{ "time": 2.1333, "name": "XLlizi65_" },
					{ "time": 2.1667, "name": "XLlizi65_" }
				]
			}
		},
		"bones": {
			"dashu3": {
				"rotate": [
					{
						"time": 0,
						"angle": 0,
						"curve": [ 0.25, 0, 0.75, 1 ]
					},
					{
						"time": 0.2333,
						"angle": 4.65,
						"curve": [ 0.25, 0, 0.75, 1 ]
					},
					{
						"time": 0.3667,
						"angle": -4.41,
						"curve": [ 0.25, 0, 0.75, 1 ]
					},
					{
						"time": 0.4667,
						"angle": 6.36,
						"curve": [ 0.25, 0, 0.75, 1 ]
					},
					{
						"time": 0.5667,
						"angle": -8.64,
						"curve": [ 0.25, 0, 0.75, 1 ]
					},
					{
						"time": 0.6667,
						"angle": 2.59,
						"curve": [ 0.25, 0, 0.75, 1 ]
					},
					{
						"time": 0.7667,
						"angle": -6.24,
						"curve": [ 0.25, 0, 0.75, 1 ]
					},
					{
						"time": 0.9,
						"angle": 3.97,
						"curve": [ 0.25, 0, 0.75, 1 ]
					},
					{
						"time": 1.0333,
						"angle": -2.21,
						"curve": [ 0.254, 0, 0.621, 0.47 ]
					},
					{ "time": 1.2333, "angle": 0 }
				]
			}
		}
	}
}
}