{
"skeleton": { "hash": "kKPw1nnm94tWBrSY1Bkwba/d8oA", "spine": "2.1.27", "width": 85, "height": 85, "images": "" },
"bones": [
	{ "name": "root" },
	{ "name": "bone", "parent": "root", "length": 167.69, "y": -0.98, "rotation": 90 },
	{ "name": "bone2", "parent": "root", "length": 75.85, "x": -0.01, "y": -6.46, "rotation": 90 }
],
"slots": [
	{ "name": "shitouren06_walk_0021_", "bone": "bone" },
	{ "name": "shitouren06_walk_0020_", "bone": "bone" },
	{ "name": "shitouren06_walk_0019_", "bone": "bone" },
	{ "name": "shitouren06_walk_0018_", "bone": "bone" },
	{ "name": "shitouren06_walk_0017_", "bone": "bone" },
	{ "name": "shitouren06_walk_0016_", "bone": "bone" },
	{ "name": "shitouren06_walk_0015_", "bone": "bone" },
	{ "name": "shitouren06_walk_0014_", "bone": "bone" },
	{ "name": "shitouren06_walk_0013_", "bone": "bone" },
	{ "name": "shitouren06_walk_0012_", "bone": "bone" },
	{ "name": "shitouren06_walk_0011_", "bone": "bone" },
	{ "name": "shitouren06_walk_0010_", "bone": "bone" },
	{ "name": "shitouren06_walk_0009_", "bone": "bone" },
	{ "name": "shitouren06_walk_0008_", "bone": "bone" },
	{ "name": "shitouren06_walk_0007_", "bone": "bone" },
	{ "name": "shitouren06_walk_0006_", "bone": "bone" },
	{ "name": "shitouren06_walk_0005_", "bone": "bone" },
	{ "name": "shitouren06_walk_0004_", "bone": "bone" },
	{ "name": "shitouren06_walk_0003_", "bone": "bone" },
	{ "name": "shitouren06_walk_0002_", "bone": "bone" },
	{ "name": "shitouren06_walk_0001_", "bone": "bone" },
	{ "name": "shitouren06_walk_0000_", "bone": "bone" },
	{ "name": "shitouren06_gj_0024_", "bone": "bone" },
	{ "name": "shitouren06_gj_0023_", "bone": "bone" },
	{ "name": "shitouren06_gj_0022_", "bone": "bone" },
	{ "name": "shitouren06_gj_0021_", "bone": "bone" },
	{ "name": "shitouren06_gj_0020_", "bone": "bone" },
	{ "name": "shitouren06_gj_0019_", "bone": "bone" },
	{ "name": "shitouren06_gj_0018_", "bone": "bone" },
	{ "name": "shitouren06_gj_0017_", "bone": "bone" },
	{ "name": "shitouren06_gj_0016_", "bone": "bone" },
	{ "name": "shitouren06_gj_0015_", "bone": "bone" },
	{ "name": "shitouren06_gj_0014_", "bone": "bone" },
	{ "name": "shitouren06_gj_0013_", "bone": "bone" },
	{ "name": "shitouren06_gj_0012_", "bone": "bone" },
	{ "name": "shitouren06_gj_0011_", "bone": "bone" },
	{ "name": "shitouren06_gj_0010_", "bone": "bone" },
	{ "name": "shitouren06_gj_0009_", "bone": "bone" },
	{ "name": "shitouren06_gj_0008_", "bone": "bone" },
	{ "name": "shitouren06_gj_0007_", "bone": "bone" },
	{ "name": "shitouren06_gj_0006_", "bone": "bone" },
	{ "name": "shitouren06_gj_0005_", "bone": "bone" },
	{ "name": "shitouren06_gj_0004_", "bone": "bone" },
	{ "name": "shitouren06_gj_0003_", "bone": "bone" },
	{ "name": "shitouren06_gj_0002_", "bone": "bone" },
	{ "name": "shitouren06_gj_0001_", "bone": "bone" },
	{ "name": "shitouren06_gj_0000_", "bone": "bone" },
	{ "name": "shitouren06_dj_0024_", "bone": "bone" },
	{ "name": "shitouren06_dj_0023_", "bone": "bone" },
	{ "name": "shitouren06_dj_0022_", "bone": "bone" },
	{ "name": "shitouren06_dj_0021_", "bone": "bone" },
	{ "name": "shitouren06_dj_0020_", "bone": "bone" },
	{ "name": "shitouren06_dj_0019_", "bone": "bone" },
	{ "name": "shitouren06_dj_0018_", "bone": "bone" },
	{ "name": "shitouren06_dj_0017_", "bone": "bone" },
	{ "name": "shitouren06_dj_0016_", "bone": "bone" },
	{ "name": "shitouren06_dj_0015_", "bone": "bone" },
	{ "name": "shitouren06_dj_0014_", "bone": "bone" },
	{ "name": "shitouren06_dj_0013_", "bone": "bone" },
	{ "name": "shitouren06_dj_0012_", "bone": "bone" },
	{ "name": "shitouren06_dj_0011_", "bone": "bone" },
	{ "name": "shitouren06_dj_0010_", "bone": "bone" },
	{ "name": "shitouren06_dj_0009_", "bone": "bone" },
	{ "name": "shitouren06_dj_0008_", "bone": "bone" },
	{ "name": "shitouren06_dj_0007_", "bone": "bone" },
	{ "name": "shitouren06_dj_0006_", "bone": "bone" },
	{ "name": "shitouren06_dj_0005_", "bone": "bone" },
	{ "name": "shitouren06_dj_0004_", "bone": "bone" },
	{ "name": "shitouren06_dj_0003_", "bone": "bone" },
	{ "name": "shitouren06_dj_0002_", "bone": "bone" },
	{ "name": "shitouren06_dj_0001_", "bone": "bone" },
	{ "name": "shitouren06_dj_0000_", "bone": "bone" },
	{ "name": "yz_0_", "bone": "bone2", "attachment": "yz_0_" }
],
"skins": {
	"default": {
		"shitouren06_dj_0000_": {
			"shitouren06_dj_0000_": { "x": 64.88, "y": 9.46, "rotation": -90, "width": 118, "height": 122 }
		},
		"shitouren06_dj_0001_": {
			"shitouren06_dj_0001_": { "x": 65.38, "y": 9.96, "rotation": -90, "width": 117, "height": 123 }
		},
		"shitouren06_dj_0002_": {
			"shitouren06_dj_0002_": { "x": 66.88, "y": 11.96, "rotation": -90, "width": 117, "height": 126 }
		},
		"shitouren06_dj_0003_": {
			"shitouren06_dj_0003_": { "x": 68.38, "y": 13.46, "rotation": -90, "width": 116, "height": 129 }
		},
		"shitouren06_dj_0004_": {
			"shitouren06_dj_0004_": { "x": 69.88, "y": 14.46, "rotation": -90, "width": 116, "height": 132 }
		},
		"shitouren06_dj_0005_": {
			"shitouren06_dj_0005_": { "x": 71.38, "y": 16.46, "rotation": -90, "width": 116, "height": 135 }
		},
		"shitouren06_dj_0006_": {
			"shitouren06_dj_0006_": { "x": 72.88, "y": 17.46, "rotation": -90, "width": 114, "height": 138 }
		},
		"shitouren06_dj_0007_": {
			"shitouren06_dj_0007_": { "x": 73.88, "y": 17.96, "rotation": -90, "width": 115, "height": 140 }
		},
		"shitouren06_dj_0008_": {
			"shitouren06_dj_0008_": { "x": 74.88, "y": 17.46, "rotation": -90, "width": 114, "height": 142 }
		},
		"shitouren06_dj_0009_": {
			"shitouren06_dj_0009_": { "x": 75.88, "y": 17.46, "rotation": -90, "width": 114, "height": 144 }
		},
		"shitouren06_dj_0010_": {
			"shitouren06_dj_0010_": { "x": 76.38, "y": 16.96, "rotation": -90, "width": 113, "height": 145 }
		},
		"shitouren06_dj_0011_": {
			"shitouren06_dj_0011_": { "x": 76.88, "y": 16.46, "rotation": -90, "width": 112, "height": 146 }
		},
		"shitouren06_dj_0012_": {
			"shitouren06_dj_0012_": { "x": 76.88, "y": 15.96, "rotation": -90, "width": 111, "height": 146 }
		},
		"shitouren06_dj_0013_": {
			"shitouren06_dj_0013_": { "x": 76.88, "y": 15.46, "rotation": -90, "width": 110, "height": 146 }
		},
		"shitouren06_dj_0014_": {
			"shitouren06_dj_0014_": { "x": 75.88, "y": 14.46, "rotation": -90, "width": 108, "height": 144 }
		},
		"shitouren06_dj_0015_": {
			"shitouren06_dj_0015_": { "x": 74.88, "y": 12.96, "rotation": -90, "width": 109, "height": 142 }
		},
		"shitouren06_dj_0016_": {
			"shitouren06_dj_0016_": { "x": 73.88, "y": 11.46, "rotation": -90, "width": 110, "height": 140 }
		},
		"shitouren06_dj_0017_": {
			"shitouren06_dj_0017_": { "x": 72.88, "y": 9.46, "rotation": -90, "width": 112, "height": 138 }
		},
		"shitouren06_dj_0018_": {
			"shitouren06_dj_0018_": { "x": 71.88, "y": 8.96, "rotation": -90, "width": 113, "height": 136 }
		},
		"shitouren06_dj_0019_": {
			"shitouren06_dj_0019_": { "x": 70.88, "y": 8.46, "rotation": -90, "width": 114, "height": 134 }
		},
		"shitouren06_dj_0020_": {
			"shitouren06_dj_0020_": { "x": 69.38, "y": 7.96, "rotation": -90, "width": 115, "height": 131 }
		},
		"shitouren06_dj_0021_": {
			"shitouren06_dj_0021_": { "x": 67.88, "y": 8.46, "rotation": -90, "width": 116, "height": 128 }
		},
		"shitouren06_dj_0022_": {
			"shitouren06_dj_0022_": { "x": 66.38, "y": 8.46, "rotation": -90, "width": 116, "height": 125 }
		},
		"shitouren06_dj_0023_": {
			"shitouren06_dj_0023_": { "x": 65.38, "y": 8.96, "rotation": -90, "width": 117, "height": 123 }
		},
		"shitouren06_dj_0024_": {
			"shitouren06_dj_0024_": { "x": 64.88, "y": 9.46, "rotation": -90, "width": 118, "height": 122 }
		},
		"shitouren06_gj_0000_": {
			"shitouren06_gj_0000_": { "x": 64.88, "y": 9.46, "rotation": -90, "width": 118, "height": 122 }
		},
		"shitouren06_gj_0001_": {
			"shitouren06_gj_0001_": { "x": 59.88, "y": 7.46, "rotation": -90, "width": 120, "height": 112 }
		},
		"shitouren06_gj_0002_": {
			"shitouren06_gj_0002_": { "x": 67.88, "y": -1.53, "rotation": -90, "width": 122, "height": 128 }
		},
		"shitouren06_gj_0003_": {
			"shitouren06_gj_0003_": { "x": 77.38, "y": -1.53, "rotation": -90, "width": 128, "height": 147 }
		},
		"shitouren06_gj_0004_": {
			"shitouren06_gj_0004_": { "x": 76.38, "y": 1.46, "rotation": -90, "width": 122, "height": 145 }
		},
		"shitouren06_gj_0005_": {
			"shitouren06_gj_0005_": { "x": 71.38, "y": 0.96, "rotation": -90, "width": 109, "height": 137 }
		},
		"shitouren06_gj_0006_": {
			"shitouren06_gj_0006_": { "x": 71.88, "y": -4.03, "rotation": -90, "width": 119, "height": 138 }
		},
		"shitouren06_gj_0007_": {
			"shitouren06_gj_0007_": { "x": 75.38, "y": 4.96, "rotation": -90, "width": 115, "height": 147 }
		},
		"shitouren06_gj_0008_": {
			"shitouren06_gj_0008_": { "x": 75.38, "y": 13.46, "rotation": -90, "width": 128, "height": 149 }
		},
		"shitouren06_gj_0009_": {
			"shitouren06_gj_0009_": { "x": 70.38, "y": 3.96, "rotation": -90, "width": 103, "height": 135 }
		},
		"shitouren06_gj_0010_": {
			"shitouren06_gj_0010_": { "x": 63.38, "y": -35.03, "rotation": -90, "width": 137, "height": 113 }
		},
		"shitouren06_gj_0011_": {
			"shitouren06_gj_0011_": { "x": 58.38, "y": -39.53, "rotation": -90, "width": 144, "height": 103 }
		},
		"shitouren06_gj_0012_": {
			"shitouren06_gj_0012_": { "x": 59.38, "y": -34.03, "rotation": -90, "width": 133, "height": 105 }
		},
		"shitouren06_gj_0013_": {
			"shitouren06_gj_0013_": { "x": 61.88, "y": -30.03, "rotation": -90, "width": 125, "height": 110 }
		},
		"shitouren06_gj_0014_": {
			"shitouren06_gj_0014_": { "x": 63.38, "y": -27.53, "rotation": -90, "width": 122, "height": 115 }
		},
		"shitouren06_gj_0015_": {
			"shitouren06_gj_0015_": { "x": 64.88, "y": -24.53, "rotation": -90, "width": 118, "height": 118 }
		},
		"shitouren06_gj_0016_": {
			"shitouren06_gj_0016_": { "x": 66.38, "y": -18.03, "rotation": -90, "width": 107, "height": 121 }
		},
		"shitouren06_gj_0017_": {
			"shitouren06_gj_0017_": { "x": 68.38, "y": -10.53, "rotation": -90, "width": 94, "height": 127 }
		},
		"shitouren06_gj_0018_": {
			"shitouren06_gj_0018_": { "x": 70.38, "y": -5.53, "rotation": -90, "width": 86, "height": 131 }
		},
		"shitouren06_gj_0019_": {
			"shitouren06_gj_0019_": { "x": 71.88, "y": 8.96, "rotation": -90, "width": 113, "height": 134 }
		},
		"shitouren06_gj_0020_": {
			"shitouren06_gj_0020_": { "x": 72.38, "y": 12.96, "rotation": -90, "width": 127, "height": 135 }
		},
		"shitouren06_gj_0021_": {
			"shitouren06_gj_0021_": { "x": 71.38, "y": 12.46, "rotation": -90, "width": 124, "height": 135 }
		},
		"shitouren06_gj_0022_": {
			"shitouren06_gj_0022_": { "x": 69.38, "y": 11.46, "rotation": -90, "width": 122, "height": 131 }
		},
		"shitouren06_gj_0023_": {
			"shitouren06_gj_0023_": { "x": 67.38, "y": 10.96, "rotation": -90, "width": 121, "height": 127 }
		},
		"shitouren06_gj_0024_": {
			"shitouren06_gj_0024_": { "x": 64.88, "y": 9.46, "rotation": -90, "width": 118, "height": 122 }
		},
		"shitouren06_walk_0000_": {
			"shitouren06_walk_0000_": { "x": 61.88, "y": -3.03, "rotation": -90, "width": 105, "height": 122 }
		},
		"shitouren06_walk_0001_": {
			"shitouren06_walk_0001_": { "x": 59.38, "y": -1.03, "rotation": -90, "width": 103, "height": 121 }
		},
		"shitouren06_walk_0002_": {
			"shitouren06_walk_0002_": { "x": 57.88, "y": -2.03, "rotation": -90, "width": 101, "height": 116 }
		},
		"shitouren06_walk_0003_": {
			"shitouren06_walk_0003_": { "x": 57.38, "y": -1.53, "rotation": -90, "width": 96, "height": 115 }
		},
		"shitouren06_walk_0004_": {
			"shitouren06_walk_0004_": { "x": 57.88, "y": -1.53, "rotation": -90, "width": 86, "height": 116 }
		},
		"shitouren06_walk_0005_": {
			"shitouren06_walk_0005_": { "x": 59.38, "y": -2.53, "rotation": -90, "width": 70, "height": 119 }
		},
		"shitouren06_walk_0006_": {
			"shitouren06_walk_0006_": { "x": 61.38, "y": -0.53, "rotation": -90, "width": 56, "height": 121 }
		},
		"shitouren06_walk_0007_": {
			"shitouren06_walk_0007_": { "x": 62.38, "y": -0.53, "rotation": -90, "width": 68, "height": 123 }
		},
		"shitouren06_walk_0008_": {
			"shitouren06_walk_0008_": { "x": 63.88, "y": -1.03, "rotation": -90, "width": 81, "height": 126 }
		},
		"shitouren06_walk_0009_": {
			"shitouren06_walk_0009_": { "x": 64.88, "y": -4.53, "rotation": -90, "width": 96, "height": 128 }
		},
		"shitouren06_walk_0010_": {
			"shitouren06_walk_0010_": { "x": 65.38, "y": -5.03, "rotation": -90, "width": 105, "height": 129 }
		},
		"shitouren06_walk_0011_": {
			"shitouren06_walk_0011_": { "x": 64.88, "y": -3.53, "rotation": -90, "width": 106, "height": 128 }
		},
		"shitouren06_walk_0012_": {
			"shitouren06_walk_0012_": { "x": 64.38, "y": -3.53, "rotation": -90, "width": 108, "height": 129 }
		},
		"shitouren06_walk_0013_": {
			"shitouren06_walk_0013_": { "x": 64.38, "y": -2.53, "rotation": -90, "width": 106, "height": 129 }
		},
		"shitouren06_walk_0014_": {
			"shitouren06_walk_0014_": { "x": 64.88, "y": -2.03, "rotation": -90, "width": 99, "height": 126 }
		},
		"shitouren06_walk_0015_": {
			"shitouren06_walk_0015_": { "x": 66.38, "y": -4.03, "rotation": -90, "width": 83, "height": 123 }
		},
		"shitouren06_walk_0016_": {
			"shitouren06_walk_0016_": { "x": 67.38, "y": -3.53, "rotation": -90, "width": 68, "height": 123 }
		},
		"shitouren06_walk_0017_": {
			"shitouren06_walk_0017_": { "x": 67.88, "y": 1.46, "rotation": -90, "width": 60, "height": 122 }
		},
		"shitouren06_walk_0018_": {
			"shitouren06_walk_0018_": { "x": 69.38, "y": 2.46, "rotation": -90, "width": 70, "height": 119 }
		},
		"shitouren06_walk_0019_": {
			"shitouren06_walk_0019_": { "x": 70.88, "y": -1.53, "rotation": -90, "width": 88, "height": 114 }
		},
		"shitouren06_walk_0020_": {
			"shitouren06_walk_0020_": { "x": 70.88, "y": -6.03, "rotation": -90, "width": 103, "height": 114 }
		},
		"shitouren06_walk_0021_": {
			"shitouren06_walk_0021_": { "x": 61.88, "y": -3.03, "rotation": -90, "width": 105, "height": 122 }
		},
		"yz_0_": {
			"yz_0_": { "x": 24.29, "y": 0.37, "rotation": -90, "width": 85, "height": 85 }
		}
	}
},
"animations": {
	"dj": {
		"slots": {
			"shitouren06_dj_0000_": {
				"attachment": [
					{ "time": 0, "name": "shitouren06_dj_0000_" },
					{ "time": 0.0666, "name": null }
				]
			},
			"shitouren06_dj_0001_": {
				"attachment": [
					{ "time": 0, "name": null },
					{ "time": 0.0666, "name": "shitouren06_dj_0001_" },
					{ "time": 0.1333, "name": null }
				]
			},
			"shitouren06_dj_0002_": {
				"attachment": [
					{ "time": 0, "name": null },
					{ "time": 0.1333, "name": "shitouren06_dj_0002_" },
					{ "time": 0.2, "name": null }
				]
			},
			"shitouren06_dj_0003_": {
				"attachment": [
					{ "time": 0, "name": null },
					{ "time": 0.2, "name": "shitouren06_dj_0003_" },
					{ "time": 0.2666, "name": null }
				]
			},
			"shitouren06_dj_0004_": {
				"attachment": [
					{ "time": 0, "name": null },
					{ "time": 0.2666, "name": "shitouren06_dj_0004_" },
					{ "time": 0.3333, "name": null }
				]
			},
			"shitouren06_dj_0005_": {
				"attachment": [
					{ "time": 0, "name": null },
					{ "time": 0.3333, "name": "shitouren06_dj_0005_" },
					{ "time": 0.4, "name": null }
				]
			},
			"shitouren06_dj_0006_": {
				"attachment": [
					{ "time": 0, "name": null },
					{ "time": 0.4, "name": "shitouren06_dj_0006_" },
					{ "time": 0.4666, "name": null }
				]
			},
			"shitouren06_dj_0007_": {
				"attachment": [
					{ "time": 0, "name": null },
					{ "time": 0.4666, "name": "shitouren06_dj_0007_" },
					{ "time": 0.5333, "name": null }
				]
			},
			"shitouren06_dj_0008_": {
				"attachment": [
					{ "time": 0, "name": null },
					{ "time": 0.5333, "name": "shitouren06_dj_0008_" },
					{ "time": 0.6, "name": null }
				]
			},
			"shitouren06_dj_0009_": {
				"attachment": [
					{ "time": 0, "name": null },
					{ "time": 0.6, "name": "shitouren06_dj_0009_" },
					{ "time": 0.6666, "name": null }
				]
			},
			"shitouren06_dj_0010_": {
				"attachment": [
					{ "time": 0, "name": null },
					{ "time": 0.6666, "name": "shitouren06_dj_0010_" },
					{ "time": 0.7333, "name": null }
				]
			},
			"shitouren06_dj_0011_": {
				"attachment": [
					{ "time": 0, "name": null },
					{ "time": 0.7333, "name": "shitouren06_dj_0011_" },
					{ "time": 0.8, "name": null }
				]
			},
			"shitouren06_dj_0012_": {
				"attachment": [
					{ "time": 0, "name": null },
					{ "time": 0.8, "name": "shitouren06_dj_0012_" },
					{ "time": 0.8666, "name": null }
				]
			},
			"shitouren06_dj_0013_": {
				"attachment": [
					{ "time": 0, "name": null },
					{ "time": 0.8666, "name": "shitouren06_dj_0013_" },
					{ "time": 0.9333, "name": null }
				]
			},
			"shitouren06_dj_0014_": {
				"attachment": [
					{ "time": 0, "name": null },
					{ "time": 0.9333, "name": "shitouren06_dj_0014_" },
					{ "time": 1, "name": null }
				]
			},
			"shitouren06_dj_0015_": {
				"attachment": [
					{ "time": 0, "name": null },
					{ "time": 1, "name": "shitouren06_dj_0015_" },
					{ "time": 1.0666, "name": null }
				]
			},
			"shitouren06_dj_0016_": {
				"attachment": [
					{ "time": 0, "name": null },
					{ "time": 1.0666, "name": "shitouren06_dj_0016_" },
					{ "time": 1.1333, "name": null }
				]
			},
			"shitouren06_dj_0017_": {
				"attachment": [
					{ "time": 0, "name": null },
					{ "time": 1.1333, "name": "shitouren06_dj_0017_" },
					{ "time": 1.2, "name": null }
				]
			},
			"shitouren06_dj_0018_": {
				"attachment": [
					{ "time": 0, "name": null },
					{ "time": 1.2, "name": "shitouren06_dj_0018_" },
					{ "time": 1.2666, "name": null }
				]
			},
			"shitouren06_dj_0019_": {
				"attachment": [
					{ "time": 0, "name": null },
					{ "time": 1.2666, "name": "shitouren06_dj_0019_" },
					{ "time": 1.3333, "name": null }
				]
			},
			"shitouren06_dj_0020_": {
				"attachment": [
					{ "time": 0, "name": null },
					{ "time": 1.3333, "name": "shitouren06_dj_0020_" },
					{ "time": 1.4, "name": null }
				]
			},
			"shitouren06_dj_0021_": {
				"attachment": [
					{ "time": 0, "name": null },
					{ "time": 1.4, "name": "shitouren06_dj_0021_" },
					{ "time": 1.4666, "name": null }
				]
			},
			"shitouren06_dj_0022_": {
				"attachment": [
					{ "time": 0, "name": null },
					{ "time": 1.4666, "name": "shitouren06_dj_0022_" },
					{ "time": 1.5333, "name": null }
				]
			},
			"shitouren06_dj_0023_": {
				"attachment": [
					{ "time": 0, "name": null },
					{ "time": 1.5333, "name": "shitouren06_dj_0023_" },
					{ "time": 1.6, "name": null }
				]
			},
			"shitouren06_dj_0024_": {
				"attachment": [
					{ "time": 0, "name": null },
					{ "time": 1.6, "name": "shitouren06_dj_0024_" }
				]
			},
			"shitouren06_gj_0000_": {
				"attachment": [
					{ "time": 0, "name": null }
				]
			},
			"shitouren06_gj_0001_": {
				"attachment": [
					{ "time": 0, "name": null }
				]
			},
			"shitouren06_gj_0002_": {
				"attachment": [
					{ "time": 0, "name": null }
				]
			},
			"shitouren06_gj_0003_": {
				"attachment": [
					{ "time": 0, "name": null }
				]
			},
			"shitouren06_gj_0004_": {
				"attachment": [
					{ "time": 0, "name": null }
				]
			},
			"shitouren06_gj_0005_": {
				"attachment": [
					{ "time": 0, "name": null }
				]
			},
			"shitouren06_gj_0006_": {
				"attachment": [
					{ "time": 0, "name": null }
				]
			},
			"shitouren06_gj_0007_": {
				"attachment": [
					{ "time": 0, "name": null }
				]
			},
			"shitouren06_gj_0008_": {
				"attachment": [
					{ "time": 0, "name": null }
				]
			},
			"shitouren06_gj_0009_": {
				"attachment": [
					{ "time": 0, "name": null }
				]
			},
			"shitouren06_gj_0010_": {
				"attachment": [
					{ "time": 0, "name": null }
				]
			},
			"shitouren06_gj_0011_": {
				"attachment": [
					{ "time": 0, "name": null }
				]
			},
			"shitouren06_gj_0012_": {
				"attachment": [
					{ "time": 0, "name": null }
				]
			},
			"shitouren06_gj_0013_": {
				"attachment": [
					{ "time": 0, "name": null }
				]
			},
			"shitouren06_gj_0014_": {
				"attachment": [
					{ "time": 0, "name": null }
				]
			},
			"shitouren06_gj_0015_": {
				"attachment": [
					{ "time": 0, "name": null }
				]
			},
			"shitouren06_gj_0016_": {
				"attachment": [
					{ "time": 0, "name": null }
				]
			},
			"shitouren06_gj_0017_": {
				"attachment": [
					{ "time": 0, "name": null }
				]
			},
			"shitouren06_gj_0018_": {
				"attachment": [
					{ "time": 0, "name": null }
				]
			},
			"shitouren06_gj_0019_": {
				"attachment": [
					{ "time": 0, "name": null }
				]
			},
			"shitouren06_gj_0020_": {
				"attachment": [
					{ "time": 0, "name": null }
				]
			},
			"shitouren06_gj_0021_": {
				"attachment": [
					{ "time": 0, "name": null }
				]
			},
			"shitouren06_gj_0022_": {
				"attachment": [
					{ "time": 0, "name": null }
				]
			},
			"shitouren06_gj_0023_": {
				"attachment": [
					{ "time": 0, "name": null }
				]
			},
			"shitouren06_gj_0024_": {
				"attachment": [
					{ "time": 0, "name": null }
				]
			},
			"shitouren06_walk_0000_": {
				"attachment": [
					{ "time": 0, "name": null }
				]
			},
			"shitouren06_walk_0001_": {
				"attachment": [
					{ "time": 0, "name": null }
				]
			},
			"shitouren06_walk_0002_": {
				"attachment": [
					{ "time": 0, "name": null }
				]
			},
			"shitouren06_walk_0003_": {
				"attachment": [
					{ "time": 0, "name": null }
				]
			},
			"shitouren06_walk_0004_": {
				"attachment": [
					{ "time": 0, "name": null }
				]
			},
			"shitouren06_walk_0005_": {
				"attachment": [
					{ "time": 0, "name": null }
				]
			},
			"shitouren06_walk_0006_": {
				"attachment": [
					{ "time": 0, "name": null }
				]
			},
			"shitouren06_walk_0007_": {
				"attachment": [
					{ "time": 0, "name": null }
				]
			},
			"shitouren06_walk_0008_": {
				"attachment": [
					{ "time": 0, "name": null }
				]
			},
			"shitouren06_walk_0009_": {
				"attachment": [
					{ "time": 0, "name": null }
				]
			},
			"shitouren06_walk_0010_": {
				"attachment": [
					{ "time": 0, "name": null }
				]
			},
			"shitouren06_walk_0011_": {
				"attachment": [
					{ "time": 0, "name": null }
				]
			},
			"shitouren06_walk_0012_": {
				"attachment": [
					{ "time": 0, "name": null }
				]
			},
			"shitouren06_walk_0013_": {
				"attachment": [
					{ "time": 0, "name": null }
				]
			},
			"shitouren06_walk_0014_": {
				"attachment": [
					{ "time": 0, "name": null }
				]
			},
			"shitouren06_walk_0015_": {
				"attachment": [
					{ "time": 0, "name": null }
				]
			},
			"shitouren06_walk_0016_": {
				"attachment": [
					{ "time": 0, "name": null }
				]
			},
			"shitouren06_walk_0017_": {
				"attachment": [
					{ "time": 0, "name": null }
				]
			},
			"shitouren06_walk_0018_": {
				"attachment": [
					{ "time": 0, "name": null }
				]
			},
			"shitouren06_walk_0019_": {
				"attachment": [
					{ "time": 0, "name": null }
				]
			},
			"shitouren06_walk_0020_": {
				"attachment": [
					{ "time": 0, "name": null }
				]
			},
			"shitouren06_walk_0021_": {
				"attachment": [
					{ "time": 0, "name": null }
				]
			}
		},
		"bones": {
			"bone": {
				"translate": [
					{ "time": 0, "x": 0, "y": 0 }
				]
			}
		}
	},
	"gj": {
		"slots": {
			"shitouren06_dj_0000_": {
				"attachment": [
					{ "time": 0, "name": null }
				]
			},
			"shitouren06_dj_0001_": {
				"attachment": [
					{ "time": 0, "name": null }
				]
			},
			"shitouren06_dj_0002_": {
				"attachment": [
					{ "time": 0, "name": null }
				]
			},
			"shitouren06_dj_0003_": {
				"attachment": [
					{ "time": 0, "name": null }
				]
			},
			"shitouren06_dj_0004_": {
				"attachment": [
					{ "time": 0, "name": null }
				]
			},
			"shitouren06_dj_0005_": {
				"attachment": [
					{ "time": 0, "name": null }
				]
			},
			"shitouren06_dj_0006_": {
				"attachment": [
					{ "time": 0, "name": null }
				]
			},
			"shitouren06_dj_0007_": {
				"attachment": [
					{ "time": 0, "name": null }
				]
			},
			"shitouren06_dj_0008_": {
				"attachment": [
					{ "time": 0, "name": null }
				]
			},
			"shitouren06_dj_0009_": {
				"attachment": [
					{ "time": 0, "name": null }
				]
			},
			"shitouren06_dj_0010_": {
				"attachment": [
					{ "time": 0, "name": null }
				]
			},
			"shitouren06_dj_0011_": {
				"attachment": [
					{ "time": 0, "name": null }
				]
			},
			"shitouren06_dj_0012_": {
				"attachment": [
					{ "time": 0, "name": null }
				]
			},
			"shitouren06_dj_0013_": {
				"attachment": [
					{ "time": 0, "name": null }
				]
			},
			"shitouren06_dj_0014_": {
				"attachment": [
					{ "time": 0, "name": null }
				]
			},
			"shitouren06_dj_0015_": {
				"attachment": [
					{ "time": 0, "name": null }
				]
			},
			"shitouren06_dj_0016_": {
				"attachment": [
					{ "time": 0, "name": null }
				]
			},
			"shitouren06_dj_0017_": {
				"attachment": [
					{ "time": 0, "name": null }
				]
			},
			"shitouren06_dj_0018_": {
				"attachment": [
					{ "time": 0, "name": null }
				]
			},
			"shitouren06_dj_0019_": {
				"attachment": [
					{ "time": 0, "name": null }
				]
			},
			"shitouren06_dj_0020_": {
				"attachment": [
					{ "time": 0, "name": null }
				]
			},
			"shitouren06_dj_0021_": {
				"attachment": [
					{ "time": 0, "name": null }
				]
			},
			"shitouren06_dj_0022_": {
				"attachment": [
					{ "time": 0, "name": null }
				]
			},
			"shitouren06_dj_0023_": {
				"attachment": [
					{ "time": 0, "name": null }
				]
			},
			"shitouren06_dj_0024_": {
				"attachment": [
					{ "time": 0, "name": null }
				]
			},
			"shitouren06_gj_0000_": {
				"attachment": [
					{ "time": 0, "name": "shitouren06_gj_0000_" },
					{ "time": 0.0666, "name": null }
				]
			},
			"shitouren06_gj_0001_": {
				"attachment": [
					{ "time": 0, "name": null },
					{ "time": 0.0666, "name": "shitouren06_gj_0001_" },
					{ "time": 0.1333, "name": null }
				]
			},
			"shitouren06_gj_0002_": {
				"attachment": [
					{ "time": 0, "name": null },
					{ "time": 0.1333, "name": "shitouren06_gj_0002_" },
					{ "time": 0.2, "name": null }
				]
			},
			"shitouren06_gj_0003_": {
				"attachment": [
					{ "time": 0, "name": null },
					{ "time": 0.2, "name": "shitouren06_gj_0003_" },
					{ "time": 0.2666, "name": null }
				]
			},
			"shitouren06_gj_0004_": {
				"attachment": [
					{ "time": 0, "name": null },
					{ "time": 0.2666, "name": "shitouren06_gj_0004_" },
					{ "time": 0.3333, "name": null }
				]
			},
			"shitouren06_gj_0005_": {
				"attachment": [
					{ "time": 0, "name": null },
					{ "time": 0.3333, "name": "shitouren06_gj_0005_" },
					{ "time": 0.4, "name": null }
				]
			},
			"shitouren06_gj_0006_": {
				"attachment": [
					{ "time": 0, "name": null },
					{ "time": 0.4, "name": "shitouren06_gj_0006_" },
					{ "time": 0.4666, "name": null }
				]
			},
			"shitouren06_gj_0007_": {
				"attachment": [
					{ "time": 0, "name": null },
					{ "time": 0.4666, "name": "shitouren06_gj_0007_" },
					{ "time": 0.5333, "name": null }
				]
			},
			"shitouren06_gj_0008_": {
				"attachment": [
					{ "time": 0, "name": null },
					{ "time": 0.5333, "name": "shitouren06_gj_0008_" },
					{ "time": 0.6, "name": null }
				]
			},
			"shitouren06_gj_0009_": {
				"attachment": [
					{ "time": 0, "name": null },
					{ "time": 0.6, "name": "shitouren06_gj_0009_" },
					{ "time": 0.6666, "name": null }
				]
			},
			"shitouren06_gj_0010_": {
				"attachment": [
					{ "time": 0, "name": null },
					{ "time": 0.6666, "name": "shitouren06_gj_0010_" },
					{ "time": 0.7333, "name": null }
				]
			},
			"shitouren06_gj_0011_": {
				"attachment": [
					{ "time": 0, "name": null },
					{ "time": 0.7333, "name": "shitouren06_gj_0011_" },
					{ "time": 0.8, "name": null }
				]
			},
			"shitouren06_gj_0012_": {
				"attachment": [
					{ "time": 0, "name": null },
					{ "time": 0.8, "name": "shitouren06_gj_0012_" },
					{ "time": 0.8666, "name": null }
				]
			},
			"shitouren06_gj_0013_": {
				"attachment": [
					{ "time": 0, "name": null },
					{ "time": 0.8666, "name": "shitouren06_gj_0013_" },
					{ "time": 0.9333, "name": null }
				]
			},
			"shitouren06_gj_0014_": {
				"attachment": [
					{ "time": 0, "name": null },
					{ "time": 0.9333, "name": "shitouren06_gj_0014_" },
					{ "time": 1, "name": null }
				]
			},
			"shitouren06_gj_0015_": {
				"attachment": [
					{ "time": 0, "name": null },
					{ "time": 1, "name": "shitouren06_gj_0015_" },
					{ "time": 1.0666, "name": null }
				]
			},
			"shitouren06_gj_0016_": {
				"attachment": [
					{ "time": 0, "name": null },
					{ "time": 1.0666, "name": "shitouren06_gj_0016_" },
					{ "time": 1.1333, "name": null }
				]
			},
			"shitouren06_gj_0017_": {
				"attachment": [
					{ "time": 0, "name": null },
					{ "time": 1.1333, "name": "shitouren06_gj_0017_" },
					{ "time": 1.2, "name": null }
				]
			},
			"shitouren06_gj_0018_": {
				"attachment": [
					{ "time": 0, "name": null },
					{ "time": 1.2, "name": "shitouren06_gj_0018_" },
					{ "time": 1.2666, "name": null }
				]
			},
			"shitouren06_gj_0019_": {
				"attachment": [
					{ "time": 0, "name": null },
					{ "time": 1.2666, "name": "shitouren06_gj_0019_" },
					{ "time": 1.3333, "name": null }
				]
			},
			"shitouren06_gj_0020_": {
				"attachment": [
					{ "time": 0, "name": null },
					{ "time": 1.3333, "name": "shitouren06_gj_0020_" },
					{ "time": 1.4, "name": null }
				]
			},
			"shitouren06_gj_0021_": {
				"attachment": [
					{ "time": 0, "name": null },
					{ "time": 1.4, "name": "shitouren06_gj_0021_" },
					{ "time": 1.4666, "name": null }
				]
			},
			"shitouren06_gj_0022_": {
				"attachment": [
					{ "time": 0, "name": null },
					{ "time": 1.4666, "name": "shitouren06_gj_0022_" },
					{ "time": 1.5333, "name": null }
				]
			},
			"shitouren06_gj_0023_": {
				"attachment": [
					{ "time": 0, "name": null },
					{ "time": 1.5333, "name": "shitouren06_gj_0023_" },
					{ "time": 1.6, "name": null }
				]
			},
			"shitouren06_gj_0024_": {
				"attachment": [
					{ "time": 0, "name": null },
					{ "time": 1.6, "name": "shitouren06_gj_0024_" }
				]
			},
			"shitouren06_walk_0000_": {
				"attachment": [
					{ "time": 0, "name": null }
				]
			},
			"shitouren06_walk_0001_": {
				"attachment": [
					{ "time": 0, "name": null }
				]
			},
			"shitouren06_walk_0002_": {
				"attachment": [
					{ "time": 0, "name": null }
				]
			},
			"shitouren06_walk_0003_": {
				"attachment": [
					{ "time": 0, "name": null }
				]
			},
			"shitouren06_walk_0004_": {
				"attachment": [
					{ "time": 0, "name": null }
				]
			},
			"shitouren06_walk_0005_": {
				"attachment": [
					{ "time": 0, "name": null }
				]
			},
			"shitouren06_walk_0006_": {
				"attachment": [
					{ "time": 0, "name": null }
				]
			},
			"shitouren06_walk_0007_": {
				"attachment": [
					{ "time": 0, "name": null }
				]
			},
			"shitouren06_walk_0008_": {
				"attachment": [
					{ "time": 0, "name": null }
				]
			},
			"shitouren06_walk_0009_": {
				"attachment": [
					{ "time": 0, "name": null }
				]
			},
			"shitouren06_walk_0010_": {
				"attachment": [
					{ "time": 0, "name": null }
				]
			},
			"shitouren06_walk_0011_": {
				"attachment": [
					{ "time": 0, "name": null }
				]
			},
			"shitouren06_walk_0012_": {
				"attachment": [
					{ "time": 0, "name": null }
				]
			},
			"shitouren06_walk_0013_": {
				"attachment": [
					{ "time": 0, "name": null }
				]
			},
			"shitouren06_walk_0014_": {
				"attachment": [
					{ "time": 0, "name": null }
				]
			},
			"shitouren06_walk_0015_": {
				"attachment": [
					{ "time": 0, "name": null }
				]
			},
			"shitouren06_walk_0016_": {
				"attachment": [
					{ "time": 0, "name": null }
				]
			},
			"shitouren06_walk_0017_": {
				"attachment": [
					{ "time": 0, "name": null }
				]
			},
			"shitouren06_walk_0018_": {
				"attachment": [
					{ "time": 0, "name": null }
				]
			},
			"shitouren06_walk_0019_": {
				"attachment": [
					{ "time": 0, "name": null }
				]
			},
			"shitouren06_walk_0020_": {
				"attachment": [
					{ "time": 0, "name": null }
				]
			},
			"shitouren06_walk_0021_": {
				"attachment": [
					{ "time": 0, "name": null }
				]
			}
		},
		"bones": {
			"bone": {
				"translate": [
					{ "time": 0, "x": 0, "y": 0 }
				]
			}
		}
	},
	"walk": {
		"slots": {
			"shitouren06_dj_0000_": {
				"attachment": [
					{ "time": 0, "name": null }
				]
			},
			"shitouren06_dj_0001_": {
				"attachment": [
					{ "time": 0, "name": null }
				]
			},
			"shitouren06_dj_0002_": {
				"attachment": [
					{ "time": 0, "name": null }
				]
			},
			"shitouren06_dj_0003_": {
				"attachment": [
					{ "time": 0, "name": null }
				]
			},
			"shitouren06_dj_0004_": {
				"attachment": [
					{ "time": 0, "name": null }
				]
			},
			"shitouren06_dj_0005_": {
				"attachment": [
					{ "time": 0, "name": null }
				]
			},
			"shitouren06_dj_0006_": {
				"attachment": [
					{ "time": 0, "name": null }
				]
			},
			"shitouren06_dj_0007_": {
				"attachment": [
					{ "time": 0, "name": null }
				]
			},
			"shitouren06_dj_0008_": {
				"attachment": [
					{ "time": 0, "name": null }
				]
			},
			"shitouren06_dj_0009_": {
				"attachment": [
					{ "time": 0, "name": null }
				]
			},
			"shitouren06_dj_0010_": {
				"attachment": [
					{ "time": 0, "name": null }
				]
			},
			"shitouren06_dj_0011_": {
				"attachment": [
					{ "time": 0, "name": null }
				]
			},
			"shitouren06_dj_0012_": {
				"attachment": [
					{ "time": 0, "name": null }
				]
			},
			"shitouren06_dj_0013_": {
				"attachment": [
					{ "time": 0, "name": null }
				]
			},
			"shitouren06_dj_0014_": {
				"attachment": [
					{ "time": 0, "name": null }
				]
			},
			"shitouren06_dj_0015_": {
				"attachment": [
					{ "time": 0, "name": null }
				]
			},
			"shitouren06_dj_0016_": {
				"attachment": [
					{ "time": 0, "name": null }
				]
			},
			"shitouren06_dj_0017_": {
				"attachment": [
					{ "time": 0, "name": null }
				]
			},
			"shitouren06_dj_0018_": {
				"attachment": [
					{ "time": 0, "name": null }
				]
			},
			"shitouren06_dj_0019_": {
				"attachment": [
					{ "time": 0, "name": null }
				]
			},
			"shitouren06_dj_0020_": {
				"attachment": [
					{ "time": 0, "name": null }
				]
			},
			"shitouren06_dj_0021_": {
				"attachment": [
					{ "time": 0, "name": null }
				]
			},
			"shitouren06_dj_0022_": {
				"attachment": [
					{ "time": 0, "name": null }
				]
			},
			"shitouren06_dj_0023_": {
				"attachment": [
					{ "time": 0, "name": null }
				]
			},
			"shitouren06_dj_0024_": {
				"attachment": [
					{ "time": 0, "name": null }
				]
			},
			"shitouren06_gj_0000_": {
				"attachment": [
					{ "time": 0, "name": null }
				]
			},
			"shitouren06_gj_0001_": {
				"attachment": [
					{ "time": 0, "name": null }
				]
			},
			"shitouren06_gj_0002_": {
				"attachment": [
					{ "time": 0, "name": null }
				]
			},
			"shitouren06_gj_0003_": {
				"attachment": [
					{ "time": 0, "name": null }
				]
			},
			"shitouren06_gj_0004_": {
				"attachment": [
					{ "time": 0, "name": null }
				]
			},
			"shitouren06_gj_0005_": {
				"attachment": [
					{ "time": 0, "name": null }
				]
			},
			"shitouren06_gj_0006_": {
				"attachment": [
					{ "time": 0, "name": null }
				]
			},
			"shitouren06_gj_0007_": {
				"attachment": [
					{ "time": 0, "name": null }
				]
			},
			"shitouren06_gj_0008_": {
				"attachment": [
					{ "time": 0, "name": null }
				]
			},
			"shitouren06_gj_0009_": {
				"attachment": [
					{ "time": 0, "name": null }
				]
			},
			"shitouren06_gj_0010_": {
				"attachment": [
					{ "time": 0, "name": null }
				]
			},
			"shitouren06_gj_0011_": {
				"attachment": [
					{ "time": 0, "name": null }
				]
			},
			"shitouren06_gj_0012_": {
				"attachment": [
					{ "time": 0, "name": null }
				]
			},
			"shitouren06_gj_0013_": {
				"attachment": [
					{ "time": 0, "name": null }
				]
			},
			"shitouren06_gj_0014_": {
				"attachment": [
					{ "time": 0, "name": null }
				]
			},
			"shitouren06_gj_0015_": {
				"attachment": [
					{ "time": 0, "name": null }
				]
			},
			"shitouren06_gj_0016_": {
				"attachment": [
					{ "time": 0, "name": null }
				]
			},
			"shitouren06_gj_0017_": {
				"attachment": [
					{ "time": 0, "name": null }
				]
			},
			"shitouren06_gj_0018_": {
				"attachment": [
					{ "time": 0, "name": null }
				]
			},
			"shitouren06_gj_0019_": {
				"attachment": [
					{ "time": 0, "name": null }
				]
			},
			"shitouren06_gj_0020_": {
				"attachment": [
					{ "time": 0, "name": null }
				]
			},
			"shitouren06_gj_0021_": {
				"attachment": [
					{ "time": 0, "name": null }
				]
			},
			"shitouren06_gj_0022_": {
				"attachment": [
					{ "time": 0, "name": null }
				]
			},
			"shitouren06_gj_0023_": {
				"attachment": [
					{ "time": 0, "name": null }
				]
			},
			"shitouren06_gj_0024_": {
				"attachment": [
					{ "time": 0, "name": null }
				]
			},
			"shitouren06_walk_0000_": {
				"attachment": [
					{ "time": 0, "name": "shitouren06_walk_0000_" },
					{ "time": 0.0666, "name": null }
				]
			},
			"shitouren06_walk_0001_": {
				"attachment": [
					{ "time": 0, "name": null },
					{ "time": 0.0666, "name": "shitouren06_walk_0001_" },
					{ "time": 0.1333, "name": null }
				]
			},
			"shitouren06_walk_0002_": {
				"attachment": [
					{ "time": 0, "name": null },
					{ "time": 0.1333, "name": "shitouren06_walk_0002_" },
					{ "time": 0.2, "name": null }
				]
			},
			"shitouren06_walk_0003_": {
				"attachment": [
					{ "time": 0, "name": null },
					{ "time": 0.2, "name": "shitouren06_walk_0003_" },
					{ "time": 0.2666, "name": null }
				]
			},
			"shitouren06_walk_0004_": {
				"attachment": [
					{ "time": 0, "name": null },
					{ "time": 0.2666, "name": "shitouren06_walk_0004_" },
					{ "time": 0.3333, "name": null },
					{ "time": 0.4, "name": null }
				]
			},
			"shitouren06_walk_0005_": {
				"attachment": [
					{ "time": 0, "name": null },
					{ "time": 0.3333, "name": "shitouren06_walk_0005_" },
					{ "time": 0.4, "name": null }
				]
			},
			"shitouren06_walk_0006_": {
				"attachment": [
					{ "time": 0, "name": null },
					{ "time": 0.4, "name": "shitouren06_walk_0006_" },
					{ "time": 0.4666, "name": null }
				]
			},
			"shitouren06_walk_0007_": {
				"attachment": [
					{ "time": 0, "name": null },
					{ "time": 0.4666, "name": "shitouren06_walk_0007_" },
					{ "time": 0.5333, "name": null }
				]
			},
			"shitouren06_walk_0008_": {
				"attachment": [
					{ "time": 0, "name": null },
					{ "time": 0.5333, "name": "shitouren06_walk_0008_" },
					{ "time": 0.6, "name": null }
				]
			},
			"shitouren06_walk_0009_": {
				"attachment": [
					{ "time": 0, "name": null },
					{ "time": 0.6, "name": "shitouren06_walk_0009_" },
					{ "time": 0.6666, "name": null }
				]
			},
			"shitouren06_walk_0010_": {
				"attachment": [
					{ "time": 0, "name": null },
					{ "time": 0.6666, "name": "shitouren06_walk_0010_" },
					{ "time": 0.7333, "name": null }
				]
			},
			"shitouren06_walk_0011_": {
				"attachment": [
					{ "time": 0, "name": null },
					{ "time": 0.7333, "name": "shitouren06_walk_0011_" },
					{ "time": 0.8, "name": null }
				]
			},
			"shitouren06_walk_0012_": {
				"attachment": [
					{ "time": 0, "name": null },
					{ "time": 0.8, "name": "shitouren06_walk_0012_" },
					{ "time": 0.8666, "name": null }
				]
			},
			"shitouren06_walk_0013_": {
				"attachment": [
					{ "time": 0, "name": null },
					{ "time": 0.8666, "name": "shitouren06_walk_0013_" },
					{ "time": 0.9333, "name": null }
				]
			},
			"shitouren06_walk_0014_": {
				"attachment": [
					{ "time": 0, "name": null },
					{ "time": 0.9333, "name": "shitouren06_walk_0014_" },
					{ "time": 1, "name": null }
				]
			},
			"shitouren06_walk_0015_": {
				"attachment": [
					{ "time": 0, "name": null },
					{ "time": 1, "name": "shitouren06_walk_0015_" },
					{ "time": 1.0666, "name": null }
				]
			},
			"shitouren06_walk_0016_": {
				"attachment": [
					{ "time": 0, "name": null },
					{ "time": 1.0666, "name": "shitouren06_walk_0016_" },
					{ "time": 1.1333, "name": null }
				]
			},
			"shitouren06_walk_0017_": {
				"attachment": [
					{ "time": 0, "name": null },
					{ "time": 1.1333, "name": "shitouren06_walk_0017_" },
					{ "time": 1.2, "name": null }
				]
			},
			"shitouren06_walk_0018_": {
				"attachment": [
					{ "time": 0, "name": null },
					{ "time": 1.2, "name": "shitouren06_walk_0018_" },
					{ "time": 1.2666, "name": null }
				]
			},
			"shitouren06_walk_0019_": {
				"attachment": [
					{ "time": 0, "name": null },
					{ "time": 1.2666, "name": "shitouren06_walk_0019_" },
					{ "time": 1.3333, "name": null }
				]
			},
			"shitouren06_walk_0020_": {
				"attachment": [
					{ "time": 0, "name": null },
					{ "time": 1.3333, "name": "shitouren06_walk_0020_" },
					{ "time": 1.4, "name": null }
				]
			},
			"shitouren06_walk_0021_": {
				"attachment": [
					{ "time": 0, "name": null },
					{ "time": 1.4, "name": "shitouren06_walk_0021_" }
				]
			}
		},
		"bones": {
			"bone": {
				"translate": [
					{ "time": 0, "x": 0, "y": 0 }
				]
			}
		}
	}
}
}