{
"skeleton": { "hash": "o6WjsvMB5DTQzO705PDWc3uRtog", "spine": "3.7.94", "width": 335.11, "height": 140, "images": "./images/", "audio": "F:/COK项目/Spine工程/ICON—巨龙冠亚季军铭牌/巨龙铭牌—亚军/images" },
"bones": [
	{ "name": "root" },
	{ "name": "fier02_", "parent": "root", "x": -13.98, "y": 28.44, "scaleX": 2, "scaleY": 2 },
	{ "name": "liuguang_", "parent": "root", "x": -13.98, "y": 28.44, "scaleX": 2, "scaleY": 2 },
	{ "name": "kuang_glow_", "parent": "root" },
	{ "name": "fire01", "parent": "root", "x": -35.08, "y": 28.44, "scaleX": 2, "scaleY": 2 }
],
"slots": [
	{ "name": "fier02_", "bone": "fier02_" },
	{ "name": "pai_", "bone": "root", "attachment": "pai_" },
	{ "name": "wangguan_", "bone": "root", "attachment": "wangguan_" },
	{ "name": "fire01_", "bone": "root", "attachment": "fire01_" },
	{ "name": "fire02_", "bone": "root", "attachment": "fire02_" },
	{ "name": "glow01_", "bone": "root", "attachment": "glow01_", "blend": "additive" },
	{ "name": "huohua03_", "bone": "root", "attachment": "huohua03_" },
	{ "name": "huohua02_", "bone": "root", "attachment": "huohua02_" },
	{ "name": "huohua01_", "bone": "root", "attachment": "huohua01_" },
	{ "name": "liuguang_", "bone": "liuguang_", "blend": "additive" },
	{ "name": "kuang_glow_", "bone": "kuang_glow_", "attachment": "kuang_glow_", "blend": "additive" },
	{ "name": "fire01", "bone": "fire01" },
	{ "name": "star02_", "bone": "root", "attachment": "star02_", "blend": "additive" },
	{ "name": "star01_", "bone": "root", "attachment": "star01_", "blend": "additive" }
],
"skins": {
	"default": {
		"fier02_": {
			"fier02_00_": { "width": 147, "height": 70 },
			"fier02_02_": { "width": 147, "height": 70 },
			"fier02_04_": { "width": 147, "height": 70 },
			"fier02_06_": { "width": 147, "height": 70 },
			"fier02_08_": { "width": 147, "height": 70 },
			"fier02_10_": { "width": 147, "height": 70 },
			"fier02_12_": { "width": 147, "height": 70 },
			"fier02_14_": { "width": 147, "height": 70 },
			"fier02_16_": { "width": 147, "height": 70 },
			"fier02_18_": { "width": 147, "height": 70 },
			"fier02_20_": { "width": 147, "height": 70 },
			"fier02_22_": { "width": 147, "height": 70 },
			"fier02_24_": { "width": 147, "height": 70 },
			"fier02_26_": { "width": 147, "height": 70 },
			"fier02_28_": { "width": 147, "height": 70 },
			"fier02_30_": { "width": 147, "height": 70 },
			"fier02_32_": { "width": 147, "height": 70 },
			"fier02_34_": { "width": 147, "height": 70 },
			"fier02_36_": { "width": 147, "height": 70 },
			"fier02_38_": { "width": 147, "height": 70 },
			"fier02_40_": { "width": 147, "height": 70 },
			"fier02_42_": { "width": 147, "height": 70 },
			"fier02_44_": { "width": 147, "height": 70 },
			"fier02_46_": { "width": 147, "height": 70 },
			"fier02_48_": { "width": 147, "height": 70 },
			"fier02_50_": { "width": 147, "height": 70 },
			"fier02_52_": { "width": 147, "height": 70 },
			"fier02_54_": { "width": 147, "height": 70 },
			"fier02_56_": { "width": 147, "height": 70 },
			"fier02_58_": { "width": 147, "height": 70 }
		},
		"fire01": {
			"fire01_00_": { "width": 147, "height": 70 },
			"fire01_02_": { "width": 147, "height": 70 },
			"fire01_04_": { "width": 147, "height": 70 },
			"fire01_06_": { "width": 147, "height": 70 },
			"fire01_08_": { "width": 147, "height": 70 },
			"fire01_10_": { "width": 147, "height": 70 },
			"fire01_12_": { "width": 147, "height": 70 },
			"fire01_14_": { "width": 147, "height": 70 },
			"fire01_16_": { "width": 147, "height": 70 },
			"fire01_18_": { "width": 147, "height": 70 },
			"fire01_20_": { "width": 147, "height": 70 },
			"fire01_22_": { "width": 147, "height": 70 },
			"fire01_24_": { "width": 147, "height": 70 },
			"fire01_26_": { "width": 147, "height": 70 },
			"fire01_28_": { "width": 147, "height": 70 },
			"fire01_30_": { "width": 147, "height": 70 },
			"fire01_32_": { "width": 147, "height": 70 },
			"fire01_34_": { "width": 147, "height": 70 },
			"fire01_36_": { "width": 147, "height": 70 },
			"fire01_38_": { "width": 147, "height": 70 },
			"fire01_40_": { "width": 147, "height": 70 },
			"fire01_42_": { "width": 147, "height": 70 },
			"fire01_44_": { "width": 147, "height": 70 },
			"fire01_46_": { "width": 147, "height": 70 },
			"fire01_48_": { "width": 147, "height": 70 },
			"fire01_50_": { "width": 147, "height": 70 },
			"fire01_52_": { "width": 147, "height": 70 },
			"fire01_54_": { "width": 147, "height": 70 },
			"fire01_56_": { "width": 147, "height": 70 },
			"fire01_58_": { "width": 147, "height": 70 }
		},
		"fire01_": {
			"fire01_": { "x": 85.61, "y": 17.39, "width": 62, "height": 82 }
		},
		"fire02_": {
			"fire02_": { "x": -99.44, "y": 9.01, "width": 109, "height": 81 }
		},
		"glow01_": {
			"glow01_": { "x": -60.79, "y": 15.34, "width": 141, "height": 105 }
		},
		"huohua01_": {
			"huohua01_": { "x": -94.36, "y": 42.08, "width": 26, "height": 26 }
		},
		"huohua02_": {
			"huohua02_": { "x": -77.16, "y": 33.37, "width": 37, "height": 20 }
		},
		"huohua03_": {
			"huohua03_": { "x": -88.43, "y": 23.75, "width": 52, "height": 41 }
		},
		"kuang_glow_": {
			"kuang_glow_": { "x": -13.98, "y": 28.44, "width": 294, "height": 140 }
		},
		"liuguang_": {
			"liuguang_00_": { "width": 147, "height": 70 },
			"liuguang_02_": { "width": 147, "height": 70 },
			"liuguang_04_": { "width": 147, "height": 70 },
			"liuguang_06_": { "width": 147, "height": 70 },
			"liuguang_08_": { "width": 147, "height": 70 },
			"liuguang_10_": { "width": 147, "height": 70 },
			"liuguang_12_": { "width": 147, "height": 70 },
			"liuguang_14_": { "width": 147, "height": 70 },
			"liuguang_16_": { "width": 147, "height": 70 },
			"liuguang_18_": { "width": 147, "height": 70 },
			"liuguang_20_": { "width": 147, "height": 70 },
			"liuguang_22_": { "width": 147, "height": 70 },
			"liuguang_24_": { "width": 147, "height": 70 },
			"liuguang_26_": { "width": 147, "height": 70 },
			"liuguang_28_": { "width": 147, "height": 70 },
			"liuguang_30_": { "width": 147, "height": 70 },
			"liuguang_32_": { "width": 147, "height": 70 },
			"liuguang_34_": { "width": 147, "height": 70 },
			"liuguang_36_": { "width": 147, "height": 70 },
			"liuguang_38_": { "width": 147, "height": 70 },
			"liuguang_40_": { "width": 147, "height": 70 },
			"liuguang_42_": { "width": 147, "height": 70 },
			"liuguang_44_": { "width": 147, "height": 70 },
			"liuguang_46_": { "width": 147, "height": 70 },
			"liuguang_48_": { "width": 147, "height": 70 }
		},
		"pai_": {
			"pai_": { "x": -17, "y": 26.72, "width": 221, "height": 120 }
		},
		"star01_": {
			"star01_": { "x": -26.34, "y": 40.84, "width": 132, "height": 76 }
		},
		"star02_": {
			"star02_": { "x": 109.13, "y": 26.8, "width": 130, "height": 76 }
		},
		"wangguan_": {
			"wangguan_": { "x": 90.71, "y": 13.3, "width": 52, "height": 50 }
		}
	}
},
"animations": {
	"animation": {
		"slots": {
			"fier02_": {
				"attachment": [
					{ "time": 0, "name": "fier02_00_" },
					{ "time": 0.0667, "name": "fier02_02_" },
					{ "time": 0.1333, "name": "fier02_04_" },
					{ "time": 0.2, "name": "fier02_06_" },
					{ "time": 0.2667, "name": "fier02_08_" },
					{ "time": 0.3333, "name": "fier02_10_" },
					{ "time": 0.4, "name": "fier02_12_" },
					{ "time": 0.4667, "name": "fier02_14_" },
					{ "time": 0.5333, "name": "fier02_16_" },
					{ "time": 0.6, "name": "fier02_18_" },
					{ "time": 0.6667, "name": "fier02_20_" },
					{ "time": 0.7333, "name": "fier02_22_" },
					{ "time": 0.8, "name": "fier02_24_" },
					{ "time": 0.8667, "name": "fier02_26_" },
					{ "time": 0.9333, "name": "fier02_28_" },
					{ "time": 1, "name": "fier02_30_" },
					{ "time": 1.0667, "name": "fier02_32_" },
					{ "time": 1.1333, "name": "fier02_34_" },
					{ "time": 1.2, "name": "fier02_36_" },
					{ "time": 1.2667, "name": "fier02_38_" },
					{ "time": 1.3333, "name": "fier02_40_" },
					{ "time": 1.4, "name": "fier02_42_" },
					{ "time": 1.4667, "name": "fier02_44_" },
					{ "time": 1.5333, "name": "fier02_46_" },
					{ "time": 1.6, "name": "fier02_48_" },
					{ "time": 1.6667, "name": "fier02_50_" },
					{ "time": 1.7333, "name": "fier02_52_" },
					{ "time": 1.8, "name": "fier02_54_" },
					{ "time": 1.8667, "name": "fier02_56_" },
					{ "time": 1.9333, "name": "fier02_58_" },
					{ "time": 2, "name": null }
				]
			},
			"fire01": {
				"attachment": [
					{ "time": 0, "name": "fire01_00_" },
					{ "time": 0.0667, "name": "fire01_02_" },
					{ "time": 0.1333, "name": "fire01_04_" },
					{ "time": 0.2, "name": "fire01_06_" },
					{ "time": 0.2667, "name": "fire01_08_" },
					{ "time": 0.3333, "name": "fire01_10_" },
					{ "time": 0.4, "name": "fire01_12_" },
					{ "time": 0.4667, "name": "fire01_14_" },
					{ "time": 0.5333, "name": "fire01_16_" },
					{ "time": 0.6, "name": "fire01_18_" },
					{ "time": 0.6667, "name": "fire01_20_" },
					{ "time": 0.7333, "name": "fire01_22_" },
					{ "time": 0.8, "name": "fire01_24_" },
					{ "time": 0.8667, "name": "fire01_26_" },
					{ "time": 0.9333, "name": "fire01_28_" },
					{ "time": 1, "name": "fire01_30_" },
					{ "time": 1.0667, "name": "fire01_32_" },
					{ "time": 1.1333, "name": "fire01_34_" },
					{ "time": 1.2, "name": "fire01_36_" },
					{ "time": 1.2667, "name": "fire01_38_" },
					{ "time": 1.3333, "name": "fire01_40_" },
					{ "time": 1.4, "name": "fire01_42_" },
					{ "time": 1.4667, "name": "fire01_44_" },
					{ "time": 1.5333, "name": "fire01_46_" },
					{ "time": 1.6, "name": "fire01_48_" },
					{ "time": 1.6667, "name": "fire01_50_" },
					{ "time": 1.7333, "name": "fire01_52_" },
					{ "time": 1.8, "name": "fire01_54_" },
					{ "time": 1.8667, "name": "fire01_56_" },
					{ "time": 1.9333, "name": "fire01_58_" },
					{ "time": 2, "name": null }
				]
			},
			"kuang_glow_": {
				"color": [
					{
						"time": 0,
						"color": "ffffff00",
						"curve": [ 0.25, 0, 0.75, 1 ]
					},
					{
						"time": 1,
						"color": "ffffffc7",
						"curve": [ 0.25, 0, 0.75, 1 ]
					},
					{ "time": 2, "color": "ffffff00" }
				]
			},
			"liuguang_": {
				"attachment": [
					{ "time": 0, "name": "liuguang_00_" },
					{ "time": 0.0667, "name": "liuguang_02_" },
					{ "time": 0.1333, "name": "liuguang_04_" },
					{ "time": 0.2, "name": "liuguang_06_" },
					{ "time": 0.2667, "name": "liuguang_08_" },
					{ "time": 0.3333, "name": "liuguang_10_" },
					{ "time": 0.4, "name": "liuguang_12_" },
					{ "time": 0.4667, "name": "liuguang_14_" },
					{ "time": 0.5333, "name": "liuguang_16_" },
					{ "time": 0.6, "name": "liuguang_18_" },
					{ "time": 0.6667, "name": "liuguang_20_" },
					{ "time": 0.7333, "name": "liuguang_22_" },
					{ "time": 0.8, "name": "liuguang_24_" },
					{ "time": 0.8667, "name": "liuguang_26_" },
					{ "time": 0.9333, "name": "liuguang_28_" },
					{ "time": 1, "name": "liuguang_30_" },
					{ "time": 1.0667, "name": "liuguang_32_" },
					{ "time": 1.1333, "name": "liuguang_34_" },
					{ "time": 1.2, "name": "liuguang_36_" },
					{ "time": 1.2667, "name": "liuguang_38_" },
					{ "time": 1.3333, "name": "liuguang_40_" },
					{ "time": 1.4, "name": "liuguang_42_" },
					{ "time": 1.4667, "name": "liuguang_44_" },
					{ "time": 1.5333, "name": "liuguang_46_" },
					{ "time": 1.6, "name": "liuguang_48_" },
					{ "time": 1.6667, "name": null }
				]
			},
			"star01_": {
				"color": [
					{ "time": 0, "color": "ffffffff" },
					{ "time": 0.0667, "color": "ffffff00" },
					{ "time": 0.1333, "color": "ffffffff" },
					{ "time": 0.2333, "color": "ffffff9c" },
					{ "time": 0.2667, "color": "ffffffff" },
					{ "time": 0.3333, "color": "ffffff19" },
					{ "time": 0.3667, "color": "ffffffff" },
					{ "time": 0.4333, "color": "ffffffd5" },
					{ "time": 0.5, "color": "ffffff49" },
					{ "time": 0.6, "color": "fffffffb" },
					{ "time": 0.6667, "color": "ffffffb7" },
					{ "time": 0.7667, "color": "ffffff5c" },
					{ "time": 0.8667, "color": "ffffffff" },
					{ "time": 0.9667, "color": "ffffffc1" },
					{ "time": 1.0667, "color": "ffffff5c" },
					{ "time": 1.1667, "color": "ffffffff" },
					{ "time": 1.2667, "color": "ffffff00" },
					{ "time": 1.3333, "color": "ffffffd9" },
					{ "time": 1.4333, "color": "ffffff78" },
					{ "time": 1.5333, "color": "ffffffff" },
					{ "time": 1.6333, "color": "ffffffb8" },
					{ "time": 1.7333, "color": "ffffff00" },
					{ "time": 1.8, "color": "ffffffff" },
					{ "time": 1.9, "color": "ffffff00" },
					{ "time": 1.9667, "color": "ffffff45" },
					{ "time": 2, "color": "ffffffff" }
				]
			},
			"star02_": {
				"color": [
					{ "time": 0, "color": "ffffff6c" },
					{ "time": 0.0333, "color": "ffffffd9" },
					{ "time": 0.1333, "color": "ffffff78" },
					{ "time": 0.2333, "color": "ffffffff" },
					{ "time": 0.3333, "color": "ffffffb8" },
					{ "time": 0.4333, "color": "ffffff00" },
					{ "time": 0.5, "color": "ffffffff" },
					{ "time": 0.6, "color": "ffffff00" },
					{ "time": 0.6667, "color": "ffffff45" },
					{ "time": 0.7, "color": "ffffffff" },
					{ "time": 0.7667, "color": "ffffff00" },
					{ "time": 0.8333, "color": "ffffffff" },
					{ "time": 0.9333, "color": "ffffff9c" },
					{ "time": 0.9667, "color": "ffffffff" },
					{ "time": 1.0333, "color": "ffffff19" },
					{ "time": 1.0667, "color": "ffffffff" },
					{ "time": 1.1333, "color": "ffffffd5" },
					{ "time": 1.2, "color": "ffffff49" },
					{ "time": 1.3, "color": "fffffffb" },
					{ "time": 1.3667, "color": "ffffffb7" },
					{ "time": 1.4667, "color": "ffffff5c" },
					{ "time": 1.5667, "color": "ffffffff" },
					{ "time": 1.6667, "color": "ffffffc1" },
					{ "time": 1.7667, "color": "ffffff5c" },
					{ "time": 1.8667, "color": "ffffffff" },
					{ "time": 1.9667, "color": "ffffff00" },
					{ "time": 2, "color": "ffffff6c" }
				]
			}
		},
		"bones": {
			"fire01": {
				"translate": [
					{ "time": 0, "x": -1.8, "y": 1.35 }
				]
			},
			"liuguang_": {
				"translate": [
					{ "time": 0, "x": 39.8, "y": 1.71 }
				]
			}
		}
	}
}
}