{
"skeleton": { "hash": "xRpgBGIK80ERoCB2T8+FUr60T9E", "spine": "2.1.27", "width": 85, "height": 85, "images": "" },
"bones": [
	{ "name": "root" },
	{ "name": "bone", "parent": "root", "length": 168.67, "rotation": 90 },
	{ "name": "bone2", "parent": "root", "length": 65.44, "x": 3.15, "y": -11.93, "rotation": 90 }
],
"slots": [
	{ "name": "yz_0_", "bone": "bone2", "attachment": "yz_0_" },
	{ "name": "banrenma05_walk_0019_", "bone": "bone" },
	{ "name": "banrenma05_walk_0018_", "bone": "bone" },
	{ "name": "banrenma05_walk_0017_", "bone": "bone" },
	{ "name": "banrenma05_walk_0016_", "bone": "bone" },
	{ "name": "banrenma05_walk_0015_", "bone": "bone" },
	{ "name": "banrenma05_walk_0014_", "bone": "bone" },
	{ "name": "banrenma05_walk_0013_", "bone": "bone" },
	{ "name": "banrenma05_walk_0012_", "bone": "bone" },
	{ "name": "banrenma05_walk_0011_", "bone": "bone" },
	{ "name": "banrenma05_walk_0010_", "bone": "bone" },
	{ "name": "banrenma05_walk_0009_", "bone": "bone" },
	{ "name": "banrenma05_walk_0008_", "bone": "bone" },
	{ "name": "banrenma05_walk_0007_", "bone": "bone" },
	{ "name": "banrenma05_walk_0006_", "bone": "bone" },
	{ "name": "banrenma05_walk_0005_", "bone": "bone" },
	{ "name": "banrenma05_walk_0004_", "bone": "bone" },
	{ "name": "banrenma05_walk_0003_", "bone": "bone" },
	{ "name": "banrenma05_walk_0002_", "bone": "bone" },
	{ "name": "banrenma05_walk_0001_", "bone": "bone" },
	{ "name": "banrenma05_walk_0000_", "bone": "bone" },
	{ "name": "banrenma05_gj_0025_", "bone": "bone" },
	{ "name": "banrenma05_gj_0024_", "bone": "bone" },
	{ "name": "banrenma05_gj_0023_", "bone": "bone" },
	{ "name": "banrenma05_gj_0022_", "bone": "bone" },
	{ "name": "banrenma05_gj_0021_", "bone": "bone" },
	{ "name": "banrenma05_gj_0020_", "bone": "bone" },
	{ "name": "banrenma05_gj_0019_", "bone": "bone" },
	{ "name": "banrenma05_gj_0018_", "bone": "bone" },
	{ "name": "banrenma05_gj_0017_", "bone": "bone" },
	{ "name": "banrenma05_gj_0016_", "bone": "bone" },
	{ "name": "banrenma05_gj_0015_", "bone": "bone" },
	{ "name": "banrenma05_gj_0014_", "bone": "bone" },
	{ "name": "banrenma05_gj_0013_", "bone": "bone" },
	{ "name": "banrenma05_gj_0012_", "bone": "bone" },
	{ "name": "banrenma05_gj_0011_", "bone": "bone" },
	{ "name": "banrenma05_gj_0010_", "bone": "bone" },
	{ "name": "banrenma05_gj_0009_", "bone": "bone" },
	{ "name": "banrenma05_gj_0008_", "bone": "bone" },
	{ "name": "banrenma05_gj_0007_", "bone": "bone" },
	{ "name": "banrenma05_gj_0006_", "bone": "bone" },
	{ "name": "banrenma05_gj_0005_", "bone": "bone" },
	{ "name": "banrenma05_gj_0004_", "bone": "bone" },
	{ "name": "banrenma05_gj_0003_", "bone": "bone" },
	{ "name": "banrenma05_gj_0002_", "bone": "bone" },
	{ "name": "banrenma05_gj_0001_", "bone": "bone" },
	{ "name": "banrenma05_gj_0000_", "bone": "bone" },
	{ "name": "banrenma05_dj_0016_", "bone": "bone" },
	{ "name": "banrenma05_dj_0015_", "bone": "bone" },
	{ "name": "banrenma05_dj_0014_", "bone": "bone" },
	{ "name": "banrenma05_dj_0013_", "bone": "bone" },
	{ "name": "banrenma05_dj_0012_", "bone": "bone" },
	{ "name": "banrenma05_dj_0011_", "bone": "bone" },
	{ "name": "banrenma05_dj_0010_", "bone": "bone" },
	{ "name": "banrenma05_dj_0009_", "bone": "bone" },
	{ "name": "banrenma05_dj_0008_", "bone": "bone" },
	{ "name": "banrenma05_dj_0007_", "bone": "bone" },
	{ "name": "banrenma05_dj_0006_", "bone": "bone" },
	{ "name": "banrenma05_dj_0005_", "bone": "bone" },
	{ "name": "banrenma05_dj_0004_", "bone": "bone" },
	{ "name": "banrenma05_dj_0003_", "bone": "bone" },
	{ "name": "banrenma05_dj_0002_", "bone": "bone" },
	{ "name": "banrenma05_dj_0001_", "bone": "bone" },
	{ "name": "banrenma05_dj_0000_", "bone": "bone" }
],
"skins": {
	"default": {
		"banrenma05_dj_0000_": {
			"banrenma05_dj_0000_": { "x": 48.72, "y": -29.45, "rotation": -90, "width": 144, "height": 101 }
		},
		"banrenma05_dj_0001_": {
			"banrenma05_dj_0001_": { "x": 48.72, "y": -29.45, "rotation": -90, "width": 144, "height": 101 }
		},
		"banrenma05_dj_0002_": {
			"banrenma05_dj_0002_": { "x": 48.72, "y": -29.45, "rotation": -90, "width": 144, "height": 101 }
		},
		"banrenma05_dj_0003_": {
			"banrenma05_dj_0003_": { "x": 48.72, "y": -29.45, "rotation": -90, "width": 144, "height": 101 }
		},
		"banrenma05_dj_0004_": {
			"banrenma05_dj_0004_": { "x": 48.72, "y": -29.45, "rotation": -90, "width": 144, "height": 101 }
		},
		"banrenma05_dj_0005_": {
			"banrenma05_dj_0005_": { "x": 48.72, "y": -29.45, "rotation": -90, "width": 144, "height": 101 }
		},
		"banrenma05_dj_0006_": {
			"banrenma05_dj_0006_": { "x": 49.22, "y": -28.45, "rotation": -90, "width": 144, "height": 102 }
		},
		"banrenma05_dj_0007_": {
			"banrenma05_dj_0007_": { "x": 49.22, "y": -27.95, "rotation": -90, "width": 145, "height": 102 }
		},
		"banrenma05_dj_0008_": {
			"banrenma05_dj_0008_": { "x": 49.72, "y": -27.95, "rotation": -90, "width": 145, "height": 103 }
		},
		"banrenma05_dj_0009_": {
			"banrenma05_dj_0009_": { "x": 49.72, "y": -27.45, "rotation": -90, "width": 146, "height": 103 }
		},
		"banrenma05_dj_0010_": {
			"banrenma05_dj_0010_": { "x": 49.72, "y": -27.45, "rotation": -90, "width": 146, "height": 103 }
		},
		"banrenma05_dj_0011_": {
			"banrenma05_dj_0011_": { "x": 49.72, "y": -27.45, "rotation": -90, "width": 146, "height": 103 }
		},
		"banrenma05_dj_0012_": {
			"banrenma05_dj_0012_": { "x": 49.72, "y": -27.45, "rotation": -90, "width": 146, "height": 103 }
		},
		"banrenma05_dj_0013_": {
			"banrenma05_dj_0013_": { "x": 49.22, "y": -27.45, "rotation": -90, "width": 146, "height": 102 }
		},
		"banrenma05_dj_0014_": {
			"banrenma05_dj_0014_": { "x": 49.22, "y": -28.45, "rotation": -90, "width": 146, "height": 102 }
		},
		"banrenma05_dj_0015_": {
			"banrenma05_dj_0015_": { "x": 48.72, "y": -28.45, "rotation": -90, "width": 146, "height": 101 }
		},
		"banrenma05_dj_0016_": {
			"banrenma05_dj_0016_": { "x": 48.72, "y": -28.95, "rotation": -90, "width": 145, "height": 101 }
		},
		"banrenma05_gj_0000_": {
			"banrenma05_gj_0000_": { "x": 48.72, "y": -29.45, "rotation": -90, "width": 144, "height": 101 }
		},
		"banrenma05_gj_0001_": {
			"banrenma05_gj_0001_": { "x": 49.72, "y": -30.45, "rotation": -90, "width": 150, "height": 103 }
		},
		"banrenma05_gj_0002_": {
			"banrenma05_gj_0002_": { "x": 51.22, "y": -29.95, "rotation": -90, "width": 153, "height": 106 }
		},
		"banrenma05_gj_0003_": {
			"banrenma05_gj_0003_": { "x": 62.72, "y": -23.95, "rotation": -90, "width": 143, "height": 123 }
		},
		"banrenma05_gj_0004_": {
			"banrenma05_gj_0004_": { "x": 84.22, "y": -12.95, "rotation": -90, "width": 123, "height": 152 }
		},
		"banrenma05_gj_0005_": {
			"banrenma05_gj_0005_": { "x": 98.72, "y": 0.04, "rotation": -90, "width": 97, "height": 181 }
		},
		"banrenma05_gj_0006_": {
			"banrenma05_gj_0006_": { "x": 102.22, "y": 1.54, "rotation": -90, "width": 96, "height": 188 }
		},
		"banrenma05_gj_0007_": {
			"banrenma05_gj_0007_": { "x": 94.72, "y": 2.04, "rotation": -90, "width": 97, "height": 173 }
		},
		"banrenma05_gj_0008_": {
			"banrenma05_gj_0008_": { "x": 86.22, "y": 2.04, "rotation": -90, "width": 99, "height": 156 }
		},
		"banrenma05_gj_0009_": {
			"banrenma05_gj_0009_": { "x": 70.22, "y": 2.54, "rotation": -90, "width": 100, "height": 124 }
		},
		"banrenma05_gj_0010_": {
			"banrenma05_gj_0010_": { "x": 57.22, "y": 4.54, "rotation": -90, "width": 98, "height": 130 }
		},
		"banrenma05_gj_0011_": {
			"banrenma05_gj_0011_": { "x": 72.72, "y": 2.04, "rotation": -90, "width": 99, "height": 171 }
		},
		"banrenma05_gj_0012_": {
			"banrenma05_gj_0012_": { "x": 24.72, "y": -33.95, "rotation": -90, "width": 165, "height": 101 }
		},
		"banrenma05_gj_0013_": {
			"banrenma05_gj_0013_": { "x": 11.22, "y": -25.45, "rotation": -90, "width": 136, "height": 130 }
		},
		"banrenma05_gj_0014_": {
			"banrenma05_gj_0014_": { "x": 15.22, "y": -26.45, "rotation": -90, "width": 126, "height": 130 }
		},
		"banrenma05_gj_0015_": {
			"banrenma05_gj_0015_": { "x": 20.72, "y": -30.45, "rotation": -90, "width": 126, "height": 123 }
		},
		"banrenma05_gj_0016_": {
			"banrenma05_gj_0016_": { "x": 26.72, "y": -36.45, "rotation": -90, "width": 130, "height": 111 }
		},
		"banrenma05_gj_0017_": {
			"banrenma05_gj_0017_": { "x": 31.22, "y": -39.45, "rotation": -90, "width": 136, "height": 98 }
		},
		"banrenma05_gj_0018_": {
			"banrenma05_gj_0018_": { "x": 32.22, "y": -41.95, "rotation": -90, "width": 141, "height": 90 }
		},
		"banrenma05_gj_0019_": {
			"banrenma05_gj_0019_": { "x": 31.72, "y": -43.45, "rotation": -90, "width": 144, "height": 89 }
		},
		"banrenma05_gj_0020_": {
			"banrenma05_gj_0020_": { "x": 34.22, "y": -43.45, "rotation": -90, "width": 144, "height": 94 }
		},
		"banrenma05_gj_0021_": {
			"banrenma05_gj_0021_": { "x": 36.22, "y": -42.95, "rotation": -90, "width": 143, "height": 98 }
		},
		"banrenma05_gj_0022_": {
			"banrenma05_gj_0022_": { "x": 40.22, "y": -41.95, "rotation": -90, "width": 143, "height": 98 }
		},
		"banrenma05_gj_0023_": {
			"banrenma05_gj_0023_": { "x": 44.22, "y": -38.45, "rotation": -90, "width": 144, "height": 96 }
		},
		"banrenma05_gj_0024_": {
			"banrenma05_gj_0024_": { "x": 46.72, "y": -33.95, "rotation": -90, "width": 145, "height": 99 }
		},
		"banrenma05_gj_0025_": {
			"banrenma05_gj_0025_": { "x": 48.72, "y": -30.45, "rotation": -90, "width": 142, "height": 101 }
		},
		"banrenma05_walk_0000_": {
			"banrenma05_walk_0000_": { "x": 50.72, "y": -27.95, "rotation": -90, "width": 145, "height": 105 }
		},
		"banrenma05_walk_0001_": {
			"banrenma05_walk_0001_": { "x": 50.72, "y": -28.45, "rotation": -90, "width": 146, "height": 103 }
		},
		"banrenma05_walk_0002_": {
			"banrenma05_walk_0002_": { "x": 50.72, "y": -28.95, "rotation": -90, "width": 147, "height": 101 }
		},
		"banrenma05_walk_0003_": {
			"banrenma05_walk_0003_": { "x": 51.72, "y": -28.95, "rotation": -90, "width": 147, "height": 99 }
		},
		"banrenma05_walk_0004_": {
			"banrenma05_walk_0004_": { "x": 51.72, "y": -29.45, "rotation": -90, "width": 148, "height": 99 }
		},
		"banrenma05_walk_0005_": {
			"banrenma05_walk_0005_": { "x": 52.72, "y": -28.95, "rotation": -90, "width": 149, "height": 99 }
		},
		"banrenma05_walk_0006_": {
			"banrenma05_walk_0006_": { "x": 52.72, "y": -28.45, "rotation": -90, "width": 150, "height": 99 }
		},
		"banrenma05_walk_0007_": {
			"banrenma05_walk_0007_": { "x": 50.22, "y": -27.45, "rotation": -90, "width": 150, "height": 104 }
		},
		"banrenma05_walk_0008_": {
			"banrenma05_walk_0008_": { "x": 48.22, "y": -27.45, "rotation": -90, "width": 150, "height": 108 }
		},
		"banrenma05_walk_0009_": {
			"banrenma05_walk_0009_": { "x": 45.72, "y": -27.45, "rotation": -90, "width": 148, "height": 113 }
		},
		"banrenma05_walk_0010_": {
			"banrenma05_walk_0010_": { "x": 46.22, "y": -27.95, "rotation": -90, "width": 147, "height": 112 }
		},
		"banrenma05_walk_0011_": {
			"banrenma05_walk_0011_": { "x": 46.22, "y": -26.45, "rotation": -90, "width": 150, "height": 110 }
		},
		"banrenma05_walk_0012_": {
			"banrenma05_walk_0012_": { "x": 46.72, "y": -25.45, "rotation": -90, "width": 152, "height": 109 }
		},
		"banrenma05_walk_0013_": {
			"banrenma05_walk_0013_": { "x": 47.72, "y": -26.45, "rotation": -90, "width": 150, "height": 109 }
		},
		"banrenma05_walk_0014_": {
			"banrenma05_walk_0014_": { "x": 49.22, "y": -27.45, "rotation": -90, "width": 148, "height": 110 }
		},
		"banrenma05_walk_0015_": {
			"banrenma05_walk_0015_": { "x": 49.72, "y": -29.45, "rotation": -90, "width": 144, "height": 109 }
		},
		"banrenma05_walk_0016_": {
			"banrenma05_walk_0016_": { "x": 50.72, "y": -31.95, "rotation": -90, "width": 139, "height": 107 }
		},
		"banrenma05_walk_0017_": {
			"banrenma05_walk_0017_": { "x": 50.72, "y": -30.95, "rotation": -90, "width": 141, "height": 105 }
		},
		"banrenma05_walk_0018_": {
			"banrenma05_walk_0018_": { "x": 51.22, "y": -29.45, "rotation": -90, "width": 144, "height": 104 }
		},
		"banrenma05_walk_0019_": {
			"banrenma05_walk_0019_": { "x": 50.72, "y": -28.45, "rotation": -90, "width": 144, "height": 105 }
		},
		"yz_0_": {
			"yz_0_": { "x": 30.7, "rotation": -90, "width": 85, "height": 85 }
		}
	}
},
"animations": {
	"dj": {
		"slots": {
			"banrenma05_dj_0000_": {
				"attachment": [
					{ "time": 0, "name": "banrenma05_dj_0000_" },
					{ "time": 0.0666, "name": null }
				]
			},
			"banrenma05_dj_0001_": {
				"attachment": [
					{ "time": 0, "name": null },
					{ "time": 0.0666, "name": "banrenma05_dj_0001_" },
					{ "time": 0.1333, "name": null }
				]
			},
			"banrenma05_dj_0002_": {
				"attachment": [
					{ "time": 0, "name": null },
					{ "time": 0.1333, "name": "banrenma05_dj_0002_" },
					{ "time": 0.2, "name": null }
				]
			},
			"banrenma05_dj_0003_": {
				"attachment": [
					{ "time": 0, "name": null },
					{ "time": 0.2, "name": "banrenma05_dj_0003_" },
					{ "time": 0.2666, "name": null }
				]
			},
			"banrenma05_dj_0004_": {
				"attachment": [
					{ "time": 0, "name": null },
					{ "time": 0.2666, "name": "banrenma05_dj_0004_" },
					{ "time": 0.3333, "name": null }
				]
			},
			"banrenma05_dj_0005_": {
				"attachment": [
					{ "time": 0, "name": null },
					{ "time": 0.3333, "name": "banrenma05_dj_0005_" },
					{ "time": 0.4, "name": null }
				]
			},
			"banrenma05_dj_0006_": {
				"attachment": [
					{ "time": 0, "name": null },
					{ "time": 0.4, "name": "banrenma05_dj_0006_" },
					{ "time": 0.4666, "name": null }
				]
			},
			"banrenma05_dj_0007_": {
				"attachment": [
					{ "time": 0, "name": null },
					{ "time": 0.4666, "name": "banrenma05_dj_0007_" },
					{ "time": 0.5333, "name": null }
				]
			},
			"banrenma05_dj_0008_": {
				"attachment": [
					{ "time": 0, "name": null },
					{ "time": 0.5333, "name": "banrenma05_dj_0008_" },
					{ "time": 0.6, "name": null }
				]
			},
			"banrenma05_dj_0009_": {
				"attachment": [
					{ "time": 0, "name": null },
					{ "time": 0.6, "name": "banrenma05_dj_0009_" },
					{ "time": 0.6666, "name": null }
				]
			},
			"banrenma05_dj_0010_": {
				"attachment": [
					{ "time": 0, "name": null },
					{ "time": 0.6666, "name": "banrenma05_dj_0010_" },
					{ "time": 0.7333, "name": null }
				]
			},
			"banrenma05_dj_0011_": {
				"attachment": [
					{ "time": 0, "name": null },
					{ "time": 0.7333, "name": "banrenma05_dj_0011_" },
					{ "time": 0.8, "name": null }
				]
			},
			"banrenma05_dj_0012_": {
				"attachment": [
					{ "time": 0, "name": null },
					{ "time": 0.8, "name": "banrenma05_dj_0012_" },
					{ "time": 0.8666, "name": null }
				]
			},
			"banrenma05_dj_0013_": {
				"attachment": [
					{ "time": 0, "name": null },
					{ "time": 0.8666, "name": "banrenma05_dj_0013_" },
					{ "time": 0.9333, "name": null }
				]
			},
			"banrenma05_dj_0014_": {
				"attachment": [
					{ "time": 0, "name": null },
					{ "time": 0.9333, "name": "banrenma05_dj_0014_" },
					{ "time": 1, "name": null }
				]
			},
			"banrenma05_dj_0015_": {
				"attachment": [
					{ "time": 0, "name": null },
					{ "time": 1, "name": "banrenma05_dj_0015_" },
					{ "time": 1.0666, "name": null }
				]
			},
			"banrenma05_dj_0016_": {
				"attachment": [
					{ "time": 0, "name": null },
					{ "time": 1.0666, "name": "banrenma05_dj_0016_" }
				]
			},
			"banrenma05_gj_0000_": {
				"attachment": [
					{ "time": 0, "name": null }
				]
			},
			"banrenma05_gj_0001_": {
				"attachment": [
					{ "time": 0, "name": null }
				]
			},
			"banrenma05_gj_0002_": {
				"attachment": [
					{ "time": 0, "name": null }
				]
			},
			"banrenma05_gj_0003_": {
				"attachment": [
					{ "time": 0, "name": null }
				]
			},
			"banrenma05_gj_0004_": {
				"attachment": [
					{ "time": 0, "name": null }
				]
			},
			"banrenma05_gj_0005_": {
				"attachment": [
					{ "time": 0, "name": null }
				]
			},
			"banrenma05_gj_0006_": {
				"attachment": [
					{ "time": 0, "name": null }
				]
			},
			"banrenma05_gj_0007_": {
				"attachment": [
					{ "time": 0, "name": null }
				]
			},
			"banrenma05_gj_0008_": {
				"attachment": [
					{ "time": 0, "name": null }
				]
			},
			"banrenma05_gj_0009_": {
				"attachment": [
					{ "time": 0, "name": null }
				]
			},
			"banrenma05_gj_0010_": {
				"attachment": [
					{ "time": 0, "name": null }
				]
			},
			"banrenma05_gj_0011_": {
				"attachment": [
					{ "time": 0, "name": null }
				]
			},
			"banrenma05_gj_0012_": {
				"attachment": [
					{ "time": 0, "name": null }
				]
			},
			"banrenma05_gj_0013_": {
				"attachment": [
					{ "time": 0, "name": null }
				]
			},
			"banrenma05_gj_0014_": {
				"attachment": [
					{ "time": 0, "name": null }
				]
			},
			"banrenma05_gj_0015_": {
				"attachment": [
					{ "time": 0, "name": null }
				]
			},
			"banrenma05_gj_0016_": {
				"attachment": [
					{ "time": 0, "name": null }
				]
			},
			"banrenma05_gj_0017_": {
				"attachment": [
					{ "time": 0, "name": null }
				]
			},
			"banrenma05_gj_0018_": {
				"attachment": [
					{ "time": 0, "name": null }
				]
			},
			"banrenma05_gj_0019_": {
				"attachment": [
					{ "time": 0, "name": null }
				]
			},
			"banrenma05_gj_0020_": {
				"attachment": [
					{ "time": 0, "name": null }
				]
			},
			"banrenma05_gj_0021_": {
				"attachment": [
					{ "time": 0, "name": null }
				]
			},
			"banrenma05_gj_0022_": {
				"attachment": [
					{ "time": 0, "name": null }
				]
			},
			"banrenma05_gj_0023_": {
				"attachment": [
					{ "time": 0, "name": null }
				]
			},
			"banrenma05_gj_0024_": {
				"attachment": [
					{ "time": 0, "name": null }
				]
			},
			"banrenma05_gj_0025_": {
				"attachment": [
					{ "time": 0, "name": null }
				]
			},
			"banrenma05_walk_0000_": {
				"attachment": [
					{ "time": 0, "name": null }
				]
			},
			"banrenma05_walk_0001_": {
				"attachment": [
					{ "time": 0, "name": null }
				]
			},
			"banrenma05_walk_0002_": {
				"attachment": [
					{ "time": 0, "name": null }
				]
			},
			"banrenma05_walk_0003_": {
				"attachment": [
					{ "time": 0, "name": null }
				]
			},
			"banrenma05_walk_0004_": {
				"attachment": [
					{ "time": 0, "name": null }
				]
			},
			"banrenma05_walk_0005_": {
				"attachment": [
					{ "time": 0, "name": null }
				]
			},
			"banrenma05_walk_0006_": {
				"attachment": [
					{ "time": 0, "name": null }
				]
			},
			"banrenma05_walk_0007_": {
				"attachment": [
					{ "time": 0, "name": null }
				]
			},
			"banrenma05_walk_0008_": {
				"attachment": [
					{ "time": 0, "name": null }
				]
			},
			"banrenma05_walk_0009_": {
				"attachment": [
					{ "time": 0, "name": null }
				]
			},
			"banrenma05_walk_0010_": {
				"attachment": [
					{ "time": 0, "name": null }
				]
			},
			"banrenma05_walk_0011_": {
				"attachment": [
					{ "time": 0, "name": null }
				]
			},
			"banrenma05_walk_0012_": {
				"attachment": [
					{ "time": 0, "name": null }
				]
			},
			"banrenma05_walk_0013_": {
				"attachment": [
					{ "time": 0, "name": null }
				]
			},
			"banrenma05_walk_0014_": {
				"attachment": [
					{ "time": 0, "name": null }
				]
			},
			"banrenma05_walk_0015_": {
				"attachment": [
					{ "time": 0, "name": null }
				]
			},
			"banrenma05_walk_0016_": {
				"attachment": [
					{ "time": 0, "name": null }
				]
			},
			"banrenma05_walk_0017_": {
				"attachment": [
					{ "time": 0, "name": null }
				]
			},
			"banrenma05_walk_0018_": {
				"attachment": [
					{ "time": 0, "name": null }
				]
			},
			"banrenma05_walk_0019_": {
				"attachment": [
					{ "time": 0, "name": null }
				]
			}
		},
		"bones": {
			"bone": {
				"translate": [
					{ "time": 0, "x": 0, "y": 0 }
				]
			}
		}
	},
	"gj": {
		"slots": {
			"banrenma05_dj_0000_": {
				"attachment": [
					{ "time": 0, "name": null }
				]
			},
			"banrenma05_dj_0001_": {
				"attachment": [
					{ "time": 0, "name": null }
				]
			},
			"banrenma05_dj_0002_": {
				"attachment": [
					{ "time": 0, "name": null }
				]
			},
			"banrenma05_dj_0003_": {
				"attachment": [
					{ "time": 0, "name": null }
				]
			},
			"banrenma05_dj_0004_": {
				"attachment": [
					{ "time": 0, "name": null }
				]
			},
			"banrenma05_dj_0005_": {
				"attachment": [
					{ "time": 0, "name": null }
				]
			},
			"banrenma05_dj_0006_": {
				"attachment": [
					{ "time": 0, "name": null }
				]
			},
			"banrenma05_dj_0007_": {
				"attachment": [
					{ "time": 0, "name": null }
				]
			},
			"banrenma05_dj_0008_": {
				"attachment": [
					{ "time": 0, "name": null }
				]
			},
			"banrenma05_dj_0009_": {
				"attachment": [
					{ "time": 0, "name": null }
				]
			},
			"banrenma05_dj_0010_": {
				"attachment": [
					{ "time": 0, "name": null }
				]
			},
			"banrenma05_dj_0011_": {
				"attachment": [
					{ "time": 0, "name": null }
				]
			},
			"banrenma05_dj_0012_": {
				"attachment": [
					{ "time": 0, "name": null }
				]
			},
			"banrenma05_dj_0013_": {
				"attachment": [
					{ "time": 0, "name": null }
				]
			},
			"banrenma05_dj_0014_": {
				"attachment": [
					{ "time": 0, "name": null }
				]
			},
			"banrenma05_dj_0015_": {
				"attachment": [
					{ "time": 0, "name": null }
				]
			},
			"banrenma05_dj_0016_": {
				"attachment": [
					{ "time": 0, "name": null }
				]
			},
			"banrenma05_gj_0000_": {
				"attachment": [
					{ "time": 0, "name": "banrenma05_gj_0000_" },
					{ "time": 0.0666, "name": null }
				]
			},
			"banrenma05_gj_0001_": {
				"attachment": [
					{ "time": 0, "name": null },
					{ "time": 0.0666, "name": "banrenma05_gj_0001_" },
					{ "time": 0.1333, "name": null }
				]
			},
			"banrenma05_gj_0002_": {
				"attachment": [
					{ "time": 0, "name": null },
					{ "time": 0.1333, "name": "banrenma05_gj_0002_" },
					{ "time": 0.2, "name": null }
				]
			},
			"banrenma05_gj_0003_": {
				"attachment": [
					{ "time": 0, "name": null },
					{ "time": 0.2, "name": "banrenma05_gj_0003_" },
					{ "time": 0.2666, "name": null }
				]
			},
			"banrenma05_gj_0004_": {
				"attachment": [
					{ "time": 0, "name": null },
					{ "time": 0.2666, "name": "banrenma05_gj_0004_" },
					{ "time": 0.3333, "name": null }
				]
			},
			"banrenma05_gj_0005_": {
				"attachment": [
					{ "time": 0, "name": null },
					{ "time": 0.3333, "name": "banrenma05_gj_0005_" },
					{ "time": 0.4, "name": null }
				]
			},
			"banrenma05_gj_0006_": {
				"attachment": [
					{ "time": 0, "name": null },
					{ "time": 0.4, "name": "banrenma05_gj_0006_" },
					{ "time": 0.4666, "name": null }
				]
			},
			"banrenma05_gj_0007_": {
				"attachment": [
					{ "time": 0, "name": null },
					{ "time": 0.4666, "name": "banrenma05_gj_0007_" },
					{ "time": 0.5333, "name": null }
				]
			},
			"banrenma05_gj_0008_": {
				"attachment": [
					{ "time": 0, "name": null },
					{ "time": 0.5333, "name": "banrenma05_gj_0008_" },
					{ "time": 0.6, "name": null }
				]
			},
			"banrenma05_gj_0009_": {
				"attachment": [
					{ "time": 0, "name": null },
					{ "time": 0.6, "name": "banrenma05_gj_0009_" },
					{ "time": 0.6666, "name": null }
				]
			},
			"banrenma05_gj_0010_": {
				"attachment": [
					{ "time": 0, "name": null },
					{ "time": 0.6666, "name": "banrenma05_gj_0010_" },
					{ "time": 0.7333, "name": null }
				]
			},
			"banrenma05_gj_0011_": {
				"attachment": [
					{ "time": 0, "name": null },
					{ "time": 0.7333, "name": "banrenma05_gj_0011_" },
					{ "time": 0.8, "name": null }
				]
			},
			"banrenma05_gj_0012_": {
				"attachment": [
					{ "time": 0, "name": null },
					{ "time": 0.8, "name": "banrenma05_gj_0012_" },
					{ "time": 0.8666, "name": null }
				]
			},
			"banrenma05_gj_0013_": {
				"attachment": [
					{ "time": 0, "name": null },
					{ "time": 0.8666, "name": "banrenma05_gj_0013_" },
					{ "time": 0.9333, "name": null }
				]
			},
			"banrenma05_gj_0014_": {
				"attachment": [
					{ "time": 0, "name": null },
					{ "time": 0.9333, "name": "banrenma05_gj_0014_" },
					{ "time": 1, "name": null }
				]
			},
			"banrenma05_gj_0015_": {
				"attachment": [
					{ "time": 0, "name": null },
					{ "time": 1, "name": "banrenma05_gj_0015_" },
					{ "time": 1.0666, "name": null }
				]
			},
			"banrenma05_gj_0016_": {
				"attachment": [
					{ "time": 0, "name": null },
					{ "time": 1.0666, "name": "banrenma05_gj_0016_" },
					{ "time": 1.1333, "name": null }
				]
			},
			"banrenma05_gj_0017_": {
				"attachment": [
					{ "time": 0, "name": null },
					{ "time": 1.1333, "name": "banrenma05_gj_0017_" },
					{ "time": 1.2, "name": null }
				]
			},
			"banrenma05_gj_0018_": {
				"attachment": [
					{ "time": 0, "name": null },
					{ "time": 1.2, "name": "banrenma05_gj_0018_" },
					{ "time": 1.2666, "name": null }
				]
			},
			"banrenma05_gj_0019_": {
				"attachment": [
					{ "time": 0, "name": null },
					{ "time": 1.2666, "name": "banrenma05_gj_0019_" },
					{ "time": 1.3333, "name": null }
				]
			},
			"banrenma05_gj_0020_": {
				"attachment": [
					{ "time": 0, "name": null },
					{ "time": 1.3333, "name": "banrenma05_gj_0020_" },
					{ "time": 1.4, "name": null }
				]
			},
			"banrenma05_gj_0021_": {
				"attachment": [
					{ "time": 0, "name": null },
					{ "time": 1.4, "name": "banrenma05_gj_0021_" },
					{ "time": 1.4666, "name": null }
				]
			},
			"banrenma05_gj_0022_": {
				"attachment": [
					{ "time": 0, "name": null },
					{ "time": 1.4666, "name": "banrenma05_gj_0022_" },
					{ "time": 1.5333, "name": null }
				]
			},
			"banrenma05_gj_0023_": {
				"attachment": [
					{ "time": 0, "name": null },
					{ "time": 1.5333, "name": "banrenma05_gj_0023_" },
					{ "time": 1.6, "name": null }
				]
			},
			"banrenma05_gj_0024_": {
				"attachment": [
					{ "time": 0, "name": null },
					{ "time": 1.6, "name": "banrenma05_gj_0024_" },
					{ "time": 1.6666, "name": null }
				]
			},
			"banrenma05_gj_0025_": {
				"attachment": [
					{ "time": 0, "name": null },
					{ "time": 1.6666, "name": "banrenma05_gj_0025_" }
				]
			},
			"banrenma05_walk_0000_": {
				"attachment": [
					{ "time": 0, "name": null }
				]
			},
			"banrenma05_walk_0001_": {
				"attachment": [
					{ "time": 0, "name": null }
				]
			},
			"banrenma05_walk_0002_": {
				"attachment": [
					{ "time": 0, "name": null }
				]
			},
			"banrenma05_walk_0003_": {
				"attachment": [
					{ "time": 0, "name": null }
				]
			},
			"banrenma05_walk_0004_": {
				"attachment": [
					{ "time": 0, "name": null }
				]
			},
			"banrenma05_walk_0005_": {
				"attachment": [
					{ "time": 0, "name": null }
				]
			},
			"banrenma05_walk_0006_": {
				"attachment": [
					{ "time": 0, "name": null }
				]
			},
			"banrenma05_walk_0007_": {
				"attachment": [
					{ "time": 0, "name": null }
				]
			},
			"banrenma05_walk_0008_": {
				"attachment": [
					{ "time": 0, "name": null }
				]
			},
			"banrenma05_walk_0009_": {
				"attachment": [
					{ "time": 0, "name": null }
				]
			},
			"banrenma05_walk_0010_": {
				"attachment": [
					{ "time": 0, "name": null }
				]
			},
			"banrenma05_walk_0011_": {
				"attachment": [
					{ "time": 0, "name": null }
				]
			},
			"banrenma05_walk_0012_": {
				"attachment": [
					{ "time": 0, "name": null }
				]
			},
			"banrenma05_walk_0013_": {
				"attachment": [
					{ "time": 0, "name": null }
				]
			},
			"banrenma05_walk_0014_": {
				"attachment": [
					{ "time": 0, "name": null }
				]
			},
			"banrenma05_walk_0015_": {
				"attachment": [
					{ "time": 0, "name": null }
				]
			},
			"banrenma05_walk_0016_": {
				"attachment": [
					{ "time": 0, "name": null }
				]
			},
			"banrenma05_walk_0017_": {
				"attachment": [
					{ "time": 0, "name": null }
				]
			},
			"banrenma05_walk_0018_": {
				"attachment": [
					{ "time": 0, "name": null }
				]
			},
			"banrenma05_walk_0019_": {
				"attachment": [
					{ "time": 0, "name": null }
				]
			}
		},
		"bones": {
			"bone": {
				"translate": [
					{ "time": 0, "x": 0, "y": 0 }
				]
			}
		}
	},
	"walk": {
		"slots": {
			"banrenma05_dj_0000_": {
				"attachment": [
					{ "time": 0, "name": null }
				]
			},
			"banrenma05_dj_0001_": {
				"attachment": [
					{ "time": 0, "name": null }
				]
			},
			"banrenma05_dj_0002_": {
				"attachment": [
					{ "time": 0, "name": null }
				]
			},
			"banrenma05_dj_0003_": {
				"attachment": [
					{ "time": 0, "name": null }
				]
			},
			"banrenma05_dj_0004_": {
				"attachment": [
					{ "time": 0, "name": null }
				]
			},
			"banrenma05_dj_0005_": {
				"attachment": [
					{ "time": 0, "name": null }
				]
			},
			"banrenma05_dj_0006_": {
				"attachment": [
					{ "time": 0, "name": null }
				]
			},
			"banrenma05_dj_0007_": {
				"attachment": [
					{ "time": 0, "name": null }
				]
			},
			"banrenma05_dj_0008_": {
				"attachment": [
					{ "time": 0, "name": null }
				]
			},
			"banrenma05_dj_0009_": {
				"attachment": [
					{ "time": 0, "name": null }
				]
			},
			"banrenma05_dj_0010_": {
				"attachment": [
					{ "time": 0, "name": null }
				]
			},
			"banrenma05_dj_0011_": {
				"attachment": [
					{ "time": 0, "name": null }
				]
			},
			"banrenma05_dj_0012_": {
				"attachment": [
					{ "time": 0, "name": null }
				]
			},
			"banrenma05_dj_0013_": {
				"attachment": [
					{ "time": 0, "name": null }
				]
			},
			"banrenma05_dj_0014_": {
				"attachment": [
					{ "time": 0, "name": null }
				]
			},
			"banrenma05_dj_0015_": {
				"attachment": [
					{ "time": 0, "name": null }
				]
			},
			"banrenma05_dj_0016_": {
				"attachment": [
					{ "time": 0, "name": null }
				]
			},
			"banrenma05_gj_0000_": {
				"attachment": [
					{ "time": 0, "name": null }
				]
			},
			"banrenma05_gj_0001_": {
				"attachment": [
					{ "time": 0, "name": null }
				]
			},
			"banrenma05_gj_0002_": {
				"attachment": [
					{ "time": 0, "name": null }
				]
			},
			"banrenma05_gj_0003_": {
				"attachment": [
					{ "time": 0, "name": null }
				]
			},
			"banrenma05_gj_0004_": {
				"attachment": [
					{ "time": 0, "name": null }
				]
			},
			"banrenma05_gj_0005_": {
				"attachment": [
					{ "time": 0, "name": null }
				]
			},
			"banrenma05_gj_0006_": {
				"attachment": [
					{ "time": 0, "name": null }
				]
			},
			"banrenma05_gj_0007_": {
				"attachment": [
					{ "time": 0, "name": null }
				]
			},
			"banrenma05_gj_0008_": {
				"attachment": [
					{ "time": 0, "name": null }
				]
			},
			"banrenma05_gj_0009_": {
				"attachment": [
					{ "time": 0, "name": null }
				]
			},
			"banrenma05_gj_0010_": {
				"attachment": [
					{ "time": 0, "name": null }
				]
			},
			"banrenma05_gj_0011_": {
				"attachment": [
					{ "time": 0, "name": null }
				]
			},
			"banrenma05_gj_0012_": {
				"attachment": [
					{ "time": 0, "name": null }
				]
			},
			"banrenma05_gj_0013_": {
				"attachment": [
					{ "time": 0, "name": null }
				]
			},
			"banrenma05_gj_0014_": {
				"attachment": [
					{ "time": 0, "name": null }
				]
			},
			"banrenma05_gj_0015_": {
				"attachment": [
					{ "time": 0, "name": null }
				]
			},
			"banrenma05_gj_0016_": {
				"attachment": [
					{ "time": 0, "name": null }
				]
			},
			"banrenma05_gj_0017_": {
				"attachment": [
					{ "time": 0, "name": null }
				]
			},
			"banrenma05_gj_0018_": {
				"attachment": [
					{ "time": 0, "name": null }
				]
			},
			"banrenma05_gj_0019_": {
				"attachment": [
					{ "time": 0, "name": null }
				]
			},
			"banrenma05_gj_0020_": {
				"attachment": [
					{ "time": 0, "name": null }
				]
			},
			"banrenma05_gj_0021_": {
				"attachment": [
					{ "time": 0, "name": null }
				]
			},
			"banrenma05_gj_0022_": {
				"attachment": [
					{ "time": 0, "name": null }
				]
			},
			"banrenma05_gj_0023_": {
				"attachment": [
					{ "time": 0, "name": null }
				]
			},
			"banrenma05_gj_0024_": {
				"attachment": [
					{ "time": 0, "name": null }
				]
			},
			"banrenma05_gj_0025_": {
				"attachment": [
					{ "time": 0, "name": null }
				]
			},
			"banrenma05_walk_0000_": {
				"attachment": [
					{ "time": 0, "name": "banrenma05_walk_0000_" },
					{ "time": 0.0666, "name": null }
				]
			},
			"banrenma05_walk_0001_": {
				"attachment": [
					{ "time": 0, "name": null },
					{ "time": 0.0666, "name": "banrenma05_walk_0001_" },
					{ "time": 0.1333, "name": null }
				]
			},
			"banrenma05_walk_0002_": {
				"attachment": [
					{ "time": 0, "name": null },
					{ "time": 0.1333, "name": "banrenma05_walk_0002_" },
					{ "time": 0.2, "name": null }
				]
			},
			"banrenma05_walk_0003_": {
				"attachment": [
					{ "time": 0, "name": null },
					{ "time": 0.2, "name": "banrenma05_walk_0003_" },
					{ "time": 0.2666, "name": null }
				]
			},
			"banrenma05_walk_0004_": {
				"attachment": [
					{ "time": 0, "name": null },
					{ "time": 0.2666, "name": "banrenma05_walk_0004_" },
					{ "time": 0.3333, "name": null }
				]
			},
			"banrenma05_walk_0005_": {
				"attachment": [
					{ "time": 0, "name": null },
					{ "time": 0.3333, "name": "banrenma05_walk_0005_" },
					{ "time": 0.4, "name": null }
				]
			},
			"banrenma05_walk_0006_": {
				"attachment": [
					{ "time": 0, "name": null },
					{ "time": 0.4, "name": "banrenma05_walk_0006_" },
					{ "time": 0.4666, "name": null }
				]
			},
			"banrenma05_walk_0007_": {
				"attachment": [
					{ "time": 0, "name": null },
					{ "time": 0.4666, "name": "banrenma05_walk_0007_" },
					{ "time": 0.5333, "name": null }
				]
			},
			"banrenma05_walk_0008_": {
				"attachment": [
					{ "time": 0, "name": null },
					{ "time": 0.5333, "name": "banrenma05_walk_0008_" },
					{ "time": 0.6, "name": null }
				]
			},
			"banrenma05_walk_0009_": {
				"attachment": [
					{ "time": 0, "name": null },
					{ "time": 0.6, "name": "banrenma05_walk_0009_" },
					{ "time": 0.6666, "name": null }
				]
			},
			"banrenma05_walk_0010_": {
				"attachment": [
					{ "time": 0, "name": null },
					{ "time": 0.6666, "name": "banrenma05_walk_0010_" },
					{ "time": 0.7333, "name": null }
				]
			},
			"banrenma05_walk_0011_": {
				"attachment": [
					{ "time": 0, "name": null },
					{ "time": 0.7333, "name": "banrenma05_walk_0011_" },
					{ "time": 0.8, "name": null }
				]
			},
			"banrenma05_walk_0012_": {
				"attachment": [
					{ "time": 0, "name": null },
					{ "time": 0.8, "name": "banrenma05_walk_0012_" },
					{ "time": 0.8666, "name": null }
				]
			},
			"banrenma05_walk_0013_": {
				"attachment": [
					{ "time": 0, "name": null },
					{ "time": 0.8666, "name": "banrenma05_walk_0013_" },
					{ "time": 0.9333, "name": null }
				]
			},
			"banrenma05_walk_0014_": {
				"attachment": [
					{ "time": 0, "name": null },
					{ "time": 0.9333, "name": "banrenma05_walk_0014_" },
					{ "time": 1, "name": null }
				]
			},
			"banrenma05_walk_0015_": {
				"attachment": [
					{ "time": 0, "name": null },
					{ "time": 1, "name": "banrenma05_walk_0015_" },
					{ "time": 1.0666, "name": null }
				]
			},
			"banrenma05_walk_0016_": {
				"attachment": [
					{ "time": 0, "name": null },
					{ "time": 1.0666, "name": "banrenma05_walk_0016_" },
					{ "time": 1.1333, "name": null }
				]
			},
			"banrenma05_walk_0017_": {
				"attachment": [
					{ "time": 0, "name": null },
					{ "time": 1.1333, "name": "banrenma05_walk_0017_" },
					{ "time": 1.2, "name": null }
				]
			},
			"banrenma05_walk_0018_": {
				"attachment": [
					{ "time": 0, "name": null },
					{ "time": 1.2, "name": "banrenma05_walk_0018_" },
					{ "time": 1.2666, "name": null }
				]
			},
			"banrenma05_walk_0019_": {
				"attachment": [
					{ "time": 0, "name": null },
					{ "time": 1.2666, "name": "banrenma05_walk_0019_" }
				]
			}
		},
		"bones": {
			"bone": {
				"translate": [
					{ "time": 0, "x": 0, "y": 0 }
				]
			}
		}
	}
}
}