{
"skeleton": { "hash": "1CYoIj3tKiU1J4OPEAXyZ0U/EYQ", "spine": "2.1.27", "width": 85, "height": 85, "images": "" },
"bones": [
	{ "name": "root" },
	{ "name": "bone", "parent": "root", "length": 126.6, "y": -1.61, "rotation": 90 },
	{ "name": "bone2", "parent": "root", "length": 66.88, "x": 6.14, "y": -12.28, "rotation": 90 }
],
"slots": [
	{ "name": "yz_0_", "bone": "bone2", "attachment": "yz_0_" },
	{ "name": "banrenma02_walk_0019_", "bone": "bone" },
	{ "name": "banrenma02_walk_0018_", "bone": "bone" },
	{ "name": "banrenma02_walk_0017_", "bone": "bone" },
	{ "name": "banrenma02_walk_0016_", "bone": "bone" },
	{ "name": "banrenma02_walk_0015_", "bone": "bone" },
	{ "name": "banrenma02_walk_0014_", "bone": "bone" },
	{ "name": "banrenma02_walk_0013_", "bone": "bone" },
	{ "name": "banrenma02_walk_0012_", "bone": "bone" },
	{ "name": "banrenma02_walk_0011_", "bone": "bone" },
	{ "name": "banrenma02_walk_0010_", "bone": "bone" },
	{ "name": "banrenma02_walk_0009_", "bone": "bone" },
	{ "name": "banrenma02_walk_0008_", "bone": "bone" },
	{ "name": "banrenma02_walk_0007_", "bone": "bone" },
	{ "name": "banrenma02_walk_0006_", "bone": "bone" },
	{ "name": "banrenma02_walk_0005_", "bone": "bone" },
	{ "name": "banrenma02_walk_0004_", "bone": "bone" },
	{ "name": "banrenma02_walk_0003_", "bone": "bone" },
	{ "name": "banrenma02_walk_0002_", "bone": "bone" },
	{ "name": "banrenma02_walk_0001_", "bone": "bone" },
	{ "name": "banrenma02_walk_0000_", "bone": "bone" },
	{ "name": "banrenma02_gj_0025_", "bone": "bone" },
	{ "name": "banrenma02_gj_0024_", "bone": "bone" },
	{ "name": "banrenma02_gj_0023_", "bone": "bone" },
	{ "name": "banrenma02_gj_0022_", "bone": "bone" },
	{ "name": "banrenma02_gj_0021_", "bone": "bone" },
	{ "name": "banrenma02_gj_0020_", "bone": "bone" },
	{ "name": "banrenma02_gj_0019_", "bone": "bone" },
	{ "name": "banrenma02_gj_0018_", "bone": "bone" },
	{ "name": "banrenma02_gj_0017_", "bone": "bone" },
	{ "name": "banrenma02_gj_0016_", "bone": "bone" },
	{ "name": "banrenma02_gj_0015_", "bone": "bone" },
	{ "name": "banrenma02_gj_0014_", "bone": "bone" },
	{ "name": "banrenma02_gj_0013_", "bone": "bone" },
	{ "name": "banrenma02_gj_0012_", "bone": "bone" },
	{ "name": "banrenma02_gj_0011_", "bone": "bone" },
	{ "name": "banrenma02_gj_0010_", "bone": "bone" },
	{ "name": "banrenma02_gj_0009_", "bone": "bone" },
	{ "name": "banrenma02_gj_0008_", "bone": "bone" },
	{ "name": "banrenma02_gj_0007_", "bone": "bone" },
	{ "name": "banrenma02_gj_0006_", "bone": "bone" },
	{ "name": "banrenma02_gj_0005_", "bone": "bone" },
	{ "name": "banrenma02_gj_0004_", "bone": "bone" },
	{ "name": "banrenma02_gj_0003_", "bone": "bone" },
	{ "name": "banrenma02_gj_0002_", "bone": "bone" },
	{ "name": "banrenma02_gj_0001_", "bone": "bone" },
	{ "name": "banrenma02_gj_0000_", "bone": "bone" },
	{ "name": "banrenma02_dj_0016_", "bone": "bone" },
	{ "name": "banrenma02_dj_0015_", "bone": "bone" },
	{ "name": "banrenma02_dj_0014_", "bone": "bone" },
	{ "name": "banrenma02_dj_0013_", "bone": "bone" },
	{ "name": "banrenma02_dj_0012_", "bone": "bone" },
	{ "name": "banrenma02_dj_0011_", "bone": "bone" },
	{ "name": "banrenma02_dj_0010_", "bone": "bone" },
	{ "name": "banrenma02_dj_0009_", "bone": "bone" },
	{ "name": "banrenma02_dj_0008_", "bone": "bone" },
	{ "name": "banrenma02_dj_0007_", "bone": "bone" },
	{ "name": "banrenma02_dj_0006_", "bone": "bone" },
	{ "name": "banrenma02_dj_0005_", "bone": "bone" },
	{ "name": "banrenma02_dj_0004_", "bone": "bone" },
	{ "name": "banrenma02_dj_0003_", "bone": "bone" },
	{ "name": "banrenma02_dj_0002_", "bone": "bone" },
	{ "name": "banrenma02_dj_0001_", "bone": "bone" },
	{ "name": "banrenma02_dj_0000_", "bone": "bone" }
],
"skins": {
	"default": {
		"banrenma02_dj_0000_": {
			"banrenma02_dj_0000_": { "x": 43.5, "y": -28.45, "rotation": -90, "width": 129, "height": 92 }
		},
		"banrenma02_dj_0001_": {
			"banrenma02_dj_0001_": { "x": 43, "y": -28.45, "rotation": -90, "width": 129, "height": 91 }
		},
		"banrenma02_dj_0002_": {
			"banrenma02_dj_0002_": { "x": 43.5, "y": -28.45, "rotation": -90, "width": 129, "height": 92 }
		},
		"banrenma02_dj_0003_": {
			"banrenma02_dj_0003_": { "x": 43.5, "y": -28.95, "rotation": -90, "width": 128, "height": 92 }
		},
		"banrenma02_dj_0004_": {
			"banrenma02_dj_0004_": { "x": 43.5, "y": -28.45, "rotation": -90, "width": 129, "height": 92 }
		},
		"banrenma02_dj_0005_": {
			"banrenma02_dj_0005_": { "x": 43.5, "y": -27.95, "rotation": -90, "width": 130, "height": 92 }
		},
		"banrenma02_dj_0006_": {
			"banrenma02_dj_0006_": { "x": 44, "y": -27.95, "rotation": -90, "width": 130, "height": 93 }
		},
		"banrenma02_dj_0007_": {
			"banrenma02_dj_0007_": { "x": 44, "y": -27.45, "rotation": -90, "width": 131, "height": 93 }
		},
		"banrenma02_dj_0008_": {
			"banrenma02_dj_0008_": { "x": 44.5, "y": -27.45, "rotation": -90, "width": 131, "height": 94 }
		},
		"banrenma02_dj_0009_": {
			"banrenma02_dj_0009_": { "x": 44.5, "y": -26.95, "rotation": -90, "width": 132, "height": 94 }
		},
		"banrenma02_dj_0010_": {
			"banrenma02_dj_0010_": { "x": 44.5, "y": -26.95, "rotation": -90, "width": 132, "height": 94 }
		},
		"banrenma02_dj_0011_": {
			"banrenma02_dj_0011_": { "x": 44.5, "y": -26.95, "rotation": -90, "width": 132, "height": 94 }
		},
		"banrenma02_dj_0012_": {
			"banrenma02_dj_0012_": { "x": 44, "y": -26.95, "rotation": -90, "width": 132, "height": 93 }
		},
		"banrenma02_dj_0013_": {
			"banrenma02_dj_0013_": { "x": 44, "y": -27.45, "rotation": -90, "width": 131, "height": 93 }
		},
		"banrenma02_dj_0014_": {
			"banrenma02_dj_0014_": { "x": 43.5, "y": -27.45, "rotation": -90, "width": 131, "height": 92 }
		},
		"banrenma02_dj_0015_": {
			"banrenma02_dj_0015_": { "x": 43.5, "y": -27.95, "rotation": -90, "width": 130, "height": 92 }
		},
		"banrenma02_dj_0016_": {
			"banrenma02_dj_0016_": { "x": 43.5, "y": -28.45, "rotation": -90, "width": 129, "height": 92 }
		},
		"banrenma02_gj_0000_": {
			"banrenma02_gj_0000_": { "x": 43.5, "y": -28.45, "rotation": -90, "width": 129, "height": 92 }
		},
		"banrenma02_gj_0001_": {
			"banrenma02_gj_0001_": { "x": 44, "y": -28.45, "rotation": -90, "width": 133, "height": 93 }
		},
		"banrenma02_gj_0002_": {
			"banrenma02_gj_0002_": { "x": 45, "y": -27.95, "rotation": -90, "width": 136, "height": 97 }
		},
		"banrenma02_gj_0003_": {
			"banrenma02_gj_0003_": { "x": 56, "y": -24.95, "rotation": -90, "width": 132, "height": 113 }
		},
		"banrenma02_gj_0004_": {
			"banrenma02_gj_0004_": { "x": 73.5, "y": -18.45, "rotation": -90, "width": 121, "height": 134 }
		},
		"banrenma02_gj_0005_": {
			"banrenma02_gj_0005_": { "x": 86.5, "y": -8.95, "rotation": -90, "width": 102, "height": 160 }
		},
		"banrenma02_gj_0006_": {
			"banrenma02_gj_0006_": { "x": 90.5, "y": -4.95, "rotation": -90, "width": 96, "height": 168 }
		},
		"banrenma02_gj_0007_": {
			"banrenma02_gj_0007_": { "x": 90.5, "y": -4.45, "rotation": -90, "width": 97, "height": 168 }
		},
		"banrenma02_gj_0008_": {
			"banrenma02_gj_0008_": { "x": 85.5, "y": -4.45, "rotation": -90, "width": 99, "height": 158 }
		},
		"banrenma02_gj_0009_": {
			"banrenma02_gj_0009_": { "x": 70.5, "y": -3.95, "rotation": -90, "width": 100, "height": 128 }
		},
		"banrenma02_gj_0010_": {
			"banrenma02_gj_0010_": { "x": 54.5, "y": -2.45, "rotation": -90, "width": 97, "height": 128 }
		},
		"banrenma02_gj_0011_": {
			"banrenma02_gj_0011_": { "x": 67.5, "y": -3.95, "rotation": -90, "width": 98, "height": 164 }
		},
		"banrenma02_gj_0012_": {
			"banrenma02_gj_0012_": { "x": 20, "y": -30.45, "rotation": -90, "width": 145, "height": 87 }
		},
		"banrenma02_gj_0013_": {
			"banrenma02_gj_0013_": { "x": 9.5, "y": -23.95, "rotation": -90, "width": 120, "height": 102 }
		},
		"banrenma02_gj_0014_": {
			"banrenma02_gj_0014_": { "x": 10, "y": -25.45, "rotation": -90, "width": 109, "height": 99 }
		},
		"banrenma02_gj_0015_": {
			"banrenma02_gj_0015_": { "x": 13, "y": -29.45, "rotation": -90, "width": 109, "height": 93 }
		},
		"banrenma02_gj_0016_": {
			"banrenma02_gj_0016_": { "x": 16.5, "y": -33.45, "rotation": -90, "width": 111, "height": 86 }
		},
		"banrenma02_gj_0017_": {
			"banrenma02_gj_0017_": { "x": 21, "y": -35.95, "rotation": -90, "width": 116, "height": 77 }
		},
		"banrenma02_gj_0018_": {
			"banrenma02_gj_0018_": { "x": 24.5, "y": -37.45, "rotation": -90, "width": 119, "height": 78 }
		},
		"banrenma02_gj_0019_": {
			"banrenma02_gj_0019_": { "x": 26.5, "y": -38.45, "rotation": -90, "width": 121, "height": 82 }
		},
		"banrenma02_gj_0020_": {
			"banrenma02_gj_0020_": { "x": 28.5, "y": -38.45, "rotation": -90, "width": 121, "height": 86 }
		},
		"banrenma02_gj_0021_": {
			"banrenma02_gj_0021_": { "x": 30.5, "y": -37.95, "rotation": -90, "width": 120, "height": 90 }
		},
		"banrenma02_gj_0022_": {
			"banrenma02_gj_0022_": { "x": 34.5, "y": -36.95, "rotation": -90, "width": 120, "height": 90 }
		},
		"banrenma02_gj_0023_": {
			"banrenma02_gj_0023_": { "x": 38.5, "y": -34.45, "rotation": -90, "width": 123, "height": 88 }
		},
		"banrenma02_gj_0024_": {
			"banrenma02_gj_0024_": { "x": 40.5, "y": -31.45, "rotation": -90, "width": 127, "height": 90 }
		},
		"banrenma02_gj_0025_": {
			"banrenma02_gj_0025_": { "x": 43.5, "y": -29.45, "rotation": -90, "width": 127, "height": 92 }
		},
		"banrenma02_walk_0000_": {
			"banrenma02_walk_0000_": { "x": 60, "y": -6.45, "rotation": -90, "width": 113, "height": 119 }
		},
		"banrenma02_walk_0001_": {
			"banrenma02_walk_0001_": { "x": 58.5, "y": -6.95, "rotation": -90, "width": 114, "height": 120 }
		},
		"banrenma02_walk_0002_": {
			"banrenma02_walk_0002_": { "x": 59, "y": -8.45, "rotation": -90, "width": 115, "height": 117 }
		},
		"banrenma02_walk_0003_": {
			"banrenma02_walk_0003_": { "x": 59, "y": -8.95, "rotation": -90, "width": 116, "height": 117 }
		},
		"banrenma02_walk_0004_": {
			"banrenma02_walk_0004_": { "x": 59.5, "y": -9.95, "rotation": -90, "width": 116, "height": 118 }
		},
		"banrenma02_walk_0005_": {
			"banrenma02_walk_0005_": { "x": 60, "y": -10.45, "rotation": -90, "width": 117, "height": 119 }
		},
		"banrenma02_walk_0006_": {
			"banrenma02_walk_0006_": { "x": 60, "y": -9.95, "rotation": -90, "width": 118, "height": 119 }
		},
		"banrenma02_walk_0007_": {
			"banrenma02_walk_0007_": { "x": 59.5, "y": -9.45, "rotation": -90, "width": 119, "height": 118 }
		},
		"banrenma02_walk_0008_": {
			"banrenma02_walk_0008_": { "x": 59.5, "y": -8.45, "rotation": -90, "width": 119, "height": 118 }
		},
		"banrenma02_walk_0009_": {
			"banrenma02_walk_0009_": { "x": 59.5, "y": -7.45, "rotation": -90, "width": 119, "height": 118 }
		},
		"banrenma02_walk_0010_": {
			"banrenma02_walk_0010_": { "x": 59, "y": -7.45, "rotation": -90, "width": 119, "height": 117 }
		},
		"banrenma02_walk_0011_": {
			"banrenma02_walk_0011_": { "x": 59, "y": -7.95, "rotation": -90, "width": 118, "height": 117 }
		},
		"banrenma02_walk_0012_": {
			"banrenma02_walk_0012_": { "x": 59.5, "y": -7.95, "rotation": -90, "width": 116, "height": 116 }
		},
		"banrenma02_walk_0013_": {
			"banrenma02_walk_0013_": { "x": 60, "y": -8.45, "rotation": -90, "width": 115, "height": 117 }
		},
		"banrenma02_walk_0014_": {
			"banrenma02_walk_0014_": { "x": 60.5, "y": -8.45, "rotation": -90, "width": 113, "height": 118 }
		},
		"banrenma02_walk_0015_": {
			"banrenma02_walk_0015_": { "x": 61, "y": -8.45, "rotation": -90, "width": 113, "height": 119 }
		},
		"banrenma02_walk_0016_": {
			"banrenma02_walk_0016_": { "x": 61, "y": -7.95, "rotation": -90, "width": 114, "height": 119 }
		},
		"banrenma02_walk_0017_": {
			"banrenma02_walk_0017_": { "x": 60.5, "y": -7.95, "rotation": -90, "width": 114, "height": 118 }
		},
		"banrenma02_walk_0018_": {
			"banrenma02_walk_0018_": { "x": 60.5, "y": -6.95, "rotation": -90, "width": 114, "height": 118 }
		},
		"banrenma02_walk_0019_": {
			"banrenma02_walk_0019_": { "x": 60, "y": -6.45, "rotation": -90, "width": 113, "height": 119 }
		},
		"yz_0_": {
			"yz_0_": { "x": 26.7, "y": 1.28, "rotation": -90, "width": 85, "height": 85 }
		}
	}
},
"animations": {
	"dj": {
		"slots": {
			"banrenma02_dj_0000_": {
				"attachment": [
					{ "time": 0, "name": "banrenma02_dj_0000_" },
					{ "time": 0.0666, "name": null }
				]
			},
			"banrenma02_dj_0001_": {
				"attachment": [
					{ "time": 0, "name": null },
					{ "time": 0.0666, "name": "banrenma02_dj_0001_" },
					{ "time": 0.1333, "name": null }
				]
			},
			"banrenma02_dj_0002_": {
				"attachment": [
					{ "time": 0, "name": null },
					{ "time": 0.1333, "name": "banrenma02_dj_0002_" },
					{ "time": 0.2, "name": null }
				]
			},
			"banrenma02_dj_0003_": {
				"attachment": [
					{ "time": 0, "name": null },
					{ "time": 0.2, "name": "banrenma02_dj_0003_" },
					{ "time": 0.2666, "name": null }
				]
			},
			"banrenma02_dj_0004_": {
				"attachment": [
					{ "time": 0, "name": null },
					{ "time": 0.2666, "name": "banrenma02_dj_0004_" },
					{ "time": 0.3333, "name": null }
				]
			},
			"banrenma02_dj_0005_": {
				"attachment": [
					{ "time": 0, "name": null },
					{ "time": 0.3333, "name": "banrenma02_dj_0005_" },
					{ "time": 0.4, "name": null }
				]
			},
			"banrenma02_dj_0006_": {
				"attachment": [
					{ "time": 0, "name": null },
					{ "time": 0.4, "name": "banrenma02_dj_0006_" },
					{ "time": 0.4666, "name": null }
				]
			},
			"banrenma02_dj_0007_": {
				"attachment": [
					{ "time": 0, "name": null },
					{ "time": 0.4666, "name": "banrenma02_dj_0007_" },
					{ "time": 0.5333, "name": null }
				]
			},
			"banrenma02_dj_0008_": {
				"attachment": [
					{ "time": 0, "name": null },
					{ "time": 0.5333, "name": "banrenma02_dj_0008_" },
					{ "time": 0.6, "name": null }
				]
			},
			"banrenma02_dj_0009_": {
				"attachment": [
					{ "time": 0, "name": null },
					{ "time": 0.6, "name": "banrenma02_dj_0009_" },
					{ "time": 0.6666, "name": null }
				]
			},
			"banrenma02_dj_0010_": {
				"attachment": [
					{ "time": 0, "name": null },
					{ "time": 0.6666, "name": "banrenma02_dj_0010_" },
					{ "time": 0.7333, "name": null }
				]
			},
			"banrenma02_dj_0011_": {
				"attachment": [
					{ "time": 0, "name": null },
					{ "time": 0.7333, "name": "banrenma02_dj_0011_" },
					{ "time": 0.8, "name": null }
				]
			},
			"banrenma02_dj_0012_": {
				"attachment": [
					{ "time": 0, "name": null },
					{ "time": 0.8, "name": "banrenma02_dj_0012_" },
					{ "time": 0.8666, "name": null }
				]
			},
			"banrenma02_dj_0013_": {
				"attachment": [
					{ "time": 0, "name": null },
					{ "time": 0.8666, "name": "banrenma02_dj_0013_" },
					{ "time": 0.9333, "name": null }
				]
			},
			"banrenma02_dj_0014_": {
				"attachment": [
					{ "time": 0, "name": null },
					{ "time": 0.9333, "name": "banrenma02_dj_0014_" },
					{ "time": 1, "name": null }
				]
			},
			"banrenma02_dj_0015_": {
				"attachment": [
					{ "time": 0, "name": null },
					{ "time": 1, "name": "banrenma02_dj_0015_" },
					{ "time": 1.0666, "name": null }
				]
			},
			"banrenma02_dj_0016_": {
				"attachment": [
					{ "time": 0, "name": null },
					{ "time": 1.0666, "name": "banrenma02_dj_0016_" }
				]
			},
			"banrenma02_gj_0000_": {
				"attachment": [
					{ "time": 0, "name": null }
				]
			},
			"banrenma02_gj_0001_": {
				"attachment": [
					{ "time": 0, "name": null }
				]
			},
			"banrenma02_gj_0002_": {
				"attachment": [
					{ "time": 0, "name": null }
				]
			},
			"banrenma02_gj_0003_": {
				"attachment": [
					{ "time": 0, "name": null }
				]
			},
			"banrenma02_gj_0004_": {
				"attachment": [
					{ "time": 0, "name": null }
				]
			},
			"banrenma02_gj_0005_": {
				"attachment": [
					{ "time": 0, "name": null }
				]
			},
			"banrenma02_gj_0006_": {
				"attachment": [
					{ "time": 0, "name": null }
				]
			},
			"banrenma02_gj_0007_": {
				"attachment": [
					{ "time": 0, "name": null }
				]
			},
			"banrenma02_gj_0008_": {
				"attachment": [
					{ "time": 0, "name": null }
				]
			},
			"banrenma02_gj_0009_": {
				"attachment": [
					{ "time": 0, "name": null }
				]
			},
			"banrenma02_gj_0010_": {
				"attachment": [
					{ "time": 0, "name": null }
				]
			},
			"banrenma02_gj_0011_": {
				"attachment": [
					{ "time": 0, "name": null }
				]
			},
			"banrenma02_gj_0012_": {
				"attachment": [
					{ "time": 0, "name": null }
				]
			},
			"banrenma02_gj_0013_": {
				"attachment": [
					{ "time": 0, "name": null }
				]
			},
			"banrenma02_gj_0014_": {
				"attachment": [
					{ "time": 0, "name": null }
				]
			},
			"banrenma02_gj_0015_": {
				"attachment": [
					{ "time": 0, "name": null }
				]
			},
			"banrenma02_gj_0016_": {
				"attachment": [
					{ "time": 0, "name": null }
				]
			},
			"banrenma02_gj_0017_": {
				"attachment": [
					{ "time": 0, "name": null }
				]
			},
			"banrenma02_gj_0018_": {
				"attachment": [
					{ "time": 0, "name": null }
				]
			},
			"banrenma02_gj_0019_": {
				"attachment": [
					{ "time": 0, "name": null }
				]
			},
			"banrenma02_gj_0020_": {
				"attachment": [
					{ "time": 0, "name": null }
				]
			},
			"banrenma02_gj_0021_": {
				"attachment": [
					{ "time": 0, "name": null }
				]
			},
			"banrenma02_gj_0022_": {
				"attachment": [
					{ "time": 0, "name": null }
				]
			},
			"banrenma02_gj_0023_": {
				"attachment": [
					{ "time": 0, "name": null }
				]
			},
			"banrenma02_gj_0024_": {
				"attachment": [
					{ "time": 0, "name": null }
				]
			},
			"banrenma02_gj_0025_": {
				"attachment": [
					{ "time": 0, "name": null }
				]
			},
			"banrenma02_walk_0000_": {
				"attachment": [
					{ "time": 0, "name": null }
				]
			},
			"banrenma02_walk_0001_": {
				"attachment": [
					{ "time": 0, "name": null }
				]
			},
			"banrenma02_walk_0002_": {
				"attachment": [
					{ "time": 0, "name": null }
				]
			},
			"banrenma02_walk_0003_": {
				"attachment": [
					{ "time": 0, "name": null }
				]
			},
			"banrenma02_walk_0004_": {
				"attachment": [
					{ "time": 0, "name": null }
				]
			},
			"banrenma02_walk_0005_": {
				"attachment": [
					{ "time": 0, "name": null }
				]
			},
			"banrenma02_walk_0006_": {
				"attachment": [
					{ "time": 0, "name": null }
				]
			},
			"banrenma02_walk_0007_": {
				"attachment": [
					{ "time": 0, "name": null }
				]
			},
			"banrenma02_walk_0008_": {
				"attachment": [
					{ "time": 0, "name": null }
				]
			},
			"banrenma02_walk_0009_": {
				"attachment": [
					{ "time": 0, "name": null }
				]
			},
			"banrenma02_walk_0010_": {
				"attachment": [
					{ "time": 0, "name": null }
				]
			},
			"banrenma02_walk_0011_": {
				"attachment": [
					{ "time": 0, "name": null }
				]
			},
			"banrenma02_walk_0012_": {
				"attachment": [
					{ "time": 0, "name": null }
				]
			},
			"banrenma02_walk_0013_": {
				"attachment": [
					{ "time": 0, "name": null }
				]
			},
			"banrenma02_walk_0014_": {
				"attachment": [
					{ "time": 0, "name": null }
				]
			},
			"banrenma02_walk_0015_": {
				"attachment": [
					{ "time": 0, "name": null }
				]
			},
			"banrenma02_walk_0016_": {
				"attachment": [
					{ "time": 0, "name": null }
				]
			},
			"banrenma02_walk_0017_": {
				"attachment": [
					{ "time": 0, "name": null }
				]
			},
			"banrenma02_walk_0018_": {
				"attachment": [
					{ "time": 0, "name": null }
				]
			},
			"banrenma02_walk_0019_": {
				"attachment": [
					{ "time": 0, "name": null }
				]
			}
		},
		"bones": {
			"bone": {
				"translate": [
					{ "time": 0, "x": 0, "y": 0 }
				]
			}
		}
	},
	"gj": {
		"slots": {
			"banrenma02_dj_0000_": {
				"attachment": [
					{ "time": 0, "name": null }
				]
			},
			"banrenma02_dj_0001_": {
				"attachment": [
					{ "time": 0, "name": null }
				]
			},
			"banrenma02_dj_0002_": {
				"attachment": [
					{ "time": 0, "name": null }
				]
			},
			"banrenma02_dj_0003_": {
				"attachment": [
					{ "time": 0, "name": null }
				]
			},
			"banrenma02_dj_0004_": {
				"attachment": [
					{ "time": 0, "name": null }
				]
			},
			"banrenma02_dj_0005_": {
				"attachment": [
					{ "time": 0, "name": null }
				]
			},
			"banrenma02_dj_0006_": {
				"attachment": [
					{ "time": 0, "name": null }
				]
			},
			"banrenma02_dj_0007_": {
				"attachment": [
					{ "time": 0, "name": null }
				]
			},
			"banrenma02_dj_0008_": {
				"attachment": [
					{ "time": 0, "name": null }
				]
			},
			"banrenma02_dj_0009_": {
				"attachment": [
					{ "time": 0, "name": null }
				]
			},
			"banrenma02_dj_0010_": {
				"attachment": [
					{ "time": 0, "name": null }
				]
			},
			"banrenma02_dj_0011_": {
				"attachment": [
					{ "time": 0, "name": null }
				]
			},
			"banrenma02_dj_0012_": {
				"attachment": [
					{ "time": 0, "name": null }
				]
			},
			"banrenma02_dj_0013_": {
				"attachment": [
					{ "time": 0, "name": null }
				]
			},
			"banrenma02_dj_0014_": {
				"attachment": [
					{ "time": 0, "name": null }
				]
			},
			"banrenma02_dj_0015_": {
				"attachment": [
					{ "time": 0, "name": null }
				]
			},
			"banrenma02_dj_0016_": {
				"attachment": [
					{ "time": 0, "name": null }
				]
			},
			"banrenma02_gj_0000_": {
				"attachment": [
					{ "time": 0, "name": "banrenma02_gj_0000_" },
					{ "time": 0.0666, "name": null }
				]
			},
			"banrenma02_gj_0001_": {
				"attachment": [
					{ "time": 0, "name": null },
					{ "time": 0.0666, "name": "banrenma02_gj_0001_" },
					{ "time": 0.1333, "name": null }
				]
			},
			"banrenma02_gj_0002_": {
				"attachment": [
					{ "time": 0, "name": null },
					{ "time": 0.1333, "name": "banrenma02_gj_0002_" },
					{ "time": 0.2, "name": null }
				]
			},
			"banrenma02_gj_0003_": {
				"attachment": [
					{ "time": 0, "name": null },
					{ "time": 0.2, "name": "banrenma02_gj_0003_" },
					{ "time": 0.2666, "name": null }
				]
			},
			"banrenma02_gj_0004_": {
				"attachment": [
					{ "time": 0, "name": null },
					{ "time": 0.2666, "name": "banrenma02_gj_0004_" },
					{ "time": 0.3333, "name": null }
				]
			},
			"banrenma02_gj_0005_": {
				"attachment": [
					{ "time": 0, "name": null },
					{ "time": 0.3333, "name": "banrenma02_gj_0005_" },
					{ "time": 0.4, "name": null }
				]
			},
			"banrenma02_gj_0006_": {
				"attachment": [
					{ "time": 0, "name": null },
					{ "time": 0.4, "name": "banrenma02_gj_0006_" },
					{ "time": 0.4666, "name": null }
				]
			},
			"banrenma02_gj_0007_": {
				"attachment": [
					{ "time": 0, "name": null },
					{ "time": 0.4666, "name": "banrenma02_gj_0007_" },
					{ "time": 0.5333, "name": null }
				]
			},
			"banrenma02_gj_0008_": {
				"attachment": [
					{ "time": 0, "name": null },
					{ "time": 0.5333, "name": "banrenma02_gj_0008_" },
					{ "time": 0.6, "name": null }
				]
			},
			"banrenma02_gj_0009_": {
				"attachment": [
					{ "time": 0, "name": null },
					{ "time": 0.6, "name": "banrenma02_gj_0009_" },
					{ "time": 0.6666, "name": null }
				]
			},
			"banrenma02_gj_0010_": {
				"attachment": [
					{ "time": 0, "name": null },
					{ "time": 0.6666, "name": "banrenma02_gj_0010_" },
					{ "time": 0.7333, "name": null }
				]
			},
			"banrenma02_gj_0011_": {
				"attachment": [
					{ "time": 0, "name": null },
					{ "time": 0.7333, "name": "banrenma02_gj_0011_" },
					{ "time": 0.8, "name": null }
				]
			},
			"banrenma02_gj_0012_": {
				"attachment": [
					{ "time": 0, "name": null },
					{ "time": 0.8, "name": "banrenma02_gj_0012_" },
					{ "time": 0.8666, "name": null }
				]
			},
			"banrenma02_gj_0013_": {
				"attachment": [
					{ "time": 0, "name": null },
					{ "time": 0.8666, "name": "banrenma02_gj_0013_" },
					{ "time": 0.9333, "name": null }
				]
			},
			"banrenma02_gj_0014_": {
				"attachment": [
					{ "time": 0, "name": null },
					{ "time": 0.9333, "name": "banrenma02_gj_0014_" },
					{ "time": 1, "name": null }
				]
			},
			"banrenma02_gj_0015_": {
				"attachment": [
					{ "time": 0, "name": null },
					{ "time": 1, "name": "banrenma02_gj_0015_" },
					{ "time": 1.0666, "name": null }
				]
			},
			"banrenma02_gj_0016_": {
				"attachment": [
					{ "time": 0, "name": null },
					{ "time": 1.0666, "name": "banrenma02_gj_0016_" },
					{ "time": 1.1333, "name": null }
				]
			},
			"banrenma02_gj_0017_": {
				"attachment": [
					{ "time": 0, "name": null },
					{ "time": 1.1333, "name": "banrenma02_gj_0017_" },
					{ "time": 1.2, "name": null }
				]
			},
			"banrenma02_gj_0018_": {
				"attachment": [
					{ "time": 0, "name": null },
					{ "time": 1.2, "name": "banrenma02_gj_0018_" },
					{ "time": 1.2666, "name": null }
				]
			},
			"banrenma02_gj_0019_": {
				"attachment": [
					{ "time": 0, "name": null },
					{ "time": 1.2666, "name": "banrenma02_gj_0019_" },
					{ "time": 1.3333, "name": null }
				]
			},
			"banrenma02_gj_0020_": {
				"attachment": [
					{ "time": 0, "name": null },
					{ "time": 1.3333, "name": "banrenma02_gj_0020_" },
					{ "time": 1.4, "name": null }
				]
			},
			"banrenma02_gj_0021_": {
				"attachment": [
					{ "time": 0, "name": null },
					{ "time": 1.4, "name": "banrenma02_gj_0021_" },
					{ "time": 1.4666, "name": null }
				]
			},
			"banrenma02_gj_0022_": {
				"attachment": [
					{ "time": 0, "name": null },
					{ "time": 1.4666, "name": "banrenma02_gj_0022_" },
					{ "time": 1.5333, "name": null }
				]
			},
			"banrenma02_gj_0023_": {
				"attachment": [
					{ "time": 0, "name": null },
					{ "time": 1.5333, "name": "banrenma02_gj_0023_" },
					{ "time": 1.6, "name": null }
				]
			},
			"banrenma02_gj_0024_": {
				"attachment": [
					{ "time": 0, "name": null },
					{ "time": 1.6, "name": "banrenma02_gj_0024_" },
					{ "time": 1.6666, "name": null }
				]
			},
			"banrenma02_gj_0025_": {
				"attachment": [
					{ "time": 0, "name": null },
					{ "time": 1.6666, "name": "banrenma02_gj_0025_" }
				]
			},
			"banrenma02_walk_0000_": {
				"attachment": [
					{ "time": 0, "name": null }
				]
			},
			"banrenma02_walk_0001_": {
				"attachment": [
					{ "time": 0, "name": null }
				]
			},
			"banrenma02_walk_0002_": {
				"attachment": [
					{ "time": 0, "name": null }
				]
			},
			"banrenma02_walk_0003_": {
				"attachment": [
					{ "time": 0, "name": null }
				]
			},
			"banrenma02_walk_0004_": {
				"attachment": [
					{ "time": 0, "name": null }
				]
			},
			"banrenma02_walk_0005_": {
				"attachment": [
					{ "time": 0, "name": null }
				]
			},
			"banrenma02_walk_0006_": {
				"attachment": [
					{ "time": 0, "name": null }
				]
			},
			"banrenma02_walk_0007_": {
				"attachment": [
					{ "time": 0, "name": null }
				]
			},
			"banrenma02_walk_0008_": {
				"attachment": [
					{ "time": 0, "name": null }
				]
			},
			"banrenma02_walk_0009_": {
				"attachment": [
					{ "time": 0, "name": null }
				]
			},
			"banrenma02_walk_0010_": {
				"attachment": [
					{ "time": 0, "name": null }
				]
			},
			"banrenma02_walk_0011_": {
				"attachment": [
					{ "time": 0, "name": null }
				]
			},
			"banrenma02_walk_0012_": {
				"attachment": [
					{ "time": 0, "name": null }
				]
			},
			"banrenma02_walk_0013_": {
				"attachment": [
					{ "time": 0, "name": null }
				]
			},
			"banrenma02_walk_0014_": {
				"attachment": [
					{ "time": 0, "name": null }
				]
			},
			"banrenma02_walk_0015_": {
				"attachment": [
					{ "time": 0, "name": null }
				]
			},
			"banrenma02_walk_0016_": {
				"attachment": [
					{ "time": 0, "name": null }
				]
			},
			"banrenma02_walk_0017_": {
				"attachment": [
					{ "time": 0, "name": null }
				]
			},
			"banrenma02_walk_0018_": {
				"attachment": [
					{ "time": 0, "name": null }
				]
			},
			"banrenma02_walk_0019_": {
				"attachment": [
					{ "time": 0, "name": null }
				]
			}
		},
		"bones": {
			"bone": {
				"translate": [
					{ "time": 0, "x": 0, "y": 0 }
				]
			}
		}
	},
	"walk": {
		"slots": {
			"banrenma02_dj_0000_": {
				"attachment": [
					{ "time": 0, "name": null }
				]
			},
			"banrenma02_dj_0001_": {
				"attachment": [
					{ "time": 0, "name": null }
				]
			},
			"banrenma02_dj_0002_": {
				"attachment": [
					{ "time": 0, "name": null }
				]
			},
			"banrenma02_dj_0003_": {
				"attachment": [
					{ "time": 0, "name": null }
				]
			},
			"banrenma02_dj_0004_": {
				"attachment": [
					{ "time": 0, "name": null }
				]
			},
			"banrenma02_dj_0005_": {
				"attachment": [
					{ "time": 0, "name": null }
				]
			},
			"banrenma02_dj_0006_": {
				"attachment": [
					{ "time": 0, "name": null }
				]
			},
			"banrenma02_dj_0007_": {
				"attachment": [
					{ "time": 0, "name": null }
				]
			},
			"banrenma02_dj_0008_": {
				"attachment": [
					{ "time": 0, "name": null }
				]
			},
			"banrenma02_dj_0009_": {
				"attachment": [
					{ "time": 0, "name": null }
				]
			},
			"banrenma02_dj_0010_": {
				"attachment": [
					{ "time": 0, "name": null }
				]
			},
			"banrenma02_dj_0011_": {
				"attachment": [
					{ "time": 0, "name": null }
				]
			},
			"banrenma02_dj_0012_": {
				"attachment": [
					{ "time": 0, "name": null }
				]
			},
			"banrenma02_dj_0013_": {
				"attachment": [
					{ "time": 0, "name": null }
				]
			},
			"banrenma02_dj_0014_": {
				"attachment": [
					{ "time": 0, "name": null }
				]
			},
			"banrenma02_dj_0015_": {
				"attachment": [
					{ "time": 0, "name": null }
				]
			},
			"banrenma02_dj_0016_": {
				"attachment": [
					{ "time": 0, "name": null }
				]
			},
			"banrenma02_gj_0000_": {
				"attachment": [
					{ "time": 0, "name": null }
				]
			},
			"banrenma02_gj_0001_": {
				"attachment": [
					{ "time": 0, "name": null }
				]
			},
			"banrenma02_gj_0002_": {
				"attachment": [
					{ "time": 0, "name": null }
				]
			},
			"banrenma02_gj_0003_": {
				"attachment": [
					{ "time": 0, "name": null }
				]
			},
			"banrenma02_gj_0004_": {
				"attachment": [
					{ "time": 0, "name": null }
				]
			},
			"banrenma02_gj_0005_": {
				"attachment": [
					{ "time": 0, "name": null }
				]
			},
			"banrenma02_gj_0006_": {
				"attachment": [
					{ "time": 0, "name": null }
				]
			},
			"banrenma02_gj_0007_": {
				"attachment": [
					{ "time": 0, "name": null }
				]
			},
			"banrenma02_gj_0008_": {
				"attachment": [
					{ "time": 0, "name": null }
				]
			},
			"banrenma02_gj_0009_": {
				"attachment": [
					{ "time": 0, "name": null }
				]
			},
			"banrenma02_gj_0010_": {
				"attachment": [
					{ "time": 0, "name": null }
				]
			},
			"banrenma02_gj_0011_": {
				"attachment": [
					{ "time": 0, "name": null }
				]
			},
			"banrenma02_gj_0012_": {
				"attachment": [
					{ "time": 0, "name": null }
				]
			},
			"banrenma02_gj_0013_": {
				"attachment": [
					{ "time": 0, "name": null }
				]
			},
			"banrenma02_gj_0014_": {
				"attachment": [
					{ "time": 0, "name": null }
				]
			},
			"banrenma02_gj_0015_": {
				"attachment": [
					{ "time": 0, "name": null }
				]
			},
			"banrenma02_gj_0016_": {
				"attachment": [
					{ "time": 0, "name": null }
				]
			},
			"banrenma02_gj_0017_": {
				"attachment": [
					{ "time": 0, "name": null }
				]
			},
			"banrenma02_gj_0018_": {
				"attachment": [
					{ "time": 0, "name": null }
				]
			},
			"banrenma02_gj_0019_": {
				"attachment": [
					{ "time": 0, "name": null }
				]
			},
			"banrenma02_gj_0020_": {
				"attachment": [
					{ "time": 0, "name": null }
				]
			},
			"banrenma02_gj_0021_": {
				"attachment": [
					{ "time": 0, "name": null }
				]
			},
			"banrenma02_gj_0022_": {
				"attachment": [
					{ "time": 0, "name": null }
				]
			},
			"banrenma02_gj_0023_": {
				"attachment": [
					{ "time": 0, "name": null }
				]
			},
			"banrenma02_gj_0024_": {
				"attachment": [
					{ "time": 0, "name": null }
				]
			},
			"banrenma02_gj_0025_": {
				"attachment": [
					{ "time": 0, "name": null }
				]
			},
			"banrenma02_walk_0000_": {
				"attachment": [
					{ "time": 0, "name": "banrenma02_walk_0000_" },
					{ "time": 0.0666, "name": null }
				]
			},
			"banrenma02_walk_0001_": {
				"attachment": [
					{ "time": 0, "name": null },
					{ "time": 0.0666, "name": "banrenma02_walk_0001_" },
					{ "time": 0.1333, "name": null }
				]
			},
			"banrenma02_walk_0002_": {
				"attachment": [
					{ "time": 0, "name": null },
					{ "time": 0.1333, "name": "banrenma02_walk_0002_" },
					{ "time": 0.2, "name": null }
				]
			},
			"banrenma02_walk_0003_": {
				"attachment": [
					{ "time": 0, "name": null },
					{ "time": 0.2, "name": "banrenma02_walk_0003_" },
					{ "time": 0.2666, "name": null }
				]
			},
			"banrenma02_walk_0004_": {
				"attachment": [
					{ "time": 0, "name": null },
					{ "time": 0.2666, "name": "banrenma02_walk_0004_" },
					{ "time": 0.3333, "name": null }
				]
			},
			"banrenma02_walk_0005_": {
				"attachment": [
					{ "time": 0, "name": null },
					{ "time": 0.3333, "name": "banrenma02_walk_0005_" },
					{ "time": 0.4, "name": null }
				]
			},
			"banrenma02_walk_0006_": {
				"attachment": [
					{ "time": 0, "name": null },
					{ "time": 0.4, "name": "banrenma02_walk_0006_" },
					{ "time": 0.4666, "name": null }
				]
			},
			"banrenma02_walk_0007_": {
				"attachment": [
					{ "time": 0, "name": null },
					{ "time": 0.4666, "name": "banrenma02_walk_0007_" },
					{ "time": 0.5333, "name": null }
				]
			},
			"banrenma02_walk_0008_": {
				"attachment": [
					{ "time": 0, "name": null },
					{ "time": 0.5333, "name": "banrenma02_walk_0008_" },
					{ "time": 0.6, "name": null }
				]
			},
			"banrenma02_walk_0009_": {
				"attachment": [
					{ "time": 0, "name": null },
					{ "time": 0.6, "name": "banrenma02_walk_0009_" },
					{ "time": 0.6666, "name": null }
				]
			},
			"banrenma02_walk_0010_": {
				"attachment": [
					{ "time": 0, "name": null },
					{ "time": 0.6666, "name": "banrenma02_walk_0010_" },
					{ "time": 0.7333, "name": null }
				]
			},
			"banrenma02_walk_0011_": {
				"attachment": [
					{ "time": 0, "name": null },
					{ "time": 0.7333, "name": "banrenma02_walk_0011_" },
					{ "time": 0.8, "name": null }
				]
			},
			"banrenma02_walk_0012_": {
				"attachment": [
					{ "time": 0, "name": null },
					{ "time": 0.8, "name": "banrenma02_walk_0012_" },
					{ "time": 0.8666, "name": null }
				]
			},
			"banrenma02_walk_0013_": {
				"attachment": [
					{ "time": 0, "name": null },
					{ "time": 0.8666, "name": "banrenma02_walk_0013_" },
					{ "time": 0.9333, "name": null }
				]
			},
			"banrenma02_walk_0014_": {
				"attachment": [
					{ "time": 0, "name": null },
					{ "time": 0.9333, "name": "banrenma02_walk_0014_" },
					{ "time": 1, "name": null }
				]
			},
			"banrenma02_walk_0015_": {
				"attachment": [
					{ "time": 0, "name": null },
					{ "time": 1, "name": "banrenma02_walk_0015_" },
					{ "time": 1.0666, "name": null }
				]
			},
			"banrenma02_walk_0016_": {
				"attachment": [
					{ "time": 0, "name": null },
					{ "time": 1.0666, "name": "banrenma02_walk_0016_" },
					{ "time": 1.1333, "name": null }
				]
			},
			"banrenma02_walk_0017_": {
				"attachment": [
					{ "time": 0, "name": null },
					{ "time": 1.1333, "name": "banrenma02_walk_0017_" },
					{ "time": 1.2, "name": null }
				]
			},
			"banrenma02_walk_0018_": {
				"attachment": [
					{ "time": 0, "name": null },
					{ "time": 1.2, "name": "banrenma02_walk_0018_" },
					{ "time": 1.2666, "name": null }
				]
			},
			"banrenma02_walk_0019_": {
				"attachment": [
					{ "time": 0, "name": null },
					{ "time": 1.2666, "name": "banrenma02_walk_0019_" }
				]
			}
		},
		"bones": {
			"bone": {
				"translate": [
					{ "time": 0, "x": 0, "y": 0 }
				]
			}
		}
	}
}
}