{
"skeleton": { "hash": "74gtqzFqg+va6buheqevaKanc2g", "spine": "2.1.27", "width": 85.03, "height": 85.03, "images": "" },
"bones": [
	{ "name": "root" },
	{ "name": "bone", "parent": "root", "length": 124.03, "rotation": 90.45 },
	{ "name": "bone2", "parent": "root", "length": 70.97, "x": 2.42, "y": -14.24, "rotation": 90.45 }
],
"slots": [
	{ "name": "yz_0_", "bone": "bone2", "attachment": "yz_0_" },
	{ "name": "banrenma01_walk_0019_", "bone": "bone" },
	{ "name": "banrenma01_walk_0018_", "bone": "bone" },
	{ "name": "banrenma01_walk_0017_", "bone": "bone" },
	{ "name": "banrenma01_walk_0016_", "bone": "bone" },
	{ "name": "banrenma01_walk_0015_", "bone": "bone" },
	{ "name": "banrenma01_walk_0014_", "bone": "bone" },
	{ "name": "banrenma01_walk_0013_", "bone": "bone" },
	{ "name": "banrenma01_walk_0012_", "bone": "bone" },
	{ "name": "banrenma01_walk_0011_", "bone": "bone" },
	{ "name": "banrenma01_walk_0010_", "bone": "bone" },
	{ "name": "banrenma01_walk_0009_", "bone": "bone" },
	{ "name": "banrenma01_walk_0008_", "bone": "bone" },
	{ "name": "banrenma01_walk_0007_", "bone": "bone" },
	{ "name": "banrenma01_walk_0006_", "bone": "bone" },
	{ "name": "banrenma01_walk_0005_", "bone": "bone" },
	{ "name": "banrenma01_walk_0004_", "bone": "bone" },
	{ "name": "banrenma01_walk_0003_", "bone": "bone" },
	{ "name": "banrenma01_walk_0002_", "bone": "bone" },
	{ "name": "banrenma01_walk_0001_", "bone": "bone" },
	{ "name": "banrenma01_walk_0000_", "bone": "bone" },
	{ "name": "banrenma01_gj_0025_", "bone": "bone" },
	{ "name": "banrenma01_gj_0024_", "bone": "bone" },
	{ "name": "banrenma01_gj_0023_", "bone": "bone" },
	{ "name": "banrenma01_gj_0022_", "bone": "bone" },
	{ "name": "banrenma01_gj_0021_", "bone": "bone" },
	{ "name": "banrenma01_gj_0020_", "bone": "bone" },
	{ "name": "banrenma01_gj_0019_", "bone": "bone" },
	{ "name": "banrenma01_gj_0018_", "bone": "bone" },
	{ "name": "banrenma01_gj_0017_", "bone": "bone" },
	{ "name": "banrenma01_gj_0016_", "bone": "bone" },
	{ "name": "banrenma01_gj_0015_", "bone": "bone" },
	{ "name": "banrenma01_gj_0014_", "bone": "bone" },
	{ "name": "banrenma01_gj_0013_", "bone": "bone" },
	{ "name": "banrenma01_gj_0012_", "bone": "bone" },
	{ "name": "banrenma01_gj_0011_", "bone": "bone" },
	{ "name": "banrenma01_gj_0010_", "bone": "bone" },
	{ "name": "banrenma01_gj_0009_", "bone": "bone" },
	{ "name": "banrenma01_gj_0008_", "bone": "bone" },
	{ "name": "banrenma01_gj_0007_", "bone": "bone" },
	{ "name": "banrenma01_gj_0006_", "bone": "bone" },
	{ "name": "banrenma01_gj_0005_", "bone": "bone" },
	{ "name": "banrenma01_gj_0004_", "bone": "bone" },
	{ "name": "banrenma01_gj_0003_", "bone": "bone" },
	{ "name": "banrenma01_gj_0002_", "bone": "bone" },
	{ "name": "banrenma01_gj_0001_", "bone": "bone" },
	{ "name": "banrenma01_gj_0000_", "bone": "bone" },
	{ "name": "banrenma01_dj_0016_", "bone": "bone" },
	{ "name": "banrenma01_dj_0015_", "bone": "bone" },
	{ "name": "banrenma01_dj_0014_", "bone": "bone" },
	{ "name": "banrenma01_dj_0013_", "bone": "bone" },
	{ "name": "banrenma01_dj_0012_", "bone": "bone" },
	{ "name": "banrenma01_dj_0011_", "bone": "bone" },
	{ "name": "banrenma01_dj_0010_", "bone": "bone" },
	{ "name": "banrenma01_dj_0009_", "bone": "bone" },
	{ "name": "banrenma01_dj_0008_", "bone": "bone" },
	{ "name": "banrenma01_dj_0007_", "bone": "bone" },
	{ "name": "banrenma01_dj_0006_", "bone": "bone" },
	{ "name": "banrenma01_dj_0005_", "bone": "bone" },
	{ "name": "banrenma01_dj_0004_", "bone": "bone" },
	{ "name": "banrenma01_dj_0003_", "bone": "bone" },
	{ "name": "banrenma01_dj_0002_", "bone": "bone" },
	{ "name": "banrenma01_dj_0001_", "bone": "bone" },
	{ "name": "banrenma01_dj_0000_", "bone": "bone" }
],
"skins": {
	"default": {
		"banrenma01_dj_0000_": {
			"banrenma01_dj_0000_": { "x": 41.59, "y": -20.94, "rotation": -90.45, "width": 113, "height": 90 }
		},
		"banrenma01_dj_0001_": {
			"banrenma01_dj_0001_": { "x": 41.59, "y": -20.94, "rotation": -90.45, "width": 113, "height": 90 }
		},
		"banrenma01_dj_0002_": {
			"banrenma01_dj_0002_": { "x": 41.59, "y": -21.44, "rotation": -90.45, "width": 112, "height": 90 }
		},
		"banrenma01_dj_0003_": {
			"banrenma01_dj_0003_": { "x": 41.59, "y": -21.44, "rotation": -90.45, "width": 112, "height": 90 }
		},
		"banrenma01_dj_0004_": {
			"banrenma01_dj_0004_": { "x": 41.59, "y": -21.44, "rotation": -90.45, "width": 112, "height": 90 }
		},
		"banrenma01_dj_0005_": {
			"banrenma01_dj_0005_": { "x": 41.09, "y": -20.93, "rotation": -90.45, "width": 113, "height": 89 }
		},
		"banrenma01_dj_0006_": {
			"banrenma01_dj_0006_": { "x": 41.1, "y": -20.43, "rotation": -90.45, "width": 114, "height": 89 }
		},
		"banrenma01_dj_0007_": {
			"banrenma01_dj_0007_": { "x": 41.1, "y": -20.43, "rotation": -90.45, "width": 114, "height": 89 }
		},
		"banrenma01_dj_0008_": {
			"banrenma01_dj_0008_": { "x": 41.11, "y": -19.43, "rotation": -90.45, "width": 114, "height": 89 }
		},
		"banrenma01_dj_0009_": {
			"banrenma01_dj_0009_": { "x": 41.11, "y": -19.43, "rotation": -90.45, "width": 114, "height": 89 }
		},
		"banrenma01_dj_0010_": {
			"banrenma01_dj_0010_": { "x": 40.61, "y": -18.93, "rotation": -90.45, "width": 115, "height": 88 }
		},
		"banrenma01_dj_0011_": {
			"banrenma01_dj_0011_": { "x": 40.61, "y": -18.93, "rotation": -90.45, "width": 115, "height": 88 }
		},
		"banrenma01_dj_0012_": {
			"banrenma01_dj_0012_": { "x": 41.11, "y": -18.93, "rotation": -90.45, "width": 115, "height": 89 }
		},
		"banrenma01_dj_0013_": {
			"banrenma01_dj_0013_": { "x": 41.1, "y": -19.93, "rotation": -90.45, "width": 115, "height": 89 }
		},
		"banrenma01_dj_0014_": {
			"banrenma01_dj_0014_": { "x": 41.1, "y": -19.93, "rotation": -90.45, "width": 115, "height": 89 }
		},
		"banrenma01_dj_0015_": {
			"banrenma01_dj_0015_": { "x": 41.6, "y": -20.44, "rotation": -90.45, "width": 114, "height": 90 }
		},
		"banrenma01_dj_0016_": {
			"banrenma01_dj_0016_": { "x": 41.59, "y": -20.94, "rotation": -90.45, "width": 113, "height": 90 }
		},
		"banrenma01_gj_0000_": {
			"banrenma01_gj_0000_": { "x": 41.59, "y": -21.44, "rotation": -90.45, "width": 112, "height": 90 }
		},
		"banrenma01_gj_0001_": {
			"banrenma01_gj_0001_": { "x": 42.09, "y": -21.44, "rotation": -90.45, "width": 118, "height": 91 }
		},
		"banrenma01_gj_0002_": {
			"banrenma01_gj_0002_": { "x": 43.59, "y": -21.95, "rotation": -90.45, "width": 121, "height": 94 }
		},
		"banrenma01_gj_0003_": {
			"banrenma01_gj_0003_": { "x": 50.12, "y": -17.5, "rotation": -90.45, "width": 116, "height": 103 }
		},
		"banrenma01_gj_0004_": {
			"banrenma01_gj_0004_": { "x": 68.17, "y": -11.65, "rotation": -90.45, "width": 106, "height": 123 }
		},
		"banrenma01_gj_0005_": {
			"banrenma01_gj_0005_": { "x": 80.22, "y": -4.74, "rotation": -90.45, "width": 92, "height": 147 }
		},
		"banrenma01_gj_0006_": {
			"banrenma01_gj_0006_": { "x": 84.72, "y": -4.78, "rotation": -90.45, "width": 94, "height": 156 }
		},
		"banrenma01_gj_0007_": {
			"banrenma01_gj_0007_": { "x": 83.73, "y": -4.27, "rotation": -90.45, "width": 95, "height": 154 }
		},
		"banrenma01_gj_0008_": {
			"banrenma01_gj_0008_": { "x": 79.23, "y": -4.23, "rotation": -90.45, "width": 97, "height": 145 }
		},
		"banrenma01_gj_0009_": {
			"banrenma01_gj_0009_": { "x": 68.23, "y": -3.65, "rotation": -90.45, "width": 98, "height": 123 }
		},
		"banrenma01_gj_0010_": {
			"banrenma01_gj_0010_": { "x": 53.24, "y": -2.03, "rotation": -90.45, "width": 95, "height": 125 }
		},
		"banrenma01_gj_0011_": {
			"banrenma01_gj_0011_": { "x": 57.23, "y": -3.56, "rotation": -90.45, "width": 96, "height": 143 }
		},
		"banrenma01_gj_0012_": {
			"banrenma01_gj_0012_": { "x": 22.06, "y": -25.28, "rotation": -90.45, "width": 134, "height": 77 }
		},
		"banrenma01_gj_0013_": {
			"banrenma01_gj_0013_": { "x": 14.1, "y": -19.72, "rotation": -90.45, "width": 111, "height": 89 }
		},
		"banrenma01_gj_0014_": {
			"banrenma01_gj_0014_": { "x": 15.09, "y": -21.23, "rotation": -90.45, "width": 100, "height": 85 }
		},
		"banrenma01_gj_0015_": {
			"banrenma01_gj_0015_": { "x": 17.56, "y": -24.75, "rotation": -90.45, "width": 99, "height": 78 }
		},
		"banrenma01_gj_0016_": {
			"banrenma01_gj_0016_": { "x": 20.53, "y": -28.77, "rotation": -90.45, "width": 99, "height": 72 }
		},
		"banrenma01_gj_0017_": {
			"banrenma01_gj_0017_": { "x": 21.02, "y": -30.78, "rotation": -90.45, "width": 103, "height": 73 }
		},
		"banrenma01_gj_0018_": {
			"banrenma01_gj_0018_": { "x": 22.5, "y": -32.29, "rotation": -90.45, "width": 106, "height": 76 }
		},
		"banrenma01_gj_0019_": {
			"banrenma01_gj_0019_": { "x": 25, "y": -33.31, "rotation": -90.45, "width": 108, "height": 81 }
		},
		"banrenma01_gj_0020_": {
			"banrenma01_gj_0020_": { "x": 27, "y": -33.32, "rotation": -90.45, "width": 108, "height": 85 }
		},
		"banrenma01_gj_0021_": {
			"banrenma01_gj_0021_": { "x": 29, "y": -32.34, "rotation": -90.45, "width": 108, "height": 89 }
		},
		"banrenma01_gj_0022_": {
			"banrenma01_gj_0022_": { "x": 33.01, "y": -31.37, "rotation": -90.45, "width": 108, "height": 87 }
		},
		"banrenma01_gj_0023_": {
			"banrenma01_gj_0023_": { "x": 37.04, "y": -28.4, "rotation": -90.45, "width": 110, "height": 85 }
		},
		"banrenma01_gj_0024_": {
			"banrenma01_gj_0024_": { "x": 39.56, "y": -24.92, "rotation": -90.45, "width": 111, "height": 88 }
		},
		"banrenma01_gj_0025_": {
			"banrenma01_gj_0025_": { "x": 41.59, "y": -21.94, "rotation": -90.45, "width": 111, "height": 90 }
		},
		"banrenma01_walk_0000_": {
			"banrenma01_walk_0000_": { "x": 54.19, "y": -9.04, "rotation": -90.45, "width": 117, "height": 109 }
		},
		"banrenma01_walk_0001_": {
			"banrenma01_walk_0001_": { "x": 53.18, "y": -9.53, "rotation": -90.45, "width": 116, "height": 109 }
		},
		"banrenma01_walk_0002_": {
			"banrenma01_walk_0002_": { "x": 53.18, "y": -10.03, "rotation": -90.45, "width": 117, "height": 107 }
		},
		"banrenma01_walk_0003_": {
			"banrenma01_walk_0003_": { "x": 53.18, "y": -10.53, "rotation": -90.45, "width": 116, "height": 107 }
		},
		"banrenma01_walk_0004_": {
			"banrenma01_walk_0004_": { "x": 53.67, "y": -11.03, "rotation": -90.45, "width": 117, "height": 108 }
		},
		"banrenma01_walk_0005_": {
			"banrenma01_walk_0005_": { "x": 53.67, "y": -11.53, "rotation": -90.45, "width": 118, "height": 108 }
		},
		"banrenma01_walk_0006_": {
			"banrenma01_walk_0006_": { "x": 53.67, "y": -11.03, "rotation": -90.45, "width": 117, "height": 108 }
		},
		"banrenma01_walk_0007_": {
			"banrenma01_walk_0007_": { "x": 53.68, "y": -10.53, "rotation": -90.45, "width": 118, "height": 108 }
		},
		"banrenma01_walk_0008_": {
			"banrenma01_walk_0008_": { "x": 53.68, "y": -9.53, "rotation": -90.45, "width": 118, "height": 108 }
		},
		"banrenma01_walk_0009_": {
			"banrenma01_walk_0009_": { "x": 53.69, "y": -9.03, "rotation": -90.45, "width": 119, "height": 108 }
		},
		"banrenma01_walk_0010_": {
			"banrenma01_walk_0010_": { "x": 53.19, "y": -8.53, "rotation": -90.45, "width": 118, "height": 107 }
		},
		"banrenma01_walk_0011_": {
			"banrenma01_walk_0011_": { "x": 53.68, "y": -9.53, "rotation": -90.45, "width": 118, "height": 106 }
		},
		"banrenma01_walk_0012_": {
			"banrenma01_walk_0012_": { "x": 53.68, "y": -10.03, "rotation": -90.45, "width": 117, "height": 106 }
		},
		"banrenma01_walk_0013_": {
			"banrenma01_walk_0013_": { "x": 54.18, "y": -10.04, "rotation": -90.45, "width": 115, "height": 107 }
		},
		"banrenma01_walk_0014_": {
			"banrenma01_walk_0014_": { "x": 54.68, "y": -10.54, "rotation": -90.45, "width": 114, "height": 108 }
		},
		"banrenma01_walk_0015_": {
			"banrenma01_walk_0015_": { "x": 55.17, "y": -11.04, "rotation": -90.45, "width": 115, "height": 109 }
		},
		"banrenma01_walk_0016_": {
			"banrenma01_walk_0016_": { "x": 54.68, "y": -10.54, "rotation": -90.45, "width": 116, "height": 108 }
		},
		"banrenma01_walk_0017_": {
			"banrenma01_walk_0017_": { "x": 54.68, "y": -10.54, "rotation": -90.45, "width": 116, "height": 108 }
		},
		"banrenma01_walk_0018_": {
			"banrenma01_walk_0018_": { "x": 54.68, "y": -9.54, "rotation": -90.45, "width": 116, "height": 108 }
		},
		"banrenma01_walk_0019_": {
			"banrenma01_walk_0019_": { "x": 54.19, "y": -9.04, "rotation": -90.45, "width": 117, "height": 109 }
		},
		"yz_0_": {
			"yz_0_": { "x": 23.93, "y": -0.7, "rotation": -90.45, "width": 85, "height": 85 }
		}
	}
},
"animations": {
	"dj": {
		"slots": {
			"banrenma01_dj_0000_": {
				"attachment": [
					{ "time": 0, "name": "banrenma01_dj_0000_" },
					{ "time": 0.0666, "name": null }
				]
			},
			"banrenma01_dj_0001_": {
				"attachment": [
					{ "time": 0, "name": null },
					{ "time": 0.0666, "name": "banrenma01_dj_0001_" },
					{ "time": 0.1333, "name": null }
				]
			},
			"banrenma01_dj_0002_": {
				"attachment": [
					{ "time": 0, "name": null },
					{ "time": 0.1333, "name": "banrenma01_dj_0002_" },
					{ "time": 0.2, "name": null }
				]
			},
			"banrenma01_dj_0003_": {
				"attachment": [
					{ "time": 0, "name": null },
					{ "time": 0.2, "name": "banrenma01_dj_0003_" },
					{ "time": 0.2666, "name": null }
				]
			},
			"banrenma01_dj_0004_": {
				"attachment": [
					{ "time": 0, "name": null },
					{ "time": 0.2666, "name": "banrenma01_dj_0004_" },
					{ "time": 0.3333, "name": null }
				]
			},
			"banrenma01_dj_0005_": {
				"attachment": [
					{ "time": 0, "name": null },
					{ "time": 0.3333, "name": "banrenma01_dj_0005_" },
					{ "time": 0.4, "name": null }
				]
			},
			"banrenma01_dj_0006_": {
				"attachment": [
					{ "time": 0, "name": null },
					{ "time": 0.4, "name": "banrenma01_dj_0006_" },
					{ "time": 0.4666, "name": null }
				]
			},
			"banrenma01_dj_0007_": {
				"attachment": [
					{ "time": 0, "name": null },
					{ "time": 0.4666, "name": "banrenma01_dj_0007_" },
					{ "time": 0.5333, "name": null }
				]
			},
			"banrenma01_dj_0008_": {
				"attachment": [
					{ "time": 0, "name": null },
					{ "time": 0.5333, "name": "banrenma01_dj_0008_" },
					{ "time": 0.6, "name": null }
				]
			},
			"banrenma01_dj_0009_": {
				"attachment": [
					{ "time": 0, "name": null },
					{ "time": 0.6, "name": "banrenma01_dj_0009_" },
					{ "time": 0.6666, "name": null }
				]
			},
			"banrenma01_dj_0010_": {
				"attachment": [
					{ "time": 0, "name": null },
					{ "time": 0.6666, "name": "banrenma01_dj_0010_" },
					{ "time": 0.7333, "name": null }
				]
			},
			"banrenma01_dj_0011_": {
				"attachment": [
					{ "time": 0, "name": null },
					{ "time": 0.7333, "name": "banrenma01_dj_0011_" },
					{ "time": 0.8, "name": null }
				]
			},
			"banrenma01_dj_0012_": {
				"attachment": [
					{ "time": 0, "name": null },
					{ "time": 0.8, "name": "banrenma01_dj_0012_" },
					{ "time": 0.8666, "name": null }
				]
			},
			"banrenma01_dj_0013_": {
				"attachment": [
					{ "time": 0, "name": null },
					{ "time": 0.8666, "name": "banrenma01_dj_0013_" },
					{ "time": 0.9333, "name": null }
				]
			},
			"banrenma01_dj_0014_": {
				"attachment": [
					{ "time": 0, "name": null },
					{ "time": 0.9333, "name": "banrenma01_dj_0014_" },
					{ "time": 1, "name": null }
				]
			},
			"banrenma01_dj_0015_": {
				"attachment": [
					{ "time": 0, "name": null },
					{ "time": 1, "name": "banrenma01_dj_0015_" },
					{ "time": 1.0666, "name": null }
				]
			},
			"banrenma01_dj_0016_": {
				"attachment": [
					{ "time": 0, "name": null },
					{ "time": 1.0666, "name": "banrenma01_dj_0016_" }
				]
			},
			"banrenma01_gj_0000_": {
				"attachment": [
					{ "time": 0, "name": null }
				]
			},
			"banrenma01_gj_0001_": {
				"attachment": [
					{ "time": 0, "name": null }
				]
			},
			"banrenma01_gj_0002_": {
				"attachment": [
					{ "time": 0, "name": null }
				]
			},
			"banrenma01_gj_0003_": {
				"attachment": [
					{ "time": 0, "name": null }
				]
			},
			"banrenma01_gj_0004_": {
				"attachment": [
					{ "time": 0, "name": null }
				]
			},
			"banrenma01_gj_0005_": {
				"attachment": [
					{ "time": 0, "name": null }
				]
			},
			"banrenma01_gj_0006_": {
				"attachment": [
					{ "time": 0, "name": null }
				]
			},
			"banrenma01_gj_0007_": {
				"attachment": [
					{ "time": 0, "name": null }
				]
			},
			"banrenma01_gj_0008_": {
				"attachment": [
					{ "time": 0, "name": null }
				]
			},
			"banrenma01_gj_0009_": {
				"attachment": [
					{ "time": 0, "name": null }
				]
			},
			"banrenma01_gj_0010_": {
				"attachment": [
					{ "time": 0, "name": null }
				]
			},
			"banrenma01_gj_0011_": {
				"attachment": [
					{ "time": 0, "name": null }
				]
			},
			"banrenma01_gj_0012_": {
				"attachment": [
					{ "time": 0, "name": null }
				]
			},
			"banrenma01_gj_0013_": {
				"attachment": [
					{ "time": 0, "name": null }
				]
			},
			"banrenma01_gj_0014_": {
				"attachment": [
					{ "time": 0, "name": null }
				]
			},
			"banrenma01_gj_0015_": {
				"attachment": [
					{ "time": 0, "name": null }
				]
			},
			"banrenma01_gj_0016_": {
				"attachment": [
					{ "time": 0, "name": null }
				]
			},
			"banrenma01_gj_0017_": {
				"attachment": [
					{ "time": 0, "name": null }
				]
			},
			"banrenma01_gj_0018_": {
				"attachment": [
					{ "time": 0, "name": null }
				]
			},
			"banrenma01_gj_0019_": {
				"attachment": [
					{ "time": 0, "name": null }
				]
			},
			"banrenma01_gj_0020_": {
				"attachment": [
					{ "time": 0, "name": null }
				]
			},
			"banrenma01_gj_0021_": {
				"attachment": [
					{ "time": 0, "name": null }
				]
			},
			"banrenma01_gj_0022_": {
				"attachment": [
					{ "time": 0, "name": null }
				]
			},
			"banrenma01_gj_0023_": {
				"attachment": [
					{ "time": 0, "name": null }
				]
			},
			"banrenma01_gj_0024_": {
				"attachment": [
					{ "time": 0, "name": null }
				]
			},
			"banrenma01_gj_0025_": {
				"attachment": [
					{ "time": 0, "name": null }
				]
			},
			"banrenma01_walk_0000_": {
				"attachment": [
					{ "time": 0, "name": null }
				]
			},
			"banrenma01_walk_0001_": {
				"attachment": [
					{ "time": 0, "name": null }
				]
			},
			"banrenma01_walk_0002_": {
				"attachment": [
					{ "time": 0, "name": null }
				]
			},
			"banrenma01_walk_0003_": {
				"attachment": [
					{ "time": 0, "name": null }
				]
			},
			"banrenma01_walk_0004_": {
				"attachment": [
					{ "time": 0, "name": null }
				]
			},
			"banrenma01_walk_0005_": {
				"attachment": [
					{ "time": 0, "name": null }
				]
			},
			"banrenma01_walk_0006_": {
				"attachment": [
					{ "time": 0, "name": null }
				]
			},
			"banrenma01_walk_0007_": {
				"attachment": [
					{ "time": 0, "name": null }
				]
			},
			"banrenma01_walk_0008_": {
				"attachment": [
					{ "time": 0, "name": null }
				]
			},
			"banrenma01_walk_0009_": {
				"attachment": [
					{ "time": 0, "name": null }
				]
			},
			"banrenma01_walk_0010_": {
				"attachment": [
					{ "time": 0, "name": null }
				]
			},
			"banrenma01_walk_0011_": {
				"attachment": [
					{ "time": 0, "name": null }
				]
			},
			"banrenma01_walk_0012_": {
				"attachment": [
					{ "time": 0, "name": null }
				]
			},
			"banrenma01_walk_0013_": {
				"attachment": [
					{ "time": 0, "name": null }
				]
			},
			"banrenma01_walk_0014_": {
				"attachment": [
					{ "time": 0, "name": null }
				]
			},
			"banrenma01_walk_0015_": {
				"attachment": [
					{ "time": 0, "name": null }
				]
			},
			"banrenma01_walk_0016_": {
				"attachment": [
					{ "time": 0, "name": null }
				]
			},
			"banrenma01_walk_0017_": {
				"attachment": [
					{ "time": 0, "name": null }
				]
			},
			"banrenma01_walk_0018_": {
				"attachment": [
					{ "time": 0, "name": null }
				]
			},
			"banrenma01_walk_0019_": {
				"attachment": [
					{ "time": 0, "name": null }
				]
			}
		}
	},
	"gj": {
		"slots": {
			"banrenma01_dj_0000_": {
				"attachment": [
					{ "time": 0, "name": null }
				]
			},
			"banrenma01_dj_0001_": {
				"attachment": [
					{ "time": 0, "name": null }
				]
			},
			"banrenma01_dj_0002_": {
				"attachment": [
					{ "time": 0, "name": null }
				]
			},
			"banrenma01_dj_0003_": {
				"attachment": [
					{ "time": 0, "name": null }
				]
			},
			"banrenma01_dj_0004_": {
				"attachment": [
					{ "time": 0, "name": null }
				]
			},
			"banrenma01_dj_0005_": {
				"attachment": [
					{ "time": 0, "name": null }
				]
			},
			"banrenma01_dj_0006_": {
				"attachment": [
					{ "time": 0, "name": null }
				]
			},
			"banrenma01_dj_0007_": {
				"attachment": [
					{ "time": 0, "name": null }
				]
			},
			"banrenma01_dj_0008_": {
				"attachment": [
					{ "time": 0, "name": null }
				]
			},
			"banrenma01_dj_0009_": {
				"attachment": [
					{ "time": 0, "name": null }
				]
			},
			"banrenma01_dj_0010_": {
				"attachment": [
					{ "time": 0, "name": null }
				]
			},
			"banrenma01_dj_0011_": {
				"attachment": [
					{ "time": 0, "name": null }
				]
			},
			"banrenma01_dj_0012_": {
				"attachment": [
					{ "time": 0, "name": null }
				]
			},
			"banrenma01_dj_0013_": {
				"attachment": [
					{ "time": 0, "name": null }
				]
			},
			"banrenma01_dj_0014_": {
				"attachment": [
					{ "time": 0, "name": null }
				]
			},
			"banrenma01_dj_0015_": {
				"attachment": [
					{ "time": 0, "name": null }
				]
			},
			"banrenma01_dj_0016_": {
				"attachment": [
					{ "time": 0, "name": null }
				]
			},
			"banrenma01_gj_0000_": {
				"attachment": [
					{ "time": 0, "name": "banrenma01_gj_0000_" },
					{ "time": 0.0666, "name": null }
				]
			},
			"banrenma01_gj_0001_": {
				"attachment": [
					{ "time": 0, "name": null },
					{ "time": 0.0666, "name": "banrenma01_gj_0001_" },
					{ "time": 0.1333, "name": null }
				]
			},
			"banrenma01_gj_0002_": {
				"attachment": [
					{ "time": 0, "name": null },
					{ "time": 0.1333, "name": "banrenma01_gj_0002_" },
					{ "time": 0.2, "name": null }
				]
			},
			"banrenma01_gj_0003_": {
				"attachment": [
					{ "time": 0, "name": null },
					{ "time": 0.2, "name": "banrenma01_gj_0003_" },
					{ "time": 0.2666, "name": null }
				]
			},
			"banrenma01_gj_0004_": {
				"attachment": [
					{ "time": 0, "name": null },
					{ "time": 0.2666, "name": "banrenma01_gj_0004_" },
					{ "time": 0.3333, "name": null }
				]
			},
			"banrenma01_gj_0005_": {
				"attachment": [
					{ "time": 0, "name": null },
					{ "time": 0.3333, "name": "banrenma01_gj_0005_" },
					{ "time": 0.4, "name": null }
				]
			},
			"banrenma01_gj_0006_": {
				"attachment": [
					{ "time": 0, "name": null },
					{ "time": 0.4, "name": "banrenma01_gj_0006_" },
					{ "time": 0.4666, "name": null }
				]
			},
			"banrenma01_gj_0007_": {
				"attachment": [
					{ "time": 0, "name": null },
					{ "time": 0.4666, "name": "banrenma01_gj_0007_" },
					{ "time": 0.5333, "name": null }
				]
			},
			"banrenma01_gj_0008_": {
				"attachment": [
					{ "time": 0, "name": null },
					{ "time": 0.5333, "name": "banrenma01_gj_0008_" },
					{ "time": 0.6, "name": null }
				]
			},
			"banrenma01_gj_0009_": {
				"attachment": [
					{ "time": 0, "name": null },
					{ "time": 0.6, "name": "banrenma01_gj_0009_" },
					{ "time": 0.6666, "name": null }
				]
			},
			"banrenma01_gj_0010_": {
				"attachment": [
					{ "time": 0, "name": null },
					{ "time": 0.6666, "name": "banrenma01_gj_0010_" },
					{ "time": 0.7333, "name": null }
				]
			},
			"banrenma01_gj_0011_": {
				"attachment": [
					{ "time": 0, "name": null },
					{ "time": 0.7333, "name": "banrenma01_gj_0011_" },
					{ "time": 0.8, "name": null }
				]
			},
			"banrenma01_gj_0012_": {
				"attachment": [
					{ "time": 0, "name": null },
					{ "time": 0.8, "name": "banrenma01_gj_0012_" },
					{ "time": 0.8666, "name": null }
				]
			},
			"banrenma01_gj_0013_": {
				"attachment": [
					{ "time": 0, "name": null },
					{ "time": 0.8666, "name": "banrenma01_gj_0013_" },
					{ "time": 0.9333, "name": null }
				]
			},
			"banrenma01_gj_0014_": {
				"attachment": [
					{ "time": 0, "name": null },
					{ "time": 0.9333, "name": "banrenma01_gj_0014_" },
					{ "time": 1, "name": null }
				]
			},
			"banrenma01_gj_0015_": {
				"attachment": [
					{ "time": 0, "name": null },
					{ "time": 1, "name": "banrenma01_gj_0015_" },
					{ "time": 1.0666, "name": null }
				]
			},
			"banrenma01_gj_0016_": {
				"attachment": [
					{ "time": 0, "name": null },
					{ "time": 1.0666, "name": "banrenma01_gj_0016_" },
					{ "time": 1.1333, "name": null }
				]
			},
			"banrenma01_gj_0017_": {
				"attachment": [
					{ "time": 0, "name": null },
					{ "time": 1.1333, "name": "banrenma01_gj_0017_" },
					{ "time": 1.2, "name": null }
				]
			},
			"banrenma01_gj_0018_": {
				"attachment": [
					{ "time": 0, "name": null },
					{ "time": 1.2, "name": "banrenma01_gj_0018_" },
					{ "time": 1.2666, "name": null }
				]
			},
			"banrenma01_gj_0019_": {
				"attachment": [
					{ "time": 0, "name": null },
					{ "time": 1.2666, "name": "banrenma01_gj_0019_" },
					{ "time": 1.3333, "name": null }
				]
			},
			"banrenma01_gj_0020_": {
				"attachment": [
					{ "time": 0, "name": null },
					{ "time": 1.3333, "name": "banrenma01_gj_0020_" },
					{ "time": 1.4, "name": null }
				]
			},
			"banrenma01_gj_0021_": {
				"attachment": [
					{ "time": 0, "name": null },
					{ "time": 1.4, "name": "banrenma01_gj_0021_" },
					{ "time": 1.4666, "name": null }
				]
			},
			"banrenma01_gj_0022_": {
				"attachment": [
					{ "time": 0, "name": null },
					{ "time": 1.4666, "name": "banrenma01_gj_0022_" },
					{ "time": 1.5333, "name": null }
				]
			},
			"banrenma01_gj_0023_": {
				"attachment": [
					{ "time": 0, "name": null },
					{ "time": 1.5333, "name": "banrenma01_gj_0023_" },
					{ "time": 1.6, "name": null }
				]
			},
			"banrenma01_gj_0024_": {
				"attachment": [
					{ "time": 0, "name": null },
					{ "time": 1.6, "name": "banrenma01_gj_0024_" },
					{ "time": 1.6666, "name": null }
				]
			},
			"banrenma01_gj_0025_": {
				"attachment": [
					{ "time": 0, "name": null },
					{ "time": 1.6666, "name": "banrenma01_gj_0025_" }
				]
			},
			"banrenma01_walk_0000_": {
				"attachment": [
					{ "time": 0, "name": null }
				]
			},
			"banrenma01_walk_0001_": {
				"attachment": [
					{ "time": 0, "name": null }
				]
			},
			"banrenma01_walk_0002_": {
				"attachment": [
					{ "time": 0, "name": null }
				]
			},
			"banrenma01_walk_0003_": {
				"attachment": [
					{ "time": 0, "name": null }
				]
			},
			"banrenma01_walk_0004_": {
				"attachment": [
					{ "time": 0, "name": null }
				]
			},
			"banrenma01_walk_0005_": {
				"attachment": [
					{ "time": 0, "name": null }
				]
			},
			"banrenma01_walk_0006_": {
				"attachment": [
					{ "time": 0, "name": null }
				]
			},
			"banrenma01_walk_0007_": {
				"attachment": [
					{ "time": 0, "name": null }
				]
			},
			"banrenma01_walk_0008_": {
				"attachment": [
					{ "time": 0, "name": null }
				]
			},
			"banrenma01_walk_0009_": {
				"attachment": [
					{ "time": 0, "name": null }
				]
			},
			"banrenma01_walk_0010_": {
				"attachment": [
					{ "time": 0, "name": null }
				]
			},
			"banrenma01_walk_0011_": {
				"attachment": [
					{ "time": 0, "name": null }
				]
			},
			"banrenma01_walk_0012_": {
				"attachment": [
					{ "time": 0, "name": null }
				]
			},
			"banrenma01_walk_0013_": {
				"attachment": [
					{ "time": 0, "name": null }
				]
			},
			"banrenma01_walk_0014_": {
				"attachment": [
					{ "time": 0, "name": null }
				]
			},
			"banrenma01_walk_0015_": {
				"attachment": [
					{ "time": 0, "name": null }
				]
			},
			"banrenma01_walk_0016_": {
				"attachment": [
					{ "time": 0, "name": null }
				]
			},
			"banrenma01_walk_0017_": {
				"attachment": [
					{ "time": 0, "name": null }
				]
			},
			"banrenma01_walk_0018_": {
				"attachment": [
					{ "time": 0, "name": null }
				]
			},
			"banrenma01_walk_0019_": {
				"attachment": [
					{ "time": 0, "name": null }
				]
			}
		}
	},
	"walk": {
		"slots": {
			"banrenma01_dj_0000_": {
				"attachment": [
					{ "time": 0, "name": null }
				]
			},
			"banrenma01_dj_0001_": {
				"attachment": [
					{ "time": 0, "name": null }
				]
			},
			"banrenma01_dj_0002_": {
				"attachment": [
					{ "time": 0, "name": null }
				]
			},
			"banrenma01_dj_0003_": {
				"attachment": [
					{ "time": 0, "name": null }
				]
			},
			"banrenma01_dj_0004_": {
				"attachment": [
					{ "time": 0, "name": null }
				]
			},
			"banrenma01_dj_0005_": {
				"attachment": [
					{ "time": 0, "name": null }
				]
			},
			"banrenma01_dj_0006_": {
				"attachment": [
					{ "time": 0, "name": null }
				]
			},
			"banrenma01_dj_0007_": {
				"attachment": [
					{ "time": 0, "name": null }
				]
			},
			"banrenma01_dj_0008_": {
				"attachment": [
					{ "time": 0, "name": null }
				]
			},
			"banrenma01_dj_0009_": {
				"attachment": [
					{ "time": 0, "name": null }
				]
			},
			"banrenma01_dj_0010_": {
				"attachment": [
					{ "time": 0, "name": null }
				]
			},
			"banrenma01_dj_0011_": {
				"attachment": [
					{ "time": 0, "name": null }
				]
			},
			"banrenma01_dj_0012_": {
				"attachment": [
					{ "time": 0, "name": null }
				]
			},
			"banrenma01_dj_0013_": {
				"attachment": [
					{ "time": 0, "name": null }
				]
			},
			"banrenma01_dj_0014_": {
				"attachment": [
					{ "time": 0, "name": null }
				]
			},
			"banrenma01_dj_0015_": {
				"attachment": [
					{ "time": 0, "name": null }
				]
			},
			"banrenma01_dj_0016_": {
				"attachment": [
					{ "time": 0, "name": null }
				]
			},
			"banrenma01_gj_0000_": {
				"attachment": [
					{ "time": 0, "name": null }
				]
			},
			"banrenma01_gj_0001_": {
				"attachment": [
					{ "time": 0, "name": null }
				]
			},
			"banrenma01_gj_0002_": {
				"attachment": [
					{ "time": 0, "name": null }
				]
			},
			"banrenma01_gj_0003_": {
				"attachment": [
					{ "time": 0, "name": null }
				]
			},
			"banrenma01_gj_0004_": {
				"attachment": [
					{ "time": 0, "name": null }
				]
			},
			"banrenma01_gj_0005_": {
				"attachment": [
					{ "time": 0, "name": null }
				]
			},
			"banrenma01_gj_0006_": {
				"attachment": [
					{ "time": 0, "name": null }
				]
			},
			"banrenma01_gj_0007_": {
				"attachment": [
					{ "time": 0, "name": null }
				]
			},
			"banrenma01_gj_0008_": {
				"attachment": [
					{ "time": 0, "name": null }
				]
			},
			"banrenma01_gj_0009_": {
				"attachment": [
					{ "time": 0, "name": null }
				]
			},
			"banrenma01_gj_0010_": {
				"attachment": [
					{ "time": 0, "name": null }
				]
			},
			"banrenma01_gj_0011_": {
				"attachment": [
					{ "time": 0, "name": null }
				]
			},
			"banrenma01_gj_0012_": {
				"attachment": [
					{ "time": 0, "name": null }
				]
			},
			"banrenma01_gj_0013_": {
				"attachment": [
					{ "time": 0, "name": null }
				]
			},
			"banrenma01_gj_0014_": {
				"attachment": [
					{ "time": 0, "name": null }
				]
			},
			"banrenma01_gj_0015_": {
				"attachment": [
					{ "time": 0, "name": null }
				]
			},
			"banrenma01_gj_0016_": {
				"attachment": [
					{ "time": 0, "name": null }
				]
			},
			"banrenma01_gj_0017_": {
				"attachment": [
					{ "time": 0, "name": null }
				]
			},
			"banrenma01_gj_0018_": {
				"attachment": [
					{ "time": 0, "name": null }
				]
			},
			"banrenma01_gj_0019_": {
				"attachment": [
					{ "time": 0, "name": null }
				]
			},
			"banrenma01_gj_0020_": {
				"attachment": [
					{ "time": 0, "name": null }
				]
			},
			"banrenma01_gj_0021_": {
				"attachment": [
					{ "time": 0, "name": null }
				]
			},
			"banrenma01_gj_0022_": {
				"attachment": [
					{ "time": 0, "name": null }
				]
			},
			"banrenma01_gj_0023_": {
				"attachment": [
					{ "time": 0, "name": null }
				]
			},
			"banrenma01_gj_0024_": {
				"attachment": [
					{ "time": 0, "name": null }
				]
			},
			"banrenma01_gj_0025_": {
				"attachment": [
					{ "time": 0, "name": null }
				]
			},
			"banrenma01_walk_0000_": {
				"attachment": [
					{ "time": 0, "name": "banrenma01_walk_0000_" },
					{ "time": 0.0666, "name": null }
				]
			},
			"banrenma01_walk_0001_": {
				"attachment": [
					{ "time": 0, "name": null },
					{ "time": 0.0666, "name": "banrenma01_walk_0001_" },
					{ "time": 0.1333, "name": null }
				]
			},
			"banrenma01_walk_0002_": {
				"attachment": [
					{ "time": 0, "name": null },
					{ "time": 0.1333, "name": "banrenma01_walk_0002_" },
					{ "time": 0.2, "name": null }
				]
			},
			"banrenma01_walk_0003_": {
				"attachment": [
					{ "time": 0, "name": null },
					{ "time": 0.2, "name": "banrenma01_walk_0003_" },
					{ "time": 0.2666, "name": null }
				]
			},
			"banrenma01_walk_0004_": {
				"attachment": [
					{ "time": 0, "name": null },
					{ "time": 0.2666, "name": "banrenma01_walk_0004_" },
					{ "time": 0.3333, "name": null }
				]
			},
			"banrenma01_walk_0005_": {
				"attachment": [
					{ "time": 0, "name": null },
					{ "time": 0.3333, "name": "banrenma01_walk_0005_" },
					{ "time": 0.4, "name": null }
				]
			},
			"banrenma01_walk_0006_": {
				"attachment": [
					{ "time": 0, "name": null },
					{ "time": 0.4, "name": "banrenma01_walk_0006_" },
					{ "time": 0.4666, "name": null }
				]
			},
			"banrenma01_walk_0007_": {
				"attachment": [
					{ "time": 0, "name": null },
					{ "time": 0.4666, "name": "banrenma01_walk_0007_" },
					{ "time": 0.5333, "name": null }
				]
			},
			"banrenma01_walk_0008_": {
				"attachment": [
					{ "time": 0, "name": null },
					{ "time": 0.5333, "name": "banrenma01_walk_0008_" },
					{ "time": 0.6, "name": null }
				]
			},
			"banrenma01_walk_0009_": {
				"attachment": [
					{ "time": 0, "name": null },
					{ "time": 0.6, "name": "banrenma01_walk_0009_" },
					{ "time": 0.6666, "name": null }
				]
			},
			"banrenma01_walk_0010_": {
				"attachment": [
					{ "time": 0, "name": null },
					{ "time": 0.6666, "name": "banrenma01_walk_0010_" },
					{ "time": 0.7333, "name": null }
				]
			},
			"banrenma01_walk_0011_": {
				"attachment": [
					{ "time": 0, "name": null },
					{ "time": 0.7333, "name": "banrenma01_walk_0011_" },
					{ "time": 0.8, "name": null }
				]
			},
			"banrenma01_walk_0012_": {
				"attachment": [
					{ "time": 0, "name": null },
					{ "time": 0.8, "name": "banrenma01_walk_0012_" },
					{ "time": 0.8666, "name": null }
				]
			},
			"banrenma01_walk_0013_": {
				"attachment": [
					{ "time": 0, "name": null },
					{ "time": 0.8666, "name": "banrenma01_walk_0013_" },
					{ "time": 0.9333, "name": null }
				]
			},
			"banrenma01_walk_0014_": {
				"attachment": [
					{ "time": 0, "name": null },
					{ "time": 0.9333, "name": "banrenma01_walk_0014_" },
					{ "time": 1, "name": null }
				]
			},
			"banrenma01_walk_0015_": {
				"attachment": [
					{ "time": 0, "name": null },
					{ "time": 1, "name": "banrenma01_walk_0015_" },
					{ "time": 1.0666, "name": null }
				]
			},
			"banrenma01_walk_0016_": {
				"attachment": [
					{ "time": 0, "name": null },
					{ "time": 1.0666, "name": "banrenma01_walk_0016_" },
					{ "time": 1.1333, "name": null }
				]
			},
			"banrenma01_walk_0017_": {
				"attachment": [
					{ "time": 0, "name": null },
					{ "time": 1.1333, "name": "banrenma01_walk_0017_" },
					{ "time": 1.2, "name": null }
				]
			},
			"banrenma01_walk_0018_": {
				"attachment": [
					{ "time": 0, "name": null },
					{ "time": 1.2, "name": "banrenma01_walk_0018_" },
					{ "time": 1.2666, "name": null }
				]
			},
			"banrenma01_walk_0019_": {
				"attachment": [
					{ "time": 0, "name": null },
					{ "time": 1.2666, "name": "banrenma01_walk_0019_" }
				]
			}
		},
		"bones": {
			"bone": {
				"translate": [
					{ "time": 0, "x": 0, "y": 0 }
				]
			}
		}
	}
}
}