{
"skeleton": { "hash": "wJIO2FmdA/tAyYGIuMZrhhsdeLY", "spine": "2.1.27", "width": 0, "height": 0 },
"bones": [
	{ "name": "root", "scaleX": 1.25, "scaleY": 1.25 }
],
"slots": [
	{ "name": "idle_016_09_", "bone": "root" },
	{ "name": "idle_016_08_", "bone": "root" },
	{ "name": "idle_016_07_", "bone": "root" },
	{ "name": "idle_016_06_", "bone": "root" },
	{ "name": "idle_016_05_", "bone": "root" },
	{ "name": "idle_016_04_", "bone": "root" },
	{ "name": "idle_016_03_", "bone": "root" },
	{ "name": "idle_016_02_", "bone": "root" },
	{ "name": "idle_016_01_", "bone": "root" },
	{ "name": "idle_015_09_", "bone": "root" },
	{ "name": "idle_015_08_", "bone": "root" },
	{ "name": "idle_015_07_", "bone": "root" },
	{ "name": "idle_015_06_", "bone": "root" },
	{ "name": "idle_015_05_", "bone": "root" },
	{ "name": "idle_015_04_", "bone": "root" },
	{ "name": "idle_015_03_", "bone": "root" },
	{ "name": "idle_015_02_", "bone": "root" },
	{ "name": "idle_015_01_", "bone": "root" },
	{ "name": "idle_014_09_", "bone": "root" },
	{ "name": "idle_014_08_", "bone": "root" },
	{ "name": "idle_014_07_", "bone": "root" },
	{ "name": "idle_014_06_", "bone": "root" },
	{ "name": "idle_014_05_", "bone": "root" },
	{ "name": "idle_014_04_", "bone": "root" },
	{ "name": "idle_014_03_", "bone": "root" },
	{ "name": "idle_014_02_", "bone": "root" },
	{ "name": "idle_014_01_", "bone": "root" },
	{ "name": "idle_013_09_", "bone": "root" },
	{ "name": "idle_013_08_", "bone": "root" },
	{ "name": "idle_013_07_", "bone": "root" },
	{ "name": "idle_013_06_", "bone": "root" },
	{ "name": "idle_013_05_", "bone": "root" },
	{ "name": "idle_013_04_", "bone": "root" },
	{ "name": "idle_013_03_", "bone": "root" },
	{ "name": "idle_013_02_", "bone": "root" },
	{ "name": "idle_013_01_", "bone": "root" },
	{ "name": "idle_012_10_", "bone": "root" },
	{ "name": "idle_012_09_", "bone": "root" },
	{ "name": "idle_012_08_", "bone": "root" },
	{ "name": "idle_012_07_", "bone": "root" },
	{ "name": "idle_012_06_", "bone": "root" },
	{ "name": "idle_012_05_", "bone": "root" },
	{ "name": "idle_012_04_", "bone": "root" },
	{ "name": "idle_012_03_", "bone": "root" },
	{ "name": "idle_012_02_", "bone": "root" },
	{ "name": "idle_012_01_", "bone": "root" },
	{ "name": "idle_011_10_", "bone": "root" },
	{ "name": "idle_011_09_", "bone": "root" },
	{ "name": "idle_011_08_", "bone": "root" },
	{ "name": "idle_011_07_", "bone": "root" },
	{ "name": "idle_011_06_", "bone": "root" },
	{ "name": "idle_011_05_", "bone": "root" },
	{ "name": "idle_011_04_", "bone": "root" },
	{ "name": "idle_011_03_", "bone": "root" },
	{ "name": "idle_011_02_", "bone": "root" },
	{ "name": "idle_011_01_", "bone": "root" },
	{ "name": "idle_010_06_", "bone": "root" },
	{ "name": "idle_010_05_", "bone": "root" },
	{ "name": "idle_010_04_", "bone": "root" },
	{ "name": "idle_010_03_", "bone": "root" },
	{ "name": "idle_010_02_", "bone": "root" },
	{ "name": "idle_010_01_", "bone": "root" },
	{ "name": "idle_009_03_", "bone": "root" },
	{ "name": "idle_009_02_", "bone": "root" },
	{ "name": "idle_009_01_", "bone": "root" },
	{ "name": "idle_008_03_", "bone": "root" },
	{ "name": "idle_008_02_", "bone": "root" },
	{ "name": "idle_008_01_", "bone": "root" },
	{ "name": "idle_007_03_", "bone": "root" },
	{ "name": "idle_007_02_", "bone": "root" },
	{ "name": "idle_007_01_", "bone": "root" },
	{ "name": "idle_006_03_", "bone": "root" },
	{ "name": "idle_006_02_", "bone": "root" },
	{ "name": "idle_006_01_", "bone": "root" },
	{ "name": "idle_005_03_", "bone": "root" },
	{ "name": "idle_005_02_", "bone": "root" },
	{ "name": "idle_005_01_", "bone": "root" },
	{ "name": "idle_004_03_", "bone": "root" },
	{ "name": "idle_004_02_", "bone": "root" },
	{ "name": "idle_004_01_", "bone": "root" },
	{ "name": "idle_003_03_", "bone": "root" },
	{ "name": "idle_003_02_", "bone": "root" },
	{ "name": "idle_003_01_", "bone": "root" },
	{ "name": "idle_002_03_", "bone": "root" },
	{ "name": "idle_002_02_", "bone": "root" },
	{ "name": "idle_002_01_", "bone": "root" },
	{ "name": "idle_001_03_", "bone": "root" },
	{ "name": "idle_001_02_", "bone": "root" },
	{ "name": "idle_001_01_", "bone": "root" },
	{ "name": "idle_000_03_", "bone": "root" },
	{ "name": "idle_000_02_", "bone": "root" },
	{ "name": "idle_000_01_", "bone": "root" }
],
"skins": {
	"default": {
		"idle_000_01_": {
			"idle_000_01_": { "x": -126.61, "y": 218.76, "width": 134, "height": 427 }
		},
		"idle_000_02_": {
			"idle_000_02_": { "x": 3.38, "y": 215.26, "width": 126, "height": 434 }
		},
		"idle_000_03_": {
			"idle_000_03_": { "x": 126.88, "y": 218.76, "width": 121, "height": 427 }
		},
		"idle_001_01_": {
			"idle_001_01_": { "x": -126.61, "y": 217.76, "width": 134, "height": 429 }
		},
		"idle_001_02_": {
			"idle_001_02_": { "x": 3.38, "y": 217.26, "width": 126, "height": 430 }
		},
		"idle_001_03_": {
			"idle_001_03_": { "x": 126.88, "y": 216.76, "width": 121, "height": 431 }
		},
		"idle_002_01_": {
			"idle_002_01_": { "x": -120.61, "y": 236.76, "width": 122, "height": 437 }
		},
		"idle_002_02_": {
			"idle_002_02_": { "x": 3.38, "y": 254.76, "width": 126, "height": 477 }
		},
		"idle_002_03_": {
			"idle_002_03_": { "x": 130.38, "y": 250.76, "width": 128, "height": 485 }
		},
		"idle_003_01_": {
			"idle_003_01_": { "x": -120.61, "y": 245.26, "width": 122, "height": 488 }
		},
		"idle_003_02_": {
			"idle_003_02_": { "x": 3.38, "y": 258.26, "width": 126, "height": 514 }
		},
		"idle_003_03_": {
			"idle_003_03_": { "x": 134.88, "y": 258.26, "width": 137, "height": 514 }
		},
		"idle_004_01_": {
			"idle_004_01_": { "x": -120.61, "y": 252.26, "width": 122, "height": 466 }
		},
		"idle_004_02_": {
			"idle_004_02_": { "x": 3.38, "y": 255.26, "width": 126, "height": 508 }
		},
		"idle_004_03_": {
			"idle_004_03_": { "x": 127.88, "y": 257.76, "width": 123, "height": 513 }
		},
		"idle_005_01_": {
			"idle_005_01_": { "x": -121.11, "y": 236.76, "width": 123, "height": 471 }
		},
		"idle_005_02_": {
			"idle_005_02_": { "x": 11.88, "y": 236.76, "width": 143, "height": 471 }
		},
		"idle_005_03_": {
			"idle_005_03_": { "x": 150.38, "y": 236.76, "width": 134, "height": 471 }
		},
		"idle_006_01_": {
			"idle_006_01_": { "x": -124.11, "y": 236.76, "width": 129, "height": 471 }
		},
		"idle_006_02_": {
			"idle_006_02_": { "x": 11.88, "y": 236.76, "width": 143, "height": 471 }
		},
		"idle_006_03_": {
			"idle_006_03_": { "x": 154.38, "y": 245.26, "width": 142, "height": 454 }
		},
		"idle_007_01_": {
			"idle_007_01_": { "x": -127.61, "y": 246.76, "width": 136, "height": 463 }
		},
		"idle_007_02_": {
			"idle_007_02_": { "x": 15.88, "y": 255.26, "width": 151, "height": 508 }
		},
		"idle_007_03_": {
			"idle_007_03_": { "x": 161.88, "y": 262.76, "width": 141, "height": 493 }
		},
		"idle_008_01_": {
			"idle_008_01_": { "x": -127.61, "y": 260.76, "width": 136, "height": 519 }
		},
		"idle_008_02_": {
			"idle_008_02_": { "x": 18.88, "y": 260.76, "width": 157, "height": 519 }
		},
		"idle_008_03_": {
			"idle_008_03_": { "x": 170.88, "y": 260.76, "width": 147, "height": 519 }
		},
		"idle_009_01_": {
			"idle_009_01_": { "x": -127.61, "y": 250.26, "width": 136, "height": 498 }
		},
		"idle_009_02_": {
			"idle_009_02_": { "x": 18.88, "y": 250.26, "width": 157, "height": 498 }
		},
		"idle_009_03_": {
			"idle_009_03_": { "x": 150.88, "y": 250.26, "width": 107, "height": 498 }
		},
		"idle_010_01_": {
			"idle_010_01_": { "x": -109.11, "y": 491.26, "width": 99, "height": 118 }
		},
		"idle_010_02_": {
			"idle_010_02_": { "x": 18.88, "y": 565.26, "width": 157, "height": 266 }
		},
		"idle_010_03_": {
			"idle_010_03_": { "x": 132.88, "y": 487.26, "width": 71, "height": 110 }
		},
		"idle_010_04_": {
			"idle_010_04_": { "x": -117.61, "y": 216.76, "width": 116, "height": 431 }
		},
		"idle_010_05_": {
			"idle_010_05_": { "x": 18.88, "y": 216.76, "width": 157, "height": 431 }
		},
		"idle_010_06_": {
			"idle_010_06_": { "x": 141.88, "y": 216.76, "width": 89, "height": 431 }
		},
		"idle_011_01_": {
			"idle_011_01_": { "x": -243.11, "y": 506.26, "width": 95, "height": 148 }
		},
		"idle_011_02_": {
			"idle_011_02_": { "x": -127.61, "y": 548.26, "width": 136, "height": 232 }
		},
		"idle_011_03_": {
			"idle_011_03_": { "x": 18.88, "y": 586.76, "width": 157, "height": 309 }
		},
		"idle_011_04_": {
			"idle_011_04_": { "x": 165.88, "y": 561.76, "width": 137, "height": 259 }
		},
		"idle_011_05_": {
			"idle_011_05_": { "x": 295.38, "y": 544.26, "width": 122, "height": 224 }
		},
		"idle_011_06_": {
			"idle_011_06_": { "x": -229.11, "y": 300.76, "width": 67, "height": 263 }
		},
		"idle_011_07_": {
			"idle_011_07_": { "x": -127.61, "y": 216.76, "width": 136, "height": 431 }
		},
		"idle_011_08_": {
			"idle_011_08_": { "x": 18.88, "y": 216.76, "width": 157, "height": 431 }
		},
		"idle_011_09_": {
			"idle_011_09_": { "x": 165.88, "y": 216.76, "width": 137, "height": 431 }
		},
		"idle_011_10_": {
			"idle_011_10_": { "x": 280.88, "y": 334.76, "width": 93, "height": 195 }
		},
		"idle_012_01_": {
			"idle_012_01_": { "x": -249.61, "y": 497.76, "width": 108, "height": 131 }
		},
		"idle_012_02_": {
			"idle_012_02_": { "x": -127.61, "y": 554.26, "width": 136, "height": 244 }
		},
		"idle_012_03_": {
			"idle_012_03_": { "x": 18.88, "y": 595.26, "width": 157, "height": 326 }
		},
		"idle_012_04_": {
			"idle_012_04_": { "x": 165.88, "y": 572.26, "width": 137, "height": 280 }
		},
		"idle_012_05_": {
			"idle_012_05_": { "x": 295.38, "y": 554.76, "width": 122, "height": 245 }
		},
		"idle_012_06_": {
			"idle_012_06_": { "x": -235.11, "y": 300.76, "width": 79, "height": 263 }
		},
		"idle_012_07_": {
			"idle_012_07_": { "x": -127.61, "y": 216.76, "width": 136, "height": 431 }
		},
		"idle_012_08_": {
			"idle_012_08_": { "x": 18.88, "y": 216.76, "width": 157, "height": 431 }
		},
		"idle_012_09_": {
			"idle_012_09_": { "x": 165.88, "y": 216.76, "width": 137, "height": 431 }
		},
		"idle_012_10_": {
			"idle_012_10_": { "x": 285.38, "y": 340.26, "width": 102, "height": 184 }
		},
		"idle_013_01_": {
			"idle_013_01_": { "x": -253.61, "y": 369.26, "width": 116, "height": 400 }
		},
		"idle_013_02_": {
			"idle_013_02_": { "x": -127.61, "y": 555.76, "width": 136, "height": 247 }
		},
		"idle_013_03_": {
			"idle_013_03_": { "x": 18.88, "y": 578.76, "width": 157, "height": 293 }
		},
		"idle_013_04_": {
			"idle_013_04_": { "x": 165.88, "y": 578.26, "width": 137, "height": 292 }
		},
		"idle_013_05_": {
			"idle_013_05_": { "x": 295.38, "y": 574.26, "width": 122, "height": 284 }
		},
		"idle_013_06_": {
			"idle_013_06_": { "x": -127.61, "y": 216.76, "width": 136, "height": 431 }
		},
		"idle_013_07_": {
			"idle_013_07_": { "x": 18.88, "y": 216.76, "width": 157, "height": 431 }
		},
		"idle_013_08_": {
			"idle_013_08_": { "x": 165.88, "y": 216.76, "width": 137, "height": 431 }
		},
		"idle_013_09_": {
			"idle_013_09_": { "x": 295.38, "y": 345.26, "width": 122, "height": 174 }
		},
		"idle_014_01_": {
			"idle_014_01_": { "x": -256.61, "y": 367.26, "width": 122, "height": 356 }
		},
		"idle_014_02_": {
			"idle_014_02_": { "x": -127.61, "y": 554.26, "width": 136, "height": 244 }
		},
		"idle_014_03_": {
			"idle_014_03_": { "x": 18.88, "y": 598.26, "width": 157, "height": 332 }
		},
		"idle_014_04_": {
			"idle_014_04_": { "x": 165.88, "y": 598.26, "width": 137, "height": 332 }
		},
		"idle_014_05_": {
			"idle_014_05_": { "x": 295.38, "y": 590.76, "width": 122, "height": 317 }
		},
		"idle_014_06_": {
			"idle_014_06_": { "x": -127.61, "y": 216.76, "width": 136, "height": 431 }
		},
		"idle_014_07_": {
			"idle_014_07_": { "x": 18.88, "y": 216.76, "width": 157, "height": 431 }
		},
		"idle_014_08_": {
			"idle_014_08_": { "x": 165.88, "y": 216.76, "width": 137, "height": 431 }
		},
		"idle_014_09_": {
			"idle_014_09_": { "x": 280.88, "y": 335.76, "width": 93, "height": 193 }
		},
		"idle_015_01_": {
			"idle_015_01_": { "x": -256.61, "y": 361.26, "width": 122, "height": 404 }
		},
		"idle_015_02_": {
			"idle_015_02_": { "x": -127.61, "y": 557.26, "width": 136, "height": 250 }
		},
		"idle_015_03_": {
			"idle_015_03_": { "x": 18.88, "y": 612.76, "width": 157, "height": 361 }
		},
		"idle_015_04_": {
			"idle_015_04_": { "x": 165.88, "y": 612.76, "width": 137, "height": 361 }
		},
		"idle_015_05_": {
			"idle_015_05_": { "x": 295.38, "y": 605.26, "width": 122, "height": 346 }
		},
		"idle_015_06_": {
			"idle_015_06_": { "x": -127.61, "y": 216.76, "width": 136, "height": 431 }
		},
		"idle_015_07_": {
			"idle_015_07_": { "x": 18.88, "y": 216.76, "width": 157, "height": 431 }
		},
		"idle_015_08_": {
			"idle_015_08_": { "x": 165.88, "y": 216.76, "width": 137, "height": 431 }
		},
		"idle_015_09_": {
			"idle_015_09_": { "x": 283.38, "y": 334.26, "width": 98, "height": 196 }
		},
		"idle_016_01_": {
			"idle_016_01_": { "x": -250.11, "y": 348.26, "width": 109, "height": 460 }
		},
		"idle_016_02_": {
			"idle_016_02_": { "x": -127.61, "y": 569.76, "width": 136, "height": 275 }
		},
		"idle_016_03_": {
			"idle_016_03_": { "x": 18.88, "y": 630.26, "width": 157, "height": 396 }
		},
		"idle_016_04_": {
			"idle_016_04_": { "x": 165.88, "y": 630.26, "width": 137, "height": 396 }
		},
		"idle_016_05_": {
			"idle_016_05_": { "x": 295.38, "y": 616.26, "width": 122, "height": 368 }
		},
		"idle_016_06_": {
			"idle_016_06_": { "x": -127.61, "y": 216.76, "width": 136, "height": 431 }
		},
		"idle_016_07_": {
			"idle_016_07_": { "x": 18.88, "y": 216.76, "width": 157, "height": 431 }
		},
		"idle_016_08_": {
			"idle_016_08_": { "x": 165.88, "y": 216.76, "width": 137, "height": 431 }
		},
		"idle_016_09_": {
			"idle_016_09_": { "x": 281.88, "y": 325.26, "width": 95, "height": 214 }
		}
	}
},
"animations": {
	"dj": {
		"slots": {
			"idle_000_01_": {
				"attachment": [
					{ "time": 0, "name": "idle_000_01_" },
					{ "time": 0.1333, "name": null },
					{ "time": 4.9666, "name": null }
				]
			},
			"idle_000_02_": {
				"attachment": [
					{ "time": 0, "name": "idle_000_02_" },
					{ "time": 0.1333, "name": null },
					{ "time": 4.9666, "name": null }
				]
			},
			"idle_000_03_": {
				"attachment": [
					{ "time": 0, "name": "idle_000_03_" },
					{ "time": 0.1333, "name": null },
					{ "time": 4.9666, "name": null }
				]
			},
			"idle_001_01_": {
				"attachment": [
					{ "time": 0, "name": null },
					{ "time": 0.1333, "name": "idle_001_01_" },
					{ "time": 0.2666, "name": null },
					{ "time": 4.9666, "name": null }
				]
			},
			"idle_001_02_": {
				"attachment": [
					{ "time": 0, "name": null },
					{ "time": 0.1333, "name": "idle_001_02_" },
					{ "time": 0.2666, "name": null },
					{ "time": 4.9666, "name": null }
				]
			},
			"idle_001_03_": {
				"attachment": [
					{ "time": 0, "name": null },
					{ "time": 0.1333, "name": "idle_001_03_" },
					{ "time": 0.2666, "name": null },
					{ "time": 4.9666, "name": null }
				]
			},
			"idle_002_01_": {
				"attachment": [
					{ "time": 0, "name": null },
					{ "time": 0.2666, "name": "idle_002_01_" },
					{ "time": 0.4, "name": null },
					{ "time": 4.9666, "name": null }
				]
			},
			"idle_002_02_": {
				"attachment": [
					{ "time": 0, "name": null },
					{ "time": 0.2666, "name": "idle_002_02_" },
					{ "time": 0.4, "name": null },
					{ "time": 4.9666, "name": null }
				]
			},
			"idle_002_03_": {
				"attachment": [
					{ "time": 0, "name": null },
					{ "time": 0.2666, "name": "idle_002_03_" },
					{ "time": 0.4, "name": null },
					{ "time": 4.9666, "name": null }
				]
			},
			"idle_003_01_": {
				"attachment": [
					{ "time": 0, "name": null },
					{ "time": 0.4, "name": "idle_003_01_" },
					{ "time": 0.5333, "name": null },
					{ "time": 4.9666, "name": null }
				]
			},
			"idle_003_02_": {
				"attachment": [
					{ "time": 0, "name": null },
					{ "time": 0.4, "name": "idle_003_02_" },
					{ "time": 0.5333, "name": null },
					{ "time": 4.9666, "name": null }
				]
			},
			"idle_003_03_": {
				"attachment": [
					{ "time": 0, "name": null },
					{ "time": 0.4, "name": "idle_003_03_" },
					{ "time": 0.5333, "name": null },
					{ "time": 4.9666, "name": null }
				]
			},
			"idle_004_01_": {
				"attachment": [
					{ "time": 0, "name": null },
					{ "time": 0.5333, "name": "idle_004_01_" },
					{ "time": 0.6666, "name": null },
					{ "time": 4.9666, "name": null }
				]
			},
			"idle_004_02_": {
				"attachment": [
					{ "time": 0, "name": null },
					{ "time": 0.5333, "name": "idle_004_02_" },
					{ "time": 0.6666, "name": null },
					{ "time": 4.9666, "name": null }
				]
			},
			"idle_004_03_": {
				"attachment": [
					{ "time": 0, "name": null },
					{ "time": 0.5333, "name": "idle_004_03_" },
					{ "time": 0.6666, "name": null },
					{ "time": 4.9666, "name": null }
				]
			},
			"idle_005_01_": {
				"attachment": [
					{ "time": 0, "name": null },
					{ "time": 0.6666, "name": "idle_005_01_" },
					{ "time": 0.8, "name": null },
					{ "time": 4.9666, "name": null }
				]
			},
			"idle_005_02_": {
				"attachment": [
					{ "time": 0, "name": null },
					{ "time": 0.6666, "name": "idle_005_02_" },
					{ "time": 0.8, "name": null },
					{ "time": 4.9666, "name": null }
				]
			},
			"idle_005_03_": {
				"attachment": [
					{ "time": 0, "name": null },
					{ "time": 0.6666, "name": "idle_005_03_" },
					{ "time": 0.8, "name": null },
					{ "time": 4.9666, "name": null }
				]
			},
			"idle_006_01_": {
				"attachment": [
					{ "time": 0, "name": null },
					{ "time": 0.8, "name": "idle_006_01_" },
					{ "time": 0.9333, "name": null },
					{ "time": 4.9666, "name": null }
				]
			},
			"idle_006_02_": {
				"attachment": [
					{ "time": 0, "name": null },
					{ "time": 0.8, "name": "idle_006_02_" },
					{ "time": 0.9333, "name": null },
					{ "time": 4.9666, "name": null }
				]
			},
			"idle_006_03_": {
				"attachment": [
					{ "time": 0, "name": null },
					{ "time": 0.8, "name": "idle_006_03_" },
					{ "time": 0.9333, "name": null },
					{ "time": 4.9666, "name": null }
				]
			},
			"idle_007_01_": {
				"attachment": [
					{ "time": 0, "name": null },
					{ "time": 0.9333, "name": "idle_007_01_" },
					{ "time": 1.0666, "name": null },
					{ "time": 4.9666, "name": null }
				]
			},
			"idle_007_02_": {
				"attachment": [
					{ "time": 0, "name": null },
					{ "time": 0.9333, "name": "idle_007_02_" },
					{ "time": 1.0666, "name": null },
					{ "time": 4.9666, "name": null }
				]
			},
			"idle_007_03_": {
				"attachment": [
					{ "time": 0, "name": null },
					{ "time": 0.9333, "name": "idle_007_03_" },
					{ "time": 1.0666, "name": null },
					{ "time": 4.9666, "name": null }
				]
			},
			"idle_008_01_": {
				"attachment": [
					{ "time": 0, "name": null },
					{ "time": 1.0666, "name": "idle_008_01_" },
					{ "time": 1.2, "name": null },
					{ "time": 4.9666, "name": null }
				]
			},
			"idle_008_02_": {
				"attachment": [
					{ "time": 0, "name": null },
					{ "time": 1.0666, "name": "idle_008_02_" },
					{ "time": 1.2, "name": null },
					{ "time": 4.9666, "name": null }
				]
			},
			"idle_008_03_": {
				"attachment": [
					{ "time": 0, "name": null },
					{ "time": 1.0666, "name": "idle_008_03_" },
					{ "time": 1.2, "name": null },
					{ "time": 4.9666, "name": null }
				]
			},
			"idle_009_01_": {
				"attachment": [
					{ "time": 0, "name": null },
					{ "time": 1.2, "name": "idle_009_01_" },
					{ "time": 1.3333, "name": null },
					{ "time": 4.9666, "name": null }
				]
			},
			"idle_009_02_": {
				"attachment": [
					{ "time": 0, "name": null },
					{ "time": 1.2, "name": "idle_009_02_" },
					{ "time": 1.3333, "name": null },
					{ "time": 4.9666, "name": null }
				]
			},
			"idle_009_03_": {
				"attachment": [
					{ "time": 0, "name": null },
					{ "time": 1.2, "name": "idle_009_03_" },
					{ "time": 1.3333, "name": null },
					{ "time": 4.9666, "name": null }
				]
			},
			"idle_010_01_": {
				"attachment": [
					{ "time": 0, "name": null },
					{ "time": 1.3333, "name": "idle_010_01_" },
					{ "time": 1.4666, "name": null },
					{ "time": 4.9666, "name": null }
				]
			},
			"idle_010_02_": {
				"attachment": [
					{ "time": 0, "name": null },
					{ "time": 1.3333, "name": "idle_010_02_" },
					{ "time": 1.4666, "name": null },
					{ "time": 4.9666, "name": null }
				]
			},
			"idle_010_03_": {
				"attachment": [
					{ "time": 0, "name": null },
					{ "time": 1.3333, "name": "idle_010_03_" },
					{ "time": 1.4666, "name": null },
					{ "time": 4.9666, "name": null }
				]
			},
			"idle_010_04_": {
				"attachment": [
					{ "time": 0, "name": null },
					{ "time": 1.3333, "name": "idle_010_04_" },
					{ "time": 1.4666, "name": null },
					{ "time": 4.9666, "name": null }
				]
			},
			"idle_010_05_": {
				"attachment": [
					{ "time": 0, "name": null },
					{ "time": 1.3333, "name": "idle_010_05_" },
					{ "time": 1.4666, "name": null },
					{ "time": 4.9666, "name": null }
				]
			},
			"idle_010_06_": {
				"attachment": [
					{ "time": 0, "name": null },
					{ "time": 1.3333, "name": "idle_010_06_" },
					{ "time": 1.4666, "name": null },
					{ "time": 4.9666, "name": null }
				]
			},
			"idle_011_01_": {
				"attachment": [
					{ "time": 0, "name": null },
					{ "time": 1.4666, "name": "idle_011_01_" },
					{ "time": 1.6, "name": null },
					{ "time": 4.9666, "name": null }
				]
			},
			"idle_011_02_": {
				"attachment": [
					{ "time": 0, "name": null },
					{ "time": 1.4666, "name": "idle_011_02_" },
					{ "time": 1.6, "name": null },
					{ "time": 4.9666, "name": null }
				]
			},
			"idle_011_03_": {
				"attachment": [
					{ "time": 0, "name": null },
					{ "time": 1.4666, "name": "idle_011_03_" },
					{ "time": 1.6, "name": null },
					{ "time": 4.9666, "name": null }
				]
			},
			"idle_011_04_": {
				"attachment": [
					{ "time": 0, "name": null },
					{ "time": 1.4666, "name": "idle_011_04_" },
					{ "time": 1.6, "name": null },
					{ "time": 4.9666, "name": null }
				]
			},
			"idle_011_05_": {
				"attachment": [
					{ "time": 0, "name": null },
					{ "time": 1.4666, "name": "idle_011_05_" },
					{ "time": 1.6, "name": null },
					{ "time": 4.9666, "name": null }
				]
			},
			"idle_011_06_": {
				"attachment": [
					{ "time": 0, "name": null },
					{ "time": 1.4666, "name": "idle_011_06_" },
					{ "time": 1.6, "name": null },
					{ "time": 4.9666, "name": null }
				]
			},
			"idle_011_07_": {
				"attachment": [
					{ "time": 0, "name": null },
					{ "time": 1.4666, "name": "idle_011_07_" },
					{ "time": 1.6, "name": null },
					{ "time": 4.9666, "name": null }
				]
			},
			"idle_011_08_": {
				"attachment": [
					{ "time": 0, "name": null },
					{ "time": 1.4666, "name": "idle_011_08_" },
					{ "time": 1.6, "name": null },
					{ "time": 4.9666, "name": null }
				]
			},
			"idle_011_09_": {
				"attachment": [
					{ "time": 0, "name": null },
					{ "time": 1.4666, "name": "idle_011_09_" },
					{ "time": 1.6, "name": null },
					{ "time": 4.9666, "name": null }
				]
			},
			"idle_011_10_": {
				"attachment": [
					{ "time": 0, "name": null },
					{ "time": 1.4666, "name": "idle_011_10_" },
					{ "time": 1.6, "name": null },
					{ "time": 4.9666, "name": null }
				]
			},
			"idle_012_01_": {
				"attachment": [
					{ "time": 0, "name": null },
					{ "time": 1.6, "name": "idle_012_01_" },
					{ "time": 1.7333, "name": null },
					{ "time": 4.9666, "name": null }
				]
			},
			"idle_012_02_": {
				"attachment": [
					{ "time": 0, "name": null },
					{ "time": 1.6, "name": "idle_012_02_" },
					{ "time": 1.7333, "name": null },
					{ "time": 4.9666, "name": null }
				]
			},
			"idle_012_03_": {
				"attachment": [
					{ "time": 0, "name": null },
					{ "time": 1.6, "name": "idle_012_03_" },
					{ "time": 1.7333, "name": null },
					{ "time": 4.9666, "name": null }
				]
			},
			"idle_012_04_": {
				"attachment": [
					{ "time": 0, "name": null },
					{ "time": 1.6, "name": "idle_012_04_" },
					{ "time": 1.7333, "name": null },
					{ "time": 4.9666, "name": null }
				]
			},
			"idle_012_05_": {
				"attachment": [
					{ "time": 0, "name": null },
					{ "time": 1.6, "name": "idle_012_05_" },
					{ "time": 1.7333, "name": null },
					{ "time": 4.9666, "name": null }
				]
			},
			"idle_012_06_": {
				"attachment": [
					{ "time": 0, "name": null },
					{ "time": 1.6, "name": "idle_012_06_" },
					{ "time": 1.7333, "name": null },
					{ "time": 4.9666, "name": null }
				]
			},
			"idle_012_07_": {
				"attachment": [
					{ "time": 0, "name": null },
					{ "time": 1.6, "name": "idle_012_07_" },
					{ "time": 1.7333, "name": null },
					{ "time": 4.9666, "name": null }
				]
			},
			"idle_012_08_": {
				"attachment": [
					{ "time": 0, "name": null },
					{ "time": 1.6, "name": "idle_012_08_" },
					{ "time": 1.7333, "name": null },
					{ "time": 4.9666, "name": null }
				]
			},
			"idle_012_09_": {
				"attachment": [
					{ "time": 0, "name": null },
					{ "time": 1.6, "name": "idle_012_09_" },
					{ "time": 1.7333, "name": null },
					{ "time": 4.9666, "name": null }
				]
			},
			"idle_012_10_": {
				"attachment": [
					{ "time": 0, "name": null },
					{ "time": 1.6, "name": "idle_012_10_" },
					{ "time": 1.7333, "name": null },
					{ "time": 4.9666, "name": null }
				]
			},
			"idle_013_01_": {
				"attachment": [
					{ "time": 0, "name": null },
					{ "time": 1.7333, "name": "idle_013_01_" },
					{ "time": 1.8666, "name": null },
					{ "time": 4.9666, "name": null }
				]
			},
			"idle_013_02_": {
				"attachment": [
					{ "time": 0, "name": null },
					{ "time": 1.7333, "name": "idle_013_02_" },
					{ "time": 1.8666, "name": null },
					{ "time": 4.9666, "name": null }
				]
			},
			"idle_013_03_": {
				"attachment": [
					{ "time": 0, "name": null },
					{ "time": 1.7333, "name": "idle_013_03_" },
					{ "time": 1.8666, "name": null },
					{ "time": 4.9666, "name": null }
				]
			},
			"idle_013_04_": {
				"attachment": [
					{ "time": 0, "name": null },
					{ "time": 1.7333, "name": "idle_013_04_" },
					{ "time": 1.8666, "name": null },
					{ "time": 4.9666, "name": null }
				]
			},
			"idle_013_05_": {
				"attachment": [
					{ "time": 0, "name": null },
					{ "time": 1.7333, "name": "idle_013_05_" },
					{ "time": 1.8666, "name": null },
					{ "time": 4.9666, "name": null }
				]
			},
			"idle_013_06_": {
				"attachment": [
					{ "time": 0, "name": null },
					{ "time": 1.7333, "name": "idle_013_06_" },
					{ "time": 1.8666, "name": null },
					{ "time": 4.9666, "name": null }
				]
			},
			"idle_013_07_": {
				"attachment": [
					{ "time": 0, "name": null },
					{ "time": 1.7333, "name": "idle_013_07_" },
					{ "time": 1.8666, "name": null },
					{ "time": 4.9666, "name": null }
				]
			},
			"idle_013_08_": {
				"attachment": [
					{ "time": 0, "name": null },
					{ "time": 1.7333, "name": "idle_013_08_" },
					{ "time": 1.8666, "name": null },
					{ "time": 4.9666, "name": null }
				]
			},
			"idle_013_09_": {
				"attachment": [
					{ "time": 0, "name": null },
					{ "time": 1.7333, "name": "idle_013_09_" },
					{ "time": 1.8666, "name": null },
					{ "time": 4.9666, "name": null }
				]
			},
			"idle_014_01_": {
				"attachment": [
					{ "time": 0, "name": null },
					{ "time": 1.8666, "name": "idle_014_01_" },
					{ "time": 2, "name": null },
					{ "time": 4.9666, "name": null }
				]
			},
			"idle_014_02_": {
				"attachment": [
					{ "time": 0, "name": null },
					{ "time": 1.8666, "name": "idle_014_02_" },
					{ "time": 2, "name": null },
					{ "time": 4.9666, "name": null }
				]
			},
			"idle_014_03_": {
				"attachment": [
					{ "time": 0, "name": null },
					{ "time": 1.8666, "name": "idle_014_03_" },
					{ "time": 2, "name": null },
					{ "time": 4.9666, "name": null }
				]
			},
			"idle_014_04_": {
				"attachment": [
					{ "time": 0, "name": null },
					{ "time": 1.8666, "name": "idle_014_04_" },
					{ "time": 2, "name": null },
					{ "time": 4.9666, "name": null }
				]
			},
			"idle_014_05_": {
				"attachment": [
					{ "time": 0, "name": null },
					{ "time": 1.8666, "name": "idle_014_05_" },
					{ "time": 2, "name": null },
					{ "time": 4.9666, "name": null }
				]
			},
			"idle_014_06_": {
				"attachment": [
					{ "time": 0, "name": null },
					{ "time": 1.8666, "name": "idle_014_06_" },
					{ "time": 2, "name": null },
					{ "time": 4.9666, "name": null }
				]
			},
			"idle_014_07_": {
				"attachment": [
					{ "time": 0, "name": null },
					{ "time": 1.8666, "name": "idle_014_07_" },
					{ "time": 2, "name": null },
					{ "time": 4.9666, "name": null }
				]
			},
			"idle_014_08_": {
				"attachment": [
					{ "time": 0, "name": null },
					{ "time": 1.8666, "name": "idle_014_08_" },
					{ "time": 2, "name": null },
					{ "time": 4.9666, "name": null }
				]
			},
			"idle_014_09_": {
				"attachment": [
					{ "time": 0, "name": null },
					{ "time": 1.8666, "name": "idle_014_09_" },
					{ "time": 2, "name": null },
					{ "time": 4.9666, "name": null }
				]
			},
			"idle_015_01_": {
				"attachment": [
					{ "time": 0, "name": null },
					{ "time": 2, "name": "idle_015_01_" },
					{ "time": 2.1333, "name": null },
					{ "time": 4.9666, "name": null }
				]
			},
			"idle_015_02_": {
				"attachment": [
					{ "time": 0, "name": null },
					{ "time": 2, "name": "idle_015_02_" },
					{ "time": 2.1333, "name": null },
					{ "time": 4.9666, "name": null }
				]
			},
			"idle_015_03_": {
				"attachment": [
					{ "time": 0, "name": null },
					{ "time": 2, "name": "idle_015_03_" },
					{ "time": 2.1333, "name": null },
					{ "time": 4.9666, "name": null }
				]
			},
			"idle_015_04_": {
				"attachment": [
					{ "time": 0, "name": null },
					{ "time": 2, "name": "idle_015_04_" },
					{ "time": 2.1333, "name": null },
					{ "time": 4.9666, "name": null }
				]
			},
			"idle_015_05_": {
				"attachment": [
					{ "time": 0, "name": null },
					{ "time": 2, "name": "idle_015_05_" },
					{ "time": 2.1333, "name": null },
					{ "time": 4.9666, "name": null }
				]
			},
			"idle_015_06_": {
				"attachment": [
					{ "time": 0, "name": null },
					{ "time": 2, "name": "idle_015_06_" },
					{ "time": 2.1333, "name": null },
					{ "time": 4.9666, "name": null }
				]
			},
			"idle_015_07_": {
				"attachment": [
					{ "time": 0, "name": null },
					{ "time": 2, "name": "idle_015_07_" },
					{ "time": 2.1333, "name": null },
					{ "time": 4.9666, "name": null }
				]
			},
			"idle_015_08_": {
				"attachment": [
					{ "time": 0, "name": null },
					{ "time": 2, "name": "idle_015_08_" },
					{ "time": 2.1333, "name": null },
					{ "time": 4.9666, "name": null }
				]
			},
			"idle_015_09_": {
				"attachment": [
					{ "time": 0, "name": null },
					{ "time": 2, "name": "idle_015_09_" },
					{ "time": 2.1333, "name": null },
					{ "time": 4.9666, "name": null }
				]
			},
			"idle_016_01_": {
				"attachment": [
					{ "time": 0, "name": null },
					{ "time": 2.1333, "name": "idle_016_01_" },
					{ "time": 2.2333, "name": "idle_016_01_" },
					{ "time": 2.2666, "name": null },
					{ "time": 4.9666, "name": null }
				]
			},
			"idle_016_02_": {
				"attachment": [
					{ "time": 0, "name": null },
					{ "time": 2.1333, "name": "idle_016_02_" },
					{ "time": 2.2333, "name": "idle_016_02_" },
					{ "time": 2.2666, "name": null },
					{ "time": 4.9666, "name": null }
				]
			},
			"idle_016_03_": {
				"attachment": [
					{ "time": 0, "name": null },
					{ "time": 2.1333, "name": "idle_016_03_" },
					{ "time": 2.2333, "name": "idle_016_03_" },
					{ "time": 2.2666, "name": null },
					{ "time": 4.9666, "name": null }
				]
			},
			"idle_016_04_": {
				"attachment": [
					{ "time": 0, "name": null },
					{ "time": 2.1333, "name": "idle_016_04_" },
					{ "time": 2.2333, "name": "idle_016_04_" },
					{ "time": 2.2666, "name": null },
					{ "time": 4.9666, "name": null }
				]
			},
			"idle_016_05_": {
				"attachment": [
					{ "time": 0, "name": null },
					{ "time": 2.1333, "name": "idle_016_05_" },
					{ "time": 2.2333, "name": "idle_016_05_" },
					{ "time": 2.2666, "name": null },
					{ "time": 4.9666, "name": null }
				]
			},
			"idle_016_06_": {
				"attachment": [
					{ "time": 0, "name": null },
					{ "time": 2.1333, "name": "idle_016_06_" },
					{ "time": 2.2333, "name": "idle_016_06_" },
					{ "time": 2.2666, "name": null },
					{ "time": 4.9666, "name": null }
				]
			},
			"idle_016_07_": {
				"attachment": [
					{ "time": 0, "name": null },
					{ "time": 2.1333, "name": "idle_016_07_" },
					{ "time": 2.2333, "name": "idle_016_07_" },
					{ "time": 2.2666, "name": null },
					{ "time": 4.9666, "name": null }
				]
			},
			"idle_016_08_": {
				"attachment": [
					{ "time": 0, "name": null },
					{ "time": 2.1333, "name": "idle_016_08_" },
					{ "time": 2.2333, "name": "idle_016_08_" },
					{ "time": 2.2666, "name": null },
					{ "time": 4.9666, "name": null }
				]
			},
			"idle_016_09_": {
				"attachment": [
					{ "time": 0, "name": null },
					{ "time": 2.1333, "name": "idle_016_09_" },
					{ "time": 2.2333, "name": "idle_016_09_" },
					{ "time": 2.2666, "name": null },
					{ "time": 4.9666, "name": null }
				]
			}
		}
	}
}
}