{"bones":[{"name":"root"}],"slots":[
{"name":"Yeren02_gj_0_21_","bone":"root","attachment":"Yeren02_gj_0_21_"},
{"name":"Yeren02_gj_0_20_","bone":"root","attachment":"Yeren02_gj_0_20_"},
{"name":"Yeren02_gj_0_19_","bone":"root","attachment":"Yeren02_gj_0_19_"},
{"name":"Yeren02_gj_0_18_","bone":"root","attachment":"Yeren02_gj_0_18_"},
{"name":"Yeren02_gj_0_17_","bone":"root","attachment":"Yeren02_gj_0_17_"},
{"name":"Yeren02_gj_0_16_","bone":"root","attachment":"Yeren02_gj_0_16_"},
{"name":"Yeren02_gj_0_15_","bone":"root","attachment":"Yeren02_gj_0_15_"},
{"name":"Yeren02_gj_0_14_","bone":"root","attachment":"Yeren02_gj_0_14_"},
{"name":"Yeren02_gj_0_13_","bone":"root","attachment":"Yeren02_gj_0_13_"},
{"name":"Yeren02_gj_0_12_","bone":"root","attachment":"Yeren02_gj_0_12_"},
{"name":"Yeren02_gj_0_11_","bone":"root","attachment":"Yeren02_gj_0_11_"},
{"name":"Yeren02_gj_0_10_","bone":"root","attachment":"Yeren02_gj_0_10_"},
{"name":"Yeren02_gj_0_09_","bone":"root","attachment":"Yeren02_gj_0_09_"},
{"name":"Yeren02_gj_0_08_","bone":"root","attachment":"Yeren02_gj_0_08_"},
{"name":"Yeren02_gj_0_07_","bone":"root","attachment":"Yeren02_gj_0_07_"},
{"name":"Yeren02_gj_0_06_","bone":"root","attachment":"Yeren02_gj_0_06_"},
{"name":"Yeren02_gj_0_05_","bone":"root","attachment":"Yeren02_gj_0_05_"},
{"name":"Yeren02_gj_0_04_","bone":"root","attachment":"Yeren02_gj_0_04_"},
{"name":"Yeren02_gj_0_03_","bone":"root","attachment":"Yeren02_gj_0_03_"},
{"name":"Yeren02_gj_0_02_","bone":"root","attachment":"Yeren02_gj_0_02_"},
{"name":"Yeren02_gj_0_01_","bone":"root","attachment":"Yeren02_gj_0_01_"},
{"name":"Yeren02_gj_0_00_","bone":"root","attachment":"Yeren02_gj_0_00_"},
{"name":"Yeren02_dj_0_07_","bone":"root","attachment":"Yeren02_dj_0_07_"},
{"name":"Yeren02_dj_0_06_","bone":"root","attachment":"Yeren02_dj_0_06_"},
{"name":"Yeren02_dj_0_05_","bone":"root","attachment":"Yeren02_dj_0_05_"},
{"name":"Yeren02_dj_0_04_","bone":"root","attachment":"Yeren02_dj_0_04_"},
{"name":"Yeren02_dj_0_03_","bone":"root","attachment":"Yeren02_dj_0_03_"},
{"name":"Yeren02_dj_0_02_","bone":"root","attachment":"Yeren02_dj_0_02_"},
{"name":"Yeren02_dj_0_01_","bone":"root","attachment":"Yeren02_dj_0_01_"},
{"name":"Yeren02_dj_0_00_","bone":"root","attachment":"Yeren02_dj_0_00_"},
{"name":"Yeren02_xz_0_11_","bone":"root","attachment":"Yeren02_xz_0_11_"},
{"name":"Yeren02_xz_0_10_","bone":"root","attachment":"Yeren02_xz_0_10_"},
{"name":"Yeren02_xz_0_09_","bone":"root","attachment":"Yeren02_xz_0_09_"},
{"name":"Yeren02_xz_0_08_","bone":"root","attachment":"Yeren02_xz_0_08_"},
{"name":"Yeren02_xz_0_07_","bone":"root","attachment":"Yeren02_xz_0_07_"},
{"name":"Yeren02_xz_0_06_","bone":"root","attachment":"Yeren02_xz_0_06_"},
{"name":"Yeren02_xz_0_05_","bone":"root","attachment":"Yeren02_xz_0_05_"},
{"name":"Yeren02_xz_0_04_","bone":"root","attachment":"Yeren02_xz_0_04_"},
{"name":"Yeren02_xz_0_03_","bone":"root","attachment":"Yeren02_xz_0_03_"},
{"name":"Yeren02_xz_0_02_","bone":"root","attachment":"Yeren02_xz_0_02_"},
{"name":"Yeren02_xz_0_01_","bone":"root","attachment":"Yeren02_xz_0_01_"},
{"name":"Yeren02_xz_0_00_","bone":"root","attachment":"Yeren02_xz_0_00_"},
],"skins":{"default":{
"Yeren02_gj_0_21_":{"Yeren02_gj_0_21_":{"x":150,"y":135.5,"width":88,"height":107}},
"Yeren02_gj_0_20_":{"Yeren02_gj_0_20_":{"x":151,"y":131,"width":84,"height":102}},
"Yeren02_gj_0_19_":{"Yeren02_gj_0_19_":{"x":152.5,"y":123.5,"width":87,"height":105}},
"Yeren02_gj_0_18_":{"Yeren02_gj_0_18_":{"x":165.5,"y":122.5,"width":113,"height":103}},
"Yeren02_gj_0_17_":{"Yeren02_gj_0_17_":{"x":174,"y":125,"width":130,"height":94}},
"Yeren02_gj_0_16_":{"Yeren02_gj_0_16_":{"x":177.5,"y":127.5,"width":137,"height":91}},
"Yeren02_gj_0_15_":{"Yeren02_gj_0_15_":{"x":180,"y":126,"width":142,"height":96}},
"Yeren02_gj_0_14_":{"Yeren02_gj_0_14_":{"x":183.5,"y":128.5,"width":149,"height":95}},
"Yeren02_gj_0_13_":{"Yeren02_gj_0_13_":{"x":166,"y":155,"width":114,"height":146}},
"Yeren02_gj_0_12_":{"Yeren02_gj_0_12_":{"x":151.5,"y":162,"width":87,"height":160}},
"Yeren02_gj_0_11_":{"Yeren02_gj_0_11_":{"x":143.5,"y":168,"width":99,"height":172}},
"Yeren02_gj_0_10_":{"Yeren02_gj_0_10_":{"x":137.5,"y":163.5,"width":111,"height":163}},
"Yeren02_gj_0_09_":{"Yeren02_gj_0_09_":{"x":131.5,"y":159.5,"width":123,"height":155}},
"Yeren02_gj_0_08_":{"Yeren02_gj_0_08_":{"x":128.5,"y":154.5,"width":129,"height":145}},
"Yeren02_gj_0_07_":{"Yeren02_gj_0_07_":{"x":127.5,"y":149.5,"width":131,"height":135}},
"Yeren02_gj_0_06_":{"Yeren02_gj_0_06_":{"x":128,"y":143.5,"width":130,"height":123}},
"Yeren02_gj_0_05_":{"Yeren02_gj_0_05_":{"x":128.5,"y":137,"width":129,"height":110}},
"Yeren02_gj_0_04_":{"Yeren02_gj_0_04_":{"x":129.5,"y":135.5,"width":127,"height":107}},
"Yeren02_gj_0_03_":{"Yeren02_gj_0_03_":{"x":131.5,"y":135,"width":123,"height":106}},
"Yeren02_gj_0_02_":{"Yeren02_gj_0_02_":{"x":136.5,"y":134.5,"width":113,"height":105}},
"Yeren02_gj_0_01_":{"Yeren02_gj_0_01_":{"x":143,"y":134.5,"width":100,"height":105}},
"Yeren02_gj_0_00_":{"Yeren02_gj_0_00_":{"x":150,"y":135.5,"width":88,"height":107}},
"Yeren02_dj_0_07_":{"Yeren02_dj_0_07_":{"x":150,"y":135,"width":88,"height":106}},
"Yeren02_dj_0_06_":{"Yeren02_dj_0_06_":{"x":150,"y":134.5,"width":88,"height":105}},
"Yeren02_dj_0_05_":{"Yeren02_dj_0_05_":{"x":150.5,"y":134.5,"width":87,"height":105}},
"Yeren02_dj_0_04_":{"Yeren02_dj_0_04_":{"x":150.5,"y":134.5,"width":87,"height":105}},
"Yeren02_dj_0_03_":{"Yeren02_dj_0_03_":{"x":151,"y":134.5,"width":86,"height":105}},
"Yeren02_dj_0_02_":{"Yeren02_dj_0_02_":{"x":151,"y":135,"width":86,"height":106}},
"Yeren02_dj_0_01_":{"Yeren02_dj_0_01_":{"x":150.5,"y":135.5,"width":87,"height":107}},
"Yeren02_dj_0_00_":{"Yeren02_dj_0_00_":{"x":150.5,"y":135.5,"width":87,"height":107}},
"Yeren02_xz_0_11_":{"Yeren02_xz_0_11_":{"x":165.5,"y":143.5,"width":95,"height":127}},
"Yeren02_xz_0_10_":{"Yeren02_xz_0_10_":{"x":166,"y":143.5,"width":76,"height":127}},
"Yeren02_xz_0_09_":{"Yeren02_xz_0_09_":{"x":160.5,"y":143.5,"width":73,"height":125}},
"Yeren02_xz_0_08_":{"Yeren02_xz_0_08_":{"x":156.5,"y":142,"width":73,"height":124}},
"Yeren02_xz_0_07_":{"Yeren02_xz_0_07_":{"x":150.5,"y":142,"width":81,"height":124}},
"Yeren02_xz_0_06_":{"Yeren02_xz_0_06_":{"x":151.5,"y":143,"width":85,"height":124}},
"Yeren02_xz_0_05_":{"Yeren02_xz_0_05_":{"x":159,"y":147,"width":82,"height":120}},
"Yeren02_xz_0_04_":{"Yeren02_xz_0_04_":{"x":169,"y":147,"width":82,"height":120}},
"Yeren02_xz_0_03_":{"Yeren02_xz_0_03_":{"x":175,"y":145.5,"width":86,"height":121}},
"Yeren02_xz_0_02_":{"Yeren02_xz_0_02_":{"x":171.5,"y":144.5,"width":103,"height":119}},
"Yeren02_xz_0_01_":{"Yeren02_xz_0_01_":{"x":167,"y":143,"width":114,"height":122}},
"Yeren02_xz_0_00_":{"Yeren02_xz_0_00_":{"x":165,"y":142.5,"width":112,"height":125}},
}}, "animations": { "animation": {} }}