{"skeleton":{"hash":"PHxNZy7hjOT3YmSjDBxaLViCz2s","spine":"3.7.94","width":0,"height":0},"bones":[{"name":"root"},{"name":"walk_2","parent":"root","y":-19.82},{"name":"walk_3","parent":"root","y":-19.82},{"name":"walk_4","parent":"root","y":-19.82},{"name":"walk_5","parent":"root","y":-19.82},{"name":"walk_6","parent":"root","y":-19.82},{"name":"yz_0_2","parent":"walk_2"},{"name":"yz_0_3","parent":"walk_3"},{"name":"yz_0_4","parent":"walk_4"},{"name":"yz_0_5","parent":"walk_5"},{"name":"yz_0_6","parent":"walk_6"}],"slots":[{"name":"yz_0_2","bone":"yz_0_2"},{"name":"yz_0_3","bone":"yz_0_3"},{"name":"yz_0_4","bone":"yz_0_4"},{"name":"yz_0_5","bone":"yz_0_5"},{"name":"yz_0_6","bone":"yz_0_6"},{"name":"GongFu_walk02_000_","bone":"walk_2"},{"name":"GongFu_walk02_001_","bone":"walk_2"},{"name":"GongFu_walk02_002_","bone":"walk_2"},{"name":"GongFu_walk02_003_","bone":"walk_2"},{"name":"GongFu_walk02_004_","bone":"walk_2"},{"name":"GongFu_walk02_005_","bone":"walk_2"},{"name":"GongFu_walk02_006_","bone":"walk_2"},{"name":"GongFu_walk02_007_","bone":"walk_2"},{"name":"GongFu_walk02_008_","bone":"walk_2"},{"name":"GongFu_walk02_009_","bone":"walk_2"},{"name":"GongFu_walk02_010_","bone":"walk_2"},{"name":"GongFu_walk02_011_","bone":"walk_2"},{"name":"GongFu_walk03_000_","bone":"walk_3"},{"name":"GongFu_walk03_001_","bone":"walk_3"},{"name":"GongFu_walk03_002_","bone":"walk_3"},{"name":"GongFu_walk03_003_","bone":"walk_3"},{"name":"GongFu_walk03_004_","bone":"walk_3"},{"name":"GongFu_walk03_005_","bone":"walk_3"},{"name":"GongFu_walk03_006_","bone":"walk_3"},{"name":"GongFu_walk03_007_","bone":"walk_3"},{"name":"GongFu_walk03_008_","bone":"walk_3"},{"name":"GongFu_walk03_009_","bone":"walk_3"},{"name":"GongFu_walk03_010_","bone":"walk_3"},{"name":"GongFu_walk03_011_","bone":"walk_3"},{"name":"GongFu_walk04_000_","bone":"walk_4"},{"name":"GongFu_walk04_001_","bone":"walk_4"},{"name":"GongFu_walk04_002_","bone":"walk_4"},{"name":"GongFu_walk04_003_","bone":"walk_4"},{"name":"GongFu_walk04_004_","bone":"walk_4"},{"name":"GongFu_walk04_005_","bone":"walk_4"},{"name":"GongFu_walk04_006_","bone":"walk_4"},{"name":"GongFu_walk04_007_","bone":"walk_4"},{"name":"GongFu_walk04_008_","bone":"walk_4"},{"name":"GongFu_walk04_009_","bone":"walk_4"},{"name":"GongFu_walk04_010_","bone":"walk_4"},{"name":"GongFu_walk04_011_","bone":"walk_4"},{"name":"GongFu_walk05_000_","bone":"walk_5"},{"name":"GongFu_walk05_001_","bone":"walk_5"},{"name":"GongFu_walk05_002_","bone":"walk_5"},{"name":"GongFu_walk05_003_","bone":"walk_5"},{"name":"GongFu_walk05_004_","bone":"walk_5"},{"name":"GongFu_walk05_005_","bone":"walk_5"},{"name":"GongFu_walk05_006_","bone":"walk_5"},{"name":"GongFu_walk05_007_","bone":"walk_5"},{"name":"GongFu_walk05_008_","bone":"walk_5"},{"name":"GongFu_walk05_009_","bone":"walk_5"},{"name":"GongFu_walk05_010_","bone":"walk_5"},{"name":"GongFu_walk05_011_","bone":"walk_5"},{"name":"GongFu_walk06_000_","bone":"walk_6"},{"name":"GongFu_walk06_001_","bone":"walk_6"},{"name":"GongFu_walk06_002_","bone":"walk_6"},{"name":"GongFu_walk06_003_","bone":"walk_6"},{"name":"GongFu_walk06_004_","bone":"walk_6"},{"name":"GongFu_walk06_005_","bone":"walk_6"},{"name":"GongFu_walk06_006_","bone":"walk_6"},{"name":"GongFu_walk06_007_","bone":"walk_6"},{"name":"GongFu_walk06_008_","bone":"walk_6"},{"name":"GongFu_walk06_009_","bone":"walk_6"},{"name":"GongFu_walk06_010_","bone":"walk_6"},{"name":"GongFu_walk06_011_","bone":"walk_6"}],"skins":{"default":{"GongFu_walk02_000_":{"GongFu_walk02_000_":{"x":0.5,"y":44.5,"width":275,"height":275}},"GongFu_walk02_001_":{"GongFu_walk02_001_":{"x":0.5,"y":44.5,"width":275,"height":275}},"GongFu_walk02_002_":{"GongFu_walk02_002_":{"x":0.5,"y":44.5,"width":275,"height":275}},"GongFu_walk02_003_":{"GongFu_walk02_003_":{"x":0.5,"y":44.5,"width":275,"height":275}},"GongFu_walk02_004_":{"GongFu_walk02_004_":{"x":0.5,"y":44.5,"width":275,"height":275}},"GongFu_walk02_005_":{"GongFu_walk02_005_":{"x":0.5,"y":44.5,"width":275,"height":275}},"GongFu_walk02_006_":{"GongFu_walk02_006_":{"x":0.5,"y":44.5,"width":275,"height":275}},"GongFu_walk02_007_":{"GongFu_walk02_007_":{"x":0.5,"y":44.5,"width":275,"height":275}},"GongFu_walk02_008_":{"GongFu_walk02_008_":{"x":0.5,"y":44.5,"width":275,"height":275}},"GongFu_walk02_009_":{"GongFu_walk02_009_":{"x":0.5,"y":44.5,"width":275,"height":275}},"GongFu_walk02_010_":{"GongFu_walk02_010_":{"x":0.5,"y":44.5,"width":275,"height":275}},"GongFu_walk02_011_":{"GongFu_walk02_011_":{"x":0.5,"y":44.5,"width":275,"height":275}},"GongFu_walk03_000_":{"GongFu_walk03_000_":{"x":0.5,"y":44.5,"width":275,"height":275}},"GongFu_walk03_001_":{"GongFu_walk03_001_":{"x":0.5,"y":44.5,"width":275,"height":275}},"GongFu_walk03_002_":{"GongFu_walk03_002_":{"x":0.5,"y":44.5,"width":275,"height":275}},"GongFu_walk03_003_":{"GongFu_walk03_003_":{"x":0.5,"y":44.5,"width":275,"height":275}},"GongFu_walk03_004_":{"GongFu_walk03_004_":{"x":0.5,"y":44.5,"width":275,"height":275}},"GongFu_walk03_005_":{"GongFu_walk03_005_":{"x":0.5,"y":44.5,"width":275,"height":275}},"GongFu_walk03_006_":{"GongFu_walk03_006_":{"x":0.5,"y":44.5,"width":275,"height":275}},"GongFu_walk03_007_":{"GongFu_walk03_007_":{"x":0.5,"y":44.5,"width":275,"height":275}},"GongFu_walk03_008_":{"GongFu_walk03_008_":{"x":0.5,"y":44.5,"width":275,"height":275}},"GongFu_walk03_009_":{"GongFu_walk03_009_":{"x":0.5,"y":44.5,"width":275,"height":275}},"GongFu_walk03_010_":{"GongFu_walk03_010_":{"x":0.5,"y":44.5,"width":275,"height":275}},"GongFu_walk03_011_":{"GongFu_walk03_011_":{"x":0.5,"y":44.5,"width":275,"height":275}},"GongFu_walk04_000_":{"GongFu_walk04_000_":{"x":0.5,"y":44.5,"width":275,"height":275}},"GongFu_walk04_001_":{"GongFu_walk04_001_":{"x":0.5,"y":44.5,"width":275,"height":275}},"GongFu_walk04_002_":{"GongFu_walk04_002_":{"x":0.5,"y":44.5,"width":275,"height":275}},"GongFu_walk04_003_":{"GongFu_walk04_003_":{"x":0.5,"y":44.5,"width":275,"height":275}},"GongFu_walk04_004_":{"GongFu_walk04_004_":{"x":0.5,"y":44.5,"width":275,"height":275}},"GongFu_walk04_005_":{"GongFu_walk04_005_":{"x":0.5,"y":44.5,"width":275,"height":275}},"GongFu_walk04_006_":{"GongFu_walk04_006_":{"x":0.5,"y":44.5,"width":275,"height":275}},"GongFu_walk04_007_":{"GongFu_walk04_007_":{"x":0.5,"y":44.5,"width":275,"height":275}},"GongFu_walk04_008_":{"GongFu_walk04_008_":{"x":0.5,"y":44.5,"width":275,"height":275}},"GongFu_walk04_009_":{"GongFu_walk04_009_":{"x":0.5,"y":44.5,"width":275,"height":275}},"GongFu_walk04_010_":{"GongFu_walk04_010_":{"x":0.5,"y":44.5,"width":275,"height":275}},"GongFu_walk04_011_":{"GongFu_walk04_011_":{"x":0.5,"y":44.5,"width":275,"height":275}},"GongFu_walk05_000_":{"GongFu_walk05_000_":{"x":0.5,"y":44.5,"width":275,"height":275}},"GongFu_walk05_001_":{"GongFu_walk05_001_":{"x":0.5,"y":44.5,"width":275,"height":275}},"GongFu_walk05_002_":{"GongFu_walk05_002_":{"x":0.5,"y":44.5,"width":275,"height":275}},"GongFu_walk05_003_":{"GongFu_walk05_003_":{"x":0.5,"y":44.5,"width":275,"height":275}},"GongFu_walk05_004_":{"GongFu_walk05_004_":{"x":0.5,"y":44.5,"width":275,"height":275}},"GongFu_walk05_005_":{"GongFu_walk05_005_":{"x":0.5,"y":44.5,"width":275,"height":275}},"GongFu_walk05_006_":{"GongFu_walk05_006_":{"x":0.5,"y":44.5,"width":275,"height":275}},"GongFu_walk05_007_":{"GongFu_walk05_007_":{"x":0.5,"y":44.5,"width":275,"height":275}},"GongFu_walk05_008_":{"GongFu_walk05_008_":{"x":0.5,"y":44.5,"width":275,"height":275}},"GongFu_walk05_009_":{"GongFu_walk05_009_":{"x":0.5,"y":44.5,"width":275,"height":275}},"GongFu_walk05_010_":{"GongFu_walk05_010_":{"x":0.5,"y":44.5,"width":275,"height":275}},"GongFu_walk05_011_":{"GongFu_walk05_011_":{"x":0.5,"y":44.5,"width":275,"height":275}},"GongFu_walk06_000_":{"GongFu_walk06_000_":{"x":0.5,"y":44.5,"width":275,"height":275}},"GongFu_walk06_001_":{"GongFu_walk06_001_":{"x":0.5,"y":44.5,"width":275,"height":275}},"GongFu_walk06_002_":{"GongFu_walk06_002_":{"x":0.5,"y":44.5,"width":275,"height":275}},"GongFu_walk06_003_":{"GongFu_walk06_003_":{"x":0.5,"y":44.5,"width":275,"height":275}},"GongFu_walk06_004_":{"GongFu_walk06_004_":{"x":0.5,"y":44.5,"width":275,"height":275}},"GongFu_walk06_005_":{"GongFu_walk06_005_":{"x":0.5,"y":44.5,"width":275,"height":275}},"GongFu_walk06_006_":{"GongFu_walk06_006_":{"x":0.5,"y":44.5,"width":275,"height":275}},"GongFu_walk06_007_":{"GongFu_walk06_007_":{"x":0.5,"y":44.5,"width":275,"height":275}},"GongFu_walk06_008_":{"GongFu_walk06_008_":{"x":0.5,"y":44.5,"width":275,"height":275}},"GongFu_walk06_009_":{"GongFu_walk06_009_":{"x":0.5,"y":44.5,"width":275,"height":275}},"GongFu_walk06_010_":{"GongFu_walk06_010_":{"x":0.5,"y":44.5,"width":275,"height":275}},"GongFu_walk06_011_":{"GongFu_walk06_011_":{"x":0.5,"y":44.5,"width":275,"height":275}},"yz_0_2":{"yz_0_":{"x":0.5,"y":0.5,"width":85,"height":85}},"yz_0_3":{"yz_0_":{"x":0.5,"y":0.5,"width":85,"height":85}},"yz_0_4":{"yz_0_":{"x":0.5,"y":0.5,"width":85,"height":85}},"yz_0_5":{"yz_0_":{"x":0.5,"y":0.5,"width":85,"height":85}},"yz_0_6":{"yz_0_":{"x":0.5,"y":0.5,"width":85,"height":85}}}},"animations":{"walk_0":{"slots":{"GongFu_walk04_000_":{"attachment":[{"time":0,"name":"GongFu_walk04_000_"},{"time":0.1333,"name":null}]},"GongFu_walk04_001_":{"attachment":[{"time":0.1333,"name":"GongFu_walk04_001_"},{"time":0.2667,"name":null}]},"GongFu_walk04_002_":{"attachment":[{"time":0.2667,"name":"GongFu_walk04_002_"},{"time":0.3667,"name":null}]},"GongFu_walk04_003_":{"attachment":[{"time":0.3667,"name":"GongFu_walk04_003_"},{"time":0.5,"name":null}]},"GongFu_walk04_004_":{"attachment":[{"time":0.5,"name":"GongFu_walk04_004_"},{"time":0.6333,"name":null}]},"GongFu_walk04_005_":{"attachment":[{"time":0.6333,"name":"GongFu_walk04_005_"},{"time":0.7667,"name":null}]},"GongFu_walk04_006_":{"attachment":[{"time":0.7667,"name":"GongFu_walk04_006_"},{"time":0.8667,"name":null}]},"GongFu_walk04_007_":{"attachment":[{"time":0.8667,"name":"GongFu_walk04_007_"},{"time":1,"name":null}]},"GongFu_walk04_008_":{"attachment":[{"time":1,"name":"GongFu_walk04_008_"},{"time":1.1333,"name":null}]},"GongFu_walk04_009_":{"attachment":[{"time":1.1333,"name":"GongFu_walk04_009_"},{"time":1.2667,"name":null}]},"GongFu_walk04_010_":{"attachment":[{"time":1.2667,"name":"GongFu_walk04_010_"},{"time":1.3667,"name":null}]},"GongFu_walk04_011_":{"attachment":[{"time":1.3667,"name":"GongFu_walk04_011_"},{"time":1.5,"name":null}]},"yz_0_4":{"color":[{"time":0,"color":"ffffffaf"}],"attachment":[{"time":0,"name":"yz_0_"}]}},"bones":{"yz_0_4":{"translate":[{"time":0,"x":-2.48,"y":31.39}]},"walk_4":{"scale":[{"time":0,"x":-1,"y":1}]}}},"walk_1":{"slots":{"GongFu_walk03_000_":{"attachment":[{"time":0,"name":"GongFu_walk03_000_"},{"time":0.1333,"name":null}]},"GongFu_walk03_001_":{"attachment":[{"time":0.1333,"name":"GongFu_walk03_001_"},{"time":0.2333,"name":null}]},"GongFu_walk03_002_":{"attachment":[{"time":0.2333,"name":"GongFu_walk03_002_"},{"time":0.3667,"name":null}]},"GongFu_walk03_003_":{"attachment":[{"time":0.3667,"name":"GongFu_walk03_003_"},{"time":0.5,"name":null}]},"GongFu_walk03_004_":{"attachment":[{"time":0.5,"name":"GongFu_walk03_004_"},{"time":0.6333,"name":null}]},"GongFu_walk03_005_":{"attachment":[{"time":0.6333,"name":"GongFu_walk03_005_"},{"time":0.7333,"name":null}]},"GongFu_walk03_006_":{"attachment":[{"time":0.7333,"name":"GongFu_walk03_006_"},{"time":0.8667,"name":null}]},"GongFu_walk03_007_":{"attachment":[{"time":0.8667,"name":"GongFu_walk03_007_"},{"time":1,"name":null}]},"GongFu_walk03_008_":{"attachment":[{"time":1,"name":"GongFu_walk03_008_"},{"time":1.1333,"name":null}]},"GongFu_walk03_009_":{"attachment":[{"time":1.1333,"name":"GongFu_walk03_009_"},{"time":1.2333,"name":null}]},"GongFu_walk03_010_":{"attachment":[{"time":1.2333,"name":"GongFu_walk03_010_"},{"time":1.3667,"name":null}]},"GongFu_walk03_011_":{"attachment":[{"time":1.3667,"name":"GongFu_walk03_011_"},{"time":1.5,"name":null}]},"yz_0_3":{"color":[{"time":0,"color":"ffffffad"}],"attachment":[{"time":0,"name":"yz_0_"}]}},"bones":{"walk_3":{"scale":[{"time":0,"x":-1,"y":1}]},"yz_0_3":{"translate":[{"time":0,"x":0,"y":31.39}]}}},"walk_2":{"slots":{"GongFu_walk02_000_":{"attachment":[{"time":0,"name":"GongFu_walk02_000_"},{"time":0.1333,"name":null}]},"GongFu_walk02_001_":{"attachment":[{"time":0.1333,"name":"GongFu_walk02_001_"},{"time":0.2333,"name":null}]},"GongFu_walk02_002_":{"attachment":[{"time":0.2333,"name":"GongFu_walk02_002_"},{"time":0.3667,"name":null}]},"GongFu_walk02_003_":{"attachment":[{"time":0.3667,"name":"GongFu_walk02_003_"},{"time":0.5,"name":null}]},"GongFu_walk02_004_":{"attachment":[{"time":0.5,"name":"GongFu_walk02_004_"},{"time":0.6333,"name":null}]},"GongFu_walk02_005_":{"attachment":[{"time":0.6333,"name":"GongFu_walk02_005_"},{"time":0.7333,"name":null}]},"GongFu_walk02_006_":{"attachment":[{"time":0.7333,"name":"GongFu_walk02_006_"},{"time":0.8667,"name":null}]},"GongFu_walk02_007_":{"attachment":[{"time":0.8667,"name":"GongFu_walk02_007_"},{"time":1,"name":null}]},"GongFu_walk02_008_":{"attachment":[{"time":1,"name":"GongFu_walk02_008_"},{"time":1.1333,"name":null}]},"GongFu_walk02_009_":{"attachment":[{"time":1.1333,"name":"GongFu_walk02_009_"},{"time":1.2333,"name":null}]},"GongFu_walk02_010_":{"attachment":[{"time":1.2333,"name":"GongFu_walk02_010_"},{"time":1.3667,"name":null}]},"GongFu_walk02_011_":{"attachment":[{"time":1.3667,"name":"GongFu_walk02_011_"},{"time":1.5,"name":null}]},"yz_0_2":{"color":[{"time":0,"color":"ffffffac"}],"attachment":[{"time":0,"name":"yz_0_"}]}},"bones":{"yz_0_2":{"translate":[{"time":0,"x":0,"y":28.91}]}}},"walk_3":{"slots":{"GongFu_walk03_000_":{"attachment":[{"time":0,"name":"GongFu_walk03_000_"},{"time":0.1333,"name":null}]},"GongFu_walk03_001_":{"attachment":[{"time":0.1333,"name":"GongFu_walk03_001_"},{"time":0.2333,"name":null}]},"GongFu_walk03_002_":{"attachment":[{"time":0.2333,"name":"GongFu_walk03_002_"},{"time":0.3667,"name":null}]},"GongFu_walk03_003_":{"attachment":[{"time":0.3667,"name":"GongFu_walk03_003_"},{"time":0.5,"name":null}]},"GongFu_walk03_004_":{"attachment":[{"time":0.5,"name":"GongFu_walk03_004_"},{"time":0.6333,"name":null}]},"GongFu_walk03_005_":{"attachment":[{"time":0.6333,"name":"GongFu_walk03_005_"},{"time":0.7333,"name":null}]},"GongFu_walk03_006_":{"attachment":[{"time":0.7333,"name":"GongFu_walk03_006_"},{"time":0.8667,"name":null}]},"GongFu_walk03_007_":{"attachment":[{"time":0.8667,"name":"GongFu_walk03_007_"},{"time":1,"name":null}]},"GongFu_walk03_008_":{"attachment":[{"time":1,"name":"GongFu_walk03_008_"},{"time":1.1333,"name":null}]},"GongFu_walk03_009_":{"attachment":[{"time":1.1333,"name":"GongFu_walk03_009_"},{"time":1.2333,"name":null}]},"GongFu_walk03_010_":{"attachment":[{"time":1.2333,"name":"GongFu_walk03_010_"},{"time":1.3667,"name":null}]},"GongFu_walk03_011_":{"attachment":[{"time":1.3667,"name":"GongFu_walk03_011_"},{"time":1.5,"name":null}]},"yz_0_3":{"color":[{"time":0,"color":"ffffffad"}],"attachment":[{"time":0,"name":"yz_0_"}]}},"bones":{"yz_0_3":{"translate":[{"time":0,"x":0,"y":31.39}]}}},"walk_4":{"slots":{"GongFu_walk04_000_":{"attachment":[{"time":0,"name":"GongFu_walk04_000_"},{"time":0.1333,"name":null}]},"GongFu_walk04_001_":{"attachment":[{"time":0.1333,"name":"GongFu_walk04_001_"},{"time":0.2667,"name":null}]},"GongFu_walk04_002_":{"attachment":[{"time":0.2667,"name":"GongFu_walk04_002_"},{"time":0.3667,"name":null}]},"GongFu_walk04_003_":{"attachment":[{"time":0.3667,"name":"GongFu_walk04_003_"},{"time":0.5,"name":null}]},"GongFu_walk04_004_":{"attachment":[{"time":0.5,"name":"GongFu_walk04_004_"},{"time":0.6333,"name":null}]},"GongFu_walk04_005_":{"attachment":[{"time":0.6333,"name":"GongFu_walk04_005_"},{"time":0.7667,"name":null}]},"GongFu_walk04_006_":{"attachment":[{"time":0.7667,"name":"GongFu_walk04_006_"},{"time":0.8667,"name":null}]},"GongFu_walk04_007_":{"attachment":[{"time":0.8667,"name":"GongFu_walk04_007_"},{"time":1,"name":null}]},"GongFu_walk04_008_":{"attachment":[{"time":1,"name":"GongFu_walk04_008_"},{"time":1.1333,"name":null}]},"GongFu_walk04_009_":{"attachment":[{"time":1.1333,"name":"GongFu_walk04_009_"},{"time":1.2667,"name":null}]},"GongFu_walk04_010_":{"attachment":[{"time":1.2667,"name":"GongFu_walk04_010_"},{"time":1.3667,"name":null}]},"GongFu_walk04_011_":{"attachment":[{"time":1.3667,"name":"GongFu_walk04_011_"},{"time":1.5,"name":null}]},"yz_0_4":{"color":[{"time":0,"color":"ffffffaf"}],"attachment":[{"time":0,"name":"yz_0_"}]}},"bones":{"yz_0_4":{"translate":[{"time":0,"x":-2.48,"y":31.39}]}}},"walk_5":{"slots":{"GongFu_walk05_000_":{"attachment":[{"time":0,"name":"GongFu_walk05_000_"},{"time":0.1333,"name":null}]},"GongFu_walk05_001_":{"attachment":[{"time":0.1333,"name":"GongFu_walk05_001_"},{"time":0.2667,"name":null}]},"GongFu_walk05_002_":{"attachment":[{"time":0.2667,"name":"GongFu_walk05_002_"},{"time":0.3667,"name":null}]},"GongFu_walk05_003_":{"attachment":[{"time":0.3667,"name":"GongFu_walk05_003_"},{"time":0.5,"name":null}]},"GongFu_walk05_004_":{"attachment":[{"time":0.5,"name":"GongFu_walk05_004_"},{"time":0.6333,"name":null}]},"GongFu_walk05_005_":{"attachment":[{"time":0.6333,"name":"GongFu_walk05_005_"},{"time":0.7667,"name":null}]},"GongFu_walk05_006_":{"attachment":[{"time":0.7667,"name":"GongFu_walk05_006_"},{"time":0.8667,"name":null}]},"GongFu_walk05_007_":{"attachment":[{"time":0.8667,"name":"GongFu_walk05_007_"},{"time":1,"name":null}]},"GongFu_walk05_008_":{"attachment":[{"time":1,"name":"GongFu_walk05_008_"},{"time":1.1333,"name":null}]},"GongFu_walk05_009_":{"attachment":[{"time":1.1333,"name":"GongFu_walk05_009_"},{"time":1.2667,"name":null}]},"GongFu_walk05_010_":{"attachment":[{"time":1.2667,"name":"GongFu_walk05_010_"},{"time":1.3667,"name":null}]},"GongFu_walk05_011_":{"attachment":[{"time":1.3667,"name":"GongFu_walk05_011_"},{"time":1.5,"name":null}]},"yz_0_5":{"color":[{"time":0,"color":"ffffffaa"}],"attachment":[{"time":0,"name":"yz_0_"}]}},"bones":{"yz_0_5":{"translate":[{"time":0,"x":0,"y":30.56}]}}},"walk_6":{"slots":{"GongFu_walk06_000_":{"attachment":[{"time":0,"name":"GongFu_walk06_000_"},{"time":0.1333,"name":null}]},"GongFu_walk06_001_":{"attachment":[{"time":0.1333,"name":"GongFu_walk06_001_"},{"time":0.2333,"name":null}]},"GongFu_walk06_002_":{"attachment":[{"time":0.2333,"name":"GongFu_walk06_002_"},{"time":0.3667,"name":null}]},"GongFu_walk06_003_":{"attachment":[{"time":0.3667,"name":"GongFu_walk06_003_"},{"time":0.5,"name":null}]},"GongFu_walk06_004_":{"attachment":[{"time":0.5,"name":"GongFu_walk06_004_"},{"time":0.6333,"name":null}]},"GongFu_walk06_005_":{"attachment":[{"time":0.6333,"name":"GongFu_walk06_005_"},{"time":0.7333,"name":null}]},"GongFu_walk06_006_":{"attachment":[{"time":0.7333,"name":"GongFu_walk06_006_"},{"time":0.8667,"name":null}]},"GongFu_walk06_007_":{"attachment":[{"time":0.8667,"name":"GongFu_walk06_007_"},{"time":1,"name":null}]},"GongFu_walk06_008_":{"attachment":[{"time":1,"name":"GongFu_walk06_008_"},{"time":1.1,"name":null}]},"GongFu_walk06_009_":{"attachment":[{"time":1.1,"name":"GongFu_walk06_009_"},{"time":1.2333,"name":null}]},"GongFu_walk06_010_":{"attachment":[{"time":1.2333,"name":"GongFu_walk06_010_"},{"time":1.3667,"name":null}]},"GongFu_walk06_011_":{"attachment":[{"time":1.3667,"name":"GongFu_walk06_011_"},{"time":1.5,"name":null}]},"yz_0_6":{"color":[{"time":0,"color":"ffffffb6"}],"attachment":[{"time":0,"name":"yz_0_"}]}},"bones":{"yz_0_6":{"translate":[{"time":0,"x":0,"y":29.74}]}}},"walk_7":{"slots":{"GongFu_walk05_000_":{"attachment":[{"time":0,"name":"GongFu_walk05_000_"},{"time":0.1333,"name":null}]},"GongFu_walk05_001_":{"attachment":[{"time":0.1333,"name":"GongFu_walk05_001_"},{"time":0.2667,"name":null}]},"GongFu_walk05_002_":{"attachment":[{"time":0.2667,"name":"GongFu_walk05_002_"},{"time":0.3667,"name":null}]},"GongFu_walk05_003_":{"attachment":[{"time":0.3667,"name":"GongFu_walk05_003_"},{"time":0.5,"name":null}]},"GongFu_walk05_004_":{"attachment":[{"time":0.5,"name":"GongFu_walk05_004_"},{"time":0.6333,"name":null}]},"GongFu_walk05_005_":{"attachment":[{"time":0.6333,"name":"GongFu_walk05_005_"},{"time":0.7667,"name":null}]},"GongFu_walk05_006_":{"attachment":[{"time":0.7667,"name":"GongFu_walk05_006_"},{"time":0.8667,"name":null}]},"GongFu_walk05_007_":{"attachment":[{"time":0.8667,"name":"GongFu_walk05_007_"},{"time":1,"name":null}]},"GongFu_walk05_008_":{"attachment":[{"time":1,"name":"GongFu_walk05_008_"},{"time":1.1333,"name":null}]},"GongFu_walk05_009_":{"attachment":[{"time":1.1333,"name":"GongFu_walk05_009_"},{"time":1.2667,"name":null}]},"GongFu_walk05_010_":{"attachment":[{"time":1.2667,"name":"GongFu_walk05_010_"},{"time":1.3667,"name":null}]},"GongFu_walk05_011_":{"attachment":[{"time":1.3667,"name":"GongFu_walk05_011_"},{"time":1.5,"name":null}]},"yz_0_5":{"color":[{"time":0,"color":"ffffffaa"}],"attachment":[{"time":0,"name":"yz_0_"}]}},"bones":{"walk_5":{"scale":[{"time":0,"x":-1,"y":1}]},"yz_0_5":{"translate":[{"time":0,"x":0,"y":30.56}]}}}}}