{
"skeleton": { "hash": "nVucfsv/YR8JnMhWFNhIEMyIC0k", "spine": "2.1.27", "width": 74, "height": 108 },
"bones": [
	{ "name": "root", "x": -0.24 },
	{ "name": "bone", "parent": "root", "length": 102.82, "rotation": 270 },
	{ "name": "bone2", "parent": "root", "length": 40.04, "rotation": 90 }
],
"slots": [
	{ "name": "lan_000_", "bone": "bone" },
	{ "name": "bone2", "bone": "bone2", "attachment": "lianmeng03_" }
],
"skins": {
	"default": {
		"bone2": {
			"lianmeng03_": { "y": -0.24, "rotation": -90, "width": 74, "height": 108 }
		},
		"lan_000_": {
			"lan_000_": { "rotation": 90, "width": 180, "height": 180 },
			"lan_002_": { "rotation": 90, "width": 180, "height": 180 },
			"lan_004_": { "rotation": 90, "width": 180, "height": 180 },
			"lan_006_": { "rotation": 90, "width": 180, "height": 180 },
			"lan_008_": { "rotation": 90, "width": 180, "height": 180 },
			"lan_010_": { "rotation": 90, "width": 180, "height": 180 },
			"lan_012_": { "rotation": 90, "width": 180, "height": 180 },
			"lan_014_": { "rotation": 90, "width": 180, "height": 180 },
			"lan_016_": { "rotation": 90, "width": 180, "height": 180 },
			"lan_018_": { "rotation": 90, "width": 180, "height": 180 },
			"lan_020_": { "rotation": 90, "width": 180, "height": 180 },
			"lan_022_": { "rotation": 90, "width": 180, "height": 180 },
			"lan_024_": { "rotation": 90, "width": 180, "height": 180 },
			"lan_026_": { "rotation": 90, "width": 180, "height": 180 },
			"lan_028_": { "rotation": 90, "width": 180, "height": 180 },
			"lan_030_": { "rotation": 90, "width": 180, "height": 180 },
			"lan_032_": { "rotation": 90, "width": 180, "height": 180 },
			"lan_034_": { "rotation": 90, "width": 180, "height": 180 },
			"lan_036_": { "rotation": 90, "width": 180, "height": 180 },
			"lan_038_": { "rotation": 90, "width": 180, "height": 180 },
			"lan_040_": { "rotation": 90, "width": 180, "height": 180 },
			"lan_042_": { "rotation": 90, "width": 180, "height": 180 },
			"lan_044_": { "rotation": 90, "width": 180, "height": 180 },
			"lan_046_": { "rotation": 90, "width": 180, "height": 180 },
			"lan_048_": { "rotation": 90, "width": 180, "height": 180 },
			"lan_050_": { "rotation": 90, "width": 180, "height": 180 },
			"lan_052_": { "rotation": 90, "width": 180, "height": 180 },
			"lan_054_": { "rotation": 90, "width": 180, "height": 180 },
			"lan_056_": { "rotation": 90, "width": 180, "height": 180 },
			"lan_058_": { "rotation": 90, "width": 180, "height": 180 },
			"lan_060_": { "rotation": 90, "width": 180, "height": 180 },
			"lan_062_": { "rotation": 90, "width": 180, "height": 180 },
			"lan_064_": { "rotation": 90, "width": 180, "height": 180 },
			"lan_066_": { "rotation": 90, "width": 180, "height": 180 },
			"lan_068_": { "rotation": 90, "width": 180, "height": 180 },
			"lan_070_": { "rotation": 90, "width": 180, "height": 180 },
			"lan_072_": { "rotation": 90, "width": 180, "height": 180 },
			"lan_074_": { "rotation": 90, "width": 180, "height": 180 },
			"lan_076_": { "rotation": 90, "width": 180, "height": 180 },
			"lan_078_": { "rotation": 90, "width": 180, "height": 180 },
			"lan_080_": { "rotation": 90, "width": 180, "height": 180 },
			"lan_082_": { "rotation": 90, "width": 180, "height": 180 },
			"lan_084_": { "rotation": 90, "width": 180, "height": 180 },
			"lan_086_": { "rotation": 90, "width": 180, "height": 180 },
			"lan_088_": { "rotation": 90, "width": 180, "height": 180 },
			"lan_090_": { "rotation": 90, "width": 180, "height": 180 }
		}
	}
},
"animations": {
	"dj": {
		"slots": {
			"lan_000_": {
				"attachment": [
					{ "time": 0, "name": "lan_000_" },
					{ "time": 0.0333, "name": "lan_002_" },
					{ "time": 0.1, "name": "lan_004_" },
					{ "time": 0.1333, "name": "lan_006_" },
					{ "time": 0.1666, "name": "lan_008_" },
					{ "time": 0.2333, "name": "lan_010_" },
					{ "time": 0.2666, "name": "lan_012_" },
					{ "time": 0.3, "name": "lan_014_" },
					{ "time": 0.3666, "name": "lan_016_" },
					{ "time": 0.4, "name": "lan_018_" },
					{ "time": 0.4333, "name": "lan_020_" },
					{ "time": 0.5, "name": "lan_022_" },
					{ "time": 0.5333, "name": "lan_024_" },
					{ "time": 0.5666, "name": "lan_026_" },
					{ "time": 0.6333, "name": "lan_028_" },
					{ "time": 0.6666, "name": "lan_030_" },
					{ "time": 0.7, "name": "lan_032_" },
					{ "time": 0.7666, "name": "lan_034_" },
					{ "time": 0.8, "name": "lan_036_" },
					{ "time": 0.8333, "name": "lan_038_" },
					{ "time": 0.9, "name": "lan_040_" },
					{ "time": 0.9333, "name": "lan_042_" },
					{ "time": 0.9666, "name": "lan_044_" },
					{ "time": 1.0333, "name": "lan_046_" },
					{ "time": 1.0666, "name": "lan_048_" },
					{ "time": 1.1, "name": "lan_050_" },
					{ "time": 1.1666, "name": "lan_052_" },
					{ "time": 1.2, "name": "lan_054_" },
					{ "time": 1.2333, "name": "lan_056_" },
					{ "time": 1.3, "name": "lan_058_" },
					{ "time": 1.3333, "name": "lan_060_" },
					{ "time": 1.3666, "name": "lan_062_" },
					{ "time": 1.4333, "name": "lan_064_" },
					{ "time": 1.4666, "name": "lan_066_" },
					{ "time": 1.5, "name": "lan_068_" },
					{ "time": 1.5666, "name": "lan_070_" },
					{ "time": 1.6, "name": "lan_072_" },
					{ "time": 1.6333, "name": "lan_074_" },
					{ "time": 1.7, "name": "lan_076_" },
					{ "time": 1.7333, "name": "lan_078_" },
					{ "time": 1.7666, "name": "lan_080_" },
					{ "time": 1.8333, "name": "lan_082_" },
					{ "time": 1.8666, "name": "lan_084_" },
					{ "time": 1.9, "name": "lan_086_" },
					{ "time": 1.9666, "name": "lan_088_" },
					{ "time": 2, "name": "lan_090_" }
				]
			}
		},
		"bones": {
			"bone2": {
				"translate": [
					{
						"time": 0,
						"x": 0,
						"y": 73.71,
						"curve": [ 0.25, 0, 0.75, 1 ]
					},
					{
						"time": 1,
						"x": 0,
						"y": 54.08,
						"curve": [ 0.25, 0, 0.75, 1 ]
					},
					{ "time": 2, "x": 0, "y": 73.71 }
				]
			},
			"bone": {
				"translate": [
					{ "time": 0, "x": -2.81, "y": 0 }
				]
			}
		}
	}
}
}