{
"skeleton": { "hash": "/EH95Q7TWuL9LFitmq5jVMYqwk4", "spine": "3.7.94", "width": 0, "height": 0, "images": "./images/", "audio": "D:/WORK/COK/皮肤特效/城堡皮肤-皇家火枪手11月份黄金宝箱/红色/城堡皮肤 皇家火枪手黄金宝箱低级/休闲待机_group/Dxxdj_A" },
"bones": [
	{ "name": "root" },
	{ "name": "ctr", "parent": "root", "x": -14, "y": 62, "scaleX": 1.25, "scaleY": 1.25 },
	{ "name": "Dxxdj_UL_", "parent": "ctr" },
	{ "name": "Dxxdj_UR_", "parent": "ctr" },
	{ "name": "Dxxdj_DL_", "parent": "ctr" },
	{ "name": "Dxxdj_DR_", "parent": "ctr" }
],
"slots": [
	{ "name": "Dxxdj_UL_", "bone": "Dxxdj_UL_" },
	{ "name": "Dxxdj_UR_", "bone": "Dxxdj_UR_" },
	{ "name": "Dxxdj_DL_", "bone": "Dxxdj_DL_" },
	{ "name": "Dxxdj_DR_", "bone": "Dxxdj_DR_" }
],
"skins": {
	"default": {
		"Dxxdj_DL_": {
			"Dxxdj_DL_00000_": { "x": -200, "y": -181, "width": 400, "height": 362 },
			"Dxxdj_DL_00003_": { "x": -200, "y": -181, "width": 400, "height": 362 },
			"Dxxdj_DL_00006_": { "x": -200, "y": -181, "width": 400, "height": 362 },
			"Dxxdj_DL_00009_": { "x": -200, "y": -181, "width": 400, "height": 362 },
			"Dxxdj_DL_00012_": { "x": -200, "y": -181, "width": 400, "height": 362 },
			"Dxxdj_DL_00015_": { "x": -200, "y": -181, "width": 400, "height": 362 },
			"Dxxdj_DL_00018_": { "x": -200, "y": -181, "width": 400, "height": 362 },
			"Dxxdj_DL_00021_": { "x": -200, "y": -181, "width": 400, "height": 362 },
			"Dxxdj_DL_00024_": { "x": -200, "y": -181, "width": 400, "height": 362 },
			"Dxxdj_DL_00027_": { "x": -200, "y": -181, "width": 400, "height": 362 },
			"Dxxdj_DL_00030_": { "x": -200, "y": -181, "width": 400, "height": 362 },
			"Dxxdj_DL_00033_": { "x": -200, "y": -181, "width": 400, "height": 362 },
			"Dxxdj_DL_00036_": { "x": -200, "y": -181, "width": 400, "height": 362 },
			"Dxxdj_DL_00039_": { "x": -200, "y": -181, "width": 400, "height": 362 },
			"Dxxdj_DL_00042_": { "x": -200, "y": -181, "width": 400, "height": 362 },
			"Dxxdj_DL_00045_": { "x": -200, "y": -181, "width": 400, "height": 362 },
			"Dxxdj_DL_00048_": { "x": -200, "y": -181, "width": 400, "height": 362 },
			"Dxxdj_DL_00051_": { "x": -200, "y": -181, "width": 400, "height": 362 },
			"Dxxdj_DL_00054_": { "x": -200, "y": -181, "width": 400, "height": 362 },
			"Dxxdj_DL_00057_": { "x": -200, "y": -181, "width": 400, "height": 362 },
			"Dxxdj_DL_00060_": { "x": -200, "y": -181, "width": 400, "height": 362 },
			"Dxxdj_DL_00063_": { "x": -200, "y": -181, "width": 400, "height": 362 },
			"Dxxdj_DL_00066_": { "x": -200, "y": -181, "width": 400, "height": 362 },
			"Dxxdj_DL_00069_": { "x": -200, "y": -181, "width": 400, "height": 362 },
			"Dxxdj_DL_00072_": { "x": -200, "y": -181, "width": 400, "height": 362 },
			"Dxxdj_DL_00075_": { "x": -200, "y": -181, "width": 400, "height": 362 },
			"Dxxdj_DL_00078_": { "x": -200, "y": -181, "width": 400, "height": 362 },
			"Dxxdj_DL_00081_": { "x": -200, "y": -181, "width": 400, "height": 362 }
		},
		"Dxxdj_DR_": {
			"Dxxdj_DR_00000_": { "x": 156.5, "y": -181, "width": 313, "height": 362 },
			"Dxxdj_DR_00003_": { "x": 156.5, "y": -181, "width": 313, "height": 362 },
			"Dxxdj_DR_00006_": { "x": 156.5, "y": -181, "width": 313, "height": 362 },
			"Dxxdj_DR_00009_": { "x": 156.5, "y": -181, "width": 313, "height": 362 },
			"Dxxdj_DR_00012_": { "x": 156.5, "y": -181, "width": 313, "height": 362 },
			"Dxxdj_DR_00015_": { "x": 156.5, "y": -181, "width": 313, "height": 362 },
			"Dxxdj_DR_00018_": { "x": 156.5, "y": -181, "width": 313, "height": 362 },
			"Dxxdj_DR_00021_": { "x": 156.5, "y": -181, "width": 313, "height": 362 },
			"Dxxdj_DR_00024_": { "x": 156.5, "y": -181, "width": 313, "height": 362 },
			"Dxxdj_DR_00027_": { "x": 156.5, "y": -181, "width": 313, "height": 362 },
			"Dxxdj_DR_00030_": { "x": 156.5, "y": -181, "width": 313, "height": 362 },
			"Dxxdj_DR_00033_": { "x": 156.5, "y": -181, "width": 313, "height": 362 },
			"Dxxdj_DR_00036_": { "x": 156.5, "y": -181, "width": 313, "height": 362 },
			"Dxxdj_DR_00039_": { "x": 156.5, "y": -181, "width": 313, "height": 362 },
			"Dxxdj_DR_00042_": { "x": 156.5, "y": -181, "width": 313, "height": 362 },
			"Dxxdj_DR_00045_": { "x": 156.5, "y": -181, "width": 313, "height": 362 },
			"Dxxdj_DR_00048_": { "x": 156.5, "y": -181, "width": 313, "height": 362 },
			"Dxxdj_DR_00051_": { "x": 156.5, "y": -181, "width": 313, "height": 362 },
			"Dxxdj_DR_00054_": { "x": 156.5, "y": -181, "width": 313, "height": 362 },
			"Dxxdj_DR_00057_": { "x": 156.5, "y": -181, "width": 313, "height": 362 },
			"Dxxdj_DR_00060_": { "x": 156.5, "y": -181, "width": 313, "height": 362 },
			"Dxxdj_DR_00063_": { "x": 156.5, "y": -181, "width": 313, "height": 362 },
			"Dxxdj_DR_00066_": { "x": 156.5, "y": -181, "width": 313, "height": 362 },
			"Dxxdj_DR_00069_": { "x": 156.5, "y": -181, "width": 313, "height": 362 },
			"Dxxdj_DR_00072_": { "x": 156.5, "y": -181, "width": 313, "height": 362 },
			"Dxxdj_DR_00075_": { "x": 156.5, "y": -181, "width": 313, "height": 362 },
			"Dxxdj_DR_00078_": { "x": 156.5, "y": -181, "width": 313, "height": 362 },
			"Dxxdj_DR_00081_": { "x": 156.5, "y": -181, "width": 313, "height": 362 }
		},
		"Dxxdj_UL_": {
			"Dxxdj_UL_00000_": { "x": -200, "y": 219, "width": 400, "height": 438 },
			"Dxxdj_UL_00003_": { "x": -200, "y": 219, "width": 400, "height": 438 },
			"Dxxdj_UL_00006_": { "x": -200, "y": 219, "width": 400, "height": 438 },
			"Dxxdj_UL_00009_": { "x": -200, "y": 219, "width": 400, "height": 438 },
			"Dxxdj_UL_00012_": { "x": -200, "y": 219, "width": 400, "height": 438 },
			"Dxxdj_UL_00015_": { "x": -200, "y": 219, "width": 400, "height": 438 },
			"Dxxdj_UL_00018_": { "x": -200, "y": 219, "width": 400, "height": 438 },
			"Dxxdj_UL_00021_": { "x": -200, "y": 219, "width": 400, "height": 438 },
			"Dxxdj_UL_00024_": { "x": -200, "y": 219, "width": 400, "height": 438 },
			"Dxxdj_UL_00027_": { "x": -200, "y": 219, "width": 400, "height": 438 },
			"Dxxdj_UL_00030_": { "x": -200, "y": 219, "width": 400, "height": 438 },
			"Dxxdj_UL_00033_": { "x": -200, "y": 219, "width": 400, "height": 438 },
			"Dxxdj_UL_00036_": { "x": -200, "y": 219, "width": 400, "height": 438 },
			"Dxxdj_UL_00039_": { "x": -200, "y": 219, "width": 400, "height": 438 },
			"Dxxdj_UL_00042_": { "x": -200, "y": 219, "width": 400, "height": 438 },
			"Dxxdj_UL_00045_": { "x": -200, "y": 219, "width": 400, "height": 438 },
			"Dxxdj_UL_00048_": { "x": -200, "y": 219, "width": 400, "height": 438 },
			"Dxxdj_UL_00051_": { "x": -200, "y": 219, "width": 400, "height": 438 },
			"Dxxdj_UL_00054_": { "x": -200, "y": 219, "width": 400, "height": 438 },
			"Dxxdj_UL_00057_": { "x": -200, "y": 219, "width": 400, "height": 438 },
			"Dxxdj_UL_00060_": { "x": -200, "y": 219, "width": 400, "height": 438 },
			"Dxxdj_UL_00063_": { "x": -200, "y": 219, "width": 400, "height": 438 },
			"Dxxdj_UL_00066_": { "x": -200, "y": 219, "width": 400, "height": 438 },
			"Dxxdj_UL_00069_": { "x": -200, "y": 219, "width": 400, "height": 438 },
			"Dxxdj_UL_00072_": { "x": -200, "y": 219, "width": 400, "height": 438 },
			"Dxxdj_UL_00075_": { "x": -200, "y": 219, "width": 400, "height": 438 },
			"Dxxdj_UL_00078_": { "x": -200, "y": 219, "width": 400, "height": 438 },
			"Dxxdj_UL_00081_": { "x": -200, "y": 219, "width": 400, "height": 438 }
		},
		"Dxxdj_UR_": {
			"Dxxdj_UR_00000_": { "x": 156.5, "y": 219, "width": 313, "height": 438 },
			"Dxxdj_UR_00003_": { "x": 156.5, "y": 219, "width": 313, "height": 438 },
			"Dxxdj_UR_00006_": { "x": 156.5, "y": 219, "width": 313, "height": 438 },
			"Dxxdj_UR_00009_": { "x": 156.5, "y": 219, "width": 313, "height": 438 },
			"Dxxdj_UR_00012_": { "x": 156.5, "y": 219, "width": 313, "height": 438 },
			"Dxxdj_UR_00015_": { "x": 156.5, "y": 219, "width": 313, "height": 438 },
			"Dxxdj_UR_00018_": { "x": 156.5, "y": 219, "width": 313, "height": 438 },
			"Dxxdj_UR_00021_": { "x": 156.5, "y": 219, "width": 313, "height": 438 },
			"Dxxdj_UR_00024_": { "x": 156.5, "y": 219, "width": 313, "height": 438 },
			"Dxxdj_UR_00027_": { "x": 156.5, "y": 219, "width": 313, "height": 438 },
			"Dxxdj_UR_00030_": { "x": 156.5, "y": 219, "width": 313, "height": 438 },
			"Dxxdj_UR_00033_": { "x": 156.5, "y": 219, "width": 313, "height": 438 },
			"Dxxdj_UR_00036_": { "x": 156.5, "y": 219, "width": 313, "height": 438 },
			"Dxxdj_UR_00039_": { "x": 156.5, "y": 219, "width": 313, "height": 438 },
			"Dxxdj_UR_00042_": { "x": 156.5, "y": 219, "width": 313, "height": 438 },
			"Dxxdj_UR_00045_": { "x": 156.5, "y": 219, "width": 313, "height": 438 },
			"Dxxdj_UR_00048_": { "x": 156.5, "y": 219, "width": 313, "height": 438 },
			"Dxxdj_UR_00051_": { "x": 156.5, "y": 219, "width": 313, "height": 438 },
			"Dxxdj_UR_00054_": { "x": 156.5, "y": 219, "width": 313, "height": 438 },
			"Dxxdj_UR_00057_": { "x": 156.5, "y": 219, "width": 313, "height": 438 },
			"Dxxdj_UR_00060_": { "x": 156.5, "y": 219, "width": 313, "height": 438 },
			"Dxxdj_UR_00063_": { "x": 156.5, "y": 219, "width": 313, "height": 438 },
			"Dxxdj_UR_00066_": { "x": 156.5, "y": 219, "width": 313, "height": 438 },
			"Dxxdj_UR_00069_": { "x": 156.5, "y": 219, "width": 313, "height": 438 },
			"Dxxdj_UR_00072_": { "x": 156.5, "y": 219, "width": 313, "height": 438 },
			"Dxxdj_UR_00075_": { "x": 156.5, "y": 219, "width": 313, "height": 438 },
			"Dxxdj_UR_00078_": { "x": 156.5, "y": 219, "width": 313, "height": 438 },
			"Dxxdj_UR_00081_": { "x": 156.5, "y": 219, "width": 313, "height": 438 }
		}
	}
},
"animations": {
	"animation": {
		"slots": {
			"Dxxdj_DL_": {
				"attachment": [
					{ "time": 0, "name": "Dxxdj_DL_00000_" },
					{ "time": 0.1, "name": "Dxxdj_DL_00003_" },
					{ "time": 0.2, "name": "Dxxdj_DL_00006_" },
					{ "time": 0.3, "name": "Dxxdj_DL_00009_" },
					{ "time": 0.4, "name": "Dxxdj_DL_00012_" },
					{ "time": 0.5, "name": "Dxxdj_DL_00015_" },
					{ "time": 0.6, "name": "Dxxdj_DL_00018_" },
					{ "time": 0.7, "name": "Dxxdj_DL_00021_" },
					{ "time": 0.8, "name": "Dxxdj_DL_00024_" },
					{ "time": 0.9, "name": "Dxxdj_DL_00027_" },
					{ "time": 1, "name": "Dxxdj_DL_00030_" },
					{ "time": 1.1, "name": "Dxxdj_DL_00033_" },
					{ "time": 1.2, "name": "Dxxdj_DL_00036_" },
					{ "time": 1.3, "name": "Dxxdj_DL_00039_" },
					{ "time": 1.4, "name": "Dxxdj_DL_00042_" },
					{ "time": 1.5, "name": "Dxxdj_DL_00045_" },
					{ "time": 1.6, "name": "Dxxdj_DL_00048_" },
					{ "time": 1.7, "name": "Dxxdj_DL_00051_" },
					{ "time": 1.8, "name": "Dxxdj_DL_00054_" },
					{ "time": 1.9, "name": "Dxxdj_DL_00057_" },
					{ "time": 2, "name": "Dxxdj_DL_00060_" },
					{ "time": 2.1, "name": "Dxxdj_DL_00063_" },
					{ "time": 2.2, "name": "Dxxdj_DL_00066_" },
					{ "time": 2.3, "name": "Dxxdj_DL_00069_" },
					{ "time": 2.4, "name": "Dxxdj_DL_00072_" },
					{ "time": 2.5, "name": "Dxxdj_DL_00075_" },
					{ "time": 2.6, "name": "Dxxdj_DL_00078_" },
					{ "time": 2.7, "name": "Dxxdj_DL_00081_" },
					{ "time": 2.8, "name": null },
					{ "time": 5.2, "name": null }
				]
			},
			"Dxxdj_DR_": {
				"attachment": [
					{ "time": 0, "name": "Dxxdj_DR_00000_" },
					{ "time": 0.1, "name": "Dxxdj_DR_00003_" },
					{ "time": 0.2, "name": "Dxxdj_DR_00006_" },
					{ "time": 0.3, "name": "Dxxdj_DR_00009_" },
					{ "time": 0.4, "name": "Dxxdj_DR_00012_" },
					{ "time": 0.5, "name": "Dxxdj_DR_00015_" },
					{ "time": 0.6, "name": "Dxxdj_DR_00018_" },
					{ "time": 0.7, "name": "Dxxdj_DR_00021_" },
					{ "time": 0.8, "name": "Dxxdj_DR_00024_" },
					{ "time": 0.9, "name": "Dxxdj_DR_00027_" },
					{ "time": 1, "name": "Dxxdj_DR_00030_" },
					{ "time": 1.1, "name": "Dxxdj_DR_00033_" },
					{ "time": 1.2, "name": "Dxxdj_DR_00036_" },
					{ "time": 1.3, "name": "Dxxdj_DR_00039_" },
					{ "time": 1.4, "name": "Dxxdj_DR_00042_" },
					{ "time": 1.5, "name": "Dxxdj_DR_00045_" },
					{ "time": 1.6, "name": "Dxxdj_DR_00048_" },
					{ "time": 1.7, "name": "Dxxdj_DR_00051_" },
					{ "time": 1.8, "name": "Dxxdj_DR_00054_" },
					{ "time": 1.9, "name": "Dxxdj_DR_00057_" },
					{ "time": 2, "name": "Dxxdj_DR_00060_" },
					{ "time": 2.1, "name": "Dxxdj_DR_00063_" },
					{ "time": 2.2, "name": "Dxxdj_DR_00066_" },
					{ "time": 2.3, "name": "Dxxdj_DR_00069_" },
					{ "time": 2.4, "name": "Dxxdj_DR_00072_" },
					{ "time": 2.5, "name": "Dxxdj_DR_00075_" },
					{ "time": 2.6, "name": "Dxxdj_DR_00078_" },
					{ "time": 2.7, "name": "Dxxdj_DR_00081_" },
					{ "time": 2.8, "name": null },
					{ "time": 5.2, "name": null }
				]
			},
			"Dxxdj_UL_": {
				"attachment": [
					{ "time": 0, "name": "Dxxdj_UL_00000_" },
					{ "time": 0.1, "name": "Dxxdj_UL_00003_" },
					{ "time": 0.2, "name": "Dxxdj_UL_00006_" },
					{ "time": 0.3, "name": "Dxxdj_UL_00009_" },
					{ "time": 0.4, "name": "Dxxdj_UL_00012_" },
					{ "time": 0.5, "name": "Dxxdj_UL_00015_" },
					{ "time": 0.6, "name": "Dxxdj_UL_00018_" },
					{ "time": 0.7, "name": "Dxxdj_UL_00021_" },
					{ "time": 0.8, "name": "Dxxdj_UL_00024_" },
					{ "time": 0.9, "name": "Dxxdj_UL_00027_" },
					{ "time": 1, "name": "Dxxdj_UL_00030_" },
					{ "time": 1.1, "name": "Dxxdj_UL_00033_" },
					{ "time": 1.2, "name": "Dxxdj_UL_00036_" },
					{ "time": 1.3, "name": "Dxxdj_UL_00039_" },
					{ "time": 1.4, "name": "Dxxdj_UL_00042_" },
					{ "time": 1.5, "name": "Dxxdj_UL_00045_" },
					{ "time": 1.6, "name": "Dxxdj_UL_00048_" },
					{ "time": 1.7, "name": "Dxxdj_UL_00051_" },
					{ "time": 1.8, "name": "Dxxdj_UL_00054_" },
					{ "time": 1.9, "name": "Dxxdj_UL_00057_" },
					{ "time": 2, "name": "Dxxdj_UL_00060_" },
					{ "time": 2.1, "name": "Dxxdj_UL_00063_" },
					{ "time": 2.2, "name": "Dxxdj_UL_00066_" },
					{ "time": 2.3, "name": "Dxxdj_UL_00069_" },
					{ "time": 2.4, "name": "Dxxdj_UL_00072_" },
					{ "time": 2.5, "name": "Dxxdj_UL_00075_" },
					{ "time": 2.6, "name": "Dxxdj_UL_00078_" },
					{ "time": 2.7, "name": "Dxxdj_UL_00081_" },
					{ "time": 2.8, "name": null },
					{ "time": 5.2, "name": null }
				]
			},
			"Dxxdj_UR_": {
				"attachment": [
					{ "time": 0, "name": "Dxxdj_UR_00000_" },
					{ "time": 0.1, "name": "Dxxdj_UR_00003_" },
					{ "time": 0.2, "name": "Dxxdj_UR_00006_" },
					{ "time": 0.3, "name": "Dxxdj_UR_00009_" },
					{ "time": 0.4, "name": "Dxxdj_UR_00012_" },
					{ "time": 0.5, "name": "Dxxdj_UR_00015_" },
					{ "time": 0.6, "name": "Dxxdj_UR_00018_" },
					{ "time": 0.7, "name": "Dxxdj_UR_00021_" },
					{ "time": 0.8, "name": "Dxxdj_UR_00024_" },
					{ "time": 0.9, "name": "Dxxdj_UR_00027_" },
					{ "time": 1, "name": "Dxxdj_UR_00030_" },
					{ "time": 1.1, "name": "Dxxdj_UR_00033_" },
					{ "time": 1.2, "name": "Dxxdj_UR_00036_" },
					{ "time": 1.3, "name": "Dxxdj_UR_00039_" },
					{ "time": 1.4, "name": "Dxxdj_UR_00042_" },
					{ "time": 1.5, "name": "Dxxdj_UR_00045_" },
					{ "time": 1.6, "name": "Dxxdj_UR_00048_" },
					{ "time": 1.7, "name": "Dxxdj_UR_00051_" },
					{ "time": 1.8, "name": "Dxxdj_UR_00054_" },
					{ "time": 1.9, "name": "Dxxdj_UR_00057_" },
					{ "time": 2, "name": "Dxxdj_UR_00060_" },
					{ "time": 2.1, "name": "Dxxdj_UR_00063_" },
					{ "time": 2.2, "name": "Dxxdj_UR_00066_" },
					{ "time": 2.3, "name": "Dxxdj_UR_00069_" },
					{ "time": 2.4, "name": "Dxxdj_UR_00072_" },
					{ "time": 2.5, "name": "Dxxdj_UR_00075_" },
					{ "time": 2.6, "name": "Dxxdj_UR_00078_" },
					{ "time": 2.7, "name": "Dxxdj_UR_00081_" },
					{ "time": 2.8, "name": null },
					{ "time": 5.2, "name": null }
				]
			}
		},
		"bones": {
			"ctr": {
				"translate": [
					{ "time": 0, "x": 0, "y": 0 }
				]
			}
		}
	}
}
}