{
"skeleton": { "hash": "dHezMHEYnLGUTWmEYTuQMs82C8A", "spine": "2.1.27", "width": 291, "height": 280 },
"bones": [
	{ "name": "root", "scaleX": 0.68, "scaleY": 0.68 },
	{ "name": "bing01", "parent": "root", "x": -88.23, "y": -29.41 },
	{ "name": "bing02", "parent": "root", "x": 104.19, "y": -29.41 },
	{ "name": "men", "parent": "root", "length": 61.28, "y": 89.31, "scaleX": 1.47, "scaleY": 1.47, "rotation": 270 },
	{ "name": "bone", "parent": "bing01", "y": -30.58 },
	{ "name": "bone2", "parent": "bing01", "x": -0.35, "y": 31.2, "scaleY": 0.721 },
	{ "name": "bone3", "parent": "bing02", "y": -30.58 },
	{ "name": "bone5", "parent": "bing02", "x": -0.35, "y": 31.2, "scaleY": 0.721 }
],
"slots": [
	{ "name": "zhihuiyiji_0_000_", "bone": "men", "attachment": "zhihuiyiji_0_000_" },
	{ "name": "hj_yingzi_0_2", "bone": "bone2", "attachment": "hj_yingzi_0_" },
	{ "name": "hj_yingzi_0_3", "bone": "bone5", "attachment": "hj_yingzi_0_" },
	{ "name": "HJB_dj_00_", "bone": "bone" },
	{ "name": "HJB_dj_00_2", "bone": "bone3" },
	{ "name": "HJB_xx_01_2", "bone": "bone" },
	{ "name": "HJB_xx_01_3", "bone": "bone3" }
],
"skins": {
	"default": {
		"HJB_dj_00_": {
			"HJB_dj_00_": { "y": 60, "width": 149, "height": 154 },
			"HJB_dj_08_": { "y": 60, "width": 149, "height": 154 },
			"HJB_dj_16_": { "y": 60, "width": 149, "height": 154 },
			"HJB_dj_24_": { "y": 60, "width": 149, "height": 154 },
			"HJB_dj_32_": { "y": 60, "width": 149, "height": 154 },
			"HJB_dj_40_": { "y": 60, "width": 149, "height": 154 },
			"HJB_dj_48_": { "y": 60, "width": 149, "height": 154 },
			"HJB_dj_56_": { "y": 60, "width": 149, "height": 154 }
		},
		"HJB_dj_00_2": {
			"HJB_dj_00_": { "y": 60, "width": 149, "height": 154 },
			"HJB_dj_08_": { "y": 60, "width": 149, "height": 154 },
			"HJB_dj_16_": { "y": 60, "width": 149, "height": 154 },
			"HJB_dj_24_": { "y": 60, "width": 149, "height": 154 },
			"HJB_dj_32_": { "y": 60, "width": 149, "height": 154 },
			"HJB_dj_40_": { "y": 60, "width": 149, "height": 154 },
			"HJB_dj_48_": { "y": 60, "width": 149, "height": 154 },
			"HJB_dj_56_": { "y": 60, "width": 149, "height": 154 }
		},
		"HJB_xx_01_2": {
			"HJB_xx_01_": { "y": 60, "width": 149, "height": 154 },
			"HJB_xx_03_": { "y": 60, "width": 149, "height": 154 },
			"HJB_xx_07_": { "y": 60, "width": 149, "height": 154 },
			"HJB_xx_103_": { "y": 60, "width": 149, "height": 154 },
			"HJB_xx_11_": { "y": 60, "width": 149, "height": 154 },
			"HJB_xx_15_": { "y": 60, "width": 149, "height": 154 },
			"HJB_xx_19_": { "y": 60, "width": 149, "height": 154 },
			"HJB_xx_23_": { "y": 60, "width": 149, "height": 154 },
			"HJB_xx_27_": { "y": 60, "width": 149, "height": 154 },
			"HJB_xx_31_": { "y": 60, "width": 149, "height": 154 },
			"HJB_xx_35_": { "y": 60, "width": 149, "height": 154 },
			"HJB_xx_39_": { "y": 60, "width": 149, "height": 154 },
			"HJB_xx_43_": { "y": 60, "width": 149, "height": 154 },
			"HJB_xx_47_": { "y": 60, "width": 149, "height": 154 },
			"HJB_xx_51_": { "y": 60, "width": 149, "height": 154 },
			"HJB_xx_55_": { "y": 60, "width": 149, "height": 154 },
			"HJB_xx_59_": { "y": 60, "width": 149, "height": 154 },
			"HJB_xx_63_": { "y": 60, "width": 149, "height": 154 },
			"HJB_xx_67_": { "y": 60, "width": 149, "height": 154 },
			"HJB_xx_71_": { "y": 60, "width": 149, "height": 154 },
			"HJB_xx_75_": { "y": 60, "width": 149, "height": 154 },
			"HJB_xx_79_": { "y": 60, "width": 149, "height": 154 },
			"HJB_xx_83_": { "y": 60, "width": 149, "height": 154 },
			"HJB_xx_87_": { "y": 60, "width": 149, "height": 154 },
			"HJB_xx_91_": { "y": 60, "width": 149, "height": 154 },
			"HJB_xx_95_": { "y": 60, "width": 149, "height": 154 },
			"HJB_xx_99_": { "y": 60, "width": 149, "height": 154 }
		},
		"HJB_xx_01_3": {
			"HJB_xx_01_": { "y": 60, "width": 149, "height": 154 },
			"HJB_xx_03_": { "y": 60, "width": 149, "height": 154 },
			"HJB_xx_07_": { "y": 60, "width": 149, "height": 154 },
			"HJB_xx_103_": { "y": 60, "width": 149, "height": 154 },
			"HJB_xx_11_": { "y": 60, "width": 149, "height": 154 },
			"HJB_xx_15_": { "y": 60, "width": 149, "height": 154 },
			"HJB_xx_19_": { "y": 60, "width": 149, "height": 154 },
			"HJB_xx_23_": { "y": 60, "width": 149, "height": 154 },
			"HJB_xx_27_": { "y": 60, "width": 149, "height": 154 },
			"HJB_xx_31_": { "y": 60, "width": 149, "height": 154 },
			"HJB_xx_35_": { "y": 60, "width": 149, "height": 154 },
			"HJB_xx_39_": { "y": 60, "width": 149, "height": 154 },
			"HJB_xx_43_": { "y": 60, "width": 149, "height": 154 },
			"HJB_xx_47_": { "y": 60, "width": 149, "height": 154 },
			"HJB_xx_51_": { "y": 60, "width": 149, "height": 154 },
			"HJB_xx_55_": { "y": 60, "width": 149, "height": 154 },
			"HJB_xx_59_": { "y": 60, "width": 149, "height": 154 },
			"HJB_xx_63_": { "y": 60, "width": 149, "height": 154 },
			"HJB_xx_67_": { "y": 60, "width": 149, "height": 154 },
			"HJB_xx_71_": { "y": 60, "width": 149, "height": 154 },
			"HJB_xx_75_": { "y": 60, "width": 149, "height": 154 },
			"HJB_xx_79_": { "y": 60, "width": 149, "height": 154 },
			"HJB_xx_83_": { "y": 60, "width": 149, "height": 154 },
			"HJB_xx_87_": { "y": 60, "width": 149, "height": 154 },
			"HJB_xx_91_": { "y": 60, "width": 149, "height": 154 },
			"HJB_xx_95_": { "y": 60, "width": 149, "height": 154 },
			"HJB_xx_99_": { "y": 60, "width": 149, "height": 154 }
		},
		"hj_yingzi_0_2": {
			"hj_yingzi_0_": { "x": 0.9, "y": 1.66, "width": 85, "height": 85 }
		},
		"hj_yingzi_0_3": {
			"hj_yingzi_0_": { "x": 0.9, "y": 1.66, "width": 85, "height": 85 }
		},
		"zhihuiyiji_0_000_": {
			"zhihuiyiji_0_000_": { "rotation": 90, "width": 291, "height": 280 },
			"zhihuiyiji_0_001_": { "rotation": 90, "width": 291, "height": 280 },
			"zhihuiyiji_0_002_": { "rotation": 90, "width": 291, "height": 280 },
			"zhihuiyiji_0_003_": { "rotation": 90, "width": 291, "height": 280 },
			"zhihuiyiji_0_004_": { "rotation": 90, "width": 291, "height": 280 },
			"zhihuiyiji_0_005_": { "rotation": 90, "width": 291, "height": 280 },
			"zhihuiyiji_0_006_": { "rotation": 90, "width": 291, "height": 280 },
			"zhihuiyiji_0_007_": { "rotation": 90, "width": 291, "height": 280 },
			"zhihuiyiji_0_008_": { "rotation": 90, "width": 291, "height": 280 },
			"zhihuiyiji_0_009_": { "rotation": 90, "width": 291, "height": 280 },
			"zhihuiyiji_0_010_": { "rotation": 90, "width": 291, "height": 280 },
			"zhihuiyiji_0_011_": { "rotation": 90, "width": 291, "height": 280 },
			"zhihuiyiji_0_012_": { "rotation": 90, "width": 291, "height": 280 },
			"zhihuiyiji_0_013_": { "rotation": 90, "width": 291, "height": 280 }
		}
	}
},
"animations": {
	"animation": {
		"slots": {
			"HJB_dj_00_": {
				"attachment": [
					{ "time": 0, "name": "HJB_dj_00_" },
					{ "time": 0.2333, "name": "HJB_dj_08_" },
					{ "time": 0.4333, "name": "HJB_dj_16_" },
					{ "time": 0.6666, "name": "HJB_dj_24_" },
					{ "time": 0.9, "name": "HJB_dj_32_" },
					{ "time": 1.1333, "name": "HJB_dj_40_" },
					{ "time": 1.3333, "name": "HJB_dj_48_" },
					{ "time": 1.5, "name": "HJB_dj_56_" },
					{ "time": 1.6666, "name": "HJB_dj_00_" },
					{ "time": 1.9, "name": "HJB_dj_08_" },
					{ "time": 2.1, "name": "HJB_dj_16_" },
					{ "time": 2.3333, "name": "HJB_dj_24_" },
					{ "time": 2.5666, "name": "HJB_dj_32_" },
					{ "time": 2.8, "name": "HJB_dj_40_" },
					{ "time": 3, "name": "HJB_dj_48_" },
					{ "time": 3.1666, "name": "HJB_dj_56_" },
					{ "time": 3.3333, "name": "HJB_dj_00_" },
					{ "time": 3.5666, "name": "HJB_dj_08_" },
					{ "time": 3.7666, "name": "HJB_dj_16_" },
					{ "time": 4, "name": "HJB_dj_24_" },
					{ "time": 4.2333, "name": "HJB_dj_32_" },
					{ "time": 4.4666, "name": "HJB_dj_40_" },
					{ "time": 4.6666, "name": "HJB_dj_48_" },
					{ "time": 4.8333, "name": "HJB_dj_56_" },
					{ "time": 5, "name": "HJB_dj_00_" },
					{ "time": 5.2333, "name": "HJB_dj_08_" },
					{ "time": 5.4333, "name": "HJB_dj_16_" },
					{ "time": 5.6666, "name": "HJB_dj_24_" },
					{ "time": 5.9, "name": "HJB_dj_32_" },
					{ "time": 6.1333, "name": "HJB_dj_40_" },
					{ "time": 6.3333, "name": "HJB_dj_48_" },
					{ "time": 6.5, "name": "HJB_dj_56_" },
					{ "time": 6.6666, "name": "HJB_dj_00_" },
					{ "time": 6.9, "name": "HJB_dj_08_" },
					{ "time": 7.1, "name": "HJB_dj_16_" },
					{ "time": 7.3333, "name": "HJB_dj_24_" },
					{ "time": 7.5666, "name": "HJB_dj_32_" },
					{ "time": 7.8, "name": "HJB_dj_40_" },
					{ "time": 8, "name": "HJB_dj_48_" },
					{ "time": 8.1666, "name": "HJB_dj_56_" },
					{ "time": 8.3333, "name": null },
					{ "time": 11.8333, "name": "HJB_dj_00_" },
					{ "time": 12.0666, "name": "HJB_dj_08_" },
					{ "time": 12.2666, "name": "HJB_dj_16_" },
					{ "time": 12.5, "name": "HJB_dj_24_" },
					{ "time": 12.7333, "name": "HJB_dj_32_" },
					{ "time": 12.9666, "name": "HJB_dj_40_" },
					{ "time": 13.1666, "name": "HJB_dj_48_" },
					{ "time": 13.3333, "name": "HJB_dj_00_" }
				]
			},
			"HJB_dj_00_2": {
				"attachment": [
					{ "time": 0, "name": "HJB_dj_00_" },
					{ "time": 0.2333, "name": "HJB_dj_08_" },
					{ "time": 0.4333, "name": "HJB_dj_16_" },
					{ "time": 0.6666, "name": "HJB_dj_24_" },
					{ "time": 0.9, "name": "HJB_dj_32_" },
					{ "time": 1.1333, "name": "HJB_dj_40_" },
					{ "time": 1.3333, "name": "HJB_dj_48_" },
					{ "time": 1.5, "name": "HJB_dj_56_" },
					{ "time": 1.6666, "name": "HJB_dj_00_" },
					{ "time": 1.7666, "name": null },
					{ "time": 5.1666, "name": "HJB_dj_00_" },
					{ "time": 5.4, "name": "HJB_dj_08_" },
					{ "time": 5.6, "name": "HJB_dj_16_" },
					{ "time": 5.8333, "name": "HJB_dj_24_" },
					{ "time": 6.0666, "name": "HJB_dj_32_" },
					{ "time": 6.3, "name": "HJB_dj_40_" },
					{ "time": 6.5, "name": "HJB_dj_48_" },
					{ "time": 6.6666, "name": "HJB_dj_56_" },
					{ "time": 6.8333, "name": "HJB_dj_00_" },
					{ "time": 7.0666, "name": "HJB_dj_08_" },
					{ "time": 7.2666, "name": "HJB_dj_16_" },
					{ "time": 7.5, "name": "HJB_dj_24_" },
					{ "time": 7.7333, "name": "HJB_dj_32_" },
					{ "time": 7.9666, "name": "HJB_dj_40_" },
					{ "time": 8.1666, "name": "HJB_dj_48_" },
					{ "time": 8.3333, "name": "HJB_dj_56_" },
					{ "time": 8.5, "name": "HJB_dj_00_" },
					{ "time": 8.7333, "name": "HJB_dj_08_" },
					{ "time": 8.9333, "name": "HJB_dj_16_" },
					{ "time": 9.1666, "name": "HJB_dj_24_" },
					{ "time": 9.4, "name": "HJB_dj_32_" },
					{ "time": 9.6333, "name": "HJB_dj_40_" },
					{ "time": 9.8333, "name": "HJB_dj_48_" },
					{ "time": 10, "name": "HJB_dj_56_" },
					{ "time": 10.1666, "name": "HJB_dj_00_" },
					{ "time": 10.4, "name": "HJB_dj_08_" },
					{ "time": 10.6, "name": "HJB_dj_16_" },
					{ "time": 10.8333, "name": "HJB_dj_24_" },
					{ "time": 11.0666, "name": "HJB_dj_32_" },
					{ "time": 11.3, "name": "HJB_dj_40_" },
					{ "time": 11.5, "name": "HJB_dj_48_" },
					{ "time": 11.6666, "name": "HJB_dj_56_" },
					{ "time": 11.8333, "name": "HJB_dj_00_" },
					{ "time": 12.0333, "name": "HJB_dj_08_" },
					{ "time": 12.2333, "name": "HJB_dj_16_" },
					{ "time": 12.4333, "name": "HJB_dj_24_" },
					{ "time": 12.6333, "name": "HJB_dj_32_" },
					{ "time": 12.8666, "name": "HJB_dj_40_" },
					{ "time": 13.0333, "name": "HJB_dj_48_" },
					{ "time": 13.2, "name": "HJB_dj_56_" },
					{ "time": 13.3333, "name": "HJB_dj_00_" }
				]
			},
			"HJB_xx_01_2": {
				"attachment": [
					{ "time": 8.3333, "name": "HJB_xx_01_" },
					{ "time": 8.4333, "name": "HJB_xx_03_" },
					{ "time": 8.5666, "name": "HJB_xx_07_" },
					{ "time": 8.7, "name": "HJB_xx_11_" },
					{ "time": 8.8333, "name": "HJB_xx_15_" },
					{ "time": 8.9666, "name": "HJB_xx_19_" },
					{ "time": 9.1, "name": "HJB_xx_23_" },
					{ "time": 9.2333, "name": "HJB_xx_27_" },
					{ "time": 9.3666, "name": "HJB_xx_31_" },
					{ "time": 9.5, "name": "HJB_xx_35_" },
					{ "time": 9.6333, "name": "HJB_xx_39_" },
					{ "time": 9.7666, "name": "HJB_xx_43_" },
					{ "time": 9.9, "name": "HJB_xx_47_" },
					{ "time": 10.0333, "name": "HJB_xx_51_" },
					{ "time": 10.1666, "name": "HJB_xx_55_" },
					{ "time": 10.3, "name": "HJB_xx_59_" },
					{ "time": 10.4333, "name": "HJB_xx_63_" },
					{ "time": 10.5666, "name": "HJB_xx_67_" },
					{ "time": 10.7, "name": "HJB_xx_71_" },
					{ "time": 10.8333, "name": "HJB_xx_75_" },
					{ "time": 10.9666, "name": "HJB_xx_79_" },
					{ "time": 11.1, "name": "HJB_xx_83_" },
					{ "time": 11.2333, "name": "HJB_xx_87_" },
					{ "time": 11.3666, "name": "HJB_xx_91_" },
					{ "time": 11.5, "name": "HJB_xx_95_" },
					{ "time": 11.6333, "name": "HJB_xx_99_" },
					{ "time": 11.7666, "name": "HJB_xx_103_" },
					{ "time": 11.8333, "name": null },
					{ "time": 13.3333, "name": "HJB_xx_01_" }
				]
			},
			"HJB_xx_01_3": {
				"attachment": [
					{ "time": 1.7666, "name": "HJB_xx_03_" },
					{ "time": 1.9, "name": "HJB_xx_07_" },
					{ "time": 2.0333, "name": "HJB_xx_11_" },
					{ "time": 2.1666, "name": "HJB_xx_15_" },
					{ "time": 2.3, "name": "HJB_xx_19_" },
					{ "time": 2.4333, "name": "HJB_xx_23_" },
					{ "time": 2.5666, "name": "HJB_xx_27_" },
					{ "time": 2.7, "name": "HJB_xx_31_" },
					{ "time": 2.8333, "name": "HJB_xx_35_" },
					{ "time": 2.9666, "name": "HJB_xx_39_" },
					{ "time": 3.1, "name": "HJB_xx_43_" },
					{ "time": 3.2333, "name": "HJB_xx_47_" },
					{ "time": 3.3666, "name": "HJB_xx_51_" },
					{ "time": 3.5, "name": "HJB_xx_55_" },
					{ "time": 3.6333, "name": "HJB_xx_59_" },
					{ "time": 3.7666, "name": "HJB_xx_63_" },
					{ "time": 3.9, "name": "HJB_xx_67_" },
					{ "time": 4.0333, "name": "HJB_xx_71_" },
					{ "time": 4.1666, "name": "HJB_xx_75_" },
					{ "time": 4.3, "name": "HJB_xx_79_" },
					{ "time": 4.4, "name": "HJB_xx_83_" },
					{ "time": 4.5666, "name": "HJB_xx_87_" },
					{ "time": 4.7, "name": "HJB_xx_91_" },
					{ "time": 4.8333, "name": "HJB_xx_95_" },
					{ "time": 4.9666, "name": "HJB_xx_99_" },
					{ "time": 5.1, "name": "HJB_xx_103_" },
					{ "time": 5.1666, "name": null }
				]
			},
			"zhihuiyiji_0_000_": {
				"attachment": [
					{ "time": 0, "name": "zhihuiyiji_0_000_" },
					{ "time": 0.1, "name": "zhihuiyiji_0_001_" },
					{ "time": 0.2, "name": "zhihuiyiji_0_002_" },
					{ "time": 0.3, "name": "zhihuiyiji_0_003_" },
					{ "time": 0.4, "name": "zhihuiyiji_0_004_" },
					{ "time": 0.4666, "name": "zhihuiyiji_0_005_" },
					{ "time": 0.5666, "name": "zhihuiyiji_0_006_" },
					{ "time": 0.6666, "name": "zhihuiyiji_0_007_" },
					{ "time": 0.7666, "name": "zhihuiyiji_0_008_" },
					{ "time": 0.8666, "name": "zhihuiyiji_0_009_" },
					{ "time": 0.9666, "name": "zhihuiyiji_0_010_" },
					{ "time": 1.0666, "name": "zhihuiyiji_0_011_" },
					{ "time": 1.1666, "name": "zhihuiyiji_0_012_" },
					{ "time": 1.2333, "name": "zhihuiyiji_0_013_" },
					{ "time": 1.3333, "name": "zhihuiyiji_0_000_" },
					{ "time": 1.4333, "name": "zhihuiyiji_0_001_" },
					{ "time": 1.5333, "name": "zhihuiyiji_0_002_" },
					{ "time": 1.6333, "name": "zhihuiyiji_0_003_" },
					{ "time": 1.7333, "name": "zhihuiyiji_0_004_" },
					{ "time": 1.8, "name": "zhihuiyiji_0_005_" },
					{ "time": 1.9, "name": "zhihuiyiji_0_006_" },
					{ "time": 2, "name": "zhihuiyiji_0_007_" },
					{ "time": 2.1, "name": "zhihuiyiji_0_008_" },
					{ "time": 2.2, "name": "zhihuiyiji_0_009_" },
					{ "time": 2.3, "name": "zhihuiyiji_0_010_" },
					{ "time": 2.4, "name": "zhihuiyiji_0_011_" },
					{ "time": 2.5, "name": "zhihuiyiji_0_012_" },
					{ "time": 2.5666, "name": "zhihuiyiji_0_013_" },
					{ "time": 2.6666, "name": "zhihuiyiji_0_000_" },
					{ "time": 2.7666, "name": "zhihuiyiji_0_001_" },
					{ "time": 2.8666, "name": "zhihuiyiji_0_002_" },
					{ "time": 2.9666, "name": "zhihuiyiji_0_003_" },
					{ "time": 3.0666, "name": "zhihuiyiji_0_004_" },
					{ "time": 3.1333, "name": "zhihuiyiji_0_005_" },
					{ "time": 3.2333, "name": "zhihuiyiji_0_006_" },
					{ "time": 3.3333, "name": "zhihuiyiji_0_007_" },
					{ "time": 3.4333, "name": "zhihuiyiji_0_008_" },
					{ "time": 3.5333, "name": "zhihuiyiji_0_009_" },
					{ "time": 3.6333, "name": "zhihuiyiji_0_010_" },
					{ "time": 3.7333, "name": "zhihuiyiji_0_011_" },
					{ "time": 3.8333, "name": "zhihuiyiji_0_012_" },
					{ "time": 3.9, "name": "zhihuiyiji_0_013_" },
					{ "time": 4, "name": "zhihuiyiji_0_000_" },
					{ "time": 4.1, "name": "zhihuiyiji_0_001_" },
					{ "time": 4.2, "name": "zhihuiyiji_0_002_" },
					{ "time": 4.3, "name": "zhihuiyiji_0_003_" },
					{ "time": 4.4, "name": "zhihuiyiji_0_004_" },
					{ "time": 4.4666, "name": "zhihuiyiji_0_005_" },
					{ "time": 4.5666, "name": "zhihuiyiji_0_006_" },
					{ "time": 4.6666, "name": "zhihuiyiji_0_007_" },
					{ "time": 4.7666, "name": "zhihuiyiji_0_008_" },
					{ "time": 4.8666, "name": "zhihuiyiji_0_009_" },
					{ "time": 4.9666, "name": "zhihuiyiji_0_010_" },
					{ "time": 5.0666, "name": "zhihuiyiji_0_011_" },
					{ "time": 5.1666, "name": "zhihuiyiji_0_012_" },
					{ "time": 5.2333, "name": "zhihuiyiji_0_013_" },
					{ "time": 5.3333, "name": "zhihuiyiji_0_000_" },
					{ "time": 5.4333, "name": "zhihuiyiji_0_001_" },
					{ "time": 5.5333, "name": "zhihuiyiji_0_002_" },
					{ "time": 5.6333, "name": "zhihuiyiji_0_003_" },
					{ "time": 5.7333, "name": "zhihuiyiji_0_004_" },
					{ "time": 5.8, "name": "zhihuiyiji_0_005_" },
					{ "time": 5.9, "name": "zhihuiyiji_0_006_" },
					{ "time": 6, "name": "zhihuiyiji_0_007_" },
					{ "time": 6.1, "name": "zhihuiyiji_0_008_" },
					{ "time": 6.2, "name": "zhihuiyiji_0_009_" },
					{ "time": 6.3, "name": "zhihuiyiji_0_010_" },
					{ "time": 6.4, "name": "zhihuiyiji_0_011_" },
					{ "time": 6.5, "name": "zhihuiyiji_0_012_" },
					{ "time": 6.5666, "name": "zhihuiyiji_0_013_" },
					{ "time": 6.6666, "name": "zhihuiyiji_0_000_" },
					{ "time": 6.7666, "name": "zhihuiyiji_0_001_" },
					{ "time": 6.8666, "name": "zhihuiyiji_0_002_" },
					{ "time": 6.9666, "name": "zhihuiyiji_0_003_" },
					{ "time": 7.0666, "name": "zhihuiyiji_0_004_" },
					{ "time": 7.1333, "name": "zhihuiyiji_0_005_" },
					{ "time": 7.2333, "name": "zhihuiyiji_0_006_" },
					{ "time": 7.3333, "name": "zhihuiyiji_0_007_" },
					{ "time": 7.4333, "name": "zhihuiyiji_0_008_" },
					{ "time": 7.5333, "name": "zhihuiyiji_0_009_" },
					{ "time": 7.6333, "name": "zhihuiyiji_0_010_" },
					{ "time": 7.7333, "name": "zhihuiyiji_0_011_" },
					{ "time": 7.8333, "name": "zhihuiyiji_0_012_" },
					{ "time": 7.9, "name": "zhihuiyiji_0_013_" },
					{ "time": 8, "name": "zhihuiyiji_0_000_" },
					{ "time": 8.1, "name": "zhihuiyiji_0_001_" },
					{ "time": 8.2, "name": "zhihuiyiji_0_002_" },
					{ "time": 8.3, "name": "zhihuiyiji_0_003_" },
					{ "time": 8.4, "name": "zhihuiyiji_0_004_" },
					{ "time": 8.4666, "name": "zhihuiyiji_0_005_" },
					{ "time": 8.5666, "name": "zhihuiyiji_0_006_" },
					{ "time": 8.6666, "name": "zhihuiyiji_0_007_" },
					{ "time": 8.7666, "name": "zhihuiyiji_0_008_" },
					{ "time": 8.8666, "name": "zhihuiyiji_0_009_" },
					{ "time": 8.9666, "name": "zhihuiyiji_0_010_" },
					{ "time": 9.0666, "name": "zhihuiyiji_0_011_" },
					{ "time": 9.1666, "name": "zhihuiyiji_0_012_" },
					{ "time": 9.2333, "name": "zhihuiyiji_0_013_" },
					{ "time": 9.3333, "name": "zhihuiyiji_0_000_" },
					{ "time": 9.4333, "name": "zhihuiyiji_0_001_" },
					{ "time": 9.5333, "name": "zhihuiyiji_0_002_" },
					{ "time": 9.6333, "name": "zhihuiyiji_0_003_" },
					{ "time": 9.7333, "name": "zhihuiyiji_0_004_" },
					{ "time": 9.8, "name": "zhihuiyiji_0_005_" },
					{ "time": 9.9, "name": "zhihuiyiji_0_006_" },
					{ "time": 10, "name": "zhihuiyiji_0_007_" },
					{ "time": 10.1, "name": "zhihuiyiji_0_008_" },
					{ "time": 10.2, "name": "zhihuiyiji_0_009_" },
					{ "time": 10.3, "name": "zhihuiyiji_0_010_" },
					{ "time": 10.4, "name": "zhihuiyiji_0_011_" },
					{ "time": 10.5, "name": "zhihuiyiji_0_012_" },
					{ "time": 10.5666, "name": "zhihuiyiji_0_013_" },
					{ "time": 10.6666, "name": "zhihuiyiji_0_000_" },
					{ "time": 10.7666, "name": "zhihuiyiji_0_001_" },
					{ "time": 10.8666, "name": "zhihuiyiji_0_002_" },
					{ "time": 10.9666, "name": "zhihuiyiji_0_003_" },
					{ "time": 11.0666, "name": "zhihuiyiji_0_004_" },
					{ "time": 11.1333, "name": "zhihuiyiji_0_005_" },
					{ "time": 11.2333, "name": "zhihuiyiji_0_006_" },
					{ "time": 11.3333, "name": "zhihuiyiji_0_007_" },
					{ "time": 11.4333, "name": "zhihuiyiji_0_008_" },
					{ "time": 11.5333, "name": "zhihuiyiji_0_009_" },
					{ "time": 11.6333, "name": "zhihuiyiji_0_010_" },
					{ "time": 11.7333, "name": "zhihuiyiji_0_011_" },
					{ "time": 11.8333, "name": "zhihuiyiji_0_012_" },
					{ "time": 11.9, "name": "zhihuiyiji_0_013_" },
					{ "time": 12, "name": "zhihuiyiji_0_000_" },
					{ "time": 12.1, "name": "zhihuiyiji_0_001_" },
					{ "time": 12.2, "name": "zhihuiyiji_0_002_" },
					{ "time": 12.3, "name": "zhihuiyiji_0_003_" },
					{ "time": 12.4, "name": "zhihuiyiji_0_004_" },
					{ "time": 12.4666, "name": "zhihuiyiji_0_005_" },
					{ "time": 12.5666, "name": "zhihuiyiji_0_006_" },
					{ "time": 12.6666, "name": "zhihuiyiji_0_007_" },
					{ "time": 12.7666, "name": "zhihuiyiji_0_008_" },
					{ "time": 12.8666, "name": "zhihuiyiji_0_009_" },
					{ "time": 12.9666, "name": "zhihuiyiji_0_010_" },
					{ "time": 13.0666, "name": "zhihuiyiji_0_011_" },
					{ "time": 13.1666, "name": "zhihuiyiji_0_012_" },
					{ "time": 13.2333, "name": "zhihuiyiji_0_013_" },
					{ "time": 13.3333, "name": "zhihuiyiji_0_000_" }
				]
			}
		},
		"bones": {
			"bone": {
				"rotate": [
					{ "time": 0, "angle": 0, "curve": "stepped" },
					{ "time": 1.6666, "angle": 0, "curve": "stepped" },
					{ "time": 3.3333, "angle": 0, "curve": "stepped" },
					{ "time": 5, "angle": 0, "curve": "stepped" },
					{ "time": 6.6666, "angle": 0, "curve": "stepped" },
					{ "time": 8.3333, "angle": 0, "curve": "stepped" },
					{ "time": 11.8333, "angle": 0, "curve": "stepped" },
					{ "time": 13.3333, "angle": 0 }
				],
				"translate": [
					{ "time": 0, "x": 0, "y": 60, "curve": "stepped" },
					{ "time": 13.3333, "x": 0, "y": 60 }
				],
				"scale": [
					{ "time": 0, "x": 1, "y": 1, "curve": "stepped" },
					{ "time": 1.6666, "x": 1, "y": 1, "curve": "stepped" },
					{ "time": 3.3333, "x": 1, "y": 1, "curve": "stepped" },
					{ "time": 5, "x": 1, "y": 1, "curve": "stepped" },
					{ "time": 6.6666, "x": 1, "y": 1, "curve": "stepped" },
					{ "time": 8.3333, "x": 1, "y": 1, "curve": "stepped" },
					{ "time": 11.8333, "x": 1, "y": 1, "curve": "stepped" },
					{ "time": 13.3333, "x": 1, "y": 1 }
				]
			},
			"root": {
				"rotate": [
					{ "time": 0, "angle": 0, "curve": "stepped" },
					{ "time": 8.5, "angle": 0, "curve": "stepped" },
					{ "time": 13.3333, "angle": 0 }
				],
				"translate": [
					{ "time": 0, "x": 0, "y": 0, "curve": "stepped" },
					{ "time": 8.5, "x": 0, "y": 0, "curve": "stepped" },
					{ "time": 13.3333, "x": 0, "y": 0 }
				],
				"scale": [
					{ "time": 0, "x": 1, "y": 1, "curve": "stepped" },
					{ "time": 8.5, "x": 1, "y": 1, "curve": "stepped" },
					{ "time": 13.3333, "x": 1, "y": 1 }
				]
			},
			"bone2": {
				"rotate": [
					{ "time": 0, "angle": 0, "curve": "stepped" },
					{ "time": 8.5, "angle": 0, "curve": "stepped" },
					{ "time": 13.3333, "angle": 0 }
				],
				"translate": [
					{ "time": 0, "x": 0, "y": 0, "curve": "stepped" },
					{ "time": 8.5, "x": 0, "y": 0, "curve": "stepped" },
					{ "time": 13.3333, "x": 0, "y": 0 }
				],
				"scale": [
					{ "time": 0, "x": 1, "y": 1, "curve": "stepped" },
					{ "time": 8.5, "x": 1, "y": 1, "curve": "stepped" },
					{ "time": 13.3333, "x": 1, "y": 1 }
				]
			},
			"bone3": {
				"rotate": [
					{ "time": 0, "angle": 0, "curve": "stepped" },
					{ "time": 13.3333, "angle": 0 }
				],
				"translate": [
					{ "time": 0, "x": 0, "y": 60, "curve": "stepped" },
					{ "time": 1.6666, "x": 0, "y": 60, "curve": "stepped" },
					{ "time": 5.1666, "x": 0, "y": 60, "curve": "stepped" },
					{ "time": 6.8333, "x": 0, "y": 60, "curve": "stepped" },
					{ "time": 8.5, "x": 0, "y": 60, "curve": "stepped" },
					{ "time": 10.1666, "x": 0, "y": 60, "curve": "stepped" },
					{ "time": 11.8333, "x": 0, "y": 60, "curve": "stepped" },
					{ "time": 13.3333, "x": 0, "y": 60 }
				],
				"scale": [
					{ "time": 0, "x": 1, "y": 1, "curve": "stepped" },
					{ "time": 13.3333, "x": 1, "y": 1 }
				]
			},
			"bing02": {
				"rotate": [
					{ "time": 0, "angle": 0, "curve": "stepped" },
					{ "time": 13.3333, "angle": 0 }
				],
				"translate": [
					{ "time": 0, "x": 36.98, "y": 0, "curve": "stepped" },
					{ "time": 13.3333, "x": 36.98, "y": 0 }
				],
				"scale": [
					{ "time": 0, "x": -1, "y": 1, "curve": "stepped" },
					{ "time": 13.3333, "x": -1, "y": 1 }
				]
			},
			"bing01": {
				"rotate": [
					{ "time": 0, "angle": 0, "curve": "stepped" },
					{ "time": 13.3333, "angle": 0 }
				],
				"translate": [
					{ "time": 0, "x": -61.76, "y": 0, "curve": "stepped" },
					{ "time": 13.3333, "x": -61.76, "y": 0 }
				],
				"scale": [
					{ "time": 0, "x": 1, "y": 1, "curve": "stepped" },
					{ "time": 13.3333, "x": 1, "y": 1 }
				]
			},
			"men": {
				"rotate": [
					{ "time": 0, "angle": 0, "curve": "stepped" },
					{ "time": 2.6666, "angle": 0, "curve": "stepped" },
					{ "time": 4, "angle": 0, "curve": "stepped" },
					{ "time": 5.3333, "angle": 0, "curve": "stepped" },
					{ "time": 6.6666, "angle": 0, "curve": "stepped" },
					{ "time": 8, "angle": 0, "curve": "stepped" },
					{ "time": 9.3333, "angle": 0, "curve": "stepped" },
					{ "time": 10.6666, "angle": 0, "curve": "stepped" },
					{ "time": 12, "angle": 0, "curve": "stepped" },
					{ "time": 13.3333, "angle": 0 }
				],
				"translate": [
					{ "time": 0, "x": 0, "y": 0, "curve": "stepped" },
					{ "time": 1.3333, "x": 0, "y": 0, "curve": "stepped" },
					{ "time": 2.6666, "x": 0, "y": 0, "curve": "stepped" },
					{ "time": 4, "x": 0, "y": 0, "curve": "stepped" },
					{ "time": 5.3333, "x": 0, "y": 0, "curve": "stepped" },
					{ "time": 6.6666, "x": 0, "y": 0, "curve": "stepped" },
					{ "time": 8, "x": 0, "y": 0, "curve": "stepped" },
					{ "time": 9.3333, "x": 0, "y": 0, "curve": "stepped" },
					{ "time": 10.6666, "x": 0, "y": 0, "curve": "stepped" },
					{ "time": 12, "x": 0, "y": 0, "curve": "stepped" },
					{ "time": 13.3333, "x": 0, "y": 0 }
				],
				"scale": [
					{ "time": 0, "x": 1, "y": 1, "curve": "stepped" },
					{ "time": 2.6666, "x": 1, "y": 1, "curve": "stepped" },
					{ "time": 4, "x": 1, "y": 1, "curve": "stepped" },
					{ "time": 5.3333, "x": 1, "y": 1, "curve": "stepped" },
					{ "time": 6.6666, "x": 1, "y": 1, "curve": "stepped" },
					{ "time": 8, "x": 1, "y": 1, "curve": "stepped" },
					{ "time": 9.3333, "x": 1, "y": 1, "curve": "stepped" },
					{ "time": 10.6666, "x": 1, "y": 1, "curve": "stepped" },
					{ "time": 12, "x": 1, "y": 1, "curve": "stepped" },
					{ "time": 13.3333, "x": 1, "y": 1 }
				]
			},
			"bone5": {
				"rotate": [
					{ "time": 0, "angle": 0, "curve": "stepped" },
					{ "time": 13.3333, "angle": 0 }
				],
				"translate": [
					{ "time": 0, "x": 0, "y": 0, "curve": "stepped" },
					{ "time": 13.3333, "x": 0, "y": 0 }
				],
				"scale": [
					{ "time": 0, "x": 1, "y": 1, "curve": "stepped" },
					{ "time": 13.3333, "x": 1, "y": 1 }
				]
			}
		}
	}
}
}