{
"skeleton": { "hash": "oMVi0BHvIp297k3dJtB2y+HoBHw", "spine": "2.1.27", "width": 610, "height": 654 },
"bones": [
	{ "name": "root" }
],
"slots": [
	{ "name": "face_sd", "bone": "root", "attachment": "face_sd" }
],
"skins": {
	"default": {
		"face_sd": {
			"face_sd": { "x": -18.55, "y": 327, "width": 610, "height": 654 }
		}
	}
},
"animations": {
	"animation": {
		"bones": {
			"root": {
				"rotate": [
					{ "time": 0, "angle": 0, "curve": "stepped" },
					{ "time": 1, "angle": 0 }
				],
				"translate": [
					{ "time": 0, "x": 0, "y": 0, "curve": "stepped" },
					{ "time": 1, "x": 0, "y": 0 }
				],
				"scale": [
					{ "time": 0, "x": 1, "y": 1, "curve": "stepped" },
					{ "time": 1, "x": 1, "y": 1 }
				]
			}
		}
	}
}
}