{"skeleton":{"hash":"t20PMKroTJ5AgL6qztwMAU+/siM","spine":"3.7.94","width":0,"height":0,"images":"./images/","audio":""},"bones":[{"name":"root"},{"name":"xian_1","parent":"root","x":1.86,"y":212.26,"scaleX":2,"scaleY":2},{"name":"xian_1_1","parent":"xian_1"},{"name":"xina_2_1","parent":"xian_1","x":3.95,"y":-7.9},{"name":"xian_3_1","parent":"xian_1","x":1.58,"y":-11.86},{"name":"baopansj_xian_4_1","parent":"xian_1","y":-15.81},{"name":"xian_2","parent":"root","x":215.75,"y":2.52,"scaleX":2,"scaleY":2},{"name":"xian_1_2","parent":"xian_2"},{"name":"xina_2_2","parent":"xian_2","x":3.95,"y":-7.9},{"name":"xian_3_2","parent":"xian_2","x":1.58,"y":-11.86},{"name":"baopansj_xian_4_2","parent":"xian_2","y":-15.81},{"name":"xian_3","parent":"root","x":83.26,"y":-138.38,"scaleX":2,"scaleY":2},{"name":"xian_1_3","parent":"xian_3"},{"name":"xina_2_3","parent":"xian_3","x":3.95,"y":-7.9},{"name":"xian_3_3","parent":"xian_3","x":1.58,"y":-11.86},{"name":"baopansj_xian_4_3","parent":"xian_3","y":-15.81},{"name":"xian_4","parent":"root","x":-152.27,"y":-71.08,"scaleX":2,"scaleY":2},{"name":"xian_1_4","parent":"xian_4"},{"name":"xina_2_4","parent":"xian_4","x":3.95,"y":-7.9},{"name":"xian_3_4","parent":"xian_4","x":1.58,"y":-11.86},{"name":"baopansj_xian_4_4","parent":"xian_4","y":-15.81},{"name":"liang","parent":"root"}],"slots":[{"name":"baopansj_xian_4_","bone":"baopansj_xian_4_1","color":"ffc462be"},{"name":"baopansj_xian_4_2","bone":"baopansj_xian_4_2","color":"ffc462be"},{"name":"baopansj_xian_4_3","bone":"baopansj_xian_4_3","color":"ffc462be","blend":"additive"},{"name":"baopansj_xian_4_4","bone":"baopansj_xian_4_4","color":"ffc462be","blend":"additive"},{"name":"baopansj_xian_1_1","bone":"xian_1_1","color":"ff9c0cff","blend":"additive"},{"name":"baopansj_xian_1_2","bone":"xian_1_2","color":"ff9c0cff","blend":"additive"},{"name":"baopansj_xian_1_3","bone":"xian_1_3","color":"ff9c0cff","blend":"additive"},{"name":"baopansj_xian_1_4","bone":"xian_1_4","color":"ff9c0cff","blend":"additive"},{"name":"baopansj_xian_2_","bone":"xina_2_1","color":"ffee6fff","blend":"additive"},{"name":"baopansj_xian_2_2","bone":"xina_2_2","color":"ffee6fff","blend":"additive"},{"name":"baopansj_xian_2_3","bone":"xina_2_3","color":"ffee6fff","blend":"additive"},{"name":"baopansj_xian_2_4","bone":"xina_2_4","color":"ffee6fff","blend":"additive"},{"name":"baopansj_xian_3_","bone":"xian_3_1","color":"ffb60dff","blend":"additive"},{"name":"baopansj_xian_3_2","bone":"xian_3_2","color":"ffb60dff","blend":"additive"},{"name":"baopansj_xian_3_3","bone":"xian_3_3","color":"ffb60dff","blend":"additive"},{"name":"baopansj_xian_3_4","bone":"xian_3_4","color":"ffb60dff","blend":"additive"},{"name":"liang_01","bone":"liang","blend":"additive"},{"name":"liang_12","bone":"liang","blend":"additive"},{"name":"liang_02","bone":"liang","blend":"additive"},{"name":"liang_03","bone":"liang","blend":"additive"},{"name":"liang_04","bone":"liang","blend":"additive"},{"name":"liang_05","bone":"liang","blend":"additive"},{"name":"liang_06","bone":"liang","blend":"additive"},{"name":"liang_07","bone":"liang","blend":"additive"},{"name":"liang_08","bone":"liang","blend":"additive"},{"name":"liang_09","bone":"liang","blend":"additive"},{"name":"liang_10","bone":"liang","blend":"additive"},{"name":"liang_11","bone":"liang","blend":"additive"}],"skins":{"default":{"baopansj_xian_1_1":{"baopansj_xian_1_":{"width":14,"height":111}},"baopansj_xian_1_2":{"baopansj_xian_1_":{"width":14,"height":111}},"baopansj_xian_1_3":{"baopansj_xian_1_":{"width":14,"height":111}},"baopansj_xian_1_4":{"baopansj_xian_1_":{"width":14,"height":111}},"baopansj_xian_2_":{"baopansj_xian_2_":{"x":-3.95,"y":4.71,"scaleX":0.9,"scaleY":-0.9,"width":70,"height":128}},"baopansj_xian_2_2":{"baopansj_xian_2_":{"x":-3.95,"y":4.71,"width":70,"height":128}},"baopansj_xian_2_3":{"baopansj_xian_2_":{"x":-3.95,"y":4.71,"scaleY":-1,"width":70,"height":128}},"baopansj_xian_2_4":{"baopansj_xian_2_":{"x":-3.95,"y":4.71,"width":70,"height":128}},"baopansj_xian_3_":{"baopansj_xian_3_":{"x":-1.58,"y":11.86,"width":89,"height":240}},"baopansj_xian_3_2":{"baopansj_xian_3_":{"x":-1.58,"y":11.86,"width":89,"height":240}},"baopansj_xian_3_3":{"baopansj_xian_3_":{"x":-1.58,"y":11.86,"width":89,"height":240}},"baopansj_xian_3_4":{"baopansj_xian_3_":{"x":-1.58,"y":11.86,"width":89,"height":240}},"baopansj_xian_4_":{"baopansj_xian_4_":{"y":15.81,"width":128,"height":157}},"baopansj_xian_4_2":{"baopansj_xian_4_":{"y":15.81,"width":128,"height":157}},"baopansj_xian_4_3":{"baopansj_xian_4_":{"y":15.81,"width":128,"height":157}},"baopansj_xian_4_4":{"baopansj_xian_4_":{"y":15.81,"width":128,"height":157}},"liang_01":{"liang_":{"x":-0.67,"y":-214.21,"width":139,"height":139}},"liang_02":{"liang_":{"x":-73.16,"y":-142.55,"width":139,"height":139}},"liang_03":{"liang_":{"x":69.78,"y":-142.55,"width":139,"height":139}},"liang_04":{"liang_":{"x":-143.92,"y":-71.21,"width":139,"height":139}},"liang_05":{"liang_":{"x":141.32,"y":-71.21,"width":139,"height":139}},"liang_06":{"liang_":{"x":-215.15,"y":0.34,"width":139,"height":139}},"liang_07":{"liang_":{"x":212.59,"y":0.34,"width":139,"height":139}},"liang_08":{"liang_":{"x":-144.05,"y":72.32,"width":139,"height":139}},"liang_09":{"liang_":{"x":142.38,"y":72.32,"width":139,"height":139}},"liang_10":{"liang_":{"x":-72.9,"y":144.07,"width":139,"height":139}},"liang_11":{"liang_":{"x":71.22,"y":144.07,"width":139,"height":139}},"liang_12":{"liang_":{"x":-0.67,"y":215.12,"width":139,"height":139}}}},"animations":{"animation":{"slots":{"baopansj_xian_2_":{"color":[{"time":0,"color":"ffee6f00"},{"time":0.4,"color":"ffee6fff","curve":"stepped"},{"time":0.5333,"color":"ffee6fff"},{"time":0.9,"color":"ffee6f00"}],"attachment":[{"time":0,"name":"baopansj_xian_2_"}]},"baopansj_xian_3_":{"color":[{"time":0,"color":"ffb60c00"},{"time":0.4,"color":"ffb60dff","curve":"stepped"},{"time":0.7667,"color":"ffb60dff"},{"time":1.1667,"color":"ffb60c00"}],"attachment":[{"time":0,"name":"baopansj_xian_3_"}]},"baopansj_xian_4_":{"color":[{"time":0,"color":"ffc36100"},{"time":0.5333,"color":"ffc462be","curve":"stepped"},{"time":0.6667,"color":"ffc462be"},{"time":1.1667,"color":"ffc36100"}],"attachment":[{"time":0,"name":"baopansj_xian_4_"}]},"baopansj_xian_1_1":{"color":[{"time":0,"color":"ff9c0b00"},{"time":0.3,"color":"ff9c0cff","curve":"stepped"},{"time":0.4667,"color":"ff9c0cff"},{"time":0.7667,"color":"ff9c0b00"}],"attachment":[{"time":0,"name":"baopansj_xian_1_"}]},"baopansj_xian_1_2":{"color":[{"time":0.1667,"color":"ff9c0b00"},{"time":0.4333,"color":"ff9c0cff","curve":"stepped"},{"time":0.5667,"color":"ff9c0cff"},{"time":0.8333,"color":"ff9c0b00"}],"attachment":[{"time":0.1667,"name":"baopansj_xian_1_"}]},"baopansj_xian_1_3":{"color":[{"time":0.3333,"color":"ff9c0b00"},{"time":0.6333,"color":"ff9c0cff","curve":"stepped"},{"time":0.8,"color":"ff9c0cff"},{"time":1.1333,"color":"ff9c0b00"}],"attachment":[{"time":0.3333,"name":"baopansj_xian_1_"}]},"baopansj_xian_1_4":{"color":[{"time":0.1667,"color":"ff9c0b00"},{"time":0.4667,"color":"ff9c0cff","curve":"stepped"},{"time":0.6333,"color":"ff9c0cff"},{"time":0.9333,"color":"ff9c0b00"}],"attachment":[{"time":0.1667,"name":"baopansj_xian_1_"}]},"baopansj_xian_2_2":{"color":[{"time":0.1667,"color":"ffee6f00"},{"time":0.5,"color":"ffee6fff","curve":"stepped"},{"time":0.6333,"color":"ffee6fff"},{"time":0.9333,"color":"ffee6f00"}],"attachment":[{"time":0.1667,"name":"baopansj_xian_2_"}]},"baopansj_xian_2_3":{"color":[{"time":0.3333,"color":"ffee6f00"},{"time":0.7333,"color":"ffee6fff","curve":"stepped"},{"time":0.8667,"color":"ffee6fff"},{"time":1.2333,"color":"ffee6f00"}],"attachment":[{"time":0.3333,"name":"baopansj_xian_2_"}]},"baopansj_xian_2_4":{"color":[{"time":0.1667,"color":"ffee6f00"},{"time":0.5667,"color":"ffee6fff","curve":"stepped"},{"time":0.7,"color":"ffee6fff"},{"time":1.0667,"color":"ffee6f00"}],"attachment":[{"time":0.1667,"name":"baopansj_xian_2_"}]},"baopansj_xian_3_2":{"color":[{"time":0.1667,"color":"ffb60c00"},{"time":0.5,"color":"ffb60dff","curve":"stepped"},{"time":0.8333,"color":"ffb60dff"},{"time":1.1667,"color":"ffb60c00"}],"attachment":[{"time":0.1667,"name":"baopansj_xian_3_"}]},"baopansj_xian_3_3":{"color":[{"time":0.3333,"color":"ffb60c00"},{"time":0.6667,"color":"ffb60dff","curve":"stepped"},{"time":0.9667,"color":"ffb60dff"},{"time":1.3333,"color":"ffb60c00"}],"attachment":[{"time":0.3333,"name":"baopansj_xian_3_"}]},"baopansj_xian_3_4":{"color":[{"time":0.1667,"color":"ffb60c00"},{"time":0.5667,"color":"ffb60dff","curve":"stepped"},{"time":0.9333,"color":"ffb60dff"},{"time":1.3333,"color":"ffb60c00"}],"attachment":[{"time":0.1667,"name":"baopansj_xian_3_"}]},"baopansj_xian_4_2":{"color":[{"time":0.1667,"color":"ffc36100"},{"time":0.6667,"color":"ffb152c3"},{"time":1.1667,"color":"ffc36100"}],"attachment":[{"time":0.1667,"name":"baopansj_xian_4_"}]},"baopansj_xian_4_3":{"color":[{"time":0.2667,"color":"ffc36100"},{"time":0.7667,"color":"ffb152c3"},{"time":1.2667,"color":"ffc36100"}],"attachment":[{"time":0.2667,"name":"baopansj_xian_4_"}]},"baopansj_xian_4_4":{"color":[{"time":0.1667,"color":"ffc36100"},{"time":0.7333,"color":"ffb152c3"},{"time":1.3333,"color":"ffc36100"}],"attachment":[{"time":0.1667,"name":"baopansj_xian_4_"}]},"liang_01":{"color":[{"time":0,"color":"ffffff00"},{"time":0.2,"color":"ffffffff"},{"time":0.4667,"color":"ffffff00"}],"attachment":[{"time":0,"name":"liang_"}]},"liang_02":{"color":[{"time":0,"color":"ffffff00","curve":"stepped"},{"time":0.0667,"color":"ffffff00"},{"time":0.2667,"color":"ffffffff"},{"time":0.5333,"color":"ffffff00"}],"attachment":[{"time":0,"name":"liang_"}]},"liang_03":{"color":[{"time":0,"color":"ffffff00","curve":"stepped"},{"time":0.0667,"color":"ffffff00"},{"time":0.2667,"color":"ffffffff"},{"time":0.5333,"color":"ffffff00"}],"attachment":[{"time":0,"name":"liang_"}]},"liang_04":{"color":[{"time":0,"color":"ffffff00","curve":"stepped"},{"time":0.1333,"color":"ffffff00"},{"time":0.3333,"color":"ffffffff"},{"time":0.6,"color":"ffffff00"}],"attachment":[{"time":0,"name":"liang_"}]},"liang_05":{"color":[{"time":0,"color":"ffffff00","curve":"stepped"},{"time":0.1333,"color":"ffffff00"},{"time":0.3333,"color":"ffffffff"},{"time":0.6,"color":"ffffff00"}],"attachment":[{"time":0,"name":"liang_"}]},"liang_06":{"color":[{"time":0,"color":"ffffff00","curve":"stepped"},{"time":0.2,"color":"ffffff00"},{"time":0.4,"color":"ffffffff"},{"time":0.6667,"color":"ffffff00"}],"attachment":[{"time":0,"name":"liang_"}]},"liang_07":{"color":[{"time":0,"color":"ffffff00","curve":"stepped"},{"time":0.2,"color":"ffffff00"},{"time":0.4,"color":"ffffffff"},{"time":0.6667,"color":"ffffff00"}],"attachment":[{"time":0,"name":"liang_"}]},"liang_08":{"color":[{"time":0,"color":"ffffff00","curve":"stepped"},{"time":0.2667,"color":"ffffff00"},{"time":0.4667,"color":"ffffffff"},{"time":0.7333,"color":"ffffff00"}],"attachment":[{"time":0,"name":"liang_"}]},"liang_09":{"color":[{"time":0,"color":"ffffff00","curve":"stepped"},{"time":0.2667,"color":"ffffff00"},{"time":0.4667,"color":"ffffffff"},{"time":0.7333,"color":"ffffff00"}],"attachment":[{"time":0,"name":"liang_"}]},"liang_10":{"color":[{"time":0,"color":"ffffff00","curve":"stepped"},{"time":0.3333,"color":"ffffff00"},{"time":0.5333,"color":"ffffffff"},{"time":0.8,"color":"ffffff00"}],"attachment":[{"time":0,"name":"liang_"}]},"liang_11":{"color":[{"time":0,"color":"ffffff00","curve":"stepped"},{"time":0.3333,"color":"ffffff00"},{"time":0.5333,"color":"ffffffff"},{"time":0.8,"color":"ffffff00"}],"attachment":[{"time":0,"name":"liang_"}]},"liang_12":{"color":[{"time":0,"color":"ffffff00","curve":"stepped"},{"time":0.4,"color":"ffffff00"},{"time":0.6,"color":"ffffffff"},{"time":0.8667,"color":"ffffff00"}],"attachment":[{"time":0,"name":"liang_"}]}},"bones":{"baopansj_xian_4_1":{"translate":[{"time":0,"x":0.79,"y":-3.16},{"time":0.4,"x":0,"y":0},{"time":1.1667,"x":0.79,"y":16.6}]},"xian_1_1":{"translate":[{"time":0,"x":30.49,"y":-50.43},{"time":0.7667,"x":30.49,"y":21.6}],"scale":[{"time":0,"x":1,"y":0.526},{"time":0.4,"x":1,"y":1},{"time":0.7667,"x":1,"y":0.526}]},"xian_3_1":{"translate":[{"time":0,"x":0,"y":-11.07},{"time":1.1667,"x":0,"y":18.97}],"scale":[{"time":0,"x":1,"y":0.589},{"time":0.5333,"x":1,"y":1,"curve":"stepped"},{"time":0.6667,"x":1,"y":1},{"time":1.1667,"x":1,"y":0.589}]},"xina_2_1":{"translate":[{"time":0,"x":-38.6,"y":-65.99},{"time":0.9,"x":-38.6,"y":1.92}],"scale":[{"time":0,"x":1,"y":0.715},{"time":0.4667,"x":1,"y":1.198},{"time":0.9,"x":1,"y":0.715}]},"xian_1_2":{"translate":[{"time":0.1667,"x":0,"y":-51.48},{"time":0.5,"x":0,"y":-15.47},{"time":0.8333,"x":0,"y":20.55}],"scale":[{"time":0.1667,"x":1,"y":0.526},{"time":0.5,"x":1,"y":1},{"time":0.8333,"x":1,"y":0.526}]},"xina_2_2":{"translate":[{"time":0.1667,"x":12.62,"y":-39.68},{"time":0.9333,"x":12.62,"y":43.08}],"scale":[{"time":0.1667,"x":1,"y":0.715},{"time":0.5,"x":1,"y":1,"curve":"stepped"},{"time":0.6333,"x":1,"y":1},{"time":0.9333,"x":1,"y":0.715}]},"xian_3_2":{"translate":[{"time":0.1667,"x":0,"y":-11.07},{"time":1.1667,"x":0,"y":18.97}],"scale":[{"time":0.1667,"x":0.411,"y":0.589},{"time":0.6333,"x":0.411,"y":1,"curve":"stepped"},{"time":0.7333,"x":0.411,"y":1},{"time":1.1667,"x":0.411,"y":0.589}]},"baopansj_xian_4_2":{"translate":[{"time":0.1667,"x":-21.29,"y":-33.66},{"time":1.1667,"x":-21.29,"y":33.42}]},"xian_1_3":{"translate":[{"time":0.3333,"x":21.03,"y":78.9},{"time":1.1333,"x":21.03,"y":150.94}],"scale":[{"time":0.3333,"x":1,"y":0.526},{"time":0.7333,"x":1,"y":1},{"time":1.1333,"x":1,"y":0.526}]},"xina_2_3":{"translate":[{"time":0.3333,"x":-37.85,"y":-58.61},{"time":1.2333,"x":-37.85,"y":6.27}],"scale":[{"time":0.3333,"x":1,"y":0.715},{"time":0.7333,"x":1,"y":1,"curve":"stepped"},{"time":0.8667,"x":1,"y":1},{"time":1.2333,"x":1,"y":0.715}]},"xian_3_3":{"translate":[{"time":0.3333,"x":0,"y":-24.74},{"time":1.3333,"x":0,"y":18.97}],"scale":[{"time":0.3333,"x":0.664,"y":0.589},{"time":0.8,"x":0.664,"y":1,"curve":"stepped"},{"time":0.8667,"x":0.664,"y":1},{"time":1.3333,"x":0.664,"y":0.589}]},"baopansj_xian_4_3":{"translate":[{"time":0.2667,"x":-36.01,"y":-50.48},{"time":1.2667,"x":-36.01,"y":16.6}]},"xian_1_4":{"translate":[{"time":0.1667,"x":-57.83,"y":6.35},{"time":0.9333,"x":-57.83,"y":78.39}],"scale":[{"time":0.1667,"x":1,"y":0.526},{"time":0.5667,"x":1,"y":1},{"time":0.9333,"x":1,"y":0.526}]},"xina_2_4":{"translate":[{"time":0.1667,"x":11.57,"y":-62.82},{"time":1.0667,"x":11.57,"y":19.94}],"scale":[{"time":0.1667,"x":1,"y":0.715},{"time":0.5667,"x":1,"y":1,"curve":"stepped"},{"time":0.7,"x":1,"y":1},{"time":1.0667,"x":1,"y":0.715}]},"xian_3_4":{"translate":[{"time":0.1667,"x":-8.41,"y":18.37},{"time":1.3333,"x":-8.41,"y":48.41}],"scale":[{"time":0.1667,"x":1,"y":0.589},{"time":0.7,"x":1,"y":1,"curve":"stepped"},{"time":0.8333,"x":1,"y":1},{"time":1.3333,"x":1,"y":0.589}]},"baopansj_xian_4_4":{"translate":[{"time":0.1667,"x":-36.01,"y":11.56},{"time":1.3333,"x":-36.01,"y":78.64}]}}}}}