{
"bones": [
	{ "name": "root" }
],
"slots": [
	{
		"name": "LiBao_alliance1_0_",
		"bone": "root",
		"attachment": "F:\\2016-9-19spine\\libao\\libaoccb\\LiBao_alliance1\\images\\LiBao_alliance1_0_"
	},
	{
		"name": "LiBao_alliance1_1_",
		"bone": "root",
		"attachment": "F:\\2016-9-19spine\\libao\\libaoccb\\LiBao_alliance1\\images\\LiBao_alliance1_1_"
	}
],
"skins": {
	"default": {
		"LiBao_alliance1_0_": {
			"F:\\2016-9-19spine\\libao\\libaoccb\\LiBao_alliance1\\images\\LiBao_alliance1_0_": { "path": "LiBao_alliance1_0_", "y": 58, "width": 107, "height": 116 }
		},
		"LiBao_alliance1_1_": {
			"F:\\2016-9-19spine\\libao\\libaoccb\\LiBao_alliance1\\images\\LiBao_alliance1_1_": { "path": "LiBao_alliance1_1_", "y": 55.5, "width": 86, "height": 111 }
		}
	}
},
"animations": {
	"animation": {
		"bones": {
			"root": {
				"rotate": [
					{ "time": 0, "angle": 0, "curve": "stepped" },
					{ "time": 1, "angle": 0 }
				],
				"translate": [
					{ "time": 0, "x": 0, "y": 0, "curve": "stepped" },
					{ "time": 1, "x": 0, "y": 0 }
				],
				"scale": [
					{ "time": 0, "x": 1, "y": 1, "curve": "stepped" },
					{ "time": 1, "x": 1, "y": 1 }
				]
			}
		}
	}
}
}