{
"skeleton": { "hash": "zfWz0JkJFE4nQcthumWQYCDRzEg", "spine": "2.1.27", "width": 392.37, "height": 509.05 },
"bones": [
	{ "name": "root", "x": 0.91, "y": 0.91 },
	{ "name": "bone", "parent": "root", "x": -39.49, "y": 90.88 },
	{ "name": "kua", "parent": "bone", "length": 92.81, "x": 0.28, "y": 1.15, "rotation": -90.9 },
	{ "name": "shenti", "parent": "bone", "length": 80.93, "x": -4.96, "y": 13.24, "rotation": 106.73 },
	{ "name": "kua2", "parent": "kua", "length": 67.08, "x": 26.31, "y": 145.52, "rotation": 25.83 },
	{ "name": "kua3", "parent": "kua", "length": 82.03, "x": 11.5, "y": -34.76, "rotation": -7.68 },
	{ "name": "shenti2", "parent": "shenti", "length": 137.59, "x": 80.38, "y": -0.05, "rotation": -29.88 },
	{ "name": "bone2", "parent": "shenti2", "length": 65.18, "x": 140.17, "y": -13.84, "rotation": -75.6 },
	{ "name": "shenti3", "parent": "shenti2", "length": 80.63, "x": 136.04, "y": 0.06, "rotation": 1.32 },
	{ "name": "shenti4", "parent": "shenti2", "length": 32.37, "x": 139.05, "y": 10.2, "rotation": 89.39 },
	{ "name": "shenti7", "parent": "shenti2", "x": 58.73, "y": 35.08 },
	{ "name": "xianglian2", "parent": "shenti2", "length": 33.96, "x": 162.62, "y": 7.76, "rotation": 171.05 },
	{ "name": "tou", "parent": "shenti3", "length": 107.43, "x": 80.36, "rotation": 5.39 },
	{ "name": "xianglian", "parent": "bone2", "length": 57.03, "x": 49.77, "y": 19.4, "rotation": -57.52 },
	{ "name": "xianglian3", "parent": "xianglian2", "length": 35.79, "x": 33.25, "y": -1.19, "rotation": -1.35 },
	{ "name": "youshoubi", "parent": "shenti4", "length": 150.41, "x": 32.2, "y": 0.58, "rotation": 70.63 },
	{ "name": "zuoshoubi", "parent": "bone2", "length": 147.24, "x": 63.61, "y": 0.71, "rotation": -83.03 },
	{ "name": "erzhui", "parent": "tou", "length": 23.9, "x": 12.08, "y": 20.27, "rotation": -174.6 },
	{ "name": "shenti5", "parent": "tou", "length": 39.99, "x": 16.23, "y": 25.72, "rotation": 174.15 },
	{ "name": "toufa01", "parent": "tou", "length": 10.37, "x": 63.42, "y": -25.73, "rotation": 18.43 },
	{ "name": "toufa02", "parent": "tou", "length": 29.45, "x": -0.33, "y": -49.65, "rotation": 176.84 },
	{ "name": "toufa10", "parent": "tou", "length": 46.63, "x": -78.38, "y": -28.26, "rotation": -173.26 },
	{ "name": "xianglian4", "parent": "xianglian3", "length": 48.19, "x": 34.32, "y": -1.08, "rotation": 13.39 },
	{ "name": "xianglian5", "parent": "youshoubi", "length": 38.87, "x": 5.2, "y": 4.64, "rotation": -13.29 },
	{ "name": "youxiaobi", "parent": "youshoubi", "length": 96.11, "x": 150.21, "y": -0.31, "rotation": -147.26 },
	{ "name": "zuoxiaobi", "parent": "zuoshoubi", "length": 123.98, "x": 147.16, "y": -0.05, "rotation": -95.39 },
	{ "name": "shenti6", "parent": "shenti5", "length": 55.73, "x": 39.9, "y": 0.35, "rotation": 2.25 },
	{ "name": "toufa1", "parent": "toufa01", "length": 20.09, "x": 10.37, "rotation": 98.5 },
	{ "name": "toufa11", "parent": "toufa10", "length": 63.43, "x": 42.96, "y": -0.74, "rotation": -1.8 },
	{ "name": "toufa5", "parent": "toufa02", "length": 34.38, "x": 27.5, "y": -0.37, "rotation": -43.13 },
	{ "name": "youshou", "parent": "youxiaobi", "length": 38.94, "x": 96.05, "y": -0.33, "rotation": -34.93 },
	{ "name": "zuoshou", "parent": "zuoxiaobi", "length": 37.36, "x": 124.75, "y": -1.22, "rotation": -66.64 },
	{ "name": "toufa03", "parent": "shenti6", "length": 67.71, "x": 54.2, "y": -0.33 },
	{ "name": "toufa12", "parent": "toufa11", "length": 66.05, "x": 61.32, "y": 0.01 },
	{ "name": "toufa2", "parent": "toufa1", "length": 23.96, "x": 19.36, "y": 0.59, "rotation": 35.32 },
	{ "name": "toufa6", "parent": "toufa5", "length": 40.93, "x": 33.48, "y": -0.12, "rotation": 29.74 },
	{ "name": "youshou2", "parent": "youshou", "length": 29.84, "x": 38.7, "y": 0.18, "rotation": -26.2 },
	{ "name": "zuoshou2", "parent": "zuoshou", "length": 28.79, "x": 35.77, "y": -0.1, "rotation": 22.94 },
	{ "name": "niaoshen", "parent": "youshou2", "length": 100.44, "x": 1.63, "y": 14.12, "rotation": 37.65 },
	{ "name": "toufa3", "parent": "toufa2", "length": 27.91, "x": 23.6, "y": -0.16, "rotation": -28.51 },
	{ "name": "toufa7", "parent": "toufa6", "length": 32.02, "x": 41.1, "y": 0.01, "rotation": -2.25 },
	{ "name": "toufa8", "parent": "toufa03", "length": 80.23, "x": 64.64, "y": -0.96, "rotation": 1.35 },
	{ "name": "youshou3", "parent": "youshou2", "length": 13.37, "x": 29.15, "y": -0.02, "rotation": -46.06 },
	{ "name": "zuoshou3", "parent": "zuoshou2", "length": 33.12, "x": 28.76, "y": 0.27, "rotation": 30.52 },
	{ "name": "chibang", "parent": "niaoshen", "length": 133.45, "x": 55.66, "y": 9.39, "rotation": 170.65 },
	{ "name": "niaoshen2", "parent": "niaoshen", "length": 43.31, "x": -82.5, "y": 36.95, "rotation": 158.9 },
	{ "name": "toufa4", "parent": "toufa3", "length": 31.39, "x": 27.42, "y": -0.55, "rotation": 29.55 },
	{ "name": "toufa9", "parent": "toufa8", "length": 89.52, "x": 76.09, "y": -0.24, "rotation": 2.7 },
	{ "name": "yingtou", "parent": "niaoshen", "length": 38.04, "x": 101.01, "y": 1.48, "rotation": -57.79 },
	{ "name": "yingwei", "parent": "niaoshen", "length": 100.42, "x": -75.29, "y": 25.21, "rotation": -171.49 },
	{ "name": "youchi", "parent": "niaoshen", "length": 84.72, "x": 76.9, "y": -26.11, "rotation": -175.49 }
],
"slots": [
	{ "name": "toufa03_", "bone": "toufa12", "attachment": "toufa03_" },
	{ "name": "youshoubi_", "bone": "youshoubi", "attachment": "youshoubi_" },
	{ "name": "kua_", "bone": "kua3", "attachment": "kua_" },
	{ "name": "shenti_", "bone": "shenti7", "attachment": "shenti_" },
	{ "name": "tou_", "bone": "tou", "attachment": "tou_" },
	{ "name": "erzhui_", "bone": "erzhui", "attachment": "erzhui_" },
	{ "name": "zuoshoubi_", "bone": "zuoshoubi", "attachment": "zuoshoubi_" },
	{ "name": "xianglian_", "bone": "xianglian5", "attachment": "xianglian_" },
	{ "name": "toufa02_", "bone": "toufa7", "attachment": "toufa02_" },
	{ "name": "toufa01_", "bone": "toufa4", "attachment": "toufa01_" },
	{ "name": "yingwei_", "bone": "yingwei", "attachment": "yingwei_" },
	{ "name": "youchi_", "bone": "youchi", "attachment": "youchi_" },
	{ "name": "niaoshen_", "bone": "niaoshen2", "attachment": "niaoshen_" },
	{ "name": "chibang_", "bone": "chibang", "attachment": "chibang_" },
	{ "name": "yingtou_", "bone": "yingtou", "attachment": "yingtou_" },
	{ "name": "youxiaobi_", "bone": "youxiaobi", "attachment": "youxiaobi_" },
	{ "name": "youshou_", "bone": "youshou3", "attachment": "youshou_" },
	{ "name": "zuoshou_", "bone": "zuoshou3", "attachment": "zuoshou_" },
	{ "name": "zuoxiaobi_", "bone": "zuoxiaobi", "attachment": "zuoxiaobi_" },
	{ "name": "yanpi_", "bone": "root" }
],
"skins": {
	"default": {
		"chibang_": {
			"chibang_": {
				"type": "skinnedmesh",
				"uvs": [ 0.99064, 0, 1, 0.13367, 0.95974, 0.28546, 0.81296, 0.374, 0.62499, 0.51856, 0.41384, 0.62337, 0.25419, 0.74624, 0.13316, 0.89261, 0.02244, 1, 0, 0.94321, 0.01214, 0.76251, 0.14089, 0.62879, 0.24904, 0.46435, 0.38809, 0.28546, 0.53744, 0.1156, 0.74344, 0, 0.79751, 0.13005, 0.64301, 0.25835, 0.47049, 0.42459, 0.30826, 0.56193 ],
				"triangles": [ 8, 9, 7, 9, 10, 7, 7, 10, 6, 10, 11, 6, 6, 19, 5, 6, 11, 19, 11, 12, 19, 5, 18, 4, 5, 19, 18, 19, 12, 18, 4, 17, 3, 4, 18, 17, 12, 13, 18, 18, 13, 17, 17, 16, 3, 3, 16, 2, 2, 16, 1, 13, 14, 17, 17, 14, 16, 16, 0, 1, 14, 15, 16, 16, 15, 0 ],
				"vertices": [ 1, 38, 67.86, -0.18, 1, 1, 44, 4.91, 20.92, 1, 1, 44, 29.28, 31.09, 1, 1, 44, 51.59, 24.64, 1, 1, 44, 84.63, 19.29, 1, 1, 44, 113.5, 7.9, 1, 1, 44, 141.57, 3.37, 1, 1, 44, 170.46, 4.92, 1, 1, 44, 193.11, 3.85, 1, 1, 44, 186.45, -3.71, 1, 1, 44, 159.8, -19.41, 1, 1, 44, 132.2, -18.99, 1, 1, 44, 101.57, -23.53, 1, 1, 44, 66.83, -26.31, 1, 1, 44, 32.71, -27.21, 1, 1, 38, 55.86, 26.94, 1, 1, 44, 17.7, 0.25, 1, 1, 44, 46.21, -3.25, 1, 1, 44, 81.33, -5.01, 1, 1, 44, 111.64, -8.43999, 1 ],
				"hull": 16
			}
		},
		"erzhui_": {
			"erzhui_": {
				"type": "skinnedmesh",
				"uvs": [ 1, 1, 0, 1, 0, 0, 1, 0 ],
				"triangles": [ 1, 3, 0, 1, 2, 3 ],
				"vertices": [ 1, 17, 26.24, 5.46, 1, 1, 17, 26.45, -6.53, 1, 1, 12, 11.96, 27.3, 1, 1, 12, 13.31, 15.38, 1 ],
				"hull": 4
			}
		},
		"kua_": {
			"kua_": {
				"type": "skinnedmesh",
				"uvs": [ 0.07191, 0.26486, 0.14596, 0.18127, 0.24043, 0.07833, 0.33584, 1.0E-5, 0.44195, 0.00959, 0.53709, 0.11582, 0.62688, 0.22799, 0.76146, 0.36818, 0.85007, 0.51262, 0.94226, 0.74102, 0.9973, 0.99999, 0.81178, 0.99999, 0.62696, 0.99438, 0.42859, 1, 0.25792, 1, 0.09207, 0.99999, 0, 1, 0.01851, 0.85432, 0.04222, 0.65206, 0.08477, 0.49982, 0.084, 0.37373, 0.17617, 0.31202, 0.28516, 0.2076, 0.36396, 0.1254, 0.19792, 0.45651, 0.31529, 0.36099, 0.44607, 0.24325, 0.19117, 0.63433, 0.17267, 0.82771, 0.34037, 0.56995, 0.34868, 0.79446, 0.4678, 0.42998, 0.49289, 0.60559, 0.51128, 0.79899, 0.58181, 0.33001, 0.63541, 0.49675, 0.65713, 0.71682, 0.74922, 0.42302, 0.80944, 0.58832, 0.69564, 0.8591, 0.8395, 0.80091, 0.12062, 0.48846, 0.10128, 0.6446, 0.09662, 0.84624 ],
				"triangles": [ 40, 9, 10, 19, 20, 41, 41, 20, 24, 20, 21, 24, 24, 21, 25, 20, 0, 21, 21, 22, 25, 25, 22, 26, 0, 1, 21, 21, 1, 22, 22, 23, 26, 26, 23, 5, 1, 2, 22, 22, 2, 23, 2, 3, 23, 23, 4, 5, 23, 3, 4, 14, 30, 13, 13, 33, 12, 13, 30, 33, 14, 15, 28, 15, 43, 28, 14, 28, 30, 16, 17, 15, 15, 17, 43, 12, 39, 11, 11, 40, 10, 11, 39, 40, 12, 33, 39, 33, 36, 39, 39, 36, 40, 17, 18, 43, 43, 42, 28, 43, 18, 42, 28, 27, 30, 28, 42, 27, 36, 38, 40, 40, 38, 9, 30, 32, 33, 33, 32, 36, 27, 29, 30, 30, 29, 32, 38, 8, 9, 32, 35, 36, 36, 35, 38, 18, 19, 42, 42, 41, 27, 42, 19, 41, 27, 24, 29, 27, 41, 24, 29, 31, 32, 32, 31, 35, 35, 37, 38, 38, 37, 8, 24, 25, 29, 29, 25, 31, 37, 7, 8, 31, 34, 35, 35, 34, 37, 25, 26, 31, 31, 26, 34, 37, 34, 7, 34, 6, 7, 34, 26, 6, 26, 5, 6 ],
				"vertices": [ 3, 2, -39.75, -42.86, 0.05399, 3, 37.75999, 27.27, 0.546, 6, -50.56, 2.45, 0.4, 3, 2, -55.41, -25.04, 0.05399, 3, 47.3, 5.54, 0.546, 6, -31.46, -11.63, 0.4, 3, 2, -74.72, -2.29, 0.05399, 3, 58.81, -21.98, 0.546, 6, -7.77, -29.75, 0.4, 3, 2, -89.5, 20.74, 0.05399, 3, 65.92, -48.42, 0.546, 6, 11.56, -49.14, 0.4, 3, 2, -88.15, 46.66, 0.21, 3, 56.78, -72.71, 0.48999, 6, 15.74, -74.75, 0.3, 2, 2, -68.97, 70.18, 0.5, 3, 31.39, -89.32, 0.5, 1, 2, -48.68, 92.42, 1, 1, 2, -23.41, 125.66, 1, 2, 2, 2.8, 147.7, 0.868, 4, -20.2, 12.2, 0.13199, 2, 2, 44.47, 170.86, 0.3, 4, 27.39, 14.9, 0.7, 2, 2, 91.9, 185.05, 0.1, 4, 76.26999, 7.01, 0.9, 1, 2, 92.62, 139.79, 1, 1, 2, 92.3, 94.68, 1, 1, 2, 94.11, 46.3, 1, 1, 2, 94.77, 4.66, 1, 1, 2, 95.41, -35.79, 1, 2, 2, 95.77, -58.25, 0.3, 5, 86.65, -12.03, 0.7, 2, 2, 68.9, -54.16, 0.39999, 5, 59.47, -11.56, 0.6, 2, 2, 31.59, -48.97, 0.5, 5, 21.81, -11.39, 0.5, 2, 2, 3.42, -39.03, 0.5, 3, -4.54, 36.68999, 0.5, 2, 2, -19.76, -39.59, 0.3, 3, 17.73, 30.2, 0.7, 2, 2, -31.47, -17.29, 0.3, 3, 22.13, 5.39, 0.7, 2, 2, -51.11, 8.99, 0.3, 3, 32.89, -25.59, 0.7, 3, 2, -66.54, 27.97, 0.255, 3, 41.84999, -48.36, 0.595, 6, -9.33, -61.08, 0.15, 2, 2, -4.98, -11.56, 0.5, 3, -4.85, 7.96, 0.5, 2, 2, -23.01, 16.79, 0.5, 3, 3.74, -24.52, 0.5, 2, 2, -45.18, 48.35, 0.5, 3, 15.32, -61.31, 0.5, 1, 2, 27.76, -12.68, 1, 1, 2, 63.4, -16.62999, 1, 1, 2, 15.33, 23.52, 1, 1, 2, 56.6, 26.2, 1, 1, 2, -10.91, 54.2, 1, 1, 2, 21.3, 60.83, 1, 1, 2, 56.8, 65.89, 1, 1, 2, -29.74, 81.72, 1, 1, 2, 0.72, 95.28, 1, 1, 2, 41.12, 101.23, 1, 1, 2, -13.28, 122.84, 1, 1, 2, 16.89, 138.01, 1, 1, 2, 67.15, 111.04, 1, 1, 2, 55.88, 145.97, 1, 2, 2, 1.19, -30.32, 0.5, 3, -5.05, 27.71, 0.5, 1, 2, 29.99, -34.58, 1, 1, 2, 67.11, -35.13, 1 ],
				"hull": 21
			}
		},
		"niaoshen_": {
			"niaoshen_": {
				"type": "skinnedmesh",
				"uvs": [ 0.8094, 0, 0.68268, 0.01954, 0.61353, 0.07491, 0.55942, 0.11824, 0.39451, 0.22267, 0.30077, 0.34999, 0.21223, 0.54455, 0.16883, 0.70334, 0.08551, 0.77773, 0, 0.86356, 0.03169, 1, 0.14974, 0.87787, 0.22785, 0.82065, 0.24695, 0.90219, 0.22785, 1, 0.27646, 1, 0.35111, 0.89504, 0.39971, 0.81206, 0.53859, 0.73195, 0.70698, 0.62037, 0.84412, 0.48304, 0.97084, 0.30851, 0.96877, 0.20595, 0.96737, 0.13684, 0.95294, 0.08803, 0.93439, 0.02526, 0.75559, 0.12969, 0.62886, 0.23126, 0.46915, 0.38004, 0.36847, 0.5188, 0.29903, 0.67759, 0.79898, 0.26988, 0.70177, 0.40006, 0.59241, 0.53453, 0.46915, 0.65184 ],
				"triangles": [ 16, 12, 17, 13, 12, 16, 15, 13, 16, 14, 13, 15, 8, 7, 12, 11, 8, 12, 9, 8, 11, 10, 9, 11, 25, 24, 0, 0, 24, 26, 26, 1, 0, 2, 1, 26, 27, 2, 26, 3, 2, 27, 4, 3, 27, 22, 31, 26, 23, 26, 24, 22, 26, 23, 27, 26, 31, 31, 22, 21, 28, 4, 27, 5, 4, 28, 32, 27, 31, 28, 27, 32, 20, 31, 21, 32, 31, 20, 29, 5, 28, 33, 28, 32, 29, 28, 33, 6, 5, 29, 19, 32, 20, 33, 32, 19, 34, 29, 33, 30, 6, 29, 30, 29, 34, 7, 6, 30, 18, 34, 33, 18, 33, 19, 17, 30, 34, 17, 34, 18, 12, 7, 30, 12, 30, 17 ],
				"vertices": [ 2, 38, 109.48, 7.06, 0.47599, 48, -0.2, 10.14, 0.524, 2, 38, 96.5, 25.99, 0.71599, 48, -23.13, 9.24, 0.284, 2, 38, 80.58, 32.41, 0.88799, 48, -37.04, -0.79, 0.112, 1, 38, 68.12999, 37.43, 1, 1, 38, 35.63, 55.16, 1, 1, 38, 3.73, 59.3, 1, 1, 38, -41.07, 56.72, 1, 2, 38, -75.56, 49.91, 0.5, 45, -1.8, -14.59, 0.5, 2, 38, -96.26, 56.98, 0.19999, 45, 20.04, -13.73, 0.8, 1, 45, 43.92, -11.41, 1, 1, 45, 60.79, 13.39, 1, 2, 38, -111.42, 37.78, 0.19999, 45, 27.27, 9.63, 0.8, 2, 45, 8.7, 10.74, 0.5, 49, 18.26, -7.64, 0.5, 2, 38, -109.22, 19.83, 0.19999, 49, 34.34999, 0.28, 0.8, 1, 49, 55.62, 2.58999, 1, 1, 49, 53.34, 10.93, 1, 2, 38, -100.31, 3.5, 0.19999, 49, 27.96, 17.76, 0.8, 2, 38, -80.42, 2.83, 0.5, 49, 8.39, 21.36, 0.5, 1, 38, -54.6, -12.77, 1, 1, 38, -20.44, -30.44, 1, 1, 38, 16.54999, -40.77, 1, 1, 38, 60.15, -46.16, 1, 2, 38, 80.26, -36.86, 0.7013, 48, 21.39, -37.99, 0.29869, 2, 38, 93.82, -30.6, 0.5, 48, 23.32, -23.19, 0.5, 2, 38, 102.42, -23.99, 0.32501, 48, 22.31, -12.38, 0.67497, 2, 38, 113.49, -15.48, 0.1, 48, 21.01, 1.5, 0.9, 2, 38, 79.99, 4.48999, 0.7, 48, -13.75, -16.18, 0.3, 1, 38, 50.8, 16.25, 1, 1, 38, 9.91, 29.26, 1, 1, 38, -24.74, 33.53, 1, 1, 38, -61.11, 30.97, 1, 1, 38, 55.41, -14.81, 1, 1, 38, 22.7, -10.35, 1, 1, 38, -11.73, -4.29, 1, 1, 38, -43.77, 5.52, 1 ],
				"hull": 26
			}
		},
		"shenti_": {
			"shenti_": {
				"type": "skinnedmesh",
				"uvs": [ 0.18764, 0.29828, 0.0783, 0.39565, 0.09101, 0.44692, 0.13591, 0.46305, 0.01991, 0.49859, 1.0E-5, 0.58239, 0.02536, 0.66012, 0.11829, 0.71318, 0.15348, 0.78687, 0.20527, 0.85572, 0.21364, 0.9382, 0.27069, 0.99186, 0.41277, 0.99854, 0.53668, 0.92918, 0.70156, 0.81168, 0.79677, 0.67733, 0.91398, 0.58814, 0.99848, 0.50207, 0.99843, 0.37793, 0.91253, 0.29021, 0.91023, 0.21265, 0.87232, 0.15408, 0.84856, 0.06876, 0.69551, 0.02464, 0.49965, 0, 0.33167, 0, 0.30885, 0.06549, 0.2419, 0.17428, 0.45464, 0.09916, 0.60798, 0.12523, 0.44343, 0.19654, 0.42285, 0.2592, 0.31111, 0.3585, 0.55515, 0.21975, 0.53525, 0.31, 0.47775, 0.38974, 0.7573, 0.14867, 0.73456, 0.24586, 0.70843, 0.33244, 0.84069, 0.35987, 0.70887, 0.4005, 0.82386, 0.48635, 0.18292, 0.49848, 0.31283, 0.52568, 0.50714, 0.52873, 0.70867, 0.56132, 0.10732, 0.56956, 0.353, 0.62447, 0.52483, 0.63608, 0.67897, 0.67234, 0.21185, 0.67664, 0.353, 0.72166, 0.52988, 0.74342, 0.34084, 0.81212, 0.48598, 0.82504, 0.37045, 0.91427, 0.23532, 0.60376, 0.11, 0.64133, 0.23768, 0.4331, 0.40968, 0.45858, 0.62422, 0.47557, 0.81085, 0.16629, 0.80931, 0.21617, 0.7209, 0.19675, 0.38403, 0.05307, 0.31522, 0.30206, 0.35615, 0.14556, 0.32654, 0.22456 ],
				"triangles": [ 27, 26, 66, 67, 27, 66, 0, 27, 67, 65, 0, 67, 65, 67, 31, 62, 36, 61, 21, 62, 61, 42, 3, 58, 42, 58, 43, 46, 4, 3, 46, 3, 42, 5, 4, 46, 56, 42, 43, 46, 42, 56, 47, 43, 59, 47, 59, 44, 56, 43, 47, 48, 44, 60, 48, 60, 45, 47, 44, 48, 57, 46, 56, 6, 5, 46, 57, 6, 46, 49, 48, 45, 50, 57, 56, 47, 50, 56, 51, 47, 48, 51, 50, 47, 52, 48, 49, 51, 48, 52, 41, 18, 17, 18, 41, 39, 16, 41, 17, 3, 2, 1, 3, 1, 0, 32, 0, 65, 31, 32, 65, 39, 62, 19, 38, 37, 39, 40, 38, 39, 40, 34, 38, 39, 19, 18, 64, 25, 24, 26, 25, 64, 28, 64, 24, 29, 24, 23, 28, 24, 29, 66, 26, 64, 66, 64, 28, 36, 23, 22, 29, 23, 36, 61, 36, 22, 21, 61, 22, 30, 66, 28, 33, 30, 28, 63, 29, 36, 63, 36, 62, 29, 33, 28, 33, 29, 63, 67, 66, 30, 37, 63, 62, 31, 67, 30, 33, 31, 30, 34, 31, 33, 37, 38, 33, 37, 33, 63, 34, 33, 38, 19, 62, 20, 21, 20, 62, 37, 62, 39, 35, 31, 34, 58, 0, 32, 32, 31, 35, 59, 32, 35, 43, 58, 32, 0, 58, 3, 40, 60, 34, 35, 34, 60, 41, 40, 39, 59, 43, 32, 44, 35, 60, 59, 35, 44, 45, 60, 40, 45, 40, 41, 15, 45, 41, 15, 41, 16, 49, 45, 15, 7, 57, 50, 6, 57, 7, 8, 7, 50, 14, 49, 15, 52, 49, 14, 53, 50, 51, 9, 8, 50, 54, 51, 52, 53, 51, 54, 53, 9, 50, 14, 54, 52, 55, 53, 54, 9, 53, 55, 13, 54, 14, 55, 54, 13, 10, 9, 55, 11, 10, 55, 12, 55, 13, 11, 55, 12 ],
				"vertices": [ 2, 9, 42.54, -8.87, 0.5, 15, -5.49, -12.89, 0.5, 2, 6, 113.01, 65.28, 0.032, 15, 32.04, -12.68, 0.96799, 3, 6, 97.38, 59.2, 0.30267, 15, 44.66, -1.63, 0.6, 10, 38.64, 24.11, 0.09731, 2, 6, 94.19, 49.88, 0.5, 10, 35.45, 14.79, 0.5, 2, 6, 78.07, 68.26999, 0.3, 10, 19.33, 33.18, 0.7, 2, 6, 50.78, 65.69, 0.1, 10, -7.94, 30.61, 0.9, 2, 6, 27.33, 55.37, 0.5, 10, -31.39, 20.29, 0.5, 1, 6, 14.52, 34.63, 1, 2, 3, 85.48, 23.34, 0.5, 6, -7.22, 22.82, 0.5, 2, 3, 61.34, 20.54, 0.7, 6, -26.76, 8.37, 0.3, 2, 3, 35.3, 26.74, 0.9, 6, -52.42, 0.77, 0.1, 1, 3, 15.6, 21.58, 1, 1, 3, 5.92, -3.09, 1, 2, 3, 20.79999, -31.63, 0.9, 6, -35.91, -57.06, 0.1, 2, 3, 48.43, -71.96, 0.5, 6, 8.13, -78.26999, 0.5, 1, 6, 54.55, -85.61, 1, 2, 6, 87.65, -100.26, 0.7, 16, 73.39, -1.87, 0.3, 2, 6, 118.38, -109.22, 0.19999, 16, 48.03, 17.66, 0.8, 2, 7, 87.82, -4.6, 0.5, 16, 8.22, 23.39, 0.5, 1, 7, 72.47, 24.15, 1, 1, 8, 68.24, -73.55, 1, 2, 8, 85.36, -62.76, 0.5, 12, -0.93, -62.96, 0.5, 2, 8, 111.51, -52.77, 0.1, 12, 26.04, -55.47, 0.9, 2, 8, 119.67, -21.97, 0.1, 12, 37.06, -25.59, 0.9, 2, 8, 120.01, 15.31, 0.1, 12, 40.91, 11.5, 0.9, 2, 8, 113.61, 45.89, 0.1, 12, 37.41, 42.55, 0.9, 2, 8, 91.97, 45.69, 0.5, 12, 15.85, 44.39, 0.5, 2, 26, -1.45, -23.51, 0.5, 18, 39.37, -23.2, 0.5, 2, 8, 86.85, 16.91, 0.5, 12, 8.05, 16.21999, 0.5, 2, 8, 84.43, -12.72, 0.5, 12, 2.85, -13.06, 0.5, 1, 8, 55.54, 12.49, 1, 2, 8, 34.89, 12.07, 0.6, 9, 3.05, -31.56, 0.39999, 2, 6, 134.59, 25.85, 0.5, 9, 15.6, 4.62, 0.5, 1, 8, 52.44, -9.38, 1, 2, 8, 23.06, -11.76, 0.7, 7, 2.17, 19.26, 0.3, 1, 6, 131.78, -6.63, 1, 2, 8, 82.69, -41.46, 0.5, 12, -1.58, -41.50999, 0.5, 1, 8, 51, -43.78, 1, 2, 7, 34.22, 11.29, 0.8, 15, -49.15, 74.26999, 0.2, 2, 7, 58.62, 1.87, 0.5, 16, -1.76, -4.8, 0.5, 2, 6, 138.17, -49.28, 0.5, 7, 33.82, -10.75, 0.5, 2, 6, 115.95, -76.43, 0.5, 16, 38.34999, -13.75, 0.5, 2, 6, 85, 38.75, 0.3, 10, 26.26, 3.67, 0.7, 2, 6, 81.91, 13.21, 0.3, 10, 23.18, -21.86, 0.7, 2, 6, 89.17, -22.19, 0.3, 10, 30.44, -57.28, 0.7, 2, 6, 87.42, -61.1, 0.5, 10, 28.69, -96.18, 0.5, 2, 6, 59.37, 47.2, 0.3, 10, 0.64, 12.12, 0.7, 2, 6, 52.44, -1.33, 0.1, 10, -6.28, -36.41999, 0.9, 2, 6, 56.05, -33.31, 0.3, 10, -2.67, -68.39, 0.7, 2, 6, 51.14, -63.9, 0.5, 10, -7.59, -98.98, 0.5, 2, 6, 30.01, 20.37999, 0.5, 10, -28.71, -14.7, 0.5, 2, 6, 21.78, -8.5, 0.5, 10, -36.95, -43.58, 0.5, 2, 6, 22.4, -42.14, 0.5, 10, -36.33, -77.22, 0.5, 2, 3, 67.61, -7.67, 0.5, 6, -7.26, -12.96, 0.5, 2, 3, 55.83, -32.32, 0.5, 6, -5.19999, -40.2, 0.5, 2, 3, 34.33, -3.41, 0.9, 6, -38.24, -25.86, 0.1, 2, 6, 54, 21.5, 0.3, 10, -4.71999, -13.57, 0.7, 2, 6, 36.84, 41.43, 0.5, 10, -21.88, 6.34, 0.5, 2, 6, 107.94, 33.65, 0.5, 10, 49.21, -1.42, 0.5, 2, 6, 107.18, 0.62, 0.5, 10, 48.45, -34.45, 0.5, 2, 6, 110.9, -39.48, 0.5, 10, 52.17, -74.56, 0.5, 2, 12, -6.14, -52.04, 0.3, 20, 5.66, 2.71, 0.7, 1, 20, 21.64, 5.12, 1, 2, 8, 66.06, -38.03, 0.76692, 12, -17.82, -36.52, 0.23307, 2, 8, 98.77, 32.83, 0.33162, 12, 21.42, 30.94, 0.66837, 3, 6, 152.57, 29.27, 0.30767, 8, 17.19, 28.82, 0.31671, 9, 19.2, -13.31, 0.37561, 1, 18, 25.76, -4.41, 1, 1, 26, 11.84, -5.17, 1 ],
				"hull": 28
			}
		},
		"tou_": {
			"tou_": {
				"type": "skinnedmesh",
				"uvs": [ 0.03581, 0.26526, 0.26364, 0.04853, 0.5873, 0, 0.82365, 0.11068, 1, 0.3529, 0.99999, 0.61584, 0.8854, 0.78953, 0.65118, 0.95208, 0.43186, 0.91224, 0.22106, 0.76882, 0.05923, 0.53775, 0.32329, 0.34336, 0.44679, 0.58877, 0.63417, 0.26209, 0.72147, 0.52343, 0.63842, 0.74175 ],
				"triangles": [ 13, 2, 3, 13, 11, 1, 13, 1, 2, 0, 1, 11, 13, 3, 4, 14, 13, 4, 10, 0, 11, 12, 11, 13, 12, 13, 14, 10, 11, 12, 5, 14, 4, 15, 12, 14, 9, 10, 12, 6, 14, 5, 15, 14, 6, 8, 9, 12, 8, 12, 15, 7, 15, 6, 8, 15, 7 ],
				"vertices": [ 1, 12, 67.37, 52.51, 1, 1, 12, 103.71, 30, 1, 1, 12, 115.39, -6.45, 1, 1, 12, 101.41, -35.62, 1, 1, 12, 66.39, -60.15, 1, 1, 12, 25.9, -64.71, 1, 1, 12, -2.33999, -54.51, 1, 1, 12, -30.41, -30.33, 1, 1, 12, -27.12, -4.36, 1, 1, 12, -7.77, 22.42, 1, 1, 12, 25.71, 45.08, 1, 1, 12, 59.08, 18.01, 1, 1, 12, 22.88, -0.47, 1, 1, 12, 75.62999, -16.4, 1, 1, 12, 36.50999, -31, 1, 1, 12, 1.81, -25.22, 1 ],
				"hull": 11
			}
		},
		"toufa01_": {
			"toufa01_": {
				"type": "skinnedmesh",
				"uvs": [ 0.96784, 0.27079, 1, 0.21817, 0.97075, 0.09291, 0.81639, 0.07036, 0.61543, 0.14552, 0.4232, 0.32841, 0.14651, 0.48374, 0, 0.62655, 0, 0.79441, 0.0038, 0.98983, 0.16069, 0.94505, 0.11901, 0.77516, 0.26375, 0.6298, 0.49019, 0.59148, 0.67659, 0.48374, 0.79891, 0.31839, 0.86008, 0.23822 ],
				"triangles": [ 0, 16, 1, 10, 9, 8, 10, 8, 11, 8, 7, 11, 11, 7, 12, 7, 6, 12, 13, 12, 5, 12, 6, 5, 13, 5, 14, 5, 4, 14, 14, 4, 15, 15, 4, 16, 4, 3, 16, 16, 3, 2, 16, 2, 1 ],
				"vertices": [ 1, 12, 60.28, -28.06, 1, 1, 12, 65.43, -30.07, 1, 2, 19, 12.41, -4.88, 0.5, 27, -5.13, -1.29, 0.5, 2, 19, 17.03, 6.75, 0.2, 27, 5.69, -7.58, 0.8, 2, 27, 23.2, -6.66, 0.5, 34, -1.05999, -8.14, 0.5, 2, 34, 21.64, -11.32, 0.5, 39, 3.6, -10.74, 0.5, 2, 39, 29.89, -8.06, 0.5, 46, -1.55, -7.75, 0.5, 2, 39, 46.4, -1.64, 0.2, 46, 15.97, -10.3, 0.8, 2, 39, 53.57, 12.22, 0.05, 46, 29.04, -1.77, 0.95, 1, 46, 44.09, 8.39999, 1, 1, 46, 33.75, 16.64, 1, 2, 39, 44.29, 15, 0.05, 46, 22.34, 5.21, 0.95, 2, 39, 27.79, 8.3, 0.5, 46, 4.69, 7.52, 0.5, 2, 34, 38.87, 6.84, 0.1, 39, 10.06, 13.45, 0.9, 2, 34, 22.21, 13.56, 0.5, 39, -7.77, 11.39, 0.5, 2, 27, 15.08, 13.53, 0.5, 34, 3.99, 13.02, 0.5, 2, 19, 1.03, 6.58, 0.5, 27, 7.89, 8.26, 0.5 ],
				"hull": 17
			}
		},
		"toufa02_": {
			"toufa02_": {
				"type": "skinnedmesh",
				"uvs": [ 0.75246, 0.10831, 0.92317, 0.02718, 1, 0.14746, 0.99998, 0.35425, 0.91933, 0.60874, 0.73692, 0.83707, 0.43731, 0.95932, 0.16009, 0.98558, 0.10645, 0.79918, 0.07983, 0.58989, 0.25368, 0.36115, 0.49538, 0.199, 0.83443, 0.23899, 0.6707, 0.3524, 0.50076, 0.54368, 0.29612, 0.75822 ],
				"triangles": [ 8, 9, 15, 7, 15, 6, 7, 8, 15, 6, 15, 14, 14, 11, 13, 5, 14, 4, 14, 13, 4, 15, 10, 14, 4, 13, 3, 10, 11, 14, 9, 10, 15, 5, 6, 14, 3, 13, 12, 3, 12, 2, 13, 0, 12, 13, 11, 0, 12, 1, 2, 12, 0, 1 ],
				"vertices": [ 2, 20, 25.26, -13.62, 0.5, 29, 7.42, -11.2, 0.5, 1, 20, 14.54, -1.76, 1, 2, 20, 26.1, 6.34, 0.5, 29, -5.61, 3.94, 0.5, 2, 20, 47.71, 9.99, 0.2, 29, 7.65, 21.38, 0.8, 1, 35, 15.57, 36.15, 1, 2, 35, 43.48, 32.33, 0.5, 40, 1.1, 32.38, 0.5, 2, 35, 64.65, 15.59, 0.1, 40, 22.91, 16.5, 0.9, 1, 40, 34.75999, -2.11999, 1, 2, 35, 59.22, -15.09, 0.25, 40, 18.7, -14.37, 0.75, 2, 35, 39.61, -25.68, 0.5, 40, -0.46, -25.73, 0.5, 1, 35, 11.93, -22.5, 1, 2, 29, 29.41, -15.85, 0.5, 35, -11.34, -11.63, 0.5, 2, 20, 37.84, -4.92999, 0.4, 29, 10.66, 3.73, 0.6, 2, 29, 28.23, 5.47, 0.5, 35, -1.77, 7.46, 0.5, 1, 35, 22.13, 3.01, 1, 2, 35, 49.37, -2.99, 0.35, 40, 8.38, -2.67, 0.64999 ],
				"hull": 12
			}
		},
		"toufa03_": {
			"toufa03_": {
				"type": "skinnedmesh",
				"uvs": [ 0.38765, 0, 0.29417, 0.07098, 0.17732, 0.20452, 0.05528, 0.35887, 0, 0.53751, 0.02152, 0.6936, 0.14357, 0.78378, 0.32533, 0.91038, 0.48892, 1, 0.62655, 1, 0.55143, 0.8917, 0.51489, 0.80459, 0.63953, 0.81326, 0.8213, 0.75083, 1, 0.6485, 1, 0.45253, 0.94854, 0.2947, 0.84207, 0.14902, 0.70185, 0.08832, 0.52788, 0.02242, 0.44848, 0.12763, 0.368, 0.25763, 0.29811, 0.36926, 0.25147, 0.52188, 0.29581, 0.67735, 0.40156, 0.78055, 0.62195, 0.20823, 0.58802, 0.32976, 0.52022, 0.48803, 0.50532, 0.64208, 0.79332, 0.26622, 0.79535, 0.40754, 0.7466, 0.55027, 0.70632, 0.67463 ],
				"triangles": [ 29, 28, 32, 14, 13, 32, 33, 29, 32, 12, 33, 13, 33, 12, 29, 13, 33, 32, 28, 27, 32, 31, 30, 16, 27, 26, 30, 32, 31, 15, 32, 27, 31, 31, 16, 15, 27, 30, 31, 14, 32, 15, 30, 18, 17, 30, 17, 16, 26, 18, 30, 12, 11, 29, 6, 24, 7, 6, 5, 24, 25, 24, 29, 8, 10, 9, 8, 7, 10, 10, 25, 11, 25, 10, 7, 7, 24, 25, 25, 29, 11, 29, 23, 28, 28, 21, 27, 23, 22, 28, 23, 3, 22, 22, 21, 28, 3, 2, 22, 22, 2, 21, 2, 1, 21, 5, 4, 23, 4, 3, 23, 24, 23, 29, 5, 23, 24, 21, 20, 27, 27, 20, 26, 21, 1, 20, 1, 0, 20, 20, 0, 19, 20, 19, 26, 26, 19, 18 ],
				"vertices": [ 1, 26, 22.68, -19.12, 1, 2, 26, 44.57, -32.43, 0.5, 32, -9.62, -32.09, 0.5, 2, 32, 29.7, -46.6, 0.2, 41, -36.02, -44.79, 0.8, 2, 32, 74.74, -61.05, 0.5, 41, 8.66, -60.31, 0.5, 2, 41, 58.03, -62.89, 0.8, 47, -21, -61.72, 0.2, 2, 41, 99.25, -52.64, 0.5, 47, 20.66, -53.43, 0.5, 2, 41, 120.07, -27.12, 0.2, 47, 42.66, -28.91, 0.8, 1, 47, 73.35, 7.38, 1, 1, 47, 94.41, 39.36, 1, 1, 47, 91.82, 64.12999, 1, 1, 47, 64.05, 47.55, 1, 1, 47, 41.25999, 38.50999, 1, 2, 47, 41.24, 61.19, 0.3, 33, 74.76, -24.28, 0.7, 1, 33, 56.98, 8.14999, 1, 2, 28, 89.74, 39.77, 0.2, 33, 28.41, 39.75999, 0.8, 2, 21, 80.78, 36.47, 0.1, 28, 36.64, 38.38, 0.9, 2, 21, 37.97, 27.36, 0.3, 28, -5.86, 27.94, 0.7, 1, 21, -1.59, 8.28, 1, 2, 26, 36.32, 41.04, 0.4, 21, -18.16, -17.01, 0.6, 1, 26, 24.23, 6.92, 1, 2, 26, 54.81, -2.25, 0.5, 32, 0.61, -1.91, 0.5, 2, 32, 37.84, -10.10999, 0.2, 41, -27, -8.5, 0.8, 2, 32, 69.83999, -17.28, 0.5, 41, 4.8, -16.44, 0.5, 2, 41, 46.96, -18.53, 0.8, 47, -29.96, -16.89, 0.2, 2, 41, 87.4, -4.23, 0.5, 47, 11.1, -4.52, 0.5, 2, 41, 112.15, 18.9, 0.2, 47, 36.91999, 17.43, 0.8, 4, 26, 70.83999, 32.47, 0.3, 32, 16.64, 32.81, 0.26999, 21, 14.25, -31.63, 0.36, 28, -27.73, -31.76, 0.07, 2, 32, 50.14, 32.50999, 0.5, 28, 5.35, -37.03, 0.5, 3, 41, 30.55, 28.16, 0.3, 28, 48.54, -48.17, 0.35, 33, -12.77, -48.19, 0.35, 3, 41, 72.22, 31.8, 0.35, 47, -2.34999, 32.18999, 0.3, 33, 29.02, -49.79, 0.35, 2, 21, 30.11, -0.68, 0.3, 28, -12.84, -0.34, 0.7, 2, 21, 68.42, -0.5, 0.1, 28, 25.43, 1.03, 0.9, 2, 28, 64.33, -6.77, 0.5, 33, 3, -6.78, 0.5, 2, 28, 98.21, -13.17, 0.1, 33, 36.88, -13.18, 0.9 ],
				"hull": 20
			}
		},
		"xianglian_": {
			"xianglian_": {
				"type": "skinnedmesh",
				"uvs": [ 0.20824, 0.06018, 0.1524, 0.23692, 0.07495, 0.37157, 0, 0.47256, 0.00471, 0.53989, 0.08936, 0.46134, 0.17582, 0.31546, 0.21547, 0.14359, 0.24258, 0.05847, 0.21614, 0.19078, 0.19839, 0.33334, 0.14389, 0.55278, 0.14697, 0.78503, 0.11921, 0.92279, 0.17885, 1, 0.22102, 0.90677, 0.20971, 0.77382, 0.27038, 0.6601, 0.33312, 0.58001, 0.42259, 0.43905, 0.50795, 0.33334, 0.57993, 0.16675, 0.64781, 0.17156, 0.68483, 0.2997, 0.76196, 0.42624, 0.8576, 0.50793, 0.93576, 0.572, 1, 0.44546, 0.9553, 0.43585, 0.86069, 0.40702, 0.78047, 0.31411, 0.71671, 0.2116, 0.67455, 0.09467, 0.64575, 0.09948, 0.57479, 0.1171, 0.5172, 0.18597, 0.4339, 0.28048, 0.34546, 0.40221, 0.25599, 0.49191, 0.25804, 0.35896, 0.26935, 0.2132, 0.27964, 0.06744, 0.27655, 1.7E-4, 0.24477, 0 ],
				"triangles": [ 4, 3, 5, 39, 10, 40, 19, 37, 36, 19, 36, 20, 38, 10, 39, 38, 11, 10, 18, 38, 37, 18, 37, 19, 17, 38, 18, 11, 38, 17, 23, 22, 31, 35, 34, 21, 20, 35, 21, 22, 21, 34, 22, 33, 32, 22, 34, 33, 22, 32, 31, 6, 1, 7, 40, 9, 41, 8, 43, 42, 8, 0, 43, 8, 42, 41, 7, 0, 8, 8, 41, 9, 1, 0, 7, 2, 1, 6, 6, 5, 2, 3, 2, 5, 17, 12, 11, 16, 12, 17, 12, 16, 15, 13, 12, 15, 14, 13, 15, 40, 10, 9, 20, 36, 35, 23, 31, 30, 24, 23, 30, 24, 30, 29, 25, 24, 29, 25, 29, 28, 26, 25, 28, 26, 28, 27 ],
				"vertices": [ 1, 9, 26.73, -10.51, 1, 2, 23, 4.59, 0.57, 0.5, 9, 31.53, 11.21, 0.5, 3, 22, -15.48, -29.55, 0.00148, 23, 24.95, 2.19, 0.90869, 9, 41.16, 29.23, 0.08981, 1, 15, 46.76, -3.76, 1, 1, 15, 52.68, 1.09, 1, 3, 22, -5.93, -25.28, 0.00164, 23, 30.11, 11.28, 0.90834, 9, 36.28, 38.48, 0.09001, 3, 22, -24.82, -13.18, 6.2E-4, 23, 7.72, 9.84, 0.49937, 9, 25.42, 18.86, 0.5, 1, 9, 23.26, -1.66, 1, 1, 9, 20.91, -12.13, 1, 2, 11, 30.29, -19.87999, 0.5, 9, 21.87, 3.48, 0.5, 2, 11, 46.39, -16.71999, 0.2, 14, 13.5, -15.21, 0.8, 2, 22, 2.56, -14.03, 0.5, 14, 40.07, -14.14, 0.5, 1, 22, 28.3, -8.92, 1, 1, 22, 44.48, -11.01, 1, 1, 22, 51.24, 0.84, 1, 1, 22, 39.57, 6.31, 1, 1, 22, 25.13, 1.72, 1, 2, 22, 10.61, 10, 0.7, 14, 42.33, 11.1, 0.3, 2, 22, -0.22, 19.29, 0.5, 14, 29.64, 17.62999, 0.5, 2, 11, 42.62, 24.33, 0.2, 14, 8.76, 25.73, 0.8, 2, 11, 25.9, 33.75, 0.5, 14, -8.17, 34.75999, 0.5, 1, 7, 18.45, 8.5, 1, 1, 7, 30.38, 7.7, 1, 2, 13, 15.12, -25.26, 0.5, 7, 36.58, -6.91, 0.5, 2, 13, 34.55, -21.91, 0.8, 7, 49.84, -21.5, 0.2, 1, 13, 51.58, -13.03, 1, 1, 13, 65.24, -5.61, 1, 1, 16, 28.51, 24.8, 1, 1, 13, 54.35, 5.78, 1, 1, 13, 42.39, -6.25, 1, 2, 13, 25.82, -12.16, 0.8, 7, 53.38, -8.89999, 0.2, 2, 13, 9.95, -15.07, 0.5, 7, 42.41, 2.91, 0.5, 1, 7, 35.27, 16.28, 1, 1, 7, 30.2, 15.85, 1, 1, 7, 17.67, 14.13, 1, 1, 7, 7.36, 6.57, 1, 2, 11, 25.27, 19.43, 0.5, 14, -8.46, 20.43, 0.5, 2, 11, 43.87, 10.18, 0.2, 14, 10.34, 11.62, 0.8, 1, 14, 25.91, 1.21, 1, 2, 11, 45.13, -5.9, 0.2, 14, 11.98, -4.42999, 0.8, 2, 11, 29.12, -10.25, 0.5, 9, 12.17, 3.72, 0.5, 1, 9, 14.33, -12.7, 1, 1, 9, 16.66, -19.95, 1, 1, 9, 22.1, -18.64, 1 ],
				"hull": 44
			}
		},
		"yanpi_": {
			"yanpi_": {
				"type": "skinnedmesh",
				"uvs": [ 1, 1, 0, 1, 0, 0, 1, 0 ],
				"triangles": [ 1, 2, 3, 1, 3, 0 ],
				"vertices": [ 1, 12, 20.79999, -51.2, 1, 1, 12, 14.87, 1.46, 1, 1, 12, 36.73, 3.92, 1, 1, 12, 42.67, -48.73, 1 ],
				"hull": 4
			}
		},
		"yingtou_": {
			"yingtou_": {
				"type": "skinnedmesh",
				"uvs": [ 0.44978, 0, 0.192, 0.1635, 0, 0.49292, 0.01772, 0.74858, 0.2755, 0.94033, 0.56596, 1, 0.73298, 0.724, 0.99802, 0.73384, 1, 0.252, 0.77655, 0.08484, 0.24943, 0.71625, 0.50566, 0.46014, 0.8449, 0.41656 ],
				"triangles": [ 12, 9, 8, 11, 0, 9, 11, 9, 12, 1, 0, 11, 2, 1, 11, 10, 2, 11, 6, 11, 12, 10, 11, 6, 7, 12, 8, 6, 12, 7, 3, 2, 10, 5, 4, 10, 3, 10, 4, 6, 5, 10 ],
				"vertices": [ 2, 38, 130.45, 4.14, 6.0E-5, 48, 13.44, 26.32, 0.99993, 2, 38, 116.49, 16.29, 2.1E-4, 48, -4.26, 20.99, 0.99978, 2, 38, 96.98, 21.3, 2.6E-4, 48, -18.91, 7.15, 0.99972, 2, 38, 86.23, 15.28, 0.1402, 48, -19.54, -5.15, 0.85979, 1, 38, 84.59, -3.76, 1, 2, 38, 89.62, -22.18, 0.98815, 48, 13.95, -22.25, 0.01184, 2, 38, 106.12, -26.75, 0.19243, 48, 26.62, -10.72, 0.80756, 1, 48, 43.59, -13.69, 1, 1, 48, 47.07, 9.17, 1, 2, 38, 135.32, -16.92, 0, 48, 33.87, 19.20999, 0.99999, 2, 38, 93.74, 2.14, 0.83984, 48, -4.42, -5.79, 0.16015, 1, 48, 13.83, 3.94, 1, 1, 48, 35.95, 2.82, 1 ],
				"hull": 10
			}
		},
		"yingwei_": {
			"yingwei_": {
				"type": "skinnedmesh",
				"uvs": [ 0.61959, 0, 1, 0.02319, 1, 0.14336, 1, 0.37633, 0.78395, 0.57252, 0.49468, 0.83983, 0.19225, 1, 1.0E-5, 0.9232, 0.10021, 0.69269, 0.22515, 0.40821, 0.29748, 0.19241 ],
				"triangles": [ 0, 1, 2, 0, 2, 3, 4, 0, 3, 10, 0, 4, 9, 10, 4, 5, 9, 4, 8, 9, 5, 6, 8, 5, 7, 8, 6 ],
				"vertices": [ 1, 49, -10.45, -9.77, 1, 1, 49, -12.36, 8.24, 1, 2, 49, 2.23, 12.24, 0.99987, 45, -15.06, 20.11, 1.2E-4, 2, 49, 30.54, 20.01, 0.99999, 45, 5.7, 40.84999, 0, 1, 49, 57.06, 16.76, 1, 1, 49, 93.14, 12.57, 1, 1, 49, 116.36, 4.19999, 1, 1, 49, 109.42, -7.06, 1, 1, 49, 80.17, -10.21, 1, 2, 49, 44.05, -14.03, 0.985, 45, 34.28, 17.92, 0.01499, 2, 49, 16.93, -17.95, 0.17472, 45, 12.64, 1.11, 0.82527 ],
				"hull": 11
			}
		},
		"youchi_": {
			"youchi_": {
				"type": "skinnedmesh",
				"uvs": [ 0.85734, 0.04224, 1, 0.25946, 0.89442, 0.5348, 0.59778, 0.77344, 0.0045, 1, 0.20226, 0.7612, 0.09101, 0.6633, 0.22697, 0.39101, 0.46182, 0.13402, 0.69683, 0.27173, 0.5607, 0.4981, 0.38135, 0.66328 ],
				"triangles": [ 9, 8, 0, 9, 0, 1, 10, 8, 9, 7, 8, 10, 2, 9, 1, 10, 9, 2, 11, 7, 10, 6, 7, 11, 5, 6, 11, 3, 10, 2, 11, 10, 3, 3, 4, 5, 3, 5, 11 ],
				"vertices": [ 1, 38, 88.67, -28.12, 1, 1, 50, 6.75, 16.93, 1, 1, 50, 34.74, 21.16, 1, 1, 50, 62.4, 15.15, 1, 1, 50, 93.81, -5.25, 1, 1, 50, 67.78, -3.91, 1, 1, 50, 60.29, -12.43, 1, 2, 50, 32.09, -15.13, 0.5, 38, 43.71, -13.56, 0.5, 1, 38, 72.19, -13.79, 1, 1, 50, 12.94, 3.04, 1, 1, 50, 36.77, 4.19, 1, 1, 50, 55.48, 1.26, 1 ],
				"hull": 9
			}
		},
		"youshou_": {
			"youshou_": {
				"type": "skinnedmesh",
				"uvs": [ 0.36503, 0.17423, 0.67949, 0, 0.89849, 0.12813, 0.96306, 0.37882, 0.84794, 0.52001, 0.59244, 0.6468, 0.30887, 0.9292, 0.16288, 1, 0, 0.86869, 0.00284, 0.67563, 0.07303, 0.61511, 0.21061, 0.38747, 0.18241, 0.75334, 0.41278, 0.40471, 0.72453, 0.22039 ],
				"triangles": [ 7, 8, 12, 8, 9, 12, 7, 12, 6, 14, 2, 3, 4, 14, 3, 14, 1, 2, 0, 1, 14, 13, 0, 14, 5, 13, 14, 4, 5, 14, 11, 0, 13, 12, 13, 5, 12, 10, 11, 12, 11, 13, 9, 10, 12, 6, 12, 5 ],
				"vertices": [ 2, 30, 49.8, 15.52, 0.5, 36, 3.19, 18.66, 0.5, 2, 36, 31.06, 18.61, 0.5, 42, -12.08, 14.32, 0.5, 1, 42, 7.13, 10.18999, 1, 1, 42, 17.68, -6.45, 1, 2, 36, 23.77, -22.38, 0.5, 42, 12.36, -19.39, 0.5, 2, 30, 30.77, -19.70999, 0.5, 36, 1.66, -21.36, 0.5, 2, 30, 0.47, -14.09, 0.5, 24, 88.37, -12.15, 0.5, 2, 30, -10.5, -7.91, 0.19999, 24, 82.91, -0.8, 0.8, 2, 30, -9.71, 8.22, 0.19999, 24, 92.8, 11.96, 0.8, 2, 30, 2.38, 16.52, 0.5, 24, 107.47, 11.84, 0.5, 2, 30, 9.3, 14.72, 0.6, 24, 112.1, 6.4, 0.4, 1, 30, 29.62, 15.97, 1, 2, 30, 5.66, 1.68, 0.6, 24, 101.66, -2.2, 0.4, 2, 30, 37.66999, 2.34999, 0.5, 36, -1.87, 1.48, 0.5, 2, 36, 26.17, 2.21, 0.5, 42, -3.68, -0.58, 0.5 ],
				"hull": 12
			}
		},
		"youshoubi_": {
			"youshoubi_": {
				"type": "skinnedmesh",
				"uvs": [ 0.70759, 0, 0.49048, 0.13209, 0.32967, 0.39139, 0.12463, 0.56987, 0.16483, 0.69783, 0.10461, 0.82336, 1.2E-4, 0.9298, 0.07559, 1, 0.25424, 0.99998, 0.53906, 0.86876, 0.76616, 0.6886, 0.98902, 0.452, 1, 0.19607, 0.87242, 0.04638, 0.71847, 0.28455, 0.52158, 0.50445, 0.35203, 0.68311 ],
				"triangles": [ 8, 5, 16, 7, 6, 5, 8, 7, 5, 4, 3, 16, 16, 5, 4, 14, 0, 13, 14, 13, 12, 1, 0, 14, 15, 2, 1, 11, 14, 12, 14, 15, 1, 16, 2, 15, 3, 2, 16, 10, 14, 11, 15, 14, 10, 9, 15, 10, 16, 15, 9, 8, 16, 9 ],
				"vertices": [ 1, 15, 32.04, -9.39, 1, 1, 15, 56.61, -18.76, 1, 1, 15, 90.63, -15.38, 1, 2, 15, 119.1, -20.79999, 0.19999, 24, 37.25, 0.41, 0.8, 2, 15, 129.48, -9.32, 0.19999, 24, 22.3, -3.62, 0.8, 2, 15, 145.01, -6.24, 0.2, 24, 7.58, 2.17, 0.8, 2, 15, 161.03, -8.01, 0.19999, 24, -4.94, 12.33, 0.8, 2, 15, 163.87, 2.67, 0.39999, 24, -13.1, 4.88, 0.6, 2, 15, 154.3, 17.33, 0.5, 24, -12.98, -12.62, 0.5, 1, 15, 126.19, 32.31, 1, 1, 15, 96.38, 39.43, 1, 1, 15, 61.26, 42.6, 1, 1, 15, 35.59, 27.14, 1, 1, 15, 27.76, 7.1, 1, 1, 15, 59.34, 9.68999, 1, 1, 15, 91.43, 7.59, 1, 2, 15, 118.02, 5.09, 0.5, 24, 24.15, -21.95, 0.5 ],
				"hull": 14
			}
		},
		"youxiaobi_": {
			"youxiaobi_": {
				"type": "skinnedmesh",
				"uvs": [ 0.52704, 0, 0.34989, 0.03852, 0.26359, 0.18528, 0.14548, 0.37246, 0.06413, 0.55027, 0.04555, 0.75531, 0.15457, 0.90846, 0.39531, 1, 0.77687, 0.92547, 1, 0.817, 0.96949, 0.65963, 0.83274, 0.43417, 0.74508, 0.21081, 0.80392, 0.10805, 0.72236, 0.02363, 0.55081, 0.14412, 0.42572, 0.32983, 0.3586, 0.52412, 0.34945, 0.72697, 0.36776, 0.88555, 0.59657, 0.45983, 0.66674, 0.64126, 0.71555, 0.79983 ],
				"triangles": [ 1, 0, 15, 15, 0, 14, 15, 2, 1, 15, 14, 12, 12, 14, 13, 6, 5, 18, 21, 17, 20, 17, 21, 18, 5, 4, 18, 18, 4, 17, 4, 3, 17, 17, 16, 20, 17, 3, 16, 16, 15, 20, 20, 15, 12, 3, 2, 16, 16, 2, 15, 6, 19, 7, 7, 19, 22, 6, 18, 19, 22, 19, 18, 22, 18, 21, 22, 21, 10, 21, 11, 10, 21, 20, 11, 20, 12, 11, 7, 22, 8, 8, 22, 9, 22, 10, 9 ],
				"vertices": [ 2, 24, 107.9, 2.99, 0.19999, 30, 7.8, 9.51, 0.8, 2, 24, 102.97, 13.4, 0.5, 30, -2.19, 15.23, 0.5, 1, 24, 84.45, 18.37, 1, 1, 24, 60.82, 25.18, 1, 1, 24, 38.38, 29.83, 1, 1, 24, 12.54, 30.75, 1, 1, 24, -6.7, 24.19, 1, 2, 15, 170.84, 1.16, 0.5, 24, -18.14, 9.91, 0.5, 2, 15, 150.67, 14.88, 0.7, 24, -8.6, -12.53, 0.3, 2, 15, 132.03, 18.44, 0.7, 24, 5.14, -25.6, 0.3, 2, 15, 116.41, 6.09, 0.5, 24, 24.96, -23.67, 0.5, 1, 24, 53.31, -15.41, 1, 1, 24, 81.42, -10.05, 1, 2, 24, 94.39, -13.43, 0.5, 30, 6.14, -11.68, 0.5, 2, 24, 105, -8.55, 0.19999, 30, 12.04, -1.61, 0.8, 2, 24, 89.75, 1.46, 0.5, 30, -6.19, -2.13, 0.5, 1, 24, 66.3, 8.68, 1, 1, 24, 41.79, 12.48, 1, 1, 24, 16.23, 12.85, 1, 1, 24, -3.73, 11.63, 1, 1, 24, 49.99, -1.5, 1, 1, 24, 27.15, -5.79, 1, 2, 15, 139.39, 3.2, 0.5, 24, 7.19, -8.8, 0.5 ],
				"hull": 15
			}
		},
		"zuoshou_": {
			"zuoshou_": {
				"type": "skinnedmesh",
				"uvs": [ 0.50273, 0.6439, 0.598, 0.8603, 0.75383, 0.91517, 0.86362, 0.92297, 0.98996, 0.8944, 1, 0.76792, 0.94535, 0.70925, 0.8896, 0.69116, 0.84536, 0.65046, 0.73677, 0.41551, 0.61411, 0.18611, 0.44922, 0.08806, 0.26824, 0.05846, 0.0953, 0.11766, 0.04701, 0.34891, 0.14359, 0.52834, 0.29036, 0.54501, 0.43313, 0.58386, 0.63625, 0.4785, 0.69041, 0.63764, 0.77678, 0.74315, 0.86321, 0.79316, 0.94564, 0.81357, 0.46351, 0.24158, 0.28661, 0.16931, 0.37492, 0.36917, 0.18995, 0.33944, 0.55759, 0.3589 ],
				"triangles": [ 23, 11, 10, 16, 26, 25, 26, 24, 25, 25, 24, 23, 26, 13, 24, 24, 11, 23, 24, 12, 11, 15, 26, 16, 15, 14, 26, 14, 13, 26, 13, 12, 24, 16, 25, 17, 27, 10, 9, 25, 23, 27, 27, 23, 10, 17, 25, 27, 2, 21, 3, 2, 20, 21, 2, 1, 20, 1, 19, 20, 1, 0, 19, 21, 20, 7, 20, 8, 7, 20, 19, 8, 19, 9, 8, 19, 18, 9, 19, 0, 18, 0, 17, 18, 17, 27, 18, 18, 27, 9, 3, 22, 4, 4, 22, 5, 3, 21, 22, 5, 22, 6, 22, 21, 6, 21, 7, 6 ],
				"vertices": [ 2, 31, 25.89, 21.13, 0.5, 37, -0.81, 23.41, 0.5, 2, 25, 146.73, 5.42, 0.19999, 31, 2.59999, 22.81, 0.8, 2, 25, 132.68, 11.6, 0.35, 31, -8.63, 12.36, 0.64999, 2, 25, 122.62, 12.88, 0.5, 31, -13.79, 3.64, 0.5, 2, 25, 110.88, 10.59, 0.9, 31, -16.35, -8.05, 0.1, 2, 25, 109.34, -1.99, 0.9, 31, -5.4, -14.45, 0.1, 2, 25, 114.07, -8.09, 0.7, 31, 2.07, -12.53, 0.3, 2, 25, 119.11, -10.14999, 0.5, 31, 5.96, -8.72, 0.5, 2, 25, 122.97, -14.41, 0.35, 31, 11.41, -6.86, 0.64999, 2, 31, 36.9, -8.25, 0.5, 37, -2.13, -7.94, 0.5, 2, 37, 21.41, -17.89, 0.5, 43, -15.56, -11.91, 0.5, 2, 37, 39.3, -15.37, 0.19999, 43, 1.12, -18.83, 0.8, 1, 43, 18.03, -18.74, 1, 1, 43, 32.62, -10.05, 1, 1, 43, 32.82, 13.49, 1, 1, 43, 20.85, 29.54, 1, 2, 37, 20.42, 28.73, 0.5, 43, 7.26, 28.75, 0.5, 2, 31, 34.09999, 24.23, 0.7, 37, 7.95, 23.06, 0.3, 2, 31, 35.32, 2.82, 0.5, 37, 0.72, 2.87, 0.5, 2, 25, 137.15, -16.39, 0.1, 31, 18.84, 5.36, 0.9, 2, 25, 129.73, -5.46, 0.35, 31, 5.87, 2.88, 0.64999, 2, 25, 122.03, -0.08, 0.5, 31, -2.11999, -2.04, 0.5, 2, 25, 114.55, 2.32, 0.7, 31, -7.29, -7.95, 0.3, 2, 37, 28.25, -4.63, 0.5, 43, -2.93, -3.96, 0.5, 2, 37, 45.28, 0.56, 0.19999, 43, 14.37, -8.14, 0.8, 2, 37, 26.05, 10.34, 0.5, 43, 2.78, 10.05, 0.5, 2, 37, 40.86, 19.24, 0.19999, 43, 20.06, 10.18999, 0.8, 2, 31, 49.25, 4.04, 0.7, 37, 14.02, -1.43, 0.3 ],
				"hull": 18
			}
		},
		"zuoshoubi_": {
			"zuoshoubi_": {
				"type": "skinnedmesh",
				"uvs": [ 0.12783, 0.03337, 0, 0.11692, 0, 0.22734, 0.09258, 0.33029, 0.23711, 0.46905, 0.28646, 0.64511, 0.39293, 0.80516, 0.43604, 0.89545, 0.50891, 0.97403, 0.73451, 0.99999, 1, 0.98377, 0.99901, 0.90532, 0.99999, 0.78354, 0.95353, 0.64449, 0.98088, 0.49441, 0.93858, 0.30045, 0.85398, 0.19302, 0.75528, 0.08261, 0.57551, 0, 0.33581, 0, 0.37809, 0.10613, 0.49579, 0.22502, 0.60012, 0.35977, 0.66165, 0.50811, 0.68572, 0.65531, 0.7098, 0.78666, 0.71782, 0.91122 ],
				"triangles": [ 8, 7, 25, 9, 26, 11, 8, 26, 9, 4, 20, 21, 21, 18, 17, 22, 21, 17, 22, 17, 16, 4, 21, 22, 15, 23, 22, 15, 22, 16, 23, 15, 14, 13, 23, 14, 5, 4, 22, 5, 22, 23, 24, 23, 13, 5, 23, 24, 25, 24, 13, 25, 13, 12, 6, 5, 24, 6, 24, 25, 7, 6, 25, 12, 26, 25, 11, 26, 12, 26, 8, 25, 10, 9, 11, 20, 19, 18, 21, 20, 18, 2, 1, 0, 3, 2, 0, 0, 20, 3, 20, 0, 19, 4, 3, 20 ],
				"vertices": [ 1, 7, 36.84999, 19.62999, 1, 1, 7, 26.29, 4.07, 1, 3, 7, 25.84, -16.78, 0.39972, 16, 12.79, -39.61, 0.08827, 6, 130.34, -43.05, 0.51199, 3, 7, 32.82, -36.4, 0.43453, 16, 33.09999, -35.06, 0.14142, 6, 113.07, -54.68, 0.42403, 3, 7, 43.81, -62.86, 0.16191, 16, 60.71, -27.36, 0.49272, 6, 90.17, -71.91, 0.34536, 4, 7, 47.04, -96.22, 0.07199, 16, 94.21, -28.2, 0.84449, 25, 32.96, -50.08, 0.00183, 6, 58.67, -83.32, 0.08166, 3, 7, 54.9, -126.64, 0, 16, 125.37, -24.09, 0.66367, 25, 25.96, -19.44, 0.33632, 3, 7, 57.97, -143.78, 0, 16, 142.75, -23.11, 0.00212, 25, 23.36, -2.23, 0.99786, 2, 7, 63.48, -158.75, 0, 25, 18.28, 12.88, 1, 3, 7, 81.42, -164.04, 0, 16, 165.71, -2.3, 0.20817, 25, 0.49, 18.68, 0.79182, 3, 7, 102.72, -161.44, 0, 16, 165.71, 19.15, 0.59987, 25, -20.86, 16.67, 0.40011, 3, 7, 102.96, -146.61, 0, 16, 151.02, 21.19, 0.79176, 25, -21.52, 1.86, 0.20823, 1, 16, 128.25, 24.55, 1, 2, 7, 100.39, -97.25, 0, 16, 101.71, 24.63, 0.99999, 2, 7, 103.19, -68.94999, 0, 16, 73.94999, 30.84, 0.99999, 1, 16, 37.18, 32.72, 1, 2, 7, 94.28, -11.78, 0.11018, 16, 16.12, 28.92, 0.88981, 2, 7, 86.83, 9.24, 0.29775, 16, -5.65, 24.09, 0.70224, 2, 7, 72.79, 25.16, 0.75263, 16, -23.16, 12.08, 0.24736, 2, 7, 53.62, 25.58, 0.96919, 16, -25.89, -6.89, 0.0308, 2, 7, 56.57, 5.45, 0.92079, 16, -5.56, -6.4, 0.0792, 3, 7, 65.5, -17.20999, 0.17599, 16, 18.02, -0.29, 0.69216, 6, 139.79, -81.57, 0.13183, 3, 7, 73.29, -42.85, 0.08799, 16, 44.42, 4.32, 0.81715, 6, 116.89, -95.49, 0.09484, 1, 16, 72.87, 5.19, 1, 1, 16, 100.68, 3.13, 1, 1, 16, 125.52, 1.49, 1, 2, 16, 148.92, -1.22, 0.5, 25, 0.99, 1.85, 0.5 ],
				"hull": 20
			}
		},
		"zuoxiaobi_": {
			"zuoxiaobi_": {
				"type": "skinnedmesh",
				"uvs": [ 0.63296, 0, 0.5528, 0.10905, 0.40127, 0.23561, 0.25949, 0.34618, 0.15014, 0.36996, 0.13573, 0.28557, 0.09672, 0.2857, 0.06835, 0.31892, 0.0434, 0.47649, 0.04003, 0.76058, 0.05667, 0.94362, 0.09056, 0.97579, 0.14188, 0.97377, 0.15553, 0.80843, 0.28609, 0.8831, 0.46147, 0.96843, 0.66024, 1, 0.82783, 0.87243, 0.96229, 0.6911, 0.97244, 0.3991, 0.8746, 0.14177, 0.76353, 0.02443, 0.68917, 0.25976, 0.81029, 0.46215, 0.57042, 0.39558, 0.67215, 0.63774, 0.43714, 0.4916, 0.52918, 0.74369, 0.30507, 0.56109, 0.3741, 0.76011, 0.18755, 0.57091, 0.12819, 0.56422, 0.0858, 0.44812, 0.07001, 0.72663 ],
				"triangles": [ 21, 1, 0, 22, 21, 20, 22, 20, 19, 23, 22, 19, 18, 23, 19, 4, 32, 7, 7, 6, 5, 5, 4, 7, 8, 7, 32, 26, 2, 24, 3, 2, 26, 28, 3, 26, 30, 4, 3, 30, 31, 32, 32, 4, 30, 8, 32, 31, 3, 28, 30, 26, 24, 25, 33, 8, 31, 33, 31, 30, 27, 26, 25, 29, 28, 26, 27, 29, 26, 9, 8, 33, 13, 33, 30, 9, 33, 13, 30, 28, 29, 13, 30, 29, 27, 25, 17, 14, 13, 29, 10, 9, 13, 15, 29, 27, 16, 15, 27, 14, 29, 15, 12, 10, 13, 11, 10, 12, 17, 16, 27, 22, 1, 21, 24, 1, 22, 2, 1, 24, 24, 22, 23, 25, 24, 23, 25, 23, 18, 17, 25, 18 ],
				"vertices": [ 2, 25, 30.35, -25.85, 0.19999, 16, 118.58, -27.86, 0.8, 1, 25, 43.14, -20.26, 1, 1, 25, 67.11, -14.22, 1, 1, 25, 89.51, -9.01, 1, 1, 25, 106.62, -8.5, 1, 1, 25, 108.62, -13.41, 1, 1, 25, 114.7, -13.71, 1, 1, 25, 119.22, -12.03, 1, 1, 25, 123.55, -3.25, 1, 1, 25, 124.87, 12.88, 1, 1, 25, 122.79, 23.43, 1, 2, 25, 117.6, 25.52, 0.936, 31, -27.39, 4.04, 0.06398, 1, 25, 109.6, 25.8, 1, 1, 25, 107.01, 16.49, 1, 1, 25, 86.87, 21.75, 1, 1, 25, 59.79, 27.95, 1, 1, 25, 28.91, 31.28, 1, 1, 25, 2.44, 25.3, 1, 2, 25, -19.01, 16.01, 0.5, 16, 164.89, 17.37999, 0.5, 2, 25, -21.42, -0.52, 0.19999, 16, 148.63, 21.31, 0.8, 2, 25, -6.89, -15.92, 0.19999, 16, 131.94, 8.29, 0.8, 2, 25, 10.07, -23.46, 0.19999, 16, 122.86, -7.9, 0.8, 2, 25, 22.32, -10.63, 0.5, 16, 134.48, -21.29, 0.5, 2, 25, 4.02, 1.81, 0.5, 16, 148.59, -4.23, 0.5, 1, 25, 41.2, -3.81, 1, 1, 25, 26.03, 10.75, 1, 1, 25, 62.24, 0.62, 1, 1, 25, 48.61, 15.68, 1, 1, 25, 83.01, 3.56, 1, 1, 25, 72.82, 15.42, 1, 1, 25, 101.35, 3.22, 1, 1, 25, 110.58, 2.38, 1, 1, 25, 116.86, -4.54, 1, 1, 25, 120.1, 11.18, 1 ],
				"hull": 22
			}
		}
	}
},
"animations": {
	"dj": {
		"slots": {
			"yanpi_": {
				"attachment": [
					{ "time": 0, "name": "yanpi_" }
				],
				"color": [
					{ "time": 0, "color": "ffffff00" },
					{ "time": 0.1, "color": "ffffffff" },
					{ "time": 0.2333, "color": "ffffff00" }
				]
			}
		},
		"bones": {
			"root": {
				"rotate": [
					{ "time": 0, "angle": 0, "curve": "stepped" },
					{ "time": 2, "angle": 0 }
				],
				"translate": [
					{ "time": 0, "x": 0, "y": 0, "curve": "stepped" },
					{ "time": 2, "x": 0, "y": 0 }
				],
				"scale": [
					{ "time": 0, "x": 1, "y": 1, "curve": "stepped" },
					{ "time": 2, "x": 1, "y": 1 }
				]
			},
			"bone": {
				"rotate": [
					{ "time": 0, "angle": 0, "curve": "stepped" },
					{ "time": 2, "angle": 0 }
				],
				"translate": [
					{
						"time": 0,
						"x": 0,
						"y": 0,
						"curve": [ 0.25, 0, 0.75, 1 ]
					},
					{
						"time": 1,
						"x": 0,
						"y": -2.92,
						"curve": [ 0.25, 0, 0.75, 1 ]
					},
					{ "time": 2, "x": 0, "y": 0 }
				],
				"scale": [
					{ "time": 0, "x": 1, "y": 1, "curve": "stepped" },
					{ "time": 2, "x": 1, "y": 1 }
				]
			},
			"kua": {
				"rotate": [
					{ "time": 0, "angle": 0, "curve": "stepped" },
					{ "time": 2, "angle": 0 }
				],
				"translate": [
					{
						"time": 0,
						"x": 0,
						"y": 0,
						"curve": [ 0.55, 0.19, 0.75, 1 ]
					},
					{
						"time": 1,
						"x": 0,
						"y": 2.46,
						"curve": [ 0.25, 0, 0.467, 0.8 ]
					},
					{ "time": 2, "x": 0, "y": 0 }
				],
				"scale": [
					{ "time": 0, "x": 1.1, "y": 1.1, "curve": "stepped" },
					{ "time": 2, "x": 1.1, "y": 1.1 }
				]
			},
			"shenti": {
				"rotate": [
					{
						"time": 0,
						"angle": 0,
						"curve": [ 0.55, 0.19, 0.75, 1 ]
					},
					{
						"time": 1,
						"angle": -0.77,
						"curve": [ 0.25, 0, 0.467, 0.8 ]
					},
					{ "time": 2, "angle": 0 }
				],
				"translate": [
					{ "time": 0, "x": 0, "y": 0, "curve": "stepped" },
					{ "time": 2, "x": 0, "y": 0 }
				],
				"scale": [
					{ "time": 0, "x": 1, "y": 1, "curve": "stepped" },
					{ "time": 2, "x": 1, "y": 1 }
				]
			},
			"kua2": {
				"rotate": [
					{
						"time": 0,
						"angle": 0,
						"curve": [ 0.55, 0.19, 0.75, 1 ]
					},
					{
						"time": 1,
						"angle": 9.74,
						"curve": [ 0.25, 0, 0.467, 0.8 ]
					},
					{ "time": 2, "angle": 0 }
				],
				"translate": [
					{ "time": 0, "x": 0, "y": 0, "curve": "stepped" },
					{ "time": 2, "x": 0, "y": 0 }
				],
				"scale": [
					{ "time": 0, "x": 1, "y": 1, "curve": "stepped" },
					{ "time": 2, "x": 1, "y": 1 }
				]
			},
			"kua3": {
				"rotate": [
					{
						"time": 0,
						"angle": 0,
						"curve": [ 0.55, 0.19, 0.75, 1 ]
					},
					{
						"time": 1,
						"angle": -6.32,
						"curve": [ 0.25, 0, 0.467, 0.8 ]
					},
					{ "time": 2, "angle": 0 }
				],
				"translate": [
					{ "time": 0, "x": 0, "y": 0, "curve": "stepped" },
					{ "time": 2, "x": 0, "y": 0 }
				],
				"scale": [
					{ "time": 0, "x": 1, "y": 1, "curve": "stepped" },
					{ "time": 2, "x": 1, "y": 1 }
				]
			},
			"shenti2": {
				"rotate": [
					{
						"time": 0,
						"angle": 0,
						"curve": [ 0.55, 0.19, 0.75, 1 ]
					},
					{
						"time": 1,
						"angle": 0.73,
						"curve": [ 0.25, 0, 0.467, 0.8 ]
					},
					{ "time": 2, "angle": 0 }
				],
				"translate": [
					{
						"time": 0,
						"x": 0,
						"y": 0,
						"curve": [ 0.55, 0.19, 0.75, 1 ]
					},
					{
						"time": 1,
						"x": -0.44,
						"y": 0.16,
						"curve": [ 0.25, 0, 0.467, 0.8 ]
					},
					{ "time": 2, "x": 0, "y": 0 }
				],
				"scale": [
					{ "time": 0, "x": 1, "y": 1, "curve": "stepped" },
					{ "time": 2, "x": 1, "y": 1 }
				]
			},
			"bone2": {
				"rotate": [
					{
						"time": 0,
						"angle": 0,
						"curve": [ 0.143, 0.19, 0.75, 1 ]
					},
					{
						"time": 0.5,
						"angle": 0.92,
						"curve": [ 0.25, 0, 0.75, 1 ]
					},
					{
						"time": 1.5,
						"angle": -0.54,
						"curve": [ 0.25, 0, 0.861, 0.79 ]
					},
					{ "time": 2, "angle": 0 }
				],
				"translate": [
					{ "time": 0, "x": 0, "y": 0, "curve": "stepped" },
					{ "time": 2, "x": 0, "y": 0 }
				],
				"scale": [
					{ "time": 0, "x": 1, "y": 1, "curve": "stepped" },
					{ "time": 2, "x": 1, "y": 1 }
				]
			},
			"shenti3": {
				"rotate": [
					{ "time": 0, "angle": 0, "curve": "stepped" },
					{ "time": 2, "angle": 0 }
				],
				"translate": [
					{ "time": 0, "x": 0, "y": 0, "curve": "stepped" },
					{ "time": 2, "x": 0, "y": 0 }
				],
				"scale": [
					{ "time": 0, "x": 1, "y": 1, "curve": "stepped" },
					{ "time": 2, "x": 1, "y": 1 }
				]
			},
			"shenti4": {
				"rotate": [
					{
						"time": 0,
						"angle": 0,
						"curve": [ 0.143, 0.19, 0.75, 1 ]
					},
					{
						"time": 0.5,
						"angle": -0.76,
						"curve": [ 0.25, 0, 0.75, 1 ]
					},
					{
						"time": 1.5,
						"angle": 1.46,
						"curve": [ 0.25, 0, 0.861, 0.79 ]
					},
					{ "time": 2, "angle": 0 }
				],
				"translate": [
					{ "time": 0, "x": 0, "y": 0, "curve": "stepped" },
					{ "time": 2, "x": 0, "y": 0 }
				],
				"scale": [
					{ "time": 0, "x": 1, "y": 1, "curve": "stepped" },
					{ "time": 2, "x": 1, "y": 1 }
				]
			},
			"shenti7": {
				"rotate": [
					{ "time": 0, "angle": 0, "curve": "stepped" },
					{ "time": 2, "angle": 0 }
				],
				"translate": [
					{
						"time": 0,
						"x": 0,
						"y": 0,
						"curve": [ 0.148, 0.19, 0.75, 1 ]
					},
					{
						"time": 0.3333,
						"x": 2.26,
						"y": 0.52,
						"curve": [ 0.25, 0, 0.75, 1 ]
					},
					{
						"time": 1.6666,
						"x": -2.11,
						"y": -0.49,
						"curve": [ 0.25, 0, 0.861, 0.8 ]
					},
					{ "time": 2, "x": 0, "y": 0 }
				],
				"scale": [
					{ "time": 0, "x": 1, "y": 1, "curve": "stepped" },
					{ "time": 2, "x": 1, "y": 1 }
				]
			},
			"xianglian": {
				"rotate": [
					{
						"time": 0,
						"angle": 0,
						"curve": [ 0.55, 0.19, 0.75, 1 ]
					},
					{
						"time": 1,
						"angle": 3.75,
						"curve": [ 0.25, 0, 0.467, 0.8 ]
					},
					{ "time": 2, "angle": 0 }
				],
				"translate": [
					{ "time": 0, "x": 0, "y": 0, "curve": "stepped" },
					{ "time": 2, "x": 0, "y": 0 }
				],
				"scale": [
					{ "time": 0, "x": 1, "y": 1, "curve": "stepped" },
					{ "time": 2, "x": 1, "y": 1 }
				]
			},
			"xianglian2": {
				"rotate": [
					{
						"time": 0,
						"angle": 0,
						"curve": [ 0.143, 0.19, 0.75, 1 ]
					},
					{
						"time": 0.5,
						"angle": -0.79,
						"curve": [ 0.25, 0, 0.75, 1 ]
					},
					{
						"time": 1.5,
						"angle": 0.83,
						"curve": [ 0.25, 0, 0.861, 0.79 ]
					},
					{ "time": 2, "angle": 0 }
				],
				"translate": [
					{ "time": 0, "x": 0, "y": 0, "curve": "stepped" },
					{ "time": 2, "x": 0, "y": 0 }
				],
				"scale": [
					{ "time": 0, "x": 1, "y": 1, "curve": "stepped" },
					{ "time": 2, "x": 1, "y": 1 }
				]
			},
			"tou": {
				"rotate": [
					{
						"time": 0,
						"angle": 0,
						"curve": [ 0.55, 0.19, 0.75, 1 ]
					},
					{
						"time": 1,
						"angle": 1.59,
						"curve": [ 0.25, 0, 0.467, 0.8 ]
					},
					{ "time": 2, "angle": 0 }
				],
				"translate": [
					{ "time": 0, "x": 0, "y": 0, "curve": "stepped" },
					{ "time": 2, "x": 0, "y": 0 }
				],
				"scale": [
					{ "time": 0, "x": 1, "y": 1, "curve": "stepped" },
					{ "time": 2, "x": 1, "y": 1 }
				]
			},
			"xianglian3": {
				"rotate": [
					{
						"time": 0,
						"angle": 0,
						"curve": [ 0.55, 0.19, 0.75, 1 ]
					},
					{
						"time": 1,
						"angle": -2.21,
						"curve": [ 0.25, 0, 0.467, 0.8 ]
					},
					{ "time": 2, "angle": 0 }
				],
				"translate": [
					{ "time": 0, "x": 0, "y": 0, "curve": "stepped" },
					{ "time": 2, "x": 0, "y": 0 }
				],
				"scale": [
					{ "time": 0, "x": 1, "y": 1, "curve": "stepped" },
					{ "time": 2, "x": 1, "y": 1 }
				]
			},
			"youshoubi": {
				"rotate": [
					{
						"time": 0,
						"angle": 0,
						"curve": [ 0.55, 0.19, 0.75, 1 ]
					},
					{
						"time": 1,
						"angle": -1.14,
						"curve": [ 0.25, 0, 0.467, 0.8 ]
					},
					{ "time": 2, "angle": 0 }
				],
				"translate": [
					{ "time": 0, "x": 0, "y": 0, "curve": "stepped" },
					{ "time": 2, "x": 0, "y": 0 }
				],
				"scale": [
					{ "time": 0, "x": 1, "y": 1, "curve": "stepped" },
					{ "time": 2, "x": 1, "y": 1 }
				]
			},
			"zuoshoubi": {
				"rotate": [
					{
						"time": 0,
						"angle": 0,
						"curve": [ 0.55, 0.19, 0.75, 1 ]
					},
					{
						"time": 1,
						"angle": 0.33,
						"curve": [ 0.25, 0, 0.467, 0.8 ]
					},
					{ "time": 2, "angle": 0 }
				],
				"translate": [
					{ "time": 0, "x": 0, "y": 0, "curve": "stepped" },
					{ "time": 2, "x": 0, "y": 0 }
				],
				"scale": [
					{ "time": 0, "x": 1, "y": 1, "curve": "stepped" },
					{ "time": 2, "x": 1, "y": 1 }
				]
			},
			"erzhui": {
				"rotate": [
					{
						"time": 0,
						"angle": 0,
						"curve": [ 0.143, 0.19, 0.75, 1 ]
					},
					{
						"time": 0.5,
						"angle": 347.92,
						"curve": [ 0.25, 0, 0.75, 1 ]
					},
					{
						"time": 1.5,
						"angle": 5.74,
						"curve": [ 0.25, 0, 0.861, 0.79 ]
					},
					{ "time": 2, "angle": 0 }
				],
				"translate": [
					{ "time": 0, "x": 0, "y": 0, "curve": "stepped" },
					{ "time": 2, "x": 0, "y": 0 }
				],
				"scale": [
					{ "time": 0, "x": 1, "y": 1, "curve": "stepped" },
					{ "time": 2, "x": 1, "y": 1 }
				]
			},
			"shenti5": {
				"rotate": [
					{
						"time": 0,
						"angle": 0,
						"curve": [ 0.143, 0.19, 0.75, 1 ]
					},
					{
						"time": 0.5,
						"angle": -6.21,
						"curve": [ 0.25, 0, 0.75, 1 ]
					},
					{
						"time": 1.5,
						"angle": -347.46,
						"curve": [ 0.25, 0, 0.861, 0.79 ]
					},
					{ "time": 2, "angle": 0 }
				],
				"translate": [
					{ "time": 0, "x": 0, "y": 0, "curve": "stepped" },
					{ "time": 2, "x": 0, "y": 0 }
				],
				"scale": [
					{ "time": 0, "x": 1, "y": 1, "curve": "stepped" },
					{ "time": 2, "x": 1, "y": 1 }
				]
			},
			"toufa01": {
				"rotate": [
					{
						"time": 0,
						"angle": 0,
						"curve": [ 0.143, 0.19, 0.75, 1 ]
					},
					{
						"time": 0.5,
						"angle": -5.63,
						"curve": [ 0.25, 0, 0.75, 1 ]
					},
					{
						"time": 1.5,
						"angle": 7.82,
						"curve": [ 0.25, 0, 0.861, 0.79 ]
					},
					{ "time": 2, "angle": 0 }
				],
				"translate": [
					{ "time": 0, "x": 0, "y": 0, "curve": "stepped" },
					{ "time": 2, "x": 0, "y": 0 }
				],
				"scale": [
					{ "time": 0, "x": 1, "y": 1, "curve": "stepped" },
					{ "time": 2, "x": 1, "y": 1 }
				]
			},
			"toufa02": {
				"rotate": [
					{
						"time": 0,
						"angle": 0,
						"curve": [ 0.143, 0.19, 0.75, 1 ]
					},
					{
						"time": 0.5,
						"angle": -1.51,
						"curve": [ 0.25, 0, 0.75, 1 ]
					},
					{
						"time": 1.5,
						"angle": 0.92,
						"curve": [ 0.25, 0, 0.861, 0.79 ]
					},
					{ "time": 2, "angle": 0 }
				],
				"translate": [
					{ "time": 0, "x": 0, "y": 0, "curve": "stepped" },
					{ "time": 2, "x": 0, "y": 0 }
				],
				"scale": [
					{ "time": 0, "x": 1, "y": 1, "curve": "stepped" },
					{ "time": 2, "x": 1, "y": 1 }
				]
			},
			"toufa10": {
				"rotate": [
					{
						"time": 0,
						"angle": 0,
						"curve": [ 0.143, 0.19, 0.75, 1 ]
					},
					{
						"time": 0.5,
						"angle": 353.02,
						"curve": [ 0.25, 0, 0.75, 1 ]
					},
					{
						"time": 1.5,
						"angle": 7.66,
						"curve": [ 0.25, 0, 0.861, 0.79 ]
					},
					{ "time": 2, "angle": 0 }
				],
				"translate": [
					{ "time": 0, "x": 0, "y": 0, "curve": "stepped" },
					{ "time": 2, "x": 0, "y": 0 }
				],
				"scale": [
					{ "time": 0, "x": 1, "y": 1, "curve": "stepped" },
					{ "time": 2, "x": 1, "y": 1 }
				]
			},
			"xianglian4": {
				"rotate": [
					{
						"time": 0,
						"angle": 0,
						"curve": [ 0.143, 0.19, 0.75, 1 ]
					},
					{
						"time": 0.5,
						"angle": 2.5,
						"curve": [ 0.25, 0, 0.75, 1 ]
					},
					{
						"time": 1.5,
						"angle": -4.17,
						"curve": [ 0.25, 0, 0.861, 0.79 ]
					},
					{ "time": 2, "angle": 0 }
				],
				"translate": [
					{ "time": 0, "x": 0, "y": 0, "curve": "stepped" },
					{ "time": 2, "x": 0, "y": 0 }
				],
				"scale": [
					{ "time": 0, "x": 1, "y": 1, "curve": "stepped" },
					{ "time": 2, "x": 1, "y": 1 }
				]
			},
			"xianglian5": {
				"rotate": [
					{
						"time": 0,
						"angle": 0,
						"curve": [ 0.55, 0.19, 0.75, 1 ]
					},
					{
						"time": 1,
						"angle": -6.07,
						"curve": [ 0.25, 0, 0.467, 0.8 ]
					},
					{ "time": 2, "angle": 0 }
				],
				"translate": [
					{ "time": 0, "x": 0, "y": 0, "curve": "stepped" },
					{ "time": 2, "x": 0, "y": 0 }
				],
				"scale": [
					{ "time": 0, "x": 1, "y": 1, "curve": "stepped" },
					{ "time": 2, "x": 1, "y": 1 }
				]
			},
			"youxiaobi": {
				"rotate": [
					{
						"time": 0,
						"angle": 0,
						"curve": [ 0.156, 0.2, 0.75, 1 ]
					},
					{
						"time": 0.5,
						"angle": 0.63,
						"curve": [ 0.25, 0, 0.75, 1 ]
					},
					{
						"time": 1.5,
						"angle": -0.76,
						"curve": [ 0.25, 0, 0.847, 0.79 ]
					},
					{ "time": 2, "angle": 0 }
				],
				"translate": [
					{ "time": 0, "x": 0, "y": 0, "curve": "stepped" },
					{ "time": 2, "x": 0, "y": 0 }
				],
				"scale": [
					{ "time": 0, "x": 1, "y": 1, "curve": "stepped" },
					{ "time": 2, "x": 1, "y": 1 }
				]
			},
			"zuoxiaobi": {
				"rotate": [
					{
						"time": 0,
						"angle": 0,
						"curve": [ 0.143, 0.19, 0.75, 1 ]
					},
					{
						"time": 0.5,
						"angle": -1.28,
						"curve": [ 0.25, 0, 0.75, 1 ]
					},
					{
						"time": 1.5,
						"angle": 0.42,
						"curve": [ 0.25, 0, 0.861, 0.79 ]
					},
					{ "time": 2, "angle": 0 }
				],
				"translate": [
					{ "time": 0, "x": 0, "y": 0, "curve": "stepped" },
					{ "time": 2, "x": 0, "y": 0 }
				],
				"scale": [
					{ "time": 0, "x": 1, "y": 1, "curve": "stepped" },
					{ "time": 2, "x": 1, "y": 1 }
				]
			},
			"shenti6": {
				"rotate": [
					{
						"time": 0,
						"angle": 0,
						"curve": [ 0.152, 0.19, 0.75, 1 ]
					},
					{
						"time": 1,
						"angle": -8.67,
						"curve": [ 0.25, 0, 0.855, 0.79 ]
					},
					{ "time": 2, "angle": 0 }
				],
				"translate": [
					{ "time": 0, "x": 0, "y": 0, "curve": "stepped" },
					{ "time": 2, "x": 0, "y": 0 }
				],
				"scale": [
					{ "time": 0, "x": 1, "y": 1, "curve": "stepped" },
					{ "time": 2, "x": 1, "y": 1 }
				]
			},
			"toufa1": {
				"rotate": [
					{
						"time": 0,
						"angle": 0,
						"curve": [ 0.55, 0.19, 0.75, 1 ]
					},
					{
						"time": 1,
						"angle": -9.26,
						"curve": [ 0.25, 0, 0.467, 0.8 ]
					},
					{ "time": 2, "angle": 0 }
				],
				"translate": [
					{ "time": 0, "x": 0, "y": 0, "curve": "stepped" },
					{ "time": 2, "x": 0, "y": 0 }
				],
				"scale": [
					{ "time": 0, "x": 1, "y": 1, "curve": "stepped" },
					{ "time": 2, "x": 1, "y": 1 }
				]
			},
			"toufa11": {
				"rotate": [
					{
						"time": 0,
						"angle": 0,
						"curve": [ 0.25, 0, 0.75, 1 ]
					},
					{
						"time": 1,
						"angle": -16.13,
						"curve": [ 0.25, 0, 0.75, 1 ]
					},
					{ "time": 2, "angle": 0 }
				],
				"translate": [
					{ "time": 0, "x": 0, "y": 0, "curve": "stepped" },
					{ "time": 2, "x": 0, "y": 0 }
				],
				"scale": [
					{ "time": 0, "x": 1, "y": 1, "curve": "stepped" },
					{ "time": 2, "x": 1, "y": 1 }
				]
			},
			"toufa5": {
				"rotate": [
					{
						"time": 0,
						"angle": 0,
						"curve": [ 0.55, 0.19, 0.75, 1 ]
					},
					{
						"time": 1,
						"angle": -1.51,
						"curve": [ 0.25, 0, 0.467, 0.8 ]
					},
					{ "time": 2, "angle": 0 }
				],
				"translate": [
					{ "time": 0, "x": 0, "y": 0, "curve": "stepped" },
					{ "time": 2, "x": 0, "y": 0 }
				],
				"scale": [
					{ "time": 0, "x": 1, "y": 1, "curve": "stepped" },
					{ "time": 2, "x": 1, "y": 1 }
				]
			},
			"youshou": {
				"rotate": [
					{
						"time": 0,
						"angle": 0,
						"curve": [ 0.55, 0.19, 0.75, 1 ]
					},
					{
						"time": 1,
						"angle": 1.82,
						"curve": [ 0.25, 0, 0.467, 0.8 ]
					},
					{ "time": 2, "angle": 0 }
				],
				"translate": [
					{ "time": 0, "x": 0, "y": 0, "curve": "stepped" },
					{ "time": 2, "x": 0, "y": 0 }
				],
				"scale": [
					{ "time": 0, "x": 1, "y": 1, "curve": "stepped" },
					{ "time": 2, "x": 1, "y": 1 }
				]
			},
			"zuoshou": {
				"rotate": [
					{
						"time": 0,
						"angle": 0,
						"curve": [ 0.25, 0, 0.75, 1 ]
					},
					{
						"time": 1,
						"angle": -3.17,
						"curve": [ 0.25, 0, 0.75, 1 ]
					},
					{ "time": 2, "angle": 0 }
				],
				"translate": [
					{ "time": 0, "x": 0, "y": 0, "curve": "stepped" },
					{ "time": 2, "x": 0, "y": 0 }
				],
				"scale": [
					{ "time": 0, "x": 1, "y": 1, "curve": "stepped" },
					{ "time": 2, "x": 1, "y": 1 }
				]
			},
			"toufa03": {
				"rotate": [
					{
						"time": 0,
						"angle": 0,
						"curve": [ 0.159, 0.2, 0.75, 1 ]
					},
					{
						"time": 0.5,
						"angle": 16.93,
						"curve": [ 0.25, 0, 0.75, 1 ]
					},
					{
						"time": 1.5,
						"angle": -16.37,
						"curve": [ 0.25, 0, 0.851, 0.79 ]
					},
					{ "time": 2, "angle": 0 }
				],
				"translate": [
					{ "time": 0, "x": 0, "y": 0, "curve": "stepped" },
					{ "time": 2, "x": 0, "y": 0 }
				],
				"scale": [
					{ "time": 0, "x": 1, "y": 1, "curve": "stepped" },
					{ "time": 2, "x": 1, "y": 1 }
				]
			},
			"toufa12": {
				"rotate": [
					{
						"time": 0,
						"angle": 0,
						"curve": [ 0.143, 0.19, 0.75, 1 ]
					},
					{
						"time": 0.5,
						"angle": 16.7,
						"curve": [ 0.25, 0, 0.75, 1 ]
					},
					{
						"time": 1.5,
						"angle": -16.11,
						"curve": [ 0.25, 0, 0.861, 0.79 ]
					},
					{ "time": 2, "angle": 0 }
				],
				"translate": [
					{ "time": 0, "x": 0, "y": 0, "curve": "stepped" },
					{ "time": 2, "x": 0, "y": 0 }
				],
				"scale": [
					{ "time": 0, "x": 1, "y": 1, "curve": "stepped" },
					{ "time": 2, "x": 1, "y": 1 }
				]
			},
			"toufa2": {
				"rotate": [
					{
						"time": 0,
						"angle": 0,
						"curve": [ 0.143, 0.19, 0.75, 1 ]
					},
					{
						"time": 0.5,
						"angle": 16.54,
						"curve": [ 0.25, 0, 0.75, 1 ]
					},
					{
						"time": 1.5,
						"angle": -19.56,
						"curve": [ 0.25, 0, 0.861, 0.79 ]
					},
					{ "time": 2, "angle": 0 }
				],
				"translate": [
					{ "time": 0, "x": 0, "y": 0, "curve": "stepped" },
					{ "time": 2, "x": 0, "y": 0 }
				],
				"scale": [
					{ "time": 0, "x": 1, "y": 1, "curve": "stepped" },
					{ "time": 2, "x": 1, "y": 1 }
				]
			},
			"toufa6": {
				"rotate": [
					{
						"time": 0,
						"angle": 0,
						"curve": [ 0.143, 0.19, 0.75, 1 ]
					},
					{
						"time": 0.5,
						"angle": 1.73,
						"curve": [ 0.25, 0, 0.75, 1 ]
					},
					{
						"time": 1.5,
						"angle": -2.76,
						"curve": [ 0.25, 0, 0.861, 0.79 ]
					},
					{ "time": 2, "angle": 0 }
				],
				"translate": [
					{ "time": 0, "x": 0, "y": 0, "curve": "stepped" },
					{ "time": 2, "x": 0, "y": 0 }
				],
				"scale": [
					{ "time": 0, "x": 1, "y": 1, "curve": "stepped" },
					{ "time": 2, "x": 1, "y": 1 }
				]
			},
			"youshou2": {
				"rotate": [
					{
						"time": 0,
						"angle": 0,
						"curve": [ 0.143, 0.19, 0.75, 1 ]
					},
					{
						"time": 0.5,
						"angle": -2.18,
						"curve": [ 0.25, 0, 0.75, 1 ]
					},
					{
						"time": 1.5,
						"angle": 0.28,
						"curve": [ 0.25, 0, 0.849, 0.79 ]
					},
					{ "time": 2, "angle": 0 }
				],
				"translate": [
					{ "time": 0, "x": 0, "y": 0, "curve": "stepped" },
					{ "time": 2, "x": 0, "y": 0 }
				],
				"scale": [
					{ "time": 0, "x": 1, "y": 1, "curve": "stepped" },
					{ "time": 2, "x": 1, "y": 1 }
				]
			},
			"zuoshou2": {
				"rotate": [
					{
						"time": 0,
						"angle": 0,
						"curve": [ 0.143, 0.19, 0.75, 1 ]
					},
					{
						"time": 0.5,
						"angle": 2.84,
						"curve": [ 0.25, 0, 0.75, 1 ]
					},
					{
						"time": 1.5,
						"angle": -3.05,
						"curve": [ 0.25, 0, 0.861, 0.79 ]
					},
					{ "time": 2, "angle": 0 }
				],
				"translate": [
					{ "time": 0, "x": 0, "y": 0, "curve": "stepped" },
					{ "time": 2, "x": 0, "y": 0 }
				],
				"scale": [
					{ "time": 0, "x": 1, "y": 1, "curve": "stepped" },
					{ "time": 2, "x": 1, "y": 1 }
				]
			},
			"niaoshen": {
				"rotate": [
					{
						"time": 0,
						"angle": 0,
						"curve": [ 0.209, 0.2, 0.564, 0.57 ]
					},
					{
						"time": 0.5,
						"angle": 0.94,
						"curve": [ 0.284, 0.32, 0.674, 0.75 ]
					},
					{
						"time": 1.5,
						"angle": -0.82,
						"curve": [ 0.388, 0.6, 0.739, 1 ]
					},
					{ "time": 2, "angle": 0 }
				],
				"translate": [
					{ "time": 0, "x": 0, "y": 0, "curve": "stepped" },
					{ "time": 2, "x": 0, "y": 0 }
				],
				"scale": [
					{ "time": 0, "x": 1, "y": 1, "curve": "stepped" },
					{ "time": 2, "x": 1, "y": 1 }
				]
			},
			"toufa3": {
				"rotate": [
					{
						"time": 0,
						"angle": 0,
						"curve": [ 0.55, 0.19, 0.75, 1 ]
					},
					{
						"time": 1,
						"angle": 30.9,
						"curve": [ 0.25, 0, 0.467, 0.8 ]
					},
					{ "time": 2, "angle": 0 }
				],
				"translate": [
					{ "time": 0, "x": 0, "y": 0, "curve": "stepped" },
					{ "time": 2, "x": 0, "y": 0 }
				],
				"scale": [
					{ "time": 0, "x": 1, "y": 1, "curve": "stepped" },
					{ "time": 2, "x": 1, "y": 1 }
				]
			},
			"toufa7": {
				"rotate": [
					{
						"time": 0,
						"angle": 0,
						"curve": [ 0.55, 0.19, 0.75, 1 ]
					},
					{
						"time": 1,
						"angle": -5.4,
						"curve": [ 0.25, 0, 0.467, 0.8 ]
					},
					{ "time": 2, "angle": 0 }
				],
				"translate": [
					{ "time": 0, "x": 0, "y": 0, "curve": "stepped" },
					{ "time": 2, "x": 0, "y": 0 }
				],
				"scale": [
					{ "time": 0, "x": 1, "y": 1, "curve": "stepped" },
					{ "time": 2, "x": 1, "y": 1 }
				]
			},
			"toufa8": {
				"rotate": [
					{
						"time": 0,
						"angle": 0,
						"curve": [ 0.546, 0.2, 0.75, 1 ]
					},
					{
						"time": 1,
						"angle": -0.8,
						"curve": [ 0.25, 0, 0.468, 0.8 ]
					},
					{ "time": 2, "angle": 0 }
				],
				"translate": [
					{ "time": 0, "x": 0, "y": 0, "curve": "stepped" },
					{ "time": 2, "x": 0, "y": 0 }
				],
				"scale": [
					{ "time": 0, "x": 1, "y": 1, "curve": "stepped" },
					{ "time": 2, "x": 1, "y": 1 }
				]
			},
			"youshou3": {
				"rotate": [
					{
						"time": 0,
						"angle": 0,
						"curve": [ 0.55, 0.19, 0.75, 1 ]
					},
					{
						"time": 1,
						"angle": 6.16,
						"curve": [ 0.25, 0, 0.467, 0.8 ]
					},
					{ "time": 2, "angle": 0 }
				],
				"translate": [
					{ "time": 0, "x": 0, "y": 0, "curve": "stepped" },
					{ "time": 2, "x": 0, "y": 0 }
				],
				"scale": [
					{ "time": 0, "x": 1, "y": 1, "curve": "stepped" },
					{ "time": 2, "x": 1, "y": 1 }
				]
			},
			"zuoshou3": {
				"rotate": [
					{
						"time": 0,
						"angle": 0,
						"curve": [ 0.25, 0, 0.75, 1 ]
					},
					{
						"time": 1,
						"angle": -2.86,
						"curve": [ 0.25, 0, 0.75, 1 ]
					},
					{ "time": 2, "angle": 0 }
				],
				"translate": [
					{ "time": 0, "x": 0, "y": 0, "curve": "stepped" },
					{ "time": 2, "x": 0, "y": 0 }
				],
				"scale": [
					{ "time": 0, "x": 1, "y": 1, "curve": "stepped" },
					{ "time": 2, "x": 1, "y": 1 }
				]
			},
			"chibang": {
				"rotate": [
					{
						"time": 0,
						"angle": 0,
						"curve": [ 0.55, 0.19, 0.75, 1 ]
					},
					{
						"time": 1,
						"angle": -4.47,
						"curve": [ 0.25, 0, 0.467, 0.8 ]
					},
					{ "time": 2, "angle": 0 }
				],
				"translate": [
					{ "time": 0, "x": 0, "y": 0, "curve": "stepped" },
					{ "time": 2, "x": 0, "y": 0 }
				],
				"scale": [
					{ "time": 0, "x": 1, "y": 1, "curve": "stepped" },
					{ "time": 2, "x": 1, "y": 1 }
				]
			},
			"niaoshen2": {
				"rotate": [
					{
						"time": 0,
						"angle": 0,
						"curve": [ 0.55, 0.19, 0.75, 1 ]
					},
					{
						"time": 1,
						"angle": -10.37,
						"curve": [ 0.25, 0, 0.467, 0.79 ]
					},
					{ "time": 2, "angle": 0 }
				],
				"translate": [
					{ "time": 0, "x": 0, "y": 0, "curve": "stepped" },
					{ "time": 2, "x": 0, "y": 0 }
				],
				"scale": [
					{ "time": 0, "x": 1, "y": 1, "curve": "stepped" },
					{ "time": 2, "x": 1, "y": 1 }
				]
			},
			"toufa4": {
				"rotate": [
					{
						"time": 0,
						"angle": 0,
						"curve": [ 0.143, 0.19, 0.75, 1 ]
					},
					{
						"time": 0.5,
						"angle": -25.75,
						"curve": [ 0.25, 0, 0.75, 1 ]
					},
					{
						"time": 1.5,
						"angle": 24.8,
						"curve": [ 0.25, 0, 0.861, 0.79 ]
					},
					{ "time": 2, "angle": 0 }
				],
				"translate": [
					{ "time": 0, "x": 0, "y": 0, "curve": "stepped" },
					{ "time": 2, "x": 0, "y": 0 }
				],
				"scale": [
					{ "time": 0, "x": 1, "y": 1, "curve": "stepped" },
					{ "time": 2, "x": 1, "y": 1 }
				]
			},
			"toufa9": {
				"rotate": [
					{
						"time": 0,
						"angle": 0,
						"curve": [ 0.159, 0.2, 0.75, 1 ]
					},
					{
						"time": 0.5,
						"angle": 5.4,
						"curve": [ 0.25, 0, 0.75, 1 ]
					},
					{
						"time": 1.5,
						"angle": -9.12,
						"curve": [ 0.25, 0, 0.851, 0.79 ]
					},
					{ "time": 2, "angle": 0 }
				],
				"translate": [
					{ "time": 0, "x": 0, "y": 0, "curve": "stepped" },
					{ "time": 2, "x": 0, "y": 0 }
				],
				"scale": [
					{ "time": 0, "x": 1, "y": 1, "curve": "stepped" },
					{ "time": 2, "x": 1, "y": 1 }
				]
			},
			"yingtou": {
				"rotate": [
					{
						"time": 0,
						"angle": 0,
						"curve": [ 0.55, 0.19, 0.75, 1 ]
					},
					{
						"time": 1,
						"angle": 3.14,
						"curve": [ 0.246, 0.05, 0.472, 0.8 ]
					},
					{ "time": 2, "angle": 0 }
				],
				"translate": [
					{ "time": 0, "x": 0, "y": 0, "curve": "stepped" },
					{ "time": 2, "x": 0, "y": 0 }
				],
				"scale": [
					{ "time": 0, "x": 1, "y": 1, "curve": "stepped" },
					{ "time": 2, "x": 1, "y": 1 }
				]
			},
			"yingwei": {
				"rotate": [
					{
						"time": 0,
						"angle": 0,
						"curve": [ 0.55, 0.19, 0.75, 1 ]
					},
					{
						"time": 1,
						"angle": -7.77,
						"curve": [ 0.25, 0, 0.467, 0.79 ]
					},
					{ "time": 2, "angle": 0 }
				],
				"translate": [
					{ "time": 0, "x": 0, "y": 0, "curve": "stepped" },
					{ "time": 2, "x": 0, "y": 0 }
				],
				"scale": [
					{ "time": 0, "x": 1, "y": 1, "curve": "stepped" },
					{ "time": 2, "x": 1, "y": 1 }
				]
			},
			"youchi": {
				"rotate": [
					{
						"time": 0,
						"angle": 0,
						"curve": [ 0.55, 0.19, 0.75, 1 ]
					},
					{
						"time": 1,
						"angle": 350.64,
						"curve": [ 0.25, 0, 0.467, 0.8 ]
					},
					{ "time": 2, "angle": 0 }
				],
				"translate": [
					{ "time": 0, "x": 0, "y": 0, "curve": "stepped" },
					{ "time": 2, "x": 0, "y": 0 }
				],
				"scale": [
					{ "time": 0, "x": 1, "y": 1, "curve": "stepped" },
					{ "time": 2, "x": 1, "y": 1 }
				]
			}
		}
	}
}
}