{"skeleton":{"hash":"gmQUqcO/ikqVvydKAg1Qmsa6QY8","spine":"3.7.94","width":598,"height":393.99,"images":"","audio":"F:/工作cok/召宝活动/召宝活动特效spine/images"},"bones":[{"name":"root"},{"name":"bone1","parent":"root","x":4.93,"y":-147.69},{"name":"g_guangshu_1","parent":"bone1","x":-4.93,"y":-3.95},{"name":"zhu_huo1","parent":"bone1","x":-141.49,"y":25.17},{"name":"zhu_huo2","parent":"bone1","x":138.57,"y":35.53,"scaleX":0.76,"scaleY":0.853},{"name":"bone2","parent":"root","x":2.39,"y":9},{"name":"quanguang_1","parent":"bone2","x":-2.01,"y":100.24},{"name":"xian2","parent":"bone2","rotation":-90,"x":-117.89,"y":-97.67,"scaleY":0.378},{"name":"xian1","parent":"bone2","rotation":150,"x":-4.49,"y":100.77,"scaleY":0.378},{"name":"xian3","parent":"bone2","rotation":29.6,"x":115.03,"y":-99.9,"scaleY":0.378},{"name":"quanguang_2","parent":"bone2","x":-114.14,"y":-94.61},{"name":"quanguang_3","parent":"bone2","x":109.91,"y":-94.42},{"name":"sd2","parent":"bone2","rotation":32,"x":252.36,"y":149.87},{"name":"bd","parent":"bone2","x":1.47,"y":-0.18},{"name":"sd1","parent":"bone2","rotation":144.75,"x":-246.32,"y":149.87},{"name":"sd3","parent":"bone2","rotation":144.75,"x":-246.32,"y":149.87},{"name":"sd4","parent":"bone2","rotation":32,"x":252.36,"y":149.87}],"slots":[{"name":"bg_","bone":"root","attachment":"zhabao_bg_"},{"name":"bgliang2_","bone":"bone2"},{"name":"bgliang2_2","bone":"bone2","blend":"additive"},{"name":"bgliang1_","bone":"bone2"},{"name":"bgliang1_2","bone":"bone2","blend":"additive"},{"name":"fz_","bone":"bone2"},{"name":"guangzhu_1","bone":"bone2","blend":"screen"},{"name":"guangzhu_2","bone":"bone2","blend":"additive"},{"name":"daojuguang_","bone":"bone2","blend":"additive"},{"name":"zhu_guang3_","bone":"bone1","attachment":"zhu_guang3_","blend":"additive"},{"name":"zhu_guang4_","bone":"bone1","color":"ffbc007b","blend":"additive"},{"name":"zhu_guang5_","bone":"bone1","color":"ffbc007b","blend":"additive"},{"name":"zhu_guang2_","bone":"bone1","color":"bf1800ff","attachment":"zhu_guang2_","blend":"additive"},{"name":"zhu_guang1_","bone":"bone1","color":"b52000ff","attachment":"zhu_guang1_","blend":"additive"},{"name":"g_guangshu_1","bone":"g_guangshu_1","attachment":"g_guangshu_","blend":"additive"},{"name":"g_quan_","bone":"bone1","color":"ffffff64","attachment":"g_quan_","blend":"additive"},{"name":"g_qiuqiu_","bone":"bone1","blend":"additive"},{"name":"g_shine_","bone":"bone1","color":"ffd9a87e","attachment":"g_shine_","blend":"screen"},{"name":"zhuhuo1","bone":"zhu_huo1","attachment":"zhuhuo_00_","blend":"screen"},{"name":"zhuhuo2","bone":"zhu_huo2","attachment":"zhuhuo_00_","blend":"screen"},{"name":"quanguang_1","bone":"quanguang_1","blend":"additive"},{"name":"quanguang_4","bone":"bone2","color":"ffd77bff","blend":"additive"},{"name":"quanguang_2","bone":"quanguang_2","blend":"additive"},{"name":"quanguang_3","bone":"quanguang_3","blend":"additive"},{"name":"xian1","bone":"xian2","blend":"additive"},{"name":"xian3","bone":"xian3","blend":"additive"},{"name":"xian2","bone":"xian1","blend":"additive"},{"name":"nengliqiu_1","bone":"bone2","blend":"additive"},{"name":"nengliqiu_2","bone":"bone2","blend":"additive"},{"name":"nengliqiu_3","bone":"bone2","blend":"additive"},{"name":"nengliqiu_4","bone":"bone2","blend":"additive"},{"name":"sd_","bone":"sd2","blend":"additive"},{"name":"sd_4","bone":"sd4","blend":"additive"},{"name":"sd_2","bone":"sd1","blend":"additive"},{"name":"sd_3","bone":"sd3","blend":"additive"},{"name":"bd00_","bone":"bd","blend":"additive"},{"name":"daxx_2","bone":"bone2","blend":"additive"},{"name":"daxx_1","bone":"bone2","blend":"additive"},{"name":"shuijing_1","bone":"bone2"},{"name":"shuijing_3","bone":"bone2","blend":"additive"},{"name":"shuijing_2","bone":"bone2"},{"name":"shuijing_4","bone":"bone2","blend":"additive"}],"skins":{"default":{"bd00_":{"bd00_":{"width":234,"height":253},"bd01_":{"width":234,"height":253},"bd02_":{"width":234,"height":253},"bd03_":{"width":234,"height":253},"bd04_":{"width":234,"height":253},"bd05_":{"width":234,"height":253},"bd06_":{"width":234,"height":253},"bd07_":{"width":234,"height":253},"bd08_":{"width":234,"height":253},"bd09_":{"width":234,"height":253},"bd10_":{"width":234,"height":253},"bd11_":{"width":234,"height":253},"bd12_":{"width":234,"height":253},"bd13_":{"width":234,"height":253}},"bg_":{"zhabao_bg_":{"x":-0.06,"y":0.01,"width":547,"height":367}},"bgliang1_":{"bgliang1_":{"x":-86.18,"y":-8.88,"width":380,"height":367}},"bgliang1_2":{"bgliang1_":{"x":-86.18,"y":-8.88,"width":380,"height":367}},"bgliang2_":{"bgliang2_":{"x":53.09,"y":-8.99,"width":380,"height":367}},"bgliang2_2":{"bgliang2_":{"x":53.09,"y":-8.99,"width":380,"height":367}},"daojuguang_":{"daojuguang_":{"x":-0.45,"y":0.51,"scaleX":3.5,"scaleY":3.5,"width":59,"height":59}},"daxx_1":{"daxx_":{"x":-237.97,"y":140.12,"scaleX":-1,"width":146,"height":146}},"daxx_2":{"daxx_":{"x":244.05,"y":140.51,"width":146,"height":146}},"fz_":{"fz_":{"x":-0.45,"y":-12.99,"width":547,"height":381}},"g_guangshu_1":{"g_guangshu_":{"x":1.44,"y":126.15,"scaleX":2,"scaleY":2,"width":181,"height":151}},"g_qiuqiu_":{"g_qiuqiu_":{"x":8.51,"y":51.2,"width":316,"height":156}},"g_quan_":{"g_quan_":{"x":-0.99,"y":-2.8,"scaleX":2,"scaleY":2,"width":106,"height":18}},"g_shine_":{"g_shine_":{"x":-3.99,"y":94.21,"scaleX":2,"scaleY":2,"width":299,"height":157}},"guangzhu_1":{"guangzhu_":{"x":-0.45,"y":-9.99,"scaleX":2,"scaleY":2,"width":274,"height":187}},"guangzhu_2":{"guangzhu_":{"x":-0.45,"y":-9.99,"scaleX":2,"scaleY":2,"width":274,"height":187}},"nengliqiu_1":{"nengliqiu_":{"x":1.54,"y":-4.11,"scaleX":2.867,"scaleY":2.867,"width":109,"height":109}},"nengliqiu_2":{"ziqiu_":{"x":1.54,"y":-4.11,"scaleX":2.867,"scaleY":2.867,"width":109,"height":109}},"nengliqiu_3":{"ziqiu_":{"x":-238.54,"y":131.95,"scaleX":1.252,"scaleY":1.252,"rotation":18.81,"width":109,"height":109}},"nengliqiu_4":{"ziqiu_":{"x":224.26,"y":133.15,"scaleX":1.252,"scaleY":1.252,"rotation":-18.89,"width":109,"height":109}},"quanguang_1":{"quanguang_":{"width":73,"height":73}},"quanguang_2":{"quanguang_":{"width":73,"height":73}},"quanguang_3":{"quanguang_":{"width":73,"height":73}},"quanguang_4":{"quanguang_":{"x":-6.63,"y":-26.65,"scaleX":4.774,"scaleY":4.774,"rotation":-124.99,"width":73,"height":73}},"sd_":{"sd_00_":{"x":-129.71,"width":361,"height":119},"sd_01_":{"x":-129.71,"width":361,"height":119},"sd_02_":{"x":-129.71,"width":361,"height":119},"sd_03_":{"x":-129.71,"width":361,"height":119},"sd_04_":{"x":-129.71,"width":361,"height":119},"sd_05_":{"x":-129.71,"width":361,"height":119},"sd_06_":{"x":-129.71,"width":361,"height":119},"sd_07_":{"x":-129.71,"width":361,"height":119},"sd_08_":{"x":-129.71,"width":361,"height":119},"sd_09_":{"x":-129.71,"width":361,"height":119},"sd_10_":{"x":-129.71,"width":361,"height":119},"sd_11_":{"x":-129.71,"width":361,"height":119},"sd_12_":{"x":-129.71,"width":361,"height":119}},"sd_2":{"sd_00_":{"x":-129.71,"width":361,"height":119},"sd_01_":{"x":-129.71,"width":361,"height":119},"sd_02_":{"x":-129.71,"width":361,"height":119},"sd_03_":{"x":-129.71,"width":361,"height":119},"sd_04_":{"x":-129.71,"width":361,"height":119},"sd_05_":{"x":-129.71,"width":361,"height":119},"sd_06_":{"x":-129.71,"width":361,"height":119},"sd_07_":{"x":-129.71,"width":361,"height":119},"sd_08_":{"x":-129.71,"width":361,"height":119},"sd_09_":{"x":-129.71,"width":361,"height":119},"sd_10_":{"x":-129.71,"width":361,"height":119},"sd_11_":{"x":-129.71,"width":361,"height":119},"sd_12_":{"x":-129.71,"width":361,"height":119}},"sd_3":{"zisd_00_":{"x":-129.71,"width":361,"height":119},"zisd_01_":{"x":-129.71,"width":361,"height":119},"zisd_02_":{"x":-129.71,"width":361,"height":119},"zisd_03_":{"x":-129.71,"width":361,"height":119},"zisd_04_":{"x":-129.71,"width":361,"height":119},"zisd_05_":{"x":-129.71,"width":361,"height":119},"zisd_06_":{"x":-129.71,"width":361,"height":119},"zisd_07_":{"x":-129.71,"width":361,"height":119},"zisd_08_":{"x":-129.71,"width":361,"height":119},"zisd_09_":{"x":-129.71,"width":361,"height":119},"zisd_10_":{"x":-129.71,"width":361,"height":119},"zisd_11_":{"x":-129.71,"width":361,"height":119},"zisd_12_":{"x":-129.71,"width":361,"height":119}},"sd_4":{"zisd_00_":{"x":-129.71,"width":361,"height":119},"zisd_01_":{"x":-129.71,"width":361,"height":119},"zisd_02_":{"x":-129.71,"width":361,"height":119},"zisd_03_":{"x":-129.71,"width":361,"height":119},"zisd_04_":{"x":-129.71,"width":361,"height":119},"zisd_05_":{"x":-129.71,"width":361,"height":119},"zisd_06_":{"x":-129.71,"width":361,"height":119},"zisd_07_":{"x":-129.71,"width":361,"height":119},"zisd_08_":{"x":-129.71,"width":361,"height":119},"zisd_09_":{"x":-129.71,"width":361,"height":119},"zisd_10_":{"x":-129.71,"width":361,"height":119},"zisd_11_":{"x":-129.71,"width":361,"height":119},"zisd_12_":{"x":-129.71,"width":361,"height":119}},"shuijing_1":{"shuijing_":{"x":-228.06,"y":138.18,"width":45,"height":79}},"shuijing_2":{"shuijing_":{"x":235.85,"y":138.18,"scaleX":-1,"width":45,"height":79}},"shuijing_3":{"zijing_":{"x":-228.06,"y":138.18,"width":45,"height":79}},"shuijing_4":{"zijing_":{"x":235.85,"y":138.18,"scaleX":-1,"width":45,"height":79}},"xian1":{"zhuhuo_00_":{"x":-0.72,"y":52.06,"scaleX":0.615,"scaleY":4.224,"width":25,"height":38}},"xian2":{"zhuhuo_00_":{"x":-0.72,"y":52.06,"scaleX":0.615,"scaleY":4.224,"width":25,"height":38}},"xian3":{"zhuhuo_00_":{"x":-0.72,"y":52.06,"scaleX":0.615,"scaleY":4.224,"width":25,"height":38}},"zhu_guang1_":{"zhu_guang1_":{"x":-135.99,"y":21.7,"width":57,"height":69}},"zhu_guang2_":{"zhu_guang2_":{"x":138.86,"y":33.97,"scaleX":1.32,"width":41,"height":48}},"zhu_guang3_":{"zhu_guang3_":{"x":123.51,"y":19.2,"width":36,"height":34}},"zhu_guang4_":{"zhu_guang3_":{"x":-136.45,"y":53.06,"scaleX":4.223,"scaleY":4.223,"width":36,"height":34}},"zhu_guang5_":{"zhu_guang3_":{"x":183.27,"y":54.06,"scaleX":4.223,"scaleY":4.223,"width":36,"height":34}},"zhuhuo1":{"zhuhuo_00_":{"x":-0.72,"y":9.08,"width":25,"height":38},"zhuhuo_01_":{"x":-0.72,"y":9.08,"width":25,"height":38},"zhuhuo_02_":{"x":-0.72,"y":9.08,"width":25,"height":38},"zhuhuo_03_":{"x":-0.72,"y":9.08,"width":25,"height":38},"zhuhuo_04_":{"x":-0.72,"y":9.08,"width":25,"height":38},"zhuhuo_05_":{"x":-0.72,"y":9.08,"width":25,"height":38},"zhuhuo_06_":{"x":-0.72,"y":9.08,"width":25,"height":38},"zhuhuo_07_":{"x":-0.72,"y":9.08,"width":25,"height":38},"zhuhuo_08_":{"x":-0.72,"y":9.08,"width":25,"height":38},"zhuhuo_09_":{"x":-0.72,"y":9.08,"width":25,"height":38},"zhuhuo_10_":{"x":-0.72,"y":9.08,"width":25,"height":38},"zhuhuo_11_":{"x":-0.72,"y":9.08,"width":25,"height":38},"zhuhuo_12_":{"x":-0.72,"y":9.08,"width":25,"height":38},"zhuhuo_13_":{"x":-0.72,"y":9.08,"width":25,"height":38},"zhuhuo_14_":{"x":-0.72,"y":9.08,"width":25,"height":38}},"zhuhuo2":{"zhuhuo_00_":{"x":-0.72,"y":9.08,"width":25,"height":38},"zhuhuo_01_":{"x":-0.72,"y":9.08,"width":25,"height":38},"zhuhuo_02_":{"x":-0.72,"y":9.08,"width":25,"height":38},"zhuhuo_03_":{"x":-0.72,"y":9.08,"width":25,"height":38},"zhuhuo_04_":{"x":-0.72,"y":9.08,"width":25,"height":38},"zhuhuo_05_":{"x":-0.72,"y":9.08,"width":25,"height":38},"zhuhuo_06_":{"x":-0.72,"y":9.08,"width":25,"height":38},"zhuhuo_07_":{"x":-0.72,"y":9.08,"width":25,"height":38},"zhuhuo_08_":{"x":-0.72,"y":9.08,"width":25,"height":38},"zhuhuo_09_":{"x":-0.72,"y":9.08,"width":25,"height":38},"zhuhuo_10_":{"x":-0.72,"y":9.08,"width":25,"height":38},"zhuhuo_11_":{"x":-0.72,"y":9.08,"width":25,"height":38},"zhuhuo_12_":{"x":-0.72,"y":9.08,"width":25,"height":38},"zhuhuo_13_":{"x":-0.72,"y":9.08,"width":25,"height":38},"zhuhuo_14_":{"x":-0.72,"y":9.08,"width":25,"height":38}}}},"events":{"zhaobaoblue":{},"zhaobaopurple":{}},"animations":{"blue":{"slots":{"bd00_":{"attachment":[{"time":0.3,"name":"bd00_"},{"time":0.3667,"name":"bd01_"},{"time":0.4333,"name":"bd02_"},{"time":0.5,"name":"bd03_"},{"time":0.5333,"name":"bd04_"},{"time":0.5667,"name":"bd05_"},{"time":0.6,"name":"bd06_"},{"time":0.6333,"name":"bd07_"},{"time":0.6667,"name":"bd08_"},{"time":0.7,"name":"bd09_"},{"time":0.7333,"name":"bd10_"},{"time":0.7667,"name":"bd11_"},{"time":0.8,"name":"bd12_"},{"time":0.8333,"name":"bd13_"},{"time":0.8667,"name":null}]},"bgliang1_":{"color":[{"time":0,"color":"ffffff00","curve":"stepped"},{"time":0.1667,"color":"ffffff00"},{"time":0.3,"color":"ffffffff"},{"time":0.5,"color":"ffffff85"},{"time":0.6667,"color":"ffffffff"},{"time":1.2,"color":"ffffff00"}],"attachment":[{"time":0,"name":"bgliang1_"}]},"bgliang2_":{"color":[{"time":0,"color":"ffffff00","curve":"stepped"},{"time":0.1667,"color":"ffffff00"},{"time":0.3,"color":"ffffffff"},{"time":0.5,"color":"ffffff85"},{"time":0.6667,"color":"ffffffff"},{"time":1.2,"color":"ffffff00"}],"attachment":[{"time":0,"name":"bgliang2_"}]},"daojuguang_":{"color":[{"time":0,"color":"004dff00","curve":"stepped"},{"time":0.3,"color":"004dff00"},{"time":0.3667,"color":"004effff"},{"time":0.4,"color":"00d2ff85"},{"time":0.4667,"color":"3bb6ffff"},{"time":0.5333,"color":"ffffff00"},{"time":0.6,"color":"0025ffff"},{"time":0.6667,"color":"ffffff00"},{"time":0.7333,"color":"008fffd0"},{"time":0.8333,"color":"008fff62"},{"time":0.9,"color":"008fff7b"},{"time":1.5667,"color":"008fff00"}],"attachment":[{"time":0,"name":"daojuguang_"}]},"daxx_1":{"color":[{"time":0,"color":"ffffff00"},{"time":0.1333,"color":"ffffffff"},{"time":0.3333,"color":"ffffff00"}],"attachment":[{"time":0,"name":"daxx_"}]},"daxx_2":{"color":[{"time":0,"color":"ffffff00"},{"time":0.1333,"color":"ffffffff"},{"time":0.3333,"color":"ffffff00"}],"attachment":[{"time":0,"name":"daxx_"}]},"fz_":{"color":[{"time":0,"color":"ffffff00","curve":"stepped"},{"time":0.3333,"color":"ffffff00"},{"time":0.5,"color":"ffffffff","curve":"stepped"},{"time":1.1667,"color":"ffffffff"},{"time":1.8333,"color":"ffffff00"}],"attachment":[{"time":0,"name":"fz_"}]},"g_guangshu_1":{"color":[{"time":1.6667,"color":"ffe47d00","curve":[0.25,0,0.75,1]},{"time":2.3333,"color":"ffe7a88a"}],"attachment":[{"time":0,"name":null},{"time":1.6667,"name":"g_guangshu_"}]},"g_qiuqiu_":{"color":[{"time":0,"color":"ffffff00","curve":"stepped"},{"time":1.4,"color":"ffffff00"},{"time":2.3333,"color":"ffffffff"}],"attachment":[{"time":1.4,"name":"g_qiuqiu_"}]},"g_quan_":{"color":[{"time":0,"color":"ffffff00","curve":"stepped"},{"time":1.4,"color":"ffffff00"},{"time":2.3333,"color":"ffffff64"}],"attachment":[{"time":0,"name":null},{"time":1.4,"name":"g_quan_"}]},"g_shine_":{"color":[{"time":0,"color":"ffd9a800","curve":"stepped"},{"time":1.4,"color":"ffd9a800"},{"time":2.3333,"color":"ffd9a8ff"}],"attachment":[{"time":0,"name":null},{"time":1.4,"name":"g_shine_"}]},"guangzhu_1":{"color":[{"time":0,"color":"ffffff00"},{"time":0.3333,"color":"ffffffff","curve":"stepped"},{"time":1.1667,"color":"ffffffff"},{"time":1.8333,"color":"ffffff00"}],"attachment":[{"time":0,"name":"guangzhu_"}]},"guangzhu_2":{"color":[{"time":0,"color":"ffffff00","curve":"stepped"},{"time":0.1667,"color":"ffffff00"},{"time":0.8333,"color":"ffffff86"},{"time":1.6667,"color":"ffffff00"}],"attachment":[{"time":0,"name":"guangzhu_"}]},"nengliqiu_1":{"color":[{"time":0,"color":"4d6eff00","curve":"stepped"},{"time":0.3,"color":"4d6eff00"},{"time":0.6667,"color":"4e6fffff","curve":"stepped"},{"time":1.1667,"color":"4e6fffff"},{"time":1.8333,"color":"4d6eff00"}],"attachment":[{"time":0,"name":"nengliqiu_"}]},"quanguang_1":{"color":[{"time":0,"color":"ffffff00"},{"time":0.1667,"color":"ffffffff","curve":"stepped"},{"time":0.8333,"color":"ffffffff","curve":[0.25,0,0.75,1]},{"time":1.6667,"color":"ffffff00"}],"attachment":[{"time":0,"name":"quanguang_"}]},"quanguang_2":{"color":[{"time":0.3,"color":"ffffff00"},{"time":0.3667,"color":"ffffffff","curve":"stepped"},{"time":0.8333,"color":"ffffffff","curve":[0.25,0,0.75,1]},{"time":1.6667,"color":"ffffff00"}],"attachment":[{"time":0.3,"name":"quanguang_"}]},"quanguang_3":{"color":[{"time":0.4333,"color":"ffffff00"},{"time":0.5,"color":"ffffffff","curve":"stepped"},{"time":0.8333,"color":"ffffffff","curve":[0.25,0,0.75,1]},{"time":1.6667,"color":"ffffff00"}],"attachment":[{"time":0.4333,"name":"quanguang_"}]},"quanguang_4":{"color":[{"time":0,"color":"ffd77b00","curve":"stepped"},{"time":0.3667,"color":"ffd77b00"},{"time":0.4333,"color":"ffd77bff","curve":"stepped"},{"time":0.5,"color":"ffd77bff"},{"time":1,"color":"ffd77b00"}],"attachment":[{"time":0,"name":"quanguang_"}]},"sd_":{"attachment":[{"time":0.1667,"name":"sd_00_"},{"time":0.2,"name":"sd_01_"},{"time":0.2333,"name":"sd_02_"},{"time":0.3,"name":"sd_03_"},{"time":0.3667,"name":"sd_04_"},{"time":0.4333,"name":"sd_05_"},{"time":0.5,"name":"sd_06_"},{"time":0.5333,"name":"sd_07_"},{"time":0.6,"name":"sd_08_"},{"time":0.6667,"name":"sd_09_"},{"time":0.7,"name":"sd_10_"},{"time":0.7667,"name":"sd_11_"},{"time":0.8333,"name":"sd_12_"},{"time":0.9,"name":null}]},"sd_2":{"attachment":[{"time":0.1667,"name":"sd_00_"},{"time":0.2,"name":"sd_01_"},{"time":0.2333,"name":"sd_02_"},{"time":0.3,"name":"sd_03_"},{"time":0.3667,"name":"sd_04_"},{"time":0.4333,"name":"sd_05_"},{"time":0.5,"name":"sd_06_"},{"time":0.5333,"name":"sd_07_"},{"time":0.6,"name":"sd_08_"},{"time":0.6667,"name":"sd_09_"},{"time":0.7,"name":"sd_10_"},{"time":0.7667,"name":"sd_11_"},{"time":0.8333,"name":"sd_12_"},{"time":0.9,"name":null}]},"shuijing_1":{"color":[{"time":0,"color":"ffffff00","curve":"stepped"},{"time":0.0667,"color":"ffffff00"},{"time":0.2333,"color":"ffffffff"},{"time":0.3333,"color":"ffffff00"},{"time":0.4,"color":"ffffffff"},{"time":0.4667,"color":"ffffff00"},{"time":0.5,"color":"ffffffff"},{"time":0.6,"color":"ffffff00"},{"time":0.6667,"color":"ffffffff","curve":"stepped"},{"time":0.7333,"color":"ffffffff"},{"time":1.1333,"color":"ffffff00"}],"attachment":[{"time":0.1667,"name":"shuijing_"}]},"shuijing_2":{"color":[{"time":0,"color":"ffffff00","curve":"stepped"},{"time":0.0667,"color":"ffffff00"},{"time":0.2333,"color":"ffffffff"},{"time":0.3333,"color":"ffffff00"},{"time":0.4,"color":"ffffffff"},{"time":0.4667,"color":"ffffff00"},{"time":0.5,"color":"ffffffff"},{"time":0.6,"color":"ffffff00"},{"time":0.6667,"color":"ffffffff","curve":"stepped"},{"time":0.7333,"color":"ffffffff"},{"time":1.1333,"color":"ffffff00"}],"attachment":[{"time":0.1667,"name":"shuijing_"}]},"xian1":{"color":[{"time":0.8333,"color":"ffffffff"},{"time":1.1667,"color":"ffffff00"}],"attachment":[{"time":0.3667,"name":"zhuhuo_00_"}]},"xian2":{"color":[{"time":0.8333,"color":"ffffffff"},{"time":1.1667,"color":"ffffff00"}],"attachment":[{"time":0.1667,"name":"zhuhuo_00_"}]},"xian3":{"color":[{"time":0.8333,"color":"ffffffff"},{"time":1.1667,"color":"ffffff00"}],"attachment":[{"time":0.5667,"name":"zhuhuo_00_"}]},"zhuhuo1":{"attachment":[{"time":0.1,"name":"zhuhuo_01_"},{"time":0.2,"name":"zhuhuo_02_"},{"time":0.2667,"name":"zhuhuo_03_"},{"time":0.3667,"name":"zhuhuo_04_"},{"time":0.4667,"name":"zhuhuo_05_"},{"time":0.5667,"name":"zhuhuo_06_"},{"time":0.6333,"name":"zhuhuo_07_"},{"time":0.7333,"name":"zhuhuo_08_"},{"time":0.8333,"name":"zhuhuo_09_"},{"time":0.9333,"name":"zhuhuo_10_"},{"time":1,"name":"zhuhuo_11_"},{"time":1.1,"name":"zhuhuo_12_"},{"time":1.2,"name":"zhuhuo_13_"},{"time":1.3,"name":"zhuhuo_14_"},{"time":1.3667,"name":"zhuhuo_00_"},{"time":1.4667,"name":"zhuhuo_01_"},{"time":1.5667,"name":"zhuhuo_02_"},{"time":1.6667,"name":"zhuhuo_03_"},{"time":1.7333,"name":"zhuhuo_04_"},{"time":1.8333,"name":"zhuhuo_05_"},{"time":1.9333,"name":"zhuhuo_06_"},{"time":2.0333,"name":"zhuhuo_07_"},{"time":2.1,"name":"zhuhuo_08_"},{"time":2.2,"name":"zhuhuo_09_"},{"time":2.3,"name":"zhuhuo_10_"}]},"zhuhuo2":{"color":[{"time":0,"color":"fff6c0ff"},{"time":0.6,"color":"ffba61ff"},{"time":1.1667,"color":"ffffffff"},{"time":1.7667,"color":"ffa127ff"},{"time":2.3333,"color":"fff6c0ff"}],"attachment":[{"time":0,"name":"zhuhuo_02_"},{"time":0.0667,"name":"zhuhuo_03_"},{"time":0.1333,"name":"zhuhuo_04_"},{"time":0.2,"name":"zhuhuo_05_"},{"time":0.2667,"name":"zhuhuo_06_"},{"time":0.3333,"name":"zhuhuo_07_"},{"time":0.4,"name":"zhuhuo_08_"},{"time":0.4667,"name":"zhuhuo_09_"},{"time":0.5333,"name":"zhuhuo_10_"},{"time":0.6,"name":"zhuhuo_11_"},{"time":0.6667,"name":"zhuhuo_12_"},{"time":0.7333,"name":"zhuhuo_13_"},{"time":0.8,"name":"zhuhuo_14_"},{"time":0.8667,"name":"zhuhuo_00_"},{"time":0.9333,"name":"zhuhuo_01_"},{"time":1,"name":"zhuhuo_02_"},{"time":1.0667,"name":"zhuhuo_03_"},{"time":1.1333,"name":"zhuhuo_04_"},{"time":1.2,"name":"zhuhuo_05_"},{"time":1.2667,"name":"zhuhuo_06_"},{"time":1.3333,"name":"zhuhuo_07_"},{"time":1.4,"name":"zhuhuo_08_"},{"time":1.4667,"name":"zhuhuo_09_"},{"time":1.5333,"name":"zhuhuo_10_"},{"time":1.6,"name":"zhuhuo_11_"},{"time":1.6667,"name":"zhuhuo_12_"},{"time":1.7333,"name":"zhuhuo_13_"},{"time":1.8,"name":"zhuhuo_14_"},{"time":1.8667,"name":"zhuhuo_00_"},{"time":1.9333,"name":"zhuhuo_01_"},{"time":2,"name":"zhuhuo_02_"},{"time":2.0667,"name":"zhuhuo_03_"},{"time":2.1333,"name":"zhuhuo_04_"},{"time":2.2,"name":"zhuhuo_05_"},{"time":2.2667,"name":"zhuhuo_06_"},{"time":2.3333,"name":"zhuhuo_07_"}]}},"bones":{"zhu_huo1":{"shear":[{"time":0,"x":0,"y":0,"curve":[0.25,0,0.75,1]},{"time":0.6,"x":0,"y":-2.68,"curve":[0.25,0,0.75,1]},{"time":1.1667,"x":0,"y":0,"curve":[0.25,0,0.75,1]},{"time":1.7667,"x":-16.03,"y":0,"curve":[0.25,0,0.75,1]},{"time":2.3333,"x":0,"y":0}]},"zhu_huo2":{"scale":[{"time":0,"x":1,"y":1},{"time":1.1667,"x":1.148,"y":1.051},{"time":2.3333,"x":1,"y":1}]},"quanguang_1":{"rotate":[{"time":0,"angle":0},{"time":0.1667,"angle":-176.11},{"time":0.3333,"angle":5.55},{"time":0.5,"angle":-169.01},{"time":0.6667,"angle":16.68}]},"xian1":{"scale":[{"time":0.1667,"x":1,"y":1},{"time":0.3333,"x":1,"y":6.278}]},"quanguang_2":{"rotate":[{"time":0.3,"angle":0},{"time":0.4667,"angle":-176.11},{"time":0.7333,"angle":5.55}]},"xian2":{"scale":[{"time":0.3667,"x":1,"y":1},{"time":0.5333,"x":1,"y":6.278}]},"xian3":{"scale":[{"time":0.5667,"x":1,"y":1},{"time":0.7333,"x":1,"y":6.278}]},"quanguang_3":{"rotate":[{"time":0.4333,"angle":0},{"time":0.6,"angle":-176.11},{"time":0.8333,"angle":5.55}]},"sd2":{"scale":[{"time":0.1667,"x":1,"y":1},{"time":0.8333,"x":1.11,"y":1}]},"sd1":{"scale":[{"time":0.1667,"x":1,"y":1},{"time":0.8333,"x":1.11,"y":1}]}},"events":[{"time":0.4,"name":"zhaobaoblue"}]},"loop":{"slots":{"g_guangshu_1":{"color":[{"time":0,"color":"ffe7a88a"},{"time":0.8333,"color":"ffe47dff"},{"time":1.6667,"color":"ff8a3b6e"},{"time":2.5,"color":"ffe47dff"},{"time":3.3333,"color":"ffe7a88a"}]},"g_qiuqiu_":{"color":[{"time":0,"color":"ffffffff"},{"time":0.8333,"color":"ffffff48"},{"time":1.6667,"color":"ffffff70"},{"time":2.5,"color":"ffffff48"},{"time":3.3333,"color":"ffffffff"}],"attachment":[{"time":0,"name":"g_qiuqiu_"}]},"g_quan_":{"color":[{"time":0,"color":"ffffff64"},{"time":1.6667,"color":"ffffffc4"},{"time":3.3333,"color":"ffffff64"}]},"g_shine_":{"color":[{"time":0,"color":"ffd9a8ff"},{"time":0.8333,"color":"ffead42f"},{"time":1.6667,"color":"ffe981ff"},{"time":2.5,"color":"ffead42f"},{"time":3.3333,"color":"ffd9a8ff"}]},"zhu_guang1_":{"color":[{"time":0,"color":"b52000ff"},{"time":0.8333,"color":"ffefb6ff"},{"time":1.6667,"color":"ff572ccc"},{"time":2.5,"color":"ffefb6ff"},{"time":3.3333,"color":"b52000ff"}]},"zhu_guang2_":{"color":[{"time":0,"color":"bf1800ff"},{"time":0.8333,"color":"bf1700b4"},{"time":1.6667,"color":"ff7d6bb4"},{"time":2.5,"color":"bf9c00ff"},{"time":3.3333,"color":"bf1800ff"}]},"zhu_guang3_":{"color":[{"time":0,"color":"ffffffff"},{"time":0.8333,"color":"ff0000ff"},{"time":1.6667,"color":"ffffffff"},{"time":2.5,"color":"ff0000ff"},{"time":3.3333,"color":"ffffffff"}]},"zhu_guang4_":{"color":[{"time":0,"color":"ffbc0000"},{"time":0.6,"color":"ffbc007b"},{"time":1.1,"color":"ffbc003d"},{"time":1.5667,"color":"ffbc007b"},{"time":2.1,"color":"ffbc0032"},{"time":2.6,"color":"ffbc007b"},{"time":3.3333,"color":"ffbc0000"}],"attachment":[{"time":0,"name":"zhu_guang3_"}]},"zhu_guang5_":{"color":[{"time":0,"color":"ffbc0000"},{"time":0.6,"color":"ffbc007b"},{"time":1.1,"color":"ffbc003d"},{"time":1.5667,"color":"ffbc007b"},{"time":2.1,"color":"ffbc0032"},{"time":2.6,"color":"ffbc007b"},{"time":3.3333,"color":"ffbc0000"}],"attachment":[{"time":0,"name":"zhu_guang3_"}]},"zhuhuo1":{"attachment":[{"time":0.1333,"name":"zhuhuo_01_"},{"time":0.2667,"name":"zhuhuo_02_"},{"time":0.3333,"name":"zhuhuo_03_"},{"time":0.4667,"name":"zhuhuo_04_"},{"time":0.6,"name":"zhuhuo_05_"},{"time":0.7,"name":"zhuhuo_06_"},{"time":0.8,"name":"zhuhuo_07_"},{"time":0.9333,"name":"zhuhuo_08_"},{"time":1.0333,"name":"zhuhuo_09_"},{"time":1.1667,"name":"zhuhuo_10_"},{"time":1.2667,"name":"zhuhuo_11_"},{"time":1.3667,"name":"zhuhuo_12_"},{"time":1.5,"name":"zhuhuo_13_"},{"time":1.6333,"name":"zhuhuo_14_"},{"time":1.7,"name":"zhuhuo_00_"},{"time":1.8333,"name":"zhuhuo_01_"},{"time":1.9667,"name":"zhuhuo_02_"},{"time":2.1,"name":"zhuhuo_03_"},{"time":2.1667,"name":"zhuhuo_04_"},{"time":2.3,"name":"zhuhuo_05_"},{"time":2.4333,"name":"zhuhuo_06_"},{"time":2.5333,"name":"zhuhuo_07_"},{"time":2.6333,"name":"zhuhuo_08_"},{"time":2.7667,"name":"zhuhuo_09_"},{"time":2.8667,"name":"zhuhuo_10_"},{"time":3,"name":"zhuhuo_11_"},{"time":3.1,"name":"zhuhuo_12_"},{"time":3.2,"name":"zhuhuo_13_"},{"time":3.3333,"name":"zhuhuo_14_"}]},"zhuhuo2":{"color":[{"time":0,"color":"fff6c0ff"},{"time":0.8333,"color":"ffba61ff"},{"time":1.6667,"color":"ffffffff"},{"time":2.5,"color":"ffa127ff"},{"time":3.3333,"color":"fff6c0ff"}],"attachment":[{"time":0,"name":"zhuhuo_02_"},{"time":0.1,"name":"zhuhuo_03_"},{"time":0.1667,"name":"zhuhuo_04_"},{"time":0.2667,"name":"zhuhuo_05_"},{"time":0.3333,"name":"zhuhuo_06_"},{"time":0.4333,"name":"zhuhuo_07_"},{"time":0.5,"name":"zhuhuo_08_"},{"time":0.6,"name":"zhuhuo_09_"},{"time":0.6667,"name":"zhuhuo_10_"},{"time":0.7667,"name":"zhuhuo_11_"},{"time":0.8333,"name":"zhuhuo_12_"},{"time":0.9333,"name":"zhuhuo_13_"},{"time":1,"name":"zhuhuo_14_"},{"time":1.1,"name":"zhuhuo_00_"},{"time":1.1667,"name":"zhuhuo_01_"},{"time":1.2667,"name":"zhuhuo_02_"},{"time":1.3333,"name":"zhuhuo_03_"},{"time":1.4333,"name":"zhuhuo_04_"},{"time":1.5,"name":"zhuhuo_05_"},{"time":1.6,"name":"zhuhuo_06_"},{"time":1.6667,"name":"zhuhuo_07_"},{"time":1.7667,"name":"zhuhuo_08_"},{"time":1.8333,"name":"zhuhuo_09_"},{"time":1.9333,"name":"zhuhuo_10_"},{"time":2,"name":"zhuhuo_11_"},{"time":2.1,"name":"zhuhuo_12_"},{"time":2.1667,"name":"zhuhuo_13_"},{"time":2.2667,"name":"zhuhuo_14_"},{"time":2.3333,"name":"zhuhuo_00_"},{"time":2.4333,"name":"zhuhuo_01_"},{"time":2.5,"name":"zhuhuo_02_"},{"time":2.6,"name":"zhuhuo_03_"},{"time":2.6667,"name":"zhuhuo_04_"},{"time":2.7667,"name":"zhuhuo_05_"},{"time":2.8333,"name":"zhuhuo_06_"},{"time":2.9333,"name":"zhuhuo_07_"},{"time":3,"name":"zhuhuo_08_"},{"time":3.1,"name":"zhuhuo_09_"},{"time":3.1667,"name":"zhuhuo_10_"},{"time":3.2667,"name":"zhuhuo_11_"},{"time":3.3333,"name":"zhuhuo_12_"}]}},"bones":{"g_guangshu_1":{"scale":[{"time":0,"x":1,"y":1,"curve":[0.25,0,0.75,1]},{"time":1.6667,"x":1.02,"y":0.98,"curve":[0.25,0,0.75,1]},{"time":3.3333,"x":1,"y":1}]},"zhu_huo1":{"shear":[{"time":0,"x":0,"y":0,"curve":[0.25,0,0.75,1]},{"time":0.8333,"x":0,"y":-2.68,"curve":[0.25,0,0.75,1]},{"time":1.6667,"x":0,"y":0,"curve":[0.25,0,0.75,1]},{"time":2.5,"x":-16.03,"y":0,"curve":[0.25,0,0.75,1]},{"time":3.3333,"x":0,"y":0}]},"zhu_huo2":{"scale":[{"time":0,"x":1,"y":1},{"time":1.6667,"x":1.148,"y":1.051},{"time":3.3333,"x":1,"y":1}]}}},"purple":{"slots":{"bd00_":{"attachment":[{"time":0.3,"name":"bd00_"},{"time":0.3667,"name":"bd01_"},{"time":0.4333,"name":"bd02_"},{"time":0.5,"name":"bd03_"},{"time":0.5333,"name":"bd04_"},{"time":0.5667,"name":"bd05_"},{"time":0.6,"name":"bd06_"},{"time":0.6333,"name":"bd07_"},{"time":0.6667,"name":"bd08_"},{"time":0.7,"name":"bd09_"},{"time":0.7333,"name":"bd10_"},{"time":0.7667,"name":"bd11_"},{"time":0.8333,"name":"bd12_"},{"time":0.8667,"name":null}]},"bgliang1_2":{"color":[{"time":0,"color":"ffffff00","curve":"stepped"},{"time":0.1667,"color":"ffffff00"},{"time":0.3,"color":"ff00c392"},{"time":0.5,"color":"ff1ef785"},{"time":0.6667,"color":"ff00d7d8"},{"time":1.2,"color":"ffffff00"}],"attachment":[{"time":0,"name":"bgliang1_"}]},"bgliang2_2":{"color":[{"time":0,"color":"ffffff00","curve":"stepped"},{"time":0.1667,"color":"ffffff00"},{"time":0.3,"color":"ff00c3ff"},{"time":0.5,"color":"ff1ef785"},{"time":0.6667,"color":"ff00d7d8"},{"time":1.2,"color":"ffffff00"}],"attachment":[{"time":0,"name":"bgliang2_"}]},"daojuguang_":{"color":[{"time":0,"color":"ffffff00","curve":"stepped"},{"time":0.3,"color":"ffffff00"},{"time":0.3667,"color":"ff1cedff"},{"time":0.4,"color":"ae00ff00"},{"time":0.4667,"color":"f945ffff"},{"time":0.5333,"color":"ff4fef00"},{"time":0.6,"color":"f647ff98"},{"time":0.6667,"color":"e253ff00"},{"time":0.7333,"color":"c845ff9a"},{"time":0.9,"color":"ce57ff6f"},{"time":1.5667,"color":"ffffff00"}],"attachment":[{"time":0,"name":"daojuguang_"}]},"daxx_1":{"color":[{"time":0,"color":"ffffff00"},{"time":0.1333,"color":"ffffffff"},{"time":0.3333,"color":"ffffff00"}],"attachment":[{"time":0,"name":"daxx_"}]},"daxx_2":{"color":[{"time":0,"color":"ffffff00"},{"time":0.1333,"color":"ffffffff"},{"time":0.3333,"color":"ffffff00"}],"attachment":[{"time":0,"name":"daxx_"}]},"fz_":{"color":[{"time":0,"color":"ffffff00","curve":"stepped"},{"time":0.3333,"color":"ffffff00"},{"time":0.5,"color":"ffffffff","curve":"stepped"},{"time":1.1667,"color":"ffffffff"},{"time":1.8333,"color":"ffffff00"}],"attachment":[{"time":0,"name":"fz_"}]},"g_guangshu_1":{"color":[{"time":1.6667,"color":"ffe47d00","curve":[0.25,0,0.75,1]},{"time":2.3333,"color":"ffe7a88a"}],"attachment":[{"time":0,"name":null},{"time":1.6667,"name":"g_guangshu_"}]},"g_qiuqiu_":{"color":[{"time":0,"color":"ffffff00","curve":"stepped"},{"time":1.4,"color":"ffffff00"},{"time":2.3333,"color":"ffffffff"}],"attachment":[{"time":1.4,"name":"g_qiuqiu_"}]},"g_quan_":{"color":[{"time":0,"color":"ffffff00","curve":"stepped"},{"time":1.4,"color":"ffffff00"},{"time":2.3333,"color":"ffffff64"}],"attachment":[{"time":0,"name":null},{"time":1.4,"name":"g_quan_"}]},"g_shine_":{"color":[{"time":0,"color":"ffd9a800","curve":"stepped"},{"time":1.4,"color":"ffd9a800"},{"time":2.3333,"color":"ffd9a8ff"}],"attachment":[{"time":0,"name":null},{"time":1.4,"name":"g_shine_"}]},"guangzhu_1":{"color":[{"time":0,"color":"ffffff00"},{"time":0.3333,"color":"ffffffff","curve":"stepped"},{"time":1.1667,"color":"ffffffff"},{"time":1.8333,"color":"ffffff00"}],"attachment":[{"time":0,"name":"guangzhu_"}]},"guangzhu_2":{"color":[{"time":0,"color":"ffffff00","curve":"stepped"},{"time":0.1667,"color":"ffffff00"},{"time":0.8333,"color":"ffffff86"},{"time":1.6667,"color":"ffffff00"}],"attachment":[{"time":0,"name":"guangzhu_"}]},"nengliqiu_2":{"color":[{"time":0,"color":"ffffff00","curve":"stepped"},{"time":0.1667,"color":"ffffff00"},{"time":0.3,"color":"ffffffff"},{"time":1,"color":"d500ffff"},{"time":1.6667,"color":"ff30ec00"}],"attachment":[{"time":0,"name":"ziqiu_"}]},"nengliqiu_3":{"color":[{"time":0,"color":"ffffff00"},{"time":0.3333,"color":"ffffffff","curve":"stepped"},{"time":1,"color":"ffffffff"},{"time":1.4667,"color":"ffffff00"}],"attachment":[{"time":0,"name":"ziqiu_"}]},"nengliqiu_4":{"color":[{"time":0,"color":"ffffff00"},{"time":0.3333,"color":"ffffffff","curve":"stepped"},{"time":1,"color":"ffffffff"},{"time":1.4667,"color":"ffffff00"}],"attachment":[{"time":0,"name":"ziqiu_"}]},"quanguang_1":{"color":[{"time":0,"color":"ffffff00"},{"time":0.1667,"color":"ffffffff","curve":"stepped"},{"time":0.8333,"color":"ffffffff","curve":[0.25,0,0.75,1]},{"time":1.6667,"color":"ffffff00"}],"attachment":[{"time":0,"name":"quanguang_"}]},"quanguang_2":{"color":[{"time":0.3,"color":"ffffff00"},{"time":0.3667,"color":"ffffffff","curve":"stepped"},{"time":0.8333,"color":"ffffffff","curve":[0.25,0,0.75,1]},{"time":1.6667,"color":"ffffff00"}],"attachment":[{"time":0.3,"name":"quanguang_"}]},"quanguang_3":{"color":[{"time":0.4333,"color":"ffffff00"},{"time":0.5,"color":"ffffffff","curve":"stepped"},{"time":0.8333,"color":"ffffffff","curve":[0.25,0,0.75,1]},{"time":1.6667,"color":"ffffff00"}],"attachment":[{"time":0.4333,"name":"quanguang_"}]},"quanguang_4":{"color":[{"time":0,"color":"ffd77b00","curve":"stepped"},{"time":0.3667,"color":"ffd77b00"},{"time":0.4333,"color":"ffd77bff","curve":"stepped"},{"time":0.5,"color":"ffd77bff"},{"time":1,"color":"ffd77b00"}],"attachment":[{"time":0,"name":"quanguang_"}]},"sd_3":{"attachment":[{"time":0.1667,"name":"zisd_00_"},{"time":0.2,"name":"zisd_01_"},{"time":0.2333,"name":"zisd_02_"},{"time":0.3,"name":"zisd_03_"},{"time":0.3667,"name":"zisd_04_"},{"time":0.4333,"name":"zisd_05_"},{"time":0.5,"name":"zisd_06_"},{"time":0.5333,"name":"zisd_07_"},{"time":0.6,"name":"zisd_08_"},{"time":0.6667,"name":"zisd_09_"},{"time":0.7,"name":"zisd_10_"},{"time":0.7667,"name":"zisd_11_"},{"time":0.8333,"name":"zisd_12_"},{"time":0.9,"name":null}]},"sd_4":{"attachment":[{"time":0.1667,"name":"zisd_00_"},{"time":0.2,"name":"zisd_01_"},{"time":0.2333,"name":"zisd_02_"},{"time":0.3,"name":"zisd_03_"},{"time":0.3667,"name":"zisd_04_"},{"time":0.4333,"name":"zisd_05_"},{"time":0.5,"name":"zisd_06_"},{"time":0.5333,"name":"zisd_07_"},{"time":0.6,"name":"zisd_08_"},{"time":0.6667,"name":"zisd_09_"},{"time":0.7,"name":"zisd_10_"},{"time":0.7667,"name":"zisd_11_"},{"time":0.8333,"name":"zisd_12_"},{"time":0.9,"name":null}]},"shuijing_3":{"color":[{"time":0,"color":"ffffff00","curve":"stepped"},{"time":0.0667,"color":"ffffff00"},{"time":0.2333,"color":"8a00ffff"},{"time":0.3333,"color":"ff00fc00"},{"time":0.4,"color":"5e00ffff"},{"time":0.4667,"color":"ffffff00"},{"time":0.5,"color":"8300ffff"},{"time":0.6,"color":"ffffff00"},{"time":0.6667,"color":"c200daff"},{"time":1.1333,"color":"ffffff00"}],"attachment":[{"time":0.1667,"name":"zijing_"}]},"shuijing_4":{"color":[{"time":0,"color":"ffffff00","curve":"stepped"},{"time":0.0667,"color":"ffffff00"},{"time":0.2333,"color":"8a00ffff"},{"time":0.3333,"color":"ff00fc00"},{"time":0.4,"color":"5e00ffff"},{"time":0.4667,"color":"ffffff00"},{"time":0.5,"color":"8300ffff"},{"time":0.6,"color":"ffffff00"},{"time":0.6667,"color":"c200daff"},{"time":1.1333,"color":"ffffff00"}],"attachment":[{"time":0.1667,"name":"zijing_"}]},"xian1":{"color":[{"time":0.8333,"color":"ffffffff","curve":[0.25,0,0.75,1]},{"time":1.6667,"color":"ffffff00"}],"attachment":[{"time":0.3667,"name":"zhuhuo_00_"}]},"xian2":{"color":[{"time":0.8333,"color":"ffffffff","curve":[0.25,0,0.75,1]},{"time":1.6667,"color":"ffffff00"}],"attachment":[{"time":0.1667,"name":"zhuhuo_00_"}]},"xian3":{"color":[{"time":0.8333,"color":"ffffffff","curve":[0.25,0,0.75,1]},{"time":1.6667,"color":"ffffff00"}],"attachment":[{"time":0.5667,"name":"zhuhuo_00_"}]},"zhuhuo1":{"attachment":[{"time":0.1,"name":"zhuhuo_01_"},{"time":0.2,"name":"zhuhuo_02_"},{"time":0.2667,"name":"zhuhuo_03_"},{"time":0.3667,"name":"zhuhuo_04_"},{"time":0.4667,"name":"zhuhuo_05_"},{"time":0.5667,"name":"zhuhuo_06_"},{"time":0.6333,"name":"zhuhuo_07_"},{"time":0.7333,"name":"zhuhuo_08_"},{"time":0.8333,"name":"zhuhuo_09_"},{"time":0.9333,"name":"zhuhuo_10_"},{"time":1,"name":"zhuhuo_11_"},{"time":1.1,"name":"zhuhuo_12_"},{"time":1.2,"name":"zhuhuo_13_"},{"time":1.3,"name":"zhuhuo_14_"},{"time":1.3667,"name":"zhuhuo_00_"},{"time":1.4667,"name":"zhuhuo_01_"},{"time":1.5667,"name":"zhuhuo_02_"},{"time":1.6667,"name":"zhuhuo_03_"},{"time":1.7333,"name":"zhuhuo_04_"},{"time":1.8333,"name":"zhuhuo_05_"},{"time":1.9333,"name":"zhuhuo_06_"},{"time":2.0333,"name":"zhuhuo_07_"},{"time":2.1,"name":"zhuhuo_08_"},{"time":2.2,"name":"zhuhuo_09_"},{"time":2.3,"name":"zhuhuo_10_"}]},"zhuhuo2":{"color":[{"time":0,"color":"fff6c0ff"},{"time":0.6,"color":"ffba61ff"},{"time":1.1667,"color":"ffffffff"},{"time":1.7667,"color":"ffa127ff"},{"time":2.3333,"color":"fff6c0ff"}],"attachment":[{"time":0,"name":"zhuhuo_02_"},{"time":0.0667,"name":"zhuhuo_03_"},{"time":0.1333,"name":"zhuhuo_04_"},{"time":0.2,"name":"zhuhuo_05_"},{"time":0.2667,"name":"zhuhuo_06_"},{"time":0.3333,"name":"zhuhuo_07_"},{"time":0.4,"name":"zhuhuo_08_"},{"time":0.4667,"name":"zhuhuo_09_"},{"time":0.5333,"name":"zhuhuo_10_"},{"time":0.6,"name":"zhuhuo_11_"},{"time":0.6667,"name":"zhuhuo_12_"},{"time":0.7333,"name":"zhuhuo_13_"},{"time":0.8,"name":"zhuhuo_14_"},{"time":0.8667,"name":"zhuhuo_00_"},{"time":0.9333,"name":"zhuhuo_01_"},{"time":1,"name":"zhuhuo_02_"},{"time":1.0667,"name":"zhuhuo_03_"},{"time":1.1333,"name":"zhuhuo_04_"},{"time":1.2,"name":"zhuhuo_05_"},{"time":1.2667,"name":"zhuhuo_06_"},{"time":1.3333,"name":"zhuhuo_07_"},{"time":1.4,"name":"zhuhuo_08_"},{"time":1.4667,"name":"zhuhuo_09_"},{"time":1.5333,"name":"zhuhuo_10_"},{"time":1.6,"name":"zhuhuo_11_"},{"time":1.6667,"name":"zhuhuo_12_"},{"time":1.7333,"name":"zhuhuo_13_"},{"time":1.8,"name":"zhuhuo_14_"},{"time":1.8667,"name":"zhuhuo_00_"},{"time":1.9333,"name":"zhuhuo_01_"},{"time":2,"name":"zhuhuo_02_"},{"time":2.0667,"name":"zhuhuo_03_"},{"time":2.1333,"name":"zhuhuo_04_"},{"time":2.2,"name":"zhuhuo_05_"},{"time":2.2667,"name":"zhuhuo_06_"},{"time":2.3333,"name":"zhuhuo_07_"}]}},"bones":{"zhu_huo1":{"shear":[{"time":0,"x":0,"y":0,"curve":[0.25,0,0.75,1]},{"time":0.6,"x":0,"y":-2.68,"curve":[0.25,0,0.75,1]},{"time":1.1667,"x":0,"y":0,"curve":[0.25,0,0.75,1]},{"time":1.7667,"x":-16.03,"y":0,"curve":[0.25,0,0.75,1]},{"time":2.3333,"x":0,"y":0}]},"zhu_huo2":{"scale":[{"time":0,"x":1,"y":1},{"time":1.1667,"x":1.148,"y":1.051},{"time":2.3333,"x":1,"y":1}]},"quanguang_1":{"rotate":[{"time":0,"angle":0},{"time":0.1667,"angle":-176.11},{"time":0.3333,"angle":5.55},{"time":0.5,"angle":-169.01},{"time":0.6667,"angle":16.68}]},"xian1":{"scale":[{"time":0.1667,"x":1,"y":1},{"time":0.3333,"x":1,"y":6.278}]},"quanguang_2":{"rotate":[{"time":0.3,"angle":0},{"time":0.4667,"angle":-176.11},{"time":0.7333,"angle":5.55}]},"xian2":{"scale":[{"time":0.3667,"x":1,"y":1},{"time":0.5333,"x":1,"y":6.278}]},"xian3":{"scale":[{"time":0.5667,"x":1,"y":1},{"time":0.7333,"x":1,"y":6.278}]},"quanguang_3":{"rotate":[{"time":0.4333,"angle":0},{"time":0.6,"angle":-176.11},{"time":0.8333,"angle":5.55}]},"sd3":{"scale":[{"time":0.1667,"x":1,"y":1},{"time":0.8333,"x":1.11,"y":1}]},"sd4":{"scale":[{"time":0.1667,"x":1,"y":1},{"time":0.8333,"x":1.11,"y":1}]}},"events":[{"time":0.4,"name":"zhaobaopurple"}]}}}