{
"skeleton": { "hash": "3DAqK3hHQZApBWoL3MczqZw8/uQ", "spine": "2.1.27", "width": 140, "height": 140 },
"bones": [
	{ "name": "root" }
],
"slots": [
	{ "name": "yinkuang_000_", "bone": "root", "attachment": "yinkuang_000_" },
	{ "name": "yinkuang_001_", "bone": "root", "attachment": "yinkuang_001_" },
	{ "name": "yinkuang_002_", "bone": "root", "attachment": "yinkuang_002_" },
	{ "name": "yinkuang_003_", "bone": "root", "attachment": "yinkuang_003_" },
	{ "name": "yinkuang_004_", "bone": "root", "attachment": "yinkuang_004_" },
	{ "name": "yinkuang_005_", "bone": "root", "attachment": "yinkuang_005_" },
	{ "name": "yinkuang_006_", "bone": "root", "attachment": "yinkuang_006_" },
	{ "name": "yinkuang_007_", "bone": "root", "attachment": "yinkuang_007_" },
	{ "name": "yinkuang_008_", "bone": "root", "attachment": "yinkuang_008_" },
	{ "name": "yinkuang_009_", "bone": "root", "attachment": "yinkuang_009_" },
	{ "name": "yinkuang_010_", "bone": "root", "attachment": "yinkuang_010_" },
	{ "name": "yinkuang_011_", "bone": "root", "attachment": "yinkuang_011_" },
	{ "name": "yinkuang_012_", "bone": "root", "attachment": "yinkuang_012_" },
	{ "name": "yinkuang_013_", "bone": "root", "attachment": "yinkuang_013_" },
	{ "name": "yinkuang_014_", "bone": "root", "attachment": "yinkuang_014_" },
	{ "name": "yinkuang_015_", "bone": "root", "attachment": "yinkuang_015_" },
	{ "name": "yinkuang_016_", "bone": "root", "attachment": "yinkuang_016_" },
	{ "name": "yinkuang_017_", "bone": "root", "attachment": "yinkuang_017_" },
	{ "name": "yinkuang_018_", "bone": "root", "attachment": "yinkuang_018_" },
	{ "name": "yinkuang_019_", "bone": "root", "attachment": "yinkuang_019_" },
	{ "name": "yinkuang_020_", "bone": "root", "attachment": "yinkuang_020_" },
	{ "name": "yinkuang_021_", "bone": "root", "attachment": "yinkuang_021_" },
	{ "name": "yinkuang_022_", "bone": "root", "attachment": "yinkuang_022_" },
	{ "name": "yinkuang_023_", "bone": "root", "attachment": "yinkuang_023_" },
	{ "name": "yinkuang_024_", "bone": "root", "attachment": "yinkuang_024_" },
	{ "name": "yinkuang_025_", "bone": "root", "attachment": "yinkuang_025_" },
	{ "name": "yinkuang_026_", "bone": "root", "attachment": "yinkuang_026_" },
	{ "name": "yinkuang_027_", "bone": "root", "attachment": "yinkuang_027_" },
	{ "name": "yinkuang_028_", "bone": "root", "attachment": "yinkuang_028_" },
	{ "name": "yinkuang_029_", "bone": "root", "attachment": "yinkuang_029_" },
	{ "name": "yinkuang_030_", "bone": "root", "attachment": "yinkuang_030_" },
	{ "name": "yinkuang_031_", "bone": "root", "attachment": "yinkuang_031_" }
],
"skins": {
	"default": {
		"yinkuang_000_": {
			"yinkuang_000_": { "y": -3.12, "width": 140, "height": 140 }
		},
		"yinkuang_001_": {
			"yinkuang_001_": { "y": -3.12, "width": 140, "height": 140 }
		},
		"yinkuang_002_": {
			"yinkuang_002_": { "y": -3.12, "width": 140, "height": 140 }
		},
		"yinkuang_003_": {
			"yinkuang_003_": { "y": -3.12, "width": 140, "height": 140 }
		},
		"yinkuang_004_": {
			"yinkuang_004_": { "y": -3.12, "width": 140, "height": 140 }
		},
		"yinkuang_005_": {
			"yinkuang_005_": { "y": -3.12, "width": 140, "height": 140 }
		},
		"yinkuang_006_": {
			"yinkuang_006_": { "y": -3.12, "width": 140, "height": 140 }
		},
		"yinkuang_007_": {
			"yinkuang_007_": { "y": -3.12, "width": 140, "height": 140 }
		},
		"yinkuang_008_": {
			"yinkuang_008_": { "y": -3.12, "width": 140, "height": 140 }
		},
		"yinkuang_009_": {
			"yinkuang_009_": { "y": -3.12, "width": 140, "height": 140 }
		},
		"yinkuang_010_": {
			"yinkuang_010_": { "y": -3.12, "width": 140, "height": 140 }
		},
		"yinkuang_011_": {
			"yinkuang_011_": { "y": -3.12, "width": 140, "height": 140 }
		},
		"yinkuang_012_": {
			"yinkuang_012_": { "y": -3.12, "width": 140, "height": 140 }
		},
		"yinkuang_013_": {
			"yinkuang_013_": { "y": -3.12, "width": 140, "height": 140 }
		},
		"yinkuang_014_": {
			"yinkuang_014_": { "y": -3.12, "width": 140, "height": 140 }
		},
		"yinkuang_015_": {
			"yinkuang_015_": { "y": -3.12, "width": 140, "height": 140 }
		},
		"yinkuang_016_": {
			"yinkuang_016_": { "y": -3.12, "width": 140, "height": 140 }
		},
		"yinkuang_017_": {
			"yinkuang_017_": { "y": -3.12, "width": 140, "height": 140 }
		},
		"yinkuang_018_": {
			"yinkuang_018_": { "y": -3.12, "width": 140, "height": 140 }
		},
		"yinkuang_019_": {
			"yinkuang_019_": { "y": -3.12, "width": 140, "height": 140 }
		},
		"yinkuang_020_": {
			"yinkuang_020_": { "y": -3.12, "width": 140, "height": 140 }
		},
		"yinkuang_021_": {
			"yinkuang_021_": { "y": -3.12, "width": 140, "height": 140 }
		},
		"yinkuang_022_": {
			"yinkuang_022_": { "y": -3.12, "width": 140, "height": 140 }
		},
		"yinkuang_023_": {
			"yinkuang_023_": { "y": -3.12, "width": 140, "height": 140 }
		},
		"yinkuang_024_": {
			"yinkuang_024_": { "y": -3.12, "width": 140, "height": 140 }
		},
		"yinkuang_025_": {
			"yinkuang_025_": { "y": -3.12, "width": 140, "height": 140 }
		},
		"yinkuang_026_": {
			"yinkuang_026_": { "y": -3.12, "width": 140, "height": 140 }
		},
		"yinkuang_027_": {
			"yinkuang_027_": { "y": -3.12, "width": 140, "height": 140 }
		},
		"yinkuang_028_": {
			"yinkuang_028_": { "y": -3.12, "width": 140, "height": 140 }
		},
		"yinkuang_029_": {
			"yinkuang_029_": { "y": -3.12, "width": 140, "height": 140 }
		},
		"yinkuang_030_": {
			"yinkuang_030_": { "y": -3.12, "width": 140, "height": 140 }
		},
		"yinkuang_031_": {
			"yinkuang_031_": { "y": -3.12, "width": 140, "height": 140 }
		}
	}
},
"animations": {
	"animation": {
		"slots": {
			"yinkuang_000_": {
				"attachment": [
					{ "time": 0, "name": "yinkuang_000_" },
					{ "time": 0.0666, "name": null }
				]
			},
			"yinkuang_001_": {
				"attachment": [
					{ "time": 0, "name": null },
					{ "time": 0.0666, "name": "yinkuang_001_" },
					{ "time": 0.1333, "name": null }
				]
			},
			"yinkuang_002_": {
				"attachment": [
					{ "time": 0, "name": null },
					{ "time": 0.0666, "name": null },
					{ "time": 0.1333, "name": "yinkuang_002_" },
					{ "time": 0.2, "name": null }
				]
			},
			"yinkuang_003_": {
				"attachment": [
					{ "time": 0, "name": null },
					{ "time": 0.1333, "name": null },
					{ "time": 0.2, "name": "yinkuang_003_" },
					{ "time": 0.2666, "name": null }
				]
			},
			"yinkuang_004_": {
				"attachment": [
					{ "time": 0, "name": null },
					{ "time": 0.2, "name": null },
					{ "time": 0.2666, "name": "yinkuang_004_" },
					{ "time": 0.3333, "name": null }
				]
			},
			"yinkuang_005_": {
				"attachment": [
					{ "time": 0, "name": null },
					{ "time": 0.2666, "name": null },
					{ "time": 0.3333, "name": "yinkuang_005_" },
					{ "time": 0.4, "name": null }
				]
			},
			"yinkuang_006_": {
				"attachment": [
					{ "time": 0, "name": null },
					{ "time": 0.3333, "name": null },
					{ "time": 0.4, "name": "yinkuang_006_" },
					{ "time": 0.4666, "name": null }
				]
			},
			"yinkuang_007_": {
				"attachment": [
					{ "time": 0, "name": null },
					{ "time": 0.4, "name": null },
					{ "time": 0.4666, "name": "yinkuang_007_" },
					{ "time": 0.5333, "name": null }
				]
			},
			"yinkuang_008_": {
				"attachment": [
					{ "time": 0, "name": null },
					{ "time": 0.4666, "name": null },
					{ "time": 0.5333, "name": "yinkuang_008_" },
					{ "time": 0.5666, "name": null }
				]
			},
			"yinkuang_009_": {
				"attachment": [
					{ "time": 0, "name": null },
					{ "time": 0.5333, "name": null },
					{ "time": 0.5666, "name": "yinkuang_009_" },
					{ "time": 0.6333, "name": null }
				]
			},
			"yinkuang_010_": {
				"attachment": [
					{ "time": 0, "name": null },
					{ "time": 0.5666, "name": null },
					{ "time": 0.6333, "name": "yinkuang_010_" },
					{ "time": 0.7, "name": null }
				]
			},
			"yinkuang_011_": {
				"attachment": [
					{ "time": 0, "name": null },
					{ "time": 0.6333, "name": null },
					{ "time": 0.7, "name": "yinkuang_011_" },
					{ "time": 0.7666, "name": null }
				]
			},
			"yinkuang_012_": {
				"attachment": [
					{ "time": 0, "name": null },
					{ "time": 0.7, "name": null },
					{ "time": 0.7666, "name": "yinkuang_012_" },
					{ "time": 0.8333, "name": null }
				]
			},
			"yinkuang_013_": {
				"attachment": [
					{ "time": 0, "name": null },
					{ "time": 0.7666, "name": null },
					{ "time": 0.8333, "name": "yinkuang_013_" },
					{ "time": 0.9, "name": null }
				]
			},
			"yinkuang_014_": {
				"attachment": [
					{ "time": 0, "name": null },
					{ "time": 0.8333, "name": null },
					{ "time": 0.9, "name": "yinkuang_014_" },
					{ "time": 0.9666, "name": null }
				]
			},
			"yinkuang_015_": {
				"attachment": [
					{ "time": 0, "name": null },
					{ "time": 0.9, "name": null },
					{ "time": 0.9666, "name": "yinkuang_015_" },
					{ "time": 1.0333, "name": null }
				]
			},
			"yinkuang_016_": {
				"attachment": [
					{ "time": 0, "name": null },
					{ "time": 0.9666, "name": null },
					{ "time": 1.0333, "name": "yinkuang_016_" },
					{ "time": 1.1, "name": null }
				]
			},
			"yinkuang_017_": {
				"attachment": [
					{ "time": 0, "name": null },
					{ "time": 1.0333, "name": null },
					{ "time": 1.1, "name": "yinkuang_017_" },
					{ "time": 1.1666, "name": null }
				]
			},
			"yinkuang_018_": {
				"attachment": [
					{ "time": 0, "name": null },
					{ "time": 1.1, "name": null },
					{ "time": 1.1666, "name": "yinkuang_018_" },
					{ "time": 1.2333, "name": null }
				]
			},
			"yinkuang_019_": {
				"attachment": [
					{ "time": 0, "name": null },
					{ "time": 1.1666, "name": null },
					{ "time": 1.2333, "name": "yinkuang_019_" },
					{ "time": 1.3, "name": null }
				]
			},
			"yinkuang_020_": {
				"attachment": [
					{ "time": 0, "name": null },
					{ "time": 1.2333, "name": null },
					{ "time": 1.3, "name": "yinkuang_020_" },
					{ "time": 1.3666, "name": null }
				]
			},
			"yinkuang_021_": {
				"attachment": [
					{ "time": 0, "name": null },
					{ "time": 1.3, "name": null },
					{ "time": 1.3666, "name": "yinkuang_021_" },
					{ "time": 1.4333, "name": null }
				]
			},
			"yinkuang_022_": {
				"attachment": [
					{ "time": 0, "name": null },
					{ "time": 1.3666, "name": null },
					{ "time": 1.4333, "name": "yinkuang_022_" },
					{ "time": 1.5, "name": null }
				]
			},
			"yinkuang_023_": {
				"attachment": [
					{ "time": 0, "name": null },
					{ "time": 1.4333, "name": null },
					{ "time": 1.5, "name": "yinkuang_023_" },
					{ "time": 1.5666, "name": null }
				]
			},
			"yinkuang_024_": {
				"attachment": [
					{ "time": 0, "name": null },
					{ "time": 1.5, "name": null },
					{ "time": 1.5666, "name": "yinkuang_024_" },
					{ "time": 1.6, "name": null }
				]
			},
			"yinkuang_025_": {
				"attachment": [
					{ "time": 0, "name": null },
					{ "time": 1.5666, "name": null },
					{ "time": 1.6, "name": "yinkuang_025_" },
					{ "time": 1.6666, "name": null }
				]
			},
			"yinkuang_026_": {
				"attachment": [
					{ "time": 0, "name": null },
					{ "time": 1.6, "name": null },
					{ "time": 1.6666, "name": "yinkuang_026_" },
					{ "time": 1.7333, "name": null }
				]
			},
			"yinkuang_027_": {
				"attachment": [
					{ "time": 0, "name": null },
					{ "time": 1.6666, "name": null },
					{ "time": 1.7333, "name": "yinkuang_027_" },
					{ "time": 1.8, "name": null }
				]
			},
			"yinkuang_028_": {
				"attachment": [
					{ "time": 0, "name": null },
					{ "time": 1.7333, "name": null },
					{ "time": 1.8, "name": "yinkuang_028_" },
					{ "time": 1.8666, "name": null }
				]
			},
			"yinkuang_029_": {
				"attachment": [
					{ "time": 0, "name": null },
					{ "time": 1.8, "name": null },
					{ "time": 1.8666, "name": "yinkuang_029_" },
					{ "time": 1.9333, "name": null }
				]
			},
			"yinkuang_030_": {
				"attachment": [
					{ "time": 0, "name": null },
					{ "time": 1.8666, "name": null },
					{ "time": 1.9333, "name": "yinkuang_030_" },
					{ "time": 2, "name": null }
				]
			},
			"yinkuang_031_": {
				"attachment": [
					{ "time": 0, "name": null },
					{ "time": 1.9333, "name": null },
					{ "time": 2, "name": "yinkuang_031_" },
					{ "time": 2.6666, "name": "yinkuang_031_" }
				]
			}
		}
	}
}
}