{"skeleton":{"hash":"AVwqiOrb3qJ0D75r8HfY2iPTdpY","spine":"3.7.94","width":0,"height":0,"images":"./images/","audio":"D:/COK项目/Spine工程/皮肤—世界杯Spine/世界杯Spine高级待机"},"bones":[{"name":"root"},{"name":"red_high_xx","parent":"root","scaleX":1.25,"scaleY":1.25},{"name":"red_high_idle_","parent":"root","scaleX":1.25,"scaleY":1.25},{"name":"red_high_fire_xx","parent":"root","scaleX":2.5,"scaleY":2.5},{"name":"blue_high_xx","parent":"root","scaleX":1.25,"scaleY":1.25},{"name":"blue_high_idle","parent":"root","scaleX":1.25,"scaleY":1.25},{"name":"blue_high_fire_xx","parent":"root","scaleX":2.5,"scaleY":2.5},{"name":"shadow_blue_","parent":"root","scaleX":5.5,"scaleY":5.5},{"name":"shadow_red_","parent":"root","scaleX":5.5,"scaleY":5.5},{"name":"high_dizuo_light","parent":"root","scaleX":2,"scaleY":2},{"name":"ctrl","parent":"root"},{"name":"jiangbei_glow_","parent":"ctrl"},{"name":"jiangbei_dianliu","parent":"ctrl","scaleX":2,"scaleY":2},{"name":"jiangbei_","parent":"ctrl","scaleX":1.25,"scaleY":1.25},{"name":"jaignbei_lizi","parent":"ctrl","scaleX":2,"scaleY":2},{"name":"high_dizuo_lizi","parent":"root","scaleX":2,"scaleY":2},{"name":"dizuo_high_","parent":"root","scaleX":1.25,"scaleY":1.25},{"name":"骨骼8","parent":"root"}],"slots":[{"name":"dizuo_high_","bone":"dizuo_high_"},{"name":"high_dizuo_light","bone":"high_dizuo_light","blend":"additive"},{"name":"shadow_blue_","bone":"shadow_blue_"},{"name":"shadow_red_","bone":"shadow_red_"},{"name":"red_high_xx","bone":"red_high_xx"},{"name":"red_high_idle_","bone":"red_high_idle_"},{"name":"jiangbei_","bone":"jiangbei_"},{"name":"blue_high_xx","bone":"blue_high_xx"},{"name":"blue_high_idle","bone":"blue_high_idle"},{"name":"red_high_fire_xx","bone":"red_high_fire_xx"},{"name":"blue_high_fire_xx","bone":"blue_high_fire_xx"},{"name":"jiangbei_glow_","bone":"jiangbei_glow_","blend":"additive"},{"name":"jiangbei_dianliu","bone":"jiangbei_dianliu","blend":"additive"},{"name":"jaignbei_lizi","bone":"jaignbei_lizi","blend":"additive"},{"name":"high_dizuo_lizi","bone":"high_dizuo_lizi","blend":"additive"}],"skins":{"default":{"dizuo_high_":{"dizuo_high_":{"width":362,"height":186}},"high_dizuo_light":{"high_dizuo_light_144_":{"width":360,"height":270},"high_dizuo_light_146_":{"width":360,"height":270},"high_dizuo_light_148_":{"width":360,"height":270},"high_dizuo_light_150_":{"width":360,"height":270},"high_dizuo_light_152_":{"width":360,"height":270},"high_dizuo_light_154_":{"width":360,"height":270},"high_dizuo_light_156_":{"width":360,"height":270},"high_dizuo_light_158_":{"width":360,"height":270},"high_dizuo_light_160_":{"width":360,"height":270},"high_dizuo_light_162_":{"width":360,"height":270},"high_dizuo_light_164_":{"width":360,"height":270},"high_dizuo_light_166_":{"width":360,"height":270},"high_dizuo_light_168_":{"width":360,"height":270},"high_dizuo_light_170_":{"width":360,"height":270},"high_dizuo_light_172_":{"width":360,"height":270},"high_dizuo_light_174_":{"width":360,"height":270},"high_dizuo_light_176_":{"width":360,"height":270},"high_dizuo_light_178_":{"width":360,"height":270},"high_dizuo_light_180_":{"width":360,"height":270},"high_dizuo_light_182_":{"width":360,"height":270},"high_dizuo_light_184_":{"width":360,"height":270},"high_dizuo_light_186_":{"width":360,"height":270},"high_dizuo_light_188_":{"width":360,"height":270},"high_dizuo_light_190_":{"width":360,"height":270},"high_dizuo_light_192_":{"width":360,"height":270},"high_dizuo_light_194_":{"width":360,"height":270},"high_dizuo_light_196_":{"width":360,"height":270},"high_dizuo_light_198_":{"width":360,"height":270},"high_dizuo_light_200_":{"width":360,"height":270},"high_dizuo_light_202_":{"width":360,"height":270},"high_dizuo_light_204_":{"width":360,"height":270}},"jaignbei_lizi":{"jaignbei_lizi_000_":{"width":150,"height":200},"jaignbei_lizi_002_":{"width":150,"height":200},"jaignbei_lizi_004_":{"width":150,"height":200},"jaignbei_lizi_006_":{"width":150,"height":200},"jaignbei_lizi_008_":{"width":150,"height":200},"jaignbei_lizi_010_":{"width":150,"height":200},"jaignbei_lizi_012_":{"width":150,"height":200},"jaignbei_lizi_014_":{"width":150,"height":200},"jaignbei_lizi_016_":{"width":150,"height":200},"jaignbei_lizi_018_":{"width":150,"height":200},"jaignbei_lizi_020_":{"width":150,"height":200},"jaignbei_lizi_022_":{"width":150,"height":200},"jaignbei_lizi_024_":{"width":150,"height":200},"jaignbei_lizi_026_":{"width":150,"height":200},"jaignbei_lizi_028_":{"width":150,"height":200},"jaignbei_lizi_030_":{"width":150,"height":200},"jaignbei_lizi_032_":{"width":150,"height":200},"jaignbei_lizi_034_":{"width":150,"height":200},"jaignbei_lizi_036_":{"width":150,"height":200},"jaignbei_lizi_038_":{"width":150,"height":200},"jaignbei_lizi_040_":{"width":150,"height":200},"jaignbei_lizi_042_":{"width":150,"height":200},"jaignbei_lizi_044_":{"width":150,"height":200},"jaignbei_lizi_046_":{"width":150,"height":200},"jaignbei_lizi_048_":{"width":150,"height":200},"jaignbei_lizi_050_":{"width":150,"height":200},"jaignbei_lizi_052_":{"width":150,"height":200},"jaignbei_lizi_054_":{"width":150,"height":200},"jaignbei_lizi_056_":{"width":150,"height":200},"jaignbei_lizi_058_":{"width":150,"height":200},"jaignbei_lizi_060_":{"width":150,"height":200}},"jiangbei_":{"jiangbei_":{"width":70,"height":124}},"jiangbei_dianliu":{"jiangbei_dianliu_000_":{"width":150,"height":200},"jiangbei_dianliu_002_":{"width":150,"height":200},"jiangbei_dianliu_004_":{"width":150,"height":200},"jiangbei_dianliu_006_":{"width":150,"height":200},"jiangbei_dianliu_008_":{"width":150,"height":200},"jiangbei_dianliu_010_":{"width":150,"height":200},"jiangbei_dianliu_012_":{"width":150,"height":200},"jiangbei_dianliu_014_":{"width":150,"height":200},"jiangbei_dianliu_016_":{"width":150,"height":200},"jiangbei_dianliu_018_":{"width":150,"height":200},"jiangbei_dianliu_020_":{"width":150,"height":200},"jiangbei_dianliu_022_":{"width":150,"height":200},"jiangbei_dianliu_024_":{"width":150,"height":200},"jiangbei_dianliu_026_":{"width":150,"height":200},"jiangbei_dianliu_028_":{"width":150,"height":200},"jiangbei_dianliu_030_":{"width":150,"height":200},"jiangbei_dianliu_032_":{"width":150,"height":200},"jiangbei_dianliu_034_":{"width":150,"height":200},"jiangbei_dianliu_036_":{"width":150,"height":200},"jiangbei_dianliu_038_":{"width":150,"height":200},"jiangbei_dianliu_040_":{"width":150,"height":200},"jiangbei_dianliu_042_":{"width":150,"height":200},"jiangbei_dianliu_044_":{"width":150,"height":200},"jiangbei_dianliu_046_":{"width":150,"height":200},"jiangbei_dianliu_048_":{"width":150,"height":200},"jiangbei_dianliu_050_":{"width":150,"height":200},"jiangbei_dianliu_052_":{"width":150,"height":200},"jiangbei_dianliu_054_":{"width":150,"height":200},"jiangbei_dianliu_056_":{"width":150,"height":200},"jiangbei_dianliu_058_":{"width":150,"height":200},"jiangbei_dianliu_060_":{"width":150,"height":200}},"jiangbei_glow_":{"jiangbei_glow_":{"scaleX":2,"scaleY":2,"width":150,"height":200}},"red_high_idle_":{"red_high_idle_000_":{"width":480,"height":480},"red_high_idle_003_":{"width":480,"height":480},"red_high_idle_006_":{"width":480,"height":480},"red_high_idle_009_":{"width":480,"height":480},"red_high_idle_012_":{"width":480,"height":480},"red_high_idle_015_":{"width":480,"height":480},"red_high_idle_018_":{"width":480,"height":480},"red_high_idle_021_":{"width":480,"height":480},"red_high_idle_024_":{"width":480,"height":480},"red_high_idle_027_":{"width":480,"height":480},"red_high_idle_030_":{"width":480,"height":480},"red_high_idle_033_":{"width":480,"height":480},"red_high_idle_036_":{"width":480,"height":480},"red_high_idle_039_":{"width":480,"height":480},"red_high_idle_042_":{"width":480,"height":480},"red_high_idle_045_":{"width":480,"height":480},"red_high_idle_048_":{"width":480,"height":480},"red_high_idle_051_":{"width":480,"height":480},"red_high_idle_054_":{"width":480,"height":480},"red_high_idle_057_":{"width":480,"height":480}},"red_high_xx":{"red_high_xx_000_":{"width":480,"height":480},"red_high_xx_003_":{"width":480,"height":480},"red_high_xx_006_":{"width":480,"height":480},"red_high_xx_009_":{"width":480,"height":480},"red_high_xx_012_":{"width":480,"height":480},"red_high_xx_015_":{"width":480,"height":480},"red_high_xx_018_":{"width":480,"height":480},"red_high_xx_021_":{"width":480,"height":480},"red_high_xx_024_":{"width":480,"height":480},"red_high_xx_027_":{"width":480,"height":480},"red_high_xx_030_":{"width":480,"height":480},"red_high_xx_033_":{"width":480,"height":480},"red_high_xx_036_":{"width":480,"height":480},"red_high_xx_039_":{"width":480,"height":480},"red_high_xx_042_":{"width":480,"height":480},"red_high_xx_045_":{"width":480,"height":480},"red_high_xx_048_":{"width":480,"height":480},"red_high_xx_051_":{"width":480,"height":480},"red_high_xx_054_":{"width":480,"height":480},"red_high_xx_057_":{"width":480,"height":480},"red_high_xx_060_":{"width":480,"height":480}},"shadow_blue_":{"shadow_blue_000_":{"x":0.5,"y":0.5,"width":169,"height":169},"shadow_blue_003_":{"x":0.5,"y":0.5,"width":169,"height":169},"shadow_blue_006_":{"x":0.5,"y":0.5,"width":169,"height":169},"shadow_blue_009_":{"x":0.5,"y":0.5,"width":169,"height":169},"shadow_blue_012_":{"x":0.5,"y":0.5,"width":169,"height":169},"shadow_blue_015_":{"x":0.5,"y":0.5,"width":169,"height":169},"shadow_blue_018_":{"x":0.5,"y":0.5,"width":169,"height":169},"shadow_blue_021_":{"x":0.5,"y":0.5,"width":169,"height":169},"shadow_blue_024_":{"x":0.5,"y":0.5,"width":169,"height":169},"shadow_blue_027_":{"x":0.5,"y":0.5,"width":169,"height":169},"shadow_blue_030_":{"x":0.5,"y":0.5,"width":169,"height":169},"shadow_blue_033_":{"x":0.5,"y":0.5,"width":169,"height":169},"shadow_blue_036_":{"x":0.5,"y":0.5,"width":169,"height":169},"shadow_blue_039_":{"x":0.5,"y":0.5,"width":169,"height":169},"shadow_blue_042_":{"x":0.5,"y":0.5,"width":169,"height":169},"shadow_blue_045_":{"x":0.5,"y":0.5,"width":169,"height":169},"shadow_blue_048_":{"x":0.5,"y":0.5,"width":169,"height":169},"shadow_blue_051_":{"x":0.5,"y":0.5,"width":169,"height":169},"shadow_blue_054_":{"x":0.5,"y":0.5,"width":169,"height":169},"shadow_blue_057_":{"x":0.5,"y":0.5,"width":169,"height":169},"shadow_blue_080_":{"x":0.5,"y":0.5,"width":169,"height":169},"shadow_blue_083_":{"x":0.5,"y":0.5,"width":169,"height":169},"shadow_blue_086_":{"x":0.5,"y":0.5,"width":169,"height":169},"shadow_blue_089_":{"x":0.5,"y":0.5,"width":169,"height":169},"shadow_blue_092_":{"x":0.5,"y":0.5,"width":169,"height":169},"shadow_blue_095_":{"x":0.5,"y":0.5,"width":169,"height":169},"shadow_blue_098_":{"x":0.5,"y":0.5,"width":169,"height":169},"shadow_blue_101_":{"x":0.5,"y":0.5,"width":169,"height":169},"shadow_blue_104_":{"x":0.5,"y":0.5,"width":169,"height":169},"shadow_blue_107_":{"x":0.5,"y":0.5,"width":169,"height":169},"shadow_blue_110_":{"x":0.5,"y":0.5,"width":169,"height":169},"shadow_blue_113_":{"x":0.5,"y":0.5,"width":169,"height":169},"shadow_blue_116_":{"x":0.5,"y":0.5,"width":169,"height":169},"shadow_blue_119_":{"x":0.5,"y":0.5,"width":169,"height":169},"shadow_blue_122_":{"x":0.5,"y":0.5,"width":169,"height":169},"shadow_blue_125_":{"x":0.5,"y":0.5,"width":169,"height":169},"shadow_blue_128_":{"x":0.5,"y":0.5,"width":169,"height":169},"shadow_blue_131_":{"x":0.5,"y":0.5,"width":169,"height":169},"shadow_blue_134_":{"x":0.5,"y":0.5,"width":169,"height":169},"shadow_blue_137_":{"x":0.5,"y":0.5,"width":169,"height":169}},"shadow_red_":{"shadow_red_000_":{"x":0.5,"y":0.5,"width":169,"height":169},"shadow_red_003_":{"x":0.5,"y":0.5,"width":169,"height":169},"shadow_red_006_":{"x":0.5,"y":0.5,"width":169,"height":169},"shadow_red_009_":{"x":0.5,"y":0.5,"width":169,"height":169},"shadow_red_012_":{"x":0.5,"y":0.5,"width":169,"height":169},"shadow_red_015_":{"x":0.5,"y":0.5,"width":169,"height":169},"shadow_red_018_":{"x":0.5,"y":0.5,"width":169,"height":169},"shadow_red_021_":{"x":0.5,"y":0.5,"width":169,"height":169},"shadow_red_024_":{"x":0.5,"y":0.5,"width":169,"height":169},"shadow_red_027_":{"x":0.5,"y":0.5,"width":169,"height":169},"shadow_red_030_":{"x":0.5,"y":0.5,"width":169,"height":169},"shadow_red_033_":{"x":0.5,"y":0.5,"width":169,"height":169},"shadow_red_036_":{"x":0.5,"y":0.5,"width":169,"height":169},"shadow_red_039_":{"x":0.5,"y":0.5,"width":169,"height":169},"shadow_red_042_":{"x":0.5,"y":0.5,"width":169,"height":169},"shadow_red_045_":{"x":0.5,"y":0.5,"width":169,"height":169},"shadow_red_048_":{"x":0.5,"y":0.5,"width":169,"height":169},"shadow_red_051_":{"x":0.5,"y":0.5,"width":169,"height":169},"shadow_red_054_":{"x":0.5,"y":0.5,"width":169,"height":169},"shadow_red_057_":{"x":0.5,"y":0.5,"width":169,"height":169},"shadow_red_080_":{"x":0.5,"y":0.5,"width":169,"height":169},"shadow_red_083_":{"x":0.5,"y":0.5,"width":169,"height":169},"shadow_red_086_":{"x":0.5,"y":0.5,"width":169,"height":169},"shadow_red_089_":{"x":0.5,"y":0.5,"width":169,"height":169},"shadow_red_092_":{"x":0.5,"y":0.5,"width":169,"height":169},"shadow_red_095_":{"x":0.5,"y":0.5,"width":169,"height":169},"shadow_red_098_":{"x":0.5,"y":0.5,"width":169,"height":169},"shadow_red_101_":{"x":0.5,"y":0.5,"width":169,"height":169},"shadow_red_104_":{"x":0.5,"y":0.5,"width":169,"height":169},"shadow_red_107_":{"x":0.5,"y":0.5,"width":169,"height":169},"shadow_red_110_":{"x":0.5,"y":0.5,"width":169,"height":169},"shadow_red_113_":{"x":0.5,"y":0.5,"width":169,"height":169},"shadow_red_116_":{"x":0.5,"y":0.5,"width":169,"height":169},"shadow_red_119_":{"x":0.5,"y":0.5,"width":169,"height":169},"shadow_red_122_":{"x":0.5,"y":0.5,"width":169,"height":169},"shadow_red_125_":{"x":0.5,"y":0.5,"width":169,"height":169},"shadow_red_128_":{"x":0.5,"y":0.5,"width":169,"height":169},"shadow_red_131_":{"x":0.5,"y":0.5,"width":169,"height":169},"shadow_red_134_":{"x":0.5,"y":0.5,"width":169,"height":169},"shadow_red_137_":{"x":0.5,"y":0.5,"width":169,"height":169}}}},"animations":{"idle":{"slots":{"blue_high_fire_xx":{"attachment":[{"time":3.7333,"name":null}]},"blue_high_idle":{"attachment":[{"time":2,"name":null}]},"blue_high_xx":{"attachment":[{"time":4,"name":null}]},"dizuo_high_":{"attachment":[{"time":0,"name":"dizuo_high_"}]},"high_dizuo_light":{"attachment":[{"time":0,"name":"high_dizuo_light_144_"},{"time":0.0667,"name":"high_dizuo_light_146_"},{"time":0.1333,"name":"high_dizuo_light_148_"},{"time":0.2,"name":"high_dizuo_light_150_"},{"time":0.2667,"name":"high_dizuo_light_152_"},{"time":0.3333,"name":"high_dizuo_light_154_"},{"time":0.4,"name":"high_dizuo_light_156_"},{"time":0.4667,"name":"high_dizuo_light_158_"},{"time":0.5333,"name":"high_dizuo_light_160_"},{"time":0.5667,"name":"high_dizuo_light_162_"},{"time":0.6333,"name":"high_dizuo_light_164_"},{"time":0.7,"name":"high_dizuo_light_166_"},{"time":0.7667,"name":"high_dizuo_light_168_"},{"time":0.8333,"name":"high_dizuo_light_170_"},{"time":0.9,"name":"high_dizuo_light_172_"},{"time":0.9667,"name":"high_dizuo_light_174_"},{"time":1.0333,"name":"high_dizuo_light_176_"},{"time":1.1,"name":"high_dizuo_light_178_"},{"time":1.1667,"name":"high_dizuo_light_180_"},{"time":1.2333,"name":"high_dizuo_light_182_"},{"time":1.3,"name":"high_dizuo_light_184_"},{"time":1.3667,"name":"high_dizuo_light_186_"},{"time":1.4333,"name":"high_dizuo_light_188_"},{"time":1.5,"name":"high_dizuo_light_190_"},{"time":1.5667,"name":"high_dizuo_light_192_"},{"time":1.6,"name":"high_dizuo_light_194_"},{"time":1.6667,"name":"high_dizuo_light_196_"},{"time":1.7333,"name":"high_dizuo_light_198_"},{"time":1.8,"name":"high_dizuo_light_200_"},{"time":1.8667,"name":"high_dizuo_light_202_"},{"time":1.9333,"name":"high_dizuo_light_204_"},{"time":2,"name":"high_dizuo_light_144_"},{"time":2.0667,"name":"high_dizuo_light_146_"},{"time":2.1333,"name":"high_dizuo_light_148_"},{"time":2.2,"name":"high_dizuo_light_150_"},{"time":2.2667,"name":"high_dizuo_light_152_"},{"time":2.3333,"name":"high_dizuo_light_154_"},{"time":2.4,"name":"high_dizuo_light_156_"},{"time":2.4667,"name":"high_dizuo_light_158_"},{"time":2.5333,"name":"high_dizuo_light_160_"},{"time":2.6,"name":"high_dizuo_light_162_"},{"time":2.6333,"name":"high_dizuo_light_164_"},{"time":2.7,"name":"high_dizuo_light_166_"},{"time":2.7667,"name":"high_dizuo_light_168_"},{"time":2.8333,"name":"high_dizuo_light_170_"},{"time":2.9,"name":"high_dizuo_light_172_"},{"time":2.9667,"name":"high_dizuo_light_174_"},{"time":3.0333,"name":"high_dizuo_light_176_"},{"time":3.1,"name":"high_dizuo_light_178_"},{"time":3.1667,"name":"high_dizuo_light_180_"},{"time":3.2333,"name":"high_dizuo_light_182_"},{"time":3.3,"name":"high_dizuo_light_184_"},{"time":3.3667,"name":"high_dizuo_light_186_"},{"time":3.4333,"name":"high_dizuo_light_188_"},{"time":3.5,"name":"high_dizuo_light_190_"},{"time":3.5667,"name":"high_dizuo_light_192_"},{"time":3.6333,"name":"high_dizuo_light_194_"},{"time":3.6667,"name":"high_dizuo_light_196_"},{"time":3.7333,"name":"high_dizuo_light_198_"},{"time":3.8,"name":"high_dizuo_light_200_"},{"time":3.8667,"name":"high_dizuo_light_202_"},{"time":3.9333,"name":"high_dizuo_light_204_"},{"time":4,"name":null}]},"high_dizuo_lizi":{"attachment":[{"time":4,"name":null}]},"jaignbei_lizi":{"attachment":[{"time":0,"name":"jaignbei_lizi_000_"},{"time":0.0667,"name":"jaignbei_lizi_002_"},{"time":0.1333,"name":"jaignbei_lizi_004_"},{"time":0.2,"name":"jaignbei_lizi_006_"},{"time":0.2667,"name":"jaignbei_lizi_008_"},{"time":0.3333,"name":"jaignbei_lizi_010_"},{"time":0.4,"name":"jaignbei_lizi_012_"},{"time":0.4667,"name":"jaignbei_lizi_014_"},{"time":0.5333,"name":"jaignbei_lizi_016_"},{"time":0.5667,"name":"jaignbei_lizi_018_"},{"time":0.6333,"name":"jaignbei_lizi_020_"},{"time":0.7,"name":"jaignbei_lizi_022_"},{"time":0.7667,"name":"jaignbei_lizi_024_"},{"time":0.8333,"name":"jaignbei_lizi_026_"},{"time":0.9,"name":"jaignbei_lizi_028_"},{"time":0.9667,"name":"jaignbei_lizi_030_"},{"time":1.0333,"name":"jaignbei_lizi_032_"},{"time":1.1,"name":"jaignbei_lizi_034_"},{"time":1.1667,"name":"jaignbei_lizi_036_"},{"time":1.2333,"name":"jaignbei_lizi_038_"},{"time":1.3,"name":"jaignbei_lizi_040_"},{"time":1.3667,"name":"jaignbei_lizi_042_"},{"time":1.4333,"name":"jaignbei_lizi_044_"},{"time":1.5,"name":"jaignbei_lizi_046_"},{"time":1.5667,"name":"jaignbei_lizi_048_"},{"time":1.6,"name":"jaignbei_lizi_050_"},{"time":1.6667,"name":"jaignbei_lizi_052_"},{"time":1.7333,"name":"jaignbei_lizi_054_"},{"time":1.8,"name":"jaignbei_lizi_056_"},{"time":1.8667,"name":"jaignbei_lizi_058_"},{"time":1.9333,"name":"jaignbei_lizi_060_"},{"time":2,"name":"jaignbei_lizi_000_"},{"time":2.0667,"name":"jaignbei_lizi_002_"},{"time":2.1333,"name":"jaignbei_lizi_004_"},{"time":2.2,"name":"jaignbei_lizi_006_"},{"time":2.2667,"name":"jaignbei_lizi_008_"},{"time":2.3333,"name":"jaignbei_lizi_010_"},{"time":2.4,"name":"jaignbei_lizi_012_"},{"time":2.4667,"name":"jaignbei_lizi_014_"},{"time":2.5333,"name":"jaignbei_lizi_016_"},{"time":2.6,"name":"jaignbei_lizi_018_"},{"time":2.6333,"name":"jaignbei_lizi_020_"},{"time":2.7,"name":"jaignbei_lizi_022_"},{"time":2.7667,"name":"jaignbei_lizi_024_"},{"time":2.8333,"name":"jaignbei_lizi_026_"},{"time":2.9,"name":"jaignbei_lizi_028_"},{"time":2.9667,"name":"jaignbei_lizi_030_"},{"time":3.0333,"name":"jaignbei_lizi_032_"},{"time":3.1,"name":"jaignbei_lizi_034_"},{"time":3.1667,"name":"jaignbei_lizi_036_"},{"time":3.2333,"name":"jaignbei_lizi_038_"},{"time":3.3,"name":"jaignbei_lizi_040_"},{"time":3.3667,"name":"jaignbei_lizi_042_"},{"time":3.4333,"name":"jaignbei_lizi_044_"},{"time":3.5,"name":"jaignbei_lizi_046_"},{"time":3.5667,"name":"jaignbei_lizi_048_"},{"time":3.6333,"name":"jaignbei_lizi_050_"},{"time":3.6667,"name":"jaignbei_lizi_052_"},{"time":3.7333,"name":"jaignbei_lizi_054_"},{"time":3.8,"name":"jaignbei_lizi_056_"},{"time":3.8667,"name":"jaignbei_lizi_058_"},{"time":3.9333,"name":"jaignbei_lizi_060_"},{"time":4,"name":null}]},"jiangbei_":{"attachment":[{"time":0,"name":"jiangbei_"}]},"jiangbei_dianliu":{"attachment":[{"time":0,"name":"jiangbei_dianliu_000_"},{"time":0.0667,"name":"jiangbei_dianliu_002_"},{"time":0.1333,"name":"jiangbei_dianliu_004_"},{"time":0.2,"name":"jiangbei_dianliu_006_"},{"time":0.2667,"name":"jiangbei_dianliu_008_"},{"time":0.3333,"name":"jiangbei_dianliu_010_"},{"time":0.4,"name":"jiangbei_dianliu_012_"},{"time":0.4667,"name":"jiangbei_dianliu_014_"},{"time":0.5,"name":"jiangbei_dianliu_016_"},{"time":0.5667,"name":"jiangbei_dianliu_018_"},{"time":0.6333,"name":"jiangbei_dianliu_020_"},{"time":0.7,"name":"jiangbei_dianliu_022_"},{"time":0.7667,"name":"jiangbei_dianliu_024_"},{"time":0.8333,"name":"jiangbei_dianliu_026_"},{"time":0.9,"name":"jiangbei_dianliu_028_"},{"time":0.9667,"name":"jiangbei_dianliu_030_"},{"time":1.0333,"name":"jiangbei_dianliu_032_"},{"time":1.1,"name":"jiangbei_dianliu_034_"},{"time":1.1667,"name":"jiangbei_dianliu_036_"},{"time":1.2333,"name":"jiangbei_dianliu_038_"},{"time":1.3,"name":"jiangbei_dianliu_040_"},{"time":1.3667,"name":"jiangbei_dianliu_042_"},{"time":1.4333,"name":"jiangbei_dianliu_044_"},{"time":1.5,"name":"jiangbei_dianliu_046_"},{"time":1.5333,"name":"jiangbei_dianliu_048_"},{"time":1.6,"name":"jiangbei_dianliu_050_"},{"time":1.6667,"name":"jiangbei_dianliu_052_"},{"time":1.7333,"name":"jiangbei_dianliu_054_"},{"time":1.8,"name":"jiangbei_dianliu_056_"},{"time":1.8667,"name":"jiangbei_dianliu_058_"},{"time":1.9333,"name":"jiangbei_dianliu_060_"},{"time":2,"name":"jiangbei_dianliu_000_"},{"time":2.0667,"name":"jiangbei_dianliu_002_"},{"time":2.1333,"name":"jiangbei_dianliu_004_"},{"time":2.2,"name":"jiangbei_dianliu_006_"},{"time":2.2667,"name":"jiangbei_dianliu_008_"},{"time":2.3333,"name":"jiangbei_dianliu_010_"},{"time":2.4,"name":"jiangbei_dianliu_012_"},{"time":2.4667,"name":"jiangbei_dianliu_014_"},{"time":2.5333,"name":"jiangbei_dianliu_016_"},{"time":2.5667,"name":"jiangbei_dianliu_018_"},{"time":2.6333,"name":"jiangbei_dianliu_020_"},{"time":2.7,"name":"jiangbei_dianliu_022_"},{"time":2.7667,"name":"jiangbei_dianliu_024_"},{"time":2.8333,"name":"jiangbei_dianliu_026_"},{"time":2.9,"name":"jiangbei_dianliu_028_"},{"time":2.9667,"name":"jiangbei_dianliu_030_"},{"time":3.0333,"name":"jiangbei_dianliu_032_"},{"time":3.1,"name":"jiangbei_dianliu_034_"},{"time":3.1667,"name":"jiangbei_dianliu_036_"},{"time":3.2333,"name":"jiangbei_dianliu_038_"},{"time":3.3,"name":"jiangbei_dianliu_040_"},{"time":3.3667,"name":"jiangbei_dianliu_042_"},{"time":3.4333,"name":"jiangbei_dianliu_044_"},{"time":3.5,"name":"jiangbei_dianliu_046_"},{"time":3.5667,"name":"jiangbei_dianliu_048_"},{"time":3.6,"name":"jiangbei_dianliu_050_"},{"time":3.6667,"name":"jiangbei_dianliu_052_"},{"time":3.7333,"name":"jiangbei_dianliu_054_"},{"time":3.8,"name":"jiangbei_dianliu_056_"},{"time":3.8667,"name":"jiangbei_dianliu_058_"},{"time":3.9333,"name":"jiangbei_dianliu_060_"},{"time":4,"name":null}]},"jiangbei_glow_":{"color":[{"time":0,"color":"ffad0032","curve":[0.25,0,0.75,1]},{"time":1,"color":"ffad0064","curve":[0.25,0,0.75,1]},{"time":2,"color":"ffad0032","curve":[0.25,0,0.75,1]},{"time":3,"color":"ffad0064","curve":[0.25,0,0.75,1]},{"time":4,"color":"ffad0032"}],"attachment":[{"time":0,"name":"jiangbei_glow_"}]},"red_high_fire_xx":{"attachment":[{"time":4,"name":null}]},"red_high_idle_":{"attachment":[{"time":0,"name":"red_high_idle_000_"},{"time":0.1,"name":"red_high_idle_003_"},{"time":0.2,"name":"red_high_idle_006_"},{"time":0.3,"name":"red_high_idle_009_"},{"time":0.4,"name":"red_high_idle_012_"},{"time":0.5,"name":"red_high_idle_015_"},{"time":0.6,"name":"red_high_idle_018_"},{"time":0.7,"name":"red_high_idle_021_"},{"time":0.8,"name":"red_high_idle_024_"},{"time":0.9,"name":"red_high_idle_027_"},{"time":1,"name":"red_high_idle_030_"},{"time":1.1,"name":"red_high_idle_033_"},{"time":1.2,"name":"red_high_idle_036_"},{"time":1.3,"name":"red_high_idle_039_"},{"time":1.4,"name":"red_high_idle_042_"},{"time":1.5,"name":"red_high_idle_045_"},{"time":1.6,"name":"red_high_idle_048_"},{"time":1.7,"name":"red_high_idle_051_"},{"time":1.8,"name":"red_high_idle_054_"},{"time":1.9,"name":"red_high_idle_057_"},{"time":2,"name":null}]},"red_high_xx":{"attachment":[{"time":2,"name":"red_high_xx_000_"},{"time":2.1,"name":"red_high_xx_003_"},{"time":2.2,"name":"red_high_xx_006_"},{"time":2.3,"name":"red_high_xx_009_"},{"time":2.4,"name":"red_high_xx_012_"},{"time":2.5,"name":"red_high_xx_015_"},{"time":2.6,"name":"red_high_xx_018_"},{"time":2.7,"name":"red_high_xx_021_"},{"time":2.8,"name":"red_high_xx_024_"},{"time":2.9,"name":"red_high_xx_027_"},{"time":3,"name":"red_high_xx_030_"},{"time":3.1,"name":"red_high_xx_033_"},{"time":3.2,"name":"red_high_xx_036_"},{"time":3.3,"name":"red_high_xx_039_"},{"time":3.4,"name":"red_high_xx_042_"},{"time":3.5,"name":"red_high_xx_045_"},{"time":3.6,"name":"red_high_xx_048_"},{"time":3.7,"name":"red_high_xx_051_"},{"time":3.8,"name":"red_high_xx_054_"},{"time":3.9,"name":"red_high_xx_057_"},{"time":4,"name":null}]},"shadow_blue_":{"attachment":[{"time":0,"name":"shadow_blue_000_"},{"time":0.1,"name":"shadow_blue_003_"},{"time":0.2,"name":"shadow_blue_006_"},{"time":0.3,"name":"shadow_blue_009_"},{"time":0.4,"name":"shadow_blue_012_"},{"time":0.5,"name":"shadow_blue_015_"},{"time":0.6,"name":"shadow_blue_018_"},{"time":0.7,"name":"shadow_blue_021_"},{"time":0.8,"name":"shadow_blue_024_"},{"time":0.9,"name":"shadow_blue_027_"},{"time":1,"name":"shadow_blue_030_"},{"time":1.1,"name":"shadow_blue_033_"},{"time":1.2,"name":"shadow_blue_036_"},{"time":1.3,"name":"shadow_blue_039_"},{"time":1.4,"name":"shadow_blue_042_"},{"time":1.5,"name":"shadow_blue_045_"},{"time":1.6,"name":"shadow_blue_048_"},{"time":1.7,"name":"shadow_blue_051_"},{"time":1.8,"name":"shadow_blue_054_"},{"time":1.9,"name":"shadow_blue_057_"},{"time":2,"name":"shadow_blue_080_"},{"time":2.1,"name":"shadow_blue_083_"},{"time":2.2,"name":"shadow_blue_086_"},{"time":2.3,"name":"shadow_blue_089_"},{"time":2.4,"name":"shadow_blue_092_"},{"time":2.5,"name":"shadow_blue_095_"},{"time":2.6,"name":"shadow_blue_098_"},{"time":2.7,"name":"shadow_blue_101_"},{"time":2.8,"name":"shadow_blue_104_"},{"time":2.9,"name":"shadow_blue_107_"},{"time":3,"name":"shadow_blue_110_"},{"time":3.1,"name":"shadow_blue_113_"},{"time":3.2,"name":"shadow_blue_116_"},{"time":3.3,"name":"shadow_blue_119_"},{"time":3.4,"name":"shadow_blue_122_"},{"time":3.5,"name":"shadow_blue_125_"},{"time":3.6,"name":"shadow_blue_128_"},{"time":3.7,"name":"shadow_blue_131_"},{"time":3.8,"name":"shadow_blue_134_"},{"time":3.9,"name":"shadow_blue_137_"},{"time":4,"name":null}]},"shadow_red_":{"attachment":[{"time":0,"name":"shadow_red_000_"},{"time":0.1,"name":"shadow_red_003_"},{"time":0.2,"name":"shadow_red_006_"},{"time":0.3,"name":"shadow_red_009_"},{"time":0.4,"name":"shadow_red_012_"},{"time":0.5,"name":"shadow_red_015_"},{"time":0.6,"name":"shadow_red_018_"},{"time":0.7,"name":"shadow_red_021_"},{"time":0.8,"name":"shadow_red_024_"},{"time":0.9,"name":"shadow_red_027_"},{"time":1,"name":"shadow_red_030_"},{"time":1.1,"name":"shadow_red_033_"},{"time":1.2,"name":"shadow_red_036_"},{"time":1.3,"name":"shadow_red_039_"},{"time":1.4,"name":"shadow_red_042_"},{"time":1.5,"name":"shadow_red_045_"},{"time":1.6,"name":"shadow_red_048_"},{"time":1.7,"name":"shadow_red_051_"},{"time":1.8,"name":"shadow_red_054_"},{"time":1.9,"name":"shadow_red_057_"},{"time":2,"name":"shadow_red_080_"},{"time":2.1,"name":"shadow_red_083_"},{"time":2.2,"name":"shadow_red_086_"},{"time":2.3,"name":"shadow_red_089_"},{"time":2.4,"name":"shadow_red_092_"},{"time":2.5,"name":"shadow_red_095_"},{"time":2.6,"name":"shadow_red_098_"},{"time":2.7,"name":"shadow_red_101_"},{"time":2.8,"name":"shadow_red_104_"},{"time":2.9,"name":"shadow_red_107_"},{"time":3,"name":"shadow_red_110_"},{"time":3.1,"name":"shadow_red_113_"},{"time":3.2,"name":"shadow_red_116_"},{"time":3.3,"name":"shadow_red_119_"},{"time":3.4,"name":"shadow_red_122_"},{"time":3.5,"name":"shadow_red_125_"},{"time":3.6,"name":"shadow_red_128_"},{"time":3.7,"name":"shadow_red_131_"},{"time":3.8,"name":"shadow_red_134_"},{"time":3.9,"name":"shadow_red_137_"},{"time":4,"name":null}]}},"bones":{"blue_high_fire_xx":{"translate":[{"time":0,"x":-1.01,"y":113.57}]},"blue_high_xx":{"translate":[{"time":0,"x":0,"y":50}]},"red_high_fire_xx":{"translate":[{"time":0,"x":-1.01,"y":124.72}]},"red_high_xx":{"translate":[{"time":0,"x":0,"y":50}]},"shadow_blue_":{"translate":[{"time":0,"x":0,"y":50}]},"shadow_red_":{"translate":[{"time":0,"x":0,"y":50}]},"jiangbei_":{"translate":[{"time":0,"x":-10,"y":100}]},"jiangbei_dianliu":{"translate":[{"time":0,"x":-10,"y":80}]},"jaignbei_lizi":{"translate":[{"time":0,"x":-10,"y":100}]},"high_dizuo_lizi":{"translate":[{"time":0,"x":0,"y":40}]},"high_dizuo_light":{"translate":[{"time":0,"x":4,"y":55}]},"jiangbei_glow_":{"translate":[{"time":0,"x":-10,"y":90}]},"ctrl":{"translate":[{"time":0,"x":0,"y":0,"curve":[0.25,0,0.75,1]},{"time":1,"x":0,"y":5,"curve":[0.25,0,0.75,1]},{"time":2,"x":0,"y":0,"curve":[0.25,0,0.75,1]},{"time":3,"x":0,"y":5,"curve":[0.25,0,0.75,1]},{"time":4,"x":0,"y":0}]},"red_high_idle_":{"translate":[{"time":0,"x":0,"y":50}]},"blue_high_idle":{"translate":[{"time":0,"x":0,"y":50}]}}}}}