{
"skeleton": { "hash": "6qOvPam/FaeL5uajkvXCmEUuAJE", "spine": "3.7.94", "width": 794.81, "height": 406 },
"bones": [
	{ "name": "root" },
	{ "name": "mo", "parent": "root", "x": -159.89, "y": 56.91 },
	{ "name": "1_ban", "parent": "root", "x": 1.44, "y": 13.66 },
	{ "name": "2_zi_boss", "parent": "root", "x": -39.76, "y": 80.44 },
	{ "name": "4_niao", "parent": "root", "x": -84.55, "y": -7.22, "scaleX": -1 },
	{ "name": "zi_xian_2", "parent": "root", "x": -174.12, "y": -65.17 },
	{
		"name": "tx_huo1",
		"parent": "root",
		"rotation": -34.65,
		"x": -157.39,
		"y": -53.9,
		"scaleX": -0.514,
		"scaleY": 0.643
	},
	{ "name": "tx_huo2", "parent": "root", "rotation": -18.68, "x": -272.76, "y": -70.6, "scaleY": 1.077 },
	{ "name": "4_niao2", "parent": "4_niao", "length": 76.32, "rotation": 66.89, "x": 62.79, "y": 96.49 },
	{ "name": "4_niao3", "parent": "4_niao2", "length": 63.34, "rotation": -32.73, "x": 76.32 },
	{ "name": "4_niao4", "parent": "4_niao3", "length": 61.56, "rotation": -6.04, "x": 63.34 },
	{ "name": "4_niao5", "parent": "4_niao4", "length": 63.98, "rotation": -7.57, "x": 61.56 },
	{ "name": "4_niao6", "parent": "4_niao5", "length": 85.18, "rotation": -21.19, "x": 63.98 }
],
"slots": [
	{ "name": "diban_", "bone": "1_ban", "attachment": "diban_" },
	{ "name": "long_di_", "bone": "mo", "attachment": "long_di_" },
	{ "name": "yinying_", "bone": "root", "attachment": "yinying_" },
	{ "name": "zi_xian_2", "bone": "zi_xian_2", "blend": "additive" },
	{ "name": "guagnqiu_", "bone": "1_ban", "color": "520000ff", "blend": "additive" },
	{ "name": "zi_xian_", "bone": "2_zi_boss" },
	{ "name": "zi", "bone": "2_zi_boss", "attachment": "zi1_" },
	{ "name": "zi_add", "bone": "2_zi_boss", "attachment": "zi2_" },
	{ "name": "zi_guang_", "bone": "2_zi_boss", "attachment": "zi_guang_", "blend": "additive" },
	{ "name": "2niao_", "bone": "4_niao", "attachment": "niao_" },
	{ "name": "tx_", "bone": "root", "attachment": "tx_" },
	{ "name": "guagnqiu_2", "bone": "4_niao", "color": "1c8cffff", "blend": "additive" },
	{ "name": "guagnqiu_3", "bone": "root", "color": "a50000ff", "blend": "additive" },
	{ "name": "eff_huo_00_", "bone": "tx_huo1", "attachment": "eff_huo_00_" },
	{ "name": "eff_huo_00_2", "bone": "tx_huo2", "blend": "additive" }
],
"skins": {
	"default": {
		"2niao_": {
			"niao_": {
				"type": "mesh",
				"uvs": [ 1, 0.352, 1, 0.62865, 1, 1, 0.4001, 1, 0, 1, 0, 0.84536, 0.0021, 0.66323, 0, 0.29206, 0, 0.12607, 0, 0, 0.77995, 0, 1, 0, 0.26368, 0.4373, 0.33084, 0.25056, 0.42108, 0.15373, 0.547, 0.10071, 0.67292, 0.03615, 0.91217, 0.07304, 0.80724, 0.33355, 0.65403, 0.40733, 0.63725, 0.53182, 0.7086, 0.34739, 0.079, 0.40502, 0.04333, 0.34739, 0.0832, 0.21137, 0.13567, 0.27131, 0.17134, 0.35661, 0.04333, 0.16065 ],
				"triangles": [ 18, 1, 19, 19, 21, 18, 18, 0, 1, 18, 17, 0, 17, 11, 0, 18, 16, 17, 17, 16, 10, 17, 10, 11, 16, 9, 10, 18, 21, 16, 21, 15, 16, 15, 9, 16, 14, 15, 19, 19, 15, 21, 13, 14, 19, 13, 24, 14, 24, 27, 14, 14, 27, 9, 15, 14, 9, 3, 20, 2, 2, 20, 1, 1, 20, 19, 3, 5, 6, 3, 6, 12, 6, 22, 12, 3, 12, 20, 22, 26, 12, 3, 4, 5, 6, 23, 22, 6, 7, 23, 20, 12, 19, 12, 13, 19, 12, 26, 13, 22, 23, 26, 23, 25, 26, 26, 25, 13, 23, 7, 25, 7, 24, 25, 7, 27, 24, 7, 8, 27, 25, 24, 13, 9, 27, 8 ],
				"vertices": [ 4, 8, 162.08, -286.87, 0.13209, 10, 183.51, -176.62, 0.08814, 11, 144.15, -159.02, 0.17001, 12, 132.22, -119.3, 0.60975, 5, 8, 58.77, -330.94, 0.34695, 9, 164.19, -287.88, 0, 10, 130.56, -275.68, 0.15283, 11, 104.71, -264.19, 0.18043, 12, 133.45, -231.61, 0.31979, 4, 8, -79.9, -390.11, 0.48389, 10, 59.49, -408.64, 0.1558, 11, 51.77, -405.36, 0.15086, 12, 135.11, -382.37, 0.20946, 4, 8, -184.9, -144.02, 0.85088, 10, -176.48, -282.52, 0.06197, 11, -198.75, -311.41, 0.04267, 12, -132.43, -385.31, 0.04448, 4, 8, -254.93, 20.11, 0.9994, 10, -333.85, -198.41, 4.9E-4, 11, -365.83, -248.76, 1.1E-4, 12, -310.86, -387.27, 1.0E-5, 4, 8, -197.18, 44.75, 0.99978, 10, -304.25, -143.04, 1.8E-4, 11, -343.79, -189.97, 3.0E-5, 12, -311.55, -324.49, 1.0E-5, 1, 8, -128.8, 72.91, 1, 2, 8, 9.44, 132.91, 0.83591, 9, -128.13, 75.63, 0.16409, 2, 8, 71.43, 159.35, 0.57711, 9, -90.29, 131.4, 0.42289, 2, 8, 118.5, 179.44, 0.49167, 9, -61.55, 173.75, 0.50833, 1, 12, 32.51, 22.53, 1, 1, 12, 130.65, 23.6, 1, 1, 8, 1.35, 1.6, 1, 2, 8, 82.84, 3.8, 0.1627, 9, 3.43, 6.72, 0.8373, 2, 9, 58.81, 16.65, 0.79648, 10, -6.26, 16.08, 0.20352, 2, 10, 53.41, 8.6, 0.92231, 11, -9.2, 7.45, 0.07769, 2, 11, 52.58, 12.27, 0.95741, 12, -15.06, 7.32, 0.04259, 4, 8, 250.88, -206.39, 0.00159, 10, 202.34, -58.27, 0.00109, 11, 147.24, -39.22, 0.00493, 12, 91.8, -6.48, 0.9924, 5, 8, 135.23, -204.85, 0.13443, 9, 160.33, -140.46, 0.0028, 10, 111.21, -129.49, 0.13393, 11, 66.28, -121.82, 0.25996, 12, 46.17, -112.76, 0.46888, 5, 8, 80.87, -153.76, 0.27293, 9, 86.97, -126.88, 0.04788, 10, 36.83, -123.7, 0.27362, 11, -8.22, -125.87, 0.22166, 12, -21.83, -143.46, 0.18391, 5, 8, 31.44, -166.71, 0.4418, 9, 52.39, -164.5, 0.03808, 10, 6.4, -164.74, 0.21006, 11, -32.97, -170.57, 0.15359, 12, -28.76, -194.08, 0.15647, 5, 8, 112.8, -166.59, 0.17171, 9, 120.77, -120.41, 0.01969, 10, 69.77, -113.7, 0.23278, 11, 23.12, -111.63, 0.29834, 12, 2.24, -118.85, 0.27749, 2, 8, -18.92, 82.5, 0.9688, 9, -124.72, 17.9, 0.0312, 2, 8, -3.64, 106.32, 0.91168, 9, -124.75, 46.19, 0.08832, 2, 8, 54.13, 111.63, 0.69446, 9, -79.03, 81.91, 0.30554, 2, 8, 40.93, 80.56, 0.81398, 9, -73.33, 48.63, 0.18602, 2, 8, 15.32, 52.33, 0.96565, 9, -79.61, 11.04, 0.03435, 2, 8, 66.1, 136.07, 0.61737, 9, -82.18, 108.93, 0.38263 ],
				"hull": 12
			}
		},
		"diban_": {
			"diban_": { "x": -1.43, "y": -1.47, "width": 640, "height": 262 }
		},
		"eff_huo_00_": {
			"eff_huo_00_": { "y": 59.29, "width": 160, "height": 160 },
			"eff_huo_01_": { "y": 59.29, "width": 160, "height": 160 },
			"eff_huo_02_": { "y": 59.29, "width": 160, "height": 160 },
			"eff_huo_03_": { "y": 59.29, "width": 160, "height": 160 },
			"eff_huo_04_": { "y": 59.29, "width": 160, "height": 160 },
			"eff_huo_05_": { "y": 59.29, "width": 160, "height": 160 },
			"eff_huo_06_": { "y": 59.29, "width": 160, "height": 160 },
			"eff_huo_07_": { "y": 59.29, "width": 160, "height": 160 },
			"eff_huo_08_": { "y": 59.29, "width": 160, "height": 160 },
			"eff_huo_09_": { "y": 59.29, "width": 160, "height": 160 },
			"eff_huo_10_": { "y": 59.29, "width": 160, "height": 160 },
			"eff_huo_11_": { "y": 59.29, "width": 160, "height": 160 },
			"eff_huo_12_": { "y": 59.29, "width": 160, "height": 160 },
			"eff_huo_13_": { "y": 59.29, "width": 160, "height": 160 },
			"eff_huo_14_": { "y": 59.29, "width": 160, "height": 160 },
			"eff_huo_15_": { "y": 59.29, "width": 160, "height": 160 }
		},
		"eff_huo_00_2": {
			"eff_huo_00_": { "y": 59.29, "width": 160, "height": 160 },
			"eff_huo_01_": { "y": 59.29, "width": 160, "height": 160 },
			"eff_huo_02_": { "y": 59.29, "width": 160, "height": 160 },
			"eff_huo_03_": { "y": 59.29, "width": 160, "height": 160 },
			"eff_huo_04_": { "y": 59.29, "width": 160, "height": 160 },
			"eff_huo_05_": { "y": 59.29, "width": 160, "height": 160 },
			"eff_huo_06_": { "y": 59.29, "width": 160, "height": 160 },
			"eff_huo_07_": { "y": 59.29, "width": 160, "height": 160 },
			"eff_huo_08_": { "y": 59.29, "width": 160, "height": 160 },
			"eff_huo_09_": { "y": 59.29, "width": 160, "height": 160 },
			"eff_huo_10_": { "y": 59.29, "width": 160, "height": 160 },
			"eff_huo_11_": { "y": 59.29, "width": 160, "height": 160 },
			"eff_huo_12_": { "y": 59.29, "width": 160, "height": 160 },
			"eff_huo_13_": { "y": 59.29, "width": 160, "height": 160 },
			"eff_huo_14_": { "y": 59.29, "width": 160, "height": 160 },
			"eff_huo_15_": { "y": 59.29, "width": 160, "height": 160 }
		},
		"guagnqiu_": {
			"guagnqiu_": { "x": 109.78, "y": -12.88, "scaleX": 11.092, "scaleY": 5.022, "width": 64, "height": 64 }
		},
		"guagnqiu_2": {
			"nengliqiu_": { "x": 2.71, "y": 74.23, "scaleX": 2.185, "scaleY": 1.063, "width": 22, "height": 22 }
		},
		"guagnqiu_3": {
			"guagnqiu_": {
				"x": -98.56,
				"y": -27.31,
				"scaleX": 16.361,
				"scaleY": 5.907,
				"rotation": -18.59,
				"width": 64,
				"height": 64
			}
		},
		"long_di_": {
			"long_di_": { "x": 8.4, "y": -11.01, "scaleX": 1.25, "scaleY": 1.25, "width": 276, "height": 292 }
		},
		"tx_": {
			"tx_": { "x": -118.2, "y": 46.03, "width": 411, "height": 336 }
		},
		"yinying_": {
			"yinying_": {
				"x": -214.67,
				"y": 64.81,
				"scaleX": -1.8,
				"scaleY": 1.8,
				"rotation": -6.28,
				"width": 193,
				"height": 186
			}
		},
		"zi": {
			"zi1_": { "x": 133.85, "y": 13.88, "width": 317, "height": 67 }
		},
		"zi_add": {
			"zi2_": { "x": 133.85, "y": 13.88, "width": 317, "height": 67 }
		},
		"zi_guang_": {
			"zi_guang_": { "x": 132.04, "y": 12.32, "scaleX": 2, "scaleY": 2, "width": 190, "height": 83 }
		},
		"zi_xian_": {
			"zi_xian_": { "x": 38.76, "y": 17.97, "scaleX": 2, "scaleY": 2, "width": 354, "height": 31 }
		},
		"zi_xian_2": {
			"zi_xian_": { "x": 76.72, "y": -3.44, "scaleX": 2, "scaleY": -1.081, "width": 354, "height": 31 }
		}
	}
},
"events": {
	"animation": {}
},
"animations": {
	"animation": {
		"slots": {
			"2niao_": {
				"color": [
					{ "time": 0, "color": "ffffff00" },
					{ "time": 0.1667, "color": "ffffffff", "curve": "stepped" },
					{ "time": 2, "color": "ffffffff" },
					{ "time": 2.1333, "color": "ffffff00" }
				]
			},
			"diban_": {
				"attachment": [
					{ "time": 0, "name": "diban_" }
				]
			},
			"eff_huo_00_": {
				"color": [
					{ "time": 0, "color": "ffffff00", "curve": "stepped" },
					{ "time": 0.1333, "color": "ffffff00" },
					{ "time": 0.5, "color": "ffffffff", "curve": "stepped" },
					{ "time": 1.7667, "color": "ffffffff" },
					{ "time": 2.0333, "color": "ffffff00" }
				],
				"attachment": [
					{ "time": 0, "name": "eff_huo_00_" },
					{ "time": 0.0667, "name": "eff_huo_01_" },
					{ "time": 0.1333, "name": "eff_huo_02_" },
					{ "time": 0.2, "name": "eff_huo_03_" },
					{ "time": 0.2667, "name": "eff_huo_04_" },
					{ "time": 0.3333, "name": "eff_huo_05_" },
					{ "time": 0.4, "name": "eff_huo_06_" },
					{ "time": 0.4667, "name": "eff_huo_07_" },
					{ "time": 0.5333, "name": "eff_huo_08_" },
					{ "time": 0.6, "name": "eff_huo_09_" },
					{ "time": 0.6667, "name": "eff_huo_10_" },
					{ "time": 0.7333, "name": "eff_huo_11_" },
					{ "time": 0.8, "name": "eff_huo_12_" },
					{ "time": 0.8667, "name": "eff_huo_13_" },
					{ "time": 0.9333, "name": "eff_huo_14_" },
					{ "time": 1, "name": "eff_huo_15_" },
					{ "time": 1.0667, "name": "eff_huo_00_" },
					{ "time": 1.1333, "name": "eff_huo_01_" },
					{ "time": 1.2, "name": "eff_huo_02_" },
					{ "time": 1.2667, "name": "eff_huo_03_" },
					{ "time": 1.3333, "name": "eff_huo_04_" },
					{ "time": 1.4, "name": "eff_huo_05_" },
					{ "time": 1.4667, "name": "eff_huo_06_" },
					{ "time": 1.5333, "name": "eff_huo_07_" },
					{ "time": 1.6, "name": "eff_huo_08_" },
					{ "time": 1.6667, "name": "eff_huo_09_" },
					{ "time": 1.7333, "name": "eff_huo_10_" },
					{ "time": 1.8, "name": "eff_huo_11_" },
					{ "time": 1.8667, "name": "eff_huo_12_" },
					{ "time": 1.9333, "name": "eff_huo_13_" },
					{ "time": 2, "name": "eff_huo_14_" },
					{ "time": 2.0667, "name": "eff_huo_15_" },
					{ "time": 2.1333, "name": "eff_huo_00_" }
				]
			},
			"eff_huo_00_2": {
				"color": [
					{ "time": 0, "color": "ffffff00", "curve": "stepped" },
					{ "time": 0.1333, "color": "ffffff00" },
					{ "time": 0.3333, "color": "ffffffff", "curve": "stepped" },
					{ "time": 1.6, "color": "ffffffff" },
					{ "time": 2, "color": "ffffff00" }
				],
				"attachment": [
					{ "time": 0.1333, "name": "eff_huo_08_" },
					{ "time": 0.2, "name": "eff_huo_09_" },
					{ "time": 0.2333, "name": "eff_huo_10_" },
					{ "time": 0.3, "name": "eff_huo_11_" },
					{ "time": 0.3667, "name": "eff_huo_12_" },
					{ "time": 0.4333, "name": "eff_huo_13_" },
					{ "time": 0.4667, "name": "eff_huo_14_" },
					{ "time": 0.5333, "name": "eff_huo_15_" },
					{ "time": 0.6, "name": "eff_huo_00_" },
					{ "time": 0.6333, "name": "eff_huo_01_" },
					{ "time": 0.7, "name": "eff_huo_02_" },
					{ "time": 0.7667, "name": "eff_huo_03_" },
					{ "time": 0.8333, "name": "eff_huo_04_" },
					{ "time": 0.8667, "name": "eff_huo_05_" },
					{ "time": 0.9333, "name": "eff_huo_06_" },
					{ "time": 1, "name": "eff_huo_07_" },
					{ "time": 1.0333, "name": "eff_huo_08_" },
					{ "time": 1.1, "name": "eff_huo_09_" },
					{ "time": 1.1667, "name": "eff_huo_10_" },
					{ "time": 1.2333, "name": "eff_huo_11_" },
					{ "time": 1.2667, "name": "eff_huo_12_" },
					{ "time": 1.3333, "name": "eff_huo_13_" },
					{ "time": 1.4, "name": "eff_huo_14_" },
					{ "time": 1.4333, "name": "eff_huo_15_" },
					{ "time": 1.5, "name": "eff_huo_00_" },
					{ "time": 1.5667, "name": "eff_huo_01_" },
					{ "time": 1.6, "name": "eff_huo_02_" },
					{ "time": 1.6667, "name": "eff_huo_03_" },
					{ "time": 1.7333, "name": "eff_huo_04_" },
					{ "time": 1.7667, "name": "eff_huo_05_" },
					{ "time": 1.8333, "name": "eff_huo_06_" },
					{ "time": 1.9, "name": "eff_huo_07_" },
					{ "time": 1.9667, "name": "eff_huo_08_" },
					{ "time": 2.0333, "name": "eff_huo_09_" },
					{ "time": 2.1, "name": "eff_huo_10_" }
				]
			},
			"guagnqiu_": {
				"color": [
					{ "time": 0, "color": "52000000", "curve": "stepped" },
					{ "time": 0.1667, "color": "52000000" },
					{
						"time": 0.5,
						"color": "710000ff",
						"curve": [ 0.25, 0, 0.75, 1 ]
					},
					{
						"time": 0.8333,
						"color": "52000000",
						"curve": [ 0.25, 0, 0.75, 1 ]
					},
					{
						"time": 1.1667,
						"color": "710000ff",
						"curve": [ 0.25, 0, 0.75, 1 ]
					},
					{
						"time": 1.5,
						"color": "52000000",
						"curve": [ 0.25, 0, 0.75, 1 ]
					},
					{
						"time": 1.8333,
						"color": "710000ff",
						"curve": [ 0.25, 0, 0.75, 1 ]
					},
					{ "time": 2, "color": "5d00005f" },
					{ "time": 2.1, "color": "52000000" }
				],
				"attachment": [
					{ "time": 0, "name": "guagnqiu_" }
				]
			},
			"guagnqiu_2": {
				"color": [
					{ "time": 0, "color": "1b8cff00", "curve": "stepped" },
					{ "time": 0.1, "color": "1b8cff00" },
					{ "time": 0.2, "color": "1c8cffff" },
					{ "time": 0.6333, "color": "1b8cff84" },
					{ "time": 1.1, "color": "1c8cffff" },
					{ "time": 1.5333, "color": "1b8cff84" },
					{ "time": 2, "color": "1c8cffff" },
					{ "time": 2.1333, "color": "1b8cff00" }
				],
				"attachment": [
					{ "time": 0, "name": "nengliqiu_" }
				]
			},
			"guagnqiu_3": {
				"color": [
					{ "time": 0, "color": "a5000000", "curve": "stepped" },
					{ "time": 0.1667, "color": "a5000000" },
					{ "time": 1.0333, "color": "a50000ac" },
					{ "time": 2.1, "color": "a5000000" }
				],
				"attachment": [
					{ "time": 0, "name": "guagnqiu_" }
				]
			},
			"long_di_": {
				"color": [
					{ "time": 0.1, "color": "ffffff00" },
					{ "time": 0.2667, "color": "ffffffff", "curve": "stepped" },
					{ "time": 1.8, "color": "ffffffff" },
					{ "time": 2, "color": "ffffff00" }
				],
				"attachment": [
					{ "time": 0, "name": null },
					{ "time": 0.1, "name": "long_di_" }
				]
			},
			"tx_": {
				"color": [
					{ "time": 0, "color": "ffffff00", "curve": "stepped" },
					{ "time": 0.0667, "color": "ffffff00" },
					{ "time": 0.7333, "color": "ffffffff", "curve": "stepped" },
					{ "time": 1.5, "color": "ffffffff" },
					{ "time": 2, "color": "ffffff00" }
				],
				"attachment": [
					{ "time": 0, "name": "tx_" }
				]
			},
			"yinying_": {
				"color": [
					{ "time": 0, "color": "ffffff00", "curve": "stepped" },
					{ "time": 0.1667, "color": "ffffff00" },
					{ "time": 0.2333, "color": "ffffffff", "curve": "stepped" },
					{ "time": 1.8333, "color": "ffffffff" },
					{ "time": 2, "color": "ffffff00" }
				]
			},
			"zi": {
				"color": [
					{ "time": 0, "color": "ffffff00", "curve": "stepped" },
					{ "time": 0.1667, "color": "ffffff00" },
					{ "time": 1.1667, "color": "ffffffff", "curve": "stepped" },
					{ "time": 2, "color": "ffffffff" },
					{ "time": 2.1667, "color": "ffffff00" }
				]
			},
			"zi_add": {
				"color": [
					{ "time": 0, "color": "ffffff00", "curve": "stepped" },
					{ "time": 0.1667, "color": "ffffff00" },
					{ "time": 0.3333, "color": "ffffffff" },
					{ "time": 0.5667, "color": "4f0000ff" },
					{ "time": 0.8, "color": "ffffffff" },
					{ "time": 1.0333, "color": "4f0000ff" },
					{ "time": 1.2667, "color": "ffffffff" },
					{ "time": 1.5, "color": "4f0000ff" },
					{ "time": 1.7333, "color": "ffffffff" },
					{ "time": 1.9667, "color": "4f0000ff" },
					{ "time": 2.1667, "color": "ffffff00" }
				]
			},
			"zi_guang_": {
				"color": [
					{ "time": 0, "color": "55000000", "curve": "stepped" },
					{ "time": 0.1667, "color": "55000000" },
					{
						"time": 0.3333,
						"color": "ff0000bb",
						"curve": [ 0.25, 0, 0.75, 1 ]
					},
					{
						"time": 0.8333,
						"color": "9b000000",
						"curve": [ 0.25, 0, 0.75, 1 ]
					},
					{
						"time": 1.1667,
						"color": "ff0000a9",
						"curve": [ 0.25, 0, 0.75, 1 ]
					},
					{
						"time": 1.5,
						"color": "9b000000",
						"curve": [ 0.25, 0, 0.75, 1 ]
					},
					{
						"time": 1.8333,
						"color": "ff0000a9",
						"curve": [ 0.25, 0, 0.75, 1 ]
					},
					{ "time": 2, "color": "cd000054" },
					{ "time": 2.1667, "color": "9b000000" }
				],
				"attachment": [
					{ "time": 0, "name": "zi_guang_" }
				]
			},
			"zi_xian_": {
				"color": [
					{ "time": 0, "color": "ffffff00", "curve": "stepped" },
					{ "time": 0.1667, "color": "ffffff00" },
					{ "time": 0.2333, "color": "ffffffff", "curve": "stepped" },
					{ "time": 0.3333, "color": "ffffffff" },
					{ "time": 0.6, "color": "ffffff00" }
				]
			},
			"zi_xian_2": {
				"color": [
					{ "time": 0, "color": "ffffff00", "curve": "stepped" },
					{ "time": 0.1667, "color": "ffffff00" },
					{ "time": 0.3, "color": "ffffffff" },
					{ "time": 0.5667, "color": "ffffff00" }
				],
				"attachment": [
					{ "time": 0, "name": "zi_xian_" }
				]
			}
		},
		"bones": {
			"4_niao": {
				"rotate": [
					{
						"time": 0.0667,
						"angle": -3.18,
						"curve": [ 0.25, 0, 0.75, 1 ]
					},
					{ "time": 2.1667, "angle": 0 }
				],
				"translate": [
					{ "time": 0, "x": -298.68, "y": 0, "curve": "stepped" },
					{ "time": 0.0667, "x": -298.68, "y": 0 },
					{
						"time": 0.2,
						"x": -5.42,
						"y": 0,
						"curve": [ 0.25, 0, 0.75, 1 ]
					},
					{
						"time": 0.8333,
						"x": 5.22,
						"y": 12.4,
						"curve": [ 0.183, 0.13, 0.95, 0.87 ]
					},
					{ "time": 2.1667, "x": 0, "y": 0 }
				]
			},
			"1_ban": {
				"scale": [
					{
						"time": 0,
						"x": 1,
						"y": 0,
						"curve": [ 0.25, 0, 0.75, 1 ]
					},
					{ "time": 0.1667, "x": 1, "y": 1, "curve": "stepped" },
					{ "time": 2, "x": 1, "y": 1 },
					{ "time": 2.1333, "x": 1, "y": 0.02 },
					{ "time": 2.1667, "x": 1, "y": 0 }
				]
			},
			"2_zi_boss": {
				"translate": [
					{ "time": 0, "x": 396.65, "y": 0, "curve": "stepped" },
					{
						"time": 0.1667,
						"x": 396.65,
						"y": 0,
						"curve": [ 0.25, 0, 0.75, 1 ]
					},
					{ "time": 0.2333, "x": 0, "y": 0, "curve": "stepped" },
					{ "time": 2, "x": 0, "y": 0 },
					{ "time": 2.1667, "x": 0, "y": -79.83 }
				],
				"scale": [
					{
						"time": 0.1667,
						"x": 1.425,
						"y": 1,
						"curve": [ 0.25, 0, 0.75, 1 ]
					},
					{ "time": 0.3333, "x": 1, "y": 1 }
				]
			},
			"zi_xian_2": {
				"translate": [
					{ "time": 0.1667, "x": -118.58, "y": 0 },
					{ "time": 0.7333, "x": 495.87, "y": 0 }
				]
			},
			"4_niao3": {
				"rotate": [
					{
						"time": 0,
						"angle": 0,
						"curve": [ 0.25, 0, 0.75, 1 ]
					},
					{
						"time": 0.5,
						"angle": 2.74,
						"curve": [ 0.25, 0, 0.75, 1 ]
					},
					{
						"time": 1.4667,
						"angle": -2.08,
						"curve": [ 0.25, 0, 0.75, 1 ]
					},
					{ "time": 2.1667, "angle": 0 }
				]
			},
			"4_niao4": {
				"rotate": [
					{
						"time": 0,
						"angle": -0.36,
						"curve": [ 0.378, 0.6, 0.722, 1 ]
					},
					{
						"time": 0.1667,
						"angle": 0,
						"curve": [ 0.25, 0, 0.75, 1 ]
					},
					{
						"time": 0.6667,
						"angle": 2.74,
						"curve": [ 0.25, 0, 0.75, 1 ]
					},
					{
						"time": 1.6333,
						"angle": -2.08,
						"curve": [ 0.242, 0, 0.67, 0.68 ]
					},
					{ "time": 2.1667, "angle": -0.36 }
				]
			},
			"4_niao5": {
				"rotate": [
					{
						"time": 0,
						"angle": -0.97,
						"curve": [ 0.377, 0.51, 0.748, 1 ]
					},
					{
						"time": 0.3333,
						"angle": 0,
						"curve": [ 0.25, 0, 0.75, 1 ]
					},
					{
						"time": 0.8333,
						"angle": 2.74,
						"curve": [ 0.25, 0, 0.75, 1 ]
					},
					{
						"time": 1.8,
						"angle": -2.08,
						"curve": [ 0.249, 0, 0.627, 0.51 ]
					},
					{ "time": 2.1667, "angle": -0.97 }
				]
			},
			"4_niao6": {
				"rotate": [
					{
						"time": 0,
						"angle": -1.61,
						"curve": [ 0.342, 0.36, 0.757, 1 ]
					},
					{
						"time": 0.5,
						"angle": 0,
						"curve": [ 0.25, 0, 0.75, 1 ]
					},
					{
						"time": 1,
						"angle": 2.74,
						"curve": [ 0.25, 0, 0.75, 1 ]
					},
					{
						"time": 1.9667,
						"angle": -2.08,
						"curve": [ 0.271, 0, 0.619, 0.41 ]
					},
					{ "time": 2.1667, "angle": -1.61 }
				]
			},
			"mo": {
				"scale": [
					{
						"time": 0.1,
						"x": 0.956,
						"y": 0.956,
						"curve": [ 0.25, 0, 0.75, 1 ]
					},
					{ "time": 0.4333, "x": 1, "y": 1 }
				]
			}
		},
		"events": [
			{ "time": 0.1667, "name": "animation" }
		]
	}
}
}