{"skeleton":{"hash":"HSSFxBGVqwDjpL24Biptn4YSDa8","spine":"3.7.94","width":0,"height":0,"images":"./images/","audio":"E:/【COK】/【兵种-行军队列】/行军队列—斋月-spine提交"},"bones":[{"name":"root"},{"name":"ctr_0","parent":"root"},{"name":"a_walk_0_","parent":"ctr_0","scaleX":1.25,"scaleY":1.25},{"name":"ctr_1","parent":"root"},{"name":"a_walk_1_","parent":"ctr_1"},{"name":"ctr_2","parent":"root"},{"name":"a_walk_2_","parent":"ctr_2"},{"name":"ctr_5","parent":"root"},{"name":"a_walk_5_","parent":"ctr_5"},{"name":"ctr_6","parent":"root"},{"name":"a_walk_6_","parent":"ctr_6"},{"name":"yz","parent":"root"},{"name":"yz_0_","parent":"yz"}],"slots":[{"name":"yz_0_","bone":"yz_0_"},{"name":"a_walk_0_","bone":"a_walk_0_"},{"name":"a_walk_1_","bone":"a_walk_1_"},{"name":"a_walk_2_","bone":"a_walk_2_"},{"name":"a_walk_5_","bone":"a_walk_5_"},{"name":"a_walk_6_","bone":"a_walk_6_"}],"skins":{"default":{"a_walk_0_":{"a_walk_0_01_":{"width":480,"height":480},"a_walk_0_02_":{"width":480,"height":480},"a_walk_0_03_":{"width":480,"height":480},"a_walk_0_04_":{"width":480,"height":480},"a_walk_0_05_":{"width":480,"height":480},"a_walk_0_06_":{"width":480,"height":480},"a_walk_0_07_":{"width":480,"height":480},"a_walk_0_08_":{"width":480,"height":480},"a_walk_0_09_":{"width":480,"height":480},"a_walk_0_10_":{"width":480,"height":480},"a_walk_0_11_":{"width":480,"height":480},"a_walk_0_12_":{"width":480,"height":480},"a_walk_0_13_":{"width":480,"height":480},"a_walk_0_14_":{"width":480,"height":480},"a_walk_0_15_":{"width":480,"height":480},"a_walk_0_16_":{"width":480,"height":480},"a_walk_0_17_":{"width":480,"height":480},"a_walk_0_18_":{"width":480,"height":480},"a_walk_0_19_":{"width":480,"height":480},"a_walk_0_20_":{"width":480,"height":480},"a_walk_0_21_":{"width":480,"height":480},"a_walk_0_22_":{"width":480,"height":480},"a_walk_0_23_":{"width":480,"height":480},"a_walk_0_24_":{"width":480,"height":480},"a_walk_0_25_":{"width":480,"height":480}},"a_walk_1_":{"a_walk_1_01_":{"width":480,"height":480},"a_walk_1_02_":{"width":480,"height":480},"a_walk_1_03_":{"width":480,"height":480},"a_walk_1_04_":{"width":480,"height":480},"a_walk_1_05_":{"width":480,"height":480},"a_walk_1_06_":{"width":480,"height":480},"a_walk_1_07_":{"width":480,"height":480},"a_walk_1_08_":{"width":480,"height":480},"a_walk_1_09_":{"width":480,"height":480},"a_walk_1_10_":{"width":480,"height":480},"a_walk_1_11_":{"width":480,"height":480},"a_walk_1_12_":{"width":480,"height":480},"a_walk_1_13_":{"width":480,"height":480},"a_walk_1_14_":{"width":480,"height":480},"a_walk_1_15_":{"width":480,"height":480},"a_walk_1_16_":{"width":480,"height":480},"a_walk_1_17_":{"width":480,"height":480},"a_walk_1_18_":{"width":480,"height":480},"a_walk_1_19_":{"width":480,"height":480},"a_walk_1_20_":{"width":480,"height":480},"a_walk_1_21_":{"width":480,"height":480},"a_walk_1_22_":{"width":480,"height":480},"a_walk_1_23_":{"width":480,"height":480},"a_walk_1_24_":{"width":480,"height":480},"a_walk_1_25_":{"width":480,"height":480}},"a_walk_2_":{"a_walk_2_01_":{"width":480,"height":480},"a_walk_2_02_":{"width":480,"height":480},"a_walk_2_03_":{"width":480,"height":480},"a_walk_2_04_":{"width":480,"height":480},"a_walk_2_05_":{"width":480,"height":480},"a_walk_2_06_":{"width":480,"height":480},"a_walk_2_07_":{"width":480,"height":480},"a_walk_2_08_":{"width":480,"height":480},"a_walk_2_09_":{"width":480,"height":480},"a_walk_2_10_":{"width":480,"height":480},"a_walk_2_11_":{"width":480,"height":480},"a_walk_2_12_":{"width":480,"height":480},"a_walk_2_13_":{"width":480,"height":480},"a_walk_2_14_":{"width":480,"height":480},"a_walk_2_15_":{"width":480,"height":480},"a_walk_2_16_":{"width":480,"height":480},"a_walk_2_17_":{"width":480,"height":480},"a_walk_2_18_":{"width":480,"height":480},"a_walk_2_19_":{"width":480,"height":480},"a_walk_2_20_":{"width":480,"height":480},"a_walk_2_21_":{"width":480,"height":480},"a_walk_2_22_":{"width":480,"height":480},"a_walk_2_23_":{"width":480,"height":480},"a_walk_2_24_":{"width":480,"height":480},"a_walk_2_25_":{"width":480,"height":480}},"a_walk_5_":{"a_walk_5_01_":{"width":480,"height":480},"a_walk_5_02_":{"width":480,"height":480},"a_walk_5_03_":{"width":480,"height":480},"a_walk_5_04_":{"width":480,"height":480},"a_walk_5_05_":{"width":480,"height":480},"a_walk_5_06_":{"width":480,"height":480},"a_walk_5_07_":{"width":480,"height":480},"a_walk_5_08_":{"width":480,"height":480},"a_walk_5_09_":{"width":480,"height":480},"a_walk_5_10_":{"width":480,"height":480},"a_walk_5_11_":{"width":480,"height":480},"a_walk_5_12_":{"width":480,"height":480},"a_walk_5_13_":{"width":480,"height":480},"a_walk_5_14_":{"width":480,"height":480},"a_walk_5_15_":{"width":480,"height":480},"a_walk_5_16_":{"width":480,"height":480},"a_walk_5_17_":{"width":480,"height":480},"a_walk_5_18_":{"width":480,"height":480},"a_walk_5_19_":{"width":480,"height":480},"a_walk_5_20_":{"width":480,"height":480},"a_walk_5_21_":{"width":480,"height":480},"a_walk_5_22_":{"width":480,"height":480},"a_walk_5_23_":{"width":480,"height":480},"a_walk_5_24_":{"width":480,"height":480},"a_walk_5_25_":{"width":480,"height":480}},"a_walk_6_":{"a_walk_6_01_":{"width":480,"height":480},"a_walk_6_02_":{"width":480,"height":480},"a_walk_6_03_":{"width":480,"height":480},"a_walk_6_04_":{"width":480,"height":480},"a_walk_6_05_":{"width":480,"height":480},"a_walk_6_06_":{"width":480,"height":480},"a_walk_6_07_":{"width":480,"height":480},"a_walk_6_08_":{"width":480,"height":480},"a_walk_6_09_":{"width":480,"height":480},"a_walk_6_10_":{"width":480,"height":480},"a_walk_6_11_":{"width":480,"height":480},"a_walk_6_12_":{"width":480,"height":480},"a_walk_6_13_":{"width":480,"height":480},"a_walk_6_14_":{"width":480,"height":480},"a_walk_6_15_":{"width":480,"height":480},"a_walk_6_16_":{"width":480,"height":480},"a_walk_6_17_":{"width":480,"height":480},"a_walk_6_18_":{"width":480,"height":480},"a_walk_6_19_":{"width":480,"height":480},"a_walk_6_20_":{"width":480,"height":480},"a_walk_6_21_":{"width":480,"height":480},"a_walk_6_22_":{"width":480,"height":480},"a_walk_6_23_":{"width":480,"height":480},"a_walk_6_24_":{"width":480,"height":480},"a_walk_6_25_":{"width":480,"height":480}},"yz_0_":{"yz_0_":{"color":"ffffff94","x":0.5,"y":0.5,"width":85,"height":85}}}},"animations":{"walk_0":{"slots":{"a_walk_0_":{"attachment":[{"time":0,"name":"a_walk_0_01_"},{"time":0.1,"name":"a_walk_0_02_"},{"time":0.2,"name":"a_walk_0_03_"},{"time":0.3,"name":"a_walk_0_04_"},{"time":0.4,"name":"a_walk_0_05_"},{"time":0.5,"name":"a_walk_0_06_"},{"time":0.6,"name":"a_walk_0_07_"},{"time":0.7,"name":"a_walk_0_08_"},{"time":0.8,"name":"a_walk_0_09_"},{"time":0.9,"name":"a_walk_0_10_"},{"time":1,"name":"a_walk_0_11_"},{"time":1.1,"name":"a_walk_0_12_"},{"time":1.2,"name":"a_walk_0_13_"},{"time":1.3,"name":"a_walk_0_14_"},{"time":1.4,"name":"a_walk_0_15_"},{"time":1.5,"name":"a_walk_0_16_"},{"time":1.6,"name":"a_walk_0_17_"},{"time":1.7,"name":"a_walk_0_18_"},{"time":1.8,"name":"a_walk_0_19_"},{"time":1.9,"name":"a_walk_0_20_"},{"time":2,"name":"a_walk_0_21_"},{"time":2.1,"name":"a_walk_0_22_"},{"time":2.2,"name":"a_walk_0_23_"},{"time":2.3,"name":"a_walk_0_24_"},{"time":2.4,"name":"a_walk_0_25_"}]},"yz_0_":{"attachment":[{"time":0,"name":"yz_0_"}]}},"bones":{"a_walk_0_":{"translate":[{"time":0,"x":-8.65,"y":47.96}]},"yz_0_":{"translate":[{"time":0,"x":1,"y":1}]}}},"walk_1":{"slots":{"a_walk_1_":{"attachment":[{"time":0,"name":"a_walk_1_01_"},{"time":0.1,"name":"a_walk_1_02_"},{"time":0.2,"name":"a_walk_1_03_"},{"time":0.3,"name":"a_walk_1_04_"},{"time":0.4,"name":"a_walk_1_05_"},{"time":0.5,"name":"a_walk_1_06_"},{"time":0.6,"name":"a_walk_1_07_"},{"time":0.7,"name":"a_walk_1_08_"},{"time":0.8,"name":"a_walk_1_09_"},{"time":0.9,"name":"a_walk_1_10_"},{"time":1,"name":"a_walk_1_11_"},{"time":1.1,"name":"a_walk_1_12_"},{"time":1.2,"name":"a_walk_1_13_"},{"time":1.3,"name":"a_walk_1_14_"},{"time":1.4,"name":"a_walk_1_15_"},{"time":1.5,"name":"a_walk_1_16_"},{"time":1.6,"name":"a_walk_1_17_"},{"time":1.7,"name":"a_walk_1_18_"},{"time":1.8,"name":"a_walk_1_19_"},{"time":1.9,"name":"a_walk_1_20_"},{"time":2,"name":"a_walk_1_21_"},{"time":2.1,"name":"a_walk_1_22_"},{"time":2.2,"name":"a_walk_1_23_"},{"time":2.3,"name":"a_walk_1_24_"},{"time":2.4,"name":"a_walk_1_25_"}]},"yz_0_":{"attachment":[{"time":0,"name":"yz_0_"}]}},"bones":{"a_walk_1_":{"translate":[{"time":0,"x":-4.94,"y":43.01}]},"yz_0_":{"translate":[{"time":0,"x":1.41,"y":0}]},"yz":{"rotate":[{"time":0,"angle":45}]}}},"walk_2":{"slots":{"a_walk_2_":{"attachment":[{"time":0,"name":"a_walk_2_01_"},{"time":0.1,"name":"a_walk_2_02_"},{"time":0.2,"name":"a_walk_2_03_"},{"time":0.3,"name":"a_walk_2_04_"},{"time":0.4,"name":"a_walk_2_05_"},{"time":0.5,"name":"a_walk_2_06_"},{"time":0.6,"name":"a_walk_2_07_"},{"time":0.7,"name":"a_walk_2_08_"},{"time":0.8,"name":"a_walk_2_09_"},{"time":0.9,"name":"a_walk_2_10_"},{"time":1,"name":"a_walk_2_11_"},{"time":1.1,"name":"a_walk_2_12_"},{"time":1.2,"name":"a_walk_2_13_"},{"time":1.3,"name":"a_walk_2_14_"},{"time":1.4,"name":"a_walk_2_15_"},{"time":1.5,"name":"a_walk_2_16_"},{"time":1.6,"name":"a_walk_2_17_"},{"time":1.7,"name":"a_walk_2_18_"},{"time":1.8,"name":"a_walk_2_19_"},{"time":1.9,"name":"a_walk_2_20_"},{"time":2,"name":"a_walk_2_21_"},{"time":2.1,"name":"a_walk_2_22_"},{"time":2.2,"name":"a_walk_2_23_"},{"time":2.3,"name":"a_walk_2_24_"},{"time":2.4,"name":"a_walk_2_25_"}]},"yz_0_":{"attachment":[{"time":0,"name":"yz_0_"}]}},"bones":{"a_walk_2_":{"translate":[{"time":0,"x":-4.94,"y":43.26}]},"yz_0_":{"translate":[{"time":0,"x":1,"y":1}]}}},"walk_3":{"slots":{"a_walk_1_":{"attachment":[{"time":0,"name":"a_walk_1_01_"},{"time":0.1,"name":"a_walk_1_02_"},{"time":0.2,"name":"a_walk_1_03_"},{"time":0.3,"name":"a_walk_1_04_"},{"time":0.4,"name":"a_walk_1_05_"},{"time":0.5,"name":"a_walk_1_06_"},{"time":0.6,"name":"a_walk_1_07_"},{"time":0.7,"name":"a_walk_1_08_"},{"time":0.8,"name":"a_walk_1_09_"},{"time":0.9,"name":"a_walk_1_10_"},{"time":1,"name":"a_walk_1_11_"},{"time":1.1,"name":"a_walk_1_12_"},{"time":1.2,"name":"a_walk_1_13_"},{"time":1.3,"name":"a_walk_1_14_"},{"time":1.4,"name":"a_walk_1_15_"},{"time":1.5,"name":"a_walk_1_16_"},{"time":1.6,"name":"a_walk_1_17_"},{"time":1.7,"name":"a_walk_1_18_"},{"time":1.8,"name":"a_walk_1_19_"},{"time":1.9,"name":"a_walk_1_20_"},{"time":2,"name":"a_walk_1_21_"},{"time":2.1,"name":"a_walk_1_22_"},{"time":2.2,"name":"a_walk_1_23_"},{"time":2.3,"name":"a_walk_1_24_"},{"time":2.4,"name":"a_walk_1_25_"}]},"yz_0_":{"attachment":[{"time":0,"name":"yz_0_"}]}},"bones":{"yz_0_":{"translate":[{"time":0,"x":0,"y":1.41}]},"yz":{"rotate":[{"time":0,"angle":45}]},"root":{"scale":[{"time":0,"x":-1,"y":1}]},"a_walk_1_":{"translate":[{"time":0,"x":-4.94,"y":43.01}]}}},"walk_4":{"slots":{"a_walk_0_":{"attachment":[{"time":0,"name":"a_walk_0_01_"},{"time":0.1,"name":"a_walk_0_02_"},{"time":0.2,"name":"a_walk_0_03_"},{"time":0.3,"name":"a_walk_0_04_"},{"time":0.4,"name":"a_walk_0_05_"},{"time":0.5,"name":"a_walk_0_06_"},{"time":0.6,"name":"a_walk_0_07_"},{"time":0.7,"name":"a_walk_0_08_"},{"time":0.8,"name":"a_walk_0_09_"},{"time":0.9,"name":"a_walk_0_10_"},{"time":1,"name":"a_walk_0_11_"},{"time":1.1,"name":"a_walk_0_12_"},{"time":1.2,"name":"a_walk_0_13_"},{"time":1.3,"name":"a_walk_0_14_"},{"time":1.4,"name":"a_walk_0_15_"},{"time":1.5,"name":"a_walk_0_16_"},{"time":1.6,"name":"a_walk_0_17_"},{"time":1.7,"name":"a_walk_0_18_"},{"time":1.8,"name":"a_walk_0_19_"},{"time":1.9,"name":"a_walk_0_20_"},{"time":2,"name":"a_walk_0_21_"},{"time":2.1,"name":"a_walk_0_22_"},{"time":2.2,"name":"a_walk_0_23_"},{"time":2.3,"name":"a_walk_0_24_"},{"time":2.4,"name":"a_walk_0_25_"}]},"yz_0_":{"attachment":[{"time":0,"name":"yz_0_"}]}},"bones":{"yz_0_":{"translate":[{"time":0,"x":-1,"y":1}]},"root":{"scale":[{"time":0,"x":-1,"y":1}]},"a_walk_0_":{"translate":[{"time":0,"x":-8.65,"y":47.96}]}}},"walk_5":{"slots":{"a_walk_5_":{"attachment":[{"time":0,"name":"a_walk_5_01_"},{"time":0.1,"name":"a_walk_5_02_"},{"time":0.2,"name":"a_walk_5_03_"},{"time":0.3,"name":"a_walk_5_04_"},{"time":0.4,"name":"a_walk_5_05_"},{"time":0.5,"name":"a_walk_5_06_"},{"time":0.6,"name":"a_walk_5_07_"},{"time":0.7,"name":"a_walk_5_08_"},{"time":0.8,"name":"a_walk_5_09_"},{"time":0.9,"name":"a_walk_5_10_"},{"time":1,"name":"a_walk_5_11_"},{"time":1.1,"name":"a_walk_5_12_"},{"time":1.2,"name":"a_walk_5_13_"},{"time":1.3,"name":"a_walk_5_14_"},{"time":1.4,"name":"a_walk_5_15_"},{"time":1.5,"name":"a_walk_5_16_"},{"time":1.6,"name":"a_walk_5_17_"},{"time":1.7,"name":"a_walk_5_18_"},{"time":1.8,"name":"a_walk_5_19_"},{"time":1.9,"name":"a_walk_5_20_"},{"time":2,"name":"a_walk_5_21_"},{"time":2.1,"name":"a_walk_5_22_"},{"time":2.2,"name":"a_walk_5_23_"},{"time":2.3,"name":"a_walk_5_24_"},{"time":2.4,"name":"a_walk_5_25_"}]},"yz_0_":{"attachment":[{"time":0,"name":"yz_0_"}]}},"bones":{"a_walk_5_":{"translate":[{"time":0,"x":0,"y":46.97}]},"yz_0_":{"rotate":[{"time":0,"angle":-6.47}],"translate":[{"time":0,"x":1.41,"y":0}]},"yz":{"rotate":[{"time":0,"angle":45}]}}},"walk_6":{"slots":{"a_walk_6_":{"attachment":[{"time":0,"name":"a_walk_6_01_"},{"time":0.1,"name":"a_walk_6_02_"},{"time":0.2,"name":"a_walk_6_03_"},{"time":0.3,"name":"a_walk_6_04_"},{"time":0.4,"name":"a_walk_6_05_"},{"time":0.5,"name":"a_walk_6_06_"},{"time":0.6,"name":"a_walk_6_07_"},{"time":0.7,"name":"a_walk_6_08_"},{"time":0.8,"name":"a_walk_6_09_"},{"time":0.9,"name":"a_walk_6_10_"},{"time":1,"name":"a_walk_6_11_"},{"time":1.1,"name":"a_walk_6_12_"},{"time":1.2,"name":"a_walk_6_13_"},{"time":1.3,"name":"a_walk_6_14_"},{"time":1.4,"name":"a_walk_6_15_"},{"time":1.5,"name":"a_walk_6_16_"},{"time":1.6,"name":"a_walk_6_17_"},{"time":1.7,"name":"a_walk_6_18_"},{"time":1.8,"name":"a_walk_6_19_"},{"time":1.9,"name":"a_walk_6_20_"},{"time":2,"name":"a_walk_6_21_"},{"time":2.1,"name":"a_walk_6_22_"},{"time":2.2,"name":"a_walk_6_23_"},{"time":2.3,"name":"a_walk_6_24_"},{"time":2.4,"name":"a_walk_6_25_"}]},"yz_0_":{"attachment":[{"time":0,"name":"yz_0_"}]}},"bones":{"a_walk_6_":{"translate":[{"time":0,"x":-9.65,"y":43.26}]},"yz_0_":{"translate":[{"time":0,"x":1,"y":1}]}}},"walk_7":{"slots":{"a_walk_5_":{"attachment":[{"time":0,"name":"a_walk_5_01_"},{"time":0.1,"name":"a_walk_5_02_"},{"time":0.2,"name":"a_walk_5_03_"},{"time":0.3,"name":"a_walk_5_04_"},{"time":0.4,"name":"a_walk_5_05_"},{"time":0.5,"name":"a_walk_5_06_"},{"time":0.6,"name":"a_walk_5_07_"},{"time":0.7,"name":"a_walk_5_08_"},{"time":0.8,"name":"a_walk_5_09_"},{"time":0.9,"name":"a_walk_5_10_"},{"time":1,"name":"a_walk_5_11_"},{"time":1.1,"name":"a_walk_5_12_"},{"time":1.2,"name":"a_walk_5_13_"},{"time":1.3,"name":"a_walk_5_14_"},{"time":1.4,"name":"a_walk_5_15_"},{"time":1.5,"name":"a_walk_5_16_"},{"time":1.6,"name":"a_walk_5_17_"},{"time":1.7,"name":"a_walk_5_18_"},{"time":1.8,"name":"a_walk_5_19_"},{"time":1.9,"name":"a_walk_5_20_"},{"time":2,"name":"a_walk_5_21_"},{"time":2.1,"name":"a_walk_5_22_"},{"time":2.2,"name":"a_walk_5_23_"},{"time":2.3,"name":"a_walk_5_24_"},{"time":2.4,"name":"a_walk_5_25_"}]},"yz_0_":{"attachment":[{"time":0,"name":"yz_0_"}]}},"bones":{"yz_0_":{"rotate":[{"time":0,"angle":-2.65}],"translate":[{"time":0,"x":0,"y":1.41}]},"yz":{"rotate":[{"time":0,"angle":45}]},"root":{"scale":[{"time":0,"x":-1,"y":1}]},"a_walk_5_":{"translate":[{"time":0,"x":0,"y":46.97}]}}}}}