{
"skeleton": { "hash": "ELOa4zSHPOc5WrLNUMUWumiiS8Q", "spine": "2.1.27", "width": 386.4, "height": 310.2 },
"bones": [
	{ "name": "root", "scaleX": 0.6, "scaleY": 0.6 }
],
"slots": [
	{ "name": "BLCB_diji_", "bone": "root", "attachment": "BLCB_diji_" },
	{ "name": "BLCB_dj_0008_4_", "bone": "root", "attachment": "BLCB_dj_0008_4_" },
	{ "name": "BLCB_dj_0008_3_", "bone": "root", "attachment": "BLCB_dj_0008_3_" },
	{ "name": "BLCB_dj_0008_2_", "bone": "root", "attachment": "BLCB_dj_0008_2_" },
	{ "name": "BLCB_dj_0008_1_", "bone": "root", "attachment": "BLCB_dj_0008_1_" },
	{ "name": "BLCB_dj_0007_5_", "bone": "root", "attachment": "BLCB_dj_0007_5_" },
	{ "name": "BLCB_dj_0007_4_", "bone": "root", "attachment": "BLCB_dj_0007_4_" },
	{ "name": "BLCB_dj_0007_3_", "bone": "root", "attachment": "BLCB_dj_0007_3_" },
	{ "name": "BLCB_dj_0007_2_", "bone": "root", "attachment": "BLCB_dj_0007_2_" },
	{ "name": "BLCB_dj_0007_1_", "bone": "root", "attachment": "BLCB_dj_0007_1_" },
	{ "name": "BLCB_dj_0006_4_", "bone": "root", "attachment": "BLCB_dj_0006_4_" },
	{ "name": "BLCB_dj_0006_3_", "bone": "root", "attachment": "BLCB_dj_0006_3_" },
	{ "name": "BLCB_dj_0006_2_", "bone": "root", "attachment": "BLCB_dj_0006_2_" },
	{ "name": "BLCB_dj_0006_1_", "bone": "root", "attachment": "BLCB_dj_0006_1_" },
	{ "name": "BLCB_dj_0005_4_", "bone": "root", "attachment": "BLCB_dj_0005_4_" },
	{ "name": "BLCB_dj_0005_3_", "bone": "root", "attachment": "BLCB_dj_0005_3_" },
	{ "name": "BLCB_dj_0005_2_", "bone": "root", "attachment": "BLCB_dj_0005_2_" },
	{ "name": "BLCB_dj_0005_1_", "bone": "root", "attachment": "BLCB_dj_0005_1_" },
	{ "name": "BLCB_dj_0004_4_", "bone": "root", "attachment": "BLCB_dj_0004_4_" },
	{ "name": "BLCB_dj_0004_3_", "bone": "root", "attachment": "BLCB_dj_0004_3_" },
	{ "name": "BLCB_dj_0004_2_", "bone": "root", "attachment": "BLCB_dj_0004_2_" },
	{ "name": "BLCB_dj_0004_1_", "bone": "root", "attachment": "BLCB_dj_0004_1_" },
	{ "name": "BLCB_dj_0003_4_", "bone": "root", "attachment": "BLCB_dj_0003_4_" },
	{ "name": "BLCB_dj_0003_3_", "bone": "root", "attachment": "BLCB_dj_0003_3_" },
	{ "name": "BLCB_dj_0003_2_", "bone": "root", "attachment": "BLCB_dj_0003_2_" },
	{ "name": "BLCB_dj_0003_1_", "bone": "root", "attachment": "BLCB_dj_0003_1_" },
	{ "name": "BLCB_dj_0002_4_", "bone": "root", "attachment": "BLCB_dj_0002_4_" },
	{ "name": "BLCB_dj_0002_3_", "bone": "root", "attachment": "BLCB_dj_0002_3_" },
	{ "name": "BLCB_dj_0002_2_", "bone": "root", "attachment": "BLCB_dj_0002_2_" },
	{ "name": "BLCB_dj_0002_1_", "bone": "root", "attachment": "BLCB_dj_0002_1_" },
	{ "name": "BLCB_dj_0001_4_", "bone": "root", "attachment": "BLCB_dj_0001_4_" },
	{ "name": "BLCB_dj_0001_3_", "bone": "root", "attachment": "BLCB_dj_0001_3_" },
	{ "name": "BLCB_dj_0001_2_", "bone": "root", "attachment": "BLCB_dj_0001_2_" },
	{ "name": "BLCB_dj_0001_1_", "bone": "root", "attachment": "BLCB_dj_0001_1_" },
	{ "name": "BLCB_dj_0000_4_", "bone": "root", "attachment": "BLCB_dj_0000_4_" },
	{ "name": "BLCB_dj_0000_3_", "bone": "root", "attachment": "BLCB_dj_0000_3_" },
	{ "name": "BLCB_dj_0000_2_", "bone": "root", "attachment": "BLCB_dj_0000_2_" },
	{ "name": "BLCB_dj_0000_1_", "bone": "root", "attachment": "BLCB_dj_0000_1_" }
],
"skins": {
	"default": {
		"BLCB_diji_": {
			"BLCB_diji_": { "x": 9.82, "y": 243.35, "width": 644, "height": 517 }
		},
		"BLCB_dj_0000_1_": {
			"BLCB_dj_0000_1_": { "x": -227.17, "y": 425.85, "width": 64, "height": 52 }
		},
		"BLCB_dj_0000_2_": {
			"BLCB_dj_0000_2_": { "x": -93.67, "y": 317.85, "width": 75, "height": 42 }
		},
		"BLCB_dj_0000_3_": {
			"BLCB_dj_0000_3_": { "x": -59.17, "y": 391.35, "width": 112, "height": 105 }
		},
		"BLCB_dj_0000_4_": {
			"BLCB_dj_0000_4_": { "x": -155.17, "y": 395.85, "width": 80, "height": 114 }
		},
		"BLCB_dj_0001_1_": {
			"BLCB_dj_0001_1_": { "x": -229.17, "y": 425.85, "width": 68, "height": 52 }
		},
		"BLCB_dj_0001_2_": {
			"BLCB_dj_0001_2_": { "x": -93.67, "y": 315.85, "width": 75, "height": 44 }
		},
		"BLCB_dj_0001_3_": {
			"BLCB_dj_0001_3_": { "x": -60.67, "y": 389.35, "width": 119, "height": 103 }
		},
		"BLCB_dj_0001_4_": {
			"BLCB_dj_0001_4_": { "x": -157.67, "y": 396.35, "width": 75, "height": 113 }
		},
		"BLCB_dj_0002_1_": {
			"BLCB_dj_0002_1_": { "x": -229.67, "y": 423.35, "width": 69, "height": 57 }
		},
		"BLCB_dj_0002_2_": {
			"BLCB_dj_0002_2_": { "x": -164.17, "y": 395.85, "width": 62, "height": 112 }
		},
		"BLCB_dj_0002_3_": {
			"BLCB_dj_0002_3_": { "x": -94.17, "y": 315.85, "width": 74, "height": 50 }
		},
		"BLCB_dj_0002_4_": {
			"BLCB_dj_0002_4_": { "x": -66.67, "y": 389.35, "width": 133, "height": 97 }
		},
		"BLCB_dj_0003_1_": {
			"BLCB_dj_0003_1_": { "x": -228.67, "y": 417.85, "width": 67, "height": 62 }
		},
		"BLCB_dj_0003_2_": {
			"BLCB_dj_0003_2_": { "x": -164.17, "y": 394.35, "width": 62, "height": 109 }
		},
		"BLCB_dj_0003_3_": {
			"BLCB_dj_0003_3_": { "x": -48.67, "y": 360.85, "width": 97, "height": 146 }
		},
		"BLCB_dj_0003_4_": {
			"BLCB_dj_0003_4_": { "x": -115.17, "y": 372.35, "width": 36, "height": 125 }
		},
		"BLCB_dj_0004_1_": {
			"BLCB_dj_0004_1_": { "x": -207.67, "y": 399.35, "width": 99, "height": 93 }
		},
		"BLCB_dj_0004_2_": {
			"BLCB_dj_0004_2_": { "x": -90.17, "y": 410.85, "width": 136, "height": 64 }
		},
		"BLCB_dj_0004_3_": {
			"BLCB_dj_0004_3_": { "x": -78.67, "y": 343.35, "width": 153, "height": 71 }
		},
		"BLCB_dj_0004_4_": {
			"BLCB_dj_0004_4_": { "x": -76.17, "y": 296.85, "width": 34, "height": 22 }
		},
		"BLCB_dj_0005_1_": {
			"BLCB_dj_0005_1_": { "x": -225.17, "y": 413.85, "width": 58, "height": 62 }
		},
		"BLCB_dj_0005_2_": {
			"BLCB_dj_0005_2_": { "x": -165.17, "y": 392.85, "width": 62, "height": 106 }
		},
		"BLCB_dj_0005_3_": {
			"BLCB_dj_0005_3_": { "x": -75.17, "y": 392.85, "width": 118, "height": 86 }
		},
		"BLCB_dj_0005_4_": {
			"BLCB_dj_0005_4_": { "x": -67.17, "y": 317.85, "width": 128, "height": 64 }
		},
		"BLCB_dj_0006_1_": {
			"BLCB_dj_0006_1_": { "x": -226.17, "y": 417.85, "width": 60, "height": 60 }
		},
		"BLCB_dj_0006_2_": {
			"BLCB_dj_0006_2_": { "x": -165.17, "y": 393.85, "width": 62, "height": 108 }
		},
		"BLCB_dj_0006_3_": {
			"BLCB_dj_0006_3_": { "x": -68.67, "y": 384.35, "width": 131, "height": 109 }
		},
		"BLCB_dj_0006_4_": {
			"BLCB_dj_0006_4_": { "x": -94.17, "y": 309.35, "width": 74, "height": 41 }
		},
		"BLCB_dj_0007_1_": {
			"BLCB_dj_0007_1_": { "x": -226.17, "y": 422.35, "width": 60, "height": 55 }
		},
		"BLCB_dj_0007_2_": {
			"BLCB_dj_0007_2_": { "x": -99.67, "y": 400.85, "width": 193, "height": 98 }
		},
		"BLCB_dj_0007_3_": {
			"BLCB_dj_0007_3_": { "x": -123.67, "y": 330.85, "width": 61, "height": 42 }
		},
		"BLCB_dj_0007_4_": {
			"BLCB_dj_0007_4_": { "x": -30.17, "y": 343.85, "width": 46, "height": 16 }
		},
		"BLCB_dj_0007_5_": {
			"BLCB_dj_0007_5_": { "x": -73.17, "y": 321.85, "width": 40, "height": 60 }
		},
		"BLCB_dj_0008_1_": {
			"BLCB_dj_0008_1_": { "x": -226.17, "y": 425.35, "width": 62, "height": 51 }
		},
		"BLCB_dj_0008_2_": {
			"BLCB_dj_0008_2_": { "x": -164.67, "y": 395.85, "width": 61, "height": 112 }
		},
		"BLCB_dj_0008_3_": {
			"BLCB_dj_0008_3_": { "x": -68.67, "y": 392.35, "width": 131, "height": 103 }
		},
		"BLCB_dj_0008_4_": {
			"BLCB_dj_0008_4_": { "x": -93.67, "y": 317.85, "width": 75, "height": 46 }
		}
	}
},
"animations": {
	"animation": {
		"slots": {
			"BLCB_dj_0000_1_": {
				"attachment": [
					{ "time": 0, "name": "BLCB_dj_0000_1_" },
					{ "time": 0.1333, "name": "BLCB_dj_0000_1_" },
					{ "time": 0.1666, "name": null },
					{ "time": 1.4666, "name": null }
				]
			},
			"BLCB_dj_0000_2_": {
				"attachment": [
					{ "time": 0, "name": "BLCB_dj_0000_2_" },
					{ "time": 0.1333, "name": "BLCB_dj_0000_2_" },
					{ "time": 0.1666, "name": null },
					{ "time": 1.4666, "name": null }
				]
			},
			"BLCB_dj_0000_3_": {
				"attachment": [
					{ "time": 0, "name": "BLCB_dj_0000_3_" },
					{ "time": 0.1333, "name": "BLCB_dj_0000_3_" },
					{ "time": 0.1666, "name": null },
					{ "time": 1.4666, "name": null }
				]
			},
			"BLCB_dj_0000_4_": {
				"attachment": [
					{ "time": 0, "name": "BLCB_dj_0000_4_" },
					{ "time": 0.1333, "name": "BLCB_dj_0000_4_" },
					{ "time": 0.1666, "name": null },
					{ "time": 1.4666, "name": null }
				]
			},
			"BLCB_dj_0001_1_": {
				"attachment": [
					{ "time": 0, "name": null },
					{ "time": 0.1333, "name": null },
					{ "time": 0.1666, "name": "BLCB_dj_0001_1_" },
					{ "time": 0.3, "name": "BLCB_dj_0001_1_" },
					{ "time": 0.3333, "name": null },
					{ "time": 1.4666, "name": null }
				]
			},
			"BLCB_dj_0001_2_": {
				"attachment": [
					{ "time": 0, "name": null },
					{ "time": 0.1333, "name": null },
					{ "time": 0.1666, "name": "BLCB_dj_0001_2_" },
					{ "time": 0.3, "name": "BLCB_dj_0001_2_" },
					{ "time": 0.3333, "name": null },
					{ "time": 1.4666, "name": null }
				]
			},
			"BLCB_dj_0001_3_": {
				"attachment": [
					{ "time": 0, "name": null },
					{ "time": 0.1333, "name": null },
					{ "time": 0.1666, "name": "BLCB_dj_0001_3_" },
					{ "time": 0.3, "name": "BLCB_dj_0001_3_" },
					{ "time": 0.3333, "name": null },
					{ "time": 1.4666, "name": null }
				]
			},
			"BLCB_dj_0001_4_": {
				"attachment": [
					{ "time": 0, "name": null },
					{ "time": 0.1333, "name": null },
					{ "time": 0.1666, "name": "BLCB_dj_0001_4_" },
					{ "time": 0.3, "name": "BLCB_dj_0001_4_" },
					{ "time": 0.3333, "name": null },
					{ "time": 1.4666, "name": null }
				]
			},
			"BLCB_dj_0002_1_": {
				"attachment": [
					{ "time": 0, "name": null },
					{ "time": 0.3, "name": null },
					{ "time": 0.3333, "name": "BLCB_dj_0002_1_" },
					{ "time": 0.4666, "name": "BLCB_dj_0002_1_" },
					{ "time": 0.5, "name": null },
					{ "time": 1.4666, "name": null }
				]
			},
			"BLCB_dj_0002_2_": {
				"attachment": [
					{ "time": 0, "name": null },
					{ "time": 0.3, "name": null },
					{ "time": 0.3333, "name": "BLCB_dj_0002_2_" },
					{ "time": 0.4666, "name": "BLCB_dj_0002_2_" },
					{ "time": 0.5, "name": null },
					{ "time": 1.4666, "name": null }
				]
			},
			"BLCB_dj_0002_3_": {
				"attachment": [
					{ "time": 0, "name": null },
					{ "time": 0.3, "name": null },
					{ "time": 0.3333, "name": "BLCB_dj_0002_3_" },
					{ "time": 0.4666, "name": "BLCB_dj_0002_3_" },
					{ "time": 0.5, "name": null },
					{ "time": 1.4666, "name": null }
				]
			},
			"BLCB_dj_0002_4_": {
				"attachment": [
					{ "time": 0, "name": null },
					{ "time": 0.3, "name": null },
					{ "time": 0.3333, "name": "BLCB_dj_0002_4_" },
					{ "time": 0.4666, "name": "BLCB_dj_0002_4_" },
					{ "time": 0.5, "name": null },
					{ "time": 1.4666, "name": null }
				]
			},
			"BLCB_dj_0003_1_": {
				"attachment": [
					{ "time": 0, "name": null },
					{ "time": 0.4666, "name": null },
					{ "time": 0.5, "name": "BLCB_dj_0003_1_" },
					{ "time": 0.6333, "name": "BLCB_dj_0003_1_" },
					{ "time": 0.6666, "name": null },
					{ "time": 1.4666, "name": null }
				]
			},
			"BLCB_dj_0003_2_": {
				"attachment": [
					{ "time": 0, "name": null },
					{ "time": 0.4666, "name": null },
					{ "time": 0.5, "name": "BLCB_dj_0003_2_" },
					{ "time": 0.6333, "name": "BLCB_dj_0003_2_" },
					{ "time": 0.6666, "name": null },
					{ "time": 1.4666, "name": null }
				]
			},
			"BLCB_dj_0003_3_": {
				"attachment": [
					{ "time": 0, "name": null },
					{ "time": 0.4666, "name": null },
					{ "time": 0.5, "name": "BLCB_dj_0003_3_" },
					{ "time": 0.6333, "name": "BLCB_dj_0003_3_" },
					{ "time": 0.6666, "name": null },
					{ "time": 1.4666, "name": null }
				]
			},
			"BLCB_dj_0003_4_": {
				"attachment": [
					{ "time": 0, "name": null },
					{ "time": 0.4666, "name": null },
					{ "time": 0.5, "name": "BLCB_dj_0003_4_" },
					{ "time": 0.6333, "name": "BLCB_dj_0003_4_" },
					{ "time": 0.6666, "name": null },
					{ "time": 1.4666, "name": null }
				]
			},
			"BLCB_dj_0004_1_": {
				"attachment": [
					{ "time": 0, "name": null },
					{ "time": 0.6333, "name": null },
					{ "time": 0.6666, "name": "BLCB_dj_0004_1_" },
					{ "time": 0.8, "name": "BLCB_dj_0004_1_" },
					{ "time": 0.8333, "name": null },
					{ "time": 1.4666, "name": null }
				]
			},
			"BLCB_dj_0004_2_": {
				"attachment": [
					{ "time": 0, "name": null },
					{ "time": 0.6333, "name": null },
					{ "time": 0.6666, "name": "BLCB_dj_0004_2_" },
					{ "time": 0.8, "name": "BLCB_dj_0004_2_" },
					{ "time": 0.8333, "name": null },
					{ "time": 1.4666, "name": null }
				]
			},
			"BLCB_dj_0004_3_": {
				"attachment": [
					{ "time": 0, "name": null },
					{ "time": 0.6333, "name": null },
					{ "time": 0.6666, "name": "BLCB_dj_0004_3_" },
					{ "time": 0.8, "name": "BLCB_dj_0004_3_" },
					{ "time": 0.8333, "name": null },
					{ "time": 1.4666, "name": null }
				]
			},
			"BLCB_dj_0004_4_": {
				"attachment": [
					{ "time": 0, "name": null },
					{ "time": 0.6333, "name": null },
					{ "time": 0.6666, "name": "BLCB_dj_0004_4_" },
					{ "time": 0.8, "name": "BLCB_dj_0004_4_" },
					{ "time": 0.8333, "name": null },
					{ "time": 1.4666, "name": null }
				]
			},
			"BLCB_dj_0005_1_": {
				"attachment": [
					{ "time": 0, "name": null },
					{ "time": 0.8, "name": null },
					{ "time": 0.8333, "name": "BLCB_dj_0005_1_" },
					{ "time": 0.9666, "name": "BLCB_dj_0005_1_" },
					{ "time": 1, "name": null },
					{ "time": 1.4666, "name": null }
				]
			},
			"BLCB_dj_0005_2_": {
				"attachment": [
					{ "time": 0, "name": null },
					{ "time": 0.8, "name": null },
					{ "time": 0.8333, "name": "BLCB_dj_0005_2_" },
					{ "time": 0.9666, "name": "BLCB_dj_0005_2_" },
					{ "time": 1, "name": null },
					{ "time": 1.4666, "name": null }
				]
			},
			"BLCB_dj_0005_3_": {
				"attachment": [
					{ "time": 0, "name": null },
					{ "time": 0.8, "name": null },
					{ "time": 0.8333, "name": "BLCB_dj_0005_3_" },
					{ "time": 0.9666, "name": "BLCB_dj_0005_3_" },
					{ "time": 1, "name": null },
					{ "time": 1.4666, "name": null }
				]
			},
			"BLCB_dj_0005_4_": {
				"attachment": [
					{ "time": 0, "name": null },
					{ "time": 0.8, "name": null },
					{ "time": 0.8333, "name": "BLCB_dj_0005_4_" },
					{ "time": 0.9666, "name": "BLCB_dj_0005_4_" },
					{ "time": 1, "name": null },
					{ "time": 1.4666, "name": null }
				]
			},
			"BLCB_dj_0006_1_": {
				"attachment": [
					{ "time": 0, "name": null },
					{ "time": 0.9666, "name": null },
					{ "time": 1, "name": "BLCB_dj_0006_1_" },
					{ "time": 1.1333, "name": "BLCB_dj_0006_1_" },
					{ "time": 1.1666, "name": null },
					{ "time": 1.4666, "name": null }
				]
			},
			"BLCB_dj_0006_2_": {
				"attachment": [
					{ "time": 0, "name": null },
					{ "time": 0.9666, "name": null },
					{ "time": 1, "name": "BLCB_dj_0006_2_" },
					{ "time": 1.1333, "name": "BLCB_dj_0006_2_" },
					{ "time": 1.1666, "name": null },
					{ "time": 1.4666, "name": null }
				]
			},
			"BLCB_dj_0006_3_": {
				"attachment": [
					{ "time": 0, "name": null },
					{ "time": 0.9666, "name": null },
					{ "time": 1, "name": "BLCB_dj_0006_3_" },
					{ "time": 1.1333, "name": "BLCB_dj_0006_3_" },
					{ "time": 1.1666, "name": null },
					{ "time": 1.4666, "name": null }
				]
			},
			"BLCB_dj_0006_4_": {
				"attachment": [
					{ "time": 0, "name": null },
					{ "time": 0.9666, "name": null },
					{ "time": 1, "name": "BLCB_dj_0006_4_" },
					{ "time": 1.1333, "name": "BLCB_dj_0006_4_" },
					{ "time": 1.1666, "name": null },
					{ "time": 1.4666, "name": null }
				]
			},
			"BLCB_dj_0007_1_": {
				"attachment": [
					{ "time": 0, "name": null },
					{ "time": 1.1333, "name": null },
					{ "time": 1.1666, "name": "BLCB_dj_0007_1_" },
					{ "time": 1.3, "name": "BLCB_dj_0007_1_" },
					{ "time": 1.3333, "name": null },
					{ "time": 1.4666, "name": null }
				]
			},
			"BLCB_dj_0007_2_": {
				"attachment": [
					{ "time": 0, "name": null },
					{ "time": 1.1333, "name": null },
					{ "time": 1.1666, "name": "BLCB_dj_0007_2_" },
					{ "time": 1.3, "name": "BLCB_dj_0007_2_" },
					{ "time": 1.3333, "name": null },
					{ "time": 1.4666, "name": null }
				]
			},
			"BLCB_dj_0007_3_": {
				"attachment": [
					{ "time": 0, "name": null },
					{ "time": 1.1333, "name": null },
					{ "time": 1.1666, "name": "BLCB_dj_0007_3_" },
					{ "time": 1.3, "name": "BLCB_dj_0007_3_" },
					{ "time": 1.3333, "name": null },
					{ "time": 1.4666, "name": null }
				]
			},
			"BLCB_dj_0007_4_": {
				"attachment": [
					{ "time": 0, "name": null },
					{ "time": 1.1333, "name": null },
					{ "time": 1.1666, "name": "BLCB_dj_0007_4_" },
					{ "time": 1.3, "name": "BLCB_dj_0007_4_" },
					{ "time": 1.3333, "name": null },
					{ "time": 1.4666, "name": null }
				]
			},
			"BLCB_dj_0007_5_": {
				"attachment": [
					{ "time": 0, "name": null },
					{ "time": 1.1333, "name": null },
					{ "time": 1.1666, "name": "BLCB_dj_0007_5_" },
					{ "time": 1.3, "name": "BLCB_dj_0007_5_" },
					{ "time": 1.3333, "name": null },
					{ "time": 1.4666, "name": null }
				]
			},
			"BLCB_dj_0008_1_": {
				"attachment": [
					{ "time": 0, "name": null },
					{ "time": 1.3, "name": null },
					{ "time": 1.3333, "name": "BLCB_dj_0008_1_" },
					{ "time": 1.4666, "name": "BLCB_dj_0008_1_" }
				]
			},
			"BLCB_dj_0008_2_": {
				"attachment": [
					{ "time": 0, "name": null },
					{ "time": 1.3, "name": null },
					{ "time": 1.3333, "name": "BLCB_dj_0008_2_" },
					{ "time": 1.4666, "name": "BLCB_dj_0008_2_" }
				]
			},
			"BLCB_dj_0008_3_": {
				"attachment": [
					{ "time": 0, "name": null },
					{ "time": 1.3, "name": null },
					{ "time": 1.3333, "name": "BLCB_dj_0008_3_" },
					{ "time": 1.4666, "name": "BLCB_dj_0008_3_" }
				]
			},
			"BLCB_dj_0008_4_": {
				"attachment": [
					{ "time": 0, "name": null },
					{ "time": 1.3, "name": null },
					{ "time": 1.3333, "name": "BLCB_dj_0008_4_" },
					{ "time": 1.4666, "name": "BLCB_dj_0008_4_" }
				]
			}
		}
	}
}
}