{
"skeleton": { "hash": "2S+reSmcUh4b44zA/Df7OC8MzaA", "spine": "2.1.27", "width": 0, "height": 0 },
"bones": [
	{ "name": "root" },
	{ "name": "guai", "parent": "root", "x": -137.13, "y": 217.29, "scaleX": 1.5, "scaleY": 1.5 },
	{ "name": "ren", "parent": "root", "x": 5.63, "y": 85.92 },
	{ "name": "shandian", "parent": "root", "x": 69.94, "y": 189.6, "scaleX": 2, "scaleY": 2 },
	{ "name": "xuli", "parent": "root", "x": -5.47, "y": 397.76, "scaleX": 2, "scaleY": 2 }
],
"slots": [
	{ "name": "dizuo_ying_", "bone": "root" },
	{ "name": "dizuo_", "bone": "root" },
	{ "name": "dizuo_guang_", "bone": "root" },
	{ "name": "gongji_guai01_", "bone": "guai" },
	{ "name": "gongji_guai03_", "bone": "guai" },
	{ "name": "gongji_guai06_", "bone": "guai" },
	{ "name": "gongji_guai09_", "bone": "guai" },
	{ "name": "gongji_guai12_", "bone": "guai" },
	{ "name": "gongji_guai15_", "bone": "guai" },
	{ "name": "gongji_guai18_", "bone": "guai" },
	{ "name": "gongji_guai21_", "bone": "guai" },
	{ "name": "gongji_guai24_", "bone": "guai" },
	{ "name": "gongji_guai27_", "bone": "guai" },
	{ "name": "gongji_guai30_", "bone": "guai" },
	{ "name": "gongji_guai33_", "bone": "guai" },
	{ "name": "gongji_guai36_", "bone": "guai" },
	{ "name": "gongji_sd057_", "bone": "shandian" },
	{ "name": "gongji_sd054_", "bone": "shandian" },
	{ "name": "gongji_sd051_", "bone": "shandian" },
	{ "name": "gongji_sd048_", "bone": "shandian" },
	{ "name": "gongji_sd045_", "bone": "shandian" },
	{ "name": "gongji_sd042_", "bone": "shandian" },
	{ "name": "gongji_sd039_", "bone": "shandian" },
	{ "name": "gongji_sd036_", "bone": "shandian" },
	{ "name": "gongji_ren057_", "bone": "ren" },
	{ "name": "gongji_ren054_", "bone": "ren" },
	{ "name": "gongji_ren051_", "bone": "ren" },
	{ "name": "gongji_ren048_", "bone": "ren" },
	{ "name": "gongji_ren045_", "bone": "ren" },
	{ "name": "gongji_ren042_", "bone": "ren" },
	{ "name": "gongji_ren039_", "bone": "ren" },
	{ "name": "gongji_ren036_", "bone": "ren" },
	{ "name": "gongji_ren033_", "bone": "ren" },
	{ "name": "gongji_ren030_", "bone": "ren" },
	{ "name": "gongji_ren027_", "bone": "ren" },
	{ "name": "gongji_ren024_", "bone": "ren" },
	{ "name": "gongji_ren021_", "bone": "ren" },
	{ "name": "gongji_ren018_", "bone": "ren" },
	{ "name": "gongji_ren015_", "bone": "ren" },
	{ "name": "gongji_ren012_", "bone": "ren" },
	{ "name": "gongji_ren009_", "bone": "ren" },
	{ "name": "gongji_ren006_", "bone": "ren" },
	{ "name": "gongji_ren003_", "bone": "ren" },
	{ "name": "gongji_ren000_", "bone": "ren" },
	{ "name": "gongji_xuli030_", "bone": "xuli" },
	{ "name": "gongji_xuli027_", "bone": "xuli" },
	{ "name": "gongji_xuli024_", "bone": "xuli" },
	{ "name": "gongji_xuli021_", "bone": "xuli" },
	{ "name": "gongji_xuli018_", "bone": "xuli" },
	{ "name": "gongji_xuli015_", "bone": "xuli" }
],
"skins": {
	"default": {
		"dizuo_": {
			"dizuo_": { "x": -0.79, "y": 79.3, "width": 160, "height": 161 }
		},
		"dizuo_guang_": {
			"dizuo_guang_": { "x": -2.79, "y": 207.8, "width": 300, "height": 430 }
		},
		"dizuo_ying_": {
			"dizuo_ying_": { "x": -16.29, "y": 41.8, "width": 209, "height": 104 }
		},
		"gongji_guai01_": {
			"gongji_guai01_": { "y": 51.27, "width": 359, "height": 332 }
		},
		"gongji_guai03_": {
			"gongji_guai03_": { "y": 51.27, "width": 359, "height": 332 }
		},
		"gongji_guai06_": {
			"gongji_guai06_": { "y": 51.27, "width": 359, "height": 332 }
		},
		"gongji_guai09_": {
			"gongji_guai09_": { "y": 51.27, "width": 359, "height": 332 }
		},
		"gongji_guai12_": {
			"gongji_guai12_": { "y": 51.27, "width": 359, "height": 332 }
		},
		"gongji_guai15_": {
			"gongji_guai15_": { "y": 51.27, "width": 359, "height": 332 }
		},
		"gongji_guai18_": {
			"gongji_guai18_": { "y": 51.27, "width": 359, "height": 332 }
		},
		"gongji_guai21_": {
			"gongji_guai21_": { "y": 51.27, "width": 359, "height": 332 }
		},
		"gongji_guai24_": {
			"gongji_guai24_": { "y": 51.27, "width": 359, "height": 332 }
		},
		"gongji_guai27_": {
			"gongji_guai27_": { "y": 51.27, "width": 359, "height": 332 }
		},
		"gongji_guai30_": {
			"gongji_guai30_": { "y": 51.27, "width": 359, "height": 332 }
		},
		"gongji_guai33_": {
			"gongji_guai33_": { "y": 51.27, "width": 359, "height": 332 }
		},
		"gongji_guai36_": {
			"gongji_guai36_": { "y": 51.27, "width": 359, "height": 332 }
		},
		"gongji_ren000_": {
			"gongji_ren000_": { "x": -6.08, "y": 99.53, "width": 103, "height": 240 }
		},
		"gongji_ren003_": {
			"gongji_ren003_": { "x": -13.58, "y": 117.53, "width": 106, "height": 242 }
		},
		"gongji_ren006_": {
			"gongji_ren006_": { "x": -25.08, "y": 133.03, "width": 141, "height": 239 }
		},
		"gongji_ren009_": {
			"gongji_ren009_": { "x": -16.08, "y": 148.53, "width": 135, "height": 236 }
		},
		"gongji_ren012_": {
			"gongji_ren012_": { "x": -23.58, "y": 161.53, "width": 142, "height": 232 }
		},
		"gongji_ren015_": {
			"gongji_ren015_": { "x": -33.58, "y": 185.53, "width": 164, "height": 266 }
		},
		"gongji_ren018_": {
			"gongji_ren018_": { "x": -34.58, "y": 201.03, "width": 172, "height": 281 }
		},
		"gongji_ren021_": {
			"gongji_ren021_": { "x": -31.58, "y": 212.03, "width": 174, "height": 285 }
		},
		"gongji_ren024_": {
			"gongji_ren024_": { "x": -28.08, "y": 223.53, "width": 173, "height": 288 }
		},
		"gongji_ren027_": {
			"gongji_ren027_": { "x": -30.58, "y": 228.53, "width": 190, "height": 282 }
		},
		"gongji_ren030_": {
			"gongji_ren030_": { "x": -27.08, "y": 232.53, "width": 191, "height": 284 }
		},
		"gongji_ren033_": {
			"gongji_ren033_": { "x": -7.08, "y": 183.03, "width": 149, "height": 269 }
		},
		"gongji_ren036_": {
			"gongji_ren036_": { "x": 6.41, "y": 153.03, "width": 226, "height": 227 }
		},
		"gongji_ren039_": {
			"gongji_ren039_": { "x": 14.41, "y": 146.03, "width": 196, "height": 219 }
		},
		"gongji_ren042_": {
			"gongji_ren042_": { "x": 15.41, "y": 147.53, "width": 184, "height": 226 }
		},
		"gongji_ren045_": {
			"gongji_ren045_": { "x": 4.91, "y": 153.53, "width": 173, "height": 238 }
		},
		"gongji_ren048_": {
			"gongji_ren048_": { "x": 0.91, "y": 151.03, "width": 159, "height": 241 }
		},
		"gongji_ren051_": {
			"gongji_ren051_": { "x": -6.58, "y": 141.03, "width": 140, "height": 231 }
		},
		"gongji_ren054_": {
			"gongji_ren054_": { "x": -9.08, "y": 130.53, "width": 125, "height": 230 }
		},
		"gongji_ren057_": {
			"gongji_ren057_": { "x": -13.58, "y": 115.03, "width": 128, "height": 235 }
		},
		"gongji_sd036_": {
			"gongji_sd036_": { "x": 55.08, "y": -65.68, "width": 376, "height": 354 }
		},
		"gongji_sd039_": {
			"gongji_sd039_": { "x": 78.58, "y": -88.68, "width": 445, "height": 408 }
		},
		"gongji_sd042_": {
			"gongji_sd042_": { "x": 82.58, "y": -86.18, "width": 437, "height": 413 }
		},
		"gongji_sd045_": {
			"gongji_sd045_": { "x": 81.08, "y": -83.68, "width": 440, "height": 390 }
		},
		"gongji_sd048_": {
			"gongji_sd048_": { "x": 89.08, "y": -80.18, "width": 424, "height": 387 }
		},
		"gongji_sd051_": {
			"gongji_sd051_": { "x": 88.58, "y": -81.18, "width": 425, "height": 371 }
		},
		"gongji_sd054_": {
			"gongji_sd054_": { "x": 126.08, "y": -121.18, "width": 306, "height": 289 }
		},
		"gongji_sd057_": {
			"gongji_sd057_": { "x": 128.08, "y": -137.68, "width": 258, "height": 238 }
		},
		"gongji_xuli015_": {
			"gongji_xuli015_": { "x": -5.36, "y": -20.3, "width": 289, "height": 190 }
		},
		"gongji_xuli018_": {
			"gongji_xuli018_": { "x": -2.86, "y": -7.3, "width": 290, "height": 170 }
		},
		"gongji_xuli021_": {
			"gongji_xuli021_": { "x": -24.86, "y": -6.8, "width": 250, "height": 155 }
		},
		"gongji_xuli024_": {
			"gongji_xuli024_": { "x": -2.86, "y": -6.8, "width": 134, "height": 137 }
		},
		"gongji_xuli027_": {
			"gongji_xuli027_": { "x": -2.86, "y": -6.8, "width": 116, "height": 117 }
		},
		"gongji_xuli030_": {
			"gongji_xuli030_": { "x": -1.36, "y": -5.3, "width": 29, "height": 40 }
		}
	}
},
"animations": {
	"animation": {
		"slots": {
			"dizuo_": {
				"attachment": [
					{ "time": 0, "name": "dizuo_" }
				]
			},
			"dizuo_guang_": {
				"attachment": [
					{ "time": 0, "name": "dizuo_guang_" }
				],
				"color": [
					{ "time": 0, "color": "ffffff2e" },
					{ "time": 1, "color": "ffffffa6" },
					{ "time": 2, "color": "ffffff2e" }
				]
			},
			"dizuo_ying_": {
				"attachment": [
					{ "time": 0, "name": "dizuo_ying_" }
				]
			},
			"gongji_guai01_": {
				"attachment": [
					{ "time": 0, "name": null },
					{ "time": 0.0666, "name": "gongji_guai01_" },
					{ "time": 0.1333, "name": "gongji_guai01_" },
					{ "time": 0.2, "name": null }
				]
			},
			"gongji_guai03_": {
				"attachment": [
					{ "time": 0, "name": null },
					{ "time": 0.0666, "name": null },
					{ "time": 0.1333, "name": "gongji_guai03_" },
					{ "time": 0.2, "name": "gongji_guai03_" },
					{ "time": 0.2666, "name": null }
				]
			},
			"gongji_guai06_": {
				"attachment": [
					{ "time": 0, "name": null },
					{ "time": 0.2, "name": null },
					{ "time": 0.2666, "name": "gongji_guai06_" },
					{ "time": 0.3333, "name": "gongji_guai06_" },
					{ "time": 0.4, "name": null }
				]
			},
			"gongji_guai09_": {
				"attachment": [
					{ "time": 0, "name": null },
					{ "time": 0.3333, "name": null },
					{ "time": 0.4, "name": "gongji_guai09_" },
					{ "time": 0.4666, "name": "gongji_guai09_" },
					{ "time": 0.5, "name": null }
				]
			},
			"gongji_guai12_": {
				"attachment": [
					{ "time": 0, "name": null },
					{ "time": 0.4666, "name": null },
					{ "time": 0.5, "name": "gongji_guai12_" },
					{ "time": 0.5666, "name": "gongji_guai12_" },
					{ "time": 0.6333, "name": null }
				]
			},
			"gongji_guai15_": {
				"attachment": [
					{ "time": 0, "name": null },
					{ "time": 0.5666, "name": null },
					{ "time": 0.6333, "name": "gongji_guai15_" },
					{ "time": 0.7, "name": "gongji_guai15_" },
					{ "time": 0.7666, "name": null }
				]
			},
			"gongji_guai18_": {
				"attachment": [
					{ "time": 0, "name": null },
					{ "time": 0.7, "name": null },
					{ "time": 0.7666, "name": "gongji_guai18_" },
					{ "time": 0.8333, "name": "gongji_guai18_" },
					{ "time": 0.9, "name": null }
				]
			},
			"gongji_guai21_": {
				"attachment": [
					{ "time": 0, "name": null },
					{ "time": 0.8333, "name": null },
					{ "time": 0.9, "name": "gongji_guai21_" },
					{ "time": 0.9666, "name": "gongji_guai21_" },
					{ "time": 1.0333, "name": null }
				]
			},
			"gongji_guai24_": {
				"attachment": [
					{ "time": 0, "name": null },
					{ "time": 0.9666, "name": null },
					{ "time": 1.0333, "name": "gongji_guai24_" },
					{ "time": 1.1, "name": "gongji_guai24_" },
					{ "time": 1.1666, "name": null }
				]
			},
			"gongji_guai27_": {
				"attachment": [
					{ "time": 0, "name": null },
					{ "time": 1.1, "name": null },
					{ "time": 1.1666, "name": "gongji_guai27_" },
					{ "time": 1.2333, "name": "gongji_guai27_" },
					{ "time": 1.3, "name": null }
				]
			},
			"gongji_guai30_": {
				"attachment": [
					{ "time": 0, "name": null },
					{ "time": 1.2333, "name": null },
					{ "time": 1.3, "name": "gongji_guai30_" },
					{ "time": 1.3666, "name": "gongji_guai30_" },
					{ "time": 1.4, "name": null }
				]
			},
			"gongji_guai33_": {
				"attachment": [
					{ "time": 0, "name": null },
					{ "time": 1.3666, "name": null },
					{ "time": 1.4, "name": "gongji_guai33_" },
					{ "time": 1.4666, "name": "gongji_guai33_" },
					{ "time": 1.5333, "name": null }
				]
			},
			"gongji_guai36_": {
				"attachment": [
					{ "time": 0, "name": null },
					{ "time": 1.4666, "name": null },
					{ "time": 1.5333, "name": "gongji_guai36_" },
					{ "time": 1.6, "name": "gongji_guai36_" },
					{ "time": 1.6666, "name": null }
				]
			},
			"gongji_ren000_": {
				"attachment": [
					{ "time": 0, "name": "gongji_ren000_" },
					{ "time": 0.0333, "name": "gongji_ren000_" },
					{ "time": 0.1, "name": null }
				]
			},
			"gongji_ren003_": {
				"attachment": [
					{ "time": 0, "name": null },
					{ "time": 0.0333, "name": null },
					{ "time": 0.1, "name": "gongji_ren003_" },
					{ "time": 0.1333, "name": "gongji_ren003_" },
					{ "time": 0.2, "name": null }
				]
			},
			"gongji_ren006_": {
				"attachment": [
					{ "time": 0, "name": null },
					{ "time": 0.1333, "name": null },
					{ "time": 0.2, "name": "gongji_ren006_" },
					{ "time": 0.2333, "name": "gongji_ren006_" },
					{ "time": 0.3, "name": null }
				]
			},
			"gongji_ren009_": {
				"attachment": [
					{ "time": 0, "name": null },
					{ "time": 0.2333, "name": null },
					{ "time": 0.3, "name": "gongji_ren009_" },
					{ "time": 0.3333, "name": "gongji_ren009_" },
					{ "time": 0.4, "name": null }
				]
			},
			"gongji_ren012_": {
				"attachment": [
					{ "time": 0, "name": null },
					{ "time": 0.3333, "name": null },
					{ "time": 0.4, "name": "gongji_ren012_" },
					{ "time": 0.4333, "name": "gongji_ren012_" },
					{ "time": 0.5, "name": null }
				]
			},
			"gongji_ren015_": {
				"attachment": [
					{ "time": 0, "name": null },
					{ "time": 0.4333, "name": null },
					{ "time": 0.5, "name": "gongji_ren015_" },
					{ "time": 0.5333, "name": "gongji_ren015_" },
					{ "time": 0.6, "name": null }
				]
			},
			"gongji_ren018_": {
				"attachment": [
					{ "time": 0, "name": null },
					{ "time": 0.5333, "name": null },
					{ "time": 0.6, "name": "gongji_ren018_" },
					{ "time": 0.6333, "name": "gongji_ren018_" },
					{ "time": 0.7, "name": null }
				]
			},
			"gongji_ren021_": {
				"attachment": [
					{ "time": 0, "name": null },
					{ "time": 0.6333, "name": null },
					{ "time": 0.7, "name": "gongji_ren021_" },
					{ "time": 0.7333, "name": "gongji_ren021_" },
					{ "time": 0.7666, "name": null }
				]
			},
			"gongji_ren024_": {
				"attachment": [
					{ "time": 0, "name": null },
					{ "time": 0.7333, "name": null },
					{ "time": 0.7666, "name": "gongji_ren024_" },
					{ "time": 0.8333, "name": "gongji_ren024_" },
					{ "time": 0.8666, "name": null }
				]
			},
			"gongji_ren027_": {
				"attachment": [
					{ "time": 0, "name": null },
					{ "time": 0.8333, "name": null },
					{ "time": 0.8666, "name": "gongji_ren027_" },
					{ "time": 0.9333, "name": "gongji_ren027_" },
					{ "time": 0.9666, "name": null }
				]
			},
			"gongji_ren030_": {
				"attachment": [
					{ "time": 0, "name": null },
					{ "time": 0.9333, "name": null },
					{ "time": 0.9666, "name": "gongji_ren030_" },
					{ "time": 1.0333, "name": "gongji_ren030_" },
					{ "time": 1.0666, "name": null }
				]
			},
			"gongji_ren033_": {
				"attachment": [
					{ "time": 0, "name": null },
					{ "time": 1.0333, "name": null },
					{ "time": 1.0666, "name": "gongji_ren033_" },
					{ "time": 1.1333, "name": "gongji_ren033_" },
					{ "time": 1.1666, "name": null }
				]
			},
			"gongji_ren036_": {
				"attachment": [
					{ "time": 0, "name": null },
					{ "time": 1.1333, "name": null },
					{ "time": 1.1666, "name": "gongji_ren036_" },
					{ "time": 1.2333, "name": "gongji_ren036_" },
					{ "time": 1.2666, "name": null }
				]
			},
			"gongji_ren039_": {
				"attachment": [
					{ "time": 0, "name": null },
					{ "time": 1.2333, "name": null },
					{ "time": 1.2666, "name": "gongji_ren039_" },
					{ "time": 1.3333, "name": "gongji_ren039_" },
					{ "time": 1.3666, "name": null }
				]
			},
			"gongji_ren042_": {
				"attachment": [
					{ "time": 0, "name": null },
					{ "time": 1.3333, "name": null },
					{ "time": 1.3666, "name": "gongji_ren042_" },
					{ "time": 1.4, "name": "gongji_ren042_" },
					{ "time": 1.4666, "name": null }
				]
			},
			"gongji_ren045_": {
				"attachment": [
					{ "time": 0, "name": null },
					{ "time": 1.4, "name": null },
					{ "time": 1.4666, "name": "gongji_ren045_" },
					{ "time": 1.5, "name": "gongji_ren045_" },
					{ "time": 1.5666, "name": null }
				]
			},
			"gongji_ren048_": {
				"attachment": [
					{ "time": 0, "name": null },
					{ "time": 1.5, "name": null },
					{ "time": 1.5666, "name": "gongji_ren048_" },
					{ "time": 1.6, "name": "gongji_ren048_" },
					{ "time": 1.6666, "name": null }
				]
			},
			"gongji_ren051_": {
				"attachment": [
					{ "time": 0, "name": null },
					{ "time": 1.6, "name": null },
					{ "time": 1.6666, "name": "gongji_ren051_" },
					{ "time": 1.7, "name": "gongji_ren051_" },
					{ "time": 1.7666, "name": null }
				]
			},
			"gongji_ren054_": {
				"attachment": [
					{ "time": 0, "name": null },
					{ "time": 1.7, "name": null },
					{ "time": 1.7666, "name": "gongji_ren054_" },
					{ "time": 1.8, "name": "gongji_ren054_" },
					{ "time": 1.8666, "name": null }
				]
			},
			"gongji_ren057_": {
				"attachment": [
					{ "time": 0, "name": null },
					{ "time": 1.8, "name": null },
					{ "time": 1.8666, "name": "gongji_ren057_" },
					{ "time": 1.9333, "name": "gongji_ren057_" },
					{ "time": 2, "name": null }
				]
			},
			"gongji_sd036_": {
				"attachment": [
					{ "time": 0, "name": null },
					{ "time": 1.1333, "name": null },
					{ "time": 1.1666, "name": "gongji_sd036_" },
					{ "time": 1.2333, "name": "gongji_sd036_" },
					{ "time": 1.2666, "name": null }
				]
			},
			"gongji_sd039_": {
				"attachment": [
					{ "time": 0, "name": null },
					{ "time": 1.2333, "name": null },
					{ "time": 1.2666, "name": "gongji_sd039_" },
					{ "time": 1.3333, "name": "gongji_sd039_" },
					{ "time": 1.3666, "name": null }
				]
			},
			"gongji_sd042_": {
				"attachment": [
					{ "time": 0, "name": null },
					{ "time": 1.3333, "name": null },
					{ "time": 1.3666, "name": "gongji_sd042_" },
					{ "time": 1.4, "name": "gongji_sd042_" },
					{ "time": 1.4666, "name": null }
				]
			},
			"gongji_sd045_": {
				"attachment": [
					{ "time": 0, "name": null },
					{ "time": 1.4, "name": null },
					{ "time": 1.4666, "name": "gongji_sd045_" },
					{ "time": 1.5, "name": "gongji_sd045_" },
					{ "time": 1.5666, "name": null }
				]
			},
			"gongji_sd048_": {
				"attachment": [
					{ "time": 0, "name": null },
					{ "time": 1.5, "name": null },
					{ "time": 1.5666, "name": "gongji_sd048_" },
					{ "time": 1.6, "name": "gongji_sd048_" },
					{ "time": 1.6666, "name": null }
				]
			},
			"gongji_sd051_": {
				"attachment": [
					{ "time": 0, "name": null },
					{ "time": 1.6, "name": null },
					{ "time": 1.6666, "name": "gongji_sd051_" },
					{ "time": 1.7, "name": "gongji_sd051_" },
					{ "time": 1.7666, "name": null }
				]
			},
			"gongji_sd054_": {
				"attachment": [
					{ "time": 0, "name": null },
					{ "time": 1.7, "name": null },
					{ "time": 1.7666, "name": "gongji_sd054_" },
					{ "time": 1.8, "name": "gongji_sd054_" },
					{ "time": 1.8666, "name": null }
				]
			},
			"gongji_sd057_": {
				"attachment": [
					{ "time": 0, "name": null },
					{ "time": 1.8, "name": null },
					{ "time": 1.8666, "name": "gongji_sd057_" },
					{ "time": 1.9, "name": "gongji_sd057_" },
					{ "time": 1.9666, "name": null }
				]
			},
			"gongji_xuli015_": {
				"attachment": [
					{ "time": 0, "name": null },
					{ "time": 0.4333, "name": null },
					{ "time": 0.5, "name": "gongji_xuli015_" },
					{ "time": 0.5333, "name": "gongji_xuli015_" },
					{ "time": 0.6, "name": null }
				]
			},
			"gongji_xuli018_": {
				"attachment": [
					{ "time": 0, "name": null },
					{ "time": 0.5333, "name": null },
					{ "time": 0.6, "name": "gongji_xuli018_" },
					{ "time": 0.6333, "name": "gongji_xuli018_" },
					{ "time": 0.7, "name": null }
				]
			},
			"gongji_xuli021_": {
				"attachment": [
					{ "time": 0, "name": null },
					{ "time": 0.6333, "name": null },
					{ "time": 0.7, "name": "gongji_xuli021_" },
					{ "time": 0.7333, "name": "gongji_xuli021_" },
					{ "time": 0.7666, "name": null }
				]
			},
			"gongji_xuli024_": {
				"attachment": [
					{ "time": 0, "name": null },
					{ "time": 0.7333, "name": null },
					{ "time": 0.7666, "name": "gongji_xuli024_" },
					{ "time": 0.8333, "name": "gongji_xuli024_" },
					{ "time": 0.8666, "name": null }
				]
			},
			"gongji_xuli027_": {
				"attachment": [
					{ "time": 0, "name": null },
					{ "time": 0.8333, "name": null },
					{ "time": 0.8666, "name": "gongji_xuli027_" },
					{ "time": 0.9333, "name": "gongji_xuli027_" },
					{ "time": 0.9666, "name": null }
				]
			},
			"gongji_xuli030_": {
				"attachment": [
					{ "time": 0, "name": null },
					{ "time": 0.9333, "name": null },
					{ "time": 0.9666, "name": "gongji_xuli030_" },
					{ "time": 1.0333, "name": "gongji_xuli030_" },
					{ "time": 1.0666, "name": null }
				]
			}
		},
		"bones": {
			"guai": {
				"translate": [
					{ "time": 0, "x": -37.61, "y": 89.51 }
				],
				"scale": [
					{ "time": 0, "x": 1.5, "y": 1.5 }
				]
			},
			"xuli": {
				"translate": [
					{ "time": 0, "x": -36.53, "y": 8.85 }
				]
			}
		}
	}
}
}