{
"skeleton": { "hash": "Zegna55jXgUjGqqNMhVShw+NJ0w", "spine": "3.7.94", "width": 700, "height": 740, "images": "", "audio": "E:/宙斯_换色_黑色/宙斯黑色spine/宙斯黑色待机休闲spine/images" },
"bones": [
	{ "name": "root" },
	{ "name": "gongjixx", "parent": "root", "x": 24.65, "y": 239.22 }
],
"slots": [
	{ "name": "a_00_", "bone": "gongjixx", "attachment": "a_00_" },
	{ "name": "b_00_", "bone": "gongjixx", "attachment": "b_00_" },
	{ "name": "yz_0_", "bone": "root", "color": "ffffff77", "attachment": "yz_0_" }
],
"skins": {
	"default": {
		"a_00_": {
			"a_00_": { "y": 182.81, "width": 700, "height": 370 },
			"a_01_": { "y": 182.81, "width": 700, "height": 370 },
			"a_02_": { "y": 182.81, "width": 700, "height": 370 },
			"a_03_": { "y": 182.81, "width": 700, "height": 370 },
			"a_04_": { "y": 182.81, "width": 700, "height": 370 },
			"a_05_": { "y": 182.81, "width": 700, "height": 370 },
			"a_06_": { "y": 182.81, "width": 700, "height": 370 },
			"a_07_": { "y": 182.81, "width": 700, "height": 370 },
			"a_08_": { "y": 182.81, "width": 700, "height": 370 },
			"a_09_": { "y": 182.81, "width": 700, "height": 370 },
			"a_10_": { "y": 182.81, "width": 700, "height": 370 },
			"a_11_": { "y": 182.81, "width": 700, "height": 370 },
			"a_12_": { "y": 182.81, "width": 700, "height": 370 },
			"a_13_": { "y": 182.81, "width": 700, "height": 370 },
			"a_14_": { "y": 182.81, "width": 700, "height": 370 },
			"a_15_": { "y": 182.81, "width": 700, "height": 370 },
			"a_16_": { "y": 182.81, "width": 700, "height": 370 },
			"a_17_": { "y": 182.81, "width": 700, "height": 370 },
			"a_18_": { "y": 182.81, "width": 700, "height": 370 },
			"a_19_": { "y": 182.81, "width": 700, "height": 370 },
			"a_20_": { "y": 182.81, "width": 700, "height": 370 },
			"a_21_": { "y": 182.81, "width": 700, "height": 370 },
			"a_22_": { "y": 182.81, "width": 700, "height": 370 },
			"a_23_": { "y": 182.81, "width": 700, "height": 370 },
			"a_24_": { "y": 182.81, "width": 700, "height": 370 },
			"a_25_": { "y": 182.81, "width": 700, "height": 370 },
			"a_26_": { "y": 182.81, "width": 700, "height": 370 },
			"a_27_": { "y": 182.81, "width": 700, "height": 370 },
			"a_28_": { "y": 182.81, "width": 700, "height": 370 }
		},
		"b_00_": {
			"b_00_": { "y": -187.19, "scaleX": 2, "scaleY": 2, "width": 350, "height": 185 },
			"b_01_": { "y": -187.19, "scaleX": 2, "scaleY": 2, "width": 350, "height": 185 },
			"b_02_": { "y": -187.19, "scaleX": 2, "scaleY": 2, "width": 350, "height": 185 },
			"b_03_": { "y": -187.19, "scaleX": 2, "scaleY": 2, "width": 350, "height": 185 },
			"b_04_": { "y": -187.19, "scaleX": 2, "scaleY": 2, "width": 350, "height": 185 },
			"b_05_": { "y": -187.19, "scaleX": 2, "scaleY": 2, "width": 350, "height": 185 },
			"b_06_": { "y": -187.19, "scaleX": 2, "scaleY": 2, "width": 350, "height": 185 },
			"b_07_": { "y": -187.19, "scaleX": 2, "scaleY": 2, "width": 350, "height": 185 },
			"b_08_": { "y": -187.19, "scaleX": 2, "scaleY": 2, "width": 350, "height": 185 },
			"b_09_": { "y": -187.19, "scaleX": 2, "scaleY": 2, "width": 350, "height": 185 },
			"b_10_": { "y": -187.19, "scaleX": 2, "scaleY": 2, "width": 350, "height": 185 },
			"b_11_": { "y": -187.19, "scaleX": 2, "scaleY": 2, "width": 350, "height": 185 },
			"b_12_": { "y": -187.19, "scaleX": 2, "scaleY": 2, "width": 350, "height": 185 },
			"b_13_": { "y": -187.19, "scaleX": 2, "scaleY": 2, "width": 350, "height": 185 },
			"b_14_": { "y": -187.19, "scaleX": 2, "scaleY": 2, "width": 350, "height": 185 },
			"b_15_": { "y": -187.19, "scaleX": 2, "scaleY": 2, "width": 350, "height": 185 },
			"b_16_": { "y": -187.19, "scaleX": 2, "scaleY": 2, "width": 350, "height": 185 },
			"b_17_": { "y": -187.19, "scaleX": 2, "scaleY": 2, "width": 350, "height": 185 },
			"b_18_": { "y": -187.19, "scaleX": 2, "scaleY": 2, "width": 350, "height": 185 },
			"b_19_": { "y": -187.19, "scaleX": 2, "scaleY": 2, "width": 350, "height": 185 },
			"b_20_": { "y": -187.19, "scaleX": 2, "scaleY": 2, "width": 350, "height": 185 },
			"b_21_": { "y": -187.19, "scaleX": 2, "scaleY": 2, "width": 350, "height": 185 },
			"b_22_": { "y": -187.19, "scaleX": 2, "scaleY": 2, "width": 350, "height": 185 },
			"b_23_": { "y": -187.19, "scaleX": 2, "scaleY": 2, "width": 350, "height": 185 },
			"b_24_": { "y": -187.19, "scaleX": 2, "scaleY": 2, "width": 350, "height": 185 },
			"b_25_": { "y": -187.19, "scaleX": 2, "scaleY": 2, "width": 350, "height": 185 },
			"b_26_": { "y": -187.19, "scaleX": 2, "scaleY": 2, "width": 350, "height": 185 },
			"b_27_": { "y": -187.19, "scaleX": 2, "scaleY": 2, "width": 350, "height": 185 },
			"b_28_": { "y": -187.19, "scaleX": 2, "scaleY": 2, "width": 350, "height": 185 }
		},
		"yz_0_": {
			"yz_0_": { "scaleX": 2.5, "scaleY": 1.5, "width": 85, "height": 85 }
		}
	}
},
"animations": {
	"animation": {
		"slots": {
			"a_00_": {
				"attachment": [
					{ "time": 0, "name": "a_00_" },
					{ "time": 0.0667, "name": "a_01_" },
					{ "time": 0.1333, "name": "a_02_" },
					{ "time": 0.2, "name": "a_03_" },
					{ "time": 0.2667, "name": "a_04_" },
					{ "time": 0.3333, "name": "a_05_" },
					{ "time": 0.4333, "name": "a_06_" },
					{ "time": 0.5, "name": "a_07_" },
					{ "time": 0.5667, "name": "a_08_" },
					{ "time": 0.6333, "name": "a_09_" },
					{ "time": 0.7, "name": "a_10_" },
					{ "time": 0.7667, "name": "a_11_" },
					{ "time": 0.8333, "name": "a_00_" },
					{ "time": 0.9, "name": "a_01_" },
					{ "time": 0.9667, "name": "a_02_" },
					{ "time": 1.0333, "name": "a_03_" },
					{ "time": 1.1, "name": "a_04_" },
					{ "time": 1.1667, "name": "a_05_" },
					{ "time": 1.2667, "name": "a_06_" },
					{ "time": 1.3333, "name": "a_07_" },
					{ "time": 1.4, "name": "a_08_" },
					{ "time": 1.4667, "name": "a_09_" },
					{ "time": 1.5333, "name": "a_10_" },
					{ "time": 1.6, "name": "a_11_" },
					{ "time": 1.6667, "name": "a_00_" },
					{ "time": 1.7333, "name": "a_01_" },
					{ "time": 1.8, "name": "a_02_" },
					{ "time": 1.8667, "name": "a_03_" },
					{ "time": 1.9333, "name": "a_04_" },
					{ "time": 2, "name": "a_05_" },
					{ "time": 2.1, "name": "a_06_" },
					{ "time": 2.1667, "name": "a_07_" },
					{ "time": 2.2333, "name": "a_08_" },
					{ "time": 2.3, "name": "a_09_" },
					{ "time": 2.3667, "name": "a_10_" },
					{ "time": 2.4333, "name": "a_11_" },
					{ "time": 2.5, "name": "a_00_" },
					{ "time": 2.5667, "name": "a_01_" },
					{ "time": 2.6333, "name": "a_02_" },
					{ "time": 2.7, "name": "a_03_" },
					{ "time": 2.7667, "name": "a_04_" },
					{ "time": 2.8333, "name": "a_05_" },
					{ "time": 2.9333, "name": "a_06_" },
					{ "time": 3, "name": "a_07_" },
					{ "time": 3.0667, "name": "a_08_" },
					{ "time": 3.1333, "name": "a_09_" },
					{ "time": 3.2, "name": "a_10_" },
					{ "time": 3.2667, "name": "a_11_" },
					{ "time": 3.3667, "name": "a_12_" },
					{ "time": 3.4667, "name": "a_13_" },
					{ "time": 3.5667, "name": "a_14_" },
					{ "time": 3.6667, "name": "a_15_" },
					{ "time": 3.7667, "name": "a_16_" },
					{ "time": 3.8667, "name": "a_17_" },
					{ "time": 3.9667, "name": "a_18_" },
					{ "time": 4.0333, "name": "a_19_" },
					{ "time": 4.1333, "name": "a_20_" },
					{ "time": 4.2333, "name": "a_21_" },
					{ "time": 4.3333, "name": "a_22_" },
					{ "time": 4.4333, "name": "a_23_" },
					{ "time": 4.5333, "name": "a_24_" },
					{ "time": 4.6333, "name": "a_25_" },
					{ "time": 4.7333, "name": "a_26_" },
					{ "time": 4.8333, "name": "a_27_" },
					{ "time": 4.9333, "name": "a_28_" }
				]
			},
			"b_00_": {
				"attachment": [
					{ "time": 0, "name": "b_00_" },
					{ "time": 0.0667, "name": "b_01_" },
					{ "time": 0.1333, "name": "b_02_" },
					{ "time": 0.2, "name": "b_03_" },
					{ "time": 0.2667, "name": "b_04_" },
					{ "time": 0.3333, "name": "b_05_" },
					{ "time": 0.4333, "name": "b_06_" },
					{ "time": 0.5, "name": "b_07_" },
					{ "time": 0.5667, "name": "b_08_" },
					{ "time": 0.6333, "name": "b_09_" },
					{ "time": 0.7, "name": "b_10_" },
					{ "time": 0.7667, "name": "b_11_" },
					{ "time": 0.8333, "name": "b_00_" },
					{ "time": 0.9, "name": "b_01_" },
					{ "time": 0.9667, "name": "b_02_" },
					{ "time": 1.0333, "name": "b_03_" },
					{ "time": 1.1, "name": "b_04_" },
					{ "time": 1.1667, "name": "b_05_" },
					{ "time": 1.2667, "name": "b_06_" },
					{ "time": 1.3333, "name": "b_07_" },
					{ "time": 1.4, "name": "b_08_" },
					{ "time": 1.4667, "name": "b_09_" },
					{ "time": 1.5333, "name": "b_10_" },
					{ "time": 1.6, "name": "b_11_" },
					{ "time": 1.6667, "name": "b_00_" },
					{ "time": 1.7333, "name": "b_01_" },
					{ "time": 1.8, "name": "b_02_" },
					{ "time": 1.8667, "name": "b_03_" },
					{ "time": 1.9333, "name": "b_04_" },
					{ "time": 2, "name": "b_05_" },
					{ "time": 2.1, "name": "b_06_" },
					{ "time": 2.1667, "name": "b_07_" },
					{ "time": 2.2333, "name": "b_08_" },
					{ "time": 2.3, "name": "b_09_" },
					{ "time": 2.3667, "name": "b_10_" },
					{ "time": 2.4333, "name": "b_11_" },
					{ "time": 2.5, "name": "b_00_" },
					{ "time": 2.5667, "name": "b_01_" },
					{ "time": 2.6333, "name": "b_02_" },
					{ "time": 2.7, "name": "b_03_" },
					{ "time": 2.7667, "name": "b_04_" },
					{ "time": 2.8333, "name": "b_05_" },
					{ "time": 2.9333, "name": "b_06_" },
					{ "time": 3, "name": "b_07_" },
					{ "time": 3.0667, "name": "b_08_" },
					{ "time": 3.1333, "name": "b_09_" },
					{ "time": 3.2, "name": "b_10_" },
					{ "time": 3.2667, "name": "b_11_" },
					{ "time": 3.3667, "name": "b_12_" },
					{ "time": 3.4667, "name": "b_13_" },
					{ "time": 3.5667, "name": "b_14_" },
					{ "time": 3.6667, "name": "b_15_" },
					{ "time": 3.7667, "name": "b_16_" },
					{ "time": 3.8667, "name": "b_17_" },
					{ "time": 3.9667, "name": "b_18_" },
					{ "time": 4.0333, "name": "b_19_" },
					{ "time": 4.1333, "name": "b_20_" },
					{ "time": 4.2333, "name": "b_21_" },
					{ "time": 4.3333, "name": "b_22_" },
					{ "time": 4.4333, "name": "b_23_" },
					{ "time": 4.5333, "name": "b_24_" },
					{ "time": 4.6333, "name": "b_25_" },
					{ "time": 4.7333, "name": "b_26_" },
					{ "time": 4.8333, "name": "b_27_" },
					{ "time": 4.9333, "name": "b_28_" }
				]
			}
		}
	}
}
}