{
"skeleton": { "hash": "XsXMsmOigE/PG6qwqtsg/lcq+Zk", "spine": "3.7.94", "width": 0, "height": 0, "images": "./images/", "audio": "D:/WORK/COK/皮肤特效/独眼怪BOSS/独眼怪皮肤spine/独眼怪待机休闲_group/DYdjxx_A" },
"bones": [
	{ "name": "root" },
	{ "name": "ctr", "parent": "root", "x": -90, "y": 93, "scaleX": 1.25, "scaleY": 1.25 },
	{ "name": "DYdjxx_UL_", "parent": "ctr" },
	{ "name": "DYdjxx_UR_", "parent": "ctr" },
	{ "name": "DYdjxx_DL_", "parent": "ctr" },
	{ "name": "DYdjxx_DR_", "parent": "ctr" }
],
"slots": [
	{ "name": "DYdjxx_UL_", "bone": "DYdjxx_UL_" },
	{ "name": "DYdjxx_UR_", "bone": "DYdjxx_UR_" },
	{ "name": "DYdjxx_DL_", "bone": "DYdjxx_DL_" },
	{ "name": "DYdjxx_DR_", "bone": "DYdjxx_DR_" }
],
"skins": {
	"default": {
		"DYdjxx_DL_": {
			"DYdjxx_DL_00000_": { "x": -133.5, "y": -128, "width": 267, "height": 256 },
			"DYdjxx_DL_00003_": { "x": -133.5, "y": -128, "width": 267, "height": 256 },
			"DYdjxx_DL_00006_": { "x": -133.5, "y": -128, "width": 267, "height": 256 },
			"DYdjxx_DL_00009_": { "x": -133.5, "y": -128, "width": 267, "height": 256 },
			"DYdjxx_DL_00012_": { "x": -133.5, "y": -128, "width": 267, "height": 256 },
			"DYdjxx_DL_00015_": { "x": -133.5, "y": -128, "width": 267, "height": 256 },
			"DYdjxx_DL_00018_": { "x": -133.5, "y": -128, "width": 267, "height": 256 },
			"DYdjxx_DL_00021_": { "x": -133.5, "y": -128, "width": 267, "height": 256 },
			"DYdjxx_DL_00024_": { "x": -133.5, "y": -128, "width": 267, "height": 256 },
			"DYdjxx_DL_00027_": { "x": -133.5, "y": -128, "width": 267, "height": 256 },
			"DYdjxx_DL_00030_": { "x": -133.5, "y": -128, "width": 267, "height": 256 },
			"DYdjxx_DL_00033_": { "x": -133.5, "y": -128, "width": 267, "height": 256 },
			"DYdjxx_DL_00036_": { "x": -133.5, "y": -128, "width": 267, "height": 256 },
			"DYdjxx_DL_00039_": { "x": -133.5, "y": -128, "width": 267, "height": 256 },
			"DYdjxx_DL_00042_": { "x": -133.5, "y": -128, "width": 267, "height": 256 },
			"DYdjxx_DL_00045_": { "x": -133.5, "y": -128, "width": 267, "height": 256 },
			"DYdjxx_DL_00048_": { "x": -133.5, "y": -128, "width": 267, "height": 256 },
			"DYdjxx_DL_00051_": { "x": -133.5, "y": -128, "width": 267, "height": 256 },
			"DYdjxx_DL_00054_": { "x": -133.5, "y": -128, "width": 267, "height": 256 },
			"DYdjxx_DL_00057_": { "x": -133.5, "y": -128, "width": 267, "height": 256 },
			"DYdjxx_DL_00060_": { "x": -133.5, "y": -128, "width": 267, "height": 256 },
			"DYdjxx_DL_00063_": { "x": -133.5, "y": -128, "width": 267, "height": 256 },
			"DYdjxx_DL_00066_": { "x": -133.5, "y": -128, "width": 267, "height": 256 },
			"DYdjxx_DL_00069_": { "x": -133.5, "y": -128, "width": 267, "height": 256 },
			"DYdjxx_DL_00072_": { "x": -133.5, "y": -128, "width": 267, "height": 256 },
			"DYdjxx_DL_00075_": { "x": -133.5, "y": -128, "width": 267, "height": 256 },
			"DYdjxx_DL_00078_": { "x": -133.5, "y": -128, "width": 267, "height": 256 },
			"DYdjxx_DL_00081_": { "x": -133.5, "y": -128, "width": 267, "height": 256 },
			"DYdjxx_DL_00084_": { "x": -133.5, "y": -128, "width": 267, "height": 256 },
			"DYdjxx_DL_00087_": { "x": -133.5, "y": -128, "width": 267, "height": 256 },
			"DYdjxx_DL_00090_": { "x": -133.5, "y": -128, "width": 267, "height": 256 },
			"DYdjxx_DL_00093_": { "x": -133.5, "y": -128, "width": 267, "height": 256 },
			"DYdjxx_DL_00096_": { "x": -133.5, "y": -128, "width": 267, "height": 256 },
			"DYdjxx_DL_00099_": { "x": -133.5, "y": -128, "width": 267, "height": 256 },
			"DYdjxx_DL_00102_": { "x": -133.5, "y": -128, "width": 267, "height": 256 },
			"DYdjxx_DL_00105_": { "x": -133.5, "y": -128, "width": 267, "height": 256 },
			"DYdjxx_DL_00108_": { "x": -133.5, "y": -128, "width": 267, "height": 256 },
			"DYdjxx_DL_00111_": { "x": -133.5, "y": -128, "width": 267, "height": 256 },
			"DYdjxx_DL_00114_": { "x": -133.5, "y": -128, "width": 267, "height": 256 },
			"DYdjxx_DL_00117_": { "x": -133.5, "y": -128, "width": 267, "height": 256 },
			"DYdjxx_DL_00120_": { "x": -133.5, "y": -128, "width": 267, "height": 256 },
			"DYdjxx_DL_00123_": { "x": -133.5, "y": -128, "width": 267, "height": 256 },
			"DYdjxx_DL_00126_": { "x": -133.5, "y": -128, "width": 267, "height": 256 },
			"DYdjxx_DL_00129_": { "x": -133.5, "y": -128, "width": 267, "height": 256 },
			"DYdjxx_DL_00132_": { "x": -133.5, "y": -128, "width": 267, "height": 256 }
		},
		"DYdjxx_DR_": {
			"DYdjxx_DR_00000_": { "x": 202.5, "y": -128, "width": 405, "height": 256 },
			"DYdjxx_DR_00003_": { "x": 202.5, "y": -128, "width": 405, "height": 256 },
			"DYdjxx_DR_00006_": { "x": 202.5, "y": -128, "width": 405, "height": 256 },
			"DYdjxx_DR_00009_": { "x": 202.5, "y": -128, "width": 405, "height": 256 },
			"DYdjxx_DR_00012_": { "x": 202.5, "y": -128, "width": 405, "height": 256 },
			"DYdjxx_DR_00015_": { "x": 202.5, "y": -128, "width": 405, "height": 256 },
			"DYdjxx_DR_00018_": { "x": 202.5, "y": -128, "width": 405, "height": 256 },
			"DYdjxx_DR_00021_": { "x": 202.5, "y": -128, "width": 405, "height": 256 },
			"DYdjxx_DR_00024_": { "x": 202.5, "y": -128, "width": 405, "height": 256 },
			"DYdjxx_DR_00027_": { "x": 202.5, "y": -128, "width": 405, "height": 256 },
			"DYdjxx_DR_00030_": { "x": 202.5, "y": -128, "width": 405, "height": 256 },
			"DYdjxx_DR_00033_": { "x": 202.5, "y": -128, "width": 405, "height": 256 },
			"DYdjxx_DR_00036_": { "x": 202.5, "y": -128, "width": 405, "height": 256 },
			"DYdjxx_DR_00039_": { "x": 202.5, "y": -128, "width": 405, "height": 256 },
			"DYdjxx_DR_00042_": { "x": 202.5, "y": -128, "width": 405, "height": 256 },
			"DYdjxx_DR_00045_": { "x": 202.5, "y": -128, "width": 405, "height": 256 },
			"DYdjxx_DR_00048_": { "x": 202.5, "y": -128, "width": 405, "height": 256 },
			"DYdjxx_DR_00051_": { "x": 202.5, "y": -128, "width": 405, "height": 256 },
			"DYdjxx_DR_00054_": { "x": 202.5, "y": -128, "width": 405, "height": 256 },
			"DYdjxx_DR_00057_": { "x": 202.5, "y": -128, "width": 405, "height": 256 },
			"DYdjxx_DR_00060_": { "x": 202.5, "y": -128, "width": 405, "height": 256 },
			"DYdjxx_DR_00063_": { "x": 202.5, "y": -128, "width": 405, "height": 256 },
			"DYdjxx_DR_00066_": { "x": 202.5, "y": -128, "width": 405, "height": 256 },
			"DYdjxx_DR_00069_": { "x": 202.5, "y": -128, "width": 405, "height": 256 },
			"DYdjxx_DR_00072_": { "x": 202.5, "y": -128, "width": 405, "height": 256 },
			"DYdjxx_DR_00075_": { "x": 202.5, "y": -128, "width": 405, "height": 256 },
			"DYdjxx_DR_00078_": { "x": 202.5, "y": -128, "width": 405, "height": 256 },
			"DYdjxx_DR_00081_": { "x": 202.5, "y": -128, "width": 405, "height": 256 },
			"DYdjxx_DR_00084_": { "x": 202.5, "y": -128, "width": 405, "height": 256 },
			"DYdjxx_DR_00087_": { "x": 202.5, "y": -128, "width": 405, "height": 256 },
			"DYdjxx_DR_00090_": { "x": 202.5, "y": -128, "width": 405, "height": 256 },
			"DYdjxx_DR_00093_": { "x": 202.5, "y": -128, "width": 405, "height": 256 },
			"DYdjxx_DR_00096_": { "x": 202.5, "y": -128, "width": 405, "height": 256 },
			"DYdjxx_DR_00099_": { "x": 202.5, "y": -128, "width": 405, "height": 256 },
			"DYdjxx_DR_00102_": { "x": 202.5, "y": -128, "width": 405, "height": 256 },
			"DYdjxx_DR_00105_": { "x": 202.5, "y": -128, "width": 405, "height": 256 },
			"DYdjxx_DR_00108_": { "x": 202.5, "y": -128, "width": 405, "height": 256 },
			"DYdjxx_DR_00111_": { "x": 202.5, "y": -128, "width": 405, "height": 256 },
			"DYdjxx_DR_00114_": { "x": 202.5, "y": -128, "width": 405, "height": 256 },
			"DYdjxx_DR_00117_": { "x": 202.5, "y": -128, "width": 405, "height": 256 },
			"DYdjxx_DR_00120_": { "x": 202.5, "y": -128, "width": 405, "height": 256 },
			"DYdjxx_DR_00123_": { "x": 202.5, "y": -128, "width": 405, "height": 256 },
			"DYdjxx_DR_00126_": { "x": 202.5, "y": -128, "width": 405, "height": 256 },
			"DYdjxx_DR_00129_": { "x": 202.5, "y": -128, "width": 405, "height": 256 },
			"DYdjxx_DR_00132_": { "x": 202.5, "y": -128, "width": 405, "height": 256 }
		},
		"DYdjxx_UL_": {
			"DYdjxx_UL_00000_": { "x": -133.5, "y": 208, "width": 267, "height": 416 },
			"DYdjxx_UL_00003_": { "x": -133.5, "y": 208, "width": 267, "height": 416 },
			"DYdjxx_UL_00006_": { "x": -133.5, "y": 208, "width": 267, "height": 416 },
			"DYdjxx_UL_00009_": { "x": -133.5, "y": 208, "width": 267, "height": 416 },
			"DYdjxx_UL_00012_": { "x": -133.5, "y": 208, "width": 267, "height": 416 },
			"DYdjxx_UL_00015_": { "x": -133.5, "y": 208, "width": 267, "height": 416 },
			"DYdjxx_UL_00018_": { "x": -133.5, "y": 208, "width": 267, "height": 416 },
			"DYdjxx_UL_00021_": { "x": -133.5, "y": 208, "width": 267, "height": 416 },
			"DYdjxx_UL_00024_": { "x": -133.5, "y": 208, "width": 267, "height": 416 },
			"DYdjxx_UL_00027_": { "x": -133.5, "y": 208, "width": 267, "height": 416 },
			"DYdjxx_UL_00030_": { "x": -133.5, "y": 208, "width": 267, "height": 416 },
			"DYdjxx_UL_00033_": { "x": -133.5, "y": 208, "width": 267, "height": 416 },
			"DYdjxx_UL_00036_": { "x": -133.5, "y": 208, "width": 267, "height": 416 },
			"DYdjxx_UL_00039_": { "x": -133.5, "y": 208, "width": 267, "height": 416 },
			"DYdjxx_UL_00042_": { "x": -133.5, "y": 208, "width": 267, "height": 416 },
			"DYdjxx_UL_00045_": { "x": -133.5, "y": 208, "width": 267, "height": 416 },
			"DYdjxx_UL_00048_": { "x": -133.5, "y": 208, "width": 267, "height": 416 },
			"DYdjxx_UL_00051_": { "x": -133.5, "y": 208, "width": 267, "height": 416 },
			"DYdjxx_UL_00054_": { "x": -133.5, "y": 208, "width": 267, "height": 416 },
			"DYdjxx_UL_00057_": { "x": -133.5, "y": 208, "width": 267, "height": 416 },
			"DYdjxx_UL_00060_": { "x": -133.5, "y": 208, "width": 267, "height": 416 },
			"DYdjxx_UL_00063_": { "x": -133.5, "y": 208, "width": 267, "height": 416 },
			"DYdjxx_UL_00066_": { "x": -133.5, "y": 208, "width": 267, "height": 416 },
			"DYdjxx_UL_00069_": { "x": -133.5, "y": 208, "width": 267, "height": 416 },
			"DYdjxx_UL_00072_": { "x": -133.5, "y": 208, "width": 267, "height": 416 },
			"DYdjxx_UL_00075_": { "x": -133.5, "y": 208, "width": 267, "height": 416 },
			"DYdjxx_UL_00078_": { "x": -133.5, "y": 208, "width": 267, "height": 416 },
			"DYdjxx_UL_00081_": { "x": -133.5, "y": 208, "width": 267, "height": 416 },
			"DYdjxx_UL_00084_": { "x": -133.5, "y": 208, "width": 267, "height": 416 },
			"DYdjxx_UL_00087_": { "x": -133.5, "y": 208, "width": 267, "height": 416 },
			"DYdjxx_UL_00090_": { "x": -133.5, "y": 208, "width": 267, "height": 416 },
			"DYdjxx_UL_00093_": { "x": -133.5, "y": 208, "width": 267, "height": 416 },
			"DYdjxx_UL_00096_": { "x": -133.5, "y": 208, "width": 267, "height": 416 },
			"DYdjxx_UL_00099_": { "x": -133.5, "y": 208, "width": 267, "height": 416 },
			"DYdjxx_UL_00102_": { "x": -133.5, "y": 208, "width": 267, "height": 416 },
			"DYdjxx_UL_00105_": { "x": -133.5, "y": 208, "width": 267, "height": 416 },
			"DYdjxx_UL_00108_": { "x": -133.5, "y": 208, "width": 267, "height": 416 },
			"DYdjxx_UL_00111_": { "x": -133.5, "y": 208, "width": 267, "height": 416 },
			"DYdjxx_UL_00114_": { "x": -133.5, "y": 208, "width": 267, "height": 416 },
			"DYdjxx_UL_00117_": { "x": -133.5, "y": 208, "width": 267, "height": 416 },
			"DYdjxx_UL_00120_": { "x": -133.5, "y": 208, "width": 267, "height": 416 },
			"DYdjxx_UL_00123_": { "x": -133.5, "y": 208, "width": 267, "height": 416 },
			"DYdjxx_UL_00126_": { "x": -133.5, "y": 208, "width": 267, "height": 416 },
			"DYdjxx_UL_00129_": { "x": -133.5, "y": 208, "width": 267, "height": 416 },
			"DYdjxx_UL_00132_": { "x": -133.5, "y": 208, "width": 267, "height": 416 }
		},
		"DYdjxx_UR_": {
			"DYdjxx_UR_00000_": { "x": 202.5, "y": 208, "width": 405, "height": 416 },
			"DYdjxx_UR_00003_": { "x": 202.5, "y": 208, "width": 405, "height": 416 },
			"DYdjxx_UR_00006_": { "x": 202.5, "y": 208, "width": 405, "height": 416 },
			"DYdjxx_UR_00009_": { "x": 202.5, "y": 208, "width": 405, "height": 416 },
			"DYdjxx_UR_00012_": { "x": 202.5, "y": 208, "width": 405, "height": 416 },
			"DYdjxx_UR_00015_": { "x": 202.5, "y": 208, "width": 405, "height": 416 },
			"DYdjxx_UR_00018_": { "x": 202.5, "y": 208, "width": 405, "height": 416 },
			"DYdjxx_UR_00021_": { "x": 202.5, "y": 208, "width": 405, "height": 416 },
			"DYdjxx_UR_00024_": { "x": 202.5, "y": 208, "width": 405, "height": 416 },
			"DYdjxx_UR_00027_": { "x": 202.5, "y": 208, "width": 405, "height": 416 },
			"DYdjxx_UR_00030_": { "x": 202.5, "y": 208, "width": 405, "height": 416 },
			"DYdjxx_UR_00033_": { "x": 202.5, "y": 208, "width": 405, "height": 416 },
			"DYdjxx_UR_00036_": { "x": 202.5, "y": 208, "width": 405, "height": 416 },
			"DYdjxx_UR_00039_": { "x": 202.5, "y": 208, "width": 405, "height": 416 },
			"DYdjxx_UR_00042_": { "x": 202.5, "y": 208, "width": 405, "height": 416 },
			"DYdjxx_UR_00045_": { "x": 202.5, "y": 208, "width": 405, "height": 416 },
			"DYdjxx_UR_00048_": { "x": 202.5, "y": 208, "width": 405, "height": 416 },
			"DYdjxx_UR_00051_": { "x": 202.5, "y": 208, "width": 405, "height": 416 },
			"DYdjxx_UR_00054_": { "x": 202.5, "y": 208, "width": 405, "height": 416 },
			"DYdjxx_UR_00057_": { "x": 202.5, "y": 208, "width": 405, "height": 416 },
			"DYdjxx_UR_00060_": { "x": 202.5, "y": 208, "width": 405, "height": 416 },
			"DYdjxx_UR_00063_": { "x": 202.5, "y": 208, "width": 405, "height": 416 },
			"DYdjxx_UR_00066_": { "x": 202.5, "y": 208, "width": 405, "height": 416 },
			"DYdjxx_UR_00069_": { "x": 202.5, "y": 208, "width": 405, "height": 416 },
			"DYdjxx_UR_00072_": { "x": 202.5, "y": 208, "width": 405, "height": 416 },
			"DYdjxx_UR_00075_": { "x": 202.5, "y": 208, "width": 405, "height": 416 },
			"DYdjxx_UR_00078_": { "x": 202.5, "y": 208, "width": 405, "height": 416 },
			"DYdjxx_UR_00081_": { "x": 202.5, "y": 208, "width": 405, "height": 416 },
			"DYdjxx_UR_00084_": { "x": 202.5, "y": 208, "width": 405, "height": 416 },
			"DYdjxx_UR_00087_": { "x": 202.5, "y": 208, "width": 405, "height": 416 },
			"DYdjxx_UR_00090_": { "x": 202.5, "y": 208, "width": 405, "height": 416 },
			"DYdjxx_UR_00093_": { "x": 202.5, "y": 208, "width": 405, "height": 416 },
			"DYdjxx_UR_00096_": { "x": 202.5, "y": 208, "width": 405, "height": 416 },
			"DYdjxx_UR_00099_": { "x": 202.5, "y": 208, "width": 405, "height": 416 },
			"DYdjxx_UR_00102_": { "x": 202.5, "y": 208, "width": 405, "height": 416 },
			"DYdjxx_UR_00105_": { "x": 202.5, "y": 208, "width": 405, "height": 416 },
			"DYdjxx_UR_00108_": { "x": 202.5, "y": 208, "width": 405, "height": 416 },
			"DYdjxx_UR_00111_": { "x": 202.5, "y": 208, "width": 405, "height": 416 },
			"DYdjxx_UR_00114_": { "x": 202.5, "y": 208, "width": 405, "height": 416 },
			"DYdjxx_UR_00117_": { "x": 202.5, "y": 208, "width": 405, "height": 416 },
			"DYdjxx_UR_00120_": { "x": 202.5, "y": 208, "width": 405, "height": 416 },
			"DYdjxx_UR_00123_": { "x": 202.5, "y": 208, "width": 405, "height": 416 },
			"DYdjxx_UR_00126_": { "x": 202.5, "y": 208, "width": 405, "height": 416 },
			"DYdjxx_UR_00129_": { "x": 202.5, "y": 208, "width": 405, "height": 416 },
			"DYdjxx_UR_00132_": { "x": 202.5, "y": 208, "width": 405, "height": 416 }
		}
	}
},
"animations": {
	"animation": {
		"slots": {
			"DYdjxx_DL_": {
				"attachment": [
					{ "time": 0, "name": "DYdjxx_DL_00000_" },
					{ "time": 0.1, "name": "DYdjxx_DL_00003_" },
					{ "time": 0.2, "name": "DYdjxx_DL_00006_" },
					{ "time": 0.3, "name": "DYdjxx_DL_00009_" },
					{ "time": 0.4, "name": "DYdjxx_DL_00012_" },
					{ "time": 0.5, "name": "DYdjxx_DL_00015_" },
					{ "time": 0.6, "name": "DYdjxx_DL_00018_" },
					{ "time": 0.7, "name": "DYdjxx_DL_00021_" },
					{ "time": 0.8, "name": "DYdjxx_DL_00024_" },
					{ "time": 0.9, "name": "DYdjxx_DL_00027_" },
					{ "time": 1, "name": "DYdjxx_DL_00030_" },
					{ "time": 1.1, "name": "DYdjxx_DL_00033_" },
					{ "time": 1.2, "name": "DYdjxx_DL_00036_" },
					{ "time": 1.3, "name": "DYdjxx_DL_00039_" },
					{ "time": 1.4, "name": "DYdjxx_DL_00042_" },
					{ "time": 1.5, "name": "DYdjxx_DL_00045_" },
					{ "time": 1.6, "name": "DYdjxx_DL_00048_" },
					{ "time": 1.7, "name": "DYdjxx_DL_00051_" },
					{ "time": 1.8, "name": "DYdjxx_DL_00054_" },
					{ "time": 1.9, "name": "DYdjxx_DL_00057_" },
					{ "time": 2, "name": "DYdjxx_DL_00060_" },
					{ "time": 2.1, "name": "DYdjxx_DL_00063_" },
					{ "time": 2.2, "name": "DYdjxx_DL_00066_" },
					{ "time": 2.3, "name": "DYdjxx_DL_00069_" },
					{ "time": 2.4, "name": "DYdjxx_DL_00072_" },
					{ "time": 2.5, "name": "DYdjxx_DL_00075_" },
					{ "time": 2.6, "name": "DYdjxx_DL_00078_" },
					{ "time": 2.7, "name": "DYdjxx_DL_00081_" },
					{ "time": 2.8, "name": "DYdjxx_DL_00084_" },
					{ "time": 2.9, "name": "DYdjxx_DL_00087_" },
					{ "time": 3, "name": "DYdjxx_DL_00090_" },
					{ "time": 3.1, "name": "DYdjxx_DL_00093_" },
					{ "time": 3.2, "name": "DYdjxx_DL_00096_" },
					{ "time": 3.3, "name": "DYdjxx_DL_00099_" },
					{ "time": 3.4, "name": "DYdjxx_DL_00102_" },
					{ "time": 3.5, "name": "DYdjxx_DL_00105_" },
					{ "time": 3.6, "name": "DYdjxx_DL_00108_" },
					{ "time": 3.7, "name": "DYdjxx_DL_00111_" },
					{ "time": 3.8, "name": "DYdjxx_DL_00114_" },
					{ "time": 3.9, "name": "DYdjxx_DL_00117_" },
					{ "time": 4, "name": "DYdjxx_DL_00120_" },
					{ "time": 4.1, "name": "DYdjxx_DL_00123_" },
					{ "time": 4.2, "name": "DYdjxx_DL_00126_" },
					{ "time": 4.3, "name": "DYdjxx_DL_00129_" },
					{ "time": 4.4, "name": "DYdjxx_DL_00132_" },
					{ "time": 4.5, "name": null },
					{ "time": 8.5, "name": null }
				]
			},
			"DYdjxx_DR_": {
				"attachment": [
					{ "time": 0, "name": "DYdjxx_DR_00000_" },
					{ "time": 0.1, "name": "DYdjxx_DR_00003_" },
					{ "time": 0.2, "name": "DYdjxx_DR_00006_" },
					{ "time": 0.3, "name": "DYdjxx_DR_00009_" },
					{ "time": 0.4, "name": "DYdjxx_DR_00012_" },
					{ "time": 0.5, "name": "DYdjxx_DR_00015_" },
					{ "time": 0.6, "name": "DYdjxx_DR_00018_" },
					{ "time": 0.7, "name": "DYdjxx_DR_00021_" },
					{ "time": 0.8, "name": "DYdjxx_DR_00024_" },
					{ "time": 0.9, "name": "DYdjxx_DR_00027_" },
					{ "time": 1, "name": "DYdjxx_DR_00030_" },
					{ "time": 1.1, "name": "DYdjxx_DR_00033_" },
					{ "time": 1.2, "name": "DYdjxx_DR_00036_" },
					{ "time": 1.3, "name": "DYdjxx_DR_00039_" },
					{ "time": 1.4, "name": "DYdjxx_DR_00042_" },
					{ "time": 1.5, "name": "DYdjxx_DR_00045_" },
					{ "time": 1.6, "name": "DYdjxx_DR_00048_" },
					{ "time": 1.7, "name": "DYdjxx_DR_00051_" },
					{ "time": 1.8, "name": "DYdjxx_DR_00054_" },
					{ "time": 1.9, "name": "DYdjxx_DR_00057_" },
					{ "time": 2, "name": "DYdjxx_DR_00060_" },
					{ "time": 2.1, "name": "DYdjxx_DR_00063_" },
					{ "time": 2.2, "name": "DYdjxx_DR_00066_" },
					{ "time": 2.3, "name": "DYdjxx_DR_00069_" },
					{ "time": 2.4, "name": "DYdjxx_DR_00072_" },
					{ "time": 2.5, "name": "DYdjxx_DR_00075_" },
					{ "time": 2.6, "name": "DYdjxx_DR_00078_" },
					{ "time": 2.7, "name": "DYdjxx_DR_00081_" },
					{ "time": 2.8, "name": "DYdjxx_DR_00084_" },
					{ "time": 2.9, "name": "DYdjxx_DR_00087_" },
					{ "time": 3, "name": "DYdjxx_DR_00090_" },
					{ "time": 3.1, "name": "DYdjxx_DR_00093_" },
					{ "time": 3.2, "name": "DYdjxx_DR_00096_" },
					{ "time": 3.3, "name": "DYdjxx_DR_00099_" },
					{ "time": 3.4, "name": "DYdjxx_DR_00102_" },
					{ "time": 3.5, "name": "DYdjxx_DR_00105_" },
					{ "time": 3.6, "name": "DYdjxx_DR_00108_" },
					{ "time": 3.7, "name": "DYdjxx_DR_00111_" },
					{ "time": 3.8, "name": "DYdjxx_DR_00114_" },
					{ "time": 3.9, "name": "DYdjxx_DR_00117_" },
					{ "time": 4, "name": "DYdjxx_DR_00120_" },
					{ "time": 4.1, "name": "DYdjxx_DR_00123_" },
					{ "time": 4.2, "name": "DYdjxx_DR_00126_" },
					{ "time": 4.3, "name": "DYdjxx_DR_00129_" },
					{ "time": 4.4, "name": "DYdjxx_DR_00132_" },
					{ "time": 4.5, "name": null },
					{ "time": 8.5, "name": null }
				]
			},
			"DYdjxx_UL_": {
				"attachment": [
					{ "time": 0, "name": "DYdjxx_UL_00000_" },
					{ "time": 0.1, "name": "DYdjxx_UL_00003_" },
					{ "time": 0.2, "name": "DYdjxx_UL_00006_" },
					{ "time": 0.3, "name": "DYdjxx_UL_00009_" },
					{ "time": 0.4, "name": "DYdjxx_UL_00012_" },
					{ "time": 0.5, "name": "DYdjxx_UL_00015_" },
					{ "time": 0.6, "name": "DYdjxx_UL_00018_" },
					{ "time": 0.7, "name": "DYdjxx_UL_00021_" },
					{ "time": 0.8, "name": "DYdjxx_UL_00024_" },
					{ "time": 0.9, "name": "DYdjxx_UL_00027_" },
					{ "time": 1, "name": "DYdjxx_UL_00030_" },
					{ "time": 1.1, "name": "DYdjxx_UL_00033_" },
					{ "time": 1.2, "name": "DYdjxx_UL_00036_" },
					{ "time": 1.3, "name": "DYdjxx_UL_00039_" },
					{ "time": 1.4, "name": "DYdjxx_UL_00042_" },
					{ "time": 1.5, "name": "DYdjxx_UL_00045_" },
					{ "time": 1.6, "name": "DYdjxx_UL_00048_" },
					{ "time": 1.7, "name": "DYdjxx_UL_00051_" },
					{ "time": 1.8, "name": "DYdjxx_UL_00054_" },
					{ "time": 1.9, "name": "DYdjxx_UL_00057_" },
					{ "time": 2, "name": "DYdjxx_UL_00060_" },
					{ "time": 2.1, "name": "DYdjxx_UL_00063_" },
					{ "time": 2.2, "name": "DYdjxx_UL_00066_" },
					{ "time": 2.3, "name": "DYdjxx_UL_00069_" },
					{ "time": 2.4, "name": "DYdjxx_UL_00072_" },
					{ "time": 2.5, "name": "DYdjxx_UL_00075_" },
					{ "time": 2.6, "name": "DYdjxx_UL_00078_" },
					{ "time": 2.7, "name": "DYdjxx_UL_00081_" },
					{ "time": 2.8, "name": "DYdjxx_UL_00084_" },
					{ "time": 2.9, "name": "DYdjxx_UL_00087_" },
					{ "time": 3, "name": "DYdjxx_UL_00090_" },
					{ "time": 3.1, "name": "DYdjxx_UL_00093_" },
					{ "time": 3.2, "name": "DYdjxx_UL_00096_" },
					{ "time": 3.3, "name": "DYdjxx_UL_00099_" },
					{ "time": 3.4, "name": "DYdjxx_UL_00102_" },
					{ "time": 3.5, "name": "DYdjxx_UL_00105_" },
					{ "time": 3.6, "name": "DYdjxx_UL_00108_" },
					{ "time": 3.7, "name": "DYdjxx_UL_00111_" },
					{ "time": 3.8, "name": "DYdjxx_UL_00114_" },
					{ "time": 3.9, "name": "DYdjxx_UL_00117_" },
					{ "time": 4, "name": "DYdjxx_UL_00120_" },
					{ "time": 4.1, "name": "DYdjxx_UL_00123_" },
					{ "time": 4.2, "name": "DYdjxx_UL_00126_" },
					{ "time": 4.3, "name": "DYdjxx_UL_00129_" },
					{ "time": 4.4, "name": "DYdjxx_UL_00132_" },
					{ "time": 4.5, "name": null },
					{ "time": 8.5, "name": null }
				]
			},
			"DYdjxx_UR_": {
				"attachment": [
					{ "time": 0, "name": "DYdjxx_UR_00000_" },
					{ "time": 0.1, "name": "DYdjxx_UR_00003_" },
					{ "time": 0.2, "name": "DYdjxx_UR_00006_" },
					{ "time": 0.3, "name": "DYdjxx_UR_00009_" },
					{ "time": 0.4, "name": "DYdjxx_UR_00012_" },
					{ "time": 0.5, "name": "DYdjxx_UR_00015_" },
					{ "time": 0.6, "name": "DYdjxx_UR_00018_" },
					{ "time": 0.7, "name": "DYdjxx_UR_00021_" },
					{ "time": 0.8, "name": "DYdjxx_UR_00024_" },
					{ "time": 0.9, "name": "DYdjxx_UR_00027_" },
					{ "time": 1, "name": "DYdjxx_UR_00030_" },
					{ "time": 1.1, "name": "DYdjxx_UR_00033_" },
					{ "time": 1.2, "name": "DYdjxx_UR_00036_" },
					{ "time": 1.3, "name": "DYdjxx_UR_00039_" },
					{ "time": 1.4, "name": "DYdjxx_UR_00042_" },
					{ "time": 1.5, "name": "DYdjxx_UR_00045_" },
					{ "time": 1.6, "name": "DYdjxx_UR_00048_" },
					{ "time": 1.7, "name": "DYdjxx_UR_00051_" },
					{ "time": 1.8, "name": "DYdjxx_UR_00054_" },
					{ "time": 1.9, "name": "DYdjxx_UR_00057_" },
					{ "time": 2, "name": "DYdjxx_UR_00060_" },
					{ "time": 2.1, "name": "DYdjxx_UR_00063_" },
					{ "time": 2.2, "name": "DYdjxx_UR_00066_" },
					{ "time": 2.3, "name": "DYdjxx_UR_00069_" },
					{ "time": 2.4, "name": "DYdjxx_UR_00072_" },
					{ "time": 2.5, "name": "DYdjxx_UR_00075_" },
					{ "time": 2.6, "name": "DYdjxx_UR_00078_" },
					{ "time": 2.7, "name": "DYdjxx_UR_00081_" },
					{ "time": 2.8, "name": "DYdjxx_UR_00084_" },
					{ "time": 2.9, "name": "DYdjxx_UR_00087_" },
					{ "time": 3, "name": "DYdjxx_UR_00090_" },
					{ "time": 3.1, "name": "DYdjxx_UR_00093_" },
					{ "time": 3.2, "name": "DYdjxx_UR_00096_" },
					{ "time": 3.3, "name": "DYdjxx_UR_00099_" },
					{ "time": 3.4, "name": "DYdjxx_UR_00102_" },
					{ "time": 3.5, "name": "DYdjxx_UR_00105_" },
					{ "time": 3.6, "name": "DYdjxx_UR_00108_" },
					{ "time": 3.7, "name": "DYdjxx_UR_00111_" },
					{ "time": 3.8, "name": "DYdjxx_UR_00114_" },
					{ "time": 3.9, "name": "DYdjxx_UR_00117_" },
					{ "time": 4, "name": "DYdjxx_UR_00120_" },
					{ "time": 4.1, "name": "DYdjxx_UR_00123_" },
					{ "time": 4.2, "name": "DYdjxx_UR_00126_" },
					{ "time": 4.3, "name": "DYdjxx_UR_00129_" },
					{ "time": 4.4, "name": "DYdjxx_UR_00132_" },
					{ "time": 4.5, "name": null },
					{ "time": 8.5, "name": null }
				]
			}
		},
		"bones": {
			"ctr": {
				"translate": [
					{ "time": 0, "x": 0, "y": 0 }
				]
			}
		}
	}
}
}