{
"skeleton": { "hash": "Q9clIRvsLUh66FzduNGC66M80u8", "spine": "3.7.94", "width": 0, "height": 0, "images": "./images/", "audio": "D:/WORK/COK/皮肤特效/独眼怪BOSS/独眼怪皮肤spine/独眼怪待机休闲_group/DYdjxx_B" },
"bones": [
	{ "name": "root" },
	{ "name": "ctr", "parent": "root", "x": -90, "y": 93, "scaleX": 1.25, "scaleY": 1.25 },
	{ "name": "DYdjxx_UL_", "parent": "ctr" },
	{ "name": "DYdjxx_UR_", "parent": "ctr" },
	{ "name": "DYdjxx_DL_", "parent": "ctr" },
	{ "name": "DYdjxx_DR_", "parent": "ctr" }
],
"slots": [
	{ "name": "DYdjxx_UL_", "bone": "DYdjxx_UL_" },
	{ "name": "DYdjxx_UR_", "bone": "DYdjxx_UR_" },
	{ "name": "DYdjxx_DL_", "bone": "DYdjxx_DL_" },
	{ "name": "DYdjxx_DR_", "bone": "DYdjxx_DR_" }
],
"skins": {
	"default": {
		"DYdjxx_DL_": {
			"DYdjxx_DL_00135_": { "x": -133.5, "y": -128, "width": 267, "height": 256 },
			"DYdjxx_DL_00138_": { "x": -133.5, "y": -128, "width": 267, "height": 256 },
			"DYdjxx_DL_00141_": { "x": -133.5, "y": -128, "width": 267, "height": 256 },
			"DYdjxx_DL_00144_": { "x": -133.5, "y": -128, "width": 267, "height": 256 },
			"DYdjxx_DL_00147_": { "x": -133.5, "y": -128, "width": 267, "height": 256 },
			"DYdjxx_DL_00150_": { "x": -133.5, "y": -128, "width": 267, "height": 256 },
			"DYdjxx_DL_00153_": { "x": -133.5, "y": -128, "width": 267, "height": 256 },
			"DYdjxx_DL_00156_": { "x": -133.5, "y": -128, "width": 267, "height": 256 },
			"DYdjxx_DL_00159_": { "x": -133.5, "y": -128, "width": 267, "height": 256 },
			"DYdjxx_DL_00162_": { "x": -133.5, "y": -128, "width": 267, "height": 256 },
			"DYdjxx_DL_00165_": { "x": -133.5, "y": -128, "width": 267, "height": 256 },
			"DYdjxx_DL_00168_": { "x": -133.5, "y": -128, "width": 267, "height": 256 },
			"DYdjxx_DL_00171_": { "x": -133.5, "y": -128, "width": 267, "height": 256 },
			"DYdjxx_DL_00174_": { "x": -133.5, "y": -128, "width": 267, "height": 256 },
			"DYdjxx_DL_00177_": { "x": -133.5, "y": -128, "width": 267, "height": 256 },
			"DYdjxx_DL_00180_": { "x": -133.5, "y": -128, "width": 267, "height": 256 },
			"DYdjxx_DL_00183_": { "x": -133.5, "y": -128, "width": 267, "height": 256 },
			"DYdjxx_DL_00186_": { "x": -133.5, "y": -128, "width": 267, "height": 256 },
			"DYdjxx_DL_00189_": { "x": -133.5, "y": -128, "width": 267, "height": 256 },
			"DYdjxx_DL_00192_": { "x": -133.5, "y": -128, "width": 267, "height": 256 },
			"DYdjxx_DL_00195_": { "x": -133.5, "y": -128, "width": 267, "height": 256 },
			"DYdjxx_DL_00198_": { "x": -133.5, "y": -128, "width": 267, "height": 256 },
			"DYdjxx_DL_00201_": { "x": -133.5, "y": -128, "width": 267, "height": 256 },
			"DYdjxx_DL_00204_": { "x": -133.5, "y": -128, "width": 267, "height": 256 },
			"DYdjxx_DL_00207_": { "x": -133.5, "y": -128, "width": 267, "height": 256 },
			"DYdjxx_DL_00210_": { "x": -133.5, "y": -128, "width": 267, "height": 256 },
			"DYdjxx_DL_00213_": { "x": -133.5, "y": -128, "width": 267, "height": 256 },
			"DYdjxx_DL_00216_": { "x": -133.5, "y": -128, "width": 267, "height": 256 },
			"DYdjxx_DL_00219_": { "x": -133.5, "y": -128, "width": 267, "height": 256 },
			"DYdjxx_DL_00222_": { "x": -133.5, "y": -128, "width": 267, "height": 256 },
			"DYdjxx_DL_00225_": { "x": -133.5, "y": -128, "width": 267, "height": 256 },
			"DYdjxx_DL_00228_": { "x": -133.5, "y": -128, "width": 267, "height": 256 },
			"DYdjxx_DL_00231_": { "x": -133.5, "y": -128, "width": 267, "height": 256 },
			"DYdjxx_DL_00234_": { "x": -133.5, "y": -128, "width": 267, "height": 256 },
			"DYdjxx_DL_00237_": { "x": -133.5, "y": -128, "width": 267, "height": 256 },
			"DYdjxx_DL_00240_": { "x": -133.5, "y": -128, "width": 267, "height": 256 },
			"DYdjxx_DL_00243_": { "x": -133.5, "y": -128, "width": 267, "height": 256 },
			"DYdjxx_DL_00246_": { "x": -133.5, "y": -128, "width": 267, "height": 256 },
			"DYdjxx_DL_00249_": { "x": -133.5, "y": -128, "width": 267, "height": 256 },
			"DYdjxx_DL_00252_": { "x": -133.5, "y": -128, "width": 267, "height": 256 },
			"DYdjxx_DL_00255_": { "x": -133.5, "y": -128, "width": 267, "height": 256 }
		},
		"DYdjxx_DR_": {
			"DYdjxx_DR_00135_": { "x": 202.5, "y": -128, "width": 405, "height": 256 },
			"DYdjxx_DR_00138_": { "x": 202.5, "y": -128, "width": 405, "height": 256 },
			"DYdjxx_DR_00141_": { "x": 202.5, "y": -128, "width": 405, "height": 256 },
			"DYdjxx_DR_00144_": { "x": 202.5, "y": -128, "width": 405, "height": 256 },
			"DYdjxx_DR_00147_": { "x": 202.5, "y": -128, "width": 405, "height": 256 },
			"DYdjxx_DR_00150_": { "x": 202.5, "y": -128, "width": 405, "height": 256 },
			"DYdjxx_DR_00153_": { "x": 202.5, "y": -128, "width": 405, "height": 256 },
			"DYdjxx_DR_00156_": { "x": 202.5, "y": -128, "width": 405, "height": 256 },
			"DYdjxx_DR_00159_": { "x": 202.5, "y": -128, "width": 405, "height": 256 },
			"DYdjxx_DR_00162_": { "x": 202.5, "y": -128, "width": 405, "height": 256 },
			"DYdjxx_DR_00165_": { "x": 202.5, "y": -128, "width": 405, "height": 256 },
			"DYdjxx_DR_00168_": { "x": 202.5, "y": -128, "width": 405, "height": 256 },
			"DYdjxx_DR_00171_": { "x": 202.5, "y": -128, "width": 405, "height": 256 },
			"DYdjxx_DR_00174_": { "x": 202.5, "y": -128, "width": 405, "height": 256 },
			"DYdjxx_DR_00177_": { "x": 202.5, "y": -128, "width": 405, "height": 256 },
			"DYdjxx_DR_00180_": { "x": 202.5, "y": -128, "width": 405, "height": 256 },
			"DYdjxx_DR_00183_": { "x": 202.5, "y": -128, "width": 405, "height": 256 },
			"DYdjxx_DR_00186_": { "x": 202.5, "y": -128, "width": 405, "height": 256 },
			"DYdjxx_DR_00189_": { "x": 202.5, "y": -128, "width": 405, "height": 256 },
			"DYdjxx_DR_00192_": { "x": 202.5, "y": -128, "width": 405, "height": 256 },
			"DYdjxx_DR_00195_": { "x": 202.5, "y": -128, "width": 405, "height": 256 },
			"DYdjxx_DR_00198_": { "x": 202.5, "y": -128, "width": 405, "height": 256 },
			"DYdjxx_DR_00201_": { "x": 202.5, "y": -128, "width": 405, "height": 256 },
			"DYdjxx_DR_00204_": { "x": 202.5, "y": -128, "width": 405, "height": 256 },
			"DYdjxx_DR_00207_": { "x": 202.5, "y": -128, "width": 405, "height": 256 },
			"DYdjxx_DR_00210_": { "x": 202.5, "y": -128, "width": 405, "height": 256 },
			"DYdjxx_DR_00213_": { "x": 202.5, "y": -128, "width": 405, "height": 256 },
			"DYdjxx_DR_00216_": { "x": 202.5, "y": -128, "width": 405, "height": 256 },
			"DYdjxx_DR_00219_": { "x": 202.5, "y": -128, "width": 405, "height": 256 },
			"DYdjxx_DR_00222_": { "x": 202.5, "y": -128, "width": 405, "height": 256 },
			"DYdjxx_DR_00225_": { "x": 202.5, "y": -128, "width": 405, "height": 256 },
			"DYdjxx_DR_00228_": { "x": 202.5, "y": -128, "width": 405, "height": 256 },
			"DYdjxx_DR_00231_": { "x": 202.5, "y": -128, "width": 405, "height": 256 },
			"DYdjxx_DR_00234_": { "x": 202.5, "y": -128, "width": 405, "height": 256 },
			"DYdjxx_DR_00237_": { "x": 202.5, "y": -128, "width": 405, "height": 256 },
			"DYdjxx_DR_00240_": { "x": 202.5, "y": -128, "width": 405, "height": 256 },
			"DYdjxx_DR_00243_": { "x": 202.5, "y": -128, "width": 405, "height": 256 },
			"DYdjxx_DR_00246_": { "x": 202.5, "y": -128, "width": 405, "height": 256 },
			"DYdjxx_DR_00249_": { "x": 202.5, "y": -128, "width": 405, "height": 256 },
			"DYdjxx_DR_00252_": { "x": 202.5, "y": -128, "width": 405, "height": 256 },
			"DYdjxx_DR_00255_": { "x": 202.5, "y": -128, "width": 405, "height": 256 }
		},
		"DYdjxx_UL_": {
			"DYdjxx_UL_00135_": { "x": -133.5, "y": 208, "width": 267, "height": 416 },
			"DYdjxx_UL_00138_": { "x": -133.5, "y": 208, "width": 267, "height": 416 },
			"DYdjxx_UL_00141_": { "x": -133.5, "y": 208, "width": 267, "height": 416 },
			"DYdjxx_UL_00144_": { "x": -133.5, "y": 208, "width": 267, "height": 416 },
			"DYdjxx_UL_00147_": { "x": -133.5, "y": 208, "width": 267, "height": 416 },
			"DYdjxx_UL_00150_": { "x": -133.5, "y": 208, "width": 267, "height": 416 },
			"DYdjxx_UL_00153_": { "x": -133.5, "y": 208, "width": 267, "height": 416 },
			"DYdjxx_UL_00156_": { "x": -133.5, "y": 208, "width": 267, "height": 416 },
			"DYdjxx_UL_00159_": { "x": -133.5, "y": 208, "width": 267, "height": 416 },
			"DYdjxx_UL_00162_": { "x": -133.5, "y": 208, "width": 267, "height": 416 },
			"DYdjxx_UL_00165_": { "x": -133.5, "y": 208, "width": 267, "height": 416 },
			"DYdjxx_UL_00168_": { "x": -133.5, "y": 208, "width": 267, "height": 416 },
			"DYdjxx_UL_00171_": { "x": -133.5, "y": 208, "width": 267, "height": 416 },
			"DYdjxx_UL_00174_": { "x": -133.5, "y": 208, "width": 267, "height": 416 },
			"DYdjxx_UL_00177_": { "x": -133.5, "y": 208, "width": 267, "height": 416 },
			"DYdjxx_UL_00180_": { "x": -133.5, "y": 208, "width": 267, "height": 416 },
			"DYdjxx_UL_00183_": { "x": -133.5, "y": 208, "width": 267, "height": 416 },
			"DYdjxx_UL_00186_": { "x": -133.5, "y": 208, "width": 267, "height": 416 },
			"DYdjxx_UL_00189_": { "x": -133.5, "y": 208, "width": 267, "height": 416 },
			"DYdjxx_UL_00192_": { "x": -133.5, "y": 208, "width": 267, "height": 416 },
			"DYdjxx_UL_00195_": { "x": -133.5, "y": 208, "width": 267, "height": 416 },
			"DYdjxx_UL_00198_": { "x": -133.5, "y": 208, "width": 267, "height": 416 },
			"DYdjxx_UL_00201_": { "x": -133.5, "y": 208, "width": 267, "height": 416 },
			"DYdjxx_UL_00204_": { "x": -133.5, "y": 208, "width": 267, "height": 416 },
			"DYdjxx_UL_00207_": { "x": -133.5, "y": 208, "width": 267, "height": 416 },
			"DYdjxx_UL_00210_": { "x": -133.5, "y": 208, "width": 267, "height": 416 },
			"DYdjxx_UL_00213_": { "x": -133.5, "y": 208, "width": 267, "height": 416 },
			"DYdjxx_UL_00216_": { "x": -133.5, "y": 208, "width": 267, "height": 416 },
			"DYdjxx_UL_00219_": { "x": -133.5, "y": 208, "width": 267, "height": 416 },
			"DYdjxx_UL_00222_": { "x": -133.5, "y": 208, "width": 267, "height": 416 },
			"DYdjxx_UL_00225_": { "x": -133.5, "y": 208, "width": 267, "height": 416 },
			"DYdjxx_UL_00228_": { "x": -133.5, "y": 208, "width": 267, "height": 416 },
			"DYdjxx_UL_00231_": { "x": -133.5, "y": 208, "width": 267, "height": 416 },
			"DYdjxx_UL_00234_": { "x": -133.5, "y": 208, "width": 267, "height": 416 },
			"DYdjxx_UL_00237_": { "x": -133.5, "y": 208, "width": 267, "height": 416 },
			"DYdjxx_UL_00240_": { "x": -133.5, "y": 208, "width": 267, "height": 416 },
			"DYdjxx_UL_00243_": { "x": -133.5, "y": 208, "width": 267, "height": 416 },
			"DYdjxx_UL_00246_": { "x": -133.5, "y": 208, "width": 267, "height": 416 },
			"DYdjxx_UL_00249_": { "x": -133.5, "y": 208, "width": 267, "height": 416 },
			"DYdjxx_UL_00252_": { "x": -133.5, "y": 208, "width": 267, "height": 416 },
			"DYdjxx_UL_00255_": { "x": -133.5, "y": 208, "width": 267, "height": 416 }
		},
		"DYdjxx_UR_": {
			"DYdjxx_UR_00135_": { "x": 202.5, "y": 208, "width": 405, "height": 416 },
			"DYdjxx_UR_00138_": { "x": 202.5, "y": 208, "width": 405, "height": 416 },
			"DYdjxx_UR_00141_": { "x": 202.5, "y": 208, "width": 405, "height": 416 },
			"DYdjxx_UR_00144_": { "x": 202.5, "y": 208, "width": 405, "height": 416 },
			"DYdjxx_UR_00147_": { "x": 202.5, "y": 208, "width": 405, "height": 416 },
			"DYdjxx_UR_00150_": { "x": 202.5, "y": 208, "width": 405, "height": 416 },
			"DYdjxx_UR_00153_": { "x": 202.5, "y": 208, "width": 405, "height": 416 },
			"DYdjxx_UR_00156_": { "x": 202.5, "y": 208, "width": 405, "height": 416 },
			"DYdjxx_UR_00159_": { "x": 202.5, "y": 208, "width": 405, "height": 416 },
			"DYdjxx_UR_00162_": { "x": 202.5, "y": 208, "width": 405, "height": 416 },
			"DYdjxx_UR_00165_": { "x": 202.5, "y": 208, "width": 405, "height": 416 },
			"DYdjxx_UR_00168_": { "x": 202.5, "y": 208, "width": 405, "height": 416 },
			"DYdjxx_UR_00171_": { "x": 202.5, "y": 208, "width": 405, "height": 416 },
			"DYdjxx_UR_00174_": { "x": 202.5, "y": 208, "width": 405, "height": 416 },
			"DYdjxx_UR_00177_": { "x": 202.5, "y": 208, "width": 405, "height": 416 },
			"DYdjxx_UR_00180_": { "x": 202.5, "y": 208, "width": 405, "height": 416 },
			"DYdjxx_UR_00183_": { "x": 202.5, "y": 208, "width": 405, "height": 416 },
			"DYdjxx_UR_00186_": { "x": 202.5, "y": 208, "width": 405, "height": 416 },
			"DYdjxx_UR_00189_": { "x": 202.5, "y": 208, "width": 405, "height": 416 },
			"DYdjxx_UR_00192_": { "x": 202.5, "y": 208, "width": 405, "height": 416 },
			"DYdjxx_UR_00195_": { "x": 202.5, "y": 208, "width": 405, "height": 416 },
			"DYdjxx_UR_00198_": { "x": 202.5, "y": 208, "width": 405, "height": 416 },
			"DYdjxx_UR_00201_": { "x": 202.5, "y": 208, "width": 405, "height": 416 },
			"DYdjxx_UR_00204_": { "x": 202.5, "y": 208, "width": 405, "height": 416 },
			"DYdjxx_UR_00207_": { "x": 202.5, "y": 208, "width": 405, "height": 416 },
			"DYdjxx_UR_00210_": { "x": 202.5, "y": 208, "width": 405, "height": 416 },
			"DYdjxx_UR_00213_": { "x": 202.5, "y": 208, "width": 405, "height": 416 },
			"DYdjxx_UR_00216_": { "x": 202.5, "y": 208, "width": 405, "height": 416 },
			"DYdjxx_UR_00219_": { "x": 202.5, "y": 208, "width": 405, "height": 416 },
			"DYdjxx_UR_00222_": { "x": 202.5, "y": 208, "width": 405, "height": 416 },
			"DYdjxx_UR_00225_": { "x": 202.5, "y": 208, "width": 405, "height": 416 },
			"DYdjxx_UR_00228_": { "x": 202.5, "y": 208, "width": 405, "height": 416 },
			"DYdjxx_UR_00231_": { "x": 202.5, "y": 208, "width": 405, "height": 416 },
			"DYdjxx_UR_00234_": { "x": 202.5, "y": 208, "width": 405, "height": 416 },
			"DYdjxx_UR_00237_": { "x": 202.5, "y": 208, "width": 405, "height": 416 },
			"DYdjxx_UR_00240_": { "x": 202.5, "y": 208, "width": 405, "height": 416 },
			"DYdjxx_UR_00243_": { "x": 202.5, "y": 208, "width": 405, "height": 416 },
			"DYdjxx_UR_00246_": { "x": 202.5, "y": 208, "width": 405, "height": 416 },
			"DYdjxx_UR_00249_": { "x": 202.5, "y": 208, "width": 405, "height": 416 },
			"DYdjxx_UR_00252_": { "x": 202.5, "y": 208, "width": 405, "height": 416 },
			"DYdjxx_UR_00255_": { "x": 202.5, "y": 208, "width": 405, "height": 416 }
		}
	}
},
"animations": {
	"animation": {
		"slots": {
			"DYdjxx_DL_": {
				"attachment": [
					{ "time": 4.5, "name": "DYdjxx_DL_00135_" },
					{ "time": 4.6, "name": "DYdjxx_DL_00138_" },
					{ "time": 4.7, "name": "DYdjxx_DL_00141_" },
					{ "time": 4.8, "name": "DYdjxx_DL_00144_" },
					{ "time": 4.9, "name": "DYdjxx_DL_00147_" },
					{ "time": 5, "name": "DYdjxx_DL_00150_" },
					{ "time": 5.1, "name": "DYdjxx_DL_00153_" },
					{ "time": 5.2, "name": "DYdjxx_DL_00156_" },
					{ "time": 5.3, "name": "DYdjxx_DL_00159_" },
					{ "time": 5.4, "name": "DYdjxx_DL_00162_" },
					{ "time": 5.5, "name": "DYdjxx_DL_00165_" },
					{ "time": 5.6, "name": "DYdjxx_DL_00168_" },
					{ "time": 5.7, "name": "DYdjxx_DL_00171_" },
					{ "time": 5.8, "name": "DYdjxx_DL_00174_" },
					{ "time": 5.9, "name": "DYdjxx_DL_00177_" },
					{ "time": 6, "name": "DYdjxx_DL_00180_" },
					{ "time": 6.1, "name": "DYdjxx_DL_00183_" },
					{ "time": 6.2, "name": "DYdjxx_DL_00186_" },
					{ "time": 6.3, "name": "DYdjxx_DL_00189_" },
					{ "time": 6.4, "name": "DYdjxx_DL_00192_" },
					{ "time": 6.5, "name": "DYdjxx_DL_00195_" },
					{ "time": 6.6, "name": "DYdjxx_DL_00198_" },
					{ "time": 6.7, "name": "DYdjxx_DL_00201_" },
					{ "time": 6.8, "name": "DYdjxx_DL_00204_" },
					{ "time": 6.9, "name": "DYdjxx_DL_00207_" },
					{ "time": 7, "name": "DYdjxx_DL_00210_" },
					{ "time": 7.1, "name": "DYdjxx_DL_00213_" },
					{ "time": 7.2, "name": "DYdjxx_DL_00216_" },
					{ "time": 7.3, "name": "DYdjxx_DL_00219_" },
					{ "time": 7.4, "name": "DYdjxx_DL_00222_" },
					{ "time": 7.5, "name": "DYdjxx_DL_00225_" },
					{ "time": 7.6, "name": "DYdjxx_DL_00228_" },
					{ "time": 7.7, "name": "DYdjxx_DL_00231_" },
					{ "time": 7.8, "name": "DYdjxx_DL_00234_" },
					{ "time": 7.9, "name": "DYdjxx_DL_00237_" },
					{ "time": 8, "name": "DYdjxx_DL_00240_" },
					{ "time": 8.1, "name": "DYdjxx_DL_00243_" },
					{ "time": 8.2, "name": "DYdjxx_DL_00246_" },
					{ "time": 8.3, "name": "DYdjxx_DL_00249_" },
					{ "time": 8.4, "name": "DYdjxx_DL_00252_" },
					{ "time": 8.5, "name": "DYdjxx_DL_00255_" }
				]
			},
			"DYdjxx_DR_": {
				"attachment": [
					{ "time": 4.5, "name": "DYdjxx_DR_00135_" },
					{ "time": 4.6, "name": "DYdjxx_DR_00138_" },
					{ "time": 4.7, "name": "DYdjxx_DR_00141_" },
					{ "time": 4.8, "name": "DYdjxx_DR_00144_" },
					{ "time": 4.9, "name": "DYdjxx_DR_00147_" },
					{ "time": 5, "name": "DYdjxx_DR_00150_" },
					{ "time": 5.1, "name": "DYdjxx_DR_00153_" },
					{ "time": 5.2, "name": "DYdjxx_DR_00156_" },
					{ "time": 5.3, "name": "DYdjxx_DR_00159_" },
					{ "time": 5.4, "name": "DYdjxx_DR_00162_" },
					{ "time": 5.5, "name": "DYdjxx_DR_00165_" },
					{ "time": 5.6, "name": "DYdjxx_DR_00168_" },
					{ "time": 5.7, "name": "DYdjxx_DR_00171_" },
					{ "time": 5.8, "name": "DYdjxx_DR_00174_" },
					{ "time": 5.9, "name": "DYdjxx_DR_00177_" },
					{ "time": 6, "name": "DYdjxx_DR_00180_" },
					{ "time": 6.1, "name": "DYdjxx_DR_00183_" },
					{ "time": 6.2, "name": "DYdjxx_DR_00186_" },
					{ "time": 6.3, "name": "DYdjxx_DR_00189_" },
					{ "time": 6.4, "name": "DYdjxx_DR_00192_" },
					{ "time": 6.5, "name": "DYdjxx_DR_00195_" },
					{ "time": 6.6, "name": "DYdjxx_DR_00198_" },
					{ "time": 6.7, "name": "DYdjxx_DR_00201_" },
					{ "time": 6.8, "name": "DYdjxx_DR_00204_" },
					{ "time": 6.9, "name": "DYdjxx_DR_00207_" },
					{ "time": 7, "name": "DYdjxx_DR_00210_" },
					{ "time": 7.1, "name": "DYdjxx_DR_00213_" },
					{ "time": 7.2, "name": "DYdjxx_DR_00216_" },
					{ "time": 7.3, "name": "DYdjxx_DR_00219_" },
					{ "time": 7.4, "name": "DYdjxx_DR_00222_" },
					{ "time": 7.5, "name": "DYdjxx_DR_00225_" },
					{ "time": 7.6, "name": "DYdjxx_DR_00228_" },
					{ "time": 7.7, "name": "DYdjxx_DR_00231_" },
					{ "time": 7.8, "name": "DYdjxx_DR_00234_" },
					{ "time": 7.9, "name": "DYdjxx_DR_00237_" },
					{ "time": 8, "name": "DYdjxx_DR_00240_" },
					{ "time": 8.1, "name": "DYdjxx_DR_00243_" },
					{ "time": 8.2, "name": "DYdjxx_DR_00246_" },
					{ "time": 8.3, "name": "DYdjxx_DR_00249_" },
					{ "time": 8.4, "name": "DYdjxx_DR_00252_" },
					{ "time": 8.5, "name": "DYdjxx_DR_00255_" }
				]
			},
			"DYdjxx_UL_": {
				"attachment": [
					{ "time": 4.5, "name": "DYdjxx_UL_00135_" },
					{ "time": 4.6, "name": "DYdjxx_UL_00138_" },
					{ "time": 4.7, "name": "DYdjxx_UL_00141_" },
					{ "time": 4.8, "name": "DYdjxx_UL_00144_" },
					{ "time": 4.9, "name": "DYdjxx_UL_00147_" },
					{ "time": 5, "name": "DYdjxx_UL_00150_" },
					{ "time": 5.1, "name": "DYdjxx_UL_00153_" },
					{ "time": 5.2, "name": "DYdjxx_UL_00156_" },
					{ "time": 5.3, "name": "DYdjxx_UL_00159_" },
					{ "time": 5.4, "name": "DYdjxx_UL_00162_" },
					{ "time": 5.5, "name": "DYdjxx_UL_00165_" },
					{ "time": 5.6, "name": "DYdjxx_UL_00168_" },
					{ "time": 5.7, "name": "DYdjxx_UL_00171_" },
					{ "time": 5.8, "name": "DYdjxx_UL_00174_" },
					{ "time": 5.9, "name": "DYdjxx_UL_00177_" },
					{ "time": 6, "name": "DYdjxx_UL_00180_" },
					{ "time": 6.1, "name": "DYdjxx_UL_00183_" },
					{ "time": 6.2, "name": "DYdjxx_UL_00186_" },
					{ "time": 6.3, "name": "DYdjxx_UL_00189_" },
					{ "time": 6.4, "name": "DYdjxx_UL_00192_" },
					{ "time": 6.5, "name": "DYdjxx_UL_00195_" },
					{ "time": 6.6, "name": "DYdjxx_UL_00198_" },
					{ "time": 6.7, "name": "DYdjxx_UL_00201_" },
					{ "time": 6.8, "name": "DYdjxx_UL_00204_" },
					{ "time": 6.9, "name": "DYdjxx_UL_00207_" },
					{ "time": 7, "name": "DYdjxx_UL_00210_" },
					{ "time": 7.1, "name": "DYdjxx_UL_00213_" },
					{ "time": 7.2, "name": "DYdjxx_UL_00216_" },
					{ "time": 7.3, "name": "DYdjxx_UL_00219_" },
					{ "time": 7.4, "name": "DYdjxx_UL_00222_" },
					{ "time": 7.5, "name": "DYdjxx_UL_00225_" },
					{ "time": 7.6, "name": "DYdjxx_UL_00228_" },
					{ "time": 7.7, "name": "DYdjxx_UL_00231_" },
					{ "time": 7.8, "name": "DYdjxx_UL_00234_" },
					{ "time": 7.9, "name": "DYdjxx_UL_00237_" },
					{ "time": 8, "name": "DYdjxx_UL_00240_" },
					{ "time": 8.1, "name": "DYdjxx_UL_00243_" },
					{ "time": 8.2, "name": "DYdjxx_UL_00246_" },
					{ "time": 8.3, "name": "DYdjxx_UL_00249_" },
					{ "time": 8.4, "name": "DYdjxx_UL_00252_" },
					{ "time": 8.5, "name": "DYdjxx_UL_00255_" }
				]
			},
			"DYdjxx_UR_": {
				"attachment": [
					{ "time": 4.5, "name": "DYdjxx_UR_00135_" },
					{ "time": 4.6, "name": "DYdjxx_UR_00138_" },
					{ "time": 4.7, "name": "DYdjxx_UR_00141_" },
					{ "time": 4.8, "name": "DYdjxx_UR_00144_" },
					{ "time": 4.9, "name": "DYdjxx_UR_00147_" },
					{ "time": 5, "name": "DYdjxx_UR_00150_" },
					{ "time": 5.1, "name": "DYdjxx_UR_00153_" },
					{ "time": 5.2, "name": "DYdjxx_UR_00156_" },
					{ "time": 5.3, "name": "DYdjxx_UR_00159_" },
					{ "time": 5.4, "name": "DYdjxx_UR_00162_" },
					{ "time": 5.5, "name": "DYdjxx_UR_00165_" },
					{ "time": 5.6, "name": "DYdjxx_UR_00168_" },
					{ "time": 5.7, "name": "DYdjxx_UR_00171_" },
					{ "time": 5.8, "name": "DYdjxx_UR_00174_" },
					{ "time": 5.9, "name": "DYdjxx_UR_00177_" },
					{ "time": 6, "name": "DYdjxx_UR_00180_" },
					{ "time": 6.1, "name": "DYdjxx_UR_00183_" },
					{ "time": 6.2, "name": "DYdjxx_UR_00186_" },
					{ "time": 6.3, "name": "DYdjxx_UR_00189_" },
					{ "time": 6.4, "name": "DYdjxx_UR_00192_" },
					{ "time": 6.5, "name": "DYdjxx_UR_00195_" },
					{ "time": 6.6, "name": "DYdjxx_UR_00198_" },
					{ "time": 6.7, "name": "DYdjxx_UR_00201_" },
					{ "time": 6.8, "name": "DYdjxx_UR_00204_" },
					{ "time": 6.9, "name": "DYdjxx_UR_00207_" },
					{ "time": 7, "name": "DYdjxx_UR_00210_" },
					{ "time": 7.1, "name": "DYdjxx_UR_00213_" },
					{ "time": 7.2, "name": "DYdjxx_UR_00216_" },
					{ "time": 7.3, "name": "DYdjxx_UR_00219_" },
					{ "time": 7.4, "name": "DYdjxx_UR_00222_" },
					{ "time": 7.5, "name": "DYdjxx_UR_00225_" },
					{ "time": 7.6, "name": "DYdjxx_UR_00228_" },
					{ "time": 7.7, "name": "DYdjxx_UR_00231_" },
					{ "time": 7.8, "name": "DYdjxx_UR_00234_" },
					{ "time": 7.9, "name": "DYdjxx_UR_00237_" },
					{ "time": 8, "name": "DYdjxx_UR_00240_" },
					{ "time": 8.1, "name": "DYdjxx_UR_00243_" },
					{ "time": 8.2, "name": "DYdjxx_UR_00246_" },
					{ "time": 8.3, "name": "DYdjxx_UR_00249_" },
					{ "time": 8.4, "name": "DYdjxx_UR_00252_" },
					{ "time": 8.5, "name": "DYdjxx_UR_00255_" }
				]
			}
		},
		"bones": {
			"ctr": {
				"translate": [
					{ "time": 0, "x": 0, "y": 0 }
				]
			}
		}
	}
}
}