{
"skeleton": { "hash": "o8Mz7uJ/r35INbnssKbBfk0t2BA", "spine": "2.1.27", "width": 0, "height": 0 },
"bones": [
	{ "name": "root" },
	{ "name": "bone", "parent": "root", "length": 244.37, "x": 280 },
	{ "name": "bone2", "parent": "bone", "length": 122.47, "x": 8.03, "y": 36.58, "rotation": 270 }
],
"slots": [
	{ "name": "DSJgj_000_", "bone": "bone" },
	{ "name": "DSJdj_028_", "bone": "bone" },
	{ "name": "DSJdj_028_1_", "bone": "bone" },
	{ "name": "DSJdj_026_", "bone": "bone" },
	{ "name": "DSJdj_026_1_", "bone": "bone" },
	{ "name": "DSJdj_024_", "bone": "bone" },
	{ "name": "DSJdj_024_1_", "bone": "bone" },
	{ "name": "DSJdj_022_", "bone": "bone" },
	{ "name": "DSJdj_022_1_", "bone": "bone" },
	{ "name": "DSJdj_020_", "bone": "bone" },
	{ "name": "DSJdj_020_1_", "bone": "bone" },
	{ "name": "DSJdj_018_", "bone": "bone" },
	{ "name": "DSJdj_018_1_", "bone": "bone" },
	{ "name": "DSJdj_016_", "bone": "bone" },
	{ "name": "DSJdj_016_1_", "bone": "bone" },
	{ "name": "DSJdj_014_", "bone": "bone" },
	{ "name": "DSJdj_014_1_", "bone": "bone" },
	{ "name": "DSJdj_012_", "bone": "bone" },
	{ "name": "DSJdj_012_1_", "bone": "bone" },
	{ "name": "DSJdj_010_", "bone": "bone" },
	{ "name": "DSJdj_010_1_", "bone": "bone" },
	{ "name": "DSJdj_008_", "bone": "bone" },
	{ "name": "DSJdj_008_1_", "bone": "bone" },
	{ "name": "DSJdj_006_", "bone": "bone" },
	{ "name": "DSJdj_006_1_", "bone": "bone" },
	{ "name": "DSJdj_004_", "bone": "bone" },
	{ "name": "DSJdj_004_1_", "bone": "bone" },
	{ "name": "DSJdj_002_", "bone": "bone" },
	{ "name": "DSJdj_002_1_", "bone": "bone" },
	{ "name": "DSJdj_000_", "bone": "bone" },
	{ "name": "DSJdj_000_1_", "bone": "bone" },
	{ "name": "DSJdj_029_2", "bone": "bone2" },
	{ "name": "bone", "bone": "bone" },
	{ "name": "DSJdj_029_", "bone": "root" }
],
"skins": {
	"default": {
		"DSJdj_000_": {
			"DSJdj_000_": { "x": 34, "y": 188.5, "width": 218, "height": 307 }
		},
		"DSJdj_000_1_": {
			"DSJdj_000_1_": { "x": -131.5, "y": 200.5, "width": 113, "height": 279 }
		},
		"DSJdj_002_": {
			"DSJdj_002_": { "x": 110.5, "y": 149.5, "width": 71, "height": 201 }
		},
		"DSJdj_002_1_": {
			"DSJdj_002_1_": { "x": -57.5, "y": 188, "width": 265, "height": 306 }
		},
		"DSJdj_004_": {
			"DSJdj_004_": { "x": -23.5, "y": 145, "width": 337, "height": 220 }
		},
		"DSJdj_004_1_": {
			"DSJdj_004_1_": { "x": -52, "y": 298.5, "width": 256, "height": 87 }
		},
		"DSJdj_006_": {
			"DSJdj_006_": { "x": 114, "y": 152, "width": 58, "height": 196 }
		},
		"DSJdj_006_1_": {
			"DSJdj_006_1_": { "x": -54.5, "y": 188.5, "width": 279, "height": 307 }
		},
		"DSJdj_008_": {
			"DSJdj_008_": { "x": -13, "y": 122.5, "width": 312, "height": 175 }
		},
		"DSJdj_008_1_": {
			"DSJdj_008_1_": { "x": -41.5, "y": 292.5, "width": 323, "height": 165 }
		},
		"DSJdj_010_": {
			"DSJdj_010_": { "x": -30, "y": 145.5, "width": 346, "height": 221 }
		},
		"DSJdj_010_1_": {
			"DSJdj_010_1_": { "x": -56, "y": 315.5, "width": 294, "height": 119 }
		},
		"DSJdj_012_": {
			"DSJdj_012_": { "x": -29.5, "y": 151, "width": 345, "height": 232 }
		},
		"DSJdj_012_1_": {
			"DSJdj_012_1_": { "x": -58.5, "y": 311.5, "width": 267, "height": 89 }
		},
		"DSJdj_014_": {
			"DSJdj_014_": { "x": 108.5, "y": 149, "width": 69, "height": 202 }
		},
		"DSJdj_014_1_": {
			"DSJdj_014_1_": { "x": -63, "y": 187.5, "width": 274, "height": 305 }
		},
		"DSJdj_016_": {
			"DSJdj_016_": { "x": 109.5, "y": 150.5, "width": 67, "height": 199 }
		},
		"DSJdj_016_1_": {
			"DSJdj_016_1_": { "x": -60.5, "y": 185.5, "width": 273, "height": 301 }
		},
		"DSJdj_018_": {
			"DSJdj_018_": { "x": 109.5, "y": 150.5, "width": 67, "height": 199 }
		},
		"DSJdj_018_1_": {
			"DSJdj_018_1_": { "x": -62, "y": 184.5, "width": 276, "height": 299 }
		},
		"DSJdj_020_": {
			"DSJdj_020_": { "x": 108.5, "y": 149, "width": 69, "height": 202 }
		},
		"DSJdj_020_1_": {
			"DSJdj_020_1_": { "x": -57, "y": 184.5, "width": 262, "height": 299 }
		},
		"DSJdj_022_": {
			"DSJdj_022_": { "x": 111, "y": 152, "width": 68, "height": 196 }
		},
		"DSJdj_022_1_": {
			"DSJdj_022_1_": { "x": -54, "y": 184.5, "width": 262, "height": 299 }
		},
		"DSJdj_024_": {
			"DSJdj_024_": { "x": 110.5, "y": 152, "width": 67, "height": 196 }
		},
		"DSJdj_024_1_": {
			"DSJdj_024_1_": { "x": -53.5, "y": 184.5, "width": 261, "height": 299 }
		},
		"DSJdj_026_": {
			"DSJdj_026_": { "x": 109.5, "y": 149.5, "width": 69, "height": 201 }
		},
		"DSJdj_026_1_": {
			"DSJdj_026_1_": { "x": -54.5, "y": 185.5, "width": 259, "height": 301 }
		},
		"DSJdj_028_": {
			"DSJdj_028_": { "x": 109, "y": 149.5, "width": 68, "height": 201 }
		},
		"DSJdj_028_1_": {
			"DSJdj_028_1_": { "x": -55, "y": 187.5, "width": 260, "height": 305 }
		},
		"DSJdj_029_2": {
			"DSJdj_029_": { "x": -161.17, "y": -25.99, "rotation": 90, "width": 429, "height": 384 }
		},
		"DSJgj_000_": {
			"DSJgj_000_": { "x": -22.5, "y": 192.5, "width": 331, "height": 315 },
			"DSJgj_002_": { "x": -26, "y": 191, "width": 344, "height": 312 },
			"DSJgj_004_": { "x": -28, "y": 195.5, "width": 346, "height": 321 },
			"DSJgj_006_": { "x": -35.5, "y": 194.5, "width": 357, "height": 319 },
			"DSJgj_008_": { "x": -32, "y": 191, "width": 350, "height": 312 },
			"DSJgj_010_": { "x": -21.5, "y": 190, "width": 329, "height": 310 },
			"DSJgj_012_": { "x": -15.5, "y": 190, "width": 317, "height": 310 },
			"DSJgj_014_": { "x": -13, "y": 189, "width": 312, "height": 308 },
			"DSJgj_016_": { "x": -13, "y": 186.5, "width": 312, "height": 303 },
			"DSJgj_018_": { "x": -3, "y": 204.5, "width": 400, "height": 339 },
			"DSJgj_020_": { "x": 3.5, "y": 223, "width": 423, "height": 376 },
			"DSJgj_022_": { "x": -4.5, "y": 205.5, "width": 421, "height": 341 },
			"DSJgj_024_": { "x": -2.5, "y": 198.5, "width": 395, "height": 327 },
			"DSJgj_026_": { "x": 4, "y": 202, "width": 406, "height": 334 },
			"DSJgj_028_": { "y": 205, "width": 412, "height": 340 },
			"DSJgj_030_": { "x": -35.5, "y": 203, "width": 357, "height": 336 },
			"DSJgj_032_": { "x": -26.5, "y": 191, "width": 339, "height": 312 }
		}
	}
},
"animations": {
	"dj": {
		"slots": {
			"DSJdj_000_": {
				"attachment": [
					{ "time": 0, "name": "DSJdj_000_" },
					{ "time": 0.1, "name": null },
					{ "time": 1.5666, "name": "DSJdj_000_" }
				]
			},
			"DSJdj_000_1_": {
				"attachment": [
					{ "time": 0, "name": "DSJdj_000_1_" },
					{ "time": 0.1, "name": null },
					{ "time": 1.5666, "name": "DSJdj_000_1_" }
				]
			},
			"DSJdj_002_": {
				"attachment": [
					{ "time": 0.1, "name": "DSJdj_002_" },
					{ "time": 0.1666, "name": null }
				]
			},
			"DSJdj_002_1_": {
				"attachment": [
					{ "time": 0.1, "name": "DSJdj_002_1_" },
					{ "time": 0.1666, "name": null }
				]
			},
			"DSJdj_004_": {
				"attachment": [
					{ "time": 0.1666, "name": "DSJdj_004_" },
					{ "time": 0.3, "name": null }
				]
			},
			"DSJdj_004_1_": {
				"attachment": [
					{ "time": 0.1666, "name": "DSJdj_004_1_" },
					{ "time": 0.3, "name": null }
				]
			},
			"DSJdj_006_": {
				"attachment": [
					{ "time": 0.3, "name": "DSJdj_006_" },
					{ "time": 0.4, "name": null }
				]
			},
			"DSJdj_006_1_": {
				"attachment": [
					{ "time": 0.3, "name": "DSJdj_006_1_" },
					{ "time": 0.4, "name": null }
				]
			},
			"DSJdj_008_": {
				"attachment": [
					{ "time": 0.4, "name": "DSJdj_008_" },
					{ "time": 0.4666, "name": null }
				]
			},
			"DSJdj_008_1_": {
				"attachment": [
					{ "time": 0.4, "name": "DSJdj_008_1_" },
					{ "time": 0.4666, "name": null }
				]
			},
			"DSJdj_010_": {
				"attachment": [
					{ "time": 0.4666, "name": "DSJdj_010_" },
					{ "time": 0.5666, "name": null }
				]
			},
			"DSJdj_010_1_": {
				"attachment": [
					{ "time": 0.4666, "name": "DSJdj_010_1_" },
					{ "time": 0.5666, "name": null }
				]
			},
			"DSJdj_012_": {
				"attachment": [
					{ "time": 0.5666, "name": "DSJdj_012_" },
					{ "time": 0.7, "name": null }
				]
			},
			"DSJdj_012_1_": {
				"attachment": [
					{ "time": 0.5666, "name": "DSJdj_012_1_" },
					{ "time": 0.7, "name": null }
				]
			},
			"DSJdj_014_": {
				"attachment": [
					{ "time": 0.7, "name": "DSJdj_014_" },
					{ "time": 0.8, "name": null }
				]
			},
			"DSJdj_014_1_": {
				"attachment": [
					{ "time": 0.7, "name": "DSJdj_014_1_" },
					{ "time": 0.8, "name": null }
				]
			},
			"DSJdj_016_": {
				"attachment": [
					{ "time": 0.8, "name": "DSJdj_016_" },
					{ "time": 0.8666, "name": null }
				]
			},
			"DSJdj_016_1_": {
				"attachment": [
					{ "time": 0.8, "name": "DSJdj_016_1_" },
					{ "time": 0.8666, "name": null }
				]
			},
			"DSJdj_018_": {
				"attachment": [
					{ "time": 0.8666, "name": "DSJdj_018_" },
					{ "time": 0.9666, "name": null }
				]
			},
			"DSJdj_018_1_": {
				"attachment": [
					{ "time": 0.8666, "name": "DSJdj_018_1_" },
					{ "time": 0.9666, "name": null }
				]
			},
			"DSJdj_020_": {
				"attachment": [
					{ "time": 0.9666, "name": "DSJdj_020_" },
					{ "time": 1.1, "name": null }
				]
			},
			"DSJdj_020_1_": {
				"attachment": [
					{ "time": 0.9666, "name": "DSJdj_020_1_" },
					{ "time": 1.1, "name": null }
				]
			},
			"DSJdj_022_": {
				"attachment": [
					{ "time": 1.1, "name": "DSJdj_022_" },
					{ "time": 1.1666, "name": null }
				]
			},
			"DSJdj_022_1_": {
				"attachment": [
					{ "time": 1.1, "name": "DSJdj_022_1_" },
					{ "time": 1.1666, "name": null }
				]
			},
			"DSJdj_024_": {
				"attachment": [
					{ "time": 1.1666, "name": "DSJdj_024_" },
					{ "time": 1.2666, "name": null }
				]
			},
			"DSJdj_024_1_": {
				"attachment": [
					{ "time": 1.1666, "name": "DSJdj_024_1_" },
					{ "time": 1.2666, "name": null }
				]
			},
			"DSJdj_026_": {
				"attachment": [
					{ "time": 1.1666, "name": null },
					{ "time": 1.2666, "name": "DSJdj_026_" },
					{ "time": 1.3666, "name": null }
				]
			},
			"DSJdj_026_1_": {
				"attachment": [
					{ "time": 1.1666, "name": null },
					{ "time": 1.2666, "name": "DSJdj_026_1_" },
					{ "time": 1.3666, "name": null },
					{ "time": 1.4666, "name": null }
				]
			},
			"DSJdj_028_": {
				"attachment": [
					{ "time": 1.3666, "name": "DSJdj_028_" },
					{ "time": 1.4666, "name": null },
					{ "time": 1.5666, "name": null }
				]
			},
			"DSJdj_028_1_": {
				"attachment": [
					{ "time": 1.3666, "name": "DSJdj_028_1_" },
					{ "time": 1.4666, "name": null },
					{ "time": 1.5666, "name": null }
				]
			},
			"DSJdj_029_2": {
				"attachment": [
					{ "time": 0, "name": null },
					{ "time": 1.4333, "name": null },
					{ "time": 1.4666, "name": "DSJdj_029_" },
					{ "time": 1.5666, "name": null }
				]
			}
		},
		"bones": {
			"bone": {
				"translate": [
					{ "time": 0, "x": -271.56, "y": -48.4 }
				]
			},
			"bone2": {
				"rotate": [
					{ "time": 0, "angle": 0, "curve": "stepped" },
					{ "time": 1.5666, "angle": 0 }
				],
				"translate": [
					{ "time": 0, "x": 0, "y": 0, "curve": "stepped" },
					{ "time": 1.4666, "x": -0.72, "y": 0.66, "curve": "stepped" },
					{ "time": 1.5666, "x": -0.72, "y": 0.66 }
				],
				"scale": [
					{ "time": 0, "x": 1, "y": 1, "curve": "stepped" },
					{ "time": 1.5666, "x": 1, "y": 1 }
				]
			}
		}
	},
	"gj": {
		"slots": {
			"DSJgj_000_": {
				"attachment": [
					{ "time": 0, "name": "DSJgj_000_" },
					{ "time": 0.1, "name": "DSJgj_002_" },
					{ "time": 0.2333, "name": "DSJgj_004_" },
					{ "time": 0.3333, "name": "DSJgj_006_" },
					{ "time": 0.4333, "name": "DSJgj_008_" },
					{ "time": 0.5333, "name": "DSJgj_010_" },
					{ "time": 0.6666, "name": "DSJgj_012_" },
					{ "time": 0.7666, "name": "DSJgj_014_" },
					{ "time": 0.8333, "name": "DSJgj_016_" },
					{ "time": 0.9333, "name": "DSJgj_018_" },
					{ "time": 1.0666, "name": "DSJgj_020_" },
					{ "time": 1.1666, "name": "DSJgj_022_" },
					{ "time": 1.2666, "name": "DSJgj_024_" },
					{ "time": 1.3666, "name": "DSJgj_026_" },
					{ "time": 1.5, "name": "DSJgj_028_" },
					{ "time": 1.6, "name": "DSJgj_030_" },
					{ "time": 1.7, "name": "DSJgj_032_" },
					{ "time": 1.8, "name": "DSJgj_000_" }
				]
			}
		},
		"bones": {
			"bone": {
				"rotate": [
					{ "time": 1.8, "angle": 0 }
				],
				"translate": [
					{ "time": 0, "x": -271.56, "y": -48.4, "curve": "stepped" },
					{ "time": 1.8, "x": -271.56, "y": -48.4 }
				],
				"scale": [
					{ "time": 1.8, "x": 1, "y": 1 }
				]
			}
		}
	}
}
}