{
"skeleton": { "hash": "2bfkATBLkOkpaTHqMeHq6ehoB2s", "spine": "3.7.94", "width": 1600, "height": 1600, "images": "./images/", "audio": "F:/COK项目/Spine工程/海拉皮肤spine/攻击动作Spine文件" },
"bones": [
	{ "name": "root" },
	{ "name": "daoguang_", "parent": "root", "x": 205, "y": 210, "scaleX": 2.5, "scaleY": 2.5 },
	{ "name": "juqi", "parent": "root", "x": 205, "y": 210, "scaleX": 2.5, "scaleY": 2.5 },
	{ "name": "kulou", "parent": "root", "x": 205, "y": 210, "scaleX": 1.674, "scaleY": 1.674 },
	{ "name": "glow", "parent": "root", "x": 205, "y": 210, "scaleX": 2.5, "scaleY": 2.5 },
	{ "name": "gongji_body", "parent": "root", "x": 205, "y": 210, "scaleX": 1.25, "scaleY": 1.25 },
	{ "name": "kulou2", "parent": "root", "x": 205, "y": 210, "scaleX": 1.5, "scaleY": 1.5 },
	{ "name": "kulou3", "parent": "root", "x": 205, "y": 210, "scaleX": 1.674, "scaleY": 1.674 },
	{ "name": "kulou4", "parent": "root", "x": 205, "y": 210, "scaleX": 1.741, "scaleY": 1.741 }
],
"slots": [
	{ "name": "gongji_body_000_", "bone": "gongji_body", "attachment": "gongji_body_000_" },
	{ "name": "kulou", "bone": "kulou" },
	{ "name": "kulou3", "bone": "kulou3" },
	{ "name": "kulou4", "bone": "kulou4" },
	{ "name": "kulou2", "bone": "kulou2" },
	{ "name": "juqi", "bone": "juqi", "blend": "additive" },
	{ "name": "daoguang_", "bone": "daoguang_" },
	{ "name": "glow_059_", "bone": "glow", "blend": "additive" }
],
"skins": {
	"default": {
		"daoguang_": {
			"daoguang_057_": { "width": 640, "height": 640 },
			"daoguang_059_": { "width": 640, "height": 640 },
			"daoguang_061_": { "width": 640, "height": 640 },
			"daoguang_063_": { "width": 640, "height": 640 },
			"daoguang_065_": { "width": 640, "height": 640 },
			"daoguang_067_": { "width": 640, "height": 640 },
			"daoguang_069_": { "width": 640, "height": 640 },
			"daoguang_071_": { "width": 640, "height": 640 }
		},
		"glow_059_": {
			"glow_059_": { "width": 640, "height": 640 }
		},
		"gongji_body_000_": {
			"gongji_body_000_": { "width": 1280, "height": 1280 },
			"gongji_body_002_": { "width": 1280, "height": 1280 },
			"gongji_body_004_": { "width": 1280, "height": 1280 },
			"gongji_body_006_": { "width": 1280, "height": 1280 },
			"gongji_body_008_": { "width": 1280, "height": 1280 },
			"gongji_body_010_": { "width": 1280, "height": 1280 },
			"gongji_body_012_": { "width": 1280, "height": 1280 },
			"gongji_body_014_": { "width": 1280, "height": 1280 },
			"gongji_body_016_": { "width": 1280, "height": 1280 },
			"gongji_body_018_": { "width": 1280, "height": 1280 },
			"gongji_body_020_": { "width": 1280, "height": 1280 },
			"gongji_body_022_": { "width": 1280, "height": 1280 },
			"gongji_body_024_": { "width": 1280, "height": 1280 },
			"gongji_body_026_": { "width": 1280, "height": 1280 },
			"gongji_body_028_": { "width": 1280, "height": 1280 },
			"gongji_body_030_": { "width": 1280, "height": 1280 },
			"gongji_body_032_": { "width": 1280, "height": 1280 },
			"gongji_body_034_": { "width": 1280, "height": 1280 },
			"gongji_body_036_": { "width": 1280, "height": 1280 },
			"gongji_body_038_": { "width": 1280, "height": 1280 },
			"gongji_body_040_": { "width": 1280, "height": 1280 },
			"gongji_body_042_": { "width": 1280, "height": 1280 },
			"gongji_body_044_": { "width": 1280, "height": 1280 },
			"gongji_body_046_": { "width": 1280, "height": 1280 },
			"gongji_body_048_": { "width": 1280, "height": 1280 },
			"gongji_body_050_": { "width": 1280, "height": 1280 },
			"gongji_body_052_": { "width": 1280, "height": 1280 },
			"gongji_body_054_": { "width": 1280, "height": 1280 },
			"gongji_body_056_": { "width": 1280, "height": 1280 },
			"gongji_body_058_": { "width": 1280, "height": 1280 },
			"gongji_body_060_": { "width": 1280, "height": 1280 },
			"gongji_body_062_": { "width": 1280, "height": 1280 },
			"gongji_body_064_": { "width": 1280, "height": 1280 },
			"gongji_body_066_": { "width": 1280, "height": 1280 },
			"gongji_body_068_": { "width": 1280, "height": 1280 },
			"gongji_body_070_": { "width": 1280, "height": 1280 },
			"gongji_body_072_": { "width": 1280, "height": 1280 },
			"gongji_body_074_": { "width": 1280, "height": 1280 },
			"gongji_body_076_": { "width": 1280, "height": 1280 },
			"gongji_body_078_": { "width": 1280, "height": 1280 },
			"gongji_body_080_": { "width": 1280, "height": 1280 }
		},
		"juqi": {
			"juqi_025_": { "width": 640, "height": 640 },
			"juqi_027_": { "width": 640, "height": 640 },
			"juqi_029_": { "width": 640, "height": 640 },
			"juqi_031_": { "width": 640, "height": 640 },
			"juqi_033_": { "width": 640, "height": 640 },
			"juqi_035_": { "width": 640, "height": 640 },
			"juqi_037_": { "width": 640, "height": 640 },
			"juqi_039_": { "width": 640, "height": 640 },
			"juqi_041_": { "width": 640, "height": 640 },
			"juqi_043_": { "width": 640, "height": 640 },
			"juqi_045_": { "width": 640, "height": 640 },
			"juqi_047_": { "width": 640, "height": 640 },
			"juqi_049_": { "width": 640, "height": 640 },
			"juqi_051_": { "width": 640, "height": 640 },
			"juqi_053_": { "width": 640, "height": 640 },
			"juqi_055_": { "width": 640, "height": 640 }
		},
		"kulou": {
			"kulou_001_": { "width": 256, "height": 40 },
			"kulou_003_": { "width": 256, "height": 40 },
			"kulou_005_": { "width": 256, "height": 40 },
			"kulou_007_": { "width": 256, "height": 40 },
			"kulou_009_": { "width": 256, "height": 40 },
			"kulou_011_": { "width": 256, "height": 40 },
			"kulou_013_": { "width": 256, "height": 40 },
			"kulou_015_": { "width": 256, "height": 40 },
			"kulou_017_": { "width": 256, "height": 40 }
		},
		"kulou2": {
			"kulou_001_": { "width": 256, "height": 40 },
			"kulou_003_": { "width": 256, "height": 40 },
			"kulou_005_": { "width": 256, "height": 40 },
			"kulou_007_": { "width": 256, "height": 40 },
			"kulou_009_": { "width": 256, "height": 40 },
			"kulou_011_": { "width": 256, "height": 40 },
			"kulou_013_": { "width": 256, "height": 40 },
			"kulou_015_": { "width": 256, "height": 40 },
			"kulou_017_": { "width": 256, "height": 40 }
		},
		"kulou3": {
			"kulou_001_": { "width": 256, "height": 40 },
			"kulou_003_": { "width": 256, "height": 40 },
			"kulou_005_": { "width": 256, "height": 40 },
			"kulou_007_": { "width": 256, "height": 40 },
			"kulou_009_": { "width": 256, "height": 40 },
			"kulou_011_": { "width": 256, "height": 40 },
			"kulou_013_": { "width": 256, "height": 40 },
			"kulou_015_": { "width": 256, "height": 40 },
			"kulou_017_": { "width": 256, "height": 40 }
		},
		"kulou4": {
			"kulou_001_": { "width": 256, "height": 40 },
			"kulou_003_": { "width": 256, "height": 40 },
			"kulou_005_": { "width": 256, "height": 40 },
			"kulou_007_": { "width": 256, "height": 40 },
			"kulou_009_": { "width": 256, "height": 40 },
			"kulou_011_": { "width": 256, "height": 40 },
			"kulou_013_": { "width": 256, "height": 40 },
			"kulou_015_": { "width": 256, "height": 40 },
			"kulou_017_": { "width": 256, "height": 40 }
		}
	}
},
"animations": {
	"animation": {
		"slots": {
			"daoguang_": {
				"attachment": [
					{ "time": 1.9, "name": "daoguang_057_" },
					{ "time": 1.9667, "name": "daoguang_059_" },
					{ "time": 2.0333, "name": "daoguang_061_" },
					{ "time": 2.1, "name": "daoguang_063_" },
					{ "time": 2.1667, "name": "daoguang_065_" },
					{ "time": 2.2333, "name": "daoguang_067_" },
					{ "time": 2.3, "name": "daoguang_069_" },
					{ "time": 2.3667, "name": "daoguang_071_" },
					{ "time": 2.4333, "name": null }
				]
			},
			"glow_059_": {
				"color": [
					{ "time": 1.9667, "color": "ffffffff" },
					{ "time": 2.2333, "color": "ffffff00" }
				],
				"attachment": [
					{ "time": 1.9667, "name": "glow_059_" }
				]
			},
			"gongji_body_000_": {
				"attachment": [
					{ "time": 0, "name": "gongji_body_000_" },
					{ "time": 0.0667, "name": "gongji_body_002_" },
					{ "time": 0.1333, "name": "gongji_body_004_" },
					{ "time": 0.2, "name": "gongji_body_006_" },
					{ "time": 0.2667, "name": "gongji_body_008_" },
					{ "time": 0.3333, "name": "gongji_body_010_" },
					{ "time": 0.4, "name": "gongji_body_012_" },
					{ "time": 0.4667, "name": "gongji_body_014_" },
					{ "time": 0.5333, "name": "gongji_body_016_" },
					{ "time": 0.6, "name": "gongji_body_018_" },
					{ "time": 0.6667, "name": "gongji_body_020_" },
					{ "time": 0.7333, "name": "gongji_body_022_" },
					{ "time": 0.8, "name": "gongji_body_024_" },
					{ "time": 0.8667, "name": "gongji_body_026_" },
					{ "time": 0.9333, "name": "gongji_body_028_" },
					{ "time": 1, "name": "gongji_body_030_" },
					{ "time": 1.0667, "name": "gongji_body_032_" },
					{ "time": 1.1333, "name": "gongji_body_034_" },
					{ "time": 1.2, "name": "gongji_body_036_" },
					{ "time": 1.2667, "name": "gongji_body_038_" },
					{ "time": 1.3333, "name": "gongji_body_040_" },
					{ "time": 1.4, "name": "gongji_body_042_" },
					{ "time": 1.4667, "name": "gongji_body_044_" },
					{ "time": 1.5333, "name": "gongji_body_046_" },
					{ "time": 1.6, "name": "gongji_body_048_" },
					{ "time": 1.6667, "name": "gongji_body_050_" },
					{ "time": 1.7333, "name": "gongji_body_052_" },
					{ "time": 1.8, "name": "gongji_body_054_" },
					{ "time": 1.8667, "name": "gongji_body_056_" },
					{ "time": 1.9333, "name": "gongji_body_058_" },
					{ "time": 2, "name": "gongji_body_060_" },
					{ "time": 2.0667, "name": "gongji_body_062_" },
					{ "time": 2.1333, "name": "gongji_body_064_" },
					{ "time": 2.2, "name": "gongji_body_066_" },
					{ "time": 2.2667, "name": "gongji_body_068_" },
					{ "time": 2.3333, "name": "gongji_body_070_" },
					{ "time": 2.4, "name": "gongji_body_072_" },
					{ "time": 2.4667, "name": "gongji_body_074_" },
					{ "time": 2.5333, "name": "gongji_body_076_" },
					{ "time": 2.6, "name": "gongji_body_078_" },
					{ "time": 2.6667, "name": "gongji_body_080_" },
					{ "time": 2.7333, "name": null }
				]
			},
			"juqi": {
				"attachment": [
					{ "time": 0.8333, "name": "juqi_025_" },
					{ "time": 0.9, "name": "juqi_027_" },
					{ "time": 0.9667, "name": "juqi_029_" },
					{ "time": 1.0333, "name": "juqi_031_" },
					{ "time": 1.1, "name": "juqi_033_" },
					{ "time": 1.1667, "name": "juqi_035_" },
					{ "time": 1.2333, "name": "juqi_037_" },
					{ "time": 1.3, "name": "juqi_039_" },
					{ "time": 1.3667, "name": "juqi_041_" },
					{ "time": 1.4333, "name": "juqi_043_" },
					{ "time": 1.5, "name": "juqi_045_" },
					{ "time": 1.5667, "name": "juqi_047_" },
					{ "time": 1.6333, "name": "juqi_049_" },
					{ "time": 1.7, "name": "juqi_051_" },
					{ "time": 1.7667, "name": "juqi_053_" },
					{ "time": 1.8333, "name": "juqi_055_" },
					{ "time": 1.9, "name": null }
				]
			},
			"kulou": {
				"attachment": [
					{ "time": 2, "name": "kulou_001_" },
					{ "time": 2.0667, "name": "kulou_003_" },
					{ "time": 2.1333, "name": "kulou_005_" },
					{ "time": 2.2, "name": "kulou_007_" },
					{ "time": 2.2667, "name": "kulou_009_" },
					{ "time": 2.3333, "name": "kulou_011_" },
					{ "time": 2.4, "name": "kulou_013_" },
					{ "time": 2.4667, "name": "kulou_015_" },
					{ "time": 2.5333, "name": "kulou_017_" },
					{ "time": 2.6, "name": null }
				]
			},
			"kulou2": {
				"attachment": [
					{ "time": 2.0667, "name": "kulou_001_" },
					{ "time": 2.1333, "name": "kulou_003_" },
					{ "time": 2.2, "name": "kulou_005_" },
					{ "time": 2.2667, "name": "kulou_007_" },
					{ "time": 2.3333, "name": "kulou_009_" },
					{ "time": 2.4, "name": "kulou_011_" },
					{ "time": 2.4667, "name": "kulou_013_" },
					{ "time": 2.5333, "name": "kulou_015_" },
					{ "time": 2.6, "name": "kulou_017_" },
					{ "time": 2.6667, "name": null }
				]
			},
			"kulou3": {
				"attachment": [
					{ "time": 2.0333, "name": "kulou_001_" },
					{ "time": 2.1, "name": "kulou_003_" },
					{ "time": 2.1667, "name": "kulou_005_" },
					{ "time": 2.2333, "name": "kulou_007_" },
					{ "time": 2.3, "name": "kulou_009_" },
					{ "time": 2.3667, "name": "kulou_011_" },
					{ "time": 2.4333, "name": "kulou_013_" },
					{ "time": 2.5, "name": "kulou_015_" },
					{ "time": 2.5667, "name": "kulou_017_" },
					{ "time": 2.6333, "name": null }
				]
			},
			"kulou4": {
				"attachment": [
					{ "time": 2.0667, "name": "kulou_001_" },
					{ "time": 2.1333, "name": "kulou_003_" },
					{ "time": 2.2, "name": "kulou_005_" },
					{ "time": 2.2667, "name": "kulou_007_" },
					{ "time": 2.3333, "name": "kulou_009_" },
					{ "time": 2.4, "name": "kulou_011_" },
					{ "time": 2.4667, "name": "kulou_013_" },
					{ "time": 2.5333, "name": "kulou_015_" },
					{ "time": 2.6, "name": "kulou_017_" },
					{ "time": 2.6667, "name": null }
				]
			}
		},
		"bones": {
			"kulou": {
				"rotate": [
					{ "time": 0, "angle": -33.46 }
				],
				"translate": [
					{ "time": 0, "x": 107.66, "y": -100.57 }
				]
			},
			"kulou2": {
				"rotate": [
					{ "time": 0, "angle": -14.88 }
				],
				"translate": [
					{ "time": 0, "x": 191.41, "y": -0.87 }
				]
			},
			"kulou3": {
				"rotate": [
					{ "time": 0, "angle": -49.43 }
				],
				"translate": [
					{ "time": 0, "x": -19.95, "y": -158.4 }
				]
			},
			"kulou4": {
				"rotate": [
					{ "time": 0, "angle": -73.91 }
				],
				"translate": [
					{ "time": 0, "x": -167.51, "y": -188.31 }
				]
			}
		}
	}
}
}