{
"skeleton": { "hash": "SZJZCIXczdDpkj9GLn0OWTo5XC0", "spine": "2.1.27", "width": 0, "height": 0 },
"bones": [
	{ "name": "root" },
	{ "name": "bone", "parent": "root", "length": 150.95, "rotation": -90 }
],
"slots": [
	{ "name": "Gq03_A_000_", "bone": "bone" },
	{ "name": "Gq03_B_000_", "bone": "bone" }
],
"skins": {
	"default": {
		"Gq03_A_000_": {
			"Gq03_A_000_": { "rotation": 90, "width": 284, "height": 221 },
			"Gq03_A_001_": { "rotation": 90, "width": 284, "height": 221 },
			"Gq03_A_002_": { "rotation": 90, "width": 284, "height": 221 },
			"Gq03_A_003_": { "rotation": 90, "width": 284, "height": 221 },
			"Gq03_A_004_": { "rotation": 90, "width": 284, "height": 221 },
			"Gq03_A_005_": { "rotation": 90, "width": 284, "height": 221 },
			"Gq03_A_006_": { "rotation": 90, "width": 284, "height": 221 },
			"Gq03_A_007_": { "rotation": 90, "width": 284, "height": 221 },
			"Gq03_A_008_": { "rotation": 90, "width": 284, "height": 221 },
			"Gq03_A_009_": { "rotation": 90, "width": 284, "height": 221 },
			"Gq03_A_010_": { "rotation": 90, "width": 284, "height": 221 },
			"Gq03_A_011_": { "rotation": 90, "width": 284, "height": 221 },
			"Gq03_A_012_": { "rotation": 90, "width": 284, "height": 221 },
			"Gq03_A_013_": { "rotation": 90, "width": 284, "height": 221 },
			"Gq03_A_014_": { "rotation": 90, "width": 284, "height": 221 },
			"Gq03_A_015_": { "rotation": 90, "width": 284, "height": 221 }
		},
		"Gq03_B_000_": {
			"Gq03_B_000_": { "rotation": 90, "width": 284, "height": 221 },
			"Gq03_B_001_": { "rotation": 90, "width": 284, "height": 221 },
			"Gq03_B_002_": { "rotation": 90, "width": 284, "height": 221 },
			"Gq03_B_003_": { "rotation": 90, "width": 284, "height": 221 },
			"Gq03_B_004_": { "rotation": 90, "width": 284, "height": 221 },
			"Gq03_B_005_": { "rotation": 90, "width": 284, "height": 221 },
			"Gq03_B_006_": { "rotation": 90, "width": 284, "height": 221 },
			"Gq03_B_007_": { "rotation": 90, "width": 284, "height": 221 },
			"Gq03_B_008_": { "rotation": 90, "width": 284, "height": 221 },
			"Gq03_B_009_": { "rotation": 90, "width": 284, "height": 221 },
			"Gq03_B_010_": { "rotation": 90, "width": 284, "height": 221 },
			"Gq03_B_011_": { "rotation": 90, "width": 284, "height": 221 },
			"Gq03_B_012_": { "rotation": 90, "width": 284, "height": 221 },
			"Gq03_B_013_": { "rotation": 90, "width": 284, "height": 221 },
			"Gq03_B_014_": { "rotation": 90, "width": 284, "height": 221 },
			"Gq03_B_015_": { "rotation": 90, "width": 284, "height": 221 }
		}
	}
},
"animations": {
	"A": {
		"slots": {
			"Gq03_A_000_": {
				"attachment": [
					{ "time": 0, "name": "Gq03_A_000_" },
					{ "time": 0.2, "name": "Gq03_A_001_" },
					{ "time": 0.4, "name": "Gq03_A_002_" },
					{ "time": 0.6, "name": "Gq03_A_003_" },
					{ "time": 0.8, "name": "Gq03_A_004_" },
					{ "time": 1, "name": "Gq03_A_005_" },
					{ "time": 1.2, "name": "Gq03_A_006_" },
					{ "time": 1.4, "name": "Gq03_A_007_" },
					{ "time": 1.6, "name": "Gq03_A_008_" },
					{ "time": 1.8, "name": "Gq03_A_009_" },
					{ "time": 2, "name": "Gq03_A_010_" },
					{ "time": 2.2, "name": "Gq03_A_011_" },
					{ "time": 2.4, "name": "Gq03_A_012_" },
					{ "time": 2.6, "name": "Gq03_A_013_" },
					{ "time": 2.8, "name": "Gq03_A_014_" },
					{ "time": 3, "name": "Gq03_A_015_" }
				]
			}
		},
		"bones": {
			"bone": {
				"translate": [
					{ "time": 0, "x": 0, "y": 33.94 }
				],
				"scale": [
					{ "time": 0, "x": 2, "y": 2 }
				]
			}
		}
	},
	"B": {
		"slots": {
			"Gq03_B_000_": {
				"attachment": [
					{ "time": 0, "name": "Gq03_B_000_" },
					{ "time": 0.2, "name": "Gq03_B_001_" },
					{ "time": 0.4, "name": "Gq03_B_002_" },
					{ "time": 0.6, "name": "Gq03_B_003_" },
					{ "time": 0.8, "name": "Gq03_B_004_" },
					{ "time": 1, "name": "Gq03_B_005_" },
					{ "time": 1.2, "name": "Gq03_B_006_" },
					{ "time": 1.4, "name": "Gq03_B_007_" },
					{ "time": 1.6, "name": "Gq03_B_008_" },
					{ "time": 1.8, "name": "Gq03_B_009_" },
					{ "time": 2, "name": "Gq03_B_010_" },
					{ "time": 2.2, "name": "Gq03_B_011_" },
					{ "time": 2.4, "name": "Gq03_B_012_" },
					{ "time": 2.6, "name": "Gq03_B_013_" },
					{ "time": 2.8, "name": "Gq03_B_014_" },
					{ "time": 3, "name": "Gq03_B_015_" }
				]
			}
		},
		"bones": {
			"bone": {
				"translate": [
					{ "time": 0, "x": 0, "y": 33.94 }
				],
				"scale": [
					{ "time": 0, "x": 2, "y": 2 }
				]
			}
		}
	}
}
}