{"skeleton":{"hash":"kPBjcqq3HJj/AkDXp6lgKkFepsY","spine":"3.7.94","width":0,"height":0,"images":"./images/","audio":"H:/COK项目/Spine工程/盲盒敦煌—3色背包鹿/背包鹿—紫/背包鹿_紫_待机休闲_Spine"},"bones":[{"name":"root"},{"name":"ctr","parent":"root","scaleX":1.25,"scaleY":1.25},{"name":"bblpurpleidle_UL_","parent":"ctr"},{"name":"bblpurpleidle_UR_","parent":"ctr"},{"name":"bblpurpleidle_DL_","parent":"ctr"},{"name":"bblpurpleidle_DR_","parent":"ctr"}],"slots":[{"name":"bblpurpleidle_UL_","bone":"bblpurpleidle_UL_"},{"name":"bblpurpleidle_UR_","bone":"bblpurpleidle_UR_"},{"name":"bblpurpleidle_DL_","bone":"bblpurpleidle_DL_"},{"name":"bblpurpleidle_DR_","bone":"bblpurpleidle_DR_"}],"skins":{"default":{"bblpurpleidle_DL_":{"bblpurpleidle_DL_0000_":{"x":-186,"y":-222.5,"width":372,"height":445},"bblpurpleidle_DL_0003_":{"x":-186,"y":-222.5,"width":372,"height":445},"bblpurpleidle_DL_0006_":{"x":-186,"y":-222.5,"width":372,"height":445},"bblpurpleidle_DL_0009_":{"x":-186,"y":-222.5,"width":372,"height":445},"bblpurpleidle_DL_0012_":{"x":-186,"y":-222.5,"width":372,"height":445},"bblpurpleidle_DL_0015_":{"x":-186,"y":-222.5,"width":372,"height":445},"bblpurpleidle_DL_0018_":{"x":-186,"y":-222.5,"width":372,"height":445},"bblpurpleidle_DL_0021_":{"x":-186,"y":-222.5,"width":372,"height":445},"bblpurpleidle_DL_0024_":{"x":-186,"y":-222.5,"width":372,"height":445},"bblpurpleidle_DL_0027_":{"x":-186,"y":-222.5,"width":372,"height":445},"bblpurpleidle_DL_0030_":{"x":-186,"y":-222.5,"width":372,"height":445},"bblpurpleidle_DL_0033_":{"x":-186,"y":-222.5,"width":372,"height":445},"bblpurpleidle_DL_0036_":{"x":-186,"y":-222.5,"width":372,"height":445},"bblpurpleidle_DL_0039_":{"x":-186,"y":-222.5,"width":372,"height":445},"bblpurpleidle_DL_0042_":{"x":-186,"y":-222.5,"width":372,"height":445},"bblpurpleidle_DL_0045_":{"x":-186,"y":-222.5,"width":372,"height":445},"bblpurpleidle_DL_0048_":{"x":-186,"y":-222.5,"width":372,"height":445},"bblpurpleidle_DL_0051_":{"x":-186,"y":-222.5,"width":372,"height":445},"bblpurpleidle_DL_0054_":{"x":-186,"y":-222.5,"width":372,"height":445},"bblpurpleidle_DL_0057_":{"x":-186,"y":-222.5,"width":372,"height":445},"bblpurpleidle_DL_0060_":{"x":-186,"y":-222.5,"width":372,"height":445},"bblpurpleidle_DL_0063_":{"x":-186,"y":-222.5,"width":372,"height":445},"bblpurpleidle_DL_0066_":{"x":-186,"y":-222.5,"width":372,"height":445},"bblpurpleidle_DL_0069_":{"x":-186,"y":-222.5,"width":372,"height":445},"bblpurpleidle_DL_0072_":{"x":-186,"y":-222.5,"width":372,"height":445},"bblpurpleidle_DL_0075_":{"x":-186,"y":-222.5,"width":372,"height":445},"bblpurpleidle_DL_0078_":{"x":-186,"y":-222.5,"width":372,"height":445},"bblpurpleidle_DL_0081_":{"x":-186,"y":-222.5,"width":372,"height":445},"bblpurpleidle_DL_0084_":{"x":-186,"y":-222.5,"width":372,"height":445},"bblpurpleidle_DL_0087_":{"x":-186,"y":-222.5,"width":372,"height":445},"bblpurpleidle_DL_0090_":{"x":-186,"y":-222.5,"width":372,"height":445},"bblpurpleidle_DL_0093_":{"x":-186,"y":-222.5,"width":372,"height":445},"bblpurpleidle_DL_0096_":{"x":-186,"y":-222.5,"width":372,"height":445},"bblpurpleidle_DL_0099_":{"x":-186,"y":-222.5,"width":372,"height":445},"bblpurpleidle_DL_0102_":{"x":-186,"y":-222.5,"width":372,"height":445},"bblpurpleidle_DL_0105_":{"x":-186,"y":-222.5,"width":372,"height":445},"bblpurpleidle_DL_0108_":{"x":-186,"y":-222.5,"width":372,"height":445},"bblpurpleidle_DL_0111_":{"x":-186,"y":-222.5,"width":372,"height":445},"bblpurpleidle_DL_0114_":{"x":-186,"y":-222.5,"width":372,"height":445},"bblpurpleidle_DL_0117_":{"x":-186,"y":-222.5,"width":372,"height":445},"bblpurpleidle_DL_0120_":{"x":-186,"y":-222.5,"width":372,"height":445},"bblpurpleidle_DL_0123_":{"x":-186,"y":-222.5,"width":372,"height":445},"bblpurpleidle_DL_0126_":{"x":-186,"y":-222.5,"width":372,"height":445},"bblpurpleidle_DL_0129_":{"x":-186,"y":-222.5,"width":372,"height":445},"bblpurpleidle_DL_0132_":{"x":-186,"y":-222.5,"width":372,"height":445},"bblpurpleidle_DL_0135_":{"x":-186,"y":-222.5,"width":372,"height":445},"bblpurpleidle_DL_0138_":{"x":-186,"y":-222.5,"width":372,"height":445},"bblpurpleidle_DL_0141_":{"x":-186,"y":-222.5,"width":372,"height":445},"bblpurpleidle_DL_0144_":{"x":-186,"y":-222.5,"width":372,"height":445},"bblpurpleidle_DL_0147_":{"x":-186,"y":-222.5,"width":372,"height":445},"bblpurpleidle_DL_0150_":{"x":-186,"y":-222.5,"width":372,"height":445},"bblpurpleidle_DL_0153_":{"x":-186,"y":-222.5,"width":372,"height":445},"bblpurpleidle_DL_0156_":{"x":-186,"y":-222.5,"width":372,"height":445}},"bblpurpleidle_DR_":{"bblpurpleidle_DR_0000_":{"x":214,"y":-222.5,"width":428,"height":445},"bblpurpleidle_DR_0003_":{"x":214,"y":-222.5,"width":428,"height":445},"bblpurpleidle_DR_0006_":{"x":214,"y":-222.5,"width":428,"height":445},"bblpurpleidle_DR_0009_":{"x":214,"y":-222.5,"width":428,"height":445},"bblpurpleidle_DR_0012_":{"x":214,"y":-222.5,"width":428,"height":445},"bblpurpleidle_DR_0015_":{"x":214,"y":-222.5,"width":428,"height":445},"bblpurpleidle_DR_0018_":{"x":214,"y":-222.5,"width":428,"height":445},"bblpurpleidle_DR_0021_":{"x":214,"y":-222.5,"width":428,"height":445},"bblpurpleidle_DR_0024_":{"x":214,"y":-222.5,"width":428,"height":445},"bblpurpleidle_DR_0027_":{"x":214,"y":-222.5,"width":428,"height":445},"bblpurpleidle_DR_0030_":{"x":214,"y":-222.5,"width":428,"height":445},"bblpurpleidle_DR_0033_":{"x":214,"y":-222.5,"width":428,"height":445},"bblpurpleidle_DR_0036_":{"x":214,"y":-222.5,"width":428,"height":445},"bblpurpleidle_DR_0039_":{"x":214,"y":-222.5,"width":428,"height":445},"bblpurpleidle_DR_0042_":{"x":214,"y":-222.5,"width":428,"height":445},"bblpurpleidle_DR_0045_":{"x":214,"y":-222.5,"width":428,"height":445},"bblpurpleidle_DR_0048_":{"x":214,"y":-222.5,"width":428,"height":445},"bblpurpleidle_DR_0051_":{"x":214,"y":-222.5,"width":428,"height":445},"bblpurpleidle_DR_0054_":{"x":214,"y":-222.5,"width":428,"height":445},"bblpurpleidle_DR_0057_":{"x":214,"y":-222.5,"width":428,"height":445},"bblpurpleidle_DR_0060_":{"x":214,"y":-222.5,"width":428,"height":445},"bblpurpleidle_DR_0063_":{"x":214,"y":-222.5,"width":428,"height":445},"bblpurpleidle_DR_0066_":{"x":214,"y":-222.5,"width":428,"height":445},"bblpurpleidle_DR_0069_":{"x":214,"y":-222.5,"width":428,"height":445},"bblpurpleidle_DR_0072_":{"x":214,"y":-222.5,"width":428,"height":445},"bblpurpleidle_DR_0075_":{"x":214,"y":-222.5,"width":428,"height":445},"bblpurpleidle_DR_0078_":{"x":214,"y":-222.5,"width":428,"height":445},"bblpurpleidle_DR_0081_":{"x":214,"y":-222.5,"width":428,"height":445},"bblpurpleidle_DR_0084_":{"x":214,"y":-222.5,"width":428,"height":445},"bblpurpleidle_DR_0087_":{"x":214,"y":-222.5,"width":428,"height":445},"bblpurpleidle_DR_0090_":{"x":214,"y":-222.5,"width":428,"height":445},"bblpurpleidle_DR_0093_":{"x":214,"y":-222.5,"width":428,"height":445},"bblpurpleidle_DR_0096_":{"x":214,"y":-222.5,"width":428,"height":445},"bblpurpleidle_DR_0099_":{"x":214,"y":-222.5,"width":428,"height":445},"bblpurpleidle_DR_0102_":{"x":214,"y":-222.5,"width":428,"height":445},"bblpurpleidle_DR_0105_":{"x":214,"y":-222.5,"width":428,"height":445},"bblpurpleidle_DR_0108_":{"x":214,"y":-222.5,"width":428,"height":445},"bblpurpleidle_DR_0111_":{"x":214,"y":-222.5,"width":428,"height":445},"bblpurpleidle_DR_0114_":{"x":214,"y":-222.5,"width":428,"height":445},"bblpurpleidle_DR_0117_":{"x":214,"y":-222.5,"width":428,"height":445},"bblpurpleidle_DR_0120_":{"x":214,"y":-222.5,"width":428,"height":445},"bblpurpleidle_DR_0123_":{"x":214,"y":-222.5,"width":428,"height":445},"bblpurpleidle_DR_0126_":{"x":214,"y":-222.5,"width":428,"height":445},"bblpurpleidle_DR_0129_":{"x":214,"y":-222.5,"width":428,"height":445},"bblpurpleidle_DR_0132_":{"x":214,"y":-222.5,"width":428,"height":445},"bblpurpleidle_DR_0135_":{"x":214,"y":-222.5,"width":428,"height":445},"bblpurpleidle_DR_0138_":{"x":214,"y":-222.5,"width":428,"height":445},"bblpurpleidle_DR_0141_":{"x":214,"y":-222.5,"width":428,"height":445},"bblpurpleidle_DR_0144_":{"x":214,"y":-222.5,"width":428,"height":445},"bblpurpleidle_DR_0147_":{"x":214,"y":-222.5,"width":428,"height":445},"bblpurpleidle_DR_0150_":{"x":214,"y":-222.5,"width":428,"height":445},"bblpurpleidle_DR_0153_":{"x":214,"y":-222.5,"width":428,"height":445},"bblpurpleidle_DR_0156_":{"x":214,"y":-222.5,"width":428,"height":445}},"bblpurpleidle_UL_":{"bblpurpleidle_UL_0000_":{"x":-186,"y":177.5,"width":372,"height":355},"bblpurpleidle_UL_0003_":{"x":-186,"y":177.5,"width":372,"height":355},"bblpurpleidle_UL_0006_":{"x":-186,"y":177.5,"width":372,"height":355},"bblpurpleidle_UL_0009_":{"x":-186,"y":177.5,"width":372,"height":355},"bblpurpleidle_UL_0012_":{"x":-186,"y":177.5,"width":372,"height":355},"bblpurpleidle_UL_0015_":{"x":-186,"y":177.5,"width":372,"height":355},"bblpurpleidle_UL_0018_":{"x":-186,"y":177.5,"width":372,"height":355},"bblpurpleidle_UL_0021_":{"x":-186,"y":177.5,"width":372,"height":355},"bblpurpleidle_UL_0024_":{"x":-186,"y":177.5,"width":372,"height":355},"bblpurpleidle_UL_0027_":{"x":-186,"y":177.5,"width":372,"height":355},"bblpurpleidle_UL_0030_":{"x":-186,"y":177.5,"width":372,"height":355},"bblpurpleidle_UL_0033_":{"x":-186,"y":177.5,"width":372,"height":355},"bblpurpleidle_UL_0036_":{"x":-186,"y":177.5,"width":372,"height":355},"bblpurpleidle_UL_0039_":{"x":-186,"y":177.5,"width":372,"height":355},"bblpurpleidle_UL_0042_":{"x":-186,"y":177.5,"width":372,"height":355},"bblpurpleidle_UL_0045_":{"x":-186,"y":177.5,"width":372,"height":355},"bblpurpleidle_UL_0048_":{"x":-186,"y":177.5,"width":372,"height":355},"bblpurpleidle_UL_0051_":{"x":-186,"y":177.5,"width":372,"height":355},"bblpurpleidle_UL_0054_":{"x":-186,"y":177.5,"width":372,"height":355},"bblpurpleidle_UL_0057_":{"x":-186,"y":177.5,"width":372,"height":355},"bblpurpleidle_UL_0060_":{"x":-186,"y":177.5,"width":372,"height":355},"bblpurpleidle_UL_0063_":{"x":-186,"y":177.5,"width":372,"height":355},"bblpurpleidle_UL_0066_":{"x":-186,"y":177.5,"width":372,"height":355},"bblpurpleidle_UL_0069_":{"x":-186,"y":177.5,"width":372,"height":355},"bblpurpleidle_UL_0072_":{"x":-186,"y":177.5,"width":372,"height":355},"bblpurpleidle_UL_0075_":{"x":-186,"y":177.5,"width":372,"height":355},"bblpurpleidle_UL_0078_":{"x":-186,"y":177.5,"width":372,"height":355},"bblpurpleidle_UL_0081_":{"x":-186,"y":177.5,"width":372,"height":355},"bblpurpleidle_UL_0084_":{"x":-186,"y":177.5,"width":372,"height":355},"bblpurpleidle_UL_0087_":{"x":-186,"y":177.5,"width":372,"height":355},"bblpurpleidle_UL_0090_":{"x":-186,"y":177.5,"width":372,"height":355},"bblpurpleidle_UL_0093_":{"x":-186,"y":177.5,"width":372,"height":355},"bblpurpleidle_UL_0096_":{"x":-186,"y":177.5,"width":372,"height":355},"bblpurpleidle_UL_0099_":{"x":-186,"y":177.5,"width":372,"height":355},"bblpurpleidle_UL_0102_":{"x":-186,"y":177.5,"width":372,"height":355},"bblpurpleidle_UL_0105_":{"x":-186,"y":177.5,"width":372,"height":355},"bblpurpleidle_UL_0108_":{"x":-186,"y":177.5,"width":372,"height":355},"bblpurpleidle_UL_0111_":{"x":-186,"y":177.5,"width":372,"height":355},"bblpurpleidle_UL_0114_":{"x":-186,"y":177.5,"width":372,"height":355},"bblpurpleidle_UL_0117_":{"x":-186,"y":177.5,"width":372,"height":355},"bblpurpleidle_UL_0120_":{"x":-186,"y":177.5,"width":372,"height":355},"bblpurpleidle_UL_0123_":{"x":-186,"y":177.5,"width":372,"height":355},"bblpurpleidle_UL_0126_":{"x":-186,"y":177.5,"width":372,"height":355},"bblpurpleidle_UL_0129_":{"x":-186,"y":177.5,"width":372,"height":355},"bblpurpleidle_UL_0132_":{"x":-186,"y":177.5,"width":372,"height":355},"bblpurpleidle_UL_0135_":{"x":-186,"y":177.5,"width":372,"height":355},"bblpurpleidle_UL_0138_":{"x":-186,"y":177.5,"width":372,"height":355},"bblpurpleidle_UL_0141_":{"x":-186,"y":177.5,"width":372,"height":355},"bblpurpleidle_UL_0144_":{"x":-186,"y":177.5,"width":372,"height":355},"bblpurpleidle_UL_0147_":{"x":-186,"y":177.5,"width":372,"height":355},"bblpurpleidle_UL_0150_":{"x":-186,"y":177.5,"width":372,"height":355},"bblpurpleidle_UL_0153_":{"x":-186,"y":177.5,"width":372,"height":355},"bblpurpleidle_UL_0156_":{"x":-186,"y":177.5,"width":372,"height":355}},"bblpurpleidle_UR_":{"bblpurpleidle_UR_0000_":{"x":214,"y":177.5,"width":428,"height":355},"bblpurpleidle_UR_0003_":{"x":214,"y":177.5,"width":428,"height":355},"bblpurpleidle_UR_0006_":{"x":214,"y":177.5,"width":428,"height":355},"bblpurpleidle_UR_0009_":{"x":214,"y":177.5,"width":428,"height":355},"bblpurpleidle_UR_0012_":{"x":214,"y":177.5,"width":428,"height":355},"bblpurpleidle_UR_0015_":{"x":214,"y":177.5,"width":428,"height":355},"bblpurpleidle_UR_0018_":{"x":214,"y":177.5,"width":428,"height":355},"bblpurpleidle_UR_0021_":{"x":214,"y":177.5,"width":428,"height":355},"bblpurpleidle_UR_0024_":{"x":214,"y":177.5,"width":428,"height":355},"bblpurpleidle_UR_0027_":{"x":214,"y":177.5,"width":428,"height":355},"bblpurpleidle_UR_0030_":{"x":214,"y":177.5,"width":428,"height":355},"bblpurpleidle_UR_0033_":{"x":214,"y":177.5,"width":428,"height":355},"bblpurpleidle_UR_0036_":{"x":214,"y":177.5,"width":428,"height":355},"bblpurpleidle_UR_0039_":{"x":214,"y":177.5,"width":428,"height":355},"bblpurpleidle_UR_0042_":{"x":214,"y":177.5,"width":428,"height":355},"bblpurpleidle_UR_0045_":{"x":214,"y":177.5,"width":428,"height":355},"bblpurpleidle_UR_0048_":{"x":214,"y":177.5,"width":428,"height":355},"bblpurpleidle_UR_0051_":{"x":214,"y":177.5,"width":428,"height":355},"bblpurpleidle_UR_0054_":{"x":214,"y":177.5,"width":428,"height":355},"bblpurpleidle_UR_0057_":{"x":214,"y":177.5,"width":428,"height":355},"bblpurpleidle_UR_0060_":{"x":214,"y":177.5,"width":428,"height":355},"bblpurpleidle_UR_0063_":{"x":214,"y":177.5,"width":428,"height":355},"bblpurpleidle_UR_0066_":{"x":214,"y":177.5,"width":428,"height":355},"bblpurpleidle_UR_0069_":{"x":214,"y":177.5,"width":428,"height":355},"bblpurpleidle_UR_0072_":{"x":214,"y":177.5,"width":428,"height":355},"bblpurpleidle_UR_0075_":{"x":214,"y":177.5,"width":428,"height":355},"bblpurpleidle_UR_0078_":{"x":214,"y":177.5,"width":428,"height":355},"bblpurpleidle_UR_0081_":{"x":214,"y":177.5,"width":428,"height":355},"bblpurpleidle_UR_0084_":{"x":214,"y":177.5,"width":428,"height":355},"bblpurpleidle_UR_0087_":{"x":214,"y":177.5,"width":428,"height":355},"bblpurpleidle_UR_0090_":{"x":214,"y":177.5,"width":428,"height":355},"bblpurpleidle_UR_0093_":{"x":214,"y":177.5,"width":428,"height":355},"bblpurpleidle_UR_0096_":{"x":214,"y":177.5,"width":428,"height":355},"bblpurpleidle_UR_0099_":{"x":214,"y":177.5,"width":428,"height":355},"bblpurpleidle_UR_0102_":{"x":214,"y":177.5,"width":428,"height":355},"bblpurpleidle_UR_0105_":{"x":214,"y":177.5,"width":428,"height":355},"bblpurpleidle_UR_0108_":{"x":214,"y":177.5,"width":428,"height":355},"bblpurpleidle_UR_0111_":{"x":214,"y":177.5,"width":428,"height":355},"bblpurpleidle_UR_0114_":{"x":214,"y":177.5,"width":428,"height":355},"bblpurpleidle_UR_0117_":{"x":214,"y":177.5,"width":428,"height":355},"bblpurpleidle_UR_0120_":{"x":214,"y":177.5,"width":428,"height":355},"bblpurpleidle_UR_0123_":{"x":214,"y":177.5,"width":428,"height":355},"bblpurpleidle_UR_0126_":{"x":214,"y":177.5,"width":428,"height":355},"bblpurpleidle_UR_0129_":{"x":214,"y":177.5,"width":428,"height":355},"bblpurpleidle_UR_0132_":{"x":214,"y":177.5,"width":428,"height":355},"bblpurpleidle_UR_0135_":{"x":214,"y":177.5,"width":428,"height":355},"bblpurpleidle_UR_0138_":{"x":214,"y":177.5,"width":428,"height":355},"bblpurpleidle_UR_0141_":{"x":214,"y":177.5,"width":428,"height":355},"bblpurpleidle_UR_0144_":{"x":214,"y":177.5,"width":428,"height":355},"bblpurpleidle_UR_0147_":{"x":214,"y":177.5,"width":428,"height":355},"bblpurpleidle_UR_0150_":{"x":214,"y":177.5,"width":428,"height":355},"bblpurpleidle_UR_0153_":{"x":214,"y":177.5,"width":428,"height":355},"bblpurpleidle_UR_0156_":{"x":214,"y":177.5,"width":428,"height":355}}}},"animations":{"animation":{"slots":{"bblpurpleidle_DL_":{"attachment":[{"time":0,"name":"bblpurpleidle_DL_0000_"},{"time":0.1,"name":"bblpurpleidle_DL_0003_"},{"time":0.2,"name":"bblpurpleidle_DL_0006_"},{"time":0.3,"name":"bblpurpleidle_DL_0009_"},{"time":0.4,"name":"bblpurpleidle_DL_0012_"},{"time":0.5,"name":"bblpurpleidle_DL_0015_"},{"time":0.6,"name":"bblpurpleidle_DL_0018_"},{"time":0.7,"name":"bblpurpleidle_DL_0021_"},{"time":0.8,"name":"bblpurpleidle_DL_0024_"},{"time":0.9,"name":"bblpurpleidle_DL_0027_"},{"time":1,"name":"bblpurpleidle_DL_0030_"},{"time":1.1,"name":"bblpurpleidle_DL_0033_"},{"time":1.2,"name":"bblpurpleidle_DL_0036_"},{"time":1.3,"name":"bblpurpleidle_DL_0039_"},{"time":1.4,"name":"bblpurpleidle_DL_0042_"},{"time":1.5,"name":"bblpurpleidle_DL_0045_"},{"time":1.6,"name":"bblpurpleidle_DL_0048_"},{"time":1.7,"name":"bblpurpleidle_DL_0051_"},{"time":1.8,"name":"bblpurpleidle_DL_0054_"},{"time":1.9,"name":"bblpurpleidle_DL_0057_"},{"time":2,"name":"bblpurpleidle_DL_0060_"},{"time":2.1,"name":"bblpurpleidle_DL_0063_"},{"time":2.2,"name":"bblpurpleidle_DL_0066_"},{"time":2.3,"name":"bblpurpleidle_DL_0069_"},{"time":2.4,"name":"bblpurpleidle_DL_0072_"},{"time":2.5,"name":"bblpurpleidle_DL_0075_"},{"time":2.6,"name":"bblpurpleidle_DL_0078_"},{"time":2.7,"name":"bblpurpleidle_DL_0081_"},{"time":2.8,"name":"bblpurpleidle_DL_0084_"},{"time":2.9,"name":"bblpurpleidle_DL_0087_"},{"time":3,"name":"bblpurpleidle_DL_0090_"},{"time":3.1,"name":"bblpurpleidle_DL_0093_"},{"time":3.2,"name":"bblpurpleidle_DL_0096_"},{"time":3.3,"name":"bblpurpleidle_DL_0099_"},{"time":3.4,"name":"bblpurpleidle_DL_0102_"},{"time":3.5,"name":"bblpurpleidle_DL_0105_"},{"time":3.6,"name":"bblpurpleidle_DL_0108_"},{"time":3.7,"name":"bblpurpleidle_DL_0111_"},{"time":3.8,"name":"bblpurpleidle_DL_0114_"},{"time":3.9,"name":"bblpurpleidle_DL_0117_"},{"time":4,"name":"bblpurpleidle_DL_0120_"},{"time":4.1,"name":"bblpurpleidle_DL_0123_"},{"time":4.2,"name":"bblpurpleidle_DL_0126_"},{"time":4.3,"name":"bblpurpleidle_DL_0129_"},{"time":4.4,"name":"bblpurpleidle_DL_0132_"},{"time":4.5,"name":"bblpurpleidle_DL_0135_"},{"time":4.6,"name":"bblpurpleidle_DL_0138_"},{"time":4.7,"name":"bblpurpleidle_DL_0141_"},{"time":4.8,"name":"bblpurpleidle_DL_0144_"},{"time":4.9,"name":"bblpurpleidle_DL_0147_"},{"time":5,"name":"bblpurpleidle_DL_0150_"},{"time":5.1,"name":"bblpurpleidle_DL_0153_"},{"time":5.2,"name":"bblpurpleidle_DL_0156_"}]},"bblpurpleidle_DR_":{"attachment":[{"time":0,"name":"bblpurpleidle_DR_0000_"},{"time":0.1,"name":"bblpurpleidle_DR_0003_"},{"time":0.2,"name":"bblpurpleidle_DR_0006_"},{"time":0.3,"name":"bblpurpleidle_DR_0009_"},{"time":0.4,"name":"bblpurpleidle_DR_0012_"},{"time":0.5,"name":"bblpurpleidle_DR_0015_"},{"time":0.6,"name":"bblpurpleidle_DR_0018_"},{"time":0.7,"name":"bblpurpleidle_DR_0021_"},{"time":0.8,"name":"bblpurpleidle_DR_0024_"},{"time":0.9,"name":"bblpurpleidle_DR_0027_"},{"time":1,"name":"bblpurpleidle_DR_0030_"},{"time":1.1,"name":"bblpurpleidle_DR_0033_"},{"time":1.2,"name":"bblpurpleidle_DR_0036_"},{"time":1.3,"name":"bblpurpleidle_DR_0039_"},{"time":1.4,"name":"bblpurpleidle_DR_0042_"},{"time":1.5,"name":"bblpurpleidle_DR_0045_"},{"time":1.6,"name":"bblpurpleidle_DR_0048_"},{"time":1.7,"name":"bblpurpleidle_DR_0051_"},{"time":1.8,"name":"bblpurpleidle_DR_0054_"},{"time":1.9,"name":"bblpurpleidle_DR_0057_"},{"time":2,"name":"bblpurpleidle_DR_0060_"},{"time":2.1,"name":"bblpurpleidle_DR_0063_"},{"time":2.2,"name":"bblpurpleidle_DR_0066_"},{"time":2.3,"name":"bblpurpleidle_DR_0069_"},{"time":2.4,"name":"bblpurpleidle_DR_0072_"},{"time":2.5,"name":"bblpurpleidle_DR_0075_"},{"time":2.6,"name":"bblpurpleidle_DR_0078_"},{"time":2.7,"name":"bblpurpleidle_DR_0081_"},{"time":2.8,"name":"bblpurpleidle_DR_0084_"},{"time":2.9,"name":"bblpurpleidle_DR_0087_"},{"time":3,"name":"bblpurpleidle_DR_0090_"},{"time":3.1,"name":"bblpurpleidle_DR_0093_"},{"time":3.2,"name":"bblpurpleidle_DR_0096_"},{"time":3.3,"name":"bblpurpleidle_DR_0099_"},{"time":3.4,"name":"bblpurpleidle_DR_0102_"},{"time":3.5,"name":"bblpurpleidle_DR_0105_"},{"time":3.6,"name":"bblpurpleidle_DR_0108_"},{"time":3.7,"name":"bblpurpleidle_DR_0111_"},{"time":3.8,"name":"bblpurpleidle_DR_0114_"},{"time":3.9,"name":"bblpurpleidle_DR_0117_"},{"time":4,"name":"bblpurpleidle_DR_0120_"},{"time":4.1,"name":"bblpurpleidle_DR_0123_"},{"time":4.2,"name":"bblpurpleidle_DR_0126_"},{"time":4.3,"name":"bblpurpleidle_DR_0129_"},{"time":4.4,"name":"bblpurpleidle_DR_0132_"},{"time":4.5,"name":"bblpurpleidle_DR_0135_"},{"time":4.6,"name":"bblpurpleidle_DR_0138_"},{"time":4.7,"name":"bblpurpleidle_DR_0141_"},{"time":4.8,"name":"bblpurpleidle_DR_0144_"},{"time":4.9,"name":"bblpurpleidle_DR_0147_"},{"time":5,"name":"bblpurpleidle_DR_0150_"},{"time":5.1,"name":"bblpurpleidle_DR_0153_"},{"time":5.2,"name":"bblpurpleidle_DR_0156_"}]},"bblpurpleidle_UL_":{"attachment":[{"time":0,"name":"bblpurpleidle_UL_0000_"},{"time":0.1,"name":"bblpurpleidle_UL_0003_"},{"time":0.2,"name":"bblpurpleidle_UL_0006_"},{"time":0.3,"name":"bblpurpleidle_UL_0009_"},{"time":0.4,"name":"bblpurpleidle_UL_0012_"},{"time":0.5,"name":"bblpurpleidle_UL_0015_"},{"time":0.6,"name":"bblpurpleidle_UL_0018_"},{"time":0.7,"name":"bblpurpleidle_UL_0021_"},{"time":0.8,"name":"bblpurpleidle_UL_0024_"},{"time":0.9,"name":"bblpurpleidle_UL_0027_"},{"time":1,"name":"bblpurpleidle_UL_0030_"},{"time":1.1,"name":"bblpurpleidle_UL_0033_"},{"time":1.2,"name":"bblpurpleidle_UL_0036_"},{"time":1.3,"name":"bblpurpleidle_UL_0039_"},{"time":1.4,"name":"bblpurpleidle_UL_0042_"},{"time":1.5,"name":"bblpurpleidle_UL_0045_"},{"time":1.6,"name":"bblpurpleidle_UL_0048_"},{"time":1.7,"name":"bblpurpleidle_UL_0051_"},{"time":1.8,"name":"bblpurpleidle_UL_0054_"},{"time":1.9,"name":"bblpurpleidle_UL_0057_"},{"time":2,"name":"bblpurpleidle_UL_0060_"},{"time":2.1,"name":"bblpurpleidle_UL_0063_"},{"time":2.2,"name":"bblpurpleidle_UL_0066_"},{"time":2.3,"name":"bblpurpleidle_UL_0069_"},{"time":2.4,"name":"bblpurpleidle_UL_0072_"},{"time":2.5,"name":"bblpurpleidle_UL_0075_"},{"time":2.6,"name":"bblpurpleidle_UL_0078_"},{"time":2.7,"name":"bblpurpleidle_UL_0081_"},{"time":2.8,"name":"bblpurpleidle_UL_0084_"},{"time":2.9,"name":"bblpurpleidle_UL_0087_"},{"time":3,"name":"bblpurpleidle_UL_0090_"},{"time":3.1,"name":"bblpurpleidle_UL_0093_"},{"time":3.2,"name":"bblpurpleidle_UL_0096_"},{"time":3.3,"name":"bblpurpleidle_UL_0099_"},{"time":3.4,"name":"bblpurpleidle_UL_0102_"},{"time":3.5,"name":"bblpurpleidle_UL_0105_"},{"time":3.6,"name":"bblpurpleidle_UL_0108_"},{"time":3.7,"name":"bblpurpleidle_UL_0111_"},{"time":3.8,"name":"bblpurpleidle_UL_0114_"},{"time":3.9,"name":"bblpurpleidle_UL_0117_"},{"time":4,"name":"bblpurpleidle_UL_0120_"},{"time":4.1,"name":"bblpurpleidle_UL_0123_"},{"time":4.2,"name":"bblpurpleidle_UL_0126_"},{"time":4.3,"name":"bblpurpleidle_UL_0129_"},{"time":4.4,"name":"bblpurpleidle_UL_0132_"},{"time":4.5,"name":"bblpurpleidle_UL_0135_"},{"time":4.6,"name":"bblpurpleidle_UL_0138_"},{"time":4.7,"name":"bblpurpleidle_UL_0141_"},{"time":4.8,"name":"bblpurpleidle_UL_0144_"},{"time":4.9,"name":"bblpurpleidle_UL_0147_"},{"time":5,"name":"bblpurpleidle_UL_0150_"},{"time":5.1,"name":"bblpurpleidle_UL_0153_"},{"time":5.2,"name":"bblpurpleidle_UL_0156_"}]},"bblpurpleidle_UR_":{"attachment":[{"time":0,"name":"bblpurpleidle_UR_0000_"},{"time":0.1,"name":"bblpurpleidle_UR_0003_"},{"time":0.2,"name":"bblpurpleidle_UR_0006_"},{"time":0.3,"name":"bblpurpleidle_UR_0009_"},{"time":0.4,"name":"bblpurpleidle_UR_0012_"},{"time":0.5,"name":"bblpurpleidle_UR_0015_"},{"time":0.6,"name":"bblpurpleidle_UR_0018_"},{"time":0.7,"name":"bblpurpleidle_UR_0021_"},{"time":0.8,"name":"bblpurpleidle_UR_0024_"},{"time":0.9,"name":"bblpurpleidle_UR_0027_"},{"time":1,"name":"bblpurpleidle_UR_0030_"},{"time":1.1,"name":"bblpurpleidle_UR_0033_"},{"time":1.2,"name":"bblpurpleidle_UR_0036_"},{"time":1.3,"name":"bblpurpleidle_UR_0039_"},{"time":1.4,"name":"bblpurpleidle_UR_0042_"},{"time":1.5,"name":"bblpurpleidle_UR_0045_"},{"time":1.6,"name":"bblpurpleidle_UR_0048_"},{"time":1.7,"name":"bblpurpleidle_UR_0051_"},{"time":1.8,"name":"bblpurpleidle_UR_0054_"},{"time":1.9,"name":"bblpurpleidle_UR_0057_"},{"time":2,"name":"bblpurpleidle_UR_0060_"},{"time":2.1,"name":"bblpurpleidle_UR_0063_"},{"time":2.2,"name":"bblpurpleidle_UR_0066_"},{"time":2.3,"name":"bblpurpleidle_UR_0069_"},{"time":2.4,"name":"bblpurpleidle_UR_0072_"},{"time":2.5,"name":"bblpurpleidle_UR_0075_"},{"time":2.6,"name":"bblpurpleidle_UR_0078_"},{"time":2.7,"name":"bblpurpleidle_UR_0081_"},{"time":2.8,"name":"bblpurpleidle_UR_0084_"},{"time":2.9,"name":"bblpurpleidle_UR_0087_"},{"time":3,"name":"bblpurpleidle_UR_0090_"},{"time":3.1,"name":"bblpurpleidle_UR_0093_"},{"time":3.2,"name":"bblpurpleidle_UR_0096_"},{"time":3.3,"name":"bblpurpleidle_UR_0099_"},{"time":3.4,"name":"bblpurpleidle_UR_0102_"},{"time":3.5,"name":"bblpurpleidle_UR_0105_"},{"time":3.6,"name":"bblpurpleidle_UR_0108_"},{"time":3.7,"name":"bblpurpleidle_UR_0111_"},{"time":3.8,"name":"bblpurpleidle_UR_0114_"},{"time":3.9,"name":"bblpurpleidle_UR_0117_"},{"time":4,"name":"bblpurpleidle_UR_0120_"},{"time":4.1,"name":"bblpurpleidle_UR_0123_"},{"time":4.2,"name":"bblpurpleidle_UR_0126_"},{"time":4.3,"name":"bblpurpleidle_UR_0129_"},{"time":4.4,"name":"bblpurpleidle_UR_0132_"},{"time":4.5,"name":"bblpurpleidle_UR_0135_"},{"time":4.6,"name":"bblpurpleidle_UR_0138_"},{"time":4.7,"name":"bblpurpleidle_UR_0141_"},{"time":4.8,"name":"bblpurpleidle_UR_0144_"},{"time":4.9,"name":"bblpurpleidle_UR_0147_"},{"time":5,"name":"bblpurpleidle_UR_0150_"},{"time":5.1,"name":"bblpurpleidle_UR_0153_"},{"time":5.2,"name":"bblpurpleidle_UR_0156_"}]}},"bones":{"ctr":{"translate":[{"time":0,"x":-35,"y":135}]}}}}}