{"skeleton":{"hash":"EElNpXn/C7j40H/5E4UPEpxqGWA","spine":"2.1.27","width":438,"height":580.88,"images":"./images/"},"bones":[{"name":"root"},{"name":"bone","parent":"root","x":22.31,"y":65.67},{"name":"bone2","parent":"root","x":3.36,"y":60.62},{"name":"bone3","parent":"root","x":-17.26,"y":81.25},{"name":"bone4","parent":"root","x":-11.58,"y":170.51,"scaleX":2,"scaleY":2}],"slots":[{"name":"castle_00000_","bone":"root","attachment":"castle_00000_"},{"name":"lightning_00002_","bone":"bone4","attachment":"lightning_00002_","blend":"additive"},{"name":"lightning_00003_","bone":"bone4","attachment":"lightning_00003_","blend":"additive"},{"name":"lightning_00006_","bone":"bone4","attachment":"lightning_00006_","blend":"additive"},{"name":"lightning_00007_","bone":"bone4","attachment":"lightning_00007_","blend":"additive"},{"name":"lightning_00010_","bone":"bone4","attachment":"lightning_00010_","blend":"additive"},{"name":"lightning_00065_","bone":"bone4","attachment":"lightning_00065_","blend":"additive"},{"name":"lightning_00068_","bone":"bone4","attachment":"lightning_00068_","blend":"additive"},{"name":"lightning_00070_","bone":"bone4","attachment":"lightning_00070_","blend":"additive"},{"name":"lightning_00129_","bone":"bone4","attachment":"lightning_00129_","blend":"additive"},{"name":"lightning_00130_","bone":"bone4","attachment":"lightning_00130_","blend":"additive"},{"name":"lightning_00132_","bone":"bone4","attachment":"lightning_00132_","blend":"additive"},{"name":"lightning_00133_","bone":"bone4","attachment":"lightning_00133_","blend":"additive"},{"name":"lightning_00135_","bone":"bone4","attachment":"lightning_00135_","blend":"additive"},{"name":"lightning_00138_","bone":"bone4","attachment":"lightning_00138_","blend":"additive"},{"name":"castle_a_00001_","bone":"root","attachment":"castle_a_00001_"},{"name":"door_00000_","bone":"root","attachment":"door_00000_","blend":"additive"},{"name":"fire_center_00000_","bone":"root","attachment":"fire_center_00000_","blend":"additive"},{"name":"fire_center_00001_","bone":"root","attachment":"fire_center_00001_","blend":"additive"},{"name":"fire_center_00002_","bone":"root","attachment":"fire_center_00002_","blend":"additive"},{"name":"fire_center_00003_","bone":"root","attachment":"fire_center_00003_","blend":"additive"},{"name":"fire_center_00004_","bone":"root","attachment":"fire_center_00004_","blend":"additive"},{"name":"fire_center_00005_","bone":"root","attachment":"fire_center_00005_","blend":"additive"},{"name":"fire_center_00006_","bone":"root","attachment":"fire_center_00006_","blend":"additive"},{"name":"fire_center_00007_","bone":"root","attachment":"fire_center_00007_","blend":"additive"},{"name":"fire_center_00008_","bone":"root","attachment":"fire_center_00008_","blend":"additive"},{"name":"fire_center_00009_","bone":"root","attachment":"fire_center_00009_","blend":"additive"},{"name":"fire_center_00010_","bone":"root","attachment":"fire_center_00010_","blend":"additive"},{"name":"fire_left_00000_","bone":"root","attachment":"fire_left_00000_","blend":"additive"},{"name":"fire_left_00001_","bone":"root","attachment":"fire_left_00001_","blend":"additive"},{"name":"fire_left_00002_","bone":"root","attachment":"fire_left_00002_","blend":"additive"},{"name":"fire_left_00003_","bone":"root","attachment":"fire_left_00003_","blend":"additive"},{"name":"fire_left_00004_","bone":"root","attachment":"fire_left_00004_","blend":"additive"},{"name":"fire_left_00005_","bone":"root","attachment":"fire_left_00005_","blend":"additive"},{"name":"fire_left_00006_","bone":"root","attachment":"fire_left_00006_","blend":"additive"},{"name":"fire_left_00007_","bone":"root","attachment":"fire_left_00007_","blend":"additive"},{"name":"fire_left_00008_","bone":"root","attachment":"fire_left_00008_","blend":"additive"},{"name":"fire_left_00009_","bone":"root","attachment":"fire_left_00009_","blend":"additive"},{"name":"fire_left_00010_","bone":"root","attachment":"fire_left_00010_","blend":"additive"},{"name":"fire_top_00000_","bone":"root","attachment":"fire_top_00000_","blend":"additive"},{"name":"fire_top_00001_","bone":"root","attachment":"fire_top_00001_","blend":"additive"},{"name":"fire_top_00002_","bone":"root","attachment":"fire_top_00002_","blend":"additive"},{"name":"fire_top_00003_","bone":"root","attachment":"fire_top_00003_","blend":"additive"},{"name":"fire_top_00004_","bone":"root","attachment":"fire_top_00004_","blend":"additive"},{"name":"fire_top_00005_","bone":"root","attachment":"fire_top_00005_","blend":"additive"},{"name":"fire_top_00006_","bone":"root","attachment":"fire_top_00006_","blend":"additive"},{"name":"fire_top_00007_","bone":"root","attachment":"fire_top_00007_","blend":"additive"},{"name":"fire_top_00008_","bone":"root","attachment":"fire_top_00008_","blend":"additive"},{"name":"fire_top_00009_","bone":"root","attachment":"fire_top_00009_","blend":"additive"},{"name":"fire_top_00010_","bone":"root","attachment":"fire_top_00010_","blend":"additive"},{"name":"ghost_a_00001_","bone":"root","attachment":"ghost_a_00001_","blend":"additive"},{"name":"ghost_a_00002_","bone":"root","attachment":"ghost_a_00002_","blend":"additive"},{"name":"ghost_a_00003_","bone":"root","attachment":"ghost_a_00003_","blend":"additive"},{"name":"ghost_a_00004_","bone":"root","attachment":"ghost_a_00004_","blend":"additive"},{"name":"ghost_a_00005_","bone":"root","attachment":"ghost_a_00005_","blend":"additive"},{"name":"ghost_a_00006_","bone":"root","attachment":"ghost_a_00006_","blend":"additive"},{"name":"ghost_a_00007_","bone":"root","attachment":"ghost_a_00007_","blend":"additive"},{"name":"ghost_a_00008_","bone":"root","attachment":"ghost_a_00008_","blend":"additive"},{"name":"ghost_a_00009_","bone":"root","attachment":"ghost_a_00009_","blend":"additive"},{"name":"ghost_a_00010_","bone":"root","attachment":"ghost_a_00010_","blend":"additive"},{"name":"ghost_a_00011_","bone":"root","attachment":"ghost_a_00011_","blend":"additive"},{"name":"ghost_a_00012_","bone":"root","attachment":"ghost_a_00012_","blend":"additive"},{"name":"ghost_a_00013_","bone":"root","attachment":"ghost_a_00013_","blend":"additive"},{"name":"ghost_a_00014_","bone":"root","attachment":"ghost_a_00014_","blend":"additive"},{"name":"ghost_a_00015_","bone":"root","attachment":"ghost_a_00015_","blend":"additive"},{"name":"ghost_a_00016_","bone":"root","attachment":"ghost_a_00016_","blend":"additive"},{"name":"ghost_a_00017_","bone":"root","attachment":"ghost_a_00017_","blend":"additive"},{"name":"ghost_a_00018_","bone":"root","attachment":"ghost_a_00018_","blend":"additive"},{"name":"ghost_a_00019_","bone":"root","attachment":"ghost_a_00019_","blend":"additive"},{"name":"ghost_a_00020_","bone":"root","attachment":"ghost_a_00020_","blend":"additive"},{"name":"ghost_a_00021_","bone":"root","attachment":"ghost_a_00021_","blend":"additive"},{"name":"ghost_a_00022_","bone":"root","attachment":"ghost_a_00022_","blend":"additive"},{"name":"ghost_a_00023_","bone":"root","attachment":"ghost_a_00023_","blend":"additive"},{"name":"ghost_a_00024_","bone":"root","attachment":"ghost_a_00024_","blend":"additive"},{"name":"ghost_a_00025_","bone":"root","attachment":"ghost_a_00025_","blend":"additive"},{"name":"ghost_a_00026_","bone":"root","attachment":"ghost_a_00026_","blend":"additive"},{"name":"ghost_a_00027_","bone":"root","attachment":"ghost_a_00027_","blend":"additive"},{"name":"ghost_a_00028_","bone":"root","attachment":"ghost_a_00028_","blend":"additive"},{"name":"ghost_a_00029_","bone":"root","attachment":"ghost_a_00029_","blend":"additive"},{"name":"ghost_b_00090_","bone":"root","attachment":"ghost_b_00090_","blend":"additive"},{"name":"ghost_b_00091_","bone":"root","attachment":"ghost_b_00091_","blend":"additive"},{"name":"ghost_b_00092_","bone":"root","attachment":"ghost_b_00092_","blend":"additive"},{"name":"ghost_b_00093_","bone":"root","attachment":"ghost_b_00093_","blend":"additive"},{"name":"ghost_b_00094_","bone":"root","attachment":"ghost_b_00094_","blend":"additive"},{"name":"ghost_b_00095_","bone":"root","attachment":"ghost_b_00095_","blend":"additive"},{"name":"ghost_b_00096_","bone":"root","attachment":"ghost_b_00096_","blend":"additive"},{"name":"ghost_b_00097_","bone":"root","attachment":"ghost_b_00097_","blend":"additive"},{"name":"ghost_b_00098_","bone":"root","attachment":"ghost_b_00098_","blend":"additive"},{"name":"ghost_b_00099_","bone":"root","attachment":"ghost_b_00099_","blend":"additive"},{"name":"ghost_b_00100_","bone":"root","attachment":"ghost_b_00100_","blend":"additive"},{"name":"ghost_b_00101_","bone":"root","attachment":"ghost_b_00101_","blend":"additive"},{"name":"ghost_b_00102_","bone":"root","attachment":"ghost_b_00102_","blend":"additive"},{"name":"ghost_b_00103_","bone":"root","attachment":"ghost_b_00103_","blend":"additive"},{"name":"ghost_b_00104_","bone":"root","attachment":"ghost_b_00104_","blend":"additive"},{"name":"ghost_b_00105_","bone":"root","attachment":"ghost_b_00105_","blend":"additive"},{"name":"ghost_b_00106_","bone":"root","attachment":"ghost_b_00106_","blend":"additive"},{"name":"ghost_b_00107_","bone":"root","attachment":"ghost_b_00107_","blend":"additive"},{"name":"ghost_b_00108_","bone":"root","attachment":"ghost_b_00108_","blend":"additive"},{"name":"ghost_b_00109_","bone":"root","attachment":"ghost_b_00109_","blend":"additive"},{"name":"ghost_b_00110_","bone":"root","attachment":"ghost_b_00110_","blend":"additive"},{"name":"ghost_b_00111_","bone":"root","attachment":"ghost_b_00111_","blend":"additive"},{"name":"ghost_b_00112_","bone":"root","attachment":"ghost_b_00112_","blend":"additive"},{"name":"ghost_b_00113_","bone":"root","attachment":"ghost_b_00113_","blend":"additive"},{"name":"ghost_b_00114_","bone":"root","attachment":"ghost_b_00114_","blend":"additive"},{"name":"ghost_b_00115_","bone":"root","attachment":"ghost_b_00115_","blend":"additive"},{"name":"ghost_b_00116_","bone":"root","attachment":"ghost_b_00116_","blend":"additive"},{"name":"ghost_b_00117_","bone":"root","attachment":"ghost_b_00117_","blend":"additive"},{"name":"ghost_b_00118_","bone":"root","attachment":"ghost_b_00118_","blend":"additive"},{"name":"ghost_b_00119_","bone":"root","attachment":"ghost_b_00119_","blend":"additive"},{"name":"ghost_c_00090_","bone":"root","attachment":"ghost_c_00090_","blend":"additive"},{"name":"ghost_c_00091_","bone":"root","attachment":"ghost_c_00091_","blend":"additive"},{"name":"ghost_c_00092_","bone":"root","attachment":"ghost_c_00092_","blend":"additive"},{"name":"ghost_c_00093_","bone":"root","attachment":"ghost_c_00093_","blend":"additive"},{"name":"ghost_c_00094_","bone":"root","attachment":"ghost_c_00094_","blend":"additive"},{"name":"ghost_c_00095_","bone":"root","attachment":"ghost_c_00095_","blend":"additive"},{"name":"ghost_c_00096_","bone":"root","attachment":"ghost_c_00096_","blend":"additive"},{"name":"ghost_c_00097_","bone":"root","attachment":"ghost_c_00097_","blend":"additive"},{"name":"ghost_c_00098_","bone":"root","attachment":"ghost_c_00098_","blend":"additive"},{"name":"ghost_c_00099_","bone":"root","attachment":"ghost_c_00099_","blend":"additive"},{"name":"ghost_c_00100_","bone":"root","attachment":"ghost_c_00100_","blend":"additive"},{"name":"ghost_c_00101_","bone":"root","attachment":"ghost_c_00101_","blend":"additive"},{"name":"ghost_c_00102_","bone":"root","attachment":"ghost_c_00102_","blend":"additive"},{"name":"ghost_c_00103_","bone":"root","attachment":"ghost_c_00103_","blend":"additive"},{"name":"ghost_c_00104_","bone":"root","attachment":"ghost_c_00104_","blend":"additive"},{"name":"ghost_c_00105_","bone":"root","attachment":"ghost_c_00105_","blend":"additive"},{"name":"ghost_c_00106_","bone":"root","attachment":"ghost_c_00106_","blend":"additive"},{"name":"ghost_c_00107_","bone":"root","attachment":"ghost_c_00107_","blend":"additive"},{"name":"ghost_c_00108_","bone":"root","attachment":"ghost_c_00108_","blend":"additive"},{"name":"ghost_c_00109_","bone":"root","attachment":"ghost_c_00109_","blend":"additive"},{"name":"ghost_c_00110_","bone":"root","attachment":"ghost_c_00110_","blend":"additive"},{"name":"ghost_c_00111_","bone":"root","attachment":"ghost_c_00111_","blend":"additive"},{"name":"ghost_c_00112_","bone":"root","attachment":"ghost_c_00112_","blend":"additive"},{"name":"ghost_c_00113_","bone":"root","attachment":"ghost_c_00113_","blend":"additive"},{"name":"ghost_c_00114_","bone":"root","attachment":"ghost_c_00114_","blend":"additive"},{"name":"ghost_c_00115_","bone":"root","attachment":"ghost_c_00115_","blend":"additive"},{"name":"ghost_c_00116_","bone":"root","attachment":"ghost_c_00116_","blend":"additive"},{"name":"ghost_c_00117_","bone":"root","attachment":"ghost_c_00117_","blend":"additive"},{"name":"ghost_c_00118_","bone":"root","attachment":"ghost_c_00118_","blend":"additive"},{"name":"ghost_d_00036_","bone":"root","attachment":"ghost_d_00036_","blend":"additive"},{"name":"ghost_d_00037_","bone":"root","attachment":"ghost_d_00037_","blend":"additive"},{"name":"ghost_d_00038_","bone":"root","attachment":"ghost_d_00038_","blend":"additive"},{"name":"ghost_d_00039_","bone":"root","attachment":"ghost_d_00039_","blend":"additive"},{"name":"ghost_d_00040_","bone":"root","attachment":"ghost_d_00040_","blend":"additive"},{"name":"ghost_d_00041_","bone":"root","attachment":"ghost_d_00041_","blend":"additive"},{"name":"ghost_d_00042_","bone":"root","attachment":"ghost_d_00042_","blend":"additive"},{"name":"ghost_d_00043_","bone":"root","attachment":"ghost_d_00043_","blend":"additive"},{"name":"ghost_d_00044_","bone":"root","attachment":"ghost_d_00044_","blend":"additive"},{"name":"ghost_d_00045_","bone":"root","attachment":"ghost_d_00045_","blend":"additive"},{"name":"ghost_d_00046_","bone":"root","attachment":"ghost_d_00046_","blend":"additive"},{"name":"ghost_d_00047_","bone":"root","attachment":"ghost_d_00047_","blend":"additive"},{"name":"ghost_d_00048_","bone":"root","attachment":"ghost_d_00048_","blend":"additive"},{"name":"ghost_d_00049_","bone":"root","attachment":"ghost_d_00049_","blend":"additive"},{"name":"ghost_d_00050_","bone":"root","attachment":"ghost_d_00050_","blend":"additive"},{"name":"ghost_d_00051_","bone":"root","attachment":"ghost_d_00051_","blend":"additive"},{"name":"ghost_d_00052_","bone":"root","attachment":"ghost_d_00052_","blend":"additive"},{"name":"ghost_d_00053_","bone":"root","attachment":"ghost_d_00053_","blend":"additive"},{"name":"ghost_d_00054_","bone":"root","attachment":"ghost_d_00054_","blend":"additive"},{"name":"ghost_d_00055_","bone":"root","attachment":"ghost_d_00055_","blend":"additive"},{"name":"ghost_d_00056_","bone":"root","attachment":"ghost_d_00056_","blend":"additive"},{"name":"ghost_d_00057_","bone":"root","attachment":"ghost_d_00057_","blend":"additive"},{"name":"ghost_d_00058_","bone":"root","attachment":"ghost_d_00058_","blend":"additive"},{"name":"ghost_d_00059_","bone":"root","attachment":"ghost_d_00059_","blend":"additive"},{"name":"ghost_d_00060_","bone":"root","attachment":"ghost_d_00060_","blend":"additive"},{"name":"ghost_d_00061_","bone":"root","attachment":"ghost_d_00061_","blend":"additive"},{"name":"ghost_d_00062_","bone":"root","attachment":"ghost_d_00062_","blend":"additive"},{"name":"ghost_d_00063_","bone":"root","attachment":"ghost_d_00063_","blend":"additive"},{"name":"light_00000_","bone":"root","attachment":"light_00000_","blend":"additive"},{"name":"skull_a_00000_","bone":"bone","attachment":"skull_a_00000_"},{"name":"skull_b_00000_","bone":"bone2","attachment":"skull_b_00000_"},{"name":"skull_c_00000_","bone":"bone3","attachment":"skull_c_00000_"},{"name":"water_00000_","bone":"root","attachment":"water_00000_"},{"name":"water_00001_","bone":"root","attachment":"water_00001_"},{"name":"water_00002_","bone":"root","attachment":"water_00002_"},{"name":"water_00003_","bone":"root","attachment":"water_00003_"},{"name":"water_00004_","bone":"root","attachment":"water_00004_"},{"name":"water_00005_","bone":"root","attachment":"water_00005_"},{"name":"water_00006_","bone":"root","attachment":"water_00006_"},{"name":"water_00007_","bone":"root","attachment":"water_00007_"},{"name":"water_00008_","bone":"root","attachment":"water_00008_"},{"name":"water_00009_","bone":"root","attachment":"water_00009_"},{"name":"water_00010_","bone":"root","attachment":"water_00010_"},{"name":"water_00011_","bone":"root","attachment":"water_00011_"},{"name":"water_00012_","bone":"root","attachment":"water_00012_"},{"name":"water_00013_","bone":"root","attachment":"water_00013_"},{"name":"water_00014_","bone":"root","attachment":"water_00014_"},{"name":"water_00015_","bone":"root","attachment":"water_00015_"},{"name":"water_00016_","bone":"root","attachment":"water_00016_"},{"name":"water_00017_","bone":"root","attachment":"water_00017_"},{"name":"water_00018_","bone":"root","attachment":"water_00018_"},{"name":"water_00019_","bone":"root","attachment":"water_00019_"},{"name":"fire_left_00000_2","bone":"root","attachment":"fire_left_00000_","blend":"additive"},{"name":"fire_left_00001_2","bone":"root","attachment":"fire_left_00001_","blend":"additive"},{"name":"fire_left_00002_2","bone":"root","attachment":"fire_left_00002_","blend":"additive"},{"name":"fire_left_00003_2","bone":"root","attachment":"fire_left_00003_","blend":"additive"},{"name":"fire_left_00004_2","bone":"root","attachment":"fire_left_00004_","blend":"additive"},{"name":"fire_left_00005_2","bone":"root","attachment":"fire_left_00005_","blend":"additive"},{"name":"fire_left_00006_2","bone":"root","attachment":"fire_left_00006_","blend":"additive"},{"name":"fire_left_00007_2","bone":"root","attachment":"fire_left_00007_","blend":"additive"},{"name":"fire_left_00008_2","bone":"root","attachment":"fire_left_00008_","blend":"additive"},{"name":"fire_left_00009_2","bone":"root","attachment":"fire_left_00009_","blend":"additive"},{"name":"fire_left_00010_2","bone":"root","attachment":"fire_left_00010_","blend":"additive"}],"skins":{"default":{"castle_00000_":{"castle_00000_":{"x":1.4,"y":229.75,"width":292,"height":457}},"castle_a_00001_":{"castle_a_00001_":{"x":1.4,"y":229.75,"width":292,"height":457}},"door_00000_":{"door_00000_":{"x":-47.59,"y":229.25,"width":62,"height":64}},"fire_center_00000_":{"fire_center_00000_":{"x":1.4,"y":382.25,"width":40,"height":36}},"fire_center_00001_":{"fire_center_00001_":{"x":0.9,"y":381.25,"width":41,"height":40}},"fire_center_00002_":{"fire_center_00002_":{"x":-4.09,"y":381.25,"width":35,"height":40}},"fire_center_00003_":{"fire_center_00003_":{"x":-1.59,"y":381.75,"width":40,"height":41}},"fire_center_00004_":{"fire_center_00004_":{"x":2.4,"y":379.25,"width":36,"height":38}},"fire_center_00005_":{"fire_center_00005_":{"x":1.4,"y":389.25,"width":42,"height":56}},"fire_center_00006_":{"fire_center_00006_":{"x":0.9,"y":381.75,"width":41,"height":39}},"fire_center_00007_":{"fire_center_00007_":{"x":-0.59,"y":381.25,"width":40,"height":40}},"fire_center_00008_":{"fire_center_00008_":{"x":-2.59,"y":383.25,"width":38,"height":44}},"fire_center_00009_":{"fire_center_00009_":{"x":-0.59,"y":379.75,"width":38,"height":37}},"fire_center_00010_":{"fire_center_00010_":{"x":0.9,"y":388.75,"width":41,"height":55}},"fire_left_00000_":{"fire_left_00000_":{"x":-32.59,"y":343.25,"width":54,"height":50}},"fire_left_00000_2":{"fire_left_00000_":{"x":45.07,"y":333.9,"width":54,"height":50}},"fire_left_00001_":{"fire_left_00001_":{"x":-32.59,"y":345.75,"width":54,"height":55}},"fire_left_00001_2":{"fire_left_00001_":{"x":45.07,"y":335.13,"width":54,"height":55}},"fire_left_00002_":{"fire_left_00002_":{"x":-32.09,"y":347.75,"width":51,"height":59}},"fire_left_00002_2":{"fire_left_00002_":{"x":45.07,"y":337.86,"width":51,"height":59}},"fire_left_00003_":{"fire_left_00003_":{"x":-32.59,"y":347.75,"width":52,"height":59}},"fire_left_00003_2":{"fire_left_00003_":{"x":45.07,"y":337.86,"width":52,"height":59}},"fire_left_00004_":{"fire_left_00004_":{"x":-33.09,"y":348.25,"width":53,"height":60}},"fire_left_00004_2":{"fire_left_00004_":{"x":45.07,"y":337.86,"width":53,"height":60}},"fire_left_00005_":{"fire_left_00005_":{"x":-31.59,"y":345.75,"width":52,"height":55}},"fire_left_00005_2":{"fire_left_00005_":{"x":45.07,"y":334.17,"width":52,"height":55}},"fire_left_00006_":{"fire_left_00006_":{"x":-32.59,"y":348.75,"width":52,"height":61}},"fire_left_00006_2":{"fire_left_00006_":{"x":45.07,"y":337.86,"width":52,"height":61}},"fire_left_00007_":{"fire_left_00007_":{"x":-33.09,"y":345.25,"width":51,"height":54}},"fire_left_00007_2":{"fire_left_00007_":{"x":45.07,"y":332.94,"width":51,"height":54}},"fire_left_00008_":{"fire_left_00008_":{"x":-32.09,"y":345.25,"width":53,"height":54}},"fire_left_00008_2":{"fire_left_00008_":{"x":45.07,"y":334.03,"width":53,"height":54}},"fire_left_00009_":{"fire_left_00009_":{"x":-32.59,"y":348.25,"width":52,"height":60}},"fire_left_00009_2":{"fire_left_00009_":{"x":45.07,"y":337.86,"width":52,"height":60}},"fire_left_00010_":{"fire_left_00010_":{"x":-33.09,"y":349.25,"width":55,"height":62}},"fire_left_00010_2":{"fire_left_00010_":{"x":45.07,"y":337.86,"width":55,"height":62}},"fire_top_00000_":{"fire_top_00000_":{"x":-0.09,"y":440.75,"width":107,"height":131}},"fire_top_00001_":{"fire_top_00001_":{"x":-0.59,"y":450.75,"width":106,"height":153}},"fire_top_00002_":{"fire_top_00002_":{"x":0.9,"y":451.75,"width":101,"height":157}},"fire_top_00003_":{"fire_top_00003_":{"x":-0.09,"y":451.75,"width":103,"height":153}},"fire_top_00004_":{"fire_top_00004_":{"x":-0.59,"y":453.25,"width":104,"height":158}},"fire_top_00005_":{"fire_top_00005_":{"x":1.4,"y":450.75,"width":104,"height":151}},"fire_top_00006_":{"fire_top_00006_":{"x":-1.09,"y":455.75,"width":101,"height":163}},"fire_top_00007_":{"fire_top_00007_":{"x":-1.09,"y":446.25,"width":101,"height":146}},"fire_top_00008_":{"fire_top_00008_":{"x":0.4,"y":446.75,"width":104,"height":145}},"fire_top_00009_":{"fire_top_00009_":{"x":-0.09,"y":457.25,"width":103,"height":166}},"fire_top_00010_":{"fire_top_00010_":{"x":-1.09,"y":457.75,"width":107,"height":165}},"ghost_a_00001_":{"ghost_a_00001_":{"x":-0.59,"y":172.25,"width":18,"height":34}},"ghost_a_00002_":{"ghost_a_00002_":{"x":-0.59,"y":172.25,"width":20,"height":36}},"ghost_a_00003_":{"ghost_a_00003_":{"x":-1.09,"y":173.25,"width":21,"height":40}},"ghost_a_00004_":{"ghost_a_00004_":{"x":-1.59,"y":175.25,"width":22,"height":42}},"ghost_a_00005_":{"ghost_a_00005_":{"x":-2.59,"y":177.25,"width":22,"height":46}},"ghost_a_00006_":{"ghost_a_00006_":{"x":-3.59,"y":180.75,"width":22,"height":49}},"ghost_a_00007_":{"ghost_a_00007_":{"x":-5.09,"y":183.75,"width":23,"height":55}},"ghost_a_00008_":{"ghost_a_00008_":{"x":-6.59,"y":187.25,"width":26,"height":62}},"ghost_a_00009_":{"ghost_a_00009_":{"x":-8.09,"y":192.25,"width":29,"height":70}},"ghost_a_00010_":{"ghost_a_00010_":{"x":-11.59,"y":197.75,"width":32,"height":79}},"ghost_a_00011_":{"ghost_a_00011_":{"x":-14.59,"y":206.75,"width":36,"height":79}},"ghost_a_00012_":{"ghost_a_00012_":{"x":-19.09,"y":215.75,"width":39,"height":77}},"ghost_a_00013_":{"ghost_a_00013_":{"x":-23.59,"y":224.25,"width":44,"height":76}},"ghost_a_00014_":{"ghost_a_00014_":{"x":-28.59,"y":232.25,"width":50,"height":76}},"ghost_a_00015_":{"ghost_a_00015_":{"x":-34.09,"y":240.75,"width":55,"height":73}},"ghost_a_00016_":{"ghost_a_00016_":{"x":-40.09,"y":249.75,"width":59,"height":71}},"ghost_a_00017_":{"ghost_a_00017_":{"x":-46.59,"y":259.75,"width":62,"height":67}},"ghost_a_00018_":{"ghost_a_00018_":{"x":-52.59,"y":268.25,"width":62,"height":64}},"ghost_a_00019_":{"ghost_a_00019_":{"x":-57.59,"y":275.75,"width":60,"height":63}},"ghost_a_00020_":{"ghost_a_00020_":{"x":-62.59,"y":284.25,"width":56,"height":64}},"ghost_a_00021_":{"ghost_a_00021_":{"x":-66.59,"y":292.25,"width":50,"height":66}},"ghost_a_00022_":{"ghost_a_00022_":{"x":-70.59,"y":300.25,"width":44,"height":70}},"ghost_a_00023_":{"ghost_a_00023_":{"x":-73.59,"y":307.75,"width":38,"height":73}},"ghost_a_00024_":{"ghost_a_00024_":{"x":-76.09,"y":314.75,"width":31,"height":75}},"ghost_a_00025_":{"ghost_a_00025_":{"x":-78.09,"y":321.25,"width":25,"height":78}},"ghost_a_00026_":{"ghost_a_00026_":{"x":-76.59,"y":326.75,"width":24,"height":79}},"ghost_a_00027_":{"ghost_a_00027_":{"x":-75.59,"y":331.75,"width":24,"height":81}},"ghost_a_00028_":{"ghost_a_00028_":{"x":-75.09,"y":335.75,"width":23,"height":81}},"ghost_a_00029_":{"ghost_a_00029_":{"x":-74.59,"y":338.25,"width":22,"height":82}},"ghost_b_00090_":{"ghost_b_00090_":{"x":-3.09,"y":158.25,"width":29,"height":22}},"ghost_b_00091_":{"ghost_b_00091_":{"x":-3.09,"y":158.25,"width":31,"height":24}},"ghost_b_00092_":{"ghost_b_00092_":{"x":-4.09,"y":158.75,"width":33,"height":25}},"ghost_b_00093_":{"ghost_b_00093_":{"x":-5.59,"y":159.75,"width":36,"height":27}},"ghost_b_00094_":{"ghost_b_00094_":{"x":-8.09,"y":160.75,"width":39,"height":29}},"ghost_b_00095_":{"ghost_b_00095_":{"x":-10.09,"y":162.75,"width":43,"height":31}},"ghost_b_00096_":{"ghost_b_00096_":{"x":-12.59,"y":164.75,"width":48,"height":33}},"ghost_b_00097_":{"ghost_b_00097_":{"x":-16.09,"y":166.75,"width":53,"height":37}},"ghost_b_00098_":{"ghost_b_00098_":{"x":-19.09,"y":169.25,"width":59,"height":40}},"ghost_b_00099_":{"ghost_b_00099_":{"x":-23.09,"y":172.75,"width":63,"height":43}},"ghost_b_00100_":{"ghost_b_00100_":{"x":-30.09,"y":177.25,"width":63,"height":44}},"ghost_b_00101_":{"ghost_b_00101_":{"x":-37.09,"y":182.25,"width":63,"height":46}},"ghost_b_00102_":{"ghost_b_00102_":{"x":-44.59,"y":188.25,"width":62,"height":48}},"ghost_b_00103_":{"ghost_b_00103_":{"x":-52.09,"y":193.75,"width":61,"height":51}},"ghost_b_00104_":{"ghost_b_00104_":{"x":-58.09,"y":199.25,"width":59,"height":54}},"ghost_b_00105_":{"ghost_b_00105_":{"x":-64.09,"y":205.75,"width":55,"height":55}},"ghost_b_00106_":{"ghost_b_00106_":{"x":-69.59,"y":212.25,"width":50,"height":58}},"ghost_b_00107_":{"ghost_b_00107_":{"x":-73.59,"y":219.75,"width":44,"height":61}},"ghost_b_00108_":{"ghost_b_00108_":{"x":-77.59,"y":228.25,"width":38,"height":66}},"ghost_b_00109_":{"ghost_b_00109_":{"x":-80.59,"y":237.75,"width":32,"height":71}},"ghost_b_00110_":{"ghost_b_00110_":{"x":-83.09,"y":246.25,"width":25,"height":74}},"ghost_b_00111_":{"ghost_b_00111_":{"x":-81.09,"y":253.75,"width":25,"height":75}},"ghost_b_00112_":{"ghost_b_00112_":{"x":-78.59,"y":259.75,"width":24,"height":77}},"ghost_b_00113_":{"ghost_b_00113_":{"x":-77.59,"y":265.25,"width":26,"height":76}},"ghost_b_00114_":{"ghost_b_00114_":{"x":-76.09,"y":269.75,"width":27,"height":75}},"ghost_b_00115_":{"ghost_b_00115_":{"x":-74.09,"y":274.25,"width":29,"height":74}},"ghost_b_00116_":{"ghost_b_00116_":{"x":-73.59,"y":278.25,"width":30,"height":72}},"ghost_b_00117_":{"ghost_b_00117_":{"x":-72.09,"y":281.25,"width":31,"height":72}},"ghost_b_00118_":{"ghost_b_00118_":{"x":-71.59,"y":283.25,"width":32,"height":70}},"ghost_b_00119_":{"ghost_b_00119_":{"x":-70.09,"y":285.25,"width":29,"height":66}},"ghost_c_00090_":{"ghost_c_00090_":{"x":62.4,"y":175.75,"width":20,"height":29}},"ghost_c_00091_":{"ghost_c_00091_":{"x":62.4,"y":176.25,"width":22,"height":32}},"ghost_c_00092_":{"ghost_c_00092_":{"x":62.9,"y":177.25,"width":23,"height":34}},"ghost_c_00093_":{"ghost_c_00093_":{"x":63.4,"y":178.25,"width":24,"height":36}},"ghost_c_00094_":{"ghost_c_00094_":{"x":63.9,"y":180.25,"width":25,"height":38}},"ghost_c_00095_":{"ghost_c_00095_":{"x":64.9,"y":182.25,"width":25,"height":42}},"ghost_c_00096_":{"ghost_c_00096_":{"x":66.4,"y":184.25,"width":26,"height":46}},"ghost_c_00097_":{"ghost_c_00097_":{"x":66.9,"y":187.25,"width":27,"height":50}},"ghost_c_00098_":{"ghost_c_00098_":{"x":67.9,"y":190.75,"width":27,"height":55}},"ghost_c_00099_":{"ghost_c_00099_":{"x":68.9,"y":194.75,"width":25,"height":61}},"ghost_c_00100_":{"ghost_c_00100_":{"x":68.9,"y":202.75,"width":23,"height":63}},"ghost_c_00101_":{"ghost_c_00101_":{"x":65.9,"y":211.75,"width":25,"height":65}},"ghost_c_00102_":{"ghost_c_00102_":{"x":62.4,"y":221.75,"width":30,"height":71}},"ghost_c_00103_":{"ghost_c_00103_":{"x":57.9,"y":230.75,"width":37,"height":75}},"ghost_c_00104_":{"ghost_c_00104_":{"x":54.9,"y":238.25,"width":43,"height":76}},"ghost_c_00105_":{"ghost_c_00105_":{"x":51.9,"y":243.75,"width":47,"height":73}},"ghost_c_00106_":{"ghost_c_00106_":{"x":48.4,"y":249.25,"width":50,"height":68}},"ghost_c_00107_":{"ghost_c_00107_":{"x":44.4,"y":255.75,"width":52,"height":63}},"ghost_c_00108_":{"ghost_c_00108_":{"x":40.4,"y":262.75,"width":50,"height":57}},"ghost_c_00109_":{"ghost_c_00109_":{"x":34.9,"y":271.25,"width":49,"height":50}},"ghost_c_00110_":{"ghost_c_00110_":{"x":29.4,"y":279.75,"width":44,"height":45}},"ghost_c_00111_":{"ghost_c_00111_":{"x":25.4,"y":286.75,"width":40,"height":45}},"ghost_c_00112_":{"ghost_c_00112_":{"x":22.4,"y":292.25,"width":36,"height":50}},"ghost_c_00113_":{"ghost_c_00113_":{"x":20.9,"y":297.75,"width":33,"height":55}},"ghost_c_00114_":{"ghost_c_00114_":{"x":19.9,"y":303.25,"width":29,"height":62}},"ghost_c_00115_":{"ghost_c_00115_":{"x":19.9,"y":307.25,"width":25,"height":64}},"ghost_c_00116_":{"ghost_c_00116_":{"x":21.4,"y":310.25,"width":24,"height":66}},"ghost_c_00117_":{"ghost_c_00117_":{"x":22.4,"y":312.75,"width":24,"height":67}},"ghost_c_00118_":{"ghost_c_00118_":{"x":22.9,"y":314.75,"width":23,"height":67}},"ghost_d_00036_":{"ghost_d_00036_":{"x":54.9,"y":174.25,"width":17,"height":30}},"ghost_d_00037_":{"ghost_d_00037_":{"x":55.4,"y":174.75,"width":18,"height":33}},"ghost_d_00038_":{"ghost_d_00038_":{"x":55.9,"y":175.25,"width":19,"height":36}},"ghost_d_00039_":{"ghost_d_00039_":{"x":55.9,"y":177.25,"width":19,"height":38}},"ghost_d_00040_":{"ghost_d_00040_":{"x":56.4,"y":179.75,"width":20,"height":41}},"ghost_d_00041_":{"ghost_d_00041_":{"x":57.4,"y":182.75,"width":20,"height":45}},"ghost_d_00042_":{"ghost_d_00042_":{"x":58.4,"y":185.75,"width":20,"height":49}},"ghost_d_00043_":{"ghost_d_00043_":{"x":59.9,"y":189.25,"width":21,"height":56}},"ghost_d_00044_":{"ghost_d_00044_":{"x":61.4,"y":192.25,"width":22,"height":62}},"ghost_d_00045_":{"ghost_d_00045_":{"x":63.4,"y":196.25,"width":26,"height":68}},"ghost_d_00046_":{"ghost_d_00046_":{"x":67.4,"y":203.75,"width":30,"height":67}},"ghost_d_00047_":{"ghost_d_00047_":{"x":71.4,"y":211.25,"width":36,"height":66}},"ghost_d_00048_":{"ghost_d_00048_":{"x":75.4,"y":218.75,"width":42,"height":63}},"ghost_d_00049_":{"ghost_d_00049_":{"x":79.9,"y":225.75,"width":47,"height":61}},"ghost_d_00050_":{"ghost_d_00050_":{"x":83.9,"y":233.75,"width":49,"height":59}},"ghost_d_00051_":{"ghost_d_00051_":{"x":87.9,"y":241.75,"width":51,"height":59}},"ghost_d_00052_":{"ghost_d_00052_":{"x":91.9,"y":250.25,"width":49,"height":60}},"ghost_d_00053_":{"ghost_d_00053_":{"x":96.4,"y":258.75,"width":44,"height":61}},"ghost_d_00054_":{"ghost_d_00054_":{"x":100.4,"y":266.75,"width":38,"height":65}},"ghost_d_00055_":{"ghost_d_00055_":{"x":103.4,"y":275.75,"width":32,"height":71}},"ghost_d_00056_":{"ghost_d_00056_":{"x":105.9,"y":283.25,"width":25,"height":74}},"ghost_d_00057_":{"ghost_d_00057_":{"x":105.4,"y":289.25,"width":24,"height":74}},"ghost_d_00058_":{"ghost_d_00058_":{"x":104.9,"y":294.75,"width":23,"height":73}},"ghost_d_00059_":{"ghost_d_00059_":{"x":103.4,"y":300.75,"width":24,"height":73}},"ghost_d_00060_":{"ghost_d_00060_":{"x":100.9,"y":307.25,"width":23,"height":72}},"ghost_d_00061_":{"ghost_d_00061_":{"x":98.9,"y":312.25,"width":25,"height":72}},"ghost_d_00062_":{"ghost_d_00062_":{"x":96.9,"y":317.25,"width":27,"height":70}},"ghost_d_00063_":{"ghost_d_00063_":{"x":95.9,"y":320.75,"width":27,"height":67}},"light_00000_":{"light_00000_":{"x":69.9,"y":141.25,"width":185,"height":86}},"lightning_00002_":{"lightning_00002_":{"x":22.9,"y":1.92,"width":137,"height":209}},"lightning_00003_":{"lightning_00003_":{"x":-5.59,"y":10.92,"width":188,"height":217}},"lightning_00006_":{"lightning_00006_":{"x":29.9,"y":4.92,"width":131,"height":203}},"lightning_00007_":{"lightning_00007_":{"x":-5.59,"y":20.42,"width":190,"height":226}},"lightning_00010_":{"lightning_00010_":{"x":29.9,"y":12.42,"width":143,"height":208}},"lightning_00065_":{"lightning_00065_":{"x":15.9,"y":1.42,"width":159,"height":210}},"lightning_00068_":{"lightning_00068_":{"x":23.4,"y":8.42,"width":186,"height":190}},"lightning_00070_":{"lightning_00070_":{"x":-5.59,"y":13.42,"width":188,"height":218}},"lightning_00129_":{"lightning_00129_":{"x":-5.09,"y":-3.57,"width":175,"height":204}},"lightning_00130_":{"lightning_00130_":{"x":17.4,"y":5.92,"width":160,"height":191}},"lightning_00132_":{"lightning_00132_":{"x":17.4,"y":3.92,"width":154,"height":207}},"lightning_00133_":{"lightning_00133_":{"x":-8.59,"y":1.42,"width":184,"height":210}},"lightning_00135_":{"lightning_00135_":{"x":23.4,"y":8.42,"width":190,"height":188}},"lightning_00138_":{"lightning_00138_":{"x":10.4,"y":5.42,"width":128,"height":200}},"skull_a_00000_":{"skull_a_00000_":{"x":-0.91,"y":0.58,"width":22,"height":28}},"skull_b_00000_":{"skull_b_00000_":{"x":0.53,"y":0.63,"width":23,"height":20}},"skull_c_00000_":{"skull_c_00000_":{"x":0.66,"y":2.5,"width":26,"height":23}},"water_00000_":{"water_00000_":{"x":10.9,"y":102.75,"width":257,"height":173}},"water_00001_":{"water_00001_":{"x":10.9,"y":102.75,"width":257,"height":173}},"water_00002_":{"water_00002_":{"x":11.4,"y":102.75,"width":258,"height":173}},"water_00003_":{"water_00003_":{"x":11.9,"y":102.75,"width":259,"height":173}},"water_00004_":{"water_00004_":{"x":12.9,"y":102.75,"width":261,"height":173}},"water_00005_":{"water_00005_":{"x":13.4,"y":103.75,"width":262,"height":175}},"water_00006_":{"water_00006_":{"x":13.4,"y":103.25,"width":262,"height":174}},"water_00007_":{"water_00007_":{"x":13.4,"y":100.75,"width":262,"height":169}},"water_00008_":{"water_00008_":{"x":13.4,"y":101.75,"width":262,"height":171}},"water_00009_":{"water_00009_":{"x":12.4,"y":101.25,"width":260,"height":170}},"water_00010_":{"water_00010_":{"x":10.9,"y":101.25,"width":257,"height":170}},"water_00011_":{"water_00011_":{"x":10.9,"y":101.25,"width":257,"height":170}},"water_00012_":{"water_00012_":{"x":11.4,"y":101.25,"width":258,"height":170}},"water_00013_":{"water_00013_":{"x":11.9,"y":101.25,"width":259,"height":170}},"water_00014_":{"water_00014_":{"x":12.9,"y":103.25,"width":261,"height":174}},"water_00015_":{"water_00015_":{"x":13.4,"y":103.25,"width":262,"height":174}},"water_00016_":{"water_00016_":{"x":13.4,"y":103.25,"width":262,"height":174}},"water_00017_":{"water_00017_":{"x":13.4,"y":103.25,"width":262,"height":174}},"water_00018_":{"water_00018_":{"x":13.4,"y":103.25,"width":262,"height":174}},"water_00019_":{"water_00019_":{"x":12.4,"y":103.25,"width":260,"height":174}}}},"animations":{"animation":{"slots":{"castle_a_00001_":{"color":[{"time":0,"color":"ffffff00"},{"time":0.1,"color":"ffffffff","curve":"stepped"},{"time":0.3666,"color":"ffffffff"},{"time":0.4666,"color":"ffffff00","curve":"stepped"},{"time":2.0666,"color":"ffffff00"},{"time":2.1666,"color":"ffffffff","curve":"stepped"},{"time":2.3333,"color":"ffffffff"},{"time":2.4333,"color":"ffffff00","curve":"stepped"},{"time":4.1666,"color":"ffffff00"},{"time":4.2666,"color":"ffffffff","curve":"stepped"},{"time":4.6,"color":"ffffffff"},{"time":4.7,"color":"ffffff00"}]},"door_00000_":{"color":[{"time":0,"color":"ffffffff"},{"time":3,"color":"ffffff58"},{"time":6,"color":"ffffffff"}]},"fire_center_00000_":{"attachment":[{"time":0,"name":"fire_center_00000_"},{"time":0.1,"name":null},{"time":1,"name":"fire_center_00000_"},{"time":1.1,"name":null},{"time":2,"name":"fire_center_00000_"},{"time":2.1,"name":null},{"time":3,"name":"fire_center_00000_"},{"time":3.1,"name":null},{"time":4,"name":"fire_center_00000_"},{"time":4.1,"name":null},{"time":5,"name":"fire_center_00000_"},{"time":5.1,"name":null},{"time":6,"name":"fire_center_00000_"}]},"fire_center_00001_":{"attachment":[{"time":0,"name":null},{"time":0.1,"name":"fire_center_00001_"},{"time":0.1666,"name":null},{"time":1.1,"name":"fire_center_00001_"},{"time":1.1666,"name":null},{"time":2.1,"name":"fire_center_00001_"},{"time":2.1666,"name":null},{"time":3.1,"name":"fire_center_00001_"},{"time":3.1666,"name":null},{"time":4.1,"name":"fire_center_00001_"},{"time":4.1666,"name":null},{"time":5.1,"name":"fire_center_00001_"},{"time":5.1666,"name":null}]},"fire_center_00002_":{"attachment":[{"time":0,"name":null},{"time":0.1666,"name":"fire_center_00002_"},{"time":0.2666,"name":null},{"time":1.1666,"name":"fire_center_00002_"},{"time":1.2666,"name":null},{"time":2.1666,"name":"fire_center_00002_"},{"time":2.2666,"name":null},{"time":3.1666,"name":"fire_center_00002_"},{"time":3.2666,"name":null},{"time":4.1666,"name":"fire_center_00002_"},{"time":4.2666,"name":null},{"time":5.1666,"name":"fire_center_00002_"},{"time":5.2666,"name":null}]},"fire_center_00003_":{"attachment":[{"time":0,"name":null},{"time":0.2666,"name":"fire_center_00003_"},{"time":0.3666,"name":null},{"time":1.2666,"name":"fire_center_00003_"},{"time":1.3666,"name":null},{"time":2.2666,"name":"fire_center_00003_"},{"time":2.3666,"name":null},{"time":3.2666,"name":"fire_center_00003_"},{"time":3.3666,"name":null},{"time":4.2666,"name":"fire_center_00003_"},{"time":4.3666,"name":null},{"time":5.2666,"name":"fire_center_00003_"},{"time":5.3666,"name":null}]},"fire_center_00004_":{"attachment":[{"time":0,"name":null},{"time":0.3666,"name":"fire_center_00004_"},{"time":0.4666,"name":null},{"time":1.3666,"name":"fire_center_00004_"},{"time":1.4666,"name":null},{"time":2.3666,"name":"fire_center_00004_"},{"time":2.4666,"name":null},{"time":3.3666,"name":"fire_center_00004_"},{"time":3.4333,"name":null},{"time":4.3666,"name":"fire_center_00004_"},{"time":4.4333,"name":null},{"time":5.3666,"name":"fire_center_00004_"},{"time":5.4333,"name":null}]},"fire_center_00005_":{"attachment":[{"time":0,"name":null},{"time":0.4666,"name":"fire_center_00005_"},{"time":0.5333,"name":null},{"time":1.4666,"name":"fire_center_00005_"},{"time":1.5333,"name":null},{"time":2.4666,"name":"fire_center_00005_"},{"time":2.5333,"name":null},{"time":3.4333,"name":"fire_center_00005_"},{"time":3.5333,"name":null},{"time":4.4333,"name":"fire_center_00005_"},{"time":4.5333,"name":null},{"time":5.4333,"name":"fire_center_00005_"},{"time":5.5333,"name":null}]},"fire_center_00006_":{"attachment":[{"time":0,"name":null},{"time":0.5333,"name":"fire_center_00006_"},{"time":0.6333,"name":null},{"time":1.5333,"name":"fire_center_00006_"},{"time":1.6333,"name":null},{"time":2.5333,"name":"fire_center_00006_"},{"time":2.6333,"name":null},{"time":3.5333,"name":"fire_center_00006_"},{"time":3.6333,"name":null},{"time":4.5333,"name":"fire_center_00006_"},{"time":4.6333,"name":null},{"time":5.5333,"name":"fire_center_00006_"},{"time":5.6333,"name":null}]},"fire_center_00007_":{"attachment":[{"time":0,"name":null},{"time":0.6333,"name":"fire_center_00007_"},{"time":0.7333,"name":null},{"time":1.6333,"name":"fire_center_00007_"},{"time":1.7333,"name":null},{"time":2.6333,"name":"fire_center_00007_"},{"time":2.7333,"name":null},{"time":3.6333,"name":"fire_center_00007_"},{"time":3.7333,"name":null},{"time":4.6333,"name":"fire_center_00007_"},{"time":4.7333,"name":null},{"time":5.6333,"name":"fire_center_00007_"},{"time":5.7333,"name":null}]},"fire_center_00008_":{"attachment":[{"time":0,"name":null},{"time":0.7333,"name":"fire_center_00008_"},{"time":0.8333,"name":null},{"time":1.7333,"name":"fire_center_00008_"},{"time":1.8,"name":null},{"time":2.7333,"name":"fire_center_00008_"},{"time":2.8,"name":null},{"time":3.7333,"name":"fire_center_00008_"},{"time":3.8,"name":null},{"time":4.7333,"name":"fire_center_00008_"},{"time":4.8,"name":null},{"time":5.7333,"name":"fire_center_00008_"},{"time":5.8,"name":null}]},"fire_center_00009_":{"attachment":[{"time":0,"name":null},{"time":0.8333,"name":"fire_center_00009_"},{"time":0.9,"name":null},{"time":1.8,"name":"fire_center_00009_"},{"time":1.9,"name":null},{"time":2.8,"name":"fire_center_00009_"},{"time":2.9,"name":null},{"time":3.8,"name":"fire_center_00009_"},{"time":3.9,"name":null},{"time":4.8,"name":"fire_center_00009_"},{"time":4.9,"name":null},{"time":5.8,"name":"fire_center_00009_"},{"time":5.9,"name":null}]},"fire_center_00010_":{"attachment":[{"time":0,"name":null},{"time":0.9,"name":"fire_center_00010_"},{"time":1,"name":null},{"time":1.9,"name":"fire_center_00010_"},{"time":2,"name":null},{"time":2.9,"name":"fire_center_00010_"},{"time":3,"name":null},{"time":3.9,"name":"fire_center_00010_"},{"time":4,"name":null},{"time":4.9,"name":"fire_center_00010_"},{"time":5,"name":null},{"time":5.9,"name":"fire_center_00010_"},{"time":6,"name":null}]},"fire_left_00000_":{"attachment":[{"time":0,"name":"fire_left_00000_"},{"time":0.1,"name":null},{"time":1,"name":"fire_left_00000_"},{"time":1.1,"name":null},{"time":2,"name":"fire_left_00000_"},{"time":2.1,"name":null},{"time":3,"name":"fire_left_00000_"},{"time":3.1,"name":null},{"time":4,"name":"fire_left_00000_"},{"time":4.1,"name":null},{"time":5,"name":"fire_left_00000_"},{"time":5.1,"name":null},{"time":6,"name":"fire_left_00000_"}]},"fire_left_00000_2":{"attachment":[{"time":0,"name":null},{"time":0.5333,"name":"fire_left_00000_"},{"time":0.6333,"name":null},{"time":1.5333,"name":"fire_left_00000_"},{"time":1.6333,"name":null},{"time":2.5333,"name":"fire_left_00000_"},{"time":2.6333,"name":null},{"time":3.5333,"name":"fire_left_00000_"},{"time":3.6333,"name":null},{"time":4.5666,"name":"fire_left_00000_"},{"time":4.6333,"name":null},{"time":5.5666,"name":"fire_left_00000_"},{"time":5.6333,"name":null}]},"fire_left_00001_":{"attachment":[{"time":0,"name":null},{"time":0.1,"name":"fire_left_00001_"},{"time":0.1666,"name":null},{"time":1.1,"name":"fire_left_00001_"},{"time":1.2,"name":null},{"time":2.1,"name":"fire_left_00001_"},{"time":2.2,"name":null},{"time":3.1,"name":"fire_left_00001_"},{"time":3.2,"name":null},{"time":4.1,"name":"fire_left_00001_"},{"time":4.2,"name":null},{"time":5.1,"name":"fire_left_00001_"},{"time":5.2,"name":null}]},"fire_left_00001_2":{"attachment":[{"time":0,"name":null},{"time":0.6333,"name":"fire_left_00001_"},{"time":0.7333,"name":null},{"time":1.6333,"name":"fire_left_00001_"},{"time":1.7333,"name":null},{"time":2.6333,"name":"fire_left_00001_"},{"time":2.7333,"name":null},{"time":3.6333,"name":"fire_left_00001_"},{"time":3.7333,"name":null},{"time":4.6333,"name":"fire_left_00001_"},{"time":4.7333,"name":null},{"time":5.6333,"name":"fire_left_00001_"},{"time":5.7333,"name":null}]},"fire_left_00002_":{"attachment":[{"time":0,"name":null},{"time":0.1666,"name":"fire_left_00002_"},{"time":0.2666,"name":null},{"time":1.2,"name":"fire_left_00002_"},{"time":1.2666,"name":null},{"time":2.2,"name":"fire_left_00002_"},{"time":2.2666,"name":null},{"time":3.2,"name":"fire_left_00002_"},{"time":3.2666,"name":null},{"time":4.2,"name":"fire_left_00002_"},{"time":4.2666,"name":null},{"time":5.2,"name":"fire_left_00002_"},{"time":5.2666,"name":null}]},"fire_left_00002_2":{"attachment":[{"time":0,"name":null},{"time":0.7333,"name":"fire_left_00002_"},{"time":0.8333,"name":null},{"time":1.7333,"name":"fire_left_00002_"},{"time":1.8333,"name":null},{"time":2.7333,"name":"fire_left_00002_"},{"time":2.8333,"name":null},{"time":3.7333,"name":"fire_left_00002_"},{"time":3.8333,"name":null},{"time":4.7333,"name":"fire_left_00002_"},{"time":4.8333,"name":null},{"time":5.7333,"name":"fire_left_00002_"},{"time":5.8333,"name":null}]},"fire_left_00003_":{"attachment":[{"time":0,"name":null},{"time":0.2666,"name":"fire_left_00003_"},{"time":0.3666,"name":null},{"time":1.2666,"name":"fire_left_00003_"},{"time":1.3666,"name":null},{"time":2.2666,"name":"fire_left_00003_"},{"time":2.3666,"name":null},{"time":3.2666,"name":"fire_left_00003_"},{"time":3.3666,"name":null},{"time":4.2666,"name":"fire_left_00003_"},{"time":4.3666,"name":null},{"time":5.2666,"name":"fire_left_00003_"},{"time":5.3666,"name":null}]},"fire_left_00003_2":{"attachment":[{"time":0,"name":null},{"time":0.8333,"name":"fire_left_00003_"},{"time":0.9,"name":null},{"time":1.8333,"name":"fire_left_00003_"},{"time":1.9,"name":null},{"time":2.8333,"name":"fire_left_00003_"},{"time":2.9,"name":null},{"time":3.8333,"name":"fire_left_00003_"},{"time":3.9,"name":null},{"time":4.8333,"name":"fire_left_00003_"},{"time":4.9,"name":null},{"time":5.8333,"name":"fire_left_00003_"},{"time":5.9,"name":null}]},"fire_left_00004_":{"attachment":[{"time":0,"name":null},{"time":0.3666,"name":"fire_left_00004_"},{"time":0.4666,"name":null},{"time":1.3666,"name":"fire_left_00004_"},{"time":1.4666,"name":null},{"time":2.3666,"name":"fire_left_00004_"},{"time":2.4666,"name":null},{"time":3.3666,"name":"fire_left_00004_"},{"time":3.4666,"name":null},{"time":4.3666,"name":"fire_left_00004_"},{"time":4.4666,"name":null},{"time":5.3666,"name":"fire_left_00004_"},{"time":5.4666,"name":null}]},"fire_left_00004_2":{"attachment":[{"time":0,"name":null},{"time":0.9,"name":"fire_left_00004_"},{"time":1,"name":null},{"time":1.9,"name":"fire_left_00004_"},{"time":2,"name":null},{"time":2.9,"name":"fire_left_00004_"},{"time":3,"name":null},{"time":3.9,"name":"fire_left_00004_"},{"time":4,"name":null},{"time":4.9,"name":"fire_left_00004_"},{"time":5,"name":null},{"time":5.9,"name":"fire_left_00004_"},{"time":6,"name":null}]},"fire_left_00005_":{"attachment":[{"time":0,"name":null},{"time":0.4666,"name":"fire_left_00005_"},{"time":0.5333,"name":null},{"time":1.4666,"name":"fire_left_00005_"},{"time":1.5333,"name":null},{"time":2.4666,"name":"fire_left_00005_"},{"time":2.5333,"name":null},{"time":3.4666,"name":"fire_left_00005_"},{"time":3.5666,"name":null},{"time":4.4666,"name":"fire_left_00005_"},{"time":4.5666,"name":null},{"time":5.4666,"name":"fire_left_00005_"},{"time":5.5666,"name":null}]},"fire_left_00005_2":{"attachment":[{"time":0,"name":"fire_left_00005_"},{"time":0.1,"name":null},{"time":1,"name":"fire_left_00005_"},{"time":1.1,"name":null},{"time":2,"name":"fire_left_00005_"},{"time":2.1,"name":null},{"time":3,"name":"fire_left_00005_"},{"time":3.1,"name":null},{"time":4,"name":"fire_left_00005_"},{"time":4.1,"name":null},{"time":5,"name":"fire_left_00005_"},{"time":5.1,"name":null},{"time":6,"name":"fire_left_00005_"}]},"fire_left_00006_":{"attachment":[{"time":0,"name":null},{"time":0.5333,"name":"fire_left_00006_"},{"time":0.6333,"name":null},{"time":1.5333,"name":"fire_left_00006_"},{"time":1.6333,"name":null},{"time":2.5333,"name":"fire_left_00006_"},{"time":2.6333,"name":null},{"time":3.5666,"name":"fire_left_00006_"},{"time":3.6333,"name":null},{"time":4.5666,"name":"fire_left_00006_"},{"time":4.6333,"name":null},{"time":5.5666,"name":"fire_left_00006_"},{"time":5.6333,"name":null}]},"fire_left_00006_2":{"attachment":[{"time":0,"name":null},{"time":0.1,"name":"fire_left_00006_"},{"time":0.1666,"name":null},{"time":1.1,"name":"fire_left_00006_"},{"time":1.1666,"name":null},{"time":2.1,"name":"fire_left_00006_"},{"time":2.2,"name":null},{"time":3.1,"name":"fire_left_00006_"},{"time":3.2,"name":null},{"time":4.1,"name":"fire_left_00006_"},{"time":4.2,"name":null},{"time":5.1,"name":"fire_left_00006_"},{"time":5.2,"name":null}]},"fire_left_00007_":{"attachment":[{"time":0,"name":null},{"time":0.6333,"name":"fire_left_00007_"},{"time":0.7333,"name":null},{"time":1.6333,"name":"fire_left_00007_"},{"time":1.7333,"name":null},{"time":2.6333,"name":"fire_left_00007_"},{"time":2.7333,"name":null},{"time":3.6333,"name":"fire_left_00007_"},{"time":3.7333,"name":null},{"time":4.6333,"name":"fire_left_00007_"},{"time":4.7333,"name":null},{"time":5.6333,"name":"fire_left_00007_"},{"time":5.7333,"name":null}]},"fire_left_00007_2":{"attachment":[{"time":0,"name":null},{"time":0.1666,"name":"fire_left_00007_"},{"time":0.2666,"name":null},{"time":1.1666,"name":"fire_left_00007_"},{"time":1.2666,"name":null},{"time":2.2,"name":"fire_left_00007_"},{"time":2.2666,"name":null},{"time":3.2,"name":"fire_left_00007_"},{"time":3.2666,"name":null},{"time":4.2,"name":"fire_left_00007_"},{"time":4.2666,"name":null},{"time":5.2,"name":"fire_left_00007_"},{"time":5.2666,"name":null}]},"fire_left_00008_":{"attachment":[{"time":0,"name":null},{"time":0.7333,"name":"fire_left_00008_"},{"time":0.8333,"name":null},{"time":1.7333,"name":"fire_left_00008_"},{"time":1.8333,"name":null},{"time":2.7333,"name":"fire_left_00008_"},{"time":2.8333,"name":null},{"time":3.7333,"name":"fire_left_00008_"},{"time":3.8333,"name":null},{"time":4.7333,"name":"fire_left_00008_"},{"time":4.8333,"name":null},{"time":5.7333,"name":"fire_left_00008_"},{"time":5.8333,"name":null}]},"fire_left_00008_2":{"attachment":[{"time":0,"name":null},{"time":0.2666,"name":"fire_left_00008_"},{"time":0.3666,"name":null},{"time":1.2666,"name":"fire_left_00008_"},{"time":1.3666,"name":null},{"time":2.2666,"name":"fire_left_00008_"},{"time":2.3666,"name":null},{"time":3.2666,"name":"fire_left_00008_"},{"time":3.3666,"name":null},{"time":4.2666,"name":"fire_left_00008_"},{"time":4.3666,"name":null},{"time":5.2666,"name":"fire_left_00008_"},{"time":5.3666,"name":null}]},"fire_left_00009_":{"attachment":[{"time":0,"name":null},{"time":0.8333,"name":"fire_left_00009_"},{"time":0.9,"name":null},{"time":1.8333,"name":"fire_left_00009_"},{"time":1.9,"name":null},{"time":2.8333,"name":"fire_left_00009_"},{"time":2.9,"name":null},{"time":3.8333,"name":"fire_left_00009_"},{"time":3.9,"name":null},{"time":4.8333,"name":"fire_left_00009_"},{"time":4.9,"name":null},{"time":5.8333,"name":"fire_left_00009_"},{"time":5.9333,"name":null}]},"fire_left_00009_2":{"attachment":[{"time":0,"name":null},{"time":0.3666,"name":"fire_left_00009_"},{"time":0.4666,"name":null},{"time":1.3666,"name":"fire_left_00009_"},{"time":1.4666,"name":null},{"time":2.3666,"name":"fire_left_00009_"},{"time":2.4666,"name":null},{"time":3.3666,"name":"fire_left_00009_"},{"time":3.4666,"name":null},{"time":4.3666,"name":"fire_left_00009_"},{"time":4.4666,"name":null},{"time":5.3666,"name":"fire_left_00009_"},{"time":5.4666,"name":null}]},"fire_left_00010_":{"attachment":[{"time":0,"name":null},{"time":0.9,"name":"fire_left_00010_"},{"time":1,"name":null},{"time":1.9,"name":"fire_left_00010_"},{"time":2,"name":null},{"time":2.9,"name":"fire_left_00010_"},{"time":3,"name":null},{"time":3.9,"name":"fire_left_00010_"},{"time":4,"name":null},{"time":4.9,"name":"fire_left_00010_"},{"time":5,"name":null},{"time":5.9333,"name":"fire_left_00010_"},{"time":6,"name":null}]},"fire_left_00010_2":{"attachment":[{"time":0,"name":null},{"time":0.4666,"name":"fire_left_00010_"},{"time":0.5333,"name":null},{"time":1.4666,"name":"fire_left_00010_"},{"time":1.5333,"name":null},{"time":2.4666,"name":"fire_left_00010_"},{"time":2.5333,"name":null},{"time":3.4666,"name":"fire_left_00010_"},{"time":3.5333,"name":null},{"time":4.4666,"name":"fire_left_00010_"},{"time":4.5666,"name":null},{"time":5.4666,"name":"fire_left_00010_"},{"time":5.5666,"name":null}]},"fire_top_00000_":{"attachment":[{"time":0,"name":"fire_top_00000_"},{"time":0.1,"name":null},{"time":1,"name":"fire_top_00000_"},{"time":1.1,"name":null},{"time":2,"name":"fire_top_00000_"},{"time":2.1,"name":null},{"time":3,"name":"fire_top_00000_"},{"time":3.1,"name":null},{"time":4,"name":"fire_top_00000_"},{"time":4.1,"name":null},{"time":5,"name":"fire_top_00000_"},{"time":5.1,"name":null},{"time":6,"name":"fire_top_00000_"}]},"fire_top_00001_":{"attachment":[{"time":0,"name":null},{"time":0.1,"name":"fire_top_00001_"},{"time":0.1666,"name":null},{"time":1.1,"name":"fire_top_00001_"},{"time":1.2,"name":null},{"time":2.1,"name":"fire_top_00001_"},{"time":2.2,"name":null},{"time":3.1,"name":"fire_top_00001_"},{"time":3.2,"name":null},{"time":4.1,"name":"fire_top_00001_"},{"time":4.2,"name":null},{"time":5.1,"name":"fire_top_00001_"},{"time":5.2,"name":null}]},"fire_top_00002_":{"attachment":[{"time":0,"name":null},{"time":0.1666,"name":"fire_top_00002_"},{"time":0.2666,"name":null},{"time":1.2,"name":"fire_top_00002_"},{"time":1.2666,"name":null},{"time":2.2,"name":"fire_top_00002_"},{"time":2.2666,"name":null},{"time":3.2,"name":"fire_top_00002_"},{"time":3.2666,"name":null},{"time":4.2,"name":"fire_top_00002_"},{"time":4.2666,"name":null},{"time":5.2,"name":"fire_top_00002_"},{"time":5.2666,"name":null}]},"fire_top_00003_":{"attachment":[{"time":0,"name":null},{"time":0.2666,"name":"fire_top_00003_"},{"time":0.3666,"name":null},{"time":1.2666,"name":"fire_top_00003_"},{"time":1.3666,"name":null},{"time":2.2666,"name":"fire_top_00003_"},{"time":2.3666,"name":null},{"time":3.2666,"name":"fire_top_00003_"},{"time":3.3666,"name":null},{"time":4.2666,"name":"fire_top_00003_"},{"time":4.3666,"name":null},{"time":5.2666,"name":"fire_top_00003_"},{"time":5.3666,"name":null}]},"fire_top_00004_":{"attachment":[{"time":0,"name":null},{"time":0.3666,"name":"fire_top_00004_"},{"time":0.4666,"name":null},{"time":1.3666,"name":"fire_top_00004_"},{"time":1.4666,"name":null},{"time":2.3666,"name":"fire_top_00004_"},{"time":2.4666,"name":null},{"time":3.3666,"name":"fire_top_00004_"},{"time":3.4666,"name":null},{"time":4.3666,"name":"fire_top_00004_"},{"time":4.4666,"name":null},{"time":5.3666,"name":"fire_top_00004_"},{"time":5.4666,"name":null}]},"fire_top_00005_":{"attachment":[{"time":0,"name":null},{"time":0.4666,"name":"fire_top_00005_"},{"time":0.5333,"name":null},{"time":1.4666,"name":"fire_top_00005_"},{"time":1.5333,"name":null},{"time":2.4666,"name":"fire_top_00005_"},{"time":2.5666,"name":null},{"time":3.4666,"name":"fire_top_00005_"},{"time":3.5666,"name":null},{"time":4.4666,"name":"fire_top_00005_"},{"time":4.5666,"name":null},{"time":5.4666,"name":"fire_top_00005_"},{"time":5.5666,"name":null}]},"fire_top_00006_":{"attachment":[{"time":0,"name":null},{"time":0.5333,"name":"fire_top_00006_"},{"time":0.6333,"name":null},{"time":1.5333,"name":"fire_top_00006_"},{"time":1.6333,"name":null},{"time":2.5666,"name":"fire_top_00006_"},{"time":2.6333,"name":null},{"time":3.5666,"name":"fire_top_00006_"},{"time":3.6333,"name":null},{"time":4.5666,"name":"fire_top_00006_"},{"time":4.6333,"name":null},{"time":5.5666,"name":"fire_top_00006_"},{"time":5.6333,"name":null}]},"fire_top_00007_":{"attachment":[{"time":0,"name":null},{"time":0.6333,"name":"fire_top_00007_"},{"time":0.7333,"name":null},{"time":1.6333,"name":"fire_top_00007_"},{"time":1.7333,"name":null},{"time":2.6333,"name":"fire_top_00007_"},{"time":2.7333,"name":null},{"time":3.6333,"name":"fire_top_00007_"},{"time":3.7333,"name":null},{"time":4.6333,"name":"fire_top_00007_"},{"time":4.7333,"name":null},{"time":5.6333,"name":"fire_top_00007_"},{"time":5.7333,"name":null}]},"fire_top_00008_":{"attachment":[{"time":0,"name":null},{"time":0.7333,"name":"fire_top_00008_"},{"time":0.8333,"name":null},{"time":1.7333,"name":"fire_top_00008_"},{"time":1.8333,"name":null},{"time":2.7333,"name":"fire_top_00008_"},{"time":2.8333,"name":null},{"time":3.7333,"name":"fire_top_00008_"},{"time":3.8333,"name":null},{"time":4.7333,"name":"fire_top_00008_"},{"time":4.8333,"name":null},{"time":5.7333,"name":"fire_top_00008_"},{"time":5.8333,"name":null}]},"fire_top_00009_":{"attachment":[{"time":0,"name":null},{"time":0.8333,"name":"fire_top_00009_"},{"time":0.9,"name":null},{"time":1.8333,"name":"fire_top_00009_"},{"time":1.9,"name":null},{"time":2.8333,"name":"fire_top_00009_"},{"time":2.9,"name":null},{"time":3.8333,"name":"fire_top_00009_"},{"time":3.9333,"name":null},{"time":4.8333,"name":"fire_top_00009_"},{"time":4.9333,"name":null},{"time":5.8333,"name":"fire_top_00009_"},{"time":5.9333,"name":null}]},"fire_top_00010_":{"attachment":[{"time":0,"name":null},{"time":0.9,"name":"fire_top_00010_"},{"time":1,"name":null},{"time":1.9,"name":"fire_top_00010_"},{"time":2,"name":null},{"time":2.9,"name":"fire_top_00010_"},{"time":3,"name":null},{"time":3.9333,"name":"fire_top_00010_"},{"time":4,"name":null},{"time":4.9333,"name":"fire_top_00010_"},{"time":5,"name":null},{"time":5.9333,"name":"fire_top_00010_"},{"time":6,"name":null}]},"ghost_a_00001_":{"attachment":[{"time":0,"name":null},{"time":0.1,"name":null}]},"ghost_a_00002_":{"attachment":[{"time":0,"name":null},{"time":0.1,"name":"ghost_a_00002_"},{"time":0.2,"name":null}]},"ghost_a_00003_":{"attachment":[{"time":0,"name":null},{"time":0.2,"name":"ghost_a_00003_"},{"time":0.3,"name":null}]},"ghost_a_00004_":{"attachment":[{"time":0,"name":null},{"time":0.3,"name":"ghost_a_00004_"},{"time":0.4,"name":null}]},"ghost_a_00005_":{"attachment":[{"time":0,"name":null},{"time":0.4,"name":"ghost_a_00005_"},{"time":0.5,"name":null}]},"ghost_a_00006_":{"attachment":[{"time":0,"name":null},{"time":0.5,"name":"ghost_a_00006_"},{"time":0.6,"name":null}]},"ghost_a_00007_":{"attachment":[{"time":0,"name":null},{"time":0.6,"name":"ghost_a_00007_"},{"time":0.7,"name":null}]},"ghost_a_00008_":{"attachment":[{"time":0,"name":null},{"time":0.7,"name":"ghost_a_00008_"},{"time":0.8,"name":null}]},"ghost_a_00009_":{"attachment":[{"time":0,"name":null},{"time":0.8,"name":"ghost_a_00009_"},{"time":0.9,"name":null}]},"ghost_a_00010_":{"attachment":[{"time":0,"name":null},{"time":0.9,"name":"ghost_a_00010_"},{"time":1,"name":null}]},"ghost_a_00011_":{"attachment":[{"time":0,"name":null},{"time":1,"name":"ghost_a_00011_"},{"time":1.1,"name":null}]},"ghost_a_00012_":{"attachment":[{"time":0,"name":null},{"time":1.1,"name":"ghost_a_00012_"},{"time":1.2,"name":null}]},"ghost_a_00013_":{"attachment":[{"time":0,"name":null},{"time":1.2,"name":"ghost_a_00013_"},{"time":1.3,"name":null}]},"ghost_a_00014_":{"attachment":[{"time":0,"name":null},{"time":1.3,"name":"ghost_a_00014_"},{"time":1.4,"name":null}]},"ghost_a_00015_":{"attachment":[{"time":0,"name":null},{"time":1.4,"name":"ghost_a_00015_"},{"time":1.5,"name":null}]},"ghost_a_00016_":{"attachment":[{"time":0,"name":null},{"time":1.5,"name":"ghost_a_00016_"},{"time":1.6,"name":null}]},"ghost_a_00017_":{"attachment":[{"time":0,"name":null},{"time":1.6,"name":"ghost_a_00017_"},{"time":1.7,"name":null}]},"ghost_a_00018_":{"attachment":[{"time":0,"name":null},{"time":1.7,"name":"ghost_a_00018_"},{"time":1.8,"name":null}]},"ghost_a_00019_":{"attachment":[{"time":0,"name":null},{"time":1.8,"name":"ghost_a_00019_"},{"time":1.9,"name":null}]},"ghost_a_00020_":{"attachment":[{"time":0,"name":null},{"time":1.9,"name":"ghost_a_00020_"},{"time":2,"name":null}]},"ghost_a_00021_":{"attachment":[{"time":0,"name":null},{"time":2,"name":"ghost_a_00021_"},{"time":2.1,"name":null}]},"ghost_a_00022_":{"attachment":[{"time":0,"name":null},{"time":2.1,"name":"ghost_a_00022_"},{"time":2.2,"name":null}]},"ghost_a_00023_":{"attachment":[{"time":0,"name":null},{"time":2.2,"name":"ghost_a_00023_"},{"time":2.3,"name":null}]},"ghost_a_00024_":{"attachment":[{"time":0,"name":null},{"time":2.3,"name":"ghost_a_00024_"},{"time":2.4,"name":null}]},"ghost_a_00025_":{"attachment":[{"time":0,"name":null},{"time":2.4,"name":"ghost_a_00025_"},{"time":2.5,"name":null}]},"ghost_a_00026_":{"attachment":[{"time":0,"name":null},{"time":2.5,"name":"ghost_a_00026_"},{"time":2.6,"name":null}]},"ghost_a_00027_":{"attachment":[{"time":0,"name":null},{"time":2.6,"name":"ghost_a_00027_"},{"time":2.7,"name":null}]},"ghost_a_00028_":{"attachment":[{"time":0,"name":null},{"time":2.7,"name":"ghost_a_00028_"},{"time":2.8,"name":null}]},"ghost_a_00029_":{"attachment":[{"time":0,"name":null},{"time":2.8,"name":"ghost_a_00029_"},{"time":2.9,"name":null},{"time":6,"name":null}]},"ghost_b_00090_":{"attachment":[{"time":0,"name":null},{"time":3,"name":"ghost_b_00090_"},{"time":3.1,"name":null}]},"ghost_b_00091_":{"attachment":[{"time":0,"name":null},{"time":3.1,"name":"ghost_b_00091_"},{"time":3.2,"name":null}]},"ghost_b_00092_":{"attachment":[{"time":0,"name":null},{"time":3.2,"name":"ghost_b_00092_"},{"time":3.3,"name":null}]},"ghost_b_00093_":{"attachment":[{"time":0,"name":null},{"time":3.3,"name":"ghost_b_00093_"},{"time":3.4,"name":null}]},"ghost_b_00094_":{"attachment":[{"time":0,"name":null},{"time":3.4,"name":"ghost_b_00094_"},{"time":3.5,"name":null}]},"ghost_b_00095_":{"attachment":[{"time":0,"name":null},{"time":3.5,"name":"ghost_b_00095_"},{"time":3.6,"name":null}]},"ghost_b_00096_":{"attachment":[{"time":0,"name":null},{"time":3.6,"name":"ghost_b_00096_"},{"time":3.7,"name":null}]},"ghost_b_00097_":{"attachment":[{"time":0,"name":null},{"time":3.7,"name":"ghost_b_00097_"},{"time":3.8,"name":null}]},"ghost_b_00098_":{"attachment":[{"time":0,"name":null},{"time":3.8,"name":"ghost_b_00098_"},{"time":3.9,"name":null}]},"ghost_b_00099_":{"attachment":[{"time":0,"name":null},{"time":3.9,"name":"ghost_b_00099_"},{"time":4,"name":null}]},"ghost_b_00100_":{"attachment":[{"time":0,"name":null},{"time":4,"name":"ghost_b_00100_"},{"time":4.1,"name":null}]},"ghost_b_00101_":{"attachment":[{"time":0,"name":null},{"time":4.1,"name":"ghost_b_00101_"},{"time":4.2,"name":null}]},"ghost_b_00102_":{"attachment":[{"time":0,"name":null},{"time":4.2,"name":"ghost_b_00102_"},{"time":4.3,"name":null}]},"ghost_b_00103_":{"attachment":[{"time":0,"name":null},{"time":4.3,"name":"ghost_b_00103_"},{"time":4.4,"name":null}]},"ghost_b_00104_":{"attachment":[{"time":0,"name":null},{"time":4.4,"name":"ghost_b_00104_"},{"time":4.5,"name":null}]},"ghost_b_00105_":{"attachment":[{"time":0,"name":null},{"time":4.5,"name":"ghost_b_00105_"},{"time":4.6,"name":null}]},"ghost_b_00106_":{"attachment":[{"time":0,"name":null},{"time":4.6,"name":"ghost_b_00106_"},{"time":4.7,"name":null}]},"ghost_b_00107_":{"attachment":[{"time":0,"name":null},{"time":4.7,"name":"ghost_b_00107_"},{"time":4.8,"name":null}]},"ghost_b_00108_":{"attachment":[{"time":0,"name":null},{"time":4.8,"name":"ghost_b_00108_"},{"time":4.9,"name":null}]},"ghost_b_00109_":{"attachment":[{"time":0,"name":null},{"time":4.9,"name":"ghost_b_00109_"},{"time":5,"name":null}]},"ghost_b_00110_":{"attachment":[{"time":0,"name":null},{"time":5,"name":"ghost_b_00110_"},{"time":5.1,"name":null}]},"ghost_b_00111_":{"attachment":[{"time":0,"name":null},{"time":5.1,"name":"ghost_b_00111_"},{"time":5.2,"name":null}]},"ghost_b_00112_":{"attachment":[{"time":0,"name":null},{"time":5.2,"name":"ghost_b_00112_"},{"time":5.3,"name":null}]},"ghost_b_00113_":{"attachment":[{"time":0,"name":null},{"time":5.3,"name":"ghost_b_00113_"},{"time":5.4,"name":null}]},"ghost_b_00114_":{"attachment":[{"time":0,"name":null},{"time":5.4,"name":"ghost_b_00114_"},{"time":5.5,"name":null}]},"ghost_b_00115_":{"attachment":[{"time":0,"name":null},{"time":5.5,"name":"ghost_b_00115_"},{"time":5.6,"name":null}]},"ghost_b_00116_":{"attachment":[{"time":0,"name":null},{"time":5.6,"name":"ghost_b_00116_"},{"time":5.7,"name":null}]},"ghost_b_00117_":{"attachment":[{"time":0,"name":null},{"time":5.7,"name":"ghost_b_00117_"},{"time":5.8,"name":null}]},"ghost_b_00118_":{"attachment":[{"time":0,"name":null},{"time":5.8,"name":"ghost_b_00118_"},{"time":5.9,"name":null}]},"ghost_b_00119_":{"attachment":[{"time":0,"name":null},{"time":5.9,"name":"ghost_b_00119_"},{"time":6,"name":null}]},"ghost_c_00090_":{"attachment":[{"time":0,"name":null},{"time":4.5,"name":"ghost_c_00090_"},{"time":4.6,"name":null}]},"ghost_c_00091_":{"attachment":[{"time":0,"name":null},{"time":4.6,"name":"ghost_c_00091_"},{"time":4.7,"name":null}]},"ghost_c_00092_":{"attachment":[{"time":0,"name":null},{"time":4.7,"name":"ghost_c_00092_"},{"time":4.8,"name":null}]},"ghost_c_00093_":{"attachment":[{"time":0,"name":null},{"time":4.8,"name":"ghost_c_00093_"},{"time":4.9,"name":null}]},"ghost_c_00094_":{"attachment":[{"time":0,"name":null},{"time":4.9,"name":"ghost_c_00094_"},{"time":5,"name":null}]},"ghost_c_00095_":{"attachment":[{"time":0,"name":null},{"time":5,"name":"ghost_c_00095_"},{"time":5.1,"name":null}]},"ghost_c_00096_":{"attachment":[{"time":0,"name":null},{"time":5.1,"name":"ghost_c_00096_"},{"time":5.2,"name":null}]},"ghost_c_00097_":{"attachment":[{"time":0,"name":null},{"time":5.2,"name":"ghost_c_00097_"},{"time":5.3,"name":null}]},"ghost_c_00098_":{"attachment":[{"time":0,"name":null},{"time":5.3,"name":"ghost_c_00098_"},{"time":5.4,"name":null}]},"ghost_c_00099_":{"attachment":[{"time":0,"name":null},{"time":5.4,"name":"ghost_c_00099_"},{"time":5.5,"name":null}]},"ghost_c_00100_":{"attachment":[{"time":0,"name":null},{"time":5.5,"name":"ghost_c_00100_"},{"time":5.6,"name":null}]},"ghost_c_00101_":{"attachment":[{"time":0,"name":null},{"time":5.6,"name":"ghost_c_00101_"},{"time":5.7,"name":null}]},"ghost_c_00102_":{"attachment":[{"time":0,"name":null},{"time":5.7,"name":"ghost_c_00102_"},{"time":5.8,"name":null}]},"ghost_c_00103_":{"attachment":[{"time":0,"name":null},{"time":5.8,"name":"ghost_c_00103_"},{"time":5.9,"name":null}]},"ghost_c_00104_":{"attachment":[{"time":0,"name":null},{"time":5.9,"name":"ghost_c_00104_"},{"time":6,"name":null}]},"ghost_c_00105_":{"attachment":[{"time":0,"name":null},{"time":6,"name":"ghost_c_00105_"}]},"ghost_c_00106_":{"attachment":[{"time":0,"name":"ghost_c_00106_"},{"time":0.1,"name":null}]},"ghost_c_00107_":{"attachment":[{"time":0,"name":null},{"time":0.1,"name":"ghost_c_00107_"},{"time":0.2,"name":null}]},"ghost_c_00108_":{"attachment":[{"time":0,"name":null},{"time":0.2,"name":"ghost_c_00108_"},{"time":0.3,"name":null}]},"ghost_c_00109_":{"attachment":[{"time":0,"name":null},{"time":0.3,"name":"ghost_c_00109_"},{"time":0.4,"name":null}]},"ghost_c_00110_":{"attachment":[{"time":0,"name":null},{"time":0.4,"name":"ghost_c_00110_"},{"time":0.5,"name":null}]},"ghost_c_00111_":{"attachment":[{"time":0,"name":null},{"time":0.5,"name":"ghost_c_00111_"},{"time":0.6,"name":null}]},"ghost_c_00112_":{"attachment":[{"time":0,"name":null},{"time":0.6,"name":"ghost_c_00112_"},{"time":0.7,"name":null}]},"ghost_c_00113_":{"attachment":[{"time":0,"name":null},{"time":0.7,"name":"ghost_c_00113_"},{"time":0.8,"name":null}]},"ghost_c_00114_":{"attachment":[{"time":0,"name":null},{"time":0.8,"name":"ghost_c_00114_"},{"time":0.9,"name":null}]},"ghost_c_00115_":{"attachment":[{"time":0,"name":null},{"time":0.9,"name":"ghost_c_00115_"},{"time":1,"name":null}]},"ghost_c_00116_":{"attachment":[{"time":0,"name":null},{"time":1,"name":"ghost_c_00116_"},{"time":1.1,"name":null}]},"ghost_c_00117_":{"attachment":[{"time":0,"name":null},{"time":1.1,"name":"ghost_c_00117_"},{"time":1.2,"name":null}]},"ghost_c_00118_":{"attachment":[{"time":0,"name":null},{"time":1.2,"name":"ghost_c_00118_"},{"time":1.3,"name":null}]},"ghost_d_00036_":{"attachment":[{"time":0,"name":null},{"time":1.2,"name":"ghost_d_00036_"},{"time":1.3,"name":null}]},"ghost_d_00037_":{"attachment":[{"time":0,"name":null},{"time":1.3,"name":"ghost_d_00037_"},{"time":1.4,"name":null}]},"ghost_d_00038_":{"attachment":[{"time":0,"name":null},{"time":1.4,"name":"ghost_d_00038_"},{"time":1.5,"name":null}]},"ghost_d_00039_":{"attachment":[{"time":0,"name":null},{"time":1.5,"name":"ghost_d_00039_"},{"time":1.6,"name":null}]},"ghost_d_00040_":{"attachment":[{"time":0,"name":null},{"time":1.6,"name":"ghost_d_00040_"},{"time":1.7,"name":null}]},"ghost_d_00041_":{"attachment":[{"time":0,"name":null},{"time":1.7,"name":"ghost_d_00041_"},{"time":1.8,"name":null}]},"ghost_d_00042_":{"attachment":[{"time":0,"name":null},{"time":1.8,"name":"ghost_d_00042_"},{"time":1.9,"name":null}]},"ghost_d_00043_":{"attachment":[{"time":0,"name":null},{"time":1.9,"name":"ghost_d_00043_"},{"time":2,"name":null}]},"ghost_d_00044_":{"attachment":[{"time":0,"name":null},{"time":2,"name":"ghost_d_00044_"},{"time":2.1,"name":null}]},"ghost_d_00045_":{"attachment":[{"time":0,"name":null},{"time":2.1,"name":"ghost_d_00045_"},{"time":2.2,"name":null}]},"ghost_d_00046_":{"attachment":[{"time":0,"name":null},{"time":2.2,"name":"ghost_d_00046_"},{"time":2.3,"name":null}]},"ghost_d_00047_":{"attachment":[{"time":0,"name":null},{"time":2.3,"name":"ghost_d_00047_"},{"time":2.4,"name":null}]},"ghost_d_00048_":{"attachment":[{"time":0,"name":null},{"time":2.4,"name":"ghost_d_00048_"},{"time":2.5,"name":null}]},"ghost_d_00049_":{"attachment":[{"time":0,"name":null},{"time":2.5,"name":"ghost_d_00049_"},{"time":2.6,"name":null}]},"ghost_d_00050_":{"attachment":[{"time":0,"name":null},{"time":2.6,"name":"ghost_d_00050_"},{"time":2.7,"name":null}]},"ghost_d_00051_":{"attachment":[{"time":0,"name":null},{"time":2.7,"name":"ghost_d_00051_"},{"time":2.8,"name":null}]},"ghost_d_00052_":{"attachment":[{"time":0,"name":null},{"time":2.8,"name":"ghost_d_00052_"},{"time":2.9,"name":null}]},"ghost_d_00053_":{"attachment":[{"time":0,"name":null},{"time":2.9,"name":"ghost_d_00053_"},{"time":3,"name":null}]},"ghost_d_00054_":{"attachment":[{"time":0,"name":null},{"time":3,"name":"ghost_d_00054_"},{"time":3.1,"name":null}]},"ghost_d_00055_":{"attachment":[{"time":0,"name":null},{"time":3.1,"name":"ghost_d_00055_"},{"time":3.2,"name":null}]},"ghost_d_00056_":{"attachment":[{"time":0,"name":null},{"time":3.2,"name":"ghost_d_00056_"},{"time":3.3,"name":null}]},"ghost_d_00057_":{"attachment":[{"time":0,"name":null},{"time":3.3,"name":"ghost_d_00057_"},{"time":3.4,"name":null}]},"ghost_d_00058_":{"attachment":[{"time":0,"name":null},{"time":3.4,"name":"ghost_d_00058_"},{"time":3.5,"name":null}]},"ghost_d_00059_":{"attachment":[{"time":0,"name":null},{"time":3.5,"name":"ghost_d_00059_"},{"time":3.6,"name":null}]},"ghost_d_00060_":{"attachment":[{"time":0,"name":null},{"time":3.6,"name":"ghost_d_00060_"},{"time":3.7,"name":null}]},"ghost_d_00061_":{"attachment":[{"time":0,"name":null},{"time":3.7,"name":"ghost_d_00061_"},{"time":3.8,"name":null}]},"ghost_d_00062_":{"attachment":[{"time":0,"name":null},{"time":3.8,"name":"ghost_d_00062_"},{"time":3.9,"name":null}]},"ghost_d_00063_":{"attachment":[{"time":0,"name":null},{"time":3.9,"name":"ghost_d_00063_"},{"time":4,"name":null}]},"light_00000_":{"color":[{"time":0,"color":"ffffffff"},{"time":3,"color":"ffffff63"},{"time":6,"color":"ffffffff"}]},"lightning_00002_":{"attachment":[{"time":0,"name":null},{"time":0.0666,"name":"lightning_00002_"},{"time":0.1,"name":null}]},"lightning_00003_":{"attachment":[{"time":0,"name":null},{"time":0.1,"name":"lightning_00003_"},{"time":0.1333,"name":null}]},"lightning_00006_":{"attachment":[{"time":0,"name":null},{"time":0.2,"name":"lightning_00006_"},{"time":0.2333,"name":null}]},"lightning_00007_":{"attachment":[{"time":0,"name":null},{"time":0.2333,"name":"lightning_00007_"},{"time":0.2666,"name":null}]},"lightning_00010_":{"attachment":[{"time":0,"name":null},{"time":0.3333,"name":"lightning_00010_"},{"time":0.3666,"name":null}]},"lightning_00065_":{"attachment":[{"time":0,"name":null},{"time":2.1666,"name":"lightning_00065_"},{"time":2.2,"name":null}]},"lightning_00068_":{"attachment":[{"time":0,"name":null},{"time":2.2666,"name":"lightning_00068_"},{"time":2.3,"name":null}]},"lightning_00070_":{"attachment":[{"time":0,"name":null},{"time":2.3333,"name":"lightning_00070_"},{"time":2.3666,"name":null}]},"lightning_00129_":{"attachment":[{"time":0,"name":null},{"time":4.3,"name":"lightning_00129_"},{"time":4.3333,"name":null}]},"lightning_00130_":{"attachment":[{"time":0,"name":null},{"time":4.3333,"name":"lightning_00130_"},{"time":4.3666,"name":null}]},"lightning_00132_":{"attachment":[{"time":0,"name":null},{"time":4.4,"name":"lightning_00132_"},{"time":4.4333,"name":null}]},"lightning_00133_":{"attachment":[{"time":0,"name":null},{"time":4.4333,"name":"lightning_00133_"},{"time":4.4666,"name":null}]},"lightning_00135_":{"attachment":[{"time":0,"name":null},{"time":4.5,"name":"lightning_00135_"},{"time":4.5333,"name":null}]},"lightning_00138_":{"attachment":[{"time":0,"name":null},{"time":4.6,"name":"lightning_00138_"},{"time":4.6333,"name":null}]},"water_00000_":{"attachment":[{"time":0,"name":"water_00000_"},{"time":0.1,"name":null},{"time":2,"name":"water_00000_"},{"time":2.1,"name":null},{"time":4,"name":"water_00000_"},{"time":4.1,"name":null},{"time":6,"name":"water_00000_"}]},"water_00001_":{"attachment":[{"time":0,"name":null},{"time":0.1,"name":"water_00001_"},{"time":0.2,"name":null},{"time":2.1,"name":"water_00001_"},{"time":2.2,"name":null},{"time":4.1,"name":"water_00001_"},{"time":4.2,"name":null}]},"water_00002_":{"attachment":[{"time":0,"name":null},{"time":0.2,"name":"water_00002_"},{"time":0.3,"name":null},{"time":2.2,"name":"water_00002_"},{"time":2.3,"name":null},{"time":4.2,"name":"water_00002_"},{"time":4.3,"name":null}]},"water_00003_":{"attachment":[{"time":0,"name":null},{"time":0.3,"name":"water_00003_"},{"time":0.4,"name":null},{"time":2.3,"name":"water_00003_"},{"time":2.4,"name":null},{"time":4.3,"name":"water_00003_"},{"time":4.4,"name":null}]},"water_00004_":{"attachment":[{"time":0,"name":null},{"time":0.4,"name":"water_00004_"},{"time":0.5,"name":null},{"time":2.4,"name":"water_00004_"},{"time":2.5,"name":null},{"time":4.4,"name":"water_00004_"},{"time":4.5,"name":null}]},"water_00005_":{"attachment":[{"time":0,"name":null},{"time":0.5,"name":"water_00005_"},{"time":0.6,"name":null},{"time":2.5,"name":"water_00005_"},{"time":2.6,"name":null},{"time":4.5,"name":"water_00005_"},{"time":4.6,"name":null}]},"water_00006_":{"attachment":[{"time":0,"name":null},{"time":0.6,"name":"water_00006_"},{"time":0.7,"name":null},{"time":2.6,"name":"water_00006_"},{"time":2.7,"name":null},{"time":4.6,"name":"water_00006_"},{"time":4.7,"name":null}]},"water_00007_":{"attachment":[{"time":0,"name":null},{"time":0.7,"name":"water_00007_"},{"time":0.8,"name":null},{"time":2.7,"name":"water_00007_"},{"time":2.8,"name":null},{"time":4.7,"name":"water_00007_"},{"time":4.8,"name":null}]},"water_00008_":{"attachment":[{"time":0,"name":null},{"time":0.8,"name":"water_00008_"},{"time":0.9,"name":null},{"time":2.8,"name":"water_00008_"},{"time":2.9,"name":null},{"time":4.8,"name":"water_00008_"},{"time":4.9,"name":null}]},"water_00009_":{"attachment":[{"time":0,"name":null},{"time":0.9,"name":"water_00009_"},{"time":1,"name":null},{"time":2.9,"name":"water_00009_"},{"time":3,"name":null},{"time":4.9,"name":"water_00009_"},{"time":5,"name":null}]},"water_00010_":{"attachment":[{"time":0,"name":null},{"time":1,"name":"water_00010_"},{"time":1.1,"name":null},{"time":3,"name":"water_00010_"},{"time":3.1,"name":null},{"time":5,"name":"water_00010_"},{"time":5.1,"name":null}]},"water_00011_":{"attachment":[{"time":0,"name":null},{"time":1.1,"name":"water_00011_"},{"time":1.2,"name":null},{"time":3.1,"name":"water_00011_"},{"time":3.2,"name":null},{"time":5.1,"name":"water_00011_"},{"time":5.2,"name":null}]},"water_00012_":{"attachment":[{"time":0,"name":null},{"time":1.2,"name":"water_00012_"},{"time":1.3,"name":null},{"time":3.2,"name":"water_00012_"},{"time":3.3,"name":null},{"time":5.2,"name":"water_00012_"},{"time":5.3,"name":null}]},"water_00013_":{"attachment":[{"time":0,"name":null},{"time":1.3,"name":"water_00013_"},{"time":1.4,"name":null},{"time":3.3,"name":"water_00013_"},{"time":3.4,"name":null},{"time":5.3,"name":"water_00013_"},{"time":5.4,"name":null}]},"water_00014_":{"attachment":[{"time":0,"name":null},{"time":1.4,"name":"water_00014_"},{"time":1.5,"name":null},{"time":3.4,"name":"water_00014_"},{"time":3.5,"name":null},{"time":5.4,"name":"water_00014_"},{"time":5.5,"name":null}]},"water_00015_":{"attachment":[{"time":0,"name":null},{"time":1.5,"name":"water_00015_"},{"time":1.6,"name":null},{"time":3.5,"name":"water_00015_"},{"time":3.6,"name":null},{"time":5.5,"name":"water_00015_"},{"time":5.6,"name":null}]},"water_00016_":{"attachment":[{"time":0,"name":null},{"time":1.6,"name":"water_00016_"},{"time":1.7,"name":null},{"time":3.6,"name":"water_00016_"},{"time":3.7,"name":null},{"time":5.6,"name":"water_00016_"},{"time":5.7,"name":null}]},"water_00017_":{"attachment":[{"time":0,"name":null},{"time":1.7,"name":"water_00017_"},{"time":1.8,"name":null},{"time":3.7,"name":"water_00017_"},{"time":3.8,"name":null},{"time":5.7,"name":"water_00017_"},{"time":5.8,"name":null}]},"water_00018_":{"attachment":[{"time":0,"name":null},{"time":1.8,"name":"water_00018_"},{"time":1.9,"name":null},{"time":3.8,"name":"water_00018_"},{"time":3.9,"name":null},{"time":5.8,"name":"water_00018_"},{"time":5.9,"name":null}]},"water_00019_":{"attachment":[{"time":0,"name":null},{"time":1.9,"name":"water_00019_"},{"time":2,"name":null},{"time":3.9,"name":"water_00019_"},{"time":4,"name":null},{"time":5.9,"name":"water_00019_"},{"time":6,"name":null}]}},"bones":{"bone3":{"translate":[{"time":0,"x":0,"y":0},{"time":3,"x":0,"y":2.2},{"time":6,"x":0,"y":0}]},"bone":{"translate":[{"time":0,"x":0,"y":0},{"time":3,"x":0,"y":-1.71},{"time":6,"x":0,"y":0}]},"bone2":{"translate":[{"time":0,"x":0,"y":0},{"time":1.5,"x":0,"y":0.97},{"time":3,"x":0,"y":0},{"time":4.5,"x":0,"y":0.97},{"time":6,"x":0,"y":0}]}}}}}