{"skeleton":{"hash":"9WfLjeF8+pR7JOb4kAAaOLGTciA","spine":"3.7.94","width":0,"height":0,"images":"./images/","audio":"F:/COK项目/Spine工程/礼包购买弹窗"},"bones":[{"name":"root"},{"name":"title_crl","parent":"root"},{"name":"ray_line1_","parent":"title_crl","x":273.73,"y":887.49},{"name":"ray_line1_2","parent":"title_crl","x":355.05,"y":911.78},{"name":"ray_line1_3","parent":"title_crl","x":453.25,"y":968.8},{"name":"flare01_","parent":"title_crl","x":376.44,"y":938.82},{"name":"flare01_2","parent":"title_crl","x":376.44,"y":938.82},{"name":"flare01_3","parent":"title_crl","x":575,"y":906.7}],"slots":[{"name":"glow_","bone":"title_crl"},{"name":"bag_","bone":"title_crl"},{"name":"tiao_","bone":"title_crl"},{"name":"B_red06_","bone":"title_crl"},{"name":"B_blue06_","bone":"title_crl"},{"name":"B_red05_","bone":"title_crl"},{"name":"B_blue05_","bone":"title_crl"},{"name":"B_red04_","bone":"title_crl"},{"name":"B_blue04_","bone":"title_crl"},{"name":"B_red03_","bone":"title_crl"},{"name":"B_blue03_","bone":"title_crl"},{"name":"B_red02_","bone":"title_crl"},{"name":"B_blue02_","bone":"title_crl"},{"name":"B_red01_","bone":"title_crl"},{"name":"B_blue01_","bone":"title_crl"},{"name":"B_red_glow06_","bone":"title_crl","blend":"additive"},{"name":"B_blue_glow06_","bone":"title_crl","blend":"additive"},{"name":"B_red_glow05_","bone":"title_crl","blend":"additive"},{"name":"B_blue_glow05_","bone":"title_crl","blend":"additive"},{"name":"B_red_glow04_","bone":"title_crl","blend":"additive"},{"name":"B_blue_glow04_","bone":"title_crl","blend":"additive"},{"name":"B_red_glow03_","bone":"title_crl","blend":"additive"},{"name":"B_blue_glow03_","bone":"title_crl","blend":"additive"},{"name":"B_red_glow02_","bone":"title_crl","blend":"additive"},{"name":"B_blue_glow02_","bone":"title_crl","blend":"additive"},{"name":"B_red_glow01_","bone":"title_crl","blend":"additive"},{"name":"B_blue_glow01_","bone":"title_crl","blend":"additive"},{"name":"nvhai_","bone":"title_crl"},{"name":"dengzhu_line_L_","bone":"title_crl"},{"name":"dengzhu_line_R_","bone":"title_crl"},{"name":"dengzhu_R_","bone":"title_crl"},{"name":"dengzhu_glow_R_","bone":"title_crl","blend":"additive"},{"name":"dengzhu_L_","bone":"title_crl"},{"name":"dengzhu_glow_L_","bone":"title_crl","blend":"additive"},{"name":"ray_line1_","bone":"ray_line1_","blend":"additive"},{"name":"ray_line1_2","bone":"ray_line1_2","blend":"additive"},{"name":"ray_line1_3","bone":"ray_line1_3","blend":"additive"},{"name":"jinbi05_","bone":"title_crl"},{"name":"jinbi04_","bone":"title_crl"},{"name":"jinbi03_","bone":"title_crl"},{"name":"jinbi02_","bone":"title_crl"},{"name":"jinbi01_","bone":"title_crl"},{"name":"hongbao02_","bone":"title_crl"},{"name":"hongbao01_","bone":"title_crl"},{"name":"caihua08_","bone":"title_crl"},{"name":"caihua07_","bone":"title_crl"},{"name":"caihua06_","bone":"title_crl"},{"name":"caihua05_","bone":"title_crl"},{"name":"caihua04_","bone":"title_crl"},{"name":"caihua03_","bone":"title_crl"},{"name":"caihua02_","bone":"title_crl"},{"name":"caihua01_","bone":"title_crl"},{"name":"flare_","bone":"flare01_","blend":"additive"},{"name":"flare_2","bone":"flare01_2","blend":"additive"},{"name":"flare_3","bone":"flare01_3","blend":"additive"}],"skins":{"default":{"B_blue01_":{"B_blue01_":{"x":596,"y":863.21,"width":42,"height":42}},"B_blue02_":{"B_blue02_":{"x":501,"y":863.21,"width":42,"height":42}},"B_blue03_":{"B_blue03_":{"x":405,"y":863.21,"width":42,"height":42}},"B_blue04_":{"B_blue04_":{"x":310,"y":863.21,"width":42,"height":42}},"B_blue05_":{"B_blue05_":{"x":215,"y":863.21,"width":42,"height":42}},"B_blue06_":{"B_blue06_":{"x":120,"y":863.21,"width":42,"height":42}},"B_blue_glow01_":{"B_blue_glow01_":{"x":596,"y":863.21,"width":86,"height":86}},"B_blue_glow02_":{"B_blue_glow02_":{"x":501,"y":863.21,"width":86,"height":86}},"B_blue_glow03_":{"B_blue_glow03_":{"x":405,"y":863.21,"width":86,"height":86}},"B_blue_glow04_":{"B_blue_glow04_":{"x":310,"y":863.21,"width":86,"height":86}},"B_blue_glow05_":{"B_blue_glow05_":{"x":215,"y":863.21,"width":86,"height":86}},"B_blue_glow06_":{"B_blue_glow06_":{"x":120,"y":863.21,"width":86,"height":86}},"B_red01_":{"B_red01_":{"x":548,"y":863.21,"width":42,"height":42}},"B_red02_":{"B_red02_":{"x":453,"y":863.21,"width":42,"height":42}},"B_red03_":{"B_red03_":{"x":358,"y":863.21,"width":42,"height":42}},"B_red04_":{"B_red04_":{"x":263,"y":863.21,"width":42,"height":42}},"B_red05_":{"B_red05_":{"x":167,"y":863.21,"width":42,"height":42}},"B_red06_":{"B_red06_":{"x":72,"y":863.21,"width":42,"height":42}},"B_red_glow01_":{"B_red_glow01_":{"x":548,"y":863.21,"width":86,"height":86}},"B_red_glow02_":{"B_red_glow02_":{"x":453,"y":863.21,"width":86,"height":86}},"B_red_glow03_":{"B_red_glow03_":{"x":358,"y":863.21,"width":86,"height":86}},"B_red_glow04_":{"B_red_glow04_":{"x":263,"y":863.21,"width":86,"height":86}},"B_red_glow05_":{"B_red_glow05_":{"x":167,"y":863.21,"width":86,"height":86}},"B_red_glow06_":{"B_red_glow06_":{"x":72,"y":863.21,"width":86,"height":86}},"bag_":{"bag_":{"x":320,"y":957.21,"width":602,"height":178}},"caihua01_":{"caihua01_":{"x":526,"y":904.71,"width":34,"height":19}},"caihua02_":{"caihua02_":{"x":94,"y":874.21,"width":34,"height":14}},"caihua03_":{"caihua03_":{"x":159,"y":915.71,"width":42,"height":19}},"caihua04_":{"caihua04_":{"x":490,"y":1102.21,"width":32,"height":28}},"caihua05_":{"caihua05_":{"x":56.5,"y":1029.21,"width":29,"height":20}},"caihua06_":{"caihua06_":{"x":56.5,"y":1029.21,"width":29,"height":20}},"caihua07_":{"caihua07_":{"x":287.5,"y":898.21,"width":45,"height":20}},"caihua08_":{"caihua08_":{"x":617.5,"y":1035.21,"width":29,"height":28}},"dengzhu_L_":{"dengzhu_L_":{"x":94,"y":806.21,"width":124,"height":166}},"dengzhu_R_":{"dengzhu_R_":{"x":447.5,"y":902.21,"width":361,"height":246}},"dengzhu_glow_L_":{"dengzhu_glow_L_":{"x":94,"y":806.21,"width":124,"height":166}},"dengzhu_glow_R_":{"dengzhu_glow_R_":{"x":447.5,"y":902.21,"width":387,"height":272}},"dengzhu_line_L_":{"dengzhu_line_L_":{"x":436.5,"y":902.71,"width":361,"height":241}},"dengzhu_line_R_":{"dengzhu_line_R_":{"x":98,"y":805.71,"width":92,"height":155}},"flare_":{"flare_":{"width":50,"height":50}},"flare_2":{"flare_":{"width":50,"height":50}},"flare_3":{"flare_":{"width":50,"height":50}},"glow_":{"glow_":{"x":354.5,"y":980.71,"width":363,"height":229}},"hongbao01_":{"hongbao01_":{"x":312,"y":979.21,"width":28,"height":22}},"hongbao02_":{"hongbao02_":{"x":444,"y":1081.21,"width":28,"height":22}},"jinbi01_":{"jinbi01_":{"x":179,"y":982.71,"width":36,"height":29}},"jinbi02_":{"jinbi02_":{"x":78.5,"y":957.21,"width":71,"height":62}},"jinbi03_":{"jinbi03_":{"x":330,"y":954.71,"width":18,"height":17}},"jinbi04_":{"jinbi04_":{"x":534,"y":1077.21,"width":36,"height":28}},"jinbi05_":{"jinbi05_":{"x":566,"y":1010.21,"width":86,"height":68}},"nvhai_":{"nvhai_":{"x":171,"y":945.21,"width":344,"height":360}},"ray_line1_":{"ray_line1_":{"x":4.27,"y":3.22,"width":310,"height":101}},"ray_line1_2":{"ray_line1_":{"x":4.27,"y":3.22,"scaleX":0.788,"scaleY":0.788,"width":310,"height":101}},"ray_line1_3":{"ray_line1_":{"x":4.27,"y":3.22,"scaleX":0.577,"scaleY":0.577,"width":310,"height":101}},"tiao_":{"tiao_":{"x":330,"y":863.21,"width":546,"height":18}}}},"animations":{"title":{"slots":{"B_blue01_":{"attachment":[{"time":0,"name":"B_blue01_"}]},"B_blue02_":{"attachment":[{"time":0,"name":"B_blue02_"}]},"B_blue03_":{"attachment":[{"time":0,"name":"B_blue03_"}]},"B_blue04_":{"attachment":[{"time":0,"name":"B_blue04_"}]},"B_blue05_":{"attachment":[{"time":0,"name":"B_blue05_"}]},"B_blue06_":{"attachment":[{"time":0,"name":"B_blue06_"}]},"B_blue_glow01_":{"attachment":[{"time":0,"name":"B_blue_glow01_"},{"time":1,"name":null},{"time":2,"name":"B_blue_glow01_"},{"time":3,"name":null}]},"B_blue_glow02_":{"attachment":[{"time":0,"name":"B_blue_glow02_"},{"time":1,"name":null},{"time":2,"name":"B_blue_glow02_"},{"time":3,"name":null}]},"B_blue_glow03_":{"attachment":[{"time":0,"name":"B_blue_glow03_"},{"time":1,"name":null},{"time":2,"name":"B_blue_glow03_"},{"time":3,"name":null}]},"B_blue_glow04_":{"attachment":[{"time":0,"name":"B_blue_glow04_"},{"time":1,"name":null},{"time":2,"name":"B_blue_glow04_"},{"time":3,"name":null}]},"B_blue_glow05_":{"attachment":[{"time":0,"name":"B_blue_glow05_"},{"time":1,"name":null},{"time":2,"name":"B_blue_glow05_"},{"time":3,"name":null}]},"B_blue_glow06_":{"attachment":[{"time":0,"name":"B_blue_glow06_"},{"time":1,"name":null},{"time":2,"name":"B_blue_glow06_"},{"time":3,"name":null}]},"B_red01_":{"attachment":[{"time":0,"name":"B_red01_"}]},"B_red02_":{"attachment":[{"time":0,"name":"B_red02_"}]},"B_red03_":{"attachment":[{"time":0,"name":"B_red03_"}]},"B_red04_":{"attachment":[{"time":0,"name":"B_red04_"}]},"B_red05_":{"attachment":[{"time":0,"name":"B_red05_"}]},"B_red06_":{"attachment":[{"time":0,"name":"B_red06_"}]},"B_red_glow01_":{"attachment":[{"time":1,"name":"B_red_glow01_"},{"time":2,"name":null},{"time":3,"name":"B_red_glow01_"},{"time":4,"name":null}]},"B_red_glow02_":{"attachment":[{"time":1,"name":"B_red_glow02_"},{"time":2,"name":null},{"time":3,"name":"B_red_glow02_"},{"time":4,"name":null}]},"B_red_glow03_":{"attachment":[{"time":1,"name":"B_red_glow03_"},{"time":2,"name":null},{"time":3,"name":"B_red_glow03_"},{"time":4,"name":null}]},"B_red_glow04_":{"attachment":[{"time":1,"name":"B_red_glow04_"},{"time":2,"name":null},{"time":3,"name":"B_red_glow04_"},{"time":4,"name":null}]},"B_red_glow05_":{"attachment":[{"time":1,"name":"B_red_glow05_"},{"time":2,"name":null},{"time":3,"name":"B_red_glow05_"},{"time":4,"name":null}]},"B_red_glow06_":{"attachment":[{"time":1,"name":"B_red_glow06_"},{"time":2,"name":null},{"time":3,"name":"B_red_glow06_"},{"time":4,"name":null}]},"bag_":{"attachment":[{"time":0,"name":"bag_"}]},"caihua01_":{"attachment":[{"time":0,"name":"caihua01_"}]},"caihua02_":{"attachment":[{"time":0,"name":"caihua02_"}]},"caihua03_":{"attachment":[{"time":0,"name":"caihua03_"}]},"caihua04_":{"attachment":[{"time":0,"name":"caihua04_"}]},"caihua05_":{"attachment":[{"time":0,"name":"caihua05_"}]},"caihua06_":{"attachment":[{"time":0,"name":"caihua06_"}]},"caihua07_":{"attachment":[{"time":0,"name":"caihua07_"}]},"caihua08_":{"attachment":[{"time":0,"name":"caihua08_"}]},"dengzhu_L_":{"attachment":[{"time":0,"name":"dengzhu_L_"}]},"dengzhu_R_":{"attachment":[{"time":0,"name":"dengzhu_R_"}]},"dengzhu_glow_L_":{"color":[{"time":0,"color":"ffffffff","curve":[0.25,0,0.75,1]},{"time":1,"color":"9eff0000","curve":[0.25,0,0.75,1]},{"time":2,"color":"00ff11ff","curve":[0.25,0,0.75,1]},{"time":3,"color":"9eff0000","curve":[0.25,0,0.75,1]},{"time":4,"color":"ffffffff"}],"attachment":[{"time":0,"name":"dengzhu_glow_L_"}]},"dengzhu_glow_R_":{"color":[{"time":0,"color":"ffffffff","curve":[0.25,0,0.75,1]},{"time":1,"color":"9eff0000","curve":[0.25,0,0.75,1]},{"time":2,"color":"00ff29ff","curve":[0.25,0,0.75,1]},{"time":3,"color":"9eff0000","curve":[0.25,0,0.75,1]},{"time":4,"color":"ffffffff"}],"attachment":[{"time":0,"name":"dengzhu_glow_R_"}]},"dengzhu_line_L_":{"attachment":[{"time":0,"name":"dengzhu_line_L_"}]},"dengzhu_line_R_":{"attachment":[{"time":0,"name":"dengzhu_line_R_"}]},"flare_":{"attachment":[{"time":0,"name":"flare_"}]},"flare_2":{"attachment":[{"time":0,"name":"flare_"}]},"flare_3":{"attachment":[{"time":0,"name":"flare_"}]},"glow_":{"color":[{"time":0,"color":"ffffffff","curve":[0.25,0,0.75,1]},{"time":1,"color":"fd8a83ff","curve":[0.25,0,0.75,1]},{"time":2,"color":"aefd78ff","curve":[0.25,0,0.75,1]},{"time":3,"color":"ff92f1ff","curve":[0.25,0,0.75,1]},{"time":4,"color":"ffffffff"}],"attachment":[{"time":0,"name":"glow_"}]},"hongbao01_":{"attachment":[{"time":0,"name":"hongbao01_"}]},"hongbao02_":{"attachment":[{"time":0,"name":"hongbao02_"}]},"jinbi01_":{"attachment":[{"time":0,"name":"jinbi01_"}]},"jinbi02_":{"attachment":[{"time":0,"name":"jinbi02_"}]},"jinbi03_":{"attachment":[{"time":0,"name":"jinbi03_"}]},"jinbi04_":{"attachment":[{"time":0,"name":"jinbi04_"}]},"jinbi05_":{"attachment":[{"time":0,"name":"jinbi05_"}]},"nvhai_":{"attachment":[{"time":0,"name":"nvhai_"}]},"ray_line1_":{"color":[{"time":0,"color":"ffffffff","curve":[0.25,0,0.75,1]},{"time":1.0667,"color":"fd8a83ff","curve":[0.25,0,0.75,1]},{"time":2,"color":"aefd78ff","curve":[0.25,0,0.75,1]},{"time":3.0667,"color":"ff92f1ff","curve":[0.25,0,0.75,1]},{"time":4,"color":"ffffffff"}],"attachment":[{"time":0,"name":"ray_line1_"}]},"ray_line1_2":{"color":[{"time":0,"color":"ffffffff","curve":[0.25,0,0.75,1]},{"time":1.0667,"color":"fd8a83ff","curve":[0.25,0,0.75,1]},{"time":2,"color":"aefd78ff","curve":[0.25,0,0.75,1]},{"time":3.0667,"color":"ff92f1ff","curve":[0.25,0,0.75,1]},{"time":4,"color":"ffffffff"}],"attachment":[{"time":0,"name":"ray_line1_"}]},"ray_line1_3":{"color":[{"time":0,"color":"ffffffff","curve":[0.25,0,0.75,1]},{"time":1.0667,"color":"fd8a83ff","curve":[0.25,0,0.75,1]},{"time":2,"color":"aefd78ff","curve":[0.25,0,0.75,1]},{"time":3.0667,"color":"ff92f1ff","curve":[0.25,0,0.75,1]},{"time":4,"color":"ffffffff"}],"attachment":[{"time":0,"name":"ray_line1_"}]}},"bones":{"ray_line1_":{"scale":[{"time":0,"x":1,"y":1,"curve":[0.25,0,0.75,1]},{"time":0.5333,"x":0.724,"y":0.724,"curve":[0.25,0,0.75,1]},{"time":1,"x":1,"y":1,"curve":[0.25,0,0.75,1]},{"time":1.5333,"x":0.724,"y":0.724,"curve":[0.25,0,0.75,1]},{"time":2,"x":1,"y":1,"curve":[0.25,0,0.75,1]},{"time":2.5333,"x":0.724,"y":0.724,"curve":[0.25,0,0.75,1]},{"time":3,"x":1,"y":1,"curve":[0.25,0,0.75,1]},{"time":3.5333,"x":0.724,"y":0.724,"curve":[0.25,0,0.75,1]},{"time":4,"x":1,"y":1}]},"ray_line1_2":{"translate":[{"time":0,"x":24.77,"y":24.78}],"scale":[{"time":0,"x":1,"y":1,"curve":[0.25,0,0.75,1]},{"time":0.5333,"x":0.724,"y":0.724,"curve":[0.25,0,0.75,1]},{"time":1,"x":1,"y":1,"curve":[0.25,0,0.75,1]},{"time":1.5333,"x":0.724,"y":0.724,"curve":[0.25,0,0.75,1]},{"time":2,"x":1,"y":1,"curve":[0.25,0,0.75,1]},{"time":2.5333,"x":0.724,"y":0.724,"curve":[0.25,0,0.75,1]},{"time":3,"x":1,"y":1,"curve":[0.25,0,0.75,1]},{"time":3.5333,"x":0.724,"y":0.724,"curve":[0.25,0,0.75,1]},{"time":4,"x":1,"y":1}]},"ray_line1_3":{"translate":[{"time":0,"x":135.77,"y":-45.59}],"scale":[{"time":0,"x":1,"y":1,"curve":[0.25,0,0.75,1]},{"time":0.5333,"x":0.724,"y":0.724,"curve":[0.25,0,0.75,1]},{"time":1,"x":1,"y":1,"curve":[0.25,0,0.75,1]},{"time":1.5333,"x":0.724,"y":0.724,"curve":[0.25,0,0.75,1]},{"time":2,"x":1,"y":1,"curve":[0.25,0,0.75,1]},{"time":2.5333,"x":0.724,"y":0.724,"curve":[0.25,0,0.75,1]},{"time":3,"x":1,"y":1,"curve":[0.25,0,0.75,1]},{"time":3.5333,"x":0.724,"y":0.724,"curve":[0.25,0,0.75,1]},{"time":4,"x":1,"y":1}]},"flare01_":{"rotate":[{"time":0,"angle":0,"curve":[0.032,0.17,0.75,1]},{"time":0.5,"angle":-88.63}],"translate":[{"time":0,"x":-109.5,"y":1.46}],"scale":[{"time":0,"x":0.5,"y":0.5},{"time":0.0667,"x":1,"y":1},{"time":0.5,"x":0,"y":0}]},"flare01_2":{"rotate":[{"time":1,"angle":0,"curve":[0.032,0.17,0.75,1]},{"time":1.5,"angle":-88.63}],"translate":[{"time":0,"x":9.49,"y":-28.47}],"scale":[{"time":1.0667,"x":1,"y":1},{"time":1.5,"x":0,"y":0}]},"flare01_3":{"rotate":[{"time":2.9667,"angle":0,"curve":[0.032,0.17,0.75,1]},{"time":3.5667,"angle":-88.63}],"scale":[{"time":0,"x":0.5,"y":0.5,"curve":"stepped"},{"time":2.9667,"x":0.5,"y":0.5},{"time":3.0333,"x":1,"y":1},{"time":3.5667,"x":0,"y":0}]},"title_crl":{"translate":[{"time":0,"x":-25.54,"y":-835.39}]}}}}}