{
"skeleton": { "hash": "jDJY1ulILslJQBxjEZSSSlfb1gs", "spine": "2.1.27", "width": 127.5, "height": 85 },
"bones": [
	{ "name": "root" }
],
"slots": [
	{ "name": "root", "bone": "root", "attachment": "yz_0_" },
	{ "name": "Shijiu01_xz_008_", "bone": "root" },
	{ "name": "Shijiu01_xz_007_", "bone": "root" },
	{ "name": "Shijiu01_xz_006_", "bone": "root" },
	{ "name": "Shijiu01_xz_005_", "bone": "root" },
	{ "name": "Shijiu01_xz_004_", "bone": "root" },
	{ "name": "Shijiu01_xz_003_", "bone": "root" },
	{ "name": "Shijiu01_xz_002_", "bone": "root" },
	{ "name": "Shijiu01_xz_001_", "bone": "root" },
	{ "name": "Shijiu01_xz_000_", "bone": "root" },
	{ "name": "Shijiu01_gj_025_", "bone": "root" },
	{ "name": "Shijiu01_gj_024_", "bone": "root" },
	{ "name": "Shijiu01_gj_023_", "bone": "root" },
	{ "name": "Shijiu01_gj_022_", "bone": "root" },
	{ "name": "Shijiu01_gj_021_", "bone": "root" },
	{ "name": "Shijiu01_gj_020_", "bone": "root" },
	{ "name": "Shijiu01_gj_019_", "bone": "root" },
	{ "name": "Shijiu01_gj_018_", "bone": "root" },
	{ "name": "Shijiu01_gj_017_", "bone": "root" },
	{ "name": "Shijiu01_gj_016_", "bone": "root" },
	{ "name": "Shijiu01_gj_015_", "bone": "root" },
	{ "name": "Shijiu01_gj_014_", "bone": "root" },
	{ "name": "Shijiu01_gj_013_", "bone": "root" },
	{ "name": "Shijiu01_gj_012_", "bone": "root" },
	{ "name": "Shijiu01_gj_011_", "bone": "root" },
	{ "name": "Shijiu01_gj_010_", "bone": "root" },
	{ "name": "Shijiu01_gj_009_", "bone": "root" },
	{ "name": "Shijiu01_gj_008_", "bone": "root" },
	{ "name": "Shijiu01_gj_007_", "bone": "root" },
	{ "name": "Shijiu01_gj_006_", "bone": "root" },
	{ "name": "Shijiu01_gj_005_", "bone": "root" },
	{ "name": "Shijiu01_gj_004_", "bone": "root" },
	{ "name": "Shijiu01_gj_003_", "bone": "root" },
	{ "name": "Shijiu01_gj_002_", "bone": "root" },
	{ "name": "Shijiu01_gj_001_", "bone": "root" },
	{ "name": "Shijiu01_gj_000_", "bone": "root" },
	{ "name": "Shijiu01_dj_011_", "bone": "root" },
	{ "name": "Shijiu01_dj_010_", "bone": "root" },
	{ "name": "Shijiu01_dj_009_", "bone": "root" },
	{ "name": "Shijiu01_dj_008_", "bone": "root" },
	{ "name": "Shijiu01_dj_007_", "bone": "root" },
	{ "name": "Shijiu01_dj_006_", "bone": "root" },
	{ "name": "Shijiu01_dj_005_", "bone": "root" },
	{ "name": "Shijiu01_dj_004_", "bone": "root" },
	{ "name": "Shijiu01_dj_003_", "bone": "root" },
	{ "name": "Shijiu01_dj_002_", "bone": "root" },
	{ "name": "Shijiu01_dj_001_", "bone": "root" },
	{ "name": "Shijiu01_dj_000_", "bone": "root" }
],
"skins": {
	"default": {
		"Shijiu01_dj_000_": {
			"Shijiu01_dj_000_": { "x": 0.87, "y": 121.75, "width": 173, "height": 145 }
		},
		"Shijiu01_dj_001_": {
			"Shijiu01_dj_001_": { "x": -0.62, "y": 121.25, "width": 164, "height": 142 }
		},
		"Shijiu01_dj_002_": {
			"Shijiu01_dj_002_": { "x": 6.37, "y": 98.75, "width": 196, "height": 111 }
		},
		"Shijiu01_dj_003_": {
			"Shijiu01_dj_003_": { "x": 13.87, "y": 60.25, "width": 197, "height": 94 }
		},
		"Shijiu01_dj_004_": {
			"Shijiu01_dj_004_": { "x": 21.37, "y": 46.25, "width": 174, "height": 128 }
		},
		"Shijiu01_dj_005_": {
			"Shijiu01_dj_005_": { "x": 25.87, "y": 37.75, "width": 143, "height": 151 }
		},
		"Shijiu01_dj_006_": {
			"Shijiu01_dj_006_": { "x": 18.87, "y": 36.75, "width": 129, "height": 155 }
		},
		"Shijiu01_dj_007_": {
			"Shijiu01_dj_007_": { "x": 13.37, "y": 42.25, "width": 122, "height": 148 }
		},
		"Shijiu01_dj_008_": {
			"Shijiu01_dj_008_": { "x": 17.87, "y": 48.25, "width": 157, "height": 134 }
		},
		"Shijiu01_dj_009_": {
			"Shijiu01_dj_009_": { "x": 12.87, "y": 66.25, "width": 189, "height": 120 }
		},
		"Shijiu01_dj_010_": {
			"Shijiu01_dj_010_": { "x": 7.87, "y": 88.25, "width": 207, "height": 108 }
		},
		"Shijiu01_dj_011_": {
			"Shijiu01_dj_011_": { "x": 5.37, "y": 111.25, "width": 204, "height": 118 }
		},
		"Shijiu01_gj_000_": {
			"Shijiu01_gj_000_": { "x": 10.37, "y": 121.25, "width": 152, "height": 162 }
		},
		"Shijiu01_gj_001_": {
			"Shijiu01_gj_001_": { "x": 1.87, "y": 125.25, "width": 153, "height": 160 }
		},
		"Shijiu01_gj_002_": {
			"Shijiu01_gj_002_": { "x": 0.87, "y": 108.75, "width": 191, "height": 111 }
		},
		"Shijiu01_gj_003_": {
			"Shijiu01_gj_003_": { "x": 10.37, "y": 74.25, "width": 186, "height": 96 }
		},
		"Shijiu01_gj_004_": {
			"Shijiu01_gj_004_": { "x": 15.37, "y": 61.25, "width": 158, "height": 132 }
		},
		"Shijiu01_gj_005_": {
			"Shijiu01_gj_005_": { "x": 13.37, "y": 57.75, "width": 128, "height": 147 }
		},
		"Shijiu01_gj_006_": {
			"Shijiu01_gj_006_": { "x": 4.37, "y": 67.75, "width": 124, "height": 137 }
		},
		"Shijiu01_gj_007_": {
			"Shijiu01_gj_007_": { "x": 7.37, "y": 91.25, "width": 158, "height": 130 }
		},
		"Shijiu01_gj_008_": {
			"Shijiu01_gj_008_": { "x": 1.87, "y": 110.25, "width": 189, "height": 120 }
		},
		"Shijiu01_gj_009_": {
			"Shijiu01_gj_009_": { "x": -0.62, "y": 131.75, "width": 198, "height": 111 }
		},
		"Shijiu01_gj_010_": {
			"Shijiu01_gj_010_": { "x": 0.87, "y": 152.75, "width": 195, "height": 121 }
		},
		"Shijiu01_gj_011_": {
			"Shijiu01_gj_011_": { "x": 6.37, "y": 165.25, "width": 182, "height": 138 }
		},
		"Shijiu01_gj_012_": {
			"Shijiu01_gj_012_": { "x": 16.37, "y": 166.25, "width": 160, "height": 144 }
		},
		"Shijiu01_gj_013_": {
			"Shijiu01_gj_013_": { "x": 31.37, "y": 139.75, "width": 152, "height": 129 }
		},
		"Shijiu01_gj_014_": {
			"Shijiu01_gj_014_": { "x": 48.87, "y": 61.25, "width": 171, "height": 132 }
		},
		"Shijiu01_gj_015_": {
			"Shijiu01_gj_015_": { "x": 51.87, "y": 32.75, "width": 151, "height": 163 }
		},
		"Shijiu01_gj_016_": {
			"Shijiu01_gj_016_": { "x": 64.87, "y": 6.75, "width": 135, "height": 167 }
		},
		"Shijiu01_gj_017_": {
			"Shijiu01_gj_017_": { "x": 70.87, "y": 1.25, "width": 149, "height": 152 }
		},
		"Shijiu01_gj_018_": {
			"Shijiu01_gj_018_": { "x": 61.87, "y": 4.75, "width": 167, "height": 125 }
		},
		"Shijiu01_gj_019_": {
			"Shijiu01_gj_019_": { "x": 51.37, "y": 37.25, "width": 174, "height": 144 }
		},
		"Shijiu01_gj_020_": {
			"Shijiu01_gj_020_": { "x": 42.87, "y": 62.75, "width": 177, "height": 149 }
		},
		"Shijiu01_gj_021_": {
			"Shijiu01_gj_021_": { "x": 31.37, "y": 83.75, "width": 186, "height": 141 }
		},
		"Shijiu01_gj_022_": {
			"Shijiu01_gj_022_": { "x": 24.87, "y": 94.75, "width": 183, "height": 145 }
		},
		"Shijiu01_gj_023_": {
			"Shijiu01_gj_023_": { "x": 21.87, "y": 103.25, "width": 175, "height": 152 }
		},
		"Shijiu01_gj_024_": {
			"Shijiu01_gj_024_": { "x": 19.37, "y": 112.75, "width": 164, "height": 157 }
		},
		"Shijiu01_gj_025_": {
			"Shijiu01_gj_025_": { "x": 13.37, "y": 119.75, "width": 154, "height": 159 }
		},
		"Shijiu01_xz_000_": {
			"Shijiu01_xz_000_": { "x": -7.12, "y": 124.75, "width": 131, "height": 157 }
		},
		"Shijiu01_xz_001_": {
			"Shijiu01_xz_001_": { "x": -11.12, "y": 130.75, "width": 119, "height": 167 }
		},
		"Shijiu01_xz_002_": {
			"Shijiu01_xz_002_": { "x": 0.37, "y": 99.25, "width": 138, "height": 136 }
		},
		"Shijiu01_xz_003_": {
			"Shijiu01_xz_003_": { "x": -5.62, "y": 53.25, "width": 120, "height": 122 }
		},
		"Shijiu01_xz_004_": {
			"Shijiu01_xz_004_": { "x": -12.62, "y": 40.75, "width": 102, "height": 145 }
		},
		"Shijiu01_xz_005_": {
			"Shijiu01_xz_005_": { "x": -15.12, "y": 39.75, "width": 103, "height": 151 }
		},
		"Shijiu01_xz_006_": {
			"Shijiu01_xz_006_": { "x": -14.62, "y": 54.25, "width": 118, "height": 142 }
		},
		"Shijiu01_xz_007_": {
			"Shijiu01_xz_007_": { "x": -13.62, "y": 78.75, "width": 130, "height": 131 }
		},
		"Shijiu01_xz_008_": {
			"Shijiu01_xz_008_": { "x": -8.62, "y": 114.25, "width": 136, "height": 132 }
		},
		"root": {
			"yz_0_": { "scaleX": 1.5, "width": 85, "height": 85 }
		}
	}
},
"animations": {
	"dj": {
		"slots": {
			"Shijiu01_dj_000_": {
				"attachment": [
					{ "time": 0, "name": "Shijiu01_dj_000_" },
					{ "time": 0.0333, "name": "Shijiu01_dj_000_" },
					{ "time": 0.0666, "name": null }
				]
			},
			"Shijiu01_dj_001_": {
				"attachment": [
					{ "time": 0, "name": null },
					{ "time": 0.0333, "name": null },
					{ "time": 0.0666, "name": "Shijiu01_dj_001_" },
					{ "time": 0.1333, "name": "Shijiu01_dj_001_" },
					{ "time": 0.1666, "name": null }
				]
			},
			"Shijiu01_dj_002_": {
				"attachment": [
					{ "time": 0, "name": null },
					{ "time": 0.1333, "name": null },
					{ "time": 0.1666, "name": "Shijiu01_dj_002_" },
					{ "time": 0.2, "name": "Shijiu01_dj_002_" },
					{ "time": 0.2333, "name": null }
				]
			},
			"Shijiu01_dj_003_": {
				"attachment": [
					{ "time": 0, "name": null },
					{ "time": 0.2, "name": null },
					{ "time": 0.2333, "name": "Shijiu01_dj_003_" },
					{ "time": 0.3, "name": "Shijiu01_dj_003_" },
					{ "time": 0.3333, "name": null }
				]
			},
			"Shijiu01_dj_004_": {
				"attachment": [
					{ "time": 0, "name": null },
					{ "time": 0.3, "name": null },
					{ "time": 0.3333, "name": "Shijiu01_dj_004_" },
					{ "time": 0.3666, "name": "Shijiu01_dj_004_" },
					{ "time": 0.4, "name": null }
				]
			},
			"Shijiu01_dj_005_": {
				"attachment": [
					{ "time": 0, "name": null },
					{ "time": 0.3666, "name": null },
					{ "time": 0.4, "name": "Shijiu01_dj_005_" },
					{ "time": 0.4666, "name": "Shijiu01_dj_005_" },
					{ "time": 0.5, "name": null }
				]
			},
			"Shijiu01_dj_006_": {
				"attachment": [
					{ "time": 0, "name": null },
					{ "time": 0.4666, "name": null },
					{ "time": 0.5, "name": "Shijiu01_dj_006_" },
					{ "time": 0.5333, "name": "Shijiu01_dj_006_" },
					{ "time": 0.5666, "name": null }
				]
			},
			"Shijiu01_dj_007_": {
				"attachment": [
					{ "time": 0, "name": null },
					{ "time": 0.5333, "name": null },
					{ "time": 0.5666, "name": "Shijiu01_dj_007_" },
					{ "time": 0.6, "name": "Shijiu01_dj_007_" },
					{ "time": 0.6666, "name": null }
				]
			},
			"Shijiu01_dj_008_": {
				"attachment": [
					{ "time": 0, "name": null },
					{ "time": 0.6, "name": null },
					{ "time": 0.6666, "name": "Shijiu01_dj_008_" },
					{ "time": 0.7, "name": "Shijiu01_dj_008_" },
					{ "time": 0.7333, "name": null }
				]
			},
			"Shijiu01_dj_009_": {
				"attachment": [
					{ "time": 0, "name": null },
					{ "time": 0.7, "name": null },
					{ "time": 0.7333, "name": "Shijiu01_dj_009_" },
					{ "time": 0.7666, "name": "Shijiu01_dj_009_" },
					{ "time": 0.8333, "name": null }
				]
			},
			"Shijiu01_dj_010_": {
				"attachment": [
					{ "time": 0, "name": null },
					{ "time": 0.7666, "name": null },
					{ "time": 0.8333, "name": "Shijiu01_dj_010_" },
					{ "time": 0.8666, "name": "Shijiu01_dj_010_" },
					{ "time": 0.9, "name": null }
				]
			},
			"Shijiu01_dj_011_": {
				"attachment": [
					{ "time": 0, "name": null },
					{ "time": 0.8666, "name": null },
					{ "time": 0.9, "name": "Shijiu01_dj_011_" },
					{ "time": 0.9333, "name": "Shijiu01_dj_011_" },
					{ "time": 1, "name": null }
				]
			}
		}
	},
	"gj": {
		"slots": {
			"Shijiu01_gj_000_": {
				"attachment": [
					{ "time": 0, "name": "Shijiu01_gj_000_" },
					{ "time": 0.0333, "name": "Shijiu01_gj_000_" },
					{ "time": 0.0666, "name": null }
				]
			},
			"Shijiu01_gj_001_": {
				"attachment": [
					{ "time": 0, "name": null },
					{ "time": 0.0333, "name": null },
					{ "time": 0.0666, "name": "Shijiu01_gj_001_" },
					{ "time": 0.1, "name": "Shijiu01_gj_001_" },
					{ "time": 0.1333, "name": null }
				]
			},
			"Shijiu01_gj_002_": {
				"attachment": [
					{ "time": 0, "name": null },
					{ "time": 0.1, "name": null },
					{ "time": 0.1333, "name": "Shijiu01_gj_002_" },
					{ "time": 0.1666, "name": "Shijiu01_gj_002_" },
					{ "time": 0.2, "name": null }
				]
			},
			"Shijiu01_gj_003_": {
				"attachment": [
					{ "time": 0, "name": null },
					{ "time": 0.1666, "name": null },
					{ "time": 0.2, "name": "Shijiu01_gj_003_" },
					{ "time": 0.2333, "name": "Shijiu01_gj_003_" },
					{ "time": 0.2666, "name": null }
				]
			},
			"Shijiu01_gj_004_": {
				"attachment": [
					{ "time": 0, "name": null },
					{ "time": 0.2333, "name": null },
					{ "time": 0.2666, "name": "Shijiu01_gj_004_" },
					{ "time": 0.3, "name": "Shijiu01_gj_004_" },
					{ "time": 0.3333, "name": null }
				]
			},
			"Shijiu01_gj_005_": {
				"attachment": [
					{ "time": 0, "name": null },
					{ "time": 0.3, "name": null },
					{ "time": 0.3333, "name": "Shijiu01_gj_005_" },
					{ "time": 0.3666, "name": "Shijiu01_gj_005_" },
					{ "time": 0.4, "name": null }
				]
			},
			"Shijiu01_gj_006_": {
				"attachment": [
					{ "time": 0, "name": null },
					{ "time": 0.3666, "name": null },
					{ "time": 0.4, "name": "Shijiu01_gj_006_" },
					{ "time": 0.4333, "name": "Shijiu01_gj_006_" },
					{ "time": 0.4666, "name": null }
				]
			},
			"Shijiu01_gj_007_": {
				"attachment": [
					{ "time": 0, "name": null },
					{ "time": 0.4333, "name": null },
					{ "time": 0.4666, "name": "Shijiu01_gj_007_" },
					{ "time": 0.5, "name": "Shijiu01_gj_007_" },
					{ "time": 0.5333, "name": null }
				]
			},
			"Shijiu01_gj_008_": {
				"attachment": [
					{ "time": 0, "name": null },
					{ "time": 0.5, "name": null },
					{ "time": 0.5333, "name": "Shijiu01_gj_008_" },
					{ "time": 0.5666, "name": "Shijiu01_gj_008_" },
					{ "time": 0.6, "name": null }
				]
			},
			"Shijiu01_gj_009_": {
				"attachment": [
					{ "time": 0, "name": null },
					{ "time": 0.5666, "name": null },
					{ "time": 0.6, "name": "Shijiu01_gj_009_" },
					{ "time": 0.6333, "name": "Shijiu01_gj_009_" },
					{ "time": 0.6666, "name": null }
				]
			},
			"Shijiu01_gj_010_": {
				"attachment": [
					{ "time": 0, "name": null },
					{ "time": 0.6333, "name": null },
					{ "time": 0.6666, "name": "Shijiu01_gj_010_" },
					{ "time": 0.7, "name": "Shijiu01_gj_010_" },
					{ "time": 0.7333, "name": null }
				]
			},
			"Shijiu01_gj_011_": {
				"attachment": [
					{ "time": 0, "name": null },
					{ "time": 0.7, "name": null },
					{ "time": 0.7333, "name": "Shijiu01_gj_011_" },
					{ "time": 0.7666, "name": "Shijiu01_gj_011_" },
					{ "time": 0.8, "name": null }
				]
			},
			"Shijiu01_gj_012_": {
				"attachment": [
					{ "time": 0, "name": null },
					{ "time": 0.7666, "name": null },
					{ "time": 0.8, "name": "Shijiu01_gj_012_" },
					{ "time": 0.8333, "name": "Shijiu01_gj_012_" },
					{ "time": 0.8666, "name": null }
				]
			},
			"Shijiu01_gj_013_": {
				"attachment": [
					{ "time": 0, "name": null },
					{ "time": 0.8333, "name": null },
					{ "time": 0.8666, "name": "Shijiu01_gj_013_" },
					{ "time": 0.9, "name": "Shijiu01_gj_013_" },
					{ "time": 0.9333, "name": null }
				]
			},
			"Shijiu01_gj_014_": {
				"attachment": [
					{ "time": 0, "name": null },
					{ "time": 0.9, "name": null },
					{ "time": 0.9333, "name": "Shijiu01_gj_014_" },
					{ "time": 0.9666, "name": "Shijiu01_gj_014_" },
					{ "time": 1, "name": null }
				]
			},
			"Shijiu01_gj_015_": {
				"attachment": [
					{ "time": 0, "name": null },
					{ "time": 0.9666, "name": null },
					{ "time": 1, "name": "Shijiu01_gj_015_" },
					{ "time": 1.0333, "name": "Shijiu01_gj_015_" },
					{ "time": 1.0666, "name": null }
				]
			},
			"Shijiu01_gj_016_": {
				"attachment": [
					{ "time": 0, "name": null },
					{ "time": 1.0333, "name": null },
					{ "time": 1.0666, "name": "Shijiu01_gj_016_" },
					{ "time": 1.1, "name": "Shijiu01_gj_016_" },
					{ "time": 1.1333, "name": null }
				]
			},
			"Shijiu01_gj_017_": {
				"attachment": [
					{ "time": 0, "name": null },
					{ "time": 1.1, "name": null },
					{ "time": 1.1333, "name": "Shijiu01_gj_017_" },
					{ "time": 1.1666, "name": "Shijiu01_gj_017_" },
					{ "time": 1.2, "name": null }
				]
			},
			"Shijiu01_gj_018_": {
				"attachment": [
					{ "time": 0, "name": null },
					{ "time": 1.1666, "name": null },
					{ "time": 1.2, "name": "Shijiu01_gj_018_" },
					{ "time": 1.2333, "name": "Shijiu01_gj_018_" },
					{ "time": 1.2666, "name": null }
				]
			},
			"Shijiu01_gj_019_": {
				"attachment": [
					{ "time": 0, "name": null },
					{ "time": 1.2333, "name": null },
					{ "time": 1.2666, "name": "Shijiu01_gj_019_" },
					{ "time": 1.3, "name": "Shijiu01_gj_019_" },
					{ "time": 1.3333, "name": null }
				]
			},
			"Shijiu01_gj_020_": {
				"attachment": [
					{ "time": 0, "name": null },
					{ "time": 1.3, "name": null },
					{ "time": 1.3333, "name": "Shijiu01_gj_020_" },
					{ "time": 1.3666, "name": "Shijiu01_gj_020_" },
					{ "time": 1.4, "name": null }
				]
			},
			"Shijiu01_gj_021_": {
				"attachment": [
					{ "time": 0, "name": null },
					{ "time": 1.3666, "name": null },
					{ "time": 1.4, "name": "Shijiu01_gj_021_" },
					{ "time": 1.4333, "name": "Shijiu01_gj_021_" },
					{ "time": 1.4666, "name": null }
				]
			},
			"Shijiu01_gj_022_": {
				"attachment": [
					{ "time": 0, "name": null },
					{ "time": 1.4333, "name": null },
					{ "time": 1.4666, "name": "Shijiu01_gj_022_" },
					{ "time": 1.5, "name": "Shijiu01_gj_022_" },
					{ "time": 1.5333, "name": null }
				]
			},
			"Shijiu01_gj_023_": {
				"attachment": [
					{ "time": 0, "name": null },
					{ "time": 1.5, "name": null },
					{ "time": 1.5333, "name": "Shijiu01_gj_023_" },
					{ "time": 1.5666, "name": "Shijiu01_gj_023_" },
					{ "time": 1.6, "name": null }
				]
			},
			"Shijiu01_gj_024_": {
				"attachment": [
					{ "time": 0, "name": null },
					{ "time": 1.5666, "name": null },
					{ "time": 1.6, "name": "Shijiu01_gj_024_" },
					{ "time": 1.6333, "name": "Shijiu01_gj_024_" },
					{ "time": 1.6666, "name": null }
				]
			},
			"Shijiu01_gj_025_": {
				"attachment": [
					{ "time": 0, "name": null },
					{ "time": 1.6333, "name": null },
					{ "time": 1.6666, "name": "Shijiu01_gj_025_" },
					{ "time": 1.7, "name": "Shijiu01_gj_025_" },
					{ "time": 1.7333, "name": null }
				]
			}
		}
	},
	"walk": {
		"slots": {
			"Shijiu01_xz_000_": {
				"attachment": [
					{ "time": 0, "name": "Shijiu01_xz_000_" },
					{ "time": 0.0666, "name": "Shijiu01_xz_000_" },
					{ "time": 0.1, "name": null }
				]
			},
			"Shijiu01_xz_001_": {
				"attachment": [
					{ "time": 0, "name": null },
					{ "time": 0.0666, "name": null },
					{ "time": 0.1, "name": "Shijiu01_xz_001_" },
					{ "time": 0.1666, "name": "Shijiu01_xz_001_" },
					{ "time": 0.2333, "name": null }
				]
			},
			"Shijiu01_xz_002_": {
				"attachment": [
					{ "time": 0, "name": null },
					{ "time": 0.1666, "name": null },
					{ "time": 0.2333, "name": "Shijiu01_xz_002_" },
					{ "time": 0.2666, "name": "Shijiu01_xz_002_" },
					{ "time": 0.3333, "name": null }
				]
			},
			"Shijiu01_xz_003_": {
				"attachment": [
					{ "time": 0, "name": null },
					{ "time": 0.2666, "name": null },
					{ "time": 0.3333, "name": "Shijiu01_xz_003_" },
					{ "time": 0.4, "name": "Shijiu01_xz_003_" },
					{ "time": 0.4333, "name": null }
				]
			},
			"Shijiu01_xz_004_": {
				"attachment": [
					{ "time": 0, "name": null },
					{ "time": 0.4, "name": null },
					{ "time": 0.4333, "name": "Shijiu01_xz_004_" },
					{ "time": 0.5, "name": "Shijiu01_xz_004_" },
					{ "time": 0.5666, "name": null }
				]
			},
			"Shijiu01_xz_005_": {
				"attachment": [
					{ "time": 0, "name": null },
					{ "time": 0.5, "name": null },
					{ "time": 0.5666, "name": "Shijiu01_xz_005_" },
					{ "time": 0.6, "name": "Shijiu01_xz_005_" },
					{ "time": 0.6666, "name": null }
				]
			},
			"Shijiu01_xz_006_": {
				"attachment": [
					{ "time": 0, "name": null },
					{ "time": 0.6, "name": null },
					{ "time": 0.6666, "name": "Shijiu01_xz_006_" },
					{ "time": 0.7333, "name": "Shijiu01_xz_006_" },
					{ "time": 0.7666, "name": null }
				]
			},
			"Shijiu01_xz_007_": {
				"attachment": [
					{ "time": 0, "name": null },
					{ "time": 0.7333, "name": null },
					{ "time": 0.7666, "name": "Shijiu01_xz_007_" },
					{ "time": 0.8333, "name": "Shijiu01_xz_007_" },
					{ "time": 0.9, "name": null }
				]
			},
			"Shijiu01_xz_008_": {
				"attachment": [
					{ "time": 0, "name": null },
					{ "time": 0.8333, "name": null },
					{ "time": 0.9, "name": "Shijiu01_xz_008_" },
					{ "time": 0.9333, "name": "Shijiu01_xz_008_" },
					{ "time": 1, "name": null }
				]
			}
		}
	}
}
}