{
"skeleton": { "hash": "yQuqqGwMVYeci/o161NuXawwWXc", "spine": "2.1.27", "width": 127.5, "height": 85 },
"bones": [
	{ "name": "root" }
],
"slots": [
	{ "name": "root", "bone": "root", "attachment": "yz_0_" },
	{ "name": "Shijiu05_xz_008_", "bone": "root" },
	{ "name": "Shijiu05_xz_007_", "bone": "root" },
	{ "name": "Shijiu05_xz_006_", "bone": "root" },
	{ "name": "Shijiu05_xz_005_", "bone": "root" },
	{ "name": "Shijiu05_xz_004_", "bone": "root" },
	{ "name": "Shijiu05_xz_003_", "bone": "root" },
	{ "name": "Shijiu05_xz_002_", "bone": "root" },
	{ "name": "Shijiu05_xz_001_", "bone": "root" },
	{ "name": "Shijiu05_xz_000_", "bone": "root" },
	{ "name": "Shijiu05_gj_025_", "bone": "root" },
	{ "name": "Shijiu05_gj_024_", "bone": "root" },
	{ "name": "Shijiu05_gj_023_", "bone": "root" },
	{ "name": "Shijiu05_gj_022_", "bone": "root" },
	{ "name": "Shijiu05_gj_021_", "bone": "root" },
	{ "name": "Shijiu05_gj_020_", "bone": "root" },
	{ "name": "Shijiu05_gj_019_", "bone": "root" },
	{ "name": "Shijiu05_gj_018_", "bone": "root" },
	{ "name": "Shijiu05_gj_017_", "bone": "root" },
	{ "name": "Shijiu05_gj_016_", "bone": "root" },
	{ "name": "Shijiu05_gj_015_", "bone": "root" },
	{ "name": "Shijiu05_gj_014_", "bone": "root" },
	{ "name": "Shijiu05_gj_013_", "bone": "root" },
	{ "name": "Shijiu05_gj_012_", "bone": "root" },
	{ "name": "Shijiu05_gj_011_", "bone": "root" },
	{ "name": "Shijiu05_gj_010_", "bone": "root" },
	{ "name": "Shijiu05_gj_009_", "bone": "root" },
	{ "name": "Shijiu05_gj_008_", "bone": "root" },
	{ "name": "Shijiu05_gj_007_", "bone": "root" },
	{ "name": "Shijiu05_gj_006_", "bone": "root" },
	{ "name": "Shijiu05_gj_005_", "bone": "root" },
	{ "name": "Shijiu05_gj_004_", "bone": "root" },
	{ "name": "Shijiu05_gj_003_", "bone": "root" },
	{ "name": "Shijiu05_gj_002_", "bone": "root" },
	{ "name": "Shijiu05_gj_001_", "bone": "root" },
	{ "name": "Shijiu05_gj_000_", "bone": "root" },
	{ "name": "Shijiu05_dj_011_", "bone": "root" },
	{ "name": "Shijiu05_dj_010_", "bone": "root" },
	{ "name": "Shijiu05_dj_009_", "bone": "root" },
	{ "name": "Shijiu05_dj_008_", "bone": "root" },
	{ "name": "Shijiu05_dj_007_", "bone": "root" },
	{ "name": "Shijiu05_dj_006_", "bone": "root" },
	{ "name": "Shijiu05_dj_005_", "bone": "root" },
	{ "name": "Shijiu05_dj_004_", "bone": "root" },
	{ "name": "Shijiu05_dj_003_", "bone": "root" },
	{ "name": "Shijiu05_dj_002_", "bone": "root" },
	{ "name": "Shijiu05_dj_001_", "bone": "root" },
	{ "name": "Shijiu05_dj_000_", "bone": "root" }
],
"skins": {
	"default": {
		"Shijiu05_dj_000_": {
			"Shijiu05_dj_000_": { "x": -9.49, "y": 172.5, "width": 173, "height": 145 }
		},
		"Shijiu05_dj_001_": {
			"Shijiu05_dj_001_": { "x": -10.99, "y": 172, "width": 164, "height": 142 }
		},
		"Shijiu05_dj_002_": {
			"Shijiu05_dj_002_": { "x": -4.49, "y": 149.5, "width": 197, "height": 111 }
		},
		"Shijiu05_dj_003_": {
			"Shijiu05_dj_003_": { "x": 3.5, "y": 111, "width": 197, "height": 94 }
		},
		"Shijiu05_dj_004_": {
			"Shijiu05_dj_004_": { "x": 11, "y": 97, "width": 174, "height": 128 }
		},
		"Shijiu05_dj_005_": {
			"Shijiu05_dj_005_": { "x": 15.5, "y": 88, "width": 143, "height": 150 }
		},
		"Shijiu05_dj_006_": {
			"Shijiu05_dj_006_": { "x": 9, "y": 87.5, "width": 128, "height": 155 }
		},
		"Shijiu05_dj_007_": {
			"Shijiu05_dj_007_": { "x": 2.5, "y": 93, "width": 123, "height": 148 }
		},
		"Shijiu05_dj_008_": {
			"Shijiu05_dj_008_": { "x": 7.5, "y": 99, "width": 157, "height": 134 }
		},
		"Shijiu05_dj_009_": {
			"Shijiu05_dj_009_": { "x": 2.5, "y": 117, "width": 189, "height": 120 }
		},
		"Shijiu05_dj_010_": {
			"Shijiu05_dj_010_": { "x": -2.49, "y": 138.5, "width": 207, "height": 109 }
		},
		"Shijiu05_dj_011_": {
			"Shijiu05_dj_011_": { "x": -4.99, "y": 162, "width": 204, "height": 118 }
		},
		"Shijiu05_gj_000_": {
			"Shijiu05_gj_000_": { "y": 172, "width": 152, "height": 162 }
		},
		"Shijiu05_gj_001_": {
			"Shijiu05_gj_001_": { "x": -8.49, "y": 176, "width": 153, "height": 160 }
		},
		"Shijiu05_gj_002_": {
			"Shijiu05_gj_002_": { "x": -9.49, "y": 159.5, "width": 191, "height": 111 }
		},
		"Shijiu05_gj_003_": {
			"Shijiu05_gj_003_": { "y": 125, "width": 186, "height": 96 }
		},
		"Shijiu05_gj_004_": {
			"Shijiu05_gj_004_": { "x": 5, "y": 112, "width": 158, "height": 132 }
		},
		"Shijiu05_gj_005_": {
			"Shijiu05_gj_005_": { "x": 3, "y": 108.5, "width": 128, "height": 147 }
		},
		"Shijiu05_gj_006_": {
			"Shijiu05_gj_006_": { "x": -5.99, "y": 118.5, "width": 124, "height": 137 }
		},
		"Shijiu05_gj_007_": {
			"Shijiu05_gj_007_": { "x": -2.99, "y": 142, "width": 158, "height": 130 }
		},
		"Shijiu05_gj_008_": {
			"Shijiu05_gj_008_": { "x": -8.49, "y": 161, "width": 189, "height": 120 }
		},
		"Shijiu05_gj_009_": {
			"Shijiu05_gj_009_": { "x": -10.99, "y": 182.5, "width": 198, "height": 111 }
		},
		"Shijiu05_gj_010_": {
			"Shijiu05_gj_010_": { "x": -9.49, "y": 203.5, "width": 195, "height": 121 }
		},
		"Shijiu05_gj_011_": {
			"Shijiu05_gj_011_": { "x": -3.99, "y": 216, "width": 182, "height": 138 }
		},
		"Shijiu05_gj_012_": {
			"Shijiu05_gj_012_": { "x": 6, "y": 217, "width": 160, "height": 144 }
		},
		"Shijiu05_gj_013_": {
			"Shijiu05_gj_013_": { "x": 21, "y": 190.5, "width": 152, "height": 129 }
		},
		"Shijiu05_gj_014_": {
			"Shijiu05_gj_014_": { "x": 38.5, "y": 112, "width": 171, "height": 132 }
		},
		"Shijiu05_gj_015_": {
			"Shijiu05_gj_015_": { "x": 41.5, "y": 83.5, "width": 151, "height": 163 }
		},
		"Shijiu05_gj_016_": {
			"Shijiu05_gj_016_": { "x": 54.5, "y": 57.5, "width": 135, "height": 167 }
		},
		"Shijiu05_gj_017_": {
			"Shijiu05_gj_017_": { "x": 60.5, "y": 52, "width": 149, "height": 152 }
		},
		"Shijiu05_gj_018_": {
			"Shijiu05_gj_018_": { "x": 51.5, "y": 55.5, "width": 167, "height": 125 }
		},
		"Shijiu05_gj_019_": {
			"Shijiu05_gj_019_": { "x": 41, "y": 88, "width": 174, "height": 144 }
		},
		"Shijiu05_gj_020_": {
			"Shijiu05_gj_020_": { "x": 32.5, "y": 113.5, "width": 177, "height": 149 }
		},
		"Shijiu05_gj_021_": {
			"Shijiu05_gj_021_": { "x": 21, "y": 134.5, "width": 186, "height": 141 }
		},
		"Shijiu05_gj_022_": {
			"Shijiu05_gj_022_": { "x": 14.5, "y": 145.5, "width": 183, "height": 145 }
		},
		"Shijiu05_gj_023_": {
			"Shijiu05_gj_023_": { "x": 11.5, "y": 154, "width": 175, "height": 152 }
		},
		"Shijiu05_gj_024_": {
			"Shijiu05_gj_024_": { "x": 9, "y": 163.5, "width": 164, "height": 157 }
		},
		"Shijiu05_gj_025_": {
			"Shijiu05_gj_025_": { "x": 3, "y": 170.5, "width": 154, "height": 159 }
		},
		"Shijiu05_xz_000_": {
			"Shijiu05_xz_000_": { "x": -17.49, "y": 175.5, "width": 131, "height": 157 }
		},
		"Shijiu05_xz_001_": {
			"Shijiu05_xz_001_": { "x": -21.49, "y": 181.5, "width": 119, "height": 167 }
		},
		"Shijiu05_xz_002_": {
			"Shijiu05_xz_002_": { "x": -9.99, "y": 150, "width": 138, "height": 136 }
		},
		"Shijiu05_xz_003_": {
			"Shijiu05_xz_003_": { "x": -15.99, "y": 104, "width": 120, "height": 122 }
		},
		"Shijiu05_xz_004_": {
			"Shijiu05_xz_004_": { "x": -22.99, "y": 93, "width": 102, "height": 148 }
		},
		"Shijiu05_xz_005_": {
			"Shijiu05_xz_005_": { "x": -25.49, "y": 90.5, "width": 103, "height": 151 }
		},
		"Shijiu05_xz_006_": {
			"Shijiu05_xz_006_": { "x": -24.99, "y": 105, "width": 118, "height": 142 }
		},
		"Shijiu05_xz_007_": {
			"Shijiu05_xz_007_": { "x": -23.99, "y": 129.5, "width": 130, "height": 131 }
		},
		"Shijiu05_xz_008_": {
			"Shijiu05_xz_008_": { "x": -18.99, "y": 165, "width": 136, "height": 132 }
		},
		"root": {
			"yz_0_": { "scaleX": 1.5, "width": 85, "height": 85 }
		}
	}
},
"animations": {
	"dj": {
		"slots": {
			"Shijiu05_dj_000_": {
				"attachment": [
					{ "time": 0, "name": "Shijiu05_dj_000_" },
					{ "time": 0.0333, "name": "Shijiu05_dj_000_" },
					{ "time": 0.0666, "name": null }
				]
			},
			"Shijiu05_dj_001_": {
				"attachment": [
					{ "time": 0, "name": null },
					{ "time": 0.0333, "name": null },
					{ "time": 0.0666, "name": "Shijiu05_dj_001_" },
					{ "time": 0.1333, "name": "Shijiu05_dj_001_" },
					{ "time": 0.1666, "name": null }
				]
			},
			"Shijiu05_dj_002_": {
				"attachment": [
					{ "time": 0, "name": null },
					{ "time": 0.1333, "name": null },
					{ "time": 0.1666, "name": "Shijiu05_dj_002_" },
					{ "time": 0.2, "name": "Shijiu05_dj_002_" },
					{ "time": 0.2333, "name": null }
				]
			},
			"Shijiu05_dj_003_": {
				"attachment": [
					{ "time": 0, "name": null },
					{ "time": 0.2, "name": null },
					{ "time": 0.2333, "name": "Shijiu05_dj_003_" },
					{ "time": 0.3, "name": "Shijiu05_dj_003_" },
					{ "time": 0.3333, "name": null }
				]
			},
			"Shijiu05_dj_004_": {
				"attachment": [
					{ "time": 0, "name": null },
					{ "time": 0.3, "name": null },
					{ "time": 0.3333, "name": "Shijiu05_dj_004_" },
					{ "time": 0.3666, "name": "Shijiu05_dj_004_" },
					{ "time": 0.4, "name": null }
				]
			},
			"Shijiu05_dj_005_": {
				"attachment": [
					{ "time": 0, "name": null },
					{ "time": 0.3666, "name": null },
					{ "time": 0.4, "name": "Shijiu05_dj_005_" },
					{ "time": 0.4666, "name": "Shijiu05_dj_005_" },
					{ "time": 0.5, "name": null }
				]
			},
			"Shijiu05_dj_006_": {
				"attachment": [
					{ "time": 0, "name": null },
					{ "time": 0.4666, "name": null },
					{ "time": 0.5, "name": "Shijiu05_dj_006_" },
					{ "time": 0.5333, "name": "Shijiu05_dj_006_" },
					{ "time": 0.5666, "name": null }
				]
			},
			"Shijiu05_dj_007_": {
				"attachment": [
					{ "time": 0, "name": null },
					{ "time": 0.5333, "name": null },
					{ "time": 0.5666, "name": "Shijiu05_dj_007_" },
					{ "time": 0.6333, "name": "Shijiu05_dj_007_" },
					{ "time": 0.6666, "name": null }
				]
			},
			"Shijiu05_dj_008_": {
				"attachment": [
					{ "time": 0, "name": null },
					{ "time": 0.6333, "name": null },
					{ "time": 0.6666, "name": "Shijiu05_dj_008_" },
					{ "time": 0.7, "name": "Shijiu05_dj_008_" },
					{ "time": 0.7333, "name": null }
				]
			},
			"Shijiu05_dj_009_": {
				"attachment": [
					{ "time": 0, "name": null },
					{ "time": 0.7, "name": null },
					{ "time": 0.7333, "name": "Shijiu05_dj_009_" },
					{ "time": 0.8, "name": "Shijiu05_dj_009_" },
					{ "time": 0.8333, "name": null }
				]
			},
			"Shijiu05_dj_010_": {
				"attachment": [
					{ "time": 0, "name": null },
					{ "time": 0.8, "name": null },
					{ "time": 0.8333, "name": "Shijiu05_dj_010_" },
					{ "time": 0.8666, "name": "Shijiu05_dj_010_" },
					{ "time": 0.9, "name": null }
				]
			},
			"Shijiu05_dj_011_": {
				"attachment": [
					{ "time": 0, "name": null },
					{ "time": 0.8666, "name": null },
					{ "time": 0.9, "name": "Shijiu05_dj_011_" },
					{ "time": 0.9666, "name": "Shijiu05_dj_011_" },
					{ "time": 1, "name": null }
				]
			}
		}
	},
	"gj": {
		"slots": {
			"Shijiu05_gj_000_": {
				"attachment": [
					{ "time": 0, "name": "Shijiu05_gj_000_" },
					{ "time": 0.0333, "name": "Shijiu05_gj_000_" },
					{ "time": 0.0666, "name": null }
				]
			},
			"Shijiu05_gj_001_": {
				"attachment": [
					{ "time": 0, "name": null },
					{ "time": 0.0333, "name": null },
					{ "time": 0.0666, "name": "Shijiu05_gj_001_" },
					{ "time": 0.1, "name": "Shijiu05_gj_001_" },
					{ "time": 0.1333, "name": null }
				]
			},
			"Shijiu05_gj_002_": {
				"attachment": [
					{ "time": 0, "name": null },
					{ "time": 0.1, "name": null },
					{ "time": 0.1333, "name": "Shijiu05_gj_002_" },
					{ "time": 0.1666, "name": "Shijiu05_gj_002_" },
					{ "time": 0.2, "name": null }
				]
			},
			"Shijiu05_gj_003_": {
				"attachment": [
					{ "time": 0, "name": null },
					{ "time": 0.1666, "name": null },
					{ "time": 0.2, "name": "Shijiu05_gj_003_" },
					{ "time": 0.2333, "name": "Shijiu05_gj_003_" },
					{ "time": 0.2666, "name": null }
				]
			},
			"Shijiu05_gj_004_": {
				"attachment": [
					{ "time": 0, "name": null },
					{ "time": 0.2333, "name": null },
					{ "time": 0.2666, "name": "Shijiu05_gj_004_" },
					{ "time": 0.3, "name": "Shijiu05_gj_004_" },
					{ "time": 0.3333, "name": null }
				]
			},
			"Shijiu05_gj_005_": {
				"attachment": [
					{ "time": 0, "name": null },
					{ "time": 0.3, "name": null },
					{ "time": 0.3333, "name": "Shijiu05_gj_005_" },
					{ "time": 0.3666, "name": "Shijiu05_gj_005_" },
					{ "time": 0.4, "name": null }
				]
			},
			"Shijiu05_gj_006_": {
				"attachment": [
					{ "time": 0, "name": null },
					{ "time": 0.3666, "name": null },
					{ "time": 0.4, "name": "Shijiu05_gj_006_" },
					{ "time": 0.4333, "name": "Shijiu05_gj_006_" },
					{ "time": 0.4666, "name": null }
				]
			},
			"Shijiu05_gj_007_": {
				"attachment": [
					{ "time": 0, "name": null },
					{ "time": 0.4333, "name": null },
					{ "time": 0.4666, "name": "Shijiu05_gj_007_" },
					{ "time": 0.5, "name": "Shijiu05_gj_007_" },
					{ "time": 0.5333, "name": null }
				]
			},
			"Shijiu05_gj_008_": {
				"attachment": [
					{ "time": 0, "name": null },
					{ "time": 0.5, "name": null },
					{ "time": 0.5333, "name": "Shijiu05_gj_008_" },
					{ "time": 0.5666, "name": "Shijiu05_gj_008_" },
					{ "time": 0.6, "name": null }
				]
			},
			"Shijiu05_gj_009_": {
				"attachment": [
					{ "time": 0, "name": null },
					{ "time": 0.5666, "name": null },
					{ "time": 0.6, "name": "Shijiu05_gj_009_" },
					{ "time": 0.6333, "name": "Shijiu05_gj_009_" },
					{ "time": 0.6666, "name": null }
				]
			},
			"Shijiu05_gj_010_": {
				"attachment": [
					{ "time": 0, "name": null },
					{ "time": 0.6333, "name": null },
					{ "time": 0.6666, "name": "Shijiu05_gj_010_" },
					{ "time": 0.7, "name": "Shijiu05_gj_010_" },
					{ "time": 0.7333, "name": null }
				]
			},
			"Shijiu05_gj_011_": {
				"attachment": [
					{ "time": 0, "name": null },
					{ "time": 0.7, "name": null },
					{ "time": 0.7333, "name": "Shijiu05_gj_011_" },
					{ "time": 0.7666, "name": "Shijiu05_gj_011_" },
					{ "time": 0.8, "name": null }
				]
			},
			"Shijiu05_gj_012_": {
				"attachment": [
					{ "time": 0, "name": null },
					{ "time": 0.7666, "name": null },
					{ "time": 0.8, "name": "Shijiu05_gj_012_" },
					{ "time": 0.8333, "name": "Shijiu05_gj_012_" },
					{ "time": 0.8666, "name": null }
				]
			},
			"Shijiu05_gj_013_": {
				"attachment": [
					{ "time": 0, "name": null },
					{ "time": 0.8333, "name": null },
					{ "time": 0.8666, "name": "Shijiu05_gj_013_" },
					{ "time": 0.9, "name": "Shijiu05_gj_013_" },
					{ "time": 0.9333, "name": null }
				]
			},
			"Shijiu05_gj_014_": {
				"attachment": [
					{ "time": 0, "name": null },
					{ "time": 0.9, "name": null },
					{ "time": 0.9333, "name": "Shijiu05_gj_014_" },
					{ "time": 0.9666, "name": "Shijiu05_gj_014_" },
					{ "time": 1, "name": null }
				]
			},
			"Shijiu05_gj_015_": {
				"attachment": [
					{ "time": 0, "name": null },
					{ "time": 0.9666, "name": null },
					{ "time": 1, "name": "Shijiu05_gj_015_" },
					{ "time": 1.0333, "name": "Shijiu05_gj_015_" },
					{ "time": 1.0666, "name": null }
				]
			},
			"Shijiu05_gj_016_": {
				"attachment": [
					{ "time": 0, "name": null },
					{ "time": 1.0333, "name": null },
					{ "time": 1.0666, "name": "Shijiu05_gj_016_" },
					{ "time": 1.1, "name": "Shijiu05_gj_016_" },
					{ "time": 1.1333, "name": null }
				]
			},
			"Shijiu05_gj_017_": {
				"attachment": [
					{ "time": 0, "name": null },
					{ "time": 1.1, "name": null },
					{ "time": 1.1333, "name": "Shijiu05_gj_017_" },
					{ "time": 1.1666, "name": "Shijiu05_gj_017_" },
					{ "time": 1.2, "name": null }
				]
			},
			"Shijiu05_gj_018_": {
				"attachment": [
					{ "time": 0, "name": null },
					{ "time": 1.1666, "name": null },
					{ "time": 1.2, "name": "Shijiu05_gj_018_" },
					{ "time": 1.2333, "name": "Shijiu05_gj_018_" },
					{ "time": 1.2666, "name": null }
				]
			},
			"Shijiu05_gj_019_": {
				"attachment": [
					{ "time": 0, "name": null },
					{ "time": 1.2333, "name": null },
					{ "time": 1.2666, "name": "Shijiu05_gj_019_" },
					{ "time": 1.3, "name": "Shijiu05_gj_019_" },
					{ "time": 1.3333, "name": null }
				]
			},
			"Shijiu05_gj_020_": {
				"attachment": [
					{ "time": 0, "name": null },
					{ "time": 1.3, "name": null },
					{ "time": 1.3333, "name": "Shijiu05_gj_020_" },
					{ "time": 1.3666, "name": "Shijiu05_gj_020_" },
					{ "time": 1.4, "name": null }
				]
			},
			"Shijiu05_gj_021_": {
				"attachment": [
					{ "time": 0, "name": null },
					{ "time": 1.3666, "name": null },
					{ "time": 1.4, "name": "Shijiu05_gj_021_" },
					{ "time": 1.4333, "name": "Shijiu05_gj_021_" },
					{ "time": 1.4666, "name": null }
				]
			},
			"Shijiu05_gj_022_": {
				"attachment": [
					{ "time": 0, "name": null },
					{ "time": 1.4333, "name": null },
					{ "time": 1.4666, "name": "Shijiu05_gj_022_" },
					{ "time": 1.5, "name": "Shijiu05_gj_022_" },
					{ "time": 1.5333, "name": null }
				]
			},
			"Shijiu05_gj_023_": {
				"attachment": [
					{ "time": 0, "name": null },
					{ "time": 1.5, "name": null },
					{ "time": 1.5333, "name": "Shijiu05_gj_023_" },
					{ "time": 1.5666, "name": "Shijiu05_gj_023_" },
					{ "time": 1.6, "name": null }
				]
			},
			"Shijiu05_gj_024_": {
				"attachment": [
					{ "time": 0, "name": null },
					{ "time": 1.5666, "name": null },
					{ "time": 1.6, "name": "Shijiu05_gj_024_" },
					{ "time": 1.6333, "name": "Shijiu05_gj_024_" },
					{ "time": 1.6666, "name": null }
				]
			},
			"Shijiu05_gj_025_": {
				"attachment": [
					{ "time": 0, "name": null },
					{ "time": 1.6333, "name": null },
					{ "time": 1.6666, "name": "Shijiu05_gj_025_" },
					{ "time": 1.7, "name": "Shijiu05_gj_025_" },
					{ "time": 1.7333, "name": null }
				]
			}
		}
	},
	"walk": {
		"slots": {
			"Shijiu05_xz_000_": {
				"attachment": [
					{ "time": 0, "name": "Shijiu05_xz_000_" },
					{ "time": 0.0666, "name": "Shijiu05_xz_000_" },
					{ "time": 0.1, "name": null }
				]
			},
			"Shijiu05_xz_001_": {
				"attachment": [
					{ "time": 0, "name": null },
					{ "time": 0.0666, "name": null },
					{ "time": 0.1, "name": "Shijiu05_xz_001_" },
					{ "time": 0.1666, "name": "Shijiu05_xz_001_" },
					{ "time": 0.2333, "name": null }
				]
			},
			"Shijiu05_xz_002_": {
				"attachment": [
					{ "time": 0, "name": null },
					{ "time": 0.1666, "name": null },
					{ "time": 0.2333, "name": "Shijiu05_xz_002_" },
					{ "time": 0.2666, "name": "Shijiu05_xz_002_" },
					{ "time": 0.3333, "name": null }
				]
			},
			"Shijiu05_xz_003_": {
				"attachment": [
					{ "time": 0, "name": null },
					{ "time": 0.2666, "name": null },
					{ "time": 0.3333, "name": "Shijiu05_xz_003_" },
					{ "time": 0.4, "name": "Shijiu05_xz_003_" },
					{ "time": 0.4333, "name": null }
				]
			},
			"Shijiu05_xz_004_": {
				"attachment": [
					{ "time": 0, "name": null },
					{ "time": 0.4, "name": null },
					{ "time": 0.4333, "name": "Shijiu05_xz_004_" },
					{ "time": 0.5, "name": "Shijiu05_xz_004_" },
					{ "time": 0.5666, "name": null }
				]
			},
			"Shijiu05_xz_005_": {
				"attachment": [
					{ "time": 0, "name": null },
					{ "time": 0.5, "name": null },
					{ "time": 0.5666, "name": "Shijiu05_xz_005_" },
					{ "time": 0.6, "name": "Shijiu05_xz_005_" },
					{ "time": 0.6666, "name": null }
				]
			},
			"Shijiu05_xz_006_": {
				"attachment": [
					{ "time": 0, "name": null },
					{ "time": 0.6, "name": null },
					{ "time": 0.6666, "name": "Shijiu05_xz_006_" },
					{ "time": 0.7, "name": "Shijiu05_xz_006_" },
					{ "time": 0.7666, "name": null }
				]
			},
			"Shijiu05_xz_007_": {
				"attachment": [
					{ "time": 0, "name": null },
					{ "time": 0.7, "name": null },
					{ "time": 0.7666, "name": "Shijiu05_xz_007_" },
					{ "time": 0.8333, "name": "Shijiu05_xz_007_" },
					{ "time": 0.8666, "name": null }
				]
			},
			"Shijiu05_xz_008_": {
				"attachment": [
					{ "time": 0, "name": null },
					{ "time": 0.8333, "name": null },
					{ "time": 0.8666, "name": "Shijiu05_xz_008_" },
					{ "time": 0.9333, "name": "Shijiu05_xz_008_" },
					{ "time": 1, "name": null }
				]
			}
		}
	}
}
}