{
"skeleton": { "hash": "3P1ngDlufQG0rY0Nb3j1/KJnn8Q", "spine": "2.1.27", "width": 127.5, "height": 85 },
"bones": [
	{ "name": "root" }
],
"slots": [
	{ "name": "root", "bone": "root", "attachment": "yz_0_" },
	{ "name": "Shijiu03_gj_025_", "bone": "root" },
	{ "name": "Shijiu03_gj_024_", "bone": "root" },
	{ "name": "Shijiu03_gj_023_", "bone": "root" },
	{ "name": "Shijiu03_gj_022_", "bone": "root" },
	{ "name": "Shijiu03_gj_021_", "bone": "root" },
	{ "name": "Shijiu03_gj_020_", "bone": "root" },
	{ "name": "Shijiu03_gj_019_", "bone": "root" },
	{ "name": "Shijiu03_gj_018_", "bone": "root" },
	{ "name": "Shijiu03_gj_017_", "bone": "root" },
	{ "name": "Shijiu03_gj_016_", "bone": "root" },
	{ "name": "Shijiu03_gj_015_", "bone": "root" },
	{ "name": "Shijiu03_gj_014_", "bone": "root" },
	{ "name": "Shijiu03_gj_013_", "bone": "root" },
	{ "name": "Shijiu03_gj_012_", "bone": "root" },
	{ "name": "Shijiu03_gj_011_", "bone": "root" },
	{ "name": "Shijiu03_gj_010_", "bone": "root" },
	{ "name": "Shijiu03_gj_009_", "bone": "root" },
	{ "name": "Shijiu03_gj_008_", "bone": "root" },
	{ "name": "Shijiu03_gj_007_", "bone": "root" },
	{ "name": "Shijiu03_gj_006_", "bone": "root" },
	{ "name": "Shijiu03_gj_005_", "bone": "root" },
	{ "name": "Shijiu03_gj_004_", "bone": "root" },
	{ "name": "Shijiu03_gj_003_", "bone": "root" },
	{ "name": "Shijiu03_gj_002_", "bone": "root" },
	{ "name": "Shijiu03_gj_001_", "bone": "root" },
	{ "name": "Shijiu03_gj_000_", "bone": "root" },
	{ "name": "Shijiu03_dj_011_", "bone": "root" },
	{ "name": "Shijiu03_dj_010_", "bone": "root" },
	{ "name": "Shijiu03_dj_009_", "bone": "root" },
	{ "name": "Shijiu03_dj_008_", "bone": "root" },
	{ "name": "Shijiu03_dj_007_", "bone": "root" },
	{ "name": "Shijiu03_dj_006_", "bone": "root" },
	{ "name": "Shijiu03_dj_005_", "bone": "root" },
	{ "name": "Shijiu03_dj_004_", "bone": "root" },
	{ "name": "Shijiu03_dj_003_", "bone": "root" },
	{ "name": "Shijiu03_dj_002_", "bone": "root" },
	{ "name": "Shijiu03_dj_001_", "bone": "root" },
	{ "name": "Shijiu03_dj_000_", "bone": "root" },
	{ "name": "Shijiu03_xz_008_", "bone": "root" },
	{ "name": "Shijiu03_xz_007_", "bone": "root" },
	{ "name": "Shijiu03_xz_006_", "bone": "root" },
	{ "name": "Shijiu03_xz_005_", "bone": "root" },
	{ "name": "Shijiu03_xz_004_", "bone": "root" },
	{ "name": "Shijiu03_xz_003_", "bone": "root" },
	{ "name": "Shijiu03_xz_002_", "bone": "root" },
	{ "name": "Shijiu03_xz_001_", "bone": "root" },
	{ "name": "Shijiu03_xz_000_", "bone": "root" }
],
"skins": {
	"default": {
		"Shijiu03_dj_000_": {
			"Shijiu03_dj_000_": { "x": -8.49, "y": 185.44, "width": 173, "height": 145 }
		},
		"Shijiu03_dj_001_": {
			"Shijiu03_dj_001_": { "x": -9.99, "y": 184.94, "width": 164, "height": 142 }
		},
		"Shijiu03_dj_002_": {
			"Shijiu03_dj_002_": { "x": -2.99, "y": 162.44, "width": 196, "height": 111 }
		},
		"Shijiu03_dj_003_": {
			"Shijiu03_dj_003_": { "x": 4.5, "y": 123.94, "width": 197, "height": 94 }
		},
		"Shijiu03_dj_004_": {
			"Shijiu03_dj_004_": { "x": 12, "y": 109.94, "width": 174, "height": 128 }
		},
		"Shijiu03_dj_005_": {
			"Shijiu03_dj_005_": { "x": 16.5, "y": 101.44, "width": 143, "height": 151 }
		},
		"Shijiu03_dj_006_": {
			"Shijiu03_dj_006_": { "x": 9.5, "y": 100.44, "width": 129, "height": 155 }
		},
		"Shijiu03_dj_007_": {
			"Shijiu03_dj_007_": { "x": 4, "y": 105.94, "width": 122, "height": 148 }
		},
		"Shijiu03_dj_008_": {
			"Shijiu03_dj_008_": { "x": 8.5, "y": 111.94, "width": 157, "height": 134 }
		},
		"Shijiu03_dj_009_": {
			"Shijiu03_dj_009_": { "x": 3.5, "y": 129.94, "width": 189, "height": 120 }
		},
		"Shijiu03_dj_010_": {
			"Shijiu03_dj_010_": { "x": -1.49, "y": 151.94, "width": 207, "height": 108 }
		},
		"Shijiu03_dj_011_": {
			"Shijiu03_dj_011_": { "x": -3.99, "y": 174.94, "width": 204, "height": 118 }
		},
		"Shijiu03_gj_000_": {
			"Shijiu03_gj_000_": { "y": 184.94, "width": 152, "height": 162 }
		},
		"Shijiu03_gj_001_": {
			"Shijiu03_gj_001_": { "x": -7.49, "y": 188.94, "width": 153, "height": 160 }
		},
		"Shijiu03_gj_002_": {
			"Shijiu03_gj_002_": { "x": -8.49, "y": 172.44, "width": 191, "height": 111 }
		},
		"Shijiu03_gj_003_": {
			"Shijiu03_gj_003_": { "x": 0.5, "y": 137.44, "width": 187, "height": 97 }
		},
		"Shijiu03_gj_004_": {
			"Shijiu03_gj_004_": { "x": 6, "y": 124.94, "width": 158, "height": 132 }
		},
		"Shijiu03_gj_005_": {
			"Shijiu03_gj_005_": { "x": 4, "y": 120.94, "width": 128, "height": 146 }
		},
		"Shijiu03_gj_006_": {
			"Shijiu03_gj_006_": { "x": -4.99, "y": 131.44, "width": 124, "height": 137 }
		},
		"Shijiu03_gj_007_": {
			"Shijiu03_gj_007_": { "x": -1.99, "y": 154.94, "width": 158, "height": 130 }
		},
		"Shijiu03_gj_008_": {
			"Shijiu03_gj_008_": { "x": -7.49, "y": 173.94, "width": 189, "height": 120 }
		},
		"Shijiu03_gj_009_": {
			"Shijiu03_gj_009_": { "x": -9.99, "y": 195.44, "width": 198, "height": 111 }
		},
		"Shijiu03_gj_010_": {
			"Shijiu03_gj_010_": { "x": -8.49, "y": 216.44, "width": 195, "height": 121 }
		},
		"Shijiu03_gj_011_": {
			"Shijiu03_gj_011_": { "x": -2.99, "y": 228.94, "width": 182, "height": 138 }
		},
		"Shijiu03_gj_012_": {
			"Shijiu03_gj_012_": { "x": 7, "y": 229.94, "width": 160, "height": 144 }
		},
		"Shijiu03_gj_013_": {
			"Shijiu03_gj_013_": { "x": 22, "y": 203.44, "width": 152, "height": 129 }
		},
		"Shijiu03_gj_014_": {
			"Shijiu03_gj_014_": { "x": 39.5, "y": 124.94, "width": 171, "height": 132 }
		},
		"Shijiu03_gj_015_": {
			"Shijiu03_gj_015_": { "x": 42.5, "y": 96.44, "width": 151, "height": 163 }
		},
		"Shijiu03_gj_016_": {
			"Shijiu03_gj_016_": { "x": 55.5, "y": 70.44, "width": 135, "height": 167 }
		},
		"Shijiu03_gj_017_": {
			"Shijiu03_gj_017_": { "x": 61.5, "y": 65.44, "width": 149, "height": 153 }
		},
		"Shijiu03_gj_018_": {
			"Shijiu03_gj_018_": { "x": 52.5, "y": 68.44, "width": 167, "height": 125 }
		},
		"Shijiu03_gj_019_": {
			"Shijiu03_gj_019_": { "x": 42, "y": 100.94, "width": 174, "height": 144 }
		},
		"Shijiu03_gj_020_": {
			"Shijiu03_gj_020_": { "x": 33.5, "y": 126.94, "width": 177, "height": 150 }
		},
		"Shijiu03_gj_021_": {
			"Shijiu03_gj_021_": { "x": 22, "y": 147.94, "width": 186, "height": 142 }
		},
		"Shijiu03_gj_022_": {
			"Shijiu03_gj_022_": { "x": 16.5, "y": 159.44, "width": 183, "height": 145 }
		},
		"Shijiu03_gj_023_": {
			"Shijiu03_gj_023_": { "x": 13, "y": 166.94, "width": 174, "height": 152 }
		},
		"Shijiu03_gj_024_": {
			"Shijiu03_gj_024_": { "x": 10, "y": 176.44, "width": 164, "height": 157 }
		},
		"Shijiu03_gj_025_": {
			"Shijiu03_gj_025_": { "x": 4, "y": 183.44, "width": 154, "height": 159 }
		},
		"Shijiu03_xz_000_": {
			"Shijiu03_xz_000_": { "x": -16.49, "y": 188.44, "width": 131, "height": 157 }
		},
		"Shijiu03_xz_001_": {
			"Shijiu03_xz_001_": { "x": -20.49, "y": 194.44, "width": 119, "height": 167 }
		},
		"Shijiu03_xz_002_": {
			"Shijiu03_xz_002_": { "x": -8.99, "y": 162.94, "width": 138, "height": 136 }
		},
		"Shijiu03_xz_003_": {
			"Shijiu03_xz_003_": { "x": -14.99, "y": 116.94, "width": 120, "height": 122 }
		},
		"Shijiu03_xz_004_": {
			"Shijiu03_xz_004_": { "x": -21.99, "y": 104.44, "width": 102, "height": 145 }
		},
		"Shijiu03_xz_005_": {
			"Shijiu03_xz_005_": { "x": -24.49, "y": 103.44, "width": 103, "height": 151 }
		},
		"Shijiu03_xz_006_": {
			"Shijiu03_xz_006_": { "x": -23.99, "y": 117.94, "width": 118, "height": 142 }
		},
		"Shijiu03_xz_007_": {
			"Shijiu03_xz_007_": { "x": -22.99, "y": 142.44, "width": 130, "height": 131 }
		},
		"Shijiu03_xz_008_": {
			"Shijiu03_xz_008_": { "x": -17.99, "y": 177.94, "width": 136, "height": 132 }
		},
		"root": {
			"yz_0_": { "scaleX": 1.5, "width": 85, "height": 85 }
		}
	}
},
"animations": {
	"dj": {
		"slots": {
			"Shijiu03_dj_000_": {
				"attachment": [
					{ "time": 0, "name": "Shijiu03_dj_000_" },
					{ "time": 0.0333, "name": "Shijiu03_dj_000_" },
					{ "time": 0.0666, "name": null }
				]
			},
			"Shijiu03_dj_001_": {
				"attachment": [
					{ "time": 0, "name": null },
					{ "time": 0.0333, "name": null },
					{ "time": 0.0666, "name": "Shijiu03_dj_001_" },
					{ "time": 0.1333, "name": "Shijiu03_dj_001_" },
					{ "time": 0.1666, "name": null }
				]
			},
			"Shijiu03_dj_002_": {
				"attachment": [
					{ "time": 0, "name": null },
					{ "time": 0.1333, "name": null },
					{ "time": 0.1666, "name": "Shijiu03_dj_002_" },
					{ "time": 0.2, "name": "Shijiu03_dj_002_" },
					{ "time": 0.2333, "name": null }
				]
			},
			"Shijiu03_dj_003_": {
				"attachment": [
					{ "time": 0, "name": null },
					{ "time": 0.2, "name": null },
					{ "time": 0.2333, "name": "Shijiu03_dj_003_" },
					{ "time": 0.3, "name": "Shijiu03_dj_003_" },
					{ "time": 0.3333, "name": null }
				]
			},
			"Shijiu03_dj_004_": {
				"attachment": [
					{ "time": 0, "name": null },
					{ "time": 0.3, "name": null },
					{ "time": 0.3333, "name": "Shijiu03_dj_004_" },
					{ "time": 0.3666, "name": "Shijiu03_dj_004_" },
					{ "time": 0.4, "name": null }
				]
			},
			"Shijiu03_dj_005_": {
				"attachment": [
					{ "time": 0, "name": null },
					{ "time": 0.3666, "name": null },
					{ "time": 0.4, "name": "Shijiu03_dj_005_" },
					{ "time": 0.4666, "name": "Shijiu03_dj_005_" },
					{ "time": 0.5, "name": null }
				]
			},
			"Shijiu03_dj_006_": {
				"attachment": [
					{ "time": 0, "name": null },
					{ "time": 0.4666, "name": null },
					{ "time": 0.5, "name": "Shijiu03_dj_006_" },
					{ "time": 0.5333, "name": "Shijiu03_dj_006_" },
					{ "time": 0.5666, "name": null }
				]
			},
			"Shijiu03_dj_007_": {
				"attachment": [
					{ "time": 0, "name": null },
					{ "time": 0.5333, "name": null },
					{ "time": 0.5666, "name": "Shijiu03_dj_007_" },
					{ "time": 0.6, "name": "Shijiu03_dj_007_" },
					{ "time": 0.6666, "name": null }
				]
			},
			"Shijiu03_dj_008_": {
				"attachment": [
					{ "time": 0, "name": null },
					{ "time": 0.6, "name": null },
					{ "time": 0.6666, "name": "Shijiu03_dj_008_" },
					{ "time": 0.7, "name": "Shijiu03_dj_008_" },
					{ "time": 0.7333, "name": null }
				]
			},
			"Shijiu03_dj_009_": {
				"attachment": [
					{ "time": 0, "name": null },
					{ "time": 0.7, "name": null },
					{ "time": 0.7333, "name": "Shijiu03_dj_009_" },
					{ "time": 0.7666, "name": "Shijiu03_dj_009_" },
					{ "time": 0.8333, "name": null }
				]
			},
			"Shijiu03_dj_010_": {
				"attachment": [
					{ "time": 0, "name": null },
					{ "time": 0.7666, "name": null },
					{ "time": 0.8333, "name": "Shijiu03_dj_010_" },
					{ "time": 0.8666, "name": "Shijiu03_dj_010_" },
					{ "time": 0.9, "name": null }
				]
			},
			"Shijiu03_dj_011_": {
				"attachment": [
					{ "time": 0, "name": null },
					{ "time": 0.8666, "name": null },
					{ "time": 0.9, "name": "Shijiu03_dj_011_" },
					{ "time": 0.9333, "name": "Shijiu03_dj_011_" },
					{ "time": 1, "name": null }
				]
			}
		}
	},
	"gj": {
		"slots": {
			"Shijiu03_gj_000_": {
				"attachment": [
					{ "time": 0, "name": "Shijiu03_gj_000_" },
					{ "time": 0.0333, "name": "Shijiu03_gj_000_" },
					{ "time": 0.0666, "name": null }
				]
			},
			"Shijiu03_gj_001_": {
				"attachment": [
					{ "time": 0, "name": null },
					{ "time": 0.0333, "name": null },
					{ "time": 0.0666, "name": "Shijiu03_gj_001_" },
					{ "time": 0.1, "name": "Shijiu03_gj_001_" },
					{ "time": 0.1333, "name": null }
				]
			},
			"Shijiu03_gj_002_": {
				"attachment": [
					{ "time": 0, "name": null },
					{ "time": 0.1, "name": null },
					{ "time": 0.1333, "name": "Shijiu03_gj_002_" },
					{ "time": 0.1666, "name": "Shijiu03_gj_002_" },
					{ "time": 0.2, "name": null }
				]
			},
			"Shijiu03_gj_003_": {
				"attachment": [
					{ "time": 0, "name": null },
					{ "time": 0.1666, "name": null },
					{ "time": 0.2, "name": "Shijiu03_gj_003_" },
					{ "time": 0.2333, "name": "Shijiu03_gj_003_" },
					{ "time": 0.2666, "name": null }
				]
			},
			"Shijiu03_gj_004_": {
				"attachment": [
					{ "time": 0, "name": null },
					{ "time": 0.2333, "name": null },
					{ "time": 0.2666, "name": "Shijiu03_gj_004_" },
					{ "time": 0.3, "name": "Shijiu03_gj_004_" },
					{ "time": 0.3333, "name": null }
				]
			},
			"Shijiu03_gj_005_": {
				"attachment": [
					{ "time": 0, "name": null },
					{ "time": 0.3, "name": null },
					{ "time": 0.3333, "name": "Shijiu03_gj_005_" },
					{ "time": 0.3666, "name": "Shijiu03_gj_005_" },
					{ "time": 0.4, "name": null }
				]
			},
			"Shijiu03_gj_006_": {
				"attachment": [
					{ "time": 0, "name": null },
					{ "time": 0.3666, "name": null },
					{ "time": 0.4, "name": "Shijiu03_gj_006_" },
					{ "time": 0.4333, "name": "Shijiu03_gj_006_" },
					{ "time": 0.4666, "name": null }
				]
			},
			"Shijiu03_gj_007_": {
				"attachment": [
					{ "time": 0, "name": null },
					{ "time": 0.4333, "name": null },
					{ "time": 0.4666, "name": "Shijiu03_gj_007_" },
					{ "time": 0.5, "name": "Shijiu03_gj_007_" },
					{ "time": 0.5333, "name": null }
				]
			},
			"Shijiu03_gj_008_": {
				"attachment": [
					{ "time": 0, "name": null },
					{ "time": 0.5, "name": null },
					{ "time": 0.5333, "name": "Shijiu03_gj_008_" },
					{ "time": 0.5666, "name": "Shijiu03_gj_008_" },
					{ "time": 0.6, "name": null }
				]
			},
			"Shijiu03_gj_009_": {
				"attachment": [
					{ "time": 0, "name": null },
					{ "time": 0.5666, "name": null },
					{ "time": 0.6, "name": "Shijiu03_gj_009_" },
					{ "time": 0.6333, "name": "Shijiu03_gj_009_" },
					{ "time": 0.6666, "name": null }
				]
			},
			"Shijiu03_gj_010_": {
				"attachment": [
					{ "time": 0, "name": null },
					{ "time": 0.6333, "name": null },
					{ "time": 0.6666, "name": "Shijiu03_gj_010_" },
					{ "time": 0.7, "name": "Shijiu03_gj_010_" },
					{ "time": 0.7333, "name": null }
				]
			},
			"Shijiu03_gj_011_": {
				"attachment": [
					{ "time": 0, "name": null },
					{ "time": 0.7, "name": null },
					{ "time": 0.7333, "name": "Shijiu03_gj_011_" },
					{ "time": 0.7666, "name": "Shijiu03_gj_011_" },
					{ "time": 0.8, "name": null }
				]
			},
			"Shijiu03_gj_012_": {
				"attachment": [
					{ "time": 0, "name": null },
					{ "time": 0.7666, "name": null },
					{ "time": 0.8, "name": "Shijiu03_gj_012_" },
					{ "time": 0.8333, "name": "Shijiu03_gj_012_" },
					{ "time": 0.8666, "name": null }
				]
			},
			"Shijiu03_gj_013_": {
				"attachment": [
					{ "time": 0, "name": null },
					{ "time": 0.8333, "name": null },
					{ "time": 0.8666, "name": "Shijiu03_gj_013_" },
					{ "time": 0.9, "name": "Shijiu03_gj_013_" },
					{ "time": 0.9333, "name": null }
				]
			},
			"Shijiu03_gj_014_": {
				"attachment": [
					{ "time": 0, "name": null },
					{ "time": 0.9, "name": null },
					{ "time": 0.9333, "name": "Shijiu03_gj_014_" },
					{ "time": 0.9666, "name": "Shijiu03_gj_014_" },
					{ "time": 1, "name": null }
				]
			},
			"Shijiu03_gj_015_": {
				"attachment": [
					{ "time": 0, "name": null },
					{ "time": 0.9666, "name": null },
					{ "time": 1, "name": "Shijiu03_gj_015_" },
					{ "time": 1.0333, "name": "Shijiu03_gj_015_" },
					{ "time": 1.0666, "name": null }
				]
			},
			"Shijiu03_gj_016_": {
				"attachment": [
					{ "time": 0, "name": null },
					{ "time": 1.0333, "name": null },
					{ "time": 1.0666, "name": "Shijiu03_gj_016_" },
					{ "time": 1.1, "name": "Shijiu03_gj_016_" },
					{ "time": 1.1333, "name": null }
				]
			},
			"Shijiu03_gj_017_": {
				"attachment": [
					{ "time": 0, "name": null },
					{ "time": 1.1, "name": null },
					{ "time": 1.1333, "name": "Shijiu03_gj_017_" },
					{ "time": 1.1666, "name": "Shijiu03_gj_017_" },
					{ "time": 1.2, "name": null }
				]
			},
			"Shijiu03_gj_018_": {
				"attachment": [
					{ "time": 0, "name": null },
					{ "time": 1.1666, "name": null },
					{ "time": 1.2, "name": "Shijiu03_gj_018_" },
					{ "time": 1.2333, "name": "Shijiu03_gj_018_" },
					{ "time": 1.2666, "name": null }
				]
			},
			"Shijiu03_gj_019_": {
				"attachment": [
					{ "time": 0, "name": null },
					{ "time": 1.2333, "name": null },
					{ "time": 1.2666, "name": "Shijiu03_gj_019_" },
					{ "time": 1.3, "name": "Shijiu03_gj_019_" },
					{ "time": 1.3333, "name": null }
				]
			},
			"Shijiu03_gj_020_": {
				"attachment": [
					{ "time": 0, "name": null },
					{ "time": 1.3, "name": null },
					{ "time": 1.3333, "name": "Shijiu03_gj_020_" },
					{ "time": 1.3666, "name": "Shijiu03_gj_020_" },
					{ "time": 1.4, "name": null }
				]
			},
			"Shijiu03_gj_021_": {
				"attachment": [
					{ "time": 0, "name": null },
					{ "time": 1.3666, "name": null },
					{ "time": 1.4, "name": "Shijiu03_gj_021_" },
					{ "time": 1.4333, "name": "Shijiu03_gj_021_" },
					{ "time": 1.4666, "name": null }
				]
			},
			"Shijiu03_gj_022_": {
				"attachment": [
					{ "time": 0, "name": null },
					{ "time": 1.4333, "name": null },
					{ "time": 1.4666, "name": "Shijiu03_gj_022_" },
					{ "time": 1.5, "name": "Shijiu03_gj_022_" },
					{ "time": 1.5333, "name": null }
				]
			},
			"Shijiu03_gj_023_": {
				"attachment": [
					{ "time": 0, "name": null },
					{ "time": 1.5, "name": null },
					{ "time": 1.5333, "name": "Shijiu03_gj_023_" },
					{ "time": 1.5666, "name": "Shijiu03_gj_023_" },
					{ "time": 1.6, "name": null }
				]
			},
			"Shijiu03_gj_024_": {
				"attachment": [
					{ "time": 0, "name": null },
					{ "time": 1.5666, "name": null },
					{ "time": 1.6, "name": "Shijiu03_gj_024_" },
					{ "time": 1.6333, "name": "Shijiu03_gj_024_" },
					{ "time": 1.6666, "name": null }
				]
			},
			"Shijiu03_gj_025_": {
				"attachment": [
					{ "time": 0, "name": null },
					{ "time": 1.6333, "name": null },
					{ "time": 1.6666, "name": "Shijiu03_gj_025_" },
					{ "time": 1.7, "name": "Shijiu03_gj_025_" },
					{ "time": 1.7333, "name": null }
				]
			}
		}
	},
	"walk": {
		"slots": {
			"Shijiu03_xz_000_": {
				"attachment": [
					{ "time": 0, "name": "Shijiu03_xz_000_" },
					{ "time": 0.0666, "name": "Shijiu03_xz_000_" },
					{ "time": 0.1, "name": null }
				]
			},
			"Shijiu03_xz_001_": {
				"attachment": [
					{ "time": 0, "name": null },
					{ "time": 0.0666, "name": null },
					{ "time": 0.1, "name": "Shijiu03_xz_001_" },
					{ "time": 0.1666, "name": "Shijiu03_xz_001_" },
					{ "time": 0.2333, "name": null }
				]
			},
			"Shijiu03_xz_002_": {
				"attachment": [
					{ "time": 0, "name": null },
					{ "time": 0.1666, "name": null },
					{ "time": 0.2333, "name": "Shijiu03_xz_002_" },
					{ "time": 0.2666, "name": "Shijiu03_xz_002_" },
					{ "time": 0.3333, "name": null }
				]
			},
			"Shijiu03_xz_003_": {
				"attachment": [
					{ "time": 0, "name": null },
					{ "time": 0.2666, "name": null },
					{ "time": 0.3333, "name": "Shijiu03_xz_003_" },
					{ "time": 0.4, "name": "Shijiu03_xz_003_" },
					{ "time": 0.4333, "name": null }
				]
			},
			"Shijiu03_xz_004_": {
				"attachment": [
					{ "time": 0, "name": null },
					{ "time": 0.4, "name": null },
					{ "time": 0.4333, "name": "Shijiu03_xz_004_" },
					{ "time": 0.5, "name": "Shijiu03_xz_004_" },
					{ "time": 0.5666, "name": null }
				]
			},
			"Shijiu03_xz_005_": {
				"attachment": [
					{ "time": 0, "name": null },
					{ "time": 0.5, "name": null },
					{ "time": 0.5666, "name": "Shijiu03_xz_005_" },
					{ "time": 0.6, "name": "Shijiu03_xz_005_" },
					{ "time": 0.6666, "name": null }
				]
			},
			"Shijiu03_xz_006_": {
				"attachment": [
					{ "time": 0, "name": null },
					{ "time": 0.6, "name": null },
					{ "time": 0.6666, "name": "Shijiu03_xz_006_" },
					{ "time": 0.7, "name": "Shijiu03_xz_006_" },
					{ "time": 0.7666, "name": null }
				]
			},
			"Shijiu03_xz_007_": {
				"attachment": [
					{ "time": 0, "name": null },
					{ "time": 0.7, "name": null },
					{ "time": 0.7666, "name": "Shijiu03_xz_007_" },
					{ "time": 0.8333, "name": "Shijiu03_xz_007_" },
					{ "time": 0.8666, "name": null }
				]
			},
			"Shijiu03_xz_008_": {
				"attachment": [
					{ "time": 0, "name": null },
					{ "time": 0.8333, "name": null },
					{ "time": 0.8666, "name": "Shijiu03_xz_008_" },
					{ "time": 0.9333, "name": "Shijiu03_xz_008_" },
					{ "time": 1, "name": null }
				]
			}
		}
	}
}
}