{
"skeleton": { "hash": "nS85h3yXAbwtjnQqAf40v/8mEyA", "spine": "3.7.94", "width": 0, "height": 0, "images": "./images/", "audio": "" },
"bones": [
	{ "name": "root" },
	{ "name": "walk_0", "parent": "root" },
	{ "name": "walk_6", "parent": "root" },
	{ "name": "walk_2", "parent": "root" },
	{ "name": "walk_1", "parent": "root" },
	{ "name": "yz_", "parent": "root", "scaleX": 1.2, "scaleY": 1.2 },
	{ "name": "walk_5", "parent": "root" }
],
"slots": [
	{ "name": "yz_", "bone": "yz_", "color": "ffffffc7" },
	{ "name": "walk_6", "bone": "walk_6" },
	{ "name": "walk_2", "bone": "walk_2" },
	{ "name": "walk_1", "bone": "walk_1" },
	{ "name": "walk_0", "bone": "walk_0" },
	{ "name": "walk_5", "bone": "walk_5" }
],
"skins": {
	"default": {
		"walk_0": {
			"walk_0_00_": { "width": 360, "height": 360 },
			"walk_0_02_": { "width": 360, "height": 360 },
			"walk_0_04_": { "width": 360, "height": 360 },
			"walk_0_06_": { "width": 360, "height": 360 },
			"walk_0_08_": { "width": 360, "height": 360 },
			"walk_0_10_": { "width": 360, "height": 360 },
			"walk_0_12_": { "width": 360, "height": 360 },
			"walk_0_14_": { "width": 360, "height": 360 },
			"walk_0_16_": { "width": 360, "height": 360 },
			"walk_0_18_": { "width": 360, "height": 360 },
			"walk_0_20_": { "width": 360, "height": 360 }
		},
		"walk_1": {
			"walk_1_00_": { "width": 360, "height": 360 },
			"walk_1_02_": { "width": 360, "height": 360 },
			"walk_1_04_": { "width": 360, "height": 360 },
			"walk_1_06_": { "width": 360, "height": 360 },
			"walk_1_08_": { "width": 360, "height": 360 },
			"walk_1_10_": { "width": 360, "height": 360 },
			"walk_1_12_": { "width": 360, "height": 360 },
			"walk_1_14_": { "width": 360, "height": 360 },
			"walk_1_16_": { "width": 360, "height": 360 },
			"walk_1_18_": { "width": 360, "height": 360 },
			"walk_1_20_": { "width": 360, "height": 360 }
		},
		"walk_2": {
			"walk_2_00_": { "width": 360, "height": 360 },
			"walk_2_02_": { "width": 360, "height": 360 },
			"walk_2_04_": { "width": 360, "height": 360 },
			"walk_2_06_": { "width": 360, "height": 360 },
			"walk_2_08_": { "width": 360, "height": 360 },
			"walk_2_10_": { "width": 360, "height": 360 },
			"walk_2_12_": { "width": 360, "height": 360 },
			"walk_2_14_": { "width": 360, "height": 360 },
			"walk_2_16_": { "width": 360, "height": 360 },
			"walk_2_18_": { "width": 360, "height": 360 },
			"walk_2_20_": { "width": 360, "height": 360 }
		},
		"walk_5": {
			"walk_5_00_": { "width": 360, "height": 360 },
			"walk_5_02_": { "width": 360, "height": 360 },
			"walk_5_04_": { "width": 360, "height": 360 },
			"walk_5_06_": { "width": 360, "height": 360 },
			"walk_5_08_": { "width": 360, "height": 360 },
			"walk_5_10_": { "width": 360, "height": 360 },
			"walk_5_12_": { "width": 360, "height": 360 },
			"walk_5_14_": { "width": 360, "height": 360 },
			"walk_5_16_": { "width": 360, "height": 360 },
			"walk_5_18_": { "width": 360, "height": 360 },
			"walk_5_20_": { "width": 360, "height": 360 }
		},
		"walk_6": {
			"walk_6_00_": { "width": 360, "height": 360 },
			"walk_6_02_": { "width": 360, "height": 360 },
			"walk_6_04_": { "width": 360, "height": 360 },
			"walk_6_06_": { "width": 360, "height": 360 },
			"walk_6_08_": { "width": 360, "height": 360 },
			"walk_6_10_": { "width": 360, "height": 360 },
			"walk_6_12_": { "width": 360, "height": 360 },
			"walk_6_14_": { "width": 360, "height": 360 },
			"walk_6_16_": { "width": 360, "height": 360 },
			"walk_6_18_": { "width": 360, "height": 360 },
			"walk_6_20_": { "width": 360, "height": 360 }
		},
		"yz_": {
			"yz_0_": { "x": 0.5, "y": 0.5, "scaleX": 1.04, "width": 85, "height": 85 }
		}
	}
},
"animations": {
	"yd_0": {
		"slots": {
			"walk_0": {
				"attachment": [
					{ "time": 0, "name": "walk_0_00_" },
					{ "time": 0.0667, "name": "walk_0_02_" },
					{ "time": 0.1333, "name": "walk_0_04_" },
					{ "time": 0.2, "name": "walk_0_06_" },
					{ "time": 0.2667, "name": "walk_0_08_" },
					{ "time": 0.3333, "name": "walk_0_10_" },
					{ "time": 0.4, "name": "walk_0_12_" },
					{ "time": 0.4667, "name": "walk_0_14_" },
					{ "time": 0.5333, "name": "walk_0_16_" },
					{ "time": 0.6, "name": "walk_0_18_" },
					{ "time": 0.6667, "name": "walk_0_20_" },
					{ "time": 0.7333, "name": null }
				]
			},
			"yz_": {
				"attachment": [
					{ "time": 0, "name": "yz_0_" }
				]
			}
		}
	},
	"yd_1": {
		"slots": {
			"walk_1": {
				"attachment": [
					{ "time": 0, "name": "walk_1_00_" },
					{ "time": 0.0667, "name": "walk_1_02_" },
					{ "time": 0.1333, "name": "walk_1_04_" },
					{ "time": 0.2, "name": "walk_1_06_" },
					{ "time": 0.2667, "name": "walk_1_08_" },
					{ "time": 0.3333, "name": "walk_1_10_" },
					{ "time": 0.4, "name": "walk_1_12_" },
					{ "time": 0.4667, "name": "walk_1_14_" },
					{ "time": 0.5333, "name": "walk_1_16_" },
					{ "time": 0.6, "name": "walk_1_18_" },
					{ "time": 0.6667, "name": "walk_1_20_" },
					{ "time": 0.7333, "name": null }
				]
			},
			"yz_": {
				"attachment": [
					{ "time": 0, "name": "yz_0_" }
				]
			}
		}
	},
	"yd_2": {
		"slots": {
			"walk_2": {
				"attachment": [
					{ "time": 0, "name": "walk_2_00_" },
					{ "time": 0.0667, "name": "walk_2_02_" },
					{ "time": 0.1333, "name": "walk_2_04_" },
					{ "time": 0.2, "name": "walk_2_06_" },
					{ "time": 0.2667, "name": "walk_2_08_" },
					{ "time": 0.3333, "name": "walk_2_10_" },
					{ "time": 0.4, "name": "walk_2_12_" },
					{ "time": 0.4667, "name": "walk_2_14_" },
					{ "time": 0.5333, "name": "walk_2_16_" },
					{ "time": 0.6, "name": "walk_2_18_" },
					{ "time": 0.6667, "name": "walk_2_20_" },
					{ "time": 0.7333, "name": null }
				]
			},
			"yz_": {
				"attachment": [
					{ "time": 0, "name": "yz_0_" }
				]
			}
		}
	},
	"yd_3": {
		"slots": {
			"walk_1": {
				"attachment": [
					{ "time": 0, "name": "walk_1_00_" },
					{ "time": 0.0667, "name": "walk_1_02_" },
					{ "time": 0.1333, "name": "walk_1_04_" },
					{ "time": 0.2, "name": "walk_1_06_" },
					{ "time": 0.2667, "name": "walk_1_08_" },
					{ "time": 0.3333, "name": "walk_1_10_" },
					{ "time": 0.4, "name": "walk_1_12_" },
					{ "time": 0.4667, "name": "walk_1_14_" },
					{ "time": 0.5333, "name": "walk_1_16_" },
					{ "time": 0.6, "name": "walk_1_18_" },
					{ "time": 0.6667, "name": "walk_1_20_" },
					{ "time": 0.7333, "name": null }
				]
			},
			"yz_": {
				"attachment": [
					{ "time": 0, "name": "yz_0_" }
				]
			}
		},
		"bones": {
			"walk_1": {
				"scale": [
					{ "time": 0, "x": -1, "y": 1 }
				]
			}
		}
	},
	"yd_4": {
		"slots": {
			"walk_0": {
				"attachment": [
					{ "time": 0, "name": "walk_0_00_" },
					{ "time": 0.0667, "name": "walk_0_02_" },
					{ "time": 0.1333, "name": "walk_0_04_" },
					{ "time": 0.2, "name": "walk_0_06_" },
					{ "time": 0.2667, "name": "walk_0_08_" },
					{ "time": 0.3333, "name": "walk_0_10_" },
					{ "time": 0.4, "name": "walk_0_12_" },
					{ "time": 0.4667, "name": "walk_0_14_" },
					{ "time": 0.5333, "name": "walk_0_16_" },
					{ "time": 0.6, "name": "walk_0_18_" },
					{ "time": 0.6667, "name": "walk_0_20_" },
					{ "time": 0.7333, "name": null }
				]
			},
			"yz_": {
				"attachment": [
					{ "time": 0, "name": "yz_0_" }
				]
			}
		},
		"bones": {
			"walk_0": {
				"scale": [
					{ "time": 0, "x": -1, "y": 1 }
				]
			}
		}
	},
	"walk_5": {
		"slots": {
			"walk_5": {
				"attachment": [
					{ "time": 0, "name": "walk_5_00_" },
					{ "time": 0.0667, "name": "walk_5_02_" },
					{ "time": 0.1333, "name": "walk_5_04_" },
					{ "time": 0.2, "name": "walk_5_06_" },
					{ "time": 0.2667, "name": "walk_5_08_" },
					{ "time": 0.3333, "name": "walk_5_10_" },
					{ "time": 0.4, "name": "walk_5_12_" },
					{ "time": 0.4667, "name": "walk_5_14_" },
					{ "time": 0.5333, "name": "walk_5_16_" },
					{ "time": 0.6, "name": "walk_5_18_" },
					{ "time": 0.6667, "name": "walk_5_20_" },
					{ "time": 0.7333, "name": null }
				]
			},
			"yz_": {
				"attachment": [
					{ "time": 0, "name": "yz_0_" }
				]
			}
		}
	},
	"walk_6": {
		"slots": {
			"walk_6": {
				"attachment": [
					{ "time": 0, "name": "walk_6_00_" },
					{ "time": 0.0667, "name": "walk_6_02_" },
					{ "time": 0.1333, "name": "walk_6_04_" },
					{ "time": 0.2, "name": "walk_6_06_" },
					{ "time": 0.2667, "name": "walk_6_08_" },
					{ "time": 0.3333, "name": "walk_6_10_" },
					{ "time": 0.4, "name": "walk_6_12_" },
					{ "time": 0.4667, "name": "walk_6_14_" },
					{ "time": 0.5333, "name": "walk_6_16_" },
					{ "time": 0.6, "name": "walk_6_18_" },
					{ "time": 0.6667, "name": "walk_6_20_" },
					{ "time": 0.7333, "name": null }
				]
			},
			"yz_": {
				"attachment": [
					{ "time": 0, "name": "yz_0_" }
				]
			}
		}
	},
	"walk_7": {
		"slots": {
			"walk_5": {
				"attachment": [
					{ "time": 0, "name": "walk_5_00_" },
					{ "time": 0.0667, "name": "walk_5_02_" },
					{ "time": 0.1333, "name": "walk_5_04_" },
					{ "time": 0.2, "name": "walk_5_06_" },
					{ "time": 0.2667, "name": "walk_5_08_" },
					{ "time": 0.3333, "name": "walk_5_10_" },
					{ "time": 0.4, "name": "walk_5_12_" },
					{ "time": 0.4667, "name": "walk_5_14_" },
					{ "time": 0.5333, "name": "walk_5_16_" },
					{ "time": 0.6, "name": "walk_5_18_" },
					{ "time": 0.6667, "name": "walk_5_20_" },
					{ "time": 0.7333, "name": null }
				]
			},
			"yz_": {
				"attachment": [
					{ "time": 0, "name": "yz_0_" }
				]
			}
		},
		"bones": {
			"walk_5": {
				"scale": [
					{ "time": 0, "x": -1, "y": 1 }
				]
			}
		}
	}
},
"gj_0": {
	"slots": {
		"walk_0": {
			"attachment": [
				{ "time": 0, "name": "walk_0_00_" },
				{ "time": 0.0667, "name": "walk_0_02_" },
				{ "time": 0.1333, "name": "walk_0_04_" },
				{ "time": 0.2, "name": "walk_0_06_" },
				{ "time": 0.2667, "name": "walk_0_08_" },
				{ "time": 0.3333, "name": "walk_0_10_" },
				{ "time": 0.4, "name": "walk_0_12_" },
				{ "time": 0.4667, "name": "walk_0_14_" },
				{ "time": 0.5333, "name": "walk_0_16_" },
				{ "time": 0.6, "name": "walk_0_18_" },
				{ "time": 0.6667, "name": "walk_0_20_" },
				{ "time": 0.7333, "name": null }
			]
		},
		"yz_": {
			"attachment": [
				{ "time": 0, "name": "yz_0_" }
			]
		}
	}
},
"gj_1": {
	"slots": {
		"walk_1": {
			"attachment": [
				{ "time": 0, "name": "walk_1_00_" },
				{ "time": 0.0667, "name": "walk_1_02_" },
				{ "time": 0.1333, "name": "walk_1_04_" },
				{ "time": 0.2, "name": "walk_1_06_" },
				{ "time": 0.2667, "name": "walk_1_08_" },
				{ "time": 0.3333, "name": "walk_1_10_" },
				{ "time": 0.4, "name": "walk_1_12_" },
				{ "time": 0.4667, "name": "walk_1_14_" },
				{ "time": 0.5333, "name": "walk_1_16_" },
				{ "time": 0.6, "name": "walk_1_18_" },
				{ "time": 0.6667, "name": "walk_1_20_" },
				{ "time": 0.7333, "name": null }
			]
		},
		"yz_": {
			"attachment": [
				{ "time": 0, "name": "yz_0_" }
			]
		}
	}
},
"gj_2": {
	"slots": {
		"walk_2": {
			"attachment": [
				{ "time": 0, "name": "walk_2_00_" },
				{ "time": 0.0667, "name": "walk_2_02_" },
				{ "time": 0.1333, "name": "walk_2_04_" },
				{ "time": 0.2, "name": "walk_2_06_" },
				{ "time": 0.2667, "name": "walk_2_08_" },
				{ "time": 0.3333, "name": "walk_2_10_" },
				{ "time": 0.4, "name": "walk_2_12_" },
				{ "time": 0.4667, "name": "walk_2_14_" },
				{ "time": 0.5333, "name": "walk_2_16_" },
				{ "time": 0.6, "name": "walk_2_18_" },
				{ "time": 0.6667, "name": "walk_2_20_" },
				{ "time": 0.7333, "name": null }
			]
		},
		"yz_": {
			"attachment": [
				{ "time": 0, "name": "yz_0_" }
			]
		}
	}
},
"gj_3": {
	"slots": {
		"walk_1": {
			"attachment": [
				{ "time": 0, "name": "walk_1_00_" },
				{ "time": 0.0667, "name": "walk_1_02_" },
				{ "time": 0.1333, "name": "walk_1_04_" },
				{ "time": 0.2, "name": "walk_1_06_" },
				{ "time": 0.2667, "name": "walk_1_08_" },
				{ "time": 0.3333, "name": "walk_1_10_" },
				{ "time": 0.4, "name": "walk_1_12_" },
				{ "time": 0.4667, "name": "walk_1_14_" },
				{ "time": 0.5333, "name": "walk_1_16_" },
				{ "time": 0.6, "name": "walk_1_18_" },
				{ "time": 0.6667, "name": "walk_1_20_" },
				{ "time": 0.7333, "name": null }
			]
		},
		"yz_": {
			"attachment": [
				{ "time": 0, "name": "yz_0_" }
			]
		}
	},
	"bones": {
		"walk_1": {
			"scale": [
				{ "time": 0, "x": -1, "y": 1 }
			]
		}
	}
},
"gj_4": {
	"slots": {
		"walk_0": {
			"attachment": [
				{ "time": 0, "name": "walk_0_00_" },
				{ "time": 0.0667, "name": "walk_0_02_" },
				{ "time": 0.1333, "name": "walk_0_04_" },
				{ "time": 0.2, "name": "walk_0_06_" },
				{ "time": 0.2667, "name": "walk_0_08_" },
				{ "time": 0.3333, "name": "walk_0_10_" },
				{ "time": 0.4, "name": "walk_0_12_" },
				{ "time": 0.4667, "name": "walk_0_14_" },
				{ "time": 0.5333, "name": "walk_0_16_" },
				{ "time": 0.6, "name": "walk_0_18_" },
				{ "time": 0.6667, "name": "walk_0_20_" },
				{ "time": 0.7333, "name": null }
			]
		},
		"yz_": {
			"attachment": [
				{ "time": 0, "name": "yz_0_" }
			]
		}
	},
	"bones": {
		"walk_0": {
			"scale": [
				{ "time": 0, "x": -1, "y": 1 }
			]
		}
	}
}
}