{
"skeleton": { "hash": "WbSO50hYYLF2M5jmnw/XALlh4QQ", "spine": "2.1.27", "width": 85, "height": 85, "images": "" },
"bones": [
	{ "name": "root" },
	{ "name": "bone", "parent": "root", "length": 84.75, "x": -4.84, "y": -81.39, "rotation": 270 },
	{ "name": "bone2", "parent": "root", "length": 86.11, "x": 2.94, "y": -47.84 }
],
"slots": [
	{ "name": "yz_0_", "bone": "bone2", "attachment": "yz_0_" },
	{ "name": "LAYD_5_000_", "bone": "bone" },
	{ "name": "LAYD_4_000_", "bone": "bone" },
	{ "name": "LAYD_3_000_", "bone": "bone" },
	{ "name": "LAYD_2_000_", "bone": "bone" },
	{ "name": "LAYD_1_000_", "bone": "bone" }
],
"skins": {
	"default": {
		"LAYD_1_000_": {
			"LAYD_1_000_": { "x": -195.54, "y": -3.22, "rotation": 90, "width": 425, "height": 176 },
			"LAYD_1_004_": { "x": -186.04, "y": -1.22, "rotation": 90, "width": 441, "height": 169 },
			"LAYD_1_008_": { "x": -197.04, "y": 6.27, "rotation": 90, "width": 394, "height": 197 },
			"LAYD_1_012_": { "x": -223.04, "y": 9.27, "rotation": 90, "width": 326, "height": 241 },
			"LAYD_1_016_": { "x": -240.54, "y": 9.27, "rotation": 90, "width": 258, "height": 258 },
			"LAYD_1_020_": { "x": -228.54, "y": 11.77, "rotation": 90, "width": 321, "height": 212 },
			"LAYD_1_024_": { "x": -200.54, "y": -3.22, "rotation": 90, "width": 375, "height": 166 },
			"LAYD_1_028_": { "x": -187.54, "y": -5.72, "rotation": 90, "width": 408, "height": 220 },
			"LAYD_1_032_": { "x": -188.54, "y": -4.22, "rotation": 90, "width": 413, "height": 234 },
			"LAYD_1_036_": { "x": -185.04, "y": -2.72, "rotation": 90, "width": 410, "height": 235 }
		},
		"LAYD_2_000_": {
			"LAYD_2_000_": { "x": -147.54, "y": 9.27, "rotation": 90, "width": 296, "height": 224 },
			"LAYD_2_004_": { "x": -196.04, "y": -8.72, "rotation": 90, "width": 314, "height": 181 },
			"LAYD_2_008_": { "x": -212.54, "y": -26.22, "rotation": 90, "width": 275, "height": 214 },
			"LAYD_2_012_": { "x": -232.54, "y": -37.72, "rotation": 90, "width": 244, "height": 242 },
			"LAYD_2_016_": { "x": -249.54, "y": -18.22, "rotation": 90, "width": 265, "height": 256 },
			"LAYD_2_020_": { "x": -247.04, "y": 13.27, "rotation": 90, "width": 284, "height": 231 },
			"LAYD_2_024_": { "x": -195.54, "y": 13.27, "rotation": 90, "width": 306, "height": 238 },
			"LAYD_2_028_": { "x": -163.04, "y": 8.27, "rotation": 90, "width": 290, "height": 231 },
			"LAYD_2_032_": { "x": -149.04, "y": 9.27, "rotation": 90, "width": 276, "height": 265 },
			"LAYD_2_036_": { "x": -132.04, "y": 13.27, "rotation": 90, "width": 276, "height": 285 }
		},
		"LAYD_3_000_": {
			"LAYD_3_000_": { "x": -147.04, "y": -0.72, "rotation": 90, "width": 244, "height": 281 },
			"LAYD_3_004_": { "x": -190.54, "y": -5.72, "rotation": 90, "width": 250, "height": 254 },
			"LAYD_3_008_": { "x": -231.04, "y": -13.72, "rotation": 90, "width": 260, "height": 203 },
			"LAYD_3_012_": { "x": -242.04, "y": -20.22, "rotation": 90, "width": 265, "height": 221 },
			"LAYD_3_016_": { "x": -245.54, "y": -23.72, "rotation": 90, "width": 266, "height": 216 },
			"LAYD_3_020_": { "x": -247.54, "y": -23.22, "rotation": 90, "width": 263, "height": 210 },
			"LAYD_3_024_": { "x": -205.04, "y": -21.22, "rotation": 90, "width": 261, "height": 235 },
			"LAYD_3_028_": { "x": -162.04, "y": -15.72, "rotation": 90, "width": 268, "height": 233 },
			"LAYD_3_032_": { "x": -125.04, "y": -14.72, "rotation": 90, "width": 262, "height": 249 },
			"LAYD_3_036_": { "x": -110.04, "y": -7.72, "rotation": 90, "width": 254, "height": 287 }
		},
		"LAYD_4_000_": {
			"LAYD_4_000_": { "x": -167.54, "y": 16.77, "rotation": 90, "width": 325, "height": 236 },
			"LAYD_4_004_": { "x": -199.04, "y": -4.22, "rotation": 90, "width": 325, "height": 209 },
			"LAYD_4_008_": { "x": -213.04, "y": -28.22, "rotation": 90, "width": 285, "height": 211 },
			"LAYD_4_012_": { "x": -217.04, "y": -45.22, "rotation": 90, "width": 253, "height": 241 },
			"LAYD_4_016_": { "x": -219.54, "y": -33.72, "rotation": 90, "width": 280, "height": 236 },
			"LAYD_4_020_": { "x": -208.04, "y": 3.27, "rotation": 90, "width": 316, "height": 183 },
			"LAYD_4_024_": { "x": -204.54, "y": 10.27, "rotation": 90, "width": 336, "height": 142 },
			"LAYD_4_028_": { "x": -184.54, "y": 13.27, "rotation": 90, "width": 328, "height": 180 },
			"LAYD_4_032_": { "x": -162.04, "y": 17.77, "rotation": 90, "width": 333, "height": 233 },
			"LAYD_4_036_": { "x": -143.04, "y": 19.77, "rotation": 90, "width": 331, "height": 261 }
		},
		"LAYD_5_000_": {
			"LAYD_5_000_": { "x": -195.04, "y": 13.77, "rotation": 90, "width": 425, "height": 175 },
			"LAYD_5_004_": { "x": -198.54, "y": 11.77, "rotation": 90, "width": 441, "height": 174 },
			"LAYD_5_008_": { "x": -196.04, "y": 4.27, "rotation": 90, "width": 394, "height": 207 },
			"LAYD_5_012_": { "x": -195.54, "y": 1.27, "rotation": 90, "width": 326, "height": 242 },
			"LAYD_5_016_": { "x": -194.54, "y": 1.27, "rotation": 90, "width": 258, "height": 250 },
			"LAYD_5_020_": { "x": -184.04, "y": -1.22, "rotation": 90, "width": 321, "height": 207 },
			"LAYD_5_024_": { "x": -190.04, "y": 13.77, "rotation": 90, "width": 375, "height": 183 },
			"LAYD_5_028_": { "x": -203.54, "y": 16.27, "rotation": 90, "width": 408, "height": 174 },
			"LAYD_5_032_": { "x": -205.54, "y": 14.77, "rotation": 90, "width": 413, "height": 178 },
			"LAYD_5_036_": { "x": -185.54, "y": 13.27, "rotation": 90, "width": 410, "height": 208 }
		},
		"yz_0_": {
			"yz_0_": { "color": "ffffffa8", "y": -1.65, "width": 85, "height": 85 }
		}
	}
},
"animations": {
	"walk_0": {
		"slots": {
			"LAYD_3_000_": {
				"attachment": [
					{ "time": 0, "name": "LAYD_3_000_" },
					{ "time": 0.1333, "name": "LAYD_3_004_" },
					{ "time": 0.2666, "name": "LAYD_3_008_" },
					{ "time": 0.4, "name": "LAYD_3_012_" },
					{ "time": 0.5333, "name": "LAYD_3_016_" },
					{ "time": 0.6666, "name": "LAYD_3_020_" },
					{ "time": 0.8, "name": "LAYD_3_024_" },
					{ "time": 0.9333, "name": "LAYD_3_028_" },
					{ "time": 1.0666, "name": "LAYD_3_032_" },
					{ "time": 1.2, "name": "LAYD_3_036_" },
					{ "time": 1.3333, "name": "LAYD_3_000_" }
				]
			}
		},
		"bones": {
			"bone": {
				"translate": [
					{ "time": 0, "x": 44.81, "y": -56.95 }
				],
				"scale": [
					{ "time": 0, "x": 1, "y": -1 }
				]
			},
			"bone2": {
				"translate": [
					{ "time": 0, "x": -4.83, "y": 49.28 }
				]
			}
		}
	},
	"walk_1": {
		"slots": {
			"LAYD_2_000_": {
				"attachment": [
					{ "time": 0, "name": "LAYD_2_000_" },
					{ "time": 0.1333, "name": "LAYD_2_004_" },
					{ "time": 0.2666, "name": "LAYD_2_008_" },
					{ "time": 0.4, "name": "LAYD_2_012_" },
					{ "time": 0.5333, "name": "LAYD_2_016_" },
					{ "time": 0.6666, "name": "LAYD_2_020_" },
					{ "time": 0.8, "name": "LAYD_2_024_" },
					{ "time": 0.9333, "name": "LAYD_2_028_" },
					{ "time": 1.0666, "name": "LAYD_2_032_" },
					{ "time": 1.2, "name": "LAYD_2_036_" },
					{ "time": 1.3333, "name": "LAYD_2_000_" }
				]
			}
		},
		"bones": {
			"bone": {
				"translate": [
					{ "time": 0, "x": 30.07, "y": -30.9 }
				],
				"scale": [
					{ "time": 0, "x": 1, "y": -1 }
				]
			},
			"bone2": {
				"translate": [
					{ "time": 0, "x": -9.72, "y": 62.47 }
				]
			}
		}
	},
	"walk_2": {
		"slots": {
			"LAYD_1_000_": {
				"attachment": [
					{ "time": 0, "name": "LAYD_1_000_" },
					{ "time": 0.1333, "name": "LAYD_1_004_" },
					{ "time": 0.2666, "name": "LAYD_1_008_" },
					{ "time": 0.4, "name": "LAYD_1_012_" },
					{ "time": 0.5333, "name": "LAYD_1_016_" },
					{ "time": 0.6666, "name": "LAYD_1_020_" },
					{ "time": 0.8, "name": "LAYD_1_024_" },
					{ "time": 0.9333, "name": "LAYD_1_028_" },
					{ "time": 1.0666, "name": "LAYD_1_032_" },
					{ "time": 1.2, "name": "LAYD_1_036_" },
					{ "time": 1.3333, "name": "LAYD_1_000_" }
				]
			}
		},
		"bones": {
			"bone": {
				"translate": [
					{ "time": 0, "x": 4.84, "y": -25.41 }
				]
			},
			"bone2": {
				"translate": [
					{ "time": 0, "x": -1.23, "y": 52.66 }
				]
			}
		}
	},
	"walk_3": {
		"slots": {
			"LAYD_2_000_": {
				"attachment": [
					{ "time": 0, "name": "LAYD_2_000_" },
					{ "time": 0.1333, "name": "LAYD_2_004_" },
					{ "time": 0.2666, "name": "LAYD_2_008_" },
					{ "time": 0.4, "name": "LAYD_2_012_" },
					{ "time": 0.5333, "name": "LAYD_2_016_" },
					{ "time": 0.6666, "name": "LAYD_2_020_" },
					{ "time": 0.8, "name": "LAYD_2_024_" },
					{ "time": 0.9333, "name": "LAYD_2_028_" },
					{ "time": 1.0666, "name": "LAYD_2_032_" },
					{ "time": 1.2, "name": "LAYD_2_036_" },
					{ "time": 1.3333, "name": "LAYD_2_000_" }
				]
			}
		},
		"bones": {
			"bone": {
				"translate": [
					{ "time": 0, "x": -21.69, "y": -29.83 }
				]
			},
			"bone2": {
				"translate": [
					{ "time": 0, "x": -9.72, "y": 62.47 }
				]
			}
		}
	},
	"walk_4": {
		"slots": {
			"LAYD_3_000_": {
				"attachment": [
					{ "time": 0, "name": "LAYD_3_000_" },
					{ "time": 0.1333, "name": "LAYD_3_004_" },
					{ "time": 0.2666, "name": "LAYD_3_008_" },
					{ "time": 0.4, "name": "LAYD_3_012_" },
					{ "time": 0.5333, "name": "LAYD_3_016_" },
					{ "time": 0.6666, "name": "LAYD_3_020_" },
					{ "time": 0.8, "name": "LAYD_3_024_" },
					{ "time": 0.9333, "name": "LAYD_3_028_" },
					{ "time": 1.0666, "name": "LAYD_3_032_" },
					{ "time": 1.2, "name": "LAYD_3_036_" },
					{ "time": 1.3333, "name": "LAYD_3_000_" }
				]
			}
		},
		"bones": {
			"bone": {
				"translate": [
					{ "time": 0, "x": -40.68, "y": -56.95 }
				]
			},
			"bone2": {
				"translate": [
					{ "time": 0, "x": -4.83, "y": 49.28 }
				]
			}
		}
	},
	"walk_5": {
		"slots": {
			"LAYD_4_000_": {
				"attachment": [
					{ "time": 0, "name": "LAYD_4_000_" },
					{ "time": 0.1333, "name": "LAYD_4_004_" },
					{ "time": 0.2666, "name": "LAYD_4_008_" },
					{ "time": 0.4, "name": "LAYD_4_012_" },
					{ "time": 0.5333, "name": "LAYD_4_016_" },
					{ "time": 0.6666, "name": "LAYD_4_020_" },
					{ "time": 0.8, "name": "LAYD_4_024_" },
					{ "time": 0.9333, "name": "LAYD_4_028_" },
					{ "time": 1.0666, "name": "LAYD_4_032_" },
					{ "time": 1.2, "name": "LAYD_4_036_" },
					{ "time": 1.3333, "name": "LAYD_4_000_" }
				]
			}
		},
		"bones": {
			"bone": {
				"translate": [
					{ "time": 0, "x": -26.21, "y": -77.74 }
				]
			},
			"bone2": {
				"translate": [
					{ "time": 0, "x": -5.96, "y": 47.96 }
				]
			}
		}
	},
	"walk_6": {
		"slots": {
			"LAYD_5_000_": {
				"attachment": [
					{ "time": 0, "name": "LAYD_5_000_" },
					{ "time": 0.1333, "name": "LAYD_5_004_" },
					{ "time": 0.2666, "name": "LAYD_5_008_" },
					{ "time": 0.4, "name": "LAYD_5_012_" },
					{ "time": 0.5333, "name": "LAYD_5_016_" },
					{ "time": 0.6666, "name": "LAYD_5_020_" },
					{ "time": 0.8, "name": "LAYD_5_024_" },
					{ "time": 0.9333, "name": "LAYD_5_028_" },
					{ "time": 1.0666, "name": "LAYD_5_032_" },
					{ "time": 1.2, "name": "LAYD_5_036_" },
					{ "time": 1.3333, "name": "LAYD_5_000_" }
				]
			}
		},
		"bones": {
			"bone": {
				"translate": [
					{ "time": 0, "x": 1.8, "y": -81.36 }
				]
			},
			"bone2": {
				"translate": [
					{ "time": 0, "x": -1.07, "y": 52.47 }
				]
			}
		}
	},
	"walk_7": {
		"slots": {
			"LAYD_4_000_": {
				"attachment": [
					{ "time": 0, "name": "LAYD_4_000_" },
					{ "time": 0.1333, "name": "LAYD_4_004_" },
					{ "time": 0.2666, "name": "LAYD_4_008_" },
					{ "time": 0.4, "name": "LAYD_4_012_" },
					{ "time": 0.5333, "name": "LAYD_4_016_" },
					{ "time": 0.6666, "name": "LAYD_4_020_" },
					{ "time": 0.8, "name": "LAYD_4_024_" },
					{ "time": 0.9333, "name": "LAYD_4_028_" },
					{ "time": 1.0666, "name": "LAYD_4_032_" },
					{ "time": 1.2, "name": "LAYD_4_036_" },
					{ "time": 1.3333, "name": "LAYD_4_000_" }
				]
			}
		},
		"bones": {
			"bone": {
				"translate": [
					{ "time": 0, "x": 45.67, "y": -77.74 }
				],
				"scale": [
					{ "time": 0, "x": 1, "y": -1 }
				]
			},
			"bone2": {
				"translate": [
					{ "time": 0, "x": -5.96, "y": 47.96 }
				]
			}
		}
	}
}
}