{
"skeleton": { "hash": "JG+82DdQcj74op3GPK6hTnntEak", "spine": "3.7.94", "width": 900, "height": 900 },
"bones": [
	{ "name": "root" },
	{ "name": "bone", "parent": "root", "x": 250, "scaleX": 1.25, "scaleY": 1.25 },
	{ "name": "a", "parent": "bone", "x": 32.41, "y": 83.88 },
	{ "name": "b1", "parent": "bone", "x": -90.47, "y": 211.47 },
	{ "name": "b2", "parent": "bone", "x": -73.03, "y": 204.23 },
	{ "name": "b5", "parent": "bone", "x": 153.98, "y": -37.41 },
	{ "name": "b6", "parent": "bone", "x": 32.41, "y": -39.83 },
	{ "name": "b7", "parent": "bone", "x": -111.82, "y": -39.54 },
	{ "name": "b8", "parent": "bone", "x": -90.21, "y": 83.88 },
	{ "name": "c14", "parent": "bone", "x": -448.1, "y": -154.29 },
	{ "name": "c15", "parent": "bone", "x": -331.24, "y": 83.88 },
	{ "name": "c16", "parent": "bone", "x": -328.58, "y": 323.79 },
	{ "name": "b4", "parent": "bone", "x": 153.98, "y": -32.59 },
	{ "name": "c07", "parent": "bone", "x": 393.35, "y": -37.98 },
	{ "name": "c08", "parent": "bone", "x": 393.35, "y": -71.85 }
],
"slots": [
	{ "name": "a_00_", "bone": "a", "attachment": "a_00_" },
	{ "name": "b1_00_", "bone": "b1", "attachment": "b1_00_" },
	{ "name": "b2_00_", "bone": "b2" },
	{ "name": "b5_00_", "bone": "b5" },
	{ "name": "b4", "bone": "b4" },
	{ "name": "b6_00_", "bone": "b6" },
	{ "name": "b7_00_", "bone": "b7", "attachment": "b7_00_" },
	{ "name": "b8_00_", "bone": "b8", "attachment": "b8_00_" },
	{ "name": "c14_00_", "bone": "c14" },
	{ "name": "c07", "bone": "c07" },
	{ "name": "c08", "bone": "c08" },
	{ "name": "c15_00_", "bone": "c15", "attachment": "c15_00_" },
	{ "name": "c16_00_", "bone": "c16", "attachment": "c16_00_" }
],
"skins": {
	"default": {
		"a_00_": {
			"a_00_": { "width": 240, "height": 240 },
			"a_01_": { "width": 240, "height": 240 },
			"a_02_": { "width": 240, "height": 240 },
			"a_05_": { "width": 240, "height": 240 },
			"a_06_": { "width": 240, "height": 240 },
			"a_07_": { "width": 240, "height": 240 },
			"a_08_": { "width": 240, "height": 240 },
			"a_09_": { "width": 240, "height": 240 },
			"a_10_": { "width": 240, "height": 240 }
		},
		"b1_00_": {
			"b1_00_": { "x": -117.11, "y": 112.4, "width": 240, "height": 240 },
			"b1_01_": { "x": -117.11, "y": 112.4, "width": 240, "height": 240 },
			"b1_02_": { "x": -117.11, "y": 112.4, "width": 240, "height": 240 },
			"b1_03_": { "x": -117.11, "y": 112.4, "width": 240, "height": 240 },
			"b1_04_": { "x": -117.11, "y": 112.4, "width": 240, "height": 240 },
			"b1_05_": { "x": -117.11, "y": 112.4, "width": 240, "height": 240 },
			"b1_06_": { "x": -117.11, "y": 112.4, "width": 240, "height": 240 },
			"b1_07_": { "x": -117.11, "y": 112.4, "width": 240, "height": 240 },
			"b1_08_": { "x": -117.11, "y": 112.4, "width": 240, "height": 240 },
			"b1_09_": { "x": -117.11, "y": 112.4, "width": 240, "height": 240 },
			"b1_10_": { "x": -117.11, "y": 112.4, "width": 240, "height": 240 }
		},
		"b2_00_": {
			"b2_06_": { "x": 105.44, "y": 119.64, "width": 240, "height": 240 },
			"b2_07_": { "x": 105.44, "y": 119.64, "width": 240, "height": 240 },
			"b2_08_": { "x": 105.44, "y": 119.64, "width": 240, "height": 240 },
			"b2_09_": { "x": 105.44, "y": 119.64, "width": 240, "height": 240 },
			"b2_10_": { "x": 105.44, "y": 119.64, "width": 240, "height": 240 }
		},
		"b4": {
			"b4_08_": { "x": 118.41, "y": 116.48, "width": 240, "height": 240 },
			"b4_09_": { "x": 118.41, "y": 116.48, "width": 240, "height": 240 },
			"b4_10_": { "x": 118.41, "y": 116.48, "width": 240, "height": 240 }
		},
		"b5_00_": {
			"b5_08_": { "x": 118.41, "y": -118.7, "width": 240, "height": 240 },
			"b5_09_": { "x": 118.41, "y": -118.7, "width": 240, "height": 240 },
			"b5_10_": { "x": 118.41, "y": -118.7, "width": 240, "height": 240 }
		},
		"b6_00_": {
			"b6_07_": { "y": -116.28, "width": 240, "height": 240 },
			"b6_08_": { "y": -116.28, "width": 240, "height": 240 },
			"b6_09_": { "y": -116.28, "width": 240, "height": 240 },
			"b6_10_": { "y": -116.28, "width": 240, "height": 240 }
		},
		"b7_00_": {
			"b7_00_": { "x": -95.78, "y": -116.59, "width": 240, "height": 240 },
			"b7_07_": { "x": -95.78, "y": -116.59, "width": 240, "height": 240 },
			"b7_08_": { "x": -95.78, "y": -116.59, "width": 240, "height": 240 },
			"b7_09_": { "x": -95.78, "y": -116.59, "width": 240, "height": 240 },
			"b7_10_": { "x": -95.78, "y": -116.59, "width": 240, "height": 240 }
		},
		"b8_00_": {
			"b8_00_": { "x": -117.37, "width": 240, "height": 240 },
			"b8_01_": { "x": -117.37, "width": 240, "height": 240 },
			"b8_02_": { "x": -117.37, "width": 240, "height": 240 },
			"b8_03_": { "x": -117.37, "width": 240, "height": 240 },
			"b8_04_": { "x": -117.37, "width": 240, "height": 240 },
			"b8_05_": { "x": -117.37, "width": 240, "height": 240 },
			"b8_06_": { "x": -117.37, "width": 240, "height": 240 },
			"b8_07_": { "x": -117.37, "width": 240, "height": 240 },
			"b8_08_": { "x": -117.37, "width": 240, "height": 240 },
			"b8_09_": { "x": -117.37, "width": 240, "height": 240 },
			"b8_10_": { "x": -117.37, "width": 240, "height": 240 }
		},
		"c07": {
			"c07_08_": { "x": 119.02, "y": 121.87, "width": 240, "height": 240 },
			"c07_09_": { "x": 119.02, "y": 121.87, "width": 240, "height": 240 },
			"c07_10_": { "x": 119.02, "y": 121.87, "width": 240, "height": 240 }
		},
		"c08": {
			"c08_08_": { "x": 119.02, "y": -84.15, "width": 240, "height": 240 },
			"c08_09_": { "x": 119.02, "y": -84.15, "width": 240, "height": 240 },
			"c08_10_": { "x": 119.02, "y": -84.15, "width": 240, "height": 240 }
		},
		"c14_00_": {
			"c14_08_": { "width": 240, "height": 240 },
			"c14_09_": { "width": 240, "height": 240 },
			"c14_10_": { "width": 240, "height": 240 }
		},
		"c15_00_": {
			"c15_00_": { "x": -116.34, "width": 240, "height": 240 },
			"c15_01_": { "x": -116.34, "width": 240, "height": 240 },
			"c15_02_": { "x": -116.34, "width": 240, "height": 240 },
			"c15_03_": { "x": -116.34, "width": 240, "height": 240 },
			"c15_04_": { "x": -116.34, "width": 240, "height": 240 },
			"c15_05_": { "x": -116.34, "width": 240, "height": 240 },
			"c15_06_": { "x": -116.34, "width": 240, "height": 240 },
			"c15_07_": { "x": -116.34, "width": 240, "height": 240 },
			"c15_08_": { "x": -116.34, "width": 240, "height": 240 },
			"c15_09_": { "x": -116.34, "width": 240, "height": 240 },
			"c15_10_": { "x": -116.34, "width": 240, "height": 240 }
		},
		"c16_00_": {
			"c16_00_": { "x": -119, "width": 240, "height": 240 },
			"c16_01_": { "x": -119, "width": 240, "height": 240 },
			"c16_02_": { "x": -119, "width": 240, "height": 240 },
			"c16_03_": { "x": -119, "width": 240, "height": 240 },
			"c16_04_": { "x": -119, "width": 240, "height": 240 },
			"c16_05_": { "x": -119, "width": 240, "height": 240 },
			"c16_06_": { "x": -119, "width": 240, "height": 240 }
		}
	}
},
"animations": {
	"animation": {
		"slots": {
			"a_00_": {
				"attachment": [
					{ "time": 0, "name": "a_00_" },
					{ "time": 0.1, "name": "a_01_" },
					{ "time": 0.2333, "name": "a_02_" },
					{ "time": 0.3333, "name": null },
					{ "time": 0.4333, "name": null },
					{ "time": 0.5333, "name": "a_05_" },
					{ "time": 0.6667, "name": "a_06_" },
					{ "time": 0.7667, "name": "a_07_" },
					{ "time": 0.8667, "name": "a_08_" },
					{ "time": 0.9667, "name": "a_09_" },
					{ "time": 1.1, "name": "a_10_" },
					{ "time": 1.2, "name": null },
					{ "time": 1.9333, "name": null }
				]
			},
			"b4": {
				"attachment": [
					{ "time": 0, "name": null },
					{ "time": 0.8667, "name": "b4_08_" },
					{ "time": 0.9667, "name": "b4_09_" },
					{ "time": 1.1, "name": "b4_10_" },
					{ "time": 1.2, "name": null },
					{ "time": 1.9333, "name": null }
				]
			},
			"b1_00_": {
				"attachment": [
					{ "time": 0, "name": "b1_00_" },
					{ "time": 0.1, "name": "b1_01_" },
					{ "time": 0.2333, "name": "b1_02_" },
					{ "time": 0.3333, "name": "b1_03_" },
					{ "time": 0.4333, "name": "b1_04_" },
					{ "time": 0.5333, "name": "b1_05_" },
					{ "time": 0.6667, "name": "b1_06_" },
					{ "time": 0.7667, "name": "b1_07_" },
					{ "time": 0.8667, "name": "b1_08_" },
					{ "time": 0.9667, "name": "b1_09_" },
					{ "time": 1.1, "name": "b1_10_" },
					{ "time": 1.2, "name": null },
					{ "time": 1.9333, "name": null }
				]
			},
			"b2_00_": {
				"attachment": [
					{ "time": 0, "name": null },
					{ "time": 0.6667, "name": "b2_06_" },
					{ "time": 0.7667, "name": "b2_07_" },
					{ "time": 0.8667, "name": "b2_08_" },
					{ "time": 0.9667, "name": "b2_09_" },
					{ "time": 1.1, "name": "b2_10_" },
					{ "time": 1.2, "name": null },
					{ "time": 1.9333, "name": null }
				]
			},
			"b5_00_": {
				"attachment": [
					{ "time": 0, "name": null },
					{ "time": 0.8667, "name": "b5_08_" },
					{ "time": 0.9667, "name": "b5_09_" },
					{ "time": 1.1, "name": "b5_10_" },
					{ "time": 1.2, "name": null },
					{ "time": 1.9333, "name": null }
				]
			},
			"b6_00_": {
				"attachment": [
					{ "time": 0, "name": null },
					{ "time": 0.7667, "name": "b6_07_" },
					{ "time": 0.8667, "name": "b6_08_" },
					{ "time": 0.9667, "name": "b6_09_" },
					{ "time": 1.1, "name": "b6_10_" },
					{ "time": 1.2, "name": null },
					{ "time": 1.9333, "name": null }
				]
			},
			"b7_00_": {
				"attachment": [
					{ "time": 0, "name": "b7_00_" },
					{ "time": 0.1, "name": null },
					{ "time": 0.6667, "name": null },
					{ "time": 0.7667, "name": "b7_07_" },
					{ "time": 0.8667, "name": "b7_08_" },
					{ "time": 0.9667, "name": "b7_09_" },
					{ "time": 1.1, "name": "b7_10_" },
					{ "time": 1.2, "name": null },
					{ "time": 1.9333, "name": null }
				]
			},
			"b8_00_": {
				"attachment": [
					{ "time": 0, "name": "b8_00_" },
					{ "time": 0.1, "name": "b8_01_" },
					{ "time": 0.2333, "name": "b8_02_" },
					{ "time": 0.3333, "name": "b8_03_" },
					{ "time": 0.4333, "name": "b8_04_" },
					{ "time": 0.5333, "name": "b8_05_" },
					{ "time": 0.6667, "name": "b8_06_" },
					{ "time": 0.7667, "name": "b8_07_" },
					{ "time": 0.8667, "name": "b8_08_" },
					{ "time": 0.9667, "name": "b8_09_" },
					{ "time": 1.1, "name": "b8_10_" },
					{ "time": 1.2, "name": null },
					{ "time": 1.9333, "name": null }
				]
			},
			"c07": {
				"attachment": [
					{ "time": 0, "name": null },
					{ "time": 0.8667, "name": "c07_08_" },
					{ "time": 0.9667, "name": "c07_09_" },
					{ "time": 1.1, "name": "c07_10_" },
					{ "time": 1.2, "name": null },
					{ "time": 1.9333, "name": null }
				]
			},
			"c08": {
				"attachment": [
					{ "time": 0, "name": null },
					{ "time": 0.8667, "name": "c08_08_" },
					{ "time": 0.9667, "name": "c08_09_" },
					{ "time": 1.1, "name": "c08_10_" },
					{ "time": 1.2, "name": null },
					{ "time": 1.9333, "name": null }
				]
			},
			"c14_00_": {
				"attachment": [
					{ "time": 0, "name": null },
					{ "time": 0.8667, "name": "c14_08_" },
					{ "time": 0.9667, "name": "c14_09_" },
					{ "time": 1.1, "name": "c14_10_" },
					{ "time": 1.2, "name": null },
					{ "time": 1.9333, "name": null }
				]
			},
			"c15_00_": {
				"attachment": [
					{ "time": 0, "name": "c15_00_" },
					{ "time": 0.1, "name": "c15_01_" },
					{ "time": 0.2333, "name": "c15_02_" },
					{ "time": 0.3333, "name": "c15_03_" },
					{ "time": 0.4333, "name": "c15_04_" },
					{ "time": 0.5333, "name": "c15_05_" },
					{ "time": 0.6667, "name": "c15_06_" },
					{ "time": 0.7667, "name": "c15_07_" },
					{ "time": 0.8667, "name": "c15_08_" },
					{ "time": 0.9667, "name": "c15_09_" },
					{ "time": 1.1, "name": "c15_10_" },
					{ "time": 1.2, "name": null },
					{ "time": 1.9333, "name": null }
				]
			},
			"c16_00_": {
				"attachment": [
					{ "time": 0, "name": "c16_00_" },
					{ "time": 0.1, "name": "c16_01_" },
					{ "time": 0.2333, "name": "c16_02_" },
					{ "time": 0.3333, "name": "c16_03_" },
					{ "time": 0.4333, "name": "c16_04_" },
					{ "time": 0.5333, "name": "c16_05_" },
					{ "time": 0.6667, "name": "c16_06_" },
					{ "time": 0.7667, "name": null },
					{ "time": 1.9333, "name": null }
				]
			}
		}
	}
}
}