{
"skeleton": { "hash": "UAK7iW18AiMJDLw9+d+UpToLVkE", "spine": "3.7.94", "width": 1523.38, "height": 1210.93, "images": "", "audio": "" },
"bones": [
	{ "name": "root" },
	{ "name": "effect", "parent": "root", "x": -7.54, "y": 37.72 },
	{ "name": "lihua", "parent": "effect", "x": 46.82, "y": 125.23, "scaleX": 3.027, "scaleY": 3.027 },
	{ "name": "8", "parent": "effect", "x": 40.07, "y": 138.01, "scaleX": 3.04, "scaleY": 3.04 },
	{ "name": "cb", "parent": "effect" }
],
"slots": [
	{ "name": "8znlH110_", "bone": "cb", "attachment": "8znlH110_" },
	{ "name": "lh", "bone": "lihua", "attachment": "8znlH41_", "blend": "additive" },
	{ "name": "8xl", "bone": "8", "attachment": "8znlH65_", "blend": "additive" }
],
"skins": {
	"default": {
		"8xl": {
			"8znlH65_": { "y": 0.5, "width": 500, "height": 395 },
			"8znlH67_": { "y": 0.5, "width": 500, "height": 395 },
			"8znlH69_": { "y": 0.5, "width": 500, "height": 395 },
			"8znlH71_": { "y": 0.5, "width": 500, "height": 395 },
			"8znlH73_": { "y": 0.5, "width": 500, "height": 395 },
			"8znlH75_": { "y": 0.5, "width": 500, "height": 395 },
			"8znlH77_": { "y": 0.5, "width": 500, "height": 395 },
			"8znlH79_": { "y": 0.5, "width": 500, "height": 395 },
			"8znlH81_": { "y": 0.5, "width": 500, "height": 395 },
			"8znlH83_": { "y": 0.5, "width": 500, "height": 395 },
			"8znlH85_": { "y": 0.5, "width": 500, "height": 395 },
			"8znlH87_": { "y": 0.5, "width": 500, "height": 395 },
			"8znlH89_": { "y": 0.5, "width": 500, "height": 395 },
			"8znlH91_": { "y": 0.5, "width": 500, "height": 395 },
			"8znlH93_": { "y": 0.5, "width": 500, "height": 395 },
			"8znlH95_": { "y": 0.5, "width": 500, "height": 395 },
			"8znlH97_": { "y": 0.5, "width": 500, "height": 395 },
			"8znlH99_": { "y": 0.5, "width": 500, "height": 395 },
			"8znlH101_": { "y": 0.5, "width": 500, "height": 395 },
			"8znlH103_": { "y": 0.5, "width": 500, "height": 395 },
			"8znlH105_": { "y": 0.5, "width": 500, "height": 395 },
			"8znlH107_": { "y": 0.5, "width": 500, "height": 395 },
			"8znlH109_": { "y": 0.5, "width": 500, "height": 395 }
		},
		"8znlH110_": {
			"8znlH110_": { "x": 56, "y": 146.5, "width": 1430, "height": 1131 }
		},
		"lh": {
			"8znlH1_": { "y": 0.5, "width": 500, "height": 395 },
			"8znlH3_": { "y": 0.5, "width": 500, "height": 395 },
			"8znlH5_": { "y": 0.5, "width": 500, "height": 395 },
			"8znlH7_": { "y": 0.5, "width": 500, "height": 395 },
			"8znlH9_": { "y": 0.5, "width": 500, "height": 395 },
			"8znlH11_": { "y": 0.5, "width": 500, "height": 395 },
			"8znlH13_": { "y": 0.5, "width": 500, "height": 395 },
			"8znlH15_": { "y": 0.5, "width": 500, "height": 395 },
			"8znlH17_": { "y": 0.5, "width": 500, "height": 395 },
			"8znlH19_": { "y": 0.5, "width": 500, "height": 395 },
			"8znlH21_": { "y": 0.5, "width": 500, "height": 395 },
			"8znlH23_": { "y": 0.5, "width": 500, "height": 395 },
			"8znlH25_": { "y": 0.5, "width": 500, "height": 395 },
			"8znlH27_": { "y": 0.5, "width": 500, "height": 395 },
			"8znlH29_": { "y": 0.5, "width": 500, "height": 395 },
			"8znlH31_": { "y": 0.5, "width": 500, "height": 395 },
			"8znlH33_": { "y": 0.5, "width": 500, "height": 395 },
			"8znlH35_": { "y": 0.5, "width": 500, "height": 395 },
			"8znlH37_": { "y": 0.5, "width": 500, "height": 395 },
			"8znlH39_": { "y": 0.5, "width": 500, "height": 395 },
			"8znlH41_": { "y": 0.5, "width": 500, "height": 395 },
			"8znlH43_": { "y": 0.5, "width": 500, "height": 395 },
			"8znlH45_": { "y": 0.5, "width": 500, "height": 395 },
			"8znlH47_": { "y": 0.5, "width": 500, "height": 395 },
			"8znlH49_": { "y": 0.5, "width": 500, "height": 395 },
			"8znlH51_": { "y": 0.5, "width": 500, "height": 395 },
			"8znlH53_": { "y": 0.5, "width": 500, "height": 395 },
			"8znlH55_": { "y": 0.5, "width": 500, "height": 395 },
			"8znlH57_": { "y": 0.5, "width": 500, "height": 395 },
			"8znlH59_": { "y": 0.5, "width": 500, "height": 395 },
			"8znlH61_": { "y": 0.5, "width": 500, "height": 395 },
			"8znlH63_": { "x": -11.77, "y": -39.22, "width": 500, "height": 395 }
		}
	}
},
"animations": {
	"animation": {
		"slots": {
			"8xl": {
				"attachment": [
					{ "time": 0, "name": "8znlH65_" },
					{ "time": 0.0667, "name": "8znlH67_" },
					{ "time": 0.1333, "name": "8znlH69_" },
					{ "time": 0.2, "name": "8znlH71_" },
					{ "time": 0.2667, "name": "8znlH73_" },
					{ "time": 0.3333, "name": "8znlH75_" },
					{ "time": 0.4, "name": "8znlH77_" },
					{ "time": 0.4667, "name": "8znlH79_" },
					{ "time": 0.5333, "name": "8znlH81_" },
					{ "time": 0.6, "name": "8znlH83_" },
					{ "time": 0.6667, "name": "8znlH85_" },
					{ "time": 0.7333, "name": "8znlH87_" },
					{ "time": 0.8, "name": "8znlH89_" },
					{ "time": 0.8667, "name": "8znlH91_" },
					{ "time": 0.9333, "name": "8znlH93_" },
					{ "time": 1, "name": "8znlH95_" },
					{ "time": 1.0667, "name": "8znlH97_" },
					{ "time": 1.1333, "name": "8znlH99_" },
					{ "time": 1.2, "name": "8znlH101_" },
					{ "time": 1.2667, "name": "8znlH103_" },
					{ "time": 1.3333, "name": "8znlH105_" },
					{ "time": 1.4, "name": "8znlH107_" },
					{ "time": 1.4667, "name": "8znlH109_" },
					{ "time": 1.5333, "name": null }
				]
			},
			"lh": {
				"attachment": [
					{ "time": 0, "name": "8znlH1_" },
					{ "time": 0.0667, "name": "8znlH3_" },
					{ "time": 0.1333, "name": "8znlH5_" },
					{ "time": 0.2, "name": "8znlH7_" },
					{ "time": 0.2667, "name": "8znlH9_" },
					{ "time": 0.3333, "name": "8znlH11_" },
					{ "time": 0.4, "name": "8znlH13_" },
					{ "time": 0.4667, "name": "8znlH15_" },
					{ "time": 0.5333, "name": "8znlH17_" },
					{ "time": 0.6, "name": "8znlH19_" },
					{ "time": 0.6667, "name": "8znlH21_" },
					{ "time": 0.7333, "name": "8znlH23_" },
					{ "time": 0.8, "name": "8znlH25_" },
					{ "time": 0.8667, "name": "8znlH27_" },
					{ "time": 0.9333, "name": "8znlH29_" },
					{ "time": 1, "name": "8znlH31_" },
					{ "time": 1.0667, "name": "8znlH33_" },
					{ "time": 1.1333, "name": "8znlH35_" },
					{ "time": 1.2, "name": "8znlH37_" },
					{ "time": 1.2667, "name": "8znlH39_" },
					{ "time": 1.3333, "name": "8znlH41_" },
					{ "time": 1.4, "name": "8znlH43_" },
					{ "time": 1.4667, "name": "8znlH45_" },
					{ "time": 1.5333, "name": "8znlH47_" },
					{ "time": 1.6, "name": "8znlH49_" },
					{ "time": 1.6667, "name": "8znlH51_" },
					{ "time": 1.7333, "name": "8znlH53_" },
					{ "time": 1.8, "name": "8znlH55_" },
					{ "time": 1.8667, "name": "8znlH57_" },
					{ "time": 1.9333, "name": "8znlH59_" },
					{ "time": 2, "name": "8znlH61_" },
					{ "time": 2.0667, "name": null }
				]
			}
		}
	}
}
}