{
"skeleton": { "hash": "kFNCcxudg5BIq+CsSJ720cl4d5I", "spine": "3.7.94", "width": 0, "height": 0, "images": "./images/", "audio": "F:/COK项目/Spine工程/神魔女战士—高级攻击" },
"bones": [
	{ "name": "root" },
	{ "name": "gongji_monv_lizi", "parent": "root", "y": 323.21, "scaleX": 3, "scaleY": 3 },
	{ "name": "gaoji_daoguang", "parent": "root", "y": 323.21, "scaleX": 2.5, "scaleY": 2.5 }
],
"slots": [
	{ "name": "gongji_monv_lizi", "bone": "gongji_monv_lizi" },
	{ "name": "gaoji_daoguang", "bone": "gaoji_daoguang" }
],
"skins": {
	"default": {
		"gaoji_daoguang": {
			"gaoji_daoguang_028_": { "width": 880, "height": 880 },
			"gaoji_daoguang_030_": { "width": 880, "height": 880 },
			"gaoji_daoguang_032_": { "width": 880, "height": 880 },
			"gaoji_daoguang_034_": { "width": 880, "height": 880 },
			"gaoji_daoguang_036_": { "width": 880, "height": 880 },
			"gaoji_daoguang_038_": { "width": 880, "height": 880 },
			"gaoji_daoguang_040_": { "width": 880, "height": 880 },
			"gaoji_daoguang_042_": { "width": 880, "height": 880 },
			"gaoji_daoguang_046_": { "width": 880, "height": 880 },
			"gaoji_daoguang_050_": { "width": 880, "height": 880 },
			"gaoji_daoguang_054_": { "width": 880, "height": 880 },
			"gaoji_daoguang_058_": { "width": 880, "height": 880 },
			"gaoji_daoguang_062_": { "width": 880, "height": 880 },
			"gaoji_daoguang_066_": { "width": 880, "height": 880 },
			"gaoji_daoguang_070_": { "width": 880, "height": 880 }
		},
		"gongji_monv_lizi": {
			"gongji_monv_lizi_001_": { "width": 660, "height": 660 },
			"gongji_monv_lizi_004_": { "width": 660, "height": 660 },
			"gongji_monv_lizi_007_": { "width": 660, "height": 660 },
			"gongji_monv_lizi_010_": { "width": 660, "height": 660 },
			"gongji_monv_lizi_013_": { "width": 660, "height": 660 },
			"gongji_monv_lizi_016_": { "width": 660, "height": 660 },
			"gongji_monv_lizi_019_": { "width": 660, "height": 660 },
			"gongji_monv_lizi_022_": { "width": 660, "height": 660 },
			"gongji_monv_lizi_025_": { "width": 660, "height": 660 },
			"gongji_monv_lizi_028_": { "width": 660, "height": 660 },
			"gongji_monv_lizi_031_": { "width": 660, "height": 660 },
			"gongji_monv_lizi_034_": { "width": 660, "height": 660 },
			"gongji_monv_lizi_037_": { "width": 660, "height": 660 },
			"gongji_monv_lizi_040_": { "width": 660, "height": 660 },
			"gongji_monv_lizi_043_": { "width": 660, "height": 660 },
			"gongji_monv_lizi_046_": { "width": 660, "height": 660 },
			"gongji_monv_lizi_049_": { "width": 660, "height": 660 },
			"gongji_monv_lizi_052_": { "width": 660, "height": 660 },
			"gongji_monv_lizi_058_": { "width": 660, "height": 660 },
			"gongji_monv_lizi_064_": { "width": 660, "height": 660 },
			"gongji_monv_lizi_070_": { "width": 660, "height": 660 }
		}
	}
},
"animations": {
	"animation": {
		"slots": {
			"gaoji_daoguang": {
				"attachment": [
					{ "time": 0.9333, "name": "gaoji_daoguang_028_" },
					{ "time": 1, "name": "gaoji_daoguang_030_" },
					{ "time": 1.0667, "name": "gaoji_daoguang_032_" },
					{ "time": 1.1333, "name": "gaoji_daoguang_034_" },
					{ "time": 1.2, "name": "gaoji_daoguang_036_" },
					{ "time": 1.2667, "name": "gaoji_daoguang_038_" },
					{ "time": 1.3333, "name": "gaoji_daoguang_040_" },
					{ "time": 1.4, "name": "gaoji_daoguang_042_" },
					{ "time": 1.5, "name": "gaoji_daoguang_046_" },
					{ "time": 1.6, "name": "gaoji_daoguang_050_" },
					{ "time": 1.7, "name": "gaoji_daoguang_054_" },
					{ "time": 1.8, "name": "gaoji_daoguang_058_" },
					{ "time": 1.9, "name": "gaoji_daoguang_062_" },
					{ "time": 2, "name": "gaoji_daoguang_066_" },
					{ "time": 2.1, "name": "gaoji_daoguang_070_" },
					{ "time": 2.2, "name": null }
				]
			},
			"gongji_monv_lizi": {
				"attachment": [
					{ "time": 0, "name": "gongji_monv_lizi_001_" },
					{ "time": 0.1, "name": "gongji_monv_lizi_004_" },
					{ "time": 0.2, "name": "gongji_monv_lizi_007_" },
					{ "time": 0.3, "name": "gongji_monv_lizi_010_" },
					{ "time": 0.4, "name": "gongji_monv_lizi_013_" },
					{ "time": 0.5, "name": "gongji_monv_lizi_016_" },
					{ "time": 0.6, "name": "gongji_monv_lizi_019_" },
					{ "time": 0.7, "name": "gongji_monv_lizi_022_" },
					{ "time": 0.8, "name": "gongji_monv_lizi_025_" },
					{ "time": 0.9, "name": "gongji_monv_lizi_028_" },
					{ "time": 1, "name": "gongji_monv_lizi_031_" },
					{ "time": 1.1, "name": "gongji_monv_lizi_034_" },
					{ "time": 1.2, "name": "gongji_monv_lizi_037_" },
					{ "time": 1.3, "name": "gongji_monv_lizi_040_" },
					{ "time": 1.4, "name": "gongji_monv_lizi_043_" },
					{ "time": 1.5, "name": "gongji_monv_lizi_046_" },
					{ "time": 1.6, "name": "gongji_monv_lizi_049_" },
					{ "time": 1.7, "name": "gongji_monv_lizi_052_" },
					{ "time": 1.8, "name": "gongji_monv_lizi_058_" },
					{ "time": 1.9, "name": "gongji_monv_lizi_064_" },
					{ "time": 2, "name": "gongji_monv_lizi_070_" },
					{ "time": 2.1, "name": null }
				]
			}
		}
	}
}
}