{
"skeleton": { "hash": "MK8I1AFhE/sFdRZp1Ell3D7TFIk", "spine": "2.1.27", "width": 0, "height": 0 },
"bones": [
	{ "name": "root" }
],
"slots": [
	{ "name": "miyin_ditu_0_", "bone": "root" },
	{ "name": "miyinkuang_texiao_", "bone": "root", "blend": "additive" },
	{ "name": "miyinkuang_fengche_0_", "bone": "root" },
	{ "name": "miyinkuang_shengjiangjia_0_", "bone": "root" },
	{ "name": "miyinkuang_xiaoche_0_", "bone": "root" }
],
"skins": {
	"default": {
		"miyin_ditu_0_": {
			"miyin_ditu_0_": { "x": 20.99, "y": 95.5, "width": 360, "height": 217 }
		},
		"miyinkuang_fengche_0_": {
			"miyinkuang_fengche_0_": { "x": -30.5, "y": 132, "width": 35, "height": 42 },
			"miyinkuang_fengche_10_": { "x": -30.5, "y": 132.5, "width": 35, "height": 49 },
			"miyinkuang_fengche_11_": { "x": -30, "y": 131.5, "width": 34, "height": 45 },
			"miyinkuang_fengche_12_": { "x": -30.5, "y": 132, "width": 37, "height": 44 },
			"miyinkuang_fengche_13_": { "x": -30.5, "y": 132.5, "width": 37, "height": 49 },
			"miyinkuang_fengche_14_": { "x": -30.5, "y": 132, "width": 33, "height": 48 },
			"miyinkuang_fengche_1_": { "x": -30.5, "y": 132, "width": 37, "height": 46 },
			"miyinkuang_fengche_2_": { "x": -30.5, "y": 132.5, "width": 37, "height": 49 },
			"miyinkuang_fengche_3_": { "x": -30.5, "y": 132, "width": 31, "height": 48 },
			"miyinkuang_fengche_4_": { "x": -31, "y": 132, "width": 36, "height": 40 },
			"miyinkuang_fengche_5_": { "x": -30.5, "y": 132.5, "width": 37, "height": 47 },
			"miyinkuang_fengche_6_": { "x": -31, "y": 132, "width": 36, "height": 50 },
			"miyinkuang_fengche_7_": { "x": -30.5, "y": 132.5, "width": 31, "height": 47 },
			"miyinkuang_fengche_8_": { "x": -30.5, "y": 132, "width": 37, "height": 42 },
			"miyinkuang_fengche_9_": { "x": -30.5, "y": 132, "width": 37, "height": 48 }
		},
		"miyinkuang_shengjiangjia_0_": {
			"miyinkuang_shengjiangjia_0_": { "x": 47, "y": 96.5, "width": 40, "height": 139 },
			"miyinkuang_shengjiangjia_10_": { "x": 47, "y": 96.5, "width": 40, "height": 139 },
			"miyinkuang_shengjiangjia_11_": { "x": 47, "y": 96.5, "width": 40, "height": 139 },
			"miyinkuang_shengjiangjia_12_": { "x": 47, "y": 96.5, "width": 40, "height": 139 },
			"miyinkuang_shengjiangjia_13_": { "x": 47, "y": 96.5, "width": 40, "height": 139 },
			"miyinkuang_shengjiangjia_14_": { "x": 47, "y": 96.5, "width": 40, "height": 139 },
			"miyinkuang_shengjiangjia_1_": { "x": 47, "y": 96.5, "width": 40, "height": 139 },
			"miyinkuang_shengjiangjia_2_": { "x": 47, "y": 96.5, "width": 40, "height": 139 },
			"miyinkuang_shengjiangjia_3_": { "x": 47, "y": 96.5, "width": 40, "height": 139 },
			"miyinkuang_shengjiangjia_4_": { "x": 47, "y": 96.5, "width": 40, "height": 139 },
			"miyinkuang_shengjiangjia_5_": { "x": 47, "y": 96.5, "width": 40, "height": 139 },
			"miyinkuang_shengjiangjia_6_": { "x": 47, "y": 96.5, "width": 40, "height": 139 },
			"miyinkuang_shengjiangjia_7_": { "x": 47, "y": 96.5, "width": 40, "height": 139 },
			"miyinkuang_shengjiangjia_8_": { "x": 47, "y": 96.5, "width": 40, "height": 139 },
			"miyinkuang_shengjiangjia_9_": { "x": 47, "y": 96.5, "width": 40, "height": 139 }
		},
		"miyinkuang_texiao_": {
			"miyinkuang_texiao_": { "x": 26.99, "y": 66.49, "width": 158, "height": 91 }
		},
		"miyinkuang_xiaoche_0_": {
			"miyinkuang_xiaoche_0_": { "x": 71.49, "y": 150.5, "width": 25, "height": 19 },
			"miyinkuang_xiaoche_10_": { "x": 149.99, "y": 99, "width": 20, "height": 16 },
			"miyinkuang_xiaoche_11_": { "x": 146.99, "y": 92.49, "width": 24, "height": 17 },
			"miyinkuang_xiaoche_12_": { "x": 140.49, "y": 86.49, "width": 25, "height": 19 },
			"miyinkuang_xiaoche_13_": { "x": 131.99, "y": 81.99, "width": 26, "height": 18 },
			"miyinkuang_xiaoche_14_": { "x": 123.49, "y": 76.49, "width": 25, "height": 19 },
			"miyinkuang_xiaoche_1_": { "x": 82.49, "y": 146, "width": 25, "height": 18 },
			"miyinkuang_xiaoche_2_": { "x": 92.49, "y": 142, "width": 25, "height": 18 },
			"miyinkuang_xiaoche_3_": { "x": 102.49, "y": 137.5, "width": 25, "height": 19 },
			"miyinkuang_xiaoche_4_": { "x": 111.99, "y": 133, "width": 26, "height": 18 },
			"miyinkuang_xiaoche_5_": { "x": 121.49, "y": 128, "width": 25, "height": 18 },
			"miyinkuang_xiaoche_6_": { "x": 129.49, "y": 123.5, "width": 25, "height": 19 },
			"miyinkuang_xiaoche_7_": { "x": 136.99, "y": 117.5, "width": 24, "height": 17 },
			"miyinkuang_xiaoche_8_": { "x": 142.99, "y": 112, "width": 24, "height": 18 },
			"miyinkuang_xiaoche_9_": { "x": 147.99, "y": 105.5, "width": 22, "height": 17 }
		}
	}
},
"animations": {
	"animation": {
		"slots": {
			"miyin_ditu_0_": {
				"attachment": [
					{ "time": 0, "name": "miyin_ditu_0_" },
					{ "time": 2, "name": "miyin_ditu_0_" },
					{ "time": 4.2, "name": "miyin_ditu_0_" }
				]
			},
			"miyinkuang_fengche_0_": {
				"attachment": [
					{ "time": 0, "name": "miyinkuang_fengche_0_" },
					{ "time": 0.1333, "name": "miyinkuang_fengche_1_" },
					{ "time": 0.2666, "name": "miyinkuang_fengche_2_" },
					{ "time": 0.4, "name": "miyinkuang_fengche_3_" },
					{ "time": 0.5333, "name": "miyinkuang_fengche_4_" },
					{ "time": 0.6666, "name": "miyinkuang_fengche_5_" },
					{ "time": 0.8, "name": "miyinkuang_fengche_6_" },
					{ "time": 0.9333, "name": "miyinkuang_fengche_7_" },
					{ "time": 1.0666, "name": "miyinkuang_fengche_8_" },
					{ "time": 1.2, "name": "miyinkuang_fengche_9_" },
					{ "time": 1.3333, "name": "miyinkuang_fengche_10_" },
					{ "time": 1.4666, "name": "miyinkuang_fengche_11_" },
					{ "time": 1.6, "name": "miyinkuang_fengche_12_" },
					{ "time": 1.7333, "name": "miyinkuang_fengche_13_" },
					{ "time": 1.8666, "name": "miyinkuang_fengche_14_" },
					{ "time": 2, "name": "miyinkuang_fengche_0_" },
					{ "time": 2.1666, "name": "miyinkuang_fengche_1_" },
					{ "time": 2.3, "name": "miyinkuang_fengche_2_" },
					{ "time": 2.4333, "name": "miyinkuang_fengche_3_" },
					{ "time": 2.5666, "name": "miyinkuang_fengche_4_" },
					{ "time": 2.7333, "name": "miyinkuang_fengche_5_" },
					{ "time": 2.9, "name": "miyinkuang_fengche_6_" },
					{ "time": 3.0666, "name": "miyinkuang_fengche_7_" },
					{ "time": 3.2, "name": "miyinkuang_fengche_8_" },
					{ "time": 3.3333, "name": "miyinkuang_fengche_9_" },
					{ "time": 3.4666, "name": "miyinkuang_fengche_10_" },
					{ "time": 3.6, "name": "miyinkuang_fengche_11_" },
					{ "time": 3.7333, "name": "miyinkuang_fengche_12_" },
					{ "time": 3.8666, "name": "miyinkuang_fengche_13_" },
					{ "time": 4.0333, "name": "miyinkuang_fengche_14_" },
					{ "time": 4.2, "name": "miyinkuang_fengche_0_" }
				]
			},
			"miyinkuang_shengjiangjia_0_": {
				"attachment": [
					{ "time": 0, "name": "miyinkuang_shengjiangjia_0_" },
					{ "time": 0.1333, "name": "miyinkuang_shengjiangjia_1_" },
					{ "time": 0.2666, "name": "miyinkuang_shengjiangjia_2_" },
					{ "time": 0.4, "name": "miyinkuang_shengjiangjia_3_" },
					{ "time": 0.5333, "name": "miyinkuang_shengjiangjia_4_" },
					{ "time": 0.6666, "name": "miyinkuang_shengjiangjia_5_" },
					{ "time": 0.8, "name": "miyinkuang_shengjiangjia_6_" },
					{ "time": 0.9333, "name": "miyinkuang_shengjiangjia_7_" },
					{ "time": 1.0666, "name": "miyinkuang_shengjiangjia_8_" },
					{ "time": 1.2, "name": "miyinkuang_shengjiangjia_9_" },
					{ "time": 1.3333, "name": "miyinkuang_shengjiangjia_10_" },
					{ "time": 1.4666, "name": "miyinkuang_shengjiangjia_11_" },
					{ "time": 1.6, "name": "miyinkuang_shengjiangjia_12_" },
					{ "time": 1.7333, "name": "miyinkuang_shengjiangjia_13_" },
					{ "time": 1.8666, "name": "miyinkuang_shengjiangjia_14_" },
					{ "time": 2, "name": "miyinkuang_shengjiangjia_14_" },
					{ "time": 2.1666, "name": "miyinkuang_shengjiangjia_14_" },
					{ "time": 4.2, "name": "miyinkuang_shengjiangjia_0_" }
				]
			},
			"miyinkuang_texiao_": {
				"attachment": [
					{ "time": 0, "name": "miyinkuang_texiao_" },
					{ "time": 4.2, "name": "miyinkuang_texiao_" }
				],
				"color": [
					{ "time": 0, "color": "ffffffff" },
					{ "time": 0.9333, "color": "ffffff00" },
					{ "time": 2, "color": "ffffffff" },
					{ "time": 3.2, "color": "ffffff00" },
					{ "time": 4.2, "color": "ffffffff" }
				]
			},
			"miyinkuang_xiaoche_0_": {
				"attachment": [
					{ "time": 0, "name": "miyinkuang_xiaoche_0_" },
					{ "time": 0.1333, "name": "miyinkuang_xiaoche_1_" },
					{ "time": 0.2666, "name": "miyinkuang_xiaoche_2_" },
					{ "time": 0.4, "name": "miyinkuang_xiaoche_3_" },
					{ "time": 0.5333, "name": "miyinkuang_xiaoche_4_" },
					{ "time": 0.6666, "name": "miyinkuang_xiaoche_5_" },
					{ "time": 0.8, "name": "miyinkuang_xiaoche_6_" },
					{ "time": 0.9333, "name": "miyinkuang_xiaoche_7_" },
					{ "time": 1.0666, "name": "miyinkuang_xiaoche_8_" },
					{ "time": 1.2, "name": "miyinkuang_xiaoche_9_" },
					{ "time": 1.3333, "name": "miyinkuang_xiaoche_10_" },
					{ "time": 1.4666, "name": "miyinkuang_xiaoche_11_" },
					{ "time": 1.6, "name": "miyinkuang_xiaoche_12_" },
					{ "time": 1.7333, "name": "miyinkuang_xiaoche_13_" },
					{ "time": 1.8666, "name": "miyinkuang_xiaoche_14_" },
					{ "time": 2, "name": "miyinkuang_xiaoche_0_" },
					{ "time": 4.2, "name": "miyinkuang_xiaoche_0_" }
				],
				"color": [
					{ "time": 0, "color": "ffffffff", "curve": "stepped" },
					{ "time": 1.6, "color": "ffffffff" },
					{ "time": 2, "color": "ffffff00" },
					{ "time": 4.2, "color": "ffffffff" }
				]
			}
		},
		"drawOrder": [
			{
				"time": 0,
				"offsets": [
					{ "slot": "miyinkuang_texiao_", "offset": 3 }
				]
			}
		]
	}
}
}