{
"skeleton": { "hash": "GouTZK3D3mFK0UjrILamd9v9N1c", "spine": "2.1.27", "width": 0, "height": 0 },
"bones": [
	{ "name": "root" },
	{ "name": "bone", "parent": "root", "scaleX": 1.3, "scaleY": 1.3 }
],
"slots": [
	{ "name": "wangzuo02_", "bone": "bone" },
	{ "name": "wangzuo02_tx_029_", "bone": "bone" },
	{ "name": "wangzuo02_tx_028_", "bone": "bone" },
	{ "name": "wangzuo02_tx_027_", "bone": "bone" },
	{ "name": "wangzuo02_tx_026_", "bone": "bone" },
	{ "name": "wangzuo02_tx_025_", "bone": "bone" },
	{ "name": "wangzuo02_tx_024_", "bone": "bone" },
	{ "name": "wangzuo02_tx_023_", "bone": "bone" },
	{ "name": "wangzuo02_tx_022_", "bone": "bone" },
	{ "name": "wangzuo02_tx_021_", "bone": "bone" },
	{ "name": "wangzuo02_tx_020_", "bone": "bone" },
	{ "name": "wangzuo02_tx_019_", "bone": "bone" },
	{ "name": "wangzuo02_tx_018_", "bone": "bone" },
	{ "name": "wangzuo02_tx_017_", "bone": "bone" },
	{ "name": "wangzuo02_tx_016_", "bone": "bone" },
	{ "name": "wangzuo02_tx_015_", "bone": "bone" },
	{ "name": "wangzuo02_tx_014_", "bone": "bone" },
	{ "name": "wangzuo02_tx_013_", "bone": "bone" },
	{ "name": "wangzuo02_tx_012_", "bone": "bone" },
	{ "name": "wangzuo02_tx_011_", "bone": "bone" },
	{ "name": "wangzuo02_tx_010_", "bone": "bone" },
	{ "name": "wangzuo02_tx_009_", "bone": "bone" },
	{ "name": "wangzuo02_tx_008_", "bone": "bone" },
	{ "name": "wangzuo02_tx_007_", "bone": "bone" },
	{ "name": "wangzuo02_tx_006_", "bone": "bone" },
	{ "name": "wangzuo02_tx_005_", "bone": "bone" },
	{ "name": "wangzuo02_tx_004_", "bone": "bone" },
	{ "name": "wangzuo02_tx_003_", "bone": "bone" },
	{ "name": "wangzuo02_tx_002_", "bone": "bone" },
	{ "name": "wangzuo02_tx_001_", "bone": "bone" },
	{ "name": "wangzuo02_tx_000_", "bone": "bone" }
],
"skins": {
	"default": {
		"wangzuo02_": {
			"wangzuo02_": { "x": 3.1, "y": 182.21, "width": 236, "height": 368 }
		},
		"wangzuo02_tx_000_": {
			"wangzuo02_tx_000_": { "x": -1.39, "y": 171.21, "width": 187, "height": 238 }
		},
		"wangzuo02_tx_001_": {
			"wangzuo02_tx_001_": { "x": -0.39, "y": 172.71, "width": 187, "height": 239 }
		},
		"wangzuo02_tx_002_": {
			"wangzuo02_tx_002_": { "x": -0.89, "y": 172.21, "width": 186, "height": 238 }
		},
		"wangzuo02_tx_003_": {
			"wangzuo02_tx_003_": { "x": -1.39, "y": 171.21, "width": 187, "height": 236 }
		},
		"wangzuo02_tx_004_": {
			"wangzuo02_tx_004_": { "x": -1.89, "y": 170.71, "width": 188, "height": 237 }
		},
		"wangzuo02_tx_005_": {
			"wangzuo02_tx_005_": { "x": -1.39, "y": 171.21, "width": 189, "height": 236 }
		},
		"wangzuo02_tx_006_": {
			"wangzuo02_tx_006_": { "x": -0.89, "y": 171.21, "width": 188, "height": 238 }
		},
		"wangzuo02_tx_007_": {
			"wangzuo02_tx_007_": { "x": -0.89, "y": 171.21, "width": 188, "height": 238 }
		},
		"wangzuo02_tx_008_": {
			"wangzuo02_tx_008_": { "x": -0.39, "y": 171.21, "width": 187, "height": 238 }
		},
		"wangzuo02_tx_009_": {
			"wangzuo02_tx_009_": { "x": -0.39, "y": 171.21, "width": 187, "height": 236 }
		},
		"wangzuo02_tx_010_": {
			"wangzuo02_tx_010_": { "x": -1.39, "y": 171.21, "width": 187, "height": 238 }
		},
		"wangzuo02_tx_011_": {
			"wangzuo02_tx_011_": { "x": -0.39, "y": 172.71, "width": 187, "height": 239 }
		},
		"wangzuo02_tx_012_": {
			"wangzuo02_tx_012_": { "x": -0.89, "y": 172.21, "width": 186, "height": 238 }
		},
		"wangzuo02_tx_013_": {
			"wangzuo02_tx_013_": { "x": -1.39, "y": 171.21, "width": 187, "height": 236 }
		},
		"wangzuo02_tx_014_": {
			"wangzuo02_tx_014_": { "x": -1.89, "y": 170.71, "width": 188, "height": 237 }
		},
		"wangzuo02_tx_015_": {
			"wangzuo02_tx_015_": { "x": -1.39, "y": 171.21, "width": 189, "height": 236 }
		},
		"wangzuo02_tx_016_": {
			"wangzuo02_tx_016_": { "x": -0.89, "y": 171.21, "width": 188, "height": 238 }
		},
		"wangzuo02_tx_017_": {
			"wangzuo02_tx_017_": { "x": -0.89, "y": 171.21, "width": 188, "height": 238 }
		},
		"wangzuo02_tx_018_": {
			"wangzuo02_tx_018_": { "x": -0.39, "y": 171.21, "width": 187, "height": 238 }
		},
		"wangzuo02_tx_019_": {
			"wangzuo02_tx_019_": { "x": -0.39, "y": 171.21, "width": 187, "height": 236 }
		},
		"wangzuo02_tx_020_": {
			"wangzuo02_tx_020_": { "x": -1.39, "y": 171.21, "width": 187, "height": 238 }
		},
		"wangzuo02_tx_021_": {
			"wangzuo02_tx_021_": { "x": -0.39, "y": 172.71, "width": 187, "height": 239 }
		},
		"wangzuo02_tx_022_": {
			"wangzuo02_tx_022_": { "x": -0.89, "y": 172.21, "width": 186, "height": 238 }
		},
		"wangzuo02_tx_023_": {
			"wangzuo02_tx_023_": { "x": -1.39, "y": 171.21, "width": 187, "height": 236 }
		},
		"wangzuo02_tx_024_": {
			"wangzuo02_tx_024_": { "x": -1.89, "y": 170.71, "width": 188, "height": 237 }
		},
		"wangzuo02_tx_025_": {
			"wangzuo02_tx_025_": { "x": -1.39, "y": 171.21, "width": 189, "height": 236 }
		},
		"wangzuo02_tx_026_": {
			"wangzuo02_tx_026_": { "x": -0.89, "y": 171.21, "width": 188, "height": 238 }
		},
		"wangzuo02_tx_027_": {
			"wangzuo02_tx_027_": { "x": -0.89, "y": 171.21, "width": 188, "height": 238 }
		},
		"wangzuo02_tx_028_": {
			"wangzuo02_tx_028_": { "x": -0.39, "y": 171.21, "width": 187, "height": 238 }
		},
		"wangzuo02_tx_029_": {
			"wangzuo02_tx_029_": { "x": -0.39, "y": 171.21, "width": 187, "height": 236 }
		}
	}
},
"animations": {
	"animation": {
		"slots": {
			"wangzuo02_": {
				"attachment": [
					{ "time": 0, "name": "wangzuo02_" }
				]
			},
			"wangzuo02_tx_000_": {
				"attachment": [
					{ "time": 0, "name": "wangzuo02_tx_000_" },
					{ "time": 0.0666, "name": "wangzuo02_tx_000_" },
					{ "time": 0.1333, "name": null }
				]
			},
			"wangzuo02_tx_001_": {
				"attachment": [
					{ "time": 0, "name": null },
					{ "time": 0.0666, "name": null },
					{ "time": 0.1333, "name": "wangzuo02_tx_001_" },
					{ "time": 0.2, "name": "wangzuo02_tx_001_" },
					{ "time": 0.2666, "name": null }
				]
			},
			"wangzuo02_tx_002_": {
				"attachment": [
					{ "time": 0, "name": null },
					{ "time": 0.2, "name": null },
					{ "time": 0.2666, "name": "wangzuo02_tx_002_" },
					{ "time": 0.3333, "name": "wangzuo02_tx_002_" },
					{ "time": 0.4, "name": null }
				]
			},
			"wangzuo02_tx_003_": {
				"attachment": [
					{ "time": 0, "name": null },
					{ "time": 0.3333, "name": null },
					{ "time": 0.4, "name": "wangzuo02_tx_003_" },
					{ "time": 0.4666, "name": "wangzuo02_tx_003_" },
					{ "time": 0.5333, "name": null }
				]
			},
			"wangzuo02_tx_004_": {
				"attachment": [
					{ "time": 0, "name": null },
					{ "time": 0.4666, "name": null },
					{ "time": 0.5333, "name": "wangzuo02_tx_004_" },
					{ "time": 0.6, "name": "wangzuo02_tx_004_" },
					{ "time": 0.6666, "name": null }
				]
			},
			"wangzuo02_tx_005_": {
				"attachment": [
					{ "time": 0, "name": null },
					{ "time": 0.6, "name": null },
					{ "time": 0.6666, "name": "wangzuo02_tx_005_" },
					{ "time": 0.7333, "name": "wangzuo02_tx_005_" },
					{ "time": 0.8, "name": null }
				]
			},
			"wangzuo02_tx_006_": {
				"attachment": [
					{ "time": 0, "name": null },
					{ "time": 0.7333, "name": null },
					{ "time": 0.8, "name": "wangzuo02_tx_006_" },
					{ "time": 0.8666, "name": "wangzuo02_tx_006_" },
					{ "time": 0.9333, "name": null }
				]
			},
			"wangzuo02_tx_007_": {
				"attachment": [
					{ "time": 0, "name": null },
					{ "time": 0.8666, "name": null },
					{ "time": 0.9333, "name": "wangzuo02_tx_007_" },
					{ "time": 1, "name": "wangzuo02_tx_007_" },
					{ "time": 1.0666, "name": null }
				]
			},
			"wangzuo02_tx_008_": {
				"attachment": [
					{ "time": 0, "name": null },
					{ "time": 1, "name": null },
					{ "time": 1.0666, "name": "wangzuo02_tx_008_" },
					{ "time": 1.1333, "name": "wangzuo02_tx_008_" },
					{ "time": 1.2, "name": null }
				]
			},
			"wangzuo02_tx_009_": {
				"attachment": [
					{ "time": 0, "name": null },
					{ "time": 1.1333, "name": null },
					{ "time": 1.2, "name": "wangzuo02_tx_009_" },
					{ "time": 1.2666, "name": "wangzuo02_tx_009_" },
					{ "time": 1.3333, "name": null }
				]
			},
			"wangzuo02_tx_010_": {
				"attachment": [
					{ "time": 0, "name": null },
					{ "time": 1.2666, "name": null },
					{ "time": 1.3333, "name": "wangzuo02_tx_010_" },
					{ "time": 1.4, "name": "wangzuo02_tx_010_" },
					{ "time": 1.4666, "name": null }
				]
			},
			"wangzuo02_tx_011_": {
				"attachment": [
					{ "time": 0, "name": null },
					{ "time": 1.4, "name": null },
					{ "time": 1.4666, "name": "wangzuo02_tx_011_" },
					{ "time": 1.5333, "name": "wangzuo02_tx_011_" },
					{ "time": 1.6, "name": null }
				]
			},
			"wangzuo02_tx_012_": {
				"attachment": [
					{ "time": 0, "name": null },
					{ "time": 1.5333, "name": null },
					{ "time": 1.6, "name": "wangzuo02_tx_012_" },
					{ "time": 1.6666, "name": "wangzuo02_tx_012_" },
					{ "time": 1.7333, "name": null }
				]
			},
			"wangzuo02_tx_013_": {
				"attachment": [
					{ "time": 0, "name": null },
					{ "time": 1.6666, "name": null },
					{ "time": 1.7333, "name": "wangzuo02_tx_013_" },
					{ "time": 1.8, "name": "wangzuo02_tx_013_" },
					{ "time": 1.8666, "name": null }
				]
			},
			"wangzuo02_tx_014_": {
				"attachment": [
					{ "time": 0, "name": null },
					{ "time": 1.8, "name": null },
					{ "time": 1.8666, "name": "wangzuo02_tx_014_" },
					{ "time": 1.9333, "name": "wangzuo02_tx_014_" },
					{ "time": 2, "name": null }
				]
			},
			"wangzuo02_tx_015_": {
				"attachment": [
					{ "time": 0, "name": null },
					{ "time": 1.9333, "name": null },
					{ "time": 2, "name": "wangzuo02_tx_015_" },
					{ "time": 2.0666, "name": "wangzuo02_tx_015_" },
					{ "time": 2.1333, "name": null }
				]
			},
			"wangzuo02_tx_016_": {
				"attachment": [
					{ "time": 0, "name": null },
					{ "time": 2.0666, "name": null },
					{ "time": 2.1333, "name": "wangzuo02_tx_016_" },
					{ "time": 2.2, "name": "wangzuo02_tx_016_" },
					{ "time": 2.2666, "name": null }
				]
			},
			"wangzuo02_tx_017_": {
				"attachment": [
					{ "time": 0, "name": null },
					{ "time": 2.2, "name": null },
					{ "time": 2.2666, "name": "wangzuo02_tx_017_" },
					{ "time": 2.3333, "name": "wangzuo02_tx_017_" },
					{ "time": 2.4, "name": null }
				]
			},
			"wangzuo02_tx_018_": {
				"attachment": [
					{ "time": 0, "name": null },
					{ "time": 2.3333, "name": null },
					{ "time": 2.4, "name": "wangzuo02_tx_018_" },
					{ "time": 2.4666, "name": "wangzuo02_tx_018_" },
					{ "time": 2.5333, "name": null }
				]
			},
			"wangzuo02_tx_019_": {
				"attachment": [
					{ "time": 0, "name": null },
					{ "time": 2.4666, "name": null },
					{ "time": 2.5333, "name": "wangzuo02_tx_019_" },
					{ "time": 2.6, "name": "wangzuo02_tx_019_" },
					{ "time": 2.6666, "name": null }
				]
			},
			"wangzuo02_tx_020_": {
				"attachment": [
					{ "time": 0, "name": null },
					{ "time": 2.6, "name": null },
					{ "time": 2.6666, "name": "wangzuo02_tx_020_" },
					{ "time": 2.7333, "name": "wangzuo02_tx_020_" },
					{ "time": 2.8, "name": null }
				]
			},
			"wangzuo02_tx_021_": {
				"attachment": [
					{ "time": 0, "name": null },
					{ "time": 2.7333, "name": null },
					{ "time": 2.8, "name": "wangzuo02_tx_021_" },
					{ "time": 2.8666, "name": "wangzuo02_tx_021_" },
					{ "time": 2.9333, "name": null }
				]
			},
			"wangzuo02_tx_022_": {
				"attachment": [
					{ "time": 0, "name": null },
					{ "time": 2.8666, "name": null },
					{ "time": 2.9333, "name": "wangzuo02_tx_022_" },
					{ "time": 3, "name": "wangzuo02_tx_022_" },
					{ "time": 3.0666, "name": null }
				]
			},
			"wangzuo02_tx_023_": {
				"attachment": [
					{ "time": 0, "name": null },
					{ "time": 3, "name": null },
					{ "time": 3.0666, "name": "wangzuo02_tx_023_" },
					{ "time": 3.1333, "name": "wangzuo02_tx_023_" },
					{ "time": 3.2, "name": null }
				]
			},
			"wangzuo02_tx_024_": {
				"attachment": [
					{ "time": 0, "name": null },
					{ "time": 3.1333, "name": null },
					{ "time": 3.2, "name": "wangzuo02_tx_024_" },
					{ "time": 3.2666, "name": "wangzuo02_tx_024_" },
					{ "time": 3.3333, "name": null }
				]
			},
			"wangzuo02_tx_025_": {
				"attachment": [
					{ "time": 0, "name": null },
					{ "time": 3.2666, "name": null },
					{ "time": 3.3333, "name": "wangzuo02_tx_025_" },
					{ "time": 3.4, "name": "wangzuo02_tx_025_" },
					{ "time": 3.4666, "name": null }
				]
			},
			"wangzuo02_tx_026_": {
				"attachment": [
					{ "time": 0, "name": null },
					{ "time": 3.4, "name": null },
					{ "time": 3.4666, "name": "wangzuo02_tx_026_" },
					{ "time": 3.5333, "name": "wangzuo02_tx_026_" },
					{ "time": 3.6, "name": null }
				]
			},
			"wangzuo02_tx_027_": {
				"attachment": [
					{ "time": 0, "name": null },
					{ "time": 3.5333, "name": null },
					{ "time": 3.6, "name": "wangzuo02_tx_027_" },
					{ "time": 3.6666, "name": "wangzuo02_tx_027_" },
					{ "time": 3.7333, "name": null }
				]
			},
			"wangzuo02_tx_028_": {
				"attachment": [
					{ "time": 0, "name": null },
					{ "time": 3.6666, "name": null },
					{ "time": 3.7333, "name": "wangzuo02_tx_028_" },
					{ "time": 3.8, "name": "wangzuo02_tx_028_" },
					{ "time": 3.8666, "name": null }
				]
			},
			"wangzuo02_tx_029_": {
				"attachment": [
					{ "time": 0, "name": null },
					{ "time": 3.8, "name": null },
					{ "time": 3.8666, "name": "wangzuo02_tx_029_" },
					{ "time": 3.9333, "name": "wangzuo02_tx_029_" },
					{ "time": 4, "name": null }
				]
			}
		}
	}
}
}