{
"skeleton": { "hash": "PtvC/armnF6pKCHIC6KgYjJoIsE", "spine": "2.1.27", "width": 0, "height": 0 },
"bones": [
	{ "name": "root" },
	{ "name": "bone3", "parent": "root" },
	{ "name": "jiemian_xinfeng_", "parent": "root", "x": 18.38, "y": 78.37 },
	{ "name": "jiemian_xinfengdoudong_", "parent": "root", "x": 23.95, "y": 23.58 },
	{ "name": "jiemian_youchuo_", "parent": "root", "x": 16.52, "y": 64.38 },
	{ "name": "bone", "parent": "jiemian_xinfeng_", "length": 34.8, "x": -24.51, "y": -74.48, "rotation": -103.82 },
	{ "name": "bone2", "parent": "jiemian_xinfeng_", "length": 28.67, "x": 21.52, "y": -75.98, "rotation": -78.86 }
],
"slots": [
	{ "name": "jiemian_xinfeng_", "bone": "jiemian_xinfeng_" },
	{ "name": "jiemian_youchuo_", "bone": "jiemian_youchuo_" },
	{ "name": "jiemian_mailtexiao_0_", "bone": "bone3" }
],
"skins": {
	"default": {
		"jiemian_mailtexiao_0_": {
			"jiemian_mailtexiao_0_": { "width": 110, "height": 110 },
			"jiemian_mailtexiao_1_": { "width": 110, "height": 110 },
			"jiemian_mailtexiao_2_": { "width": 110, "height": 110 },
			"jiemian_mailtexiao_3_": { "width": 110, "height": 110 },
			"jiemian_mailtexiao_4_": { "width": 110, "height": 110 },
			"jiemian_mailtexiao_5_": { "width": 110, "height": 110 },
			"jiemian_mailtexiao_6_": { "width": 110, "height": 110 },
			"jiemian_mailtexiao_7_": { "width": 110, "height": 110 },
			"jiemian_mailtexiao_8_": { "width": 110, "height": 110 },
			"jiemian_mailtexiao_9_": { "width": 110, "height": 110 }
		},
		"jiemian_xinfeng_": {
			"jiemian_xinfeng_": {
				"type": "skinnedmesh",
				"uvs": [ 1, 1, 0, 1, 0, 0, 0.17954, 0, 0.80255, 0, 1, 0, 0.04254, 0.60245, 0.02841, 0.68617, 0.05776, 0.72953, 0.23934, 0.737, 0.35024, 0.72654, 0.34589, 0.78036, 0.34263, 0.85511, 0.35568, 0.90295, 0.40243, 0.91491, 0.43505, 0.90594, 0.42635, 0.83866, 0.43287, 0.73999, 0.49159, 0.71607, 0.52747, 0.72205, 0.5503, 0.74298, 0.54595, 0.82371, 0.5329, 0.89248, 0.57532, 0.91342, 0.62315, 0.888, 0.62749, 0.78185, 0.6101, 0.72355, 0.95368, 0.71607, 0.96455, 0.66225 ],
				"triangles": [ 1, 14, 0, 9, 12, 1, 25, 26, 27, 20, 19, 26, 20, 18, 19, 28, 26, 19, 17, 10, 18, 11, 9, 10, 1, 8, 9, 10, 9, 6, 27, 28, 0, 27, 26, 28, 1, 7, 8, 6, 9, 8, 2, 6, 7, 18, 3, 4, 6, 2, 3, 28, 4, 5, 7, 1, 2, 6, 8, 7, 10, 6, 3, 4, 28, 19, 5, 0, 28, 3, 18, 10, 19, 18, 4, 0, 24, 27, 1, 13, 14, 13, 1, 12, 14, 15, 23, 15, 14, 16, 14, 13, 16, 15, 16, 22, 13, 12, 16, 21, 16, 17, 12, 11, 16, 12, 9, 11, 16, 11, 17, 11, 10, 17, 21, 17, 18, 14, 23, 0, 15, 22, 23, 23, 24, 0, 24, 25, 27, 24, 23, 21, 22, 16, 21, 23, 22, 21, 18, 20, 21, 24, 21, 25, 21, 20, 25, 20, 26, 25 ],
				"vertices": [ 1, 2, 138.11, -131.75, 1, 1, 2, -136.88, -131.75, 1, 1, 2, -136.88, 68.24, 1, 1, 2, -87.51, 68.24, 1, 1, 2, 83.81, 68.24, 1, 1, 2, 138.11, 68.24, 1, 1, 2, -125.18, -52.24, 1, 1, 2, -129.07, -68.98, 1, 1, 2, -120.99, -77.65, 1, 1, 2, -71.06, -79.15, 1, 1, 2, -40.56, -77.05, 1, 1, 5, 17.06, -13.56, 1, 1, 5, 31.79, -10.86, 1, 1, 5, 40.23, -5.09, 1, 1, 5, 39.48, 7.95, 1, 1, 5, 35.59999, 16.24, 1, 1, 5, 23.1, 10.7, 1, 1, 5, 3.51, 7.73, 1, 1, 2, -1.69, -74.96, 1, 1, 2, 8.16, -76.16, 1, 1, 6, 2.91, -7.78, 1, 1, 6, 18.53, -12.08, 1, 1, 6, 31.33, -18.25, 1, 1, 6, 37.68999, -7.61, 1, 1, 6, 35.24, 6.26, 1, 1, 6, 14.64, 11.54, 1, 1, 2, 30.89, -76.46, 1, 1, 2, 125.37, -74.96, 1, 1, 2, 128.36, -64.19999, 1 ],
				"hull": 6
			}
		},
		"jiemian_youchuo_": {
			"jiemian_youchuo_": { "x": -0.02, "y": 57.73, "width": 80, "height": 159 }
		}
	}
},
"animations": {
	"gaichuo": {
		"slots": {
			"jiemian_mailtexiao_0_": {
				"attachment": [
					{ "time": 0, "name": null },
					{ "time": 3.3, "name": null }
				]
			},
			"jiemian_xinfeng_": {
				"attachment": [
					{ "time": 0, "name": "jiemian_xinfeng_" },
					{ "time": 1.2666, "name": "jiemian_xinfeng_" }
				],
				"color": [
					{ "time": 0.1, "color": "ffffffff", "curve": "stepped" },
					{ "time": 2.0333, "color": "ffffffff", "curve": "stepped" },
					{ "time": 2.2, "color": "ffffffff" },
					{ "time": 2.8, "color": "ffffff00", "curve": "stepped" },
					{ "time": 3.3, "color": "ffffff00" }
				]
			},
			"jiemian_youchuo_": {
				"attachment": [
					{ "time": 0, "name": "jiemian_youchuo_" }
				],
				"color": [
					{ "time": 0, "color": "ffffff00", "curve": "stepped" },
					{ "time": 0.3, "color": "ffffff00" },
					{ "time": 0.3666, "color": "ffffffff", "curve": "stepped" },
					{ "time": 0.9333, "color": "ffffffff" },
					{ "time": 1.5, "color": "ffffff00" }
				]
			}
		},
		"bones": {
			"jiemian_youchuo_": {
				"rotate": [
					{ "time": 0, "angle": 0, "curve": "stepped" },
					{ "time": 0.3666, "angle": 0 },
					{ "time": 0.4333, "angle": 0.43, "curve": "stepped" },
					{ "time": 0.5, "angle": 0.43 },
					{ "time": 0.6333, "angle": -1.63 },
					{ "time": 0.7666, "angle": -0.82, "curve": "stepped" },
					{ "time": 0.9333, "angle": -0.82, "curve": "stepped" },
					{ "time": 2.0333, "angle": -0.82 }
				],
				"translate": [
					{ "time": 0, "x": 0, "y": 111.98, "curve": "stepped" },
					{ "time": 0.3666, "x": 0, "y": 111.98 },
					{ "time": 0.4333, "x": 0, "y": 0.84 },
					{ "time": 0.4666, "x": 0, "y": -39.17 },
					{ "time": 0.5, "x": 0, "y": 0.84, "curve": "stepped" },
					{ "time": 0.9333, "x": 0, "y": 0.84, "curve": "stepped" },
					{ "time": 2.0333, "x": 0, "y": 0.84 }
				],
				"scale": [
					{ "time": 0, "x": 1, "y": 1, "curve": "stepped" },
					{ "time": 0.3666, "x": 1, "y": 1, "curve": "stepped" },
					{ "time": 0.4333, "x": 1, "y": 1, "curve": "stepped" },
					{ "time": 0.5, "x": 1, "y": 1, "curve": "stepped" },
					{ "time": 0.9333, "x": 1, "y": 1, "curve": "stepped" },
					{ "time": 2.0333, "x": 1, "y": 1 }
				]
			},
			"jiemian_xinfeng_": {
				"rotate": [
					{ "time": 0, "angle": 0.5 },
					{ "time": 0.1, "angle": 0, "curve": "stepped" },
					{ "time": 0.4333, "angle": 0, "curve": "stepped" },
					{ "time": 0.5, "angle": 0, "curve": "stepped" },
					{ "time": 0.9333, "angle": 0, "curve": "stepped" },
					{ "time": 2.0333, "angle": 0, "curve": "stepped" },
					{ "time": 2.2, "angle": 0 },
					{ "time": 2.8, "angle": -177.2, "curve": "stepped" },
					{ "time": 3.3, "angle": -177.2 }
				],
				"translate": [
					{ "time": 0, "x": 0, "y": -23.56 },
					{ "time": 0.1, "x": 0, "y": 0, "curve": "stepped" },
					{ "time": 0.4333, "x": 0, "y": 0 },
					{ "time": 0.4666, "x": 0, "y": -40.01 },
					{ "time": 0.5, "x": 0, "y": 0, "curve": "stepped" },
					{ "time": 0.9333, "x": 0, "y": 0, "curve": "stepped" },
					{ "time": 2.0333, "x": 0, "y": 0, "curve": "stepped" },
					{ "time": 2.2, "x": 0, "y": 0 }
				],
				"scale": [
					{ "time": 0, "x": 1, "y": 0.698 },
					{ "time": 0.1, "x": 1, "y": 1, "curve": "stepped" },
					{ "time": 0.4333, "x": 1, "y": 1 },
					{ "time": 0.4666, "x": 0.955, "y": 0.955 },
					{ "time": 0.5, "x": 1, "y": 1, "curve": "stepped" },
					{ "time": 0.9333, "x": 1, "y": 1, "curve": "stepped" },
					{ "time": 2.0333, "x": 1, "y": 1, "curve": "stepped" },
					{ "time": 2.2, "x": 1, "y": 1 },
					{ "time": 2.8, "x": 0, "y": 0, "curve": "stepped" },
					{ "time": 3.3, "x": 0, "y": 0 }
				]
			},
			"bone": {
				"rotate": [
					{ "time": 0, "angle": 19.06, "curve": "stepped" },
					{ "time": 0.4333, "angle": 19.06 },
					{ "time": 0.4666, "angle": -10.59 },
					{ "time": 0.5, "angle": 19.06 },
					{ "time": 0.7, "angle": 11.23 },
					{ "time": 1.0333, "angle": 19.06 },
					{ "time": 1.5666, "angle": 13.79 },
					{ "time": 2.1, "angle": 21 },
					{ "time": 2.4, "angle": 41.41 },
					{ "time": 2.7333, "angle": 56.33 }
				],
				"translate": [
					{ "time": 0, "x": 0, "y": 0, "curve": "stepped" },
					{ "time": 0.4333, "x": 0, "y": 0, "curve": "stepped" },
					{ "time": 0.5, "x": 0, "y": 0, "curve": "stepped" },
					{ "time": 1.0333, "x": 0, "y": 0 }
				],
				"scale": [
					{ "time": 0, "x": 1, "y": 1, "curve": "stepped" },
					{ "time": 0.4333, "x": 1, "y": 1, "curve": "stepped" },
					{ "time": 0.5, "x": 1, "y": 1, "curve": "stepped" },
					{ "time": 1.0333, "x": 1, "y": 1 }
				]
			},
			"bone2": {
				"rotate": [
					{ "time": 0, "angle": -11.24, "curve": "stepped" },
					{ "time": 0.4333, "angle": -11.24 },
					{ "time": 0.4666, "angle": 29.3 },
					{ "time": 0.5, "angle": -11.24 },
					{ "time": 0.7, "angle": 5.09 },
					{ "time": 1.0333, "angle": -11.24 },
					{ "time": 1.5, "angle": -7.56 },
					{ "time": 2, "angle": -11.24 },
					{ "time": 2.1666, "angle": -4.8 },
					{ "time": 2.3, "angle": 10.03 },
					{ "time": 2.5, "angle": 47.46 },
					{ "time": 2.7, "angle": -3.2 }
				],
				"translate": [
					{ "time": 0, "x": 0, "y": 0, "curve": "stepped" },
					{ "time": 0.4333, "x": 0, "y": 0, "curve": "stepped" },
					{ "time": 0.5, "x": 0, "y": 0, "curve": "stepped" },
					{ "time": 1.0333, "x": 0, "y": 0, "curve": "stepped" },
					{ "time": 2, "x": 0, "y": 0 }
				],
				"scale": [
					{ "time": 0, "x": 1, "y": 1, "curve": "stepped" },
					{ "time": 0.4333, "x": 1, "y": 1, "curve": "stepped" },
					{ "time": 0.5, "x": 1, "y": 1, "curve": "stepped" },
					{ "time": 1.0333, "x": 1, "y": 1, "curve": "stepped" },
					{ "time": 2, "x": 1, "y": 1 }
				]
			}
		}
	},
	"lihua": {
		"slots": {
			"jiemian_mailtexiao_0_": {
				"attachment": [
					{ "time": 0, "name": "jiemian_mailtexiao_0_" },
					{ "time": 0.1, "name": "jiemian_mailtexiao_1_" },
					{ "time": 0.2, "name": "jiemian_mailtexiao_2_" },
					{ "time": 0.3, "name": "jiemian_mailtexiao_3_" },
					{ "time": 0.4, "name": "jiemian_mailtexiao_4_" },
					{ "time": 0.5, "name": "jiemian_mailtexiao_5_" },
					{ "time": 0.6, "name": "jiemian_mailtexiao_6_" },
					{ "time": 0.7, "name": "jiemian_mailtexiao_7_" },
					{ "time": 0.8, "name": "jiemian_mailtexiao_8_" },
					{ "time": 0.9, "name": "jiemian_mailtexiao_9_" },
					{ "time": 1, "name": null }
				]
			}
		},
		"bones": {
			"bone3": {
				"translate": [
					{ "time": 0, "x": 0, "y": 44.06, "curve": "stepped" },
					{ "time": 1, "x": 0, "y": 44.06 }
				]
			}
		}
	},
	"xinfengdoudong": {
		"slots": {
			"jiemian_mailtexiao_0_": {
				"attachment": [
					{ "time": 0, "name": null },
					{ "time": 1.3333, "name": null }
				]
			},
			"jiemian_xinfeng_": {
				"attachment": [
					{ "time": 0, "name": null }
				]
			},
			"jiemian_youchuo_": {
				"attachment": [
					{ "time": 0, "name": null }
				]
			}
		},
		"bones": {
			"jiemian_xinfengdoudong_": {
				"rotate": [
					{ "time": 0, "angle": 0 },
					{ "time": 0.2, "angle": 9.83 },
					{ "time": 0.4, "angle": -16.11 },
					{ "time": 0.6, "angle": 9.83 },
					{ "time": 0.8, "angle": -16.11 },
					{ "time": 0.9, "angle": 8.24 },
					{ "time": 1, "angle": -13.39 },
					{ "time": 1.1, "angle": 11.43 },
					{ "time": 1.2, "angle": -17.63 },
					{ "time": 1.3333, "angle": 0 }
				],
				"translate": [
					{ "time": 0, "x": -23.95, "y": -23.58, "curve": "stepped" },
					{ "time": 1.3333, "x": -23.95, "y": -23.58 }
				],
				"scale": [
					{ "time": 0, "x": 1, "y": 1, "curve": "stepped" },
					{ "time": 1.3333, "x": 1, "y": 1 }
				]
			}
		}
	}
}
}