{
"skeleton": { "hash": "ypIbO8bXh8V7jvYPa1XYu4lgatw", "spine": "2.1.27", "width": 0, "height": 0 },
"bones": [
	{ "name": "root" },
	{ "name": "bone", "parent": "root", "scaleX": 1.05, "scaleY": 1.05 }
],
"slots": [
	{ "name": "wangzuo03_", "bone": "bone" },
	{ "name": "wangzuo03_guang_", "bone": "bone", "blend": "additive" },
	{ "name": "wangzuo03_tx01_029_", "bone": "bone" },
	{ "name": "wangzuo03_tx01_028_", "bone": "bone" },
	{ "name": "wangzuo03_tx01_027_02_", "bone": "bone" },
	{ "name": "wangzuo03_tx01_027_01_", "bone": "bone" },
	{ "name": "wangzuo03_tx01_026_02_", "bone": "bone" },
	{ "name": "wangzuo03_tx01_026_01_", "bone": "bone" },
	{ "name": "wangzuo03_tx01_025_02_", "bone": "bone" },
	{ "name": "wangzuo03_tx01_025_01_", "bone": "bone" },
	{ "name": "wangzuo03_tx01_024_03_", "bone": "bone" },
	{ "name": "wangzuo03_tx01_024_02_", "bone": "bone" },
	{ "name": "wangzuo03_tx01_024_01_", "bone": "bone" },
	{ "name": "wangzuo03_tx01_023_03_", "bone": "bone" },
	{ "name": "wangzuo03_tx01_023_02_", "bone": "bone" },
	{ "name": "wangzuo03_tx01_023_01_", "bone": "bone" },
	{ "name": "wangzuo03_tx01_022_03_", "bone": "bone" },
	{ "name": "wangzuo03_tx01_022_02_", "bone": "bone" },
	{ "name": "wangzuo03_tx01_022_01_", "bone": "bone" },
	{ "name": "wangzuo03_tx01_021_02_", "bone": "bone" },
	{ "name": "wangzuo03_tx01_021_01_", "bone": "bone" },
	{ "name": "wangzuo03_tx01_020_02_", "bone": "bone" },
	{ "name": "wangzuo03_tx01_020_01_", "bone": "bone" },
	{ "name": "wangzuo03_tx01_019_02_", "bone": "bone" },
	{ "name": "wangzuo03_tx01_019_01_", "bone": "bone" },
	{ "name": "wangzuo03_tx01_018_02_", "bone": "bone" },
	{ "name": "wangzuo03_tx01_018_01_", "bone": "bone" },
	{ "name": "wangzuo03_tx01_017_02_", "bone": "bone" },
	{ "name": "wangzuo03_tx01_017_01_", "bone": "bone" },
	{ "name": "wangzuo03_tx01_016_02_", "bone": "bone" },
	{ "name": "wangzuo03_tx01_016_01_", "bone": "bone" },
	{ "name": "wangzuo03_tx01_015_02_", "bone": "bone" },
	{ "name": "wangzuo03_tx01_015_01_", "bone": "bone" },
	{ "name": "wangzuo03_tx01_014_", "bone": "bone" },
	{ "name": "wangzuo03_tx01_013_", "bone": "bone" },
	{ "name": "wangzuo03_tx01_012_", "bone": "bone" },
	{ "name": "wangzuo03_tx01_011_", "bone": "bone" },
	{ "name": "wangzuo03_tx01_010_", "bone": "bone" },
	{ "name": "wangzuo03_tx01_009_", "bone": "bone" },
	{ "name": "wangzuo03_tx01_008_", "bone": "bone" },
	{ "name": "wangzuo03_tx01_007_", "bone": "bone" },
	{ "name": "wangzuo03_tx01_006_", "bone": "bone" },
	{ "name": "wangzuo03_tx01_005_", "bone": "bone" },
	{ "name": "wangzuo03_tx01_004_", "bone": "bone" },
	{ "name": "wangzuo03_tx01_003_", "bone": "bone" },
	{ "name": "wangzuo03_tx01_002_", "bone": "bone" },
	{ "name": "wangzuo03_tx01_001_", "bone": "bone" },
	{ "name": "wangzuo03_tx01_000_", "bone": "bone" },
	{ "name": "wangzuo03_tx02_029_", "bone": "bone" },
	{ "name": "wangzuo03_tx02_028_", "bone": "bone" },
	{ "name": "wangzuo03_tx02_027_", "bone": "bone" },
	{ "name": "wangzuo03_tx02_026_", "bone": "bone" },
	{ "name": "wangzuo03_tx02_025_", "bone": "bone" },
	{ "name": "wangzuo03_tx02_024_", "bone": "bone" },
	{ "name": "wangzuo03_tx02_023_", "bone": "bone" },
	{ "name": "wangzuo03_tx02_022_", "bone": "bone" },
	{ "name": "wangzuo03_tx02_021_", "bone": "bone" },
	{ "name": "wangzuo03_tx02_020_", "bone": "bone" },
	{ "name": "wangzuo03_tx02_019_", "bone": "bone" },
	{ "name": "wangzuo03_tx02_018_", "bone": "bone" },
	{ "name": "wangzuo03_tx02_017_", "bone": "bone" },
	{ "name": "wangzuo03_tx02_016_", "bone": "bone" },
	{ "name": "wangzuo03_tx02_015_", "bone": "bone" },
	{ "name": "wangzuo03_tx02_014_", "bone": "bone" },
	{ "name": "wangzuo03_tx02_013_", "bone": "bone" },
	{ "name": "wangzuo03_tx02_012_", "bone": "bone" },
	{ "name": "wangzuo03_tx02_011_", "bone": "bone" },
	{ "name": "wangzuo03_tx02_010_", "bone": "bone" },
	{ "name": "wangzuo03_tx02_009_", "bone": "bone" },
	{ "name": "wangzuo03_tx02_008_", "bone": "bone" },
	{ "name": "wangzuo03_tx02_007_", "bone": "bone" },
	{ "name": "wangzuo03_tx02_006_", "bone": "bone" },
	{ "name": "wangzuo03_tx02_005_", "bone": "bone" },
	{ "name": "wangzuo03_tx02_004_", "bone": "bone" },
	{ "name": "wangzuo03_tx02_003_", "bone": "bone" },
	{ "name": "wangzuo03_tx02_002_", "bone": "bone" },
	{ "name": "wangzuo03_tx02_001_", "bone": "bone" },
	{ "name": "wangzuo03_tx02_000_", "bone": "bone" }
],
"skins": {
	"default": {
		"wangzuo03_": {
			"wangzuo03_": { "x": 12.97, "y": 144.82, "width": 266, "height": 295 }
		},
		"wangzuo03_guang_": {
			"wangzuo03_guang_": { "x": 12.47, "y": 144.82, "width": 277, "height": 307 }
		},
		"wangzuo03_tx01_000_": {
			"wangzuo03_tx01_000_": { "x": -24.52, "y": 320.31, "width": 365, "height": 252 }
		},
		"wangzuo03_tx01_001_": {
			"wangzuo03_tx01_001_": { "x": -24.52, "y": 320.31, "width": 365, "height": 252 }
		},
		"wangzuo03_tx01_002_": {
			"wangzuo03_tx01_002_": { "x": -24.52, "y": 320.31, "width": 365, "height": 252 }
		},
		"wangzuo03_tx01_003_": {
			"wangzuo03_tx01_003_": { "x": -24.52, "y": 320.31, "width": 365, "height": 252 }
		},
		"wangzuo03_tx01_004_": {
			"wangzuo03_tx01_004_": { "x": -24.52, "y": 320.31, "width": 365, "height": 252 }
		},
		"wangzuo03_tx01_005_": {
			"wangzuo03_tx01_005_": { "x": -24.52, "y": 321.31, "width": 365, "height": 254 }
		},
		"wangzuo03_tx01_006_": {
			"wangzuo03_tx01_006_": { "x": -30.52, "y": 321.31, "width": 377, "height": 254 }
		},
		"wangzuo03_tx01_007_": {
			"wangzuo03_tx01_007_": { "x": -31.52, "y": 320.31, "width": 379, "height": 252 }
		},
		"wangzuo03_tx01_008_": {
			"wangzuo03_tx01_008_": { "x": -24.52, "y": 322.81, "width": 365, "height": 257 }
		},
		"wangzuo03_tx01_009_": {
			"wangzuo03_tx01_009_": { "x": -24.52, "y": 325.31, "width": 365, "height": 264 }
		},
		"wangzuo03_tx01_010_": {
			"wangzuo03_tx01_010_": { "x": -26.02, "y": 324.81, "width": 368, "height": 265 }
		},
		"wangzuo03_tx01_011_": {
			"wangzuo03_tx01_011_": { "x": -25.52, "y": 325.81, "width": 367, "height": 263 }
		},
		"wangzuo03_tx01_012_": {
			"wangzuo03_tx01_012_": { "x": -24.52, "y": 324.81, "width": 371, "height": 261 }
		},
		"wangzuo03_tx01_013_": {
			"wangzuo03_tx01_013_": { "x": -25.52, "y": 325.81, "width": 385, "height": 263 }
		},
		"wangzuo03_tx01_014_": {
			"wangzuo03_tx01_014_": { "x": -26.02, "y": 325.81, "width": 398, "height": 279 }
		},
		"wangzuo03_tx01_015_01_": {
			"wangzuo03_tx01_015_01_": { "x": 167.47, "y": 213.32, "width": 85, "height": 54 }
		},
		"wangzuo03_tx01_015_02_": {
			"wangzuo03_tx01_015_02_": { "x": -19.02, "y": 331.31, "width": 404, "height": 274 }
		},
		"wangzuo03_tx01_016_01_": {
			"wangzuo03_tx01_016_01_": { "x": 188.47, "y": 205.32, "width": 113, "height": 88 }
		},
		"wangzuo03_tx01_016_02_": {
			"wangzuo03_tx01_016_02_": { "x": -23.52, "y": 325.31, "width": 391, "height": 268 }
		},
		"wangzuo03_tx01_017_01_": {
			"wangzuo03_tx01_017_01_": { "x": 208.97, "y": 203.32, "width": 148, "height": 106 }
		},
		"wangzuo03_tx01_017_02_": {
			"wangzuo03_tx01_017_02_": { "x": -23.52, "y": 319.31, "width": 391, "height": 262 }
		},
		"wangzuo03_tx01_018_01_": {
			"wangzuo03_tx01_018_01_": { "x": 213.47, "y": 206.82, "width": 151, "height": 121 }
		},
		"wangzuo03_tx01_018_02_": {
			"wangzuo03_tx01_018_02_": { "x": -23.52, "y": 323.31, "width": 377, "height": 258 }
		},
		"wangzuo03_tx01_019_01_": {
			"wangzuo03_tx01_019_01_": { "x": 224.47, "y": 202.32, "width": 149, "height": 130 }
		},
		"wangzuo03_tx01_019_02_": {
			"wangzuo03_tx01_019_02_": { "x": -25.52, "y": 321.81, "width": 373, "height": 255 }
		},
		"wangzuo03_tx01_020_01_": {
			"wangzuo03_tx01_020_01_": { "x": 229.47, "y": 201.32, "width": 167, "height": 132 }
		},
		"wangzuo03_tx01_020_02_": {
			"wangzuo03_tx01_020_02_": { "x": -22.02, "y": 320.31, "width": 370, "height": 252 }
		},
		"wangzuo03_tx01_021_01_": {
			"wangzuo03_tx01_021_01_": { "x": 233.47, "y": 198.82, "width": 171, "height": 137 }
		},
		"wangzuo03_tx01_021_02_": {
			"wangzuo03_tx01_021_02_": { "x": -24.52, "y": 318.31, "width": 365, "height": 256 }
		},
		"wangzuo03_tx01_022_01_": {
			"wangzuo03_tx01_022_01_": { "x": 196.97, "y": 234.81, "width": 94, "height": 69 }
		},
		"wangzuo03_tx01_022_02_": {
			"wangzuo03_tx01_022_02_": { "x": 266.47, "y": 181.82, "width": 131, "height": 99 }
		},
		"wangzuo03_tx01_022_03_": {
			"wangzuo03_tx01_022_03_": { "x": -24.52, "y": 318.81, "width": 365, "height": 255 }
		},
		"wangzuo03_tx01_023_01_": {
			"wangzuo03_tx01_023_01_": { "x": 279.47, "y": 180.32, "width": 99, "height": 98 }
		},
		"wangzuo03_tx01_023_02_": {
			"wangzuo03_tx01_023_02_": { "x": 196.97, "y": 235.81, "width": 102, "height": 77 }
		},
		"wangzuo03_tx01_023_03_": {
			"wangzuo03_tx01_023_03_": { "x": -24.52, "y": 317.31, "width": 365, "height": 252 }
		},
		"wangzuo03_tx01_024_01_": {
			"wangzuo03_tx01_024_01_": { "x": 279.47, "y": 180.32, "width": 97, "height": 102 }
		},
		"wangzuo03_tx01_024_02_": {
			"wangzuo03_tx01_024_02_": { "x": 191.97, "y": 230.81, "width": 62, "height": 65 }
		},
		"wangzuo03_tx01_024_03_": {
			"wangzuo03_tx01_024_03_": { "x": -25.02, "y": 317.81, "width": 378, "height": 257 }
		},
		"wangzuo03_tx01_025_01_": {
			"wangzuo03_tx01_025_01_": { "x": 282.47, "y": 179.32, "width": 95, "height": 100 }
		},
		"wangzuo03_tx01_025_02_": {
			"wangzuo03_tx01_025_02_": { "x": -22.52, "y": 319.81, "width": 375, "height": 251 }
		},
		"wangzuo03_tx01_026_01_": {
			"wangzuo03_tx01_026_01_": { "x": 288.47, "y": 171.32, "width": 79, "height": 80 }
		},
		"wangzuo03_tx01_026_02_": {
			"wangzuo03_tx01_026_02_": { "x": -29.02, "y": 319.31, "width": 366, "height": 250 }
		},
		"wangzuo03_tx01_027_01_": {
			"wangzuo03_tx01_027_01_": { "x": 286.97, "y": 172.32, "width": 64, "height": 68 }
		},
		"wangzuo03_tx01_027_02_": {
			"wangzuo03_tx01_027_02_": { "x": -24.52, "y": 320.31, "width": 365, "height": 252 }
		},
		"wangzuo03_tx01_028_": {
			"wangzuo03_tx01_028_": { "x": 47.47, "y": 313.31, "width": 509, "height": 266 }
		},
		"wangzuo03_tx01_029_": {
			"wangzuo03_tx01_029_": { "x": -24.52, "y": 320.31, "width": 365, "height": 252 }
		},
		"wangzuo03_tx02_000_": {
			"wangzuo03_tx02_000_": { "x": 17.47, "y": 199.32, "width": 389, "height": 366 }
		},
		"wangzuo03_tx02_001_": {
			"wangzuo03_tx02_001_": { "x": 12.97, "y": 186.82, "width": 386, "height": 329 }
		},
		"wangzuo03_tx02_002_": {
			"wangzuo03_tx02_002_": { "x": 14.97, "y": 184.82, "width": 388, "height": 317 }
		},
		"wangzuo03_tx02_003_": {
			"wangzuo03_tx02_003_": { "x": -12.02, "y": 182.82, "width": 420, "height": 297 }
		},
		"wangzuo03_tx02_004_": {
			"wangzuo03_tx02_004_": { "x": -8.52, "y": 175.82, "width": 421, "height": 285 }
		},
		"wangzuo03_tx02_005_": {
			"wangzuo03_tx02_005_": { "x": -4.02, "y": 188.32, "width": 390, "height": 288 }
		},
		"wangzuo03_tx02_006_": {
			"wangzuo03_tx02_006_": { "x": 21.97, "y": 182.82, "width": 324, "height": 283 }
		},
		"wangzuo03_tx02_007_": {
			"wangzuo03_tx02_007_": { "x": 14.47, "y": 180.32, "width": 317, "height": 282 }
		},
		"wangzuo03_tx02_008_": {
			"wangzuo03_tx02_008_": { "x": 17.97, "y": 183.32, "width": 314, "height": 268 }
		},
		"wangzuo03_tx02_009_": {
			"wangzuo03_tx02_009_": { "x": 20.47, "y": 183.82, "width": 285, "height": 235 }
		},
		"wangzuo03_tx02_010_": {
			"wangzuo03_tx02_010_": { "x": 22.47, "y": 186.32, "width": 221, "height": 186 }
		},
		"wangzuo03_tx02_011_": {
			"wangzuo03_tx02_011_": { "x": 19.47, "y": 165.82, "width": 117, "height": 115 }
		},
		"wangzuo03_tx02_012_": {
			"wangzuo03_tx02_012_": { "x": 5.97, "y": 164.32, "width": 90, "height": 106 }
		},
		"wangzuo03_tx02_013_": {
			"wangzuo03_tx02_013_": { "x": 14.47, "y": 159.82, "width": 63, "height": 77 }
		},
		"wangzuo03_tx02_014_": {
			"wangzuo03_tx02_014_": { "x": 13.47, "y": 165.82, "width": 49, "height": 63 }
		},
		"wangzuo03_tx02_015_": {
			"wangzuo03_tx02_015_": { "x": 12.97, "y": 166.32, "width": 50, "height": 64 }
		},
		"wangzuo03_tx02_016_": {
			"wangzuo03_tx02_016_": { "x": 13.47, "y": 166.32, "width": 51, "height": 64 }
		},
		"wangzuo03_tx02_017_": {
			"wangzuo03_tx02_017_": { "x": 12.97, "y": 165.82, "width": 50, "height": 65 }
		},
		"wangzuo03_tx02_018_": {
			"wangzuo03_tx02_018_": { "x": 13.97, "y": 166.32, "width": 48, "height": 64 }
		},
		"wangzuo03_tx02_019_": {
			"wangzuo03_tx02_019_": { "x": 13.97, "y": 165.32, "width": 48, "height": 62 }
		},
		"wangzuo03_tx02_020_": {
			"wangzuo03_tx02_020_": { "x": 12.97, "y": 164.32, "width": 48, "height": 66 }
		},
		"wangzuo03_tx02_021_": {
			"wangzuo03_tx02_021_": { "x": 13.47, "y": 165.82, "width": 49, "height": 67 }
		},
		"wangzuo03_tx02_022_": {
			"wangzuo03_tx02_022_": { "x": 12.47, "y": 167.32, "width": 49, "height": 64 }
		},
		"wangzuo03_tx02_023_": {
			"wangzuo03_tx02_023_": { "x": 12.97, "y": 166.32, "width": 50, "height": 64 }
		},
		"wangzuo03_tx02_024_": {
			"wangzuo03_tx02_024_": { "x": 12.97, "y": 165.82, "width": 50, "height": 65 }
		},
		"wangzuo03_tx02_025_": {
			"wangzuo03_tx02_025_": { "x": 13.47, "y": 164.82, "width": 51, "height": 65 }
		},
		"wangzuo03_tx02_026_": {
			"wangzuo03_tx02_026_": { "x": 13.97, "y": 164.32, "width": 46, "height": 64 }
		},
		"wangzuo03_tx02_027_": {
			"wangzuo03_tx02_027_": { "x": 13.47, "y": 164.82, "width": 47, "height": 61 }
		},
		"wangzuo03_tx02_028_": {
			"wangzuo03_tx02_028_": { "x": 12.97, "y": 166.32, "width": 48, "height": 60 }
		},
		"wangzuo03_tx02_029_": {
			"wangzuo03_tx02_029_": { "x": 12.97, "y": 165.82, "width": 48, "height": 61 }
		}
	}
},
"animations": {
	"animation": {
		"slots": {
			"wangzuo03_": {
				"attachment": [
					{ "time": 0, "name": "wangzuo03_" }
				]
			},
			"wangzuo03_guang_": {
				"attachment": [
					{ "time": 0, "name": "wangzuo03_guang_" }
				],
				"color": [
					{ "time": 0, "color": "ffffffff" },
					{ "time": 2, "color": "ffffff73" },
					{ "time": 4, "color": "ffffffff" }
				]
			},
			"wangzuo03_tx01_000_": {
				"attachment": [
					{ "time": 0, "name": "wangzuo03_tx01_000_" },
					{ "time": 0.0666, "name": "wangzuo03_tx01_000_" },
					{ "time": 0.1333, "name": null }
				]
			},
			"wangzuo03_tx01_001_": {
				"attachment": [
					{ "time": 0, "name": null },
					{ "time": 0.0666, "name": null },
					{ "time": 0.1333, "name": "wangzuo03_tx01_001_" },
					{ "time": 0.2333, "name": "wangzuo03_tx01_001_" },
					{ "time": 0.3, "name": null }
				]
			},
			"wangzuo03_tx01_002_": {
				"attachment": [
					{ "time": 0, "name": null },
					{ "time": 0.2333, "name": null },
					{ "time": 0.3, "name": "wangzuo03_tx01_002_" },
					{ "time": 0.3666, "name": "wangzuo03_tx01_002_" },
					{ "time": 0.4333, "name": null }
				]
			},
			"wangzuo03_tx01_003_": {
				"attachment": [
					{ "time": 0, "name": null },
					{ "time": 0.3666, "name": null },
					{ "time": 0.4333, "name": "wangzuo03_tx01_003_" },
					{ "time": 0.5, "name": "wangzuo03_tx01_003_" },
					{ "time": 0.6, "name": null }
				]
			},
			"wangzuo03_tx01_004_": {
				"attachment": [
					{ "time": 0, "name": null },
					{ "time": 0.5, "name": null },
					{ "time": 0.6, "name": "wangzuo03_tx01_004_" },
					{ "time": 0.6333, "name": "wangzuo03_tx01_004_" },
					{ "time": 0.7, "name": null }
				]
			},
			"wangzuo03_tx01_005_": {
				"attachment": [
					{ "time": 0, "name": null },
					{ "time": 0.6333, "name": null },
					{ "time": 0.7, "name": "wangzuo03_tx01_005_" },
					{ "time": 0.7666, "name": "wangzuo03_tx01_005_" },
					{ "time": 0.8333, "name": null }
				]
			},
			"wangzuo03_tx01_006_": {
				"attachment": [
					{ "time": 0, "name": null },
					{ "time": 0.7666, "name": null },
					{ "time": 0.8333, "name": "wangzuo03_tx01_006_" },
					{ "time": 0.9, "name": "wangzuo03_tx01_006_" },
					{ "time": 1, "name": null }
				]
			},
			"wangzuo03_tx01_007_": {
				"attachment": [
					{ "time": 0, "name": null },
					{ "time": 0.9, "name": null },
					{ "time": 1, "name": "wangzuo03_tx01_007_" },
					{ "time": 1.0666, "name": "wangzuo03_tx01_007_" },
					{ "time": 1.1333, "name": null }
				]
			},
			"wangzuo03_tx01_008_": {
				"attachment": [
					{ "time": 0, "name": null },
					{ "time": 1.0666, "name": null },
					{ "time": 1.1333, "name": "wangzuo03_tx01_008_" },
					{ "time": 1.2, "name": "wangzuo03_tx01_008_" },
					{ "time": 1.2666, "name": null }
				]
			},
			"wangzuo03_tx01_009_": {
				"attachment": [
					{ "time": 0, "name": null },
					{ "time": 1.2, "name": null },
					{ "time": 1.2666, "name": "wangzuo03_tx01_009_" },
					{ "time": 1.3666, "name": "wangzuo03_tx01_009_" },
					{ "time": 1.4333, "name": null }
				]
			},
			"wangzuo03_tx01_010_": {
				"attachment": [
					{ "time": 0, "name": null },
					{ "time": 1.3666, "name": null },
					{ "time": 1.4333, "name": "wangzuo03_tx01_010_" },
					{ "time": 1.5, "name": "wangzuo03_tx01_010_" },
					{ "time": 1.5666, "name": null }
				]
			},
			"wangzuo03_tx01_011_": {
				"attachment": [
					{ "time": 0, "name": null },
					{ "time": 1.5, "name": null },
					{ "time": 1.5666, "name": "wangzuo03_tx01_011_" },
					{ "time": 1.6333, "name": "wangzuo03_tx01_011_" },
					{ "time": 1.7333, "name": null }
				]
			},
			"wangzuo03_tx01_012_": {
				"attachment": [
					{ "time": 0, "name": null },
					{ "time": 1.6333, "name": null },
					{ "time": 1.7333, "name": "wangzuo03_tx01_012_" },
					{ "time": 1.7666, "name": "wangzuo03_tx01_012_" },
					{ "time": 1.8333, "name": null }
				]
			},
			"wangzuo03_tx01_013_": {
				"attachment": [
					{ "time": 0, "name": null },
					{ "time": 1.7666, "name": null },
					{ "time": 1.8333, "name": "wangzuo03_tx01_013_" },
					{ "time": 1.9, "name": "wangzuo03_tx01_013_" },
					{ "time": 1.9666, "name": null }
				]
			},
			"wangzuo03_tx01_014_": {
				"attachment": [
					{ "time": 0, "name": null },
					{ "time": 1.9, "name": null },
					{ "time": 1.9666, "name": "wangzuo03_tx01_014_" },
					{ "time": 2.0666, "name": "wangzuo03_tx01_014_" },
					{ "time": 2.1333, "name": null }
				]
			},
			"wangzuo03_tx01_015_01_": {
				"attachment": [
					{ "time": 0, "name": null },
					{ "time": 2.0666, "name": null },
					{ "time": 2.1333, "name": "wangzuo03_tx01_015_01_" },
					{ "time": 2.2, "name": "wangzuo03_tx01_015_01_" },
					{ "time": 2.2666, "name": null }
				]
			},
			"wangzuo03_tx01_015_02_": {
				"attachment": [
					{ "time": 0, "name": null },
					{ "time": 2.0666, "name": null },
					{ "time": 2.1333, "name": "wangzuo03_tx01_015_02_" },
					{ "time": 2.2, "name": "wangzuo03_tx01_015_02_" },
					{ "time": 2.2666, "name": null }
				]
			},
			"wangzuo03_tx01_016_01_": {
				"attachment": [
					{ "time": 0, "name": null },
					{ "time": 2.2, "name": null },
					{ "time": 2.2666, "name": "wangzuo03_tx01_016_01_" },
					{ "time": 2.3333, "name": "wangzuo03_tx01_016_01_" },
					{ "time": 2.4333, "name": null }
				]
			},
			"wangzuo03_tx01_016_02_": {
				"attachment": [
					{ "time": 0, "name": null },
					{ "time": 2.2, "name": null },
					{ "time": 2.2666, "name": "wangzuo03_tx01_016_02_" },
					{ "time": 2.3333, "name": "wangzuo03_tx01_016_02_" },
					{ "time": 2.4333, "name": null }
				]
			},
			"wangzuo03_tx01_017_01_": {
				"attachment": [
					{ "time": 0, "name": null },
					{ "time": 2.3333, "name": null },
					{ "time": 2.4333, "name": "wangzuo03_tx01_017_01_" },
					{ "time": 2.5, "name": "wangzuo03_tx01_017_01_" },
					{ "time": 2.5666, "name": null }
				]
			},
			"wangzuo03_tx01_017_02_": {
				"attachment": [
					{ "time": 0, "name": null },
					{ "time": 2.3333, "name": null },
					{ "time": 2.4333, "name": "wangzuo03_tx01_017_02_" },
					{ "time": 2.5, "name": "wangzuo03_tx01_017_02_" },
					{ "time": 2.5666, "name": null }
				]
			},
			"wangzuo03_tx01_018_01_": {
				"attachment": [
					{ "time": 0, "name": null },
					{ "time": 2.5, "name": null },
					{ "time": 2.5666, "name": "wangzuo03_tx01_018_01_" },
					{ "time": 2.6333, "name": "wangzuo03_tx01_018_01_" },
					{ "time": 2.7, "name": null }
				]
			},
			"wangzuo03_tx01_018_02_": {
				"attachment": [
					{ "time": 0, "name": null },
					{ "time": 2.5, "name": null },
					{ "time": 2.5666, "name": "wangzuo03_tx01_018_02_" },
					{ "time": 2.6333, "name": "wangzuo03_tx01_018_02_" },
					{ "time": 2.7, "name": null }
				]
			},
			"wangzuo03_tx01_019_01_": {
				"attachment": [
					{ "time": 0, "name": null },
					{ "time": 2.6333, "name": null },
					{ "time": 2.7, "name": "wangzuo03_tx01_019_01_" },
					{ "time": 2.8, "name": "wangzuo03_tx01_019_01_" },
					{ "time": 2.8666, "name": null }
				]
			},
			"wangzuo03_tx01_019_02_": {
				"attachment": [
					{ "time": 0, "name": null },
					{ "time": 2.6333, "name": null },
					{ "time": 2.7, "name": "wangzuo03_tx01_019_02_" },
					{ "time": 2.8, "name": "wangzuo03_tx01_019_02_" },
					{ "time": 2.8666, "name": null }
				]
			},
			"wangzuo03_tx01_020_01_": {
				"attachment": [
					{ "time": 0, "name": null },
					{ "time": 2.8, "name": null },
					{ "time": 2.8666, "name": "wangzuo03_tx01_020_01_" },
					{ "time": 2.9, "name": "wangzuo03_tx01_020_01_" },
					{ "time": 2.9666, "name": null }
				]
			},
			"wangzuo03_tx01_020_02_": {
				"attachment": [
					{ "time": 0, "name": null },
					{ "time": 2.8, "name": null },
					{ "time": 2.8666, "name": "wangzuo03_tx01_020_02_" },
					{ "time": 2.9, "name": "wangzuo03_tx01_020_02_" },
					{ "time": 2.9666, "name": null }
				]
			},
			"wangzuo03_tx01_021_01_": {
				"attachment": [
					{ "time": 0, "name": null },
					{ "time": 2.9, "name": null },
					{ "time": 2.9666, "name": "wangzuo03_tx01_021_01_" },
					{ "time": 3.0333, "name": "wangzuo03_tx01_021_01_" },
					{ "time": 3.1, "name": null }
				]
			},
			"wangzuo03_tx01_021_02_": {
				"attachment": [
					{ "time": 0, "name": null },
					{ "time": 2.9, "name": null },
					{ "time": 2.9666, "name": "wangzuo03_tx01_021_02_" },
					{ "time": 3.0333, "name": "wangzuo03_tx01_021_02_" },
					{ "time": 3.1, "name": null }
				]
			},
			"wangzuo03_tx01_022_01_": {
				"attachment": [
					{ "time": 0, "name": null },
					{ "time": 3.0333, "name": null },
					{ "time": 3.1, "name": "wangzuo03_tx01_022_01_" },
					{ "time": 3.2, "name": "wangzuo03_tx01_022_01_" },
					{ "time": 3.2666, "name": null }
				]
			},
			"wangzuo03_tx01_022_02_": {
				"attachment": [
					{ "time": 0, "name": null },
					{ "time": 3.0333, "name": null },
					{ "time": 3.1, "name": "wangzuo03_tx01_022_02_" },
					{ "time": 3.2, "name": "wangzuo03_tx01_022_02_" },
					{ "time": 3.2666, "name": null }
				]
			},
			"wangzuo03_tx01_022_03_": {
				"attachment": [
					{ "time": 0, "name": null },
					{ "time": 3.0333, "name": null },
					{ "time": 3.1, "name": "wangzuo03_tx01_022_03_" },
					{ "time": 3.2, "name": "wangzuo03_tx01_022_03_" },
					{ "time": 3.2666, "name": null }
				]
			},
			"wangzuo03_tx01_023_01_": {
				"attachment": [
					{ "time": 0, "name": null },
					{ "time": 3.2, "name": null },
					{ "time": 3.2666, "name": "wangzuo03_tx01_023_01_" },
					{ "time": 3.3333, "name": "wangzuo03_tx01_023_01_" },
					{ "time": 3.4, "name": null }
				]
			},
			"wangzuo03_tx01_023_02_": {
				"attachment": [
					{ "time": 0, "name": null },
					{ "time": 3.2, "name": null },
					{ "time": 3.2666, "name": "wangzuo03_tx01_023_02_" },
					{ "time": 3.3333, "name": "wangzuo03_tx01_023_02_" },
					{ "time": 3.4, "name": null }
				]
			},
			"wangzuo03_tx01_023_03_": {
				"attachment": [
					{ "time": 0, "name": null },
					{ "time": 3.2, "name": null },
					{ "time": 3.2666, "name": "wangzuo03_tx01_023_03_" },
					{ "time": 3.3333, "name": "wangzuo03_tx01_023_03_" },
					{ "time": 3.4, "name": null }
				]
			},
			"wangzuo03_tx01_024_01_": {
				"attachment": [
					{ "time": 0, "name": null },
					{ "time": 3.3333, "name": null },
					{ "time": 3.4, "name": "wangzuo03_tx01_024_01_" },
					{ "time": 3.4666, "name": "wangzuo03_tx01_024_01_" },
					{ "time": 3.5666, "name": null }
				]
			},
			"wangzuo03_tx01_024_02_": {
				"attachment": [
					{ "time": 0, "name": null },
					{ "time": 3.3333, "name": null },
					{ "time": 3.4, "name": "wangzuo03_tx01_024_02_" },
					{ "time": 3.4666, "name": "wangzuo03_tx01_024_02_" },
					{ "time": 3.5666, "name": null }
				]
			},
			"wangzuo03_tx01_024_03_": {
				"attachment": [
					{ "time": 0, "name": null },
					{ "time": 3.3333, "name": null },
					{ "time": 3.4, "name": "wangzuo03_tx01_024_03_" },
					{ "time": 3.4666, "name": "wangzuo03_tx01_024_03_" },
					{ "time": 3.5666, "name": null }
				]
			},
			"wangzuo03_tx01_025_01_": {
				"attachment": [
					{ "time": 0, "name": null },
					{ "time": 3.4666, "name": null },
					{ "time": 3.5666, "name": "wangzuo03_tx01_025_01_" },
					{ "time": 3.6333, "name": "wangzuo03_tx01_025_01_" },
					{ "time": 3.7, "name": null }
				]
			},
			"wangzuo03_tx01_025_02_": {
				"attachment": [
					{ "time": 0, "name": null },
					{ "time": 3.4666, "name": null },
					{ "time": 3.5666, "name": "wangzuo03_tx01_025_02_" },
					{ "time": 3.6333, "name": "wangzuo03_tx01_025_02_" },
					{ "time": 3.7, "name": null }
				]
			},
			"wangzuo03_tx01_026_01_": {
				"attachment": [
					{ "time": 0, "name": null },
					{ "time": 3.6333, "name": null },
					{ "time": 3.7, "name": "wangzuo03_tx01_026_01_" },
					{ "time": 3.7666, "name": "wangzuo03_tx01_026_01_" },
					{ "time": 3.8333, "name": null }
				]
			},
			"wangzuo03_tx01_026_02_": {
				"attachment": [
					{ "time": 0, "name": null },
					{ "time": 3.6333, "name": null },
					{ "time": 3.7, "name": "wangzuo03_tx01_026_02_" },
					{ "time": 3.7666, "name": "wangzuo03_tx01_026_02_" },
					{ "time": 3.8333, "name": null }
				]
			},
			"wangzuo03_tx01_027_01_": {
				"attachment": [
					{ "time": 0, "name": null },
					{ "time": 3.7666, "name": null },
					{ "time": 3.8333, "name": "wangzuo03_tx01_027_01_" },
					{ "time": 3.9333, "name": "wangzuo03_tx01_027_01_" },
					{ "time": 4, "name": null }
				]
			},
			"wangzuo03_tx01_027_02_": {
				"attachment": [
					{ "time": 0, "name": null },
					{ "time": 3.7666, "name": null },
					{ "time": 3.8333, "name": "wangzuo03_tx01_027_02_" },
					{ "time": 3.9333, "name": "wangzuo03_tx01_027_02_" },
					{ "time": 4, "name": null }
				]
			},
			"wangzuo03_tx01_028_": {
				"attachment": [
					{ "time": 0, "name": "wangzuo03_tx01_028_" },
					{ "time": 0.0666, "name": "wangzuo03_tx01_028_" },
					{ "time": 0.1333, "name": null }
				]
			},
			"wangzuo03_tx01_029_": {
				"attachment": [
					{ "time": 0, "name": null },
					{ "time": 0.0666, "name": null },
					{ "time": 0.1333, "name": "wangzuo03_tx01_029_" },
					{ "time": 0.2, "name": "wangzuo03_tx01_029_" },
					{ "time": 0.2666, "name": null }
				]
			},
			"wangzuo03_tx02_000_": {
				"attachment": [
					{ "time": 0, "name": null },
					{ "time": 0.2, "name": null },
					{ "time": 0.2666, "name": "wangzuo03_tx02_000_" },
					{ "time": 0.3333, "name": "wangzuo03_tx02_000_" },
					{ "time": 0.4, "name": null }
				]
			},
			"wangzuo03_tx02_001_": {
				"attachment": [
					{ "time": 0, "name": null },
					{ "time": 0.3333, "name": null },
					{ "time": 0.4, "name": "wangzuo03_tx02_001_" },
					{ "time": 0.4666, "name": "wangzuo03_tx02_001_" },
					{ "time": 0.5333, "name": null }
				]
			},
			"wangzuo03_tx02_002_": {
				"attachment": [
					{ "time": 0, "name": null },
					{ "time": 0.4666, "name": null },
					{ "time": 0.5333, "name": "wangzuo03_tx02_002_" },
					{ "time": 0.5666, "name": "wangzuo03_tx02_002_" },
					{ "time": 0.6333, "name": null }
				]
			},
			"wangzuo03_tx02_003_": {
				"attachment": [
					{ "time": 0, "name": null },
					{ "time": 0.4666, "name": null },
					{ "time": 0.5333, "name": "wangzuo03_tx02_003_" },
					{ "time": 0.5666, "name": "wangzuo03_tx02_003_" },
					{ "time": 0.6333, "name": null }
				]
			},
			"wangzuo03_tx02_004_": {
				"attachment": [
					{ "time": 0, "name": null },
					{ "time": 0.5666, "name": null },
					{ "time": 0.6333, "name": "wangzuo03_tx02_004_" },
					{ "time": 0.7, "name": "wangzuo03_tx02_004_" },
					{ "time": 0.7666, "name": null }
				]
			},
			"wangzuo03_tx02_005_": {
				"attachment": [
					{ "time": 0, "name": null },
					{ "time": 0.7, "name": null },
					{ "time": 0.7666, "name": "wangzuo03_tx02_005_" },
					{ "time": 0.8333, "name": "wangzuo03_tx02_005_" },
					{ "time": 0.9, "name": null }
				]
			},
			"wangzuo03_tx02_006_": {
				"attachment": [
					{ "time": 0, "name": null },
					{ "time": 0.8333, "name": null },
					{ "time": 0.9, "name": "wangzuo03_tx02_006_" },
					{ "time": 0.9666, "name": "wangzuo03_tx02_006_" },
					{ "time": 1.0333, "name": null }
				]
			},
			"wangzuo03_tx02_007_": {
				"attachment": [
					{ "time": 0, "name": null },
					{ "time": 0.9666, "name": null },
					{ "time": 1.0333, "name": "wangzuo03_tx02_007_" },
					{ "time": 1.1, "name": "wangzuo03_tx02_007_" },
					{ "time": 1.1666, "name": null }
				]
			},
			"wangzuo03_tx02_008_": {
				"attachment": [
					{ "time": 0, "name": null },
					{ "time": 1.1, "name": null },
					{ "time": 1.1666, "name": "wangzuo03_tx02_008_" },
					{ "time": 1.2333, "name": "wangzuo03_tx02_008_" },
					{ "time": 1.3, "name": null }
				]
			},
			"wangzuo03_tx02_009_": {
				"attachment": [
					{ "time": 0, "name": null },
					{ "time": 1.2333, "name": null },
					{ "time": 1.3, "name": "wangzuo03_tx02_009_" },
					{ "time": 1.3666, "name": "wangzuo03_tx02_009_" },
					{ "time": 1.4333, "name": null }
				]
			},
			"wangzuo03_tx02_010_": {
				"attachment": [
					{ "time": 0, "name": null },
					{ "time": 1.3666, "name": null },
					{ "time": 1.4333, "name": "wangzuo03_tx02_010_" },
					{ "time": 1.5, "name": "wangzuo03_tx02_010_" },
					{ "time": 1.5666, "name": null }
				]
			},
			"wangzuo03_tx02_011_": {
				"attachment": [
					{ "time": 0, "name": null },
					{ "time": 1.5, "name": null },
					{ "time": 1.5666, "name": "wangzuo03_tx02_011_" },
					{ "time": 1.6, "name": "wangzuo03_tx02_011_" },
					{ "time": 1.6666, "name": null }
				]
			},
			"wangzuo03_tx02_012_": {
				"attachment": [
					{ "time": 0, "name": null },
					{ "time": 1.6, "name": null },
					{ "time": 1.6666, "name": "wangzuo03_tx02_012_" },
					{ "time": 1.7333, "name": "wangzuo03_tx02_012_" },
					{ "time": 1.8, "name": null }
				]
			},
			"wangzuo03_tx02_013_": {
				"attachment": [
					{ "time": 0, "name": null },
					{ "time": 1.7333, "name": null },
					{ "time": 1.8, "name": "wangzuo03_tx02_013_" },
					{ "time": 1.8666, "name": "wangzuo03_tx02_013_" },
					{ "time": 1.9333, "name": null }
				]
			},
			"wangzuo03_tx02_014_": {
				"attachment": [
					{ "time": 0, "name": null },
					{ "time": 1.8666, "name": null },
					{ "time": 1.9333, "name": "wangzuo03_tx02_014_" },
					{ "time": 2, "name": "wangzuo03_tx02_014_" },
					{ "time": 2.0666, "name": null }
				]
			},
			"wangzuo03_tx02_015_": {
				"attachment": [
					{ "time": 0, "name": null },
					{ "time": 2, "name": null },
					{ "time": 2.0666, "name": "wangzuo03_tx02_015_" },
					{ "time": 2.1333, "name": "wangzuo03_tx02_015_" },
					{ "time": 2.2, "name": null }
				]
			},
			"wangzuo03_tx02_016_": {
				"attachment": [
					{ "time": 0, "name": null },
					{ "time": 2.1333, "name": null },
					{ "time": 2.2, "name": "wangzuo03_tx02_016_" },
					{ "time": 2.2666, "name": "wangzuo03_tx02_016_" },
					{ "time": 2.3333, "name": null }
				]
			},
			"wangzuo03_tx02_017_": {
				"attachment": [
					{ "time": 0, "name": null },
					{ "time": 2.2666, "name": null },
					{ "time": 2.3333, "name": "wangzuo03_tx02_017_" },
					{ "time": 2.4, "name": "wangzuo03_tx02_017_" },
					{ "time": 2.4666, "name": null }
				]
			},
			"wangzuo03_tx02_018_": {
				"attachment": [
					{ "time": 0, "name": null },
					{ "time": 2.4, "name": null },
					{ "time": 2.4666, "name": "wangzuo03_tx02_018_" },
					{ "time": 2.5333, "name": "wangzuo03_tx02_018_" },
					{ "time": 2.6, "name": null }
				]
			},
			"wangzuo03_tx02_019_": {
				"attachment": [
					{ "time": 0, "name": null },
					{ "time": 2.5333, "name": null },
					{ "time": 2.6, "name": "wangzuo03_tx02_019_" },
					{ "time": 2.6333, "name": "wangzuo03_tx02_019_" },
					{ "time": 2.7, "name": null }
				]
			},
			"wangzuo03_tx02_020_": {
				"attachment": [
					{ "time": 0, "name": null },
					{ "time": 2.6333, "name": null },
					{ "time": 2.7, "name": "wangzuo03_tx02_020_" },
					{ "time": 2.7666, "name": "wangzuo03_tx02_020_" },
					{ "time": 2.8333, "name": null }
				]
			},
			"wangzuo03_tx02_021_": {
				"attachment": [
					{ "time": 0, "name": null },
					{ "time": 2.7666, "name": null },
					{ "time": 2.8333, "name": "wangzuo03_tx02_021_" },
					{ "time": 2.9, "name": "wangzuo03_tx02_021_" },
					{ "time": 2.9666, "name": null }
				]
			},
			"wangzuo03_tx02_022_": {
				"attachment": [
					{ "time": 0, "name": null },
					{ "time": 2.9, "name": null },
					{ "time": 2.9666, "name": "wangzuo03_tx02_022_" },
					{ "time": 3.0333, "name": "wangzuo03_tx02_022_" },
					{ "time": 3.1, "name": null }
				]
			},
			"wangzuo03_tx02_023_": {
				"attachment": [
					{ "time": 0, "name": null },
					{ "time": 3.0333, "name": null },
					{ "time": 3.1, "name": "wangzuo03_tx02_023_" },
					{ "time": 3.1666, "name": "wangzuo03_tx02_023_" },
					{ "time": 3.2333, "name": null }
				]
			},
			"wangzuo03_tx02_024_": {
				"attachment": [
					{ "time": 0, "name": null },
					{ "time": 3.1666, "name": null },
					{ "time": 3.2333, "name": "wangzuo03_tx02_024_" },
					{ "time": 3.3, "name": "wangzuo03_tx02_024_" },
					{ "time": 3.3666, "name": null }
				]
			},
			"wangzuo03_tx02_025_": {
				"attachment": [
					{ "time": 0, "name": null },
					{ "time": 3.3, "name": null },
					{ "time": 3.3666, "name": "wangzuo03_tx02_025_" },
					{ "time": 3.4333, "name": "wangzuo03_tx02_025_" },
					{ "time": 3.5, "name": null }
				]
			},
			"wangzuo03_tx02_026_": {
				"attachment": [
					{ "time": 0, "name": null },
					{ "time": 3.4333, "name": null },
					{ "time": 3.5, "name": "wangzuo03_tx02_026_" },
					{ "time": 3.5666, "name": "wangzuo03_tx02_026_" },
					{ "time": 3.6333, "name": null }
				]
			},
			"wangzuo03_tx02_027_": {
				"attachment": [
					{ "time": 0, "name": null },
					{ "time": 3.5666, "name": null },
					{ "time": 3.6333, "name": "wangzuo03_tx02_027_" },
					{ "time": 3.6666, "name": "wangzuo03_tx02_027_" },
					{ "time": 3.7333, "name": null }
				]
			},
			"wangzuo03_tx02_028_": {
				"attachment": [
					{ "time": 0, "name": null },
					{ "time": 3.6666, "name": null },
					{ "time": 3.7333, "name": "wangzuo03_tx02_028_" },
					{ "time": 3.8, "name": "wangzuo03_tx02_028_" },
					{ "time": 3.8666, "name": null }
				]
			},
			"wangzuo03_tx02_029_": {
				"attachment": [
					{ "time": 0, "name": null },
					{ "time": 3.8, "name": null },
					{ "time": 3.8666, "name": "wangzuo03_tx02_029_" },
					{ "time": 3.9333, "name": "wangzuo03_tx02_029_" },
					{ "time": 4, "name": null }
				]
			}
		}
	}
}
}