{
"skeleton": { "hash": "XfaEVzWYRmVmlPuLs+qVaCs6a64", "spine": "3.7.94", "width": 0, "height": 0, "images": "./images/", "audio": "F:/COK项目/Spine工程/黄金宝箱—女剑客Spine/高级待机休闲Spine" },
"bones": [
	{ "name": "root" },
	{ "name": "ctr", "parent": "root", "scaleX": 1.25, "scaleY": 1.25 },
	{ "name": "idle_DL", "parent": "ctr" },
	{ "name": "idle_UR", "parent": "ctr" },
	{ "name": "idle_UL", "parent": "ctr" },
	{ "name": "idle_DR", "parent": "ctr" }
],
"slots": [
	{ "name": "idle_UR", "bone": "idle_UR" },
	{ "name": "idle_UL", "bone": "idle_UL" },
	{ "name": "idle_DR", "bone": "idle_DR" },
	{ "name": "idle_DL", "bone": "idle_DL" }
],
"skins": {
	"default": {
		"idle_DL": {
			"idle_DL_48_": { "width": 500, "height": 500 },
			"idle_DL_51_": { "width": 500, "height": 500 },
			"idle_DL_54_": { "width": 500, "height": 500 },
			"idle_DL_57_": { "width": 500, "height": 500 },
			"idle_DL_60_": { "width": 500, "height": 500 },
			"idle_DL_63_": { "width": 500, "height": 500 },
			"idle_DL_66_": { "width": 500, "height": 500 },
			"idle_DL_69_": { "width": 500, "height": 500 },
			"idle_DL_72_": { "width": 500, "height": 500 },
			"idle_DL_75_": { "width": 500, "height": 500 },
			"idle_DL_78_": { "width": 500, "height": 500 },
			"idle_DL_81_": { "width": 500, "height": 500 },
			"idle_DL_84_": { "width": 500, "height": 500 },
			"idle_DL_87_": { "width": 500, "height": 500 },
			"idle_DL_90_": { "width": 500, "height": 500 },
			"idle_DL_93_": { "width": 500, "height": 500 }
		},
		"idle_DR": {
			"idle_DR_48_": { "width": 500, "height": 500 },
			"idle_DR_51_": { "width": 500, "height": 500 },
			"idle_DR_54_": { "width": 500, "height": 500 },
			"idle_DR_57_": { "width": 500, "height": 500 },
			"idle_DR_60_": { "width": 500, "height": 500 },
			"idle_DR_63_": { "width": 500, "height": 500 },
			"idle_DR_66_": { "width": 500, "height": 500 },
			"idle_DR_69_": { "width": 500, "height": 500 },
			"idle_DR_72_": { "width": 500, "height": 500 },
			"idle_DR_75_": { "width": 500, "height": 500 },
			"idle_DR_78_": { "width": 500, "height": 500 },
			"idle_DR_81_": { "width": 500, "height": 500 },
			"idle_DR_84_": { "width": 500, "height": 500 },
			"idle_DR_87_": { "width": 500, "height": 500 },
			"idle_DR_90_": { "width": 500, "height": 500 },
			"idle_DR_93_": { "width": 500, "height": 500 }
		},
		"idle_UL": {
			"idle_UL_48_": { "width": 500, "height": 500 },
			"idle_UL_51_": { "width": 500, "height": 500 },
			"idle_UL_54_": { "width": 500, "height": 500 },
			"idle_UL_57_": { "width": 500, "height": 500 },
			"idle_UL_60_": { "width": 500, "height": 500 },
			"idle_UL_63_": { "width": 500, "height": 500 },
			"idle_UL_66_": { "width": 500, "height": 500 },
			"idle_UL_69_": { "width": 500, "height": 500 },
			"idle_UL_72_": { "width": 500, "height": 500 },
			"idle_UL_75_": { "width": 500, "height": 500 },
			"idle_UL_78_": { "width": 500, "height": 500 },
			"idle_UL_81_": { "width": 500, "height": 500 },
			"idle_UL_84_": { "width": 500, "height": 500 },
			"idle_UL_87_": { "width": 500, "height": 500 },
			"idle_UL_90_": { "width": 500, "height": 500 },
			"idle_UL_93_": { "width": 500, "height": 500 }
		},
		"idle_UR": {
			"idle_UR_48_": { "width": 500, "height": 500 },
			"idle_UR_51_": { "width": 500, "height": 500 },
			"idle_UR_54_": { "width": 500, "height": 500 },
			"idle_UR_57_": { "width": 500, "height": 500 },
			"idle_UR_60_": { "width": 500, "height": 500 },
			"idle_UR_63_": { "width": 500, "height": 500 },
			"idle_UR_66_": { "width": 500, "height": 500 },
			"idle_UR_69_": { "width": 500, "height": 500 },
			"idle_UR_72_": { "width": 500, "height": 500 },
			"idle_UR_75_": { "width": 500, "height": 500 },
			"idle_UR_78_": { "width": 500, "height": 500 },
			"idle_UR_81_": { "width": 500, "height": 500 },
			"idle_UR_84_": { "width": 500, "height": 500 },
			"idle_UR_87_": { "width": 500, "height": 500 },
			"idle_UR_90_": { "width": 500, "height": 500 },
			"idle_UR_93_": { "width": 500, "height": 500 }
		}
	}
},
"animations": {
	"animation": {
		"slots": {
			"idle_DL": {
				"attachment": [
					{ "time": 1.6, "name": "idle_DL_48_" },
					{ "time": 1.7, "name": "idle_DL_51_" },
					{ "time": 1.8, "name": "idle_DL_54_" },
					{ "time": 1.9, "name": "idle_DL_57_" },
					{ "time": 2, "name": "idle_DL_60_" },
					{ "time": 2.1, "name": "idle_DL_63_" },
					{ "time": 2.2, "name": "idle_DL_66_" },
					{ "time": 2.3, "name": "idle_DL_69_" },
					{ "time": 2.4, "name": "idle_DL_72_" },
					{ "time": 2.5, "name": "idle_DL_75_" },
					{ "time": 2.6, "name": "idle_DL_78_" },
					{ "time": 2.7, "name": "idle_DL_81_" },
					{ "time": 2.8, "name": "idle_DL_84_" },
					{ "time": 2.9, "name": "idle_DL_87_" },
					{ "time": 3, "name": "idle_DL_90_" },
					{ "time": 3.1, "name": "idle_DL_93_" },
					{ "time": 3.2, "name": null },
					{ "time": 5.9, "name": null }
				]
			},
			"idle_DR": {
				"attachment": [
					{ "time": 1.6, "name": "idle_DR_48_" },
					{ "time": 1.7, "name": "idle_DR_51_" },
					{ "time": 1.8, "name": "idle_DR_54_" },
					{ "time": 1.9, "name": "idle_DR_57_" },
					{ "time": 2, "name": "idle_DR_60_" },
					{ "time": 2.1, "name": "idle_DR_63_" },
					{ "time": 2.2, "name": "idle_DR_66_" },
					{ "time": 2.3, "name": "idle_DR_69_" },
					{ "time": 2.4, "name": "idle_DR_72_" },
					{ "time": 2.5, "name": "idle_DR_75_" },
					{ "time": 2.6, "name": "idle_DR_78_" },
					{ "time": 2.7, "name": "idle_DR_81_" },
					{ "time": 2.8, "name": "idle_DR_84_" },
					{ "time": 2.9, "name": "idle_DR_87_" },
					{ "time": 3, "name": "idle_DR_90_" },
					{ "time": 3.1, "name": "idle_DR_93_" },
					{ "time": 3.2, "name": null },
					{ "time": 5.9, "name": null }
				]
			},
			"idle_UL": {
				"attachment": [
					{ "time": 1.6, "name": "idle_UL_48_" },
					{ "time": 1.7, "name": "idle_UL_51_" },
					{ "time": 1.8, "name": "idle_UL_54_" },
					{ "time": 1.9, "name": "idle_UL_57_" },
					{ "time": 2, "name": "idle_UL_60_" },
					{ "time": 2.1, "name": "idle_UL_63_" },
					{ "time": 2.2, "name": "idle_UL_66_" },
					{ "time": 2.3, "name": "idle_UL_69_" },
					{ "time": 2.4, "name": "idle_UL_72_" },
					{ "time": 2.5, "name": "idle_UL_75_" },
					{ "time": 2.6, "name": "idle_UL_78_" },
					{ "time": 2.7, "name": "idle_UL_81_" },
					{ "time": 2.8, "name": "idle_UL_84_" },
					{ "time": 2.9, "name": "idle_UL_87_" },
					{ "time": 3, "name": "idle_UL_90_" },
					{ "time": 3.1, "name": "idle_UL_93_" },
					{ "time": 3.2, "name": null },
					{ "time": 5.9, "name": null }
				]
			},
			"idle_UR": {
				"attachment": [
					{ "time": 1.6, "name": "idle_UR_48_" },
					{ "time": 1.7, "name": "idle_UR_51_" },
					{ "time": 1.8, "name": "idle_UR_54_" },
					{ "time": 1.9, "name": "idle_UR_57_" },
					{ "time": 2, "name": "idle_UR_60_" },
					{ "time": 2.1, "name": "idle_UR_63_" },
					{ "time": 2.2, "name": "idle_UR_66_" },
					{ "time": 2.3, "name": "idle_UR_69_" },
					{ "time": 2.4, "name": "idle_UR_72_" },
					{ "time": 2.5, "name": "idle_UR_75_" },
					{ "time": 2.6, "name": "idle_UR_78_" },
					{ "time": 2.7, "name": "idle_UR_81_" },
					{ "time": 2.8, "name": "idle_UR_84_" },
					{ "time": 2.9, "name": "idle_UR_87_" },
					{ "time": 3, "name": "idle_UR_90_" },
					{ "time": 3.1, "name": "idle_UR_93_" },
					{ "time": 3.2, "name": null },
					{ "time": 5.9, "name": null }
				]
			}
		},
		"bones": {
			"idle_DL": {
				"translate": [
					{ "time": 0, "x": -250, "y": -250 }
				]
			},
			"idle_DR": {
				"translate": [
					{ "time": 0, "x": 250, "y": -250 }
				]
			},
			"idle_UL": {
				"translate": [
					{ "time": 0, "x": -250, "y": 250 }
				]
			},
			"idle_UR": {
				"translate": [
					{ "time": 0, "x": 250, "y": 250 }
				]
			},
			"ctr": {
				"translate": [
					{ "time": 0, "x": 0, "y": 103.28 }
				]
			}
		}
	}
}
}