{
"skeleton": { "hash": "sn6FZ+RsuroomimKio+qNnii0Is", "spine": "3.7.94", "width": 0, "height": 0, "images": "./images/", "audio": "F:/COK项目/Spine工程/城堡皮肤—4个麒麟Spine/红麒麟Spine/红麒麟待机休闲Spine/skin_ql_Red_idle_A" },
"bones": [
	{ "name": "root" },
	{ "name": "ctr", "parent": "root", "scaleX": 1.25, "scaleY": 1.25 },
	{ "name": "skinqlRedidle_UL_", "parent": "ctr" },
	{ "name": "skinqlRedidle_UR_", "parent": "ctr" },
	{ "name": "skinqlRedidle_DL_", "parent": "ctr" },
	{ "name": "skinqlRedidle_DR_", "parent": "ctr" }
],
"slots": [
	{ "name": "skinqlRedidle_UL_", "bone": "skinqlRedidle_UL_" },
	{ "name": "skinqlRedidle_UR_", "bone": "skinqlRedidle_UR_" },
	{ "name": "skinqlRedidle_DL_", "bone": "skinqlRedidle_DL_" },
	{ "name": "skinqlRedidle_DR_", "bone": "skinqlRedidle_DR_" }
],
"skins": {
	"default": {
		"skinqlRedidle_DL_": {
			"skinqlRedidle_DL_0000_": { "x": -176, "y": -226, "width": 352, "height": 452 },
			"skinqlRedidle_DL_0003_": { "x": -176, "y": -226, "width": 352, "height": 452 },
			"skinqlRedidle_DL_0006_": { "x": -176, "y": -226, "width": 352, "height": 452 },
			"skinqlRedidle_DL_0009_": { "x": -176, "y": -226, "width": 352, "height": 452 },
			"skinqlRedidle_DL_0012_": { "x": -176, "y": -226, "width": 352, "height": 452 },
			"skinqlRedidle_DL_0015_": { "x": -176, "y": -226, "width": 352, "height": 452 },
			"skinqlRedidle_DL_0018_": { "x": -176, "y": -226, "width": 352, "height": 452 },
			"skinqlRedidle_DL_0021_": { "x": -176, "y": -226, "width": 352, "height": 452 },
			"skinqlRedidle_DL_0024_": { "x": -176, "y": -226, "width": 352, "height": 452 },
			"skinqlRedidle_DL_0027_": { "x": -176, "y": -226, "width": 352, "height": 452 },
			"skinqlRedidle_DL_0030_": { "x": -176, "y": -226, "width": 352, "height": 452 },
			"skinqlRedidle_DL_0033_": { "x": -176, "y": -226, "width": 352, "height": 452 },
			"skinqlRedidle_DL_0036_": { "x": -176, "y": -226, "width": 352, "height": 452 },
			"skinqlRedidle_DL_0039_": { "x": -176, "y": -226, "width": 352, "height": 452 },
			"skinqlRedidle_DL_0042_": { "x": -176, "y": -226, "width": 352, "height": 452 },
			"skinqlRedidle_DL_0045_": { "x": -176, "y": -226, "width": 352, "height": 452 },
			"skinqlRedidle_DL_0048_": { "x": -176, "y": -226, "width": 352, "height": 452 },
			"skinqlRedidle_DL_0051_": { "x": -176, "y": -226, "width": 352, "height": 452 },
			"skinqlRedidle_DL_0054_": { "x": -176, "y": -226, "width": 352, "height": 452 },
			"skinqlRedidle_DL_0057_": { "x": -176, "y": -226, "width": 352, "height": 452 },
			"skinqlRedidle_DL_0060_": { "x": -176, "y": -226, "width": 352, "height": 452 },
			"skinqlRedidle_DL_0063_": { "x": -176, "y": -226, "width": 352, "height": 452 },
			"skinqlRedidle_DL_0066_": { "x": -176, "y": -226, "width": 352, "height": 452 },
			"skinqlRedidle_DL_0069_": { "x": -176, "y": -226, "width": 352, "height": 452 },
			"skinqlRedidle_DL_0072_": { "x": -176, "y": -226, "width": 352, "height": 452 },
			"skinqlRedidle_DL_0075_": { "x": -176, "y": -226, "width": 352, "height": 452 },
			"skinqlRedidle_DL_0078_": { "x": -176, "y": -226, "width": 352, "height": 452 },
			"skinqlRedidle_DL_0081_": { "x": -176, "y": -226, "width": 352, "height": 452 },
			"skinqlRedidle_DL_0084_": { "x": -176, "y": -226, "width": 352, "height": 452 },
			"skinqlRedidle_DL_0087_": { "x": -176, "y": -226, "width": 352, "height": 452 },
			"skinqlRedidle_DL_0090_": { "x": -176, "y": -226, "width": 352, "height": 452 },
			"skinqlRedidle_DL_0093_": { "x": -176, "y": -226, "width": 352, "height": 452 }
		},
		"skinqlRedidle_DR_": {
			"skinqlRedidle_DR_0000_": { "x": 224, "y": -226, "width": 448, "height": 452 },
			"skinqlRedidle_DR_0003_": { "x": 224, "y": -226, "width": 448, "height": 452 },
			"skinqlRedidle_DR_0006_": { "x": 224, "y": -226, "width": 448, "height": 452 },
			"skinqlRedidle_DR_0009_": { "x": 224, "y": -226, "width": 448, "height": 452 },
			"skinqlRedidle_DR_0012_": { "x": 224, "y": -226, "width": 448, "height": 452 },
			"skinqlRedidle_DR_0015_": { "x": 224, "y": -226, "width": 448, "height": 452 },
			"skinqlRedidle_DR_0018_": { "x": 224, "y": -226, "width": 448, "height": 452 },
			"skinqlRedidle_DR_0021_": { "x": 224, "y": -226, "width": 448, "height": 452 },
			"skinqlRedidle_DR_0024_": { "x": 224, "y": -226, "width": 448, "height": 452 },
			"skinqlRedidle_DR_0027_": { "x": 224, "y": -226, "width": 448, "height": 452 },
			"skinqlRedidle_DR_0030_": { "x": 224, "y": -226, "width": 448, "height": 452 },
			"skinqlRedidle_DR_0033_": { "x": 224, "y": -226, "width": 448, "height": 452 },
			"skinqlRedidle_DR_0036_": { "x": 224, "y": -226, "width": 448, "height": 452 },
			"skinqlRedidle_DR_0039_": { "x": 224, "y": -226, "width": 448, "height": 452 },
			"skinqlRedidle_DR_0042_": { "x": 224, "y": -226, "width": 448, "height": 452 },
			"skinqlRedidle_DR_0045_": { "x": 224, "y": -226, "width": 448, "height": 452 },
			"skinqlRedidle_DR_0048_": { "x": 224, "y": -226, "width": 448, "height": 452 },
			"skinqlRedidle_DR_0051_": { "x": 224, "y": -226, "width": 448, "height": 452 },
			"skinqlRedidle_DR_0054_": { "x": 224, "y": -226, "width": 448, "height": 452 },
			"skinqlRedidle_DR_0057_": { "x": 224, "y": -226, "width": 448, "height": 452 },
			"skinqlRedidle_DR_0060_": { "x": 224, "y": -226, "width": 448, "height": 452 },
			"skinqlRedidle_DR_0063_": { "x": 224, "y": -226, "width": 448, "height": 452 },
			"skinqlRedidle_DR_0066_": { "x": 224, "y": -226, "width": 448, "height": 452 },
			"skinqlRedidle_DR_0069_": { "x": 224, "y": -226, "width": 448, "height": 452 },
			"skinqlRedidle_DR_0072_": { "x": 224, "y": -226, "width": 448, "height": 452 },
			"skinqlRedidle_DR_0075_": { "x": 224, "y": -226, "width": 448, "height": 452 },
			"skinqlRedidle_DR_0078_": { "x": 224, "y": -226, "width": 448, "height": 452 },
			"skinqlRedidle_DR_0081_": { "x": 224, "y": -226, "width": 448, "height": 452 },
			"skinqlRedidle_DR_0084_": { "x": 224, "y": -226, "width": 448, "height": 452 },
			"skinqlRedidle_DR_0087_": { "x": 224, "y": -226, "width": 448, "height": 452 },
			"skinqlRedidle_DR_0090_": { "x": 224, "y": -226, "width": 448, "height": 452 },
			"skinqlRedidle_DR_0093_": { "x": 224, "y": -226, "width": 448, "height": 452 }
		},
		"skinqlRedidle_UL_": {
			"skinqlRedidle_UL_0000_": { "x": -176, "y": 174, "width": 352, "height": 348 },
			"skinqlRedidle_UL_0003_": { "x": -176, "y": 174, "width": 352, "height": 348 },
			"skinqlRedidle_UL_0006_": { "x": -176, "y": 174, "width": 352, "height": 348 },
			"skinqlRedidle_UL_0009_": { "x": -176, "y": 174, "width": 352, "height": 348 },
			"skinqlRedidle_UL_0012_": { "x": -176, "y": 174, "width": 352, "height": 348 },
			"skinqlRedidle_UL_0015_": { "x": -176, "y": 174, "width": 352, "height": 348 },
			"skinqlRedidle_UL_0018_": { "x": -176, "y": 174, "width": 352, "height": 348 },
			"skinqlRedidle_UL_0021_": { "x": -176, "y": 174, "width": 352, "height": 348 },
			"skinqlRedidle_UL_0024_": { "x": -176, "y": 174, "width": 352, "height": 348 },
			"skinqlRedidle_UL_0027_": { "x": -176, "y": 174, "width": 352, "height": 348 },
			"skinqlRedidle_UL_0030_": { "x": -176, "y": 174, "width": 352, "height": 348 },
			"skinqlRedidle_UL_0033_": { "x": -176, "y": 174, "width": 352, "height": 348 },
			"skinqlRedidle_UL_0036_": { "x": -176, "y": 174, "width": 352, "height": 348 },
			"skinqlRedidle_UL_0039_": { "x": -176, "y": 174, "width": 352, "height": 348 },
			"skinqlRedidle_UL_0042_": { "x": -176, "y": 174, "width": 352, "height": 348 },
			"skinqlRedidle_UL_0045_": { "x": -176, "y": 174, "width": 352, "height": 348 },
			"skinqlRedidle_UL_0048_": { "x": -176, "y": 174, "width": 352, "height": 348 },
			"skinqlRedidle_UL_0051_": { "x": -176, "y": 174, "width": 352, "height": 348 },
			"skinqlRedidle_UL_0054_": { "x": -176, "y": 174, "width": 352, "height": 348 },
			"skinqlRedidle_UL_0057_": { "x": -176, "y": 174, "width": 352, "height": 348 },
			"skinqlRedidle_UL_0060_": { "x": -176, "y": 174, "width": 352, "height": 348 },
			"skinqlRedidle_UL_0063_": { "x": -176, "y": 174, "width": 352, "height": 348 },
			"skinqlRedidle_UL_0066_": { "x": -176, "y": 174, "width": 352, "height": 348 },
			"skinqlRedidle_UL_0069_": { "x": -176, "y": 174, "width": 352, "height": 348 },
			"skinqlRedidle_UL_0072_": { "x": -176, "y": 174, "width": 352, "height": 348 },
			"skinqlRedidle_UL_0075_": { "x": -176, "y": 174, "width": 352, "height": 348 },
			"skinqlRedidle_UL_0078_": { "x": -176, "y": 174, "width": 352, "height": 348 },
			"skinqlRedidle_UL_0081_": { "x": -176, "y": 174, "width": 352, "height": 348 },
			"skinqlRedidle_UL_0084_": { "x": -176, "y": 174, "width": 352, "height": 348 },
			"skinqlRedidle_UL_0087_": { "x": -176, "y": 174, "width": 352, "height": 348 },
			"skinqlRedidle_UL_0090_": { "x": -176, "y": 174, "width": 352, "height": 348 },
			"skinqlRedidle_UL_0093_": { "x": -176, "y": 174, "width": 352, "height": 348 }
		},
		"skinqlRedidle_UR_": {
			"skinqlRedidle_UR_0000_": { "x": 224, "y": 174, "width": 448, "height": 348 },
			"skinqlRedidle_UR_0003_": { "x": 224, "y": 174, "width": 448, "height": 348 },
			"skinqlRedidle_UR_0006_": { "x": 224, "y": 174, "width": 448, "height": 348 },
			"skinqlRedidle_UR_0009_": { "x": 224, "y": 174, "width": 448, "height": 348 },
			"skinqlRedidle_UR_0012_": { "x": 224, "y": 174, "width": 448, "height": 348 },
			"skinqlRedidle_UR_0015_": { "x": 224, "y": 174, "width": 448, "height": 348 },
			"skinqlRedidle_UR_0018_": { "x": 224, "y": 174, "width": 448, "height": 348 },
			"skinqlRedidle_UR_0021_": { "x": 224, "y": 174, "width": 448, "height": 348 },
			"skinqlRedidle_UR_0024_": { "x": 224, "y": 174, "width": 448, "height": 348 },
			"skinqlRedidle_UR_0027_": { "x": 224, "y": 174, "width": 448, "height": 348 },
			"skinqlRedidle_UR_0030_": { "x": 224, "y": 174, "width": 448, "height": 348 },
			"skinqlRedidle_UR_0033_": { "x": 224, "y": 174, "width": 448, "height": 348 },
			"skinqlRedidle_UR_0036_": { "x": 224, "y": 174, "width": 448, "height": 348 },
			"skinqlRedidle_UR_0039_": { "x": 224, "y": 174, "width": 448, "height": 348 },
			"skinqlRedidle_UR_0042_": { "x": 224, "y": 174, "width": 448, "height": 348 },
			"skinqlRedidle_UR_0045_": { "x": 224, "y": 174, "width": 448, "height": 348 },
			"skinqlRedidle_UR_0048_": { "x": 224, "y": 174, "width": 448, "height": 348 },
			"skinqlRedidle_UR_0051_": { "x": 224, "y": 174, "width": 448, "height": 348 },
			"skinqlRedidle_UR_0054_": { "x": 224, "y": 174, "width": 448, "height": 348 },
			"skinqlRedidle_UR_0057_": { "x": 224, "y": 174, "width": 448, "height": 348 },
			"skinqlRedidle_UR_0060_": { "x": 224, "y": 174, "width": 448, "height": 348 },
			"skinqlRedidle_UR_0063_": { "x": 224, "y": 174, "width": 448, "height": 348 },
			"skinqlRedidle_UR_0066_": { "x": 224, "y": 174, "width": 448, "height": 348 },
			"skinqlRedidle_UR_0069_": { "x": 224, "y": 174, "width": 448, "height": 348 },
			"skinqlRedidle_UR_0072_": { "x": 224, "y": 174, "width": 448, "height": 348 },
			"skinqlRedidle_UR_0075_": { "x": 224, "y": 174, "width": 448, "height": 348 },
			"skinqlRedidle_UR_0078_": { "x": 224, "y": 174, "width": 448, "height": 348 },
			"skinqlRedidle_UR_0081_": { "x": 224, "y": 174, "width": 448, "height": 348 },
			"skinqlRedidle_UR_0084_": { "x": 224, "y": 174, "width": 448, "height": 348 },
			"skinqlRedidle_UR_0087_": { "x": 224, "y": 174, "width": 448, "height": 348 },
			"skinqlRedidle_UR_0090_": { "x": 224, "y": 174, "width": 448, "height": 348 },
			"skinqlRedidle_UR_0093_": { "x": 224, "y": 174, "width": 448, "height": 348 }
		}
	}
},
"animations": {
	"animation": {
		"slots": {
			"skinqlRedidle_DL_": {
				"attachment": [
					{ "time": 0, "name": "skinqlRedidle_DL_0000_" },
					{ "time": 0.1, "name": "skinqlRedidle_DL_0003_" },
					{ "time": 0.2, "name": "skinqlRedidle_DL_0006_" },
					{ "time": 0.3, "name": "skinqlRedidle_DL_0009_" },
					{ "time": 0.4, "name": "skinqlRedidle_DL_0012_" },
					{ "time": 0.5, "name": "skinqlRedidle_DL_0015_" },
					{ "time": 0.6, "name": "skinqlRedidle_DL_0018_" },
					{ "time": 0.7, "name": "skinqlRedidle_DL_0021_" },
					{ "time": 0.8, "name": "skinqlRedidle_DL_0024_" },
					{ "time": 0.9, "name": "skinqlRedidle_DL_0027_" },
					{ "time": 1, "name": "skinqlRedidle_DL_0030_" },
					{ "time": 1.1, "name": "skinqlRedidle_DL_0033_" },
					{ "time": 1.2, "name": "skinqlRedidle_DL_0036_" },
					{ "time": 1.3, "name": "skinqlRedidle_DL_0039_" },
					{ "time": 1.4, "name": "skinqlRedidle_DL_0042_" },
					{ "time": 1.5, "name": "skinqlRedidle_DL_0045_" },
					{ "time": 1.6, "name": "skinqlRedidle_DL_0048_" },
					{ "time": 1.7, "name": "skinqlRedidle_DL_0051_" },
					{ "time": 1.8, "name": "skinqlRedidle_DL_0054_" },
					{ "time": 1.9, "name": "skinqlRedidle_DL_0057_" },
					{ "time": 2, "name": "skinqlRedidle_DL_0060_" },
					{ "time": 2.1, "name": "skinqlRedidle_DL_0063_" },
					{ "time": 2.2, "name": "skinqlRedidle_DL_0066_" },
					{ "time": 2.3, "name": "skinqlRedidle_DL_0069_" },
					{ "time": 2.4, "name": "skinqlRedidle_DL_0072_" },
					{ "time": 2.5, "name": "skinqlRedidle_DL_0075_" },
					{ "time": 2.6, "name": "skinqlRedidle_DL_0078_" },
					{ "time": 2.7, "name": "skinqlRedidle_DL_0081_" },
					{ "time": 2.8, "name": "skinqlRedidle_DL_0084_" },
					{ "time": 2.9, "name": "skinqlRedidle_DL_0087_" },
					{ "time": 3, "name": "skinqlRedidle_DL_0090_" },
					{ "time": 3.1, "name": "skinqlRedidle_DL_0093_" },
					{ "time": 3.2, "name": null },
					{ "time": 6.2, "name": null }
				]
			},
			"skinqlRedidle_DR_": {
				"attachment": [
					{ "time": 0, "name": "skinqlRedidle_DR_0000_" },
					{ "time": 0.1, "name": "skinqlRedidle_DR_0003_" },
					{ "time": 0.2, "name": "skinqlRedidle_DR_0006_" },
					{ "time": 0.3, "name": "skinqlRedidle_DR_0009_" },
					{ "time": 0.4, "name": "skinqlRedidle_DR_0012_" },
					{ "time": 0.5, "name": "skinqlRedidle_DR_0015_" },
					{ "time": 0.6, "name": "skinqlRedidle_DR_0018_" },
					{ "time": 0.7, "name": "skinqlRedidle_DR_0021_" },
					{ "time": 0.8, "name": "skinqlRedidle_DR_0024_" },
					{ "time": 0.9, "name": "skinqlRedidle_DR_0027_" },
					{ "time": 1, "name": "skinqlRedidle_DR_0030_" },
					{ "time": 1.1, "name": "skinqlRedidle_DR_0033_" },
					{ "time": 1.2, "name": "skinqlRedidle_DR_0036_" },
					{ "time": 1.3, "name": "skinqlRedidle_DR_0039_" },
					{ "time": 1.4, "name": "skinqlRedidle_DR_0042_" },
					{ "time": 1.5, "name": "skinqlRedidle_DR_0045_" },
					{ "time": 1.6, "name": "skinqlRedidle_DR_0048_" },
					{ "time": 1.7, "name": "skinqlRedidle_DR_0051_" },
					{ "time": 1.8, "name": "skinqlRedidle_DR_0054_" },
					{ "time": 1.9, "name": "skinqlRedidle_DR_0057_" },
					{ "time": 2, "name": "skinqlRedidle_DR_0060_" },
					{ "time": 2.1, "name": "skinqlRedidle_DR_0063_" },
					{ "time": 2.2, "name": "skinqlRedidle_DR_0066_" },
					{ "time": 2.3, "name": "skinqlRedidle_DR_0069_" },
					{ "time": 2.4, "name": "skinqlRedidle_DR_0072_" },
					{ "time": 2.5, "name": "skinqlRedidle_DR_0075_" },
					{ "time": 2.6, "name": "skinqlRedidle_DR_0078_" },
					{ "time": 2.7, "name": "skinqlRedidle_DR_0081_" },
					{ "time": 2.8, "name": "skinqlRedidle_DR_0084_" },
					{ "time": 2.9, "name": "skinqlRedidle_DR_0087_" },
					{ "time": 3, "name": "skinqlRedidle_DR_0090_" },
					{ "time": 3.1, "name": "skinqlRedidle_DR_0093_" },
					{ "time": 3.2, "name": null },
					{ "time": 6.2, "name": null }
				]
			},
			"skinqlRedidle_UL_": {
				"attachment": [
					{ "time": 0, "name": "skinqlRedidle_UL_0000_" },
					{ "time": 0.1, "name": "skinqlRedidle_UL_0003_" },
					{ "time": 0.2, "name": "skinqlRedidle_UL_0006_" },
					{ "time": 0.3, "name": "skinqlRedidle_UL_0009_" },
					{ "time": 0.4, "name": "skinqlRedidle_UL_0012_" },
					{ "time": 0.5, "name": "skinqlRedidle_UL_0015_" },
					{ "time": 0.6, "name": "skinqlRedidle_UL_0018_" },
					{ "time": 0.7, "name": "skinqlRedidle_UL_0021_" },
					{ "time": 0.8, "name": "skinqlRedidle_UL_0024_" },
					{ "time": 0.9, "name": "skinqlRedidle_UL_0027_" },
					{ "time": 1, "name": "skinqlRedidle_UL_0030_" },
					{ "time": 1.1, "name": "skinqlRedidle_UL_0033_" },
					{ "time": 1.2, "name": "skinqlRedidle_UL_0036_" },
					{ "time": 1.3, "name": "skinqlRedidle_UL_0039_" },
					{ "time": 1.4, "name": "skinqlRedidle_UL_0042_" },
					{ "time": 1.5, "name": "skinqlRedidle_UL_0045_" },
					{ "time": 1.6, "name": "skinqlRedidle_UL_0048_" },
					{ "time": 1.7, "name": "skinqlRedidle_UL_0051_" },
					{ "time": 1.8, "name": "skinqlRedidle_UL_0054_" },
					{ "time": 1.9, "name": "skinqlRedidle_UL_0057_" },
					{ "time": 2, "name": "skinqlRedidle_UL_0060_" },
					{ "time": 2.1, "name": "skinqlRedidle_UL_0063_" },
					{ "time": 2.2, "name": "skinqlRedidle_UL_0066_" },
					{ "time": 2.3, "name": "skinqlRedidle_UL_0069_" },
					{ "time": 2.4, "name": "skinqlRedidle_UL_0072_" },
					{ "time": 2.5, "name": "skinqlRedidle_UL_0075_" },
					{ "time": 2.6, "name": "skinqlRedidle_UL_0078_" },
					{ "time": 2.7, "name": "skinqlRedidle_UL_0081_" },
					{ "time": 2.8, "name": "skinqlRedidle_UL_0084_" },
					{ "time": 2.9, "name": "skinqlRedidle_UL_0087_" },
					{ "time": 3, "name": "skinqlRedidle_UL_0090_" },
					{ "time": 3.1, "name": "skinqlRedidle_UL_0093_" },
					{ "time": 3.2, "name": null },
					{ "time": 6.2, "name": null }
				]
			},
			"skinqlRedidle_UR_": {
				"attachment": [
					{ "time": 0, "name": "skinqlRedidle_UR_0000_" },
					{ "time": 0.1, "name": "skinqlRedidle_UR_0003_" },
					{ "time": 0.2, "name": "skinqlRedidle_UR_0006_" },
					{ "time": 0.3, "name": "skinqlRedidle_UR_0009_" },
					{ "time": 0.4, "name": "skinqlRedidle_UR_0012_" },
					{ "time": 0.5, "name": "skinqlRedidle_UR_0015_" },
					{ "time": 0.6, "name": "skinqlRedidle_UR_0018_" },
					{ "time": 0.7, "name": "skinqlRedidle_UR_0021_" },
					{ "time": 0.8, "name": "skinqlRedidle_UR_0024_" },
					{ "time": 0.9, "name": "skinqlRedidle_UR_0027_" },
					{ "time": 1, "name": "skinqlRedidle_UR_0030_" },
					{ "time": 1.1, "name": "skinqlRedidle_UR_0033_" },
					{ "time": 1.2, "name": "skinqlRedidle_UR_0036_" },
					{ "time": 1.3, "name": "skinqlRedidle_UR_0039_" },
					{ "time": 1.4, "name": "skinqlRedidle_UR_0042_" },
					{ "time": 1.5, "name": "skinqlRedidle_UR_0045_" },
					{ "time": 1.6, "name": "skinqlRedidle_UR_0048_" },
					{ "time": 1.7, "name": "skinqlRedidle_UR_0051_" },
					{ "time": 1.8, "name": "skinqlRedidle_UR_0054_" },
					{ "time": 1.9, "name": "skinqlRedidle_UR_0057_" },
					{ "time": 2, "name": "skinqlRedidle_UR_0060_" },
					{ "time": 2.1, "name": "skinqlRedidle_UR_0063_" },
					{ "time": 2.2, "name": "skinqlRedidle_UR_0066_" },
					{ "time": 2.3, "name": "skinqlRedidle_UR_0069_" },
					{ "time": 2.4, "name": "skinqlRedidle_UR_0072_" },
					{ "time": 2.5, "name": "skinqlRedidle_UR_0075_" },
					{ "time": 2.6, "name": "skinqlRedidle_UR_0078_" },
					{ "time": 2.7, "name": "skinqlRedidle_UR_0081_" },
					{ "time": 2.8, "name": "skinqlRedidle_UR_0084_" },
					{ "time": 2.9, "name": "skinqlRedidle_UR_0087_" },
					{ "time": 3, "name": "skinqlRedidle_UR_0090_" },
					{ "time": 3.1, "name": "skinqlRedidle_UR_0093_" },
					{ "time": 3.2, "name": null },
					{ "time": 6.2, "name": null }
				]
			}
		},
		"bones": {
			"ctr": {
				"translate": [
					{ "time": 0, "x": -80, "y": 110 }
				]
			}
		}
	}
}
}