{"skeleton":{"hash":"sExUwWOSxTOOaZuEe03WWtJNnr0","spine":"2.1.27","width":603,"height":595.99,"images":"D:\\工作\\2019年12月死神\\images"},"bones":[{"name":"root"}],"slots":[{"name":"death_00000_","bone":"root","attachment":"death_00000_"},{"name":"death_00004_","bone":"root","attachment":"death_00004_"},{"name":"death_00008_","bone":"root","attachment":"death_00008_"},{"name":"death_00012_","bone":"root","attachment":"death_00012_"},{"name":"death_00012a_","bone":"root","attachment":"death_00012a_"},{"name":"death_00016_","bone":"root","attachment":"death_00016_"},{"name":"death_00016a_","bone":"root","attachment":"death_00016a_"},{"name":"death_00020_","bone":"root","attachment":"death_00020_"},{"name":"death_00020a_","bone":"root","attachment":"death_00020a_"},{"name":"death_00024_","bone":"root","attachment":"death_00024_"},{"name":"death_00024a_","bone":"root","attachment":"death_00024a_"},{"name":"death_00028_","bone":"root","attachment":"death_00028_"},{"name":"death_00028b_","bone":"root","attachment":"death_00028b_"},{"name":"death_00028a_","bone":"root","attachment":"death_00028a_"},{"name":"death_00032_","bone":"root","attachment":"death_00032_"},{"name":"death_00032b_","bone":"root","attachment":"death_00032b_"},{"name":"death_00032a_","bone":"root","attachment":"death_00032a_"},{"name":"death_00036_","bone":"root","attachment":"death_00036_"},{"name":"death_00036b_","bone":"root","attachment":"death_00036b_"},{"name":"death_00036a_","bone":"root","attachment":"death_00036a_"},{"name":"death_00040_","bone":"root","attachment":"death_00040_"},{"name":"death_00040c_","bone":"root","attachment":"death_00040c_"},{"name":"death_00040b_","bone":"root","attachment":"death_00040b_"},{"name":"death_00040a_","bone":"root","attachment":"death_00040a_"},{"name":"death_00044_","bone":"root","attachment":"death_00044_"},{"name":"death_00044b_","bone":"root","attachment":"death_00044b_"},{"name":"death_00044a_","bone":"root","attachment":"death_00044a_"},{"name":"death_00048_","bone":"root","attachment":"death_00048_"},{"name":"death_00048b_","bone":"root","attachment":"death_00048b_"},{"name":"death_00048a_","bone":"root","attachment":"death_00048a_"},{"name":"death_00052_","bone":"root","attachment":"death_00052_"},{"name":"death_00052b_","bone":"root","attachment":"death_00052b_"},{"name":"death_00052a_","bone":"root","attachment":"death_00052a_"},{"name":"death_00056_","bone":"root","attachment":"death_00056_"},{"name":"death_00056c_","bone":"root","attachment":"death_00056c_"},{"name":"death_00056b_","bone":"root","attachment":"death_00056b_"},{"name":"death_00056a_","bone":"root","attachment":"death_00056a_"},{"name":"death_00060_","bone":"root","attachment":"death_00060_"},{"name":"death_00060b_","bone":"root","attachment":"death_00060b_"},{"name":"death_00060a_","bone":"root","attachment":"death_00060a_"},{"name":"death_00064_","bone":"root","attachment":"death_00064_"},{"name":"death_00064b_","bone":"root","attachment":"death_00064b_"},{"name":"death_00064a_","bone":"root","attachment":"death_00064a_"},{"name":"death_00068_","bone":"root","attachment":"death_00068_"},{"name":"death_00068c_","bone":"root","attachment":"death_00068c_"},{"name":"death_00068b_","bone":"root","attachment":"death_00068b_"},{"name":"death_00068a_","bone":"root","attachment":"death_00068a_"},{"name":"death_00072_","bone":"root","attachment":"death_00072_"},{"name":"death_00072a_","bone":"root","attachment":"death_00072a_"},{"name":"death_00076_","bone":"root","attachment":"death_00076_"},{"name":"death_00080_","bone":"root","attachment":"death_00080_"},{"name":"death_00084_","bone":"root","attachment":"death_00084_"},{"name":"death_00088_","bone":"root","attachment":"death_00088_"},{"name":"death_00092_","bone":"root","attachment":"death_00092_"},{"name":"death_00096_","bone":"root","attachment":"death_00096_"},{"name":"death_00100_","bone":"root","attachment":"death_00100_"},{"name":"death_00104_","bone":"root","attachment":"death_00104_"},{"name":"death_00108_","bone":"root","attachment":"death_00108_"},{"name":"death_00112_","bone":"root","attachment":"death_00112_"},{"name":"death_00116_","bone":"root","attachment":"death_00116_"},{"name":"death_00120_","bone":"root","attachment":"death_00120_"},{"name":"death_00124_","bone":"root","attachment":"death_00124_"},{"name":"death_00128_","bone":"root","attachment":"death_00128_"},{"name":"death_00132_","bone":"root","attachment":"death_00132_"},{"name":"death_00136_","bone":"root","attachment":"death_00136_"},{"name":"death_00140_","bone":"root","attachment":"death_00140_"},{"name":"death_00144_","bone":"root","attachment":"death_00144_"},{"name":"death_00148_","bone":"root","attachment":"death_00148_"},{"name":"death_00152_","bone":"root","attachment":"death_00152_"},{"name":"death_00156_","bone":"root","attachment":"death_00156_"},{"name":"death_00160_","bone":"root","attachment":"death_00160_"},{"name":"death_00164_","bone":"root","attachment":"death_00164_"},{"name":"death_00164b_","bone":"root","attachment":"death_00164b_"},{"name":"death_00164a_","bone":"root","attachment":"death_00164a_"},{"name":"death_00168_","bone":"root","attachment":"death_00168_"},{"name":"death_00168a_","bone":"root","attachment":"death_00168a_"},{"name":"death_00172_","bone":"root","attachment":"death_00172_"},{"name":"death_00172b_","bone":"root","attachment":"death_00172b_"},{"name":"death_00172a_","bone":"root","attachment":"death_00172a_"},{"name":"death_00176_","bone":"root","attachment":"death_00176_"},{"name":"death_00180_","bone":"root","attachment":"death_00180_"},{"name":"death_00180a_","bone":"root","attachment":"death_00180a_"},{"name":"death_00184_","bone":"root","attachment":"death_00184_"},{"name":"death_00184a_","bone":"root","attachment":"death_00184a_"},{"name":"death_00188_","bone":"root","attachment":"death_00188_"},{"name":"death_00188a_","bone":"root","attachment":"death_00188a_"},{"name":"death_00192_","bone":"root","attachment":"death_00192_"},{"name":"death_00196_","bone":"root","attachment":"death_00196_"},{"name":"death_00196a_","bone":"root","attachment":"death_00196a_"},{"name":"death_00200_","bone":"root","attachment":"death_00200_"},{"name":"death_00200a_","bone":"root","attachment":"death_00200a_"},{"name":"death_00204_","bone":"root","attachment":"death_00204_"},{"name":"death_00204a_","bone":"root","attachment":"death_00204a_"},{"name":"death_00208_","bone":"root","attachment":"death_00208_"},{"name":"death_00208a_","bone":"root","attachment":"death_00208a_"},{"name":"death_00212_","bone":"root","attachment":"death_00212_"},{"name":"death_00212a_","bone":"root","attachment":"death_00212a_"},{"name":"death_00216_","bone":"root","attachment":"death_00216_"},{"name":"death_00220_","bone":"root","attachment":"death_00220_"}],"skins":{"default":{"death_00000_":{"death_00000_":{"x":-18.17,"y":55.08,"width":221,"height":158}},"death_00004_":{"death_00004_":{"x":-18.17,"y":55.08,"width":219,"height":158}},"death_00008_":{"death_00008_":{"x":-18.17,"y":56.58,"width":219,"height":157}},"death_00012_":{"death_00012_":{"x":-16.67,"y":45.58,"width":222,"height":135}},"death_00012a_":{"death_00012a_":{"x":-15.17,"y":149.58,"width":189,"height":73}},"death_00016_":{"death_00016_":{"x":-8.17,"y":43.08,"width":289,"height":134}},"death_00016a_":{"death_00016a_":{"x":2.32,"y":161.08,"width":208,"height":102}},"death_00020_":{"death_00020_":{"x":-8.17,"y":41.08,"width":293,"height":152}},"death_00020a_":{"death_00020a_":{"x":-8.17,"y":196.58,"width":225,"height":159}},"death_00024_":{"death_00024_":{"x":-8.17,"y":42.08,"width":295,"height":184}},"death_00024a_":{"death_00024a_":{"x":-0.17,"y":288.58,"width":191,"height":309}},"death_00028_":{"death_00028_":{"x":-11.17,"y":59.58,"width":303,"height":239}},"death_00028a_":{"death_00028a_":{"x":-2.67,"y":372.58,"width":226,"height":147}},"death_00028b_":{"death_00028b_":{"x":43.32,"y":239.08,"width":292,"height":120}},"death_00032_":{"death_00032_":{"x":-15.17,"y":35.58,"width":327,"height":207}},"death_00032a_":{"death_00032a_":{"x":19.32,"y":335.08,"width":266,"height":166}},"death_00032b_":{"death_00032b_":{"x":-5.17,"y":195.58,"width":219,"height":113}},"death_00036_":{"death_00036_":{"x":-15.67,"y":37.58,"width":342,"height":233}},"death_00036a_":{"death_00036a_":{"x":23.82,"y":333.08,"width":279,"height":148}},"death_00036b_":{"death_00036b_":{"x":-11.17,"y":206.58,"width":221,"height":105}},"death_00040_":{"death_00040_":{"x":-16.67,"y":34.58,"width":354,"height":239}},"death_00040a_":{"death_00040a_":{"x":30.32,"y":353.08,"width":246,"height":110}},"death_00040b_":{"death_00040b_":{"x":-6.67,"y":253.58,"width":320,"height":89}},"death_00040c_":{"death_00040c_":{"x":-30.17,"y":181.58,"width":261,"height":55}},"death_00044_":{"death_00044_":{"x":-17.17,"y":40.08,"width":361,"height":232}},"death_00044a_":{"death_00044a_":{"x":-165.67,"y":252.58,"width":74,"height":97}},"death_00044b_":{"death_00044b_":{"x":-1.17,"y":280.58,"width":255,"height":249}},"death_00048_":{"death_00048_":{"x":-18.17,"y":36.08,"width":367,"height":246}},"death_00048a_":{"death_00048a_":{"x":-180.67,"y":262.08,"width":90,"height":88}},"death_00048b_":{"death_00048b_":{"x":-12.67,"y":282.08,"width":246,"height":246}},"death_00052_":{"death_00052_":{"x":-17.17,"y":38.58,"width":367,"height":245}},"death_00052a_":{"death_00052a_":{"x":-175.67,"y":273.58,"width":88,"height":75}},"death_00052b_":{"death_00052b_":{"x":-7.67,"y":283.58,"width":248,"height":245}},"death_00056_":{"death_00056_":{"x":-17.17,"y":39.58,"width":375,"height":229}},"death_00056a_":{"death_00056a_":{"x":-177.67,"y":283.08,"width":56,"height":10}},"death_00056b_":{"death_00056b_":{"x":-3.17,"y":350.58,"width":213,"height":121}},"death_00056c_":{"death_00056c_":{"x":-21.17,"y":222.08,"width":257,"height":136}},"death_00060_":{"death_00060_":{"x":-5.67,"y":90.08,"width":320,"height":296}},"death_00060a_":{"death_00060a_":{"x":-174.17,"y":271.08,"width":55,"height":6}},"death_00060b_":{"death_00060b_":{"x":-19.67,"y":324.08,"width":254,"height":172}},"death_00064_":{"death_00064_":{"x":-6.17,"y":43.58,"width":323,"height":237}},"death_00064a_":{"death_00064a_":{"x":-15.67,"y":366.08,"width":206,"height":98}},"death_00064b_":{"death_00064b_":{"x":-28.67,"y":239.58,"width":286,"height":155}},"death_00068_":{"death_00068_":{"x":-7.17,"y":43.08,"width":323,"height":178}},"death_00068a_":{"death_00068a_":{"x":-6.17,"y":378.58,"width":197,"height":77}},"death_00068b_":{"death_00068b_":{"x":3.32,"y":286.08,"width":262,"height":108}},"death_00068c_":{"death_00068c_":{"x":-13.17,"y":182.08,"width":261,"height":100}},"death_00072_":{"death_00072_":{"x":-14.17,"y":74.08,"width":285,"height":266}},"death_00072a_":{"death_00072a_":{"x":-1.67,"y":313.08,"width":270,"height":212}},"death_00076_":{"death_00076_":{"x":-11.17,"y":186.58,"width":291,"height":487}},"death_00080_":{"death_00080_":{"x":-8.17,"y":183.08,"width":297,"height":486}},"death_00084_":{"death_00084_":{"x":-8.17,"y":188.58,"width":297,"height":483}},"death_00088_":{"death_00088_":{"x":-12.17,"y":185.08,"width":287,"height":490}},"death_00092_":{"death_00092_":{"x":-8.67,"y":185.08,"width":290,"height":490}},"death_00096_":{"death_00096_":{"x":-11.17,"y":184.08,"width":291,"height":488}},"death_00100_":{"death_00100_":{"x":-10.67,"y":183.58,"width":290,"height":487}},"death_00104_":{"death_00104_":{"x":-12.17,"y":181.08,"width":289,"height":478}},"death_00108_":{"death_00108_":{"x":-15.17,"y":177.58,"width":279,"height":475}},"death_00112_":{"death_00112_":{"x":-16.67,"y":180.08,"width":280,"height":478}},"death_00116_":{"death_00116_":{"x":-13.17,"y":186.08,"width":283,"height":478}},"death_00120_":{"death_00120_":{"x":-15.67,"y":177.08,"width":280,"height":472}},"death_00124_":{"death_00124_":{"x":-15.17,"y":177.58,"width":283,"height":473}},"death_00128_":{"death_00128_":{"x":-14.17,"y":179.08,"width":285,"height":458}},"death_00132_":{"death_00132_":{"x":-16.17,"y":176.08,"width":279,"height":448}},"death_00136_":{"death_00136_":{"x":-13.17,"y":182.08,"width":283,"height":458}},"death_00140_":{"death_00140_":{"x":-13.67,"y":184.58,"width":282,"height":469}},"death_00144_":{"death_00144_":{"x":-12.17,"y":187.58,"width":289,"height":477}},"death_00148_":{"death_00148_":{"x":-9.67,"y":186.08,"width":284,"height":476}},"death_00152_":{"death_00152_":{"x":-14.17,"y":188.08,"width":281,"height":484}},"death_00156_":{"death_00156_":{"x":-19.67,"y":180.58,"width":274,"height":457}},"death_00160_":{"death_00160_":{"x":-13.17,"y":179.58,"width":283,"height":463}},"death_00164_":{"death_00164_":{"x":-10.17,"y":84.08,"width":283,"height":276}},"death_00164a_":{"death_00164a_":{"x":-10.67,"y":335.08,"width":226,"height":112}},"death_00164b_":{"death_00164b_":{"x":11.32,"y":250.58,"width":264,"height":57}},"death_00168_":{"death_00168_":{"x":-17.67,"y":176.58,"width":278,"height":453}},"death_00168a_":{"death_00168a_":{"x":137.32,"y":238.08,"width":78,"height":30}},"death_00172_":{"death_00172_":{"x":-17.17,"y":85.08,"width":279,"height":262}},"death_00172a_":{"death_00172a_":{"x":-10.67,"y":355.08,"width":238,"height":114}},"death_00172b_":{"death_00172b_":{"x":14.32,"y":257.08,"width":264,"height":82}},"death_00176_":{"death_00176_":{"x":-14.17,"y":195.58,"width":279,"height":483}},"death_00180_":{"death_00180_":{"x":-13.67,"y":40.58,"width":278,"height":183}},"death_00180a_":{"death_00180a_":{"x":-14.67,"y":285.58,"width":220,"height":307}},"death_00184_":{"death_00184_":{"x":-14.67,"y":52.58,"width":274,"height":203}},"death_00184a_":{"death_00184a_":{"x":-15.67,"y":293.58,"width":234,"height":279}},"death_00188_":{"death_00188_":{"x":-16.67,"y":42.08,"width":278,"height":198}},"death_00188a_":{"death_00188a_":{"x":-4.67,"y":293.58,"width":244,"height":305}},"death_00192_":{"death_00192_":{"x":34.82,"y":184.08,"width":389,"height":484}},"death_00196_":{"death_00196_":{"x":11.82,"y":32.08,"width":523,"height":216}},"death_00196a_":{"death_00196a_":{"x":19.32,"y":285.08,"width":338,"height":290}},"death_00200_":{"death_00200_":{"x":32.82,"y":38.58,"width":545,"height":243}},"death_00200a_":{"death_00200a_":{"x":80.32,"y":318.08,"width":498,"height":316}},"death_00204_":{"death_00204_":{"x":30.32,"y":53.58,"width":558,"height":281}},"death_00204a_":{"death_00204a_":{"x":96.32,"y":336.58,"width":466,"height":285}},"death_00208_":{"death_00208_":{"x":27.82,"y":44.08,"width":603,"height":282}},"death_00208a_":{"death_00208a_":{"x":80.32,"y":315.58,"width":498,"height":261}},"death_00212_":{"death_00212_":{"x":42.82,"y":38.58,"width":573,"height":311}},"death_00212a_":{"death_00212a_":{"x":96.32,"y":330.08,"width":464,"height":272}},"death_00216_":{"death_00216_":{"x":38.32,"y":70.58,"width":542,"height":321}},"death_00220_":{"death_00220_":{"x":-9.67,"y":65.58,"width":268,"height":185}}}},"animations":{"animation":{"slots":{"death_00000_":{"attachment":[{"time":0,"name":"death_00000_"},{"time":0.1333,"name":null}]},"death_00004_":{"attachment":[{"time":0,"name":null},{"time":0.1333,"name":"death_00004_"},{"time":0.2666,"name":null}]},"death_00008_":{"attachment":[{"time":0,"name":null},{"time":0.2666,"name":"death_00008_"},{"time":0.4,"name":null}]},"death_00012_":{"attachment":[{"time":0,"name":null},{"time":0.4,"name":"death_00012_"},{"time":0.5333,"name":null}]},"death_00012a_":{"attachment":[{"time":0,"name":null},{"time":0.4,"name":"death_00012a_"},{"time":0.5333,"name":null}]},"death_00016_":{"attachment":[{"time":0,"name":null},{"time":0.5333,"name":"death_00016_"},{"time":0.6666,"name":null}]},"death_00016a_":{"attachment":[{"time":0,"name":null},{"time":0.5333,"name":"death_00016a_"},{"time":0.6666,"name":null}]},"death_00020_":{"attachment":[{"time":0,"name":null},{"time":0.6666,"name":"death_00020_"},{"time":0.8,"name":null}]},"death_00020a_":{"attachment":[{"time":0,"name":null},{"time":0.6666,"name":"death_00020a_"},{"time":0.8,"name":null}]},"death_00024_":{"attachment":[{"time":0,"name":null},{"time":0.8,"name":"death_00024_"},{"time":0.9333,"name":null}]},"death_00024a_":{"attachment":[{"time":0,"name":null},{"time":0.8,"name":"death_00024a_"},{"time":0.9333,"name":null}]},"death_00028_":{"attachment":[{"time":0,"name":null},{"time":0.9333,"name":"death_00028_"},{"time":1.0666,"name":null}]},"death_00028a_":{"attachment":[{"time":0,"name":null},{"time":0.9333,"name":"death_00028a_"},{"time":1.0666,"name":null}]},"death_00028b_":{"attachment":[{"time":0,"name":null},{"time":0.9333,"name":"death_00028b_"},{"time":1.0666,"name":null}]},"death_00032_":{"attachment":[{"time":0,"name":null},{"time":1.0666,"name":"death_00032_"},{"time":1.2,"name":null}]},"death_00032a_":{"attachment":[{"time":0,"name":null},{"time":1.0666,"name":"death_00032a_"},{"time":1.2,"name":null}]},"death_00032b_":{"attachment":[{"time":0,"name":null},{"time":1.0666,"name":"death_00032b_"},{"time":1.2,"name":null}]},"death_00036_":{"attachment":[{"time":0,"name":null},{"time":1.2,"name":"death_00036_"},{"time":1.3333,"name":null}]},"death_00036a_":{"attachment":[{"time":0,"name":null},{"time":1.2,"name":"death_00036a_"},{"time":1.3333,"name":null}]},"death_00036b_":{"attachment":[{"time":0,"name":null},{"time":1.2,"name":"death_00036b_"},{"time":1.3333,"name":null}]},"death_00040_":{"attachment":[{"time":0,"name":null},{"time":1.3333,"name":"death_00040_"},{"time":1.4666,"name":null}]},"death_00040a_":{"attachment":[{"time":0,"name":null},{"time":1.3333,"name":"death_00040a_"},{"time":1.4666,"name":null}]},"death_00040b_":{"attachment":[{"time":0,"name":null},{"time":1.3333,"name":"death_00040b_"},{"time":1.4666,"name":null}]},"death_00040c_":{"attachment":[{"time":0,"name":null},{"time":1.3333,"name":"death_00040c_"},{"time":1.4666,"name":null}]},"death_00044_":{"attachment":[{"time":0,"name":null},{"time":1.4666,"name":"death_00044_"},{"time":1.6,"name":null}]},"death_00044a_":{"attachment":[{"time":0,"name":null},{"time":1.4666,"name":"death_00044a_"},{"time":1.6,"name":null}]},"death_00044b_":{"attachment":[{"time":0,"name":null},{"time":1.4666,"name":"death_00044b_"},{"time":1.6,"name":null}]},"death_00048_":{"attachment":[{"time":0,"name":null},{"time":1.6,"name":"death_00048_"},{"time":1.7333,"name":null}]},"death_00048a_":{"attachment":[{"time":0,"name":null},{"time":1.6,"name":"death_00048a_"},{"time":1.7333,"name":null}]},"death_00048b_":{"attachment":[{"time":0,"name":null},{"time":1.6,"name":"death_00048b_"},{"time":1.7333,"name":null}]},"death_00052_":{"attachment":[{"time":0,"name":null},{"time":1.7333,"name":"death_00052_"},{"time":1.8666,"name":null}]},"death_00052a_":{"attachment":[{"time":0,"name":null},{"time":1.7333,"name":"death_00052a_"},{"time":1.8666,"name":null}]},"death_00052b_":{"attachment":[{"time":0,"name":null},{"time":1.7333,"name":"death_00052b_"},{"time":1.8666,"name":null}]},"death_00056_":{"attachment":[{"time":0,"name":null},{"time":1.8666,"name":"death_00056_"},{"time":2,"name":null}]},"death_00056a_":{"attachment":[{"time":0,"name":null},{"time":1.8666,"name":"death_00056a_"},{"time":2,"name":null}]},"death_00056b_":{"attachment":[{"time":0,"name":null},{"time":1.8666,"name":"death_00056b_"},{"time":2,"name":null}]},"death_00056c_":{"attachment":[{"time":0,"name":null},{"time":1.8666,"name":"death_00056c_"},{"time":2,"name":null}]},"death_00060_":{"attachment":[{"time":0,"name":null},{"time":2,"name":"death_00060_"},{"time":2.1333,"name":null}]},"death_00060a_":{"attachment":[{"time":0,"name":null},{"time":2,"name":"death_00060a_"},{"time":2.1333,"name":null}]},"death_00060b_":{"attachment":[{"time":0,"name":null},{"time":2,"name":"death_00060b_"},{"time":2.1333,"name":null}]},"death_00064_":{"attachment":[{"time":0,"name":null},{"time":2.1333,"name":"death_00064_"},{"time":2.2666,"name":null}]},"death_00064a_":{"attachment":[{"time":0,"name":null},{"time":2.1333,"name":"death_00064a_"},{"time":2.2666,"name":null}]},"death_00064b_":{"attachment":[{"time":0,"name":null},{"time":2.1333,"name":"death_00064b_"},{"time":2.2666,"name":null}]},"death_00068_":{"attachment":[{"time":0,"name":null},{"time":2.2666,"name":"death_00068_"},{"time":2.4,"name":null}]},"death_00068a_":{"attachment":[{"time":0,"name":null},{"time":2.2666,"name":"death_00068a_"},{"time":2.4,"name":null}]},"death_00068b_":{"attachment":[{"time":0,"name":null},{"time":2.2666,"name":"death_00068b_"},{"time":2.4,"name":null}]},"death_00068c_":{"attachment":[{"time":0,"name":null},{"time":2.2666,"name":"death_00068c_"},{"time":2.4,"name":null}]},"death_00072_":{"attachment":[{"time":0,"name":null},{"time":2.4,"name":"death_00072_"},{"time":2.5333,"name":null}]},"death_00072a_":{"attachment":[{"time":0,"name":null},{"time":2.4,"name":"death_00072a_"},{"time":2.5333,"name":null}]},"death_00076_":{"attachment":[{"time":0,"name":null},{"time":2.5333,"name":"death_00076_"},{"time":2.6666,"name":null}]},"death_00080_":{"attachment":[{"time":0,"name":null},{"time":2.6666,"name":"death_00080_"},{"time":2.8,"name":null}]},"death_00084_":{"attachment":[{"time":0,"name":null},{"time":2.8,"name":"death_00084_"},{"time":2.9333,"name":null}]},"death_00088_":{"attachment":[{"time":0,"name":null},{"time":2.9333,"name":"death_00088_"},{"time":3.0666,"name":null}]},"death_00092_":{"attachment":[{"time":0,"name":null},{"time":3.0666,"name":"death_00092_"},{"time":3.2,"name":null}]},"death_00096_":{"attachment":[{"time":0,"name":null},{"time":3.2,"name":"death_00096_"},{"time":3.3333,"name":null}]},"death_00100_":{"attachment":[{"time":0,"name":null},{"time":3.3333,"name":"death_00100_"},{"time":3.4666,"name":null}]},"death_00104_":{"attachment":[{"time":0,"name":null},{"time":3.4666,"name":"death_00104_"},{"time":3.6,"name":null}]},"death_00108_":{"attachment":[{"time":0,"name":null},{"time":3.6,"name":"death_00108_"},{"time":3.7333,"name":null}]},"death_00112_":{"attachment":[{"time":0,"name":null},{"time":3.7333,"name":"death_00112_"},{"time":3.8666,"name":null}]},"death_00116_":{"attachment":[{"time":0,"name":null},{"time":3.8666,"name":"death_00116_"},{"time":4,"name":null}]},"death_00120_":{"attachment":[{"time":0,"name":null},{"time":4,"name":"death_00120_"},{"time":4.1333,"name":null}]},"death_00124_":{"attachment":[{"time":0,"name":null},{"time":4.1333,"name":"death_00124_"},{"time":4.2666,"name":null}]},"death_00128_":{"attachment":[{"time":0,"name":null},{"time":4.2666,"name":"death_00128_"},{"time":4.4,"name":null}]},"death_00132_":{"attachment":[{"time":0,"name":null},{"time":4.4,"name":"death_00132_"},{"time":4.5333,"name":null}]},"death_00136_":{"attachment":[{"time":0,"name":null},{"time":4.5333,"name":"death_00136_"},{"time":4.6666,"name":null}]},"death_00140_":{"attachment":[{"time":0,"name":null},{"time":4.6666,"name":"death_00140_"},{"time":4.8,"name":null}]},"death_00144_":{"attachment":[{"time":0,"name":null},{"time":4.8,"name":"death_00144_"},{"time":4.9333,"name":null}]},"death_00148_":{"attachment":[{"time":0,"name":null},{"time":4.9333,"name":"death_00148_"},{"time":5.0666,"name":null}]},"death_00152_":{"attachment":[{"time":0,"name":null},{"time":5.0666,"name":"death_00152_"},{"time":5.2,"name":null}]},"death_00156_":{"attachment":[{"time":0,"name":null},{"time":5.2,"name":"death_00156_"},{"time":5.3333,"name":null}]},"death_00160_":{"attachment":[{"time":0,"name":null},{"time":5.3333,"name":"death_00160_"},{"time":5.4666,"name":null}]},"death_00164_":{"attachment":[{"time":0,"name":null},{"time":5.4666,"name":"death_00164_"},{"time":5.6,"name":null}]},"death_00164a_":{"attachment":[{"time":0,"name":null},{"time":5.4666,"name":"death_00164a_"},{"time":5.6,"name":null}]},"death_00164b_":{"attachment":[{"time":0,"name":null},{"time":5.4666,"name":"death_00164b_"},{"time":5.6,"name":null}]},"death_00168_":{"attachment":[{"time":0,"name":null},{"time":5.6,"name":"death_00168_"},{"time":5.7333,"name":null}]},"death_00168a_":{"attachment":[{"time":0,"name":null},{"time":5.6,"name":"death_00168a_"},{"time":5.7333,"name":null}]},"death_00172_":{"attachment":[{"time":0,"name":null},{"time":5.7333,"name":"death_00172_"},{"time":5.8666,"name":null}]},"death_00172a_":{"attachment":[{"time":0,"name":null},{"time":5.7333,"name":"death_00172a_"},{"time":5.8666,"name":null}]},"death_00172b_":{"attachment":[{"time":0,"name":null},{"time":5.7333,"name":"death_00172b_"},{"time":5.8666,"name":null}]},"death_00176_":{"attachment":[{"time":0,"name":null},{"time":5.8666,"name":"death_00176_"},{"time":6,"name":null}]},"death_00180_":{"attachment":[{"time":0,"name":null},{"time":6,"name":"death_00180_"},{"time":6.1333,"name":null}]},"death_00180a_":{"attachment":[{"time":0,"name":null},{"time":6,"name":"death_00180a_"},{"time":6.1333,"name":null}]},"death_00184_":{"attachment":[{"time":0,"name":null},{"time":6.1333,"name":"death_00184_"},{"time":6.2666,"name":null}]},"death_00184a_":{"attachment":[{"time":0,"name":null},{"time":6.1333,"name":"death_00184a_"},{"time":6.2666,"name":null}]},"death_00188_":{"attachment":[{"time":0,"name":null},{"time":6.2666,"name":"death_00188_"},{"time":6.4,"name":null}]},"death_00188a_":{"attachment":[{"time":0,"name":null},{"time":6.2666,"name":"death_00188a_"},{"time":6.4,"name":null}]},"death_00192_":{"attachment":[{"time":0,"name":null},{"time":6.4,"name":"death_00192_"},{"time":6.5333,"name":null}]},"death_00196_":{"attachment":[{"time":0,"name":null},{"time":6.5333,"name":"death_00196_"},{"time":6.6666,"name":null}]},"death_00196a_":{"attachment":[{"time":0,"name":null},{"time":6.5333,"name":"death_00196a_"},{"time":6.6666,"name":null}]},"death_00200_":{"attachment":[{"time":0,"name":null},{"time":6.6666,"name":"death_00200_"},{"time":6.8,"name":null}]},"death_00200a_":{"attachment":[{"time":0,"name":null},{"time":6.6666,"name":"death_00200a_"},{"time":6.8,"name":null}]},"death_00204_":{"attachment":[{"time":0,"name":null},{"time":6.8,"name":"death_00204_"},{"time":6.9333,"name":null}]},"death_00204a_":{"attachment":[{"time":0,"name":null},{"time":6.8,"name":"death_00204a_"},{"time":6.9333,"name":null}]},"death_00208_":{"attachment":[{"time":0,"name":null},{"time":6.9333,"name":"death_00208_"},{"time":7.0666,"name":null}]},"death_00208a_":{"attachment":[{"time":0,"name":null},{"time":6.9333,"name":"death_00208a_"},{"time":7.0666,"name":null}]},"death_00212_":{"attachment":[{"time":0,"name":null},{"time":7.0666,"name":"death_00212_"},{"time":7.2,"name":null}]},"death_00212a_":{"attachment":[{"time":0,"name":null},{"time":7.0666,"name":"death_00212a_"},{"time":7.2,"name":null}]},"death_00216_":{"attachment":[{"time":0,"name":null},{"time":7.2,"name":"death_00216_"},{"time":7.3333,"name":null}]},"death_00220_":{"attachment":[{"time":0,"name":null},{"time":7.3333,"name":"death_00220_"}]}}}}}