{
"skeleton": { "hash": "l6wyfyDx7JHvmLQ5TdEZKhjILJs", "spine": "3.7.91", "width": 543, "height": 532.96, "images": "", "audio": "F:/Work/2019年04月魔斯拉/Spine/S" },
"bones": [
	{ "name": "root" },
	{ "name": "Smoke", "parent": "root", "x": 6.82, "y": 39.75 },
	{ "name": "Mothra", "parent": "root" }
],
"slots": [
	{ "name": "Mothra_城外_A", "bone": "root", "attachment": "Mothra_home_B_" },
	{ "name": "smoke_11_", "bone": "Smoke", "attachment": "smoke_11_" },
	{ "name": "smoke_13_", "bone": "Smoke", "attachment": "smoke_13_" },
	{ "name": "smoke_15_", "bone": "Smoke", "attachment": "smoke_15_" },
	{ "name": "smoke_17_", "bone": "Smoke", "attachment": "smoke_17_" },
	{ "name": "smoke_19_", "bone": "Smoke", "attachment": "smoke_19_" },
	{ "name": "smoke_1_", "bone": "Smoke", "attachment": "smoke_1_" },
	{ "name": "smoke_21_", "bone": "Smoke", "attachment": "smoke_21_" },
	{ "name": "smoke_23_", "bone": "Smoke", "attachment": "smoke_23_" },
	{ "name": "smoke_25_", "bone": "Smoke", "attachment": "smoke_25_" },
	{ "name": "smoke_27_", "bone": "Smoke", "attachment": "smoke_27_" },
	{ "name": "smoke_29_", "bone": "Smoke", "attachment": "smoke_29_" },
	{ "name": "smoke_31_", "bone": "Smoke", "attachment": "smoke_31_" },
	{ "name": "smoke_33_", "bone": "Smoke", "attachment": "smoke_33_" },
	{ "name": "smoke_35_", "bone": "Smoke", "attachment": "smoke_35_" },
	{ "name": "smoke_37_", "bone": "Smoke", "attachment": "smoke_37_" },
	{ "name": "smoke_39_", "bone": "Smoke", "attachment": "smoke_39_" },
	{ "name": "smoke_3_", "bone": "Smoke", "attachment": "smoke_3_" },
	{ "name": "smoke_5_", "bone": "Smoke", "attachment": "smoke_5_" },
	{ "name": "smoke_7_", "bone": "Smoke", "attachment": "smoke_7_" },
	{ "name": "smoke_9_", "bone": "Smoke", "attachment": "smoke_9_" },
	{ "name": "Mothra_1_", "bone": "Mothra", "attachment": "Mothra_1_" },
	{ "name": "Mothra_3_", "bone": "Mothra", "attachment": "Mothra_3_" },
	{ "name": "Mothra_5_", "bone": "Mothra", "attachment": "Mothra_5_" },
	{ "name": "Mothra_7_", "bone": "Mothra", "attachment": "Mothra_7_" },
	{ "name": "Mothra_9_", "bone": "Mothra", "attachment": "Mothra_9_" },
	{ "name": "Mothra_11_", "bone": "Mothra", "attachment": "Mothra_11_" },
	{ "name": "Mothra_13_", "bone": "Mothra", "attachment": "Mothra_13_" },
	{ "name": "Mothra_15_", "bone": "Mothra", "attachment": "Mothra_15_" },
	{ "name": "Mothra_17_", "bone": "Mothra", "attachment": "Mothra_17_" },
	{ "name": "Mothra_19_", "bone": "Mothra", "attachment": "Mothra_19_" },
	{ "name": "Mothra_21_", "bone": "Mothra", "attachment": "Mothra_21_" },
	{ "name": "Mothra_23_", "bone": "Mothra", "attachment": "Mothra_23_" },
	{ "name": "Mothra_25_", "bone": "Mothra", "attachment": "Mothra_25_" },
	{ "name": "Mothra_27_", "bone": "Mothra", "attachment": "Mothra_27_" },
	{ "name": "Mothra_29_", "bone": "Mothra", "attachment": "Mothra_29_" },
	{ "name": "Mothra_31_", "bone": "Mothra", "attachment": "Mothra_31_" },
	{ "name": "Mothra_33_", "bone": "Mothra", "attachment": "Mothra_33_" },
	{ "name": "Mothra_35_", "bone": "Mothra", "attachment": "Mothra_35_" },
	{ "name": "Mothra_37_", "bone": "Mothra", "attachment": "Mothra_37_" },
	{ "name": "Mothra_39_", "bone": "Mothra", "attachment": "Mothra_39_" }
],
"skins": {
	"default": {
		"Mothra_11_": {
			"Mothra_11_": { "x": 35.78, "y": 219.85, "width": 532, "height": 157 }
		},
		"Mothra_13_": {
			"Mothra_13_": { "x": 38.28, "y": 210.85, "width": 541, "height": 135 }
		},
		"Mothra_15_": {
			"Mothra_15_": { "x": 34.78, "y": 189.85, "width": 534, "height": 135 }
		},
		"Mothra_17_": {
			"Mothra_17_": { "x": 25.78, "y": 161.85, "width": 512, "height": 171 }
		},
		"Mothra_19_": {
			"Mothra_19_": { "x": 14.78, "y": 139.35, "width": 486, "height": 210 }
		},
		"Mothra_1_": {
			"Mothra_1_": { "x": 3.28, "y": 270.35, "width": 455, "height": 270 }
		},
		"Mothra_21_": {
			"Mothra_21_": { "x": 6.28, "y": 123.35, "width": 465, "height": 242 }
		},
		"Mothra_23_": {
			"Mothra_23_": { "x": 2.28, "y": 115.35, "width": 457, "height": 264 }
		},
		"Mothra_25_": {
			"Mothra_25_": { "x": 3.28, "y": 113.85, "width": 461, "height": 273 }
		},
		"Mothra_27_": {
			"Mothra_27_": { "x": 7.28, "y": 120.35, "width": 473, "height": 272 }
		},
		"Mothra_29_": {
			"Mothra_29_": { "x": 13.78, "y": 133.35, "width": 490, "height": 264 }
		},
		"Mothra_31_": {
			"Mothra_31_": { "x": 18.78, "y": 153.85, "width": 504, "height": 255 }
		},
		"Mothra_33_": {
			"Mothra_33_": { "x": 21.28, "y": 180.85, "width": 511, "height": 243 }
		},
		"Mothra_35_": {
			"Mothra_35_": { "x": 18.78, "y": 213.35, "width": 504, "height": 230 }
		},
		"Mothra_37_": {
			"Mothra_37_": { "x": 13.28, "y": 247.35, "width": 489, "height": 222 }
		},
		"Mothra_39_": {
			"Mothra_39_": { "x": 6.78, "y": 261.35, "width": 468, "height": 252 }
		},
		"Mothra_3_": {
			"Mothra_3_": { "x": 3.28, "y": 273.85, "width": 453, "height": 275 }
		},
		"Mothra_5_": {
			"Mothra_5_": { "x": 8.28, "y": 270.35, "width": 465, "height": 266 }
		},
		"Mothra_7_": {
			"Mothra_7_": { "x": 16.78, "y": 260.35, "width": 486, "height": 244 }
		},
		"Mothra_9_": {
			"Mothra_9_": { "x": 27.28, "y": 243.35, "width": 511, "height": 206 }
		},
		"Mothra_城外_A": {
			"Mothra_home_B_": { "x": -12.99, "y": 33.39, "width": 397, "height": 310 }
		},
		"smoke_11_": {
			"smoke_11_": { "width": 270, "height": 180 }
		},
		"smoke_13_": {
			"smoke_13_": { "width": 270, "height": 180 }
		},
		"smoke_15_": {
			"smoke_15_": { "width": 270, "height": 180 }
		},
		"smoke_17_": {
			"smoke_17_": { "width": 270, "height": 180 }
		},
		"smoke_19_": {
			"smoke_19_": { "width": 270, "height": 180 }
		},
		"smoke_1_": {
			"smoke_1_": { "width": 270, "height": 180 }
		},
		"smoke_21_": {
			"smoke_21_": { "width": 270, "height": 180 }
		},
		"smoke_23_": {
			"smoke_23_": { "width": 270, "height": 180 }
		},
		"smoke_25_": {
			"smoke_25_": { "width": 270, "height": 180 }
		},
		"smoke_27_": {
			"smoke_27_": { "width": 270, "height": 180 }
		},
		"smoke_29_": {
			"smoke_29_": { "width": 270, "height": 180 }
		},
		"smoke_31_": {
			"smoke_31_": { "width": 270, "height": 180 }
		},
		"smoke_33_": {
			"smoke_33_": { "width": 270, "height": 180 }
		},
		"smoke_35_": {
			"smoke_35_": { "width": 270, "height": 180 }
		},
		"smoke_37_": {
			"smoke_37_": { "width": 270, "height": 180 }
		},
		"smoke_39_": {
			"smoke_39_": { "width": 270, "height": 180 }
		},
		"smoke_3_": {
			"smoke_3_": { "width": 270, "height": 180 }
		},
		"smoke_5_": {
			"smoke_5_": { "width": 270, "height": 180 }
		},
		"smoke_7_": {
			"smoke_7_": { "width": 270, "height": 180 }
		},
		"smoke_9_": {
			"smoke_9_": { "width": 270, "height": 180 }
		}
	}
},
"animations": {
	"animation": {
		"slots": {
			"Mothra_1_": {
				"attachment": [
					{ "time": 0, "name": "Mothra_1_" },
					{ "time": 0.0667, "name": null },
					{ "time": 0.1333, "name": null },
					{ "time": 0.2, "name": null },
					{ "time": 0.2667, "name": null },
					{ "time": 0.3333, "name": null },
					{ "time": 0.4, "name": null },
					{ "time": 0.4667, "name": null },
					{ "time": 0.5333, "name": null },
					{ "time": 0.6, "name": null },
					{ "time": 0.6667, "name": null },
					{ "time": 0.7333, "name": null },
					{ "time": 0.8, "name": null },
					{ "time": 0.8667, "name": null },
					{ "time": 0.9333, "name": null },
					{ "time": 1, "name": null },
					{ "time": 1.0667, "name": null },
					{ "time": 1.1333, "name": null },
					{ "time": 1.2, "name": null },
					{ "time": 1.2667, "name": null },
					{ "time": 1.3333, "name": null }
				]
			},
			"Mothra_3_": {
				"attachment": [
					{ "time": 0, "name": null },
					{ "time": 0.0667, "name": "Mothra_3_" },
					{ "time": 0.1333, "name": null },
					{ "time": 0.2, "name": null },
					{ "time": 0.2667, "name": null },
					{ "time": 0.3333, "name": null },
					{ "time": 0.4, "name": null },
					{ "time": 0.4667, "name": null },
					{ "time": 0.5333, "name": null },
					{ "time": 0.6, "name": null },
					{ "time": 0.6667, "name": null },
					{ "time": 0.7333, "name": null },
					{ "time": 0.8, "name": null },
					{ "time": 0.8667, "name": null },
					{ "time": 0.9333, "name": null },
					{ "time": 1, "name": null },
					{ "time": 1.0667, "name": null },
					{ "time": 1.1333, "name": null },
					{ "time": 1.2, "name": null },
					{ "time": 1.2667, "name": null },
					{ "time": 1.3333, "name": null }
				]
			},
			"Mothra_5_": {
				"attachment": [
					{ "time": 0, "name": null },
					{ "time": 0.0667, "name": null },
					{ "time": 0.1333, "name": "Mothra_5_" },
					{ "time": 0.2, "name": null },
					{ "time": 0.2667, "name": null },
					{ "time": 0.3333, "name": null },
					{ "time": 0.4, "name": null },
					{ "time": 0.4667, "name": null },
					{ "time": 0.5333, "name": null },
					{ "time": 0.6, "name": null },
					{ "time": 0.6667, "name": null },
					{ "time": 0.7333, "name": null },
					{ "time": 0.8, "name": null },
					{ "time": 0.8667, "name": null },
					{ "time": 0.9333, "name": null },
					{ "time": 1, "name": null },
					{ "time": 1.0667, "name": null },
					{ "time": 1.1333, "name": null },
					{ "time": 1.2, "name": null },
					{ "time": 1.2667, "name": null },
					{ "time": 1.3333, "name": null }
				]
			},
			"Mothra_7_": {
				"attachment": [
					{ "time": 0, "name": null },
					{ "time": 0.0667, "name": null },
					{ "time": 0.1333, "name": null },
					{ "time": 0.2, "name": "Mothra_7_" },
					{ "time": 0.2667, "name": null },
					{ "time": 0.3333, "name": null },
					{ "time": 0.4, "name": null },
					{ "time": 0.4667, "name": null },
					{ "time": 0.5333, "name": null },
					{ "time": 0.6, "name": null },
					{ "time": 0.6667, "name": null },
					{ "time": 0.7333, "name": null },
					{ "time": 0.8, "name": null },
					{ "time": 0.8667, "name": null },
					{ "time": 0.9333, "name": null },
					{ "time": 1, "name": null },
					{ "time": 1.0667, "name": null },
					{ "time": 1.1333, "name": null },
					{ "time": 1.2, "name": null },
					{ "time": 1.2667, "name": null },
					{ "time": 1.3333, "name": null }
				]
			},
			"Mothra_9_": {
				"attachment": [
					{ "time": 0, "name": null },
					{ "time": 0.0667, "name": null },
					{ "time": 0.1333, "name": null },
					{ "time": 0.2, "name": null },
					{ "time": 0.2667, "name": "Mothra_9_" },
					{ "time": 0.3333, "name": null },
					{ "time": 0.4, "name": null },
					{ "time": 0.4667, "name": null },
					{ "time": 0.5333, "name": null },
					{ "time": 0.6, "name": null },
					{ "time": 0.6667, "name": null },
					{ "time": 0.7333, "name": null },
					{ "time": 0.8, "name": null },
					{ "time": 0.8667, "name": null },
					{ "time": 0.9333, "name": null },
					{ "time": 1, "name": null },
					{ "time": 1.0667, "name": null },
					{ "time": 1.1333, "name": null },
					{ "time": 1.2, "name": null },
					{ "time": 1.2667, "name": null },
					{ "time": 1.3333, "name": null }
				]
			},
			"Mothra_11_": {
				"attachment": [
					{ "time": 0, "name": null },
					{ "time": 0.0667, "name": null },
					{ "time": 0.1333, "name": null },
					{ "time": 0.2, "name": null },
					{ "time": 0.2667, "name": null },
					{ "time": 0.3333, "name": "Mothra_11_" },
					{ "time": 0.4, "name": null },
					{ "time": 0.4667, "name": null },
					{ "time": 0.5333, "name": null },
					{ "time": 0.6, "name": null },
					{ "time": 0.6667, "name": null },
					{ "time": 0.7333, "name": null },
					{ "time": 0.8, "name": null },
					{ "time": 0.8667, "name": null },
					{ "time": 0.9333, "name": null },
					{ "time": 1, "name": null },
					{ "time": 1.0667, "name": null },
					{ "time": 1.1333, "name": null },
					{ "time": 1.2, "name": null },
					{ "time": 1.2667, "name": null },
					{ "time": 1.3333, "name": null }
				]
			},
			"Mothra_13_": {
				"attachment": [
					{ "time": 0, "name": null },
					{ "time": 0.0667, "name": null },
					{ "time": 0.1333, "name": null },
					{ "time": 0.2, "name": null },
					{ "time": 0.2667, "name": null },
					{ "time": 0.3333, "name": null },
					{ "time": 0.4, "name": "Mothra_13_" },
					{ "time": 0.4667, "name": null },
					{ "time": 0.5333, "name": null },
					{ "time": 0.6, "name": null },
					{ "time": 0.6667, "name": null },
					{ "time": 0.7333, "name": null },
					{ "time": 0.8, "name": null },
					{ "time": 0.8667, "name": null },
					{ "time": 0.9333, "name": null },
					{ "time": 1, "name": null },
					{ "time": 1.0667, "name": null },
					{ "time": 1.1333, "name": null },
					{ "time": 1.2, "name": null },
					{ "time": 1.2667, "name": null },
					{ "time": 1.3333, "name": null }
				]
			},
			"Mothra_15_": {
				"attachment": [
					{ "time": 0, "name": null },
					{ "time": 0.0667, "name": null },
					{ "time": 0.1333, "name": null },
					{ "time": 0.2, "name": null },
					{ "time": 0.2667, "name": null },
					{ "time": 0.3333, "name": null },
					{ "time": 0.4, "name": null },
					{ "time": 0.4667, "name": "Mothra_15_" },
					{ "time": 0.5333, "name": null },
					{ "time": 0.6, "name": null },
					{ "time": 0.6667, "name": null },
					{ "time": 0.7333, "name": null },
					{ "time": 0.8, "name": null },
					{ "time": 0.8667, "name": null },
					{ "time": 0.9333, "name": null },
					{ "time": 1, "name": null },
					{ "time": 1.0667, "name": null },
					{ "time": 1.1333, "name": null },
					{ "time": 1.2, "name": null },
					{ "time": 1.2667, "name": null },
					{ "time": 1.3333, "name": null }
				]
			},
			"Mothra_17_": {
				"attachment": [
					{ "time": 0, "name": null },
					{ "time": 0.0667, "name": null },
					{ "time": 0.1333, "name": null },
					{ "time": 0.2, "name": null },
					{ "time": 0.2667, "name": null },
					{ "time": 0.3333, "name": null },
					{ "time": 0.4, "name": null },
					{ "time": 0.4667, "name": null },
					{ "time": 0.5333, "name": "Mothra_17_" },
					{ "time": 0.6, "name": null },
					{ "time": 0.6667, "name": null },
					{ "time": 0.7333, "name": null },
					{ "time": 0.8, "name": null },
					{ "time": 0.8667, "name": null },
					{ "time": 0.9333, "name": null },
					{ "time": 1, "name": null },
					{ "time": 1.0667, "name": null },
					{ "time": 1.1333, "name": null },
					{ "time": 1.2, "name": null },
					{ "time": 1.2667, "name": null },
					{ "time": 1.3333, "name": null }
				]
			},
			"Mothra_19_": {
				"attachment": [
					{ "time": 0, "name": null },
					{ "time": 0.0667, "name": null },
					{ "time": 0.1333, "name": null },
					{ "time": 0.2, "name": null },
					{ "time": 0.2667, "name": null },
					{ "time": 0.3333, "name": null },
					{ "time": 0.4, "name": null },
					{ "time": 0.4667, "name": null },
					{ "time": 0.5333, "name": null },
					{ "time": 0.6, "name": "Mothra_19_" },
					{ "time": 0.6667, "name": null },
					{ "time": 0.7333, "name": null },
					{ "time": 0.8, "name": null },
					{ "time": 0.8667, "name": null },
					{ "time": 0.9333, "name": null },
					{ "time": 1, "name": null },
					{ "time": 1.0667, "name": null },
					{ "time": 1.1333, "name": null },
					{ "time": 1.2, "name": null },
					{ "time": 1.2667, "name": null },
					{ "time": 1.3333, "name": null }
				]
			},
			"Mothra_21_": {
				"attachment": [
					{ "time": 0, "name": null },
					{ "time": 0.0667, "name": null },
					{ "time": 0.1333, "name": null },
					{ "time": 0.2, "name": null },
					{ "time": 0.2667, "name": null },
					{ "time": 0.3333, "name": null },
					{ "time": 0.4, "name": null },
					{ "time": 0.4667, "name": null },
					{ "time": 0.5333, "name": null },
					{ "time": 0.6, "name": null },
					{ "time": 0.6667, "name": "Mothra_21_" },
					{ "time": 0.7333, "name": null },
					{ "time": 0.8, "name": null },
					{ "time": 0.8667, "name": null },
					{ "time": 0.9333, "name": null },
					{ "time": 1, "name": null },
					{ "time": 1.0667, "name": null },
					{ "time": 1.1333, "name": null },
					{ "time": 1.2, "name": null },
					{ "time": 1.2667, "name": null },
					{ "time": 1.3333, "name": null }
				]
			},
			"Mothra_23_": {
				"attachment": [
					{ "time": 0, "name": null },
					{ "time": 0.0667, "name": null },
					{ "time": 0.1333, "name": null },
					{ "time": 0.2, "name": null },
					{ "time": 0.2667, "name": null },
					{ "time": 0.3333, "name": null },
					{ "time": 0.4, "name": null },
					{ "time": 0.4667, "name": null },
					{ "time": 0.5333, "name": null },
					{ "time": 0.6, "name": null },
					{ "time": 0.6667, "name": null },
					{ "time": 0.7333, "name": "Mothra_23_" },
					{ "time": 0.8, "name": null },
					{ "time": 0.8667, "name": null },
					{ "time": 0.9333, "name": null },
					{ "time": 1, "name": null },
					{ "time": 1.0667, "name": null },
					{ "time": 1.1333, "name": null },
					{ "time": 1.2, "name": null },
					{ "time": 1.2667, "name": null },
					{ "time": 1.3333, "name": null }
				]
			},
			"Mothra_25_": {
				"attachment": [
					{ "time": 0, "name": null },
					{ "time": 0.0667, "name": null },
					{ "time": 0.1333, "name": null },
					{ "time": 0.2, "name": null },
					{ "time": 0.2667, "name": null },
					{ "time": 0.3333, "name": null },
					{ "time": 0.4, "name": null },
					{ "time": 0.4667, "name": null },
					{ "time": 0.5333, "name": null },
					{ "time": 0.6, "name": null },
					{ "time": 0.6667, "name": null },
					{ "time": 0.7333, "name": null },
					{ "time": 0.8, "name": "Mothra_25_" },
					{ "time": 0.8667, "name": null },
					{ "time": 0.9333, "name": null },
					{ "time": 1, "name": null },
					{ "time": 1.0667, "name": null },
					{ "time": 1.1333, "name": null },
					{ "time": 1.2, "name": null },
					{ "time": 1.2667, "name": null },
					{ "time": 1.3333, "name": null }
				]
			},
			"Mothra_27_": {
				"attachment": [
					{ "time": 0, "name": null },
					{ "time": 0.0667, "name": null },
					{ "time": 0.1333, "name": null },
					{ "time": 0.2, "name": null },
					{ "time": 0.2667, "name": null },
					{ "time": 0.3333, "name": null },
					{ "time": 0.4, "name": null },
					{ "time": 0.4667, "name": null },
					{ "time": 0.5333, "name": null },
					{ "time": 0.6, "name": null },
					{ "time": 0.6667, "name": null },
					{ "time": 0.7333, "name": null },
					{ "time": 0.8, "name": null },
					{ "time": 0.8667, "name": "Mothra_27_" },
					{ "time": 0.9333, "name": null },
					{ "time": 1, "name": null },
					{ "time": 1.0667, "name": null },
					{ "time": 1.1333, "name": null },
					{ "time": 1.2, "name": null },
					{ "time": 1.2667, "name": null },
					{ "time": 1.3333, "name": null }
				]
			},
			"Mothra_29_": {
				"attachment": [
					{ "time": 0, "name": null },
					{ "time": 0.0667, "name": null },
					{ "time": 0.1333, "name": null },
					{ "time": 0.2, "name": null },
					{ "time": 0.2667, "name": null },
					{ "time": 0.3333, "name": null },
					{ "time": 0.4, "name": null },
					{ "time": 0.4667, "name": null },
					{ "time": 0.5333, "name": null },
					{ "time": 0.6, "name": null },
					{ "time": 0.6667, "name": null },
					{ "time": 0.7333, "name": null },
					{ "time": 0.8, "name": null },
					{ "time": 0.8667, "name": null },
					{ "time": 0.9333, "name": "Mothra_29_" },
					{ "time": 1, "name": null },
					{ "time": 1.0667, "name": null },
					{ "time": 1.1333, "name": null },
					{ "time": 1.2, "name": null },
					{ "time": 1.2667, "name": null },
					{ "time": 1.3333, "name": null }
				]
			},
			"Mothra_31_": {
				"attachment": [
					{ "time": 0, "name": null },
					{ "time": 0.0667, "name": null },
					{ "time": 0.1333, "name": null },
					{ "time": 0.2, "name": null },
					{ "time": 0.2667, "name": null },
					{ "time": 0.3333, "name": null },
					{ "time": 0.4, "name": null },
					{ "time": 0.4667, "name": null },
					{ "time": 0.5333, "name": null },
					{ "time": 0.6, "name": null },
					{ "time": 0.6667, "name": null },
					{ "time": 0.7333, "name": null },
					{ "time": 0.8, "name": null },
					{ "time": 0.8667, "name": null },
					{ "time": 0.9333, "name": null },
					{ "time": 1, "name": "Mothra_31_" },
					{ "time": 1.0667, "name": null },
					{ "time": 1.1333, "name": null },
					{ "time": 1.2, "name": null },
					{ "time": 1.2667, "name": null },
					{ "time": 1.3333, "name": null }
				]
			},
			"Mothra_33_": {
				"attachment": [
					{ "time": 0, "name": null },
					{ "time": 0.0667, "name": null },
					{ "time": 0.1333, "name": null },
					{ "time": 0.2, "name": null },
					{ "time": 0.2667, "name": null },
					{ "time": 0.3333, "name": null },
					{ "time": 0.4, "name": null },
					{ "time": 0.4667, "name": null },
					{ "time": 0.5333, "name": null },
					{ "time": 0.6, "name": null },
					{ "time": 0.6667, "name": null },
					{ "time": 0.7333, "name": null },
					{ "time": 0.8, "name": null },
					{ "time": 0.8667, "name": null },
					{ "time": 0.9333, "name": null },
					{ "time": 1, "name": null },
					{ "time": 1.0667, "name": "Mothra_33_" },
					{ "time": 1.1333, "name": null },
					{ "time": 1.2, "name": null },
					{ "time": 1.2667, "name": null },
					{ "time": 1.3333, "name": null }
				]
			},
			"Mothra_35_": {
				"attachment": [
					{ "time": 0, "name": null },
					{ "time": 0.0667, "name": null },
					{ "time": 0.1333, "name": null },
					{ "time": 0.2, "name": null },
					{ "time": 0.2667, "name": null },
					{ "time": 0.3333, "name": null },
					{ "time": 0.4, "name": null },
					{ "time": 0.4667, "name": null },
					{ "time": 0.5333, "name": null },
					{ "time": 0.6, "name": null },
					{ "time": 0.6667, "name": null },
					{ "time": 0.7333, "name": null },
					{ "time": 0.8, "name": null },
					{ "time": 0.8667, "name": null },
					{ "time": 0.9333, "name": null },
					{ "time": 1, "name": null },
					{ "time": 1.0667, "name": null },
					{ "time": 1.1333, "name": "Mothra_35_" },
					{ "time": 1.2, "name": null },
					{ "time": 1.2667, "name": null },
					{ "time": 1.3333, "name": null }
				]
			},
			"Mothra_37_": {
				"attachment": [
					{ "time": 0, "name": null },
					{ "time": 0.0667, "name": null },
					{ "time": 0.1333, "name": null },
					{ "time": 0.2, "name": null },
					{ "time": 0.2667, "name": null },
					{ "time": 0.3333, "name": null },
					{ "time": 0.4, "name": null },
					{ "time": 0.4667, "name": null },
					{ "time": 0.5333, "name": null },
					{ "time": 0.6, "name": null },
					{ "time": 0.6667, "name": null },
					{ "time": 0.7333, "name": null },
					{ "time": 0.8, "name": null },
					{ "time": 0.8667, "name": null },
					{ "time": 0.9333, "name": null },
					{ "time": 1, "name": null },
					{ "time": 1.0667, "name": null },
					{ "time": 1.1333, "name": null },
					{ "time": 1.2, "name": "Mothra_37_" },
					{ "time": 1.2667, "name": null },
					{ "time": 1.3333, "name": null }
				]
			},
			"Mothra_39_": {
				"attachment": [
					{ "time": 0, "name": null },
					{ "time": 0.0667, "name": null },
					{ "time": 0.1333, "name": null },
					{ "time": 0.2, "name": null },
					{ "time": 0.2667, "name": null },
					{ "time": 0.3333, "name": null },
					{ "time": 0.4, "name": null },
					{ "time": 0.4667, "name": null },
					{ "time": 0.5333, "name": null },
					{ "time": 0.6, "name": null },
					{ "time": 0.6667, "name": null },
					{ "time": 0.7333, "name": null },
					{ "time": 0.8, "name": null },
					{ "time": 0.8667, "name": null },
					{ "time": 0.9333, "name": null },
					{ "time": 1, "name": null },
					{ "time": 1.0667, "name": null },
					{ "time": 1.1333, "name": null },
					{ "time": 1.2, "name": null },
					{ "time": 1.2667, "name": "Mothra_39_" },
					{ "time": 1.3333, "name": "Mothra_39_" }
				]
			},
			"smoke_1_": {
				"attachment": [
					{ "time": 0, "name": "smoke_1_" },
					{ "time": 0.0667, "name": null },
					{ "time": 0.1333, "name": null },
					{ "time": 0.2, "name": null },
					{ "time": 0.2667, "name": null },
					{ "time": 0.3333, "name": null },
					{ "time": 0.4, "name": null },
					{ "time": 0.4667, "name": null },
					{ "time": 0.5333, "name": null },
					{ "time": 0.6, "name": null },
					{ "time": 0.6667, "name": null },
					{ "time": 0.7333, "name": null },
					{ "time": 0.8, "name": null },
					{ "time": 0.8667, "name": null },
					{ "time": 0.9333, "name": null },
					{ "time": 1, "name": null },
					{ "time": 1.0667, "name": null },
					{ "time": 1.1333, "name": null },
					{ "time": 1.2, "name": null },
					{ "time": 1.2667, "name": null },
					{ "time": 1.3333, "name": null }
				]
			},
			"smoke_3_": {
				"attachment": [
					{ "time": 0, "name": null },
					{ "time": 0.0667, "name": "smoke_3_" },
					{ "time": 0.1333, "name": null },
					{ "time": 0.2, "name": null },
					{ "time": 0.2667, "name": null },
					{ "time": 0.3333, "name": null },
					{ "time": 0.4, "name": null },
					{ "time": 0.4667, "name": null },
					{ "time": 0.5333, "name": null },
					{ "time": 0.6, "name": null },
					{ "time": 0.6667, "name": null },
					{ "time": 0.7333, "name": null },
					{ "time": 0.8, "name": null },
					{ "time": 0.8667, "name": null },
					{ "time": 0.9333, "name": null },
					{ "time": 1, "name": null },
					{ "time": 1.0667, "name": null },
					{ "time": 1.1333, "name": null },
					{ "time": 1.2, "name": null },
					{ "time": 1.2667, "name": null },
					{ "time": 1.3333, "name": null }
				]
			},
			"smoke_5_": {
				"attachment": [
					{ "time": 0, "name": null },
					{ "time": 0.0667, "name": null },
					{ "time": 0.1333, "name": "smoke_5_" },
					{ "time": 0.2, "name": null },
					{ "time": 0.2667, "name": null },
					{ "time": 0.3333, "name": null },
					{ "time": 0.4, "name": null },
					{ "time": 0.4667, "name": null },
					{ "time": 0.5333, "name": null },
					{ "time": 0.6, "name": null },
					{ "time": 0.6667, "name": null },
					{ "time": 0.7333, "name": null },
					{ "time": 0.8, "name": null },
					{ "time": 0.8667, "name": null },
					{ "time": 0.9333, "name": null },
					{ "time": 1, "name": null },
					{ "time": 1.0667, "name": null },
					{ "time": 1.1333, "name": null },
					{ "time": 1.2, "name": null },
					{ "time": 1.2667, "name": null },
					{ "time": 1.3333, "name": null }
				]
			},
			"smoke_7_": {
				"attachment": [
					{ "time": 0, "name": null },
					{ "time": 0.0667, "name": null },
					{ "time": 0.1333, "name": null },
					{ "time": 0.2, "name": "smoke_7_" },
					{ "time": 0.2667, "name": null },
					{ "time": 0.3333, "name": null },
					{ "time": 0.4, "name": null },
					{ "time": 0.4667, "name": null },
					{ "time": 0.5333, "name": null },
					{ "time": 0.6, "name": null },
					{ "time": 0.6667, "name": null },
					{ "time": 0.7333, "name": null },
					{ "time": 0.8, "name": null },
					{ "time": 0.8667, "name": null },
					{ "time": 0.9333, "name": null },
					{ "time": 1, "name": null },
					{ "time": 1.0667, "name": null },
					{ "time": 1.1333, "name": null },
					{ "time": 1.2, "name": null },
					{ "time": 1.2667, "name": null },
					{ "time": 1.3333, "name": null }
				]
			},
			"smoke_9_": {
				"attachment": [
					{ "time": 0, "name": null },
					{ "time": 0.0667, "name": null },
					{ "time": 0.1333, "name": null },
					{ "time": 0.2, "name": null },
					{ "time": 0.2667, "name": "smoke_9_" },
					{ "time": 0.3333, "name": null },
					{ "time": 0.4, "name": null },
					{ "time": 0.4667, "name": null },
					{ "time": 0.5333, "name": null },
					{ "time": 0.6, "name": null },
					{ "time": 0.6667, "name": null },
					{ "time": 0.7333, "name": null },
					{ "time": 0.8, "name": null },
					{ "time": 0.8667, "name": null },
					{ "time": 0.9333, "name": null },
					{ "time": 1, "name": null },
					{ "time": 1.0667, "name": null },
					{ "time": 1.1333, "name": null },
					{ "time": 1.2, "name": null },
					{ "time": 1.2667, "name": null },
					{ "time": 1.3333, "name": null }
				]
			},
			"smoke_11_": {
				"attachment": [
					{ "time": 0, "name": null },
					{ "time": 0.0667, "name": null },
					{ "time": 0.1333, "name": null },
					{ "time": 0.2, "name": null },
					{ "time": 0.2667, "name": null },
					{ "time": 0.3333, "name": "smoke_11_" },
					{ "time": 0.4, "name": null },
					{ "time": 0.4667, "name": null },
					{ "time": 0.5333, "name": null },
					{ "time": 0.6, "name": null },
					{ "time": 0.6667, "name": null },
					{ "time": 0.7333, "name": null },
					{ "time": 0.8, "name": null },
					{ "time": 0.8667, "name": null },
					{ "time": 0.9333, "name": null },
					{ "time": 1, "name": null },
					{ "time": 1.0667, "name": null },
					{ "time": 1.1333, "name": null },
					{ "time": 1.2, "name": null },
					{ "time": 1.2667, "name": null },
					{ "time": 1.3333, "name": null }
				]
			},
			"smoke_13_": {
				"attachment": [
					{ "time": 0, "name": null },
					{ "time": 0.0667, "name": null },
					{ "time": 0.1333, "name": null },
					{ "time": 0.2, "name": null },
					{ "time": 0.2667, "name": null },
					{ "time": 0.3333, "name": null },
					{ "time": 0.4, "name": "smoke_13_" },
					{ "time": 0.4667, "name": null },
					{ "time": 0.5333, "name": null },
					{ "time": 0.6, "name": null },
					{ "time": 0.6667, "name": null },
					{ "time": 0.7333, "name": null },
					{ "time": 0.8, "name": null },
					{ "time": 0.8667, "name": null },
					{ "time": 0.9333, "name": null },
					{ "time": 1, "name": null },
					{ "time": 1.0667, "name": null },
					{ "time": 1.1333, "name": null },
					{ "time": 1.2, "name": null },
					{ "time": 1.2667, "name": null },
					{ "time": 1.3333, "name": null }
				]
			},
			"smoke_15_": {
				"attachment": [
					{ "time": 0, "name": null },
					{ "time": 0.0667, "name": null },
					{ "time": 0.1333, "name": null },
					{ "time": 0.2, "name": null },
					{ "time": 0.2667, "name": null },
					{ "time": 0.3333, "name": null },
					{ "time": 0.4, "name": null },
					{ "time": 0.4667, "name": "smoke_15_" },
					{ "time": 0.5333, "name": null },
					{ "time": 0.6, "name": null },
					{ "time": 0.6667, "name": null },
					{ "time": 0.7333, "name": null },
					{ "time": 0.8, "name": null },
					{ "time": 0.8667, "name": null },
					{ "time": 0.9333, "name": null },
					{ "time": 1, "name": null },
					{ "time": 1.0667, "name": null },
					{ "time": 1.1333, "name": null },
					{ "time": 1.2, "name": null },
					{ "time": 1.2667, "name": null },
					{ "time": 1.3333, "name": null }
				]
			},
			"smoke_17_": {
				"attachment": [
					{ "time": 0, "name": null },
					{ "time": 0.0667, "name": null },
					{ "time": 0.1333, "name": null },
					{ "time": 0.2, "name": null },
					{ "time": 0.2667, "name": null },
					{ "time": 0.3333, "name": null },
					{ "time": 0.4, "name": null },
					{ "time": 0.4667, "name": null },
					{ "time": 0.5333, "name": "smoke_17_" },
					{ "time": 0.6, "name": null },
					{ "time": 0.6667, "name": null },
					{ "time": 0.7333, "name": null },
					{ "time": 0.8, "name": null },
					{ "time": 0.8667, "name": null },
					{ "time": 0.9333, "name": null },
					{ "time": 1, "name": null },
					{ "time": 1.0667, "name": null },
					{ "time": 1.1333, "name": null },
					{ "time": 1.2, "name": null },
					{ "time": 1.2667, "name": null },
					{ "time": 1.3333, "name": null }
				]
			},
			"smoke_19_": {
				"attachment": [
					{ "time": 0, "name": null },
					{ "time": 0.0667, "name": null },
					{ "time": 0.1333, "name": null },
					{ "time": 0.2, "name": null },
					{ "time": 0.2667, "name": null },
					{ "time": 0.3333, "name": null },
					{ "time": 0.4, "name": null },
					{ "time": 0.4667, "name": null },
					{ "time": 0.5333, "name": null },
					{ "time": 0.6, "name": "smoke_19_" },
					{ "time": 0.6667, "name": null },
					{ "time": 0.7333, "name": null },
					{ "time": 0.8, "name": null },
					{ "time": 0.8667, "name": null },
					{ "time": 0.9333, "name": null },
					{ "time": 1, "name": null },
					{ "time": 1.0667, "name": null },
					{ "time": 1.1333, "name": null },
					{ "time": 1.2, "name": null },
					{ "time": 1.2667, "name": null },
					{ "time": 1.3333, "name": null }
				]
			},
			"smoke_21_": {
				"attachment": [
					{ "time": 0, "name": null },
					{ "time": 0.0667, "name": null },
					{ "time": 0.1333, "name": null },
					{ "time": 0.2, "name": null },
					{ "time": 0.2667, "name": null },
					{ "time": 0.3333, "name": null },
					{ "time": 0.4, "name": null },
					{ "time": 0.4667, "name": null },
					{ "time": 0.5333, "name": null },
					{ "time": 0.6, "name": null },
					{ "time": 0.6667, "name": "smoke_21_" },
					{ "time": 0.7333, "name": null },
					{ "time": 0.8, "name": null },
					{ "time": 0.8667, "name": null },
					{ "time": 0.9333, "name": null },
					{ "time": 1, "name": null },
					{ "time": 1.0667, "name": null },
					{ "time": 1.1333, "name": null },
					{ "time": 1.2, "name": null },
					{ "time": 1.2667, "name": null },
					{ "time": 1.3333, "name": null }
				]
			},
			"smoke_23_": {
				"attachment": [
					{ "time": 0, "name": null },
					{ "time": 0.0667, "name": null },
					{ "time": 0.1333, "name": null },
					{ "time": 0.2, "name": null },
					{ "time": 0.2667, "name": null },
					{ "time": 0.3333, "name": null },
					{ "time": 0.4, "name": null },
					{ "time": 0.4667, "name": null },
					{ "time": 0.5333, "name": null },
					{ "time": 0.6, "name": null },
					{ "time": 0.6667, "name": null },
					{ "time": 0.7333, "name": "smoke_23_" },
					{ "time": 0.8, "name": null },
					{ "time": 0.8667, "name": null },
					{ "time": 0.9333, "name": null },
					{ "time": 1, "name": null },
					{ "time": 1.0667, "name": null },
					{ "time": 1.1333, "name": null },
					{ "time": 1.2, "name": null },
					{ "time": 1.2667, "name": null },
					{ "time": 1.3333, "name": null }
				]
			},
			"smoke_25_": {
				"attachment": [
					{ "time": 0, "name": null },
					{ "time": 0.0667, "name": null },
					{ "time": 0.1333, "name": null },
					{ "time": 0.2, "name": null },
					{ "time": 0.2667, "name": null },
					{ "time": 0.3333, "name": null },
					{ "time": 0.4, "name": null },
					{ "time": 0.4667, "name": null },
					{ "time": 0.5333, "name": null },
					{ "time": 0.6, "name": null },
					{ "time": 0.6667, "name": null },
					{ "time": 0.7333, "name": null },
					{ "time": 0.8, "name": "smoke_25_" },
					{ "time": 0.8667, "name": null },
					{ "time": 0.9333, "name": null },
					{ "time": 1, "name": null },
					{ "time": 1.0667, "name": null },
					{ "time": 1.1333, "name": null },
					{ "time": 1.2, "name": null },
					{ "time": 1.2667, "name": null },
					{ "time": 1.3333, "name": null }
				]
			},
			"smoke_27_": {
				"attachment": [
					{ "time": 0, "name": null },
					{ "time": 0.0667, "name": null },
					{ "time": 0.1333, "name": null },
					{ "time": 0.2, "name": null },
					{ "time": 0.2667, "name": null },
					{ "time": 0.3333, "name": null },
					{ "time": 0.4, "name": null },
					{ "time": 0.4667, "name": null },
					{ "time": 0.5333, "name": null },
					{ "time": 0.6, "name": null },
					{ "time": 0.6667, "name": null },
					{ "time": 0.7333, "name": null },
					{ "time": 0.8, "name": null },
					{ "time": 0.8667, "name": "smoke_27_" },
					{ "time": 0.9333, "name": null },
					{ "time": 1, "name": null },
					{ "time": 1.0667, "name": null },
					{ "time": 1.1333, "name": null },
					{ "time": 1.2, "name": null },
					{ "time": 1.2667, "name": null },
					{ "time": 1.3333, "name": null }
				]
			},
			"smoke_29_": {
				"attachment": [
					{ "time": 0, "name": null },
					{ "time": 0.0667, "name": null },
					{ "time": 0.1333, "name": null },
					{ "time": 0.2, "name": null },
					{ "time": 0.2667, "name": null },
					{ "time": 0.3333, "name": null },
					{ "time": 0.4, "name": null },
					{ "time": 0.4667, "name": null },
					{ "time": 0.5333, "name": null },
					{ "time": 0.6, "name": null },
					{ "time": 0.6667, "name": null },
					{ "time": 0.7333, "name": null },
					{ "time": 0.8, "name": null },
					{ "time": 0.8667, "name": null },
					{ "time": 0.9333, "name": "smoke_29_" },
					{ "time": 1, "name": null },
					{ "time": 1.0667, "name": null },
					{ "time": 1.1333, "name": null },
					{ "time": 1.2, "name": null },
					{ "time": 1.2667, "name": null },
					{ "time": 1.3333, "name": null }
				]
			},
			"smoke_31_": {
				"attachment": [
					{ "time": 0, "name": null },
					{ "time": 0.0667, "name": null },
					{ "time": 0.1333, "name": null },
					{ "time": 0.2, "name": null },
					{ "time": 0.2667, "name": null },
					{ "time": 0.3333, "name": null },
					{ "time": 0.4, "name": null },
					{ "time": 0.4667, "name": null },
					{ "time": 0.5333, "name": null },
					{ "time": 0.6, "name": null },
					{ "time": 0.6667, "name": null },
					{ "time": 0.7333, "name": null },
					{ "time": 0.8, "name": null },
					{ "time": 0.8667, "name": null },
					{ "time": 0.9333, "name": null },
					{ "time": 1, "name": "smoke_31_" },
					{ "time": 1.0667, "name": null },
					{ "time": 1.1333, "name": null },
					{ "time": 1.2, "name": null },
					{ "time": 1.2667, "name": null },
					{ "time": 1.3333, "name": null }
				]
			},
			"smoke_33_": {
				"attachment": [
					{ "time": 0, "name": null },
					{ "time": 0.0667, "name": null },
					{ "time": 0.1333, "name": null },
					{ "time": 0.2, "name": null },
					{ "time": 0.2667, "name": null },
					{ "time": 0.3333, "name": null },
					{ "time": 0.4, "name": null },
					{ "time": 0.4667, "name": null },
					{ "time": 0.5333, "name": null },
					{ "time": 0.6, "name": null },
					{ "time": 0.6667, "name": null },
					{ "time": 0.7333, "name": null },
					{ "time": 0.8, "name": null },
					{ "time": 0.8667, "name": null },
					{ "time": 0.9333, "name": null },
					{ "time": 1, "name": null },
					{ "time": 1.0667, "name": "smoke_33_" },
					{ "time": 1.1333, "name": null },
					{ "time": 1.2, "name": null },
					{ "time": 1.2667, "name": null },
					{ "time": 1.3333, "name": null }
				]
			},
			"smoke_35_": {
				"attachment": [
					{ "time": 0, "name": null },
					{ "time": 0.0667, "name": null },
					{ "time": 0.1333, "name": null },
					{ "time": 0.2, "name": null },
					{ "time": 0.2667, "name": null },
					{ "time": 0.3333, "name": null },
					{ "time": 0.4, "name": null },
					{ "time": 0.4667, "name": null },
					{ "time": 0.5333, "name": null },
					{ "time": 0.6, "name": null },
					{ "time": 0.6667, "name": null },
					{ "time": 0.7333, "name": null },
					{ "time": 0.8, "name": null },
					{ "time": 0.8667, "name": null },
					{ "time": 0.9333, "name": null },
					{ "time": 1, "name": null },
					{ "time": 1.0667, "name": null },
					{ "time": 1.1333, "name": "smoke_35_" },
					{ "time": 1.2, "name": null },
					{ "time": 1.2667, "name": null },
					{ "time": 1.3333, "name": null }
				]
			},
			"smoke_37_": {
				"attachment": [
					{ "time": 0, "name": null },
					{ "time": 0.0667, "name": null },
					{ "time": 0.1333, "name": null },
					{ "time": 0.2, "name": null },
					{ "time": 0.2667, "name": null },
					{ "time": 0.3333, "name": null },
					{ "time": 0.4, "name": null },
					{ "time": 0.4667, "name": null },
					{ "time": 0.5333, "name": null },
					{ "time": 0.6, "name": null },
					{ "time": 0.6667, "name": null },
					{ "time": 0.7333, "name": null },
					{ "time": 0.8, "name": null },
					{ "time": 0.8667, "name": null },
					{ "time": 0.9333, "name": null },
					{ "time": 1, "name": null },
					{ "time": 1.0667, "name": null },
					{ "time": 1.1333, "name": null },
					{ "time": 1.2, "name": "smoke_37_" },
					{ "time": 1.2667, "name": null },
					{ "time": 1.3333, "name": null }
				]
			},
			"smoke_39_": {
				"attachment": [
					{ "time": 0, "name": null },
					{ "time": 0.0667, "name": null },
					{ "time": 0.1333, "name": null },
					{ "time": 0.2, "name": null },
					{ "time": 0.2667, "name": null },
					{ "time": 0.3333, "name": null },
					{ "time": 0.4, "name": null },
					{ "time": 0.4667, "name": null },
					{ "time": 0.5333, "name": null },
					{ "time": 0.6, "name": null },
					{ "time": 0.6667, "name": null },
					{ "time": 0.7333, "name": null },
					{ "time": 0.8, "name": null },
					{ "time": 0.8667, "name": null },
					{ "time": 0.9333, "name": null },
					{ "time": 1, "name": null },
					{ "time": 1.0667, "name": null },
					{ "time": 1.1333, "name": null },
					{ "time": 1.2, "name": null },
					{ "time": 1.2667, "name": "smoke_39_" },
					{ "time": 1.3333, "name": "smoke_39_" }
				]
			}
		}
	}
}
}