{
"skeleton": { "hash": "CUZCBAPmzoVOYgWUJtmkJlpYLA8", "spine": "3.7.94", "width": 267, "height": 319 },
"bones": [
	{ "name": "root" },
	{ "name": "guagnqiu_1", "parent": "root", "y": -0.43 },
	{ "name": "xx_1", "parent": "root", "x": -1.3, "y": 1.3 },
	{ "name": "xx_2", "parent": "root", "x": -1.3, "y": 1.3 },
	{ "name": "guagnqiu_2", "parent": "root", "y": -0.43 },
	{ "name": "guagnqiu_3", "parent": "root", "y": -0.43 },
	{ "name": "xx_3", "parent": "root", "x": -1.3, "y": 1.3 },
	{ "name": "guagnqiu_4", "parent": "root", "y": -0.43 },
	{ "name": "guagnqiu_5", "parent": "root", "x": 74.46, "y": 85.38 },
	{ "name": "3tx", "parent": "root", "x": -0.91, "y": -84.76 },
	{ "name": "3sg", "parent": "3tx", "x": -6.58, "y": 13.49 },
	{ "name": "4tx", "parent": "root", "x": -0.58, "y": -84.66 },
	{ "name": "4_xin", "parent": "root", "x": 17.31, "y": 125.74 },
	{ "name": "4xxsg", "parent": "root", "x": 64.39, "y": -67.02 }
],
"slots": [
	{ "name": "rose1_", "bone": "root", "attachment": "rose1_" },
	{ "name": "guagnqiu_1", "bone": "guagnqiu_1", "blend": "additive" },
	{ "name": "guagnqiu_3", "bone": "guagnqiu_3", "blend": "additive" },
	{ "name": "guagnqiu_4", "bone": "guagnqiu_4", "blend": "additive" },
	{ "name": "guagnqiu_5", "bone": "guagnqiu_5", "blend": "additive" },
	{ "name": "guagnqiu_2", "bone": "guagnqiu_2", "blend": "additive" },
	{ "name": "xx_", "bone": "xx_1", "blend": "additive" },
	{ "name": "xx_2", "bone": "xx_2", "blend": "additive" },
	{ "name": "xx_3", "bone": "xx_3", "blend": "additive" },
	{ "name": "2_guang_", "bone": "root", "blend": "additive" },
	{ "name": "3_wen", "bone": "3tx", "blend": "additive" },
	{ "name": "3_ye", "bone": "3tx" },
	{ "name": "3_biansg0_", "bone": "3sg", "blend": "additive" },
	{ "name": "3_biansg1_", "bone": "3sg", "blend": "additive" },
	{ "name": "3_biansg2_", "bone": "3sg", "blend": "additive" },
	{ "name": "3_biansg3_", "bone": "3sg", "blend": "additive" },
	{ "name": "3_biansg4_", "bone": "3sg", "blend": "additive" },
	{ "name": "3_hudiejie", "bone": "3tx" },
	{ "name": "3_shan1_", "bone": "3tx", "blend": "additive" },
	{ "name": "3_shan2_", "bone": "3tx", "blend": "additive" },
	{ "name": "4_xin01_", "bone": "4_xin", "blend": "additive" },
	{ "name": "4_bianguang_", "bone": "4tx", "blend": "additive" },
	{ "name": "4_hudiejie_", "bone": "4tx", "blend": "additive" },
	{ "name": "4_hua1_", "bone": "4tx", "blend": "additive" },
	{ "name": "4_hua2_", "bone": "4tx", "blend": "additive" },
	{ "name": "4_hua3_", "bone": "4tx", "blend": "additive" },
	{ "name": "4_hua4_", "bone": "4tx", "blend": "additive" },
	{ "name": "4_xssg01_", "bone": "4xxsg", "blend": "additive" },
	{ "name": "4_xssg02_", "bone": "4xxsg", "blend": "additive" },
	{ "name": "4_xssg03_", "bone": "4xxsg", "blend": "additive" },
	{ "name": "4_xssg04_", "bone": "4xxsg", "blend": "additive" },
	{ "name": "4_xssg05_", "bone": "4xxsg", "blend": "additive" },
	{ "name": "4_xssg06_", "bone": "4xxsg", "blend": "additive" },
	{ "name": "4_xssg07_", "bone": "4xxsg", "blend": "additive" },
	{ "name": "4_xssg08_", "bone": "4xxsg", "blend": "additive" },
	{ "name": "4_xssg09_", "bone": "4xxsg", "blend": "additive" },
	{ "name": "4_xssg10_", "bone": "4xxsg", "blend": "additive" },
	{ "name": "4_xssg11_", "bone": "4xxsg", "blend": "additive" },
	{ "name": "4_xssg12_", "bone": "4xxsg", "blend": "additive" },
	{ "name": "4_xssg13_", "bone": "4xxsg", "blend": "additive" },
	{ "name": "4_xssg14_", "bone": "4xxsg", "blend": "additive" },
	{ "name": "4_xssg15_", "bone": "4xxsg", "blend": "additive" },
	{ "name": "4_xssg16_", "bone": "4xxsg", "blend": "additive" },
	{ "name": "4_xssg17_", "bone": "4xxsg", "blend": "additive" },
	{ "name": "4_xssg18_", "bone": "4xxsg", "blend": "additive" },
	{ "name": "4_xssg19_", "bone": "4xxsg", "blend": "additive" },
	{ "name": "4_xssg20_", "bone": "4xxsg", "blend": "additive" },
	{ "name": "4_xssg21_", "bone": "4xxsg", "blend": "additive" },
	{ "name": "4_xssg22_", "bone": "4xxsg", "blend": "additive" },
	{ "name": "4_xssg25_", "bone": "4xxsg", "blend": "additive" },
	{ "name": "4_xssg26_", "bone": "4xxsg", "blend": "additive" },
	{ "name": "4_xssg27_", "bone": "4xxsg", "blend": "additive" },
	{ "name": "4_xssg28_", "bone": "4xxsg", "blend": "additive" },
	{ "name": "4_xssg29_", "bone": "4xxsg", "blend": "additive" },
	{ "name": "4_xssg30_", "bone": "4xxsg", "blend": "additive" },
	{ "name": "4_xssg31_", "bone": "4xxsg", "blend": "additive" },
	{ "name": "4_xssg32_", "bone": "4xxsg", "blend": "additive" },
	{ "name": "4_xssg33_", "bone": "4xxsg", "blend": "additive" },
	{ "name": "4_xssg34_", "bone": "4xxsg", "blend": "additive" },
	{ "name": "4_xssg35_", "bone": "4xxsg", "blend": "additive" },
	{ "name": "4_xssg36_", "bone": "4xxsg", "blend": "additive" },
	{ "name": "4_xssg37_", "bone": "4xxsg", "blend": "additive" }
],
"skins": {
	"default": {
		"2_guang_": {
			"2_guang_": { "x": -3.95, "y": -1.88, "width": 285, "height": 361 }
		},
		"3_biansg0_": {
			"3_biansg0_": { "x": 10.62, "y": 70.99, "scaleX": 2, "scaleY": 2, "width": 148, "height": 180 }
		},
		"3_biansg1_": {
			"3_biansg1_": { "x": 10.62, "y": 70.99, "scaleX": 2, "scaleY": 2, "width": 148, "height": 180 }
		},
		"3_biansg2_": {
			"3_biansg2_": { "x": 10.62, "y": 70.99, "scaleX": 2, "scaleY": 2, "width": 148, "height": 180 }
		},
		"3_biansg3_": {
			"3_biansg3_": { "x": 10.62, "y": 70.99, "scaleX": 2, "scaleY": 2, "width": 148, "height": 180 }
		},
		"3_biansg4_": {
			"3_biansg4_": { "x": 10.62, "y": 70.99, "scaleX": 2, "scaleY": 2, "width": 148, "height": 180 }
		},
		"3_hudiejie": {
			"3_hudiejie_": { "x": -5.36, "y": 7.09, "width": 126, "height": 74 }
		},
		"3_shan1_": {
			"3_shan1_": { "x": 14.56, "y": 85.51, "width": 302, "height": 327 }
		},
		"3_shan2_": {
			"3_shan2_": { "x": 14.56, "y": 85.51, "width": 302, "height": 327 }
		},
		"3_wen": {
			"3_wen_": { "x": 5.14, "y": 87, "scaleX": 2, "scaleY": 2, "width": 135, "height": 168 }
		},
		"3_ye": {
			"3_ye_": { "x": -4.31, "y": 158.01, "scaleX": 2, "scaleY": 2, "width": 114, "height": 88 }
		},
		"4_bianguang_": {
			"4_bianguang_": { "x": 31.67, "y": 80.89, "scaleX": 2, "scaleY": 2, "width": 114, "height": 186 }
		},
		"4_hua1_": {
			"4_hua1_": { "x": 59.82, "y": 147.22, "width": 133, "height": 191 }
		},
		"4_hua2_": {
			"4_hua2_": { "x": 59.82, "y": 147.22, "width": 133, "height": 191 }
		},
		"4_hua3_": {
			"4_hua3_": { "x": 59.82, "y": 147.22, "width": 133, "height": 191 }
		},
		"4_hua4_": {
			"4_hua4_": { "x": 59.82, "y": 147.22, "width": 133, "height": 191 }
		},
		"4_hudiejie_": {
			"4_hudiejie_": { "x": 63.72, "y": 6.03, "width": 86, "height": 76 }
		},
		"4_xin01_": {
			"4_xin01_": { "x": -4.89, "y": 4.6, "width": 312, "height": 250 },
			"4_xin02_": { "x": -4.89, "y": 4.6, "width": 312, "height": 250 },
			"4_xin03_": { "x": -4.89, "y": 4.6, "width": 312, "height": 250 },
			"4_xin04_": { "x": -4.89, "y": 4.6, "width": 312, "height": 250 },
			"4_xin05_": { "x": -4.89, "y": 4.6, "width": 312, "height": 250 },
			"4_xin06_": { "x": -4.89, "y": 4.6, "width": 312, "height": 250 },
			"4_xin07_": { "x": -4.89, "y": 4.6, "width": 312, "height": 250 },
			"4_xin08_": { "x": -4.89, "y": 4.6, "width": 312, "height": 250 },
			"4_xin09_": { "x": -4.89, "y": 4.6, "width": 312, "height": 250 },
			"4_xin10_": { "x": -4.89, "y": 4.6, "width": 312, "height": 250 },
			"4_xin11_": { "x": -4.89, "y": 4.6, "width": 312, "height": 250 },
			"4_xin12_": { "x": -4.89, "y": 4.6, "width": 312, "height": 250 },
			"4_xin13_": { "x": -4.89, "y": 4.6, "width": 312, "height": 250 },
			"4_xin14_": { "x": -4.89, "y": 4.6, "width": 312, "height": 250 },
			"4_xin15_": { "x": -4.89, "y": 4.6, "width": 312, "height": 250 },
			"4_xin16_": { "x": -4.89, "y": 4.6, "width": 312, "height": 250 },
			"4_xin17_": { "x": -4.89, "y": 4.6, "width": 312, "height": 250 },
			"4_xin18_": { "x": -4.89, "y": 4.6, "width": 312, "height": 250 },
			"4_xin19_": { "x": -4.89, "y": 4.6, "width": 312, "height": 250 },
			"4_xin20_": { "x": -4.89, "y": 4.6, "width": 312, "height": 250 },
			"4_xin21_": { "x": -4.89, "y": 4.6, "width": 312, "height": 250 },
			"4_xin22_": { "x": -4.89, "y": 4.6, "width": 312, "height": 250 },
			"4_xin23_": { "x": -4.89, "y": 4.6, "width": 312, "height": 250 },
			"4_xin24_": { "x": -4.89, "y": 4.6, "width": 312, "height": 250 }
		},
		"4_xssg01_": {
			"4_xssg01_": { "x": 4.1, "y": 115.31, "width": 238, "height": 279 }
		},
		"4_xssg02_": {
			"4_xssg02_": { "x": 4.1, "y": 115.31, "width": 238, "height": 279 }
		},
		"4_xssg03_": {
			"4_xssg03_": { "x": 4.1, "y": 115.31, "width": 238, "height": 279 }
		},
		"4_xssg04_": {
			"4_xssg04_": { "x": 4.1, "y": 115.31, "width": 238, "height": 279 }
		},
		"4_xssg05_": {
			"4_xssg05_": { "x": 4.1, "y": 115.31, "width": 238, "height": 279 }
		},
		"4_xssg06_": {
			"4_xssg06_": { "x": 4.1, "y": 115.31, "width": 238, "height": 279 }
		},
		"4_xssg07_": {
			"4_xssg07_": { "x": 4.1, "y": 115.31, "width": 238, "height": 279 }
		},
		"4_xssg08_": {
			"4_xssg08_": { "x": 4.1, "y": 115.31, "width": 238, "height": 279 }
		},
		"4_xssg09_": {
			"4_xssg09_": { "x": 4.1, "y": 115.31, "width": 238, "height": 279 }
		},
		"4_xssg10_": {
			"4_xssg10_": { "x": 4.1, "y": 115.31, "width": 238, "height": 279 }
		},
		"4_xssg11_": {
			"4_xssg11_": { "x": 4.1, "y": 115.31, "width": 238, "height": 279 }
		},
		"4_xssg12_": {
			"4_xssg12_": { "x": 4.1, "y": 115.31, "width": 238, "height": 279 }
		},
		"4_xssg13_": {
			"4_xssg13_": { "x": 4.1, "y": 115.31, "width": 238, "height": 279 }
		},
		"4_xssg14_": {
			"4_xssg14_": { "x": 4.1, "y": 115.31, "width": 238, "height": 279 }
		},
		"4_xssg15_": {
			"4_xssg15_": { "x": 4.1, "y": 115.31, "width": 238, "height": 279 }
		},
		"4_xssg16_": {
			"4_xssg16_": { "x": 4.1, "y": 115.31, "width": 238, "height": 279 }
		},
		"4_xssg17_": {
			"4_xssg17_": { "x": 4.1, "y": 115.31, "width": 238, "height": 279 }
		},
		"4_xssg18_": {
			"4_xssg18_": { "x": 4.1, "y": 115.31, "width": 238, "height": 279 }
		},
		"4_xssg19_": {
			"4_xssg19_": { "x": 4.1, "y": 115.31, "width": 238, "height": 279 }
		},
		"4_xssg20_": {
			"4_xssg20_": { "x": 4.1, "y": 115.31, "width": 238, "height": 279 }
		},
		"4_xssg21_": {
			"4_xssg21_": { "x": 4.1, "y": 115.31, "width": 238, "height": 279 }
		},
		"4_xssg22_": {
			"4_xssg22_": { "x": 4.1, "y": 115.31, "width": 238, "height": 279 }
		},
		"4_xssg25_": {
			"4_xssg25_": { "x": 4.1, "y": 115.31, "width": 238, "height": 279 }
		},
		"4_xssg26_": {
			"4_xssg26_": { "x": 4.1, "y": 115.31, "width": 238, "height": 279 }
		},
		"4_xssg27_": {
			"4_xssg27_": { "x": 4.1, "y": 115.31, "width": 238, "height": 279 }
		},
		"4_xssg28_": {
			"4_xssg28_": { "x": 4.1, "y": 115.31, "width": 238, "height": 279 }
		},
		"4_xssg29_": {
			"4_xssg29_": { "x": 4.1, "y": 115.31, "width": 238, "height": 279 }
		},
		"4_xssg30_": {
			"4_xssg30_": { "x": 4.1, "y": 115.31, "width": 238, "height": 279 }
		},
		"4_xssg31_": {
			"4_xssg31_": { "x": 4.1, "y": 115.31, "width": 238, "height": 279 }
		},
		"4_xssg32_": {
			"4_xssg32_": { "x": 4.1, "y": 115.31, "width": 238, "height": 279 }
		},
		"4_xssg33_": {
			"4_xssg33_": { "x": 4.1, "y": 115.31, "width": 238, "height": 279 }
		},
		"4_xssg34_": {
			"4_xssg34_": { "x": 4.1, "y": 115.31, "width": 238, "height": 279 }
		},
		"4_xssg35_": {
			"4_xssg35_": { "x": 4.1, "y": 115.31, "width": 238, "height": 279 }
		},
		"4_xssg36_": {
			"4_xssg36_": { "x": 4.1, "y": 115.31, "width": 238, "height": 279 }
		},
		"4_xssg37_": {
			"4_xssg37_": { "x": 4.1, "y": 115.31, "width": 238, "height": 279 }
		},
		"guagnqiu_1": {
			"guagnqiu_": { "y": 0.43, "width": 64, "height": 64 }
		},
		"guagnqiu_2": {
			"guagnqiu_": { "y": 0.43, "width": 64, "height": 64 }
		},
		"guagnqiu_3": {
			"guagnqiu_": { "y": 0.43, "width": 64, "height": 64 }
		},
		"guagnqiu_4": {
			"guagnqiu_": { "y": 0.43, "width": 64, "height": 64 }
		},
		"guagnqiu_5": {
			"guagnqiu_": { "y": 0.43, "width": 64, "height": 64 }
		},
		"rose1_": {
			"rose1_": { "y": -13.37, "width": 267, "height": 319 },
			"rose2_": { "x": -4.5, "y": -2.87, "width": 256, "height": 334 },
			"rose3_": { "x": 1.5, "y": -1.37, "width": 262, "height": 327 },
			"rose4_": { "x": -1, "y": 1.13, "width": 263, "height": 344 }
		},
		"xx_": {
			"xx_huang_": { "x": 1.3, "y": -1.3, "width": 82, "height": 96 }
		},
		"xx_2": {
			"xx_huang_": { "x": 1.3, "y": -1.3, "width": 82, "height": 96 }
		},
		"xx_3": {
			"xx_huang_": { "x": 1.3, "y": -1.3, "width": 82, "height": 96 }
		}
	}
},
"animations": {
	"rose1": {
		"slots": {
			"guagnqiu_1": {
				"color": [
					{ "time": 1, "color": "ffffff86" }
				],
				"attachment": [
					{ "time": 1, "name": "guagnqiu_" }
				]
			},
			"guagnqiu_2": {
				"color": [
					{ "time": 0.1667, "color": "ffffff86" }
				],
				"attachment": [
					{ "time": 0.1667, "name": "guagnqiu_" }
				]
			},
			"guagnqiu_3": {
				"color": [
					{ "time": 1.5, "color": "81ff5100" },
					{ "time": 2.4, "color": "e6ffdd40" },
					{ "time": 3.3333, "color": "81ff5100" }
				],
				"attachment": [
					{ "time": 1.5, "name": "guagnqiu_" }
				]
			},
			"guagnqiu_4": {
				"color": [
					{ "time": 0, "color": "88ff1000" },
					{ "time": 1.1667, "color": "88ff1051" },
					{ "time": 2.3333, "color": "88ff1000" }
				],
				"attachment": [
					{ "time": 0, "name": "guagnqiu_" }
				]
			},
			"guagnqiu_5": {
				"color": [
					{ "time": 1, "color": "88ff1000" },
					{ "time": 2.1667, "color": "89ff1188" },
					{ "time": 3.3333, "color": "88ff1000" }
				],
				"attachment": [
					{ "time": 1, "name": "guagnqiu_" }
				]
			},
			"rose1_": {
				"attachment": [
					{ "time": 0, "name": "rose1_" }
				]
			},
			"xx_": {
				"attachment": [
					{ "time": 0, "name": "xx_huang_" }
				]
			},
			"xx_2": {
				"attachment": [
					{ "time": 2, "name": "xx_huang_" }
				]
			},
			"xx_3": {
				"attachment": [
					{ "time": 0.5, "name": "xx_huang_" }
				]
			}
		},
		"bones": {
			"xx_1": {
				"rotate": [
					{ "time": 0, "angle": 0 },
					{ "time": 1.3333, "angle": 37.56 }
				],
				"translate": [
					{ "time": 0, "x": -1.97, "y": 46.83 }
				],
				"scale": [
					{ "time": 0, "x": 0, "y": 0 },
					{ "time": 0.6667, "x": 0.768, "y": 0.768 },
					{ "time": 1.3333, "x": 0, "y": 0 }
				]
			},
			"xx_2": {
				"rotate": [
					{ "time": 2, "angle": 0 },
					{ "time": 3.3333, "angle": 37.56 }
				],
				"translate": [
					{ "time": 2, "x": 51, "y": 126.48 }
				],
				"scale": [
					{ "time": 2, "x": 0, "y": 0 },
					{ "time": 2.6667, "x": 1, "y": 1 },
					{ "time": 3.3333, "x": 0, "y": 0 }
				]
			},
			"guagnqiu_1": {
				"translate": [
					{ "time": 1, "x": 50.22, "y": 90.74 },
					{ "time": 2, "x": 50.22, "y": 88.1 }
				],
				"scale": [
					{ "time": 1, "x": 0, "y": 0 },
					{ "time": 1.5, "x": 0.154, "y": 0.154 },
					{ "time": 2, "x": 0, "y": 0 }
				]
			},
			"guagnqiu_2": {
				"translate": [
					{ "time": 0.1667, "x": 1.46, "y": 79.95 },
					{ "time": 1.1667, "x": 0.58, "y": 84.35 }
				],
				"scale": [
					{ "time": 0.1667, "x": 0, "y": 0 },
					{ "time": 0.6667, "x": 0.154, "y": 0.154 },
					{ "time": 1.1667, "x": 0, "y": 0 }
				]
			},
			"guagnqiu_3": {
				"translate": [
					{ "time": 1.5, "x": -33.53, "y": 29.5 }
				],
				"scale": [
					{ "time": 1.5, "x": 0, "y": 0 },
					{ "time": 2.4, "x": 1.775, "y": 1.775 },
					{ "time": 3.3333, "x": 0, "y": 0 }
				]
			},
			"xx_3": {
				"rotate": [
					{ "time": 0.5, "angle": -34.69 }
				],
				"translate": [
					{ "time": 0.5, "x": 34.91, "y": 71.5 }
				],
				"scale": [
					{ "time": 0.5, "x": 0, "y": 0 },
					{ "time": 1.1667, "x": 0.431, "y": 0.431 },
					{ "time": 1.8333, "x": 0, "y": 0 }
				]
			},
			"guagnqiu_4": {
				"translate": [
					{ "time": 0, "x": 26.74, "y": 21.85 }
				],
				"scale": [
					{ "time": 0, "x": 1, "y": 1 },
					{ "time": 2.3333, "x": 2.175, "y": 2.175 }
				]
			},
			"guagnqiu_5": {
				"translate": [
					{ "time": 1, "x": -8.59, "y": 9.23 }
				],
				"scale": [
					{ "time": 1, "x": 0.186, "y": 0.186 },
					{ "time": 3.3333, "x": 1.492, "y": 1.492 }
				]
			}
		}
	},
	"rose2": {
		"slots": {
			"2_guang_": {
				"color": [
					{ "time": 0, "color": "ffffff00" },
					{ "time": 0.8333, "color": "ffffffff" },
					{ "time": 1.6667, "color": "ffffff00" }
				],
				"attachment": [
					{ "time": 0, "name": "2_guang_" }
				]
			},
			"rose1_": {
				"attachment": [
					{ "time": 0, "name": "rose2_" }
				]
			},
			"xx_": {
				"attachment": [
					{ "time": 0, "name": "xx_huang_" }
				]
			},
			"xx_2": {
				"attachment": [
					{ "time": 0.3333, "name": "xx_huang_" }
				]
			},
			"xx_3": {
				"attachment": [
					{ "time": 0.1667, "name": "xx_huang_" }
				]
			}
		},
		"bones": {
			"xx_1": {
				"rotate": [
					{ "time": 0, "angle": 0 },
					{ "time": 1.3333, "angle": 37.56 }
				],
				"translate": [
					{ "time": 0, "x": 43.15, "y": 102.29 }
				],
				"scale": [
					{ "time": 0, "x": 0, "y": 0 },
					{ "time": 0.6667, "x": 0.768, "y": 0.768 },
					{ "time": 1.3333, "x": 0, "y": 0 }
				]
			},
			"xx_2": {
				"rotate": [
					{ "time": 0.3333, "angle": 0 },
					{ "time": 1.6667, "angle": 37.56 }
				],
				"translate": [
					{ "time": 0.3333, "x": 17.77, "y": 27.09 }
				],
				"scale": [
					{ "time": 0.3333, "x": 0, "y": 0 },
					{ "time": 1, "x": 0.768, "y": 0.768 },
					{ "time": 1.6667, "x": 0, "y": 0 }
				]
			},
			"xx_3": {
				"rotate": [
					{ "time": 0.1667, "angle": -34.69 }
				],
				"translate": [
					{ "time": 0.1667, "x": -30.32, "y": 53.38 }
				],
				"scale": [
					{ "time": 0.1667, "x": 0, "y": 0 },
					{ "time": 0.8333, "x": 0.431, "y": 0.431 },
					{ "time": 1.5, "x": 0, "y": 0 }
				]
			}
		}
	},
	"rose3": {
		"slots": {
			"3_biansg0_": {
				"color": [
					{ "time": 0, "color": "45d7ff00" },
					{ "time": 0.8333, "color": "46d7ff9e" },
					{ "time": 1.6667, "color": "45d7ff00" }
				],
				"attachment": [
					{ "time": 0, "name": "3_biansg0_" }
				]
			},
			"3_biansg1_": {
				"color": [
					{ "time": 0, "color": "ffffff00", "curve": "stepped" },
					{ "time": 0.3333, "color": "ffffff00" },
					{ "time": 1.1667, "color": "ffffffd9" },
					{ "time": 2, "color": "ffffff00" }
				],
				"attachment": [
					{ "time": 0, "name": "3_biansg1_" }
				]
			},
			"3_biansg2_": {
				"color": [
					{ "time": 0, "color": "ffffff00", "curve": "stepped" },
					{ "time": 0.6667, "color": "ffffff00" },
					{ "time": 1.5, "color": "ffffffff" },
					{ "time": 2.3333, "color": "ffffff00" }
				],
				"attachment": [
					{ "time": 0, "name": "3_biansg2_" }
				]
			},
			"3_biansg3_": {
				"color": [
					{ "time": 0, "color": "ffffff00", "curve": "stepped" },
					{ "time": 1, "color": "ffffff00" },
					{ "time": 1.8333, "color": "ffffffa4" },
					{ "time": 2.6667, "color": "ffffff00" }
				],
				"attachment": [
					{ "time": 0, "name": "3_biansg3_" }
				]
			},
			"3_biansg4_": {
				"color": [
					{ "time": 0, "color": "7df1ff00", "curve": "stepped" },
					{ "time": 1.3333, "color": "7df1ff00" },
					{ "time": 2.1667, "color": "7df2ffff" },
					{ "time": 3, "color": "7df1ff00" }
				],
				"attachment": [
					{ "time": 0, "name": "3_biansg4_" }
				]
			},
			"3_hudiejie": {
				"color": [
					{ "time": 0, "color": "ffffff00", "curve": "stepped" },
					{ "time": 0.4667, "color": "ffffff00" },
					{ "time": 1.2333, "color": "ffffffff" },
					{ "time": 2.1333, "color": "ffffff00" }
				],
				"attachment": [
					{ "time": 0, "name": "3_hudiejie_" }
				]
			},
			"3_shan1_": {
				"color": [
					{ "time": 0, "color": "ffffff00" },
					{ "time": 0.8333, "color": "ffffffff" },
					{ "time": 1.6667, "color": "ffffff00" },
					{ "time": 2.5, "color": "ffffffff" },
					{ "time": 3.3333, "color": "ffffff00" }
				],
				"attachment": [
					{ "time": 0, "name": "3_shan1_" }
				]
			},
			"3_shan2_": {
				"color": [
					{ "time": 0, "color": "ffffff00", "curve": "stepped" },
					{ "time": 0.4667, "color": "ffffff00" },
					{ "time": 1.3333, "color": "ffffffff" },
					{ "time": 2.1333, "color": "ffffff00" }
				],
				"attachment": [
					{ "time": 0, "name": "3_shan2_" }
				]
			},
			"3_wen": {
				"color": [
					{ "time": 0, "color": "008fff00", "curve": "stepped" },
					{ "time": 1.1667, "color": "008fff00" },
					{ "time": 2.0333, "color": "008fffff" },
					{ "time": 3, "color": "008fff00" }
				],
				"attachment": [
					{ "time": 0, "name": "3_wen_" }
				]
			},
			"3_ye": {
				"color": [
					{ "time": 0, "color": "7bf8ff00", "curve": "stepped" },
					{ "time": 1.1667, "color": "7bf8ff00" },
					{ "time": 2.0333, "color": "7bf9ffff" },
					{ "time": 3, "color": "7bf8ff00" }
				],
				"attachment": [
					{ "time": 0, "name": "3_ye_" }
				]
			},
			"guagnqiu_1": {
				"color": [
					{ "time": 0, "color": "ffbf3d00" },
					{ "time": 1, "color": "ff3d77ff" },
					{ "time": 2, "color": "ffbf3d00" }
				],
				"attachment": [
					{ "time": 0, "name": "guagnqiu_" }
				]
			},
			"guagnqiu_2": {
				"color": [
					{ "time": 1, "color": "ffbf3d00" },
					{ "time": 2, "color": "ff3d77ff" },
					{ "time": 3, "color": "ffbf3d00" }
				],
				"attachment": [
					{ "time": 1, "name": "guagnqiu_" }
				]
			},
			"rose1_": {
				"attachment": [
					{ "time": 0, "name": "rose3_" }
				]
			},
			"xx_": {
				"attachment": [
					{ "time": 0, "name": "xx_huang_" }
				]
			},
			"xx_2": {
				"attachment": [
					{ "time": 2, "name": "xx_huang_" }
				]
			},
			"xx_3": {
				"attachment": [
					{ "time": 0.8333, "name": "xx_huang_" }
				]
			}
		},
		"bones": {
			"xx_1": {
				"rotate": [
					{ "time": 0, "angle": 0 },
					{ "time": 1.3333, "angle": 37.56 }
				],
				"translate": [
					{ "time": 0, "x": -1.97, "y": 46.83 }
				],
				"scale": [
					{ "time": 0, "x": 0, "y": 0 },
					{ "time": 0.6667, "x": 0.768, "y": 0.768 },
					{ "time": 1.3333, "x": 0, "y": 0 }
				]
			},
			"xx_2": {
				"rotate": [
					{ "time": 2, "angle": 0 },
					{ "time": 3.3333, "angle": 37.56 }
				],
				"translate": [
					{ "time": 2, "x": -27, "y": 70.48 }
				],
				"scale": [
					{ "time": 2, "x": 0, "y": 0 },
					{ "time": 2.6667, "x": 1, "y": 1 },
					{ "time": 3.3333, "x": 0, "y": 0 }
				]
			},
			"xx_3": {
				"rotate": [
					{ "time": 0.8333, "angle": -34.69 }
				],
				"translate": [
					{ "time": 0.8333, "x": 27.91, "y": 92.5 }
				],
				"scale": [
					{ "time": 0.8333, "x": 0, "y": 0 },
					{ "time": 1.5, "x": 0.431, "y": 0.431 },
					{ "time": 2.1667, "x": 0, "y": 0 }
				]
			},
			"guagnqiu_1": {
				"translate": [
					{ "time": 0, "x": -28, "y": 105 }
				],
				"scale": [
					{ "time": 0, "x": 3.188, "y": 1.618 }
				]
			},
			"guagnqiu_2": {
				"translate": [
					{ "time": 1, "x": 32, "y": 11 }
				],
				"scale": [
					{ "time": 1, "x": 4.127, "y": 1.553 }
				]
			}
		}
	},
	"rose4": {
		"slots": {
			"4_bianguang_": {
				"color": [
					{ "time": 0, "color": "ffffffff" },
					{ "time": 0.8333, "color": "ff8484cf" },
					{ "time": 1.6667, "color": "ffffffff" },
					{ "time": 2.5, "color": "ff8ad5cf" },
					{ "time": 3.3333, "color": "ffffffff" },
					{ "time": 4.3333, "color": "ff8484cf" },
					{ "time": 5.3333, "color": "ffffffff" }
				],
				"attachment": [
					{ "time": 0, "name": "4_bianguang_" }
				]
			},
			"4_hua1_": {
				"color": [
					{
						"time": 0,
						"color": "ffffff7f",
						"curve": [ 0.236, 0.7, 0.88, 0.59 ]
					},
					{ "time": 0.3333, "color": "ffffffff" },
					{ "time": 1, "color": "ffffff00", "curve": "stepped" },
					{ "time": 2, "color": "ffffff00" },
					{ "time": 2.6667, "color": "ffffffff" },
					{ "time": 3.3333, "color": "ffffff00" },
					{ "time": 4, "color": "ffffffff" },
					{ "time": 4.6667, "color": "ffffff00", "curve": "stepped" },
					{ "time": 5, "color": "ffffff00" },
					{ "time": 5.3333, "color": "ffffff7f" }
				],
				"attachment": [
					{ "time": 0, "name": "4_hua1_" }
				]
			},
			"4_hua2_": {
				"color": [
					{ "time": 0, "color": "ffffff00", "curve": "stepped" },
					{ "time": 0.6667, "color": "ffffff00" },
					{ "time": 1.3333, "color": "ffffffff" },
					{ "time": 2, "color": "ffffff00", "curve": "stepped" },
					{ "time": 2.3333, "color": "ffffff00" },
					{ "time": 3, "color": "ffffffff" },
					{ "time": 3.6667, "color": "ffffff00" },
					{ "time": 4.3333, "color": "ffffffff" },
					{ "time": 5, "color": "ffffff00" }
				],
				"attachment": [
					{ "time": 0, "name": "4_hua2_" }
				]
			},
			"4_hua3_": {
				"color": [
					{ "time": 0, "color": "ffffff00", "curve": "stepped" },
					{ "time": 1, "color": "ffffff00" },
					{ "time": 1.6667, "color": "ffffffff" },
					{ "time": 2.3333, "color": "ffffff00", "curve": "stepped" },
					{ "time": 2.6667, "color": "ffffff00" },
					{ "time": 3.3333, "color": "ffffffff" },
					{ "time": 4, "color": "ffffff00" },
					{ "time": 4.6667, "color": "ffffffff" },
					{ "time": 5.3333, "color": "ffffff00" }
				],
				"attachment": [
					{ "time": 0, "name": "4_hua3_" }
				]
			},
			"4_hua4_": {
				"color": [
					{ "time": 0, "color": "ffffff7f" },
					{ "time": 0.3333, "color": "ffffff00", "curve": "stepped" },
					{ "time": 1.3333, "color": "ffffff00" },
					{ "time": 2, "color": "ffffffff" },
					{ "time": 2.6667, "color": "ffffff00", "curve": "stepped" },
					{ "time": 3, "color": "ffffff00" },
					{ "time": 3.6667, "color": "ffffffff" },
					{ "time": 4.3333, "color": "ffffff00" },
					{ "time": 5, "color": "ffffffff" },
					{ "time": 5.3333, "color": "ffffff7f" }
				],
				"attachment": [
					{ "time": 0, "name": "4_hua4_" }
				]
			},
			"4_hudiejie_": {
				"color": [
					{ "time": 0, "color": "ffffff00", "curve": "stepped" },
					{ "time": 0.6667, "color": "ffffff00" },
					{ "time": 1.4, "color": "ffffffff" },
					{ "time": 2.3333, "color": "ffffff00" }
				],
				"attachment": [
					{ "time": 0, "name": "4_hudiejie_" }
				]
			},
			"4_xin01_": {
				"attachment": [
					{ "time": 0.2667, "name": "4_xin01_" },
					{ "time": 0.3667, "name": "4_xin02_" },
					{ "time": 0.4333, "name": "4_xin03_" },
					{ "time": 0.5333, "name": "4_xin04_" },
					{ "time": 0.6, "name": "4_xin05_" },
					{ "time": 0.7, "name": "4_xin06_" },
					{ "time": 0.7667, "name": "4_xin07_" },
					{ "time": 0.8667, "name": "4_xin08_" },
					{ "time": 0.9667, "name": "4_xin09_" },
					{ "time": 1.0333, "name": "4_xin10_" },
					{ "time": 1.1333, "name": "4_xin11_" },
					{ "time": 1.2, "name": "4_xin12_" },
					{ "time": 1.3, "name": "4_xin13_" },
					{ "time": 1.4, "name": "4_xin14_" },
					{ "time": 1.4667, "name": "4_xin15_" },
					{ "time": 1.5667, "name": "4_xin16_" },
					{ "time": 1.6333, "name": "4_xin17_" },
					{ "time": 1.7333, "name": "4_xin18_" },
					{ "time": 1.8, "name": "4_xin19_" },
					{ "time": 1.9, "name": "4_xin20_" },
					{ "time": 2, "name": "4_xin21_" },
					{ "time": 2.0667, "name": "4_xin22_" },
					{ "time": 2.1667, "name": "4_xin23_" },
					{ "time": 2.2333, "name": "4_xin24_" },
					{ "time": 2.3333, "name": null }
				]
			},
			"4_xssg01_": {
				"color": [
					{ "time": 2, "color": "ffffff00" },
					{ "time": 2.1, "color": "ffffffff" },
					{ "time": 2.1667, "color": "ffffff00" }
				],
				"attachment": [
					{ "time": 2, "name": "4_xssg01_" }
				]
			},
			"4_xssg02_": {
				"color": [
					{ "time": 2, "color": "ffffff00", "curve": "stepped" },
					{ "time": 2.1, "color": "ffffff00" },
					{ "time": 2.1667, "color": "ffffffff" },
					{ "time": 2.2667, "color": "ffffff00" }
				],
				"attachment": [
					{ "time": 2, "name": "4_xssg02_" }
				]
			},
			"4_xssg03_": {
				"color": [
					{ "time": 2, "color": "ffffff00", "curve": "stepped" },
					{ "time": 2.1667, "color": "ffffff00" },
					{ "time": 2.2667, "color": "ffffffff" },
					{ "time": 2.3667, "color": "ffffff00" }
				],
				"attachment": [
					{ "time": 2, "name": "4_xssg03_" }
				]
			},
			"4_xssg04_": {
				"color": [
					{ "time": 2, "color": "ffffff00", "curve": "stepped" },
					{ "time": 2.2667, "color": "ffffff00" },
					{ "time": 2.3667, "color": "ffffffff" },
					{ "time": 2.4667, "color": "ffffff00" }
				],
				"attachment": [
					{ "time": 2, "name": "4_xssg04_" }
				]
			},
			"4_xssg05_": {
				"color": [
					{ "time": 2, "color": "ffffff00", "curve": "stepped" },
					{ "time": 2.3667, "color": "ffffff00" },
					{ "time": 2.4667, "color": "ffffffff" },
					{ "time": 2.5333, "color": "ffffff00" }
				],
				"attachment": [
					{ "time": 2, "name": "4_xssg05_" }
				]
			},
			"4_xssg06_": {
				"color": [
					{ "time": 2, "color": "ffffff00", "curve": "stepped" },
					{ "time": 2.4667, "color": "ffffff00" },
					{ "time": 2.5333, "color": "ffffffff" },
					{ "time": 2.6333, "color": "ffffff00" }
				],
				"attachment": [
					{ "time": 2, "name": "4_xssg06_" }
				]
			},
			"4_xssg07_": {
				"color": [
					{ "time": 2, "color": "ffffff00", "curve": "stepped" },
					{ "time": 2.5333, "color": "ffffff00" },
					{ "time": 2.6333, "color": "ffffffff" },
					{ "time": 2.7333, "color": "ffffff00" }
				],
				"attachment": [
					{ "time": 2, "name": "4_xssg07_" }
				]
			},
			"4_xssg08_": {
				"color": [
					{ "time": 2, "color": "ffffff00", "curve": "stepped" },
					{ "time": 2.6333, "color": "ffffff00" },
					{ "time": 2.7333, "color": "ffffffff" },
					{ "time": 2.8, "color": "ffffff00" }
				],
				"attachment": [
					{ "time": 2, "name": "4_xssg08_" }
				]
			},
			"4_xssg09_": {
				"color": [
					{ "time": 2, "color": "ffffff00", "curve": "stepped" },
					{ "time": 2.7333, "color": "ffffff00" },
					{ "time": 2.8, "color": "ffffffff" },
					{ "time": 2.9, "color": "ffffff00" }
				],
				"attachment": [
					{ "time": 2, "name": "4_xssg09_" }
				]
			},
			"4_xssg10_": {
				"color": [
					{ "time": 2, "color": "ffffff00", "curve": "stepped" },
					{ "time": 2.8, "color": "ffffff00" },
					{ "time": 2.9, "color": "ffffffff" },
					{ "time": 3, "color": "ffffff00" }
				],
				"attachment": [
					{ "time": 2, "name": "4_xssg10_" }
				]
			},
			"4_xssg11_": {
				"color": [
					{ "time": 2, "color": "ffffff00", "curve": "stepped" },
					{ "time": 2.9, "color": "ffffff00" },
					{ "time": 3, "color": "ffffffff" },
					{ "time": 3.1, "color": "ffffff00" }
				],
				"attachment": [
					{ "time": 2, "name": "4_xssg11_" }
				]
			},
			"4_xssg12_": {
				"color": [
					{ "time": 2, "color": "ffffff00", "curve": "stepped" },
					{ "time": 3, "color": "ffffff00" },
					{ "time": 3.1, "color": "ffffffff" },
					{ "time": 3.1667, "color": "ffffff00" }
				],
				"attachment": [
					{ "time": 2, "name": "4_xssg12_" }
				]
			},
			"4_xssg13_": {
				"color": [
					{ "time": 2, "color": "ffffff00", "curve": "stepped" },
					{ "time": 3.1, "color": "ffffff00" },
					{ "time": 3.1667, "color": "ffffffff" },
					{ "time": 3.2667, "color": "ffffff00" }
				],
				"attachment": [
					{ "time": 2, "name": "4_xssg13_" }
				]
			},
			"4_xssg14_": {
				"color": [
					{ "time": 2, "color": "ffffff00", "curve": "stepped" },
					{ "time": 3.1667, "color": "ffffff00" },
					{ "time": 3.2667, "color": "ffffffff" },
					{ "time": 3.3667, "color": "ffffff00" }
				],
				"attachment": [
					{ "time": 2, "name": "4_xssg14_" }
				]
			},
			"4_xssg15_": {
				"color": [
					{ "time": 2, "color": "ffffff00", "curve": "stepped" },
					{ "time": 3.2667, "color": "ffffff00" },
					{ "time": 3.3667, "color": "ffffffff" },
					{ "time": 3.4333, "color": "ffffff00" }
				],
				"attachment": [
					{ "time": 2, "name": "4_xssg15_" }
				]
			},
			"4_xssg16_": {
				"color": [
					{ "time": 2, "color": "ffffff00", "curve": "stepped" },
					{ "time": 3.3667, "color": "ffffff00" },
					{ "time": 3.4333, "color": "ffffffff" },
					{ "time": 3.5333, "color": "ffffff00" }
				],
				"attachment": [
					{ "time": 2, "name": "4_xssg16_" }
				]
			},
			"4_xssg17_": {
				"color": [
					{ "time": 2, "color": "ffffff00", "curve": "stepped" },
					{ "time": 3.4333, "color": "ffffff00" },
					{ "time": 3.5333, "color": "ffffffff" },
					{ "time": 3.6333, "color": "ffffff00" }
				],
				"attachment": [
					{ "time": 2, "name": "4_xssg17_" }
				]
			},
			"4_xssg18_": {
				"color": [
					{ "time": 2, "color": "ffffff00", "curve": "stepped" },
					{ "time": 3.5333, "color": "ffffff00" },
					{ "time": 3.6333, "color": "ffffffff" },
					{ "time": 3.7333, "color": "ffffff00" }
				],
				"attachment": [
					{ "time": 2, "name": "4_xssg18_" }
				]
			},
			"4_xssg19_": {
				"color": [
					{ "time": 2, "color": "ffffff00", "curve": "stepped" },
					{ "time": 3.6333, "color": "ffffff00" },
					{ "time": 3.7333, "color": "ffffffff" },
					{ "time": 3.8, "color": "ffffff00" }
				],
				"attachment": [
					{ "time": 2, "name": "4_xssg19_" }
				]
			},
			"4_xssg20_": {
				"color": [
					{ "time": 2, "color": "ffffff00", "curve": "stepped" },
					{ "time": 3.7333, "color": "ffffff00" },
					{ "time": 3.8, "color": "ffffffff" },
					{ "time": 3.9, "color": "ffffff00" }
				],
				"attachment": [
					{ "time": 2, "name": "4_xssg20_" }
				]
			},
			"4_xssg21_": {
				"color": [
					{ "time": 2, "color": "ffffff00", "curve": "stepped" },
					{ "time": 3.8, "color": "ffffff00" },
					{ "time": 3.9, "color": "ffffffff" },
					{ "time": 4, "color": "ffffff00" }
				],
				"attachment": [
					{ "time": 2, "name": "4_xssg21_" }
				]
			},
			"4_xssg22_": {
				"color": [
					{ "time": 2, "color": "ffffff00", "curve": "stepped" },
					{ "time": 3.9, "color": "ffffff00" },
					{ "time": 4, "color": "ffffffff" },
					{ "time": 4.0667, "color": "ffffff00" }
				],
				"attachment": [
					{ "time": 2, "name": "4_xssg22_" }
				]
			},
			"4_xssg25_": {
				"color": [
					{ "time": 2, "color": "ffffff00", "curve": "stepped" },
					{ "time": 4.0667, "color": "ffffff00" },
					{ "time": 4.1667, "color": "ffffffff" },
					{ "time": 4.2667, "color": "ffffff00" }
				],
				"attachment": [
					{ "time": 2, "name": "4_xssg25_" }
				]
			},
			"4_xssg26_": {
				"color": [
					{ "time": 2, "color": "ffffff00", "curve": "stepped" },
					{ "time": 4.1667, "color": "ffffff00" },
					{ "time": 4.2667, "color": "ffffffff" },
					{ "time": 4.3333, "color": "ffffff00" }
				],
				"attachment": [
					{ "time": 2, "name": "4_xssg26_" }
				]
			},
			"4_xssg27_": {
				"color": [
					{ "time": 2, "color": "ffffff00", "curve": "stepped" },
					{ "time": 4.2667, "color": "ffffff00" },
					{ "time": 4.3333, "color": "ffffffff" },
					{ "time": 4.4333, "color": "ffffff00" }
				],
				"attachment": [
					{ "time": 2, "name": "4_xssg27_" }
				]
			},
			"4_xssg28_": {
				"color": [
					{ "time": 2, "color": "ffffff00", "curve": "stepped" },
					{ "time": 4.3333, "color": "ffffff00" },
					{ "time": 4.4333, "color": "ffffffff" },
					{ "time": 4.5333, "color": "ffffff00" }
				],
				"attachment": [
					{ "time": 2, "name": "4_xssg28_" }
				]
			},
			"4_xssg29_": {
				"color": [
					{ "time": 2, "color": "ffffff00", "curve": "stepped" },
					{ "time": 4.4333, "color": "ffffff00" },
					{ "time": 4.5333, "color": "ffffffff" },
					{ "time": 4.6333, "color": "ffffff00" }
				],
				"attachment": [
					{ "time": 2, "name": "4_xssg29_" }
				]
			},
			"4_xssg30_": {
				"color": [
					{ "time": 2, "color": "ffffff00", "curve": "stepped" },
					{ "time": 4.5333, "color": "ffffff00" },
					{ "time": 4.6333, "color": "ffffffff" },
					{ "time": 4.7, "color": "ffffff00" }
				],
				"attachment": [
					{ "time": 2, "name": "4_xssg30_" }
				]
			},
			"4_xssg31_": {
				"color": [
					{ "time": 2, "color": "ffffff00", "curve": "stepped" },
					{ "time": 4.6333, "color": "ffffff00" },
					{ "time": 4.7, "color": "ffffffff" },
					{ "time": 4.8, "color": "ffffff00" }
				],
				"attachment": [
					{ "time": 2, "name": "4_xssg31_" }
				]
			},
			"4_xssg32_": {
				"color": [
					{ "time": 2, "color": "ffffff00", "curve": "stepped" },
					{ "time": 4.7, "color": "ffffff00" },
					{ "time": 4.8, "color": "ffffffff" },
					{ "time": 4.9, "color": "ffffff00" }
				],
				"attachment": [
					{ "time": 2, "name": "4_xssg32_" }
				]
			},
			"4_xssg33_": {
				"color": [
					{ "time": 2, "color": "ffffff00", "curve": "stepped" },
					{ "time": 4.8, "color": "ffffff00" },
					{ "time": 4.9, "color": "ffffffff" },
					{ "time": 4.9667, "color": "ffffff00" }
				],
				"attachment": [
					{ "time": 2, "name": "4_xssg33_" }
				]
			},
			"4_xssg34_": {
				"color": [
					{ "time": 2, "color": "ffffff00", "curve": "stepped" },
					{ "time": 4.9, "color": "ffffff00" },
					{ "time": 4.9667, "color": "ffffffff" },
					{ "time": 5.0667, "color": "ffffff00" }
				],
				"attachment": [
					{ "time": 2, "name": "4_xssg34_" }
				]
			},
			"4_xssg35_": {
				"color": [
					{ "time": 2, "color": "ffffff00", "curve": "stepped" },
					{ "time": 4.9667, "color": "ffffff00" },
					{ "time": 5.0667, "color": "ffffffff" },
					{ "time": 5.1667, "color": "ffffff00" }
				],
				"attachment": [
					{ "time": 2, "name": "4_xssg35_" }
				]
			},
			"4_xssg36_": {
				"color": [
					{ "time": 2, "color": "ffffff00", "curve": "stepped" },
					{ "time": 5.0667, "color": "ffffff00" },
					{ "time": 5.1667, "color": "ffffffff" },
					{ "time": 5.2667, "color": "ffffff00" }
				],
				"attachment": [
					{ "time": 2, "name": "4_xssg36_" }
				]
			},
			"4_xssg37_": {
				"color": [
					{ "time": 2, "color": "ffffff00", "curve": "stepped" },
					{ "time": 5.1667, "color": "ffffff00" },
					{ "time": 5.2667, "color": "ffffffff" },
					{ "time": 5.3333, "color": "ffffff00" }
				],
				"attachment": [
					{ "time": 2, "name": "4_xssg37_" }
				]
			},
			"guagnqiu_1": {
				"color": [
					{ "time": 0.4667, "color": "ff049600" },
					{ "time": 1.4333, "color": "ff0596a2" },
					{ "time": 2.9, "color": "ff049600" }
				],
				"attachment": [
					{ "time": 0.4667, "name": "guagnqiu_" }
				]
			},
			"rose1_": {
				"attachment": [
					{ "time": 0, "name": "rose4_" }
				]
			},
			"xx_": {
				"attachment": [
					{ "time": 0, "name": "xx_huang_" }
				]
			},
			"xx_2": {
				"attachment": [
					{ "time": 1.3333, "name": "xx_huang_" }
				]
			},
			"xx_3": {
				"attachment": [
					{ "time": 3, "name": "xx_huang_" }
				]
			}
		},
		"bones": {
			"4_xin": {
				"scale": [
					{
						"time": 0.2667,
						"x": 1,
						"y": 1,
						"curve": [ 0.25, 0, 0.912, 0.81 ]
					},
					{ "time": 2.3333, "x": 1.1, "y": 1.1 }
				]
			},
			"guagnqiu_1": {
				"translate": [
					{ "time": 0.4667, "x": 2.71, "y": 74.42 },
					{ "time": 2.9, "x": 2.71, "y": 119.06 }
				],
				"scale": [
					{ "time": 0.4667, "x": 11.681, "y": 9.701 }
				]
			},
			"xx_1": {
				"translate": [
					{ "time": 0, "x": 2.69, "y": -103.58 }
				],
				"scale": [
					{ "time": 0, "x": 0, "y": 0 },
					{ "time": 0.6667, "x": 0.768, "y": 0.768 },
					{ "time": 1.3333, "x": 0, "y": 0 }
				]
			},
			"xx_2": {
				"rotate": [
					{ "time": 1.3333, "angle": 0 },
					{ "time": 2.6667, "angle": 37.56 }
				],
				"translate": [
					{ "time": 1.3333, "x": 105.22, "y": -76.33 }
				],
				"scale": [
					{ "time": 1.3333, "x": 0, "y": 0 },
					{ "time": 2, "x": 1, "y": 1 },
					{ "time": 2.6667, "x": 0, "y": 0 }
				]
			},
			"xx_3": {
				"rotate": [
					{ "time": 3, "angle": -34.69 }
				],
				"translate": [
					{ "time": 3, "x": 33.9, "y": -169.46 }
				],
				"scale": [
					{ "time": 3, "x": 0, "y": 0 },
					{ "time": 3.6667, "x": 0.431, "y": 0.431 },
					{ "time": 4.3333, "x": 0, "y": 0 }
				]
			}
		}
	}
}
}