{"skeleton":{"hash":"T8QbRmbCZXKkBE7WxtJmstA45lo","spine":"3.7.94","width":0,"height":0,"images":"./images/","audio":"F:/COK项目/Spine工程/皮肤—吕布貂蝉Spine/吕布高级Spine/吕布高级待机休闲Spine"},"bones":[{"name":"root"},{"name":"ctr","parent":"root","scaleX":1.25,"scaleY":1.25},{"name":"lb_idle_D","parent":"ctr"},{"name":"lb_idle_U","parent":"ctr"}],"slots":[{"name":"lb_idle_D","bone":"lb_idle_D"},{"name":"lb_idle_U","bone":"lb_idle_U"}],"skins":{"default":{"lb_idle_D":{"lb_idle_D_081_":{"width":1200,"height":600},"lb_idle_D_084_":{"width":1200,"height":600},"lb_idle_D_087_":{"width":1200,"height":600},"lb_idle_D_090_":{"width":1200,"height":600},"lb_idle_D_093_":{"width":1200,"height":600},"lb_idle_D_096_":{"width":1200,"height":600},"lb_idle_D_099_":{"width":1200,"height":600},"lb_idle_D_102_":{"width":1200,"height":600},"lb_idle_D_105_":{"width":1200,"height":600},"lb_idle_D_108_":{"width":1200,"height":600},"lb_idle_D_111_":{"width":1200,"height":600},"lb_idle_D_114_":{"width":1200,"height":600},"lb_idle_D_117_":{"width":1200,"height":600},"lb_idle_D_120_":{"width":1200,"height":600},"lb_idle_D_123_":{"width":1200,"height":600},"lb_idle_D_126_":{"width":1200,"height":600},"lb_idle_D_129_":{"width":1200,"height":600},"lb_idle_D_132_":{"width":1200,"height":600},"lb_idle_D_135_":{"width":1200,"height":600},"lb_idle_D_138_":{"width":1200,"height":600},"lb_idle_D_141_":{"width":1200,"height":600},"lb_idle_D_144_":{"width":1200,"height":600},"lb_idle_D_147_":{"width":1200,"height":600}}}},"animations":{"animation":{"slots":{"lb_idle_D":{"attachment":[{"time":2.7,"name":"lb_idle_D_081_"},{"time":2.8,"name":"lb_idle_D_084_"},{"time":2.9,"name":"lb_idle_D_087_"},{"time":3,"name":"lb_idle_D_090_"},{"time":3.1,"name":"lb_idle_D_093_"},{"time":3.2,"name":"lb_idle_D_096_"},{"time":3.3,"name":"lb_idle_D_099_"},{"time":3.4,"name":"lb_idle_D_102_"},{"time":3.5,"name":"lb_idle_D_105_"},{"time":3.6,"name":"lb_idle_D_108_"},{"time":3.7,"name":"lb_idle_D_111_"},{"time":3.8,"name":"lb_idle_D_114_"},{"time":3.9,"name":"lb_idle_D_117_"},{"time":4,"name":"lb_idle_D_120_"},{"time":4.1,"name":"lb_idle_D_123_"},{"time":4.2,"name":"lb_idle_D_126_"},{"time":4.3,"name":"lb_idle_D_129_"},{"time":4.4,"name":"lb_idle_D_132_"},{"time":4.5,"name":"lb_idle_D_135_"},{"time":4.6,"name":"lb_idle_D_138_"},{"time":4.7,"name":"lb_idle_D_141_"},{"time":4.8,"name":"lb_idle_D_144_"},{"time":4.9,"name":"lb_idle_D_147_"},{"time":5,"name":null}]},"lb_idle_U":{"attachment":[{"time":6.1,"name":null}]}},"bones":{"lb_idle_D":{"translate":[{"time":0,"x":0,"y":-300}]},"lb_idle_U":{"translate":[{"time":0,"x":0,"y":300}]},"ctr":{"translate":[{"time":0,"x":-100,"y":250}]}}}}}