{"skeleton":{"hash":"SFKt7GF+IwEM1SSnDYZ2JPcGxW4","spine":"3.7.94","width":0,"height":0,"images":"./images/","audio":"F:/COK项目/Spine工程/皮肤—吕布貂蝉Spine/吕布高级Spine/吕布高级待机休闲Spine"},"bones":[{"name":"root"},{"name":"ctr","parent":"root","scaleX":1.25,"scaleY":1.25},{"name":"lb_idle_D","parent":"ctr"},{"name":"lb_idle_U","parent":"ctr"}],"slots":[{"name":"lb_idle_D","bone":"lb_idle_D"},{"name":"lb_idle_U","bone":"lb_idle_U"}],"skins":{"default":{"lb_idle_D":{"lb_idle_D_150_":{"width":1200,"height":600},"lb_idle_D_153_":{"width":1200,"height":600},"lb_idle_D_156_":{"width":1200,"height":600},"lb_idle_D_159_":{"width":1200,"height":600},"lb_idle_D_162_":{"width":1200,"height":600},"lb_idle_D_165_":{"width":1200,"height":600},"lb_idle_D_168_":{"width":1200,"height":600},"lb_idle_D_171_":{"width":1200,"height":600},"lb_idle_D_174_":{"width":1200,"height":600},"lb_idle_D_177_":{"width":1200,"height":600},"lb_idle_D_180_":{"width":1200,"height":600}},"lb_idle_U":{"lb_idle_U_000_":{"width":1200,"height":600},"lb_idle_U_003_":{"width":1200,"height":600},"lb_idle_U_006_":{"width":1200,"height":600},"lb_idle_U_009_":{"width":1200,"height":600},"lb_idle_U_012_":{"width":1200,"height":600},"lb_idle_U_015_":{"width":1200,"height":600},"lb_idle_U_018_":{"width":1200,"height":600},"lb_idle_U_021_":{"width":1200,"height":600},"lb_idle_U_024_":{"width":1200,"height":600},"lb_idle_U_027_":{"width":1200,"height":600},"lb_idle_U_030_":{"width":1200,"height":600},"lb_idle_U_033_":{"width":1200,"height":600},"lb_idle_U_036_":{"width":1200,"height":600},"lb_idle_U_039_":{"width":1200,"height":600},"lb_idle_U_042_":{"width":1200,"height":600},"lb_idle_U_045_":{"width":1200,"height":600},"lb_idle_U_048_":{"width":1200,"height":600},"lb_idle_U_051_":{"width":1200,"height":600},"lb_idle_U_054_":{"width":1200,"height":600},"lb_idle_U_057_":{"width":1200,"height":600},"lb_idle_U_060_":{"width":1200,"height":600},"lb_idle_U_063_":{"width":1200,"height":600},"lb_idle_U_066_":{"width":1200,"height":600},"lb_idle_U_069_":{"width":1200,"height":600},"lb_idle_U_072_":{"width":1200,"height":600},"lb_idle_U_075_":{"width":1200,"height":600},"lb_idle_U_078_":{"width":1200,"height":600},"lb_idle_U_081_":{"width":1200,"height":600},"lb_idle_U_084_":{"width":1200,"height":600},"lb_idle_U_087_":{"width":1200,"height":600},"lb_idle_U_090_":{"width":1200,"height":600},"lb_idle_U_093_":{"width":1200,"height":600},"lb_idle_U_096_":{"width":1200,"height":600},"lb_idle_U_099_":{"width":1200,"height":600},"lb_idle_U_102_":{"width":1200,"height":600},"lb_idle_U_105_":{"width":1200,"height":600},"lb_idle_U_108_":{"width":1200,"height":600},"lb_idle_U_111_":{"width":1200,"height":600},"lb_idle_U_114_":{"width":1200,"height":600},"lb_idle_U_117_":{"width":1200,"height":600},"lb_idle_U_120_":{"width":1200,"height":600},"lb_idle_U_123_":{"width":1200,"height":600},"lb_idle_U_126_":{"width":1200,"height":600},"lb_idle_U_129_":{"width":1200,"height":600}}}},"animations":{"animation":{"slots":{"lb_idle_D":{"attachment":[{"time":5,"name":"lb_idle_D_150_"},{"time":5.1,"name":"lb_idle_D_153_"},{"time":5.2,"name":"lb_idle_D_156_"},{"time":5.3,"name":"lb_idle_D_159_"},{"time":5.4,"name":"lb_idle_D_162_"},{"time":5.5,"name":"lb_idle_D_165_"},{"time":5.6,"name":"lb_idle_D_168_"},{"time":5.7,"name":"lb_idle_D_171_"},{"time":5.8,"name":"lb_idle_D_174_"},{"time":5.9,"name":"lb_idle_D_177_"},{"time":6,"name":"lb_idle_D_180_"},{"time":6.1,"name":null}]},"lb_idle_U":{"attachment":[{"time":0,"name":"lb_idle_U_000_"},{"time":0.1,"name":"lb_idle_U_003_"},{"time":0.2,"name":"lb_idle_U_006_"},{"time":0.3,"name":"lb_idle_U_009_"},{"time":0.4,"name":"lb_idle_U_012_"},{"time":0.5,"name":"lb_idle_U_015_"},{"time":0.6,"name":"lb_idle_U_018_"},{"time":0.7,"name":"lb_idle_U_021_"},{"time":0.8,"name":"lb_idle_U_024_"},{"time":0.9,"name":"lb_idle_U_027_"},{"time":1,"name":"lb_idle_U_030_"},{"time":1.1,"name":"lb_idle_U_033_"},{"time":1.2,"name":"lb_idle_U_036_"},{"time":1.3,"name":"lb_idle_U_039_"},{"time":1.4,"name":"lb_idle_U_042_"},{"time":1.5,"name":"lb_idle_U_045_"},{"time":1.6,"name":"lb_idle_U_048_"},{"time":1.7,"name":"lb_idle_U_051_"},{"time":1.8,"name":"lb_idle_U_054_"},{"time":1.9,"name":"lb_idle_U_057_"},{"time":2,"name":"lb_idle_U_060_"},{"time":2.1,"name":"lb_idle_U_063_"},{"time":2.2,"name":"lb_idle_U_066_"},{"time":2.3,"name":"lb_idle_U_069_"},{"time":2.4,"name":"lb_idle_U_072_"},{"time":2.5,"name":"lb_idle_U_075_"},{"time":2.6,"name":"lb_idle_U_078_"},{"time":2.7,"name":"lb_idle_U_081_"},{"time":2.8,"name":"lb_idle_U_084_"},{"time":2.9,"name":"lb_idle_U_087_"},{"time":3,"name":"lb_idle_U_090_"},{"time":3.1,"name":"lb_idle_U_093_"},{"time":3.2,"name":"lb_idle_U_096_"},{"time":3.3,"name":"lb_idle_U_099_"},{"time":3.4,"name":"lb_idle_U_102_"},{"time":3.5,"name":"lb_idle_U_105_"},{"time":3.6,"name":"lb_idle_U_108_"},{"time":3.7,"name":"lb_idle_U_111_"},{"time":3.8,"name":"lb_idle_U_114_"},{"time":3.9,"name":"lb_idle_U_117_"},{"time":4,"name":"lb_idle_U_120_"},{"time":4.1,"name":"lb_idle_U_123_"},{"time":4.2,"name":"lb_idle_U_126_"},{"time":4.3,"name":"lb_idle_U_129_"},{"time":4.4,"name":null}]}},"bones":{"lb_idle_D":{"translate":[{"time":0,"x":0,"y":-300}]},"lb_idle_U":{"translate":[{"time":0,"x":0,"y":300}]},"ctr":{"translate":[{"time":0,"x":-100,"y":250}]}}}}}