{"skeleton":{"hash":"1ltKOT6nLsFZvqlSL8GtskPXPRE","spine":"3.7.94","width":0,"height":0,"images":"./images/","audio":"F:/COK项目/Spine工程/皮肤—织田信长Spine/待机休闲Spine"},"bones":[{"name":"root"},{"name":"idle_","parent":"root","scaleX":1.25,"scaleY":1.25},{"name":"xx_shadow","parent":"root","scaleX":5,"scaleY":5},{"name":"ctr","parent":"root","scaleX":1.25,"scaleY":1.25},{"name":"xx_R","parent":"ctr"},{"name":"xx_L","parent":"ctr"},{"name":"idle_shadow","parent":"root","scaleX":5,"scaleY":5}],"slots":[{"name":"xx_shadow","bone":"xx_shadow"},{"name":"xx_R","bone":"xx_R"},{"name":"xx_L","bone":"xx_L"},{"name":"idle_shadow","bone":"idle_shadow"},{"name":"idle_","bone":"idle_"}],"skins":{"default":{"xx_L":{"xx_L_000_":{"width":400,"height":800},"xx_L_003_":{"width":400,"height":800},"xx_L_006_":{"width":400,"height":800},"xx_L_009_":{"width":400,"height":800},"xx_L_012_":{"width":400,"height":800},"xx_L_015_":{"width":400,"height":800},"xx_L_018_":{"width":400,"height":800},"xx_L_021_":{"width":400,"height":800},"xx_L_024_":{"width":400,"height":800},"xx_L_027_":{"width":400,"height":800},"xx_L_030_":{"width":400,"height":800},"xx_L_033_":{"width":400,"height":800},"xx_L_036_":{"width":400,"height":800},"xx_L_039_":{"width":400,"height":800},"xx_L_042_":{"width":400,"height":800},"xx_L_045_":{"width":400,"height":800},"xx_L_048_":{"width":400,"height":800},"xx_L_051_":{"width":400,"height":800},"xx_L_054_":{"width":400,"height":800},"xx_L_057_":{"width":400,"height":800},"xx_L_060_":{"width":400,"height":800},"xx_L_063_":{"width":400,"height":800}},"xx_R":{"xx_R_000_":{"width":400,"height":800},"xx_R_003_":{"width":400,"height":800},"xx_R_006_":{"width":400,"height":800},"xx_R_009_":{"width":400,"height":800},"xx_R_012_":{"width":400,"height":800},"xx_R_015_":{"width":400,"height":800},"xx_R_018_":{"width":400,"height":800},"xx_R_021_":{"width":400,"height":800},"xx_R_024_":{"width":400,"height":800},"xx_R_027_":{"width":400,"height":800},"xx_R_030_":{"width":400,"height":800},"xx_R_033_":{"width":400,"height":800},"xx_R_036_":{"width":400,"height":800},"xx_R_039_":{"width":400,"height":800},"xx_R_042_":{"width":400,"height":800},"xx_R_045_":{"width":400,"height":800},"xx_R_048_":{"width":400,"height":800},"xx_R_051_":{"width":400,"height":800},"xx_R_054_":{"width":400,"height":800},"xx_R_057_":{"width":400,"height":800},"xx_R_060_":{"width":400,"height":800},"xx_R_063_":{"width":400,"height":800}},"xx_shadow":{"xx_shadow_000_":{"width":280,"height":280},"xx_shadow_003_":{"width":280,"height":280},"xx_shadow_006_":{"width":280,"height":280},"xx_shadow_009_":{"width":280,"height":280},"xx_shadow_012_":{"width":280,"height":280},"xx_shadow_015_":{"width":280,"height":280},"xx_shadow_018_":{"width":280,"height":280},"xx_shadow_021_":{"width":280,"height":280},"xx_shadow_024_":{"width":280,"height":280},"xx_shadow_027_":{"width":280,"height":280},"xx_shadow_030_":{"width":280,"height":280},"xx_shadow_033_":{"width":280,"height":280},"xx_shadow_036_":{"width":280,"height":280},"xx_shadow_039_":{"width":280,"height":280},"xx_shadow_042_":{"width":280,"height":280},"xx_shadow_045_":{"width":280,"height":280},"xx_shadow_048_":{"width":280,"height":280},"xx_shadow_051_":{"width":280,"height":280},"xx_shadow_054_":{"width":280,"height":280},"xx_shadow_057_":{"width":280,"height":280},"xx_shadow_060_":{"width":280,"height":280},"xx_shadow_063_":{"width":280,"height":280}}}},"animations":{"animation":{"slots":{"xx_L":{"attachment":[{"time":2.1,"name":"xx_L_000_"},{"time":2.2,"name":"xx_L_003_"},{"time":2.3,"name":"xx_L_006_"},{"time":2.4,"name":"xx_L_009_"},{"time":2.5,"name":"xx_L_012_"},{"time":2.6,"name":"xx_L_015_"},{"time":2.7,"name":"xx_L_018_"},{"time":2.8,"name":"xx_L_021_"},{"time":2.9,"name":"xx_L_024_"},{"time":3,"name":"xx_L_027_"},{"time":3.1,"name":"xx_L_030_"},{"time":3.2,"name":"xx_L_033_"},{"time":3.3,"name":"xx_L_036_"},{"time":3.4,"name":"xx_L_039_"},{"time":3.5,"name":"xx_L_042_"},{"time":3.6,"name":"xx_L_045_"},{"time":3.7,"name":"xx_L_048_"},{"time":3.8,"name":"xx_L_051_"},{"time":3.9,"name":"xx_L_054_"},{"time":4,"name":"xx_L_057_"},{"time":4.1,"name":"xx_L_060_"},{"time":4.2,"name":"xx_L_063_"},{"time":4.3,"name":null}]},"xx_R":{"attachment":[{"time":2.1,"name":"xx_R_000_"},{"time":2.2,"name":"xx_R_003_"},{"time":2.3,"name":"xx_R_006_"},{"time":2.4,"name":"xx_R_009_"},{"time":2.5,"name":"xx_R_012_"},{"time":2.6,"name":"xx_R_015_"},{"time":2.7,"name":"xx_R_018_"},{"time":2.8,"name":"xx_R_021_"},{"time":2.9,"name":"xx_R_024_"},{"time":3,"name":"xx_R_027_"},{"time":3.1,"name":"xx_R_030_"},{"time":3.2,"name":"xx_R_033_"},{"time":3.3,"name":"xx_R_036_"},{"time":3.4,"name":"xx_R_039_"},{"time":3.5,"name":"xx_R_042_"},{"time":3.6,"name":"xx_R_045_"},{"time":3.7,"name":"xx_R_048_"},{"time":3.8,"name":"xx_R_051_"},{"time":3.9,"name":"xx_R_054_"},{"time":4,"name":"xx_R_057_"},{"time":4.1,"name":"xx_R_060_"},{"time":4.2,"name":"xx_R_063_"},{"time":4.3,"name":null}]},"xx_shadow":{"attachment":[{"time":2.1,"name":"xx_shadow_000_"},{"time":2.2,"name":"xx_shadow_003_"},{"time":2.3,"name":"xx_shadow_006_"},{"time":2.4,"name":"xx_shadow_009_"},{"time":2.5,"name":"xx_shadow_012_"},{"time":2.6,"name":"xx_shadow_015_"},{"time":2.7,"name":"xx_shadow_018_"},{"time":2.8,"name":"xx_shadow_021_"},{"time":2.9,"name":"xx_shadow_024_"},{"time":3,"name":"xx_shadow_027_"},{"time":3.1,"name":"xx_shadow_030_"},{"time":3.2,"name":"xx_shadow_033_"},{"time":3.3,"name":"xx_shadow_036_"},{"time":3.4,"name":"xx_shadow_039_"},{"time":3.5,"name":"xx_shadow_042_"},{"time":3.6,"name":"xx_shadow_045_"},{"time":3.7,"name":"xx_shadow_048_"},{"time":3.8,"name":"xx_shadow_051_"},{"time":3.9,"name":"xx_shadow_054_"},{"time":4,"name":"xx_shadow_057_"},{"time":4.1,"name":"xx_shadow_060_"},{"time":4.2,"name":"xx_shadow_063_"},{"time":4.3,"name":null}]}},"bones":{"idle_":{"translate":[{"time":0,"x":-19.29,"y":112.26}]},"xx_L":{"translate":[{"time":0,"x":-200,"y":0}]},"xx_R":{"translate":[{"time":0,"x":200,"y":0}]},"idle_shadow":{"translate":[{"time":0,"x":14.78,"y":-32.55}]},"xx_shadow":{"translate":[{"time":0,"x":14.78,"y":-32.55}]},"ctr":{"translate":[{"time":0,"x":-19.29,"y":112.26}]}}}}}