{"skeleton":{"hash":"FzucoN+GrduFQpJ4Jzs1g+FiEts","spine":"3.7.94","width":0,"height":0,"images":"./images/","audio":"F:/COK项目/Spine工程/皮肤—织田信长Spine/攻击Spine"},"bones":[{"name":"root"},{"name":"ctr","parent":"root","scaleX":1.25,"scaleY":1.25},{"name":"attack_L","parent":"ctr"},{"name":"suilie","parent":"root","scaleX":2.5,"scaleY":2.5},{"name":"dandao","parent":"root","scaleX":2,"scaleY":2},{"name":"attack_shadow","parent":"root","scaleX":5,"scaleY":5},{"name":"attack_R","parent":"ctr"}],"slots":[{"name":"suilie","bone":"suilie"},{"name":"attack_shadow","bone":"attack_shadow"},{"name":"attack_R","bone":"attack_R"},{"name":"attack_L_000_","bone":"attack_L"},{"name":"dandao","bone":"dandao"}],"skins":{"default":{"attack_L_000_":{"attack_L_000_":{"width":400,"height":800},"attack_L_003_":{"width":400,"height":800},"attack_L_006_":{"width":400,"height":800},"attack_L_009_":{"width":400,"height":800},"attack_L_012_":{"width":400,"height":800},"attack_L_015_":{"width":400,"height":800},"attack_L_018_":{"width":400,"height":800},"attack_L_021_":{"width":400,"height":800},"attack_L_024_":{"width":400,"height":800},"attack_L_027_":{"width":400,"height":800},"attack_L_030_":{"width":400,"height":800},"attack_L_033_":{"width":400,"height":800},"attack_L_036_":{"width":400,"height":800},"attack_L_039_":{"width":400,"height":800}},"attack_R":{"attack_R_000_":{"width":400,"height":800},"attack_R_003_":{"width":400,"height":800},"attack_R_006_":{"width":400,"height":800},"attack_R_009_":{"width":400,"height":800},"attack_R_012_":{"width":400,"height":800},"attack_R_015_":{"width":400,"height":800},"attack_R_018_":{"width":400,"height":800},"attack_R_021_":{"width":400,"height":800},"attack_R_024_":{"width":400,"height":800},"attack_R_027_":{"width":400,"height":800},"attack_R_030_":{"width":400,"height":800},"attack_R_033_":{"width":400,"height":800},"attack_R_036_":{"width":400,"height":800},"attack_R_039_":{"width":400,"height":800}}}},"animations":{"animation":{"slots":{"attack_L_000_":{"attachment":[{"time":0,"name":"attack_L_000_"},{"time":0.1,"name":"attack_L_003_"},{"time":0.2,"name":"attack_L_006_"},{"time":0.3,"name":"attack_L_009_"},{"time":0.4,"name":"attack_L_012_"},{"time":0.5,"name":"attack_L_015_"},{"time":0.6,"name":"attack_L_018_"},{"time":0.7,"name":"attack_L_021_"},{"time":0.8,"name":"attack_L_024_"},{"time":0.9,"name":"attack_L_027_"},{"time":1,"name":"attack_L_030_"},{"time":1.1,"name":"attack_L_033_"},{"time":1.2,"name":"attack_L_036_"},{"time":1.3,"name":"attack_L_039_"},{"time":1.4,"name":null}]},"attack_R":{"attachment":[{"time":0,"name":"attack_R_000_"},{"time":0.1,"name":"attack_R_003_"},{"time":0.2,"name":"attack_R_006_"},{"time":0.3,"name":"attack_R_009_"},{"time":0.4,"name":"attack_R_012_"},{"time":0.5,"name":"attack_R_015_"},{"time":0.6,"name":"attack_R_018_"},{"time":0.7,"name":"attack_R_021_"},{"time":0.8,"name":"attack_R_024_"},{"time":0.9,"name":"attack_R_027_"},{"time":1,"name":"attack_R_030_"},{"time":1.1,"name":"attack_R_033_"},{"time":1.2,"name":"attack_R_036_"},{"time":1.3,"name":"attack_R_039_"},{"time":1.4,"name":null}]},"suilie":{"attachment":[{"time":2.9,"name":null}]}},"bones":{"attack_L":{"translate":[{"time":0,"x":-200,"y":0}]},"attack_R":{"translate":[{"time":0,"x":200,"y":0}]},"attack_shadow":{"translate":[{"time":0,"x":14.78,"y":-32.55}]},"dandao":{"translate":[{"time":0,"x":30,"y":-60}]},"ctr":{"translate":[{"time":0,"x":-19.29,"y":112.26}]}}}}}