{"skeleton":{"hash":"ZE2qd4fHkna8Ag76LHlkbPZITTw","spine":"3.7.94","width":0,"height":0,"images":"./images/","audio":"F:/COK项目/Spine工程/皮肤—织田信长Spine/待机休闲Spine"},"bones":[{"name":"root"},{"name":"idle_","parent":"root","scaleX":1.25,"scaleY":1.25},{"name":"xx_shadow","parent":"root","scaleX":5,"scaleY":5},{"name":"ctr","parent":"root","scaleX":1.25,"scaleY":1.25},{"name":"xx_R","parent":"ctr"},{"name":"xx_L","parent":"ctr"},{"name":"idle_shadow","parent":"root","scaleX":5,"scaleY":5}],"slots":[{"name":"xx_shadow","bone":"xx_shadow"},{"name":"xx_R","bone":"xx_R"},{"name":"xx_L","bone":"xx_L"},{"name":"idle_shadow","bone":"idle_shadow"},{"name":"idle_","bone":"idle_"}],"skins":{"default":{"idle_":{"idle_000_":{"width":800,"height":800},"idle_003_":{"width":800,"height":800},"idle_006_":{"width":800,"height":800},"idle_009_":{"width":800,"height":800},"idle_012_":{"width":800,"height":800},"idle_015_":{"width":800,"height":800},"idle_018_":{"width":800,"height":800},"idle_021_":{"width":800,"height":800},"idle_024_":{"width":800,"height":800},"idle_027_":{"width":800,"height":800},"idle_030_":{"width":800,"height":800},"idle_033_":{"width":800,"height":800},"idle_036_":{"width":800,"height":800},"idle_039_":{"width":800,"height":800},"idle_042_":{"width":800,"height":800},"idle_045_":{"width":800,"height":800},"idle_048_":{"width":800,"height":800},"idle_051_":{"width":800,"height":800},"idle_054_":{"width":800,"height":800},"idle_057_":{"width":800,"height":800},"idle_060_":{"width":800,"height":800}},"idle_shadow":{"idle_shadow_000_":{"width":280,"height":280},"idle_shadow_003_":{"width":280,"height":280},"idle_shadow_006_":{"width":280,"height":280},"idle_shadow_009_":{"width":280,"height":280},"idle_shadow_012_":{"width":280,"height":280},"idle_shadow_015_":{"width":280,"height":280},"idle_shadow_018_":{"width":280,"height":280},"idle_shadow_021_":{"width":280,"height":280},"idle_shadow_024_":{"width":280,"height":280},"idle_shadow_027_":{"width":280,"height":280},"idle_shadow_030_":{"width":280,"height":280},"idle_shadow_033_":{"width":280,"height":280},"idle_shadow_036_":{"width":280,"height":280},"idle_shadow_039_":{"width":280,"height":280},"idle_shadow_042_":{"width":280,"height":280},"idle_shadow_045_":{"width":280,"height":280},"idle_shadow_048_":{"width":280,"height":280},"idle_shadow_051_":{"width":280,"height":280},"idle_shadow_054_":{"width":280,"height":280},"idle_shadow_057_":{"width":280,"height":280},"idle_shadow_060_":{"width":280,"height":280}}}},"animations":{"animation":{"slots":{"idle_":{"attachment":[{"time":0,"name":"idle_000_"},{"time":0.1,"name":"idle_003_"},{"time":0.2,"name":"idle_006_"},{"time":0.3,"name":"idle_009_"},{"time":0.4,"name":"idle_012_"},{"time":0.5,"name":"idle_015_"},{"time":0.6,"name":"idle_018_"},{"time":0.7,"name":"idle_021_"},{"time":0.8,"name":"idle_024_"},{"time":0.9,"name":"idle_027_"},{"time":1,"name":"idle_030_"},{"time":1.1,"name":"idle_033_"},{"time":1.2,"name":"idle_036_"},{"time":1.3,"name":"idle_039_"},{"time":1.4,"name":"idle_042_"},{"time":1.5,"name":"idle_045_"},{"time":1.6,"name":"idle_048_"},{"time":1.7,"name":"idle_051_"},{"time":1.8,"name":"idle_054_"},{"time":1.9,"name":"idle_057_"},{"time":2,"name":"idle_060_"},{"time":2.1,"name":null}]},"idle_shadow":{"attachment":[{"time":0,"name":"idle_shadow_000_"},{"time":0.1,"name":"idle_shadow_003_"},{"time":0.2,"name":"idle_shadow_006_"},{"time":0.3,"name":"idle_shadow_009_"},{"time":0.4,"name":"idle_shadow_012_"},{"time":0.5,"name":"idle_shadow_015_"},{"time":0.6,"name":"idle_shadow_018_"},{"time":0.7,"name":"idle_shadow_021_"},{"time":0.8,"name":"idle_shadow_024_"},{"time":0.9,"name":"idle_shadow_027_"},{"time":1,"name":"idle_shadow_030_"},{"time":1.1,"name":"idle_shadow_033_"},{"time":1.2,"name":"idle_shadow_036_"},{"time":1.3,"name":"idle_shadow_039_"},{"time":1.4,"name":"idle_shadow_042_"},{"time":1.5,"name":"idle_shadow_045_"},{"time":1.6,"name":"idle_shadow_048_"},{"time":1.7,"name":"idle_shadow_051_"},{"time":1.8,"name":"idle_shadow_054_"},{"time":1.9,"name":"idle_shadow_057_"},{"time":2,"name":"idle_shadow_060_"},{"time":2.1,"name":null}]},"xx_shadow":{"attachment":[{"time":4.3,"name":null}]}},"bones":{"idle_":{"translate":[{"time":0,"x":-19.29,"y":112.26}]},"xx_L":{"translate":[{"time":0,"x":-200,"y":0}]},"xx_R":{"translate":[{"time":0,"x":200,"y":0}]},"idle_shadow":{"translate":[{"time":0,"x":14.78,"y":-32.55}]},"xx_shadow":{"translate":[{"time":0,"x":14.78,"y":-32.55}]},"ctr":{"translate":[{"time":0,"x":-19.29,"y":112.26}]}}}}}