{"skeleton":{"hash":"dvtcWgp7W7mOqQWvosYdyNem0Xw","spine":"3.7.94","width":374,"height":334,"images":"","audio":"E:/骷髅城堡/骷髅城堡spine/images"},"bones":[{"name":"root"},{"name":"ani","parent":"root"},{"name":"kulou","parent":"ani","length":58.03,"rotation":90,"x":54.55,"y":133.19},{"name":"duqi","parent":"root","x":61.79,"y":90.16},{"name":"duqi1_","parent":"duqi","length":64.17,"rotation":-23.4,"x":10.73,"y":3.48},{"name":"duqi2","parent":"duqi","length":53.22,"rotation":-29.74,"x":155.31,"y":-68.73},{"name":"s1","parent":"root","rotation":1.46,"x":-24.89,"y":107.66,"scaleX":0.6,"scaleY":0.6},{"name":"pen","parent":"duqi","rotation":-19.47,"x":-1.22,"y":4.88,"scaleX":0.9},{"name":"guagnqiu_3","parent":"root","x":-156.76,"y":140.7},{"name":"s4","parent":"root","x":-120.35,"y":132.65,"scaleX":0.3,"scaleY":0.3},{"name":"s5","parent":"root","rotation":32.94,"x":-142.43,"y":127.89,"scaleX":0.3,"scaleY":0.3},{"name":"guagnqiu_4","parent":"root","x":-156.76,"y":140.7},{"name":"s6","parent":"root","x":-62.81,"y":51.77,"scaleX":0.3,"scaleY":0.3},{"name":"s7","parent":"root","x":-62.81,"y":51.77,"scaleX":0.3,"scaleY":0.3},{"name":"s8","parent":"root","x":-62.81,"y":51.77,"scaleX":0.3,"scaleY":0.3},{"name":"guagnqiu_5","parent":"root","x":-156.76,"y":140.7},{"name":"s9","parent":"root","x":125.15,"y":115.41,"scaleX":0.3,"scaleY":0.3},{"name":"guagnqiu_6","parent":"root","x":121.71,"y":164.31},{"name":"taliang","parent":"root","x":-23.51,"y":264.16},{"name":"shine","parent":"ani","x":-23.63,"y":244.03},{"name":"lijuguang","parent":"root","x":-26.07,"y":276.28}],"slots":[{"name":"chengbao3_","bone":"ani","attachment":"chengbao3_"},{"name":"tajian_","bone":"ani","attachment":"tajian_"},{"name":"chengbao2_","bone":"ani","attachment":"chengbao2_"},{"name":"kulou_","bone":"kulou","attachment":"kulou_"},{"name":"duqi1_","bone":"duqi1_"},{"name":"duqi2_","bone":"duqi2"},{"name":"chengbao1_","bone":"ani","attachment":"chengbao1_"},{"name":"guang_","bone":"root","blend":"additive"},{"name":"lv_","bone":"ani","blend":"additive"},{"name":"yan_lv_","bone":"kulou","color":"007e8f99","attachment":"yan_lv_"},{"name":"yan_lan_add_","bone":"kulou","color":"006b5078","attachment":"yan_lan_add_","blend":"additive"},{"name":"s01_","bone":"s1","blend":"additive"},{"name":"s02_","bone":"s1","blend":"additive"},{"name":"s03_","bone":"s1","blend":"additive"},{"name":"s04_","bone":"s1","blend":"additive"},{"name":"s05_","bone":"s1","blend":"additive"},{"name":"s06_","bone":"s1","blend":"additive"},{"name":"s07_","bone":"s1","blend":"additive"},{"name":"s08_","bone":"s1","blend":"additive"},{"name":"s09_","bone":"s1","blend":"additive"},{"name":"s10_","bone":"s1","blend":"additive"},{"name":"s11_","bone":"s1","blend":"additive"},{"name":"s12_","bone":"s1","blend":"additive"},{"name":"s13_","bone":"s1","blend":"additive"},{"name":"s14_","bone":"s1","blend":"additive"},{"name":"s15_","bone":"s1","blend":"additive"},{"name":"s16_","bone":"s1","blend":"additive"},{"name":"s17_","bone":"s1","blend":"additive"},{"name":"s18_","bone":"s1","blend":"additive"},{"name":"s19_","bone":"s1","blend":"additive"},{"name":"s20_","bone":"s1","blend":"additive"},{"name":"s21_","bone":"s1","blend":"additive"},{"name":"s22_","bone":"s1","blend":"additive"},{"name":"s23_","bone":"s1","blend":"additive"},{"name":"s4","bone":"s4","blend":"additive"},{"name":"s5","bone":"s5","blend":"additive"},{"name":"s6","bone":"s6","blend":"additive"},{"name":"s7","bone":"s7","blend":"additive"},{"name":"s8","bone":"s8","blend":"additive"},{"name":"s9","bone":"s9","blend":"additive"},{"name":"guagnqiu_2","bone":"duqi"},{"name":"pen_","bone":"pen"},{"name":"guagnqiu_1","bone":"duqi","blend":"additive"},{"name":"guagnqiu_3","bone":"guagnqiu_3","blend":"additive"},{"name":"guagnqiu_6","bone":"guagnqiu_6","blend":"additive"},{"name":"guagnqiu_7","bone":"root","color":"0084ff91","blend":"additive"},{"name":"guagnqiu_4","bone":"guagnqiu_4","blend":"additive"},{"name":"guagnqiu_5","bone":"guagnqiu_5","blend":"additive"},{"name":"shu_a1_","bone":"ani","blend":"additive"},{"name":"shu_a2_","bone":"ani","blend":"additive"},{"name":"shu_b1_","bone":"ani","blend":"additive"},{"name":"shu_b2_","bone":"ani","blend":"additive"},{"name":"shu_c1_","bone":"ani","blend":"additive"},{"name":"shu_c2_","bone":"ani","blend":"additive"},{"name":"sheguang_","bone":"shine","blend":"additive"},{"name":"taliang1_","bone":"taliang","blend":"additive"},{"name":"taliang2_","bone":"taliang","blend":"additive"},{"name":"liuguang1_","bone":"lijuguang","blend":"additive"},{"name":"liuguang2_","bone":"lijuguang","blend":"additive"},{"name":"liuguang3_","bone":"lijuguang","blend":"additive"},{"name":"liuguang4_","bone":"lijuguang","blend":"additive"},{"name":"liuguang5_","bone":"lijuguang","blend":"additive"}],"skins":{"default":{"chengbao1_":{"chengbao1_":{"x":10.87,"y":148.5,"width":67,"height":219}},"chengbao2_":{"chengbao2_":{"x":22.37,"y":197,"width":108,"height":148}},"chengbao3_":{"chengbao3_":{"x":-9.63,"y":152.5,"width":374,"height":305}},"duqi1_":{"duqi1_":{"x":57.03,"y":0.14,"rotation":23.4,"width":137,"height":96}},"duqi2_":{"duqi2_":{"x":19.77,"y":1.52,"rotation":6.34,"width":94,"height":121}},"guagnqiu_1":{"guagnqiu_":{"x":-3.51,"y":13.54,"scaleX":3.34,"scaleY":3.34,"width":64,"height":64}},"guagnqiu_2":{"guagnqiu_":{"x":-3.51,"y":13.54,"scaleX":2.056,"scaleY":2.056,"width":64,"height":64}},"guagnqiu_3":{"guagnqiu_":{"scaleX":0.488,"scaleY":0.488,"width":64,"height":64}},"guagnqiu_4":{"guagnqiu_":{"rotation":-55.02,"width":64,"height":64}},"guagnqiu_5":{"guagnqiu_":{"rotation":-55.02,"width":64,"height":64}},"guagnqiu_6":{"guagnqiu_":{"scaleX":2.638,"scaleY":2.638,"width":64,"height":64}},"guagnqiu_7":{"guagnqiu_":{"x":-23.61,"y":265.73,"scaleX":4.131,"scaleY":4.131,"width":64,"height":64}},"guang_":{"guang_":{"x":-2.45,"y":155.3,"width":394,"height":341}},"kulou_":{"kulou_":{"x":27.31,"y":5.68,"rotation":-90,"width":87,"height":107}},"liuguang1_":{"liuguang1_":{"x":2.4,"y":3.15,"width":88,"height":132}},"liuguang2_":{"liuguang2_":{"x":2.4,"y":3.15,"width":88,"height":132}},"liuguang3_":{"liuguang3_":{"x":2.4,"y":3.15,"width":88,"height":132}},"liuguang4_":{"liuguang4_":{"x":2.4,"y":3.15,"width":88,"height":132}},"liuguang5_":{"liuguang5_":{"x":2.4,"y":3.15,"width":88,"height":132}},"lv_":{"lv_":{"x":3.99,"y":128,"width":242,"height":198}},"pen_":{"pen00_":{"x":110.08,"y":-3.93,"width":306,"height":154},"pen01_":{"x":110.08,"y":-3.93,"width":306,"height":154},"pen02_":{"x":110.08,"y":-3.93,"width":306,"height":154},"pen03_":{"x":110.08,"y":-3.93,"width":306,"height":154},"pen04_":{"x":110.08,"y":-3.93,"width":306,"height":154},"pen05_":{"x":110.08,"y":-3.93,"width":306,"height":154},"pen06_":{"x":110.08,"y":-3.93,"width":306,"height":154},"pen07_":{"x":110.08,"y":-3.93,"width":306,"height":154},"pen08_":{"x":110.08,"y":-3.93,"width":306,"height":154},"pen09_":{"x":110.08,"y":-3.93,"width":306,"height":154},"pen10_":{"x":110.08,"y":-3.93,"width":306,"height":154},"pen11_":{"x":110.08,"y":-3.93,"width":306,"height":154},"pen12_":{"x":110.08,"y":-3.93,"width":306,"height":154},"pen13_":{"x":110.08,"y":-3.93,"width":306,"height":154},"pen14_":{"x":110.08,"y":-3.93,"width":306,"height":154},"pen15_":{"x":110.08,"y":-3.93,"width":306,"height":154},"pen16_":{"x":110.08,"y":-3.93,"width":306,"height":154},"pen17_":{"x":110.08,"y":-3.93,"width":306,"height":154},"pen18_":{"x":110.08,"y":-3.93,"width":306,"height":154},"pen19_":{"x":110.08,"y":-3.93,"width":306,"height":154},"pen20_":{"x":110.08,"y":-3.93,"width":306,"height":154},"pen21_":{"x":110.08,"y":-3.93,"width":306,"height":154},"pen22_":{"x":110.08,"y":-3.93,"width":306,"height":154},"pen23_":{"x":110.08,"y":-3.93,"width":306,"height":154},"pen24_":{"x":110.08,"y":-3.93,"width":306,"height":154},"pen25_":{"x":110.08,"y":-3.93,"width":306,"height":154},"pen26_":{"x":110.08,"y":-3.93,"width":306,"height":154},"pen27_":{"x":110.08,"y":-3.93,"width":306,"height":154},"pen28_":{"x":110.08,"y":-3.93,"width":306,"height":154},"pen29_":{"x":110.08,"y":-3.93,"width":306,"height":154},"pen30_":{"x":110.08,"y":-3.93,"width":306,"height":154},"pen31_":{"x":110.08,"y":-3.93,"width":306,"height":154},"pen32_":{"x":110.08,"y":-3.93,"width":306,"height":154},"pen33_":{"x":110.08,"y":-3.93,"width":306,"height":154},"pen34_":{"x":110.08,"y":-3.93,"width":306,"height":154}},"s01_":{"s01_":{"y":58.98,"width":39,"height":140}},"s02_":{"s02_":{"y":58.98,"width":39,"height":140}},"s03_":{"s03_":{"y":58.98,"width":39,"height":140}},"s04_":{"s04_":{"y":58.98,"width":39,"height":140}},"s05_":{"s05_":{"y":58.98,"width":39,"height":140}},"s06_":{"s06_":{"y":58.98,"width":39,"height":140}},"s07_":{"s07_":{"y":58.98,"width":39,"height":140}},"s08_":{"s08_":{"y":58.98,"width":39,"height":140}},"s09_":{"s09_":{"y":58.98,"width":39,"height":140}},"s10_":{"s10_":{"y":58.98,"width":39,"height":140}},"s11_":{"s11_":{"y":58.98,"width":39,"height":140}},"s12_":{"s12_":{"y":58.98,"width":39,"height":140}},"s13_":{"s13_":{"y":58.98,"width":39,"height":140}},"s14_":{"s14_":{"y":58.98,"width":39,"height":140}},"s15_":{"s15_":{"y":58.98,"width":39,"height":140}},"s16_":{"s16_":{"y":58.98,"width":39,"height":140}},"s17_":{"s17_":{"y":58.98,"width":39,"height":140}},"s18_":{"s18_":{"y":58.98,"width":39,"height":140}},"s19_":{"s19_":{"y":58.98,"width":39,"height":140}},"s20_":{"s20_":{"y":58.98,"width":39,"height":140}},"s21_":{"s21_":{"y":58.98,"width":39,"height":140}},"s22_":{"s22_":{"y":58.98,"width":39,"height":140}},"s23_":{"s23_":{"y":58.98,"width":39,"height":140}},"s4":{"s01_":{"y":58.98,"width":39,"height":140},"s02_":{"y":58.98,"width":39,"height":140},"s03_":{"y":58.98,"width":39,"height":140},"s04_":{"y":58.98,"width":39,"height":140},"s05_":{"y":58.98,"width":39,"height":140},"s06_":{"y":58.98,"width":39,"height":140},"s07_":{"y":58.98,"width":39,"height":140},"s08_":{"y":58.98,"width":39,"height":140},"s09_":{"y":58.98,"width":39,"height":140},"s10_":{"y":58.98,"width":39,"height":140},"s11_":{"y":58.98,"width":39,"height":140},"s12_":{"y":58.98,"width":39,"height":140},"s13_":{"y":58.98,"width":39,"height":140},"s14_":{"y":58.98,"width":39,"height":140},"s15_":{"y":58.98,"width":39,"height":140},"s16_":{"y":58.98,"width":39,"height":140},"s17_":{"y":58.98,"width":39,"height":140},"s18_":{"y":58.98,"width":39,"height":140},"s19_":{"y":58.98,"width":39,"height":140},"s20_":{"y":58.98,"width":39,"height":140},"s21_":{"y":58.98,"width":39,"height":140},"s22_":{"y":58.98,"width":39,"height":140},"s23_":{"y":58.98,"width":39,"height":140}},"s5":{"s01_":{"y":58.98,"width":39,"height":140},"s02_":{"y":58.98,"width":39,"height":140},"s03_":{"y":58.98,"width":39,"height":140},"s04_":{"y":58.98,"width":39,"height":140},"s05_":{"y":58.98,"width":39,"height":140},"s06_":{"y":58.98,"width":39,"height":140},"s07_":{"y":58.98,"width":39,"height":140},"s08_":{"y":58.98,"width":39,"height":140},"s09_":{"y":58.98,"width":39,"height":140},"s10_":{"y":58.98,"width":39,"height":140},"s11_":{"y":58.98,"width":39,"height":140},"s12_":{"y":58.98,"width":39,"height":140},"s13_":{"y":58.98,"width":39,"height":140},"s14_":{"y":58.98,"width":39,"height":140},"s15_":{"y":58.98,"width":39,"height":140},"s16_":{"y":58.98,"width":39,"height":140},"s17_":{"y":58.98,"width":39,"height":140},"s18_":{"y":58.98,"width":39,"height":140},"s19_":{"y":58.98,"width":39,"height":140},"s20_":{"y":58.98,"width":39,"height":140},"s21_":{"y":58.98,"width":39,"height":140},"s22_":{"y":58.98,"width":39,"height":140},"s23_":{"y":58.98,"width":39,"height":140}},"s6":{"s01_":{"y":58.98,"width":39,"height":140},"s02_":{"y":58.98,"width":39,"height":140},"s03_":{"y":58.98,"width":39,"height":140},"s04_":{"y":58.98,"width":39,"height":140},"s05_":{"y":58.98,"width":39,"height":140},"s06_":{"y":58.98,"width":39,"height":140},"s07_":{"y":58.98,"width":39,"height":140},"s08_":{"y":58.98,"width":39,"height":140},"s09_":{"y":58.98,"width":39,"height":140},"s10_":{"y":58.98,"width":39,"height":140},"s11_":{"y":58.98,"width":39,"height":140},"s12_":{"y":58.98,"width":39,"height":140},"s13_":{"y":58.98,"width":39,"height":140},"s14_":{"y":58.98,"width":39,"height":140},"s15_":{"y":58.98,"width":39,"height":140},"s16_":{"y":58.98,"width":39,"height":140},"s17_":{"y":58.98,"width":39,"height":140},"s18_":{"y":58.98,"width":39,"height":140},"s19_":{"y":58.98,"width":39,"height":140},"s20_":{"y":58.98,"width":39,"height":140},"s21_":{"y":58.98,"width":39,"height":140},"s22_":{"y":58.98,"width":39,"height":140},"s23_":{"y":58.98,"width":39,"height":140}},"s7":{"s01_":{"y":58.98,"width":39,"height":140},"s02_":{"y":58.98,"width":39,"height":140},"s03_":{"y":58.98,"width":39,"height":140},"s04_":{"y":58.98,"width":39,"height":140},"s05_":{"y":58.98,"width":39,"height":140},"s06_":{"y":58.98,"width":39,"height":140},"s07_":{"y":58.98,"width":39,"height":140},"s08_":{"y":58.98,"width":39,"height":140},"s09_":{"y":58.98,"width":39,"height":140},"s10_":{"y":58.98,"width":39,"height":140},"s11_":{"y":58.98,"width":39,"height":140},"s12_":{"y":58.98,"width":39,"height":140},"s13_":{"y":58.98,"width":39,"height":140},"s14_":{"y":58.98,"width":39,"height":140},"s15_":{"y":58.98,"width":39,"height":140},"s16_":{"y":58.98,"width":39,"height":140},"s17_":{"y":58.98,"width":39,"height":140},"s18_":{"y":58.98,"width":39,"height":140},"s19_":{"y":58.98,"width":39,"height":140},"s20_":{"y":58.98,"width":39,"height":140},"s21_":{"y":58.98,"width":39,"height":140},"s22_":{"y":58.98,"width":39,"height":140},"s23_":{"y":58.98,"width":39,"height":140}},"s8":{"s01_":{"y":58.98,"width":39,"height":140},"s02_":{"y":58.98,"width":39,"height":140},"s03_":{"y":58.98,"width":39,"height":140},"s04_":{"y":58.98,"width":39,"height":140},"s05_":{"y":58.98,"width":39,"height":140},"s06_":{"y":58.98,"width":39,"height":140},"s07_":{"y":58.98,"width":39,"height":140},"s08_":{"y":58.98,"width":39,"height":140},"s09_":{"y":58.98,"width":39,"height":140},"s10_":{"y":58.98,"width":39,"height":140},"s11_":{"y":58.98,"width":39,"height":140},"s12_":{"y":58.98,"width":39,"height":140},"s13_":{"y":58.98,"width":39,"height":140},"s14_":{"y":58.98,"width":39,"height":140},"s15_":{"y":58.98,"width":39,"height":140},"s16_":{"y":58.98,"width":39,"height":140},"s17_":{"y":58.98,"width":39,"height":140},"s18_":{"y":58.98,"width":39,"height":140},"s19_":{"y":58.98,"width":39,"height":140},"s20_":{"y":58.98,"width":39,"height":140},"s21_":{"y":58.98,"width":39,"height":140},"s22_":{"y":58.98,"width":39,"height":140},"s23_":{"y":58.98,"width":39,"height":140}},"s9":{"s01_":{"y":58.98,"width":39,"height":140},"s02_":{"y":58.98,"width":39,"height":140},"s03_":{"y":58.98,"width":39,"height":140},"s04_":{"y":58.98,"width":39,"height":140},"s05_":{"y":58.98,"width":39,"height":140},"s06_":{"y":58.98,"width":39,"height":140},"s07_":{"y":58.98,"width":39,"height":140},"s08_":{"y":58.98,"width":39,"height":140},"s09_":{"y":58.98,"width":39,"height":140},"s10_":{"y":58.98,"width":39,"height":140},"s11_":{"y":58.98,"width":39,"height":140},"s12_":{"y":58.98,"width":39,"height":140},"s13_":{"y":58.98,"width":39,"height":140},"s14_":{"y":58.98,"width":39,"height":140},"s15_":{"y":58.98,"width":39,"height":140},"s16_":{"y":58.98,"width":39,"height":140},"s17_":{"y":58.98,"width":39,"height":140},"s18_":{"y":58.98,"width":39,"height":140},"s19_":{"y":58.98,"width":39,"height":140},"s20_":{"y":58.98,"width":39,"height":140},"s21_":{"y":58.98,"width":39,"height":140},"s22_":{"y":58.98,"width":39,"height":140},"s23_":{"y":58.98,"width":39,"height":140}},"sheguang_":{"sheguang_":{"x":1.89,"y":-1.32,"width":177,"height":116}},"shu_a1_":{"shu_a1_":{"x":-64.33,"y":76.63,"width":89,"height":89}},"shu_a2_":{"shu_a2_":{"x":-64.33,"y":76.63,"width":89,"height":89}},"shu_b1_":{"shu_b1_":{"x":-141.74,"y":159.73,"width":104,"height":90}},"shu_b2_":{"shu_b2_":{"x":-141.74,"y":159.73,"width":104,"height":90}},"shu_c1_":{"shu_c1_":{"x":140.44,"y":172.74,"width":61,"height":65}},"shu_c2_":{"shu_c2_":{"x":140.44,"y":172.74,"width":61,"height":65}},"tajian_":{"tajian_":{"x":-23.13,"y":279.5,"width":65,"height":109}},"taliang1_":{"taliang1_":{"y":15.47,"width":49,"height":109}},"taliang2_":{"taliang2_":{"y":15.47,"width":49,"height":109}},"yan_lan_add_":{"yan_lan_add_":{"x":15.81,"y":-19.82,"rotation":-90,"width":62,"height":52}},"yan_lv_":{"yan_lv_":{"x":13.81,"y":-15.82,"rotation":-90,"width":36,"height":34}}}},"animations":{"ani":{"slots":{"guagnqiu_3":{"color":[{"time":0,"color":"0094ff00"},{"time":0.5667,"color":"00ff1b8e"},{"time":1.4667,"color":"0094ff00"}]},"guagnqiu_4":{"color":[{"time":1.1333,"color":"008bff00"},{"time":1.7333,"color":"008bff80"},{"time":2.5333,"color":"008bff00"}],"attachment":[{"time":1.1333,"name":"guagnqiu_"}]},"guagnqiu_5":{"color":[{"time":0.8333,"color":"0087ff00"},{"time":2.2667,"color":"0088ff67"},{"time":3.6667,"color":"0087ff00"}],"attachment":[{"time":0.8333,"name":"guagnqiu_"}]},"guagnqiu_6":{"color":[{"time":0,"color":"004bff00"},{"time":1.0667,"color":"004bff2e"},{"time":2.8,"color":"004bff00"}],"attachment":[{"time":0,"name":"guagnqiu_"}]},"guang_":{"color":[{"time":0,"color":"33d7ff95"},{"time":0.8667,"color":"34d7ffeb"},{"time":1.7333,"color":"3171ff67"},{"time":2.7,"color":"33d7ffd9"},{"time":3.6667,"color":"33d7ff95"}],"attachment":[{"time":0,"name":"guang_"}]},"lv_":{"color":[{"time":0,"color":"9ddeff47"},{"time":0.8667,"color":"84c7ffff"},{"time":1.8333,"color":"9edeff82"},{"time":2.7333,"color":"84c7ffff"},{"time":3.6667,"color":"9ddeff47"}],"attachment":[{"time":0,"name":"lv_"}]},"s01_":{"color":[{"time":0.6667,"color":"ffffff00"},{"time":0.7333,"color":"ffffffff"},{"time":0.8333,"color":"ffffff00"}],"attachment":[{"time":0.6667,"name":"s01_"}]},"s02_":{"color":[{"time":0.6667,"color":"ffffff00","curve":"stepped"},{"time":0.7333,"color":"ffffff00"},{"time":0.8333,"color":"ffffffff"},{"time":0.9,"color":"ffffff00"}],"attachment":[{"time":0.6667,"name":"s02_"}]},"s03_":{"color":[{"time":0.6667,"color":"ffffff00","curve":"stepped"},{"time":0.8333,"color":"ffffff00"},{"time":0.9,"color":"ffffffff"},{"time":0.9667,"color":"ffffff00"}],"attachment":[{"time":0.6667,"name":"s03_"}]},"s4":{"color":[{"time":1.1333,"color":"00c8ff00"},{"time":1.4667,"color":"ffffffff"},{"time":1.9,"color":"ffffff00"}],"attachment":[{"time":1.1333,"name":"s01_"},{"time":1.1667,"name":"s02_"},{"time":1.2,"name":"s03_"},{"time":1.2333,"name":"s04_"},{"time":1.3,"name":"s05_"},{"time":1.3333,"name":"s06_"},{"time":1.3667,"name":"s07_"},{"time":1.4,"name":"s08_"},{"time":1.4333,"name":"s09_"},{"time":1.5,"name":"s10_"},{"time":1.5667,"name":"s11_"},{"time":1.6,"name":"s12_"},{"time":1.6333,"name":"s13_"},{"time":1.6667,"name":"s14_"},{"time":1.7,"name":"s15_"},{"time":1.7333,"name":"s16_"},{"time":1.8,"name":"s17_"},{"time":1.8333,"name":"s18_"},{"time":1.8667,"name":"s19_"},{"time":1.9,"name":"s20_"},{"time":1.9333,"name":"s21_"},{"time":1.9667,"name":"s22_"},{"time":2,"name":"s23_"},{"time":2.0333,"name":null}]},"s04_":{"color":[{"time":0.6667,"color":"ffffff00","curve":"stepped"},{"time":0.9,"color":"ffffff00"},{"time":0.9667,"color":"ffffffff"},{"time":1.0667,"color":"ffffff00"}],"attachment":[{"time":0.6667,"name":"s04_"}]},"s5":{"color":[{"time":0.1667,"color":"00c8ff00"},{"time":0.5,"color":"008fffff"},{"time":0.9333,"color":"ffffff00"}],"attachment":[{"time":0.1667,"name":"s01_"},{"time":0.2,"name":"s02_"},{"time":0.2333,"name":"s03_"},{"time":0.2667,"name":"s04_"},{"time":0.3333,"name":"s05_"},{"time":0.3667,"name":"s06_"},{"time":0.4,"name":"s07_"},{"time":0.4333,"name":"s08_"},{"time":0.4667,"name":"s09_"},{"time":0.5333,"name":"s10_"},{"time":0.6,"name":"s11_"},{"time":0.6333,"name":"s12_"},{"time":0.6667,"name":"s13_"},{"time":0.7,"name":"s14_"},{"time":0.7333,"name":"s15_"},{"time":0.7667,"name":"s16_"},{"time":0.8333,"name":"s17_"},{"time":0.8667,"name":"s18_"},{"time":0.9,"name":"s19_"},{"time":0.9333,"name":"s20_"},{"time":0.9667,"name":"s21_"},{"time":1,"name":"s22_"},{"time":1.0333,"name":"s23_"},{"time":1.0667,"name":null}]},"s05_":{"color":[{"time":0.6667,"color":"ffffff00","curve":"stepped"},{"time":0.9667,"color":"ffffff00"},{"time":1.0667,"color":"ffffffff"},{"time":1.1333,"color":"ffffff00"}],"attachment":[{"time":0.6667,"name":"s05_"}]},"s6":{"color":[{"time":0,"color":"00c8ff00"},{"time":0.3333,"color":"ffffffff"},{"time":0.7667,"color":"ffffff00","curve":[0.236,0.7,0.88,0.59]},{"time":2.4,"color":"00c8ff00"},{"time":2.7333,"color":"ffffffff"},{"time":3.1667,"color":"ffffff00"}],"attachment":[{"time":0,"name":"s01_"},{"time":0.0333,"name":"s02_"},{"time":0.0667,"name":"s03_"},{"time":0.1,"name":"s04_"},{"time":0.1333,"name":"s05_"},{"time":0.1667,"name":"s06_"},{"time":0.2,"name":"s07_"},{"time":0.2333,"name":"s08_"},{"time":0.2667,"name":"s09_"},{"time":0.3,"name":"s10_"},{"time":0.3333,"name":"s11_"},{"time":0.3667,"name":"s12_"},{"time":0.4,"name":"s13_"},{"time":0.4333,"name":"s14_"},{"time":0.4667,"name":"s15_"},{"time":0.5,"name":"s16_"},{"time":0.5333,"name":"s17_"},{"time":0.5667,"name":"s18_"},{"time":0.6,"name":"s19_"},{"time":0.6333,"name":"s20_"},{"time":0.6667,"name":"s21_"},{"time":0.7,"name":"s22_"},{"time":0.7333,"name":"s23_"},{"time":0.7667,"name":null},{"time":2.4,"name":"s01_"},{"time":2.4333,"name":"s02_"},{"time":2.4667,"name":"s03_"},{"time":2.5,"name":"s04_"},{"time":2.5333,"name":"s05_"},{"time":2.5667,"name":"s06_"},{"time":2.6,"name":"s07_"},{"time":2.6333,"name":"s08_"},{"time":2.6667,"name":"s09_"},{"time":2.7,"name":"s10_"},{"time":2.7333,"name":"s11_"},{"time":2.7667,"name":"s12_"},{"time":2.8,"name":"s13_"},{"time":2.8333,"name":"s14_"},{"time":2.8667,"name":"s15_"},{"time":2.9,"name":"s16_"},{"time":2.9333,"name":"s17_"},{"time":2.9667,"name":"s18_"},{"time":3,"name":"s19_"},{"time":3.0333,"name":"s20_"},{"time":3.0667,"name":"s21_"},{"time":3.1,"name":"s22_"},{"time":3.1333,"name":"s23_"},{"time":3.1667,"name":null}]},"s06_":{"color":[{"time":0.6667,"color":"ffffff00","curve":"stepped"},{"time":1.0667,"color":"ffffff00"},{"time":1.1333,"color":"ffffffff"},{"time":1.2,"color":"ffffff00"}],"attachment":[{"time":0.6667,"name":"s06_"}]},"s7":{"color":[{"time":0.7667,"color":"00c8ff00"},{"time":1.1,"color":"ffffffff"},{"time":1.5333,"color":"ffffff00"}],"attachment":[{"time":0.7667,"name":"s01_"},{"time":0.8,"name":"s02_"},{"time":0.8333,"name":"s03_"},{"time":0.8667,"name":"s04_"},{"time":0.9333,"name":"s05_"},{"time":0.9667,"name":"s06_"},{"time":1,"name":"s07_"},{"time":1.0333,"name":"s08_"},{"time":1.0667,"name":"s09_"},{"time":1.1333,"name":"s10_"},{"time":1.2,"name":"s11_"},{"time":1.2333,"name":"s12_"},{"time":1.2667,"name":"s13_"},{"time":1.3,"name":"s14_"},{"time":1.3333,"name":"s15_"},{"time":1.3667,"name":"s16_"},{"time":1.4333,"name":"s17_"},{"time":1.4667,"name":"s18_"},{"time":1.5,"name":"s19_"},{"time":1.5333,"name":"s20_"},{"time":1.5667,"name":"s21_"},{"time":1.6,"name":"s22_"},{"time":1.6333,"name":"s23_"},{"time":1.6667,"name":null}]},"s07_":{"color":[{"time":0.6667,"color":"ffffff00","curve":"stepped"},{"time":1.1333,"color":"ffffff00"},{"time":1.2,"color":"ffffffff"},{"time":1.2667,"color":"ffffff00"}],"attachment":[{"time":0.6667,"name":"s07_"}]},"s8":{"color":[{"time":1.4667,"color":"00c8ff00"},{"time":1.8667,"color":"ffffffff"},{"time":2.2333,"color":"ffffff00"}],"attachment":[{"time":1.4667,"name":"s01_"},{"time":1.5,"name":"s02_"},{"time":1.5333,"name":"s03_"},{"time":1.5667,"name":"s04_"},{"time":1.6333,"name":"s05_"},{"time":1.6667,"name":"s06_"},{"time":1.7,"name":"s07_"},{"time":1.7333,"name":"s08_"},{"time":1.7667,"name":"s09_"},{"time":1.8,"name":"s10_"},{"time":1.8667,"name":"s11_"},{"time":1.9,"name":"s12_"},{"time":1.9333,"name":"s13_"},{"time":1.9667,"name":"s14_"},{"time":2,"name":"s15_"},{"time":2.0333,"name":"s16_"},{"time":2.1,"name":"s17_"},{"time":2.1333,"name":"s18_"},{"time":2.1667,"name":"s19_"},{"time":2.2,"name":"s20_"},{"time":2.2333,"name":"s21_"},{"time":2.2667,"name":"s22_"},{"time":2.3,"name":"s23_"},{"time":2.3333,"name":null}]},"s08_":{"color":[{"time":0.6667,"color":"ffffff00","curve":"stepped"},{"time":1.2,"color":"ffffff00"},{"time":1.2667,"color":"ffffffff"},{"time":1.3667,"color":"ffffff00"}],"attachment":[{"time":0.6667,"name":"s08_"}]},"s9":{"color":[{"time":0.1667,"color":"00c8ff00"},{"time":0.6,"color":"00d9ffff"},{"time":1.0667,"color":"ffffff00"}],"attachment":[{"time":0.1667,"name":"s01_"},{"time":0.2,"name":"s02_"},{"time":0.2667,"name":"s03_"},{"time":0.3,"name":"s04_"},{"time":0.3333,"name":"s05_"},{"time":0.3667,"name":"s06_"},{"time":0.4333,"name":"s07_"},{"time":0.4667,"name":"s08_"},{"time":0.5,"name":"s09_"},{"time":0.5667,"name":"s10_"},{"time":0.6,"name":"s11_"},{"time":0.6333,"name":"s12_"},{"time":0.6667,"name":"s13_"},{"time":0.7333,"name":"s14_"},{"time":0.8,"name":"s15_"},{"time":0.8333,"name":"s16_"},{"time":0.8667,"name":"s17_"},{"time":0.9,"name":"s18_"},{"time":0.9333,"name":"s19_"},{"time":0.9667,"name":"s20_"},{"time":1,"name":"s21_"},{"time":1.0333,"name":"s22_"},{"time":1.0667,"name":"s23_"}]},"s09_":{"color":[{"time":0.6667,"color":"ffffff00","curve":"stepped"},{"time":1.2667,"color":"ffffff00"},{"time":1.3667,"color":"ffffffff"},{"time":1.4333,"color":"ffffff00"}],"attachment":[{"time":0.6667,"name":"s09_"}]},"s10_":{"color":[{"time":0.6667,"color":"ffffff00","curve":"stepped"},{"time":1.3667,"color":"ffffff00"},{"time":1.4333,"color":"ffffffff"},{"time":1.5,"color":"ffffff00"}],"attachment":[{"time":0.6667,"name":"s10_"}]},"s11_":{"color":[{"time":0.6667,"color":"ffffff00","curve":"stepped"},{"time":1.4333,"color":"ffffff00"},{"time":1.5,"color":"ffffffff"},{"time":1.6,"color":"ffffff00"}],"attachment":[{"time":0.6667,"name":"s11_"}]},"s12_":{"color":[{"time":0.6667,"color":"ffffff00","curve":"stepped"},{"time":1.5,"color":"ffffff00"},{"time":1.6,"color":"ffffffff"},{"time":1.6667,"color":"ffffff00"}],"attachment":[{"time":0.6667,"name":"s12_"}]},"s13_":{"color":[{"time":0.6667,"color":"ffffff00","curve":"stepped"},{"time":1.6,"color":"ffffff00"},{"time":1.6667,"color":"ffffffff"},{"time":1.7333,"color":"ffffff00"}],"attachment":[{"time":0.6667,"name":"s13_"}]},"s14_":{"color":[{"time":0.6667,"color":"ffffff00","curve":"stepped"},{"time":1.6667,"color":"ffffff00"},{"time":1.7333,"color":"ffffffff"},{"time":1.8333,"color":"ffffff00"}],"attachment":[{"time":0.6667,"name":"s14_"}]},"s15_":{"color":[{"time":0.6667,"color":"ffffff00","curve":"stepped"},{"time":1.7333,"color":"ffffff00"},{"time":1.8333,"color":"ffffffff"},{"time":1.9,"color":"ffffff00"}],"attachment":[{"time":0.6667,"name":"s15_"}]},"s16_":{"color":[{"time":0.6667,"color":"ffffff00","curve":"stepped"},{"time":1.8333,"color":"ffffff00"},{"time":1.9,"color":"ffffffff"},{"time":1.9667,"color":"ffffff00"}],"attachment":[{"time":0.6667,"name":"s16_"}]},"s17_":{"color":[{"time":0.6667,"color":"ffffff00","curve":"stepped"},{"time":1.9,"color":"ffffff00"},{"time":1.9667,"color":"ffffffff"},{"time":2.0333,"color":"ffffff00"}],"attachment":[{"time":0.6667,"name":"s17_"}]},"s18_":{"color":[{"time":0.6667,"color":"ffffff00","curve":"stepped"},{"time":1.9667,"color":"ffffff00"},{"time":2.0333,"color":"ffffffff"},{"time":2.1333,"color":"ffffff00"}],"attachment":[{"time":0.6667,"name":"s18_"}]},"s19_":{"color":[{"time":0.6667,"color":"ffffff00","curve":"stepped"},{"time":2.0333,"color":"ffffff00"},{"time":2.1333,"color":"ffffffff"},{"time":2.2,"color":"ffffff00"}],"attachment":[{"time":0.6667,"name":"s19_"}]},"s20_":{"color":[{"time":0.6667,"color":"ffffff00","curve":"stepped"},{"time":2.1333,"color":"ffffff00"},{"time":2.2,"color":"ffffffff"},{"time":2.2667,"color":"ffffff00"}],"attachment":[{"time":0.6667,"name":"s20_"}]},"s21_":{"color":[{"time":0.6667,"color":"ffffff00","curve":"stepped"},{"time":2.2,"color":"ffffff00"},{"time":2.2667,"color":"ffffffff"},{"time":2.3667,"color":"ffffff00"}],"attachment":[{"time":0.6667,"name":"s21_"}]},"s22_":{"color":[{"time":0.6667,"color":"ffffff00","curve":"stepped"},{"time":2.2667,"color":"ffffff00"},{"time":2.3667,"color":"ffffffff"},{"time":2.4333,"color":"ffffff00"}],"attachment":[{"time":0.6667,"name":"s22_"}]},"s23_":{"color":[{"time":0.6667,"color":"ffffff00","curve":"stepped"},{"time":2.3667,"color":"ffffff00"},{"time":2.4333,"color":"ffffffff"},{"time":2.5,"color":"ffffff00"}],"attachment":[{"time":0.6667,"name":"s23_"}]},"sheguang_":{"color":[{"time":0,"color":"ffffff00"},{"time":1.3333,"color":"ffffffb0"},{"time":3.6333,"color":"ffffff00"}],"attachment":[{"time":0,"name":"sheguang_"}]},"shu_a1_":{"color":[{"time":0,"color":"4f351300"},{"time":0.9333,"color":"6b8f20ff"},{"time":1.8667,"color":"4f351300"}],"attachment":[{"time":0,"name":"shu_a1_"}]},"shu_a2_":{"color":[{"time":0,"color":"4f351300","curve":"stepped"},{"time":0.5667,"color":"4f351300"},{"time":1.5,"color":"6b8f20ff"},{"time":2.4333,"color":"4f351300"}],"attachment":[{"time":0,"name":"shu_a2_"}]},"shu_b1_":{"color":[{"time":0,"color":"4f351300","curve":"stepped"},{"time":0.5,"color":"4f351300"},{"time":1.5,"color":"23c0cdff"},{"time":2.5,"color":"4f351300"}],"attachment":[{"time":0,"name":"shu_b1_"}]},"shu_b2_":{"color":[{"time":0,"color":"4f351300","curve":"stepped"},{"time":1.1333,"color":"4f351300"},{"time":2.1333,"color":"8fc818ff"},{"time":3.1333,"color":"4f351300"}],"attachment":[{"time":0,"name":"shu_b2_"}]},"shu_c1_":{"color":[{"time":0,"color":"4f351300","curve":"stepped"},{"time":0.1333,"color":"4f351300"},{"time":1.2333,"color":"34cd23ff"},{"time":2.3333,"color":"4f351300"}],"attachment":[{"time":0,"name":"shu_c1_"}]},"shu_c2_":{"color":[{"time":0,"color":"4f351300","curve":"stepped"},{"time":0.7667,"color":"4f351300"},{"time":1.8667,"color":"23c0cdff"},{"time":2.9667,"color":"4f351300"}],"attachment":[{"time":0,"name":"shu_c2_"}]},"yan_lan_add_":{"color":[{"time":0,"color":"006b5078"},{"time":1.6667,"color":"0084ffd4"},{"time":3.6667,"color":"006b5078"}]},"yan_lv_":{"color":[{"time":0,"color":"007e8f99"},{"time":1.6667,"color":"ffffffff"},{"time":3.6667,"color":"007e8f99"}]}},"bones":{"kulou":{"rotate":[{"time":0.6667,"angle":0},{"time":0.7667,"angle":1.68},{"time":0.8667,"angle":-1.75},{"time":0.9667,"angle":0.32},{"time":1.0667,"angle":-0.55},{"time":1.1667,"angle":0}],"translate":[{"time":0.6667,"x":0,"y":0},{"time":0.7333,"x":-0.02,"y":1.18},{"time":0.8,"x":0,"y":0}]},"s1":{"translate":[{"time":0.6667,"x":0,"y":0},{"time":2.5,"x":-1.09,"y":23.71}]},"guagnqiu_3":{"translate":[{"time":0,"x":16.5,"y":0},{"time":1.4667,"x":-1.05,"y":-5.97}],"scale":[{"time":0,"x":1,"y":1},{"time":1.4667,"x":1,"y":0.6}]},"s4":{"rotate":[{"time":1.1333,"angle":19.9}],"translate":[{"time":1.1333,"x":-4.76,"y":12.56}]},"s5":{"translate":[{"time":0.1667,"x":-4.76,"y":12.56}],"shear":[{"time":0.1667,"x":0,"y":20.25}]},"guagnqiu_4":{"translate":[{"time":1.1333,"x":26.49,"y":19.63},{"time":2.5333,"x":13.28,"y":39.68}],"scale":[{"time":1.1333,"x":0.5,"y":0.5},{"time":2.5333,"x":0.945,"y":0.945}]},"s6":{"rotate":[{"time":0,"angle":-40.43,"curve":"stepped"},{"time":0.7667,"angle":-40.43,"curve":[0.236,0.7,0.88,0.59]},{"time":2.4,"angle":39.16}],"translate":[{"time":0,"x":-11.35,"y":21.51,"curve":"stepped"},{"time":0.7667,"x":-11.35,"y":21.51,"curve":[0.236,0.7,0.88,0.59]},{"time":2.4,"x":-10.31,"y":1.19}],"scale":[{"time":2.4,"x":1,"y":1},{"time":3.1667,"x":1,"y":0.952}],"shear":[{"time":0,"x":0,"y":5.13,"curve":"stepped"},{"time":2.3667,"x":0,"y":5.13,"curve":[0.236,0.7,0.88,0.59]},{"time":2.4,"x":23.91,"y":10.86}]},"s7":{"rotate":[{"time":0.7667,"angle":34.52}],"translate":[{"time":0.7667,"x":-4.78,"y":-3.81}],"scale":[{"time":0.7667,"x":0.961,"y":0.961}]},"s8":{"rotate":[{"time":1.4667,"angle":-28.02}],"translate":[{"time":1.4667,"x":6.38,"y":-9.38}]},"guagnqiu_5":{"translate":[{"time":0.8333,"x":92.01,"y":-88.27,"curve":[0.272,0.17,0.893,0.81]},{"time":3.6667,"x":92.01,"y":-69.16}],"scale":[{"time":0.8333,"x":1.91,"y":1.91}]},"s9":{"rotate":[{"time":0.1667,"angle":-28.02}],"translate":[{"time":0.1667,"x":-2.5,"y":45.38}]},"guagnqiu_6":{"translate":[{"time":0,"x":-5.09,"y":-2.54},{"time":2.8,"x":14.02,"y":14.15}]},"shine":{"scale":[{"time":0,"x":0.691,"y":0.691}]}}},"atk":{"slots":{"duqi1_":{"color":[{"time":0.2333,"color":"0044ff00"},{"time":0.8,"color":"ffffffff"},{"time":1.5667,"color":"ffffff00"}],"attachment":[{"time":0.2333,"name":"duqi1_"}]},"duqi2_":{"color":[{"time":0.4,"color":"ffffff00"},{"time":0.6667,"color":"ffffff90"},{"time":1.7,"color":"ffffff00"}],"attachment":[{"time":0.4,"name":"duqi2_"}]},"guagnqiu_1":{"color":[{"time":0,"color":"002b9e00"},{"time":0.2667,"color":"002c9eff"},{"time":0.8333,"color":"4950ff6a"},{"time":2.1667,"color":"002b9e00"}],"attachment":[{"time":0,"name":"guagnqiu_"}]},"guagnqiu_2":{"color":[{"time":0,"color":"00688400"},{"time":0.2333,"color":"24d2ff38"},{"time":2.6667,"color":"00688400"}],"attachment":[{"time":0,"name":"guagnqiu_"}]},"guagnqiu_3":{"color":[{"time":0,"color":"009fff00"},{"time":0.5667,"color":"009fff8f"},{"time":1.4667,"color":"009fff00"}]},"guagnqiu_4":{"color":[{"time":1.1333,"color":"00c1ff00"},{"time":1.7333,"color":"00c1ff80"},{"time":2.5333,"color":"00c1ff00"}],"attachment":[{"time":1.1333,"name":"guagnqiu_"}]},"guagnqiu_5":{"color":[{"time":0.8333,"color":"00d9ff00"},{"time":2.2667,"color":"00d9ff67"},{"time":3.6667,"color":"00d9ff00"}],"attachment":[{"time":0.8333,"name":"guagnqiu_"}]},"guagnqiu_6":{"color":[{"time":0,"color":"53a6ff00"},{"time":1.0667,"color":"54a6ff2e"},{"time":2.8,"color":"53a6ff00"}],"attachment":[{"time":0,"name":"guagnqiu_"}]},"guagnqiu_7":{"color":[{"time":0,"color":"0083ff00"},{"time":0.9333,"color":"0083ff63"},{"time":2.6667,"color":"0083ff00"}],"attachment":[{"time":0,"name":"guagnqiu_"}]},"guang_":{"color":[{"time":0,"color":"33d7ff95"},{"time":0.8667,"color":"37d9ffff"},{"time":2.6667,"color":"33d7ff95"}],"attachment":[{"time":0,"name":"guang_"}]},"liuguang1_":{"color":[{"time":0,"color":"ffffff00","curve":"stepped"},{"time":0.6333,"color":"ffffff00"},{"time":1.1,"color":"ffffff73"},{"time":1.6,"color":"ffffff00"}],"attachment":[{"time":0,"name":"liuguang1_"}]},"liuguang2_":{"color":[{"time":0,"color":"ffffff00","curve":"stepped"},{"time":0.9333,"color":"ffffff00"},{"time":1.4,"color":"ffffff2f"},{"time":1.9,"color":"ffffff00"}],"attachment":[{"time":0,"name":"liuguang2_"}]},"liuguang3_":{"color":[{"time":0,"color":"ffffff00","curve":"stepped"},{"time":1.2333,"color":"ffffff00"},{"time":1.7,"color":"ffffffff"},{"time":2.2,"color":"ffffff00"}],"attachment":[{"time":0,"name":"liuguang3_"}]},"liuguang4_":{"color":[{"time":0,"color":"ffffff00","curve":"stepped"},{"time":1.5,"color":"ffffff00"},{"time":2.1333,"color":"ffffffff"},{"time":2.8,"color":"ffffff00"}],"attachment":[{"time":0,"name":"liuguang4_"}]},"liuguang5_":{"color":[{"time":0,"color":"ffffff00","curve":"stepped"},{"time":1.9,"color":"ffffff00"},{"time":2.5667,"color":"ffffffc1"},{"time":3.5667,"color":"ffffff00"}],"attachment":[{"time":0,"name":"liuguang5_"}]},"lv_":{"color":[{"time":0,"color":"9ddeff47"},{"time":0.6667,"color":"4fedffff"},{"time":2.6667,"color":"9ddeff47"}],"attachment":[{"time":0,"name":"lv_"}]},"pen_":{"color":[{"time":1.1667,"color":"ffffffff"},{"time":1.8,"color":"ffffff00"}],"attachment":[{"time":0.2333,"name":"pen00_"},{"time":0.2667,"name":"pen01_"},{"time":0.3,"name":"pen02_"},{"time":0.3333,"name":"pen03_"},{"time":0.3667,"name":"pen04_"},{"time":0.4,"name":"pen05_"},{"time":0.4333,"name":"pen06_"},{"time":0.4667,"name":"pen07_"},{"time":0.5,"name":"pen08_"},{"time":0.5333,"name":"pen09_"},{"time":0.5667,"name":"pen10_"},{"time":0.6,"name":"pen11_"},{"time":0.6333,"name":"pen12_"},{"time":0.6667,"name":"pen13_"},{"time":0.7,"name":"pen14_"},{"time":0.7333,"name":"pen15_"},{"time":0.7667,"name":"pen16_"},{"time":0.8,"name":"pen17_"},{"time":0.8333,"name":"pen18_"},{"time":0.8667,"name":"pen19_"},{"time":0.9,"name":"pen20_"},{"time":0.9333,"name":"pen21_"},{"time":0.9667,"name":"pen22_"},{"time":1,"name":"pen23_"},{"time":1.0667,"name":"pen24_"},{"time":1.1333,"name":"pen25_"},{"time":1.2,"name":"pen26_"},{"time":1.2667,"name":"pen27_"},{"time":1.3333,"name":"pen28_"},{"time":1.4,"name":"pen29_"},{"time":1.4667,"name":"pen30_"},{"time":1.5333,"name":"pen31_"},{"time":1.6,"name":"pen32_"},{"time":1.6667,"name":"pen33_"},{"time":1.7333,"name":"pen34_"},{"time":1.8,"name":null}]},"s01_":{"color":[{"time":0.6667,"color":"ffffff00"},{"time":0.7333,"color":"ffffffff"},{"time":0.8333,"color":"ffffff00"}],"attachment":[{"time":0.6667,"name":"s01_"}]},"s02_":{"color":[{"time":0.6667,"color":"ffffff00","curve":"stepped"},{"time":0.7333,"color":"ffffff00"},{"time":0.8333,"color":"ffffffff"},{"time":0.9,"color":"ffffff00"}],"attachment":[{"time":0.6667,"name":"s02_"}]},"s03_":{"color":[{"time":0.6667,"color":"ffffff00","curve":"stepped"},{"time":0.8333,"color":"ffffff00"},{"time":0.9,"color":"ffffffff"},{"time":0.9667,"color":"ffffff00"}],"attachment":[{"time":0.6667,"name":"s03_"}]},"s4":{"color":[{"time":1.1333,"color":"00c8ff00"},{"time":1.4667,"color":"ffffffff"},{"time":1.9,"color":"ffffff00"}],"attachment":[{"time":1.1333,"name":"s01_"},{"time":1.1667,"name":"s02_"},{"time":1.2,"name":"s03_"},{"time":1.2333,"name":"s04_"},{"time":1.3,"name":"s05_"},{"time":1.3333,"name":"s06_"},{"time":1.3667,"name":"s07_"},{"time":1.4,"name":"s08_"},{"time":1.4333,"name":"s09_"},{"time":1.5,"name":"s10_"},{"time":1.5667,"name":"s11_"},{"time":1.6,"name":"s12_"},{"time":1.6333,"name":"s13_"},{"time":1.6667,"name":"s14_"},{"time":1.7,"name":"s15_"},{"time":1.7333,"name":"s16_"},{"time":1.8,"name":"s17_"},{"time":1.8333,"name":"s18_"},{"time":1.8667,"name":"s19_"},{"time":1.9,"name":"s20_"},{"time":1.9333,"name":"s21_"},{"time":1.9667,"name":"s22_"},{"time":2,"name":"s23_"},{"time":2.0333,"name":null}]},"s04_":{"color":[{"time":0.6667,"color":"ffffff00","curve":"stepped"},{"time":0.9,"color":"ffffff00"},{"time":0.9667,"color":"ffffffff"},{"time":1.0667,"color":"ffffff00"}],"attachment":[{"time":0.6667,"name":"s04_"}]},"s5":{"color":[{"time":0.1667,"color":"00c8ff00"},{"time":0.5,"color":"008fffff"},{"time":0.9333,"color":"ffffff00"}],"attachment":[{"time":0.1667,"name":"s01_"},{"time":0.2,"name":"s02_"},{"time":0.2333,"name":"s03_"},{"time":0.2667,"name":"s04_"},{"time":0.3333,"name":"s05_"},{"time":0.3667,"name":"s06_"},{"time":0.4,"name":"s07_"},{"time":0.4333,"name":"s08_"},{"time":0.4667,"name":"s09_"},{"time":0.5333,"name":"s10_"},{"time":0.6,"name":"s11_"},{"time":0.6333,"name":"s12_"},{"time":0.6667,"name":"s13_"},{"time":0.7,"name":"s14_"},{"time":0.7333,"name":"s15_"},{"time":0.7667,"name":"s16_"},{"time":0.8333,"name":"s17_"},{"time":0.8667,"name":"s18_"},{"time":0.9,"name":"s19_"},{"time":0.9333,"name":"s20_"},{"time":0.9667,"name":"s21_"},{"time":1,"name":"s22_"},{"time":1.0333,"name":"s23_"},{"time":1.0667,"name":null}]},"s05_":{"color":[{"time":0.6667,"color":"ffffff00","curve":"stepped"},{"time":0.9667,"color":"ffffff00"},{"time":1.0667,"color":"ffffffff"},{"time":1.1333,"color":"ffffff00"}],"attachment":[{"time":0.6667,"name":"s05_"}]},"s6":{"color":[{"time":0,"color":"00c8ff00"},{"time":0.3333,"color":"ffffffff"},{"time":0.7667,"color":"ffffff00","curve":[0.236,0.7,0.88,0.59]},{"time":2.4,"color":"00c8ff00"},{"time":2.7333,"color":"ffffffff"},{"time":3.1667,"color":"ffffff00"}],"attachment":[{"time":0,"name":"s01_"},{"time":0.0333,"name":"s02_"},{"time":0.0667,"name":"s03_"},{"time":0.1,"name":"s04_"},{"time":0.1333,"name":"s05_"},{"time":0.1667,"name":"s06_"},{"time":0.2,"name":"s07_"},{"time":0.2333,"name":"s08_"},{"time":0.2667,"name":"s09_"},{"time":0.3,"name":"s10_"},{"time":0.3333,"name":"s11_"},{"time":0.3667,"name":"s12_"},{"time":0.4,"name":"s13_"},{"time":0.4333,"name":"s14_"},{"time":0.4667,"name":"s15_"},{"time":0.5,"name":"s16_"},{"time":0.5333,"name":"s17_"},{"time":0.5667,"name":"s18_"},{"time":0.6,"name":"s19_"},{"time":0.6333,"name":"s20_"},{"time":0.6667,"name":"s21_"},{"time":0.7,"name":"s22_"},{"time":0.7333,"name":"s23_"},{"time":0.7667,"name":null},{"time":2.4,"name":"s01_"},{"time":2.4333,"name":"s02_"},{"time":2.4667,"name":"s03_"},{"time":2.5,"name":"s04_"},{"time":2.5333,"name":"s05_"},{"time":2.5667,"name":"s06_"},{"time":2.6,"name":"s07_"},{"time":2.6333,"name":"s08_"},{"time":2.6667,"name":"s09_"},{"time":2.7,"name":"s10_"},{"time":2.7333,"name":"s11_"},{"time":2.7667,"name":"s12_"},{"time":2.8,"name":"s13_"},{"time":2.8333,"name":"s14_"},{"time":2.8667,"name":"s15_"},{"time":2.9,"name":"s16_"},{"time":2.9333,"name":"s17_"},{"time":2.9667,"name":"s18_"},{"time":3,"name":"s19_"},{"time":3.0333,"name":"s20_"},{"time":3.0667,"name":"s21_"},{"time":3.1,"name":"s22_"},{"time":3.1333,"name":"s23_"},{"time":3.1667,"name":null}]},"s06_":{"color":[{"time":0.6667,"color":"ffffff00","curve":"stepped"},{"time":1.0667,"color":"ffffff00"},{"time":1.1333,"color":"ffffffff"},{"time":1.2,"color":"ffffff00"}],"attachment":[{"time":0.6667,"name":"s06_"}]},"s7":{"color":[{"time":0.7667,"color":"00c8ff00"},{"time":1.1,"color":"ffffffff"},{"time":1.5333,"color":"ffffff00"}],"attachment":[{"time":0.7667,"name":"s01_"},{"time":0.8,"name":"s02_"},{"time":0.8333,"name":"s03_"},{"time":0.8667,"name":"s04_"},{"time":0.9333,"name":"s05_"},{"time":0.9667,"name":"s06_"},{"time":1,"name":"s07_"},{"time":1.0333,"name":"s08_"},{"time":1.0667,"name":"s09_"},{"time":1.1333,"name":"s10_"},{"time":1.2,"name":"s11_"},{"time":1.2333,"name":"s12_"},{"time":1.2667,"name":"s13_"},{"time":1.3,"name":"s14_"},{"time":1.3333,"name":"s15_"},{"time":1.3667,"name":"s16_"},{"time":1.4333,"name":"s17_"},{"time":1.4667,"name":"s18_"},{"time":1.5,"name":"s19_"},{"time":1.5333,"name":"s20_"},{"time":1.5667,"name":"s21_"},{"time":1.6,"name":"s22_"},{"time":1.6333,"name":"s23_"},{"time":1.6667,"name":null}]},"s07_":{"color":[{"time":0.6667,"color":"ffffff00","curve":"stepped"},{"time":1.1333,"color":"ffffff00"},{"time":1.2,"color":"ffffffff"},{"time":1.2667,"color":"ffffff00"}],"attachment":[{"time":0.6667,"name":"s07_"}]},"s8":{"color":[{"time":1.4667,"color":"00c8ff00"},{"time":1.8667,"color":"ffffffff"},{"time":2.2333,"color":"ffffff00"}],"attachment":[{"time":1.4667,"name":"s01_"},{"time":1.5,"name":"s02_"},{"time":1.5333,"name":"s03_"},{"time":1.5667,"name":"s04_"},{"time":1.6333,"name":"s05_"},{"time":1.6667,"name":"s06_"},{"time":1.7,"name":"s07_"},{"time":1.7333,"name":"s08_"},{"time":1.7667,"name":"s09_"},{"time":1.8,"name":"s10_"},{"time":1.8667,"name":"s11_"},{"time":1.9,"name":"s12_"},{"time":1.9333,"name":"s13_"},{"time":1.9667,"name":"s14_"},{"time":2,"name":"s15_"},{"time":2.0333,"name":"s16_"},{"time":2.1,"name":"s17_"},{"time":2.1333,"name":"s18_"},{"time":2.1667,"name":"s19_"},{"time":2.2,"name":"s20_"},{"time":2.2333,"name":"s21_"},{"time":2.2667,"name":"s22_"},{"time":2.3,"name":"s23_"},{"time":2.3333,"name":null}]},"s08_":{"color":[{"time":0.6667,"color":"ffffff00","curve":"stepped"},{"time":1.2,"color":"ffffff00"},{"time":1.2667,"color":"ffffffff"},{"time":1.3667,"color":"ffffff00"}],"attachment":[{"time":0.6667,"name":"s08_"}]},"s9":{"color":[{"time":0.1667,"color":"00c8ff00"},{"time":0.6,"color":"00d9ffff"},{"time":1.0667,"color":"ffffff00"}],"attachment":[{"time":0.1667,"name":"s01_"},{"time":0.2,"name":"s02_"},{"time":0.2667,"name":"s03_"},{"time":0.3,"name":"s04_"},{"time":0.3333,"name":"s05_"},{"time":0.3667,"name":"s06_"},{"time":0.4333,"name":"s07_"},{"time":0.4667,"name":"s08_"},{"time":0.5,"name":"s09_"},{"time":0.5667,"name":"s10_"},{"time":0.6,"name":"s11_"},{"time":0.6333,"name":"s12_"},{"time":0.6667,"name":"s13_"},{"time":0.7333,"name":"s14_"},{"time":0.8,"name":"s15_"},{"time":0.8333,"name":"s16_"},{"time":0.8667,"name":"s17_"},{"time":0.9,"name":"s18_"},{"time":0.9333,"name":"s19_"},{"time":0.9667,"name":"s20_"},{"time":1,"name":"s21_"},{"time":1.0333,"name":"s22_"},{"time":1.0667,"name":"s23_"}]},"s09_":{"color":[{"time":0.6667,"color":"ffffff00","curve":"stepped"},{"time":1.2667,"color":"ffffff00"},{"time":1.3667,"color":"ffffffff"},{"time":1.4333,"color":"ffffff00"}],"attachment":[{"time":0.6667,"name":"s09_"}]},"s10_":{"color":[{"time":0.6667,"color":"ffffff00","curve":"stepped"},{"time":1.3667,"color":"ffffff00"},{"time":1.4333,"color":"ffffffff"},{"time":1.5,"color":"ffffff00"}],"attachment":[{"time":0.6667,"name":"s10_"}]},"s11_":{"color":[{"time":0.6667,"color":"ffffff00","curve":"stepped"},{"time":1.4333,"color":"ffffff00"},{"time":1.5,"color":"ffffffff"},{"time":1.6,"color":"ffffff00"}],"attachment":[{"time":0.6667,"name":"s11_"}]},"s12_":{"color":[{"time":0.6667,"color":"ffffff00","curve":"stepped"},{"time":1.5,"color":"ffffff00"},{"time":1.6,"color":"ffffffff"},{"time":1.6667,"color":"ffffff00"}],"attachment":[{"time":0.6667,"name":"s12_"}]},"s13_":{"color":[{"time":0.6667,"color":"ffffff00","curve":"stepped"},{"time":1.6,"color":"ffffff00"},{"time":1.6667,"color":"ffffffff"},{"time":1.7333,"color":"ffffff00"}],"attachment":[{"time":0.6667,"name":"s13_"}]},"s14_":{"color":[{"time":0.6667,"color":"ffffff00","curve":"stepped"},{"time":1.6667,"color":"ffffff00"},{"time":1.7333,"color":"ffffffff"},{"time":1.8333,"color":"ffffff00"}],"attachment":[{"time":0.6667,"name":"s14_"}]},"s15_":{"color":[{"time":0.6667,"color":"ffffff00","curve":"stepped"},{"time":1.7333,"color":"ffffff00"},{"time":1.8333,"color":"ffffffff"},{"time":1.9,"color":"ffffff00"}],"attachment":[{"time":0.6667,"name":"s15_"}]},"s16_":{"color":[{"time":0.6667,"color":"ffffff00","curve":"stepped"},{"time":1.8333,"color":"ffffff00"},{"time":1.9,"color":"ffffffff"},{"time":1.9667,"color":"ffffff00"}],"attachment":[{"time":0.6667,"name":"s16_"}]},"s17_":{"color":[{"time":0.6667,"color":"ffffff00","curve":"stepped"},{"time":1.9,"color":"ffffff00"},{"time":1.9667,"color":"ffffffff"},{"time":2.0333,"color":"ffffff00"}],"attachment":[{"time":0.6667,"name":"s17_"}]},"s18_":{"color":[{"time":0.6667,"color":"ffffff00","curve":"stepped"},{"time":1.9667,"color":"ffffff00"},{"time":2.0333,"color":"ffffffff"},{"time":2.1333,"color":"ffffff00"}],"attachment":[{"time":0.6667,"name":"s18_"}]},"s19_":{"color":[{"time":0.6667,"color":"ffffff00","curve":"stepped"},{"time":2.0333,"color":"ffffff00"},{"time":2.1333,"color":"ffffffff"},{"time":2.2,"color":"ffffff00"}],"attachment":[{"time":0.6667,"name":"s19_"}]},"s20_":{"color":[{"time":0.6667,"color":"ffffff00","curve":"stepped"},{"time":2.1333,"color":"ffffff00"},{"time":2.2,"color":"ffffffff"},{"time":2.2667,"color":"ffffff00"}],"attachment":[{"time":0.6667,"name":"s20_"}]},"s21_":{"color":[{"time":0.6667,"color":"ffffff00","curve":"stepped"},{"time":2.2,"color":"ffffff00"},{"time":2.2667,"color":"ffffffff"},{"time":2.3667,"color":"ffffff00"}],"attachment":[{"time":0.6667,"name":"s21_"}]},"s22_":{"color":[{"time":0.6667,"color":"ffffff00","curve":"stepped"},{"time":2.2667,"color":"ffffff00"},{"time":2.3667,"color":"ffffffff"},{"time":2.4333,"color":"ffffff00"}],"attachment":[{"time":0.6667,"name":"s22_"}]},"s23_":{"color":[{"time":0.6667,"color":"ffffff00","curve":"stepped"},{"time":2.3667,"color":"ffffff00"},{"time":2.4333,"color":"ffffffff"},{"time":2.5,"color":"ffffff00"}],"attachment":[{"time":0.6667,"name":"s23_"}]},"sheguang_":{"color":[{"time":0,"color":"ffffff00","curve":"stepped"},{"time":0.3333,"color":"ffffff00"},{"time":1.4667,"color":"ffffffff"},{"time":3.0333,"color":"ffffff00"}],"attachment":[{"time":0,"name":"sheguang_"}]},"shu_a1_":{"color":[{"time":0,"color":"4f351300"},{"time":0.9333,"color":"6b8f20ff"},{"time":1.8667,"color":"4f351300"}],"attachment":[{"time":0,"name":"shu_a1_"}]},"shu_a2_":{"color":[{"time":0,"color":"4f351300","curve":"stepped"},{"time":0.5667,"color":"4f351300"},{"time":1.5,"color":"6b8f20ff"},{"time":2.4333,"color":"4f351300"}],"attachment":[{"time":0,"name":"shu_a2_"}]},"shu_b1_":{"color":[{"time":0,"color":"4f351300","curve":"stepped"},{"time":0.5,"color":"4f351300"},{"time":1.5,"color":"23c0cdff"},{"time":2.5,"color":"4f351300"}],"attachment":[{"time":0,"name":"shu_b1_"}]},"shu_b2_":{"color":[{"time":0,"color":"4f351300","curve":"stepped"},{"time":1.1333,"color":"4f351300"},{"time":2.1333,"color":"8fc818ff"},{"time":3.1333,"color":"4f351300"}],"attachment":[{"time":0,"name":"shu_b2_"}]},"shu_c1_":{"color":[{"time":0,"color":"4f351300","curve":"stepped"},{"time":0.1333,"color":"4f351300"},{"time":1.2333,"color":"34cd23ff"},{"time":2.3333,"color":"4f351300"}],"attachment":[{"time":0,"name":"shu_c1_"}]},"shu_c2_":{"color":[{"time":0,"color":"4f351300","curve":"stepped"},{"time":0.7667,"color":"4f351300"},{"time":1.8667,"color":"23c0cdff"},{"time":2.9667,"color":"4f351300"}],"attachment":[{"time":0,"name":"shu_c2_"}]},"taliang1_":{"color":[{"time":0,"color":"ffffff00","curve":"stepped"},{"time":1.0667,"color":"ffffff00"},{"time":1.8667,"color":"ffffffff"},{"time":2.6,"color":"ffffff00"}],"attachment":[{"time":0,"name":"taliang1_"}]},"taliang2_":{"color":[{"time":0,"color":"ffffff00","curve":"stepped"},{"time":1.6333,"color":"ffffff00"},{"time":2.6,"color":"ffffffff"},{"time":3.6667,"color":"ffffff00"}],"attachment":[{"time":0,"name":"taliang2_"}]},"yan_lan_add_":{"color":[{"time":0,"color":"006b5078"},{"time":0.1667,"color":"00a6ffab"},{"time":0.5,"color":"009fff33"},{"time":0.7667,"color":"00fff4ab"},{"time":2.9667,"color":"00546b78"},{"time":3.6667,"color":"006b5078"}]},"yan_lv_":{"color":[{"time":0,"color":"007e8f99"},{"time":0.1667,"color":"ffffffff"},{"time":0.5,"color":"00aaff92"},{"time":0.8333,"color":"ffffffff"},{"time":2.3667,"color":"007e8f99"}]}},"bones":{"kulou":{"rotate":[{"time":0,"angle":0},{"time":0.0667,"angle":0.61},{"time":0.1,"angle":-1.42},{"time":0.1333,"angle":0.61},{"time":0.1667,"angle":0,"curve":"stepped"},{"time":0.3333,"angle":0},{"time":0.4333,"angle":1.68},{"time":0.5333,"angle":-1.75},{"time":0.6333,"angle":0.32},{"time":0.7333,"angle":-0.55},{"time":0.8333,"angle":0}],"translate":[{"time":0,"x":0,"y":0},{"time":0.1667,"x":0,"y":-1.49,"curve":[0,0.4,1,0.61]},{"time":0.3333,"x":0,"y":11.42,"curve":[0,0.33,0.333,0.67]},{"time":0.4,"x":-1.1,"y":11.42},{"time":0.4667,"x":1.1,"y":10.31},{"time":0.5333,"x":-1.1,"y":11.42},{"time":0.6,"x":0,"y":11.42,"curve":"stepped"},{"time":1.6667,"x":0,"y":11.42,"curve":[0.231,0.2,0.847,0.74]},{"time":2.5,"x":0,"y":0}]},"duqi1_":{"translate":[{"time":0.2333,"x":-8.48,"y":3.67,"curve":[0.315,0.38,0.648,0.74]},{"time":1.5667,"x":0,"y":0}],"scale":[{"time":0.2333,"x":0.364,"y":0.384,"curve":[0.236,0.7,0.88,0.59]},{"time":1.5667,"x":1.085,"y":1.085}]},"duqi2":{"translate":[{"time":0.4,"x":-49.56,"y":28.32,"curve":[0.159,0.27,0.699,0.62]},{"time":1.7,"x":-35.28,"y":20.09}],"scale":[{"time":0.4,"x":1,"y":0.735,"curve":[0.159,0.27,0.699,0.62]},{"time":1.7,"x":1.362,"y":1.066}],"shear":[{"time":0.4,"x":0,"y":0,"curve":[0.159,0.27,0.699,0.62]},{"time":1.7,"x":1.03,"y":0.56}]},"s1":{"translate":[{"time":0.6667,"x":0,"y":0},{"time":2.5,"x":-1.09,"y":23.71}]},"guagnqiu_3":{"translate":[{"time":0,"x":16.5,"y":0},{"time":1.4667,"x":-1.05,"y":-5.97}],"scale":[{"time":0,"x":1,"y":1},{"time":1.4667,"x":1,"y":0.6}]},"s4":{"rotate":[{"time":1.1333,"angle":19.9}],"translate":[{"time":1.1333,"x":-4.76,"y":12.56}]},"s5":{"translate":[{"time":0.1667,"x":-4.76,"y":12.56}],"shear":[{"time":0.1667,"x":0,"y":20.25}]},"guagnqiu_4":{"translate":[{"time":1.1333,"x":26.49,"y":19.63},{"time":2.5333,"x":13.28,"y":39.68}],"scale":[{"time":1.1333,"x":0.5,"y":0.5},{"time":2.5333,"x":0.945,"y":0.945}]},"s6":{"rotate":[{"time":0,"angle":-40.43,"curve":"stepped"},{"time":0.7667,"angle":-40.43,"curve":[0.236,0.7,0.88,0.59]},{"time":2.4,"angle":39.16}],"translate":[{"time":0,"x":-11.35,"y":21.51,"curve":"stepped"},{"time":0.7667,"x":-11.35,"y":21.51,"curve":[0.236,0.7,0.88,0.59]},{"time":2.4,"x":-10.31,"y":1.19}],"scale":[{"time":2.4,"x":1,"y":1},{"time":3.1667,"x":1,"y":0.952}],"shear":[{"time":0,"x":0,"y":5.13,"curve":"stepped"},{"time":2.3667,"x":0,"y":5.13,"curve":[0.236,0.7,0.88,0.59]},{"time":2.4,"x":23.91,"y":10.86}]},"s7":{"rotate":[{"time":0.7667,"angle":34.52}],"translate":[{"time":0.7667,"x":-4.78,"y":-3.81}],"scale":[{"time":0.7667,"x":0.961,"y":0.961}]},"s8":{"rotate":[{"time":1.4667,"angle":-28.02}],"translate":[{"time":1.4667,"x":6.38,"y":-9.38}]},"guagnqiu_5":{"translate":[{"time":0.8333,"x":92.01,"y":-88.27,"curve":[0.272,0.17,0.893,0.81]},{"time":3.6667,"x":92.01,"y":-69.16}],"scale":[{"time":0.8333,"x":1.91,"y":1.91}]},"s9":{"rotate":[{"time":0.1667,"angle":-28.02}],"translate":[{"time":0.1667,"x":-2.5,"y":45.38}]},"guagnqiu_6":{"translate":[{"time":0,"x":-5.09,"y":-2.54},{"time":2.8,"x":14.02,"y":14.15}]},"taliang":{"translate":[{"time":0.7667,"x":0,"y":-0.75},{"time":3.6667,"x":0,"y":0}],"scale":[{"time":0.7667,"x":1,"y":0.985},{"time":3.6667,"x":1,"y":1}]},"shine":{"scale":[{"time":0,"x":0.773,"y":0.773,"curve":"stepped"},{"time":0.3333,"x":0.773,"y":0.773,"curve":[0.253,0.15,0.963,0.86]},{"time":3.0333,"x":1.082,"y":1.082}]},"lijuguang":{"translate":[{"time":0,"x":0,"y":-7.8,"curve":"stepped"},{"time":0.6333,"x":0,"y":-7.8},{"time":3.3333,"x":0,"y":2.54}]}}}}}