{
"skeleton": { "hash": "jfLk8VbjCS8Jp7RepKMaKqkxSYg", "spine": "2.1.27", "width": 0, "height": 0, "images": "" },
"bones": [
	{ "name": "root" },
	{ "name": "bone", "parent": "root", "length": 77.1, "x": 18.16, "y": -68.03, "rotation": 0.45 },
	{ "name": "dj1", "parent": "root", "length": 374.72, "rotation": 270 },
	{ "name": "dj2", "parent": "dj1", "length": 203.88, "x": 45.96, "y": -30.3, "rotation": -90 },
	{ "name": "gj", "parent": "dj1", "length": 134.31, "x": 72.14, "y": 21.77, "rotation": 90 }
],
"slots": [
	{ "name": "yz_0_2", "bone": "bone" },
	{ "name": "yz_0_", "bone": "root" },
	{ "name": "dj2_0014_", "bone": "dj2" },
	{ "name": "dj2_0014_1_", "bone": "dj2" },
	{ "name": "dj2_0014_2_", "bone": "dj2" },
	{ "name": "dj2_0014_3_", "bone": "dj2" },
	{ "name": "dj2_0014_4_", "bone": "dj2" },
	{ "name": "dj2_0014_5_", "bone": "dj2" },
	{ "name": "dj2_013_", "bone": "dj2" },
	{ "name": "dj2_013_1_", "bone": "dj2" },
	{ "name": "dj2_013_2_", "bone": "dj2" },
	{ "name": "dj2_013_3_", "bone": "dj2" },
	{ "name": "dj2_013_4_", "bone": "dj2" },
	{ "name": "dj2_013_5_", "bone": "dj2" },
	{ "name": "dj2_013_6_", "bone": "dj2" },
	{ "name": "dj2_012_", "bone": "dj2" },
	{ "name": "dj2_012_1_", "bone": "dj2" },
	{ "name": "dj2_012_2_", "bone": "dj2" },
	{ "name": "dj2_012_3_", "bone": "dj2" },
	{ "name": "dj2_012_4_", "bone": "dj2" },
	{ "name": "dj2_012_5_", "bone": "dj2" },
	{ "name": "dj2_011_", "bone": "dj2" },
	{ "name": "dj2_011_1_", "bone": "dj2" },
	{ "name": "dj2_011_2_", "bone": "dj2" },
	{ "name": "dj2_011_3_", "bone": "dj2" },
	{ "name": "dj2_011_4_", "bone": "dj2" },
	{ "name": "dj2_011_5_", "bone": "dj2" },
	{ "name": "dj2_010_", "bone": "dj2" },
	{ "name": "dj2_010_1_", "bone": "dj2" },
	{ "name": "dj2_010_2_", "bone": "dj2" },
	{ "name": "dj2_010_3_", "bone": "dj2" },
	{ "name": "dj2_010_4_", "bone": "dj2" },
	{ "name": "dj2_010_5_", "bone": "dj2" },
	{ "name": "dj2_010_6_", "bone": "dj2" },
	{ "name": "dj2_010_7_", "bone": "dj2" },
	{ "name": "dj2_010_8_", "bone": "dj2" },
	{ "name": "dj2_009_", "bone": "dj2" },
	{ "name": "dj2_009_1_", "bone": "dj2" },
	{ "name": "dj2_009_2_", "bone": "dj2" },
	{ "name": "dj2_009_3_", "bone": "dj2" },
	{ "name": "dj2_009_4_", "bone": "dj2" },
	{ "name": "dj2_009_5_", "bone": "dj2" },
	{ "name": "dj2_009_6_", "bone": "dj2" }
],
"skins": {
	"default": {
		"dj2_0014_": {
			"dj2_0014_": { "x": -428.97, "y": -273.47, "rotation": -180, "width": 153, "height": 305 }
		},
		"dj2_0014_1_": {
			"dj2_0014_1_": { "x": -284.47, "y": -393.97, "rotation": -180, "width": 136, "height": 692 }
		},
		"dj2_0014_2_": {
			"dj2_0014_2_": { "x": -128.47, "y": -497.97, "rotation": -180, "width": 176, "height": 952 }
		},
		"dj2_0014_3_": {
			"dj2_0014_3_": { "x": 27.52, "y": -505.47, "rotation": -180, "width": 136, "height": 905 }
		},
		"dj2_0014_4_": {
			"dj2_0014_4_": { "x": 141.52, "y": -349.47, "rotation": -180, "width": 92, "height": 639 }
		},
		"dj2_0014_5_": {
			"dj2_0014_5_": { "x": 299.02, "y": -412.47, "rotation": -180, "width": 223, "height": 623 }
		},
		"dj2_009_": {
			"dj2_009_": { "x": -294.97, "y": -289.47, "rotation": -180, "width": 49, "height": 95 }
		},
		"dj2_009_1_": {
			"dj2_009_1_": { "x": -336.97, "y": -777.47, "rotation": -180, "width": 133, "height": 533 }
		},
		"dj2_009_2_": {
			"dj2_009_2_": { "x": -213.47, "y": -654.97, "rotation": -180, "width": 114, "height": 868 }
		},
		"dj2_009_3_": {
			"dj2_009_3_": { "x": -82.97, "y": -641.47, "rotation": -180, "width": 147, "height": 1023 }
		},
		"dj2_009_4_": {
			"dj2_009_4_": { "x": 70.02, "y": -642.97, "rotation": -180, "width": 159, "height": 1016 }
		},
		"dj2_009_5_": {
			"dj2_009_5_": { "x": 198.52, "y": -688.47, "rotation": -180, "width": 98, "height": 491 }
		},
		"dj2_009_6_": {
			"dj2_009_6_": { "x": 330.52, "y": -682.47, "rotation": -180, "width": 166, "height": 511 }
		},
		"dj2_010_": {
			"dj2_010_": { "x": -345.97, "y": -704.97, "rotation": -180, "width": 61, "height": 170 }
		},
		"dj2_010_1_": {
			"dj2_010_1_": { "x": -369.47, "y": -909.47, "rotation": -180, "width": 108, "height": 197 }
		},
		"dj2_010_2_": {
			"dj2_010_2_": { "x": -270.47, "y": -783.97, "rotation": -180, "width": 90, "height": 584 }
		},
		"dj2_010_3_": {
			"dj2_010_3_": { "x": -288.97, "y": -343.97, "rotation": -180, "width": 127, "height": 180 }
		},
		"dj2_010_4_": {
			"dj2_010_4_": { "x": -169.97, "y": -639.97, "rotation": -180, "width": 111, "height": 952 }
		},
		"dj2_010_5_": {
			"dj2_010_5_": { "x": -48.47, "y": -671.97, "rotation": -180, "width": 132, "height": 1006 }
		},
		"dj2_010_6_": {
			"dj2_010_6_": { "x": 84.52, "y": -674.47, "rotation": -180, "width": 134, "height": 1011 }
		},
		"dj2_010_7_": {
			"dj2_010_7_": { "x": 203.02, "y": -682.97, "rotation": -180, "width": 103, "height": 484 }
		},
		"dj2_010_8_": {
			"dj2_010_8_": { "x": 350.02, "y": -633.47, "rotation": -180, "width": 191, "height": 449 }
		},
		"dj2_011_": {
			"dj2_011_": { "x": -328.97, "y": -806.47, "rotation": -180, "width": 199, "height": 571 }
		},
		"dj2_011_1_": {
			"dj2_011_1_": { "x": -303.47, "y": -346.97, "rotation": -180, "width": 148, "height": 186 }
		},
		"dj2_011_2_": {
			"dj2_011_2_": { "x": -159.97, "y": -657.97, "rotation": -180, "width": 139, "height": 924 }
		},
		"dj2_011_3_": {
			"dj2_011_3_": { "x": 14.02, "y": -682.47, "rotation": -180, "width": 209, "height": 1017 }
		},
		"dj2_011_4_": {
			"dj2_011_4_": { "x": 181.52, "y": -623.47, "rotation": -180, "width": 126, "height": 809 }
		},
		"dj2_011_5_": {
			"dj2_011_5_": { "x": 350.52, "y": -672.47, "rotation": -180, "width": 212, "height": 371 }
		},
		"dj2_012_": {
			"dj2_012_": { "x": -302.47, "y": -357.97, "rotation": -180, "width": 148, "height": 556 }
		},
		"dj2_012_1_": {
			"dj2_012_1_": { "x": -189.47, "y": -483.47, "rotation": -180, "width": 78, "height": 811 }
		},
		"dj2_012_2_": {
			"dj2_012_2_": { "x": -90.47, "y": -520.97, "rotation": -180, "width": 120, "height": 872 }
		},
		"dj2_012_3_": {
			"dj2_012_3_": { "x": 32.52, "y": -518.47, "rotation": -180, "width": 126, "height": 861 }
		},
		"dj2_012_4_": {
			"dj2_012_4_": { "x": 125.52, "y": -393.97, "rotation": -180, "width": 60, "height": 520 }
		},
		"dj2_012_5_": {
			"dj2_012_5_": { "x": 243.02, "y": -399.97, "rotation": -180, "width": 175, "height": 522 }
		},
		"dj2_013_": {
			"dj2_013_": { "x": -467.97, "y": -257.47, "rotation": -180, "width": 111, "height": 339 }
		},
		"dj2_013_1_": {
			"dj2_013_1_": { "x": -346.47, "y": -324.97, "rotation": -180, "width": 132, "height": 568 }
		},
		"dj2_013_2_": {
			"dj2_013_2_": { "x": -235.47, "y": -415.97, "rotation": -180, "width": 90, "height": 764 }
		},
		"dj2_013_3_": {
			"dj2_013_3_": { "x": -106.47, "y": -507.47, "rotation": -180, "width": 168, "height": 997 }
		},
		"dj2_013_4_": {
			"dj2_013_4_": { "x": 39.52, "y": -489.47, "rotation": -180, "width": 124, "height": 957 }
		},
		"dj2_013_5_": {
			"dj2_013_5_": { "x": 170.02, "y": -357.97, "rotation": -180, "width": 137, "height": 670 }
		},
		"dj2_013_6_": {
			"dj2_013_6_": { "x": 331.02, "y": -279.47, "rotation": -180, "width": 185, "height": 417 }
		},
		"yz_0_2": {
			"yz_0_": { "x": -1.29, "y": -0.12, "rotation": -0.45, "width": 85, "height": 85 }
		}
	}
},
"animations": {
	"dj": {
		"slots": {
			"dj2_0014_": {
				"attachment": [
					{ "time": 0, "name": null },
					{ "time": 8.0666, "name": "dj2_0014_" },
					{ "time": 8.1666, "name": null },
					{ "time": 8.2666, "name": null }
				]
			},
			"dj2_0014_1_": {
				"attachment": [
					{ "time": 0, "name": null },
					{ "time": 8.0666, "name": "dj2_0014_1_" },
					{ "time": 8.1666, "name": null },
					{ "time": 8.2666, "name": null }
				]
			},
			"dj2_0014_2_": {
				"attachment": [
					{ "time": 0, "name": null },
					{ "time": 8.0666, "name": "dj2_0014_2_" },
					{ "time": 8.1666, "name": null },
					{ "time": 8.2666, "name": null }
				]
			},
			"dj2_0014_3_": {
				"attachment": [
					{ "time": 0, "name": null },
					{ "time": 8.0666, "name": "dj2_0014_3_" },
					{ "time": 8.1666, "name": null },
					{ "time": 8.2666, "name": null }
				]
			},
			"dj2_0014_4_": {
				"attachment": [
					{ "time": 0, "name": null },
					{ "time": 8.0666, "name": "dj2_0014_4_" },
					{ "time": 8.1666, "name": null },
					{ "time": 8.2666, "name": null }
				]
			},
			"dj2_0014_5_": {
				"attachment": [
					{ "time": 0, "name": null },
					{ "time": 8.0666, "name": "dj2_0014_5_" },
					{ "time": 8.1666, "name": null },
					{ "time": 8.2666, "name": null }
				]
			},
			"dj2_009_": {
				"attachment": [
					{ "time": 0, "name": null },
					{ "time": 7.4333, "name": "dj2_009_" },
					{ "time": 7.5666, "name": null }
				]
			},
			"dj2_009_1_": {
				"attachment": [
					{ "time": 0, "name": null },
					{ "time": 7.4333, "name": "dj2_009_1_" },
					{ "time": 7.5666, "name": null }
				]
			},
			"dj2_009_2_": {
				"attachment": [
					{ "time": 0, "name": null },
					{ "time": 7.4333, "name": "dj2_009_2_" },
					{ "time": 7.5666, "name": null }
				]
			},
			"dj2_009_3_": {
				"attachment": [
					{ "time": 0, "name": null },
					{ "time": 7.4333, "name": "dj2_009_3_" },
					{ "time": 7.5666, "name": null }
				]
			},
			"dj2_009_4_": {
				"attachment": [
					{ "time": 0, "name": null },
					{ "time": 7.4333, "name": "dj2_009_4_" },
					{ "time": 7.5666, "name": null }
				]
			},
			"dj2_009_5_": {
				"attachment": [
					{ "time": 0, "name": null },
					{ "time": 7.4333, "name": "dj2_009_5_" },
					{ "time": 7.5666, "name": null }
				]
			},
			"dj2_009_6_": {
				"attachment": [
					{ "time": 0, "name": null },
					{ "time": 7.4333, "name": "dj2_009_6_" },
					{ "time": 7.5666, "name": null }
				]
			},
			"dj2_010_": {
				"attachment": [
					{ "time": 0, "name": null },
					{ "time": 7.5666, "name": "dj2_010_" },
					{ "time": 7.7, "name": null }
				]
			},
			"dj2_010_1_": {
				"attachment": [
					{ "time": 0, "name": null },
					{ "time": 7.5666, "name": "dj2_010_1_" },
					{ "time": 7.7, "name": null }
				]
			},
			"dj2_010_2_": {
				"attachment": [
					{ "time": 0, "name": null },
					{ "time": 7.5666, "name": "dj2_010_2_" },
					{ "time": 7.7, "name": null }
				]
			},
			"dj2_010_3_": {
				"attachment": [
					{ "time": 0, "name": null },
					{ "time": 7.5666, "name": "dj2_010_3_" },
					{ "time": 7.7, "name": null }
				]
			},
			"dj2_010_4_": {
				"attachment": [
					{ "time": 0, "name": null },
					{ "time": 7.5666, "name": "dj2_010_4_" },
					{ "time": 7.7, "name": null }
				]
			},
			"dj2_010_5_": {
				"attachment": [
					{ "time": 0, "name": null },
					{ "time": 7.5666, "name": "dj2_010_5_" },
					{ "time": 7.7, "name": null }
				]
			},
			"dj2_010_6_": {
				"attachment": [
					{ "time": 0, "name": null },
					{ "time": 7.5666, "name": "dj2_010_6_" },
					{ "time": 7.7, "name": null }
				]
			},
			"dj2_010_7_": {
				"attachment": [
					{ "time": 0, "name": null },
					{ "time": 7.5666, "name": "dj2_010_7_" },
					{ "time": 7.7, "name": null }
				]
			},
			"dj2_010_8_": {
				"attachment": [
					{ "time": 0, "name": null },
					{ "time": 7.5666, "name": "dj2_010_8_" },
					{ "time": 7.7, "name": null }
				]
			},
			"dj2_011_": {
				"attachment": [
					{ "time": 0, "name": null },
					{ "time": 7.7, "name": "dj2_011_" },
					{ "time": 7.8, "name": null }
				]
			},
			"dj2_011_1_": {
				"attachment": [
					{ "time": 0, "name": null },
					{ "time": 7.7, "name": "dj2_011_1_" },
					{ "time": 7.8, "name": null }
				]
			},
			"dj2_011_2_": {
				"attachment": [
					{ "time": 0, "name": null },
					{ "time": 7.7, "name": "dj2_011_2_" },
					{ "time": 7.8, "name": null }
				]
			},
			"dj2_011_3_": {
				"attachment": [
					{ "time": 0, "name": null },
					{ "time": 7.7, "name": "dj2_011_3_" },
					{ "time": 7.8, "name": null }
				]
			},
			"dj2_011_4_": {
				"attachment": [
					{ "time": 0, "name": null },
					{ "time": 7.7, "name": "dj2_011_4_" },
					{ "time": 7.8, "name": null }
				]
			},
			"dj2_011_5_": {
				"attachment": [
					{ "time": 0, "name": null },
					{ "time": 7.7, "name": "dj2_011_5_" },
					{ "time": 7.8, "name": null }
				]
			},
			"dj2_012_": {
				"attachment": [
					{ "time": 0, "name": null },
					{ "time": 7.8, "name": "dj2_012_" },
					{ "time": 7.9333, "name": null }
				]
			},
			"dj2_012_1_": {
				"attachment": [
					{ "time": 0, "name": null },
					{ "time": 7.8, "name": "dj2_012_1_" },
					{ "time": 7.9333, "name": null }
				]
			},
			"dj2_012_2_": {
				"attachment": [
					{ "time": 0, "name": null },
					{ "time": 7.8, "name": "dj2_012_2_" },
					{ "time": 7.9333, "name": null }
				]
			},
			"dj2_012_3_": {
				"attachment": [
					{ "time": 0, "name": null },
					{ "time": 7.8, "name": "dj2_012_3_" },
					{ "time": 7.9333, "name": null }
				]
			},
			"dj2_012_4_": {
				"attachment": [
					{ "time": 0, "name": null },
					{ "time": 7.8, "name": "dj2_012_4_" },
					{ "time": 7.9333, "name": null }
				]
			},
			"dj2_012_5_": {
				"attachment": [
					{ "time": 0, "name": null },
					{ "time": 7.8, "name": "dj2_012_5_" },
					{ "time": 7.9333, "name": null }
				]
			},
			"dj2_013_": {
				"attachment": [
					{ "time": 0, "name": null },
					{ "time": 7.9333, "name": "dj2_013_" },
					{ "time": 8.0666, "name": null }
				]
			},
			"dj2_013_1_": {
				"attachment": [
					{ "time": 0, "name": null },
					{ "time": 7.9333, "name": "dj2_013_1_" },
					{ "time": 8.0666, "name": null }
				]
			},
			"dj2_013_2_": {
				"attachment": [
					{ "time": 0, "name": null },
					{ "time": 7.9333, "name": "dj2_013_2_" },
					{ "time": 8.0666, "name": null }
				]
			},
			"dj2_013_3_": {
				"attachment": [
					{ "time": 0, "name": null },
					{ "time": 7.9333, "name": "dj2_013_3_" },
					{ "time": 8.0666, "name": null }
				]
			},
			"dj2_013_4_": {
				"attachment": [
					{ "time": 0, "name": null },
					{ "time": 7.9333, "name": "dj2_013_4_" },
					{ "time": 8.0666, "name": null }
				]
			},
			"dj2_013_5_": {
				"attachment": [
					{ "time": 0, "name": null },
					{ "time": 7.9333, "name": "dj2_013_5_" },
					{ "time": 8.0666, "name": null }
				]
			},
			"dj2_013_6_": {
				"attachment": [
					{ "time": 0, "name": null },
					{ "time": 7.9333, "name": "dj2_013_6_" },
					{ "time": 8.0666, "name": null }
				]
			},
			"yz_0_2": {
				"attachment": [
					{ "time": 0, "name": null },
					{ "time": 7.4333, "name": "yz_0_" },
					{ "time": 8.0666, "name": "yz_0_" },
					{ "time": 8.1666, "name": null },
					{ "time": 8.2666, "name": null }
				]
			}
		},
		"bones": {
			"dj1": {
				"rotate": [
					{ "time": 0, "angle": 0, "curve": "stepped" },
					{ "time": 8.2666, "angle": 0 }
				],
				"translate": [
					{ "time": 0, "x": 2.21, "y": -80.31, "curve": "stepped" },
					{ "time": 8.2666, "x": 2.21, "y": -80.31 }
				],
				"scale": [
					{ "time": 0, "x": 1, "y": 1, "curve": "stepped" },
					{ "time": 8.2666, "x": 1, "y": 1 }
				]
			},
			"dj2": {
				"translate": [
					{ "time": 8.2666, "x": 0, "y": 0 }
				]
			},
			"bone": {
				"rotate": [
					{ "time": 0, "angle": 7.5 }
				],
				"translate": [
					{ "time": 0, "x": -6.8, "y": 266.86 }
				],
				"scale": [
					{ "time": 0, "x": 2.308, "y": 1.664 }
				]
			}
		}
	}
}
}