{
"skeleton": { "hash": "QTcjYyolkMrvwCNkV57KikVAeW8", "spine": "2.1.27", "width": 0, "height": 0, "images": "" },
"bones": [
	{ "name": "root" },
	{ "name": "bone", "parent": "root", "length": 77.1, "x": 18.16, "y": -68.03, "rotation": 0.45 },
	{ "name": "dj1", "parent": "root", "length": 374.72, "rotation": 270 },
	{ "name": "dj2", "parent": "dj1", "length": 203.88, "x": 45.96, "y": -30.3, "rotation": -90 },
	{ "name": "gj", "parent": "dj1", "length": 134.31, "x": 72.14, "y": 21.77, "rotation": 90 }
],
"slots": [
	{ "name": "yz_0_2", "bone": "bone" },
	{ "name": "yz_0_", "bone": "root" },
	{ "name": "gj_012_", "bone": "gj" },
	{ "name": "gj_012_1_", "bone": "gj" },
	{ "name": "gj_012_2_", "bone": "gj" },
	{ "name": "gj_012_3_", "bone": "gj" },
	{ "name": "gj_012_4_", "bone": "gj" },
	{ "name": "gj_012_5_", "bone": "gj" },
	{ "name": "gj_011_", "bone": "gj" },
	{ "name": "gj_011_1_", "bone": "gj" },
	{ "name": "gj_011_2_", "bone": "gj" },
	{ "name": "gj_011_3_", "bone": "gj" },
	{ "name": "gj_011_4_", "bone": "gj" },
	{ "name": "gj_011_5_", "bone": "gj" },
	{ "name": "gj_011_6_", "bone": "gj" },
	{ "name": "gj_011_7_", "bone": "gj" },
	{ "name": "gj_010_", "bone": "gj" },
	{ "name": "gj_010_1_", "bone": "gj" },
	{ "name": "gj_010_2_", "bone": "gj" },
	{ "name": "gj_010_3_", "bone": "gj" },
	{ "name": "gj_010_4_", "bone": "gj" },
	{ "name": "gj_010_5_", "bone": "gj" },
	{ "name": "gj_009_", "bone": "gj" },
	{ "name": "gj_009_1_", "bone": "gj" },
	{ "name": "gj_009_2_", "bone": "gj" },
	{ "name": "gj_009_3_", "bone": "gj" },
	{ "name": "gj_009_4_", "bone": "gj" },
	{ "name": "gj_009_5_", "bone": "gj" },
	{ "name": "gj_009_6_", "bone": "gj" },
	{ "name": "gj_009_7_", "bone": "gj" },
	{ "name": "gj_008_", "bone": "gj" },
	{ "name": "gj_008_1_", "bone": "gj" },
	{ "name": "gj_008_2_", "bone": "gj" },
	{ "name": "gj_008_3_", "bone": "gj" },
	{ "name": "gj_008_4_", "bone": "gj" },
	{ "name": "gj_008_5_", "bone": "gj" },
	{ "name": "gj_008_6_", "bone": "gj" },
	{ "name": "gj_008_7_", "bone": "gj" },
	{ "name": "gj_008_8_", "bone": "gj" },
	{ "name": "gj_007_", "bone": "gj" },
	{ "name": "gj_007_1_", "bone": "gj" },
	{ "name": "gj_007_2_", "bone": "gj" },
	{ "name": "gj_007_3_", "bone": "gj" },
	{ "name": "gj_007_4_", "bone": "gj" },
	{ "name": "gj_007_5_", "bone": "gj" },
	{ "name": "gj_007_6_", "bone": "gj" },
	{ "name": "gj_007_7_", "bone": "gj" },
	{ "name": "gj_007_8_", "bone": "gj" },
	{ "name": "gj_006_", "bone": "gj" },
	{ "name": "gj_006_10_", "bone": "gj" },
	{ "name": "gj_006_9_", "bone": "gj" },
	{ "name": "gj_006_8_", "bone": "gj" },
	{ "name": "gj_006_7_", "bone": "gj" },
	{ "name": "gj_006_6_", "bone": "gj" },
	{ "name": "gj_006_5_", "bone": "gj" },
	{ "name": "gj_006_4_", "bone": "gj" },
	{ "name": "gj_006_3_", "bone": "gj" },
	{ "name": "gj_006_2_", "bone": "gj" },
	{ "name": "gj_006_1_", "bone": "gj" },
	{ "name": "gj_005_", "bone": "gj" },
	{ "name": "gj_005_1_", "bone": "gj" },
	{ "name": "gj_005_2_", "bone": "gj" },
	{ "name": "gj_005_3_", "bone": "gj" },
	{ "name": "gj_005_4_", "bone": "gj" },
	{ "name": "gj_005_5_", "bone": "gj" },
	{ "name": "gj_005_6_", "bone": "gj" },
	{ "name": "gj_005_7_", "bone": "gj" },
	{ "name": "gj_005_8_", "bone": "gj" },
	{ "name": "gj_004_", "bone": "gj" },
	{ "name": "gj_004_1_", "bone": "gj" },
	{ "name": "gj_004_2_", "bone": "gj" },
	{ "name": "gj_004_3_", "bone": "gj" },
	{ "name": "gj_004_4_", "bone": "gj" },
	{ "name": "gj_004_5_", "bone": "gj" },
	{ "name": "gj_004_6_", "bone": "gj" },
	{ "name": "gj_004_7_", "bone": "gj" },
	{ "name": "gj_004_8_", "bone": "gj" },
	{ "name": "gj_003_", "bone": "gj" },
	{ "name": "gj_003_1_", "bone": "gj" },
	{ "name": "gj_003_2_", "bone": "gj" },
	{ "name": "gj_003_3_", "bone": "gj" },
	{ "name": "gj_003_4_", "bone": "gj" },
	{ "name": "gj_003_5_", "bone": "gj" },
	{ "name": "gj_002_", "bone": "gj" },
	{ "name": "gj_002_1_", "bone": "gj" },
	{ "name": "gj_002_2_", "bone": "gj" },
	{ "name": "gj_002_3_", "bone": "gj" },
	{ "name": "gj_002_4_", "bone": "gj" },
	{ "name": "gj_002_5_", "bone": "gj" },
	{ "name": "gj_001_", "bone": "gj" },
	{ "name": "gj_001_1_", "bone": "gj" },
	{ "name": "gj_001_2_", "bone": "gj" },
	{ "name": "gj_001_3_", "bone": "gj" },
	{ "name": "gj_001_4_", "bone": "gj" }
],
"skins": {
	"default": {
		"gj_001_": {
			"gj_001_": { "x": 88.89, "y": 412.14, "width": 77, "height": 224 }
		},
		"gj_001_1_": {
			"gj_001_1_": { "x": 20.89, "y": 424.14, "width": 59, "height": 194 }
		},
		"gj_001_2_": {
			"gj_001_2_": { "x": -48.1, "y": 393.64, "width": 79, "height": 227 }
		},
		"gj_001_3_": {
			"gj_001_3_": { "x": -121.6, "y": 379.14, "width": 68, "height": 218 }
		},
		"gj_001_4_": {
			"gj_001_4_": { "x": -204.1, "y": 416.64, "width": 97, "height": 91 }
		},
		"gj_002_": {
			"gj_002_": { "x": 86.39, "y": 332.64, "width": 154, "height": 89 }
		},
		"gj_002_1_": {
			"gj_002_1_": { "x": -48.1, "y": 325.14, "width": 99, "height": 104 }
		},
		"gj_002_2_": {
			"gj_002_2_": { "x": -28.6, "y": 416.64, "width": 394, "height": 79 }
		},
		"gj_002_3_": {
			"gj_002_3_": { "x": -8.6, "y": 481.14, "width": 304, "height": 50 }
		},
		"gj_002_4_": {
			"gj_002_4_": { "x": -36.6, "y": 552.64, "width": 410, "height": 93 }
		},
		"gj_002_5_": {
			"gj_002_5_": { "x": -30.1, "y": 635.64, "width": 385, "height": 73 }
		},
		"gj_003_": {
			"gj_003_": { "x": 45.89, "y": 284.14, "width": 373, "height": 108 }
		},
		"gj_003_1_": {
			"gj_003_1_": { "x": 79.89, "y": 358.64, "width": 325, "height": 41 }
		},
		"gj_003_2_": {
			"gj_003_2_": { "x": 14.39, "y": 424.64, "width": 454, "height": 91 }
		},
		"gj_003_3_": {
			"gj_003_3_": { "x": 28.89, "y": 495.14, "width": 287, "height": 50 }
		},
		"gj_003_4_": {
			"gj_003_4_": { "x": -2.6, "y": 549.64, "width": 342, "height": 59 }
		},
		"gj_003_5_": {
			"gj_003_5_": { "x": -3.1, "y": 642.64, "width": 485, "height": 127 }
		},
		"gj_004_": {
			"gj_004_": { "x": 324.89, "y": 141.64, "width": 119, "height": 259 }
		},
		"gj_004_1_": {
			"gj_004_1_": { "x": 223.89, "y": 231.14, "width": 83, "height": 462 }
		},
		"gj_004_2_": {
			"gj_004_2_": { "x": 150.89, "y": 237.64, "width": 63, "height": 471 }
		},
		"gj_004_3_": {
			"gj_004_3_": { "x": 157.89, "y": 587.64, "width": 77, "height": 61 }
		},
		"gj_004_4_": {
			"gj_004_4_": { "x": 82.89, "y": 326.14, "width": 73, "height": 582 }
		},
		"gj_004_5_": {
			"gj_004_5_": { "x": 5.39, "y": 406.14, "width": 82, "height": 402 }
		},
		"gj_004_6_": {
			"gj_004_6_": { "x": -70.6, "y": 393.14, "width": 70, "height": 232 }
		},
		"gj_004_7_": {
			"gj_004_7_": { "x": -124.6, "y": 431.14, "width": 38, "height": 178 }
		},
		"gj_004_8_": {
			"gj_004_8_": { "x": -193.1, "y": 451.14, "width": 99, "height": 178 }
		},
		"gj_005_": {
			"gj_005_": { "x": 334.39, "y": 122.14, "width": 124, "height": 220 }
		},
		"gj_005_1_": {
			"gj_005_1_": { "x": 238.39, "y": 229.14, "width": 68, "height": 434 }
		},
		"gj_005_2_": {
			"gj_005_2_": { "x": 157.39, "y": 315.64, "width": 94, "height": 607 }
		},
		"gj_005_3_": {
			"gj_005_3_": { "x": 74.39, "y": 330.64, "width": 72, "height": 579 }
		},
		"gj_005_4_": {
			"gj_005_4_": { "x": 15.89, "y": 414.64, "width": 45, "height": 411 }
		},
		"gj_005_5_": {
			"gj_005_5_": { "x": -32.6, "y": 445.14, "width": 52, "height": 322 }
		},
		"gj_005_6_": {
			"gj_005_6_": { "x": -88.1, "y": 413.14, "width": 59, "height": 274 }
		},
		"gj_005_7_": {
			"gj_005_7_": { "x": -143.1, "y": 407.14, "width": 51, "height": 140 }
		},
		"gj_005_8_": {
			"gj_005_8_": { "x": -233.6, "y": 408.64, "width": 130, "height": 179 }
		},
		"gj_006_": {
			"gj_006_": { "x": 410.39, "y": 69.14, "width": 68, "height": 190 }
		},
		"gj_006_10_": {
			"gj_006_10_": { "x": 349.89, "y": 88.14, "width": 53, "height": 258 }
		},
		"gj_006_1_": {
			"gj_006_1_": { "x": -263.6, "y": 408.64, "width": 92, "height": 183 }
		},
		"gj_006_2_": {
			"gj_006_2_": { "x": -184.1, "y": 370.64, "width": 67, "height": 213 }
		},
		"gj_006_3_": {
			"gj_006_3_": { "x": -123.6, "y": 379.64, "width": 54, "height": 199 }
		},
		"gj_006_4_": {
			"gj_006_4_": { "x": -52.1, "y": 435.14, "width": 89, "height": 312 }
		},
		"gj_006_5_": {
			"gj_006_5_": { "x": 28.89, "y": 387.64, "width": 73, "height": 383 }
		},
		"gj_006_6_": {
			"gj_006_6_": { "x": 84.39, "y": 324.64, "width": 38, "height": 413 }
		},
		"gj_006_7_": {
			"gj_006_7_": { "x": 131.39, "y": 264.64, "width": 56, "height": 533 }
		},
		"gj_006_8_": {
			"gj_006_8_": { "x": 204.89, "y": 239.14, "width": 91, "height": 582 }
		},
		"gj_006_9_": {
			"gj_006_9_": { "x": 286.89, "y": 89.14, "width": 73, "height": 286 }
		},
		"gj_007_": {
			"gj_007_": { "x": 374.89, "y": 65.64, "width": 143, "height": 213 }
		},
		"gj_007_1_": {
			"gj_007_1_": { "x": 201.89, "y": 102.14, "width": 203, "height": 286 }
		},
		"gj_007_2_": {
			"gj_007_2_": { "x": 113.89, "y": 292.14, "width": 181, "height": 94 }
		},
		"gj_007_3_": {
			"gj_007_3_": { "x": 80.89, "y": 443.64, "width": 173, "height": 209 }
		},
		"gj_007_4_": {
			"gj_007_4_": { "x": -21.1, "y": 423.14, "width": 31, "height": 254 }
		},
		"gj_007_5_": {
			"gj_007_5_": { "x": -74.1, "y": 378.14, "width": 75, "height": 260 }
		},
		"gj_007_6_": {
			"gj_007_6_": { "x": -139.6, "y": 354.64, "width": 56, "height": 249 }
		},
		"gj_007_7_": {
			"gj_007_7_": { "x": -190.6, "y": 389.64, "width": 46, "height": 173 }
		},
		"gj_007_8_": {
			"gj_007_8_": { "x": -243.6, "y": 394.64, "width": 60, "height": 145 }
		},
		"gj_008_": {
			"gj_008_": { "x": 413.89, "y": 67.14, "width": 85, "height": 194 }
		},
		"gj_008_1_": {
			"gj_008_1_": { "x": 339.89, "y": 70.64, "width": 63, "height": 223 }
		},
		"gj_008_2_": {
			"gj_008_2_": { "x": 261.89, "y": 105.14, "width": 93, "height": 292 }
		},
		"gj_008_3_": {
			"gj_008_3_": { "x": 159.89, "y": 87.64, "width": 111, "height": 247 }
		},
		"gj_008_4_": {
			"gj_008_4_": { "x": -82.6, "y": 256.14, "width": 94, "height": 46 }
		},
		"gj_008_5_": {
			"gj_008_5_": { "x": -85.1, "y": 316.64, "width": 393, "height": 75 }
		},
		"gj_008_6_": {
			"gj_008_6_": { "x": -54.1, "y": 390.14, "width": 453, "height": 72 }
		},
		"gj_008_7_": {
			"gj_008_7_": { "x": -45.1, "y": 457.64, "width": 435, "height": 63 }
		},
		"gj_008_8_": {
			"gj_008_8_": { "x": 14.89, "y": 515.14, "width": 263, "height": 52 }
		},
		"gj_009_": {
			"gj_009_": { "x": 340.89, "y": 17.14, "width": 361, "height": 182 }
		},
		"gj_009_1_": {
			"gj_009_1_": { "x": 306.39, "y": 166.14, "width": 364, "height": 116 }
		},
		"gj_009_2_": {
			"gj_009_2_": { "x": 146.89, "y": 265.14, "width": 213, "height": 82 }
		},
		"gj_009_3_": {
			"gj_009_3_": { "x": -68.1, "y": 286.14, "width": 61, "height": 40 }
		},
		"gj_009_4_": {
			"gj_009_4_": { "x": -63.1, "y": 369.14, "width": 497, "height": 126 }
		},
		"gj_009_5_": {
			"gj_009_5_": { "x": -72.1, "y": 466.14, "width": 357, "height": 68 }
		},
		"gj_009_6_": {
			"gj_009_6_": { "x": 17.39, "y": 514.14, "width": 176, "height": 28 }
		},
		"gj_009_7_": {
			"gj_009_7_": { "x": 22.39, "y": 584.14, "width": 248, "height": 112 }
		},
		"gj_010_": {
			"gj_010_": { "x": 314.39, "y": 82.14, "width": 418, "height": 290 }
		},
		"gj_010_1_": {
			"gj_010_1_": { "x": 137.89, "y": 275.14, "width": 241, "height": 96 }
		},
		"gj_010_2_": {
			"gj_010_2_": { "x": -77.1, "y": 299.64, "width": 79, "height": 47 }
		},
		"gj_010_3_": {
			"gj_010_3_": { "x": -57.1, "y": 398.64, "width": 455, "height": 151 }
		},
		"gj_010_4_": {
			"gj_010_4_": { "x": -58.1, "y": 508.14, "width": 329, "height": 68 }
		},
		"gj_010_5_": {
			"gj_010_5_": { "x": 26.39, "y": 610.64, "width": 212, "height": 137 }
		},
		"gj_011_": {
			"gj_011_": { "x": 487.39, "y": 80.14, "width": 74, "height": 114 }
		},
		"gj_011_1_": {
			"gj_011_1_": { "x": 418.89, "y": 69.14, "width": 63, "height": 150 }
		},
		"gj_011_2_": {
			"gj_011_2_": { "x": 339.39, "y": 100.64, "width": 96, "height": 249 }
		},
		"gj_011_3_": {
			"gj_011_3_": { "x": 235.89, "y": 87.64, "width": 111, "height": 171 }
		},
		"gj_011_4_": {
			"gj_011_4_": { "x": 61.89, "y": 486.64, "width": 141, "height": 379 }
		},
		"gj_011_5_": {
			"gj_011_5_": { "x": -49.6, "y": 439.64, "width": 82, "height": 321 }
		},
		"gj_011_6_": {
			"gj_011_6_": { "x": -126.6, "y": 393.64, "width": 72, "height": 207 }
		},
		"gj_011_7_": {
			"gj_011_7_": { "x": -237.6, "y": 407.14, "width": 150, "height": 168 }
		},
		"gj_012_": {
			"gj_012_": { "x": 411.89, "y": 53.14, "width": 169, "height": 150 }
		},
		"gj_012_1_": {
			"gj_012_1_": { "x": 276.89, "y": 80.64, "width": 101, "height": 161 }
		},
		"gj_012_2_": {
			"gj_012_2_": { "x": 70.39, "y": 458.64, "width": 124, "height": 323 }
		},
		"gj_012_3_": {
			"gj_012_3_": { "x": -32.1, "y": 421.64, "width": 81, "height": 287 }
		},
		"gj_012_4_": {
			"gj_012_4_": { "x": -123.1, "y": 423.64, "width": 101, "height": 293 }
		},
		"gj_012_5_": {
			"gj_012_5_": { "x": -256.6, "y": 416.64, "width": 166, "height": 149 }
		},
		"yz_0_2": {
			"yz_0_": { "x": -1.29, "y": -0.12, "rotation": -0.45, "width": 85, "height": 85 }
		}
	}
},
"animations": {
	"gj": {
		"slots": {
			"gj_001_": {
				"attachment": [
					{ "time": 0, "name": "gj_001_" },
					{ "time": 0.1333, "name": null },
					{ "time": 1.6666, "name": "gj_001_" }
				]
			},
			"gj_001_1_": {
				"attachment": [
					{ "time": 0, "name": "gj_001_1_" },
					{ "time": 0.1333, "name": null },
					{ "time": 1.6666, "name": "gj_001_1_" }
				]
			},
			"gj_001_2_": {
				"attachment": [
					{ "time": 0, "name": "gj_001_2_" },
					{ "time": 0.1333, "name": null },
					{ "time": 1.6666, "name": "gj_001_2_" }
				]
			},
			"gj_001_3_": {
				"attachment": [
					{ "time": 0, "name": "gj_001_3_" },
					{ "time": 0.1333, "name": null },
					{ "time": 1.6666, "name": "gj_001_3_" }
				]
			},
			"gj_001_4_": {
				"attachment": [
					{ "time": 0, "name": "gj_001_4_" },
					{ "time": 0.1333, "name": null },
					{ "time": 1.6666, "name": "gj_001_4_" }
				]
			},
			"gj_002_": {
				"attachment": [
					{ "time": 0.1333, "name": "gj_002_" },
					{ "time": 0.2666, "name": null }
				]
			},
			"gj_002_1_": {
				"attachment": [
					{ "time": 0.1333, "name": "gj_002_1_" },
					{ "time": 0.2666, "name": null }
				]
			},
			"gj_002_2_": {
				"attachment": [
					{ "time": 0.1333, "name": "gj_002_2_" },
					{ "time": 0.2666, "name": null }
				]
			},
			"gj_002_3_": {
				"attachment": [
					{ "time": 0.1333, "name": "gj_002_3_" },
					{ "time": 0.2666, "name": null }
				]
			},
			"gj_002_4_": {
				"attachment": [
					{ "time": 0.1333, "name": "gj_002_4_" },
					{ "time": 0.2666, "name": null }
				]
			},
			"gj_002_5_": {
				"attachment": [
					{ "time": 0.1333, "name": "gj_002_5_" },
					{ "time": 0.2666, "name": null }
				]
			},
			"gj_003_": {
				"attachment": [
					{ "time": 0.2666, "name": "gj_003_" },
					{ "time": 0.4, "name": null }
				]
			},
			"gj_003_1_": {
				"attachment": [
					{ "time": 0.2666, "name": "gj_003_1_" },
					{ "time": 0.4, "name": null }
				]
			},
			"gj_003_2_": {
				"attachment": [
					{ "time": 0.2666, "name": "gj_003_2_" },
					{ "time": 0.4, "name": null }
				]
			},
			"gj_003_3_": {
				"attachment": [
					{ "time": 0.2666, "name": "gj_003_3_" },
					{ "time": 0.4, "name": null }
				]
			},
			"gj_003_4_": {
				"attachment": [
					{ "time": 0.2666, "name": "gj_003_4_" },
					{ "time": 0.4, "name": null }
				]
			},
			"gj_003_5_": {
				"attachment": [
					{ "time": 0.2666, "name": "gj_003_5_" },
					{ "time": 0.4, "name": null }
				]
			},
			"gj_004_": {
				"attachment": [
					{ "time": 0.4, "name": "gj_004_" },
					{ "time": 0.5666, "name": null }
				]
			},
			"gj_004_1_": {
				"attachment": [
					{ "time": 0.4, "name": "gj_004_1_" },
					{ "time": 0.5666, "name": null }
				]
			},
			"gj_004_2_": {
				"attachment": [
					{ "time": 0.4, "name": "gj_004_2_" },
					{ "time": 0.5666, "name": null }
				]
			},
			"gj_004_3_": {
				"attachment": [
					{ "time": 0.4, "name": "gj_004_3_" },
					{ "time": 0.5666, "name": null }
				]
			},
			"gj_004_4_": {
				"attachment": [
					{ "time": 0.4, "name": "gj_004_4_" },
					{ "time": 0.5666, "name": null }
				]
			},
			"gj_004_5_": {
				"attachment": [
					{ "time": 0.4, "name": "gj_004_5_" },
					{ "time": 0.5666, "name": null }
				]
			},
			"gj_004_6_": {
				"attachment": [
					{ "time": 0.4, "name": "gj_004_6_" },
					{ "time": 0.5666, "name": null }
				]
			},
			"gj_004_7_": {
				"attachment": [
					{ "time": 0.4, "name": "gj_004_7_" },
					{ "time": 0.5666, "name": null }
				]
			},
			"gj_004_8_": {
				"attachment": [
					{ "time": 0.4, "name": "gj_004_8_" },
					{ "time": 0.5666, "name": null }
				]
			},
			"gj_005_": {
				"attachment": [
					{ "time": 0.5666, "name": "gj_005_" },
					{ "time": 0.7, "name": null }
				]
			},
			"gj_005_1_": {
				"attachment": [
					{ "time": 0.5666, "name": "gj_005_1_" },
					{ "time": 0.7, "name": null }
				]
			},
			"gj_005_2_": {
				"attachment": [
					{ "time": 0.5666, "name": "gj_005_2_" },
					{ "time": 0.7, "name": null }
				]
			},
			"gj_005_3_": {
				"attachment": [
					{ "time": 0.5666, "name": "gj_005_3_" },
					{ "time": 0.7, "name": null }
				]
			},
			"gj_005_4_": {
				"attachment": [
					{ "time": 0.5666, "name": "gj_005_4_" },
					{ "time": 0.7, "name": null }
				]
			},
			"gj_005_5_": {
				"attachment": [
					{ "time": 0.5666, "name": "gj_005_5_" },
					{ "time": 0.7, "name": null }
				]
			},
			"gj_005_6_": {
				"attachment": [
					{ "time": 0.5666, "name": "gj_005_6_" },
					{ "time": 0.7, "name": null }
				]
			},
			"gj_005_7_": {
				"attachment": [
					{ "time": 0.5666, "name": "gj_005_7_" },
					{ "time": 0.7, "name": null }
				]
			},
			"gj_005_8_": {
				"attachment": [
					{ "time": 0.5666, "name": "gj_005_8_" },
					{ "time": 0.7, "name": null }
				]
			},
			"gj_006_": {
				"attachment": [
					{ "time": 0.7, "name": "gj_006_" },
					{ "time": 0.8333, "name": null }
				]
			},
			"gj_006_10_": {
				"attachment": [
					{ "time": 0.7, "name": "gj_006_10_" },
					{ "time": 0.8333, "name": null }
				]
			},
			"gj_006_1_": {
				"attachment": [
					{ "time": 0.7, "name": "gj_006_1_" },
					{ "time": 0.8333, "name": null }
				]
			},
			"gj_006_2_": {
				"attachment": [
					{ "time": 0.7, "name": "gj_006_2_" },
					{ "time": 0.8333, "name": null }
				]
			},
			"gj_006_3_": {
				"attachment": [
					{ "time": 0.7, "name": "gj_006_3_" },
					{ "time": 0.8333, "name": null }
				]
			},
			"gj_006_4_": {
				"attachment": [
					{ "time": 0.7, "name": "gj_006_4_" },
					{ "time": 0.8333, "name": null }
				]
			},
			"gj_006_5_": {
				"attachment": [
					{ "time": 0.7, "name": "gj_006_5_" },
					{ "time": 0.8333, "name": null }
				]
			},
			"gj_006_6_": {
				"attachment": [
					{ "time": 0.7, "name": "gj_006_6_" },
					{ "time": 0.8333, "name": null }
				]
			},
			"gj_006_7_": {
				"attachment": [
					{ "time": 0.7, "name": "gj_006_7_" },
					{ "time": 0.8333, "name": null }
				]
			},
			"gj_006_8_": {
				"attachment": [
					{ "time": 0.7, "name": "gj_006_8_" },
					{ "time": 0.8333, "name": null }
				]
			},
			"gj_006_9_": {
				"attachment": [
					{ "time": 0.7, "name": "gj_006_9_" },
					{ "time": 0.8333, "name": null }
				]
			},
			"gj_007_": {
				"attachment": [
					{ "time": 0.8333, "name": "gj_007_" },
					{ "time": 0.9666, "name": null }
				]
			},
			"gj_007_1_": {
				"attachment": [
					{ "time": 0.8333, "name": "gj_007_1_" },
					{ "time": 0.9666, "name": null }
				]
			},
			"gj_007_2_": {
				"attachment": [
					{ "time": 0.8333, "name": "gj_007_2_" },
					{ "time": 0.9666, "name": null }
				]
			},
			"gj_007_3_": {
				"attachment": [
					{ "time": 0.8333, "name": "gj_007_3_" },
					{ "time": 0.9666, "name": null }
				]
			},
			"gj_007_4_": {
				"attachment": [
					{ "time": 0.8333, "name": "gj_007_4_" },
					{ "time": 0.9666, "name": null }
				]
			},
			"gj_007_5_": {
				"attachment": [
					{ "time": 0.8333, "name": "gj_007_5_" },
					{ "time": 0.9666, "name": null }
				]
			},
			"gj_007_6_": {
				"attachment": [
					{ "time": 0.8333, "name": "gj_007_6_" },
					{ "time": 0.9666, "name": null }
				]
			},
			"gj_007_7_": {
				"attachment": [
					{ "time": 0.8333, "name": "gj_007_7_" },
					{ "time": 0.9666, "name": null }
				]
			},
			"gj_007_8_": {
				"attachment": [
					{ "time": 0.8333, "name": "gj_007_8_" },
					{ "time": 0.9666, "name": null }
				]
			},
			"gj_008_": {
				"attachment": [
					{ "time": 0.9666, "name": "gj_008_" },
					{ "time": 1.1, "name": null }
				]
			},
			"gj_008_1_": {
				"attachment": [
					{ "time": 0.9666, "name": "gj_008_1_" },
					{ "time": 1.1, "name": null }
				]
			},
			"gj_008_2_": {
				"attachment": [
					{ "time": 0.9666, "name": "gj_008_2_" },
					{ "time": 1.1, "name": null }
				]
			},
			"gj_008_3_": {
				"attachment": [
					{ "time": 0.9666, "name": "gj_008_3_" },
					{ "time": 1.1, "name": null }
				]
			},
			"gj_008_4_": {
				"attachment": [
					{ "time": 0.9666, "name": "gj_008_4_" },
					{ "time": 1.1, "name": null }
				]
			},
			"gj_008_5_": {
				"attachment": [
					{ "time": 0.9666, "name": "gj_008_5_" },
					{ "time": 1.1, "name": null }
				]
			},
			"gj_008_6_": {
				"attachment": [
					{ "time": 0.9666, "name": "gj_008_6_" },
					{ "time": 1.1, "name": null }
				]
			},
			"gj_008_7_": {
				"attachment": [
					{ "time": 0.9666, "name": "gj_008_7_" },
					{ "time": 1.1, "name": null }
				]
			},
			"gj_008_8_": {
				"attachment": [
					{ "time": 0.9666, "name": "gj_008_8_" },
					{ "time": 1.1, "name": null }
				]
			},
			"gj_009_": {
				"attachment": [
					{ "time": 1.1, "name": "gj_009_" },
					{ "time": 1.2333, "name": null }
				]
			},
			"gj_009_1_": {
				"attachment": [
					{ "time": 1.1, "name": "gj_009_1_" },
					{ "time": 1.2333, "name": null }
				]
			},
			"gj_009_2_": {
				"attachment": [
					{ "time": 1.1, "name": "gj_009_2_" },
					{ "time": 1.2333, "name": null }
				]
			},
			"gj_009_3_": {
				"attachment": [
					{ "time": 1.1, "name": "gj_009_3_" },
					{ "time": 1.2333, "name": null }
				]
			},
			"gj_009_4_": {
				"attachment": [
					{ "time": 1.1, "name": "gj_009_4_" },
					{ "time": 1.2333, "name": null }
				]
			},
			"gj_009_5_": {
				"attachment": [
					{ "time": 1.1, "name": "gj_009_5_" },
					{ "time": 1.2333, "name": null }
				]
			},
			"gj_009_6_": {
				"attachment": [
					{ "time": 1.1, "name": "gj_009_6_" },
					{ "time": 1.2333, "name": null }
				]
			},
			"gj_009_7_": {
				"attachment": [
					{ "time": 1.1, "name": "gj_009_7_" },
					{ "time": 1.2333, "name": null }
				]
			},
			"gj_010_": {
				"attachment": [
					{ "time": 1.2333, "name": "gj_010_" },
					{ "time": 1.3666, "name": null }
				]
			},
			"gj_010_1_": {
				"attachment": [
					{ "time": 1.2333, "name": "gj_010_1_" },
					{ "time": 1.3666, "name": null }
				]
			},
			"gj_010_2_": {
				"attachment": [
					{ "time": 1.2333, "name": "gj_010_2_" },
					{ "time": 1.3666, "name": null }
				]
			},
			"gj_010_3_": {
				"attachment": [
					{ "time": 1.2333, "name": "gj_010_3_" },
					{ "time": 1.3666, "name": null }
				]
			},
			"gj_010_4_": {
				"attachment": [
					{ "time": 1.2333, "name": "gj_010_4_" },
					{ "time": 1.3666, "name": null }
				]
			},
			"gj_010_5_": {
				"attachment": [
					{ "time": 1.2333, "name": "gj_010_5_" },
					{ "time": 1.3666, "name": null }
				]
			},
			"gj_011_": {
				"attachment": [
					{ "time": 1.3666, "name": "gj_011_" },
					{ "time": 1.5, "name": null }
				]
			},
			"gj_011_1_": {
				"attachment": [
					{ "time": 1.3666, "name": "gj_011_1_" },
					{ "time": 1.5, "name": null }
				]
			},
			"gj_011_2_": {
				"attachment": [
					{ "time": 1.3666, "name": "gj_011_2_" },
					{ "time": 1.5, "name": null }
				]
			},
			"gj_011_3_": {
				"attachment": [
					{ "time": 1.3666, "name": "gj_011_3_" },
					{ "time": 1.5, "name": null }
				]
			},
			"gj_011_4_": {
				"attachment": [
					{ "time": 1.3666, "name": "gj_011_4_" },
					{ "time": 1.5, "name": null }
				]
			},
			"gj_011_5_": {
				"attachment": [
					{ "time": 1.3666, "name": "gj_011_5_" },
					{ "time": 1.5, "name": null }
				]
			},
			"gj_011_6_": {
				"attachment": [
					{ "time": 1.3666, "name": "gj_011_6_" },
					{ "time": 1.5, "name": null }
				]
			},
			"gj_011_7_": {
				"attachment": [
					{ "time": 1.3666, "name": "gj_011_7_" },
					{ "time": 1.5, "name": null }
				]
			},
			"gj_012_": {
				"attachment": [
					{ "time": 1.5, "name": "gj_012_" },
					{ "time": 1.6666, "name": null }
				]
			},
			"gj_012_1_": {
				"attachment": [
					{ "time": 1.5, "name": "gj_012_1_" },
					{ "time": 1.6666, "name": null }
				]
			},
			"gj_012_2_": {
				"attachment": [
					{ "time": 1.5, "name": "gj_012_2_" },
					{ "time": 1.6666, "name": null }
				]
			},
			"gj_012_3_": {
				"attachment": [
					{ "time": 1.5, "name": "gj_012_3_" },
					{ "time": 1.6666, "name": null }
				]
			},
			"gj_012_4_": {
				"attachment": [
					{ "time": 1.5, "name": "gj_012_4_" },
					{ "time": 1.6666, "name": null }
				]
			},
			"gj_012_5_": {
				"attachment": [
					{ "time": 1.5, "name": "gj_012_5_" },
					{ "time": 1.6666, "name": null }
				]
			},
			"yz_0_2": {
				"attachment": [
					{ "time": 0, "name": "yz_0_" }
				]
			}
		},
		"bones": {
			"gj": {
				"translate": [
					{ "time": 0, "x": 30.93, "y": -7.34 }
				],
				"scale": [
					{ "time": 0, "x": 1.18, "y": 1.18 }
				]
			},
			"dj1": {
				"translate": [
					{ "time": 0, "x": 2.21, "y": -80.31 }
				]
			},
			"bone": {
				"rotate": [
					{ "time": 0, "angle": 7.5 }
				],
				"translate": [
					{ "time": 0, "x": -6.8, "y": 266.86 }
				],
				"scale": [
					{ "time": 0, "x": 2.308, "y": 1.664 }
				]
			}
		}
	}
}
}