{
"skeleton": { "hash": "PMBuG1N4vb5WRAehjlprPm77XeQ", "spine": "2.1.27", "width": 0, "height": 0, "images": "" },
"bones": [
	{ "name": "root" },
	{ "name": "bone", "parent": "root", "length": 77.1, "x": 18.16, "y": -68.03, "rotation": 0.45 },
	{ "name": "dj1", "parent": "root", "length": 374.72, "rotation": 270 },
	{ "name": "gj", "parent": "dj1", "length": 134.31, "x": 72.14, "y": 21.77, "rotation": 90 }
],
"slots": [
	{ "name": "yz_0_2", "bone": "bone" },
	{ "name": "yz_0_", "bone": "root" },
	{ "name": "dj1_011_", "bone": "dj1" },
	{ "name": "dj1_011_1_", "bone": "dj1" },
	{ "name": "dj1_011_2_", "bone": "dj1" },
	{ "name": "dj1_011_3_", "bone": "dj1" },
	{ "name": "dj1_011_4_", "bone": "dj1" },
	{ "name": "dj1_010_", "bone": "dj1" },
	{ "name": "dj1_010_1_", "bone": "dj1" },
	{ "name": "dj1_010_2_", "bone": "dj1" },
	{ "name": "dj1_010_3_", "bone": "dj1" },
	{ "name": "dj1_010_4_", "bone": "dj1" },
	{ "name": "dj1_010_5_", "bone": "dj1" },
	{ "name": "dj1_009_1_", "bone": "dj1" },
	{ "name": "dj1_009_2_", "bone": "dj1" },
	{ "name": "dj1_009_3_", "bone": "dj1" },
	{ "name": "dj1_009_4_", "bone": "dj1" },
	{ "name": "dj1_008_", "bone": "dj1" },
	{ "name": "dj1_008_1_", "bone": "dj1" },
	{ "name": "dj1_008_2_", "bone": "dj1" },
	{ "name": "dj1_008_3_", "bone": "dj1" },
	{ "name": "dj1_008_4_", "bone": "dj1" },
	{ "name": "dj1_008_5_", "bone": "dj1" },
	{ "name": "dj1_007_", "bone": "dj1" },
	{ "name": "dj1_007_1_", "bone": "dj1" },
	{ "name": "dj1_007_2_", "bone": "dj1" },
	{ "name": "dj1_007_3_", "bone": "dj1" },
	{ "name": "dj1_007_4_", "bone": "dj1" },
	{ "name": "dj1_007_5_", "bone": "dj1" },
	{ "name": "dj1_007_6_", "bone": "dj1" },
	{ "name": "dj1_006_", "bone": "dj1" },
	{ "name": "dj1_006_1_", "bone": "dj1" },
	{ "name": "dj1_006_2_", "bone": "dj1" },
	{ "name": "dj1_006_3_", "bone": "dj1" },
	{ "name": "dj1_006_4_", "bone": "dj1" },
	{ "name": "dj1_006_5_", "bone": "dj1" },
	{ "name": "dj1_006_6_", "bone": "dj1" },
	{ "name": "dj1_004_", "bone": "dj1" },
	{ "name": "dj1_004_1_", "bone": "dj1" },
	{ "name": "dj1_004_2_", "bone": "dj1" },
	{ "name": "dj1_004_3_", "bone": "dj1" },
	{ "name": "dj1_004_4_", "bone": "dj1" },
	{ "name": "dj1_004_5_", "bone": "dj1" },
	{ "name": "dj1_004_6_", "bone": "dj1" },
	{ "name": "dj1_003_", "bone": "dj1" },
	{ "name": "dj1_003_1_", "bone": "dj1" },
	{ "name": "dj1_003_2_", "bone": "dj1" },
	{ "name": "dj1_003_3_", "bone": "dj1" },
	{ "name": "dj1_003_4_", "bone": "dj1" },
	{ "name": "dj1_003_5_", "bone": "dj1" },
	{ "name": "dj1_003_6_", "bone": "dj1" },
	{ "name": "dj1_002_", "bone": "dj1" },
	{ "name": "dj1_002_1_", "bone": "dj1" },
	{ "name": "dj1_002_2_", "bone": "dj1" },
	{ "name": "dj1_002_3_", "bone": "dj1" },
	{ "name": "dj1_002_4_", "bone": "dj1" },
	{ "name": "dj1_002_5_", "bone": "dj1" },
	{ "name": "dj1_002_6_", "bone": "dj1" },
	{ "name": "dj1_002_7_", "bone": "dj1" },
	{ "name": "dj1_001_", "bone": "dj1" },
	{ "name": "dj1_001_1_", "bone": "dj1" },
	{ "name": "dj1_001_2_", "bone": "dj1" },
	{ "name": "dj1_001_3_", "bone": "dj1" },
	{ "name": "dj1_001_4_", "bone": "dj1" },
	{ "name": "dj1_001_5_", "bone": "dj1" },
	{ "name": "dj1_001_6_", "bone": "dj1" },
	{ "name": "dj1_0092_", "bone": "dj1" }
],
"skins": {
	"default": {
		"dj1_001_": {
			"dj1_001_": { "x": -306.5, "y": 274.16, "rotation": 90, "width": 96, "height": 301 }
		},
		"dj1_001_1_": {
			"dj1_001_1_": { "x": -568.5, "y": 258.66, "rotation": 90, "width": 65, "height": 187 }
		},
		"dj1_001_2_": {
			"dj1_001_2_": { "x": -396, "y": 176.16, "rotation": 90, "width": 100, "height": 658 }
		},
		"dj1_001_3_": {
			"dj1_001_3_": { "x": -397.5, "y": 79.16, "rotation": 90, "width": 94, "height": 629 }
		},
		"dj1_001_4_": {
			"dj1_001_4_": { "x": -432, "y": -23.83, "rotation": 90, "width": 112, "height": 688 }
		},
		"dj1_001_5_": {
			"dj1_001_5_": { "x": -404, "y": -139.83, "rotation": 90, "width": 120, "height": 610 }
		},
		"dj1_001_6_": {
			"dj1_001_6_": { "x": -372, "y": -286.83, "rotation": 90, "width": 174, "height": 366 }
		},
		"dj1_002_": {
			"dj1_002_": { "x": -318.5, "y": 285.66, "rotation": 90, "width": 81, "height": 273 }
		},
		"dj1_002_1_": {
			"dj1_002_1_": { "x": -555.5, "y": 274.66, "rotation": 90, "width": 59, "height": 147 }
		},
		"dj1_002_2_": {
			"dj1_002_2_": { "x": -381, "y": 181.66, "rotation": 90, "width": 127, "height": 694 }
		},
		"dj1_002_3_": {
			"dj1_002_3_": { "x": -400.5, "y": 78.66, "rotation": 90, "width": 79, "height": 651 }
		},
		"dj1_002_4_": {
			"dj1_002_4_": { "x": -438, "y": 7.16, "rotation": 90, "width": 64, "height": 616 }
		},
		"dj1_002_5_": {
			"dj1_002_5_": { "x": -407.5, "y": -79.33, "rotation": 90, "width": 109, "height": 653 }
		},
		"dj1_002_6_": {
			"dj1_002_6_": { "x": -432.5, "y": -169.83, "rotation": 90, "width": 72, "height": 497 }
		},
		"dj1_002_7_": {
			"dj1_002_7_": { "x": -407.5, "y": -272.33, "rotation": 90, "width": 133, "height": 353 }
		},
		"dj1_003_": {
			"dj1_003_": { "x": -275, "y": 260.66, "rotation": 90, "width": 145, "height": 384 }
		},
		"dj1_003_1_": {
			"dj1_003_1_": { "x": -568, "y": 248.16, "rotation": 90, "width": 120, "height": 202 }
		},
		"dj1_003_2_": {
			"dj1_003_2_": { "x": -451, "y": 148.16, "rotation": 90, "width": 80, "height": 688 }
		},
		"dj1_003_3_": {
			"dj1_003_3_": { "x": -484, "y": 66.66, "rotation": 90, "width": 83, "height": 726 }
		},
		"dj1_003_4_": {
			"dj1_003_4_": { "x": -486.5, "y": -18.33, "rotation": 90, "width": 87, "height": 813 }
		},
		"dj1_003_5_": {
			"dj1_003_5_": { "x": -438, "y": -106.83, "rotation": 90, "width": 90, "height": 706 }
		},
		"dj1_003_6_": {
			"dj1_003_6_": { "x": -413, "y": -249.83, "rotation": 90, "width": 196, "height": 548 }
		},
		"dj1_004_": {
			"dj1_004_": { "x": -417.5, "y": 291.16, "rotation": 90, "width": 108, "height": 493 }
		},
		"dj1_004_1_": {
			"dj1_004_1_": { "x": -401.5, "y": 197.16, "rotation": 90, "width": 80, "height": 621 }
		},
		"dj1_004_2_": {
			"dj1_004_2_": { "x": -447.5, "y": 120.16, "rotation": 90, "width": 74, "height": 711 }
		},
		"dj1_004_3_": {
			"dj1_004_3_": { "x": -475.5, "y": 35.66, "rotation": 90, "width": 95, "height": 841 }
		},
		"dj1_004_4_": {
			"dj1_004_4_": { "x": -461, "y": -43.83, "rotation": 90, "width": 64, "height": 808 }
		},
		"dj1_004_5_": {
			"dj1_004_5_": { "x": -417.5, "y": -125.83, "rotation": 90, "width": 100, "height": 683 }
		},
		"dj1_004_6_": {
			"dj1_004_6_": { "x": -383.5, "y": -260.83, "rotation": 90, "width": 170, "height": 475 }
		},
		"dj1_006_": {
			"dj1_006_": { "x": -313, "y": 270.16, "rotation": 90, "width": 108, "height": 308 }
		},
		"dj1_006_1_": {
			"dj1_006_1_": { "x": -578.5, "y": 263.66, "rotation": 90, "width": 95, "height": 177 }
		},
		"dj1_006_2_": {
			"dj1_006_2_": { "x": -438, "y": 162.16, "rotation": 90, "width": 108, "height": 654 }
		},
		"dj1_006_3_": {
			"dj1_006_3_": { "x": -473, "y": 54.66, "rotation": 90, "width": 107, "height": 784 }
		},
		"dj1_006_4_": {
			"dj1_006_4_": { "x": -458.5, "y": -33.33, "rotation": 90, "width": 69, "height": 741 }
		},
		"dj1_006_5_": {
			"dj1_006_5_": { "x": -421, "y": -117.33, "rotation": 90, "width": 99, "height": 656 }
		},
		"dj1_006_6_": {
			"dj1_006_6_": { "x": -387.5, "y": -248.33, "rotation": 90, "width": 163, "height": 451 }
		},
		"dj1_008_": {
			"dj1_008_": { "x": -261, "y": 274.66, "rotation": 90, "width": 129, "height": 258 }
		},
		"dj1_008_1_": {
			"dj1_008_1_": { "x": -516.5, "y": 275.16, "rotation": 90, "width": 130, "height": 253 }
		},
		"dj1_008_2_": {
			"dj1_008_2_": { "x": -412, "y": 140.16, "rotation": 90, "width": 140, "height": 596 }
		},
		"dj1_008_3_": {
			"dj1_008_3_": { "x": -430, "y": 11.66, "rotation": 90, "width": 117, "height": 656 }
		},
		"dj1_008_4_": {
			"dj1_008_4_": { "x": -389.5, "y": -114.83, "rotation": 90, "width": 136, "height": 629 }
		},
		"dj1_008_5_": {
			"dj1_008_5_": { "x": -400.5, "y": -267.83, "rotation": 90, "width": 170, "height": 433 }
		},
		"dj1_0092_": {
			"dj1_009_": { "x": -415.5, "y": 277.66, "rotation": 90, "width": 109, "height": 491 }
		},
		"dj1_009_1_": {
			"dj1_009_1_": { "x": -421.5, "y": 151.16, "rotation": 90, "width": 144, "height": 603 }
		},
		"dj1_009_2_": {
			"dj1_009_2_": { "x": -429, "y": 8.66, "rotation": 90, "width": 141, "height": 692 }
		},
		"dj1_009_3_": {
			"dj1_009_3_": { "x": -401, "y": -130.83, "rotation": 90, "width": 138, "height": 604 }
		},
		"dj1_009_4_": {
			"dj1_009_4_": { "x": -417.5, "y": -286.83, "rotation": 90, "width": 174, "height": 445 }
		},
		"dj1_010_": {
			"dj1_010_": { "x": -309.5, "y": 268.66, "rotation": 90, "width": 123, "height": 299 }
		},
		"dj1_010_1_": {
			"dj1_010_1_": { "x": -568.5, "y": 253.16, "rotation": 90, "width": 92, "height": 199 }
		},
		"dj1_010_2_": {
			"dj1_010_2_": { "x": -419, "y": 145.66, "rotation": 90, "width": 123, "height": 618 }
		},
		"dj1_010_3_": {
			"dj1_010_3_": { "x": -429.5, "y": 6.16, "rotation": 90, "width": 156, "height": 699 }
		},
		"dj1_010_4_": {
			"dj1_010_4_": { "x": -402.5, "y": -137.83, "rotation": 90, "width": 132, "height": 619 }
		},
		"dj1_010_5_": {
			"dj1_010_5_": { "x": -430, "y": -290.83, "rotation": 90, "width": 174, "height": 480 }
		},
		"dj1_011_": {
			"dj1_011_": { "x": -284, "y": 188.16, "rotation": 90, "width": 172, "height": 230 }
		},
		"dj1_011_1_": {
			"dj1_011_1_": { "x": -519.5, "y": 168.66, "rotation": 90, "width": 133, "height": 241 }
		},
		"dj1_011_2_": {
			"dj1_011_2_": { "x": -403.5, "y": 45.16, "rotation": 90, "width": 114, "height": 551 }
		},
		"dj1_011_3_": {
			"dj1_011_3_": { "x": -396.5, "y": -63.83, "rotation": 90, "width": 104, "height": 493 }
		},
		"dj1_011_4_": {
			"dj1_011_4_": { "x": -416, "y": -194.83, "rotation": 90, "width": 158, "height": 396 }
		},
		"yz_0_2": {
			"yz_0_": { "x": -1.29, "y": -0.12, "rotation": -0.45, "width": 85, "height": 85 }
		}
	}
},
"animations": {
	"dj": {
		"slots": {
			"dj1_001_": {
				"attachment": [
					{ "time": 0, "name": "dj1_001_" },
					{ "time": 0.1333, "name": null },
					{ "time": 1.3333, "name": "dj1_001_" },
					{ "time": 1.4666, "name": null },
					{ "time": 2.6666, "name": "dj1_001_" },
					{ "time": 2.8, "name": null },
					{ "time": 4, "name": "dj1_001_" },
					{ "time": 4.1333, "name": null },
					{ "time": 5.3333, "name": "dj1_001_" },
					{ "time": 5.4666, "name": null },
					{ "time": 6.6666, "name": "dj1_001_" },
					{ "time": 6.7, "name": null },
					{ "time": 8.2666, "name": "dj1_001_" }
				]
			},
			"dj1_001_1_": {
				"attachment": [
					{ "time": 0, "name": "dj1_001_1_" },
					{ "time": 0.1333, "name": null },
					{ "time": 1.3333, "name": "dj1_001_1_" },
					{ "time": 1.4666, "name": null },
					{ "time": 2.6666, "name": "dj1_001_1_" },
					{ "time": 2.8, "name": null },
					{ "time": 4, "name": "dj1_001_1_" },
					{ "time": 4.1333, "name": null },
					{ "time": 5.3333, "name": "dj1_001_1_" },
					{ "time": 5.4666, "name": null },
					{ "time": 6.6666, "name": "dj1_001_1_" },
					{ "time": 6.7, "name": null },
					{ "time": 8.2666, "name": "dj1_001_1_" }
				]
			},
			"dj1_001_2_": {
				"attachment": [
					{ "time": 0, "name": "dj1_001_2_" },
					{ "time": 0.1333, "name": null },
					{ "time": 1.3333, "name": "dj1_001_2_" },
					{ "time": 1.4666, "name": null },
					{ "time": 2.6666, "name": "dj1_001_2_" },
					{ "time": 2.8, "name": null },
					{ "time": 4, "name": "dj1_001_2_" },
					{ "time": 4.1333, "name": null },
					{ "time": 5.3333, "name": "dj1_001_2_" },
					{ "time": 5.4666, "name": null },
					{ "time": 6.6666, "name": "dj1_001_2_" },
					{ "time": 6.7, "name": null },
					{ "time": 8.2666, "name": "dj1_001_2_" }
				]
			},
			"dj1_001_3_": {
				"attachment": [
					{ "time": 0, "name": "dj1_001_3_" },
					{ "time": 0.1333, "name": null },
					{ "time": 1.3333, "name": "dj1_001_3_" },
					{ "time": 1.4666, "name": null },
					{ "time": 2.6666, "name": "dj1_001_3_" },
					{ "time": 2.8, "name": null },
					{ "time": 4, "name": "dj1_001_3_" },
					{ "time": 4.1333, "name": null },
					{ "time": 5.3333, "name": "dj1_001_3_" },
					{ "time": 5.4666, "name": null },
					{ "time": 6.6666, "name": "dj1_001_3_" },
					{ "time": 6.7, "name": null },
					{ "time": 8.2666, "name": "dj1_001_3_" }
				]
			},
			"dj1_001_4_": {
				"attachment": [
					{ "time": 0, "name": "dj1_001_4_" },
					{ "time": 0.1333, "name": null },
					{ "time": 1.3333, "name": "dj1_001_4_" },
					{ "time": 1.4666, "name": null },
					{ "time": 2.6666, "name": "dj1_001_4_" },
					{ "time": 2.8, "name": null },
					{ "time": 4, "name": "dj1_001_4_" },
					{ "time": 4.1333, "name": null },
					{ "time": 5.3333, "name": "dj1_001_4_" },
					{ "time": 5.4666, "name": null },
					{ "time": 6.6666, "name": "dj1_001_4_" },
					{ "time": 6.7, "name": null },
					{ "time": 8.2666, "name": "dj1_001_4_" }
				]
			},
			"dj1_001_5_": {
				"attachment": [
					{ "time": 0, "name": "dj1_001_5_" },
					{ "time": 0.1333, "name": null },
					{ "time": 1.3333, "name": "dj1_001_5_" },
					{ "time": 1.4666, "name": null },
					{ "time": 2.6666, "name": "dj1_001_5_" },
					{ "time": 2.8, "name": null },
					{ "time": 4, "name": "dj1_001_5_" },
					{ "time": 4.1333, "name": null },
					{ "time": 5.3333, "name": "dj1_001_5_" },
					{ "time": 5.4666, "name": null },
					{ "time": 6.6666, "name": "dj1_001_5_" },
					{ "time": 6.7, "name": null },
					{ "time": 8.2666, "name": "dj1_001_5_" }
				]
			},
			"dj1_001_6_": {
				"attachment": [
					{ "time": 0, "name": "dj1_001_6_" },
					{ "time": 0.1333, "name": null },
					{ "time": 1.3333, "name": "dj1_001_6_" },
					{ "time": 1.4666, "name": null },
					{ "time": 2.6666, "name": "dj1_001_6_" },
					{ "time": 2.8, "name": null },
					{ "time": 4, "name": "dj1_001_6_" },
					{ "time": 4.1333, "name": null },
					{ "time": 5.3333, "name": "dj1_001_6_" },
					{ "time": 5.4666, "name": null },
					{ "time": 6.6666, "name": "dj1_001_6_" },
					{ "time": 6.7, "name": null },
					{ "time": 8.2666, "name": "dj1_001_6_" }
				]
			},
			"dj1_002_": {
				"attachment": [
					{ "time": 0.1333, "name": "dj1_002_" },
					{ "time": 0.2666, "name": null },
					{ "time": 1.4666, "name": "dj1_002_" },
					{ "time": 1.6, "name": null },
					{ "time": 2.8, "name": "dj1_002_" },
					{ "time": 2.9333, "name": null },
					{ "time": 4.1333, "name": "dj1_002_" },
					{ "time": 4.2666, "name": null },
					{ "time": 5.4666, "name": "dj1_002_" },
					{ "time": 5.6, "name": null }
				]
			},
			"dj1_002_1_": {
				"attachment": [
					{ "time": 0.1333, "name": "dj1_002_1_" },
					{ "time": 0.2666, "name": null },
					{ "time": 1.4666, "name": "dj1_002_1_" },
					{ "time": 1.6, "name": null },
					{ "time": 2.8, "name": "dj1_002_1_" },
					{ "time": 2.9333, "name": null },
					{ "time": 4.1333, "name": "dj1_002_1_" },
					{ "time": 4.2666, "name": null },
					{ "time": 5.4666, "name": "dj1_002_1_" },
					{ "time": 5.6, "name": null }
				]
			},
			"dj1_002_2_": {
				"attachment": [
					{ "time": 0.1333, "name": "dj1_002_2_" },
					{ "time": 0.2666, "name": null },
					{ "time": 1.4666, "name": "dj1_002_2_" },
					{ "time": 1.6, "name": null },
					{ "time": 2.8, "name": "dj1_002_2_" },
					{ "time": 2.9333, "name": null },
					{ "time": 4.1333, "name": "dj1_002_2_" },
					{ "time": 4.2666, "name": null },
					{ "time": 5.4666, "name": "dj1_002_2_" },
					{ "time": 5.6, "name": null }
				]
			},
			"dj1_002_3_": {
				"attachment": [
					{ "time": 0.1333, "name": "dj1_002_3_" },
					{ "time": 0.2666, "name": null },
					{ "time": 1.4666, "name": "dj1_002_3_" },
					{ "time": 1.6, "name": null },
					{ "time": 2.8, "name": "dj1_002_3_" },
					{ "time": 2.9333, "name": null },
					{ "time": 4.1333, "name": "dj1_002_3_" },
					{ "time": 4.2666, "name": null },
					{ "time": 5.4666, "name": "dj1_002_3_" },
					{ "time": 5.6, "name": null }
				]
			},
			"dj1_002_4_": {
				"attachment": [
					{ "time": 0.1333, "name": "dj1_002_4_" },
					{ "time": 0.2666, "name": null },
					{ "time": 1.4666, "name": "dj1_002_4_" },
					{ "time": 1.6, "name": null },
					{ "time": 2.8, "name": "dj1_002_4_" },
					{ "time": 2.9333, "name": null },
					{ "time": 4.1333, "name": "dj1_002_4_" },
					{ "time": 4.2666, "name": null },
					{ "time": 5.4666, "name": "dj1_002_4_" },
					{ "time": 5.6, "name": null }
				]
			},
			"dj1_002_5_": {
				"attachment": [
					{ "time": 0.1333, "name": "dj1_002_5_" },
					{ "time": 0.2666, "name": null },
					{ "time": 1.4666, "name": "dj1_002_5_" },
					{ "time": 1.6, "name": null },
					{ "time": 2.8, "name": "dj1_002_5_" },
					{ "time": 2.9333, "name": null },
					{ "time": 4.1333, "name": "dj1_002_5_" },
					{ "time": 4.2666, "name": null },
					{ "time": 5.4666, "name": "dj1_002_5_" },
					{ "time": 5.6, "name": null }
				]
			},
			"dj1_002_6_": {
				"attachment": [
					{ "time": 0.1333, "name": "dj1_002_6_" },
					{ "time": 0.2666, "name": null },
					{ "time": 1.4666, "name": "dj1_002_6_" },
					{ "time": 1.6, "name": null },
					{ "time": 2.8, "name": "dj1_002_6_" },
					{ "time": 2.9333, "name": null },
					{ "time": 4.1333, "name": "dj1_002_6_" },
					{ "time": 4.2666, "name": null },
					{ "time": 5.4666, "name": "dj1_002_6_" },
					{ "time": 5.6, "name": null }
				]
			},
			"dj1_002_7_": {
				"attachment": [
					{ "time": 0.1333, "name": "dj1_002_7_" },
					{ "time": 0.2666, "name": null },
					{ "time": 1.4666, "name": "dj1_002_7_" },
					{ "time": 1.6, "name": null },
					{ "time": 2.8, "name": "dj1_002_7_" },
					{ "time": 2.9333, "name": null },
					{ "time": 4.1333, "name": "dj1_002_7_" },
					{ "time": 4.2666, "name": null },
					{ "time": 5.4666, "name": "dj1_002_7_" },
					{ "time": 5.6, "name": null }
				]
			},
			"dj1_003_": {
				"attachment": [
					{ "time": 0.2666, "name": "dj1_003_" },
					{ "time": 0.4, "name": null },
					{ "time": 1.6, "name": "dj1_003_" },
					{ "time": 1.7333, "name": null },
					{ "time": 2.9333, "name": "dj1_003_" },
					{ "time": 3.0666, "name": null },
					{ "time": 4.2666, "name": "dj1_003_" },
					{ "time": 4.4, "name": null },
					{ "time": 5.6, "name": "dj1_003_" },
					{ "time": 5.7333, "name": null }
				]
			},
			"dj1_003_1_": {
				"attachment": [
					{ "time": 0.2666, "name": "dj1_003_1_" },
					{ "time": 0.4, "name": null },
					{ "time": 1.6, "name": "dj1_003_1_" },
					{ "time": 1.7333, "name": null },
					{ "time": 2.9333, "name": "dj1_003_1_" },
					{ "time": 3.0666, "name": null },
					{ "time": 4.2666, "name": "dj1_003_1_" },
					{ "time": 4.4, "name": null },
					{ "time": 5.6, "name": "dj1_003_1_" },
					{ "time": 5.7333, "name": null }
				]
			},
			"dj1_003_2_": {
				"attachment": [
					{ "time": 0.2666, "name": "dj1_003_2_" },
					{ "time": 0.4, "name": null },
					{ "time": 1.6, "name": "dj1_003_2_" },
					{ "time": 1.7333, "name": null },
					{ "time": 2.9333, "name": "dj1_003_2_" },
					{ "time": 3.0666, "name": null },
					{ "time": 4.2666, "name": "dj1_003_2_" },
					{ "time": 4.4, "name": null },
					{ "time": 5.6, "name": "dj1_003_2_" },
					{ "time": 5.7333, "name": null }
				]
			},
			"dj1_003_3_": {
				"attachment": [
					{ "time": 0.2666, "name": "dj1_003_3_" },
					{ "time": 0.4, "name": null },
					{ "time": 1.6, "name": "dj1_003_3_" },
					{ "time": 1.7333, "name": null },
					{ "time": 2.9333, "name": "dj1_003_3_" },
					{ "time": 3.0666, "name": null },
					{ "time": 4.2666, "name": "dj1_003_3_" },
					{ "time": 4.4, "name": null },
					{ "time": 5.6, "name": "dj1_003_3_" },
					{ "time": 5.7333, "name": null }
				]
			},
			"dj1_003_4_": {
				"attachment": [
					{ "time": 0.2666, "name": "dj1_003_4_" },
					{ "time": 0.4, "name": null },
					{ "time": 1.6, "name": "dj1_003_4_" },
					{ "time": 1.7333, "name": null },
					{ "time": 2.9333, "name": "dj1_003_4_" },
					{ "time": 3.0666, "name": null },
					{ "time": 4.2666, "name": "dj1_003_4_" },
					{ "time": 4.4, "name": null },
					{ "time": 5.6, "name": "dj1_003_4_" },
					{ "time": 5.7333, "name": null }
				]
			},
			"dj1_003_5_": {
				"attachment": [
					{ "time": 0.2666, "name": "dj1_003_5_" },
					{ "time": 0.4, "name": null },
					{ "time": 1.6, "name": "dj1_003_5_" },
					{ "time": 1.7333, "name": null },
					{ "time": 2.9333, "name": "dj1_003_5_" },
					{ "time": 3.0666, "name": null },
					{ "time": 4.2666, "name": "dj1_003_5_" },
					{ "time": 4.4, "name": null },
					{ "time": 5.6, "name": "dj1_003_5_" },
					{ "time": 5.7333, "name": null }
				]
			},
			"dj1_003_6_": {
				"attachment": [
					{ "time": 0.2666, "name": "dj1_003_6_" },
					{ "time": 0.4, "name": null },
					{ "time": 1.6, "name": "dj1_003_6_" },
					{ "time": 1.7333, "name": null },
					{ "time": 2.9333, "name": "dj1_003_6_" },
					{ "time": 3.0666, "name": null },
					{ "time": 4.2666, "name": "dj1_003_6_" },
					{ "time": 4.4, "name": null },
					{ "time": 5.6, "name": "dj1_003_6_" },
					{ "time": 5.7333, "name": null }
				]
			},
			"dj1_004_": {
				"attachment": [
					{ "time": 0.4, "name": null },
					{ "time": 0.5333, "name": null },
					{ "time": 1.7333, "name": null },
					{ "time": 1.8666, "name": null },
					{ "time": 3.0666, "name": null },
					{ "time": 3.2, "name": null },
					{ "time": 4.4, "name": null },
					{ "time": 4.5333, "name": null },
					{ "time": 5.7333, "name": null },
					{ "time": 5.8666, "name": null }
				]
			},
			"dj1_004_1_": {
				"attachment": [
					{ "time": 0.4, "name": "dj1_004_1_" },
					{ "time": 0.5333, "name": null },
					{ "time": 1.7333, "name": "dj1_004_1_" },
					{ "time": 1.8666, "name": null },
					{ "time": 3.0666, "name": "dj1_004_1_" },
					{ "time": 3.2, "name": null },
					{ "time": 4.4, "name": "dj1_004_1_" },
					{ "time": 4.5333, "name": null },
					{ "time": 5.7333, "name": "dj1_004_1_" },
					{ "time": 5.8666, "name": null }
				]
			},
			"dj1_004_2_": {
				"attachment": [
					{ "time": 0.4, "name": "dj1_004_2_" },
					{ "time": 0.5333, "name": null },
					{ "time": 1.7333, "name": "dj1_004_2_" },
					{ "time": 1.8666, "name": null },
					{ "time": 3.0666, "name": "dj1_004_2_" },
					{ "time": 3.2, "name": null },
					{ "time": 4.4, "name": "dj1_004_2_" },
					{ "time": 4.5333, "name": null },
					{ "time": 5.7333, "name": "dj1_004_2_" },
					{ "time": 5.8666, "name": null }
				]
			},
			"dj1_004_3_": {
				"attachment": [
					{ "time": 0.4, "name": "dj1_004_3_" },
					{ "time": 0.5333, "name": null },
					{ "time": 1.7333, "name": "dj1_004_3_" },
					{ "time": 1.8666, "name": null },
					{ "time": 3.0666, "name": "dj1_004_3_" },
					{ "time": 3.2, "name": null },
					{ "time": 4.4, "name": "dj1_004_3_" },
					{ "time": 4.5333, "name": null },
					{ "time": 5.7333, "name": "dj1_004_3_" },
					{ "time": 5.8666, "name": null }
				]
			},
			"dj1_004_4_": {
				"attachment": [
					{ "time": 0.4, "name": "dj1_004_4_" },
					{ "time": 0.5333, "name": null },
					{ "time": 1.7333, "name": "dj1_004_4_" },
					{ "time": 1.8666, "name": null },
					{ "time": 3.0666, "name": "dj1_004_4_" },
					{ "time": 3.2, "name": null },
					{ "time": 4.4, "name": "dj1_004_4_" },
					{ "time": 4.5333, "name": null },
					{ "time": 5.7333, "name": "dj1_004_4_" },
					{ "time": 5.8666, "name": null }
				]
			},
			"dj1_004_5_": {
				"attachment": [
					{ "time": 0.4, "name": "dj1_004_5_" },
					{ "time": 0.5333, "name": null },
					{ "time": 1.7333, "name": "dj1_004_5_" },
					{ "time": 1.8666, "name": null },
					{ "time": 3.0666, "name": "dj1_004_5_" },
					{ "time": 3.2, "name": null },
					{ "time": 4.4, "name": "dj1_004_5_" },
					{ "time": 4.5333, "name": null },
					{ "time": 5.7333, "name": "dj1_004_5_" },
					{ "time": 5.8666, "name": null }
				]
			},
			"dj1_004_6_": {
				"attachment": [
					{ "time": 0.4, "name": "dj1_004_6_" },
					{ "time": 0.5333, "name": null },
					{ "time": 1.7333, "name": "dj1_004_6_" },
					{ "time": 1.8666, "name": null },
					{ "time": 3.0666, "name": "dj1_004_6_" },
					{ "time": 3.2, "name": null },
					{ "time": 4.4, "name": "dj1_004_6_" },
					{ "time": 4.5333, "name": null },
					{ "time": 5.7333, "name": "dj1_004_6_" },
					{ "time": 5.8666, "name": null }
				]
			},
			"dj1_006_": {
				"attachment": [
					{ "time": 0.5333, "name": "dj1_006_" },
					{ "time": 0.7, "name": null },
					{ "time": 1.8666, "name": "dj1_006_" },
					{ "time": 2.0333, "name": null },
					{ "time": 3.2, "name": "dj1_006_" },
					{ "time": 3.3666, "name": null },
					{ "time": 4.5333, "name": "dj1_006_" },
					{ "time": 4.7, "name": null },
					{ "time": 5.8666, "name": "dj1_006_" },
					{ "time": 6.0333, "name": null }
				]
			},
			"dj1_006_1_": {
				"attachment": [
					{ "time": 0.5333, "name": "dj1_006_1_" },
					{ "time": 0.7, "name": null },
					{ "time": 1.8666, "name": "dj1_006_1_" },
					{ "time": 2.0333, "name": null },
					{ "time": 3.2, "name": "dj1_006_1_" },
					{ "time": 3.3666, "name": null },
					{ "time": 4.5333, "name": "dj1_006_1_" },
					{ "time": 4.7, "name": null },
					{ "time": 5.8666, "name": "dj1_006_1_" },
					{ "time": 6.0333, "name": null }
				]
			},
			"dj1_006_2_": {
				"attachment": [
					{ "time": 0.5333, "name": "dj1_006_2_" },
					{ "time": 0.7, "name": null },
					{ "time": 1.8666, "name": "dj1_006_2_" },
					{ "time": 2.0333, "name": null },
					{ "time": 3.2, "name": "dj1_006_2_" },
					{ "time": 3.3666, "name": null },
					{ "time": 4.5333, "name": "dj1_006_2_" },
					{ "time": 4.7, "name": null },
					{ "time": 5.8666, "name": "dj1_006_2_" },
					{ "time": 6.0333, "name": null }
				]
			},
			"dj1_006_3_": {
				"attachment": [
					{ "time": 0.5333, "name": "dj1_006_3_" },
					{ "time": 0.7, "name": null },
					{ "time": 1.8666, "name": "dj1_006_3_" },
					{ "time": 2.0333, "name": null },
					{ "time": 3.2, "name": "dj1_006_3_" },
					{ "time": 3.3666, "name": null },
					{ "time": 4.5333, "name": "dj1_006_3_" },
					{ "time": 4.7, "name": null },
					{ "time": 5.8666, "name": "dj1_006_3_" },
					{ "time": 6.0333, "name": null }
				]
			},
			"dj1_006_4_": {
				"attachment": [
					{ "time": 0.5333, "name": "dj1_006_4_" },
					{ "time": 0.7, "name": null },
					{ "time": 1.8666, "name": "dj1_006_4_" },
					{ "time": 2.0333, "name": null },
					{ "time": 3.2, "name": "dj1_006_4_" },
					{ "time": 3.3666, "name": null },
					{ "time": 4.5333, "name": "dj1_006_4_" },
					{ "time": 4.7, "name": null },
					{ "time": 5.8666, "name": "dj1_006_4_" },
					{ "time": 6.0333, "name": null }
				]
			},
			"dj1_006_5_": {
				"attachment": [
					{ "time": 0.5333, "name": "dj1_006_5_" },
					{ "time": 0.7, "name": null },
					{ "time": 1.8666, "name": "dj1_006_5_" },
					{ "time": 2.0333, "name": null },
					{ "time": 3.2, "name": "dj1_006_5_" },
					{ "time": 3.3666, "name": null },
					{ "time": 4.5333, "name": "dj1_006_5_" },
					{ "time": 4.7, "name": null },
					{ "time": 5.8666, "name": "dj1_006_5_" },
					{ "time": 6.0333, "name": null }
				]
			},
			"dj1_006_6_": {
				"attachment": [
					{ "time": 0.5333, "name": "dj1_006_6_" },
					{ "time": 0.7, "name": null },
					{ "time": 1.8666, "name": "dj1_006_6_" },
					{ "time": 2.0333, "name": null },
					{ "time": 3.2, "name": "dj1_006_6_" },
					{ "time": 3.3666, "name": null },
					{ "time": 4.5333, "name": "dj1_006_6_" },
					{ "time": 4.7, "name": null },
					{ "time": 5.8666, "name": "dj1_006_6_" },
					{ "time": 6.0333, "name": null }
				]
			},
			"dj1_007_": {
				"attachment": [
					{ "time": 0.7, "name": null },
					{ "time": 2.0333, "name": null },
					{ "time": 3.3666, "name": null },
					{ "time": 4.7, "name": null },
					{ "time": 6.0333, "name": null }
				]
			},
			"dj1_007_1_": {
				"attachment": [
					{ "time": 0.7, "name": null },
					{ "time": 2.0333, "name": null },
					{ "time": 3.3666, "name": null },
					{ "time": 4.7, "name": null },
					{ "time": 6.0333, "name": null }
				]
			},
			"dj1_007_2_": {
				"attachment": [
					{ "time": 0.7, "name": null },
					{ "time": 2.0333, "name": null },
					{ "time": 3.3666, "name": null },
					{ "time": 4.7, "name": null },
					{ "time": 6.0333, "name": null }
				]
			},
			"dj1_007_3_": {
				"attachment": [
					{ "time": 0.7, "name": null },
					{ "time": 2.0333, "name": null },
					{ "time": 3.3666, "name": null },
					{ "time": 4.7, "name": null },
					{ "time": 6.0333, "name": null }
				]
			},
			"dj1_007_4_": {
				"attachment": [
					{ "time": 0.7, "name": null },
					{ "time": 2.0333, "name": null },
					{ "time": 3.3666, "name": null },
					{ "time": 4.7, "name": null },
					{ "time": 6.0333, "name": null }
				]
			},
			"dj1_007_5_": {
				"attachment": [
					{ "time": 0.7, "name": null },
					{ "time": 2.0333, "name": null },
					{ "time": 3.3666, "name": null },
					{ "time": 4.7, "name": null },
					{ "time": 6.0333, "name": null }
				]
			},
			"dj1_007_6_": {
				"attachment": [
					{ "time": 0.7, "name": null },
					{ "time": 2.0333, "name": null },
					{ "time": 3.3666, "name": null },
					{ "time": 4.7, "name": null },
					{ "time": 6.0333, "name": null }
				]
			},
			"dj1_008_": {
				"attachment": [
					{ "time": 0.7, "name": "dj1_008_" },
					{ "time": 0.8333, "name": null },
					{ "time": 2.0333, "name": "dj1_008_" },
					{ "time": 2.1666, "name": null },
					{ "time": 3.3666, "name": "dj1_008_" },
					{ "time": 3.5, "name": null },
					{ "time": 4.7, "name": "dj1_008_" },
					{ "time": 4.8333, "name": null },
					{ "time": 6.0333, "name": "dj1_008_" },
					{ "time": 6.1666, "name": null }
				]
			},
			"dj1_008_1_": {
				"attachment": [
					{ "time": 0.7, "name": "dj1_008_1_" },
					{ "time": 0.8333, "name": null },
					{ "time": 2.0333, "name": "dj1_008_1_" },
					{ "time": 2.1666, "name": null },
					{ "time": 3.3666, "name": "dj1_008_1_" },
					{ "time": 3.5, "name": null },
					{ "time": 4.7, "name": "dj1_008_1_" },
					{ "time": 4.8333, "name": null },
					{ "time": 6.0333, "name": "dj1_008_1_" },
					{ "time": 6.1666, "name": null }
				]
			},
			"dj1_008_2_": {
				"attachment": [
					{ "time": 0.7, "name": "dj1_008_2_" },
					{ "time": 0.8333, "name": null },
					{ "time": 2.0333, "name": "dj1_008_2_" },
					{ "time": 2.1666, "name": null },
					{ "time": 3.3666, "name": "dj1_008_2_" },
					{ "time": 3.5, "name": null },
					{ "time": 4.7, "name": "dj1_008_2_" },
					{ "time": 4.8333, "name": null },
					{ "time": 6.0333, "name": "dj1_008_2_" },
					{ "time": 6.1666, "name": null }
				]
			},
			"dj1_008_3_": {
				"attachment": [
					{ "time": 0.7, "name": "dj1_008_3_" },
					{ "time": 0.8333, "name": null },
					{ "time": 2.0333, "name": "dj1_008_3_" },
					{ "time": 2.1666, "name": null },
					{ "time": 3.3666, "name": "dj1_008_3_" },
					{ "time": 3.5, "name": null },
					{ "time": 4.7, "name": "dj1_008_3_" },
					{ "time": 4.8333, "name": null },
					{ "time": 6.0333, "name": "dj1_008_3_" },
					{ "time": 6.1666, "name": null }
				]
			},
			"dj1_008_4_": {
				"attachment": [
					{ "time": 0.7, "name": "dj1_008_4_" },
					{ "time": 0.8333, "name": null },
					{ "time": 2.0333, "name": "dj1_008_4_" },
					{ "time": 2.1666, "name": null },
					{ "time": 3.3666, "name": "dj1_008_4_" },
					{ "time": 3.5, "name": null },
					{ "time": 4.7, "name": "dj1_008_4_" },
					{ "time": 4.8333, "name": null },
					{ "time": 6.0333, "name": "dj1_008_4_" },
					{ "time": 6.1666, "name": null }
				]
			},
			"dj1_008_5_": {
				"attachment": [
					{ "time": 0.7, "name": "dj1_008_5_" },
					{ "time": 0.8333, "name": null },
					{ "time": 2.0333, "name": "dj1_008_5_" },
					{ "time": 2.1666, "name": null },
					{ "time": 3.3666, "name": "dj1_008_5_" },
					{ "time": 3.5, "name": null },
					{ "time": 4.7, "name": "dj1_008_5_" },
					{ "time": 4.8333, "name": null },
					{ "time": 6.0333, "name": "dj1_008_5_" },
					{ "time": 6.1666, "name": null }
				]
			},
			"dj1_0092_": {
				"attachment": [
					{ "time": 0.8333, "name": "dj1_009_" },
					{ "time": 1.0333, "name": null },
					{ "time": 2.1666, "name": "dj1_009_" },
					{ "time": 2.3666, "name": null },
					{ "time": 3.5, "name": "dj1_009_" },
					{ "time": 3.7, "name": null },
					{ "time": 4.8333, "name": "dj1_009_" },
					{ "time": 5.0333, "name": null },
					{ "time": 6.1666, "name": "dj1_009_" },
					{ "time": 6.3666, "name": null }
				]
			},
			"dj1_009_1_": {
				"attachment": [
					{ "time": 0.8333, "name": "dj1_009_1_" },
					{ "time": 1.0333, "name": null },
					{ "time": 2.1666, "name": "dj1_009_1_" },
					{ "time": 2.3666, "name": null },
					{ "time": 3.5, "name": "dj1_009_1_" },
					{ "time": 3.7, "name": null },
					{ "time": 4.8333, "name": "dj1_009_1_" },
					{ "time": 5.0333, "name": null },
					{ "time": 6.1666, "name": "dj1_009_1_" },
					{ "time": 6.3666, "name": null }
				]
			},
			"dj1_009_2_": {
				"attachment": [
					{ "time": 0.8333, "name": "dj1_009_2_" },
					{ "time": 1.0333, "name": null },
					{ "time": 2.1666, "name": "dj1_009_2_" },
					{ "time": 2.3666, "name": null },
					{ "time": 3.5, "name": "dj1_009_2_" },
					{ "time": 3.7, "name": null },
					{ "time": 4.8333, "name": "dj1_009_2_" },
					{ "time": 5.0333, "name": null },
					{ "time": 6.1666, "name": "dj1_009_2_" },
					{ "time": 6.3666, "name": null }
				]
			},
			"dj1_009_3_": {
				"attachment": [
					{ "time": 0.8333, "name": "dj1_009_3_" },
					{ "time": 1.0333, "name": null },
					{ "time": 2.1666, "name": "dj1_009_3_" },
					{ "time": 2.3666, "name": null },
					{ "time": 3.5, "name": "dj1_009_3_" },
					{ "time": 3.7, "name": null },
					{ "time": 4.8333, "name": "dj1_009_3_" },
					{ "time": 5.0333, "name": null },
					{ "time": 6.1666, "name": "dj1_009_3_" },
					{ "time": 6.3666, "name": null }
				]
			},
			"dj1_009_4_": {
				"attachment": [
					{ "time": 0.8333, "name": "dj1_009_4_" },
					{ "time": 1.0333, "name": null },
					{ "time": 2.1666, "name": "dj1_009_4_" },
					{ "time": 2.3666, "name": null },
					{ "time": 3.5, "name": "dj1_009_4_" },
					{ "time": 3.7, "name": null },
					{ "time": 4.8333, "name": "dj1_009_4_" },
					{ "time": 5.0333, "name": null },
					{ "time": 6.1666, "name": "dj1_009_4_" },
					{ "time": 6.3666, "name": null }
				]
			},
			"dj1_010_": {
				"attachment": [
					{ "time": 1.0333, "name": "dj1_010_" },
					{ "time": 1.2, "name": null },
					{ "time": 2.3666, "name": "dj1_010_" },
					{ "time": 2.5333, "name": null },
					{ "time": 3.7, "name": "dj1_010_" },
					{ "time": 3.8666, "name": null },
					{ "time": 5.0333, "name": "dj1_010_" },
					{ "time": 5.2, "name": null },
					{ "time": 6.3666, "name": "dj1_010_" },
					{ "time": 6.5333, "name": null }
				]
			},
			"dj1_010_1_": {
				"attachment": [
					{ "time": 1.0333, "name": "dj1_010_1_" },
					{ "time": 1.2, "name": null },
					{ "time": 2.3666, "name": "dj1_010_1_" },
					{ "time": 2.5333, "name": null },
					{ "time": 3.7, "name": "dj1_010_1_" },
					{ "time": 3.8666, "name": null },
					{ "time": 5.0333, "name": "dj1_010_1_" },
					{ "time": 5.2, "name": null },
					{ "time": 6.3666, "name": "dj1_010_1_" },
					{ "time": 6.5333, "name": null }
				]
			},
			"dj1_010_2_": {
				"attachment": [
					{ "time": 1.0333, "name": "dj1_010_2_" },
					{ "time": 1.2, "name": null },
					{ "time": 2.3666, "name": "dj1_010_2_" },
					{ "time": 2.5333, "name": null },
					{ "time": 3.7, "name": "dj1_010_2_" },
					{ "time": 3.8666, "name": null },
					{ "time": 5.0333, "name": "dj1_010_2_" },
					{ "time": 5.2, "name": null },
					{ "time": 6.3666, "name": "dj1_010_2_" },
					{ "time": 6.5333, "name": null }
				]
			},
			"dj1_010_3_": {
				"attachment": [
					{ "time": 1.0333, "name": "dj1_010_3_" },
					{ "time": 1.2, "name": null },
					{ "time": 2.3666, "name": "dj1_010_3_" },
					{ "time": 2.5333, "name": null },
					{ "time": 3.7, "name": "dj1_010_3_" },
					{ "time": 3.8666, "name": null },
					{ "time": 5.0333, "name": "dj1_010_3_" },
					{ "time": 5.2, "name": null },
					{ "time": 6.3666, "name": "dj1_010_3_" },
					{ "time": 6.5333, "name": null }
				]
			},
			"dj1_010_4_": {
				"attachment": [
					{ "time": 1.0333, "name": "dj1_010_4_" },
					{ "time": 1.2, "name": null },
					{ "time": 2.3666, "name": "dj1_010_4_" },
					{ "time": 2.5333, "name": null },
					{ "time": 3.7, "name": "dj1_010_4_" },
					{ "time": 3.8666, "name": null },
					{ "time": 5.0333, "name": "dj1_010_4_" },
					{ "time": 5.2, "name": null },
					{ "time": 6.3666, "name": "dj1_010_4_" },
					{ "time": 6.5333, "name": null }
				]
			},
			"dj1_010_5_": {
				"attachment": [
					{ "time": 1.0333, "name": "dj1_010_5_" },
					{ "time": 1.2, "name": null },
					{ "time": 2.3666, "name": "dj1_010_5_" },
					{ "time": 2.5333, "name": null },
					{ "time": 3.7, "name": "dj1_010_5_" },
					{ "time": 3.8666, "name": null },
					{ "time": 5.0333, "name": "dj1_010_5_" },
					{ "time": 5.2, "name": null },
					{ "time": 6.3666, "name": "dj1_010_5_" },
					{ "time": 6.5333, "name": null }
				]
			},
			"dj1_011_": {
				"attachment": [
					{ "time": 1.2, "name": "dj1_011_" },
					{ "time": 1.3333, "name": null },
					{ "time": 2.5333, "name": "dj1_011_" },
					{ "time": 2.6666, "name": null },
					{ "time": 3.8666, "name": "dj1_011_" },
					{ "time": 4, "name": null },
					{ "time": 5.2, "name": "dj1_011_" },
					{ "time": 5.3333, "name": null },
					{ "time": 6.5333, "name": "dj1_011_" },
					{ "time": 6.6666, "name": null }
				]
			},
			"dj1_011_1_": {
				"attachment": [
					{ "time": 1.2, "name": "dj1_011_1_" },
					{ "time": 1.3333, "name": null },
					{ "time": 2.5333, "name": "dj1_011_1_" },
					{ "time": 2.6666, "name": null },
					{ "time": 3.8666, "name": "dj1_011_1_" },
					{ "time": 4, "name": null },
					{ "time": 5.2, "name": "dj1_011_1_" },
					{ "time": 5.3333, "name": null },
					{ "time": 6.5333, "name": "dj1_011_1_" },
					{ "time": 6.6666, "name": null }
				]
			},
			"dj1_011_2_": {
				"attachment": [
					{ "time": 1.2, "name": "dj1_011_2_" },
					{ "time": 1.3333, "name": null },
					{ "time": 2.5333, "name": "dj1_011_2_" },
					{ "time": 2.6666, "name": null },
					{ "time": 3.8666, "name": "dj1_011_2_" },
					{ "time": 4, "name": null },
					{ "time": 5.2, "name": "dj1_011_2_" },
					{ "time": 5.3333, "name": null },
					{ "time": 6.5333, "name": "dj1_011_2_" },
					{ "time": 6.6666, "name": null }
				]
			},
			"dj1_011_3_": {
				"attachment": [
					{ "time": 1.2, "name": "dj1_011_3_" },
					{ "time": 1.3333, "name": null },
					{ "time": 2.5333, "name": "dj1_011_3_" },
					{ "time": 2.6666, "name": null },
					{ "time": 3.8666, "name": "dj1_011_3_" },
					{ "time": 4, "name": null },
					{ "time": 5.2, "name": "dj1_011_3_" },
					{ "time": 5.3333, "name": null },
					{ "time": 6.5333, "name": "dj1_011_3_" },
					{ "time": 6.6666, "name": null }
				]
			},
			"dj1_011_4_": {
				"attachment": [
					{ "time": 1.2, "name": "dj1_011_4_" },
					{ "time": 1.3333, "name": null },
					{ "time": 2.5333, "name": "dj1_011_4_" },
					{ "time": 2.6666, "name": null },
					{ "time": 3.8666, "name": "dj1_011_4_" },
					{ "time": 4, "name": null },
					{ "time": 5.2, "name": "dj1_011_4_" },
					{ "time": 5.3333, "name": null },
					{ "time": 6.5333, "name": "dj1_011_4_" },
					{ "time": 6.6666, "name": null }
				]
			},
			"yz_0_2": {
				"attachment": [
					{ "time": 0, "name": "yz_0_" },
					{ "time": 6.6666, "name": "yz_0_" },
					{ "time": 6.7, "name": null },
					{ "time": 8.2, "name": null },
					{ "time": 8.2666, "name": "yz_0_" }
				]
			}
		},
		"bones": {
			"dj1": {
				"rotate": [
					{ "time": 0, "angle": 0, "curve": "stepped" },
					{ "time": 1.3333, "angle": 0, "curve": "stepped" },
					{ "time": 2.6666, "angle": 0, "curve": "stepped" },
					{ "time": 4, "angle": 0, "curve": "stepped" },
					{ "time": 5.3333, "angle": 0, "curve": "stepped" },
					{ "time": 6.6666, "angle": 0, "curve": "stepped" },
					{ "time": 8.2666, "angle": 0 }
				],
				"translate": [
					{ "time": 0, "x": 2.21, "y": -80.31, "curve": "stepped" },
					{ "time": 1.3333, "x": 2.21, "y": -80.31, "curve": "stepped" },
					{ "time": 2.6666, "x": 2.21, "y": -80.31, "curve": "stepped" },
					{ "time": 4, "x": 2.21, "y": -80.31, "curve": "stepped" },
					{ "time": 5.3333, "x": 2.21, "y": -80.31, "curve": "stepped" },
					{ "time": 6.6666, "x": 2.21, "y": -80.31 }
				],
				"scale": [
					{ "time": 0, "x": 1, "y": 1, "curve": "stepped" },
					{ "time": 1.3333, "x": 1, "y": 1, "curve": "stepped" },
					{ "time": 2.6666, "x": 1, "y": 1, "curve": "stepped" },
					{ "time": 4, "x": 1, "y": 1, "curve": "stepped" },
					{ "time": 5.3333, "x": 1, "y": 1, "curve": "stepped" },
					{ "time": 6.6666, "x": 1, "y": 1, "curve": "stepped" },
					{ "time": 8.2666, "x": 1, "y": 1 }
				]
			},
			"bone": {
				"rotate": [
					{ "time": 0, "angle": 7.5 }
				],
				"translate": [
					{ "time": 0, "x": -6.8, "y": 266.86 }
				],
				"scale": [
					{ "time": 0, "x": 2.308, "y": 1.664 }
				]
			}
		}
	}
}
}