{"skeleton":{"hash":"uEtdqitG9MF5rJp//YCRCau53M4","spine":"3.7.94","width":0,"height":0,"images":"./images/","audio":"H:/COK项目/Spine工程/敦煌盲盒—2色大象/大象—金/大象_金_待机休闲_Spine"},"bones":[{"name":"root"},{"name":"ctr","parent":"root","scaleX":1.25,"scaleY":1.25},{"name":"dxgoldenidle_UL_","parent":"ctr"},{"name":"dxgoldenidle_UR_","parent":"ctr"},{"name":"dxgoldenidle_DL_","parent":"ctr"},{"name":"dxgoldenidle_DR_","parent":"ctr"}],"slots":[{"name":"dxgoldenidle_UL_","bone":"dxgoldenidle_UL_"},{"name":"dxgoldenidle_UR_","bone":"dxgoldenidle_UR_"},{"name":"dxgoldenidle_DL_","bone":"dxgoldenidle_DL_"},{"name":"dxgoldenidle_DR_","bone":"dxgoldenidle_DR_"}],"skins":{"default":{"dxgoldenidle_DL_":{"dxgoldenidle_DL_0000_":{"x":-213.5,"y":-187.5,"width":427,"height":375},"dxgoldenidle_DL_0003_":{"x":-213.5,"y":-187.5,"width":427,"height":375},"dxgoldenidle_DL_0006_":{"x":-213.5,"y":-187.5,"width":427,"height":375},"dxgoldenidle_DL_0009_":{"x":-213.5,"y":-187.5,"width":427,"height":375},"dxgoldenidle_DL_0012_":{"x":-213.5,"y":-187.5,"width":427,"height":375},"dxgoldenidle_DL_0015_":{"x":-213.5,"y":-187.5,"width":427,"height":375},"dxgoldenidle_DL_0018_":{"x":-213.5,"y":-187.5,"width":427,"height":375},"dxgoldenidle_DL_0021_":{"x":-213.5,"y":-187.5,"width":427,"height":375},"dxgoldenidle_DL_0024_":{"x":-213.5,"y":-187.5,"width":427,"height":375},"dxgoldenidle_DL_0027_":{"x":-213.5,"y":-187.5,"width":427,"height":375},"dxgoldenidle_DL_0030_":{"x":-213.5,"y":-187.5,"width":427,"height":375},"dxgoldenidle_DL_0033_":{"x":-213.5,"y":-187.5,"width":427,"height":375},"dxgoldenidle_DL_0036_":{"x":-213.5,"y":-187.5,"width":427,"height":375},"dxgoldenidle_DL_0039_":{"x":-213.5,"y":-187.5,"width":427,"height":375},"dxgoldenidle_DL_0042_":{"x":-213.5,"y":-187.5,"width":427,"height":375},"dxgoldenidle_DL_0045_":{"x":-213.5,"y":-187.5,"width":427,"height":375},"dxgoldenidle_DL_0048_":{"x":-213.5,"y":-187.5,"width":427,"height":375},"dxgoldenidle_DL_0051_":{"x":-213.5,"y":-187.5,"width":427,"height":375},"dxgoldenidle_DL_0054_":{"x":-213.5,"y":-187.5,"width":427,"height":375},"dxgoldenidle_DL_0057_":{"x":-213.5,"y":-187.5,"width":427,"height":375},"dxgoldenidle_DL_0060_":{"x":-213.5,"y":-187.5,"width":427,"height":375},"dxgoldenidle_DL_0063_":{"x":-213.5,"y":-187.5,"width":427,"height":375},"dxgoldenidle_DL_0066_":{"x":-213.5,"y":-187.5,"width":427,"height":375},"dxgoldenidle_DL_0069_":{"x":-213.5,"y":-187.5,"width":427,"height":375},"dxgoldenidle_DL_0072_":{"x":-213.5,"y":-187.5,"width":427,"height":375},"dxgoldenidle_DL_0075_":{"x":-213.5,"y":-187.5,"width":427,"height":375},"dxgoldenidle_DL_0078_":{"x":-213.5,"y":-187.5,"width":427,"height":375},"dxgoldenidle_DL_0081_":{"x":-213.5,"y":-187.5,"width":427,"height":375},"dxgoldenidle_DL_0084_":{"x":-213.5,"y":-187.5,"width":427,"height":375},"dxgoldenidle_DL_0087_":{"x":-213.5,"y":-187.5,"width":427,"height":375},"dxgoldenidle_DL_0090_":{"x":-213.5,"y":-187.5,"width":427,"height":375},"dxgoldenidle_DL_0093_":{"x":-213.5,"y":-187.5,"width":427,"height":375},"dxgoldenidle_DL_0096_":{"x":-213.5,"y":-187.5,"width":427,"height":375},"dxgoldenidle_DL_0099_":{"x":-213.5,"y":-187.5,"width":427,"height":375},"dxgoldenidle_DL_0102_":{"x":-213.5,"y":-187.5,"width":427,"height":375},"dxgoldenidle_DL_0105_":{"x":-213.5,"y":-187.5,"width":427,"height":375},"dxgoldenidle_DL_0108_":{"x":-213.5,"y":-187.5,"width":427,"height":375},"dxgoldenidle_DL_0111_":{"x":-213.5,"y":-187.5,"width":427,"height":375},"dxgoldenidle_DL_0114_":{"x":-213.5,"y":-187.5,"width":427,"height":375}},"dxgoldenidle_DR_":{"dxgoldenidle_DR_0000_":{"x":186.5,"y":-187.5,"width":373,"height":375},"dxgoldenidle_DR_0003_":{"x":186.5,"y":-187.5,"width":373,"height":375},"dxgoldenidle_DR_0006_":{"x":186.5,"y":-187.5,"width":373,"height":375},"dxgoldenidle_DR_0009_":{"x":186.5,"y":-187.5,"width":373,"height":375},"dxgoldenidle_DR_0012_":{"x":186.5,"y":-187.5,"width":373,"height":375},"dxgoldenidle_DR_0015_":{"x":186.5,"y":-187.5,"width":373,"height":375},"dxgoldenidle_DR_0018_":{"x":186.5,"y":-187.5,"width":373,"height":375},"dxgoldenidle_DR_0021_":{"x":186.5,"y":-187.5,"width":373,"height":375},"dxgoldenidle_DR_0024_":{"x":186.5,"y":-187.5,"width":373,"height":375},"dxgoldenidle_DR_0027_":{"x":186.5,"y":-187.5,"width":373,"height":375},"dxgoldenidle_DR_0030_":{"x":186.5,"y":-187.5,"width":373,"height":375},"dxgoldenidle_DR_0033_":{"x":186.5,"y":-187.5,"width":373,"height":375},"dxgoldenidle_DR_0036_":{"x":186.5,"y":-187.5,"width":373,"height":375},"dxgoldenidle_DR_0039_":{"x":186.5,"y":-187.5,"width":373,"height":375},"dxgoldenidle_DR_0042_":{"x":186.5,"y":-187.5,"width":373,"height":375},"dxgoldenidle_DR_0045_":{"x":186.5,"y":-187.5,"width":373,"height":375},"dxgoldenidle_DR_0048_":{"x":186.5,"y":-187.5,"width":373,"height":375},"dxgoldenidle_DR_0051_":{"x":186.5,"y":-187.5,"width":373,"height":375},"dxgoldenidle_DR_0054_":{"x":186.5,"y":-187.5,"width":373,"height":375},"dxgoldenidle_DR_0057_":{"x":186.5,"y":-187.5,"width":373,"height":375},"dxgoldenidle_DR_0060_":{"x":186.5,"y":-187.5,"width":373,"height":375},"dxgoldenidle_DR_0063_":{"x":186.5,"y":-187.5,"width":373,"height":375},"dxgoldenidle_DR_0066_":{"x":186.5,"y":-187.5,"width":373,"height":375},"dxgoldenidle_DR_0069_":{"x":186.5,"y":-187.5,"width":373,"height":375},"dxgoldenidle_DR_0072_":{"x":186.5,"y":-187.5,"width":373,"height":375},"dxgoldenidle_DR_0075_":{"x":186.5,"y":-187.5,"width":373,"height":375},"dxgoldenidle_DR_0078_":{"x":186.5,"y":-187.5,"width":373,"height":375},"dxgoldenidle_DR_0081_":{"x":186.5,"y":-187.5,"width":373,"height":375},"dxgoldenidle_DR_0084_":{"x":186.5,"y":-187.5,"width":373,"height":375},"dxgoldenidle_DR_0087_":{"x":186.5,"y":-187.5,"width":373,"height":375},"dxgoldenidle_DR_0090_":{"x":186.5,"y":-187.5,"width":373,"height":375},"dxgoldenidle_DR_0093_":{"x":186.5,"y":-187.5,"width":373,"height":375},"dxgoldenidle_DR_0096_":{"x":186.5,"y":-187.5,"width":373,"height":375},"dxgoldenidle_DR_0099_":{"x":186.5,"y":-187.5,"width":373,"height":375},"dxgoldenidle_DR_0102_":{"x":186.5,"y":-187.5,"width":373,"height":375},"dxgoldenidle_DR_0105_":{"x":186.5,"y":-187.5,"width":373,"height":375},"dxgoldenidle_DR_0108_":{"x":186.5,"y":-187.5,"width":373,"height":375},"dxgoldenidle_DR_0111_":{"x":186.5,"y":-187.5,"width":373,"height":375},"dxgoldenidle_DR_0114_":{"x":186.5,"y":-187.5,"width":373,"height":375}},"dxgoldenidle_UL_":{"dxgoldenidle_UL_0000_":{"x":-213.5,"y":212.5,"width":427,"height":425},"dxgoldenidle_UL_0003_":{"x":-213.5,"y":212.5,"width":427,"height":425},"dxgoldenidle_UL_0006_":{"x":-213.5,"y":212.5,"width":427,"height":425},"dxgoldenidle_UL_0009_":{"x":-213.5,"y":212.5,"width":427,"height":425},"dxgoldenidle_UL_0012_":{"x":-213.5,"y":212.5,"width":427,"height":425},"dxgoldenidle_UL_0015_":{"x":-213.5,"y":212.5,"width":427,"height":425},"dxgoldenidle_UL_0018_":{"x":-213.5,"y":212.5,"width":427,"height":425},"dxgoldenidle_UL_0021_":{"x":-213.5,"y":212.5,"width":427,"height":425},"dxgoldenidle_UL_0024_":{"x":-213.5,"y":212.5,"width":427,"height":425},"dxgoldenidle_UL_0027_":{"x":-213.5,"y":212.5,"width":427,"height":425},"dxgoldenidle_UL_0030_":{"x":-213.5,"y":212.5,"width":427,"height":425},"dxgoldenidle_UL_0033_":{"x":-213.5,"y":212.5,"width":427,"height":425},"dxgoldenidle_UL_0036_":{"x":-213.5,"y":212.5,"width":427,"height":425},"dxgoldenidle_UL_0039_":{"x":-213.5,"y":212.5,"width":427,"height":425},"dxgoldenidle_UL_0042_":{"x":-213.5,"y":212.5,"width":427,"height":425},"dxgoldenidle_UL_0045_":{"x":-213.5,"y":212.5,"width":427,"height":425},"dxgoldenidle_UL_0048_":{"x":-213.5,"y":212.5,"width":427,"height":425},"dxgoldenidle_UL_0051_":{"x":-213.5,"y":212.5,"width":427,"height":425},"dxgoldenidle_UL_0054_":{"x":-213.5,"y":212.5,"width":427,"height":425},"dxgoldenidle_UL_0057_":{"x":-213.5,"y":212.5,"width":427,"height":425},"dxgoldenidle_UL_0060_":{"x":-213.5,"y":212.5,"width":427,"height":425},"dxgoldenidle_UL_0063_":{"x":-213.5,"y":212.5,"width":427,"height":425},"dxgoldenidle_UL_0066_":{"x":-213.5,"y":212.5,"width":427,"height":425},"dxgoldenidle_UL_0069_":{"x":-213.5,"y":212.5,"width":427,"height":425},"dxgoldenidle_UL_0072_":{"x":-213.5,"y":212.5,"width":427,"height":425},"dxgoldenidle_UL_0075_":{"x":-213.5,"y":212.5,"width":427,"height":425},"dxgoldenidle_UL_0078_":{"x":-213.5,"y":212.5,"width":427,"height":425},"dxgoldenidle_UL_0081_":{"x":-213.5,"y":212.5,"width":427,"height":425},"dxgoldenidle_UL_0084_":{"x":-213.5,"y":212.5,"width":427,"height":425},"dxgoldenidle_UL_0087_":{"x":-213.5,"y":212.5,"width":427,"height":425},"dxgoldenidle_UL_0090_":{"x":-213.5,"y":212.5,"width":427,"height":425},"dxgoldenidle_UL_0093_":{"x":-213.5,"y":212.5,"width":427,"height":425},"dxgoldenidle_UL_0096_":{"x":-213.5,"y":212.5,"width":427,"height":425},"dxgoldenidle_UL_0099_":{"x":-213.5,"y":212.5,"width":427,"height":425},"dxgoldenidle_UL_0102_":{"x":-213.5,"y":212.5,"width":427,"height":425},"dxgoldenidle_UL_0105_":{"x":-213.5,"y":212.5,"width":427,"height":425},"dxgoldenidle_UL_0108_":{"x":-213.5,"y":212.5,"width":427,"height":425},"dxgoldenidle_UL_0111_":{"x":-213.5,"y":212.5,"width":427,"height":425},"dxgoldenidle_UL_0114_":{"x":-213.5,"y":212.5,"width":427,"height":425}},"dxgoldenidle_UR_":{"dxgoldenidle_UR_0000_":{"x":186.5,"y":212.5,"width":373,"height":425},"dxgoldenidle_UR_0003_":{"x":186.5,"y":212.5,"width":373,"height":425},"dxgoldenidle_UR_0006_":{"x":186.5,"y":212.5,"width":373,"height":425},"dxgoldenidle_UR_0009_":{"x":186.5,"y":212.5,"width":373,"height":425},"dxgoldenidle_UR_0012_":{"x":186.5,"y":212.5,"width":373,"height":425},"dxgoldenidle_UR_0015_":{"x":186.5,"y":212.5,"width":373,"height":425},"dxgoldenidle_UR_0018_":{"x":186.5,"y":212.5,"width":373,"height":425},"dxgoldenidle_UR_0021_":{"x":186.5,"y":212.5,"width":373,"height":425},"dxgoldenidle_UR_0024_":{"x":186.5,"y":212.5,"width":373,"height":425},"dxgoldenidle_UR_0027_":{"x":186.5,"y":212.5,"width":373,"height":425},"dxgoldenidle_UR_0030_":{"x":186.5,"y":212.5,"width":373,"height":425},"dxgoldenidle_UR_0033_":{"x":186.5,"y":212.5,"width":373,"height":425},"dxgoldenidle_UR_0036_":{"x":186.5,"y":212.5,"width":373,"height":425},"dxgoldenidle_UR_0039_":{"x":186.5,"y":212.5,"width":373,"height":425},"dxgoldenidle_UR_0042_":{"x":186.5,"y":212.5,"width":373,"height":425},"dxgoldenidle_UR_0045_":{"x":186.5,"y":212.5,"width":373,"height":425},"dxgoldenidle_UR_0048_":{"x":186.5,"y":212.5,"width":373,"height":425},"dxgoldenidle_UR_0051_":{"x":186.5,"y":212.5,"width":373,"height":425},"dxgoldenidle_UR_0054_":{"x":186.5,"y":212.5,"width":373,"height":425},"dxgoldenidle_UR_0057_":{"x":186.5,"y":212.5,"width":373,"height":425},"dxgoldenidle_UR_0060_":{"x":186.5,"y":212.5,"width":373,"height":425},"dxgoldenidle_UR_0063_":{"x":186.5,"y":212.5,"width":373,"height":425},"dxgoldenidle_UR_0066_":{"x":186.5,"y":212.5,"width":373,"height":425},"dxgoldenidle_UR_0069_":{"x":186.5,"y":212.5,"width":373,"height":425},"dxgoldenidle_UR_0072_":{"x":186.5,"y":212.5,"width":373,"height":425},"dxgoldenidle_UR_0075_":{"x":186.5,"y":212.5,"width":373,"height":425},"dxgoldenidle_UR_0078_":{"x":186.5,"y":212.5,"width":373,"height":425},"dxgoldenidle_UR_0081_":{"x":186.5,"y":212.5,"width":373,"height":425},"dxgoldenidle_UR_0084_":{"x":186.5,"y":212.5,"width":373,"height":425},"dxgoldenidle_UR_0087_":{"x":186.5,"y":212.5,"width":373,"height":425},"dxgoldenidle_UR_0090_":{"x":186.5,"y":212.5,"width":373,"height":425},"dxgoldenidle_UR_0093_":{"x":186.5,"y":212.5,"width":373,"height":425},"dxgoldenidle_UR_0096_":{"x":186.5,"y":212.5,"width":373,"height":425},"dxgoldenidle_UR_0099_":{"x":186.5,"y":212.5,"width":373,"height":425},"dxgoldenidle_UR_0102_":{"x":186.5,"y":212.5,"width":373,"height":425},"dxgoldenidle_UR_0105_":{"x":186.5,"y":212.5,"width":373,"height":425},"dxgoldenidle_UR_0108_":{"x":186.5,"y":212.5,"width":373,"height":425},"dxgoldenidle_UR_0111_":{"x":186.5,"y":212.5,"width":373,"height":425},"dxgoldenidle_UR_0114_":{"x":186.5,"y":212.5,"width":373,"height":425}}}},"animations":{"animation":{"slots":{"dxgoldenidle_DL_":{"attachment":[{"time":0,"name":"dxgoldenidle_DL_0000_"},{"time":0.1,"name":"dxgoldenidle_DL_0003_"},{"time":0.2,"name":"dxgoldenidle_DL_0006_"},{"time":0.3,"name":"dxgoldenidle_DL_0009_"},{"time":0.4,"name":"dxgoldenidle_DL_0012_"},{"time":0.5,"name":"dxgoldenidle_DL_0015_"},{"time":0.6,"name":"dxgoldenidle_DL_0018_"},{"time":0.7,"name":"dxgoldenidle_DL_0021_"},{"time":0.8,"name":"dxgoldenidle_DL_0024_"},{"time":0.9,"name":"dxgoldenidle_DL_0027_"},{"time":1,"name":"dxgoldenidle_DL_0030_"},{"time":1.1,"name":"dxgoldenidle_DL_0033_"},{"time":1.2,"name":"dxgoldenidle_DL_0036_"},{"time":1.3,"name":"dxgoldenidle_DL_0039_"},{"time":1.4,"name":"dxgoldenidle_DL_0042_"},{"time":1.5,"name":"dxgoldenidle_DL_0045_"},{"time":1.6,"name":"dxgoldenidle_DL_0048_"},{"time":1.7,"name":"dxgoldenidle_DL_0051_"},{"time":1.8,"name":"dxgoldenidle_DL_0054_"},{"time":1.9,"name":"dxgoldenidle_DL_0057_"},{"time":2,"name":"dxgoldenidle_DL_0060_"},{"time":2.1,"name":"dxgoldenidle_DL_0063_"},{"time":2.2,"name":"dxgoldenidle_DL_0066_"},{"time":2.3,"name":"dxgoldenidle_DL_0069_"},{"time":2.4,"name":"dxgoldenidle_DL_0072_"},{"time":2.5,"name":"dxgoldenidle_DL_0075_"},{"time":2.6,"name":"dxgoldenidle_DL_0078_"},{"time":2.7,"name":"dxgoldenidle_DL_0081_"},{"time":2.8,"name":"dxgoldenidle_DL_0084_"},{"time":2.9,"name":"dxgoldenidle_DL_0087_"},{"time":3,"name":"dxgoldenidle_DL_0090_"},{"time":3.1,"name":"dxgoldenidle_DL_0093_"},{"time":3.2,"name":"dxgoldenidle_DL_0096_"},{"time":3.3,"name":"dxgoldenidle_DL_0099_"},{"time":3.4,"name":"dxgoldenidle_DL_0102_"},{"time":3.5,"name":"dxgoldenidle_DL_0105_"},{"time":3.6,"name":"dxgoldenidle_DL_0108_"},{"time":3.7,"name":"dxgoldenidle_DL_0111_"},{"time":3.8,"name":"dxgoldenidle_DL_0114_"}]},"dxgoldenidle_DR_":{"attachment":[{"time":0,"name":"dxgoldenidle_DR_0000_"},{"time":0.1,"name":"dxgoldenidle_DR_0003_"},{"time":0.2,"name":"dxgoldenidle_DR_0006_"},{"time":0.3,"name":"dxgoldenidle_DR_0009_"},{"time":0.4,"name":"dxgoldenidle_DR_0012_"},{"time":0.5,"name":"dxgoldenidle_DR_0015_"},{"time":0.6,"name":"dxgoldenidle_DR_0018_"},{"time":0.7,"name":"dxgoldenidle_DR_0021_"},{"time":0.8,"name":"dxgoldenidle_DR_0024_"},{"time":0.9,"name":"dxgoldenidle_DR_0027_"},{"time":1,"name":"dxgoldenidle_DR_0030_"},{"time":1.1,"name":"dxgoldenidle_DR_0033_"},{"time":1.2,"name":"dxgoldenidle_DR_0036_"},{"time":1.3,"name":"dxgoldenidle_DR_0039_"},{"time":1.4,"name":"dxgoldenidle_DR_0042_"},{"time":1.5,"name":"dxgoldenidle_DR_0045_"},{"time":1.6,"name":"dxgoldenidle_DR_0048_"},{"time":1.7,"name":"dxgoldenidle_DR_0051_"},{"time":1.8,"name":"dxgoldenidle_DR_0054_"},{"time":1.9,"name":"dxgoldenidle_DR_0057_"},{"time":2,"name":"dxgoldenidle_DR_0060_"},{"time":2.1,"name":"dxgoldenidle_DR_0063_"},{"time":2.2,"name":"dxgoldenidle_DR_0066_"},{"time":2.3,"name":"dxgoldenidle_DR_0069_"},{"time":2.4,"name":"dxgoldenidle_DR_0072_"},{"time":2.5,"name":"dxgoldenidle_DR_0075_"},{"time":2.6,"name":"dxgoldenidle_DR_0078_"},{"time":2.7,"name":"dxgoldenidle_DR_0081_"},{"time":2.8,"name":"dxgoldenidle_DR_0084_"},{"time":2.9,"name":"dxgoldenidle_DR_0087_"},{"time":3,"name":"dxgoldenidle_DR_0090_"},{"time":3.1,"name":"dxgoldenidle_DR_0093_"},{"time":3.2,"name":"dxgoldenidle_DR_0096_"},{"time":3.3,"name":"dxgoldenidle_DR_0099_"},{"time":3.4,"name":"dxgoldenidle_DR_0102_"},{"time":3.5,"name":"dxgoldenidle_DR_0105_"},{"time":3.6,"name":"dxgoldenidle_DR_0108_"},{"time":3.7,"name":"dxgoldenidle_DR_0111_"},{"time":3.8,"name":"dxgoldenidle_DR_0114_"}]},"dxgoldenidle_UL_":{"attachment":[{"time":0,"name":"dxgoldenidle_UL_0000_"},{"time":0.1,"name":"dxgoldenidle_UL_0003_"},{"time":0.2,"name":"dxgoldenidle_UL_0006_"},{"time":0.3,"name":"dxgoldenidle_UL_0009_"},{"time":0.4,"name":"dxgoldenidle_UL_0012_"},{"time":0.5,"name":"dxgoldenidle_UL_0015_"},{"time":0.6,"name":"dxgoldenidle_UL_0018_"},{"time":0.7,"name":"dxgoldenidle_UL_0021_"},{"time":0.8,"name":"dxgoldenidle_UL_0024_"},{"time":0.9,"name":"dxgoldenidle_UL_0027_"},{"time":1,"name":"dxgoldenidle_UL_0030_"},{"time":1.1,"name":"dxgoldenidle_UL_0033_"},{"time":1.2,"name":"dxgoldenidle_UL_0036_"},{"time":1.3,"name":"dxgoldenidle_UL_0039_"},{"time":1.4,"name":"dxgoldenidle_UL_0042_"},{"time":1.5,"name":"dxgoldenidle_UL_0045_"},{"time":1.6,"name":"dxgoldenidle_UL_0048_"},{"time":1.7,"name":"dxgoldenidle_UL_0051_"},{"time":1.8,"name":"dxgoldenidle_UL_0054_"},{"time":1.9,"name":"dxgoldenidle_UL_0057_"},{"time":2,"name":"dxgoldenidle_UL_0060_"},{"time":2.1,"name":"dxgoldenidle_UL_0063_"},{"time":2.2,"name":"dxgoldenidle_UL_0066_"},{"time":2.3,"name":"dxgoldenidle_UL_0069_"},{"time":2.4,"name":"dxgoldenidle_UL_0072_"},{"time":2.5,"name":"dxgoldenidle_UL_0075_"},{"time":2.6,"name":"dxgoldenidle_UL_0078_"},{"time":2.7,"name":"dxgoldenidle_UL_0081_"},{"time":2.8,"name":"dxgoldenidle_UL_0084_"},{"time":2.9,"name":"dxgoldenidle_UL_0087_"},{"time":3,"name":"dxgoldenidle_UL_0090_"},{"time":3.1,"name":"dxgoldenidle_UL_0093_"},{"time":3.2,"name":"dxgoldenidle_UL_0096_"},{"time":3.3,"name":"dxgoldenidle_UL_0099_"},{"time":3.4,"name":"dxgoldenidle_UL_0102_"},{"time":3.5,"name":"dxgoldenidle_UL_0105_"},{"time":3.6,"name":"dxgoldenidle_UL_0108_"},{"time":3.7,"name":"dxgoldenidle_UL_0111_"},{"time":3.8,"name":"dxgoldenidle_UL_0114_"}]},"dxgoldenidle_UR_":{"attachment":[{"time":0,"name":"dxgoldenidle_UR_0000_"},{"time":0.1,"name":"dxgoldenidle_UR_0003_"},{"time":0.2,"name":"dxgoldenidle_UR_0006_"},{"time":0.3,"name":"dxgoldenidle_UR_0009_"},{"time":0.4,"name":"dxgoldenidle_UR_0012_"},{"time":0.5,"name":"dxgoldenidle_UR_0015_"},{"time":0.6,"name":"dxgoldenidle_UR_0018_"},{"time":0.7,"name":"dxgoldenidle_UR_0021_"},{"time":0.8,"name":"dxgoldenidle_UR_0024_"},{"time":0.9,"name":"dxgoldenidle_UR_0027_"},{"time":1,"name":"dxgoldenidle_UR_0030_"},{"time":1.1,"name":"dxgoldenidle_UR_0033_"},{"time":1.2,"name":"dxgoldenidle_UR_0036_"},{"time":1.3,"name":"dxgoldenidle_UR_0039_"},{"time":1.4,"name":"dxgoldenidle_UR_0042_"},{"time":1.5,"name":"dxgoldenidle_UR_0045_"},{"time":1.6,"name":"dxgoldenidle_UR_0048_"},{"time":1.7,"name":"dxgoldenidle_UR_0051_"},{"time":1.8,"name":"dxgoldenidle_UR_0054_"},{"time":1.9,"name":"dxgoldenidle_UR_0057_"},{"time":2,"name":"dxgoldenidle_UR_0060_"},{"time":2.1,"name":"dxgoldenidle_UR_0063_"},{"time":2.2,"name":"dxgoldenidle_UR_0066_"},{"time":2.3,"name":"dxgoldenidle_UR_0069_"},{"time":2.4,"name":"dxgoldenidle_UR_0072_"},{"time":2.5,"name":"dxgoldenidle_UR_0075_"},{"time":2.6,"name":"dxgoldenidle_UR_0078_"},{"time":2.7,"name":"dxgoldenidle_UR_0081_"},{"time":2.8,"name":"dxgoldenidle_UR_0084_"},{"time":2.9,"name":"dxgoldenidle_UR_0087_"},{"time":3,"name":"dxgoldenidle_UR_0090_"},{"time":3.1,"name":"dxgoldenidle_UR_0093_"},{"time":3.2,"name":"dxgoldenidle_UR_0096_"},{"time":3.3,"name":"dxgoldenidle_UR_0099_"},{"time":3.4,"name":"dxgoldenidle_UR_0102_"},{"time":3.5,"name":"dxgoldenidle_UR_0105_"},{"time":3.6,"name":"dxgoldenidle_UR_0108_"},{"time":3.7,"name":"dxgoldenidle_UR_0111_"},{"time":3.8,"name":"dxgoldenidle_UR_0114_"}]}},"bones":{"ctr":{"translate":[{"time":0,"x":30,"y":100}]}}}}}