{
"skeleton": { "hash": "az3bYgqxMwUg9u/R4jLx/3mK/cY", "spine": "2.1.27", "width": 0, "height": 0 },
"bones": [
	{ "name": "root" },
	{ "name": "L", "parent": "root", "length": 65.71, "rotation": 180 },
	{ "name": "R", "parent": "root", "length": 65.71, "scaleX": -1, "rotation": 180 }
],
"slots": [
	{ "name": "cbhcb_000_", "bone": "L" },
	{ "name": "cbhcb_000_2", "bone": "R" }
],
"skins": {
	"default": {
		"cbhcb_000_": {
			"cbhcb_000_": { "x": 150.55, "y": -15, "rotation": -180, "width": 376, "height": 472 },
			"cbhcb_001_": { "x": 150.55, "y": -15, "rotation": -180, "width": 376, "height": 472 },
			"cbhcb_002_": { "x": 150.55, "y": -15, "rotation": -180, "width": 376, "height": 472 },
			"cbhcb_003_": { "x": 150.55, "y": -15, "rotation": -180, "width": 376, "height": 472 },
			"cbhcb_004_": { "x": 150.55, "y": -15, "rotation": -180, "width": 376, "height": 472 },
			"cbhcb_005_": { "x": 150.55, "y": -15, "rotation": -180, "width": 376, "height": 472 },
			"cbhcb_006_": { "x": 150.55, "y": -15, "rotation": -180, "width": 376, "height": 472 },
			"cbhcb_007_": { "x": 150.55, "y": -15, "rotation": -180, "width": 376, "height": 472 },
			"cbhcb_008_": { "x": 150.55, "y": -15, "rotation": -180, "width": 376, "height": 472 },
			"cbhcb_009_": { "x": 150.55, "y": -15, "rotation": -180, "width": 376, "height": 472 },
			"cbhcb_010_": { "x": 150.55, "y": -15, "rotation": -180, "width": 376, "height": 472 },
			"cbhcb_011_": { "x": 150.55, "y": -15, "rotation": -180, "width": 376, "height": 472 },
			"cbhcb_012_": { "x": 150.55, "y": -15, "rotation": -180, "width": 376, "height": 472 },
			"cbhcb_013_": { "x": 150.55, "y": -15, "rotation": -180, "width": 376, "height": 472 },
			"cbhcb_014_": { "x": 150.55, "y": -15, "rotation": -180, "width": 376, "height": 472 },
			"cbhcb_015_": { "x": 150.55, "y": -15, "rotation": -180, "width": 376, "height": 472 },
			"cbhcb_016_": { "x": 150.55, "y": -15, "rotation": -180, "width": 376, "height": 472 },
			"cbhcb_017_": { "x": 150.55, "y": -15, "rotation": -180, "width": 376, "height": 472 },
			"cbhcb_018_": { "x": 150.55, "y": -15, "rotation": -180, "width": 376, "height": 472 },
			"cbhcb_019_": { "x": 150.55, "y": -15, "rotation": -180, "width": 376, "height": 472 },
			"cbhcb_020_": { "x": 150.55, "y": -15, "rotation": -180, "width": 376, "height": 472 }
		},
		"cbhcb_000_2": {
			"cbhcb_000_": { "x": 150.55, "y": -15, "rotation": -180, "width": 376, "height": 472 },
			"cbhcb_001_": { "x": 150.55, "y": -15, "rotation": -180, "width": 376, "height": 472 },
			"cbhcb_002_": { "x": 150.55, "y": -15, "rotation": -180, "width": 376, "height": 472 },
			"cbhcb_003_": { "x": 150.55, "y": -15, "rotation": -180, "width": 376, "height": 472 },
			"cbhcb_004_": { "x": 150.55, "y": -15, "rotation": -180, "width": 376, "height": 472 },
			"cbhcb_005_": { "x": 150.55, "y": -15, "rotation": -180, "width": 376, "height": 472 },
			"cbhcb_006_": { "x": 150.55, "y": -15, "rotation": -180, "width": 376, "height": 472 },
			"cbhcb_007_": { "x": 150.55, "y": -15, "rotation": -180, "width": 376, "height": 472 },
			"cbhcb_008_": { "x": 150.55, "y": -15, "rotation": -180, "width": 376, "height": 472 },
			"cbhcb_009_": { "x": 150.55, "y": -15, "rotation": -180, "width": 376, "height": 472 },
			"cbhcb_010_": { "x": 150.55, "y": -15, "rotation": -180, "width": 376, "height": 472 },
			"cbhcb_011_": { "x": 150.55, "y": -15, "rotation": -180, "width": 376, "height": 472 },
			"cbhcb_012_": { "x": 150.55, "y": -15, "rotation": -180, "width": 376, "height": 472 },
			"cbhcb_013_": { "x": 150.55, "y": -15, "rotation": -180, "width": 376, "height": 472 },
			"cbhcb_014_": { "x": 150.55, "y": -15, "rotation": -180, "width": 376, "height": 472 },
			"cbhcb_015_": { "x": 150.55, "y": -15, "rotation": -180, "width": 376, "height": 472 },
			"cbhcb_016_": { "x": 150.55, "y": -15, "rotation": -180, "width": 376, "height": 472 },
			"cbhcb_017_": { "x": 150.55, "y": -15, "rotation": -180, "width": 376, "height": 472 },
			"cbhcb_018_": { "x": 150.55, "y": -15, "rotation": -180, "width": 376, "height": 472 },
			"cbhcb_019_": { "x": 150.55, "y": -15, "rotation": -180, "width": 376, "height": 472 },
			"cbhcb_020_": { "x": 150.55, "y": -15, "rotation": -180, "width": 376, "height": 472 }
		}
	}
},
"animations": {
	"dj": {
		"slots": {
			"cbhcb_000_": {
				"attachment": [
					{ "time": 0, "name": "cbhcb_000_" },
					{ "time": 0.0666, "name": "cbhcb_001_" },
					{ "time": 0.1333, "name": "cbhcb_002_" },
					{ "time": 0.2, "name": "cbhcb_003_" },
					{ "time": 0.2666, "name": "cbhcb_004_" },
					{ "time": 0.3333, "name": "cbhcb_005_" },
					{ "time": 0.4, "name": "cbhcb_006_" },
					{ "time": 0.4666, "name": "cbhcb_007_" },
					{ "time": 0.5333, "name": "cbhcb_008_" },
					{ "time": 0.6, "name": "cbhcb_009_" },
					{ "time": 0.6666, "name": "cbhcb_010_" },
					{ "time": 0.7333, "name": "cbhcb_011_" },
					{ "time": 0.8, "name": "cbhcb_012_" },
					{ "time": 0.8666, "name": "cbhcb_013_" },
					{ "time": 0.9333, "name": "cbhcb_014_" },
					{ "time": 1, "name": "cbhcb_015_" },
					{ "time": 1.0666, "name": "cbhcb_016_" },
					{ "time": 1.1333, "name": "cbhcb_017_" },
					{ "time": 1.2, "name": "cbhcb_018_" },
					{ "time": 1.2666, "name": "cbhcb_019_" },
					{ "time": 1.3333, "name": "cbhcb_020_" }
				]
			},
			"cbhcb_000_2": {
				"attachment": [
					{ "time": 0, "name": "cbhcb_000_" },
					{ "time": 0.0666, "name": "cbhcb_001_" },
					{ "time": 0.1333, "name": "cbhcb_002_" },
					{ "time": 0.2, "name": "cbhcb_003_" },
					{ "time": 0.2666, "name": "cbhcb_004_" },
					{ "time": 0.3333, "name": "cbhcb_005_" },
					{ "time": 0.4, "name": "cbhcb_006_" },
					{ "time": 0.4666, "name": "cbhcb_007_" },
					{ "time": 0.5333, "name": "cbhcb_008_" },
					{ "time": 0.6, "name": "cbhcb_009_" },
					{ "time": 0.6666, "name": "cbhcb_010_" },
					{ "time": 0.7333, "name": "cbhcb_011_" },
					{ "time": 0.8, "name": "cbhcb_012_" },
					{ "time": 0.8666, "name": "cbhcb_013_" },
					{ "time": 0.9333, "name": "cbhcb_014_" },
					{ "time": 1, "name": "cbhcb_015_" },
					{ "time": 1.0666, "name": "cbhcb_016_" },
					{ "time": 1.1333, "name": "cbhcb_017_" },
					{ "time": 1.2, "name": "cbhcb_018_" },
					{ "time": 1.2666, "name": "cbhcb_019_" },
					{ "time": 1.3333, "name": "cbhcb_020_" }
				]
			}
		},
		"bones": {
			"L": {
				"rotate": [
					{ "time": 0, "angle": 0, "curve": "stepped" },
					{ "time": 1.3333, "angle": 0 }
				],
				"translate": [
					{ "time": 0, "x": -111, "y": 99.44, "curve": "stepped" },
					{ "time": 1.3333, "x": -111, "y": 99.44 }
				],
				"scale": [
					{ "time": 0, "x": 1, "y": 1, "curve": "stepped" },
					{ "time": 1.3333, "x": 1, "y": 1 }
				]
			},
			"R": {
				"rotate": [
					{ "time": 0, "angle": 0, "curve": "stepped" },
					{ "time": 1.3333, "angle": 0 }
				],
				"translate": [
					{ "time": 0, "x": 111, "y": 99.44, "curve": "stepped" },
					{ "time": 1.3333, "x": 111, "y": 99.44 }
				],
				"scale": [
					{ "time": 0, "x": 1, "y": 1, "curve": "stepped" },
					{ "time": 1.3333, "x": 1, "y": 1 }
				]
			},
			"root": {
				"rotate": [
					{ "time": 0, "angle": 0, "curve": "stepped" },
					{ "time": 1.3333, "angle": 0 }
				],
				"translate": [
					{ "time": 1.3333, "x": 0, "y": 0 }
				],
				"scale": [
					{ "time": 0, "x": 1, "y": 1, "curve": "stepped" },
					{ "time": 1.3333, "x": 1, "y": 1 }
				]
			}
		},
		"drawOrder": [
			{ "time": 0 }
		]
	}
}
}