{
"skeleton": { "hash": "hNng34lIp+CE70InGaV20iQR6wo", "spine": "2.1.27", "width": 800, "height": 800 },
"bones": [
	{ "name": "root" },
	{ "name": "bone", "parent": "root", "length": 138.44, "y": -194.99, "rotation": -90 }
],
"slots": [
	{ "name": "Gcb_01_2", "bone": "bone", "attachment": "Gcb_01_" }
],
"skins": {
	"default": {
		"Gcb_01_2": {
			"Gcb_01_": { "x": -194.99, "rotation": 90, "width": 800, "height": 800 },
			"Gcb_02_": { "x": -194.99, "rotation": 90, "width": 800, "height": 800 },
			"Gcb_03_": { "x": -194.99, "rotation": 90, "width": 800, "height": 800 },
			"Gcb_04_": { "x": -194.99, "rotation": 90, "width": 800, "height": 800 },
			"Gcb_05_": { "x": -194.99, "rotation": 90, "width": 800, "height": 800 },
			"Gcb_06_": { "x": -194.99, "rotation": 90, "width": 800, "height": 800 },
			"Gcb_07_": { "x": -194.99, "rotation": 90, "width": 800, "height": 800 },
			"Gcb_08_": { "x": -194.99, "rotation": 90, "width": 800, "height": 800 }
		}
	}
},
"animations": {
	"dj": {
		"slots": {
			"Gcb_01_2": {
				"attachment": [
					{ "time": 0.1333, "name": "Gcb_02_" },
					{ "time": 0.3, "name": "Gcb_03_" },
					{ "time": 0.4333, "name": "Gcb_04_" },
					{ "time": 0.6333, "name": "Gcb_05_" },
					{ "time": 0.7666, "name": "Gcb_06_" },
					{ "time": 0.9333, "name": "Gcb_07_" },
					{ "time": 1.0333, "name": "Gcb_08_" },
					{ "time": 1.1666, "name": "Gcb_01_" }
				]
			}
		},
		"bones": {
			"bone": {
				"rotate": [
					{ "time": 0, "angle": 0 }
				],
				"translate": [
					{ "time": 0, "x": 0, "y": 167.13 }
				],
				"scale": [
					{ "time": 0, "x": 1, "y": 1 }
				]
			}
		},
		"drawOrder": [
			{ "time": 0 }
		]
	}
}
}