{
"skeleton": { "hash": "m31pj58zCvBgPhDIua3i/8jnIfw", "spine": "2.1.27", "width": 0, "height": 0 },
"bones": [
	{ "name": "root", "x": 29.48 },
	{ "name": "guangshu11_1", "parent": "root", "x": -29.48 },
	{ "name": "guangshu11_2", "parent": "root", "x": -29.48 },
	{ "name": "guangshu11_3", "parent": "root", "x": -29.48 },
	{ "name": "guangshu11_4", "parent": "root", "x": -29.48 },
	{ "name": "guangshu22_1", "parent": "root", "x": -29.48 },
	{ "name": "guangshu22_2", "parent": "root", "x": -29.48 },
	{ "name": "guangshu22_3", "parent": "root", "x": -29.48 },
	{ "name": "huan", "parent": "root" },
	{ "name": "ball_1", "parent": "guangshu11_1", "x": 29.48 },
	{ "name": "ball_2", "parent": "guangshu11_2", "x": 29.48 },
	{ "name": "ball_3", "parent": "guangshu22_1", "x": 29.48 },
	{ "name": "ball_4", "parent": "guangshu22_2", "x": 29.48 },
	{ "name": "ball_5", "parent": "guangshu11_3", "x": 29.48 },
	{ "name": "ball_6", "parent": "guangshu22_3", "x": 29.48 },
	{ "name": "ball_7", "parent": "guangshu11_4", "x": 29.48 },
	{ "name": "guagnshu02_1", "parent": "guangshu22_1", "x": 29.48, "scaleX": 1.25, "scaleY": 1.25 },
	{ "name": "guagnshu02_2", "parent": "guangshu22_2", "x": 29.48, "scaleX": 1.25, "scaleY": 1.25 },
	{ "name": "guagnshu02_3", "parent": "guangshu22_3", "x": 29.48, "scaleX": 1.25, "scaleY": 1.25 },
	{ "name": "guangshu01_1", "parent": "guangshu11_1", "x": 29.48, "scaleX": 1.25, "scaleY": 1.25 },
	{ "name": "guangshu01_2", "parent": "guangshu11_2", "x": 29.48, "scaleX": 1.25, "scaleY": 1.25 },
	{ "name": "guangshu01_3", "parent": "guangshu11_3", "x": 29.48, "scaleX": 1.25, "scaleY": 1.25 },
	{ "name": "guangshu01_4", "parent": "guangshu11_4", "x": 29.48, "scaleX": 1.25, "scaleY": 1.25 }
],
"slots": [
	{ "name": "huan", "bone": "huan" },
	{ "name": "guangshu01_1", "bone": "guangshu01_1", "blend": "screen" },
	{ "name": "guangshu01_4", "bone": "guangshu01_4", "blend": "screen" },
	{ "name": "guangshu01_2", "bone": "guangshu01_2", "blend": "screen" },
	{ "name": "guangshu01_3", "bone": "guangshu01_3", "blend": "screen" },
	{ "name": "guagnshu02_1", "bone": "guagnshu02_1", "blend": "screen" },
	{ "name": "guagnshu02_2", "bone": "guagnshu02_2", "blend": "screen" },
	{ "name": "guagnshu02_3", "bone": "guagnshu02_3", "blend": "screen" },
	{ "name": "ball_1", "bone": "ball_1", "blend": "screen" },
	{ "name": "ball_7", "bone": "ball_7", "blend": "screen" },
	{ "name": "ball_2", "bone": "ball_2", "blend": "screen" },
	{ "name": "ball_5", "bone": "ball_5", "blend": "screen" },
	{ "name": "ball_3", "bone": "ball_3", "blend": "screen" },
	{ "name": "ball_4", "bone": "ball_4", "blend": "screen" },
	{ "name": "ball_6", "bone": "ball_6", "blend": "screen" }
],
"skins": {
	"default": {
		"ball_1": {
			"ball_00_": { "width": 340, "height": 120 },
			"ball_03_": { "width": 340, "height": 120 },
			"ball_04_": { "width": 340, "height": 120 },
			"ball_06_": { "width": 340, "height": 120 },
			"ball_07_": { "width": 340, "height": 120 },
			"ball_08_": { "width": 340, "height": 120 },
			"ball_09_": { "width": 340, "height": 120 },
			"ball_10_": { "width": 340, "height": 120 },
			"ball_11_": { "width": 340, "height": 120 },
			"ball_12_": { "width": 340, "height": 120 },
			"ball_13_": { "width": 340, "height": 120 }
		},
		"ball_2": {
			"ball_00_": { "width": 340, "height": 120 },
			"ball_03_": { "width": 340, "height": 120 },
			"ball_04_": { "width": 340, "height": 120 },
			"ball_06_": { "width": 340, "height": 120 },
			"ball_07_": { "width": 340, "height": 120 },
			"ball_08_": { "width": 340, "height": 120 },
			"ball_09_": { "width": 340, "height": 120 },
			"ball_10_": { "width": 340, "height": 120 },
			"ball_11_": { "width": 340, "height": 120 },
			"ball_12_": { "width": 340, "height": 120 },
			"ball_13_": { "width": 340, "height": 120 }
		},
		"ball_3": {
			"ball_00_": { "width": 340, "height": 120 },
			"ball_03_": { "width": 340, "height": 120 },
			"ball_04_": { "width": 340, "height": 120 },
			"ball_06_": { "width": 340, "height": 120 },
			"ball_07_": { "width": 340, "height": 120 },
			"ball_08_": { "width": 340, "height": 120 },
			"ball_09_": { "width": 340, "height": 120 },
			"ball_10_": { "width": 340, "height": 120 },
			"ball_11_": { "width": 340, "height": 120 },
			"ball_12_": { "width": 340, "height": 120 },
			"ball_13_": { "width": 340, "height": 120 }
		},
		"ball_4": {
			"ball_00_": { "width": 340, "height": 120 },
			"ball_03_": { "width": 340, "height": 120 },
			"ball_04_": { "width": 340, "height": 120 },
			"ball_06_": { "width": 340, "height": 120 },
			"ball_07_": { "width": 340, "height": 120 },
			"ball_08_": { "width": 340, "height": 120 },
			"ball_09_": { "width": 340, "height": 120 },
			"ball_10_": { "width": 340, "height": 120 },
			"ball_11_": { "width": 340, "height": 120 },
			"ball_12_": { "width": 340, "height": 120 },
			"ball_13_": { "width": 340, "height": 120 }
		},
		"ball_5": {
			"ball_00_": { "width": 340, "height": 120 },
			"ball_03_": { "width": 340, "height": 120 },
			"ball_04_": { "width": 340, "height": 120 },
			"ball_06_": { "width": 340, "height": 120 },
			"ball_07_": { "width": 340, "height": 120 },
			"ball_08_": { "width": 340, "height": 120 },
			"ball_09_": { "width": 340, "height": 120 },
			"ball_10_": { "width": 340, "height": 120 },
			"ball_11_": { "width": 340, "height": 120 },
			"ball_12_": { "width": 340, "height": 120 },
			"ball_13_": { "width": 340, "height": 120 }
		},
		"ball_6": {
			"ball_00_": { "width": 340, "height": 120 },
			"ball_03_": { "width": 340, "height": 120 },
			"ball_04_": { "width": 340, "height": 120 },
			"ball_06_": { "width": 340, "height": 120 },
			"ball_07_": { "width": 340, "height": 120 },
			"ball_08_": { "width": 340, "height": 120 },
			"ball_09_": { "width": 340, "height": 120 },
			"ball_10_": { "width": 340, "height": 120 },
			"ball_11_": { "width": 340, "height": 120 },
			"ball_12_": { "width": 340, "height": 120 },
			"ball_13_": { "width": 340, "height": 120 }
		},
		"ball_7": {
			"ball_00_": { "width": 340, "height": 120 },
			"ball_03_": { "width": 340, "height": 120 },
			"ball_04_": { "width": 340, "height": 120 },
			"ball_06_": { "width": 340, "height": 120 },
			"ball_07_": { "width": 340, "height": 120 },
			"ball_08_": { "width": 340, "height": 120 },
			"ball_09_": { "width": 340, "height": 120 },
			"ball_10_": { "width": 340, "height": 120 },
			"ball_11_": { "width": 340, "height": 120 },
			"ball_12_": { "width": 340, "height": 120 },
			"ball_13_": { "width": 340, "height": 120 }
		},
		"guagnshu02_1": {
			"guagnshu02_00_": { "width": 128, "height": 154 },
			"guagnshu02_01_": { "width": 128, "height": 154 },
			"guagnshu02_02_": { "width": 128, "height": 154 },
			"guagnshu02_03_": { "width": 128, "height": 154 },
			"guagnshu02_04_": { "width": 128, "height": 154 },
			"guagnshu02_05_": { "width": 128, "height": 154 },
			"guagnshu02_07_": { "width": 128, "height": 154 },
			"guagnshu02_08_": { "width": 128, "height": 154 },
			"guagnshu02_09_": { "width": 128, "height": 154 },
			"guagnshu02_10_": { "width": 128, "height": 154 },
			"guagnshu02_12_": { "width": 128, "height": 154 },
			"guagnshu02_13_": { "width": 128, "height": 154 },
			"guagnshu02_14_": { "width": 128, "height": 154 },
			"guagnshu02_16_": { "width": 128, "height": 154 }
		},
		"guagnshu02_2": {
			"guagnshu02_00_": { "width": 128, "height": 154 },
			"guagnshu02_01_": { "width": 128, "height": 154 },
			"guagnshu02_02_": { "width": 128, "height": 154 },
			"guagnshu02_03_": { "width": 128, "height": 154 },
			"guagnshu02_04_": { "width": 128, "height": 154 },
			"guagnshu02_05_": { "width": 128, "height": 154 },
			"guagnshu02_07_": { "width": 128, "height": 154 },
			"guagnshu02_08_": { "width": 128, "height": 154 },
			"guagnshu02_09_": { "width": 128, "height": 154 },
			"guagnshu02_10_": { "width": 128, "height": 154 },
			"guagnshu02_12_": { "width": 128, "height": 154 },
			"guagnshu02_13_": { "width": 128, "height": 154 },
			"guagnshu02_14_": { "width": 128, "height": 154 },
			"guagnshu02_16_": { "width": 128, "height": 154 }
		},
		"guagnshu02_3": {
			"guagnshu02_00_": { "width": 128, "height": 154 },
			"guagnshu02_01_": { "width": 128, "height": 154 },
			"guagnshu02_02_": { "width": 128, "height": 154 },
			"guagnshu02_03_": { "width": 128, "height": 154 },
			"guagnshu02_04_": { "width": 128, "height": 154 },
			"guagnshu02_05_": { "width": 128, "height": 154 },
			"guagnshu02_07_": { "width": 128, "height": 154 },
			"guagnshu02_08_": { "width": 128, "height": 154 },
			"guagnshu02_09_": { "width": 128, "height": 154 },
			"guagnshu02_10_": { "width": 128, "height": 154 },
			"guagnshu02_12_": { "width": 128, "height": 154 },
			"guagnshu02_13_": { "width": 128, "height": 154 },
			"guagnshu02_14_": { "width": 128, "height": 154 },
			"guagnshu02_16_": { "width": 128, "height": 154 }
		},
		"guangshu01_1": {
			"guangshu01_00_": { "width": 154, "height": 179 },
			"guangshu01_01_": { "width": 154, "height": 179 },
			"guangshu01_02_": { "width": 154, "height": 179 },
			"guangshu01_03_": { "width": 154, "height": 179 },
			"guangshu01_04_": { "width": 154, "height": 179 },
			"guangshu01_06_": { "width": 154, "height": 179 },
			"guangshu01_07_": { "width": 154, "height": 179 },
			"guangshu01_08_": { "width": 154, "height": 179 },
			"guangshu01_09_": { "width": 154, "height": 179 },
			"guangshu01_11_": { "width": 154, "height": 179 },
			"guangshu01_12_": { "width": 154, "height": 179 },
			"guangshu01_13_": { "width": 154, "height": 179 },
			"guangshu01_15_": { "width": 154, "height": 179 },
			"guangshu01_16_": { "width": 154, "height": 179 },
			"guangshu01_17_": { "width": 154, "height": 179 }
		},
		"guangshu01_2": {
			"guangshu01_00_": { "width": 154, "height": 179 },
			"guangshu01_01_": { "width": 154, "height": 179 },
			"guangshu01_02_": { "width": 154, "height": 179 },
			"guangshu01_03_": { "width": 154, "height": 179 },
			"guangshu01_04_": { "width": 154, "height": 179 },
			"guangshu01_06_": { "width": 154, "height": 179 },
			"guangshu01_07_": { "width": 154, "height": 179 },
			"guangshu01_08_": { "width": 154, "height": 179 },
			"guangshu01_09_": { "width": 154, "height": 179 },
			"guangshu01_11_": { "width": 154, "height": 179 },
			"guangshu01_12_": { "width": 154, "height": 179 },
			"guangshu01_13_": { "width": 154, "height": 179 },
			"guangshu01_15_": { "width": 154, "height": 179 },
			"guangshu01_16_": { "width": 154, "height": 179 },
			"guangshu01_17_": { "width": 154, "height": 179 }
		},
		"guangshu01_3": {
			"guangshu01_00_": { "width": 154, "height": 179 },
			"guangshu01_01_": { "width": 154, "height": 179 },
			"guangshu01_02_": { "width": 154, "height": 179 },
			"guangshu01_03_": { "width": 154, "height": 179 },
			"guangshu01_04_": { "width": 154, "height": 179 },
			"guangshu01_06_": { "width": 154, "height": 179 },
			"guangshu01_07_": { "width": 154, "height": 179 },
			"guangshu01_08_": { "width": 154, "height": 179 },
			"guangshu01_09_": { "width": 154, "height": 179 },
			"guangshu01_11_": { "width": 154, "height": 179 },
			"guangshu01_12_": { "width": 154, "height": 179 },
			"guangshu01_13_": { "width": 154, "height": 179 },
			"guangshu01_15_": { "width": 154, "height": 179 },
			"guangshu01_16_": { "width": 154, "height": 179 },
			"guangshu01_17_": { "width": 154, "height": 179 }
		},
		"guangshu01_4": {
			"guangshu01_00_": { "width": 154, "height": 179 },
			"guangshu01_01_": { "width": 154, "height": 179 },
			"guangshu01_02_": { "width": 154, "height": 179 },
			"guangshu01_03_": { "width": 154, "height": 179 },
			"guangshu01_04_": { "width": 154, "height": 179 },
			"guangshu01_06_": { "width": 154, "height": 179 },
			"guangshu01_07_": { "width": 154, "height": 179 },
			"guangshu01_08_": { "width": 154, "height": 179 },
			"guangshu01_09_": { "width": 154, "height": 179 },
			"guangshu01_11_": { "width": 154, "height": 179 },
			"guangshu01_12_": { "width": 154, "height": 179 },
			"guangshu01_13_": { "width": 154, "height": 179 },
			"guangshu01_15_": { "width": 154, "height": 179 },
			"guangshu01_16_": { "width": 154, "height": 179 },
			"guangshu01_17_": { "width": 154, "height": 179 }
		},
		"huan": {
			"huan_00_": { "width": 384, "height": 320 },
			"huan_02_": { "width": 384, "height": 320 },
			"huan_04_": { "width": 384, "height": 320 },
			"huan_06_": { "width": 384, "height": 320 },
			"huan_08_": { "width": 384, "height": 320 },
			"huan_10_": { "width": 384, "height": 320 },
			"huan_12_": { "width": 384, "height": 320 },
			"huan_14_": { "width": 384, "height": 320 },
			"huan_16_": { "width": 384, "height": 320 },
			"huan_18_": { "width": 384, "height": 320 },
			"huan_20_": { "width": 384, "height": 320 },
			"huan_22_": { "width": 384, "height": 320 },
			"huan_24_": { "width": 384, "height": 320 },
			"huan_26_": { "width": 384, "height": 320 },
			"huan_28_": { "width": 384, "height": 320 }
		}
	}
},
"animations": {
	"back": {
		"slots": {
			"ball_2": {
				"attachment": [
					{ "time": 0.6333, "name": "ball_00_" },
					{ "time": 0.7, "name": "ball_03_" },
					{ "time": 0.7666, "name": "ball_04_" },
					{ "time": 0.8333, "name": "ball_06_" },
					{ "time": 0.9, "name": "ball_07_" },
					{ "time": 0.9666, "name": "ball_08_" },
					{ "time": 1.0333, "name": "ball_09_" },
					{ "time": 1.1, "name": "ball_10_" },
					{ "time": 1.1666, "name": "ball_11_" },
					{ "time": 1.2333, "name": "ball_12_" },
					{ "time": 1.3, "name": "ball_13_" },
					{ "time": 1.3666, "name": null }
				]
			},
			"ball_4": {
				"attachment": [
					{ "time": 0.2666, "name": "ball_00_" },
					{ "time": 0.3333, "name": "ball_03_" },
					{ "time": 0.4, "name": "ball_04_" },
					{ "time": 0.4666, "name": "ball_06_" },
					{ "time": 0.5333, "name": "ball_07_" },
					{ "time": 0.6, "name": "ball_08_" },
					{ "time": 0.6666, "name": "ball_09_" },
					{ "time": 0.7333, "name": "ball_10_" },
					{ "time": 0.8, "name": "ball_11_" },
					{ "time": 0.8666, "name": "ball_12_" },
					{ "time": 0.9333, "name": "ball_13_" },
					{ "time": 1, "name": null }
				]
			},
			"ball_7": {
				"attachment": [
					{ "time": 1.2, "name": "ball_00_" },
					{ "time": 1.2666, "name": "ball_03_" },
					{ "time": 1.3333, "name": "ball_04_" },
					{ "time": 1.4, "name": "ball_06_" },
					{ "time": 1.4666, "name": "ball_07_" },
					{ "time": 1.5333, "name": "ball_08_" },
					{ "time": 1.6, "name": "ball_09_" },
					{ "time": 1.6666, "name": "ball_10_" },
					{ "time": 1.7333, "name": "ball_11_" },
					{ "time": 1.8, "name": "ball_12_" },
					{ "time": 1.8666, "name": "ball_13_" },
					{ "time": 1.9333, "name": null }
				]
			},
			"guagnshu02_2": {
				"attachment": [
					{ "time": 0.2666, "name": "guagnshu02_00_" },
					{ "time": 0.3333, "name": "guagnshu02_01_" },
					{ "time": 0.4, "name": "guagnshu02_02_" },
					{ "time": 0.4666, "name": "guagnshu02_03_" },
					{ "time": 0.5333, "name": "guagnshu02_04_" },
					{ "time": 0.6, "name": "guagnshu02_05_" },
					{ "time": 0.6666, "name": "guagnshu02_07_" },
					{ "time": 0.7333, "name": "guagnshu02_08_" },
					{ "time": 0.8, "name": "guagnshu02_09_" },
					{ "time": 0.8666, "name": "guagnshu02_10_" },
					{ "time": 0.9333, "name": "guagnshu02_12_" },
					{ "time": 1, "name": "guagnshu02_13_" },
					{ "time": 1.0666, "name": "guagnshu02_14_" },
					{ "time": 1.1333, "name": "guagnshu02_16_" },
					{ "time": 1.2, "name": null }
				]
			},
			"guangshu01_2": {
				"attachment": [
					{ "time": 0.6333, "name": "guangshu01_00_" },
					{ "time": 0.6666, "name": "guangshu01_01_" },
					{ "time": 0.7, "name": "guangshu01_02_" },
					{ "time": 0.7666, "name": "guangshu01_03_" },
					{ "time": 0.8333, "name": "guangshu01_04_" },
					{ "time": 0.9, "name": "guangshu01_06_" },
					{ "time": 0.9666, "name": "guangshu01_07_" },
					{ "time": 1, "name": "guangshu01_08_" },
					{ "time": 1.0666, "name": "guangshu01_09_" },
					{ "time": 1.1333, "name": "guangshu01_11_" },
					{ "time": 1.2, "name": "guangshu01_12_" },
					{ "time": 1.2666, "name": "guangshu01_13_" },
					{ "time": 1.3, "name": "guangshu01_15_" },
					{ "time": 1.3666, "name": "guangshu01_16_" },
					{ "time": 1.4333, "name": "guangshu01_17_" },
					{ "time": 1.5, "name": null }
				]
			},
			"guangshu01_4": {
				"attachment": [
					{ "time": 1.2, "name": "guangshu01_00_" },
					{ "time": 1.2333, "name": "guangshu01_01_" },
					{ "time": 1.3, "name": "guangshu01_02_" },
					{ "time": 1.3666, "name": "guangshu01_03_" },
					{ "time": 1.4333, "name": "guangshu01_04_" },
					{ "time": 1.4666, "name": "guangshu01_06_" },
					{ "time": 1.5333, "name": "guangshu01_07_" },
					{ "time": 1.6, "name": "guangshu01_08_" },
					{ "time": 1.6666, "name": "guangshu01_09_" },
					{ "time": 1.7333, "name": "guangshu01_11_" },
					{ "time": 1.8, "name": "guangshu01_12_" },
					{ "time": 1.8333, "name": "guangshu01_13_" },
					{ "time": 1.9, "name": "guangshu01_15_" },
					{ "time": 1.9333, "name": "guangshu01_16_" },
					{ "time": 1.9666, "name": "guangshu01_17_" }
				]
			},
			"huan": {
				"attachment": [
					{ "time": 0, "name": "huan_00_" },
					{ "time": 0.0666, "name": "huan_02_" },
					{ "time": 0.1333, "name": "huan_04_" },
					{ "time": 0.2, "name": "huan_06_" },
					{ "time": 0.2666, "name": "huan_08_" },
					{ "time": 0.3333, "name": "huan_10_" },
					{ "time": 0.4, "name": "huan_12_" },
					{ "time": 0.4666, "name": "huan_14_" },
					{ "time": 0.5333, "name": "huan_16_" },
					{ "time": 0.6, "name": "huan_18_" },
					{ "time": 0.6666, "name": "huan_20_" },
					{ "time": 0.7333, "name": "huan_22_" },
					{ "time": 0.8, "name": "huan_24_" },
					{ "time": 0.8666, "name": "huan_26_" },
					{ "time": 0.9333, "name": "huan_28_" },
					{ "time": 1, "name": "huan_00_" },
					{ "time": 1.0666, "name": "huan_02_" },
					{ "time": 1.1333, "name": "huan_04_" },
					{ "time": 1.2, "name": "huan_06_" },
					{ "time": 1.2666, "name": "huan_08_" },
					{ "time": 1.3333, "name": "huan_10_" },
					{ "time": 1.4, "name": "huan_12_" },
					{ "time": 1.4666, "name": "huan_14_" },
					{ "time": 1.5333, "name": "huan_16_" },
					{ "time": 1.6, "name": "huan_18_" },
					{ "time": 1.6666, "name": "huan_20_" },
					{ "time": 1.7333, "name": "huan_22_" },
					{ "time": 1.8, "name": "huan_24_" },
					{ "time": 1.8666, "name": "huan_26_" },
					{ "time": 1.9333, "name": "huan_28_" },
					{ "time": 2, "name": null }
				]
			}
		},
		"bones": {
			"ball_2": {
				"translate": [
					{ "time": 0.6333, "x": -34.96, "y": 107.52 }
				],
				"scale": [
					{ "time": 0.6333, "x": 0.842, "y": 0.842 }
				]
			},
			"guangshu01_2": {
				"translate": [
					{ "time": 0.6333, "x": -35.68, "y": 33.48 }
				],
				"scale": [
					{ "time": 0.6333, "x": -0.919, "y": 0.921 }
				]
			},
			"guangshu11_2": {
				"translate": [
					{ "time": 0, "x": 165.78, "y": 129.49 }
				]
			},
			"ball_4": {
				"translate": [
					{ "time": 0.2666, "x": -103.69, "y": 273.23 }
				]
			},
			"guagnshu02_2": {
				"translate": [
					{ "time": 0.2666, "x": -102.05, "y": 185.99 }
				]
			},
			"guangshu22_3": {
				"translate": [
					{ "time": 0, "x": 126.74, "y": -8.22 }
				]
			},
			"guangshu22_2": {
				"translate": [
					{ "time": 0, "x": -46.08, "y": -13.16 }
				]
			},
			"ball_7": {
				"translate": [
					{ "time": 0, "x": -39.5, "y": 281.46 }
				]
			},
			"guangshu01_4": {
				"translate": [
					{ "time": 1.2, "x": -41.15, "y": 204.1 }
				],
				"scale": [
					{ "time": 1.2, "x": 0.937, "y": 0.937 }
				]
			},
			"guangshu11_4": {
				"translate": [
					{ "time": 0, "x": 57.61, "y": 4.93 }
				]
			},
			"huan": {
				"translate": [
					{ "time": 0, "x": -33.86, "y": 0 }
				],
				"scale": [
					{ "time": 0, "x": 1.4, "y": 1.4 }
				]
			}
		}
	},
	"front": {
		"slots": {
			"ball_1": {
				"attachment": [
					{ "time": 0, "name": "ball_00_" },
					{ "time": 0.0666, "name": "ball_03_" },
					{ "time": 0.1333, "name": "ball_04_" },
					{ "time": 0.2, "name": "ball_06_" },
					{ "time": 0.2666, "name": "ball_07_" },
					{ "time": 0.3333, "name": "ball_08_" },
					{ "time": 0.4, "name": "ball_09_" },
					{ "time": 0.4666, "name": "ball_10_" },
					{ "time": 0.5333, "name": "ball_11_" },
					{ "time": 0.6, "name": "ball_12_" },
					{ "time": 0.6666, "name": "ball_13_" },
					{ "time": 0.7333, "name": null }
				]
			},
			"ball_3": {
				"attachment": [
					{ "time": 0.6666, "name": "ball_00_" },
					{ "time": 0.7333, "name": "ball_03_" },
					{ "time": 0.8, "name": "ball_04_" },
					{ "time": 0.8666, "name": "ball_06_" },
					{ "time": 0.9333, "name": "ball_07_" },
					{ "time": 1, "name": "ball_08_" },
					{ "time": 1.0666, "name": "ball_09_" },
					{ "time": 1.1333, "name": "ball_10_" },
					{ "time": 1.2, "name": "ball_11_" },
					{ "time": 1.2666, "name": "ball_12_" },
					{ "time": 1.3333, "name": "ball_13_" },
					{ "time": 1.4, "name": null }
				]
			},
			"ball_5": {
				"attachment": [
					{ "time": 1, "name": "ball_00_" },
					{ "time": 1.0666, "name": "ball_03_" },
					{ "time": 1.1333, "name": "ball_04_" },
					{ "time": 1.2, "name": "ball_06_" },
					{ "time": 1.2666, "name": "ball_07_" },
					{ "time": 1.3333, "name": "ball_08_" },
					{ "time": 1.4, "name": "ball_09_" },
					{ "time": 1.4666, "name": "ball_10_" },
					{ "time": 1.5333, "name": "ball_11_" },
					{ "time": 1.6, "name": "ball_12_" },
					{ "time": 1.6666, "name": "ball_13_" },
					{ "time": 1.7333, "name": null }
				]
			},
			"ball_6": {
				"attachment": [
					{ "time": 1.2333, "name": "ball_00_" },
					{ "time": 1.3, "name": "ball_03_" },
					{ "time": 1.3666, "name": "ball_04_" },
					{ "time": 1.4333, "name": "ball_06_" },
					{ "time": 1.5, "name": "ball_07_" },
					{ "time": 1.5666, "name": "ball_08_" },
					{ "time": 1.6333, "name": "ball_09_" },
					{ "time": 1.7, "name": "ball_10_" },
					{ "time": 1.7666, "name": "ball_11_" },
					{ "time": 1.8333, "name": "ball_12_" },
					{ "time": 1.9, "name": "ball_13_" },
					{ "time": 1.9666, "name": null }
				]
			},
			"guagnshu02_1": {
				"attachment": [
					{ "time": 0.6666, "name": "guagnshu02_00_" },
					{ "time": 0.7, "name": "guagnshu02_01_" },
					{ "time": 0.7666, "name": "guagnshu02_02_" },
					{ "time": 0.8, "name": null },
					{ "time": 0.8333, "name": "guagnshu02_03_" },
					{ "time": 0.8666, "name": "guagnshu02_04_" },
					{ "time": 0.9333, "name": "guagnshu02_05_" },
					{ "time": 1, "name": "guagnshu02_07_" },
					{ "time": 1.0666, "name": "guagnshu02_08_" },
					{ "time": 1.1333, "name": "guagnshu02_09_" },
					{ "time": 1.2, "name": "guagnshu02_10_" },
					{ "time": 1.2666, "name": "guagnshu02_12_" },
					{ "time": 1.3333, "name": "guagnshu02_13_" },
					{ "time": 1.4, "name": "guagnshu02_14_" },
					{ "time": 1.4666, "name": "guagnshu02_16_" },
					{ "time": 1.5333, "name": null }
				]
			},
			"guagnshu02_3": {
				"attachment": [
					{ "time": 1.2333, "name": "guagnshu02_00_" },
					{ "time": 1.2666, "name": "guagnshu02_01_" },
					{ "time": 1.3333, "name": "guagnshu02_02_" },
					{ "time": 1.4, "name": "guagnshu02_03_" },
					{ "time": 1.4333, "name": "guagnshu02_04_" },
					{ "time": 1.5, "name": "guagnshu02_05_" },
					{ "time": 1.5666, "name": "guagnshu02_07_" },
					{ "time": 1.6, "name": "guagnshu02_08_" },
					{ "time": 1.6666, "name": "guagnshu02_09_" },
					{ "time": 1.7, "name": "guagnshu02_10_" },
					{ "time": 1.7666, "name": "guagnshu02_12_" },
					{ "time": 1.8333, "name": "guagnshu02_13_" },
					{ "time": 1.9, "name": "guagnshu02_14_" },
					{ "time": 1.9666, "name": "guagnshu02_16_" },
					{ "time": 2, "name": null }
				]
			},
			"guangshu01_1": {
				"attachment": [
					{ "time": 0, "name": "guangshu01_00_" },
					{ "time": 0.0666, "name": "guangshu01_01_" },
					{ "time": 0.1333, "name": "guangshu01_02_" },
					{ "time": 0.2, "name": "guangshu01_03_" },
					{ "time": 0.2666, "name": "guangshu01_04_" },
					{ "time": 0.3333, "name": "guangshu01_06_" },
					{ "time": 0.4, "name": "guangshu01_07_" },
					{ "time": 0.4666, "name": "guangshu01_08_" },
					{ "time": 0.5333, "name": "guangshu01_09_" },
					{ "time": 0.6, "name": "guangshu01_11_" },
					{ "time": 0.6666, "name": "guangshu01_12_" },
					{ "time": 0.7333, "name": "guangshu01_13_" },
					{ "time": 0.8, "name": "guangshu01_15_" },
					{ "time": 0.8666, "name": "guangshu01_16_" },
					{ "time": 0.9333, "name": "guangshu01_17_" },
					{ "time": 1, "name": null }
				]
			},
			"guangshu01_3": {
				"attachment": [
					{ "time": 1, "name": "guangshu01_00_" },
					{ "time": 1.0666, "name": "guangshu01_01_" },
					{ "time": 1.1333, "name": "guangshu01_02_" },
					{ "time": 1.2, "name": "guangshu01_03_" },
					{ "time": 1.2666, "name": "guangshu01_04_" },
					{ "time": 1.3333, "name": "guangshu01_06_" },
					{ "time": 1.4, "name": "guangshu01_07_" },
					{ "time": 1.4666, "name": "guangshu01_08_" },
					{ "time": 1.5333, "name": "guangshu01_09_" },
					{ "time": 1.6, "name": "guangshu01_11_" },
					{ "time": 1.6666, "name": "guangshu01_12_" },
					{ "time": 1.7333, "name": "guangshu01_13_" },
					{ "time": 1.8, "name": "guangshu01_15_" },
					{ "time": 1.8666, "name": "guangshu01_16_" },
					{ "time": 1.9333, "name": "guangshu01_17_" },
					{ "time": 2, "name": null }
				]
			}
		},
		"bones": {
			"ball_1": {
				"translate": [
					{ "time": 0, "x": -217.42, "y": 145.22 }
				]
			},
			"guangshu01_1": {
				"translate": [
					{ "time": 0, "x": -211.15, "y": 52.83 }
				]
			},
			"ball_3": {
				"translate": [
					{ "time": 0.6666, "x": 3.02, "y": 36.26 }
				]
			},
			"guagnshu02_1": {
				"translate": [
					{ "time": 0.6666, "x": 0, "y": -46.84 }
				],
				"scale": [
					{ "time": 0.6666, "x": 1.129, "y": 1.2 }
				]
			},
			"ball_5": {
				"translate": [
					{ "time": 1, "x": -121.8, "y": 59.25 }
				]
			},
			"guangshu01_3": {
				"translate": [
					{ "time": 1, "x": -123.44, "y": -27.98 }
				]
			},
			"guangshu22_3": {
				"translate": [
					{ "time": 0, "x": 126.74, "y": -8.22 }
				]
			},
			"ball_6": {
				"translate": [
					{ "time": 1.2333, "x": -4.93, "y": 82.29 }
				]
			},
			"guagnshu02_3": {
				"translate": [
					{ "time": 1.2333, "x": -3.29, "y": 8.22 }
				],
				"scale": [
					{ "time": 1.2333, "x": 1.217, "y": 1.217 }
				]
			}
		}
	}
}
}