{
"skeleton": { "hash": "VdcXn/ZrsnutVMIEv53Xn78eUKY", "spine": "2.1.27", "width": 129.02, "height": 151 },
"bones": [
	{ "name": "root" },
	{ "name": "qizi02", "parent": "root", "length": 10.25, "x": 0.03, "y": 124.32, "rotation": -91.35 },
	{ "name": "bone", "parent": "qizi02", "length": 20, "x": 8.78, "y": -0.04, "rotation": 1.8 },
	{ "name": "bone2", "parent": "bone", "length": 17.81, "x": 20, "y": 0.08 },
	{ "name": "bone3", "parent": "bone2", "length": 19.27, "x": 17.81, "y": -0.14 },
	{ "name": "bone4", "parent": "bone3", "length": 20.98, "x": 19.27, "y": -0.15, "rotation": 0.45 }
],
"slots": [
	{ "name": "yingzi", "bone": "root", "attachment": "yingzi" },
	{ "name": "dizuo", "bone": "root", "attachment": "dizuo" },
	{ "name": "gangzi", "bone": "root", "attachment": "gangzi" },
	{ "name": "qizi02", "bone": "qizi02", "attachment": "qizi02" }
],
"skins": {
	"default": {
		"dizuo": {
			"dizuo": { "x": 0.87, "y": 12.28, "width": 24, "height": 25 }
		},
		"gangzi": {
			"gangzi": { "x": 1.37, "y": 51.78, "width": 5, "height": 64 }
		},
		"qizi02": {
			"qizi02": {
				"type": "skinnedmesh",
				"uvs": [ 1, 0.30126, 1, 0.44515, 1, 0.52023, 1, 0.59948, 1, 0.66412, 1, 0.74338, 1, 0.82262, 1, 0.8977, 1, 1, 0.79089, 1, 0.43044, 1, 0, 1, 0, 0.92884, 0, 0.85168, 0, 0.6327, 0, 0.54928, 0, 0.48255, 0, 0.41581, 0, 0.33031, 0, 0.24898, 0, 0.11968, 0, 0, 1, 0, 0.13727, 0.27402, 0.84141, 0.40759, 0.47379, 0.33786, 0.09941, 0.43333, 0.46324, 0.49899, 0.8277, 0.56834, 0.06894, 0.56157, 0.45438, 0.63436, 0.81595, 0.7061, 0.02836, 0.73233, 0.44356, 0.79967, 0.80268, 0.8617, 0.4352, 0.92721, 0.05034, 0.63982, 0.44889, 0.71813, 0.80939, 0.78306, 0.11957, 0.34851, 0.46868, 0.41592, 0.83511, 0.48137, 0.0844, 0.49651, 0.45873, 0.56792, 0.82198, 0.63534 ],
				"triangles": [ 9, 34, 7, 35, 33, 34, 33, 13, 32, 13, 14, 32, 9, 7, 8, 10, 35, 9, 9, 35, 34, 12, 13, 35, 35, 13, 33, 35, 10, 12, 10, 11, 12, 34, 38, 6, 33, 37, 38, 37, 32, 36, 32, 14, 36, 34, 6, 7, 34, 33, 38, 33, 32, 37, 38, 31, 5, 37, 30, 31, 30, 36, 29, 14, 15, 29, 38, 5, 6, 38, 37, 31, 37, 36, 30, 36, 14, 29, 44, 28, 3, 43, 27, 28, 27, 42, 26, 16, 17, 26, 31, 44, 4, 44, 3, 4, 30, 43, 44, 44, 43, 28, 43, 29, 42, 43, 42, 27, 15, 16, 42, 42, 16, 26, 31, 4, 5, 31, 30, 44, 30, 29, 43, 29, 15, 42, 28, 2, 3, 28, 41, 2, 28, 27, 41, 27, 26, 40, 27, 40, 41, 40, 26, 39, 26, 17, 39, 17, 18, 39, 41, 1, 2, 41, 24, 1, 41, 40, 24, 24, 0, 1, 40, 39, 25, 40, 25, 24, 25, 39, 23, 24, 25, 0, 39, 18, 23, 0, 25, 20, 18, 19, 23, 22, 20, 21, 22, 0, 20, 23, 19, 20, 20, 25, 23 ],
				"vertices": [ 1, 1, 8.25, 23.03, 1, 1, 1, 25.08, 23.42, 1, 3, 1, 33.86, 23.63, 0.35999, 2, 25.8, 22.88, 0.54, 3, 5.79, 22.79, 0.1, 2, 2, 35.07, 22.81, 0.5, 3, 15.06, 22.72, 0.5, 2, 3, 22.62, 22.67, 0.8, 4, 4.81, 22.81, 0.2, 3, 3, 31.89, 22.6, 0.45, 4, 14.08, 22.74, 0.45, 5, -5, 22.93, 0.1, 2, 4, 23.35, 22.67, 0.5, 5, 4.26, 22.79, 0.5, 2, 4, 32.14, 22.6, 0.5, 5, 13.05, 22.65, 0.5, 1, 5, 25.01, 22.46, 1, 1, 5, 24.87, 13.26, 1, 1, 5, 24.62, -2.58, 1, 1, 5, 24.33, -21.52, 1, 1, 5, 16.01, -21.39, 1, 1, 5, 6.98, -21.25, 1, 2, 4, 0.8, -21.15, 0.5, 5, -18.62999, -20.85, 0.5, 3, 3, 8.85999, -21.22, 0.45, 4, -8.95, -21.08, 0.45, 5, -28.39, -20.7, 0.1, 2, 3, 1.04999, -21.16, 0.8, 4, -16.75, -21.02, 0.2, 2, 2, 13.25, -21.02, 0.5, 3, -6.75, -21.1, 0.5, 3, 1, 12.68, -20.87, 0.35999, 2, 3.25, -20.94, 0.54, 3, -16.75, -21.03, 0.1, 1, 1, 3.17, -21.1, 1, 1, 1, -11.94, -21.45, 1, 1, 1, -25.94, -21.78, 1, 1, 1, -26.98, 22.19, 1, 1, 1, 5.96, -14.99, 1, 1, 1, 20.85, 16.34, 1, 1, 1, 13.07, -0.01, 1, 2, 2, 15.33, -16.66, 0.5, 3, -4.67, -16.75, 0.5, 2, 2, 23.13, -0.71, 0.5, 3, 3.12, -0.79, 0.5, 2, 2, 31.37, 15.26, 0.5, 3, 11.36, 15.17, 0.5, 3, 3, 10.32, -18.2, 0.45, 4, -7.48, -18.06, 0.45, 5, -26.9, -17.69, 0.1, 3, 3, 18.95999, -1.29999, 0.45, 4, 1.15, -1.16, 0.45, 5, -18.12, -0.87, 0.1, 3, 3, 27.47, 14.53, 0.45, 4, 9.66, 14.67, 0.45, 5, -9.47999, 14.9, 0.1, 2, 4, 12.47, -19.99, 0.5, 5, -6.95, -19.79, 0.5, 2, 4, 20.49, -1.78, 0.5, 5, 1.2, -1.64, 0.5, 2, 4, 27.86, 13.95, 0.5, 5, 8.7, 14.03, 0.5, 1, 5, 16.11, -2.24, 1, 2, 4, 1.65, -18.95, 0.5, 5, -17.76, -18.65, 0.5, 2, 4, 10.95, -1.48, 0.5, 5, -8.33, -1.26, 0.5, 2, 4, 18.66, 14.32, 0.5, 5, -0.49, 14.47, 0.5, 3, 1, 14.69, -15.56, 0.35999, 2, 5.41, -15.7, 0.54, 3, -14.58, -15.78, 0.1, 2, 1, 22.21, -0.02, 0.39999, 2, 13.42, -0.4, 0.6, 3, 1, 29.49, 16.27, 0.35999, 2, 21.19, 15.66, 0.54, 3, 1.19, 15.57, 0.1, 2, 3, 2.71, -17.45999, 0.8, 4, -15.09, -17.32, 0.2, 1, 3, 11.19, -1.04999, 1, 2, 3, 19.2, 14.86, 0.8, 4, 1.38, 15, 0.2 ],
				"hull": 23
			}
		},
		"yingzi": {
			"yingzi": { "x": -55.62, "y": 8.78, "width": 101, "height": 18 }
		}
	}
},
"animations": {
	"animation": {
		"bones": {
			"bone": {
				"rotate": [
					{
						"time": 0,
						"angle": 1.13,
						"curve": [ 0.25, 0, 0.75, 1 ]
					},
					{
						"time": 1.3333,
						"angle": -5.33,
						"curve": [ 0.25, 0, 0.75, 1 ]
					},
					{ "time": 2.6666, "angle": 1.13 }
				]
			},
			"bone2": {
				"rotate": [
					{
						"time": 0,
						"angle": -1.16,
						"curve": [ 0.076, 0.11, 0.75, 1 ]
					},
					{
						"time": 0.6666,
						"angle": 4.34,
						"curve": [ 0.25, 0, 0.75, 1 ]
					},
					{
						"time": 2,
						"angle": -4.68,
						"curve": [ 0.25, 0, 0.979, 0.92 ]
					},
					{ "time": 2.6666, "angle": -1.16 }
				]
			},
			"bone3": {
				"rotate": [
					{
						"time": 0,
						"angle": -9.26,
						"curve": [ 0.25, 0, 0.75, 1 ]
					},
					{
						"time": 1.3333,
						"angle": 3.82,
						"curve": [ 0.25, 0, 0.75, 1 ]
					},
					{ "time": 2.6666, "angle": -9.26 }
				]
			},
			"bone4": {
				"rotate": [
					{
						"time": 0,
						"angle": -5.47,
						"curve": [ 0.061, 0.1, 0.75, 1 ]
					},
					{
						"time": 0.6666,
						"angle": -6.73,
						"curve": [ 0.25, 0, 0.75, 1 ]
					},
					{
						"time": 1.3333,
						"angle": 0.96,
						"curve": [ 0.25, 0, 0.75, 1 ]
					},
					{
						"time": 2,
						"angle": 4.67,
						"curve": [ 0.25, 0, 1, 0.92 ]
					},
					{ "time": 2.6666, "angle": -5.47 }
				]
			}
		}
	}
}
}