{"skeleton":{"hash":"YpzuTLd23QeZr04gr9/Y+MYH+as","spine":"3.7.94","width":0,"height":0,"images":"./images/","audio":"F:/COK项目/Spine工程/累充皮肤—4格狮心王战士/4格待机休闲_Spine/sxw_4_idle_A"},"bones":[{"name":"root"},{"name":"ctr","parent":"root","scaleX":1.25,"scaleY":1.25},{"name":"sxw4idle_UL_","parent":"ctr"},{"name":"sxw4idle_UR_","parent":"ctr"},{"name":"sxw4idle_DL_","parent":"ctr"},{"name":"sxw4idle_DR_","parent":"ctr"}],"slots":[{"name":"sxw4idle_UL_","bone":"sxw4idle_UL_"},{"name":"sxw4idle_UR_","bone":"sxw4idle_UR_"},{"name":"sxw4idle_DL_","bone":"sxw4idle_DL_"},{"name":"sxw4idle_DR_","bone":"sxw4idle_DR_"}],"skins":{"default":{"sxw4idle_DL_":{"sxw4idle_DL_00000_":{"x":-276.5,"y":-287,"width":553,"height":574},"sxw4idle_DL_00003_":{"x":-276.5,"y":-287,"width":553,"height":574},"sxw4idle_DL_00006_":{"x":-276.5,"y":-287,"width":553,"height":574},"sxw4idle_DL_00009_":{"x":-276.5,"y":-287,"width":553,"height":574},"sxw4idle_DL_00012_":{"x":-276.5,"y":-287,"width":553,"height":574},"sxw4idle_DL_00015_":{"x":-276.5,"y":-287,"width":553,"height":574},"sxw4idle_DL_00018_":{"x":-276.5,"y":-287,"width":553,"height":574},"sxw4idle_DL_00021_":{"x":-276.5,"y":-287,"width":553,"height":574},"sxw4idle_DL_00024_":{"x":-276.5,"y":-287,"width":553,"height":574},"sxw4idle_DL_00027_":{"x":-276.5,"y":-287,"width":553,"height":574},"sxw4idle_DL_00030_":{"x":-276.5,"y":-287,"width":553,"height":574},"sxw4idle_DL_00033_":{"x":-276.5,"y":-287,"width":553,"height":574},"sxw4idle_DL_00036_":{"x":-276.5,"y":-287,"width":553,"height":574},"sxw4idle_DL_00039_":{"x":-276.5,"y":-287,"width":553,"height":574},"sxw4idle_DL_00042_":{"x":-276.5,"y":-287,"width":553,"height":574},"sxw4idle_DL_00045_":{"x":-276.5,"y":-287,"width":553,"height":574},"sxw4idle_DL_00048_":{"x":-276.5,"y":-287,"width":553,"height":574},"sxw4idle_DL_00051_":{"x":-276.5,"y":-287,"width":553,"height":574},"sxw4idle_DL_00054_":{"x":-276.5,"y":-287,"width":553,"height":574},"sxw4idle_DL_00057_":{"x":-276.5,"y":-287,"width":553,"height":574},"sxw4idle_DL_00060_":{"x":-276.5,"y":-287,"width":553,"height":574},"sxw4idle_DL_00063_":{"x":-276.5,"y":-287,"width":553,"height":574}},"sxw4idle_DR_":{"sxw4idle_DR_00000_":{"x":330.5,"y":-287,"width":661,"height":574},"sxw4idle_DR_00003_":{"x":330.5,"y":-287,"width":661,"height":574},"sxw4idle_DR_00006_":{"x":330.5,"y":-287,"width":661,"height":574},"sxw4idle_DR_00009_":{"x":330.5,"y":-287,"width":661,"height":574},"sxw4idle_DR_00012_":{"x":330.5,"y":-287,"width":661,"height":574},"sxw4idle_DR_00015_":{"x":330.5,"y":-287,"width":661,"height":574},"sxw4idle_DR_00018_":{"x":330.5,"y":-287,"width":661,"height":574},"sxw4idle_DR_00021_":{"x":330.5,"y":-287,"width":661,"height":574},"sxw4idle_DR_00024_":{"x":330.5,"y":-287,"width":661,"height":574},"sxw4idle_DR_00027_":{"x":330.5,"y":-287,"width":661,"height":574},"sxw4idle_DR_00030_":{"x":330.5,"y":-287,"width":661,"height":574},"sxw4idle_DR_00033_":{"x":330.5,"y":-287,"width":661,"height":574},"sxw4idle_DR_00036_":{"x":330.5,"y":-287,"width":661,"height":574},"sxw4idle_DR_00039_":{"x":330.5,"y":-287,"width":661,"height":574},"sxw4idle_DR_00042_":{"x":330.5,"y":-287,"width":661,"height":574},"sxw4idle_DR_00045_":{"x":330.5,"y":-287,"width":661,"height":574},"sxw4idle_DR_00048_":{"x":330.5,"y":-287,"width":661,"height":574},"sxw4idle_DR_00051_":{"x":330.5,"y":-287,"width":661,"height":574},"sxw4idle_DR_00054_":{"x":330.5,"y":-287,"width":661,"height":574},"sxw4idle_DR_00057_":{"x":330.5,"y":-287,"width":661,"height":574},"sxw4idle_DR_00060_":{"x":330.5,"y":-287,"width":661,"height":574},"sxw4idle_DR_00063_":{"x":330.5,"y":-287,"width":661,"height":574}},"sxw4idle_UL_":{"sxw4idle_UL_00000_":{"x":-276.5,"y":320,"width":553,"height":640},"sxw4idle_UL_00003_":{"x":-276.5,"y":320,"width":553,"height":640},"sxw4idle_UL_00006_":{"x":-276.5,"y":320,"width":553,"height":640},"sxw4idle_UL_00009_":{"x":-276.5,"y":320,"width":553,"height":640},"sxw4idle_UL_00012_":{"x":-276.5,"y":320,"width":553,"height":640},"sxw4idle_UL_00015_":{"x":-276.5,"y":320,"width":553,"height":640},"sxw4idle_UL_00018_":{"x":-276.5,"y":320,"width":553,"height":640},"sxw4idle_UL_00021_":{"x":-276.5,"y":320,"width":553,"height":640},"sxw4idle_UL_00024_":{"x":-276.5,"y":320,"width":553,"height":640},"sxw4idle_UL_00027_":{"x":-276.5,"y":320,"width":553,"height":640},"sxw4idle_UL_00030_":{"x":-276.5,"y":320,"width":553,"height":640},"sxw4idle_UL_00033_":{"x":-276.5,"y":320,"width":553,"height":640},"sxw4idle_UL_00036_":{"x":-276.5,"y":320,"width":553,"height":640},"sxw4idle_UL_00039_":{"x":-276.5,"y":320,"width":553,"height":640},"sxw4idle_UL_00042_":{"x":-276.5,"y":320,"width":553,"height":640},"sxw4idle_UL_00045_":{"x":-276.5,"y":320,"width":553,"height":640},"sxw4idle_UL_00048_":{"x":-276.5,"y":320,"width":553,"height":640},"sxw4idle_UL_00051_":{"x":-276.5,"y":320,"width":553,"height":640},"sxw4idle_UL_00054_":{"x":-276.5,"y":320,"width":553,"height":640},"sxw4idle_UL_00057_":{"x":-276.5,"y":320,"width":553,"height":640},"sxw4idle_UL_00060_":{"x":-276.5,"y":320,"width":553,"height":640},"sxw4idle_UL_00063_":{"x":-276.5,"y":320,"width":553,"height":640}},"sxw4idle_UR_":{"sxw4idle_UR_00000_":{"x":330.5,"y":320,"width":661,"height":640},"sxw4idle_UR_00003_":{"x":330.5,"y":320,"width":661,"height":640},"sxw4idle_UR_00006_":{"x":330.5,"y":320,"width":661,"height":640},"sxw4idle_UR_00009_":{"x":330.5,"y":320,"width":661,"height":640},"sxw4idle_UR_00012_":{"x":330.5,"y":320,"width":661,"height":640},"sxw4idle_UR_00015_":{"x":330.5,"y":320,"width":661,"height":640},"sxw4idle_UR_00018_":{"x":330.5,"y":320,"width":661,"height":640},"sxw4idle_UR_00021_":{"x":330.5,"y":320,"width":661,"height":640},"sxw4idle_UR_00024_":{"x":330.5,"y":320,"width":661,"height":640},"sxw4idle_UR_00027_":{"x":330.5,"y":320,"width":661,"height":640},"sxw4idle_UR_00030_":{"x":330.5,"y":320,"width":661,"height":640},"sxw4idle_UR_00033_":{"x":330.5,"y":320,"width":661,"height":640},"sxw4idle_UR_00036_":{"x":330.5,"y":320,"width":661,"height":640},"sxw4idle_UR_00039_":{"x":330.5,"y":320,"width":661,"height":640},"sxw4idle_UR_00042_":{"x":330.5,"y":320,"width":661,"height":640},"sxw4idle_UR_00045_":{"x":330.5,"y":320,"width":661,"height":640},"sxw4idle_UR_00048_":{"x":330.5,"y":320,"width":661,"height":640},"sxw4idle_UR_00051_":{"x":330.5,"y":320,"width":661,"height":640},"sxw4idle_UR_00054_":{"x":330.5,"y":320,"width":661,"height":640},"sxw4idle_UR_00057_":{"x":330.5,"y":320,"width":661,"height":640},"sxw4idle_UR_00060_":{"x":330.5,"y":320,"width":661,"height":640},"sxw4idle_UR_00063_":{"x":330.5,"y":320,"width":661,"height":640}}}},"animations":{"animation":{"slots":{"sxw4idle_DL_":{"attachment":[{"time":0,"name":"sxw4idle_DL_00000_"},{"time":0.1,"name":"sxw4idle_DL_00003_"},{"time":0.2,"name":"sxw4idle_DL_00006_"},{"time":0.3,"name":"sxw4idle_DL_00009_"},{"time":0.4,"name":"sxw4idle_DL_00012_"},{"time":0.5,"name":"sxw4idle_DL_00015_"},{"time":0.6,"name":"sxw4idle_DL_00018_"},{"time":0.7,"name":"sxw4idle_DL_00021_"},{"time":0.8,"name":"sxw4idle_DL_00024_"},{"time":0.9,"name":"sxw4idle_DL_00027_"},{"time":1,"name":"sxw4idle_DL_00030_"},{"time":1.1,"name":"sxw4idle_DL_00033_"},{"time":1.2,"name":"sxw4idle_DL_00036_"},{"time":1.3,"name":"sxw4idle_DL_00039_"},{"time":1.4,"name":"sxw4idle_DL_00042_"},{"time":1.5,"name":"sxw4idle_DL_00045_"},{"time":1.6,"name":"sxw4idle_DL_00048_"},{"time":1.7,"name":"sxw4idle_DL_00051_"},{"time":1.8,"name":"sxw4idle_DL_00054_"},{"time":1.9,"name":"sxw4idle_DL_00057_"},{"time":2,"name":"sxw4idle_DL_00060_"},{"time":2.1,"name":"sxw4idle_DL_00063_"},{"time":2.2,"name":null}]},"sxw4idle_DR_":{"attachment":[{"time":0,"name":"sxw4idle_DR_00000_"},{"time":0.1,"name":"sxw4idle_DR_00003_"},{"time":0.2,"name":"sxw4idle_DR_00006_"},{"time":0.3,"name":"sxw4idle_DR_00009_"},{"time":0.4,"name":"sxw4idle_DR_00012_"},{"time":0.5,"name":"sxw4idle_DR_00015_"},{"time":0.6,"name":"sxw4idle_DR_00018_"},{"time":0.7,"name":"sxw4idle_DR_00021_"},{"time":0.8,"name":"sxw4idle_DR_00024_"},{"time":0.9,"name":"sxw4idle_DR_00027_"},{"time":1,"name":"sxw4idle_DR_00030_"},{"time":1.1,"name":"sxw4idle_DR_00033_"},{"time":1.2,"name":"sxw4idle_DR_00036_"},{"time":1.3,"name":"sxw4idle_DR_00039_"},{"time":1.4,"name":"sxw4idle_DR_00042_"},{"time":1.5,"name":"sxw4idle_DR_00045_"},{"time":1.6,"name":"sxw4idle_DR_00048_"},{"time":1.7,"name":"sxw4idle_DR_00051_"},{"time":1.8,"name":"sxw4idle_DR_00054_"},{"time":1.9,"name":"sxw4idle_DR_00057_"},{"time":2,"name":"sxw4idle_DR_00060_"},{"time":2.1,"name":"sxw4idle_DR_00063_"},{"time":2.2,"name":null}]},"sxw4idle_UL_":{"attachment":[{"time":0,"name":"sxw4idle_UL_00000_"},{"time":0.1,"name":"sxw4idle_UL_00003_"},{"time":0.2,"name":"sxw4idle_UL_00006_"},{"time":0.3,"name":"sxw4idle_UL_00009_"},{"time":0.4,"name":"sxw4idle_UL_00012_"},{"time":0.5,"name":"sxw4idle_UL_00015_"},{"time":0.6,"name":"sxw4idle_UL_00018_"},{"time":0.7,"name":"sxw4idle_UL_00021_"},{"time":0.8,"name":"sxw4idle_UL_00024_"},{"time":0.9,"name":"sxw4idle_UL_00027_"},{"time":1,"name":"sxw4idle_UL_00030_"},{"time":1.1,"name":"sxw4idle_UL_00033_"},{"time":1.2,"name":"sxw4idle_UL_00036_"},{"time":1.3,"name":"sxw4idle_UL_00039_"},{"time":1.4,"name":"sxw4idle_UL_00042_"},{"time":1.5,"name":"sxw4idle_UL_00045_"},{"time":1.6,"name":"sxw4idle_UL_00048_"},{"time":1.7,"name":"sxw4idle_UL_00051_"},{"time":1.8,"name":"sxw4idle_UL_00054_"},{"time":1.9,"name":"sxw4idle_UL_00057_"},{"time":2,"name":"sxw4idle_UL_00060_"},{"time":2.1,"name":"sxw4idle_UL_00063_"},{"time":2.2,"name":null}]},"sxw4idle_UR_":{"attachment":[{"time":0,"name":"sxw4idle_UR_00000_"},{"time":0.1,"name":"sxw4idle_UR_00003_"},{"time":0.2,"name":"sxw4idle_UR_00006_"},{"time":0.3,"name":"sxw4idle_UR_00009_"},{"time":0.4,"name":"sxw4idle_UR_00012_"},{"time":0.5,"name":"sxw4idle_UR_00015_"},{"time":0.6,"name":"sxw4idle_UR_00018_"},{"time":0.7,"name":"sxw4idle_UR_00021_"},{"time":0.8,"name":"sxw4idle_UR_00024_"},{"time":0.9,"name":"sxw4idle_UR_00027_"},{"time":1,"name":"sxw4idle_UR_00030_"},{"time":1.1,"name":"sxw4idle_UR_00033_"},{"time":1.2,"name":"sxw4idle_UR_00036_"},{"time":1.3,"name":"sxw4idle_UR_00039_"},{"time":1.4,"name":"sxw4idle_UR_00042_"},{"time":1.5,"name":"sxw4idle_UR_00045_"},{"time":1.6,"name":"sxw4idle_UR_00048_"},{"time":1.7,"name":"sxw4idle_UR_00051_"},{"time":1.8,"name":"sxw4idle_UR_00054_"},{"time":1.9,"name":"sxw4idle_UR_00057_"},{"time":2,"name":"sxw4idle_UR_00060_"},{"time":2.1,"name":"sxw4idle_UR_00063_"},{"time":2.2,"name":null},{"time":5.5,"name":null}]}},"bones":{"ctr":{"translate":[{"time":0,"x":0,"y":60}]}}}}}