{"skeleton":{"hash":"nEZQr2y69+MCAWnecki6uC35810","spine":"3.7.94","width":0,"height":0,"images":"./images/","audio":"F:/COK项目/Spine工程/累充皮肤—4格狮心王战士/4格攻击_Spine/sxw_4_attack_B"},"bones":[{"name":"root"},{"name":"ctr","parent":"root","scaleX":1.25,"scaleY":1.25},{"name":"sxw4attack_UL_","parent":"ctr"},{"name":"sxw4attack_UR_","parent":"ctr"},{"name":"sxw4attack_DL_","parent":"ctr"},{"name":"sxw4attack_DR_","parent":"ctr"}],"slots":[{"name":"sxw4attack_UL_","bone":"sxw4attack_UL_"},{"name":"sxw4attack_UR_","bone":"sxw4attack_UR_"},{"name":"sxw4attack_DL_","bone":"sxw4attack_DL_"},{"name":"sxw4attack_DR_","bone":"sxw4attack_DR_"}],"skins":{"default":{"sxw4attack_DL_":{"sxw4attack_DL_00042_":{"x":-251.5,"y":-288.5,"width":503,"height":577},"sxw4attack_DL_00045_":{"x":-251.5,"y":-288.5,"width":503,"height":577},"sxw4attack_DL_00048_":{"x":-251.5,"y":-288.5,"width":503,"height":577},"sxw4attack_DL_00051_":{"x":-251.5,"y":-288.5,"width":503,"height":577},"sxw4attack_DL_00054_":{"x":-251.5,"y":-288.5,"width":503,"height":577},"sxw4attack_DL_00057_":{"x":-251.5,"y":-288.5,"width":503,"height":577},"sxw4attack_DL_00060_":{"x":-251.5,"y":-288.5,"width":503,"height":577},"sxw4attack_DL_00063_":{"x":-251.5,"y":-288.5,"width":503,"height":577},"sxw4attack_DL_00066_":{"x":-251.5,"y":-288.5,"width":503,"height":577},"sxw4attack_DL_00069_":{"x":-251.5,"y":-288.5,"width":503,"height":577},"sxw4attack_DL_00070_":{"x":-251.5,"y":-288.5,"width":503,"height":577}},"sxw4attack_DR_":{"sxw4attack_DR_00042_":{"x":355.5,"y":-288.5,"width":711,"height":577},"sxw4attack_DR_00045_":{"x":355.5,"y":-288.5,"width":711,"height":577},"sxw4attack_DR_00048_":{"x":355.5,"y":-288.5,"width":711,"height":577},"sxw4attack_DR_00051_":{"x":355.5,"y":-288.5,"width":711,"height":577},"sxw4attack_DR_00054_":{"x":355.5,"y":-288.5,"width":711,"height":577},"sxw4attack_DR_00057_":{"x":355.5,"y":-288.5,"width":711,"height":577},"sxw4attack_DR_00060_":{"x":355.5,"y":-288.5,"width":711,"height":577},"sxw4attack_DR_00063_":{"x":355.5,"y":-288.5,"width":711,"height":577},"sxw4attack_DR_00066_":{"x":355.5,"y":-288.5,"width":711,"height":577},"sxw4attack_DR_00069_":{"x":355.5,"y":-288.5,"width":711,"height":577},"sxw4attack_DR_00070_":{"x":355.5,"y":-288.5,"width":711,"height":577}},"sxw4attack_UL_":{"sxw4attack_UL_00042_":{"x":-251.5,"y":318.5,"width":503,"height":637},"sxw4attack_UL_00045_":{"x":-251.5,"y":318.5,"width":503,"height":637},"sxw4attack_UL_00048_":{"x":-251.5,"y":318.5,"width":503,"height":637},"sxw4attack_UL_00051_":{"x":-251.5,"y":318.5,"width":503,"height":637},"sxw4attack_UL_00054_":{"x":-251.5,"y":318.5,"width":503,"height":637},"sxw4attack_UL_00057_":{"x":-251.5,"y":318.5,"width":503,"height":637},"sxw4attack_UL_00060_":{"x":-251.5,"y":318.5,"width":503,"height":637},"sxw4attack_UL_00063_":{"x":-251.5,"y":318.5,"width":503,"height":637},"sxw4attack_UL_00066_":{"x":-251.5,"y":318.5,"width":503,"height":637},"sxw4attack_UL_00069_":{"x":-251.5,"y":318.5,"width":503,"height":637},"sxw4attack_UL_00070_":{"x":-251.5,"y":318.5,"width":503,"height":637}},"sxw4attack_UR_":{"sxw4attack_UR_00042_":{"x":355.5,"y":318.5,"width":711,"height":637},"sxw4attack_UR_00045_":{"x":355.5,"y":318.5,"width":711,"height":637},"sxw4attack_UR_00048_":{"x":355.5,"y":318.5,"width":711,"height":637},"sxw4attack_UR_00051_":{"x":355.5,"y":318.5,"width":711,"height":637},"sxw4attack_UR_00054_":{"x":355.5,"y":318.5,"width":711,"height":637},"sxw4attack_UR_00057_":{"x":355.5,"y":318.5,"width":711,"height":637},"sxw4attack_UR_00060_":{"x":355.5,"y":318.5,"width":711,"height":637},"sxw4attack_UR_00063_":{"x":355.5,"y":318.5,"width":711,"height":637},"sxw4attack_UR_00066_":{"x":355.5,"y":318.5,"width":711,"height":637},"sxw4attack_UR_00069_":{"x":355.5,"y":318.5,"width":711,"height":637},"sxw4attack_UR_00070_":{"x":355.5,"y":318.5,"width":711,"height":637}}}},"animations":{"animation":{"slots":{"sxw4attack_DL_":{"attachment":[{"time":1.4,"name":"sxw4attack_DL_00042_"},{"time":1.5,"name":"sxw4attack_DL_00045_"},{"time":1.6,"name":"sxw4attack_DL_00048_"},{"time":1.7,"name":"sxw4attack_DL_00051_"},{"time":1.8,"name":"sxw4attack_DL_00054_"},{"time":1.9,"name":"sxw4attack_DL_00057_"},{"time":2,"name":"sxw4attack_DL_00060_"},{"time":2.1,"name":"sxw4attack_DL_00063_"},{"time":2.2,"name":"sxw4attack_DL_00066_"},{"time":2.3,"name":"sxw4attack_DL_00069_"},{"time":2.4,"name":"sxw4attack_DL_00070_"}]},"sxw4attack_DR_":{"attachment":[{"time":1.4,"name":"sxw4attack_DR_00042_"},{"time":1.5,"name":"sxw4attack_DR_00045_"},{"time":1.6,"name":"sxw4attack_DR_00048_"},{"time":1.7,"name":"sxw4attack_DR_00051_"},{"time":1.8,"name":"sxw4attack_DR_00054_"},{"time":1.9,"name":"sxw4attack_DR_00057_"},{"time":2,"name":"sxw4attack_DR_00060_"},{"time":2.1,"name":"sxw4attack_DR_00063_"},{"time":2.2,"name":"sxw4attack_DR_00066_"},{"time":2.3,"name":"sxw4attack_DR_00069_"},{"time":2.4,"name":"sxw4attack_DR_00070_"}]},"sxw4attack_UL_":{"attachment":[{"time":1.4,"name":"sxw4attack_UL_00042_"},{"time":1.5,"name":"sxw4attack_UL_00045_"},{"time":1.6,"name":"sxw4attack_UL_00048_"},{"time":1.7,"name":"sxw4attack_UL_00051_"},{"time":1.8,"name":"sxw4attack_UL_00054_"},{"time":1.9,"name":"sxw4attack_UL_00057_"},{"time":2,"name":"sxw4attack_UL_00060_"},{"time":2.1,"name":"sxw4attack_UL_00063_"},{"time":2.2,"name":"sxw4attack_UL_00066_"},{"time":2.3,"name":"sxw4attack_UL_00069_"},{"time":2.4,"name":"sxw4attack_UL_00070_"}]},"sxw4attack_UR_":{"attachment":[{"time":1.4,"name":"sxw4attack_UR_00042_"},{"time":1.5,"name":"sxw4attack_UR_00045_"},{"time":1.6,"name":"sxw4attack_UR_00048_"},{"time":1.7,"name":"sxw4attack_UR_00051_"},{"time":1.8,"name":"sxw4attack_UR_00054_"},{"time":1.9,"name":"sxw4attack_UR_00057_"},{"time":2,"name":"sxw4attack_UR_00060_"},{"time":2.1,"name":"sxw4attack_UR_00063_"},{"time":2.2,"name":"sxw4attack_UR_00066_"},{"time":2.3,"name":"sxw4attack_UR_00069_"},{"time":2.4,"name":"sxw4attack_UR_00070_"}]}},"bones":{"ctr":{"translate":[{"time":0,"x":-62,"y":64}]}}}}}